[31m [0m[32m [0m[36m [0m[36m [0m[34m [0m[33m [0m[31m [0m[31m [0m[34m [0m[35m [0m[34m [0m[34m [0m[33m [0m[34m [0m[34m [0m[33m [0m[31m [0m[31m [0m[35m [0m[31m [0m[31m [0m[34m [0m[34m [0m[33m [0m[32m [0m[32m [0m[31m [0m[34m [0m[31m [0m[35m [0m[31m [0m[36m [0m[36m [0m[36m [0m[35m [0m[36m [0m[31m [0m[36m [0m[34m [0m[33m [0m[32m [0m[35m [0m[33m [0m[34m [0m[35m [0m[36m [0m[32m [0m[33m [0m[31m [0m[31m [0m[31m [0m[36m [0m[36m [0m[36m [0m[32m [0m[35m [0m[36m [0m[33m [0m[32m [0m[33m [0m[32m [0m[31m [0m[34m [0m[36m [0m[31m [0m[35m [0m[36m [0m[32m [0m[36m [0m[32m [0m[34m [0m[36m [0m[32m [0m[31m [0m[32m [0m[34m [0m[31m [0m[32m [0m[35m [0m[36m [0m[36m [0m[35m [0m[31m [0m[31m [0m[36m [0m[32m [0m[34m [0m[34m [0m[35m [0m[31m [0m[36m [0m[33m [0m[34m [0m[32m [0m[34m [0m[36m [0m[35m [0m[34m [0m[35m [0m[32m [0m[32m [0m[31m [0m[32m [0m[31m [0m[36m [0m[36m [0m[33m [0m[33m [0m[33m [0m[32m [0m[36m [0m[31m [0m[33m [0m[31m [0m[33m [0m[32m [0m[32m [0m[33m [0m[35m [0m[32m [0m[35m [0m[33m [0m[34m [0m[36m [0m[34m [0m[34m [0m[33m [0m[33m [0m[34m [0m[35m [0m[36m [0m[33m [0m[32m [0m[31m [0m[36m [0m[32m [0m[36m [0m[34m [0m[35m [0m[31m [0m[34m [0m[35m [0m[33m [0m[36m [0m[35m [0m[36m [0m[35m [0m[36m [0m[31m [0m[31m [0m[32m [0m[34m [0m[32m [0m[36m [0m[34m [0m[36m [0m[33m [0m[35m [0m[33m [0m[36m [0m[32m [0m[34m [0m[34m [0m[35m [0m[36m [0m[33m [0m[36m [0m[33m [0m[32m [0m[31m [0m[34m [0m[35m
[0m[32m [0m[32m#[0m[34m#[0m[34m#[0m[33m#[0m[31m#[0m[31m#[0m[33m [0m[31m [0m[35m [0m[33m#[0m[36m#[0m[34m [0m[31m [0m[35m#[0m[32m#[0m[31m [0m[34m [0m[36m [0m[35m#[0m[33m#[0m[36m [0m[36m [0m[31m [0m[31m [0m[31m [0m[33m [0m[34m [0m[35m#[0m[35m#[0m[31m [0m[31m [0m[36m [0m[36m [0m[34m [0m[32m [0m[34m [0m[31m#[0m[36m#[0m[32m#[0m[32m#[0m[34m#[0m[32m#[0m[31m [0m[35m [0m[36m [0m[32m#[0m[36m#[0m[31m#[0m[32m#[0m[35m#[0m[32m#[0m[32m [0m[31m [0m[34m [0m[31m#[0m[33m#[0m[34m#[0m[36m#[0m[33m#[0m[35m [0m[33m [0m[34m [0m[34m [0m[36m [0m[36m#[0m[31m#[0m[33m#[0m[33m#[0m[35m [0m[36m [0m[36m [0m[36m [0m[35m [0m[32m [0m[34m [0m[32m [0m[36m [0m[31m [0m[34m [0m[35m [0m[31m [0m[35m#[0m[36m#[0m[33m#[0m[31m#[0m[35m#[0m[32m#[0m[32m [0m[36m [0m[34m [0m[32m [0m[34m#[0m[36m#[0m[36m#[0m[31m#[0m[33m [0m[31m [0m[35m [0m[36m [0m[36m#[0m[36m#[0m[31m#[0m[35m#[0m[36m#[0m[32m [0m[31m [0m[31m [0m[35m [0m[33m#[0m[31m#[0m[34m#[0m[31m#[0m[34m#[0m[36m#[0m[34m [0m[33m [0m[33m [0m[33m#[0m[31m#[0m[31m [0m[35m [0m[32m#[0m[32m#[0m[35m [0m[32m [0m[32m [0m[34m#[0m[34m#[0m[33m#[0m[32m#[0m[34m#[0m[35m#[0m[31m [0m[33m [0m[36m [0m[35m#[0m[32m#[0m[31m [0m[33m [0m[35m#[0m[34m#[0m[31m [0m[34m [0m[34m [0m[33m#[0m[34m#[0m[32m#[0m[32m#[0m[35m#[0m[31m [0m[32m [0m[33m [0m[35m [0m[32m#[0m[33m#[0m[35m#[0m[36m#[0m[36m#[0m[35m#[0m[31m [0m[34m [0m[35m [0m[32m#[0m[35m#[0m[34m#[0m[32m#[0m[36m#[0m[34m#[0m[32m [0m[34m [0m[32m
[0m[35m [0m[36m#[0m[33m#[0m[32m [0m[32m [0m[33m [0m[33m [0m[31m [0m[34m [0m[35m [0m[32m#[0m[35m#[0m[32m [0m[36m [0m[36m#[0m[31m#[0m[32m [0m[36m [0m[32m [0m[32m#[0m[33m#[0m[36m [0m[32m [0m[33m [0m[36m [0m[35m [0m[35m [0m[36m [0m[36m#[0m[36m#[0m[34m [0m[33m [0m[32m [0m[35m [0m[33m [0m[31m [0m[35m [0m[33m [0m[31m [0m[36m [0m[33m#[0m[33m#[0m[31m#[0m[31m [0m[34m [0m[35m [0m[32m#[0m[32m#[0m[33m [0m[33m [0m[33m [0m[36m [0m[36m [0m[36m [0m[36m [0m[33m#[0m[36m#[0m[36m [0m[35m [0m[35m#[0m[31m#[0m[34m [0m[34m [0m[33m [0m[32m#[0m[31m#[0m[31m [0m[33m [0m[32m#[0m[31m#[0m[33m [0m[35m [0m[34m [0m[32m [0m[36m [0m[31m [0m[32m [0m[31m [0m[36m [0m[35m [0m[35m [0m[36m [0m[31m#[0m[35m#[0m[34m [0m[31m [0m[34m [0m[31m [0m[36m [0m[36m [0m[34m [0m[33m#[0m[35m#[0m[34m [0m[36m [0m[35m#[0m[34m#[0m[35m [0m[33m [0m[32m [0m[32m#[0m[33m#[0m[34m [0m[36m [0m[36m#[0m[32m#[0m[36m [0m[35m [0m[36m [0m[31m [0m[32m [0m[31m#[0m[36m#[0m[36m [0m[32m [0m[32m [0m[36m [0m[32m [0m[34m#[0m[32m#[0m[32m [0m[33m [0m[33m#[0m[35m#[0m[33m [0m[36m [0m[32m [0m[31m [0m[36m [0m[36m#[0m[31m#[0m[31m [0m[35m [0m[35m [0m[35m [0m[31m [0m[31m#[0m[34m#[0m[34m [0m[32m [0m[32m#[0m[36m#[0m[32m [0m[31m [0m[34m [0m[33m#[0m[33m#[0m[33m [0m[33m [0m[33m#[0m[31m#[0m[36m [0m[36m [0m[34m [0m[33m#[0m[35m#[0m[32m [0m[35m [0m[33m [0m[31m [0m[32m [0m[32m [0m[31m [0m[36m#[0m[32m#[0m[33m [0m[36m [0m[32m [0m[34m [0m[31m [0m[35m [0m[36m
[0m[35m [0m[36m#[0m[36m#[0m[32m#[0m[33m#[0m[35m [0m[33m [0m[32m [0m[35m [0m[32m [0m[32m#[0m[32m#[0m[35m [0m[31m [0m[35m#[0m[32m#[0m[36m [0m[33m [0m[31m [0m[33m#[0m[31m#[0m[36m [0m[35m [0m[33m [0m[35m [0m[32m [0m[32m [0m[32m [0m[35m#[0m[35m#[0m[36m [0m[33m [0m[33m [0m[33m [0m[33m [0m[35m [0m[34m [0m[33m [0m[33m [0m[34m#[0m[36m#[0m[35m [0m[31m [0m[31m [0m[32m [0m[31m [0m[35m#[0m[35m#[0m[33m#[0m[32m#[0m[31m [0m[31m [0m[31m [0m[32m [0m[36m [0m[33m#[0m[33m#[0m[33m [0m[33m [0m[31m#[0m[32m#[0m[32m [0m[31m [0m[36m [0m[33m#[0m[35m#[0m[35m [0m[36m [0m[32m#[0m[34m#[0m[33m [0m[31m [0m[32m [0m[35m [0m[33m [0m[31m [0m[33m [0m[34m [0m[31m [0m[31m [0m[34m [0m[32m [0m[34m#[0m[31m#[0m[35m#[0m[33m#[0m[34m [0m[31m [0m[34m [0m[31m [0m[35m [0m[33m#[0m[34m#[0m[36m [0m[32m [0m[34m#[0m[36m#[0m[32m [0m[32m [0m[31m [0m[32m#[0m[33m#[0m[35m [0m[34m [0m[34m#[0m[34m#[0m[35m [0m[33m [0m[31m [0m[31m [0m[35m [0m[32m#[0m[35m#[0m[33m [0m[32m [0m[31m [0m[32m [0m[35m [0m[31m [0m[35m#[0m[31m#[0m[33m#[0m[35m#[0m[34m [0m[32m [0m[35m [0m[35m [0m[35m [0m[32m [0m[35m#[0m[32m#[0m[32m [0m[35m [0m[36m [0m[36m [0m[35m [0m[35m#[0m[32m#[0m[33m#[0m[32m#[0m[36m#[0m[34m#[0m[33m [0m[34m [0m[34m [0m[36m#[0m[31m#[0m[31m [0m[35m [0m[36m#[0m[34m#[0m[34m [0m[34m [0m[31m [0m[35m#[0m[32m#[0m[32m#[0m[31m#[0m[35m [0m[35m [0m[35m [0m[31m [0m[33m [0m[32m#[0m[36m#[0m[32m#[0m[35m#[0m[32m [0m[36m [0m[31m [0m[33m [0m[33m
[0m[35m [0m[36m#[0m[34m#[0m[31m [0m[32m [0m[36m [0m[32m [0m[33m [0m[33m [0m[34m [0m[36m#[0m[31m#[0m[36m [0m[32m [0m[35m#[0m[33m#[0m[35m [0m[31m [0m[34m [0m[35m#[0m[35m#[0m[35m [0m[33m [0m[33m [0m[33m [0m[31m [0m[31m [0m[33m [0m[34m#[0m[34m#[0m[36m [0m[34m [0m[34m [0m[36m [0m[32m [0m[33m [0m[31m [0m[33m [0m[35m#[0m[36m#[0m[35m [0m[31m [0m[31m [0m[34m [0m[35m [0m[35m [0m[35m#[0m[32m#[0m[35m [0m[31m [0m[35m [0m[33m [0m[31m [0m[33m [0m[34m [0m[35m#[0m[32m#[0m[32m#[0m[36m#[0m[36m#[0m[32m [0m[35m [0m[32m [0m[34m [0m[31m#[0m[32m#[0m[32m [0m[35m [0m[35m#[0m[34m#[0m[33m [0m[35m [0m[34m [0m[32m [0m[31m [0m[33m [0m[31m [0m[36m [0m[31m [0m[35m [0m[36m [0m[31m [0m[36m#[0m[34m#[0m[34m [0m[31m [0m[32m [0m[32m [0m[31m [0m[34m [0m[33m [0m[36m#[0m[36m#[0m[34m [0m[31m [0m[33m#[0m[31m#[0m[33m [0m[36m [0m[35m [0m[35m#[0m[31m#[0m[32m#[0m[32m#[0m[33m#[0m[35m [0m[34m [0m[35m [0m[35m [0m[31m [0m[35m [0m[34m#[0m[33m#[0m[33m [0m[31m [0m[35m [0m[31m [0m[31m [0m[36m [0m[35m [0m[32m#[0m[32m#[0m[33m [0m[36m [0m[35m [0m[36m [0m[32m [0m[36m [0m[33m [0m[33m#[0m[31m#[0m[32m [0m[32m [0m[35m [0m[33m [0m[31m [0m[31m#[0m[34m#[0m[31m [0m[35m [0m[32m#[0m[35m#[0m[31m [0m[31m [0m[36m [0m[35m#[0m[33m#[0m[32m#[0m[34m#[0m[36m#[0m[32m [0m[36m [0m[31m [0m[36m [0m[33m#[0m[34m#[0m[35m [0m[32m [0m[33m [0m[36m [0m[31m [0m[36m [0m[32m [0m[36m#[0m[34m#[0m[35m [0m[33m [0m[34m [0m[32m [0m[36m [0m[34m [0m[32m
[0m[35m [0m[34m#[0m[35m#[0m[31m [0m[36m [0m[34m [0m[36m [0m[32m [0m[31m [0m[32m [0m[33m#[0m[34m#[0m[31m [0m[32m [0m[36m#[0m[31m#[0m[33m [0m[35m [0m[31m [0m[35m#[0m[36m#[0m[32m [0m[33m [0m[35m [0m[33m [0m[31m [0m[35m [0m[34m [0m[33m#[0m[35m#[0m[34m [0m[31m [0m[31m [0m[33m [0m[32m [0m[36m [0m[34m [0m[35m#[0m[34m#[0m[35m#[0m[31m [0m[33m [0m[35m [0m[31m [0m[31m [0m[34m [0m[35m#[0m[32m#[0m[34m [0m[34m [0m[31m [0m[36m [0m[33m [0m[36m [0m[36m [0m[35m#[0m[32m#[0m[32m [0m[32m#[0m[32m#[0m[36m [0m[34m [0m[31m [0m[31m [0m[33m#[0m[31m#[0m[33m [0m[32m [0m[33m#[0m[31m#[0m[34m [0m[31m [0m[34m [0m[33m [0m[32m [0m[31m [0m[31m [0m[36m [0m[35m [0m[34m [0m[32m [0m[32m [0m[32m#[0m[32m#[0m[32m [0m[35m [0m[33m [0m[32m [0m[33m [0m[35m [0m[35m [0m[31m#[0m[31m#[0m[32m [0m[31m [0m[34m#[0m[32m#[0m[36m [0m[35m [0m[34m [0m[32m#[0m[33m#[0m[31m [0m[35m#[0m[36m#[0m[34m [0m[31m [0m[35m [0m[31m [0m[32m [0m[33m [0m[34m#[0m[34m#[0m[31m [0m[36m [0m[31m [0m[32m [0m[32m [0m[36m [0m[31m [0m[33m#[0m[36m#[0m[36m [0m[35m [0m[36m [0m[34m [0m[35m [0m[35m [0m[35m [0m[32m#[0m[33m#[0m[34m [0m[36m [0m[35m [0m[34m [0m[31m [0m[31m#[0m[36m#[0m[31m [0m[32m [0m[31m#[0m[36m#[0m[32m [0m[35m [0m[36m [0m[34m#[0m[35m#[0m[31m [0m[31m#[0m[35m#[0m[31m [0m[36m [0m[35m [0m[31m [0m[35m#[0m[35m#[0m[36m [0m[32m [0m[33m [0m[36m [0m[31m [0m[31m [0m[35m [0m[32m#[0m[35m#[0m[36m [0m[36m [0m[32m [0m[33m [0m[32m [0m[32m [0m[36m
[0m[34m [0m[35m#[0m[31m#[0m[36m [0m[32m [0m[35m [0m[33m [0m[35m [0m[36m [0m[31m [0m[35m [0m[34m#[0m[36m#[0m[33m#[0m[36m#[0m[35m [0m[34m [0m[35m [0m[36m [0m[32m#[0m[33m#[0m[36m#[0m[32m#[0m[33m#[0m[32m#[0m[34m [0m[32m [0m[36m [0m[32m#[0m[32m#[0m[35m#[0m[32m#[0m[36m#[0m[35m#[0m[35m [0m[33m [0m[35m [0m[35m#[0m[35m#[0m[35m#[0m[31m#[0m[33m#[0m[34m#[0m[33m [0m[32m [0m[35m [0m[31m#[0m[34m#[0m[36m#[0m[36m#[0m[35m#[0m[33m#[0m[34m [0m[32m [0m[33m [0m[35m#[0m[35m#[0m[36m [0m[31m [0m[35m#[0m[35m#[0m[35m [0m[31m [0m[35m [0m[34m [0m[32m#[0m[35m#[0m[34m#[0m[33m#[0m[33m [0m[32m [0m[31m [0m[35m#[0m[31m#[0m[35m#[0m[32m#[0m[31m#[0m[34m#[0m[35m#[0m[33m#[0m[35m [0m[35m [0m[35m#[0m[32m#[0m[36m [0m[36m [0m[31m [0m[35m [0m[33m [0m[36m [0m[34m [0m[31m [0m[32m#[0m[35m#[0m[33m#[0m[34m#[0m[36m [0m[35m [0m[32m [0m[35m [0m[31m#[0m[32m#[0m[32m [0m[33m [0m[35m#[0m[35m#[0m[31m [0m[31m [0m[31m [0m[35m [0m[32m [0m[34m#[0m[31m#[0m[33m [0m[35m [0m[33m [0m[34m [0m[32m [0m[32m [0m[33m [0m[33m#[0m[31m#[0m[33m [0m[35m [0m[35m [0m[31m [0m[36m [0m[32m [0m[36m [0m[33m#[0m[33m#[0m[35m [0m[32m [0m[31m [0m[34m [0m[31m [0m[34m#[0m[34m#[0m[32m [0m[34m [0m[33m#[0m[31m#[0m[36m [0m[36m [0m[32m [0m[32m#[0m[34m#[0m[33m [0m[31m [0m[36m#[0m[33m#[0m[31m [0m[36m [0m[35m [0m[32m#[0m[32m#[0m[32m#[0m[33m#[0m[33m#[0m[33m#[0m[32m [0m[32m [0m[36m [0m[31m#[0m[32m#[0m[35m#[0m[35m#[0m[33m#[0m[32m#[0m[32m [0m[35m [0m[32m
[0m[34m [0m[35m [0m[36m [0m[35m [0m[34m [0m[36m [0m[32m [0m[31m [0m[36m [0m[36m [0m[31m [0m[31m [0m[36m [0m[31m [0m[31m [0m[35m [0m[33m [0m[34m [0m[36m [0m[32m [0m[32m [0m[36m [0m[33m [0m[34m [0m[33m [0m[35m [0m[34m [0m[35m [0m[31m [0m[35m [0m[33m [0m[31m [0m[33m [0m[33m [0m[34m [0m[36m [0m[36m [0m[33m [0m[33m [0m[31m [0m[36m [0m[36m [0m[35m [0m[36m [0m[33m [0m[34m [0m[34m [0m[34m [0m[34m [0m[31m [0m[34m [0m[36m [0m[31m [0m[34m [0m[32m [0m[31m [0m[32m [0m[36m [0m[36m [0m[34m [0m[36m [0m[34m [0m[31m [0m[33m [0m[33m [0m[31m [0m[32m [0m[36m [0m[35m [0m[34m [0m[33m [0m[36m [0m[31m [0m[31m [0m[33m [0m[35m [0m[35m [0m[33m [0m[32m [0m[35m [0m[31m [0m[32m [0m[34m [0m[31m [0m[32m [0m[35m [0m[35m [0m[34m [0m[36m [0m[33m [0m[36m [0m[33m [0m[31m [0m[33m [0m[32m [0m[32m [0m[33m [0m[32m [0m[34m [0m[34m [0m[35m [0m[36m [0m[36m [0m[34m [0m[36m [0m[33m [0m[32m [0m[33m [0m[35m [0m[35m [0m[34m [0m[33m [0m[32m [0m[32m [0m[35m [0m[34m [0m[36m [0m[34m [0m[33m [0m[32m [0m[31m [0m[36m [0m[36m [0m[32m [0m[33m [0m[35m [0m[31m [0m[33m [0m[35m [0m[34m [0m[36m [0m[35m [0m[36m [0m[31m [0m[34m [0m[33m [0m[36m [0m[35m [0m[33m [0m[31m [0m[35m [0m[36m [0m[33m [0m[33m [0m[34m [0m[32m [0m[36m [0m[36m [0m[35m [0m[32m [0m[31m [0m[34m [0m[35m [0m[31m [0m[34m [0m[36m [0m[36m [0m[35m [0m[36m [0m[34m [0m[33m [0m[32m [0m[34m [0m[31m [0m[31m [0m[31m [0m[32m [0m[33m [0m[31m [0m[32m [0m[34m [0m[32m
[0m[34m[0m[36mv[0m[35mi[0m[33me[0m[32mw[0m[35ms[0m[34m-[0m[34mp[0m[34mi[0m[35mp[0m[31me[0m[31ml[0m[32mi[0m[36mn[0m[36me[0m[33m-[0m[33mc[0m[33mo[0m[35mr[0m[36me[0m[33m [0m[33mv[0m[36m3[0m[34m.[0m[36m1[0m[36m.[0m[32m2[0m[33m[0m[36m
[0m
2026-09-06 19:03:19,217 /home/simon/Documents/scripts/views_platform/views-hydranet/views_hydranet/manager/hydranet_manager.py [hydranet_manager.py:175] [292257] [MainThread] - INFO - 🕒 HydranetManager: Initialized run with timestamp 060926_1903
2026-09-06 19:03:19,217 /home/simon/Documents/scripts/views_platform/views-pipeline-core/views_pipeline_core/modules/validation/core_config_sniffer.py [core_config_sniffer.py:481] [292257] [MainThread] - WARNING - Model 'fullzero_fortythree' uses the legacy deployment_status='shadow'. This is accepted during the ADR-057 transition window and reads as maturity='candidate'. Rename config_deployment.py to config_maturity.py and replace the key. The window closes when views-models reports no configs on the legacy vocabulary; after that this becomes an error.
2026-09-06 19:03:19,217 /home/simon/Documents/scripts/views_platform/views-pipeline-core/views_pipeline_core/modules/validation/core_config_sniffer.py [core_config_sniffer.py:680] [292257] [MainThread] - INFO - CoreConfigSniffer: Evaluation contract verified — 13 rolling-origin sequence(s), stride=1.
2026-09-06 19:03:19,218 /home/simon/Documents/scripts/views_platform/views-pipeline-core/views_pipeline_core/modules/validation/core_config_sniffer.py [core_config_sniffer.py:684] [292257] [MainThread] - INFO -   Seq   0: origin 456, months 457..492
2026-09-06 19:03:19,218 /home/simon/Documents/scripts/views_platform/views-pipeline-core/views_pipeline_core/modules/validation/core_config_sniffer.py [core_config_sniffer.py:690] [292257] [MainThread] - INFO -   Seq  12: origin 468, months 469..504
2026-09-06 19:03:19,218 /home/simon/Documents/scripts/views_platform/views-pipeline-core/views_pipeline_core/modules/validation/core_config_sniffer.py [core_config_sniffer.py:251] [292257] [MainThread] - INFO - CoreConfigSniffer: Config audited (run_type='calibration').
2026-09-06 19:03:22,098 /home/simon/Documents/scripts/views_platform/views-pipeline-core/views_pipeline_core/modules/dataloaders/dataloaders.py [dataloaders.py:1071] [292257] [MainThread] - INFO - Reading saved data from /home/simon/Documents/scripts/views_platform/views-models/models/fullzero_fortythree/data/raw/calibration_datafactory_df.parquet
2026-09-06 19:03:22,162 /home/simon/Documents/scripts/views_platform/views-pipeline-core/views_pipeline_core/modules/validation/core_data_sniffer.py [core_data_sniffer.py:130] [292257] [MainThread] - INFO - CoreDataSniffer: Loaded data audited (partition='calibration', level='pgm').
2026-09-06 19:03:22,162 /home/simon/Documents/scripts/views_platform/views-pipeline-core/views_pipeline_core/modules/wandb/wandb.py [wandb.py:254] [292257] [MainThread] - INFO - WandB alert sent: Queryset Fetch Complete (calibration)
2026-09-06 19:03:26,103 /home/simon/Documents/scripts/views_platform/views-pipeline-core/views_pipeline_core/managers/model/model.py [model.py:1414] [292257] [MainThread] - INFO - Evaluating model fullzero_fortythree...
2026-09-06 19:03:26,103 /home/simon/Documents/scripts/views_platform/views-pipeline-core/views_pipeline_core/managers/model/model.py [model.py:1424] [292257] [MainThread] - INFO - Declared temporal window: base_origin=456, step 1 → month 457, step 36 → month 492 (36 steps total). Model inference starting.
2026-09-06 19:03:26,103 /home/simon/Documents/scripts/views_platform/views-pipeline-core/views_pipeline_core/data/model_path.py [model_path.py:795] [292257] [MainThread] - INFO - Artifact used (named): /home/simon/Documents/scripts/views_platform/views-models/models/fullzero_fortythree/artifacts/calibration_model_20260821_045948.pt
2026-09-06 19:03:26,103 /home/simon/Documents/scripts/views_platform/views-pipeline-core/views_pipeline_core/data/model_path.py [model_path.py:766] [292257] [MainThread] - INFO - Artifact used: /home/simon/Documents/scripts/views_platform/views-models/models/fullzero_fortythree/artifacts/calibration_model_20260821_045948.pt
2026-09-06 19:03:26,103 /home/simon/Documents/scripts/views_platform/views-hydranet/views_hydranet/utils/model_artifact_fetcher.py [model_artifact_fetcher.py:61] [292257] [MainThread] - INFO - Retriever: Using specific model artifact: calibration_model_20260821_045948.pt
2026-09-06 19:03:26,105 /home/simon/Documents/scripts/views_platform/views-hydranet/views_hydranet/utils/model_artifact_fetcher.py [model_artifact_fetcher.py:98] [292257] [MainThread] - INFO - Retriever: SHA-256 verified for calibration_model_20260821_045948.pt
2026-09-06 19:03:26,215 /home/simon/Documents/scripts/views_platform/views-hydranet/views_hydranet/utils/model_artifact_fetcher.py [model_artifact_fetcher.py:120] [292257] [MainThread] - INFO - Retriever: Loaded state_dict artifact (weights_only=True)

👾====================================================================================================
  DEVICE REPORT — STANDARD
  --------------------------------------------------------------------------------------------------
  Device:    cuda  (GPU)
  GPU Name:  NVIDIA GeForce RTX 4070 Laptop GPU
  VRAM:      7,942 MiB
  GPU Count: 1
👾====================================================================================================

2026-09-06 19:03:26,281 /home/simon/Documents/scripts/views_platform/views-hydranet/views_hydranet/utils/config_initializer.py [config_initializer.py:500] [292257] [MainThread] - WARNING - 
╔══════════════════════════════════════════════════════════════╗
║  HydraNetConfig WARNING: aggregate_method is IGNORED         ║
║                                                              ║
║  evaluation_mode='stochastic' preserves the full posterior.  ║
║  The aggregate_method='arithmetic_mean' setting has NO effect.       ║
║                                                              ║
║  To activate aggregation, set evaluation_mode='point'.       ║
╚══════════════════════════════════════════════════════════════╝
2026-09-06 19:03:26,282 /home/simon/Documents/scripts/views_platform/views-hydranet/views_hydranet/infrastructure/reproducibility_gate.py [reproducibility_gate.py:82] [292257] [MainThread] - INFO - Entropy locked: numpy/random seed=43, torch seed=43, deterministic_algorithms=True
2026-09-06 19:03:26,282 /home/simon/Documents/scripts/views_platform/views-hydranet/views_hydranet/utils/disk_guard.py [disk_guard.py:52] [292257] [MainThread] - INFO - disk-headroom check: 114.7 GB free at '.' (budget 10.0 GB)
2026-09-06 19:03:26,282 /home/simon/Documents/scripts/views_platform/views-hydranet/views_hydranet/manager/hydranet_manager.py [hydranet_manager.py:190] [292257] [MainThread] - INFO - 🛡️  Running Pre-Flight Validation...
2026-09-06 19:03:26,282 /home/simon/Documents/scripts/views_platform/views-hydranet/views_hydranet/manager/hydranet_manager.py [hydranet_manager.py:205] [292257] [MainThread] - INFO - ✅ Architecture: Head Count Aligned (3+3)
2026-09-06 19:03:26,282 /home/simon/Documents/scripts/views_platform/views-hydranet/views_hydranet/utils/data_fetcher.py [data_fetcher.py:58] [292257] [MainThread] - INFO - DataFetcher: Loading calibration from /home/simon/Documents/scripts/views_platform/views-models/models/fullzero_fortythree/data/raw/calibration_datafactory_df.parquet

👾====================================================================================================
  DATA LOAD COMPLETE: CALIBRATION
  --------------------------------------------------------------------------------------------------
  Source Path: /home/simon/Documents/scripts/views_platform/views-models/models/fullzero_fortythree/data/raw/calibration_datafactory_df.parquet
  Rows Loaded: 5,034,240
  Columns:     ['lr_sb_best', 'lr_ns_best', 'lr_os_best', 'c_id', 'row', 'col']
👾====================================================================================================

2026-09-06 19:03:26,810 /home/simon/Documents/scripts/views_platform/views-hydranet/views_hydranet/utils/data_sniffer.py [data_sniffer.py:51] [292257] [MainThread] - INFO - DataSniffer: Starting Ingestion Suite (Raw Space)
2026-09-06 19:03:27,062 /home/simon/Documents/scripts/views_platform/views-hydranet/views_hydranet/utils/data_sniffer.py [data_sniffer.py:59] [292257] [MainThread] - INFO - DataSniffer: Ingestion Suite Passed.
2026-09-06 19:03:27,243 /home/simon/Documents/scripts/views_platform/views-hydranet/views_hydranet/utils/feature_scaler.py [feature_scaler.py:99] [292257] [MainThread] - INFO - 💫 FeatureScaler: Entering Semantic Space (3 features to transform)
2026-09-06 19:03:27,243 /home/simon/Documents/scripts/views_platform/views-hydranet/views_hydranet/utils/feature_scaler.py [feature_scaler.py:108] [292257] [MainThread] - INFO -   → Applying [log1p] to 3 features
2026-09-06 19:03:27,462 /home/simon/Documents/scripts/views_platform/views-hydranet/views_hydranet/utils/feature_scaler.py [feature_scaler.py:153] [292257] [MainThread] - INFO - 

➡️==============================================================================
  FEATURE SCALER: SEMANTIC SPACE REPORT
  ----------------------------------------------------------------------------
  [  log1p   ] lr_sb_best.................... min:     0.0000 | max:    11.6386
  [  log1p   ] lr_ns_best.................... min:     0.0000 | max:     7.6014
  [  log1p   ] lr_os_best.................... min:     0.0000 | max:    12.0921
➡️==============================================================================

2026-09-06 19:03:29,050 /home/simon/Documents/scripts/views_platform/views-hydranet/views_hydranet/utils/data_sniffer.py [data_sniffer.py:68] [292257] [MainThread] - INFO - DataSniffer: Starting History Alignment Suite
2026-09-06 19:03:29,114 /home/simon/Documents/scripts/views_platform/views-hydranet/views_hydranet/utils/data_sniffer.py [data_sniffer.py:158] [292257] [MainThread] - INFO - DataSniffer: Temporal and Geographic Alignment Passed.
2026-09-06 19:03:29,205 /home/simon/Documents/scripts/views_platform/views-hydranet/reports/2026-08-16_feedback_realism_dossier/tools/realism_arm_entry.py [realism_arm_entry.py:80] [292257] [MainThread] - INFO - 🧪 RealismArmManager: feedback arm = 'hold_last_real' (None = production, the model's own field)
2026-09-06 19:03:29,205 /home/simon/Documents/scripts/views_platform/views-hydranet/views_hydranet/utils/inference_orchestrator.py [inference_orchestrator.py:264] [292257] [MainThread] - INFO - 💠 InferenceOrchestrator: Initiating BACKTEST streaming pass (13 origins) [pandas-free PredictionFrame path].
2026-09-06 19:03:29,205 /home/simon/Documents/scripts/views_platform/views-hydranet/views_hydranet/utils/hydranet_inference.py [hydranet_inference.py:198] [292257] [MainThread] - INFO - Using device: cuda
2026-09-06 19:03:29,207 /home/simon/Documents/scripts/views_platform/views-hydranet/views_hydranet/utils/hydranet_inference.py [hydranet_inference.py:433] [292257] [MainThread] - INFO - HydraNetInference initialized successfully.
2026-09-06 19:03:29,610 /home/simon/Documents/scripts/views_platform/views-hydranet/views_hydranet/utils/disk_guard.py [disk_guard.py:109] [292257] [MainThread] - INFO - cube-fit check: 0.42 GB needed vs 14.30 GB available RAM (headroom 0.85)
2026-09-06 19:04:29,394 /home/simon/Documents/scripts/views_platform/views-hydranet/views_hydranet/utils/feature_scaler.py [feature_scaler.py:210] [292257] [MainThread] - INFO - 🔙 FeatureScaler: Inverting Volume (36, 180, 180, 11, 16) to Raw Space
2026-09-06 19:04:31,388 /home/simon/Documents/scripts/views_platform/views-hydranet/views_hydranet/utils/disk_guard.py [disk_guard.py:109] [292257] [MainThread] - INFO - cube-fit check: 0.42 GB needed vs 13.81 GB available RAM (headroom 0.85)
2026-09-06 19:05:30,584 /home/simon/Documents/scripts/views_platform/views-hydranet/views_hydranet/utils/feature_scaler.py [feature_scaler.py:210] [292257] [MainThread] - INFO - 🔙 FeatureScaler: Inverting Volume (36, 180, 180, 11, 16) to Raw Space
2026-09-06 19:05:32,535 /home/simon/Documents/scripts/views_platform/views-hydranet/views_hydranet/utils/disk_guard.py [disk_guard.py:109] [292257] [MainThread] - INFO - cube-fit check: 0.42 GB needed vs 13.38 GB available RAM (headroom 0.85)
2026-09-06 19:06:31,835 /home/simon/Documents/scripts/views_platform/views-hydranet/views_hydranet/utils/feature_scaler.py [feature_scaler.py:210] [292257] [MainThread] - INFO - 🔙 FeatureScaler: Inverting Volume (36, 180, 180, 11, 16) to Raw Space
2026-09-06 19:06:33,819 /home/simon/Documents/scripts/views_platform/views-hydranet/views_hydranet/utils/disk_guard.py [disk_guard.py:109] [292257] [MainThread] - INFO - cube-fit check: 0.42 GB needed vs 13.03 GB available RAM (headroom 0.85)
2026-09-06 19:07:32,585 /home/simon/Documents/scripts/views_platform/views-hydranet/views_hydranet/utils/feature_scaler.py [feature_scaler.py:210] [292257] [MainThread] - INFO - 🔙 FeatureScaler: Inverting Volume (36, 180, 180, 11, 16) to Raw Space
2026-09-06 19:07:34,594 /home/simon/Documents/scripts/views_platform/views-hydranet/views_hydranet/utils/disk_guard.py [disk_guard.py:109] [292257] [MainThread] - INFO - cube-fit check: 0.42 GB needed vs 12.59 GB available RAM (headroom 0.85)
2026-09-06 19:08:32,631 /home/simon/Documents/scripts/views_platform/views-hydranet/views_hydranet/utils/feature_scaler.py [feature_scaler.py:210] [292257] [MainThread] - INFO - 🔙 FeatureScaler: Inverting Volume (36, 180, 180, 11, 16) to Raw Space
2026-09-06 19:08:34,658 /home/simon/Documents/scripts/views_platform/views-hydranet/views_hydranet/utils/disk_guard.py [disk_guard.py:109] [292257] [MainThread] - INFO - cube-fit check: 0.42 GB needed vs 11.91 GB available RAM (headroom 0.85)
2026-09-06 19:09:33,389 /home/simon/Documents/scripts/views_platform/views-hydranet/views_hydranet/utils/feature_scaler.py [feature_scaler.py:210] [292257] [MainThread] - INFO - 🔙 FeatureScaler: Inverting Volume (36, 180, 180, 11, 16) to Raw Space
2026-09-06 19:09:35,332 /home/simon/Documents/scripts/views_platform/views-hydranet/views_hydranet/utils/disk_guard.py [disk_guard.py:109] [292257] [MainThread] - INFO - cube-fit check: 0.42 GB needed vs 11.86 GB available RAM (headroom 0.85)
2026-09-06 19:10:29,853 /home/simon/Documents/scripts/views_platform/views-hydranet/views_hydranet/utils/feature_scaler.py [feature_scaler.py:210] [292257] [MainThread] - INFO - 🔙 FeatureScaler: Inverting Volume (36, 180, 180, 11, 16) to Raw Space
2026-09-06 19:10:31,780 /home/simon/Documents/scripts/views_platform/views-hydranet/views_hydranet/utils/disk_guard.py [disk_guard.py:109] [292257] [MainThread] - INFO - cube-fit check: 0.42 GB needed vs 11.62 GB available RAM (headroom 0.85)
2026-09-06 19:11:30,865 /home/simon/Documents/scripts/views_platform/views-hydranet/views_hydranet/utils/feature_scaler.py [feature_scaler.py:210] [292257] [MainThread] - INFO - 🔙 FeatureScaler: Inverting Volume (36, 180, 180, 11, 16) to Raw Space
2026-09-06 19:11:32,831 /home/simon/Documents/scripts/views_platform/views-hydranet/views_hydranet/utils/disk_guard.py [disk_guard.py:109] [292257] [MainThread] - INFO - cube-fit check: 0.42 GB needed vs 11.23 GB available RAM (headroom 0.85)
2026-09-06 19:12:30,918 /home/simon/Documents/scripts/views_platform/views-hydranet/views_hydranet/utils/feature_scaler.py [feature_scaler.py:210] [292257] [MainThread] - INFO - 🔙 FeatureScaler: Inverting Volume (36, 180, 180, 11, 16) to Raw Space
2026-09-06 19:12:32,910 /home/simon/Documents/scripts/views_platform/views-hydranet/views_hydranet/utils/disk_guard.py [disk_guard.py:109] [292257] [MainThread] - INFO - cube-fit check: 0.42 GB needed vs 10.71 GB available RAM (headroom 0.85)
2026-09-06 19:13:27,050 /home/simon/Documents/scripts/views_platform/views-hydranet/views_hydranet/utils/feature_scaler.py [feature_scaler.py:210] [292257] [MainThread] - INFO - 🔙 FeatureScaler: Inverting Volume (36, 180, 180, 11, 16) to Raw Space
2026-09-06 19:13:29,016 /home/simon/Documents/scripts/views_platform/views-hydranet/views_hydranet/utils/disk_guard.py [disk_guard.py:109] [292257] [MainThread] - INFO - cube-fit check: 0.42 GB needed vs 10.46 GB available RAM (headroom 0.85)
2026-09-06 19:14:24,784 /home/simon/Documents/scripts/views_platform/views-hydranet/views_hydranet/utils/feature_scaler.py [feature_scaler.py:210] [292257] [MainThread] - INFO - 🔙 FeatureScaler: Inverting Volume (36, 180, 180, 11, 16) to Raw Space
2026-09-06 19:14:26,691 /home/simon/Documents/scripts/views_platform/views-hydranet/views_hydranet/utils/disk_guard.py [disk_guard.py:109] [292257] [MainThread] - INFO - cube-fit check: 0.42 GB needed vs 9.91 GB available RAM (headroom 0.85)
2026-09-06 19:15:24,592 /home/simon/Documents/scripts/views_platform/views-hydranet/views_hydranet/utils/feature_scaler.py [feature_scaler.py:210] [292257] [MainThread] - INFO - 🔙 FeatureScaler: Inverting Volume (36, 180, 180, 11, 16) to Raw Space
2026-09-06 19:15:27,157 /home/simon/Documents/scripts/views_platform/views-hydranet/views_hydranet/utils/disk_guard.py [disk_guard.py:109] [292257] [MainThread] - INFO - cube-fit check: 0.42 GB needed vs 9.44 GB available RAM (headroom 0.85)
2026-09-06 19:16:32,884 /home/simon/Documents/scripts/views_platform/views-hydranet/views_hydranet/utils/feature_scaler.py [feature_scaler.py:210] [292257] [MainThread] - INFO - 🔙 FeatureScaler: Inverting Volume (36, 180, 180, 11, 16) to Raw Space
2026-09-06 19:16:34,661 /home/simon/Documents/scripts/views_platform/views-hydranet/views_hydranet/utils/inference_orchestrator.py [inference_orchestrator.py:316] [292257] [MainThread] - INFO - ✅ InferenceOrchestrator: Streamed 13 origin(s) [pandas-free PredictionFrame streaming path].
2026-09-06 19:16:34,661 /home/simon/Documents/scripts/views_platform/views-pipeline-core/views_pipeline_core/modules/wandb/wandb.py [wandb.py:254] [292257] [MainThread] - INFO - WandB alert sent: Evaluation Predictions Saved
2026-09-06 19:16:34,662 /home/simon/Documents/scripts/views_platform/views-pipeline-core/views_pipeline_core/files/utils.py [utils.py:147] [292257] [MainThread] - INFO - Log file created at /home/simon/Documents/scripts/views_platform/views-models/models/fullzero_fortythree/data/generated/calibration_log.txt
2026-09-06 19:16:35,450 /home/simon/Documents/scripts/views_platform/views-pipeline-core/views_pipeline_core/managers/evaluation/stage.py [stage.py:289] [292257] [MainThread] - INFO - Raw data read from /home/simon/Documents/scripts/views_platform/views-models/models/fullzero_fortythree/data/raw/calibration_datafactory_df.parquet
2026-09-06 19:16:35,450 /home/simon/Documents/scripts/views_platform/views-hydranet/views_hydranet/manager/hydranet_manager.py [hydranet_manager.py:183] [292257] [MainThread] - INFO - 🛠️ HydranetManager: Manufacturing derived signals for evaluation.
2026-09-06 19:16:35,960 /home/simon/Documents/scripts/views_platform/views-pipeline-core/views_pipeline_core/managers/evaluation/stage.py [stage.py:128] [292257] [MainThread] - INFO - Processing regression tasks for evaluation...
2026-09-06 19:16:35,960 /home/simon/Documents/scripts/views_platform/views-pipeline-core/views_pipeline_core/managers/evaluation/stage.py [stage.py:131] [292257] [MainThread] - INFO - Calculating regression evaluation metrics for lr_sb_best
2026-09-06 19:16:47,560 /home/simon/Documents/scripts/views_platform/views-pipeline-core/views_pipeline_core/managers/evaluation/stage.py [stage.py:446] [292257] [MainThread] - INFO - Persisted MetricFrame (evaluation-of-record) for 'lr_sb_best' -> /home/simon/Documents/scripts/views_platform/views-models/models/fullzero_fortythree/data/generated/fullzero_fortythree/calibration/metricframe_lr_sb_best
2026-09-06 19:16:48,812 /home/simon/Documents/scripts/views_platform/views-pipeline-core/views_pipeline_core/modules/wandb/wandb.py [wandb.py:254] [292257] [MainThread] - INFO - WandB alert sent: Model Outputs Saved
2026-09-06 19:16:48,812 /home/simon/Documents/scripts/views_platform/views-pipeline-core/views_pipeline_core/managers/evaluation/stage.py [stage.py:131] [292257] [MainThread] - INFO - Calculating regression evaluation metrics for lr_ns_best
2026-09-06 19:16:59,609 /home/simon/Documents/scripts/views_platform/views-pipeline-core/views_pipeline_core/managers/evaluation/stage.py [stage.py:446] [292257] [MainThread] - INFO - Persisted MetricFrame (evaluation-of-record) for 'lr_ns_best' -> /home/simon/Documents/scripts/views_platform/views-models/models/fullzero_fortythree/data/generated/fullzero_fortythree/calibration/metricframe_lr_ns_best
2026-09-06 19:17:00,358 /home/simon/Documents/scripts/views_platform/views-pipeline-core/views_pipeline_core/modules/wandb/wandb.py [wandb.py:254] [292257] [MainThread] - INFO - WandB alert sent: Model Outputs Saved
2026-09-06 19:17:00,358 /home/simon/Documents/scripts/views_platform/views-pipeline-core/views_pipeline_core/managers/evaluation/stage.py [stage.py:131] [292257] [MainThread] - INFO - Calculating regression evaluation metrics for lr_os_best
2026-09-06 19:17:11,214 /home/simon/Documents/scripts/views_platform/views-pipeline-core/views_pipeline_core/managers/evaluation/stage.py [stage.py:446] [292257] [MainThread] - INFO - Persisted MetricFrame (evaluation-of-record) for 'lr_os_best' -> /home/simon/Documents/scripts/views_platform/views-models/models/fullzero_fortythree/data/generated/fullzero_fortythree/calibration/metricframe_lr_os_best
2026-09-06 19:17:12,066 /home/simon/Documents/scripts/views_platform/views-pipeline-core/views_pipeline_core/modules/wandb/wandb.py [wandb.py:254] [292257] [MainThread] - INFO - WandB alert sent: Model Outputs Saved
2026-09-06 19:17:12,066 /home/simon/Documents/scripts/views_platform/views-pipeline-core/views_pipeline_core/managers/evaluation/stage.py [stage.py:128] [292257] [MainThread] - INFO - Processing classification tasks for evaluation...
2026-09-06 19:17:12,066 /home/simon/Documents/scripts/views_platform/views-pipeline-core/views_pipeline_core/managers/evaluation/stage.py [stage.py:131] [292257] [MainThread] - INFO - Calculating classification evaluation metrics for by_sb_best
2026-09-06 19:17:18,344 /home/simon/Documents/scripts/views_platform/views-pipeline-core/views_pipeline_core/managers/evaluation/stage.py [stage.py:446] [292257] [MainThread] - INFO - Persisted MetricFrame (evaluation-of-record) for 'by_sb_best' -> /home/simon/Documents/scripts/views_platform/views-models/models/fullzero_fortythree/data/generated/fullzero_fortythree/calibration/metricframe_by_sb_best
2026-09-06 19:17:19,130 /home/simon/Documents/scripts/views_platform/views-pipeline-core/views_pipeline_core/modules/wandb/wandb.py [wandb.py:254] [292257] [MainThread] - INFO - WandB alert sent: Model Outputs Saved
2026-09-06 19:17:19,130 /home/simon/Documents/scripts/views_platform/views-pipeline-core/views_pipeline_core/managers/evaluation/stage.py [stage.py:131] [292257] [MainThread] - INFO - Calculating classification evaluation metrics for by_ns_best
2026-09-06 19:17:25,477 /home/simon/Documents/scripts/views_platform/views-pipeline-core/views_pipeline_core/managers/evaluation/stage.py [stage.py:446] [292257] [MainThread] - INFO - Persisted MetricFrame (evaluation-of-record) for 'by_ns_best' -> /home/simon/Documents/scripts/views_platform/views-models/models/fullzero_fortythree/data/generated/fullzero_fortythree/calibration/metricframe_by_ns_best
2026-09-06 19:17:26,257 /home/simon/Documents/scripts/views_platform/views-pipeline-core/views_pipeline_core/modules/wandb/wandb.py [wandb.py:254] [292257] [MainThread] - INFO - WandB alert sent: Model Outputs Saved
2026-09-06 19:17:26,257 /home/simon/Documents/scripts/views_platform/views-pipeline-core/views_pipeline_core/managers/evaluation/stage.py [stage.py:131] [292257] [MainThread] - INFO - Calculating classification evaluation metrics for by_os_best
2026-09-06 19:17:32,247 /home/simon/Documents/scripts/views_platform/views-pipeline-core/views_pipeline_core/managers/evaluation/stage.py [stage.py:446] [292257] [MainThread] - INFO - Persisted MetricFrame (evaluation-of-record) for 'by_os_best' -> /home/simon/Documents/scripts/views_platform/views-models/models/fullzero_fortythree/data/generated/fullzero_fortythree/calibration/metricframe_by_os_best
2026-09-06 19:17:33,056 /home/simon/Documents/scripts/views_platform/views-pipeline-core/views_pipeline_core/modules/wandb/wandb.py [wandb.py:254] [292257] [MainThread] - INFO - WandB alert sent: Model Outputs Saved
2026-09-06 19:17:33,060 /home/simon/Documents/scripts/views_platform/views-pipeline-core/views_pipeline_core/managers/prediction/io.py [io.py:258] [292257] [MainThread] - INFO - Evaluation metrics:
+----+---------------------------------------------------+--------------+
|    | Metric                                            |        Value |
+====+===================================================+==============+
| 59 | month-wise/by_ns_best/Brier_cls_sample            |   0.00317525 |
+----+---------------------------------------------------+--------------+
| 38 | month-wise/by_ns_best/Brier_cls_sample_mean       |   0.00306902 |
+----+---------------------------------------------------+--------------+
| 60 | month-wise/by_os_best/Brier_cls_sample            |   0.00548397 |
+----+---------------------------------------------------+--------------+
| 11 | month-wise/by_os_best/Brier_cls_sample_mean       |   0.00447154 |
+----+---------------------------------------------------+--------------+
| 58 | month-wise/by_sb_best/Brier_cls_sample            |   0.0109428  |
+----+---------------------------------------------------+--------------+
| 36 | month-wise/by_sb_best/Brier_cls_sample_mean       |   0.00832911 |
+----+---------------------------------------------------+--------------+
| 32 | month-wise/lr_ns_best/CRPS                        |   0.0232447  |
+----+---------------------------------------------------+--------------+
|  7 | month-wise/lr_ns_best/CRPS_mean                   |   0.046717   |
+----+---------------------------------------------------+--------------+
| 25 | month-wise/lr_ns_best/MCR_sample                  |   0.861136   |
+----+---------------------------------------------------+--------------+
| 41 | month-wise/lr_ns_best/MCR_sample_mean             |   0.650499   |
+----+---------------------------------------------------+--------------+
| 46 | month-wise/lr_ns_best/QS_sample                   |   0.022298   |
+----+---------------------------------------------------+--------------+
| 62 | month-wise/lr_ns_best/QS_sample_mean              |   0.040427   |
+----+---------------------------------------------------+--------------+
| 55 | month-wise/lr_os_best/CRPS                        |   0.0895839  |
+----+---------------------------------------------------+--------------+
| 28 | month-wise/lr_os_best/CRPS_mean                   |   0.0438453  |
+----+---------------------------------------------------+--------------+
| 63 | month-wise/lr_os_best/MCR_sample                  |   0.366149   |
+----+---------------------------------------------------+--------------+
| 35 | month-wise/lr_os_best/MCR_sample_mean             |   0.617655   |
+----+---------------------------------------------------+--------------+
| 26 | month-wise/lr_os_best/QS_sample                   |   0.0797234  |
+----+---------------------------------------------------+--------------+
| 13 | month-wise/lr_os_best/QS_sample_mean              |   0.0384195  |
+----+---------------------------------------------------+--------------+
| 43 | month-wise/lr_sb_best/CRPS                        |   8.80541    |
+----+---------------------------------------------------+--------------+
| 24 | month-wise/lr_sb_best/CRPS_mean                   |   0.330283   |
+----+---------------------------------------------------+--------------+
| 53 | month-wise/lr_sb_best/MCR_sample                  |   0.0071365  |
+----+---------------------------------------------------+--------------+
| 69 | month-wise/lr_sb_best/MCR_sample_mean             |   0.641184   |
+----+---------------------------------------------------+--------------+
|  6 | month-wise/lr_sb_best/QS_sample                   |   8.69681    |
+----+---------------------------------------------------+--------------+
| 16 | month-wise/lr_sb_best/QS_sample_mean              |   0.294163   |
+----+---------------------------------------------------+--------------+
| 39 | month-wise/month                                  | 504          |
+----+---------------------------------------------------+--------------+
| 21 | step-wise/by_ns_best/Brier_cls_sample             |   0.00285792 |
+----+---------------------------------------------------+--------------+
| 50 | step-wise/by_ns_best/Brier_cls_sample_mean        |   0.00312774 |
+----+---------------------------------------------------+--------------+
|  2 | step-wise/by_os_best/Brier_cls_sample             |   0.00500318 |
+----+---------------------------------------------------+--------------+
| 65 | step-wise/by_os_best/Brier_cls_sample_mean        |   0.00457665 |
+----+---------------------------------------------------+--------------+
| 42 | step-wise/by_sb_best/Brier_cls_sample             |   0.010422   |
+----+---------------------------------------------------+--------------+
| 71 | step-wise/by_sb_best/Brier_cls_sample_mean        |   0.00830156 |
+----+---------------------------------------------------+--------------+
| 44 | step-wise/lr_ns_best/CRPS                         |   0.0290232  |
+----+---------------------------------------------------+--------------+
| 40 | step-wise/lr_ns_best/CRPS_mean                    |   0.0440636  |
+----+---------------------------------------------------+--------------+
| 18 | step-wise/lr_ns_best/MCR_sample                   |   0.77206    |
+----+---------------------------------------------------+--------------+
| 74 | step-wise/lr_ns_best/MCR_sample_mean              |   0.580971   |
+----+---------------------------------------------------+--------------+
| 45 | step-wise/lr_ns_best/QS_sample                    |   0.0270237  |
+----+---------------------------------------------------+--------------+
| 47 | step-wise/lr_ns_best/QS_sample_mean               |   0.038437   |
+----+---------------------------------------------------+--------------+
| 33 | step-wise/lr_os_best/CRPS                         |   0.0678017  |
+----+---------------------------------------------------+--------------+
| 27 | step-wise/lr_os_best/CRPS_mean                    |   0.0454758  |
+----+---------------------------------------------------+--------------+
|  8 | step-wise/lr_os_best/MCR_sample                   |   0.334694   |
+----+---------------------------------------------------+--------------+
| 10 | step-wise/lr_os_best/MCR_sample_mean              |   0.514616   |
+----+---------------------------------------------------+--------------+
| 49 | step-wise/lr_os_best/QS_sample                    |   0.0608036  |
+----+---------------------------------------------------+--------------+
| 34 | step-wise/lr_os_best/QS_sample_mean               |   0.0400378  |
+----+---------------------------------------------------+--------------+
| 52 | step-wise/lr_sb_best/CRPS                         |   0.880665   |
+----+---------------------------------------------------+--------------+
| 15 | step-wise/lr_sb_best/CRPS_mean                    |   0.156573   |
+----+---------------------------------------------------+--------------+
| 23 | step-wise/lr_sb_best/MCR_sample                   |   0.0999012  |
+----+---------------------------------------------------+--------------+
| 31 | step-wise/lr_sb_best/MCR_sample_mean              |   0.61018    |
+----+---------------------------------------------------+--------------+
| 22 | step-wise/lr_sb_best/QS_sample                    |   0.846151   |
+----+---------------------------------------------------+--------------+
| 73 | step-wise/lr_sb_best/QS_sample_mean               |   0.123014   |
+----+---------------------------------------------------+--------------+
| 29 | step-wise/step                                    |  36          |
+----+---------------------------------------------------+--------------+
| 37 | time-series-wise/by_ns_best/Brier_cls_sample      |   0.0030044  |
+----+---------------------------------------------------+--------------+
| 51 | time-series-wise/by_ns_best/Brier_cls_sample_mean |   0.00312774 |
+----+---------------------------------------------------+--------------+
| 68 | time-series-wise/by_os_best/Brier_cls_sample      |   0.00472313 |
+----+---------------------------------------------------+--------------+
| 48 | time-series-wise/by_os_best/Brier_cls_sample_mean |   0.00457665 |
+----+---------------------------------------------------+--------------+
| 20 | time-series-wise/by_sb_best/Brier_cls_sample      |   0.0085613  |
+----+---------------------------------------------------+--------------+
|  5 | time-series-wise/by_sb_best/Brier_cls_sample_mean |   0.00830156 |
+----+---------------------------------------------------+--------------+
| 61 | time-series-wise/lr_ns_best/CRPS                  |   0.0351549  |
+----+---------------------------------------------------+--------------+
|  1 | time-series-wise/lr_ns_best/CRPS_mean             |   0.0440636  |
+----+---------------------------------------------------+--------------+
| 54 | time-series-wise/lr_ns_best/MCR_sample            |   0.570928   |
+----+---------------------------------------------------+--------------+
| 57 | time-series-wise/lr_ns_best/MCR_sample_mean       |   0.506394   |
+----+---------------------------------------------------+--------------+
|  4 | time-series-wise/lr_ns_best/QS_sample             |   0.0316938  |
+----+---------------------------------------------------+--------------+
| 12 | time-series-wise/lr_ns_best/QS_sample_mean        |   0.038437   |
+----+---------------------------------------------------+--------------+
|  9 | time-series-wise/lr_os_best/CRPS                  |   0.0498376  |
+----+---------------------------------------------------+--------------+
| 67 | time-series-wise/lr_os_best/CRPS_mean             |   0.0454758  |
+----+---------------------------------------------------+--------------+
| 70 | time-series-wise/lr_os_best/MCR_sample            |   0.472542   |
+----+---------------------------------------------------+--------------+
| 64 | time-series-wise/lr_os_best/MCR_sample_mean       |   0.458273   |
+----+---------------------------------------------------+--------------+
| 66 | time-series-wise/lr_os_best/QS_sample             |   0.0428811  |
+----+---------------------------------------------------+--------------+
| 19 | time-series-wise/lr_os_best/QS_sample_mean        |   0.0400378  |
+----+---------------------------------------------------+--------------+
| 14 | time-series-wise/lr_sb_best/CRPS                  |   0.391946   |
+----+---------------------------------------------------+--------------+
| 17 | time-series-wise/lr_sb_best/CRPS_mean             |   0.156573   |
+----+---------------------------------------------------+--------------+
|  0 | time-series-wise/lr_sb_best/MCR_sample            |   0.151965   |
+----+---------------------------------------------------+--------------+
| 56 | time-series-wise/lr_sb_best/MCR_sample_mean       |   0.589855   |
+----+---------------------------------------------------+--------------+
| 72 | time-series-wise/lr_sb_best/QS_sample             |   0.36162    |
+----+---------------------------------------------------+--------------+
|  3 | time-series-wise/lr_sb_best/QS_sample_mean        |   0.123014   |
+----+---------------------------------------------------+--------------+
| 30 | time-series-wise/time-series                      |  12          |
+----+---------------------------------------------------+--------------+
2026-09-06 19:17:33,060 /home/simon/Documents/scripts/views_platform/views-pipeline-core/views_pipeline_core/modules/wandb/wandb.py [wandb.py:254] [292257] [MainThread] - INFO - WandB alert sent: Metrics for fullzero_fortythree
2026-09-06 19:17:33,439 /home/simon/Documents/scripts/views_platform/views-pipeline-core/views_pipeline_core/modules/wandb/wandb.py [wandb.py:254] [292257] [MainThread] - INFO - WandB alert sent: Evaluation for model fullzero_fortythree completed successfully.
2026-09-06 19:17:37,335 /home/simon/Documents/scripts/views_platform/views-pipeline-core/views_pipeline_core/managers/model/model.py [model.py:1235] [292257] [MainThread] - INFO - Done. Runtime: 14.201 minutes.

wrote /home/simon/Documents/scripts/views_platform/views-hydranet/reports/2026-09-05_direct_multi_horizon_dossier/results/fedfield_fullzero_fortythree_hold_last_real.csv (5460 field records)
wandb: Using wandb-core as the SDK backend.  Please refer to https://wandb.me/wandb-core for more information.
wandb: Currently logged in as: simpol (nornir). Use `wandb login --relogin` to force relogin
wandb: Currently logged in as: simpol (views_pipeline). Use `wandb login --relogin` to force relogin
wandb: Tracking run with wandb version 0.18.7
wandb: Run data is saved locally in /home/simon/Documents/scripts/views_platform/views-models/models/fullzero_fortythree/wandb/run-20260906_190321-j1p4hq1z
wandb: Run `wandb offline` to turn off syncing.
wandb: Syncing run noble-smoke-75
wandb: ⭐️ View project at https://wandb.ai/views_pipeline/fullzero_fortythree_calibration
wandb: 🚀 View run at https://wandb.ai/views_pipeline/fullzero_fortythree_calibration/runs/j1p4hq1z
wandb: - 0.006 MB of 0.006 MB uploaded
wandb: \ 0.006 MB of 0.006 MB uploaded
wandb:                                                                                
wandb: 🚀 View run noble-smoke-75 at: https://wandb.ai/views_pipeline/fullzero_fortythree_calibration/runs/j1p4hq1z
wandb: ⭐️ View project at: https://wandb.ai/views_pipeline/fullzero_fortythree_calibration
wandb: Synced 5 W&B file(s), 0 media file(s), 0 artifact file(s) and 0 other file(s)
wandb: Find logs at: ./wandb/run-20260906_190321-j1p4hq1z/logs
wandb: Tracking run with wandb version 0.18.7
wandb: Run data is saved locally in /home/simon/Documents/scripts/views_platform/views-models/models/fullzero_fortythree/wandb/run-20260906_190325-2ffnmxt3
wandb: Run `wandb offline` to turn off syncing.
wandb: Syncing run northern-lion-76
wandb: ⭐️ View project at https://wandb.ai/views_pipeline/fullzero_fortythree_calibration
wandb: 🚀 View run at https://wandb.ai/views_pipeline/fullzero_fortythree_calibration/runs/2ffnmxt3

[Origin 1/13] 🎲 Drawing Posterior Samples:   0%|          | 0/1484 [00:00<?, ?step/s]
[Origin 1/13] 🎲 Drawing Posterior Samples:   0%|          | 1/1484 [00:00<06:52,  3.60step/s]
[Origin 1/13] 🎲 Drawing Posterior Samples:   0%|          | 5/1484 [00:00<01:33, 15.90step/s]
[Origin 1/13] 🎲 Drawing Posterior Samples:   1%|          | 9/1484 [00:00<01:05, 22.57step/s]
[Origin 1/13] 🎲 Drawing Posterior Samples:   1%|          | 13/1484 [00:00<00:55, 26.42step/s]
[Origin 1/13] 🎲 Drawing Posterior Samples:   1%|          | 17/1484 [00:00<00:49, 29.35step/s]
[Origin 1/13] 🎲 Drawing Posterior Samples:   1%|▏         | 21/1484 [00:00<00:47, 30.53step/s]
[Origin 1/13] 🎲 Drawing Posterior Samples:   2%|▏         | 25/1484 [00:00<00:45, 31.93step/s]
[Origin 1/13] 🎲 Drawing Posterior Samples:   2%|▏         | 29/1484 [00:01<00:43, 33.55step/s]
[Origin 1/13] 🎲 Drawing Posterior Samples:   2%|▏         | 33/1484 [00:01<00:43, 33.72step/s]
[Origin 1/13] 🎲 Drawing Posterior Samples:   2%|▏         | 37/1484 [00:01<00:42, 34.02step/s]
[Origin 1/13] 🎲 Drawing Posterior Samples:   3%|▎         | 41/1484 [00:01<00:43, 33.18step/s]
[Origin 1/13] 🎲 Drawing Posterior Samples:   3%|▎         | 45/1484 [00:01<00:42, 33.52step/s]
[Origin 1/13] 🎲 Drawing Posterior Samples:   3%|▎         | 49/1484 [00:01<00:43, 33.24step/s]
[Origin 1/13] 🎲 Drawing Posterior Samples:   4%|▎         | 53/1484 [00:01<00:42, 33.65step/s]
[Origin 1/13] 🎲 Drawing Posterior Samples:   4%|▍         | 57/1484 [00:01<00:41, 34.03step/s]
[Origin 1/13] 🎲 Drawing Posterior Samples:   4%|▍         | 61/1484 [00:02<00:41, 34.52step/s]
[Origin 1/13] 🎲 Drawing Posterior Samples:   4%|▍         | 65/1484 [00:02<00:41, 34.44step/s]
[Origin 1/13] 🎲 Drawing Posterior Samples:   5%|▍         | 69/1484 [00:02<00:41, 34.46step/s]
[Origin 1/13] 🎲 Drawing Posterior Samples:   5%|▍         | 73/1484 [00:02<00:40, 34.81step/s]
[Origin 1/13] 🎲 Drawing Posterior Samples:   5%|▌         | 77/1484 [00:02<00:40, 35.08step/s]
[Origin 1/13] 🎲 Drawing Posterior Samples:   5%|▌         | 81/1484 [00:02<00:40, 34.70step/s]
[Origin 1/13] 🎲 Drawing Posterior Samples:   6%|▌         | 85/1484 [00:02<00:40, 34.24step/s]
[Origin 1/13] 🎲 Drawing Posterior Samples:   6%|▌         | 89/1484 [00:02<00:40, 34.03step/s]
[Origin 1/13] 🎲 Drawing Posterior Samples:   6%|▋         | 93/1484 [00:02<00:41, 33.46step/s]
[Origin 1/13] 🎲 Drawing Posterior Samples:   7%|▋         | 97/1484 [00:03<00:41, 33.23step/s]
[Origin 1/13] 🎲 Drawing Posterior Samples:   7%|▋         | 101/1484 [00:03<00:41, 33.63step/s]
[Origin 1/13] 🎲 Drawing Posterior Samples:   7%|▋         | 105/1484 [00:03<00:41, 33.04step/s]
[Origin 1/13] 🎲 Drawing Posterior Samples:   7%|▋         | 109/1484 [00:03<00:41, 33.15step/s]
[Origin 1/13] 🎲 Drawing Posterior Samples:   8%|▊         | 113/1484 [00:03<00:40, 33.94step/s]
[Origin 1/13] 🎲 Drawing Posterior Samples:   8%|▊         | 117/1484 [00:03<00:40, 34.15step/s]
[Origin 1/13] 🎲 Drawing Posterior Samples:   8%|▊         | 121/1484 [00:03<00:39, 34.69step/s]
[Origin 1/13] 🎲 Drawing Posterior Samples:   8%|▊         | 125/1484 [00:03<00:39, 34.17step/s]
[Origin 1/13] 🎲 Drawing Posterior Samples:   9%|▊         | 129/1484 [00:04<00:41, 33.02step/s]
[Origin 1/13] 🎲 Drawing Posterior Samples:   9%|▉         | 133/1484 [00:04<00:40, 33.55step/s]
[Origin 1/13] 🎲 Drawing Posterior Samples:   9%|▉         | 137/1484 [00:04<00:40, 33.15step/s]
[Origin 1/13] 🎲 Drawing Posterior Samples:  10%|▉         | 141/1484 [00:04<00:40, 33.01step/s]
[Origin 1/13] 🎲 Drawing Posterior Samples:  10%|▉         | 145/1484 [00:04<00:40, 32.90step/s]
[Origin 1/13] 🎲 Drawing Posterior Samples:  10%|█         | 149/1484 [00:04<00:40, 32.76step/s]
[Origin 1/13] 🎲 Drawing Posterior Samples:  10%|█         | 153/1484 [00:04<00:40, 33.01step/s]
[Origin 1/13] 🎲 Drawing Posterior Samples:  11%|█         | 157/1484 [00:04<00:40, 33.14step/s]
[Origin 1/13] 🎲 Drawing Posterior Samples:  11%|█         | 161/1484 [00:05<00:41, 32.10step/s]
[Origin 1/13] 🎲 Drawing Posterior Samples:  11%|█         | 165/1484 [00:05<00:40, 32.57step/s]
[Origin 1/13] 🎲 Drawing Posterior Samples:  11%|█▏        | 169/1484 [00:05<00:40, 32.44step/s]
[Origin 1/13] 🎲 Drawing Posterior Samples:  12%|█▏        | 173/1484 [00:05<00:39, 33.13step/s]
[Origin 1/13] 🎲 Drawing Posterior Samples:  12%|█▏        | 177/1484 [00:05<00:39, 33.05step/s]
[Origin 1/13] 🎲 Drawing Posterior Samples:  12%|█▏        | 181/1484 [00:05<00:39, 33.34step/s]
[Origin 1/13] 🎲 Drawing Posterior Samples:  12%|█▏        | 185/1484 [00:05<00:39, 32.71step/s]
[Origin 1/13] 🎲 Drawing Posterior Samples:  13%|█▎        | 189/1484 [00:05<00:38, 33.47step/s]
[Origin 1/13] 🎲 Drawing Posterior Samples:  13%|█▎        | 193/1484 [00:05<00:39, 33.01step/s]
[Origin 1/13] 🎲 Drawing Posterior Samples:  13%|█▎        | 197/1484 [00:06<00:38, 33.47step/s]
[Origin 1/13] 🎲 Drawing Posterior Samples:  14%|█▎        | 201/1484 [00:06<00:39, 32.85step/s]
[Origin 1/13] 🎲 Drawing Posterior Samples:  14%|█▍        | 205/1484 [00:06<00:38, 33.04step/s]
[Origin 1/13] 🎲 Drawing Posterior Samples:  14%|█▍        | 209/1484 [00:06<00:37, 33.61step/s]
[Origin 1/13] 🎲 Drawing Posterior Samples:  14%|█▍        | 213/1484 [00:06<00:38, 33.05step/s]
[Origin 1/13] 🎲 Drawing Posterior Samples:  15%|█▍        | 217/1484 [00:06<00:37, 33.40step/s]
[Origin 1/13] 🎲 Drawing Posterior Samples:  15%|█▍        | 221/1484 [00:06<00:37, 33.80step/s]
[Origin 1/13] 🎲 Drawing Posterior Samples:  15%|█▌        | 225/1484 [00:06<00:37, 33.72step/s]
[Origin 1/13] 🎲 Drawing Posterior Samples:  15%|█▌        | 229/1484 [00:07<00:37, 33.76step/s]
[Origin 1/13] 🎲 Drawing Posterior Samples:  16%|█▌        | 233/1484 [00:07<00:37, 33.70step/s]
[Origin 1/13] 🎲 Drawing Posterior Samples:  16%|█▌        | 237/1484 [00:07<00:37, 33.50step/s]
[Origin 1/13] 🎲 Drawing Posterior Samples:  16%|█▌        | 241/1484 [00:07<00:37, 33.52step/s]
[Origin 1/13] 🎲 Drawing Posterior Samples:  17%|█▋        | 245/1484 [00:07<00:37, 33.07step/s]
[Origin 1/13] 🎲 Drawing Posterior Samples:  17%|█▋        | 249/1484 [00:07<00:37, 33.16step/s]
[Origin 1/13] 🎲 Drawing Posterior Samples:  17%|█▋        | 253/1484 [00:07<00:36, 33.80step/s]
[Origin 1/13] 🎲 Drawing Posterior Samples:  17%|█▋        | 257/1484 [00:07<00:36, 33.16step/s]
[Origin 1/13] 🎲 Drawing Posterior Samples:  18%|█▊        | 261/1484 [00:07<00:36, 33.58step/s]
[Origin 1/13] 🎲 Drawing Posterior Samples:  18%|█▊        | 265/1484 [00:08<00:36, 33.44step/s]
[Origin 1/13] 🎲 Drawing Posterior Samples:  18%|█▊        | 269/1484 [00:08<00:36, 33.04step/s]
[Origin 1/13] 🎲 Drawing Posterior Samples:  18%|█▊        | 273/1484 [00:08<00:36, 33.36step/s]
[Origin 1/13] 🎲 Drawing Posterior Samples:  19%|█▊        | 277/1484 [00:08<00:36, 33.51step/s]
[Origin 1/13] 🎲 Drawing Posterior Samples:  19%|█▉        | 281/1484 [00:08<00:36, 33.32step/s]
[Origin 1/13] 🎲 Drawing Posterior Samples:  19%|█▉        | 285/1484 [00:08<00:36, 33.30step/s]
[Origin 1/13] 🎲 Drawing Posterior Samples:  19%|█▉        | 289/1484 [00:08<00:36, 32.94step/s]
[Origin 1/13] 🎲 Drawing Posterior Samples:  20%|█▉        | 293/1484 [00:08<00:36, 32.64step/s]
[Origin 1/13] 🎲 Drawing Posterior Samples:  20%|██        | 297/1484 [00:09<00:35, 33.50step/s]
[Origin 1/13] 🎲 Drawing Posterior Samples:  20%|██        | 301/1484 [00:09<00:35, 33.21step/s]
[Origin 1/13] 🎲 Drawing Posterior Samples:  21%|██        | 305/1484 [00:09<00:35, 33.64step/s]
[Origin 1/13] 🎲 Drawing Posterior Samples:  21%|██        | 309/1484 [00:09<00:35, 33.52step/s]
[Origin 1/13] 🎲 Drawing Posterior Samples:  21%|██        | 313/1484 [00:09<00:34, 33.74step/s]
[Origin 1/13] 🎲 Drawing Posterior Samples:  21%|██▏       | 317/1484 [00:09<00:34, 33.66step/s]
[Origin 1/13] 🎲 Drawing Posterior Samples:  22%|██▏       | 321/1484 [00:09<00:35, 32.47step/s]
[Origin 1/13] 🎲 Drawing Posterior Samples:  22%|██▏       | 325/1484 [00:09<00:35, 32.43step/s]
[Origin 1/13] 🎲 Drawing Posterior Samples:  22%|██▏       | 329/1484 [00:10<00:35, 32.44step/s]
[Origin 1/13] 🎲 Drawing Posterior Samples:  22%|██▏       | 333/1484 [00:10<00:34, 33.22step/s]
[Origin 1/13] 🎲 Drawing Posterior Samples:  23%|██▎       | 337/1484 [00:10<00:43, 26.51step/s]
[Origin 1/13] 🎲 Drawing Posterior Samples:  23%|██▎       | 340/1484 [00:10<00:43, 26.18step/s]
[Origin 1/13] 🎲 Drawing Posterior Samples:  23%|██▎       | 343/1484 [00:10<00:43, 26.36step/s]
[Origin 1/13] 🎲 Drawing Posterior Samples:  23%|██▎       | 346/1484 [00:10<00:47, 23.71step/s]
[Origin 1/13] 🎲 Drawing Posterior Samples:  24%|██▎       | 349/1484 [00:10<00:51, 22.22step/s]
[Origin 1/13] 🎲 Drawing Posterior Samples:  24%|██▎       | 352/1484 [00:11<00:56, 19.92step/s]
[Origin 1/13] 🎲 Drawing Posterior Samples:  24%|██▍       | 355/1484 [00:11<01:01, 18.37step/s]
[Origin 1/13] 🎲 Drawing Posterior Samples:  24%|██▍       | 358/1484 [00:11<00:59, 19.03step/s]
[Origin 1/13] 🎲 Drawing Posterior Samples:  24%|██▍       | 361/1484 [00:11<00:57, 19.42step/s]
[Origin 1/13] 🎲 Drawing Posterior Samples:  24%|██▍       | 363/1484 [00:11<00:58, 19.19step/s]
[Origin 1/13] 🎲 Drawing Posterior Samples:  25%|██▍       | 365/1484 [00:11<00:57, 19.34step/s]
[Origin 1/13] 🎲 Drawing Posterior Samples:  25%|██▍       | 367/1484 [00:11<00:59, 18.91step/s]
[Origin 1/13] 🎲 Drawing Posterior Samples:  25%|██▍       | 369/1484 [00:12<00:59, 18.74step/s]
[Origin 1/13] 🎲 Drawing Posterior Samples:  25%|██▌       | 371/1484 [00:12<01:00, 18.44step/s]
[Origin 1/13] 🎲 Drawing Posterior Samples:  25%|██▌       | 373/1484 [00:15<08:33,  2.16step/s]
[Origin 1/13] 🎲 Drawing Posterior Samples:  25%|██▌       | 377/1484 [00:15<04:57,  3.72step/s]
[Origin 1/13] 🎲 Drawing Posterior Samples:  26%|██▌       | 385/1484 [00:15<02:18,  7.95step/s]
[Origin 1/13] 🎲 Drawing Posterior Samples:  26%|██▋       | 391/1484 [00:15<01:33, 11.65step/s]
[Origin 1/13] 🎲 Drawing Posterior Samples:  27%|██▋       | 397/1484 [00:15<01:07, 16.03step/s]
[Origin 1/13] 🎲 Drawing Posterior Samples:  27%|██▋       | 403/1484 [00:15<00:51, 21.02step/s]
[Origin 1/13] 🎲 Drawing Posterior Samples:  28%|██▊       | 409/1484 [00:15<00:41, 26.03step/s]
[Origin 1/13] 🎲 Drawing Posterior Samples:  28%|██▊       | 414/1484 [00:15<00:39, 27.15step/s]
[Origin 1/13] 🎲 Drawing Posterior Samples:  28%|██▊       | 419/1484 [00:16<00:36, 28.97step/s]
[Origin 1/13] 🎲 Drawing Posterior Samples:  29%|██▊       | 424/1484 [00:16<00:35, 30.14step/s]
[Origin 1/13] 🎲 Drawing Posterior Samples:  29%|██▉       | 428/1484 [00:16<00:34, 30.90step/s]
[Origin 1/13] 🎲 Drawing Posterior Samples:  29%|██▉       | 432/1484 [00:16<00:32, 31.92step/s]
[Origin 1/13] 🎲 Drawing Posterior Samples:  29%|██▉       | 436/1484 [00:16<00:32, 32.38step/s]
[Origin 1/13] 🎲 Drawing Posterior Samples:  30%|██▉       | 440/1484 [00:16<00:32, 32.49step/s]
[Origin 1/13] 🎲 Drawing Posterior Samples:  30%|██▉       | 444/1484 [00:16<00:31, 32.92step/s]
[Origin 1/13] 🎲 Drawing Posterior Samples:  30%|███       | 448/1484 [00:17<00:31, 32.39step/s]
[Origin 1/13] 🎲 Drawing Posterior Samples:  30%|███       | 452/1484 [00:17<00:31, 33.09step/s]
[Origin 1/13] 🎲 Drawing Posterior Samples:  31%|███       | 456/1484 [00:17<00:31, 32.41step/s]
[Origin 1/13] 🎲 Drawing Posterior Samples:  31%|███       | 460/1484 [00:17<00:31, 32.82step/s]
[Origin 1/13] 🎲 Drawing Posterior Samples:  31%|███▏      | 464/1484 [00:17<00:31, 32.63step/s]
[Origin 1/13] 🎲 Drawing Posterior Samples:  32%|███▏      | 468/1484 [00:17<00:30, 33.12step/s]
[Origin 1/13] 🎲 Drawing Posterior Samples:  32%|███▏      | 472/1484 [00:17<00:30, 33.42step/s]
[Origin 1/13] 🎲 Drawing Posterior Samples:  32%|███▏      | 476/1484 [00:17<00:30, 33.54step/s]
[Origin 1/13] 🎲 Drawing Posterior Samples:  32%|███▏      | 480/1484 [00:17<00:29, 34.17step/s]
[Origin 1/13] 🎲 Drawing Posterior Samples:  33%|███▎      | 484/1484 [00:18<00:29, 34.03step/s]
[Origin 1/13] 🎲 Drawing Posterior Samples:  33%|███▎      | 488/1484 [00:18<00:29, 33.83step/s]
[Origin 1/13] 🎲 Drawing Posterior Samples:  33%|███▎      | 492/1484 [00:18<00:30, 33.04step/s]
[Origin 1/13] 🎲 Drawing Posterior Samples:  33%|███▎      | 496/1484 [00:18<00:29, 33.33step/s]
[Origin 1/13] 🎲 Drawing Posterior Samples:  34%|███▎      | 500/1484 [00:18<00:29, 32.83step/s]
[Origin 1/13] 🎲 Drawing Posterior Samples:  34%|███▍      | 504/1484 [00:18<00:30, 32.45step/s]
[Origin 1/13] 🎲 Drawing Posterior Samples:  34%|███▍      | 508/1484 [00:18<00:29, 32.78step/s]
[Origin 1/13] 🎲 Drawing Posterior Samples:  35%|███▍      | 512/1484 [00:18<00:29, 33.29step/s]
[Origin 1/13] 🎲 Drawing Posterior Samples:  35%|███▍      | 516/1484 [00:19<00:28, 33.47step/s]
[Origin 1/13] 🎲 Drawing Posterior Samples:  35%|███▌      | 520/1484 [00:19<00:29, 33.17step/s]
[Origin 1/13] 🎲 Drawing Posterior Samples:  35%|███▌      | 524/1484 [00:19<00:28, 33.24step/s]
[Origin 1/13] 🎲 Drawing Posterior Samples:  36%|███▌      | 528/1484 [00:19<00:28, 33.31step/s]
[Origin 1/13] 🎲 Drawing Posterior Samples:  36%|███▌      | 532/1484 [00:19<00:27, 34.00step/s]
[Origin 1/13] 🎲 Drawing Posterior Samples:  36%|███▌      | 536/1484 [00:19<00:28, 32.85step/s]
[Origin 1/13] 🎲 Drawing Posterior Samples:  36%|███▋      | 540/1484 [00:19<00:28, 33.58step/s]
[Origin 1/13] 🎲 Drawing Posterior Samples:  37%|███▋      | 544/1484 [00:19<00:28, 33.22step/s]
[Origin 1/13] 🎲 Drawing Posterior Samples:  37%|███▋      | 548/1484 [00:20<00:28, 32.89step/s]
[Origin 1/13] 🎲 Drawing Posterior Samples:  37%|███▋      | 552/1484 [00:20<00:28, 32.38step/s]
[Origin 1/13] 🎲 Drawing Posterior Samples:  37%|███▋      | 556/1484 [00:20<00:29, 31.40step/s]
[Origin 1/13] 🎲 Drawing Posterior Samples:  38%|███▊      | 560/1484 [00:20<00:30, 30.58step/s]
[Origin 1/13] 🎲 Drawing Posterior Samples:  38%|███▊      | 564/1484 [00:20<00:29, 30.96step/s]
[Origin 1/13] 🎲 Drawing Posterior Samples:  38%|███▊      | 568/1484 [00:20<00:30, 29.85step/s]
[Origin 1/13] 🎲 Drawing Posterior Samples:  39%|███▊      | 572/1484 [00:20<00:30, 29.59step/s]
[Origin 1/13] 🎲 Drawing Posterior Samples:  39%|███▉      | 576/1484 [00:20<00:30, 29.84step/s]
[Origin 1/13] 🎲 Drawing Posterior Samples:  39%|███▉      | 579/1484 [00:21<00:30, 29.35step/s]
[Origin 1/13] 🎲 Drawing Posterior Samples:  39%|███▉      | 583/1484 [00:21<00:30, 29.40step/s]
[Origin 1/13] 🎲 Drawing Posterior Samples:  40%|███▉      | 587/1484 [00:21<00:29, 30.00step/s]
[Origin 1/13] 🎲 Drawing Posterior Samples:  40%|███▉      | 591/1484 [00:21<00:28, 31.01step/s]
[Origin 1/13] 🎲 Drawing Posterior Samples:  40%|████      | 595/1484 [00:21<00:29, 30.23step/s]
[Origin 1/13] 🎲 Drawing Posterior Samples:  40%|████      | 599/1484 [00:21<00:29, 29.99step/s]
[Origin 1/13] 🎲 Drawing Posterior Samples:  41%|████      | 603/1484 [00:21<00:29, 30.12step/s]
[Origin 1/13] 🎲 Drawing Posterior Samples:  41%|████      | 607/1484 [00:21<00:28, 30.32step/s]
[Origin 1/13] 🎲 Drawing Posterior Samples:  41%|████      | 611/1484 [00:22<00:29, 29.25step/s]
[Origin 1/13] 🎲 Drawing Posterior Samples:  41%|████▏     | 615/1484 [00:22<00:29, 29.54step/s]
[Origin 1/13] 🎲 Drawing Posterior Samples:  42%|████▏     | 619/1484 [00:22<00:28, 30.27step/s]
[Origin 1/13] 🎲 Drawing Posterior Samples:  42%|████▏     | 623/1484 [00:22<00:28, 30.33step/s]
[Origin 1/13] 🎲 Drawing Posterior Samples:  42%|████▏     | 627/1484 [00:22<00:28, 29.65step/s]
[Origin 1/13] 🎲 Drawing Posterior Samples:  43%|████▎     | 631/1484 [00:22<00:28, 30.19step/s]
[Origin 1/13] 🎲 Drawing Posterior Samples:  43%|████▎     | 635/1484 [00:22<00:28, 29.73step/s]
[Origin 1/13] 🎲 Drawing Posterior Samples:  43%|████▎     | 639/1484 [00:23<00:28, 29.98step/s]
[Origin 1/13] 🎲 Drawing Posterior Samples:  43%|████▎     | 643/1484 [00:23<00:28, 29.53step/s]
[Origin 1/13] 🎲 Drawing Posterior Samples:  44%|████▎     | 646/1484 [00:23<00:28, 29.20step/s]
[Origin 1/13] 🎲 Drawing Posterior Samples:  44%|████▍     | 650/1484 [00:23<00:27, 30.04step/s]
[Origin 1/13] 🎲 Drawing Posterior Samples:  44%|████▍     | 654/1484 [00:23<00:27, 30.72step/s]
[Origin 1/13] 🎲 Drawing Posterior Samples:  44%|████▍     | 658/1484 [00:23<00:27, 30.34step/s]
[Origin 1/13] 🎲 Drawing Posterior Samples:  45%|████▍     | 662/1484 [00:23<00:27, 30.28step/s]
[Origin 1/13] 🎲 Drawing Posterior Samples:  45%|████▍     | 666/1484 [00:23<00:26, 30.70step/s]
[Origin 1/13] 🎲 Drawing Posterior Samples:  45%|████▌     | 670/1484 [00:24<00:26, 30.49step/s]
[Origin 1/13] 🎲 Drawing Posterior Samples:  45%|████▌     | 674/1484 [00:24<00:27, 29.67step/s]
[Origin 1/13] 🎲 Drawing Posterior Samples:  46%|████▌     | 677/1484 [00:24<00:27, 29.67step/s]
[Origin 1/13] 🎲 Drawing Posterior Samples:  46%|████▌     | 680/1484 [00:24<00:27, 29.64step/s]
[Origin 1/13] 🎲 Drawing Posterior Samples:  46%|████▌     | 684/1484 [00:24<00:26, 30.08step/s]
[Origin 1/13] 🎲 Drawing Posterior Samples:  46%|████▋     | 688/1484 [00:24<00:27, 29.44step/s]
[Origin 1/13] 🎲 Drawing Posterior Samples:  47%|████▋     | 692/1484 [00:24<00:26, 29.96step/s]
[Origin 1/13] 🎲 Drawing Posterior Samples:  47%|████▋     | 696/1484 [00:24<00:24, 31.53step/s]
[Origin 1/13] 🎲 Drawing Posterior Samples:  47%|████▋     | 700/1484 [00:25<00:24, 31.70step/s]
[Origin 1/13] 🎲 Drawing Posterior Samples:  47%|████▋     | 704/1484 [00:25<00:23, 32.67step/s]
[Origin 1/13] 🎲 Drawing Posterior Samples:  48%|████▊     | 708/1484 [00:25<00:27, 28.69step/s]
[Origin 1/13] 🎲 Drawing Posterior Samples:  48%|████▊     | 711/1484 [00:25<00:26, 28.89step/s]
[Origin 1/13] 🎲 Drawing Posterior Samples:  48%|████▊     | 714/1484 [00:25<00:26, 28.97step/s]
[Origin 1/13] 🎲 Drawing Posterior Samples:  48%|████▊     | 717/1484 [00:25<00:27, 28.21step/s]
[Origin 1/13] 🎲 Drawing Posterior Samples:  49%|████▊     | 720/1484 [00:25<00:28, 26.79step/s]
[Origin 1/13] 🎲 Drawing Posterior Samples:  49%|████▊     | 723/1484 [00:25<00:29, 25.42step/s]
[Origin 1/13] 🎲 Drawing Posterior Samples:  49%|████▉     | 726/1484 [00:26<00:30, 24.54step/s]
[Origin 1/13] 🎲 Drawing Posterior Samples:  49%|████▉     | 729/1484 [00:26<00:31, 23.90step/s]
[Origin 1/13] 🎲 Drawing Posterior Samples:  49%|████▉     | 732/1484 [00:26<00:31, 23.72step/s]
[Origin 1/13] 🎲 Drawing Posterior Samples:  50%|████▉     | 735/1484 [00:26<00:33, 22.25step/s]
[Origin 1/13] 🎲 Drawing Posterior Samples:  50%|████▉     | 738/1484 [00:26<00:33, 22.13step/s]
[Origin 1/13] 🎲 Drawing Posterior Samples:  50%|████▉     | 741/1484 [00:26<00:32, 22.54step/s]
[Origin 1/13] 🎲 Drawing Posterior Samples:  50%|█████     | 744/1484 [00:28<03:03,  4.04step/s]
[Origin 1/13] 🎲 Drawing Posterior Samples:  50%|█████     | 748/1484 [00:29<02:04,  5.92step/s]
[Origin 1/13] 🎲 Drawing Posterior Samples:  51%|█████     | 752/1484 [00:29<01:28,  8.27step/s]
[Origin 1/13] 🎲 Drawing Posterior Samples:  51%|█████     | 756/1484 [00:29<01:06, 10.99step/s]
[Origin 1/13] 🎲 Drawing Posterior Samples:  51%|█████     | 760/1484 [00:29<00:51, 13.94step/s]
[Origin 1/13] 🎲 Drawing Posterior Samples:  51%|█████▏    | 764/1484 [00:29<00:41, 17.17step/s]
[Origin 1/13] 🎲 Drawing Posterior Samples:  52%|█████▏    | 768/1484 [00:29<00:34, 20.61step/s]
[Origin 1/13] 🎲 Drawing Posterior Samples:  52%|█████▏    | 772/1484 [00:29<00:30, 23.28step/s]
[Origin 1/13] 🎲 Drawing Posterior Samples:  52%|█████▏    | 776/1484 [00:29<00:27, 25.81step/s]
[Origin 1/13] 🎲 Drawing Posterior Samples:  53%|█████▎    | 780/1484 [00:29<00:25, 28.03step/s]
[Origin 1/13] 🎲 Drawing Posterior Samples:  53%|█████▎    | 784/1484 [00:30<00:24, 28.97step/s]
[Origin 1/13] 🎲 Drawing Posterior Samples:  53%|█████▎    | 788/1484 [00:30<00:24, 28.48step/s]
[Origin 1/13] 🎲 Drawing Posterior Samples:  53%|█████▎    | 792/1484 [00:30<00:23, 28.98step/s]
[Origin 1/13] 🎲 Drawing Posterior Samples:  54%|█████▎    | 796/1484 [00:30<00:23, 29.59step/s]
[Origin 1/13] 🎲 Drawing Posterior Samples:  54%|█████▍    | 800/1484 [00:30<00:22, 29.80step/s]
[Origin 1/13] 🎲 Drawing Posterior Samples:  54%|█████▍    | 804/1484 [00:30<00:22, 30.00step/s]
[Origin 1/13] 🎲 Drawing Posterior Samples:  54%|█████▍    | 808/1484 [00:30<00:22, 29.83step/s]
[Origin 1/13] 🎲 Drawing Posterior Samples:  55%|█████▍    | 812/1484 [00:31<00:22, 30.07step/s]
[Origin 1/13] 🎲 Drawing Posterior Samples:  55%|█████▍    | 816/1484 [00:31<00:22, 29.62step/s]
[Origin 1/13] 🎲 Drawing Posterior Samples:  55%|█████▌    | 820/1484 [00:31<00:22, 29.58step/s]
[Origin 1/13] 🎲 Drawing Posterior Samples:  56%|█████▌    | 824/1484 [00:31<00:22, 29.99step/s]
[Origin 1/13] 🎲 Drawing Posterior Samples:  56%|█████▌    | 828/1484 [00:31<00:22, 29.77step/s]
[Origin 1/13] 🎲 Drawing Posterior Samples:  56%|█████▌    | 832/1484 [00:31<00:21, 30.17step/s]
[Origin 1/13] 🎲 Drawing Posterior Samples:  56%|█████▋    | 836/1484 [00:31<00:21, 30.27step/s]
[Origin 1/13] 🎲 Drawing Posterior Samples:  57%|█████▋    | 840/1484 [00:31<00:21, 29.96step/s]
[Origin 1/13] 🎲 Drawing Posterior Samples:  57%|█████▋    | 844/1484 [00:32<00:20, 30.49step/s]
[Origin 1/13] 🎲 Drawing Posterior Samples:  57%|█████▋    | 848/1484 [00:32<00:21, 30.07step/s]
[Origin 1/13] 🎲 Drawing Posterior Samples:  57%|█████▋    | 852/1484 [00:32<00:21, 29.68step/s]
[Origin 1/13] 🎲 Drawing Posterior Samples:  58%|█████▊    | 856/1484 [00:32<00:20, 29.98step/s]
[Origin 1/13] 🎲 Drawing Posterior Samples:  58%|█████▊    | 860/1484 [00:32<00:20, 30.58step/s]
[Origin 1/13] 🎲 Drawing Posterior Samples:  58%|█████▊    | 864/1484 [00:32<00:20, 30.09step/s]
[Origin 1/13] 🎲 Drawing Posterior Samples:  58%|█████▊    | 868/1484 [00:32<00:20, 30.09step/s]
[Origin 1/13] 🎲 Drawing Posterior Samples:  59%|█████▉    | 872/1484 [00:33<00:19, 31.56step/s]
[Origin 1/13] 🎲 Drawing Posterior Samples:  59%|█████▉    | 876/1484 [00:33<00:18, 32.77step/s]
[Origin 1/13] 🎲 Drawing Posterior Samples:  59%|█████▉    | 880/1484 [00:33<00:18, 33.18step/s]
[Origin 1/13] 🎲 Drawing Posterior Samples:  60%|█████▉    | 885/1484 [00:33<00:17, 34.88step/s]
[Origin 1/13] 🎲 Drawing Posterior Samples:  60%|█████▉    | 889/1484 [00:33<00:17, 34.37step/s]
[Origin 1/13] 🎲 Drawing Posterior Samples:  60%|██████    | 893/1484 [00:33<00:17, 34.45step/s]
[Origin 1/13] 🎲 Drawing Posterior Samples:  60%|██████    | 897/1484 [00:33<00:17, 34.08step/s]
[Origin 1/13] 🎲 Drawing Posterior Samples:  61%|██████    | 901/1484 [00:33<00:17, 33.52step/s]
[Origin 1/13] 🎲 Drawing Posterior Samples:  61%|██████    | 905/1484 [00:33<00:17, 33.80step/s]
[Origin 1/13] 🎲 Drawing Posterior Samples:  61%|██████▏   | 909/1484 [00:34<00:17, 33.72step/s]
[Origin 1/13] 🎲 Drawing Posterior Samples:  62%|██████▏   | 913/1484 [00:34<00:16, 33.77step/s]
[Origin 1/13] 🎲 Drawing Posterior Samples:  62%|██████▏   | 917/1484 [00:34<00:17, 33.13step/s]
[Origin 1/13] 🎲 Drawing Posterior Samples:  62%|██████▏   | 921/1484 [00:34<00:17, 32.61step/s]
[Origin 1/13] 🎲 Drawing Posterior Samples:  62%|██████▏   | 925/1484 [00:34<00:17, 32.58step/s]
[Origin 1/13] 🎲 Drawing Posterior Samples:  63%|██████▎   | 929/1484 [00:34<00:16, 33.19step/s]
[Origin 1/13] 🎲 Drawing Posterior Samples:  63%|██████▎   | 933/1484 [00:34<00:16, 33.72step/s]
[Origin 1/13] 🎲 Drawing Posterior Samples:  63%|██████▎   | 937/1484 [00:34<00:16, 33.59step/s]
[Origin 1/13] 🎲 Drawing Posterior Samples:  63%|██████▎   | 941/1484 [00:35<00:16, 33.48step/s]
[Origin 1/13] 🎲 Drawing Posterior Samples:  64%|██████▎   | 945/1484 [00:35<00:15, 33.88step/s]
[Origin 1/13] 🎲 Drawing Posterior Samples:  64%|██████▍   | 949/1484 [00:35<00:16, 33.41step/s]
[Origin 1/13] 🎲 Drawing Posterior Samples:  64%|██████▍   | 953/1484 [00:35<00:15, 33.73step/s]
[Origin 1/13] 🎲 Drawing Posterior Samples:  64%|██████▍   | 957/1484 [00:35<00:15, 32.99step/s]
[Origin 1/13] 🎲 Drawing Posterior Samples:  65%|██████▍   | 961/1484 [00:35<00:15, 33.60step/s]
[Origin 1/13] 🎲 Drawing Posterior Samples:  65%|██████▌   | 965/1484 [00:35<00:15, 33.19step/s]
[Origin 1/13] 🎲 Drawing Posterior Samples:  65%|██████▌   | 969/1484 [00:35<00:15, 33.51step/s]
[Origin 1/13] 🎲 Drawing Posterior Samples:  66%|██████▌   | 973/1484 [00:36<00:15, 33.43step/s]
[Origin 1/13] 🎲 Drawing Posterior Samples:  66%|██████▌   | 977/1484 [00:36<00:15, 33.77step/s]
[Origin 1/13] 🎲 Drawing Posterior Samples:  66%|██████▌   | 981/1484 [00:36<00:14, 33.55step/s]
[Origin 1/13] 🎲 Drawing Posterior Samples:  66%|██████▋   | 985/1484 [00:36<00:15, 33.10step/s]
[Origin 1/13] 🎲 Drawing Posterior Samples:  67%|██████▋   | 989/1484 [00:36<00:14, 33.26step/s]
[Origin 1/13] 🎲 Drawing Posterior Samples:  67%|██████▋   | 993/1484 [00:36<00:15, 32.66step/s]
[Origin 1/13] 🎲 Drawing Posterior Samples:  67%|██████▋   | 997/1484 [00:36<00:14, 32.90step/s]
[Origin 1/13] 🎲 Drawing Posterior Samples:  67%|██████▋   | 1001/1484 [00:36<00:14, 32.65step/s]
[Origin 1/13] 🎲 Drawing Posterior Samples:  68%|██████▊   | 1005/1484 [00:36<00:14, 33.25step/s]
[Origin 1/13] 🎲 Drawing Posterior Samples:  68%|██████▊   | 1009/1484 [00:37<00:14, 33.11step/s]
[Origin 1/13] 🎲 Drawing Posterior Samples:  68%|██████▊   | 1013/1484 [00:37<00:14, 32.95step/s]
[Origin 1/13] 🎲 Drawing Posterior Samples:  69%|██████▊   | 1017/1484 [00:37<00:13, 33.41step/s]
[Origin 1/13] 🎲 Drawing Posterior Samples:  69%|██████▉   | 1021/1484 [00:37<00:13, 33.43step/s]
[Origin 1/13] 🎲 Drawing Posterior Samples:  69%|██████▉   | 1025/1484 [00:37<00:13, 33.63step/s]
[Origin 1/13] 🎲 Drawing Posterior Samples:  69%|██████▉   | 1029/1484 [00:37<00:13, 32.95step/s]
[Origin 1/13] 🎲 Drawing Posterior Samples:  70%|██████▉   | 1033/1484 [00:37<00:13, 33.42step/s]
[Origin 1/13] 🎲 Drawing Posterior Samples:  70%|██████▉   | 1037/1484 [00:37<00:13, 32.61step/s]
[Origin 1/13] 🎲 Drawing Posterior Samples:  70%|███████   | 1041/1484 [00:38<00:13, 33.96step/s]
[Origin 1/13] 🎲 Drawing Posterior Samples:  70%|███████   | 1045/1484 [00:38<00:13, 33.05step/s]
[Origin 1/13] 🎲 Drawing Posterior Samples:  71%|███████   | 1049/1484 [00:38<00:12, 33.55step/s]
[Origin 1/13] 🎲 Drawing Posterior Samples:  71%|███████   | 1053/1484 [00:38<00:12, 33.55step/s]
[Origin 1/13] 🎲 Drawing Posterior Samples:  71%|███████   | 1057/1484 [00:38<00:12, 33.18step/s]
[Origin 1/13] 🎲 Drawing Posterior Samples:  71%|███████▏  | 1061/1484 [00:38<00:12, 33.26step/s]
[Origin 1/13] 🎲 Drawing Posterior Samples:  72%|███████▏  | 1065/1484 [00:38<00:12, 33.13step/s]
[Origin 1/13] 🎲 Drawing Posterior Samples:  72%|███████▏  | 1069/1484 [00:38<00:12, 33.82step/s]
[Origin 1/13] 🎲 Drawing Posterior Samples:  72%|███████▏  | 1073/1484 [00:39<00:12, 33.60step/s]
[Origin 1/13] 🎲 Drawing Posterior Samples:  73%|███████▎  | 1077/1484 [00:39<00:12, 33.43step/s]
[Origin 1/13] 🎲 Drawing Posterior Samples:  73%|███████▎  | 1081/1484 [00:39<00:13, 29.91step/s]
[Origin 1/13] 🎲 Drawing Posterior Samples:  73%|███████▎  | 1085/1484 [00:39<00:14, 27.86step/s]
[Origin 1/13] 🎲 Drawing Posterior Samples:  73%|███████▎  | 1088/1484 [00:39<00:16, 24.62step/s]
[Origin 1/13] 🎲 Drawing Posterior Samples:  74%|███████▎  | 1091/1484 [00:39<00:17, 22.43step/s]
[Origin 1/13] 🎲 Drawing Posterior Samples:  74%|███████▎  | 1094/1484 [00:39<00:18, 21.00step/s]
[Origin 1/13] 🎲 Drawing Posterior Samples:  74%|███████▍  | 1097/1484 [00:40<00:18, 20.73step/s]
[Origin 1/13] 🎲 Drawing Posterior Samples:  74%|███████▍  | 1100/1484 [00:40<00:18, 20.97step/s]
[Origin 1/13] 🎲 Drawing Posterior Samples:  74%|███████▍  | 1103/1484 [00:40<00:18, 20.98step/s]
[Origin 1/13] 🎲 Drawing Posterior Samples:  75%|███████▍  | 1106/1484 [00:40<00:18, 20.64step/s]
[Origin 1/13] 🎲 Drawing Posterior Samples:  75%|███████▍  | 1109/1484 [00:40<00:18, 20.37step/s]
[Origin 1/13] 🎲 Drawing Posterior Samples:  75%|███████▍  | 1112/1484 [00:40<00:17, 21.69step/s]
[Origin 1/13] 🎲 Drawing Posterior Samples:  75%|███████▌  | 1115/1484 [00:43<01:54,  3.21step/s]
[Origin 1/13] 🎲 Drawing Posterior Samples:  75%|███████▌  | 1119/1484 [00:43<01:16,  4.78step/s]
[Origin 1/13] 🎲 Drawing Posterior Samples:  76%|███████▌  | 1123/1484 [00:43<00:53,  6.79step/s]
[Origin 1/13] 🎲 Drawing Posterior Samples:  76%|███████▌  | 1127/1484 [00:43<00:38,  9.31step/s]
[Origin 1/13] 🎲 Drawing Posterior Samples:  76%|███████▌  | 1131/1484 [00:44<00:28, 12.19step/s]
[Origin 1/13] 🎲 Drawing Posterior Samples:  76%|███████▋  | 1135/1484 [00:44<00:22, 15.50step/s]
[Origin 1/13] 🎲 Drawing Posterior Samples:  77%|███████▋  | 1139/1484 [00:44<00:18, 18.91step/s]
[Origin 1/13] 🎲 Drawing Posterior Samples:  77%|███████▋  | 1143/1484 [00:44<00:15, 22.15step/s]
[Origin 1/13] 🎲 Drawing Posterior Samples:  77%|███████▋  | 1148/1484 [00:44<00:12, 25.94step/s]
[Origin 1/13] 🎲 Drawing Posterior Samples:  78%|███████▊  | 1153/1484 [00:44<00:11, 29.21step/s]
[Origin 1/13] 🎲 Drawing Posterior Samples:  78%|███████▊  | 1157/1484 [00:44<00:10, 31.05step/s]
[Origin 1/13] 🎲 Drawing Posterior Samples:  78%|███████▊  | 1161/1484 [00:44<00:10, 31.82step/s]
[Origin 1/13] 🎲 Drawing Posterior Samples:  79%|███████▊  | 1165/1484 [00:44<00:09, 32.36step/s]
[Origin 1/13] 🎲 Drawing Posterior Samples:  79%|███████▉  | 1169/1484 [00:45<00:09, 32.90step/s]
[Origin 1/13] 🎲 Drawing Posterior Samples:  79%|███████▉  | 1173/1484 [00:45<00:09, 33.34step/s]
[Origin 1/13] 🎲 Drawing Posterior Samples:  79%|███████▉  | 1177/1484 [00:45<00:09, 33.14step/s]
[Origin 1/13] 🎲 Drawing Posterior Samples:  80%|███████▉  | 1181/1484 [00:45<00:09, 33.34step/s]
[Origin 1/13] 🎲 Drawing Posterior Samples:  80%|███████▉  | 1185/1484 [00:45<00:09, 33.07step/s]
[Origin 1/13] 🎲 Drawing Posterior Samples:  80%|████████  | 1189/1484 [00:45<00:08, 33.18step/s]
[Origin 1/13] 🎲 Drawing Posterior Samples:  80%|████████  | 1193/1484 [00:45<00:08, 33.81step/s]
[Origin 1/13] 🎲 Drawing Posterior Samples:  81%|████████  | 1197/1484 [00:45<00:08, 33.50step/s]
[Origin 1/13] 🎲 Drawing Posterior Samples:  81%|████████  | 1201/1484 [00:46<00:08, 33.59step/s]
[Origin 1/13] 🎲 Drawing Posterior Samples:  81%|████████  | 1205/1484 [00:46<00:08, 33.17step/s]
[Origin 1/13] 🎲 Drawing Posterior Samples:  81%|████████▏ | 1209/1484 [00:46<00:08, 33.52step/s]
[Origin 1/13] 🎲 Drawing Posterior Samples:  82%|████████▏ | 1213/1484 [00:46<00:09, 29.76step/s]
[Origin 1/13] 🎲 Drawing Posterior Samples:  82%|████████▏ | 1217/1484 [00:46<00:08, 30.87step/s]
[Origin 1/13] 🎲 Drawing Posterior Samples:  82%|████████▏ | 1221/1484 [00:46<00:08, 31.43step/s]
[Origin 1/13] 🎲 Drawing Posterior Samples:  83%|████████▎ | 1225/1484 [00:46<00:07, 32.45step/s]
[Origin 1/13] 🎲 Drawing Posterior Samples:  83%|████████▎ | 1229/1484 [00:46<00:07, 32.42step/s]
[Origin 1/13] 🎲 Drawing Posterior Samples:  83%|████████▎ | 1233/1484 [00:47<00:07, 32.85step/s]
[Origin 1/13] 🎲 Drawing Posterior Samples:  83%|████████▎ | 1237/1484 [00:47<00:07, 32.76step/s]
[Origin 1/13] 🎲 Drawing Posterior Samples:  84%|████████▎ | 1241/1484 [00:47<00:07, 33.75step/s]
[Origin 1/13] 🎲 Drawing Posterior Samples:  84%|████████▍ | 1245/1484 [00:47<00:07, 33.29step/s]
[Origin 1/13] 🎲 Drawing Posterior Samples:  84%|████████▍ | 1249/1484 [00:47<00:07, 33.04step/s]
[Origin 1/13] 🎲 Drawing Posterior Samples:  84%|████████▍ | 1253/1484 [00:47<00:06, 33.83step/s]
[Origin 1/13] 🎲 Drawing Posterior Samples:  85%|████████▍ | 1257/1484 [00:47<00:06, 33.51step/s]
[Origin 1/13] 🎲 Drawing Posterior Samples:  85%|████████▍ | 1261/1484 [00:47<00:06, 34.10step/s]
[Origin 1/13] 🎲 Drawing Posterior Samples:  85%|████████▌ | 1265/1484 [00:48<00:06, 33.54step/s]
[Origin 1/13] 🎲 Drawing Posterior Samples:  86%|████████▌ | 1269/1484 [00:48<00:06, 33.44step/s]
[Origin 1/13] 🎲 Drawing Posterior Samples:  86%|████████▌ | 1273/1484 [00:48<00:06, 32.98step/s]
[Origin 1/13] 🎲 Drawing Posterior Samples:  86%|████████▌ | 1277/1484 [00:48<00:06, 33.01step/s]
[Origin 1/13] 🎲 Drawing Posterior Samples:  86%|████████▋ | 1281/1484 [00:48<00:06, 33.16step/s]
[Origin 1/13] 🎲 Drawing Posterior Samples:  87%|████████▋ | 1285/1484 [00:48<00:05, 33.40step/s]
[Origin 1/13] 🎲 Drawing Posterior Samples:  87%|████████▋ | 1289/1484 [00:48<00:05, 33.25step/s]
[Origin 1/13] 🎲 Drawing Posterior Samples:  87%|████████▋ | 1293/1484 [00:48<00:05, 33.23step/s]
[Origin 1/13] 🎲 Drawing Posterior Samples:  87%|████████▋ | 1297/1484 [00:48<00:05, 33.72step/s]
[Origin 1/13] 🎲 Drawing Posterior Samples:  88%|████████▊ | 1301/1484 [00:49<00:05, 33.25step/s]
[Origin 1/13] 🎲 Drawing Posterior Samples:  88%|████████▊ | 1305/1484 [00:49<00:05, 33.95step/s]
[Origin 1/13] 🎲 Drawing Posterior Samples:  88%|████████▊ | 1309/1484 [00:49<00:05, 33.61step/s]
[Origin 1/13] 🎲 Drawing Posterior Samples:  88%|████████▊ | 1313/1484 [00:49<00:05, 33.46step/s]
[Origin 1/13] 🎲 Drawing Posterior Samples:  89%|████████▊ | 1317/1484 [00:49<00:05, 33.31step/s]
[Origin 1/13] 🎲 Drawing Posterior Samples:  89%|████████▉ | 1321/1484 [00:49<00:04, 33.71step/s]
[Origin 1/13] 🎲 Drawing Posterior Samples:  89%|████████▉ | 1325/1484 [00:49<00:04, 33.30step/s]
[Origin 1/13] 🎲 Drawing Posterior Samples:  90%|████████▉ | 1329/1484 [00:49<00:04, 33.09step/s]
[Origin 1/13] 🎲 Drawing Posterior Samples:  90%|████████▉ | 1333/1484 [00:50<00:04, 33.56step/s]
[Origin 1/13] 🎲 Drawing Posterior Samples:  90%|█████████ | 1337/1484 [00:50<00:04, 32.50step/s]
[Origin 1/13] 🎲 Drawing Posterior Samples:  90%|█████████ | 1341/1484 [00:50<00:04, 32.11step/s]
[Origin 1/13] 🎲 Drawing Posterior Samples:  91%|█████████ | 1345/1484 [00:50<00:04, 30.70step/s]
[Origin 1/13] 🎲 Drawing Posterior Samples:  91%|█████████ | 1349/1484 [00:50<00:04, 30.95step/s]
[Origin 1/13] 🎲 Drawing Posterior Samples:  91%|█████████ | 1353/1484 [00:50<00:04, 31.33step/s]
[Origin 1/13] 🎲 Drawing Posterior Samples:  91%|█████████▏| 1357/1484 [00:50<00:04, 31.40step/s]
[Origin 1/13] 🎲 Drawing Posterior Samples:  92%|█████████▏| 1361/1484 [00:50<00:04, 29.94step/s]
[Origin 1/13] 🎲 Drawing Posterior Samples:  92%|█████████▏| 1365/1484 [00:51<00:03, 29.94step/s]
[Origin 1/13] 🎲 Drawing Posterior Samples:  92%|█████████▏| 1369/1484 [00:51<00:03, 30.55step/s]
[Origin 1/13] 🎲 Drawing Posterior Samples:  93%|█████████▎| 1373/1484 [00:51<00:03, 30.10step/s]
[Origin 1/13] 🎲 Drawing Posterior Samples:  93%|█████████▎| 1377/1484 [00:51<00:03, 31.91step/s]
[Origin 1/13] 🎲 Drawing Posterior Samples:  93%|█████████▎| 1381/1484 [00:51<00:03, 32.39step/s]
[Origin 1/13] 🎲 Drawing Posterior Samples:  93%|█████████▎| 1385/1484 [00:51<00:03, 32.22step/s]
[Origin 1/13] 🎲 Drawing Posterior Samples:  94%|█████████▎| 1389/1484 [00:51<00:02, 31.94step/s]
[Origin 1/13] 🎲 Drawing Posterior Samples:  94%|█████████▍| 1393/1484 [00:51<00:02, 32.96step/s]
[Origin 1/13] 🎲 Drawing Posterior Samples:  94%|█████████▍| 1397/1484 [00:52<00:02, 33.81step/s]
[Origin 1/13] 🎲 Drawing Posterior Samples:  94%|█████████▍| 1401/1484 [00:52<00:02, 34.03step/s]
[Origin 1/13] 🎲 Drawing Posterior Samples:  95%|█████████▍| 1405/1484 [00:52<00:02, 34.16step/s]
[Origin 1/13] 🎲 Drawing Posterior Samples:  95%|█████████▍| 1409/1484 [00:52<00:02, 35.03step/s]
[Origin 1/13] 🎲 Drawing Posterior Samples:  95%|█████████▌| 1413/1484 [00:52<00:02, 35.09step/s]
[Origin 1/13] 🎲 Drawing Posterior Samples:  95%|█████████▌| 1417/1484 [00:52<00:01, 34.28step/s]
[Origin 1/13] 🎲 Drawing Posterior Samples:  96%|█████████▌| 1421/1484 [00:52<00:01, 35.43step/s]
[Origin 1/13] 🎲 Drawing Posterior Samples:  96%|█████████▌| 1425/1484 [00:52<00:01, 35.87step/s]
[Origin 1/13] 🎲 Drawing Posterior Samples:  96%|█████████▋| 1429/1484 [00:52<00:01, 35.67step/s]
[Origin 1/13] 🎲 Drawing Posterior Samples:  97%|█████████▋| 1433/1484 [00:53<00:01, 34.51step/s]
[Origin 1/13] 🎲 Drawing Posterior Samples:  97%|█████████▋| 1437/1484 [00:53<00:01, 34.40step/s]
[Origin 1/13] 🎲 Drawing Posterior Samples:  97%|█████████▋| 1441/1484 [00:53<00:01, 34.25step/s]
[Origin 1/13] 🎲 Drawing Posterior Samples:  97%|█████████▋| 1445/1484 [00:53<00:01, 33.68step/s]
[Origin 1/13] 🎲 Drawing Posterior Samples:  98%|█████████▊| 1449/1484 [00:53<00:01, 30.68step/s]
[Origin 1/13] 🎲 Drawing Posterior Samples:  98%|█████████▊| 1453/1484 [00:53<00:01, 25.69step/s]
[Origin 1/13] 🎲 Drawing Posterior Samples:  98%|█████████▊| 1456/1484 [00:53<00:01, 24.77step/s]
[Origin 1/13] 🎲 Drawing Posterior Samples:  98%|█████████▊| 1459/1484 [00:54<00:01, 22.30step/s]
[Origin 1/13] 🎲 Drawing Posterior Samples:  99%|█████████▊| 1462/1484 [00:54<00:01, 20.64step/s]
[Origin 1/13] 🎲 Drawing Posterior Samples:  99%|█████████▊| 1465/1484 [00:54<00:00, 19.62step/s]
[Origin 1/13] 🎲 Drawing Posterior Samples:  99%|█████████▉| 1468/1484 [00:54<00:00, 18.59step/s]
[Origin 1/13] 🎲 Drawing Posterior Samples:  99%|█████████▉| 1471/1484 [00:54<00:00, 19.34step/s]
[Origin 1/13] 🎲 Drawing Posterior Samples:  99%|█████████▉| 1474/1484 [00:54<00:00, 19.79step/s]
[Origin 1/13] 🎲 Drawing Posterior Samples: 100%|█████████▉| 1477/1484 [00:55<00:00, 20.21step/s]
[Origin 1/13] 🎲 Drawing Posterior Samples: 100%|█████████▉| 1480/1484 [00:55<00:00, 20.18step/s]
[Origin 1/13] 🎲 Drawing Posterior Samples: 100%|█████████▉| 1483/1484 [00:55<00:00, 20.09step/s]
                                                                                                 

[Origin 2/13] 🎲 Drawing Posterior Samples:   0%|          | 0/1488 [00:00<?, ?step/s]
[Origin 2/13] 🎲 Drawing Posterior Samples:   0%|          | 5/1488 [00:00<00:33, 44.68step/s]
[Origin 2/13] 🎲 Drawing Posterior Samples:   1%|          | 13/1488 [00:00<00:23, 61.88step/s]
[Origin 2/13] 🎲 Drawing Posterior Samples:   1%|▏         | 20/1488 [00:00<00:24, 58.90step/s]
[Origin 2/13] 🎲 Drawing Posterior Samples:   2%|▏         | 26/1488 [00:00<00:25, 57.64step/s]
[Origin 2/13] 🎲 Drawing Posterior Samples:   2%|▏         | 32/1488 [00:00<00:26, 55.22step/s]
[Origin 2/13] 🎲 Drawing Posterior Samples:   3%|▎         | 38/1488 [00:00<00:28, 50.88step/s]
[Origin 2/13] 🎲 Drawing Posterior Samples:   3%|▎         | 44/1488 [00:00<00:34, 41.97step/s]
[Origin 2/13] 🎲 Drawing Posterior Samples:   3%|▎         | 49/1488 [00:01<00:35, 39.99step/s]
[Origin 2/13] 🎲 Drawing Posterior Samples:   4%|▎         | 54/1488 [00:01<00:38, 36.97step/s]
[Origin 2/13] 🎲 Drawing Posterior Samples:   4%|▍         | 58/1488 [00:01<00:40, 34.95step/s]
[Origin 2/13] 🎲 Drawing Posterior Samples:   4%|▍         | 62/1488 [00:01<00:41, 34.10step/s]
[Origin 2/13] 🎲 Drawing Posterior Samples:   4%|▍         | 66/1488 [00:01<00:41, 33.86step/s]
[Origin 2/13] 🎲 Drawing Posterior Samples:   5%|▍         | 70/1488 [00:01<00:42, 33.01step/s]
[Origin 2/13] 🎲 Drawing Posterior Samples:   5%|▍         | 74/1488 [00:01<00:42, 33.18step/s]
[Origin 2/13] 🎲 Drawing Posterior Samples:   5%|▌         | 78/1488 [00:01<00:41, 34.00step/s]
[Origin 2/13] 🎲 Drawing Posterior Samples:   6%|▌         | 82/1488 [00:02<00:42, 32.85step/s]
[Origin 2/13] 🎲 Drawing Posterior Samples:   6%|▌         | 86/1488 [00:02<00:41, 33.40step/s]
[Origin 2/13] 🎲 Drawing Posterior Samples:   6%|▌         | 90/1488 [00:02<00:41, 33.54step/s]
[Origin 2/13] 🎲 Drawing Posterior Samples:   6%|▋         | 94/1488 [00:02<00:43, 31.78step/s]
[Origin 2/13] 🎲 Drawing Posterior Samples:   7%|▋         | 98/1488 [00:02<00:43, 31.90step/s]
[Origin 2/13] 🎲 Drawing Posterior Samples:   7%|▋         | 102/1488 [00:02<00:42, 32.69step/s]
[Origin 2/13] 🎲 Drawing Posterior Samples:   7%|▋         | 106/1488 [00:02<00:42, 32.74step/s]
[Origin 2/13] 🎲 Drawing Posterior Samples:   7%|▋         | 110/1488 [00:02<00:41, 33.46step/s]
[Origin 2/13] 🎲 Drawing Posterior Samples:   8%|▊         | 114/1488 [00:03<00:41, 33.37step/s]
[Origin 2/13] 🎲 Drawing Posterior Samples:   8%|▊         | 118/1488 [00:03<00:41, 33.05step/s]
[Origin 2/13] 🎲 Drawing Posterior Samples:   8%|▊         | 122/1488 [00:03<00:42, 32.52step/s]
[Origin 2/13] 🎲 Drawing Posterior Samples:   8%|▊         | 126/1488 [00:03<00:42, 32.37step/s]
[Origin 2/13] 🎲 Drawing Posterior Samples:   9%|▊         | 130/1488 [00:03<00:42, 32.33step/s]
[Origin 2/13] 🎲 Drawing Posterior Samples:   9%|▉         | 134/1488 [00:03<00:41, 32.56step/s]
[Origin 2/13] 🎲 Drawing Posterior Samples:   9%|▉         | 138/1488 [00:03<00:42, 32.12step/s]
[Origin 2/13] 🎲 Drawing Posterior Samples:  10%|▉         | 142/1488 [00:03<00:42, 31.70step/s]
[Origin 2/13] 🎲 Drawing Posterior Samples:  10%|▉         | 146/1488 [00:04<00:41, 32.18step/s]
[Origin 2/13] 🎲 Drawing Posterior Samples:  10%|█         | 150/1488 [00:04<00:40, 32.84step/s]
[Origin 2/13] 🎲 Drawing Posterior Samples:  10%|█         | 154/1488 [00:04<00:41, 32.07step/s]
[Origin 2/13] 🎲 Drawing Posterior Samples:  11%|█         | 158/1488 [00:04<00:41, 31.83step/s]
[Origin 2/13] 🎲 Drawing Posterior Samples:  11%|█         | 162/1488 [00:04<00:41, 31.64step/s]
[Origin 2/13] 🎲 Drawing Posterior Samples:  11%|█         | 166/1488 [00:04<00:44, 29.62step/s]
[Origin 2/13] 🎲 Drawing Posterior Samples:  11%|█▏        | 170/1488 [00:04<00:43, 29.97step/s]
[Origin 2/13] 🎲 Drawing Posterior Samples:  12%|█▏        | 174/1488 [00:04<00:42, 30.64step/s]
[Origin 2/13] 🎲 Drawing Posterior Samples:  12%|█▏        | 178/1488 [00:05<00:41, 31.28step/s]
[Origin 2/13] 🎲 Drawing Posterior Samples:  12%|█▏        | 182/1488 [00:05<00:41, 31.82step/s]
[Origin 2/13] 🎲 Drawing Posterior Samples:  12%|█▎        | 186/1488 [00:05<00:40, 31.81step/s]
[Origin 2/13] 🎲 Drawing Posterior Samples:  13%|█▎        | 190/1488 [00:05<00:40, 31.85step/s]
[Origin 2/13] 🎲 Drawing Posterior Samples:  13%|█▎        | 194/1488 [00:05<00:40, 31.75step/s]
[Origin 2/13] 🎲 Drawing Posterior Samples:  13%|█▎        | 198/1488 [00:05<00:40, 31.62step/s]
[Origin 2/13] 🎲 Drawing Posterior Samples:  14%|█▎        | 202/1488 [00:05<00:41, 31.23step/s]
[Origin 2/13] 🎲 Drawing Posterior Samples:  14%|█▍        | 206/1488 [00:05<00:41, 30.71step/s]
[Origin 2/13] 🎲 Drawing Posterior Samples:  14%|█▍        | 210/1488 [00:06<00:40, 31.34step/s]
[Origin 2/13] 🎲 Drawing Posterior Samples:  14%|█▍        | 214/1488 [00:06<00:41, 30.41step/s]
[Origin 2/13] 🎲 Drawing Posterior Samples:  15%|█▍        | 218/1488 [00:06<00:41, 30.78step/s]
[Origin 2/13] 🎲 Drawing Posterior Samples:  15%|█▍        | 222/1488 [00:06<00:41, 30.61step/s]
[Origin 2/13] 🎲 Drawing Posterior Samples:  15%|█▌        | 226/1488 [00:06<00:40, 31.26step/s]
[Origin 2/13] 🎲 Drawing Posterior Samples:  15%|█▌        | 230/1488 [00:06<00:40, 31.13step/s]
[Origin 2/13] 🎲 Drawing Posterior Samples:  16%|█▌        | 234/1488 [00:06<00:40, 31.14step/s]
[Origin 2/13] 🎲 Drawing Posterior Samples:  16%|█▌        | 238/1488 [00:07<00:40, 30.95step/s]
[Origin 2/13] 🎲 Drawing Posterior Samples:  16%|█▋        | 242/1488 [00:07<00:40, 31.12step/s]
[Origin 2/13] 🎲 Drawing Posterior Samples:  17%|█▋        | 246/1488 [00:07<00:40, 30.46step/s]
[Origin 2/13] 🎲 Drawing Posterior Samples:  17%|█▋        | 250/1488 [00:07<00:39, 31.49step/s]
[Origin 2/13] 🎲 Drawing Posterior Samples:  17%|█▋        | 254/1488 [00:07<00:39, 31.21step/s]
[Origin 2/13] 🎲 Drawing Posterior Samples:  17%|█▋        | 258/1488 [00:07<00:38, 31.87step/s]
[Origin 2/13] 🎲 Drawing Posterior Samples:  18%|█▊        | 262/1488 [00:07<00:38, 31.74step/s]
[Origin 2/13] 🎲 Drawing Posterior Samples:  18%|█▊        | 266/1488 [00:07<00:37, 32.43step/s]
[Origin 2/13] 🎲 Drawing Posterior Samples:  18%|█▊        | 270/1488 [00:08<00:38, 31.76step/s]
[Origin 2/13] 🎲 Drawing Posterior Samples:  18%|█▊        | 274/1488 [00:08<00:38, 31.82step/s]
[Origin 2/13] 🎲 Drawing Posterior Samples:  19%|█▊        | 278/1488 [00:08<00:38, 31.74step/s]
[Origin 2/13] 🎲 Drawing Posterior Samples:  19%|█▉        | 282/1488 [00:08<00:38, 31.46step/s]
[Origin 2/13] 🎲 Drawing Posterior Samples:  19%|█▉        | 286/1488 [00:08<00:38, 31.40step/s]
[Origin 2/13] 🎲 Drawing Posterior Samples:  19%|█▉        | 290/1488 [00:08<00:37, 31.59step/s]
[Origin 2/13] 🎲 Drawing Posterior Samples:  20%|█▉        | 294/1488 [00:08<00:37, 32.22step/s]
[Origin 2/13] 🎲 Drawing Posterior Samples:  20%|██        | 298/1488 [00:08<00:36, 32.30step/s]
[Origin 2/13] 🎲 Drawing Posterior Samples:  20%|██        | 302/1488 [00:09<00:36, 32.32step/s]
[Origin 2/13] 🎲 Drawing Posterior Samples:  21%|██        | 306/1488 [00:09<00:36, 32.48step/s]
[Origin 2/13] 🎲 Drawing Posterior Samples:  21%|██        | 310/1488 [00:09<00:35, 32.73step/s]
[Origin 2/13] 🎲 Drawing Posterior Samples:  21%|██        | 314/1488 [00:09<00:36, 32.43step/s]
[Origin 2/13] 🎲 Drawing Posterior Samples:  21%|██▏       | 318/1488 [00:09<00:35, 32.51step/s]
[Origin 2/13] 🎲 Drawing Posterior Samples:  22%|██▏       | 322/1488 [00:09<00:37, 30.90step/s]
[Origin 2/13] 🎲 Drawing Posterior Samples:  22%|██▏       | 326/1488 [00:09<00:36, 32.27step/s]
[Origin 2/13] 🎲 Drawing Posterior Samples:  22%|██▏       | 330/1488 [00:09<00:36, 31.42step/s]
[Origin 2/13] 🎲 Drawing Posterior Samples:  22%|██▏       | 334/1488 [00:10<00:36, 31.48step/s]
[Origin 2/13] 🎲 Drawing Posterior Samples:  23%|██▎       | 338/1488 [00:10<00:43, 26.52step/s]
[Origin 2/13] 🎲 Drawing Posterior Samples:  23%|██▎       | 341/1488 [00:10<00:46, 24.81step/s]
[Origin 2/13] 🎲 Drawing Posterior Samples:  23%|██▎       | 344/1488 [00:10<00:51, 22.34step/s]
[Origin 2/13] 🎲 Drawing Posterior Samples:  23%|██▎       | 347/1488 [00:10<00:53, 21.46step/s]
[Origin 2/13] 🎲 Drawing Posterior Samples:  24%|██▎       | 350/1488 [00:10<00:55, 20.42step/s]
[Origin 2/13] 🎲 Drawing Posterior Samples:  24%|██▎       | 353/1488 [00:11<00:59, 19.07step/s]
[Origin 2/13] 🎲 Drawing Posterior Samples:  24%|██▍       | 355/1488 [00:11<01:03, 17.83step/s]
[Origin 2/13] 🎲 Drawing Posterior Samples:  24%|██▍       | 357/1488 [00:11<01:04, 17.59step/s]
[Origin 2/13] 🎲 Drawing Posterior Samples:  24%|██▍       | 359/1488 [00:11<01:02, 17.99step/s]
[Origin 2/13] 🎲 Drawing Posterior Samples:  24%|██▍       | 361/1488 [00:11<01:01, 18.25step/s]
[Origin 2/13] 🎲 Drawing Posterior Samples:  24%|██▍       | 363/1488 [00:11<01:00, 18.66step/s]
[Origin 2/13] 🎲 Drawing Posterior Samples:  25%|██▍       | 365/1488 [00:11<00:59, 18.88step/s]
[Origin 2/13] 🎲 Drawing Posterior Samples:  25%|██▍       | 367/1488 [00:11<00:59, 18.88step/s]
[Origin 2/13] 🎲 Drawing Posterior Samples:  25%|██▍       | 369/1488 [00:11<00:59, 18.69step/s]
[Origin 2/13] 🎲 Drawing Posterior Samples:  25%|██▍       | 371/1488 [00:12<00:59, 18.62step/s]
[Origin 2/13] 🎲 Drawing Posterior Samples:  25%|██▌       | 373/1488 [00:15<10:32,  1.76step/s]
[Origin 2/13] 🎲 Drawing Posterior Samples:  25%|██▌       | 377/1488 [00:15<05:55,  3.12step/s]
[Origin 2/13] 🎲 Drawing Posterior Samples:  26%|██▌       | 381/1488 [00:15<03:47,  4.86step/s]
[Origin 2/13] 🎲 Drawing Posterior Samples:  26%|██▌       | 385/1488 [00:15<02:36,  7.06step/s]
[Origin 2/13] 🎲 Drawing Posterior Samples:  26%|██▌       | 389/1488 [00:16<01:54,  9.60step/s]
[Origin 2/13] 🎲 Drawing Posterior Samples:  26%|██▋       | 393/1488 [00:16<01:26, 12.60step/s]
[Origin 2/13] 🎲 Drawing Posterior Samples:  27%|██▋       | 397/1488 [00:16<01:09, 15.67step/s]
[Origin 2/13] 🎲 Drawing Posterior Samples:  27%|██▋       | 401/1488 [00:16<00:57, 18.90step/s]
[Origin 2/13] 🎲 Drawing Posterior Samples:  27%|██▋       | 405/1488 [00:16<00:49, 21.96step/s]
[Origin 2/13] 🎲 Drawing Posterior Samples:  27%|██▋       | 409/1488 [00:16<00:43, 24.71step/s]
[Origin 2/13] 🎲 Drawing Posterior Samples:  28%|██▊       | 413/1488 [00:16<00:40, 26.79step/s]
[Origin 2/13] 🎲 Drawing Posterior Samples:  28%|██▊       | 417/1488 [00:16<00:37, 28.32step/s]
[Origin 2/13] 🎲 Drawing Posterior Samples:  28%|██▊       | 421/1488 [00:17<00:36, 29.57step/s]
[Origin 2/13] 🎲 Drawing Posterior Samples:  29%|██▊       | 425/1488 [00:17<00:34, 30.68step/s]
[Origin 2/13] 🎲 Drawing Posterior Samples:  29%|██▉       | 429/1488 [00:17<00:32, 32.39step/s]
[Origin 2/13] 🎲 Drawing Posterior Samples:  29%|██▉       | 433/1488 [00:17<00:32, 32.72step/s]
[Origin 2/13] 🎲 Drawing Posterior Samples:  29%|██▉       | 437/1488 [00:17<00:31, 33.41step/s]
[Origin 2/13] 🎲 Drawing Posterior Samples:  30%|██▉       | 441/1488 [00:17<00:30, 34.03step/s]
[Origin 2/13] 🎲 Drawing Posterior Samples:  30%|██▉       | 445/1488 [00:17<00:31, 33.50step/s]
[Origin 2/13] 🎲 Drawing Posterior Samples:  30%|███       | 449/1488 [00:17<00:30, 33.90step/s]
[Origin 2/13] 🎲 Drawing Posterior Samples:  30%|███       | 453/1488 [00:17<00:31, 33.34step/s]
[Origin 2/13] 🎲 Drawing Posterior Samples:  31%|███       | 457/1488 [00:18<00:31, 33.15step/s]
[Origin 2/13] 🎲 Drawing Posterior Samples:  31%|███       | 461/1488 [00:18<00:30, 33.44step/s]
[Origin 2/13] 🎲 Drawing Posterior Samples:  31%|███▏      | 465/1488 [00:18<00:30, 33.43step/s]
[Origin 2/13] 🎲 Drawing Posterior Samples:  32%|███▏      | 469/1488 [00:18<00:30, 32.88step/s]
[Origin 2/13] 🎲 Drawing Posterior Samples:  32%|███▏      | 473/1488 [00:18<00:30, 33.71step/s]
[Origin 2/13] 🎲 Drawing Posterior Samples:  32%|███▏      | 477/1488 [00:18<00:30, 33.27step/s]
[Origin 2/13] 🎲 Drawing Posterior Samples:  32%|███▏      | 481/1488 [00:18<00:30, 32.95step/s]
[Origin 2/13] 🎲 Drawing Posterior Samples:  33%|███▎      | 485/1488 [00:18<00:30, 32.80step/s]
[Origin 2/13] 🎲 Drawing Posterior Samples:  33%|███▎      | 489/1488 [00:19<00:30, 33.12step/s]
[Origin 2/13] 🎲 Drawing Posterior Samples:  33%|███▎      | 493/1488 [00:19<00:29, 33.86step/s]
[Origin 2/13] 🎲 Drawing Posterior Samples:  33%|███▎      | 497/1488 [00:19<00:29, 33.87step/s]
[Origin 2/13] 🎲 Drawing Posterior Samples:  34%|███▎      | 501/1488 [00:19<00:29, 33.65step/s]
[Origin 2/13] 🎲 Drawing Posterior Samples:  34%|███▍      | 505/1488 [00:19<00:28, 34.05step/s]
[Origin 2/13] 🎲 Drawing Posterior Samples:  34%|███▍      | 509/1488 [00:19<00:28, 34.06step/s]
[Origin 2/13] 🎲 Drawing Posterior Samples:  34%|███▍      | 513/1488 [00:19<00:27, 35.20step/s]
[Origin 2/13] 🎲 Drawing Posterior Samples:  35%|███▍      | 517/1488 [00:19<00:28, 34.20step/s]
[Origin 2/13] 🎲 Drawing Posterior Samples:  35%|███▌      | 522/1488 [00:20<00:26, 35.79step/s]
[Origin 2/13] 🎲 Drawing Posterior Samples:  35%|███▌      | 526/1488 [00:20<00:26, 35.82step/s]
[Origin 2/13] 🎲 Drawing Posterior Samples:  36%|███▌      | 530/1488 [00:20<00:26, 35.90step/s]
[Origin 2/13] 🎲 Drawing Posterior Samples:  36%|███▌      | 534/1488 [00:20<00:27, 34.83step/s]
[Origin 2/13] 🎲 Drawing Posterior Samples:  36%|███▌      | 538/1488 [00:20<00:27, 34.73step/s]
[Origin 2/13] 🎲 Drawing Posterior Samples:  36%|███▋      | 542/1488 [00:20<00:26, 35.09step/s]
[Origin 2/13] 🎲 Drawing Posterior Samples:  37%|███▋      | 546/1488 [00:20<00:26, 35.16step/s]
[Origin 2/13] 🎲 Drawing Posterior Samples:  37%|███▋      | 550/1488 [00:20<00:27, 34.28step/s]
[Origin 2/13] 🎲 Drawing Posterior Samples:  37%|███▋      | 554/1488 [00:20<00:26, 34.93step/s]
[Origin 2/13] 🎲 Drawing Posterior Samples:  38%|███▊      | 558/1488 [00:21<00:26, 35.02step/s]
[Origin 2/13] 🎲 Drawing Posterior Samples:  38%|███▊      | 562/1488 [00:21<00:26, 34.99step/s]
[Origin 2/13] 🎲 Drawing Posterior Samples:  38%|███▊      | 566/1488 [00:21<00:26, 34.84step/s]
[Origin 2/13] 🎲 Drawing Posterior Samples:  38%|███▊      | 570/1488 [00:21<00:26, 35.04step/s]
[Origin 2/13] 🎲 Drawing Posterior Samples:  39%|███▊      | 574/1488 [00:21<00:26, 34.89step/s]
[Origin 2/13] 🎲 Drawing Posterior Samples:  39%|███▉      | 578/1488 [00:21<00:26, 34.75step/s]
[Origin 2/13] 🎲 Drawing Posterior Samples:  39%|███▉      | 582/1488 [00:21<00:25, 35.36step/s]
[Origin 2/13] 🎲 Drawing Posterior Samples:  39%|███▉      | 586/1488 [00:21<00:25, 35.45step/s]
[Origin 2/13] 🎲 Drawing Posterior Samples:  40%|███▉      | 590/1488 [00:21<00:25, 34.83step/s]
[Origin 2/13] 🎲 Drawing Posterior Samples:  40%|███▉      | 594/1488 [00:22<00:25, 35.69step/s]
[Origin 2/13] 🎲 Drawing Posterior Samples:  40%|████      | 598/1488 [00:22<00:24, 36.11step/s]
[Origin 2/13] 🎲 Drawing Posterior Samples:  40%|████      | 602/1488 [00:22<00:25, 35.04step/s]
[Origin 2/13] 🎲 Drawing Posterior Samples:  41%|████      | 606/1488 [00:22<00:25, 34.77step/s]
[Origin 2/13] 🎲 Drawing Posterior Samples:  41%|████      | 610/1488 [00:22<00:24, 35.36step/s]
[Origin 2/13] 🎲 Drawing Posterior Samples:  41%|████▏     | 614/1488 [00:22<00:25, 34.73step/s]
[Origin 2/13] 🎲 Drawing Posterior Samples:  42%|████▏     | 618/1488 [00:22<00:25, 34.16step/s]
[Origin 2/13] 🎲 Drawing Posterior Samples:  42%|████▏     | 622/1488 [00:22<00:25, 33.61step/s]
[Origin 2/13] 🎲 Drawing Posterior Samples:  42%|████▏     | 626/1488 [00:22<00:25, 34.45step/s]
[Origin 2/13] 🎲 Drawing Posterior Samples:  42%|████▏     | 630/1488 [00:23<00:25, 34.05step/s]
[Origin 2/13] 🎲 Drawing Posterior Samples:  43%|████▎     | 634/1488 [00:23<00:24, 34.23step/s]
[Origin 2/13] 🎲 Drawing Posterior Samples:  43%|████▎     | 638/1488 [00:23<00:24, 34.89step/s]
[Origin 2/13] 🎲 Drawing Posterior Samples:  43%|████▎     | 642/1488 [00:23<00:24, 34.09step/s]
[Origin 2/13] 🎲 Drawing Posterior Samples:  43%|████▎     | 646/1488 [00:23<00:24, 34.34step/s]
[Origin 2/13] 🎲 Drawing Posterior Samples:  44%|████▎     | 650/1488 [00:23<00:24, 34.56step/s]
[Origin 2/13] 🎲 Drawing Posterior Samples:  44%|████▍     | 654/1488 [00:23<00:23, 34.98step/s]
[Origin 2/13] 🎲 Drawing Posterior Samples:  44%|████▍     | 658/1488 [00:23<00:23, 35.29step/s]
[Origin 2/13] 🎲 Drawing Posterior Samples:  44%|████▍     | 662/1488 [00:24<00:24, 33.08step/s]
[Origin 2/13] 🎲 Drawing Posterior Samples:  45%|████▍     | 666/1488 [00:24<00:23, 34.28step/s]
[Origin 2/13] 🎲 Drawing Posterior Samples:  45%|████▌     | 670/1488 [00:24<00:24, 33.72step/s]
[Origin 2/13] 🎲 Drawing Posterior Samples:  45%|████▌     | 674/1488 [00:24<00:24, 33.32step/s]
[Origin 2/13] 🎲 Drawing Posterior Samples:  46%|████▌     | 678/1488 [00:24<00:23, 34.34step/s]
[Origin 2/13] 🎲 Drawing Posterior Samples:  46%|████▌     | 682/1488 [00:24<00:23, 33.81step/s]
[Origin 2/13] 🎲 Drawing Posterior Samples:  46%|████▌     | 686/1488 [00:24<00:25, 31.57step/s]
[Origin 2/13] 🎲 Drawing Posterior Samples:  46%|████▋     | 690/1488 [00:24<00:25, 31.50step/s]
[Origin 2/13] 🎲 Drawing Posterior Samples:  47%|████▋     | 694/1488 [00:25<00:24, 32.40step/s]
[Origin 2/13] 🎲 Drawing Posterior Samples:  47%|████▋     | 698/1488 [00:25<00:24, 32.43step/s]
[Origin 2/13] 🎲 Drawing Posterior Samples:  47%|████▋     | 702/1488 [00:25<00:23, 32.87step/s]
[Origin 2/13] 🎲 Drawing Posterior Samples:  47%|████▋     | 706/1488 [00:25<00:23, 33.21step/s]
[Origin 2/13] 🎲 Drawing Posterior Samples:  48%|████▊     | 710/1488 [00:25<00:26, 29.30step/s]
[Origin 2/13] 🎲 Drawing Posterior Samples:  48%|████▊     | 714/1488 [00:25<00:29, 26.55step/s]
[Origin 2/13] 🎲 Drawing Posterior Samples:  48%|████▊     | 717/1488 [00:25<00:30, 25.43step/s]
[Origin 2/13] 🎲 Drawing Posterior Samples:  48%|████▊     | 720/1488 [00:26<00:31, 24.32step/s]
[Origin 2/13] 🎲 Drawing Posterior Samples:  49%|████▊     | 723/1488 [00:26<00:32, 23.50step/s]
[Origin 2/13] 🎲 Drawing Posterior Samples:  49%|████▉     | 726/1488 [00:26<00:33, 23.02step/s]
[Origin 2/13] 🎲 Drawing Posterior Samples:  49%|████▉     | 729/1488 [00:26<00:35, 21.31step/s]
[Origin 2/13] 🎲 Drawing Posterior Samples:  49%|████▉     | 732/1488 [00:26<00:37, 19.95step/s]
[Origin 2/13] 🎲 Drawing Posterior Samples:  49%|████▉     | 735/1488 [00:26<00:40, 18.76step/s]
[Origin 2/13] 🎲 Drawing Posterior Samples:  50%|████▉     | 738/1488 [00:26<00:36, 20.54step/s]
[Origin 2/13] 🎲 Drawing Posterior Samples:  50%|████▉     | 742/1488 [00:27<00:30, 24.56step/s]
[Origin 2/13] 🎲 Drawing Posterior Samples:  50%|█████     | 745/1488 [00:29<02:53,  4.29step/s]
[Origin 2/13] 🎲 Drawing Posterior Samples:  50%|█████     | 749/1488 [00:29<01:59,  6.19step/s]
[Origin 2/13] 🎲 Drawing Posterior Samples:  51%|█████     | 753/1488 [00:29<01:26,  8.53step/s]
[Origin 2/13] 🎲 Drawing Posterior Samples:  51%|█████     | 757/1488 [00:29<01:04, 11.37step/s]
[Origin 2/13] 🎲 Drawing Posterior Samples:  51%|█████     | 761/1488 [00:29<00:50, 14.49step/s]
[Origin 2/13] 🎲 Drawing Posterior Samples:  51%|█████▏    | 765/1488 [00:29<00:40, 17.93step/s]
[Origin 2/13] 🎲 Drawing Posterior Samples:  52%|█████▏    | 769/1488 [00:29<00:33, 21.42step/s]
[Origin 2/13] 🎲 Drawing Posterior Samples:  52%|█████▏    | 773/1488 [00:29<00:29, 24.58step/s]
[Origin 2/13] 🎲 Drawing Posterior Samples:  52%|█████▏    | 777/1488 [00:30<00:25, 27.56step/s]
[Origin 2/13] 🎲 Drawing Posterior Samples:  52%|█████▏    | 781/1488 [00:30<00:23, 29.97step/s]
[Origin 2/13] 🎲 Drawing Posterior Samples:  53%|█████▎    | 785/1488 [00:30<00:22, 31.37step/s]
[Origin 2/13] 🎲 Drawing Posterior Samples:  53%|█████▎    | 789/1488 [00:30<00:21, 31.78step/s]
[Origin 2/13] 🎲 Drawing Posterior Samples:  53%|█████▎    | 793/1488 [00:30<00:20, 33.15step/s]
[Origin 2/13] 🎲 Drawing Posterior Samples:  54%|█████▎    | 797/1488 [00:30<00:20, 33.21step/s]
[Origin 2/13] 🎲 Drawing Posterior Samples:  54%|█████▍    | 801/1488 [00:30<00:20, 33.31step/s]
[Origin 2/13] 🎲 Drawing Posterior Samples:  54%|█████▍    | 805/1488 [00:30<00:19, 34.34step/s]
[Origin 2/13] 🎲 Drawing Posterior Samples:  54%|█████▍    | 809/1488 [00:30<00:19, 34.79step/s]
[Origin 2/13] 🎲 Drawing Posterior Samples:  55%|█████▍    | 813/1488 [00:31<00:19, 35.25step/s]
[Origin 2/13] 🎲 Drawing Posterior Samples:  55%|█████▍    | 817/1488 [00:31<00:19, 34.77step/s]
[Origin 2/13] 🎲 Drawing Posterior Samples:  55%|█████▌    | 821/1488 [00:31<00:18, 36.17step/s]
[Origin 2/13] 🎲 Drawing Posterior Samples:  55%|█████▌    | 825/1488 [00:31<00:18, 35.77step/s]
[Origin 2/13] 🎲 Drawing Posterior Samples:  56%|█████▌    | 829/1488 [00:31<00:18, 35.62step/s]
[Origin 2/13] 🎲 Drawing Posterior Samples:  56%|█████▌    | 833/1488 [00:31<00:18, 35.08step/s]
[Origin 2/13] 🎲 Drawing Posterior Samples:  56%|█████▋    | 837/1488 [00:31<00:18, 34.75step/s]
[Origin 2/13] 🎲 Drawing Posterior Samples:  57%|█████▋    | 841/1488 [00:31<00:19, 33.98step/s]
[Origin 2/13] 🎲 Drawing Posterior Samples:  57%|█████▋    | 845/1488 [00:32<00:18, 33.93step/s]
[Origin 2/13] 🎲 Drawing Posterior Samples:  57%|█████▋    | 849/1488 [00:32<00:18, 34.63step/s]
[Origin 2/13] 🎲 Drawing Posterior Samples:  57%|█████▋    | 853/1488 [00:32<00:17, 35.52step/s]
[Origin 2/13] 🎲 Drawing Posterior Samples:  58%|█████▊    | 857/1488 [00:32<00:17, 36.08step/s]
[Origin 2/13] 🎲 Drawing Posterior Samples:  58%|█████▊    | 861/1488 [00:32<00:17, 35.97step/s]
[Origin 2/13] 🎲 Drawing Posterior Samples:  58%|█████▊    | 865/1488 [00:32<00:17, 35.51step/s]
[Origin 2/13] 🎲 Drawing Posterior Samples:  58%|█████▊    | 869/1488 [00:32<00:17, 34.53step/s]
[Origin 2/13] 🎲 Drawing Posterior Samples:  59%|█████▊    | 873/1488 [00:32<00:17, 34.51step/s]
[Origin 2/13] 🎲 Drawing Posterior Samples:  59%|█████▉    | 877/1488 [00:32<00:17, 35.17step/s]
[Origin 2/13] 🎲 Drawing Posterior Samples:  59%|█████▉    | 881/1488 [00:33<00:17, 35.32step/s]
[Origin 2/13] 🎲 Drawing Posterior Samples:  59%|█████▉    | 885/1488 [00:33<00:17, 34.49step/s]
[Origin 2/13] 🎲 Drawing Posterior Samples:  60%|█████▉    | 889/1488 [00:33<00:17, 34.30step/s]
[Origin 2/13] 🎲 Drawing Posterior Samples:  60%|██████    | 893/1488 [00:33<00:16, 35.18step/s]
[Origin 2/13] 🎲 Drawing Posterior Samples:  60%|██████    | 897/1488 [00:33<00:16, 35.17step/s]
[Origin 2/13] 🎲 Drawing Posterior Samples:  61%|██████    | 901/1488 [00:33<00:17, 34.41step/s]
[Origin 2/13] 🎲 Drawing Posterior Samples:  61%|██████    | 905/1488 [00:33<00:16, 35.32step/s]
[Origin 2/13] 🎲 Drawing Posterior Samples:  61%|██████    | 909/1488 [00:33<00:16, 35.21step/s]
[Origin 2/13] 🎲 Drawing Posterior Samples:  61%|██████▏   | 913/1488 [00:33<00:16, 34.85step/s]
[Origin 2/13] 🎲 Drawing Posterior Samples:  62%|██████▏   | 917/1488 [00:34<00:16, 34.49step/s]
[Origin 2/13] 🎲 Drawing Posterior Samples:  62%|██████▏   | 921/1488 [00:34<00:16, 34.34step/s]
[Origin 2/13] 🎲 Drawing Posterior Samples:  62%|██████▏   | 925/1488 [00:34<00:16, 33.72step/s]
[Origin 2/13] 🎲 Drawing Posterior Samples:  62%|██████▏   | 929/1488 [00:34<00:16, 33.91step/s]
[Origin 2/13] 🎲 Drawing Posterior Samples:  63%|██████▎   | 933/1488 [00:34<00:16, 33.61step/s]
[Origin 2/13] 🎲 Drawing Posterior Samples:  63%|██████▎   | 937/1488 [00:34<00:16, 32.88step/s]
[Origin 2/13] 🎲 Drawing Posterior Samples:  63%|██████▎   | 941/1488 [00:34<00:16, 32.32step/s]
[Origin 2/13] 🎲 Drawing Posterior Samples:  64%|██████▎   | 945/1488 [00:34<00:16, 32.56step/s]
[Origin 2/13] 🎲 Drawing Posterior Samples:  64%|██████▍   | 949/1488 [00:35<00:16, 32.98step/s]
[Origin 2/13] 🎲 Drawing Posterior Samples:  64%|██████▍   | 953/1488 [00:35<00:16, 33.22step/s]
[Origin 2/13] 🎲 Drawing Posterior Samples:  64%|██████▍   | 957/1488 [00:35<00:15, 33.47step/s]
[Origin 2/13] 🎲 Drawing Posterior Samples:  65%|██████▍   | 961/1488 [00:35<00:15, 33.51step/s]
[Origin 2/13] 🎲 Drawing Posterior Samples:  65%|██████▍   | 965/1488 [00:35<00:15, 33.93step/s]
[Origin 2/13] 🎲 Drawing Posterior Samples:  65%|██████▌   | 969/1488 [00:35<00:15, 33.92step/s]
[Origin 2/13] 🎲 Drawing Posterior Samples:  65%|██████▌   | 973/1488 [00:35<00:15, 34.01step/s]
[Origin 2/13] 🎲 Drawing Posterior Samples:  66%|██████▌   | 977/1488 [00:35<00:15, 33.15step/s]
[Origin 2/13] 🎲 Drawing Posterior Samples:  66%|██████▌   | 981/1488 [00:35<00:14, 34.45step/s]
[Origin 2/13] 🎲 Drawing Posterior Samples:  66%|██████▌   | 985/1488 [00:36<00:15, 33.40step/s]
[Origin 2/13] 🎲 Drawing Posterior Samples:  66%|██████▋   | 989/1488 [00:36<00:14, 34.16step/s]
[Origin 2/13] 🎲 Drawing Posterior Samples:  67%|██████▋   | 993/1488 [00:36<00:14, 34.06step/s]
[Origin 2/13] 🎲 Drawing Posterior Samples:  67%|██████▋   | 997/1488 [00:36<00:14, 34.26step/s]
[Origin 2/13] 🎲 Drawing Posterior Samples:  67%|██████▋   | 1001/1488 [00:36<00:14, 34.56step/s]
[Origin 2/13] 🎲 Drawing Posterior Samples:  68%|██████▊   | 1005/1488 [00:36<00:14, 33.40step/s]
[Origin 2/13] 🎲 Drawing Posterior Samples:  68%|██████▊   | 1009/1488 [00:36<00:14, 33.74step/s]
[Origin 2/13] 🎲 Drawing Posterior Samples:  68%|██████▊   | 1013/1488 [00:36<00:14, 33.25step/s]
[Origin 2/13] 🎲 Drawing Posterior Samples:  68%|██████▊   | 1017/1488 [00:37<00:14, 33.48step/s]
[Origin 2/13] 🎲 Drawing Posterior Samples:  69%|██████▊   | 1021/1488 [00:37<00:14, 33.34step/s]
[Origin 2/13] 🎲 Drawing Posterior Samples:  69%|██████▉   | 1025/1488 [00:37<00:13, 33.90step/s]
[Origin 2/13] 🎲 Drawing Posterior Samples:  69%|██████▉   | 1029/1488 [00:37<00:13, 32.80step/s]
[Origin 2/13] 🎲 Drawing Posterior Samples:  69%|██████▉   | 1033/1488 [00:37<00:13, 33.73step/s]
[Origin 2/13] 🎲 Drawing Posterior Samples:  70%|██████▉   | 1037/1488 [00:37<00:13, 33.94step/s]
[Origin 2/13] 🎲 Drawing Posterior Samples:  70%|██████▉   | 1041/1488 [00:37<00:13, 33.11step/s]
[Origin 2/13] 🎲 Drawing Posterior Samples:  70%|███████   | 1045/1488 [00:37<00:13, 33.61step/s]
[Origin 2/13] 🎲 Drawing Posterior Samples:  70%|███████   | 1049/1488 [00:38<00:13, 33.72step/s]
[Origin 2/13] 🎲 Drawing Posterior Samples:  71%|███████   | 1053/1488 [00:38<00:12, 34.21step/s]
[Origin 2/13] 🎲 Drawing Posterior Samples:  71%|███████   | 1057/1488 [00:38<00:12, 33.33step/s]
[Origin 2/13] 🎲 Drawing Posterior Samples:  71%|███████▏  | 1061/1488 [00:38<00:12, 33.72step/s]
[Origin 2/13] 🎲 Drawing Posterior Samples:  72%|███████▏  | 1065/1488 [00:38<00:12, 33.83step/s]
[Origin 2/13] 🎲 Drawing Posterior Samples:  72%|███████▏  | 1069/1488 [00:38<00:12, 34.29step/s]
[Origin 2/13] 🎲 Drawing Posterior Samples:  72%|███████▏  | 1073/1488 [00:38<00:12, 33.99step/s]
[Origin 2/13] 🎲 Drawing Posterior Samples:  72%|███████▏  | 1077/1488 [00:38<00:12, 33.52step/s]
[Origin 2/13] 🎲 Drawing Posterior Samples:  73%|███████▎  | 1081/1488 [00:38<00:13, 30.61step/s]
[Origin 2/13] 🎲 Drawing Posterior Samples:  73%|███████▎  | 1085/1488 [00:39<00:14, 28.63step/s]
[Origin 2/13] 🎲 Drawing Posterior Samples:  73%|███████▎  | 1088/1488 [00:39<00:15, 26.06step/s]
[Origin 2/13] 🎲 Drawing Posterior Samples:  73%|███████▎  | 1091/1488 [00:39<00:15, 25.68step/s]
[Origin 2/13] 🎲 Drawing Posterior Samples:  74%|███████▎  | 1094/1488 [00:39<00:15, 24.81step/s]
[Origin 2/13] 🎲 Drawing Posterior Samples:  74%|███████▎  | 1097/1488 [00:39<00:16, 24.06step/s]
[Origin 2/13] 🎲 Drawing Posterior Samples:  74%|███████▍  | 1100/1488 [00:39<00:16, 23.71step/s]
[Origin 2/13] 🎲 Drawing Posterior Samples:  74%|███████▍  | 1103/1488 [00:39<00:16, 23.34step/s]
[Origin 2/13] 🎲 Drawing Posterior Samples:  74%|███████▍  | 1106/1488 [00:40<00:16, 22.68step/s]
[Origin 2/13] 🎲 Drawing Posterior Samples:  75%|███████▍  | 1109/1488 [00:40<00:16, 22.58step/s]
[Origin 2/13] 🎲 Drawing Posterior Samples:  75%|███████▍  | 1112/1488 [00:40<00:16, 22.61step/s]
[Origin 2/13] 🎲 Drawing Posterior Samples:  75%|███████▍  | 1115/1488 [00:40<00:17, 21.93step/s]
[Origin 2/13] 🎲 Drawing Posterior Samples:  75%|███████▌  | 1118/1488 [00:43<01:44,  3.56step/s]
[Origin 2/13] 🎲 Drawing Posterior Samples:  75%|███████▌  | 1122/1488 [00:43<01:09,  5.25step/s]
[Origin 2/13] 🎲 Drawing Posterior Samples:  76%|███████▌  | 1126/1488 [00:43<00:49,  7.29step/s]
[Origin 2/13] 🎲 Drawing Posterior Samples:  76%|███████▌  | 1129/1488 [00:43<00:39,  9.10step/s]
[Origin 2/13] 🎲 Drawing Posterior Samples:  76%|███████▌  | 1133/1488 [00:43<00:29, 11.93step/s]
[Origin 2/13] 🎲 Drawing Posterior Samples:  76%|███████▋  | 1137/1488 [00:43<00:23, 14.85step/s]
[Origin 2/13] 🎲 Drawing Posterior Samples:  77%|███████▋  | 1140/1488 [00:43<00:20, 16.94step/s]
[Origin 2/13] 🎲 Drawing Posterior Samples:  77%|███████▋  | 1144/1488 [00:43<00:17, 19.66step/s]
[Origin 2/13] 🎲 Drawing Posterior Samples:  77%|███████▋  | 1148/1488 [00:44<00:15, 22.15step/s]
[Origin 2/13] 🎲 Drawing Posterior Samples:  77%|███████▋  | 1152/1488 [00:44<00:13, 24.58step/s]
[Origin 2/13] 🎲 Drawing Posterior Samples:  78%|███████▊  | 1155/1488 [00:44<00:13, 25.46step/s]
[Origin 2/13] 🎲 Drawing Posterior Samples:  78%|███████▊  | 1159/1488 [00:44<00:12, 27.29step/s]
[Origin 2/13] 🎲 Drawing Posterior Samples:  78%|███████▊  | 1163/1488 [00:44<00:11, 28.84step/s]
[Origin 2/13] 🎲 Drawing Posterior Samples:  78%|███████▊  | 1167/1488 [00:44<00:10, 30.40step/s]
[Origin 2/13] 🎲 Drawing Posterior Samples:  79%|███████▊  | 1171/1488 [00:44<00:10, 31.06step/s]
[Origin 2/13] 🎲 Drawing Posterior Samples:  79%|███████▉  | 1175/1488 [00:44<00:09, 32.16step/s]
[Origin 2/13] 🎲 Drawing Posterior Samples:  79%|███████▉  | 1179/1488 [00:44<00:09, 31.96step/s]
[Origin 2/13] 🎲 Drawing Posterior Samples:  80%|███████▉  | 1183/1488 [00:45<00:09, 32.92step/s]
[Origin 2/13] 🎲 Drawing Posterior Samples:  80%|███████▉  | 1187/1488 [00:45<00:09, 31.97step/s]
[Origin 2/13] 🎲 Drawing Posterior Samples:  80%|████████  | 1191/1488 [00:45<00:09, 32.45step/s]
[Origin 2/13] 🎲 Drawing Posterior Samples:  80%|████████  | 1195/1488 [00:45<00:09, 32.37step/s]
[Origin 2/13] 🎲 Drawing Posterior Samples:  81%|████████  | 1199/1488 [00:45<00:08, 32.66step/s]
[Origin 2/13] 🎲 Drawing Posterior Samples:  81%|████████  | 1203/1488 [00:45<00:08, 33.47step/s]
[Origin 2/13] 🎲 Drawing Posterior Samples:  81%|████████  | 1207/1488 [00:45<00:08, 33.48step/s]
[Origin 2/13] 🎲 Drawing Posterior Samples:  81%|████████▏ | 1211/1488 [00:45<00:08, 33.85step/s]
[Origin 2/13] 🎲 Drawing Posterior Samples:  82%|████████▏ | 1215/1488 [00:46<00:08, 33.38step/s]
[Origin 2/13] 🎲 Drawing Posterior Samples:  82%|████████▏ | 1219/1488 [00:46<00:07, 34.11step/s]
[Origin 2/13] 🎲 Drawing Posterior Samples:  82%|████████▏ | 1223/1488 [00:46<00:07, 34.02step/s]
[Origin 2/13] 🎲 Drawing Posterior Samples:  82%|████████▏ | 1227/1488 [00:46<00:07, 34.49step/s]
[Origin 2/13] 🎲 Drawing Posterior Samples:  83%|████████▎ | 1231/1488 [00:46<00:07, 33.82step/s]
[Origin 2/13] 🎲 Drawing Posterior Samples:  83%|████████▎ | 1235/1488 [00:46<00:07, 33.53step/s]
[Origin 2/13] 🎲 Drawing Posterior Samples:  83%|████████▎ | 1239/1488 [00:46<00:07, 33.61step/s]
[Origin 2/13] 🎲 Drawing Posterior Samples:  84%|████████▎ | 1243/1488 [00:46<00:07, 33.66step/s]
[Origin 2/13] 🎲 Drawing Posterior Samples:  84%|████████▍ | 1247/1488 [00:46<00:06, 34.66step/s]
[Origin 2/13] 🎲 Drawing Posterior Samples:  84%|████████▍ | 1251/1488 [00:47<00:06, 34.27step/s]
[Origin 2/13] 🎲 Drawing Posterior Samples:  84%|████████▍ | 1255/1488 [00:47<00:06, 34.84step/s]
[Origin 2/13] 🎲 Drawing Posterior Samples:  85%|████████▍ | 1259/1488 [00:47<00:06, 34.14step/s]
[Origin 2/13] 🎲 Drawing Posterior Samples:  85%|████████▍ | 1263/1488 [00:47<00:06, 34.34step/s]
[Origin 2/13] 🎲 Drawing Posterior Samples:  85%|████████▌ | 1267/1488 [00:47<00:06, 35.04step/s]
[Origin 2/13] 🎲 Drawing Posterior Samples:  85%|████████▌ | 1271/1488 [00:47<00:06, 34.01step/s]
[Origin 2/13] 🎲 Drawing Posterior Samples:  86%|████████▌ | 1275/1488 [00:47<00:06, 33.68step/s]
[Origin 2/13] 🎲 Drawing Posterior Samples:  86%|████████▌ | 1279/1488 [00:47<00:06, 34.00step/s]
[Origin 2/13] 🎲 Drawing Posterior Samples:  86%|████████▌ | 1283/1488 [00:48<00:06, 33.71step/s]
[Origin 2/13] 🎲 Drawing Posterior Samples:  86%|████████▋ | 1287/1488 [00:48<00:05, 33.69step/s]
[Origin 2/13] 🎲 Drawing Posterior Samples:  87%|████████▋ | 1291/1488 [00:48<00:05, 34.09step/s]
[Origin 2/13] 🎲 Drawing Posterior Samples:  87%|████████▋ | 1295/1488 [00:48<00:05, 33.90step/s]
[Origin 2/13] 🎲 Drawing Posterior Samples:  87%|████████▋ | 1299/1488 [00:48<00:05, 33.68step/s]
[Origin 2/13] 🎲 Drawing Posterior Samples:  88%|████████▊ | 1303/1488 [00:48<00:05, 34.54step/s]
[Origin 2/13] 🎲 Drawing Posterior Samples:  88%|████████▊ | 1307/1488 [00:48<00:05, 33.91step/s]
[Origin 2/13] 🎲 Drawing Posterior Samples:  88%|████████▊ | 1311/1488 [00:48<00:05, 33.78step/s]
[Origin 2/13] 🎲 Drawing Posterior Samples:  88%|████████▊ | 1315/1488 [00:48<00:05, 33.75step/s]
[Origin 2/13] 🎲 Drawing Posterior Samples:  89%|████████▊ | 1319/1488 [00:49<00:05, 33.69step/s]
[Origin 2/13] 🎲 Drawing Posterior Samples:  89%|████████▉ | 1323/1488 [00:49<00:05, 32.70step/s]
[Origin 2/13] 🎲 Drawing Posterior Samples:  89%|████████▉ | 1327/1488 [00:49<00:05, 32.16step/s]
[Origin 2/13] 🎲 Drawing Posterior Samples:  89%|████████▉ | 1331/1488 [00:49<00:04, 31.45step/s]
[Origin 2/13] 🎲 Drawing Posterior Samples:  90%|████████▉ | 1335/1488 [00:49<00:04, 30.68step/s]
[Origin 2/13] 🎲 Drawing Posterior Samples:  90%|████████▉ | 1339/1488 [00:49<00:04, 30.88step/s]
[Origin 2/13] 🎲 Drawing Posterior Samples:  90%|█████████ | 1343/1488 [00:49<00:04, 30.54step/s]
[Origin 2/13] 🎲 Drawing Posterior Samples:  91%|█████████ | 1347/1488 [00:50<00:04, 30.27step/s]
[Origin 2/13] 🎲 Drawing Posterior Samples:  91%|█████████ | 1351/1488 [00:50<00:04, 30.28step/s]
[Origin 2/13] 🎲 Drawing Posterior Samples:  91%|█████████ | 1355/1488 [00:50<00:04, 30.60step/s]
[Origin 2/13] 🎲 Drawing Posterior Samples:  91%|█████████▏| 1359/1488 [00:50<00:04, 30.26step/s]
[Origin 2/13] 🎲 Drawing Posterior Samples:  92%|█████████▏| 1363/1488 [00:50<00:04, 30.35step/s]
[Origin 2/13] 🎲 Drawing Posterior Samples:  92%|█████████▏| 1367/1488 [00:50<00:03, 30.74step/s]
[Origin 2/13] 🎲 Drawing Posterior Samples:  92%|█████████▏| 1371/1488 [00:50<00:03, 30.36step/s]
[Origin 2/13] 🎲 Drawing Posterior Samples:  92%|█████████▏| 1375/1488 [00:50<00:03, 29.84step/s]
[Origin 2/13] 🎲 Drawing Posterior Samples:  93%|█████████▎| 1379/1488 [00:51<00:03, 30.66step/s]
[Origin 2/13] 🎲 Drawing Posterior Samples:  93%|█████████▎| 1383/1488 [00:51<00:03, 31.62step/s]
[Origin 2/13] 🎲 Drawing Posterior Samples:  93%|█████████▎| 1387/1488 [00:51<00:03, 30.62step/s]
[Origin 2/13] 🎲 Drawing Posterior Samples:  93%|█████████▎| 1391/1488 [00:51<00:03, 30.14step/s]
[Origin 2/13] 🎲 Drawing Posterior Samples:  94%|█████████▍| 1395/1488 [00:51<00:03, 29.90step/s]
[Origin 2/13] 🎲 Drawing Posterior Samples:  94%|█████████▍| 1399/1488 [00:51<00:02, 29.75step/s]
[Origin 2/13] 🎲 Drawing Posterior Samples:  94%|█████████▍| 1403/1488 [00:51<00:02, 30.56step/s]
[Origin 2/13] 🎲 Drawing Posterior Samples:  95%|█████████▍| 1407/1488 [00:52<00:02, 30.46step/s]
[Origin 2/13] 🎲 Drawing Posterior Samples:  95%|█████████▍| 1411/1488 [00:52<00:02, 30.87step/s]
[Origin 2/13] 🎲 Drawing Posterior Samples:  95%|█████████▌| 1415/1488 [00:52<00:02, 30.37step/s]
[Origin 2/13] 🎲 Drawing Posterior Samples:  95%|█████████▌| 1419/1488 [00:52<00:02, 29.89step/s]
[Origin 2/13] 🎲 Drawing Posterior Samples:  96%|█████████▌| 1422/1488 [00:52<00:02, 29.30step/s]
[Origin 2/13] 🎲 Drawing Posterior Samples:  96%|█████████▌| 1425/1488 [00:52<00:02, 29.17step/s]
[Origin 2/13] 🎲 Drawing Posterior Samples:  96%|█████████▌| 1429/1488 [00:52<00:01, 29.53step/s]
[Origin 2/13] 🎲 Drawing Posterior Samples:  96%|█████████▋| 1433/1488 [00:52<00:01, 30.25step/s]
[Origin 2/13] 🎲 Drawing Posterior Samples:  97%|█████████▋| 1437/1488 [00:53<00:01, 29.97step/s]
[Origin 2/13] 🎲 Drawing Posterior Samples:  97%|█████████▋| 1441/1488 [00:53<00:01, 31.83step/s]
[Origin 2/13] 🎲 Drawing Posterior Samples:  97%|█████████▋| 1445/1488 [00:53<00:01, 32.61step/s]
[Origin 2/13] 🎲 Drawing Posterior Samples:  97%|█████████▋| 1449/1488 [00:53<00:01, 32.47step/s]
[Origin 2/13] 🎲 Drawing Posterior Samples:  98%|█████████▊| 1453/1488 [00:53<00:01, 28.48step/s]
[Origin 2/13] 🎲 Drawing Posterior Samples:  98%|█████████▊| 1456/1488 [00:53<00:01, 27.17step/s]
[Origin 2/13] 🎲 Drawing Posterior Samples:  98%|█████████▊| 1459/1488 [00:53<00:01, 26.34step/s]
[Origin 2/13] 🎲 Drawing Posterior Samples:  98%|█████████▊| 1462/1488 [00:53<00:00, 26.01step/s]
[Origin 2/13] 🎲 Drawing Posterior Samples:  98%|█████████▊| 1465/1488 [00:54<00:00, 25.42step/s]
[Origin 2/13] 🎲 Drawing Posterior Samples:  99%|█████████▊| 1468/1488 [00:54<00:00, 24.24step/s]
[Origin 2/13] 🎲 Drawing Posterior Samples:  99%|█████████▉| 1471/1488 [00:54<00:00, 23.92step/s]
[Origin 2/13] 🎲 Drawing Posterior Samples:  99%|█████████▉| 1474/1488 [00:54<00:00, 23.04step/s]
[Origin 2/13] 🎲 Drawing Posterior Samples:  99%|█████████▉| 1477/1488 [00:54<00:00, 22.57step/s]
[Origin 2/13] 🎲 Drawing Posterior Samples:  99%|█████████▉| 1480/1488 [00:54<00:00, 20.32step/s]
[Origin 2/13] 🎲 Drawing Posterior Samples: 100%|█████████▉| 1483/1488 [00:54<00:00, 18.43step/s]
[Origin 2/13] 🎲 Drawing Posterior Samples: 100%|█████████▉| 1485/1488 [00:55<00:00, 17.58step/s]
[Origin 2/13] 🎲 Drawing Posterior Samples: 100%|█████████▉| 1487/1488 [00:55<00:00, 16.98step/s]
                                                                                                 

[Origin 3/13] 🎲 Drawing Posterior Samples:   0%|          | 0/1492 [00:00<?, ?step/s]
[Origin 3/13] 🎲 Drawing Posterior Samples:   0%|          | 5/1492 [00:00<00:32, 45.75step/s]
[Origin 3/13] 🎲 Drawing Posterior Samples:   1%|          | 13/1492 [00:00<00:23, 61.91step/s]
[Origin 3/13] 🎲 Drawing Posterior Samples:   1%|▏         | 20/1492 [00:00<00:26, 56.49step/s]
[Origin 3/13] 🎲 Drawing Posterior Samples:   2%|▏         | 26/1492 [00:00<00:25, 57.30step/s]
[Origin 3/13] 🎲 Drawing Posterior Samples:   2%|▏         | 32/1492 [00:00<00:26, 54.92step/s]
[Origin 3/13] 🎲 Drawing Posterior Samples:   3%|▎         | 38/1492 [00:00<00:27, 52.24step/s]
[Origin 3/13] 🎲 Drawing Posterior Samples:   3%|▎         | 44/1492 [00:00<00:32, 44.10step/s]
[Origin 3/13] 🎲 Drawing Posterior Samples:   3%|▎         | 49/1492 [00:01<00:34, 41.48step/s]
[Origin 3/13] 🎲 Drawing Posterior Samples:   4%|▎         | 54/1492 [00:01<00:36, 38.87step/s]
[Origin 3/13] 🎲 Drawing Posterior Samples:   4%|▍         | 58/1492 [00:01<00:37, 38.38step/s]
[Origin 3/13] 🎲 Drawing Posterior Samples:   4%|▍         | 62/1492 [00:01<00:38, 37.57step/s]
[Origin 3/13] 🎲 Drawing Posterior Samples:   4%|▍         | 66/1492 [00:01<00:38, 36.82step/s]
[Origin 3/13] 🎲 Drawing Posterior Samples:   5%|▍         | 70/1492 [00:01<00:40, 35.46step/s]
[Origin 3/13] 🎲 Drawing Posterior Samples:   5%|▌         | 75/1492 [00:01<00:39, 35.85step/s]
[Origin 3/13] 🎲 Drawing Posterior Samples:   5%|▌         | 79/1492 [00:01<00:38, 36.62step/s]
[Origin 3/13] 🎲 Drawing Posterior Samples:   6%|▌         | 83/1492 [00:01<00:39, 35.95step/s]
[Origin 3/13] 🎲 Drawing Posterior Samples:   6%|▌         | 87/1492 [00:02<00:39, 35.26step/s]
[Origin 3/13] 🎲 Drawing Posterior Samples:   6%|▌         | 91/1492 [00:02<00:39, 35.18step/s]
[Origin 3/13] 🎲 Drawing Posterior Samples:   6%|▋         | 95/1492 [00:02<00:39, 35.25step/s]
[Origin 3/13] 🎲 Drawing Posterior Samples:   7%|▋         | 99/1492 [00:02<00:40, 34.62step/s]
[Origin 3/13] 🎲 Drawing Posterior Samples:   7%|▋         | 103/1492 [00:02<00:41, 33.88step/s]
[Origin 3/13] 🎲 Drawing Posterior Samples:   7%|▋         | 107/1492 [00:02<00:40, 34.26step/s]
[Origin 3/13] 🎲 Drawing Posterior Samples:   7%|▋         | 111/1492 [00:02<00:39, 35.07step/s]
[Origin 3/13] 🎲 Drawing Posterior Samples:   8%|▊         | 115/1492 [00:02<00:38, 35.34step/s]
[Origin 3/13] 🎲 Drawing Posterior Samples:   8%|▊         | 119/1492 [00:03<00:38, 35.60step/s]
[Origin 3/13] 🎲 Drawing Posterior Samples:   8%|▊         | 123/1492 [00:03<00:39, 34.41step/s]
[Origin 3/13] 🎲 Drawing Posterior Samples:   9%|▊         | 127/1492 [00:03<00:40, 33.59step/s]
[Origin 3/13] 🎲 Drawing Posterior Samples:   9%|▉         | 131/1492 [00:03<00:40, 33.26step/s]
[Origin 3/13] 🎲 Drawing Posterior Samples:   9%|▉         | 135/1492 [00:03<00:43, 30.87step/s]
[Origin 3/13] 🎲 Drawing Posterior Samples:   9%|▉         | 139/1492 [00:03<00:44, 30.58step/s]
[Origin 3/13] 🎲 Drawing Posterior Samples:  10%|▉         | 143/1492 [00:03<00:44, 30.58step/s]
[Origin 3/13] 🎲 Drawing Posterior Samples:  10%|▉         | 147/1492 [00:03<00:44, 29.89step/s]
[Origin 3/13] 🎲 Drawing Posterior Samples:  10%|█         | 151/1492 [00:04<00:45, 29.57step/s]
[Origin 3/13] 🎲 Drawing Posterior Samples:  10%|█         | 155/1492 [00:04<00:43, 30.98step/s]
[Origin 3/13] 🎲 Drawing Posterior Samples:  11%|█         | 159/1492 [00:04<00:44, 29.65step/s]
[Origin 3/13] 🎲 Drawing Posterior Samples:  11%|█         | 162/1492 [00:04<00:46, 28.80step/s]
[Origin 3/13] 🎲 Drawing Posterior Samples:  11%|█         | 166/1492 [00:04<00:44, 30.07step/s]
[Origin 3/13] 🎲 Drawing Posterior Samples:  11%|█▏        | 170/1492 [00:04<00:46, 28.53step/s]
[Origin 3/13] 🎲 Drawing Posterior Samples:  12%|█▏        | 174/1492 [00:04<00:44, 29.47step/s]
[Origin 3/13] 🎲 Drawing Posterior Samples:  12%|█▏        | 178/1492 [00:04<00:43, 30.08step/s]
[Origin 3/13] 🎲 Drawing Posterior Samples:  12%|█▏        | 182/1492 [00:05<00:41, 31.27step/s]
[Origin 3/13] 🎲 Drawing Posterior Samples:  12%|█▏        | 186/1492 [00:05<00:41, 31.54step/s]
[Origin 3/13] 🎲 Drawing Posterior Samples:  13%|█▎        | 190/1492 [00:05<00:40, 32.20step/s]
[Origin 3/13] 🎲 Drawing Posterior Samples:  13%|█▎        | 194/1492 [00:05<00:40, 32.39step/s]
[Origin 3/13] 🎲 Drawing Posterior Samples:  13%|█▎        | 198/1492 [00:05<00:39, 32.98step/s]
[Origin 3/13] 🎲 Drawing Posterior Samples:  14%|█▎        | 202/1492 [00:05<00:38, 33.13step/s]
[Origin 3/13] 🎲 Drawing Posterior Samples:  14%|█▍        | 206/1492 [00:05<00:38, 33.24step/s]
[Origin 3/13] 🎲 Drawing Posterior Samples:  14%|█▍        | 210/1492 [00:05<00:38, 32.88step/s]
[Origin 3/13] 🎲 Drawing Posterior Samples:  14%|█▍        | 214/1492 [00:06<00:38, 32.77step/s]
[Origin 3/13] 🎲 Drawing Posterior Samples:  15%|█▍        | 218/1492 [00:06<00:39, 32.31step/s]
[Origin 3/13] 🎲 Drawing Posterior Samples:  15%|█▍        | 222/1492 [00:06<00:40, 31.70step/s]
[Origin 3/13] 🎲 Drawing Posterior Samples:  15%|█▌        | 226/1492 [00:06<00:38, 32.76step/s]
[Origin 3/13] 🎲 Drawing Posterior Samples:  15%|█▌        | 230/1492 [00:06<00:38, 33.12step/s]
[Origin 3/13] 🎲 Drawing Posterior Samples:  16%|█▌        | 234/1492 [00:06<00:37, 33.80step/s]
[Origin 3/13] 🎲 Drawing Posterior Samples:  16%|█▌        | 238/1492 [00:06<00:37, 33.13step/s]
[Origin 3/13] 🎲 Drawing Posterior Samples:  16%|█▌        | 242/1492 [00:06<00:37, 33.28step/s]
[Origin 3/13] 🎲 Drawing Posterior Samples:  16%|█▋        | 246/1492 [00:07<00:36, 34.49step/s]
[Origin 3/13] 🎲 Drawing Posterior Samples:  17%|█▋        | 250/1492 [00:07<00:37, 33.52step/s]
[Origin 3/13] 🎲 Drawing Posterior Samples:  17%|█▋        | 254/1492 [00:07<00:36, 33.80step/s]
[Origin 3/13] 🎲 Drawing Posterior Samples:  17%|█▋        | 258/1492 [00:07<00:36, 33.76step/s]
[Origin 3/13] 🎲 Drawing Posterior Samples:  18%|█▊        | 262/1492 [00:07<00:36, 33.88step/s]
[Origin 3/13] 🎲 Drawing Posterior Samples:  18%|█▊        | 266/1492 [00:07<00:36, 33.93step/s]
[Origin 3/13] 🎲 Drawing Posterior Samples:  18%|█▊        | 270/1492 [00:07<00:36, 33.90step/s]
[Origin 3/13] 🎲 Drawing Posterior Samples:  18%|█▊        | 274/1492 [00:07<00:36, 33.29step/s]
[Origin 3/13] 🎲 Drawing Posterior Samples:  19%|█▊        | 278/1492 [00:07<00:36, 33.39step/s]
[Origin 3/13] 🎲 Drawing Posterior Samples:  19%|█▉        | 282/1492 [00:08<00:35, 33.75step/s]
[Origin 3/13] 🎲 Drawing Posterior Samples:  19%|█▉        | 286/1492 [00:08<00:36, 32.94step/s]
[Origin 3/13] 🎲 Drawing Posterior Samples:  19%|█▉        | 290/1492 [00:08<00:37, 32.33step/s]
[Origin 3/13] 🎲 Drawing Posterior Samples:  20%|█▉        | 294/1492 [00:08<00:37, 31.97step/s]
[Origin 3/13] 🎲 Drawing Posterior Samples:  20%|█▉        | 298/1492 [00:08<00:36, 33.00step/s]
[Origin 3/13] 🎲 Drawing Posterior Samples:  20%|██        | 302/1492 [00:08<00:35, 33.53step/s]
[Origin 3/13] 🎲 Drawing Posterior Samples:  21%|██        | 306/1492 [00:08<00:34, 33.93step/s]
[Origin 3/13] 🎲 Drawing Posterior Samples:  21%|██        | 310/1492 [00:08<00:34, 34.41step/s]
[Origin 3/13] 🎲 Drawing Posterior Samples:  21%|██        | 314/1492 [00:09<00:34, 34.35step/s]
[Origin 3/13] 🎲 Drawing Posterior Samples:  21%|██▏       | 318/1492 [00:09<00:33, 34.79step/s]
[Origin 3/13] 🎲 Drawing Posterior Samples:  22%|██▏       | 322/1492 [00:09<00:34, 33.67step/s]
[Origin 3/13] 🎲 Drawing Posterior Samples:  22%|██▏       | 326/1492 [00:09<00:34, 33.81step/s]
[Origin 3/13] 🎲 Drawing Posterior Samples:  22%|██▏       | 330/1492 [00:09<00:33, 34.58step/s]
[Origin 3/13] 🎲 Drawing Posterior Samples:  22%|██▏       | 334/1492 [00:09<00:35, 32.80step/s]
[Origin 3/13] 🎲 Drawing Posterior Samples:  23%|██▎       | 338/1492 [00:09<00:39, 29.24step/s]
[Origin 3/13] 🎲 Drawing Posterior Samples:  23%|██▎       | 342/1492 [00:09<00:40, 28.39step/s]
[Origin 3/13] 🎲 Drawing Posterior Samples:  23%|██▎       | 345/1492 [00:10<00:48, 23.56step/s]
[Origin 3/13] 🎲 Drawing Posterior Samples:  23%|██▎       | 348/1492 [00:10<00:55, 20.61step/s]
[Origin 3/13] 🎲 Drawing Posterior Samples:  24%|██▎       | 351/1492 [00:10<00:57, 19.92step/s]
[Origin 3/13] 🎲 Drawing Posterior Samples:  24%|██▎       | 354/1492 [00:10<01:00, 18.94step/s]
[Origin 3/13] 🎲 Drawing Posterior Samples:  24%|██▍       | 357/1492 [00:10<00:58, 19.42step/s]
[Origin 3/13] 🎲 Drawing Posterior Samples:  24%|██▍       | 359/1492 [00:10<00:58, 19.43step/s]
[Origin 3/13] 🎲 Drawing Posterior Samples:  24%|██▍       | 362/1492 [00:11<00:57, 19.77step/s]
[Origin 3/13] 🎲 Drawing Posterior Samples:  24%|██▍       | 365/1492 [00:11<00:57, 19.65step/s]
[Origin 3/13] 🎲 Drawing Posterior Samples:  25%|██▍       | 367/1492 [00:11<00:58, 19.38step/s]
[Origin 3/13] 🎲 Drawing Posterior Samples:  25%|██▍       | 369/1492 [00:11<01:00, 18.55step/s]
[Origin 3/13] 🎲 Drawing Posterior Samples:  25%|██▍       | 371/1492 [00:11<01:00, 18.52step/s]
[Origin 3/13] 🎲 Drawing Posterior Samples:  25%|██▌       | 373/1492 [00:11<01:00, 18.61step/s]
[Origin 3/13] 🎲 Drawing Posterior Samples:  25%|██▌       | 375/1492 [00:15<09:33,  1.95step/s]
[Origin 3/13] 🎲 Drawing Posterior Samples:  25%|██▌       | 379/1492 [00:15<05:33,  3.34step/s]
[Origin 3/13] 🎲 Drawing Posterior Samples:  26%|██▌       | 383/1492 [00:15<03:35,  5.15step/s]
[Origin 3/13] 🎲 Drawing Posterior Samples:  26%|██▌       | 387/1492 [00:15<02:29,  7.41step/s]
[Origin 3/13] 🎲 Drawing Posterior Samples:  26%|██▌       | 391/1492 [00:15<01:49, 10.07step/s]
[Origin 3/13] 🎲 Drawing Posterior Samples:  26%|██▋       | 395/1492 [00:15<01:22, 13.25step/s]
[Origin 3/13] 🎲 Drawing Posterior Samples:  27%|██▋       | 399/1492 [00:15<01:07, 16.07step/s]
[Origin 3/13] 🎲 Drawing Posterior Samples:  27%|██▋       | 403/1492 [00:15<00:55, 19.68step/s]
[Origin 3/13] 🎲 Drawing Posterior Samples:  27%|██▋       | 407/1492 [00:16<00:48, 22.18step/s]
[Origin 3/13] 🎲 Drawing Posterior Samples:  28%|██▊       | 411/1492 [00:16<00:42, 25.21step/s]
[Origin 3/13] 🎲 Drawing Posterior Samples:  28%|██▊       | 415/1492 [00:16<00:39, 27.38step/s]
[Origin 3/13] 🎲 Drawing Posterior Samples:  28%|██▊       | 419/1492 [00:16<00:36, 29.29step/s]
[Origin 3/13] 🎲 Drawing Posterior Samples:  28%|██▊       | 423/1492 [00:16<00:34, 30.62step/s]
[Origin 3/13] 🎲 Drawing Posterior Samples:  29%|██▊       | 427/1492 [00:16<00:34, 31.27step/s]
[Origin 3/13] 🎲 Drawing Posterior Samples:  29%|██▉       | 431/1492 [00:16<00:32, 32.70step/s]
[Origin 3/13] 🎲 Drawing Posterior Samples:  29%|██▉       | 435/1492 [00:16<00:32, 32.74step/s]
[Origin 3/13] 🎲 Drawing Posterior Samples:  29%|██▉       | 439/1492 [00:16<00:31, 33.71step/s]
[Origin 3/13] 🎲 Drawing Posterior Samples:  30%|██▉       | 443/1492 [00:17<00:31, 33.80step/s]
[Origin 3/13] 🎲 Drawing Posterior Samples:  30%|██▉       | 447/1492 [00:17<00:30, 34.33step/s]
[Origin 3/13] 🎲 Drawing Posterior Samples:  30%|███       | 451/1492 [00:17<00:30, 34.38step/s]
[Origin 3/13] 🎲 Drawing Posterior Samples:  30%|███       | 455/1492 [00:17<00:30, 34.27step/s]
[Origin 3/13] 🎲 Drawing Posterior Samples:  31%|███       | 459/1492 [00:17<00:29, 34.69step/s]
[Origin 3/13] 🎲 Drawing Posterior Samples:  31%|███       | 463/1492 [00:17<00:29, 34.38step/s]
[Origin 3/13] 🎲 Drawing Posterior Samples:  31%|███▏      | 467/1492 [00:17<00:29, 34.38step/s]
[Origin 3/13] 🎲 Drawing Posterior Samples:  32%|███▏      | 471/1492 [00:17<00:29, 34.07step/s]
[Origin 3/13] 🎲 Drawing Posterior Samples:  32%|███▏      | 475/1492 [00:18<00:29, 34.42step/s]
[Origin 3/13] 🎲 Drawing Posterior Samples:  32%|███▏      | 479/1492 [00:18<00:28, 35.28step/s]
[Origin 3/13] 🎲 Drawing Posterior Samples:  32%|███▏      | 483/1492 [00:18<00:29, 34.51step/s]
[Origin 3/13] 🎲 Drawing Posterior Samples:  33%|███▎      | 487/1492 [00:18<00:28, 35.26step/s]
[Origin 3/13] 🎲 Drawing Posterior Samples:  33%|███▎      | 491/1492 [00:18<00:29, 34.39step/s]
[Origin 3/13] 🎲 Drawing Posterior Samples:  33%|███▎      | 495/1492 [00:18<00:29, 34.24step/s]
[Origin 3/13] 🎲 Drawing Posterior Samples:  33%|███▎      | 499/1492 [00:18<00:29, 34.19step/s]
[Origin 3/13] 🎲 Drawing Posterior Samples:  34%|███▎      | 503/1492 [00:18<00:28, 35.24step/s]
[Origin 3/13] 🎲 Drawing Posterior Samples:  34%|███▍      | 507/1492 [00:18<00:28, 35.05step/s]
[Origin 3/13] 🎲 Drawing Posterior Samples:  34%|███▍      | 511/1492 [00:19<00:27, 35.21step/s]
[Origin 3/13] 🎲 Drawing Posterior Samples:  35%|███▍      | 515/1492 [00:19<00:27, 35.96step/s]
[Origin 3/13] 🎲 Drawing Posterior Samples:  35%|███▍      | 519/1492 [00:19<00:27, 35.61step/s]
[Origin 3/13] 🎲 Drawing Posterior Samples:  35%|███▌      | 523/1492 [00:19<00:27, 35.01step/s]
[Origin 3/13] 🎲 Drawing Posterior Samples:  35%|███▌      | 527/1492 [00:19<00:26, 36.26step/s]
[Origin 3/13] 🎲 Drawing Posterior Samples:  36%|███▌      | 531/1492 [00:19<00:26, 35.87step/s]
[Origin 3/13] 🎲 Drawing Posterior Samples:  36%|███▌      | 535/1492 [00:19<00:26, 35.65step/s]
[Origin 3/13] 🎲 Drawing Posterior Samples:  36%|███▌      | 539/1492 [00:19<00:25, 36.78step/s]
[Origin 3/13] 🎲 Drawing Posterior Samples:  36%|███▋      | 543/1492 [00:19<00:26, 35.78step/s]
[Origin 3/13] 🎲 Drawing Posterior Samples:  37%|███▋      | 547/1492 [00:20<00:26, 35.04step/s]
[Origin 3/13] 🎲 Drawing Posterior Samples:  37%|███▋      | 551/1492 [00:20<00:26, 35.68step/s]
[Origin 3/13] 🎲 Drawing Posterior Samples:  37%|███▋      | 555/1492 [00:20<00:26, 35.76step/s]
[Origin 3/13] 🎲 Drawing Posterior Samples:  37%|███▋      | 559/1492 [00:20<00:25, 35.99step/s]
[Origin 3/13] 🎲 Drawing Posterior Samples:  38%|███▊      | 563/1492 [00:20<00:25, 35.94step/s]
[Origin 3/13] 🎲 Drawing Posterior Samples:  38%|███▊      | 567/1492 [00:20<00:26, 35.56step/s]
[Origin 3/13] 🎲 Drawing Posterior Samples:  38%|███▊      | 571/1492 [00:20<00:26, 34.83step/s]
[Origin 3/13] 🎲 Drawing Posterior Samples:  39%|███▊      | 575/1492 [00:20<00:25, 35.66step/s]
[Origin 3/13] 🎲 Drawing Posterior Samples:  39%|███▉      | 579/1492 [00:20<00:25, 35.55step/s]
[Origin 3/13] 🎲 Drawing Posterior Samples:  39%|███▉      | 583/1492 [00:21<00:25, 35.70step/s]
[Origin 3/13] 🎲 Drawing Posterior Samples:  39%|███▉      | 587/1492 [00:21<00:25, 35.70step/s]
[Origin 3/13] 🎲 Drawing Posterior Samples:  40%|███▉      | 591/1492 [00:21<00:25, 36.04step/s]
[Origin 3/13] 🎲 Drawing Posterior Samples:  40%|███▉      | 595/1492 [00:21<00:25, 35.27step/s]
[Origin 3/13] 🎲 Drawing Posterior Samples:  40%|████      | 599/1492 [00:21<00:24, 35.74step/s]
[Origin 3/13] 🎲 Drawing Posterior Samples:  40%|████      | 603/1492 [00:21<00:25, 35.54step/s]
[Origin 3/13] 🎲 Drawing Posterior Samples:  41%|████      | 607/1492 [00:21<00:24, 35.50step/s]
[Origin 3/13] 🎲 Drawing Posterior Samples:  41%|████      | 611/1492 [00:21<00:25, 34.89step/s]
[Origin 3/13] 🎲 Drawing Posterior Samples:  41%|████      | 615/1492 [00:21<00:25, 34.56step/s]
[Origin 3/13] 🎲 Drawing Posterior Samples:  41%|████▏     | 619/1492 [00:22<00:25, 34.37step/s]
[Origin 3/13] 🎲 Drawing Posterior Samples:  42%|████▏     | 623/1492 [00:22<00:25, 34.44step/s]
[Origin 3/13] 🎲 Drawing Posterior Samples:  42%|████▏     | 627/1492 [00:22<00:25, 34.16step/s]
[Origin 3/13] 🎲 Drawing Posterior Samples:  42%|████▏     | 631/1492 [00:22<00:24, 35.47step/s]
[Origin 3/13] 🎲 Drawing Posterior Samples:  43%|████▎     | 635/1492 [00:22<00:24, 35.44step/s]
[Origin 3/13] 🎲 Drawing Posterior Samples:  43%|████▎     | 639/1492 [00:22<00:24, 35.49step/s]
[Origin 3/13] 🎲 Drawing Posterior Samples:  43%|████▎     | 643/1492 [00:22<00:23, 35.57step/s]
[Origin 3/13] 🎲 Drawing Posterior Samples:  43%|████▎     | 647/1492 [00:22<00:23, 35.34step/s]
[Origin 3/13] 🎲 Drawing Posterior Samples:  44%|████▎     | 651/1492 [00:23<00:24, 34.75step/s]
[Origin 3/13] 🎲 Drawing Posterior Samples:  44%|████▍     | 655/1492 [00:23<00:23, 35.09step/s]
[Origin 3/13] 🎲 Drawing Posterior Samples:  44%|████▍     | 659/1492 [00:23<00:23, 35.25step/s]
[Origin 3/13] 🎲 Drawing Posterior Samples:  44%|████▍     | 663/1492 [00:23<00:23, 34.74step/s]
[Origin 3/13] 🎲 Drawing Posterior Samples:  45%|████▍     | 667/1492 [00:23<00:23, 35.71step/s]
[Origin 3/13] 🎲 Drawing Posterior Samples:  45%|████▍     | 671/1492 [00:23<00:23, 34.77step/s]
[Origin 3/13] 🎲 Drawing Posterior Samples:  45%|████▌     | 675/1492 [00:23<00:23, 35.18step/s]
[Origin 3/13] 🎲 Drawing Posterior Samples:  46%|████▌     | 679/1492 [00:23<00:23, 34.51step/s]
[Origin 3/13] 🎲 Drawing Posterior Samples:  46%|████▌     | 683/1492 [00:23<00:23, 34.89step/s]
[Origin 3/13] 🎲 Drawing Posterior Samples:  46%|████▌     | 687/1492 [00:24<00:23, 34.32step/s]
[Origin 3/13] 🎲 Drawing Posterior Samples:  46%|████▋     | 691/1492 [00:24<00:22, 35.01step/s]
[Origin 3/13] 🎲 Drawing Posterior Samples:  47%|████▋     | 695/1492 [00:24<00:23, 34.44step/s]
[Origin 3/13] 🎲 Drawing Posterior Samples:  47%|████▋     | 699/1492 [00:24<00:23, 33.58step/s]
[Origin 3/13] 🎲 Drawing Posterior Samples:  47%|████▋     | 703/1492 [00:24<00:22, 34.69step/s]
[Origin 3/13] 🎲 Drawing Posterior Samples:  47%|████▋     | 707/1492 [00:24<00:23, 33.80step/s]
[Origin 3/13] 🎲 Drawing Posterior Samples:  48%|████▊     | 711/1492 [00:24<00:25, 30.17step/s]
[Origin 3/13] 🎲 Drawing Posterior Samples:  48%|████▊     | 715/1492 [00:24<00:27, 28.31step/s]
[Origin 3/13] 🎲 Drawing Posterior Samples:  48%|████▊     | 718/1492 [00:25<00:27, 27.76step/s]
[Origin 3/13] 🎲 Drawing Posterior Samples:  48%|████▊     | 721/1492 [00:25<00:30, 24.92step/s]
[Origin 3/13] 🎲 Drawing Posterior Samples:  49%|████▊     | 724/1492 [00:25<00:32, 23.64step/s]
[Origin 3/13] 🎲 Drawing Posterior Samples:  49%|████▊     | 727/1492 [00:25<00:31, 23.95step/s]
[Origin 3/13] 🎲 Drawing Posterior Samples:  49%|████▉     | 730/1492 [00:25<00:30, 24.72step/s]
[Origin 3/13] 🎲 Drawing Posterior Samples:  49%|████▉     | 733/1492 [00:25<00:33, 22.52step/s]
[Origin 3/13] 🎲 Drawing Posterior Samples:  49%|████▉     | 736/1492 [00:25<00:35, 21.40step/s]
[Origin 3/13] 🎲 Drawing Posterior Samples:  50%|████▉     | 739/1492 [00:26<00:36, 20.81step/s]
[Origin 3/13] 🎲 Drawing Posterior Samples:  50%|████▉     | 742/1492 [00:26<00:38, 19.41step/s]
[Origin 3/13] 🎲 Drawing Posterior Samples:  50%|████▉     | 744/1492 [00:26<00:38, 19.46step/s]
[Origin 3/13] 🎲 Drawing Posterior Samples:  50%|█████     | 747/1492 [00:29<04:43,  2.63step/s]
[Origin 3/13] 🎲 Drawing Posterior Samples:  50%|█████     | 751/1492 [00:29<03:03,  4.05step/s]
[Origin 3/13] 🎲 Drawing Posterior Samples:  51%|█████     | 759/1492 [00:29<01:32,  7.91step/s]
[Origin 3/13] 🎲 Drawing Posterior Samples:  51%|█████▏    | 765/1492 [00:29<01:03, 11.39step/s]
[Origin 3/13] 🎲 Drawing Posterior Samples:  52%|█████▏    | 771/1492 [00:30<00:46, 15.51step/s]
[Origin 3/13] 🎲 Drawing Posterior Samples:  52%|█████▏    | 777/1492 [00:30<00:35, 20.00step/s]
[Origin 3/13] 🎲 Drawing Posterior Samples:  52%|█████▏    | 783/1492 [00:30<00:29, 24.31step/s]
[Origin 3/13] 🎲 Drawing Posterior Samples:  53%|█████▎    | 788/1492 [00:30<00:27, 25.50step/s]
[Origin 3/13] 🎲 Drawing Posterior Samples:  53%|█████▎    | 793/1492 [00:30<00:26, 26.57step/s]
[Origin 3/13] 🎲 Drawing Posterior Samples:  53%|█████▎    | 797/1492 [00:30<00:24, 28.08step/s]
[Origin 3/13] 🎲 Drawing Posterior Samples:  54%|█████▎    | 801/1492 [00:30<00:23, 28.84step/s]
[Origin 3/13] 🎲 Drawing Posterior Samples:  54%|█████▍    | 805/1492 [00:31<00:23, 29.76step/s]
[Origin 3/13] 🎲 Drawing Posterior Samples:  54%|█████▍    | 809/1492 [00:31<00:23, 29.59step/s]
[Origin 3/13] 🎲 Drawing Posterior Samples:  54%|█████▍    | 813/1492 [00:31<00:22, 29.99step/s]
[Origin 3/13] 🎲 Drawing Posterior Samples:  55%|█████▍    | 817/1492 [00:31<00:22, 29.81step/s]
[Origin 3/13] 🎲 Drawing Posterior Samples:  55%|█████▌    | 821/1492 [00:31<00:21, 30.93step/s]
[Origin 3/13] 🎲 Drawing Posterior Samples:  55%|█████▌    | 825/1492 [00:31<00:21, 30.64step/s]
[Origin 3/13] 🎲 Drawing Posterior Samples:  56%|█████▌    | 829/1492 [00:31<00:22, 30.06step/s]
[Origin 3/13] 🎲 Drawing Posterior Samples:  56%|█████▌    | 833/1492 [00:31<00:21, 30.58step/s]
[Origin 3/13] 🎲 Drawing Posterior Samples:  56%|█████▌    | 837/1492 [00:32<00:21, 30.90step/s]
[Origin 3/13] 🎲 Drawing Posterior Samples:  56%|█████▋    | 841/1492 [00:32<00:21, 30.92step/s]
[Origin 3/13] 🎲 Drawing Posterior Samples:  57%|█████▋    | 845/1492 [00:32<00:21, 30.70step/s]
[Origin 3/13] 🎲 Drawing Posterior Samples:  57%|█████▋    | 849/1492 [00:32<00:20, 31.30step/s]
[Origin 3/13] 🎲 Drawing Posterior Samples:  57%|█████▋    | 853/1492 [00:32<00:20, 30.54step/s]
[Origin 3/13] 🎲 Drawing Posterior Samples:  57%|█████▋    | 857/1492 [00:32<00:20, 30.48step/s]
[Origin 3/13] 🎲 Drawing Posterior Samples:  58%|█████▊    | 861/1492 [00:32<00:20, 30.56step/s]
[Origin 3/13] 🎲 Drawing Posterior Samples:  58%|█████▊    | 865/1492 [00:32<00:20, 30.73step/s]
[Origin 3/13] 🎲 Drawing Posterior Samples:  58%|█████▊    | 869/1492 [00:33<00:20, 30.70step/s]
[Origin 3/13] 🎲 Drawing Posterior Samples:  59%|█████▊    | 873/1492 [00:33<00:20, 30.90step/s]
[Origin 3/13] 🎲 Drawing Posterior Samples:  59%|█████▉    | 877/1492 [00:33<00:19, 31.24step/s]
[Origin 3/13] 🎲 Drawing Posterior Samples:  59%|█████▉    | 881/1492 [00:33<00:19, 31.28step/s]
[Origin 3/13] 🎲 Drawing Posterior Samples:  59%|█████▉    | 885/1492 [00:33<00:19, 30.61step/s]
[Origin 3/13] 🎲 Drawing Posterior Samples:  60%|█████▉    | 889/1492 [00:33<00:19, 31.00step/s]
[Origin 3/13] 🎲 Drawing Posterior Samples:  60%|█████▉    | 893/1492 [00:33<00:18, 32.45step/s]
[Origin 3/13] 🎲 Drawing Posterior Samples:  60%|██████    | 897/1492 [00:33<00:17, 33.06step/s]
[Origin 3/13] 🎲 Drawing Posterior Samples:  60%|██████    | 901/1492 [00:34<00:18, 32.43step/s]
[Origin 3/13] 🎲 Drawing Posterior Samples:  61%|██████    | 905/1492 [00:34<00:17, 32.98step/s]
[Origin 3/13] 🎲 Drawing Posterior Samples:  61%|██████    | 909/1492 [00:34<00:17, 32.59step/s]
[Origin 3/13] 🎲 Drawing Posterior Samples:  61%|██████    | 913/1492 [00:34<00:17, 33.68step/s]
[Origin 3/13] 🎲 Drawing Posterior Samples:  61%|██████▏   | 917/1492 [00:34<00:17, 33.11step/s]
[Origin 3/13] 🎲 Drawing Posterior Samples:  62%|██████▏   | 921/1492 [00:34<00:16, 33.66step/s]
[Origin 3/13] 🎲 Drawing Posterior Samples:  62%|██████▏   | 925/1492 [00:34<00:16, 33.82step/s]
[Origin 3/13] 🎲 Drawing Posterior Samples:  62%|██████▏   | 929/1492 [00:34<00:16, 33.70step/s]
[Origin 3/13] 🎲 Drawing Posterior Samples:  63%|██████▎   | 933/1492 [00:35<00:16, 33.65step/s]
[Origin 3/13] 🎲 Drawing Posterior Samples:  63%|██████▎   | 937/1492 [00:35<00:16, 33.62step/s]
[Origin 3/13] 🎲 Drawing Posterior Samples:  63%|██████▎   | 941/1492 [00:35<00:16, 34.22step/s]
[Origin 3/13] 🎲 Drawing Posterior Samples:  63%|██████▎   | 945/1492 [00:35<00:16, 33.16step/s]
[Origin 3/13] 🎲 Drawing Posterior Samples:  64%|██████▎   | 949/1492 [00:35<00:15, 33.94step/s]
[Origin 3/13] 🎲 Drawing Posterior Samples:  64%|██████▍   | 953/1492 [00:35<00:16, 33.22step/s]
[Origin 3/13] 🎲 Drawing Posterior Samples:  64%|██████▍   | 957/1492 [00:35<00:16, 33.42step/s]
[Origin 3/13] 🎲 Drawing Posterior Samples:  64%|██████▍   | 961/1492 [00:35<00:15, 33.56step/s]
[Origin 3/13] 🎲 Drawing Posterior Samples:  65%|██████▍   | 965/1492 [00:35<00:15, 34.34step/s]
[Origin 3/13] 🎲 Drawing Posterior Samples:  65%|██████▍   | 969/1492 [00:36<00:15, 34.45step/s]
[Origin 3/13] 🎲 Drawing Posterior Samples:  65%|██████▌   | 973/1492 [00:36<00:15, 34.36step/s]
[Origin 3/13] 🎲 Drawing Posterior Samples:  65%|██████▌   | 977/1492 [00:36<00:14, 35.15step/s]
[Origin 3/13] 🎲 Drawing Posterior Samples:  66%|██████▌   | 981/1492 [00:36<00:15, 33.96step/s]
[Origin 3/13] 🎲 Drawing Posterior Samples:  66%|██████▌   | 985/1492 [00:36<00:14, 34.41step/s]
[Origin 3/13] 🎲 Drawing Posterior Samples:  66%|██████▋   | 989/1492 [00:36<00:14, 33.94step/s]
[Origin 3/13] 🎲 Drawing Posterior Samples:  67%|██████▋   | 993/1492 [00:36<00:15, 33.00step/s]
[Origin 3/13] 🎲 Drawing Posterior Samples:  67%|██████▋   | 997/1492 [00:36<00:14, 33.07step/s]
[Origin 3/13] 🎲 Drawing Posterior Samples:  67%|██████▋   | 1001/1492 [00:37<00:14, 33.44step/s]
[Origin 3/13] 🎲 Drawing Posterior Samples:  67%|██████▋   | 1005/1492 [00:37<00:14, 33.99step/s]
[Origin 3/13] 🎲 Drawing Posterior Samples:  68%|██████▊   | 1009/1492 [00:37<00:14, 33.38step/s]
[Origin 3/13] 🎲 Drawing Posterior Samples:  68%|██████▊   | 1013/1492 [00:37<00:14, 32.81step/s]
[Origin 3/13] 🎲 Drawing Posterior Samples:  68%|██████▊   | 1017/1492 [00:37<00:14, 32.72step/s]
[Origin 3/13] 🎲 Drawing Posterior Samples:  68%|██████▊   | 1021/1492 [00:37<00:13, 33.98step/s]
[Origin 3/13] 🎲 Drawing Posterior Samples:  69%|██████▊   | 1025/1492 [00:37<00:14, 32.81step/s]
[Origin 3/13] 🎲 Drawing Posterior Samples:  69%|██████▉   | 1029/1492 [00:37<00:13, 33.78step/s]
[Origin 3/13] 🎲 Drawing Posterior Samples:  69%|██████▉   | 1033/1492 [00:38<00:13, 32.87step/s]
[Origin 3/13] 🎲 Drawing Posterior Samples:  70%|██████▉   | 1037/1492 [00:38<00:13, 33.78step/s]
[Origin 3/13] 🎲 Drawing Posterior Samples:  70%|██████▉   | 1041/1492 [00:38<00:13, 34.14step/s]
[Origin 3/13] 🎲 Drawing Posterior Samples:  70%|███████   | 1045/1492 [00:38<00:13, 33.98step/s]
[Origin 3/13] 🎲 Drawing Posterior Samples:  70%|███████   | 1049/1492 [00:38<00:12, 34.46step/s]
[Origin 3/13] 🎲 Drawing Posterior Samples:  71%|███████   | 1053/1492 [00:38<00:12, 34.07step/s]
[Origin 3/13] 🎲 Drawing Posterior Samples:  71%|███████   | 1057/1492 [00:38<00:12, 34.08step/s]
[Origin 3/13] 🎲 Drawing Posterior Samples:  71%|███████   | 1061/1492 [00:38<00:13, 33.08step/s]
[Origin 3/13] 🎲 Drawing Posterior Samples:  71%|███████▏  | 1065/1492 [00:38<00:13, 32.41step/s]
[Origin 3/13] 🎲 Drawing Posterior Samples:  72%|███████▏  | 1069/1492 [00:39<00:13, 31.96step/s]
[Origin 3/13] 🎲 Drawing Posterior Samples:  72%|███████▏  | 1073/1492 [00:39<00:12, 32.27step/s]
[Origin 3/13] 🎲 Drawing Posterior Samples:  72%|███████▏  | 1077/1492 [00:39<00:12, 32.19step/s]
[Origin 3/13] 🎲 Drawing Posterior Samples:  72%|███████▏  | 1081/1492 [00:39<00:12, 31.95step/s]
[Origin 3/13] 🎲 Drawing Posterior Samples:  73%|███████▎  | 1085/1492 [00:39<00:15, 26.74step/s]
[Origin 3/13] 🎲 Drawing Posterior Samples:  73%|███████▎  | 1088/1492 [00:39<00:17, 23.52step/s]
[Origin 3/13] 🎲 Drawing Posterior Samples:  73%|███████▎  | 1091/1492 [00:40<00:18, 22.00step/s]
[Origin 3/13] 🎲 Drawing Posterior Samples:  73%|███████▎  | 1094/1492 [00:40<00:19, 19.92step/s]
[Origin 3/13] 🎲 Drawing Posterior Samples:  74%|███████▎  | 1097/1492 [00:40<00:20, 19.61step/s]
[Origin 3/13] 🎲 Drawing Posterior Samples:  74%|███████▎  | 1100/1492 [00:40<00:19, 19.96step/s]
[Origin 3/13] 🎲 Drawing Posterior Samples:  74%|███████▍  | 1103/1492 [00:40<00:19, 20.10step/s]
[Origin 3/13] 🎲 Drawing Posterior Samples:  74%|███████▍  | 1106/1492 [00:40<00:19, 19.99step/s]
[Origin 3/13] 🎲 Drawing Posterior Samples:  74%|███████▍  | 1109/1492 [00:40<00:19, 20.09step/s]
[Origin 3/13] 🎲 Drawing Posterior Samples:  75%|███████▍  | 1112/1492 [00:41<00:18, 20.03step/s]
[Origin 3/13] 🎲 Drawing Posterior Samples:  75%|███████▍  | 1115/1492 [00:41<00:19, 19.81step/s]
[Origin 3/13] 🎲 Drawing Posterior Samples:  75%|███████▍  | 1117/1492 [00:41<00:19, 19.61step/s]
[Origin 3/13] 🎲 Drawing Posterior Samples:  75%|███████▌  | 1119/1492 [00:41<00:19, 19.37step/s]
[Origin 3/13] 🎲 Drawing Posterior Samples:  75%|███████▌  | 1121/1492 [00:44<02:54,  2.13step/s]
[Origin 3/13] 🎲 Drawing Posterior Samples:  75%|███████▌  | 1125/1492 [00:44<01:44,  3.51step/s]
[Origin 3/13] 🎲 Drawing Posterior Samples:  76%|███████▌  | 1129/1492 [00:45<01:08,  5.31step/s]
[Origin 3/13] 🎲 Drawing Posterior Samples:  76%|███████▌  | 1133/1492 [00:45<00:47,  7.53step/s]
[Origin 3/13] 🎲 Drawing Posterior Samples:  76%|███████▌  | 1137/1492 [00:45<00:34, 10.17step/s]
[Origin 3/13] 🎲 Drawing Posterior Samples:  76%|███████▋  | 1141/1492 [00:45<00:26, 13.15step/s]
[Origin 3/13] 🎲 Drawing Posterior Samples:  77%|███████▋  | 1145/1492 [00:45<00:21, 16.28step/s]
[Origin 3/13] 🎲 Drawing Posterior Samples:  77%|███████▋  | 1149/1492 [00:45<00:17, 19.63step/s]
[Origin 3/13] 🎲 Drawing Posterior Samples:  77%|███████▋  | 1153/1492 [00:45<00:15, 22.32step/s]
[Origin 3/13] 🎲 Drawing Posterior Samples:  78%|███████▊  | 1157/1492 [00:45<00:13, 25.08step/s]
[Origin 3/13] 🎲 Drawing Posterior Samples:  78%|███████▊  | 1161/1492 [00:46<00:12, 26.76step/s]
[Origin 3/13] 🎲 Drawing Posterior Samples:  78%|███████▊  | 1165/1492 [00:46<00:11, 28.55step/s]
[Origin 3/13] 🎲 Drawing Posterior Samples:  78%|███████▊  | 1169/1492 [00:46<00:11, 28.95step/s]
[Origin 3/13] 🎲 Drawing Posterior Samples:  79%|███████▊  | 1173/1492 [00:46<00:10, 30.30step/s]
[Origin 3/13] 🎲 Drawing Posterior Samples:  79%|███████▉  | 1177/1492 [00:46<00:09, 32.00step/s]
[Origin 3/13] 🎲 Drawing Posterior Samples:  79%|███████▉  | 1181/1492 [00:46<00:09, 31.67step/s]
[Origin 3/13] 🎲 Drawing Posterior Samples:  79%|███████▉  | 1185/1492 [00:46<00:09, 32.80step/s]
[Origin 3/13] 🎲 Drawing Posterior Samples:  80%|███████▉  | 1189/1492 [00:46<00:09, 32.73step/s]
[Origin 3/13] 🎲 Drawing Posterior Samples:  80%|███████▉  | 1193/1492 [00:46<00:08, 34.21step/s]
[Origin 3/13] 🎲 Drawing Posterior Samples:  80%|████████  | 1197/1492 [00:47<00:08, 33.20step/s]
[Origin 3/13] 🎲 Drawing Posterior Samples:  80%|████████  | 1201/1492 [00:47<00:08, 34.07step/s]
[Origin 3/13] 🎲 Drawing Posterior Samples:  81%|████████  | 1205/1492 [00:47<00:08, 33.62step/s]
[Origin 3/13] 🎲 Drawing Posterior Samples:  81%|████████  | 1209/1492 [00:47<00:08, 34.10step/s]
[Origin 3/13] 🎲 Drawing Posterior Samples:  81%|████████▏ | 1213/1492 [00:47<00:08, 34.07step/s]
[Origin 3/13] 🎲 Drawing Posterior Samples:  82%|████████▏ | 1217/1492 [00:47<00:08, 33.98step/s]
[Origin 3/13] 🎲 Drawing Posterior Samples:  82%|████████▏ | 1221/1492 [00:47<00:07, 34.80step/s]
[Origin 3/13] 🎲 Drawing Posterior Samples:  82%|████████▏ | 1225/1492 [00:47<00:07, 34.29step/s]
[Origin 3/13] 🎲 Drawing Posterior Samples:  82%|████████▏ | 1229/1492 [00:48<00:07, 34.64step/s]
[Origin 3/13] 🎲 Drawing Posterior Samples:  83%|████████▎ | 1233/1492 [00:48<00:07, 34.34step/s]
[Origin 3/13] 🎲 Drawing Posterior Samples:  83%|████████▎ | 1237/1492 [00:48<00:07, 34.10step/s]
[Origin 3/13] 🎲 Drawing Posterior Samples:  83%|████████▎ | 1241/1492 [00:48<00:07, 35.10step/s]
[Origin 3/13] 🎲 Drawing Posterior Samples:  83%|████████▎ | 1245/1492 [00:48<00:07, 33.76step/s]
[Origin 3/13] 🎲 Drawing Posterior Samples:  84%|████████▎ | 1249/1492 [00:48<00:07, 34.00step/s]
[Origin 3/13] 🎲 Drawing Posterior Samples:  84%|████████▍ | 1253/1492 [00:48<00:07, 32.99step/s]
[Origin 3/13] 🎲 Drawing Posterior Samples:  84%|████████▍ | 1257/1492 [00:48<00:07, 32.15step/s]
[Origin 3/13] 🎲 Drawing Posterior Samples:  85%|████████▍ | 1261/1492 [00:49<00:07, 31.54step/s]
[Origin 3/13] 🎲 Drawing Posterior Samples:  85%|████████▍ | 1265/1492 [00:49<00:07, 30.72step/s]
[Origin 3/13] 🎲 Drawing Posterior Samples:  85%|████████▌ | 1269/1492 [00:49<00:07, 30.82step/s]
[Origin 3/13] 🎲 Drawing Posterior Samples:  85%|████████▌ | 1273/1492 [00:49<00:07, 30.90step/s]
[Origin 3/13] 🎲 Drawing Posterior Samples:  86%|████████▌ | 1277/1492 [00:49<00:06, 31.56step/s]
[Origin 3/13] 🎲 Drawing Posterior Samples:  86%|████████▌ | 1281/1492 [00:49<00:06, 31.07step/s]
[Origin 3/13] 🎲 Drawing Posterior Samples:  86%|████████▌ | 1285/1492 [00:49<00:06, 31.06step/s]
[Origin 3/13] 🎲 Drawing Posterior Samples:  86%|████████▋ | 1289/1492 [00:49<00:06, 31.31step/s]
[Origin 3/13] 🎲 Drawing Posterior Samples:  87%|████████▋ | 1293/1492 [00:50<00:06, 31.49step/s]
[Origin 3/13] 🎲 Drawing Posterior Samples:  87%|████████▋ | 1297/1492 [00:50<00:06, 31.32step/s]
[Origin 3/13] 🎲 Drawing Posterior Samples:  87%|████████▋ | 1301/1492 [00:50<00:06, 31.61step/s]
[Origin 3/13] 🎲 Drawing Posterior Samples:  87%|████████▋ | 1305/1492 [00:50<00:05, 31.89step/s]
[Origin 3/13] 🎲 Drawing Posterior Samples:  88%|████████▊ | 1309/1492 [00:50<00:05, 31.98step/s]
[Origin 3/13] 🎲 Drawing Posterior Samples:  88%|████████▊ | 1313/1492 [00:50<00:05, 31.39step/s]
[Origin 3/13] 🎲 Drawing Posterior Samples:  88%|████████▊ | 1317/1492 [00:50<00:05, 31.79step/s]
[Origin 3/13] 🎲 Drawing Posterior Samples:  89%|████████▊ | 1321/1492 [00:50<00:05, 31.63step/s]
[Origin 3/13] 🎲 Drawing Posterior Samples:  89%|████████▉ | 1325/1492 [00:51<00:05, 31.41step/s]
[Origin 3/13] 🎲 Drawing Posterior Samples:  89%|████████▉ | 1329/1492 [00:51<00:05, 31.09step/s]
[Origin 3/13] 🎲 Drawing Posterior Samples:  89%|████████▉ | 1333/1492 [00:51<00:05, 30.62step/s]
[Origin 3/13] 🎲 Drawing Posterior Samples:  90%|████████▉ | 1337/1492 [00:51<00:05, 30.87step/s]
[Origin 3/13] 🎲 Drawing Posterior Samples:  90%|████████▉ | 1341/1492 [00:51<00:04, 31.37step/s]
[Origin 3/13] 🎲 Drawing Posterior Samples:  90%|█████████ | 1345/1492 [00:51<00:04, 30.61step/s]
[Origin 3/13] 🎲 Drawing Posterior Samples:  90%|█████████ | 1349/1492 [00:51<00:04, 30.12step/s]
[Origin 3/13] 🎲 Drawing Posterior Samples:  91%|█████████ | 1353/1492 [00:51<00:04, 30.45step/s]
[Origin 3/13] 🎲 Drawing Posterior Samples:  91%|█████████ | 1357/1492 [00:52<00:04, 30.71step/s]
[Origin 3/13] 🎲 Drawing Posterior Samples:  91%|█████████ | 1361/1492 [00:52<00:04, 30.92step/s]
[Origin 3/13] 🎲 Drawing Posterior Samples:  91%|█████████▏| 1365/1492 [00:52<00:04, 31.50step/s]
[Origin 3/13] 🎲 Drawing Posterior Samples:  92%|█████████▏| 1369/1492 [00:52<00:04, 30.71step/s]
[Origin 3/13] 🎲 Drawing Posterior Samples:  92%|█████████▏| 1373/1492 [00:52<00:03, 31.42step/s]
[Origin 3/13] 🎲 Drawing Posterior Samples:  92%|█████████▏| 1377/1492 [00:52<00:03, 31.11step/s]
[Origin 3/13] 🎲 Drawing Posterior Samples:  93%|█████████▎| 1381/1492 [00:52<00:03, 30.37step/s]
[Origin 3/13] 🎲 Drawing Posterior Samples:  93%|█████████▎| 1385/1492 [00:53<00:03, 31.22step/s]
[Origin 3/13] 🎲 Drawing Posterior Samples:  93%|█████████▎| 1389/1492 [00:53<00:03, 31.45step/s]
[Origin 3/13] 🎲 Drawing Posterior Samples:  93%|█████████▎| 1393/1492 [00:53<00:03, 30.52step/s]
[Origin 3/13] 🎲 Drawing Posterior Samples:  94%|█████████▎| 1397/1492 [00:53<00:03, 31.21step/s]
[Origin 3/13] 🎲 Drawing Posterior Samples:  94%|█████████▍| 1401/1492 [00:53<00:02, 31.26step/s]
[Origin 3/13] 🎲 Drawing Posterior Samples:  94%|█████████▍| 1405/1492 [00:53<00:02, 31.01step/s]
[Origin 3/13] 🎲 Drawing Posterior Samples:  94%|█████████▍| 1409/1492 [00:53<00:02, 30.17step/s]
[Origin 3/13] 🎲 Drawing Posterior Samples:  95%|█████████▍| 1413/1492 [00:53<00:02, 30.69step/s]
[Origin 3/13] 🎲 Drawing Posterior Samples:  95%|█████████▍| 1417/1492 [00:54<00:02, 31.76step/s]
[Origin 3/13] 🎲 Drawing Posterior Samples:  95%|█████████▌| 1421/1492 [00:54<00:02, 32.19step/s]
[Origin 3/13] 🎲 Drawing Posterior Samples:  96%|█████████▌| 1425/1492 [00:54<00:02, 31.74step/s]
[Origin 3/13] 🎲 Drawing Posterior Samples:  96%|█████████▌| 1429/1492 [00:54<00:01, 32.83step/s]
[Origin 3/13] 🎲 Drawing Posterior Samples:  96%|█████████▌| 1433/1492 [00:54<00:01, 33.26step/s]
[Origin 3/13] 🎲 Drawing Posterior Samples:  96%|█████████▋| 1437/1492 [00:54<00:01, 33.91step/s]
[Origin 3/13] 🎲 Drawing Posterior Samples:  97%|█████████▋| 1441/1492 [00:54<00:01, 32.69step/s]
[Origin 3/13] 🎲 Drawing Posterior Samples:  97%|█████████▋| 1445/1492 [00:54<00:01, 33.48step/s]
[Origin 3/13] 🎲 Drawing Posterior Samples:  97%|█████████▋| 1449/1492 [00:54<00:01, 32.98step/s]
[Origin 3/13] 🎲 Drawing Posterior Samples:  97%|█████████▋| 1453/1492 [00:55<00:01, 33.77step/s]
[Origin 3/13] 🎲 Drawing Posterior Samples:  98%|█████████▊| 1457/1492 [00:55<00:01, 30.03step/s]
[Origin 3/13] 🎲 Drawing Posterior Samples:  98%|█████████▊| 1461/1492 [00:55<00:01, 24.18step/s]
[Origin 3/13] 🎲 Drawing Posterior Samples:  98%|█████████▊| 1464/1492 [00:55<00:01, 22.75step/s]
[Origin 3/13] 🎲 Drawing Posterior Samples:  98%|█████████▊| 1467/1492 [00:55<00:01, 22.40step/s]
[Origin 3/13] 🎲 Drawing Posterior Samples:  99%|█████████▊| 1470/1492 [00:55<00:00, 23.94step/s]
[Origin 3/13] 🎲 Drawing Posterior Samples:  99%|█████████▉| 1475/1492 [00:56<00:00, 30.00step/s]
[Origin 3/13] 🎲 Drawing Posterior Samples:  99%|█████████▉| 1480/1492 [00:56<00:00, 33.79step/s]
[Origin 3/13] 🎲 Drawing Posterior Samples: 100%|█████████▉| 1485/1492 [00:56<00:00, 36.22step/s]
[Origin 3/13] 🎲 Drawing Posterior Samples: 100%|█████████▉| 1489/1492 [00:56<00:00, 36.61step/s]
                                                                                                 

[Origin 4/13] 🎲 Drawing Posterior Samples:   0%|          | 0/1496 [00:00<?, ?step/s]
[Origin 4/13] 🎲 Drawing Posterior Samples:   0%|          | 5/1496 [00:00<00:35, 41.62step/s]
[Origin 4/13] 🎲 Drawing Posterior Samples:   1%|          | 10/1496 [00:00<00:38, 38.99step/s]
[Origin 4/13] 🎲 Drawing Posterior Samples:   1%|          | 14/1496 [00:00<00:40, 36.40step/s]
[Origin 4/13] 🎲 Drawing Posterior Samples:   1%|▏         | 19/1496 [00:00<00:39, 37.32step/s]
[Origin 4/13] 🎲 Drawing Posterior Samples:   2%|▏         | 23/1496 [00:00<00:40, 36.02step/s]
[Origin 4/13] 🎲 Drawing Posterior Samples:   2%|▏         | 27/1496 [00:00<00:40, 36.00step/s]
[Origin 4/13] 🎲 Drawing Posterior Samples:   2%|▏         | 31/1496 [00:00<00:41, 35.65step/s]
[Origin 4/13] 🎲 Drawing Posterior Samples:   2%|▏         | 35/1496 [00:00<00:40, 36.30step/s]
[Origin 4/13] 🎲 Drawing Posterior Samples:   3%|▎         | 39/1496 [00:01<00:40, 35.79step/s]
[Origin 4/13] 🎲 Drawing Posterior Samples:   3%|▎         | 43/1496 [00:01<00:41, 34.99step/s]
[Origin 4/13] 🎲 Drawing Posterior Samples:   3%|▎         | 47/1496 [00:01<00:42, 34.01step/s]
[Origin 4/13] 🎲 Drawing Posterior Samples:   3%|▎         | 51/1496 [00:01<00:41, 34.95step/s]
[Origin 4/13] 🎲 Drawing Posterior Samples:   4%|▎         | 55/1496 [00:01<00:41, 34.89step/s]
[Origin 4/13] 🎲 Drawing Posterior Samples:   4%|▍         | 59/1496 [00:01<00:41, 34.86step/s]
[Origin 4/13] 🎲 Drawing Posterior Samples:   4%|▍         | 63/1496 [00:01<00:40, 35.16step/s]
[Origin 4/13] 🎲 Drawing Posterior Samples:   4%|▍         | 67/1496 [00:01<00:39, 35.80step/s]
[Origin 4/13] 🎲 Drawing Posterior Samples:   5%|▍         | 71/1496 [00:01<00:41, 34.28step/s]
[Origin 4/13] 🎲 Drawing Posterior Samples:   5%|▌         | 75/1496 [00:02<00:41, 34.23step/s]
[Origin 4/13] 🎲 Drawing Posterior Samples:   5%|▌         | 79/1496 [00:02<00:41, 34.20step/s]
[Origin 4/13] 🎲 Drawing Posterior Samples:   6%|▌         | 83/1496 [00:02<00:41, 33.82step/s]
[Origin 4/13] 🎲 Drawing Posterior Samples:   6%|▌         | 87/1496 [00:02<00:40, 34.37step/s]
[Origin 4/13] 🎲 Drawing Posterior Samples:   6%|▌         | 91/1496 [00:02<00:40, 34.59step/s]
[Origin 4/13] 🎲 Drawing Posterior Samples:   6%|▋         | 95/1496 [00:02<00:41, 34.02step/s]
[Origin 4/13] 🎲 Drawing Posterior Samples:   7%|▋         | 99/1496 [00:02<00:40, 34.51step/s]
[Origin 4/13] 🎲 Drawing Posterior Samples:   7%|▋         | 103/1496 [00:02<00:40, 34.29step/s]
[Origin 4/13] 🎲 Drawing Posterior Samples:   7%|▋         | 107/1496 [00:03<00:40, 34.20step/s]
[Origin 4/13] 🎲 Drawing Posterior Samples:   7%|▋         | 111/1496 [00:03<00:39, 35.28step/s]
[Origin 4/13] 🎲 Drawing Posterior Samples:   8%|▊         | 115/1496 [00:03<00:39, 34.61step/s]
[Origin 4/13] 🎲 Drawing Posterior Samples:   8%|▊         | 119/1496 [00:03<00:38, 35.58step/s]
[Origin 4/13] 🎲 Drawing Posterior Samples:   8%|▊         | 123/1496 [00:03<00:39, 34.72step/s]
[Origin 4/13] 🎲 Drawing Posterior Samples:   8%|▊         | 127/1496 [00:03<00:39, 35.06step/s]
[Origin 4/13] 🎲 Drawing Posterior Samples:   9%|▉         | 131/1496 [00:03<00:41, 33.07step/s]
[Origin 4/13] 🎲 Drawing Posterior Samples:   9%|▉         | 135/1496 [00:03<00:40, 33.41step/s]
[Origin 4/13] 🎲 Drawing Posterior Samples:   9%|▉         | 139/1496 [00:03<00:40, 33.12step/s]
[Origin 4/13] 🎲 Drawing Posterior Samples:  10%|▉         | 143/1496 [00:04<00:40, 33.55step/s]
[Origin 4/13] 🎲 Drawing Posterior Samples:  10%|▉         | 147/1496 [00:04<00:40, 33.50step/s]
[Origin 4/13] 🎲 Drawing Posterior Samples:  10%|█         | 151/1496 [00:04<00:40, 33.18step/s]
[Origin 4/13] 🎲 Drawing Posterior Samples:  10%|█         | 155/1496 [00:04<00:39, 33.81step/s]
[Origin 4/13] 🎲 Drawing Posterior Samples:  11%|█         | 159/1496 [00:04<00:39, 33.43step/s]
[Origin 4/13] 🎲 Drawing Posterior Samples:  11%|█         | 163/1496 [00:04<00:39, 33.70step/s]
[Origin 4/13] 🎲 Drawing Posterior Samples:  11%|█         | 167/1496 [00:04<00:40, 32.77step/s]
[Origin 4/13] 🎲 Drawing Posterior Samples:  11%|█▏        | 171/1496 [00:04<00:39, 33.28step/s]
[Origin 4/13] 🎲 Drawing Posterior Samples:  12%|█▏        | 175/1496 [00:05<00:39, 33.20step/s]
[Origin 4/13] 🎲 Drawing Posterior Samples:  12%|█▏        | 179/1496 [00:05<00:38, 34.08step/s]
[Origin 4/13] 🎲 Drawing Posterior Samples:  12%|█▏        | 183/1496 [00:05<00:38, 33.80step/s]
[Origin 4/13] 🎲 Drawing Posterior Samples:  12%|█▎        | 187/1496 [00:05<00:38, 33.92step/s]
[Origin 4/13] 🎲 Drawing Posterior Samples:  13%|█▎        | 191/1496 [00:05<00:38, 34.15step/s]
[Origin 4/13] 🎲 Drawing Posterior Samples:  13%|█▎        | 195/1496 [00:05<00:38, 33.79step/s]
[Origin 4/13] 🎲 Drawing Posterior Samples:  13%|█▎        | 199/1496 [00:05<00:38, 33.98step/s]
[Origin 4/13] 🎲 Drawing Posterior Samples:  14%|█▎        | 203/1496 [00:05<00:39, 33.04step/s]
[Origin 4/13] 🎲 Drawing Posterior Samples:  14%|█▍        | 207/1496 [00:06<00:39, 32.85step/s]
[Origin 4/13] 🎲 Drawing Posterior Samples:  14%|█▍        | 211/1496 [00:06<00:39, 32.49step/s]
[Origin 4/13] 🎲 Drawing Posterior Samples:  14%|█▍        | 215/1496 [00:06<00:38, 33.44step/s]
[Origin 4/13] 🎲 Drawing Posterior Samples:  15%|█▍        | 219/1496 [00:06<00:38, 33.60step/s]
[Origin 4/13] 🎲 Drawing Posterior Samples:  15%|█▍        | 223/1496 [00:06<00:37, 33.92step/s]
[Origin 4/13] 🎲 Drawing Posterior Samples:  15%|█▌        | 227/1496 [00:06<00:37, 33.90step/s]
[Origin 4/13] 🎲 Drawing Posterior Samples:  15%|█▌        | 231/1496 [00:06<00:37, 33.54step/s]
[Origin 4/13] 🎲 Drawing Posterior Samples:  16%|█▌        | 235/1496 [00:06<00:36, 34.34step/s]
[Origin 4/13] 🎲 Drawing Posterior Samples:  16%|█▌        | 239/1496 [00:06<00:37, 33.72step/s]
[Origin 4/13] 🎲 Drawing Posterior Samples:  16%|█▌        | 243/1496 [00:07<00:36, 34.10step/s]
[Origin 4/13] 🎲 Drawing Posterior Samples:  17%|█▋        | 247/1496 [00:07<00:37, 33.68step/s]
[Origin 4/13] 🎲 Drawing Posterior Samples:  17%|█▋        | 251/1496 [00:07<00:37, 33.63step/s]
[Origin 4/13] 🎲 Drawing Posterior Samples:  17%|█▋        | 255/1496 [00:07<00:37, 33.50step/s]
[Origin 4/13] 🎲 Drawing Posterior Samples:  17%|█▋        | 259/1496 [00:07<00:36, 33.74step/s]
[Origin 4/13] 🎲 Drawing Posterior Samples:  18%|█▊        | 263/1496 [00:07<00:35, 34.35step/s]
[Origin 4/13] 🎲 Drawing Posterior Samples:  18%|█▊        | 267/1496 [00:07<00:36, 33.27step/s]
[Origin 4/13] 🎲 Drawing Posterior Samples:  18%|█▊        | 271/1496 [00:07<00:35, 34.25step/s]
[Origin 4/13] 🎲 Drawing Posterior Samples:  18%|█▊        | 275/1496 [00:08<00:34, 35.14step/s]
[Origin 4/13] 🎲 Drawing Posterior Samples:  19%|█▊        | 279/1496 [00:08<00:34, 35.74step/s]
[Origin 4/13] 🎲 Drawing Posterior Samples:  19%|█▉        | 283/1496 [00:08<00:34, 34.98step/s]
[Origin 4/13] 🎲 Drawing Posterior Samples:  19%|█▉        | 287/1496 [00:08<00:35, 33.82step/s]
[Origin 4/13] 🎲 Drawing Posterior Samples:  19%|█▉        | 291/1496 [00:08<00:35, 34.08step/s]
[Origin 4/13] 🎲 Drawing Posterior Samples:  20%|█▉        | 295/1496 [00:08<00:35, 34.04step/s]
[Origin 4/13] 🎲 Drawing Posterior Samples:  20%|█▉        | 299/1496 [00:08<00:34, 35.03step/s]
[Origin 4/13] 🎲 Drawing Posterior Samples:  20%|██        | 303/1496 [00:08<00:34, 34.44step/s]
[Origin 4/13] 🎲 Drawing Posterior Samples:  21%|██        | 307/1496 [00:08<00:34, 34.42step/s]
[Origin 4/13] 🎲 Drawing Posterior Samples:  21%|██        | 311/1496 [00:09<00:33, 35.16step/s]
[Origin 4/13] 🎲 Drawing Posterior Samples:  21%|██        | 315/1496 [00:09<00:33, 35.51step/s]
[Origin 4/13] 🎲 Drawing Posterior Samples:  21%|██▏       | 319/1496 [00:09<00:33, 35.34step/s]
[Origin 4/13] 🎲 Drawing Posterior Samples:  22%|██▏       | 323/1496 [00:09<00:34, 34.15step/s]
[Origin 4/13] 🎲 Drawing Posterior Samples:  22%|██▏       | 327/1496 [00:09<00:33, 34.70step/s]
[Origin 4/13] 🎲 Drawing Posterior Samples:  22%|██▏       | 331/1496 [00:09<00:33, 35.01step/s]
[Origin 4/13] 🎲 Drawing Posterior Samples:  22%|██▏       | 335/1496 [00:09<00:33, 34.25step/s]
[Origin 4/13] 🎲 Drawing Posterior Samples:  23%|██▎       | 339/1496 [00:09<00:37, 31.06step/s]
[Origin 4/13] 🎲 Drawing Posterior Samples:  23%|██▎       | 343/1496 [00:10<00:43, 26.36step/s]
[Origin 4/13] 🎲 Drawing Posterior Samples:  23%|██▎       | 346/1496 [00:10<00:44, 25.59step/s]
[Origin 4/13] 🎲 Drawing Posterior Samples:  23%|██▎       | 349/1496 [00:10<00:45, 25.11step/s]
[Origin 4/13] 🎲 Drawing Posterior Samples:  24%|██▎       | 352/1496 [00:10<00:49, 23.20step/s]
[Origin 4/13] 🎲 Drawing Posterior Samples:  24%|██▎       | 355/1496 [00:10<00:56, 20.23step/s]
[Origin 4/13] 🎲 Drawing Posterior Samples:  24%|██▍       | 358/1496 [00:10<01:01, 18.38step/s]
[Origin 4/13] 🎲 Drawing Posterior Samples:  24%|██▍       | 360/1496 [00:11<01:04, 17.58step/s]
[Origin 4/13] 🎲 Drawing Posterior Samples:  24%|██▍       | 363/1496 [00:11<01:01, 18.31step/s]
[Origin 4/13] 🎲 Drawing Posterior Samples:  24%|██▍       | 365/1496 [00:11<01:01, 18.47step/s]
[Origin 4/13] 🎲 Drawing Posterior Samples:  25%|██▍       | 367/1496 [00:11<01:00, 18.67step/s]
[Origin 4/13] 🎲 Drawing Posterior Samples:  25%|██▍       | 369/1496 [00:11<01:00, 18.61step/s]
[Origin 4/13] 🎲 Drawing Posterior Samples:  25%|██▍       | 371/1496 [00:11<01:00, 18.62step/s]
[Origin 4/13] 🎲 Drawing Posterior Samples:  25%|██▍       | 373/1496 [00:11<01:02, 18.00step/s]
[Origin 4/13] 🎲 Drawing Posterior Samples:  25%|██▌       | 375/1496 [00:15<09:42,  1.92step/s]
[Origin 4/13] 🎲 Drawing Posterior Samples:  25%|██▌       | 379/1496 [00:15<05:33,  3.35step/s]
[Origin 4/13] 🎲 Drawing Posterior Samples:  26%|██▌       | 388/1496 [00:15<02:24,  7.69step/s]
[Origin 4/13] 🎲 Drawing Posterior Samples:  26%|██▋       | 394/1496 [00:15<01:39, 11.11step/s]
[Origin 4/13] 🎲 Drawing Posterior Samples:  27%|██▋       | 400/1496 [00:15<01:11, 15.26step/s]
[Origin 4/13] 🎲 Drawing Posterior Samples:  27%|██▋       | 406/1496 [00:15<00:54, 19.98step/s]
[Origin 4/13] 🎲 Drawing Posterior Samples:  28%|██▊       | 412/1496 [00:15<00:43, 24.75step/s]
[Origin 4/13] 🎲 Drawing Posterior Samples:  28%|██▊       | 417/1496 [00:15<00:41, 26.01step/s]
[Origin 4/13] 🎲 Drawing Posterior Samples:  28%|██▊       | 422/1496 [00:16<00:37, 28.32step/s]
[Origin 4/13] 🎲 Drawing Posterior Samples:  29%|██▊       | 427/1496 [00:16<00:36, 29.25step/s]
[Origin 4/13] 🎲 Drawing Posterior Samples:  29%|██▉       | 431/1496 [00:16<00:34, 30.98step/s]
[Origin 4/13] 🎲 Drawing Posterior Samples:  29%|██▉       | 435/1496 [00:16<00:33, 31.68step/s]
[Origin 4/13] 🎲 Drawing Posterior Samples:  29%|██▉       | 439/1496 [00:16<00:32, 32.48step/s]
[Origin 4/13] 🎲 Drawing Posterior Samples:  30%|██▉       | 443/1496 [00:16<00:31, 33.31step/s]
[Origin 4/13] 🎲 Drawing Posterior Samples:  30%|██▉       | 447/1496 [00:16<00:32, 32.77step/s]
[Origin 4/13] 🎲 Drawing Posterior Samples:  30%|███       | 451/1496 [00:16<00:31, 33.49step/s]
[Origin 4/13] 🎲 Drawing Posterior Samples:  30%|███       | 455/1496 [00:17<00:31, 33.05step/s]
[Origin 4/13] 🎲 Drawing Posterior Samples:  31%|███       | 459/1496 [00:17<00:30, 33.81step/s]
[Origin 4/13] 🎲 Drawing Posterior Samples:  31%|███       | 463/1496 [00:17<00:31, 33.08step/s]
[Origin 4/13] 🎲 Drawing Posterior Samples:  31%|███       | 467/1496 [00:17<00:30, 33.30step/s]
[Origin 4/13] 🎲 Drawing Posterior Samples:  31%|███▏      | 471/1496 [00:17<00:31, 32.53step/s]
[Origin 4/13] 🎲 Drawing Posterior Samples:  32%|███▏      | 475/1496 [00:17<00:31, 32.39step/s]
[Origin 4/13] 🎲 Drawing Posterior Samples:  32%|███▏      | 479/1496 [00:17<00:31, 32.57step/s]
[Origin 4/13] 🎲 Drawing Posterior Samples:  32%|███▏      | 483/1496 [00:17<00:30, 33.12step/s]
[Origin 4/13] 🎲 Drawing Posterior Samples:  33%|███▎      | 487/1496 [00:18<00:31, 31.74step/s]
[Origin 4/13] 🎲 Drawing Posterior Samples:  33%|███▎      | 491/1496 [00:18<00:31, 31.86step/s]
[Origin 4/13] 🎲 Drawing Posterior Samples:  33%|███▎      | 495/1496 [00:18<00:31, 31.89step/s]
[Origin 4/13] 🎲 Drawing Posterior Samples:  33%|███▎      | 499/1496 [00:18<00:31, 31.44step/s]
[Origin 4/13] 🎲 Drawing Posterior Samples:  34%|███▎      | 503/1496 [00:18<00:31, 31.35step/s]
[Origin 4/13] 🎲 Drawing Posterior Samples:  34%|███▍      | 507/1496 [00:18<00:32, 30.51step/s]
[Origin 4/13] 🎲 Drawing Posterior Samples:  34%|███▍      | 511/1496 [00:18<00:32, 30.46step/s]
[Origin 4/13] 🎲 Drawing Posterior Samples:  34%|███▍      | 515/1496 [00:18<00:31, 31.03step/s]
[Origin 4/13] 🎲 Drawing Posterior Samples:  35%|███▍      | 519/1496 [00:19<00:31, 30.67step/s]
[Origin 4/13] 🎲 Drawing Posterior Samples:  35%|███▍      | 523/1496 [00:19<00:31, 30.64step/s]
[Origin 4/13] 🎲 Drawing Posterior Samples:  35%|███▌      | 527/1496 [00:19<00:31, 31.18step/s]
[Origin 4/13] 🎲 Drawing Posterior Samples:  35%|███▌      | 531/1496 [00:19<00:31, 30.94step/s]
[Origin 4/13] 🎲 Drawing Posterior Samples:  36%|███▌      | 535/1496 [00:19<00:31, 30.41step/s]
[Origin 4/13] 🎲 Drawing Posterior Samples:  36%|███▌      | 539/1496 [00:19<00:31, 30.71step/s]
[Origin 4/13] 🎲 Drawing Posterior Samples:  36%|███▋      | 543/1496 [00:19<00:31, 30.26step/s]
[Origin 4/13] 🎲 Drawing Posterior Samples:  37%|███▋      | 547/1496 [00:20<00:31, 29.91step/s]
[Origin 4/13] 🎲 Drawing Posterior Samples:  37%|███▋      | 551/1496 [00:20<00:30, 30.49step/s]
[Origin 4/13] 🎲 Drawing Posterior Samples:  37%|███▋      | 555/1496 [00:20<00:30, 31.23step/s]
[Origin 4/13] 🎲 Drawing Posterior Samples:  37%|███▋      | 559/1496 [00:20<00:30, 30.88step/s]
[Origin 4/13] 🎲 Drawing Posterior Samples:  38%|███▊      | 563/1496 [00:20<00:30, 30.57step/s]
[Origin 4/13] 🎲 Drawing Posterior Samples:  38%|███▊      | 567/1496 [00:20<00:30, 30.28step/s]
[Origin 4/13] 🎲 Drawing Posterior Samples:  38%|███▊      | 571/1496 [00:20<00:30, 30.16step/s]
[Origin 4/13] 🎲 Drawing Posterior Samples:  38%|███▊      | 575/1496 [00:20<00:30, 30.25step/s]
[Origin 4/13] 🎲 Drawing Posterior Samples:  39%|███▊      | 579/1496 [00:21<00:30, 30.43step/s]
[Origin 4/13] 🎲 Drawing Posterior Samples:  39%|███▉      | 583/1496 [00:21<00:30, 29.94step/s]
[Origin 4/13] 🎲 Drawing Posterior Samples:  39%|███▉      | 587/1496 [00:21<00:30, 30.18step/s]
[Origin 4/13] 🎲 Drawing Posterior Samples:  40%|███▉      | 591/1496 [00:21<00:30, 29.44step/s]
[Origin 4/13] 🎲 Drawing Posterior Samples:  40%|███▉      | 595/1496 [00:21<00:29, 30.22step/s]
[Origin 4/13] 🎲 Drawing Posterior Samples:  40%|████      | 599/1496 [00:21<00:29, 30.41step/s]
[Origin 4/13] 🎲 Drawing Posterior Samples:  40%|████      | 603/1496 [00:21<00:28, 31.37step/s]
[Origin 4/13] 🎲 Drawing Posterior Samples:  41%|████      | 607/1496 [00:21<00:28, 31.68step/s]
[Origin 4/13] 🎲 Drawing Posterior Samples:  41%|████      | 611/1496 [00:22<00:28, 30.93step/s]
[Origin 4/13] 🎲 Drawing Posterior Samples:  41%|████      | 615/1496 [00:22<00:28, 30.74step/s]
[Origin 4/13] 🎲 Drawing Posterior Samples:  41%|████▏     | 619/1496 [00:22<00:28, 31.01step/s]
[Origin 4/13] 🎲 Drawing Posterior Samples:  42%|████▏     | 623/1496 [00:22<00:27, 32.04step/s]
[Origin 4/13] 🎲 Drawing Posterior Samples:  42%|████▏     | 627/1496 [00:22<00:27, 31.38step/s]
[Origin 4/13] 🎲 Drawing Posterior Samples:  42%|████▏     | 631/1496 [00:22<00:27, 31.87step/s]
[Origin 4/13] 🎲 Drawing Posterior Samples:  42%|████▏     | 635/1496 [00:22<00:27, 31.20step/s]
[Origin 4/13] 🎲 Drawing Posterior Samples:  43%|████▎     | 639/1496 [00:22<00:27, 31.37step/s]
[Origin 4/13] 🎲 Drawing Posterior Samples:  43%|████▎     | 643/1496 [00:23<00:26, 32.19step/s]
[Origin 4/13] 🎲 Drawing Posterior Samples:  43%|████▎     | 647/1496 [00:23<00:25, 33.27step/s]
[Origin 4/13] 🎲 Drawing Posterior Samples:  44%|████▎     | 651/1496 [00:23<00:26, 32.48step/s]
[Origin 4/13] 🎲 Drawing Posterior Samples:  44%|████▍     | 655/1496 [00:23<00:25, 33.17step/s]
[Origin 4/13] 🎲 Drawing Posterior Samples:  44%|████▍     | 659/1496 [00:23<00:25, 33.11step/s]
[Origin 4/13] 🎲 Drawing Posterior Samples:  44%|████▍     | 663/1496 [00:23<00:25, 33.29step/s]
[Origin 4/13] 🎲 Drawing Posterior Samples:  45%|████▍     | 667/1496 [00:23<00:24, 33.40step/s]
[Origin 4/13] 🎲 Drawing Posterior Samples:  45%|████▍     | 671/1496 [00:23<00:24, 33.71step/s]
[Origin 4/13] 🎲 Drawing Posterior Samples:  45%|████▌     | 675/1496 [00:24<00:24, 33.72step/s]
[Origin 4/13] 🎲 Drawing Posterior Samples:  45%|████▌     | 679/1496 [00:24<00:24, 33.53step/s]
[Origin 4/13] 🎲 Drawing Posterior Samples:  46%|████▌     | 683/1496 [00:24<00:24, 33.68step/s]
[Origin 4/13] 🎲 Drawing Posterior Samples:  46%|████▌     | 687/1496 [00:24<00:24, 33.31step/s]
[Origin 4/13] 🎲 Drawing Posterior Samples:  46%|████▌     | 691/1496 [00:24<00:23, 33.91step/s]
[Origin 4/13] 🎲 Drawing Posterior Samples:  46%|████▋     | 695/1496 [00:24<00:24, 32.94step/s]
[Origin 4/13] 🎲 Drawing Posterior Samples:  47%|████▋     | 699/1496 [00:24<00:23, 33.83step/s]
[Origin 4/13] 🎲 Drawing Posterior Samples:  47%|████▋     | 703/1496 [00:24<00:23, 33.54step/s]
[Origin 4/13] 🎲 Drawing Posterior Samples:  47%|████▋     | 707/1496 [00:25<00:23, 34.06step/s]
[Origin 4/13] 🎲 Drawing Posterior Samples:  48%|████▊     | 711/1496 [00:25<00:23, 34.03step/s]
[Origin 4/13] 🎲 Drawing Posterior Samples:  48%|████▊     | 715/1496 [00:25<00:30, 25.88step/s]
[Origin 4/13] 🎲 Drawing Posterior Samples:  48%|████▊     | 718/1496 [00:25<00:32, 23.96step/s]
[Origin 4/13] 🎲 Drawing Posterior Samples:  48%|████▊     | 721/1496 [00:25<00:34, 22.43step/s]
[Origin 4/13] 🎲 Drawing Posterior Samples:  48%|████▊     | 724/1496 [00:25<00:35, 21.97step/s]
[Origin 4/13] 🎲 Drawing Posterior Samples:  49%|████▊     | 727/1496 [00:25<00:33, 23.23step/s]
[Origin 4/13] 🎲 Drawing Posterior Samples:  49%|████▉     | 730/1496 [00:26<00:32, 23.42step/s]
[Origin 4/13] 🎲 Drawing Posterior Samples:  49%|████▉     | 733/1496 [00:26<00:32, 23.30step/s]
[Origin 4/13] 🎲 Drawing Posterior Samples:  49%|████▉     | 736/1496 [00:26<00:34, 22.25step/s]
[Origin 4/13] 🎲 Drawing Posterior Samples:  49%|████▉     | 739/1496 [00:26<00:37, 20.21step/s]
[Origin 4/13] 🎲 Drawing Posterior Samples:  50%|████▉     | 742/1496 [00:26<00:40, 18.84step/s]
[Origin 4/13] 🎲 Drawing Posterior Samples:  50%|████▉     | 744/1496 [00:26<00:41, 18.10step/s]
[Origin 4/13] 🎲 Drawing Posterior Samples:  50%|████▉     | 746/1496 [00:26<00:40, 18.47step/s]
[Origin 4/13] 🎲 Drawing Posterior Samples:  50%|█████     | 749/1496 [00:30<05:13,  2.38step/s]
[Origin 4/13] 🎲 Drawing Posterior Samples:  50%|█████     | 753/1496 [00:30<03:17,  3.76step/s]
[Origin 4/13] 🎲 Drawing Posterior Samples:  51%|█████     | 757/1496 [00:30<02:14,  5.49step/s]
[Origin 4/13] 🎲 Drawing Posterior Samples:  51%|█████     | 761/1496 [00:30<01:36,  7.63step/s]
[Origin 4/13] 🎲 Drawing Posterior Samples:  51%|█████     | 765/1496 [00:30<01:12, 10.11step/s]
[Origin 4/13] 🎲 Drawing Posterior Samples:  51%|█████▏    | 768/1496 [00:30<00:59, 12.18step/s]
[Origin 4/13] 🎲 Drawing Posterior Samples:  52%|█████▏    | 772/1496 [00:31<00:47, 15.20step/s]
[Origin 4/13] 🎲 Drawing Posterior Samples:  52%|█████▏    | 776/1496 [00:31<00:39, 18.08step/s]
[Origin 4/13] 🎲 Drawing Posterior Samples:  52%|█████▏    | 780/1496 [00:31<00:33, 21.34step/s]
[Origin 4/13] 🎲 Drawing Posterior Samples:  52%|█████▏    | 784/1496 [00:31<00:30, 23.22step/s]
[Origin 4/13] 🎲 Drawing Posterior Samples:  53%|█████▎    | 788/1496 [00:31<00:27, 25.55step/s]
[Origin 4/13] 🎲 Drawing Posterior Samples:  53%|█████▎    | 792/1496 [00:31<00:26, 26.70step/s]
[Origin 4/13] 🎲 Drawing Posterior Samples:  53%|█████▎    | 796/1496 [00:31<00:24, 28.07step/s]
[Origin 4/13] 🎲 Drawing Posterior Samples:  53%|█████▎    | 800/1496 [00:31<00:24, 28.83step/s]
[Origin 4/13] 🎲 Drawing Posterior Samples:  54%|█████▎    | 804/1496 [00:32<00:22, 30.18step/s]
[Origin 4/13] 🎲 Drawing Posterior Samples:  54%|█████▍    | 808/1496 [00:32<00:22, 30.22step/s]
[Origin 4/13] 🎲 Drawing Posterior Samples:  54%|█████▍    | 812/1496 [00:32<00:22, 30.60step/s]
[Origin 4/13] 🎲 Drawing Posterior Samples:  55%|█████▍    | 816/1496 [00:32<00:22, 30.42step/s]
[Origin 4/13] 🎲 Drawing Posterior Samples:  55%|█████▍    | 820/1496 [00:32<00:22, 30.07step/s]
[Origin 4/13] 🎲 Drawing Posterior Samples:  55%|█████▌    | 824/1496 [00:32<00:21, 30.78step/s]
[Origin 4/13] 🎲 Drawing Posterior Samples:  55%|█████▌    | 828/1496 [00:32<00:22, 30.07step/s]
[Origin 4/13] 🎲 Drawing Posterior Samples:  56%|█████▌    | 832/1496 [00:32<00:21, 30.27step/s]
[Origin 4/13] 🎲 Drawing Posterior Samples:  56%|█████▌    | 836/1496 [00:33<00:21, 30.40step/s]
[Origin 4/13] 🎲 Drawing Posterior Samples:  56%|█████▌    | 840/1496 [00:33<00:20, 32.26step/s]
[Origin 4/13] 🎲 Drawing Posterior Samples:  56%|█████▋    | 844/1496 [00:33<00:20, 32.26step/s]
[Origin 4/13] 🎲 Drawing Posterior Samples:  57%|█████▋    | 848/1496 [00:33<00:19, 33.54step/s]
[Origin 4/13] 🎲 Drawing Posterior Samples:  57%|█████▋    | 852/1496 [00:33<00:19, 33.30step/s]
[Origin 4/13] 🎲 Drawing Posterior Samples:  57%|█████▋    | 856/1496 [00:33<00:19, 33.51step/s]
[Origin 4/13] 🎲 Drawing Posterior Samples:  57%|█████▋    | 860/1496 [00:33<00:18, 33.80step/s]
[Origin 4/13] 🎲 Drawing Posterior Samples:  58%|█████▊    | 864/1496 [00:33<00:19, 32.69step/s]
[Origin 4/13] 🎲 Drawing Posterior Samples:  58%|█████▊    | 868/1496 [00:34<00:18, 33.42step/s]
[Origin 4/13] 🎲 Drawing Posterior Samples:  58%|█████▊    | 872/1496 [00:34<00:18, 33.31step/s]
[Origin 4/13] 🎲 Drawing Posterior Samples:  59%|█████▊    | 876/1496 [00:34<00:18, 33.91step/s]
[Origin 4/13] 🎲 Drawing Posterior Samples:  59%|█████▉    | 880/1496 [00:34<00:18, 33.59step/s]
[Origin 4/13] 🎲 Drawing Posterior Samples:  59%|█████▉    | 884/1496 [00:34<00:18, 33.90step/s]
[Origin 4/13] 🎲 Drawing Posterior Samples:  59%|█████▉    | 888/1496 [00:34<00:17, 34.22step/s]
[Origin 4/13] 🎲 Drawing Posterior Samples:  60%|█████▉    | 892/1496 [00:34<00:17, 33.93step/s]
[Origin 4/13] 🎲 Drawing Posterior Samples:  60%|█████▉    | 896/1496 [00:34<00:17, 34.61step/s]
[Origin 4/13] 🎲 Drawing Posterior Samples:  60%|██████    | 900/1496 [00:35<00:17, 34.20step/s]
[Origin 4/13] 🎲 Drawing Posterior Samples:  60%|██████    | 904/1496 [00:35<00:17, 34.73step/s]
[Origin 4/13] 🎲 Drawing Posterior Samples:  61%|██████    | 908/1496 [00:35<00:17, 33.67step/s]
[Origin 4/13] 🎲 Drawing Posterior Samples:  61%|██████    | 912/1496 [00:35<00:16, 34.41step/s]
[Origin 4/13] 🎲 Drawing Posterior Samples:  61%|██████    | 916/1496 [00:35<00:17, 33.33step/s]
[Origin 4/13] 🎲 Drawing Posterior Samples:  61%|██████▏   | 920/1496 [00:35<00:16, 34.24step/s]
[Origin 4/13] 🎲 Drawing Posterior Samples:  62%|██████▏   | 924/1496 [00:35<00:16, 33.77step/s]
[Origin 4/13] 🎲 Drawing Posterior Samples:  62%|██████▏   | 928/1496 [00:35<00:16, 33.87step/s]
[Origin 4/13] 🎲 Drawing Posterior Samples:  62%|██████▏   | 932/1496 [00:35<00:16, 33.84step/s]
[Origin 4/13] 🎲 Drawing Posterior Samples:  63%|██████▎   | 936/1496 [00:36<00:16, 33.37step/s]
[Origin 4/13] 🎲 Drawing Posterior Samples:  63%|██████▎   | 940/1496 [00:36<00:16, 34.30step/s]
[Origin 4/13] 🎲 Drawing Posterior Samples:  63%|██████▎   | 944/1496 [00:36<00:16, 33.50step/s]
[Origin 4/13] 🎲 Drawing Posterior Samples:  63%|██████▎   | 948/1496 [00:36<00:16, 34.02step/s]
[Origin 4/13] 🎲 Drawing Posterior Samples:  64%|██████▎   | 952/1496 [00:36<00:16, 33.78step/s]
[Origin 4/13] 🎲 Drawing Posterior Samples:  64%|██████▍   | 956/1496 [00:36<00:15, 34.30step/s]
[Origin 4/13] 🎲 Drawing Posterior Samples:  64%|██████▍   | 960/1496 [00:36<00:15, 34.47step/s]
[Origin 4/13] 🎲 Drawing Posterior Samples:  64%|██████▍   | 964/1496 [00:36<00:15, 34.30step/s]
[Origin 4/13] 🎲 Drawing Posterior Samples:  65%|██████▍   | 968/1496 [00:36<00:15, 34.65step/s]
[Origin 4/13] 🎲 Drawing Posterior Samples:  65%|██████▍   | 972/1496 [00:37<00:15, 34.91step/s]
[Origin 4/13] 🎲 Drawing Posterior Samples:  65%|██████▌   | 976/1496 [00:37<00:14, 34.79step/s]
[Origin 4/13] 🎲 Drawing Posterior Samples:  66%|██████▌   | 980/1496 [00:37<00:15, 34.29step/s]
[Origin 4/13] 🎲 Drawing Posterior Samples:  66%|██████▌   | 984/1496 [00:37<00:14, 34.67step/s]
[Origin 4/13] 🎲 Drawing Posterior Samples:  66%|██████▌   | 988/1496 [00:37<00:14, 34.61step/s]
[Origin 4/13] 🎲 Drawing Posterior Samples:  66%|██████▋   | 992/1496 [00:37<00:14, 34.74step/s]
[Origin 4/13] 🎲 Drawing Posterior Samples:  67%|██████▋   | 996/1496 [00:37<00:14, 34.52step/s]
[Origin 4/13] 🎲 Drawing Posterior Samples:  67%|██████▋   | 1000/1496 [00:37<00:14, 34.07step/s]
[Origin 4/13] 🎲 Drawing Posterior Samples:  67%|██████▋   | 1004/1496 [00:38<00:14, 33.96step/s]
[Origin 4/13] 🎲 Drawing Posterior Samples:  67%|██████▋   | 1008/1496 [00:38<00:14, 34.20step/s]
[Origin 4/13] 🎲 Drawing Posterior Samples:  68%|██████▊   | 1012/1496 [00:38<00:14, 34.12step/s]
[Origin 4/13] 🎲 Drawing Posterior Samples:  68%|██████▊   | 1016/1496 [00:38<00:14, 33.91step/s]
[Origin 4/13] 🎲 Drawing Posterior Samples:  68%|██████▊   | 1020/1496 [00:38<00:14, 33.76step/s]
[Origin 4/13] 🎲 Drawing Posterior Samples:  68%|██████▊   | 1024/1496 [00:38<00:13, 34.23step/s]
[Origin 4/13] 🎲 Drawing Posterior Samples:  69%|██████▊   | 1028/1496 [00:38<00:13, 33.90step/s]
[Origin 4/13] 🎲 Drawing Posterior Samples:  69%|██████▉   | 1032/1496 [00:38<00:13, 33.84step/s]
[Origin 4/13] 🎲 Drawing Posterior Samples:  69%|██████▉   | 1036/1496 [00:38<00:13, 33.85step/s]
[Origin 4/13] 🎲 Drawing Posterior Samples:  70%|██████▉   | 1040/1496 [00:39<00:13, 34.13step/s]
[Origin 4/13] 🎲 Drawing Posterior Samples:  70%|██████▉   | 1044/1496 [00:39<00:12, 34.91step/s]
[Origin 4/13] 🎲 Drawing Posterior Samples:  70%|███████   | 1048/1496 [00:39<00:13, 33.65step/s]
[Origin 4/13] 🎲 Drawing Posterior Samples:  70%|███████   | 1052/1496 [00:39<00:13, 33.19step/s]
[Origin 4/13] 🎲 Drawing Posterior Samples:  71%|███████   | 1056/1496 [00:39<00:12, 34.17step/s]
[Origin 4/13] 🎲 Drawing Posterior Samples:  71%|███████   | 1060/1496 [00:39<00:12, 34.25step/s]
[Origin 4/13] 🎲 Drawing Posterior Samples:  71%|███████   | 1064/1496 [00:39<00:12, 33.95step/s]
[Origin 4/13] 🎲 Drawing Posterior Samples:  71%|███████▏  | 1068/1496 [00:39<00:12, 33.54step/s]
[Origin 4/13] 🎲 Drawing Posterior Samples:  72%|███████▏  | 1072/1496 [00:40<00:12, 33.48step/s]
[Origin 4/13] 🎲 Drawing Posterior Samples:  72%|███████▏  | 1076/1496 [00:40<00:12, 34.27step/s]
[Origin 4/13] 🎲 Drawing Posterior Samples:  72%|███████▏  | 1080/1496 [00:40<00:12, 34.62step/s]
[Origin 4/13] 🎲 Drawing Posterior Samples:  72%|███████▏  | 1084/1496 [00:40<00:12, 34.04step/s]
[Origin 4/13] 🎲 Drawing Posterior Samples:  73%|███████▎  | 1088/1496 [00:40<00:13, 30.43step/s]
[Origin 4/13] 🎲 Drawing Posterior Samples:  73%|███████▎  | 1092/1496 [00:40<00:16, 24.56step/s]
[Origin 4/13] 🎲 Drawing Posterior Samples:  73%|███████▎  | 1095/1496 [00:40<00:17, 23.17step/s]
[Origin 4/13] 🎲 Drawing Posterior Samples:  73%|███████▎  | 1098/1496 [00:41<00:17, 22.37step/s]
[Origin 4/13] 🎲 Drawing Posterior Samples:  74%|███████▎  | 1101/1496 [00:41<00:17, 23.08step/s]
[Origin 4/13] 🎲 Drawing Posterior Samples:  74%|███████▍  | 1104/1496 [00:41<00:17, 22.39step/s]
[Origin 4/13] 🎲 Drawing Posterior Samples:  74%|███████▍  | 1107/1496 [00:41<00:17, 21.82step/s]
[Origin 4/13] 🎲 Drawing Posterior Samples:  74%|███████▍  | 1110/1496 [00:41<00:19, 20.05step/s]
[Origin 4/13] 🎲 Drawing Posterior Samples:  74%|███████▍  | 1113/1496 [00:41<00:23, 15.97step/s]
[Origin 4/13] 🎲 Drawing Posterior Samples:  75%|███████▍  | 1116/1496 [00:42<00:21, 18.00step/s]
[Origin 4/13] 🎲 Drawing Posterior Samples:  75%|███████▍  | 1120/1496 [00:42<00:17, 21.88step/s]
[Origin 4/13] 🎲 Drawing Posterior Samples:  75%|███████▌  | 1123/1496 [00:44<01:23,  4.45step/s]
[Origin 4/13] 🎲 Drawing Posterior Samples:  75%|███████▌  | 1127/1496 [00:44<00:57,  6.41step/s]
[Origin 4/13] 🎲 Drawing Posterior Samples:  76%|███████▌  | 1131/1496 [00:44<00:41,  8.79step/s]
[Origin 4/13] 🎲 Drawing Posterior Samples:  76%|███████▌  | 1135/1496 [00:44<00:31, 11.51step/s]
[Origin 4/13] 🎲 Drawing Posterior Samples:  76%|███████▌  | 1139/1496 [00:44<00:24, 14.60step/s]
[Origin 4/13] 🎲 Drawing Posterior Samples:  76%|███████▋  | 1143/1496 [00:44<00:19, 17.84step/s]
[Origin 4/13] 🎲 Drawing Posterior Samples:  77%|███████▋  | 1147/1496 [00:44<00:16, 20.86step/s]
[Origin 4/13] 🎲 Drawing Posterior Samples:  77%|███████▋  | 1151/1496 [00:45<00:14, 23.80step/s]
[Origin 4/13] 🎲 Drawing Posterior Samples:  77%|███████▋  | 1155/1496 [00:45<00:12, 26.24step/s]
[Origin 4/13] 🎲 Drawing Posterior Samples:  77%|███████▋  | 1159/1496 [00:45<00:11, 28.56step/s]
[Origin 4/13] 🎲 Drawing Posterior Samples:  78%|███████▊  | 1163/1496 [00:45<00:11, 29.30step/s]
[Origin 4/13] 🎲 Drawing Posterior Samples:  78%|███████▊  | 1167/1496 [00:45<00:10, 30.68step/s]
[Origin 4/13] 🎲 Drawing Posterior Samples:  78%|███████▊  | 1171/1496 [00:45<00:10, 31.06step/s]
[Origin 4/13] 🎲 Drawing Posterior Samples:  79%|███████▊  | 1175/1496 [00:45<00:10, 31.54step/s]
[Origin 4/13] 🎲 Drawing Posterior Samples:  79%|███████▉  | 1179/1496 [00:45<00:09, 31.77step/s]
[Origin 4/13] 🎲 Drawing Posterior Samples:  79%|███████▉  | 1183/1496 [00:46<00:09, 32.91step/s]
[Origin 4/13] 🎲 Drawing Posterior Samples:  79%|███████▉  | 1187/1496 [00:46<00:09, 33.29step/s]
[Origin 4/13] 🎲 Drawing Posterior Samples:  80%|███████▉  | 1191/1496 [00:46<00:09, 33.74step/s]
[Origin 4/13] 🎲 Drawing Posterior Samples:  80%|███████▉  | 1195/1496 [00:46<00:08, 34.29step/s]
[Origin 4/13] 🎲 Drawing Posterior Samples:  80%|████████  | 1199/1496 [00:46<00:08, 34.08step/s]
[Origin 4/13] 🎲 Drawing Posterior Samples:  80%|████████  | 1203/1496 [00:46<00:08, 34.82step/s]
[Origin 4/13] 🎲 Drawing Posterior Samples:  81%|████████  | 1207/1496 [00:46<00:08, 33.49step/s]
[Origin 4/13] 🎲 Drawing Posterior Samples:  81%|████████  | 1211/1496 [00:46<00:08, 34.38step/s]
[Origin 4/13] 🎲 Drawing Posterior Samples:  81%|████████  | 1215/1496 [00:46<00:08, 33.37step/s]
[Origin 4/13] 🎲 Drawing Posterior Samples:  81%|████████▏ | 1219/1496 [00:47<00:08, 33.71step/s]
[Origin 4/13] 🎲 Drawing Posterior Samples:  82%|████████▏ | 1223/1496 [00:47<00:08, 33.41step/s]
[Origin 4/13] 🎲 Drawing Posterior Samples:  82%|████████▏ | 1227/1496 [00:47<00:08, 32.89step/s]
[Origin 4/13] 🎲 Drawing Posterior Samples:  82%|████████▏ | 1231/1496 [00:47<00:07, 33.47step/s]
[Origin 4/13] 🎲 Drawing Posterior Samples:  83%|████████▎ | 1235/1496 [00:47<00:07, 33.40step/s]
[Origin 4/13] 🎲 Drawing Posterior Samples:  83%|████████▎ | 1239/1496 [00:47<00:07, 34.04step/s]
[Origin 4/13] 🎲 Drawing Posterior Samples:  83%|████████▎ | 1243/1496 [00:47<00:07, 33.85step/s]
[Origin 4/13] 🎲 Drawing Posterior Samples:  83%|████████▎ | 1247/1496 [00:47<00:07, 34.39step/s]
[Origin 4/13] 🎲 Drawing Posterior Samples:  84%|████████▎ | 1251/1496 [00:48<00:07, 33.79step/s]
[Origin 4/13] 🎲 Drawing Posterior Samples:  84%|████████▍ | 1255/1496 [00:48<00:07, 34.18step/s]
[Origin 4/13] 🎲 Drawing Posterior Samples:  84%|████████▍ | 1259/1496 [00:48<00:07, 33.64step/s]
[Origin 4/13] 🎲 Drawing Posterior Samples:  84%|████████▍ | 1263/1496 [00:48<00:06, 33.76step/s]
[Origin 4/13] 🎲 Drawing Posterior Samples:  85%|████████▍ | 1267/1496 [00:48<00:06, 34.33step/s]
[Origin 4/13] 🎲 Drawing Posterior Samples:  85%|████████▍ | 1271/1496 [00:48<00:06, 34.43step/s]
[Origin 4/13] 🎲 Drawing Posterior Samples:  85%|████████▌ | 1275/1496 [00:48<00:06, 35.09step/s]
[Origin 4/13] 🎲 Drawing Posterior Samples:  85%|████████▌ | 1279/1496 [00:48<00:06, 34.78step/s]
[Origin 4/13] 🎲 Drawing Posterior Samples:  86%|████████▌ | 1283/1496 [00:48<00:06, 34.52step/s]
[Origin 4/13] 🎲 Drawing Posterior Samples:  86%|████████▌ | 1287/1496 [00:49<00:05, 35.39step/s]
[Origin 4/13] 🎲 Drawing Posterior Samples:  86%|████████▋ | 1291/1496 [00:49<00:05, 34.31step/s]
[Origin 4/13] 🎲 Drawing Posterior Samples:  87%|████████▋ | 1295/1496 [00:49<00:05, 34.55step/s]
[Origin 4/13] 🎲 Drawing Posterior Samples:  87%|████████▋ | 1299/1496 [00:49<00:05, 34.69step/s]
[Origin 4/13] 🎲 Drawing Posterior Samples:  87%|████████▋ | 1303/1496 [00:49<00:05, 34.67step/s]
[Origin 4/13] 🎲 Drawing Posterior Samples:  87%|████████▋ | 1307/1496 [00:49<00:05, 33.95step/s]
[Origin 4/13] 🎲 Drawing Posterior Samples:  88%|████████▊ | 1311/1496 [00:49<00:05, 32.34step/s]
[Origin 4/13] 🎲 Drawing Posterior Samples:  88%|████████▊ | 1315/1496 [00:49<00:05, 32.82step/s]
[Origin 4/13] 🎲 Drawing Posterior Samples:  88%|████████▊ | 1319/1496 [00:50<00:05, 32.33step/s]
[Origin 4/13] 🎲 Drawing Posterior Samples:  88%|████████▊ | 1323/1496 [00:50<00:05, 33.72step/s]
[Origin 4/13] 🎲 Drawing Posterior Samples:  89%|████████▊ | 1327/1496 [00:50<00:05, 32.33step/s]
[Origin 4/13] 🎲 Drawing Posterior Samples:  89%|████████▉ | 1331/1496 [00:50<00:05, 32.19step/s]
[Origin 4/13] 🎲 Drawing Posterior Samples:  89%|████████▉ | 1335/1496 [00:50<00:05, 31.76step/s]
[Origin 4/13] 🎲 Drawing Posterior Samples:  90%|████████▉ | 1339/1496 [00:50<00:05, 31.00step/s]
[Origin 4/13] 🎲 Drawing Posterior Samples:  90%|████████▉ | 1343/1496 [00:50<00:04, 31.01step/s]
[Origin 4/13] 🎲 Drawing Posterior Samples:  90%|█████████ | 1347/1496 [00:50<00:04, 31.77step/s]
[Origin 4/13] 🎲 Drawing Posterior Samples:  90%|█████████ | 1351/1496 [00:51<00:04, 31.37step/s]
[Origin 4/13] 🎲 Drawing Posterior Samples:  91%|█████████ | 1355/1496 [00:51<00:04, 31.36step/s]
[Origin 4/13] 🎲 Drawing Posterior Samples:  91%|█████████ | 1359/1496 [00:51<00:04, 31.52step/s]
[Origin 4/13] 🎲 Drawing Posterior Samples:  91%|█████████ | 1363/1496 [00:51<00:04, 32.28step/s]
[Origin 4/13] 🎲 Drawing Posterior Samples:  91%|█████████▏| 1367/1496 [00:51<00:03, 34.12step/s]
[Origin 4/13] 🎲 Drawing Posterior Samples:  92%|█████████▏| 1371/1496 [00:51<00:03, 33.59step/s]
[Origin 4/13] 🎲 Drawing Posterior Samples:  92%|█████████▏| 1375/1496 [00:51<00:03, 33.26step/s]
[Origin 4/13] 🎲 Drawing Posterior Samples:  92%|█████████▏| 1379/1496 [00:51<00:03, 34.01step/s]
[Origin 4/13] 🎲 Drawing Posterior Samples:  92%|█████████▏| 1383/1496 [00:51<00:03, 34.91step/s]
[Origin 4/13] 🎲 Drawing Posterior Samples:  93%|█████████▎| 1387/1496 [00:52<00:03, 35.61step/s]
[Origin 4/13] 🎲 Drawing Posterior Samples:  93%|█████████▎| 1391/1496 [00:52<00:02, 35.46step/s]
[Origin 4/13] 🎲 Drawing Posterior Samples:  93%|█████████▎| 1395/1496 [00:52<00:02, 34.00step/s]
[Origin 4/13] 🎲 Drawing Posterior Samples:  94%|█████████▎| 1399/1496 [00:52<00:02, 34.21step/s]
[Origin 4/13] 🎲 Drawing Posterior Samples:  94%|█████████▍| 1403/1496 [00:52<00:02, 35.17step/s]
[Origin 4/13] 🎲 Drawing Posterior Samples:  94%|█████████▍| 1407/1496 [00:52<00:02, 35.57step/s]
[Origin 4/13] 🎲 Drawing Posterior Samples:  94%|█████████▍| 1411/1496 [00:52<00:02, 34.12step/s]
[Origin 4/13] 🎲 Drawing Posterior Samples:  95%|█████████▍| 1415/1496 [00:52<00:02, 33.92step/s]
[Origin 4/13] 🎲 Drawing Posterior Samples:  95%|█████████▍| 1419/1496 [00:53<00:02, 32.61step/s]
[Origin 4/13] 🎲 Drawing Posterior Samples:  95%|█████████▌| 1423/1496 [00:53<00:02, 32.51step/s]
[Origin 4/13] 🎲 Drawing Posterior Samples:  95%|█████████▌| 1427/1496 [00:53<00:02, 32.98step/s]
[Origin 4/13] 🎲 Drawing Posterior Samples:  96%|█████████▌| 1431/1496 [00:53<00:02, 32.42step/s]
[Origin 4/13] 🎲 Drawing Posterior Samples:  96%|█████████▌| 1435/1496 [00:53<00:01, 33.42step/s]
[Origin 4/13] 🎲 Drawing Posterior Samples:  96%|█████████▌| 1439/1496 [00:53<00:01, 33.32step/s]
[Origin 4/13] 🎲 Drawing Posterior Samples:  96%|█████████▋| 1443/1496 [00:53<00:01, 34.05step/s]
[Origin 4/13] 🎲 Drawing Posterior Samples:  97%|█████████▋| 1447/1496 [00:53<00:01, 33.48step/s]
[Origin 4/13] 🎲 Drawing Posterior Samples:  97%|█████████▋| 1451/1496 [00:53<00:01, 33.49step/s]
[Origin 4/13] 🎲 Drawing Posterior Samples:  97%|█████████▋| 1455/1496 [00:54<00:01, 32.90step/s]
[Origin 4/13] 🎲 Drawing Posterior Samples:  98%|█████████▊| 1459/1496 [00:54<00:01, 33.11step/s]
[Origin 4/13] 🎲 Drawing Posterior Samples:  98%|█████████▊| 1463/1496 [00:54<00:01, 28.62step/s]
[Origin 4/13] 🎲 Drawing Posterior Samples:  98%|█████████▊| 1466/1496 [00:54<00:01, 26.86step/s]
[Origin 4/13] 🎲 Drawing Posterior Samples:  98%|█████████▊| 1469/1496 [00:54<00:01, 25.75step/s]
[Origin 4/13] 🎲 Drawing Posterior Samples:  98%|█████████▊| 1472/1496 [00:54<00:00, 24.65step/s]
[Origin 4/13] 🎲 Drawing Posterior Samples:  99%|█████████▊| 1475/1496 [00:54<00:00, 23.81step/s]
[Origin 4/13] 🎲 Drawing Posterior Samples:  99%|█████████▉| 1478/1496 [00:55<00:00, 23.18step/s]
[Origin 4/13] 🎲 Drawing Posterior Samples:  99%|█████████▉| 1481/1496 [00:55<00:00, 22.46step/s]
[Origin 4/13] 🎲 Drawing Posterior Samples:  99%|█████████▉| 1484/1496 [00:55<00:00, 21.86step/s]
[Origin 4/13] 🎲 Drawing Posterior Samples:  99%|█████████▉| 1487/1496 [00:55<00:00, 21.57step/s]
[Origin 4/13] 🎲 Drawing Posterior Samples: 100%|█████████▉| 1490/1496 [00:55<00:00, 22.36step/s]
[Origin 4/13] 🎲 Drawing Posterior Samples: 100%|█████████▉| 1493/1496 [00:55<00:00, 24.05step/s]
[Origin 4/13] 🎲 Drawing Posterior Samples: 100%|██████████| 1496/1496 [00:55<00:00, 24.65step/s]
                                                                                                 

[Origin 5/13] 🎲 Drawing Posterior Samples:   0%|          | 0/1500 [00:00<?, ?step/s]
[Origin 5/13] 🎲 Drawing Posterior Samples:   0%|          | 5/1500 [00:00<00:37, 39.77step/s]
[Origin 5/13] 🎲 Drawing Posterior Samples:   1%|          | 9/1500 [00:00<00:43, 34.46step/s]
[Origin 5/13] 🎲 Drawing Posterior Samples:   1%|          | 13/1500 [00:00<00:43, 34.07step/s]
[Origin 5/13] 🎲 Drawing Posterior Samples:   1%|          | 17/1500 [00:00<00:45, 32.68step/s]
[Origin 5/13] 🎲 Drawing Posterior Samples:   1%|▏         | 21/1500 [00:00<00:47, 31.43step/s]
[Origin 5/13] 🎲 Drawing Posterior Samples:   2%|▏         | 25/1500 [00:00<00:47, 31.33step/s]
[Origin 5/13] 🎲 Drawing Posterior Samples:   2%|▏         | 29/1500 [00:00<00:46, 31.77step/s]
[Origin 5/13] 🎲 Drawing Posterior Samples:   2%|▏         | 33/1500 [00:01<00:47, 31.12step/s]
[Origin 5/13] 🎲 Drawing Posterior Samples:   2%|▏         | 37/1500 [00:01<00:46, 31.44step/s]
[Origin 5/13] 🎲 Drawing Posterior Samples:   3%|▎         | 41/1500 [00:01<00:48, 29.95step/s]
[Origin 5/13] 🎲 Drawing Posterior Samples:   3%|▎         | 45/1500 [00:01<00:48, 30.27step/s]
[Origin 5/13] 🎲 Drawing Posterior Samples:   3%|▎         | 49/1500 [00:01<00:47, 30.55step/s]
[Origin 5/13] 🎲 Drawing Posterior Samples:   4%|▎         | 53/1500 [00:01<00:47, 30.77step/s]
[Origin 5/13] 🎲 Drawing Posterior Samples:   4%|▍         | 57/1500 [00:01<00:46, 30.75step/s]
[Origin 5/13] 🎲 Drawing Posterior Samples:   4%|▍         | 61/1500 [00:01<00:47, 30.48step/s]
[Origin 5/13] 🎲 Drawing Posterior Samples:   4%|▍         | 65/1500 [00:02<00:46, 31.03step/s]
[Origin 5/13] 🎲 Drawing Posterior Samples:   5%|▍         | 69/1500 [00:02<00:46, 30.60step/s]
[Origin 5/13] 🎲 Drawing Posterior Samples:   5%|▍         | 73/1500 [00:02<00:45, 31.06step/s]
[Origin 5/13] 🎲 Drawing Posterior Samples:   5%|▌         | 77/1500 [00:02<00:46, 30.53step/s]
[Origin 5/13] 🎲 Drawing Posterior Samples:   5%|▌         | 81/1500 [00:02<00:46, 30.39step/s]
[Origin 5/13] 🎲 Drawing Posterior Samples:   6%|▌         | 85/1500 [00:02<00:45, 30.88step/s]
[Origin 5/13] 🎲 Drawing Posterior Samples:   6%|▌         | 89/1500 [00:02<00:45, 31.25step/s]
[Origin 5/13] 🎲 Drawing Posterior Samples:   6%|▌         | 93/1500 [00:02<00:44, 31.81step/s]
[Origin 5/13] 🎲 Drawing Posterior Samples:   6%|▋         | 97/1500 [00:03<00:42, 33.02step/s]
[Origin 5/13] 🎲 Drawing Posterior Samples:   7%|▋         | 101/1500 [00:03<00:42, 33.23step/s]
[Origin 5/13] 🎲 Drawing Posterior Samples:   7%|▋         | 105/1500 [00:03<00:41, 33.89step/s]
[Origin 5/13] 🎲 Drawing Posterior Samples:   7%|▋         | 109/1500 [00:03<00:42, 32.52step/s]
[Origin 5/13] 🎲 Drawing Posterior Samples:   8%|▊         | 113/1500 [00:03<00:41, 33.51step/s]
[Origin 5/13] 🎲 Drawing Posterior Samples:   8%|▊         | 117/1500 [00:03<00:42, 32.27step/s]
[Origin 5/13] 🎲 Drawing Posterior Samples:   8%|▊         | 121/1500 [00:03<00:41, 33.49step/s]
[Origin 5/13] 🎲 Drawing Posterior Samples:   8%|▊         | 125/1500 [00:03<00:41, 33.37step/s]
[Origin 5/13] 🎲 Drawing Posterior Samples:   9%|▊         | 129/1500 [00:04<00:40, 33.68step/s]
[Origin 5/13] 🎲 Drawing Posterior Samples:   9%|▉         | 133/1500 [00:04<00:40, 34.03step/s]
[Origin 5/13] 🎲 Drawing Posterior Samples:   9%|▉         | 137/1500 [00:04<00:39, 34.49step/s]
[Origin 5/13] 🎲 Drawing Posterior Samples:   9%|▉         | 141/1500 [00:04<00:39, 34.48step/s]
[Origin 5/13] 🎲 Drawing Posterior Samples:  10%|▉         | 145/1500 [00:04<00:39, 33.94step/s]
[Origin 5/13] 🎲 Drawing Posterior Samples:  10%|▉         | 149/1500 [00:04<00:38, 34.92step/s]
[Origin 5/13] 🎲 Drawing Posterior Samples:  10%|█         | 153/1500 [00:04<00:39, 33.82step/s]
[Origin 5/13] 🎲 Drawing Posterior Samples:  10%|█         | 157/1500 [00:04<00:39, 34.25step/s]
[Origin 5/13] 🎲 Drawing Posterior Samples:  11%|█         | 161/1500 [00:04<00:39, 34.07step/s]
[Origin 5/13] 🎲 Drawing Posterior Samples:  11%|█         | 165/1500 [00:05<00:39, 34.17step/s]
[Origin 5/13] 🎲 Drawing Posterior Samples:  11%|█▏        | 169/1500 [00:05<00:39, 33.85step/s]
[Origin 5/13] 🎲 Drawing Posterior Samples:  12%|█▏        | 173/1500 [00:05<00:39, 33.96step/s]
[Origin 5/13] 🎲 Drawing Posterior Samples:  12%|█▏        | 177/1500 [00:05<00:38, 34.17step/s]
[Origin 5/13] 🎲 Drawing Posterior Samples:  12%|█▏        | 181/1500 [00:05<00:39, 33.32step/s]
[Origin 5/13] 🎲 Drawing Posterior Samples:  12%|█▏        | 185/1500 [00:05<00:38, 34.06step/s]
[Origin 5/13] 🎲 Drawing Posterior Samples:  13%|█▎        | 189/1500 [00:05<00:38, 34.07step/s]
[Origin 5/13] 🎲 Drawing Posterior Samples:  13%|█▎        | 193/1500 [00:05<00:38, 34.20step/s]
[Origin 5/13] 🎲 Drawing Posterior Samples:  13%|█▎        | 197/1500 [00:06<00:38, 33.49step/s]
[Origin 5/13] 🎲 Drawing Posterior Samples:  13%|█▎        | 201/1500 [00:06<00:38, 33.63step/s]
[Origin 5/13] 🎲 Drawing Posterior Samples:  14%|█▎        | 205/1500 [00:06<00:38, 33.98step/s]
[Origin 5/13] 🎲 Drawing Posterior Samples:  14%|█▍        | 209/1500 [00:06<00:38, 33.39step/s]
[Origin 5/13] 🎲 Drawing Posterior Samples:  14%|█▍        | 213/1500 [00:06<00:37, 34.02step/s]
[Origin 5/13] 🎲 Drawing Posterior Samples:  14%|█▍        | 217/1500 [00:06<00:38, 33.26step/s]
[Origin 5/13] 🎲 Drawing Posterior Samples:  15%|█▍        | 221/1500 [00:06<00:37, 33.97step/s]
[Origin 5/13] 🎲 Drawing Posterior Samples:  15%|█▌        | 225/1500 [00:06<00:38, 33.36step/s]
[Origin 5/13] 🎲 Drawing Posterior Samples:  15%|█▌        | 229/1500 [00:06<00:37, 33.76step/s]
[Origin 5/13] 🎲 Drawing Posterior Samples:  16%|█▌        | 233/1500 [00:07<00:37, 33.89step/s]
[Origin 5/13] 🎲 Drawing Posterior Samples:  16%|█▌        | 237/1500 [00:07<00:37, 33.95step/s]
[Origin 5/13] 🎲 Drawing Posterior Samples:  16%|█▌        | 241/1500 [00:07<00:36, 34.24step/s]
[Origin 5/13] 🎲 Drawing Posterior Samples:  16%|█▋        | 245/1500 [00:07<00:37, 33.89step/s]
[Origin 5/13] 🎲 Drawing Posterior Samples:  17%|█▋        | 249/1500 [00:07<00:36, 34.67step/s]
[Origin 5/13] 🎲 Drawing Posterior Samples:  17%|█▋        | 253/1500 [00:07<00:36, 33.93step/s]
[Origin 5/13] 🎲 Drawing Posterior Samples:  17%|█▋        | 257/1500 [00:07<00:38, 32.69step/s]
[Origin 5/13] 🎲 Drawing Posterior Samples:  17%|█▋        | 261/1500 [00:07<00:36, 33.51step/s]
[Origin 5/13] 🎲 Drawing Posterior Samples:  18%|█▊        | 265/1500 [00:08<00:36, 34.16step/s]
[Origin 5/13] 🎲 Drawing Posterior Samples:  18%|█▊        | 269/1500 [00:08<00:35, 34.23step/s]
[Origin 5/13] 🎲 Drawing Posterior Samples:  18%|█▊        | 273/1500 [00:08<00:36, 33.81step/s]
[Origin 5/13] 🎲 Drawing Posterior Samples:  18%|█▊        | 277/1500 [00:08<00:36, 33.80step/s]
[Origin 5/13] 🎲 Drawing Posterior Samples:  19%|█▊        | 281/1500 [00:08<00:34, 35.10step/s]
[Origin 5/13] 🎲 Drawing Posterior Samples:  19%|█▉        | 285/1500 [00:08<00:35, 34.36step/s]
[Origin 5/13] 🎲 Drawing Posterior Samples:  19%|█▉        | 289/1500 [00:08<00:34, 34.60step/s]
[Origin 5/13] 🎲 Drawing Posterior Samples:  20%|█▉        | 293/1500 [00:08<00:33, 35.68step/s]
[Origin 5/13] 🎲 Drawing Posterior Samples:  20%|█▉        | 297/1500 [00:08<00:33, 35.77step/s]
[Origin 5/13] 🎲 Drawing Posterior Samples:  20%|██        | 302/1500 [00:09<00:32, 36.34step/s]
[Origin 5/13] 🎲 Drawing Posterior Samples:  20%|██        | 306/1500 [00:09<00:33, 35.80step/s]
[Origin 5/13] 🎲 Drawing Posterior Samples:  21%|██        | 310/1500 [00:09<00:32, 36.49step/s]
[Origin 5/13] 🎲 Drawing Posterior Samples:  21%|██        | 314/1500 [00:09<00:32, 36.37step/s]
[Origin 5/13] 🎲 Drawing Posterior Samples:  21%|██        | 318/1500 [00:09<00:32, 36.39step/s]
[Origin 5/13] 🎲 Drawing Posterior Samples:  21%|██▏       | 322/1500 [00:09<00:33, 35.60step/s]
[Origin 5/13] 🎲 Drawing Posterior Samples:  22%|██▏       | 326/1500 [00:09<00:33, 35.05step/s]
[Origin 5/13] 🎲 Drawing Posterior Samples:  22%|██▏       | 330/1500 [00:09<00:33, 34.70step/s]
[Origin 5/13] 🎲 Drawing Posterior Samples:  22%|██▏       | 334/1500 [00:09<00:33, 35.22step/s]
[Origin 5/13] 🎲 Drawing Posterior Samples:  23%|██▎       | 338/1500 [00:10<00:32, 36.05step/s]
[Origin 5/13] 🎲 Drawing Posterior Samples:  23%|██▎       | 342/1500 [00:10<00:38, 29.92step/s]
[Origin 5/13] 🎲 Drawing Posterior Samples:  23%|██▎       | 346/1500 [00:10<00:44, 25.69step/s]
[Origin 5/13] 🎲 Drawing Posterior Samples:  23%|██▎       | 349/1500 [00:10<00:44, 25.99step/s]
[Origin 5/13] 🎲 Drawing Posterior Samples:  23%|██▎       | 352/1500 [00:10<00:45, 25.32step/s]
[Origin 5/13] 🎲 Drawing Posterior Samples:  24%|██▎       | 355/1500 [00:10<00:46, 24.72step/s]
[Origin 5/13] 🎲 Drawing Posterior Samples:  24%|██▍       | 358/1500 [00:10<00:46, 24.31step/s]
[Origin 5/13] 🎲 Drawing Posterior Samples:  24%|██▍       | 361/1500 [00:11<00:46, 24.39step/s]
[Origin 5/13] 🎲 Drawing Posterior Samples:  24%|██▍       | 364/1500 [00:11<00:47, 24.12step/s]
[Origin 5/13] 🎲 Drawing Posterior Samples:  24%|██▍       | 367/1500 [00:11<00:48, 23.39step/s]
[Origin 5/13] 🎲 Drawing Posterior Samples:  25%|██▍       | 370/1500 [00:11<00:57, 19.82step/s]
[Origin 5/13] 🎲 Drawing Posterior Samples:  25%|██▍       | 373/1500 [00:11<01:03, 17.83step/s]
[Origin 5/13] 🎲 Drawing Posterior Samples:  25%|██▌       | 375/1500 [00:11<01:05, 17.16step/s]
[Origin 5/13] 🎲 Drawing Posterior Samples:  25%|██▌       | 377/1500 [00:15<08:17,  2.26step/s]
[Origin 5/13] 🎲 Drawing Posterior Samples:  25%|██▌       | 381/1500 [00:15<05:08,  3.63step/s]
[Origin 5/13] 🎲 Drawing Posterior Samples:  26%|██▌       | 385/1500 [00:15<03:26,  5.41step/s]
[Origin 5/13] 🎲 Drawing Posterior Samples:  26%|██▌       | 389/1500 [00:15<02:25,  7.62step/s]
[Origin 5/13] 🎲 Drawing Posterior Samples:  26%|██▌       | 393/1500 [00:15<01:47, 10.25step/s]
[Origin 5/13] 🎲 Drawing Posterior Samples:  26%|██▋       | 397/1500 [00:15<01:23, 13.25step/s]
[Origin 5/13] 🎲 Drawing Posterior Samples:  27%|██▋       | 401/1500 [00:15<01:06, 16.54step/s]
[Origin 5/13] 🎲 Drawing Posterior Samples:  27%|██▋       | 405/1500 [00:16<00:56, 19.50step/s]
[Origin 5/13] 🎲 Drawing Posterior Samples:  27%|██▋       | 409/1500 [00:16<00:48, 22.64step/s]
[Origin 5/13] 🎲 Drawing Posterior Samples:  28%|██▊       | 413/1500 [00:16<00:43, 25.28step/s]
[Origin 5/13] 🎲 Drawing Posterior Samples:  28%|██▊       | 417/1500 [00:16<00:39, 27.49step/s]
[Origin 5/13] 🎲 Drawing Posterior Samples:  28%|██▊       | 421/1500 [00:16<00:36, 29.17step/s]
[Origin 5/13] 🎲 Drawing Posterior Samples:  28%|██▊       | 425/1500 [00:16<00:35, 29.94step/s]
[Origin 5/13] 🎲 Drawing Posterior Samples:  29%|██▊       | 429/1500 [00:16<00:34, 31.47step/s]
[Origin 5/13] 🎲 Drawing Posterior Samples:  29%|██▉       | 433/1500 [00:16<00:33, 32.00step/s]
[Origin 5/13] 🎲 Drawing Posterior Samples:  29%|██▉       | 437/1500 [00:17<00:32, 32.91step/s]
[Origin 5/13] 🎲 Drawing Posterior Samples:  29%|██▉       | 441/1500 [00:17<00:32, 32.86step/s]
[Origin 5/13] 🎲 Drawing Posterior Samples:  30%|██▉       | 445/1500 [00:17<00:31, 33.63step/s]
[Origin 5/13] 🎲 Drawing Posterior Samples:  30%|██▉       | 449/1500 [00:17<00:30, 34.23step/s]
[Origin 5/13] 🎲 Drawing Posterior Samples:  30%|███       | 453/1500 [00:17<00:31, 33.76step/s]
[Origin 5/13] 🎲 Drawing Posterior Samples:  30%|███       | 457/1500 [00:17<00:30, 34.19step/s]
[Origin 5/13] 🎲 Drawing Posterior Samples:  31%|███       | 461/1500 [00:17<00:31, 33.42step/s]
[Origin 5/13] 🎲 Drawing Posterior Samples:  31%|███       | 465/1500 [00:17<00:31, 33.35step/s]
[Origin 5/13] 🎲 Drawing Posterior Samples:  31%|███▏      | 469/1500 [00:17<00:30, 34.24step/s]
[Origin 5/13] 🎲 Drawing Posterior Samples:  32%|███▏      | 473/1500 [00:18<00:29, 34.66step/s]
[Origin 5/13] 🎲 Drawing Posterior Samples:  32%|███▏      | 477/1500 [00:18<00:29, 34.76step/s]
[Origin 5/13] 🎲 Drawing Posterior Samples:  32%|███▏      | 481/1500 [00:18<00:28, 35.37step/s]
[Origin 5/13] 🎲 Drawing Posterior Samples:  32%|███▏      | 485/1500 [00:18<00:28, 35.83step/s]
[Origin 5/13] 🎲 Drawing Posterior Samples:  33%|███▎      | 489/1500 [00:18<00:28, 36.05step/s]
[Origin 5/13] 🎲 Drawing Posterior Samples:  33%|███▎      | 493/1500 [00:18<00:28, 35.93step/s]
[Origin 5/13] 🎲 Drawing Posterior Samples:  33%|███▎      | 497/1500 [00:18<00:27, 36.17step/s]
[Origin 5/13] 🎲 Drawing Posterior Samples:  33%|███▎      | 501/1500 [00:18<00:28, 35.62step/s]
[Origin 5/13] 🎲 Drawing Posterior Samples:  34%|███▎      | 505/1500 [00:18<00:28, 34.99step/s]
[Origin 5/13] 🎲 Drawing Posterior Samples:  34%|███▍      | 509/1500 [00:19<00:28, 34.47step/s]
[Origin 5/13] 🎲 Drawing Posterior Samples:  34%|███▍      | 513/1500 [00:19<00:27, 35.40step/s]
[Origin 5/13] 🎲 Drawing Posterior Samples:  34%|███▍      | 517/1500 [00:19<00:28, 34.67step/s]
[Origin 5/13] 🎲 Drawing Posterior Samples:  35%|███▍      | 521/1500 [00:19<00:27, 35.07step/s]
[Origin 5/13] 🎲 Drawing Posterior Samples:  35%|███▌      | 525/1500 [00:19<00:27, 34.91step/s]
[Origin 5/13] 🎲 Drawing Posterior Samples:  35%|███▌      | 529/1500 [00:19<00:27, 35.49step/s]
[Origin 5/13] 🎲 Drawing Posterior Samples:  36%|███▌      | 533/1500 [00:19<00:27, 35.35step/s]
[Origin 5/13] 🎲 Drawing Posterior Samples:  36%|███▌      | 537/1500 [00:19<00:26, 36.21step/s]
[Origin 5/13] 🎲 Drawing Posterior Samples:  36%|███▌      | 541/1500 [00:19<00:26, 36.06step/s]
[Origin 5/13] 🎲 Drawing Posterior Samples:  36%|███▋      | 545/1500 [00:20<00:26, 36.14step/s]
[Origin 5/13] 🎲 Drawing Posterior Samples:  37%|███▋      | 549/1500 [00:20<00:27, 35.10step/s]
[Origin 5/13] 🎲 Drawing Posterior Samples:  37%|███▋      | 553/1500 [00:20<00:27, 35.01step/s]
[Origin 5/13] 🎲 Drawing Posterior Samples:  37%|███▋      | 557/1500 [00:20<00:27, 34.20step/s]
[Origin 5/13] 🎲 Drawing Posterior Samples:  37%|███▋      | 561/1500 [00:20<00:26, 34.85step/s]
[Origin 5/13] 🎲 Drawing Posterior Samples:  38%|███▊      | 565/1500 [00:20<00:26, 35.64step/s]
[Origin 5/13] 🎲 Drawing Posterior Samples:  38%|███▊      | 569/1500 [00:20<00:26, 34.64step/s]
[Origin 5/13] 🎲 Drawing Posterior Samples:  38%|███▊      | 573/1500 [00:20<00:26, 34.55step/s]
[Origin 5/13] 🎲 Drawing Posterior Samples:  38%|███▊      | 577/1500 [00:20<00:25, 35.79step/s]
[Origin 5/13] 🎲 Drawing Posterior Samples:  39%|███▊      | 581/1500 [00:21<00:25, 35.90step/s]
[Origin 5/13] 🎲 Drawing Posterior Samples:  39%|███▉      | 585/1500 [00:21<00:25, 35.80step/s]
[Origin 5/13] 🎲 Drawing Posterior Samples:  39%|███▉      | 589/1500 [00:21<00:24, 36.62step/s]
[Origin 5/13] 🎲 Drawing Posterior Samples:  40%|███▉      | 593/1500 [00:21<00:25, 35.06step/s]
[Origin 5/13] 🎲 Drawing Posterior Samples:  40%|███▉      | 597/1500 [00:21<00:26, 34.50step/s]
[Origin 5/13] 🎲 Drawing Posterior Samples:  40%|████      | 601/1500 [00:21<00:25, 34.75step/s]
[Origin 5/13] 🎲 Drawing Posterior Samples:  40%|████      | 605/1500 [00:21<00:25, 35.03step/s]
[Origin 5/13] 🎲 Drawing Posterior Samples:  41%|████      | 609/1500 [00:21<00:25, 34.63step/s]
[Origin 5/13] 🎲 Drawing Posterior Samples:  41%|████      | 613/1500 [00:22<00:25, 34.38step/s]
[Origin 5/13] 🎲 Drawing Posterior Samples:  41%|████      | 617/1500 [00:22<00:25, 34.81step/s]
[Origin 5/13] 🎲 Drawing Posterior Samples:  41%|████▏     | 621/1500 [00:22<00:24, 36.07step/s]
[Origin 5/13] 🎲 Drawing Posterior Samples:  42%|████▏     | 625/1500 [00:22<00:24, 35.18step/s]
[Origin 5/13] 🎲 Drawing Posterior Samples:  42%|████▏     | 629/1500 [00:22<00:24, 36.24step/s]
[Origin 5/13] 🎲 Drawing Posterior Samples:  42%|████▏     | 633/1500 [00:22<00:23, 36.34step/s]
[Origin 5/13] 🎲 Drawing Posterior Samples:  42%|████▏     | 637/1500 [00:22<00:24, 34.97step/s]
[Origin 5/13] 🎲 Drawing Posterior Samples:  43%|████▎     | 641/1500 [00:22<00:24, 35.33step/s]
[Origin 5/13] 🎲 Drawing Posterior Samples:  43%|████▎     | 645/1500 [00:22<00:24, 35.32step/s]
[Origin 5/13] 🎲 Drawing Posterior Samples:  43%|████▎     | 649/1500 [00:23<00:24, 34.41step/s]
[Origin 5/13] 🎲 Drawing Posterior Samples:  44%|████▎     | 653/1500 [00:23<00:24, 34.33step/s]
[Origin 5/13] 🎲 Drawing Posterior Samples:  44%|████▍     | 657/1500 [00:23<00:24, 33.83step/s]
[Origin 5/13] 🎲 Drawing Posterior Samples:  44%|████▍     | 661/1500 [00:23<00:24, 34.43step/s]
[Origin 5/13] 🎲 Drawing Posterior Samples:  44%|████▍     | 665/1500 [00:23<00:25, 32.91step/s]
[Origin 5/13] 🎲 Drawing Posterior Samples:  45%|████▍     | 669/1500 [00:23<00:24, 34.07step/s]
[Origin 5/13] 🎲 Drawing Posterior Samples:  45%|████▍     | 673/1500 [00:23<00:24, 33.43step/s]
[Origin 5/13] 🎲 Drawing Posterior Samples:  45%|████▌     | 677/1500 [00:23<00:24, 33.79step/s]
[Origin 5/13] 🎲 Drawing Posterior Samples:  45%|████▌     | 681/1500 [00:23<00:23, 34.26step/s]
[Origin 5/13] 🎲 Drawing Posterior Samples:  46%|████▌     | 685/1500 [00:24<00:24, 33.86step/s]
[Origin 5/13] 🎲 Drawing Posterior Samples:  46%|████▌     | 689/1500 [00:24<00:23, 34.26step/s]
[Origin 5/13] 🎲 Drawing Posterior Samples:  46%|████▌     | 693/1500 [00:24<00:23, 33.99step/s]
[Origin 5/13] 🎲 Drawing Posterior Samples:  46%|████▋     | 697/1500 [00:24<00:23, 34.52step/s]
[Origin 5/13] 🎲 Drawing Posterior Samples:  47%|████▋     | 701/1500 [00:24<00:23, 34.28step/s]
[Origin 5/13] 🎲 Drawing Posterior Samples:  47%|████▋     | 705/1500 [00:24<00:23, 34.12step/s]
[Origin 5/13] 🎲 Drawing Posterior Samples:  47%|████▋     | 709/1500 [00:24<00:23, 34.21step/s]
[Origin 5/13] 🎲 Drawing Posterior Samples:  48%|████▊     | 713/1500 [00:24<00:23, 34.01step/s]
[Origin 5/13] 🎲 Drawing Posterior Samples:  48%|████▊     | 717/1500 [00:25<00:26, 29.74step/s]
[Origin 5/13] 🎲 Drawing Posterior Samples:  48%|████▊     | 721/1500 [00:25<00:27, 28.44step/s]
[Origin 5/13] 🎲 Drawing Posterior Samples:  48%|████▊     | 724/1500 [00:25<00:28, 27.04step/s]
[Origin 5/13] 🎲 Drawing Posterior Samples:  48%|████▊     | 727/1500 [00:25<00:29, 26.37step/s]
[Origin 5/13] 🎲 Drawing Posterior Samples:  49%|████▊     | 730/1500 [00:25<00:29, 26.27step/s]
[Origin 5/13] 🎲 Drawing Posterior Samples:  49%|████▉     | 733/1500 [00:25<00:30, 25.45step/s]
[Origin 5/13] 🎲 Drawing Posterior Samples:  49%|████▉     | 736/1500 [00:25<00:30, 25.43step/s]
[Origin 5/13] 🎲 Drawing Posterior Samples:  49%|████▉     | 739/1500 [00:25<00:30, 25.09step/s]
[Origin 5/13] 🎲 Drawing Posterior Samples:  49%|████▉     | 742/1500 [00:26<00:30, 24.62step/s]
[Origin 5/13] 🎲 Drawing Posterior Samples:  50%|████▉     | 745/1500 [00:26<00:31, 23.99step/s]
[Origin 5/13] 🎲 Drawing Posterior Samples:  50%|████▉     | 748/1500 [00:26<00:31, 23.69step/s]
[Origin 5/13] 🎲 Drawing Posterior Samples:  50%|█████     | 751/1500 [00:28<03:06,  4.01step/s]
[Origin 5/13] 🎲 Drawing Posterior Samples:  50%|█████     | 755/1500 [00:28<02:06,  5.88step/s]
[Origin 5/13] 🎲 Drawing Posterior Samples:  51%|█████     | 759/1500 [00:28<01:30,  8.19step/s]
[Origin 5/13] 🎲 Drawing Posterior Samples:  51%|█████     | 762/1500 [00:28<01:13, 10.11step/s]
[Origin 5/13] 🎲 Drawing Posterior Samples:  51%|█████     | 766/1500 [00:29<00:55, 13.18step/s]
[Origin 5/13] 🎲 Drawing Posterior Samples:  51%|█████▏    | 769/1500 [00:29<00:47, 15.48step/s]
[Origin 5/13] 🎲 Drawing Posterior Samples:  51%|█████▏    | 772/1500 [00:29<00:40, 17.76step/s]
[Origin 5/13] 🎲 Drawing Posterior Samples:  52%|█████▏    | 776/1500 [00:29<00:35, 20.60step/s]
[Origin 5/13] 🎲 Drawing Posterior Samples:  52%|█████▏    | 780/1500 [00:29<00:31, 22.90step/s]
[Origin 5/13] 🎲 Drawing Posterior Samples:  52%|█████▏    | 784/1500 [00:29<00:28, 25.43step/s]
[Origin 5/13] 🎲 Drawing Posterior Samples:  53%|█████▎    | 788/1500 [00:29<00:27, 26.21step/s]
[Origin 5/13] 🎲 Drawing Posterior Samples:  53%|█████▎    | 792/1500 [00:29<00:25, 27.72step/s]
[Origin 5/13] 🎲 Drawing Posterior Samples:  53%|█████▎    | 796/1500 [00:30<00:24, 28.32step/s]
[Origin 5/13] 🎲 Drawing Posterior Samples:  53%|█████▎    | 800/1500 [00:30<00:23, 29.79step/s]
[Origin 5/13] 🎲 Drawing Posterior Samples:  54%|█████▎    | 804/1500 [00:30<00:23, 29.35step/s]
[Origin 5/13] 🎲 Drawing Posterior Samples:  54%|█████▍    | 808/1500 [00:30<00:23, 29.82step/s]
[Origin 5/13] 🎲 Drawing Posterior Samples:  54%|█████▍    | 812/1500 [00:30<00:22, 30.20step/s]
[Origin 5/13] 🎲 Drawing Posterior Samples:  54%|█████▍    | 816/1500 [00:30<00:22, 30.31step/s]
[Origin 5/13] 🎲 Drawing Posterior Samples:  55%|█████▍    | 820/1500 [00:30<00:22, 30.32step/s]
[Origin 5/13] 🎲 Drawing Posterior Samples:  55%|█████▍    | 824/1500 [00:30<00:22, 30.51step/s]
[Origin 5/13] 🎲 Drawing Posterior Samples:  55%|█████▌    | 828/1500 [00:31<00:22, 30.52step/s]
[Origin 5/13] 🎲 Drawing Posterior Samples:  55%|█████▌    | 832/1500 [00:31<00:21, 30.95step/s]
[Origin 5/13] 🎲 Drawing Posterior Samples:  56%|█████▌    | 836/1500 [00:31<00:21, 31.15step/s]
[Origin 5/13] 🎲 Drawing Posterior Samples:  56%|█████▌    | 840/1500 [00:31<00:20, 32.09step/s]
[Origin 5/13] 🎲 Drawing Posterior Samples:  56%|█████▋    | 844/1500 [00:31<00:20, 31.52step/s]
[Origin 5/13] 🎲 Drawing Posterior Samples:  57%|█████▋    | 848/1500 [00:31<00:20, 31.26step/s]
[Origin 5/13] 🎲 Drawing Posterior Samples:  57%|█████▋    | 852/1500 [00:31<00:20, 31.61step/s]
[Origin 5/13] 🎲 Drawing Posterior Samples:  57%|█████▋    | 856/1500 [00:31<00:20, 31.26step/s]
[Origin 5/13] 🎲 Drawing Posterior Samples:  57%|█████▋    | 860/1500 [00:32<00:20, 31.32step/s]
[Origin 5/13] 🎲 Drawing Posterior Samples:  58%|█████▊    | 864/1500 [00:32<00:20, 31.73step/s]
[Origin 5/13] 🎲 Drawing Posterior Samples:  58%|█████▊    | 868/1500 [00:32<00:20, 31.25step/s]
[Origin 5/13] 🎲 Drawing Posterior Samples:  58%|█████▊    | 872/1500 [00:32<00:20, 31.07step/s]
[Origin 5/13] 🎲 Drawing Posterior Samples:  58%|█████▊    | 876/1500 [00:32<00:19, 31.38step/s]
[Origin 5/13] 🎲 Drawing Posterior Samples:  59%|█████▊    | 880/1500 [00:32<00:19, 31.71step/s]
[Origin 5/13] 🎲 Drawing Posterior Samples:  59%|█████▉    | 884/1500 [00:32<00:19, 31.27step/s]
[Origin 5/13] 🎲 Drawing Posterior Samples:  59%|█████▉    | 888/1500 [00:33<00:19, 31.24step/s]
[Origin 5/13] 🎲 Drawing Posterior Samples:  59%|█████▉    | 892/1500 [00:33<00:18, 32.32step/s]
[Origin 5/13] 🎲 Drawing Posterior Samples:  60%|█████▉    | 896/1500 [00:33<00:18, 32.24step/s]
[Origin 5/13] 🎲 Drawing Posterior Samples:  60%|██████    | 900/1500 [00:33<00:18, 33.30step/s]
[Origin 5/13] 🎲 Drawing Posterior Samples:  60%|██████    | 904/1500 [00:33<00:17, 33.13step/s]
[Origin 5/13] 🎲 Drawing Posterior Samples:  61%|██████    | 908/1500 [00:33<00:17, 33.24step/s]
[Origin 5/13] 🎲 Drawing Posterior Samples:  61%|██████    | 912/1500 [00:33<00:17, 34.25step/s]
[Origin 5/13] 🎲 Drawing Posterior Samples:  61%|██████    | 916/1500 [00:33<00:17, 33.45step/s]
[Origin 5/13] 🎲 Drawing Posterior Samples:  61%|██████▏   | 920/1500 [00:33<00:17, 34.00step/s]
[Origin 5/13] 🎲 Drawing Posterior Samples:  62%|██████▏   | 924/1500 [00:34<00:17, 33.80step/s]
[Origin 5/13] 🎲 Drawing Posterior Samples:  62%|██████▏   | 928/1500 [00:34<00:16, 34.56step/s]
[Origin 5/13] 🎲 Drawing Posterior Samples:  62%|██████▏   | 932/1500 [00:34<00:16, 33.93step/s]
[Origin 5/13] 🎲 Drawing Posterior Samples:  62%|██████▏   | 936/1500 [00:34<00:16, 34.54step/s]
[Origin 5/13] 🎲 Drawing Posterior Samples:  63%|██████▎   | 940/1500 [00:34<00:16, 33.72step/s]
[Origin 5/13] 🎲 Drawing Posterior Samples:  63%|██████▎   | 944/1500 [00:34<00:16, 34.05step/s]
[Origin 5/13] 🎲 Drawing Posterior Samples:  63%|██████▎   | 948/1500 [00:34<00:16, 33.99step/s]
[Origin 5/13] 🎲 Drawing Posterior Samples:  63%|██████▎   | 952/1500 [00:34<00:16, 34.24step/s]
[Origin 5/13] 🎲 Drawing Posterior Samples:  64%|██████▎   | 956/1500 [00:34<00:15, 34.35step/s]
[Origin 5/13] 🎲 Drawing Posterior Samples:  64%|██████▍   | 960/1500 [00:35<00:16, 33.74step/s]
[Origin 5/13] 🎲 Drawing Posterior Samples:  64%|██████▍   | 964/1500 [00:35<00:15, 34.49step/s]
[Origin 5/13] 🎲 Drawing Posterior Samples:  65%|██████▍   | 968/1500 [00:35<00:15, 33.96step/s]
[Origin 5/13] 🎲 Drawing Posterior Samples:  65%|██████▍   | 972/1500 [00:35<00:15, 34.22step/s]
[Origin 5/13] 🎲 Drawing Posterior Samples:  65%|██████▌   | 976/1500 [00:35<00:15, 34.47step/s]
[Origin 5/13] 🎲 Drawing Posterior Samples:  65%|██████▌   | 980/1500 [00:35<00:15, 33.35step/s]
[Origin 5/13] 🎲 Drawing Posterior Samples:  66%|██████▌   | 984/1500 [00:35<00:15, 33.21step/s]
[Origin 5/13] 🎲 Drawing Posterior Samples:  66%|██████▌   | 988/1500 [00:35<00:15, 33.95step/s]
[Origin 5/13] 🎲 Drawing Posterior Samples:  66%|██████▌   | 992/1500 [00:36<00:14, 33.89step/s]
[Origin 5/13] 🎲 Drawing Posterior Samples:  66%|██████▋   | 996/1500 [00:36<00:15, 33.44step/s]
[Origin 5/13] 🎲 Drawing Posterior Samples:  67%|██████▋   | 1000/1500 [00:36<00:14, 33.83step/s]
[Origin 5/13] 🎲 Drawing Posterior Samples:  67%|██████▋   | 1004/1500 [00:36<00:14, 33.98step/s]
[Origin 5/13] 🎲 Drawing Posterior Samples:  67%|██████▋   | 1008/1500 [00:36<00:14, 34.35step/s]
[Origin 5/13] 🎲 Drawing Posterior Samples:  67%|██████▋   | 1012/1500 [00:36<00:14, 34.46step/s]
[Origin 5/13] 🎲 Drawing Posterior Samples:  68%|██████▊   | 1016/1500 [00:36<00:14, 33.64step/s]
[Origin 5/13] 🎲 Drawing Posterior Samples:  68%|██████▊   | 1020/1500 [00:36<00:14, 34.14step/s]
[Origin 5/13] 🎲 Drawing Posterior Samples:  68%|██████▊   | 1024/1500 [00:37<00:14, 33.76step/s]
[Origin 5/13] 🎲 Drawing Posterior Samples:  69%|██████▊   | 1028/1500 [00:37<00:13, 34.20step/s]
[Origin 5/13] 🎲 Drawing Posterior Samples:  69%|██████▉   | 1032/1500 [00:37<00:13, 33.76step/s]
[Origin 5/13] 🎲 Drawing Posterior Samples:  69%|██████▉   | 1036/1500 [00:37<00:13, 34.43step/s]
[Origin 5/13] 🎲 Drawing Posterior Samples:  69%|██████▉   | 1040/1500 [00:37<00:13, 34.28step/s]
[Origin 5/13] 🎲 Drawing Posterior Samples:  70%|██████▉   | 1044/1500 [00:37<00:13, 33.92step/s]
[Origin 5/13] 🎲 Drawing Posterior Samples:  70%|██████▉   | 1048/1500 [00:37<00:13, 34.20step/s]
[Origin 5/13] 🎲 Drawing Posterior Samples:  70%|███████   | 1052/1500 [00:37<00:13, 33.24step/s]
[Origin 5/13] 🎲 Drawing Posterior Samples:  70%|███████   | 1056/1500 [00:37<00:13, 33.62step/s]
[Origin 5/13] 🎲 Drawing Posterior Samples:  71%|███████   | 1060/1500 [00:38<00:13, 33.12step/s]
[Origin 5/13] 🎲 Drawing Posterior Samples:  71%|███████   | 1064/1500 [00:38<00:13, 32.75step/s]
[Origin 5/13] 🎲 Drawing Posterior Samples:  71%|███████   | 1068/1500 [00:38<00:13, 31.85step/s]
[Origin 5/13] 🎲 Drawing Posterior Samples:  71%|███████▏  | 1072/1500 [00:38<00:13, 31.72step/s]
[Origin 5/13] 🎲 Drawing Posterior Samples:  72%|███████▏  | 1076/1500 [00:38<00:13, 31.46step/s]
[Origin 5/13] 🎲 Drawing Posterior Samples:  72%|███████▏  | 1080/1500 [00:38<00:13, 32.07step/s]
[Origin 5/13] 🎲 Drawing Posterior Samples:  72%|███████▏  | 1084/1500 [00:38<00:13, 31.36step/s]
[Origin 5/13] 🎲 Drawing Posterior Samples:  73%|███████▎  | 1088/1500 [00:38<00:13, 31.29step/s]
[Origin 5/13] 🎲 Drawing Posterior Samples:  73%|███████▎  | 1092/1500 [00:39<00:15, 26.71step/s]
[Origin 5/13] 🎲 Drawing Posterior Samples:  73%|███████▎  | 1095/1500 [00:39<00:16, 25.22step/s]
[Origin 5/13] 🎲 Drawing Posterior Samples:  73%|███████▎  | 1098/1500 [00:39<00:17, 23.37step/s]
[Origin 5/13] 🎲 Drawing Posterior Samples:  73%|███████▎  | 1101/1500 [00:39<00:18, 21.05step/s]
[Origin 5/13] 🎲 Drawing Posterior Samples:  74%|███████▎  | 1104/1500 [00:39<00:20, 19.73step/s]
[Origin 5/13] 🎲 Drawing Posterior Samples:  74%|███████▍  | 1107/1500 [00:39<00:19, 20.07step/s]
[Origin 5/13] 🎲 Drawing Posterior Samples:  74%|███████▍  | 1110/1500 [00:40<00:18, 20.88step/s]
[Origin 5/13] 🎲 Drawing Posterior Samples:  74%|███████▍  | 1113/1500 [00:40<00:18, 20.62step/s]
[Origin 5/13] 🎲 Drawing Posterior Samples:  74%|███████▍  | 1116/1500 [00:40<00:18, 20.25step/s]
[Origin 5/13] 🎲 Drawing Posterior Samples:  75%|███████▍  | 1119/1500 [00:40<00:18, 20.10step/s]
[Origin 5/13] 🎲 Drawing Posterior Samples:  75%|███████▍  | 1122/1500 [00:40<00:18, 20.74step/s]
[Origin 5/13] 🎲 Drawing Posterior Samples:  75%|███████▌  | 1125/1500 [00:40<00:17, 21.92step/s]
[Origin 5/13] 🎲 Drawing Posterior Samples:  75%|███████▌  | 1128/1500 [00:43<01:56,  3.19step/s]
[Origin 5/13] 🎲 Drawing Posterior Samples:  75%|███████▌  | 1132/1500 [00:43<01:17,  4.74step/s]
[Origin 5/13] 🎲 Drawing Posterior Samples:  76%|███████▌  | 1136/1500 [00:43<00:54,  6.70step/s]
[Origin 5/13] 🎲 Drawing Posterior Samples:  76%|███████▌  | 1140/1500 [00:43<00:39,  9.16step/s]
[Origin 5/13] 🎲 Drawing Posterior Samples:  76%|███████▋  | 1144/1500 [00:44<00:29, 11.95step/s]
[Origin 5/13] 🎲 Drawing Posterior Samples:  77%|███████▋  | 1148/1500 [00:44<00:23, 15.09step/s]
[Origin 5/13] 🎲 Drawing Posterior Samples:  77%|███████▋  | 1152/1500 [00:44<00:19, 18.20step/s]
[Origin 5/13] 🎲 Drawing Posterior Samples:  77%|███████▋  | 1156/1500 [00:44<00:16, 21.47step/s]
[Origin 5/13] 🎲 Drawing Posterior Samples:  77%|███████▋  | 1160/1500 [00:44<00:14, 23.95step/s]
[Origin 5/13] 🎲 Drawing Posterior Samples:  78%|███████▊  | 1164/1500 [00:44<00:12, 26.38step/s]
[Origin 5/13] 🎲 Drawing Posterior Samples:  78%|███████▊  | 1168/1500 [00:44<00:11, 28.27step/s]
[Origin 5/13] 🎲 Drawing Posterior Samples:  78%|███████▊  | 1172/1500 [00:44<00:11, 29.43step/s]
[Origin 5/13] 🎲 Drawing Posterior Samples:  78%|███████▊  | 1176/1500 [00:45<00:10, 31.12step/s]
[Origin 5/13] 🎲 Drawing Posterior Samples:  79%|███████▊  | 1180/1500 [00:45<00:10, 31.93step/s]
[Origin 5/13] 🎲 Drawing Posterior Samples:  79%|███████▉  | 1184/1500 [00:45<00:09, 32.83step/s]
[Origin 5/13] 🎲 Drawing Posterior Samples:  79%|███████▉  | 1188/1500 [00:45<00:09, 34.04step/s]
[Origin 5/13] 🎲 Drawing Posterior Samples:  79%|███████▉  | 1192/1500 [00:45<00:09, 33.69step/s]
[Origin 5/13] 🎲 Drawing Posterior Samples:  80%|███████▉  | 1196/1500 [00:45<00:08, 34.19step/s]
[Origin 5/13] 🎲 Drawing Posterior Samples:  80%|████████  | 1200/1500 [00:45<00:08, 34.32step/s]
[Origin 5/13] 🎲 Drawing Posterior Samples:  80%|████████  | 1204/1500 [00:45<00:08, 34.15step/s]
[Origin 5/13] 🎲 Drawing Posterior Samples:  81%|████████  | 1208/1500 [00:45<00:08, 33.71step/s]
[Origin 5/13] 🎲 Drawing Posterior Samples:  81%|████████  | 1212/1500 [00:46<00:08, 34.04step/s]
[Origin 5/13] 🎲 Drawing Posterior Samples:  81%|████████  | 1216/1500 [00:46<00:08, 32.68step/s]
[Origin 5/13] 🎲 Drawing Posterior Samples:  81%|████████▏ | 1220/1500 [00:46<00:08, 32.75step/s]
[Origin 5/13] 🎲 Drawing Posterior Samples:  82%|████████▏ | 1224/1500 [00:46<00:08, 33.08step/s]
[Origin 5/13] 🎲 Drawing Posterior Samples:  82%|████████▏ | 1228/1500 [00:46<00:08, 33.07step/s]
[Origin 5/13] 🎲 Drawing Posterior Samples:  82%|████████▏ | 1232/1500 [00:46<00:07, 33.54step/s]
[Origin 5/13] 🎲 Drawing Posterior Samples:  82%|████████▏ | 1236/1500 [00:46<00:07, 33.72step/s]
[Origin 5/13] 🎲 Drawing Posterior Samples:  83%|████████▎ | 1240/1500 [00:46<00:07, 34.31step/s]
[Origin 5/13] 🎲 Drawing Posterior Samples:  83%|████████▎ | 1244/1500 [00:47<00:07, 33.39step/s]
[Origin 5/13] 🎲 Drawing Posterior Samples:  83%|████████▎ | 1248/1500 [00:47<00:07, 33.87step/s]
[Origin 5/13] 🎲 Drawing Posterior Samples:  83%|████████▎ | 1252/1500 [00:47<00:07, 33.23step/s]
[Origin 5/13] 🎲 Drawing Posterior Samples:  84%|████████▎ | 1256/1500 [00:47<00:07, 33.73step/s]
[Origin 5/13] 🎲 Drawing Posterior Samples:  84%|████████▍ | 1260/1500 [00:47<00:07, 33.55step/s]
[Origin 5/13] 🎲 Drawing Posterior Samples:  84%|████████▍ | 1264/1500 [00:47<00:07, 33.00step/s]
[Origin 5/13] 🎲 Drawing Posterior Samples:  85%|████████▍ | 1268/1500 [00:47<00:06, 34.15step/s]
[Origin 5/13] 🎲 Drawing Posterior Samples:  85%|████████▍ | 1272/1500 [00:47<00:06, 33.57step/s]
[Origin 5/13] 🎲 Drawing Posterior Samples:  85%|████████▌ | 1276/1500 [00:47<00:06, 34.40step/s]
[Origin 5/13] 🎲 Drawing Posterior Samples:  85%|████████▌ | 1280/1500 [00:48<00:06, 34.13step/s]
[Origin 5/13] 🎲 Drawing Posterior Samples:  86%|████████▌ | 1284/1500 [00:48<00:06, 32.74step/s]
[Origin 5/13] 🎲 Drawing Posterior Samples:  86%|████████▌ | 1288/1500 [00:48<00:06, 33.35step/s]
[Origin 5/13] 🎲 Drawing Posterior Samples:  86%|████████▌ | 1292/1500 [00:48<00:06, 32.67step/s]
[Origin 5/13] 🎲 Drawing Posterior Samples:  86%|████████▋ | 1296/1500 [00:48<00:05, 34.10step/s]
[Origin 5/13] 🎲 Drawing Posterior Samples:  87%|████████▋ | 1300/1500 [00:48<00:05, 34.64step/s]
[Origin 5/13] 🎲 Drawing Posterior Samples:  87%|████████▋ | 1304/1500 [00:48<00:05, 33.85step/s]
[Origin 5/13] 🎲 Drawing Posterior Samples:  87%|████████▋ | 1308/1500 [00:48<00:05, 34.27step/s]
[Origin 5/13] 🎲 Drawing Posterior Samples:  87%|████████▋ | 1312/1500 [00:49<00:05, 35.34step/s]
[Origin 5/13] 🎲 Drawing Posterior Samples:  88%|████████▊ | 1316/1500 [00:49<00:05, 35.11step/s]
[Origin 5/13] 🎲 Drawing Posterior Samples:  88%|████████▊ | 1320/1500 [00:49<00:05, 34.64step/s]
[Origin 5/13] 🎲 Drawing Posterior Samples:  88%|████████▊ | 1324/1500 [00:49<00:05, 34.97step/s]
[Origin 5/13] 🎲 Drawing Posterior Samples:  89%|████████▊ | 1328/1500 [00:49<00:04, 35.46step/s]
[Origin 5/13] 🎲 Drawing Posterior Samples:  89%|████████▉ | 1332/1500 [00:49<00:04, 34.30step/s]
[Origin 5/13] 🎲 Drawing Posterior Samples:  89%|████████▉ | 1336/1500 [00:49<00:04, 34.52step/s]
[Origin 5/13] 🎲 Drawing Posterior Samples:  89%|████████▉ | 1340/1500 [00:49<00:04, 35.83step/s]
[Origin 5/13] 🎲 Drawing Posterior Samples:  90%|████████▉ | 1344/1500 [00:49<00:04, 35.61step/s]
[Origin 5/13] 🎲 Drawing Posterior Samples:  90%|████████▉ | 1348/1500 [00:50<00:04, 36.04step/s]
[Origin 5/13] 🎲 Drawing Posterior Samples:  90%|█████████ | 1352/1500 [00:50<00:04, 35.92step/s]
[Origin 5/13] 🎲 Drawing Posterior Samples:  90%|█████████ | 1356/1500 [00:50<00:03, 36.01step/s]
[Origin 5/13] 🎲 Drawing Posterior Samples:  91%|█████████ | 1360/1500 [00:50<00:03, 37.09step/s]
[Origin 5/13] 🎲 Drawing Posterior Samples:  91%|█████████ | 1364/1500 [00:50<00:03, 36.58step/s]
[Origin 5/13] 🎲 Drawing Posterior Samples:  91%|█████████ | 1368/1500 [00:50<00:03, 35.48step/s]
[Origin 5/13] 🎲 Drawing Posterior Samples:  91%|█████████▏| 1372/1500 [00:50<00:03, 35.97step/s]
[Origin 5/13] 🎲 Drawing Posterior Samples:  92%|█████████▏| 1376/1500 [00:50<00:03, 35.68step/s]
[Origin 5/13] 🎲 Drawing Posterior Samples:  92%|█████████▏| 1380/1500 [00:50<00:03, 34.55step/s]
[Origin 5/13] 🎲 Drawing Posterior Samples:  92%|█████████▏| 1384/1500 [00:51<00:03, 34.57step/s]
[Origin 5/13] 🎲 Drawing Posterior Samples:  93%|█████████▎| 1388/1500 [00:51<00:03, 35.66step/s]
[Origin 5/13] 🎲 Drawing Posterior Samples:  93%|█████████▎| 1392/1500 [00:51<00:03, 35.90step/s]
[Origin 5/13] 🎲 Drawing Posterior Samples:  93%|█████████▎| 1396/1500 [00:51<00:02, 35.61step/s]
[Origin 5/13] 🎲 Drawing Posterior Samples:  93%|█████████▎| 1400/1500 [00:51<00:02, 36.27step/s]
[Origin 5/13] 🎲 Drawing Posterior Samples:  94%|█████████▎| 1404/1500 [00:51<00:02, 35.53step/s]
[Origin 5/13] 🎲 Drawing Posterior Samples:  94%|█████████▍| 1408/1500 [00:51<00:02, 35.96step/s]
[Origin 5/13] 🎲 Drawing Posterior Samples:  94%|█████████▍| 1413/1500 [00:51<00:02, 36.40step/s]
[Origin 5/13] 🎲 Drawing Posterior Samples:  94%|█████████▍| 1417/1500 [00:51<00:02, 36.30step/s]
[Origin 5/13] 🎲 Drawing Posterior Samples:  95%|█████████▍| 1421/1500 [00:52<00:02, 35.99step/s]
[Origin 5/13] 🎲 Drawing Posterior Samples:  95%|█████████▌| 1425/1500 [00:52<00:02, 36.00step/s]
[Origin 5/13] 🎲 Drawing Posterior Samples:  95%|█████████▌| 1429/1500 [00:52<00:02, 35.44step/s]
[Origin 5/13] 🎲 Drawing Posterior Samples:  96%|█████████▌| 1433/1500 [00:52<00:01, 35.12step/s]
[Origin 5/13] 🎲 Drawing Posterior Samples:  96%|█████████▌| 1437/1500 [00:52<00:01, 34.64step/s]
[Origin 5/13] 🎲 Drawing Posterior Samples:  96%|█████████▌| 1441/1500 [00:52<00:01, 35.20step/s]
[Origin 5/13] 🎲 Drawing Posterior Samples:  96%|█████████▋| 1445/1500 [00:52<00:01, 35.13step/s]
[Origin 5/13] 🎲 Drawing Posterior Samples:  97%|█████████▋| 1449/1500 [00:52<00:01, 35.18step/s]
[Origin 5/13] 🎲 Drawing Posterior Samples:  97%|█████████▋| 1453/1500 [00:53<00:01, 34.84step/s]
[Origin 5/13] 🎲 Drawing Posterior Samples:  97%|█████████▋| 1457/1500 [00:53<00:01, 36.11step/s]
[Origin 5/13] 🎲 Drawing Posterior Samples:  97%|█████████▋| 1461/1500 [00:53<00:01, 35.07step/s]
[Origin 5/13] 🎲 Drawing Posterior Samples:  98%|█████████▊| 1465/1500 [00:53<00:01, 31.14step/s]
[Origin 5/13] 🎲 Drawing Posterior Samples:  98%|█████████▊| 1469/1500 [00:53<00:01, 28.07step/s]
[Origin 5/13] 🎲 Drawing Posterior Samples:  98%|█████████▊| 1472/1500 [00:53<00:01, 26.70step/s]
[Origin 5/13] 🎲 Drawing Posterior Samples:  98%|█████████▊| 1475/1500 [00:53<00:00, 25.32step/s]
[Origin 5/13] 🎲 Drawing Posterior Samples:  99%|█████████▊| 1478/1500 [00:53<00:00, 24.12step/s]
[Origin 5/13] 🎲 Drawing Posterior Samples:  99%|█████████▊| 1481/1500 [00:54<00:00, 23.08step/s]
[Origin 5/13] 🎲 Drawing Posterior Samples:  99%|█████████▉| 1484/1500 [00:54<00:00, 22.01step/s]
[Origin 5/13] 🎲 Drawing Posterior Samples:  99%|█████████▉| 1487/1500 [00:54<00:00, 21.58step/s]
[Origin 5/13] 🎲 Drawing Posterior Samples:  99%|█████████▉| 1490/1500 [00:54<00:00, 20.82step/s]
[Origin 5/13] 🎲 Drawing Posterior Samples: 100%|█████████▉| 1493/1500 [00:54<00:00, 20.50step/s]
[Origin 5/13] 🎲 Drawing Posterior Samples: 100%|█████████▉| 1496/1500 [00:54<00:00, 20.89step/s]
[Origin 5/13] 🎲 Drawing Posterior Samples: 100%|██████████| 1500/1500 [00:54<00:00, 23.69step/s]
                                                                                                 

[Origin 6/13] 🎲 Drawing Posterior Samples:   0%|          | 0/1504 [00:00<?, ?step/s]
[Origin 6/13] 🎲 Drawing Posterior Samples:   0%|          | 5/1504 [00:00<00:34, 42.90step/s]
[Origin 6/13] 🎲 Drawing Posterior Samples:   1%|          | 13/1504 [00:00<00:25, 59.15step/s]
[Origin 6/13] 🎲 Drawing Posterior Samples:   1%|▏         | 19/1504 [00:00<00:25, 57.91step/s]
[Origin 6/13] 🎲 Drawing Posterior Samples:   2%|▏         | 25/1504 [00:00<00:26, 56.04step/s]
[Origin 6/13] 🎲 Drawing Posterior Samples:   2%|▏         | 31/1504 [00:00<00:26, 56.25step/s]
[Origin 6/13] 🎲 Drawing Posterior Samples:   2%|▏         | 37/1504 [00:00<00:26, 54.72step/s]
[Origin 6/13] 🎲 Drawing Posterior Samples:   3%|▎         | 43/1504 [00:00<00:30, 47.58step/s]
[Origin 6/13] 🎲 Drawing Posterior Samples:   3%|▎         | 48/1504 [00:00<00:35, 41.34step/s]
[Origin 6/13] 🎲 Drawing Posterior Samples:   4%|▎         | 53/1504 [00:01<00:37, 38.99step/s]
[Origin 6/13] 🎲 Drawing Posterior Samples:   4%|▍         | 58/1504 [00:01<00:38, 37.78step/s]
[Origin 6/13] 🎲 Drawing Posterior Samples:   4%|▍         | 62/1504 [00:01<00:38, 37.60step/s]
[Origin 6/13] 🎲 Drawing Posterior Samples:   4%|▍         | 66/1504 [00:01<00:38, 37.50step/s]
[Origin 6/13] 🎲 Drawing Posterior Samples:   5%|▍         | 70/1504 [00:01<00:39, 36.08step/s]
[Origin 6/13] 🎲 Drawing Posterior Samples:   5%|▍         | 74/1504 [00:01<00:39, 36.18step/s]
[Origin 6/13] 🎲 Drawing Posterior Samples:   5%|▌         | 78/1504 [00:01<00:41, 34.36step/s]
[Origin 6/13] 🎲 Drawing Posterior Samples:   5%|▌         | 82/1504 [00:01<00:40, 35.03step/s]
[Origin 6/13] 🎲 Drawing Posterior Samples:   6%|▌         | 86/1504 [00:02<00:40, 35.08step/s]
[Origin 6/13] 🎲 Drawing Posterior Samples:   6%|▌         | 90/1504 [00:02<00:39, 35.61step/s]
[Origin 6/13] 🎲 Drawing Posterior Samples:   6%|▋         | 94/1504 [00:02<00:40, 35.04step/s]
[Origin 6/13] 🎲 Drawing Posterior Samples:   7%|▋         | 98/1504 [00:02<00:40, 34.59step/s]
[Origin 6/13] 🎲 Drawing Posterior Samples:   7%|▋         | 102/1504 [00:02<00:40, 34.89step/s]
[Origin 6/13] 🎲 Drawing Posterior Samples:   7%|▋         | 106/1504 [00:02<00:40, 34.43step/s]
[Origin 6/13] 🎲 Drawing Posterior Samples:   7%|▋         | 110/1504 [00:02<00:40, 34.83step/s]
[Origin 6/13] 🎲 Drawing Posterior Samples:   8%|▊         | 114/1504 [00:02<00:39, 35.12step/s]
[Origin 6/13] 🎲 Drawing Posterior Samples:   8%|▊         | 118/1504 [00:02<00:38, 35.61step/s]
[Origin 6/13] 🎲 Drawing Posterior Samples:   8%|▊         | 122/1504 [00:03<00:39, 35.36step/s]
[Origin 6/13] 🎲 Drawing Posterior Samples:   8%|▊         | 126/1504 [00:03<00:40, 34.36step/s]
[Origin 6/13] 🎲 Drawing Posterior Samples:   9%|▊         | 130/1504 [00:03<00:40, 34.16step/s]
[Origin 6/13] 🎲 Drawing Posterior Samples:   9%|▉         | 134/1504 [00:03<00:40, 34.13step/s]
[Origin 6/13] 🎲 Drawing Posterior Samples:   9%|▉         | 138/1504 [00:03<00:40, 33.86step/s]
[Origin 6/13] 🎲 Drawing Posterior Samples:   9%|▉         | 142/1504 [00:03<00:40, 33.81step/s]
[Origin 6/13] 🎲 Drawing Posterior Samples:  10%|▉         | 146/1504 [00:03<00:39, 34.42step/s]
[Origin 6/13] 🎲 Drawing Posterior Samples:  10%|▉         | 150/1504 [00:03<00:39, 34.38step/s]
[Origin 6/13] 🎲 Drawing Posterior Samples:  10%|█         | 154/1504 [00:04<00:39, 33.95step/s]
[Origin 6/13] 🎲 Drawing Posterior Samples:  11%|█         | 158/1504 [00:04<00:39, 34.46step/s]
[Origin 6/13] 🎲 Drawing Posterior Samples:  11%|█         | 162/1504 [00:04<00:39, 33.85step/s]
[Origin 6/13] 🎲 Drawing Posterior Samples:  11%|█         | 166/1504 [00:04<00:38, 34.58step/s]
[Origin 6/13] 🎲 Drawing Posterior Samples:  11%|█▏        | 170/1504 [00:04<00:39, 33.36step/s]
[Origin 6/13] 🎲 Drawing Posterior Samples:  12%|█▏        | 174/1504 [00:04<00:38, 34.17step/s]
[Origin 6/13] 🎲 Drawing Posterior Samples:  12%|█▏        | 178/1504 [00:04<00:39, 33.37step/s]
[Origin 6/13] 🎲 Drawing Posterior Samples:  12%|█▏        | 182/1504 [00:04<00:39, 33.83step/s]
[Origin 6/13] 🎲 Drawing Posterior Samples:  12%|█▏        | 186/1504 [00:05<00:38, 33.84step/s]
[Origin 6/13] 🎲 Drawing Posterior Samples:  13%|█▎        | 190/1504 [00:05<00:38, 33.97step/s]
[Origin 6/13] 🎲 Drawing Posterior Samples:  13%|█▎        | 194/1504 [00:05<00:38, 34.15step/s]
[Origin 6/13] 🎲 Drawing Posterior Samples:  13%|█▎        | 198/1504 [00:05<00:38, 34.21step/s]
[Origin 6/13] 🎲 Drawing Posterior Samples:  13%|█▎        | 202/1504 [00:05<00:37, 34.48step/s]
[Origin 6/13] 🎲 Drawing Posterior Samples:  14%|█▎        | 206/1504 [00:05<00:37, 34.23step/s]
[Origin 6/13] 🎲 Drawing Posterior Samples:  14%|█▍        | 210/1504 [00:05<00:37, 34.45step/s]
[Origin 6/13] 🎲 Drawing Posterior Samples:  14%|█▍        | 214/1504 [00:05<00:38, 33.34step/s]
[Origin 6/13] 🎲 Drawing Posterior Samples:  14%|█▍        | 218/1504 [00:05<00:37, 34.03step/s]
[Origin 6/13] 🎲 Drawing Posterior Samples:  15%|█▍        | 222/1504 [00:06<00:36, 34.86step/s]
[Origin 6/13] 🎲 Drawing Posterior Samples:  15%|█▌        | 226/1504 [00:06<00:37, 34.37step/s]
[Origin 6/13] 🎲 Drawing Posterior Samples:  15%|█▌        | 230/1504 [00:06<00:35, 35.41step/s]
[Origin 6/13] 🎲 Drawing Posterior Samples:  16%|█▌        | 234/1504 [00:06<00:37, 34.14step/s]
[Origin 6/13] 🎲 Drawing Posterior Samples:  16%|█▌        | 238/1504 [00:06<00:36, 34.82step/s]
[Origin 6/13] 🎲 Drawing Posterior Samples:  16%|█▌        | 242/1504 [00:06<00:36, 34.43step/s]
[Origin 6/13] 🎲 Drawing Posterior Samples:  16%|█▋        | 246/1504 [00:06<00:36, 34.91step/s]
[Origin 6/13] 🎲 Drawing Posterior Samples:  17%|█▋        | 250/1504 [00:06<00:36, 34.73step/s]
[Origin 6/13] 🎲 Drawing Posterior Samples:  17%|█▋        | 254/1504 [00:06<00:35, 34.73step/s]
[Origin 6/13] 🎲 Drawing Posterior Samples:  17%|█▋        | 258/1504 [00:07<00:36, 34.44step/s]
[Origin 6/13] 🎲 Drawing Posterior Samples:  17%|█▋        | 262/1504 [00:07<00:36, 34.37step/s]
[Origin 6/13] 🎲 Drawing Posterior Samples:  18%|█▊        | 266/1504 [00:07<00:35, 34.69step/s]
[Origin 6/13] 🎲 Drawing Posterior Samples:  18%|█▊        | 270/1504 [00:07<00:35, 34.64step/s]
[Origin 6/13] 🎲 Drawing Posterior Samples:  18%|█▊        | 274/1504 [00:07<00:34, 35.89step/s]
[Origin 6/13] 🎲 Drawing Posterior Samples:  18%|█▊        | 278/1504 [00:07<00:34, 35.10step/s]
[Origin 6/13] 🎲 Drawing Posterior Samples:  19%|█▉        | 282/1504 [00:07<00:34, 34.95step/s]
[Origin 6/13] 🎲 Drawing Posterior Samples:  19%|█▉        | 286/1504 [00:07<00:35, 34.32step/s]
[Origin 6/13] 🎲 Drawing Posterior Samples:  19%|█▉        | 290/1504 [00:08<00:36, 33.63step/s]
[Origin 6/13] 🎲 Drawing Posterior Samples:  20%|█▉        | 294/1504 [00:08<00:35, 34.07step/s]
[Origin 6/13] 🎲 Drawing Posterior Samples:  20%|█▉        | 298/1504 [00:08<00:36, 33.23step/s]
[Origin 6/13] 🎲 Drawing Posterior Samples:  20%|██        | 302/1504 [00:08<00:36, 33.34step/s]
[Origin 6/13] 🎲 Drawing Posterior Samples:  20%|██        | 306/1504 [00:08<00:36, 33.11step/s]
[Origin 6/13] 🎲 Drawing Posterior Samples:  21%|██        | 310/1504 [00:08<00:35, 33.71step/s]
[Origin 6/13] 🎲 Drawing Posterior Samples:  21%|██        | 314/1504 [00:08<00:34, 34.40step/s]
[Origin 6/13] 🎲 Drawing Posterior Samples:  21%|██        | 318/1504 [00:08<00:34, 34.61step/s]
[Origin 6/13] 🎲 Drawing Posterior Samples:  21%|██▏       | 322/1504 [00:08<00:33, 35.81step/s]
[Origin 6/13] 🎲 Drawing Posterior Samples:  22%|██▏       | 326/1504 [00:09<00:32, 35.73step/s]
[Origin 6/13] 🎲 Drawing Posterior Samples:  22%|██▏       | 330/1504 [00:09<00:33, 35.15step/s]
[Origin 6/13] 🎲 Drawing Posterior Samples:  22%|██▏       | 335/1504 [00:09<00:32, 35.78step/s]
[Origin 6/13] 🎲 Drawing Posterior Samples:  23%|██▎       | 339/1504 [00:09<00:31, 36.52step/s]
[Origin 6/13] 🎲 Drawing Posterior Samples:  23%|██▎       | 343/1504 [00:09<00:38, 30.01step/s]
[Origin 6/13] 🎲 Drawing Posterior Samples:  23%|██▎       | 347/1504 [00:09<00:45, 25.25step/s]
[Origin 6/13] 🎲 Drawing Posterior Samples:  23%|██▎       | 350/1504 [00:09<00:50, 22.67step/s]
[Origin 6/13] 🎲 Drawing Posterior Samples:  23%|██▎       | 353/1504 [00:10<00:53, 21.46step/s]
[Origin 6/13] 🎲 Drawing Posterior Samples:  24%|██▎       | 356/1504 [00:10<00:52, 21.70step/s]
[Origin 6/13] 🎲 Drawing Posterior Samples:  24%|██▍       | 359/1504 [00:10<00:53, 21.54step/s]
[Origin 6/13] 🎲 Drawing Posterior Samples:  24%|██▍       | 362/1504 [00:10<00:54, 21.14step/s]
[Origin 6/13] 🎲 Drawing Posterior Samples:  24%|██▍       | 365/1504 [00:10<01:07, 16.82step/s]
[Origin 6/13] 🎲 Drawing Posterior Samples:  24%|██▍       | 367/1504 [00:10<01:07, 16.84step/s]
[Origin 6/13] 🎲 Drawing Posterior Samples:  25%|██▍       | 369/1504 [00:11<01:28, 12.78step/s]
[Origin 6/13] 🎲 Drawing Posterior Samples:  25%|██▍       | 371/1504 [00:11<01:33, 12.15step/s]
[Origin 6/13] 🎲 Drawing Posterior Samples:  25%|██▍       | 373/1504 [00:11<01:27, 12.89step/s]
[Origin 6/13] 🎲 Drawing Posterior Samples:  25%|██▍       | 375/1504 [00:11<01:24, 13.39step/s]
[Origin 6/13] 🎲 Drawing Posterior Samples:  25%|██▌       | 377/1504 [00:15<11:12,  1.68step/s]
[Origin 6/13] 🎲 Drawing Posterior Samples:  25%|██▌       | 380/1504 [00:15<07:15,  2.58step/s]
[Origin 6/13] 🎲 Drawing Posterior Samples:  25%|██▌       | 383/1504 [00:15<04:58,  3.76step/s]
[Origin 6/13] 🎲 Drawing Posterior Samples:  26%|██▌       | 386/1504 [00:15<03:31,  5.29step/s]
[Origin 6/13] 🎲 Drawing Posterior Samples:  26%|██▌       | 389/1504 [00:16<02:36,  7.15step/s]
[Origin 6/13] 🎲 Drawing Posterior Samples:  26%|██▌       | 392/1504 [00:16<01:58,  9.37step/s]
[Origin 6/13] 🎲 Drawing Posterior Samples:  26%|██▋       | 396/1504 [00:16<01:24, 13.08step/s]
[Origin 6/13] 🎲 Drawing Posterior Samples:  27%|██▋       | 401/1504 [00:16<01:01, 18.06step/s]
[Origin 6/13] 🎲 Drawing Posterior Samples:  27%|██▋       | 405/1504 [00:16<00:50, 21.76step/s]
[Origin 6/13] 🎲 Drawing Posterior Samples:  27%|██▋       | 409/1504 [00:16<00:43, 25.19step/s]
[Origin 6/13] 🎲 Drawing Posterior Samples:  27%|██▋       | 413/1504 [00:16<00:39, 27.65step/s]
[Origin 6/13] 🎲 Drawing Posterior Samples:  28%|██▊       | 417/1504 [00:16<00:36, 29.52step/s]
[Origin 6/13] 🎲 Drawing Posterior Samples:  28%|██▊       | 421/1504 [00:16<00:33, 31.89step/s]
[Origin 6/13] 🎲 Drawing Posterior Samples:  28%|██▊       | 425/1504 [00:16<00:32, 32.95step/s]
[Origin 6/13] 🎲 Drawing Posterior Samples:  29%|██▊       | 430/1504 [00:17<00:30, 35.60step/s]
[Origin 6/13] 🎲 Drawing Posterior Samples:  29%|██▉       | 435/1504 [00:17<00:28, 37.51step/s]
[Origin 6/13] 🎲 Drawing Posterior Samples:  29%|██▉       | 439/1504 [00:17<00:28, 37.30step/s]
[Origin 6/13] 🎲 Drawing Posterior Samples:  29%|██▉       | 443/1504 [00:17<00:28, 37.70step/s]
[Origin 6/13] 🎲 Drawing Posterior Samples:  30%|██▉       | 447/1504 [00:17<00:27, 38.30step/s]
[Origin 6/13] 🎲 Drawing Posterior Samples:  30%|██▉       | 451/1504 [00:17<00:27, 38.78step/s]
[Origin 6/13] 🎲 Drawing Posterior Samples:  30%|███       | 456/1504 [00:17<00:26, 39.70step/s]
[Origin 6/13] 🎲 Drawing Posterior Samples:  31%|███       | 461/1504 [00:17<00:26, 40.07step/s]
[Origin 6/13] 🎲 Drawing Posterior Samples:  31%|███       | 466/1504 [00:18<00:25, 40.12step/s]
[Origin 6/13] 🎲 Drawing Posterior Samples:  31%|███▏      | 471/1504 [00:18<00:25, 40.75step/s]
[Origin 6/13] 🎲 Drawing Posterior Samples:  32%|███▏      | 476/1504 [00:18<00:25, 39.70step/s]
[Origin 6/13] 🎲 Drawing Posterior Samples:  32%|███▏      | 480/1504 [00:18<00:25, 39.65step/s]
[Origin 6/13] 🎲 Drawing Posterior Samples:  32%|███▏      | 484/1504 [00:18<00:27, 37.71step/s]
[Origin 6/13] 🎲 Drawing Posterior Samples:  32%|███▏      | 488/1504 [00:18<00:27, 37.07step/s]
[Origin 6/13] 🎲 Drawing Posterior Samples:  33%|███▎      | 492/1504 [00:18<00:26, 37.64step/s]
[Origin 6/13] 🎲 Drawing Posterior Samples:  33%|███▎      | 496/1504 [00:18<00:26, 37.54step/s]
[Origin 6/13] 🎲 Drawing Posterior Samples:  33%|███▎      | 500/1504 [00:18<00:26, 37.25step/s]
[Origin 6/13] 🎲 Drawing Posterior Samples:  34%|███▎      | 504/1504 [00:19<00:27, 36.84step/s]
[Origin 6/13] 🎲 Drawing Posterior Samples:  34%|███▍      | 508/1504 [00:19<00:27, 36.09step/s]
[Origin 6/13] 🎲 Drawing Posterior Samples:  34%|███▍      | 512/1504 [00:19<00:27, 35.82step/s]
[Origin 6/13] 🎲 Drawing Posterior Samples:  34%|███▍      | 516/1504 [00:19<00:28, 35.14step/s]
[Origin 6/13] 🎲 Drawing Posterior Samples:  35%|███▍      | 520/1504 [00:19<00:27, 36.12step/s]
[Origin 6/13] 🎲 Drawing Posterior Samples:  35%|███▍      | 524/1504 [00:19<00:27, 35.79step/s]
[Origin 6/13] 🎲 Drawing Posterior Samples:  35%|███▌      | 528/1504 [00:19<00:26, 36.48step/s]
[Origin 6/13] 🎲 Drawing Posterior Samples:  35%|███▌      | 532/1504 [00:19<00:26, 36.20step/s]
[Origin 6/13] 🎲 Drawing Posterior Samples:  36%|███▌      | 536/1504 [00:19<00:27, 35.62step/s]
[Origin 6/13] 🎲 Drawing Posterior Samples:  36%|███▌      | 540/1504 [00:20<00:26, 36.15step/s]
[Origin 6/13] 🎲 Drawing Posterior Samples:  36%|███▌      | 544/1504 [00:20<00:26, 36.12step/s]
[Origin 6/13] 🎲 Drawing Posterior Samples:  36%|███▋      | 548/1504 [00:20<00:26, 35.75step/s]
[Origin 6/13] 🎲 Drawing Posterior Samples:  37%|███▋      | 552/1504 [00:20<00:27, 35.12step/s]
[Origin 6/13] 🎲 Drawing Posterior Samples:  37%|███▋      | 556/1504 [00:20<00:26, 35.51step/s]
[Origin 6/13] 🎲 Drawing Posterior Samples:  37%|███▋      | 560/1504 [00:20<00:25, 36.57step/s]
[Origin 6/13] 🎲 Drawing Posterior Samples:  38%|███▊      | 564/1504 [00:20<00:25, 36.55step/s]
[Origin 6/13] 🎲 Drawing Posterior Samples:  38%|███▊      | 568/1504 [00:20<00:25, 36.62step/s]
[Origin 6/13] 🎲 Drawing Posterior Samples:  38%|███▊      | 572/1504 [00:20<00:25, 36.34step/s]
[Origin 6/13] 🎲 Drawing Posterior Samples:  38%|███▊      | 576/1504 [00:21<00:25, 35.96step/s]
[Origin 6/13] 🎲 Drawing Posterior Samples:  39%|███▊      | 580/1504 [00:21<00:25, 36.28step/s]
[Origin 6/13] 🎲 Drawing Posterior Samples:  39%|███▉      | 584/1504 [00:21<00:26, 34.88step/s]
[Origin 6/13] 🎲 Drawing Posterior Samples:  39%|███▉      | 588/1504 [00:21<00:25, 36.22step/s]
[Origin 6/13] 🎲 Drawing Posterior Samples:  39%|███▉      | 592/1504 [00:21<00:25, 36.19step/s]
[Origin 6/13] 🎲 Drawing Posterior Samples:  40%|███▉      | 596/1504 [00:21<00:25, 35.44step/s]
[Origin 6/13] 🎲 Drawing Posterior Samples:  40%|███▉      | 600/1504 [00:21<00:25, 35.05step/s]
[Origin 6/13] 🎲 Drawing Posterior Samples:  40%|████      | 604/1504 [00:21<00:25, 35.22step/s]
[Origin 6/13] 🎲 Drawing Posterior Samples:  40%|████      | 608/1504 [00:21<00:24, 35.98step/s]
[Origin 6/13] 🎲 Drawing Posterior Samples:  41%|████      | 612/1504 [00:22<00:25, 35.56step/s]
[Origin 6/13] 🎲 Drawing Posterior Samples:  41%|████      | 616/1504 [00:22<00:25, 35.03step/s]
[Origin 6/13] 🎲 Drawing Posterior Samples:  41%|████      | 620/1504 [00:22<00:24, 35.68step/s]
[Origin 6/13] 🎲 Drawing Posterior Samples:  41%|████▏     | 624/1504 [00:22<00:24, 35.73step/s]
[Origin 6/13] 🎲 Drawing Posterior Samples:  42%|████▏     | 628/1504 [00:22<00:24, 36.47step/s]
[Origin 6/13] 🎲 Drawing Posterior Samples:  42%|████▏     | 632/1504 [00:22<00:24, 36.19step/s]
[Origin 6/13] 🎲 Drawing Posterior Samples:  42%|████▏     | 636/1504 [00:22<00:24, 35.91step/s]
[Origin 6/13] 🎲 Drawing Posterior Samples:  43%|████▎     | 640/1504 [00:22<00:23, 36.01step/s]
[Origin 6/13] 🎲 Drawing Posterior Samples:  43%|████▎     | 644/1504 [00:22<00:23, 36.06step/s]
[Origin 6/13] 🎲 Drawing Posterior Samples:  43%|████▎     | 648/1504 [00:23<00:23, 35.92step/s]
[Origin 6/13] 🎲 Drawing Posterior Samples:  43%|████▎     | 652/1504 [00:23<00:23, 36.50step/s]
[Origin 6/13] 🎲 Drawing Posterior Samples:  44%|████▎     | 656/1504 [00:23<00:23, 36.19step/s]
[Origin 6/13] 🎲 Drawing Posterior Samples:  44%|████▍     | 660/1504 [00:23<00:23, 35.39step/s]
[Origin 6/13] 🎲 Drawing Posterior Samples:  44%|████▍     | 665/1504 [00:23<00:22, 36.98step/s]
[Origin 6/13] 🎲 Drawing Posterior Samples:  44%|████▍     | 669/1504 [00:23<00:22, 37.60step/s]
[Origin 6/13] 🎲 Drawing Posterior Samples:  45%|████▍     | 674/1504 [00:23<00:21, 38.12step/s]
[Origin 6/13] 🎲 Drawing Posterior Samples:  45%|████▌     | 679/1504 [00:23<00:21, 39.05step/s]
[Origin 6/13] 🎲 Drawing Posterior Samples:  45%|████▌     | 683/1504 [00:23<00:21, 39.09step/s]
[Origin 6/13] 🎲 Drawing Posterior Samples:  46%|████▌     | 687/1504 [00:24<00:21, 38.72step/s]
[Origin 6/13] 🎲 Drawing Posterior Samples:  46%|████▌     | 692/1504 [00:24<00:20, 39.62step/s]
[Origin 6/13] 🎲 Drawing Posterior Samples:  46%|████▋     | 697/1504 [00:24<00:20, 39.91step/s]
[Origin 6/13] 🎲 Drawing Posterior Samples:  47%|████▋     | 702/1504 [00:24<00:20, 39.87step/s]
[Origin 6/13] 🎲 Drawing Posterior Samples:  47%|████▋     | 706/1504 [00:24<00:20, 39.22step/s]
[Origin 6/13] 🎲 Drawing Posterior Samples:  47%|████▋     | 711/1504 [00:24<00:19, 39.96step/s]
[Origin 6/13] 🎲 Drawing Posterior Samples:  48%|████▊     | 716/1504 [00:24<00:19, 39.93step/s]
[Origin 6/13] 🎲 Drawing Posterior Samples:  48%|████▊     | 720/1504 [00:24<00:24, 31.66step/s]
[Origin 6/13] 🎲 Drawing Posterior Samples:  48%|████▊     | 724/1504 [00:25<00:26, 29.94step/s]
[Origin 6/13] 🎲 Drawing Posterior Samples:  48%|████▊     | 728/1504 [00:25<00:29, 26.40step/s]
[Origin 6/13] 🎲 Drawing Posterior Samples:  49%|████▊     | 731/1504 [00:25<00:31, 24.49step/s]
[Origin 6/13] 🎲 Drawing Posterior Samples:  49%|████▉     | 734/1504 [00:25<00:32, 23.37step/s]
[Origin 6/13] 🎲 Drawing Posterior Samples:  49%|████▉     | 737/1504 [00:25<00:35, 21.64step/s]
[Origin 6/13] 🎲 Drawing Posterior Samples:  49%|████▉     | 740/1504 [00:25<00:36, 20.68step/s]
[Origin 6/13] 🎲 Drawing Posterior Samples:  49%|████▉     | 743/1504 [00:26<00:35, 21.27step/s]
[Origin 6/13] 🎲 Drawing Posterior Samples:  50%|████▉     | 746/1504 [00:26<00:35, 21.64step/s]
[Origin 6/13] 🎲 Drawing Posterior Samples:  50%|████▉     | 749/1504 [00:26<00:34, 21.80step/s]
[Origin 6/13] 🎲 Drawing Posterior Samples:  50%|█████     | 752/1504 [00:26<00:34, 21.74step/s]
[Origin 6/13] 🎲 Drawing Posterior Samples:  50%|█████     | 755/1504 [00:29<04:22,  2.85step/s]
[Origin 6/13] 🎲 Drawing Posterior Samples:  50%|█████     | 759/1504 [00:29<02:54,  4.28step/s]
[Origin 6/13] 🎲 Drawing Posterior Samples:  51%|█████     | 763/1504 [00:29<02:01,  6.09step/s]
[Origin 6/13] 🎲 Drawing Posterior Samples:  51%|█████     | 767/1504 [00:30<01:28,  8.33step/s]
[Origin 6/13] 🎲 Drawing Posterior Samples:  51%|█████▏    | 771/1504 [00:30<01:06, 11.01step/s]
[Origin 6/13] 🎲 Drawing Posterior Samples:  52%|█████▏    | 775/1504 [00:30<00:51, 14.14step/s]
[Origin 6/13] 🎲 Drawing Posterior Samples:  52%|█████▏    | 779/1504 [00:30<00:41, 17.66step/s]
[Origin 6/13] 🎲 Drawing Posterior Samples:  52%|█████▏    | 783/1504 [00:30<00:34, 20.71step/s]
[Origin 6/13] 🎲 Drawing Posterior Samples:  52%|█████▏    | 787/1504 [00:30<00:30, 23.71step/s]
[Origin 6/13] 🎲 Drawing Posterior Samples:  53%|█████▎    | 791/1504 [00:30<00:26, 26.70step/s]
[Origin 6/13] 🎲 Drawing Posterior Samples:  53%|█████▎    | 795/1504 [00:30<00:24, 29.17step/s]
[Origin 6/13] 🎲 Drawing Posterior Samples:  53%|█████▎    | 799/1504 [00:30<00:22, 30.77step/s]
[Origin 6/13] 🎲 Drawing Posterior Samples:  53%|█████▎    | 803/1504 [00:31<00:21, 32.42step/s]
[Origin 6/13] 🎲 Drawing Posterior Samples:  54%|█████▎    | 807/1504 [00:31<00:20, 33.23step/s]
[Origin 6/13] 🎲 Drawing Posterior Samples:  54%|█████▍    | 811/1504 [00:31<00:20, 33.94step/s]
[Origin 6/13] 🎲 Drawing Posterior Samples:  54%|█████▍    | 815/1504 [00:31<00:19, 35.24step/s]
[Origin 6/13] 🎲 Drawing Posterior Samples:  54%|█████▍    | 819/1504 [00:31<00:18, 36.18step/s]
[Origin 6/13] 🎲 Drawing Posterior Samples:  55%|█████▍    | 823/1504 [00:31<00:18, 36.40step/s]
[Origin 6/13] 🎲 Drawing Posterior Samples:  55%|█████▍    | 827/1504 [00:31<00:18, 36.45step/s]
[Origin 6/13] 🎲 Drawing Posterior Samples:  55%|█████▌    | 831/1504 [00:31<00:18, 36.17step/s]
[Origin 6/13] 🎲 Drawing Posterior Samples:  56%|█████▌    | 835/1504 [00:31<00:18, 36.56step/s]
[Origin 6/13] 🎲 Drawing Posterior Samples:  56%|█████▌    | 839/1504 [00:32<00:18, 36.62step/s]
[Origin 6/13] 🎲 Drawing Posterior Samples:  56%|█████▌    | 843/1504 [00:32<00:18, 36.36step/s]
[Origin 6/13] 🎲 Drawing Posterior Samples:  56%|█████▋    | 847/1504 [00:32<00:18, 35.45step/s]
[Origin 6/13] 🎲 Drawing Posterior Samples:  57%|█████▋    | 851/1504 [00:32<00:19, 33.72step/s]
[Origin 6/13] 🎲 Drawing Posterior Samples:  57%|█████▋    | 855/1504 [00:32<00:18, 34.85step/s]
[Origin 6/13] 🎲 Drawing Posterior Samples:  57%|█████▋    | 859/1504 [00:32<00:18, 35.12step/s]
[Origin 6/13] 🎲 Drawing Posterior Samples:  57%|█████▋    | 863/1504 [00:32<00:17, 35.69step/s]
[Origin 6/13] 🎲 Drawing Posterior Samples:  58%|█████▊    | 867/1504 [00:32<00:17, 36.22step/s]
[Origin 6/13] 🎲 Drawing Posterior Samples:  58%|█████▊    | 871/1504 [00:32<00:17, 36.20step/s]
[Origin 6/13] 🎲 Drawing Posterior Samples:  58%|█████▊    | 875/1504 [00:33<00:16, 37.02step/s]
[Origin 6/13] 🎲 Drawing Posterior Samples:  58%|█████▊    | 879/1504 [00:33<00:16, 37.86step/s]
[Origin 6/13] 🎲 Drawing Posterior Samples:  59%|█████▊    | 883/1504 [00:33<00:16, 37.29step/s]
[Origin 6/13] 🎲 Drawing Posterior Samples:  59%|█████▉    | 887/1504 [00:33<00:17, 35.98step/s]
[Origin 6/13] 🎲 Drawing Posterior Samples:  59%|█████▉    | 891/1504 [00:33<00:16, 36.21step/s]
[Origin 6/13] 🎲 Drawing Posterior Samples:  60%|█████▉    | 895/1504 [00:33<00:16, 36.46step/s]
[Origin 6/13] 🎲 Drawing Posterior Samples:  60%|█████▉    | 899/1504 [00:33<00:16, 36.07step/s]
[Origin 6/13] 🎲 Drawing Posterior Samples:  60%|██████    | 904/1504 [00:33<00:15, 37.86step/s]
[Origin 6/13] 🎲 Drawing Posterior Samples:  60%|██████    | 908/1504 [00:33<00:15, 38.38step/s]
[Origin 6/13] 🎲 Drawing Posterior Samples:  61%|██████    | 912/1504 [00:34<00:15, 37.95step/s]
[Origin 6/13] 🎲 Drawing Posterior Samples:  61%|██████    | 916/1504 [00:34<00:15, 38.06step/s]
[Origin 6/13] 🎲 Drawing Posterior Samples:  61%|██████    | 921/1504 [00:34<00:14, 39.41step/s]
[Origin 6/13] 🎲 Drawing Posterior Samples:  62%|██████▏   | 926/1504 [00:34<00:14, 39.96step/s]
[Origin 6/13] 🎲 Drawing Posterior Samples:  62%|██████▏   | 930/1504 [00:34<00:14, 39.82step/s]
[Origin 6/13] 🎲 Drawing Posterior Samples:  62%|██████▏   | 934/1504 [00:34<00:14, 39.84step/s]
[Origin 6/13] 🎲 Drawing Posterior Samples:  62%|██████▏   | 938/1504 [00:34<00:14, 39.46step/s]
[Origin 6/13] 🎲 Drawing Posterior Samples:  63%|██████▎   | 942/1504 [00:34<00:14, 38.94step/s]
[Origin 6/13] 🎲 Drawing Posterior Samples:  63%|██████▎   | 946/1504 [00:34<00:14, 38.41step/s]
[Origin 6/13] 🎲 Drawing Posterior Samples:  63%|██████▎   | 951/1504 [00:35<00:14, 39.48step/s]
[Origin 6/13] 🎲 Drawing Posterior Samples:  64%|██████▎   | 956/1504 [00:35<00:13, 39.63step/s]
[Origin 6/13] 🎲 Drawing Posterior Samples:  64%|██████▍   | 960/1504 [00:35<00:13, 39.64step/s]
[Origin 6/13] 🎲 Drawing Posterior Samples:  64%|██████▍   | 964/1504 [00:35<00:13, 39.42step/s]
[Origin 6/13] 🎲 Drawing Posterior Samples:  64%|██████▍   | 969/1504 [00:35<00:13, 39.69step/s]
[Origin 6/13] 🎲 Drawing Posterior Samples:  65%|██████▍   | 973/1504 [00:35<00:13, 38.78step/s]
[Origin 6/13] 🎲 Drawing Posterior Samples:  65%|██████▌   | 978/1504 [00:35<00:13, 38.96step/s]
[Origin 6/13] 🎲 Drawing Posterior Samples:  65%|██████▌   | 983/1504 [00:35<00:13, 39.83step/s]
[Origin 6/13] 🎲 Drawing Posterior Samples:  66%|██████▌   | 987/1504 [00:35<00:13, 39.51step/s]
[Origin 6/13] 🎲 Drawing Posterior Samples:  66%|██████▌   | 991/1504 [00:36<00:13, 39.31step/s]
[Origin 6/13] 🎲 Drawing Posterior Samples:  66%|██████▌   | 995/1504 [00:36<00:13, 38.80step/s]
[Origin 6/13] 🎲 Drawing Posterior Samples:  66%|██████▋   | 999/1504 [00:36<00:12, 38.85step/s]
[Origin 6/13] 🎲 Drawing Posterior Samples:  67%|██████▋   | 1003/1504 [00:36<00:12, 39.04step/s]
[Origin 6/13] 🎲 Drawing Posterior Samples:  67%|██████▋   | 1008/1504 [00:36<00:12, 38.93step/s]
[Origin 6/13] 🎲 Drawing Posterior Samples:  67%|██████▋   | 1012/1504 [00:36<00:12, 38.83step/s]
[Origin 6/13] 🎲 Drawing Posterior Samples:  68%|██████▊   | 1017/1504 [00:36<00:12, 39.85step/s]
[Origin 6/13] 🎲 Drawing Posterior Samples:  68%|██████▊   | 1022/1504 [00:36<00:11, 40.23step/s]
[Origin 6/13] 🎲 Drawing Posterior Samples:  68%|██████▊   | 1027/1504 [00:36<00:11, 40.08step/s]
[Origin 6/13] 🎲 Drawing Posterior Samples:  69%|██████▊   | 1032/1504 [00:37<00:12, 38.98step/s]
[Origin 6/13] 🎲 Drawing Posterior Samples:  69%|██████▉   | 1037/1504 [00:37<00:11, 39.38step/s]
[Origin 6/13] 🎲 Drawing Posterior Samples:  69%|██████▉   | 1041/1504 [00:37<00:11, 39.54step/s]
[Origin 6/13] 🎲 Drawing Posterior Samples:  69%|██████▉   | 1045/1504 [00:37<00:11, 39.06step/s]
[Origin 6/13] 🎲 Drawing Posterior Samples:  70%|██████▉   | 1050/1504 [00:37<00:11, 39.54step/s]
[Origin 6/13] 🎲 Drawing Posterior Samples:  70%|███████   | 1054/1504 [00:37<00:11, 39.18step/s]
[Origin 6/13] 🎲 Drawing Posterior Samples:  70%|███████   | 1059/1504 [00:37<00:11, 39.71step/s]
[Origin 6/13] 🎲 Drawing Posterior Samples:  71%|███████   | 1063/1504 [00:37<00:11, 39.75step/s]
[Origin 6/13] 🎲 Drawing Posterior Samples:  71%|███████   | 1068/1504 [00:37<00:10, 39.99step/s]
[Origin 6/13] 🎲 Drawing Posterior Samples:  71%|███████▏  | 1072/1504 [00:38<00:10, 39.92step/s]
[Origin 6/13] 🎲 Drawing Posterior Samples:  72%|███████▏  | 1076/1504 [00:38<00:10, 39.90step/s]
[Origin 6/13] 🎲 Drawing Posterior Samples:  72%|███████▏  | 1081/1504 [00:38<00:10, 40.18step/s]
[Origin 6/13] 🎲 Drawing Posterior Samples:  72%|███████▏  | 1086/1504 [00:38<00:10, 40.49step/s]
[Origin 6/13] 🎲 Drawing Posterior Samples:  73%|███████▎  | 1091/1504 [00:38<00:10, 39.99step/s]
[Origin 6/13] 🎲 Drawing Posterior Samples:  73%|███████▎  | 1095/1504 [00:38<00:12, 33.65step/s]
[Origin 6/13] 🎲 Drawing Posterior Samples:  73%|███████▎  | 1099/1504 [00:38<00:13, 29.21step/s]
[Origin 6/13] 🎲 Drawing Posterior Samples:  73%|███████▎  | 1103/1504 [00:39<00:15, 25.31step/s]
[Origin 6/13] 🎲 Drawing Posterior Samples:  74%|███████▎  | 1106/1504 [00:39<00:17, 23.19step/s]
[Origin 6/13] 🎲 Drawing Posterior Samples:  74%|███████▎  | 1109/1504 [00:39<00:17, 23.02step/s]
[Origin 6/13] 🎲 Drawing Posterior Samples:  74%|███████▍  | 1112/1504 [00:39<00:17, 22.37step/s]
[Origin 6/13] 🎲 Drawing Posterior Samples:  74%|███████▍  | 1115/1504 [00:39<00:17, 22.05step/s]
[Origin 6/13] 🎲 Drawing Posterior Samples:  74%|███████▍  | 1118/1504 [00:39<00:17, 21.69step/s]
[Origin 6/13] 🎲 Drawing Posterior Samples:  75%|███████▍  | 1121/1504 [00:40<00:21, 17.48step/s]
[Origin 6/13] 🎲 Drawing Posterior Samples:  75%|███████▍  | 1124/1504 [00:40<00:20, 18.28step/s]
[Origin 6/13] 🎲 Drawing Posterior Samples:  75%|███████▍  | 1126/1504 [00:40<00:20, 18.54step/s]
[Origin 6/13] 🎲 Drawing Posterior Samples:  75%|███████▌  | 1128/1504 [00:40<00:19, 18.82step/s]
[Origin 6/13] 🎲 Drawing Posterior Samples:  75%|███████▌  | 1130/1504 [00:43<03:00,  2.07step/s]
[Origin 6/13] 🎲 Drawing Posterior Samples:  75%|███████▌  | 1135/1504 [00:44<01:37,  3.77step/s]
[Origin 6/13] 🎲 Drawing Posterior Samples:  76%|███████▌  | 1139/1504 [00:44<01:06,  5.50step/s]
[Origin 6/13] 🎲 Drawing Posterior Samples:  76%|███████▌  | 1144/1504 [00:44<00:43,  8.24step/s]
[Origin 6/13] 🎲 Drawing Posterior Samples:  76%|███████▋  | 1149/1504 [00:44<00:30, 11.53step/s]
[Origin 6/13] 🎲 Drawing Posterior Samples:  77%|███████▋  | 1154/1504 [00:44<00:23, 15.20step/s]
[Origin 6/13] 🎲 Drawing Posterior Samples:  77%|███████▋  | 1158/1504 [00:44<00:18, 18.32step/s]
[Origin 6/13] 🎲 Drawing Posterior Samples:  77%|███████▋  | 1163/1504 [00:44<00:15, 22.42step/s]
[Origin 6/13] 🎲 Drawing Posterior Samples:  78%|███████▊  | 1168/1504 [00:44<00:12, 26.51step/s]
[Origin 6/13] 🎲 Drawing Posterior Samples:  78%|███████▊  | 1173/1504 [00:45<00:11, 29.64step/s]
[Origin 6/13] 🎲 Drawing Posterior Samples:  78%|███████▊  | 1177/1504 [00:45<00:10, 31.72step/s]
[Origin 6/13] 🎲 Drawing Posterior Samples:  79%|███████▊  | 1181/1504 [00:45<00:10, 31.29step/s]
[Origin 6/13] 🎲 Drawing Posterior Samples:  79%|███████▉  | 1185/1504 [00:45<00:09, 33.33step/s]
[Origin 6/13] 🎲 Drawing Posterior Samples:  79%|███████▉  | 1189/1504 [00:45<00:09, 34.54step/s]
[Origin 6/13] 🎲 Drawing Posterior Samples:  79%|███████▉  | 1193/1504 [00:45<00:08, 34.56step/s]
[Origin 6/13] 🎲 Drawing Posterior Samples:  80%|███████▉  | 1197/1504 [00:45<00:08, 35.96step/s]
[Origin 6/13] 🎲 Drawing Posterior Samples:  80%|███████▉  | 1201/1504 [00:45<00:08, 36.97step/s]
[Origin 6/13] 🎲 Drawing Posterior Samples:  80%|████████  | 1205/1504 [00:45<00:07, 37.40step/s]
[Origin 6/13] 🎲 Drawing Posterior Samples:  80%|████████  | 1210/1504 [00:46<00:07, 37.24step/s]
[Origin 6/13] 🎲 Drawing Posterior Samples:  81%|████████  | 1214/1504 [00:46<00:07, 36.96step/s]
[Origin 6/13] 🎲 Drawing Posterior Samples:  81%|████████  | 1219/1504 [00:46<00:07, 38.56step/s]
[Origin 6/13] 🎲 Drawing Posterior Samples:  81%|████████▏ | 1223/1504 [00:46<00:07, 37.28step/s]
[Origin 6/13] 🎲 Drawing Posterior Samples:  82%|████████▏ | 1228/1504 [00:46<00:07, 37.92step/s]
[Origin 6/13] 🎲 Drawing Posterior Samples:  82%|████████▏ | 1232/1504 [00:46<00:07, 38.18step/s]
[Origin 6/13] 🎲 Drawing Posterior Samples:  82%|████████▏ | 1236/1504 [00:46<00:06, 38.38step/s]
[Origin 6/13] 🎲 Drawing Posterior Samples:  83%|████████▎ | 1241/1504 [00:46<00:06, 38.93step/s]
[Origin 6/13] 🎲 Drawing Posterior Samples:  83%|████████▎ | 1245/1504 [00:46<00:06, 38.89step/s]
[Origin 6/13] 🎲 Drawing Posterior Samples:  83%|████████▎ | 1249/1504 [00:47<00:06, 37.49step/s]
[Origin 6/13] 🎲 Drawing Posterior Samples:  83%|████████▎ | 1253/1504 [00:47<00:06, 37.74step/s]
[Origin 6/13] 🎲 Drawing Posterior Samples:  84%|████████▎ | 1258/1504 [00:47<00:06, 39.32step/s]
[Origin 6/13] 🎲 Drawing Posterior Samples:  84%|████████▍ | 1262/1504 [00:47<00:06, 36.37step/s]
[Origin 6/13] 🎲 Drawing Posterior Samples:  84%|████████▍ | 1266/1504 [00:47<00:06, 35.03step/s]
[Origin 6/13] 🎲 Drawing Posterior Samples:  84%|████████▍ | 1270/1504 [00:47<00:06, 36.04step/s]
[Origin 6/13] 🎲 Drawing Posterior Samples:  85%|████████▍ | 1274/1504 [00:47<00:06, 36.89step/s]
[Origin 6/13] 🎲 Drawing Posterior Samples:  85%|████████▍ | 1278/1504 [00:47<00:06, 36.33step/s]
[Origin 6/13] 🎲 Drawing Posterior Samples:  85%|████████▌ | 1282/1504 [00:47<00:06, 36.90step/s]
[Origin 6/13] 🎲 Drawing Posterior Samples:  86%|████████▌ | 1286/1504 [00:48<00:05, 37.46step/s]
[Origin 6/13] 🎲 Drawing Posterior Samples:  86%|████████▌ | 1290/1504 [00:48<00:05, 37.82step/s]
[Origin 6/13] 🎲 Drawing Posterior Samples:  86%|████████▌ | 1294/1504 [00:48<00:05, 38.14step/s]
[Origin 6/13] 🎲 Drawing Posterior Samples:  86%|████████▋ | 1298/1504 [00:48<00:05, 36.72step/s]
[Origin 6/13] 🎲 Drawing Posterior Samples:  87%|████████▋ | 1303/1504 [00:48<00:05, 37.63step/s]
[Origin 6/13] 🎲 Drawing Posterior Samples:  87%|████████▋ | 1307/1504 [00:48<00:05, 36.57step/s]
[Origin 6/13] 🎲 Drawing Posterior Samples:  87%|████████▋ | 1312/1504 [00:48<00:04, 38.45step/s]
[Origin 6/13] 🎲 Drawing Posterior Samples:  88%|████████▊ | 1316/1504 [00:48<00:04, 38.46step/s]
[Origin 6/13] 🎲 Drawing Posterior Samples:  88%|████████▊ | 1320/1504 [00:48<00:04, 37.43step/s]
[Origin 6/13] 🎲 Drawing Posterior Samples:  88%|████████▊ | 1324/1504 [00:49<00:04, 37.94step/s]
[Origin 6/13] 🎲 Drawing Posterior Samples:  88%|████████▊ | 1328/1504 [00:49<00:04, 37.44step/s]
[Origin 6/13] 🎲 Drawing Posterior Samples:  89%|████████▊ | 1332/1504 [00:49<00:04, 36.74step/s]
[Origin 6/13] 🎲 Drawing Posterior Samples:  89%|████████▉ | 1336/1504 [00:49<00:04, 34.99step/s]
[Origin 6/13] 🎲 Drawing Posterior Samples:  89%|████████▉ | 1340/1504 [00:49<00:04, 35.65step/s]
[Origin 6/13] 🎲 Drawing Posterior Samples:  89%|████████▉ | 1344/1504 [00:49<00:04, 35.99step/s]
[Origin 6/13] 🎲 Drawing Posterior Samples:  90%|████████▉ | 1348/1504 [00:49<00:04, 34.16step/s]
[Origin 6/13] 🎲 Drawing Posterior Samples:  90%|████████▉ | 1352/1504 [00:49<00:04, 34.03step/s]
[Origin 6/13] 🎲 Drawing Posterior Samples:  90%|█████████ | 1356/1504 [00:49<00:04, 34.52step/s]
[Origin 6/13] 🎲 Drawing Posterior Samples:  90%|█████████ | 1360/1504 [00:50<00:04, 35.39step/s]
[Origin 6/13] 🎲 Drawing Posterior Samples:  91%|█████████ | 1364/1504 [00:50<00:03, 35.76step/s]
[Origin 6/13] 🎲 Drawing Posterior Samples:  91%|█████████ | 1368/1504 [00:50<00:03, 35.15step/s]
[Origin 6/13] 🎲 Drawing Posterior Samples:  91%|█████████ | 1372/1504 [00:50<00:03, 34.69step/s]
[Origin 6/13] 🎲 Drawing Posterior Samples:  91%|█████████▏| 1376/1504 [00:50<00:03, 32.95step/s]
[Origin 6/13] 🎲 Drawing Posterior Samples:  92%|█████████▏| 1380/1504 [00:50<00:03, 34.11step/s]
[Origin 6/13] 🎲 Drawing Posterior Samples:  92%|█████████▏| 1384/1504 [00:50<00:03, 34.01step/s]
[Origin 6/13] 🎲 Drawing Posterior Samples:  92%|█████████▏| 1388/1504 [00:50<00:03, 34.66step/s]
[Origin 6/13] 🎲 Drawing Posterior Samples:  93%|█████████▎| 1392/1504 [00:51<00:03, 35.37step/s]
[Origin 6/13] 🎲 Drawing Posterior Samples:  93%|█████████▎| 1396/1504 [00:51<00:03, 34.19step/s]
[Origin 6/13] 🎲 Drawing Posterior Samples:  93%|█████████▎| 1400/1504 [00:51<00:02, 34.95step/s]
[Origin 6/13] 🎲 Drawing Posterior Samples:  93%|█████████▎| 1404/1504 [00:51<00:02, 36.29step/s]
[Origin 6/13] 🎲 Drawing Posterior Samples:  94%|█████████▎| 1408/1504 [00:51<00:02, 34.94step/s]
[Origin 6/13] 🎲 Drawing Posterior Samples:  94%|█████████▍| 1412/1504 [00:51<00:02, 35.07step/s]
[Origin 6/13] 🎲 Drawing Posterior Samples:  94%|█████████▍| 1416/1504 [00:51<00:02, 33.33step/s]
[Origin 6/13] 🎲 Drawing Posterior Samples:  94%|█████████▍| 1420/1504 [00:51<00:02, 34.28step/s]
[Origin 6/13] 🎲 Drawing Posterior Samples:  95%|█████████▍| 1424/1504 [00:51<00:02, 35.23step/s]
[Origin 6/13] 🎲 Drawing Posterior Samples:  95%|█████████▍| 1428/1504 [00:52<00:02, 35.07step/s]
[Origin 6/13] 🎲 Drawing Posterior Samples:  95%|█████████▌| 1432/1504 [00:52<00:01, 36.21step/s]
[Origin 6/13] 🎲 Drawing Posterior Samples:  95%|█████████▌| 1436/1504 [00:52<00:01, 35.86step/s]
[Origin 6/13] 🎲 Drawing Posterior Samples:  96%|█████████▌| 1441/1504 [00:52<00:01, 36.12step/s]
[Origin 6/13] 🎲 Drawing Posterior Samples:  96%|█████████▌| 1445/1504 [00:52<00:01, 35.52step/s]
[Origin 6/13] 🎲 Drawing Posterior Samples:  96%|█████████▋| 1449/1504 [00:52<00:01, 35.90step/s]
[Origin 6/13] 🎲 Drawing Posterior Samples:  97%|█████████▋| 1453/1504 [00:52<00:01, 33.66step/s]
[Origin 6/13] 🎲 Drawing Posterior Samples:  97%|█████████▋| 1457/1504 [00:52<00:01, 34.35step/s]
[Origin 6/13] 🎲 Drawing Posterior Samples:  97%|█████████▋| 1461/1504 [00:53<00:01, 33.37step/s]
[Origin 6/13] 🎲 Drawing Posterior Samples:  97%|█████████▋| 1465/1504 [00:53<00:01, 34.14step/s]
[Origin 6/13] 🎲 Drawing Posterior Samples:  98%|█████████▊| 1469/1504 [00:53<00:01, 31.78step/s]
[Origin 6/13] 🎲 Drawing Posterior Samples:  98%|█████████▊| 1473/1504 [00:53<00:01, 30.76step/s]
[Origin 6/13] 🎲 Drawing Posterior Samples:  98%|█████████▊| 1477/1504 [00:53<00:00, 28.93step/s]
[Origin 6/13] 🎲 Drawing Posterior Samples:  98%|█████████▊| 1480/1504 [00:53<00:00, 27.24step/s]
[Origin 6/13] 🎲 Drawing Posterior Samples:  99%|█████████▊| 1483/1504 [00:53<00:00, 26.26step/s]
[Origin 6/13] 🎲 Drawing Posterior Samples:  99%|█████████▉| 1486/1504 [00:53<00:00, 25.13step/s]
[Origin 6/13] 🎲 Drawing Posterior Samples:  99%|█████████▉| 1489/1504 [00:54<00:00, 24.59step/s]
[Origin 6/13] 🎲 Drawing Posterior Samples:  99%|█████████▉| 1492/1504 [00:54<00:00, 23.71step/s]
[Origin 6/13] 🎲 Drawing Posterior Samples:  99%|█████████▉| 1495/1504 [00:54<00:00, 24.24step/s]
[Origin 6/13] 🎲 Drawing Posterior Samples: 100%|█████████▉| 1498/1504 [00:54<00:00, 24.15step/s]
[Origin 6/13] 🎲 Drawing Posterior Samples: 100%|█████████▉| 1501/1504 [00:54<00:00, 24.54step/s]
[Origin 6/13] 🎲 Drawing Posterior Samples: 100%|██████████| 1504/1504 [00:54<00:00, 24.25step/s]
                                                                                                 

[Origin 7/13] 🎲 Drawing Posterior Samples:   0%|          | 0/1508 [00:00<?, ?step/s]
[Origin 7/13] 🎲 Drawing Posterior Samples:   0%|          | 5/1508 [00:00<00:33, 45.03step/s]
[Origin 7/13] 🎲 Drawing Posterior Samples:   1%|          | 10/1508 [00:00<00:36, 40.83step/s]
[Origin 7/13] 🎲 Drawing Posterior Samples:   1%|          | 15/1508 [00:00<00:40, 36.56step/s]
[Origin 7/13] 🎲 Drawing Posterior Samples:   1%|▏         | 19/1508 [00:00<00:41, 35.48step/s]
[Origin 7/13] 🎲 Drawing Posterior Samples:   2%|▏         | 23/1508 [00:00<00:41, 35.85step/s]
[Origin 7/13] 🎲 Drawing Posterior Samples:   2%|▏         | 27/1508 [00:00<00:40, 36.71step/s]
[Origin 7/13] 🎲 Drawing Posterior Samples:   2%|▏         | 31/1508 [00:00<00:40, 36.65step/s]
[Origin 7/13] 🎲 Drawing Posterior Samples:   2%|▏         | 35/1508 [00:00<00:40, 36.82step/s]
[Origin 7/13] 🎲 Drawing Posterior Samples:   3%|▎         | 39/1508 [00:01<00:40, 35.87step/s]
[Origin 7/13] 🎲 Drawing Posterior Samples:   3%|▎         | 43/1508 [00:01<00:40, 36.05step/s]
[Origin 7/13] 🎲 Drawing Posterior Samples:   3%|▎         | 47/1508 [00:01<00:41, 35.08step/s]
[Origin 7/13] 🎲 Drawing Posterior Samples:   3%|▎         | 51/1508 [00:01<00:40, 35.80step/s]
[Origin 7/13] 🎲 Drawing Posterior Samples:   4%|▎         | 55/1508 [00:01<00:40, 35.59step/s]
[Origin 7/13] 🎲 Drawing Posterior Samples:   4%|▍         | 59/1508 [00:01<00:40, 36.05step/s]
[Origin 7/13] 🎲 Drawing Posterior Samples:   4%|▍         | 63/1508 [00:01<00:39, 36.36step/s]
[Origin 7/13] 🎲 Drawing Posterior Samples:   4%|▍         | 67/1508 [00:01<00:41, 34.59step/s]
[Origin 7/13] 🎲 Drawing Posterior Samples:   5%|▍         | 71/1508 [00:01<00:40, 35.89step/s]
[Origin 7/13] 🎲 Drawing Posterior Samples:   5%|▍         | 75/1508 [00:02<00:39, 35.93step/s]
[Origin 7/13] 🎲 Drawing Posterior Samples:   5%|▌         | 79/1508 [00:02<00:39, 36.14step/s]
[Origin 7/13] 🎲 Drawing Posterior Samples:   6%|▌         | 83/1508 [00:02<00:39, 36.53step/s]
[Origin 7/13] 🎲 Drawing Posterior Samples:   6%|▌         | 87/1508 [00:02<00:40, 35.18step/s]
[Origin 7/13] 🎲 Drawing Posterior Samples:   6%|▌         | 91/1508 [00:02<00:41, 34.53step/s]
[Origin 7/13] 🎲 Drawing Posterior Samples:   6%|▋         | 96/1508 [00:02<00:39, 35.63step/s]
[Origin 7/13] 🎲 Drawing Posterior Samples:   7%|▋         | 100/1508 [00:02<00:38, 36.11step/s]
[Origin 7/13] 🎲 Drawing Posterior Samples:   7%|▋         | 105/1508 [00:02<00:37, 37.76step/s]
[Origin 7/13] 🎲 Drawing Posterior Samples:   7%|▋         | 109/1508 [00:03<00:37, 37.28step/s]
[Origin 7/13] 🎲 Drawing Posterior Samples:   7%|▋         | 113/1508 [00:03<00:37, 37.11step/s]
[Origin 7/13] 🎲 Drawing Posterior Samples:   8%|▊         | 118/1508 [00:03<00:36, 38.21step/s]
[Origin 7/13] 🎲 Drawing Posterior Samples:   8%|▊         | 122/1508 [00:03<00:36, 37.86step/s]
[Origin 7/13] 🎲 Drawing Posterior Samples:   8%|▊         | 126/1508 [00:03<00:37, 37.09step/s]
[Origin 7/13] 🎲 Drawing Posterior Samples:   9%|▊         | 130/1508 [00:03<00:37, 37.08step/s]
[Origin 7/13] 🎲 Drawing Posterior Samples:   9%|▉         | 134/1508 [00:03<00:37, 36.51step/s]
[Origin 7/13] 🎲 Drawing Posterior Samples:   9%|▉         | 138/1508 [00:03<00:37, 36.77step/s]
[Origin 7/13] 🎲 Drawing Posterior Samples:   9%|▉         | 143/1508 [00:03<00:35, 38.07step/s]
[Origin 7/13] 🎲 Drawing Posterior Samples:  10%|▉         | 148/1508 [00:04<00:34, 39.30step/s]
[Origin 7/13] 🎲 Drawing Posterior Samples:  10%|█         | 152/1508 [00:04<00:34, 39.14step/s]
[Origin 7/13] 🎲 Drawing Posterior Samples:  10%|█         | 156/1508 [00:04<00:34, 39.01step/s]
[Origin 7/13] 🎲 Drawing Posterior Samples:  11%|█         | 161/1508 [00:04<00:33, 39.68step/s]
[Origin 7/13] 🎲 Drawing Posterior Samples:  11%|█         | 165/1508 [00:04<00:33, 39.70step/s]
[Origin 7/13] 🎲 Drawing Posterior Samples:  11%|█▏        | 170/1508 [00:04<00:33, 39.72step/s]
[Origin 7/13] 🎲 Drawing Posterior Samples:  12%|█▏        | 174/1508 [00:04<00:33, 39.49step/s]
[Origin 7/13] 🎲 Drawing Posterior Samples:  12%|█▏        | 178/1508 [00:04<00:35, 37.99step/s]
[Origin 7/13] 🎲 Drawing Posterior Samples:  12%|█▏        | 183/1508 [00:04<00:33, 39.27step/s]
[Origin 7/13] 🎲 Drawing Posterior Samples:  12%|█▏        | 187/1508 [00:05<00:33, 39.20step/s]
[Origin 7/13] 🎲 Drawing Posterior Samples:  13%|█▎        | 192/1508 [00:05<00:33, 39.29step/s]
[Origin 7/13] 🎲 Drawing Posterior Samples:  13%|█▎        | 196/1508 [00:05<00:33, 38.84step/s]
[Origin 7/13] 🎲 Drawing Posterior Samples:  13%|█▎        | 200/1508 [00:05<00:33, 38.72step/s]
[Origin 7/13] 🎲 Drawing Posterior Samples:  14%|█▎        | 205/1508 [00:05<00:33, 39.42step/s]
[Origin 7/13] 🎲 Drawing Posterior Samples:  14%|█▍        | 210/1508 [00:05<00:32, 39.95step/s]
[Origin 7/13] 🎲 Drawing Posterior Samples:  14%|█▍        | 215/1508 [00:05<00:32, 40.31step/s]
[Origin 7/13] 🎲 Drawing Posterior Samples:  15%|█▍        | 220/1508 [00:05<00:32, 40.04step/s]
[Origin 7/13] 🎲 Drawing Posterior Samples:  15%|█▍        | 225/1508 [00:05<00:32, 39.86step/s]
[Origin 7/13] 🎲 Drawing Posterior Samples:  15%|█▌        | 229/1508 [00:06<00:33, 37.83step/s]
[Origin 7/13] 🎲 Drawing Posterior Samples:  16%|█▌        | 234/1508 [00:06<00:32, 38.83step/s]
[Origin 7/13] 🎲 Drawing Posterior Samples:  16%|█▌        | 239/1508 [00:06<00:32, 39.09step/s]
[Origin 7/13] 🎲 Drawing Posterior Samples:  16%|█▌        | 243/1508 [00:06<00:32, 39.26step/s]
[Origin 7/13] 🎲 Drawing Posterior Samples:  16%|█▋        | 247/1508 [00:06<00:32, 38.78step/s]
[Origin 7/13] 🎲 Drawing Posterior Samples:  17%|█▋        | 252/1508 [00:06<00:32, 39.21step/s]
[Origin 7/13] 🎲 Drawing Posterior Samples:  17%|█▋        | 257/1508 [00:06<00:31, 40.30step/s]
[Origin 7/13] 🎲 Drawing Posterior Samples:  17%|█▋        | 262/1508 [00:06<00:30, 40.79step/s]
[Origin 7/13] 🎲 Drawing Posterior Samples:  18%|█▊        | 267/1508 [00:07<00:30, 40.55step/s]
[Origin 7/13] 🎲 Drawing Posterior Samples:  18%|█▊        | 272/1508 [00:07<00:31, 39.81step/s]
[Origin 7/13] 🎲 Drawing Posterior Samples:  18%|█▊        | 276/1508 [00:07<00:32, 37.66step/s]
[Origin 7/13] 🎲 Drawing Posterior Samples:  19%|█▊        | 280/1508 [00:07<00:33, 36.97step/s]
[Origin 7/13] 🎲 Drawing Posterior Samples:  19%|█▉        | 284/1508 [00:07<00:33, 36.90step/s]
[Origin 7/13] 🎲 Drawing Posterior Samples:  19%|█▉        | 288/1508 [00:07<00:33, 36.96step/s]
[Origin 7/13] 🎲 Drawing Posterior Samples:  19%|█▉        | 292/1508 [00:07<00:34, 34.85step/s]
[Origin 7/13] 🎲 Drawing Posterior Samples:  20%|█▉        | 296/1508 [00:07<00:34, 35.46step/s]
[Origin 7/13] 🎲 Drawing Posterior Samples:  20%|█▉        | 300/1508 [00:07<00:33, 36.56step/s]
[Origin 7/13] 🎲 Drawing Posterior Samples:  20%|██        | 304/1508 [00:08<00:33, 35.89step/s]
[Origin 7/13] 🎲 Drawing Posterior Samples:  20%|██        | 308/1508 [00:08<00:33, 35.32step/s]
[Origin 7/13] 🎲 Drawing Posterior Samples:  21%|██        | 312/1508 [00:08<00:32, 36.29step/s]
[Origin 7/13] 🎲 Drawing Posterior Samples:  21%|██        | 317/1508 [00:08<00:31, 37.75step/s]
[Origin 7/13] 🎲 Drawing Posterior Samples:  21%|██▏       | 322/1508 [00:08<00:31, 37.29step/s]
[Origin 7/13] 🎲 Drawing Posterior Samples:  22%|██▏       | 326/1508 [00:08<00:34, 34.70step/s]
[Origin 7/13] 🎲 Drawing Posterior Samples:  22%|██▏       | 330/1508 [00:08<00:33, 35.18step/s]
[Origin 7/13] 🎲 Drawing Posterior Samples:  22%|██▏       | 334/1508 [00:08<00:34, 33.59step/s]
[Origin 7/13] 🎲 Drawing Posterior Samples:  22%|██▏       | 338/1508 [00:09<00:33, 35.12step/s]
[Origin 7/13] 🎲 Drawing Posterior Samples:  23%|██▎       | 342/1508 [00:09<00:35, 32.80step/s]
[Origin 7/13] 🎲 Drawing Posterior Samples:  23%|██▎       | 346/1508 [00:09<00:39, 29.55step/s]
[Origin 7/13] 🎲 Drawing Posterior Samples:  23%|██▎       | 350/1508 [00:09<00:41, 27.68step/s]
[Origin 7/13] 🎲 Drawing Posterior Samples:  23%|██▎       | 353/1508 [00:09<00:44, 25.85step/s]
[Origin 7/13] 🎲 Drawing Posterior Samples:  24%|██▎       | 356/1508 [00:09<00:45, 25.15step/s]
[Origin 7/13] 🎲 Drawing Posterior Samples:  24%|██▍       | 359/1508 [00:09<00:46, 24.62step/s]
[Origin 7/13] 🎲 Drawing Posterior Samples:  24%|██▍       | 362/1508 [00:10<00:46, 24.39step/s]
[Origin 7/13] 🎲 Drawing Posterior Samples:  24%|██▍       | 365/1508 [00:10<00:47, 24.30step/s]
[Origin 7/13] 🎲 Drawing Posterior Samples:  24%|██▍       | 368/1508 [00:10<00:47, 24.21step/s]
[Origin 7/13] 🎲 Drawing Posterior Samples:  25%|██▍       | 371/1508 [00:10<00:48, 23.46step/s]
[Origin 7/13] 🎲 Drawing Posterior Samples:  25%|██▍       | 374/1508 [00:10<00:48, 23.56step/s]
[Origin 7/13] 🎲 Drawing Posterior Samples:  25%|██▌       | 377/1508 [00:10<00:49, 22.65step/s]
[Origin 7/13] 🎲 Drawing Posterior Samples:  25%|██▌       | 380/1508 [00:13<06:09,  3.05step/s]
[Origin 7/13] 🎲 Drawing Posterior Samples:  25%|██▌       | 384/1508 [00:13<04:07,  4.54step/s]
[Origin 7/13] 🎲 Drawing Posterior Samples:  26%|██▌       | 388/1508 [00:13<02:52,  6.49step/s]
[Origin 7/13] 🎲 Drawing Posterior Samples:  26%|██▌       | 392/1508 [00:14<02:06,  8.85step/s]
[Origin 7/13] 🎲 Drawing Posterior Samples:  26%|██▌       | 395/1508 [00:14<01:42, 10.83step/s]
[Origin 7/13] 🎲 Drawing Posterior Samples:  26%|██▋       | 399/1508 [00:14<01:18, 14.22step/s]
[Origin 7/13] 🎲 Drawing Posterior Samples:  27%|██▋       | 404/1508 [00:14<00:58, 18.78step/s]
[Origin 7/13] 🎲 Drawing Posterior Samples:  27%|██▋       | 409/1508 [00:14<00:47, 23.25step/s]
[Origin 7/13] 🎲 Drawing Posterior Samples:  27%|██▋       | 413/1508 [00:14<00:42, 25.51step/s]
[Origin 7/13] 🎲 Drawing Posterior Samples:  28%|██▊       | 417/1508 [00:14<00:38, 28.22step/s]
[Origin 7/13] 🎲 Drawing Posterior Samples:  28%|██▊       | 421/1508 [00:14<00:37, 28.71step/s]
[Origin 7/13] 🎲 Drawing Posterior Samples:  28%|██▊       | 425/1508 [00:14<00:36, 29.49step/s]
[Origin 7/13] 🎲 Drawing Posterior Samples:  28%|██▊       | 429/1508 [00:15<00:35, 30.32step/s]
[Origin 7/13] 🎲 Drawing Posterior Samples:  29%|██▊       | 433/1508 [00:15<00:34, 31.55step/s]
[Origin 7/13] 🎲 Drawing Posterior Samples:  29%|██▉       | 438/1508 [00:15<00:31, 34.43step/s]
[Origin 7/13] 🎲 Drawing Posterior Samples:  29%|██▉       | 442/1508 [00:15<00:31, 34.31step/s]
[Origin 7/13] 🎲 Drawing Posterior Samples:  30%|██▉       | 447/1508 [00:15<00:29, 36.25step/s]
[Origin 7/13] 🎲 Drawing Posterior Samples:  30%|██▉       | 451/1508 [00:15<00:30, 35.06step/s]
[Origin 7/13] 🎲 Drawing Posterior Samples:  30%|███       | 455/1508 [00:15<00:30, 34.41step/s]
[Origin 7/13] 🎲 Drawing Posterior Samples:  30%|███       | 459/1508 [00:15<00:29, 35.82step/s]
[Origin 7/13] 🎲 Drawing Posterior Samples:  31%|███       | 464/1508 [00:16<00:27, 37.33step/s]
[Origin 7/13] 🎲 Drawing Posterior Samples:  31%|███       | 468/1508 [00:16<00:27, 38.04step/s]
[Origin 7/13] 🎲 Drawing Posterior Samples:  31%|███▏      | 472/1508 [00:16<00:27, 37.66step/s]
[Origin 7/13] 🎲 Drawing Posterior Samples:  32%|███▏      | 476/1508 [00:16<00:27, 36.89step/s]
[Origin 7/13] 🎲 Drawing Posterior Samples:  32%|███▏      | 480/1508 [00:16<00:28, 35.86step/s]
[Origin 7/13] 🎲 Drawing Posterior Samples:  32%|███▏      | 484/1508 [00:16<00:27, 36.67step/s]
[Origin 7/13] 🎲 Drawing Posterior Samples:  32%|███▏      | 489/1508 [00:16<00:26, 37.77step/s]
[Origin 7/13] 🎲 Drawing Posterior Samples:  33%|███▎      | 493/1508 [00:16<00:26, 38.33step/s]
[Origin 7/13] 🎲 Drawing Posterior Samples:  33%|███▎      | 497/1508 [00:16<00:27, 36.11step/s]
[Origin 7/13] 🎲 Drawing Posterior Samples:  33%|███▎      | 502/1508 [00:17<00:27, 36.29step/s]
[Origin 7/13] 🎲 Drawing Posterior Samples:  34%|███▎      | 506/1508 [00:17<00:27, 36.32step/s]
[Origin 7/13] 🎲 Drawing Posterior Samples:  34%|███▍      | 510/1508 [00:17<00:28, 35.12step/s]
[Origin 7/13] 🎲 Drawing Posterior Samples:  34%|███▍      | 514/1508 [00:17<00:27, 36.21step/s]
[Origin 7/13] 🎲 Drawing Posterior Samples:  34%|███▍      | 518/1508 [00:17<00:26, 36.83step/s]
[Origin 7/13] 🎲 Drawing Posterior Samples:  35%|███▍      | 523/1508 [00:17<00:26, 37.86step/s]
[Origin 7/13] 🎲 Drawing Posterior Samples:  35%|███▍      | 527/1508 [00:17<00:25, 38.27step/s]
[Origin 7/13] 🎲 Drawing Posterior Samples:  35%|███▌      | 532/1508 [00:17<00:25, 37.82step/s]
[Origin 7/13] 🎲 Drawing Posterior Samples:  36%|███▌      | 536/1508 [00:17<00:25, 37.90step/s]
[Origin 7/13] 🎲 Drawing Posterior Samples:  36%|███▌      | 540/1508 [00:18<00:25, 37.86step/s]
[Origin 7/13] 🎲 Drawing Posterior Samples:  36%|███▌      | 544/1508 [00:18<00:26, 36.60step/s]
[Origin 7/13] 🎲 Drawing Posterior Samples:  36%|███▋      | 548/1508 [00:18<00:25, 37.49step/s]
[Origin 7/13] 🎲 Drawing Posterior Samples:  37%|███▋      | 552/1508 [00:18<00:26, 36.69step/s]
[Origin 7/13] 🎲 Drawing Posterior Samples:  37%|███▋      | 556/1508 [00:18<00:25, 37.20step/s]
[Origin 7/13] 🎲 Drawing Posterior Samples:  37%|███▋      | 560/1508 [00:18<00:24, 37.93step/s]
[Origin 7/13] 🎲 Drawing Posterior Samples:  37%|███▋      | 564/1508 [00:18<00:25, 37.75step/s]
[Origin 7/13] 🎲 Drawing Posterior Samples:  38%|███▊      | 568/1508 [00:18<00:26, 35.17step/s]
[Origin 7/13] 🎲 Drawing Posterior Samples:  38%|███▊      | 572/1508 [00:18<00:27, 33.54step/s]
[Origin 7/13] 🎲 Drawing Posterior Samples:  38%|███▊      | 576/1508 [00:19<00:26, 34.81step/s]
[Origin 7/13] 🎲 Drawing Posterior Samples:  38%|███▊      | 580/1508 [00:19<00:26, 35.09step/s]
[Origin 7/13] 🎲 Drawing Posterior Samples:  39%|███▊      | 584/1508 [00:19<00:27, 33.93step/s]
[Origin 7/13] 🎲 Drawing Posterior Samples:  39%|███▉      | 589/1508 [00:19<00:25, 35.90step/s]
[Origin 7/13] 🎲 Drawing Posterior Samples:  39%|███▉      | 593/1508 [00:19<00:26, 34.90step/s]
[Origin 7/13] 🎲 Drawing Posterior Samples:  40%|███▉      | 597/1508 [00:19<00:25, 35.95step/s]
[Origin 7/13] 🎲 Drawing Posterior Samples:  40%|███▉      | 601/1508 [00:19<00:24, 36.58step/s]
[Origin 7/13] 🎲 Drawing Posterior Samples:  40%|████      | 605/1508 [00:19<00:24, 36.60step/s]
[Origin 7/13] 🎲 Drawing Posterior Samples:  40%|████      | 609/1508 [00:20<00:25, 35.58step/s]
[Origin 7/13] 🎲 Drawing Posterior Samples:  41%|████      | 613/1508 [00:20<00:24, 36.25step/s]
[Origin 7/13] 🎲 Drawing Posterior Samples:  41%|████      | 617/1508 [00:20<00:26, 33.99step/s]
[Origin 7/13] 🎲 Drawing Posterior Samples:  41%|████      | 622/1508 [00:20<00:24, 35.65step/s]
[Origin 7/13] 🎲 Drawing Posterior Samples:  42%|████▏     | 626/1508 [00:20<00:24, 36.16step/s]
[Origin 7/13] 🎲 Drawing Posterior Samples:  42%|████▏     | 630/1508 [00:20<00:24, 35.99step/s]
[Origin 7/13] 🎲 Drawing Posterior Samples:  42%|████▏     | 634/1508 [00:20<00:25, 33.77step/s]
[Origin 7/13] 🎲 Drawing Posterior Samples:  42%|████▏     | 638/1508 [00:20<00:25, 33.77step/s]
[Origin 7/13] 🎲 Drawing Posterior Samples:  43%|████▎     | 642/1508 [00:20<00:24, 35.34step/s]
[Origin 7/13] 🎲 Drawing Posterior Samples:  43%|████▎     | 646/1508 [00:21<00:24, 35.51step/s]
[Origin 7/13] 🎲 Drawing Posterior Samples:  43%|████▎     | 650/1508 [00:21<00:24, 34.99step/s]
[Origin 7/13] 🎲 Drawing Posterior Samples:  43%|████▎     | 654/1508 [00:21<00:23, 36.05step/s]
[Origin 7/13] 🎲 Drawing Posterior Samples:  44%|████▎     | 658/1508 [00:21<00:23, 35.94step/s]
[Origin 7/13] 🎲 Drawing Posterior Samples:  44%|████▍     | 663/1508 [00:21<00:22, 37.45step/s]
[Origin 7/13] 🎲 Drawing Posterior Samples:  44%|████▍     | 668/1508 [00:21<00:21, 38.56step/s]
[Origin 7/13] 🎲 Drawing Posterior Samples:  45%|████▍     | 672/1508 [00:21<00:23, 35.72step/s]
[Origin 7/13] 🎲 Drawing Posterior Samples:  45%|████▍     | 676/1508 [00:21<00:22, 36.41step/s]
[Origin 7/13] 🎲 Drawing Posterior Samples:  45%|████▌     | 681/1508 [00:22<00:22, 36.17step/s]
[Origin 7/13] 🎲 Drawing Posterior Samples:  45%|████▌     | 685/1508 [00:22<00:22, 35.81step/s]
[Origin 7/13] 🎲 Drawing Posterior Samples:  46%|████▌     | 689/1508 [00:22<00:22, 36.37step/s]
[Origin 7/13] 🎲 Drawing Posterior Samples:  46%|████▌     | 693/1508 [00:22<00:22, 36.64step/s]
[Origin 7/13] 🎲 Drawing Posterior Samples:  46%|████▌     | 697/1508 [00:22<00:22, 36.72step/s]
[Origin 7/13] 🎲 Drawing Posterior Samples:  46%|████▋     | 701/1508 [00:22<00:22, 35.78step/s]
[Origin 7/13] 🎲 Drawing Posterior Samples:  47%|████▋     | 705/1508 [00:22<00:22, 34.98step/s]
[Origin 7/13] 🎲 Drawing Posterior Samples:  47%|████▋     | 709/1508 [00:22<00:22, 35.52step/s]
[Origin 7/13] 🎲 Drawing Posterior Samples:  47%|████▋     | 713/1508 [00:22<00:23, 33.65step/s]
[Origin 7/13] 🎲 Drawing Posterior Samples:  48%|████▊     | 718/1508 [00:23<00:22, 35.43step/s]
[Origin 7/13] 🎲 Drawing Posterior Samples:  48%|████▊     | 722/1508 [00:23<00:26, 30.17step/s]
[Origin 7/13] 🎲 Drawing Posterior Samples:  48%|████▊     | 726/1508 [00:23<00:28, 27.11step/s]
[Origin 7/13] 🎲 Drawing Posterior Samples:  48%|████▊     | 729/1508 [00:23<00:30, 25.55step/s]
[Origin 7/13] 🎲 Drawing Posterior Samples:  49%|████▊     | 732/1508 [00:23<00:32, 24.18step/s]
[Origin 7/13] 🎲 Drawing Posterior Samples:  49%|████▊     | 735/1508 [00:23<00:33, 22.87step/s]
[Origin 7/13] 🎲 Drawing Posterior Samples:  49%|████▉     | 738/1508 [00:23<00:33, 22.68step/s]
[Origin 7/13] 🎲 Drawing Posterior Samples:  49%|████▉     | 741/1508 [00:24<00:34, 22.43step/s]
[Origin 7/13] 🎲 Drawing Posterior Samples:  49%|████▉     | 744/1508 [00:24<00:34, 21.96step/s]
[Origin 7/13] 🎲 Drawing Posterior Samples:  50%|████▉     | 747/1508 [00:24<00:35, 21.67step/s]
[Origin 7/13] 🎲 Drawing Posterior Samples:  50%|████▉     | 750/1508 [00:24<00:32, 23.18step/s]
[Origin 7/13] 🎲 Drawing Posterior Samples:  50%|████▉     | 753/1508 [00:24<00:30, 24.62step/s]
[Origin 7/13] 🎲 Drawing Posterior Samples:  50%|█████     | 756/1508 [00:26<03:03,  4.10step/s]
[Origin 7/13] 🎲 Drawing Posterior Samples:  50%|█████     | 761/1508 [00:26<01:54,  6.54step/s]
[Origin 7/13] 🎲 Drawing Posterior Samples:  51%|█████     | 765/1508 [00:27<01:23,  8.93step/s]
[Origin 7/13] 🎲 Drawing Posterior Samples:  51%|█████     | 769/1508 [00:27<01:03, 11.61step/s]
[Origin 7/13] 🎲 Drawing Posterior Samples:  51%|█████▏    | 774/1508 [00:27<00:46, 15.65step/s]
[Origin 7/13] 🎲 Drawing Posterior Samples:  52%|█████▏    | 778/1508 [00:27<00:38, 18.93step/s]
[Origin 7/13] 🎲 Drawing Posterior Samples:  52%|█████▏    | 782/1508 [00:27<00:32, 22.19step/s]
[Origin 7/13] 🎲 Drawing Posterior Samples:  52%|█████▏    | 786/1508 [00:27<00:29, 24.76step/s]
[Origin 7/13] 🎲 Drawing Posterior Samples:  52%|█████▏    | 790/1508 [00:27<00:26, 27.42step/s]
[Origin 7/13] 🎲 Drawing Posterior Samples:  53%|█████▎    | 794/1508 [00:27<00:24, 29.46step/s]
[Origin 7/13] 🎲 Drawing Posterior Samples:  53%|█████▎    | 798/1508 [00:27<00:23, 30.55step/s]
[Origin 7/13] 🎲 Drawing Posterior Samples:  53%|█████▎    | 802/1508 [00:28<00:21, 32.46step/s]
[Origin 7/13] 🎲 Drawing Posterior Samples:  53%|█████▎    | 806/1508 [00:28<00:20, 34.20step/s]
[Origin 7/13] 🎲 Drawing Posterior Samples:  54%|█████▎    | 810/1508 [00:28<00:20, 33.92step/s]
[Origin 7/13] 🎲 Drawing Posterior Samples:  54%|█████▍    | 814/1508 [00:28<00:20, 33.93step/s]
[Origin 7/13] 🎲 Drawing Posterior Samples:  54%|█████▍    | 818/1508 [00:28<00:19, 35.25step/s]
[Origin 7/13] 🎲 Drawing Posterior Samples:  55%|█████▍    | 823/1508 [00:28<00:18, 36.53step/s]
[Origin 7/13] 🎲 Drawing Posterior Samples:  55%|█████▍    | 827/1508 [00:28<00:19, 34.66step/s]
[Origin 7/13] 🎲 Drawing Posterior Samples:  55%|█████▌    | 831/1508 [00:28<00:19, 34.51step/s]
[Origin 7/13] 🎲 Drawing Posterior Samples:  55%|█████▌    | 835/1508 [00:28<00:20, 33.01step/s]
[Origin 7/13] 🎲 Drawing Posterior Samples:  56%|█████▌    | 839/1508 [00:29<00:19, 34.11step/s]
[Origin 7/13] 🎲 Drawing Posterior Samples:  56%|█████▌    | 843/1508 [00:29<00:20, 32.51step/s]
[Origin 7/13] 🎲 Drawing Posterior Samples:  56%|█████▌    | 847/1508 [00:29<00:19, 33.19step/s]
[Origin 7/13] 🎲 Drawing Posterior Samples:  56%|█████▋    | 851/1508 [00:29<00:19, 33.70step/s]
[Origin 7/13] 🎲 Drawing Posterior Samples:  57%|█████▋    | 855/1508 [00:29<00:19, 32.66step/s]
[Origin 7/13] 🎲 Drawing Posterior Samples:  57%|█████▋    | 859/1508 [00:29<00:19, 33.74step/s]
[Origin 7/13] 🎲 Drawing Posterior Samples:  57%|█████▋    | 863/1508 [00:29<00:18, 34.36step/s]
[Origin 7/13] 🎲 Drawing Posterior Samples:  57%|█████▋    | 867/1508 [00:29<00:19, 33.07step/s]
[Origin 7/13] 🎲 Drawing Posterior Samples:  58%|█████▊    | 871/1508 [00:30<00:19, 33.13step/s]
[Origin 7/13] 🎲 Drawing Posterior Samples:  58%|█████▊    | 875/1508 [00:30<00:19, 33.25step/s]
[Origin 7/13] 🎲 Drawing Posterior Samples:  58%|█████▊    | 879/1508 [00:30<00:18, 33.19step/s]
[Origin 7/13] 🎲 Drawing Posterior Samples:  59%|█████▊    | 883/1508 [00:30<00:18, 34.62step/s]
[Origin 7/13] 🎲 Drawing Posterior Samples:  59%|█████▉    | 887/1508 [00:30<00:17, 35.37step/s]
[Origin 7/13] 🎲 Drawing Posterior Samples:  59%|█████▉    | 891/1508 [00:30<00:17, 35.11step/s]
[Origin 7/13] 🎲 Drawing Posterior Samples:  59%|█████▉    | 895/1508 [00:30<00:17, 34.55step/s]
[Origin 7/13] 🎲 Drawing Posterior Samples:  60%|█████▉    | 899/1508 [00:30<00:17, 34.97step/s]
[Origin 7/13] 🎲 Drawing Posterior Samples:  60%|█████▉    | 903/1508 [00:30<00:17, 35.47step/s]
[Origin 7/13] 🎲 Drawing Posterior Samples:  60%|██████    | 907/1508 [00:31<00:16, 36.17step/s]
[Origin 7/13] 🎲 Drawing Posterior Samples:  60%|██████    | 911/1508 [00:31<00:16, 36.41step/s]
[Origin 7/13] 🎲 Drawing Posterior Samples:  61%|██████    | 915/1508 [00:31<00:16, 36.15step/s]
[Origin 7/13] 🎲 Drawing Posterior Samples:  61%|██████    | 919/1508 [00:31<00:16, 35.37step/s]
[Origin 7/13] 🎲 Drawing Posterior Samples:  61%|██████    | 923/1508 [00:31<00:16, 36.07step/s]
[Origin 7/13] 🎲 Drawing Posterior Samples:  61%|██████▏   | 927/1508 [00:31<00:16, 35.25step/s]
[Origin 7/13] 🎲 Drawing Posterior Samples:  62%|██████▏   | 931/1508 [00:31<00:16, 35.72step/s]
[Origin 7/13] 🎲 Drawing Posterior Samples:  62%|██████▏   | 935/1508 [00:31<00:15, 36.14step/s]
[Origin 7/13] 🎲 Drawing Posterior Samples:  62%|██████▏   | 939/1508 [00:31<00:15, 35.76step/s]
[Origin 7/13] 🎲 Drawing Posterior Samples:  63%|██████▎   | 943/1508 [00:32<00:16, 34.45step/s]
[Origin 7/13] 🎲 Drawing Posterior Samples:  63%|██████▎   | 947/1508 [00:32<00:16, 33.38step/s]
[Origin 7/13] 🎲 Drawing Posterior Samples:  63%|██████▎   | 951/1508 [00:32<00:17, 32.40step/s]
[Origin 7/13] 🎲 Drawing Posterior Samples:  63%|██████▎   | 955/1508 [00:32<00:16, 33.46step/s]
[Origin 7/13] 🎲 Drawing Posterior Samples:  64%|██████▎   | 959/1508 [00:32<00:16, 32.87step/s]
[Origin 7/13] 🎲 Drawing Posterior Samples:  64%|██████▍   | 963/1508 [00:32<00:16, 32.63step/s]
[Origin 7/13] 🎲 Drawing Posterior Samples:  64%|██████▍   | 967/1508 [00:32<00:16, 32.61step/s]
[Origin 7/13] 🎲 Drawing Posterior Samples:  64%|██████▍   | 971/1508 [00:32<00:16, 33.33step/s]
[Origin 7/13] 🎲 Drawing Posterior Samples:  65%|██████▍   | 975/1508 [00:33<00:16, 32.90step/s]
[Origin 7/13] 🎲 Drawing Posterior Samples:  65%|██████▍   | 979/1508 [00:33<00:16, 32.98step/s]
[Origin 7/13] 🎲 Drawing Posterior Samples:  65%|██████▌   | 983/1508 [00:33<00:16, 32.66step/s]
[Origin 7/13] 🎲 Drawing Posterior Samples:  65%|██████▌   | 987/1508 [00:33<00:16, 31.97step/s]
[Origin 7/13] 🎲 Drawing Posterior Samples:  66%|██████▌   | 991/1508 [00:33<00:16, 31.39step/s]
[Origin 7/13] 🎲 Drawing Posterior Samples:  66%|██████▌   | 995/1508 [00:33<00:16, 31.73step/s]
[Origin 7/13] 🎲 Drawing Posterior Samples:  66%|██████▌   | 999/1508 [00:33<00:16, 31.27step/s]
[Origin 7/13] 🎲 Drawing Posterior Samples:  67%|██████▋   | 1003/1508 [00:33<00:16, 31.51step/s]
[Origin 7/13] 🎲 Drawing Posterior Samples:  67%|██████▋   | 1007/1508 [00:34<00:15, 33.32step/s]
[Origin 7/13] 🎲 Drawing Posterior Samples:  67%|██████▋   | 1012/1508 [00:34<00:14, 35.41step/s]
[Origin 7/13] 🎲 Drawing Posterior Samples:  67%|██████▋   | 1016/1508 [00:34<00:13, 35.37step/s]
[Origin 7/13] 🎲 Drawing Posterior Samples:  68%|██████▊   | 1020/1508 [00:34<00:13, 35.14step/s]
[Origin 7/13] 🎲 Drawing Posterior Samples:  68%|██████▊   | 1024/1508 [00:34<00:13, 35.67step/s]
[Origin 7/13] 🎲 Drawing Posterior Samples:  68%|██████▊   | 1028/1508 [00:34<00:13, 35.40step/s]
[Origin 7/13] 🎲 Drawing Posterior Samples:  68%|██████▊   | 1032/1508 [00:34<00:13, 35.73step/s]
[Origin 7/13] 🎲 Drawing Posterior Samples:  69%|██████▉   | 1037/1508 [00:34<00:12, 37.64step/s]
[Origin 7/13] 🎲 Drawing Posterior Samples:  69%|██████▉   | 1041/1508 [00:34<00:12, 37.37step/s]
[Origin 7/13] 🎲 Drawing Posterior Samples:  69%|██████▉   | 1045/1508 [00:35<00:12, 37.80step/s]
[Origin 7/13] 🎲 Drawing Posterior Samples:  70%|██████▉   | 1049/1508 [00:35<00:12, 38.02step/s]
[Origin 7/13] 🎲 Drawing Posterior Samples:  70%|██████▉   | 1053/1508 [00:35<00:12, 37.11step/s]
[Origin 7/13] 🎲 Drawing Posterior Samples:  70%|███████   | 1058/1508 [00:35<00:11, 38.19step/s]
[Origin 7/13] 🎲 Drawing Posterior Samples:  70%|███████   | 1062/1508 [00:35<00:12, 36.52step/s]
[Origin 7/13] 🎲 Drawing Posterior Samples:  71%|███████   | 1067/1508 [00:35<00:11, 38.22step/s]
[Origin 7/13] 🎲 Drawing Posterior Samples:  71%|███████   | 1071/1508 [00:35<00:11, 38.14step/s]
[Origin 7/13] 🎲 Drawing Posterior Samples:  71%|███████▏  | 1076/1508 [00:35<00:11, 39.04step/s]
[Origin 7/13] 🎲 Drawing Posterior Samples:  72%|███████▏  | 1080/1508 [00:36<00:10, 39.26step/s]
[Origin 7/13] 🎲 Drawing Posterior Samples:  72%|███████▏  | 1085/1508 [00:36<00:10, 39.49step/s]
[Origin 7/13] 🎲 Drawing Posterior Samples:  72%|███████▏  | 1090/1508 [00:36<00:10, 40.30step/s]
[Origin 7/13] 🎲 Drawing Posterior Samples:  73%|███████▎  | 1095/1508 [00:36<00:10, 39.62step/s]
[Origin 7/13] 🎲 Drawing Posterior Samples:  73%|███████▎  | 1099/1508 [00:36<00:12, 33.15step/s]
[Origin 7/13] 🎲 Drawing Posterior Samples:  73%|███████▎  | 1103/1508 [00:36<00:13, 30.18step/s]
[Origin 7/13] 🎲 Drawing Posterior Samples:  73%|███████▎  | 1107/1508 [00:36<00:13, 28.79step/s]
[Origin 7/13] 🎲 Drawing Posterior Samples:  74%|███████▎  | 1110/1508 [00:37<00:14, 26.56step/s]
[Origin 7/13] 🎲 Drawing Posterior Samples:  74%|███████▍  | 1113/1508 [00:37<00:15, 26.05step/s]
[Origin 7/13] 🎲 Drawing Posterior Samples:  74%|███████▍  | 1116/1508 [00:37<00:15, 24.77step/s]
[Origin 7/13] 🎲 Drawing Posterior Samples:  74%|███████▍  | 1119/1508 [00:37<00:16, 24.28step/s]
[Origin 7/13] 🎲 Drawing Posterior Samples:  74%|███████▍  | 1122/1508 [00:37<00:16, 23.58step/s]
[Origin 7/13] 🎲 Drawing Posterior Samples:  75%|███████▍  | 1125/1508 [00:37<00:16, 22.64step/s]
[Origin 7/13] 🎲 Drawing Posterior Samples:  75%|███████▍  | 1128/1508 [00:37<00:18, 20.30step/s]
[Origin 7/13] 🎲 Drawing Posterior Samples:  75%|███████▌  | 1131/1508 [00:38<00:18, 20.20step/s]
[Origin 7/13] 🎲 Drawing Posterior Samples:  75%|███████▌  | 1134/1508 [00:40<01:39,  3.75step/s]
[Origin 7/13] 🎲 Drawing Posterior Samples:  76%|███████▌  | 1141/1508 [00:40<00:52,  7.04step/s]
[Origin 7/13] 🎲 Drawing Posterior Samples:  76%|███████▌  | 1147/1508 [00:40<00:34, 10.49step/s]
[Origin 7/13] 🎲 Drawing Posterior Samples:  76%|███████▋  | 1153/1508 [00:40<00:24, 14.62step/s]
[Origin 7/13] 🎲 Drawing Posterior Samples:  77%|███████▋  | 1159/1508 [00:40<00:18, 19.33step/s]
[Origin 7/13] 🎲 Drawing Posterior Samples:  77%|███████▋  | 1164/1508 [00:40<00:14, 23.14step/s]
[Origin 7/13] 🎲 Drawing Posterior Samples:  78%|███████▊  | 1169/1508 [00:41<00:12, 27.11step/s]
[Origin 7/13] 🎲 Drawing Posterior Samples:  78%|███████▊  | 1174/1508 [00:41<00:11, 28.55step/s]
[Origin 7/13] 🎲 Drawing Posterior Samples:  78%|███████▊  | 1179/1508 [00:41<00:10, 30.61step/s]
[Origin 7/13] 🎲 Drawing Posterior Samples:  79%|███████▊  | 1184/1508 [00:41<00:10, 31.76step/s]
[Origin 7/13] 🎲 Drawing Posterior Samples:  79%|███████▉  | 1188/1508 [00:41<00:09, 33.08step/s]
[Origin 7/13] 🎲 Drawing Posterior Samples:  79%|███████▉  | 1192/1508 [00:41<00:09, 33.09step/s]
[Origin 7/13] 🎲 Drawing Posterior Samples:  79%|███████▉  | 1196/1508 [00:41<00:09, 34.46step/s]
[Origin 7/13] 🎲 Drawing Posterior Samples:  80%|███████▉  | 1200/1508 [00:41<00:08, 35.26step/s]
[Origin 7/13] 🎲 Drawing Posterior Samples:  80%|███████▉  | 1204/1508 [00:42<00:08, 35.88step/s]
[Origin 7/13] 🎲 Drawing Posterior Samples:  80%|████████  | 1208/1508 [00:42<00:08, 35.39step/s]
[Origin 7/13] 🎲 Drawing Posterior Samples:  80%|████████  | 1212/1508 [00:42<00:08, 33.09step/s]
[Origin 7/13] 🎲 Drawing Posterior Samples:  81%|████████  | 1216/1508 [00:42<00:09, 32.27step/s]
[Origin 7/13] 🎲 Drawing Posterior Samples:  81%|████████  | 1220/1508 [00:42<00:08, 32.55step/s]
[Origin 7/13] 🎲 Drawing Posterior Samples:  81%|████████  | 1224/1508 [00:42<00:08, 32.84step/s]
[Origin 7/13] 🎲 Drawing Posterior Samples:  81%|████████▏ | 1228/1508 [00:42<00:08, 32.67step/s]
[Origin 7/13] 🎲 Drawing Posterior Samples:  82%|████████▏ | 1232/1508 [00:42<00:08, 32.75step/s]
[Origin 7/13] 🎲 Drawing Posterior Samples:  82%|████████▏ | 1236/1508 [00:43<00:08, 33.51step/s]
[Origin 7/13] 🎲 Drawing Posterior Samples:  82%|████████▏ | 1240/1508 [00:43<00:08, 33.09step/s]
[Origin 7/13] 🎲 Drawing Posterior Samples:  82%|████████▏ | 1244/1508 [00:43<00:08, 32.58step/s]
[Origin 7/13] 🎲 Drawing Posterior Samples:  83%|████████▎ | 1248/1508 [00:43<00:07, 33.67step/s]
[Origin 7/13] 🎲 Drawing Posterior Samples:  83%|████████▎ | 1252/1508 [00:43<00:07, 34.15step/s]
[Origin 7/13] 🎲 Drawing Posterior Samples:  83%|████████▎ | 1256/1508 [00:43<00:07, 32.87step/s]
[Origin 7/13] 🎲 Drawing Posterior Samples:  84%|████████▎ | 1260/1508 [00:43<00:07, 33.39step/s]
[Origin 7/13] 🎲 Drawing Posterior Samples:  84%|████████▍ | 1264/1508 [00:43<00:07, 33.46step/s]
[Origin 7/13] 🎲 Drawing Posterior Samples:  84%|████████▍ | 1268/1508 [00:43<00:06, 34.59step/s]
[Origin 7/13] 🎲 Drawing Posterior Samples:  84%|████████▍ | 1272/1508 [00:44<00:06, 34.13step/s]
[Origin 7/13] 🎲 Drawing Posterior Samples:  85%|████████▍ | 1277/1508 [00:44<00:06, 34.68step/s]
[Origin 7/13] 🎲 Drawing Posterior Samples:  85%|████████▌ | 1282/1508 [00:44<00:06, 36.69step/s]
[Origin 7/13] 🎲 Drawing Posterior Samples:  85%|████████▌ | 1287/1508 [00:44<00:06, 36.58step/s]
[Origin 7/13] 🎲 Drawing Posterior Samples:  86%|████████▌ | 1292/1508 [00:44<00:05, 37.91step/s]
[Origin 7/13] 🎲 Drawing Posterior Samples:  86%|████████▌ | 1296/1508 [00:44<00:05, 35.58step/s]
[Origin 7/13] 🎲 Drawing Posterior Samples:  86%|████████▌ | 1300/1508 [00:44<00:05, 36.58step/s]
[Origin 7/13] 🎲 Drawing Posterior Samples:  86%|████████▋ | 1304/1508 [00:44<00:05, 36.73step/s]
[Origin 7/13] 🎲 Drawing Posterior Samples:  87%|████████▋ | 1308/1508 [00:45<00:05, 37.61step/s]
[Origin 7/13] 🎲 Drawing Posterior Samples:  87%|████████▋ | 1312/1508 [00:45<00:05, 35.95step/s]
[Origin 7/13] 🎲 Drawing Posterior Samples:  87%|████████▋ | 1317/1508 [00:45<00:05, 36.47step/s]
[Origin 7/13] 🎲 Drawing Posterior Samples:  88%|████████▊ | 1321/1508 [00:45<00:05, 36.60step/s]
[Origin 7/13] 🎲 Drawing Posterior Samples:  88%|████████▊ | 1325/1508 [00:45<00:05, 35.54step/s]
[Origin 7/13] 🎲 Drawing Posterior Samples:  88%|████████▊ | 1329/1508 [00:45<00:05, 34.89step/s]
[Origin 7/13] 🎲 Drawing Posterior Samples:  88%|████████▊ | 1334/1508 [00:45<00:04, 36.59step/s]
[Origin 7/13] 🎲 Drawing Posterior Samples:  89%|████████▊ | 1338/1508 [00:45<00:04, 37.49step/s]
[Origin 7/13] 🎲 Drawing Posterior Samples:  89%|████████▉ | 1342/1508 [00:45<00:04, 36.77step/s]
[Origin 7/13] 🎲 Drawing Posterior Samples:  89%|████████▉ | 1346/1508 [00:46<00:04, 34.86step/s]
[Origin 7/13] 🎲 Drawing Posterior Samples:  90%|████████▉ | 1350/1508 [00:46<00:04, 34.46step/s]
[Origin 7/13] 🎲 Drawing Posterior Samples:  90%|████████▉ | 1354/1508 [00:46<00:04, 35.77step/s]
[Origin 7/13] 🎲 Drawing Posterior Samples:  90%|█████████ | 1359/1508 [00:46<00:03, 37.59step/s]
[Origin 7/13] 🎲 Drawing Posterior Samples:  90%|█████████ | 1364/1508 [00:46<00:03, 38.46step/s]
[Origin 7/13] 🎲 Drawing Posterior Samples:  91%|█████████ | 1368/1508 [00:46<00:03, 37.64step/s]
[Origin 7/13] 🎲 Drawing Posterior Samples:  91%|█████████ | 1372/1508 [00:46<00:03, 35.50step/s]
[Origin 7/13] 🎲 Drawing Posterior Samples:  91%|█████████▏| 1377/1508 [00:46<00:03, 37.67step/s]
[Origin 7/13] 🎲 Drawing Posterior Samples:  92%|█████████▏| 1381/1508 [00:47<00:03, 38.25step/s]
[Origin 7/13] 🎲 Drawing Posterior Samples:  92%|█████████▏| 1386/1508 [00:47<00:03, 39.02step/s]
[Origin 7/13] 🎲 Drawing Posterior Samples:  92%|█████████▏| 1390/1508 [00:47<00:03, 36.10step/s]
[Origin 7/13] 🎲 Drawing Posterior Samples:  93%|█████████▎| 1395/1508 [00:47<00:03, 36.12step/s]
[Origin 7/13] 🎲 Drawing Posterior Samples:  93%|█████████▎| 1399/1508 [00:47<00:02, 36.69step/s]
[Origin 7/13] 🎲 Drawing Posterior Samples:  93%|█████████▎| 1404/1508 [00:47<00:02, 38.27step/s]
[Origin 7/13] 🎲 Drawing Posterior Samples:  93%|█████████▎| 1408/1508 [00:47<00:02, 38.70step/s]
[Origin 7/13] 🎲 Drawing Posterior Samples:  94%|█████████▎| 1413/1508 [00:47<00:02, 39.10step/s]
[Origin 7/13] 🎲 Drawing Posterior Samples:  94%|█████████▍| 1417/1508 [00:47<00:02, 38.23step/s]
[Origin 7/13] 🎲 Drawing Posterior Samples:  94%|█████████▍| 1421/1508 [00:48<00:02, 38.15step/s]
[Origin 7/13] 🎲 Drawing Posterior Samples:  95%|█████████▍| 1426/1508 [00:48<00:02, 38.92step/s]
[Origin 7/13] 🎲 Drawing Posterior Samples:  95%|█████████▍| 1431/1508 [00:48<00:01, 39.76step/s]
[Origin 7/13] 🎲 Drawing Posterior Samples:  95%|█████████▌| 1436/1508 [00:48<00:01, 39.85step/s]
[Origin 7/13] 🎲 Drawing Posterior Samples:  95%|█████████▌| 1440/1508 [00:48<00:01, 39.76step/s]
[Origin 7/13] 🎲 Drawing Posterior Samples:  96%|█████████▌| 1444/1508 [00:48<00:01, 37.55step/s]
[Origin 7/13] 🎲 Drawing Posterior Samples:  96%|█████████▌| 1448/1508 [00:48<00:01, 36.74step/s]
[Origin 7/13] 🎲 Drawing Posterior Samples:  96%|█████████▋| 1453/1508 [00:48<00:01, 38.43step/s]
[Origin 7/13] 🎲 Drawing Posterior Samples:  97%|█████████▋| 1457/1508 [00:49<00:01, 38.75step/s]
[Origin 7/13] 🎲 Drawing Posterior Samples:  97%|█████████▋| 1461/1508 [00:49<00:01, 38.19step/s]
[Origin 7/13] 🎲 Drawing Posterior Samples:  97%|█████████▋| 1465/1508 [00:49<00:01, 38.10step/s]
[Origin 7/13] 🎲 Drawing Posterior Samples:  97%|█████████▋| 1469/1508 [00:49<00:01, 37.87step/s]
[Origin 7/13] 🎲 Drawing Posterior Samples:  98%|█████████▊| 1473/1508 [00:49<00:01, 34.55step/s]
[Origin 7/13] 🎲 Drawing Posterior Samples:  98%|█████████▊| 1477/1508 [00:49<00:01, 30.62step/s]
[Origin 7/13] 🎲 Drawing Posterior Samples:  98%|█████████▊| 1481/1508 [00:49<00:01, 26.69step/s]
[Origin 7/13] 🎲 Drawing Posterior Samples:  98%|█████████▊| 1484/1508 [00:49<00:00, 26.19step/s]
[Origin 7/13] 🎲 Drawing Posterior Samples:  99%|█████████▊| 1487/1508 [00:50<00:00, 25.04step/s]
[Origin 7/13] 🎲 Drawing Posterior Samples:  99%|█████████▉| 1490/1508 [00:50<00:00, 24.72step/s]
[Origin 7/13] 🎲 Drawing Posterior Samples:  99%|█████████▉| 1493/1508 [00:50<00:00, 23.74step/s]
[Origin 7/13] 🎲 Drawing Posterior Samples:  99%|█████████▉| 1496/1508 [00:50<00:00, 23.01step/s]
[Origin 7/13] 🎲 Drawing Posterior Samples:  99%|█████████▉| 1499/1508 [00:50<00:00, 21.44step/s]
[Origin 7/13] 🎲 Drawing Posterior Samples: 100%|█████████▉| 1502/1508 [00:50<00:00, 21.70step/s]
[Origin 7/13] 🎲 Drawing Posterior Samples: 100%|█████████▉| 1505/1508 [00:50<00:00, 20.81step/s]
[Origin 7/13] 🎲 Drawing Posterior Samples: 100%|██████████| 1508/1508 [00:51<00:00, 20.73step/s]
                                                                                                 

[Origin 8/13] 🎲 Drawing Posterior Samples:   0%|          | 0/1512 [00:00<?, ?step/s]
[Origin 8/13] 🎲 Drawing Posterior Samples:   0%|          | 6/1512 [00:00<00:30, 49.74step/s]
[Origin 8/13] 🎲 Drawing Posterior Samples:   1%|          | 11/1512 [00:00<00:33, 44.81step/s]
[Origin 8/13] 🎲 Drawing Posterior Samples:   1%|          | 16/1512 [00:00<00:35, 42.73step/s]
[Origin 8/13] 🎲 Drawing Posterior Samples:   1%|▏         | 21/1512 [00:00<00:35, 41.50step/s]
[Origin 8/13] 🎲 Drawing Posterior Samples:   2%|▏         | 26/1512 [00:00<00:35, 41.28step/s]
[Origin 8/13] 🎲 Drawing Posterior Samples:   2%|▏         | 31/1512 [00:00<00:37, 39.37step/s]
[Origin 8/13] 🎲 Drawing Posterior Samples:   2%|▏         | 35/1512 [00:00<00:39, 37.77step/s]
[Origin 8/13] 🎲 Drawing Posterior Samples:   3%|▎         | 40/1512 [00:00<00:37, 39.15step/s]
[Origin 8/13] 🎲 Drawing Posterior Samples:   3%|▎         | 44/1512 [00:01<00:39, 37.34step/s]
[Origin 8/13] 🎲 Drawing Posterior Samples:   3%|▎         | 49/1512 [00:01<00:39, 37.47step/s]
[Origin 8/13] 🎲 Drawing Posterior Samples:   4%|▎         | 53/1512 [00:01<00:39, 36.48step/s]
[Origin 8/13] 🎲 Drawing Posterior Samples:   4%|▍         | 57/1512 [00:01<00:39, 37.18step/s]
[Origin 8/13] 🎲 Drawing Posterior Samples:   4%|▍         | 61/1512 [00:01<00:39, 36.44step/s]
[Origin 8/13] 🎲 Drawing Posterior Samples:   4%|▍         | 65/1512 [00:01<00:40, 35.78step/s]
[Origin 8/13] 🎲 Drawing Posterior Samples:   5%|▍         | 70/1512 [00:01<00:38, 37.65step/s]
[Origin 8/13] 🎲 Drawing Posterior Samples:   5%|▍         | 75/1512 [00:01<00:37, 38.12step/s]
[Origin 8/13] 🎲 Drawing Posterior Samples:   5%|▌         | 80/1512 [00:02<00:36, 39.17step/s]
[Origin 8/13] 🎲 Drawing Posterior Samples:   6%|▌         | 84/1512 [00:02<00:36, 39.13step/s]
[Origin 8/13] 🎲 Drawing Posterior Samples:   6%|▌         | 88/1512 [00:02<00:36, 39.22step/s]
[Origin 8/13] 🎲 Drawing Posterior Samples:   6%|▌         | 93/1512 [00:02<00:36, 38.81step/s]
[Origin 8/13] 🎲 Drawing Posterior Samples:   6%|▋         | 97/1512 [00:02<00:37, 37.29step/s]
[Origin 8/13] 🎲 Drawing Posterior Samples:   7%|▋         | 101/1512 [00:02<00:37, 37.21step/s]
[Origin 8/13] 🎲 Drawing Posterior Samples:   7%|▋         | 106/1512 [00:02<00:36, 38.20step/s]
[Origin 8/13] 🎲 Drawing Posterior Samples:   7%|▋         | 110/1512 [00:02<00:36, 38.37step/s]
[Origin 8/13] 🎲 Drawing Posterior Samples:   8%|▊         | 114/1512 [00:02<00:36, 37.84step/s]
[Origin 8/13] 🎲 Drawing Posterior Samples:   8%|▊         | 118/1512 [00:03<00:38, 35.95step/s]
[Origin 8/13] 🎲 Drawing Posterior Samples:   8%|▊         | 122/1512 [00:03<00:38, 36.21step/s]
[Origin 8/13] 🎲 Drawing Posterior Samples:   8%|▊         | 126/1512 [00:03<00:39, 35.48step/s]
[Origin 8/13] 🎲 Drawing Posterior Samples:   9%|▊         | 130/1512 [00:03<00:39, 35.41step/s]
[Origin 8/13] 🎲 Drawing Posterior Samples:   9%|▉         | 134/1512 [00:03<00:41, 33.60step/s]
[Origin 8/13] 🎲 Drawing Posterior Samples:   9%|▉         | 138/1512 [00:03<00:42, 32.32step/s]
[Origin 8/13] 🎲 Drawing Posterior Samples:   9%|▉         | 142/1512 [00:03<00:41, 33.20step/s]
[Origin 8/13] 🎲 Drawing Posterior Samples:  10%|▉         | 146/1512 [00:03<00:40, 34.08step/s]
[Origin 8/13] 🎲 Drawing Posterior Samples:  10%|▉         | 150/1512 [00:04<00:41, 32.62step/s]
[Origin 8/13] 🎲 Drawing Posterior Samples:  10%|█         | 154/1512 [00:04<00:44, 30.63step/s]
[Origin 8/13] 🎲 Drawing Posterior Samples:  10%|█         | 158/1512 [00:04<00:43, 31.30step/s]
[Origin 8/13] 🎲 Drawing Posterior Samples:  11%|█         | 162/1512 [00:04<00:41, 32.82step/s]
[Origin 8/13] 🎲 Drawing Posterior Samples:  11%|█         | 166/1512 [00:04<00:39, 33.76step/s]
[Origin 8/13] 🎲 Drawing Posterior Samples:  11%|█         | 170/1512 [00:04<00:38, 34.60step/s]
[Origin 8/13] 🎲 Drawing Posterior Samples:  12%|█▏        | 174/1512 [00:04<00:38, 35.10step/s]
[Origin 8/13] 🎲 Drawing Posterior Samples:  12%|█▏        | 178/1512 [00:04<00:38, 34.55step/s]
[Origin 8/13] 🎲 Drawing Posterior Samples:  12%|█▏        | 182/1512 [00:04<00:36, 36.00step/s]
[Origin 8/13] 🎲 Drawing Posterior Samples:  12%|█▏        | 186/1512 [00:05<00:37, 35.80step/s]
[Origin 8/13] 🎲 Drawing Posterior Samples:  13%|█▎        | 190/1512 [00:05<00:37, 35.25step/s]
[Origin 8/13] 🎲 Drawing Posterior Samples:  13%|█▎        | 194/1512 [00:05<00:36, 35.83step/s]
[Origin 8/13] 🎲 Drawing Posterior Samples:  13%|█▎        | 198/1512 [00:05<00:36, 36.20step/s]
[Origin 8/13] 🎲 Drawing Posterior Samples:  13%|█▎        | 202/1512 [00:05<00:35, 36.70step/s]
[Origin 8/13] 🎲 Drawing Posterior Samples:  14%|█▎        | 206/1512 [00:05<00:35, 36.40step/s]
[Origin 8/13] 🎲 Drawing Posterior Samples:  14%|█▍        | 210/1512 [00:05<00:35, 37.19step/s]
[Origin 8/13] 🎲 Drawing Posterior Samples:  14%|█▍        | 214/1512 [00:05<00:35, 36.51step/s]
[Origin 8/13] 🎲 Drawing Posterior Samples:  14%|█▍        | 218/1512 [00:05<00:36, 35.75step/s]
[Origin 8/13] 🎲 Drawing Posterior Samples:  15%|█▍        | 222/1512 [00:06<00:37, 33.97step/s]
[Origin 8/13] 🎲 Drawing Posterior Samples:  15%|█▍        | 226/1512 [00:06<00:36, 35.21step/s]
[Origin 8/13] 🎲 Drawing Posterior Samples:  15%|█▌        | 230/1512 [00:06<00:36, 35.04step/s]
[Origin 8/13] 🎲 Drawing Posterior Samples:  15%|█▌        | 234/1512 [00:06<00:36, 35.24step/s]
[Origin 8/13] 🎲 Drawing Posterior Samples:  16%|█▌        | 238/1512 [00:06<00:37, 34.26step/s]
[Origin 8/13] 🎲 Drawing Posterior Samples:  16%|█▌        | 242/1512 [00:06<00:36, 34.74step/s]
[Origin 8/13] 🎲 Drawing Posterior Samples:  16%|█▋        | 246/1512 [00:06<00:36, 34.96step/s]
[Origin 8/13] 🎲 Drawing Posterior Samples:  17%|█▋        | 250/1512 [00:06<00:35, 35.30step/s]
[Origin 8/13] 🎲 Drawing Posterior Samples:  17%|█▋        | 254/1512 [00:07<00:35, 35.90step/s]
[Origin 8/13] 🎲 Drawing Posterior Samples:  17%|█▋        | 258/1512 [00:07<00:35, 35.81step/s]
[Origin 8/13] 🎲 Drawing Posterior Samples:  17%|█▋        | 262/1512 [00:07<00:35, 35.50step/s]
[Origin 8/13] 🎲 Drawing Posterior Samples:  18%|█▊        | 266/1512 [00:07<00:34, 35.98step/s]
[Origin 8/13] 🎲 Drawing Posterior Samples:  18%|█▊        | 270/1512 [00:07<00:34, 36.00step/s]
[Origin 8/13] 🎲 Drawing Posterior Samples:  18%|█▊        | 274/1512 [00:07<00:34, 36.00step/s]
[Origin 8/13] 🎲 Drawing Posterior Samples:  18%|█▊        | 278/1512 [00:07<00:33, 36.47step/s]
[Origin 8/13] 🎲 Drawing Posterior Samples:  19%|█▊        | 282/1512 [00:07<00:33, 36.66step/s]
[Origin 8/13] 🎲 Drawing Posterior Samples:  19%|█▉        | 286/1512 [00:07<00:34, 35.50step/s]
[Origin 8/13] 🎲 Drawing Posterior Samples:  19%|█▉        | 290/1512 [00:08<00:34, 35.19step/s]
[Origin 8/13] 🎲 Drawing Posterior Samples:  19%|█▉        | 294/1512 [00:08<00:34, 34.93step/s]
[Origin 8/13] 🎲 Drawing Posterior Samples:  20%|█▉        | 298/1512 [00:08<00:36, 33.59step/s]
[Origin 8/13] 🎲 Drawing Posterior Samples:  20%|█▉        | 302/1512 [00:08<00:36, 33.44step/s]
[Origin 8/13] 🎲 Drawing Posterior Samples:  20%|██        | 306/1512 [00:08<00:35, 33.77step/s]
[Origin 8/13] 🎲 Drawing Posterior Samples:  21%|██        | 311/1512 [00:08<00:33, 36.30step/s]
[Origin 8/13] 🎲 Drawing Posterior Samples:  21%|██        | 315/1512 [00:08<00:32, 37.15step/s]
[Origin 8/13] 🎲 Drawing Posterior Samples:  21%|██        | 319/1512 [00:08<00:33, 35.41step/s]
[Origin 8/13] 🎲 Drawing Posterior Samples:  21%|██▏       | 323/1512 [00:08<00:33, 35.58step/s]
[Origin 8/13] 🎲 Drawing Posterior Samples:  22%|██▏       | 327/1512 [00:09<00:32, 36.14step/s]
[Origin 8/13] 🎲 Drawing Posterior Samples:  22%|██▏       | 332/1512 [00:09<00:31, 37.82step/s]
[Origin 8/13] 🎲 Drawing Posterior Samples:  22%|██▏       | 337/1512 [00:09<00:30, 38.89step/s]
[Origin 8/13] 🎲 Drawing Posterior Samples:  23%|██▎       | 341/1512 [00:09<00:31, 36.98step/s]
[Origin 8/13] 🎲 Drawing Posterior Samples:  23%|██▎       | 345/1512 [00:09<00:37, 31.51step/s]
[Origin 8/13] 🎲 Drawing Posterior Samples:  23%|██▎       | 349/1512 [00:09<00:42, 27.65step/s]
[Origin 8/13] 🎲 Drawing Posterior Samples:  23%|██▎       | 352/1512 [00:09<00:43, 26.47step/s]
[Origin 8/13] 🎲 Drawing Posterior Samples:  23%|██▎       | 355/1512 [00:10<00:45, 25.61step/s]
[Origin 8/13] 🎲 Drawing Posterior Samples:  24%|██▎       | 358/1512 [00:10<00:49, 23.25step/s]
[Origin 8/13] 🎲 Drawing Posterior Samples:  24%|██▍       | 361/1512 [00:10<00:53, 21.35step/s]
[Origin 8/13] 🎲 Drawing Posterior Samples:  24%|██▍       | 364/1512 [00:10<00:57, 20.07step/s]
[Origin 8/13] 🎲 Drawing Posterior Samples:  24%|██▍       | 367/1512 [00:10<01:00, 18.98step/s]
[Origin 8/13] 🎲 Drawing Posterior Samples:  24%|██▍       | 369/1512 [00:10<00:59, 19.15step/s]
[Origin 8/13] 🎲 Drawing Posterior Samples:  25%|██▍       | 372/1512 [00:10<00:57, 19.86step/s]
[Origin 8/13] 🎲 Drawing Posterior Samples:  25%|██▍       | 375/1512 [00:11<00:56, 20.28step/s]
[Origin 8/13] 🎲 Drawing Posterior Samples:  25%|██▌       | 378/1512 [00:11<00:54, 20.68step/s]
[Origin 8/13] 🎲 Drawing Posterior Samples:  25%|██▌       | 381/1512 [00:14<07:03,  2.67step/s]
[Origin 8/13] 🎲 Drawing Posterior Samples:  26%|██▌       | 386/1512 [00:14<04:16,  4.38step/s]
[Origin 8/13] 🎲 Drawing Posterior Samples:  26%|██▌       | 390/1512 [00:14<03:02,  6.14step/s]
[Origin 8/13] 🎲 Drawing Posterior Samples:  26%|██▌       | 395/1512 [00:14<02:04,  8.97step/s]
[Origin 8/13] 🎲 Drawing Posterior Samples:  26%|██▋       | 399/1512 [00:15<01:36, 11.57step/s]
[Origin 8/13] 🎲 Drawing Posterior Samples:  27%|██▋       | 403/1512 [00:15<01:15, 14.61step/s]
[Origin 8/13] 🎲 Drawing Posterior Samples:  27%|██▋       | 408/1512 [00:15<00:59, 18.68step/s]
[Origin 8/13] 🎲 Drawing Posterior Samples:  27%|██▋       | 412/1512 [00:15<00:50, 21.74step/s]
[Origin 8/13] 🎲 Drawing Posterior Samples:  28%|██▊       | 416/1512 [00:15<00:44, 24.86step/s]
[Origin 8/13] 🎲 Drawing Posterior Samples:  28%|██▊       | 420/1512 [00:15<00:41, 26.18step/s]
[Origin 8/13] 🎲 Drawing Posterior Samples:  28%|██▊       | 424/1512 [00:15<00:37, 29.03step/s]
[Origin 8/13] 🎲 Drawing Posterior Samples:  28%|██▊       | 428/1512 [00:15<00:35, 30.46step/s]
[Origin 8/13] 🎲 Drawing Posterior Samples:  29%|██▊       | 433/1512 [00:15<00:33, 32.61step/s]
[Origin 8/13] 🎲 Drawing Posterior Samples:  29%|██▉       | 437/1512 [00:16<00:31, 34.16step/s]
[Origin 8/13] 🎲 Drawing Posterior Samples:  29%|██▉       | 441/1512 [00:16<00:31, 34.16step/s]
[Origin 8/13] 🎲 Drawing Posterior Samples:  29%|██▉       | 446/1512 [00:16<00:29, 36.14step/s]
[Origin 8/13] 🎲 Drawing Posterior Samples:  30%|██▉       | 450/1512 [00:16<00:29, 36.21step/s]
[Origin 8/13] 🎲 Drawing Posterior Samples:  30%|███       | 454/1512 [00:16<00:28, 36.79step/s]
[Origin 8/13] 🎲 Drawing Posterior Samples:  30%|███       | 458/1512 [00:16<00:28, 37.49step/s]
[Origin 8/13] 🎲 Drawing Posterior Samples:  31%|███       | 462/1512 [00:16<00:27, 37.52step/s]
[Origin 8/13] 🎲 Drawing Posterior Samples:  31%|███       | 466/1512 [00:16<00:27, 37.81step/s]
[Origin 8/13] 🎲 Drawing Posterior Samples:  31%|███       | 470/1512 [00:16<00:27, 37.78step/s]
[Origin 8/13] 🎲 Drawing Posterior Samples:  31%|███▏      | 474/1512 [00:17<00:27, 38.02step/s]
[Origin 8/13] 🎲 Drawing Posterior Samples:  32%|███▏      | 478/1512 [00:17<00:26, 38.31step/s]
[Origin 8/13] 🎲 Drawing Posterior Samples:  32%|███▏      | 482/1512 [00:17<00:28, 36.66step/s]
[Origin 8/13] 🎲 Drawing Posterior Samples:  32%|███▏      | 486/1512 [00:17<00:28, 36.22step/s]
[Origin 8/13] 🎲 Drawing Posterior Samples:  32%|███▏      | 490/1512 [00:17<00:27, 37.15step/s]
[Origin 8/13] 🎲 Drawing Posterior Samples:  33%|███▎      | 494/1512 [00:17<00:26, 37.71step/s]
[Origin 8/13] 🎲 Drawing Posterior Samples:  33%|███▎      | 498/1512 [00:17<00:27, 36.97step/s]
[Origin 8/13] 🎲 Drawing Posterior Samples:  33%|███▎      | 502/1512 [00:17<00:27, 37.16step/s]
[Origin 8/13] 🎲 Drawing Posterior Samples:  33%|███▎      | 506/1512 [00:17<00:27, 37.12step/s]
[Origin 8/13] 🎲 Drawing Posterior Samples:  34%|███▎      | 510/1512 [00:18<00:26, 37.65step/s]
[Origin 8/13] 🎲 Drawing Posterior Samples:  34%|███▍      | 515/1512 [00:18<00:25, 38.76step/s]
[Origin 8/13] 🎲 Drawing Posterior Samples:  34%|███▍      | 519/1512 [00:18<00:25, 38.28step/s]
[Origin 8/13] 🎲 Drawing Posterior Samples:  35%|███▍      | 523/1512 [00:18<00:28, 35.08step/s]
[Origin 8/13] 🎲 Drawing Posterior Samples:  35%|███▍      | 528/1512 [00:18<00:26, 36.53step/s]
[Origin 8/13] 🎲 Drawing Posterior Samples:  35%|███▌      | 533/1512 [00:18<00:25, 37.75step/s]
[Origin 8/13] 🎲 Drawing Posterior Samples:  36%|███▌      | 537/1512 [00:18<00:25, 37.53step/s]
[Origin 8/13] 🎲 Drawing Posterior Samples:  36%|███▌      | 541/1512 [00:18<00:25, 37.53step/s]
[Origin 8/13] 🎲 Drawing Posterior Samples:  36%|███▌      | 545/1512 [00:18<00:25, 38.03step/s]
[Origin 8/13] 🎲 Drawing Posterior Samples:  36%|███▋      | 550/1512 [00:19<00:24, 39.00step/s]
[Origin 8/13] 🎲 Drawing Posterior Samples:  37%|███▋      | 555/1512 [00:19<00:24, 39.18step/s]
[Origin 8/13] 🎲 Drawing Posterior Samples:  37%|███▋      | 559/1512 [00:19<00:24, 38.62step/s]
[Origin 8/13] 🎲 Drawing Posterior Samples:  37%|███▋      | 563/1512 [00:19<00:24, 38.99step/s]
[Origin 8/13] 🎲 Drawing Posterior Samples:  38%|███▊      | 567/1512 [00:19<00:24, 38.29step/s]
[Origin 8/13] 🎲 Drawing Posterior Samples:  38%|███▊      | 572/1512 [00:19<00:23, 39.19step/s]
[Origin 8/13] 🎲 Drawing Posterior Samples:  38%|███▊      | 577/1512 [00:19<00:23, 39.91step/s]
[Origin 8/13] 🎲 Drawing Posterior Samples:  38%|███▊      | 582/1512 [00:19<00:23, 40.07step/s]
[Origin 8/13] 🎲 Drawing Posterior Samples:  39%|███▉      | 587/1512 [00:20<00:23, 39.58step/s]
[Origin 8/13] 🎲 Drawing Posterior Samples:  39%|███▉      | 591/1512 [00:20<00:23, 38.88step/s]
[Origin 8/13] 🎲 Drawing Posterior Samples:  39%|███▉      | 596/1512 [00:20<00:23, 39.31step/s]
[Origin 8/13] 🎲 Drawing Posterior Samples:  40%|███▉      | 601/1512 [00:20<00:23, 38.50step/s]
[Origin 8/13] 🎲 Drawing Posterior Samples:  40%|████      | 605/1512 [00:20<00:24, 36.73step/s]
[Origin 8/13] 🎲 Drawing Posterior Samples:  40%|████      | 610/1512 [00:20<00:23, 37.79step/s]
[Origin 8/13] 🎲 Drawing Posterior Samples:  41%|████      | 614/1512 [00:20<00:25, 34.93step/s]
[Origin 8/13] 🎲 Drawing Posterior Samples:  41%|████      | 618/1512 [00:20<00:24, 35.95step/s]
[Origin 8/13] 🎲 Drawing Posterior Samples:  41%|████      | 622/1512 [00:21<00:25, 35.13step/s]
[Origin 8/13] 🎲 Drawing Posterior Samples:  41%|████▏     | 627/1512 [00:21<00:23, 36.91step/s]
[Origin 8/13] 🎲 Drawing Posterior Samples:  42%|████▏     | 631/1512 [00:21<00:24, 35.30step/s]
[Origin 8/13] 🎲 Drawing Posterior Samples:  42%|████▏     | 636/1512 [00:21<00:23, 37.38step/s]
[Origin 8/13] 🎲 Drawing Posterior Samples:  42%|████▏     | 641/1512 [00:21<00:22, 38.43step/s]
[Origin 8/13] 🎲 Drawing Posterior Samples:  43%|████▎     | 645/1512 [00:21<00:23, 36.98step/s]
[Origin 8/13] 🎲 Drawing Posterior Samples:  43%|████▎     | 650/1512 [00:21<00:22, 38.30step/s]
[Origin 8/13] 🎲 Drawing Posterior Samples:  43%|████▎     | 654/1512 [00:21<00:22, 38.06step/s]
[Origin 8/13] 🎲 Drawing Posterior Samples:  44%|████▎     | 658/1512 [00:21<00:22, 37.28step/s]
[Origin 8/13] 🎲 Drawing Posterior Samples:  44%|████▍     | 662/1512 [00:22<00:22, 37.76step/s]
[Origin 8/13] 🎲 Drawing Posterior Samples:  44%|████▍     | 666/1512 [00:22<00:22, 38.35step/s]
[Origin 8/13] 🎲 Drawing Posterior Samples:  44%|████▍     | 670/1512 [00:22<00:21, 38.75step/s]
[Origin 8/13] 🎲 Drawing Posterior Samples:  45%|████▍     | 675/1512 [00:22<00:21, 39.02step/s]
[Origin 8/13] 🎲 Drawing Posterior Samples:  45%|████▍     | 679/1512 [00:22<00:21, 38.71step/s]
[Origin 8/13] 🎲 Drawing Posterior Samples:  45%|████▌     | 684/1512 [00:22<00:20, 39.74step/s]
[Origin 8/13] 🎲 Drawing Posterior Samples:  46%|████▌     | 689/1512 [00:22<00:20, 39.81step/s]
[Origin 8/13] 🎲 Drawing Posterior Samples:  46%|████▌     | 693/1512 [00:22<00:20, 39.27step/s]
[Origin 8/13] 🎲 Drawing Posterior Samples:  46%|████▌     | 698/1512 [00:22<00:20, 39.36step/s]
[Origin 8/13] 🎲 Drawing Posterior Samples:  46%|████▋     | 702/1512 [00:23<00:20, 39.33step/s]
[Origin 8/13] 🎲 Drawing Posterior Samples:  47%|████▋     | 706/1512 [00:23<00:20, 38.40step/s]
[Origin 8/13] 🎲 Drawing Posterior Samples:  47%|████▋     | 710/1512 [00:23<00:20, 38.61step/s]
[Origin 8/13] 🎲 Drawing Posterior Samples:  47%|████▋     | 714/1512 [00:23<00:21, 37.46step/s]
[Origin 8/13] 🎲 Drawing Posterior Samples:  47%|████▋     | 718/1512 [00:23<00:21, 37.76step/s]
[Origin 8/13] 🎲 Drawing Posterior Samples:  48%|████▊     | 722/1512 [00:23<00:25, 31.28step/s]
[Origin 8/13] 🎲 Drawing Posterior Samples:  48%|████▊     | 726/1512 [00:23<00:29, 26.62step/s]
[Origin 8/13] 🎲 Drawing Posterior Samples:  48%|████▊     | 729/1512 [00:24<00:32, 24.06step/s]
[Origin 8/13] 🎲 Drawing Posterior Samples:  48%|████▊     | 732/1512 [00:24<00:42, 18.35step/s]
[Origin 8/13] 🎲 Drawing Posterior Samples:  49%|████▊     | 735/1512 [00:24<00:40, 18.99step/s]
[Origin 8/13] 🎲 Drawing Posterior Samples:  49%|████▉     | 738/1512 [00:24<00:39, 19.73step/s]
[Origin 8/13] 🎲 Drawing Posterior Samples:  49%|████▉     | 741/1512 [00:24<00:38, 20.08step/s]
[Origin 8/13] 🎲 Drawing Posterior Samples:  49%|████▉     | 744/1512 [00:24<00:38, 20.15step/s]
[Origin 8/13] 🎲 Drawing Posterior Samples:  49%|████▉     | 747/1512 [00:25<00:38, 19.80step/s]
[Origin 8/13] 🎲 Drawing Posterior Samples:  50%|████▉     | 750/1512 [00:25<00:37, 20.39step/s]
[Origin 8/13] 🎲 Drawing Posterior Samples:  50%|████▉     | 753/1512 [00:25<00:36, 20.72step/s]
[Origin 8/13] 🎲 Drawing Posterior Samples:  50%|█████     | 756/1512 [00:25<00:40, 18.73step/s]
[Origin 8/13] 🎲 Drawing Posterior Samples:  50%|█████     | 758/1512 [00:29<05:21,  2.34step/s]
[Origin 8/13] 🎲 Drawing Posterior Samples:  50%|█████     | 763/1512 [00:29<03:06,  4.02step/s]
[Origin 8/13] 🎲 Drawing Posterior Samples:  51%|█████     | 767/1512 [00:29<02:09,  5.75step/s]
[Origin 8/13] 🎲 Drawing Posterior Samples:  51%|█████     | 772/1512 [00:29<01:27,  8.45step/s]
[Origin 8/13] 🎲 Drawing Posterior Samples:  51%|█████▏    | 777/1512 [00:29<01:02, 11.70step/s]
[Origin 8/13] 🎲 Drawing Posterior Samples:  52%|█████▏    | 782/1512 [00:29<00:47, 15.37step/s]
[Origin 8/13] 🎲 Drawing Posterior Samples:  52%|█████▏    | 786/1512 [00:29<00:39, 18.43step/s]
[Origin 8/13] 🎲 Drawing Posterior Samples:  52%|█████▏    | 790/1512 [00:29<00:33, 21.62step/s]
[Origin 8/13] 🎲 Drawing Posterior Samples:  53%|█████▎    | 795/1512 [00:29<00:27, 25.79step/s]
[Origin 8/13] 🎲 Drawing Posterior Samples:  53%|█████▎    | 800/1512 [00:30<00:24, 29.45step/s]
[Origin 8/13] 🎲 Drawing Posterior Samples:  53%|█████▎    | 804/1512 [00:30<00:22, 31.65step/s]
[Origin 8/13] 🎲 Drawing Posterior Samples:  53%|█████▎    | 808/1512 [00:30<00:21, 32.33step/s]
[Origin 8/13] 🎲 Drawing Posterior Samples:  54%|█████▎    | 812/1512 [00:30<00:20, 33.72step/s]
[Origin 8/13] 🎲 Drawing Posterior Samples:  54%|█████▍    | 816/1512 [00:30<00:20, 34.14step/s]
[Origin 8/13] 🎲 Drawing Posterior Samples:  54%|█████▍    | 820/1512 [00:30<00:21, 32.93step/s]
[Origin 8/13] 🎲 Drawing Posterior Samples:  54%|█████▍    | 824/1512 [00:30<00:20, 33.57step/s]
[Origin 8/13] 🎲 Drawing Posterior Samples:  55%|█████▍    | 828/1512 [00:30<00:20, 34.03step/s]
[Origin 8/13] 🎲 Drawing Posterior Samples:  55%|█████▌    | 832/1512 [00:30<00:20, 33.95step/s]
[Origin 8/13] 🎲 Drawing Posterior Samples:  55%|█████▌    | 836/1512 [00:31<00:19, 33.87step/s]
[Origin 8/13] 🎲 Drawing Posterior Samples:  56%|█████▌    | 840/1512 [00:31<00:19, 34.58step/s]
[Origin 8/13] 🎲 Drawing Posterior Samples:  56%|█████▌    | 844/1512 [00:31<00:18, 35.19step/s]
[Origin 8/13] 🎲 Drawing Posterior Samples:  56%|█████▌    | 848/1512 [00:31<00:18, 35.00step/s]
[Origin 8/13] 🎲 Drawing Posterior Samples:  56%|█████▋    | 852/1512 [00:31<00:18, 35.90step/s]
[Origin 8/13] 🎲 Drawing Posterior Samples:  57%|█████▋    | 856/1512 [00:31<00:18, 35.34step/s]
[Origin 8/13] 🎲 Drawing Posterior Samples:  57%|█████▋    | 860/1512 [00:31<00:18, 35.16step/s]
[Origin 8/13] 🎲 Drawing Posterior Samples:  57%|█████▋    | 864/1512 [00:31<00:18, 34.60step/s]
[Origin 8/13] 🎲 Drawing Posterior Samples:  57%|█████▋    | 868/1512 [00:31<00:18, 34.21step/s]
[Origin 8/13] 🎲 Drawing Posterior Samples:  58%|█████▊    | 872/1512 [00:32<00:18, 34.42step/s]
[Origin 8/13] 🎲 Drawing Posterior Samples:  58%|█████▊    | 876/1512 [00:32<00:18, 34.22step/s]
[Origin 8/13] 🎲 Drawing Posterior Samples:  58%|█████▊    | 880/1512 [00:32<00:18, 33.79step/s]
[Origin 8/13] 🎲 Drawing Posterior Samples:  58%|█████▊    | 884/1512 [00:32<00:18, 34.43step/s]
[Origin 8/13] 🎲 Drawing Posterior Samples:  59%|█████▊    | 888/1512 [00:32<00:17, 34.81step/s]
[Origin 8/13] 🎲 Drawing Posterior Samples:  59%|█████▉    | 892/1512 [00:32<00:17, 35.58step/s]
[Origin 8/13] 🎲 Drawing Posterior Samples:  59%|█████▉    | 896/1512 [00:32<00:17, 36.20step/s]
[Origin 8/13] 🎲 Drawing Posterior Samples:  60%|█████▉    | 900/1512 [00:32<00:16, 36.10step/s]
[Origin 8/13] 🎲 Drawing Posterior Samples:  60%|█████▉    | 904/1512 [00:33<00:16, 36.00step/s]
[Origin 8/13] 🎲 Drawing Posterior Samples:  60%|██████    | 908/1512 [00:33<00:17, 35.19step/s]
[Origin 8/13] 🎲 Drawing Posterior Samples:  60%|██████    | 912/1512 [00:33<00:16, 35.39step/s]
[Origin 8/13] 🎲 Drawing Posterior Samples:  61%|██████    | 916/1512 [00:33<00:17, 33.42step/s]
[Origin 8/13] 🎲 Drawing Posterior Samples:  61%|██████    | 920/1512 [00:33<00:17, 33.42step/s]
[Origin 8/13] 🎲 Drawing Posterior Samples:  61%|██████    | 924/1512 [00:33<00:18, 32.52step/s]
[Origin 8/13] 🎲 Drawing Posterior Samples:  61%|██████▏   | 928/1512 [00:33<00:17, 33.07step/s]
[Origin 8/13] 🎲 Drawing Posterior Samples:  62%|██████▏   | 932/1512 [00:33<00:17, 32.50step/s]
[Origin 8/13] 🎲 Drawing Posterior Samples:  62%|██████▏   | 936/1512 [00:33<00:17, 32.33step/s]
[Origin 8/13] 🎲 Drawing Posterior Samples:  62%|██████▏   | 940/1512 [00:34<00:17, 33.51step/s]
[Origin 8/13] 🎲 Drawing Posterior Samples:  62%|██████▏   | 944/1512 [00:34<00:16, 34.84step/s]
[Origin 8/13] 🎲 Drawing Posterior Samples:  63%|██████▎   | 948/1512 [00:34<00:16, 34.64step/s]
[Origin 8/13] 🎲 Drawing Posterior Samples:  63%|██████▎   | 952/1512 [00:34<00:16, 33.73step/s]
[Origin 8/13] 🎲 Drawing Posterior Samples:  63%|██████▎   | 956/1512 [00:34<00:15, 34.87step/s]
[Origin 8/13] 🎲 Drawing Posterior Samples:  63%|██████▎   | 960/1512 [00:34<00:15, 35.36step/s]
[Origin 8/13] 🎲 Drawing Posterior Samples:  64%|██████▍   | 964/1512 [00:34<00:15, 36.00step/s]
[Origin 8/13] 🎲 Drawing Posterior Samples:  64%|██████▍   | 969/1512 [00:34<00:14, 36.85step/s]
[Origin 8/13] 🎲 Drawing Posterior Samples:  64%|██████▍   | 973/1512 [00:35<00:14, 36.10step/s]
[Origin 8/13] 🎲 Drawing Posterior Samples:  65%|██████▍   | 977/1512 [00:35<00:14, 35.78step/s]
[Origin 8/13] 🎲 Drawing Posterior Samples:  65%|██████▍   | 981/1512 [00:35<00:14, 36.22step/s]
[Origin 8/13] 🎲 Drawing Posterior Samples:  65%|██████▌   | 985/1512 [00:35<00:14, 35.79step/s]
[Origin 8/13] 🎲 Drawing Posterior Samples:  65%|██████▌   | 989/1512 [00:35<00:14, 35.41step/s]
[Origin 8/13] 🎲 Drawing Posterior Samples:  66%|██████▌   | 993/1512 [00:35<00:14, 35.55step/s]
[Origin 8/13] 🎲 Drawing Posterior Samples:  66%|██████▌   | 997/1512 [00:35<00:14, 34.69step/s]
[Origin 8/13] 🎲 Drawing Posterior Samples:  66%|██████▌   | 1001/1512 [00:35<00:15, 33.31step/s]
[Origin 8/13] 🎲 Drawing Posterior Samples:  66%|██████▋   | 1005/1512 [00:35<00:15, 33.05step/s]
[Origin 8/13] 🎲 Drawing Posterior Samples:  67%|██████▋   | 1009/1512 [00:36<00:15, 33.12step/s]
[Origin 8/13] 🎲 Drawing Posterior Samples:  67%|██████▋   | 1013/1512 [00:36<00:14, 33.75step/s]
[Origin 8/13] 🎲 Drawing Posterior Samples:  67%|██████▋   | 1017/1512 [00:36<00:14, 33.64step/s]
[Origin 8/13] 🎲 Drawing Posterior Samples:  68%|██████▊   | 1021/1512 [00:36<00:14, 33.05step/s]
[Origin 8/13] 🎲 Drawing Posterior Samples:  68%|██████▊   | 1025/1512 [00:36<00:15, 32.09step/s]
[Origin 8/13] 🎲 Drawing Posterior Samples:  68%|██████▊   | 1029/1512 [00:36<00:14, 32.35step/s]
[Origin 8/13] 🎲 Drawing Posterior Samples:  68%|██████▊   | 1033/1512 [00:36<00:15, 31.15step/s]
[Origin 8/13] 🎲 Drawing Posterior Samples:  69%|██████▊   | 1037/1512 [00:36<00:15, 31.24step/s]
[Origin 8/13] 🎲 Drawing Posterior Samples:  69%|██████▉   | 1041/1512 [00:37<00:15, 31.11step/s]
[Origin 8/13] 🎲 Drawing Posterior Samples:  69%|██████▉   | 1045/1512 [00:37<00:14, 31.39step/s]
[Origin 8/13] 🎲 Drawing Posterior Samples:  69%|██████▉   | 1049/1512 [00:37<00:14, 31.40step/s]
[Origin 8/13] 🎲 Drawing Posterior Samples:  70%|██████▉   | 1053/1512 [00:37<00:14, 31.42step/s]
[Origin 8/13] 🎲 Drawing Posterior Samples:  70%|██████▉   | 1057/1512 [00:37<00:14, 31.87step/s]
[Origin 8/13] 🎲 Drawing Posterior Samples:  70%|███████   | 1061/1512 [00:37<00:13, 32.50step/s]
[Origin 8/13] 🎲 Drawing Posterior Samples:  70%|███████   | 1065/1512 [00:37<00:14, 31.60step/s]
[Origin 8/13] 🎲 Drawing Posterior Samples:  71%|███████   | 1069/1512 [00:37<00:13, 33.13step/s]
[Origin 8/13] 🎲 Drawing Posterior Samples:  71%|███████   | 1073/1512 [00:38<00:13, 32.81step/s]
[Origin 8/13] 🎲 Drawing Posterior Samples:  71%|███████   | 1077/1512 [00:38<00:13, 32.29step/s]
[Origin 8/13] 🎲 Drawing Posterior Samples:  71%|███████▏  | 1081/1512 [00:38<00:13, 32.48step/s]
[Origin 8/13] 🎲 Drawing Posterior Samples:  72%|███████▏  | 1085/1512 [00:38<00:12, 33.12step/s]
[Origin 8/13] 🎲 Drawing Posterior Samples:  72%|███████▏  | 1089/1512 [00:38<00:12, 33.84step/s]
[Origin 8/13] 🎲 Drawing Posterior Samples:  72%|███████▏  | 1093/1512 [00:38<00:11, 35.09step/s]
[Origin 8/13] 🎲 Drawing Posterior Samples:  73%|███████▎  | 1097/1512 [00:38<00:11, 35.98step/s]
[Origin 8/13] 🎲 Drawing Posterior Samples:  73%|███████▎  | 1101/1512 [00:38<00:14, 27.86step/s]
[Origin 8/13] 🎲 Drawing Posterior Samples:  73%|███████▎  | 1105/1512 [00:39<00:15, 26.52step/s]
[Origin 8/13] 🎲 Drawing Posterior Samples:  73%|███████▎  | 1108/1512 [00:39<00:14, 27.19step/s]
[Origin 8/13] 🎲 Drawing Posterior Samples:  73%|███████▎  | 1111/1512 [00:39<00:14, 27.22step/s]
[Origin 8/13] 🎲 Drawing Posterior Samples:  74%|███████▎  | 1114/1512 [00:39<00:15, 26.35step/s]
[Origin 8/13] 🎲 Drawing Posterior Samples:  74%|███████▍  | 1117/1512 [00:39<00:14, 26.93step/s]
[Origin 8/13] 🎲 Drawing Posterior Samples:  74%|███████▍  | 1120/1512 [00:39<00:14, 27.49step/s]
[Origin 8/13] 🎲 Drawing Posterior Samples:  74%|███████▍  | 1123/1512 [00:39<00:14, 27.23step/s]
[Origin 8/13] 🎲 Drawing Posterior Samples:  74%|███████▍  | 1126/1512 [00:39<00:15, 24.43step/s]
[Origin 8/13] 🎲 Drawing Posterior Samples:  75%|███████▍  | 1129/1512 [00:40<00:18, 20.39step/s]
[Origin 8/13] 🎲 Drawing Posterior Samples:  75%|███████▍  | 1132/1512 [00:40<00:19, 19.45step/s]
[Origin 8/13] 🎲 Drawing Posterior Samples:  75%|███████▌  | 1135/1512 [00:43<02:15,  2.78step/s]
[Origin 8/13] 🎲 Drawing Posterior Samples:  75%|███████▌  | 1140/1512 [00:43<01:22,  4.51step/s]
[Origin 8/13] 🎲 Drawing Posterior Samples:  76%|███████▌  | 1143/1512 [00:43<01:03,  5.79step/s]
[Origin 8/13] 🎲 Drawing Posterior Samples:  76%|███████▌  | 1146/1512 [00:43<00:49,  7.38step/s]
[Origin 8/13] 🎲 Drawing Posterior Samples:  76%|███████▌  | 1150/1512 [00:44<00:35, 10.12step/s]
[Origin 8/13] 🎲 Drawing Posterior Samples:  76%|███████▋  | 1154/1512 [00:44<00:26, 13.29step/s]
[Origin 8/13] 🎲 Drawing Posterior Samples:  77%|███████▋  | 1158/1512 [00:44<00:21, 16.69step/s]
[Origin 8/13] 🎲 Drawing Posterior Samples:  77%|███████▋  | 1162/1512 [00:44<00:17, 20.26step/s]
[Origin 8/13] 🎲 Drawing Posterior Samples:  77%|███████▋  | 1166/1512 [00:44<00:14, 23.60step/s]
[Origin 8/13] 🎲 Drawing Posterior Samples:  77%|███████▋  | 1170/1512 [00:44<00:13, 26.29step/s]
[Origin 8/13] 🎲 Drawing Posterior Samples:  78%|███████▊  | 1174/1512 [00:44<00:11, 28.70step/s]
[Origin 8/13] 🎲 Drawing Posterior Samples:  78%|███████▊  | 1178/1512 [00:44<00:11, 28.76step/s]
[Origin 8/13] 🎲 Drawing Posterior Samples:  78%|███████▊  | 1182/1512 [00:44<00:11, 29.69step/s]
[Origin 8/13] 🎲 Drawing Posterior Samples:  78%|███████▊  | 1186/1512 [00:45<00:11, 29.29step/s]
[Origin 8/13] 🎲 Drawing Posterior Samples:  79%|███████▊  | 1190/1512 [00:45<00:10, 31.27step/s]
[Origin 8/13] 🎲 Drawing Posterior Samples:  79%|███████▉  | 1194/1512 [00:45<00:09, 32.25step/s]
[Origin 8/13] 🎲 Drawing Posterior Samples:  79%|███████▉  | 1198/1512 [00:45<00:09, 33.71step/s]
[Origin 8/13] 🎲 Drawing Posterior Samples:  79%|███████▉  | 1202/1512 [00:45<00:08, 35.03step/s]
[Origin 8/13] 🎲 Drawing Posterior Samples:  80%|███████▉  | 1206/1512 [00:45<00:08, 34.48step/s]
[Origin 8/13] 🎲 Drawing Posterior Samples:  80%|████████  | 1210/1512 [00:45<00:09, 33.50step/s]
[Origin 8/13] 🎲 Drawing Posterior Samples:  80%|████████  | 1214/1512 [00:45<00:08, 34.54step/s]
[Origin 8/13] 🎲 Drawing Posterior Samples:  81%|████████  | 1218/1512 [00:46<00:08, 33.60step/s]
[Origin 8/13] 🎲 Drawing Posterior Samples:  81%|████████  | 1222/1512 [00:46<00:08, 33.68step/s]
[Origin 8/13] 🎲 Drawing Posterior Samples:  81%|████████  | 1226/1512 [00:46<00:08, 34.21step/s]
[Origin 8/13] 🎲 Drawing Posterior Samples:  81%|████████▏ | 1230/1512 [00:46<00:08, 34.56step/s]
[Origin 8/13] 🎲 Drawing Posterior Samples:  82%|████████▏ | 1234/1512 [00:46<00:08, 33.02step/s]
[Origin 8/13] 🎲 Drawing Posterior Samples:  82%|████████▏ | 1238/1512 [00:46<00:08, 32.78step/s]
[Origin 8/13] 🎲 Drawing Posterior Samples:  82%|████████▏ | 1242/1512 [00:46<00:07, 34.04step/s]
[Origin 8/13] 🎲 Drawing Posterior Samples:  82%|████████▏ | 1246/1512 [00:46<00:07, 34.54step/s]
[Origin 8/13] 🎲 Drawing Posterior Samples:  83%|████████▎ | 1250/1512 [00:46<00:07, 35.08step/s]
[Origin 8/13] 🎲 Drawing Posterior Samples:  83%|████████▎ | 1254/1512 [00:47<00:07, 35.93step/s]
[Origin 8/13] 🎲 Drawing Posterior Samples:  83%|████████▎ | 1258/1512 [00:47<00:07, 35.32step/s]
[Origin 8/13] 🎲 Drawing Posterior Samples:  83%|████████▎ | 1262/1512 [00:47<00:07, 35.70step/s]
[Origin 8/13] 🎲 Drawing Posterior Samples:  84%|████████▎ | 1266/1512 [00:47<00:06, 35.75step/s]
[Origin 8/13] 🎲 Drawing Posterior Samples:  84%|████████▍ | 1270/1512 [00:47<00:06, 35.61step/s]
[Origin 8/13] 🎲 Drawing Posterior Samples:  84%|████████▍ | 1274/1512 [00:47<00:06, 36.02step/s]
[Origin 8/13] 🎲 Drawing Posterior Samples:  85%|████████▍ | 1278/1512 [00:47<00:06, 36.07step/s]
[Origin 8/13] 🎲 Drawing Posterior Samples:  85%|████████▍ | 1282/1512 [00:47<00:06, 34.11step/s]
[Origin 8/13] 🎲 Drawing Posterior Samples:  85%|████████▌ | 1286/1512 [00:47<00:06, 34.30step/s]
[Origin 8/13] 🎲 Drawing Posterior Samples:  85%|████████▌ | 1290/1512 [00:48<00:06, 33.57step/s]
[Origin 8/13] 🎲 Drawing Posterior Samples:  86%|████████▌ | 1294/1512 [00:48<00:06, 33.21step/s]
[Origin 8/13] 🎲 Drawing Posterior Samples:  86%|████████▌ | 1298/1512 [00:48<00:06, 34.28step/s]
[Origin 8/13] 🎲 Drawing Posterior Samples:  86%|████████▌ | 1302/1512 [00:48<00:05, 35.12step/s]
[Origin 8/13] 🎲 Drawing Posterior Samples:  86%|████████▋ | 1306/1512 [00:48<00:05, 36.37step/s]
[Origin 8/13] 🎲 Drawing Posterior Samples:  87%|████████▋ | 1310/1512 [00:48<00:05, 36.75step/s]
[Origin 8/13] 🎲 Drawing Posterior Samples:  87%|████████▋ | 1314/1512 [00:48<00:05, 37.04step/s]
[Origin 8/13] 🎲 Drawing Posterior Samples:  87%|████████▋ | 1318/1512 [00:48<00:05, 37.53step/s]
[Origin 8/13] 🎲 Drawing Posterior Samples:  88%|████████▊ | 1323/1512 [00:48<00:04, 38.77step/s]
[Origin 8/13] 🎲 Drawing Posterior Samples:  88%|████████▊ | 1327/1512 [00:49<00:05, 36.72step/s]
[Origin 8/13] 🎲 Drawing Posterior Samples:  88%|████████▊ | 1331/1512 [00:49<00:05, 35.56step/s]
[Origin 8/13] 🎲 Drawing Posterior Samples:  88%|████████▊ | 1335/1512 [00:49<00:05, 35.35step/s]
[Origin 8/13] 🎲 Drawing Posterior Samples:  89%|████████▊ | 1339/1512 [00:49<00:04, 36.15step/s]
[Origin 8/13] 🎲 Drawing Posterior Samples:  89%|████████▉ | 1343/1512 [00:49<00:04, 37.17step/s]
[Origin 8/13] 🎲 Drawing Posterior Samples:  89%|████████▉ | 1348/1512 [00:49<00:04, 38.22step/s]
[Origin 8/13] 🎲 Drawing Posterior Samples:  89%|████████▉ | 1352/1512 [00:49<00:04, 37.95step/s]
[Origin 8/13] 🎲 Drawing Posterior Samples:  90%|████████▉ | 1357/1512 [00:49<00:03, 39.21step/s]
[Origin 8/13] 🎲 Drawing Posterior Samples:  90%|█████████ | 1362/1512 [00:50<00:03, 39.67step/s]
[Origin 8/13] 🎲 Drawing Posterior Samples:  90%|█████████ | 1366/1512 [00:50<00:03, 39.49step/s]
[Origin 8/13] 🎲 Drawing Posterior Samples:  91%|█████████ | 1370/1512 [00:50<00:03, 38.41step/s]
[Origin 8/13] 🎲 Drawing Posterior Samples:  91%|█████████ | 1375/1512 [00:50<00:03, 39.39step/s]
[Origin 8/13] 🎲 Drawing Posterior Samples:  91%|█████████▏| 1380/1512 [00:50<00:03, 39.36step/s]
[Origin 8/13] 🎲 Drawing Posterior Samples:  92%|█████████▏| 1384/1512 [00:50<00:03, 39.25step/s]
[Origin 8/13] 🎲 Drawing Posterior Samples:  92%|█████████▏| 1388/1512 [00:50<00:03, 39.13step/s]
[Origin 8/13] 🎲 Drawing Posterior Samples:  92%|█████████▏| 1393/1512 [00:50<00:02, 39.82step/s]
[Origin 8/13] 🎲 Drawing Posterior Samples:  92%|█████████▏| 1398/1512 [00:50<00:02, 39.82step/s]
[Origin 8/13] 🎲 Drawing Posterior Samples:  93%|█████████▎| 1402/1512 [00:51<00:02, 39.19step/s]
[Origin 8/13] 🎲 Drawing Posterior Samples:  93%|█████████▎| 1407/1512 [00:51<00:02, 39.53step/s]
[Origin 8/13] 🎲 Drawing Posterior Samples:  93%|█████████▎| 1411/1512 [00:51<00:02, 39.20step/s]
[Origin 8/13] 🎲 Drawing Posterior Samples:  94%|█████████▎| 1415/1512 [00:51<00:02, 39.19step/s]
[Origin 8/13] 🎲 Drawing Posterior Samples:  94%|█████████▍| 1419/1512 [00:51<00:02, 39.25step/s]
[Origin 8/13] 🎲 Drawing Posterior Samples:  94%|█████████▍| 1423/1512 [00:51<00:02, 39.43step/s]
[Origin 8/13] 🎲 Drawing Posterior Samples:  94%|█████████▍| 1427/1512 [00:51<00:02, 38.91step/s]
[Origin 8/13] 🎲 Drawing Posterior Samples:  95%|█████████▍| 1432/1512 [00:51<00:02, 39.52step/s]
[Origin 8/13] 🎲 Drawing Posterior Samples:  95%|█████████▍| 1436/1512 [00:51<00:01, 38.98step/s]
[Origin 8/13] 🎲 Drawing Posterior Samples:  95%|█████████▌| 1441/1512 [00:52<00:01, 39.47step/s]
[Origin 8/13] 🎲 Drawing Posterior Samples:  96%|█████████▌| 1445/1512 [00:52<00:01, 38.85step/s]
[Origin 8/13] 🎲 Drawing Posterior Samples:  96%|█████████▌| 1449/1512 [00:52<00:01, 39.16step/s]
[Origin 8/13] 🎲 Drawing Posterior Samples:  96%|█████████▌| 1453/1512 [00:52<00:01, 38.97step/s]
[Origin 8/13] 🎲 Drawing Posterior Samples:  96%|█████████▋| 1458/1512 [00:52<00:01, 39.21step/s]
[Origin 8/13] 🎲 Drawing Posterior Samples:  97%|█████████▋| 1462/1512 [00:52<00:01, 39.38step/s]
[Origin 8/13] 🎲 Drawing Posterior Samples:  97%|█████████▋| 1466/1512 [00:52<00:01, 39.37step/s]
[Origin 8/13] 🎲 Drawing Posterior Samples:  97%|█████████▋| 1471/1512 [00:52<00:01, 39.62step/s]
[Origin 8/13] 🎲 Drawing Posterior Samples:  98%|█████████▊| 1476/1512 [00:52<00:00, 40.16step/s]
[Origin 8/13] 🎲 Drawing Posterior Samples:  98%|█████████▊| 1481/1512 [00:53<00:01, 28.01step/s]
[Origin 8/13] 🎲 Drawing Posterior Samples:  98%|█████████▊| 1485/1512 [00:53<00:01, 25.88step/s]
[Origin 8/13] 🎲 Drawing Posterior Samples:  98%|█████████▊| 1488/1512 [00:53<00:00, 25.07step/s]
[Origin 8/13] 🎲 Drawing Posterior Samples:  99%|█████████▊| 1491/1512 [00:53<00:00, 24.55step/s]
[Origin 8/13] 🎲 Drawing Posterior Samples:  99%|█████████▉| 1494/1512 [00:53<00:00, 23.90step/s]
[Origin 8/13] 🎲 Drawing Posterior Samples:  99%|█████████▉| 1497/1512 [00:53<00:00, 23.60step/s]
[Origin 8/13] 🎲 Drawing Posterior Samples:  99%|█████████▉| 1500/1512 [00:54<00:00, 23.24step/s]
[Origin 8/13] 🎲 Drawing Posterior Samples:  99%|█████████▉| 1503/1512 [00:54<00:00, 22.62step/s]
[Origin 8/13] 🎲 Drawing Posterior Samples: 100%|█████████▉| 1506/1512 [00:54<00:00, 22.18step/s]
[Origin 8/13] 🎲 Drawing Posterior Samples: 100%|█████████▉| 1509/1512 [00:54<00:00, 22.37step/s]
[Origin 8/13] 🎲 Drawing Posterior Samples: 100%|██████████| 1512/1512 [00:54<00:00, 21.24step/s]
                                                                                                 

[Origin 9/13] 🎲 Drawing Posterior Samples:   0%|          | 0/1516 [00:00<?, ?step/s]
[Origin 9/13] 🎲 Drawing Posterior Samples:   0%|          | 5/1516 [00:00<00:32, 47.09step/s]
[Origin 9/13] 🎲 Drawing Posterior Samples:   1%|          | 10/1516 [00:00<00:34, 43.33step/s]
[Origin 9/13] 🎲 Drawing Posterior Samples:   1%|          | 15/1516 [00:00<00:39, 37.82step/s]
[Origin 9/13] 🎲 Drawing Posterior Samples:   1%|▏         | 20/1516 [00:00<00:38, 39.11step/s]
[Origin 9/13] 🎲 Drawing Posterior Samples:   2%|▏         | 24/1516 [00:00<00:38, 38.38step/s]
[Origin 9/13] 🎲 Drawing Posterior Samples:   2%|▏         | 28/1516 [00:00<00:39, 37.61step/s]
[Origin 9/13] 🎲 Drawing Posterior Samples:   2%|▏         | 33/1516 [00:00<00:38, 38.57step/s]
[Origin 9/13] 🎲 Drawing Posterior Samples:   3%|▎         | 38/1516 [00:00<00:37, 38.98step/s]
[Origin 9/13] 🎲 Drawing Posterior Samples:   3%|▎         | 42/1516 [00:01<00:38, 37.84step/s]
[Origin 9/13] 🎲 Drawing Posterior Samples:   3%|▎         | 47/1516 [00:01<00:37, 39.02step/s]
[Origin 9/13] 🎲 Drawing Posterior Samples:   3%|▎         | 52/1516 [00:01<00:38, 38.33step/s]
[Origin 9/13] 🎲 Drawing Posterior Samples:   4%|▎         | 56/1516 [00:01<00:38, 37.85step/s]
[Origin 9/13] 🎲 Drawing Posterior Samples:   4%|▍         | 60/1516 [00:01<00:38, 37.73step/s]
[Origin 9/13] 🎲 Drawing Posterior Samples:   4%|▍         | 64/1516 [00:01<00:39, 36.74step/s]
[Origin 9/13] 🎲 Drawing Posterior Samples:   4%|▍         | 68/1516 [00:01<00:39, 37.05step/s]
[Origin 9/13] 🎲 Drawing Posterior Samples:   5%|▍         | 72/1516 [00:01<00:38, 37.25step/s]
[Origin 9/13] 🎲 Drawing Posterior Samples:   5%|▌         | 76/1516 [00:01<00:38, 37.40step/s]
[Origin 9/13] 🎲 Drawing Posterior Samples:   5%|▌         | 81/1516 [00:02<00:37, 38.04step/s]
[Origin 9/13] 🎲 Drawing Posterior Samples:   6%|▌         | 86/1516 [00:02<00:36, 39.01step/s]
[Origin 9/13] 🎲 Drawing Posterior Samples:   6%|▌         | 90/1516 [00:02<00:36, 39.04step/s]
[Origin 9/13] 🎲 Drawing Posterior Samples:   6%|▌         | 94/1516 [00:02<00:36, 39.16step/s]
[Origin 9/13] 🎲 Drawing Posterior Samples:   6%|▋         | 98/1516 [00:02<00:37, 38.07step/s]
[Origin 9/13] 🎲 Drawing Posterior Samples:   7%|▋         | 102/1516 [00:02<00:37, 38.16step/s]
[Origin 9/13] 🎲 Drawing Posterior Samples:   7%|▋         | 106/1516 [00:02<00:37, 37.39step/s]
[Origin 9/13] 🎲 Drawing Posterior Samples:   7%|▋         | 110/1516 [00:02<00:37, 37.30step/s]
[Origin 9/13] 🎲 Drawing Posterior Samples:   8%|▊         | 114/1516 [00:02<00:38, 36.32step/s]
[Origin 9/13] 🎲 Drawing Posterior Samples:   8%|▊         | 118/1516 [00:03<00:37, 37.15step/s]
[Origin 9/13] 🎲 Drawing Posterior Samples:   8%|▊         | 122/1516 [00:03<00:39, 35.61step/s]
[Origin 9/13] 🎲 Drawing Posterior Samples:   8%|▊         | 126/1516 [00:03<00:38, 36.05step/s]
[Origin 9/13] 🎲 Drawing Posterior Samples:   9%|▊         | 130/1516 [00:03<00:39, 35.09step/s]
[Origin 9/13] 🎲 Drawing Posterior Samples:   9%|▉         | 134/1516 [00:03<00:40, 34.26step/s]
[Origin 9/13] 🎲 Drawing Posterior Samples:   9%|▉         | 138/1516 [00:03<00:41, 33.48step/s]
[Origin 9/13] 🎲 Drawing Posterior Samples:   9%|▉         | 142/1516 [00:03<00:41, 33.14step/s]
[Origin 9/13] 🎲 Drawing Posterior Samples:  10%|▉         | 146/1516 [00:03<00:42, 32.59step/s]
[Origin 9/13] 🎲 Drawing Posterior Samples:  10%|▉         | 150/1516 [00:04<00:42, 32.17step/s]
[Origin 9/13] 🎲 Drawing Posterior Samples:  10%|█         | 154/1516 [00:04<00:40, 33.61step/s]
[Origin 9/13] 🎲 Drawing Posterior Samples:  10%|█         | 158/1516 [00:04<00:40, 33.51step/s]
[Origin 9/13] 🎲 Drawing Posterior Samples:  11%|█         | 162/1516 [00:04<00:39, 34.64step/s]
[Origin 9/13] 🎲 Drawing Posterior Samples:  11%|█         | 166/1516 [00:04<00:40, 33.51step/s]
[Origin 9/13] 🎲 Drawing Posterior Samples:  11%|█         | 170/1516 [00:04<00:38, 35.14step/s]
[Origin 9/13] 🎲 Drawing Posterior Samples:  11%|█▏        | 174/1516 [00:04<00:38, 35.09step/s]
[Origin 9/13] 🎲 Drawing Posterior Samples:  12%|█▏        | 178/1516 [00:04<00:36, 36.36step/s]
[Origin 9/13] 🎲 Drawing Posterior Samples:  12%|█▏        | 182/1516 [00:04<00:37, 35.83step/s]
[Origin 9/13] 🎲 Drawing Posterior Samples:  12%|█▏        | 186/1516 [00:05<00:40, 33.17step/s]
[Origin 9/13] 🎲 Drawing Posterior Samples:  13%|█▎        | 190/1516 [00:05<00:40, 32.89step/s]
[Origin 9/13] 🎲 Drawing Posterior Samples:  13%|█▎        | 194/1516 [00:05<00:40, 32.69step/s]
[Origin 9/13] 🎲 Drawing Posterior Samples:  13%|█▎        | 198/1516 [00:05<00:41, 31.62step/s]
[Origin 9/13] 🎲 Drawing Posterior Samples:  13%|█▎        | 202/1516 [00:05<00:40, 32.49step/s]
[Origin 9/13] 🎲 Drawing Posterior Samples:  14%|█▎        | 206/1516 [00:05<00:39, 33.33step/s]
[Origin 9/13] 🎲 Drawing Posterior Samples:  14%|█▍        | 210/1516 [00:05<00:37, 34.48step/s]
[Origin 9/13] 🎲 Drawing Posterior Samples:  14%|█▍        | 214/1516 [00:05<00:37, 35.10step/s]
[Origin 9/13] 🎲 Drawing Posterior Samples:  14%|█▍        | 218/1516 [00:06<00:38, 34.00step/s]
[Origin 9/13] 🎲 Drawing Posterior Samples:  15%|█▍        | 222/1516 [00:06<00:38, 33.33step/s]
[Origin 9/13] 🎲 Drawing Posterior Samples:  15%|█▍        | 226/1516 [00:06<00:38, 33.15step/s]
[Origin 9/13] 🎲 Drawing Posterior Samples:  15%|█▌        | 230/1516 [00:06<00:38, 33.67step/s]
[Origin 9/13] 🎲 Drawing Posterior Samples:  15%|█▌        | 234/1516 [00:06<00:38, 33.19step/s]
[Origin 9/13] 🎲 Drawing Posterior Samples:  16%|█▌        | 238/1516 [00:06<00:39, 32.69step/s]
[Origin 9/13] 🎲 Drawing Posterior Samples:  16%|█▌        | 242/1516 [00:06<00:40, 31.68step/s]
[Origin 9/13] 🎲 Drawing Posterior Samples:  16%|█▌        | 246/1516 [00:06<00:38, 33.28step/s]
[Origin 9/13] 🎲 Drawing Posterior Samples:  16%|█▋        | 250/1516 [00:07<00:37, 33.94step/s]
[Origin 9/13] 🎲 Drawing Posterior Samples:  17%|█▋        | 254/1516 [00:07<00:36, 34.39step/s]
[Origin 9/13] 🎲 Drawing Posterior Samples:  17%|█▋        | 258/1516 [00:07<00:37, 33.94step/s]
[Origin 9/13] 🎲 Drawing Posterior Samples:  17%|█▋        | 262/1516 [00:07<00:35, 34.97step/s]
[Origin 9/13] 🎲 Drawing Posterior Samples:  18%|█▊        | 266/1516 [00:07<00:36, 33.84step/s]
[Origin 9/13] 🎲 Drawing Posterior Samples:  18%|█▊        | 270/1516 [00:07<00:36, 34.09step/s]
[Origin 9/13] 🎲 Drawing Posterior Samples:  18%|█▊        | 274/1516 [00:07<00:36, 34.37step/s]
[Origin 9/13] 🎲 Drawing Posterior Samples:  18%|█▊        | 279/1516 [00:07<00:34, 35.66step/s]
[Origin 9/13] 🎲 Drawing Posterior Samples:  19%|█▊        | 284/1516 [00:07<00:32, 37.85step/s]
[Origin 9/13] 🎲 Drawing Posterior Samples:  19%|█▉        | 289/1516 [00:08<00:31, 39.03step/s]
[Origin 9/13] 🎲 Drawing Posterior Samples:  19%|█▉        | 293/1516 [00:08<00:31, 39.08step/s]
[Origin 9/13] 🎲 Drawing Posterior Samples:  20%|█▉        | 297/1516 [00:08<00:31, 38.41step/s]
[Origin 9/13] 🎲 Drawing Posterior Samples:  20%|█▉        | 302/1516 [00:08<00:31, 38.89step/s]
[Origin 9/13] 🎲 Drawing Posterior Samples:  20%|██        | 307/1516 [00:08<00:30, 39.51step/s]
[Origin 9/13] 🎲 Drawing Posterior Samples:  21%|██        | 312/1516 [00:08<00:29, 40.15step/s]
[Origin 9/13] 🎲 Drawing Posterior Samples:  21%|██        | 317/1516 [00:08<00:30, 39.30step/s]
[Origin 9/13] 🎲 Drawing Posterior Samples:  21%|██        | 321/1516 [00:08<00:30, 39.35step/s]
[Origin 9/13] 🎲 Drawing Posterior Samples:  22%|██▏       | 326/1516 [00:09<00:29, 39.83step/s]
[Origin 9/13] 🎲 Drawing Posterior Samples:  22%|██▏       | 331/1516 [00:09<00:30, 39.18step/s]
[Origin 9/13] 🎲 Drawing Posterior Samples:  22%|██▏       | 336/1516 [00:09<00:29, 39.97step/s]
[Origin 9/13] 🎲 Drawing Posterior Samples:  22%|██▏       | 341/1516 [00:09<00:29, 39.60step/s]
[Origin 9/13] 🎲 Drawing Posterior Samples:  23%|██▎       | 345/1516 [00:09<00:33, 35.16step/s]
[Origin 9/13] 🎲 Drawing Posterior Samples:  23%|██▎       | 349/1516 [00:09<00:36, 31.98step/s]
[Origin 9/13] 🎲 Drawing Posterior Samples:  23%|██▎       | 353/1516 [00:09<00:39, 29.40step/s]
[Origin 9/13] 🎲 Drawing Posterior Samples:  24%|██▎       | 357/1516 [00:10<00:42, 27.05step/s]
[Origin 9/13] 🎲 Drawing Posterior Samples:  24%|██▎       | 360/1516 [00:10<00:44, 25.84step/s]
[Origin 9/13] 🎲 Drawing Posterior Samples:  24%|██▍       | 363/1516 [00:10<00:49, 23.23step/s]
[Origin 9/13] 🎲 Drawing Posterior Samples:  24%|██▍       | 366/1516 [00:10<00:54, 21.19step/s]
[Origin 9/13] 🎲 Drawing Posterior Samples:  24%|██▍       | 369/1516 [00:10<00:58, 19.58step/s]
[Origin 9/13] 🎲 Drawing Posterior Samples:  25%|██▍       | 372/1516 [00:10<00:58, 19.72step/s]
[Origin 9/13] 🎲 Drawing Posterior Samples:  25%|██▍       | 375/1516 [00:11<00:57, 19.87step/s]
[Origin 9/13] 🎲 Drawing Posterior Samples:  25%|██▍       | 378/1516 [00:11<00:57, 19.88step/s]
[Origin 9/13] 🎲 Drawing Posterior Samples:  25%|██▌       | 381/1516 [00:14<07:21,  2.57step/s]
[Origin 9/13] 🎲 Drawing Posterior Samples:  25%|██▌       | 384/1516 [00:14<05:21,  3.52step/s]
[Origin 9/13] 🎲 Drawing Posterior Samples:  26%|██▌       | 391/1516 [00:14<02:49,  6.65step/s]
[Origin 9/13] 🎲 Drawing Posterior Samples:  26%|██▌       | 397/1516 [00:15<01:52,  9.93step/s]
[Origin 9/13] 🎲 Drawing Posterior Samples:  27%|██▋       | 403/1516 [00:15<01:19, 14.02step/s]
[Origin 9/13] 🎲 Drawing Posterior Samples:  27%|██▋       | 409/1516 [00:15<00:59, 18.54step/s]
[Origin 9/13] 🎲 Drawing Posterior Samples:  27%|██▋       | 415/1516 [00:15<00:46, 23.65step/s]
[Origin 9/13] 🎲 Drawing Posterior Samples:  28%|██▊       | 421/1516 [00:15<00:42, 25.76step/s]
[Origin 9/13] 🎲 Drawing Posterior Samples:  28%|██▊       | 426/1516 [00:15<00:39, 27.50step/s]
[Origin 9/13] 🎲 Drawing Posterior Samples:  28%|██▊       | 431/1516 [00:15<00:37, 29.18step/s]
[Origin 9/13] 🎲 Drawing Posterior Samples:  29%|██▊       | 435/1516 [00:16<00:34, 31.00step/s]
[Origin 9/13] 🎲 Drawing Posterior Samples:  29%|██▉       | 439/1516 [00:16<00:33, 32.00step/s]
[Origin 9/13] 🎲 Drawing Posterior Samples:  29%|██▉       | 443/1516 [00:16<00:32, 33.44step/s]
[Origin 9/13] 🎲 Drawing Posterior Samples:  29%|██▉       | 447/1516 [00:16<00:31, 33.94step/s]
[Origin 9/13] 🎲 Drawing Posterior Samples:  30%|██▉       | 451/1516 [00:16<00:31, 33.45step/s]
[Origin 9/13] 🎲 Drawing Posterior Samples:  30%|███       | 455/1516 [00:16<00:32, 32.76step/s]
[Origin 9/13] 🎲 Drawing Posterior Samples:  30%|███       | 459/1516 [00:16<00:31, 33.68step/s]
[Origin 9/13] 🎲 Drawing Posterior Samples:  31%|███       | 463/1516 [00:16<00:31, 33.44step/s]
[Origin 9/13] 🎲 Drawing Posterior Samples:  31%|███       | 467/1516 [00:16<00:31, 33.58step/s]
[Origin 9/13] 🎲 Drawing Posterior Samples:  31%|███       | 471/1516 [00:17<00:30, 34.25step/s]
[Origin 9/13] 🎲 Drawing Posterior Samples:  31%|███▏      | 475/1516 [00:17<00:30, 34.34step/s]
[Origin 9/13] 🎲 Drawing Posterior Samples:  32%|███▏      | 479/1516 [00:17<00:29, 34.91step/s]
[Origin 9/13] 🎲 Drawing Posterior Samples:  32%|███▏      | 483/1516 [00:17<00:29, 35.16step/s]
[Origin 9/13] 🎲 Drawing Posterior Samples:  32%|███▏      | 487/1516 [00:17<00:30, 34.16step/s]
[Origin 9/13] 🎲 Drawing Posterior Samples:  32%|███▏      | 491/1516 [00:17<00:29, 35.06step/s]
[Origin 9/13] 🎲 Drawing Posterior Samples:  33%|███▎      | 495/1516 [00:17<00:30, 33.73step/s]
[Origin 9/13] 🎲 Drawing Posterior Samples:  33%|███▎      | 500/1516 [00:17<00:29, 34.85step/s]
[Origin 9/13] 🎲 Drawing Posterior Samples:  33%|███▎      | 504/1516 [00:18<00:29, 33.92step/s]
[Origin 9/13] 🎲 Drawing Posterior Samples:  34%|███▎      | 508/1516 [00:18<00:29, 33.68step/s]
[Origin 9/13] 🎲 Drawing Posterior Samples:  34%|███▍      | 512/1516 [00:18<00:28, 34.85step/s]
[Origin 9/13] 🎲 Drawing Posterior Samples:  34%|███▍      | 517/1516 [00:18<00:27, 36.12step/s]
[Origin 9/13] 🎲 Drawing Posterior Samples:  34%|███▍      | 522/1516 [00:18<00:26, 37.76step/s]
[Origin 9/13] 🎲 Drawing Posterior Samples:  35%|███▍      | 526/1516 [00:18<00:26, 37.25step/s]
[Origin 9/13] 🎲 Drawing Posterior Samples:  35%|███▍      | 530/1516 [00:18<00:25, 37.97step/s]
[Origin 9/13] 🎲 Drawing Posterior Samples:  35%|███▌      | 534/1516 [00:18<00:26, 36.84step/s]
[Origin 9/13] 🎲 Drawing Posterior Samples:  35%|███▌      | 538/1516 [00:18<00:27, 35.88step/s]
[Origin 9/13] 🎲 Drawing Posterior Samples:  36%|███▌      | 542/1516 [00:19<00:26, 36.95step/s]
[Origin 9/13] 🎲 Drawing Posterior Samples:  36%|███▌      | 546/1516 [00:19<00:27, 35.25step/s]
[Origin 9/13] 🎲 Drawing Posterior Samples:  36%|███▋      | 550/1516 [00:19<00:26, 36.04step/s]
[Origin 9/13] 🎲 Drawing Posterior Samples:  37%|███▋      | 555/1516 [00:19<00:25, 37.80step/s]
[Origin 9/13] 🎲 Drawing Posterior Samples:  37%|███▋      | 559/1516 [00:19<00:24, 38.40step/s]
[Origin 9/13] 🎲 Drawing Posterior Samples:  37%|███▋      | 563/1516 [00:19<00:26, 36.65step/s]
[Origin 9/13] 🎲 Drawing Posterior Samples:  37%|███▋      | 567/1516 [00:19<00:26, 35.59step/s]
[Origin 9/13] 🎲 Drawing Posterior Samples:  38%|███▊      | 571/1516 [00:19<00:25, 36.59step/s]
[Origin 9/13] 🎲 Drawing Posterior Samples:  38%|███▊      | 575/1516 [00:19<00:25, 37.07step/s]
[Origin 9/13] 🎲 Drawing Posterior Samples:  38%|███▊      | 580/1516 [00:20<00:24, 38.30step/s]
[Origin 9/13] 🎲 Drawing Posterior Samples:  39%|███▊      | 585/1516 [00:20<00:24, 38.46step/s]
[Origin 9/13] 🎲 Drawing Posterior Samples:  39%|███▉      | 589/1516 [00:20<00:24, 38.01step/s]
[Origin 9/13] 🎲 Drawing Posterior Samples:  39%|███▉      | 594/1516 [00:20<00:23, 38.88step/s]
[Origin 9/13] 🎲 Drawing Posterior Samples:  39%|███▉      | 598/1516 [00:20<00:24, 37.65step/s]
[Origin 9/13] 🎲 Drawing Posterior Samples:  40%|███▉      | 603/1516 [00:20<00:23, 38.98step/s]
[Origin 9/13] 🎲 Drawing Posterior Samples:  40%|████      | 607/1516 [00:20<00:23, 38.03step/s]
[Origin 9/13] 🎲 Drawing Posterior Samples:  40%|████      | 612/1516 [00:20<00:23, 38.39step/s]
[Origin 9/13] 🎲 Drawing Posterior Samples:  41%|████      | 616/1516 [00:21<00:24, 37.38step/s]
[Origin 9/13] 🎲 Drawing Posterior Samples:  41%|████      | 620/1516 [00:21<00:25, 35.80step/s]
[Origin 9/13] 🎲 Drawing Posterior Samples:  41%|████      | 624/1516 [00:21<00:24, 36.64step/s]
[Origin 9/13] 🎲 Drawing Posterior Samples:  41%|████▏     | 629/1516 [00:21<00:23, 38.30step/s]
[Origin 9/13] 🎲 Drawing Posterior Samples:  42%|████▏     | 634/1516 [00:21<00:23, 37.73step/s]
[Origin 9/13] 🎲 Drawing Posterior Samples:  42%|████▏     | 638/1516 [00:21<00:24, 36.22step/s]
[Origin 9/13] 🎲 Drawing Posterior Samples:  42%|████▏     | 642/1516 [00:21<00:24, 35.69step/s]
[Origin 9/13] 🎲 Drawing Posterior Samples:  43%|████▎     | 646/1516 [00:21<00:25, 34.52step/s]
[Origin 9/13] 🎲 Drawing Posterior Samples:  43%|████▎     | 650/1516 [00:21<00:25, 34.11step/s]
[Origin 9/13] 🎲 Drawing Posterior Samples:  43%|████▎     | 654/1516 [00:22<00:24, 35.55step/s]
[Origin 9/13] 🎲 Drawing Posterior Samples:  43%|████▎     | 658/1516 [00:22<00:24, 34.84step/s]
[Origin 9/13] 🎲 Drawing Posterior Samples:  44%|████▎     | 662/1516 [00:22<00:25, 34.03step/s]
[Origin 9/13] 🎲 Drawing Posterior Samples:  44%|████▍     | 666/1516 [00:22<00:25, 33.37step/s]
[Origin 9/13] 🎲 Drawing Posterior Samples:  44%|████▍     | 670/1516 [00:22<00:25, 32.54step/s]
[Origin 9/13] 🎲 Drawing Posterior Samples:  44%|████▍     | 674/1516 [00:22<00:24, 33.94step/s]
[Origin 9/13] 🎲 Drawing Posterior Samples:  45%|████▍     | 678/1516 [00:22<00:23, 35.32step/s]
[Origin 9/13] 🎲 Drawing Posterior Samples:  45%|████▍     | 682/1516 [00:22<00:22, 36.53step/s]
[Origin 9/13] 🎲 Drawing Posterior Samples:  45%|████▌     | 686/1516 [00:23<00:23, 35.10step/s]
[Origin 9/13] 🎲 Drawing Posterior Samples:  46%|████▌     | 690/1516 [00:23<00:24, 34.39step/s]
[Origin 9/13] 🎲 Drawing Posterior Samples:  46%|████▌     | 694/1516 [00:23<00:23, 34.70step/s]
[Origin 9/13] 🎲 Drawing Posterior Samples:  46%|████▌     | 698/1516 [00:23<00:24, 33.46step/s]
[Origin 9/13] 🎲 Drawing Posterior Samples:  46%|████▋     | 702/1516 [00:23<00:23, 34.62step/s]
[Origin 9/13] 🎲 Drawing Posterior Samples:  47%|████▋     | 706/1516 [00:23<00:23, 34.78step/s]
[Origin 9/13] 🎲 Drawing Posterior Samples:  47%|████▋     | 710/1516 [00:23<00:23, 34.74step/s]
[Origin 9/13] 🎲 Drawing Posterior Samples:  47%|████▋     | 715/1516 [00:23<00:22, 36.29step/s]
[Origin 9/13] 🎲 Drawing Posterior Samples:  47%|████▋     | 719/1516 [00:23<00:22, 35.73step/s]
[Origin 9/13] 🎲 Drawing Posterior Samples:  48%|████▊     | 723/1516 [00:24<00:25, 31.14step/s]
[Origin 9/13] 🎲 Drawing Posterior Samples:  48%|████▊     | 727/1516 [00:24<00:27, 28.90step/s]
[Origin 9/13] 🎲 Drawing Posterior Samples:  48%|████▊     | 730/1516 [00:24<00:28, 27.59step/s]
[Origin 9/13] 🎲 Drawing Posterior Samples:  48%|████▊     | 733/1516 [00:24<00:28, 27.01step/s]
[Origin 9/13] 🎲 Drawing Posterior Samples:  49%|████▊     | 736/1516 [00:24<00:29, 26.20step/s]
[Origin 9/13] 🎲 Drawing Posterior Samples:  49%|████▊     | 739/1516 [00:24<00:31, 24.41step/s]
[Origin 9/13] 🎲 Drawing Posterior Samples:  49%|████▉     | 742/1516 [00:24<00:31, 24.51step/s]
[Origin 9/13] 🎲 Drawing Posterior Samples:  49%|████▉     | 745/1516 [00:25<00:31, 24.30step/s]
[Origin 9/13] 🎲 Drawing Posterior Samples:  49%|████▉     | 748/1516 [00:25<00:31, 24.18step/s]
[Origin 9/13] 🎲 Drawing Posterior Samples:  50%|████▉     | 751/1516 [00:25<00:31, 24.40step/s]
[Origin 9/13] 🎲 Drawing Posterior Samples:  50%|████▉     | 754/1516 [00:25<00:32, 23.68step/s]
[Origin 9/13] 🎲 Drawing Posterior Samples:  50%|████▉     | 757/1516 [00:25<00:32, 23.17step/s]
[Origin 9/13] 🎲 Drawing Posterior Samples:  50%|█████     | 760/1516 [00:28<03:29,  3.60step/s]
[Origin 9/13] 🎲 Drawing Posterior Samples:  50%|█████     | 764/1516 [00:28<02:19,  5.37step/s]
[Origin 9/13] 🎲 Drawing Posterior Samples:  51%|█████     | 768/1516 [00:28<01:38,  7.58step/s]
[Origin 9/13] 🎲 Drawing Posterior Samples:  51%|█████     | 772/1516 [00:28<01:13, 10.18step/s]
[Origin 9/13] 🎲 Drawing Posterior Samples:  51%|█████     | 776/1516 [00:28<00:55, 13.29step/s]
[Origin 9/13] 🎲 Drawing Posterior Samples:  51%|█████▏    | 780/1516 [00:28<00:44, 16.52step/s]
[Origin 9/13] 🎲 Drawing Posterior Samples:  52%|█████▏    | 784/1516 [00:28<00:36, 19.83step/s]
[Origin 9/13] 🎲 Drawing Posterior Samples:  52%|█████▏    | 788/1516 [00:28<00:31, 23.38step/s]
[Origin 9/13] 🎲 Drawing Posterior Samples:  52%|█████▏    | 792/1516 [00:28<00:28, 25.85step/s]
[Origin 9/13] 🎲 Drawing Posterior Samples:  53%|█████▎    | 797/1516 [00:29<00:24, 29.62step/s]
[Origin 9/13] 🎲 Drawing Posterior Samples:  53%|█████▎    | 801/1516 [00:29<00:23, 30.38step/s]
[Origin 9/13] 🎲 Drawing Posterior Samples:  53%|█████▎    | 805/1516 [00:29<00:23, 30.69step/s]
[Origin 9/13] 🎲 Drawing Posterior Samples:  53%|█████▎    | 810/1516 [00:29<00:21, 33.59step/s]
[Origin 9/13] 🎲 Drawing Posterior Samples:  54%|█████▎    | 814/1516 [00:29<00:21, 33.03step/s]
[Origin 9/13] 🎲 Drawing Posterior Samples:  54%|█████▍    | 819/1516 [00:29<00:19, 35.81step/s]
[Origin 9/13] 🎲 Drawing Posterior Samples:  54%|█████▍    | 823/1516 [00:29<00:19, 35.41step/s]
[Origin 9/13] 🎲 Drawing Posterior Samples:  55%|█████▍    | 827/1516 [00:29<00:19, 35.16step/s]
[Origin 9/13] 🎲 Drawing Posterior Samples:  55%|█████▍    | 831/1516 [00:30<00:19, 35.57step/s]
[Origin 9/13] 🎲 Drawing Posterior Samples:  55%|█████▌    | 835/1516 [00:30<00:18, 36.23step/s]
[Origin 9/13] 🎲 Drawing Posterior Samples:  55%|█████▌    | 839/1516 [00:30<00:18, 35.97step/s]
[Origin 9/13] 🎲 Drawing Posterior Samples:  56%|█████▌    | 844/1516 [00:30<00:18, 36.01step/s]
[Origin 9/13] 🎲 Drawing Posterior Samples:  56%|█████▌    | 848/1516 [00:30<00:18, 36.36step/s]
[Origin 9/13] 🎲 Drawing Posterior Samples:  56%|█████▌    | 852/1516 [00:30<00:17, 36.99step/s]
[Origin 9/13] 🎲 Drawing Posterior Samples:  56%|█████▋    | 856/1516 [00:30<00:17, 37.79step/s]
[Origin 9/13] 🎲 Drawing Posterior Samples:  57%|█████▋    | 861/1516 [00:30<00:16, 38.86step/s]
[Origin 9/13] 🎲 Drawing Posterior Samples:  57%|█████▋    | 866/1516 [00:30<00:16, 39.51step/s]
[Origin 9/13] 🎲 Drawing Posterior Samples:  57%|█████▋    | 870/1516 [00:31<00:16, 38.85step/s]
[Origin 9/13] 🎲 Drawing Posterior Samples:  58%|█████▊    | 874/1516 [00:31<00:16, 38.18step/s]
[Origin 9/13] 🎲 Drawing Posterior Samples:  58%|█████▊    | 878/1516 [00:31<00:17, 36.49step/s]
[Origin 9/13] 🎲 Drawing Posterior Samples:  58%|█████▊    | 882/1516 [00:31<00:18, 35.20step/s]
[Origin 9/13] 🎲 Drawing Posterior Samples:  58%|█████▊    | 886/1516 [00:31<00:17, 35.40step/s]
[Origin 9/13] 🎲 Drawing Posterior Samples:  59%|█████▊    | 890/1516 [00:31<00:17, 36.12step/s]
[Origin 9/13] 🎲 Drawing Posterior Samples:  59%|█████▉    | 894/1516 [00:31<00:16, 36.76step/s]
[Origin 9/13] 🎲 Drawing Posterior Samples:  59%|█████▉    | 898/1516 [00:31<00:16, 37.41step/s]
[Origin 9/13] 🎲 Drawing Posterior Samples:  59%|█████▉    | 902/1516 [00:31<00:16, 37.72step/s]
[Origin 9/13] 🎲 Drawing Posterior Samples:  60%|█████▉    | 907/1516 [00:32<00:15, 38.42step/s]
[Origin 9/13] 🎲 Drawing Posterior Samples:  60%|██████    | 911/1516 [00:32<00:16, 36.64step/s]
[Origin 9/13] 🎲 Drawing Posterior Samples:  60%|██████    | 915/1516 [00:32<00:16, 37.32step/s]
[Origin 9/13] 🎲 Drawing Posterior Samples:  61%|██████    | 920/1516 [00:32<00:15, 37.99step/s]
[Origin 9/13] 🎲 Drawing Posterior Samples:  61%|██████    | 924/1516 [00:32<00:15, 37.03step/s]
[Origin 9/13] 🎲 Drawing Posterior Samples:  61%|██████▏   | 929/1516 [00:32<00:15, 37.99step/s]
[Origin 9/13] 🎲 Drawing Posterior Samples:  62%|██████▏   | 933/1516 [00:32<00:15, 36.87step/s]
[Origin 9/13] 🎲 Drawing Posterior Samples:  62%|██████▏   | 937/1516 [00:32<00:15, 36.20step/s]
[Origin 9/13] 🎲 Drawing Posterior Samples:  62%|██████▏   | 941/1516 [00:32<00:16, 33.84step/s]
[Origin 9/13] 🎲 Drawing Posterior Samples:  62%|██████▏   | 945/1516 [00:33<00:16, 33.89step/s]
[Origin 9/13] 🎲 Drawing Posterior Samples:  63%|██████▎   | 949/1516 [00:33<00:17, 32.79step/s]
[Origin 9/13] 🎲 Drawing Posterior Samples:  63%|██████▎   | 953/1516 [00:33<00:16, 34.27step/s]
[Origin 9/13] 🎲 Drawing Posterior Samples:  63%|██████▎   | 957/1516 [00:33<00:16, 33.97step/s]
[Origin 9/13] 🎲 Drawing Posterior Samples:  63%|██████▎   | 961/1516 [00:33<00:16, 32.90step/s]
[Origin 9/13] 🎲 Drawing Posterior Samples:  64%|██████▎   | 965/1516 [00:33<00:16, 33.64step/s]
[Origin 9/13] 🎲 Drawing Posterior Samples:  64%|██████▍   | 969/1516 [00:33<00:15, 34.50step/s]
[Origin 9/13] 🎲 Drawing Posterior Samples:  64%|██████▍   | 973/1516 [00:33<00:15, 34.05step/s]
[Origin 9/13] 🎲 Drawing Posterior Samples:  64%|██████▍   | 977/1516 [00:34<00:15, 35.07step/s]
[Origin 9/13] 🎲 Drawing Posterior Samples:  65%|██████▍   | 981/1516 [00:34<00:15, 35.65step/s]
[Origin 9/13] 🎲 Drawing Posterior Samples:  65%|██████▍   | 985/1516 [00:34<00:15, 33.46step/s]
[Origin 9/13] 🎲 Drawing Posterior Samples:  65%|██████▌   | 989/1516 [00:34<00:15, 34.12step/s]
[Origin 9/13] 🎲 Drawing Posterior Samples:  66%|██████▌   | 993/1516 [00:34<00:15, 34.55step/s]
[Origin 9/13] 🎲 Drawing Posterior Samples:  66%|██████▌   | 997/1516 [00:34<00:14, 35.17step/s]
[Origin 9/13] 🎲 Drawing Posterior Samples:  66%|██████▌   | 1001/1516 [00:34<00:14, 34.67step/s]
[Origin 9/13] 🎲 Drawing Posterior Samples:  66%|██████▋   | 1005/1516 [00:34<00:14, 34.75step/s]
[Origin 9/13] 🎲 Drawing Posterior Samples:  67%|██████▋   | 1009/1516 [00:34<00:15, 32.64step/s]
[Origin 9/13] 🎲 Drawing Posterior Samples:  67%|██████▋   | 1013/1516 [00:35<00:16, 31.18step/s]
[Origin 9/13] 🎲 Drawing Posterior Samples:  67%|██████▋   | 1017/1516 [00:35<00:15, 32.56step/s]
[Origin 9/13] 🎲 Drawing Posterior Samples:  67%|██████▋   | 1021/1516 [00:35<00:14, 33.96step/s]
[Origin 9/13] 🎲 Drawing Posterior Samples:  68%|██████▊   | 1025/1516 [00:35<00:14, 33.34step/s]
[Origin 9/13] 🎲 Drawing Posterior Samples:  68%|██████▊   | 1029/1516 [00:35<00:14, 32.99step/s]
[Origin 9/13] 🎲 Drawing Posterior Samples:  68%|██████▊   | 1033/1516 [00:35<00:14, 32.98step/s]
[Origin 9/13] 🎲 Drawing Posterior Samples:  68%|██████▊   | 1037/1516 [00:35<00:14, 32.26step/s]
[Origin 9/13] 🎲 Drawing Posterior Samples:  69%|██████▊   | 1041/1516 [00:35<00:14, 31.96step/s]
[Origin 9/13] 🎲 Drawing Posterior Samples:  69%|██████▉   | 1045/1516 [00:36<00:14, 32.02step/s]
[Origin 9/13] 🎲 Drawing Posterior Samples:  69%|██████▉   | 1049/1516 [00:36<00:14, 32.15step/s]
[Origin 9/13] 🎲 Drawing Posterior Samples:  69%|██████▉   | 1053/1516 [00:36<00:13, 33.19step/s]
[Origin 9/13] 🎲 Drawing Posterior Samples:  70%|██████▉   | 1057/1516 [00:36<00:14, 32.57step/s]
[Origin 9/13] 🎲 Drawing Posterior Samples:  70%|██████▉   | 1061/1516 [00:36<00:14, 32.18step/s]
[Origin 9/13] 🎲 Drawing Posterior Samples:  70%|███████   | 1065/1516 [00:36<00:14, 31.30step/s]
[Origin 9/13] 🎲 Drawing Posterior Samples:  71%|███████   | 1069/1516 [00:36<00:14, 31.02step/s]
[Origin 9/13] 🎲 Drawing Posterior Samples:  71%|███████   | 1073/1516 [00:36<00:13, 32.62step/s]
[Origin 9/13] 🎲 Drawing Posterior Samples:  71%|███████   | 1077/1516 [00:37<00:13, 32.82step/s]
[Origin 9/13] 🎲 Drawing Posterior Samples:  71%|███████▏  | 1081/1516 [00:37<00:13, 32.70step/s]
[Origin 9/13] 🎲 Drawing Posterior Samples:  72%|███████▏  | 1085/1516 [00:37<00:13, 32.85step/s]
[Origin 9/13] 🎲 Drawing Posterior Samples:  72%|███████▏  | 1089/1516 [00:37<00:13, 32.50step/s]
[Origin 9/13] 🎲 Drawing Posterior Samples:  72%|███████▏  | 1093/1516 [00:37<00:13, 32.07step/s]
[Origin 9/13] 🎲 Drawing Posterior Samples:  72%|███████▏  | 1097/1516 [00:37<00:12, 32.45step/s]
[Origin 9/13] 🎲 Drawing Posterior Samples:  73%|███████▎  | 1101/1516 [00:37<00:13, 31.61step/s]
[Origin 9/13] 🎲 Drawing Posterior Samples:  73%|███████▎  | 1105/1516 [00:38<00:15, 26.59step/s]
[Origin 9/13] 🎲 Drawing Posterior Samples:  73%|███████▎  | 1108/1516 [00:38<00:15, 25.71step/s]
[Origin 9/13] 🎲 Drawing Posterior Samples:  73%|███████▎  | 1111/1516 [00:38<00:15, 26.33step/s]
[Origin 9/13] 🎲 Drawing Posterior Samples:  73%|███████▎  | 1114/1516 [00:38<00:15, 25.48step/s]
[Origin 9/13] 🎲 Drawing Posterior Samples:  74%|███████▎  | 1117/1516 [00:38<00:16, 24.60step/s]
[Origin 9/13] 🎲 Drawing Posterior Samples:  74%|███████▍  | 1120/1516 [00:38<00:16, 23.96step/s]
[Origin 9/13] 🎲 Drawing Posterior Samples:  74%|███████▍  | 1123/1516 [00:38<00:16, 23.77step/s]
[Origin 9/13] 🎲 Drawing Posterior Samples:  74%|███████▍  | 1126/1516 [00:38<00:16, 23.48step/s]
[Origin 9/13] 🎲 Drawing Posterior Samples:  74%|███████▍  | 1129/1516 [00:39<00:16, 22.90step/s]
[Origin 9/13] 🎲 Drawing Posterior Samples:  75%|███████▍  | 1132/1516 [00:39<00:17, 22.40step/s]
[Origin 9/13] 🎲 Drawing Posterior Samples:  75%|███████▍  | 1135/1516 [00:39<00:17, 21.77step/s]
[Origin 9/13] 🎲 Drawing Posterior Samples:  75%|███████▌  | 1138/1516 [00:41<01:40,  3.75step/s]
[Origin 9/13] 🎲 Drawing Posterior Samples:  75%|███████▌  | 1142/1516 [00:41<01:07,  5.58step/s]
[Origin 9/13] 🎲 Drawing Posterior Samples:  76%|███████▌  | 1146/1516 [00:41<00:47,  7.80step/s]
[Origin 9/13] 🎲 Drawing Posterior Samples:  76%|███████▌  | 1150/1516 [00:42<00:35, 10.42step/s]
[Origin 9/13] 🎲 Drawing Posterior Samples:  76%|███████▌  | 1154/1516 [00:42<00:26, 13.43step/s]
[Origin 9/13] 🎲 Drawing Posterior Samples:  76%|███████▋  | 1158/1516 [00:42<00:21, 16.59step/s]
[Origin 9/13] 🎲 Drawing Posterior Samples:  77%|███████▋  | 1162/1516 [00:42<00:18, 19.65step/s]
[Origin 9/13] 🎲 Drawing Posterior Samples:  77%|███████▋  | 1166/1516 [00:42<00:15, 22.77step/s]
[Origin 9/13] 🎲 Drawing Posterior Samples:  77%|███████▋  | 1170/1516 [00:42<00:13, 25.69step/s]
[Origin 9/13] 🎲 Drawing Posterior Samples:  77%|███████▋  | 1174/1516 [00:42<00:12, 28.15step/s]
[Origin 9/13] 🎲 Drawing Posterior Samples:  78%|███████▊  | 1178/1516 [00:42<00:11, 29.66step/s]
[Origin 9/13] 🎲 Drawing Posterior Samples:  78%|███████▊  | 1182/1516 [00:42<00:10, 31.14step/s]
[Origin 9/13] 🎲 Drawing Posterior Samples:  78%|███████▊  | 1186/1516 [00:43<00:10, 32.05step/s]
[Origin 9/13] 🎲 Drawing Posterior Samples:  78%|███████▊  | 1190/1516 [00:43<00:10, 32.12step/s]
[Origin 9/13] 🎲 Drawing Posterior Samples:  79%|███████▉  | 1194/1516 [00:43<00:09, 32.58step/s]
[Origin 9/13] 🎲 Drawing Posterior Samples:  79%|███████▉  | 1198/1516 [00:43<00:09, 33.44step/s]
[Origin 9/13] 🎲 Drawing Posterior Samples:  79%|███████▉  | 1202/1516 [00:43<00:09, 34.06step/s]
[Origin 9/13] 🎲 Drawing Posterior Samples:  80%|███████▉  | 1206/1516 [00:43<00:09, 34.01step/s]
[Origin 9/13] 🎲 Drawing Posterior Samples:  80%|███████▉  | 1210/1516 [00:43<00:08, 34.04step/s]
[Origin 9/13] 🎲 Drawing Posterior Samples:  80%|████████  | 1214/1516 [00:43<00:08, 34.09step/s]
[Origin 9/13] 🎲 Drawing Posterior Samples:  80%|████████  | 1218/1516 [00:44<00:08, 33.97step/s]
[Origin 9/13] 🎲 Drawing Posterior Samples:  81%|████████  | 1222/1516 [00:44<00:08, 33.16step/s]
[Origin 9/13] 🎲 Drawing Posterior Samples:  81%|████████  | 1226/1516 [00:44<00:08, 34.70step/s]
[Origin 9/13] 🎲 Drawing Posterior Samples:  81%|████████  | 1230/1516 [00:44<00:08, 32.07step/s]
[Origin 9/13] 🎲 Drawing Posterior Samples:  81%|████████▏ | 1235/1516 [00:44<00:08, 33.71step/s]
[Origin 9/13] 🎲 Drawing Posterior Samples:  82%|████████▏ | 1239/1516 [00:44<00:08, 34.28step/s]
[Origin 9/13] 🎲 Drawing Posterior Samples:  82%|████████▏ | 1243/1516 [00:44<00:08, 33.77step/s]
[Origin 9/13] 🎲 Drawing Posterior Samples:  82%|████████▏ | 1247/1516 [00:44<00:07, 34.12step/s]
[Origin 9/13] 🎲 Drawing Posterior Samples:  83%|████████▎ | 1251/1516 [00:45<00:07, 33.76step/s]
[Origin 9/13] 🎲 Drawing Posterior Samples:  83%|████████▎ | 1255/1516 [00:45<00:07, 33.92step/s]
[Origin 9/13] 🎲 Drawing Posterior Samples:  83%|████████▎ | 1259/1516 [00:45<00:07, 33.88step/s]
[Origin 9/13] 🎲 Drawing Posterior Samples:  83%|████████▎ | 1263/1516 [00:45<00:07, 32.76step/s]
[Origin 9/13] 🎲 Drawing Posterior Samples:  84%|████████▎ | 1267/1516 [00:45<00:07, 31.92step/s]
[Origin 9/13] 🎲 Drawing Posterior Samples:  84%|████████▍ | 1271/1516 [00:45<00:07, 32.81step/s]
[Origin 9/13] 🎲 Drawing Posterior Samples:  84%|████████▍ | 1275/1516 [00:45<00:07, 33.49step/s]
[Origin 9/13] 🎲 Drawing Posterior Samples:  84%|████████▍ | 1279/1516 [00:45<00:07, 32.14step/s]
[Origin 9/13] 🎲 Drawing Posterior Samples:  85%|████████▍ | 1283/1516 [00:46<00:07, 31.77step/s]
[Origin 9/13] 🎲 Drawing Posterior Samples:  85%|████████▍ | 1287/1516 [00:46<00:07, 31.46step/s]
[Origin 9/13] 🎲 Drawing Posterior Samples:  85%|████████▌ | 1291/1516 [00:46<00:06, 32.52step/s]
[Origin 9/13] 🎲 Drawing Posterior Samples:  85%|████████▌ | 1295/1516 [00:46<00:06, 32.02step/s]
[Origin 9/13] 🎲 Drawing Posterior Samples:  86%|████████▌ | 1299/1516 [00:46<00:06, 31.62step/s]
[Origin 9/13] 🎲 Drawing Posterior Samples:  86%|████████▌ | 1303/1516 [00:46<00:06, 32.19step/s]
[Origin 9/13] 🎲 Drawing Posterior Samples:  86%|████████▌ | 1307/1516 [00:46<00:06, 33.01step/s]
[Origin 9/13] 🎲 Drawing Posterior Samples:  86%|████████▋ | 1311/1516 [00:46<00:06, 32.35step/s]
[Origin 9/13] 🎲 Drawing Posterior Samples:  87%|████████▋ | 1315/1516 [00:46<00:06, 32.85step/s]
[Origin 9/13] 🎲 Drawing Posterior Samples:  87%|████████▋ | 1319/1516 [00:47<00:05, 32.85step/s]
[Origin 9/13] 🎲 Drawing Posterior Samples:  87%|████████▋ | 1323/1516 [00:47<00:05, 33.49step/s]
[Origin 9/13] 🎲 Drawing Posterior Samples:  88%|████████▊ | 1327/1516 [00:47<00:05, 32.89step/s]
[Origin 9/13] 🎲 Drawing Posterior Samples:  88%|████████▊ | 1331/1516 [00:47<00:05, 32.79step/s]
[Origin 9/13] 🎲 Drawing Posterior Samples:  88%|████████▊ | 1335/1516 [00:47<00:05, 32.46step/s]
[Origin 9/13] 🎲 Drawing Posterior Samples:  88%|████████▊ | 1339/1516 [00:47<00:05, 32.15step/s]
[Origin 9/13] 🎲 Drawing Posterior Samples:  89%|████████▊ | 1343/1516 [00:47<00:05, 32.12step/s]
[Origin 9/13] 🎲 Drawing Posterior Samples:  89%|████████▉ | 1347/1516 [00:47<00:05, 31.98step/s]
[Origin 9/13] 🎲 Drawing Posterior Samples:  89%|████████▉ | 1351/1516 [00:48<00:05, 32.36step/s]
[Origin 9/13] 🎲 Drawing Posterior Samples:  89%|████████▉ | 1355/1516 [00:48<00:04, 32.69step/s]
[Origin 9/13] 🎲 Drawing Posterior Samples:  90%|████████▉ | 1359/1516 [00:48<00:04, 33.19step/s]
[Origin 9/13] 🎲 Drawing Posterior Samples:  90%|████████▉ | 1363/1516 [00:48<00:04, 33.95step/s]
[Origin 9/13] 🎲 Drawing Posterior Samples:  90%|█████████ | 1367/1516 [00:48<00:04, 34.32step/s]
[Origin 9/13] 🎲 Drawing Posterior Samples:  90%|█████████ | 1371/1516 [00:48<00:04, 34.17step/s]
[Origin 9/13] 🎲 Drawing Posterior Samples:  91%|█████████ | 1375/1516 [00:48<00:04, 34.19step/s]
[Origin 9/13] 🎲 Drawing Posterior Samples:  91%|█████████ | 1379/1516 [00:48<00:03, 34.49step/s]
[Origin 9/13] 🎲 Drawing Posterior Samples:  91%|█████████ | 1383/1516 [00:49<00:03, 34.49step/s]
[Origin 9/13] 🎲 Drawing Posterior Samples:  91%|█████████▏| 1387/1516 [00:49<00:03, 35.04step/s]
[Origin 9/13] 🎲 Drawing Posterior Samples:  92%|█████████▏| 1391/1516 [00:49<00:03, 35.15step/s]
[Origin 9/13] 🎲 Drawing Posterior Samples:  92%|█████████▏| 1395/1516 [00:49<00:03, 35.06step/s]
[Origin 9/13] 🎲 Drawing Posterior Samples:  92%|█████████▏| 1399/1516 [00:49<00:03, 35.75step/s]
[Origin 9/13] 🎲 Drawing Posterior Samples:  93%|█████████▎| 1403/1516 [00:49<00:03, 35.84step/s]
[Origin 9/13] 🎲 Drawing Posterior Samples:  93%|█████████▎| 1407/1516 [00:49<00:03, 35.45step/s]
[Origin 9/13] 🎲 Drawing Posterior Samples:  93%|█████████▎| 1411/1516 [00:49<00:02, 35.48step/s]
[Origin 9/13] 🎲 Drawing Posterior Samples:  93%|█████████▎| 1415/1516 [00:49<00:02, 35.00step/s]
[Origin 9/13] 🎲 Drawing Posterior Samples:  94%|█████████▎| 1419/1516 [00:50<00:02, 34.56step/s]
[Origin 9/13] 🎲 Drawing Posterior Samples:  94%|█████████▍| 1423/1516 [00:50<00:02, 34.13step/s]
[Origin 9/13] 🎲 Drawing Posterior Samples:  94%|█████████▍| 1427/1516 [00:50<00:02, 34.52step/s]
[Origin 9/13] 🎲 Drawing Posterior Samples:  94%|█████████▍| 1431/1516 [00:50<00:02, 34.25step/s]
[Origin 9/13] 🎲 Drawing Posterior Samples:  95%|█████████▍| 1435/1516 [00:50<00:02, 34.43step/s]
[Origin 9/13] 🎲 Drawing Posterior Samples:  95%|█████████▍| 1439/1516 [00:50<00:02, 34.21step/s]
[Origin 9/13] 🎲 Drawing Posterior Samples:  95%|█████████▌| 1443/1516 [00:50<00:02, 33.90step/s]
[Origin 9/13] 🎲 Drawing Posterior Samples:  95%|█████████▌| 1447/1516 [00:50<00:01, 34.75step/s]
[Origin 9/13] 🎲 Drawing Posterior Samples:  96%|█████████▌| 1451/1516 [00:50<00:01, 35.27step/s]
[Origin 9/13] 🎲 Drawing Posterior Samples:  96%|█████████▌| 1455/1516 [00:51<00:01, 35.94step/s]
[Origin 9/13] 🎲 Drawing Posterior Samples:  96%|█████████▌| 1459/1516 [00:51<00:01, 35.65step/s]
[Origin 9/13] 🎲 Drawing Posterior Samples:  97%|█████████▋| 1463/1516 [00:51<00:01, 35.93step/s]
[Origin 9/13] 🎲 Drawing Posterior Samples:  97%|█████████▋| 1467/1516 [00:51<00:01, 35.81step/s]
[Origin 9/13] 🎲 Drawing Posterior Samples:  97%|█████████▋| 1471/1516 [00:51<00:01, 35.45step/s]
[Origin 9/13] 🎲 Drawing Posterior Samples:  97%|█████████▋| 1475/1516 [00:51<00:01, 35.35step/s]
[Origin 9/13] 🎲 Drawing Posterior Samples:  98%|█████████▊| 1479/1516 [00:51<00:01, 35.74step/s]
[Origin 9/13] 🎲 Drawing Posterior Samples:  98%|█████████▊| 1483/1516 [00:51<00:01, 29.91step/s]
[Origin 9/13] 🎲 Drawing Posterior Samples:  98%|█████████▊| 1487/1516 [00:52<00:01, 28.51step/s]
[Origin 9/13] 🎲 Drawing Posterior Samples:  98%|█████████▊| 1490/1516 [00:52<00:01, 24.23step/s]
[Origin 9/13] 🎲 Drawing Posterior Samples:  98%|█████████▊| 1493/1516 [00:52<00:01, 22.67step/s]
[Origin 9/13] 🎲 Drawing Posterior Samples:  99%|█████████▊| 1496/1516 [00:52<00:00, 22.85step/s]
[Origin 9/13] 🎲 Drawing Posterior Samples:  99%|█████████▉| 1499/1516 [00:52<00:00, 23.57step/s]
[Origin 9/13] 🎲 Drawing Posterior Samples:  99%|█████████▉| 1502/1516 [00:52<00:00, 23.03step/s]
[Origin 9/13] 🎲 Drawing Posterior Samples:  99%|█████████▉| 1505/1516 [00:52<00:00, 22.84step/s]
[Origin 9/13] 🎲 Drawing Posterior Samples:  99%|█████████▉| 1508/1516 [00:53<00:00, 22.62step/s]
[Origin 9/13] 🎲 Drawing Posterior Samples: 100%|█████████▉| 1511/1516 [00:53<00:00, 22.20step/s]
[Origin 9/13] 🎲 Drawing Posterior Samples: 100%|█████████▉| 1514/1516 [00:53<00:00, 20.90step/s]
                                                                                                 

[Origin 10/13] 🎲 Drawing Posterior Samples:   0%|          | 0/1520 [00:00<?, ?step/s]
[Origin 10/13] 🎲 Drawing Posterior Samples:   0%|          | 5/1520 [00:00<00:38, 39.19step/s]
[Origin 10/13] 🎲 Drawing Posterior Samples:   1%|          | 9/1520 [00:00<00:44, 33.77step/s]
[Origin 10/13] 🎲 Drawing Posterior Samples:   1%|          | 13/1520 [00:00<00:43, 34.40step/s]
[Origin 10/13] 🎲 Drawing Posterior Samples:   1%|          | 17/1520 [00:00<00:43, 34.48step/s]
[Origin 10/13] 🎲 Drawing Posterior Samples:   1%|▏         | 22/1520 [00:00<00:40, 37.31step/s]
[Origin 10/13] 🎲 Drawing Posterior Samples:   2%|▏         | 26/1520 [00:00<00:40, 37.11step/s]
[Origin 10/13] 🎲 Drawing Posterior Samples:   2%|▏         | 30/1520 [00:00<00:40, 36.87step/s]
[Origin 10/13] 🎲 Drawing Posterior Samples:   2%|▏         | 34/1520 [00:00<00:39, 37.26step/s]
[Origin 10/13] 🎲 Drawing Posterior Samples:   2%|▎         | 38/1520 [00:01<00:40, 36.89step/s]
[Origin 10/13] 🎲 Drawing Posterior Samples:   3%|▎         | 42/1520 [00:01<00:40, 36.43step/s]
[Origin 10/13] 🎲 Drawing Posterior Samples:   3%|▎         | 46/1520 [00:01<00:41, 35.94step/s]
[Origin 10/13] 🎲 Drawing Posterior Samples:   3%|▎         | 50/1520 [00:01<00:42, 34.88step/s]
[Origin 10/13] 🎲 Drawing Posterior Samples:   4%|▎         | 54/1520 [00:01<00:41, 35.73step/s]
[Origin 10/13] 🎲 Drawing Posterior Samples:   4%|▍         | 58/1520 [00:01<00:40, 35.66step/s]
[Origin 10/13] 🎲 Drawing Posterior Samples:   4%|▍         | 62/1520 [00:01<00:41, 34.95step/s]
[Origin 10/13] 🎲 Drawing Posterior Samples:   4%|▍         | 66/1520 [00:01<00:44, 32.50step/s]
[Origin 10/13] 🎲 Drawing Posterior Samples:   5%|▍         | 70/1520 [00:01<00:43, 33.45step/s]
[Origin 10/13] 🎲 Drawing Posterior Samples:   5%|▍         | 74/1520 [00:02<00:42, 33.72step/s]
[Origin 10/13] 🎲 Drawing Posterior Samples:   5%|▌         | 78/1520 [00:02<00:41, 34.94step/s]
[Origin 10/13] 🎲 Drawing Posterior Samples:   5%|▌         | 82/1520 [00:02<00:40, 35.41step/s]
[Origin 10/13] 🎲 Drawing Posterior Samples:   6%|▌         | 86/1520 [00:02<00:40, 35.52step/s]
[Origin 10/13] 🎲 Drawing Posterior Samples:   6%|▌         | 90/1520 [00:02<00:40, 35.38step/s]
[Origin 10/13] 🎲 Drawing Posterior Samples:   6%|▌         | 94/1520 [00:02<00:40, 35.55step/s]
[Origin 10/13] 🎲 Drawing Posterior Samples:   6%|▋         | 98/1520 [00:02<00:41, 34.47step/s]
[Origin 10/13] 🎲 Drawing Posterior Samples:   7%|▋         | 103/1520 [00:02<00:39, 35.60step/s]
[Origin 10/13] 🎲 Drawing Posterior Samples:   7%|▋         | 107/1520 [00:03<00:40, 34.59step/s]
[Origin 10/13] 🎲 Drawing Posterior Samples:   7%|▋         | 111/1520 [00:03<00:39, 35.91step/s]
[Origin 10/13] 🎲 Drawing Posterior Samples:   8%|▊         | 115/1520 [00:03<00:41, 34.20step/s]
[Origin 10/13] 🎲 Drawing Posterior Samples:   8%|▊         | 119/1520 [00:03<00:41, 33.61step/s]
[Origin 10/13] 🎲 Drawing Posterior Samples:   8%|▊         | 123/1520 [00:03<00:42, 32.79step/s]
[Origin 10/13] 🎲 Drawing Posterior Samples:   8%|▊         | 127/1520 [00:03<00:42, 33.07step/s]
[Origin 10/13] 🎲 Drawing Posterior Samples:   9%|▊         | 131/1520 [00:03<00:42, 32.52step/s]
[Origin 10/13] 🎲 Drawing Posterior Samples:   9%|▉         | 135/1520 [00:03<00:40, 34.00step/s]
[Origin 10/13] 🎲 Drawing Posterior Samples:   9%|▉         | 139/1520 [00:04<00:42, 32.81step/s]
[Origin 10/13] 🎲 Drawing Posterior Samples:   9%|▉         | 143/1520 [00:04<00:40, 33.97step/s]
[Origin 10/13] 🎲 Drawing Posterior Samples:  10%|▉         | 147/1520 [00:04<00:39, 34.74step/s]
[Origin 10/13] 🎲 Drawing Posterior Samples:  10%|▉         | 151/1520 [00:04<00:38, 35.85step/s]
[Origin 10/13] 🎲 Drawing Posterior Samples:  10%|█         | 155/1520 [00:04<00:39, 34.54step/s]
[Origin 10/13] 🎲 Drawing Posterior Samples:  10%|█         | 159/1520 [00:04<00:39, 34.82step/s]
[Origin 10/13] 🎲 Drawing Posterior Samples:  11%|█         | 163/1520 [00:04<00:41, 32.81step/s]
[Origin 10/13] 🎲 Drawing Posterior Samples:  11%|█         | 167/1520 [00:04<00:40, 33.13step/s]
[Origin 10/13] 🎲 Drawing Posterior Samples:  11%|█▏        | 171/1520 [00:04<00:41, 32.66step/s]
[Origin 10/13] 🎲 Drawing Posterior Samples:  12%|█▏        | 175/1520 [00:05<00:40, 32.87step/s]
[Origin 10/13] 🎲 Drawing Posterior Samples:  12%|█▏        | 179/1520 [00:05<00:41, 32.09step/s]
[Origin 10/13] 🎲 Drawing Posterior Samples:  12%|█▏        | 183/1520 [00:05<00:42, 31.74step/s]
[Origin 10/13] 🎲 Drawing Posterior Samples:  12%|█▏        | 187/1520 [00:05<00:40, 32.67step/s]
[Origin 10/13] 🎲 Drawing Posterior Samples:  13%|█▎        | 191/1520 [00:05<00:41, 32.13step/s]
[Origin 10/13] 🎲 Drawing Posterior Samples:  13%|█▎        | 195/1520 [00:05<00:41, 32.13step/s]
[Origin 10/13] 🎲 Drawing Posterior Samples:  13%|█▎        | 199/1520 [00:05<00:40, 32.33step/s]
[Origin 10/13] 🎲 Drawing Posterior Samples:  13%|█▎        | 203/1520 [00:05<00:40, 32.84step/s]
[Origin 10/13] 🎲 Drawing Posterior Samples:  14%|█▎        | 207/1520 [00:06<00:40, 32.18step/s]
[Origin 10/13] 🎲 Drawing Posterior Samples:  14%|█▍        | 211/1520 [00:06<00:41, 31.76step/s]
[Origin 10/13] 🎲 Drawing Posterior Samples:  14%|█▍        | 215/1520 [00:06<00:41, 31.67step/s]
[Origin 10/13] 🎲 Drawing Posterior Samples:  14%|█▍        | 219/1520 [00:06<00:41, 31.35step/s]
[Origin 10/13] 🎲 Drawing Posterior Samples:  15%|█▍        | 223/1520 [00:06<00:41, 31.48step/s]
[Origin 10/13] 🎲 Drawing Posterior Samples:  15%|█▍        | 227/1520 [00:06<00:40, 31.77step/s]
[Origin 10/13] 🎲 Drawing Posterior Samples:  15%|█▌        | 231/1520 [00:06<00:39, 32.30step/s]
[Origin 10/13] 🎲 Drawing Posterior Samples:  15%|█▌        | 235/1520 [00:06<00:40, 31.56step/s]
[Origin 10/13] 🎲 Drawing Posterior Samples:  16%|█▌        | 239/1520 [00:07<00:39, 32.79step/s]
[Origin 10/13] 🎲 Drawing Posterior Samples:  16%|█▌        | 243/1520 [00:07<00:40, 31.50step/s]
[Origin 10/13] 🎲 Drawing Posterior Samples:  16%|█▋        | 247/1520 [00:07<00:40, 31.75step/s]
[Origin 10/13] 🎲 Drawing Posterior Samples:  17%|█▋        | 251/1520 [00:07<00:38, 33.01step/s]
[Origin 10/13] 🎲 Drawing Posterior Samples:  17%|█▋        | 255/1520 [00:07<00:38, 33.27step/s]
[Origin 10/13] 🎲 Drawing Posterior Samples:  17%|█▋        | 259/1520 [00:07<00:38, 32.80step/s]
[Origin 10/13] 🎲 Drawing Posterior Samples:  17%|█▋        | 263/1520 [00:07<00:37, 33.62step/s]
[Origin 10/13] 🎲 Drawing Posterior Samples:  18%|█▊        | 267/1520 [00:07<00:36, 34.35step/s]
[Origin 10/13] 🎲 Drawing Posterior Samples:  18%|█▊        | 271/1520 [00:08<00:37, 33.69step/s]
[Origin 10/13] 🎲 Drawing Posterior Samples:  18%|█▊        | 275/1520 [00:08<00:37, 33.17step/s]
[Origin 10/13] 🎲 Drawing Posterior Samples:  18%|█▊        | 279/1520 [00:08<00:38, 32.49step/s]
[Origin 10/13] 🎲 Drawing Posterior Samples:  19%|█▊        | 283/1520 [00:08<00:36, 33.76step/s]
[Origin 10/13] 🎲 Drawing Posterior Samples:  19%|█▉        | 288/1520 [00:08<00:34, 35.60step/s]
[Origin 10/13] 🎲 Drawing Posterior Samples:  19%|█▉        | 292/1520 [00:08<00:35, 34.39step/s]
[Origin 10/13] 🎲 Drawing Posterior Samples:  19%|█▉        | 296/1520 [00:08<00:36, 33.95step/s]
[Origin 10/13] 🎲 Drawing Posterior Samples:  20%|█▉        | 301/1520 [00:08<00:33, 36.03step/s]
[Origin 10/13] 🎲 Drawing Posterior Samples:  20%|██        | 305/1520 [00:08<00:34, 35.50step/s]
[Origin 10/13] 🎲 Drawing Posterior Samples:  20%|██        | 309/1520 [00:09<00:34, 35.44step/s]
[Origin 10/13] 🎲 Drawing Posterior Samples:  21%|██        | 313/1520 [00:09<00:34, 34.69step/s]
[Origin 10/13] 🎲 Drawing Posterior Samples:  21%|██        | 317/1520 [00:09<00:34, 34.82step/s]
[Origin 10/13] 🎲 Drawing Posterior Samples:  21%|██        | 321/1520 [00:09<00:34, 34.63step/s]
[Origin 10/13] 🎲 Drawing Posterior Samples:  21%|██▏       | 325/1520 [00:09<00:34, 34.50step/s]
[Origin 10/13] 🎲 Drawing Posterior Samples:  22%|██▏       | 329/1520 [00:09<00:34, 34.76step/s]
[Origin 10/13] 🎲 Drawing Posterior Samples:  22%|██▏       | 333/1520 [00:09<00:34, 34.89step/s]
[Origin 10/13] 🎲 Drawing Posterior Samples:  22%|██▏       | 337/1520 [00:09<00:33, 35.18step/s]
[Origin 10/13] 🎲 Drawing Posterior Samples:  22%|██▏       | 341/1520 [00:10<00:34, 33.78step/s]
[Origin 10/13] 🎲 Drawing Posterior Samples:  23%|██▎       | 345/1520 [00:10<00:38, 30.57step/s]
[Origin 10/13] 🎲 Drawing Posterior Samples:  23%|██▎       | 349/1520 [00:10<00:40, 29.23step/s]
[Origin 10/13] 🎲 Drawing Posterior Samples:  23%|██▎       | 352/1520 [00:10<00:42, 27.56step/s]
[Origin 10/13] 🎲 Drawing Posterior Samples:  23%|██▎       | 355/1520 [00:10<00:45, 25.57step/s]
[Origin 10/13] 🎲 Drawing Posterior Samples:  24%|██▎       | 358/1520 [00:10<00:49, 23.38step/s]
[Origin 10/13] 🎲 Drawing Posterior Samples:  24%|██▍       | 361/1520 [00:10<00:49, 23.54step/s]
[Origin 10/13] 🎲 Drawing Posterior Samples:  24%|██▍       | 364/1520 [00:11<00:49, 23.27step/s]
[Origin 10/13] 🎲 Drawing Posterior Samples:  24%|██▍       | 367/1520 [00:11<00:47, 24.27step/s]
[Origin 10/13] 🎲 Drawing Posterior Samples:  24%|██▍       | 370/1520 [00:11<00:47, 24.10step/s]
[Origin 10/13] 🎲 Drawing Posterior Samples:  25%|██▍       | 373/1520 [00:11<00:46, 24.53step/s]
[Origin 10/13] 🎲 Drawing Posterior Samples:  25%|██▍       | 376/1520 [00:11<00:47, 23.98step/s]
[Origin 10/13] 🎲 Drawing Posterior Samples:  25%|██▍       | 379/1520 [00:11<00:48, 23.39step/s]
[Origin 10/13] 🎲 Drawing Posterior Samples:  25%|██▌       | 382/1520 [00:14<04:58,  3.81step/s]
[Origin 10/13] 🎲 Drawing Posterior Samples:  25%|██▌       | 386/1520 [00:14<03:22,  5.61step/s]
[Origin 10/13] 🎲 Drawing Posterior Samples:  26%|██▌       | 390/1520 [00:14<02:25,  7.76step/s]
[Origin 10/13] 🎲 Drawing Posterior Samples:  26%|██▌       | 394/1520 [00:14<01:48, 10.37step/s]
[Origin 10/13] 🎲 Drawing Posterior Samples:  26%|██▌       | 398/1520 [00:14<01:25, 13.18step/s]
[Origin 10/13] 🎲 Drawing Posterior Samples:  26%|██▋       | 402/1520 [00:14<01:07, 16.62step/s]
[Origin 10/13] 🎲 Drawing Posterior Samples:  27%|██▋       | 406/1520 [00:14<00:56, 19.80step/s]
[Origin 10/13] 🎲 Drawing Posterior Samples:  27%|██▋       | 410/1520 [00:14<00:49, 22.30step/s]
[Origin 10/13] 🎲 Drawing Posterior Samples:  27%|██▋       | 414/1520 [00:14<00:45, 24.27step/s]
[Origin 10/13] 🎲 Drawing Posterior Samples:  28%|██▊       | 418/1520 [00:15<00:42, 25.90step/s]
[Origin 10/13] 🎲 Drawing Posterior Samples:  28%|██▊       | 422/1520 [00:15<00:41, 26.75step/s]
[Origin 10/13] 🎲 Drawing Posterior Samples:  28%|██▊       | 426/1520 [00:15<00:38, 28.56step/s]
[Origin 10/13] 🎲 Drawing Posterior Samples:  28%|██▊       | 430/1520 [00:15<00:36, 29.59step/s]
[Origin 10/13] 🎲 Drawing Posterior Samples:  29%|██▊       | 434/1520 [00:15<00:34, 31.14step/s]
[Origin 10/13] 🎲 Drawing Posterior Samples:  29%|██▉       | 438/1520 [00:15<00:34, 31.66step/s]
[Origin 10/13] 🎲 Drawing Posterior Samples:  29%|██▉       | 442/1520 [00:15<00:34, 31.61step/s]
[Origin 10/13] 🎲 Drawing Posterior Samples:  29%|██▉       | 446/1520 [00:15<00:33, 32.16step/s]
[Origin 10/13] 🎲 Drawing Posterior Samples:  30%|██▉       | 450/1520 [00:16<00:32, 33.25step/s]
[Origin 10/13] 🎲 Drawing Posterior Samples:  30%|██▉       | 454/1520 [00:16<00:32, 33.29step/s]
[Origin 10/13] 🎲 Drawing Posterior Samples:  30%|███       | 458/1520 [00:16<00:32, 32.31step/s]
[Origin 10/13] 🎲 Drawing Posterior Samples:  30%|███       | 462/1520 [00:16<00:33, 31.93step/s]
[Origin 10/13] 🎲 Drawing Posterior Samples:  31%|███       | 466/1520 [00:16<00:33, 31.74step/s]
[Origin 10/13] 🎲 Drawing Posterior Samples:  31%|███       | 470/1520 [00:16<00:33, 31.72step/s]
[Origin 10/13] 🎲 Drawing Posterior Samples:  31%|███       | 474/1520 [00:16<00:33, 31.17step/s]
[Origin 10/13] 🎲 Drawing Posterior Samples:  31%|███▏      | 478/1520 [00:16<00:32, 31.64step/s]
[Origin 10/13] 🎲 Drawing Posterior Samples:  32%|███▏      | 482/1520 [00:17<00:32, 31.48step/s]
[Origin 10/13] 🎲 Drawing Posterior Samples:  32%|███▏      | 486/1520 [00:17<00:32, 32.18step/s]
[Origin 10/13] 🎲 Drawing Posterior Samples:  32%|███▏      | 490/1520 [00:17<00:32, 31.50step/s]
[Origin 10/13] 🎲 Drawing Posterior Samples:  32%|███▎      | 494/1520 [00:17<00:32, 31.86step/s]
[Origin 10/13] 🎲 Drawing Posterior Samples:  33%|███▎      | 498/1520 [00:17<00:32, 31.45step/s]
[Origin 10/13] 🎲 Drawing Posterior Samples:  33%|███▎      | 502/1520 [00:17<00:32, 31.48step/s]
[Origin 10/13] 🎲 Drawing Posterior Samples:  33%|███▎      | 506/1520 [00:17<00:32, 31.15step/s]
[Origin 10/13] 🎲 Drawing Posterior Samples:  34%|███▎      | 510/1520 [00:17<00:32, 31.53step/s]
[Origin 10/13] 🎲 Drawing Posterior Samples:  34%|███▍      | 514/1520 [00:18<00:31, 32.17step/s]
[Origin 10/13] 🎲 Drawing Posterior Samples:  34%|███▍      | 518/1520 [00:18<00:32, 30.98step/s]
[Origin 10/13] 🎲 Drawing Posterior Samples:  34%|███▍      | 522/1520 [00:18<00:31, 31.62step/s]
[Origin 10/13] 🎲 Drawing Posterior Samples:  35%|███▍      | 527/1520 [00:18<00:29, 33.47step/s]
[Origin 10/13] 🎲 Drawing Posterior Samples:  35%|███▍      | 531/1520 [00:18<00:29, 34.05step/s]
[Origin 10/13] 🎲 Drawing Posterior Samples:  35%|███▌      | 535/1520 [00:18<00:28, 34.39step/s]
[Origin 10/13] 🎲 Drawing Posterior Samples:  35%|███▌      | 539/1520 [00:18<00:28, 33.83step/s]
[Origin 10/13] 🎲 Drawing Posterior Samples:  36%|███▌      | 543/1520 [00:18<00:28, 34.66step/s]
[Origin 10/13] 🎲 Drawing Posterior Samples:  36%|███▌      | 547/1520 [00:19<00:28, 34.14step/s]
[Origin 10/13] 🎲 Drawing Posterior Samples:  36%|███▋      | 551/1520 [00:19<00:28, 34.43step/s]
[Origin 10/13] 🎲 Drawing Posterior Samples:  37%|███▋      | 555/1520 [00:19<00:27, 34.50step/s]
[Origin 10/13] 🎲 Drawing Posterior Samples:  37%|███▋      | 559/1520 [00:19<00:27, 34.61step/s]
[Origin 10/13] 🎲 Drawing Posterior Samples:  37%|███▋      | 563/1520 [00:19<00:27, 34.82step/s]
[Origin 10/13] 🎲 Drawing Posterior Samples:  37%|███▋      | 567/1520 [00:19<00:27, 34.61step/s]
[Origin 10/13] 🎲 Drawing Posterior Samples:  38%|███▊      | 571/1520 [00:19<00:28, 33.16step/s]
[Origin 10/13] 🎲 Drawing Posterior Samples:  38%|███▊      | 575/1520 [00:19<00:28, 33.31step/s]
[Origin 10/13] 🎲 Drawing Posterior Samples:  38%|███▊      | 579/1520 [00:20<00:27, 33.67step/s]
[Origin 10/13] 🎲 Drawing Posterior Samples:  38%|███▊      | 584/1520 [00:20<00:26, 35.10step/s]
[Origin 10/13] 🎲 Drawing Posterior Samples:  39%|███▊      | 588/1520 [00:20<00:26, 35.44step/s]
[Origin 10/13] 🎲 Drawing Posterior Samples:  39%|███▉      | 592/1520 [00:20<00:26, 34.96step/s]
[Origin 10/13] 🎲 Drawing Posterior Samples:  39%|███▉      | 597/1520 [00:20<00:25, 35.57step/s]
[Origin 10/13] 🎲 Drawing Posterior Samples:  40%|███▉      | 601/1520 [00:20<00:26, 35.32step/s]
[Origin 10/13] 🎲 Drawing Posterior Samples:  40%|███▉      | 605/1520 [00:20<00:26, 34.71step/s]
[Origin 10/13] 🎲 Drawing Posterior Samples:  40%|████      | 610/1520 [00:20<00:24, 36.87step/s]
[Origin 10/13] 🎲 Drawing Posterior Samples:  40%|████      | 615/1520 [00:20<00:23, 38.40step/s]
[Origin 10/13] 🎲 Drawing Posterior Samples:  41%|████      | 620/1520 [00:21<00:22, 39.47step/s]
[Origin 10/13] 🎲 Drawing Posterior Samples:  41%|████      | 625/1520 [00:21<00:22, 40.25step/s]
[Origin 10/13] 🎲 Drawing Posterior Samples:  41%|████▏     | 630/1520 [00:21<00:23, 38.31step/s]
[Origin 10/13] 🎲 Drawing Posterior Samples:  42%|████▏     | 635/1520 [00:21<00:22, 39.00step/s]
[Origin 10/13] 🎲 Drawing Posterior Samples:  42%|████▏     | 639/1520 [00:21<00:22, 38.73step/s]
[Origin 10/13] 🎲 Drawing Posterior Samples:  42%|████▏     | 644/1520 [00:21<00:22, 39.59step/s]
[Origin 10/13] 🎲 Drawing Posterior Samples:  43%|████▎     | 648/1520 [00:21<00:22, 39.39step/s]
[Origin 10/13] 🎲 Drawing Posterior Samples:  43%|████▎     | 653/1520 [00:21<00:21, 39.49step/s]
[Origin 10/13] 🎲 Drawing Posterior Samples:  43%|████▎     | 658/1520 [00:22<00:22, 38.85step/s]
[Origin 10/13] 🎲 Drawing Posterior Samples:  44%|████▎     | 662/1520 [00:22<00:22, 38.85step/s]
[Origin 10/13] 🎲 Drawing Posterior Samples:  44%|████▍     | 667/1520 [00:22<00:21, 40.08step/s]
[Origin 10/13] 🎲 Drawing Posterior Samples:  44%|████▍     | 672/1520 [00:22<00:20, 40.56step/s]
[Origin 10/13] 🎲 Drawing Posterior Samples:  45%|████▍     | 677/1520 [00:22<00:20, 40.83step/s]
[Origin 10/13] 🎲 Drawing Posterior Samples:  45%|████▍     | 682/1520 [00:22<00:20, 41.07step/s]
[Origin 10/13] 🎲 Drawing Posterior Samples:  45%|████▌     | 687/1520 [00:22<00:20, 40.46step/s]
[Origin 10/13] 🎲 Drawing Posterior Samples:  46%|████▌     | 692/1520 [00:22<00:20, 39.48step/s]
[Origin 10/13] 🎲 Drawing Posterior Samples:  46%|████▌     | 696/1520 [00:23<00:21, 39.14step/s]
[Origin 10/13] 🎲 Drawing Posterior Samples:  46%|████▌     | 701/1520 [00:23<00:20, 40.06step/s]
[Origin 10/13] 🎲 Drawing Posterior Samples:  46%|████▋     | 706/1520 [00:23<00:20, 39.55step/s]
[Origin 10/13] 🎲 Drawing Posterior Samples:  47%|████▋     | 710/1520 [00:23<00:20, 38.87step/s]
[Origin 10/13] 🎲 Drawing Posterior Samples:  47%|████▋     | 714/1520 [00:23<00:21, 37.24step/s]
[Origin 10/13] 🎲 Drawing Posterior Samples:  47%|████▋     | 719/1520 [00:23<00:20, 38.20step/s]
[Origin 10/13] 🎲 Drawing Posterior Samples:  48%|████▊     | 724/1520 [00:23<00:20, 38.28step/s]
[Origin 10/13] 🎲 Drawing Posterior Samples:  48%|████▊     | 728/1520 [00:23<00:23, 33.47step/s]
[Origin 10/13] 🎲 Drawing Posterior Samples:  48%|████▊     | 732/1520 [00:24<00:24, 31.60step/s]
[Origin 10/13] 🎲 Drawing Posterior Samples:  48%|████▊     | 736/1520 [00:24<00:27, 29.03step/s]
[Origin 10/13] 🎲 Drawing Posterior Samples:  49%|████▊     | 739/1520 [00:24<00:27, 27.95step/s]
[Origin 10/13] 🎲 Drawing Posterior Samples:  49%|████▉     | 742/1520 [00:24<00:28, 27.35step/s]
[Origin 10/13] 🎲 Drawing Posterior Samples:  49%|████▉     | 745/1520 [00:24<00:29, 26.41step/s]
[Origin 10/13] 🎲 Drawing Posterior Samples:  49%|████▉     | 748/1520 [00:24<00:30, 25.52step/s]
[Origin 10/13] 🎲 Drawing Posterior Samples:  49%|████▉     | 751/1520 [00:24<00:31, 24.76step/s]
[Origin 10/13] 🎲 Drawing Posterior Samples:  50%|████▉     | 754/1520 [00:24<00:32, 23.67step/s]
[Origin 10/13] 🎲 Drawing Posterior Samples:  50%|████▉     | 757/1520 [00:25<00:32, 23.66step/s]
[Origin 10/13] 🎲 Drawing Posterior Samples:  50%|█████     | 760/1520 [00:25<00:32, 23.12step/s]
[Origin 10/13] 🎲 Drawing Posterior Samples:  50%|█████     | 763/1520 [00:27<03:24,  3.71step/s]
[Origin 10/13] 🎲 Drawing Posterior Samples:  50%|█████     | 767/1520 [00:27<02:17,  5.47step/s]
[Origin 10/13] 🎲 Drawing Posterior Samples:  51%|█████     | 772/1520 [00:27<01:30,  8.25step/s]
[Origin 10/13] 🎲 Drawing Posterior Samples:  51%|█████     | 776/1520 [00:28<01:08, 10.89step/s]
[Origin 10/13] 🎲 Drawing Posterior Samples:  51%|█████▏    | 781/1520 [00:28<00:50, 14.71step/s]
[Origin 10/13] 🎲 Drawing Posterior Samples:  52%|█████▏    | 785/1520 [00:28<00:41, 17.78step/s]
[Origin 10/13] 🎲 Drawing Posterior Samples:  52%|█████▏    | 789/1520 [00:28<00:34, 21.14step/s]
[Origin 10/13] 🎲 Drawing Posterior Samples:  52%|█████▏    | 793/1520 [00:28<00:30, 24.06step/s]
[Origin 10/13] 🎲 Drawing Posterior Samples:  52%|█████▎    | 798/1520 [00:28<00:25, 28.17step/s]
[Origin 10/13] 🎲 Drawing Posterior Samples:  53%|█████▎    | 802/1520 [00:28<00:23, 30.56step/s]
[Origin 10/13] 🎲 Drawing Posterior Samples:  53%|█████▎    | 807/1520 [00:28<00:21, 33.01step/s]
[Origin 10/13] 🎲 Drawing Posterior Samples:  53%|█████▎    | 812/1520 [00:28<00:19, 35.42step/s]
[Origin 10/13] 🎲 Drawing Posterior Samples:  54%|█████▎    | 816/1520 [00:29<00:20, 35.05step/s]
[Origin 10/13] 🎲 Drawing Posterior Samples:  54%|█████▍    | 820/1520 [00:29<00:19, 36.21step/s]
[Origin 10/13] 🎲 Drawing Posterior Samples:  54%|█████▍    | 825/1520 [00:29<00:18, 37.75step/s]
[Origin 10/13] 🎲 Drawing Posterior Samples:  55%|█████▍    | 830/1520 [00:29<00:17, 38.51step/s]
[Origin 10/13] 🎲 Drawing Posterior Samples:  55%|█████▍    | 835/1520 [00:29<00:17, 39.52step/s]
[Origin 10/13] 🎲 Drawing Posterior Samples:  55%|█████▌    | 840/1520 [00:29<00:17, 39.49step/s]
[Origin 10/13] 🎲 Drawing Posterior Samples:  56%|█████▌    | 845/1520 [00:29<00:16, 40.41step/s]
[Origin 10/13] 🎲 Drawing Posterior Samples:  56%|█████▌    | 850/1520 [00:29<00:17, 38.83step/s]
[Origin 10/13] 🎲 Drawing Posterior Samples:  56%|█████▋    | 855/1520 [00:30<00:16, 39.64step/s]
[Origin 10/13] 🎲 Drawing Posterior Samples:  57%|█████▋    | 859/1520 [00:30<00:16, 39.49step/s]
[Origin 10/13] 🎲 Drawing Posterior Samples:  57%|█████▋    | 864/1520 [00:30<00:16, 40.16step/s]
[Origin 10/13] 🎲 Drawing Posterior Samples:  57%|█████▋    | 869/1520 [00:30<00:16, 40.59step/s]
[Origin 10/13] 🎲 Drawing Posterior Samples:  57%|█████▊    | 874/1520 [00:30<00:15, 40.86step/s]
[Origin 10/13] 🎲 Drawing Posterior Samples:  58%|█████▊    | 879/1520 [00:30<00:17, 36.66step/s]
[Origin 10/13] 🎲 Drawing Posterior Samples:  58%|█████▊    | 883/1520 [00:30<00:17, 36.18step/s]
[Origin 10/13] 🎲 Drawing Posterior Samples:  58%|█████▊    | 888/1520 [00:30<00:16, 38.18step/s]
[Origin 10/13] 🎲 Drawing Posterior Samples:  59%|█████▊    | 892/1520 [00:31<00:16, 38.62step/s]
[Origin 10/13] 🎲 Drawing Posterior Samples:  59%|█████▉    | 897/1520 [00:31<00:16, 38.75step/s]
[Origin 10/13] 🎲 Drawing Posterior Samples:  59%|█████▉    | 902/1520 [00:31<00:15, 40.08step/s]
[Origin 10/13] 🎲 Drawing Posterior Samples:  60%|█████▉    | 907/1520 [00:31<00:15, 40.26step/s]
[Origin 10/13] 🎲 Drawing Posterior Samples:  60%|██████    | 912/1520 [00:31<00:15, 40.39step/s]
[Origin 10/13] 🎲 Drawing Posterior Samples:  60%|██████    | 917/1520 [00:31<00:14, 40.66step/s]
[Origin 10/13] 🎲 Drawing Posterior Samples:  61%|██████    | 922/1520 [00:31<00:14, 40.66step/s]
[Origin 10/13] 🎲 Drawing Posterior Samples:  61%|██████    | 927/1520 [00:31<00:14, 39.78step/s]
[Origin 10/13] 🎲 Drawing Posterior Samples:  61%|██████▏   | 931/1520 [00:31<00:14, 39.50step/s]
[Origin 10/13] 🎲 Drawing Posterior Samples:  62%|██████▏   | 936/1520 [00:32<00:14, 40.44step/s]
[Origin 10/13] 🎲 Drawing Posterior Samples:  62%|██████▏   | 941/1520 [00:32<00:14, 40.33step/s]
[Origin 10/13] 🎲 Drawing Posterior Samples:  62%|██████▏   | 946/1520 [00:32<00:14, 40.72step/s]
[Origin 10/13] 🎲 Drawing Posterior Samples:  63%|██████▎   | 951/1520 [00:32<00:13, 40.87step/s]
[Origin 10/13] 🎲 Drawing Posterior Samples:  63%|██████▎   | 956/1520 [00:32<00:14, 39.95step/s]
[Origin 10/13] 🎲 Drawing Posterior Samples:  63%|██████▎   | 961/1520 [00:32<00:14, 39.83step/s]
[Origin 10/13] 🎲 Drawing Posterior Samples:  64%|██████▎   | 966/1520 [00:32<00:13, 40.15step/s]
[Origin 10/13] 🎲 Drawing Posterior Samples:  64%|██████▍   | 971/1520 [00:32<00:13, 40.74step/s]
[Origin 10/13] 🎲 Drawing Posterior Samples:  64%|██████▍   | 976/1520 [00:33<00:13, 40.08step/s]
[Origin 10/13] 🎲 Drawing Posterior Samples:  65%|██████▍   | 981/1520 [00:33<00:13, 40.59step/s]
[Origin 10/13] 🎲 Drawing Posterior Samples:  65%|██████▍   | 986/1520 [00:33<00:13, 40.95step/s]
[Origin 10/13] 🎲 Drawing Posterior Samples:  65%|██████▌   | 991/1520 [00:33<00:13, 40.08step/s]
[Origin 10/13] 🎲 Drawing Posterior Samples:  66%|██████▌   | 996/1520 [00:33<00:14, 36.48step/s]
[Origin 10/13] 🎲 Drawing Posterior Samples:  66%|██████▌   | 1000/1520 [00:33<00:14, 35.04step/s]
[Origin 10/13] 🎲 Drawing Posterior Samples:  66%|██████▌   | 1004/1520 [00:33<00:15, 33.83step/s]
[Origin 10/13] 🎲 Drawing Posterior Samples:  66%|██████▋   | 1008/1520 [00:33<00:15, 33.46step/s]
[Origin 10/13] 🎲 Drawing Posterior Samples:  67%|██████▋   | 1012/1520 [00:34<00:15, 32.86step/s]
[Origin 10/13] 🎲 Drawing Posterior Samples:  67%|██████▋   | 1016/1520 [00:34<00:15, 33.45step/s]
[Origin 10/13] 🎲 Drawing Posterior Samples:  67%|██████▋   | 1020/1520 [00:34<00:14, 33.66step/s]
[Origin 10/13] 🎲 Drawing Posterior Samples:  67%|██████▋   | 1024/1520 [00:34<00:14, 34.27step/s]
[Origin 10/13] 🎲 Drawing Posterior Samples:  68%|██████▊   | 1028/1520 [00:34<00:14, 35.02step/s]
[Origin 10/13] 🎲 Drawing Posterior Samples:  68%|██████▊   | 1032/1520 [00:34<00:14, 34.81step/s]
[Origin 10/13] 🎲 Drawing Posterior Samples:  68%|██████▊   | 1036/1520 [00:34<00:13, 35.26step/s]
[Origin 10/13] 🎲 Drawing Posterior Samples:  68%|██████▊   | 1040/1520 [00:34<00:13, 35.49step/s]
[Origin 10/13] 🎲 Drawing Posterior Samples:  69%|██████▊   | 1044/1520 [00:35<00:13, 34.33step/s]
[Origin 10/13] 🎲 Drawing Posterior Samples:  69%|██████▉   | 1048/1520 [00:35<00:15, 30.41step/s]
[Origin 10/13] 🎲 Drawing Posterior Samples:  69%|██████▉   | 1052/1520 [00:35<00:16, 28.94step/s]
[Origin 10/13] 🎲 Drawing Posterior Samples:  69%|██████▉   | 1055/1520 [00:35<00:16, 28.01step/s]
[Origin 10/13] 🎲 Drawing Posterior Samples:  70%|██████▉   | 1058/1520 [00:35<00:16, 27.85step/s]
[Origin 10/13] 🎲 Drawing Posterior Samples:  70%|██████▉   | 1061/1520 [00:35<00:16, 28.34step/s]
[Origin 10/13] 🎲 Drawing Posterior Samples:  70%|███████   | 1065/1520 [00:35<00:15, 29.53step/s]
[Origin 10/13] 🎲 Drawing Posterior Samples:  70%|███████   | 1069/1520 [00:35<00:14, 31.59step/s]
[Origin 10/13] 🎲 Drawing Posterior Samples:  71%|███████   | 1073/1520 [00:36<00:14, 31.66step/s]
[Origin 10/13] 🎲 Drawing Posterior Samples:  71%|███████   | 1077/1520 [00:36<00:14, 31.48step/s]
[Origin 10/13] 🎲 Drawing Posterior Samples:  71%|███████   | 1081/1520 [00:36<00:14, 30.31step/s]
[Origin 10/13] 🎲 Drawing Posterior Samples:  71%|███████▏  | 1085/1520 [00:36<00:13, 32.31step/s]
[Origin 10/13] 🎲 Drawing Posterior Samples:  72%|███████▏  | 1089/1520 [00:36<00:13, 31.79step/s]
[Origin 10/13] 🎲 Drawing Posterior Samples:  72%|███████▏  | 1093/1520 [00:36<00:12, 33.08step/s]
[Origin 10/13] 🎲 Drawing Posterior Samples:  72%|███████▏  | 1097/1520 [00:36<00:12, 34.49step/s]
[Origin 10/13] 🎲 Drawing Posterior Samples:  72%|███████▏  | 1101/1520 [00:36<00:11, 35.31step/s]
[Origin 10/13] 🎲 Drawing Posterior Samples:  73%|███████▎  | 1105/1520 [00:37<00:13, 31.64step/s]
[Origin 10/13] 🎲 Drawing Posterior Samples:  73%|███████▎  | 1109/1520 [00:37<00:13, 29.56step/s]
[Origin 10/13] 🎲 Drawing Posterior Samples:  73%|███████▎  | 1113/1520 [00:37<00:14, 28.33step/s]
[Origin 10/13] 🎲 Drawing Posterior Samples:  73%|███████▎  | 1116/1520 [00:37<00:15, 26.29step/s]
[Origin 10/13] 🎲 Drawing Posterior Samples:  74%|███████▎  | 1119/1520 [00:37<00:16, 24.20step/s]
[Origin 10/13] 🎲 Drawing Posterior Samples:  74%|███████▍  | 1122/1520 [00:37<00:16, 23.49step/s]
[Origin 10/13] 🎲 Drawing Posterior Samples:  74%|███████▍  | 1125/1520 [00:37<00:17, 23.10step/s]
[Origin 10/13] 🎲 Drawing Posterior Samples:  74%|███████▍  | 1128/1520 [00:38<00:18, 21.30step/s]
[Origin 10/13] 🎲 Drawing Posterior Samples:  74%|███████▍  | 1131/1520 [00:38<00:18, 21.59step/s]
[Origin 10/13] 🎲 Drawing Posterior Samples:  75%|███████▍  | 1134/1520 [00:38<00:18, 21.28step/s]
[Origin 10/13] 🎲 Drawing Posterior Samples:  75%|███████▍  | 1137/1520 [00:38<00:18, 21.03step/s]
[Origin 10/13] 🎲 Drawing Posterior Samples:  75%|███████▌  | 1140/1520 [00:38<00:17, 21.85step/s]
[Origin 10/13] 🎲 Drawing Posterior Samples:  75%|███████▌  | 1143/1520 [00:40<01:34,  3.99step/s]
[Origin 10/13] 🎲 Drawing Posterior Samples:  75%|███████▌  | 1147/1520 [00:40<01:03,  5.91step/s]
[Origin 10/13] 🎲 Drawing Posterior Samples:  76%|███████▌  | 1152/1520 [00:41<00:41,  8.88step/s]
[Origin 10/13] 🎲 Drawing Posterior Samples:  76%|███████▌  | 1156/1520 [00:41<00:31, 11.66step/s]
[Origin 10/13] 🎲 Drawing Posterior Samples:  76%|███████▋  | 1161/1520 [00:41<00:23, 15.57step/s]
[Origin 10/13] 🎲 Drawing Posterior Samples:  77%|███████▋  | 1165/1520 [00:41<00:18, 18.77step/s]
[Origin 10/13] 🎲 Drawing Posterior Samples:  77%|███████▋  | 1170/1520 [00:41<00:15, 23.06step/s]
[Origin 10/13] 🎲 Drawing Posterior Samples:  77%|███████▋  | 1174/1520 [00:41<00:13, 26.05step/s]
[Origin 10/13] 🎲 Drawing Posterior Samples:  78%|███████▊  | 1179/1520 [00:41<00:11, 29.63step/s]
[Origin 10/13] 🎲 Drawing Posterior Samples:  78%|███████▊  | 1183/1520 [00:41<00:10, 31.57step/s]
[Origin 10/13] 🎲 Drawing Posterior Samples:  78%|███████▊  | 1188/1520 [00:41<00:09, 33.26step/s]
[Origin 10/13] 🎲 Drawing Posterior Samples:  78%|███████▊  | 1192/1520 [00:42<00:09, 34.77step/s]
[Origin 10/13] 🎲 Drawing Posterior Samples:  79%|███████▊  | 1196/1520 [00:42<00:09, 35.69step/s]
[Origin 10/13] 🎲 Drawing Posterior Samples:  79%|███████▉  | 1201/1520 [00:42<00:08, 37.54step/s]
[Origin 10/13] 🎲 Drawing Posterior Samples:  79%|███████▉  | 1205/1520 [00:42<00:08, 37.82step/s]
[Origin 10/13] 🎲 Drawing Posterior Samples:  80%|███████▉  | 1210/1520 [00:42<00:07, 39.04step/s]
[Origin 10/13] 🎲 Drawing Posterior Samples:  80%|███████▉  | 1214/1520 [00:42<00:07, 39.12step/s]
[Origin 10/13] 🎲 Drawing Posterior Samples:  80%|████████  | 1219/1520 [00:42<00:07, 39.18step/s]
[Origin 10/13] 🎲 Drawing Posterior Samples:  80%|████████  | 1223/1520 [00:42<00:07, 39.27step/s]
[Origin 10/13] 🎲 Drawing Posterior Samples:  81%|████████  | 1227/1520 [00:42<00:07, 39.19step/s]
[Origin 10/13] 🎲 Drawing Posterior Samples:  81%|████████  | 1231/1520 [00:43<00:07, 39.39step/s]
[Origin 10/13] 🎲 Drawing Posterior Samples:  81%|████████▏ | 1235/1520 [00:43<00:07, 38.21step/s]
[Origin 10/13] 🎲 Drawing Posterior Samples:  82%|████████▏ | 1240/1520 [00:43<00:07, 38.85step/s]
[Origin 10/13] 🎲 Drawing Posterior Samples:  82%|████████▏ | 1245/1520 [00:43<00:07, 39.11step/s]
[Origin 10/13] 🎲 Drawing Posterior Samples:  82%|████████▏ | 1250/1520 [00:43<00:06, 39.55step/s]
[Origin 10/13] 🎲 Drawing Posterior Samples:  83%|████████▎ | 1255/1520 [00:43<00:06, 39.98step/s]
[Origin 10/13] 🎲 Drawing Posterior Samples:  83%|████████▎ | 1260/1520 [00:43<00:06, 39.63step/s]
[Origin 10/13] 🎲 Drawing Posterior Samples:  83%|████████▎ | 1265/1520 [00:43<00:06, 39.56step/s]
[Origin 10/13] 🎲 Drawing Posterior Samples:  83%|████████▎ | 1269/1520 [00:44<00:06, 38.15step/s]
[Origin 10/13] 🎲 Drawing Posterior Samples:  84%|████████▍ | 1273/1520 [00:44<00:06, 38.26step/s]
[Origin 10/13] 🎲 Drawing Posterior Samples:  84%|████████▍ | 1277/1520 [00:44<00:06, 37.22step/s]
[Origin 10/13] 🎲 Drawing Posterior Samples:  84%|████████▍ | 1282/1520 [00:44<00:06, 37.46step/s]
[Origin 10/13] 🎲 Drawing Posterior Samples:  85%|████████▍ | 1287/1520 [00:44<00:06, 38.35step/s]
[Origin 10/13] 🎲 Drawing Posterior Samples:  85%|████████▌ | 1292/1520 [00:44<00:05, 38.41step/s]
[Origin 10/13] 🎲 Drawing Posterior Samples:  85%|████████▌ | 1296/1520 [00:44<00:05, 38.81step/s]
[Origin 10/13] 🎲 Drawing Posterior Samples:  86%|████████▌ | 1300/1520 [00:44<00:05, 38.42step/s]
[Origin 10/13] 🎲 Drawing Posterior Samples:  86%|████████▌ | 1305/1520 [00:44<00:05, 38.70step/s]
[Origin 10/13] 🎲 Drawing Posterior Samples:  86%|████████▌ | 1310/1520 [00:45<00:05, 39.14step/s]
[Origin 10/13] 🎲 Drawing Posterior Samples:  86%|████████▋ | 1314/1520 [00:45<00:05, 38.86step/s]
[Origin 10/13] 🎲 Drawing Posterior Samples:  87%|████████▋ | 1318/1520 [00:45<00:05, 37.79step/s]
[Origin 10/13] 🎲 Drawing Posterior Samples:  87%|████████▋ | 1323/1520 [00:45<00:05, 38.35step/s]
[Origin 10/13] 🎲 Drawing Posterior Samples:  87%|████████▋ | 1328/1520 [00:45<00:05, 38.07step/s]
[Origin 10/13] 🎲 Drawing Posterior Samples:  88%|████████▊ | 1332/1520 [00:45<00:04, 38.55step/s]
[Origin 10/13] 🎲 Drawing Posterior Samples:  88%|████████▊ | 1336/1520 [00:45<00:04, 37.78step/s]
[Origin 10/13] 🎲 Drawing Posterior Samples:  88%|████████▊ | 1340/1520 [00:45<00:04, 37.62step/s]
[Origin 10/13] 🎲 Drawing Posterior Samples:  88%|████████▊ | 1344/1520 [00:46<00:04, 37.51step/s]
[Origin 10/13] 🎲 Drawing Posterior Samples:  89%|████████▊ | 1348/1520 [00:46<00:04, 37.12step/s]
[Origin 10/13] 🎲 Drawing Posterior Samples:  89%|████████▉ | 1353/1520 [00:46<00:04, 37.40step/s]
[Origin 10/13] 🎲 Drawing Posterior Samples:  89%|████████▉ | 1357/1520 [00:46<00:04, 37.68step/s]
[Origin 10/13] 🎲 Drawing Posterior Samples:  90%|████████▉ | 1361/1520 [00:46<00:04, 37.35step/s]
[Origin 10/13] 🎲 Drawing Posterior Samples:  90%|████████▉ | 1365/1520 [00:46<00:04, 37.66step/s]
[Origin 10/13] 🎲 Drawing Posterior Samples:  90%|█████████ | 1369/1520 [00:46<00:03, 37.82step/s]
[Origin 10/13] 🎲 Drawing Posterior Samples:  90%|█████████ | 1373/1520 [00:46<00:03, 36.88step/s]
[Origin 10/13] 🎲 Drawing Posterior Samples:  91%|█████████ | 1377/1520 [00:46<00:03, 37.42step/s]
[Origin 10/13] 🎲 Drawing Posterior Samples:  91%|█████████ | 1381/1520 [00:47<00:04, 34.40step/s]
[Origin 10/13] 🎲 Drawing Posterior Samples:  91%|█████████ | 1385/1520 [00:47<00:03, 34.28step/s]
[Origin 10/13] 🎲 Drawing Posterior Samples:  91%|█████████▏| 1389/1520 [00:47<00:03, 35.06step/s]
[Origin 10/13] 🎲 Drawing Posterior Samples:  92%|█████████▏| 1394/1520 [00:47<00:03, 35.90step/s]
[Origin 10/13] 🎲 Drawing Posterior Samples:  92%|█████████▏| 1399/1520 [00:47<00:03, 37.13step/s]
[Origin 10/13] 🎲 Drawing Posterior Samples:  92%|█████████▏| 1403/1520 [00:47<00:03, 37.46step/s]
[Origin 10/13] 🎲 Drawing Posterior Samples:  93%|█████████▎| 1407/1520 [00:47<00:02, 37.70step/s]
[Origin 10/13] 🎲 Drawing Posterior Samples:  93%|█████████▎| 1411/1520 [00:47<00:02, 38.02step/s]
[Origin 10/13] 🎲 Drawing Posterior Samples:  93%|█████████▎| 1415/1520 [00:47<00:02, 37.24step/s]
[Origin 10/13] 🎲 Drawing Posterior Samples:  93%|█████████▎| 1419/1520 [00:48<00:02, 36.39step/s]
[Origin 10/13] 🎲 Drawing Posterior Samples:  94%|█████████▎| 1423/1520 [00:48<00:02, 35.81step/s]
[Origin 10/13] 🎲 Drawing Posterior Samples:  94%|█████████▍| 1427/1520 [00:48<00:02, 35.82step/s]
[Origin 10/13] 🎲 Drawing Posterior Samples:  94%|█████████▍| 1431/1520 [00:48<00:02, 35.73step/s]
[Origin 10/13] 🎲 Drawing Posterior Samples:  94%|█████████▍| 1436/1520 [00:48<00:02, 36.47step/s]
[Origin 10/13] 🎲 Drawing Posterior Samples:  95%|█████████▍| 1440/1520 [00:48<00:02, 37.36step/s]
[Origin 10/13] 🎲 Drawing Posterior Samples:  95%|█████████▌| 1444/1520 [00:48<00:02, 36.91step/s]
[Origin 10/13] 🎲 Drawing Posterior Samples:  95%|█████████▌| 1448/1520 [00:48<00:01, 37.51step/s]
[Origin 10/13] 🎲 Drawing Posterior Samples:  96%|█████████▌| 1453/1520 [00:48<00:01, 38.25step/s]
[Origin 10/13] 🎲 Drawing Posterior Samples:  96%|█████████▌| 1457/1520 [00:49<00:01, 37.81step/s]
[Origin 10/13] 🎲 Drawing Posterior Samples:  96%|█████████▌| 1462/1520 [00:49<00:01, 38.73step/s]
[Origin 10/13] 🎲 Drawing Posterior Samples:  96%|█████████▋| 1466/1520 [00:49<00:01, 38.67step/s]
[Origin 10/13] 🎲 Drawing Posterior Samples:  97%|█████████▋| 1470/1520 [00:49<00:01, 38.90step/s]
[Origin 10/13] 🎲 Drawing Posterior Samples:  97%|█████████▋| 1475/1520 [00:49<00:01, 39.32step/s]
[Origin 10/13] 🎲 Drawing Posterior Samples:  97%|█████████▋| 1480/1520 [00:49<00:01, 39.67step/s]
[Origin 10/13] 🎲 Drawing Posterior Samples:  98%|█████████▊| 1485/1520 [00:49<00:00, 36.88step/s]
[Origin 10/13] 🎲 Drawing Posterior Samples:  98%|█████████▊| 1489/1520 [00:49<00:00, 34.00step/s]
[Origin 10/13] 🎲 Drawing Posterior Samples:  98%|█████████▊| 1493/1520 [00:50<00:00, 31.29step/s]
[Origin 10/13] 🎲 Drawing Posterior Samples:  98%|█████████▊| 1497/1520 [00:50<00:00, 29.90step/s]
[Origin 10/13] 🎲 Drawing Posterior Samples:  99%|█████████▉| 1501/1520 [00:50<00:00, 28.45step/s]
[Origin 10/13] 🎲 Drawing Posterior Samples:  99%|█████████▉| 1504/1520 [00:50<00:00, 27.23step/s]
[Origin 10/13] 🎲 Drawing Posterior Samples:  99%|█████████▉| 1507/1520 [00:50<00:00, 27.00step/s]
[Origin 10/13] 🎲 Drawing Posterior Samples:  99%|█████████▉| 1510/1520 [00:50<00:00, 26.71step/s]
[Origin 10/13] 🎲 Drawing Posterior Samples: 100%|█████████▉| 1513/1520 [00:50<00:00, 26.02step/s]
[Origin 10/13] 🎲 Drawing Posterior Samples: 100%|█████████▉| 1516/1520 [00:51<00:00, 25.40step/s]
[Origin 10/13] 🎲 Drawing Posterior Samples: 100%|█████████▉| 1519/1520 [00:51<00:00, 24.60step/s]
                                                                                                  

[Origin 11/13] 🎲 Drawing Posterior Samples:   0%|          | 0/1524 [00:00<?, ?step/s]
[Origin 11/13] 🎲 Drawing Posterior Samples:   0%|          | 5/1524 [00:00<00:36, 41.62step/s]
[Origin 11/13] 🎲 Drawing Posterior Samples:   1%|          | 14/1524 [00:00<00:23, 64.04step/s]
[Origin 11/13] 🎲 Drawing Posterior Samples:   1%|▏         | 21/1524 [00:00<00:25, 59.67step/s]
[Origin 11/13] 🎲 Drawing Posterior Samples:   2%|▏         | 28/1524 [00:00<00:25, 58.57step/s]
[Origin 11/13] 🎲 Drawing Posterior Samples:   2%|▏         | 34/1524 [00:00<00:25, 57.76step/s]
[Origin 11/13] 🎲 Drawing Posterior Samples:   3%|▎         | 40/1524 [00:00<00:29, 49.73step/s]
[Origin 11/13] 🎲 Drawing Posterior Samples:   3%|▎         | 46/1524 [00:00<00:33, 44.18step/s]
[Origin 11/13] 🎲 Drawing Posterior Samples:   3%|▎         | 51/1524 [00:01<00:35, 41.20step/s]
[Origin 11/13] 🎲 Drawing Posterior Samples:   4%|▎         | 56/1524 [00:01<00:36, 39.85step/s]
[Origin 11/13] 🎲 Drawing Posterior Samples:   4%|▍         | 61/1524 [00:01<00:37, 38.77step/s]
[Origin 11/13] 🎲 Drawing Posterior Samples:   4%|▍         | 65/1524 [00:01<00:38, 38.28step/s]
[Origin 11/13] 🎲 Drawing Posterior Samples:   5%|▍         | 69/1524 [00:01<00:38, 37.46step/s]
[Origin 11/13] 🎲 Drawing Posterior Samples:   5%|▍         | 73/1524 [00:01<00:39, 37.18step/s]
[Origin 11/13] 🎲 Drawing Posterior Samples:   5%|▌         | 77/1524 [00:01<00:39, 36.84step/s]
[Origin 11/13] 🎲 Drawing Posterior Samples:   5%|▌         | 81/1524 [00:01<00:39, 36.44step/s]
[Origin 11/13] 🎲 Drawing Posterior Samples:   6%|▌         | 85/1524 [00:02<00:39, 36.01step/s]
[Origin 11/13] 🎲 Drawing Posterior Samples:   6%|▌         | 89/1524 [00:02<00:39, 36.43step/s]
[Origin 11/13] 🎲 Drawing Posterior Samples:   6%|▌         | 93/1524 [00:02<00:40, 35.45step/s]
[Origin 11/13] 🎲 Drawing Posterior Samples:   6%|▋         | 97/1524 [00:02<00:39, 35.92step/s]
[Origin 11/13] 🎲 Drawing Posterior Samples:   7%|▋         | 101/1524 [00:02<00:39, 35.61step/s]
[Origin 11/13] 🎲 Drawing Posterior Samples:   7%|▋         | 105/1524 [00:02<00:38, 36.43step/s]
[Origin 11/13] 🎲 Drawing Posterior Samples:   7%|▋         | 109/1524 [00:02<00:38, 36.73step/s]
[Origin 11/13] 🎲 Drawing Posterior Samples:   7%|▋         | 113/1524 [00:02<00:39, 35.93step/s]
[Origin 11/13] 🎲 Drawing Posterior Samples:   8%|▊         | 117/1524 [00:02<00:40, 35.16step/s]
[Origin 11/13] 🎲 Drawing Posterior Samples:   8%|▊         | 121/1524 [00:03<00:39, 35.37step/s]
[Origin 11/13] 🎲 Drawing Posterior Samples:   8%|▊         | 125/1524 [00:03<00:40, 34.96step/s]
[Origin 11/13] 🎲 Drawing Posterior Samples:   8%|▊         | 129/1524 [00:03<00:39, 35.58step/s]
[Origin 11/13] 🎲 Drawing Posterior Samples:   9%|▉         | 134/1524 [00:03<00:37, 36.97step/s]
[Origin 11/13] 🎲 Drawing Posterior Samples:   9%|▉         | 138/1524 [00:03<00:37, 37.08step/s]
[Origin 11/13] 🎲 Drawing Posterior Samples:   9%|▉         | 143/1524 [00:03<00:36, 38.22step/s]
[Origin 11/13] 🎲 Drawing Posterior Samples:  10%|▉         | 147/1524 [00:03<00:36, 38.02step/s]
[Origin 11/13] 🎲 Drawing Posterior Samples:  10%|▉         | 152/1524 [00:03<00:35, 39.17step/s]
[Origin 11/13] 🎲 Drawing Posterior Samples:  10%|█         | 157/1524 [00:03<00:34, 39.96step/s]
[Origin 11/13] 🎲 Drawing Posterior Samples:  11%|█         | 161/1524 [00:04<00:34, 39.19step/s]
[Origin 11/13] 🎲 Drawing Posterior Samples:  11%|█         | 165/1524 [00:04<00:35, 38.71step/s]
[Origin 11/13] 🎲 Drawing Posterior Samples:  11%|█         | 169/1524 [00:04<00:34, 39.02step/s]
[Origin 11/13] 🎲 Drawing Posterior Samples:  11%|█▏        | 174/1524 [00:04<00:33, 39.84step/s]
[Origin 11/13] 🎲 Drawing Posterior Samples:  12%|█▏        | 179/1524 [00:04<00:34, 39.56step/s]
[Origin 11/13] 🎲 Drawing Posterior Samples:  12%|█▏        | 183/1524 [00:04<00:34, 38.90step/s]
[Origin 11/13] 🎲 Drawing Posterior Samples:  12%|█▏        | 188/1524 [00:04<00:33, 39.59step/s]
[Origin 11/13] 🎲 Drawing Posterior Samples:  13%|█▎        | 193/1524 [00:04<00:33, 39.92step/s]
[Origin 11/13] 🎲 Drawing Posterior Samples:  13%|█▎        | 198/1524 [00:04<00:32, 40.23step/s]
[Origin 11/13] 🎲 Drawing Posterior Samples:  13%|█▎        | 203/1524 [00:05<00:33, 39.98step/s]
[Origin 11/13] 🎲 Drawing Posterior Samples:  14%|█▎        | 207/1524 [00:05<00:33, 38.98step/s]
[Origin 11/13] 🎲 Drawing Posterior Samples:  14%|█▍        | 211/1524 [00:05<00:33, 39.23step/s]
[Origin 11/13] 🎲 Drawing Posterior Samples:  14%|█▍        | 216/1524 [00:05<00:33, 39.46step/s]
[Origin 11/13] 🎲 Drawing Posterior Samples:  14%|█▍        | 220/1524 [00:05<00:32, 39.55step/s]
[Origin 11/13] 🎲 Drawing Posterior Samples:  15%|█▍        | 225/1524 [00:05<00:32, 39.40step/s]
[Origin 11/13] 🎲 Drawing Posterior Samples:  15%|█▌        | 229/1524 [00:05<00:33, 38.97step/s]
[Origin 11/13] 🎲 Drawing Posterior Samples:  15%|█▌        | 233/1524 [00:05<00:33, 38.59step/s]
[Origin 11/13] 🎲 Drawing Posterior Samples:  16%|█▌        | 238/1524 [00:06<00:32, 39.01step/s]
[Origin 11/13] 🎲 Drawing Posterior Samples:  16%|█▌        | 242/1524 [00:06<00:32, 39.02step/s]
[Origin 11/13] 🎲 Drawing Posterior Samples:  16%|█▌        | 246/1524 [00:06<00:32, 39.16step/s]
[Origin 11/13] 🎲 Drawing Posterior Samples:  16%|█▋        | 251/1524 [00:06<00:32, 39.61step/s]
[Origin 11/13] 🎲 Drawing Posterior Samples:  17%|█▋        | 255/1524 [00:06<00:32, 39.34step/s]
[Origin 11/13] 🎲 Drawing Posterior Samples:  17%|█▋        | 260/1524 [00:06<00:31, 39.85step/s]
[Origin 11/13] 🎲 Drawing Posterior Samples:  17%|█▋        | 264/1524 [00:06<00:32, 39.29step/s]
[Origin 11/13] 🎲 Drawing Posterior Samples:  18%|█▊        | 269/1524 [00:06<00:31, 39.45step/s]
[Origin 11/13] 🎲 Drawing Posterior Samples:  18%|█▊        | 273/1524 [00:06<00:32, 38.88step/s]
[Origin 11/13] 🎲 Drawing Posterior Samples:  18%|█▊        | 278/1524 [00:07<00:32, 38.31step/s]
[Origin 11/13] 🎲 Drawing Posterior Samples:  19%|█▊        | 283/1524 [00:07<00:32, 38.63step/s]
[Origin 11/13] 🎲 Drawing Posterior Samples:  19%|█▉        | 288/1524 [00:07<00:31, 39.41step/s]
[Origin 11/13] 🎲 Drawing Posterior Samples:  19%|█▉        | 293/1524 [00:07<00:30, 39.95step/s]
[Origin 11/13] 🎲 Drawing Posterior Samples:  20%|█▉        | 298/1524 [00:07<00:30, 40.25step/s]
[Origin 11/13] 🎲 Drawing Posterior Samples:  20%|█▉        | 303/1524 [00:07<00:30, 39.81step/s]
[Origin 11/13] 🎲 Drawing Posterior Samples:  20%|██        | 307/1524 [00:07<00:30, 39.55step/s]
[Origin 11/13] 🎲 Drawing Posterior Samples:  20%|██        | 312/1524 [00:07<00:30, 39.99step/s]
[Origin 11/13] 🎲 Drawing Posterior Samples:  21%|██        | 317/1524 [00:07<00:30, 40.00step/s]
[Origin 11/13] 🎲 Drawing Posterior Samples:  21%|██        | 321/1524 [00:08<00:30, 39.90step/s]
[Origin 11/13] 🎲 Drawing Posterior Samples:  21%|██▏       | 325/1524 [00:08<00:30, 39.86step/s]
[Origin 11/13] 🎲 Drawing Posterior Samples:  22%|██▏       | 329/1524 [00:08<00:29, 39.87step/s]
[Origin 11/13] 🎲 Drawing Posterior Samples:  22%|██▏       | 333/1524 [00:08<00:30, 39.61step/s]
[Origin 11/13] 🎲 Drawing Posterior Samples:  22%|██▏       | 337/1524 [00:08<00:30, 39.18step/s]
[Origin 11/13] 🎲 Drawing Posterior Samples:  22%|██▏       | 341/1524 [00:08<00:30, 38.49step/s]
[Origin 11/13] 🎲 Drawing Posterior Samples:  23%|██▎       | 345/1524 [00:08<00:31, 37.51step/s]
[Origin 11/13] 🎲 Drawing Posterior Samples:  23%|██▎       | 349/1524 [00:08<00:42, 27.55step/s]
[Origin 11/13] 🎲 Drawing Posterior Samples:  23%|██▎       | 353/1524 [00:09<00:47, 24.41step/s]
[Origin 11/13] 🎲 Drawing Posterior Samples:  23%|██▎       | 356/1524 [00:09<00:52, 22.14step/s]
[Origin 11/13] 🎲 Drawing Posterior Samples:  24%|██▎       | 359/1524 [00:09<00:55, 21.09step/s]
[Origin 11/13] 🎲 Drawing Posterior Samples:  24%|██▍       | 362/1524 [00:09<00:52, 22.14step/s]
[Origin 11/13] 🎲 Drawing Posterior Samples:  24%|██▍       | 365/1524 [00:09<00:51, 22.69step/s]
[Origin 11/13] 🎲 Drawing Posterior Samples:  24%|██▍       | 368/1524 [00:09<00:50, 22.75step/s]
[Origin 11/13] 🎲 Drawing Posterior Samples:  24%|██▍       | 371/1524 [00:10<00:51, 22.60step/s]
[Origin 11/13] 🎲 Drawing Posterior Samples:  25%|██▍       | 374/1524 [00:10<00:52, 21.86step/s]
[Origin 11/13] 🎲 Drawing Posterior Samples:  25%|██▍       | 377/1524 [00:10<00:53, 21.40step/s]
[Origin 11/13] 🎲 Drawing Posterior Samples:  25%|██▍       | 380/1524 [00:10<00:54, 21.02step/s]
[Origin 11/13] 🎲 Drawing Posterior Samples:  25%|██▌       | 383/1524 [00:13<07:00,  2.71step/s]
[Origin 11/13] 🎲 Drawing Posterior Samples:  25%|██▌       | 387/1524 [00:13<04:37,  4.09step/s]
[Origin 11/13] 🎲 Drawing Posterior Samples:  26%|██▌       | 392/1524 [00:14<02:59,  6.32step/s]
[Origin 11/13] 🎲 Drawing Posterior Samples:  26%|██▌       | 397/1524 [00:14<02:03,  9.10step/s]
[Origin 11/13] 🎲 Drawing Posterior Samples:  26%|██▋       | 401/1524 [00:14<01:35, 11.73step/s]
[Origin 11/13] 🎲 Drawing Posterior Samples:  27%|██▋       | 405/1524 [00:14<01:16, 14.70step/s]
[Origin 11/13] 🎲 Drawing Posterior Samples:  27%|██▋       | 410/1524 [00:14<00:59, 18.84step/s]
[Origin 11/13] 🎲 Drawing Posterior Samples:  27%|██▋       | 415/1524 [00:14<00:48, 22.87step/s]
[Origin 11/13] 🎲 Drawing Posterior Samples:  27%|██▋       | 419/1524 [00:14<00:43, 25.61step/s]
[Origin 11/13] 🎲 Drawing Posterior Samples:  28%|██▊       | 423/1524 [00:14<00:38, 28.48step/s]
[Origin 11/13] 🎲 Drawing Posterior Samples:  28%|██▊       | 428/1524 [00:14<00:34, 31.63step/s]
[Origin 11/13] 🎲 Drawing Posterior Samples:  28%|██▊       | 433/1524 [00:15<00:32, 34.09step/s]
[Origin 11/13] 🎲 Drawing Posterior Samples:  29%|██▊       | 437/1524 [00:15<00:31, 34.89step/s]
[Origin 11/13] 🎲 Drawing Posterior Samples:  29%|██▉       | 442/1524 [00:15<00:29, 36.56step/s]
[Origin 11/13] 🎲 Drawing Posterior Samples:  29%|██▉       | 446/1524 [00:15<00:28, 37.21step/s]
[Origin 11/13] 🎲 Drawing Posterior Samples:  30%|██▉       | 450/1524 [00:15<00:28, 37.44step/s]
[Origin 11/13] 🎲 Drawing Posterior Samples:  30%|██▉       | 454/1524 [00:15<00:28, 37.32step/s]
[Origin 11/13] 🎲 Drawing Posterior Samples:  30%|███       | 458/1524 [00:15<00:28, 38.02step/s]
[Origin 11/13] 🎲 Drawing Posterior Samples:  30%|███       | 463/1524 [00:15<00:27, 39.27step/s]
[Origin 11/13] 🎲 Drawing Posterior Samples:  31%|███       | 468/1524 [00:15<00:26, 39.97step/s]
[Origin 11/13] 🎲 Drawing Posterior Samples:  31%|███       | 473/1524 [00:16<00:26, 39.15step/s]
[Origin 11/13] 🎲 Drawing Posterior Samples:  31%|███▏      | 477/1524 [00:16<00:26, 39.33step/s]
[Origin 11/13] 🎲 Drawing Posterior Samples:  32%|███▏      | 481/1524 [00:16<00:26, 39.30step/s]
[Origin 11/13] 🎲 Drawing Posterior Samples:  32%|███▏      | 485/1524 [00:16<00:27, 38.27step/s]
[Origin 11/13] 🎲 Drawing Posterior Samples:  32%|███▏      | 490/1524 [00:16<00:26, 39.21step/s]
[Origin 11/13] 🎲 Drawing Posterior Samples:  32%|███▏      | 494/1524 [00:16<00:27, 37.44step/s]
[Origin 11/13] 🎲 Drawing Posterior Samples:  33%|███▎      | 498/1524 [00:16<00:27, 37.77step/s]
[Origin 11/13] 🎲 Drawing Posterior Samples:  33%|███▎      | 502/1524 [00:16<00:26, 38.02step/s]
[Origin 11/13] 🎲 Drawing Posterior Samples:  33%|███▎      | 507/1524 [00:16<00:26, 38.82step/s]
[Origin 11/13] 🎲 Drawing Posterior Samples:  34%|███▎      | 512/1524 [00:17<00:25, 39.91step/s]
[Origin 11/13] 🎲 Drawing Posterior Samples:  34%|███▍      | 516/1524 [00:17<00:26, 38.34step/s]
[Origin 11/13] 🎲 Drawing Posterior Samples:  34%|███▍      | 520/1524 [00:17<00:26, 38.32step/s]
[Origin 11/13] 🎲 Drawing Posterior Samples:  34%|███▍      | 524/1524 [00:17<00:26, 38.08step/s]
[Origin 11/13] 🎲 Drawing Posterior Samples:  35%|███▍      | 528/1524 [00:17<00:25, 38.61step/s]
[Origin 11/13] 🎲 Drawing Posterior Samples:  35%|███▍      | 532/1524 [00:17<00:25, 38.91step/s]
[Origin 11/13] 🎲 Drawing Posterior Samples:  35%|███▌      | 536/1524 [00:17<00:25, 39.20step/s]
[Origin 11/13] 🎲 Drawing Posterior Samples:  35%|███▌      | 540/1524 [00:17<00:25, 38.99step/s]
[Origin 11/13] 🎲 Drawing Posterior Samples:  36%|███▌      | 544/1524 [00:17<00:25, 38.98step/s]
[Origin 11/13] 🎲 Drawing Posterior Samples:  36%|███▌      | 548/1524 [00:18<00:25, 37.95step/s]
[Origin 11/13] 🎲 Drawing Posterior Samples:  36%|███▋      | 553/1524 [00:18<00:24, 39.05step/s]
[Origin 11/13] 🎲 Drawing Posterior Samples:  37%|███▋      | 558/1524 [00:18<00:24, 39.23step/s]
[Origin 11/13] 🎲 Drawing Posterior Samples:  37%|███▋      | 563/1524 [00:18<00:24, 39.53step/s]
[Origin 11/13] 🎲 Drawing Posterior Samples:  37%|███▋      | 567/1524 [00:18<00:25, 38.00step/s]
[Origin 11/13] 🎲 Drawing Posterior Samples:  37%|███▋      | 571/1524 [00:18<00:24, 38.40step/s]
[Origin 11/13] 🎲 Drawing Posterior Samples:  38%|███▊      | 575/1524 [00:18<00:24, 38.84step/s]
[Origin 11/13] 🎲 Drawing Posterior Samples:  38%|███▊      | 579/1524 [00:18<00:24, 38.75step/s]
[Origin 11/13] 🎲 Drawing Posterior Samples:  38%|███▊      | 583/1524 [00:18<00:25, 37.53step/s]
[Origin 11/13] 🎲 Drawing Posterior Samples:  39%|███▊      | 587/1524 [00:19<00:25, 36.71step/s]
[Origin 11/13] 🎲 Drawing Posterior Samples:  39%|███▉      | 591/1524 [00:19<00:24, 37.43step/s]
[Origin 11/13] 🎲 Drawing Posterior Samples:  39%|███▉      | 595/1524 [00:19<00:24, 37.63step/s]
[Origin 11/13] 🎲 Drawing Posterior Samples:  39%|███▉      | 599/1524 [00:19<00:24, 37.31step/s]
[Origin 11/13] 🎲 Drawing Posterior Samples:  40%|███▉      | 604/1524 [00:19<00:24, 37.80step/s]
[Origin 11/13] 🎲 Drawing Posterior Samples:  40%|███▉      | 608/1524 [00:19<00:25, 36.45step/s]
[Origin 11/13] 🎲 Drawing Posterior Samples:  40%|████      | 612/1524 [00:19<00:24, 36.79step/s]
[Origin 11/13] 🎲 Drawing Posterior Samples:  40%|████      | 616/1524 [00:19<00:24, 37.10step/s]
[Origin 11/13] 🎲 Drawing Posterior Samples:  41%|████      | 620/1524 [00:19<00:24, 37.61step/s]
[Origin 11/13] 🎲 Drawing Posterior Samples:  41%|████      | 624/1524 [00:20<00:24, 36.75step/s]
[Origin 11/13] 🎲 Drawing Posterior Samples:  41%|████▏     | 629/1524 [00:20<00:24, 37.19step/s]
[Origin 11/13] 🎲 Drawing Posterior Samples:  42%|████▏     | 633/1524 [00:20<00:24, 37.00step/s]
[Origin 11/13] 🎲 Drawing Posterior Samples:  42%|████▏     | 637/1524 [00:20<00:23, 37.10step/s]
[Origin 11/13] 🎲 Drawing Posterior Samples:  42%|████▏     | 641/1524 [00:20<00:24, 36.64step/s]
[Origin 11/13] 🎲 Drawing Posterior Samples:  42%|████▏     | 645/1524 [00:20<00:23, 37.49step/s]
[Origin 11/13] 🎲 Drawing Posterior Samples:  43%|████▎     | 649/1524 [00:20<00:23, 37.46step/s]
[Origin 11/13] 🎲 Drawing Posterior Samples:  43%|████▎     | 653/1524 [00:20<00:23, 37.62step/s]
[Origin 11/13] 🎲 Drawing Posterior Samples:  43%|████▎     | 657/1524 [00:20<00:23, 37.60step/s]
[Origin 11/13] 🎲 Drawing Posterior Samples:  43%|████▎     | 661/1524 [00:21<00:23, 36.90step/s]
[Origin 11/13] 🎲 Drawing Posterior Samples:  44%|████▎     | 666/1524 [00:21<00:22, 37.39step/s]
[Origin 11/13] 🎲 Drawing Posterior Samples:  44%|████▍     | 670/1524 [00:21<00:23, 36.71step/s]
[Origin 11/13] 🎲 Drawing Posterior Samples:  44%|████▍     | 674/1524 [00:21<00:23, 36.90step/s]
[Origin 11/13] 🎲 Drawing Posterior Samples:  44%|████▍     | 678/1524 [00:21<00:23, 36.62step/s]
[Origin 11/13] 🎲 Drawing Posterior Samples:  45%|████▍     | 683/1524 [00:21<00:22, 37.55step/s]
[Origin 11/13] 🎲 Drawing Posterior Samples:  45%|████▌     | 687/1524 [00:21<00:22, 37.71step/s]
[Origin 11/13] 🎲 Drawing Posterior Samples:  45%|████▌     | 691/1524 [00:21<00:22, 37.18step/s]
[Origin 11/13] 🎲 Drawing Posterior Samples:  46%|████▌     | 696/1524 [00:22<00:22, 37.09step/s]
[Origin 11/13] 🎲 Drawing Posterior Samples:  46%|████▌     | 700/1524 [00:22<00:21, 37.84step/s]
[Origin 11/13] 🎲 Drawing Posterior Samples:  46%|████▌     | 704/1524 [00:22<00:22, 37.08step/s]
[Origin 11/13] 🎲 Drawing Posterior Samples:  46%|████▋     | 708/1524 [00:22<00:22, 36.44step/s]
[Origin 11/13] 🎲 Drawing Posterior Samples:  47%|████▋     | 713/1524 [00:22<00:21, 37.47step/s]
[Origin 11/13] 🎲 Drawing Posterior Samples:  47%|████▋     | 717/1524 [00:22<00:21, 37.59step/s]
[Origin 11/13] 🎲 Drawing Posterior Samples:  47%|████▋     | 721/1524 [00:22<00:21, 37.37step/s]
[Origin 11/13] 🎲 Drawing Posterior Samples:  48%|████▊     | 725/1524 [00:22<00:21, 37.67step/s]
[Origin 11/13] 🎲 Drawing Posterior Samples:  48%|████▊     | 729/1524 [00:22<00:25, 30.88step/s]
[Origin 11/13] 🎲 Drawing Posterior Samples:  48%|████▊     | 733/1524 [00:23<00:30, 26.35step/s]
[Origin 11/13] 🎲 Drawing Posterior Samples:  48%|████▊     | 736/1524 [00:23<00:34, 23.08step/s]
[Origin 11/13] 🎲 Drawing Posterior Samples:  48%|████▊     | 739/1524 [00:23<00:38, 20.18step/s]
[Origin 11/13] 🎲 Drawing Posterior Samples:  49%|████▊     | 742/1524 [00:23<00:39, 19.82step/s]
[Origin 11/13] 🎲 Drawing Posterior Samples:  49%|████▉     | 745/1524 [00:23<00:38, 20.28step/s]
[Origin 11/13] 🎲 Drawing Posterior Samples:  49%|████▉     | 748/1524 [00:23<00:37, 20.54step/s]
[Origin 11/13] 🎲 Drawing Posterior Samples:  49%|████▉     | 751/1524 [00:24<00:36, 20.95step/s]
[Origin 11/13] 🎲 Drawing Posterior Samples:  49%|████▉     | 754/1524 [00:24<00:47, 16.04step/s]
[Origin 11/13] 🎲 Drawing Posterior Samples:  50%|████▉     | 756/1524 [00:24<00:47, 16.33step/s]
[Origin 11/13] 🎲 Drawing Posterior Samples:  50%|████▉     | 758/1524 [00:24<00:47, 16.18step/s]
[Origin 11/13] 🎲 Drawing Posterior Samples:  50%|████▉     | 760/1524 [00:24<00:47, 16.13step/s]
[Origin 11/13] 🎲 Drawing Posterior Samples:  50%|█████     | 762/1524 [00:24<00:46, 16.32step/s]
[Origin 11/13] 🎲 Drawing Posterior Samples:  50%|█████     | 764/1524 [00:27<05:48,  2.18step/s]
[Origin 11/13] 🎲 Drawing Posterior Samples:  50%|█████     | 769/1524 [00:28<03:04,  4.10step/s]
[Origin 11/13] 🎲 Drawing Posterior Samples:  51%|█████     | 773/1524 [00:28<02:03,  6.06step/s]
[Origin 11/13] 🎲 Drawing Posterior Samples:  51%|█████     | 778/1524 [00:28<01:21,  9.11step/s]
[Origin 11/13] 🎲 Drawing Posterior Samples:  51%|█████▏    | 782/1524 [00:28<01:02, 11.91step/s]
[Origin 11/13] 🎲 Drawing Posterior Samples:  52%|█████▏    | 787/1524 [00:28<00:46, 15.99step/s]
[Origin 11/13] 🎲 Drawing Posterior Samples:  52%|█████▏    | 792/1524 [00:28<00:36, 20.15step/s]
[Origin 11/13] 🎲 Drawing Posterior Samples:  52%|█████▏    | 796/1524 [00:28<00:31, 23.13step/s]
[Origin 11/13] 🎲 Drawing Posterior Samples:  53%|█████▎    | 801/1524 [00:28<00:26, 26.94step/s]
[Origin 11/13] 🎲 Drawing Posterior Samples:  53%|█████▎    | 805/1524 [00:28<00:24, 29.17step/s]
[Origin 11/13] 🎲 Drawing Posterior Samples:  53%|█████▎    | 809/1524 [00:29<00:23, 29.97step/s]
[Origin 11/13] 🎲 Drawing Posterior Samples:  53%|█████▎    | 813/1524 [00:29<00:22, 31.23step/s]
[Origin 11/13] 🎲 Drawing Posterior Samples:  54%|█████▎    | 817/1524 [00:29<00:22, 31.72step/s]
[Origin 11/13] 🎲 Drawing Posterior Samples:  54%|█████▍    | 821/1524 [00:29<00:21, 33.21step/s]
[Origin 11/13] 🎲 Drawing Posterior Samples:  54%|█████▍    | 825/1524 [00:29<00:20, 33.77step/s]
[Origin 11/13] 🎲 Drawing Posterior Samples:  54%|█████▍    | 829/1524 [00:29<00:20, 34.45step/s]
[Origin 11/13] 🎲 Drawing Posterior Samples:  55%|█████▍    | 833/1524 [00:29<00:19, 35.29step/s]
[Origin 11/13] 🎲 Drawing Posterior Samples:  55%|█████▍    | 837/1524 [00:29<00:19, 34.65step/s]
[Origin 11/13] 🎲 Drawing Posterior Samples:  55%|█████▌    | 841/1524 [00:29<00:19, 35.43step/s]
[Origin 11/13] 🎲 Drawing Posterior Samples:  55%|█████▌    | 845/1524 [00:30<00:18, 36.37step/s]
[Origin 11/13] 🎲 Drawing Posterior Samples:  56%|█████▌    | 849/1524 [00:30<00:18, 36.81step/s]
[Origin 11/13] 🎲 Drawing Posterior Samples:  56%|█████▌    | 853/1524 [00:30<00:18, 37.08step/s]
[Origin 11/13] 🎲 Drawing Posterior Samples:  56%|█████▌    | 857/1524 [00:30<00:18, 35.91step/s]
[Origin 11/13] 🎲 Drawing Posterior Samples:  56%|█████▋    | 861/1524 [00:30<00:18, 34.96step/s]
[Origin 11/13] 🎲 Drawing Posterior Samples:  57%|█████▋    | 865/1524 [00:30<00:19, 34.63step/s]
[Origin 11/13] 🎲 Drawing Posterior Samples:  57%|█████▋    | 869/1524 [00:30<00:18, 35.18step/s]
[Origin 11/13] 🎲 Drawing Posterior Samples:  57%|█████▋    | 873/1524 [00:30<00:18, 35.28step/s]
[Origin 11/13] 🎲 Drawing Posterior Samples:  58%|█████▊    | 877/1524 [00:30<00:18, 35.32step/s]
[Origin 11/13] 🎲 Drawing Posterior Samples:  58%|█████▊    | 881/1524 [00:31<00:18, 34.56step/s]
[Origin 11/13] 🎲 Drawing Posterior Samples:  58%|█████▊    | 885/1524 [00:31<00:18, 35.04step/s]
[Origin 11/13] 🎲 Drawing Posterior Samples:  58%|█████▊    | 889/1524 [00:31<00:17, 36.04step/s]
[Origin 11/13] 🎲 Drawing Posterior Samples:  59%|█████▊    | 893/1524 [00:31<00:17, 36.03step/s]
[Origin 11/13] 🎲 Drawing Posterior Samples:  59%|█████▉    | 897/1524 [00:31<00:17, 35.53step/s]
[Origin 11/13] 🎲 Drawing Posterior Samples:  59%|█████▉    | 901/1524 [00:31<00:17, 34.95step/s]
[Origin 11/13] 🎲 Drawing Posterior Samples:  59%|█████▉    | 905/1524 [00:31<00:17, 35.43step/s]
[Origin 11/13] 🎲 Drawing Posterior Samples:  60%|█████▉    | 909/1524 [00:31<00:17, 35.78step/s]
[Origin 11/13] 🎲 Drawing Posterior Samples:  60%|█████▉    | 913/1524 [00:32<00:17, 35.38step/s]
[Origin 11/13] 🎲 Drawing Posterior Samples:  60%|██████    | 917/1524 [00:32<00:17, 35.62step/s]
[Origin 11/13] 🎲 Drawing Posterior Samples:  60%|██████    | 921/1524 [00:32<00:16, 35.76step/s]
[Origin 11/13] 🎲 Drawing Posterior Samples:  61%|██████    | 925/1524 [00:32<00:17, 35.00step/s]
[Origin 11/13] 🎲 Drawing Posterior Samples:  61%|██████    | 929/1524 [00:32<00:16, 35.54step/s]
[Origin 11/13] 🎲 Drawing Posterior Samples:  61%|██████    | 933/1524 [00:32<00:16, 35.66step/s]
[Origin 11/13] 🎲 Drawing Posterior Samples:  61%|██████▏   | 937/1524 [00:32<00:16, 36.02step/s]
[Origin 11/13] 🎲 Drawing Posterior Samples:  62%|██████▏   | 941/1524 [00:32<00:16, 35.83step/s]
[Origin 11/13] 🎲 Drawing Posterior Samples:  62%|██████▏   | 945/1524 [00:32<00:16, 34.80step/s]
[Origin 11/13] 🎲 Drawing Posterior Samples:  62%|██████▏   | 949/1524 [00:33<00:16, 34.72step/s]
[Origin 11/13] 🎲 Drawing Posterior Samples:  63%|██████▎   | 953/1524 [00:33<00:16, 35.02step/s]
[Origin 11/13] 🎲 Drawing Posterior Samples:  63%|██████▎   | 957/1524 [00:33<00:16, 35.38step/s]
[Origin 11/13] 🎲 Drawing Posterior Samples:  63%|██████▎   | 961/1524 [00:33<00:15, 35.79step/s]
[Origin 11/13] 🎲 Drawing Posterior Samples:  63%|██████▎   | 965/1524 [00:33<00:15, 35.05step/s]
[Origin 11/13] 🎲 Drawing Posterior Samples:  64%|██████▎   | 969/1524 [00:33<00:15, 35.36step/s]
[Origin 11/13] 🎲 Drawing Posterior Samples:  64%|██████▍   | 973/1524 [00:33<00:15, 35.34step/s]
[Origin 11/13] 🎲 Drawing Posterior Samples:  64%|██████▍   | 977/1524 [00:33<00:15, 35.88step/s]
[Origin 11/13] 🎲 Drawing Posterior Samples:  64%|██████▍   | 981/1524 [00:33<00:15, 35.80step/s]
[Origin 11/13] 🎲 Drawing Posterior Samples:  65%|██████▍   | 985/1524 [00:34<00:14, 36.75step/s]
[Origin 11/13] 🎲 Drawing Posterior Samples:  65%|██████▍   | 989/1524 [00:34<00:14, 36.64step/s]
[Origin 11/13] 🎲 Drawing Posterior Samples:  65%|██████▌   | 994/1524 [00:34<00:14, 37.12step/s]
[Origin 11/13] 🎲 Drawing Posterior Samples:  65%|██████▌   | 998/1524 [00:34<00:14, 37.48step/s]
[Origin 11/13] 🎲 Drawing Posterior Samples:  66%|██████▌   | 1002/1524 [00:34<00:13, 38.15step/s]
[Origin 11/13] 🎲 Drawing Posterior Samples:  66%|██████▌   | 1007/1524 [00:34<00:13, 39.14step/s]
[Origin 11/13] 🎲 Drawing Posterior Samples:  66%|██████▋   | 1011/1524 [00:34<00:13, 37.49step/s]
[Origin 11/13] 🎲 Drawing Posterior Samples:  67%|██████▋   | 1015/1524 [00:34<00:13, 37.95step/s]
[Origin 11/13] 🎲 Drawing Posterior Samples:  67%|██████▋   | 1020/1524 [00:34<00:13, 38.46step/s]
[Origin 11/13] 🎲 Drawing Posterior Samples:  67%|██████▋   | 1025/1524 [00:35<00:12, 39.46step/s]
[Origin 11/13] 🎲 Drawing Posterior Samples:  68%|██████▊   | 1029/1524 [00:35<00:12, 38.79step/s]
[Origin 11/13] 🎲 Drawing Posterior Samples:  68%|██████▊   | 1033/1524 [00:35<00:12, 38.25step/s]
[Origin 11/13] 🎲 Drawing Posterior Samples:  68%|██████▊   | 1037/1524 [00:35<00:12, 38.62step/s]
[Origin 11/13] 🎲 Drawing Posterior Samples:  68%|██████▊   | 1041/1524 [00:35<00:12, 38.98step/s]
[Origin 11/13] 🎲 Drawing Posterior Samples:  69%|██████▊   | 1045/1524 [00:35<00:12, 38.29step/s]
[Origin 11/13] 🎲 Drawing Posterior Samples:  69%|██████▉   | 1050/1524 [00:35<00:12, 38.89step/s]
[Origin 11/13] 🎲 Drawing Posterior Samples:  69%|██████▉   | 1055/1524 [00:35<00:11, 39.57step/s]
[Origin 11/13] 🎲 Drawing Posterior Samples:  69%|██████▉   | 1059/1524 [00:35<00:11, 39.00step/s]
[Origin 11/13] 🎲 Drawing Posterior Samples:  70%|██████▉   | 1063/1524 [00:36<00:11, 38.66step/s]
[Origin 11/13] 🎲 Drawing Posterior Samples:  70%|███████   | 1068/1524 [00:36<00:11, 39.88step/s]
[Origin 11/13] 🎲 Drawing Posterior Samples:  70%|███████   | 1072/1524 [00:36<00:11, 38.96step/s]
[Origin 11/13] 🎲 Drawing Posterior Samples:  71%|███████   | 1076/1524 [00:36<00:11, 38.91step/s]
[Origin 11/13] 🎲 Drawing Posterior Samples:  71%|███████   | 1080/1524 [00:36<00:11, 38.61step/s]
[Origin 11/13] 🎲 Drawing Posterior Samples:  71%|███████   | 1085/1524 [00:36<00:11, 39.40step/s]
[Origin 11/13] 🎲 Drawing Posterior Samples:  72%|███████▏  | 1090/1524 [00:36<00:10, 39.49step/s]
[Origin 11/13] 🎲 Drawing Posterior Samples:  72%|███████▏  | 1095/1524 [00:36<00:10, 39.42step/s]
[Origin 11/13] 🎲 Drawing Posterior Samples:  72%|███████▏  | 1100/1524 [00:36<00:10, 39.91step/s]
[Origin 11/13] 🎲 Drawing Posterior Samples:  72%|███████▏  | 1104/1524 [00:37<00:10, 38.59step/s]
[Origin 11/13] 🎲 Drawing Posterior Samples:  73%|███████▎  | 1108/1524 [00:37<00:11, 35.35step/s]
[Origin 11/13] 🎲 Drawing Posterior Samples:  73%|███████▎  | 1112/1524 [00:37<00:12, 32.47step/s]
[Origin 11/13] 🎲 Drawing Posterior Samples:  73%|███████▎  | 1116/1524 [00:37<00:13, 29.99step/s]
[Origin 11/13] 🎲 Drawing Posterior Samples:  73%|███████▎  | 1120/1524 [00:37<00:14, 28.37step/s]
[Origin 11/13] 🎲 Drawing Posterior Samples:  74%|███████▎  | 1123/1524 [00:37<00:15, 25.07step/s]
[Origin 11/13] 🎲 Drawing Posterior Samples:  74%|███████▍  | 1126/1524 [00:37<00:15, 25.10step/s]
[Origin 11/13] 🎲 Drawing Posterior Samples:  74%|███████▍  | 1129/1524 [00:38<00:15, 25.40step/s]
[Origin 11/13] 🎲 Drawing Posterior Samples:  74%|███████▍  | 1132/1524 [00:38<00:15, 25.46step/s]
[Origin 11/13] 🎲 Drawing Posterior Samples:  74%|███████▍  | 1135/1524 [00:38<00:15, 24.93step/s]
[Origin 11/13] 🎲 Drawing Posterior Samples:  75%|███████▍  | 1138/1524 [00:38<00:15, 25.34step/s]
[Origin 11/13] 🎲 Drawing Posterior Samples:  75%|███████▍  | 1141/1524 [00:38<00:15, 25.01step/s]
[Origin 11/13] 🎲 Drawing Posterior Samples:  75%|███████▌  | 1144/1524 [00:41<01:45,  3.61step/s]
[Origin 11/13] 🎲 Drawing Posterior Samples:  75%|███████▌  | 1149/1524 [00:41<01:05,  5.76step/s]
[Origin 11/13] 🎲 Drawing Posterior Samples:  76%|███████▌  | 1153/1524 [00:41<00:47,  7.86step/s]
[Origin 11/13] 🎲 Drawing Posterior Samples:  76%|███████▌  | 1157/1524 [00:41<00:35, 10.46step/s]
[Origin 11/13] 🎲 Drawing Posterior Samples:  76%|███████▌  | 1161/1524 [00:41<00:26, 13.46step/s]
[Origin 11/13] 🎲 Drawing Posterior Samples:  76%|███████▋  | 1165/1524 [00:41<00:21, 16.74step/s]
[Origin 11/13] 🎲 Drawing Posterior Samples:  77%|███████▋  | 1169/1524 [00:41<00:17, 20.18step/s]
[Origin 11/13] 🎲 Drawing Posterior Samples:  77%|███████▋  | 1173/1524 [00:41<00:15, 23.08step/s]
[Origin 11/13] 🎲 Drawing Posterior Samples:  77%|███████▋  | 1177/1524 [00:42<00:13, 26.27step/s]
[Origin 11/13] 🎲 Drawing Posterior Samples:  77%|███████▋  | 1181/1524 [00:42<00:11, 28.84step/s]
[Origin 11/13] 🎲 Drawing Posterior Samples:  78%|███████▊  | 1185/1524 [00:42<00:11, 30.72step/s]
[Origin 11/13] 🎲 Drawing Posterior Samples:  78%|███████▊  | 1189/1524 [00:42<00:10, 32.38step/s]
[Origin 11/13] 🎲 Drawing Posterior Samples:  78%|███████▊  | 1193/1524 [00:42<00:10, 32.09step/s]
[Origin 11/13] 🎲 Drawing Posterior Samples:  79%|███████▊  | 1197/1524 [00:42<00:09, 32.84step/s]
[Origin 11/13] 🎲 Drawing Posterior Samples:  79%|███████▉  | 1201/1524 [00:42<00:09, 33.44step/s]
[Origin 11/13] 🎲 Drawing Posterior Samples:  79%|███████▉  | 1205/1524 [00:42<00:09, 34.37step/s]
[Origin 11/13] 🎲 Drawing Posterior Samples:  79%|███████▉  | 1209/1524 [00:42<00:09, 34.89step/s]
[Origin 11/13] 🎲 Drawing Posterior Samples:  80%|███████▉  | 1213/1524 [00:43<00:08, 34.64step/s]
[Origin 11/13] 🎲 Drawing Posterior Samples:  80%|███████▉  | 1217/1524 [00:43<00:08, 35.85step/s]
[Origin 11/13] 🎲 Drawing Posterior Samples:  80%|████████  | 1221/1524 [00:43<00:08, 36.46step/s]
[Origin 11/13] 🎲 Drawing Posterior Samples:  80%|████████  | 1225/1524 [00:43<00:08, 35.70step/s]
[Origin 11/13] 🎲 Drawing Posterior Samples:  81%|████████  | 1229/1524 [00:43<00:08, 35.54step/s]
[Origin 11/13] 🎲 Drawing Posterior Samples:  81%|████████  | 1233/1524 [00:43<00:08, 34.73step/s]
[Origin 11/13] 🎲 Drawing Posterior Samples:  81%|████████  | 1237/1524 [00:43<00:08, 35.10step/s]
[Origin 11/13] 🎲 Drawing Posterior Samples:  81%|████████▏ | 1241/1524 [00:43<00:08, 34.98step/s]
[Origin 11/13] 🎲 Drawing Posterior Samples:  82%|████████▏ | 1245/1524 [00:43<00:07, 35.34step/s]
[Origin 11/13] 🎲 Drawing Posterior Samples:  82%|████████▏ | 1249/1524 [00:44<00:07, 35.65step/s]
[Origin 11/13] 🎲 Drawing Posterior Samples:  82%|████████▏ | 1253/1524 [00:44<00:07, 34.17step/s]
[Origin 11/13] 🎲 Drawing Posterior Samples:  83%|████████▎ | 1258/1524 [00:44<00:07, 36.70step/s]
[Origin 11/13] 🎲 Drawing Posterior Samples:  83%|████████▎ | 1263/1524 [00:44<00:06, 38.10step/s]
[Origin 11/13] 🎲 Drawing Posterior Samples:  83%|████████▎ | 1267/1524 [00:44<00:06, 38.39step/s]
[Origin 11/13] 🎲 Drawing Posterior Samples:  83%|████████▎ | 1271/1524 [00:44<00:06, 38.65step/s]
[Origin 11/13] 🎲 Drawing Posterior Samples:  84%|████████▎ | 1276/1524 [00:44<00:06, 39.07step/s]
[Origin 11/13] 🎲 Drawing Posterior Samples:  84%|████████▍ | 1280/1524 [00:44<00:06, 39.30step/s]
[Origin 11/13] 🎲 Drawing Posterior Samples:  84%|████████▍ | 1285/1524 [00:44<00:06, 39.81step/s]
[Origin 11/13] 🎲 Drawing Posterior Samples:  85%|████████▍ | 1289/1524 [00:45<00:06, 38.75step/s]
[Origin 11/13] 🎲 Drawing Posterior Samples:  85%|████████▍ | 1293/1524 [00:45<00:06, 38.26step/s]
[Origin 11/13] 🎲 Drawing Posterior Samples:  85%|████████▌ | 1297/1524 [00:45<00:05, 38.65step/s]
[Origin 11/13] 🎲 Drawing Posterior Samples:  85%|████████▌ | 1301/1524 [00:45<00:05, 38.69step/s]
[Origin 11/13] 🎲 Drawing Posterior Samples:  86%|████████▌ | 1305/1524 [00:45<00:05, 38.95step/s]
[Origin 11/13] 🎲 Drawing Posterior Samples:  86%|████████▌ | 1309/1524 [00:45<00:05, 38.02step/s]
[Origin 11/13] 🎲 Drawing Posterior Samples:  86%|████████▌ | 1314/1524 [00:45<00:05, 39.18step/s]
[Origin 11/13] 🎲 Drawing Posterior Samples:  87%|████████▋ | 1319/1524 [00:45<00:05, 39.76step/s]
[Origin 11/13] 🎲 Drawing Posterior Samples:  87%|████████▋ | 1323/1524 [00:45<00:05, 39.52step/s]
[Origin 11/13] 🎲 Drawing Posterior Samples:  87%|████████▋ | 1327/1524 [00:46<00:04, 39.49step/s]
[Origin 11/13] 🎲 Drawing Posterior Samples:  87%|████████▋ | 1331/1524 [00:46<00:04, 39.49step/s]
[Origin 11/13] 🎲 Drawing Posterior Samples:  88%|████████▊ | 1335/1524 [00:46<00:04, 39.29step/s]
[Origin 11/13] 🎲 Drawing Posterior Samples:  88%|████████▊ | 1339/1524 [00:46<00:04, 39.33step/s]
[Origin 11/13] 🎲 Drawing Posterior Samples:  88%|████████▊ | 1344/1524 [00:46<00:04, 39.55step/s]
[Origin 11/13] 🎲 Drawing Posterior Samples:  88%|████████▊ | 1348/1524 [00:46<00:04, 39.61step/s]
[Origin 11/13] 🎲 Drawing Posterior Samples:  89%|████████▊ | 1352/1524 [00:46<00:04, 39.03step/s]
[Origin 11/13] 🎲 Drawing Posterior Samples:  89%|████████▉ | 1357/1524 [00:46<00:04, 39.37step/s]
[Origin 11/13] 🎲 Drawing Posterior Samples:  89%|████████▉ | 1361/1524 [00:46<00:04, 38.98step/s]
[Origin 11/13] 🎲 Drawing Posterior Samples:  90%|████████▉ | 1366/1524 [00:47<00:04, 39.44step/s]
[Origin 11/13] 🎲 Drawing Posterior Samples:  90%|████████▉ | 1370/1524 [00:47<00:03, 38.78step/s]
[Origin 11/13] 🎲 Drawing Posterior Samples:  90%|█████████ | 1374/1524 [00:47<00:03, 38.41step/s]
[Origin 11/13] 🎲 Drawing Posterior Samples:  90%|█████████ | 1378/1524 [00:47<00:03, 38.81step/s]
[Origin 11/13] 🎲 Drawing Posterior Samples:  91%|█████████ | 1382/1524 [00:47<00:03, 37.67step/s]
[Origin 11/13] 🎲 Drawing Posterior Samples:  91%|█████████ | 1386/1524 [00:47<00:03, 37.99step/s]
[Origin 11/13] 🎲 Drawing Posterior Samples:  91%|█████████ | 1390/1524 [00:47<00:03, 37.32step/s]
[Origin 11/13] 🎲 Drawing Posterior Samples:  91%|█████████▏| 1394/1524 [00:47<00:03, 37.83step/s]
[Origin 11/13] 🎲 Drawing Posterior Samples:  92%|█████████▏| 1399/1524 [00:47<00:03, 38.44step/s]
[Origin 11/13] 🎲 Drawing Posterior Samples:  92%|█████████▏| 1404/1524 [00:48<00:03, 39.32step/s]
[Origin 11/13] 🎲 Drawing Posterior Samples:  92%|█████████▏| 1409/1524 [00:48<00:02, 39.87step/s]
[Origin 11/13] 🎲 Drawing Posterior Samples:  93%|█████████▎| 1413/1524 [00:48<00:02, 39.86step/s]
[Origin 11/13] 🎲 Drawing Posterior Samples:  93%|█████████▎| 1417/1524 [00:48<00:02, 39.55step/s]
[Origin 11/13] 🎲 Drawing Posterior Samples:  93%|█████████▎| 1421/1524 [00:48<00:02, 39.21step/s]
[Origin 11/13] 🎲 Drawing Posterior Samples:  94%|█████████▎| 1425/1524 [00:48<00:02, 38.90step/s]
[Origin 11/13] 🎲 Drawing Posterior Samples:  94%|█████████▍| 1430/1524 [00:48<00:02, 39.75step/s]
[Origin 11/13] 🎲 Drawing Posterior Samples:  94%|█████████▍| 1434/1524 [00:48<00:02, 39.81step/s]
[Origin 11/13] 🎲 Drawing Posterior Samples:  94%|█████████▍| 1438/1524 [00:48<00:02, 39.74step/s]
[Origin 11/13] 🎲 Drawing Posterior Samples:  95%|█████████▍| 1442/1524 [00:48<00:02, 39.64step/s]
[Origin 11/13] 🎲 Drawing Posterior Samples:  95%|█████████▍| 1447/1524 [00:49<00:01, 39.54step/s]
[Origin 11/13] 🎲 Drawing Posterior Samples:  95%|█████████▌| 1451/1524 [00:49<00:01, 38.71step/s]
[Origin 11/13] 🎲 Drawing Posterior Samples:  95%|█████████▌| 1455/1524 [00:49<00:01, 37.40step/s]
[Origin 11/13] 🎲 Drawing Posterior Samples:  96%|█████████▌| 1459/1524 [00:49<00:01, 37.56step/s]
[Origin 11/13] 🎲 Drawing Posterior Samples:  96%|█████████▌| 1463/1524 [00:49<00:01, 37.44step/s]
[Origin 11/13] 🎲 Drawing Posterior Samples:  96%|█████████▋| 1467/1524 [00:49<00:01, 38.11step/s]
[Origin 11/13] 🎲 Drawing Posterior Samples:  97%|█████████▋| 1471/1524 [00:49<00:01, 36.82step/s]
[Origin 11/13] 🎲 Drawing Posterior Samples:  97%|█████████▋| 1475/1524 [00:49<00:01, 37.37step/s]
[Origin 11/13] 🎲 Drawing Posterior Samples:  97%|█████████▋| 1479/1524 [00:49<00:01, 37.21step/s]
[Origin 11/13] 🎲 Drawing Posterior Samples:  97%|█████████▋| 1483/1524 [00:50<00:01, 37.36step/s]
[Origin 11/13] 🎲 Drawing Posterior Samples:  98%|█████████▊| 1487/1524 [00:50<00:00, 37.83step/s]
[Origin 11/13] 🎲 Drawing Posterior Samples:  98%|█████████▊| 1491/1524 [00:50<00:01, 31.45step/s]
[Origin 11/13] 🎲 Drawing Posterior Samples:  98%|█████████▊| 1495/1524 [00:50<00:01, 28.79step/s]
[Origin 11/13] 🎲 Drawing Posterior Samples:  98%|█████████▊| 1499/1524 [00:50<00:00, 26.53step/s]
[Origin 11/13] 🎲 Drawing Posterior Samples:  99%|█████████▊| 1502/1524 [00:50<00:00, 25.43step/s]
[Origin 11/13] 🎲 Drawing Posterior Samples:  99%|█████████▉| 1505/1524 [00:50<00:00, 23.57step/s]
[Origin 11/13] 🎲 Drawing Posterior Samples:  99%|█████████▉| 1508/1524 [00:51<00:00, 22.07step/s]
[Origin 11/13] 🎲 Drawing Posterior Samples:  99%|█████████▉| 1511/1524 [00:51<00:00, 19.18step/s]
[Origin 11/13] 🎲 Drawing Posterior Samples:  99%|█████████▉| 1514/1524 [00:51<00:00, 18.08step/s]
[Origin 11/13] 🎲 Drawing Posterior Samples:  99%|█████████▉| 1516/1524 [00:51<00:00, 18.44step/s]
[Origin 11/13] 🎲 Drawing Posterior Samples: 100%|█████████▉| 1519/1524 [00:51<00:00, 20.70step/s]
[Origin 11/13] 🎲 Drawing Posterior Samples: 100%|█████████▉| 1523/1524 [00:51<00:00, 24.18step/s]
                                                                                                  

[Origin 12/13] 🎲 Drawing Posterior Samples:   0%|          | 0/1528 [00:00<?, ?step/s]
[Origin 12/13] 🎲 Drawing Posterior Samples:   0%|          | 6/1528 [00:00<00:31, 48.76step/s]
[Origin 12/13] 🎲 Drawing Posterior Samples:   1%|          | 11/1528 [00:00<00:35, 43.08step/s]
[Origin 12/13] 🎲 Drawing Posterior Samples:   1%|          | 16/1528 [00:00<00:35, 42.19step/s]
[Origin 12/13] 🎲 Drawing Posterior Samples:   1%|▏         | 21/1528 [00:00<00:36, 40.96step/s]
[Origin 12/13] 🎲 Drawing Posterior Samples:   2%|▏         | 26/1528 [00:00<00:36, 40.91step/s]
[Origin 12/13] 🎲 Drawing Posterior Samples:   2%|▏         | 31/1528 [00:00<00:36, 40.77step/s]
[Origin 12/13] 🎲 Drawing Posterior Samples:   2%|▏         | 36/1528 [00:00<00:37, 39.77step/s]
[Origin 12/13] 🎲 Drawing Posterior Samples:   3%|▎         | 40/1528 [00:00<00:37, 39.43step/s]
[Origin 12/13] 🎲 Drawing Posterior Samples:   3%|▎         | 44/1528 [00:01<00:38, 38.85step/s]
[Origin 12/13] 🎲 Drawing Posterior Samples:   3%|▎         | 49/1528 [00:01<00:37, 39.70step/s]
[Origin 12/13] 🎲 Drawing Posterior Samples:   3%|▎         | 53/1528 [00:01<00:37, 39.20step/s]
[Origin 12/13] 🎲 Drawing Posterior Samples:   4%|▎         | 57/1528 [00:01<00:37, 39.36step/s]
[Origin 12/13] 🎲 Drawing Posterior Samples:   4%|▍         | 61/1528 [00:01<00:37, 38.65step/s]
[Origin 12/13] 🎲 Drawing Posterior Samples:   4%|▍         | 65/1528 [00:01<00:38, 37.70step/s]
[Origin 12/13] 🎲 Drawing Posterior Samples:   5%|▍         | 69/1528 [00:01<00:40, 36.37step/s]
[Origin 12/13] 🎲 Drawing Posterior Samples:   5%|▍         | 73/1528 [00:01<00:39, 36.56step/s]
[Origin 12/13] 🎲 Drawing Posterior Samples:   5%|▌         | 77/1528 [00:01<00:39, 36.30step/s]
[Origin 12/13] 🎲 Drawing Posterior Samples:   5%|▌         | 81/1528 [00:02<00:40, 36.10step/s]
[Origin 12/13] 🎲 Drawing Posterior Samples:   6%|▌         | 85/1528 [00:02<00:40, 35.55step/s]
[Origin 12/13] 🎲 Drawing Posterior Samples:   6%|▌         | 89/1528 [00:02<00:40, 35.45step/s]
[Origin 12/13] 🎲 Drawing Posterior Samples:   6%|▌         | 93/1528 [00:02<00:39, 36.26step/s]
[Origin 12/13] 🎲 Drawing Posterior Samples:   6%|▋         | 97/1528 [00:02<00:39, 36.52step/s]
[Origin 12/13] 🎲 Drawing Posterior Samples:   7%|▋         | 101/1528 [00:02<00:38, 36.70step/s]
[Origin 12/13] 🎲 Drawing Posterior Samples:   7%|▋         | 105/1528 [00:02<00:39, 35.96step/s]
[Origin 12/13] 🎲 Drawing Posterior Samples:   7%|▋         | 109/1528 [00:02<00:38, 37.04step/s]
[Origin 12/13] 🎲 Drawing Posterior Samples:   7%|▋         | 113/1528 [00:02<00:38, 37.12step/s]
[Origin 12/13] 🎲 Drawing Posterior Samples:   8%|▊         | 118/1528 [00:03<00:37, 37.88step/s]
[Origin 12/13] 🎲 Drawing Posterior Samples:   8%|▊         | 123/1528 [00:03<00:36, 38.06step/s]
[Origin 12/13] 🎲 Drawing Posterior Samples:   8%|▊         | 128/1528 [00:03<00:36, 38.02step/s]
[Origin 12/13] 🎲 Drawing Posterior Samples:   9%|▊         | 133/1528 [00:03<00:36, 37.82step/s]
[Origin 12/13] 🎲 Drawing Posterior Samples:   9%|▉         | 137/1528 [00:03<00:37, 37.45step/s]
[Origin 12/13] 🎲 Drawing Posterior Samples:   9%|▉         | 141/1528 [00:03<00:36, 37.53step/s]
[Origin 12/13] 🎲 Drawing Posterior Samples:   9%|▉         | 145/1528 [00:03<00:37, 36.99step/s]
[Origin 12/13] 🎲 Drawing Posterior Samples:  10%|▉         | 149/1528 [00:03<00:36, 37.31step/s]
[Origin 12/13] 🎲 Drawing Posterior Samples:  10%|█         | 153/1528 [00:04<00:37, 36.84step/s]
[Origin 12/13] 🎲 Drawing Posterior Samples:  10%|█         | 157/1528 [00:04<00:37, 36.54step/s]
[Origin 12/13] 🎲 Drawing Posterior Samples:  11%|█         | 162/1528 [00:04<00:36, 37.37step/s]
[Origin 12/13] 🎲 Drawing Posterior Samples:  11%|█         | 166/1528 [00:04<00:36, 37.65step/s]
[Origin 12/13] 🎲 Drawing Posterior Samples:  11%|█         | 170/1528 [00:04<00:36, 36.90step/s]
[Origin 12/13] 🎲 Drawing Posterior Samples:  11%|█▏        | 174/1528 [00:04<00:36, 37.30step/s]
[Origin 12/13] 🎲 Drawing Posterior Samples:  12%|█▏        | 178/1528 [00:04<00:36, 37.46step/s]
[Origin 12/13] 🎲 Drawing Posterior Samples:  12%|█▏        | 182/1528 [00:04<00:35, 37.68step/s]
[Origin 12/13] 🎲 Drawing Posterior Samples:  12%|█▏        | 186/1528 [00:04<00:36, 36.53step/s]
[Origin 12/13] 🎲 Drawing Posterior Samples:  12%|█▏        | 190/1528 [00:05<00:36, 36.31step/s]
[Origin 12/13] 🎲 Drawing Posterior Samples:  13%|█▎        | 194/1528 [00:05<00:36, 36.29step/s]
[Origin 12/13] 🎲 Drawing Posterior Samples:  13%|█▎        | 199/1528 [00:05<00:35, 36.96step/s]
[Origin 12/13] 🎲 Drawing Posterior Samples:  13%|█▎        | 203/1528 [00:05<00:35, 37.51step/s]
[Origin 12/13] 🎲 Drawing Posterior Samples:  14%|█▎        | 207/1528 [00:05<00:36, 36.51step/s]
[Origin 12/13] 🎲 Drawing Posterior Samples:  14%|█▍        | 211/1528 [00:05<00:35, 37.13step/s]
[Origin 12/13] 🎲 Drawing Posterior Samples:  14%|█▍        | 215/1528 [00:05<00:35, 37.05step/s]
[Origin 12/13] 🎲 Drawing Posterior Samples:  14%|█▍        | 219/1528 [00:05<00:35, 36.76step/s]
[Origin 12/13] 🎲 Drawing Posterior Samples:  15%|█▍        | 223/1528 [00:05<00:35, 36.82step/s]
[Origin 12/13] 🎲 Drawing Posterior Samples:  15%|█▍        | 227/1528 [00:06<00:35, 36.77step/s]
[Origin 12/13] 🎲 Drawing Posterior Samples:  15%|█▌        | 231/1528 [00:06<00:34, 37.24step/s]
[Origin 12/13] 🎲 Drawing Posterior Samples:  15%|█▌        | 235/1528 [00:06<00:34, 37.36step/s]
[Origin 12/13] 🎲 Drawing Posterior Samples:  16%|█▌        | 239/1528 [00:06<00:35, 36.48step/s]
[Origin 12/13] 🎲 Drawing Posterior Samples:  16%|█▌        | 244/1528 [00:06<00:34, 37.03step/s]
[Origin 12/13] 🎲 Drawing Posterior Samples:  16%|█▌        | 248/1528 [00:06<00:35, 36.43step/s]
[Origin 12/13] 🎲 Drawing Posterior Samples:  17%|█▋        | 253/1528 [00:06<00:33, 37.83step/s]
[Origin 12/13] 🎲 Drawing Posterior Samples:  17%|█▋        | 257/1528 [00:06<00:33, 37.72step/s]
[Origin 12/13] 🎲 Drawing Posterior Samples:  17%|█▋        | 261/1528 [00:06<00:33, 38.09step/s]
[Origin 12/13] 🎲 Drawing Posterior Samples:  17%|█▋        | 265/1528 [00:07<00:33, 37.53step/s]
[Origin 12/13] 🎲 Drawing Posterior Samples:  18%|█▊        | 269/1528 [00:07<00:33, 38.11step/s]
[Origin 12/13] 🎲 Drawing Posterior Samples:  18%|█▊        | 273/1528 [00:07<00:32, 38.29step/s]
[Origin 12/13] 🎲 Drawing Posterior Samples:  18%|█▊        | 278/1528 [00:07<00:32, 39.03step/s]
[Origin 12/13] 🎲 Drawing Posterior Samples:  18%|█▊        | 282/1528 [00:07<00:31, 39.22step/s]
[Origin 12/13] 🎲 Drawing Posterior Samples:  19%|█▉        | 287/1528 [00:07<00:31, 39.74step/s]
[Origin 12/13] 🎲 Drawing Posterior Samples:  19%|█▉        | 291/1528 [00:07<00:31, 39.60step/s]
[Origin 12/13] 🎲 Drawing Posterior Samples:  19%|█▉        | 296/1528 [00:07<00:31, 39.41step/s]
[Origin 12/13] 🎲 Drawing Posterior Samples:  20%|█▉        | 301/1528 [00:07<00:30, 39.81step/s]
[Origin 12/13] 🎲 Drawing Posterior Samples:  20%|█▉        | 305/1528 [00:08<00:31, 39.02step/s]
[Origin 12/13] 🎲 Drawing Posterior Samples:  20%|██        | 310/1528 [00:08<00:30, 39.58step/s]
[Origin 12/13] 🎲 Drawing Posterior Samples:  21%|██        | 314/1528 [00:08<00:31, 39.10step/s]
[Origin 12/13] 🎲 Drawing Posterior Samples:  21%|██        | 319/1528 [00:08<00:30, 39.90step/s]
[Origin 12/13] 🎲 Drawing Posterior Samples:  21%|██        | 324/1528 [00:08<00:30, 40.06step/s]
[Origin 12/13] 🎲 Drawing Posterior Samples:  21%|██▏       | 328/1528 [00:08<00:30, 39.73step/s]
[Origin 12/13] 🎲 Drawing Posterior Samples:  22%|██▏       | 333/1528 [00:08<00:30, 39.72step/s]
[Origin 12/13] 🎲 Drawing Posterior Samples:  22%|██▏       | 337/1528 [00:08<00:30, 38.94step/s]
[Origin 12/13] 🎲 Drawing Posterior Samples:  22%|██▏       | 342/1528 [00:08<00:30, 38.99step/s]
[Origin 12/13] 🎲 Drawing Posterior Samples:  23%|██▎       | 347/1528 [00:09<00:32, 36.53step/s]
[Origin 12/13] 🎲 Drawing Posterior Samples:  23%|██▎       | 351/1528 [00:09<00:35, 32.79step/s]
[Origin 12/13] 🎲 Drawing Posterior Samples:  23%|██▎       | 355/1528 [00:09<00:39, 30.02step/s]
[Origin 12/13] 🎲 Drawing Posterior Samples:  23%|██▎       | 359/1528 [00:09<00:42, 27.73step/s]
[Origin 12/13] 🎲 Drawing Posterior Samples:  24%|██▎       | 362/1528 [00:09<00:44, 26.22step/s]
[Origin 12/13] 🎲 Drawing Posterior Samples:  24%|██▍       | 365/1528 [00:09<00:45, 25.53step/s]
[Origin 12/13] 🎲 Drawing Posterior Samples:  24%|██▍       | 368/1528 [00:10<00:46, 25.01step/s]
[Origin 12/13] 🎲 Drawing Posterior Samples:  24%|██▍       | 371/1528 [00:10<00:47, 24.51step/s]
[Origin 12/13] 🎲 Drawing Posterior Samples:  24%|██▍       | 374/1528 [00:10<00:46, 24.63step/s]
[Origin 12/13] 🎲 Drawing Posterior Samples:  25%|██▍       | 377/1528 [00:10<00:47, 24.04step/s]
[Origin 12/13] 🎲 Drawing Posterior Samples:  25%|██▍       | 380/1528 [00:10<00:47, 24.14step/s]
[Origin 12/13] 🎲 Drawing Posterior Samples:  25%|██▌       | 383/1528 [00:13<05:12,  3.66step/s]
[Origin 12/13] 🎲 Drawing Posterior Samples:  25%|██▌       | 388/1528 [00:13<03:15,  5.83step/s]
[Origin 12/13] 🎲 Drawing Posterior Samples:  26%|██▌       | 393/1528 [00:13<02:13,  8.53step/s]
[Origin 12/13] 🎲 Drawing Posterior Samples:  26%|██▌       | 397/1528 [00:13<01:41, 11.11step/s]
[Origin 12/13] 🎲 Drawing Posterior Samples:  26%|██▌       | 401/1528 [00:13<01:20, 13.96step/s]
[Origin 12/13] 🎲 Drawing Posterior Samples:  27%|██▋       | 405/1528 [00:13<01:05, 17.13step/s]
[Origin 12/13] 🎲 Drawing Posterior Samples:  27%|██▋       | 410/1528 [00:13<00:51, 21.55step/s]
[Origin 12/13] 🎲 Drawing Posterior Samples:  27%|██▋       | 414/1528 [00:13<00:45, 24.30step/s]
[Origin 12/13] 🎲 Drawing Posterior Samples:  27%|██▋       | 418/1528 [00:13<00:40, 27.24step/s]
[Origin 12/13] 🎲 Drawing Posterior Samples:  28%|██▊       | 422/1528 [00:14<00:36, 29.94step/s]
[Origin 12/13] 🎲 Drawing Posterior Samples:  28%|██▊       | 426/1528 [00:14<00:34, 31.57step/s]
[Origin 12/13] 🎲 Drawing Posterior Samples:  28%|██▊       | 431/1528 [00:14<00:32, 33.79step/s]
[Origin 12/13] 🎲 Drawing Posterior Samples:  28%|██▊       | 435/1528 [00:14<00:31, 34.88step/s]
[Origin 12/13] 🎲 Drawing Posterior Samples:  29%|██▊       | 439/1528 [00:14<00:31, 34.67step/s]
[Origin 12/13] 🎲 Drawing Posterior Samples:  29%|██▉       | 443/1528 [00:14<00:31, 34.87step/s]
[Origin 12/13] 🎲 Drawing Posterior Samples:  29%|██▉       | 448/1528 [00:14<00:29, 36.28step/s]
[Origin 12/13] 🎲 Drawing Posterior Samples:  30%|██▉       | 452/1528 [00:14<00:29, 36.13step/s]
[Origin 12/13] 🎲 Drawing Posterior Samples:  30%|██▉       | 456/1528 [00:14<00:29, 35.77step/s]
[Origin 12/13] 🎲 Drawing Posterior Samples:  30%|███       | 460/1528 [00:15<00:29, 36.50step/s]
[Origin 12/13] 🎲 Drawing Posterior Samples:  30%|███       | 464/1528 [00:15<00:29, 36.67step/s]
[Origin 12/13] 🎲 Drawing Posterior Samples:  31%|███       | 468/1528 [00:15<00:29, 36.54step/s]
[Origin 12/13] 🎲 Drawing Posterior Samples:  31%|███       | 472/1528 [00:15<00:28, 37.37step/s]
[Origin 12/13] 🎲 Drawing Posterior Samples:  31%|███       | 476/1528 [00:15<00:28, 37.14step/s]
[Origin 12/13] 🎲 Drawing Posterior Samples:  31%|███▏      | 480/1528 [00:15<00:29, 35.99step/s]
[Origin 12/13] 🎲 Drawing Posterior Samples:  32%|███▏      | 484/1528 [00:15<00:28, 36.47step/s]
[Origin 12/13] 🎲 Drawing Posterior Samples:  32%|███▏      | 488/1528 [00:15<00:28, 36.15step/s]
[Origin 12/13] 🎲 Drawing Posterior Samples:  32%|███▏      | 492/1528 [00:15<00:28, 35.95step/s]
[Origin 12/13] 🎲 Drawing Posterior Samples:  33%|███▎      | 497/1528 [00:16<00:27, 37.20step/s]
[Origin 12/13] 🎲 Drawing Posterior Samples:  33%|███▎      | 501/1528 [00:16<00:28, 36.33step/s]
[Origin 12/13] 🎲 Drawing Posterior Samples:  33%|███▎      | 505/1528 [00:16<00:28, 35.52step/s]
[Origin 12/13] 🎲 Drawing Posterior Samples:  33%|███▎      | 509/1528 [00:16<00:29, 34.41step/s]
[Origin 12/13] 🎲 Drawing Posterior Samples:  34%|███▎      | 513/1528 [00:16<00:28, 35.43step/s]
[Origin 12/13] 🎲 Drawing Posterior Samples:  34%|███▍      | 517/1528 [00:16<00:28, 35.85step/s]
[Origin 12/13] 🎲 Drawing Posterior Samples:  34%|███▍      | 521/1528 [00:16<00:28, 35.43step/s]
[Origin 12/13] 🎲 Drawing Posterior Samples:  34%|███▍      | 525/1528 [00:16<00:27, 36.50step/s]
[Origin 12/13] 🎲 Drawing Posterior Samples:  35%|███▍      | 529/1528 [00:16<00:26, 37.42step/s]
[Origin 12/13] 🎲 Drawing Posterior Samples:  35%|███▍      | 533/1528 [00:17<00:26, 37.50step/s]
[Origin 12/13] 🎲 Drawing Posterior Samples:  35%|███▌      | 537/1528 [00:17<00:26, 37.40step/s]
[Origin 12/13] 🎲 Drawing Posterior Samples:  35%|███▌      | 541/1528 [00:17<00:32, 30.44step/s]
[Origin 12/13] 🎲 Drawing Posterior Samples:  36%|███▌      | 545/1528 [00:17<00:35, 27.83step/s]
[Origin 12/13] 🎲 Drawing Posterior Samples:  36%|███▌      | 548/1528 [00:17<00:34, 28.11step/s]
[Origin 12/13] 🎲 Drawing Posterior Samples:  36%|███▌      | 552/1528 [00:17<00:33, 29.13step/s]
[Origin 12/13] 🎲 Drawing Posterior Samples:  36%|███▋      | 556/1528 [00:17<00:30, 31.43step/s]
[Origin 12/13] 🎲 Drawing Posterior Samples:  37%|███▋      | 560/1528 [00:18<00:30, 31.80step/s]
[Origin 12/13] 🎲 Drawing Posterior Samples:  37%|███▋      | 564/1528 [00:18<00:29, 32.53step/s]
[Origin 12/13] 🎲 Drawing Posterior Samples:  37%|███▋      | 568/1528 [00:18<00:29, 32.62step/s]
[Origin 12/13] 🎲 Drawing Posterior Samples:  38%|███▊      | 573/1528 [00:18<00:27, 34.86step/s]
[Origin 12/13] 🎲 Drawing Posterior Samples:  38%|███▊      | 577/1528 [00:18<00:26, 35.97step/s]
[Origin 12/13] 🎲 Drawing Posterior Samples:  38%|███▊      | 581/1528 [00:18<00:25, 36.90step/s]
[Origin 12/13] 🎲 Drawing Posterior Samples:  38%|███▊      | 585/1528 [00:18<00:25, 37.32step/s]
[Origin 12/13] 🎲 Drawing Posterior Samples:  39%|███▊      | 589/1528 [00:18<00:24, 38.06step/s]
[Origin 12/13] 🎲 Drawing Posterior Samples:  39%|███▉      | 594/1528 [00:18<00:23, 38.97step/s]
[Origin 12/13] 🎲 Drawing Posterior Samples:  39%|███▉      | 599/1528 [00:19<00:23, 39.22step/s]
[Origin 12/13] 🎲 Drawing Posterior Samples:  40%|███▉      | 604/1528 [00:19<00:23, 39.85step/s]
[Origin 12/13] 🎲 Drawing Posterior Samples:  40%|███▉      | 608/1528 [00:19<00:23, 39.81step/s]
[Origin 12/13] 🎲 Drawing Posterior Samples:  40%|████      | 612/1528 [00:19<00:23, 39.74step/s]
[Origin 12/13] 🎲 Drawing Posterior Samples:  40%|████      | 616/1528 [00:19<00:23, 39.30step/s]
[Origin 12/13] 🎲 Drawing Posterior Samples:  41%|████      | 620/1528 [00:19<00:23, 39.24step/s]
[Origin 12/13] 🎲 Drawing Posterior Samples:  41%|████      | 625/1528 [00:19<00:22, 39.78step/s]
[Origin 12/13] 🎲 Drawing Posterior Samples:  41%|████      | 629/1528 [00:19<00:23, 38.94step/s]
[Origin 12/13] 🎲 Drawing Posterior Samples:  41%|████▏     | 634/1528 [00:19<00:22, 38.92step/s]
[Origin 12/13] 🎲 Drawing Posterior Samples:  42%|████▏     | 639/1528 [00:20<00:22, 39.33step/s]
[Origin 12/13] 🎲 Drawing Posterior Samples:  42%|████▏     | 644/1528 [00:20<00:22, 39.63step/s]
[Origin 12/13] 🎲 Drawing Posterior Samples:  42%|████▏     | 649/1528 [00:20<00:21, 40.30step/s]
[Origin 12/13] 🎲 Drawing Posterior Samples:  43%|████▎     | 654/1528 [00:20<00:21, 40.14step/s]
[Origin 12/13] 🎲 Drawing Posterior Samples:  43%|████▎     | 659/1528 [00:20<00:21, 39.80step/s]
[Origin 12/13] 🎲 Drawing Posterior Samples:  43%|████▎     | 664/1528 [00:20<00:21, 40.05step/s]
[Origin 12/13] 🎲 Drawing Posterior Samples:  44%|████▍     | 669/1528 [00:20<00:21, 39.42step/s]
[Origin 12/13] 🎲 Drawing Posterior Samples:  44%|████▍     | 673/1528 [00:20<00:22, 38.84step/s]
[Origin 12/13] 🎲 Drawing Posterior Samples:  44%|████▍     | 677/1528 [00:20<00:21, 39.08step/s]
[Origin 12/13] 🎲 Drawing Posterior Samples:  45%|████▍     | 682/1528 [00:21<00:21, 39.74step/s]
[Origin 12/13] 🎲 Drawing Posterior Samples:  45%|████▍     | 686/1528 [00:21<00:21, 39.33step/s]
[Origin 12/13] 🎲 Drawing Posterior Samples:  45%|████▌     | 690/1528 [00:21<00:21, 39.31step/s]
[Origin 12/13] 🎲 Drawing Posterior Samples:  45%|████▌     | 695/1528 [00:21<00:20, 39.89step/s]
[Origin 12/13] 🎲 Drawing Posterior Samples:  46%|████▌     | 700/1528 [00:21<00:20, 40.34step/s]
[Origin 12/13] 🎲 Drawing Posterior Samples:  46%|████▌     | 705/1528 [00:21<00:20, 40.33step/s]
[Origin 12/13] 🎲 Drawing Posterior Samples:  46%|████▋     | 710/1528 [00:21<00:21, 38.67step/s]
[Origin 12/13] 🎲 Drawing Posterior Samples:  47%|████▋     | 714/1528 [00:21<00:24, 33.73step/s]
[Origin 12/13] 🎲 Drawing Posterior Samples:  47%|████▋     | 718/1528 [00:22<00:23, 34.64step/s]
[Origin 12/13] 🎲 Drawing Posterior Samples:  47%|████▋     | 722/1528 [00:22<00:23, 34.74step/s]
[Origin 12/13] 🎲 Drawing Posterior Samples:  48%|████▊     | 726/1528 [00:22<00:22, 34.97step/s]
[Origin 12/13] 🎲 Drawing Posterior Samples:  48%|████▊     | 730/1528 [00:22<00:25, 31.72step/s]
[Origin 12/13] 🎲 Drawing Posterior Samples:  48%|████▊     | 734/1528 [00:22<00:25, 30.81step/s]
[Origin 12/13] 🎲 Drawing Posterior Samples:  48%|████▊     | 738/1528 [00:22<00:27, 28.64step/s]
[Origin 12/13] 🎲 Drawing Posterior Samples:  48%|████▊     | 741/1528 [00:22<00:29, 26.77step/s]
[Origin 12/13] 🎲 Drawing Posterior Samples:  49%|████▊     | 744/1528 [00:23<00:30, 25.97step/s]
[Origin 12/13] 🎲 Drawing Posterior Samples:  49%|████▉     | 747/1528 [00:23<00:30, 25.42step/s]
[Origin 12/13] 🎲 Drawing Posterior Samples:  49%|████▉     | 750/1528 [00:23<00:30, 25.26step/s]
[Origin 12/13] 🎲 Drawing Posterior Samples:  49%|████▉     | 753/1528 [00:23<00:31, 24.27step/s]
[Origin 12/13] 🎲 Drawing Posterior Samples:  49%|████▉     | 756/1528 [00:23<00:32, 24.00step/s]
[Origin 12/13] 🎲 Drawing Posterior Samples:  50%|████▉     | 759/1528 [00:23<00:32, 23.33step/s]
[Origin 12/13] 🎲 Drawing Posterior Samples:  50%|████▉     | 762/1528 [00:23<00:34, 22.42step/s]
[Origin 12/13] 🎲 Drawing Posterior Samples:  50%|█████     | 765/1528 [00:26<03:28,  3.67step/s]
[Origin 12/13] 🎲 Drawing Posterior Samples:  50%|█████     | 769/1528 [00:26<02:19,  5.45step/s]
[Origin 12/13] 🎲 Drawing Posterior Samples:  51%|█████     | 773/1528 [00:26<01:38,  7.66step/s]
[Origin 12/13] 🎲 Drawing Posterior Samples:  51%|█████     | 777/1528 [00:26<01:13, 10.29step/s]
[Origin 12/13] 🎲 Drawing Posterior Samples:  51%|█████     | 782/1528 [00:26<00:52, 14.11step/s]
[Origin 12/13] 🎲 Drawing Posterior Samples:  51%|█████▏    | 786/1528 [00:26<00:43, 17.15step/s]
[Origin 12/13] 🎲 Drawing Posterior Samples:  52%|█████▏    | 790/1528 [00:26<00:36, 20.38step/s]
[Origin 12/13] 🎲 Drawing Posterior Samples:  52%|█████▏    | 795/1528 [00:27<00:30, 24.33step/s]
[Origin 12/13] 🎲 Drawing Posterior Samples:  52%|█████▏    | 799/1528 [00:27<00:26, 27.06step/s]
[Origin 12/13] 🎲 Drawing Posterior Samples:  53%|█████▎    | 803/1528 [00:27<00:25, 28.93step/s]
[Origin 12/13] 🎲 Drawing Posterior Samples:  53%|█████▎    | 808/1528 [00:27<00:22, 31.88step/s]
[Origin 12/13] 🎲 Drawing Posterior Samples:  53%|█████▎    | 812/1528 [00:27<00:22, 32.05step/s]
[Origin 12/13] 🎲 Drawing Posterior Samples:  53%|█████▎    | 816/1528 [00:27<00:21, 32.86step/s]
[Origin 12/13] 🎲 Drawing Posterior Samples:  54%|█████▎    | 820/1528 [00:27<00:20, 33.94step/s]
[Origin 12/13] 🎲 Drawing Posterior Samples:  54%|█████▍    | 824/1528 [00:27<00:20, 35.14step/s]
[Origin 12/13] 🎲 Drawing Posterior Samples:  54%|█████▍    | 828/1528 [00:28<00:20, 33.99step/s]
[Origin 12/13] 🎲 Drawing Posterior Samples:  54%|█████▍    | 832/1528 [00:28<00:19, 35.21step/s]
[Origin 12/13] 🎲 Drawing Posterior Samples:  55%|█████▍    | 837/1528 [00:28<00:18, 36.95step/s]
[Origin 12/13] 🎲 Drawing Posterior Samples:  55%|█████▌    | 841/1528 [00:28<00:18, 36.52step/s]
[Origin 12/13] 🎲 Drawing Posterior Samples:  55%|█████▌    | 846/1528 [00:28<00:17, 37.95step/s]
[Origin 12/13] 🎲 Drawing Posterior Samples:  56%|█████▌    | 850/1528 [00:28<00:17, 37.86step/s]
[Origin 12/13] 🎲 Drawing Posterior Samples:  56%|█████▌    | 854/1528 [00:28<00:17, 38.39step/s]
[Origin 12/13] 🎲 Drawing Posterior Samples:  56%|█████▌    | 858/1528 [00:28<00:18, 35.95step/s]
[Origin 12/13] 🎲 Drawing Posterior Samples:  56%|█████▋    | 862/1528 [00:28<00:18, 36.79step/s]
[Origin 12/13] 🎲 Drawing Posterior Samples:  57%|█████▋    | 866/1528 [00:29<00:18, 36.37step/s]
[Origin 12/13] 🎲 Drawing Posterior Samples:  57%|█████▋    | 870/1528 [00:29<00:17, 37.19step/s]
[Origin 12/13] 🎲 Drawing Posterior Samples:  57%|█████▋    | 874/1528 [00:29<00:17, 37.16step/s]
[Origin 12/13] 🎲 Drawing Posterior Samples:  57%|█████▋    | 878/1528 [00:29<00:17, 37.41step/s]
[Origin 12/13] 🎲 Drawing Posterior Samples:  58%|█████▊    | 882/1528 [00:29<00:17, 37.96step/s]
[Origin 12/13] 🎲 Drawing Posterior Samples:  58%|█████▊    | 887/1528 [00:29<00:16, 38.55step/s]
[Origin 12/13] 🎲 Drawing Posterior Samples:  58%|█████▊    | 891/1528 [00:29<00:17, 37.39step/s]
[Origin 12/13] 🎲 Drawing Posterior Samples:  59%|█████▊    | 895/1528 [00:29<00:17, 36.93step/s]
[Origin 12/13] 🎲 Drawing Posterior Samples:  59%|█████▉    | 899/1528 [00:29<00:18, 34.84step/s]
[Origin 12/13] 🎲 Drawing Posterior Samples:  59%|█████▉    | 904/1528 [00:30<00:17, 36.67step/s]
[Origin 12/13] 🎲 Drawing Posterior Samples:  59%|█████▉    | 908/1528 [00:30<00:17, 35.56step/s]
[Origin 12/13] 🎲 Drawing Posterior Samples:  60%|█████▉    | 912/1528 [00:30<00:16, 36.39step/s]
[Origin 12/13] 🎲 Drawing Posterior Samples:  60%|█████▉    | 916/1528 [00:30<00:16, 37.22step/s]
[Origin 12/13] 🎲 Drawing Posterior Samples:  60%|██████    | 920/1528 [00:30<00:17, 34.91step/s]
[Origin 12/13] 🎲 Drawing Posterior Samples:  60%|██████    | 924/1528 [00:30<00:17, 34.52step/s]
[Origin 12/13] 🎲 Drawing Posterior Samples:  61%|██████    | 928/1528 [00:30<00:17, 34.47step/s]
[Origin 12/13] 🎲 Drawing Posterior Samples:  61%|██████    | 933/1528 [00:30<00:16, 36.00step/s]
[Origin 12/13] 🎲 Drawing Posterior Samples:  61%|██████▏   | 938/1528 [00:30<00:15, 37.32step/s]
[Origin 12/13] 🎲 Drawing Posterior Samples:  62%|██████▏   | 942/1528 [00:31<00:16, 36.29step/s]
[Origin 12/13] 🎲 Drawing Posterior Samples:  62%|██████▏   | 946/1528 [00:31<00:16, 35.41step/s]
[Origin 12/13] 🎲 Drawing Posterior Samples:  62%|██████▏   | 950/1528 [00:31<00:16, 34.79step/s]
[Origin 12/13] 🎲 Drawing Posterior Samples:  62%|██████▏   | 954/1528 [00:31<00:16, 34.49step/s]
[Origin 12/13] 🎲 Drawing Posterior Samples:  63%|██████▎   | 958/1528 [00:31<00:17, 33.45step/s]
[Origin 12/13] 🎲 Drawing Posterior Samples:  63%|██████▎   | 962/1528 [00:31<00:16, 34.34step/s]
[Origin 12/13] 🎲 Drawing Posterior Samples:  63%|██████▎   | 966/1528 [00:31<00:15, 35.73step/s]
[Origin 12/13] 🎲 Drawing Posterior Samples:  63%|██████▎   | 970/1528 [00:31<00:15, 35.81step/s]
[Origin 12/13] 🎲 Drawing Posterior Samples:  64%|██████▎   | 974/1528 [00:32<00:15, 35.18step/s]
[Origin 12/13] 🎲 Drawing Posterior Samples:  64%|██████▍   | 978/1528 [00:32<00:15, 34.96step/s]
[Origin 12/13] 🎲 Drawing Posterior Samples:  64%|██████▍   | 982/1528 [00:32<00:15, 36.06step/s]
[Origin 12/13] 🎲 Drawing Posterior Samples:  65%|██████▍   | 986/1528 [00:32<00:15, 35.66step/s]
[Origin 12/13] 🎲 Drawing Posterior Samples:  65%|██████▍   | 991/1528 [00:32<00:14, 36.12step/s]
[Origin 12/13] 🎲 Drawing Posterior Samples:  65%|██████▌   | 995/1528 [00:32<00:14, 36.34step/s]
[Origin 12/13] 🎲 Drawing Posterior Samples:  65%|██████▌   | 999/1528 [00:32<00:15, 33.96step/s]
[Origin 12/13] 🎲 Drawing Posterior Samples:  66%|██████▌   | 1003/1528 [00:32<00:15, 34.54step/s]
[Origin 12/13] 🎲 Drawing Posterior Samples:  66%|██████▌   | 1007/1528 [00:32<00:15, 34.63step/s]
[Origin 12/13] 🎲 Drawing Posterior Samples:  66%|██████▌   | 1011/1528 [00:33<00:14, 35.05step/s]
[Origin 12/13] 🎲 Drawing Posterior Samples:  66%|██████▋   | 1015/1528 [00:33<00:14, 35.70step/s]
[Origin 12/13] 🎲 Drawing Posterior Samples:  67%|██████▋   | 1019/1528 [00:33<00:14, 35.38step/s]
[Origin 12/13] 🎲 Drawing Posterior Samples:  67%|██████▋   | 1023/1528 [00:33<00:14, 34.72step/s]
[Origin 12/13] 🎲 Drawing Posterior Samples:  67%|██████▋   | 1027/1528 [00:33<00:13, 36.04step/s]
[Origin 12/13] 🎲 Drawing Posterior Samples:  67%|██████▋   | 1031/1528 [00:33<00:14, 35.37step/s]
[Origin 12/13] 🎲 Drawing Posterior Samples:  68%|██████▊   | 1035/1528 [00:33<00:14, 35.20step/s]
[Origin 12/13] 🎲 Drawing Posterior Samples:  68%|██████▊   | 1039/1528 [00:33<00:13, 35.82step/s]
[Origin 12/13] 🎲 Drawing Posterior Samples:  68%|██████▊   | 1043/1528 [00:34<00:14, 34.06step/s]
[Origin 12/13] 🎲 Drawing Posterior Samples:  69%|██████▊   | 1047/1528 [00:34<00:13, 34.54step/s]
[Origin 12/13] 🎲 Drawing Posterior Samples:  69%|██████▉   | 1051/1528 [00:34<00:13, 35.30step/s]
[Origin 12/13] 🎲 Drawing Posterior Samples:  69%|██████▉   | 1055/1528 [00:34<00:12, 36.47step/s]
[Origin 12/13] 🎲 Drawing Posterior Samples:  69%|██████▉   | 1059/1528 [00:34<00:13, 35.82step/s]
[Origin 12/13] 🎲 Drawing Posterior Samples:  70%|██████▉   | 1064/1528 [00:34<00:12, 36.53step/s]
[Origin 12/13] 🎲 Drawing Posterior Samples:  70%|██████▉   | 1068/1528 [00:34<00:12, 36.89step/s]
[Origin 12/13] 🎲 Drawing Posterior Samples:  70%|███████   | 1072/1528 [00:34<00:13, 34.35step/s]
[Origin 12/13] 🎲 Drawing Posterior Samples:  70%|███████   | 1076/1528 [00:34<00:12, 35.66step/s]
[Origin 12/13] 🎲 Drawing Posterior Samples:  71%|███████   | 1080/1528 [00:35<00:13, 34.03step/s]
[Origin 12/13] 🎲 Drawing Posterior Samples:  71%|███████   | 1084/1528 [00:35<00:12, 34.60step/s]
[Origin 12/13] 🎲 Drawing Posterior Samples:  71%|███████   | 1088/1528 [00:35<00:12, 35.06step/s]
[Origin 12/13] 🎲 Drawing Posterior Samples:  71%|███████▏  | 1092/1528 [00:35<00:12, 34.93step/s]
[Origin 12/13] 🎲 Drawing Posterior Samples:  72%|███████▏  | 1096/1528 [00:35<00:12, 35.36step/s]
[Origin 12/13] 🎲 Drawing Posterior Samples:  72%|███████▏  | 1101/1528 [00:35<00:11, 37.22step/s]
[Origin 12/13] 🎲 Drawing Posterior Samples:  72%|███████▏  | 1105/1528 [00:35<00:11, 37.81step/s]
[Origin 12/13] 🎲 Drawing Posterior Samples:  73%|███████▎  | 1109/1528 [00:35<00:11, 37.69step/s]
[Origin 12/13] 🎲 Drawing Posterior Samples:  73%|███████▎  | 1113/1528 [00:35<00:12, 31.99step/s]
[Origin 12/13] 🎲 Drawing Posterior Samples:  73%|███████▎  | 1117/1528 [00:36<00:14, 29.16step/s]
[Origin 12/13] 🎲 Drawing Posterior Samples:  73%|███████▎  | 1121/1528 [00:36<00:14, 27.87step/s]
[Origin 12/13] 🎲 Drawing Posterior Samples:  74%|███████▎  | 1124/1528 [00:36<00:14, 26.94step/s]
[Origin 12/13] 🎲 Drawing Posterior Samples:  74%|███████▍  | 1127/1528 [00:36<00:15, 25.80step/s]
[Origin 12/13] 🎲 Drawing Posterior Samples:  74%|███████▍  | 1130/1528 [00:36<00:15, 24.93step/s]
[Origin 12/13] 🎲 Drawing Posterior Samples:  74%|███████▍  | 1133/1528 [00:36<00:16, 23.26step/s]
[Origin 12/13] 🎲 Drawing Posterior Samples:  74%|███████▍  | 1136/1528 [00:36<00:16, 23.15step/s]
[Origin 12/13] 🎲 Drawing Posterior Samples:  75%|███████▍  | 1139/1528 [00:37<00:16, 23.29step/s]
[Origin 12/13] 🎲 Drawing Posterior Samples:  75%|███████▍  | 1142/1528 [00:37<00:16, 22.83step/s]
[Origin 12/13] 🎲 Drawing Posterior Samples:  75%|███████▍  | 1145/1528 [00:37<00:17, 21.85step/s]
[Origin 12/13] 🎲 Drawing Posterior Samples:  75%|███████▌  | 1148/1528 [00:39<01:38,  3.84step/s]
[Origin 12/13] 🎲 Drawing Posterior Samples:  75%|███████▌  | 1152/1528 [00:39<01:06,  5.67step/s]
[Origin 12/13] 🎲 Drawing Posterior Samples:  76%|███████▌  | 1156/1528 [00:39<00:46,  8.00step/s]
[Origin 12/13] 🎲 Drawing Posterior Samples:  76%|███████▌  | 1160/1528 [00:40<00:34, 10.70step/s]
[Origin 12/13] 🎲 Drawing Posterior Samples:  76%|███████▌  | 1164/1528 [00:40<00:26, 13.81step/s]
[Origin 12/13] 🎲 Drawing Posterior Samples:  76%|███████▋  | 1168/1528 [00:40<00:21, 16.94step/s]
[Origin 12/13] 🎲 Drawing Posterior Samples:  77%|███████▋  | 1172/1528 [00:40<00:17, 20.14step/s]
[Origin 12/13] 🎲 Drawing Posterior Samples:  77%|███████▋  | 1176/1528 [00:40<00:14, 23.68step/s]
[Origin 12/13] 🎲 Drawing Posterior Samples:  77%|███████▋  | 1180/1528 [00:40<00:13, 25.93step/s]
[Origin 12/13] 🎲 Drawing Posterior Samples:  77%|███████▋  | 1184/1528 [00:40<00:12, 28.50step/s]
[Origin 12/13] 🎲 Drawing Posterior Samples:  78%|███████▊  | 1189/1528 [00:40<00:10, 31.84step/s]
[Origin 12/13] 🎲 Drawing Posterior Samples:  78%|███████▊  | 1193/1528 [00:40<00:10, 31.50step/s]
[Origin 12/13] 🎲 Drawing Posterior Samples:  78%|███████▊  | 1197/1528 [00:41<00:10, 30.81step/s]
[Origin 12/13] 🎲 Drawing Posterior Samples:  79%|███████▊  | 1201/1528 [00:41<00:09, 32.71step/s]
[Origin 12/13] 🎲 Drawing Posterior Samples:  79%|███████▉  | 1205/1528 [00:41<00:09, 33.56step/s]
[Origin 12/13] 🎲 Drawing Posterior Samples:  79%|███████▉  | 1210/1528 [00:41<00:08, 35.91step/s]
[Origin 12/13] 🎲 Drawing Posterior Samples:  79%|███████▉  | 1214/1528 [00:41<00:09, 34.54step/s]
[Origin 12/13] 🎲 Drawing Posterior Samples:  80%|███████▉  | 1218/1528 [00:41<00:10, 30.96step/s]
[Origin 12/13] 🎲 Drawing Posterior Samples:  80%|███████▉  | 1222/1528 [00:41<00:10, 29.40step/s]
[Origin 12/13] 🎲 Drawing Posterior Samples:  80%|████████  | 1226/1528 [00:42<00:10, 28.39step/s]
[Origin 12/13] 🎲 Drawing Posterior Samples:  80%|████████  | 1229/1528 [00:42<00:10, 27.44step/s]
[Origin 12/13] 🎲 Drawing Posterior Samples:  81%|████████  | 1233/1528 [00:42<00:10, 28.30step/s]
[Origin 12/13] 🎲 Drawing Posterior Samples:  81%|████████  | 1236/1528 [00:42<00:10, 28.67step/s]
[Origin 12/13] 🎲 Drawing Posterior Samples:  81%|████████  | 1240/1528 [00:42<00:09, 30.47step/s]
[Origin 12/13] 🎲 Drawing Posterior Samples:  81%|████████▏ | 1244/1528 [00:42<00:09, 31.11step/s]
[Origin 12/13] 🎲 Drawing Posterior Samples:  82%|████████▏ | 1248/1528 [00:42<00:08, 32.20step/s]
[Origin 12/13] 🎲 Drawing Posterior Samples:  82%|████████▏ | 1252/1528 [00:42<00:08, 32.05step/s]
[Origin 12/13] 🎲 Drawing Posterior Samples:  82%|████████▏ | 1256/1528 [00:42<00:08, 33.07step/s]
[Origin 12/13] 🎲 Drawing Posterior Samples:  82%|████████▏ | 1260/1528 [00:43<00:08, 31.58step/s]
[Origin 12/13] 🎲 Drawing Posterior Samples:  83%|████████▎ | 1264/1528 [00:43<00:08, 30.04step/s]
[Origin 12/13] 🎲 Drawing Posterior Samples:  83%|████████▎ | 1268/1528 [00:43<00:08, 29.67step/s]
[Origin 12/13] 🎲 Drawing Posterior Samples:  83%|████████▎ | 1271/1528 [00:43<00:08, 28.75step/s]
[Origin 12/13] 🎲 Drawing Posterior Samples:  83%|████████▎ | 1274/1528 [00:43<00:08, 28.43step/s]
[Origin 12/13] 🎲 Drawing Posterior Samples:  84%|████████▎ | 1277/1528 [00:43<00:08, 28.56step/s]
[Origin 12/13] 🎲 Drawing Posterior Samples:  84%|████████▍ | 1281/1528 [00:43<00:08, 29.69step/s]
[Origin 12/13] 🎲 Drawing Posterior Samples:  84%|████████▍ | 1284/1528 [00:43<00:08, 28.73step/s]
[Origin 12/13] 🎲 Drawing Posterior Samples:  84%|████████▍ | 1287/1528 [00:44<00:08, 28.83step/s]
[Origin 12/13] 🎲 Drawing Posterior Samples:  84%|████████▍ | 1290/1528 [00:44<00:08, 28.83step/s]
[Origin 12/13] 🎲 Drawing Posterior Samples:  85%|████████▍ | 1294/1528 [00:44<00:07, 31.19step/s]
[Origin 12/13] 🎲 Drawing Posterior Samples:  85%|████████▍ | 1298/1528 [00:44<00:07, 31.77step/s]
[Origin 12/13] 🎲 Drawing Posterior Samples:  85%|████████▌ | 1302/1528 [00:44<00:07, 31.34step/s]
[Origin 12/13] 🎲 Drawing Posterior Samples:  85%|████████▌ | 1306/1528 [00:44<00:07, 29.84step/s]
[Origin 12/13] 🎲 Drawing Posterior Samples:  86%|████████▌ | 1310/1528 [00:44<00:07, 29.32step/s]
[Origin 12/13] 🎲 Drawing Posterior Samples:  86%|████████▌ | 1313/1528 [00:44<00:07, 29.13step/s]
[Origin 12/13] 🎲 Drawing Posterior Samples:  86%|████████▌ | 1316/1528 [00:45<00:07, 29.03step/s]
[Origin 12/13] 🎲 Drawing Posterior Samples:  86%|████████▋ | 1319/1528 [00:45<00:07, 28.68step/s]
[Origin 12/13] 🎲 Drawing Posterior Samples:  87%|████████▋ | 1323/1528 [00:45<00:06, 29.53step/s]
[Origin 12/13] 🎲 Drawing Posterior Samples:  87%|████████▋ | 1327/1528 [00:45<00:06, 29.53step/s]
[Origin 12/13] 🎲 Drawing Posterior Samples:  87%|████████▋ | 1331/1528 [00:45<00:06, 29.84step/s]
[Origin 12/13] 🎲 Drawing Posterior Samples:  87%|████████▋ | 1334/1528 [00:45<00:06, 29.81step/s]
[Origin 12/13] 🎲 Drawing Posterior Samples:  88%|████████▊ | 1338/1528 [00:45<00:06, 31.07step/s]
[Origin 12/13] 🎲 Drawing Posterior Samples:  88%|████████▊ | 1342/1528 [00:45<00:05, 31.43step/s]
[Origin 12/13] 🎲 Drawing Posterior Samples:  88%|████████▊ | 1346/1528 [00:46<00:05, 30.86step/s]
[Origin 12/13] 🎲 Drawing Posterior Samples:  88%|████████▊ | 1350/1528 [00:46<00:05, 30.48step/s]
[Origin 12/13] 🎲 Drawing Posterior Samples:  89%|████████▊ | 1354/1528 [00:46<00:05, 30.78step/s]
[Origin 12/13] 🎲 Drawing Posterior Samples:  89%|████████▉ | 1358/1528 [00:46<00:05, 30.61step/s]
[Origin 12/13] 🎲 Drawing Posterior Samples:  89%|████████▉ | 1362/1528 [00:46<00:05, 29.36step/s]
[Origin 12/13] 🎲 Drawing Posterior Samples:  89%|████████▉ | 1366/1528 [00:46<00:05, 29.69step/s]
[Origin 12/13] 🎲 Drawing Posterior Samples:  90%|████████▉ | 1370/1528 [00:46<00:05, 30.50step/s]
[Origin 12/13] 🎲 Drawing Posterior Samples:  90%|████████▉ | 1374/1528 [00:46<00:04, 31.16step/s]
[Origin 12/13] 🎲 Drawing Posterior Samples:  90%|█████████ | 1378/1528 [00:47<00:04, 30.94step/s]
[Origin 12/13] 🎲 Drawing Posterior Samples:  90%|█████████ | 1382/1528 [00:47<00:04, 30.61step/s]
[Origin 12/13] 🎲 Drawing Posterior Samples:  91%|█████████ | 1386/1528 [00:47<00:04, 29.48step/s]
[Origin 12/13] 🎲 Drawing Posterior Samples:  91%|█████████ | 1389/1528 [00:47<00:04, 29.57step/s]
[Origin 12/13] 🎲 Drawing Posterior Samples:  91%|█████████ | 1393/1528 [00:47<00:04, 29.41step/s]
[Origin 12/13] 🎲 Drawing Posterior Samples:  91%|█████████▏| 1397/1528 [00:47<00:04, 30.13step/s]
[Origin 12/13] 🎲 Drawing Posterior Samples:  92%|█████████▏| 1401/1528 [00:47<00:04, 30.23step/s]
[Origin 12/13] 🎲 Drawing Posterior Samples:  92%|█████████▏| 1405/1528 [00:47<00:03, 31.60step/s]
[Origin 12/13] 🎲 Drawing Posterior Samples:  92%|█████████▏| 1410/1528 [00:48<00:03, 33.29step/s]
[Origin 12/13] 🎲 Drawing Posterior Samples:  93%|█████████▎| 1414/1528 [00:48<00:03, 34.60step/s]
[Origin 12/13] 🎲 Drawing Posterior Samples:  93%|█████████▎| 1419/1528 [00:48<00:02, 36.90step/s]
[Origin 12/13] 🎲 Drawing Posterior Samples:  93%|█████████▎| 1423/1528 [00:48<00:02, 35.68step/s]
[Origin 12/13] 🎲 Drawing Posterior Samples:  93%|█████████▎| 1427/1528 [00:48<00:02, 36.38step/s]
[Origin 12/13] 🎲 Drawing Posterior Samples:  94%|█████████▎| 1431/1528 [00:48<00:02, 36.29step/s]
[Origin 12/13] 🎲 Drawing Posterior Samples:  94%|█████████▍| 1435/1528 [00:48<00:02, 35.99step/s]
[Origin 12/13] 🎲 Drawing Posterior Samples:  94%|█████████▍| 1439/1528 [00:48<00:02, 36.28step/s]
[Origin 12/13] 🎲 Drawing Posterior Samples:  95%|█████████▍| 1444/1528 [00:49<00:02, 37.01step/s]
[Origin 12/13] 🎲 Drawing Posterior Samples:  95%|█████████▍| 1450/1528 [00:49<00:01, 41.21step/s]
[Origin 12/13] 🎲 Drawing Posterior Samples:  95%|█████████▌| 1455/1528 [00:49<00:01, 42.18step/s]
[Origin 12/13] 🎲 Drawing Posterior Samples:  96%|█████████▌| 1460/1528 [00:49<00:01, 44.07step/s]
[Origin 12/13] 🎲 Drawing Posterior Samples:  96%|█████████▌| 1465/1528 [00:49<00:01, 41.00step/s]
[Origin 12/13] 🎲 Drawing Posterior Samples:  96%|█████████▌| 1470/1528 [00:49<00:01, 37.78step/s]
[Origin 12/13] 🎲 Drawing Posterior Samples:  96%|█████████▋| 1474/1528 [00:49<00:01, 36.61step/s]
[Origin 12/13] 🎲 Drawing Posterior Samples:  97%|█████████▋| 1478/1528 [00:49<00:01, 34.26step/s]
[Origin 12/13] 🎲 Drawing Posterior Samples:  97%|█████████▋| 1482/1528 [00:50<00:01, 34.57step/s]
[Origin 12/13] 🎲 Drawing Posterior Samples:  97%|█████████▋| 1486/1528 [00:50<00:01, 34.16step/s]
[Origin 12/13] 🎲 Drawing Posterior Samples:  98%|█████████▊| 1490/1528 [00:50<00:01, 32.83step/s]
[Origin 12/13] 🎲 Drawing Posterior Samples:  98%|█████████▊| 1494/1528 [00:50<00:01, 30.39step/s]
[Origin 12/13] 🎲 Drawing Posterior Samples:  98%|█████████▊| 1498/1528 [00:50<00:01, 28.26step/s]
[Origin 12/13] 🎲 Drawing Posterior Samples:  98%|█████████▊| 1501/1528 [00:50<00:01, 25.62step/s]
[Origin 12/13] 🎲 Drawing Posterior Samples:  98%|█████████▊| 1504/1528 [00:50<00:01, 20.24step/s]
[Origin 12/13] 🎲 Drawing Posterior Samples:  99%|█████████▊| 1507/1528 [00:51<00:01, 18.65step/s]
[Origin 12/13] 🎲 Drawing Posterior Samples:  99%|█████████▉| 1510/1528 [00:51<00:00, 20.26step/s]
[Origin 12/13] 🎲 Drawing Posterior Samples:  99%|█████████▉| 1513/1528 [00:51<00:00, 20.14step/s]
[Origin 12/13] 🎲 Drawing Posterior Samples:  99%|█████████▉| 1516/1528 [00:51<00:00, 18.05step/s]
[Origin 12/13] 🎲 Drawing Posterior Samples:  99%|█████████▉| 1518/1528 [00:51<00:00, 16.16step/s]
[Origin 12/13] 🎲 Drawing Posterior Samples:  99%|█████████▉| 1520/1528 [00:52<00:00, 14.09step/s]
[Origin 12/13] 🎲 Drawing Posterior Samples: 100%|█████████▉| 1522/1528 [00:52<00:00, 13.73step/s]
[Origin 12/13] 🎲 Drawing Posterior Samples: 100%|█████████▉| 1524/1528 [00:52<00:00, 13.36step/s]
[Origin 12/13] 🎲 Drawing Posterior Samples: 100%|█████████▉| 1526/1528 [00:52<00:00, 13.05step/s]
[Origin 12/13] 🎲 Drawing Posterior Samples: 100%|██████████| 1528/1528 [00:52<00:00, 13.27step/s]
                                                                                                  

[Origin 13/13] 🎲 Drawing Posterior Samples:   0%|          | 0/1532 [00:00<?, ?step/s]
[Origin 13/13] 🎲 Drawing Posterior Samples:   0%|          | 5/1532 [00:00<00:38, 39.93step/s]
[Origin 13/13] 🎲 Drawing Posterior Samples:   1%|          | 12/1532 [00:00<00:27, 55.58step/s]
[Origin 13/13] 🎲 Drawing Posterior Samples:   1%|          | 18/1532 [00:00<00:28, 52.40step/s]
[Origin 13/13] 🎲 Drawing Posterior Samples:   2%|▏         | 24/1532 [00:00<00:29, 50.34step/s]
[Origin 13/13] 🎲 Drawing Posterior Samples:   2%|▏         | 30/1532 [00:00<00:30, 49.38step/s]
[Origin 13/13] 🎲 Drawing Posterior Samples:   2%|▏         | 35/1532 [00:00<00:32, 45.43step/s]
[Origin 13/13] 🎲 Drawing Posterior Samples:   3%|▎         | 40/1532 [00:00<00:39, 37.72step/s]
[Origin 13/13] 🎲 Drawing Posterior Samples:   3%|▎         | 44/1532 [00:01<00:40, 37.00step/s]
[Origin 13/13] 🎲 Drawing Posterior Samples:   3%|▎         | 48/1532 [00:01<00:44, 33.40step/s]
[Origin 13/13] 🎲 Drawing Posterior Samples:   3%|▎         | 52/1532 [00:01<00:48, 30.82step/s]
[Origin 13/13] 🎲 Drawing Posterior Samples:   4%|▎         | 56/1532 [00:01<00:49, 30.11step/s]
[Origin 13/13] 🎲 Drawing Posterior Samples:   4%|▍         | 60/1532 [00:01<00:49, 29.79step/s]
[Origin 13/13] 🎲 Drawing Posterior Samples:   4%|▍         | 64/1532 [00:01<00:52, 28.05step/s]
[Origin 13/13] 🎲 Drawing Posterior Samples:   4%|▍         | 67/1532 [00:01<00:54, 26.92step/s]
[Origin 13/13] 🎲 Drawing Posterior Samples:   5%|▍         | 71/1532 [00:02<00:51, 28.63step/s]
[Origin 13/13] 🎲 Drawing Posterior Samples:   5%|▍         | 75/1532 [00:02<00:49, 29.14step/s]
[Origin 13/13] 🎲 Drawing Posterior Samples:   5%|▌         | 78/1532 [00:02<00:49, 29.34step/s]
[Origin 13/13] 🎲 Drawing Posterior Samples:   5%|▌         | 82/1532 [00:02<00:48, 29.98step/s]
[Origin 13/13] 🎲 Drawing Posterior Samples:   6%|▌         | 86/1532 [00:02<00:46, 30.90step/s]
[Origin 13/13] 🎲 Drawing Posterior Samples:   6%|▌         | 90/1532 [00:02<00:47, 30.64step/s]
[Origin 13/13] 🎲 Drawing Posterior Samples:   6%|▌         | 94/1532 [00:02<00:46, 30.95step/s]
[Origin 13/13] 🎲 Drawing Posterior Samples:   6%|▋         | 98/1532 [00:02<00:45, 31.48step/s]
[Origin 13/13] 🎲 Drawing Posterior Samples:   7%|▋         | 102/1532 [00:03<00:45, 31.77step/s]
[Origin 13/13] 🎲 Drawing Posterior Samples:   7%|▋         | 106/1532 [00:03<00:44, 31.74step/s]
[Origin 13/13] 🎲 Drawing Posterior Samples:   7%|▋         | 110/1532 [00:03<00:44, 32.00step/s]
[Origin 13/13] 🎲 Drawing Posterior Samples:   7%|▋         | 114/1532 [00:03<00:43, 32.50step/s]
[Origin 13/13] 🎲 Drawing Posterior Samples:   8%|▊         | 118/1532 [00:03<00:44, 32.02step/s]
[Origin 13/13] 🎲 Drawing Posterior Samples:   8%|▊         | 122/1532 [00:03<00:44, 31.89step/s]
[Origin 13/13] 🎲 Drawing Posterior Samples:   8%|▊         | 126/1532 [00:03<00:44, 31.84step/s]
[Origin 13/13] 🎲 Drawing Posterior Samples:   8%|▊         | 130/1532 [00:03<00:44, 31.72step/s]
[Origin 13/13] 🎲 Drawing Posterior Samples:   9%|▊         | 134/1532 [00:04<00:43, 32.28step/s]
[Origin 13/13] 🎲 Drawing Posterior Samples:   9%|▉         | 138/1532 [00:04<00:42, 32.48step/s]
[Origin 13/13] 🎲 Drawing Posterior Samples:   9%|▉         | 142/1532 [00:04<00:42, 32.71step/s]
[Origin 13/13] 🎲 Drawing Posterior Samples:  10%|▉         | 146/1532 [00:04<00:43, 31.94step/s]
[Origin 13/13] 🎲 Drawing Posterior Samples:  10%|▉         | 150/1532 [00:04<00:43, 31.60step/s]
[Origin 13/13] 🎲 Drawing Posterior Samples:  10%|█         | 154/1532 [00:04<00:43, 31.89step/s]
[Origin 13/13] 🎲 Drawing Posterior Samples:  10%|█         | 158/1532 [00:04<00:42, 32.20step/s]
[Origin 13/13] 🎲 Drawing Posterior Samples:  11%|█         | 162/1532 [00:04<00:42, 32.01step/s]
[Origin 13/13] 🎲 Drawing Posterior Samples:  11%|█         | 166/1532 [00:05<00:43, 31.71step/s]
[Origin 13/13] 🎲 Drawing Posterior Samples:  11%|█         | 170/1532 [00:05<00:43, 31.55step/s]
[Origin 13/13] 🎲 Drawing Posterior Samples:  11%|█▏        | 174/1532 [00:05<00:42, 31.82step/s]
[Origin 13/13] 🎲 Drawing Posterior Samples:  12%|█▏        | 178/1532 [00:05<00:42, 32.16step/s]
[Origin 13/13] 🎲 Drawing Posterior Samples:  12%|█▏        | 182/1532 [00:05<00:41, 32.58step/s]
[Origin 13/13] 🎲 Drawing Posterior Samples:  12%|█▏        | 186/1532 [00:05<00:41, 32.65step/s]
[Origin 13/13] 🎲 Drawing Posterior Samples:  12%|█▏        | 190/1532 [00:05<00:41, 32.37step/s]
[Origin 13/13] 🎲 Drawing Posterior Samples:  13%|█▎        | 194/1532 [00:05<00:42, 31.72step/s]
[Origin 13/13] 🎲 Drawing Posterior Samples:  13%|█▎        | 198/1532 [00:06<00:42, 31.30step/s]
[Origin 13/13] 🎲 Drawing Posterior Samples:  13%|█▎        | 202/1532 [00:06<00:42, 31.41step/s]
[Origin 13/13] 🎲 Drawing Posterior Samples:  13%|█▎        | 206/1532 [00:06<00:41, 31.72step/s]
[Origin 13/13] 🎲 Drawing Posterior Samples:  14%|█▎        | 210/1532 [00:06<00:41, 31.94step/s]
[Origin 13/13] 🎲 Drawing Posterior Samples:  14%|█▍        | 214/1532 [00:06<00:41, 31.82step/s]
[Origin 13/13] 🎲 Drawing Posterior Samples:  14%|█▍        | 218/1532 [00:06<00:41, 31.79step/s]
[Origin 13/13] 🎲 Drawing Posterior Samples:  14%|█▍        | 222/1532 [00:06<00:41, 31.30step/s]
[Origin 13/13] 🎲 Drawing Posterior Samples:  15%|█▍        | 226/1532 [00:06<00:41, 31.54step/s]
[Origin 13/13] 🎲 Drawing Posterior Samples:  15%|█▌        | 230/1532 [00:07<00:41, 31.72step/s]
[Origin 13/13] 🎲 Drawing Posterior Samples:  15%|█▌        | 234/1532 [00:07<00:41, 31.24step/s]
[Origin 13/13] 🎲 Drawing Posterior Samples:  16%|█▌        | 238/1532 [00:07<00:41, 31.14step/s]
[Origin 13/13] 🎲 Drawing Posterior Samples:  16%|█▌        | 242/1532 [00:07<00:41, 31.33step/s]
[Origin 13/13] 🎲 Drawing Posterior Samples:  16%|█▌        | 246/1532 [00:07<00:40, 31.51step/s]
[Origin 13/13] 🎲 Drawing Posterior Samples:  16%|█▋        | 250/1532 [00:07<00:40, 31.64step/s]
[Origin 13/13] 🎲 Drawing Posterior Samples:  17%|█▋        | 254/1532 [00:07<00:39, 32.32step/s]
[Origin 13/13] 🎲 Drawing Posterior Samples:  17%|█▋        | 258/1532 [00:07<00:39, 31.93step/s]
[Origin 13/13] 🎲 Drawing Posterior Samples:  17%|█▋        | 262/1532 [00:08<00:39, 32.42step/s]
[Origin 13/13] 🎲 Drawing Posterior Samples:  17%|█▋        | 266/1532 [00:08<00:39, 32.07step/s]
[Origin 13/13] 🎲 Drawing Posterior Samples:  18%|█▊        | 270/1532 [00:08<00:39, 32.15step/s]
[Origin 13/13] 🎲 Drawing Posterior Samples:  18%|█▊        | 274/1532 [00:08<00:40, 31.25step/s]
[Origin 13/13] 🎲 Drawing Posterior Samples:  18%|█▊        | 278/1532 [00:08<00:40, 31.16step/s]
[Origin 13/13] 🎲 Drawing Posterior Samples:  18%|█▊        | 282/1532 [00:08<00:39, 31.89step/s]
[Origin 13/13] 🎲 Drawing Posterior Samples:  19%|█▊        | 286/1532 [00:08<00:39, 31.54step/s]
[Origin 13/13] 🎲 Drawing Posterior Samples:  19%|█▉        | 290/1532 [00:08<00:41, 29.84step/s]
[Origin 13/13] 🎲 Drawing Posterior Samples:  19%|█▉        | 294/1532 [00:09<00:40, 30.82step/s]
[Origin 13/13] 🎲 Drawing Posterior Samples:  19%|█▉        | 298/1532 [00:09<00:39, 31.07step/s]
[Origin 13/13] 🎲 Drawing Posterior Samples:  20%|█▉        | 302/1532 [00:09<00:39, 31.35step/s]
[Origin 13/13] 🎲 Drawing Posterior Samples:  20%|█▉        | 306/1532 [00:09<00:39, 31.12step/s]
[Origin 13/13] 🎲 Drawing Posterior Samples:  20%|██        | 310/1532 [00:09<00:39, 31.28step/s]
[Origin 13/13] 🎲 Drawing Posterior Samples:  20%|██        | 314/1532 [00:09<00:38, 31.61step/s]
[Origin 13/13] 🎲 Drawing Posterior Samples:  21%|██        | 318/1532 [00:09<00:38, 31.27step/s]
[Origin 13/13] 🎲 Drawing Posterior Samples:  21%|██        | 322/1532 [00:09<00:37, 31.91step/s]
[Origin 13/13] 🎲 Drawing Posterior Samples:  21%|██▏       | 326/1532 [00:10<00:38, 31.57step/s]
[Origin 13/13] 🎲 Drawing Posterior Samples:  22%|██▏       | 330/1532 [00:10<00:37, 31.84step/s]
[Origin 13/13] 🎲 Drawing Posterior Samples:  22%|██▏       | 334/1532 [00:10<00:37, 31.70step/s]
[Origin 13/13] 🎲 Drawing Posterior Samples:  22%|██▏       | 338/1532 [00:10<00:37, 32.11step/s]
[Origin 13/13] 🎲 Drawing Posterior Samples:  22%|██▏       | 342/1532 [00:10<00:37, 31.63step/s]
[Origin 13/13] 🎲 Drawing Posterior Samples:  23%|██▎       | 346/1532 [00:10<00:38, 31.03step/s]
[Origin 13/13] 🎲 Drawing Posterior Samples:  23%|██▎       | 350/1532 [00:10<00:42, 27.62step/s]
[Origin 13/13] 🎲 Drawing Posterior Samples:  23%|██▎       | 353/1532 [00:11<00:44, 26.38step/s]
[Origin 13/13] 🎲 Drawing Posterior Samples:  23%|██▎       | 356/1532 [00:11<00:46, 25.25step/s]
[Origin 13/13] 🎲 Drawing Posterior Samples:  23%|██▎       | 359/1532 [00:11<00:47, 24.52step/s]
[Origin 13/13] 🎲 Drawing Posterior Samples:  24%|██▎       | 362/1532 [00:11<00:49, 23.83step/s]
[Origin 13/13] 🎲 Drawing Posterior Samples:  24%|██▍       | 365/1532 [00:11<00:50, 22.92step/s]
[Origin 13/13] 🎲 Drawing Posterior Samples:  24%|██▍       | 368/1532 [00:11<00:51, 22.72step/s]
[Origin 13/13] 🎲 Drawing Posterior Samples:  24%|██▍       | 371/1532 [00:11<00:52, 22.13step/s]
[Origin 13/13] 🎲 Drawing Posterior Samples:  24%|██▍       | 374/1532 [00:11<00:54, 21.39step/s]
[Origin 13/13] 🎲 Drawing Posterior Samples:  25%|██▍       | 377/1532 [00:12<00:54, 21.12step/s]
[Origin 13/13] 🎲 Drawing Posterior Samples:  25%|██▍       | 380/1532 [00:12<00:55, 20.72step/s]
[Origin 13/13] 🎲 Drawing Posterior Samples:  25%|██▌       | 383/1532 [00:12<00:56, 20.47step/s]
[Origin 13/13] 🎲 Drawing Posterior Samples:  25%|██▌       | 386/1532 [00:15<05:34,  3.43step/s]
[Origin 13/13] 🎲 Drawing Posterior Samples:  25%|██▌       | 390/1532 [00:15<03:44,  5.09step/s]
[Origin 13/13] 🎲 Drawing Posterior Samples:  26%|██▌       | 394/1532 [00:15<02:38,  7.16step/s]
[Origin 13/13] 🎲 Drawing Posterior Samples:  26%|██▌       | 398/1532 [00:15<01:57,  9.67step/s]
[Origin 13/13] 🎲 Drawing Posterior Samples:  26%|██▌       | 402/1532 [00:15<01:30, 12.45step/s]
[Origin 13/13] 🎲 Drawing Posterior Samples:  27%|██▋       | 406/1532 [00:15<01:13, 15.35step/s]
[Origin 13/13] 🎲 Drawing Posterior Samples:  27%|██▋       | 410/1532 [00:15<01:01, 18.39step/s]
[Origin 13/13] 🎲 Drawing Posterior Samples:  27%|██▋       | 414/1532 [00:15<00:52, 21.38step/s]
[Origin 13/13] 🎲 Drawing Posterior Samples:  27%|██▋       | 418/1532 [00:15<00:46, 23.90step/s]
[Origin 13/13] 🎲 Drawing Posterior Samples:  28%|██▊       | 422/1532 [00:16<00:42, 25.86step/s]
[Origin 13/13] 🎲 Drawing Posterior Samples:  28%|██▊       | 426/1532 [00:16<00:39, 27.78step/s]
[Origin 13/13] 🎲 Drawing Posterior Samples:  28%|██▊       | 430/1532 [00:16<00:38, 28.61step/s]
[Origin 13/13] 🎲 Drawing Posterior Samples:  28%|██▊       | 434/1532 [00:16<00:37, 29.27step/s]
[Origin 13/13] 🎲 Drawing Posterior Samples:  29%|██▊       | 438/1532 [00:16<00:35, 30.74step/s]
[Origin 13/13] 🎲 Drawing Posterior Samples:  29%|██▉       | 442/1532 [00:16<00:35, 30.56step/s]
[Origin 13/13] 🎲 Drawing Posterior Samples:  29%|██▉       | 446/1532 [00:16<00:34, 31.45step/s]
[Origin 13/13] 🎲 Drawing Posterior Samples:  29%|██▉       | 450/1532 [00:16<00:33, 32.20step/s]
[Origin 13/13] 🎲 Drawing Posterior Samples:  30%|██▉       | 454/1532 [00:17<00:33, 32.53step/s]
[Origin 13/13] 🎲 Drawing Posterior Samples:  30%|██▉       | 458/1532 [00:17<00:33, 32.16step/s]
[Origin 13/13] 🎲 Drawing Posterior Samples:  30%|███       | 462/1532 [00:17<00:32, 32.49step/s]
[Origin 13/13] 🎲 Drawing Posterior Samples:  30%|███       | 466/1532 [00:17<00:33, 31.89step/s]
[Origin 13/13] 🎲 Drawing Posterior Samples:  31%|███       | 470/1532 [00:17<00:32, 32.38step/s]
[Origin 13/13] 🎲 Drawing Posterior Samples:  31%|███       | 474/1532 [00:17<00:33, 31.85step/s]
[Origin 13/13] 🎲 Drawing Posterior Samples:  31%|███       | 478/1532 [00:17<00:32, 32.13step/s]
[Origin 13/13] 🎲 Drawing Posterior Samples:  31%|███▏      | 482/1532 [00:17<00:32, 32.26step/s]
[Origin 13/13] 🎲 Drawing Posterior Samples:  32%|███▏      | 486/1532 [00:18<00:32, 32.41step/s]
[Origin 13/13] 🎲 Drawing Posterior Samples:  32%|███▏      | 490/1532 [00:18<00:31, 33.00step/s]
[Origin 13/13] 🎲 Drawing Posterior Samples:  32%|███▏      | 494/1532 [00:18<00:32, 32.04step/s]
[Origin 13/13] 🎲 Drawing Posterior Samples:  33%|███▎      | 498/1532 [00:18<00:31, 32.37step/s]
[Origin 13/13] 🎲 Drawing Posterior Samples:  33%|███▎      | 502/1532 [00:18<00:31, 32.38step/s]
[Origin 13/13] 🎲 Drawing Posterior Samples:  33%|███▎      | 506/1532 [00:18<00:31, 32.12step/s]
[Origin 13/13] 🎲 Drawing Posterior Samples:  33%|███▎      | 510/1532 [00:18<00:32, 31.59step/s]
[Origin 13/13] 🎲 Drawing Posterior Samples:  34%|███▎      | 514/1532 [00:19<00:35, 28.77step/s]
[Origin 13/13] 🎲 Drawing Posterior Samples:  34%|███▍      | 518/1532 [00:19<00:34, 29.58step/s]
[Origin 13/13] 🎲 Drawing Posterior Samples:  34%|███▍      | 522/1532 [00:19<00:33, 30.38step/s]
[Origin 13/13] 🎲 Drawing Posterior Samples:  34%|███▍      | 526/1532 [00:19<00:31, 31.53step/s]
[Origin 13/13] 🎲 Drawing Posterior Samples:  35%|███▍      | 530/1532 [00:19<00:31, 31.89step/s]
[Origin 13/13] 🎲 Drawing Posterior Samples:  35%|███▍      | 534/1532 [00:19<00:31, 31.32step/s]
[Origin 13/13] 🎲 Drawing Posterior Samples:  35%|███▌      | 538/1532 [00:19<00:31, 31.73step/s]
[Origin 13/13] 🎲 Drawing Posterior Samples:  35%|███▌      | 542/1532 [00:19<00:30, 31.97step/s]
[Origin 13/13] 🎲 Drawing Posterior Samples:  36%|███▌      | 546/1532 [00:20<00:30, 31.96step/s]
[Origin 13/13] 🎲 Drawing Posterior Samples:  36%|███▌      | 550/1532 [00:20<00:30, 31.82step/s]
[Origin 13/13] 🎲 Drawing Posterior Samples:  36%|███▌      | 554/1532 [00:20<00:31, 31.54step/s]
[Origin 13/13] 🎲 Drawing Posterior Samples:  36%|███▋      | 558/1532 [00:20<00:30, 32.37step/s]
[Origin 13/13] 🎲 Drawing Posterior Samples:  37%|███▋      | 562/1532 [00:20<00:30, 32.08step/s]
[Origin 13/13] 🎲 Drawing Posterior Samples:  37%|███▋      | 566/1532 [00:20<00:30, 31.34step/s]
[Origin 13/13] 🎲 Drawing Posterior Samples:  37%|███▋      | 570/1532 [00:20<00:30, 31.05step/s]
[Origin 13/13] 🎲 Drawing Posterior Samples:  37%|███▋      | 574/1532 [00:20<00:30, 31.68step/s]
[Origin 13/13] 🎲 Drawing Posterior Samples:  38%|███▊      | 578/1532 [00:21<00:30, 31.02step/s]
[Origin 13/13] 🎲 Drawing Posterior Samples:  38%|███▊      | 582/1532 [00:21<00:32, 28.94step/s]
[Origin 13/13] 🎲 Drawing Posterior Samples:  38%|███▊      | 586/1532 [00:21<00:31, 29.84step/s]
[Origin 13/13] 🎲 Drawing Posterior Samples:  39%|███▊      | 590/1532 [00:21<00:31, 29.53step/s]
[Origin 13/13] 🎲 Drawing Posterior Samples:  39%|███▊      | 593/1532 [00:21<00:32, 28.94step/s]
[Origin 13/13] 🎲 Drawing Posterior Samples:  39%|███▉      | 596/1532 [00:21<00:32, 28.79step/s]
[Origin 13/13] 🎲 Drawing Posterior Samples:  39%|███▉      | 600/1532 [00:21<00:31, 29.96step/s]
[Origin 13/13] 🎲 Drawing Posterior Samples:  39%|███▉      | 604/1532 [00:21<00:30, 30.33step/s]
[Origin 13/13] 🎲 Drawing Posterior Samples:  40%|███▉      | 608/1532 [00:22<00:29, 31.29step/s]
[Origin 13/13] 🎲 Drawing Posterior Samples:  40%|███▉      | 612/1532 [00:22<00:30, 29.82step/s]
[Origin 13/13] 🎲 Drawing Posterior Samples:  40%|████      | 616/1532 [00:22<00:31, 29.03step/s]
[Origin 13/13] 🎲 Drawing Posterior Samples:  40%|████      | 619/1532 [00:22<00:31, 28.99step/s]
[Origin 13/13] 🎲 Drawing Posterior Samples:  41%|████      | 622/1532 [00:22<00:32, 28.09step/s]
[Origin 13/13] 🎲 Drawing Posterior Samples:  41%|████      | 625/1532 [00:22<00:32, 28.26step/s]
[Origin 13/13] 🎲 Drawing Posterior Samples:  41%|████      | 628/1532 [00:22<00:31, 28.44step/s]
[Origin 13/13] 🎲 Drawing Posterior Samples:  41%|████      | 631/1532 [00:22<00:31, 28.65step/s]
[Origin 13/13] 🎲 Drawing Posterior Samples:  41%|████▏     | 634/1532 [00:22<00:31, 28.72step/s]
[Origin 13/13] 🎲 Drawing Posterior Samples:  42%|████▏     | 638/1532 [00:23<00:31, 28.72step/s]
[Origin 13/13] 🎲 Drawing Posterior Samples:  42%|████▏     | 641/1532 [00:23<00:31, 28.26step/s]
[Origin 13/13] 🎲 Drawing Posterior Samples:  42%|████▏     | 644/1532 [00:23<00:33, 26.88step/s]
[Origin 13/13] 🎲 Drawing Posterior Samples:  42%|████▏     | 647/1532 [00:23<00:33, 26.62step/s]
[Origin 13/13] 🎲 Drawing Posterior Samples:  42%|████▏     | 650/1532 [00:23<00:32, 27.22step/s]
[Origin 13/13] 🎲 Drawing Posterior Samples:  43%|████▎     | 653/1532 [00:23<00:33, 26.57step/s]
[Origin 13/13] 🎲 Drawing Posterior Samples:  43%|████▎     | 656/1532 [00:23<00:33, 26.17step/s]
[Origin 13/13] 🎲 Drawing Posterior Samples:  43%|████▎     | 659/1532 [00:23<00:32, 27.06step/s]
[Origin 13/13] 🎲 Drawing Posterior Samples:  43%|████▎     | 663/1532 [00:24<00:30, 28.27step/s]
[Origin 13/13] 🎲 Drawing Posterior Samples:  44%|████▎     | 667/1532 [00:24<00:29, 29.64step/s]
[Origin 13/13] 🎲 Drawing Posterior Samples:  44%|████▎     | 670/1532 [00:24<00:29, 29.20step/s]
[Origin 13/13] 🎲 Drawing Posterior Samples:  44%|████▍     | 673/1532 [00:24<00:29, 29.27step/s]
[Origin 13/13] 🎲 Drawing Posterior Samples:  44%|████▍     | 677/1532 [00:24<00:28, 29.83step/s]
[Origin 13/13] 🎲 Drawing Posterior Samples:  44%|████▍     | 680/1532 [00:24<00:28, 29.61step/s]
[Origin 13/13] 🎲 Drawing Posterior Samples:  45%|████▍     | 683/1532 [00:24<00:29, 28.36step/s]
[Origin 13/13] 🎲 Drawing Posterior Samples:  45%|████▍     | 686/1532 [00:24<00:29, 28.25step/s]
[Origin 13/13] 🎲 Drawing Posterior Samples:  45%|████▍     | 689/1532 [00:24<00:29, 28.22step/s]
[Origin 13/13] 🎲 Drawing Posterior Samples:  45%|████▌     | 693/1532 [00:25<00:29, 28.87step/s]
[Origin 13/13] 🎲 Drawing Posterior Samples:  45%|████▌     | 696/1532 [00:25<00:28, 29.11step/s]
[Origin 13/13] 🎲 Drawing Posterior Samples:  46%|████▌     | 699/1532 [00:25<00:28, 29.30step/s]
[Origin 13/13] 🎲 Drawing Posterior Samples:  46%|████▌     | 703/1532 [00:25<00:27, 30.41step/s]
[Origin 13/13] 🎲 Drawing Posterior Samples:  46%|████▌     | 707/1532 [00:25<00:26, 31.31step/s]
[Origin 13/13] 🎲 Drawing Posterior Samples:  46%|████▋     | 711/1532 [00:25<00:27, 30.37step/s]
[Origin 13/13] 🎲 Drawing Posterior Samples:  47%|████▋     | 715/1532 [00:25<00:26, 31.07step/s]
[Origin 13/13] 🎲 Drawing Posterior Samples:  47%|████▋     | 719/1532 [00:25<00:26, 30.42step/s]
[Origin 13/13] 🎲 Drawing Posterior Samples:  47%|████▋     | 723/1532 [00:26<00:26, 30.07step/s]
[Origin 13/13] 🎲 Drawing Posterior Samples:  47%|████▋     | 727/1532 [00:26<00:27, 29.48step/s]
[Origin 13/13] 🎲 Drawing Posterior Samples:  48%|████▊     | 730/1532 [00:26<00:27, 29.41step/s]
[Origin 13/13] 🎲 Drawing Posterior Samples:  48%|████▊     | 733/1532 [00:26<00:32, 24.23step/s]
[Origin 13/13] 🎲 Drawing Posterior Samples:  48%|████▊     | 736/1532 [00:26<00:33, 23.93step/s]
[Origin 13/13] 🎲 Drawing Posterior Samples:  48%|████▊     | 739/1532 [00:26<00:37, 21.28step/s]
[Origin 13/13] 🎲 Drawing Posterior Samples:  48%|████▊     | 742/1532 [00:26<00:36, 21.61step/s]
[Origin 13/13] 🎲 Drawing Posterior Samples:  49%|████▊     | 745/1532 [00:27<00:37, 20.99step/s]
[Origin 13/13] 🎲 Drawing Posterior Samples:  49%|████▉     | 748/1532 [00:27<00:37, 21.08step/s]
[Origin 13/13] 🎲 Drawing Posterior Samples:  49%|████▉     | 751/1532 [00:27<00:38, 20.23step/s]
[Origin 13/13] 🎲 Drawing Posterior Samples:  49%|████▉     | 754/1532 [00:27<00:37, 20.70step/s]
[Origin 13/13] 🎲 Drawing Posterior Samples:  49%|████▉     | 757/1532 [00:27<00:37, 20.62step/s]
[Origin 13/13] 🎲 Drawing Posterior Samples:  50%|████▉     | 760/1532 [00:27<00:39, 19.77step/s]
[Origin 13/13] 🎲 Drawing Posterior Samples:  50%|████▉     | 763/1532 [00:27<00:38, 20.00step/s]
[Origin 13/13] 🎲 Drawing Posterior Samples:  50%|█████     | 766/1532 [00:28<00:37, 20.20step/s]
[Origin 13/13] 🎲 Drawing Posterior Samples:  50%|█████     | 769/1532 [00:31<04:09,  3.06step/s]
[Origin 13/13] 🎲 Drawing Posterior Samples:  50%|█████     | 772/1532 [00:31<03:01,  4.19step/s]
[Origin 13/13] 🎲 Drawing Posterior Samples:  51%|█████     | 780/1532 [00:31<01:29,  8.40step/s]
[Origin 13/13] 🎲 Drawing Posterior Samples:  51%|█████     | 785/1532 [00:31<01:05, 11.44step/s]
[Origin 13/13] 🎲 Drawing Posterior Samples:  52%|█████▏    | 790/1532 [00:31<00:49, 14.95step/s]
[Origin 13/13] 🎲 Drawing Posterior Samples:  52%|█████▏    | 795/1532 [00:31<00:38, 19.04step/s]
[Origin 13/13] 🎲 Drawing Posterior Samples:  52%|█████▏    | 800/1532 [00:31<00:32, 22.26step/s]
[Origin 13/13] 🎲 Drawing Posterior Samples:  53%|█████▎    | 805/1532 [00:31<00:30, 23.59step/s]
[Origin 13/13] 🎲 Drawing Posterior Samples:  53%|█████▎    | 809/1532 [00:32<00:29, 24.84step/s]
[Origin 13/13] 🎲 Drawing Posterior Samples:  53%|█████▎    | 813/1532 [00:32<00:28, 25.22step/s]
[Origin 13/13] 🎲 Drawing Posterior Samples:  53%|█████▎    | 817/1532 [00:32<00:26, 26.60step/s]
[Origin 13/13] 🎲 Drawing Posterior Samples:  54%|█████▎    | 821/1532 [00:32<00:25, 27.64step/s]
[Origin 13/13] 🎲 Drawing Posterior Samples:  54%|█████▍    | 825/1532 [00:32<00:24, 28.36step/s]
[Origin 13/13] 🎲 Drawing Posterior Samples:  54%|█████▍    | 829/1532 [00:32<00:24, 28.83step/s]
[Origin 13/13] 🎲 Drawing Posterior Samples:  54%|█████▍    | 833/1532 [00:32<00:24, 28.29step/s]
[Origin 13/13] 🎲 Drawing Posterior Samples:  55%|█████▍    | 836/1532 [00:32<00:24, 28.63step/s]
[Origin 13/13] 🎲 Drawing Posterior Samples:  55%|█████▍    | 839/1532 [00:33<00:24, 27.92step/s]
[Origin 13/13] 🎲 Drawing Posterior Samples:  55%|█████▌    | 843/1532 [00:33<00:24, 28.57step/s]
[Origin 13/13] 🎲 Drawing Posterior Samples:  55%|█████▌    | 847/1532 [00:33<00:23, 29.43step/s]
[Origin 13/13] 🎲 Drawing Posterior Samples:  55%|█████▌    | 850/1532 [00:33<00:23, 29.08step/s]
[Origin 13/13] 🎲 Drawing Posterior Samples:  56%|█████▌    | 854/1532 [00:33<00:22, 29.61step/s]
[Origin 13/13] 🎲 Drawing Posterior Samples:  56%|█████▌    | 858/1532 [00:33<00:22, 30.53step/s]
[Origin 13/13] 🎲 Drawing Posterior Samples:  56%|█████▋    | 862/1532 [00:33<00:21, 30.89step/s]
[Origin 13/13] 🎲 Drawing Posterior Samples:  57%|█████▋    | 866/1532 [00:33<00:22, 29.50step/s]
[Origin 13/13] 🎲 Drawing Posterior Samples:  57%|█████▋    | 870/1532 [00:34<00:22, 29.74step/s]
[Origin 13/13] 🎲 Drawing Posterior Samples:  57%|█████▋    | 874/1532 [00:34<00:21, 30.01step/s]
[Origin 13/13] 🎲 Drawing Posterior Samples:  57%|█████▋    | 878/1532 [00:34<00:22, 29.69step/s]
[Origin 13/13] 🎲 Drawing Posterior Samples:  58%|█████▊    | 881/1532 [00:34<00:22, 29.57step/s]
[Origin 13/13] 🎲 Drawing Posterior Samples:  58%|█████▊    | 885/1532 [00:34<00:21, 29.51step/s]
[Origin 13/13] 🎲 Drawing Posterior Samples:  58%|█████▊    | 888/1532 [00:34<00:21, 29.43step/s]
[Origin 13/13] 🎲 Drawing Posterior Samples:  58%|█████▊    | 891/1532 [00:34<00:21, 29.23step/s]
[Origin 13/13] 🎲 Drawing Posterior Samples:  58%|█████▊    | 895/1532 [00:34<00:21, 29.49step/s]
[Origin 13/13] 🎲 Drawing Posterior Samples:  59%|█████▊    | 899/1532 [00:35<00:21, 29.17step/s]
[Origin 13/13] 🎲 Drawing Posterior Samples:  59%|█████▉    | 902/1532 [00:35<00:21, 29.31step/s]
[Origin 13/13] 🎲 Drawing Posterior Samples:  59%|█████▉    | 905/1532 [00:35<00:21, 29.00step/s]
[Origin 13/13] 🎲 Drawing Posterior Samples:  59%|█████▉    | 908/1532 [00:35<00:21, 29.26step/s]
[Origin 13/13] 🎲 Drawing Posterior Samples:  59%|█████▉    | 911/1532 [00:35<00:21, 29.27step/s]
[Origin 13/13] 🎲 Drawing Posterior Samples:  60%|█████▉    | 914/1532 [00:35<00:20, 29.47step/s]
[Origin 13/13] 🎲 Drawing Posterior Samples:  60%|█████▉    | 917/1532 [00:35<00:20, 29.46step/s]
[Origin 13/13] 🎲 Drawing Posterior Samples:  60%|██████    | 921/1532 [00:35<00:20, 29.74step/s]
[Origin 13/13] 🎲 Drawing Posterior Samples:  60%|██████    | 924/1532 [00:35<00:20, 29.81step/s]
[Origin 13/13] 🎲 Drawing Posterior Samples:  61%|██████    | 927/1532 [00:36<00:20, 29.34step/s]
[Origin 13/13] 🎲 Drawing Posterior Samples:  61%|██████    | 930/1532 [00:36<00:20, 29.09step/s]
[Origin 13/13] 🎲 Drawing Posterior Samples:  61%|██████    | 934/1532 [00:36<00:19, 30.03step/s]
[Origin 13/13] 🎲 Drawing Posterior Samples:  61%|██████    | 938/1532 [00:36<00:18, 31.42step/s]
[Origin 13/13] 🎲 Drawing Posterior Samples:  61%|██████▏   | 942/1532 [00:36<00:19, 30.47step/s]
[Origin 13/13] 🎲 Drawing Posterior Samples:  62%|██████▏   | 946/1532 [00:36<00:19, 30.17step/s]
[Origin 13/13] 🎲 Drawing Posterior Samples:  62%|██████▏   | 950/1532 [00:36<00:19, 29.66step/s]
[Origin 13/13] 🎲 Drawing Posterior Samples:  62%|██████▏   | 953/1532 [00:36<00:19, 29.14step/s]
[Origin 13/13] 🎲 Drawing Posterior Samples:  62%|██████▏   | 956/1532 [00:37<00:20, 28.75step/s]
[Origin 13/13] 🎲 Drawing Posterior Samples:  63%|██████▎   | 959/1532 [00:37<00:20, 28.43step/s]
[Origin 13/13] 🎲 Drawing Posterior Samples:  63%|██████▎   | 963/1532 [00:37<00:19, 28.84step/s]
[Origin 13/13] 🎲 Drawing Posterior Samples:  63%|██████▎   | 966/1532 [00:37<00:19, 28.90step/s]
[Origin 13/13] 🎲 Drawing Posterior Samples:  63%|██████▎   | 970/1532 [00:37<00:18, 30.14step/s]
[Origin 13/13] 🎲 Drawing Posterior Samples:  64%|██████▎   | 974/1532 [00:37<00:18, 30.61step/s]
[Origin 13/13] 🎲 Drawing Posterior Samples:  64%|██████▍   | 978/1532 [00:37<00:18, 30.75step/s]
[Origin 13/13] 🎲 Drawing Posterior Samples:  64%|██████▍   | 982/1532 [00:37<00:19, 28.94step/s]
[Origin 13/13] 🎲 Drawing Posterior Samples:  64%|██████▍   | 986/1532 [00:38<00:18, 29.82step/s]
[Origin 13/13] 🎲 Drawing Posterior Samples:  65%|██████▍   | 990/1532 [00:38<00:18, 29.89step/s]
[Origin 13/13] 🎲 Drawing Posterior Samples:  65%|██████▍   | 994/1532 [00:38<00:17, 30.16step/s]
[Origin 13/13] 🎲 Drawing Posterior Samples:  65%|██████▌   | 998/1532 [00:38<00:18, 28.82step/s]
[Origin 13/13] 🎲 Drawing Posterior Samples:  65%|██████▌   | 1002/1532 [00:38<00:18, 28.61step/s]
[Origin 13/13] 🎲 Drawing Posterior Samples:  66%|██████▌   | 1005/1532 [00:38<00:18, 28.37step/s]
[Origin 13/13] 🎲 Drawing Posterior Samples:  66%|██████▌   | 1009/1532 [00:38<00:17, 29.55step/s]
[Origin 13/13] 🎲 Drawing Posterior Samples:  66%|██████▌   | 1012/1532 [00:38<00:19, 27.26step/s]
[Origin 13/13] 🎲 Drawing Posterior Samples:  66%|██████▋   | 1016/1532 [00:39<00:18, 28.37step/s]
[Origin 13/13] 🎲 Drawing Posterior Samples:  67%|██████▋   | 1020/1532 [00:39<00:17, 28.84step/s]
[Origin 13/13] 🎲 Drawing Posterior Samples:  67%|██████▋   | 1024/1532 [00:39<00:16, 29.90step/s]
[Origin 13/13] 🎲 Drawing Posterior Samples:  67%|██████▋   | 1028/1532 [00:39<00:17, 29.55step/s]
[Origin 13/13] 🎲 Drawing Posterior Samples:  67%|██████▋   | 1032/1532 [00:39<00:16, 29.74step/s]
[Origin 13/13] 🎲 Drawing Posterior Samples:  68%|██████▊   | 1035/1532 [00:39<00:16, 29.51step/s]
[Origin 13/13] 🎲 Drawing Posterior Samples:  68%|██████▊   | 1038/1532 [00:39<00:16, 29.62step/s]
[Origin 13/13] 🎲 Drawing Posterior Samples:  68%|██████▊   | 1041/1532 [00:39<00:16, 29.63step/s]
[Origin 13/13] 🎲 Drawing Posterior Samples:  68%|██████▊   | 1045/1532 [00:40<00:16, 29.55step/s]
[Origin 13/13] 🎲 Drawing Posterior Samples:  68%|██████▊   | 1048/1532 [00:40<00:16, 29.05step/s]
[Origin 13/13] 🎲 Drawing Posterior Samples:  69%|██████▊   | 1051/1532 [00:40<00:16, 29.13step/s]
[Origin 13/13] 🎲 Drawing Posterior Samples:  69%|██████▉   | 1055/1532 [00:40<00:16, 29.65step/s]
[Origin 13/13] 🎲 Drawing Posterior Samples:  69%|██████▉   | 1059/1532 [00:40<00:15, 29.67step/s]
[Origin 13/13] 🎲 Drawing Posterior Samples:  69%|██████▉   | 1062/1532 [00:40<00:15, 29.49step/s]
[Origin 13/13] 🎲 Drawing Posterior Samples:  70%|██████▉   | 1065/1532 [00:40<00:16, 29.06step/s]
[Origin 13/13] 🎲 Drawing Posterior Samples:  70%|██████▉   | 1069/1532 [00:40<00:15, 29.36step/s]
[Origin 13/13] 🎲 Drawing Posterior Samples:  70%|██████▉   | 1072/1532 [00:40<00:15, 29.16step/s]
[Origin 13/13] 🎲 Drawing Posterior Samples:  70%|███████   | 1075/1532 [00:41<00:15, 29.21step/s]
[Origin 13/13] 🎲 Drawing Posterior Samples:  70%|███████   | 1078/1532 [00:41<00:15, 28.94step/s]
[Origin 13/13] 🎲 Drawing Posterior Samples:  71%|███████   | 1081/1532 [00:41<00:15, 29.08step/s]
[Origin 13/13] 🎲 Drawing Posterior Samples:  71%|███████   | 1084/1532 [00:41<00:15, 28.98step/s]
[Origin 13/13] 🎲 Drawing Posterior Samples:  71%|███████   | 1087/1532 [00:41<00:15, 28.74step/s]
[Origin 13/13] 🎲 Drawing Posterior Samples:  71%|███████   | 1090/1532 [00:41<00:15, 28.65step/s]
[Origin 13/13] 🎲 Drawing Posterior Samples:  71%|███████▏  | 1094/1532 [00:41<00:14, 29.52step/s]
[Origin 13/13] 🎲 Drawing Posterior Samples:  72%|███████▏  | 1097/1532 [00:41<00:14, 29.21step/s]
[Origin 13/13] 🎲 Drawing Posterior Samples:  72%|███████▏  | 1101/1532 [00:41<00:14, 29.54step/s]
[Origin 13/13] 🎲 Drawing Posterior Samples:  72%|███████▏  | 1104/1532 [00:42<00:14, 28.97step/s]
[Origin 13/13] 🎲 Drawing Posterior Samples:  72%|███████▏  | 1107/1532 [00:42<00:14, 29.14step/s]
[Origin 13/13] 🎲 Drawing Posterior Samples:  73%|███████▎  | 1111/1532 [00:42<00:14, 29.26step/s]
[Origin 13/13] 🎲 Drawing Posterior Samples:  73%|███████▎  | 1114/1532 [00:42<00:15, 26.44step/s]
[Origin 13/13] 🎲 Drawing Posterior Samples:  73%|███████▎  | 1117/1532 [00:42<00:16, 25.19step/s]
[Origin 13/13] 🎲 Drawing Posterior Samples:  73%|███████▎  | 1120/1532 [00:42<00:17, 24.15step/s]
[Origin 13/13] 🎲 Drawing Posterior Samples:  73%|███████▎  | 1123/1532 [00:42<00:19, 21.26step/s]
[Origin 13/13] 🎲 Drawing Posterior Samples:  73%|███████▎  | 1126/1532 [00:43<00:21, 19.30step/s]
[Origin 13/13] 🎲 Drawing Posterior Samples:  74%|███████▎  | 1129/1532 [00:43<00:22, 17.80step/s]
[Origin 13/13] 🎲 Drawing Posterior Samples:  74%|███████▍  | 1131/1532 [00:43<00:22, 18.02step/s]
[Origin 13/13] 🎲 Drawing Posterior Samples:  74%|███████▍  | 1134/1532 [00:43<00:21, 18.12step/s]
[Origin 13/13] 🎲 Drawing Posterior Samples:  74%|███████▍  | 1136/1532 [00:43<00:22, 17.98step/s]
[Origin 13/13] 🎲 Drawing Posterior Samples:  74%|███████▍  | 1138/1532 [00:43<00:23, 16.96step/s]
[Origin 13/13] 🎲 Drawing Posterior Samples:  74%|███████▍  | 1140/1532 [00:43<00:23, 16.53step/s]
[Origin 13/13] 🎲 Drawing Posterior Samples:  75%|███████▍  | 1142/1532 [00:44<00:24, 16.08step/s]
[Origin 13/13] 🎲 Drawing Posterior Samples:  75%|███████▍  | 1144/1532 [00:44<00:24, 15.73step/s]
[Origin 13/13] 🎲 Drawing Posterior Samples:  75%|███████▍  | 1146/1532 [00:44<00:24, 15.86step/s]
[Origin 13/13] 🎲 Drawing Posterior Samples:  75%|███████▍  | 1148/1532 [00:44<00:22, 16.73step/s]
[Origin 13/13] 🎲 Drawing Posterior Samples:  75%|███████▌  | 1150/1532 [00:47<03:34,  1.78step/s]
[Origin 13/13] 🎲 Drawing Posterior Samples:  75%|███████▌  | 1154/1532 [00:48<02:00,  3.15step/s]
[Origin 13/13] 🎲 Drawing Posterior Samples:  76%|███████▌  | 1162/1532 [00:48<00:54,  6.81step/s]
[Origin 13/13] 🎲 Drawing Posterior Samples:  76%|███████▌  | 1167/1532 [00:48<00:38,  9.57step/s]
[Origin 13/13] 🎲 Drawing Posterior Samples:  77%|███████▋  | 1172/1532 [00:48<00:28, 12.85step/s]
[Origin 13/13] 🎲 Drawing Posterior Samples:  77%|███████▋  | 1177/1532 [00:48<00:21, 16.63step/s]
[Origin 13/13] 🎲 Drawing Posterior Samples:  77%|███████▋  | 1182/1532 [00:48<00:16, 20.76step/s]
[Origin 13/13] 🎲 Drawing Posterior Samples:  77%|███████▋  | 1187/1532 [00:48<00:14, 23.03step/s]
[Origin 13/13] 🎲 Drawing Posterior Samples:  78%|███████▊  | 1191/1532 [00:48<00:13, 24.89step/s]
[Origin 13/13] 🎲 Drawing Posterior Samples:  78%|███████▊  | 1195/1532 [00:49<00:12, 26.48step/s]
[Origin 13/13] 🎲 Drawing Posterior Samples:  78%|███████▊  | 1199/1532 [00:49<00:12, 26.65step/s]
[Origin 13/13] 🎲 Drawing Posterior Samples:  79%|███████▊  | 1203/1532 [00:49<00:11, 28.67step/s]
[Origin 13/13] 🎲 Drawing Posterior Samples:  79%|███████▉  | 1207/1532 [00:49<00:11, 29.17step/s]
[Origin 13/13] 🎲 Drawing Posterior Samples:  79%|███████▉  | 1211/1532 [00:49<00:10, 29.73step/s]
[Origin 13/13] 🎲 Drawing Posterior Samples:  79%|███████▉  | 1215/1532 [00:49<00:10, 29.75step/s]
[Origin 13/13] 🎲 Drawing Posterior Samples:  80%|███████▉  | 1219/1532 [00:49<00:10, 30.76step/s]
[Origin 13/13] 🎲 Drawing Posterior Samples:  80%|███████▉  | 1223/1532 [00:49<00:09, 30.99step/s]
[Origin 13/13] 🎲 Drawing Posterior Samples:  80%|████████  | 1227/1532 [00:50<00:09, 31.49step/s]
[Origin 13/13] 🎲 Drawing Posterior Samples:  80%|████████  | 1231/1532 [00:50<00:09, 30.84step/s]
[Origin 13/13] 🎲 Drawing Posterior Samples:  81%|████████  | 1235/1532 [00:50<00:09, 30.71step/s]
[Origin 13/13] 🎲 Drawing Posterior Samples:  81%|████████  | 1239/1532 [00:50<00:09, 30.37step/s]
[Origin 13/13] 🎲 Drawing Posterior Samples:  81%|████████  | 1243/1532 [00:50<00:09, 30.85step/s]
[Origin 13/13] 🎲 Drawing Posterior Samples:  81%|████████▏ | 1247/1532 [00:50<00:09, 30.67step/s]
[Origin 13/13] 🎲 Drawing Posterior Samples:  82%|████████▏ | 1251/1532 [00:50<00:08, 31.67step/s]
[Origin 13/13] 🎲 Drawing Posterior Samples:  82%|████████▏ | 1255/1532 [00:50<00:08, 32.47step/s]
[Origin 13/13] 🎲 Drawing Posterior Samples:  82%|████████▏ | 1259/1532 [00:51<00:08, 31.15step/s]
[Origin 13/13] 🎲 Drawing Posterior Samples:  82%|████████▏ | 1263/1532 [00:51<00:08, 31.03step/s]
[Origin 13/13] 🎲 Drawing Posterior Samples:  83%|████████▎ | 1267/1532 [00:51<00:08, 30.31step/s]
[Origin 13/13] 🎲 Drawing Posterior Samples:  83%|████████▎ | 1271/1532 [00:51<00:08, 30.49step/s]
[Origin 13/13] 🎲 Drawing Posterior Samples:  83%|████████▎ | 1275/1532 [00:51<00:08, 29.94step/s]
[Origin 13/13] 🎲 Drawing Posterior Samples:  83%|████████▎ | 1279/1532 [00:51<00:08, 30.63step/s]
[Origin 13/13] 🎲 Drawing Posterior Samples:  84%|████████▎ | 1283/1532 [00:51<00:08, 29.82step/s]
[Origin 13/13] 🎲 Drawing Posterior Samples:  84%|████████▍ | 1287/1532 [00:52<00:08, 30.51step/s]
[Origin 13/13] 🎲 Drawing Posterior Samples:  84%|████████▍ | 1291/1532 [00:52<00:08, 29.67step/s]
[Origin 13/13] 🎲 Drawing Posterior Samples:  84%|████████▍ | 1294/1532 [00:52<00:08, 29.32step/s]
[Origin 13/13] 🎲 Drawing Posterior Samples:  85%|████████▍ | 1297/1532 [00:52<00:07, 29.48step/s]
[Origin 13/13] 🎲 Drawing Posterior Samples:  85%|████████▍ | 1300/1532 [00:52<00:07, 29.51step/s]
[Origin 13/13] 🎲 Drawing Posterior Samples:  85%|████████▌ | 1303/1532 [00:52<00:07, 29.22step/s]
[Origin 13/13] 🎲 Drawing Posterior Samples:  85%|████████▌ | 1306/1532 [00:52<00:07, 28.95step/s]
[Origin 13/13] 🎲 Drawing Posterior Samples:  86%|████████▌ | 1310/1532 [00:52<00:07, 30.02step/s]
[Origin 13/13] 🎲 Drawing Posterior Samples:  86%|████████▌ | 1313/1532 [00:52<00:07, 29.81step/s]
[Origin 13/13] 🎲 Drawing Posterior Samples:  86%|████████▌ | 1317/1532 [00:53<00:07, 30.33step/s]
[Origin 13/13] 🎲 Drawing Posterior Samples:  86%|████████▌ | 1321/1532 [00:53<00:06, 30.44step/s]
[Origin 13/13] 🎲 Drawing Posterior Samples:  86%|████████▋ | 1325/1532 [00:53<00:07, 29.24step/s]
[Origin 13/13] 🎲 Drawing Posterior Samples:  87%|████████▋ | 1329/1532 [00:53<00:06, 29.03step/s]
[Origin 13/13] 🎲 Drawing Posterior Samples:  87%|████████▋ | 1333/1532 [00:53<00:06, 29.94step/s]
[Origin 13/13] 🎲 Drawing Posterior Samples:  87%|████████▋ | 1337/1532 [00:53<00:06, 30.17step/s]
[Origin 13/13] 🎲 Drawing Posterior Samples:  88%|████████▊ | 1341/1532 [00:53<00:06, 30.86step/s]
[Origin 13/13] 🎲 Drawing Posterior Samples:  88%|████████▊ | 1345/1532 [00:53<00:06, 30.84step/s]
[Origin 13/13] 🎲 Drawing Posterior Samples:  88%|████████▊ | 1349/1532 [00:54<00:06, 30.34step/s]
[Origin 13/13] 🎲 Drawing Posterior Samples:  88%|████████▊ | 1353/1532 [00:54<00:06, 29.35step/s]
[Origin 13/13] 🎲 Drawing Posterior Samples:  89%|████████▊ | 1356/1532 [00:54<00:05, 29.34step/s]
[Origin 13/13] 🎲 Drawing Posterior Samples:  89%|████████▊ | 1359/1532 [00:54<00:05, 29.44step/s]
[Origin 13/13] 🎲 Drawing Posterior Samples:  89%|████████▉ | 1363/1532 [00:54<00:05, 29.86step/s]
[Origin 13/13] 🎲 Drawing Posterior Samples:  89%|████████▉ | 1366/1532 [00:54<00:05, 29.38step/s]
[Origin 13/13] 🎲 Drawing Posterior Samples:  89%|████████▉ | 1370/1532 [00:54<00:05, 29.80step/s]
[Origin 13/13] 🎲 Drawing Posterior Samples:  90%|████████▉ | 1374/1532 [00:54<00:05, 30.20step/s]
[Origin 13/13] 🎲 Drawing Posterior Samples:  90%|████████▉ | 1378/1532 [00:55<00:05, 29.47step/s]
[Origin 13/13] 🎲 Drawing Posterior Samples:  90%|█████████ | 1381/1532 [00:55<00:05, 28.51step/s]
[Origin 13/13] 🎲 Drawing Posterior Samples:  90%|█████████ | 1385/1532 [00:55<00:05, 29.13step/s]
[Origin 13/13] 🎲 Drawing Posterior Samples:  91%|█████████ | 1388/1532 [00:55<00:04, 28.92step/s]
[Origin 13/13] 🎲 Drawing Posterior Samples:  91%|█████████ | 1392/1532 [00:55<00:04, 30.18step/s]
[Origin 13/13] 🎲 Drawing Posterior Samples:  91%|█████████ | 1396/1532 [00:55<00:04, 30.56step/s]
[Origin 13/13] 🎲 Drawing Posterior Samples:  91%|█████████▏| 1400/1532 [00:55<00:04, 31.33step/s]
[Origin 13/13] 🎲 Drawing Posterior Samples:  92%|█████████▏| 1404/1532 [00:55<00:04, 31.16step/s]
[Origin 13/13] 🎲 Drawing Posterior Samples:  92%|█████████▏| 1408/1532 [00:56<00:04, 30.74step/s]
[Origin 13/13] 🎲 Drawing Posterior Samples:  92%|█████████▏| 1412/1532 [00:56<00:03, 30.75step/s]
[Origin 13/13] 🎲 Drawing Posterior Samples:  92%|█████████▏| 1416/1532 [00:56<00:03, 30.24step/s]
[Origin 13/13] 🎲 Drawing Posterior Samples:  93%|█████████▎| 1420/1532 [00:56<00:03, 29.91step/s]
[Origin 13/13] 🎲 Drawing Posterior Samples:  93%|█████████▎| 1423/1532 [00:56<00:03, 29.93step/s]
[Origin 13/13] 🎲 Drawing Posterior Samples:  93%|█████████▎| 1427/1532 [00:56<00:03, 30.05step/s]
[Origin 13/13] 🎲 Drawing Posterior Samples:  93%|█████████▎| 1431/1532 [00:56<00:03, 30.18step/s]
[Origin 13/13] 🎲 Drawing Posterior Samples:  94%|█████████▎| 1435/1532 [00:56<00:03, 30.47step/s]
[Origin 13/13] 🎲 Drawing Posterior Samples:  94%|█████████▍| 1439/1532 [00:57<00:03, 29.84step/s]
[Origin 13/13] 🎲 Drawing Posterior Samples:  94%|█████████▍| 1443/1532 [00:57<00:02, 30.09step/s]
[Origin 13/13] 🎲 Drawing Posterior Samples:  94%|█████████▍| 1447/1532 [00:57<00:02, 29.02step/s]
[Origin 13/13] 🎲 Drawing Posterior Samples:  95%|█████████▍| 1451/1532 [00:57<00:02, 29.81step/s]
[Origin 13/13] 🎲 Drawing Posterior Samples:  95%|█████████▍| 1455/1532 [00:57<00:02, 30.61step/s]
[Origin 13/13] 🎲 Drawing Posterior Samples:  95%|█████████▌| 1459/1532 [00:57<00:02, 30.30step/s]
[Origin 13/13] 🎲 Drawing Posterior Samples:  95%|█████████▌| 1463/1532 [00:57<00:02, 28.73step/s]
[Origin 13/13] 🎲 Drawing Posterior Samples:  96%|█████████▌| 1467/1532 [00:58<00:02, 29.91step/s]
[Origin 13/13] 🎲 Drawing Posterior Samples:  96%|█████████▌| 1471/1532 [00:58<00:01, 30.55step/s]
[Origin 13/13] 🎲 Drawing Posterior Samples:  96%|█████████▋| 1475/1532 [00:58<00:01, 29.98step/s]
[Origin 13/13] 🎲 Drawing Posterior Samples:  97%|█████████▋| 1479/1532 [00:58<00:01, 29.54step/s]
[Origin 13/13] 🎲 Drawing Posterior Samples:  97%|█████████▋| 1483/1532 [00:58<00:01, 30.05step/s]
[Origin 13/13] 🎲 Drawing Posterior Samples:  97%|█████████▋| 1487/1532 [00:58<00:01, 29.54step/s]
[Origin 13/13] 🎲 Drawing Posterior Samples:  97%|█████████▋| 1491/1532 [00:58<00:01, 28.57step/s]
[Origin 13/13] 🎲 Drawing Posterior Samples:  98%|█████████▊| 1495/1532 [00:59<00:01, 28.88step/s]
[Origin 13/13] 🎲 Drawing Posterior Samples:  98%|█████████▊| 1498/1532 [00:59<00:01, 25.31step/s]
[Origin 13/13] 🎲 Drawing Posterior Samples:  98%|█████████▊| 1501/1532 [00:59<00:01, 24.43step/s]
[Origin 13/13] 🎲 Drawing Posterior Samples:  98%|█████████▊| 1504/1532 [00:59<00:01, 20.92step/s]
[Origin 13/13] 🎲 Drawing Posterior Samples:  98%|█████████▊| 1507/1532 [00:59<00:01, 19.03step/s]
[Origin 13/13] 🎲 Drawing Posterior Samples:  98%|█████████▊| 1509/1532 [00:59<00:01, 18.07step/s]
[Origin 13/13] 🎲 Drawing Posterior Samples:  99%|█████████▊| 1511/1532 [00:59<00:01, 17.35step/s]
[Origin 13/13] 🎲 Drawing Posterior Samples:  99%|█████████▉| 1513/1532 [01:00<00:01, 16.62step/s]
[Origin 13/13] 🎲 Drawing Posterior Samples:  99%|█████████▉| 1515/1532 [01:00<00:00, 17.01step/s]
[Origin 13/13] 🎲 Drawing Posterior Samples:  99%|█████████▉| 1517/1532 [01:00<00:00, 17.24step/s]
[Origin 13/13] 🎲 Drawing Posterior Samples:  99%|█████████▉| 1519/1532 [01:00<00:00, 17.50step/s]
[Origin 13/13] 🎲 Drawing Posterior Samples:  99%|█████████▉| 1521/1532 [01:00<00:00, 14.30step/s]
[Origin 13/13] 🎲 Drawing Posterior Samples:  99%|█████████▉| 1523/1532 [01:00<00:00, 15.30step/s]
[Origin 13/13] 🎲 Drawing Posterior Samples: 100%|█████████▉| 1525/1532 [01:00<00:00, 16.19step/s]
[Origin 13/13] 🎲 Drawing Posterior Samples: 100%|█████████▉| 1527/1532 [01:00<00:00, 16.89step/s]
[Origin 13/13] 🎲 Drawing Posterior Samples: 100%|█████████▉| 1529/1532 [01:01<00:00, 17.35step/s]
[Origin 13/13] 🎲 Drawing Posterior Samples: 100%|█████████▉| 1531/1532 [01:01<00:00, 17.56step/s]
                                                                                                  
wandb: WARNING Saving files without folders. If you want to preserve subdirectories pass base_path to wandb.save, i.e. wandb.save("/mnt/folder/file.h5", base_path="/mnt")
wandb: - 0.153 MB of 0.153 MB uploaded
wandb: \ 0.153 MB of 0.153 MB uploaded
wandb:                                                                                
wandb: 
wandb: Run history:
wandb:            month-wise/by_ns_best/Brier_cls_sample ▇▃▃▃▅▄▂▂▄▂▄▅▆▅▇▂▃▂▆▄▄▄▅██▇▂▄▄▄▂▃▄▆▃▁▃▁▂▄
wandb:       month-wise/by_ns_best/Brier_cls_sample_mean ▁
wandb:            month-wise/by_os_best/Brier_cls_sample ▁▂▁▂▃▃▁▁▃▄▆▃▄▅▅▆▄▂▃▆▅▇▆▇█▅▅▅▆▇▇▄▆▇▆▇▄▃▅▇
wandb:       month-wise/by_os_best/Brier_cls_sample_mean ▁
wandb:            month-wise/by_sb_best/Brier_cls_sample ▁▁▂▃▁▂▁▂▁▂▂▃▂▃▄▄▃▄▄▃▅▅▆▆█▅▅▆▄▇█▅▇██▇▇▆██
wandb:       month-wise/by_sb_best/Brier_cls_sample_mean ▁
wandb:                        month-wise/lr_ns_best/CRPS ▅█▇▃▂▃▂▃▅▅▄▃▄▂▂▁▂▂▄▃▂▁▂▂▃▂▁▂▂▁▂▁▁▃▂▁▂▁▂▁
wandb:                   month-wise/lr_ns_best/CRPS_mean ▁
wandb:                  month-wise/lr_ns_best/MCR_sample ▂▁▁▃▂▂▄▂▁▁▁▂▂▃▃▆▃▄▂▂▄▅▃▃▂▃█▄▄▆▃▆▅▂▃▅▃▆▄▄
wandb:             month-wise/lr_ns_best/MCR_sample_mean ▁
wandb:                   month-wise/lr_ns_best/QS_sample ▄█▇▂▂▂▁▃▄▅▃▂▄▂▂▁▂▁▄▃▂▁▂▂▃▂▁▂▂▁▂▁▁▃▂▁▂▁▂▁
wandb:              month-wise/lr_ns_best/QS_sample_mean ▁
wandb:                        month-wise/lr_os_best/CRPS ▁▁▁▁▂▁▁▁▁▁▃▁▁▂▂▁▁▁▁▃▂▂▂▂▂▂▂▁▂█▅▅▅▆▂▂▂▂▂▄
wandb:                   month-wise/lr_os_best/CRPS_mean ▁
wandb:                  month-wise/lr_os_best/MCR_sample ▃▄▄▅▃▄▄▅▄▅▂▅▅▄▄▆███▃▄▃▄▃▃▆▅▅▅▁▂▂▁▁▅▄▅▄▆▃
wandb:             month-wise/lr_os_best/MCR_sample_mean ▁
wandb:                   month-wise/lr_os_best/QS_sample ▁▁▁▁▂▁▁▁▁▁▂▁▂▂▂▁▁▁▁▃▂▂▂▂▂▂▂▁▂█▅▅▅▅▂▂▂▂▁▄
wandb:              month-wise/lr_os_best/QS_sample_mean ▁
wandb:                        month-wise/lr_sb_best/CRPS ▁▁▁▁▁▁▁▁▁▁▁▁▁▁▁▁▁▁▁▁▁▁▁▁▁▁▁▁▁▁▁▁▁▁▁▁▁▁▁█
wandb:                   month-wise/lr_sb_best/CRPS_mean ▁
wandb:                  month-wise/lr_sb_best/MCR_sample ▃▃▂▃▄▃▅▅▇▄▅▆▅▆▄▄▄▆▇▆▃▄▄▅▄█▄▇▇▄▃▂▄▃▅▄▃▄▂▁
wandb:             month-wise/lr_sb_best/MCR_sample_mean ▁
wandb:                   month-wise/lr_sb_best/QS_sample ▁▁▁▁▁▁▁▁▁▁▁▁▁▁▁▁▁▁▁▁▁▁▁▁▁▁▁▁▁▁▁▁▁▁▁▁▁▁▁█
wandb:              month-wise/lr_sb_best/QS_sample_mean ▁
wandb:                                  month-wise/month ▁▁▂▃▃▄▅▅▅▆▇█▂▂▂▃▃▄▄▇█▁▃▆▆██▁▅▆▁▂▂▂▃▁▂▃▄▇
wandb:             step-wise/by_ns_best/Brier_cls_sample ▁▂▃▄▄▄▅▅▄▅▅▆▆▆▆▆▇█████▇▇▇▇▇▇▇▆▄▄▄▄▄▃
wandb:        step-wise/by_ns_best/Brier_cls_sample_mean ▁
wandb:             step-wise/by_os_best/Brier_cls_sample ▁▁▂▃▃▃▄▄▄▅▅▅▅▅▅▆▆▆▆▆▆▆▇▇████████▇█▇▇
wandb:        step-wise/by_os_best/Brier_cls_sample_mean ▁
wandb:             step-wise/by_sb_best/Brier_cls_sample ▁▁▂▂▂▃▃▃▃▃▄▄▄▄▅▅▅▅▆▆▆▆▆▆▆▆▆▇▇▇▇▇▇███
wandb:        step-wise/by_sb_best/Brier_cls_sample_mean ▁
wandb:                         step-wise/lr_ns_best/CRPS ██▇▆▆▆▅▅▅▅▅▄▃▃▃▂▂▂▂▂▂▂▂▂▂▂▂▂▂▁▁▁▁▁▁▁
wandb:                    step-wise/lr_ns_best/CRPS_mean ▁
wandb:                   step-wise/lr_ns_best/MCR_sample ▁▁▂▂▂▂▂▂▂▂▂▄▄▄▅▅▅▅▅▅▅▅▆▆▆▅▇▅▆▆▆█▇▇▆▆
wandb:              step-wise/lr_ns_best/MCR_sample_mean ▁
wandb:                    step-wise/lr_ns_best/QS_sample ██▇▆▆▆▅▅▅▆▅▄▃▃▃▂▃▃▂▃▃▃▂▂▂▂▂▂▂▁▁▁▁▁▁▁
wandb:               step-wise/lr_ns_best/QS_sample_mean ▁
wandb:                         step-wise/lr_os_best/CRPS ▁▁▁▁▁▁▁▁▁▁▂▂▁▁▂▂▂▂▂▂▂▂▄▅▅▆▇████████▇
wandb:                    step-wise/lr_os_best/CRPS_mean ▁
wandb:                   step-wise/lr_os_best/MCR_sample ▃▄▅▅▅▅▆▆▇▇▆▆▇▇▇█▇▇▆▅▅▆▃▃▂▂▄▁▁▂▁▁▁▁▂▂
wandb:              step-wise/lr_os_best/MCR_sample_mean ▁
wandb:                    step-wise/lr_os_best/QS_sample ▁▁▁▁▂▁▁▁▁▁▂▂▁▁▁▂▂▂▂▂▂▂▄▄▅▆▇█▇██▇███▇
wandb:               step-wise/lr_os_best/QS_sample_mean ▁
wandb:                         step-wise/lr_sb_best/CRPS ▁▁▁▁▁▁▁▁▁▁▁▁▁▁▁▁▁▁▁▁▁▁▁▁▁▁▁▂▂▂▂▂▂▂▂█
wandb:                    step-wise/lr_sb_best/CRPS_mean ▁
wandb:                   step-wise/lr_sb_best/MCR_sample ▄▅▅▆▇▇█▇█▇██▇█▆▇▆▇▇▇▇▇▇▇▆▇▆▆▆▅▅▅▅▄▄▁
wandb:              step-wise/lr_sb_best/MCR_sample_mean ▁
wandb:                    step-wise/lr_sb_best/QS_sample ▁▁▁▁▁▁▁▁▁▁▁▁▁▁▁▁▁▁▁▁▁▁▁▁▁▁▁▂▂▂▂▂▂▂▂█
wandb:               step-wise/lr_sb_best/QS_sample_mean ▁
wandb:                                    step-wise/step ▂▂▃▃▄▆▇▇▁▂▃▄▄▅▆▆▆█▁▁▃▆█▃▄▅▆▇█▁▂▃▃▄▄▅▅▇▇▂
wandb:      time-series-wise/by_ns_best/Brier_cls_sample ▆█▇▅▇▅▅▄▁▂▂▁▃
wandb: time-series-wise/by_ns_best/Brier_cls_sample_mean ▁
wandb:      time-series-wise/by_os_best/Brier_cls_sample ▁▃▅▆▇▇█▆▄▅▅▄█
wandb: time-series-wise/by_os_best/Brier_cls_sample_mean ▁
wandb:      time-series-wise/by_sb_best/Brier_cls_sample ▁▁▃▄█▂▆▄▂▅▂▅▆
wandb: time-series-wise/by_sb_best/Brier_cls_sample_mean ▁
wandb:                  time-series-wise/lr_ns_best/CRPS ██▆▅▅▅▄▄▄▃▃▂▁
wandb:             time-series-wise/lr_ns_best/CRPS_mean ▁
wandb:            time-series-wise/lr_ns_best/MCR_sample ▃█▆▆▇▅▇▅▁▄▃▂▆
wandb:       time-series-wise/lr_ns_best/MCR_sample_mean ▁
wandb:             time-series-wise/lr_ns_best/QS_sample █▆▆▄▅▄▄▄▄▃▃▂▁
wandb:        time-series-wise/lr_ns_best/QS_sample_mean ▁
wandb:                  time-series-wise/lr_os_best/CRPS ▁▂▄▅▇▆▇▇▇█▇██
wandb:             time-series-wise/lr_os_best/CRPS_mean ▁
wandb:            time-series-wise/lr_os_best/MCR_sample ▃▆▄▃█▃█▄▁▃▃▄▅
wandb:       time-series-wise/lr_os_best/MCR_sample_mean ▁
wandb:             time-series-wise/lr_os_best/QS_sample ▁▂▄▅▇▇▇▆██▇██
wandb:        time-series-wise/lr_os_best/QS_sample_mean ▁
wandb:                  time-series-wise/lr_sb_best/CRPS ▁▁▁▁▁▁▁▁▁▁▁▂█
wandb:             time-series-wise/lr_sb_best/CRPS_mean ▁
wandb:            time-series-wise/lr_sb_best/MCR_sample ▇▆▅▅█▆▆▆▄▅▄▄▁
wandb:       time-series-wise/lr_sb_best/MCR_sample_mean ▁
wandb:             time-series-wise/lr_sb_best/QS_sample ▁▁▁▁▁▁▁▁▁▁▂▂█
wandb:        time-series-wise/lr_sb_best/QS_sample_mean ▁
wandb:                      time-series-wise/time-series ▃▄▇██▂▃▃▅▆▇████▂▃▃▆▆█▃▃▅▅▇█▁▂▃▆▇▇█▂▃▄▇▇█
wandb: 
wandb: Run summary:
wandb:            month-wise/by_ns_best/Brier_cls_sample 0.00318
wandb:       month-wise/by_ns_best/Brier_cls_sample_mean 0.00307
wandb:            month-wise/by_os_best/Brier_cls_sample 0.00548
wandb:       month-wise/by_os_best/Brier_cls_sample_mean 0.00447
wandb:            month-wise/by_sb_best/Brier_cls_sample 0.01094
wandb:       month-wise/by_sb_best/Brier_cls_sample_mean 0.00833
wandb:                        month-wise/lr_ns_best/CRPS 0.02324
wandb:                   month-wise/lr_ns_best/CRPS_mean 0.04672
wandb:                  month-wise/lr_ns_best/MCR_sample 0.86114
wandb:             month-wise/lr_ns_best/MCR_sample_mean 0.6505
wandb:                   month-wise/lr_ns_best/QS_sample 0.0223
wandb:              month-wise/lr_ns_best/QS_sample_mean 0.04043
wandb:                        month-wise/lr_os_best/CRPS 0.08958
wandb:                   month-wise/lr_os_best/CRPS_mean 0.04385
wandb:                  month-wise/lr_os_best/MCR_sample 0.36615
wandb:             month-wise/lr_os_best/MCR_sample_mean 0.61765
wandb:                   month-wise/lr_os_best/QS_sample 0.07972
wandb:              month-wise/lr_os_best/QS_sample_mean 0.03842
wandb:                        month-wise/lr_sb_best/CRPS 8.80541
wandb:                   month-wise/lr_sb_best/CRPS_mean 0.33028
wandb:                  month-wise/lr_sb_best/MCR_sample 0.00714
wandb:             month-wise/lr_sb_best/MCR_sample_mean 0.64118
wandb:                   month-wise/lr_sb_best/QS_sample 8.69681
wandb:              month-wise/lr_sb_best/QS_sample_mean 0.29416
wandb:                                  month-wise/month 504
wandb:             step-wise/by_ns_best/Brier_cls_sample 0.00286
wandb:        step-wise/by_ns_best/Brier_cls_sample_mean 0.00313
wandb:             step-wise/by_os_best/Brier_cls_sample 0.005
wandb:        step-wise/by_os_best/Brier_cls_sample_mean 0.00458
wandb:             step-wise/by_sb_best/Brier_cls_sample 0.01042
wandb:        step-wise/by_sb_best/Brier_cls_sample_mean 0.0083
wandb:                         step-wise/lr_ns_best/CRPS 0.02902
wandb:                    step-wise/lr_ns_best/CRPS_mean 0.04406
wandb:                   step-wise/lr_ns_best/MCR_sample 0.77206
wandb:              step-wise/lr_ns_best/MCR_sample_mean 0.58097
wandb:                    step-wise/lr_ns_best/QS_sample 0.02702
wandb:               step-wise/lr_ns_best/QS_sample_mean 0.03844
wandb:                         step-wise/lr_os_best/CRPS 0.0678
wandb:                    step-wise/lr_os_best/CRPS_mean 0.04548
wandb:                   step-wise/lr_os_best/MCR_sample 0.33469
wandb:              step-wise/lr_os_best/MCR_sample_mean 0.51462
wandb:                    step-wise/lr_os_best/QS_sample 0.0608
wandb:               step-wise/lr_os_best/QS_sample_mean 0.04004
wandb:                         step-wise/lr_sb_best/CRPS 0.88067
wandb:                    step-wise/lr_sb_best/CRPS_mean 0.15657
wandb:                   step-wise/lr_sb_best/MCR_sample 0.0999
wandb:              step-wise/lr_sb_best/MCR_sample_mean 0.61018
wandb:                    step-wise/lr_sb_best/QS_sample 0.84615
wandb:               step-wise/lr_sb_best/QS_sample_mean 0.12301
wandb:                                    step-wise/step 36
wandb:      time-series-wise/by_ns_best/Brier_cls_sample 0.003
wandb: time-series-wise/by_ns_best/Brier_cls_sample_mean 0.00313
wandb:      time-series-wise/by_os_best/Brier_cls_sample 0.00472
wandb: time-series-wise/by_os_best/Brier_cls_sample_mean 0.00458
wandb:      time-series-wise/by_sb_best/Brier_cls_sample 0.00856
wandb: time-series-wise/by_sb_best/Brier_cls_sample_mean 0.0083
wandb:                  time-series-wise/lr_ns_best/CRPS 0.03515
wandb:             time-series-wise/lr_ns_best/CRPS_mean 0.04406
wandb:            time-series-wise/lr_ns_best/MCR_sample 0.57093
wandb:       time-series-wise/lr_ns_best/MCR_sample_mean 0.50639
wandb:             time-series-wise/lr_ns_best/QS_sample 0.03169
wandb:        time-series-wise/lr_ns_best/QS_sample_mean 0.03844
wandb:                  time-series-wise/lr_os_best/CRPS 0.04984
wandb:             time-series-wise/lr_os_best/CRPS_mean 0.04548
wandb:            time-series-wise/lr_os_best/MCR_sample 0.47254
wandb:       time-series-wise/lr_os_best/MCR_sample_mean 0.45827
wandb:             time-series-wise/lr_os_best/QS_sample 0.04288
wandb:        time-series-wise/lr_os_best/QS_sample_mean 0.04004
wandb:                  time-series-wise/lr_sb_best/CRPS 0.39195
wandb:             time-series-wise/lr_sb_best/CRPS_mean 0.15657
wandb:            time-series-wise/lr_sb_best/MCR_sample 0.15197
wandb:       time-series-wise/lr_sb_best/MCR_sample_mean 0.58986
wandb:             time-series-wise/lr_sb_best/QS_sample 0.36162
wandb:        time-series-wise/lr_sb_best/QS_sample_mean 0.12301
wandb:                      time-series-wise/time-series 12
wandb: 
wandb: 🚀 View run northern-lion-76 at: https://wandb.ai/views_pipeline/fullzero_fortythree_calibration/runs/2ffnmxt3
wandb: ⭐️ View project at: https://wandb.ai/views_pipeline/fullzero_fortythree_calibration
wandb: Synced 5 W&B file(s), 0 media file(s), 36 artifact file(s) and 36 other file(s)
wandb: Find logs at: ./wandb/run-20260906_190325-2ffnmxt3/logs
