origin,sample_idx,step,target_idx,n_cells,n_active,active_fraction,mean_magnitude_on_active,persistence,neighbour_pairs_per_active
335,0,1,0,32400,42,0.0012962962962962963,41.761905670166016,-1.0,0.5
335,0,1,1,32400,9,0.0002777777777777778,54.77778244018555,-1.0,0.2222222222222222
335,0,1,2,32400,12,0.00037037037037037035,6.5,-1.0,0.16666666666666666
335,0,2,0,32400,28,0.0008641975308641976,29.821430206298828,0.4523809523809524,0.4642857142857143
335,0,2,1,32400,5,0.00015432098765432098,7.800000190734863,0.3333333333333333,0.2
335,0,2,2,32400,4,0.0001234567901234568,15.0,0.0,0.0
335,0,3,0,32400,24,0.0007407407407407407,13.583333969116211,0.32142857142857145,0.4166666666666667
335,0,3,1,32400,4,0.0001234567901234568,6.75,0.2,0.0
335,0,3,2,32400,1,3.08641975308642e-05,19.0,0.0,0.0
335,0,4,0,32400,19,0.0005864197530864197,11.736842155456543,0.375,0.21052631578947367
335,0,4,1,32400,1,3.08641975308642e-05,34.000003814697266,0.25,0.0
335,0,4,2,32400,1,3.08641975308642e-05,1.0,0.0,0.0
335,0,5,0,32400,7,0.0002160493827160494,3.2857143878936768,0.21052631578947367,0.2857142857142857
335,0,5,1,32400,0,0.0,-1.0,0.0,-1.0
335,0,5,2,32400,2,6.17283950617284e-05,4.0,0.0,0.0
335,0,6,0,32400,4,0.0001234567901234568,8.5,0.14285714285714285,0.25
335,0,6,1,32400,1,3.08641975308642e-05,22.0,-1.0,0.0
335,0,6,2,32400,0,0.0,-1.0,0.0,-1.0
335,0,7,0,32400,10,0.00030864197530864197,5.800000190734863,0.25,0.2
335,0,7,1,32400,1,3.08641975308642e-05,3.0,0.0,0.0
335,0,7,2,32400,1,3.08641975308642e-05,4.0,-1.0,0.0
335,0,8,0,32400,3,9.259259259259259e-05,14.0,0.0,0.3333333333333333
335,0,8,1,32400,1,3.08641975308642e-05,11.999999046325684,0.0,0.0
335,0,8,2,32400,1,3.08641975308642e-05,26.000001907348633,0.0,0.0
335,0,9,0,32400,3,9.259259259259259e-05,9.0,0.0,0.0
335,0,9,1,32400,2,6.17283950617284e-05,4.5,1.0,0.0
335,0,9,2,32400,0,0.0,-1.0,0.0,-1.0
335,0,10,0,32400,1,3.08641975308642e-05,1.0,0.0,0.0
335,0,10,1,32400,0,0.0,-1.0,0.0,-1.0
335,0,10,2,32400,0,0.0,-1.0,-1.0,-1.0
335,0,11,0,32400,1,3.08641975308642e-05,3.0,0.0,0.0
335,0,11,1,32400,1,3.08641975308642e-05,4.0,-1.0,0.0
335,0,11,2,32400,0,0.0,-1.0,-1.0,-1.0
335,0,12,0,32400,1,3.08641975308642e-05,5.0,0.0,0.0
335,0,12,1,32400,0,0.0,-1.0,0.0,-1.0
335,0,12,2,32400,0,0.0,-1.0,-1.0,-1.0
335,0,13,0,32400,0,0.0,-1.0,0.0,-1.0
335,0,13,1,32400,0,0.0,-1.0,-1.0,-1.0
335,0,13,2,32400,0,0.0,-1.0,-1.0,-1.0
335,0,14,0,32400,0,0.0,-1.0,-1.0,-1.0
335,0,14,1,32400,0,0.0,-1.0,-1.0,-1.0
335,0,14,2,32400,0,0.0,-1.0,-1.0,-1.0
335,0,15,0,32400,2,6.17283950617284e-05,8.0,-1.0,0.0
335,0,15,1,32400,1,3.08641975308642e-05,7.0,-1.0,0.0
335,0,15,2,32400,0,0.0,-1.0,-1.0,-1.0
335,0,16,0,32400,2,6.17283950617284e-05,2.5,0.5,0.0
335,0,16,1,32400,0,0.0,-1.0,0.0,-1.0
335,0,16,2,32400,0,0.0,-1.0,-1.0,-1.0
335,0,17,0,32400,0,0.0,-1.0,0.0,-1.0
335,0,17,1,32400,1,3.08641975308642e-05,1.0,-1.0,0.0
335,0,17,2,32400,0,0.0,-1.0,-1.0,-1.0
335,0,18,0,32400,1,3.08641975308642e-05,3.0,-1.0,0.0
335,0,18,1,32400,0,0.0,-1.0,0.0,-1.0
335,0,18,2,32400,0,0.0,-1.0,-1.0,-1.0
335,0,19,0,32400,1,3.08641975308642e-05,24.999998092651367,1.0,0.0
335,0,19,1,32400,0,0.0,-1.0,-1.0,-1.0
335,0,19,2,32400,0,0.0,-1.0,-1.0,-1.0
335,0,20,0,32400,0,0.0,-1.0,0.0,-1.0
335,0,20,1,32400,1,3.08641975308642e-05,2.0,-1.0,0.0
335,0,20,2,32400,0,0.0,-1.0,-1.0,-1.0
335,0,21,0,32400,2,6.17283950617284e-05,23.499996185302734,-1.0,0.0
335,0,21,1,32400,0,0.0,-1.0,0.0,-1.0
335,0,21,2,32400,0,0.0,-1.0,-1.0,-1.0
335,0,22,0,32400,0,0.0,-1.0,0.0,-1.0
335,0,22,1,32400,0,0.0,-1.0,-1.0,-1.0
335,0,22,2,32400,0,0.0,-1.0,-1.0,-1.0
335,0,23,0,32400,0,0.0,-1.0,-1.0,-1.0
335,0,23,1,32400,0,0.0,-1.0,-1.0,-1.0
335,0,23,2,32400,1,3.08641975308642e-05,7.0,-1.0,0.0
335,0,24,0,32400,0,0.0,-1.0,-1.0,-1.0
335,0,24,1,32400,0,0.0,-1.0,-1.0,-1.0
335,0,24,2,32400,0,0.0,-1.0,0.0,-1.0
335,0,25,0,32400,0,0.0,-1.0,-1.0,-1.0
335,0,25,1,32400,0,0.0,-1.0,-1.0,-1.0
335,0,25,2,32400,0,0.0,-1.0,-1.0,-1.0
335,0,26,0,32400,0,0.0,-1.0,-1.0,-1.0
335,0,26,1,32400,0,0.0,-1.0,-1.0,-1.0
335,0,26,2,32400,0,0.0,-1.0,-1.0,-1.0
335,0,27,0,32400,0,0.0,-1.0,-1.0,-1.0
335,0,27,1,32400,0,0.0,-1.0,-1.0,-1.0
335,0,27,2,32400,0,0.0,-1.0,-1.0,-1.0
335,0,28,0,32400,0,0.0,-1.0,-1.0,-1.0
335,0,28,1,32400,0,0.0,-1.0,-1.0,-1.0
335,0,28,2,32400,0,0.0,-1.0,-1.0,-1.0
335,0,29,0,32400,0,0.0,-1.0,-1.0,-1.0
335,0,29,1,32400,0,0.0,-1.0,-1.0,-1.0
335,0,29,2,32400,0,0.0,-1.0,-1.0,-1.0
335,0,30,0,32400,0,0.0,-1.0,-1.0,-1.0
335,0,30,1,32400,0,0.0,-1.0,-1.0,-1.0
335,0,30,2,32400,0,0.0,-1.0,-1.0,-1.0
335,0,31,0,32400,0,0.0,-1.0,-1.0,-1.0
335,0,31,1,32400,0,0.0,-1.0,-1.0,-1.0
335,0,31,2,32400,0,0.0,-1.0,-1.0,-1.0
335,0,32,0,32400,0,0.0,-1.0,-1.0,-1.0
335,0,32,1,32400,0,0.0,-1.0,-1.0,-1.0
335,0,32,2,32400,0,0.0,-1.0,-1.0,-1.0
335,0,33,0,32400,0,0.0,-1.0,-1.0,-1.0
335,0,33,1,32400,0,0.0,-1.0,-1.0,-1.0
335,0,33,2,32400,0,0.0,-1.0,-1.0,-1.0
335,0,34,0,32400,0,0.0,-1.0,-1.0,-1.0
335,0,34,1,32400,0,0.0,-1.0,-1.0,-1.0
335,0,34,2,32400,0,0.0,-1.0,-1.0,-1.0
335,0,35,0,32400,0,0.0,-1.0,-1.0,-1.0
335,0,35,1,32400,0,0.0,-1.0,-1.0,-1.0
335,0,35,2,32400,0,0.0,-1.0,-1.0,-1.0
335,1,1,0,32400,43,0.0013271604938271606,22.55813980102539,-1.0,0.4418604651162791
335,1,1,1,32400,11,0.00033950617283950616,90.3636245727539,-1.0,0.18181818181818182
335,1,1,2,32400,6,0.00018518518518518518,17.500001907348633,-1.0,0.16666666666666666
335,1,2,0,32400,32,0.0009876543209876543,17.53125,0.3953488372093023,0.40625
335,1,2,1,32400,9,0.0002777777777777778,20.44444465637207,0.36363636363636365,0.2222222222222222
335,1,2,2,32400,3,9.259259259259259e-05,23.666667938232422,0.3333333333333333,0.0
335,1,3,0,32400,16,0.0004938271604938272,21.1875,0.34375,0.25
335,1,3,1,32400,4,0.0001234567901234568,24.000003814697266,0.1111111111111111,0.0
335,1,3,2,32400,2,6.17283950617284e-05,111.00001525878906,0.0,0.0
335,1,4,0,32400,18,0.0005555555555555556,13.111111640930176,0.3125,0.3333333333333333
335,1,4,1,32400,2,6.17283950617284e-05,4.0,0.25,0.0
335,1,4,2,32400,2,6.17283950617284e-05,57.0,0.5,0.0
335,1,5,0,32400,16,0.0004938271604938272,15.5625,0.2777777777777778,0.375
335,1,5,1,32400,3,9.259259259259259e-05,26.000003814697266,0.0,0.0
335,1,5,2,32400,1,3.08641975308642e-05,10.000000953674316,0.5,0.0
335,1,6,0,32400,12,0.00037037037037037035,21.500003814697266,0.375,0.25
335,1,6,1,32400,0,0.0,-1.0,0.0,-1.0
335,1,6,2,32400,0,0.0,-1.0,0.0,-1.0
335,1,7,0,32400,11,0.00033950617283950616,13.63636302947998,0.3333333333333333,0.2727272727272727
335,1,7,1,32400,0,0.0,-1.0,-1.0,-1.0
335,1,7,2,32400,2,6.17283950617284e-05,1.0,-1.0,0.0
335,1,8,0,32400,8,0.0002469135802469136,24.250001907348633,0.18181818181818182,0.0
335,1,8,1,32400,0,0.0,-1.0,-1.0,-1.0
335,1,8,2,32400,2,6.17283950617284e-05,19.999998092651367,0.0,0.0
335,1,9,0,32400,5,0.00015432098765432098,11.199999809265137,0.25,0.2
335,1,9,1,32400,1,3.08641975308642e-05,1.0,-1.0,0.0
335,1,9,2,32400,1,3.08641975308642e-05,7.0,0.0,0.0
335,1,10,0,32400,5,0.00015432098765432098,13.199999809265137,0.4,0.0
335,1,10,1,32400,0,0.0,-1.0,0.0,-1.0
335,1,10,2,32400,1,3.08641975308642e-05,1.0,0.0,0.0
335,1,11,0,32400,7,0.0002160493827160494,15.85714340209961,0.4,0.14285714285714285
335,1,11,1,32400,0,0.0,-1.0,-1.0,-1.0
335,1,11,2,32400,0,0.0,-1.0,0.0,-1.0
335,1,12,0,32400,5,0.00015432098765432098,17.399999618530273,0.42857142857142855,0.0
335,1,12,1,32400,0,0.0,-1.0,-1.0,-1.0
335,1,12,2,32400,1,3.08641975308642e-05,5.0,-1.0,0.0
335,1,13,0,32400,0,0.0,-1.0,0.0,-1.0
335,1,13,1,32400,0,0.0,-1.0,-1.0,-1.0
335,1,13,2,32400,0,0.0,-1.0,0.0,-1.0
335,1,14,0,32400,3,9.259259259259259e-05,7.666667461395264,-1.0,0.0
335,1,14,1,32400,0,0.0,-1.0,-1.0,-1.0
335,1,14,2,32400,0,0.0,-1.0,-1.0,-1.0
335,1,15,0,32400,3,9.259259259259259e-05,7.6666669845581055,0.3333333333333333,0.0
335,1,15,1,32400,0,0.0,-1.0,-1.0,-1.0
335,1,15,2,32400,1,3.08641975308642e-05,10.000000953674316,-1.0,0.0
335,1,16,0,32400,0,0.0,-1.0,0.0,-1.0
335,1,16,1,32400,0,0.0,-1.0,-1.0,-1.0
335,1,16,2,32400,0,0.0,-1.0,0.0,-1.0
335,1,17,0,32400,0,0.0,-1.0,-1.0,-1.0
335,1,17,1,32400,0,0.0,-1.0,-1.0,-1.0
335,1,17,2,32400,0,0.0,-1.0,-1.0,-1.0
335,1,18,0,32400,0,0.0,-1.0,-1.0,-1.0
335,1,18,1,32400,0,0.0,-1.0,-1.0,-1.0
335,1,18,2,32400,0,0.0,-1.0,-1.0,-1.0
335,1,19,0,32400,1,3.08641975308642e-05,94.0,-1.0,0.0
335,1,19,1,32400,0,0.0,-1.0,-1.0,-1.0
335,1,19,2,32400,0,0.0,-1.0,-1.0,-1.0
335,1,20,0,32400,1,3.08641975308642e-05,134.00001525878906,0.0,0.0
335,1,20,1,32400,0,0.0,-1.0,-1.0,-1.0
335,1,20,2,32400,0,0.0,-1.0,-1.0,-1.0
335,1,21,0,32400,2,6.17283950617284e-05,3.5,1.0,0.0
335,1,21,1,32400,0,0.0,-1.0,-1.0,-1.0
335,1,21,2,32400,0,0.0,-1.0,-1.0,-1.0
335,1,22,0,32400,0,0.0,-1.0,0.0,-1.0
335,1,22,1,32400,0,0.0,-1.0,-1.0,-1.0
335,1,22,2,32400,0,0.0,-1.0,-1.0,-1.0
335,1,23,0,32400,1,3.08641975308642e-05,7.0,-1.0,0.0
335,1,23,1,32400,0,0.0,-1.0,-1.0,-1.0
335,1,23,2,32400,0,0.0,-1.0,-1.0,-1.0
335,1,24,0,32400,0,0.0,-1.0,0.0,-1.0
335,1,24,1,32400,0,0.0,-1.0,-1.0,-1.0
335,1,24,2,32400,0,0.0,-1.0,-1.0,-1.0
335,1,25,0,32400,1,3.08641975308642e-05,5.999999523162842,-1.0,0.0
335,1,25,1,32400,0,0.0,-1.0,-1.0,-1.0
335,1,25,2,32400,0,0.0,-1.0,-1.0,-1.0
335,1,26,0,32400,0,0.0,-1.0,0.0,-1.0
335,1,26,1,32400,0,0.0,-1.0,-1.0,-1.0
335,1,26,2,32400,0,0.0,-1.0,-1.0,-1.0
335,1,27,0,32400,1,3.08641975308642e-05,9.0,-1.0,0.0
335,1,27,1,32400,1,3.08641975308642e-05,5.999999523162842,-1.0,0.0
335,1,27,2,32400,0,0.0,-1.0,-1.0,-1.0
335,1,28,0,32400,1,3.08641975308642e-05,1.0,0.0,0.0
335,1,28,1,32400,0,0.0,-1.0,0.0,-1.0
335,1,28,2,32400,0,0.0,-1.0,-1.0,-1.0
335,1,29,0,32400,0,0.0,-1.0,0.0,-1.0
335,1,29,1,32400,0,0.0,-1.0,-1.0,-1.0
335,1,29,2,32400,0,0.0,-1.0,-1.0,-1.0
335,1,30,0,32400,0,0.0,-1.0,-1.0,-1.0
335,1,30,1,32400,0,0.0,-1.0,-1.0,-1.0
335,1,30,2,32400,0,0.0,-1.0,-1.0,-1.0
335,1,31,0,32400,1,3.08641975308642e-05,5.0,-1.0,0.0
335,1,31,1,32400,0,0.0,-1.0,-1.0,-1.0
335,1,31,2,32400,0,0.0,-1.0,-1.0,-1.0
335,1,32,0,32400,0,0.0,-1.0,0.0,-1.0
335,1,32,1,32400,0,0.0,-1.0,-1.0,-1.0
335,1,32,2,32400,0,0.0,-1.0,-1.0,-1.0
335,1,33,0,32400,0,0.0,-1.0,-1.0,-1.0
335,1,33,1,32400,0,0.0,-1.0,-1.0,-1.0
335,1,33,2,32400,0,0.0,-1.0,-1.0,-1.0
335,1,34,0,32400,2,6.17283950617284e-05,9.0,-1.0,0.0
335,1,34,1,32400,0,0.0,-1.0,-1.0,-1.0
335,1,34,2,32400,0,0.0,-1.0,-1.0,-1.0
335,1,35,0,32400,0,0.0,-1.0,0.0,-1.0
335,1,35,1,32400,0,0.0,-1.0,-1.0,-1.0
335,1,35,2,32400,1,3.08641975308642e-05,11.999999046325684,-1.0,0.0
335,2,1,0,32400,52,0.0016049382716049382,20.653846740722656,-1.0,0.5961538461538461
335,2,1,1,32400,8,0.0002469135802469136,246.37503051757812,-1.0,0.0
335,2,1,2,32400,12,0.00037037037037037035,9.833333015441895,-1.0,0.08333333333333333
335,2,2,0,32400,38,0.0011728395061728395,24.52631378173828,0.38461538461538464,0.47368421052631576
335,2,2,1,32400,2,6.17283950617284e-05,26.500001907348633,0.0,0.0
335,2,2,2,32400,8,0.0002469135802469136,16.75,0.25,0.125
335,2,3,0,32400,25,0.0007716049382716049,16.119998931884766,0.3684210526315789,0.48
335,2,3,1,32400,3,9.259259259259259e-05,11.333333969116211,0.0,0.0
335,2,3,2,32400,4,0.0001234567901234568,61.500003814697266,0.0,0.25
335,2,4,0,32400,20,0.0006172839506172839,18.500001907348633,0.36,0.2
335,2,4,1,32400,1,3.08641975308642e-05,3.0,0.0,0.0
335,2,4,2,32400,2,6.17283950617284e-05,42.0,0.0,0.0
335,2,5,0,32400,13,0.00040123456790123454,10.0,0.4,0.07692307692307693
335,2,5,1,32400,1,3.08641975308642e-05,1.0,0.0,0.0
335,2,5,2,32400,3,9.259259259259259e-05,8.666666984558105,0.0,0.0
335,2,6,0,32400,11,0.00033950617283950616,6.2727274894714355,0.15384615384615385,0.09090909090909091
335,2,6,1,32400,1,3.08641975308642e-05,1.0,0.0,0.0
335,2,6,2,32400,4,0.0001234567901234568,157.24998474121094,0.3333333333333333,0.25
335,2,7,0,32400,10,0.00030864197530864197,11.09999942779541,0.2727272727272727,0.3
335,2,7,1,32400,0,0.0,-1.0,0.0,-1.0
335,2,7,2,32400,3,9.259259259259259e-05,3.0,0.0,0.0
335,2,8,0,32400,8,0.0002469135802469136,18.125,0.2,0.0
335,2,8,1,32400,0,0.0,-1.0,-1.0,-1.0
335,2,8,2,32400,0,0.0,-1.0,0.0,-1.0
335,2,9,0,32400,3,9.259259259259259e-05,4.333333492279053,0.0,0.3333333333333333
335,2,9,1,32400,0,0.0,-1.0,-1.0,-1.0
335,2,9,2,32400,0,0.0,-1.0,-1.0,-1.0
335,2,10,0,32400,5,0.00015432098765432098,14.199999809265137,0.0,0.2
335,2,10,1,32400,0,0.0,-1.0,-1.0,-1.0
335,2,10,2,32400,1,3.08641975308642e-05,8.0,-1.0,0.0
335,2,11,0,32400,3,9.259259259259259e-05,5.333333492279053,0.4,0.3333333333333333
335,2,11,1,32400,0,0.0,-1.0,-1.0,-1.0
335,2,11,2,32400,2,6.17283950617284e-05,12.500000953674316,0.0,0.0
335,2,12,0,32400,2,6.17283950617284e-05,1.0,0.0,0.0
335,2,12,1,32400,0,0.0,-1.0,-1.0,-1.0
335,2,12,2,32400,0,0.0,-1.0,0.0,-1.0
335,2,13,0,32400,1,3.08641975308642e-05,1.0,0.0,0.0
335,2,13,1,32400,0,0.0,-1.0,-1.0,-1.0
335,2,13,2,32400,0,0.0,-1.0,-1.0,-1.0
335,2,14,0,32400,2,6.17283950617284e-05,3.0,0.0,0.0
335,2,14,1,32400,0,0.0,-1.0,-1.0,-1.0
335,2,14,2,32400,0,0.0,-1.0,-1.0,-1.0
335,2,15,0,32400,0,0.0,-1.0,0.0,-1.0
335,2,15,1,32400,0,0.0,-1.0,-1.0,-1.0
335,2,15,2,32400,0,0.0,-1.0,-1.0,-1.0
335,2,16,0,32400,0,0.0,-1.0,-1.0,-1.0
335,2,16,1,32400,1,3.08641975308642e-05,1.0,-1.0,0.0
335,2,16,2,32400,0,0.0,-1.0,-1.0,-1.0
335,2,17,0,32400,1,3.08641975308642e-05,1.0,-1.0,0.0
335,2,17,1,32400,0,0.0,-1.0,0.0,-1.0
335,2,17,2,32400,0,0.0,-1.0,-1.0,-1.0
335,2,18,0,32400,0,0.0,-1.0,0.0,-1.0
335,2,18,1,32400,0,0.0,-1.0,-1.0,-1.0
335,2,18,2,32400,0,0.0,-1.0,-1.0,-1.0
335,2,19,0,32400,0,0.0,-1.0,-1.0,-1.0
335,2,19,1,32400,0,0.0,-1.0,-1.0,-1.0
335,2,19,2,32400,1,3.08641975308642e-05,10.000000953674316,-1.0,0.0
335,2,20,0,32400,0,0.0,-1.0,-1.0,-1.0
335,2,20,1,32400,0,0.0,-1.0,-1.0,-1.0
335,2,20,2,32400,0,0.0,-1.0,0.0,-1.0
335,2,21,0,32400,1,3.08641975308642e-05,1.0,-1.0,0.0
335,2,21,1,32400,0,0.0,-1.0,-1.0,-1.0
335,2,21,2,32400,0,0.0,-1.0,-1.0,-1.0
335,2,22,0,32400,0,0.0,-1.0,0.0,-1.0
335,2,22,1,32400,0,0.0,-1.0,-1.0,-1.0
335,2,22,2,32400,0,0.0,-1.0,-1.0,-1.0
335,2,23,0,32400,0,0.0,-1.0,-1.0,-1.0
335,2,23,1,32400,0,0.0,-1.0,-1.0,-1.0
335,2,23,2,32400,0,0.0,-1.0,-1.0,-1.0
335,2,24,0,32400,0,0.0,-1.0,-1.0,-1.0
335,2,24,1,32400,0,0.0,-1.0,-1.0,-1.0
335,2,24,2,32400,0,0.0,-1.0,-1.0,-1.0
335,2,25,0,32400,0,0.0,-1.0,-1.0,-1.0
335,2,25,1,32400,0,0.0,-1.0,-1.0,-1.0
335,2,25,2,32400,0,0.0,-1.0,-1.0,-1.0
335,2,26,0,32400,1,3.08641975308642e-05,35.999996185302734,-1.0,0.0
335,2,26,1,32400,0,0.0,-1.0,-1.0,-1.0
335,2,26,2,32400,0,0.0,-1.0,-1.0,-1.0
335,2,27,0,32400,0,0.0,-1.0,0.0,-1.0
335,2,27,1,32400,0,0.0,-1.0,-1.0,-1.0
335,2,27,2,32400,0,0.0,-1.0,-1.0,-1.0
335,2,28,0,32400,0,0.0,-1.0,-1.0,-1.0
335,2,28,1,32400,0,0.0,-1.0,-1.0,-1.0
335,2,28,2,32400,0,0.0,-1.0,-1.0,-1.0
335,2,29,0,32400,0,0.0,-1.0,-1.0,-1.0
335,2,29,1,32400,0,0.0,-1.0,-1.0,-1.0
335,2,29,2,32400,0,0.0,-1.0,-1.0,-1.0
335,2,30,0,32400,1,3.08641975308642e-05,4.0,-1.0,0.0
335,2,30,1,32400,0,0.0,-1.0,-1.0,-1.0
335,2,30,2,32400,0,0.0,-1.0,-1.0,-1.0
335,2,31,0,32400,0,0.0,-1.0,0.0,-1.0
335,2,31,1,32400,0,0.0,-1.0,-1.0,-1.0
335,2,31,2,32400,1,3.08641975308642e-05,1.0,-1.0,0.0
335,2,32,0,32400,1,3.08641975308642e-05,1.0,-1.0,0.0
335,2,32,1,32400,0,0.0,-1.0,-1.0,-1.0
335,2,32,2,32400,0,0.0,-1.0,0.0,-1.0
335,2,33,0,32400,0,0.0,-1.0,0.0,-1.0
335,2,33,1,32400,0,0.0,-1.0,-1.0,-1.0
335,2,33,2,32400,0,0.0,-1.0,-1.0,-1.0
335,2,34,0,32400,0,0.0,-1.0,-1.0,-1.0
335,2,34,1,32400,0,0.0,-1.0,-1.0,-1.0
335,2,34,2,32400,0,0.0,-1.0,-1.0,-1.0
335,2,35,0,32400,0,0.0,-1.0,-1.0,-1.0
335,2,35,1,32400,0,0.0,-1.0,-1.0,-1.0
335,2,35,2,32400,0,0.0,-1.0,-1.0,-1.0
335,3,1,0,32400,36,0.0011111111111111111,25.72222328186035,-1.0,0.3333333333333333
335,3,1,1,32400,6,0.00018518518518518518,24.999998092651367,-1.0,0.16666666666666666
335,3,1,2,32400,3,9.259259259259259e-05,34.33333969116211,-1.0,0.0
335,3,2,0,32400,31,0.0009567901234567902,14.709676742553711,0.3333333333333333,0.3225806451612903
335,3,2,1,32400,4,0.0001234567901234568,3.75,0.16666666666666666,0.0
335,3,2,2,32400,2,6.17283950617284e-05,139.5,0.3333333333333333,0.0
335,3,3,0,32400,17,0.0005246913580246914,12.588234901428223,0.3225806451612903,0.11764705882352941
335,3,3,1,32400,3,9.259259259259259e-05,1.6666667461395264,0.25,0.0
335,3,3,2,32400,1,3.08641975308642e-05,219.00003051757812,0.0,0.0
335,3,4,0,32400,11,0.00033950617283950616,21.727275848388672,0.29411764705882354,0.09090909090909091
335,3,4,1,32400,1,3.08641975308642e-05,4.0,0.0,0.0
335,3,4,2,32400,2,6.17283950617284e-05,1.5,1.0,0.0
335,3,5,0,32400,10,0.00030864197530864197,7.0,0.18181818181818182,0.2
335,3,5,1,32400,4,0.0001234567901234568,13.250000953674316,0.0,0.0
335,3,5,2,32400,1,3.08641975308642e-05,2.0,0.0,0.0
335,3,6,0,32400,8,0.0002469135802469136,6.75,0.3,0.25
335,3,6,1,32400,0,0.0,-1.0,0.0,-1.0
335,3,6,2,32400,3,9.259259259259259e-05,5.333333492279053,0.0,0.0
335,3,7,0,32400,4,0.0001234567901234568,14.5,0.125,0.0
335,3,7,1,32400,1,3.08641975308642e-05,3.0,-1.0,0.0
335,3,7,2,32400,0,0.0,-1.0,0.0,-1.0
335,3,8,0,32400,1,3.08641975308642e-05,9.0,0.0,0.0
335,3,8,1,32400,2,6.17283950617284e-05,4.0,0.0,0.0
335,3,8,2,32400,0,0.0,-1.0,-1.0,-1.0
335,3,9,0,32400,3,9.259259259259259e-05,4.333333492279053,0.0,0.0
335,3,9,1,32400,0,0.0,-1.0,0.0,-1.0
335,3,9,2,32400,0,0.0,-1.0,-1.0,-1.0
335,3,10,0,32400,1,3.08641975308642e-05,4.0,0.0,0.0
335,3,10,1,32400,0,0.0,-1.0,-1.0,-1.0
335,3,10,2,32400,0,0.0,-1.0,-1.0,-1.0
335,3,11,0,32400,2,6.17283950617284e-05,2.0,0.0,0.0
335,3,11,1,32400,0,0.0,-1.0,-1.0,-1.0
335,3,11,2,32400,1,3.08641975308642e-05,5.0,-1.0,0.0
335,3,12,0,32400,2,6.17283950617284e-05,3.499999761581421,0.0,0.0
335,3,12,1,32400,1,3.08641975308642e-05,4.0,-1.0,0.0
335,3,12,2,32400,0,0.0,-1.0,0.0,-1.0
335,3,13,0,32400,0,0.0,-1.0,0.0,-1.0
335,3,13,1,32400,1,3.08641975308642e-05,41.000003814697266,1.0,0.0
335,3,13,2,32400,0,0.0,-1.0,-1.0,-1.0
335,3,14,0,32400,3,9.259259259259259e-05,4.333333492279053,-1.0,0.0
335,3,14,1,32400,1,3.08641975308642e-05,2.0,0.0,0.0
335,3,14,2,32400,0,0.0,-1.0,-1.0,-1.0
335,3,15,0,32400,2,6.17283950617284e-05,1.5,0.0,0.0
335,3,15,1,32400,0,0.0,-1.0,0.0,-1.0
335,3,15,2,32400,0,0.0,-1.0,-1.0,-1.0
335,3,16,0,32400,3,9.259259259259259e-05,19.666667938232422,0.0,0.0
335,3,16,1,32400,0,0.0,-1.0,-1.0,-1.0
335,3,16,2,32400,0,0.0,-1.0,-1.0,-1.0
335,3,17,0,32400,1,3.08641975308642e-05,21.000001907348633,0.3333333333333333,0.0
335,3,17,1,32400,0,0.0,-1.0,-1.0,-1.0
335,3,17,2,32400,0,0.0,-1.0,-1.0,-1.0
335,3,18,0,32400,0,0.0,-1.0,0.0,-1.0
335,3,18,1,32400,1,3.08641975308642e-05,32.000003814697266,-1.0,0.0
335,3,18,2,32400,1,3.08641975308642e-05,45.0,-1.0,0.0
335,3,19,0,32400,0,0.0,-1.0,-1.0,-1.0
335,3,19,1,32400,0,0.0,-1.0,0.0,-1.0
335,3,19,2,32400,0,0.0,-1.0,0.0,-1.0
335,3,20,0,32400,0,0.0,-1.0,-1.0,-1.0
335,3,20,1,32400,0,0.0,-1.0,-1.0,-1.0
335,3,20,2,32400,0,0.0,-1.0,-1.0,-1.0
335,3,21,0,32400,0,0.0,-1.0,-1.0,-1.0
335,3,21,1,32400,0,0.0,-1.0,-1.0,-1.0
335,3,21,2,32400,0,0.0,-1.0,-1.0,-1.0
335,3,22,0,32400,0,0.0,-1.0,-1.0,-1.0
335,3,22,1,32400,0,0.0,-1.0,-1.0,-1.0
335,3,22,2,32400,0,0.0,-1.0,-1.0,-1.0
335,3,23,0,32400,0,0.0,-1.0,-1.0,-1.0
335,3,23,1,32400,0,0.0,-1.0,-1.0,-1.0
335,3,23,2,32400,0,0.0,-1.0,-1.0,-1.0
335,3,24,0,32400,0,0.0,-1.0,-1.0,-1.0
335,3,24,1,32400,1,3.08641975308642e-05,5.999999523162842,-1.0,0.0
335,3,24,2,32400,0,0.0,-1.0,-1.0,-1.0
335,3,25,0,32400,0,0.0,-1.0,-1.0,-1.0
335,3,25,1,32400,1,3.08641975308642e-05,148.0,1.0,0.0
335,3,25,2,32400,0,0.0,-1.0,-1.0,-1.0
335,3,26,0,32400,1,3.08641975308642e-05,10.000000953674316,-1.0,0.0
335,3,26,1,32400,0,0.0,-1.0,0.0,-1.0
335,3,26,2,32400,0,0.0,-1.0,-1.0,-1.0
335,3,27,0,32400,0,0.0,-1.0,0.0,-1.0
335,3,27,1,32400,0,0.0,-1.0,-1.0,-1.0
335,3,27,2,32400,0,0.0,-1.0,-1.0,-1.0
335,3,28,0,32400,0,0.0,-1.0,-1.0,-1.0
335,3,28,1,32400,0,0.0,-1.0,-1.0,-1.0
335,3,28,2,32400,0,0.0,-1.0,-1.0,-1.0
335,3,29,0,32400,0,0.0,-1.0,-1.0,-1.0
335,3,29,1,32400,0,0.0,-1.0,-1.0,-1.0
335,3,29,2,32400,0,0.0,-1.0,-1.0,-1.0
335,3,30,0,32400,1,3.08641975308642e-05,35.0,-1.0,0.0
335,3,30,1,32400,0,0.0,-1.0,-1.0,-1.0
335,3,30,2,32400,0,0.0,-1.0,-1.0,-1.0
335,3,31,0,32400,1,3.08641975308642e-05,5.0,1.0,0.0
335,3,31,1,32400,0,0.0,-1.0,-1.0,-1.0
335,3,31,2,32400,0,0.0,-1.0,-1.0,-1.0
335,3,32,0,32400,0,0.0,-1.0,0.0,-1.0
335,3,32,1,32400,0,0.0,-1.0,-1.0,-1.0
335,3,32,2,32400,0,0.0,-1.0,-1.0,-1.0
335,3,33,0,32400,1,3.08641975308642e-05,5.999999523162842,-1.0,0.0
335,3,33,1,32400,0,0.0,-1.0,-1.0,-1.0
335,3,33,2,32400,0,0.0,-1.0,-1.0,-1.0
335,3,34,0,32400,1,3.08641975308642e-05,2.0,1.0,0.0
335,3,34,1,32400,0,0.0,-1.0,-1.0,-1.0
335,3,34,2,32400,0,0.0,-1.0,-1.0,-1.0
335,3,35,0,32400,0,0.0,-1.0,0.0,-1.0
335,3,35,1,32400,1,3.08641975308642e-05,42.000003814697266,-1.0,0.0
335,3,35,2,32400,0,0.0,-1.0,-1.0,-1.0
336,0,1,0,32400,45,0.001388888888888889,25.0222225189209,-1.0,0.5777777777777777
336,0,1,1,32400,14,0.0004320987654320988,31.785717010498047,-1.0,0.2857142857142857
336,0,1,2,32400,3,9.259259259259259e-05,9.666666984558105,-1.0,0.0
336,0,2,0,32400,20,0.0006172839506172839,38.25,0.26666666666666666,0.35
336,0,2,1,32400,5,0.00015432098765432098,10.0,0.07142857142857142,0.0
336,0,2,2,32400,4,0.0001234567901234568,9.0,0.0,0.25
336,0,3,0,32400,21,0.0006481481481481481,13.142857551574707,0.4,0.14285714285714285
336,0,3,1,32400,7,0.0002160493827160494,7.428571701049805,0.0,0.14285714285714285
336,0,3,2,32400,1,3.08641975308642e-05,54.99999237060547,0.25,0.0
336,0,4,0,32400,13,0.00040123456790123454,13.46153736114502,0.19047619047619047,0.0
336,0,4,1,32400,8,0.0002469135802469136,7.25,0.0,0.375
336,0,4,2,32400,2,6.17283950617284e-05,10.0,0.0,0.0
336,0,5,0,32400,8,0.0002469135802469136,3.25,0.07692307692307693,0.0
336,0,5,1,32400,5,0.00015432098765432098,16.200002670288086,0.125,0.2
336,0,5,2,32400,1,3.08641975308642e-05,4.0,0.0,0.0
336,0,6,0,32400,6,0.00018518518518518518,18.0,0.0,0.0
336,0,6,1,32400,1,3.08641975308642e-05,8.0,0.0,0.0
336,0,6,2,32400,2,6.17283950617284e-05,4.0,0.0,0.0
336,0,7,0,32400,7,0.0002160493827160494,19.428571701049805,0.3333333333333333,0.0
336,0,7,1,32400,2,6.17283950617284e-05,5.0,0.0,0.0
336,0,7,2,32400,0,0.0,-1.0,0.0,-1.0
336,0,8,0,32400,4,0.0001234567901234568,9.5,0.2857142857142857,0.0
336,0,8,1,32400,1,3.08641975308642e-05,1.0,0.5,0.0
336,0,8,2,32400,1,3.08641975308642e-05,5.999999523162842,-1.0,0.0
336,0,9,0,32400,3,9.259259259259259e-05,46.66666793823242,0.5,0.0
336,0,9,1,32400,0,0.0,-1.0,0.0,-1.0
336,0,9,2,32400,1,3.08641975308642e-05,1.0,0.0,0.0
336,0,10,0,32400,3,9.259259259259259e-05,7.6666669845581055,0.3333333333333333,0.0
336,0,10,1,32400,1,3.08641975308642e-05,326.00006103515625,-1.0,0.0
336,0,10,2,32400,0,0.0,-1.0,0.0,-1.0
336,0,11,0,32400,1,3.08641975308642e-05,4.0,0.3333333333333333,0.0
336,0,11,1,32400,0,0.0,-1.0,0.0,-1.0
336,0,11,2,32400,1,3.08641975308642e-05,2.0,-1.0,0.0
336,0,12,0,32400,0,0.0,-1.0,0.0,-1.0
336,0,12,1,32400,1,3.08641975308642e-05,23.0,-1.0,0.0
336,0,12,2,32400,0,0.0,-1.0,0.0,-1.0
336,0,13,0,32400,0,0.0,-1.0,-1.0,-1.0
336,0,13,1,32400,0,0.0,-1.0,0.0,-1.0
336,0,13,2,32400,0,0.0,-1.0,-1.0,-1.0
336,0,14,0,32400,0,0.0,-1.0,-1.0,-1.0
336,0,14,1,32400,0,0.0,-1.0,-1.0,-1.0
336,0,14,2,32400,0,0.0,-1.0,-1.0,-1.0
336,0,15,0,32400,1,3.08641975308642e-05,35.0,-1.0,0.0
336,0,15,1,32400,0,0.0,-1.0,-1.0,-1.0
336,0,15,2,32400,0,0.0,-1.0,-1.0,-1.0
336,0,16,0,32400,0,0.0,-1.0,0.0,-1.0
336,0,16,1,32400,0,0.0,-1.0,-1.0,-1.0
336,0,16,2,32400,0,0.0,-1.0,-1.0,-1.0
336,0,17,0,32400,0,0.0,-1.0,-1.0,-1.0
336,0,17,1,32400,0,0.0,-1.0,-1.0,-1.0
336,0,17,2,32400,0,0.0,-1.0,-1.0,-1.0
336,0,18,0,32400,0,0.0,-1.0,-1.0,-1.0
336,0,18,1,32400,0,0.0,-1.0,-1.0,-1.0
336,0,18,2,32400,0,0.0,-1.0,-1.0,-1.0
336,0,19,0,32400,1,3.08641975308642e-05,11.999999046325684,-1.0,0.0
336,0,19,1,32400,0,0.0,-1.0,-1.0,-1.0
336,0,19,2,32400,0,0.0,-1.0,-1.0,-1.0
336,0,20,0,32400,0,0.0,-1.0,0.0,-1.0
336,0,20,1,32400,0,0.0,-1.0,-1.0,-1.0
336,0,20,2,32400,0,0.0,-1.0,-1.0,-1.0
336,0,21,0,32400,0,0.0,-1.0,-1.0,-1.0
336,0,21,1,32400,0,0.0,-1.0,-1.0,-1.0
336,0,21,2,32400,0,0.0,-1.0,-1.0,-1.0
336,0,22,0,32400,1,3.08641975308642e-05,2.0,-1.0,0.0
336,0,22,1,32400,0,0.0,-1.0,-1.0,-1.0
336,0,22,2,32400,0,0.0,-1.0,-1.0,-1.0
336,0,23,0,32400,0,0.0,-1.0,0.0,-1.0
336,0,23,1,32400,0,0.0,-1.0,-1.0,-1.0
336,0,23,2,32400,0,0.0,-1.0,-1.0,-1.0
336,0,24,0,32400,0,0.0,-1.0,-1.0,-1.0
336,0,24,1,32400,0,0.0,-1.0,-1.0,-1.0
336,0,24,2,32400,0,0.0,-1.0,-1.0,-1.0
336,0,25,0,32400,0,0.0,-1.0,-1.0,-1.0
336,0,25,1,32400,1,3.08641975308642e-05,19.0,-1.0,0.0
336,0,25,2,32400,0,0.0,-1.0,-1.0,-1.0
336,0,26,0,32400,0,0.0,-1.0,-1.0,-1.0
336,0,26,1,32400,0,0.0,-1.0,0.0,-1.0
336,0,26,2,32400,0,0.0,-1.0,-1.0,-1.0
336,0,27,0,32400,0,0.0,-1.0,-1.0,-1.0
336,0,27,1,32400,0,0.0,-1.0,-1.0,-1.0
336,0,27,2,32400,0,0.0,-1.0,-1.0,-1.0
336,0,28,0,32400,0,0.0,-1.0,-1.0,-1.0
336,0,28,1,32400,0,0.0,-1.0,-1.0,-1.0
336,0,28,2,32400,0,0.0,-1.0,-1.0,-1.0
336,0,29,0,32400,0,0.0,-1.0,-1.0,-1.0
336,0,29,1,32400,0,0.0,-1.0,-1.0,-1.0
336,0,29,2,32400,0,0.0,-1.0,-1.0,-1.0
336,0,30,0,32400,0,0.0,-1.0,-1.0,-1.0
336,0,30,1,32400,0,0.0,-1.0,-1.0,-1.0
336,0,30,2,32400,0,0.0,-1.0,-1.0,-1.0
336,0,31,0,32400,0,0.0,-1.0,-1.0,-1.0
336,0,31,1,32400,0,0.0,-1.0,-1.0,-1.0
336,0,31,2,32400,0,0.0,-1.0,-1.0,-1.0
336,0,32,0,32400,0,0.0,-1.0,-1.0,-1.0
336,0,32,1,32400,0,0.0,-1.0,-1.0,-1.0
336,0,32,2,32400,0,0.0,-1.0,-1.0,-1.0
336,0,33,0,32400,0,0.0,-1.0,-1.0,-1.0
336,0,33,1,32400,0,0.0,-1.0,-1.0,-1.0
336,0,33,2,32400,0,0.0,-1.0,-1.0,-1.0
336,0,34,0,32400,0,0.0,-1.0,-1.0,-1.0
336,0,34,1,32400,0,0.0,-1.0,-1.0,-1.0
336,0,34,2,32400,0,0.0,-1.0,-1.0,-1.0
336,0,35,0,32400,0,0.0,-1.0,-1.0,-1.0
336,0,35,1,32400,0,0.0,-1.0,-1.0,-1.0
336,0,35,2,32400,0,0.0,-1.0,-1.0,-1.0
336,1,1,0,32400,44,0.0013580246913580246,25.613637924194336,-1.0,0.4090909090909091
336,1,1,1,32400,12,0.00037037037037037035,18.5,-1.0,0.3333333333333333
336,1,1,2,32400,7,0.0002160493827160494,11.285715103149414,-1.0,0.14285714285714285
336,1,2,0,32400,29,0.0008950617283950618,27.724138259887695,0.36363636363636365,0.3103448275862069
336,1,2,1,32400,6,0.00018518518518518518,18.000003814697266,0.3333333333333333,0.16666666666666666
336,1,2,2,32400,5,0.00015432098765432098,30.800006866455078,0.0,0.2
336,1,3,0,32400,27,0.0008333333333333334,20.592592239379883,0.41379310344827586,0.2962962962962963
336,1,3,1,32400,7,0.0002160493827160494,16.285715103149414,0.0,0.0
336,1,3,2,32400,2,6.17283950617284e-05,4.5,0.0,0.0
336,1,4,0,32400,19,0.0005864197530864197,21.73684310913086,0.37037037037037035,0.3157894736842105
336,1,4,1,32400,3,9.259259259259259e-05,42.333335876464844,0.14285714285714285,0.0
336,1,4,2,32400,1,3.08641975308642e-05,56.999996185302734,0.0,0.0
336,1,5,0,32400,20,0.0006172839506172839,25.149999618530273,0.631578947368421,0.6
336,1,5,1,32400,4,0.0001234567901234568,6.0,0.3333333333333333,0.0
336,1,5,2,32400,1,3.08641975308642e-05,7.0,0.0,0.0
336,1,6,0,32400,10,0.00030864197530864197,19.0,0.4,0.1
336,1,6,1,32400,5,0.00015432098765432098,6.599999904632568,0.25,0.6
336,1,6,2,32400,2,6.17283950617284e-05,6.0,0.0,0.0
336,1,7,0,32400,7,0.0002160493827160494,26.71428680419922,0.3,0.14285714285714285
336,1,7,1,32400,3,9.259259259259259e-05,13.0,0.6,0.3333333333333333
336,1,7,2,32400,1,3.08641975308642e-05,8.0,0.5,0.0
336,1,8,0,32400,5,0.00015432098765432098,17.80000114440918,0.42857142857142855,0.2
336,1,8,1,32400,1,3.08641975308642e-05,1.0,0.3333333333333333,0.0
336,1,8,2,32400,1,3.08641975308642e-05,4.0,1.0,0.0
336,1,9,0,32400,7,0.0002160493827160494,20.428569793701172,0.4,0.42857142857142855
336,1,9,1,32400,0,0.0,-1.0,0.0,-1.0
336,1,9,2,32400,1,3.08641975308642e-05,4.0,1.0,0.0
336,1,10,0,32400,5,0.00015432098765432098,26.0,0.42857142857142855,0.4
336,1,10,1,32400,1,3.08641975308642e-05,2.0,-1.0,0.0
336,1,10,2,32400,0,0.0,-1.0,0.0,-1.0
336,1,11,0,32400,4,0.0001234567901234568,14.75,0.6,0.75
336,1,11,1,32400,1,3.08641975308642e-05,1.0,0.0,0.0
336,1,11,2,32400,0,0.0,-1.0,-1.0,-1.0
336,1,12,0,32400,4,0.0001234567901234568,7.749999523162842,0.25,0.0
336,1,12,1,32400,0,0.0,-1.0,0.0,-1.0
336,1,12,2,32400,0,0.0,-1.0,-1.0,-1.0
336,1,13,0,32400,2,6.17283950617284e-05,28.499998092651367,0.0,0.0
336,1,13,1,32400,1,3.08641975308642e-05,4.0,-1.0,0.0
336,1,13,2,32400,1,3.08641975308642e-05,1.0,-1.0,0.0
336,1,14,0,32400,3,9.259259259259259e-05,18.0,0.5,0.0
336,1,14,1,32400,0,0.0,-1.0,0.0,-1.0
336,1,14,2,32400,0,0.0,-1.0,0.0,-1.0
336,1,15,0,32400,3,9.259259259259259e-05,14.333333969116211,0.0,0.3333333333333333
336,1,15,1,32400,0,0.0,-1.0,-1.0,-1.0
336,1,15,2,32400,0,0.0,-1.0,-1.0,-1.0
336,1,16,0,32400,2,6.17283950617284e-05,4.5,0.6666666666666666,0.0
336,1,16,1,32400,0,0.0,-1.0,-1.0,-1.0
336,1,16,2,32400,2,6.17283950617284e-05,35.00000762939453,-1.0,0.0
336,1,17,0,32400,2,6.17283950617284e-05,8.5,0.0,0.0
336,1,17,1,32400,0,0.0,-1.0,-1.0,-1.0
336,1,17,2,32400,0,0.0,-1.0,0.0,-1.0
336,1,18,0,32400,2,6.17283950617284e-05,57.00000762939453,0.5,0.0
336,1,18,1,32400,0,0.0,-1.0,-1.0,-1.0
336,1,18,2,32400,0,0.0,-1.0,-1.0,-1.0
336,1,19,0,32400,0,0.0,-1.0,0.0,-1.0
336,1,19,1,32400,0,0.0,-1.0,-1.0,-1.0
336,1,19,2,32400,0,0.0,-1.0,-1.0,-1.0
336,1,20,0,32400,0,0.0,-1.0,-1.0,-1.0
336,1,20,1,32400,0,0.0,-1.0,-1.0,-1.0
336,1,20,2,32400,0,0.0,-1.0,-1.0,-1.0
336,1,21,0,32400,2,6.17283950617284e-05,154.49996948242188,-1.0,0.0
336,1,21,1,32400,0,0.0,-1.0,-1.0,-1.0
336,1,21,2,32400,0,0.0,-1.0,-1.0,-1.0
336,1,22,0,32400,1,3.08641975308642e-05,13.000000953674316,0.0,0.0
336,1,22,1,32400,1,3.08641975308642e-05,73.00000762939453,-1.0,0.0
336,1,22,2,32400,0,0.0,-1.0,-1.0,-1.0
336,1,23,0,32400,2,6.17283950617284e-05,25.499996185302734,1.0,0.0
336,1,23,1,32400,0,0.0,-1.0,0.0,-1.0
336,1,23,2,32400,0,0.0,-1.0,-1.0,-1.0
336,1,24,0,32400,2,6.17283950617284e-05,147.0,0.0,0.0
336,1,24,1,32400,0,0.0,-1.0,-1.0,-1.0
336,1,24,2,32400,0,0.0,-1.0,-1.0,-1.0
336,1,25,0,32400,1,3.08641975308642e-05,9.0,0.0,0.0
336,1,25,1,32400,0,0.0,-1.0,-1.0,-1.0
336,1,25,2,32400,1,3.08641975308642e-05,3.0,-1.0,0.0
336,1,26,0,32400,1,3.08641975308642e-05,4.0,0.0,0.0
336,1,26,1,32400,0,0.0,-1.0,-1.0,-1.0
336,1,26,2,32400,0,0.0,-1.0,0.0,-1.0
336,1,27,0,32400,2,6.17283950617284e-05,7.0,1.0,0.5
336,1,27,1,32400,0,0.0,-1.0,-1.0,-1.0
336,1,27,2,32400,0,0.0,-1.0,-1.0,-1.0
336,1,28,0,32400,0,0.0,-1.0,0.0,-1.0
336,1,28,1,32400,0,0.0,-1.0,-1.0,-1.0
336,1,28,2,32400,0,0.0,-1.0,-1.0,-1.0
336,1,29,0,32400,0,0.0,-1.0,-1.0,-1.0
336,1,29,1,32400,0,0.0,-1.0,-1.0,-1.0
336,1,29,2,32400,0,0.0,-1.0,-1.0,-1.0
336,1,30,0,32400,0,0.0,-1.0,-1.0,-1.0
336,1,30,1,32400,1,3.08641975308642e-05,37.0,-1.0,0.0
336,1,30,2,32400,0,0.0,-1.0,-1.0,-1.0
336,1,31,0,32400,0,0.0,-1.0,-1.0,-1.0
336,1,31,1,32400,0,0.0,-1.0,0.0,-1.0
336,1,31,2,32400,0,0.0,-1.0,-1.0,-1.0
336,1,32,0,32400,0,0.0,-1.0,-1.0,-1.0
336,1,32,1,32400,0,0.0,-1.0,-1.0,-1.0
336,1,32,2,32400,0,0.0,-1.0,-1.0,-1.0
336,1,33,0,32400,1,3.08641975308642e-05,20.000001907348633,-1.0,0.0
336,1,33,1,32400,0,0.0,-1.0,-1.0,-1.0
336,1,33,2,32400,0,0.0,-1.0,-1.0,-1.0
336,1,34,0,32400,1,3.08641975308642e-05,8.0,0.0,0.0
336,1,34,1,32400,0,0.0,-1.0,-1.0,-1.0
336,1,34,2,32400,0,0.0,-1.0,-1.0,-1.0
336,1,35,0,32400,0,0.0,-1.0,0.0,-1.0
336,1,35,1,32400,0,0.0,-1.0,-1.0,-1.0
336,1,35,2,32400,0,0.0,-1.0,-1.0,-1.0
336,2,1,0,32400,41,0.0012654320987654322,18.09756088256836,-1.0,0.3170731707317073
336,2,1,1,32400,10,0.00030864197530864197,12.40000057220459,-1.0,0.4
336,2,1,2,32400,7,0.0002160493827160494,8.285715103149414,-1.0,0.0
336,2,2,0,32400,25,0.0007716049382716049,11.479999542236328,0.2682926829268293,0.4
336,2,2,1,32400,5,0.00015432098765432098,1.600000023841858,0.3,0.4
336,2,2,2,32400,1,3.08641975308642e-05,60.999996185302734,0.14285714285714285,0.0
336,2,3,0,32400,15,0.000462962962962963,15.466668128967285,0.24,0.06666666666666667
336,2,3,1,32400,5,0.00015432098765432098,4.400000095367432,0.4,0.2
336,2,3,2,32400,2,6.17283950617284e-05,42.5,0.0,0.0
336,2,4,0,32400,9,0.0002777777777777778,11.333332061767578,0.13333333333333333,0.1111111111111111
336,2,4,1,32400,6,0.00018518518518518518,2.8333334922790527,0.2,0.16666666666666666
336,2,4,2,32400,1,3.08641975308642e-05,8.0,0.0,0.0
336,2,5,0,32400,10,0.00030864197530864197,22.200000762939453,0.3333333333333333,0.0
336,2,5,1,32400,4,0.0001234567901234568,3.5,0.16666666666666666,0.25
336,2,5,2,32400,0,0.0,-1.0,0.0,-1.0
336,2,6,0,32400,11,0.00033950617283950616,20.272727966308594,0.2,0.09090909090909091
336,2,6,1,32400,1,3.08641975308642e-05,3.0,0.0,0.0
336,2,6,2,32400,1,3.08641975308642e-05,18.0,-1.0,0.0
336,2,7,0,32400,7,0.0002160493827160494,9.571430206298828,0.2727272727272727,0.2857142857142857
336,2,7,1,32400,3,9.259259259259259e-05,29.33333396911621,0.0,0.0
336,2,7,2,32400,0,0.0,-1.0,0.0,-1.0
336,2,8,0,32400,6,0.00018518518518518518,10.500000953674316,0.42857142857142855,0.0
336,2,8,1,32400,2,6.17283950617284e-05,19.500001907348633,0.0,0.0
336,2,8,2,32400,0,0.0,-1.0,-1.0,-1.0
336,2,9,0,32400,6,0.00018518518518518518,50.66667938232422,0.16666666666666666,0.16666666666666666
336,2,9,1,32400,1,3.08641975308642e-05,50.999996185302734,0.0,0.0
336,2,9,2,32400,0,0.0,-1.0,-1.0,-1.0
336,2,10,0,32400,6,0.00018518518518518518,16.166667938232422,0.3333333333333333,0.16666666666666666
336,2,10,1,32400,1,3.08641975308642e-05,3.0,0.0,0.0
336,2,10,2,32400,0,0.0,-1.0,-1.0,-1.0
336,2,11,0,32400,4,0.0001234567901234568,12.25,0.3333333333333333,0.25
336,2,11,1,32400,0,0.0,-1.0,0.0,-1.0
336,2,11,2,32400,0,0.0,-1.0,-1.0,-1.0
336,2,12,0,32400,3,9.259259259259259e-05,13.666666030883789,0.0,0.0
336,2,12,1,32400,1,3.08641975308642e-05,1.0,-1.0,0.0
336,2,12,2,32400,0,0.0,-1.0,-1.0,-1.0
336,2,13,0,32400,2,6.17283950617284e-05,21.5,0.0,0.0
336,2,13,1,32400,0,0.0,-1.0,0.0,-1.0
336,2,13,2,32400,0,0.0,-1.0,-1.0,-1.0
336,2,14,0,32400,1,3.08641975308642e-05,4.0,0.0,0.0
336,2,14,1,32400,0,0.0,-1.0,-1.0,-1.0
336,2,14,2,32400,0,0.0,-1.0,-1.0,-1.0
336,2,15,0,32400,1,3.08641975308642e-05,1.0,0.0,0.0
336,2,15,1,32400,0,0.0,-1.0,-1.0,-1.0
336,2,15,2,32400,0,0.0,-1.0,-1.0,-1.0
336,2,16,0,32400,0,0.0,-1.0,0.0,-1.0
336,2,16,1,32400,0,0.0,-1.0,-1.0,-1.0
336,2,16,2,32400,0,0.0,-1.0,-1.0,-1.0
336,2,17,0,32400,0,0.0,-1.0,-1.0,-1.0
336,2,17,1,32400,0,0.0,-1.0,-1.0,-1.0
336,2,17,2,32400,1,3.08641975308642e-05,1.0,-1.0,0.0
336,2,18,0,32400,0,0.0,-1.0,-1.0,-1.0
336,2,18,1,32400,0,0.0,-1.0,-1.0,-1.0
336,2,18,2,32400,0,0.0,-1.0,0.0,-1.0
336,2,19,0,32400,0,0.0,-1.0,-1.0,-1.0
336,2,19,1,32400,0,0.0,-1.0,-1.0,-1.0
336,2,19,2,32400,0,0.0,-1.0,-1.0,-1.0
336,2,20,0,32400,1,3.08641975308642e-05,10.000000953674316,-1.0,0.0
336,2,20,1,32400,0,0.0,-1.0,-1.0,-1.0
336,2,20,2,32400,0,0.0,-1.0,-1.0,-1.0
336,2,21,0,32400,1,3.08641975308642e-05,3.0,0.0,0.0
336,2,21,1,32400,0,0.0,-1.0,-1.0,-1.0
336,2,21,2,32400,0,0.0,-1.0,-1.0,-1.0
336,2,22,0,32400,1,3.08641975308642e-05,108.0000228881836,0.0,0.0
336,2,22,1,32400,0,0.0,-1.0,-1.0,-1.0
336,2,22,2,32400,0,0.0,-1.0,-1.0,-1.0
336,2,23,0,32400,1,3.08641975308642e-05,152.99998474121094,0.0,0.0
336,2,23,1,32400,0,0.0,-1.0,-1.0,-1.0
336,2,23,2,32400,0,0.0,-1.0,-1.0,-1.0
336,2,24,0,32400,1,3.08641975308642e-05,45.0,0.0,0.0
336,2,24,1,32400,0,0.0,-1.0,-1.0,-1.0
336,2,24,2,32400,0,0.0,-1.0,-1.0,-1.0
336,2,25,0,32400,2,6.17283950617284e-05,23.500001907348633,1.0,0.0
336,2,25,1,32400,0,0.0,-1.0,-1.0,-1.0
336,2,25,2,32400,0,0.0,-1.0,-1.0,-1.0
336,2,26,0,32400,1,3.08641975308642e-05,5.0,0.5,0.0
336,2,26,1,32400,0,0.0,-1.0,-1.0,-1.0
336,2,26,2,32400,0,0.0,-1.0,-1.0,-1.0
336,2,27,0,32400,1,3.08641975308642e-05,11.999999046325684,1.0,0.0
336,2,27,1,32400,0,0.0,-1.0,-1.0,-1.0
336,2,27,2,32400,0,0.0,-1.0,-1.0,-1.0
336,2,28,0,32400,1,3.08641975308642e-05,66.00001525878906,1.0,0.0
336,2,28,1,32400,0,0.0,-1.0,-1.0,-1.0
336,2,28,2,32400,0,0.0,-1.0,-1.0,-1.0
336,2,29,0,32400,0,0.0,-1.0,0.0,-1.0
336,2,29,1,32400,0,0.0,-1.0,-1.0,-1.0
336,2,29,2,32400,0,0.0,-1.0,-1.0,-1.0
336,2,30,0,32400,0,0.0,-1.0,-1.0,-1.0
336,2,30,1,32400,0,0.0,-1.0,-1.0,-1.0
336,2,30,2,32400,0,0.0,-1.0,-1.0,-1.0
336,2,31,0,32400,0,0.0,-1.0,-1.0,-1.0
336,2,31,1,32400,0,0.0,-1.0,-1.0,-1.0
336,2,31,2,32400,0,0.0,-1.0,-1.0,-1.0
336,2,32,0,32400,0,0.0,-1.0,-1.0,-1.0
336,2,32,1,32400,0,0.0,-1.0,-1.0,-1.0
336,2,32,2,32400,0,0.0,-1.0,-1.0,-1.0
336,2,33,0,32400,0,0.0,-1.0,-1.0,-1.0
336,2,33,1,32400,0,0.0,-1.0,-1.0,-1.0
336,2,33,2,32400,0,0.0,-1.0,-1.0,-1.0
336,2,34,0,32400,0,0.0,-1.0,-1.0,-1.0
336,2,34,1,32400,0,0.0,-1.0,-1.0,-1.0
336,2,34,2,32400,0,0.0,-1.0,-1.0,-1.0
336,2,35,0,32400,0,0.0,-1.0,-1.0,-1.0
336,2,35,1,32400,0,0.0,-1.0,-1.0,-1.0
336,2,35,2,32400,0,0.0,-1.0,-1.0,-1.0
336,3,1,0,32400,39,0.0012037037037037038,26.28205108642578,-1.0,0.4358974358974359
336,3,1,1,32400,9,0.0002777777777777778,12.999999046325684,-1.0,0.1111111111111111
336,3,1,2,32400,5,0.00015432098765432098,8.000000953674316,-1.0,0.2
336,3,2,0,32400,27,0.0008333333333333334,21.925926208496094,0.3333333333333333,0.48148148148148145
336,3,2,1,32400,5,0.00015432098765432098,11.40000057220459,0.2222222222222222,0.0
336,3,2,2,32400,3,9.259259259259259e-05,18.666667938232422,0.2,0.0
336,3,3,0,32400,18,0.0005555555555555556,13.5,0.4074074074074074,0.2777777777777778
336,3,3,1,32400,5,0.00015432098765432098,1.399999976158142,0.6,0.2
336,3,3,2,32400,3,9.259259259259259e-05,37.0,0.3333333333333333,0.0
336,3,4,0,32400,10,0.00030864197530864197,11.199999809265137,0.3333333333333333,0.2
336,3,4,1,32400,4,0.0001234567901234568,8.75,0.2,0.0
336,3,4,2,32400,1,3.08641975308642e-05,1.0,0.3333333333333333,0.0
336,3,5,0,32400,14,0.0004320987654320988,12.928571701049805,0.6,0.14285714285714285
336,3,5,1,32400,2,6.17283950617284e-05,10.0,0.25,0.0
336,3,5,2,32400,3,9.259259259259259e-05,4.333333492279053,0.0,0.0
336,3,6,0,32400,6,0.00018518518518518518,14.666666984558105,0.21428571428571427,0.16666666666666666
336,3,6,1,32400,2,6.17283950617284e-05,36.0,0.0,0.0
336,3,6,2,32400,1,3.08641975308642e-05,5.999999523162842,0.0,0.0
336,3,7,0,32400,8,0.0002469135802469136,13.125,0.3333333333333333,0.125
336,3,7,1,32400,1,3.08641975308642e-05,8.0,0.0,0.0
336,3,7,2,32400,0,0.0,-1.0,0.0,-1.0
336,3,8,0,32400,7,0.0002160493827160494,10.142857551574707,0.5,0.14285714285714285
336,3,8,1,32400,2,6.17283950617284e-05,99.0,0.0,0.0
336,3,8,2,32400,0,0.0,-1.0,-1.0,-1.0
336,3,9,0,32400,5,0.00015432098765432098,19.399999618530273,0.14285714285714285,0.0
336,3,9,1,32400,1,3.08641975308642e-05,1.0,0.0,0.0
336,3,9,2,32400,0,0.0,-1.0,-1.0,-1.0
336,3,10,0,32400,2,6.17283950617284e-05,5.5,0.2,0.0
336,3,10,1,32400,2,6.17283950617284e-05,8.5,1.0,0.0
336,3,10,2,32400,0,0.0,-1.0,-1.0,-1.0
336,3,11,0,32400,2,6.17283950617284e-05,29.500003814697266,0.0,0.0
336,3,11,1,32400,2,6.17283950617284e-05,30.499996185302734,0.5,0.0
336,3,11,2,32400,0,0.0,-1.0,-1.0,-1.0
336,3,12,0,32400,1,3.08641975308642e-05,11.999999046325684,0.0,0.0
336,3,12,1,32400,0,0.0,-1.0,0.0,-1.0
336,3,12,2,32400,0,0.0,-1.0,-1.0,-1.0
336,3,13,0,32400,1,3.08641975308642e-05,19.0,0.0,0.0
336,3,13,1,32400,0,0.0,-1.0,-1.0,-1.0
336,3,13,2,32400,0,0.0,-1.0,-1.0,-1.0
336,3,14,0,32400,0,0.0,-1.0,0.0,-1.0
336,3,14,1,32400,0,0.0,-1.0,-1.0,-1.0
336,3,14,2,32400,0,0.0,-1.0,-1.0,-1.0
336,3,15,0,32400,0,0.0,-1.0,-1.0,-1.0
336,3,15,1,32400,1,3.08641975308642e-05,11.0,-1.0,0.0
336,3,15,2,32400,0,0.0,-1.0,-1.0,-1.0
336,3,16,0,32400,0,0.0,-1.0,-1.0,-1.0
336,3,16,1,32400,1,3.08641975308642e-05,15.0,0.0,0.0
336,3,16,2,32400,0,0.0,-1.0,-1.0,-1.0
336,3,17,0,32400,2,6.17283950617284e-05,17.500001907348633,-1.0,0.0
336,3,17,1,32400,1,3.08641975308642e-05,3.0,0.0,0.0
336,3,17,2,32400,0,0.0,-1.0,-1.0,-1.0
336,3,18,0,32400,0,0.0,-1.0,0.0,-1.0
336,3,18,1,32400,1,3.08641975308642e-05,1.0,0.0,0.0
336,3,18,2,32400,0,0.0,-1.0,-1.0,-1.0
336,3,19,0,32400,1,3.08641975308642e-05,8.0,-1.0,0.0
336,3,19,1,32400,0,0.0,-1.0,0.0,-1.0
336,3,19,2,32400,0,0.0,-1.0,-1.0,-1.0
336,3,20,0,32400,1,3.08641975308642e-05,17.0,1.0,0.0
336,3,20,1,32400,0,0.0,-1.0,-1.0,-1.0
336,3,20,2,32400,0,0.0,-1.0,-1.0,-1.0
336,3,21,0,32400,2,6.17283950617284e-05,1.5,1.0,0.5
336,3,21,1,32400,0,0.0,-1.0,-1.0,-1.0
336,3,21,2,32400,0,0.0,-1.0,-1.0,-1.0
336,3,22,0,32400,0,0.0,-1.0,0.0,-1.0
336,3,22,1,32400,0,0.0,-1.0,-1.0,-1.0
336,3,22,2,32400,0,0.0,-1.0,-1.0,-1.0
336,3,23,0,32400,0,0.0,-1.0,-1.0,-1.0
336,3,23,1,32400,0,0.0,-1.0,-1.0,-1.0
336,3,23,2,32400,0,0.0,-1.0,-1.0,-1.0
336,3,24,0,32400,1,3.08641975308642e-05,7.0,-1.0,0.0
336,3,24,1,32400,0,0.0,-1.0,-1.0,-1.0
336,3,24,2,32400,0,0.0,-1.0,-1.0,-1.0
336,3,25,0,32400,0,0.0,-1.0,0.0,-1.0
336,3,25,1,32400,0,0.0,-1.0,-1.0,-1.0
336,3,25,2,32400,0,0.0,-1.0,-1.0,-1.0
336,3,26,0,32400,0,0.0,-1.0,-1.0,-1.0
336,3,26,1,32400,0,0.0,-1.0,-1.0,-1.0
336,3,26,2,32400,0,0.0,-1.0,-1.0,-1.0
336,3,27,0,32400,0,0.0,-1.0,-1.0,-1.0
336,3,27,1,32400,0,0.0,-1.0,-1.0,-1.0
336,3,27,2,32400,0,0.0,-1.0,-1.0,-1.0
336,3,28,0,32400,0,0.0,-1.0,-1.0,-1.0
336,3,28,1,32400,0,0.0,-1.0,-1.0,-1.0
336,3,28,2,32400,0,0.0,-1.0,-1.0,-1.0
336,3,29,0,32400,0,0.0,-1.0,-1.0,-1.0
336,3,29,1,32400,0,0.0,-1.0,-1.0,-1.0
336,3,29,2,32400,0,0.0,-1.0,-1.0,-1.0
336,3,30,0,32400,1,3.08641975308642e-05,1.0,-1.0,0.0
336,3,30,1,32400,0,0.0,-1.0,-1.0,-1.0
336,3,30,2,32400,0,0.0,-1.0,-1.0,-1.0
336,3,31,0,32400,0,0.0,-1.0,0.0,-1.0
336,3,31,1,32400,0,0.0,-1.0,-1.0,-1.0
336,3,31,2,32400,0,0.0,-1.0,-1.0,-1.0
336,3,32,0,32400,0,0.0,-1.0,-1.0,-1.0
336,3,32,1,32400,1,3.08641975308642e-05,18.0,-1.0,0.0
336,3,32,2,32400,0,0.0,-1.0,-1.0,-1.0
336,3,33,0,32400,0,0.0,-1.0,-1.0,-1.0
336,3,33,1,32400,0,0.0,-1.0,0.0,-1.0
336,3,33,2,32400,0,0.0,-1.0,-1.0,-1.0
336,3,34,0,32400,0,0.0,-1.0,-1.0,-1.0
336,3,34,1,32400,1,3.08641975308642e-05,1.0,-1.0,0.0
336,3,34,2,32400,0,0.0,-1.0,-1.0,-1.0
336,3,35,0,32400,0,0.0,-1.0,-1.0,-1.0
336,3,35,1,32400,0,0.0,-1.0,0.0,-1.0
336,3,35,2,32400,0,0.0,-1.0,-1.0,-1.0
337,0,1,0,32400,40,0.0012345679012345679,24.875,-1.0,0.475
337,0,1,1,32400,6,0.00018518518518518518,49.00000762939453,-1.0,0.0
337,0,1,2,32400,7,0.0002160493827160494,18.85714340209961,-1.0,0.14285714285714285
337,0,2,0,32400,26,0.0008024691358024691,17.384618759155273,0.25,0.38461538461538464
337,0,2,1,32400,6,0.00018518518518518518,7.5,0.3333333333333333,0.16666666666666666
337,0,2,2,32400,3,9.259259259259259e-05,22.0,0.14285714285714285,0.0
337,0,3,0,32400,16,0.0004938271604938272,10.125,0.3076923076923077,0.3125
337,0,3,1,32400,7,0.0002160493827160494,22.857149124145508,0.5,0.2857142857142857
337,0,3,2,32400,1,3.08641975308642e-05,140.00001525878906,0.0,0.0
337,0,4,0,32400,13,0.00040123456790123454,27.923078536987305,0.25,0.07692307692307693
337,0,4,1,32400,6,0.00018518518518518518,9.666666984558105,0.2857142857142857,0.16666666666666666
337,0,4,2,32400,4,0.0001234567901234568,287.00006103515625,0.0,0.0
337,0,5,0,32400,9,0.0002777777777777778,19.22222328186035,0.46153846153846156,0.1111111111111111
337,0,5,1,32400,4,0.0001234567901234568,4.0,0.3333333333333333,0.25
337,0,5,2,32400,3,9.259259259259259e-05,27.0,0.25,0.0
337,0,6,0,32400,8,0.0002469135802469136,23.5,0.3333333333333333,0.0
337,0,6,1,32400,1,3.08641975308642e-05,7.0,0.0,0.0
337,0,6,2,32400,2,6.17283950617284e-05,12.000000953674316,0.0,0.0
337,0,7,0,32400,5,0.00015432098765432098,6.0,0.0,0.0
337,0,7,1,32400,1,3.08641975308642e-05,11.999999046325684,0.0,0.0
337,0,7,2,32400,1,3.08641975308642e-05,181.0,0.5,0.0
337,0,8,0,32400,1,3.08641975308642e-05,2.0,0.0,0.0
337,0,8,1,32400,0,0.0,-1.0,0.0,-1.0
337,0,8,2,32400,0,0.0,-1.0,0.0,-1.0
337,0,9,0,32400,3,9.259259259259259e-05,5.0,0.0,0.0
337,0,9,1,32400,0,0.0,-1.0,-1.0,-1.0
337,0,9,2,32400,0,0.0,-1.0,-1.0,-1.0
337,0,10,0,32400,1,3.08641975308642e-05,1.0,0.0,0.0
337,0,10,1,32400,0,0.0,-1.0,-1.0,-1.0
337,0,10,2,32400,0,0.0,-1.0,-1.0,-1.0
337,0,11,0,32400,1,3.08641975308642e-05,13.000000953674316,0.0,0.0
337,0,11,1,32400,1,3.08641975308642e-05,1.0,-1.0,0.0
337,0,11,2,32400,0,0.0,-1.0,-1.0,-1.0
337,0,12,0,32400,3,9.259259259259259e-05,19.000001907348633,0.0,0.0
337,0,12,1,32400,0,0.0,-1.0,0.0,-1.0
337,0,12,2,32400,0,0.0,-1.0,-1.0,-1.0
337,0,13,0,32400,0,0.0,-1.0,0.0,-1.0
337,0,13,1,32400,0,0.0,-1.0,-1.0,-1.0
337,0,13,2,32400,0,0.0,-1.0,-1.0,-1.0
337,0,14,0,32400,0,0.0,-1.0,-1.0,-1.0
337,0,14,1,32400,1,3.08641975308642e-05,5.0,-1.0,0.0
337,0,14,2,32400,0,0.0,-1.0,-1.0,-1.0
337,0,15,0,32400,0,0.0,-1.0,-1.0,-1.0
337,0,15,1,32400,1,3.08641975308642e-05,2.0,1.0,0.0
337,0,15,2,32400,0,0.0,-1.0,-1.0,-1.0
337,0,16,0,32400,2,6.17283950617284e-05,18.5,-1.0,0.0
337,0,16,1,32400,0,0.0,-1.0,0.0,-1.0
337,0,16,2,32400,0,0.0,-1.0,-1.0,-1.0
337,0,17,0,32400,4,0.0001234567901234568,8.5,0.0,0.0
337,0,17,1,32400,0,0.0,-1.0,-1.0,-1.0
337,0,17,2,32400,0,0.0,-1.0,-1.0,-1.0
337,0,18,0,32400,1,3.08641975308642e-05,24.000001907348633,0.0,0.0
337,0,18,1,32400,0,0.0,-1.0,-1.0,-1.0
337,0,18,2,32400,0,0.0,-1.0,-1.0,-1.0
337,0,19,0,32400,0,0.0,-1.0,0.0,-1.0
337,0,19,1,32400,0,0.0,-1.0,-1.0,-1.0
337,0,19,2,32400,0,0.0,-1.0,-1.0,-1.0
337,0,20,0,32400,1,3.08641975308642e-05,33.0,-1.0,0.0
337,0,20,1,32400,0,0.0,-1.0,-1.0,-1.0
337,0,20,2,32400,0,0.0,-1.0,-1.0,-1.0
337,0,21,0,32400,0,0.0,-1.0,0.0,-1.0
337,0,21,1,32400,0,0.0,-1.0,-1.0,-1.0
337,0,21,2,32400,0,0.0,-1.0,-1.0,-1.0
337,0,22,0,32400,0,0.0,-1.0,-1.0,-1.0
337,0,22,1,32400,0,0.0,-1.0,-1.0,-1.0
337,0,22,2,32400,0,0.0,-1.0,-1.0,-1.0
337,0,23,0,32400,0,0.0,-1.0,-1.0,-1.0
337,0,23,1,32400,0,0.0,-1.0,-1.0,-1.0
337,0,23,2,32400,0,0.0,-1.0,-1.0,-1.0
337,0,24,0,32400,0,0.0,-1.0,-1.0,-1.0
337,0,24,1,32400,0,0.0,-1.0,-1.0,-1.0
337,0,24,2,32400,0,0.0,-1.0,-1.0,-1.0
337,0,25,0,32400,0,0.0,-1.0,-1.0,-1.0
337,0,25,1,32400,0,0.0,-1.0,-1.0,-1.0
337,0,25,2,32400,0,0.0,-1.0,-1.0,-1.0
337,0,26,0,32400,0,0.0,-1.0,-1.0,-1.0
337,0,26,1,32400,0,0.0,-1.0,-1.0,-1.0
337,0,26,2,32400,0,0.0,-1.0,-1.0,-1.0
337,0,27,0,32400,0,0.0,-1.0,-1.0,-1.0
337,0,27,1,32400,0,0.0,-1.0,-1.0,-1.0
337,0,27,2,32400,0,0.0,-1.0,-1.0,-1.0
337,0,28,0,32400,0,0.0,-1.0,-1.0,-1.0
337,0,28,1,32400,0,0.0,-1.0,-1.0,-1.0
337,0,28,2,32400,0,0.0,-1.0,-1.0,-1.0
337,0,29,0,32400,0,0.0,-1.0,-1.0,-1.0
337,0,29,1,32400,0,0.0,-1.0,-1.0,-1.0
337,0,29,2,32400,0,0.0,-1.0,-1.0,-1.0
337,0,30,0,32400,1,3.08641975308642e-05,1.0,-1.0,0.0
337,0,30,1,32400,0,0.0,-1.0,-1.0,-1.0
337,0,30,2,32400,0,0.0,-1.0,-1.0,-1.0
337,0,31,0,32400,0,0.0,-1.0,0.0,-1.0
337,0,31,1,32400,0,0.0,-1.0,-1.0,-1.0
337,0,31,2,32400,0,0.0,-1.0,-1.0,-1.0
337,0,32,0,32400,0,0.0,-1.0,-1.0,-1.0
337,0,32,1,32400,0,0.0,-1.0,-1.0,-1.0
337,0,32,2,32400,0,0.0,-1.0,-1.0,-1.0
337,0,33,0,32400,0,0.0,-1.0,-1.0,-1.0
337,0,33,1,32400,0,0.0,-1.0,-1.0,-1.0
337,0,33,2,32400,0,0.0,-1.0,-1.0,-1.0
337,0,34,0,32400,0,0.0,-1.0,-1.0,-1.0
337,0,34,1,32400,0,0.0,-1.0,-1.0,-1.0
337,0,34,2,32400,0,0.0,-1.0,-1.0,-1.0
337,0,35,0,32400,0,0.0,-1.0,-1.0,-1.0
337,0,35,1,32400,0,0.0,-1.0,-1.0,-1.0
337,0,35,2,32400,0,0.0,-1.0,-1.0,-1.0
337,1,1,0,32400,34,0.0010493827160493827,22.764705657958984,-1.0,0.35294117647058826
337,1,1,1,32400,12,0.00037037037037037035,28.83333396911621,-1.0,0.25
337,1,1,2,32400,4,0.0001234567901234568,48.75,-1.0,0.25
337,1,2,0,32400,22,0.0006790123456790123,11.13636302947998,0.23529411764705882,0.13636363636363635
337,1,2,1,32400,11,0.00033950617283950616,32.090911865234375,0.4166666666666667,0.36363636363636365
337,1,2,2,32400,2,6.17283950617284e-05,5.5,0.0,0.0
337,1,3,0,32400,10,0.00030864197530864197,17.10000228881836,0.18181818181818182,0.3
337,1,3,1,32400,4,0.0001234567901234568,7.250000476837158,0.18181818181818182,0.0
337,1,3,2,32400,3,9.259259259259259e-05,18.0,0.5,0.0
337,1,4,0,32400,12,0.00037037037037037035,14.416667938232422,0.3,0.16666666666666666
337,1,4,1,32400,5,0.00015432098765432098,8.0,0.0,0.2
337,1,4,2,32400,3,9.259259259259259e-05,31.000003814697266,0.3333333333333333,0.0
337,1,5,0,32400,7,0.0002160493827160494,14.285715103149414,0.16666666666666666,0.0
337,1,5,1,32400,4,0.0001234567901234568,13.25,0.4,0.25
337,1,5,2,32400,0,0.0,-1.0,0.0,-1.0
337,1,6,0,32400,4,0.0001234567901234568,3.25,0.2857142857142857,0.0
337,1,6,1,32400,4,0.0001234567901234568,3.0,0.25,0.0
337,1,6,2,32400,1,3.08641975308642e-05,22.0,-1.0,0.0
337,1,7,0,32400,7,0.0002160493827160494,18.71428680419922,0.5,0.0
337,1,7,1,32400,2,6.17283950617284e-05,7.000000476837158,0.0,0.0
337,1,7,2,32400,2,6.17283950617284e-05,27.000001907348633,0.0,0.0
337,1,8,0,32400,4,0.0001234567901234568,4.0,0.42857142857142855,0.0
337,1,8,1,32400,1,3.08641975308642e-05,5.0,0.0,0.0
337,1,8,2,32400,0,0.0,-1.0,0.0,-1.0
337,1,9,0,32400,5,0.00015432098765432098,15.600000381469727,0.75,0.2
337,1,9,1,32400,0,0.0,-1.0,0.0,-1.0
337,1,9,2,32400,0,0.0,-1.0,-1.0,-1.0
337,1,10,0,32400,3,9.259259259259259e-05,6.0,0.4,0.0
337,1,10,1,32400,2,6.17283950617284e-05,1.5,-1.0,0.0
337,1,10,2,32400,0,0.0,-1.0,-1.0,-1.0
337,1,11,0,32400,2,6.17283950617284e-05,3.499999761581421,0.3333333333333333,0.0
337,1,11,1,32400,0,0.0,-1.0,0.0,-1.0
337,1,11,2,32400,1,3.08641975308642e-05,2.0,-1.0,0.0
337,1,12,0,32400,1,3.08641975308642e-05,50.0,0.5,0.0
337,1,12,1,32400,1,3.08641975308642e-05,10.000000953674316,-1.0,0.0
337,1,12,2,32400,0,0.0,-1.0,0.0,-1.0
337,1,13,0,32400,2,6.17283950617284e-05,23.5,1.0,0.0
337,1,13,1,32400,0,0.0,-1.0,0.0,-1.0
337,1,13,2,32400,0,0.0,-1.0,-1.0,-1.0
337,1,14,0,32400,2,6.17283950617284e-05,36.0,1.0,0.0
337,1,14,1,32400,0,0.0,-1.0,-1.0,-1.0
337,1,14,2,32400,1,3.08641975308642e-05,5.999999523162842,-1.0,0.0
337,1,15,0,32400,2,6.17283950617284e-05,37.000003814697266,0.5,0.0
337,1,15,1,32400,0,0.0,-1.0,-1.0,-1.0
337,1,15,2,32400,0,0.0,-1.0,0.0,-1.0
337,1,16,0,32400,1,3.08641975308642e-05,37.0,0.5,0.0
337,1,16,1,32400,0,0.0,-1.0,-1.0,-1.0
337,1,16,2,32400,0,0.0,-1.0,-1.0,-1.0
337,1,17,0,32400,0,0.0,-1.0,0.0,-1.0
337,1,17,1,32400,0,0.0,-1.0,-1.0,-1.0
337,1,17,2,32400,0,0.0,-1.0,-1.0,-1.0
337,1,18,0,32400,0,0.0,-1.0,-1.0,-1.0
337,1,18,1,32400,0,0.0,-1.0,-1.0,-1.0
337,1,18,2,32400,0,0.0,-1.0,-1.0,-1.0
337,1,19,0,32400,0,0.0,-1.0,-1.0,-1.0
337,1,19,1,32400,0,0.0,-1.0,-1.0,-1.0
337,1,19,2,32400,0,0.0,-1.0,-1.0,-1.0
337,1,20,0,32400,0,0.0,-1.0,-1.0,-1.0
337,1,20,1,32400,0,0.0,-1.0,-1.0,-1.0
337,1,20,2,32400,0,0.0,-1.0,-1.0,-1.0
337,1,21,0,32400,1,3.08641975308642e-05,1.0,-1.0,0.0
337,1,21,1,32400,0,0.0,-1.0,-1.0,-1.0
337,1,21,2,32400,0,0.0,-1.0,-1.0,-1.0
337,1,22,0,32400,0,0.0,-1.0,0.0,-1.0
337,1,22,1,32400,0,0.0,-1.0,-1.0,-1.0
337,1,22,2,32400,0,0.0,-1.0,-1.0,-1.0
337,1,23,0,32400,0,0.0,-1.0,-1.0,-1.0
337,1,23,1,32400,0,0.0,-1.0,-1.0,-1.0
337,1,23,2,32400,0,0.0,-1.0,-1.0,-1.0
337,1,24,0,32400,0,0.0,-1.0,-1.0,-1.0
337,1,24,1,32400,0,0.0,-1.0,-1.0,-1.0
337,1,24,2,32400,0,0.0,-1.0,-1.0,-1.0
337,1,25,0,32400,1,3.08641975308642e-05,58.00000762939453,-1.0,0.0
337,1,25,1,32400,0,0.0,-1.0,-1.0,-1.0
337,1,25,2,32400,0,0.0,-1.0,-1.0,-1.0
337,1,26,0,32400,1,3.08641975308642e-05,8.0,0.0,0.0
337,1,26,1,32400,0,0.0,-1.0,-1.0,-1.0
337,1,26,2,32400,0,0.0,-1.0,-1.0,-1.0
337,1,27,0,32400,1,3.08641975308642e-05,2.0,0.0,0.0
337,1,27,1,32400,0,0.0,-1.0,-1.0,-1.0
337,1,27,2,32400,0,0.0,-1.0,-1.0,-1.0
337,1,28,0,32400,1,3.08641975308642e-05,8.0,0.0,0.0
337,1,28,1,32400,1,3.08641975308642e-05,5.0,-1.0,0.0
337,1,28,2,32400,0,0.0,-1.0,-1.0,-1.0
337,1,29,0,32400,0,0.0,-1.0,0.0,-1.0
337,1,29,1,32400,0,0.0,-1.0,0.0,-1.0
337,1,29,2,32400,0,0.0,-1.0,-1.0,-1.0
337,1,30,0,32400,0,0.0,-1.0,-1.0,-1.0
337,1,30,1,32400,0,0.0,-1.0,-1.0,-1.0
337,1,30,2,32400,0,0.0,-1.0,-1.0,-1.0
337,1,31,0,32400,0,0.0,-1.0,-1.0,-1.0
337,1,31,1,32400,0,0.0,-1.0,-1.0,-1.0
337,1,31,2,32400,0,0.0,-1.0,-1.0,-1.0
337,1,32,0,32400,0,0.0,-1.0,-1.0,-1.0
337,1,32,1,32400,0,0.0,-1.0,-1.0,-1.0
337,1,32,2,32400,0,0.0,-1.0,-1.0,-1.0
337,1,33,0,32400,0,0.0,-1.0,-1.0,-1.0
337,1,33,1,32400,0,0.0,-1.0,-1.0,-1.0
337,1,33,2,32400,0,0.0,-1.0,-1.0,-1.0
337,1,34,0,32400,0,0.0,-1.0,-1.0,-1.0
337,1,34,1,32400,0,0.0,-1.0,-1.0,-1.0
337,1,34,2,32400,0,0.0,-1.0,-1.0,-1.0
337,1,35,0,32400,0,0.0,-1.0,-1.0,-1.0
337,1,35,1,32400,0,0.0,-1.0,-1.0,-1.0
337,1,35,2,32400,0,0.0,-1.0,-1.0,-1.0
337,2,1,0,32400,33,0.0010185185185185184,19.81818199157715,-1.0,0.3939393939393939
337,2,1,1,32400,11,0.00033950617283950616,35.09091567993164,-1.0,0.09090909090909091
337,2,1,2,32400,6,0.00018518518518518518,34.33332824707031,-1.0,0.0
337,2,2,0,32400,18,0.0005555555555555556,92.61112213134766,0.21212121212121213,0.3888888888888889
337,2,2,1,32400,8,0.0002469135802469136,6.375,0.09090909090909091,0.125
337,2,2,2,32400,4,0.0001234567901234568,9.75,0.16666666666666666,0.25
337,2,3,0,32400,11,0.00033950617283950616,15.090909957885742,0.2222222222222222,0.18181818181818182
337,2,3,1,32400,9,0.0002777777777777778,28.66666603088379,0.375,0.3333333333333333
337,2,3,2,32400,2,6.17283950617284e-05,151.99998474121094,0.0,0.0
337,2,4,0,32400,8,0.0002469135802469136,3.375,0.2727272727272727,0.125
337,2,4,1,32400,5,0.00015432098765432098,14.199999809265137,0.2222222222222222,0.0
337,2,4,2,32400,3,9.259259259259259e-05,94.66667175292969,0.0,0.0
337,2,5,0,32400,7,0.0002160493827160494,7.428571701049805,0.25,0.14285714285714285
337,2,5,1,32400,4,0.0001234567901234568,7.5,0.2,0.25
337,2,5,2,32400,1,3.08641975308642e-05,1.0,0.0,0.0
337,2,6,0,32400,7,0.0002160493827160494,4.142857551574707,0.2857142857142857,0.0
337,2,6,1,32400,1,3.08641975308642e-05,5.0,0.25,0.0
337,2,6,2,32400,1,3.08641975308642e-05,5.999999523162842,0.0,0.0
337,2,7,0,32400,4,0.0001234567901234568,6.0,0.0,0.0
337,2,7,1,32400,3,9.259259259259259e-05,3.0,1.0,0.3333333333333333
337,2,7,2,32400,0,0.0,-1.0,0.0,-1.0
337,2,8,0,32400,4,0.0001234567901234568,4.0,0.25,0.0
337,2,8,1,32400,2,6.17283950617284e-05,1.5,0.3333333333333333,0.0
337,2,8,2,32400,0,0.0,-1.0,-1.0,-1.0
337,2,9,0,32400,1,3.08641975308642e-05,5.0,0.25,0.0
337,2,9,1,32400,0,0.0,-1.0,0.0,-1.0
337,2,9,2,32400,0,0.0,-1.0,-1.0,-1.0
337,2,10,0,32400,4,0.0001234567901234568,6.75,1.0,0.0
337,2,10,1,32400,0,0.0,-1.0,-1.0,-1.0
337,2,10,2,32400,0,0.0,-1.0,-1.0,-1.0
337,2,11,0,32400,0,0.0,-1.0,0.0,-1.0
337,2,11,1,32400,0,0.0,-1.0,-1.0,-1.0
337,2,11,2,32400,0,0.0,-1.0,-1.0,-1.0
337,2,12,0,32400,0,0.0,-1.0,-1.0,-1.0
337,2,12,1,32400,0,0.0,-1.0,-1.0,-1.0
337,2,12,2,32400,0,0.0,-1.0,-1.0,-1.0
337,2,13,0,32400,1,3.08641975308642e-05,16.0,-1.0,0.0
337,2,13,1,32400,0,0.0,-1.0,-1.0,-1.0
337,2,13,2,32400,0,0.0,-1.0,-1.0,-1.0
337,2,14,0,32400,3,9.259259259259259e-05,7.666667461395264,1.0,0.0
337,2,14,1,32400,0,0.0,-1.0,-1.0,-1.0
337,2,14,2,32400,0,0.0,-1.0,-1.0,-1.0
337,2,15,0,32400,1,3.08641975308642e-05,9.0,0.3333333333333333,0.0
337,2,15,1,32400,1,3.08641975308642e-05,176.00001525878906,-1.0,0.0
337,2,15,2,32400,0,0.0,-1.0,-1.0,-1.0
337,2,16,0,32400,0,0.0,-1.0,0.0,-1.0
337,2,16,1,32400,0,0.0,-1.0,0.0,-1.0
337,2,16,2,32400,0,0.0,-1.0,-1.0,-1.0
337,2,17,0,32400,0,0.0,-1.0,-1.0,-1.0
337,2,17,1,32400,1,3.08641975308642e-05,4.0,-1.0,0.0
337,2,17,2,32400,0,0.0,-1.0,-1.0,-1.0
337,2,18,0,32400,1,3.08641975308642e-05,1.0,-1.0,0.0
337,2,18,1,32400,1,3.08641975308642e-05,59.9999885559082,1.0,0.0
337,2,18,2,32400,0,0.0,-1.0,-1.0,-1.0
337,2,19,0,32400,0,0.0,-1.0,0.0,-1.0
337,2,19,1,32400,1,3.08641975308642e-05,1.0,1.0,0.0
337,2,19,2,32400,0,0.0,-1.0,-1.0,-1.0
337,2,20,0,32400,0,0.0,-1.0,-1.0,-1.0
337,2,20,1,32400,0,0.0,-1.0,0.0,-1.0
337,2,20,2,32400,0,0.0,-1.0,-1.0,-1.0
337,2,21,0,32400,0,0.0,-1.0,-1.0,-1.0
337,2,21,1,32400,0,0.0,-1.0,-1.0,-1.0
337,2,21,2,32400,0,0.0,-1.0,-1.0,-1.0
337,2,22,0,32400,0,0.0,-1.0,-1.0,-1.0
337,2,22,1,32400,0,0.0,-1.0,-1.0,-1.0
337,2,22,2,32400,0,0.0,-1.0,-1.0,-1.0
337,2,23,0,32400,0,0.0,-1.0,-1.0,-1.0
337,2,23,1,32400,0,0.0,-1.0,-1.0,-1.0
337,2,23,2,32400,0,0.0,-1.0,-1.0,-1.0
337,2,24,0,32400,0,0.0,-1.0,-1.0,-1.0
337,2,24,1,32400,0,0.0,-1.0,-1.0,-1.0
337,2,24,2,32400,0,0.0,-1.0,-1.0,-1.0
337,2,25,0,32400,1,3.08641975308642e-05,3.0,-1.0,0.0
337,2,25,1,32400,0,0.0,-1.0,-1.0,-1.0
337,2,25,2,32400,0,0.0,-1.0,-1.0,-1.0
337,2,26,0,32400,0,0.0,-1.0,0.0,-1.0
337,2,26,1,32400,0,0.0,-1.0,-1.0,-1.0
337,2,26,2,32400,0,0.0,-1.0,-1.0,-1.0
337,2,27,0,32400,0,0.0,-1.0,-1.0,-1.0
337,2,27,1,32400,0,0.0,-1.0,-1.0,-1.0
337,2,27,2,32400,0,0.0,-1.0,-1.0,-1.0
337,2,28,0,32400,1,3.08641975308642e-05,21.000001907348633,-1.0,0.0
337,2,28,1,32400,0,0.0,-1.0,-1.0,-1.0
337,2,28,2,32400,0,0.0,-1.0,-1.0,-1.0
337,2,29,0,32400,0,0.0,-1.0,0.0,-1.0
337,2,29,1,32400,0,0.0,-1.0,-1.0,-1.0
337,2,29,2,32400,0,0.0,-1.0,-1.0,-1.0
337,2,30,0,32400,0,0.0,-1.0,-1.0,-1.0
337,2,30,1,32400,0,0.0,-1.0,-1.0,-1.0
337,2,30,2,32400,0,0.0,-1.0,-1.0,-1.0
337,2,31,0,32400,0,0.0,-1.0,-1.0,-1.0
337,2,31,1,32400,0,0.0,-1.0,-1.0,-1.0
337,2,31,2,32400,0,0.0,-1.0,-1.0,-1.0
337,2,32,0,32400,0,0.0,-1.0,-1.0,-1.0
337,2,32,1,32400,0,0.0,-1.0,-1.0,-1.0
337,2,32,2,32400,0,0.0,-1.0,-1.0,-1.0
337,2,33,0,32400,1,3.08641975308642e-05,1.0,-1.0,0.0
337,2,33,1,32400,0,0.0,-1.0,-1.0,-1.0
337,2,33,2,32400,0,0.0,-1.0,-1.0,-1.0
337,2,34,0,32400,0,0.0,-1.0,0.0,-1.0
337,2,34,1,32400,0,0.0,-1.0,-1.0,-1.0
337,2,34,2,32400,0,0.0,-1.0,-1.0,-1.0
337,2,35,0,32400,0,0.0,-1.0,-1.0,-1.0
337,2,35,1,32400,0,0.0,-1.0,-1.0,-1.0
337,2,35,2,32400,0,0.0,-1.0,-1.0,-1.0
337,3,1,0,32400,34,0.0010493827160493827,26.117647171020508,-1.0,0.47058823529411764
337,3,1,1,32400,8,0.0002469135802469136,10.75,-1.0,0.25
337,3,1,2,32400,7,0.0002160493827160494,12.571429252624512,-1.0,0.14285714285714285
337,3,2,0,32400,31,0.0009567901234567902,11.967741966247559,0.3235294117647059,0.41935483870967744
337,3,2,1,32400,8,0.0002469135802469136,7.375,0.375,0.25
337,3,2,2,32400,5,0.00015432098765432098,5.0,0.14285714285714285,0.0
337,3,3,0,32400,16,0.0004938271604938272,12.5,0.22580645161290322,0.25
337,3,3,1,32400,6,0.00018518518518518518,10.166666030883789,0.25,0.0
337,3,3,2,32400,3,9.259259259259259e-05,5.333333492279053,0.4,0.0
337,3,4,0,32400,14,0.0004320987654320988,12.285715103149414,0.25,0.07142857142857142
337,3,4,1,32400,4,0.0001234567901234568,8.25,0.16666666666666666,0.25
337,3,4,2,32400,1,3.08641975308642e-05,95.0,0.0,0.0
337,3,5,0,32400,6,0.00018518518518518518,26.5,0.07142857142857142,0.16666666666666666
337,3,5,1,32400,0,0.0,-1.0,0.0,-1.0
337,3,5,2,32400,3,9.259259259259259e-05,129.99998474121094,1.0,0.0
337,3,6,0,32400,9,0.0002777777777777778,13.111111640930176,0.5,0.0
337,3,6,1,32400,0,0.0,-1.0,-1.0,-1.0
337,3,6,2,32400,1,3.08641975308642e-05,1.0,0.0,0.0
337,3,7,0,32400,9,0.0002777777777777778,19.666667938232422,0.2222222222222222,0.0
337,3,7,1,32400,3,9.259259259259259e-05,58.333335876464844,-1.0,0.0
337,3,7,2,32400,0,0.0,-1.0,0.0,-1.0
337,3,8,0,32400,5,0.00015432098765432098,21.80000114440918,0.0,0.0
337,3,8,1,32400,0,0.0,-1.0,0.0,-1.0
337,3,8,2,32400,1,3.08641975308642e-05,2.0,-1.0,0.0
337,3,9,0,32400,3,9.259259259259259e-05,32.00000762939453,0.2,0.0
337,3,9,1,32400,0,0.0,-1.0,-1.0,-1.0
337,3,9,2,32400,0,0.0,-1.0,0.0,-1.0
337,3,10,0,32400,4,0.0001234567901234568,13.25,0.6666666666666666,0.0
337,3,10,1,32400,0,0.0,-1.0,-1.0,-1.0
337,3,10,2,32400,1,3.08641975308642e-05,85.99999237060547,-1.0,0.0
337,3,11,0,32400,2,6.17283950617284e-05,18.000001907348633,0.25,0.0
337,3,11,1,32400,1,3.08641975308642e-05,5.999999523162842,-1.0,0.0
337,3,11,2,32400,0,0.0,-1.0,0.0,-1.0
337,3,12,0,32400,2,6.17283950617284e-05,16.5,0.5,0.0
337,3,12,1,32400,0,0.0,-1.0,0.0,-1.0
337,3,12,2,32400,0,0.0,-1.0,-1.0,-1.0
337,3,13,0,32400,3,9.259259259259259e-05,24.666671752929688,0.5,0.0
337,3,13,1,32400,1,3.08641975308642e-05,3.0,-1.0,0.0
337,3,13,2,32400,1,3.08641975308642e-05,89.00000762939453,-1.0,0.0
337,3,14,0,32400,3,9.259259259259259e-05,18.0,0.3333333333333333,0.0
337,3,14,1,32400,0,0.0,-1.0,0.0,-1.0
337,3,14,2,32400,1,3.08641975308642e-05,43.000003814697266,1.0,0.0
337,3,15,0,32400,3,9.259259259259259e-05,12.666666984558105,0.3333333333333333,0.0
337,3,15,1,32400,0,0.0,-1.0,-1.0,-1.0
337,3,15,2,32400,1,3.08641975308642e-05,3.0,1.0,0.0
337,3,16,0,32400,2,6.17283950617284e-05,12.500000953674316,0.3333333333333333,0.0
337,3,16,1,32400,0,0.0,-1.0,-1.0,-1.0
337,3,16,2,32400,2,6.17283950617284e-05,9.0,1.0,0.0
337,3,17,0,32400,3,9.259259259259259e-05,15.666667938232422,0.5,0.0
337,3,17,1,32400,0,0.0,-1.0,-1.0,-1.0
337,3,17,2,32400,2,6.17283950617284e-05,25.5,1.0,0.0
337,3,18,0,32400,0,0.0,-1.0,0.0,-1.0
337,3,18,1,32400,0,0.0,-1.0,-1.0,-1.0
337,3,18,2,32400,1,3.08641975308642e-05,4.0,0.5,0.0
337,3,19,0,32400,2,6.17283950617284e-05,22.5,-1.0,0.0
337,3,19,1,32400,0,0.0,-1.0,-1.0,-1.0
337,3,19,2,32400,1,3.08641975308642e-05,1.0,1.0,0.0
337,3,20,0,32400,1,3.08641975308642e-05,17.0,0.5,0.0
337,3,20,1,32400,0,0.0,-1.0,-1.0,-1.0
337,3,20,2,32400,1,3.08641975308642e-05,2.0,1.0,0.0
337,3,21,0,32400,1,3.08641975308642e-05,3.0,1.0,0.0
337,3,21,1,32400,0,0.0,-1.0,-1.0,-1.0
337,3,21,2,32400,1,3.08641975308642e-05,3.0,1.0,0.0
337,3,22,0,32400,1,3.08641975308642e-05,34.000003814697266,1.0,0.0
337,3,22,1,32400,0,0.0,-1.0,-1.0,-1.0
337,3,22,2,32400,0,0.0,-1.0,0.0,-1.0
337,3,23,0,32400,1,3.08641975308642e-05,50.0,1.0,0.0
337,3,23,1,32400,0,0.0,-1.0,-1.0,-1.0
337,3,23,2,32400,1,3.08641975308642e-05,8.0,-1.0,0.0
337,3,24,0,32400,1,3.08641975308642e-05,1.0,1.0,0.0
337,3,24,1,32400,0,0.0,-1.0,-1.0,-1.0
337,3,24,2,32400,1,3.08641975308642e-05,7.0,1.0,0.0
337,3,25,0,32400,0,0.0,-1.0,0.0,-1.0
337,3,25,1,32400,0,0.0,-1.0,-1.0,-1.0
337,3,25,2,32400,1,3.08641975308642e-05,11.0,1.0,0.0
337,3,26,0,32400,1,3.08641975308642e-05,1.0,-1.0,0.0
337,3,26,1,32400,0,0.0,-1.0,-1.0,-1.0
337,3,26,2,32400,1,3.08641975308642e-05,1.0,1.0,0.0
337,3,27,0,32400,1,3.08641975308642e-05,3.0,1.0,0.0
337,3,27,1,32400,0,0.0,-1.0,-1.0,-1.0
337,3,27,2,32400,1,3.08641975308642e-05,11.0,1.0,0.0
337,3,28,0,32400,0,0.0,-1.0,0.0,-1.0
337,3,28,1,32400,0,0.0,-1.0,-1.0,-1.0
337,3,28,2,32400,1,3.08641975308642e-05,1.0,1.0,0.0
337,3,29,0,32400,0,0.0,-1.0,-1.0,-1.0
337,3,29,1,32400,0,0.0,-1.0,-1.0,-1.0
337,3,29,2,32400,1,3.08641975308642e-05,1.0,1.0,0.0
337,3,30,0,32400,1,3.08641975308642e-05,93.00001525878906,-1.0,0.0
337,3,30,1,32400,0,0.0,-1.0,-1.0,-1.0
337,3,30,2,32400,1,3.08641975308642e-05,5.0,1.0,0.0
337,3,31,0,32400,1,3.08641975308642e-05,1.0,1.0,0.0
337,3,31,1,32400,0,0.0,-1.0,-1.0,-1.0
337,3,31,2,32400,0,0.0,-1.0,0.0,-1.0
337,3,32,0,32400,1,3.08641975308642e-05,2.0,1.0,0.0
337,3,32,1,32400,0,0.0,-1.0,-1.0,-1.0
337,3,32,2,32400,0,0.0,-1.0,-1.0,-1.0
337,3,33,0,32400,1,3.08641975308642e-05,74.00000762939453,1.0,0.0
337,3,33,1,32400,0,0.0,-1.0,-1.0,-1.0
337,3,33,2,32400,1,3.08641975308642e-05,1.0,-1.0,0.0
337,3,34,0,32400,1,3.08641975308642e-05,3.0,1.0,0.0
337,3,34,1,32400,0,0.0,-1.0,-1.0,-1.0
337,3,34,2,32400,0,0.0,-1.0,0.0,-1.0
337,3,35,0,32400,0,0.0,-1.0,0.0,-1.0
337,3,35,1,32400,0,0.0,-1.0,-1.0,-1.0
337,3,35,2,32400,0,0.0,-1.0,-1.0,-1.0
338,0,1,0,32400,45,0.001388888888888889,16.11111068725586,-1.0,0.37777777777777777
338,0,1,1,32400,11,0.00033950617283950616,9.545454978942871,-1.0,0.09090909090909091
338,0,1,2,32400,5,0.00015432098765432098,24.600000381469727,-1.0,0.0
338,0,2,0,32400,30,0.000925925925925926,12.80000114440918,0.3111111111111111,0.4666666666666667
338,0,2,1,32400,10,0.00030864197530864197,12.90000057220459,0.09090909090909091,0.0
338,0,2,2,32400,3,9.259259259259259e-05,37.33333969116211,0.2,0.0
338,0,3,0,32400,14,0.0004320987654320988,7.5714287757873535,0.26666666666666666,0.21428571428571427
338,0,3,1,32400,10,0.00030864197530864197,9.0,0.5,0.1
338,0,3,2,32400,1,3.08641975308642e-05,9.0,0.3333333333333333,0.0
338,0,4,0,32400,10,0.00030864197530864197,8.5,0.2857142857142857,0.1
338,0,4,1,32400,4,0.0001234567901234568,5.75,0.2,0.25
338,0,4,2,32400,1,3.08641975308642e-05,1.0,0.0,0.0
338,0,5,0,32400,7,0.0002160493827160494,12.000000953674316,0.2,0.0
338,0,5,1,32400,3,9.259259259259259e-05,12.333334922790527,0.0,0.0
338,0,5,2,32400,0,0.0,-1.0,0.0,-1.0
338,0,6,0,32400,7,0.0002160493827160494,12.285715103149414,0.14285714285714285,0.0
338,0,6,1,32400,2,6.17283950617284e-05,2.0,0.0,0.0
338,0,6,2,32400,1,3.08641975308642e-05,22.0,-1.0,0.0
338,0,7,0,32400,3,9.259259259259259e-05,7.666667461395264,0.0,0.3333333333333333
338,0,7,1,32400,1,3.08641975308642e-05,3.0,0.5,0.0
338,0,7,2,32400,0,0.0,-1.0,0.0,-1.0
338,0,8,0,32400,1,3.08641975308642e-05,1.0,0.0,0.0
338,0,8,1,32400,1,3.08641975308642e-05,5.0,0.0,0.0
338,0,8,2,32400,0,0.0,-1.0,-1.0,-1.0
338,0,9,0,32400,1,3.08641975308642e-05,5.0,0.0,0.0
338,0,9,1,32400,0,0.0,-1.0,0.0,-1.0
338,0,9,2,32400,0,0.0,-1.0,-1.0,-1.0
338,0,10,0,32400,0,0.0,-1.0,0.0,-1.0
338,0,10,1,32400,0,0.0,-1.0,-1.0,-1.0
338,0,10,2,32400,0,0.0,-1.0,-1.0,-1.0
338,0,11,0,32400,1,3.08641975308642e-05,1.0,-1.0,0.0
338,0,11,1,32400,0,0.0,-1.0,-1.0,-1.0
338,0,11,2,32400,0,0.0,-1.0,-1.0,-1.0
338,0,12,0,32400,0,0.0,-1.0,0.0,-1.0
338,0,12,1,32400,0,0.0,-1.0,-1.0,-1.0
338,0,12,2,32400,0,0.0,-1.0,-1.0,-1.0
338,0,13,0,32400,2,6.17283950617284e-05,3.5,-1.0,0.0
338,0,13,1,32400,0,0.0,-1.0,-1.0,-1.0
338,0,13,2,32400,0,0.0,-1.0,-1.0,-1.0
338,0,14,0,32400,0,0.0,-1.0,0.0,-1.0
338,0,14,1,32400,1,3.08641975308642e-05,1.0,-1.0,0.0
338,0,14,2,32400,0,0.0,-1.0,-1.0,-1.0
338,0,15,0,32400,0,0.0,-1.0,-1.0,-1.0
338,0,15,1,32400,1,3.08641975308642e-05,5.0,0.0,0.0
338,0,15,2,32400,0,0.0,-1.0,-1.0,-1.0
338,0,16,0,32400,1,3.08641975308642e-05,11.0,-1.0,0.0
338,0,16,1,32400,0,0.0,-1.0,0.0,-1.0
338,0,16,2,32400,0,0.0,-1.0,-1.0,-1.0
338,0,17,0,32400,0,0.0,-1.0,0.0,-1.0
338,0,17,1,32400,0,0.0,-1.0,-1.0,-1.0
338,0,17,2,32400,0,0.0,-1.0,-1.0,-1.0
338,0,18,0,32400,0,0.0,-1.0,-1.0,-1.0
338,0,18,1,32400,0,0.0,-1.0,-1.0,-1.0
338,0,18,2,32400,0,0.0,-1.0,-1.0,-1.0
338,0,19,0,32400,1,3.08641975308642e-05,3.0,-1.0,0.0
338,0,19,1,32400,0,0.0,-1.0,-1.0,-1.0
338,0,19,2,32400,0,0.0,-1.0,-1.0,-1.0
338,0,20,0,32400,0,0.0,-1.0,0.0,-1.0
338,0,20,1,32400,0,0.0,-1.0,-1.0,-1.0
338,0,20,2,32400,0,0.0,-1.0,-1.0,-1.0
338,0,21,0,32400,0,0.0,-1.0,-1.0,-1.0
338,0,21,1,32400,0,0.0,-1.0,-1.0,-1.0
338,0,21,2,32400,0,0.0,-1.0,-1.0,-1.0
338,0,22,0,32400,0,0.0,-1.0,-1.0,-1.0
338,0,22,1,32400,0,0.0,-1.0,-1.0,-1.0
338,0,22,2,32400,0,0.0,-1.0,-1.0,-1.0
338,0,23,0,32400,0,0.0,-1.0,-1.0,-1.0
338,0,23,1,32400,0,0.0,-1.0,-1.0,-1.0
338,0,23,2,32400,0,0.0,-1.0,-1.0,-1.0
338,0,24,0,32400,0,0.0,-1.0,-1.0,-1.0
338,0,24,1,32400,0,0.0,-1.0,-1.0,-1.0
338,0,24,2,32400,0,0.0,-1.0,-1.0,-1.0
338,0,25,0,32400,1,3.08641975308642e-05,142.00003051757812,-1.0,0.0
338,0,25,1,32400,0,0.0,-1.0,-1.0,-1.0
338,0,25,2,32400,0,0.0,-1.0,-1.0,-1.0
338,0,26,0,32400,0,0.0,-1.0,0.0,-1.0
338,0,26,1,32400,0,0.0,-1.0,-1.0,-1.0
338,0,26,2,32400,0,0.0,-1.0,-1.0,-1.0
338,0,27,0,32400,0,0.0,-1.0,-1.0,-1.0
338,0,27,1,32400,0,0.0,-1.0,-1.0,-1.0
338,0,27,2,32400,0,0.0,-1.0,-1.0,-1.0
338,0,28,0,32400,0,0.0,-1.0,-1.0,-1.0
338,0,28,1,32400,0,0.0,-1.0,-1.0,-1.0
338,0,28,2,32400,0,0.0,-1.0,-1.0,-1.0
338,0,29,0,32400,0,0.0,-1.0,-1.0,-1.0
338,0,29,1,32400,0,0.0,-1.0,-1.0,-1.0
338,0,29,2,32400,0,0.0,-1.0,-1.0,-1.0
338,0,30,0,32400,0,0.0,-1.0,-1.0,-1.0
338,0,30,1,32400,0,0.0,-1.0,-1.0,-1.0
338,0,30,2,32400,0,0.0,-1.0,-1.0,-1.0
338,0,31,0,32400,0,0.0,-1.0,-1.0,-1.0
338,0,31,1,32400,0,0.0,-1.0,-1.0,-1.0
338,0,31,2,32400,0,0.0,-1.0,-1.0,-1.0
338,0,32,0,32400,0,0.0,-1.0,-1.0,-1.0
338,0,32,1,32400,0,0.0,-1.0,-1.0,-1.0
338,0,32,2,32400,0,0.0,-1.0,-1.0,-1.0
338,0,33,0,32400,0,0.0,-1.0,-1.0,-1.0
338,0,33,1,32400,0,0.0,-1.0,-1.0,-1.0
338,0,33,2,32400,0,0.0,-1.0,-1.0,-1.0
338,0,34,0,32400,0,0.0,-1.0,-1.0,-1.0
338,0,34,1,32400,0,0.0,-1.0,-1.0,-1.0
338,0,34,2,32400,0,0.0,-1.0,-1.0,-1.0
338,0,35,0,32400,0,0.0,-1.0,-1.0,-1.0
338,0,35,1,32400,0,0.0,-1.0,-1.0,-1.0
338,0,35,2,32400,0,0.0,-1.0,-1.0,-1.0
338,1,1,0,32400,34,0.0010493827160493827,21.382352828979492,-1.0,0.38235294117647056
338,1,1,1,32400,6,0.00018518518518518518,21.666667938232422,-1.0,0.0
338,1,1,2,32400,7,0.0002160493827160494,11.85714340209961,-1.0,0.0
338,1,2,0,32400,20,0.0006172839506172839,11.799999237060547,0.23529411764705882,0.25
338,1,2,1,32400,3,9.259259259259259e-05,56.0,0.16666666666666666,0.0
338,1,2,2,32400,6,0.00018518518518518518,13.666667938232422,0.0,0.0
338,1,3,0,32400,16,0.0004938271604938272,11.5625,0.2,0.125
338,1,3,1,32400,4,0.0001234567901234568,14.250000953674316,0.3333333333333333,0.5
338,1,3,2,32400,3,9.259259259259259e-05,11.333334922790527,0.16666666666666666,0.0
338,1,4,0,32400,10,0.00030864197530864197,7.5,0.375,0.1
338,1,4,1,32400,2,6.17283950617284e-05,4.0,0.25,0.0
338,1,4,2,32400,3,9.259259259259259e-05,3.6666667461395264,0.3333333333333333,0.0
338,1,5,0,32400,4,0.0001234567901234568,14.0,0.1,0.0
338,1,5,1,32400,2,6.17283950617284e-05,16.5,0.0,0.0
338,1,5,2,32400,2,6.17283950617284e-05,2.0,0.0,0.0
338,1,6,0,32400,5,0.00015432098765432098,15.800000190734863,0.25,0.2
338,1,6,1,32400,3,9.259259259259259e-05,4.0,1.0,0.0
338,1,6,2,32400,0,0.0,-1.0,0.0,-1.0
338,1,7,0,32400,3,9.259259259259259e-05,13.0,0.0,0.0
338,1,7,1,32400,2,6.17283950617284e-05,2.5,0.3333333333333333,0.5
338,1,7,2,32400,1,3.08641975308642e-05,2.0,-1.0,0.0
338,1,8,0,32400,2,6.17283950617284e-05,17.0,0.0,0.0
338,1,8,1,32400,0,0.0,-1.0,0.0,-1.0
338,1,8,2,32400,0,0.0,-1.0,0.0,-1.0
338,1,9,0,32400,2,6.17283950617284e-05,3.0,0.0,0.0
338,1,9,1,32400,0,0.0,-1.0,-1.0,-1.0
338,1,9,2,32400,0,0.0,-1.0,-1.0,-1.0
338,1,10,0,32400,3,9.259259259259259e-05,6.0,0.0,0.0
338,1,10,1,32400,0,0.0,-1.0,-1.0,-1.0
338,1,10,2,32400,0,0.0,-1.0,-1.0,-1.0
338,1,11,0,32400,2,6.17283950617284e-05,6.499999523162842,0.3333333333333333,0.0
338,1,11,1,32400,1,3.08641975308642e-05,4.0,-1.0,0.0
338,1,11,2,32400,0,0.0,-1.0,-1.0,-1.0
338,1,12,0,32400,1,3.08641975308642e-05,3.0,0.0,0.0
338,1,12,1,32400,0,0.0,-1.0,0.0,-1.0
338,1,12,2,32400,0,0.0,-1.0,-1.0,-1.0
338,1,13,0,32400,2,6.17283950617284e-05,3.499999761581421,0.0,0.0
338,1,13,1,32400,0,0.0,-1.0,-1.0,-1.0
338,1,13,2,32400,0,0.0,-1.0,-1.0,-1.0
338,1,14,0,32400,1,3.08641975308642e-05,4.0,0.0,0.0
338,1,14,1,32400,0,0.0,-1.0,-1.0,-1.0
338,1,14,2,32400,0,0.0,-1.0,-1.0,-1.0
338,1,15,0,32400,1,3.08641975308642e-05,2.0,0.0,0.0
338,1,15,1,32400,0,0.0,-1.0,-1.0,-1.0
338,1,15,2,32400,1,3.08641975308642e-05,1.0,-1.0,0.0
338,1,16,0,32400,0,0.0,-1.0,0.0,-1.0
338,1,16,1,32400,0,0.0,-1.0,-1.0,-1.0
338,1,16,2,32400,0,0.0,-1.0,0.0,-1.0
338,1,17,0,32400,1,3.08641975308642e-05,2.0,-1.0,0.0
338,1,17,1,32400,0,0.0,-1.0,-1.0,-1.0
338,1,17,2,32400,0,0.0,-1.0,-1.0,-1.0
338,1,18,0,32400,0,0.0,-1.0,0.0,-1.0
338,1,18,1,32400,0,0.0,-1.0,-1.0,-1.0
338,1,18,2,32400,0,0.0,-1.0,-1.0,-1.0
338,1,19,0,32400,0,0.0,-1.0,-1.0,-1.0
338,1,19,1,32400,0,0.0,-1.0,-1.0,-1.0
338,1,19,2,32400,0,0.0,-1.0,-1.0,-1.0
338,1,20,0,32400,1,3.08641975308642e-05,2.0,-1.0,0.0
338,1,20,1,32400,0,0.0,-1.0,-1.0,-1.0
338,1,20,2,32400,0,0.0,-1.0,-1.0,-1.0
338,1,21,0,32400,0,0.0,-1.0,0.0,-1.0
338,1,21,1,32400,0,0.0,-1.0,-1.0,-1.0
338,1,21,2,32400,0,0.0,-1.0,-1.0,-1.0
338,1,22,0,32400,0,0.0,-1.0,-1.0,-1.0
338,1,22,1,32400,0,0.0,-1.0,-1.0,-1.0
338,1,22,2,32400,0,0.0,-1.0,-1.0,-1.0
338,1,23,0,32400,0,0.0,-1.0,-1.0,-1.0
338,1,23,1,32400,0,0.0,-1.0,-1.0,-1.0
338,1,23,2,32400,0,0.0,-1.0,-1.0,-1.0
338,1,24,0,32400,0,0.0,-1.0,-1.0,-1.0
338,1,24,1,32400,0,0.0,-1.0,-1.0,-1.0
338,1,24,2,32400,0,0.0,-1.0,-1.0,-1.0
338,1,25,0,32400,1,3.08641975308642e-05,2.0,-1.0,0.0
338,1,25,1,32400,0,0.0,-1.0,-1.0,-1.0
338,1,25,2,32400,0,0.0,-1.0,-1.0,-1.0
338,1,26,0,32400,1,3.08641975308642e-05,2.0,0.0,0.0
338,1,26,1,32400,0,0.0,-1.0,-1.0,-1.0
338,1,26,2,32400,0,0.0,-1.0,-1.0,-1.0
338,1,27,0,32400,0,0.0,-1.0,0.0,-1.0
338,1,27,1,32400,0,0.0,-1.0,-1.0,-1.0
338,1,27,2,32400,0,0.0,-1.0,-1.0,-1.0
338,1,28,0,32400,0,0.0,-1.0,-1.0,-1.0
338,1,28,1,32400,0,0.0,-1.0,-1.0,-1.0
338,1,28,2,32400,0,0.0,-1.0,-1.0,-1.0
338,1,29,0,32400,0,0.0,-1.0,-1.0,-1.0
338,1,29,1,32400,0,0.0,-1.0,-1.0,-1.0
338,1,29,2,32400,0,0.0,-1.0,-1.0,-1.0
338,1,30,0,32400,0,0.0,-1.0,-1.0,-1.0
338,1,30,1,32400,0,0.0,-1.0,-1.0,-1.0
338,1,30,2,32400,0,0.0,-1.0,-1.0,-1.0
338,1,31,0,32400,0,0.0,-1.0,-1.0,-1.0
338,1,31,1,32400,0,0.0,-1.0,-1.0,-1.0
338,1,31,2,32400,0,0.0,-1.0,-1.0,-1.0
338,1,32,0,32400,0,0.0,-1.0,-1.0,-1.0
338,1,32,1,32400,0,0.0,-1.0,-1.0,-1.0
338,1,32,2,32400,0,0.0,-1.0,-1.0,-1.0
338,1,33,0,32400,0,0.0,-1.0,-1.0,-1.0
338,1,33,1,32400,0,0.0,-1.0,-1.0,-1.0
338,1,33,2,32400,0,0.0,-1.0,-1.0,-1.0
338,1,34,0,32400,0,0.0,-1.0,-1.0,-1.0
338,1,34,1,32400,0,0.0,-1.0,-1.0,-1.0
338,1,34,2,32400,0,0.0,-1.0,-1.0,-1.0
338,1,35,0,32400,0,0.0,-1.0,-1.0,-1.0
338,1,35,1,32400,0,0.0,-1.0,-1.0,-1.0
338,1,35,2,32400,0,0.0,-1.0,-1.0,-1.0
338,2,1,0,32400,35,0.0010802469135802468,11.942856788635254,-1.0,0.42857142857142855
338,2,1,1,32400,12,0.00037037037037037035,17.5,-1.0,0.16666666666666666
338,2,1,2,32400,9,0.0002777777777777778,22.11111068725586,-1.0,0.1111111111111111
338,2,2,0,32400,33,0.0010185185185185184,12.060606002807617,0.3142857142857143,0.3333333333333333
338,2,2,1,32400,2,6.17283950617284e-05,1.0,0.08333333333333333,0.0
338,2,2,2,32400,5,0.00015432098765432098,62.400001525878906,0.0,0.0
338,2,3,0,32400,16,0.0004938271604938272,31.375,0.21212121212121213,0.3125
338,2,3,1,32400,5,0.00015432098765432098,13.399998664855957,0.0,0.2
338,2,3,2,32400,4,0.0001234567901234568,6.75,0.0,0.0
338,2,4,0,32400,8,0.0002469135802469136,51.25000762939453,0.1875,0.125
338,2,4,1,32400,1,3.08641975308642e-05,3.0,0.0,0.0
338,2,4,2,32400,1,3.08641975308642e-05,13.000000953674316,0.25,0.0
338,2,5,0,32400,14,0.0004320987654320988,4.928571701049805,0.375,0.2857142857142857
338,2,5,1,32400,1,3.08641975308642e-05,13.000000953674316,0.0,0.0
338,2,5,2,32400,4,0.0001234567901234568,14.0,1.0,0.0
338,2,6,0,32400,9,0.0002777777777777778,4.222222328186035,0.35714285714285715,0.0
338,2,6,1,32400,0,0.0,-1.0,0.0,-1.0
338,2,6,2,32400,1,3.08641975308642e-05,1.0,0.0,0.0
338,2,7,0,32400,7,0.0002160493827160494,15.857144355773926,0.0,0.0
338,2,7,1,32400,0,0.0,-1.0,-1.0,-1.0
338,2,7,2,32400,1,3.08641975308642e-05,49.000003814697266,0.0,0.0
338,2,8,0,32400,6,0.00018518518518518518,15.499999046325684,0.2857142857142857,0.3333333333333333
338,2,8,1,32400,0,0.0,-1.0,-1.0,-1.0
338,2,8,2,32400,1,3.08641975308642e-05,1.0,0.0,0.0
338,2,9,0,32400,6,0.00018518518518518518,18.666669845581055,0.5,0.3333333333333333
338,2,9,1,32400,0,0.0,-1.0,-1.0,-1.0
338,2,9,2,32400,0,0.0,-1.0,0.0,-1.0
338,2,10,0,32400,4,0.0001234567901234568,5.75,0.5,0.5
338,2,10,1,32400,0,0.0,-1.0,-1.0,-1.0
338,2,10,2,32400,0,0.0,-1.0,-1.0,-1.0
338,2,11,0,32400,2,6.17283950617284e-05,17.000001907348633,0.0,0.0
338,2,11,1,32400,0,0.0,-1.0,-1.0,-1.0
338,2,11,2,32400,0,0.0,-1.0,-1.0,-1.0
338,2,12,0,32400,4,0.0001234567901234568,6.75,0.0,0.25
338,2,12,1,32400,0,0.0,-1.0,-1.0,-1.0
338,2,12,2,32400,0,0.0,-1.0,-1.0,-1.0
338,2,13,0,32400,1,3.08641975308642e-05,81.99998474121094,0.25,0.0
338,2,13,1,32400,0,0.0,-1.0,-1.0,-1.0
338,2,13,2,32400,0,0.0,-1.0,-1.0,-1.0
338,2,14,0,32400,1,3.08641975308642e-05,3.0,0.0,0.0
338,2,14,1,32400,0,0.0,-1.0,-1.0,-1.0
338,2,14,2,32400,0,0.0,-1.0,-1.0,-1.0
338,2,15,0,32400,1,3.08641975308642e-05,42.000003814697266,0.0,0.0
338,2,15,1,32400,1,3.08641975308642e-05,15.0,-1.0,0.0
338,2,15,2,32400,0,0.0,-1.0,-1.0,-1.0
338,2,16,0,32400,0,0.0,-1.0,0.0,-1.0
338,2,16,1,32400,0,0.0,-1.0,0.0,-1.0
338,2,16,2,32400,0,0.0,-1.0,-1.0,-1.0
338,2,17,0,32400,0,0.0,-1.0,-1.0,-1.0
338,2,17,1,32400,0,0.0,-1.0,-1.0,-1.0
338,2,17,2,32400,0,0.0,-1.0,-1.0,-1.0
338,2,18,0,32400,1,3.08641975308642e-05,413.0000305175781,-1.0,0.0
338,2,18,1,32400,0,0.0,-1.0,-1.0,-1.0
338,2,18,2,32400,0,0.0,-1.0,-1.0,-1.0
338,2,19,0,32400,2,6.17283950617284e-05,13.500000953674316,0.0,0.0
338,2,19,1,32400,0,0.0,-1.0,-1.0,-1.0
338,2,19,2,32400,0,0.0,-1.0,-1.0,-1.0
338,2,20,0,32400,0,0.0,-1.0,0.0,-1.0
338,2,20,1,32400,0,0.0,-1.0,-1.0,-1.0
338,2,20,2,32400,0,0.0,-1.0,-1.0,-1.0
338,2,21,0,32400,0,0.0,-1.0,-1.0,-1.0
338,2,21,1,32400,0,0.0,-1.0,-1.0,-1.0
338,2,21,2,32400,0,0.0,-1.0,-1.0,-1.0
338,2,22,0,32400,0,0.0,-1.0,-1.0,-1.0
338,2,22,1,32400,0,0.0,-1.0,-1.0,-1.0
338,2,22,2,32400,0,0.0,-1.0,-1.0,-1.0
338,2,23,0,32400,0,0.0,-1.0,-1.0,-1.0
338,2,23,1,32400,1,3.08641975308642e-05,5.0,-1.0,0.0
338,2,23,2,32400,0,0.0,-1.0,-1.0,-1.0
338,2,24,0,32400,0,0.0,-1.0,-1.0,-1.0
338,2,24,1,32400,0,0.0,-1.0,0.0,-1.0
338,2,24,2,32400,0,0.0,-1.0,-1.0,-1.0
338,2,25,0,32400,0,0.0,-1.0,-1.0,-1.0
338,2,25,1,32400,0,0.0,-1.0,-1.0,-1.0
338,2,25,2,32400,0,0.0,-1.0,-1.0,-1.0
338,2,26,0,32400,0,0.0,-1.0,-1.0,-1.0
338,2,26,1,32400,0,0.0,-1.0,-1.0,-1.0
338,2,26,2,32400,0,0.0,-1.0,-1.0,-1.0
338,2,27,0,32400,0,0.0,-1.0,-1.0,-1.0
338,2,27,1,32400,0,0.0,-1.0,-1.0,-1.0
338,2,27,2,32400,0,0.0,-1.0,-1.0,-1.0
338,2,28,0,32400,0,0.0,-1.0,-1.0,-1.0
338,2,28,1,32400,1,3.08641975308642e-05,4.0,-1.0,0.0
338,2,28,2,32400,0,0.0,-1.0,-1.0,-1.0
338,2,29,0,32400,0,0.0,-1.0,-1.0,-1.0
338,2,29,1,32400,0,0.0,-1.0,0.0,-1.0
338,2,29,2,32400,0,0.0,-1.0,-1.0,-1.0
338,2,30,0,32400,1,3.08641975308642e-05,5.0,-1.0,0.0
338,2,30,1,32400,0,0.0,-1.0,-1.0,-1.0
338,2,30,2,32400,0,0.0,-1.0,-1.0,-1.0
338,2,31,0,32400,0,0.0,-1.0,0.0,-1.0
338,2,31,1,32400,0,0.0,-1.0,-1.0,-1.0
338,2,31,2,32400,0,0.0,-1.0,-1.0,-1.0
338,2,32,0,32400,0,0.0,-1.0,-1.0,-1.0
338,2,32,1,32400,0,0.0,-1.0,-1.0,-1.0
338,2,32,2,32400,0,0.0,-1.0,-1.0,-1.0
338,2,33,0,32400,0,0.0,-1.0,-1.0,-1.0
338,2,33,1,32400,0,0.0,-1.0,-1.0,-1.0
338,2,33,2,32400,0,0.0,-1.0,-1.0,-1.0
338,2,34,0,32400,0,0.0,-1.0,-1.0,-1.0
338,2,34,1,32400,0,0.0,-1.0,-1.0,-1.0
338,2,34,2,32400,0,0.0,-1.0,-1.0,-1.0
338,2,35,0,32400,0,0.0,-1.0,-1.0,-1.0
338,2,35,1,32400,0,0.0,-1.0,-1.0,-1.0
338,2,35,2,32400,0,0.0,-1.0,-1.0,-1.0
338,3,1,0,32400,42,0.0012962962962962963,25.761905670166016,-1.0,0.3333333333333333
338,3,1,1,32400,12,0.00037037037037037035,7.5,-1.0,0.3333333333333333
338,3,1,2,32400,10,0.00030864197530864197,7.5,-1.0,0.0
338,3,2,0,32400,22,0.0006790123456790123,19.590911865234375,0.23809523809523808,0.3181818181818182
338,3,2,1,32400,9,0.0002777777777777778,10.111111640930176,0.16666666666666666,0.3333333333333333
338,3,2,2,32400,3,9.259259259259259e-05,2.3333334922790527,0.0,0.0
338,3,3,0,32400,20,0.0006172839506172839,15.449999809265137,0.45454545454545453,0.1
338,3,3,1,32400,6,0.00018518518518518518,4.1666669845581055,0.1111111111111111,0.0
338,3,3,2,32400,3,9.259259259259259e-05,18.33333396911621,0.0,0.0
338,3,4,0,32400,7,0.0002160493827160494,12.428570747375488,0.2,0.14285714285714285
338,3,4,1,32400,6,0.00018518518518518518,16.5,0.3333333333333333,0.5
338,3,4,2,32400,2,6.17283950617284e-05,24.5,0.3333333333333333,0.0
338,3,5,0,32400,9,0.0002777777777777778,14.222222328186035,0.14285714285714285,0.0
338,3,5,1,32400,4,0.0001234567901234568,10.0,0.16666666666666666,0.25
338,3,5,2,32400,1,3.08641975308642e-05,8.0,0.0,0.0
338,3,6,0,32400,6,0.00018518518518518518,25.166669845581055,0.3333333333333333,0.0
338,3,6,1,32400,2,6.17283950617284e-05,4.0,0.25,0.0
338,3,6,2,32400,2,6.17283950617284e-05,4.5,0.0,0.0
338,3,7,0,32400,6,0.00018518518518518518,16.000001907348633,0.3333333333333333,0.0
338,3,7,1,32400,2,6.17283950617284e-05,3.0,0.5,0.5
338,3,7,2,32400,0,0.0,-1.0,0.0,-1.0
338,3,8,0,32400,6,0.00018518518518518518,6.1666669845581055,0.3333333333333333,0.0
338,3,8,1,32400,3,9.259259259259259e-05,4.333333969116211,0.5,0.3333333333333333
338,3,8,2,32400,2,6.17283950617284e-05,68.50000762939453,-1.0,0.0
338,3,9,0,32400,5,0.00015432098765432098,17.200000762939453,0.3333333333333333,0.0
338,3,9,1,32400,1,3.08641975308642e-05,4.0,0.3333333333333333,0.0
338,3,9,2,32400,1,3.08641975308642e-05,191.0,0.5,0.0
338,3,10,0,32400,5,0.00015432098765432098,3.200000047683716,0.4,0.2
338,3,10,1,32400,1,3.08641975308642e-05,1.0,1.0,0.0
338,3,10,2,32400,0,0.0,-1.0,0.0,-1.0
338,3,11,0,32400,4,0.0001234567901234568,8.0,0.4,0.0
338,3,11,1,32400,0,0.0,-1.0,0.0,-1.0
338,3,11,2,32400,0,0.0,-1.0,-1.0,-1.0
338,3,12,0,32400,3,9.259259259259259e-05,10.666666984558105,0.0,0.0
338,3,12,1,32400,1,3.08641975308642e-05,45.0,-1.0,0.0
338,3,12,2,32400,0,0.0,-1.0,-1.0,-1.0
338,3,13,0,32400,3,9.259259259259259e-05,9.666666984558105,0.0,0.0
338,3,13,1,32400,0,0.0,-1.0,0.0,-1.0
338,3,13,2,32400,0,0.0,-1.0,-1.0,-1.0
338,3,14,0,32400,2,6.17283950617284e-05,32.0,0.3333333333333333,0.0
338,3,14,1,32400,0,0.0,-1.0,-1.0,-1.0
338,3,14,2,32400,0,0.0,-1.0,-1.0,-1.0
338,3,15,0,32400,1,3.08641975308642e-05,2.0,0.0,0.0
338,3,15,1,32400,0,0.0,-1.0,-1.0,-1.0
338,3,15,2,32400,0,0.0,-1.0,-1.0,-1.0
338,3,16,0,32400,0,0.0,-1.0,0.0,-1.0
338,3,16,1,32400,0,0.0,-1.0,-1.0,-1.0
338,3,16,2,32400,0,0.0,-1.0,-1.0,-1.0
338,3,17,0,32400,1,3.08641975308642e-05,7.0,-1.0,0.0
338,3,17,1,32400,1,3.08641975308642e-05,3.0,-1.0,0.0
338,3,17,2,32400,0,0.0,-1.0,-1.0,-1.0
338,3,18,0,32400,1,3.08641975308642e-05,94.0,0.0,0.0
338,3,18,1,32400,0,0.0,-1.0,0.0,-1.0
338,3,18,2,32400,0,0.0,-1.0,-1.0,-1.0
338,3,19,0,32400,0,0.0,-1.0,0.0,-1.0
338,3,19,1,32400,1,3.08641975308642e-05,101.0,-1.0,0.0
338,3,19,2,32400,0,0.0,-1.0,-1.0,-1.0
338,3,20,0,32400,1,3.08641975308642e-05,3.0,-1.0,0.0
338,3,20,1,32400,0,0.0,-1.0,0.0,-1.0
338,3,20,2,32400,0,0.0,-1.0,-1.0,-1.0
338,3,21,0,32400,0,0.0,-1.0,0.0,-1.0
338,3,21,1,32400,0,0.0,-1.0,-1.0,-1.0
338,3,21,2,32400,0,0.0,-1.0,-1.0,-1.0
338,3,22,0,32400,0,0.0,-1.0,-1.0,-1.0
338,3,22,1,32400,0,0.0,-1.0,-1.0,-1.0
338,3,22,2,32400,1,3.08641975308642e-05,1.0,-1.0,0.0
338,3,23,0,32400,0,0.0,-1.0,-1.0,-1.0
338,3,23,1,32400,0,0.0,-1.0,-1.0,-1.0
338,3,23,2,32400,0,0.0,-1.0,0.0,-1.0
338,3,24,0,32400,0,0.0,-1.0,-1.0,-1.0
338,3,24,1,32400,0,0.0,-1.0,-1.0,-1.0
338,3,24,2,32400,0,0.0,-1.0,-1.0,-1.0
338,3,25,0,32400,0,0.0,-1.0,-1.0,-1.0
338,3,25,1,32400,0,0.0,-1.0,-1.0,-1.0
338,3,25,2,32400,0,0.0,-1.0,-1.0,-1.0
338,3,26,0,32400,0,0.0,-1.0,-1.0,-1.0
338,3,26,1,32400,0,0.0,-1.0,-1.0,-1.0
338,3,26,2,32400,0,0.0,-1.0,-1.0,-1.0
338,3,27,0,32400,0,0.0,-1.0,-1.0,-1.0
338,3,27,1,32400,0,0.0,-1.0,-1.0,-1.0
338,3,27,2,32400,0,0.0,-1.0,-1.0,-1.0
338,3,28,0,32400,0,0.0,-1.0,-1.0,-1.0
338,3,28,1,32400,0,0.0,-1.0,-1.0,-1.0
338,3,28,2,32400,0,0.0,-1.0,-1.0,-1.0
338,3,29,0,32400,0,0.0,-1.0,-1.0,-1.0
338,3,29,1,32400,0,0.0,-1.0,-1.0,-1.0
338,3,29,2,32400,0,0.0,-1.0,-1.0,-1.0
338,3,30,0,32400,0,0.0,-1.0,-1.0,-1.0
338,3,30,1,32400,0,0.0,-1.0,-1.0,-1.0
338,3,30,2,32400,0,0.0,-1.0,-1.0,-1.0
338,3,31,0,32400,0,0.0,-1.0,-1.0,-1.0
338,3,31,1,32400,0,0.0,-1.0,-1.0,-1.0
338,3,31,2,32400,0,0.0,-1.0,-1.0,-1.0
338,3,32,0,32400,0,0.0,-1.0,-1.0,-1.0
338,3,32,1,32400,0,0.0,-1.0,-1.0,-1.0
338,3,32,2,32400,0,0.0,-1.0,-1.0,-1.0
338,3,33,0,32400,0,0.0,-1.0,-1.0,-1.0
338,3,33,1,32400,0,0.0,-1.0,-1.0,-1.0
338,3,33,2,32400,0,0.0,-1.0,-1.0,-1.0
338,3,34,0,32400,0,0.0,-1.0,-1.0,-1.0
338,3,34,1,32400,0,0.0,-1.0,-1.0,-1.0
338,3,34,2,32400,0,0.0,-1.0,-1.0,-1.0
338,3,35,0,32400,0,0.0,-1.0,-1.0,-1.0
338,3,35,1,32400,0,0.0,-1.0,-1.0,-1.0
338,3,35,2,32400,0,0.0,-1.0,-1.0,-1.0
339,0,1,0,32400,48,0.0014814814814814814,34.85417175292969,-1.0,0.5
339,0,1,1,32400,13,0.00040123456790123454,19.30769157409668,-1.0,0.07692307692307693
339,0,1,2,32400,8,0.0002469135802469136,12.374999046325684,-1.0,0.0
339,0,2,0,32400,21,0.0006481481481481481,21.000001907348633,0.16666666666666666,0.3333333333333333
339,0,2,1,32400,4,0.0001234567901234568,8.5,0.07692307692307693,0.25
339,0,2,2,32400,4,0.0001234567901234568,24.250001907348633,0.25,0.0
339,0,3,0,32400,15,0.000462962962962963,11.266667366027832,0.19047619047619047,0.06666666666666667
339,0,3,1,32400,2,6.17283950617284e-05,2.5,0.25,0.0
339,0,3,2,32400,4,0.0001234567901234568,67.5,0.25,0.0
339,0,4,0,32400,15,0.000462962962962963,14.066667556762695,0.2,0.0
339,0,4,1,32400,1,3.08641975308642e-05,5.999999523162842,0.0,0.0
339,0,4,2,32400,2,6.17283950617284e-05,27.999996185302734,0.25,0.0
339,0,5,0,32400,11,0.00033950617283950616,4.18181848526001,0.26666666666666666,0.18181818181818182
339,0,5,1,32400,1,3.08641975308642e-05,1.0,0.0,0.0
339,0,5,2,32400,1,3.08641975308642e-05,4.0,0.5,0.0
339,0,6,0,32400,8,0.0002469135802469136,19.5,0.09090909090909091,0.0
339,0,6,1,32400,0,0.0,-1.0,0.0,-1.0
339,0,6,2,32400,2,6.17283950617284e-05,21.000001907348633,0.0,0.0
339,0,7,0,32400,3,9.259259259259259e-05,10.333333969116211,0.0,0.3333333333333333
339,0,7,1,32400,2,6.17283950617284e-05,6.0,-1.0,0.0
339,0,7,2,32400,1,3.08641975308642e-05,1.0,0.5,0.0
339,0,8,0,32400,2,6.17283950617284e-05,9.5,0.0,0.0
339,0,8,1,32400,0,0.0,-1.0,0.0,-1.0
339,0,8,2,32400,0,0.0,-1.0,0.0,-1.0
339,0,9,0,32400,5,0.00015432098765432098,10.40000057220459,0.0,0.0
339,0,9,1,32400,0,0.0,-1.0,-1.0,-1.0
339,0,9,2,32400,2,6.17283950617284e-05,3.5,-1.0,0.0
339,0,10,0,32400,1,3.08641975308642e-05,5.0,0.0,0.0
339,0,10,1,32400,0,0.0,-1.0,-1.0,-1.0
339,0,10,2,32400,0,0.0,-1.0,0.0,-1.0
339,0,11,0,32400,2,6.17283950617284e-05,18.5,0.0,0.0
339,0,11,1,32400,1,3.08641975308642e-05,35.0,-1.0,0.0
339,0,11,2,32400,1,3.08641975308642e-05,3.0,-1.0,0.0
339,0,12,0,32400,3,9.259259259259259e-05,3.6666667461395264,0.5,0.0
339,0,12,1,32400,2,6.17283950617284e-05,7.500000476837158,1.0,0.0
339,0,12,2,32400,0,0.0,-1.0,0.0,-1.0
339,0,13,0,32400,0,0.0,-1.0,0.0,-1.0
339,0,13,1,32400,0,0.0,-1.0,0.0,-1.0
339,0,13,2,32400,0,0.0,-1.0,-1.0,-1.0
339,0,14,0,32400,0,0.0,-1.0,-1.0,-1.0
339,0,14,1,32400,0,0.0,-1.0,-1.0,-1.0
339,0,14,2,32400,0,0.0,-1.0,-1.0,-1.0
339,0,15,0,32400,0,0.0,-1.0,-1.0,-1.0
339,0,15,1,32400,0,0.0,-1.0,-1.0,-1.0
339,0,15,2,32400,0,0.0,-1.0,-1.0,-1.0
339,0,16,0,32400,2,6.17283950617284e-05,16.5,-1.0,0.0
339,0,16,1,32400,0,0.0,-1.0,-1.0,-1.0
339,0,16,2,32400,0,0.0,-1.0,-1.0,-1.0
339,0,17,0,32400,0,0.0,-1.0,0.0,-1.0
339,0,17,1,32400,0,0.0,-1.0,-1.0,-1.0
339,0,17,2,32400,0,0.0,-1.0,-1.0,-1.0
339,0,18,0,32400,0,0.0,-1.0,-1.0,-1.0
339,0,18,1,32400,1,3.08641975308642e-05,1.0,-1.0,0.0
339,0,18,2,32400,0,0.0,-1.0,-1.0,-1.0
339,0,19,0,32400,1,3.08641975308642e-05,2.0,-1.0,0.0
339,0,19,1,32400,0,0.0,-1.0,0.0,-1.0
339,0,19,2,32400,0,0.0,-1.0,-1.0,-1.0
339,0,20,0,32400,0,0.0,-1.0,0.0,-1.0
339,0,20,1,32400,0,0.0,-1.0,-1.0,-1.0
339,0,20,2,32400,0,0.0,-1.0,-1.0,-1.0
339,0,21,0,32400,0,0.0,-1.0,-1.0,-1.0
339,0,21,1,32400,0,0.0,-1.0,-1.0,-1.0
339,0,21,2,32400,0,0.0,-1.0,-1.0,-1.0
339,0,22,0,32400,0,0.0,-1.0,-1.0,-1.0
339,0,22,1,32400,1,3.08641975308642e-05,1.0,-1.0,0.0
339,0,22,2,32400,0,0.0,-1.0,-1.0,-1.0
339,0,23,0,32400,0,0.0,-1.0,-1.0,-1.0
339,0,23,1,32400,0,0.0,-1.0,0.0,-1.0
339,0,23,2,32400,0,0.0,-1.0,-1.0,-1.0
339,0,24,0,32400,0,0.0,-1.0,-1.0,-1.0
339,0,24,1,32400,0,0.0,-1.0,-1.0,-1.0
339,0,24,2,32400,0,0.0,-1.0,-1.0,-1.0
339,0,25,0,32400,0,0.0,-1.0,-1.0,-1.0
339,0,25,1,32400,0,0.0,-1.0,-1.0,-1.0
339,0,25,2,32400,0,0.0,-1.0,-1.0,-1.0
339,0,26,0,32400,0,0.0,-1.0,-1.0,-1.0
339,0,26,1,32400,0,0.0,-1.0,-1.0,-1.0
339,0,26,2,32400,0,0.0,-1.0,-1.0,-1.0
339,0,27,0,32400,0,0.0,-1.0,-1.0,-1.0
339,0,27,1,32400,0,0.0,-1.0,-1.0,-1.0
339,0,27,2,32400,0,0.0,-1.0,-1.0,-1.0
339,0,28,0,32400,0,0.0,-1.0,-1.0,-1.0
339,0,28,1,32400,0,0.0,-1.0,-1.0,-1.0
339,0,28,2,32400,0,0.0,-1.0,-1.0,-1.0
339,0,29,0,32400,0,0.0,-1.0,-1.0,-1.0
339,0,29,1,32400,0,0.0,-1.0,-1.0,-1.0
339,0,29,2,32400,0,0.0,-1.0,-1.0,-1.0
339,0,30,0,32400,0,0.0,-1.0,-1.0,-1.0
339,0,30,1,32400,0,0.0,-1.0,-1.0,-1.0
339,0,30,2,32400,0,0.0,-1.0,-1.0,-1.0
339,0,31,0,32400,1,3.08641975308642e-05,3.0,-1.0,0.0
339,0,31,1,32400,0,0.0,-1.0,-1.0,-1.0
339,0,31,2,32400,0,0.0,-1.0,-1.0,-1.0
339,0,32,0,32400,0,0.0,-1.0,0.0,-1.0
339,0,32,1,32400,0,0.0,-1.0,-1.0,-1.0
339,0,32,2,32400,0,0.0,-1.0,-1.0,-1.0
339,0,33,0,32400,0,0.0,-1.0,-1.0,-1.0
339,0,33,1,32400,0,0.0,-1.0,-1.0,-1.0
339,0,33,2,32400,0,0.0,-1.0,-1.0,-1.0
339,0,34,0,32400,2,6.17283950617284e-05,4.5,-1.0,0.0
339,0,34,1,32400,0,0.0,-1.0,-1.0,-1.0
339,0,34,2,32400,0,0.0,-1.0,-1.0,-1.0
339,0,35,0,32400,0,0.0,-1.0,0.0,-1.0
339,0,35,1,32400,0,0.0,-1.0,-1.0,-1.0
339,0,35,2,32400,0,0.0,-1.0,-1.0,-1.0
339,1,1,0,32400,49,0.0015123456790123457,20.775508880615234,-1.0,0.4489795918367347
339,1,1,1,32400,8,0.0002469135802469136,13.125,-1.0,0.0
339,1,1,2,32400,12,0.00037037037037037035,44.25000762939453,-1.0,0.25
339,1,2,0,32400,30,0.000925925925925926,18.566667556762695,0.32653061224489793,0.26666666666666666
339,1,2,1,32400,3,9.259259259259259e-05,24.0,0.125,0.3333333333333333
339,1,2,2,32400,6,0.00018518518518518518,14.166666984558105,0.08333333333333333,0.0
339,1,3,0,32400,30,0.000925925925925926,7.100000381469727,0.5,0.3
339,1,3,1,32400,5,0.00015432098765432098,11.800000190734863,0.3333333333333333,0.0
339,1,3,2,32400,2,6.17283950617284e-05,12.5,0.0,0.0
339,1,4,0,32400,18,0.0005555555555555556,7.333333492279053,0.3,0.3333333333333333
339,1,4,1,32400,1,3.08641975308642e-05,1.0,0.2,0.0
339,1,4,2,32400,2,6.17283950617284e-05,6.499999523162842,0.0,0.0
339,1,5,0,32400,12,0.00037037037037037035,21.33333396911621,0.16666666666666666,0.25
339,1,5,1,32400,2,6.17283950617284e-05,1.5,1.0,0.0
339,1,5,2,32400,1,3.08641975308642e-05,4.0,0.5,0.0
339,1,6,0,32400,7,0.0002160493827160494,7.428571701049805,0.25,0.14285714285714285
339,1,6,1,32400,0,0.0,-1.0,0.0,-1.0
339,1,6,2,32400,1,3.08641975308642e-05,29.000001907348633,0.0,0.0
339,1,7,0,32400,1,3.08641975308642e-05,14.000000953674316,0.14285714285714285,0.0
339,1,7,1,32400,2,6.17283950617284e-05,12.5,-1.0,0.0
339,1,7,2,32400,1,3.08641975308642e-05,2.0,0.0,0.0
339,1,8,0,32400,3,9.259259259259259e-05,9.666667938232422,1.0,0.0
339,1,8,1,32400,1,3.08641975308642e-05,1.0,0.0,0.0
339,1,8,2,32400,0,0.0,-1.0,0.0,-1.0
339,1,9,0,32400,4,0.0001234567901234568,8.75,0.6666666666666666,0.0
339,1,9,1,32400,2,6.17283950617284e-05,2.5,0.0,0.0
339,1,9,2,32400,2,6.17283950617284e-05,24.5,-1.0,0.0
339,1,10,0,32400,2,6.17283950617284e-05,5.5,0.25,0.0
339,1,10,1,32400,1,3.08641975308642e-05,1.0,0.0,0.0
339,1,10,2,32400,1,3.08641975308642e-05,1.0,0.0,0.0
339,1,11,0,32400,2,6.17283950617284e-05,34.0,0.5,0.0
339,1,11,1,32400,0,0.0,-1.0,0.0,-1.0
339,1,11,2,32400,0,0.0,-1.0,0.0,-1.0
339,1,12,0,32400,0,0.0,-1.0,0.0,-1.0
339,1,12,1,32400,0,0.0,-1.0,-1.0,-1.0
339,1,12,2,32400,0,0.0,-1.0,-1.0,-1.0
339,1,13,0,32400,2,6.17283950617284e-05,2.0,-1.0,0.0
339,1,13,1,32400,0,0.0,-1.0,-1.0,-1.0
339,1,13,2,32400,0,0.0,-1.0,-1.0,-1.0
339,1,14,0,32400,0,0.0,-1.0,0.0,-1.0
339,1,14,1,32400,1,3.08641975308642e-05,24.999998092651367,-1.0,0.0
339,1,14,2,32400,0,0.0,-1.0,-1.0,-1.0
339,1,15,0,32400,3,9.259259259259259e-05,2.0,-1.0,0.0
339,1,15,1,32400,0,0.0,-1.0,0.0,-1.0
339,1,15,2,32400,0,0.0,-1.0,-1.0,-1.0
339,1,16,0,32400,0,0.0,-1.0,0.0,-1.0
339,1,16,1,32400,0,0.0,-1.0,-1.0,-1.0
339,1,16,2,32400,0,0.0,-1.0,-1.0,-1.0
339,1,17,0,32400,0,0.0,-1.0,-1.0,-1.0
339,1,17,1,32400,0,0.0,-1.0,-1.0,-1.0
339,1,17,2,32400,0,0.0,-1.0,-1.0,-1.0
339,1,18,0,32400,0,0.0,-1.0,-1.0,-1.0
339,1,18,1,32400,0,0.0,-1.0,-1.0,-1.0
339,1,18,2,32400,0,0.0,-1.0,-1.0,-1.0
339,1,19,0,32400,0,0.0,-1.0,-1.0,-1.0
339,1,19,1,32400,0,0.0,-1.0,-1.0,-1.0
339,1,19,2,32400,0,0.0,-1.0,-1.0,-1.0
339,1,20,0,32400,2,6.17283950617284e-05,3.0,-1.0,0.0
339,1,20,1,32400,0,0.0,-1.0,-1.0,-1.0
339,1,20,2,32400,0,0.0,-1.0,-1.0,-1.0
339,1,21,0,32400,0,0.0,-1.0,0.0,-1.0
339,1,21,1,32400,0,0.0,-1.0,-1.0,-1.0
339,1,21,2,32400,0,0.0,-1.0,-1.0,-1.0
339,1,22,0,32400,1,3.08641975308642e-05,54.00000762939453,-1.0,0.0
339,1,22,1,32400,0,0.0,-1.0,-1.0,-1.0
339,1,22,2,32400,0,0.0,-1.0,-1.0,-1.0
339,1,23,0,32400,0,0.0,-1.0,0.0,-1.0
339,1,23,1,32400,0,0.0,-1.0,-1.0,-1.0
339,1,23,2,32400,0,0.0,-1.0,-1.0,-1.0
339,1,24,0,32400,0,0.0,-1.0,-1.0,-1.0
339,1,24,1,32400,0,0.0,-1.0,-1.0,-1.0
339,1,24,2,32400,0,0.0,-1.0,-1.0,-1.0
339,1,25,0,32400,0,0.0,-1.0,-1.0,-1.0
339,1,25,1,32400,0,0.0,-1.0,-1.0,-1.0
339,1,25,2,32400,0,0.0,-1.0,-1.0,-1.0
339,1,26,0,32400,0,0.0,-1.0,-1.0,-1.0
339,1,26,1,32400,0,0.0,-1.0,-1.0,-1.0
339,1,26,2,32400,0,0.0,-1.0,-1.0,-1.0
339,1,27,0,32400,0,0.0,-1.0,-1.0,-1.0
339,1,27,1,32400,0,0.0,-1.0,-1.0,-1.0
339,1,27,2,32400,0,0.0,-1.0,-1.0,-1.0
339,1,28,0,32400,1,3.08641975308642e-05,1.0,-1.0,0.0
339,1,28,1,32400,0,0.0,-1.0,-1.0,-1.0
339,1,28,2,32400,0,0.0,-1.0,-1.0,-1.0
339,1,29,0,32400,0,0.0,-1.0,0.0,-1.0
339,1,29,1,32400,0,0.0,-1.0,-1.0,-1.0
339,1,29,2,32400,0,0.0,-1.0,-1.0,-1.0
339,1,30,0,32400,0,0.0,-1.0,-1.0,-1.0
339,1,30,1,32400,0,0.0,-1.0,-1.0,-1.0
339,1,30,2,32400,0,0.0,-1.0,-1.0,-1.0
339,1,31,0,32400,0,0.0,-1.0,-1.0,-1.0
339,1,31,1,32400,0,0.0,-1.0,-1.0,-1.0
339,1,31,2,32400,0,0.0,-1.0,-1.0,-1.0
339,1,32,0,32400,0,0.0,-1.0,-1.0,-1.0
339,1,32,1,32400,0,0.0,-1.0,-1.0,-1.0
339,1,32,2,32400,0,0.0,-1.0,-1.0,-1.0
339,1,33,0,32400,0,0.0,-1.0,-1.0,-1.0
339,1,33,1,32400,0,0.0,-1.0,-1.0,-1.0
339,1,33,2,32400,0,0.0,-1.0,-1.0,-1.0
339,1,34,0,32400,0,0.0,-1.0,-1.0,-1.0
339,1,34,1,32400,0,0.0,-1.0,-1.0,-1.0
339,1,34,2,32400,0,0.0,-1.0,-1.0,-1.0
339,1,35,0,32400,0,0.0,-1.0,-1.0,-1.0
339,1,35,1,32400,0,0.0,-1.0,-1.0,-1.0
339,1,35,2,32400,0,0.0,-1.0,-1.0,-1.0
339,2,1,0,32400,39,0.0012037037037037038,20.230770111083984,-1.0,0.3076923076923077
339,2,1,1,32400,15,0.000462962962962963,32.46666717529297,-1.0,0.3333333333333333
339,2,1,2,32400,8,0.0002469135802469136,3.375,-1.0,0.0
339,2,2,0,32400,33,0.0010185185185185184,20.303030014038086,0.358974358974359,0.42424242424242425
339,2,2,1,32400,6,0.00018518518518518518,18.0,0.13333333333333333,0.16666666666666666
339,2,2,2,32400,4,0.0001234567901234568,45.500003814697266,0.125,0.0
339,2,3,0,32400,22,0.0006790123456790123,8.86363697052002,0.36363636363636365,0.3181818181818182
339,2,3,1,32400,3,9.259259259259259e-05,4.0,0.0,0.0
339,2,3,2,32400,6,0.00018518518518518518,7.6666669845581055,0.5,0.16666666666666666
339,2,4,0,32400,21,0.0006481481481481481,10.09523868560791,0.45454545454545453,0.47619047619047616
339,2,4,1,32400,5,0.00015432098765432098,10.200000762939453,0.0,0.0
339,2,4,2,32400,1,3.08641975308642e-05,1.0,0.16666666666666666,0.0
339,2,5,0,32400,15,0.000462962962962963,21.066669464111328,0.38095238095238093,0.13333333333333333
339,2,5,1,32400,1,3.08641975308642e-05,4.0,0.2,0.0
339,2,5,2,32400,3,9.259259259259259e-05,2.0,0.0,0.0
339,2,6,0,32400,15,0.000462962962962963,7.333333492279053,0.4666666666666667,0.06666666666666667
339,2,6,1,32400,0,0.0,-1.0,0.0,-1.0
339,2,6,2,32400,2,6.17283950617284e-05,1.5,0.0,0.0
339,2,7,0,32400,13,0.00040123456790123454,10.69230842590332,0.6,0.07692307692307693
339,2,7,1,32400,1,3.08641975308642e-05,15.0,-1.0,0.0
339,2,7,2,32400,1,3.08641975308642e-05,26.000001907348633,0.0,0.0
339,2,8,0,32400,7,0.0002160493827160494,5.5714287757873535,0.23076923076923078,0.2857142857142857
339,2,8,1,32400,0,0.0,-1.0,0.0,-1.0
339,2,8,2,32400,1,3.08641975308642e-05,44.000003814697266,0.0,0.0
339,2,9,0,32400,4,0.0001234567901234568,13.249998092651367,0.14285714285714285,0.25
339,2,9,1,32400,0,0.0,-1.0,-1.0,-1.0
339,2,9,2,32400,0,0.0,-1.0,0.0,-1.0
339,2,10,0,32400,3,9.259259259259259e-05,9.333333969116211,0.0,0.0
339,2,10,1,32400,0,0.0,-1.0,-1.0,-1.0
339,2,10,2,32400,0,0.0,-1.0,-1.0,-1.0
339,2,11,0,32400,4,0.0001234567901234568,8.75,0.6666666666666666,0.0
339,2,11,1,32400,1,3.08641975308642e-05,159.99996948242188,-1.0,0.0
339,2,11,2,32400,0,0.0,-1.0,-1.0,-1.0
339,2,12,0,32400,2,6.17283950617284e-05,10.0,0.0,0.0
339,2,12,1,32400,0,0.0,-1.0,0.0,-1.0
339,2,12,2,32400,0,0.0,-1.0,-1.0,-1.0
339,2,13,0,32400,4,0.0001234567901234568,8.25,0.5,0.0
339,2,13,1,32400,0,0.0,-1.0,-1.0,-1.0
339,2,13,2,32400,0,0.0,-1.0,-1.0,-1.0
339,2,14,0,32400,4,0.0001234567901234568,1.75,0.0,0.0
339,2,14,1,32400,0,0.0,-1.0,-1.0,-1.0
339,2,14,2,32400,0,0.0,-1.0,-1.0,-1.0
339,2,15,0,32400,1,3.08641975308642e-05,2.0,0.0,0.0
339,2,15,1,32400,0,0.0,-1.0,-1.0,-1.0
339,2,15,2,32400,0,0.0,-1.0,-1.0,-1.0
339,2,16,0,32400,4,0.0001234567901234568,5.0,1.0,0.0
339,2,16,1,32400,0,0.0,-1.0,-1.0,-1.0
339,2,16,2,32400,0,0.0,-1.0,-1.0,-1.0
339,2,17,0,32400,1,3.08641975308642e-05,42.000003814697266,0.25,0.0
339,2,17,1,32400,0,0.0,-1.0,-1.0,-1.0
339,2,17,2,32400,0,0.0,-1.0,-1.0,-1.0
339,2,18,0,32400,0,0.0,-1.0,0.0,-1.0
339,2,18,1,32400,0,0.0,-1.0,-1.0,-1.0
339,2,18,2,32400,0,0.0,-1.0,-1.0,-1.0
339,2,19,0,32400,2,6.17283950617284e-05,20.499998092651367,-1.0,0.0
339,2,19,1,32400,0,0.0,-1.0,-1.0,-1.0
339,2,19,2,32400,0,0.0,-1.0,-1.0,-1.0
339,2,20,0,32400,0,0.0,-1.0,0.0,-1.0
339,2,20,1,32400,0,0.0,-1.0,-1.0,-1.0
339,2,20,2,32400,0,0.0,-1.0,-1.0,-1.0
339,2,21,0,32400,0,0.0,-1.0,-1.0,-1.0
339,2,21,1,32400,0,0.0,-1.0,-1.0,-1.0
339,2,21,2,32400,0,0.0,-1.0,-1.0,-1.0
339,2,22,0,32400,0,0.0,-1.0,-1.0,-1.0
339,2,22,1,32400,0,0.0,-1.0,-1.0,-1.0
339,2,22,2,32400,1,3.08641975308642e-05,37.0,-1.0,0.0
339,2,23,0,32400,0,0.0,-1.0,-1.0,-1.0
339,2,23,1,32400,0,0.0,-1.0,-1.0,-1.0
339,2,23,2,32400,0,0.0,-1.0,0.0,-1.0
339,2,24,0,32400,0,0.0,-1.0,-1.0,-1.0
339,2,24,1,32400,0,0.0,-1.0,-1.0,-1.0
339,2,24,2,32400,0,0.0,-1.0,-1.0,-1.0
339,2,25,0,32400,0,0.0,-1.0,-1.0,-1.0
339,2,25,1,32400,0,0.0,-1.0,-1.0,-1.0
339,2,25,2,32400,0,0.0,-1.0,-1.0,-1.0
339,2,26,0,32400,0,0.0,-1.0,-1.0,-1.0
339,2,26,1,32400,0,0.0,-1.0,-1.0,-1.0
339,2,26,2,32400,0,0.0,-1.0,-1.0,-1.0
339,2,27,0,32400,1,3.08641975308642e-05,1.0,-1.0,0.0
339,2,27,1,32400,0,0.0,-1.0,-1.0,-1.0
339,2,27,2,32400,0,0.0,-1.0,-1.0,-1.0
339,2,28,0,32400,0,0.0,-1.0,0.0,-1.0
339,2,28,1,32400,0,0.0,-1.0,-1.0,-1.0
339,2,28,2,32400,0,0.0,-1.0,-1.0,-1.0
339,2,29,0,32400,0,0.0,-1.0,-1.0,-1.0
339,2,29,1,32400,0,0.0,-1.0,-1.0,-1.0
339,2,29,2,32400,0,0.0,-1.0,-1.0,-1.0
339,2,30,0,32400,0,0.0,-1.0,-1.0,-1.0
339,2,30,1,32400,0,0.0,-1.0,-1.0,-1.0
339,2,30,2,32400,0,0.0,-1.0,-1.0,-1.0
339,2,31,0,32400,0,0.0,-1.0,-1.0,-1.0
339,2,31,1,32400,0,0.0,-1.0,-1.0,-1.0
339,2,31,2,32400,0,0.0,-1.0,-1.0,-1.0
339,2,32,0,32400,0,0.0,-1.0,-1.0,-1.0
339,2,32,1,32400,0,0.0,-1.0,-1.0,-1.0
339,2,32,2,32400,0,0.0,-1.0,-1.0,-1.0
339,2,33,0,32400,0,0.0,-1.0,-1.0,-1.0
339,2,33,1,32400,0,0.0,-1.0,-1.0,-1.0
339,2,33,2,32400,0,0.0,-1.0,-1.0,-1.0
339,2,34,0,32400,0,0.0,-1.0,-1.0,-1.0
339,2,34,1,32400,0,0.0,-1.0,-1.0,-1.0
339,2,34,2,32400,0,0.0,-1.0,-1.0,-1.0
339,2,35,0,32400,0,0.0,-1.0,-1.0,-1.0
339,2,35,1,32400,0,0.0,-1.0,-1.0,-1.0
339,2,35,2,32400,0,0.0,-1.0,-1.0,-1.0
339,3,1,0,32400,48,0.0014814814814814814,27.375,-1.0,0.3541666666666667
339,3,1,1,32400,13,0.00040123456790123454,12.000001907348633,-1.0,0.3076923076923077
339,3,1,2,32400,10,0.00030864197530864197,86.80001068115234,-1.0,0.2
339,3,2,0,32400,22,0.0006790123456790123,19.68181800842285,0.1875,0.18181818181818182
339,3,2,1,32400,8,0.0002469135802469136,11.250000953674316,0.15384615384615385,0.0
339,3,2,2,32400,6,0.00018518518518518518,29.33333396911621,0.3,0.0
339,3,3,0,32400,16,0.0004938271604938272,7.687499523162842,0.2727272727272727,0.3125
339,3,3,1,32400,8,0.0002469135802469136,16.125,0.125,0.0
339,3,3,2,32400,4,0.0001234567901234568,22.249998092651367,0.0,0.0
339,3,4,0,32400,14,0.0004320987654320988,15.071430206298828,0.25,0.21428571428571427
339,3,4,1,32400,3,9.259259259259259e-05,35.66667175292969,0.125,0.0
339,3,4,2,32400,1,3.08641975308642e-05,9.0,0.0,0.0
339,3,5,0,32400,11,0.00033950617283950616,10.272727966308594,0.2857142857142857,0.18181818181818182
339,3,5,1,32400,3,9.259259259259259e-05,7.333333492279053,0.3333333333333333,0.3333333333333333
339,3,5,2,32400,1,3.08641975308642e-05,59.9999885559082,0.0,0.0
339,3,6,0,32400,8,0.0002469135802469136,14.0,0.2727272727272727,0.25
339,3,6,1,32400,1,3.08641975308642e-05,1.0,0.0,0.0
339,3,6,2,32400,1,3.08641975308642e-05,59.000003814697266,0.0,0.0
339,3,7,0,32400,8,0.0002469135802469136,7.0,0.5,0.25
339,3,7,1,32400,2,6.17283950617284e-05,24.000001907348633,0.0,0.0
339,3,7,2,32400,1,3.08641975308642e-05,4.0,0.0,0.0
339,3,8,0,32400,11,0.00033950617283950616,17.72727394104004,0.375,0.09090909090909091
339,3,8,1,32400,0,0.0,-1.0,0.0,-1.0
339,3,8,2,32400,1,3.08641975308642e-05,177.00003051757812,0.0,0.0
339,3,9,0,32400,8,0.0002469135802469136,2.75,0.2727272727272727,0.125
339,3,9,1,32400,1,3.08641975308642e-05,5.999999523162842,-1.0,0.0
339,3,9,2,32400,0,0.0,-1.0,0.0,-1.0
339,3,10,0,32400,7,0.0002160493827160494,15.428570747375488,0.375,0.0
339,3,10,1,32400,1,3.08641975308642e-05,4.0,0.0,0.0
339,3,10,2,32400,1,3.08641975308642e-05,27.000001907348633,-1.0,0.0
339,3,11,0,32400,7,0.0002160493827160494,11.714285850524902,0.2857142857142857,0.2857142857142857
339,3,11,1,32400,0,0.0,-1.0,0.0,-1.0
339,3,11,2,32400,0,0.0,-1.0,0.0,-1.0
339,3,12,0,32400,3,9.259259259259259e-05,10.333333015441895,0.14285714285714285,0.0
339,3,12,1,32400,1,3.08641975308642e-05,2.0,-1.0,0.0
339,3,12,2,32400,1,3.08641975308642e-05,51.999996185302734,-1.0,0.0
339,3,13,0,32400,1,3.08641975308642e-05,3.0,0.0,0.0
339,3,13,1,32400,1,3.08641975308642e-05,9.0,0.0,0.0
339,3,13,2,32400,0,0.0,-1.0,0.0,-1.0
339,3,14,0,32400,1,3.08641975308642e-05,1.0,0.0,0.0
339,3,14,1,32400,0,0.0,-1.0,0.0,-1.0
339,3,14,2,32400,0,0.0,-1.0,-1.0,-1.0
339,3,15,0,32400,1,3.08641975308642e-05,7.0,0.0,0.0
339,3,15,1,32400,0,0.0,-1.0,-1.0,-1.0
339,3,15,2,32400,0,0.0,-1.0,-1.0,-1.0
339,3,16,0,32400,0,0.0,-1.0,0.0,-1.0
339,3,16,1,32400,0,0.0,-1.0,-1.0,-1.0
339,3,16,2,32400,0,0.0,-1.0,-1.0,-1.0
339,3,17,0,32400,1,3.08641975308642e-05,14.000000953674316,-1.0,0.0
339,3,17,1,32400,0,0.0,-1.0,-1.0,-1.0
339,3,17,2,32400,1,3.08641975308642e-05,2.0,-1.0,0.0
339,3,18,0,32400,1,3.08641975308642e-05,2.0,0.0,0.0
339,3,18,1,32400,0,0.0,-1.0,-1.0,-1.0
339,3,18,2,32400,0,0.0,-1.0,0.0,-1.0
339,3,19,0,32400,0,0.0,-1.0,0.0,-1.0
339,3,19,1,32400,0,0.0,-1.0,-1.0,-1.0
339,3,19,2,32400,0,0.0,-1.0,-1.0,-1.0
339,3,20,0,32400,1,3.08641975308642e-05,7.0,-1.0,0.0
339,3,20,1,32400,0,0.0,-1.0,-1.0,-1.0
339,3,20,2,32400,1,3.08641975308642e-05,4.0,-1.0,0.0
339,3,21,0,32400,0,0.0,-1.0,0.0,-1.0
339,3,21,1,32400,0,0.0,-1.0,-1.0,-1.0
339,3,21,2,32400,0,0.0,-1.0,0.0,-1.0
339,3,22,0,32400,0,0.0,-1.0,-1.0,-1.0
339,3,22,1,32400,0,0.0,-1.0,-1.0,-1.0
339,3,22,2,32400,1,3.08641975308642e-05,1.0,-1.0,0.0
339,3,23,0,32400,0,0.0,-1.0,-1.0,-1.0
339,3,23,1,32400,0,0.0,-1.0,-1.0,-1.0
339,3,23,2,32400,0,0.0,-1.0,0.0,-1.0
339,3,24,0,32400,0,0.0,-1.0,-1.0,-1.0
339,3,24,1,32400,0,0.0,-1.0,-1.0,-1.0
339,3,24,2,32400,0,0.0,-1.0,-1.0,-1.0
339,3,25,0,32400,0,0.0,-1.0,-1.0,-1.0
339,3,25,1,32400,1,3.08641975308642e-05,9.0,-1.0,0.0
339,3,25,2,32400,0,0.0,-1.0,-1.0,-1.0
339,3,26,0,32400,0,0.0,-1.0,-1.0,-1.0
339,3,26,1,32400,0,0.0,-1.0,0.0,-1.0
339,3,26,2,32400,0,0.0,-1.0,-1.0,-1.0
339,3,27,0,32400,0,0.0,-1.0,-1.0,-1.0
339,3,27,1,32400,0,0.0,-1.0,-1.0,-1.0
339,3,27,2,32400,0,0.0,-1.0,-1.0,-1.0
339,3,28,0,32400,0,0.0,-1.0,-1.0,-1.0
339,3,28,1,32400,0,0.0,-1.0,-1.0,-1.0
339,3,28,2,32400,0,0.0,-1.0,-1.0,-1.0
339,3,29,0,32400,0,0.0,-1.0,-1.0,-1.0
339,3,29,1,32400,0,0.0,-1.0,-1.0,-1.0
339,3,29,2,32400,0,0.0,-1.0,-1.0,-1.0
339,3,30,0,32400,1,3.08641975308642e-05,1.0,-1.0,0.0
339,3,30,1,32400,0,0.0,-1.0,-1.0,-1.0
339,3,30,2,32400,0,0.0,-1.0,-1.0,-1.0
339,3,31,0,32400,0,0.0,-1.0,0.0,-1.0
339,3,31,1,32400,0,0.0,-1.0,-1.0,-1.0
339,3,31,2,32400,0,0.0,-1.0,-1.0,-1.0
339,3,32,0,32400,0,0.0,-1.0,-1.0,-1.0
339,3,32,1,32400,0,0.0,-1.0,-1.0,-1.0
339,3,32,2,32400,0,0.0,-1.0,-1.0,-1.0
339,3,33,0,32400,0,0.0,-1.0,-1.0,-1.0
339,3,33,1,32400,0,0.0,-1.0,-1.0,-1.0
339,3,33,2,32400,0,0.0,-1.0,-1.0,-1.0
339,3,34,0,32400,0,0.0,-1.0,-1.0,-1.0
339,3,34,1,32400,0,0.0,-1.0,-1.0,-1.0
339,3,34,2,32400,0,0.0,-1.0,-1.0,-1.0
339,3,35,0,32400,0,0.0,-1.0,-1.0,-1.0
339,3,35,1,32400,0,0.0,-1.0,-1.0,-1.0
339,3,35,2,32400,0,0.0,-1.0,-1.0,-1.0
340,0,1,0,32400,36,0.0011111111111111111,26.166667938232422,-1.0,0.4166666666666667
340,0,1,1,32400,6,0.00018518518518518518,6.333333492279053,-1.0,0.0
340,0,1,2,32400,13,0.00040123456790123454,58.38461685180664,-1.0,0.15384615384615385
340,0,2,0,32400,17,0.0005246913580246914,17.941177368164062,0.2222222222222222,0.23529411764705882
340,0,2,1,32400,4,0.0001234567901234568,26.25,0.0,0.0
340,0,2,2,32400,4,0.0001234567901234568,5.25,0.23076923076923078,0.0
340,0,3,0,32400,14,0.0004320987654320988,14.785715103149414,0.23529411764705882,0.0
340,0,3,1,32400,4,0.0001234567901234568,14.25,0.5,0.0
340,0,3,2,32400,4,0.0001234567901234568,3.25,0.5,0.0
340,0,4,0,32400,11,0.00033950617283950616,6.454545497894287,0.14285714285714285,0.09090909090909091
340,0,4,1,32400,2,6.17283950617284e-05,16.0,0.25,0.0
340,0,4,2,32400,3,9.259259259259259e-05,109.66667175292969,0.0,0.0
340,0,5,0,32400,8,0.0002469135802469136,23.0,0.2727272727272727,0.25
340,0,5,1,32400,1,3.08641975308642e-05,13.000000953674316,0.5,0.0
340,0,5,2,32400,2,6.17283950617284e-05,18.5,0.0,0.0
340,0,6,0,32400,4,0.0001234567901234568,17.0,0.0,0.0
340,0,6,1,32400,1,3.08641975308642e-05,2.0,0.0,0.0
340,0,6,2,32400,1,3.08641975308642e-05,29.000001907348633,0.0,0.0
340,0,7,0,32400,4,0.0001234567901234568,4.0,0.0,0.0
340,0,7,1,32400,0,0.0,-1.0,0.0,-1.0
340,0,7,2,32400,1,3.08641975308642e-05,3.0,0.0,0.0
340,0,8,0,32400,2,6.17283950617284e-05,1.5,0.25,0.0
340,0,8,1,32400,1,3.08641975308642e-05,3.0,-1.0,0.0
340,0,8,2,32400,0,0.0,-1.0,0.0,-1.0
340,0,9,0,32400,2,6.17283950617284e-05,1.0,0.0,0.0
340,0,9,1,32400,1,3.08641975308642e-05,1.0,0.0,0.0
340,0,9,2,32400,0,0.0,-1.0,-1.0,-1.0
340,0,10,0,32400,2,6.17283950617284e-05,6.499999523162842,0.0,0.0
340,0,10,1,32400,1,3.08641975308642e-05,3.0,1.0,0.0
340,0,10,2,32400,0,0.0,-1.0,-1.0,-1.0
340,0,11,0,32400,2,6.17283950617284e-05,4.5,0.0,0.0
340,0,11,1,32400,1,3.08641975308642e-05,29.999998092651367,1.0,0.0
340,0,11,2,32400,0,0.0,-1.0,-1.0,-1.0
340,0,12,0,32400,1,3.08641975308642e-05,16.0,0.0,0.0
340,0,12,1,32400,0,0.0,-1.0,0.0,-1.0
340,0,12,2,32400,1,3.08641975308642e-05,1.0,-1.0,0.0
340,0,13,0,32400,1,3.08641975308642e-05,5.999999523162842,0.0,0.0
340,0,13,1,32400,0,0.0,-1.0,-1.0,-1.0
340,0,13,2,32400,1,3.08641975308642e-05,13.000000953674316,0.0,0.0
340,0,14,0,32400,0,0.0,-1.0,0.0,-1.0
340,0,14,1,32400,0,0.0,-1.0,-1.0,-1.0
340,0,14,2,32400,0,0.0,-1.0,0.0,-1.0
340,0,15,0,32400,1,3.08641975308642e-05,16.0,-1.0,0.0
340,0,15,1,32400,0,0.0,-1.0,-1.0,-1.0
340,0,15,2,32400,0,0.0,-1.0,-1.0,-1.0
340,0,16,0,32400,0,0.0,-1.0,0.0,-1.0
340,0,16,1,32400,0,0.0,-1.0,-1.0,-1.0
340,0,16,2,32400,0,0.0,-1.0,-1.0,-1.0
340,0,17,0,32400,0,0.0,-1.0,-1.0,-1.0
340,0,17,1,32400,0,0.0,-1.0,-1.0,-1.0
340,0,17,2,32400,0,0.0,-1.0,-1.0,-1.0
340,0,18,0,32400,1,3.08641975308642e-05,9.0,-1.0,0.0
340,0,18,1,32400,0,0.0,-1.0,-1.0,-1.0
340,0,18,2,32400,1,3.08641975308642e-05,199.9999542236328,-1.0,0.0
340,0,19,0,32400,0,0.0,-1.0,0.0,-1.0
340,0,19,1,32400,1,3.08641975308642e-05,15.0,-1.0,0.0
340,0,19,2,32400,0,0.0,-1.0,0.0,-1.0
340,0,20,0,32400,1,3.08641975308642e-05,8.0,-1.0,0.0
340,0,20,1,32400,0,0.0,-1.0,0.0,-1.0
340,0,20,2,32400,0,0.0,-1.0,-1.0,-1.0
340,0,21,0,32400,0,0.0,-1.0,0.0,-1.0
340,0,21,1,32400,0,0.0,-1.0,-1.0,-1.0
340,0,21,2,32400,0,0.0,-1.0,-1.0,-1.0
340,0,22,0,32400,0,0.0,-1.0,-1.0,-1.0
340,0,22,1,32400,0,0.0,-1.0,-1.0,-1.0
340,0,22,2,32400,0,0.0,-1.0,-1.0,-1.0
340,0,23,0,32400,0,0.0,-1.0,-1.0,-1.0
340,0,23,1,32400,0,0.0,-1.0,-1.0,-1.0
340,0,23,2,32400,0,0.0,-1.0,-1.0,-1.0
340,0,24,0,32400,0,0.0,-1.0,-1.0,-1.0
340,0,24,1,32400,1,3.08641975308642e-05,2.0,-1.0,0.0
340,0,24,2,32400,0,0.0,-1.0,-1.0,-1.0
340,0,25,0,32400,1,3.08641975308642e-05,3.0,-1.0,0.0
340,0,25,1,32400,0,0.0,-1.0,0.0,-1.0
340,0,25,2,32400,0,0.0,-1.0,-1.0,-1.0
340,0,26,0,32400,0,0.0,-1.0,0.0,-1.0
340,0,26,1,32400,0,0.0,-1.0,-1.0,-1.0
340,0,26,2,32400,0,0.0,-1.0,-1.0,-1.0
340,0,27,0,32400,0,0.0,-1.0,-1.0,-1.0
340,0,27,1,32400,0,0.0,-1.0,-1.0,-1.0
340,0,27,2,32400,0,0.0,-1.0,-1.0,-1.0
340,0,28,0,32400,0,0.0,-1.0,-1.0,-1.0
340,0,28,1,32400,0,0.0,-1.0,-1.0,-1.0
340,0,28,2,32400,0,0.0,-1.0,-1.0,-1.0
340,0,29,0,32400,0,0.0,-1.0,-1.0,-1.0
340,0,29,1,32400,0,0.0,-1.0,-1.0,-1.0
340,0,29,2,32400,0,0.0,-1.0,-1.0,-1.0
340,0,30,0,32400,1,3.08641975308642e-05,5.999999523162842,-1.0,0.0
340,0,30,1,32400,0,0.0,-1.0,-1.0,-1.0
340,0,30,2,32400,0,0.0,-1.0,-1.0,-1.0
340,0,31,0,32400,0,0.0,-1.0,0.0,-1.0
340,0,31,1,32400,0,0.0,-1.0,-1.0,-1.0
340,0,31,2,32400,0,0.0,-1.0,-1.0,-1.0
340,0,32,0,32400,0,0.0,-1.0,-1.0,-1.0
340,0,32,1,32400,0,0.0,-1.0,-1.0,-1.0
340,0,32,2,32400,0,0.0,-1.0,-1.0,-1.0
340,0,33,0,32400,0,0.0,-1.0,-1.0,-1.0
340,0,33,1,32400,0,0.0,-1.0,-1.0,-1.0
340,0,33,2,32400,0,0.0,-1.0,-1.0,-1.0
340,0,34,0,32400,0,0.0,-1.0,-1.0,-1.0
340,0,34,1,32400,0,0.0,-1.0,-1.0,-1.0
340,0,34,2,32400,0,0.0,-1.0,-1.0,-1.0
340,0,35,0,32400,0,0.0,-1.0,-1.0,-1.0
340,0,35,1,32400,0,0.0,-1.0,-1.0,-1.0
340,0,35,2,32400,0,0.0,-1.0,-1.0,-1.0
340,1,1,0,32400,43,0.0013271604938271606,19.0930233001709,-1.0,0.32558139534883723
340,1,1,1,32400,7,0.0002160493827160494,25.571428298950195,-1.0,0.14285714285714285
340,1,1,2,32400,6,0.00018518518518518518,30.333335876464844,-1.0,0.0
340,1,2,0,32400,17,0.0005246913580246914,16.941179275512695,0.3023255813953488,0.29411764705882354
340,1,2,1,32400,5,0.00015432098765432098,19.0,0.14285714285714285,0.0
340,1,2,2,32400,6,0.00018518518518518518,17.166667938232422,0.0,0.0
340,1,3,0,32400,14,0.0004320987654320988,17.857145309448242,0.17647058823529413,0.07142857142857142
340,1,3,1,32400,3,9.259259259259259e-05,17.33333396911621,0.0,0.3333333333333333
340,1,3,2,32400,1,3.08641975308642e-05,2.0,0.0,0.0
340,1,4,0,32400,3,9.259259259259259e-05,21.0,0.0,0.0
340,1,4,1,32400,1,3.08641975308642e-05,1.0,0.3333333333333333,0.0
340,1,4,2,32400,0,0.0,-1.0,0.0,-1.0
340,1,5,0,32400,5,0.00015432098765432098,4.0,0.3333333333333333,0.0
340,1,5,1,32400,1,3.08641975308642e-05,11.0,0.0,0.0
340,1,5,2,32400,1,3.08641975308642e-05,1.0,-1.0,0.0
340,1,6,0,32400,5,0.00015432098765432098,11.40000057220459,0.2,0.0
340,1,6,1,32400,2,6.17283950617284e-05,4.5,1.0,0.0
340,1,6,2,32400,1,3.08641975308642e-05,4.0,1.0,0.0
340,1,7,0,32400,1,3.08641975308642e-05,22.0,0.0,0.0
340,1,7,1,32400,1,3.08641975308642e-05,18.0,0.0,0.0
340,1,7,2,32400,1,3.08641975308642e-05,10.000000953674316,0.0,0.0
340,1,8,0,32400,2,6.17283950617284e-05,2.0,0.0,0.0
340,1,8,1,32400,1,3.08641975308642e-05,110.00001525878906,0.0,0.0
340,1,8,2,32400,0,0.0,-1.0,0.0,-1.0
340,1,9,0,32400,0,0.0,-1.0,0.0,-1.0
340,1,9,1,32400,2,6.17283950617284e-05,26.0,0.0,0.0
340,1,9,2,32400,0,0.0,-1.0,-1.0,-1.0
340,1,10,0,32400,0,0.0,-1.0,-1.0,-1.0
340,1,10,1,32400,0,0.0,-1.0,0.0,-1.0
340,1,10,2,32400,0,0.0,-1.0,-1.0,-1.0
340,1,11,0,32400,3,9.259259259259259e-05,13.0,-1.0,0.0
340,1,11,1,32400,1,3.08641975308642e-05,2.0,-1.0,0.0
340,1,11,2,32400,0,0.0,-1.0,-1.0,-1.0
340,1,12,0,32400,2,6.17283950617284e-05,1.0,0.0,0.0
340,1,12,1,32400,0,0.0,-1.0,0.0,-1.0
340,1,12,2,32400,0,0.0,-1.0,-1.0,-1.0
340,1,13,0,32400,0,0.0,-1.0,0.0,-1.0
340,1,13,1,32400,1,3.08641975308642e-05,31.0,-1.0,0.0
340,1,13,2,32400,0,0.0,-1.0,-1.0,-1.0
340,1,14,0,32400,3,9.259259259259259e-05,2.0,-1.0,0.0
340,1,14,1,32400,0,0.0,-1.0,0.0,-1.0
340,1,14,2,32400,0,0.0,-1.0,-1.0,-1.0
340,1,15,0,32400,1,3.08641975308642e-05,2.0,0.0,0.0
340,1,15,1,32400,0,0.0,-1.0,-1.0,-1.0
340,1,15,2,32400,0,0.0,-1.0,-1.0,-1.0
340,1,16,0,32400,0,0.0,-1.0,0.0,-1.0
340,1,16,1,32400,0,0.0,-1.0,-1.0,-1.0
340,1,16,2,32400,0,0.0,-1.0,-1.0,-1.0
340,1,17,0,32400,0,0.0,-1.0,-1.0,-1.0
340,1,17,1,32400,0,0.0,-1.0,-1.0,-1.0
340,1,17,2,32400,0,0.0,-1.0,-1.0,-1.0
340,1,18,0,32400,0,0.0,-1.0,-1.0,-1.0
340,1,18,1,32400,0,0.0,-1.0,-1.0,-1.0
340,1,18,2,32400,0,0.0,-1.0,-1.0,-1.0
340,1,19,0,32400,1,3.08641975308642e-05,1.0,-1.0,0.0
340,1,19,1,32400,0,0.0,-1.0,-1.0,-1.0
340,1,19,2,32400,0,0.0,-1.0,-1.0,-1.0
340,1,20,0,32400,0,0.0,-1.0,0.0,-1.0
340,1,20,1,32400,0,0.0,-1.0,-1.0,-1.0
340,1,20,2,32400,0,0.0,-1.0,-1.0,-1.0
340,1,21,0,32400,0,0.0,-1.0,-1.0,-1.0
340,1,21,1,32400,0,0.0,-1.0,-1.0,-1.0
340,1,21,2,32400,0,0.0,-1.0,-1.0,-1.0
340,1,22,0,32400,0,0.0,-1.0,-1.0,-1.0
340,1,22,1,32400,0,0.0,-1.0,-1.0,-1.0
340,1,22,2,32400,0,0.0,-1.0,-1.0,-1.0
340,1,23,0,32400,0,0.0,-1.0,-1.0,-1.0
340,1,23,1,32400,0,0.0,-1.0,-1.0,-1.0
340,1,23,2,32400,0,0.0,-1.0,-1.0,-1.0
340,1,24,0,32400,0,0.0,-1.0,-1.0,-1.0
340,1,24,1,32400,0,0.0,-1.0,-1.0,-1.0
340,1,24,2,32400,0,0.0,-1.0,-1.0,-1.0
340,1,25,0,32400,0,0.0,-1.0,-1.0,-1.0
340,1,25,1,32400,0,0.0,-1.0,-1.0,-1.0
340,1,25,2,32400,0,0.0,-1.0,-1.0,-1.0
340,1,26,0,32400,0,0.0,-1.0,-1.0,-1.0
340,1,26,1,32400,0,0.0,-1.0,-1.0,-1.0
340,1,26,2,32400,0,0.0,-1.0,-1.0,-1.0
340,1,27,0,32400,0,0.0,-1.0,-1.0,-1.0
340,1,27,1,32400,0,0.0,-1.0,-1.0,-1.0
340,1,27,2,32400,0,0.0,-1.0,-1.0,-1.0
340,1,28,0,32400,0,0.0,-1.0,-1.0,-1.0
340,1,28,1,32400,0,0.0,-1.0,-1.0,-1.0
340,1,28,2,32400,0,0.0,-1.0,-1.0,-1.0
340,1,29,0,32400,0,0.0,-1.0,-1.0,-1.0
340,1,29,1,32400,0,0.0,-1.0,-1.0,-1.0
340,1,29,2,32400,0,0.0,-1.0,-1.0,-1.0
340,1,30,0,32400,0,0.0,-1.0,-1.0,-1.0
340,1,30,1,32400,0,0.0,-1.0,-1.0,-1.0
340,1,30,2,32400,0,0.0,-1.0,-1.0,-1.0
340,1,31,0,32400,0,0.0,-1.0,-1.0,-1.0
340,1,31,1,32400,0,0.0,-1.0,-1.0,-1.0
340,1,31,2,32400,0,0.0,-1.0,-1.0,-1.0
340,1,32,0,32400,0,0.0,-1.0,-1.0,-1.0
340,1,32,1,32400,0,0.0,-1.0,-1.0,-1.0
340,1,32,2,32400,0,0.0,-1.0,-1.0,-1.0
340,1,33,0,32400,0,0.0,-1.0,-1.0,-1.0
340,1,33,1,32400,0,0.0,-1.0,-1.0,-1.0
340,1,33,2,32400,0,0.0,-1.0,-1.0,-1.0
340,1,34,0,32400,0,0.0,-1.0,-1.0,-1.0
340,1,34,1,32400,0,0.0,-1.0,-1.0,-1.0
340,1,34,2,32400,0,0.0,-1.0,-1.0,-1.0
340,1,35,0,32400,0,0.0,-1.0,-1.0,-1.0
340,1,35,1,32400,0,0.0,-1.0,-1.0,-1.0
340,1,35,2,32400,0,0.0,-1.0,-1.0,-1.0
340,2,1,0,32400,47,0.0014506172839506173,21.382978439331055,-1.0,0.48936170212765956
340,2,1,1,32400,20,0.0006172839506172839,18.200000762939453,-1.0,0.2
340,2,1,2,32400,5,0.00015432098765432098,69.19999694824219,-1.0,0.0
340,2,2,0,32400,25,0.0007716049382716049,18.440000534057617,0.3191489361702128,0.48
340,2,2,1,32400,6,0.00018518518518518518,13.5,0.1,0.0
340,2,2,2,32400,3,9.259259259259259e-05,1.6666667461395264,0.2,0.0
340,2,3,0,32400,23,0.0007098765432098765,16.69565200805664,0.56,0.43478260869565216
340,2,3,1,32400,4,0.0001234567901234568,2.5,0.0,0.0
340,2,3,2,32400,2,6.17283950617284e-05,1.5,0.0,0.0
340,2,4,0,32400,15,0.000462962962962963,18.866666793823242,0.34782608695652173,0.26666666666666666
340,2,4,1,32400,6,0.00018518518518518518,9.666666984558105,0.25,0.16666666666666666
340,2,4,2,32400,5,0.00015432098765432098,26.200000762939453,0.5,0.2
340,2,5,0,32400,10,0.00030864197530864197,12.300000190734863,0.26666666666666666,0.2
340,2,5,1,32400,2,6.17283950617284e-05,4.5,0.16666666666666666,0.0
340,2,5,2,32400,1,3.08641975308642e-05,1.0,0.2,0.0
340,2,6,0,32400,6,0.00018518518518518518,37.66667175292969,0.3,0.16666666666666666
340,2,6,1,32400,1,3.08641975308642e-05,1.0,0.0,0.0
340,2,6,2,32400,2,6.17283950617284e-05,13.499999046325684,0.0,0.0
340,2,7,0,32400,9,0.0002777777777777778,17.0,0.5,0.0
340,2,7,1,32400,1,3.08641975308642e-05,1.0,0.0,0.0
340,2,7,2,32400,1,3.08641975308642e-05,3.0,0.0,0.0
340,2,8,0,32400,6,0.00018518518518518518,16.5,0.3333333333333333,0.16666666666666666
340,2,8,1,32400,0,0.0,-1.0,0.0,-1.0
340,2,8,2,32400,1,3.08641975308642e-05,2.0,0.0,0.0
340,2,9,0,32400,5,0.00015432098765432098,15.600000381469727,0.3333333333333333,0.0
340,2,9,1,32400,0,0.0,-1.0,-1.0,-1.0
340,2,9,2,32400,0,0.0,-1.0,0.0,-1.0
340,2,10,0,32400,4,0.0001234567901234568,63.750003814697266,0.2,0.25
340,2,10,1,32400,0,0.0,-1.0,-1.0,-1.0
340,2,10,2,32400,0,0.0,-1.0,-1.0,-1.0
340,2,11,0,32400,3,9.259259259259259e-05,12.666666030883789,0.0,0.0
340,2,11,1,32400,0,0.0,-1.0,-1.0,-1.0
340,2,11,2,32400,1,3.08641975308642e-05,3.0,-1.0,0.0
340,2,12,0,32400,1,3.08641975308642e-05,19.0,0.3333333333333333,0.0
340,2,12,1,32400,1,3.08641975308642e-05,1.0,-1.0,0.0
340,2,12,2,32400,1,3.08641975308642e-05,422.00006103515625,0.0,0.0
340,2,13,0,32400,1,3.08641975308642e-05,3.0,1.0,0.0
340,2,13,1,32400,0,0.0,-1.0,0.0,-1.0
340,2,13,2,32400,0,0.0,-1.0,0.0,-1.0
340,2,14,0,32400,2,6.17283950617284e-05,11.000000953674316,1.0,0.0
340,2,14,1,32400,1,3.08641975308642e-05,1.0,-1.0,0.0
340,2,14,2,32400,1,3.08641975308642e-05,1.0,-1.0,0.0
340,2,15,0,32400,0,0.0,-1.0,0.0,-1.0
340,2,15,1,32400,0,0.0,-1.0,0.0,-1.0
340,2,15,2,32400,0,0.0,-1.0,0.0,-1.0
340,2,16,0,32400,1,3.08641975308642e-05,43.000003814697266,-1.0,0.0
340,2,16,1,32400,0,0.0,-1.0,-1.0,-1.0
340,2,16,2,32400,0,0.0,-1.0,-1.0,-1.0
340,2,17,0,32400,0,0.0,-1.0,0.0,-1.0
340,2,17,1,32400,0,0.0,-1.0,-1.0,-1.0
340,2,17,2,32400,1,3.08641975308642e-05,3.0,-1.0,0.0
340,2,18,0,32400,0,0.0,-1.0,-1.0,-1.0
340,2,18,1,32400,0,0.0,-1.0,-1.0,-1.0
340,2,18,2,32400,0,0.0,-1.0,0.0,-1.0
340,2,19,0,32400,0,0.0,-1.0,-1.0,-1.0
340,2,19,1,32400,0,0.0,-1.0,-1.0,-1.0
340,2,19,2,32400,0,0.0,-1.0,-1.0,-1.0
340,2,20,0,32400,2,6.17283950617284e-05,4.0,-1.0,0.0
340,2,20,1,32400,0,0.0,-1.0,-1.0,-1.0
340,2,20,2,32400,0,0.0,-1.0,-1.0,-1.0
340,2,21,0,32400,0,0.0,-1.0,0.0,-1.0
340,2,21,1,32400,0,0.0,-1.0,-1.0,-1.0
340,2,21,2,32400,0,0.0,-1.0,-1.0,-1.0
340,2,22,0,32400,0,0.0,-1.0,-1.0,-1.0
340,2,22,1,32400,0,0.0,-1.0,-1.0,-1.0
340,2,22,2,32400,0,0.0,-1.0,-1.0,-1.0
340,2,23,0,32400,0,0.0,-1.0,-1.0,-1.0
340,2,23,1,32400,0,0.0,-1.0,-1.0,-1.0
340,2,23,2,32400,0,0.0,-1.0,-1.0,-1.0
340,2,24,0,32400,0,0.0,-1.0,-1.0,-1.0
340,2,24,1,32400,0,0.0,-1.0,-1.0,-1.0
340,2,24,2,32400,0,0.0,-1.0,-1.0,-1.0
340,2,25,0,32400,0,0.0,-1.0,-1.0,-1.0
340,2,25,1,32400,0,0.0,-1.0,-1.0,-1.0
340,2,25,2,32400,0,0.0,-1.0,-1.0,-1.0
340,2,26,0,32400,1,3.08641975308642e-05,18.0,-1.0,0.0
340,2,26,1,32400,0,0.0,-1.0,-1.0,-1.0
340,2,26,2,32400,0,0.0,-1.0,-1.0,-1.0
340,2,27,0,32400,0,0.0,-1.0,0.0,-1.0
340,2,27,1,32400,0,0.0,-1.0,-1.0,-1.0
340,2,27,2,32400,0,0.0,-1.0,-1.0,-1.0
340,2,28,0,32400,0,0.0,-1.0,-1.0,-1.0
340,2,28,1,32400,0,0.0,-1.0,-1.0,-1.0
340,2,28,2,32400,0,0.0,-1.0,-1.0,-1.0
340,2,29,0,32400,0,0.0,-1.0,-1.0,-1.0
340,2,29,1,32400,0,0.0,-1.0,-1.0,-1.0
340,2,29,2,32400,0,0.0,-1.0,-1.0,-1.0
340,2,30,0,32400,0,0.0,-1.0,-1.0,-1.0
340,2,30,1,32400,0,0.0,-1.0,-1.0,-1.0
340,2,30,2,32400,0,0.0,-1.0,-1.0,-1.0
340,2,31,0,32400,0,0.0,-1.0,-1.0,-1.0
340,2,31,1,32400,0,0.0,-1.0,-1.0,-1.0
340,2,31,2,32400,0,0.0,-1.0,-1.0,-1.0
340,2,32,0,32400,0,0.0,-1.0,-1.0,-1.0
340,2,32,1,32400,0,0.0,-1.0,-1.0,-1.0
340,2,32,2,32400,0,0.0,-1.0,-1.0,-1.0
340,2,33,0,32400,0,0.0,-1.0,-1.0,-1.0
340,2,33,1,32400,0,0.0,-1.0,-1.0,-1.0
340,2,33,2,32400,0,0.0,-1.0,-1.0,-1.0
340,2,34,0,32400,0,0.0,-1.0,-1.0,-1.0
340,2,34,1,32400,0,0.0,-1.0,-1.0,-1.0
340,2,34,2,32400,0,0.0,-1.0,-1.0,-1.0
340,2,35,0,32400,0,0.0,-1.0,-1.0,-1.0
340,2,35,1,32400,0,0.0,-1.0,-1.0,-1.0
340,2,35,2,32400,0,0.0,-1.0,-1.0,-1.0
340,3,1,0,32400,40,0.0012345679012345679,25.850000381469727,-1.0,0.475
340,3,1,1,32400,6,0.00018518518518518518,2.1666667461395264,-1.0,0.3333333333333333
340,3,1,2,32400,10,0.00030864197530864197,79.9000015258789,-1.0,0.0
340,3,2,0,32400,24,0.0007407407407407407,12.25,0.375,0.4583333333333333
340,3,2,1,32400,6,0.00018518518518518518,20.500003814697266,0.3333333333333333,0.0
340,3,2,2,32400,4,0.0001234567901234568,39.250003814697266,0.1,0.0
340,3,3,0,32400,13,0.00040123456790123454,27.538461685180664,0.375,0.46153846153846156
340,3,3,1,32400,8,0.0002469135802469136,16.0,0.16666666666666666,0.125
340,3,3,2,32400,0,0.0,-1.0,0.0,-1.0
340,3,4,0,32400,11,0.00033950617283950616,13.545454978942871,0.3076923076923077,0.09090909090909091
340,3,4,1,32400,3,9.259259259259259e-05,17.666667938232422,0.125,0.0
340,3,4,2,32400,0,0.0,-1.0,-1.0,-1.0
340,3,5,0,32400,12,0.00037037037037037035,18.83333396911621,0.45454545454545453,0.25
340,3,5,1,32400,3,9.259259259259259e-05,2.3333334922790527,0.3333333333333333,0.0
340,3,5,2,32400,1,3.08641975308642e-05,7.0,-1.0,0.0
340,3,6,0,32400,9,0.0002777777777777778,12.666666984558105,0.16666666666666666,0.1111111111111111
340,3,6,1,32400,2,6.17283950617284e-05,2.5,0.3333333333333333,0.0
340,3,6,2,32400,0,0.0,-1.0,0.0,-1.0
340,3,7,0,32400,3,9.259259259259259e-05,3.0,0.1111111111111111,0.3333333333333333
340,3,7,1,32400,2,6.17283950617284e-05,13.5,0.0,0.0
340,3,7,2,32400,1,3.08641975308642e-05,1.0,-1.0,0.0
340,3,8,0,32400,3,9.259259259259259e-05,4.6666669845581055,0.0,0.0
340,3,8,1,32400,0,0.0,-1.0,0.0,-1.0
340,3,8,2,32400,1,3.08641975308642e-05,27.000001907348633,0.0,0.0
340,3,9,0,32400,5,0.00015432098765432098,4.0,0.0,0.0
340,3,9,1,32400,0,0.0,-1.0,-1.0,-1.0
340,3,9,2,32400,0,0.0,-1.0,0.0,-1.0
340,3,10,0,32400,2,6.17283950617284e-05,1.0,0.0,0.0
340,3,10,1,32400,2,6.17283950617284e-05,83.5,-1.0,0.0
340,3,10,2,32400,1,3.08641975308642e-05,1.0,-1.0,0.0
340,3,11,0,32400,0,0.0,-1.0,0.0,-1.0
340,3,11,1,32400,2,6.17283950617284e-05,23.5,0.0,0.0
340,3,11,2,32400,1,3.08641975308642e-05,11.999999046325684,0.0,0.0
340,3,12,0,32400,2,6.17283950617284e-05,4.5,-1.0,0.0
340,3,12,1,32400,0,0.0,-1.0,0.0,-1.0
340,3,12,2,32400,1,3.08641975308642e-05,2.0,0.0,0.0
340,3,13,0,32400,1,3.08641975308642e-05,5.999999523162842,0.0,0.0
340,3,13,1,32400,0,0.0,-1.0,-1.0,-1.0
340,3,13,2,32400,0,0.0,-1.0,0.0,-1.0
340,3,14,0,32400,0,0.0,-1.0,0.0,-1.0
340,3,14,1,32400,0,0.0,-1.0,-1.0,-1.0
340,3,14,2,32400,0,0.0,-1.0,-1.0,-1.0
340,3,15,0,32400,0,0.0,-1.0,-1.0,-1.0
340,3,15,1,32400,0,0.0,-1.0,-1.0,-1.0
340,3,15,2,32400,0,0.0,-1.0,-1.0,-1.0
340,3,16,0,32400,1,3.08641975308642e-05,1.0,-1.0,0.0
340,3,16,1,32400,0,0.0,-1.0,-1.0,-1.0
340,3,16,2,32400,0,0.0,-1.0,-1.0,-1.0
340,3,17,0,32400,1,3.08641975308642e-05,3.0,0.0,0.0
340,3,17,1,32400,0,0.0,-1.0,-1.0,-1.0
340,3,17,2,32400,0,0.0,-1.0,-1.0,-1.0
340,3,18,0,32400,0,0.0,-1.0,0.0,-1.0
340,3,18,1,32400,0,0.0,-1.0,-1.0,-1.0
340,3,18,2,32400,0,0.0,-1.0,-1.0,-1.0
340,3,19,0,32400,2,6.17283950617284e-05,1.0,-1.0,0.0
340,3,19,1,32400,0,0.0,-1.0,-1.0,-1.0
340,3,19,2,32400,0,0.0,-1.0,-1.0,-1.0
340,3,20,0,32400,0,0.0,-1.0,0.0,-1.0
340,3,20,1,32400,0,0.0,-1.0,-1.0,-1.0
340,3,20,2,32400,0,0.0,-1.0,-1.0,-1.0
340,3,21,0,32400,0,0.0,-1.0,-1.0,-1.0
340,3,21,1,32400,0,0.0,-1.0,-1.0,-1.0
340,3,21,2,32400,0,0.0,-1.0,-1.0,-1.0
340,3,22,0,32400,1,3.08641975308642e-05,5.0,-1.0,0.0
340,3,22,1,32400,0,0.0,-1.0,-1.0,-1.0
340,3,22,2,32400,0,0.0,-1.0,-1.0,-1.0
340,3,23,0,32400,0,0.0,-1.0,0.0,-1.0
340,3,23,1,32400,0,0.0,-1.0,-1.0,-1.0
340,3,23,2,32400,0,0.0,-1.0,-1.0,-1.0
340,3,24,0,32400,0,0.0,-1.0,-1.0,-1.0
340,3,24,1,32400,0,0.0,-1.0,-1.0,-1.0
340,3,24,2,32400,0,0.0,-1.0,-1.0,-1.0
340,3,25,0,32400,0,0.0,-1.0,-1.0,-1.0
340,3,25,1,32400,0,0.0,-1.0,-1.0,-1.0
340,3,25,2,32400,0,0.0,-1.0,-1.0,-1.0
340,3,26,0,32400,0,0.0,-1.0,-1.0,-1.0
340,3,26,1,32400,0,0.0,-1.0,-1.0,-1.0
340,3,26,2,32400,0,0.0,-1.0,-1.0,-1.0
340,3,27,0,32400,0,0.0,-1.0,-1.0,-1.0
340,3,27,1,32400,0,0.0,-1.0,-1.0,-1.0
340,3,27,2,32400,0,0.0,-1.0,-1.0,-1.0
340,3,28,0,32400,0,0.0,-1.0,-1.0,-1.0
340,3,28,1,32400,0,0.0,-1.0,-1.0,-1.0
340,3,28,2,32400,0,0.0,-1.0,-1.0,-1.0
340,3,29,0,32400,0,0.0,-1.0,-1.0,-1.0
340,3,29,1,32400,0,0.0,-1.0,-1.0,-1.0
340,3,29,2,32400,0,0.0,-1.0,-1.0,-1.0
340,3,30,0,32400,0,0.0,-1.0,-1.0,-1.0
340,3,30,1,32400,0,0.0,-1.0,-1.0,-1.0
340,3,30,2,32400,0,0.0,-1.0,-1.0,-1.0
340,3,31,0,32400,0,0.0,-1.0,-1.0,-1.0
340,3,31,1,32400,0,0.0,-1.0,-1.0,-1.0
340,3,31,2,32400,0,0.0,-1.0,-1.0,-1.0
340,3,32,0,32400,0,0.0,-1.0,-1.0,-1.0
340,3,32,1,32400,0,0.0,-1.0,-1.0,-1.0
340,3,32,2,32400,0,0.0,-1.0,-1.0,-1.0
340,3,33,0,32400,0,0.0,-1.0,-1.0,-1.0
340,3,33,1,32400,0,0.0,-1.0,-1.0,-1.0
340,3,33,2,32400,0,0.0,-1.0,-1.0,-1.0
340,3,34,0,32400,1,3.08641975308642e-05,1.0,-1.0,0.0
340,3,34,1,32400,0,0.0,-1.0,-1.0,-1.0
340,3,34,2,32400,0,0.0,-1.0,-1.0,-1.0
340,3,35,0,32400,0,0.0,-1.0,0.0,-1.0
340,3,35,1,32400,0,0.0,-1.0,-1.0,-1.0
340,3,35,2,32400,0,0.0,-1.0,-1.0,-1.0
341,0,1,0,32400,50,0.0015432098765432098,19.35999870300293,-1.0,0.52
341,0,1,1,32400,11,0.00033950617283950616,13.636363983154297,-1.0,0.09090909090909091
341,0,1,2,32400,6,0.00018518518518518518,16.666667938232422,-1.0,0.0
341,0,2,0,32400,28,0.0008641975308641976,10.5,0.42,0.35714285714285715
341,0,2,1,32400,8,0.0002469135802469136,7.375,0.2727272727272727,0.25
341,0,2,2,32400,3,9.259259259259259e-05,58.333335876464844,0.16666666666666666,0.0
341,0,3,0,32400,16,0.0004938271604938272,5.5,0.39285714285714285,0.125
341,0,3,1,32400,5,0.00015432098765432098,8.200000762939453,0.25,0.2
341,0,3,2,32400,3,9.259259259259259e-05,19.0,0.0,0.0
341,0,4,0,32400,9,0.0002777777777777778,6.555555820465088,0.3125,0.0
341,0,4,1,32400,2,6.17283950617284e-05,3.5,0.2,0.0
341,0,4,2,32400,5,0.00015432098765432098,24.600004196166992,0.3333333333333333,0.0
341,0,5,0,32400,7,0.0002160493827160494,16.714284896850586,0.2222222222222222,0.2857142857142857
341,0,5,1,32400,1,3.08641975308642e-05,1.0,0.0,0.0
341,0,5,2,32400,4,0.0001234567901234568,10.75,0.4,0.25
341,0,6,0,32400,7,0.0002160493827160494,52.28572463989258,0.2857142857142857,0.14285714285714285
341,0,6,1,32400,4,0.0001234567901234568,1.0,1.0,1.0
341,0,6,2,32400,2,6.17283950617284e-05,16.500001907348633,0.25,0.0
341,0,7,0,32400,5,0.00015432098765432098,26.399993896484375,0.42857142857142855,0.0
341,0,7,1,32400,3,9.259259259259259e-05,11.333334922790527,0.5,0.0
341,0,7,2,32400,0,0.0,-1.0,0.0,-1.0
341,0,8,0,32400,6,0.00018518518518518518,20.666667938232422,0.6,0.16666666666666666
341,0,8,1,32400,1,3.08641975308642e-05,5.999999523162842,0.3333333333333333,0.0
341,0,8,2,32400,0,0.0,-1.0,-1.0,-1.0
341,0,9,0,32400,3,9.259259259259259e-05,18.666667938232422,0.3333333333333333,0.3333333333333333
341,0,9,1,32400,1,3.08641975308642e-05,4.0,0.0,0.0
341,0,9,2,32400,1,3.08641975308642e-05,4.0,-1.0,0.0
341,0,10,0,32400,4,0.0001234567901234568,14.0,0.3333333333333333,0.0
341,0,10,1,32400,1,3.08641975308642e-05,23.0,0.0,0.0
341,0,10,2,32400,0,0.0,-1.0,0.0,-1.0
341,0,11,0,32400,2,6.17283950617284e-05,57.99999237060547,0.25,0.0
341,0,11,1,32400,1,3.08641975308642e-05,20.000001907348633,0.0,0.0
341,0,11,2,32400,1,3.08641975308642e-05,1.0,-1.0,0.0
341,0,12,0,32400,2,6.17283950617284e-05,1.5,0.0,0.0
341,0,12,1,32400,1,3.08641975308642e-05,1.0,0.0,0.0
341,0,12,2,32400,0,0.0,-1.0,0.0,-1.0
341,0,13,0,32400,2,6.17283950617284e-05,6.0,0.0,0.0
341,0,13,1,32400,0,0.0,-1.0,0.0,-1.0
341,0,13,2,32400,0,0.0,-1.0,-1.0,-1.0
341,0,14,0,32400,3,9.259259259259259e-05,3.3333334922790527,0.0,0.3333333333333333
341,0,14,1,32400,1,3.08641975308642e-05,53.000003814697266,-1.0,0.0
341,0,14,2,32400,0,0.0,-1.0,-1.0,-1.0
341,0,15,0,32400,1,3.08641975308642e-05,1.0,0.0,0.0
341,0,15,1,32400,0,0.0,-1.0,0.0,-1.0
341,0,15,2,32400,0,0.0,-1.0,-1.0,-1.0
341,0,16,0,32400,0,0.0,-1.0,0.0,-1.0
341,0,16,1,32400,1,3.08641975308642e-05,9.0,-1.0,0.0
341,0,16,2,32400,0,0.0,-1.0,-1.0,-1.0
341,0,17,0,32400,4,0.0001234567901234568,10.750000953674316,-1.0,0.25
341,0,17,1,32400,0,0.0,-1.0,0.0,-1.0
341,0,17,2,32400,0,0.0,-1.0,-1.0,-1.0
341,0,18,0,32400,0,0.0,-1.0,0.0,-1.0
341,0,18,1,32400,0,0.0,-1.0,-1.0,-1.0
341,0,18,2,32400,0,0.0,-1.0,-1.0,-1.0
341,0,19,0,32400,1,3.08641975308642e-05,2.0,-1.0,0.0
341,0,19,1,32400,0,0.0,-1.0,-1.0,-1.0
341,0,19,2,32400,0,0.0,-1.0,-1.0,-1.0
341,0,20,0,32400,1,3.08641975308642e-05,8.0,1.0,0.0
341,0,20,1,32400,0,0.0,-1.0,-1.0,-1.0
341,0,20,2,32400,0,0.0,-1.0,-1.0,-1.0
341,0,21,0,32400,1,3.08641975308642e-05,99.00000762939453,1.0,0.0
341,0,21,1,32400,0,0.0,-1.0,-1.0,-1.0
341,0,21,2,32400,0,0.0,-1.0,-1.0,-1.0
341,0,22,0,32400,1,3.08641975308642e-05,1.0,1.0,0.0
341,0,22,1,32400,0,0.0,-1.0,-1.0,-1.0
341,0,22,2,32400,0,0.0,-1.0,-1.0,-1.0
341,0,23,0,32400,1,3.08641975308642e-05,31.0,1.0,0.0
341,0,23,1,32400,0,0.0,-1.0,-1.0,-1.0
341,0,23,2,32400,0,0.0,-1.0,-1.0,-1.0
341,0,24,0,32400,1,3.08641975308642e-05,5.999999523162842,1.0,0.0
341,0,24,1,32400,0,0.0,-1.0,-1.0,-1.0
341,0,24,2,32400,0,0.0,-1.0,-1.0,-1.0
341,0,25,0,32400,0,0.0,-1.0,0.0,-1.0
341,0,25,1,32400,0,0.0,-1.0,-1.0,-1.0
341,0,25,2,32400,0,0.0,-1.0,-1.0,-1.0
341,0,26,0,32400,0,0.0,-1.0,-1.0,-1.0
341,0,26,1,32400,0,0.0,-1.0,-1.0,-1.0
341,0,26,2,32400,0,0.0,-1.0,-1.0,-1.0
341,0,27,0,32400,0,0.0,-1.0,-1.0,-1.0
341,0,27,1,32400,0,0.0,-1.0,-1.0,-1.0
341,0,27,2,32400,0,0.0,-1.0,-1.0,-1.0
341,0,28,0,32400,0,0.0,-1.0,-1.0,-1.0
341,0,28,1,32400,0,0.0,-1.0,-1.0,-1.0
341,0,28,2,32400,0,0.0,-1.0,-1.0,-1.0
341,0,29,0,32400,1,3.08641975308642e-05,22.0,-1.0,0.0
341,0,29,1,32400,0,0.0,-1.0,-1.0,-1.0
341,0,29,2,32400,0,0.0,-1.0,-1.0,-1.0
341,0,30,0,32400,0,0.0,-1.0,0.0,-1.0
341,0,30,1,32400,0,0.0,-1.0,-1.0,-1.0
341,0,30,2,32400,0,0.0,-1.0,-1.0,-1.0
341,0,31,0,32400,0,0.0,-1.0,-1.0,-1.0
341,0,31,1,32400,0,0.0,-1.0,-1.0,-1.0
341,0,31,2,32400,0,0.0,-1.0,-1.0,-1.0
341,0,32,0,32400,0,0.0,-1.0,-1.0,-1.0
341,0,32,1,32400,1,3.08641975308642e-05,5.0,-1.0,0.0
341,0,32,2,32400,0,0.0,-1.0,-1.0,-1.0
341,0,33,0,32400,0,0.0,-1.0,-1.0,-1.0
341,0,33,1,32400,1,3.08641975308642e-05,31.0,1.0,0.0
341,0,33,2,32400,0,0.0,-1.0,-1.0,-1.0
341,0,34,0,32400,0,0.0,-1.0,-1.0,-1.0
341,0,34,1,32400,0,0.0,-1.0,0.0,-1.0
341,0,34,2,32400,0,0.0,-1.0,-1.0,-1.0
341,0,35,0,32400,0,0.0,-1.0,-1.0,-1.0
341,0,35,1,32400,0,0.0,-1.0,-1.0,-1.0
341,0,35,2,32400,0,0.0,-1.0,-1.0,-1.0
341,1,1,0,32400,37,0.0011419753086419754,17.837839126586914,-1.0,0.24324324324324326
341,1,1,1,32400,6,0.00018518518518518518,22.5,-1.0,0.16666666666666666
341,1,1,2,32400,11,0.00033950617283950616,20.909093856811523,-1.0,0.0
341,1,2,0,32400,25,0.0007716049382716049,17.360000610351562,0.2702702702702703,0.2
341,1,2,1,32400,2,6.17283950617284e-05,24.5,0.3333333333333333,0.0
341,1,2,2,32400,3,9.259259259259259e-05,68.66667175292969,0.0,0.0
341,1,3,0,32400,17,0.0005246913580246914,21.117647171020508,0.36,0.23529411764705882
341,1,3,1,32400,3,9.259259259259259e-05,32.333335876464844,1.0,0.0
341,1,3,2,32400,3,9.259259259259259e-05,11.333333969116211,0.3333333333333333,0.0
341,1,4,0,32400,10,0.00030864197530864197,13.800000190734863,0.23529411764705882,0.0
341,1,4,1,32400,2,6.17283950617284e-05,9.0,0.6666666666666666,0.0
341,1,4,2,32400,1,3.08641975308642e-05,4.0,0.0,0.0
341,1,5,0,32400,9,0.0002777777777777778,6.44444465637207,0.3,0.0
341,1,5,1,32400,0,0.0,-1.0,0.0,-1.0
341,1,5,2,32400,3,9.259259259259259e-05,45.0000114440918,0.0,0.0
341,1,6,0,32400,11,0.00033950617283950616,9.090909004211426,0.4444444444444444,0.0
341,1,6,1,32400,1,3.08641975308642e-05,173.99996948242188,-1.0,0.0
341,1,6,2,32400,1,3.08641975308642e-05,2.0,0.3333333333333333,0.0
341,1,7,0,32400,8,0.0002469135802469136,8.625,0.2727272727272727,0.125
341,1,7,1,32400,1,3.08641975308642e-05,1.0,0.0,0.0
341,1,7,2,32400,1,3.08641975308642e-05,21.000001907348633,1.0,0.0
341,1,8,0,32400,3,9.259259259259259e-05,13.333333969116211,0.125,0.0
341,1,8,1,32400,0,0.0,-1.0,0.0,-1.0
341,1,8,2,32400,1,3.08641975308642e-05,47.99999237060547,1.0,0.0
341,1,9,0,32400,3,9.259259259259259e-05,2.3333334922790527,0.0,0.0
341,1,9,1,32400,0,0.0,-1.0,-1.0,-1.0
341,1,9,2,32400,0,0.0,-1.0,0.0,-1.0
341,1,10,0,32400,6,0.00018518518518518518,44.16666793823242,0.3333333333333333,0.3333333333333333
341,1,10,1,32400,1,3.08641975308642e-05,22.0,-1.0,0.0
341,1,10,2,32400,0,0.0,-1.0,-1.0,-1.0
341,1,11,0,32400,2,6.17283950617284e-05,1.0,0.16666666666666666,0.0
341,1,11,1,32400,0,0.0,-1.0,0.0,-1.0
341,1,11,2,32400,0,0.0,-1.0,-1.0,-1.0
341,1,12,0,32400,2,6.17283950617284e-05,1.5,0.5,0.0
341,1,12,1,32400,0,0.0,-1.0,-1.0,-1.0
341,1,12,2,32400,0,0.0,-1.0,-1.0,-1.0
341,1,13,0,32400,3,9.259259259259259e-05,6.333333492279053,0.5,0.0
341,1,13,1,32400,0,0.0,-1.0,-1.0,-1.0
341,1,13,2,32400,0,0.0,-1.0,-1.0,-1.0
341,1,14,0,32400,0,0.0,-1.0,0.0,-1.0
341,1,14,1,32400,0,0.0,-1.0,-1.0,-1.0
341,1,14,2,32400,0,0.0,-1.0,-1.0,-1.0
341,1,15,0,32400,0,0.0,-1.0,-1.0,-1.0
341,1,15,1,32400,2,6.17283950617284e-05,5.500000476837158,-1.0,0.0
341,1,15,2,32400,0,0.0,-1.0,-1.0,-1.0
341,1,16,0,32400,1,3.08641975308642e-05,1.0,-1.0,0.0
341,1,16,1,32400,1,3.08641975308642e-05,1.0,0.5,0.0
341,1,16,2,32400,0,0.0,-1.0,-1.0,-1.0
341,1,17,0,32400,0,0.0,-1.0,0.0,-1.0
341,1,17,1,32400,1,3.08641975308642e-05,1.0,0.0,0.0
341,1,17,2,32400,1,3.08641975308642e-05,3.0,-1.0,0.0
341,1,18,0,32400,0,0.0,-1.0,-1.0,-1.0
341,1,18,1,32400,0,0.0,-1.0,0.0,-1.0
341,1,18,2,32400,0,0.0,-1.0,0.0,-1.0
341,1,19,0,32400,1,3.08641975308642e-05,1.0,-1.0,0.0
341,1,19,1,32400,0,0.0,-1.0,-1.0,-1.0
341,1,19,2,32400,0,0.0,-1.0,-1.0,-1.0
341,1,20,0,32400,2,6.17283950617284e-05,21.000001907348633,0.0,0.0
341,1,20,1,32400,0,0.0,-1.0,-1.0,-1.0
341,1,20,2,32400,0,0.0,-1.0,-1.0,-1.0
341,1,21,0,32400,0,0.0,-1.0,0.0,-1.0
341,1,21,1,32400,0,0.0,-1.0,-1.0,-1.0
341,1,21,2,32400,0,0.0,-1.0,-1.0,-1.0
341,1,22,0,32400,0,0.0,-1.0,-1.0,-1.0
341,1,22,1,32400,0,0.0,-1.0,-1.0,-1.0
341,1,22,2,32400,0,0.0,-1.0,-1.0,-1.0
341,1,23,0,32400,0,0.0,-1.0,-1.0,-1.0
341,1,23,1,32400,0,0.0,-1.0,-1.0,-1.0
341,1,23,2,32400,0,0.0,-1.0,-1.0,-1.0
341,1,24,0,32400,0,0.0,-1.0,-1.0,-1.0
341,1,24,1,32400,0,0.0,-1.0,-1.0,-1.0
341,1,24,2,32400,0,0.0,-1.0,-1.0,-1.0
341,1,25,0,32400,0,0.0,-1.0,-1.0,-1.0
341,1,25,1,32400,0,0.0,-1.0,-1.0,-1.0
341,1,25,2,32400,0,0.0,-1.0,-1.0,-1.0
341,1,26,0,32400,0,0.0,-1.0,-1.0,-1.0
341,1,26,1,32400,0,0.0,-1.0,-1.0,-1.0
341,1,26,2,32400,0,0.0,-1.0,-1.0,-1.0
341,1,27,0,32400,0,0.0,-1.0,-1.0,-1.0
341,1,27,1,32400,0,0.0,-1.0,-1.0,-1.0
341,1,27,2,32400,0,0.0,-1.0,-1.0,-1.0
341,1,28,0,32400,1,3.08641975308642e-05,5.0,-1.0,0.0
341,1,28,1,32400,0,0.0,-1.0,-1.0,-1.0
341,1,28,2,32400,0,0.0,-1.0,-1.0,-1.0
341,1,29,0,32400,0,0.0,-1.0,0.0,-1.0
341,1,29,1,32400,0,0.0,-1.0,-1.0,-1.0
341,1,29,2,32400,0,0.0,-1.0,-1.0,-1.0
341,1,30,0,32400,0,0.0,-1.0,-1.0,-1.0
341,1,30,1,32400,0,0.0,-1.0,-1.0,-1.0
341,1,30,2,32400,0,0.0,-1.0,-1.0,-1.0
341,1,31,0,32400,0,0.0,-1.0,-1.0,-1.0
341,1,31,1,32400,1,3.08641975308642e-05,40.0,-1.0,0.0
341,1,31,2,32400,0,0.0,-1.0,-1.0,-1.0
341,1,32,0,32400,0,0.0,-1.0,-1.0,-1.0
341,1,32,1,32400,0,0.0,-1.0,0.0,-1.0
341,1,32,2,32400,0,0.0,-1.0,-1.0,-1.0
341,1,33,0,32400,0,0.0,-1.0,-1.0,-1.0
341,1,33,1,32400,0,0.0,-1.0,-1.0,-1.0
341,1,33,2,32400,0,0.0,-1.0,-1.0,-1.0
341,1,34,0,32400,0,0.0,-1.0,-1.0,-1.0
341,1,34,1,32400,1,3.08641975308642e-05,79.0,-1.0,0.0
341,1,34,2,32400,0,0.0,-1.0,-1.0,-1.0
341,1,35,0,32400,0,0.0,-1.0,-1.0,-1.0
341,1,35,1,32400,0,0.0,-1.0,0.0,-1.0
341,1,35,2,32400,0,0.0,-1.0,-1.0,-1.0
341,2,1,0,32400,52,0.0016049382716049382,16.01923179626465,-1.0,0.34615384615384615
341,2,1,1,32400,7,0.0002160493827160494,70.14286041259766,-1.0,0.14285714285714285
341,2,1,2,32400,11,0.00033950617283950616,9.636363983154297,-1.0,0.09090909090909091
341,2,2,0,32400,25,0.0007716049382716049,16.399999618530273,0.23076923076923078,0.2
341,2,2,1,32400,10,0.00030864197530864197,21.999998092651367,0.2857142857142857,0.2
341,2,2,2,32400,4,0.0001234567901234568,17.249998092651367,0.09090909090909091,0.0
341,2,3,0,32400,17,0.0005246913580246914,13.588234901428223,0.16,0.23529411764705882
341,2,3,1,32400,5,0.00015432098765432098,32.00000762939453,0.1,0.0
341,2,3,2,32400,2,6.17283950617284e-05,15.000000953674316,0.25,0.0
341,2,4,0,32400,15,0.000462962962962963,15.60000228881836,0.29411764705882354,0.2
341,2,4,1,32400,5,0.00015432098765432098,23.399999618530273,0.2,0.2
341,2,4,2,32400,1,3.08641975308642e-05,5.0,0.0,0.0
341,2,5,0,32400,5,0.00015432098765432098,4.400000095367432,0.13333333333333333,0.2
341,2,5,1,32400,0,0.0,-1.0,0.0,-1.0
341,2,5,2,32400,1,3.08641975308642e-05,1.0,0.0,0.0
341,2,6,0,32400,4,0.0001234567901234568,8.25,0.0,0.0
341,2,6,1,32400,0,0.0,-1.0,-1.0,-1.0
341,2,6,2,32400,3,9.259259259259259e-05,11.0,0.0,0.0
341,2,7,0,32400,3,9.259259259259259e-05,12.0,0.0,0.0
341,2,7,1,32400,2,6.17283950617284e-05,12.5,-1.0,0.0
341,2,7,2,32400,0,0.0,-1.0,0.0,-1.0
341,2,8,0,32400,4,0.0001234567901234568,15.25,0.3333333333333333,0.0
341,2,8,1,32400,2,6.17283950617284e-05,10.5,0.5,0.0
341,2,8,2,32400,0,0.0,-1.0,-1.0,-1.0
341,2,9,0,32400,5,0.00015432098765432098,2.200000047683716,0.25,0.0
341,2,9,1,32400,1,3.08641975308642e-05,35.999996185302734,0.0,0.0
341,2,9,2,32400,3,9.259259259259259e-05,4.0,-1.0,0.0
341,2,10,0,32400,3,9.259259259259259e-05,3.6666667461395264,0.2,0.0
341,2,10,1,32400,0,0.0,-1.0,0.0,-1.0
341,2,10,2,32400,0,0.0,-1.0,0.0,-1.0
341,2,11,0,32400,2,6.17283950617284e-05,1.5,0.3333333333333333,0.0
341,2,11,1,32400,1,3.08641975308642e-05,2.0,-1.0,0.0
341,2,11,2,32400,0,0.0,-1.0,-1.0,-1.0
341,2,12,0,32400,2,6.17283950617284e-05,3.999999761581421,0.0,0.0
341,2,12,1,32400,1,3.08641975308642e-05,10.000000953674316,0.0,0.0
341,2,12,2,32400,0,0.0,-1.0,-1.0,-1.0
341,2,13,0,32400,1,3.08641975308642e-05,1.0,0.0,0.0
341,2,13,1,32400,0,0.0,-1.0,0.0,-1.0
341,2,13,2,32400,0,0.0,-1.0,-1.0,-1.0
341,2,14,0,32400,0,0.0,-1.0,0.0,-1.0
341,2,14,1,32400,0,0.0,-1.0,-1.0,-1.0
341,2,14,2,32400,0,0.0,-1.0,-1.0,-1.0
341,2,15,0,32400,0,0.0,-1.0,-1.0,-1.0
341,2,15,1,32400,0,0.0,-1.0,-1.0,-1.0
341,2,15,2,32400,0,0.0,-1.0,-1.0,-1.0
341,2,16,0,32400,0,0.0,-1.0,-1.0,-1.0
341,2,16,1,32400,1,3.08641975308642e-05,1.0,-1.0,0.0
341,2,16,2,32400,0,0.0,-1.0,-1.0,-1.0
341,2,17,0,32400,0,0.0,-1.0,-1.0,-1.0
341,2,17,1,32400,0,0.0,-1.0,0.0,-1.0
341,2,17,2,32400,0,0.0,-1.0,-1.0,-1.0
341,2,18,0,32400,0,0.0,-1.0,-1.0,-1.0
341,2,18,1,32400,0,0.0,-1.0,-1.0,-1.0
341,2,18,2,32400,0,0.0,-1.0,-1.0,-1.0
341,2,19,0,32400,0,0.0,-1.0,-1.0,-1.0
341,2,19,1,32400,1,3.08641975308642e-05,1.0,-1.0,0.0
341,2,19,2,32400,0,0.0,-1.0,-1.0,-1.0
341,2,20,0,32400,0,0.0,-1.0,-1.0,-1.0
341,2,20,1,32400,0,0.0,-1.0,0.0,-1.0
341,2,20,2,32400,0,0.0,-1.0,-1.0,-1.0
341,2,21,0,32400,0,0.0,-1.0,-1.0,-1.0
341,2,21,1,32400,0,0.0,-1.0,-1.0,-1.0
341,2,21,2,32400,0,0.0,-1.0,-1.0,-1.0
341,2,22,0,32400,0,0.0,-1.0,-1.0,-1.0
341,2,22,1,32400,0,0.0,-1.0,-1.0,-1.0
341,2,22,2,32400,0,0.0,-1.0,-1.0,-1.0
341,2,23,0,32400,0,0.0,-1.0,-1.0,-1.0
341,2,23,1,32400,0,0.0,-1.0,-1.0,-1.0
341,2,23,2,32400,0,0.0,-1.0,-1.0,-1.0
341,2,24,0,32400,0,0.0,-1.0,-1.0,-1.0
341,2,24,1,32400,0,0.0,-1.0,-1.0,-1.0
341,2,24,2,32400,0,0.0,-1.0,-1.0,-1.0
341,2,25,0,32400,0,0.0,-1.0,-1.0,-1.0
341,2,25,1,32400,0,0.0,-1.0,-1.0,-1.0
341,2,25,2,32400,0,0.0,-1.0,-1.0,-1.0
341,2,26,0,32400,0,0.0,-1.0,-1.0,-1.0
341,2,26,1,32400,0,0.0,-1.0,-1.0,-1.0
341,2,26,2,32400,0,0.0,-1.0,-1.0,-1.0
341,2,27,0,32400,0,0.0,-1.0,-1.0,-1.0
341,2,27,1,32400,0,0.0,-1.0,-1.0,-1.0
341,2,27,2,32400,0,0.0,-1.0,-1.0,-1.0
341,2,28,0,32400,0,0.0,-1.0,-1.0,-1.0
341,2,28,1,32400,0,0.0,-1.0,-1.0,-1.0
341,2,28,2,32400,0,0.0,-1.0,-1.0,-1.0
341,2,29,0,32400,0,0.0,-1.0,-1.0,-1.0
341,2,29,1,32400,0,0.0,-1.0,-1.0,-1.0
341,2,29,2,32400,0,0.0,-1.0,-1.0,-1.0
341,2,30,0,32400,0,0.0,-1.0,-1.0,-1.0
341,2,30,1,32400,0,0.0,-1.0,-1.0,-1.0
341,2,30,2,32400,0,0.0,-1.0,-1.0,-1.0
341,2,31,0,32400,0,0.0,-1.0,-1.0,-1.0
341,2,31,1,32400,0,0.0,-1.0,-1.0,-1.0
341,2,31,2,32400,0,0.0,-1.0,-1.0,-1.0
341,2,32,0,32400,0,0.0,-1.0,-1.0,-1.0
341,2,32,1,32400,1,3.08641975308642e-05,1.0,-1.0,0.0
341,2,32,2,32400,0,0.0,-1.0,-1.0,-1.0
341,2,33,0,32400,1,3.08641975308642e-05,1.0,-1.0,0.0
341,2,33,1,32400,0,0.0,-1.0,0.0,-1.0
341,2,33,2,32400,0,0.0,-1.0,-1.0,-1.0
341,2,34,0,32400,0,0.0,-1.0,0.0,-1.0
341,2,34,1,32400,0,0.0,-1.0,-1.0,-1.0
341,2,34,2,32400,0,0.0,-1.0,-1.0,-1.0
341,2,35,0,32400,0,0.0,-1.0,-1.0,-1.0
341,2,35,1,32400,0,0.0,-1.0,-1.0,-1.0
341,2,35,2,32400,0,0.0,-1.0,-1.0,-1.0
341,3,1,0,32400,37,0.0011419753086419754,36.70270538330078,-1.0,0.2972972972972973
341,3,1,1,32400,15,0.000462962962962963,21.533334732055664,-1.0,0.13333333333333333
341,3,1,2,32400,10,0.00030864197530864197,13.199999809265137,-1.0,0.3
341,3,2,0,32400,27,0.0008333333333333334,30.592592239379883,0.3783783783783784,0.2962962962962963
341,3,2,1,32400,4,0.0001234567901234568,20.000003814697266,0.13333333333333333,0.5
341,3,2,2,32400,4,0.0001234567901234568,85.24999237060547,0.1,0.0
341,3,3,0,32400,18,0.0005555555555555556,8.0,0.2222222222222222,0.16666666666666666
341,3,3,1,32400,2,6.17283950617284e-05,3.0,0.25,0.5
341,3,3,2,32400,4,0.0001234567901234568,19.75,0.0,0.0
341,3,4,0,32400,9,0.0002777777777777778,8.44444465637207,0.16666666666666666,0.0
341,3,4,1,32400,6,0.00018518518518518518,5.1666669845581055,0.5,0.3333333333333333
341,3,4,2,32400,5,0.00015432098765432098,16.19999885559082,0.25,0.0
341,3,5,0,32400,5,0.00015432098765432098,5.200000286102295,0.0,0.0
341,3,5,1,32400,2,6.17283950617284e-05,8.5,0.16666666666666666,0.0
341,3,5,2,32400,2,6.17283950617284e-05,11.000000953674316,0.4,0.0
341,3,6,0,32400,5,0.00015432098765432098,16.999998092651367,0.2,0.0
341,3,6,1,32400,4,0.0001234567901234568,2.25,0.0,0.0
341,3,6,2,32400,1,3.08641975308642e-05,2.0,0.5,0.0
341,3,7,0,32400,6,0.00018518518518518518,11.5,0.4,0.0
341,3,7,1,32400,2,6.17283950617284e-05,46.0,0.0,0.5
341,3,7,2,32400,1,3.08641975308642e-05,1.0,0.0,0.0
341,3,8,0,32400,4,0.0001234567901234568,2.25,0.0,0.0
341,3,8,1,32400,1,3.08641975308642e-05,5.999999523162842,0.0,0.0
341,3,8,2,32400,1,3.08641975308642e-05,27.999998092651367,0.0,0.0
341,3,9,0,32400,1,3.08641975308642e-05,1.0,0.0,0.0
341,3,9,1,32400,0,0.0,-1.0,0.0,-1.0
341,3,9,2,32400,1,3.08641975308642e-05,8.0,0.0,0.0
341,3,10,0,32400,2,6.17283950617284e-05,2.0,1.0,0.0
341,3,10,1,32400,1,3.08641975308642e-05,1.0,-1.0,0.0
341,3,10,2,32400,0,0.0,-1.0,0.0,-1.0
341,3,11,0,32400,2,6.17283950617284e-05,1.0,0.0,0.0
341,3,11,1,32400,0,0.0,-1.0,0.0,-1.0
341,3,11,2,32400,1,3.08641975308642e-05,8.0,-1.0,0.0
341,3,12,0,32400,0,0.0,-1.0,0.0,-1.0
341,3,12,1,32400,0,0.0,-1.0,-1.0,-1.0
341,3,12,2,32400,0,0.0,-1.0,0.0,-1.0
341,3,13,0,32400,0,0.0,-1.0,-1.0,-1.0
341,3,13,1,32400,0,0.0,-1.0,-1.0,-1.0
341,3,13,2,32400,0,0.0,-1.0,-1.0,-1.0
341,3,14,0,32400,3,9.259259259259259e-05,4.000000476837158,-1.0,0.0
341,3,14,1,32400,0,0.0,-1.0,-1.0,-1.0
341,3,14,2,32400,0,0.0,-1.0,-1.0,-1.0
341,3,15,0,32400,0,0.0,-1.0,0.0,-1.0
341,3,15,1,32400,0,0.0,-1.0,-1.0,-1.0
341,3,15,2,32400,0,0.0,-1.0,-1.0,-1.0
341,3,16,0,32400,1,3.08641975308642e-05,2.0,-1.0,0.0
341,3,16,1,32400,0,0.0,-1.0,-1.0,-1.0
341,3,16,2,32400,0,0.0,-1.0,-1.0,-1.0
341,3,17,0,32400,0,0.0,-1.0,0.0,-1.0
341,3,17,1,32400,0,0.0,-1.0,-1.0,-1.0
341,3,17,2,32400,0,0.0,-1.0,-1.0,-1.0
341,3,18,0,32400,0,0.0,-1.0,-1.0,-1.0
341,3,18,1,32400,1,3.08641975308642e-05,2.0,-1.0,0.0
341,3,18,2,32400,0,0.0,-1.0,-1.0,-1.0
341,3,19,0,32400,0,0.0,-1.0,-1.0,-1.0
341,3,19,1,32400,0,0.0,-1.0,0.0,-1.0
341,3,19,2,32400,0,0.0,-1.0,-1.0,-1.0
341,3,20,0,32400,0,0.0,-1.0,-1.0,-1.0
341,3,20,1,32400,1,3.08641975308642e-05,1.0,-1.0,0.0
341,3,20,2,32400,1,3.08641975308642e-05,8.0,-1.0,0.0
341,3,21,0,32400,0,0.0,-1.0,-1.0,-1.0
341,3,21,1,32400,0,0.0,-1.0,0.0,-1.0
341,3,21,2,32400,0,0.0,-1.0,0.0,-1.0
341,3,22,0,32400,0,0.0,-1.0,-1.0,-1.0
341,3,22,1,32400,0,0.0,-1.0,-1.0,-1.0
341,3,22,2,32400,0,0.0,-1.0,-1.0,-1.0
341,3,23,0,32400,1,3.08641975308642e-05,2.0,-1.0,0.0
341,3,23,1,32400,0,0.0,-1.0,-1.0,-1.0
341,3,23,2,32400,0,0.0,-1.0,-1.0,-1.0
341,3,24,0,32400,0,0.0,-1.0,0.0,-1.0
341,3,24,1,32400,0,0.0,-1.0,-1.0,-1.0
341,3,24,2,32400,0,0.0,-1.0,-1.0,-1.0
341,3,25,0,32400,0,0.0,-1.0,-1.0,-1.0
341,3,25,1,32400,0,0.0,-1.0,-1.0,-1.0
341,3,25,2,32400,0,0.0,-1.0,-1.0,-1.0
341,3,26,0,32400,0,0.0,-1.0,-1.0,-1.0
341,3,26,1,32400,0,0.0,-1.0,-1.0,-1.0
341,3,26,2,32400,0,0.0,-1.0,-1.0,-1.0
341,3,27,0,32400,0,0.0,-1.0,-1.0,-1.0
341,3,27,1,32400,0,0.0,-1.0,-1.0,-1.0
341,3,27,2,32400,0,0.0,-1.0,-1.0,-1.0
341,3,28,0,32400,1,3.08641975308642e-05,39.0,-1.0,0.0
341,3,28,1,32400,0,0.0,-1.0,-1.0,-1.0
341,3,28,2,32400,0,0.0,-1.0,-1.0,-1.0
341,3,29,0,32400,0,0.0,-1.0,0.0,-1.0
341,3,29,1,32400,0,0.0,-1.0,-1.0,-1.0
341,3,29,2,32400,0,0.0,-1.0,-1.0,-1.0
341,3,30,0,32400,0,0.0,-1.0,-1.0,-1.0
341,3,30,1,32400,0,0.0,-1.0,-1.0,-1.0
341,3,30,2,32400,0,0.0,-1.0,-1.0,-1.0
341,3,31,0,32400,0,0.0,-1.0,-1.0,-1.0
341,3,31,1,32400,0,0.0,-1.0,-1.0,-1.0
341,3,31,2,32400,0,0.0,-1.0,-1.0,-1.0
341,3,32,0,32400,0,0.0,-1.0,-1.0,-1.0
341,3,32,1,32400,0,0.0,-1.0,-1.0,-1.0
341,3,32,2,32400,0,0.0,-1.0,-1.0,-1.0
341,3,33,0,32400,0,0.0,-1.0,-1.0,-1.0
341,3,33,1,32400,0,0.0,-1.0,-1.0,-1.0
341,3,33,2,32400,0,0.0,-1.0,-1.0,-1.0
341,3,34,0,32400,0,0.0,-1.0,-1.0,-1.0
341,3,34,1,32400,0,0.0,-1.0,-1.0,-1.0
341,3,34,2,32400,0,0.0,-1.0,-1.0,-1.0
341,3,35,0,32400,0,0.0,-1.0,-1.0,-1.0
341,3,35,1,32400,0,0.0,-1.0,-1.0,-1.0
341,3,35,2,32400,0,0.0,-1.0,-1.0,-1.0
342,0,1,0,32400,52,0.0016049382716049382,14.365385055541992,-1.0,0.5384615384615384
342,0,1,1,32400,10,0.00030864197530864197,15.000001907348633,-1.0,0.2
342,0,1,2,32400,8,0.0002469135802469136,66.5,-1.0,0.125
342,0,2,0,32400,29,0.0008950617283950618,19.241378784179688,0.34615384615384615,0.20689655172413793
342,0,2,1,32400,6,0.00018518518518518518,9.833333969116211,0.2,0.16666666666666666
342,0,2,2,32400,6,0.00018518518518518518,14.833333969116211,0.0,0.0
342,0,3,0,32400,16,0.0004938271604938272,8.5,0.3448275862068966,0.0625
342,0,3,1,32400,4,0.0001234567901234568,14.499999046325684,0.16666666666666666,0.0
342,0,3,2,32400,3,9.259259259259259e-05,6.333333492279053,0.0,0.0
342,0,4,0,32400,18,0.0005555555555555556,12.777777671813965,0.375,0.16666666666666666
342,0,4,1,32400,4,0.0001234567901234568,2.25,0.0,0.0
342,0,4,2,32400,3,9.259259259259259e-05,5.6666669845581055,0.3333333333333333,0.0
342,0,5,0,32400,9,0.0002777777777777778,8.111111640930176,0.16666666666666666,0.1111111111111111
342,0,5,1,32400,1,3.08641975308642e-05,1.0,0.0,0.0
342,0,5,2,32400,1,3.08641975308642e-05,1.0,0.0,0.0
342,0,6,0,32400,14,0.0004320987654320988,18.428571701049805,0.3333333333333333,0.14285714285714285
342,0,6,1,32400,0,0.0,-1.0,0.0,-1.0
342,0,6,2,32400,0,0.0,-1.0,0.0,-1.0
342,0,7,0,32400,8,0.0002469135802469136,9.625,0.2857142857142857,0.0
342,0,7,1,32400,0,0.0,-1.0,-1.0,-1.0
342,0,7,2,32400,2,6.17283950617284e-05,28.500003814697266,-1.0,0.0
342,0,8,0,32400,6,0.00018518518518518518,6.333333492279053,0.25,0.16666666666666666
342,0,8,1,32400,0,0.0,-1.0,-1.0,-1.0
342,0,8,2,32400,1,3.08641975308642e-05,47.99999237060547,0.0,0.0
342,0,9,0,32400,2,6.17283950617284e-05,20.5,0.16666666666666666,0.0
342,0,9,1,32400,0,0.0,-1.0,-1.0,-1.0
342,0,9,2,32400,2,6.17283950617284e-05,2.0,1.0,0.0
342,0,10,0,32400,2,6.17283950617284e-05,13.5,0.5,0.0
342,0,10,1,32400,0,0.0,-1.0,-1.0,-1.0
342,0,10,2,32400,3,9.259259259259259e-05,67.66667175292969,0.5,0.0
342,0,11,0,32400,4,0.0001234567901234568,20.75,0.5,0.0
342,0,11,1,32400,0,0.0,-1.0,-1.0,-1.0
342,0,11,2,32400,0,0.0,-1.0,0.0,-1.0
342,0,12,0,32400,1,3.08641975308642e-05,37.999996185302734,0.25,0.0
342,0,12,1,32400,0,0.0,-1.0,-1.0,-1.0
342,0,12,2,32400,2,6.17283950617284e-05,2.5,-1.0,0.0
342,0,13,0,32400,4,0.0001234567901234568,12.0,1.0,0.25
342,0,13,1,32400,0,0.0,-1.0,-1.0,-1.0
342,0,13,2,32400,0,0.0,-1.0,0.0,-1.0
342,0,14,0,32400,2,6.17283950617284e-05,56.500003814697266,0.25,0.0
342,0,14,1,32400,0,0.0,-1.0,-1.0,-1.0
342,0,14,2,32400,0,0.0,-1.0,-1.0,-1.0
342,0,15,0,32400,1,3.08641975308642e-05,1.0,0.0,0.0
342,0,15,1,32400,0,0.0,-1.0,-1.0,-1.0
342,0,15,2,32400,0,0.0,-1.0,-1.0,-1.0
342,0,16,0,32400,1,3.08641975308642e-05,14.000000953674316,0.0,0.0
342,0,16,1,32400,0,0.0,-1.0,-1.0,-1.0
342,0,16,2,32400,0,0.0,-1.0,-1.0,-1.0
342,0,17,0,32400,1,3.08641975308642e-05,5.0,0.0,0.0
342,0,17,1,32400,0,0.0,-1.0,-1.0,-1.0
342,0,17,2,32400,0,0.0,-1.0,-1.0,-1.0
342,0,18,0,32400,2,6.17283950617284e-05,2.5,0.0,0.0
342,0,18,1,32400,1,3.08641975308642e-05,2.0,-1.0,0.0
342,0,18,2,32400,0,0.0,-1.0,-1.0,-1.0
342,0,19,0,32400,2,6.17283950617284e-05,6.0,0.0,0.0
342,0,19,1,32400,0,0.0,-1.0,0.0,-1.0
342,0,19,2,32400,0,0.0,-1.0,-1.0,-1.0
342,0,20,0,32400,0,0.0,-1.0,0.0,-1.0
342,0,20,1,32400,0,0.0,-1.0,-1.0,-1.0
342,0,20,2,32400,0,0.0,-1.0,-1.0,-1.0
342,0,21,0,32400,1,3.08641975308642e-05,27.000001907348633,-1.0,0.0
342,0,21,1,32400,0,0.0,-1.0,-1.0,-1.0
342,0,21,2,32400,1,3.08641975308642e-05,29.999998092651367,-1.0,0.0
342,0,22,0,32400,0,0.0,-1.0,0.0,-1.0
342,0,22,1,32400,0,0.0,-1.0,-1.0,-1.0
342,0,22,2,32400,0,0.0,-1.0,0.0,-1.0
342,0,23,0,32400,1,3.08641975308642e-05,2.0,-1.0,0.0
342,0,23,1,32400,0,0.0,-1.0,-1.0,-1.0
342,0,23,2,32400,0,0.0,-1.0,-1.0,-1.0
342,0,24,0,32400,1,3.08641975308642e-05,16.0,0.0,0.0
342,0,24,1,32400,0,0.0,-1.0,-1.0,-1.0
342,0,24,2,32400,0,0.0,-1.0,-1.0,-1.0
342,0,25,0,32400,0,0.0,-1.0,0.0,-1.0
342,0,25,1,32400,0,0.0,-1.0,-1.0,-1.0
342,0,25,2,32400,0,0.0,-1.0,-1.0,-1.0
342,0,26,0,32400,0,0.0,-1.0,-1.0,-1.0
342,0,26,1,32400,0,0.0,-1.0,-1.0,-1.0
342,0,26,2,32400,0,0.0,-1.0,-1.0,-1.0
342,0,27,0,32400,0,0.0,-1.0,-1.0,-1.0
342,0,27,1,32400,0,0.0,-1.0,-1.0,-1.0
342,0,27,2,32400,0,0.0,-1.0,-1.0,-1.0
342,0,28,0,32400,0,0.0,-1.0,-1.0,-1.0
342,0,28,1,32400,0,0.0,-1.0,-1.0,-1.0
342,0,28,2,32400,0,0.0,-1.0,-1.0,-1.0
342,0,29,0,32400,0,0.0,-1.0,-1.0,-1.0
342,0,29,1,32400,0,0.0,-1.0,-1.0,-1.0
342,0,29,2,32400,0,0.0,-1.0,-1.0,-1.0
342,0,30,0,32400,0,0.0,-1.0,-1.0,-1.0
342,0,30,1,32400,0,0.0,-1.0,-1.0,-1.0
342,0,30,2,32400,0,0.0,-1.0,-1.0,-1.0
342,0,31,0,32400,0,0.0,-1.0,-1.0,-1.0
342,0,31,1,32400,0,0.0,-1.0,-1.0,-1.0
342,0,31,2,32400,1,3.08641975308642e-05,2.0,-1.0,0.0
342,0,32,0,32400,0,0.0,-1.0,-1.0,-1.0
342,0,32,1,32400,0,0.0,-1.0,-1.0,-1.0
342,0,32,2,32400,0,0.0,-1.0,0.0,-1.0
342,0,33,0,32400,1,3.08641975308642e-05,2.0,-1.0,0.0
342,0,33,1,32400,0,0.0,-1.0,-1.0,-1.0
342,0,33,2,32400,0,0.0,-1.0,-1.0,-1.0
342,0,34,0,32400,0,0.0,-1.0,0.0,-1.0
342,0,34,1,32400,0,0.0,-1.0,-1.0,-1.0
342,0,34,2,32400,0,0.0,-1.0,-1.0,-1.0
342,0,35,0,32400,0,0.0,-1.0,-1.0,-1.0
342,0,35,1,32400,0,0.0,-1.0,-1.0,-1.0
342,0,35,2,32400,0,0.0,-1.0,-1.0,-1.0
342,1,1,0,32400,33,0.0010185185185185184,27.30303192138672,-1.0,0.30303030303030304
342,1,1,1,32400,9,0.0002777777777777778,25.444448471069336,-1.0,0.1111111111111111
342,1,1,2,32400,9,0.0002777777777777778,14.88888931274414,-1.0,0.0
342,1,2,0,32400,20,0.0006172839506172839,9.100000381469727,0.2727272727272727,0.2
342,1,2,1,32400,4,0.0001234567901234568,14.750000953674316,0.2222222222222222,0.0
342,1,2,2,32400,3,9.259259259259259e-05,28.666669845581055,0.1111111111111111,0.0
342,1,3,0,32400,18,0.0005555555555555556,16.27777862548828,0.45,0.3333333333333333
342,1,3,1,32400,4,0.0001234567901234568,18.75,0.25,0.0
342,1,3,2,32400,1,3.08641975308642e-05,2.0,0.3333333333333333,0.0
342,1,4,0,32400,13,0.00040123456790123454,10.769230842590332,0.3888888888888889,0.15384615384615385
342,1,4,1,32400,0,0.0,-1.0,0.0,-1.0
342,1,4,2,32400,5,0.00015432098765432098,3.0,1.0,0.0
342,1,5,0,32400,6,0.00018518518518518518,20.666667938232422,0.15384615384615385,0.0
342,1,5,1,32400,2,6.17283950617284e-05,1.5,-1.0,0.0
342,1,5,2,32400,1,3.08641975308642e-05,2.0,0.2,0.0
342,1,6,0,32400,3,9.259259259259259e-05,5.0,0.0,0.0
342,1,6,1,32400,0,0.0,-1.0,0.0,-1.0
342,1,6,2,32400,1,3.08641975308642e-05,2.0,0.0,0.0
342,1,7,0,32400,8,0.0002469135802469136,24.375001907348633,0.3333333333333333,0.0
342,1,7,1,32400,1,3.08641975308642e-05,5.999999523162842,-1.0,0.0
342,1,7,2,32400,1,3.08641975308642e-05,10.000000953674316,0.0,0.0
342,1,8,0,32400,3,9.259259259259259e-05,9.0,0.125,0.0
342,1,8,1,32400,0,0.0,-1.0,0.0,-1.0
342,1,8,2,32400,0,0.0,-1.0,0.0,-1.0
342,1,9,0,32400,5,0.00015432098765432098,5.0,0.3333333333333333,0.0
342,1,9,1,32400,0,0.0,-1.0,-1.0,-1.0
342,1,9,2,32400,1,3.08641975308642e-05,3.0,-1.0,0.0
342,1,10,0,32400,3,9.259259259259259e-05,8.666666984558105,0.0,0.0
342,1,10,1,32400,0,0.0,-1.0,-1.0,-1.0
342,1,10,2,32400,1,3.08641975308642e-05,195.99996948242188,0.0,0.0
342,1,11,0,32400,0,0.0,-1.0,0.0,-1.0
342,1,11,1,32400,0,0.0,-1.0,-1.0,-1.0
342,1,11,2,32400,1,3.08641975308642e-05,5.0,1.0,0.0
342,1,12,0,32400,1,3.08641975308642e-05,1.0,-1.0,0.0
342,1,12,1,32400,0,0.0,-1.0,-1.0,-1.0
342,1,12,2,32400,0,0.0,-1.0,0.0,-1.0
342,1,13,0,32400,0,0.0,-1.0,0.0,-1.0
342,1,13,1,32400,0,0.0,-1.0,-1.0,-1.0
342,1,13,2,32400,1,3.08641975308642e-05,3.0,-1.0,0.0
342,1,14,0,32400,1,3.08641975308642e-05,43.000003814697266,-1.0,0.0
342,1,14,1,32400,0,0.0,-1.0,-1.0,-1.0
342,1,14,2,32400,0,0.0,-1.0,0.0,-1.0
342,1,15,0,32400,0,0.0,-1.0,0.0,-1.0
342,1,15,1,32400,1,3.08641975308642e-05,31.0,-1.0,0.0
342,1,15,2,32400,0,0.0,-1.0,-1.0,-1.0
342,1,16,0,32400,0,0.0,-1.0,-1.0,-1.0
342,1,16,1,32400,1,3.08641975308642e-05,14.000000953674316,0.0,0.0
342,1,16,2,32400,0,0.0,-1.0,-1.0,-1.0
342,1,17,0,32400,0,0.0,-1.0,-1.0,-1.0
342,1,17,1,32400,0,0.0,-1.0,0.0,-1.0
342,1,17,2,32400,0,0.0,-1.0,-1.0,-1.0
342,1,18,0,32400,0,0.0,-1.0,-1.0,-1.0
342,1,18,1,32400,0,0.0,-1.0,-1.0,-1.0
342,1,18,2,32400,0,0.0,-1.0,-1.0,-1.0
342,1,19,0,32400,0,0.0,-1.0,-1.0,-1.0
342,1,19,1,32400,0,0.0,-1.0,-1.0,-1.0
342,1,19,2,32400,0,0.0,-1.0,-1.0,-1.0
342,1,20,0,32400,0,0.0,-1.0,-1.0,-1.0
342,1,20,1,32400,0,0.0,-1.0,-1.0,-1.0
342,1,20,2,32400,0,0.0,-1.0,-1.0,-1.0
342,1,21,0,32400,1,3.08641975308642e-05,5.0,-1.0,0.0
342,1,21,1,32400,0,0.0,-1.0,-1.0,-1.0
342,1,21,2,32400,0,0.0,-1.0,-1.0,-1.0
342,1,22,0,32400,1,3.08641975308642e-05,127.0,0.0,0.0
342,1,22,1,32400,0,0.0,-1.0,-1.0,-1.0
342,1,22,2,32400,0,0.0,-1.0,-1.0,-1.0
342,1,23,0,32400,0,0.0,-1.0,0.0,-1.0
342,1,23,1,32400,0,0.0,-1.0,-1.0,-1.0
342,1,23,2,32400,0,0.0,-1.0,-1.0,-1.0
342,1,24,0,32400,0,0.0,-1.0,-1.0,-1.0
342,1,24,1,32400,0,0.0,-1.0,-1.0,-1.0
342,1,24,2,32400,1,3.08641975308642e-05,3.0,-1.0,0.0
342,1,25,0,32400,0,0.0,-1.0,-1.0,-1.0
342,1,25,1,32400,0,0.0,-1.0,-1.0,-1.0
342,1,25,2,32400,0,0.0,-1.0,0.0,-1.0
342,1,26,0,32400,0,0.0,-1.0,-1.0,-1.0
342,1,26,1,32400,0,0.0,-1.0,-1.0,-1.0
342,1,26,2,32400,0,0.0,-1.0,-1.0,-1.0
342,1,27,0,32400,0,0.0,-1.0,-1.0,-1.0
342,1,27,1,32400,0,0.0,-1.0,-1.0,-1.0
342,1,27,2,32400,1,3.08641975308642e-05,1.0,-1.0,0.0
342,1,28,0,32400,0,0.0,-1.0,-1.0,-1.0
342,1,28,1,32400,0,0.0,-1.0,-1.0,-1.0
342,1,28,2,32400,0,0.0,-1.0,0.0,-1.0
342,1,29,0,32400,0,0.0,-1.0,-1.0,-1.0
342,1,29,1,32400,0,0.0,-1.0,-1.0,-1.0
342,1,29,2,32400,0,0.0,-1.0,-1.0,-1.0
342,1,30,0,32400,0,0.0,-1.0,-1.0,-1.0
342,1,30,1,32400,0,0.0,-1.0,-1.0,-1.0
342,1,30,2,32400,0,0.0,-1.0,-1.0,-1.0
342,1,31,0,32400,0,0.0,-1.0,-1.0,-1.0
342,1,31,1,32400,1,3.08641975308642e-05,3.0,-1.0,0.0
342,1,31,2,32400,0,0.0,-1.0,-1.0,-1.0
342,1,32,0,32400,0,0.0,-1.0,-1.0,-1.0
342,1,32,1,32400,0,0.0,-1.0,0.0,-1.0
342,1,32,2,32400,0,0.0,-1.0,-1.0,-1.0
342,1,33,0,32400,0,0.0,-1.0,-1.0,-1.0
342,1,33,1,32400,0,0.0,-1.0,-1.0,-1.0
342,1,33,2,32400,0,0.0,-1.0,-1.0,-1.0
342,1,34,0,32400,0,0.0,-1.0,-1.0,-1.0
342,1,34,1,32400,0,0.0,-1.0,-1.0,-1.0
342,1,34,2,32400,0,0.0,-1.0,-1.0,-1.0
342,1,35,0,32400,0,0.0,-1.0,-1.0,-1.0
342,1,35,1,32400,0,0.0,-1.0,-1.0,-1.0
342,1,35,2,32400,0,0.0,-1.0,-1.0,-1.0
342,2,1,0,32400,44,0.0013580246913580246,21.795455932617188,-1.0,0.36363636363636365
342,2,1,1,32400,14,0.0004320987654320988,14.571429252624512,-1.0,0.07142857142857142
342,2,1,2,32400,10,0.00030864197530864197,17.399999618530273,-1.0,0.0
342,2,2,0,32400,31,0.0009567901234567902,10.838708877563477,0.29545454545454547,0.25806451612903225
342,2,2,1,32400,8,0.0002469135802469136,10.75,0.21428571428571427,0.125
342,2,2,2,32400,2,6.17283950617284e-05,24.5,0.0,0.0
342,2,3,0,32400,21,0.0006481481481481481,4.857142925262451,0.2903225806451613,0.09523809523809523
342,2,3,1,32400,4,0.0001234567901234568,11.249999046325684,0.125,0.0
342,2,3,2,32400,4,0.0001234567901234568,37.25,0.0,0.25
342,2,4,0,32400,11,0.00033950617283950616,18.636363983154297,0.14285714285714285,0.09090909090909091
342,2,4,1,32400,5,0.00015432098765432098,2.4000000953674316,0.25,0.2
342,2,4,2,32400,2,6.17283950617284e-05,48.00000762939453,0.5,0.5
342,2,5,0,32400,13,0.00040123456790123454,40.92307662963867,0.5454545454545454,0.15384615384615385
342,2,5,1,32400,2,6.17283950617284e-05,1.0,0.2,0.0
342,2,5,2,32400,2,6.17283950617284e-05,1.0,0.5,0.0
342,2,6,0,32400,7,0.0002160493827160494,8.428571701049805,0.23076923076923078,0.0
342,2,6,1,32400,1,3.08641975308642e-05,2.0,0.0,0.0
342,2,6,2,32400,3,9.259259259259259e-05,9.333333969116211,0.5,0.0
342,2,7,0,32400,4,0.0001234567901234568,2.25,0.14285714285714285,0.0
342,2,7,1,32400,0,0.0,-1.0,0.0,-1.0
342,2,7,2,32400,1,3.08641975308642e-05,3.0,0.3333333333333333,0.0
342,2,8,0,32400,3,9.259259259259259e-05,12.0,0.25,0.0
342,2,8,1,32400,0,0.0,-1.0,-1.0,-1.0
342,2,8,2,32400,0,0.0,-1.0,0.0,-1.0
342,2,9,0,32400,2,6.17283950617284e-05,11.0,0.0,0.0
342,2,9,1,32400,2,6.17283950617284e-05,4.5,-1.0,0.0
342,2,9,2,32400,1,3.08641975308642e-05,3.0,-1.0,0.0
342,2,10,0,32400,4,0.0001234567901234568,8.250000953674316,0.5,0.0
342,2,10,1,32400,0,0.0,-1.0,0.0,-1.0
342,2,10,2,32400,3,9.259259259259259e-05,2.3333334922790527,0.0,0.3333333333333333
342,2,11,0,32400,3,9.259259259259259e-05,1.3333333730697632,0.5,0.3333333333333333
342,2,11,1,32400,0,0.0,-1.0,-1.0,-1.0
342,2,11,2,32400,0,0.0,-1.0,0.0,-1.0
342,2,12,0,32400,1,3.08641975308642e-05,5.0,0.3333333333333333,0.0
342,2,12,1,32400,0,0.0,-1.0,-1.0,-1.0
342,2,12,2,32400,1,3.08641975308642e-05,2.0,-1.0,0.0
342,2,13,0,32400,4,0.0001234567901234568,6.25,1.0,0.0
342,2,13,1,32400,3,9.259259259259259e-05,11.333333969116211,-1.0,0.0
342,2,13,2,32400,0,0.0,-1.0,0.0,-1.0
342,2,14,0,32400,2,6.17283950617284e-05,11.5,0.0,0.0
342,2,14,1,32400,0,0.0,-1.0,0.0,-1.0
342,2,14,2,32400,0,0.0,-1.0,-1.0,-1.0
342,2,15,0,32400,2,6.17283950617284e-05,14.0,0.0,0.0
342,2,15,1,32400,1,3.08641975308642e-05,10.000000953674316,-1.0,0.0
342,2,15,2,32400,0,0.0,-1.0,-1.0,-1.0
342,2,16,0,32400,2,6.17283950617284e-05,5.0,0.5,0.0
342,2,16,1,32400,0,0.0,-1.0,0.0,-1.0
342,2,16,2,32400,0,0.0,-1.0,-1.0,-1.0
342,2,17,0,32400,1,3.08641975308642e-05,45.99999237060547,0.0,0.0
342,2,17,1,32400,0,0.0,-1.0,-1.0,-1.0
342,2,17,2,32400,0,0.0,-1.0,-1.0,-1.0
342,2,18,0,32400,0,0.0,-1.0,0.0,-1.0
342,2,18,1,32400,0,0.0,-1.0,-1.0,-1.0
342,2,18,2,32400,0,0.0,-1.0,-1.0,-1.0
342,2,19,0,32400,1,3.08641975308642e-05,58.00000762939453,-1.0,0.0
342,2,19,1,32400,0,0.0,-1.0,-1.0,-1.0
342,2,19,2,32400,0,0.0,-1.0,-1.0,-1.0
342,2,20,0,32400,0,0.0,-1.0,0.0,-1.0
342,2,20,1,32400,0,0.0,-1.0,-1.0,-1.0
342,2,20,2,32400,0,0.0,-1.0,-1.0,-1.0
342,2,21,0,32400,0,0.0,-1.0,-1.0,-1.0
342,2,21,1,32400,0,0.0,-1.0,-1.0,-1.0
342,2,21,2,32400,1,3.08641975308642e-05,10.000000953674316,-1.0,0.0
342,2,22,0,32400,0,0.0,-1.0,-1.0,-1.0
342,2,22,1,32400,0,0.0,-1.0,-1.0,-1.0
342,2,22,2,32400,0,0.0,-1.0,0.0,-1.0
342,2,23,0,32400,0,0.0,-1.0,-1.0,-1.0
342,2,23,1,32400,1,3.08641975308642e-05,15.0,-1.0,0.0
342,2,23,2,32400,0,0.0,-1.0,-1.0,-1.0
342,2,24,0,32400,0,0.0,-1.0,-1.0,-1.0
342,2,24,1,32400,0,0.0,-1.0,0.0,-1.0
342,2,24,2,32400,0,0.0,-1.0,-1.0,-1.0
342,2,25,0,32400,0,0.0,-1.0,-1.0,-1.0
342,2,25,1,32400,0,0.0,-1.0,-1.0,-1.0
342,2,25,2,32400,0,0.0,-1.0,-1.0,-1.0
342,2,26,0,32400,0,0.0,-1.0,-1.0,-1.0
342,2,26,1,32400,0,0.0,-1.0,-1.0,-1.0
342,2,26,2,32400,0,0.0,-1.0,-1.0,-1.0
342,2,27,0,32400,0,0.0,-1.0,-1.0,-1.0
342,2,27,1,32400,0,0.0,-1.0,-1.0,-1.0
342,2,27,2,32400,0,0.0,-1.0,-1.0,-1.0
342,2,28,0,32400,0,0.0,-1.0,-1.0,-1.0
342,2,28,1,32400,0,0.0,-1.0,-1.0,-1.0
342,2,28,2,32400,0,0.0,-1.0,-1.0,-1.0
342,2,29,0,32400,0,0.0,-1.0,-1.0,-1.0
342,2,29,1,32400,0,0.0,-1.0,-1.0,-1.0
342,2,29,2,32400,0,0.0,-1.0,-1.0,-1.0
342,2,30,0,32400,0,0.0,-1.0,-1.0,-1.0
342,2,30,1,32400,0,0.0,-1.0,-1.0,-1.0
342,2,30,2,32400,0,0.0,-1.0,-1.0,-1.0
342,2,31,0,32400,0,0.0,-1.0,-1.0,-1.0
342,2,31,1,32400,0,0.0,-1.0,-1.0,-1.0
342,2,31,2,32400,0,0.0,-1.0,-1.0,-1.0
342,2,32,0,32400,0,0.0,-1.0,-1.0,-1.0
342,2,32,1,32400,0,0.0,-1.0,-1.0,-1.0
342,2,32,2,32400,0,0.0,-1.0,-1.0,-1.0
342,2,33,0,32400,1,3.08641975308642e-05,1.0,-1.0,0.0
342,2,33,1,32400,0,0.0,-1.0,-1.0,-1.0
342,2,33,2,32400,0,0.0,-1.0,-1.0,-1.0
342,2,34,0,32400,0,0.0,-1.0,0.0,-1.0
342,2,34,1,32400,0,0.0,-1.0,-1.0,-1.0
342,2,34,2,32400,0,0.0,-1.0,-1.0,-1.0
342,2,35,0,32400,1,3.08641975308642e-05,1.0,-1.0,0.0
342,2,35,1,32400,0,0.0,-1.0,-1.0,-1.0
342,2,35,2,32400,0,0.0,-1.0,-1.0,-1.0
342,3,1,0,32400,40,0.0012345679012345679,32.875,-1.0,0.325
342,3,1,1,32400,10,0.00030864197530864197,23.499998092651367,-1.0,0.2
342,3,1,2,32400,9,0.0002777777777777778,17.44444465637207,-1.0,0.2222222222222222
342,3,2,0,32400,25,0.0007716049382716049,16.639999389648438,0.4,0.24
342,3,2,1,32400,2,6.17283950617284e-05,3.0,0.0,0.0
342,3,2,2,32400,6,0.00018518518518518518,15.0,0.3333333333333333,0.3333333333333333
342,3,3,0,32400,14,0.0004320987654320988,9.928571701049805,0.16,0.07142857142857142
342,3,3,1,32400,0,0.0,-1.0,0.0,-1.0
342,3,3,2,32400,8,0.0002469135802469136,16.625,0.3333333333333333,0.25
342,3,4,0,32400,10,0.00030864197530864197,16.200002670288086,0.14285714285714285,0.0
342,3,4,1,32400,1,3.08641975308642e-05,1.0,-1.0,0.0
342,3,4,2,32400,2,6.17283950617284e-05,59.50000762939453,0.125,0.0
342,3,5,0,32400,9,0.0002777777777777778,9.666666984558105,0.2,0.1111111111111111
342,3,5,1,32400,3,9.259259259259259e-05,11.0,0.0,0.0
342,3,5,2,32400,1,3.08641975308642e-05,1.0,0.0,0.0
342,3,6,0,32400,5,0.00015432098765432098,6.199999809265137,0.2222222222222222,0.0
342,3,6,1,32400,1,3.08641975308642e-05,2.0,0.0,0.0
342,3,6,2,32400,4,0.0001234567901234568,43.75,0.0,0.0
342,3,7,0,32400,5,0.00015432098765432098,13.800000190734863,0.4,0.0
342,3,7,1,32400,2,6.17283950617284e-05,17.5,0.0,0.0
342,3,7,2,32400,1,3.08641975308642e-05,11.0,0.25,0.0
342,3,8,0,32400,4,0.0001234567901234568,11.75,0.2,0.0
342,3,8,1,32400,0,0.0,-1.0,0.0,-1.0
342,3,8,2,32400,1,3.08641975308642e-05,1.0,0.0,0.0
342,3,9,0,32400,1,3.08641975308642e-05,14.000000953674316,0.0,0.0
342,3,9,1,32400,0,0.0,-1.0,-1.0,-1.0
342,3,9,2,32400,1,3.08641975308642e-05,1.0,0.0,0.0
342,3,10,0,32400,4,0.0001234567901234568,13.25,0.0,0.25
342,3,10,1,32400,0,0.0,-1.0,-1.0,-1.0
342,3,10,2,32400,1,3.08641975308642e-05,23.0,0.0,0.0
342,3,11,0,32400,3,9.259259259259259e-05,4.0,0.5,0.0
342,3,11,1,32400,0,0.0,-1.0,-1.0,-1.0
342,3,11,2,32400,1,3.08641975308642e-05,7.0,1.0,0.0
342,3,12,0,32400,2,6.17283950617284e-05,2.5,0.3333333333333333,0.0
342,3,12,1,32400,0,0.0,-1.0,-1.0,-1.0
342,3,12,2,32400,0,0.0,-1.0,0.0,-1.0
342,3,13,0,32400,2,6.17283950617284e-05,1.0,0.5,0.0
342,3,13,1,32400,0,0.0,-1.0,-1.0,-1.0
342,3,13,2,32400,0,0.0,-1.0,-1.0,-1.0
342,3,14,0,32400,0,0.0,-1.0,0.0,-1.0
342,3,14,1,32400,1,3.08641975308642e-05,14.000000953674316,-1.0,0.0
342,3,14,2,32400,1,3.08641975308642e-05,24.000001907348633,-1.0,0.0
342,3,15,0,32400,2,6.17283950617284e-05,25.5,-1.0,0.0
342,3,15,1,32400,0,0.0,-1.0,0.0,-1.0
342,3,15,2,32400,0,0.0,-1.0,0.0,-1.0
342,3,16,0,32400,0,0.0,-1.0,0.0,-1.0
342,3,16,1,32400,0,0.0,-1.0,-1.0,-1.0
342,3,16,2,32400,0,0.0,-1.0,-1.0,-1.0
342,3,17,0,32400,0,0.0,-1.0,-1.0,-1.0
342,3,17,1,32400,0,0.0,-1.0,-1.0,-1.0
342,3,17,2,32400,0,0.0,-1.0,-1.0,-1.0
342,3,18,0,32400,0,0.0,-1.0,-1.0,-1.0
342,3,18,1,32400,0,0.0,-1.0,-1.0,-1.0
342,3,18,2,32400,1,3.08641975308642e-05,5.0,-1.0,0.0
342,3,19,0,32400,1,3.08641975308642e-05,2.0,-1.0,0.0
342,3,19,1,32400,0,0.0,-1.0,-1.0,-1.0
342,3,19,2,32400,0,0.0,-1.0,0.0,-1.0
342,3,20,0,32400,0,0.0,-1.0,0.0,-1.0
342,3,20,1,32400,0,0.0,-1.0,-1.0,-1.0
342,3,20,2,32400,1,3.08641975308642e-05,116.0000228881836,-1.0,0.0
342,3,21,0,32400,1,3.08641975308642e-05,3.0,-1.0,0.0
342,3,21,1,32400,0,0.0,-1.0,-1.0,-1.0
342,3,21,2,32400,1,3.08641975308642e-05,1.0,1.0,0.0
342,3,22,0,32400,0,0.0,-1.0,0.0,-1.0
342,3,22,1,32400,0,0.0,-1.0,-1.0,-1.0
342,3,22,2,32400,0,0.0,-1.0,0.0,-1.0
342,3,23,0,32400,2,6.17283950617284e-05,11.000000953674316,-1.0,0.0
342,3,23,1,32400,0,0.0,-1.0,-1.0,-1.0
342,3,23,2,32400,1,3.08641975308642e-05,4.0,-1.0,0.0
342,3,24,0,32400,0,0.0,-1.0,0.0,-1.0
342,3,24,1,32400,0,0.0,-1.0,-1.0,-1.0
342,3,24,2,32400,0,0.0,-1.0,0.0,-1.0
342,3,25,0,32400,0,0.0,-1.0,-1.0,-1.0
342,3,25,1,32400,0,0.0,-1.0,-1.0,-1.0
342,3,25,2,32400,0,0.0,-1.0,-1.0,-1.0
342,3,26,0,32400,0,0.0,-1.0,-1.0,-1.0
342,3,26,1,32400,0,0.0,-1.0,-1.0,-1.0
342,3,26,2,32400,0,0.0,-1.0,-1.0,-1.0
342,3,27,0,32400,0,0.0,-1.0,-1.0,-1.0
342,3,27,1,32400,0,0.0,-1.0,-1.0,-1.0
342,3,27,2,32400,0,0.0,-1.0,-1.0,-1.0
342,3,28,0,32400,0,0.0,-1.0,-1.0,-1.0
342,3,28,1,32400,0,0.0,-1.0,-1.0,-1.0
342,3,28,2,32400,0,0.0,-1.0,-1.0,-1.0
342,3,29,0,32400,0,0.0,-1.0,-1.0,-1.0
342,3,29,1,32400,0,0.0,-1.0,-1.0,-1.0
342,3,29,2,32400,0,0.0,-1.0,-1.0,-1.0
342,3,30,0,32400,0,0.0,-1.0,-1.0,-1.0
342,3,30,1,32400,0,0.0,-1.0,-1.0,-1.0
342,3,30,2,32400,0,0.0,-1.0,-1.0,-1.0
342,3,31,0,32400,0,0.0,-1.0,-1.0,-1.0
342,3,31,1,32400,0,0.0,-1.0,-1.0,-1.0
342,3,31,2,32400,0,0.0,-1.0,-1.0,-1.0
342,3,32,0,32400,0,0.0,-1.0,-1.0,-1.0
342,3,32,1,32400,0,0.0,-1.0,-1.0,-1.0
342,3,32,2,32400,0,0.0,-1.0,-1.0,-1.0
342,3,33,0,32400,0,0.0,-1.0,-1.0,-1.0
342,3,33,1,32400,0,0.0,-1.0,-1.0,-1.0
342,3,33,2,32400,0,0.0,-1.0,-1.0,-1.0
342,3,34,0,32400,0,0.0,-1.0,-1.0,-1.0
342,3,34,1,32400,0,0.0,-1.0,-1.0,-1.0
342,3,34,2,32400,0,0.0,-1.0,-1.0,-1.0
342,3,35,0,32400,1,3.08641975308642e-05,4.0,-1.0,0.0
342,3,35,1,32400,0,0.0,-1.0,-1.0,-1.0
342,3,35,2,32400,0,0.0,-1.0,-1.0,-1.0
343,0,1,0,32400,37,0.0011419753086419754,18.216217041015625,-1.0,0.3783783783783784
343,0,1,1,32400,7,0.0002160493827160494,21.85714340209961,-1.0,0.2857142857142857
343,0,1,2,32400,9,0.0002777777777777778,36.888893127441406,-1.0,0.0
343,0,2,0,32400,27,0.0008333333333333334,12.222223281860352,0.2702702702702703,0.25925925925925924
343,0,2,1,32400,3,9.259259259259259e-05,10.666666984558105,0.14285714285714285,0.0
343,0,2,2,32400,8,0.0002469135802469136,55.74999237060547,0.1111111111111111,0.25
343,0,3,0,32400,16,0.0004938271604938272,26.0625,0.18518518518518517,0.0
343,0,3,1,32400,1,3.08641975308642e-05,11.0,0.0,0.0
343,0,3,2,32400,6,0.00018518518518518518,24.83333396911621,0.375,0.16666666666666666
343,0,4,0,32400,14,0.0004320987654320988,13.071429252624512,0.375,0.07142857142857142
343,0,4,1,32400,3,9.259259259259259e-05,17.33333396911621,1.0,0.3333333333333333
343,0,4,2,32400,3,9.259259259259259e-05,6.0,0.16666666666666666,0.0
343,0,5,0,32400,12,0.00037037037037037035,10.5,0.35714285714285715,0.08333333333333333
343,0,5,1,32400,2,6.17283950617284e-05,2.0,0.3333333333333333,0.0
343,0,5,2,32400,4,0.0001234567901234568,7.25,0.3333333333333333,0.0
343,0,6,0,32400,8,0.0002469135802469136,15.499999046325684,0.08333333333333333,0.0
343,0,6,1,32400,1,3.08641975308642e-05,35.999996185302734,0.0,0.0
343,0,6,2,32400,0,0.0,-1.0,0.0,-1.0
343,0,7,0,32400,6,0.00018518518518518518,5.833333492279053,0.25,0.0
343,0,7,1,32400,0,0.0,-1.0,0.0,-1.0
343,0,7,2,32400,1,3.08641975308642e-05,11.0,-1.0,0.0
343,0,8,0,32400,8,0.0002469135802469136,23.0,0.6666666666666666,0.0
343,0,8,1,32400,1,3.08641975308642e-05,1.0,-1.0,0.0
343,0,8,2,32400,1,3.08641975308642e-05,2.0,1.0,0.0
343,0,9,0,32400,6,0.00018518518518518518,10.166666984558105,0.375,0.16666666666666666
343,0,9,1,32400,0,0.0,-1.0,0.0,-1.0
343,0,9,2,32400,1,3.08641975308642e-05,10.000000953674316,0.0,0.0
343,0,10,0,32400,4,0.0001234567901234568,10.25,0.16666666666666666,0.0
343,0,10,1,32400,0,0.0,-1.0,-1.0,-1.0
343,0,10,2,32400,1,3.08641975308642e-05,1.0,1.0,0.0
343,0,11,0,32400,4,0.0001234567901234568,6.5,0.25,0.0
343,0,11,1,32400,0,0.0,-1.0,-1.0,-1.0
343,0,11,2,32400,0,0.0,-1.0,0.0,-1.0
343,0,12,0,32400,2,6.17283950617284e-05,141.00001525878906,0.25,0.0
343,0,12,1,32400,1,3.08641975308642e-05,1.0,-1.0,0.0
343,0,12,2,32400,0,0.0,-1.0,-1.0,-1.0
343,0,13,0,32400,2,6.17283950617284e-05,4.0,0.5,0.0
343,0,13,1,32400,0,0.0,-1.0,0.0,-1.0
343,0,13,2,32400,1,3.08641975308642e-05,1.0,-1.0,0.0
343,0,14,0,32400,2,6.17283950617284e-05,1.0,0.5,0.0
343,0,14,1,32400,0,0.0,-1.0,-1.0,-1.0
343,0,14,2,32400,0,0.0,-1.0,0.0,-1.0
343,0,15,0,32400,1,3.08641975308642e-05,5.0,0.5,0.0
343,0,15,1,32400,0,0.0,-1.0,-1.0,-1.0
343,0,15,2,32400,0,0.0,-1.0,-1.0,-1.0
343,0,16,0,32400,1,3.08641975308642e-05,1.0,1.0,0.0
343,0,16,1,32400,0,0.0,-1.0,-1.0,-1.0
343,0,16,2,32400,0,0.0,-1.0,-1.0,-1.0
343,0,17,0,32400,1,3.08641975308642e-05,1.0,0.0,0.0
343,0,17,1,32400,0,0.0,-1.0,-1.0,-1.0
343,0,17,2,32400,0,0.0,-1.0,-1.0,-1.0
343,0,18,0,32400,1,3.08641975308642e-05,1.0,0.0,0.0
343,0,18,1,32400,0,0.0,-1.0,-1.0,-1.0
343,0,18,2,32400,0,0.0,-1.0,-1.0,-1.0
343,0,19,0,32400,2,6.17283950617284e-05,1.0,0.0,0.0
343,0,19,1,32400,0,0.0,-1.0,-1.0,-1.0
343,0,19,2,32400,0,0.0,-1.0,-1.0,-1.0
343,0,20,0,32400,0,0.0,-1.0,0.0,-1.0
343,0,20,1,32400,0,0.0,-1.0,-1.0,-1.0
343,0,20,2,32400,0,0.0,-1.0,-1.0,-1.0
343,0,21,0,32400,0,0.0,-1.0,-1.0,-1.0
343,0,21,1,32400,1,3.08641975308642e-05,56.0,-1.0,0.0
343,0,21,2,32400,0,0.0,-1.0,-1.0,-1.0
343,0,22,0,32400,0,0.0,-1.0,-1.0,-1.0
343,0,22,1,32400,0,0.0,-1.0,0.0,-1.0
343,0,22,2,32400,0,0.0,-1.0,-1.0,-1.0
343,0,23,0,32400,0,0.0,-1.0,-1.0,-1.0
343,0,23,1,32400,0,0.0,-1.0,-1.0,-1.0
343,0,23,2,32400,0,0.0,-1.0,-1.0,-1.0
343,0,24,0,32400,0,0.0,-1.0,-1.0,-1.0
343,0,24,1,32400,0,0.0,-1.0,-1.0,-1.0
343,0,24,2,32400,1,3.08641975308642e-05,2.0,-1.0,0.0
343,0,25,0,32400,0,0.0,-1.0,-1.0,-1.0
343,0,25,1,32400,0,0.0,-1.0,-1.0,-1.0
343,0,25,2,32400,0,0.0,-1.0,0.0,-1.0
343,0,26,0,32400,0,0.0,-1.0,-1.0,-1.0
343,0,26,1,32400,0,0.0,-1.0,-1.0,-1.0
343,0,26,2,32400,1,3.08641975308642e-05,130.00001525878906,-1.0,0.0
343,0,27,0,32400,0,0.0,-1.0,-1.0,-1.0
343,0,27,1,32400,0,0.0,-1.0,-1.0,-1.0
343,0,27,2,32400,1,3.08641975308642e-05,1.0,0.0,0.0
343,0,28,0,32400,0,0.0,-1.0,-1.0,-1.0
343,0,28,1,32400,0,0.0,-1.0,-1.0,-1.0
343,0,28,2,32400,0,0.0,-1.0,0.0,-1.0
343,0,29,0,32400,0,0.0,-1.0,-1.0,-1.0
343,0,29,1,32400,0,0.0,-1.0,-1.0,-1.0
343,0,29,2,32400,0,0.0,-1.0,-1.0,-1.0
343,0,30,0,32400,0,0.0,-1.0,-1.0,-1.0
343,0,30,1,32400,0,0.0,-1.0,-1.0,-1.0
343,0,30,2,32400,0,0.0,-1.0,-1.0,-1.0
343,0,31,0,32400,0,0.0,-1.0,-1.0,-1.0
343,0,31,1,32400,0,0.0,-1.0,-1.0,-1.0
343,0,31,2,32400,0,0.0,-1.0,-1.0,-1.0
343,0,32,0,32400,0,0.0,-1.0,-1.0,-1.0
343,0,32,1,32400,0,0.0,-1.0,-1.0,-1.0
343,0,32,2,32400,0,0.0,-1.0,-1.0,-1.0
343,0,33,0,32400,0,0.0,-1.0,-1.0,-1.0
343,0,33,1,32400,0,0.0,-1.0,-1.0,-1.0
343,0,33,2,32400,0,0.0,-1.0,-1.0,-1.0
343,0,34,0,32400,0,0.0,-1.0,-1.0,-1.0
343,0,34,1,32400,0,0.0,-1.0,-1.0,-1.0
343,0,34,2,32400,0,0.0,-1.0,-1.0,-1.0
343,0,35,0,32400,0,0.0,-1.0,-1.0,-1.0
343,0,35,1,32400,0,0.0,-1.0,-1.0,-1.0
343,0,35,2,32400,0,0.0,-1.0,-1.0,-1.0
343,1,1,0,32400,28,0.0008641975308641976,20.428571701049805,-1.0,0.14285714285714285
343,1,1,1,32400,7,0.0002160493827160494,16.428571701049805,-1.0,0.0
343,1,1,2,32400,5,0.00015432098765432098,37.79999923706055,-1.0,0.0
343,1,2,0,32400,18,0.0005555555555555556,11.666666984558105,0.21428571428571427,0.16666666666666666
343,1,2,1,32400,0,0.0,-1.0,0.0,-1.0
343,1,2,2,32400,1,3.08641975308642e-05,1.0,0.2,0.0
343,1,3,0,32400,10,0.00030864197530864197,14.600000381469727,0.2222222222222222,0.1
343,1,3,1,32400,3,9.259259259259259e-05,14.0,-1.0,0.0
343,1,3,2,32400,2,6.17283950617284e-05,6.5,0.0,0.0
343,1,4,0,32400,11,0.00033950617283950616,26.909093856811523,0.3,0.36363636363636365
343,1,4,1,32400,3,9.259259259259259e-05,8.666666984558105,0.0,0.3333333333333333
343,1,4,2,32400,2,6.17283950617284e-05,3.0,0.5,0.0
343,1,5,0,32400,6,0.00018518518518518518,36.5,0.2727272727272727,0.0
343,1,5,1,32400,2,6.17283950617284e-05,7.000000476837158,0.3333333333333333,0.5
343,1,5,2,32400,2,6.17283950617284e-05,42.49999237060547,0.0,0.0
343,1,6,0,32400,7,0.0002160493827160494,4.857142925262451,0.8333333333333334,0.14285714285714285
343,1,6,1,32400,1,3.08641975308642e-05,2.0,0.0,0.0
343,1,6,2,32400,0,0.0,-1.0,0.0,-1.0
343,1,7,0,32400,2,6.17283950617284e-05,2.0,0.14285714285714285,0.0
343,1,7,1,32400,2,6.17283950617284e-05,90.50001525878906,1.0,0.0
343,1,7,2,32400,0,0.0,-1.0,-1.0,-1.0
343,1,8,0,32400,3,9.259259259259259e-05,21.666664123535156,0.0,0.0
343,1,8,1,32400,4,0.0001234567901234568,1.0,0.0,0.0
343,1,8,2,32400,1,3.08641975308642e-05,3.0,-1.0,0.0
343,1,9,0,32400,2,6.17283950617284e-05,8.5,0.3333333333333333,0.0
343,1,9,1,32400,0,0.0,-1.0,0.0,-1.0
343,1,9,2,32400,1,3.08641975308642e-05,2.0,0.0,0.0
343,1,10,0,32400,2,6.17283950617284e-05,2.5,0.5,0.0
343,1,10,1,32400,1,3.08641975308642e-05,7.0,-1.0,0.0
343,1,10,2,32400,0,0.0,-1.0,0.0,-1.0
343,1,11,0,32400,4,0.0001234567901234568,10.25,0.0,0.0
343,1,11,1,32400,1,3.08641975308642e-05,1.0,0.0,0.0
343,1,11,2,32400,2,6.17283950617284e-05,12.5,-1.0,0.0
343,1,12,0,32400,1,3.08641975308642e-05,3.0,0.0,0.0
343,1,12,1,32400,0,0.0,-1.0,0.0,-1.0
343,1,12,2,32400,1,3.08641975308642e-05,34.000003814697266,0.5,0.0
343,1,13,0,32400,0,0.0,-1.0,0.0,-1.0
343,1,13,1,32400,1,3.08641975308642e-05,1.0,-1.0,0.0
343,1,13,2,32400,1,3.08641975308642e-05,7.0,1.0,0.0
343,1,14,0,32400,1,3.08641975308642e-05,16.0,-1.0,0.0
343,1,14,1,32400,0,0.0,-1.0,0.0,-1.0
343,1,14,2,32400,0,0.0,-1.0,0.0,-1.0
343,1,15,0,32400,3,9.259259259259259e-05,8.666666984558105,0.0,0.0
343,1,15,1,32400,1,3.08641975308642e-05,7.0,-1.0,0.0
343,1,15,2,32400,0,0.0,-1.0,-1.0,-1.0
343,1,16,0,32400,2,6.17283950617284e-05,2.0,0.3333333333333333,0.0
343,1,16,1,32400,0,0.0,-1.0,0.0,-1.0
343,1,16,2,32400,0,0.0,-1.0,-1.0,-1.0
343,1,17,0,32400,3,9.259259259259259e-05,4.6666669845581055,0.5,0.0
343,1,17,1,32400,0,0.0,-1.0,-1.0,-1.0
343,1,17,2,32400,0,0.0,-1.0,-1.0,-1.0
343,1,18,0,32400,0,0.0,-1.0,0.0,-1.0
343,1,18,1,32400,0,0.0,-1.0,-1.0,-1.0
343,1,18,2,32400,0,0.0,-1.0,-1.0,-1.0
343,1,19,0,32400,0,0.0,-1.0,-1.0,-1.0
343,1,19,1,32400,0,0.0,-1.0,-1.0,-1.0
343,1,19,2,32400,0,0.0,-1.0,-1.0,-1.0
343,1,20,0,32400,1,3.08641975308642e-05,29.000001907348633,-1.0,0.0
343,1,20,1,32400,0,0.0,-1.0,-1.0,-1.0
343,1,20,2,32400,1,3.08641975308642e-05,13.000000953674316,-1.0,0.0
343,1,21,0,32400,0,0.0,-1.0,0.0,-1.0
343,1,21,1,32400,0,0.0,-1.0,-1.0,-1.0
343,1,21,2,32400,0,0.0,-1.0,0.0,-1.0
343,1,22,0,32400,0,0.0,-1.0,-1.0,-1.0
343,1,22,1,32400,0,0.0,-1.0,-1.0,-1.0
343,1,22,2,32400,0,0.0,-1.0,-1.0,-1.0
343,1,23,0,32400,0,0.0,-1.0,-1.0,-1.0
343,1,23,1,32400,0,0.0,-1.0,-1.0,-1.0
343,1,23,2,32400,0,0.0,-1.0,-1.0,-1.0
343,1,24,0,32400,0,0.0,-1.0,-1.0,-1.0
343,1,24,1,32400,0,0.0,-1.0,-1.0,-1.0
343,1,24,2,32400,0,0.0,-1.0,-1.0,-1.0
343,1,25,0,32400,1,3.08641975308642e-05,24.999998092651367,-1.0,0.0
343,1,25,1,32400,0,0.0,-1.0,-1.0,-1.0
343,1,25,2,32400,0,0.0,-1.0,-1.0,-1.0
343,1,26,0,32400,1,3.08641975308642e-05,27.000001907348633,1.0,0.0
343,1,26,1,32400,0,0.0,-1.0,-1.0,-1.0
343,1,26,2,32400,0,0.0,-1.0,-1.0,-1.0
343,1,27,0,32400,0,0.0,-1.0,0.0,-1.0
343,1,27,1,32400,1,3.08641975308642e-05,18.0,-1.0,0.0
343,1,27,2,32400,0,0.0,-1.0,-1.0,-1.0
343,1,28,0,32400,1,3.08641975308642e-05,5.999999523162842,-1.0,0.0
343,1,28,1,32400,0,0.0,-1.0,0.0,-1.0
343,1,28,2,32400,0,0.0,-1.0,-1.0,-1.0
343,1,29,0,32400,0,0.0,-1.0,0.0,-1.0
343,1,29,1,32400,0,0.0,-1.0,-1.0,-1.0
343,1,29,2,32400,0,0.0,-1.0,-1.0,-1.0
343,1,30,0,32400,0,0.0,-1.0,-1.0,-1.0
343,1,30,1,32400,0,0.0,-1.0,-1.0,-1.0
343,1,30,2,32400,0,0.0,-1.0,-1.0,-1.0
343,1,31,0,32400,0,0.0,-1.0,-1.0,-1.0
343,1,31,1,32400,0,0.0,-1.0,-1.0,-1.0
343,1,31,2,32400,0,0.0,-1.0,-1.0,-1.0
343,1,32,0,32400,0,0.0,-1.0,-1.0,-1.0
343,1,32,1,32400,0,0.0,-1.0,-1.0,-1.0
343,1,32,2,32400,0,0.0,-1.0,-1.0,-1.0
343,1,33,0,32400,0,0.0,-1.0,-1.0,-1.0
343,1,33,1,32400,0,0.0,-1.0,-1.0,-1.0
343,1,33,2,32400,0,0.0,-1.0,-1.0,-1.0
343,1,34,0,32400,0,0.0,-1.0,-1.0,-1.0
343,1,34,1,32400,0,0.0,-1.0,-1.0,-1.0
343,1,34,2,32400,0,0.0,-1.0,-1.0,-1.0
343,1,35,0,32400,0,0.0,-1.0,-1.0,-1.0
343,1,35,1,32400,0,0.0,-1.0,-1.0,-1.0
343,1,35,2,32400,0,0.0,-1.0,-1.0,-1.0
343,2,1,0,32400,34,0.0010493827160493827,13.911765098571777,-1.0,0.17647058823529413
343,2,1,1,32400,5,0.00015432098765432098,5.599999904632568,-1.0,0.4
343,2,1,2,32400,10,0.00030864197530864197,31.399999618530273,-1.0,0.1
343,2,2,0,32400,23,0.0007098765432098765,20.478261947631836,0.29411764705882354,0.391304347826087
343,2,2,1,32400,8,0.0002469135802469136,7.375000476837158,0.6,0.25
343,2,2,2,32400,3,9.259259259259259e-05,16.0,0.1,0.0
343,2,3,0,32400,15,0.000462962962962963,8.800000190734863,0.30434782608695654,0.13333333333333333
343,2,3,1,32400,4,0.0001234567901234568,4.75,0.25,0.25
343,2,3,2,32400,6,0.00018518518518518518,14.5,0.6666666666666666,0.0
343,2,4,0,32400,6,0.00018518518518518518,24.33333396911621,0.2,0.0
343,2,4,1,32400,3,9.259259259259259e-05,9.333333969116211,0.5,0.0
343,2,4,2,32400,1,3.08641975308642e-05,1.0,0.16666666666666666,0.0
343,2,5,0,32400,7,0.0002160493827160494,2.142857313156128,0.16666666666666666,0.14285714285714285
343,2,5,1,32400,3,9.259259259259259e-05,10.0,0.6666666666666666,0.0
343,2,5,2,32400,2,6.17283950617284e-05,5.5,1.0,0.0
343,2,6,0,32400,5,0.00015432098765432098,4.0,0.2857142857142857,0.0
343,2,6,1,32400,2,6.17283950617284e-05,10.0,0.0,0.0
343,2,6,2,32400,3,9.259259259259259e-05,17.333335876464844,0.5,0.0
343,2,7,0,32400,2,6.17283950617284e-05,19.5,0.0,0.0
343,2,7,1,32400,0,0.0,-1.0,0.0,-1.0
343,2,7,2,32400,0,0.0,-1.0,0.0,-1.0
343,2,8,0,32400,4,0.0001234567901234568,3.5,0.0,0.0
343,2,8,1,32400,0,0.0,-1.0,-1.0,-1.0
343,2,8,2,32400,2,6.17283950617284e-05,5.0,-1.0,0.0
343,2,9,0,32400,4,0.0001234567901234568,6.750000476837158,0.25,0.0
343,2,9,1,32400,2,6.17283950617284e-05,2.0,-1.0,0.0
343,2,9,2,32400,1,3.08641975308642e-05,3.0,0.0,0.0
343,2,10,0,32400,4,0.0001234567901234568,30.250001907348633,0.5,0.0
343,2,10,1,32400,0,0.0,-1.0,0.0,-1.0
343,2,10,2,32400,0,0.0,-1.0,0.0,-1.0
343,2,11,0,32400,2,6.17283950617284e-05,74.49999237060547,0.0,0.0
343,2,11,1,32400,1,3.08641975308642e-05,5.0,-1.0,0.0
343,2,11,2,32400,1,3.08641975308642e-05,1.0,-1.0,0.0
343,2,12,0,32400,2,6.17283950617284e-05,2.5,0.0,0.0
343,2,12,1,32400,0,0.0,-1.0,0.0,-1.0
343,2,12,2,32400,0,0.0,-1.0,0.0,-1.0
343,2,13,0,32400,0,0.0,-1.0,0.0,-1.0
343,2,13,1,32400,0,0.0,-1.0,-1.0,-1.0
343,2,13,2,32400,0,0.0,-1.0,-1.0,-1.0
343,2,14,0,32400,1,3.08641975308642e-05,4.0,-1.0,0.0
343,2,14,1,32400,0,0.0,-1.0,-1.0,-1.0
343,2,14,2,32400,0,0.0,-1.0,-1.0,-1.0
343,2,15,0,32400,2,6.17283950617284e-05,25.5,0.0,0.0
343,2,15,1,32400,0,0.0,-1.0,-1.0,-1.0
343,2,15,2,32400,0,0.0,-1.0,-1.0,-1.0
343,2,16,0,32400,0,0.0,-1.0,0.0,-1.0
343,2,16,1,32400,0,0.0,-1.0,-1.0,-1.0
343,2,16,2,32400,0,0.0,-1.0,-1.0,-1.0
343,2,17,0,32400,1,3.08641975308642e-05,2.0,-1.0,0.0
343,2,17,1,32400,0,0.0,-1.0,-1.0,-1.0
343,2,17,2,32400,0,0.0,-1.0,-1.0,-1.0
343,2,18,0,32400,0,0.0,-1.0,0.0,-1.0
343,2,18,1,32400,0,0.0,-1.0,-1.0,-1.0
343,2,18,2,32400,0,0.0,-1.0,-1.0,-1.0
343,2,19,0,32400,1,3.08641975308642e-05,11.0,-1.0,0.0
343,2,19,1,32400,0,0.0,-1.0,-1.0,-1.0
343,2,19,2,32400,0,0.0,-1.0,-1.0,-1.0
343,2,20,0,32400,0,0.0,-1.0,0.0,-1.0
343,2,20,1,32400,1,3.08641975308642e-05,253.0000457763672,-1.0,0.0
343,2,20,2,32400,1,3.08641975308642e-05,1.0,-1.0,0.0
343,2,21,0,32400,1,3.08641975308642e-05,21.000001907348633,-1.0,0.0
343,2,21,1,32400,1,3.08641975308642e-05,256.0,1.0,0.0
343,2,21,2,32400,0,0.0,-1.0,0.0,-1.0
343,2,22,0,32400,0,0.0,-1.0,0.0,-1.0
343,2,22,1,32400,0,0.0,-1.0,0.0,-1.0
343,2,22,2,32400,0,0.0,-1.0,-1.0,-1.0
343,2,23,0,32400,0,0.0,-1.0,-1.0,-1.0
343,2,23,1,32400,1,3.08641975308642e-05,7.0,-1.0,0.0
343,2,23,2,32400,0,0.0,-1.0,-1.0,-1.0
343,2,24,0,32400,0,0.0,-1.0,-1.0,-1.0
343,2,24,1,32400,0,0.0,-1.0,0.0,-1.0
343,2,24,2,32400,0,0.0,-1.0,-1.0,-1.0
343,2,25,0,32400,1,3.08641975308642e-05,16.0,-1.0,0.0
343,2,25,1,32400,0,0.0,-1.0,-1.0,-1.0
343,2,25,2,32400,0,0.0,-1.0,-1.0,-1.0
343,2,26,0,32400,0,0.0,-1.0,0.0,-1.0
343,2,26,1,32400,0,0.0,-1.0,-1.0,-1.0
343,2,26,2,32400,0,0.0,-1.0,-1.0,-1.0
343,2,27,0,32400,0,0.0,-1.0,-1.0,-1.0
343,2,27,1,32400,0,0.0,-1.0,-1.0,-1.0
343,2,27,2,32400,0,0.0,-1.0,-1.0,-1.0
343,2,28,0,32400,0,0.0,-1.0,-1.0,-1.0
343,2,28,1,32400,0,0.0,-1.0,-1.0,-1.0
343,2,28,2,32400,0,0.0,-1.0,-1.0,-1.0
343,2,29,0,32400,0,0.0,-1.0,-1.0,-1.0
343,2,29,1,32400,0,0.0,-1.0,-1.0,-1.0
343,2,29,2,32400,0,0.0,-1.0,-1.0,-1.0
343,2,30,0,32400,0,0.0,-1.0,-1.0,-1.0
343,2,30,1,32400,0,0.0,-1.0,-1.0,-1.0
343,2,30,2,32400,0,0.0,-1.0,-1.0,-1.0
343,2,31,0,32400,0,0.0,-1.0,-1.0,-1.0
343,2,31,1,32400,0,0.0,-1.0,-1.0,-1.0
343,2,31,2,32400,0,0.0,-1.0,-1.0,-1.0
343,2,32,0,32400,0,0.0,-1.0,-1.0,-1.0
343,2,32,1,32400,0,0.0,-1.0,-1.0,-1.0
343,2,32,2,32400,0,0.0,-1.0,-1.0,-1.0
343,2,33,0,32400,0,0.0,-1.0,-1.0,-1.0
343,2,33,1,32400,0,0.0,-1.0,-1.0,-1.0
343,2,33,2,32400,0,0.0,-1.0,-1.0,-1.0
343,2,34,0,32400,1,3.08641975308642e-05,3.0,-1.0,0.0
343,2,34,1,32400,0,0.0,-1.0,-1.0,-1.0
343,2,34,2,32400,0,0.0,-1.0,-1.0,-1.0
343,2,35,0,32400,0,0.0,-1.0,0.0,-1.0
343,2,35,1,32400,0,0.0,-1.0,-1.0,-1.0
343,2,35,2,32400,0,0.0,-1.0,-1.0,-1.0
343,3,1,0,32400,25,0.0007716049382716049,72.08000946044922,-1.0,0.2
343,3,1,1,32400,9,0.0002777777777777778,12.999999046325684,-1.0,0.2222222222222222
343,3,1,2,32400,10,0.00030864197530864197,9.0,-1.0,0.0
343,3,2,0,32400,23,0.0007098765432098765,18.130435943603516,0.28,0.21739130434782608
343,3,2,1,32400,5,0.00015432098765432098,8.0,0.2222222222222222,0.2
343,3,2,2,32400,4,0.0001234567901234568,25.000001907348633,0.0,0.0
343,3,3,0,32400,12,0.00037037037037037035,9.666666984558105,0.13043478260869565,0.0
343,3,3,1,32400,4,0.0001234567901234568,60.999996185302734,0.4,0.0
343,3,3,2,32400,4,0.0001234567901234568,21.250003814697266,0.25,0.0
343,3,4,0,32400,5,0.00015432098765432098,4.800000190734863,0.08333333333333333,0.0
343,3,4,1,32400,3,9.259259259259259e-05,9.666666984558105,0.0,0.0
343,3,4,2,32400,2,6.17283950617284e-05,2.0,0.25,0.5
343,3,5,0,32400,8,0.0002469135802469136,9.875,0.2,0.0
343,3,5,1,32400,1,3.08641975308642e-05,1.0,0.0,0.0
343,3,5,2,32400,3,9.259259259259259e-05,103.33333587646484,0.0,0.0
343,3,6,0,32400,5,0.00015432098765432098,9.40000057220459,0.25,0.0
343,3,6,1,32400,0,0.0,-1.0,0.0,-1.0
343,3,6,2,32400,1,3.08641975308642e-05,1.0,0.0,0.0
343,3,7,0,32400,1,3.08641975308642e-05,2.0,0.2,0.0
343,3,7,1,32400,3,9.259259259259259e-05,9.0,-1.0,0.0
343,3,7,2,32400,3,9.259259259259259e-05,18.666667938232422,0.0,0.0
343,3,8,0,32400,3,9.259259259259259e-05,7.6666669845581055,0.0,0.0
343,3,8,1,32400,1,3.08641975308642e-05,67.0,0.3333333333333333,0.0
343,3,8,2,32400,3,9.259259259259259e-05,35.0,0.3333333333333333,0.0
343,3,9,0,32400,3,9.259259259259259e-05,24.999998092651367,0.3333333333333333,0.0
343,3,9,1,32400,2,6.17283950617284e-05,11.5,1.0,0.0
343,3,9,2,32400,1,3.08641975308642e-05,79.0,0.0,0.0
343,3,10,0,32400,2,6.17283950617284e-05,17.0,0.3333333333333333,0.0
343,3,10,1,32400,0,0.0,-1.0,0.0,-1.0
343,3,10,2,32400,1,3.08641975308642e-05,9.0,0.0,0.0
343,3,11,0,32400,1,3.08641975308642e-05,1.0,0.5,0.0
343,3,11,1,32400,0,0.0,-1.0,-1.0,-1.0
343,3,11,2,32400,0,0.0,-1.0,0.0,-1.0
343,3,12,0,32400,1,3.08641975308642e-05,2.0,1.0,0.0
343,3,12,1,32400,0,0.0,-1.0,-1.0,-1.0
343,3,12,2,32400,0,0.0,-1.0,-1.0,-1.0
343,3,13,0,32400,0,0.0,-1.0,0.0,-1.0
343,3,13,1,32400,0,0.0,-1.0,-1.0,-1.0
343,3,13,2,32400,0,0.0,-1.0,-1.0,-1.0
343,3,14,0,32400,1,3.08641975308642e-05,5.0,-1.0,0.0
343,3,14,1,32400,0,0.0,-1.0,-1.0,-1.0
343,3,14,2,32400,0,0.0,-1.0,-1.0,-1.0
343,3,15,0,32400,1,3.08641975308642e-05,7.0,0.0,0.0
343,3,15,1,32400,0,0.0,-1.0,-1.0,-1.0
343,3,15,2,32400,0,0.0,-1.0,-1.0,-1.0
343,3,16,0,32400,1,3.08641975308642e-05,2.0,0.0,0.0
343,3,16,1,32400,0,0.0,-1.0,-1.0,-1.0
343,3,16,2,32400,0,0.0,-1.0,-1.0,-1.0
343,3,17,0,32400,1,3.08641975308642e-05,5.0,0.0,0.0
343,3,17,1,32400,0,0.0,-1.0,-1.0,-1.0
343,3,17,2,32400,0,0.0,-1.0,-1.0,-1.0
343,3,18,0,32400,0,0.0,-1.0,0.0,-1.0
343,3,18,1,32400,0,0.0,-1.0,-1.0,-1.0
343,3,18,2,32400,1,3.08641975308642e-05,1.0,-1.0,0.0
343,3,19,0,32400,0,0.0,-1.0,-1.0,-1.0
343,3,19,1,32400,0,0.0,-1.0,-1.0,-1.0
343,3,19,2,32400,0,0.0,-1.0,0.0,-1.0
343,3,20,0,32400,0,0.0,-1.0,-1.0,-1.0
343,3,20,1,32400,0,0.0,-1.0,-1.0,-1.0
343,3,20,2,32400,0,0.0,-1.0,-1.0,-1.0
343,3,21,0,32400,0,0.0,-1.0,-1.0,-1.0
343,3,21,1,32400,1,3.08641975308642e-05,22.0,-1.0,0.0
343,3,21,2,32400,0,0.0,-1.0,-1.0,-1.0
343,3,22,0,32400,0,0.0,-1.0,-1.0,-1.0
343,3,22,1,32400,0,0.0,-1.0,0.0,-1.0
343,3,22,2,32400,0,0.0,-1.0,-1.0,-1.0
343,3,23,0,32400,0,0.0,-1.0,-1.0,-1.0
343,3,23,1,32400,1,3.08641975308642e-05,5.999999523162842,-1.0,0.0
343,3,23,2,32400,0,0.0,-1.0,-1.0,-1.0
343,3,24,0,32400,0,0.0,-1.0,-1.0,-1.0
343,3,24,1,32400,0,0.0,-1.0,0.0,-1.0
343,3,24,2,32400,0,0.0,-1.0,-1.0,-1.0
343,3,25,0,32400,0,0.0,-1.0,-1.0,-1.0
343,3,25,1,32400,0,0.0,-1.0,-1.0,-1.0
343,3,25,2,32400,1,3.08641975308642e-05,1.0,-1.0,0.0
343,3,26,0,32400,0,0.0,-1.0,-1.0,-1.0
343,3,26,1,32400,0,0.0,-1.0,-1.0,-1.0
343,3,26,2,32400,0,0.0,-1.0,0.0,-1.0
343,3,27,0,32400,0,0.0,-1.0,-1.0,-1.0
343,3,27,1,32400,0,0.0,-1.0,-1.0,-1.0
343,3,27,2,32400,0,0.0,-1.0,-1.0,-1.0
343,3,28,0,32400,0,0.0,-1.0,-1.0,-1.0
343,3,28,1,32400,0,0.0,-1.0,-1.0,-1.0
343,3,28,2,32400,0,0.0,-1.0,-1.0,-1.0
343,3,29,0,32400,0,0.0,-1.0,-1.0,-1.0
343,3,29,1,32400,0,0.0,-1.0,-1.0,-1.0
343,3,29,2,32400,0,0.0,-1.0,-1.0,-1.0
343,3,30,0,32400,0,0.0,-1.0,-1.0,-1.0
343,3,30,1,32400,0,0.0,-1.0,-1.0,-1.0
343,3,30,2,32400,0,0.0,-1.0,-1.0,-1.0
343,3,31,0,32400,0,0.0,-1.0,-1.0,-1.0
343,3,31,1,32400,0,0.0,-1.0,-1.0,-1.0
343,3,31,2,32400,0,0.0,-1.0,-1.0,-1.0
343,3,32,0,32400,0,0.0,-1.0,-1.0,-1.0
343,3,32,1,32400,0,0.0,-1.0,-1.0,-1.0
343,3,32,2,32400,0,0.0,-1.0,-1.0,-1.0
343,3,33,0,32400,0,0.0,-1.0,-1.0,-1.0
343,3,33,1,32400,0,0.0,-1.0,-1.0,-1.0
343,3,33,2,32400,0,0.0,-1.0,-1.0,-1.0
343,3,34,0,32400,0,0.0,-1.0,-1.0,-1.0
343,3,34,1,32400,0,0.0,-1.0,-1.0,-1.0
343,3,34,2,32400,0,0.0,-1.0,-1.0,-1.0
343,3,35,0,32400,0,0.0,-1.0,-1.0,-1.0
343,3,35,1,32400,0,0.0,-1.0,-1.0,-1.0
343,3,35,2,32400,0,0.0,-1.0,-1.0,-1.0
344,0,1,0,32400,32,0.0009876543209876543,19.96875,-1.0,0.3125
344,0,1,1,32400,6,0.00018518518518518518,41.333335876464844,-1.0,0.3333333333333333
344,0,1,2,32400,5,0.00015432098765432098,11.600000381469727,-1.0,0.2
344,0,2,0,32400,16,0.0004938271604938272,8.5625,0.3125,0.125
344,0,2,1,32400,2,6.17283950617284e-05,25.000001907348633,0.0,0.0
344,0,2,2,32400,3,9.259259259259259e-05,23.33333396911621,0.4,0.0
344,0,3,0,32400,9,0.0002777777777777778,8.44444465637207,0.25,0.0
344,0,3,1,32400,2,6.17283950617284e-05,12.000000953674316,0.0,0.0
344,0,3,2,32400,4,0.0001234567901234568,20.249998092651367,0.6666666666666666,0.0
344,0,4,0,32400,9,0.0002777777777777778,16.77777862548828,0.2222222222222222,0.1111111111111111
344,0,4,1,32400,2,6.17283950617284e-05,6.5,0.0,0.5
344,0,4,2,32400,1,3.08641975308642e-05,5.0,0.0,0.0
344,0,5,0,32400,5,0.00015432098765432098,5.0,0.2222222222222222,0.0
344,0,5,1,32400,3,9.259259259259259e-05,6.6666669845581055,0.0,0.0
344,0,5,2,32400,0,0.0,-1.0,0.0,-1.0
344,0,6,0,32400,3,9.259259259259259e-05,3.0,0.0,0.0
344,0,6,1,32400,1,3.08641975308642e-05,1.0,0.0,0.0
344,0,6,2,32400,2,6.17283950617284e-05,5.5,-1.0,0.0
344,0,7,0,32400,2,6.17283950617284e-05,2.5,0.0,0.0
344,0,7,1,32400,2,6.17283950617284e-05,8.5,0.0,0.0
344,0,7,2,32400,0,0.0,-1.0,0.0,-1.0
344,0,8,0,32400,0,0.0,-1.0,0.0,-1.0
344,0,8,1,32400,0,0.0,-1.0,0.0,-1.0
344,0,8,2,32400,0,0.0,-1.0,-1.0,-1.0
344,0,9,0,32400,1,3.08641975308642e-05,3.0,-1.0,0.0
344,0,9,1,32400,2,6.17283950617284e-05,26.500001907348633,-1.0,0.0
344,0,9,2,32400,0,0.0,-1.0,-1.0,-1.0
344,0,10,0,32400,2,6.17283950617284e-05,23.000001907348633,1.0,0.5
344,0,10,1,32400,0,0.0,-1.0,0.0,-1.0
344,0,10,2,32400,0,0.0,-1.0,-1.0,-1.0
344,0,11,0,32400,1,3.08641975308642e-05,35.0,0.0,0.0
344,0,11,1,32400,0,0.0,-1.0,-1.0,-1.0
344,0,11,2,32400,0,0.0,-1.0,-1.0,-1.0
344,0,12,0,32400,1,3.08641975308642e-05,90.0,0.0,0.0
344,0,12,1,32400,0,0.0,-1.0,-1.0,-1.0
344,0,12,2,32400,0,0.0,-1.0,-1.0,-1.0
344,0,13,0,32400,3,9.259259259259259e-05,1.6666667461395264,0.0,0.0
344,0,13,1,32400,0,0.0,-1.0,-1.0,-1.0
344,0,13,2,32400,0,0.0,-1.0,-1.0,-1.0
344,0,14,0,32400,1,3.08641975308642e-05,1.0,0.0,0.0
344,0,14,1,32400,0,0.0,-1.0,-1.0,-1.0
344,0,14,2,32400,0,0.0,-1.0,-1.0,-1.0
344,0,15,0,32400,0,0.0,-1.0,0.0,-1.0
344,0,15,1,32400,0,0.0,-1.0,-1.0,-1.0
344,0,15,2,32400,0,0.0,-1.0,-1.0,-1.0
344,0,16,0,32400,1,3.08641975308642e-05,1.0,-1.0,0.0
344,0,16,1,32400,0,0.0,-1.0,-1.0,-1.0
344,0,16,2,32400,0,0.0,-1.0,-1.0,-1.0
344,0,17,0,32400,0,0.0,-1.0,0.0,-1.0
344,0,17,1,32400,0,0.0,-1.0,-1.0,-1.0
344,0,17,2,32400,0,0.0,-1.0,-1.0,-1.0
344,0,18,0,32400,2,6.17283950617284e-05,18.499998092651367,-1.0,0.0
344,0,18,1,32400,0,0.0,-1.0,-1.0,-1.0
344,0,18,2,32400,0,0.0,-1.0,-1.0,-1.0
344,0,19,0,32400,0,0.0,-1.0,0.0,-1.0
344,0,19,1,32400,0,0.0,-1.0,-1.0,-1.0
344,0,19,2,32400,0,0.0,-1.0,-1.0,-1.0
344,0,20,0,32400,0,0.0,-1.0,-1.0,-1.0
344,0,20,1,32400,0,0.0,-1.0,-1.0,-1.0
344,0,20,2,32400,0,0.0,-1.0,-1.0,-1.0
344,0,21,0,32400,0,0.0,-1.0,-1.0,-1.0
344,0,21,1,32400,0,0.0,-1.0,-1.0,-1.0
344,0,21,2,32400,0,0.0,-1.0,-1.0,-1.0
344,0,22,0,32400,0,0.0,-1.0,-1.0,-1.0
344,0,22,1,32400,0,0.0,-1.0,-1.0,-1.0
344,0,22,2,32400,0,0.0,-1.0,-1.0,-1.0
344,0,23,0,32400,0,0.0,-1.0,-1.0,-1.0
344,0,23,1,32400,0,0.0,-1.0,-1.0,-1.0
344,0,23,2,32400,0,0.0,-1.0,-1.0,-1.0
344,0,24,0,32400,0,0.0,-1.0,-1.0,-1.0
344,0,24,1,32400,1,3.08641975308642e-05,18.0,-1.0,0.0
344,0,24,2,32400,0,0.0,-1.0,-1.0,-1.0
344,0,25,0,32400,1,3.08641975308642e-05,1.0,-1.0,0.0
344,0,25,1,32400,0,0.0,-1.0,0.0,-1.0
344,0,25,2,32400,0,0.0,-1.0,-1.0,-1.0
344,0,26,0,32400,0,0.0,-1.0,0.0,-1.0
344,0,26,1,32400,0,0.0,-1.0,-1.0,-1.0
344,0,26,2,32400,0,0.0,-1.0,-1.0,-1.0
344,0,27,0,32400,0,0.0,-1.0,-1.0,-1.0
344,0,27,1,32400,0,0.0,-1.0,-1.0,-1.0
344,0,27,2,32400,0,0.0,-1.0,-1.0,-1.0
344,0,28,0,32400,0,0.0,-1.0,-1.0,-1.0
344,0,28,1,32400,0,0.0,-1.0,-1.0,-1.0
344,0,28,2,32400,0,0.0,-1.0,-1.0,-1.0
344,0,29,0,32400,0,0.0,-1.0,-1.0,-1.0
344,0,29,1,32400,0,0.0,-1.0,-1.0,-1.0
344,0,29,2,32400,0,0.0,-1.0,-1.0,-1.0
344,0,30,0,32400,0,0.0,-1.0,-1.0,-1.0
344,0,30,1,32400,1,3.08641975308642e-05,68.0,-1.0,0.0
344,0,30,2,32400,0,0.0,-1.0,-1.0,-1.0
344,0,31,0,32400,0,0.0,-1.0,-1.0,-1.0
344,0,31,1,32400,0,0.0,-1.0,0.0,-1.0
344,0,31,2,32400,0,0.0,-1.0,-1.0,-1.0
344,0,32,0,32400,0,0.0,-1.0,-1.0,-1.0
344,0,32,1,32400,0,0.0,-1.0,-1.0,-1.0
344,0,32,2,32400,0,0.0,-1.0,-1.0,-1.0
344,0,33,0,32400,0,0.0,-1.0,-1.0,-1.0
344,0,33,1,32400,0,0.0,-1.0,-1.0,-1.0
344,0,33,2,32400,0,0.0,-1.0,-1.0,-1.0
344,0,34,0,32400,0,0.0,-1.0,-1.0,-1.0
344,0,34,1,32400,2,6.17283950617284e-05,18.0,-1.0,0.0
344,0,34,2,32400,0,0.0,-1.0,-1.0,-1.0
344,0,35,0,32400,0,0.0,-1.0,-1.0,-1.0
344,0,35,1,32400,0,0.0,-1.0,0.0,-1.0
344,0,35,2,32400,0,0.0,-1.0,-1.0,-1.0
344,1,1,0,32400,45,0.001388888888888889,16.844444274902344,-1.0,0.2
344,1,1,1,32400,11,0.00033950617283950616,68.45453643798828,-1.0,0.09090909090909091
344,1,1,2,32400,6,0.00018518518518518518,27.5,-1.0,0.16666666666666666
344,1,2,0,32400,19,0.0005864197530864197,25.3157901763916,0.28888888888888886,0.15789473684210525
344,1,2,1,32400,9,0.0002777777777777778,38.0,0.18181818181818182,0.0
344,1,2,2,32400,4,0.0001234567901234568,18.749998092651367,0.3333333333333333,0.0
344,1,3,0,32400,19,0.0005864197530864197,20.6842098236084,0.3157894736842105,0.10526315789473684
344,1,3,1,32400,7,0.0002160493827160494,10.428571701049805,0.3333333333333333,0.42857142857142855
344,1,3,2,32400,3,9.259259259259259e-05,6.333333492279053,0.25,0.0
344,1,4,0,32400,13,0.00040123456790123454,18.461538314819336,0.3684210526315789,0.15384615384615385
344,1,4,1,32400,4,0.0001234567901234568,9.000000953674316,0.2857142857142857,0.0
344,1,4,2,32400,3,9.259259259259259e-05,33.00000762939453,0.0,0.0
344,1,5,0,32400,8,0.0002469135802469136,18.500003814697266,0.23076923076923078,0.25
344,1,5,1,32400,2,6.17283950617284e-05,13.0,0.5,0.0
344,1,5,2,32400,2,6.17283950617284e-05,8.5,0.0,0.0
344,1,6,0,32400,4,0.0001234567901234568,18.0,0.0,0.0
344,1,6,1,32400,0,0.0,-1.0,0.0,-1.0
344,1,6,2,32400,0,0.0,-1.0,0.0,-1.0
344,1,7,0,32400,2,6.17283950617284e-05,11.500000953674316,0.25,0.0
344,1,7,1,32400,2,6.17283950617284e-05,3.0,-1.0,0.0
344,1,7,2,32400,0,0.0,-1.0,-1.0,-1.0
344,1,8,0,32400,2,6.17283950617284e-05,3.0,0.0,0.0
344,1,8,1,32400,2,6.17283950617284e-05,8.0,0.0,0.0
344,1,8,2,32400,0,0.0,-1.0,-1.0,-1.0
344,1,9,0,32400,2,6.17283950617284e-05,9.5,0.0,0.0
344,1,9,1,32400,0,0.0,-1.0,0.0,-1.0
344,1,9,2,32400,0,0.0,-1.0,-1.0,-1.0
344,1,10,0,32400,1,3.08641975308642e-05,11.0,0.0,0.0
344,1,10,1,32400,1,3.08641975308642e-05,7.0,-1.0,0.0
344,1,10,2,32400,1,3.08641975308642e-05,5.0,-1.0,0.0
344,1,11,0,32400,2,6.17283950617284e-05,6.0,0.0,0.0
344,1,11,1,32400,0,0.0,-1.0,0.0,-1.0
344,1,11,2,32400,1,3.08641975308642e-05,4.0,0.0,0.0
344,1,12,0,32400,1,3.08641975308642e-05,149.00001525878906,0.0,0.0
344,1,12,1,32400,1,3.08641975308642e-05,5.999999523162842,-1.0,0.0
344,1,12,2,32400,1,3.08641975308642e-05,22.0,0.0,0.0
344,1,13,0,32400,0,0.0,-1.0,0.0,-1.0
344,1,13,1,32400,1,3.08641975308642e-05,109.00001525878906,0.0,0.0
344,1,13,2,32400,0,0.0,-1.0,0.0,-1.0
344,1,14,0,32400,0,0.0,-1.0,-1.0,-1.0
344,1,14,1,32400,0,0.0,-1.0,0.0,-1.0
344,1,14,2,32400,0,0.0,-1.0,-1.0,-1.0
344,1,15,0,32400,0,0.0,-1.0,-1.0,-1.0
344,1,15,1,32400,1,3.08641975308642e-05,1.0,-1.0,0.0
344,1,15,2,32400,0,0.0,-1.0,-1.0,-1.0
344,1,16,0,32400,0,0.0,-1.0,-1.0,-1.0
344,1,16,1,32400,0,0.0,-1.0,0.0,-1.0
344,1,16,2,32400,1,3.08641975308642e-05,1.0,-1.0,0.0
344,1,17,0,32400,0,0.0,-1.0,-1.0,-1.0
344,1,17,1,32400,0,0.0,-1.0,-1.0,-1.0
344,1,17,2,32400,0,0.0,-1.0,0.0,-1.0
344,1,18,0,32400,1,3.08641975308642e-05,1.0,-1.0,0.0
344,1,18,1,32400,0,0.0,-1.0,-1.0,-1.0
344,1,18,2,32400,0,0.0,-1.0,-1.0,-1.0
344,1,19,0,32400,0,0.0,-1.0,0.0,-1.0
344,1,19,1,32400,0,0.0,-1.0,-1.0,-1.0
344,1,19,2,32400,0,0.0,-1.0,-1.0,-1.0
344,1,20,0,32400,0,0.0,-1.0,-1.0,-1.0
344,1,20,1,32400,1,3.08641975308642e-05,4.0,-1.0,0.0
344,1,20,2,32400,0,0.0,-1.0,-1.0,-1.0
344,1,21,0,32400,0,0.0,-1.0,-1.0,-1.0
344,1,21,1,32400,0,0.0,-1.0,0.0,-1.0
344,1,21,2,32400,0,0.0,-1.0,-1.0,-1.0
344,1,22,0,32400,0,0.0,-1.0,-1.0,-1.0
344,1,22,1,32400,0,0.0,-1.0,-1.0,-1.0
344,1,22,2,32400,0,0.0,-1.0,-1.0,-1.0
344,1,23,0,32400,0,0.0,-1.0,-1.0,-1.0
344,1,23,1,32400,0,0.0,-1.0,-1.0,-1.0
344,1,23,2,32400,0,0.0,-1.0,-1.0,-1.0
344,1,24,0,32400,0,0.0,-1.0,-1.0,-1.0
344,1,24,1,32400,0,0.0,-1.0,-1.0,-1.0
344,1,24,2,32400,0,0.0,-1.0,-1.0,-1.0
344,1,25,0,32400,0,0.0,-1.0,-1.0,-1.0
344,1,25,1,32400,0,0.0,-1.0,-1.0,-1.0
344,1,25,2,32400,0,0.0,-1.0,-1.0,-1.0
344,1,26,0,32400,0,0.0,-1.0,-1.0,-1.0
344,1,26,1,32400,0,0.0,-1.0,-1.0,-1.0
344,1,26,2,32400,0,0.0,-1.0,-1.0,-1.0
344,1,27,0,32400,0,0.0,-1.0,-1.0,-1.0
344,1,27,1,32400,0,0.0,-1.0,-1.0,-1.0
344,1,27,2,32400,0,0.0,-1.0,-1.0,-1.0
344,1,28,0,32400,0,0.0,-1.0,-1.0,-1.0
344,1,28,1,32400,0,0.0,-1.0,-1.0,-1.0
344,1,28,2,32400,0,0.0,-1.0,-1.0,-1.0
344,1,29,0,32400,0,0.0,-1.0,-1.0,-1.0
344,1,29,1,32400,0,0.0,-1.0,-1.0,-1.0
344,1,29,2,32400,0,0.0,-1.0,-1.0,-1.0
344,1,30,0,32400,0,0.0,-1.0,-1.0,-1.0
344,1,30,1,32400,0,0.0,-1.0,-1.0,-1.0
344,1,30,2,32400,0,0.0,-1.0,-1.0,-1.0
344,1,31,0,32400,0,0.0,-1.0,-1.0,-1.0
344,1,31,1,32400,0,0.0,-1.0,-1.0,-1.0
344,1,31,2,32400,0,0.0,-1.0,-1.0,-1.0
344,1,32,0,32400,0,0.0,-1.0,-1.0,-1.0
344,1,32,1,32400,0,0.0,-1.0,-1.0,-1.0
344,1,32,2,32400,0,0.0,-1.0,-1.0,-1.0
344,1,33,0,32400,0,0.0,-1.0,-1.0,-1.0
344,1,33,1,32400,0,0.0,-1.0,-1.0,-1.0
344,1,33,2,32400,0,0.0,-1.0,-1.0,-1.0
344,1,34,0,32400,0,0.0,-1.0,-1.0,-1.0
344,1,34,1,32400,0,0.0,-1.0,-1.0,-1.0
344,1,34,2,32400,0,0.0,-1.0,-1.0,-1.0
344,1,35,0,32400,0,0.0,-1.0,-1.0,-1.0
344,1,35,1,32400,0,0.0,-1.0,-1.0,-1.0
344,1,35,2,32400,0,0.0,-1.0,-1.0,-1.0
344,2,1,0,32400,37,0.0011419753086419754,13.810811042785645,-1.0,0.43243243243243246
344,2,1,1,32400,7,0.0002160493827160494,21.428571701049805,-1.0,0.14285714285714285
344,2,1,2,32400,9,0.0002777777777777778,9.0,-1.0,0.0
344,2,2,0,32400,19,0.0005864197530864197,28.052631378173828,0.2972972972972973,0.42105263157894735
344,2,2,1,32400,6,0.00018518518518518518,14.833333969116211,0.42857142857142855,0.0
344,2,2,2,32400,7,0.0002160493827160494,10.857144355773926,0.1111111111111111,0.0
344,2,3,0,32400,17,0.0005246913580246914,8.29411792755127,0.21052631578947367,0.23529411764705882
344,2,3,1,32400,2,6.17283950617284e-05,6.000000476837158,0.0,0.0
344,2,3,2,32400,7,0.0002160493827160494,7.142857551574707,0.2857142857142857,0.0
344,2,4,0,32400,13,0.00040123456790123454,20.307693481445312,0.17647058823529413,0.0
344,2,4,1,32400,1,3.08641975308642e-05,41.000003814697266,0.0,0.0
344,2,4,2,32400,4,0.0001234567901234568,4.75,0.0,0.25
344,2,5,0,32400,5,0.00015432098765432098,5.0,0.15384615384615385,0.2
344,2,5,1,32400,1,3.08641975308642e-05,1.0,0.0,0.0
344,2,5,2,32400,1,3.08641975308642e-05,19.0,0.0,0.0
344,2,6,0,32400,3,9.259259259259259e-05,10.666666984558105,0.2,0.0
344,2,6,1,32400,1,3.08641975308642e-05,152.0,0.0,0.0
344,2,6,2,32400,0,0.0,-1.0,0.0,-1.0
344,2,7,0,32400,5,0.00015432098765432098,13.40000057220459,0.3333333333333333,0.0
344,2,7,1,32400,1,3.08641975308642e-05,9.0,0.0,0.0
344,2,7,2,32400,1,3.08641975308642e-05,1.0,-1.0,0.0
344,2,8,0,32400,4,0.0001234567901234568,15.0,0.4,0.0
344,2,8,1,32400,1,3.08641975308642e-05,15.0,0.0,0.0
344,2,8,2,32400,0,0.0,-1.0,0.0,-1.0
344,2,9,0,32400,4,0.0001234567901234568,17.500003814697266,0.0,0.0
344,2,9,1,32400,1,3.08641975308642e-05,7.0,0.0,0.0
344,2,9,2,32400,2,6.17283950617284e-05,14.499999046325684,-1.0,0.0
344,2,10,0,32400,3,9.259259259259259e-05,5.6666669845581055,0.0,0.0
344,2,10,1,32400,0,0.0,-1.0,0.0,-1.0
344,2,10,2,32400,0,0.0,-1.0,0.0,-1.0
344,2,11,0,32400,3,9.259259259259259e-05,13.333333969116211,0.0,0.0
344,2,11,1,32400,0,0.0,-1.0,-1.0,-1.0
344,2,11,2,32400,0,0.0,-1.0,-1.0,-1.0
344,2,12,0,32400,0,0.0,-1.0,0.0,-1.0
344,2,12,1,32400,1,3.08641975308642e-05,5.999999523162842,-1.0,0.0
344,2,12,2,32400,0,0.0,-1.0,-1.0,-1.0
344,2,13,0,32400,0,0.0,-1.0,-1.0,-1.0
344,2,13,1,32400,0,0.0,-1.0,0.0,-1.0
344,2,13,2,32400,1,3.08641975308642e-05,2.0,-1.0,0.0
344,2,14,0,32400,1,3.08641975308642e-05,2.0,-1.0,0.0
344,2,14,1,32400,0,0.0,-1.0,-1.0,-1.0
344,2,14,2,32400,0,0.0,-1.0,0.0,-1.0
344,2,15,0,32400,0,0.0,-1.0,0.0,-1.0
344,2,15,1,32400,0,0.0,-1.0,-1.0,-1.0
344,2,15,2,32400,0,0.0,-1.0,-1.0,-1.0
344,2,16,0,32400,0,0.0,-1.0,-1.0,-1.0
344,2,16,1,32400,0,0.0,-1.0,-1.0,-1.0
344,2,16,2,32400,1,3.08641975308642e-05,2.0,-1.0,0.0
344,2,17,0,32400,0,0.0,-1.0,-1.0,-1.0
344,2,17,1,32400,0,0.0,-1.0,-1.0,-1.0
344,2,17,2,32400,0,0.0,-1.0,0.0,-1.0
344,2,18,0,32400,0,0.0,-1.0,-1.0,-1.0
344,2,18,1,32400,0,0.0,-1.0,-1.0,-1.0
344,2,18,2,32400,0,0.0,-1.0,-1.0,-1.0
344,2,19,0,32400,0,0.0,-1.0,-1.0,-1.0
344,2,19,1,32400,0,0.0,-1.0,-1.0,-1.0
344,2,19,2,32400,0,0.0,-1.0,-1.0,-1.0
344,2,20,0,32400,2,6.17283950617284e-05,3.5,-1.0,0.0
344,2,20,1,32400,0,0.0,-1.0,-1.0,-1.0
344,2,20,2,32400,0,0.0,-1.0,-1.0,-1.0
344,2,21,0,32400,1,3.08641975308642e-05,2.0,0.0,0.0
344,2,21,1,32400,1,3.08641975308642e-05,1.0,-1.0,0.0
344,2,21,2,32400,0,0.0,-1.0,-1.0,-1.0
344,2,22,0,32400,0,0.0,-1.0,0.0,-1.0
344,2,22,1,32400,0,0.0,-1.0,0.0,-1.0
344,2,22,2,32400,0,0.0,-1.0,-1.0,-1.0
344,2,23,0,32400,0,0.0,-1.0,-1.0,-1.0
344,2,23,1,32400,0,0.0,-1.0,-1.0,-1.0
344,2,23,2,32400,0,0.0,-1.0,-1.0,-1.0
344,2,24,0,32400,0,0.0,-1.0,-1.0,-1.0
344,2,24,1,32400,0,0.0,-1.0,-1.0,-1.0
344,2,24,2,32400,0,0.0,-1.0,-1.0,-1.0
344,2,25,0,32400,0,0.0,-1.0,-1.0,-1.0
344,2,25,1,32400,1,3.08641975308642e-05,2.0,-1.0,0.0
344,2,25,2,32400,0,0.0,-1.0,-1.0,-1.0
344,2,26,0,32400,0,0.0,-1.0,-1.0,-1.0
344,2,26,1,32400,0,0.0,-1.0,0.0,-1.0
344,2,26,2,32400,0,0.0,-1.0,-1.0,-1.0
344,2,27,0,32400,0,0.0,-1.0,-1.0,-1.0
344,2,27,1,32400,0,0.0,-1.0,-1.0,-1.0
344,2,27,2,32400,0,0.0,-1.0,-1.0,-1.0
344,2,28,0,32400,0,0.0,-1.0,-1.0,-1.0
344,2,28,1,32400,0,0.0,-1.0,-1.0,-1.0
344,2,28,2,32400,0,0.0,-1.0,-1.0,-1.0
344,2,29,0,32400,0,0.0,-1.0,-1.0,-1.0
344,2,29,1,32400,0,0.0,-1.0,-1.0,-1.0
344,2,29,2,32400,0,0.0,-1.0,-1.0,-1.0
344,2,30,0,32400,0,0.0,-1.0,-1.0,-1.0
344,2,30,1,32400,0,0.0,-1.0,-1.0,-1.0
344,2,30,2,32400,0,0.0,-1.0,-1.0,-1.0
344,2,31,0,32400,1,3.08641975308642e-05,4.0,-1.0,0.0
344,2,31,1,32400,0,0.0,-1.0,-1.0,-1.0
344,2,31,2,32400,0,0.0,-1.0,-1.0,-1.0
344,2,32,0,32400,0,0.0,-1.0,0.0,-1.0
344,2,32,1,32400,0,0.0,-1.0,-1.0,-1.0
344,2,32,2,32400,0,0.0,-1.0,-1.0,-1.0
344,2,33,0,32400,0,0.0,-1.0,-1.0,-1.0
344,2,33,1,32400,0,0.0,-1.0,-1.0,-1.0
344,2,33,2,32400,0,0.0,-1.0,-1.0,-1.0
344,2,34,0,32400,0,0.0,-1.0,-1.0,-1.0
344,2,34,1,32400,0,0.0,-1.0,-1.0,-1.0
344,2,34,2,32400,0,0.0,-1.0,-1.0,-1.0
344,2,35,0,32400,0,0.0,-1.0,-1.0,-1.0
344,2,35,1,32400,0,0.0,-1.0,-1.0,-1.0
344,2,35,2,32400,0,0.0,-1.0,-1.0,-1.0
344,3,1,0,32400,44,0.0013580246913580246,23.47727394104004,-1.0,0.36363636363636365
344,3,1,1,32400,10,0.00030864197530864197,11.399999618530273,-1.0,0.4
344,3,1,2,32400,8,0.0002469135802469136,46.25000762939453,-1.0,0.0
344,3,2,0,32400,31,0.0009567901234567902,25.45161247253418,0.36363636363636365,0.25806451612903225
344,3,2,1,32400,6,0.00018518518518518518,11.166666984558105,0.1,0.16666666666666666
344,3,2,2,32400,4,0.0001234567901234568,81.99999237060547,0.0,0.0
344,3,3,0,32400,20,0.0006172839506172839,9.050000190734863,0.3548387096774194,0.15
344,3,3,1,32400,4,0.0001234567901234568,5.5,0.16666666666666666,0.0
344,3,3,2,32400,5,0.00015432098765432098,57.400001525878906,0.25,0.0
344,3,4,0,32400,11,0.00033950617283950616,13.181818962097168,0.15,0.09090909090909091
344,3,4,1,32400,4,0.0001234567901234568,9.25,0.25,0.0
344,3,4,2,32400,3,9.259259259259259e-05,52.0,0.0,0.0
344,3,5,0,32400,7,0.0002160493827160494,13.000000953674316,0.2727272727272727,0.14285714285714285
344,3,5,1,32400,1,3.08641975308642e-05,3.0,0.0,0.0
344,3,5,2,32400,1,3.08641975308642e-05,155.00003051757812,0.0,0.0
344,3,6,0,32400,4,0.0001234567901234568,8.75,0.0,0.0
344,3,6,1,32400,3,9.259259259259259e-05,12.333333969116211,1.0,0.3333333333333333
344,3,6,2,32400,1,3.08641975308642e-05,1.0,0.0,0.0
344,3,7,0,32400,4,0.0001234567901234568,13.999999046325684,0.0,0.0
344,3,7,1,32400,0,0.0,-1.0,0.0,-1.0
344,3,7,2,32400,0,0.0,-1.0,0.0,-1.0
344,3,8,0,32400,0,0.0,-1.0,0.0,-1.0
344,3,8,1,32400,0,0.0,-1.0,-1.0,-1.0
344,3,8,2,32400,0,0.0,-1.0,-1.0,-1.0
344,3,9,0,32400,3,9.259259259259259e-05,3.3333334922790527,-1.0,0.0
344,3,9,1,32400,1,3.08641975308642e-05,2.0,-1.0,0.0
344,3,9,2,32400,0,0.0,-1.0,-1.0,-1.0
344,3,10,0,32400,2,6.17283950617284e-05,21.999998092651367,0.3333333333333333,0.0
344,3,10,1,32400,1,3.08641975308642e-05,13.000000953674316,0.0,0.0
344,3,10,2,32400,0,0.0,-1.0,-1.0,-1.0
344,3,11,0,32400,4,0.0001234567901234568,14.999999046325684,0.5,0.0
344,3,11,1,32400,1,3.08641975308642e-05,1.0,0.0,0.0
344,3,11,2,32400,0,0.0,-1.0,-1.0,-1.0
344,3,12,0,32400,2,6.17283950617284e-05,4.5,0.25,0.5
344,3,12,1,32400,0,0.0,-1.0,0.0,-1.0
344,3,12,2,32400,1,3.08641975308642e-05,60.999996185302734,-1.0,0.0
344,3,13,0,32400,1,3.08641975308642e-05,3.0,0.5,0.0
344,3,13,1,32400,1,3.08641975308642e-05,2.0,-1.0,0.0
344,3,13,2,32400,0,0.0,-1.0,0.0,-1.0
344,3,14,0,32400,1,3.08641975308642e-05,1.0,0.0,0.0
344,3,14,1,32400,0,0.0,-1.0,0.0,-1.0
344,3,14,2,32400,0,0.0,-1.0,-1.0,-1.0
344,3,15,0,32400,4,0.0001234567901234568,11.000000953674316,0.0,0.0
344,3,15,1,32400,0,0.0,-1.0,-1.0,-1.0
344,3,15,2,32400,0,0.0,-1.0,-1.0,-1.0
344,3,16,0,32400,2,6.17283950617284e-05,26.0,0.25,0.0
344,3,16,1,32400,0,0.0,-1.0,-1.0,-1.0
344,3,16,2,32400,0,0.0,-1.0,-1.0,-1.0
344,3,17,0,32400,0,0.0,-1.0,0.0,-1.0
344,3,17,1,32400,0,0.0,-1.0,-1.0,-1.0
344,3,17,2,32400,1,3.08641975308642e-05,1.0,-1.0,0.0
344,3,18,0,32400,0,0.0,-1.0,-1.0,-1.0
344,3,18,1,32400,0,0.0,-1.0,-1.0,-1.0
344,3,18,2,32400,0,0.0,-1.0,0.0,-1.0
344,3,19,0,32400,1,3.08641975308642e-05,23.0,-1.0,0.0
344,3,19,1,32400,0,0.0,-1.0,-1.0,-1.0
344,3,19,2,32400,0,0.0,-1.0,-1.0,-1.0
344,3,20,0,32400,1,3.08641975308642e-05,19.0,0.0,0.0
344,3,20,1,32400,0,0.0,-1.0,-1.0,-1.0
344,3,20,2,32400,0,0.0,-1.0,-1.0,-1.0
344,3,21,0,32400,0,0.0,-1.0,0.0,-1.0
344,3,21,1,32400,0,0.0,-1.0,-1.0,-1.0
344,3,21,2,32400,0,0.0,-1.0,-1.0,-1.0
344,3,22,0,32400,0,0.0,-1.0,-1.0,-1.0
344,3,22,1,32400,1,3.08641975308642e-05,1.0,-1.0,0.0
344,3,22,2,32400,0,0.0,-1.0,-1.0,-1.0
344,3,23,0,32400,0,0.0,-1.0,-1.0,-1.0
344,3,23,1,32400,0,0.0,-1.0,0.0,-1.0
344,3,23,2,32400,0,0.0,-1.0,-1.0,-1.0
344,3,24,0,32400,0,0.0,-1.0,-1.0,-1.0
344,3,24,1,32400,0,0.0,-1.0,-1.0,-1.0
344,3,24,2,32400,0,0.0,-1.0,-1.0,-1.0
344,3,25,0,32400,0,0.0,-1.0,-1.0,-1.0
344,3,25,1,32400,0,0.0,-1.0,-1.0,-1.0
344,3,25,2,32400,0,0.0,-1.0,-1.0,-1.0
344,3,26,0,32400,0,0.0,-1.0,-1.0,-1.0
344,3,26,1,32400,0,0.0,-1.0,-1.0,-1.0
344,3,26,2,32400,0,0.0,-1.0,-1.0,-1.0
344,3,27,0,32400,0,0.0,-1.0,-1.0,-1.0
344,3,27,1,32400,0,0.0,-1.0,-1.0,-1.0
344,3,27,2,32400,0,0.0,-1.0,-1.0,-1.0
344,3,28,0,32400,0,0.0,-1.0,-1.0,-1.0
344,3,28,1,32400,0,0.0,-1.0,-1.0,-1.0
344,3,28,2,32400,0,0.0,-1.0,-1.0,-1.0
344,3,29,0,32400,0,0.0,-1.0,-1.0,-1.0
344,3,29,1,32400,0,0.0,-1.0,-1.0,-1.0
344,3,29,2,32400,0,0.0,-1.0,-1.0,-1.0
344,3,30,0,32400,0,0.0,-1.0,-1.0,-1.0
344,3,30,1,32400,0,0.0,-1.0,-1.0,-1.0
344,3,30,2,32400,0,0.0,-1.0,-1.0,-1.0
344,3,31,0,32400,1,3.08641975308642e-05,172.99998474121094,-1.0,0.0
344,3,31,1,32400,0,0.0,-1.0,-1.0,-1.0
344,3,31,2,32400,0,0.0,-1.0,-1.0,-1.0
344,3,32,0,32400,0,0.0,-1.0,0.0,-1.0
344,3,32,1,32400,0,0.0,-1.0,-1.0,-1.0
344,3,32,2,32400,0,0.0,-1.0,-1.0,-1.0
344,3,33,0,32400,0,0.0,-1.0,-1.0,-1.0
344,3,33,1,32400,0,0.0,-1.0,-1.0,-1.0
344,3,33,2,32400,0,0.0,-1.0,-1.0,-1.0
344,3,34,0,32400,0,0.0,-1.0,-1.0,-1.0
344,3,34,1,32400,0,0.0,-1.0,-1.0,-1.0
344,3,34,2,32400,0,0.0,-1.0,-1.0,-1.0
344,3,35,0,32400,0,0.0,-1.0,-1.0,-1.0
344,3,35,1,32400,0,0.0,-1.0,-1.0,-1.0
344,3,35,2,32400,0,0.0,-1.0,-1.0,-1.0
345,0,1,0,32400,25,0.0007716049382716049,16.39999771118164,-1.0,0.08
345,0,1,1,32400,9,0.0002777777777777778,4.333333492279053,-1.0,0.1111111111111111
345,0,1,2,32400,10,0.00030864197530864197,78.09999084472656,-1.0,0.1
345,0,2,0,32400,14,0.0004320987654320988,10.571429252624512,0.28,0.21428571428571427
345,0,2,1,32400,9,0.0002777777777777778,13.44444465637207,0.2222222222222222,0.0
345,0,2,2,32400,6,0.00018518518518518518,122.16668701171875,0.1,0.0
345,0,3,0,32400,12,0.00037037037037037035,15.083333969116211,0.21428571428571427,0.25
345,0,3,1,32400,4,0.0001234567901234568,4.0,0.1111111111111111,0.0
345,0,3,2,32400,1,3.08641975308642e-05,1.0,0.0,0.0
345,0,4,0,32400,11,0.00033950617283950616,6.18181848526001,0.3333333333333333,0.18181818181818182
345,0,4,1,32400,4,0.0001234567901234568,8.0,0.25,0.25
345,0,4,2,32400,3,9.259259259259259e-05,12.666666984558105,0.0,0.0
345,0,5,0,32400,8,0.0002469135802469136,5.125,0.2727272727272727,0.0
345,0,5,1,32400,2,6.17283950617284e-05,62.99999237060547,0.0,0.0
345,0,5,2,32400,2,6.17283950617284e-05,1.5,0.3333333333333333,0.0
345,0,6,0,32400,3,9.259259259259259e-05,14.666666984558105,0.125,0.0
345,0,6,1,32400,2,6.17283950617284e-05,2.0,0.0,0.0
345,0,6,2,32400,1,3.08641975308642e-05,1.0,0.0,0.0
345,0,7,0,32400,3,9.259259259259259e-05,92.99998474121094,0.3333333333333333,0.0
345,0,7,1,32400,1,3.08641975308642e-05,2.0,0.0,0.0
345,0,7,2,32400,0,0.0,-1.0,0.0,-1.0
345,0,8,0,32400,2,6.17283950617284e-05,3.999999761581421,0.0,0.0
345,0,8,1,32400,2,6.17283950617284e-05,5.0,1.0,0.0
345,0,8,2,32400,0,0.0,-1.0,-1.0,-1.0
345,0,9,0,32400,3,9.259259259259259e-05,11.666666984558105,0.0,0.0
345,0,9,1,32400,0,0.0,-1.0,0.0,-1.0
345,0,9,2,32400,0,0.0,-1.0,-1.0,-1.0
345,0,10,0,32400,1,3.08641975308642e-05,1.0,0.0,0.0
345,0,10,1,32400,0,0.0,-1.0,-1.0,-1.0
345,0,10,2,32400,0,0.0,-1.0,-1.0,-1.0
345,0,11,0,32400,1,3.08641975308642e-05,178.0000457763672,0.0,0.0
345,0,11,1,32400,0,0.0,-1.0,-1.0,-1.0
345,0,11,2,32400,0,0.0,-1.0,-1.0,-1.0
345,0,12,0,32400,1,3.08641975308642e-05,1.0,0.0,0.0
345,0,12,1,32400,0,0.0,-1.0,-1.0,-1.0
345,0,12,2,32400,1,3.08641975308642e-05,41.000003814697266,-1.0,0.0
345,0,13,0,32400,1,3.08641975308642e-05,4.0,0.0,0.0
345,0,13,1,32400,0,0.0,-1.0,-1.0,-1.0
345,0,13,2,32400,0,0.0,-1.0,0.0,-1.0
345,0,14,0,32400,0,0.0,-1.0,0.0,-1.0
345,0,14,1,32400,0,0.0,-1.0,-1.0,-1.0
345,0,14,2,32400,0,0.0,-1.0,-1.0,-1.0
345,0,15,0,32400,0,0.0,-1.0,-1.0,-1.0
345,0,15,1,32400,1,3.08641975308642e-05,3.0,-1.0,0.0
345,0,15,2,32400,1,3.08641975308642e-05,4.0,-1.0,0.0
345,0,16,0,32400,1,3.08641975308642e-05,1.0,-1.0,0.0
345,0,16,1,32400,0,0.0,-1.0,0.0,-1.0
345,0,16,2,32400,1,3.08641975308642e-05,7.0,0.0,0.0
345,0,17,0,32400,0,0.0,-1.0,0.0,-1.0
345,0,17,1,32400,0,0.0,-1.0,-1.0,-1.0
345,0,17,2,32400,0,0.0,-1.0,0.0,-1.0
345,0,18,0,32400,0,0.0,-1.0,-1.0,-1.0
345,0,18,1,32400,1,3.08641975308642e-05,4.0,-1.0,0.0
345,0,18,2,32400,0,0.0,-1.0,-1.0,-1.0
345,0,19,0,32400,0,0.0,-1.0,-1.0,-1.0
345,0,19,1,32400,0,0.0,-1.0,0.0,-1.0
345,0,19,2,32400,0,0.0,-1.0,-1.0,-1.0
345,0,20,0,32400,0,0.0,-1.0,-1.0,-1.0
345,0,20,1,32400,0,0.0,-1.0,-1.0,-1.0
345,0,20,2,32400,0,0.0,-1.0,-1.0,-1.0
345,0,21,0,32400,0,0.0,-1.0,-1.0,-1.0
345,0,21,1,32400,0,0.0,-1.0,-1.0,-1.0
345,0,21,2,32400,0,0.0,-1.0,-1.0,-1.0
345,0,22,0,32400,0,0.0,-1.0,-1.0,-1.0
345,0,22,1,32400,0,0.0,-1.0,-1.0,-1.0
345,0,22,2,32400,0,0.0,-1.0,-1.0,-1.0
345,0,23,0,32400,0,0.0,-1.0,-1.0,-1.0
345,0,23,1,32400,0,0.0,-1.0,-1.0,-1.0
345,0,23,2,32400,0,0.0,-1.0,-1.0,-1.0
345,0,24,0,32400,1,3.08641975308642e-05,10.000000953674316,-1.0,0.0
345,0,24,1,32400,0,0.0,-1.0,-1.0,-1.0
345,0,24,2,32400,0,0.0,-1.0,-1.0,-1.0
345,0,25,0,32400,0,0.0,-1.0,0.0,-1.0
345,0,25,1,32400,0,0.0,-1.0,-1.0,-1.0
345,0,25,2,32400,0,0.0,-1.0,-1.0,-1.0
345,0,26,0,32400,0,0.0,-1.0,-1.0,-1.0
345,0,26,1,32400,0,0.0,-1.0,-1.0,-1.0
345,0,26,2,32400,0,0.0,-1.0,-1.0,-1.0
345,0,27,0,32400,0,0.0,-1.0,-1.0,-1.0
345,0,27,1,32400,0,0.0,-1.0,-1.0,-1.0
345,0,27,2,32400,0,0.0,-1.0,-1.0,-1.0
345,0,28,0,32400,0,0.0,-1.0,-1.0,-1.0
345,0,28,1,32400,0,0.0,-1.0,-1.0,-1.0
345,0,28,2,32400,0,0.0,-1.0,-1.0,-1.0
345,0,29,0,32400,0,0.0,-1.0,-1.0,-1.0
345,0,29,1,32400,0,0.0,-1.0,-1.0,-1.0
345,0,29,2,32400,0,0.0,-1.0,-1.0,-1.0
345,0,30,0,32400,0,0.0,-1.0,-1.0,-1.0
345,0,30,1,32400,0,0.0,-1.0,-1.0,-1.0
345,0,30,2,32400,0,0.0,-1.0,-1.0,-1.0
345,0,31,0,32400,0,0.0,-1.0,-1.0,-1.0
345,0,31,1,32400,0,0.0,-1.0,-1.0,-1.0
345,0,31,2,32400,0,0.0,-1.0,-1.0,-1.0
345,0,32,0,32400,0,0.0,-1.0,-1.0,-1.0
345,0,32,1,32400,0,0.0,-1.0,-1.0,-1.0
345,0,32,2,32400,0,0.0,-1.0,-1.0,-1.0
345,0,33,0,32400,0,0.0,-1.0,-1.0,-1.0
345,0,33,1,32400,0,0.0,-1.0,-1.0,-1.0
345,0,33,2,32400,0,0.0,-1.0,-1.0,-1.0
345,0,34,0,32400,0,0.0,-1.0,-1.0,-1.0
345,0,34,1,32400,0,0.0,-1.0,-1.0,-1.0
345,0,34,2,32400,0,0.0,-1.0,-1.0,-1.0
345,0,35,0,32400,0,0.0,-1.0,-1.0,-1.0
345,0,35,1,32400,0,0.0,-1.0,-1.0,-1.0
345,0,35,2,32400,0,0.0,-1.0,-1.0,-1.0
345,1,1,0,32400,33,0.0010185185185185184,12.818181991577148,-1.0,0.09090909090909091
345,1,1,1,32400,8,0.0002469135802469136,4.75,-1.0,0.375
345,1,1,2,32400,7,0.0002160493827160494,22.428571701049805,-1.0,0.0
345,1,2,0,32400,22,0.0006790123456790123,17.045455932617188,0.24242424242424243,0.2727272727272727
345,1,2,1,32400,6,0.00018518518518518518,18.833335876464844,0.25,0.16666666666666666
345,1,2,2,32400,6,0.00018518518518518518,27.0,0.2857142857142857,0.16666666666666666
345,1,3,0,32400,13,0.00040123456790123454,14.615384101867676,0.2727272727272727,0.3076923076923077
345,1,3,1,32400,1,3.08641975308642e-05,9.0,0.0,0.0
345,1,3,2,32400,1,3.08641975308642e-05,1.0,0.16666666666666666,0.0
345,1,4,0,32400,17,0.0005246913580246914,8.882352828979492,0.5384615384615384,0.23529411764705882
345,1,4,1,32400,2,6.17283950617284e-05,32.5,1.0,0.0
345,1,4,2,32400,2,6.17283950617284e-05,3.0,0.0,0.0
345,1,5,0,32400,14,0.0004320987654320988,13.928571701049805,0.47058823529411764,0.2857142857142857
345,1,5,1,32400,1,3.08641975308642e-05,1.0,0.0,0.0
345,1,5,2,32400,2,6.17283950617284e-05,59.00000762939453,0.0,0.0
345,1,6,0,32400,12,0.00037037037037037035,9.25,0.5,0.16666666666666666
345,1,6,1,32400,1,3.08641975308642e-05,2.0,0.0,0.0
345,1,6,2,32400,0,0.0,-1.0,0.0,-1.0
345,1,7,0,32400,6,0.00018518518518518518,16.5,0.25,0.16666666666666666
345,1,7,1,32400,0,0.0,-1.0,0.0,-1.0
345,1,7,2,32400,1,3.08641975308642e-05,16.0,-1.0,0.0
345,1,8,0,32400,7,0.0002160493827160494,17.428573608398438,0.3333333333333333,0.2857142857142857
345,1,8,1,32400,0,0.0,-1.0,-1.0,-1.0
345,1,8,2,32400,1,3.08641975308642e-05,2.0,0.0,0.0
345,1,9,0,32400,3,9.259259259259259e-05,1.3333333730697632,0.14285714285714285,0.0
345,1,9,1,32400,0,0.0,-1.0,-1.0,-1.0
345,1,9,2,32400,0,0.0,-1.0,0.0,-1.0
345,1,10,0,32400,3,9.259259259259259e-05,18.66666603088379,0.3333333333333333,0.3333333333333333
345,1,10,1,32400,1,3.08641975308642e-05,1.0,-1.0,0.0
345,1,10,2,32400,0,0.0,-1.0,-1.0,-1.0
345,1,11,0,32400,3,9.259259259259259e-05,28.666671752929688,0.6666666666666666,0.6666666666666666
345,1,11,1,32400,0,0.0,-1.0,0.0,-1.0
345,1,11,2,32400,1,3.08641975308642e-05,1.0,-1.0,0.0
345,1,12,0,32400,4,0.0001234567901234568,41.250003814697266,0.6666666666666666,0.5
345,1,12,1,32400,0,0.0,-1.0,-1.0,-1.0
345,1,12,2,32400,0,0.0,-1.0,0.0,-1.0
345,1,13,0,32400,5,0.00015432098765432098,8.800000190734863,0.5,0.4
345,1,13,1,32400,0,0.0,-1.0,-1.0,-1.0
345,1,13,2,32400,0,0.0,-1.0,-1.0,-1.0
345,1,14,0,32400,5,0.00015432098765432098,23.400001525878906,0.6,0.4
345,1,14,1,32400,0,0.0,-1.0,-1.0,-1.0
345,1,14,2,32400,0,0.0,-1.0,-1.0,-1.0
345,1,15,0,32400,3,9.259259259259259e-05,13.333334922790527,0.6,0.6666666666666666
345,1,15,1,32400,0,0.0,-1.0,-1.0,-1.0
345,1,15,2,32400,0,0.0,-1.0,-1.0,-1.0
345,1,16,0,32400,1,3.08641975308642e-05,18.0,0.3333333333333333,0.0
345,1,16,1,32400,0,0.0,-1.0,-1.0,-1.0
345,1,16,2,32400,0,0.0,-1.0,-1.0,-1.0
345,1,17,0,32400,1,3.08641975308642e-05,40.0,0.0,0.0
345,1,17,1,32400,0,0.0,-1.0,-1.0,-1.0
345,1,17,2,32400,0,0.0,-1.0,-1.0,-1.0
345,1,18,0,32400,2,6.17283950617284e-05,15.999999046325684,1.0,0.5
345,1,18,1,32400,0,0.0,-1.0,-1.0,-1.0
345,1,18,2,32400,0,0.0,-1.0,-1.0,-1.0
345,1,19,0,32400,2,6.17283950617284e-05,20.5,1.0,0.5
345,1,19,1,32400,0,0.0,-1.0,-1.0,-1.0
345,1,19,2,32400,0,0.0,-1.0,-1.0,-1.0
345,1,20,0,32400,1,3.08641975308642e-05,39.0,0.5,0.0
345,1,20,1,32400,0,0.0,-1.0,-1.0,-1.0
345,1,20,2,32400,0,0.0,-1.0,-1.0,-1.0
345,1,21,0,32400,2,6.17283950617284e-05,5.5,1.0,0.0
345,1,21,1,32400,0,0.0,-1.0,-1.0,-1.0
345,1,21,2,32400,0,0.0,-1.0,-1.0,-1.0
345,1,22,0,32400,2,6.17283950617284e-05,36.500003814697266,0.5,0.5
345,1,22,1,32400,0,0.0,-1.0,-1.0,-1.0
345,1,22,2,32400,0,0.0,-1.0,-1.0,-1.0
345,1,23,0,32400,1,3.08641975308642e-05,35.0,0.5,0.0
345,1,23,1,32400,0,0.0,-1.0,-1.0,-1.0
345,1,23,2,32400,0,0.0,-1.0,-1.0,-1.0
345,1,24,0,32400,1,3.08641975308642e-05,49.000003814697266,0.0,0.0
345,1,24,1,32400,0,0.0,-1.0,-1.0,-1.0
345,1,24,2,32400,0,0.0,-1.0,-1.0,-1.0
345,1,25,0,32400,3,9.259259259259259e-05,2.0,1.0,0.3333333333333333
345,1,25,1,32400,1,3.08641975308642e-05,24.999998092651367,-1.0,0.0
345,1,25,2,32400,0,0.0,-1.0,-1.0,-1.0
345,1,26,0,32400,1,3.08641975308642e-05,5.0,0.3333333333333333,0.0
345,1,26,1,32400,0,0.0,-1.0,0.0,-1.0
345,1,26,2,32400,0,0.0,-1.0,-1.0,-1.0
345,1,27,0,32400,1,3.08641975308642e-05,1.0,0.0,0.0
345,1,27,1,32400,0,0.0,-1.0,-1.0,-1.0
345,1,27,2,32400,1,3.08641975308642e-05,99.99999237060547,-1.0,0.0
345,1,28,0,32400,0,0.0,-1.0,0.0,-1.0
345,1,28,1,32400,0,0.0,-1.0,-1.0,-1.0
345,1,28,2,32400,0,0.0,-1.0,0.0,-1.0
345,1,29,0,32400,0,0.0,-1.0,-1.0,-1.0
345,1,29,1,32400,0,0.0,-1.0,-1.0,-1.0
345,1,29,2,32400,0,0.0,-1.0,-1.0,-1.0
345,1,30,0,32400,0,0.0,-1.0,-1.0,-1.0
345,1,30,1,32400,0,0.0,-1.0,-1.0,-1.0
345,1,30,2,32400,0,0.0,-1.0,-1.0,-1.0
345,1,31,0,32400,0,0.0,-1.0,-1.0,-1.0
345,1,31,1,32400,0,0.0,-1.0,-1.0,-1.0
345,1,31,2,32400,0,0.0,-1.0,-1.0,-1.0
345,1,32,0,32400,0,0.0,-1.0,-1.0,-1.0
345,1,32,1,32400,0,0.0,-1.0,-1.0,-1.0
345,1,32,2,32400,0,0.0,-1.0,-1.0,-1.0
345,1,33,0,32400,0,0.0,-1.0,-1.0,-1.0
345,1,33,1,32400,0,0.0,-1.0,-1.0,-1.0
345,1,33,2,32400,0,0.0,-1.0,-1.0,-1.0
345,1,34,0,32400,0,0.0,-1.0,-1.0,-1.0
345,1,34,1,32400,0,0.0,-1.0,-1.0,-1.0
345,1,34,2,32400,0,0.0,-1.0,-1.0,-1.0
345,1,35,0,32400,0,0.0,-1.0,-1.0,-1.0
345,1,35,1,32400,0,0.0,-1.0,-1.0,-1.0
345,1,35,2,32400,0,0.0,-1.0,-1.0,-1.0
345,2,1,0,32400,29,0.0008950617283950618,10.413792610168457,-1.0,0.2413793103448276
345,2,1,1,32400,6,0.00018518518518518518,2.5,-1.0,0.0
345,2,1,2,32400,11,0.00033950617283950616,22.090909957885742,-1.0,0.18181818181818182
345,2,2,0,32400,30,0.000925925925925926,27.30000114440918,0.41379310344827586,0.3333333333333333
345,2,2,1,32400,7,0.0002160493827160494,4.5714287757873535,0.0,0.0
345,2,2,2,32400,2,6.17283950617284e-05,7.0,0.09090909090909091,0.0
345,2,3,0,32400,13,0.00040123456790123454,17.38461685180664,0.26666666666666666,0.23076923076923078
345,2,3,1,32400,3,9.259259259259259e-05,7.333333492279053,0.14285714285714285,0.0
345,2,3,2,32400,1,3.08641975308642e-05,3.0,0.0,0.0
345,2,4,0,32400,11,0.00033950617283950616,15.818181991577148,0.38461538461538464,0.09090909090909091
345,2,4,1,32400,2,6.17283950617284e-05,4.5,0.0,0.0
345,2,4,2,32400,2,6.17283950617284e-05,9.0,0.0,0.0
345,2,5,0,32400,9,0.0002777777777777778,8.0,0.2727272727272727,0.1111111111111111
345,2,5,1,32400,2,6.17283950617284e-05,18.0,0.0,0.0
345,2,5,2,32400,2,6.17283950617284e-05,7.0,0.0,0.0
345,2,6,0,32400,10,0.00030864197530864197,21.5,0.3333333333333333,0.1
345,2,6,1,32400,2,6.17283950617284e-05,8.0,0.0,0.0
345,2,6,2,32400,2,6.17283950617284e-05,10.5,0.5,0.5
345,2,7,0,32400,9,0.0002777777777777778,6.111111164093018,0.3,0.1111111111111111
345,2,7,1,32400,0,0.0,-1.0,0.0,-1.0
345,2,7,2,32400,2,6.17283950617284e-05,24.500001907348633,0.5,0.0
345,2,8,0,32400,4,0.0001234567901234568,20.25,0.1111111111111111,0.0
345,2,8,1,32400,1,3.08641975308642e-05,7.0,-1.0,0.0
345,2,8,2,32400,0,0.0,-1.0,0.0,-1.0
345,2,9,0,32400,4,0.0001234567901234568,7.500000476837158,0.25,0.0
345,2,9,1,32400,3,9.259259259259259e-05,67.66667175292969,0.0,0.0
345,2,9,2,32400,0,0.0,-1.0,-1.0,-1.0
345,2,10,0,32400,3,9.259259259259259e-05,8.333333969116211,0.5,0.0
345,2,10,1,32400,1,3.08641975308642e-05,10.000000953674316,0.3333333333333333,0.0
345,2,10,2,32400,1,3.08641975308642e-05,1.0,-1.0,0.0
345,2,11,0,32400,3,9.259259259259259e-05,2.3333334922790527,0.6666666666666666,0.3333333333333333
345,2,11,1,32400,1,3.08641975308642e-05,42.000003814697266,0.0,0.0
345,2,11,2,32400,0,0.0,-1.0,0.0,-1.0
345,2,12,0,32400,4,0.0001234567901234568,36.750003814697266,0.3333333333333333,0.0
345,2,12,1,32400,2,6.17283950617284e-05,2.0,0.0,0.0
345,2,12,2,32400,0,0.0,-1.0,-1.0,-1.0
345,2,13,0,32400,3,9.259259259259259e-05,36.0,0.25,0.3333333333333333
345,2,13,1,32400,1,3.08641975308642e-05,2.0,0.0,0.0
345,2,13,2,32400,0,0.0,-1.0,-1.0,-1.0
345,2,14,0,32400,1,3.08641975308642e-05,27.000001907348633,0.3333333333333333,0.0
345,2,14,1,32400,1,3.08641975308642e-05,1.0,0.0,0.0
345,2,14,2,32400,0,0.0,-1.0,-1.0,-1.0
345,2,15,0,32400,3,9.259259259259259e-05,3.6666667461395264,1.0,0.0
345,2,15,1,32400,0,0.0,-1.0,0.0,-1.0
345,2,15,2,32400,0,0.0,-1.0,-1.0,-1.0
345,2,16,0,32400,2,6.17283950617284e-05,16.5,0.3333333333333333,0.0
345,2,16,1,32400,0,0.0,-1.0,-1.0,-1.0
345,2,16,2,32400,0,0.0,-1.0,-1.0,-1.0
345,2,17,0,32400,3,9.259259259259259e-05,44.66666793823242,0.5,0.0
345,2,17,1,32400,0,0.0,-1.0,-1.0,-1.0
345,2,17,2,32400,0,0.0,-1.0,-1.0,-1.0
345,2,18,0,32400,2,6.17283950617284e-05,22.5,0.3333333333333333,0.0
345,2,18,1,32400,0,0.0,-1.0,-1.0,-1.0
345,2,18,2,32400,0,0.0,-1.0,-1.0,-1.0
345,2,19,0,32400,0,0.0,-1.0,0.0,-1.0
345,2,19,1,32400,0,0.0,-1.0,-1.0,-1.0
345,2,19,2,32400,0,0.0,-1.0,-1.0,-1.0
345,2,20,0,32400,0,0.0,-1.0,-1.0,-1.0
345,2,20,1,32400,0,0.0,-1.0,-1.0,-1.0
345,2,20,2,32400,0,0.0,-1.0,-1.0,-1.0
345,2,21,0,32400,0,0.0,-1.0,-1.0,-1.0
345,2,21,1,32400,0,0.0,-1.0,-1.0,-1.0
345,2,21,2,32400,0,0.0,-1.0,-1.0,-1.0
345,2,22,0,32400,0,0.0,-1.0,-1.0,-1.0
345,2,22,1,32400,0,0.0,-1.0,-1.0,-1.0
345,2,22,2,32400,0,0.0,-1.0,-1.0,-1.0
345,2,23,0,32400,0,0.0,-1.0,-1.0,-1.0
345,2,23,1,32400,0,0.0,-1.0,-1.0,-1.0
345,2,23,2,32400,0,0.0,-1.0,-1.0,-1.0
345,2,24,0,32400,0,0.0,-1.0,-1.0,-1.0
345,2,24,1,32400,0,0.0,-1.0,-1.0,-1.0
345,2,24,2,32400,0,0.0,-1.0,-1.0,-1.0
345,2,25,0,32400,0,0.0,-1.0,-1.0,-1.0
345,2,25,1,32400,0,0.0,-1.0,-1.0,-1.0
345,2,25,2,32400,0,0.0,-1.0,-1.0,-1.0
345,2,26,0,32400,0,0.0,-1.0,-1.0,-1.0
345,2,26,1,32400,0,0.0,-1.0,-1.0,-1.0
345,2,26,2,32400,0,0.0,-1.0,-1.0,-1.0
345,2,27,0,32400,0,0.0,-1.0,-1.0,-1.0
345,2,27,1,32400,0,0.0,-1.0,-1.0,-1.0
345,2,27,2,32400,0,0.0,-1.0,-1.0,-1.0
345,2,28,0,32400,2,6.17283950617284e-05,3.5,-1.0,0.0
345,2,28,1,32400,0,0.0,-1.0,-1.0,-1.0
345,2,28,2,32400,0,0.0,-1.0,-1.0,-1.0
345,2,29,0,32400,1,3.08641975308642e-05,27.999998092651367,0.5,0.0
345,2,29,1,32400,1,3.08641975308642e-05,3.0,-1.0,0.0
345,2,29,2,32400,0,0.0,-1.0,-1.0,-1.0
345,2,30,0,32400,1,3.08641975308642e-05,4.0,1.0,0.0
345,2,30,1,32400,0,0.0,-1.0,0.0,-1.0
345,2,30,2,32400,0,0.0,-1.0,-1.0,-1.0
345,2,31,0,32400,1,3.08641975308642e-05,2.0,1.0,0.0
345,2,31,1,32400,0,0.0,-1.0,-1.0,-1.0
345,2,31,2,32400,0,0.0,-1.0,-1.0,-1.0
345,2,32,0,32400,0,0.0,-1.0,0.0,-1.0
345,2,32,1,32400,0,0.0,-1.0,-1.0,-1.0
345,2,32,2,32400,0,0.0,-1.0,-1.0,-1.0
345,2,33,0,32400,1,3.08641975308642e-05,9.0,-1.0,0.0
345,2,33,1,32400,0,0.0,-1.0,-1.0,-1.0
345,2,33,2,32400,0,0.0,-1.0,-1.0,-1.0
345,2,34,0,32400,1,3.08641975308642e-05,2.0,1.0,0.0
345,2,34,1,32400,0,0.0,-1.0,-1.0,-1.0
345,2,34,2,32400,0,0.0,-1.0,-1.0,-1.0
345,2,35,0,32400,1,3.08641975308642e-05,1.0,1.0,0.0
345,2,35,1,32400,0,0.0,-1.0,-1.0,-1.0
345,2,35,2,32400,0,0.0,-1.0,-1.0,-1.0
345,3,1,0,32400,34,0.0010493827160493827,13.852941513061523,-1.0,0.3235294117647059
345,3,1,1,32400,6,0.00018518518518518518,25.666669845581055,-1.0,0.16666666666666666
345,3,1,2,32400,9,0.0002777777777777778,11.44444465637207,-1.0,0.0
345,3,2,0,32400,23,0.0007098765432098765,11.0,0.35294117647058826,0.17391304347826086
345,3,2,1,32400,2,6.17283950617284e-05,5.0,0.0,0.0
345,3,2,2,32400,10,0.00030864197530864197,30.80000114440918,0.4444444444444444,0.0
345,3,3,0,32400,18,0.0005555555555555556,9.111111640930176,0.2608695652173913,0.05555555555555555
345,3,3,1,32400,5,0.00015432098765432098,11.600001335144043,1.0,0.2
345,3,3,2,32400,1,3.08641975308642e-05,8.0,0.0,0.0
345,3,4,0,32400,10,0.00030864197530864197,15.0,0.16666666666666666,0.2
345,3,4,1,32400,2,6.17283950617284e-05,5.0,0.4,0.0
345,3,4,2,32400,2,6.17283950617284e-05,1.5,0.0,0.0
345,3,5,0,32400,11,0.00033950617283950616,10.36363697052002,0.2,0.09090909090909091
345,3,5,1,32400,1,3.08641975308642e-05,9.0,0.0,0.0
345,3,5,2,32400,2,6.17283950617284e-05,2.5,0.0,0.0
345,3,6,0,32400,6,0.00018518518518518518,13.666666984558105,0.18181818181818182,0.0
345,3,6,1,32400,0,0.0,-1.0,0.0,-1.0
345,3,6,2,32400,1,3.08641975308642e-05,5.0,0.0,0.0
345,3,7,0,32400,4,0.0001234567901234568,6.0,0.0,0.0
345,3,7,1,32400,0,0.0,-1.0,-1.0,-1.0
345,3,7,2,32400,1,3.08641975308642e-05,3.0,0.0,0.0
345,3,8,0,32400,2,6.17283950617284e-05,1.5,0.25,0.0
345,3,8,1,32400,1,3.08641975308642e-05,3.0,-1.0,0.0
345,3,8,2,32400,0,0.0,-1.0,0.0,-1.0
345,3,9,0,32400,6,0.00018518518518518518,11.499999046325684,0.5,0.0
345,3,9,1,32400,1,3.08641975308642e-05,14.000000953674316,1.0,0.0
345,3,9,2,32400,0,0.0,-1.0,-1.0,-1.0
345,3,10,0,32400,1,3.08641975308642e-05,1.0,0.0,0.0
345,3,10,1,32400,0,0.0,-1.0,0.0,-1.0
345,3,10,2,32400,0,0.0,-1.0,-1.0,-1.0
345,3,11,0,32400,2,6.17283950617284e-05,9.5,0.0,0.0
345,3,11,1,32400,0,0.0,-1.0,-1.0,-1.0
345,3,11,2,32400,0,0.0,-1.0,-1.0,-1.0
345,3,12,0,32400,3,9.259259259259259e-05,3.0,0.0,0.0
345,3,12,1,32400,0,0.0,-1.0,-1.0,-1.0
345,3,12,2,32400,0,0.0,-1.0,-1.0,-1.0
345,3,13,0,32400,1,3.08641975308642e-05,367.0,0.0,0.0
345,3,13,1,32400,0,0.0,-1.0,-1.0,-1.0
345,3,13,2,32400,0,0.0,-1.0,-1.0,-1.0
345,3,14,0,32400,1,3.08641975308642e-05,2.0,0.0,0.0
345,3,14,1,32400,0,0.0,-1.0,-1.0,-1.0
345,3,14,2,32400,1,3.08641975308642e-05,2.0,-1.0,0.0
345,3,15,0,32400,1,3.08641975308642e-05,22.0,0.0,0.0
345,3,15,1,32400,0,0.0,-1.0,-1.0,-1.0
345,3,15,2,32400,0,0.0,-1.0,0.0,-1.0
345,3,16,0,32400,1,3.08641975308642e-05,4.0,0.0,0.0
345,3,16,1,32400,0,0.0,-1.0,-1.0,-1.0
345,3,16,2,32400,1,3.08641975308642e-05,32.000003814697266,-1.0,0.0
345,3,17,0,32400,0,0.0,-1.0,0.0,-1.0
345,3,17,1,32400,0,0.0,-1.0,-1.0,-1.0
345,3,17,2,32400,0,0.0,-1.0,0.0,-1.0
345,3,18,0,32400,0,0.0,-1.0,-1.0,-1.0
345,3,18,1,32400,0,0.0,-1.0,-1.0,-1.0
345,3,18,2,32400,0,0.0,-1.0,-1.0,-1.0
345,3,19,0,32400,1,3.08641975308642e-05,1.0,-1.0,0.0
345,3,19,1,32400,0,0.0,-1.0,-1.0,-1.0
345,3,19,2,32400,0,0.0,-1.0,-1.0,-1.0
345,3,20,0,32400,0,0.0,-1.0,0.0,-1.0
345,3,20,1,32400,0,0.0,-1.0,-1.0,-1.0
345,3,20,2,32400,0,0.0,-1.0,-1.0,-1.0
345,3,21,0,32400,0,0.0,-1.0,-1.0,-1.0
345,3,21,1,32400,0,0.0,-1.0,-1.0,-1.0
345,3,21,2,32400,0,0.0,-1.0,-1.0,-1.0
345,3,22,0,32400,0,0.0,-1.0,-1.0,-1.0
345,3,22,1,32400,0,0.0,-1.0,-1.0,-1.0
345,3,22,2,32400,0,0.0,-1.0,-1.0,-1.0
345,3,23,0,32400,0,0.0,-1.0,-1.0,-1.0
345,3,23,1,32400,0,0.0,-1.0,-1.0,-1.0
345,3,23,2,32400,0,0.0,-1.0,-1.0,-1.0
345,3,24,0,32400,0,0.0,-1.0,-1.0,-1.0
345,3,24,1,32400,0,0.0,-1.0,-1.0,-1.0
345,3,24,2,32400,0,0.0,-1.0,-1.0,-1.0
345,3,25,0,32400,0,0.0,-1.0,-1.0,-1.0
345,3,25,1,32400,1,3.08641975308642e-05,1.0,-1.0,0.0
345,3,25,2,32400,0,0.0,-1.0,-1.0,-1.0
345,3,26,0,32400,0,0.0,-1.0,-1.0,-1.0
345,3,26,1,32400,0,0.0,-1.0,0.0,-1.0
345,3,26,2,32400,0,0.0,-1.0,-1.0,-1.0
345,3,27,0,32400,0,0.0,-1.0,-1.0,-1.0
345,3,27,1,32400,0,0.0,-1.0,-1.0,-1.0
345,3,27,2,32400,0,0.0,-1.0,-1.0,-1.0
345,3,28,0,32400,0,0.0,-1.0,-1.0,-1.0
345,3,28,1,32400,0,0.0,-1.0,-1.0,-1.0
345,3,28,2,32400,0,0.0,-1.0,-1.0,-1.0
345,3,29,0,32400,0,0.0,-1.0,-1.0,-1.0
345,3,29,1,32400,0,0.0,-1.0,-1.0,-1.0
345,3,29,2,32400,0,0.0,-1.0,-1.0,-1.0
345,3,30,0,32400,0,0.0,-1.0,-1.0,-1.0
345,3,30,1,32400,0,0.0,-1.0,-1.0,-1.0
345,3,30,2,32400,0,0.0,-1.0,-1.0,-1.0
345,3,31,0,32400,0,0.0,-1.0,-1.0,-1.0
345,3,31,1,32400,0,0.0,-1.0,-1.0,-1.0
345,3,31,2,32400,0,0.0,-1.0,-1.0,-1.0
345,3,32,0,32400,0,0.0,-1.0,-1.0,-1.0
345,3,32,1,32400,0,0.0,-1.0,-1.0,-1.0
345,3,32,2,32400,0,0.0,-1.0,-1.0,-1.0
345,3,33,0,32400,1,3.08641975308642e-05,4.0,-1.0,0.0
345,3,33,1,32400,0,0.0,-1.0,-1.0,-1.0
345,3,33,2,32400,0,0.0,-1.0,-1.0,-1.0
345,3,34,0,32400,0,0.0,-1.0,0.0,-1.0
345,3,34,1,32400,0,0.0,-1.0,-1.0,-1.0
345,3,34,2,32400,0,0.0,-1.0,-1.0,-1.0
345,3,35,0,32400,0,0.0,-1.0,-1.0,-1.0
345,3,35,1,32400,0,0.0,-1.0,-1.0,-1.0
345,3,35,2,32400,0,0.0,-1.0,-1.0,-1.0
346,0,1,0,32400,25,0.0007716049382716049,24.439998626708984,-1.0,0.32
346,0,1,1,32400,5,0.00015432098765432098,8.80000114440918,-1.0,0.2
346,0,1,2,32400,10,0.00030864197530864197,12.600000381469727,-1.0,0.1
346,0,2,0,32400,19,0.0005864197530864197,9.36842155456543,0.32,0.15789473684210525
346,0,2,1,32400,1,3.08641975308642e-05,13.000000953674316,0.2,0.0
346,0,2,2,32400,5,0.00015432098765432098,11.0,0.1,0.0
346,0,3,0,32400,14,0.0004320987654320988,18.785715103149414,0.10526315789473684,0.07142857142857142
346,0,3,1,32400,2,6.17283950617284e-05,1.0,1.0,0.0
346,0,3,2,32400,4,0.0001234567901234568,58.5,0.4,0.0
346,0,4,0,32400,12,0.00037037037037037035,20.5,0.21428571428571427,0.08333333333333333
346,0,4,1,32400,1,3.08641975308642e-05,2.0,0.0,0.0
346,0,4,2,32400,2,6.17283950617284e-05,5.5,0.0,0.5
346,0,5,0,32400,6,0.00018518518518518518,4.6666669845581055,0.16666666666666666,0.16666666666666666
346,0,5,1,32400,1,3.08641975308642e-05,4.0,0.0,0.0
346,0,5,2,32400,1,3.08641975308642e-05,181.99996948242188,0.5,0.0
346,0,6,0,32400,2,6.17283950617284e-05,5.0,0.0,0.0
346,0,6,1,32400,0,0.0,-1.0,0.0,-1.0
346,0,6,2,32400,0,0.0,-1.0,0.0,-1.0
346,0,7,0,32400,1,3.08641975308642e-05,15.0,0.0,0.0
346,0,7,1,32400,0,0.0,-1.0,-1.0,-1.0
346,0,7,2,32400,0,0.0,-1.0,-1.0,-1.0
346,0,8,0,32400,3,9.259259259259259e-05,8.666666984558105,1.0,0.0
346,0,8,1,32400,1,3.08641975308642e-05,7.0,-1.0,0.0
346,0,8,2,32400,0,0.0,-1.0,-1.0,-1.0
346,0,9,0,32400,0,0.0,-1.0,0.0,-1.0
346,0,9,1,32400,1,3.08641975308642e-05,8.0,1.0,0.0
346,0,9,2,32400,0,0.0,-1.0,-1.0,-1.0
346,0,10,0,32400,0,0.0,-1.0,-1.0,-1.0
346,0,10,1,32400,1,3.08641975308642e-05,2.0,1.0,0.0
346,0,10,2,32400,0,0.0,-1.0,-1.0,-1.0
346,0,11,0,32400,1,3.08641975308642e-05,1.0,-1.0,0.0
346,0,11,1,32400,0,0.0,-1.0,0.0,-1.0
346,0,11,2,32400,1,3.08641975308642e-05,1.0,-1.0,0.0
346,0,12,0,32400,0,0.0,-1.0,0.0,-1.0
346,0,12,1,32400,0,0.0,-1.0,-1.0,-1.0
346,0,12,2,32400,0,0.0,-1.0,0.0,-1.0
346,0,13,0,32400,0,0.0,-1.0,-1.0,-1.0
346,0,13,1,32400,0,0.0,-1.0,-1.0,-1.0
346,0,13,2,32400,1,3.08641975308642e-05,1.0,-1.0,0.0
346,0,14,0,32400,2,6.17283950617284e-05,5.999999523162842,-1.0,0.0
346,0,14,1,32400,1,3.08641975308642e-05,1.0,-1.0,0.0
346,0,14,2,32400,0,0.0,-1.0,0.0,-1.0
346,0,15,0,32400,0,0.0,-1.0,0.0,-1.0
346,0,15,1,32400,0,0.0,-1.0,0.0,-1.0
346,0,15,2,32400,0,0.0,-1.0,-1.0,-1.0
346,0,16,0,32400,0,0.0,-1.0,-1.0,-1.0
346,0,16,1,32400,0,0.0,-1.0,-1.0,-1.0
346,0,16,2,32400,0,0.0,-1.0,-1.0,-1.0
346,0,17,0,32400,0,0.0,-1.0,-1.0,-1.0
346,0,17,1,32400,0,0.0,-1.0,-1.0,-1.0
346,0,17,2,32400,0,0.0,-1.0,-1.0,-1.0
346,0,18,0,32400,0,0.0,-1.0,-1.0,-1.0
346,0,18,1,32400,0,0.0,-1.0,-1.0,-1.0
346,0,18,2,32400,0,0.0,-1.0,-1.0,-1.0
346,0,19,0,32400,0,0.0,-1.0,-1.0,-1.0
346,0,19,1,32400,0,0.0,-1.0,-1.0,-1.0
346,0,19,2,32400,0,0.0,-1.0,-1.0,-1.0
346,0,20,0,32400,0,0.0,-1.0,-1.0,-1.0
346,0,20,1,32400,0,0.0,-1.0,-1.0,-1.0
346,0,20,2,32400,0,0.0,-1.0,-1.0,-1.0
346,0,21,0,32400,0,0.0,-1.0,-1.0,-1.0
346,0,21,1,32400,0,0.0,-1.0,-1.0,-1.0
346,0,21,2,32400,0,0.0,-1.0,-1.0,-1.0
346,0,22,0,32400,1,3.08641975308642e-05,26.000001907348633,-1.0,0.0
346,0,22,1,32400,0,0.0,-1.0,-1.0,-1.0
346,0,22,2,32400,0,0.0,-1.0,-1.0,-1.0
346,0,23,0,32400,0,0.0,-1.0,0.0,-1.0
346,0,23,1,32400,0,0.0,-1.0,-1.0,-1.0
346,0,23,2,32400,0,0.0,-1.0,-1.0,-1.0
346,0,24,0,32400,0,0.0,-1.0,-1.0,-1.0
346,0,24,1,32400,0,0.0,-1.0,-1.0,-1.0
346,0,24,2,32400,0,0.0,-1.0,-1.0,-1.0
346,0,25,0,32400,0,0.0,-1.0,-1.0,-1.0
346,0,25,1,32400,0,0.0,-1.0,-1.0,-1.0
346,0,25,2,32400,0,0.0,-1.0,-1.0,-1.0
346,0,26,0,32400,0,0.0,-1.0,-1.0,-1.0
346,0,26,1,32400,0,0.0,-1.0,-1.0,-1.0
346,0,26,2,32400,0,0.0,-1.0,-1.0,-1.0
346,0,27,0,32400,0,0.0,-1.0,-1.0,-1.0
346,0,27,1,32400,0,0.0,-1.0,-1.0,-1.0
346,0,27,2,32400,0,0.0,-1.0,-1.0,-1.0
346,0,28,0,32400,0,0.0,-1.0,-1.0,-1.0
346,0,28,1,32400,0,0.0,-1.0,-1.0,-1.0
346,0,28,2,32400,0,0.0,-1.0,-1.0,-1.0
346,0,29,0,32400,0,0.0,-1.0,-1.0,-1.0
346,0,29,1,32400,0,0.0,-1.0,-1.0,-1.0
346,0,29,2,32400,0,0.0,-1.0,-1.0,-1.0
346,0,30,0,32400,0,0.0,-1.0,-1.0,-1.0
346,0,30,1,32400,0,0.0,-1.0,-1.0,-1.0
346,0,30,2,32400,1,3.08641975308642e-05,1.0,-1.0,0.0
346,0,31,0,32400,0,0.0,-1.0,-1.0,-1.0
346,0,31,1,32400,0,0.0,-1.0,-1.0,-1.0
346,0,31,2,32400,0,0.0,-1.0,0.0,-1.0
346,0,32,0,32400,0,0.0,-1.0,-1.0,-1.0
346,0,32,1,32400,0,0.0,-1.0,-1.0,-1.0
346,0,32,2,32400,0,0.0,-1.0,-1.0,-1.0
346,0,33,0,32400,0,0.0,-1.0,-1.0,-1.0
346,0,33,1,32400,0,0.0,-1.0,-1.0,-1.0
346,0,33,2,32400,0,0.0,-1.0,-1.0,-1.0
346,0,34,0,32400,0,0.0,-1.0,-1.0,-1.0
346,0,34,1,32400,0,0.0,-1.0,-1.0,-1.0
346,0,34,2,32400,0,0.0,-1.0,-1.0,-1.0
346,0,35,0,32400,0,0.0,-1.0,-1.0,-1.0
346,0,35,1,32400,0,0.0,-1.0,-1.0,-1.0
346,0,35,2,32400,0,0.0,-1.0,-1.0,-1.0
346,1,1,0,32400,38,0.0011728395061728395,16.394737243652344,-1.0,0.42105263157894735
346,1,1,1,32400,4,0.0001234567901234568,8.0,-1.0,0.0
346,1,1,2,32400,10,0.00030864197530864197,35.000003814697266,-1.0,0.2
346,1,2,0,32400,15,0.000462962962962963,14.80000114440918,0.13157894736842105,0.13333333333333333
346,1,2,1,32400,5,0.00015432098765432098,5.200000286102295,0.25,0.0
346,1,2,2,32400,2,6.17283950617284e-05,34.499996185302734,0.1,0.0
346,1,3,0,32400,19,0.0005864197530864197,10.473685264587402,0.4666666666666667,0.21052631578947367
346,1,3,1,32400,4,0.0001234567901234568,7.75,0.2,0.0
346,1,3,2,32400,2,6.17283950617284e-05,14.499999046325684,0.5,0.0
346,1,4,0,32400,12,0.00037037037037037035,5.1666669845581055,0.21052631578947367,0.0
346,1,4,1,32400,2,6.17283950617284e-05,42.49999237060547,0.25,0.0
346,1,4,2,32400,4,0.0001234567901234568,4.75,0.0,0.0
346,1,5,0,32400,9,0.0002777777777777778,12.666666984558105,0.25,0.1111111111111111
346,1,5,1,32400,1,3.08641975308642e-05,16.0,0.5,0.0
346,1,5,2,32400,1,3.08641975308642e-05,27.000001907348633,0.0,0.0
346,1,6,0,32400,7,0.0002160493827160494,12.142857551574707,0.4444444444444444,0.2857142857142857
346,1,6,1,32400,2,6.17283950617284e-05,3.0,1.0,0.0
346,1,6,2,32400,0,0.0,-1.0,0.0,-1.0
346,1,7,0,32400,3,9.259259259259259e-05,3.6666667461395264,0.14285714285714285,0.0
346,1,7,1,32400,2,6.17283950617284e-05,18.0,0.0,0.0
346,1,7,2,32400,1,3.08641975308642e-05,37.0,-1.0,0.0
346,1,8,0,32400,2,6.17283950617284e-05,19.0,0.3333333333333333,0.0
346,1,8,1,32400,0,0.0,-1.0,0.0,-1.0
346,1,8,2,32400,1,3.08641975308642e-05,56.0,0.0,0.0
346,1,9,0,32400,6,0.00018518518518518518,20.0,1.0,0.16666666666666666
346,1,9,1,32400,1,3.08641975308642e-05,4.0,-1.0,0.0
346,1,9,2,32400,1,3.08641975308642e-05,5.999999523162842,0.0,0.0
346,1,10,0,32400,2,6.17283950617284e-05,14.499999046325684,0.16666666666666666,0.0
346,1,10,1,32400,0,0.0,-1.0,0.0,-1.0
346,1,10,2,32400,0,0.0,-1.0,0.0,-1.0
346,1,11,0,32400,2,6.17283950617284e-05,10.5,0.0,0.0
346,1,11,1,32400,0,0.0,-1.0,-1.0,-1.0
346,1,11,2,32400,1,3.08641975308642e-05,1.0,-1.0,0.0
346,1,12,0,32400,0,0.0,-1.0,0.0,-1.0
346,1,12,1,32400,0,0.0,-1.0,-1.0,-1.0
346,1,12,2,32400,1,3.08641975308642e-05,1.0,0.0,0.0
346,1,13,0,32400,1,3.08641975308642e-05,34.000003814697266,-1.0,0.0
346,1,13,1,32400,0,0.0,-1.0,-1.0,-1.0
346,1,13,2,32400,0,0.0,-1.0,0.0,-1.0
346,1,14,0,32400,2,6.17283950617284e-05,2.0,0.0,0.0
346,1,14,1,32400,0,0.0,-1.0,-1.0,-1.0
346,1,14,2,32400,1,3.08641975308642e-05,3.0,-1.0,0.0
346,1,15,0,32400,1,3.08641975308642e-05,9.0,0.0,0.0
346,1,15,1,32400,0,0.0,-1.0,-1.0,-1.0
346,1,15,2,32400,0,0.0,-1.0,0.0,-1.0
346,1,16,0,32400,0,0.0,-1.0,0.0,-1.0
346,1,16,1,32400,0,0.0,-1.0,-1.0,-1.0
346,1,16,2,32400,0,0.0,-1.0,-1.0,-1.0
346,1,17,0,32400,1,3.08641975308642e-05,27.000001907348633,-1.0,0.0
346,1,17,1,32400,0,0.0,-1.0,-1.0,-1.0
346,1,17,2,32400,0,0.0,-1.0,-1.0,-1.0
346,1,18,0,32400,0,0.0,-1.0,0.0,-1.0
346,1,18,1,32400,0,0.0,-1.0,-1.0,-1.0
346,1,18,2,32400,0,0.0,-1.0,-1.0,-1.0
346,1,19,0,32400,0,0.0,-1.0,-1.0,-1.0
346,1,19,1,32400,0,0.0,-1.0,-1.0,-1.0
346,1,19,2,32400,0,0.0,-1.0,-1.0,-1.0
346,1,20,0,32400,0,0.0,-1.0,-1.0,-1.0
346,1,20,1,32400,0,0.0,-1.0,-1.0,-1.0
346,1,20,2,32400,0,0.0,-1.0,-1.0,-1.0
346,1,21,0,32400,0,0.0,-1.0,-1.0,-1.0
346,1,21,1,32400,0,0.0,-1.0,-1.0,-1.0
346,1,21,2,32400,0,0.0,-1.0,-1.0,-1.0
346,1,22,0,32400,1,3.08641975308642e-05,5.999999523162842,-1.0,0.0
346,1,22,1,32400,0,0.0,-1.0,-1.0,-1.0
346,1,22,2,32400,0,0.0,-1.0,-1.0,-1.0
346,1,23,0,32400,1,3.08641975308642e-05,1.0,1.0,0.0
346,1,23,1,32400,0,0.0,-1.0,-1.0,-1.0
346,1,23,2,32400,0,0.0,-1.0,-1.0,-1.0
346,1,24,0,32400,0,0.0,-1.0,0.0,-1.0
346,1,24,1,32400,0,0.0,-1.0,-1.0,-1.0
346,1,24,2,32400,0,0.0,-1.0,-1.0,-1.0
346,1,25,0,32400,0,0.0,-1.0,-1.0,-1.0
346,1,25,1,32400,0,0.0,-1.0,-1.0,-1.0
346,1,25,2,32400,0,0.0,-1.0,-1.0,-1.0
346,1,26,0,32400,0,0.0,-1.0,-1.0,-1.0
346,1,26,1,32400,0,0.0,-1.0,-1.0,-1.0
346,1,26,2,32400,0,0.0,-1.0,-1.0,-1.0
346,1,27,0,32400,0,0.0,-1.0,-1.0,-1.0
346,1,27,1,32400,0,0.0,-1.0,-1.0,-1.0
346,1,27,2,32400,0,0.0,-1.0,-1.0,-1.0
346,1,28,0,32400,0,0.0,-1.0,-1.0,-1.0
346,1,28,1,32400,0,0.0,-1.0,-1.0,-1.0
346,1,28,2,32400,0,0.0,-1.0,-1.0,-1.0
346,1,29,0,32400,0,0.0,-1.0,-1.0,-1.0
346,1,29,1,32400,0,0.0,-1.0,-1.0,-1.0
346,1,29,2,32400,0,0.0,-1.0,-1.0,-1.0
346,1,30,0,32400,2,6.17283950617284e-05,1.0,-1.0,0.0
346,1,30,1,32400,0,0.0,-1.0,-1.0,-1.0
346,1,30,2,32400,0,0.0,-1.0,-1.0,-1.0
346,1,31,0,32400,1,3.08641975308642e-05,26.000001907348633,0.0,0.0
346,1,31,1,32400,0,0.0,-1.0,-1.0,-1.0
346,1,31,2,32400,0,0.0,-1.0,-1.0,-1.0
346,1,32,0,32400,1,3.08641975308642e-05,2.0,0.0,0.0
346,1,32,1,32400,0,0.0,-1.0,-1.0,-1.0
346,1,32,2,32400,0,0.0,-1.0,-1.0,-1.0
346,1,33,0,32400,0,0.0,-1.0,0.0,-1.0
346,1,33,1,32400,0,0.0,-1.0,-1.0,-1.0
346,1,33,2,32400,1,3.08641975308642e-05,5.0,-1.0,0.0
346,1,34,0,32400,0,0.0,-1.0,-1.0,-1.0
346,1,34,1,32400,0,0.0,-1.0,-1.0,-1.0
346,1,34,2,32400,0,0.0,-1.0,0.0,-1.0
346,1,35,0,32400,2,6.17283950617284e-05,3.5,-1.0,0.0
346,1,35,1,32400,0,0.0,-1.0,-1.0,-1.0
346,1,35,2,32400,0,0.0,-1.0,-1.0,-1.0
346,2,1,0,32400,39,0.0012037037037037038,21.15384864807129,-1.0,0.23076923076923078
346,2,1,1,32400,6,0.00018518518518518518,5.833333492279053,-1.0,0.16666666666666666
346,2,1,2,32400,8,0.0002469135802469136,28.124996185302734,-1.0,0.0
346,2,2,0,32400,18,0.0005555555555555556,28.16666603088379,0.20512820512820512,0.1111111111111111
346,2,2,1,32400,3,9.259259259259259e-05,9.666667938232422,0.16666666666666666,0.0
346,2,2,2,32400,6,0.00018518518518518518,42.333335876464844,0.25,0.0
346,2,3,0,32400,17,0.0005246913580246914,12.117648124694824,0.2777777777777778,0.11764705882352941
346,2,3,1,32400,3,9.259259259259259e-05,2.6666667461395264,0.3333333333333333,0.0
346,2,3,2,32400,9,0.0002777777777777778,23.888887405395508,0.5,0.1111111111111111
346,2,4,0,32400,13,0.00040123456790123454,20.76923370361328,0.29411764705882354,0.0
346,2,4,1,32400,2,6.17283950617284e-05,3.0,0.0,0.0
346,2,4,2,32400,2,6.17283950617284e-05,1.5,0.1111111111111111,0.0
346,2,5,0,32400,9,0.0002777777777777778,10.666666984558105,0.38461538461538464,0.0
346,2,5,1,32400,1,3.08641975308642e-05,2.0,0.0,0.0
346,2,5,2,32400,1,3.08641975308642e-05,14.000000953674316,0.0,0.0
346,2,6,0,32400,7,0.0002160493827160494,10.571429252624512,0.2222222222222222,0.0
346,2,6,1,32400,2,6.17283950617284e-05,3.0,0.0,0.0
346,2,6,2,32400,1,3.08641975308642e-05,8.0,0.0,0.0
346,2,7,0,32400,1,3.08641975308642e-05,5.999999523162842,0.14285714285714285,0.0
346,2,7,1,32400,0,0.0,-1.0,0.0,-1.0
346,2,7,2,32400,0,0.0,-1.0,0.0,-1.0
346,2,8,0,32400,6,0.00018518518518518518,11.166666984558105,1.0,0.0
346,2,8,1,32400,0,0.0,-1.0,-1.0,-1.0
346,2,8,2,32400,1,3.08641975308642e-05,2.0,-1.0,0.0
346,2,9,0,32400,2,6.17283950617284e-05,20.5,0.3333333333333333,0.0
346,2,9,1,32400,2,6.17283950617284e-05,8.0,-1.0,0.0
346,2,9,2,32400,0,0.0,-1.0,0.0,-1.0
346,2,10,0,32400,2,6.17283950617284e-05,10.500000953674316,0.0,0.5
346,2,10,1,32400,0,0.0,-1.0,0.0,-1.0
346,2,10,2,32400,0,0.0,-1.0,-1.0,-1.0
346,2,11,0,32400,2,6.17283950617284e-05,3.499999761581421,0.5,0.0
346,2,11,1,32400,0,0.0,-1.0,-1.0,-1.0
346,2,11,2,32400,1,3.08641975308642e-05,1.0,-1.0,0.0
346,2,12,0,32400,1,3.08641975308642e-05,2.0,0.0,0.0
346,2,12,1,32400,0,0.0,-1.0,-1.0,-1.0
346,2,12,2,32400,0,0.0,-1.0,0.0,-1.0
346,2,13,0,32400,0,0.0,-1.0,0.0,-1.0
346,2,13,1,32400,0,0.0,-1.0,-1.0,-1.0
346,2,13,2,32400,0,0.0,-1.0,-1.0,-1.0
346,2,14,0,32400,3,9.259259259259259e-05,23.33333396911621,-1.0,0.0
346,2,14,1,32400,0,0.0,-1.0,-1.0,-1.0
346,2,14,2,32400,0,0.0,-1.0,-1.0,-1.0
346,2,15,0,32400,2,6.17283950617284e-05,1.5,0.3333333333333333,0.5
346,2,15,1,32400,0,0.0,-1.0,-1.0,-1.0
346,2,15,2,32400,1,3.08641975308642e-05,68.0,-1.0,0.0
346,2,16,0,32400,2,6.17283950617284e-05,31.0,0.0,0.0
346,2,16,1,32400,0,0.0,-1.0,-1.0,-1.0
346,2,16,2,32400,0,0.0,-1.0,0.0,-1.0
346,2,17,0,32400,3,9.259259259259259e-05,14.666666030883789,0.5,0.0
346,2,17,1,32400,0,0.0,-1.0,-1.0,-1.0
346,2,17,2,32400,0,0.0,-1.0,-1.0,-1.0
346,2,18,0,32400,0,0.0,-1.0,0.0,-1.0
346,2,18,1,32400,0,0.0,-1.0,-1.0,-1.0
346,2,18,2,32400,0,0.0,-1.0,-1.0,-1.0
346,2,19,0,32400,1,3.08641975308642e-05,2.0,-1.0,0.0
346,2,19,1,32400,0,0.0,-1.0,-1.0,-1.0
346,2,19,2,32400,0,0.0,-1.0,-1.0,-1.0
346,2,20,0,32400,0,0.0,-1.0,0.0,-1.0
346,2,20,1,32400,0,0.0,-1.0,-1.0,-1.0
346,2,20,2,32400,0,0.0,-1.0,-1.0,-1.0
346,2,21,0,32400,1,3.08641975308642e-05,2.0,-1.0,0.0
346,2,21,1,32400,0,0.0,-1.0,-1.0,-1.0
346,2,21,2,32400,0,0.0,-1.0,-1.0,-1.0
346,2,22,0,32400,0,0.0,-1.0,0.0,-1.0
346,2,22,1,32400,0,0.0,-1.0,-1.0,-1.0
346,2,22,2,32400,0,0.0,-1.0,-1.0,-1.0
346,2,23,0,32400,0,0.0,-1.0,-1.0,-1.0
346,2,23,1,32400,0,0.0,-1.0,-1.0,-1.0
346,2,23,2,32400,0,0.0,-1.0,-1.0,-1.0
346,2,24,0,32400,0,0.0,-1.0,-1.0,-1.0
346,2,24,1,32400,0,0.0,-1.0,-1.0,-1.0
346,2,24,2,32400,0,0.0,-1.0,-1.0,-1.0
346,2,25,0,32400,0,0.0,-1.0,-1.0,-1.0
346,2,25,1,32400,0,0.0,-1.0,-1.0,-1.0
346,2,25,2,32400,0,0.0,-1.0,-1.0,-1.0
346,2,26,0,32400,1,3.08641975308642e-05,1.0,-1.0,0.0
346,2,26,1,32400,0,0.0,-1.0,-1.0,-1.0
346,2,26,2,32400,0,0.0,-1.0,-1.0,-1.0
346,2,27,0,32400,0,0.0,-1.0,0.0,-1.0
346,2,27,1,32400,0,0.0,-1.0,-1.0,-1.0
346,2,27,2,32400,0,0.0,-1.0,-1.0,-1.0
346,2,28,0,32400,0,0.0,-1.0,-1.0,-1.0
346,2,28,1,32400,0,0.0,-1.0,-1.0,-1.0
346,2,28,2,32400,0,0.0,-1.0,-1.0,-1.0
346,2,29,0,32400,0,0.0,-1.0,-1.0,-1.0
346,2,29,1,32400,0,0.0,-1.0,-1.0,-1.0
346,2,29,2,32400,0,0.0,-1.0,-1.0,-1.0
346,2,30,0,32400,0,0.0,-1.0,-1.0,-1.0
346,2,30,1,32400,0,0.0,-1.0,-1.0,-1.0
346,2,30,2,32400,0,0.0,-1.0,-1.0,-1.0
346,2,31,0,32400,0,0.0,-1.0,-1.0,-1.0
346,2,31,1,32400,0,0.0,-1.0,-1.0,-1.0
346,2,31,2,32400,0,0.0,-1.0,-1.0,-1.0
346,2,32,0,32400,0,0.0,-1.0,-1.0,-1.0
346,2,32,1,32400,0,0.0,-1.0,-1.0,-1.0
346,2,32,2,32400,0,0.0,-1.0,-1.0,-1.0
346,2,33,0,32400,0,0.0,-1.0,-1.0,-1.0
346,2,33,1,32400,0,0.0,-1.0,-1.0,-1.0
346,2,33,2,32400,0,0.0,-1.0,-1.0,-1.0
346,2,34,0,32400,0,0.0,-1.0,-1.0,-1.0
346,2,34,1,32400,0,0.0,-1.0,-1.0,-1.0
346,2,34,2,32400,0,0.0,-1.0,-1.0,-1.0
346,2,35,0,32400,0,0.0,-1.0,-1.0,-1.0
346,2,35,1,32400,0,0.0,-1.0,-1.0,-1.0
346,2,35,2,32400,0,0.0,-1.0,-1.0,-1.0
346,3,1,0,32400,31,0.0009567901234567902,18.129032135009766,-1.0,0.3548387096774194
346,3,1,1,32400,4,0.0001234567901234568,8.5,-1.0,0.25
346,3,1,2,32400,8,0.0002469135802469136,6.875,-1.0,0.125
346,3,2,0,32400,23,0.0007098765432098765,7.043478488922119,0.41935483870967744,0.2608695652173913
346,3,2,1,32400,2,6.17283950617284e-05,31.500001907348633,0.25,0.0
346,3,2,2,32400,7,0.0002160493827160494,53.5714225769043,0.25,0.14285714285714285
346,3,3,0,32400,11,0.00033950617283950616,10.181818008422852,0.30434782608695654,0.18181818181818182
346,3,3,1,32400,5,0.00015432098765432098,25.600000381469727,0.5,0.0
346,3,3,2,32400,1,3.08641975308642e-05,44.000003814697266,0.14285714285714285,0.0
346,3,4,0,32400,8,0.0002469135802469136,9.625,0.36363636363636365,0.0
346,3,4,1,32400,1,3.08641975308642e-05,1.0,0.2,0.0
346,3,4,2,32400,7,0.0002160493827160494,15.285717010498047,1.0,0.0
346,3,5,0,32400,11,0.00033950617283950616,15.181819915771484,0.375,0.2727272727272727
346,3,5,1,32400,0,0.0,-1.0,0.0,-1.0
346,3,5,2,32400,1,3.08641975308642e-05,2.0,0.0,0.0
346,3,6,0,32400,5,0.00015432098765432098,26.399999618530273,0.18181818181818182,0.0
346,3,6,1,32400,0,0.0,-1.0,-1.0,-1.0
346,3,6,2,32400,2,6.17283950617284e-05,1.5,0.0,0.0
346,3,7,0,32400,3,9.259259259259259e-05,18.33333396911621,0.4,0.0
346,3,7,1,32400,1,3.08641975308642e-05,7.0,-1.0,0.0
346,3,7,2,32400,0,0.0,-1.0,0.0,-1.0
346,3,8,0,32400,3,9.259259259259259e-05,18.33333396911621,0.3333333333333333,0.0
346,3,8,1,32400,0,0.0,-1.0,0.0,-1.0
346,3,8,2,32400,2,6.17283950617284e-05,6.5,-1.0,0.0
346,3,9,0,32400,3,9.259259259259259e-05,19.666667938232422,0.6666666666666666,0.3333333333333333
346,3,9,1,32400,1,3.08641975308642e-05,8.0,-1.0,0.0
346,3,9,2,32400,1,3.08641975308642e-05,1.0,0.0,0.0
346,3,10,0,32400,4,0.0001234567901234568,3.0,0.6666666666666666,0.0
346,3,10,1,32400,0,0.0,-1.0,0.0,-1.0
346,3,10,2,32400,0,0.0,-1.0,0.0,-1.0
346,3,11,0,32400,2,6.17283950617284e-05,65.0,0.25,0.5
346,3,11,1,32400,0,0.0,-1.0,-1.0,-1.0
346,3,11,2,32400,0,0.0,-1.0,-1.0,-1.0
346,3,12,0,32400,3,9.259259259259259e-05,22.33333396911621,0.5,0.0
346,3,12,1,32400,0,0.0,-1.0,-1.0,-1.0
346,3,12,2,32400,0,0.0,-1.0,-1.0,-1.0
346,3,13,0,32400,2,6.17283950617284e-05,4.0,0.3333333333333333,0.5
346,3,13,1,32400,0,0.0,-1.0,-1.0,-1.0
346,3,13,2,32400,1,3.08641975308642e-05,1.0,-1.0,0.0
346,3,14,0,32400,3,9.259259259259259e-05,4.6666669845581055,1.0,0.3333333333333333
346,3,14,1,32400,0,0.0,-1.0,-1.0,-1.0
346,3,14,2,32400,1,3.08641975308642e-05,389.0000915527344,0.0,0.0
346,3,15,0,32400,2,6.17283950617284e-05,2.5,0.3333333333333333,0.0
346,3,15,1,32400,0,0.0,-1.0,-1.0,-1.0
346,3,15,2,32400,0,0.0,-1.0,0.0,-1.0
346,3,16,0,32400,2,6.17283950617284e-05,10.500000953674316,0.5,0.5
346,3,16,1,32400,0,0.0,-1.0,-1.0,-1.0
346,3,16,2,32400,0,0.0,-1.0,-1.0,-1.0
346,3,17,0,32400,2,6.17283950617284e-05,5.5,1.0,0.5
346,3,17,1,32400,0,0.0,-1.0,-1.0,-1.0
346,3,17,2,32400,0,0.0,-1.0,-1.0,-1.0
346,3,18,0,32400,1,3.08641975308642e-05,1.0,0.5,0.0
346,3,18,1,32400,0,0.0,-1.0,-1.0,-1.0
346,3,18,2,32400,0,0.0,-1.0,-1.0,-1.0
346,3,19,0,32400,0,0.0,-1.0,0.0,-1.0
346,3,19,1,32400,0,0.0,-1.0,-1.0,-1.0
346,3,19,2,32400,0,0.0,-1.0,-1.0,-1.0
346,3,20,0,32400,1,3.08641975308642e-05,45.0,-1.0,0.0
346,3,20,1,32400,0,0.0,-1.0,-1.0,-1.0
346,3,20,2,32400,0,0.0,-1.0,-1.0,-1.0
346,3,21,0,32400,1,3.08641975308642e-05,11.0,0.0,0.0
346,3,21,1,32400,0,0.0,-1.0,-1.0,-1.0
346,3,21,2,32400,0,0.0,-1.0,-1.0,-1.0
346,3,22,0,32400,2,6.17283950617284e-05,6.500000476837158,0.0,0.0
346,3,22,1,32400,0,0.0,-1.0,-1.0,-1.0
346,3,22,2,32400,0,0.0,-1.0,-1.0,-1.0
346,3,23,0,32400,0,0.0,-1.0,0.0,-1.0
346,3,23,1,32400,0,0.0,-1.0,-1.0,-1.0
346,3,23,2,32400,0,0.0,-1.0,-1.0,-1.0
346,3,24,0,32400,0,0.0,-1.0,-1.0,-1.0
346,3,24,1,32400,0,0.0,-1.0,-1.0,-1.0
346,3,24,2,32400,0,0.0,-1.0,-1.0,-1.0
346,3,25,0,32400,0,0.0,-1.0,-1.0,-1.0
346,3,25,1,32400,0,0.0,-1.0,-1.0,-1.0
346,3,25,2,32400,0,0.0,-1.0,-1.0,-1.0
346,3,26,0,32400,1,3.08641975308642e-05,99.99999237060547,-1.0,0.0
346,3,26,1,32400,0,0.0,-1.0,-1.0,-1.0
346,3,26,2,32400,0,0.0,-1.0,-1.0,-1.0
346,3,27,0,32400,0,0.0,-1.0,0.0,-1.0
346,3,27,1,32400,0,0.0,-1.0,-1.0,-1.0
346,3,27,2,32400,0,0.0,-1.0,-1.0,-1.0
346,3,28,0,32400,0,0.0,-1.0,-1.0,-1.0
346,3,28,1,32400,0,0.0,-1.0,-1.0,-1.0
346,3,28,2,32400,0,0.0,-1.0,-1.0,-1.0
346,3,29,0,32400,0,0.0,-1.0,-1.0,-1.0
346,3,29,1,32400,0,0.0,-1.0,-1.0,-1.0
346,3,29,2,32400,0,0.0,-1.0,-1.0,-1.0
346,3,30,0,32400,0,0.0,-1.0,-1.0,-1.0
346,3,30,1,32400,0,0.0,-1.0,-1.0,-1.0
346,3,30,2,32400,0,0.0,-1.0,-1.0,-1.0
346,3,31,0,32400,0,0.0,-1.0,-1.0,-1.0
346,3,31,1,32400,0,0.0,-1.0,-1.0,-1.0
346,3,31,2,32400,0,0.0,-1.0,-1.0,-1.0
346,3,32,0,32400,0,0.0,-1.0,-1.0,-1.0
346,3,32,1,32400,0,0.0,-1.0,-1.0,-1.0
346,3,32,2,32400,0,0.0,-1.0,-1.0,-1.0
346,3,33,0,32400,1,3.08641975308642e-05,2.0,-1.0,0.0
346,3,33,1,32400,0,0.0,-1.0,-1.0,-1.0
346,3,33,2,32400,0,0.0,-1.0,-1.0,-1.0
346,3,34,0,32400,0,0.0,-1.0,0.0,-1.0
346,3,34,1,32400,0,0.0,-1.0,-1.0,-1.0
346,3,34,2,32400,0,0.0,-1.0,-1.0,-1.0
346,3,35,0,32400,0,0.0,-1.0,-1.0,-1.0
346,3,35,1,32400,0,0.0,-1.0,-1.0,-1.0
346,3,35,2,32400,0,0.0,-1.0,-1.0,-1.0
347,0,1,0,32400,34,0.0010493827160493827,15.588234901428223,-1.0,0.35294117647058826
347,0,1,1,32400,5,0.00015432098765432098,23.599998474121094,-1.0,0.0
347,0,1,2,32400,10,0.00030864197530864197,13.300000190734863,-1.0,0.4
347,0,2,0,32400,20,0.0006172839506172839,19.0,0.38235294117647056,0.35
347,0,2,1,32400,1,3.08641975308642e-05,10.000000953674316,0.0,0.0
347,0,2,2,32400,5,0.00015432098765432098,16.600000381469727,0.3,0.2
347,0,3,0,32400,12,0.00037037037037037035,5.0,0.3,0.16666666666666666
347,0,3,1,32400,2,6.17283950617284e-05,1.0,0.0,0.0
347,0,3,2,32400,4,0.0001234567901234568,28.250001907348633,0.4,0.5
347,0,4,0,32400,9,0.0002777777777777778,8.333333015441895,0.25,0.0
347,0,4,1,32400,3,9.259259259259259e-05,4.0,0.0,0.0
347,0,4,2,32400,5,0.00015432098765432098,5.599999904632568,0.5,0.2
347,0,5,0,32400,12,0.00037037037037037035,35.08333969116211,0.4444444444444444,0.25
347,0,5,1,32400,2,6.17283950617284e-05,6.0,0.0,0.0
347,0,5,2,32400,1,3.08641975308642e-05,1.0,0.0,0.0
347,0,6,0,32400,5,0.00015432098765432098,59.00000762939453,0.25,0.2
347,0,6,1,32400,2,6.17283950617284e-05,10.5,0.0,0.0
347,0,6,2,32400,0,0.0,-1.0,0.0,-1.0
347,0,7,0,32400,3,9.259259259259259e-05,2.3333334922790527,0.4,0.0
347,0,7,1,32400,1,3.08641975308642e-05,4.0,0.5,0.0
347,0,7,2,32400,0,0.0,-1.0,-1.0,-1.0
347,0,8,0,32400,3,9.259259259259259e-05,11.333333969116211,0.6666666666666666,0.0
347,0,8,1,32400,2,6.17283950617284e-05,14.000000953674316,1.0,0.0
347,0,8,2,32400,1,3.08641975308642e-05,1.0,-1.0,0.0
347,0,9,0,32400,2,6.17283950617284e-05,16.500001907348633,0.0,0.0
347,0,9,1,32400,0,0.0,-1.0,0.0,-1.0
347,0,9,2,32400,1,3.08641975308642e-05,1.0,1.0,0.0
347,0,10,0,32400,5,0.00015432098765432098,10.40000057220459,0.0,0.0
347,0,10,1,32400,0,0.0,-1.0,-1.0,-1.0
347,0,10,2,32400,0,0.0,-1.0,0.0,-1.0
347,0,11,0,32400,3,9.259259259259259e-05,1.6666667461395264,0.2,0.0
347,0,11,1,32400,0,0.0,-1.0,-1.0,-1.0
347,0,11,2,32400,0,0.0,-1.0,-1.0,-1.0
347,0,12,0,32400,2,6.17283950617284e-05,23.500001907348633,0.0,0.0
347,0,12,1,32400,1,3.08641975308642e-05,1.0,-1.0,0.0
347,0,12,2,32400,0,0.0,-1.0,-1.0,-1.0
347,0,13,0,32400,2,6.17283950617284e-05,24.499998092651367,0.0,0.0
347,0,13,1,32400,0,0.0,-1.0,0.0,-1.0
347,0,13,2,32400,0,0.0,-1.0,-1.0,-1.0
347,0,14,0,32400,1,3.08641975308642e-05,1.0,0.5,0.0
347,0,14,1,32400,0,0.0,-1.0,-1.0,-1.0
347,0,14,2,32400,0,0.0,-1.0,-1.0,-1.0
347,0,15,0,32400,0,0.0,-1.0,0.0,-1.0
347,0,15,1,32400,0,0.0,-1.0,-1.0,-1.0
347,0,15,2,32400,0,0.0,-1.0,-1.0,-1.0
347,0,16,0,32400,1,3.08641975308642e-05,3.0,-1.0,0.0
347,0,16,1,32400,2,6.17283950617284e-05,23.0,-1.0,0.0
347,0,16,2,32400,0,0.0,-1.0,-1.0,-1.0
347,0,17,0,32400,0,0.0,-1.0,0.0,-1.0
347,0,17,1,32400,2,6.17283950617284e-05,6.999999523162842,1.0,0.0
347,0,17,2,32400,0,0.0,-1.0,-1.0,-1.0
347,0,18,0,32400,0,0.0,-1.0,-1.0,-1.0
347,0,18,1,32400,1,3.08641975308642e-05,33.0,0.0,0.0
347,0,18,2,32400,0,0.0,-1.0,-1.0,-1.0
347,0,19,0,32400,0,0.0,-1.0,-1.0,-1.0
347,0,19,1,32400,1,3.08641975308642e-05,2.0,0.0,0.0
347,0,19,2,32400,0,0.0,-1.0,-1.0,-1.0
347,0,20,0,32400,0,0.0,-1.0,-1.0,-1.0
347,0,20,1,32400,0,0.0,-1.0,0.0,-1.0
347,0,20,2,32400,0,0.0,-1.0,-1.0,-1.0
347,0,21,0,32400,0,0.0,-1.0,-1.0,-1.0
347,0,21,1,32400,0,0.0,-1.0,-1.0,-1.0
347,0,21,2,32400,0,0.0,-1.0,-1.0,-1.0
347,0,22,0,32400,0,0.0,-1.0,-1.0,-1.0
347,0,22,1,32400,0,0.0,-1.0,-1.0,-1.0
347,0,22,2,32400,0,0.0,-1.0,-1.0,-1.0
347,0,23,0,32400,0,0.0,-1.0,-1.0,-1.0
347,0,23,1,32400,0,0.0,-1.0,-1.0,-1.0
347,0,23,2,32400,0,0.0,-1.0,-1.0,-1.0
347,0,24,0,32400,0,0.0,-1.0,-1.0,-1.0
347,0,24,1,32400,0,0.0,-1.0,-1.0,-1.0
347,0,24,2,32400,0,0.0,-1.0,-1.0,-1.0
347,0,25,0,32400,0,0.0,-1.0,-1.0,-1.0
347,0,25,1,32400,1,3.08641975308642e-05,5.999999523162842,-1.0,0.0
347,0,25,2,32400,0,0.0,-1.0,-1.0,-1.0
347,0,26,0,32400,0,0.0,-1.0,-1.0,-1.0
347,0,26,1,32400,0,0.0,-1.0,0.0,-1.0
347,0,26,2,32400,0,0.0,-1.0,-1.0,-1.0
347,0,27,0,32400,1,3.08641975308642e-05,3.0,-1.0,0.0
347,0,27,1,32400,0,0.0,-1.0,-1.0,-1.0
347,0,27,2,32400,0,0.0,-1.0,-1.0,-1.0
347,0,28,0,32400,0,0.0,-1.0,0.0,-1.0
347,0,28,1,32400,0,0.0,-1.0,-1.0,-1.0
347,0,28,2,32400,0,0.0,-1.0,-1.0,-1.0
347,0,29,0,32400,0,0.0,-1.0,-1.0,-1.0
347,0,29,1,32400,0,0.0,-1.0,-1.0,-1.0
347,0,29,2,32400,0,0.0,-1.0,-1.0,-1.0
347,0,30,0,32400,0,0.0,-1.0,-1.0,-1.0
347,0,30,1,32400,0,0.0,-1.0,-1.0,-1.0
347,0,30,2,32400,0,0.0,-1.0,-1.0,-1.0
347,0,31,0,32400,0,0.0,-1.0,-1.0,-1.0
347,0,31,1,32400,0,0.0,-1.0,-1.0,-1.0
347,0,31,2,32400,0,0.0,-1.0,-1.0,-1.0
347,0,32,0,32400,0,0.0,-1.0,-1.0,-1.0
347,0,32,1,32400,0,0.0,-1.0,-1.0,-1.0
347,0,32,2,32400,0,0.0,-1.0,-1.0,-1.0
347,0,33,0,32400,1,3.08641975308642e-05,59.9999885559082,-1.0,0.0
347,0,33,1,32400,0,0.0,-1.0,-1.0,-1.0
347,0,33,2,32400,0,0.0,-1.0,-1.0,-1.0
347,0,34,0,32400,0,0.0,-1.0,0.0,-1.0
347,0,34,1,32400,0,0.0,-1.0,-1.0,-1.0
347,0,34,2,32400,0,0.0,-1.0,-1.0,-1.0
347,0,35,0,32400,0,0.0,-1.0,-1.0,-1.0
347,0,35,1,32400,0,0.0,-1.0,-1.0,-1.0
347,0,35,2,32400,0,0.0,-1.0,-1.0,-1.0
347,1,1,0,32400,32,0.0009876543209876543,14.40625,-1.0,0.21875
347,1,1,1,32400,8,0.0002469135802469136,9.375,-1.0,0.5
347,1,1,2,32400,8,0.0002469135802469136,26.874998092651367,-1.0,0.0
347,1,2,0,32400,17,0.0005246913580246914,18.176469802856445,0.21875,0.11764705882352941
347,1,2,1,32400,8,0.0002469135802469136,6.125,0.5,0.375
347,1,2,2,32400,6,0.00018518518518518518,4.833333492279053,0.25,0.0
347,1,3,0,32400,17,0.0005246913580246914,26.41176414489746,0.35294117647058826,0.23529411764705882
347,1,3,1,32400,2,6.17283950617284e-05,25.0,0.0,0.0
347,1,3,2,32400,2,6.17283950617284e-05,16.500001907348633,0.16666666666666666,0.0
347,1,4,0,32400,11,0.00033950617283950616,15.818183898925781,0.4117647058823529,0.09090909090909091
347,1,4,1,32400,1,3.08641975308642e-05,16.0,0.0,0.0
347,1,4,2,32400,3,9.259259259259259e-05,43.33333969116211,0.5,0.3333333333333333
347,1,5,0,32400,5,0.00015432098765432098,5.599999904632568,0.36363636363636365,0.0
347,1,5,1,32400,1,3.08641975308642e-05,22.0,0.0,0.0
347,1,5,2,32400,1,3.08641975308642e-05,11.999999046325684,0.3333333333333333,0.0
347,1,6,0,32400,3,9.259259259259259e-05,1.6666667461395264,0.2,0.0
347,1,6,1,32400,1,3.08641975308642e-05,1.0,1.0,0.0
347,1,6,2,32400,2,6.17283950617284e-05,77.49999237060547,1.0,0.0
347,1,7,0,32400,5,0.00015432098765432098,11.40000057220459,0.3333333333333333,0.0
347,1,7,1,32400,1,3.08641975308642e-05,1.0,1.0,0.0
347,1,7,2,32400,0,0.0,-1.0,0.0,-1.0
347,1,8,0,32400,4,0.0001234567901234568,6.25,0.4,0.0
347,1,8,1,32400,0,0.0,-1.0,0.0,-1.0
347,1,8,2,32400,0,0.0,-1.0,-1.0,-1.0
347,1,9,0,32400,2,6.17283950617284e-05,1.0,0.25,0.0
347,1,9,1,32400,0,0.0,-1.0,-1.0,-1.0
347,1,9,2,32400,0,0.0,-1.0,-1.0,-1.0
347,1,10,0,32400,1,3.08641975308642e-05,1.0,0.0,0.0
347,1,10,1,32400,2,6.17283950617284e-05,39.50000762939453,-1.0,0.0
347,1,10,2,32400,0,0.0,-1.0,-1.0,-1.0
347,1,11,0,32400,2,6.17283950617284e-05,2.0,0.0,0.0
347,1,11,1,32400,1,3.08641975308642e-05,5.999999523162842,0.0,0.0
347,1,11,2,32400,0,0.0,-1.0,-1.0,-1.0
347,1,12,0,32400,3,9.259259259259259e-05,20.000003814697266,0.0,0.0
347,1,12,1,32400,0,0.0,-1.0,0.0,-1.0
347,1,12,2,32400,0,0.0,-1.0,-1.0,-1.0
347,1,13,0,32400,0,0.0,-1.0,0.0,-1.0
347,1,13,1,32400,0,0.0,-1.0,-1.0,-1.0
347,1,13,2,32400,0,0.0,-1.0,-1.0,-1.0
347,1,14,0,32400,1,3.08641975308642e-05,3.0,-1.0,0.0
347,1,14,1,32400,0,0.0,-1.0,-1.0,-1.0
347,1,14,2,32400,1,3.08641975308642e-05,2.0,-1.0,0.0
347,1,15,0,32400,0,0.0,-1.0,0.0,-1.0
347,1,15,1,32400,0,0.0,-1.0,-1.0,-1.0
347,1,15,2,32400,0,0.0,-1.0,0.0,-1.0
347,1,16,0,32400,0,0.0,-1.0,-1.0,-1.0
347,1,16,1,32400,0,0.0,-1.0,-1.0,-1.0
347,1,16,2,32400,0,0.0,-1.0,-1.0,-1.0
347,1,17,0,32400,0,0.0,-1.0,-1.0,-1.0
347,1,17,1,32400,0,0.0,-1.0,-1.0,-1.0
347,1,17,2,32400,0,0.0,-1.0,-1.0,-1.0
347,1,18,0,32400,0,0.0,-1.0,-1.0,-1.0
347,1,18,1,32400,0,0.0,-1.0,-1.0,-1.0
347,1,18,2,32400,0,0.0,-1.0,-1.0,-1.0
347,1,19,0,32400,0,0.0,-1.0,-1.0,-1.0
347,1,19,1,32400,0,0.0,-1.0,-1.0,-1.0
347,1,19,2,32400,0,0.0,-1.0,-1.0,-1.0
347,1,20,0,32400,0,0.0,-1.0,-1.0,-1.0
347,1,20,1,32400,0,0.0,-1.0,-1.0,-1.0
347,1,20,2,32400,1,3.08641975308642e-05,233.0000457763672,-1.0,0.0
347,1,21,0,32400,0,0.0,-1.0,-1.0,-1.0
347,1,21,1,32400,1,3.08641975308642e-05,34.000003814697266,-1.0,0.0
347,1,21,2,32400,1,3.08641975308642e-05,24.999998092651367,1.0,0.0
347,1,22,0,32400,0,0.0,-1.0,-1.0,-1.0
347,1,22,1,32400,0,0.0,-1.0,0.0,-1.0
347,1,22,2,32400,0,0.0,-1.0,0.0,-1.0
347,1,23,0,32400,0,0.0,-1.0,-1.0,-1.0
347,1,23,1,32400,0,0.0,-1.0,-1.0,-1.0
347,1,23,2,32400,0,0.0,-1.0,-1.0,-1.0
347,1,24,0,32400,0,0.0,-1.0,-1.0,-1.0
347,1,24,1,32400,0,0.0,-1.0,-1.0,-1.0
347,1,24,2,32400,0,0.0,-1.0,-1.0,-1.0
347,1,25,0,32400,0,0.0,-1.0,-1.0,-1.0
347,1,25,1,32400,0,0.0,-1.0,-1.0,-1.0
347,1,25,2,32400,0,0.0,-1.0,-1.0,-1.0
347,1,26,0,32400,0,0.0,-1.0,-1.0,-1.0
347,1,26,1,32400,0,0.0,-1.0,-1.0,-1.0
347,1,26,2,32400,0,0.0,-1.0,-1.0,-1.0
347,1,27,0,32400,1,3.08641975308642e-05,13.000000953674316,-1.0,0.0
347,1,27,1,32400,0,0.0,-1.0,-1.0,-1.0
347,1,27,2,32400,0,0.0,-1.0,-1.0,-1.0
347,1,28,0,32400,0,0.0,-1.0,0.0,-1.0
347,1,28,1,32400,0,0.0,-1.0,-1.0,-1.0
347,1,28,2,32400,0,0.0,-1.0,-1.0,-1.0
347,1,29,0,32400,0,0.0,-1.0,-1.0,-1.0
347,1,29,1,32400,0,0.0,-1.0,-1.0,-1.0
347,1,29,2,32400,0,0.0,-1.0,-1.0,-1.0
347,1,30,0,32400,0,0.0,-1.0,-1.0,-1.0
347,1,30,1,32400,0,0.0,-1.0,-1.0,-1.0
347,1,30,2,32400,0,0.0,-1.0,-1.0,-1.0
347,1,31,0,32400,1,3.08641975308642e-05,1.0,-1.0,0.0
347,1,31,1,32400,0,0.0,-1.0,-1.0,-1.0
347,1,31,2,32400,0,0.0,-1.0,-1.0,-1.0
347,1,32,0,32400,0,0.0,-1.0,0.0,-1.0
347,1,32,1,32400,0,0.0,-1.0,-1.0,-1.0
347,1,32,2,32400,0,0.0,-1.0,-1.0,-1.0
347,1,33,0,32400,0,0.0,-1.0,-1.0,-1.0
347,1,33,1,32400,0,0.0,-1.0,-1.0,-1.0
347,1,33,2,32400,0,0.0,-1.0,-1.0,-1.0
347,1,34,0,32400,0,0.0,-1.0,-1.0,-1.0
347,1,34,1,32400,0,0.0,-1.0,-1.0,-1.0
347,1,34,2,32400,0,0.0,-1.0,-1.0,-1.0
347,1,35,0,32400,0,0.0,-1.0,-1.0,-1.0
347,1,35,1,32400,0,0.0,-1.0,-1.0,-1.0
347,1,35,2,32400,0,0.0,-1.0,-1.0,-1.0
347,2,1,0,32400,28,0.0008641975308641976,9.142857551574707,-1.0,0.25
347,2,1,1,32400,11,0.00033950617283950616,13.454546928405762,-1.0,0.36363636363636365
347,2,1,2,32400,20,0.0006172839506172839,38.04999923706055,-1.0,0.1
347,2,2,0,32400,16,0.0004938271604938272,19.6875,0.17857142857142858,0.1875
347,2,2,1,32400,6,0.00018518518518518518,11.0,0.2727272727272727,0.16666666666666666
347,2,2,2,32400,9,0.0002777777777777778,43.888893127441406,0.1,0.1111111111111111
347,2,3,0,32400,13,0.00040123456790123454,5.153846263885498,0.125,0.07692307692307693
347,2,3,1,32400,1,3.08641975308642e-05,1.0,0.0,0.0
347,2,3,2,32400,2,6.17283950617284e-05,2.0,0.0,0.0
347,2,4,0,32400,8,0.0002469135802469136,9.75,0.23076923076923078,0.0
347,2,4,1,32400,1,3.08641975308642e-05,3.0,0.0,0.0
347,2,4,2,32400,1,3.08641975308642e-05,177.00003051757812,0.0,0.0
347,2,5,0,32400,8,0.0002469135802469136,8.0,0.25,0.125
347,2,5,1,32400,3,9.259259259259259e-05,7.0,0.0,0.3333333333333333
347,2,5,2,32400,2,6.17283950617284e-05,67.00000762939453,0.0,0.0
347,2,6,0,32400,4,0.0001234567901234568,21.5,0.25,0.25
347,2,6,1,32400,2,6.17283950617284e-05,22.500001907348633,0.0,0.0
347,2,6,2,32400,1,3.08641975308642e-05,7.0,0.0,0.0
347,2,7,0,32400,6,0.00018518518518518518,2.0,0.0,0.0
347,2,7,1,32400,1,3.08641975308642e-05,43.000003814697266,0.0,0.0
347,2,7,2,32400,2,6.17283950617284e-05,6.000000476837158,0.0,0.0
347,2,8,0,32400,2,6.17283950617284e-05,31.4999942779541,0.16666666666666666,0.0
347,2,8,1,32400,2,6.17283950617284e-05,1.5,0.0,0.0
347,2,8,2,32400,1,3.08641975308642e-05,80.00000762939453,0.5,0.0
347,2,9,0,32400,2,6.17283950617284e-05,25.000001907348633,0.5,0.0
347,2,9,1,32400,1,3.08641975308642e-05,32.000003814697266,0.0,0.0
347,2,9,2,32400,1,3.08641975308642e-05,1.0,0.0,0.0
347,2,10,0,32400,3,9.259259259259259e-05,7.333333492279053,0.5,0.0
347,2,10,1,32400,2,6.17283950617284e-05,4.5,0.0,0.0
347,2,10,2,32400,0,0.0,-1.0,0.0,-1.0
347,2,11,0,32400,2,6.17283950617284e-05,6.0,0.0,0.0
347,2,11,1,32400,1,3.08641975308642e-05,8.0,0.0,0.0
347,2,11,2,32400,1,3.08641975308642e-05,1.0,-1.0,0.0
347,2,12,0,32400,1,3.08641975308642e-05,1.0,0.5,0.0
347,2,12,1,32400,1,3.08641975308642e-05,11.0,0.0,0.0
347,2,12,2,32400,1,3.08641975308642e-05,5.0,0.0,0.0
347,2,13,0,32400,3,9.259259259259259e-05,14.333332061767578,1.0,0.0
347,2,13,1,32400,1,3.08641975308642e-05,14.000000953674316,0.0,0.0
347,2,13,2,32400,1,3.08641975308642e-05,5.999999523162842,0.0,0.0
347,2,14,0,32400,0,0.0,-1.0,0.0,-1.0
347,2,14,1,32400,0,0.0,-1.0,0.0,-1.0
347,2,14,2,32400,2,6.17283950617284e-05,4.0,1.0,0.0
347,2,15,0,32400,0,0.0,-1.0,-1.0,-1.0
347,2,15,1,32400,0,0.0,-1.0,-1.0,-1.0
347,2,15,2,32400,1,3.08641975308642e-05,7.0,0.5,0.0
347,2,16,0,32400,1,3.08641975308642e-05,3.0,-1.0,0.0
347,2,16,1,32400,0,0.0,-1.0,-1.0,-1.0
347,2,16,2,32400,0,0.0,-1.0,0.0,-1.0
347,2,17,0,32400,0,0.0,-1.0,0.0,-1.0
347,2,17,1,32400,0,0.0,-1.0,-1.0,-1.0
347,2,17,2,32400,0,0.0,-1.0,-1.0,-1.0
347,2,18,0,32400,1,3.08641975308642e-05,3.0,-1.0,0.0
347,2,18,1,32400,0,0.0,-1.0,-1.0,-1.0
347,2,18,2,32400,0,0.0,-1.0,-1.0,-1.0
347,2,19,0,32400,0,0.0,-1.0,0.0,-1.0
347,2,19,1,32400,0,0.0,-1.0,-1.0,-1.0
347,2,19,2,32400,0,0.0,-1.0,-1.0,-1.0
347,2,20,0,32400,0,0.0,-1.0,-1.0,-1.0
347,2,20,1,32400,0,0.0,-1.0,-1.0,-1.0
347,2,20,2,32400,0,0.0,-1.0,-1.0,-1.0
347,2,21,0,32400,0,0.0,-1.0,-1.0,-1.0
347,2,21,1,32400,0,0.0,-1.0,-1.0,-1.0
347,2,21,2,32400,0,0.0,-1.0,-1.0,-1.0
347,2,22,0,32400,0,0.0,-1.0,-1.0,-1.0
347,2,22,1,32400,0,0.0,-1.0,-1.0,-1.0
347,2,22,2,32400,0,0.0,-1.0,-1.0,-1.0
347,2,23,0,32400,1,3.08641975308642e-05,5.999999523162842,-1.0,0.0
347,2,23,1,32400,0,0.0,-1.0,-1.0,-1.0
347,2,23,2,32400,0,0.0,-1.0,-1.0,-1.0
347,2,24,0,32400,0,0.0,-1.0,0.0,-1.0
347,2,24,1,32400,0,0.0,-1.0,-1.0,-1.0
347,2,24,2,32400,0,0.0,-1.0,-1.0,-1.0
347,2,25,0,32400,0,0.0,-1.0,-1.0,-1.0
347,2,25,1,32400,0,0.0,-1.0,-1.0,-1.0
347,2,25,2,32400,0,0.0,-1.0,-1.0,-1.0
347,2,26,0,32400,0,0.0,-1.0,-1.0,-1.0
347,2,26,1,32400,0,0.0,-1.0,-1.0,-1.0
347,2,26,2,32400,0,0.0,-1.0,-1.0,-1.0
347,2,27,0,32400,1,3.08641975308642e-05,9.0,-1.0,0.0
347,2,27,1,32400,0,0.0,-1.0,-1.0,-1.0
347,2,27,2,32400,0,0.0,-1.0,-1.0,-1.0
347,2,28,0,32400,0,0.0,-1.0,0.0,-1.0
347,2,28,1,32400,0,0.0,-1.0,-1.0,-1.0
347,2,28,2,32400,0,0.0,-1.0,-1.0,-1.0
347,2,29,0,32400,0,0.0,-1.0,-1.0,-1.0
347,2,29,1,32400,0,0.0,-1.0,-1.0,-1.0
347,2,29,2,32400,0,0.0,-1.0,-1.0,-1.0
347,2,30,0,32400,0,0.0,-1.0,-1.0,-1.0
347,2,30,1,32400,0,0.0,-1.0,-1.0,-1.0
347,2,30,2,32400,0,0.0,-1.0,-1.0,-1.0
347,2,31,0,32400,0,0.0,-1.0,-1.0,-1.0
347,2,31,1,32400,0,0.0,-1.0,-1.0,-1.0
347,2,31,2,32400,0,0.0,-1.0,-1.0,-1.0
347,2,32,0,32400,0,0.0,-1.0,-1.0,-1.0
347,2,32,1,32400,0,0.0,-1.0,-1.0,-1.0
347,2,32,2,32400,0,0.0,-1.0,-1.0,-1.0
347,2,33,0,32400,0,0.0,-1.0,-1.0,-1.0
347,2,33,1,32400,0,0.0,-1.0,-1.0,-1.0
347,2,33,2,32400,0,0.0,-1.0,-1.0,-1.0
347,2,34,0,32400,0,0.0,-1.0,-1.0,-1.0
347,2,34,1,32400,0,0.0,-1.0,-1.0,-1.0
347,2,34,2,32400,0,0.0,-1.0,-1.0,-1.0
347,2,35,0,32400,0,0.0,-1.0,-1.0,-1.0
347,2,35,1,32400,0,0.0,-1.0,-1.0,-1.0
347,2,35,2,32400,0,0.0,-1.0,-1.0,-1.0
347,3,1,0,32400,29,0.0008950617283950618,20.586206436157227,-1.0,0.1724137931034483
347,3,1,1,32400,3,9.259259259259259e-05,27.666669845581055,-1.0,0.0
347,3,1,2,32400,6,0.00018518518518518518,29.83333396911621,-1.0,0.0
347,3,2,0,32400,14,0.0004320987654320988,13.928571701049805,0.10344827586206896,0.0
347,3,2,1,32400,4,0.0001234567901234568,5.5,0.6666666666666666,0.25
347,3,2,2,32400,4,0.0001234567901234568,74.00000762939453,0.0,0.0
347,3,3,0,32400,10,0.00030864197530864197,34.19999694824219,0.2857142857142857,0.3
347,3,3,1,32400,3,9.259259259259259e-05,2.3333334922790527,0.25,0.0
347,3,3,2,32400,3,9.259259259259259e-05,9.333333969116211,0.25,0.3333333333333333
347,3,4,0,32400,10,0.00030864197530864197,12.600001335144043,0.5,0.2
347,3,4,1,32400,2,6.17283950617284e-05,10.0,0.0,0.0
347,3,4,2,32400,2,6.17283950617284e-05,339.9999694824219,0.3333333333333333,0.0
347,3,5,0,32400,7,0.0002160493827160494,10.428570747375488,0.4,0.0
347,3,5,1,32400,0,0.0,-1.0,0.0,-1.0
347,3,5,2,32400,1,3.08641975308642e-05,16.0,0.0,0.0
347,3,6,0,32400,5,0.00015432098765432098,5.799999713897705,0.42857142857142855,0.2
347,3,6,1,32400,2,6.17283950617284e-05,2.5,-1.0,0.0
347,3,6,2,32400,1,3.08641975308642e-05,8.0,0.0,0.0
347,3,7,0,32400,2,6.17283950617284e-05,2.5,0.2,0.0
347,3,7,1,32400,0,0.0,-1.0,0.0,-1.0
347,3,7,2,32400,1,3.08641975308642e-05,70.00001525878906,0.0,0.0
347,3,8,0,32400,3,9.259259259259259e-05,4.0,0.0,0.0
347,3,8,1,32400,1,3.08641975308642e-05,10.000000953674316,-1.0,0.0
347,3,8,2,32400,0,0.0,-1.0,0.0,-1.0
347,3,9,0,32400,2,6.17283950617284e-05,1.0,0.0,0.0
347,3,9,1,32400,1,3.08641975308642e-05,9.0,0.0,0.0
347,3,9,2,32400,0,0.0,-1.0,-1.0,-1.0
347,3,10,0,32400,2,6.17283950617284e-05,7.000000476837158,0.0,0.0
347,3,10,1,32400,2,6.17283950617284e-05,7.500000476837158,0.0,0.0
347,3,10,2,32400,0,0.0,-1.0,-1.0,-1.0
347,3,11,0,32400,1,3.08641975308642e-05,5.0,0.5,0.0
347,3,11,1,32400,0,0.0,-1.0,0.0,-1.0
347,3,11,2,32400,0,0.0,-1.0,-1.0,-1.0
347,3,12,0,32400,0,0.0,-1.0,0.0,-1.0
347,3,12,1,32400,1,3.08641975308642e-05,2.0,-1.0,0.0
347,3,12,2,32400,0,0.0,-1.0,-1.0,-1.0
347,3,13,0,32400,0,0.0,-1.0,-1.0,-1.0
347,3,13,1,32400,0,0.0,-1.0,0.0,-1.0
347,3,13,2,32400,0,0.0,-1.0,-1.0,-1.0
347,3,14,0,32400,1,3.08641975308642e-05,5.999999523162842,-1.0,0.0
347,3,14,1,32400,0,0.0,-1.0,-1.0,-1.0
347,3,14,2,32400,0,0.0,-1.0,-1.0,-1.0
347,3,15,0,32400,2,6.17283950617284e-05,26.000001907348633,1.0,0.0
347,3,15,1,32400,2,6.17283950617284e-05,3.0,-1.0,0.0
347,3,15,2,32400,0,0.0,-1.0,-1.0,-1.0
347,3,16,0,32400,1,3.08641975308642e-05,5.999999523162842,0.0,0.0
347,3,16,1,32400,0,0.0,-1.0,0.0,-1.0
347,3,16,2,32400,0,0.0,-1.0,-1.0,-1.0
347,3,17,0,32400,1,3.08641975308642e-05,23.0,0.0,0.0
347,3,17,1,32400,0,0.0,-1.0,-1.0,-1.0
347,3,17,2,32400,0,0.0,-1.0,-1.0,-1.0
347,3,18,0,32400,2,6.17283950617284e-05,3.499999761581421,1.0,0.0
347,3,18,1,32400,0,0.0,-1.0,-1.0,-1.0
347,3,18,2,32400,0,0.0,-1.0,-1.0,-1.0
347,3,19,0,32400,1,3.08641975308642e-05,1.0,0.0,0.0
347,3,19,1,32400,0,0.0,-1.0,-1.0,-1.0
347,3,19,2,32400,0,0.0,-1.0,-1.0,-1.0
347,3,20,0,32400,0,0.0,-1.0,0.0,-1.0
347,3,20,1,32400,0,0.0,-1.0,-1.0,-1.0
347,3,20,2,32400,0,0.0,-1.0,-1.0,-1.0
347,3,21,0,32400,0,0.0,-1.0,-1.0,-1.0
347,3,21,1,32400,0,0.0,-1.0,-1.0,-1.0
347,3,21,2,32400,0,0.0,-1.0,-1.0,-1.0
347,3,22,0,32400,1,3.08641975308642e-05,53.000003814697266,-1.0,0.0
347,3,22,1,32400,0,0.0,-1.0,-1.0,-1.0
347,3,22,2,32400,0,0.0,-1.0,-1.0,-1.0
347,3,23,0,32400,0,0.0,-1.0,0.0,-1.0
347,3,23,1,32400,0,0.0,-1.0,-1.0,-1.0
347,3,23,2,32400,0,0.0,-1.0,-1.0,-1.0
347,3,24,0,32400,0,0.0,-1.0,-1.0,-1.0
347,3,24,1,32400,0,0.0,-1.0,-1.0,-1.0
347,3,24,2,32400,0,0.0,-1.0,-1.0,-1.0
347,3,25,0,32400,0,0.0,-1.0,-1.0,-1.0
347,3,25,1,32400,0,0.0,-1.0,-1.0,-1.0
347,3,25,2,32400,0,0.0,-1.0,-1.0,-1.0
347,3,26,0,32400,0,0.0,-1.0,-1.0,-1.0
347,3,26,1,32400,0,0.0,-1.0,-1.0,-1.0
347,3,26,2,32400,0,0.0,-1.0,-1.0,-1.0
347,3,27,0,32400,0,0.0,-1.0,-1.0,-1.0
347,3,27,1,32400,0,0.0,-1.0,-1.0,-1.0
347,3,27,2,32400,1,3.08641975308642e-05,4.0,-1.0,0.0
347,3,28,0,32400,0,0.0,-1.0,-1.0,-1.0
347,3,28,1,32400,0,0.0,-1.0,-1.0,-1.0
347,3,28,2,32400,0,0.0,-1.0,0.0,-1.0
347,3,29,0,32400,0,0.0,-1.0,-1.0,-1.0
347,3,29,1,32400,0,0.0,-1.0,-1.0,-1.0
347,3,29,2,32400,0,0.0,-1.0,-1.0,-1.0
347,3,30,0,32400,0,0.0,-1.0,-1.0,-1.0
347,3,30,1,32400,0,0.0,-1.0,-1.0,-1.0
347,3,30,2,32400,0,0.0,-1.0,-1.0,-1.0
347,3,31,0,32400,0,0.0,-1.0,-1.0,-1.0
347,3,31,1,32400,0,0.0,-1.0,-1.0,-1.0
347,3,31,2,32400,0,0.0,-1.0,-1.0,-1.0
347,3,32,0,32400,0,0.0,-1.0,-1.0,-1.0
347,3,32,1,32400,0,0.0,-1.0,-1.0,-1.0
347,3,32,2,32400,0,0.0,-1.0,-1.0,-1.0
347,3,33,0,32400,0,0.0,-1.0,-1.0,-1.0
347,3,33,1,32400,0,0.0,-1.0,-1.0,-1.0
347,3,33,2,32400,0,0.0,-1.0,-1.0,-1.0
347,3,34,0,32400,0,0.0,-1.0,-1.0,-1.0
347,3,34,1,32400,0,0.0,-1.0,-1.0,-1.0
347,3,34,2,32400,0,0.0,-1.0,-1.0,-1.0
347,3,35,0,32400,0,0.0,-1.0,-1.0,-1.0
347,3,35,1,32400,0,0.0,-1.0,-1.0,-1.0
347,3,35,2,32400,0,0.0,-1.0,-1.0,-1.0
