[35m [0m[36m [0m[32m [0m[35m [0m[31m [0m[32m [0m[32m [0m[34m [0m[33m [0m[36m [0m[31m [0m[36m [0m[31m [0m[35m [0m[36m [0m[34m [0m[32m [0m[33m [0m[31m [0m[31m [0m[36m [0m[33m [0m[33m [0m[31m [0m[35m [0m[34m [0m[31m [0m[35m [0m[36m [0m[31m [0m[33m [0m[33m [0m[34m [0m[33m [0m[33m [0m[31m [0m[32m [0m[36m [0m[33m [0m[31m [0m[31m [0m[34m [0m[32m [0m[35m [0m[34m [0m[34m [0m[36m [0m[31m [0m[34m [0m[34m [0m[34m [0m[34m [0m[31m [0m[32m [0m[31m [0m[35m [0m[35m [0m[35m [0m[32m [0m[34m [0m[32m [0m[31m [0m[31m [0m[32m [0m[31m [0m[32m [0m[31m [0m[36m [0m[32m [0m[35m [0m[31m [0m[34m [0m[35m [0m[34m [0m[35m [0m[33m [0m[34m [0m[34m [0m[35m [0m[35m [0m[33m [0m[31m [0m[34m [0m[35m [0m[33m [0m[32m [0m[34m [0m[35m [0m[34m [0m[31m [0m[34m
[0m[31m [0m[34m [0m[33m [0m[31m [0m[35m [0m[34m [0m[36m [0m[32m [0m[32m [0m[34m [0m[31m [0m[33m [0m[36m [0m[36m [0m[35m [0m[35m [0m[36m [0m[32m [0m[31m [0m[33m [0m[36m [0m[34m [0m[31m [0m[33m [0m[31m [0m[31m [0m[34m [0m[36m [0m[32m [0m[32m [0m[33m [0m[34m [0m[36m [0m[33m [0m[34m [0m[32m [0m[31m [0m[33m [0m[33m [0m[34m [0m[31m [0m[34m [0m[31m [0m[35m [0m[34m [0m[35m [0m[33m [0m[35m [0m[35m [0m[32m [0m[34m [0m[32m [0m[31m#[0m[35m [0m[33m [0m[36m [0m[34m [0m[34m [0m[35m [0m[32m [0m[36m [0m[34m [0m[35m [0m[33m [0m[31m [0m[32m [0m[36m [0m[31m [0m[35m [0m[32m [0m[33m [0m[35m [0m[31m [0m[31m [0m[32m [0m[36m [0m[32m [0m[36m [0m[31m [0m[34m#[0m[34m [0m[36m [0m[34m [0m[33m [0m[35m [0m[31m [0m[31m [0m[36m [0m[34m [0m[35m [0m[34m
[0m[36m [0m[34m [0m[33m#[0m[35m [0m[33m [0m[34m [0m[33m [0m[31m [0m[36m [0m[35m [0m[36m [0m[35m [0m[33m [0m[36m [0m[35m [0m[31m [0m[34m [0m[31m [0m[31m [0m[33m [0m[31m [0m[36m [0m[32m [0m[34m [0m[31m [0m[35m [0m[34m [0m[34m [0m[34m [0m[32m [0m[34m [0m[33m [0m[31m [0m[31m [0m[35m [0m[32m [0m[31m [0m[36m [0m[34m#[0m[31m [0m[36m [0m[33m [0m[33m [0m[36m [0m[35m [0m[33m [0m[36m [0m[31m [0m[33m [0m[34m [0m[34m [0m[31m [0m[31m#[0m[33m [0m[35m [0m[36m [0m[32m [0m[35m [0m[35m [0m[36m [0m[36m [0m[33m [0m[35m [0m[32m [0m[36m [0m[33m [0m[35m [0m[31m [0m[35m [0m[31m [0m[35m [0m[35m [0m[36m [0m[34m [0m[33m [0m[34m [0m[34m [0m[33m [0m[34m [0m[34m#[0m[32m [0m[34m [0m[31m [0m[32m [0m[34m [0m[36m [0m[35m [0m[35m [0m[36m [0m[36m [0m[36m
[0m[32m [0m[33m#[0m[34m#[0m[33m#[0m[32m#[0m[36m [0m[33m [0m[32m#[0m[35m [0m[36m#[0m[32m#[0m[32m [0m[36m [0m[31m#[0m[34m [0m[32m [0m[34m#[0m[33m [0m[32m [0m[32m#[0m[31m#[0m[32m#[0m[35m [0m[31m [0m[36m [0m[32m [0m[34m#[0m[33m#[0m[33m#[0m[34m [0m[35m [0m[32m [0m[35m#[0m[36m#[0m[31m#[0m[31m [0m[35m [0m[33m#[0m[32m#[0m[33m#[0m[36m#[0m[35m [0m[35m [0m[32m [0m[34m#[0m[33m#[0m[33m [0m[36m [0m[34m [0m[33m [0m[34m#[0m[31m#[0m[35m#[0m[35m [0m[33m [0m[32m [0m[34m [0m[35m [0m[31m [0m[32m [0m[33m [0m[32m [0m[31m#[0m[32m#[0m[33m#[0m[35m [0m[35m#[0m[34m#[0m[36m [0m[32m#[0m[35m [0m[33m [0m[34m [0m[32m [0m[31m#[0m[34m#[0m[32m [0m[36m [0m[34m [0m[31m#[0m[33m [0m[32m [0m[33m#[0m[31m [0m[36m [0m[31m [0m[35m#[0m[36m#[0m[31m [0m[36m [0m[35m
[0m[35m [0m[34m [0m[36m#[0m[33m [0m[35m [0m[33m [0m[33m [0m[31m#[0m[34m#[0m[31m [0m[34m [0m[32m [0m[34m [0m[33m#[0m[35m [0m[36m [0m[32m#[0m[36m [0m[32m [0m[36m#[0m[31m [0m[31m [0m[36m#[0m[35m [0m[31m [0m[33m#[0m[32m [0m[36m [0m[33m [0m[35m [0m[31m [0m[35m#[0m[34m [0m[35m [0m[34m#[0m[31m [0m[36m [0m[33m [0m[32m#[0m[35m [0m[34m [0m[35m [0m[31m [0m[35m#[0m[34m [0m[35m [0m[32m#[0m[33m [0m[31m [0m[31m#[0m[33m [0m[36m [0m[35m#[0m[32m [0m[31m [0m[35m [0m[35m [0m[33m [0m[33m [0m[34m [0m[34m [0m[31m#[0m[34m [0m[33m [0m[35m [0m[32m [0m[33m#[0m[35m [0m[36m#[0m[34m [0m[36m#[0m[36m [0m[36m [0m[33m#[0m[36m [0m[35m [0m[36m#[0m[33m [0m[33m [0m[33m#[0m[34m [0m[31m#[0m[33m [0m[35m [0m[33m [0m[32m#[0m[34m [0m[33m [0m[31m#[0m[35m [0m[34m
[0m[34m [0m[34m [0m[35m#[0m[33m [0m[32m [0m[34m [0m[33m [0m[36m#[0m[32m [0m[32m [0m[34m [0m[33m [0m[32m [0m[32m#[0m[32m [0m[35m [0m[36m#[0m[36m [0m[35m [0m[34m#[0m[36m [0m[34m [0m[35m#[0m[34m [0m[31m [0m[32m#[0m[34m [0m[35m [0m[36m [0m[31m [0m[31m [0m[32m#[0m[34m [0m[31m [0m[31m#[0m[33m [0m[36m [0m[36m [0m[34m#[0m[32m [0m[34m [0m[35m [0m[34m [0m[31m#[0m[33m#[0m[35m#[0m[36m#[0m[35m [0m[31m [0m[34m#[0m[35m [0m[33m [0m[36m#[0m[36m [0m[34m [0m[32m [0m[32m [0m[33m [0m[33m [0m[35m [0m[36m [0m[33m [0m[34m#[0m[34m#[0m[33m [0m[34m [0m[31m#[0m[33m [0m[35m#[0m[32m [0m[36m#[0m[33m [0m[35m [0m[31m#[0m[34m [0m[31m [0m[32m#[0m[33m [0m[33m [0m[33m#[0m[35m#[0m[36m [0m[36m [0m[31m [0m[34m [0m[35m#[0m[33m#[0m[32m#[0m[32m#[0m[31m [0m[35m
[0m[31m [0m[35m [0m[35m#[0m[32m [0m[36m [0m[36m [0m[36m [0m[36m#[0m[34m [0m[35m [0m[33m [0m[31m [0m[36m [0m[34m#[0m[33m [0m[36m [0m[34m#[0m[32m [0m[32m [0m[31m#[0m[32m [0m[33m [0m[35m#[0m[36m [0m[31m [0m[32m#[0m[33m [0m[34m [0m[36m [0m[31m [0m[33m [0m[34m#[0m[34m [0m[36m#[0m[32m#[0m[35m [0m[35m [0m[34m [0m[32m#[0m[31m [0m[34m [0m[34m [0m[31m [0m[33m#[0m[36m [0m[32m [0m[36m [0m[31m [0m[33m [0m[35m#[0m[34m [0m[32m [0m[35m#[0m[33m [0m[34m [0m[35m [0m[33m [0m[36m [0m[32m [0m[35m [0m[34m [0m[31m [0m[36m [0m[36m [0m[32m#[0m[33m [0m[33m#[0m[35m [0m[32m#[0m[32m [0m[33m#[0m[35m [0m[31m [0m[33m#[0m[31m [0m[35m [0m[31m#[0m[36m [0m[32m [0m[33m#[0m[35m [0m[33m#[0m[34m [0m[35m [0m[35m [0m[33m#[0m[32m [0m[34m [0m[31m [0m[34m [0m[36m
[0m[34m [0m[32m [0m[32m [0m[35m#[0m[34m#[0m[31m [0m[32m [0m[34m#[0m[35m [0m[34m [0m[35m [0m[33m [0m[35m [0m[34m [0m[36m#[0m[36m#[0m[36m#[0m[34m [0m[35m [0m[33m#[0m[35m [0m[33m [0m[34m#[0m[33m [0m[35m [0m[34m [0m[33m#[0m[35m#[0m[34m#[0m[35m [0m[34m [0m[34m [0m[35m#[0m[34m [0m[35m#[0m[34m [0m[34m [0m[34m [0m[36m [0m[36m#[0m[36m#[0m[31m [0m[34m [0m[33m [0m[34m#[0m[34m#[0m[33m [0m[36m [0m[35m [0m[32m [0m[33m#[0m[31m#[0m[36m#[0m[34m [0m[32m [0m[33m [0m[33m [0m[31m [0m[31m [0m[35m [0m[33m [0m[36m#[0m[33m#[0m[34m#[0m[36m [0m[34m [0m[36m#[0m[35m [0m[36m [0m[34m [0m[36m#[0m[36m [0m[31m [0m[33m [0m[34m#[0m[35m#[0m[33m [0m[33m [0m[34m [0m[36m#[0m[36m [0m[35m [0m[34m#[0m[31m [0m[33m [0m[35m [0m[32m#[0m[32m#[0m[35m [0m[34m [0m[35m
[0m[35m [0m[33m [0m[31m [0m[31m [0m[31m [0m[31m [0m[35m [0m[34m [0m[34m [0m[35m [0m[34m [0m[31m [0m[36m [0m[35m [0m[36m [0m[31m [0m[35m [0m[32m [0m[35m [0m[34m [0m[36m [0m[32m [0m[34m [0m[31m [0m[31m [0m[34m [0m[33m [0m[31m [0m[36m [0m[32m [0m[34m [0m[31m [0m[31m [0m[33m [0m[36m [0m[36m [0m[32m [0m[35m [0m[31m [0m[32m [0m[32m [0m[31m [0m[31m [0m[36m [0m[32m [0m[36m [0m[32m [0m[32m [0m[36m [0m[31m [0m[32m [0m[36m [0m[31m [0m[35m [0m[33m#[0m[32m#[0m[32m#[0m[36m#[0m[31m#[0m[34m [0m[33m [0m[31m [0m[34m [0m[33m [0m[32m [0m[35m [0m[31m [0m[35m [0m[36m [0m[35m [0m[34m [0m[32m [0m[36m [0m[36m [0m[35m [0m[31m [0m[33m [0m[35m [0m[36m [0m[35m [0m[34m [0m[31m [0m[34m [0m[35m [0m[33m [0m[32m [0m[33m [0m[35m [0m[34m [0m[33m [0m[36m
[0m[35m [0m[34m [0m[32m [0m[33m [0m[34m [0m[34m [0m[34m [0m[31m [0m[32m [0m[31m [0m[36m [0m[33m [0m[32m [0m[33m [0m[31m [0m[36m [0m[32m [0m[33m [0m[31m [0m[34m [0m[31m [0m[36m [0m[33m [0m[31m [0m[31m [0m[33m [0m[34m [0m[33m [0m[33m [0m[33m [0m[33m [0m[32m [0m[33m [0m[36m [0m[32m [0m[36m [0m[34m [0m[32m [0m[34m [0m[35m [0m[33m [0m[35m [0m[32m [0m[34m [0m[34m [0m[35m [0m[32m [0m[34m [0m[33m [0m[34m [0m[32m [0m[34m [0m[32m [0m[36m [0m[33m [0m[36m [0m[31m [0m[34m [0m[32m [0m[34m [0m[31m [0m[32m [0m[32m [0m[34m [0m[33m [0m[33m [0m[32m [0m[34m [0m[33m [0m[36m [0m[34m [0m[33m [0m[35m [0m[35m [0m[34m [0m[35m [0m[36m [0m[36m [0m[35m [0m[35m [0m[35m [0m[32m [0m[35m [0m[34m [0m[33m [0m[34m [0m[34m [0m[31m [0m[35m [0m[31m [0m[34m
[0m[36m[0m[34mv[0m[31mi[0m[31me[0m[33mw[0m[31ms[0m[31m-[0m[33mp[0m[31mi[0m[33mp[0m[33me[0m[35ml[0m[31mi[0m[34mn[0m[35me[0m[33m-[0m[36mc[0m[35mo[0m[35mr[0m[35me[0m[32m [0m[32mv[0m[32m3[0m[34m.[0m[35m1[0m[32m.[0m[35m2[0m[33m[0m[35m
[0m
2026-08-15 18:59:23,619 /home/simon/Documents/scripts/views_platform/views-hydranet/views_hydranet/manager/hydranet_manager.py [hydranet_manager.py:175] [2499473] [MainThread] - INFO - 🕒 HydranetManager: Initialized run with timestamp 150826_1859
2026-08-15 18:59:23,620 /home/simon/Documents/scripts/views_platform/views-pipeline-core/views_pipeline_core/modules/validation/core_config_sniffer.py [core_config_sniffer.py:465] [2499473] [MainThread] - WARNING - Model 'truncated_smoke' uses the legacy deployment_status='shadow'. This is accepted during the ADR-057 transition window and reads as maturity='candidate'. Rename config_deployment.py to config_maturity.py and replace the key. The window closes when views-models reports no configs on the legacy vocabulary; after that this becomes an error.
2026-08-15 18:59:23,620 /home/simon/Documents/scripts/views_platform/views-pipeline-core/views_pipeline_core/modules/validation/core_config_sniffer.py [core_config_sniffer.py:648] [2499473] [MainThread] - INFO - CoreConfigSniffer: Evaluation contract verified — 13 rolling-origin sequence(s), stride=1.
2026-08-15 18:59:23,620 /home/simon/Documents/scripts/views_platform/views-pipeline-core/views_pipeline_core/modules/validation/core_config_sniffer.py [core_config_sniffer.py:652] [2499473] [MainThread] - INFO -   Seq   0: origin 456, months 457..492
2026-08-15 18:59:23,620 /home/simon/Documents/scripts/views_platform/views-pipeline-core/views_pipeline_core/modules/validation/core_config_sniffer.py [core_config_sniffer.py:658] [2499473] [MainThread] - INFO -   Seq  12: origin 468, months 469..504
2026-08-15 18:59:23,620 /home/simon/Documents/scripts/views_platform/views-pipeline-core/views_pipeline_core/modules/validation/core_config_sniffer.py [core_config_sniffer.py:235] [2499473] [MainThread] - INFO - CoreConfigSniffer: Config audited (run_type='calibration').
2026-08-15 18:59:26,090 /home/simon/Documents/scripts/views_platform/views-pipeline-core/views_pipeline_core/modules/dataloaders/dataloaders.py [dataloaders.py:1071] [2499473] [MainThread] - INFO - Reading saved data from /home/simon/Documents/scripts/views_platform/views-models/models/truncated_smoke/data/raw/calibration_datafactory_df.parquet
2026-08-15 18:59:26,149 /home/simon/Documents/scripts/views_platform/views-pipeline-core/views_pipeline_core/modules/validation/core_data_sniffer.py [core_data_sniffer.py:130] [2499473] [MainThread] - INFO - CoreDataSniffer: Loaded data audited (partition='calibration', level='pgm').
2026-08-15 18:59:26,149 /home/simon/Documents/scripts/views_platform/views-pipeline-core/views_pipeline_core/modules/wandb/wandb.py [wandb.py:254] [2499473] [MainThread] - INFO - WandB alert sent: Queryset Fetch Complete (calibration)
2026-08-15 18:59:29,502 /home/simon/Documents/scripts/views_platform/views-pipeline-core/views_pipeline_core/managers/model/model.py [model.py:1414] [2499473] [MainThread] - INFO - Evaluating model truncated_smoke...
2026-08-15 18:59:29,502 /home/simon/Documents/scripts/views_platform/views-pipeline-core/views_pipeline_core/managers/model/model.py [model.py:1424] [2499473] [MainThread] - INFO - Declared temporal window: base_origin=456, step 1 → month 457, step 36 → month 492 (36 steps total). Model inference starting.
2026-08-15 18:59:29,502 /home/simon/Documents/scripts/views_platform/views-pipeline-core/views_pipeline_core/data/model_path.py [model_path.py:795] [2499473] [MainThread] - INFO - Artifact used (named): /home/simon/Documents/scripts/views_platform/views-models/models/truncated_smoke/artifacts/calibration_model_20260814_003058.pt
2026-08-15 18:59:29,502 /home/simon/Documents/scripts/views_platform/views-pipeline-core/views_pipeline_core/data/model_path.py [model_path.py:766] [2499473] [MainThread] - INFO - Artifact used: /home/simon/Documents/scripts/views_platform/views-models/models/truncated_smoke/artifacts/calibration_model_20260814_095322.pt
2026-08-15 18:59:29,502 /home/simon/Documents/scripts/views_platform/views-hydranet/views_hydranet/utils/model_artifact_fetcher.py [model_artifact_fetcher.py:61] [2499473] [MainThread] - INFO - Retriever: Using specific model artifact: calibration_model_20260814_003058.pt
2026-08-15 18:59:29,506 /home/simon/Documents/scripts/views_platform/views-hydranet/views_hydranet/utils/model_artifact_fetcher.py [model_artifact_fetcher.py:98] [2499473] [MainThread] - INFO - Retriever: SHA-256 verified for calibration_model_20260814_003058.pt
2026-08-15 18:59:29,642 /home/simon/Documents/scripts/views_platform/views-hydranet/views_hydranet/utils/model_artifact_fetcher.py [model_artifact_fetcher.py:120] [2499473] [MainThread] - INFO - Retriever: Loaded state_dict artifact (weights_only=True)

👾====================================================================================================
  DEVICE REPORT — STANDARD
  --------------------------------------------------------------------------------------------------
  Device:    cuda  (GPU)
  GPU Name:  NVIDIA GeForce RTX 4070 Laptop GPU
  VRAM:      7,942 MiB
  GPU Count: 1
👾====================================================================================================

2026-08-15 18:59:29,740 /home/simon/Documents/scripts/views_platform/views-hydranet/views_hydranet/utils/config_initializer.py [config_initializer.py:426] [2499473] [MainThread] - WARNING - 
╔══════════════════════════════════════════════════════════════╗
║  HydraNetConfig WARNING: aggregate_method is IGNORED         ║
║                                                              ║
║  evaluation_mode='stochastic' preserves the full posterior.  ║
║  The aggregate_method='arithmetic_mean' setting has NO effect.       ║
║                                                              ║
║  To activate aggregation, set evaluation_mode='point'.       ║
╚══════════════════════════════════════════════════════════════╝
2026-08-15 18:59:29,741 /home/simon/Documents/scripts/views_platform/views-hydranet/views_hydranet/infrastructure/reproducibility_gate.py [reproducibility_gate.py:82] [2499473] [MainThread] - INFO - Entropy locked: numpy/random seed=42, torch seed=42, deterministic_algorithms=True
2026-08-15 18:59:29,741 /home/simon/Documents/scripts/views_platform/views-hydranet/views_hydranet/utils/disk_guard.py [disk_guard.py:52] [2499473] [MainThread] - INFO - disk-headroom check: 78.6 GB free at '.' (budget 10.0 GB)
2026-08-15 18:59:29,741 /home/simon/Documents/scripts/views_platform/views-hydranet/views_hydranet/manager/hydranet_manager.py [hydranet_manager.py:190] [2499473] [MainThread] - INFO - 🛡️  Running Pre-Flight Validation...
2026-08-15 18:59:29,741 /home/simon/Documents/scripts/views_platform/views-hydranet/views_hydranet/manager/hydranet_manager.py [hydranet_manager.py:205] [2499473] [MainThread] - INFO - ✅ Architecture: Head Count Aligned (3+3)
2026-08-15 18:59:29,741 /home/simon/Documents/scripts/views_platform/views-hydranet/views_hydranet/utils/data_fetcher.py [data_fetcher.py:58] [2499473] [MainThread] - INFO - DataFetcher: Loading calibration from /home/simon/Documents/scripts/views_platform/views-models/models/truncated_smoke/data/raw/calibration_datafactory_df.parquet

👾====================================================================================================
  DATA LOAD COMPLETE: CALIBRATION
  --------------------------------------------------------------------------------------------------
  Source Path: /home/simon/Documents/scripts/views_platform/views-models/models/truncated_smoke/data/raw/calibration_datafactory_df.parquet
  Rows Loaded: 5,034,240
  Columns:     ['lr_sb_best', 'lr_ns_best', 'lr_os_best', 'c_id', 'row', 'col']
👾====================================================================================================

2026-08-15 18:59:30,306 /home/simon/Documents/scripts/views_platform/views-hydranet/views_hydranet/utils/data_sniffer.py [data_sniffer.py:51] [2499473] [MainThread] - INFO - DataSniffer: Starting Ingestion Suite (Raw Space)
2026-08-15 18:59:30,559 /home/simon/Documents/scripts/views_platform/views-hydranet/views_hydranet/utils/data_sniffer.py [data_sniffer.py:59] [2499473] [MainThread] - INFO - DataSniffer: Ingestion Suite Passed.
2026-08-15 18:59:30,742 /home/simon/Documents/scripts/views_platform/views-hydranet/views_hydranet/utils/feature_scaler.py [feature_scaler.py:99] [2499473] [MainThread] - INFO - 💫 FeatureScaler: Entering Semantic Space (3 features to transform)
2026-08-15 18:59:30,742 /home/simon/Documents/scripts/views_platform/views-hydranet/views_hydranet/utils/feature_scaler.py [feature_scaler.py:108] [2499473] [MainThread] - INFO -   → Applying [log1p] to 3 features
2026-08-15 18:59:30,960 /home/simon/Documents/scripts/views_platform/views-hydranet/views_hydranet/utils/feature_scaler.py [feature_scaler.py:153] [2499473] [MainThread] - INFO - 

➡️==============================================================================
  FEATURE SCALER: SEMANTIC SPACE REPORT
  ----------------------------------------------------------------------------
  [  log1p   ] lr_sb_best.................... min:     0.0000 | max:    11.6386
  [  log1p   ] lr_ns_best.................... min:     0.0000 | max:     7.6014
  [  log1p   ] lr_os_best.................... min:     0.0000 | max:    12.0921
➡️==============================================================================

2026-08-15 18:59:32,588 /home/simon/Documents/scripts/views_platform/views-hydranet/views_hydranet/utils/data_sniffer.py [data_sniffer.py:68] [2499473] [MainThread] - INFO - DataSniffer: Starting History Alignment Suite
2026-08-15 18:59:32,654 /home/simon/Documents/scripts/views_platform/views-hydranet/views_hydranet/utils/data_sniffer.py [data_sniffer.py:158] [2499473] [MainThread] - INFO - DataSniffer: Temporal and Geographic Alignment Passed.
2026-08-15 18:59:32,745 /home/simon/Documents/scripts/views_platform/views-hydranet/reports/2026-08-15_state_freeze_dossier/tools/freeze_arm_entry.py [freeze_arm_entry.py:45] [2499473] [MainThread] - INFO - 🧊 FreezeArmManager: recurrent-state arm = 'all' (None = production behaviour, the full ConvLSTM state evolves)
2026-08-15 18:59:32,745 /home/simon/Documents/scripts/views_platform/views-hydranet/views_hydranet/utils/inference_orchestrator.py [inference_orchestrator.py:218] [2499473] [MainThread] - INFO - 💠 InferenceOrchestrator: Initiating BACKTEST streaming pass (13 origins) [pandas-free PredictionFrame path].
2026-08-15 18:59:32,745 /home/simon/Documents/scripts/views_platform/views-hydranet/views_hydranet/utils/hydranet_inference.py [hydranet_inference.py:132] [2499473] [MainThread] - INFO - Using device: cuda
2026-08-15 18:59:32,747 /home/simon/Documents/scripts/views_platform/views-hydranet/views_hydranet/utils/hydranet_inference.py [hydranet_inference.py:210] [2499473] [MainThread] - INFO - HydraNetInference initialized successfully.
2026-08-15 18:59:33,152 /home/simon/Documents/scripts/views_platform/views-hydranet/views_hydranet/utils/disk_guard.py [disk_guard.py:109] [2499473] [MainThread] - INFO - cube-fit check: 0.42 GB needed vs 8.68 GB available RAM (headroom 0.85)
2026-08-15 19:01:58,009 /home/simon/Documents/scripts/views_platform/views-hydranet/views_hydranet/utils/feature_scaler.py [feature_scaler.py:210] [2499473] [MainThread] - INFO - 🔙 FeatureScaler: Inverting Volume (36, 180, 180, 11, 16) to Raw Space
2026-08-15 19:02:00,137 /home/simon/Documents/scripts/views_platform/views-hydranet/views_hydranet/utils/disk_guard.py [disk_guard.py:109] [2499473] [MainThread] - INFO - cube-fit check: 0.42 GB needed vs 8.08 GB available RAM (headroom 0.85)
2026-08-15 19:04:07,446 /home/simon/Documents/scripts/views_platform/views-hydranet/views_hydranet/utils/feature_scaler.py [feature_scaler.py:210] [2499473] [MainThread] - INFO - 🔙 FeatureScaler: Inverting Volume (36, 180, 180, 11, 16) to Raw Space
2026-08-15 19:04:09,402 /home/simon/Documents/scripts/views_platform/views-hydranet/views_hydranet/utils/disk_guard.py [disk_guard.py:109] [2499473] [MainThread] - INFO - cube-fit check: 0.42 GB needed vs 7.69 GB available RAM (headroom 0.85)
2026-08-15 19:06:12,796 /home/simon/Documents/scripts/views_platform/views-hydranet/views_hydranet/utils/feature_scaler.py [feature_scaler.py:210] [2499473] [MainThread] - INFO - 🔙 FeatureScaler: Inverting Volume (36, 180, 180, 11, 16) to Raw Space
2026-08-15 19:06:14,845 /home/simon/Documents/scripts/views_platform/views-hydranet/views_hydranet/utils/disk_guard.py [disk_guard.py:109] [2499473] [MainThread] - INFO - cube-fit check: 0.42 GB needed vs 7.32 GB available RAM (headroom 0.85)
2026-08-15 19:09:07,917 /home/simon/Documents/scripts/views_platform/views-hydranet/views_hydranet/utils/feature_scaler.py [feature_scaler.py:210] [2499473] [MainThread] - INFO - 🔙 FeatureScaler: Inverting Volume (36, 180, 180, 11, 16) to Raw Space
2026-08-15 19:09:10,002 /home/simon/Documents/scripts/views_platform/views-hydranet/views_hydranet/utils/disk_guard.py [disk_guard.py:109] [2499473] [MainThread] - INFO - cube-fit check: 0.42 GB needed vs 6.33 GB available RAM (headroom 0.85)
2026-08-15 19:12:03,676 /home/simon/Documents/scripts/views_platform/views-hydranet/views_hydranet/utils/feature_scaler.py [feature_scaler.py:210] [2499473] [MainThread] - INFO - 🔙 FeatureScaler: Inverting Volume (36, 180, 180, 11, 16) to Raw Space
2026-08-15 19:12:05,672 /home/simon/Documents/scripts/views_platform/views-hydranet/views_hydranet/utils/disk_guard.py [disk_guard.py:109] [2499473] [MainThread] - INFO - cube-fit check: 0.42 GB needed vs 5.09 GB available RAM (headroom 0.85)
2026-08-15 19:14:33,607 /home/simon/Documents/scripts/views_platform/views-hydranet/views_hydranet/utils/feature_scaler.py [feature_scaler.py:210] [2499473] [MainThread] - INFO - 🔙 FeatureScaler: Inverting Volume (36, 180, 180, 11, 16) to Raw Space
2026-08-15 19:14:35,602 /home/simon/Documents/scripts/views_platform/views-hydranet/views_hydranet/utils/disk_guard.py [disk_guard.py:109] [2499473] [MainThread] - INFO - cube-fit check: 0.42 GB needed vs 4.02 GB available RAM (headroom 0.85)
2026-08-15 19:17:17,469 /home/simon/Documents/scripts/views_platform/views-hydranet/views_hydranet/utils/feature_scaler.py [feature_scaler.py:210] [2499473] [MainThread] - INFO - 🔙 FeatureScaler: Inverting Volume (36, 180, 180, 11, 16) to Raw Space
2026-08-15 19:17:19,475 /home/simon/Documents/scripts/views_platform/views-hydranet/views_hydranet/utils/disk_guard.py [disk_guard.py:109] [2499473] [MainThread] - INFO - cube-fit check: 0.42 GB needed vs 3.68 GB available RAM (headroom 0.85)
2026-08-15 19:19:33,616 /home/simon/Documents/scripts/views_platform/views-hydranet/views_hydranet/utils/feature_scaler.py [feature_scaler.py:210] [2499473] [MainThread] - INFO - 🔙 FeatureScaler: Inverting Volume (36, 180, 180, 11, 16) to Raw Space
2026-08-15 19:19:35,538 /home/simon/Documents/scripts/views_platform/views-hydranet/views_hydranet/utils/disk_guard.py [disk_guard.py:109] [2499473] [MainThread] - INFO - cube-fit check: 0.42 GB needed vs 3.10 GB available RAM (headroom 0.85)
2026-08-15 19:22:16,608 /home/simon/Documents/scripts/views_platform/views-hydranet/views_hydranet/utils/feature_scaler.py [feature_scaler.py:210] [2499473] [MainThread] - INFO - 🔙 FeatureScaler: Inverting Volume (36, 180, 180, 11, 16) to Raw Space
2026-08-15 19:22:19,008 /home/simon/Documents/scripts/views_platform/views-hydranet/views_hydranet/utils/disk_guard.py [disk_guard.py:109] [2499473] [MainThread] - INFO - cube-fit check: 0.42 GB needed vs 2.46 GB available RAM (headroom 0.85)
2026-08-15 19:25:55,037 /home/simon/Documents/scripts/views_platform/views-hydranet/views_hydranet/utils/feature_scaler.py [feature_scaler.py:210] [2499473] [MainThread] - INFO - 🔙 FeatureScaler: Inverting Volume (36, 180, 180, 11, 16) to Raw Space
2026-08-15 19:25:57,888 /home/simon/Documents/scripts/views_platform/views-hydranet/views_hydranet/utils/disk_guard.py [disk_guard.py:109] [2499473] [MainThread] - INFO - cube-fit check: 0.42 GB needed vs 3.20 GB available RAM (headroom 0.85)
2026-08-15 19:28:55,000 /home/simon/Documents/scripts/views_platform/views-hydranet/views_hydranet/utils/feature_scaler.py [feature_scaler.py:210] [2499473] [MainThread] - INFO - 🔙 FeatureScaler: Inverting Volume (36, 180, 180, 11, 16) to Raw Space
2026-08-15 19:28:57,344 /home/simon/Documents/scripts/views_platform/views-hydranet/views_hydranet/utils/disk_guard.py [disk_guard.py:109] [2499473] [MainThread] - INFO - cube-fit check: 0.42 GB needed vs 4.01 GB available RAM (headroom 0.85)
2026-08-15 19:31:41,224 /home/simon/Documents/scripts/views_platform/views-hydranet/views_hydranet/utils/feature_scaler.py [feature_scaler.py:210] [2499473] [MainThread] - INFO - 🔙 FeatureScaler: Inverting Volume (36, 180, 180, 11, 16) to Raw Space
2026-08-15 19:31:43,556 /home/simon/Documents/scripts/views_platform/views-hydranet/views_hydranet/utils/disk_guard.py [disk_guard.py:109] [2499473] [MainThread] - INFO - cube-fit check: 0.42 GB needed vs 4.76 GB available RAM (headroom 0.85)
2026-08-15 19:34:23,071 /home/simon/Documents/scripts/views_platform/views-hydranet/views_hydranet/utils/feature_scaler.py [feature_scaler.py:210] [2499473] [MainThread] - INFO - 🔙 FeatureScaler: Inverting Volume (36, 180, 180, 11, 16) to Raw Space
2026-08-15 19:34:24,834 /home/simon/Documents/scripts/views_platform/views-hydranet/views_hydranet/utils/inference_orchestrator.py [inference_orchestrator.py:260] [2499473] [MainThread] - INFO - ✅ InferenceOrchestrator: Streamed 13 origin(s) [pandas-free PredictionFrame streaming path].
2026-08-15 19:34:24,835 /home/simon/Documents/scripts/views_platform/views-pipeline-core/views_pipeline_core/modules/wandb/wandb.py [wandb.py:254] [2499473] [MainThread] - INFO - WandB alert sent: Evaluation Predictions Saved
2026-08-15 19:34:24,836 /home/simon/Documents/scripts/views_platform/views-pipeline-core/views_pipeline_core/files/utils.py [utils.py:147] [2499473] [MainThread] - INFO - Log file created at /home/simon/Documents/scripts/views_platform/views-models/models/truncated_smoke/data/generated/calibration_log.txt
2026-08-15 19:34:25,665 /home/simon/Documents/scripts/views_platform/views-pipeline-core/views_pipeline_core/managers/evaluation/stage.py [stage.py:289] [2499473] [MainThread] - INFO - Raw data read from /home/simon/Documents/scripts/views_platform/views-models/models/truncated_smoke/data/raw/calibration_datafactory_df.parquet
2026-08-15 19:34:25,665 /home/simon/Documents/scripts/views_platform/views-hydranet/views_hydranet/manager/hydranet_manager.py [hydranet_manager.py:183] [2499473] [MainThread] - INFO - 🛠️ HydranetManager: Manufacturing derived signals for evaluation.
2026-08-15 19:34:26,117 /home/simon/Documents/scripts/views_platform/views-pipeline-core/views_pipeline_core/managers/evaluation/stage.py [stage.py:128] [2499473] [MainThread] - INFO - Processing regression tasks for evaluation...
2026-08-15 19:34:26,118 /home/simon/Documents/scripts/views_platform/views-pipeline-core/views_pipeline_core/managers/evaluation/stage.py [stage.py:131] [2499473] [MainThread] - INFO - Calculating regression evaluation metrics for lr_sb_best
2026-08-15 19:34:38,016 /home/simon/Documents/scripts/views_platform/views-pipeline-core/views_pipeline_core/managers/evaluation/stage.py [stage.py:446] [2499473] [MainThread] - INFO - Persisted MetricFrame (evaluation-of-record) for 'lr_sb_best' -> /home/simon/Documents/scripts/views_platform/views-models/models/truncated_smoke/data/generated/truncated_smoke/calibration/metricframe_lr_sb_best
2026-08-15 19:34:39,164 /home/simon/Documents/scripts/views_platform/views-pipeline-core/views_pipeline_core/modules/wandb/wandb.py [wandb.py:254] [2499473] [MainThread] - INFO - WandB alert sent: Model Outputs Saved
2026-08-15 19:34:39,164 /home/simon/Documents/scripts/views_platform/views-pipeline-core/views_pipeline_core/managers/evaluation/stage.py [stage.py:131] [2499473] [MainThread] - INFO - Calculating regression evaluation metrics for lr_ns_best
2026-08-15 19:34:50,923 /home/simon/Documents/scripts/views_platform/views-pipeline-core/views_pipeline_core/managers/evaluation/stage.py [stage.py:446] [2499473] [MainThread] - INFO - Persisted MetricFrame (evaluation-of-record) for 'lr_ns_best' -> /home/simon/Documents/scripts/views_platform/views-models/models/truncated_smoke/data/generated/truncated_smoke/calibration/metricframe_lr_ns_best
2026-08-15 19:34:51,679 /home/simon/Documents/scripts/views_platform/views-pipeline-core/views_pipeline_core/modules/wandb/wandb.py [wandb.py:254] [2499473] [MainThread] - INFO - WandB alert sent: Model Outputs Saved
2026-08-15 19:34:51,679 /home/simon/Documents/scripts/views_platform/views-pipeline-core/views_pipeline_core/managers/evaluation/stage.py [stage.py:131] [2499473] [MainThread] - INFO - Calculating regression evaluation metrics for lr_os_best
2026-08-15 19:35:03,425 /home/simon/Documents/scripts/views_platform/views-pipeline-core/views_pipeline_core/managers/evaluation/stage.py [stage.py:446] [2499473] [MainThread] - INFO - Persisted MetricFrame (evaluation-of-record) for 'lr_os_best' -> /home/simon/Documents/scripts/views_platform/views-models/models/truncated_smoke/data/generated/truncated_smoke/calibration/metricframe_lr_os_best
2026-08-15 19:35:04,214 /home/simon/Documents/scripts/views_platform/views-pipeline-core/views_pipeline_core/modules/wandb/wandb.py [wandb.py:254] [2499473] [MainThread] - INFO - WandB alert sent: Model Outputs Saved
2026-08-15 19:35:04,214 /home/simon/Documents/scripts/views_platform/views-pipeline-core/views_pipeline_core/managers/evaluation/stage.py [stage.py:128] [2499473] [MainThread] - INFO - Processing classification tasks for evaluation...
2026-08-15 19:35:04,215 /home/simon/Documents/scripts/views_platform/views-pipeline-core/views_pipeline_core/managers/evaluation/stage.py [stage.py:131] [2499473] [MainThread] - INFO - Calculating classification evaluation metrics for by_sb_best
2026-08-15 19:35:11,173 /home/simon/Documents/scripts/views_platform/views-pipeline-core/views_pipeline_core/managers/evaluation/stage.py [stage.py:446] [2499473] [MainThread] - INFO - Persisted MetricFrame (evaluation-of-record) for 'by_sb_best' -> /home/simon/Documents/scripts/views_platform/views-models/models/truncated_smoke/data/generated/truncated_smoke/calibration/metricframe_by_sb_best
2026-08-15 19:35:11,922 /home/simon/Documents/scripts/views_platform/views-pipeline-core/views_pipeline_core/modules/wandb/wandb.py [wandb.py:254] [2499473] [MainThread] - INFO - WandB alert sent: Model Outputs Saved
2026-08-15 19:35:11,922 /home/simon/Documents/scripts/views_platform/views-pipeline-core/views_pipeline_core/managers/evaluation/stage.py [stage.py:131] [2499473] [MainThread] - INFO - Calculating classification evaluation metrics for by_ns_best
2026-08-15 19:35:18,643 /home/simon/Documents/scripts/views_platform/views-pipeline-core/views_pipeline_core/managers/evaluation/stage.py [stage.py:446] [2499473] [MainThread] - INFO - Persisted MetricFrame (evaluation-of-record) for 'by_ns_best' -> /home/simon/Documents/scripts/views_platform/views-models/models/truncated_smoke/data/generated/truncated_smoke/calibration/metricframe_by_ns_best
2026-08-15 19:35:19,407 /home/simon/Documents/scripts/views_platform/views-pipeline-core/views_pipeline_core/modules/wandb/wandb.py [wandb.py:254] [2499473] [MainThread] - INFO - WandB alert sent: Model Outputs Saved
2026-08-15 19:35:19,407 /home/simon/Documents/scripts/views_platform/views-pipeline-core/views_pipeline_core/managers/evaluation/stage.py [stage.py:131] [2499473] [MainThread] - INFO - Calculating classification evaluation metrics for by_os_best
2026-08-15 19:35:25,863 /home/simon/Documents/scripts/views_platform/views-pipeline-core/views_pipeline_core/managers/evaluation/stage.py [stage.py:446] [2499473] [MainThread] - INFO - Persisted MetricFrame (evaluation-of-record) for 'by_os_best' -> /home/simon/Documents/scripts/views_platform/views-models/models/truncated_smoke/data/generated/truncated_smoke/calibration/metricframe_by_os_best
2026-08-15 19:35:26,601 /home/simon/Documents/scripts/views_platform/views-pipeline-core/views_pipeline_core/modules/wandb/wandb.py [wandb.py:254] [2499473] [MainThread] - INFO - WandB alert sent: Model Outputs Saved
2026-08-15 19:35:26,605 /home/simon/Documents/scripts/views_platform/views-pipeline-core/views_pipeline_core/managers/prediction/io.py [io.py:258] [2499473] [MainThread] - INFO - Evaluation metrics:
+----+---------------------------------------------------+--------------+
|    | Metric                                            |        Value |
+====+===================================================+==============+
| 31 | month-wise/by_ns_best/Brier_cls_sample            |   0.0022142  |
+----+---------------------------------------------------+--------------+
| 68 | month-wise/by_ns_best/Brier_cls_sample_mean       |   0.00296976 |
+----+---------------------------------------------------+--------------+
| 44 | month-wise/by_os_best/Brier_cls_sample            |   0.00508963 |
+----+---------------------------------------------------+--------------+
| 18 | month-wise/by_os_best/Brier_cls_sample_mean       |   0.00453564 |
+----+---------------------------------------------------+--------------+
| 12 | month-wise/by_sb_best/Brier_cls_sample            |   0.0112444  |
+----+---------------------------------------------------+--------------+
| 54 | month-wise/by_sb_best/Brier_cls_sample_mean       |   0.00877403 |
+----+---------------------------------------------------+--------------+
|  3 | month-wise/lr_ns_best/CRPS                        |   0.0214865  |
+----+---------------------------------------------------+--------------+
| 32 | month-wise/lr_ns_best/CRPS_mean                   |   0.046911   |
+----+---------------------------------------------------+--------------+
| 11 | month-wise/lr_ns_best/MCR_sample                  |   0.379091   |
+----+---------------------------------------------------+--------------+
| 29 | month-wise/lr_ns_best/MCR_sample_mean             |   0.315675   |
+----+---------------------------------------------------+--------------+
| 10 | month-wise/lr_ns_best/QS_sample                   |   0.0218363  |
+----+---------------------------------------------------+--------------+
|  4 | month-wise/lr_ns_best/QS_sample_mean              |   0.0464561  |
+----+---------------------------------------------------+--------------+
|  0 | month-wise/lr_os_best/CRPS                        |   0.0885545  |
+----+---------------------------------------------------+--------------+
| 35 | month-wise/lr_os_best/CRPS_mean                   |   0.0438649  |
+----+---------------------------------------------------+--------------+
| 69 | month-wise/lr_os_best/MCR_sample                  |   0.0568329  |
+----+---------------------------------------------------+--------------+
| 58 | month-wise/lr_os_best/MCR_sample_mean             |   0.225255   |
+----+---------------------------------------------------+--------------+
| 16 | month-wise/lr_os_best/QS_sample                   |   0.0874723  |
+----+---------------------------------------------------+--------------+
| 30 | month-wise/lr_os_best/QS_sample_mean              |   0.0433347  |
+----+---------------------------------------------------+--------------+
| 21 | month-wise/lr_sb_best/CRPS                        |   8.80165    |
+----+---------------------------------------------------+--------------+
| 61 | month-wise/lr_sb_best/CRPS_mean                   |   0.334857   |
+----+---------------------------------------------------+--------------+
| 17 | month-wise/lr_sb_best/MCR_sample                  |   0.00262981 |
+----+---------------------------------------------------+--------------+
| 38 | month-wise/lr_sb_best/MCR_sample_mean             |   0.292438   |
+----+---------------------------------------------------+--------------+
| 27 | month-wise/lr_sb_best/QS_sample                   |   8.70569    |
+----+---------------------------------------------------+--------------+
| 51 | month-wise/lr_sb_best/QS_sample_mean              |   0.326401   |
+----+---------------------------------------------------+--------------+
| 56 | month-wise/month                                  | 504          |
+----+---------------------------------------------------+--------------+
| 25 | step-wise/by_ns_best/Brier_cls_sample             |   0.00229674 |
+----+---------------------------------------------------+--------------+
| 55 | step-wise/by_ns_best/Brier_cls_sample_mean        |   0.00298241 |
+----+---------------------------------------------------+--------------+
| 53 | step-wise/by_os_best/Brier_cls_sample             |   0.00474992 |
+----+---------------------------------------------------+--------------+
| 26 | step-wise/by_os_best/Brier_cls_sample_mean        |   0.00463235 |
+----+---------------------------------------------------+--------------+
| 36 | step-wise/by_sb_best/Brier_cls_sample             |   0.0102185  |
+----+---------------------------------------------------+--------------+
| 43 | step-wise/by_sb_best/Brier_cls_sample_mean        |   0.00863752 |
+----+---------------------------------------------------+--------------+
| 34 | step-wise/lr_ns_best/CRPS                         |   0.0279356  |
+----+---------------------------------------------------+--------------+
| 59 | step-wise/lr_ns_best/CRPS_mean                    |   0.0439999  |
+----+---------------------------------------------------+--------------+
| 74 | step-wise/lr_ns_best/MCR_sample                   |   0.37019    |
+----+---------------------------------------------------+--------------+
| 49 | step-wise/lr_ns_best/MCR_sample_mean              |   0.262344   |
+----+---------------------------------------------------+--------------+
| 63 | step-wise/lr_ns_best/QS_sample                    |   0.0283039  |
+----+---------------------------------------------------+--------------+
| 50 | step-wise/lr_ns_best/QS_sample_mean               |   0.043834   |
+----+---------------------------------------------------+--------------+
| 40 | step-wise/lr_os_best/CRPS                         |   0.0674243  |
+----+---------------------------------------------------+--------------+
| 70 | step-wise/lr_os_best/CRPS_mean                    |   0.0454054  |
+----+---------------------------------------------------+--------------+
| 22 | step-wise/lr_os_best/MCR_sample                   |   0.0791048  |
+----+---------------------------------------------------+--------------+
| 57 | step-wise/lr_os_best/MCR_sample_mean              |   0.160626   |
+----+---------------------------------------------------+--------------+
| 67 | step-wise/lr_os_best/QS_sample                    |   0.0665651  |
+----+---------------------------------------------------+--------------+
| 52 | step-wise/lr_os_best/QS_sample_mean               |   0.0448919  |
+----+---------------------------------------------------+--------------+
| 37 | step-wise/lr_sb_best/CRPS                         |   0.875263   |
+----+---------------------------------------------------+--------------+
| 13 | step-wise/lr_sb_best/CRPS_mean                    |   0.159472   |
+----+---------------------------------------------------+--------------+
|  8 | step-wise/lr_sb_best/MCR_sample                   |   0.0266408  |
+----+---------------------------------------------------+--------------+
| 14 | step-wise/lr_sb_best/MCR_sample_mean              |   0.234458   |
+----+---------------------------------------------------+--------------+
| 20 | step-wise/lr_sb_best/QS_sample                    |   0.86264    |
+----+---------------------------------------------------+--------------+
| 72 | step-wise/lr_sb_best/QS_sample_mean               |   0.152919   |
+----+---------------------------------------------------+--------------+
|  2 | step-wise/step                                    |  36          |
+----+---------------------------------------------------+--------------+
|  6 | time-series-wise/by_ns_best/Brier_cls_sample      |   0.00283246 |
+----+---------------------------------------------------+--------------+
|  7 | time-series-wise/by_ns_best/Brier_cls_sample_mean |   0.00298241 |
+----+---------------------------------------------------+--------------+
| 71 | time-series-wise/by_os_best/Brier_cls_sample      |   0.00470433 |
+----+---------------------------------------------------+--------------+
| 19 | time-series-wise/by_os_best/Brier_cls_sample_mean |   0.00463235 |
+----+---------------------------------------------------+--------------+
|  1 | time-series-wise/by_sb_best/Brier_cls_sample      |   0.00920139 |
+----+---------------------------------------------------+--------------+
| 24 | time-series-wise/by_sb_best/Brier_cls_sample_mean |   0.00863752 |
+----+---------------------------------------------------+--------------+
| 62 | time-series-wise/lr_ns_best/CRPS                  |   0.0348626  |
+----+---------------------------------------------------+--------------+
| 65 | time-series-wise/lr_ns_best/CRPS_mean             |   0.0439999  |
+----+---------------------------------------------------+--------------+
| 64 | time-series-wise/lr_ns_best/MCR_sample            |   0.299294   |
+----+---------------------------------------------------+--------------+
| 46 | time-series-wise/lr_ns_best/MCR_sample_mean       |   0.240706   |
+----+---------------------------------------------------+--------------+
| 28 | time-series-wise/lr_ns_best/QS_sample             |   0.0349817  |
+----+---------------------------------------------------+--------------+
| 60 | time-series-wise/lr_ns_best/QS_sample_mean        |   0.043834   |
+----+---------------------------------------------------+--------------+
| 33 | time-series-wise/lr_os_best/CRPS                  |   0.0498021  |
+----+---------------------------------------------------+--------------+
| 47 | time-series-wise/lr_os_best/CRPS_mean             |   0.0454054  |
+----+---------------------------------------------------+--------------+
|  5 | time-series-wise/lr_os_best/MCR_sample            |   0.114589   |
+----+---------------------------------------------------+--------------+
| 42 | time-series-wise/lr_os_best/MCR_sample_mean       |   0.136538   |
+----+---------------------------------------------------+--------------+
| 41 | time-series-wise/lr_os_best/QS_sample             |   0.0492562  |
+----+---------------------------------------------------+--------------+
| 23 | time-series-wise/lr_os_best/QS_sample_mean        |   0.0448919  |
+----+---------------------------------------------------+--------------+
| 48 | time-series-wise/lr_sb_best/CRPS                  |   0.397073   |
+----+---------------------------------------------------+--------------+
| 15 | time-series-wise/lr_sb_best/CRPS_mean             |   0.159472   |
+----+---------------------------------------------------+--------------+
| 45 | time-series-wise/lr_sb_best/MCR_sample            |   0.0699644  |
+----+---------------------------------------------------+--------------+
| 73 | time-series-wise/lr_sb_best/MCR_sample_mean       |   0.222464   |
+----+---------------------------------------------------+--------------+
|  9 | time-series-wise/lr_sb_best/QS_sample             |   0.389285   |
+----+---------------------------------------------------+--------------+
| 39 | time-series-wise/lr_sb_best/QS_sample_mean        |   0.152919   |
+----+---------------------------------------------------+--------------+
| 66 | time-series-wise/time-series                      |  12          |
+----+---------------------------------------------------+--------------+
2026-08-15 19:35:26,605 /home/simon/Documents/scripts/views_platform/views-pipeline-core/views_pipeline_core/modules/wandb/wandb.py [wandb.py:254] [2499473] [MainThread] - INFO - WandB alert sent: Metrics for truncated_smoke
2026-08-15 19:35:26,921 /home/simon/Documents/scripts/views_platform/views-pipeline-core/views_pipeline_core/modules/wandb/wandb.py [wandb.py:254] [2499473] [MainThread] - INFO - WandB alert sent: Evaluation for model truncated_smoke completed successfully.
2026-08-15 19:35:31,295 /home/simon/Documents/scripts/views_platform/views-pipeline-core/views_pipeline_core/managers/model/model.py [model.py:1235] [2499473] [MainThread] - INFO - Done. Runtime: 36.040 minutes.

wandb: Using wandb-core as the SDK backend.  Please refer to https://wandb.me/wandb-core for more information.
wandb: Currently logged in as: simpol (nornir). Use `wandb login --relogin` to force relogin
wandb: Currently logged in as: simpol (views_pipeline). Use `wandb login --relogin` to force relogin
wandb: Tracking run with wandb version 0.18.7
wandb: Run data is saved locally in /home/simon/Documents/scripts/views_platform/views-models/models/truncated_smoke/wandb/run-20260815_185925-71bus9m4
wandb: Run `wandb offline` to turn off syncing.
wandb: Syncing run skilled-salad-27
wandb: ⭐️ View project at https://wandb.ai/views_pipeline/truncated_smoke_calibration
wandb: 🚀 View run at https://wandb.ai/views_pipeline/truncated_smoke_calibration/runs/71bus9m4
wandb:                                                                                
wandb: 🚀 View run skilled-salad-27 at: https://wandb.ai/views_pipeline/truncated_smoke_calibration/runs/71bus9m4
wandb: ⭐️ View project at: https://wandb.ai/views_pipeline/truncated_smoke_calibration
wandb: Synced 5 W&B file(s), 0 media file(s), 0 artifact file(s) and 0 other file(s)
wandb: Find logs at: ./wandb/run-20260815_185925-71bus9m4/logs
wandb: Tracking run with wandb version 0.18.7
wandb: Run data is saved locally in /home/simon/Documents/scripts/views_platform/views-models/models/truncated_smoke/wandb/run-20260815_185928-cxdq7wet
wandb: Run `wandb offline` to turn off syncing.
wandb: Syncing run desert-blaze-28
wandb: ⭐️ View project at https://wandb.ai/views_pipeline/truncated_smoke_calibration
wandb: 🚀 View run at https://wandb.ai/views_pipeline/truncated_smoke_calibration/runs/cxdq7wet

[Origin 1/13] 🎲 Drawing Posterior Samples:   0%|          | 0/1484 [00:00<?, ?step/s]
[Origin 1/13] 🎲 Drawing Posterior Samples:   0%|          | 1/1484 [00:00<06:39,  3.72step/s]
[Origin 1/13] 🎲 Drawing Posterior Samples:   1%|          | 12/1484 [00:00<00:38, 38.71step/s]
[Origin 1/13] 🎲 Drawing Posterior Samples:   1%|▏         | 19/1484 [00:00<00:31, 46.82step/s]
[Origin 1/13] 🎲 Drawing Posterior Samples:   2%|▏         | 26/1484 [00:00<00:27, 52.37step/s]
[Origin 1/13] 🎲 Drawing Posterior Samples:   2%|▏         | 33/1484 [00:00<00:26, 54.96step/s]
[Origin 1/13] 🎲 Drawing Posterior Samples:   3%|▎         | 40/1484 [00:00<00:27, 52.55step/s]
[Origin 1/13] 🎲 Drawing Posterior Samples:   3%|▎         | 46/1484 [00:00<00:28, 50.90step/s]
[Origin 1/13] 🎲 Drawing Posterior Samples:   4%|▎         | 52/1484 [00:01<00:28, 49.40step/s]
[Origin 1/13] 🎲 Drawing Posterior Samples:   4%|▍         | 58/1484 [00:01<00:30, 47.38step/s]
[Origin 1/13] 🎲 Drawing Posterior Samples:   4%|▍         | 63/1484 [00:01<00:33, 42.25step/s]
[Origin 1/13] 🎲 Drawing Posterior Samples:   5%|▍         | 69/1484 [00:01<00:31, 44.75step/s]
[Origin 1/13] 🎲 Drawing Posterior Samples:   5%|▍         | 74/1484 [00:01<00:31, 44.10step/s]
[Origin 1/13] 🎲 Drawing Posterior Samples:   5%|▌         | 79/1484 [00:01<00:32, 43.50step/s]
[Origin 1/13] 🎲 Drawing Posterior Samples:   6%|▌         | 85/1484 [00:01<00:30, 45.75step/s]
[Origin 1/13] 🎲 Drawing Posterior Samples:   6%|▌         | 91/1484 [00:02<00:30, 46.19step/s]
[Origin 1/13] 🎲 Drawing Posterior Samples:   6%|▋         | 96/1484 [00:02<00:30, 45.97step/s]
[Origin 1/13] 🎲 Drawing Posterior Samples:   7%|▋         | 101/1484 [00:02<00:31, 44.51step/s]
[Origin 1/13] 🎲 Drawing Posterior Samples:   7%|▋         | 106/1484 [00:02<00:35, 38.73step/s]
[Origin 1/13] 🎲 Drawing Posterior Samples:   7%|▋         | 111/1484 [00:02<00:39, 35.12step/s]
[Origin 1/13] 🎲 Drawing Posterior Samples:   8%|▊         | 115/1484 [00:02<00:40, 33.70step/s]
[Origin 1/13] 🎲 Drawing Posterior Samples:   8%|▊         | 119/1484 [00:02<00:42, 32.48step/s]
[Origin 1/13] 🎲 Drawing Posterior Samples:   8%|▊         | 123/1484 [00:02<00:42, 32.03step/s]
[Origin 1/13] 🎲 Drawing Posterior Samples:   9%|▊         | 127/1484 [00:03<00:44, 30.60step/s]
[Origin 1/13] 🎲 Drawing Posterior Samples:   9%|▉         | 131/1484 [00:03<00:44, 30.47step/s]
[Origin 1/13] 🎲 Drawing Posterior Samples:   9%|▉         | 135/1484 [00:03<00:45, 29.60step/s]
[Origin 1/13] 🎲 Drawing Posterior Samples:   9%|▉         | 138/1484 [00:03<00:45, 29.50step/s]
[Origin 1/13] 🎲 Drawing Posterior Samples:  10%|▉         | 142/1484 [00:03<00:44, 30.24step/s]
[Origin 1/13] 🎲 Drawing Posterior Samples:  10%|▉         | 146/1484 [00:03<00:44, 29.78step/s]
[Origin 1/13] 🎲 Drawing Posterior Samples:  10%|█         | 150/1484 [00:03<00:44, 29.99step/s]
[Origin 1/13] 🎲 Drawing Posterior Samples:  10%|█         | 154/1484 [00:04<00:45, 29.52step/s]
[Origin 1/13] 🎲 Drawing Posterior Samples:  11%|█         | 158/1484 [00:04<00:43, 30.26step/s]
[Origin 1/13] 🎲 Drawing Posterior Samples:  11%|█         | 162/1484 [00:04<00:43, 30.22step/s]
[Origin 1/13] 🎲 Drawing Posterior Samples:  11%|█         | 166/1484 [00:04<00:44, 29.71step/s]
[Origin 1/13] 🎲 Drawing Posterior Samples:  11%|█▏        | 170/1484 [00:04<00:43, 29.90step/s]
[Origin 1/13] 🎲 Drawing Posterior Samples:  12%|█▏        | 174/1484 [00:04<00:44, 29.76step/s]
[Origin 1/13] 🎲 Drawing Posterior Samples:  12%|█▏        | 178/1484 [00:04<00:43, 30.07step/s]
[Origin 1/13] 🎲 Drawing Posterior Samples:  12%|█▏        | 182/1484 [00:04<00:44, 29.57step/s]
[Origin 1/13] 🎲 Drawing Posterior Samples:  13%|█▎        | 186/1484 [00:05<00:43, 30.05step/s]
[Origin 1/13] 🎲 Drawing Posterior Samples:  13%|█▎        | 190/1484 [00:05<00:41, 30.81step/s]
[Origin 1/13] 🎲 Drawing Posterior Samples:  13%|█▎        | 194/1484 [00:05<00:41, 30.96step/s]
[Origin 1/13] 🎲 Drawing Posterior Samples:  13%|█▎        | 200/1484 [00:05<00:35, 36.68step/s]
[Origin 1/13] 🎲 Drawing Posterior Samples:  14%|█▍        | 206/1484 [00:05<00:31, 40.80step/s]
[Origin 1/13] 🎲 Drawing Posterior Samples:  14%|█▍        | 211/1484 [00:05<00:32, 39.36step/s]
[Origin 1/13] 🎲 Drawing Posterior Samples:  15%|█▍        | 217/1484 [00:05<00:29, 42.72step/s]
[Origin 1/13] 🎲 Drawing Posterior Samples:  15%|█▍        | 222/1484 [00:05<00:29, 42.28step/s]
[Origin 1/13] 🎲 Drawing Posterior Samples:  15%|█▌        | 228/1484 [00:06<00:28, 44.68step/s]
[Origin 1/13] 🎲 Drawing Posterior Samples:  16%|█▌        | 234/1484 [00:06<00:26, 46.48step/s]
[Origin 1/13] 🎲 Drawing Posterior Samples:  16%|█▌        | 239/1484 [00:06<00:27, 45.11step/s]
[Origin 1/13] 🎲 Drawing Posterior Samples:  16%|█▋        | 244/1484 [00:06<00:27, 45.06step/s]
[Origin 1/13] 🎲 Drawing Posterior Samples:  17%|█▋        | 249/1484 [00:06<00:29, 42.51step/s]
[Origin 1/13] 🎲 Drawing Posterior Samples:  17%|█▋        | 255/1484 [00:06<00:27, 45.06step/s]
[Origin 1/13] 🎲 Drawing Posterior Samples:  18%|█▊        | 261/1484 [00:06<00:26, 46.76step/s]
[Origin 1/13] 🎲 Drawing Posterior Samples:  18%|█▊        | 266/1484 [00:06<00:26, 45.35step/s]
[Origin 1/13] 🎲 Drawing Posterior Samples:  18%|█▊        | 271/1484 [00:07<00:27, 44.61step/s]
[Origin 1/13] 🎲 Drawing Posterior Samples:  19%|█▊        | 276/1484 [00:07<00:26, 46.02step/s]
[Origin 1/13] 🎲 Drawing Posterior Samples:  19%|█▉        | 281/1484 [00:07<00:26, 44.62step/s]
[Origin 1/13] 🎲 Drawing Posterior Samples:  19%|█▉        | 287/1484 [00:07<00:25, 46.58step/s]
[Origin 1/13] 🎲 Drawing Posterior Samples:  20%|█▉        | 292/1484 [00:07<00:26, 45.19step/s]
[Origin 1/13] 🎲 Drawing Posterior Samples:  20%|██        | 298/1484 [00:07<00:25, 46.89step/s]
[Origin 1/13] 🎲 Drawing Posterior Samples:  20%|██        | 303/1484 [00:07<00:26, 45.30step/s]
[Origin 1/13] 🎲 Drawing Posterior Samples:  21%|██        | 309/1484 [00:07<00:26, 44.75step/s]
[Origin 1/13] 🎲 Drawing Posterior Samples:  21%|██        | 315/1484 [00:07<00:25, 46.50step/s]
[Origin 1/13] 🎲 Drawing Posterior Samples:  22%|██▏       | 320/1484 [00:08<00:28, 40.85step/s]
[Origin 1/13] 🎲 Drawing Posterior Samples:  22%|██▏       | 325/1484 [00:08<00:27, 42.51step/s]
[Origin 1/13] 🎲 Drawing Posterior Samples:  22%|██▏       | 331/1484 [00:08<00:25, 44.89step/s]
[Origin 1/13] 🎲 Drawing Posterior Samples:  23%|██▎       | 336/1484 [00:08<00:38, 29.65step/s]
[Origin 1/13] 🎲 Drawing Posterior Samples:  23%|██▎       | 340/1484 [00:09<01:35, 12.03step/s]
[Origin 1/13] 🎲 Drawing Posterior Samples:  23%|██▎       | 343/1484 [00:10<01:45, 10.85step/s]
[Origin 1/13] 🎲 Drawing Posterior Samples:  23%|██▎       | 346/1484 [00:10<01:52, 10.14step/s]
[Origin 1/13] 🎲 Drawing Posterior Samples:  23%|██▎       | 348/1484 [00:10<01:55,  9.85step/s]
[Origin 1/13] 🎲 Drawing Posterior Samples:  24%|██▎       | 350/1484 [00:10<02:05,  9.01step/s]
[Origin 1/13] 🎲 Drawing Posterior Samples:  24%|██▎       | 352/1484 [00:11<02:03,  9.15step/s]
[Origin 1/13] 🎲 Drawing Posterior Samples:  24%|██▍       | 354/1484 [00:11<02:06,  8.95step/s]
[Origin 1/13] 🎲 Drawing Posterior Samples:  24%|██▍       | 356/1484 [00:11<02:09,  8.71step/s]
[Origin 1/13] 🎲 Drawing Posterior Samples:  24%|██▍       | 357/1484 [00:11<02:14,  8.37step/s]
[Origin 1/13] 🎲 Drawing Posterior Samples:  24%|██▍       | 358/1484 [00:11<02:20,  8.03step/s]
[Origin 1/13] 🎲 Drawing Posterior Samples:  24%|██▍       | 359/1484 [00:12<02:35,  7.22step/s]
[Origin 1/13] 🎲 Drawing Posterior Samples:  24%|██▍       | 360/1484 [00:12<02:46,  6.73step/s]
[Origin 1/13] 🎲 Drawing Posterior Samples:  24%|██▍       | 361/1484 [00:12<03:04,  6.09step/s]
[Origin 1/13] 🎲 Drawing Posterior Samples:  24%|██▍       | 362/1484 [00:12<03:15,  5.75step/s]
[Origin 1/13] 🎲 Drawing Posterior Samples:  24%|██▍       | 363/1484 [00:12<03:16,  5.71step/s]
[Origin 1/13] 🎲 Drawing Posterior Samples:  25%|██▍       | 364/1484 [00:13<03:56,  4.74step/s]
[Origin 1/13] 🎲 Drawing Posterior Samples:  25%|██▍       | 365/1484 [00:13<03:41,  5.04step/s]
[Origin 1/13] 🎲 Drawing Posterior Samples:  25%|██▍       | 366/1484 [00:13<03:29,  5.33step/s]
[Origin 1/13] 🎲 Drawing Posterior Samples:  25%|██▍       | 367/1484 [00:13<03:37,  5.13step/s]
[Origin 1/13] 🎲 Drawing Posterior Samples:  25%|██▍       | 368/1484 [00:13<03:34,  5.21step/s]
[Origin 1/13] 🎲 Drawing Posterior Samples:  25%|██▍       | 369/1484 [00:14<04:07,  4.51step/s]
[Origin 1/13] 🎲 Drawing Posterior Samples:  25%|██▍       | 370/1484 [00:14<03:58,  4.66step/s]
[Origin 1/13] 🎲 Drawing Posterior Samples:  25%|██▌       | 371/1484 [00:14<03:52,  4.78step/s]
[Origin 1/13] 🎲 Drawing Posterior Samples:  25%|██▌       | 372/1484 [00:31<1:38:15,  5.30s/step]
[Origin 1/13] 🎲 Drawing Posterior Samples:  25%|██▌       | 377/1484 [00:31<31:32,  1.71s/step]  
[Origin 1/13] 🎲 Drawing Posterior Samples:  26%|██▌       | 385/1484 [00:32<12:23,  1.48step/s]
[Origin 1/13] 🎲 Drawing Posterior Samples:  26%|██▋       | 392/1484 [00:32<07:07,  2.56step/s]
[Origin 1/13] 🎲 Drawing Posterior Samples:  27%|██▋       | 398/1484 [00:32<04:44,  3.82step/s]
[Origin 1/13] 🎲 Drawing Posterior Samples:  27%|██▋       | 404/1484 [00:32<03:15,  5.53step/s]
[Origin 1/13] 🎲 Drawing Posterior Samples:  28%|██▊       | 410/1484 [00:32<02:18,  7.78step/s]
[Origin 1/13] 🎲 Drawing Posterior Samples:  28%|██▊       | 416/1484 [00:32<01:42, 10.40step/s]
[Origin 1/13] 🎲 Drawing Posterior Samples:  28%|██▊       | 421/1484 [00:32<01:25, 12.49step/s]
[Origin 1/13] 🎲 Drawing Posterior Samples:  29%|██▊       | 426/1484 [00:32<01:10, 15.06step/s]
[Origin 1/13] 🎲 Drawing Posterior Samples:  29%|██▉       | 430/1484 [00:33<00:59, 17.63step/s]
[Origin 1/13] 🎲 Drawing Posterior Samples:  29%|██▉       | 434/1484 [00:33<00:53, 19.55step/s]
[Origin 1/13] 🎲 Drawing Posterior Samples:  30%|██▉       | 438/1484 [00:33<00:46, 22.63step/s]
[Origin 1/13] 🎲 Drawing Posterior Samples:  30%|██▉       | 442/1484 [00:33<00:40, 25.52step/s]
[Origin 1/13] 🎲 Drawing Posterior Samples:  30%|███       | 446/1484 [00:33<00:38, 26.66step/s]
[Origin 1/13] 🎲 Drawing Posterior Samples:  30%|███       | 450/1484 [00:33<00:41, 25.16step/s]
[Origin 1/13] 🎲 Drawing Posterior Samples:  31%|███       | 454/1484 [00:33<00:39, 25.80step/s]
[Origin 1/13] 🎲 Drawing Posterior Samples:  31%|███       | 458/1484 [00:34<00:40, 25.64step/s]
[Origin 1/13] 🎲 Drawing Posterior Samples:  31%|███       | 462/1484 [00:34<00:36, 27.95step/s]
[Origin 1/13] 🎲 Drawing Posterior Samples:  31%|███▏      | 466/1484 [00:34<00:33, 30.65step/s]
[Origin 1/13] 🎲 Drawing Posterior Samples:  32%|███▏      | 470/1484 [00:34<00:33, 30.61step/s]
[Origin 1/13] 🎲 Drawing Posterior Samples:  32%|███▏      | 474/1484 [00:34<00:32, 30.85step/s]
[Origin 1/13] 🎲 Drawing Posterior Samples:  32%|███▏      | 478/1484 [00:34<00:32, 31.00step/s]
[Origin 1/13] 🎲 Drawing Posterior Samples:  32%|███▏      | 482/1484 [00:34<00:33, 30.11step/s]
[Origin 1/13] 🎲 Drawing Posterior Samples:  33%|███▎      | 486/1484 [00:34<00:35, 27.73step/s]
[Origin 1/13] 🎲 Drawing Posterior Samples:  33%|███▎      | 489/1484 [00:35<00:36, 27.01step/s]
[Origin 1/13] 🎲 Drawing Posterior Samples:  33%|███▎      | 492/1484 [00:35<00:37, 26.35step/s]
[Origin 1/13] 🎲 Drawing Posterior Samples:  33%|███▎      | 495/1484 [00:35<00:39, 25.20step/s]
[Origin 1/13] 🎲 Drawing Posterior Samples:  34%|███▎      | 498/1484 [00:35<00:39, 24.85step/s]
[Origin 1/13] 🎲 Drawing Posterior Samples:  34%|███▍      | 501/1484 [00:35<00:39, 24.78step/s]
[Origin 1/13] 🎲 Drawing Posterior Samples:  34%|███▍      | 504/1484 [00:35<00:38, 25.23step/s]
[Origin 1/13] 🎲 Drawing Posterior Samples:  34%|███▍      | 508/1484 [00:35<00:35, 27.51step/s]
[Origin 1/13] 🎲 Drawing Posterior Samples:  35%|███▍      | 513/1484 [00:35<00:30, 31.73step/s]
[Origin 1/13] 🎲 Drawing Posterior Samples:  35%|███▍      | 517/1484 [00:36<00:30, 32.05step/s]
[Origin 1/13] 🎲 Drawing Posterior Samples:  35%|███▌      | 522/1484 [00:36<00:28, 34.24step/s]
[Origin 1/13] 🎲 Drawing Posterior Samples:  35%|███▌      | 526/1484 [00:36<00:32, 29.03step/s]
[Origin 1/13] 🎲 Drawing Posterior Samples:  36%|███▌      | 530/1484 [00:36<00:34, 27.84step/s]
[Origin 1/13] 🎲 Drawing Posterior Samples:  36%|███▌      | 533/1484 [00:36<00:36, 25.85step/s]
[Origin 1/13] 🎲 Drawing Posterior Samples:  36%|███▌      | 536/1484 [00:36<00:36, 25.83step/s]
[Origin 1/13] 🎲 Drawing Posterior Samples:  36%|███▋      | 539/1484 [00:36<00:36, 26.03step/s]
[Origin 1/13] 🎲 Drawing Posterior Samples:  37%|███▋      | 543/1484 [00:37<00:33, 28.27step/s]
[Origin 1/13] 🎲 Drawing Posterior Samples:  37%|███▋      | 547/1484 [00:37<00:30, 30.84step/s]
[Origin 1/13] 🎲 Drawing Posterior Samples:  37%|███▋      | 551/1484 [00:37<00:28, 32.70step/s]
[Origin 1/13] 🎲 Drawing Posterior Samples:  37%|███▋      | 555/1484 [00:37<00:28, 32.43step/s]
[Origin 1/13] 🎲 Drawing Posterior Samples:  38%|███▊      | 559/1484 [00:37<00:30, 30.56step/s]
[Origin 1/13] 🎲 Drawing Posterior Samples:  38%|███▊      | 564/1484 [00:37<00:27, 33.94step/s]
[Origin 1/13] 🎲 Drawing Posterior Samples:  38%|███▊      | 568/1484 [00:37<00:26, 34.16step/s]
[Origin 1/13] 🎲 Drawing Posterior Samples:  39%|███▊      | 573/1484 [00:37<00:24, 36.58step/s]
[Origin 1/13] 🎲 Drawing Posterior Samples:  39%|███▉      | 577/1484 [00:38<00:29, 30.48step/s]
[Origin 1/13] 🎲 Drawing Posterior Samples:  39%|███▉      | 581/1484 [00:38<00:33, 27.17step/s]
[Origin 1/13] 🎲 Drawing Posterior Samples:  39%|███▉      | 584/1484 [00:38<00:33, 27.10step/s]
[Origin 1/13] 🎲 Drawing Posterior Samples:  40%|███▉      | 588/1484 [00:38<00:31, 28.64step/s]
[Origin 1/13] 🎲 Drawing Posterior Samples:  40%|███▉      | 592/1484 [00:38<00:29, 30.01step/s]
[Origin 1/13] 🎲 Drawing Posterior Samples:  40%|████      | 596/1484 [00:38<00:27, 31.95step/s]
[Origin 1/13] 🎲 Drawing Posterior Samples:  40%|████      | 600/1484 [00:38<00:27, 31.94step/s]
[Origin 1/13] 🎲 Drawing Posterior Samples:  41%|████      | 604/1484 [00:38<00:26, 33.12step/s]
[Origin 1/13] 🎲 Drawing Posterior Samples:  41%|████      | 608/1484 [00:39<00:27, 32.44step/s]
[Origin 1/13] 🎲 Drawing Posterior Samples:  41%|████      | 612/1484 [00:39<00:29, 29.65step/s]
[Origin 1/13] 🎲 Drawing Posterior Samples:  42%|████▏     | 616/1484 [00:39<00:27, 31.80step/s]
[Origin 1/13] 🎲 Drawing Posterior Samples:  42%|████▏     | 620/1484 [00:39<00:26, 32.79step/s]
[Origin 1/13] 🎲 Drawing Posterior Samples:  42%|████▏     | 624/1484 [00:39<00:24, 34.60step/s]
[Origin 1/13] 🎲 Drawing Posterior Samples:  42%|████▏     | 630/1484 [00:39<00:21, 39.82step/s]
[Origin 1/13] 🎲 Drawing Posterior Samples:  43%|████▎     | 635/1484 [00:39<00:21, 39.25step/s]
[Origin 1/13] 🎲 Drawing Posterior Samples:  43%|████▎     | 639/1484 [00:39<00:22, 38.06step/s]
[Origin 1/13] 🎲 Drawing Posterior Samples:  43%|████▎     | 643/1484 [00:40<00:28, 29.89step/s]
[Origin 1/13] 🎲 Drawing Posterior Samples:  44%|████▎     | 647/1484 [00:40<00:30, 27.16step/s]
[Origin 1/13] 🎲 Drawing Posterior Samples:  44%|████▍     | 650/1484 [00:40<00:32, 25.78step/s]
[Origin 1/13] 🎲 Drawing Posterior Samples:  44%|████▍     | 654/1484 [00:40<00:31, 26.52step/s]
[Origin 1/13] 🎲 Drawing Posterior Samples:  44%|████▍     | 658/1484 [00:40<00:30, 27.14step/s]
[Origin 1/13] 🎲 Drawing Posterior Samples:  45%|████▍     | 662/1484 [00:40<00:27, 29.60step/s]
[Origin 1/13] 🎲 Drawing Posterior Samples:  45%|████▍     | 666/1484 [00:40<00:25, 31.73step/s]
[Origin 1/13] 🎲 Drawing Posterior Samples:  45%|████▌     | 670/1484 [00:41<00:27, 29.59step/s]
[Origin 1/13] 🎲 Drawing Posterior Samples:  45%|████▌     | 674/1484 [00:41<00:29, 27.43step/s]
[Origin 1/13] 🎲 Drawing Posterior Samples:  46%|████▌     | 677/1484 [00:41<00:29, 27.81step/s]
[Origin 1/13] 🎲 Drawing Posterior Samples:  46%|████▌     | 681/1484 [00:41<00:26, 30.39step/s]
[Origin 1/13] 🎲 Drawing Posterior Samples:  46%|████▌     | 685/1484 [00:41<00:27, 29.52step/s]
[Origin 1/13] 🎲 Drawing Posterior Samples:  46%|████▋     | 689/1484 [00:41<00:29, 26.53step/s]
[Origin 1/13] 🎲 Drawing Posterior Samples:  47%|████▋     | 694/1484 [00:41<00:26, 30.24step/s]
[Origin 1/13] 🎲 Drawing Posterior Samples:  47%|████▋     | 698/1484 [00:42<00:29, 26.45step/s]
[Origin 1/13] 🎲 Drawing Posterior Samples:  47%|████▋     | 702/1484 [00:42<00:27, 28.10step/s]
[Origin 1/13] 🎲 Drawing Posterior Samples:  48%|████▊     | 705/1484 [00:42<00:27, 28.49step/s]
[Origin 1/13] 🎲 Drawing Posterior Samples:  48%|████▊     | 708/1484 [00:42<00:55, 13.90step/s]
[Origin 1/13] 🎲 Drawing Posterior Samples:  48%|████▊     | 711/1484 [00:43<01:21,  9.48step/s]
[Origin 1/13] 🎲 Drawing Posterior Samples:  48%|████▊     | 713/1484 [00:43<01:33,  8.22step/s]
[Origin 1/13] 🎲 Drawing Posterior Samples:  48%|████▊     | 715/1484 [00:44<01:47,  7.18step/s]
[Origin 1/13] 🎲 Drawing Posterior Samples:  48%|████▊     | 717/1484 [00:44<01:58,  6.48step/s]
[Origin 1/13] 🎲 Drawing Posterior Samples:  48%|████▊     | 718/1484 [00:44<02:04,  6.15step/s]
[Origin 1/13] 🎲 Drawing Posterior Samples:  48%|████▊     | 719/1484 [00:45<02:10,  5.85step/s]
[Origin 1/13] 🎲 Drawing Posterior Samples:  49%|████▊     | 720/1484 [00:45<02:11,  5.83step/s]
[Origin 1/13] 🎲 Drawing Posterior Samples:  49%|████▊     | 721/1484 [00:45<02:13,  5.72step/s]
[Origin 1/13] 🎲 Drawing Posterior Samples:  49%|████▊     | 722/1484 [00:45<02:16,  5.58step/s]
[Origin 1/13] 🎲 Drawing Posterior Samples:  49%|████▊     | 723/1484 [00:45<02:25,  5.24step/s]
[Origin 1/13] 🎲 Drawing Posterior Samples:  49%|████▉     | 724/1484 [00:46<02:30,  5.06step/s]
[Origin 1/13] 🎲 Drawing Posterior Samples:  49%|████▉     | 725/1484 [00:46<02:25,  5.20step/s]
[Origin 1/13] 🎲 Drawing Posterior Samples:  49%|████▉     | 726/1484 [00:46<02:25,  5.22step/s]
[Origin 1/13] 🎲 Drawing Posterior Samples:  49%|████▉     | 727/1484 [00:46<02:21,  5.36step/s]
[Origin 1/13] 🎲 Drawing Posterior Samples:  49%|████▉     | 728/1484 [00:46<02:32,  4.96step/s]
[Origin 1/13] 🎲 Drawing Posterior Samples:  49%|████▉     | 729/1484 [00:47<02:34,  4.89step/s]
[Origin 1/13] 🎲 Drawing Posterior Samples:  49%|████▉     | 730/1484 [00:47<02:32,  4.95step/s]
[Origin 1/13] 🎲 Drawing Posterior Samples:  49%|████▉     | 731/1484 [00:47<02:43,  4.60step/s]
[Origin 1/13] 🎲 Drawing Posterior Samples:  49%|████▉     | 732/1484 [00:47<02:44,  4.57step/s]
[Origin 1/13] 🎲 Drawing Posterior Samples:  49%|████▉     | 733/1484 [00:47<02:33,  4.90step/s]
[Origin 1/13] 🎲 Drawing Posterior Samples:  49%|████▉     | 734/1484 [00:48<02:26,  5.11step/s]
[Origin 1/13] 🎲 Drawing Posterior Samples:  50%|████▉     | 735/1484 [00:48<02:18,  5.40step/s]
[Origin 1/13] 🎲 Drawing Posterior Samples:  50%|████▉     | 736/1484 [00:48<02:23,  5.22step/s]
[Origin 1/13] 🎲 Drawing Posterior Samples:  50%|████▉     | 737/1484 [00:48<02:23,  5.19step/s]
[Origin 1/13] 🎲 Drawing Posterior Samples:  50%|████▉     | 738/1484 [00:48<02:19,  5.34step/s]
[Origin 1/13] 🎲 Drawing Posterior Samples:  50%|████▉     | 739/1484 [00:49<02:25,  5.14step/s]
[Origin 1/13] 🎲 Drawing Posterior Samples:  50%|████▉     | 740/1484 [00:49<02:30,  4.94step/s]
[Origin 1/13] 🎲 Drawing Posterior Samples:  50%|████▉     | 741/1484 [00:49<02:29,  4.96step/s]
[Origin 1/13] 🎲 Drawing Posterior Samples:  50%|█████     | 742/1484 [00:49<02:22,  5.20step/s]
[Origin 1/13] 🎲 Drawing Posterior Samples:  50%|█████     | 743/1484 [01:18<1:47:37,  8.71s/step]
[Origin 1/13] 🎲 Drawing Posterior Samples:  50%|█████     | 747/1484 [01:18<39:38,  3.23s/step]  
[Origin 1/13] 🎲 Drawing Posterior Samples:  51%|█████     | 751/1484 [01:18<20:52,  1.71s/step]
[Origin 1/13] 🎲 Drawing Posterior Samples:  51%|█████     | 755/1484 [01:18<12:30,  1.03s/step]
[Origin 1/13] 🎲 Drawing Posterior Samples:  51%|█████     | 759/1484 [01:18<08:00,  1.51step/s]
[Origin 1/13] 🎲 Drawing Posterior Samples:  51%|█████▏    | 763/1484 [01:18<05:20,  2.25step/s]
[Origin 1/13] 🎲 Drawing Posterior Samples:  52%|█████▏    | 767/1484 [01:18<03:41,  3.24step/s]
[Origin 1/13] 🎲 Drawing Posterior Samples:  52%|█████▏    | 771/1484 [01:18<02:35,  4.58step/s]
[Origin 1/13] 🎲 Drawing Posterior Samples:  52%|█████▏    | 775/1484 [01:19<01:52,  6.33step/s]
[Origin 1/13] 🎲 Drawing Posterior Samples:  52%|█████▏    | 779/1484 [01:19<01:22,  8.53step/s]
[Origin 1/13] 🎲 Drawing Posterior Samples:  53%|█████▎    | 783/1484 [01:19<01:02, 11.18step/s]
[Origin 1/13] 🎲 Drawing Posterior Samples:  53%|█████▎    | 787/1484 [01:19<00:49, 14.01step/s]
[Origin 1/13] 🎲 Drawing Posterior Samples:  53%|█████▎    | 791/1484 [01:19<00:40, 17.13step/s]
[Origin 1/13] 🎲 Drawing Posterior Samples:  54%|█████▎    | 795/1484 [01:19<00:33, 20.55step/s]
[Origin 1/13] 🎲 Drawing Posterior Samples:  54%|█████▍    | 799/1484 [01:19<00:28, 23.75step/s]
[Origin 1/13] 🎲 Drawing Posterior Samples:  54%|█████▍    | 803/1484 [01:19<00:25, 26.72step/s]
[Origin 1/13] 🎲 Drawing Posterior Samples:  54%|█████▍    | 807/1484 [01:19<00:23, 29.06step/s]
[Origin 1/13] 🎲 Drawing Posterior Samples:  55%|█████▍    | 811/1484 [01:20<00:22, 30.12step/s]
[Origin 1/13] 🎲 Drawing Posterior Samples:  55%|█████▍    | 815/1484 [01:20<00:20, 32.05step/s]
[Origin 1/13] 🎲 Drawing Posterior Samples:  55%|█████▌    | 819/1484 [01:20<00:19, 33.99step/s]
[Origin 1/13] 🎲 Drawing Posterior Samples:  55%|█████▌    | 823/1484 [01:20<00:18, 34.84step/s]
[Origin 1/13] 🎲 Drawing Posterior Samples:  56%|█████▌    | 828/1484 [01:20<00:18, 36.36step/s]
[Origin 1/13] 🎲 Drawing Posterior Samples:  56%|█████▌    | 832/1484 [01:20<00:18, 34.77step/s]
[Origin 1/13] 🎲 Drawing Posterior Samples:  56%|█████▋    | 838/1484 [01:20<00:16, 39.80step/s]
[Origin 1/13] 🎲 Drawing Posterior Samples:  57%|█████▋    | 843/1484 [01:20<00:16, 38.62step/s]
[Origin 1/13] 🎲 Drawing Posterior Samples:  57%|█████▋    | 847/1484 [01:21<00:17, 37.10step/s]
[Origin 1/13] 🎲 Drawing Posterior Samples:  57%|█████▋    | 852/1484 [01:21<00:15, 39.78step/s]
[Origin 1/13] 🎲 Drawing Posterior Samples:  58%|█████▊    | 857/1484 [01:21<00:17, 36.38step/s]
[Origin 1/13] 🎲 Drawing Posterior Samples:  58%|█████▊    | 861/1484 [01:21<00:17, 36.34step/s]
[Origin 1/13] 🎲 Drawing Posterior Samples:  58%|█████▊    | 866/1484 [01:21<00:16, 37.66step/s]
[Origin 1/13] 🎲 Drawing Posterior Samples:  59%|█████▊    | 870/1484 [01:21<00:16, 37.70step/s]
[Origin 1/13] 🎲 Drawing Posterior Samples:  59%|█████▉    | 876/1484 [01:21<00:14, 41.90step/s]
[Origin 1/13] 🎲 Drawing Posterior Samples:  59%|█████▉    | 881/1484 [01:21<00:15, 39.20step/s]
[Origin 1/13] 🎲 Drawing Posterior Samples:  60%|█████▉    | 885/1484 [01:21<00:15, 38.55step/s]
[Origin 1/13] 🎲 Drawing Posterior Samples:  60%|██████    | 891/1484 [01:22<00:13, 42.42step/s]
[Origin 1/13] 🎲 Drawing Posterior Samples:  60%|██████    | 896/1484 [01:22<00:14, 40.97step/s]
[Origin 1/13] 🎲 Drawing Posterior Samples:  61%|██████    | 901/1484 [01:22<00:14, 40.15step/s]
[Origin 1/13] 🎲 Drawing Posterior Samples:  61%|██████    | 906/1484 [01:22<00:15, 37.23step/s]
[Origin 1/13] 🎲 Drawing Posterior Samples:  61%|██████▏   | 910/1484 [01:22<00:15, 37.28step/s]
[Origin 1/13] 🎲 Drawing Posterior Samples:  62%|██████▏   | 916/1484 [01:22<00:13, 41.53step/s]
[Origin 1/13] 🎲 Drawing Posterior Samples:  62%|██████▏   | 921/1484 [01:22<00:13, 40.94step/s]
[Origin 1/13] 🎲 Drawing Posterior Samples:  62%|██████▏   | 926/1484 [01:22<00:13, 41.43step/s]
[Origin 1/13] 🎲 Drawing Posterior Samples:  63%|██████▎   | 932/1484 [01:23<00:12, 44.54step/s]
[Origin 1/13] 🎲 Drawing Posterior Samples:  63%|██████▎   | 937/1484 [01:23<00:12, 42.74step/s]
[Origin 1/13] 🎲 Drawing Posterior Samples:  63%|██████▎   | 942/1484 [01:23<00:13, 40.75step/s]
[Origin 1/13] 🎲 Drawing Posterior Samples:  64%|██████▍   | 947/1484 [01:23<00:13, 40.63step/s]
[Origin 1/13] 🎲 Drawing Posterior Samples:  64%|██████▍   | 952/1484 [01:23<00:14, 36.36step/s]
[Origin 1/13] 🎲 Drawing Posterior Samples:  64%|██████▍   | 956/1484 [01:23<00:14, 36.62step/s]
[Origin 1/13] 🎲 Drawing Posterior Samples:  65%|██████▍   | 962/1484 [01:23<00:12, 40.93step/s]
[Origin 1/13] 🎲 Drawing Posterior Samples:  65%|██████▌   | 967/1484 [01:24<00:12, 41.24step/s]
[Origin 1/13] 🎲 Drawing Posterior Samples:  66%|██████▌   | 973/1484 [01:24<00:11, 44.43step/s]
[Origin 1/13] 🎲 Drawing Posterior Samples:  66%|██████▌   | 978/1484 [01:24<00:12, 40.22step/s]
[Origin 1/13] 🎲 Drawing Posterior Samples:  66%|██████▌   | 983/1484 [01:24<00:13, 38.00step/s]
[Origin 1/13] 🎲 Drawing Posterior Samples:  67%|██████▋   | 987/1484 [01:24<00:12, 38.46step/s]
[Origin 1/13] 🎲 Drawing Posterior Samples:  67%|██████▋   | 991/1484 [01:24<00:13, 37.64step/s]
[Origin 1/13] 🎲 Drawing Posterior Samples:  67%|██████▋   | 996/1484 [01:24<00:13, 37.44step/s]
[Origin 1/13] 🎲 Drawing Posterior Samples:  67%|██████▋   | 1001/1484 [01:24<00:12, 39.90step/s]
[Origin 1/13] 🎲 Drawing Posterior Samples:  68%|██████▊   | 1006/1484 [01:24<00:11, 42.41step/s]
[Origin 1/13] 🎲 Drawing Posterior Samples:  68%|██████▊   | 1011/1484 [01:25<00:10, 43.10step/s]
[Origin 1/13] 🎲 Drawing Posterior Samples:  68%|██████▊   | 1016/1484 [01:25<00:11, 42.06step/s]
[Origin 1/13] 🎲 Drawing Posterior Samples:  69%|██████▉   | 1021/1484 [01:25<00:11, 41.43step/s]
[Origin 1/13] 🎲 Drawing Posterior Samples:  69%|██████▉   | 1026/1484 [01:25<00:12, 36.98step/s]
[Origin 1/13] 🎲 Drawing Posterior Samples:  69%|██████▉   | 1031/1484 [01:25<00:11, 38.71step/s]
[Origin 1/13] 🎲 Drawing Posterior Samples:  70%|██████▉   | 1035/1484 [01:25<00:11, 37.61step/s]
[Origin 1/13] 🎲 Drawing Posterior Samples:  70%|███████   | 1040/1484 [01:25<00:11, 40.06step/s]
[Origin 1/13] 🎲 Drawing Posterior Samples:  70%|███████   | 1046/1484 [01:25<00:10, 42.19step/s]
[Origin 1/13] 🎲 Drawing Posterior Samples:  71%|███████   | 1051/1484 [01:26<00:09, 43.46step/s]
[Origin 1/13] 🎲 Drawing Posterior Samples:  71%|███████   | 1056/1484 [01:26<00:09, 42.81step/s]
[Origin 1/13] 🎲 Drawing Posterior Samples:  71%|███████▏  | 1061/1484 [01:26<00:10, 41.58step/s]
[Origin 1/13] 🎲 Drawing Posterior Samples:  72%|███████▏  | 1067/1484 [01:26<00:09, 44.59step/s]
[Origin 1/13] 🎲 Drawing Posterior Samples:  72%|███████▏  | 1072/1484 [01:26<00:10, 40.41step/s]
[Origin 1/13] 🎲 Drawing Posterior Samples:  73%|███████▎  | 1077/1484 [01:26<00:10, 38.59step/s]
[Origin 1/13] 🎲 Drawing Posterior Samples:  73%|███████▎  | 1081/1484 [01:27<00:23, 17.43step/s]
[Origin 1/13] 🎲 Drawing Posterior Samples:  73%|███████▎  | 1084/1484 [01:27<00:31, 12.78step/s]
[Origin 1/13] 🎲 Drawing Posterior Samples:  73%|███████▎  | 1087/1484 [01:28<00:46,  8.46step/s]
[Origin 1/13] 🎲 Drawing Posterior Samples:  73%|███████▎  | 1089/1484 [01:28<00:50,  7.81step/s]
[Origin 1/13] 🎲 Drawing Posterior Samples:  74%|███████▎  | 1091/1484 [01:29<00:53,  7.32step/s]
[Origin 1/13] 🎲 Drawing Posterior Samples:  74%|███████▎  | 1093/1484 [01:29<00:54,  7.16step/s]
[Origin 1/13] 🎲 Drawing Posterior Samples:  74%|███████▎  | 1094/1484 [01:29<00:56,  6.94step/s]
[Origin 1/13] 🎲 Drawing Posterior Samples:  74%|███████▍  | 1095/1484 [01:29<00:58,  6.68step/s]
[Origin 1/13] 🎲 Drawing Posterior Samples:  74%|███████▍  | 1096/1484 [01:30<01:02,  6.16step/s]
[Origin 1/13] 🎲 Drawing Posterior Samples:  74%|███████▍  | 1097/1484 [01:30<01:03,  6.05step/s]
[Origin 1/13] 🎲 Drawing Posterior Samples:  74%|███████▍  | 1098/1484 [01:30<01:05,  5.90step/s]
[Origin 1/13] 🎲 Drawing Posterior Samples:  74%|███████▍  | 1099/1484 [01:30<01:04,  5.98step/s]
[Origin 1/13] 🎲 Drawing Posterior Samples:  74%|███████▍  | 1100/1484 [01:30<01:05,  5.86step/s]
[Origin 1/13] 🎲 Drawing Posterior Samples:  74%|███████▍  | 1101/1484 [01:31<01:05,  5.87step/s]
[Origin 1/13] 🎲 Drawing Posterior Samples:  74%|███████▍  | 1102/1484 [01:31<01:03,  5.97step/s]
[Origin 1/13] 🎲 Drawing Posterior Samples:  74%|███████▍  | 1103/1484 [01:31<01:04,  5.90step/s]
[Origin 1/13] 🎲 Drawing Posterior Samples:  74%|███████▍  | 1104/1484 [01:31<01:05,  5.81step/s]
[Origin 1/13] 🎲 Drawing Posterior Samples:  74%|███████▍  | 1105/1484 [01:31<01:04,  5.84step/s]
[Origin 1/13] 🎲 Drawing Posterior Samples:  75%|███████▍  | 1106/1484 [01:31<01:04,  5.90step/s]
[Origin 1/13] 🎲 Drawing Posterior Samples:  75%|███████▍  | 1107/1484 [01:32<01:11,  5.24step/s]
[Origin 1/13] 🎲 Drawing Posterior Samples:  75%|███████▍  | 1108/1484 [01:32<01:08,  5.46step/s]
[Origin 1/13] 🎲 Drawing Posterior Samples:  75%|███████▍  | 1109/1484 [01:32<01:05,  5.74step/s]
[Origin 1/13] 🎲 Drawing Posterior Samples:  75%|███████▍  | 1110/1484 [01:32<01:03,  5.86step/s]
[Origin 1/13] 🎲 Drawing Posterior Samples:  75%|███████▍  | 1111/1484 [01:32<01:04,  5.78step/s]
[Origin 1/13] 🎲 Drawing Posterior Samples:  75%|███████▍  | 1112/1484 [01:32<01:03,  5.83step/s]
[Origin 1/13] 🎲 Drawing Posterior Samples:  75%|███████▌  | 1113/1484 [01:33<01:07,  5.53step/s]
[Origin 1/13] 🎲 Drawing Posterior Samples:  75%|███████▌  | 1114/1484 [01:51<34:10,  5.54s/step]
[Origin 1/13] 🎲 Drawing Posterior Samples:  75%|███████▌  | 1117/1484 [01:51<14:57,  2.45s/step]
[Origin 1/13] 🎲 Drawing Posterior Samples:  76%|███████▌  | 1121/1484 [01:51<07:13,  1.19s/step]
[Origin 1/13] 🎲 Drawing Posterior Samples:  76%|███████▌  | 1126/1484 [01:51<03:46,  1.58step/s]
[Origin 1/13] 🎲 Drawing Posterior Samples:  76%|███████▌  | 1130/1484 [01:51<02:28,  2.39step/s]
[Origin 1/13] 🎲 Drawing Posterior Samples:  76%|███████▋  | 1135/1484 [01:51<01:32,  3.76step/s]
[Origin 1/13] 🎲 Drawing Posterior Samples:  77%|███████▋  | 1139/1484 [01:51<01:06,  5.16step/s]
[Origin 1/13] 🎲 Drawing Posterior Samples:  77%|███████▋  | 1143/1484 [01:51<00:48,  7.00step/s]
[Origin 1/13] 🎲 Drawing Posterior Samples:  77%|███████▋  | 1147/1484 [01:52<00:36,  9.30step/s]
[Origin 1/13] 🎲 Drawing Posterior Samples:  78%|███████▊  | 1152/1484 [01:52<00:26, 12.74step/s]
[Origin 1/13] 🎲 Drawing Posterior Samples:  78%|███████▊  | 1156/1484 [01:52<00:20, 15.70step/s]
[Origin 1/13] 🎲 Drawing Posterior Samples:  78%|███████▊  | 1160/1484 [01:52<00:17, 18.63step/s]
[Origin 1/13] 🎲 Drawing Posterior Samples:  78%|███████▊  | 1164/1484 [01:52<00:14, 21.39step/s]
[Origin 1/13] 🎲 Drawing Posterior Samples:  79%|███████▊  | 1168/1484 [01:52<00:12, 24.53step/s]
[Origin 1/13] 🎲 Drawing Posterior Samples:  79%|███████▉  | 1172/1484 [01:52<00:11, 27.37step/s]
[Origin 1/13] 🎲 Drawing Posterior Samples:  79%|███████▉  | 1176/1484 [01:52<00:10, 29.80step/s]
[Origin 1/13] 🎲 Drawing Posterior Samples:  80%|███████▉  | 1180/1484 [01:52<00:09, 31.93step/s]
[Origin 1/13] 🎲 Drawing Posterior Samples:  80%|███████▉  | 1186/1484 [01:53<00:07, 37.60step/s]
[Origin 1/13] 🎲 Drawing Posterior Samples:  80%|████████  | 1192/1484 [01:53<00:07, 39.76step/s]
[Origin 1/13] 🎲 Drawing Posterior Samples:  81%|████████  | 1197/1484 [01:53<00:07, 39.97step/s]
[Origin 1/13] 🎲 Drawing Posterior Samples:  81%|████████  | 1203/1484 [01:53<00:06, 43.36step/s]
[Origin 1/13] 🎲 Drawing Posterior Samples:  81%|████████▏ | 1208/1484 [01:53<00:07, 38.39step/s]
[Origin 1/13] 🎲 Drawing Posterior Samples:  82%|████████▏ | 1213/1484 [01:53<00:06, 38.75step/s]
[Origin 1/13] 🎲 Drawing Posterior Samples:  82%|████████▏ | 1218/1484 [01:53<00:06, 41.35step/s]
[Origin 1/13] 🎲 Drawing Posterior Samples:  82%|████████▏ | 1223/1484 [01:53<00:06, 42.05step/s]
[Origin 1/13] 🎲 Drawing Posterior Samples:  83%|████████▎ | 1228/1484 [01:54<00:05, 43.35step/s]
[Origin 1/13] 🎲 Drawing Posterior Samples:  83%|████████▎ | 1233/1484 [01:54<00:05, 43.81step/s]
[Origin 1/13] 🎲 Drawing Posterior Samples:  83%|████████▎ | 1238/1484 [01:54<00:06, 40.87step/s]
[Origin 1/13] 🎲 Drawing Posterior Samples:  84%|████████▍ | 1243/1484 [01:54<00:05, 40.61step/s]
[Origin 1/13] 🎲 Drawing Posterior Samples:  84%|████████▍ | 1248/1484 [01:54<00:05, 40.28step/s]
[Origin 1/13] 🎲 Drawing Posterior Samples:  84%|████████▍ | 1253/1484 [01:54<00:05, 40.37step/s]
[Origin 1/13] 🎲 Drawing Posterior Samples:  85%|████████▍ | 1258/1484 [01:54<00:05, 40.13step/s]
[Origin 1/13] 🎲 Drawing Posterior Samples:  85%|████████▌ | 1264/1484 [01:54<00:05, 41.68step/s]
[Origin 1/13] 🎲 Drawing Posterior Samples:  86%|████████▌ | 1269/1484 [01:55<00:04, 43.02step/s]
[Origin 1/13] 🎲 Drawing Posterior Samples:  86%|████████▌ | 1274/1484 [01:55<00:04, 44.15step/s]
[Origin 1/13] 🎲 Drawing Posterior Samples:  86%|████████▌ | 1279/1484 [01:55<00:05, 40.60step/s]
[Origin 1/13] 🎲 Drawing Posterior Samples:  87%|████████▋ | 1284/1484 [01:55<00:04, 40.54step/s]
[Origin 1/13] 🎲 Drawing Posterior Samples:  87%|████████▋ | 1289/1484 [01:55<00:04, 40.39step/s]
[Origin 1/13] 🎲 Drawing Posterior Samples:  87%|████████▋ | 1294/1484 [01:55<00:04, 40.44step/s]
[Origin 1/13] 🎲 Drawing Posterior Samples:  88%|████████▊ | 1299/1484 [01:55<00:04, 40.34step/s]
[Origin 1/13] 🎲 Drawing Posterior Samples:  88%|████████▊ | 1305/1484 [01:55<00:04, 43.57step/s]
[Origin 1/13] 🎲 Drawing Posterior Samples:  88%|████████▊ | 1311/1484 [01:56<00:03, 45.97step/s]
[Origin 1/13] 🎲 Drawing Posterior Samples:  89%|████████▊ | 1316/1484 [01:56<00:03, 43.20step/s]
[Origin 1/13] 🎲 Drawing Posterior Samples:  89%|████████▉ | 1321/1484 [01:56<00:03, 42.38step/s]
[Origin 1/13] 🎲 Drawing Posterior Samples:  89%|████████▉ | 1326/1484 [01:56<00:03, 39.91step/s]
[Origin 1/13] 🎲 Drawing Posterior Samples:  90%|████████▉ | 1332/1484 [01:56<00:03, 43.15step/s]
[Origin 1/13] 🎲 Drawing Posterior Samples:  90%|█████████ | 1337/1484 [01:56<00:03, 42.10step/s]
[Origin 1/13] 🎲 Drawing Posterior Samples:  90%|█████████ | 1342/1484 [01:56<00:03, 41.30step/s]
[Origin 1/13] 🎲 Drawing Posterior Samples:  91%|█████████ | 1348/1484 [01:56<00:03, 44.34step/s]
[Origin 1/13] 🎲 Drawing Posterior Samples:  91%|█████████ | 1354/1484 [01:57<00:02, 46.48step/s]
[Origin 1/13] 🎲 Drawing Posterior Samples:  92%|█████████▏| 1359/1484 [01:57<00:02, 43.83step/s]
[Origin 1/13] 🎲 Drawing Posterior Samples:  92%|█████████▏| 1364/1484 [01:57<00:02, 43.32step/s]
[Origin 1/13] 🎲 Drawing Posterior Samples:  92%|█████████▏| 1369/1484 [01:57<00:02, 40.05step/s]
[Origin 1/13] 🎲 Drawing Posterior Samples:  93%|█████████▎| 1375/1484 [01:57<00:02, 43.40step/s]
[Origin 1/13] 🎲 Drawing Posterior Samples:  93%|█████████▎| 1380/1484 [01:57<00:02, 42.39step/s]
[Origin 1/13] 🎲 Drawing Posterior Samples:  93%|█████████▎| 1385/1484 [01:57<00:02, 41.53step/s]
[Origin 1/13] 🎲 Drawing Posterior Samples:  94%|█████████▎| 1391/1484 [01:57<00:02, 44.49step/s]
[Origin 1/13] 🎲 Drawing Posterior Samples:  94%|█████████▍| 1397/1484 [01:58<00:01, 46.53step/s]
[Origin 1/13] 🎲 Drawing Posterior Samples:  94%|█████████▍| 1402/1484 [01:58<00:01, 45.36step/s]
[Origin 1/13] 🎲 Drawing Posterior Samples:  95%|█████████▍| 1407/1484 [01:58<00:01, 43.23step/s]
[Origin 1/13] 🎲 Drawing Posterior Samples:  95%|█████████▌| 1412/1484 [01:58<00:01, 42.31step/s]
[Origin 1/13] 🎲 Drawing Posterior Samples:  95%|█████████▌| 1417/1484 [01:58<00:01, 38.98step/s]
[Origin 1/13] 🎲 Drawing Posterior Samples:  96%|█████████▌| 1423/1484 [01:58<00:01, 42.58step/s]
[Origin 1/13] 🎲 Drawing Posterior Samples:  96%|█████████▌| 1428/1484 [01:58<00:01, 41.65step/s]
[Origin 1/13] 🎲 Drawing Posterior Samples:  97%|█████████▋| 1434/1484 [01:58<00:01, 44.51step/s]
[Origin 1/13] 🎲 Drawing Posterior Samples:  97%|█████████▋| 1440/1484 [01:59<00:00, 46.58step/s]
[Origin 1/13] 🎲 Drawing Posterior Samples:  97%|█████████▋| 1445/1484 [01:59<00:00, 45.45step/s]
[Origin 1/13] 🎲 Drawing Posterior Samples:  98%|█████████▊| 1450/1484 [01:59<00:01, 28.50step/s]
[Origin 1/13] 🎲 Drawing Posterior Samples:  98%|█████████▊| 1454/1484 [02:00<00:01, 16.08step/s]
[Origin 1/13] 🎲 Drawing Posterior Samples:  98%|█████████▊| 1457/1484 [02:00<00:02, 12.05step/s]
[Origin 1/13] 🎲 Drawing Posterior Samples:  98%|█████████▊| 1460/1484 [02:01<00:02,  9.47step/s]
[Origin 1/13] 🎲 Drawing Posterior Samples:  99%|█████████▊| 1462/1484 [02:01<00:02,  8.16step/s]
[Origin 1/13] 🎲 Drawing Posterior Samples:  99%|█████████▊| 1464/1484 [02:01<00:02,  7.38step/s]
[Origin 1/13] 🎲 Drawing Posterior Samples:  99%|█████████▉| 1466/1484 [02:02<00:02,  6.22step/s]
[Origin 1/13] 🎲 Drawing Posterior Samples:  99%|█████████▉| 1467/1484 [02:02<00:02,  6.11step/s]
[Origin 1/13] 🎲 Drawing Posterior Samples:  99%|█████████▉| 1468/1484 [02:02<00:02,  5.93step/s]
[Origin 1/13] 🎲 Drawing Posterior Samples:  99%|█████████▉| 1469/1484 [02:02<00:02,  5.67step/s]
[Origin 1/13] 🎲 Drawing Posterior Samples:  99%|█████████▉| 1470/1484 [02:03<00:02,  5.62step/s]
[Origin 1/13] 🎲 Drawing Posterior Samples:  99%|█████████▉| 1471/1484 [02:03<00:02,  5.68step/s]
[Origin 1/13] 🎲 Drawing Posterior Samples:  99%|█████████▉| 1472/1484 [02:03<00:02,  5.76step/s]
[Origin 1/13] 🎲 Drawing Posterior Samples:  99%|█████████▉| 1473/1484 [02:03<00:01,  5.72step/s]
[Origin 1/13] 🎲 Drawing Posterior Samples:  99%|█████████▉| 1474/1484 [02:03<00:01,  5.77step/s]
[Origin 1/13] 🎲 Drawing Posterior Samples:  99%|█████████▉| 1475/1484 [02:04<00:01,  5.64step/s]
[Origin 1/13] 🎲 Drawing Posterior Samples:  99%|█████████▉| 1476/1484 [02:04<00:01,  5.57step/s]
[Origin 1/13] 🎲 Drawing Posterior Samples: 100%|█████████▉| 1477/1484 [02:04<00:01,  5.31step/s]
[Origin 1/13] 🎲 Drawing Posterior Samples: 100%|█████████▉| 1478/1484 [02:04<00:01,  4.82step/s]
[Origin 1/13] 🎲 Drawing Posterior Samples: 100%|█████████▉| 1479/1484 [02:04<00:00,  5.22step/s]
[Origin 1/13] 🎲 Drawing Posterior Samples: 100%|█████████▉| 1480/1484 [02:05<00:00,  5.18step/s]
[Origin 1/13] 🎲 Drawing Posterior Samples: 100%|█████████▉| 1481/1484 [02:05<00:00,  5.35step/s]
[Origin 1/13] 🎲 Drawing Posterior Samples: 100%|█████████▉| 1482/1484 [02:05<00:00,  5.45step/s]
[Origin 1/13] 🎲 Drawing Posterior Samples: 100%|█████████▉| 1483/1484 [02:05<00:00,  5.14step/s]
[Origin 1/13] 🎲 Drawing Posterior Samples: 100%|██████████| 1484/1484 [02:05<00:00,  5.04step/s]
                                                                                                 

[Origin 2/13] 🎲 Drawing Posterior Samples:   0%|          | 0/1488 [00:00<?, ?step/s]
[Origin 2/13] 🎲 Drawing Posterior Samples:   1%|          | 10/1488 [00:00<00:16, 89.17step/s]
[Origin 2/13] 🎲 Drawing Posterior Samples:   1%|▏         | 19/1488 [00:00<00:22, 64.37step/s]
[Origin 2/13] 🎲 Drawing Posterior Samples:   2%|▏         | 26/1488 [00:00<00:23, 60.93step/s]
[Origin 2/13] 🎲 Drawing Posterior Samples:   2%|▏         | 33/1488 [00:00<00:24, 60.41step/s]
[Origin 2/13] 🎲 Drawing Posterior Samples:   3%|▎         | 40/1488 [00:00<00:30, 47.88step/s]
[Origin 2/13] 🎲 Drawing Posterior Samples:   3%|▎         | 46/1488 [00:00<00:35, 40.65step/s]
[Origin 2/13] 🎲 Drawing Posterior Samples:   3%|▎         | 51/1488 [00:01<00:37, 38.11step/s]
[Origin 2/13] 🎲 Drawing Posterior Samples:   4%|▍         | 56/1488 [00:01<00:41, 34.91step/s]
[Origin 2/13] 🎲 Drawing Posterior Samples:   4%|▍         | 60/1488 [00:01<00:44, 31.96step/s]
[Origin 2/13] 🎲 Drawing Posterior Samples:   4%|▍         | 64/1488 [00:01<00:43, 32.68step/s]
[Origin 2/13] 🎲 Drawing Posterior Samples:   5%|▍         | 68/1488 [00:01<00:41, 34.05step/s]
[Origin 2/13] 🎲 Drawing Posterior Samples:   5%|▍         | 74/1488 [00:01<00:36, 38.81step/s]
[Origin 2/13] 🎲 Drawing Posterior Samples:   5%|▌         | 79/1488 [00:01<00:38, 36.61step/s]
[Origin 2/13] 🎲 Drawing Posterior Samples:   6%|▌         | 83/1488 [00:02<00:38, 36.70step/s]
[Origin 2/13] 🎲 Drawing Posterior Samples:   6%|▌         | 87/1488 [00:02<00:38, 36.28step/s]
[Origin 2/13] 🎲 Drawing Posterior Samples:   6%|▌         | 91/1488 [00:02<00:39, 35.05step/s]
[Origin 2/13] 🎲 Drawing Posterior Samples:   6%|▋         | 95/1488 [00:02<00:41, 33.48step/s]
[Origin 2/13] 🎲 Drawing Posterior Samples:   7%|▋         | 99/1488 [00:02<00:44, 31.06step/s]
[Origin 2/13] 🎲 Drawing Posterior Samples:   7%|▋         | 103/1488 [00:02<00:46, 29.65step/s]
[Origin 2/13] 🎲 Drawing Posterior Samples:   7%|▋         | 107/1488 [00:02<00:44, 31.13step/s]
[Origin 2/13] 🎲 Drawing Posterior Samples:   7%|▋         | 111/1488 [00:02<00:43, 31.33step/s]
[Origin 2/13] 🎲 Drawing Posterior Samples:   8%|▊         | 115/1488 [00:03<00:41, 33.01step/s]
[Origin 2/13] 🎲 Drawing Posterior Samples:   8%|▊         | 119/1488 [00:03<00:44, 30.63step/s]
[Origin 2/13] 🎲 Drawing Posterior Samples:   8%|▊         | 123/1488 [00:03<00:49, 27.73step/s]
[Origin 2/13] 🎲 Drawing Posterior Samples:   8%|▊         | 126/1488 [00:03<00:48, 28.12step/s]
[Origin 2/13] 🎲 Drawing Posterior Samples:   9%|▊         | 129/1488 [00:03<00:51, 26.56step/s]
[Origin 2/13] 🎲 Drawing Posterior Samples:   9%|▉         | 132/1488 [00:03<00:50, 26.61step/s]
[Origin 2/13] 🎲 Drawing Posterior Samples:   9%|▉         | 135/1488 [00:03<00:54, 24.83step/s]
[Origin 2/13] 🎲 Drawing Posterior Samples:   9%|▉         | 140/1488 [00:03<00:46, 29.05step/s]
[Origin 2/13] 🎲 Drawing Posterior Samples:  10%|▉         | 145/1488 [00:04<00:43, 30.61step/s]
[Origin 2/13] 🎲 Drawing Posterior Samples:  10%|█         | 149/1488 [00:04<00:45, 29.68step/s]
[Origin 2/13] 🎲 Drawing Posterior Samples:  10%|█         | 153/1488 [00:04<00:42, 31.18step/s]
[Origin 2/13] 🎲 Drawing Posterior Samples:  11%|█         | 157/1488 [00:04<00:48, 27.32step/s]
[Origin 2/13] 🎲 Drawing Posterior Samples:  11%|█         | 160/1488 [00:04<00:47, 27.86step/s]
[Origin 2/13] 🎲 Drawing Posterior Samples:  11%|█         | 164/1488 [00:04<00:44, 29.81step/s]
[Origin 2/13] 🎲 Drawing Posterior Samples:  11%|█▏        | 168/1488 [00:04<00:42, 30.78step/s]
[Origin 2/13] 🎲 Drawing Posterior Samples:  12%|█▏        | 172/1488 [00:05<00:39, 32.90step/s]
[Origin 2/13] 🎲 Drawing Posterior Samples:  12%|█▏        | 176/1488 [00:05<00:38, 34.27step/s]
[Origin 2/13] 🎲 Drawing Posterior Samples:  12%|█▏        | 180/1488 [00:05<00:40, 32.34step/s]
[Origin 2/13] 🎲 Drawing Posterior Samples:  12%|█▏        | 184/1488 [00:05<00:38, 33.98step/s]
[Origin 2/13] 🎲 Drawing Posterior Samples:  13%|█▎        | 188/1488 [00:05<00:42, 30.84step/s]
[Origin 2/13] 🎲 Drawing Posterior Samples:  13%|█▎        | 192/1488 [00:05<00:46, 28.17step/s]
[Origin 2/13] 🎲 Drawing Posterior Samples:  13%|█▎        | 197/1488 [00:05<00:41, 31.44step/s]
[Origin 2/13] 🎲 Drawing Posterior Samples:  14%|█▎        | 201/1488 [00:05<00:44, 28.78step/s]
[Origin 2/13] 🎲 Drawing Posterior Samples:  14%|█▍        | 205/1488 [00:06<00:41, 30.90step/s]
[Origin 2/13] 🎲 Drawing Posterior Samples:  14%|█▍        | 209/1488 [00:06<00:45, 28.21step/s]
[Origin 2/13] 🎲 Drawing Posterior Samples:  14%|█▍        | 213/1488 [00:06<00:42, 29.78step/s]
[Origin 2/13] 🎲 Drawing Posterior Samples:  15%|█▍        | 217/1488 [00:06<00:45, 28.11step/s]
[Origin 2/13] 🎲 Drawing Posterior Samples:  15%|█▍        | 220/1488 [00:06<00:49, 25.67step/s]
[Origin 2/13] 🎲 Drawing Posterior Samples:  15%|█▌        | 224/1488 [00:06<00:47, 26.59step/s]
[Origin 2/13] 🎲 Drawing Posterior Samples:  15%|█▌        | 228/1488 [00:06<00:43, 29.20step/s]
[Origin 2/13] 🎲 Drawing Posterior Samples:  16%|█▌        | 232/1488 [00:07<00:42, 29.51step/s]
[Origin 2/13] 🎲 Drawing Posterior Samples:  16%|█▌        | 236/1488 [00:07<00:39, 31.78step/s]
[Origin 2/13] 🎲 Drawing Posterior Samples:  16%|█▌        | 240/1488 [00:07<00:39, 31.49step/s]
[Origin 2/13] 🎲 Drawing Posterior Samples:  16%|█▋        | 244/1488 [00:07<00:38, 32.27step/s]
[Origin 2/13] 🎲 Drawing Posterior Samples:  17%|█▋        | 248/1488 [00:07<00:44, 28.10step/s]
[Origin 2/13] 🎲 Drawing Posterior Samples:  17%|█▋        | 251/1488 [00:07<00:43, 28.45step/s]
[Origin 2/13] 🎲 Drawing Posterior Samples:  17%|█▋        | 254/1488 [00:07<00:45, 27.26step/s]
[Origin 2/13] 🎲 Drawing Posterior Samples:  17%|█▋        | 258/1488 [00:07<00:40, 30.05step/s]
[Origin 2/13] 🎲 Drawing Posterior Samples:  18%|█▊        | 262/1488 [00:08<00:42, 28.89step/s]
[Origin 2/13] 🎲 Drawing Posterior Samples:  18%|█▊        | 265/1488 [00:08<00:42, 28.73step/s]
[Origin 2/13] 🎲 Drawing Posterior Samples:  18%|█▊        | 268/1488 [00:08<00:42, 28.56step/s]
[Origin 2/13] 🎲 Drawing Posterior Samples:  18%|█▊        | 272/1488 [00:08<00:39, 30.83step/s]
[Origin 2/13] 🎲 Drawing Posterior Samples:  19%|█▊        | 276/1488 [00:08<00:44, 27.20step/s]
[Origin 2/13] 🎲 Drawing Posterior Samples:  19%|█▉        | 279/1488 [00:08<00:45, 26.58step/s]
[Origin 2/13] 🎲 Drawing Posterior Samples:  19%|█▉        | 282/1488 [00:08<00:46, 25.97step/s]
[Origin 2/13] 🎲 Drawing Posterior Samples:  19%|█▉        | 287/1488 [00:08<00:40, 30.00step/s]
[Origin 2/13] 🎲 Drawing Posterior Samples:  20%|█▉        | 291/1488 [00:09<00:37, 32.03step/s]
[Origin 2/13] 🎲 Drawing Posterior Samples:  20%|█▉        | 295/1488 [00:09<00:37, 31.68step/s]
[Origin 2/13] 🎲 Drawing Posterior Samples:  20%|██        | 299/1488 [00:09<00:40, 29.24step/s]
[Origin 2/13] 🎲 Drawing Posterior Samples:  20%|██        | 303/1488 [00:09<00:39, 30.26step/s]
[Origin 2/13] 🎲 Drawing Posterior Samples:  21%|██        | 307/1488 [00:09<00:40, 29.40step/s]
[Origin 2/13] 🎲 Drawing Posterior Samples:  21%|██        | 310/1488 [00:09<00:41, 28.34step/s]
[Origin 2/13] 🎲 Drawing Posterior Samples:  21%|██        | 313/1488 [00:09<00:43, 26.73step/s]
[Origin 2/13] 🎲 Drawing Posterior Samples:  21%|██        | 316/1488 [00:10<00:48, 24.38step/s]
[Origin 2/13] 🎲 Drawing Posterior Samples:  21%|██▏       | 319/1488 [00:10<00:51, 22.86step/s]
[Origin 2/13] 🎲 Drawing Posterior Samples:  22%|██▏       | 322/1488 [00:10<00:50, 23.26step/s]
[Origin 2/13] 🎲 Drawing Posterior Samples:  22%|██▏       | 326/1488 [00:10<00:43, 26.73step/s]
[Origin 2/13] 🎲 Drawing Posterior Samples:  22%|██▏       | 330/1488 [00:10<00:39, 29.46step/s]
[Origin 2/13] 🎲 Drawing Posterior Samples:  22%|██▏       | 334/1488 [00:10<00:43, 26.25step/s]
[Origin 2/13] 🎲 Drawing Posterior Samples:  23%|██▎       | 337/1488 [00:11<01:07, 17.00step/s]
[Origin 2/13] 🎲 Drawing Posterior Samples:  23%|██▎       | 340/1488 [00:11<01:57,  9.78step/s]
[Origin 2/13] 🎲 Drawing Posterior Samples:  23%|██▎       | 342/1488 [00:12<02:16,  8.42step/s]
[Origin 2/13] 🎲 Drawing Posterior Samples:  23%|██▎       | 344/1488 [00:12<02:33,  7.44step/s]
[Origin 2/13] 🎲 Drawing Posterior Samples:  23%|██▎       | 346/1488 [00:12<02:55,  6.50step/s]
[Origin 2/13] 🎲 Drawing Posterior Samples:  23%|██▎       | 347/1488 [00:13<02:57,  6.43step/s]
[Origin 2/13] 🎲 Drawing Posterior Samples:  23%|██▎       | 348/1488 [00:13<03:02,  6.25step/s]
[Origin 2/13] 🎲 Drawing Posterior Samples:  23%|██▎       | 349/1488 [00:13<03:16,  5.80step/s]
[Origin 2/13] 🎲 Drawing Posterior Samples:  24%|██▎       | 350/1488 [00:13<03:26,  5.52step/s]
[Origin 2/13] 🎲 Drawing Posterior Samples:  24%|██▎       | 351/1488 [00:13<03:28,  5.46step/s]
[Origin 2/13] 🎲 Drawing Posterior Samples:  24%|██▎       | 352/1488 [00:14<03:29,  5.42step/s]
[Origin 2/13] 🎲 Drawing Posterior Samples:  24%|██▎       | 353/1488 [00:14<03:42,  5.10step/s]
[Origin 2/13] 🎲 Drawing Posterior Samples:  24%|██▍       | 354/1488 [00:14<03:35,  5.27step/s]
[Origin 2/13] 🎲 Drawing Posterior Samples:  24%|██▍       | 355/1488 [00:14<03:33,  5.31step/s]
[Origin 2/13] 🎲 Drawing Posterior Samples:  24%|██▍       | 356/1488 [00:14<03:29,  5.40step/s]
[Origin 2/13] 🎲 Drawing Posterior Samples:  24%|██▍       | 357/1488 [00:15<03:32,  5.33step/s]
[Origin 2/13] 🎲 Drawing Posterior Samples:  24%|██▍       | 358/1488 [00:15<03:41,  5.10step/s]
[Origin 2/13] 🎲 Drawing Posterior Samples:  24%|██▍       | 359/1488 [00:15<03:30,  5.37step/s]
[Origin 2/13] 🎲 Drawing Posterior Samples:  24%|██▍       | 360/1488 [00:15<03:27,  5.43step/s]
[Origin 2/13] 🎲 Drawing Posterior Samples:  24%|██▍       | 361/1488 [00:15<03:35,  5.22step/s]
[Origin 2/13] 🎲 Drawing Posterior Samples:  24%|██▍       | 362/1488 [00:15<03:36,  5.19step/s]
[Origin 2/13] 🎲 Drawing Posterior Samples:  24%|██▍       | 363/1488 [00:16<03:36,  5.19step/s]
[Origin 2/13] 🎲 Drawing Posterior Samples:  24%|██▍       | 364/1488 [00:16<03:28,  5.40step/s]
[Origin 2/13] 🎲 Drawing Posterior Samples:  25%|██▍       | 365/1488 [00:16<03:46,  4.97step/s]
[Origin 2/13] 🎲 Drawing Posterior Samples:  25%|██▍       | 366/1488 [00:16<04:13,  4.42step/s]
[Origin 2/13] 🎲 Drawing Posterior Samples:  25%|██▍       | 367/1488 [00:17<04:08,  4.50step/s]
[Origin 2/13] 🎲 Drawing Posterior Samples:  25%|██▍       | 368/1488 [00:17<04:42,  3.96step/s]
[Origin 2/13] 🎲 Drawing Posterior Samples:  25%|██▍       | 369/1488 [00:17<04:12,  4.43step/s]
[Origin 2/13] 🎲 Drawing Posterior Samples:  25%|██▍       | 370/1488 [00:17<04:18,  4.32step/s]
[Origin 2/13] 🎲 Drawing Posterior Samples:  25%|██▍       | 371/1488 [00:17<04:09,  4.48step/s]
[Origin 2/13] 🎲 Drawing Posterior Samples:  25%|██▌       | 372/1488 [00:18<04:18,  4.32step/s]
[Origin 2/13] 🎲 Drawing Posterior Samples:  25%|██▌       | 373/1488 [00:38<1:57:28,  6.32s/step]
[Origin 2/13] 🎲 Drawing Posterior Samples:  25%|██▌       | 378/1488 [00:38<37:29,  2.03s/step]  
[Origin 2/13] 🎲 Drawing Posterior Samples:  26%|██▌       | 382/1488 [00:38<21:12,  1.15s/step]
[Origin 2/13] 🎲 Drawing Posterior Samples:  26%|██▌       | 388/1488 [00:39<11:03,  1.66step/s]
[Origin 2/13] 🎲 Drawing Posterior Samples:  26%|██▋       | 394/1488 [00:39<06:38,  2.75step/s]
[Origin 2/13] 🎲 Drawing Posterior Samples:  27%|██▋       | 399/1488 [00:39<04:34,  3.96step/s]
[Origin 2/13] 🎲 Drawing Posterior Samples:  27%|██▋       | 404/1488 [00:39<03:13,  5.59step/s]
[Origin 2/13] 🎲 Drawing Posterior Samples:  27%|██▋       | 409/1488 [00:39<02:19,  7.73step/s]
[Origin 2/13] 🎲 Drawing Posterior Samples:  28%|██▊       | 414/1488 [00:39<01:44, 10.31step/s]
[Origin 2/13] 🎲 Drawing Posterior Samples:  28%|██▊       | 420/1488 [00:39<01:14, 14.30step/s]
[Origin 2/13] 🎲 Drawing Posterior Samples:  29%|██▊       | 425/1488 [00:39<00:59, 17.79step/s]
[Origin 2/13] 🎲 Drawing Posterior Samples:  29%|██▉       | 431/1488 [00:40<00:46, 22.77step/s]
[Origin 2/13] 🎲 Drawing Posterior Samples:  29%|██▉       | 436/1488 [00:40<00:40, 26.08step/s]
[Origin 2/13] 🎲 Drawing Posterior Samples:  30%|██▉       | 442/1488 [00:40<00:33, 30.92step/s]
[Origin 2/13] 🎲 Drawing Posterior Samples:  30%|███       | 447/1488 [00:40<00:32, 32.11step/s]
[Origin 2/13] 🎲 Drawing Posterior Samples:  30%|███       | 453/1488 [00:40<00:28, 36.78step/s]
[Origin 2/13] 🎲 Drawing Posterior Samples:  31%|███       | 459/1488 [00:40<00:25, 40.55step/s]
[Origin 2/13] 🎲 Drawing Posterior Samples:  31%|███       | 464/1488 [00:40<00:24, 41.01step/s]
[Origin 2/13] 🎲 Drawing Posterior Samples:  32%|███▏      | 469/1488 [00:40<00:27, 36.84step/s]
[Origin 2/13] 🎲 Drawing Posterior Samples:  32%|███▏      | 475/1488 [00:41<00:25, 40.00step/s]
[Origin 2/13] 🎲 Drawing Posterior Samples:  32%|███▏      | 480/1488 [00:41<00:24, 41.07step/s]
[Origin 2/13] 🎲 Drawing Posterior Samples:  33%|███▎      | 485/1488 [00:41<00:24, 41.48step/s]
[Origin 2/13] 🎲 Drawing Posterior Samples:  33%|███▎      | 491/1488 [00:41<00:22, 44.45step/s]
[Origin 2/13] 🎲 Drawing Posterior Samples:  33%|███▎      | 496/1488 [00:41<00:22, 43.94step/s]
[Origin 2/13] 🎲 Drawing Posterior Samples:  34%|███▎      | 501/1488 [00:41<00:21, 45.49step/s]
[Origin 2/13] 🎲 Drawing Posterior Samples:  34%|███▍      | 506/1488 [00:41<00:21, 45.01step/s]
[Origin 2/13] 🎲 Drawing Posterior Samples:  34%|███▍      | 512/1488 [00:41<00:20, 46.49step/s]
[Origin 2/13] 🎲 Drawing Posterior Samples:  35%|███▍      | 517/1488 [00:41<00:20, 46.27step/s]
[Origin 2/13] 🎲 Drawing Posterior Samples:  35%|███▌      | 523/1488 [00:42<00:20, 48.01step/s]
[Origin 2/13] 🎲 Drawing Posterior Samples:  35%|███▌      | 528/1488 [00:42<00:20, 46.80step/s]
[Origin 2/13] 🎲 Drawing Posterior Samples:  36%|███▌      | 534/1488 [00:42<00:20, 46.81step/s]
[Origin 2/13] 🎲 Drawing Posterior Samples:  36%|███▌      | 539/1488 [00:42<00:20, 47.26step/s]
[Origin 2/13] 🎲 Drawing Posterior Samples:  37%|███▋      | 544/1488 [00:42<00:20, 45.80step/s]
[Origin 2/13] 🎲 Drawing Posterior Samples:  37%|███▋      | 550/1488 [00:42<00:19, 47.66step/s]
[Origin 2/13] 🎲 Drawing Posterior Samples:  37%|███▋      | 555/1488 [00:42<00:20, 45.71step/s]
[Origin 2/13] 🎲 Drawing Posterior Samples:  38%|███▊      | 561/1488 [00:42<00:19, 47.64step/s]
[Origin 2/13] 🎲 Drawing Posterior Samples:  38%|███▊      | 566/1488 [00:42<00:19, 46.27step/s]
[Origin 2/13] 🎲 Drawing Posterior Samples:  38%|███▊      | 571/1488 [00:43<00:20, 45.35step/s]
[Origin 2/13] 🎲 Drawing Posterior Samples:  39%|███▉      | 577/1488 [00:43<00:19, 47.53step/s]
[Origin 2/13] 🎲 Drawing Posterior Samples:  39%|███▉      | 582/1488 [00:43<00:19, 46.20step/s]
[Origin 2/13] 🎲 Drawing Posterior Samples:  40%|███▉      | 588/1488 [00:43<00:18, 48.10step/s]
[Origin 2/13] 🎲 Drawing Posterior Samples:  40%|███▉      | 593/1488 [00:43<00:19, 46.29step/s]
[Origin 2/13] 🎲 Drawing Posterior Samples:  40%|████      | 598/1488 [00:43<00:19, 45.09step/s]
[Origin 2/13] 🎲 Drawing Posterior Samples:  41%|████      | 604/1488 [00:43<00:18, 47.32step/s]
[Origin 2/13] 🎲 Drawing Posterior Samples:  41%|████      | 609/1488 [00:43<00:18, 47.87step/s]
[Origin 2/13] 🎲 Drawing Posterior Samples:  41%|████▏     | 614/1488 [00:44<00:18, 46.91step/s]
[Origin 2/13] 🎲 Drawing Posterior Samples:  42%|████▏     | 619/1488 [00:44<00:18, 46.79step/s]
[Origin 2/13] 🎲 Drawing Posterior Samples:  42%|████▏     | 624/1488 [00:44<00:18, 47.06step/s]
[Origin 2/13] 🎲 Drawing Posterior Samples:  42%|████▏     | 629/1488 [00:44<00:18, 45.82step/s]
[Origin 2/13] 🎲 Drawing Posterior Samples:  43%|████▎     | 635/1488 [00:44<00:17, 47.83step/s]
[Origin 2/13] 🎲 Drawing Posterior Samples:  43%|████▎     | 640/1488 [00:44<00:18, 46.14step/s]
[Origin 2/13] 🎲 Drawing Posterior Samples:  43%|████▎     | 646/1488 [00:44<00:17, 48.03step/s]
[Origin 2/13] 🎲 Drawing Posterior Samples:  44%|████▍     | 651/1488 [00:44<00:18, 46.28step/s]
[Origin 2/13] 🎲 Drawing Posterior Samples:  44%|████▍     | 656/1488 [00:44<00:18, 45.05step/s]
[Origin 2/13] 🎲 Drawing Posterior Samples:  44%|████▍     | 662/1488 [00:45<00:17, 47.18step/s]
[Origin 2/13] 🎲 Drawing Posterior Samples:  45%|████▍     | 667/1488 [00:45<00:18, 45.59step/s]
[Origin 2/13] 🎲 Drawing Posterior Samples:  45%|████▌     | 673/1488 [00:45<00:17, 47.52step/s]
[Origin 2/13] 🎲 Drawing Posterior Samples:  46%|████▌     | 678/1488 [00:45<00:17, 46.02step/s]
[Origin 2/13] 🎲 Drawing Posterior Samples:  46%|████▌     | 683/1488 [00:45<00:17, 45.10step/s]
[Origin 2/13] 🎲 Drawing Posterior Samples:  46%|████▋     | 689/1488 [00:45<00:16, 47.21step/s]
[Origin 2/13] 🎲 Drawing Posterior Samples:  47%|████▋     | 694/1488 [00:45<00:16, 47.23step/s]
[Origin 2/13] 🎲 Drawing Posterior Samples:  47%|████▋     | 699/1488 [00:45<00:16, 47.24step/s]
[Origin 2/13] 🎲 Drawing Posterior Samples:  47%|████▋     | 704/1488 [00:45<00:16, 46.15step/s]
[Origin 2/13] 🎲 Drawing Posterior Samples:  48%|████▊     | 709/1488 [00:46<00:23, 33.31step/s]
[Origin 2/13] 🎲 Drawing Posterior Samples:  48%|████▊     | 713/1488 [00:46<00:42, 18.14step/s]
[Origin 2/13] 🎲 Drawing Posterior Samples:  48%|████▊     | 716/1488 [00:47<00:58, 13.22step/s]
[Origin 2/13] 🎲 Drawing Posterior Samples:  48%|████▊     | 719/1488 [00:47<01:16, 10.03step/s]
[Origin 2/13] 🎲 Drawing Posterior Samples:  48%|████▊     | 721/1488 [00:48<01:24,  9.10step/s]
[Origin 2/13] 🎲 Drawing Posterior Samples:  49%|████▊     | 723/1488 [00:48<01:33,  8.19step/s]
[Origin 2/13] 🎲 Drawing Posterior Samples:  49%|████▊     | 725/1488 [00:48<01:43,  7.40step/s]
[Origin 2/13] 🎲 Drawing Posterior Samples:  49%|████▉     | 726/1488 [00:48<01:47,  7.10step/s]
[Origin 2/13] 🎲 Drawing Posterior Samples:  49%|████▉     | 727/1488 [00:49<01:54,  6.64step/s]
[Origin 2/13] 🎲 Drawing Posterior Samples:  49%|████▉     | 728/1488 [00:49<02:00,  6.31step/s]
[Origin 2/13] 🎲 Drawing Posterior Samples:  49%|████▉     | 729/1488 [00:49<02:09,  5.87step/s]
[Origin 2/13] 🎲 Drawing Posterior Samples:  49%|████▉     | 730/1488 [00:49<02:21,  5.34step/s]
[Origin 2/13] 🎲 Drawing Posterior Samples:  49%|████▉     | 731/1488 [00:49<02:19,  5.43step/s]
[Origin 2/13] 🎲 Drawing Posterior Samples:  49%|████▉     | 732/1488 [00:50<02:24,  5.23step/s]
[Origin 2/13] 🎲 Drawing Posterior Samples:  49%|████▉     | 733/1488 [00:50<02:21,  5.34step/s]
[Origin 2/13] 🎲 Drawing Posterior Samples:  49%|████▉     | 734/1488 [00:50<02:15,  5.58step/s]
[Origin 2/13] 🎲 Drawing Posterior Samples:  49%|████▉     | 735/1488 [00:50<02:08,  5.87step/s]
[Origin 2/13] 🎲 Drawing Posterior Samples:  49%|████▉     | 736/1488 [00:50<02:14,  5.59step/s]
[Origin 2/13] 🎲 Drawing Posterior Samples:  50%|████▉     | 737/1488 [00:51<02:36,  4.79step/s]
[Origin 2/13] 🎲 Drawing Posterior Samples:  50%|████▉     | 738/1488 [00:51<02:32,  4.93step/s]
[Origin 2/13] 🎲 Drawing Posterior Samples:  50%|████▉     | 739/1488 [00:51<02:21,  5.30step/s]
[Origin 2/13] 🎲 Drawing Posterior Samples:  50%|████▉     | 740/1488 [00:51<02:18,  5.42step/s]
[Origin 2/13] 🎲 Drawing Posterior Samples:  50%|████▉     | 741/1488 [00:51<02:16,  5.49step/s]
[Origin 2/13] 🎲 Drawing Posterior Samples:  50%|████▉     | 742/1488 [00:51<02:12,  5.62step/s]
[Origin 2/13] 🎲 Drawing Posterior Samples:  50%|████▉     | 743/1488 [00:52<02:10,  5.73step/s]
[Origin 2/13] 🎲 Drawing Posterior Samples:  50%|█████     | 744/1488 [00:52<02:06,  5.88step/s]
[Origin 2/13] 🎲 Drawing Posterior Samples:  50%|█████     | 745/1488 [01:07<58:57,  4.76s/step]
[Origin 2/13] 🎲 Drawing Posterior Samples:  50%|█████     | 751/1488 [01:07<16:33,  1.35s/step]
[Origin 2/13] 🎲 Drawing Posterior Samples:  51%|█████     | 757/1488 [01:08<08:13,  1.48step/s]
[Origin 2/13] 🎲 Drawing Posterior Samples:  51%|█████     | 762/1488 [01:08<05:11,  2.33step/s]
[Origin 2/13] 🎲 Drawing Posterior Samples:  52%|█████▏    | 767/1488 [01:08<03:26,  3.49step/s]
[Origin 2/13] 🎲 Drawing Posterior Samples:  52%|█████▏    | 772/1488 [01:08<02:22,  5.03step/s]
[Origin 2/13] 🎲 Drawing Posterior Samples:  52%|█████▏    | 778/1488 [01:08<01:34,  7.49step/s]
[Origin 2/13] 🎲 Drawing Posterior Samples:  53%|█████▎    | 784/1488 [01:08<01:06, 10.59step/s]
[Origin 2/13] 🎲 Drawing Posterior Samples:  53%|█████▎    | 789/1488 [01:08<00:51, 13.55step/s]
[Origin 2/13] 🎲 Drawing Posterior Samples:  53%|█████▎    | 795/1488 [01:08<00:39, 17.59step/s]
[Origin 2/13] 🎲 Drawing Posterior Samples:  54%|█████▍    | 800/1488 [01:08<00:32, 21.08step/s]
[Origin 2/13] 🎲 Drawing Posterior Samples:  54%|█████▍    | 806/1488 [01:09<00:26, 26.17step/s]
[Origin 2/13] 🎲 Drawing Posterior Samples:  55%|█████▍    | 812/1488 [01:09<00:21, 31.04step/s]
[Origin 2/13] 🎲 Drawing Posterior Samples:  55%|█████▍    | 817/1488 [01:09<00:20, 33.55step/s]
[Origin 2/13] 🎲 Drawing Posterior Samples:  55%|█████▌    | 823/1488 [01:09<00:17, 37.13step/s]
[Origin 2/13] 🎲 Drawing Posterior Samples:  56%|█████▌    | 828/1488 [01:09<00:17, 37.72step/s]
[Origin 2/13] 🎲 Drawing Posterior Samples:  56%|█████▌    | 834/1488 [01:09<00:15, 41.34step/s]
[Origin 2/13] 🎲 Drawing Posterior Samples:  56%|█████▋    | 840/1488 [01:09<00:14, 44.29step/s]
[Origin 2/13] 🎲 Drawing Posterior Samples:  57%|█████▋    | 845/1488 [01:09<00:14, 43.95step/s]
[Origin 2/13] 🎲 Drawing Posterior Samples:  57%|█████▋    | 851/1488 [01:10<00:14, 45.36step/s]
[Origin 2/13] 🎲 Drawing Posterior Samples:  58%|█████▊    | 856/1488 [01:10<00:14, 43.44step/s]
[Origin 2/13] 🎲 Drawing Posterior Samples:  58%|█████▊    | 862/1488 [01:10<00:13, 45.94step/s]
[Origin 2/13] 🎲 Drawing Posterior Samples:  58%|█████▊    | 868/1488 [01:10<00:13, 47.64step/s]
[Origin 2/13] 🎲 Drawing Posterior Samples:  59%|█████▊    | 873/1488 [01:10<00:13, 46.47step/s]
[Origin 2/13] 🎲 Drawing Posterior Samples:  59%|█████▉    | 879/1488 [01:10<00:12, 48.16step/s]
[Origin 2/13] 🎲 Drawing Posterior Samples:  59%|█████▉    | 884/1488 [01:10<00:12, 46.54step/s]
[Origin 2/13] 🎲 Drawing Posterior Samples:  60%|█████▉    | 889/1488 [01:10<00:12, 46.54step/s]
[Origin 2/13] 🎲 Drawing Posterior Samples:  60%|██████    | 894/1488 [01:10<00:12, 47.23step/s]
[Origin 2/13] 🎲 Drawing Posterior Samples:  60%|██████    | 899/1488 [01:11<00:12, 46.08step/s]
[Origin 2/13] 🎲 Drawing Posterior Samples:  61%|██████    | 905/1488 [01:11<00:12, 48.06step/s]
[Origin 2/13] 🎲 Drawing Posterior Samples:  61%|██████    | 910/1488 [01:11<00:12, 46.25step/s]
[Origin 2/13] 🎲 Drawing Posterior Samples:  62%|██████▏   | 916/1488 [01:11<00:11, 48.08step/s]
[Origin 2/13] 🎲 Drawing Posterior Samples:  62%|██████▏   | 921/1488 [01:11<00:12, 46.22step/s]
[Origin 2/13] 🎲 Drawing Posterior Samples:  62%|██████▏   | 927/1488 [01:11<00:12, 46.52step/s]
[Origin 2/13] 🎲 Drawing Posterior Samples:  63%|██████▎   | 932/1488 [01:11<00:11, 46.56step/s]
[Origin 2/13] 🎲 Drawing Posterior Samples:  63%|██████▎   | 937/1488 [01:11<00:11, 46.00step/s]
[Origin 2/13] 🎲 Drawing Posterior Samples:  63%|██████▎   | 943/1488 [01:11<00:11, 47.77step/s]
[Origin 2/13] 🎲 Drawing Posterior Samples:  64%|██████▎   | 948/1488 [01:12<00:11, 46.20step/s]
[Origin 2/13] 🎲 Drawing Posterior Samples:  64%|██████▍   | 954/1488 [01:12<00:11, 48.11step/s]
[Origin 2/13] 🎲 Drawing Posterior Samples:  64%|██████▍   | 959/1488 [01:12<00:11, 46.44step/s]
[Origin 2/13] 🎲 Drawing Posterior Samples:  65%|██████▍   | 965/1488 [01:12<00:11, 47.21step/s]
[Origin 2/13] 🎲 Drawing Posterior Samples:  65%|██████▌   | 970/1488 [01:12<00:11, 46.98step/s]
[Origin 2/13] 🎲 Drawing Posterior Samples:  66%|██████▌   | 975/1488 [01:12<00:11, 45.86step/s]
[Origin 2/13] 🎲 Drawing Posterior Samples:  66%|██████▌   | 981/1488 [01:12<00:10, 47.81step/s]
[Origin 2/13] 🎲 Drawing Posterior Samples:  66%|██████▋   | 986/1488 [01:12<00:10, 46.61step/s]
[Origin 2/13] 🎲 Drawing Posterior Samples:  67%|██████▋   | 992/1488 [01:13<00:10, 48.30step/s]
[Origin 2/13] 🎲 Drawing Posterior Samples:  67%|██████▋   | 997/1488 [01:13<00:10, 46.71step/s]
[Origin 2/13] 🎲 Drawing Posterior Samples:  67%|██████▋   | 1003/1488 [01:13<00:10, 48.02step/s]
[Origin 2/13] 🎲 Drawing Posterior Samples:  68%|██████▊   | 1008/1488 [01:13<00:10, 47.18step/s]
[Origin 2/13] 🎲 Drawing Posterior Samples:  68%|██████▊   | 1013/1488 [01:13<00:10, 47.14step/s]
[Origin 2/13] 🎲 Drawing Posterior Samples:  68%|██████▊   | 1018/1488 [01:13<00:09, 47.32step/s]
[Origin 2/13] 🎲 Drawing Posterior Samples:  69%|██████▉   | 1023/1488 [01:13<00:10, 45.85step/s]
[Origin 2/13] 🎲 Drawing Posterior Samples:  69%|██████▉   | 1029/1488 [01:13<00:09, 47.84step/s]
[Origin 2/13] 🎲 Drawing Posterior Samples:  69%|██████▉   | 1034/1488 [01:13<00:09, 46.44step/s]
[Origin 2/13] 🎲 Drawing Posterior Samples:  70%|██████▉   | 1040/1488 [01:14<00:09, 48.19step/s]
[Origin 2/13] 🎲 Drawing Posterior Samples:  70%|███████   | 1045/1488 [01:14<00:09, 46.44step/s]
[Origin 2/13] 🎲 Drawing Posterior Samples:  71%|███████   | 1051/1488 [01:14<00:09, 46.92step/s]
[Origin 2/13] 🎲 Drawing Posterior Samples:  71%|███████   | 1056/1488 [01:14<00:09, 46.83step/s]
[Origin 2/13] 🎲 Drawing Posterior Samples:  71%|███████▏  | 1061/1488 [01:14<00:09, 46.06step/s]
[Origin 2/13] 🎲 Drawing Posterior Samples:  72%|███████▏  | 1067/1488 [01:14<00:08, 47.69step/s]
[Origin 2/13] 🎲 Drawing Posterior Samples:  72%|███████▏  | 1072/1488 [01:14<00:09, 46.04step/s]
[Origin 2/13] 🎲 Drawing Posterior Samples:  72%|███████▏  | 1078/1488 [01:14<00:08, 47.97step/s]
[Origin 2/13] 🎲 Drawing Posterior Samples:  73%|███████▎  | 1083/1488 [01:15<00:18, 22.25step/s]
[Origin 2/13] 🎲 Drawing Posterior Samples:  73%|███████▎  | 1087/1488 [01:15<00:26, 15.23step/s]
[Origin 2/13] 🎲 Drawing Posterior Samples:  73%|███████▎  | 1090/1488 [01:16<00:33, 11.95step/s]
[Origin 2/13] 🎲 Drawing Posterior Samples:  73%|███████▎  | 1093/1488 [01:16<00:40,  9.84step/s]
[Origin 2/13] 🎲 Drawing Posterior Samples:  74%|███████▎  | 1095/1488 [01:17<00:46,  8.49step/s]
[Origin 2/13] 🎲 Drawing Posterior Samples:  74%|███████▎  | 1097/1488 [01:17<00:51,  7.65step/s]
[Origin 2/13] 🎲 Drawing Posterior Samples:  74%|███████▍  | 1099/1488 [01:18<00:59,  6.51step/s]
[Origin 2/13] 🎲 Drawing Posterior Samples:  74%|███████▍  | 1100/1488 [01:18<00:59,  6.50step/s]
[Origin 2/13] 🎲 Drawing Posterior Samples:  74%|███████▍  | 1101/1488 [01:18<01:00,  6.42step/s]
[Origin 2/13] 🎲 Drawing Posterior Samples:  74%|███████▍  | 1102/1488 [01:18<01:03,  6.07step/s]
[Origin 2/13] 🎲 Drawing Posterior Samples:  74%|███████▍  | 1103/1488 [01:18<01:16,  5.03step/s]
[Origin 2/13] 🎲 Drawing Posterior Samples:  74%|███████▍  | 1104/1488 [01:19<01:20,  4.75step/s]
[Origin 2/13] 🎲 Drawing Posterior Samples:  74%|███████▍  | 1105/1488 [01:19<01:16,  4.98step/s]
[Origin 2/13] 🎲 Drawing Posterior Samples:  74%|███████▍  | 1106/1488 [01:19<01:11,  5.31step/s]
[Origin 2/13] 🎲 Drawing Posterior Samples:  74%|███████▍  | 1107/1488 [01:19<01:08,  5.57step/s]
[Origin 2/13] 🎲 Drawing Posterior Samples:  74%|███████▍  | 1108/1488 [01:19<01:12,  5.28step/s]
[Origin 2/13] 🎲 Drawing Posterior Samples:  75%|███████▍  | 1109/1488 [01:20<01:08,  5.49step/s]
[Origin 2/13] 🎲 Drawing Posterior Samples:  75%|███████▍  | 1110/1488 [01:20<01:05,  5.73step/s]
[Origin 2/13] 🎲 Drawing Posterior Samples:  75%|███████▍  | 1111/1488 [01:20<01:05,  5.75step/s]
[Origin 2/13] 🎲 Drawing Posterior Samples:  75%|███████▍  | 1112/1488 [01:20<01:02,  5.99step/s]
[Origin 2/13] 🎲 Drawing Posterior Samples:  75%|███████▍  | 1113/1488 [01:20<01:05,  5.71step/s]
[Origin 2/13] 🎲 Drawing Posterior Samples:  75%|███████▍  | 1114/1488 [01:20<01:06,  5.66step/s]
[Origin 2/13] 🎲 Drawing Posterior Samples:  75%|███████▍  | 1115/1488 [01:21<01:04,  5.81step/s]
[Origin 2/13] 🎲 Drawing Posterior Samples:  75%|███████▌  | 1116/1488 [01:21<01:06,  5.59step/s]
[Origin 2/13] 🎲 Drawing Posterior Samples:  75%|███████▌  | 1117/1488 [01:37<29:59,  4.85s/step]
[Origin 2/13] 🎲 Drawing Posterior Samples:  75%|███████▌  | 1123/1488 [01:37<08:21,  1.37s/step]
[Origin 2/13] 🎲 Drawing Posterior Samples:  76%|███████▌  | 1132/1488 [01:37<03:14,  1.83step/s]
[Origin 2/13] 🎲 Drawing Posterior Samples:  77%|███████▋  | 1139/1488 [01:37<01:56,  3.00step/s]
[Origin 2/13] 🎲 Drawing Posterior Samples:  77%|███████▋  | 1146/1488 [01:37<01:14,  4.60step/s]
[Origin 2/13] 🎲 Drawing Posterior Samples:  77%|███████▋  | 1153/1488 [01:37<00:49,  6.76step/s]
[Origin 2/13] 🎲 Drawing Posterior Samples:  78%|███████▊  | 1160/1488 [01:37<00:34,  9.57step/s]
[Origin 2/13] 🎲 Drawing Posterior Samples:  78%|███████▊  | 1166/1488 [01:37<00:25, 12.44step/s]
[Origin 2/13] 🎲 Drawing Posterior Samples:  79%|███████▉  | 1172/1488 [01:37<00:20, 15.72step/s]
[Origin 2/13] 🎲 Drawing Posterior Samples:  79%|███████▉  | 1178/1488 [01:38<00:16, 19.37step/s]
[Origin 2/13] 🎲 Drawing Posterior Samples:  80%|███████▉  | 1184/1488 [01:38<00:12, 23.79step/s]
[Origin 2/13] 🎲 Drawing Posterior Samples:  80%|███████▉  | 1190/1488 [01:38<00:10, 27.59step/s]
[Origin 2/13] 🎲 Drawing Posterior Samples:  80%|████████  | 1195/1488 [01:38<00:09, 31.06step/s]
[Origin 2/13] 🎲 Drawing Posterior Samples:  81%|████████  | 1200/1488 [01:38<00:08, 34.30step/s]
[Origin 2/13] 🎲 Drawing Posterior Samples:  81%|████████  | 1205/1488 [01:38<00:07, 36.53step/s]
[Origin 2/13] 🎲 Drawing Posterior Samples:  81%|████████▏ | 1211/1488 [01:38<00:06, 40.41step/s]
[Origin 2/13] 🎲 Drawing Posterior Samples:  82%|████████▏ | 1216/1488 [01:38<00:06, 41.17step/s]
[Origin 2/13] 🎲 Drawing Posterior Samples:  82%|████████▏ | 1222/1488 [01:38<00:06, 44.23step/s]
[Origin 2/13] 🎲 Drawing Posterior Samples:  82%|████████▏ | 1227/1488 [01:39<00:05, 43.93step/s]
[Origin 2/13] 🎲 Drawing Posterior Samples:  83%|████████▎ | 1233/1488 [01:39<00:05, 45.78step/s]
[Origin 2/13] 🎲 Drawing Posterior Samples:  83%|████████▎ | 1238/1488 [01:39<00:05, 45.45step/s]
[Origin 2/13] 🎲 Drawing Posterior Samples:  84%|████████▎ | 1243/1488 [01:39<00:05, 45.93step/s]
[Origin 2/13] 🎲 Drawing Posterior Samples:  84%|████████▍ | 1248/1488 [01:39<00:05, 46.11step/s]
[Origin 2/13] 🎲 Drawing Posterior Samples:  84%|████████▍ | 1253/1488 [01:39<00:05, 44.79step/s]
[Origin 2/13] 🎲 Drawing Posterior Samples:  85%|████████▍ | 1259/1488 [01:39<00:04, 47.13step/s]
[Origin 2/13] 🎲 Drawing Posterior Samples:  85%|████████▍ | 1264/1488 [01:39<00:04, 46.00step/s]
[Origin 2/13] 🎲 Drawing Posterior Samples:  85%|████████▌ | 1270/1488 [01:40<00:04, 48.01step/s]
[Origin 2/13] 🎲 Drawing Posterior Samples:  86%|████████▌ | 1275/1488 [01:40<00:04, 46.30step/s]
[Origin 2/13] 🎲 Drawing Posterior Samples:  86%|████████▌ | 1281/1488 [01:40<00:04, 46.14step/s]
[Origin 2/13] 🎲 Drawing Posterior Samples:  86%|████████▋ | 1287/1488 [01:40<00:04, 47.71step/s]
[Origin 2/13] 🎲 Drawing Posterior Samples:  87%|████████▋ | 1292/1488 [01:40<00:04, 46.32step/s]
[Origin 2/13] 🎲 Drawing Posterior Samples:  87%|████████▋ | 1298/1488 [01:40<00:03, 47.97step/s]
[Origin 2/13] 🎲 Drawing Posterior Samples:  88%|████████▊ | 1303/1488 [01:40<00:03, 46.47step/s]
[Origin 2/13] 🎲 Drawing Posterior Samples:  88%|████████▊ | 1309/1488 [01:40<00:03, 47.66step/s]
[Origin 2/13] 🎲 Drawing Posterior Samples:  88%|████████▊ | 1314/1488 [01:40<00:03, 46.98step/s]
[Origin 2/13] 🎲 Drawing Posterior Samples:  89%|████████▊ | 1319/1488 [01:41<00:03, 47.00step/s]
[Origin 2/13] 🎲 Drawing Posterior Samples:  89%|████████▉ | 1324/1488 [01:41<00:03, 47.12step/s]
[Origin 2/13] 🎲 Drawing Posterior Samples:  89%|████████▉ | 1329/1488 [01:41<00:03, 46.36step/s]
[Origin 2/13] 🎲 Drawing Posterior Samples:  90%|████████▉ | 1335/1488 [01:41<00:03, 47.98step/s]
[Origin 2/13] 🎲 Drawing Posterior Samples:  90%|█████████ | 1340/1488 [01:41<00:03, 46.61step/s]
[Origin 2/13] 🎲 Drawing Posterior Samples:  90%|█████████ | 1346/1488 [01:41<00:02, 48.20step/s]
[Origin 2/13] 🎲 Drawing Posterior Samples:  91%|█████████ | 1351/1488 [01:41<00:02, 47.02step/s]
[Origin 2/13] 🎲 Drawing Posterior Samples:  91%|█████████ | 1357/1488 [01:41<00:02, 48.63step/s]
[Origin 2/13] 🎲 Drawing Posterior Samples:  92%|█████████▏| 1362/1488 [01:41<00:02, 46.88step/s]
[Origin 2/13] 🎲 Drawing Posterior Samples:  92%|█████████▏| 1367/1488 [01:42<00:02, 46.73step/s]
[Origin 2/13] 🎲 Drawing Posterior Samples:  92%|█████████▏| 1372/1488 [01:42<00:02, 47.03step/s]
[Origin 2/13] 🎲 Drawing Posterior Samples:  93%|█████████▎| 1377/1488 [01:42<00:02, 45.87step/s]
[Origin 2/13] 🎲 Drawing Posterior Samples:  93%|█████████▎| 1383/1488 [01:42<00:02, 47.82step/s]
[Origin 2/13] 🎲 Drawing Posterior Samples:  93%|█████████▎| 1388/1488 [01:42<00:02, 46.33step/s]
[Origin 2/13] 🎲 Drawing Posterior Samples:  94%|█████████▎| 1394/1488 [01:42<00:01, 48.19step/s]
[Origin 2/13] 🎲 Drawing Posterior Samples:  94%|█████████▍| 1399/1488 [01:42<00:01, 46.57step/s]
[Origin 2/13] 🎲 Drawing Posterior Samples:  94%|█████████▍| 1405/1488 [01:42<00:01, 46.42step/s]
[Origin 2/13] 🎲 Drawing Posterior Samples:  95%|█████████▍| 1410/1488 [01:42<00:01, 47.36step/s]
[Origin 2/13] 🎲 Drawing Posterior Samples:  95%|█████████▌| 1415/1488 [01:43<00:01, 45.86step/s]
[Origin 2/13] 🎲 Drawing Posterior Samples:  95%|█████████▌| 1421/1488 [01:43<00:01, 47.71step/s]
[Origin 2/13] 🎲 Drawing Posterior Samples:  96%|█████████▌| 1426/1488 [01:43<00:01, 46.32step/s]
[Origin 2/13] 🎲 Drawing Posterior Samples:  96%|█████████▌| 1432/1488 [01:43<00:01, 48.05step/s]
[Origin 2/13] 🎲 Drawing Posterior Samples:  97%|█████████▋| 1437/1488 [01:43<00:01, 46.73step/s]
[Origin 2/13] 🎲 Drawing Posterior Samples:  97%|█████████▋| 1443/1488 [01:43<00:00, 47.12step/s]
[Origin 2/13] 🎲 Drawing Posterior Samples:  97%|█████████▋| 1448/1488 [01:43<00:00, 47.05step/s]
[Origin 2/13] 🎲 Drawing Posterior Samples:  98%|█████████▊| 1453/1488 [01:44<00:01, 32.80step/s]
[Origin 2/13] 🎲 Drawing Posterior Samples:  98%|█████████▊| 1457/1488 [01:44<00:02, 15.25step/s]
[Origin 2/13] 🎲 Drawing Posterior Samples:  98%|█████████▊| 1460/1488 [01:45<00:02, 10.06step/s]
[Origin 2/13] 🎲 Drawing Posterior Samples:  98%|█████████▊| 1463/1488 [01:45<00:02,  8.96step/s]
[Origin 2/13] 🎲 Drawing Posterior Samples:  98%|█████████▊| 1465/1488 [01:46<00:02,  8.09step/s]
[Origin 2/13] 🎲 Drawing Posterior Samples:  99%|█████████▊| 1467/1488 [01:46<00:02,  7.45step/s]
[Origin 2/13] 🎲 Drawing Posterior Samples:  99%|█████████▊| 1469/1488 [01:46<00:02,  6.97step/s]
[Origin 2/13] 🎲 Drawing Posterior Samples:  99%|█████████▉| 1470/1488 [01:47<00:02,  6.68step/s]
[Origin 2/13] 🎲 Drawing Posterior Samples:  99%|█████████▉| 1471/1488 [01:47<00:02,  6.43step/s]
[Origin 2/13] 🎲 Drawing Posterior Samples:  99%|█████████▉| 1472/1488 [01:47<00:02,  6.32step/s]
[Origin 2/13] 🎲 Drawing Posterior Samples:  99%|█████████▉| 1473/1488 [01:47<00:02,  5.90step/s]
[Origin 2/13] 🎲 Drawing Posterior Samples:  99%|█████████▉| 1474/1488 [01:47<00:02,  5.65step/s]
[Origin 2/13] 🎲 Drawing Posterior Samples:  99%|█████████▉| 1475/1488 [01:48<00:02,  5.46step/s]
[Origin 2/13] 🎲 Drawing Posterior Samples:  99%|█████████▉| 1476/1488 [01:48<00:02,  5.23step/s]
[Origin 2/13] 🎲 Drawing Posterior Samples:  99%|█████████▉| 1477/1488 [01:48<00:02,  5.28step/s]
[Origin 2/13] 🎲 Drawing Posterior Samples:  99%|█████████▉| 1478/1488 [01:48<00:01,  5.39step/s]
[Origin 2/13] 🎲 Drawing Posterior Samples:  99%|█████████▉| 1479/1488 [01:48<00:01,  5.48step/s]
[Origin 2/13] 🎲 Drawing Posterior Samples:  99%|█████████▉| 1480/1488 [01:49<00:01,  5.34step/s]
[Origin 2/13] 🎲 Drawing Posterior Samples: 100%|█████████▉| 1481/1488 [01:49<00:01,  5.12step/s]
[Origin 2/13] 🎲 Drawing Posterior Samples: 100%|█████████▉| 1482/1488 [01:49<00:01,  5.24step/s]
[Origin 2/13] 🎲 Drawing Posterior Samples: 100%|█████████▉| 1483/1488 [01:49<00:00,  5.27step/s]
[Origin 2/13] 🎲 Drawing Posterior Samples: 100%|█████████▉| 1484/1488 [01:49<00:00,  5.37step/s]
[Origin 2/13] 🎲 Drawing Posterior Samples: 100%|█████████▉| 1485/1488 [01:49<00:00,  5.65step/s]
[Origin 2/13] 🎲 Drawing Posterior Samples: 100%|█████████▉| 1486/1488 [01:50<00:00,  5.58step/s]
[Origin 2/13] 🎲 Drawing Posterior Samples: 100%|█████████▉| 1487/1488 [01:50<00:00,  5.53step/s]
[Origin 2/13] 🎲 Drawing Posterior Samples: 100%|██████████| 1488/1488 [01:50<00:00,  5.18step/s]
                                                                                                 

[Origin 3/13] 🎲 Drawing Posterior Samples:   0%|          | 0/1492 [00:00<?, ?step/s]
[Origin 3/13] 🎲 Drawing Posterior Samples:   0%|          | 7/1492 [00:00<00:24, 59.75step/s]
[Origin 3/13] 🎲 Drawing Posterior Samples:   1%|          | 13/1492 [00:00<00:29, 50.34step/s]
[Origin 3/13] 🎲 Drawing Posterior Samples:   1%|▏         | 19/1492 [00:00<00:30, 48.96step/s]
[Origin 3/13] 🎲 Drawing Posterior Samples:   2%|▏         | 24/1492 [00:00<00:30, 48.70step/s]
[Origin 3/13] 🎲 Drawing Posterior Samples:   2%|▏         | 29/1492 [00:00<00:31, 47.09step/s]
[Origin 3/13] 🎲 Drawing Posterior Samples:   2%|▏         | 35/1492 [00:00<00:29, 49.03step/s]
[Origin 3/13] 🎲 Drawing Posterior Samples:   3%|▎         | 40/1492 [00:00<00:30, 47.37step/s]
[Origin 3/13] 🎲 Drawing Posterior Samples:   3%|▎         | 46/1492 [00:00<00:29, 49.10step/s]
[Origin 3/13] 🎲 Drawing Posterior Samples:   3%|▎         | 51/1492 [00:01<00:30, 47.45step/s]
[Origin 3/13] 🎲 Drawing Posterior Samples:   4%|▍         | 57/1492 [00:01<00:30, 47.63step/s]
[Origin 3/13] 🎲 Drawing Posterior Samples:   4%|▍         | 62/1492 [00:01<00:30, 47.25step/s]
[Origin 3/13] 🎲 Drawing Posterior Samples:   4%|▍         | 67/1492 [00:01<00:30, 46.16step/s]
[Origin 3/13] 🎲 Drawing Posterior Samples:   5%|▍         | 73/1492 [00:01<00:29, 47.89step/s]
[Origin 3/13] 🎲 Drawing Posterior Samples:   5%|▌         | 78/1492 [00:01<00:30, 46.37step/s]
[Origin 3/13] 🎲 Drawing Posterior Samples:   6%|▌         | 84/1492 [00:01<00:29, 48.26step/s]
[Origin 3/13] 🎲 Drawing Posterior Samples:   6%|▌         | 89/1492 [00:01<00:29, 46.82step/s]
[Origin 3/13] 🎲 Drawing Posterior Samples:   6%|▋         | 95/1492 [00:01<00:28, 48.56step/s]
[Origin 3/13] 🎲 Drawing Posterior Samples:   7%|▋         | 100/1492 [00:02<00:29, 46.68step/s]
[Origin 3/13] 🎲 Drawing Posterior Samples:   7%|▋         | 105/1492 [00:02<00:29, 46.98step/s]
[Origin 3/13] 🎲 Drawing Posterior Samples:   7%|▋         | 110/1492 [00:02<00:29, 46.90step/s]
[Origin 3/13] 🎲 Drawing Posterior Samples:   8%|▊         | 115/1492 [00:02<00:30, 45.84step/s]
[Origin 3/13] 🎲 Drawing Posterior Samples:   8%|▊         | 121/1492 [00:02<00:28, 47.79step/s]
[Origin 3/13] 🎲 Drawing Posterior Samples:   8%|▊         | 126/1492 [00:02<00:29, 46.31step/s]
[Origin 3/13] 🎲 Drawing Posterior Samples:   9%|▉         | 132/1492 [00:02<00:28, 48.07step/s]
[Origin 3/13] 🎲 Drawing Posterior Samples:   9%|▉         | 137/1492 [00:02<00:29, 46.40step/s]
[Origin 3/13] 🎲 Drawing Posterior Samples:  10%|▉         | 143/1492 [00:03<00:28, 47.02step/s]
[Origin 3/13] 🎲 Drawing Posterior Samples:  10%|▉         | 148/1492 [00:03<00:28, 46.90step/s]
[Origin 3/13] 🎲 Drawing Posterior Samples:  10%|█         | 153/1492 [00:03<00:28, 46.75step/s]
[Origin 3/13] 🎲 Drawing Posterior Samples:  11%|█         | 158/1492 [00:03<00:28, 47.28step/s]
[Origin 3/13] 🎲 Drawing Posterior Samples:  11%|█         | 163/1492 [00:03<00:29, 45.80step/s]
[Origin 3/13] 🎲 Drawing Posterior Samples:  11%|█▏        | 169/1492 [00:03<00:27, 47.88step/s]
[Origin 3/13] 🎲 Drawing Posterior Samples:  12%|█▏        | 174/1492 [00:03<00:28, 46.49step/s]
[Origin 3/13] 🎲 Drawing Posterior Samples:  12%|█▏        | 180/1492 [00:03<00:27, 48.16step/s]
[Origin 3/13] 🎲 Drawing Posterior Samples:  12%|█▏        | 185/1492 [00:03<00:28, 46.43step/s]
[Origin 3/13] 🎲 Drawing Posterior Samples:  13%|█▎        | 190/1492 [00:04<00:27, 46.93step/s]
[Origin 3/13] 🎲 Drawing Posterior Samples:  13%|█▎        | 195/1492 [00:04<00:27, 46.84step/s]
[Origin 3/13] 🎲 Drawing Posterior Samples:  13%|█▎        | 200/1492 [00:04<00:27, 47.03step/s]
[Origin 3/13] 🎲 Drawing Posterior Samples:  14%|█▎        | 205/1492 [00:04<00:27, 46.84step/s]
[Origin 3/13] 🎲 Drawing Posterior Samples:  14%|█▍        | 210/1492 [00:04<00:27, 46.98step/s]
[Origin 3/13] 🎲 Drawing Posterior Samples:  14%|█▍        | 215/1492 [00:04<00:27, 46.90step/s]
[Origin 3/13] 🎲 Drawing Posterior Samples:  15%|█▍        | 220/1492 [00:04<00:27, 45.70step/s]
[Origin 3/13] 🎲 Drawing Posterior Samples:  15%|█▌        | 226/1492 [00:04<00:26, 47.80step/s]
[Origin 3/13] 🎲 Drawing Posterior Samples:  15%|█▌        | 231/1492 [00:04<00:27, 46.40step/s]
[Origin 3/13] 🎲 Drawing Posterior Samples:  16%|█▌        | 237/1492 [00:05<00:26, 48.13step/s]
[Origin 3/13] 🎲 Drawing Posterior Samples:  16%|█▌        | 242/1492 [00:05<00:26, 46.37step/s]
[Origin 3/13] 🎲 Drawing Posterior Samples:  17%|█▋        | 247/1492 [00:05<00:26, 46.74step/s]
[Origin 3/13] 🎲 Drawing Posterior Samples:  17%|█▋        | 252/1492 [00:05<00:26, 46.76step/s]
[Origin 3/13] 🎲 Drawing Posterior Samples:  17%|█▋        | 257/1492 [00:05<00:26, 46.62step/s]
[Origin 3/13] 🎲 Drawing Posterior Samples:  18%|█▊        | 262/1492 [00:05<00:26, 47.17step/s]
[Origin 3/13] 🎲 Drawing Posterior Samples:  18%|█▊        | 267/1492 [00:05<00:26, 45.72step/s]
[Origin 3/13] 🎲 Drawing Posterior Samples:  18%|█▊        | 273/1492 [00:05<00:25, 47.71step/s]
[Origin 3/13] 🎲 Drawing Posterior Samples:  19%|█▊        | 278/1492 [00:05<00:26, 46.25step/s]
[Origin 3/13] 🎲 Drawing Posterior Samples:  19%|█▉        | 284/1492 [00:06<00:25, 48.12step/s]
[Origin 3/13] 🎲 Drawing Posterior Samples:  19%|█▉        | 289/1492 [00:06<00:25, 46.59step/s]
[Origin 3/13] 🎲 Drawing Posterior Samples:  20%|█▉        | 295/1492 [00:06<00:25, 47.21step/s]
[Origin 3/13] 🎲 Drawing Posterior Samples:  20%|██        | 300/1492 [00:06<00:25, 46.89step/s]
[Origin 3/13] 🎲 Drawing Posterior Samples:  20%|██        | 305/1492 [00:06<00:25, 45.84step/s]
[Origin 3/13] 🎲 Drawing Posterior Samples:  21%|██        | 311/1492 [00:06<00:24, 47.79step/s]
[Origin 3/13] 🎲 Drawing Posterior Samples:  21%|██        | 316/1492 [00:06<00:25, 46.15step/s]
[Origin 3/13] 🎲 Drawing Posterior Samples:  22%|██▏       | 322/1492 [00:06<00:24, 47.97step/s]
[Origin 3/13] 🎲 Drawing Posterior Samples:  22%|██▏       | 327/1492 [00:06<00:24, 46.64step/s]
[Origin 3/13] 🎲 Drawing Posterior Samples:  22%|██▏       | 333/1492 [00:07<00:25, 46.23step/s]
[Origin 3/13] 🎲 Drawing Posterior Samples:  23%|██▎       | 338/1492 [00:07<00:35, 32.16step/s]
[Origin 3/13] 🎲 Drawing Posterior Samples:  23%|██▎       | 342/1492 [00:07<01:08, 16.91step/s]
[Origin 3/13] 🎲 Drawing Posterior Samples:  23%|██▎       | 345/1492 [00:08<01:30, 12.72step/s]
[Origin 3/13] 🎲 Drawing Posterior Samples:  23%|██▎       | 348/1492 [00:08<01:55,  9.90step/s]
[Origin 3/13] 🎲 Drawing Posterior Samples:  23%|██▎       | 350/1492 [00:09<02:12,  8.63step/s]
[Origin 3/13] 🎲 Drawing Posterior Samples:  24%|██▎       | 352/1492 [00:09<02:30,  7.55step/s]
[Origin 3/13] 🎲 Drawing Posterior Samples:  24%|██▎       | 354/1492 [00:10<02:45,  6.86step/s]
[Origin 3/13] 🎲 Drawing Posterior Samples:  24%|██▍       | 355/1492 [00:10<02:55,  6.49step/s]
[Origin 3/13] 🎲 Drawing Posterior Samples:  24%|██▍       | 356/1492 [00:10<03:15,  5.82step/s]
[Origin 3/13] 🎲 Drawing Posterior Samples:  24%|██▍       | 357/1492 [00:10<03:15,  5.80step/s]
[Origin 3/13] 🎲 Drawing Posterior Samples:  24%|██▍       | 358/1492 [00:10<03:17,  5.74step/s]
[Origin 3/13] 🎲 Drawing Posterior Samples:  24%|██▍       | 359/1492 [00:11<03:21,  5.64step/s]
[Origin 3/13] 🎲 Drawing Posterior Samples:  24%|██▍       | 360/1492 [00:11<03:20,  5.64step/s]
[Origin 3/13] 🎲 Drawing Posterior Samples:  24%|██▍       | 361/1492 [00:11<03:20,  5.65step/s]
[Origin 3/13] 🎲 Drawing Posterior Samples:  24%|██▍       | 362/1492 [00:11<03:25,  5.51step/s]
[Origin 3/13] 🎲 Drawing Posterior Samples:  24%|██▍       | 363/1492 [00:11<03:38,  5.16step/s]
[Origin 3/13] 🎲 Drawing Posterior Samples:  24%|██▍       | 364/1492 [00:12<03:48,  4.93step/s]
[Origin 3/13] 🎲 Drawing Posterior Samples:  24%|██▍       | 365/1492 [00:12<03:35,  5.23step/s]
[Origin 3/13] 🎲 Drawing Posterior Samples:  25%|██▍       | 366/1492 [00:12<03:24,  5.51step/s]
[Origin 3/13] 🎲 Drawing Posterior Samples:  25%|██▍       | 367/1492 [00:12<03:20,  5.61step/s]
[Origin 3/13] 🎲 Drawing Posterior Samples:  25%|██▍       | 368/1492 [00:12<03:58,  4.72step/s]
[Origin 3/13] 🎲 Drawing Posterior Samples:  25%|██▍       | 369/1492 [00:13<03:44,  4.99step/s]
[Origin 3/13] 🎲 Drawing Posterior Samples:  25%|██▍       | 370/1492 [00:13<03:31,  5.29step/s]
[Origin 3/13] 🎲 Drawing Posterior Samples:  25%|██▍       | 371/1492 [00:13<03:25,  5.44step/s]
[Origin 3/13] 🎲 Drawing Posterior Samples:  25%|██▍       | 372/1492 [00:13<03:21,  5.55step/s]
[Origin 3/13] 🎲 Drawing Posterior Samples:  25%|██▌       | 373/1492 [00:13<03:11,  5.84step/s]
[Origin 3/13] 🎲 Drawing Posterior Samples:  25%|██▌       | 374/1492 [00:29<1:32:41,  4.97s/step]
[Origin 3/13] 🎲 Drawing Posterior Samples:  25%|██▌       | 380/1492 [00:30<26:05,  1.41s/step]  
[Origin 3/13] 🎲 Drawing Posterior Samples:  26%|██▌       | 385/1492 [00:30<14:11,  1.30step/s]
[Origin 3/13] 🎲 Drawing Posterior Samples:  26%|██▌       | 391/1492 [00:30<08:01,  2.29step/s]
[Origin 3/13] 🎲 Drawing Posterior Samples:  26%|██▋       | 395/1492 [00:30<05:47,  3.16step/s]
[Origin 3/13] 🎲 Drawing Posterior Samples:  27%|██▋       | 400/1492 [00:30<03:54,  4.67step/s]
[Origin 3/13] 🎲 Drawing Posterior Samples:  27%|██▋       | 404/1492 [00:30<02:55,  6.21step/s]
[Origin 3/13] 🎲 Drawing Posterior Samples:  27%|██▋       | 410/1492 [00:30<01:57,  9.19step/s]
[Origin 3/13] 🎲 Drawing Posterior Samples:  28%|██▊       | 415/1492 [00:30<01:29, 12.06step/s]
[Origin 3/13] 🎲 Drawing Posterior Samples:  28%|██▊       | 420/1492 [00:30<01:09, 15.50step/s]
[Origin 3/13] 🎲 Drawing Posterior Samples:  29%|██▊       | 426/1492 [00:31<00:52, 20.45step/s]
[Origin 3/13] 🎲 Drawing Posterior Samples:  29%|██▉       | 432/1492 [00:31<00:41, 25.53step/s]
[Origin 3/13] 🎲 Drawing Posterior Samples:  29%|██▉       | 437/1492 [00:31<00:35, 29.32step/s]
[Origin 3/13] 🎲 Drawing Posterior Samples:  30%|██▉       | 442/1492 [00:31<00:32, 32.77step/s]
[Origin 3/13] 🎲 Drawing Posterior Samples:  30%|██▉       | 447/1492 [00:31<00:29, 35.04step/s]
[Origin 3/13] 🎲 Drawing Posterior Samples:  30%|███       | 453/1492 [00:31<00:26, 39.38step/s]
[Origin 3/13] 🎲 Drawing Posterior Samples:  31%|███       | 458/1492 [00:31<00:26, 39.04step/s]
[Origin 3/13] 🎲 Drawing Posterior Samples:  31%|███       | 464/1492 [00:31<00:24, 42.58step/s]
[Origin 3/13] 🎲 Drawing Posterior Samples:  31%|███▏      | 469/1492 [00:32<00:25, 40.47step/s]
[Origin 3/13] 🎲 Drawing Posterior Samples:  32%|███▏      | 474/1492 [00:32<00:24, 40.77step/s]
[Origin 3/13] 🎲 Drawing Posterior Samples:  32%|███▏      | 480/1492 [00:32<00:23, 43.92step/s]
[Origin 3/13] 🎲 Drawing Posterior Samples:  33%|███▎      | 485/1492 [00:32<00:24, 41.72step/s]
[Origin 3/13] 🎲 Drawing Posterior Samples:  33%|███▎      | 491/1492 [00:32<00:22, 44.75step/s]
[Origin 3/13] 🎲 Drawing Posterior Samples:  33%|███▎      | 497/1492 [00:32<00:21, 46.70step/s]
[Origin 3/13] 🎲 Drawing Posterior Samples:  34%|███▎      | 502/1492 [00:32<00:21, 45.82step/s]
[Origin 3/13] 🎲 Drawing Posterior Samples:  34%|███▍      | 508/1492 [00:32<00:20, 47.25step/s]
[Origin 3/13] 🎲 Drawing Posterior Samples:  34%|███▍      | 513/1492 [00:32<00:21, 45.70step/s]
[Origin 3/13] 🎲 Drawing Posterior Samples:  35%|███▍      | 519/1492 [00:33<00:20, 47.49step/s]
[Origin 3/13] 🎲 Drawing Posterior Samples:  35%|███▌      | 524/1492 [00:33<00:21, 45.95step/s]
[Origin 3/13] 🎲 Drawing Posterior Samples:  36%|███▌      | 530/1492 [00:33<00:21, 45.17step/s]
[Origin 3/13] 🎲 Drawing Posterior Samples:  36%|███▌      | 536/1492 [00:33<00:20, 47.09step/s]
[Origin 3/13] 🎲 Drawing Posterior Samples:  36%|███▋      | 541/1492 [00:33<00:20, 45.64step/s]
[Origin 3/13] 🎲 Drawing Posterior Samples:  37%|███▋      | 547/1492 [00:33<00:19, 47.53step/s]
[Origin 3/13] 🎲 Drawing Posterior Samples:  37%|███▋      | 552/1492 [00:33<00:21, 44.14step/s]
[Origin 3/13] 🎲 Drawing Posterior Samples:  37%|███▋      | 557/1492 [00:33<00:22, 42.08step/s]
[Origin 3/13] 🎲 Drawing Posterior Samples:  38%|███▊      | 563/1492 [00:34<00:20, 44.94step/s]
[Origin 3/13] 🎲 Drawing Posterior Samples:  38%|███▊      | 568/1492 [00:34<00:20, 44.20step/s]
[Origin 3/13] 🎲 Drawing Posterior Samples:  38%|███▊      | 574/1492 [00:34<00:19, 46.55step/s]
[Origin 3/13] 🎲 Drawing Posterior Samples:  39%|███▉      | 579/1492 [00:34<00:20, 45.39step/s]
[Origin 3/13] 🎲 Drawing Posterior Samples:  39%|███▉      | 584/1492 [00:34<00:20, 44.81step/s]
[Origin 3/13] 🎲 Drawing Posterior Samples:  40%|███▉      | 590/1492 [00:34<00:19, 46.99step/s]
[Origin 3/13] 🎲 Drawing Posterior Samples:  40%|███▉      | 595/1492 [00:34<00:19, 45.96step/s]
[Origin 3/13] 🎲 Drawing Posterior Samples:  40%|████      | 601/1492 [00:34<00:18, 47.84step/s]
[Origin 3/13] 🎲 Drawing Posterior Samples:  41%|████      | 606/1492 [00:34<00:19, 46.29step/s]
[Origin 3/13] 🎲 Drawing Posterior Samples:  41%|████      | 611/1492 [00:35<00:19, 45.11step/s]
[Origin 3/13] 🎲 Drawing Posterior Samples:  41%|████▏     | 617/1492 [00:35<00:18, 47.20step/s]
[Origin 3/13] 🎲 Drawing Posterior Samples:  42%|████▏     | 622/1492 [00:35<00:18, 46.82step/s]
[Origin 3/13] 🎲 Drawing Posterior Samples:  42%|████▏     | 627/1492 [00:35<00:19, 44.41step/s]
[Origin 3/13] 🎲 Drawing Posterior Samples:  42%|████▏     | 633/1492 [00:35<00:18, 46.39step/s]
[Origin 3/13] 🎲 Drawing Posterior Samples:  43%|████▎     | 638/1492 [00:35<00:20, 41.76step/s]
[Origin 3/13] 🎲 Drawing Posterior Samples:  43%|████▎     | 644/1492 [00:35<00:18, 44.79step/s]
[Origin 3/13] 🎲 Drawing Posterior Samples:  43%|████▎     | 649/1492 [00:35<00:18, 44.51step/s]
[Origin 3/13] 🎲 Drawing Posterior Samples:  44%|████▍     | 654/1492 [00:36<00:19, 43.00step/s]
[Origin 3/13] 🎲 Drawing Posterior Samples:  44%|████▍     | 660/1492 [00:36<00:18, 45.61step/s]
[Origin 3/13] 🎲 Drawing Posterior Samples:  45%|████▍     | 665/1492 [00:36<00:18, 43.79step/s]
[Origin 3/13] 🎲 Drawing Posterior Samples:  45%|████▍     | 670/1492 [00:36<00:18, 44.92step/s]
[Origin 3/13] 🎲 Drawing Posterior Samples:  45%|████▌     | 675/1492 [00:36<00:18, 44.63step/s]
[Origin 3/13] 🎲 Drawing Posterior Samples:  46%|████▌     | 681/1492 [00:36<00:17, 46.85step/s]
[Origin 3/13] 🎲 Drawing Posterior Samples:  46%|████▌     | 686/1492 [00:36<00:17, 45.51step/s]
[Origin 3/13] 🎲 Drawing Posterior Samples:  46%|████▋     | 692/1492 [00:36<00:16, 47.54step/s]
[Origin 3/13] 🎲 Drawing Posterior Samples:  47%|████▋     | 697/1492 [00:37<00:18, 43.00step/s]
[Origin 3/13] 🎲 Drawing Posterior Samples:  47%|████▋     | 703/1492 [00:37<00:17, 45.69step/s]
[Origin 3/13] 🎲 Drawing Posterior Samples:  48%|████▊     | 709/1492 [00:37<00:16, 47.56step/s]
[Origin 3/13] 🎲 Drawing Posterior Samples:  48%|████▊     | 714/1492 [00:37<00:40, 19.00step/s]
[Origin 3/13] 🎲 Drawing Posterior Samples:  48%|████▊     | 718/1492 [00:38<01:07, 11.42step/s]
[Origin 3/13] 🎲 Drawing Posterior Samples:  48%|████▊     | 721/1492 [00:39<01:36,  7.98step/s]
[Origin 3/13] 🎲 Drawing Posterior Samples:  48%|████▊     | 723/1492 [00:39<01:42,  7.48step/s]
[Origin 3/13] 🎲 Drawing Posterior Samples:  49%|████▊     | 725/1492 [00:40<01:53,  6.77step/s]
[Origin 3/13] 🎲 Drawing Posterior Samples:  49%|████▊     | 727/1492 [00:40<02:17,  5.56step/s]
[Origin 3/13] 🎲 Drawing Posterior Samples:  49%|████▉     | 728/1492 [00:41<02:27,  5.18step/s]
[Origin 3/13] 🎲 Drawing Posterior Samples:  49%|████▉     | 729/1492 [00:41<02:36,  4.87step/s]
[Origin 3/13] 🎲 Drawing Posterior Samples:  49%|████▉     | 730/1492 [00:41<02:27,  5.18step/s]
[Origin 3/13] 🎲 Drawing Posterior Samples:  49%|████▉     | 731/1492 [00:41<02:19,  5.47step/s]
[Origin 3/13] 🎲 Drawing Posterior Samples:  49%|████▉     | 732/1492 [00:41<02:13,  5.71step/s]
[Origin 3/13] 🎲 Drawing Posterior Samples:  49%|████▉     | 733/1492 [00:42<02:04,  6.09step/s]
[Origin 3/13] 🎲 Drawing Posterior Samples:  49%|████▉     | 734/1492 [00:42<02:01,  6.22step/s]
[Origin 3/13] 🎲 Drawing Posterior Samples:  49%|████▉     | 735/1492 [00:42<02:07,  5.94step/s]
[Origin 3/13] 🎲 Drawing Posterior Samples:  49%|████▉     | 736/1492 [00:42<02:04,  6.05step/s]
[Origin 3/13] 🎲 Drawing Posterior Samples:  49%|████▉     | 737/1492 [00:42<02:11,  5.76step/s]
[Origin 3/13] 🎲 Drawing Posterior Samples:  49%|████▉     | 738/1492 [00:42<02:13,  5.66step/s]
[Origin 3/13] 🎲 Drawing Posterior Samples:  50%|████▉     | 739/1492 [00:43<02:17,  5.49step/s]
[Origin 3/13] 🎲 Drawing Posterior Samples:  50%|████▉     | 740/1492 [00:43<02:15,  5.54step/s]
[Origin 3/13] 🎲 Drawing Posterior Samples:  50%|████▉     | 741/1492 [00:43<02:11,  5.71step/s]
[Origin 3/13] 🎲 Drawing Posterior Samples:  50%|████▉     | 742/1492 [00:43<02:47,  4.48step/s]
[Origin 3/13] 🎲 Drawing Posterior Samples:  50%|████▉     | 743/1492 [00:43<02:33,  4.87step/s]
[Origin 3/13] 🎲 Drawing Posterior Samples:  50%|████▉     | 744/1492 [00:44<02:20,  5.31step/s]
[Origin 3/13] 🎲 Drawing Posterior Samples:  50%|████▉     | 745/1492 [00:44<02:16,  5.49step/s]
[Origin 3/13] 🎲 Drawing Posterior Samples:  50%|█████     | 746/1492 [00:44<02:18,  5.38step/s]
[Origin 3/13] 🎲 Drawing Posterior Samples:  50%|█████     | 747/1492 [01:00<59:52,  4.82s/step]
[Origin 3/13] 🎲 Drawing Posterior Samples:  50%|█████     | 751/1492 [01:00<22:09,  1.79s/step]
[Origin 3/13] 🎲 Drawing Posterior Samples:  51%|█████     | 761/1492 [01:00<06:49,  1.79step/s]
[Origin 3/13] 🎲 Drawing Posterior Samples:  51%|█████▏    | 768/1492 [01:00<04:03,  2.97step/s]
[Origin 3/13] 🎲 Drawing Posterior Samples:  52%|█████▏    | 775/1492 [01:00<02:36,  4.58step/s]
[Origin 3/13] 🎲 Drawing Posterior Samples:  52%|█████▏    | 781/1492 [01:00<01:50,  6.42step/s]
[Origin 3/13] 🎲 Drawing Posterior Samples:  53%|█████▎    | 788/1492 [01:00<01:15,  9.28step/s]
[Origin 3/13] 🎲 Drawing Posterior Samples:  53%|█████▎    | 794/1492 [01:00<00:57, 12.20step/s]
[Origin 3/13] 🎲 Drawing Posterior Samples:  54%|█████▎    | 800/1492 [01:01<00:46, 14.95step/s]
[Origin 3/13] 🎲 Drawing Posterior Samples:  54%|█████▍    | 805/1492 [01:01<00:37, 18.28step/s]
[Origin 3/13] 🎲 Drawing Posterior Samples:  54%|█████▍    | 810/1492 [01:01<00:31, 21.45step/s]
[Origin 3/13] 🎲 Drawing Posterior Samples:  55%|█████▍    | 815/1492 [01:01<00:27, 24.88step/s]
[Origin 3/13] 🎲 Drawing Posterior Samples:  55%|█████▌    | 821/1492 [01:01<00:22, 30.03step/s]
[Origin 3/13] 🎲 Drawing Posterior Samples:  55%|█████▌    | 827/1492 [01:01<00:19, 34.23step/s]
[Origin 3/13] 🎲 Drawing Posterior Samples:  56%|█████▌    | 832/1492 [01:01<00:18, 34.80step/s]
[Origin 3/13] 🎲 Drawing Posterior Samples:  56%|█████▌    | 838/1492 [01:01<00:16, 39.06step/s]
[Origin 3/13] 🎲 Drawing Posterior Samples:  57%|█████▋    | 843/1492 [01:02<00:16, 39.29step/s]
[Origin 3/13] 🎲 Drawing Posterior Samples:  57%|█████▋    | 849/1492 [01:02<00:15, 42.64step/s]
[Origin 3/13] 🎲 Drawing Posterior Samples:  57%|█████▋    | 854/1492 [01:02<00:15, 41.82step/s]
[Origin 3/13] 🎲 Drawing Posterior Samples:  58%|█████▊    | 859/1492 [01:02<00:14, 42.26step/s]
[Origin 3/13] 🎲 Drawing Posterior Samples:  58%|█████▊    | 864/1492 [01:02<00:15, 40.63step/s]
[Origin 3/13] 🎲 Drawing Posterior Samples:  58%|█████▊    | 869/1492 [01:02<00:15, 41.20step/s]
[Origin 3/13] 🎲 Drawing Posterior Samples:  59%|█████▊    | 875/1492 [01:02<00:13, 44.40step/s]
[Origin 3/13] 🎲 Drawing Posterior Samples:  59%|█████▉    | 881/1492 [01:02<00:13, 46.67step/s]
[Origin 3/13] 🎲 Drawing Posterior Samples:  59%|█████▉    | 886/1492 [01:02<00:13, 45.63step/s]
[Origin 3/13] 🎲 Drawing Posterior Samples:  60%|█████▉    | 891/1492 [01:03<00:13, 43.76step/s]
[Origin 3/13] 🎲 Drawing Posterior Samples:  60%|██████    | 897/1492 [01:03<00:12, 46.25step/s]
[Origin 3/13] 🎲 Drawing Posterior Samples:  60%|██████    | 902/1492 [01:03<00:13, 44.50step/s]
[Origin 3/13] 🎲 Drawing Posterior Samples:  61%|██████    | 908/1492 [01:03<00:12, 46.82step/s]
[Origin 3/13] 🎲 Drawing Posterior Samples:  61%|██████    | 913/1492 [01:03<00:12, 44.67step/s]
[Origin 3/13] 🎲 Drawing Posterior Samples:  62%|██████▏   | 918/1492 [01:03<00:13, 43.60step/s]
[Origin 3/13] 🎲 Drawing Posterior Samples:  62%|██████▏   | 923/1492 [01:03<00:13, 42.62step/s]
[Origin 3/13] 🎲 Drawing Posterior Samples:  62%|██████▏   | 928/1492 [01:03<00:13, 41.78step/s]
[Origin 3/13] 🎲 Drawing Posterior Samples:  63%|██████▎   | 934/1492 [01:04<00:12, 44.91step/s]
[Origin 3/13] 🎲 Drawing Posterior Samples:  63%|██████▎   | 939/1492 [01:04<00:12, 44.23step/s]
[Origin 3/13] 🎲 Drawing Posterior Samples:  63%|██████▎   | 945/1492 [01:04<00:11, 46.37step/s]
[Origin 3/13] 🎲 Drawing Posterior Samples:  64%|██████▎   | 950/1492 [01:04<00:12, 42.33step/s]
[Origin 3/13] 🎲 Drawing Posterior Samples:  64%|██████▍   | 956/1492 [01:04<00:11, 45.21step/s]
[Origin 3/13] 🎲 Drawing Posterior Samples:  64%|██████▍   | 961/1492 [01:04<00:12, 43.43step/s]
[Origin 3/13] 🎲 Drawing Posterior Samples:  65%|██████▍   | 966/1492 [01:04<00:12, 43.01step/s]
[Origin 3/13] 🎲 Drawing Posterior Samples:  65%|██████▌   | 971/1492 [01:04<00:11, 44.31step/s]
[Origin 3/13] 🎲 Drawing Posterior Samples:  65%|██████▌   | 977/1492 [01:05<00:11, 45.74step/s]
[Origin 3/13] 🎲 Drawing Posterior Samples:  66%|██████▌   | 982/1492 [01:05<00:12, 39.82step/s]
[Origin 3/13] 🎲 Drawing Posterior Samples:  66%|██████▌   | 988/1492 [01:05<00:11, 43.33step/s]
[Origin 3/13] 🎲 Drawing Posterior Samples:  67%|██████▋   | 994/1492 [01:05<00:11, 43.81step/s]
[Origin 3/13] 🎲 Drawing Posterior Samples:  67%|██████▋   | 999/1492 [01:05<00:11, 42.24step/s]
[Origin 3/13] 🎲 Drawing Posterior Samples:  67%|██████▋   | 1005/1492 [01:05<00:10, 45.07step/s]
[Origin 3/13] 🎲 Drawing Posterior Samples:  68%|██████▊   | 1011/1492 [01:05<00:10, 46.96step/s]
[Origin 3/13] 🎲 Drawing Posterior Samples:  68%|██████▊   | 1016/1492 [01:05<00:10, 44.71step/s]
[Origin 3/13] 🎲 Drawing Posterior Samples:  68%|██████▊   | 1021/1492 [01:06<00:11, 42.19step/s]
[Origin 3/13] 🎲 Drawing Posterior Samples:  69%|██████▉   | 1026/1492 [01:06<00:11, 40.79step/s]
[Origin 3/13] 🎲 Drawing Posterior Samples:  69%|██████▉   | 1031/1492 [01:06<00:11, 39.89step/s]
[Origin 3/13] 🎲 Drawing Posterior Samples:  69%|██████▉   | 1036/1492 [01:06<00:11, 40.34step/s]
[Origin 3/13] 🎲 Drawing Posterior Samples:  70%|██████▉   | 1041/1492 [01:06<00:11, 40.49step/s]
[Origin 3/13] 🎲 Drawing Posterior Samples:  70%|███████   | 1047/1492 [01:06<00:10, 43.90step/s]
[Origin 3/13] 🎲 Drawing Posterior Samples:  71%|███████   | 1052/1492 [01:06<00:10, 41.22step/s]
[Origin 3/13] 🎲 Drawing Posterior Samples:  71%|███████   | 1058/1492 [01:06<00:09, 43.62step/s]
[Origin 3/13] 🎲 Drawing Posterior Samples:  71%|███████   | 1063/1492 [01:07<00:10, 40.91step/s]
[Origin 3/13] 🎲 Drawing Posterior Samples:  72%|███████▏  | 1068/1492 [01:07<00:10, 40.40step/s]
[Origin 3/13] 🎲 Drawing Posterior Samples:  72%|███████▏  | 1073/1492 [01:07<00:10, 40.41step/s]
[Origin 3/13] 🎲 Drawing Posterior Samples:  72%|███████▏  | 1078/1492 [01:07<00:11, 36.94step/s]
[Origin 3/13] 🎲 Drawing Posterior Samples:  73%|███████▎  | 1082/1492 [01:07<00:10, 37.62step/s]
[Origin 3/13] 🎲 Drawing Posterior Samples:  73%|███████▎  | 1086/1492 [01:08<00:25, 16.05step/s]
[Origin 3/13] 🎲 Drawing Posterior Samples:  73%|███████▎  | 1089/1492 [01:08<00:33, 12.13step/s]
[Origin 3/13] 🎲 Drawing Posterior Samples:  73%|███████▎  | 1092/1492 [01:09<00:44,  9.05step/s]
[Origin 3/13] 🎲 Drawing Posterior Samples:  73%|███████▎  | 1094/1492 [01:09<00:48,  8.13step/s]
[Origin 3/13] 🎲 Drawing Posterior Samples:  73%|███████▎  | 1096/1492 [01:10<00:52,  7.58step/s]
[Origin 3/13] 🎲 Drawing Posterior Samples:  74%|███████▎  | 1098/1492 [01:10<01:05,  5.99step/s]
[Origin 3/13] 🎲 Drawing Posterior Samples:  74%|███████▎  | 1099/1492 [01:10<01:18,  5.01step/s]
[Origin 3/13] 🎲 Drawing Posterior Samples:  74%|███████▎  | 1100/1492 [01:11<01:19,  4.91step/s]
[Origin 3/13] 🎲 Drawing Posterior Samples:  74%|███████▍  | 1101/1492 [01:11<01:15,  5.16step/s]
[Origin 3/13] 🎲 Drawing Posterior Samples:  74%|███████▍  | 1102/1492 [01:11<01:13,  5.30step/s]
[Origin 3/13] 🎲 Drawing Posterior Samples:  74%|███████▍  | 1103/1492 [01:11<01:09,  5.63step/s]
[Origin 3/13] 🎲 Drawing Posterior Samples:  74%|███████▍  | 1104/1492 [01:11<01:03,  6.08step/s]
[Origin 3/13] 🎲 Drawing Posterior Samples:  74%|███████▍  | 1105/1492 [01:11<01:04,  6.04step/s]
[Origin 3/13] 🎲 Drawing Posterior Samples:  74%|███████▍  | 1106/1492 [01:12<01:01,  6.24step/s]
[Origin 3/13] 🎲 Drawing Posterior Samples:  74%|███████▍  | 1107/1492 [01:12<01:09,  5.50step/s]
[Origin 3/13] 🎲 Drawing Posterior Samples:  74%|███████▍  | 1108/1492 [01:12<01:14,  5.18step/s]
[Origin 3/13] 🎲 Drawing Posterior Samples:  74%|███████▍  | 1109/1492 [01:12<01:13,  5.22step/s]
[Origin 3/13] 🎲 Drawing Posterior Samples:  74%|███████▍  | 1110/1492 [01:12<01:13,  5.17step/s]
[Origin 3/13] 🎲 Drawing Posterior Samples:  74%|███████▍  | 1111/1492 [01:13<01:12,  5.28step/s]
[Origin 3/13] 🎲 Drawing Posterior Samples:  75%|███████▍  | 1112/1492 [01:13<01:08,  5.53step/s]
[Origin 3/13] 🎲 Drawing Posterior Samples:  75%|███████▍  | 1113/1492 [01:13<01:06,  5.70step/s]
[Origin 3/13] 🎲 Drawing Posterior Samples:  75%|███████▍  | 1114/1492 [01:13<01:06,  5.66step/s]
[Origin 3/13] 🎲 Drawing Posterior Samples:  75%|███████▍  | 1115/1492 [01:13<01:05,  5.77step/s]
[Origin 3/13] 🎲 Drawing Posterior Samples:  75%|███████▍  | 1116/1492 [01:13<01:04,  5.80step/s]
[Origin 3/13] 🎲 Drawing Posterior Samples:  75%|███████▍  | 1117/1492 [01:14<01:05,  5.71step/s]
[Origin 3/13] 🎲 Drawing Posterior Samples:  75%|███████▍  | 1118/1492 [01:14<01:03,  5.85step/s]
[Origin 3/13] 🎲 Drawing Posterior Samples:  75%|███████▌  | 1119/1492 [01:14<01:05,  5.67step/s]
[Origin 3/13] 🎲 Drawing Posterior Samples:  75%|███████▌  | 1120/1492 [01:30<30:06,  4.86s/step]
[Origin 3/13] 🎲 Drawing Posterior Samples:  75%|███████▌  | 1126/1492 [01:30<08:22,  1.37s/step]
[Origin 3/13] 🎲 Drawing Posterior Samples:  76%|███████▌  | 1135/1492 [01:30<03:15,  1.83step/s]
[Origin 3/13] 🎲 Drawing Posterior Samples:  77%|███████▋  | 1142/1492 [01:30<01:56,  3.01step/s]
[Origin 3/13] 🎲 Drawing Posterior Samples:  77%|███████▋  | 1149/1492 [01:30<01:14,  4.61step/s]
[Origin 3/13] 🎲 Drawing Posterior Samples:  77%|███████▋  | 1156/1492 [01:30<00:49,  6.77step/s]
[Origin 3/13] 🎲 Drawing Posterior Samples:  78%|███████▊  | 1163/1492 [01:30<00:34,  9.58step/s]
[Origin 3/13] 🎲 Drawing Posterior Samples:  78%|███████▊  | 1169/1492 [01:31<00:25, 12.60step/s]
[Origin 3/13] 🎲 Drawing Posterior Samples:  79%|███████▉  | 1175/1492 [01:31<00:20, 15.80step/s]
[Origin 3/13] 🎲 Drawing Posterior Samples:  79%|███████▉  | 1181/1492 [01:31<00:16, 19.44step/s]
[Origin 3/13] 🎲 Drawing Posterior Samples:  80%|███████▉  | 1187/1492 [01:31<00:12, 23.85step/s]
[Origin 3/13] 🎲 Drawing Posterior Samples:  80%|███████▉  | 1193/1492 [01:31<00:10, 27.62step/s]
[Origin 3/13] 🎲 Drawing Posterior Samples:  80%|████████  | 1198/1492 [01:31<00:09, 31.06step/s]
[Origin 3/13] 🎲 Drawing Posterior Samples:  81%|████████  | 1203/1492 [01:31<00:08, 34.22step/s]
[Origin 3/13] 🎲 Drawing Posterior Samples:  81%|████████  | 1208/1492 [01:31<00:07, 36.31step/s]
[Origin 3/13] 🎲 Drawing Posterior Samples:  81%|████████▏ | 1214/1492 [01:32<00:06, 40.38step/s]
[Origin 3/13] 🎲 Drawing Posterior Samples:  82%|████████▏ | 1219/1492 [01:32<00:06, 41.21step/s]
[Origin 3/13] 🎲 Drawing Posterior Samples:  82%|████████▏ | 1225/1492 [01:32<00:06, 44.18step/s]
[Origin 3/13] 🎲 Drawing Posterior Samples:  82%|████████▏ | 1230/1492 [01:32<00:06, 43.35step/s]
[Origin 3/13] 🎲 Drawing Posterior Samples:  83%|████████▎ | 1236/1492 [01:32<00:05, 44.67step/s]
[Origin 3/13] 🎲 Drawing Posterior Samples:  83%|████████▎ | 1241/1492 [01:32<00:05, 45.18step/s]
[Origin 3/13] 🎲 Drawing Posterior Samples:  84%|████████▎ | 1246/1492 [01:32<00:05, 44.50step/s]
[Origin 3/13] 🎲 Drawing Posterior Samples:  84%|████████▍ | 1252/1492 [01:32<00:05, 46.81step/s]
[Origin 3/13] 🎲 Drawing Posterior Samples:  84%|████████▍ | 1257/1492 [01:32<00:05, 45.62step/s]
[Origin 3/13] 🎲 Drawing Posterior Samples:  85%|████████▍ | 1263/1492 [01:33<00:04, 47.64step/s]
[Origin 3/13] 🎲 Drawing Posterior Samples:  85%|████████▍ | 1268/1492 [01:33<00:04, 46.48step/s]
[Origin 3/13] 🎲 Drawing Posterior Samples:  85%|████████▌ | 1274/1492 [01:33<00:04, 46.93step/s]
[Origin 3/13] 🎲 Drawing Posterior Samples:  86%|████████▌ | 1279/1492 [01:33<00:04, 47.01step/s]
[Origin 3/13] 🎲 Drawing Posterior Samples:  86%|████████▌ | 1284/1492 [01:33<00:04, 45.59step/s]
[Origin 3/13] 🎲 Drawing Posterior Samples:  86%|████████▋ | 1290/1492 [01:33<00:04, 47.52step/s]
[Origin 3/13] 🎲 Drawing Posterior Samples:  87%|████████▋ | 1295/1492 [01:33<00:04, 46.05step/s]
[Origin 3/13] 🎲 Drawing Posterior Samples:  87%|████████▋ | 1301/1492 [01:33<00:03, 47.83step/s]
[Origin 3/13] 🎲 Drawing Posterior Samples:  88%|████████▊ | 1306/1492 [01:33<00:04, 46.35step/s]
[Origin 3/13] 🎲 Drawing Posterior Samples:  88%|████████▊ | 1312/1492 [01:34<00:03, 46.64step/s]
[Origin 3/13] 🎲 Drawing Posterior Samples:  88%|████████▊ | 1317/1492 [01:34<00:03, 47.03step/s]
[Origin 3/13] 🎲 Drawing Posterior Samples:  89%|████████▊ | 1322/1492 [01:34<00:03, 45.77step/s]
[Origin 3/13] 🎲 Drawing Posterior Samples:  89%|████████▉ | 1328/1492 [01:34<00:03, 47.80step/s]
[Origin 3/13] 🎲 Drawing Posterior Samples:  89%|████████▉ | 1333/1492 [01:34<00:03, 46.61step/s]
[Origin 3/13] 🎲 Drawing Posterior Samples:  90%|████████▉ | 1339/1492 [01:34<00:03, 48.34step/s]
[Origin 3/13] 🎲 Drawing Posterior Samples:  90%|█████████ | 1344/1492 [01:34<00:03, 46.84step/s]
[Origin 3/13] 🎲 Drawing Posterior Samples:  90%|█████████ | 1350/1492 [01:34<00:03, 47.12step/s]
[Origin 3/13] 🎲 Drawing Posterior Samples:  91%|█████████ | 1355/1492 [01:35<00:02, 46.99step/s]
[Origin 3/13] 🎲 Drawing Posterior Samples:  91%|█████████ | 1360/1492 [01:35<00:02, 45.95step/s]
[Origin 3/13] 🎲 Drawing Posterior Samples:  92%|█████████▏| 1366/1492 [01:35<00:02, 47.87step/s]
[Origin 3/13] 🎲 Drawing Posterior Samples:  92%|█████████▏| 1371/1492 [01:35<00:02, 46.30step/s]
[Origin 3/13] 🎲 Drawing Posterior Samples:  92%|█████████▏| 1377/1492 [01:35<00:02, 48.19step/s]
[Origin 3/13] 🎲 Drawing Posterior Samples:  93%|█████████▎| 1382/1492 [01:35<00:02, 46.50step/s]
[Origin 3/13] 🎲 Drawing Posterior Samples:  93%|█████████▎| 1388/1492 [01:35<00:02, 46.64step/s]
[Origin 3/13] 🎲 Drawing Posterior Samples:  93%|█████████▎| 1393/1492 [01:35<00:02, 47.01step/s]
[Origin 3/13] 🎲 Drawing Posterior Samples:  94%|█████████▎| 1398/1492 [01:35<00:02, 45.95step/s]
[Origin 3/13] 🎲 Drawing Posterior Samples:  94%|█████████▍| 1404/1492 [01:36<00:01, 47.89step/s]
[Origin 3/13] 🎲 Drawing Posterior Samples:  94%|█████████▍| 1409/1492 [01:36<00:01, 46.24step/s]
[Origin 3/13] 🎲 Drawing Posterior Samples:  95%|█████████▍| 1415/1492 [01:36<00:01, 47.84step/s]
[Origin 3/13] 🎲 Drawing Posterior Samples:  95%|█████████▌| 1420/1492 [01:36<00:01, 46.27step/s]
[Origin 3/13] 🎲 Drawing Posterior Samples:  96%|█████████▌| 1426/1492 [01:36<00:01, 45.71step/s]
[Origin 3/13] 🎲 Drawing Posterior Samples:  96%|█████████▌| 1432/1492 [01:36<00:01, 47.49step/s]
[Origin 3/13] 🎲 Drawing Posterior Samples:  96%|█████████▋| 1437/1492 [01:36<00:01, 46.14step/s]
[Origin 3/13] 🎲 Drawing Posterior Samples:  97%|█████████▋| 1443/1492 [01:36<00:01, 48.03step/s]
[Origin 3/13] 🎲 Drawing Posterior Samples:  97%|█████████▋| 1448/1492 [01:37<00:00, 46.38step/s]
[Origin 3/13] 🎲 Drawing Posterior Samples:  97%|█████████▋| 1454/1492 [01:37<00:00, 47.69step/s]
[Origin 3/13] 🎲 Drawing Posterior Samples:  98%|█████████▊| 1459/1492 [01:37<00:01, 24.75step/s]
[Origin 3/13] 🎲 Drawing Posterior Samples:  98%|█████████▊| 1463/1492 [01:38<00:01, 15.80step/s]
[Origin 3/13] 🎲 Drawing Posterior Samples:  98%|█████████▊| 1466/1492 [01:38<00:02, 12.02step/s]
[Origin 3/13] 🎲 Drawing Posterior Samples:  98%|█████████▊| 1469/1492 [01:39<00:02,  9.61step/s]
[Origin 3/13] 🎲 Drawing Posterior Samples:  99%|█████████▊| 1471/1492 [01:39<00:02,  7.73step/s]
[Origin 3/13] 🎲 Drawing Posterior Samples:  99%|█████████▊| 1473/1492 [01:40<00:02,  6.75step/s]
[Origin 3/13] 🎲 Drawing Posterior Samples:  99%|█████████▉| 1475/1492 [01:40<00:02,  5.74step/s]
[Origin 3/13] 🎲 Drawing Posterior Samples:  99%|█████████▉| 1476/1492 [01:40<00:03,  5.26step/s]
[Origin 3/13] 🎲 Drawing Posterior Samples:  99%|█████████▉| 1477/1492 [01:41<00:02,  5.15step/s]
[Origin 3/13] 🎲 Drawing Posterior Samples:  99%|█████████▉| 1478/1492 [01:41<00:02,  5.10step/s]
[Origin 3/13] 🎲 Drawing Posterior Samples:  99%|█████████▉| 1479/1492 [01:41<00:02,  4.98step/s]
[Origin 3/13] 🎲 Drawing Posterior Samples:  99%|█████████▉| 1480/1492 [01:41<00:02,  4.84step/s]
[Origin 3/13] 🎲 Drawing Posterior Samples:  99%|█████████▉| 1481/1492 [01:42<00:02,  4.42step/s]
[Origin 3/13] 🎲 Drawing Posterior Samples:  99%|█████████▉| 1482/1492 [01:42<00:02,  4.35step/s]
[Origin 3/13] 🎲 Drawing Posterior Samples:  99%|█████████▉| 1483/1492 [01:42<00:02,  4.48step/s]
[Origin 3/13] 🎲 Drawing Posterior Samples:  99%|█████████▉| 1484/1492 [01:42<00:01,  4.66step/s]
[Origin 3/13] 🎲 Drawing Posterior Samples: 100%|█████████▉| 1485/1492 [01:42<00:01,  4.08step/s]
[Origin 3/13] 🎲 Drawing Posterior Samples: 100%|█████████▉| 1486/1492 [01:43<00:01,  4.16step/s]
[Origin 3/13] 🎲 Drawing Posterior Samples: 100%|█████████▉| 1487/1492 [01:43<00:01,  4.58step/s]
[Origin 3/13] 🎲 Drawing Posterior Samples: 100%|█████████▉| 1488/1492 [01:43<00:00,  4.57step/s]
[Origin 3/13] 🎲 Drawing Posterior Samples: 100%|█████████▉| 1489/1492 [01:43<00:00,  4.15step/s]
[Origin 3/13] 🎲 Drawing Posterior Samples: 100%|█████████▉| 1490/1492 [01:44<00:00,  4.04step/s]
[Origin 3/13] 🎲 Drawing Posterior Samples: 100%|█████████▉| 1491/1492 [01:44<00:00,  3.99step/s]
[Origin 3/13] 🎲 Drawing Posterior Samples: 100%|██████████| 1492/1492 [01:44<00:00,  4.23step/s]
                                                                                                 

[Origin 4/13] 🎲 Drawing Posterior Samples:   0%|          | 0/1496 [00:00<?, ?step/s]
[Origin 4/13] 🎲 Drawing Posterior Samples:   0%|          | 5/1496 [00:00<00:31, 46.65step/s]
[Origin 4/13] 🎲 Drawing Posterior Samples:   1%|          | 10/1496 [00:00<00:34, 42.55step/s]
[Origin 4/13] 🎲 Drawing Posterior Samples:   1%|          | 15/1496 [00:00<00:35, 41.84step/s]
[Origin 4/13] 🎲 Drawing Posterior Samples:   1%|▏         | 20/1496 [00:00<00:35, 41.55step/s]
[Origin 4/13] 🎲 Drawing Posterior Samples:   2%|▏         | 25/1496 [00:00<00:35, 41.17step/s]
[Origin 4/13] 🎲 Drawing Posterior Samples:   2%|▏         | 30/1496 [00:00<00:35, 40.73step/s]
[Origin 4/13] 🎲 Drawing Posterior Samples:   2%|▏         | 35/1496 [00:00<00:40, 35.81step/s]
[Origin 4/13] 🎲 Drawing Posterior Samples:   3%|▎         | 41/1496 [00:01<00:35, 40.59step/s]
[Origin 4/13] 🎲 Drawing Posterior Samples:   3%|▎         | 46/1496 [00:01<00:39, 36.93step/s]
[Origin 4/13] 🎲 Drawing Posterior Samples:   3%|▎         | 50/1496 [00:01<00:39, 36.46step/s]
[Origin 4/13] 🎲 Drawing Posterior Samples:   4%|▎         | 55/1496 [00:01<00:37, 38.24step/s]
[Origin 4/13] 🎲 Drawing Posterior Samples:   4%|▍         | 60/1496 [00:01<00:35, 40.98step/s]
[Origin 4/13] 🎲 Drawing Posterior Samples:   4%|▍         | 65/1496 [00:01<00:36, 39.23step/s]
[Origin 4/13] 🎲 Drawing Posterior Samples:   5%|▍         | 70/1496 [00:01<00:36, 38.55step/s]
[Origin 4/13] 🎲 Drawing Posterior Samples:   5%|▍         | 74/1496 [00:01<00:36, 38.83step/s]
[Origin 4/13] 🎲 Drawing Posterior Samples:   5%|▌         | 80/1496 [00:02<00:33, 42.40step/s]
[Origin 4/13] 🎲 Drawing Posterior Samples:   6%|▌         | 85/1496 [00:02<00:33, 41.52step/s]
[Origin 4/13] 🎲 Drawing Posterior Samples:   6%|▌         | 90/1496 [00:02<00:33, 41.92step/s]
[Origin 4/13] 🎲 Drawing Posterior Samples:   6%|▋         | 95/1496 [00:02<00:32, 42.68step/s]
[Origin 4/13] 🎲 Drawing Posterior Samples:   7%|▋         | 100/1496 [00:02<00:33, 41.11step/s]
[Origin 4/13] 🎲 Drawing Posterior Samples:   7%|▋         | 106/1496 [00:02<00:31, 44.28step/s]
[Origin 4/13] 🎲 Drawing Posterior Samples:   7%|▋         | 111/1496 [00:02<00:32, 43.05step/s]
[Origin 4/13] 🎲 Drawing Posterior Samples:   8%|▊         | 116/1496 [00:02<00:32, 42.19step/s]
[Origin 4/13] 🎲 Drawing Posterior Samples:   8%|▊         | 121/1496 [00:02<00:33, 41.60step/s]
[Origin 4/13] 🎲 Drawing Posterior Samples:   8%|▊         | 126/1496 [00:03<00:33, 41.51step/s]
[Origin 4/13] 🎲 Drawing Posterior Samples:   9%|▉         | 131/1496 [00:03<00:34, 39.74step/s]
[Origin 4/13] 🎲 Drawing Posterior Samples:   9%|▉         | 135/1496 [00:03<00:37, 36.75step/s]
[Origin 4/13] 🎲 Drawing Posterior Samples:   9%|▉         | 140/1496 [00:03<00:36, 37.52step/s]
[Origin 4/13] 🎲 Drawing Posterior Samples:  10%|▉         | 145/1496 [00:03<00:35, 38.19step/s]
[Origin 4/13] 🎲 Drawing Posterior Samples:  10%|▉         | 149/1496 [00:03<00:35, 38.30step/s]
[Origin 4/13] 🎲 Drawing Posterior Samples:  10%|█         | 153/1496 [00:03<00:35, 38.28step/s]
[Origin 4/13] 🎲 Drawing Posterior Samples:  10%|█         | 157/1496 [00:03<00:36, 36.35step/s]
[Origin 4/13] 🎲 Drawing Posterior Samples:  11%|█         | 162/1496 [00:04<00:35, 37.43step/s]
[Origin 4/13] 🎲 Drawing Posterior Samples:  11%|█         | 168/1496 [00:04<00:31, 41.81step/s]
[Origin 4/13] 🎲 Drawing Posterior Samples:  12%|█▏        | 173/1496 [00:04<00:31, 42.42step/s]
[Origin 4/13] 🎲 Drawing Posterior Samples:  12%|█▏        | 179/1496 [00:04<00:29, 44.26step/s]
[Origin 4/13] 🎲 Drawing Posterior Samples:  12%|█▏        | 184/1496 [00:04<00:32, 40.39step/s]
[Origin 4/13] 🎲 Drawing Posterior Samples:  13%|█▎        | 189/1496 [00:04<00:30, 42.65step/s]
[Origin 4/13] 🎲 Drawing Posterior Samples:  13%|█▎        | 194/1496 [00:04<00:32, 40.66step/s]
[Origin 4/13] 🎲 Drawing Posterior Samples:  13%|█▎        | 199/1496 [00:04<00:32, 39.47step/s]
[Origin 4/13] 🎲 Drawing Posterior Samples:  14%|█▎        | 204/1496 [00:05<00:33, 38.07step/s]
[Origin 4/13] 🎲 Drawing Posterior Samples:  14%|█▍        | 210/1496 [00:05<00:30, 41.60step/s]
[Origin 4/13] 🎲 Drawing Posterior Samples:  14%|█▍        | 216/1496 [00:05<00:28, 44.44step/s]
[Origin 4/13] 🎲 Drawing Posterior Samples:  15%|█▍        | 222/1496 [00:05<00:28, 44.69step/s]
[Origin 4/13] 🎲 Drawing Posterior Samples:  15%|█▌        | 227/1496 [00:05<00:29, 43.06step/s]
[Origin 4/13] 🎲 Drawing Posterior Samples:  16%|█▌        | 232/1496 [00:05<00:29, 42.69step/s]
[Origin 4/13] 🎲 Drawing Posterior Samples:  16%|█▌        | 237/1496 [00:05<00:31, 39.73step/s]
[Origin 4/13] 🎲 Drawing Posterior Samples:  16%|█▌        | 242/1496 [00:05<00:31, 39.80step/s]
[Origin 4/13] 🎲 Drawing Posterior Samples:  17%|█▋        | 247/1496 [00:06<00:31, 40.06step/s]
[Origin 4/13] 🎲 Drawing Posterior Samples:  17%|█▋        | 253/1496 [00:06<00:28, 43.53step/s]
[Origin 4/13] 🎲 Drawing Posterior Samples:  17%|█▋        | 258/1496 [00:06<00:29, 41.40step/s]
[Origin 4/13] 🎲 Drawing Posterior Samples:  18%|█▊        | 264/1496 [00:06<00:28, 43.81step/s]
[Origin 4/13] 🎲 Drawing Posterior Samples:  18%|█▊        | 269/1496 [00:06<00:29, 41.44step/s]
[Origin 4/13] 🎲 Drawing Posterior Samples:  18%|█▊        | 274/1496 [00:06<00:28, 43.31step/s]
[Origin 4/13] 🎲 Drawing Posterior Samples:  19%|█▊        | 279/1496 [00:06<00:27, 43.96step/s]
[Origin 4/13] 🎲 Drawing Posterior Samples:  19%|█▉        | 284/1496 [00:07<00:34, 35.44step/s]
[Origin 4/13] 🎲 Drawing Posterior Samples:  19%|█▉        | 288/1496 [00:07<00:33, 36.22step/s]
[Origin 4/13] 🎲 Drawing Posterior Samples:  20%|█▉        | 294/1496 [00:07<00:29, 40.64step/s]
[Origin 4/13] 🎲 Drawing Posterior Samples:  20%|█▉        | 299/1496 [00:07<00:30, 39.13step/s]
[Origin 4/13] 🎲 Drawing Posterior Samples:  20%|██        | 304/1496 [00:07<00:28, 41.63step/s]
[Origin 4/13] 🎲 Drawing Posterior Samples:  21%|██        | 309/1496 [00:07<00:32, 36.83step/s]
[Origin 4/13] 🎲 Drawing Posterior Samples:  21%|██        | 313/1496 [00:07<00:31, 37.31step/s]
[Origin 4/13] 🎲 Drawing Posterior Samples:  21%|██        | 317/1496 [00:07<00:31, 37.56step/s]
[Origin 4/13] 🎲 Drawing Posterior Samples:  21%|██▏       | 321/1496 [00:07<00:31, 37.75step/s]
[Origin 4/13] 🎲 Drawing Posterior Samples:  22%|██▏       | 325/1496 [00:08<00:30, 38.00step/s]
[Origin 4/13] 🎲 Drawing Posterior Samples:  22%|██▏       | 329/1496 [00:08<00:33, 34.89step/s]
[Origin 4/13] 🎲 Drawing Posterior Samples:  22%|██▏       | 333/1496 [00:08<00:33, 34.64step/s]
[Origin 4/13] 🎲 Drawing Posterior Samples:  23%|██▎       | 339/1496 [00:08<00:44, 26.26step/s]
[Origin 4/13] 🎲 Drawing Posterior Samples:  23%|██▎       | 343/1496 [00:09<01:34, 12.16step/s]
[Origin 4/13] 🎲 Drawing Posterior Samples:  23%|██▎       | 346/1496 [00:09<01:58,  9.71step/s]
[Origin 4/13] 🎲 Drawing Posterior Samples:  23%|██▎       | 348/1496 [00:10<02:15,  8.48step/s]
[Origin 4/13] 🎲 Drawing Posterior Samples:  23%|██▎       | 350/1496 [00:10<02:37,  7.28step/s]
[Origin 4/13] 🎲 Drawing Posterior Samples:  24%|██▎       | 352/1496 [00:11<02:47,  6.85step/s]
[Origin 4/13] 🎲 Drawing Posterior Samples:  24%|██▎       | 353/1496 [00:11<02:53,  6.60step/s]
[Origin 4/13] 🎲 Drawing Posterior Samples:  24%|██▎       | 354/1496 [00:11<03:02,  6.24step/s]
[Origin 4/13] 🎲 Drawing Posterior Samples:  24%|██▎       | 355/1496 [00:11<03:06,  6.11step/s]
[Origin 4/13] 🎲 Drawing Posterior Samples:  24%|██▍       | 356/1496 [00:11<03:05,  6.15step/s]
[Origin 4/13] 🎲 Drawing Posterior Samples:  24%|██▍       | 357/1496 [00:12<03:06,  6.12step/s]
[Origin 4/13] 🎲 Drawing Posterior Samples:  24%|██▍       | 358/1496 [00:12<03:07,  6.06step/s]
[Origin 4/13] 🎲 Drawing Posterior Samples:  24%|██▍       | 359/1496 [00:12<03:20,  5.68step/s]
[Origin 4/13] 🎲 Drawing Posterior Samples:  24%|██▍       | 360/1496 [00:12<03:19,  5.69step/s]
[Origin 4/13] 🎲 Drawing Posterior Samples:  24%|██▍       | 361/1496 [00:12<03:19,  5.69step/s]
[Origin 4/13] 🎲 Drawing Posterior Samples:  24%|██▍       | 362/1496 [00:13<03:42,  5.10step/s]
[Origin 4/13] 🎲 Drawing Posterior Samples:  24%|██▍       | 363/1496 [00:13<03:28,  5.43step/s]
[Origin 4/13] 🎲 Drawing Posterior Samples:  24%|██▍       | 364/1496 [00:13<03:21,  5.62step/s]
[Origin 4/13] 🎲 Drawing Posterior Samples:  24%|██▍       | 365/1496 [00:13<03:33,  5.31step/s]
[Origin 4/13] 🎲 Drawing Posterior Samples:  24%|██▍       | 366/1496 [00:13<03:31,  5.35step/s]
[Origin 4/13] 🎲 Drawing Posterior Samples:  25%|██▍       | 367/1496 [00:13<03:28,  5.42step/s]
[Origin 4/13] 🎲 Drawing Posterior Samples:  25%|██▍       | 368/1496 [00:14<03:22,  5.57step/s]
[Origin 4/13] 🎲 Drawing Posterior Samples:  25%|██▍       | 369/1496 [00:14<03:23,  5.53step/s]
[Origin 4/13] 🎲 Drawing Posterior Samples:  25%|██▍       | 370/1496 [00:14<03:22,  5.55step/s]
[Origin 4/13] 🎲 Drawing Posterior Samples:  25%|██▍       | 371/1496 [00:14<03:30,  5.34step/s]
[Origin 4/13] 🎲 Drawing Posterior Samples:  25%|██▍       | 372/1496 [00:14<03:48,  4.92step/s]
[Origin 4/13] 🎲 Drawing Posterior Samples:  25%|██▍       | 373/1496 [00:15<03:42,  5.05step/s]
[Origin 4/13] 🎲 Drawing Posterior Samples:  25%|██▌       | 374/1496 [00:15<03:36,  5.18step/s]
[Origin 4/13] 🎲 Drawing Posterior Samples:  25%|██▌       | 375/1496 [00:37<2:04:45,  6.68s/step]
[Origin 4/13] 🎲 Drawing Posterior Samples:  26%|██▌       | 386/1496 [00:37<21:45,  1.18s/step]  
[Origin 4/13] 🎲 Drawing Posterior Samples:  26%|██▌       | 390/1496 [00:37<15:20,  1.20step/s]
[Origin 4/13] 🎲 Drawing Posterior Samples:  26%|██▋       | 394/1496 [00:37<10:50,  1.69step/s]
[Origin 4/13] 🎲 Drawing Posterior Samples:  27%|██▋       | 398/1496 [00:37<07:44,  2.36step/s]
[Origin 4/13] 🎲 Drawing Posterior Samples:  27%|██▋       | 402/1496 [00:37<05:42,  3.20step/s]
[Origin 4/13] 🎲 Drawing Posterior Samples:  27%|██▋       | 405/1496 [00:37<04:33,  3.98step/s]
[Origin 4/13] 🎲 Drawing Posterior Samples:  27%|██▋       | 408/1496 [00:38<03:33,  5.10step/s]
[Origin 4/13] 🎲 Drawing Posterior Samples:  27%|██▋       | 411/1496 [00:38<02:51,  6.34step/s]
[Origin 4/13] 🎲 Drawing Posterior Samples:  28%|██▊       | 414/1496 [00:38<02:15,  7.98step/s]
[Origin 4/13] 🎲 Drawing Posterior Samples:  28%|██▊       | 417/1496 [00:38<01:50,  9.75step/s]
[Origin 4/13] 🎲 Drawing Posterior Samples:  28%|██▊       | 420/1496 [00:38<01:29, 12.00step/s]
[Origin 4/13] 🎲 Drawing Posterior Samples:  28%|██▊       | 423/1496 [00:38<01:16, 13.98step/s]
[Origin 4/13] 🎲 Drawing Posterior Samples:  28%|██▊       | 426/1496 [00:38<01:08, 15.72step/s]
[Origin 4/13] 🎲 Drawing Posterior Samples:  29%|██▊       | 429/1496 [00:38<01:03, 16.93step/s]
[Origin 4/13] 🎲 Drawing Posterior Samples:  29%|██▉       | 432/1496 [00:39<00:59, 17.91step/s]
[Origin 4/13] 🎲 Drawing Posterior Samples:  29%|██▉       | 435/1496 [00:39<00:56, 18.68step/s]
[Origin 4/13] 🎲 Drawing Posterior Samples:  29%|██▉       | 438/1496 [00:39<00:53, 19.95step/s]
[Origin 4/13] 🎲 Drawing Posterior Samples:  29%|██▉       | 441/1496 [00:39<00:50, 21.00step/s]
[Origin 4/13] 🎲 Drawing Posterior Samples:  30%|██▉       | 444/1496 [00:39<00:45, 22.97step/s]
[Origin 4/13] 🎲 Drawing Posterior Samples:  30%|██▉       | 447/1496 [00:39<00:45, 22.82step/s]
[Origin 4/13] 🎲 Drawing Posterior Samples:  30%|███       | 450/1496 [00:39<00:46, 22.35step/s]
[Origin 4/13] 🎲 Drawing Posterior Samples:  30%|███       | 453/1496 [00:40<00:45, 22.72step/s]
[Origin 4/13] 🎲 Drawing Posterior Samples:  30%|███       | 456/1496 [00:40<00:46, 22.27step/s]
[Origin 4/13] 🎲 Drawing Posterior Samples:  31%|███       | 459/1496 [00:40<00:47, 22.06step/s]
[Origin 4/13] 🎲 Drawing Posterior Samples:  31%|███       | 462/1496 [00:40<00:46, 22.24step/s]
[Origin 4/13] 🎲 Drawing Posterior Samples:  31%|███       | 465/1496 [00:40<00:45, 22.73step/s]
[Origin 4/13] 🎲 Drawing Posterior Samples:  31%|███▏      | 468/1496 [00:40<00:44, 23.24step/s]
[Origin 4/13] 🎲 Drawing Posterior Samples:  31%|███▏      | 471/1496 [00:40<00:42, 24.28step/s]
[Origin 4/13] 🎲 Drawing Posterior Samples:  32%|███▏      | 474/1496 [00:40<00:44, 23.05step/s]
[Origin 4/13] 🎲 Drawing Posterior Samples:  32%|███▏      | 477/1496 [00:41<00:43, 23.19step/s]
[Origin 4/13] 🎲 Drawing Posterior Samples:  32%|███▏      | 480/1496 [00:41<00:46, 22.06step/s]
[Origin 4/13] 🎲 Drawing Posterior Samples:  32%|███▏      | 483/1496 [00:41<00:46, 21.80step/s]
[Origin 4/13] 🎲 Drawing Posterior Samples:  32%|███▏      | 486/1496 [00:41<00:47, 21.31step/s]
[Origin 4/13] 🎲 Drawing Posterior Samples:  33%|███▎      | 489/1496 [00:41<00:46, 21.49step/s]
[Origin 4/13] 🎲 Drawing Posterior Samples:  33%|███▎      | 492/1496 [00:41<00:47, 21.15step/s]
[Origin 4/13] 🎲 Drawing Posterior Samples:  33%|███▎      | 495/1496 [00:41<00:46, 21.64step/s]
[Origin 4/13] 🎲 Drawing Posterior Samples:  33%|███▎      | 498/1496 [00:42<00:44, 22.43step/s]
[Origin 4/13] 🎲 Drawing Posterior Samples:  33%|███▎      | 501/1496 [00:42<00:45, 22.06step/s]
[Origin 4/13] 🎲 Drawing Posterior Samples:  34%|███▎      | 504/1496 [00:42<00:46, 21.37step/s]
[Origin 4/13] 🎲 Drawing Posterior Samples:  34%|███▍      | 507/1496 [00:42<00:42, 23.17step/s]
[Origin 4/13] 🎲 Drawing Posterior Samples:  34%|███▍      | 510/1496 [00:42<00:41, 23.52step/s]
[Origin 4/13] 🎲 Drawing Posterior Samples:  34%|███▍      | 513/1496 [00:42<00:41, 23.95step/s]
[Origin 4/13] 🎲 Drawing Posterior Samples:  34%|███▍      | 516/1496 [00:42<00:42, 23.04step/s]
[Origin 4/13] 🎲 Drawing Posterior Samples:  35%|███▍      | 519/1496 [00:42<00:40, 23.99step/s]
[Origin 4/13] 🎲 Drawing Posterior Samples:  35%|███▍      | 522/1496 [00:43<00:39, 24.47step/s]
[Origin 4/13] 🎲 Drawing Posterior Samples:  35%|███▌      | 525/1496 [00:43<00:39, 24.31step/s]
[Origin 4/13] 🎲 Drawing Posterior Samples:  35%|███▌      | 528/1496 [00:43<00:40, 24.15step/s]
[Origin 4/13] 🎲 Drawing Posterior Samples:  35%|███▌      | 531/1496 [00:43<00:40, 23.63step/s]
[Origin 4/13] 🎲 Drawing Posterior Samples:  36%|███▌      | 534/1496 [00:43<00:40, 24.02step/s]
[Origin 4/13] 🎲 Drawing Posterior Samples:  36%|███▌      | 537/1496 [00:43<00:38, 24.71step/s]
[Origin 4/13] 🎲 Drawing Posterior Samples:  36%|███▌      | 540/1496 [00:43<00:39, 24.38step/s]
[Origin 4/13] 🎲 Drawing Posterior Samples:  36%|███▋      | 543/1496 [00:43<00:40, 23.38step/s]
[Origin 4/13] 🎲 Drawing Posterior Samples:  36%|███▋      | 546/1496 [00:44<00:41, 22.93step/s]
[Origin 4/13] 🎲 Drawing Posterior Samples:  37%|███▋      | 549/1496 [00:44<00:39, 24.20step/s]
[Origin 4/13] 🎲 Drawing Posterior Samples:  37%|███▋      | 552/1496 [00:44<00:38, 24.21step/s]
[Origin 4/13] 🎲 Drawing Posterior Samples:  37%|███▋      | 555/1496 [00:44<00:41, 22.41step/s]
[Origin 4/13] 🎲 Drawing Posterior Samples:  37%|███▋      | 558/1496 [00:44<00:43, 21.61step/s]
[Origin 4/13] 🎲 Drawing Posterior Samples:  38%|███▊      | 561/1496 [00:44<00:44, 20.95step/s]
[Origin 4/13] 🎲 Drawing Posterior Samples:  38%|███▊      | 564/1496 [00:44<00:44, 21.03step/s]
[Origin 4/13] 🎲 Drawing Posterior Samples:  38%|███▊      | 567/1496 [00:45<00:42, 21.71step/s]
[Origin 4/13] 🎲 Drawing Posterior Samples:  38%|███▊      | 570/1496 [00:45<00:41, 22.37step/s]
[Origin 4/13] 🎲 Drawing Posterior Samples:  38%|███▊      | 573/1496 [00:45<00:41, 22.02step/s]
[Origin 4/13] 🎲 Drawing Posterior Samples:  39%|███▊      | 576/1496 [00:45<00:39, 23.25step/s]
[Origin 4/13] 🎲 Drawing Posterior Samples:  39%|███▊      | 579/1496 [00:45<00:38, 23.85step/s]
[Origin 4/13] 🎲 Drawing Posterior Samples:  39%|███▉      | 582/1496 [00:45<00:41, 22.17step/s]
[Origin 4/13] 🎲 Drawing Posterior Samples:  39%|███▉      | 585/1496 [00:45<00:41, 21.83step/s]
[Origin 4/13] 🎲 Drawing Posterior Samples:  39%|███▉      | 588/1496 [00:45<00:43, 21.04step/s]
[Origin 4/13] 🎲 Drawing Posterior Samples:  40%|███▉      | 591/1496 [00:46<00:42, 21.39step/s]
[Origin 4/13] 🎲 Drawing Posterior Samples:  40%|███▉      | 594/1496 [00:46<00:40, 22.31step/s]
[Origin 4/13] 🎲 Drawing Posterior Samples:  40%|███▉      | 597/1496 [00:46<00:39, 22.77step/s]
[Origin 4/13] 🎲 Drawing Posterior Samples:  40%|████      | 600/1496 [00:46<00:38, 23.28step/s]
[Origin 4/13] 🎲 Drawing Posterior Samples:  40%|████      | 603/1496 [00:46<00:38, 23.29step/s]
[Origin 4/13] 🎲 Drawing Posterior Samples:  41%|████      | 606/1496 [00:46<00:40, 22.02step/s]
[Origin 4/13] 🎲 Drawing Posterior Samples:  41%|████      | 609/1496 [00:46<00:40, 21.67step/s]
[Origin 4/13] 🎲 Drawing Posterior Samples:  41%|████      | 612/1496 [00:47<00:41, 21.15step/s]
[Origin 4/13] 🎲 Drawing Posterior Samples:  41%|████      | 615/1496 [00:47<00:39, 22.09step/s]
[Origin 4/13] 🎲 Drawing Posterior Samples:  41%|████▏     | 618/1496 [00:47<00:40, 21.93step/s]
[Origin 4/13] 🎲 Drawing Posterior Samples:  42%|████▏     | 621/1496 [00:47<00:38, 22.57step/s]
[Origin 4/13] 🎲 Drawing Posterior Samples:  42%|████▏     | 624/1496 [00:47<00:37, 23.45step/s]
[Origin 4/13] 🎲 Drawing Posterior Samples:  42%|████▏     | 627/1496 [00:47<00:35, 24.80step/s]
[Origin 4/13] 🎲 Drawing Posterior Samples:  42%|████▏     | 630/1496 [00:47<00:36, 23.72step/s]
[Origin 4/13] 🎲 Drawing Posterior Samples:  42%|████▏     | 633/1496 [00:47<00:37, 23.29step/s]
[Origin 4/13] 🎲 Drawing Posterior Samples:  43%|████▎     | 636/1496 [00:48<00:36, 23.34step/s]
[Origin 4/13] 🎲 Drawing Posterior Samples:  43%|████▎     | 639/1496 [00:48<00:38, 22.20step/s]
[Origin 4/13] 🎲 Drawing Posterior Samples:  43%|████▎     | 642/1496 [00:48<00:38, 22.37step/s]
[Origin 4/13] 🎲 Drawing Posterior Samples:  43%|████▎     | 645/1496 [00:48<00:38, 22.05step/s]
[Origin 4/13] 🎲 Drawing Posterior Samples:  43%|████▎     | 648/1496 [00:48<00:37, 22.66step/s]
[Origin 4/13] 🎲 Drawing Posterior Samples:  44%|████▎     | 651/1496 [00:48<00:35, 23.53step/s]
[Origin 4/13] 🎲 Drawing Posterior Samples:  44%|████▎     | 654/1496 [00:48<00:38, 22.00step/s]
[Origin 4/13] 🎲 Drawing Posterior Samples:  44%|████▍     | 658/1496 [00:49<00:34, 24.40step/s]
[Origin 4/13] 🎲 Drawing Posterior Samples:  44%|████▍     | 661/1496 [00:49<00:36, 22.82step/s]
[Origin 4/13] 🎲 Drawing Posterior Samples:  44%|████▍     | 664/1496 [00:49<00:34, 23.87step/s]
[Origin 4/13] 🎲 Drawing Posterior Samples:  45%|████▍     | 667/1496 [00:49<00:36, 22.87step/s]
[Origin 4/13] 🎲 Drawing Posterior Samples:  45%|████▍     | 671/1496 [00:49<00:31, 25.88step/s]
[Origin 4/13] 🎲 Drawing Posterior Samples:  45%|████▌     | 676/1496 [00:49<00:27, 30.09step/s]
[Origin 4/13] 🎲 Drawing Posterior Samples:  45%|████▌     | 680/1496 [00:49<00:25, 32.23step/s]
[Origin 4/13] 🎲 Drawing Posterior Samples:  46%|████▌     | 684/1496 [00:49<00:24, 33.12step/s]
[Origin 4/13] 🎲 Drawing Posterior Samples:  46%|████▌     | 688/1496 [00:50<00:24, 32.95step/s]
[Origin 4/13] 🎲 Drawing Posterior Samples:  46%|████▋     | 692/1496 [00:50<00:23, 34.08step/s]
[Origin 4/13] 🎲 Drawing Posterior Samples:  47%|████▋     | 696/1496 [00:50<00:22, 35.00step/s]
[Origin 4/13] 🎲 Drawing Posterior Samples:  47%|████▋     | 700/1496 [00:50<00:21, 36.19step/s]
[Origin 4/13] 🎲 Drawing Posterior Samples:  47%|████▋     | 704/1496 [00:50<00:21, 36.37step/s]
[Origin 4/13] 🎲 Drawing Posterior Samples:  47%|████▋     | 709/1496 [00:50<00:20, 37.74step/s]
[Origin 4/13] 🎲 Drawing Posterior Samples:  48%|████▊     | 713/1496 [00:50<00:27, 28.42step/s]
[Origin 4/13] 🎲 Drawing Posterior Samples:  48%|████▊     | 717/1496 [00:51<01:07, 11.52step/s]
[Origin 4/13] 🎲 Drawing Posterior Samples:  48%|████▊     | 720/1496 [00:52<01:25,  9.09step/s]
[Origin 4/13] 🎲 Drawing Posterior Samples:  48%|████▊     | 722/1496 [00:52<01:48,  7.14step/s]
[Origin 4/13] 🎲 Drawing Posterior Samples:  48%|████▊     | 724/1496 [00:53<02:00,  6.42step/s]
[Origin 4/13] 🎲 Drawing Posterior Samples:  49%|████▊     | 726/1496 [00:53<02:11,  5.85step/s]
[Origin 4/13] 🎲 Drawing Posterior Samples:  49%|████▊     | 727/1496 [00:53<02:19,  5.53step/s]
[Origin 4/13] 🎲 Drawing Posterior Samples:  49%|████▊     | 728/1496 [00:54<02:31,  5.07step/s]
[Origin 4/13] 🎲 Drawing Posterior Samples:  49%|████▊     | 729/1496 [00:54<02:41,  4.74step/s]
[Origin 4/13] 🎲 Drawing Posterior Samples:  49%|████▉     | 730/1496 [00:54<02:53,  4.41step/s]
[Origin 4/13] 🎲 Drawing Posterior Samples:  49%|████▉     | 731/1496 [00:54<03:00,  4.25step/s]
[Origin 4/13] 🎲 Drawing Posterior Samples:  49%|████▉     | 732/1496 [00:55<03:08,  4.05step/s]
[Origin 4/13] 🎲 Drawing Posterior Samples:  49%|████▉     | 733/1496 [00:55<03:09,  4.04step/s]
[Origin 4/13] 🎲 Drawing Posterior Samples:  49%|████▉     | 734/1496 [00:55<03:19,  3.82step/s]
[Origin 4/13] 🎲 Drawing Posterior Samples:  49%|████▉     | 735/1496 [00:55<03:06,  4.09step/s]
[Origin 4/13] 🎲 Drawing Posterior Samples:  49%|████▉     | 736/1496 [00:56<03:04,  4.12step/s]
[Origin 4/13] 🎲 Drawing Posterior Samples:  49%|████▉     | 737/1496 [00:56<03:24,  3.71step/s]
[Origin 4/13] 🎲 Drawing Posterior Samples:  49%|████▉     | 738/1496 [00:56<03:13,  3.92step/s]
[Origin 4/13] 🎲 Drawing Posterior Samples:  49%|████▉     | 739/1496 [00:57<03:18,  3.82step/s]
[Origin 4/13] 🎲 Drawing Posterior Samples:  49%|████▉     | 740/1496 [00:57<03:19,  3.79step/s]
[Origin 4/13] 🎲 Drawing Posterior Samples:  50%|████▉     | 741/1496 [00:57<03:03,  4.11step/s]
[Origin 4/13] 🎲 Drawing Posterior Samples:  50%|████▉     | 742/1496 [00:57<02:55,  4.29step/s]
[Origin 4/13] 🎲 Drawing Posterior Samples:  50%|████▉     | 743/1496 [00:57<02:49,  4.43step/s]
[Origin 4/13] 🎲 Drawing Posterior Samples:  50%|████▉     | 744/1496 [00:58<02:44,  4.56step/s]
[Origin 4/13] 🎲 Drawing Posterior Samples:  50%|████▉     | 745/1496 [00:58<02:46,  4.52step/s]
[Origin 4/13] 🎲 Drawing Posterior Samples:  50%|████▉     | 746/1496 [00:58<02:51,  4.37step/s]
[Origin 4/13] 🎲 Drawing Posterior Samples:  50%|████▉     | 747/1496 [00:59<04:30,  2.77step/s]
[Origin 4/13] 🎲 Drawing Posterior Samples:  50%|█████     | 748/1496 [00:59<04:07,  3.03step/s]
[Origin 4/13] 🎲 Drawing Posterior Samples:  50%|█████     | 749/1496 [01:21<1:24:01,  6.75s/step]
[Origin 4/13] 🎲 Drawing Posterior Samples:  50%|█████     | 752/1496 [01:21<36:53,  2.98s/step]  
[Origin 4/13] 🎲 Drawing Posterior Samples:  51%|█████     | 760/1496 [01:21<11:44,  1.04step/s]
[Origin 4/13] 🎲 Drawing Posterior Samples:  51%|█████     | 764/1496 [01:21<07:57,  1.53step/s]
[Origin 4/13] 🎲 Drawing Posterior Samples:  51%|█████▏    | 768/1496 [01:21<05:29,  2.21step/s]
[Origin 4/13] 🎲 Drawing Posterior Samples:  52%|█████▏    | 772/1496 [01:21<03:51,  3.13step/s]
[Origin 4/13] 🎲 Drawing Posterior Samples:  52%|█████▏    | 776/1496 [01:22<02:48,  4.26step/s]
[Origin 4/13] 🎲 Drawing Posterior Samples:  52%|█████▏    | 780/1496 [01:22<02:04,  5.76step/s]
[Origin 4/13] 🎲 Drawing Posterior Samples:  53%|█████▎    | 786/1496 [01:22<01:19,  8.88step/s]
[Origin 4/13] 🎲 Drawing Posterior Samples:  53%|█████▎    | 790/1496 [01:22<01:03, 11.09step/s]
[Origin 4/13] 🎲 Drawing Posterior Samples:  53%|█████▎    | 794/1496 [01:22<00:52, 13.43step/s]
[Origin 4/13] 🎲 Drawing Posterior Samples:  53%|█████▎    | 798/1496 [01:22<00:44, 15.60step/s]
[Origin 4/13] 🎲 Drawing Posterior Samples:  54%|█████▎    | 802/1496 [01:22<00:40, 17.14step/s]
[Origin 4/13] 🎲 Drawing Posterior Samples:  54%|█████▍    | 806/1496 [01:22<00:33, 20.59step/s]
[Origin 4/13] 🎲 Drawing Posterior Samples:  54%|█████▍    | 810/1496 [01:23<00:28, 23.77step/s]
[Origin 4/13] 🎲 Drawing Posterior Samples:  54%|█████▍    | 814/1496 [01:23<00:25, 26.85step/s]
[Origin 4/13] 🎲 Drawing Posterior Samples:  55%|█████▍    | 818/1496 [01:23<00:23, 29.32step/s]
[Origin 4/13] 🎲 Drawing Posterior Samples:  55%|█████▍    | 822/1496 [01:23<00:21, 31.24step/s]
[Origin 4/13] 🎲 Drawing Posterior Samples:  55%|█████▌    | 826/1496 [01:23<00:20, 32.82step/s]
[Origin 4/13] 🎲 Drawing Posterior Samples:  55%|█████▌    | 830/1496 [01:23<00:19, 34.17step/s]
[Origin 4/13] 🎲 Drawing Posterior Samples:  56%|█████▌    | 834/1496 [01:23<00:18, 35.50step/s]
[Origin 4/13] 🎲 Drawing Posterior Samples:  56%|█████▌    | 839/1496 [01:23<00:17, 37.02step/s]
[Origin 4/13] 🎲 Drawing Posterior Samples:  56%|█████▋    | 843/1496 [01:23<00:17, 37.48step/s]
[Origin 4/13] 🎲 Drawing Posterior Samples:  57%|█████▋    | 848/1496 [01:24<00:16, 38.75step/s]
[Origin 4/13] 🎲 Drawing Posterior Samples:  57%|█████▋    | 852/1496 [01:24<00:16, 38.45step/s]
[Origin 4/13] 🎲 Drawing Posterior Samples:  57%|█████▋    | 856/1496 [01:24<00:16, 38.40step/s]
[Origin 4/13] 🎲 Drawing Posterior Samples:  57%|█████▋    | 860/1496 [01:24<00:16, 38.04step/s]
[Origin 4/13] 🎲 Drawing Posterior Samples:  58%|█████▊    | 865/1496 [01:24<00:16, 38.67step/s]
[Origin 4/13] 🎲 Drawing Posterior Samples:  58%|█████▊    | 869/1496 [01:24<00:19, 32.35step/s]
[Origin 4/13] 🎲 Drawing Posterior Samples:  58%|█████▊    | 873/1496 [01:24<00:20, 31.00step/s]
[Origin 4/13] 🎲 Drawing Posterior Samples:  59%|█████▊    | 877/1496 [01:24<00:21, 28.51step/s]
[Origin 4/13] 🎲 Drawing Posterior Samples:  59%|█████▉    | 883/1496 [01:25<00:17, 34.55step/s]
[Origin 4/13] 🎲 Drawing Posterior Samples:  59%|█████▉    | 887/1496 [01:25<00:17, 35.40step/s]
[Origin 4/13] 🎲 Drawing Posterior Samples:  60%|█████▉    | 891/1496 [01:25<00:16, 35.89step/s]
[Origin 4/13] 🎲 Drawing Posterior Samples:  60%|█████▉    | 895/1496 [01:25<00:16, 36.53step/s]
[Origin 4/13] 🎲 Drawing Posterior Samples:  60%|██████    | 899/1496 [01:25<00:17, 33.92step/s]
[Origin 4/13] 🎲 Drawing Posterior Samples:  60%|██████    | 903/1496 [01:25<00:18, 32.81step/s]
[Origin 4/13] 🎲 Drawing Posterior Samples:  61%|██████    | 907/1496 [01:25<00:18, 31.65step/s]
[Origin 4/13] 🎲 Drawing Posterior Samples:  61%|██████    | 911/1496 [01:25<00:18, 31.07step/s]
[Origin 4/13] 🎲 Drawing Posterior Samples:  61%|██████    | 915/1496 [01:26<00:19, 29.62step/s]
[Origin 4/13] 🎲 Drawing Posterior Samples:  61%|██████▏   | 919/1496 [01:26<00:19, 29.25step/s]
[Origin 4/13] 🎲 Drawing Posterior Samples:  62%|██████▏   | 922/1496 [01:26<00:21, 26.95step/s]
[Origin 4/13] 🎲 Drawing Posterior Samples:  62%|██████▏   | 925/1496 [01:26<00:23, 24.09step/s]
[Origin 4/13] 🎲 Drawing Posterior Samples:  62%|██████▏   | 928/1496 [01:26<00:25, 22.64step/s]
[Origin 4/13] 🎲 Drawing Posterior Samples:  62%|██████▏   | 931/1496 [01:26<00:23, 23.97step/s]
[Origin 4/13] 🎲 Drawing Posterior Samples:  62%|██████▏   | 934/1496 [01:26<00:23, 24.24step/s]
[Origin 4/13] 🎲 Drawing Posterior Samples:  63%|██████▎   | 937/1496 [01:27<00:24, 22.54step/s]
[Origin 4/13] 🎲 Drawing Posterior Samples:  63%|██████▎   | 940/1496 [01:27<00:24, 22.62step/s]
[Origin 4/13] 🎲 Drawing Posterior Samples:  63%|██████▎   | 943/1496 [01:27<00:24, 22.71step/s]
[Origin 4/13] 🎲 Drawing Posterior Samples:  63%|██████▎   | 946/1496 [01:27<00:23, 23.89step/s]
[Origin 4/13] 🎲 Drawing Posterior Samples:  63%|██████▎   | 949/1496 [01:27<00:23, 23.26step/s]
[Origin 4/13] 🎲 Drawing Posterior Samples:  64%|██████▎   | 952/1496 [01:27<00:22, 24.13step/s]
[Origin 4/13] 🎲 Drawing Posterior Samples:  64%|██████▍   | 955/1496 [01:27<00:21, 24.95step/s]
[Origin 4/13] 🎲 Drawing Posterior Samples:  64%|██████▍   | 958/1496 [01:27<00:22, 23.69step/s]
[Origin 4/13] 🎲 Drawing Posterior Samples:  64%|██████▍   | 961/1496 [01:28<00:23, 23.24step/s]
[Origin 4/13] 🎲 Drawing Posterior Samples:  65%|██████▍   | 967/1496 [01:28<00:16, 31.32step/s]
[Origin 4/13] 🎲 Drawing Posterior Samples:  65%|██████▍   | 971/1496 [01:28<00:16, 31.14step/s]
[Origin 4/13] 🎲 Drawing Posterior Samples:  65%|██████▌   | 977/1496 [01:28<00:13, 37.09step/s]
[Origin 4/13] 🎲 Drawing Posterior Samples:  66%|██████▌   | 981/1496 [01:28<00:13, 37.25step/s]
[Origin 4/13] 🎲 Drawing Posterior Samples:  66%|██████▌   | 987/1496 [01:28<00:12, 41.36step/s]
[Origin 4/13] 🎲 Drawing Posterior Samples:  66%|██████▋   | 992/1496 [01:28<00:14, 35.68step/s]
[Origin 4/13] 🎲 Drawing Posterior Samples:  67%|██████▋   | 996/1496 [01:29<00:17, 28.83step/s]
[Origin 4/13] 🎲 Drawing Posterior Samples:  67%|██████▋   | 1000/1496 [01:29<00:18, 26.24step/s]
[Origin 4/13] 🎲 Drawing Posterior Samples:  67%|██████▋   | 1003/1496 [01:29<00:18, 26.82step/s]
[Origin 4/13] 🎲 Drawing Posterior Samples:  67%|██████▋   | 1009/1496 [01:29<00:14, 33.07step/s]
[Origin 4/13] 🎲 Drawing Posterior Samples:  68%|██████▊   | 1013/1496 [01:29<00:15, 31.89step/s]
[Origin 4/13] 🎲 Drawing Posterior Samples:  68%|██████▊   | 1019/1496 [01:29<00:12, 37.21step/s]
[Origin 4/13] 🎲 Drawing Posterior Samples:  69%|██████▊   | 1025/1496 [01:29<00:11, 41.09step/s]
[Origin 4/13] 🎲 Drawing Posterior Samples:  69%|██████▉   | 1030/1496 [01:29<00:11, 41.39step/s]
[Origin 4/13] 🎲 Drawing Posterior Samples:  69%|██████▉   | 1036/1496 [01:30<00:10, 43.89step/s]
[Origin 4/13] 🎲 Drawing Posterior Samples:  70%|██████▉   | 1041/1496 [01:30<00:10, 43.31step/s]
[Origin 4/13] 🎲 Drawing Posterior Samples:  70%|██████▉   | 1046/1496 [01:30<00:10, 42.42step/s]
[Origin 4/13] 🎲 Drawing Posterior Samples:  70%|███████   | 1051/1496 [01:30<00:10, 43.38step/s]
[Origin 4/13] 🎲 Drawing Posterior Samples:  71%|███████   | 1056/1496 [01:30<00:11, 37.22step/s]
[Origin 4/13] 🎲 Drawing Posterior Samples:  71%|███████   | 1060/1496 [01:30<00:12, 33.95step/s]
[Origin 4/13] 🎲 Drawing Posterior Samples:  71%|███████   | 1064/1496 [01:30<00:14, 30.29step/s]
[Origin 4/13] 🎲 Drawing Posterior Samples:  71%|███████▏  | 1069/1496 [01:31<00:13, 32.64step/s]
[Origin 4/13] 🎲 Drawing Posterior Samples:  72%|███████▏  | 1075/1496 [01:31<00:11, 37.73step/s]
[Origin 4/13] 🎲 Drawing Posterior Samples:  72%|███████▏  | 1081/1496 [01:31<00:10, 41.42step/s]
[Origin 4/13] 🎲 Drawing Posterior Samples:  73%|███████▎  | 1087/1496 [01:31<00:17, 23.92step/s]
[Origin 4/13] 🎲 Drawing Posterior Samples:  73%|███████▎  | 1091/1496 [01:32<00:37, 10.77step/s]
[Origin 4/13] 🎲 Drawing Posterior Samples:  73%|███████▎  | 1094/1496 [01:33<00:44,  8.94step/s]
[Origin 4/13] 🎲 Drawing Posterior Samples:  73%|███████▎  | 1096/1496 [01:33<00:51,  7.81step/s]
[Origin 4/13] 🎲 Drawing Posterior Samples:  73%|███████▎  | 1098/1496 [01:34<00:52,  7.51step/s]
[Origin 4/13] 🎲 Drawing Posterior Samples:  74%|███████▎  | 1100/1496 [01:34<00:54,  7.24step/s]
[Origin 4/13] 🎲 Drawing Posterior Samples:  74%|███████▎  | 1102/1496 [01:34<00:58,  6.74step/s]
[Origin 4/13] 🎲 Drawing Posterior Samples:  74%|███████▎  | 1103/1496 [01:34<01:02,  6.31step/s]
[Origin 4/13] 🎲 Drawing Posterior Samples:  74%|███████▍  | 1104/1496 [01:35<01:06,  5.94step/s]
[Origin 4/13] 🎲 Drawing Posterior Samples:  74%|███████▍  | 1105/1496 [01:35<01:09,  5.63step/s]
[Origin 4/13] 🎲 Drawing Posterior Samples:  74%|███████▍  | 1106/1496 [01:35<01:09,  5.58step/s]
[Origin 4/13] 🎲 Drawing Posterior Samples:  74%|███████▍  | 1107/1496 [01:35<01:20,  4.81step/s]
[Origin 4/13] 🎲 Drawing Posterior Samples:  74%|███████▍  | 1108/1496 [01:36<01:20,  4.81step/s]
[Origin 4/13] 🎲 Drawing Posterior Samples:  74%|███████▍  | 1109/1496 [01:36<01:21,  4.77step/s]
[Origin 4/13] 🎲 Drawing Posterior Samples:  74%|███████▍  | 1110/1496 [01:36<01:18,  4.93step/s]
[Origin 4/13] 🎲 Drawing Posterior Samples:  74%|███████▍  | 1111/1496 [01:36<01:22,  4.68step/s]
[Origin 4/13] 🎲 Drawing Posterior Samples:  74%|███████▍  | 1112/1496 [01:36<01:23,  4.61step/s]
[Origin 4/13] 🎲 Drawing Posterior Samples:  74%|███████▍  | 1113/1496 [01:37<01:28,  4.31step/s]
[Origin 4/13] 🎲 Drawing Posterior Samples:  74%|███████▍  | 1114/1496 [01:37<01:33,  4.09step/s]
[Origin 4/13] 🎲 Drawing Posterior Samples:  75%|███████▍  | 1115/1496 [01:37<01:24,  4.51step/s]
[Origin 4/13] 🎲 Drawing Posterior Samples:  75%|███████▍  | 1116/1496 [01:37<01:20,  4.72step/s]
[Origin 4/13] 🎲 Drawing Posterior Samples:  75%|███████▍  | 1117/1496 [01:38<01:19,  4.76step/s]
[Origin 4/13] 🎲 Drawing Posterior Samples:  75%|███████▍  | 1118/1496 [01:38<01:17,  4.87step/s]
[Origin 4/13] 🎲 Drawing Posterior Samples:  75%|███████▍  | 1119/1496 [01:38<01:23,  4.53step/s]
[Origin 4/13] 🎲 Drawing Posterior Samples:  75%|███████▍  | 1120/1496 [01:38<01:32,  4.05step/s]
[Origin 4/13] 🎲 Drawing Posterior Samples:  75%|███████▍  | 1121/1496 [01:39<01:45,  3.56step/s]
[Origin 4/13] 🎲 Drawing Posterior Samples:  75%|███████▌  | 1122/1496 [01:39<01:50,  3.40step/s]
[Origin 4/13] 🎲 Drawing Posterior Samples:  75%|███████▌  | 1123/1496 [02:05<50:29,  8.12s/step]
[Origin 4/13] 🎲 Drawing Posterior Samples:  76%|███████▌  | 1131/1496 [02:06<11:13,  1.85s/step]
[Origin 4/13] 🎲 Drawing Posterior Samples:  76%|███████▌  | 1138/1496 [02:06<05:38,  1.06step/s]
[Origin 4/13] 🎲 Drawing Posterior Samples:  77%|███████▋  | 1145/1496 [02:06<03:17,  1.78step/s]
[Origin 4/13] 🎲 Drawing Posterior Samples:  77%|███████▋  | 1150/1496 [02:06<02:19,  2.48step/s]
[Origin 4/13] 🎲 Drawing Posterior Samples:  77%|███████▋  | 1155/1496 [02:06<01:38,  3.46step/s]
[Origin 4/13] 🎲 Drawing Posterior Samples:  78%|███████▊  | 1160/1496 [02:06<01:10,  4.77step/s]
[Origin 4/13] 🎲 Drawing Posterior Samples:  78%|███████▊  | 1166/1496 [02:06<00:48,  6.85step/s]
[Origin 4/13] 🎲 Drawing Posterior Samples:  78%|███████▊  | 1171/1496 [02:06<00:35,  9.08step/s]
[Origin 4/13] 🎲 Drawing Posterior Samples:  79%|███████▊  | 1176/1496 [02:07<00:29, 11.00step/s]
[Origin 4/13] 🎲 Drawing Posterior Samples:  79%|███████▉  | 1180/1496 [02:07<00:25, 12.39step/s]
[Origin 4/13] 🎲 Drawing Posterior Samples:  79%|███████▉  | 1184/1496 [02:07<00:22, 14.12step/s]
[Origin 4/13] 🎲 Drawing Posterior Samples:  79%|███████▉  | 1188/1496 [02:07<00:19, 15.77step/s]
[Origin 4/13] 🎲 Drawing Posterior Samples:  80%|███████▉  | 1191/1496 [02:07<00:17, 17.35step/s]
[Origin 4/13] 🎲 Drawing Posterior Samples:  80%|███████▉  | 1194/1496 [02:07<00:16, 18.40step/s]
[Origin 4/13] 🎲 Drawing Posterior Samples:  80%|████████  | 1198/1496 [02:07<00:14, 21.19step/s]
[Origin 4/13] 🎲 Drawing Posterior Samples:  80%|████████  | 1203/1496 [02:08<00:10, 26.75step/s]
[Origin 4/13] 🎲 Drawing Posterior Samples:  81%|████████  | 1208/1496 [02:08<00:09, 30.51step/s]
[Origin 4/13] 🎲 Drawing Posterior Samples:  81%|████████  | 1214/1496 [02:08<00:07, 35.88step/s]
[Origin 4/13] 🎲 Drawing Posterior Samples:  81%|████████▏ | 1219/1496 [02:08<00:07, 37.46step/s]
[Origin 4/13] 🎲 Drawing Posterior Samples:  82%|████████▏ | 1224/1496 [02:08<00:07, 37.54step/s]
[Origin 4/13] 🎲 Drawing Posterior Samples:  82%|████████▏ | 1229/1496 [02:08<00:08, 32.88step/s]
[Origin 4/13] 🎲 Drawing Posterior Samples:  82%|████████▏ | 1233/1496 [02:08<00:08, 30.07step/s]
[Origin 4/13] 🎲 Drawing Posterior Samples:  83%|████████▎ | 1237/1496 [02:09<00:09, 28.09step/s]
[Origin 4/13] 🎲 Drawing Posterior Samples:  83%|████████▎ | 1240/1496 [02:09<00:09, 27.50step/s]
[Origin 4/13] 🎲 Drawing Posterior Samples:  83%|████████▎ | 1243/1496 [02:09<00:09, 26.24step/s]
[Origin 4/13] 🎲 Drawing Posterior Samples:  83%|████████▎ | 1247/1496 [02:09<00:08, 29.29step/s]
[Origin 4/13] 🎲 Drawing Posterior Samples:  84%|████████▍ | 1253/1496 [02:09<00:06, 35.46step/s]
[Origin 4/13] 🎲 Drawing Posterior Samples:  84%|████████▍ | 1258/1496 [02:09<00:06, 37.07step/s]
[Origin 4/13] 🎲 Drawing Posterior Samples:  84%|████████▍ | 1262/1496 [02:09<00:07, 29.78step/s]
[Origin 4/13] 🎲 Drawing Posterior Samples:  85%|████████▍ | 1266/1496 [02:10<00:09, 25.36step/s]
[Origin 4/13] 🎲 Drawing Posterior Samples:  85%|████████▍ | 1269/1496 [02:10<00:09, 24.97step/s]
[Origin 4/13] 🎲 Drawing Posterior Samples:  85%|████████▌ | 1272/1496 [02:10<00:08, 25.04step/s]
[Origin 4/13] 🎲 Drawing Posterior Samples:  85%|████████▌ | 1275/1496 [02:10<00:08, 25.58step/s]
[Origin 4/13] 🎲 Drawing Posterior Samples:  86%|████████▌ | 1280/1496 [02:10<00:06, 31.07step/s]
[Origin 4/13] 🎲 Drawing Posterior Samples:  86%|████████▌ | 1285/1496 [02:10<00:06, 34.22step/s]
[Origin 4/13] 🎲 Drawing Posterior Samples:  86%|████████▌ | 1289/1496 [02:10<00:06, 34.01step/s]
[Origin 4/13] 🎲 Drawing Posterior Samples:  86%|████████▋ | 1293/1496 [02:10<00:05, 35.56step/s]
[Origin 4/13] 🎲 Drawing Posterior Samples:  87%|████████▋ | 1297/1496 [02:11<00:05, 36.66step/s]
[Origin 4/13] 🎲 Drawing Posterior Samples:  87%|████████▋ | 1301/1496 [02:11<00:05, 35.44step/s]
[Origin 4/13] 🎲 Drawing Posterior Samples:  87%|████████▋ | 1307/1496 [02:11<00:04, 39.78step/s]
[Origin 4/13] 🎲 Drawing Posterior Samples:  88%|████████▊ | 1312/1496 [02:11<00:04, 38.97step/s]
[Origin 4/13] 🎲 Drawing Posterior Samples:  88%|████████▊ | 1318/1496 [02:11<00:04, 42.77step/s]
[Origin 4/13] 🎲 Drawing Posterior Samples:  89%|████████▊ | 1324/1496 [02:11<00:03, 45.46step/s]
[Origin 4/13] 🎲 Drawing Posterior Samples:  89%|████████▉ | 1329/1496 [02:11<00:03, 44.71step/s]
[Origin 4/13] 🎲 Drawing Posterior Samples:  89%|████████▉ | 1334/1496 [02:11<00:03, 42.88step/s]
[Origin 4/13] 🎲 Drawing Posterior Samples:  90%|████████▉ | 1339/1496 [02:11<00:03, 42.54step/s]
[Origin 4/13] 🎲 Drawing Posterior Samples:  90%|████████▉ | 1344/1496 [02:12<00:03, 39.01step/s]
[Origin 4/13] 🎲 Drawing Posterior Samples:  90%|█████████ | 1348/1496 [02:12<00:04, 33.85step/s]
[Origin 4/13] 🎲 Drawing Posterior Samples:  90%|█████████ | 1352/1496 [02:12<00:04, 31.83step/s]
[Origin 4/13] 🎲 Drawing Posterior Samples:  91%|█████████ | 1356/1496 [02:12<00:04, 30.67step/s]
[Origin 4/13] 🎲 Drawing Posterior Samples:  91%|█████████ | 1360/1496 [02:12<00:05, 24.45step/s]
[Origin 4/13] 🎲 Drawing Posterior Samples:  91%|█████████ | 1363/1496 [02:13<00:05, 22.38step/s]
[Origin 4/13] 🎲 Drawing Posterior Samples:  91%|█████████▏| 1366/1496 [02:13<00:06, 21.28step/s]
[Origin 4/13] 🎲 Drawing Posterior Samples:  92%|█████████▏| 1369/1496 [02:13<00:06, 20.92step/s]
[Origin 4/13] 🎲 Drawing Posterior Samples:  92%|█████████▏| 1372/1496 [02:13<00:05, 21.61step/s]
[Origin 4/13] 🎲 Drawing Posterior Samples:  92%|█████████▏| 1376/1496 [02:13<00:05, 22.74step/s]
[Origin 4/13] 🎲 Drawing Posterior Samples:  92%|█████████▏| 1379/1496 [02:13<00:05, 21.20step/s]
[Origin 4/13] 🎲 Drawing Posterior Samples:  92%|█████████▏| 1382/1496 [02:13<00:05, 20.81step/s]
[Origin 4/13] 🎲 Drawing Posterior Samples:  93%|█████████▎| 1385/1496 [02:14<00:05, 20.89step/s]
[Origin 4/13] 🎲 Drawing Posterior Samples:  93%|█████████▎| 1388/1496 [02:14<00:04, 22.68step/s]
[Origin 4/13] 🎲 Drawing Posterior Samples:  93%|█████████▎| 1391/1496 [02:14<00:04, 21.23step/s]
[Origin 4/13] 🎲 Drawing Posterior Samples:  93%|█████████▎| 1395/1496 [02:14<00:04, 23.89step/s]
[Origin 4/13] 🎲 Drawing Posterior Samples:  94%|█████████▎| 1400/1496 [02:14<00:03, 29.54step/s]
[Origin 4/13] 🎲 Drawing Posterior Samples:  94%|█████████▍| 1404/1496 [02:14<00:03, 25.99step/s]
[Origin 4/13] 🎲 Drawing Posterior Samples:  94%|█████████▍| 1407/1496 [02:14<00:03, 23.23step/s]
[Origin 4/13] 🎲 Drawing Posterior Samples:  94%|█████████▍| 1410/1496 [02:15<00:03, 22.02step/s]
[Origin 4/13] 🎲 Drawing Posterior Samples:  94%|█████████▍| 1413/1496 [02:15<00:03, 21.58step/s]
[Origin 4/13] 🎲 Drawing Posterior Samples:  95%|█████████▍| 1416/1496 [02:15<00:03, 20.80step/s]
[Origin 4/13] 🎲 Drawing Posterior Samples:  95%|█████████▍| 1419/1496 [02:15<00:03, 19.57step/s]
[Origin 4/13] 🎲 Drawing Posterior Samples:  95%|█████████▌| 1422/1496 [02:15<00:03, 19.14step/s]
[Origin 4/13] 🎲 Drawing Posterior Samples:  95%|█████████▌| 1424/1496 [02:15<00:03, 18.64step/s]
[Origin 4/13] 🎲 Drawing Posterior Samples:  95%|█████████▌| 1426/1496 [02:15<00:03, 18.46step/s]
[Origin 4/13] 🎲 Drawing Posterior Samples:  95%|█████████▌| 1428/1496 [02:16<00:03, 18.68step/s]
[Origin 4/13] 🎲 Drawing Posterior Samples:  96%|█████████▌| 1430/1496 [02:16<00:03, 18.36step/s]
[Origin 4/13] 🎲 Drawing Posterior Samples:  96%|█████████▌| 1433/1496 [02:16<00:03, 18.52step/s]
[Origin 4/13] 🎲 Drawing Posterior Samples:  96%|█████████▌| 1436/1496 [02:16<00:03, 19.22step/s]
[Origin 4/13] 🎲 Drawing Posterior Samples:  96%|█████████▌| 1439/1496 [02:16<00:02, 20.54step/s]
[Origin 4/13] 🎲 Drawing Posterior Samples:  96%|█████████▋| 1442/1496 [02:16<00:02, 21.94step/s]
[Origin 4/13] 🎲 Drawing Posterior Samples:  97%|█████████▋| 1445/1496 [02:16<00:02, 21.89step/s]
[Origin 4/13] 🎲 Drawing Posterior Samples:  97%|█████████▋| 1448/1496 [02:17<00:02, 21.13step/s]
[Origin 4/13] 🎲 Drawing Posterior Samples:  97%|█████████▋| 1451/1496 [02:17<00:01, 22.81step/s]
[Origin 4/13] 🎲 Drawing Posterior Samples:  97%|█████████▋| 1454/1496 [02:17<00:01, 24.27step/s]
[Origin 4/13] 🎲 Drawing Posterior Samples:  97%|█████████▋| 1458/1496 [02:17<00:01, 27.85step/s]
[Origin 4/13] 🎲 Drawing Posterior Samples:  98%|█████████▊| 1461/1496 [02:17<00:01, 19.87step/s]
[Origin 4/13] 🎲 Drawing Posterior Samples:  98%|█████████▊| 1464/1496 [02:18<00:02, 12.31step/s]
[Origin 4/13] 🎲 Drawing Posterior Samples:  98%|█████████▊| 1466/1496 [02:18<00:03,  8.82step/s]
[Origin 4/13] 🎲 Drawing Posterior Samples:  98%|█████████▊| 1468/1496 [02:18<00:03,  7.94step/s]
[Origin 4/13] 🎲 Drawing Posterior Samples:  98%|█████████▊| 1470/1496 [02:19<00:03,  7.28step/s]
[Origin 4/13] 🎲 Drawing Posterior Samples:  98%|█████████▊| 1471/1496 [02:19<00:03,  6.90step/s]
[Origin 4/13] 🎲 Drawing Posterior Samples:  98%|█████████▊| 1472/1496 [02:19<00:03,  6.61step/s]
[Origin 4/13] 🎲 Drawing Posterior Samples:  98%|█████████▊| 1473/1496 [02:19<00:03,  6.41step/s]
[Origin 4/13] 🎲 Drawing Posterior Samples:  99%|█████████▊| 1474/1496 [02:20<00:03,  5.61step/s]
[Origin 4/13] 🎲 Drawing Posterior Samples:  99%|█████████▊| 1475/1496 [02:20<00:04,  5.22step/s]
[Origin 4/13] 🎲 Drawing Posterior Samples:  99%|█████████▊| 1476/1496 [02:20<00:03,  5.26step/s]
[Origin 4/13] 🎲 Drawing Posterior Samples:  99%|█████████▊| 1477/1496 [02:20<00:03,  5.28step/s]
[Origin 4/13] 🎲 Drawing Posterior Samples:  99%|█████████▉| 1478/1496 [02:20<00:03,  5.23step/s]
[Origin 4/13] 🎲 Drawing Posterior Samples:  99%|█████████▉| 1479/1496 [02:20<00:03,  5.49step/s]
[Origin 4/13] 🎲 Drawing Posterior Samples:  99%|█████████▉| 1480/1496 [02:21<00:02,  5.42step/s]
[Origin 4/13] 🎲 Drawing Posterior Samples:  99%|█████████▉| 1481/1496 [02:21<00:03,  4.43step/s]
[Origin 4/13] 🎲 Drawing Posterior Samples:  99%|█████████▉| 1482/1496 [02:21<00:03,  4.44step/s]
[Origin 4/13] 🎲 Drawing Posterior Samples:  99%|█████████▉| 1483/1496 [02:21<00:02,  4.84step/s]
[Origin 4/13] 🎲 Drawing Posterior Samples:  99%|█████████▉| 1484/1496 [02:22<00:02,  4.80step/s]
[Origin 4/13] 🎲 Drawing Posterior Samples:  99%|█████████▉| 1485/1496 [02:22<00:02,  4.53step/s]
[Origin 4/13] 🎲 Drawing Posterior Samples:  99%|█████████▉| 1486/1496 [02:22<00:02,  4.26step/s]
[Origin 4/13] 🎲 Drawing Posterior Samples:  99%|█████████▉| 1487/1496 [02:22<00:02,  4.26step/s]
[Origin 4/13] 🎲 Drawing Posterior Samples:  99%|█████████▉| 1488/1496 [02:23<00:01,  4.34step/s]
[Origin 4/13] 🎲 Drawing Posterior Samples: 100%|█████████▉| 1489/1496 [02:23<00:01,  4.42step/s]
[Origin 4/13] 🎲 Drawing Posterior Samples: 100%|█████████▉| 1490/1496 [02:23<00:01,  4.30step/s]
[Origin 4/13] 🎲 Drawing Posterior Samples: 100%|█████████▉| 1491/1496 [02:23<00:01,  4.30step/s]
[Origin 4/13] 🎲 Drawing Posterior Samples: 100%|█████████▉| 1492/1496 [02:23<00:00,  4.58step/s]
[Origin 4/13] 🎲 Drawing Posterior Samples: 100%|█████████▉| 1493/1496 [02:24<00:00,  4.69step/s]
[Origin 4/13] 🎲 Drawing Posterior Samples: 100%|█████████▉| 1494/1496 [02:24<00:00,  4.70step/s]
[Origin 4/13] 🎲 Drawing Posterior Samples: 100%|█████████▉| 1495/1496 [02:24<00:00,  4.93step/s]
[Origin 4/13] 🎲 Drawing Posterior Samples: 100%|██████████| 1496/1496 [02:24<00:00,  5.10step/s]
                                                                                                 

[Origin 5/13] 🎲 Drawing Posterior Samples:   0%|          | 0/1500 [00:00<?, ?step/s]
[Origin 5/13] 🎲 Drawing Posterior Samples:   0%|          | 4/1500 [00:00<00:49, 30.22step/s]
[Origin 5/13] 🎲 Drawing Posterior Samples:   1%|          | 8/1500 [00:00<00:52, 28.52step/s]
[Origin 5/13] 🎲 Drawing Posterior Samples:   1%|          | 11/1500 [00:00<00:53, 27.72step/s]
[Origin 5/13] 🎲 Drawing Posterior Samples:   1%|          | 17/1500 [00:00<00:40, 37.01step/s]
[Origin 5/13] 🎲 Drawing Posterior Samples:   1%|▏         | 22/1500 [00:00<00:38, 38.20step/s]
[Origin 5/13] 🎲 Drawing Posterior Samples:   2%|▏         | 26/1500 [00:00<00:53, 27.43step/s]
[Origin 5/13] 🎲 Drawing Posterior Samples:   2%|▏         | 30/1500 [00:01<00:56, 26.19step/s]
[Origin 5/13] 🎲 Drawing Posterior Samples:   2%|▏         | 33/1500 [00:01<00:58, 25.08step/s]
[Origin 5/13] 🎲 Drawing Posterior Samples:   2%|▏         | 36/1500 [00:01<00:56, 25.90step/s]
[Origin 5/13] 🎲 Drawing Posterior Samples:   3%|▎         | 41/1500 [00:01<00:48, 30.36step/s]
[Origin 5/13] 🎲 Drawing Posterior Samples:   3%|▎         | 46/1500 [00:01<00:44, 32.94step/s]
[Origin 5/13] 🎲 Drawing Posterior Samples:   3%|▎         | 50/1500 [00:01<00:45, 32.20step/s]
[Origin 5/13] 🎲 Drawing Posterior Samples:   4%|▎         | 55/1500 [00:01<00:41, 34.89step/s]
[Origin 5/13] 🎲 Drawing Posterior Samples:   4%|▍         | 61/1500 [00:01<00:37, 38.60step/s]
[Origin 5/13] 🎲 Drawing Posterior Samples:   4%|▍         | 65/1500 [00:02<00:38, 37.03step/s]
[Origin 5/13] 🎲 Drawing Posterior Samples:   5%|▍         | 70/1500 [00:02<00:38, 37.17step/s]
[Origin 5/13] 🎲 Drawing Posterior Samples:   5%|▌         | 75/1500 [00:02<00:35, 39.90step/s]
[Origin 5/13] 🎲 Drawing Posterior Samples:   5%|▌         | 80/1500 [00:02<00:34, 40.69step/s]
[Origin 5/13] 🎲 Drawing Posterior Samples:   6%|▌         | 85/1500 [00:02<00:37, 37.70step/s]
[Origin 5/13] 🎲 Drawing Posterior Samples:   6%|▌         | 89/1500 [00:02<00:43, 32.63step/s]
[Origin 5/13] 🎲 Drawing Posterior Samples:   6%|▌         | 93/1500 [00:02<00:54, 25.89step/s]
[Origin 5/13] 🎲 Drawing Posterior Samples:   6%|▋         | 96/1500 [00:03<00:58, 24.20step/s]
[Origin 5/13] 🎲 Drawing Posterior Samples:   7%|▋         | 99/1500 [00:03<01:04, 21.66step/s]
[Origin 5/13] 🎲 Drawing Posterior Samples:   7%|▋         | 102/1500 [00:03<01:10, 19.94step/s]
[Origin 5/13] 🎲 Drawing Posterior Samples:   7%|▋         | 105/1500 [00:03<01:11, 19.65step/s]
[Origin 5/13] 🎲 Drawing Posterior Samples:   7%|▋         | 108/1500 [00:03<01:13, 18.96step/s]
[Origin 5/13] 🎲 Drawing Posterior Samples:   7%|▋         | 110/1500 [00:03<01:14, 18.62step/s]
[Origin 5/13] 🎲 Drawing Posterior Samples:   7%|▋         | 112/1500 [00:04<01:14, 18.57step/s]
[Origin 5/13] 🎲 Drawing Posterior Samples:   8%|▊         | 114/1500 [00:04<01:15, 18.27step/s]
[Origin 5/13] 🎲 Drawing Posterior Samples:   8%|▊         | 116/1500 [00:04<01:14, 18.67step/s]
[Origin 5/13] 🎲 Drawing Posterior Samples:   8%|▊         | 119/1500 [00:04<01:09, 19.97step/s]
[Origin 5/13] 🎲 Drawing Posterior Samples:   8%|▊         | 124/1500 [00:04<00:53, 25.49step/s]
[Origin 5/13] 🎲 Drawing Posterior Samples:   8%|▊         | 127/1500 [00:04<00:55, 24.74step/s]
[Origin 5/13] 🎲 Drawing Posterior Samples:   9%|▊         | 130/1500 [00:04<00:53, 25.55step/s]
[Origin 5/13] 🎲 Drawing Posterior Samples:   9%|▉         | 133/1500 [00:04<01:00, 22.51step/s]
[Origin 5/13] 🎲 Drawing Posterior Samples:   9%|▉         | 136/1500 [00:05<01:05, 20.81step/s]
[Origin 5/13] 🎲 Drawing Posterior Samples:   9%|▉         | 139/1500 [00:05<01:05, 20.70step/s]
[Origin 5/13] 🎲 Drawing Posterior Samples:   9%|▉         | 142/1500 [00:05<01:08, 19.71step/s]
[Origin 5/13] 🎲 Drawing Posterior Samples:  10%|▉         | 145/1500 [00:05<01:10, 19.29step/s]
[Origin 5/13] 🎲 Drawing Posterior Samples:  10%|▉         | 147/1500 [00:05<01:11, 18.88step/s]
[Origin 5/13] 🎲 Drawing Posterior Samples:  10%|▉         | 149/1500 [00:05<01:12, 18.71step/s]
[Origin 5/13] 🎲 Drawing Posterior Samples:  10%|█         | 151/1500 [00:05<01:13, 18.35step/s]
[Origin 5/13] 🎲 Drawing Posterior Samples:  10%|█         | 154/1500 [00:06<01:03, 21.04step/s]
[Origin 5/13] 🎲 Drawing Posterior Samples:  11%|█         | 158/1500 [00:06<00:54, 24.44step/s]
[Origin 5/13] 🎲 Drawing Posterior Samples:  11%|█         | 161/1500 [00:06<00:54, 24.39step/s]
[Origin 5/13] 🎲 Drawing Posterior Samples:  11%|█         | 164/1500 [00:06<00:56, 23.79step/s]
[Origin 5/13] 🎲 Drawing Posterior Samples:  11%|█         | 167/1500 [00:06<00:54, 24.34step/s]
[Origin 5/13] 🎲 Drawing Posterior Samples:  11%|█▏        | 171/1500 [00:06<00:49, 27.11step/s]
[Origin 5/13] 🎲 Drawing Posterior Samples:  12%|█▏        | 175/1500 [00:06<00:46, 28.71step/s]
[Origin 5/13] 🎲 Drawing Posterior Samples:  12%|█▏        | 179/1500 [00:06<00:43, 30.20step/s]
[Origin 5/13] 🎲 Drawing Posterior Samples:  12%|█▏        | 184/1500 [00:06<00:38, 34.58step/s]
[Origin 5/13] 🎲 Drawing Posterior Samples:  13%|█▎        | 189/1500 [00:07<00:34, 37.83step/s]
[Origin 5/13] 🎲 Drawing Posterior Samples:  13%|█▎        | 194/1500 [00:07<00:33, 39.16step/s]
[Origin 5/13] 🎲 Drawing Posterior Samples:  13%|█▎        | 200/1500 [00:07<00:30, 42.54step/s]
[Origin 5/13] 🎲 Drawing Posterior Samples:  14%|█▎        | 205/1500 [00:07<00:30, 42.35step/s]
[Origin 5/13] 🎲 Drawing Posterior Samples:  14%|█▍        | 211/1500 [00:07<00:28, 44.98step/s]
[Origin 5/13] 🎲 Drawing Posterior Samples:  14%|█▍        | 216/1500 [00:07<00:33, 38.79step/s]
[Origin 5/13] 🎲 Drawing Posterior Samples:  15%|█▍        | 221/1500 [00:07<00:39, 32.45step/s]
[Origin 5/13] 🎲 Drawing Posterior Samples:  15%|█▌        | 227/1500 [00:08<00:34, 37.09step/s]
[Origin 5/13] 🎲 Drawing Posterior Samples:  16%|█▌        | 233/1500 [00:08<00:32, 39.36step/s]
[Origin 5/13] 🎲 Drawing Posterior Samples:  16%|█▌        | 238/1500 [00:08<00:37, 33.87step/s]
[Origin 5/13] 🎲 Drawing Posterior Samples:  16%|█▌        | 242/1500 [00:08<00:38, 32.85step/s]
[Origin 5/13] 🎲 Drawing Posterior Samples:  16%|█▋        | 246/1500 [00:08<00:36, 34.41step/s]
[Origin 5/13] 🎲 Drawing Posterior Samples:  17%|█▋        | 250/1500 [00:08<00:37, 32.97step/s]
[Origin 5/13] 🎲 Drawing Posterior Samples:  17%|█▋        | 254/1500 [00:08<00:37, 32.88step/s]
[Origin 5/13] 🎲 Drawing Posterior Samples:  17%|█▋        | 258/1500 [00:09<00:39, 31.32step/s]
[Origin 5/13] 🎲 Drawing Posterior Samples:  18%|█▊        | 263/1500 [00:09<00:35, 35.14step/s]
[Origin 5/13] 🎲 Drawing Posterior Samples:  18%|█▊        | 268/1500 [00:09<00:33, 37.24step/s]
[Origin 5/13] 🎲 Drawing Posterior Samples:  18%|█▊        | 274/1500 [00:09<00:29, 41.32step/s]
[Origin 5/13] 🎲 Drawing Posterior Samples:  19%|█▊        | 279/1500 [00:09<00:29, 41.50step/s]
[Origin 5/13] 🎲 Drawing Posterior Samples:  19%|█▉        | 285/1500 [00:09<00:28, 42.29step/s]
[Origin 5/13] 🎲 Drawing Posterior Samples:  19%|█▉        | 290/1500 [00:09<00:28, 42.05step/s]
[Origin 5/13] 🎲 Drawing Posterior Samples:  20%|█▉        | 296/1500 [00:09<00:27, 44.52step/s]
[Origin 5/13] 🎲 Drawing Posterior Samples:  20%|██        | 301/1500 [00:09<00:26, 45.78step/s]
[Origin 5/13] 🎲 Drawing Posterior Samples:  20%|██        | 306/1500 [00:10<00:27, 44.21step/s]
[Origin 5/13] 🎲 Drawing Posterior Samples:  21%|██        | 311/1500 [00:10<00:28, 42.32step/s]
[Origin 5/13] 🎲 Drawing Posterior Samples:  21%|██        | 316/1500 [00:10<00:30, 38.63step/s]
[Origin 5/13] 🎲 Drawing Posterior Samples:  21%|██▏       | 320/1500 [00:10<00:32, 36.14step/s]
[Origin 5/13] 🎲 Drawing Posterior Samples:  22%|██▏       | 326/1500 [00:10<00:30, 38.73step/s]
[Origin 5/13] 🎲 Drawing Posterior Samples:  22%|██▏       | 331/1500 [00:10<00:28, 41.45step/s]
[Origin 5/13] 🎲 Drawing Posterior Samples:  22%|██▏       | 336/1500 [00:10<00:27, 41.87step/s]
[Origin 5/13] 🎲 Drawing Posterior Samples:  23%|██▎       | 341/1500 [00:11<00:53, 21.59step/s]
[Origin 5/13] 🎲 Drawing Posterior Samples:  23%|██▎       | 345/1500 [00:12<01:42, 11.23step/s]
[Origin 5/13] 🎲 Drawing Posterior Samples:  23%|██▎       | 348/1500 [00:12<02:05,  9.17step/s]
[Origin 5/13] 🎲 Drawing Posterior Samples:  23%|██▎       | 350/1500 [00:13<02:26,  7.83step/s]
[Origin 5/13] 🎲 Drawing Posterior Samples:  23%|██▎       | 352/1500 [00:13<03:13,  5.95step/s]
[Origin 5/13] 🎲 Drawing Posterior Samples:  24%|██▎       | 354/1500 [00:14<03:34,  5.34step/s]
[Origin 5/13] 🎲 Drawing Posterior Samples:  24%|██▎       | 355/1500 [00:14<03:42,  5.14step/s]
[Origin 5/13] 🎲 Drawing Posterior Samples:  24%|██▎       | 356/1500 [00:14<03:37,  5.26step/s]
[Origin 5/13] 🎲 Drawing Posterior Samples:  24%|██▍       | 357/1500 [00:14<03:35,  5.30step/s]
[Origin 5/13] 🎲 Drawing Posterior Samples:  24%|██▍       | 358/1500 [00:15<03:31,  5.40step/s]
[Origin 5/13] 🎲 Drawing Posterior Samples:  24%|██▍       | 359/1500 [00:15<03:33,  5.35step/s]
[Origin 5/13] 🎲 Drawing Posterior Samples:  24%|██▍       | 360/1500 [00:15<03:28,  5.47step/s]
[Origin 5/13] 🎲 Drawing Posterior Samples:  24%|██▍       | 361/1500 [00:15<03:28,  5.47step/s]
[Origin 5/13] 🎲 Drawing Posterior Samples:  24%|██▍       | 362/1500 [00:15<03:46,  5.02step/s]
[Origin 5/13] 🎲 Drawing Posterior Samples:  24%|██▍       | 363/1500 [00:16<04:03,  4.68step/s]
[Origin 5/13] 🎲 Drawing Posterior Samples:  24%|██▍       | 364/1500 [00:16<04:18,  4.40step/s]
[Origin 5/13] 🎲 Drawing Posterior Samples:  24%|██▍       | 365/1500 [00:16<04:20,  4.36step/s]
[Origin 5/13] 🎲 Drawing Posterior Samples:  24%|██▍       | 366/1500 [00:16<04:30,  4.19step/s]
[Origin 5/13] 🎲 Drawing Posterior Samples:  24%|██▍       | 367/1500 [00:17<04:30,  4.20step/s]
[Origin 5/13] 🎲 Drawing Posterior Samples:  25%|██▍       | 368/1500 [00:17<04:23,  4.30step/s]
[Origin 5/13] 🎲 Drawing Posterior Samples:  25%|██▍       | 369/1500 [00:17<04:28,  4.21step/s]
[Origin 5/13] 🎲 Drawing Posterior Samples:  25%|██▍       | 370/1500 [00:17<04:10,  4.51step/s]
[Origin 5/13] 🎲 Drawing Posterior Samples:  25%|██▍       | 371/1500 [00:18<04:14,  4.44step/s]
[Origin 5/13] 🎲 Drawing Posterior Samples:  25%|██▍       | 372/1500 [00:18<03:52,  4.86step/s]
[Origin 5/13] 🎲 Drawing Posterior Samples:  25%|██▍       | 373/1500 [00:18<03:50,  4.88step/s]
[Origin 5/13] 🎲 Drawing Posterior Samples:  25%|██▍       | 374/1500 [00:18<03:50,  4.89step/s]
[Origin 5/13] 🎲 Drawing Posterior Samples:  25%|██▌       | 375/1500 [00:18<03:35,  5.22step/s]
[Origin 5/13] 🎲 Drawing Posterior Samples:  25%|██▌       | 376/1500 [00:39<1:58:01,  6.30s/step]
[Origin 5/13] 🎲 Drawing Posterior Samples:  25%|██▌       | 379/1500 [00:39<51:52,  2.78s/step]  
[Origin 5/13] 🎲 Drawing Posterior Samples:  25%|██▌       | 382/1500 [00:39<29:04,  1.56s/step]
[Origin 5/13] 🎲 Drawing Posterior Samples:  26%|██▌       | 384/1500 [00:39<20:40,  1.11s/step]
[Origin 5/13] 🎲 Drawing Posterior Samples:  26%|██▌       | 386/1500 [00:39<14:48,  1.25step/s]
[Origin 5/13] 🎲 Drawing Posterior Samples:  26%|██▌       | 389/1500 [00:39<09:15,  2.00step/s]
[Origin 5/13] 🎲 Drawing Posterior Samples:  26%|██▌       | 392/1500 [00:40<06:10,  2.99step/s]
[Origin 5/13] 🎲 Drawing Posterior Samples:  26%|██▋       | 395/1500 [00:40<04:20,  4.25step/s]
[Origin 5/13] 🎲 Drawing Posterior Samples:  27%|██▋       | 398/1500 [00:40<03:11,  5.75step/s]
[Origin 5/13] 🎲 Drawing Posterior Samples:  27%|██▋       | 404/1500 [00:40<01:48, 10.09step/s]
[Origin 5/13] 🎲 Drawing Posterior Samples:  27%|██▋       | 409/1500 [00:40<01:17, 14.11step/s]
[Origin 5/13] 🎲 Drawing Posterior Samples:  28%|██▊       | 413/1500 [00:40<01:13, 14.82step/s]
[Origin 5/13] 🎲 Drawing Posterior Samples:  28%|██▊       | 417/1500 [00:40<01:06, 16.20step/s]
[Origin 5/13] 🎲 Drawing Posterior Samples:  28%|██▊       | 420/1500 [00:41<01:04, 16.77step/s]
[Origin 5/13] 🎲 Drawing Posterior Samples:  28%|██▊       | 423/1500 [00:41<01:05, 16.44step/s]
[Origin 5/13] 🎲 Drawing Posterior Samples:  28%|██▊       | 426/1500 [00:41<01:03, 16.84step/s]
[Origin 5/13] 🎲 Drawing Posterior Samples:  29%|██▊       | 429/1500 [00:41<01:02, 17.05step/s]
[Origin 5/13] 🎲 Drawing Posterior Samples:  29%|██▊       | 431/1500 [00:41<01:02, 17.05step/s]
[Origin 5/13] 🎲 Drawing Posterior Samples:  29%|██▉       | 433/1500 [00:41<01:01, 17.34step/s]
[Origin 5/13] 🎲 Drawing Posterior Samples:  29%|██▉       | 435/1500 [00:41<01:01, 17.33step/s]
[Origin 5/13] 🎲 Drawing Posterior Samples:  29%|██▉       | 438/1500 [00:42<00:58, 18.09step/s]
[Origin 5/13] 🎲 Drawing Posterior Samples:  29%|██▉       | 441/1500 [00:42<00:53, 19.87step/s]
[Origin 5/13] 🎲 Drawing Posterior Samples:  30%|██▉       | 447/1500 [00:42<00:37, 28.38step/s]
[Origin 5/13] 🎲 Drawing Posterior Samples:  30%|███       | 451/1500 [00:42<00:33, 31.05step/s]
[Origin 5/13] 🎲 Drawing Posterior Samples:  30%|███       | 455/1500 [00:42<00:31, 33.13step/s]
[Origin 5/13] 🎲 Drawing Posterior Samples:  31%|███       | 460/1500 [00:42<00:28, 36.00step/s]
[Origin 5/13] 🎲 Drawing Posterior Samples:  31%|███       | 464/1500 [00:42<00:28, 36.50step/s]
[Origin 5/13] 🎲 Drawing Posterior Samples:  31%|███       | 468/1500 [00:42<00:32, 31.59step/s]
[Origin 5/13] 🎲 Drawing Posterior Samples:  31%|███▏      | 472/1500 [00:43<00:40, 25.22step/s]
[Origin 5/13] 🎲 Drawing Posterior Samples:  32%|███▏      | 475/1500 [00:43<00:42, 23.90step/s]
[Origin 5/13] 🎲 Drawing Posterior Samples:  32%|███▏      | 479/1500 [00:43<00:37, 27.24step/s]
[Origin 5/13] 🎲 Drawing Posterior Samples:  32%|███▏      | 485/1500 [00:43<00:30, 33.55step/s]
[Origin 5/13] 🎲 Drawing Posterior Samples:  33%|███▎      | 490/1500 [00:43<00:28, 35.92step/s]
[Origin 5/13] 🎲 Drawing Posterior Samples:  33%|███▎      | 494/1500 [00:43<00:27, 36.34step/s]
[Origin 5/13] 🎲 Drawing Posterior Samples:  33%|███▎      | 500/1500 [00:43<00:24, 40.45step/s]
[Origin 5/13] 🎲 Drawing Posterior Samples:  34%|███▎      | 505/1500 [00:44<00:32, 30.18step/s]
[Origin 5/13] 🎲 Drawing Posterior Samples:  34%|███▍      | 509/1500 [00:44<00:37, 26.33step/s]
[Origin 5/13] 🎲 Drawing Posterior Samples:  34%|███▍      | 513/1500 [00:44<00:41, 23.66step/s]
[Origin 5/13] 🎲 Drawing Posterior Samples:  34%|███▍      | 516/1500 [00:44<00:44, 22.29step/s]
[Origin 5/13] 🎲 Drawing Posterior Samples:  35%|███▍      | 519/1500 [00:44<00:46, 20.88step/s]
[Origin 5/13] 🎲 Drawing Posterior Samples:  35%|███▍      | 522/1500 [00:45<00:46, 20.93step/s]
[Origin 5/13] 🎲 Drawing Posterior Samples:  35%|███▌      | 527/1500 [00:45<00:37, 25.89step/s]
[Origin 5/13] 🎲 Drawing Posterior Samples:  36%|███▌      | 533/1500 [00:45<00:30, 31.57step/s]
[Origin 5/13] 🎲 Drawing Posterior Samples:  36%|███▌      | 538/1500 [00:45<00:28, 33.93step/s]
[Origin 5/13] 🎲 Drawing Posterior Samples:  36%|███▌      | 543/1500 [00:45<00:25, 37.03step/s]
[Origin 5/13] 🎲 Drawing Posterior Samples:  37%|███▋      | 549/1500 [00:45<00:23, 41.07step/s]
[Origin 5/13] 🎲 Drawing Posterior Samples:  37%|███▋      | 554/1500 [00:45<00:23, 39.72step/s]
[Origin 5/13] 🎲 Drawing Posterior Samples:  37%|███▋      | 560/1500 [00:45<00:21, 43.19step/s]
[Origin 5/13] 🎲 Drawing Posterior Samples:  38%|███▊      | 565/1500 [00:46<00:21, 43.37step/s]
[Origin 5/13] 🎲 Drawing Posterior Samples:  38%|███▊      | 570/1500 [00:46<00:20, 44.43step/s]
[Origin 5/13] 🎲 Drawing Posterior Samples:  38%|███▊      | 575/1500 [00:46<00:20, 44.98step/s]
[Origin 5/13] 🎲 Drawing Posterior Samples:  39%|███▊      | 580/1500 [00:46<00:20, 44.40step/s]
[Origin 5/13] 🎲 Drawing Posterior Samples:  39%|███▉      | 586/1500 [00:46<00:19, 46.28step/s]
[Origin 5/13] 🎲 Drawing Posterior Samples:  39%|███▉      | 591/1500 [00:46<00:20, 44.89step/s]
[Origin 5/13] 🎲 Drawing Posterior Samples:  40%|███▉      | 596/1500 [00:46<00:19, 46.24step/s]
[Origin 5/13] 🎲 Drawing Posterior Samples:  40%|████      | 601/1500 [00:46<00:20, 44.70step/s]
[Origin 5/13] 🎲 Drawing Posterior Samples:  40%|████      | 606/1500 [00:46<00:19, 46.12step/s]
[Origin 5/13] 🎲 Drawing Posterior Samples:  41%|████      | 611/1500 [00:47<00:19, 44.92step/s]
[Origin 5/13] 🎲 Drawing Posterior Samples:  41%|████      | 616/1500 [00:47<00:19, 45.87step/s]
[Origin 5/13] 🎲 Drawing Posterior Samples:  41%|████▏     | 621/1500 [00:47<00:19, 45.84step/s]
[Origin 5/13] 🎲 Drawing Posterior Samples:  42%|████▏     | 626/1500 [00:47<00:19, 45.87step/s]
[Origin 5/13] 🎲 Drawing Posterior Samples:  42%|████▏     | 631/1500 [00:47<00:18, 46.35step/s]
[Origin 5/13] 🎲 Drawing Posterior Samples:  42%|████▏     | 636/1500 [00:47<00:19, 45.20step/s]
[Origin 5/13] 🎲 Drawing Posterior Samples:  43%|████▎     | 642/1500 [00:47<00:18, 45.88step/s]
[Origin 5/13] 🎲 Drawing Posterior Samples:  43%|████▎     | 647/1500 [00:47<00:18, 45.74step/s]
[Origin 5/13] 🎲 Drawing Posterior Samples:  43%|████▎     | 652/1500 [00:47<00:18, 46.84step/s]
[Origin 5/13] 🎲 Drawing Posterior Samples:  44%|████▍     | 657/1500 [00:48<00:18, 45.14step/s]
[Origin 5/13] 🎲 Drawing Posterior Samples:  44%|████▍     | 662/1500 [00:48<00:18, 46.40step/s]
[Origin 5/13] 🎲 Drawing Posterior Samples:  44%|████▍     | 667/1500 [00:48<00:18, 45.16step/s]
[Origin 5/13] 🎲 Drawing Posterior Samples:  45%|████▍     | 672/1500 [00:48<00:18, 45.79step/s]
[Origin 5/13] 🎲 Drawing Posterior Samples:  45%|████▌     | 677/1500 [00:48<00:17, 46.14step/s]
[Origin 5/13] 🎲 Drawing Posterior Samples:  45%|████▌     | 682/1500 [00:48<00:18, 45.39step/s]
[Origin 5/13] 🎲 Drawing Posterior Samples:  46%|████▌     | 688/1500 [00:48<00:17, 47.43step/s]
[Origin 5/13] 🎲 Drawing Posterior Samples:  46%|████▌     | 693/1500 [00:48<00:19, 42.03step/s]
[Origin 5/13] 🎲 Drawing Posterior Samples:  47%|████▋     | 699/1500 [00:48<00:17, 45.05step/s]
[Origin 5/13] 🎲 Drawing Posterior Samples:  47%|████▋     | 705/1500 [00:49<00:16, 46.86step/s]
[Origin 5/13] 🎲 Drawing Posterior Samples:  47%|████▋     | 710/1500 [00:49<00:17, 44.98step/s]
[Origin 5/13] 🎲 Drawing Posterior Samples:  48%|████▊     | 715/1500 [00:49<00:25, 30.79step/s]
[Origin 5/13] 🎲 Drawing Posterior Samples:  48%|████▊     | 719/1500 [00:50<00:55, 14.02step/s]
[Origin 5/13] 🎲 Drawing Posterior Samples:  48%|████▊     | 722/1500 [00:50<01:12, 10.80step/s]
[Origin 5/13] 🎲 Drawing Posterior Samples:  48%|████▊     | 725/1500 [00:51<01:24,  9.21step/s]
[Origin 5/13] 🎲 Drawing Posterior Samples:  48%|████▊     | 727/1500 [00:51<01:40,  7.70step/s]
[Origin 5/13] 🎲 Drawing Posterior Samples:  49%|████▊     | 729/1500 [00:52<01:52,  6.88step/s]
[Origin 5/13] 🎲 Drawing Posterior Samples:  49%|████▊     | 731/1500 [00:52<02:08,  5.98step/s]
[Origin 5/13] 🎲 Drawing Posterior Samples:  49%|████▉     | 732/1500 [00:52<02:21,  5.43step/s]
[Origin 5/13] 🎲 Drawing Posterior Samples:  49%|████▉     | 733/1500 [00:53<02:25,  5.28step/s]
[Origin 5/13] 🎲 Drawing Posterior Samples:  49%|████▉     | 734/1500 [00:53<02:42,  4.72step/s]
[Origin 5/13] 🎲 Drawing Posterior Samples:  49%|████▉     | 735/1500 [00:53<02:44,  4.64step/s]
[Origin 5/13] 🎲 Drawing Posterior Samples:  49%|████▉     | 736/1500 [00:53<02:46,  4.58step/s]
[Origin 5/13] 🎲 Drawing Posterior Samples:  49%|████▉     | 737/1500 [00:54<02:43,  4.66step/s]
[Origin 5/13] 🎲 Drawing Posterior Samples:  49%|████▉     | 738/1500 [00:54<02:45,  4.59step/s]
[Origin 5/13] 🎲 Drawing Posterior Samples:  49%|████▉     | 739/1500 [00:54<02:43,  4.66step/s]
[Origin 5/13] 🎲 Drawing Posterior Samples:  49%|████▉     | 740/1500 [00:54<02:38,  4.80step/s]
[Origin 5/13] 🎲 Drawing Posterior Samples:  49%|████▉     | 741/1500 [00:54<02:46,  4.55step/s]
[Origin 5/13] 🎲 Drawing Posterior Samples:  49%|████▉     | 742/1500 [00:55<02:49,  4.48step/s]
[Origin 5/13] 🎲 Drawing Posterior Samples:  50%|████▉     | 743/1500 [00:55<02:51,  4.42step/s]
[Origin 5/13] 🎲 Drawing Posterior Samples:  50%|████▉     | 744/1500 [00:55<02:47,  4.51step/s]
[Origin 5/13] 🎲 Drawing Posterior Samples:  50%|████▉     | 745/1500 [00:55<02:55,  4.30step/s]
[Origin 5/13] 🎲 Drawing Posterior Samples:  50%|████▉     | 746/1500 [00:56<02:59,  4.19step/s]
[Origin 5/13] 🎲 Drawing Posterior Samples:  50%|████▉     | 747/1500 [00:56<03:03,  4.10step/s]
[Origin 5/13] 🎲 Drawing Posterior Samples:  50%|████▉     | 748/1500 [00:56<02:47,  4.48step/s]
[Origin 5/13] 🎲 Drawing Posterior Samples:  50%|████▉     | 749/1500 [00:56<02:41,  4.64step/s]
[Origin 5/13] 🎲 Drawing Posterior Samples:  50%|█████     | 750/1500 [00:57<02:57,  4.22step/s]
[Origin 5/13] 🎲 Drawing Posterior Samples:  50%|█████     | 751/1500 [01:18<1:22:13,  6.59s/step]
[Origin 5/13] 🎲 Drawing Posterior Samples:  50%|█████     | 755/1500 [01:18<30:21,  2.45s/step]  
[Origin 5/13] 🎲 Drawing Posterior Samples:  51%|█████     | 759/1500 [01:18<16:04,  1.30s/step]
[Origin 5/13] 🎲 Drawing Posterior Samples:  51%|█████     | 762/1500 [01:18<10:49,  1.14step/s]
[Origin 5/13] 🎲 Drawing Posterior Samples:  51%|█████     | 768/1500 [01:19<05:35,  2.18step/s]
[Origin 5/13] 🎲 Drawing Posterior Samples:  52%|█████▏    | 773/1500 [01:19<03:36,  3.36step/s]
[Origin 5/13] 🎲 Drawing Posterior Samples:  52%|█████▏    | 778/1500 [01:19<02:27,  4.91step/s]
[Origin 5/13] 🎲 Drawing Posterior Samples:  52%|█████▏    | 782/1500 [01:19<01:54,  6.29step/s]
[Origin 5/13] 🎲 Drawing Posterior Samples:  52%|█████▏    | 786/1500 [01:19<01:28,  8.09step/s]
[Origin 5/13] 🎲 Drawing Posterior Samples:  53%|█████▎    | 790/1500 [01:19<01:09, 10.23step/s]
[Origin 5/13] 🎲 Drawing Posterior Samples:  53%|█████▎    | 793/1500 [01:19<01:00, 11.76step/s]
[Origin 5/13] 🎲 Drawing Posterior Samples:  53%|█████▎    | 796/1500 [01:19<00:51, 13.74step/s]
[Origin 5/13] 🎲 Drawing Posterior Samples:  53%|█████▎    | 799/1500 [01:20<00:44, 15.69step/s]
[Origin 5/13] 🎲 Drawing Posterior Samples:  54%|█████▎    | 803/1500 [01:20<00:36, 19.07step/s]
[Origin 5/13] 🎲 Drawing Posterior Samples:  54%|█████▍    | 807/1500 [01:20<00:31, 21.91step/s]
[Origin 5/13] 🎲 Drawing Posterior Samples:  54%|█████▍    | 810/1500 [01:20<00:30, 22.62step/s]
[Origin 5/13] 🎲 Drawing Posterior Samples:  54%|█████▍    | 814/1500 [01:20<00:27, 25.06step/s]
[Origin 5/13] 🎲 Drawing Posterior Samples:  55%|█████▍    | 819/1500 [01:20<00:22, 29.64step/s]
[Origin 5/13] 🎲 Drawing Posterior Samples:  55%|█████▍    | 823/1500 [01:20<00:21, 31.87step/s]
[Origin 5/13] 🎲 Drawing Posterior Samples:  55%|█████▌    | 828/1500 [01:20<00:18, 35.42step/s]
[Origin 5/13] 🎲 Drawing Posterior Samples:  56%|█████▌    | 833/1500 [01:21<00:17, 37.23step/s]
[Origin 5/13] 🎲 Drawing Posterior Samples:  56%|█████▌    | 839/1500 [01:21<00:16, 41.21step/s]
[Origin 5/13] 🎲 Drawing Posterior Samples:  56%|█████▋    | 844/1500 [01:21<00:15, 41.35step/s]
[Origin 5/13] 🎲 Drawing Posterior Samples:  57%|█████▋    | 850/1500 [01:21<00:14, 44.16step/s]
[Origin 5/13] 🎲 Drawing Posterior Samples:  57%|█████▋    | 855/1500 [01:21<00:15, 42.21step/s]
[Origin 5/13] 🎲 Drawing Posterior Samples:  57%|█████▋    | 861/1500 [01:21<00:14, 44.89step/s]
[Origin 5/13] 🎲 Drawing Posterior Samples:  58%|█████▊    | 866/1500 [01:21<00:14, 42.43step/s]
[Origin 5/13] 🎲 Drawing Posterior Samples:  58%|█████▊    | 871/1500 [01:21<00:14, 42.62step/s]
[Origin 5/13] 🎲 Drawing Posterior Samples:  58%|█████▊    | 876/1500 [01:22<00:17, 35.65step/s]
[Origin 5/13] 🎲 Drawing Posterior Samples:  59%|█████▊    | 880/1500 [01:22<00:19, 32.25step/s]
[Origin 5/13] 🎲 Drawing Posterior Samples:  59%|█████▉    | 884/1500 [01:22<00:20, 30.40step/s]
[Origin 5/13] 🎲 Drawing Posterior Samples:  59%|█████▉    | 888/1500 [01:22<00:21, 27.90step/s]
[Origin 5/13] 🎲 Drawing Posterior Samples:  59%|█████▉    | 891/1500 [01:22<00:22, 26.94step/s]
[Origin 5/13] 🎲 Drawing Posterior Samples:  60%|█████▉    | 894/1500 [01:22<00:22, 26.88step/s]
[Origin 5/13] 🎲 Drawing Posterior Samples:  60%|█████▉    | 897/1500 [01:22<00:23, 25.60step/s]
[Origin 5/13] 🎲 Drawing Posterior Samples:  60%|██████    | 900/1500 [01:23<00:22, 26.15step/s]
[Origin 5/13] 🎲 Drawing Posterior Samples:  60%|██████    | 903/1500 [01:23<00:23, 25.75step/s]
[Origin 5/13] 🎲 Drawing Posterior Samples:  60%|██████    | 906/1500 [01:23<00:22, 26.58step/s]
[Origin 5/13] 🎲 Drawing Posterior Samples:  61%|██████    | 909/1500 [01:23<00:21, 26.97step/s]
[Origin 5/13] 🎲 Drawing Posterior Samples:  61%|██████    | 912/1500 [01:23<00:22, 25.66step/s]
[Origin 5/13] 🎲 Drawing Posterior Samples:  61%|██████    | 918/1500 [01:23<00:17, 33.51step/s]
[Origin 5/13] 🎲 Drawing Posterior Samples:  62%|██████▏   | 923/1500 [01:23<00:15, 37.02step/s]
[Origin 5/13] 🎲 Drawing Posterior Samples:  62%|██████▏   | 927/1500 [01:23<00:15, 36.76step/s]
[Origin 5/13] 🎲 Drawing Posterior Samples:  62%|██████▏   | 933/1500 [01:23<00:13, 41.30step/s]
[Origin 5/13] 🎲 Drawing Posterior Samples:  63%|██████▎   | 938/1500 [01:24<00:13, 41.42step/s]
[Origin 5/13] 🎲 Drawing Posterior Samples:  63%|██████▎   | 944/1500 [01:24<00:12, 44.47step/s]
[Origin 5/13] 🎲 Drawing Posterior Samples:  63%|██████▎   | 949/1500 [01:24<00:12, 43.64step/s]
[Origin 5/13] 🎲 Drawing Posterior Samples:  64%|██████▎   | 954/1500 [01:24<00:17, 31.91step/s]
[Origin 5/13] 🎲 Drawing Posterior Samples:  64%|██████▍   | 958/1500 [01:24<00:19, 27.58step/s]
[Origin 5/13] 🎲 Drawing Posterior Samples:  64%|██████▍   | 962/1500 [01:24<00:19, 28.04step/s]
[Origin 5/13] 🎲 Drawing Posterior Samples:  65%|██████▍   | 968/1500 [01:25<00:15, 33.75step/s]
[Origin 5/13] 🎲 Drawing Posterior Samples:  65%|██████▍   | 972/1500 [01:25<00:15, 34.99step/s]
[Origin 5/13] 🎲 Drawing Posterior Samples:  65%|██████▌   | 976/1500 [01:25<00:14, 36.12step/s]
[Origin 5/13] 🎲 Drawing Posterior Samples:  65%|██████▌   | 982/1500 [01:25<00:12, 40.52step/s]
[Origin 5/13] 🎲 Drawing Posterior Samples:  66%|██████▌   | 987/1500 [01:25<00:12, 41.26step/s]
[Origin 5/13] 🎲 Drawing Posterior Samples:  66%|██████▌   | 992/1500 [01:25<00:11, 42.63step/s]
[Origin 5/13] 🎲 Drawing Posterior Samples:  66%|██████▋   | 997/1500 [01:25<00:11, 42.24step/s]
[Origin 5/13] 🎲 Drawing Posterior Samples:  67%|██████▋   | 1002/1500 [01:25<00:11, 41.53step/s]
[Origin 5/13] 🎲 Drawing Posterior Samples:  67%|██████▋   | 1008/1500 [01:25<00:11, 44.22step/s]
[Origin 5/13] 🎲 Drawing Posterior Samples:  68%|██████▊   | 1013/1500 [01:26<00:13, 35.28step/s]
[Origin 5/13] 🎲 Drawing Posterior Samples:  68%|██████▊   | 1017/1500 [01:26<00:15, 31.59step/s]
[Origin 5/13] 🎲 Drawing Posterior Samples:  68%|██████▊   | 1021/1500 [01:26<00:16, 28.19step/s]
[Origin 5/13] 🎲 Drawing Posterior Samples:  68%|██████▊   | 1026/1500 [01:26<00:14, 32.26step/s]
[Origin 5/13] 🎲 Drawing Posterior Samples:  69%|██████▊   | 1031/1500 [01:26<00:13, 35.14step/s]
[Origin 5/13] 🎲 Drawing Posterior Samples:  69%|██████▉   | 1036/1500 [01:26<00:12, 38.41step/s]
[Origin 5/13] 🎲 Drawing Posterior Samples:  69%|██████▉   | 1041/1500 [01:27<00:13, 33.98step/s]
[Origin 5/13] 🎲 Drawing Posterior Samples:  70%|██████▉   | 1046/1500 [01:27<00:12, 37.36step/s]
[Origin 5/13] 🎲 Drawing Posterior Samples:  70%|███████   | 1051/1500 [01:27<00:11, 39.59step/s]
[Origin 5/13] 🎲 Drawing Posterior Samples:  70%|███████   | 1056/1500 [01:27<00:12, 35.65step/s]
[Origin 5/13] 🎲 Drawing Posterior Samples:  71%|███████   | 1062/1500 [01:27<00:10, 39.99step/s]
[Origin 5/13] 🎲 Drawing Posterior Samples:  71%|███████   | 1067/1500 [01:27<00:10, 40.89step/s]
[Origin 5/13] 🎲 Drawing Posterior Samples:  71%|███████▏  | 1072/1500 [01:27<00:11, 37.55step/s]
[Origin 5/13] 🎲 Drawing Posterior Samples:  72%|███████▏  | 1076/1500 [01:27<00:13, 31.88step/s]
[Origin 5/13] 🎲 Drawing Posterior Samples:  72%|███████▏  | 1080/1500 [01:28<00:14, 28.56step/s]
[Origin 5/13] 🎲 Drawing Posterior Samples:  72%|███████▏  | 1084/1500 [01:28<00:15, 27.34step/s]
[Origin 5/13] 🎲 Drawing Posterior Samples:  72%|███████▏  | 1087/1500 [01:28<00:16, 25.73step/s]
[Origin 5/13] 🎲 Drawing Posterior Samples:  73%|███████▎  | 1090/1500 [01:28<00:23, 17.53step/s]
[Origin 5/13] 🎲 Drawing Posterior Samples:  73%|███████▎  | 1093/1500 [01:29<00:40, 10.14step/s]
[Origin 5/13] 🎲 Drawing Posterior Samples:  73%|███████▎  | 1095/1500 [01:29<00:47,  8.46step/s]
[Origin 5/13] 🎲 Drawing Posterior Samples:  73%|███████▎  | 1097/1500 [01:30<00:56,  7.17step/s]
[Origin 5/13] 🎲 Drawing Posterior Samples:  73%|███████▎  | 1099/1500 [01:30<01:02,  6.45step/s]
[Origin 5/13] 🎲 Drawing Posterior Samples:  73%|███████▎  | 1100/1500 [01:30<01:03,  6.28step/s]
[Origin 5/13] 🎲 Drawing Posterior Samples:  73%|███████▎  | 1101/1500 [01:31<01:05,  6.09step/s]
[Origin 5/13] 🎲 Drawing Posterior Samples:  73%|███████▎  | 1102/1500 [01:31<01:12,  5.48step/s]
[Origin 5/13] 🎲 Drawing Posterior Samples:  74%|███████▎  | 1103/1500 [01:31<01:12,  5.47step/s]
[Origin 5/13] 🎲 Drawing Posterior Samples:  74%|███████▎  | 1104/1500 [01:31<01:13,  5.41step/s]
[Origin 5/13] 🎲 Drawing Posterior Samples:  74%|███████▎  | 1105/1500 [01:31<01:19,  4.98step/s]
[Origin 5/13] 🎲 Drawing Posterior Samples:  74%|███████▎  | 1106/1500 [01:32<01:17,  5.08step/s]
[Origin 5/13] 🎲 Drawing Posterior Samples:  74%|███████▍  | 1107/1500 [01:32<01:17,  5.06step/s]
[Origin 5/13] 🎲 Drawing Posterior Samples:  74%|███████▍  | 1108/1500 [01:32<01:29,  4.40step/s]
[Origin 5/13] 🎲 Drawing Posterior Samples:  74%|███████▍  | 1109/1500 [01:32<01:46,  3.68step/s]
[Origin 5/13] 🎲 Drawing Posterior Samples:  74%|███████▍  | 1110/1500 [01:33<01:47,  3.63step/s]
[Origin 5/13] 🎲 Drawing Posterior Samples:  74%|███████▍  | 1111/1500 [01:33<01:46,  3.66step/s]
[Origin 5/13] 🎲 Drawing Posterior Samples:  74%|███████▍  | 1112/1500 [01:33<01:50,  3.50step/s]
[Origin 5/13] 🎲 Drawing Posterior Samples:  74%|███████▍  | 1113/1500 [01:34<01:52,  3.45step/s]
[Origin 5/13] 🎲 Drawing Posterior Samples:  74%|███████▍  | 1114/1500 [01:34<01:39,  3.87step/s]
[Origin 5/13] 🎲 Drawing Posterior Samples:  74%|███████▍  | 1115/1500 [01:34<01:28,  4.35step/s]
[Origin 5/13] 🎲 Drawing Posterior Samples:  74%|███████▍  | 1116/1500 [01:34<01:21,  4.69step/s]
[Origin 5/13] 🎲 Drawing Posterior Samples:  74%|███████▍  | 1117/1500 [01:34<01:24,  4.52step/s]
[Origin 5/13] 🎲 Drawing Posterior Samples:  75%|███████▍  | 1118/1500 [01:35<01:20,  4.73step/s]
[Origin 5/13] 🎲 Drawing Posterior Samples:  75%|███████▍  | 1119/1500 [01:35<01:13,  5.20step/s]
[Origin 5/13] 🎲 Drawing Posterior Samples:  75%|███████▍  | 1120/1500 [01:35<01:10,  5.40step/s]
[Origin 5/13] 🎲 Drawing Posterior Samples:  75%|███████▍  | 1121/1500 [01:35<01:10,  5.37step/s]
[Origin 5/13] 🎲 Drawing Posterior Samples:  75%|███████▍  | 1122/1500 [01:35<01:11,  5.29step/s]
[Origin 5/13] 🎲 Drawing Posterior Samples:  75%|███████▍  | 1123/1500 [01:36<01:25,  4.39step/s]
[Origin 5/13] 🎲 Drawing Posterior Samples:  75%|███████▍  | 1124/1500 [01:36<01:38,  3.82step/s]
[Origin 5/13] 🎲 Drawing Posterior Samples:  75%|███████▌  | 1125/1500 [01:36<01:44,  3.59step/s]
[Origin 5/13] 🎲 Drawing Posterior Samples:  75%|███████▌  | 1126/1500 [02:03<51:08,  8.20s/step]
[Origin 5/13] 🎲 Drawing Posterior Samples:  76%|███████▌  | 1134/1500 [02:03<11:22,  1.86s/step]
[Origin 5/13] 🎲 Drawing Posterior Samples:  76%|███████▌  | 1139/1500 [02:03<06:41,  1.11s/step]
[Origin 5/13] 🎲 Drawing Posterior Samples:  76%|███████▌  | 1143/1500 [02:03<04:33,  1.30step/s]
[Origin 5/13] 🎲 Drawing Posterior Samples:  77%|███████▋  | 1149/1500 [02:03<02:42,  2.16step/s]
[Origin 5/13] 🎲 Drawing Posterior Samples:  77%|███████▋  | 1155/1500 [02:04<01:43,  3.33step/s]
[Origin 5/13] 🎲 Drawing Posterior Samples:  77%|███████▋  | 1160/1500 [02:04<01:13,  4.62step/s]
[Origin 5/13] 🎲 Drawing Posterior Samples:  78%|███████▊  | 1165/1500 [02:04<00:53,  6.29step/s]
[Origin 5/13] 🎲 Drawing Posterior Samples:  78%|███████▊  | 1170/1500 [02:04<00:40,  8.21step/s]
[Origin 5/13] 🎲 Drawing Posterior Samples:  78%|███████▊  | 1174/1500 [02:04<00:32,  9.99step/s]
[Origin 5/13] 🎲 Drawing Posterior Samples:  79%|███████▊  | 1178/1500 [02:04<00:26, 12.25step/s]
[Origin 5/13] 🎲 Drawing Posterior Samples:  79%|███████▉  | 1182/1500 [02:04<00:21, 14.68step/s]
[Origin 5/13] 🎲 Drawing Posterior Samples:  79%|███████▉  | 1186/1500 [02:05<00:18, 16.57step/s]
[Origin 5/13] 🎲 Drawing Posterior Samples:  79%|███████▉  | 1190/1500 [02:05<00:18, 17.17step/s]
[Origin 5/13] 🎲 Drawing Posterior Samples:  80%|███████▉  | 1193/1500 [02:05<00:16, 18.63step/s]
[Origin 5/13] 🎲 Drawing Posterior Samples:  80%|███████▉  | 1196/1500 [02:05<00:16, 18.98step/s]
[Origin 5/13] 🎲 Drawing Posterior Samples:  80%|███████▉  | 1199/1500 [02:05<00:15, 19.47step/s]
[Origin 5/13] 🎲 Drawing Posterior Samples:  80%|████████  | 1202/1500 [02:05<00:14, 21.12step/s]
[Origin 5/13] 🎲 Drawing Posterior Samples:  80%|████████  | 1205/1500 [02:05<00:13, 21.80step/s]
[Origin 5/13] 🎲 Drawing Posterior Samples:  81%|████████  | 1209/1500 [02:06<00:12, 22.66step/s]
[Origin 5/13] 🎲 Drawing Posterior Samples:  81%|████████  | 1212/1500 [02:06<00:12, 22.58step/s]
[Origin 5/13] 🎲 Drawing Posterior Samples:  81%|████████  | 1216/1500 [02:06<00:11, 25.81step/s]
[Origin 5/13] 🎲 Drawing Posterior Samples:  81%|████████▏ | 1220/1500 [02:06<00:09, 28.42step/s]
[Origin 5/13] 🎲 Drawing Posterior Samples:  82%|████████▏ | 1223/1500 [02:06<00:09, 28.67step/s]
[Origin 5/13] 🎲 Drawing Posterior Samples:  82%|████████▏ | 1226/1500 [02:06<00:10, 26.55step/s]
[Origin 5/13] 🎲 Drawing Posterior Samples:  82%|████████▏ | 1229/1500 [02:06<00:10, 26.19step/s]
[Origin 5/13] 🎲 Drawing Posterior Samples:  82%|████████▏ | 1232/1500 [02:06<00:11, 24.27step/s]
[Origin 5/13] 🎲 Drawing Posterior Samples:  82%|████████▏ | 1237/1500 [02:07<00:09, 27.57step/s]
[Origin 5/13] 🎲 Drawing Posterior Samples:  83%|████████▎ | 1240/1500 [02:07<00:09, 26.84step/s]
[Origin 5/13] 🎲 Drawing Posterior Samples:  83%|████████▎ | 1243/1500 [02:07<00:09, 27.20step/s]
[Origin 5/13] 🎲 Drawing Posterior Samples:  83%|████████▎ | 1246/1500 [02:07<00:09, 26.77step/s]
[Origin 5/13] 🎲 Drawing Posterior Samples:  83%|████████▎ | 1249/1500 [02:07<00:09, 25.22step/s]
[Origin 5/13] 🎲 Drawing Posterior Samples:  84%|████████▎ | 1254/1500 [02:07<00:08, 28.58step/s]
[Origin 5/13] 🎲 Drawing Posterior Samples:  84%|████████▍ | 1257/1500 [02:07<00:08, 27.22step/s]
[Origin 5/13] 🎲 Drawing Posterior Samples:  84%|████████▍ | 1262/1500 [02:07<00:07, 32.26step/s]
[Origin 5/13] 🎲 Drawing Posterior Samples:  84%|████████▍ | 1266/1500 [02:08<00:06, 33.56step/s]
[Origin 5/13] 🎲 Drawing Posterior Samples:  85%|████████▍ | 1270/1500 [02:08<00:07, 31.43step/s]
[Origin 5/13] 🎲 Drawing Posterior Samples:  85%|████████▍ | 1274/1500 [02:08<00:07, 31.21step/s]
[Origin 5/13] 🎲 Drawing Posterior Samples:  85%|████████▌ | 1278/1500 [02:08<00:07, 28.63step/s]
[Origin 5/13] 🎲 Drawing Posterior Samples:  85%|████████▌ | 1281/1500 [02:08<00:07, 27.41step/s]
[Origin 5/13] 🎲 Drawing Posterior Samples:  86%|████████▌ | 1284/1500 [02:08<00:07, 28.00step/s]
[Origin 5/13] 🎲 Drawing Posterior Samples:  86%|████████▌ | 1288/1500 [02:08<00:07, 29.26step/s]
[Origin 5/13] 🎲 Drawing Posterior Samples:  86%|████████▌ | 1292/1500 [02:08<00:07, 29.56step/s]
[Origin 5/13] 🎲 Drawing Posterior Samples:  86%|████████▋ | 1295/1500 [02:09<00:07, 28.00step/s]
[Origin 5/13] 🎲 Drawing Posterior Samples:  87%|████████▋ | 1299/1500 [02:09<00:06, 30.20step/s]
[Origin 5/13] 🎲 Drawing Posterior Samples:  87%|████████▋ | 1303/1500 [02:09<00:06, 32.63step/s]
[Origin 5/13] 🎲 Drawing Posterior Samples:  87%|████████▋ | 1307/1500 [02:09<00:05, 33.72step/s]
[Origin 5/13] 🎲 Drawing Posterior Samples:  87%|████████▋ | 1311/1500 [02:09<00:05, 33.84step/s]
[Origin 5/13] 🎲 Drawing Posterior Samples:  88%|████████▊ | 1315/1500 [02:09<00:05, 30.92step/s]
[Origin 5/13] 🎲 Drawing Posterior Samples:  88%|████████▊ | 1319/1500 [02:09<00:05, 31.48step/s]
[Origin 5/13] 🎲 Drawing Posterior Samples:  88%|████████▊ | 1323/1500 [02:09<00:06, 28.46step/s]
[Origin 5/13] 🎲 Drawing Posterior Samples:  88%|████████▊ | 1326/1500 [02:10<00:06, 28.81step/s]
[Origin 5/13] 🎲 Drawing Posterior Samples:  89%|████████▊ | 1329/1500 [02:10<00:06, 26.34step/s]
[Origin 5/13] 🎲 Drawing Posterior Samples:  89%|████████▉ | 1332/1500 [02:10<00:06, 25.17step/s]
[Origin 5/13] 🎲 Drawing Posterior Samples:  89%|████████▉ | 1335/1500 [02:10<00:06, 23.63step/s]
[Origin 5/13] 🎲 Drawing Posterior Samples:  89%|████████▉ | 1338/1500 [02:10<00:07, 22.63step/s]
[Origin 5/13] 🎲 Drawing Posterior Samples:  89%|████████▉ | 1341/1500 [02:10<00:06, 23.05step/s]
[Origin 5/13] 🎲 Drawing Posterior Samples:  90%|████████▉ | 1344/1500 [02:10<00:07, 21.55step/s]
[Origin 5/13] 🎲 Drawing Posterior Samples:  90%|████████▉ | 1347/1500 [02:11<00:07, 19.83step/s]
[Origin 5/13] 🎲 Drawing Posterior Samples:  90%|█████████ | 1350/1500 [02:11<00:06, 21.70step/s]
[Origin 5/13] 🎲 Drawing Posterior Samples:  90%|█████████ | 1353/1500 [02:11<00:06, 22.55step/s]
[Origin 5/13] 🎲 Drawing Posterior Samples:  90%|█████████ | 1357/1500 [02:11<00:05, 25.48step/s]
[Origin 5/13] 🎲 Drawing Posterior Samples:  91%|█████████ | 1360/1500 [02:11<00:05, 26.17step/s]
[Origin 5/13] 🎲 Drawing Posterior Samples:  91%|█████████ | 1363/1500 [02:11<00:05, 24.13step/s]
[Origin 5/13] 🎲 Drawing Posterior Samples:  91%|█████████ | 1366/1500 [02:11<00:05, 25.23step/s]
[Origin 5/13] 🎲 Drawing Posterior Samples:  91%|█████████▏| 1369/1500 [02:11<00:05, 25.99step/s]
[Origin 5/13] 🎲 Drawing Posterior Samples:  92%|█████████▏| 1373/1500 [02:12<00:04, 27.69step/s]
[Origin 5/13] 🎲 Drawing Posterior Samples:  92%|█████████▏| 1376/1500 [02:12<00:04, 25.74step/s]
[Origin 5/13] 🎲 Drawing Posterior Samples:  92%|█████████▏| 1379/1500 [02:12<00:05, 22.90step/s]
[Origin 5/13] 🎲 Drawing Posterior Samples:  92%|█████████▏| 1382/1500 [02:12<00:05, 21.60step/s]
[Origin 5/13] 🎲 Drawing Posterior Samples:  92%|█████████▏| 1385/1500 [02:12<00:05, 20.82step/s]
[Origin 5/13] 🎲 Drawing Posterior Samples:  93%|█████████▎| 1388/1500 [02:12<00:05, 20.98step/s]
[Origin 5/13] 🎲 Drawing Posterior Samples:  93%|█████████▎| 1391/1500 [02:12<00:04, 22.12step/s]
[Origin 5/13] 🎲 Drawing Posterior Samples:  93%|█████████▎| 1394/1500 [02:13<00:04, 23.12step/s]
[Origin 5/13] 🎲 Drawing Posterior Samples:  93%|█████████▎| 1397/1500 [02:13<00:04, 22.07step/s]
[Origin 5/13] 🎲 Drawing Posterior Samples:  93%|█████████▎| 1400/1500 [02:13<00:04, 21.08step/s]
[Origin 5/13] 🎲 Drawing Posterior Samples:  94%|█████████▎| 1403/1500 [02:13<00:04, 19.69step/s]
[Origin 5/13] 🎲 Drawing Posterior Samples:  94%|█████████▎| 1406/1500 [02:13<00:04, 19.76step/s]
[Origin 5/13] 🎲 Drawing Posterior Samples:  94%|█████████▍| 1409/1500 [02:13<00:04, 20.68step/s]
[Origin 5/13] 🎲 Drawing Posterior Samples:  94%|█████████▍| 1412/1500 [02:13<00:04, 20.17step/s]
[Origin 5/13] 🎲 Drawing Posterior Samples:  94%|█████████▍| 1415/1500 [02:14<00:04, 21.14step/s]
[Origin 5/13] 🎲 Drawing Posterior Samples:  95%|█████████▍| 1418/1500 [02:14<00:03, 22.62step/s]
[Origin 5/13] 🎲 Drawing Posterior Samples:  95%|█████████▍| 1421/1500 [02:14<00:03, 22.54step/s]
[Origin 5/13] 🎲 Drawing Posterior Samples:  95%|█████████▍| 1424/1500 [02:14<00:03, 22.61step/s]
[Origin 5/13] 🎲 Drawing Posterior Samples:  95%|█████████▌| 1427/1500 [02:14<00:03, 22.83step/s]
[Origin 5/13] 🎲 Drawing Posterior Samples:  96%|█████████▌| 1433/1500 [02:14<00:02, 30.85step/s]
[Origin 5/13] 🎲 Drawing Posterior Samples:  96%|█████████▌| 1437/1500 [02:14<00:01, 32.75step/s]
[Origin 5/13] 🎲 Drawing Posterior Samples:  96%|█████████▌| 1441/1500 [02:14<00:01, 34.52step/s]
[Origin 5/13] 🎲 Drawing Posterior Samples:  96%|█████████▋| 1447/1500 [02:15<00:01, 39.21step/s]
[Origin 5/13] 🎲 Drawing Posterior Samples:  97%|█████████▋| 1451/1500 [02:15<00:01, 36.25step/s]
[Origin 5/13] 🎲 Drawing Posterior Samples:  97%|█████████▋| 1455/1500 [02:15<00:01, 29.09step/s]
[Origin 5/13] 🎲 Drawing Posterior Samples:  97%|█████████▋| 1459/1500 [02:15<00:01, 25.41step/s]
[Origin 5/13] 🎲 Drawing Posterior Samples:  97%|█████████▋| 1462/1500 [02:15<00:01, 25.54step/s]
[Origin 5/13] 🎲 Drawing Posterior Samples:  98%|█████████▊| 1465/1500 [02:16<00:02, 15.98step/s]
[Origin 5/13] 🎲 Drawing Posterior Samples:  98%|█████████▊| 1468/1500 [02:16<00:03,  8.67step/s]
[Origin 5/13] 🎲 Drawing Posterior Samples:  98%|█████████▊| 1470/1500 [02:17<00:04,  6.33step/s]
[Origin 5/13] 🎲 Drawing Posterior Samples:  98%|█████████▊| 1472/1500 [02:18<00:05,  5.36step/s]
[Origin 5/13] 🎲 Drawing Posterior Samples:  98%|█████████▊| 1473/1500 [02:18<00:04,  5.48step/s]
[Origin 5/13] 🎲 Drawing Posterior Samples:  98%|█████████▊| 1474/1500 [02:18<00:04,  5.69step/s]
[Origin 5/13] 🎲 Drawing Posterior Samples:  98%|█████████▊| 1475/1500 [02:18<00:04,  5.80step/s]
[Origin 5/13] 🎲 Drawing Posterior Samples:  98%|█████████▊| 1476/1500 [02:18<00:04,  5.77step/s]
[Origin 5/13] 🎲 Drawing Posterior Samples:  98%|█████████▊| 1477/1500 [02:18<00:04,  5.63step/s]
[Origin 5/13] 🎲 Drawing Posterior Samples:  99%|█████████▊| 1478/1500 [02:19<00:04,  5.38step/s]
[Origin 5/13] 🎲 Drawing Posterior Samples:  99%|█████████▊| 1479/1500 [02:19<00:04,  4.87step/s]
[Origin 5/13] 🎲 Drawing Posterior Samples:  99%|█████████▊| 1480/1500 [02:19<00:03,  5.12step/s]
[Origin 5/13] 🎲 Drawing Posterior Samples:  99%|█████████▊| 1481/1500 [02:19<00:04,  4.38step/s]
[Origin 5/13] 🎲 Drawing Posterior Samples:  99%|█████████▉| 1482/1500 [02:20<00:04,  4.20step/s]
[Origin 5/13] 🎲 Drawing Posterior Samples:  99%|█████████▉| 1483/1500 [02:20<00:03,  4.35step/s]
[Origin 5/13] 🎲 Drawing Posterior Samples:  99%|█████████▉| 1484/1500 [02:20<00:04,  3.84step/s]
[Origin 5/13] 🎲 Drawing Posterior Samples:  99%|█████████▉| 1485/1500 [02:21<00:04,  3.49step/s]
[Origin 5/13] 🎲 Drawing Posterior Samples:  99%|█████████▉| 1486/1500 [02:21<00:03,  3.71step/s]
[Origin 5/13] 🎲 Drawing Posterior Samples:  99%|█████████▉| 1487/1500 [02:21<00:03,  4.27step/s]
[Origin 5/13] 🎲 Drawing Posterior Samples:  99%|█████████▉| 1488/1500 [02:21<00:02,  4.64step/s]
[Origin 5/13] 🎲 Drawing Posterior Samples:  99%|█████████▉| 1489/1500 [02:21<00:02,  4.99step/s]
[Origin 5/13] 🎲 Drawing Posterior Samples:  99%|█████████▉| 1490/1500 [02:21<00:01,  5.03step/s]
[Origin 5/13] 🎲 Drawing Posterior Samples:  99%|█████████▉| 1491/1500 [02:22<00:01,  4.90step/s]
[Origin 5/13] 🎲 Drawing Posterior Samples:  99%|█████████▉| 1492/1500 [02:22<00:01,  4.63step/s]
[Origin 5/13] 🎲 Drawing Posterior Samples: 100%|█████████▉| 1493/1500 [02:22<00:01,  4.84step/s]
[Origin 5/13] 🎲 Drawing Posterior Samples: 100%|█████████▉| 1494/1500 [02:22<00:01,  4.42step/s]
[Origin 5/13] 🎲 Drawing Posterior Samples: 100%|█████████▉| 1495/1500 [02:23<00:01,  3.68step/s]
[Origin 5/13] 🎲 Drawing Posterior Samples: 100%|█████████▉| 1496/1500 [02:23<00:01,  3.47step/s]
[Origin 5/13] 🎲 Drawing Posterior Samples: 100%|█████████▉| 1497/1500 [02:23<00:00,  3.54step/s]
[Origin 5/13] 🎲 Drawing Posterior Samples: 100%|█████████▉| 1498/1500 [02:24<00:00,  3.25step/s]
[Origin 5/13] 🎲 Drawing Posterior Samples: 100%|█████████▉| 1499/1500 [02:24<00:00,  3.22step/s]
[Origin 5/13] 🎲 Drawing Posterior Samples: 100%|██████████| 1500/1500 [02:24<00:00,  3.83step/s]
                                                                                                 

[Origin 6/13] 🎲 Drawing Posterior Samples:   0%|          | 0/1504 [00:00<?, ?step/s]
[Origin 6/13] 🎲 Drawing Posterior Samples:   0%|          | 7/1504 [00:00<00:24, 59.89step/s]
[Origin 6/13] 🎲 Drawing Posterior Samples:   1%|          | 13/1504 [00:00<00:29, 51.38step/s]
[Origin 6/13] 🎲 Drawing Posterior Samples:   1%|▏         | 19/1504 [00:00<00:31, 47.54step/s]
[Origin 6/13] 🎲 Drawing Posterior Samples:   2%|▏         | 24/1504 [00:00<00:39, 37.74step/s]
[Origin 6/13] 🎲 Drawing Posterior Samples:   2%|▏         | 28/1504 [00:00<00:44, 33.31step/s]
[Origin 6/13] 🎲 Drawing Posterior Samples:   2%|▏         | 32/1504 [00:00<00:42, 34.25step/s]
[Origin 6/13] 🎲 Drawing Posterior Samples:   3%|▎         | 38/1504 [00:00<00:39, 37.48step/s]
[Origin 6/13] 🎲 Drawing Posterior Samples:   3%|▎         | 44/1504 [00:01<00:35, 41.61step/s]
[Origin 6/13] 🎲 Drawing Posterior Samples:   3%|▎         | 49/1504 [00:01<00:34, 41.83step/s]
[Origin 6/13] 🎲 Drawing Posterior Samples:   4%|▎         | 55/1504 [00:01<00:32, 44.75step/s]
[Origin 6/13] 🎲 Drawing Posterior Samples:   4%|▍         | 60/1504 [00:01<00:32, 44.20step/s]
[Origin 6/13] 🎲 Drawing Posterior Samples:   4%|▍         | 66/1504 [00:01<00:32, 44.72step/s]
[Origin 6/13] 🎲 Drawing Posterior Samples:   5%|▍         | 71/1504 [00:01<00:31, 45.71step/s]
[Origin 6/13] 🎲 Drawing Posterior Samples:   5%|▌         | 76/1504 [00:01<00:32, 44.55step/s]
[Origin 6/13] 🎲 Drawing Posterior Samples:   5%|▌         | 82/1504 [00:01<00:30, 46.36step/s]
[Origin 6/13] 🎲 Drawing Posterior Samples:   6%|▌         | 87/1504 [00:02<00:31, 45.02step/s]
[Origin 6/13] 🎲 Drawing Posterior Samples:   6%|▌         | 92/1504 [00:02<00:32, 44.09step/s]
[Origin 6/13] 🎲 Drawing Posterior Samples:   7%|▋         | 98/1504 [00:02<00:30, 46.35step/s]
[Origin 6/13] 🎲 Drawing Posterior Samples:   7%|▋         | 103/1504 [00:02<00:30, 45.90step/s]
[Origin 6/13] 🎲 Drawing Posterior Samples:   7%|▋         | 108/1504 [00:02<00:31, 44.05step/s]
[Origin 6/13] 🎲 Drawing Posterior Samples:   8%|▊         | 113/1504 [00:02<00:35, 38.73step/s]
[Origin 6/13] 🎲 Drawing Posterior Samples:   8%|▊         | 117/1504 [00:02<00:39, 35.44step/s]
[Origin 6/13] 🎲 Drawing Posterior Samples:   8%|▊         | 121/1504 [00:02<00:42, 32.72step/s]
[Origin 6/13] 🎲 Drawing Posterior Samples:   8%|▊         | 125/1504 [00:03<00:44, 30.84step/s]
[Origin 6/13] 🎲 Drawing Posterior Samples:   9%|▊         | 129/1504 [00:03<00:44, 30.78step/s]
[Origin 6/13] 🎲 Drawing Posterior Samples:   9%|▉         | 133/1504 [00:03<00:42, 32.16step/s]
[Origin 6/13] 🎲 Drawing Posterior Samples:   9%|▉         | 137/1504 [00:03<00:41, 32.90step/s]
[Origin 6/13] 🎲 Drawing Posterior Samples:   9%|▉         | 141/1504 [00:03<00:44, 30.51step/s]
[Origin 6/13] 🎲 Drawing Posterior Samples:  10%|▉         | 145/1504 [00:03<00:47, 28.51step/s]
[Origin 6/13] 🎲 Drawing Posterior Samples:  10%|▉         | 148/1504 [00:03<00:47, 28.57step/s]
[Origin 6/13] 🎲 Drawing Posterior Samples:  10%|█         | 151/1504 [00:04<00:51, 26.33step/s]
[Origin 6/13] 🎲 Drawing Posterior Samples:  10%|█         | 154/1504 [00:04<00:51, 26.41step/s]
[Origin 6/13] 🎲 Drawing Posterior Samples:  10%|█         | 157/1504 [00:04<00:51, 26.40step/s]
[Origin 6/13] 🎲 Drawing Posterior Samples:  11%|█         | 160/1504 [00:04<00:49, 26.89step/s]
[Origin 6/13] 🎲 Drawing Posterior Samples:  11%|█         | 164/1504 [00:04<00:48, 27.39step/s]
[Origin 6/13] 🎲 Drawing Posterior Samples:  11%|█         | 167/1504 [00:04<00:49, 27.05step/s]
[Origin 6/13] 🎲 Drawing Posterior Samples:  11%|█▏        | 170/1504 [00:04<00:49, 26.87step/s]
[Origin 6/13] 🎲 Drawing Posterior Samples:  12%|█▏        | 173/1504 [00:04<00:48, 27.60step/s]
[Origin 6/13] 🎲 Drawing Posterior Samples:  12%|█▏        | 176/1504 [00:04<00:48, 27.44step/s]
[Origin 6/13] 🎲 Drawing Posterior Samples:  12%|█▏        | 179/1504 [00:05<00:47, 27.92step/s]
[Origin 6/13] 🎲 Drawing Posterior Samples:  12%|█▏        | 183/1504 [00:05<00:46, 28.12step/s]
[Origin 6/13] 🎲 Drawing Posterior Samples:  12%|█▏        | 186/1504 [00:05<00:46, 28.36step/s]
[Origin 6/13] 🎲 Drawing Posterior Samples:  13%|█▎        | 189/1504 [00:05<00:51, 25.53step/s]
[Origin 6/13] 🎲 Drawing Posterior Samples:  13%|█▎        | 192/1504 [00:05<00:53, 24.59step/s]
[Origin 6/13] 🎲 Drawing Posterior Samples:  13%|█▎        | 195/1504 [00:05<00:53, 24.37step/s]
[Origin 6/13] 🎲 Drawing Posterior Samples:  13%|█▎        | 199/1504 [00:05<00:46, 27.95step/s]
[Origin 6/13] 🎲 Drawing Posterior Samples:  13%|█▎        | 202/1504 [00:05<00:46, 27.93step/s]
[Origin 6/13] 🎲 Drawing Posterior Samples:  14%|█▍        | 207/1504 [00:06<00:39, 32.99step/s]
[Origin 6/13] 🎲 Drawing Posterior Samples:  14%|█▍        | 211/1504 [00:06<00:44, 29.15step/s]
[Origin 6/13] 🎲 Drawing Posterior Samples:  14%|█▍        | 215/1504 [00:06<00:45, 28.52step/s]
[Origin 6/13] 🎲 Drawing Posterior Samples:  15%|█▍        | 219/1504 [00:06<00:43, 29.22step/s]
[Origin 6/13] 🎲 Drawing Posterior Samples:  15%|█▍        | 223/1504 [00:06<00:41, 30.82step/s]
[Origin 6/13] 🎲 Drawing Posterior Samples:  15%|█▌        | 227/1504 [00:06<00:41, 30.95step/s]
[Origin 6/13] 🎲 Drawing Posterior Samples:  15%|█▌        | 231/1504 [00:06<00:42, 29.99step/s]
[Origin 6/13] 🎲 Drawing Posterior Samples:  16%|█▌        | 235/1504 [00:06<00:41, 30.43step/s]
[Origin 6/13] 🎲 Drawing Posterior Samples:  16%|█▌        | 239/1504 [00:07<00:41, 30.61step/s]
[Origin 6/13] 🎲 Drawing Posterior Samples:  16%|█▌        | 243/1504 [00:07<00:44, 28.19step/s]
[Origin 6/13] 🎲 Drawing Posterior Samples:  16%|█▋        | 246/1504 [00:07<00:45, 27.38step/s]
[Origin 6/13] 🎲 Drawing Posterior Samples:  17%|█▋        | 249/1504 [00:07<00:47, 26.37step/s]
[Origin 6/13] 🎲 Drawing Posterior Samples:  17%|█▋        | 252/1504 [00:07<00:46, 27.18step/s]
[Origin 6/13] 🎲 Drawing Posterior Samples:  17%|█▋        | 255/1504 [00:07<00:52, 24.00step/s]
[Origin 6/13] 🎲 Drawing Posterior Samples:  17%|█▋        | 258/1504 [00:07<00:55, 22.41step/s]
[Origin 6/13] 🎲 Drawing Posterior Samples:  18%|█▊        | 264/1504 [00:08<00:42, 28.88step/s]
[Origin 6/13] 🎲 Drawing Posterior Samples:  18%|█▊        | 269/1504 [00:08<00:37, 33.19step/s]
[Origin 6/13] 🎲 Drawing Posterior Samples:  18%|█▊        | 274/1504 [00:08<00:33, 37.16step/s]
[Origin 6/13] 🎲 Drawing Posterior Samples:  18%|█▊        | 278/1504 [00:08<00:40, 30.33step/s]
[Origin 6/13] 🎲 Drawing Posterior Samples:  19%|█▉        | 282/1504 [00:08<00:48, 24.95step/s]
[Origin 6/13] 🎲 Drawing Posterior Samples:  19%|█▉        | 285/1504 [00:08<00:47, 25.41step/s]
[Origin 6/13] 🎲 Drawing Posterior Samples:  19%|█▉        | 291/1504 [00:08<00:37, 32.02step/s]
[Origin 6/13] 🎲 Drawing Posterior Samples:  20%|█▉        | 295/1504 [00:09<00:35, 33.62step/s]
[Origin 6/13] 🎲 Drawing Posterior Samples:  20%|██        | 301/1504 [00:09<00:31, 38.63step/s]
[Origin 6/13] 🎲 Drawing Posterior Samples:  20%|██        | 306/1504 [00:09<00:30, 39.81step/s]
[Origin 6/13] 🎲 Drawing Posterior Samples:  21%|██        | 312/1504 [00:09<00:27, 43.19step/s]
[Origin 6/13] 🎲 Drawing Posterior Samples:  21%|██        | 317/1504 [00:09<00:27, 42.56step/s]
[Origin 6/13] 🎲 Drawing Posterior Samples:  21%|██▏       | 322/1504 [00:09<00:28, 42.08step/s]
[Origin 6/13] 🎲 Drawing Posterior Samples:  22%|██▏       | 327/1504 [00:09<00:26, 43.90step/s]
[Origin 6/13] 🎲 Drawing Posterior Samples:  22%|██▏       | 332/1504 [00:09<00:29, 39.18step/s]
[Origin 6/13] 🎲 Drawing Posterior Samples:  22%|██▏       | 337/1504 [00:10<00:34, 33.73step/s]
[Origin 6/13] 🎲 Drawing Posterior Samples:  23%|██▎       | 341/1504 [00:10<00:42, 27.20step/s]
[Origin 6/13] 🎲 Drawing Posterior Samples:  23%|██▎       | 345/1504 [00:10<01:19, 14.67step/s]
[Origin 6/13] 🎲 Drawing Posterior Samples:  23%|██▎       | 348/1504 [00:11<01:47, 10.80step/s]
[Origin 6/13] 🎲 Drawing Posterior Samples:  23%|██▎       | 350/1504 [00:11<02:06,  9.09step/s]
[Origin 6/13] 🎲 Drawing Posterior Samples:  23%|██▎       | 352/1504 [00:12<02:26,  7.85step/s]
[Origin 6/13] 🎲 Drawing Posterior Samples:  24%|██▎       | 354/1504 [00:12<02:43,  7.02step/s]
[Origin 6/13] 🎲 Drawing Posterior Samples:  24%|██▎       | 355/1504 [00:12<02:54,  6.59step/s]
[Origin 6/13] 🎲 Drawing Posterior Samples:  24%|██▎       | 356/1504 [00:13<03:00,  6.36step/s]
[Origin 6/13] 🎲 Drawing Posterior Samples:  24%|██▎       | 357/1504 [00:13<03:09,  6.04step/s]
[Origin 6/13] 🎲 Drawing Posterior Samples:  24%|██▍       | 358/1504 [00:13<03:10,  6.03step/s]
[Origin 6/13] 🎲 Drawing Posterior Samples:  24%|██▍       | 359/1504 [00:13<03:17,  5.79step/s]
[Origin 6/13] 🎲 Drawing Posterior Samples:  24%|██▍       | 360/1504 [00:13<03:21,  5.67step/s]
[Origin 6/13] 🎲 Drawing Posterior Samples:  24%|██▍       | 361/1504 [00:13<03:25,  5.56step/s]
[Origin 6/13] 🎲 Drawing Posterior Samples:  24%|██▍       | 362/1504 [00:14<03:21,  5.66step/s]
[Origin 6/13] 🎲 Drawing Posterior Samples:  24%|██▍       | 363/1504 [00:14<03:26,  5.52step/s]
[Origin 6/13] 🎲 Drawing Posterior Samples:  24%|██▍       | 364/1504 [00:14<03:25,  5.55step/s]
[Origin 6/13] 🎲 Drawing Posterior Samples:  24%|██▍       | 365/1504 [00:14<03:36,  5.25step/s]
[Origin 6/13] 🎲 Drawing Posterior Samples:  24%|██▍       | 366/1504 [00:14<03:37,  5.23step/s]
[Origin 6/13] 🎲 Drawing Posterior Samples:  24%|██▍       | 367/1504 [00:15<03:33,  5.32step/s]
[Origin 6/13] 🎲 Drawing Posterior Samples:  24%|██▍       | 368/1504 [00:15<03:32,  5.36step/s]
[Origin 6/13] 🎲 Drawing Posterior Samples:  25%|██▍       | 369/1504 [00:15<03:48,  4.96step/s]
[Origin 6/13] 🎲 Drawing Posterior Samples:  25%|██▍       | 370/1504 [00:15<03:54,  4.84step/s]
[Origin 6/13] 🎲 Drawing Posterior Samples:  25%|██▍       | 371/1504 [00:15<04:05,  4.61step/s]
[Origin 6/13] 🎲 Drawing Posterior Samples:  25%|██▍       | 372/1504 [00:16<03:59,  4.72step/s]
[Origin 6/13] 🎲 Drawing Posterior Samples:  25%|██▍       | 373/1504 [00:16<04:03,  4.65step/s]
[Origin 6/13] 🎲 Drawing Posterior Samples:  25%|██▍       | 374/1504 [00:16<04:06,  4.59step/s]
[Origin 6/13] 🎲 Drawing Posterior Samples:  25%|██▍       | 375/1504 [00:16<04:14,  4.44step/s]
[Origin 6/13] 🎲 Drawing Posterior Samples:  25%|██▌       | 376/1504 [00:17<04:28,  4.20step/s]
[Origin 6/13] 🎲 Drawing Posterior Samples:  25%|██▌       | 377/1504 [00:36<1:50:42,  5.89s/step]
[Origin 6/13] 🎲 Drawing Posterior Samples:  25%|██▌       | 381/1504 [00:36<40:59,  2.19s/step]  
[Origin 6/13] 🎲 Drawing Posterior Samples:  26%|██▌       | 386/1504 [00:36<19:24,  1.04s/step]
[Origin 6/13] 🎲 Drawing Posterior Samples:  26%|██▌       | 392/1504 [00:36<10:17,  1.80step/s]
[Origin 6/13] 🎲 Drawing Posterior Samples:  26%|██▋       | 398/1504 [00:36<06:15,  2.95step/s]
[Origin 6/13] 🎲 Drawing Posterior Samples:  27%|██▋       | 404/1504 [00:36<04:04,  4.50step/s]
[Origin 6/13] 🎲 Drawing Posterior Samples:  27%|██▋       | 409/1504 [00:36<02:58,  6.13step/s]
[Origin 6/13] 🎲 Drawing Posterior Samples:  28%|██▊       | 415/1504 [00:37<02:04,  8.72step/s]
[Origin 6/13] 🎲 Drawing Posterior Samples:  28%|██▊       | 420/1504 [00:37<01:34, 11.44step/s]
[Origin 6/13] 🎲 Drawing Posterior Samples:  28%|██▊       | 425/1504 [00:37<01:14, 14.56step/s]
[Origin 6/13] 🎲 Drawing Posterior Samples:  29%|██▊       | 431/1504 [00:37<00:56, 19.12step/s]
[Origin 6/13] 🎲 Drawing Posterior Samples:  29%|██▉       | 436/1504 [00:37<00:47, 22.56step/s]
[Origin 6/13] 🎲 Drawing Posterior Samples:  29%|██▉       | 441/1504 [00:37<00:39, 26.80step/s]
[Origin 6/13] 🎲 Drawing Posterior Samples:  30%|██▉       | 446/1504 [00:37<00:35, 29.89step/s]
[Origin 6/13] 🎲 Drawing Posterior Samples:  30%|███       | 452/1504 [00:37<00:30, 33.97step/s]
[Origin 6/13] 🎲 Drawing Posterior Samples:  30%|███       | 457/1504 [00:38<00:28, 36.83step/s]
[Origin 6/13] 🎲 Drawing Posterior Samples:  31%|███       | 462/1504 [00:38<00:28, 36.75step/s]
[Origin 6/13] 🎲 Drawing Posterior Samples:  31%|███       | 468/1504 [00:38<00:25, 40.79step/s]
[Origin 6/13] 🎲 Drawing Posterior Samples:  31%|███▏      | 473/1504 [00:38<00:24, 41.49step/s]
[Origin 6/13] 🎲 Drawing Posterior Samples:  32%|███▏      | 479/1504 [00:38<00:23, 43.56step/s]
[Origin 6/13] 🎲 Drawing Posterior Samples:  32%|███▏      | 484/1504 [00:38<00:23, 44.33step/s]
[Origin 6/13] 🎲 Drawing Posterior Samples:  33%|███▎      | 489/1504 [00:38<00:24, 41.35step/s]
[Origin 6/13] 🎲 Drawing Posterior Samples:  33%|███▎      | 494/1504 [00:38<00:23, 42.76step/s]
[Origin 6/13] 🎲 Drawing Posterior Samples:  33%|███▎      | 499/1504 [00:38<00:23, 42.38step/s]
[Origin 6/13] 🎲 Drawing Posterior Samples:  34%|███▎      | 504/1504 [00:39<00:22, 43.99step/s]
[Origin 6/13] 🎲 Drawing Posterior Samples:  34%|███▍      | 509/1504 [00:39<00:22, 43.34step/s]
[Origin 6/13] 🎲 Drawing Posterior Samples:  34%|███▍      | 515/1504 [00:39<00:22, 44.11step/s]
[Origin 6/13] 🎲 Drawing Posterior Samples:  35%|███▍      | 521/1504 [00:39<00:22, 44.00step/s]
[Origin 6/13] 🎲 Drawing Posterior Samples:  35%|███▍      | 526/1504 [00:39<00:21, 44.57step/s]
[Origin 6/13] 🎲 Drawing Posterior Samples:  35%|███▌      | 532/1504 [00:39<00:20, 46.69step/s]
[Origin 6/13] 🎲 Drawing Posterior Samples:  36%|███▌      | 537/1504 [00:39<00:21, 44.86step/s]
[Origin 6/13] 🎲 Drawing Posterior Samples:  36%|███▌      | 542/1504 [00:39<00:21, 44.42step/s]
[Origin 6/13] 🎲 Drawing Posterior Samples:  36%|███▋      | 547/1504 [00:40<00:22, 41.88step/s]
[Origin 6/13] 🎲 Drawing Posterior Samples:  37%|███▋      | 552/1504 [00:40<00:22, 42.26step/s]
[Origin 6/13] 🎲 Drawing Posterior Samples:  37%|███▋      | 558/1504 [00:40<00:21, 44.67step/s]
[Origin 6/13] 🎲 Drawing Posterior Samples:  37%|███▋      | 563/1504 [00:40<00:22, 41.16step/s]
[Origin 6/13] 🎲 Drawing Posterior Samples:  38%|███▊      | 569/1504 [00:40<00:21, 44.15step/s]
[Origin 6/13] 🎲 Drawing Posterior Samples:  38%|███▊      | 574/1504 [00:40<00:21, 43.41step/s]
[Origin 6/13] 🎲 Drawing Posterior Samples:  38%|███▊      | 579/1504 [00:40<00:21, 43.39step/s]
[Origin 6/13] 🎲 Drawing Posterior Samples:  39%|███▉      | 585/1504 [00:40<00:20, 45.26step/s]
[Origin 6/13] 🎲 Drawing Posterior Samples:  39%|███▉      | 590/1504 [00:41<00:20, 44.56step/s]
[Origin 6/13] 🎲 Drawing Posterior Samples:  40%|███▉      | 595/1504 [00:41<00:20, 44.31step/s]
[Origin 6/13] 🎲 Drawing Posterior Samples:  40%|███▉      | 600/1504 [00:41<00:21, 42.76step/s]
[Origin 6/13] 🎲 Drawing Posterior Samples:  40%|████      | 605/1504 [00:41<00:20, 44.62step/s]
[Origin 6/13] 🎲 Drawing Posterior Samples:  41%|████      | 610/1504 [00:41<00:19, 45.91step/s]
[Origin 6/13] 🎲 Drawing Posterior Samples:  41%|████      | 615/1504 [00:41<00:20, 43.94step/s]
[Origin 6/13] 🎲 Drawing Posterior Samples:  41%|████▏     | 621/1504 [00:41<00:19, 45.90step/s]
[Origin 6/13] 🎲 Drawing Posterior Samples:  42%|████▏     | 626/1504 [00:41<00:20, 42.51step/s]
[Origin 6/13] 🎲 Drawing Posterior Samples:  42%|████▏     | 632/1504 [00:41<00:19, 45.24step/s]
[Origin 6/13] 🎲 Drawing Posterior Samples:  42%|████▏     | 637/1504 [00:42<00:19, 44.88step/s]
[Origin 6/13] 🎲 Drawing Posterior Samples:  43%|████▎     | 642/1504 [00:42<00:20, 41.65step/s]
[Origin 6/13] 🎲 Drawing Posterior Samples:  43%|████▎     | 648/1504 [00:42<00:19, 44.54step/s]
[Origin 6/13] 🎲 Drawing Posterior Samples:  43%|████▎     | 653/1504 [00:42<00:19, 43.75step/s]
[Origin 6/13] 🎲 Drawing Posterior Samples:  44%|████▍     | 658/1504 [00:42<00:19, 43.00step/s]
[Origin 6/13] 🎲 Drawing Posterior Samples:  44%|████▍     | 664/1504 [00:42<00:18, 45.17step/s]
[Origin 6/13] 🎲 Drawing Posterior Samples:  44%|████▍     | 669/1504 [00:42<00:20, 41.40step/s]
[Origin 6/13] 🎲 Drawing Posterior Samples:  45%|████▍     | 675/1504 [00:42<00:18, 43.87step/s]
[Origin 6/13] 🎲 Drawing Posterior Samples:  45%|████▌     | 680/1504 [00:43<00:19, 42.86step/s]
[Origin 6/13] 🎲 Drawing Posterior Samples:  46%|████▌     | 685/1504 [00:43<00:20, 40.88step/s]
[Origin 6/13] 🎲 Drawing Posterior Samples:  46%|████▌     | 690/1504 [00:43<00:19, 42.46step/s]
[Origin 6/13] 🎲 Drawing Posterior Samples:  46%|████▋     | 696/1504 [00:43<00:17, 45.23step/s]
[Origin 6/13] 🎲 Drawing Posterior Samples:  47%|████▋     | 701/1504 [00:43<00:18, 44.61step/s]
[Origin 6/13] 🎲 Drawing Posterior Samples:  47%|████▋     | 706/1504 [00:43<00:17, 45.92step/s]
[Origin 6/13] 🎲 Drawing Posterior Samples:  47%|████▋     | 711/1504 [00:43<00:18, 41.83step/s]
[Origin 6/13] 🎲 Drawing Posterior Samples:  48%|████▊     | 717/1504 [00:44<00:26, 29.91step/s]
[Origin 6/13] 🎲 Drawing Posterior Samples:  48%|████▊     | 721/1504 [00:44<00:52, 14.95step/s]
[Origin 6/13] 🎲 Drawing Posterior Samples:  48%|████▊     | 724/1504 [00:45<01:13, 10.59step/s]
[Origin 6/13] 🎲 Drawing Posterior Samples:  48%|████▊     | 727/1504 [00:46<01:30,  8.55step/s]
[Origin 6/13] 🎲 Drawing Posterior Samples:  48%|████▊     | 729/1504 [00:46<01:52,  6.88step/s]
[Origin 6/13] 🎲 Drawing Posterior Samples:  49%|████▊     | 731/1504 [00:46<01:58,  6.54step/s]
[Origin 6/13] 🎲 Drawing Posterior Samples:  49%|████▊     | 733/1504 [00:47<02:04,  6.17step/s]
[Origin 6/13] 🎲 Drawing Posterior Samples:  49%|████▉     | 734/1504 [00:47<02:20,  5.50step/s]
[Origin 6/13] 🎲 Drawing Posterior Samples:  49%|████▉     | 735/1504 [00:47<02:36,  4.92step/s]
[Origin 6/13] 🎲 Drawing Posterior Samples:  49%|████▉     | 736/1504 [00:48<02:33,  5.00step/s]
[Origin 6/13] 🎲 Drawing Posterior Samples:  49%|████▉     | 737/1504 [00:48<02:32,  5.01step/s]
[Origin 6/13] 🎲 Drawing Posterior Samples:  49%|████▉     | 738/1504 [00:48<02:31,  5.06step/s]
[Origin 6/13] 🎲 Drawing Posterior Samples:  49%|████▉     | 739/1504 [00:48<02:35,  4.92step/s]
[Origin 6/13] 🎲 Drawing Posterior Samples:  49%|████▉     | 740/1504 [00:48<02:32,  5.00step/s]
[Origin 6/13] 🎲 Drawing Posterior Samples:  49%|████▉     | 741/1504 [00:49<02:39,  4.80step/s]
[Origin 6/13] 🎲 Drawing Posterior Samples:  49%|████▉     | 742/1504 [00:49<02:35,  4.91step/s]
[Origin 6/13] 🎲 Drawing Posterior Samples:  49%|████▉     | 743/1504 [00:49<02:30,  5.06step/s]
[Origin 6/13] 🎲 Drawing Posterior Samples:  49%|████▉     | 744/1504 [00:49<02:27,  5.15step/s]
[Origin 6/13] 🎲 Drawing Posterior Samples:  50%|████▉     | 745/1504 [00:49<02:22,  5.32step/s]
[Origin 6/13] 🎲 Drawing Posterior Samples:  50%|████▉     | 746/1504 [00:50<02:24,  5.26step/s]
[Origin 6/13] 🎲 Drawing Posterior Samples:  50%|████▉     | 747/1504 [00:50<02:15,  5.60step/s]
[Origin 6/13] 🎲 Drawing Posterior Samples:  50%|████▉     | 748/1504 [00:50<02:24,  5.21step/s]
[Origin 6/13] 🎲 Drawing Posterior Samples:  50%|████▉     | 749/1504 [00:50<02:29,  5.05step/s]
[Origin 6/13] 🎲 Drawing Posterior Samples:  50%|████▉     | 750/1504 [00:50<02:25,  5.18step/s]
[Origin 6/13] 🎲 Drawing Posterior Samples:  50%|████▉     | 751/1504 [00:51<02:20,  5.35step/s]
[Origin 6/13] 🎲 Drawing Posterior Samples:  50%|█████     | 752/1504 [00:51<02:17,  5.49step/s]
[Origin 6/13] 🎲 Drawing Posterior Samples:  50%|█████     | 753/1504 [01:08<1:04:51,  5.18s/step]
[Origin 6/13] 🎲 Drawing Posterior Samples:  50%|█████     | 756/1504 [01:08<28:33,  2.29s/step]  
[Origin 6/13] 🎲 Drawing Posterior Samples:  51%|█████     | 762/1504 [01:08<11:00,  1.12step/s]
[Origin 6/13] 🎲 Drawing Posterior Samples:  51%|█████     | 768/1504 [01:08<05:55,  2.07step/s]
[Origin 6/13] 🎲 Drawing Posterior Samples:  51%|█████▏    | 773/1504 [01:08<03:52,  3.14step/s]
[Origin 6/13] 🎲 Drawing Posterior Samples:  52%|█████▏    | 779/1504 [01:08<02:28,  4.87step/s]
[Origin 6/13] 🎲 Drawing Posterior Samples:  52%|█████▏    | 784/1504 [01:08<01:46,  6.76step/s]
[Origin 6/13] 🎲 Drawing Posterior Samples:  53%|█████▎    | 790/1504 [01:08<01:14,  9.63step/s]
[Origin 6/13] 🎲 Drawing Posterior Samples:  53%|█████▎    | 795/1504 [01:08<00:56, 12.57step/s]
[Origin 6/13] 🎲 Drawing Posterior Samples:  53%|█████▎    | 800/1504 [01:09<00:44, 15.91step/s]
[Origin 6/13] 🎲 Drawing Posterior Samples:  54%|█████▎    | 806/1504 [01:09<00:33, 20.72step/s]
[Origin 6/13] 🎲 Drawing Posterior Samples:  54%|█████▍    | 811/1504 [01:09<00:29, 23.68step/s]
[Origin 6/13] 🎲 Drawing Posterior Samples:  54%|█████▍    | 817/1504 [01:09<00:24, 27.99step/s]
[Origin 6/13] 🎲 Drawing Posterior Samples:  55%|█████▍    | 822/1504 [01:09<00:22, 30.82step/s]
[Origin 6/13] 🎲 Drawing Posterior Samples:  55%|█████▌    | 828/1504 [01:09<00:19, 35.49step/s]
[Origin 6/13] 🎲 Drawing Posterior Samples:  55%|█████▌    | 834/1504 [01:09<00:17, 39.34step/s]
[Origin 6/13] 🎲 Drawing Posterior Samples:  56%|█████▌    | 839/1504 [01:09<00:16, 40.20step/s]
[Origin 6/13] 🎲 Drawing Posterior Samples:  56%|█████▌    | 844/1504 [01:10<00:16, 39.42step/s]
[Origin 6/13] 🎲 Drawing Posterior Samples:  57%|█████▋    | 850/1504 [01:10<00:15, 42.93step/s]
[Origin 6/13] 🎲 Drawing Posterior Samples:  57%|█████▋    | 855/1504 [01:10<00:15, 40.92step/s]
[Origin 6/13] 🎲 Drawing Posterior Samples:  57%|█████▋    | 860/1504 [01:10<00:16, 38.96step/s]
[Origin 6/13] 🎲 Drawing Posterior Samples:  58%|█████▊    | 866/1504 [01:10<00:15, 42.37step/s]
[Origin 6/13] 🎲 Drawing Posterior Samples:  58%|█████▊    | 871/1504 [01:10<00:16, 39.42step/s]
[Origin 6/13] 🎲 Drawing Posterior Samples:  58%|█████▊    | 876/1504 [01:10<00:15, 40.76step/s]
[Origin 6/13] 🎲 Drawing Posterior Samples:  59%|█████▊    | 882/1504 [01:10<00:14, 43.79step/s]
[Origin 6/13] 🎲 Drawing Posterior Samples:  59%|█████▉    | 888/1504 [01:11<00:14, 43.89step/s]
[Origin 6/13] 🎲 Drawing Posterior Samples:  59%|█████▉    | 894/1504 [01:11<00:13, 45.91step/s]
[Origin 6/13] 🎲 Drawing Posterior Samples:  60%|█████▉    | 899/1504 [01:11<00:14, 42.84step/s]
[Origin 6/13] 🎲 Drawing Posterior Samples:  60%|██████    | 904/1504 [01:11<00:14, 41.20step/s]
[Origin 6/13] 🎲 Drawing Posterior Samples:  60%|██████    | 909/1504 [01:11<00:14, 41.43step/s]
[Origin 6/13] 🎲 Drawing Posterior Samples:  61%|██████    | 914/1504 [01:11<00:14, 39.69step/s]
[Origin 6/13] 🎲 Drawing Posterior Samples:  61%|██████    | 919/1504 [01:11<00:15, 37.82step/s]
[Origin 6/13] 🎲 Drawing Posterior Samples:  62%|██████▏   | 925/1504 [01:12<00:14, 41.24step/s]
[Origin 6/13] 🎲 Drawing Posterior Samples:  62%|██████▏   | 930/1504 [01:12<00:14, 38.75step/s]
[Origin 6/13] 🎲 Drawing Posterior Samples:  62%|██████▏   | 934/1504 [01:12<00:14, 38.82step/s]
[Origin 6/13] 🎲 Drawing Posterior Samples:  62%|██████▏   | 938/1504 [01:12<00:14, 38.79step/s]
[Origin 6/13] 🎲 Drawing Posterior Samples:  63%|██████▎   | 943/1504 [01:12<00:14, 38.58step/s]
[Origin 6/13] 🎲 Drawing Posterior Samples:  63%|██████▎   | 948/1504 [01:12<00:13, 41.29step/s]
[Origin 6/13] 🎲 Drawing Posterior Samples:  63%|██████▎   | 953/1504 [01:12<00:13, 41.22step/s]
[Origin 6/13] 🎲 Drawing Posterior Samples:  64%|██████▎   | 958/1504 [01:12<00:13, 41.90step/s]
[Origin 6/13] 🎲 Drawing Posterior Samples:  64%|██████▍   | 963/1504 [01:12<00:12, 42.02step/s]
[Origin 6/13] 🎲 Drawing Posterior Samples:  64%|██████▍   | 969/1504 [01:13<00:11, 44.75step/s]
[Origin 6/13] 🎲 Drawing Posterior Samples:  65%|██████▍   | 974/1504 [01:13<00:12, 43.83step/s]
[Origin 6/13] 🎲 Drawing Posterior Samples:  65%|██████▌   | 979/1504 [01:13<00:11, 44.41step/s]
[Origin 6/13] 🎲 Drawing Posterior Samples:  65%|██████▌   | 984/1504 [01:13<00:12, 42.53step/s]
[Origin 6/13] 🎲 Drawing Posterior Samples:  66%|██████▌   | 990/1504 [01:13<00:11, 45.21step/s]
[Origin 6/13] 🎲 Drawing Posterior Samples:  66%|██████▌   | 995/1504 [01:13<00:11, 43.72step/s]
[Origin 6/13] 🎲 Drawing Posterior Samples:  66%|██████▋   | 1000/1504 [01:13<00:11, 43.29step/s]
[Origin 6/13] 🎲 Drawing Posterior Samples:  67%|██████▋   | 1005/1504 [01:13<00:11, 42.32step/s]
[Origin 6/13] 🎲 Drawing Posterior Samples:  67%|██████▋   | 1010/1504 [01:14<00:12, 40.14step/s]
[Origin 6/13] 🎲 Drawing Posterior Samples:  67%|██████▋   | 1015/1504 [01:14<00:11, 40.75step/s]
[Origin 6/13] 🎲 Drawing Posterior Samples:  68%|██████▊   | 1021/1504 [01:14<00:10, 43.96step/s]
[Origin 6/13] 🎲 Drawing Posterior Samples:  68%|██████▊   | 1026/1504 [01:14<00:10, 43.57step/s]
[Origin 6/13] 🎲 Drawing Posterior Samples:  69%|██████▊   | 1031/1504 [01:14<00:10, 44.29step/s]
[Origin 6/13] 🎲 Drawing Posterior Samples:  69%|██████▉   | 1036/1504 [01:14<00:11, 39.99step/s]
[Origin 6/13] 🎲 Drawing Posterior Samples:  69%|██████▉   | 1042/1504 [01:14<00:10, 43.37step/s]
[Origin 6/13] 🎲 Drawing Posterior Samples:  70%|██████▉   | 1047/1504 [01:14<00:10, 43.31step/s]
[Origin 6/13] 🎲 Drawing Posterior Samples:  70%|██████▉   | 1052/1504 [01:15<00:11, 40.38step/s]
[Origin 6/13] 🎲 Drawing Posterior Samples:  70%|███████   | 1058/1504 [01:15<00:10, 43.65step/s]
[Origin 6/13] 🎲 Drawing Posterior Samples:  71%|███████   | 1063/1504 [01:15<00:10, 43.57step/s]
[Origin 6/13] 🎲 Drawing Posterior Samples:  71%|███████   | 1068/1504 [01:15<00:10, 43.43step/s]
[Origin 6/13] 🎲 Drawing Posterior Samples:  71%|███████▏  | 1074/1504 [01:15<00:09, 45.03step/s]
[Origin 6/13] 🎲 Drawing Posterior Samples:  72%|███████▏  | 1079/1504 [01:15<00:09, 45.30step/s]
[Origin 6/13] 🎲 Drawing Posterior Samples:  72%|███████▏  | 1084/1504 [01:15<00:09, 44.32step/s]
[Origin 6/13] 🎲 Drawing Posterior Samples:  72%|███████▏  | 1089/1504 [01:15<00:09, 45.09step/s]
[Origin 6/13] 🎲 Drawing Posterior Samples:  73%|███████▎  | 1094/1504 [01:16<00:16, 25.12step/s]
[Origin 6/13] 🎲 Drawing Posterior Samples:  73%|███████▎  | 1098/1504 [01:16<00:26, 15.05step/s]
[Origin 6/13] 🎲 Drawing Posterior Samples:  73%|███████▎  | 1101/1504 [01:17<00:34, 11.62step/s]
[Origin 6/13] 🎲 Drawing Posterior Samples:  73%|███████▎  | 1104/1504 [01:18<00:48,  8.22step/s]
[Origin 6/13] 🎲 Drawing Posterior Samples:  74%|███████▎  | 1106/1504 [01:18<00:58,  6.82step/s]
[Origin 6/13] 🎲 Drawing Posterior Samples:  74%|███████▎  | 1108/1504 [01:19<01:12,  5.48step/s]
[Origin 6/13] 🎲 Drawing Posterior Samples:  74%|███████▎  | 1109/1504 [01:19<01:14,  5.34step/s]
[Origin 6/13] 🎲 Drawing Posterior Samples:  74%|███████▍  | 1110/1504 [01:19<01:22,  4.77step/s]
[Origin 6/13] 🎲 Drawing Posterior Samples:  74%|███████▍  | 1111/1504 [01:20<01:28,  4.43step/s]
[Origin 6/13] 🎲 Drawing Posterior Samples:  74%|███████▍  | 1112/1504 [01:20<01:24,  4.63step/s]
[Origin 6/13] 🎲 Drawing Posterior Samples:  74%|███████▍  | 1113/1504 [01:20<01:19,  4.92step/s]
[Origin 6/13] 🎲 Drawing Posterior Samples:  74%|███████▍  | 1114/1504 [01:20<01:13,  5.32step/s]
[Origin 6/13] 🎲 Drawing Posterior Samples:  74%|███████▍  | 1115/1504 [01:20<01:08,  5.68step/s]
[Origin 6/13] 🎲 Drawing Posterior Samples:  74%|███████▍  | 1116/1504 [01:21<01:25,  4.56step/s]
[Origin 6/13] 🎲 Drawing Posterior Samples:  74%|███████▍  | 1117/1504 [01:21<01:19,  4.85step/s]
[Origin 6/13] 🎲 Drawing Posterior Samples:  74%|███████▍  | 1118/1504 [01:21<01:16,  5.07step/s]
[Origin 6/13] 🎲 Drawing Posterior Samples:  74%|███████▍  | 1119/1504 [01:21<01:12,  5.32step/s]
[Origin 6/13] 🎲 Drawing Posterior Samples:  74%|███████▍  | 1120/1504 [01:21<01:12,  5.30step/s]
[Origin 6/13] 🎲 Drawing Posterior Samples:  75%|███████▍  | 1121/1504 [01:21<01:10,  5.46step/s]
[Origin 6/13] 🎲 Drawing Posterior Samples:  75%|███████▍  | 1122/1504 [01:22<01:23,  4.57step/s]
[Origin 6/13] 🎲 Drawing Posterior Samples:  75%|███████▍  | 1123/1504 [01:22<01:34,  4.03step/s]
[Origin 6/13] 🎲 Drawing Posterior Samples:  75%|███████▍  | 1124/1504 [01:22<01:27,  4.33step/s]
[Origin 6/13] 🎲 Drawing Posterior Samples:  75%|███████▍  | 1125/1504 [01:22<01:25,  4.45step/s]
[Origin 6/13] 🎲 Drawing Posterior Samples:  75%|███████▍  | 1126/1504 [01:23<01:17,  4.90step/s]
[Origin 6/13] 🎲 Drawing Posterior Samples:  75%|███████▍  | 1127/1504 [01:23<01:11,  5.26step/s]
[Origin 6/13] 🎲 Drawing Posterior Samples:  75%|███████▌  | 1128/1504 [01:23<01:08,  5.46step/s]
[Origin 6/13] 🎲 Drawing Posterior Samples:  75%|███████▌  | 1129/1504 [01:49<50:01,  8.00s/step]
[Origin 6/13] 🎲 Drawing Posterior Samples:  75%|███████▌  | 1135/1504 [01:49<13:52,  2.26s/step]
[Origin 6/13] 🎲 Drawing Posterior Samples:  76%|███████▌  | 1141/1504 [01:49<06:47,  1.12s/step]
[Origin 6/13] 🎲 Drawing Posterior Samples:  76%|███████▌  | 1145/1504 [01:50<04:34,  1.31step/s]
[Origin 6/13] 🎲 Drawing Posterior Samples:  76%|███████▋  | 1149/1504 [01:50<03:09,  1.87step/s]
[Origin 6/13] 🎲 Drawing Posterior Samples:  77%|███████▋  | 1153/1504 [01:50<02:11,  2.67step/s]
[Origin 6/13] 🎲 Drawing Posterior Samples:  77%|███████▋  | 1158/1504 [01:50<01:26,  4.01step/s]
[Origin 6/13] 🎲 Drawing Posterior Samples:  77%|███████▋  | 1162/1504 [01:50<01:03,  5.38step/s]
[Origin 6/13] 🎲 Drawing Posterior Samples:  78%|███████▊  | 1166/1504 [01:50<00:47,  7.10step/s]
[Origin 6/13] 🎲 Drawing Posterior Samples:  78%|███████▊  | 1170/1504 [01:50<00:35,  9.28step/s]
[Origin 6/13] 🎲 Drawing Posterior Samples:  78%|███████▊  | 1174/1504 [01:50<00:28, 11.57step/s]
[Origin 6/13] 🎲 Drawing Posterior Samples:  78%|███████▊  | 1178/1504 [01:51<00:24, 13.33step/s]
[Origin 6/13] 🎲 Drawing Posterior Samples:  79%|███████▊  | 1181/1504 [01:51<00:21, 15.07step/s]
[Origin 6/13] 🎲 Drawing Posterior Samples:  79%|███████▊  | 1184/1504 [01:51<00:19, 16.76step/s]
[Origin 6/13] 🎲 Drawing Posterior Samples:  79%|███████▉  | 1187/1504 [01:51<00:17, 18.46step/s]
[Origin 6/13] 🎲 Drawing Posterior Samples:  79%|███████▉  | 1190/1504 [01:51<00:15, 20.17step/s]
[Origin 6/13] 🎲 Drawing Posterior Samples:  79%|███████▉  | 1193/1504 [01:51<00:14, 20.98step/s]
[Origin 6/13] 🎲 Drawing Posterior Samples:  80%|███████▉  | 1196/1504 [01:51<00:15, 19.88step/s]
[Origin 6/13] 🎲 Drawing Posterior Samples:  80%|███████▉  | 1199/1504 [01:51<00:13, 21.82step/s]
[Origin 6/13] 🎲 Drawing Posterior Samples:  80%|███████▉  | 1203/1504 [01:52<00:12, 24.43step/s]
[Origin 6/13] 🎲 Drawing Posterior Samples:  80%|████████  | 1208/1504 [01:52<00:10, 29.27step/s]
[Origin 6/13] 🎲 Drawing Posterior Samples:  81%|████████  | 1213/1504 [01:52<00:08, 33.87step/s]
[Origin 6/13] 🎲 Drawing Posterior Samples:  81%|████████  | 1217/1504 [01:52<00:10, 27.90step/s]
[Origin 6/13] 🎲 Drawing Posterior Samples:  81%|████████  | 1221/1504 [01:52<00:11, 24.24step/s]
[Origin 6/13] 🎲 Drawing Posterior Samples:  81%|████████▏ | 1224/1504 [01:52<00:11, 23.90step/s]
[Origin 6/13] 🎲 Drawing Posterior Samples:  82%|████████▏ | 1227/1504 [01:52<00:11, 23.89step/s]
[Origin 6/13] 🎲 Drawing Posterior Samples:  82%|████████▏ | 1230/1504 [01:53<00:11, 24.68step/s]
[Origin 6/13] 🎲 Drawing Posterior Samples:  82%|████████▏ | 1233/1504 [01:53<00:10, 25.67step/s]
[Origin 6/13] 🎲 Drawing Posterior Samples:  82%|████████▏ | 1236/1504 [01:53<00:10, 25.29step/s]
[Origin 6/13] 🎲 Drawing Posterior Samples:  82%|████████▏ | 1239/1504 [01:53<00:10, 25.70step/s]
[Origin 6/13] 🎲 Drawing Posterior Samples:  83%|████████▎ | 1242/1504 [01:53<00:10, 25.79step/s]
[Origin 6/13] 🎲 Drawing Posterior Samples:  83%|████████▎ | 1245/1504 [01:53<00:09, 26.53step/s]
[Origin 6/13] 🎲 Drawing Posterior Samples:  83%|████████▎ | 1248/1504 [01:53<00:09, 26.46step/s]
[Origin 6/13] 🎲 Drawing Posterior Samples:  83%|████████▎ | 1253/1504 [01:53<00:08, 29.05step/s]
[Origin 6/13] 🎲 Drawing Posterior Samples:  84%|████████▎ | 1256/1504 [01:54<00:09, 25.75step/s]
[Origin 6/13] 🎲 Drawing Posterior Samples:  84%|████████▎ | 1259/1504 [01:54<00:10, 24.50step/s]
[Origin 6/13] 🎲 Drawing Posterior Samples:  84%|████████▍ | 1262/1504 [01:54<00:09, 25.24step/s]
[Origin 6/13] 🎲 Drawing Posterior Samples:  84%|████████▍ | 1265/1504 [01:54<00:09, 26.10step/s]
[Origin 6/13] 🎲 Drawing Posterior Samples:  85%|████████▍ | 1271/1504 [01:54<00:06, 33.57step/s]
[Origin 6/13] 🎲 Drawing Posterior Samples:  85%|████████▍ | 1276/1504 [01:54<00:06, 37.90step/s]
[Origin 6/13] 🎲 Drawing Posterior Samples:  85%|████████▌ | 1280/1504 [01:54<00:05, 38.34step/s]
[Origin 6/13] 🎲 Drawing Posterior Samples:  85%|████████▌ | 1284/1504 [01:54<00:05, 38.04step/s]
[Origin 6/13] 🎲 Drawing Posterior Samples:  86%|████████▌ | 1288/1504 [01:54<00:05, 37.99step/s]
[Origin 6/13] 🎲 Drawing Posterior Samples:  86%|████████▌ | 1294/1504 [01:55<00:04, 42.41step/s]
[Origin 6/13] 🎲 Drawing Posterior Samples:  86%|████████▋ | 1299/1504 [01:55<00:04, 41.39step/s]
[Origin 6/13] 🎲 Drawing Posterior Samples:  87%|████████▋ | 1304/1504 [01:55<00:05, 38.46step/s]
[Origin 6/13] 🎲 Drawing Posterior Samples:  87%|████████▋ | 1310/1504 [01:55<00:04, 42.30step/s]
[Origin 6/13] 🎲 Drawing Posterior Samples:  87%|████████▋ | 1315/1504 [01:55<00:04, 41.96step/s]
[Origin 6/13] 🎲 Drawing Posterior Samples:  88%|████████▊ | 1321/1504 [01:55<00:04, 44.85step/s]
[Origin 6/13] 🎲 Drawing Posterior Samples:  88%|████████▊ | 1326/1504 [01:55<00:04, 44.26step/s]
[Origin 6/13] 🎲 Drawing Posterior Samples:  88%|████████▊ | 1331/1504 [01:55<00:04, 40.57step/s]
[Origin 6/13] 🎲 Drawing Posterior Samples:  89%|████████▉ | 1336/1504 [01:56<00:04, 40.82step/s]
[Origin 6/13] 🎲 Drawing Posterior Samples:  89%|████████▉ | 1341/1504 [01:56<00:03, 41.51step/s]
[Origin 6/13] 🎲 Drawing Posterior Samples:  89%|████████▉ | 1346/1504 [01:56<00:03, 43.52step/s]
[Origin 6/13] 🎲 Drawing Posterior Samples:  90%|████████▉ | 1351/1504 [01:56<00:03, 42.57step/s]
[Origin 6/13] 🎲 Drawing Posterior Samples:  90%|█████████ | 1356/1504 [01:56<00:03, 43.25step/s]
[Origin 6/13] 🎲 Drawing Posterior Samples:  90%|█████████ | 1361/1504 [01:56<00:03, 40.97step/s]
[Origin 6/13] 🎲 Drawing Posterior Samples:  91%|█████████ | 1366/1504 [01:56<00:03, 38.30step/s]
[Origin 6/13] 🎲 Drawing Posterior Samples:  91%|█████████ | 1372/1504 [01:56<00:03, 41.90step/s]
[Origin 6/13] 🎲 Drawing Posterior Samples:  92%|█████████▏| 1378/1504 [01:57<00:02, 44.55step/s]
[Origin 6/13] 🎲 Drawing Posterior Samples:  92%|█████████▏| 1383/1504 [01:57<00:03, 38.25step/s]
[Origin 6/13] 🎲 Drawing Posterior Samples:  92%|█████████▏| 1388/1504 [01:57<00:03, 29.84step/s]
[Origin 6/13] 🎲 Drawing Posterior Samples:  93%|█████████▎| 1392/1504 [01:57<00:04, 26.55step/s]
[Origin 6/13] 🎲 Drawing Posterior Samples:  93%|█████████▎| 1396/1504 [01:57<00:03, 28.11step/s]
[Origin 6/13] 🎲 Drawing Posterior Samples:  93%|█████████▎| 1402/1504 [01:57<00:03, 33.61step/s]
[Origin 6/13] 🎲 Drawing Posterior Samples:  93%|█████████▎| 1406/1504 [01:58<00:02, 33.44step/s]
[Origin 6/13] 🎲 Drawing Posterior Samples:  94%|█████████▍| 1411/1504 [01:58<00:02, 35.71step/s]
[Origin 6/13] 🎲 Drawing Posterior Samples:  94%|█████████▍| 1417/1504 [01:58<00:02, 40.00step/s]
[Origin 6/13] 🎲 Drawing Posterior Samples:  95%|█████████▍| 1422/1504 [01:58<00:01, 41.50step/s]
[Origin 6/13] 🎲 Drawing Posterior Samples:  95%|█████████▍| 1427/1504 [01:58<00:01, 42.55step/s]
[Origin 6/13] 🎲 Drawing Posterior Samples:  95%|█████████▌| 1432/1504 [01:58<00:01, 42.14step/s]
[Origin 6/13] 🎲 Drawing Posterior Samples:  96%|█████████▌| 1437/1504 [01:58<00:01, 41.21step/s]
[Origin 6/13] 🎲 Drawing Posterior Samples:  96%|█████████▌| 1443/1504 [01:58<00:01, 44.30step/s]
[Origin 6/13] 🎲 Drawing Posterior Samples:  96%|█████████▋| 1449/1504 [01:58<00:01, 45.28step/s]
[Origin 6/13] 🎲 Drawing Posterior Samples:  97%|█████████▋| 1454/1504 [01:59<00:01, 45.49step/s]
[Origin 6/13] 🎲 Drawing Posterior Samples:  97%|█████████▋| 1459/1504 [01:59<00:01, 44.38step/s]
[Origin 6/13] 🎲 Drawing Posterior Samples:  97%|█████████▋| 1465/1504 [01:59<00:00, 46.53step/s]
[Origin 6/13] 🎲 Drawing Posterior Samples:  98%|█████████▊| 1470/1504 [01:59<00:01, 24.01step/s]
[Origin 6/13] 🎲 Drawing Posterior Samples:  98%|█████████▊| 1474/1504 [02:00<00:02, 13.25step/s]
[Origin 6/13] 🎲 Drawing Posterior Samples:  98%|█████████▊| 1477/1504 [02:01<00:02, 10.65step/s]
[Origin 6/13] 🎲 Drawing Posterior Samples:  98%|█████████▊| 1480/1504 [02:01<00:02,  8.69step/s]
[Origin 6/13] 🎲 Drawing Posterior Samples:  99%|█████████▊| 1482/1504 [02:01<00:02,  7.69step/s]
[Origin 6/13] 🎲 Drawing Posterior Samples:  99%|█████████▊| 1484/1504 [02:02<00:02,  7.16step/s]
[Origin 6/13] 🎲 Drawing Posterior Samples:  99%|█████████▉| 1486/1504 [02:02<00:02,  6.60step/s]
[Origin 6/13] 🎲 Drawing Posterior Samples:  99%|█████████▉| 1487/1504 [02:02<00:02,  6.39step/s]
[Origin 6/13] 🎲 Drawing Posterior Samples:  99%|█████████▉| 1488/1504 [02:03<00:02,  6.25step/s]
[Origin 6/13] 🎲 Drawing Posterior Samples:  99%|█████████▉| 1489/1504 [02:03<00:02,  5.79step/s]
[Origin 6/13] 🎲 Drawing Posterior Samples:  99%|█████████▉| 1490/1504 [02:03<00:02,  5.67step/s]
[Origin 6/13] 🎲 Drawing Posterior Samples:  99%|█████████▉| 1491/1504 [02:03<00:02,  5.42step/s]
[Origin 6/13] 🎲 Drawing Posterior Samples:  99%|█████████▉| 1492/1504 [02:03<00:02,  5.29step/s]
[Origin 6/13] 🎲 Drawing Posterior Samples:  99%|█████████▉| 1493/1504 [02:04<00:02,  5.43step/s]
[Origin 6/13] 🎲 Drawing Posterior Samples:  99%|█████████▉| 1494/1504 [02:04<00:01,  5.54step/s]
[Origin 6/13] 🎲 Drawing Posterior Samples:  99%|█████████▉| 1495/1504 [02:04<00:01,  5.50step/s]
[Origin 6/13] 🎲 Drawing Posterior Samples:  99%|█████████▉| 1496/1504 [02:04<00:01,  5.40step/s]
[Origin 6/13] 🎲 Drawing Posterior Samples: 100%|█████████▉| 1497/1504 [02:04<00:01,  4.98step/s]
[Origin 6/13] 🎲 Drawing Posterior Samples: 100%|█████████▉| 1498/1504 [02:05<00:01,  4.98step/s]
[Origin 6/13] 🎲 Drawing Posterior Samples: 100%|█████████▉| 1499/1504 [02:05<00:00,  5.01step/s]
[Origin 6/13] 🎲 Drawing Posterior Samples: 100%|█████████▉| 1500/1504 [02:05<00:00,  5.11step/s]
[Origin 6/13] 🎲 Drawing Posterior Samples: 100%|█████████▉| 1501/1504 [02:05<00:00,  5.05step/s]
[Origin 6/13] 🎲 Drawing Posterior Samples: 100%|█████████▉| 1502/1504 [02:05<00:00,  5.13step/s]
[Origin 6/13] 🎲 Drawing Posterior Samples: 100%|█████████▉| 1503/1504 [02:06<00:00,  5.18step/s]
[Origin 6/13] 🎲 Drawing Posterior Samples: 100%|██████████| 1504/1504 [02:06<00:00,  5.06step/s]
                                                                                                 

[Origin 7/13] 🎲 Drawing Posterior Samples:   0%|          | 0/1508 [00:00<?, ?step/s]
[Origin 7/13] 🎲 Drawing Posterior Samples:   1%|          | 8/1508 [00:00<00:21, 70.89step/s]
[Origin 7/13] 🎲 Drawing Posterior Samples:   1%|          | 16/1508 [00:00<00:25, 59.37step/s]
[Origin 7/13] 🎲 Drawing Posterior Samples:   2%|▏         | 23/1508 [00:00<00:26, 55.90step/s]
[Origin 7/13] 🎲 Drawing Posterior Samples:   2%|▏         | 29/1508 [00:00<00:41, 35.80step/s]
[Origin 7/13] 🎲 Drawing Posterior Samples:   2%|▏         | 34/1508 [00:00<00:46, 31.58step/s]
[Origin 7/13] 🎲 Drawing Posterior Samples:   3%|▎         | 38/1508 [00:01<00:46, 31.57step/s]
[Origin 7/13] 🎲 Drawing Posterior Samples:   3%|▎         | 42/1508 [00:01<00:44, 32.97step/s]
[Origin 7/13] 🎲 Drawing Posterior Samples:   3%|▎         | 48/1508 [00:01<00:38, 38.05step/s]
[Origin 7/13] 🎲 Drawing Posterior Samples:   4%|▎         | 53/1508 [00:01<00:39, 37.13step/s]
[Origin 7/13] 🎲 Drawing Posterior Samples:   4%|▍         | 57/1508 [00:01<00:47, 30.49step/s]
[Origin 7/13] 🎲 Drawing Posterior Samples:   4%|▍         | 61/1508 [00:01<00:53, 27.16step/s]
[Origin 7/13] 🎲 Drawing Posterior Samples:   4%|▍         | 64/1508 [00:01<00:57, 25.19step/s]
[Origin 7/13] 🎲 Drawing Posterior Samples:   5%|▍         | 68/1508 [00:02<00:51, 28.20step/s]
[Origin 7/13] 🎲 Drawing Posterior Samples:   5%|▍         | 73/1508 [00:02<00:43, 32.87step/s]
[Origin 7/13] 🎲 Drawing Posterior Samples:   5%|▌         | 77/1508 [00:02<00:52, 27.06step/s]
[Origin 7/13] 🎲 Drawing Posterior Samples:   5%|▌         | 81/1508 [00:02<00:54, 26.20step/s]
[Origin 7/13] 🎲 Drawing Posterior Samples:   6%|▌         | 84/1508 [00:02<00:53, 26.68step/s]
[Origin 7/13] 🎲 Drawing Posterior Samples:   6%|▌         | 89/1508 [00:02<00:45, 31.35step/s]
[Origin 7/13] 🎲 Drawing Posterior Samples:   6%|▌         | 93/1508 [00:02<00:45, 30.97step/s]
[Origin 7/13] 🎲 Drawing Posterior Samples:   6%|▋         | 97/1508 [00:02<00:46, 30.13step/s]
[Origin 7/13] 🎲 Drawing Posterior Samples:   7%|▋         | 101/1508 [00:03<00:51, 27.17step/s]
[Origin 7/13] 🎲 Drawing Posterior Samples:   7%|▋         | 106/1508 [00:03<00:45, 31.11step/s]
[Origin 7/13] 🎲 Drawing Posterior Samples:   7%|▋         | 111/1508 [00:03<00:44, 31.13step/s]
[Origin 7/13] 🎲 Drawing Posterior Samples:   8%|▊         | 116/1508 [00:03<00:41, 33.60step/s]
[Origin 7/13] 🎲 Drawing Posterior Samples:   8%|▊         | 121/1508 [00:03<00:38, 36.46step/s]
[Origin 7/13] 🎲 Drawing Posterior Samples:   8%|▊         | 126/1508 [00:03<00:37, 36.94step/s]
[Origin 7/13] 🎲 Drawing Posterior Samples:   9%|▊         | 130/1508 [00:03<00:37, 36.50step/s]
[Origin 7/13] 🎲 Drawing Posterior Samples:   9%|▉         | 134/1508 [00:04<00:42, 32.70step/s]
[Origin 7/13] 🎲 Drawing Posterior Samples:   9%|▉         | 138/1508 [00:04<00:46, 29.19step/s]
[Origin 7/13] 🎲 Drawing Posterior Samples:   9%|▉         | 142/1508 [00:04<00:50, 27.29step/s]
[Origin 7/13] 🎲 Drawing Posterior Samples:  10%|▉         | 146/1508 [00:04<00:46, 29.05step/s]
[Origin 7/13] 🎲 Drawing Posterior Samples:  10%|▉         | 150/1508 [00:04<00:43, 30.92step/s]
[Origin 7/13] 🎲 Drawing Posterior Samples:  10%|█         | 156/1508 [00:04<00:36, 36.57step/s]
[Origin 7/13] 🎲 Drawing Posterior Samples:  11%|█         | 160/1508 [00:04<00:38, 34.63step/s]
[Origin 7/13] 🎲 Drawing Posterior Samples:  11%|█         | 165/1508 [00:05<00:34, 38.41step/s]
[Origin 7/13] 🎲 Drawing Posterior Samples:  11%|█         | 169/1508 [00:05<00:35, 37.97step/s]
[Origin 7/13] 🎲 Drawing Posterior Samples:  12%|█▏        | 174/1508 [00:05<00:33, 40.16step/s]
[Origin 7/13] 🎲 Drawing Posterior Samples:  12%|█▏        | 179/1508 [00:05<00:34, 38.47step/s]
[Origin 7/13] 🎲 Drawing Posterior Samples:  12%|█▏        | 183/1508 [00:05<00:35, 37.72step/s]
[Origin 7/13] 🎲 Drawing Posterior Samples:  12%|█▏        | 187/1508 [00:05<00:35, 37.74step/s]
[Origin 7/13] 🎲 Drawing Posterior Samples:  13%|█▎        | 191/1508 [00:05<00:41, 31.74step/s]
[Origin 7/13] 🎲 Drawing Posterior Samples:  13%|█▎        | 195/1508 [00:05<00:42, 30.91step/s]
[Origin 7/13] 🎲 Drawing Posterior Samples:  13%|█▎        | 199/1508 [00:06<00:43, 29.92step/s]
[Origin 7/13] 🎲 Drawing Posterior Samples:  13%|█▎        | 203/1508 [00:06<00:48, 27.19step/s]
[Origin 7/13] 🎲 Drawing Posterior Samples:  14%|█▎        | 206/1508 [00:06<00:48, 26.88step/s]
[Origin 7/13] 🎲 Drawing Posterior Samples:  14%|█▍        | 209/1508 [00:06<00:48, 26.87step/s]
[Origin 7/13] 🎲 Drawing Posterior Samples:  14%|█▍        | 212/1508 [00:06<00:50, 25.81step/s]
[Origin 7/13] 🎲 Drawing Posterior Samples:  14%|█▍        | 216/1508 [00:06<00:46, 27.78step/s]
[Origin 7/13] 🎲 Drawing Posterior Samples:  15%|█▍        | 220/1508 [00:06<00:45, 28.07step/s]
[Origin 7/13] 🎲 Drawing Posterior Samples:  15%|█▍        | 223/1508 [00:06<00:47, 27.14step/s]
[Origin 7/13] 🎲 Drawing Posterior Samples:  15%|█▍        | 226/1508 [00:07<00:50, 25.41step/s]
[Origin 7/13] 🎲 Drawing Posterior Samples:  15%|█▌        | 231/1508 [00:07<00:42, 30.26step/s]
[Origin 7/13] 🎲 Drawing Posterior Samples:  16%|█▌        | 236/1508 [00:07<00:37, 33.75step/s]
[Origin 7/13] 🎲 Drawing Posterior Samples:  16%|█▌        | 240/1508 [00:07<00:37, 33.90step/s]
[Origin 7/13] 🎲 Drawing Posterior Samples:  16%|█▌        | 244/1508 [00:07<00:38, 32.78step/s]
[Origin 7/13] 🎲 Drawing Posterior Samples:  16%|█▋        | 248/1508 [00:07<00:37, 33.78step/s]
[Origin 7/13] 🎲 Drawing Posterior Samples:  17%|█▋        | 252/1508 [00:07<00:40, 30.69step/s]
[Origin 7/13] 🎲 Drawing Posterior Samples:  17%|█▋        | 256/1508 [00:08<00:43, 29.06step/s]
[Origin 7/13] 🎲 Drawing Posterior Samples:  17%|█▋        | 259/1508 [00:08<00:46, 26.60step/s]
[Origin 7/13] 🎲 Drawing Posterior Samples:  17%|█▋        | 262/1508 [00:08<00:46, 27.07step/s]
[Origin 7/13] 🎲 Drawing Posterior Samples:  18%|█▊        | 267/1508 [00:08<00:39, 31.53step/s]
[Origin 7/13] 🎲 Drawing Posterior Samples:  18%|█▊        | 271/1508 [00:08<00:37, 32.87step/s]
[Origin 7/13] 🎲 Drawing Posterior Samples:  18%|█▊        | 275/1508 [00:08<00:37, 32.80step/s]
[Origin 7/13] 🎲 Drawing Posterior Samples:  19%|█▊        | 280/1508 [00:08<00:33, 36.52step/s]
[Origin 7/13] 🎲 Drawing Posterior Samples:  19%|█▉        | 284/1508 [00:08<00:33, 36.77step/s]
[Origin 7/13] 🎲 Drawing Posterior Samples:  19%|█▉        | 288/1508 [00:08<00:32, 37.26step/s]
[Origin 7/13] 🎲 Drawing Posterior Samples:  19%|█▉        | 292/1508 [00:09<00:33, 36.83step/s]
[Origin 7/13] 🎲 Drawing Posterior Samples:  20%|█▉        | 298/1508 [00:09<00:29, 41.24step/s]
[Origin 7/13] 🎲 Drawing Posterior Samples:  20%|██        | 303/1508 [00:09<00:31, 38.70step/s]
[Origin 7/13] 🎲 Drawing Posterior Samples:  20%|██        | 308/1508 [00:09<00:30, 39.66step/s]
[Origin 7/13] 🎲 Drawing Posterior Samples:  21%|██        | 313/1508 [00:09<00:28, 41.52step/s]
[Origin 7/13] 🎲 Drawing Posterior Samples:  21%|██        | 318/1508 [00:09<00:33, 35.52step/s]
[Origin 7/13] 🎲 Drawing Posterior Samples:  21%|██▏       | 323/1508 [00:09<00:30, 38.81step/s]
[Origin 7/13] 🎲 Drawing Posterior Samples:  22%|██▏       | 328/1508 [00:09<00:29, 39.46step/s]
[Origin 7/13] 🎲 Drawing Posterior Samples:  22%|██▏       | 333/1508 [00:10<00:31, 37.53step/s]
[Origin 7/13] 🎲 Drawing Posterior Samples:  22%|██▏       | 337/1508 [00:10<00:31, 37.54step/s]
[Origin 7/13] 🎲 Drawing Posterior Samples:  23%|██▎       | 341/1508 [00:10<00:31, 37.39step/s]
[Origin 7/13] 🎲 Drawing Posterior Samples:  23%|██▎       | 345/1508 [00:11<01:28, 13.11step/s]
[Origin 7/13] 🎲 Drawing Posterior Samples:  23%|██▎       | 348/1508 [00:11<02:11,  8.79step/s]
[Origin 7/13] 🎲 Drawing Posterior Samples:  23%|██▎       | 351/1508 [00:12<02:40,  7.22step/s]
[Origin 7/13] 🎲 Drawing Posterior Samples:  23%|██▎       | 353/1508 [00:12<02:49,  6.80step/s]
[Origin 7/13] 🎲 Drawing Posterior Samples:  24%|██▎       | 355/1508 [00:13<02:59,  6.43step/s]
[Origin 7/13] 🎲 Drawing Posterior Samples:  24%|██▎       | 357/1508 [00:13<03:10,  6.05step/s]
[Origin 7/13] 🎲 Drawing Posterior Samples:  24%|██▎       | 358/1508 [00:13<03:14,  5.91step/s]
[Origin 7/13] 🎲 Drawing Posterior Samples:  24%|██▍       | 359/1508 [00:14<03:36,  5.31step/s]
[Origin 7/13] 🎲 Drawing Posterior Samples:  24%|██▍       | 360/1508 [00:14<03:32,  5.40step/s]
[Origin 7/13] 🎲 Drawing Posterior Samples:  24%|██▍       | 361/1508 [00:14<03:24,  5.61step/s]
[Origin 7/13] 🎲 Drawing Posterior Samples:  24%|██▍       | 362/1508 [00:14<03:56,  4.84step/s]
[Origin 7/13] 🎲 Drawing Posterior Samples:  24%|██▍       | 363/1508 [00:14<03:53,  4.90step/s]
[Origin 7/13] 🎲 Drawing Posterior Samples:  24%|██▍       | 364/1508 [00:15<03:51,  4.94step/s]
[Origin 7/13] 🎲 Drawing Posterior Samples:  24%|██▍       | 365/1508 [00:15<03:39,  5.21step/s]
[Origin 7/13] 🎲 Drawing Posterior Samples:  24%|██▍       | 366/1508 [00:15<04:17,  4.44step/s]
[Origin 7/13] 🎲 Drawing Posterior Samples:  24%|██▍       | 367/1508 [00:15<04:12,  4.51step/s]
[Origin 7/13] 🎲 Drawing Posterior Samples:  24%|██▍       | 368/1508 [00:15<03:54,  4.87step/s]
[Origin 7/13] 🎲 Drawing Posterior Samples:  24%|██▍       | 369/1508 [00:16<03:45,  5.06step/s]
[Origin 7/13] 🎲 Drawing Posterior Samples:  25%|██▍       | 370/1508 [00:16<03:40,  5.17step/s]
[Origin 7/13] 🎲 Drawing Posterior Samples:  25%|██▍       | 371/1508 [00:16<03:45,  5.05step/s]
[Origin 7/13] 🎲 Drawing Posterior Samples:  25%|██▍       | 372/1508 [00:16<03:46,  5.01step/s]
[Origin 7/13] 🎲 Drawing Posterior Samples:  25%|██▍       | 373/1508 [00:16<03:51,  4.91step/s]
[Origin 7/13] 🎲 Drawing Posterior Samples:  25%|██▍       | 374/1508 [00:17<03:42,  5.10step/s]
[Origin 7/13] 🎲 Drawing Posterior Samples:  25%|██▍       | 375/1508 [00:17<03:40,  5.14step/s]
[Origin 7/13] 🎲 Drawing Posterior Samples:  25%|██▍       | 376/1508 [00:17<03:50,  4.91step/s]
[Origin 7/13] 🎲 Drawing Posterior Samples:  25%|██▌       | 377/1508 [00:17<03:51,  4.89step/s]
[Origin 7/13] 🎲 Drawing Posterior Samples:  25%|██▌       | 378/1508 [00:43<2:28:47,  7.90s/step]
[Origin 7/13] 🎲 Drawing Posterior Samples:  25%|██▌       | 382/1508 [00:43<54:57,  2.93s/step]  
[Origin 7/13] 🎲 Drawing Posterior Samples:  26%|██▌       | 388/1508 [00:43<23:28,  1.26s/step]
[Origin 7/13] 🎲 Drawing Posterior Samples:  26%|██▌       | 392/1508 [00:43<15:18,  1.21step/s]
[Origin 7/13] 🎲 Drawing Posterior Samples:  26%|██▌       | 395/1508 [00:44<11:15,  1.65step/s]
[Origin 7/13] 🎲 Drawing Posterior Samples:  26%|██▋       | 398/1508 [00:44<08:16,  2.24step/s]
[Origin 7/13] 🎲 Drawing Posterior Samples:  27%|██▋       | 401/1508 [00:44<06:10,  2.99step/s]
[Origin 7/13] 🎲 Drawing Posterior Samples:  27%|██▋       | 404/1508 [00:44<04:40,  3.94step/s]
[Origin 7/13] 🎲 Drawing Posterior Samples:  27%|██▋       | 407/1508 [00:44<03:31,  5.21step/s]
[Origin 7/13] 🎲 Drawing Posterior Samples:  27%|██▋       | 410/1508 [00:44<02:41,  6.79step/s]
[Origin 7/13] 🎲 Drawing Posterior Samples:  28%|██▊       | 415/1508 [00:44<01:44, 10.44step/s]
[Origin 7/13] 🎲 Drawing Posterior Samples:  28%|██▊       | 420/1508 [00:45<01:14, 14.62step/s]
[Origin 7/13] 🎲 Drawing Posterior Samples:  28%|██▊       | 425/1508 [00:45<00:57, 18.75step/s]
[Origin 7/13] 🎲 Drawing Posterior Samples:  28%|██▊       | 429/1508 [00:45<00:49, 21.61step/s]
[Origin 7/13] 🎲 Drawing Posterior Samples:  29%|██▊       | 433/1508 [00:45<00:48, 22.30step/s]
[Origin 7/13] 🎲 Drawing Posterior Samples:  29%|██▉       | 437/1508 [00:45<00:50, 21.25step/s]
[Origin 7/13] 🎲 Drawing Posterior Samples:  29%|██▉       | 440/1508 [00:45<00:49, 21.65step/s]
[Origin 7/13] 🎲 Drawing Posterior Samples:  29%|██▉       | 443/1508 [00:45<00:51, 20.72step/s]
[Origin 7/13] 🎲 Drawing Posterior Samples:  30%|██▉       | 446/1508 [00:46<00:52, 20.36step/s]
[Origin 7/13] 🎲 Drawing Posterior Samples:  30%|██▉       | 449/1508 [00:46<00:49, 21.24step/s]
[Origin 7/13] 🎲 Drawing Posterior Samples:  30%|███       | 454/1508 [00:46<00:38, 27.14step/s]
[Origin 7/13] 🎲 Drawing Posterior Samples:  30%|███       | 458/1508 [00:46<00:40, 26.05step/s]
[Origin 7/13] 🎲 Drawing Posterior Samples:  31%|███       | 461/1508 [00:46<00:48, 21.81step/s]
[Origin 7/13] 🎲 Drawing Posterior Samples:  31%|███       | 466/1508 [00:46<00:38, 27.02step/s]
[Origin 7/13] 🎲 Drawing Posterior Samples:  31%|███▏      | 472/1508 [00:46<00:31, 33.12step/s]
[Origin 7/13] 🎲 Drawing Posterior Samples:  32%|███▏      | 477/1508 [00:47<00:27, 37.02step/s]
[Origin 7/13] 🎲 Drawing Posterior Samples:  32%|███▏      | 482/1508 [00:47<00:28, 36.00step/s]
[Origin 7/13] 🎲 Drawing Posterior Samples:  32%|███▏      | 488/1508 [00:47<00:25, 40.26step/s]
[Origin 7/13] 🎲 Drawing Posterior Samples:  33%|███▎      | 494/1508 [00:47<00:23, 43.45step/s]
[Origin 7/13] 🎲 Drawing Posterior Samples:  33%|███▎      | 499/1508 [00:47<00:23, 43.03step/s]
[Origin 7/13] 🎲 Drawing Posterior Samples:  33%|███▎      | 505/1508 [00:47<00:23, 42.86step/s]
[Origin 7/13] 🎲 Drawing Posterior Samples:  34%|███▍      | 510/1508 [00:47<00:23, 42.81step/s]
[Origin 7/13] 🎲 Drawing Posterior Samples:  34%|███▍      | 516/1508 [00:47<00:21, 45.43step/s]
[Origin 7/13] 🎲 Drawing Posterior Samples:  35%|███▍      | 522/1508 [00:48<00:20, 47.37step/s]
[Origin 7/13] 🎲 Drawing Posterior Samples:  35%|███▍      | 527/1508 [00:48<00:22, 43.35step/s]
[Origin 7/13] 🎲 Drawing Posterior Samples:  35%|███▌      | 533/1508 [00:48<00:21, 45.74step/s]
[Origin 7/13] 🎲 Drawing Posterior Samples:  36%|███▌      | 538/1508 [00:48<00:21, 45.28step/s]
[Origin 7/13] 🎲 Drawing Posterior Samples:  36%|███▌      | 543/1508 [00:48<00:21, 44.42step/s]
[Origin 7/13] 🎲 Drawing Posterior Samples:  36%|███▋      | 549/1508 [00:48<00:20, 46.61step/s]
[Origin 7/13] 🎲 Drawing Posterior Samples:  37%|███▋      | 554/1508 [00:48<00:21, 45.41step/s]
[Origin 7/13] 🎲 Drawing Posterior Samples:  37%|███▋      | 559/1508 [00:48<00:21, 44.06step/s]
[Origin 7/13] 🎲 Drawing Posterior Samples:  37%|███▋      | 564/1508 [00:48<00:22, 42.03step/s]
[Origin 7/13] 🎲 Drawing Posterior Samples:  38%|███▊      | 570/1508 [00:49<00:20, 44.90step/s]
[Origin 7/13] 🎲 Drawing Posterior Samples:  38%|███▊      | 576/1508 [00:49<00:19, 46.84step/s]
[Origin 7/13] 🎲 Drawing Posterior Samples:  39%|███▊      | 581/1508 [00:49<00:20, 44.98step/s]
[Origin 7/13] 🎲 Drawing Posterior Samples:  39%|███▉      | 587/1508 [00:49<00:20, 43.98step/s]
[Origin 7/13] 🎲 Drawing Posterior Samples:  39%|███▉      | 592/1508 [00:49<00:21, 43.42step/s]
[Origin 7/13] 🎲 Drawing Posterior Samples:  40%|███▉      | 598/1508 [00:49<00:19, 45.83step/s]
[Origin 7/13] 🎲 Drawing Posterior Samples:  40%|████      | 604/1508 [00:49<00:19, 47.34step/s]
[Origin 7/13] 🎲 Drawing Posterior Samples:  40%|████      | 609/1508 [00:49<00:19, 45.99step/s]
[Origin 7/13] 🎲 Drawing Posterior Samples:  41%|████      | 614/1508 [00:50<00:20, 44.53step/s]
[Origin 7/13] 🎲 Drawing Posterior Samples:  41%|████      | 619/1508 [00:50<00:20, 42.46step/s]
[Origin 7/13] 🎲 Drawing Posterior Samples:  41%|████▏     | 624/1508 [00:50<00:20, 42.72step/s]
[Origin 7/13] 🎲 Drawing Posterior Samples:  42%|████▏     | 630/1508 [00:50<00:19, 45.32step/s]
[Origin 7/13] 🎲 Drawing Posterior Samples:  42%|████▏     | 635/1508 [00:50<00:19, 44.65step/s]
[Origin 7/13] 🎲 Drawing Posterior Samples:  42%|████▏     | 640/1508 [00:50<00:19, 45.22step/s]
[Origin 7/13] 🎲 Drawing Posterior Samples:  43%|████▎     | 645/1508 [00:50<00:20, 42.98step/s]
[Origin 7/13] 🎲 Drawing Posterior Samples:  43%|████▎     | 651/1508 [00:50<00:18, 45.65step/s]
[Origin 7/13] 🎲 Drawing Posterior Samples:  44%|████▎     | 657/1508 [00:51<00:17, 47.42step/s]
[Origin 7/13] 🎲 Drawing Posterior Samples:  44%|████▍     | 662/1508 [00:51<00:18, 46.17step/s]
[Origin 7/13] 🎲 Drawing Posterior Samples:  44%|████▍     | 668/1508 [00:51<00:17, 47.57step/s]
[Origin 7/13] 🎲 Drawing Posterior Samples:  45%|████▍     | 673/1508 [00:51<00:19, 43.65step/s]
[Origin 7/13] 🎲 Drawing Posterior Samples:  45%|████▌     | 679/1508 [00:51<00:18, 46.03step/s]
[Origin 7/13] 🎲 Drawing Posterior Samples:  45%|████▌     | 685/1508 [00:51<00:17, 47.50step/s]
[Origin 7/13] 🎲 Drawing Posterior Samples:  46%|████▌     | 690/1508 [00:51<00:17, 45.58step/s]
[Origin 7/13] 🎲 Drawing Posterior Samples:  46%|████▌     | 696/1508 [00:51<00:17, 45.76step/s]
[Origin 7/13] 🎲 Drawing Posterior Samples:  46%|████▋     | 701/1508 [00:52<00:18, 43.85step/s]
[Origin 7/13] 🎲 Drawing Posterior Samples:  47%|████▋     | 707/1508 [00:52<00:17, 44.71step/s]
[Origin 7/13] 🎲 Drawing Posterior Samples:  47%|████▋     | 712/1508 [00:52<00:17, 46.05step/s]
[Origin 7/13] 🎲 Drawing Posterior Samples:  48%|████▊     | 717/1508 [00:52<00:17, 44.98step/s]
[Origin 7/13] 🎲 Drawing Posterior Samples:  48%|████▊     | 722/1508 [00:53<00:43, 17.89step/s]
[Origin 7/13] 🎲 Drawing Posterior Samples:  48%|████▊     | 726/1508 [00:53<01:02, 12.52step/s]
[Origin 7/13] 🎲 Drawing Posterior Samples:  48%|████▊     | 729/1508 [00:54<01:16, 10.22step/s]
[Origin 7/13] 🎲 Drawing Posterior Samples:  48%|████▊     | 731/1508 [00:54<01:27,  8.93step/s]
[Origin 7/13] 🎲 Drawing Posterior Samples:  49%|████▊     | 733/1508 [00:54<01:39,  7.75step/s]
[Origin 7/13] 🎲 Drawing Posterior Samples:  49%|████▊     | 735/1508 [00:55<01:52,  6.87step/s]
[Origin 7/13] 🎲 Drawing Posterior Samples:  49%|████▉     | 737/1508 [00:55<01:57,  6.56step/s]
[Origin 7/13] 🎲 Drawing Posterior Samples:  49%|████▉     | 738/1508 [00:55<02:00,  6.39step/s]
[Origin 7/13] 🎲 Drawing Posterior Samples:  49%|████▉     | 739/1508 [00:56<02:04,  6.20step/s]
[Origin 7/13] 🎲 Drawing Posterior Samples:  49%|████▉     | 740/1508 [00:56<02:06,  6.08step/s]
[Origin 7/13] 🎲 Drawing Posterior Samples:  49%|████▉     | 741/1508 [00:56<02:07,  6.00step/s]
[Origin 7/13] 🎲 Drawing Posterior Samples:  49%|████▉     | 742/1508 [00:56<02:15,  5.65step/s]
[Origin 7/13] 🎲 Drawing Posterior Samples:  49%|████▉     | 743/1508 [00:56<02:21,  5.42step/s]
[Origin 7/13] 🎲 Drawing Posterior Samples:  49%|████▉     | 744/1508 [00:56<02:17,  5.55step/s]
[Origin 7/13] 🎲 Drawing Posterior Samples:  49%|████▉     | 745/1508 [00:57<02:17,  5.56step/s]
[Origin 7/13] 🎲 Drawing Posterior Samples:  49%|████▉     | 746/1508 [00:57<02:15,  5.61step/s]
[Origin 7/13] 🎲 Drawing Posterior Samples:  50%|████▉     | 747/1508 [00:57<02:16,  5.57step/s]
[Origin 7/13] 🎲 Drawing Posterior Samples:  50%|████▉     | 748/1508 [00:57<02:16,  5.58step/s]
[Origin 7/13] 🎲 Drawing Posterior Samples:  50%|████▉     | 749/1508 [00:57<02:16,  5.58step/s]
[Origin 7/13] 🎲 Drawing Posterior Samples:  50%|████▉     | 750/1508 [00:58<02:20,  5.38step/s]
[Origin 7/13] 🎲 Drawing Posterior Samples:  50%|████▉     | 751/1508 [00:58<02:25,  5.22step/s]
[Origin 7/13] 🎲 Drawing Posterior Samples:  50%|████▉     | 752/1508 [00:58<02:22,  5.31step/s]
[Origin 7/13] 🎲 Drawing Posterior Samples:  50%|████▉     | 753/1508 [00:58<02:21,  5.32step/s]
[Origin 7/13] 🎲 Drawing Posterior Samples:  50%|█████     | 754/1508 [00:59<03:02,  4.12step/s]
[Origin 7/13] 🎲 Drawing Posterior Samples:  50%|█████     | 755/1508 [01:27<1:48:25,  8.64s/step]
[Origin 7/13] 🎲 Drawing Posterior Samples:  50%|█████     | 761/1508 [01:27<30:20,  2.44s/step]  
[Origin 7/13] 🎲 Drawing Posterior Samples:  51%|█████     | 767/1508 [01:27<14:57,  1.21s/step]
[Origin 7/13] 🎲 Drawing Posterior Samples:  51%|█████     | 772/1508 [01:27<09:21,  1.31step/s]
[Origin 7/13] 🎲 Drawing Posterior Samples:  52%|█████▏    | 777/1508 [01:27<06:08,  1.98step/s]
[Origin 7/13] 🎲 Drawing Posterior Samples:  52%|█████▏    | 782/1508 [01:27<04:10,  2.90step/s]
[Origin 7/13] 🎲 Drawing Posterior Samples:  52%|█████▏    | 787/1508 [01:28<02:53,  4.16step/s]
[Origin 7/13] 🎲 Drawing Posterior Samples:  53%|█████▎    | 793/1508 [01:28<01:55,  6.16step/s]
[Origin 7/13] 🎲 Drawing Posterior Samples:  53%|█████▎    | 798/1508 [01:28<01:25,  8.34step/s]
[Origin 7/13] 🎲 Drawing Posterior Samples:  53%|█████▎    | 803/1508 [01:28<01:04, 10.96step/s]
[Origin 7/13] 🎲 Drawing Posterior Samples:  54%|█████▎    | 809/1508 [01:28<00:47, 14.80step/s]
[Origin 7/13] 🎲 Drawing Posterior Samples:  54%|█████▍    | 814/1508 [01:28<00:37, 18.38step/s]
[Origin 7/13] 🎲 Drawing Posterior Samples:  54%|█████▍    | 819/1508 [01:28<00:31, 21.95step/s]
[Origin 7/13] 🎲 Drawing Posterior Samples:  55%|█████▍    | 825/1508 [01:28<00:25, 27.16step/s]
[Origin 7/13] 🎲 Drawing Posterior Samples:  55%|█████▌    | 830/1508 [01:28<00:22, 30.30step/s]
[Origin 7/13] 🎲 Drawing Posterior Samples:  55%|█████▌    | 836/1508 [01:29<00:19, 35.14step/s]
[Origin 7/13] 🎲 Drawing Posterior Samples:  56%|█████▌    | 841/1508 [01:29<00:17, 37.11step/s]
[Origin 7/13] 🎲 Drawing Posterior Samples:  56%|█████▌    | 847/1508 [01:29<00:16, 39.15step/s]
[Origin 7/13] 🎲 Drawing Posterior Samples:  57%|█████▋    | 853/1508 [01:29<00:15, 42.56step/s]
[Origin 7/13] 🎲 Drawing Posterior Samples:  57%|█████▋    | 858/1508 [01:29<00:15, 42.15step/s]
[Origin 7/13] 🎲 Drawing Posterior Samples:  57%|█████▋    | 864/1508 [01:29<00:14, 44.86step/s]
[Origin 7/13] 🎲 Drawing Posterior Samples:  58%|█████▊    | 869/1508 [01:29<00:14, 44.02step/s]
[Origin 7/13] 🎲 Drawing Posterior Samples:  58%|█████▊    | 875/1508 [01:29<00:14, 44.41step/s]
[Origin 7/13] 🎲 Drawing Posterior Samples:  58%|█████▊    | 880/1508 [01:30<00:13, 45.73step/s]
[Origin 7/13] 🎲 Drawing Posterior Samples:  59%|█████▊    | 885/1508 [01:30<00:16, 38.16step/s]
[Origin 7/13] 🎲 Drawing Posterior Samples:  59%|█████▉    | 890/1508 [01:30<00:16, 37.57step/s]
[Origin 7/13] 🎲 Drawing Posterior Samples:  59%|█████▉    | 896/1508 [01:30<00:14, 41.43step/s]
[Origin 7/13] 🎲 Drawing Posterior Samples:  60%|█████▉    | 901/1508 [01:30<00:14, 41.71step/s]
[Origin 7/13] 🎲 Drawing Posterior Samples:  60%|██████    | 906/1508 [01:30<00:14, 41.35step/s]
[Origin 7/13] 🎲 Drawing Posterior Samples:  60%|██████    | 912/1508 [01:30<00:13, 44.24step/s]
[Origin 7/13] 🎲 Drawing Posterior Samples:  61%|██████    | 917/1508 [01:30<00:13, 43.44step/s]
[Origin 7/13] 🎲 Drawing Posterior Samples:  61%|██████    | 923/1508 [01:31<00:12, 45.71step/s]
[Origin 7/13] 🎲 Drawing Posterior Samples:  62%|██████▏   | 928/1508 [01:31<00:13, 44.48step/s]
[Origin 7/13] 🎲 Drawing Posterior Samples:  62%|██████▏   | 933/1508 [01:31<00:13, 43.67step/s]
[Origin 7/13] 🎲 Drawing Posterior Samples:  62%|██████▏   | 938/1508 [01:31<00:13, 43.53step/s]
[Origin 7/13] 🎲 Drawing Posterior Samples:  63%|██████▎   | 943/1508 [01:31<00:14, 38.89step/s]
[Origin 7/13] 🎲 Drawing Posterior Samples:  63%|██████▎   | 949/1508 [01:31<00:13, 41.31step/s]
[Origin 7/13] 🎲 Drawing Posterior Samples:  63%|██████▎   | 954/1508 [01:31<00:13, 42.57step/s]
[Origin 7/13] 🎲 Drawing Posterior Samples:  64%|██████▎   | 960/1508 [01:31<00:12, 43.71step/s]
[Origin 7/13] 🎲 Drawing Posterior Samples:  64%|██████▍   | 965/1508 [01:32<00:12, 44.66step/s]
[Origin 7/13] 🎲 Drawing Posterior Samples:  64%|██████▍   | 970/1508 [01:32<00:12, 41.82step/s]
[Origin 7/13] 🎲 Drawing Posterior Samples:  65%|██████▍   | 975/1508 [01:32<00:12, 41.65step/s]
[Origin 7/13] 🎲 Drawing Posterior Samples:  65%|██████▍   | 980/1508 [01:32<00:12, 41.96step/s]
[Origin 7/13] 🎲 Drawing Posterior Samples:  65%|██████▌   | 985/1508 [01:32<00:12, 43.50step/s]
[Origin 7/13] 🎲 Drawing Posterior Samples:  66%|██████▌   | 990/1508 [01:32<00:11, 44.23step/s]
[Origin 7/13] 🎲 Drawing Posterior Samples:  66%|██████▌   | 995/1508 [01:32<00:11, 43.41step/s]
[Origin 7/13] 🎲 Drawing Posterior Samples:  66%|██████▋   | 1000/1508 [01:32<00:11, 42.89step/s]
[Origin 7/13] 🎲 Drawing Posterior Samples:  67%|██████▋   | 1005/1508 [01:32<00:11, 44.25step/s]
[Origin 7/13] 🎲 Drawing Posterior Samples:  67%|██████▋   | 1010/1508 [01:33<00:11, 41.96step/s]
[Origin 7/13] 🎲 Drawing Posterior Samples:  67%|██████▋   | 1015/1508 [01:33<00:12, 40.15step/s]
[Origin 7/13] 🎲 Drawing Posterior Samples:  68%|██████▊   | 1020/1508 [01:33<00:12, 40.59step/s]
[Origin 7/13] 🎲 Drawing Posterior Samples:  68%|██████▊   | 1025/1508 [01:33<00:11, 41.57step/s]
[Origin 7/13] 🎲 Drawing Posterior Samples:  68%|██████▊   | 1030/1508 [01:33<00:12, 39.03step/s]
[Origin 7/13] 🎲 Drawing Posterior Samples:  69%|██████▊   | 1034/1508 [01:33<00:12, 38.25step/s]
[Origin 7/13] 🎲 Drawing Posterior Samples:  69%|██████▉   | 1039/1508 [01:33<00:11, 39.72step/s]
[Origin 7/13] 🎲 Drawing Posterior Samples:  69%|██████▉   | 1044/1508 [01:33<00:11, 40.60step/s]
[Origin 7/13] 🎲 Drawing Posterior Samples:  70%|██████▉   | 1050/1508 [01:34<00:10, 43.84step/s]
[Origin 7/13] 🎲 Drawing Posterior Samples:  70%|██████▉   | 1055/1508 [01:34<00:10, 43.23step/s]
[Origin 7/13] 🎲 Drawing Posterior Samples:  70%|███████   | 1060/1508 [01:34<00:11, 39.06step/s]
[Origin 7/13] 🎲 Drawing Posterior Samples:  71%|███████   | 1064/1508 [01:34<00:11, 38.81step/s]
[Origin 7/13] 🎲 Drawing Posterior Samples:  71%|███████   | 1069/1508 [01:34<00:10, 41.07step/s]
[Origin 7/13] 🎲 Drawing Posterior Samples:  71%|███████   | 1074/1508 [01:34<00:10, 42.62step/s]
[Origin 7/13] 🎲 Drawing Posterior Samples:  72%|███████▏  | 1079/1508 [01:34<00:10, 42.69step/s]
[Origin 7/13] 🎲 Drawing Posterior Samples:  72%|███████▏  | 1084/1508 [01:34<00:10, 42.11step/s]
[Origin 7/13] 🎲 Drawing Posterior Samples:  72%|███████▏  | 1090/1508 [01:35<00:09, 45.12step/s]
[Origin 7/13] 🎲 Drawing Posterior Samples:  73%|███████▎  | 1095/1508 [01:35<00:08, 45.92step/s]
[Origin 7/13] 🎲 Drawing Posterior Samples:  73%|███████▎  | 1100/1508 [01:36<00:27, 14.77step/s]
[Origin 7/13] 🎲 Drawing Posterior Samples:  73%|███████▎  | 1104/1508 [01:36<00:41,  9.66step/s]
[Origin 7/13] 🎲 Drawing Posterior Samples:  73%|███████▎  | 1107/1508 [01:37<00:53,  7.48step/s]
[Origin 7/13] 🎲 Drawing Posterior Samples:  74%|███████▎  | 1109/1508 [01:37<00:55,  7.17step/s]
[Origin 7/13] 🎲 Drawing Posterior Samples:  74%|███████▎  | 1111/1508 [01:38<00:57,  6.92step/s]
[Origin 7/13] 🎲 Drawing Posterior Samples:  74%|███████▍  | 1113/1508 [01:38<00:59,  6.60step/s]
[Origin 7/13] 🎲 Drawing Posterior Samples:  74%|███████▍  | 1115/1508 [01:39<01:10,  5.60step/s]
[Origin 7/13] 🎲 Drawing Posterior Samples:  74%|███████▍  | 1116/1508 [01:39<01:11,  5.49step/s]
[Origin 7/13] 🎲 Drawing Posterior Samples:  74%|███████▍  | 1117/1508 [01:39<01:14,  5.26step/s]
[Origin 7/13] 🎲 Drawing Posterior Samples:  74%|███████▍  | 1118/1508 [01:39<01:12,  5.37step/s]
[Origin 7/13] 🎲 Drawing Posterior Samples:  74%|███████▍  | 1119/1508 [01:39<01:11,  5.43step/s]
[Origin 7/13] 🎲 Drawing Posterior Samples:  74%|███████▍  | 1120/1508 [01:40<01:13,  5.25step/s]
[Origin 7/13] 🎲 Drawing Posterior Samples:  74%|███████▍  | 1121/1508 [01:40<01:24,  4.59step/s]
[Origin 7/13] 🎲 Drawing Posterior Samples:  74%|███████▍  | 1122/1508 [01:40<01:21,  4.71step/s]
[Origin 7/13] 🎲 Drawing Posterior Samples:  74%|███████▍  | 1123/1508 [01:40<01:17,  4.96step/s]
[Origin 7/13] 🎲 Drawing Posterior Samples:  75%|███████▍  | 1124/1508 [01:40<01:12,  5.30step/s]
[Origin 7/13] 🎲 Drawing Posterior Samples:  75%|███████▍  | 1125/1508 [01:41<01:12,  5.30step/s]
[Origin 7/13] 🎲 Drawing Posterior Samples:  75%|███████▍  | 1126/1508 [01:41<01:14,  5.12step/s]
[Origin 7/13] 🎲 Drawing Posterior Samples:  75%|███████▍  | 1127/1508 [01:41<01:18,  4.86step/s]
[Origin 7/13] 🎲 Drawing Posterior Samples:  75%|███████▍  | 1128/1508 [01:41<01:15,  5.04step/s]
[Origin 7/13] 🎲 Drawing Posterior Samples:  75%|███████▍  | 1129/1508 [01:41<01:11,  5.30step/s]
[Origin 7/13] 🎲 Drawing Posterior Samples:  75%|███████▍  | 1130/1508 [01:42<01:12,  5.21step/s]
[Origin 7/13] 🎲 Drawing Posterior Samples:  75%|███████▌  | 1131/1508 [01:42<01:07,  5.60step/s]
[Origin 7/13] 🎲 Drawing Posterior Samples:  75%|███████▌  | 1132/1508 [01:58<31:27,  5.02s/step]
[Origin 7/13] 🎲 Drawing Posterior Samples:  75%|███████▌  | 1138/1508 [01:58<08:46,  1.42s/step]
[Origin 7/13] 🎲 Drawing Posterior Samples:  76%|███████▌  | 1142/1508 [01:58<05:13,  1.17step/s]
[Origin 7/13] 🎲 Drawing Posterior Samples:  76%|███████▌  | 1148/1508 [01:59<02:47,  2.14step/s]
[Origin 7/13] 🎲 Drawing Posterior Samples:  77%|███████▋  | 1154/1508 [01:59<01:42,  3.46step/s]
[Origin 7/13] 🎲 Drawing Posterior Samples:  77%|███████▋  | 1159/1508 [01:59<01:11,  4.91step/s]
[Origin 7/13] 🎲 Drawing Posterior Samples:  77%|███████▋  | 1163/1508 [01:59<00:53,  6.43step/s]
[Origin 7/13] 🎲 Drawing Posterior Samples:  77%|███████▋  | 1168/1508 [01:59<00:38,  8.86step/s]
[Origin 7/13] 🎲 Drawing Posterior Samples:  78%|███████▊  | 1174/1508 [01:59<00:26, 12.48step/s]
[Origin 7/13] 🎲 Drawing Posterior Samples:  78%|███████▊  | 1179/1508 [01:59<00:20, 16.02step/s]
[Origin 7/13] 🎲 Drawing Posterior Samples:  79%|███████▊  | 1184/1508 [01:59<00:16, 19.54step/s]
[Origin 7/13] 🎲 Drawing Posterior Samples:  79%|███████▉  | 1189/1508 [01:59<00:13, 23.24step/s]
[Origin 7/13] 🎲 Drawing Posterior Samples:  79%|███████▉  | 1194/1508 [02:00<00:12, 26.00step/s]
[Origin 7/13] 🎲 Drawing Posterior Samples:  80%|███████▉  | 1199/1508 [02:00<00:10, 29.57step/s]
[Origin 7/13] 🎲 Drawing Posterior Samples:  80%|███████▉  | 1205/1508 [02:00<00:08, 34.68step/s]
[Origin 7/13] 🎲 Drawing Posterior Samples:  80%|████████  | 1210/1508 [02:00<00:08, 33.12step/s]
[Origin 7/13] 🎲 Drawing Posterior Samples:  81%|████████  | 1215/1508 [02:00<00:08, 33.92step/s]
[Origin 7/13] 🎲 Drawing Posterior Samples:  81%|████████  | 1220/1508 [02:00<00:07, 36.94step/s]
[Origin 7/13] 🎲 Drawing Posterior Samples:  81%|████████  | 1225/1508 [02:00<00:07, 37.33step/s]
[Origin 7/13] 🎲 Drawing Posterior Samples:  82%|████████▏ | 1230/1508 [02:01<00:07, 36.53step/s]
[Origin 7/13] 🎲 Drawing Posterior Samples:  82%|████████▏ | 1236/1508 [02:01<00:06, 40.55step/s]
[Origin 7/13] 🎲 Drawing Posterior Samples:  82%|████████▏ | 1241/1508 [02:01<00:06, 40.96step/s]
[Origin 7/13] 🎲 Drawing Posterior Samples:  83%|████████▎ | 1247/1508 [02:01<00:06, 43.33step/s]
[Origin 7/13] 🎲 Drawing Posterior Samples:  83%|████████▎ | 1252/1508 [02:01<00:05, 43.05step/s]
[Origin 7/13] 🎲 Drawing Posterior Samples:  83%|████████▎ | 1257/1508 [02:01<00:06, 37.43step/s]
[Origin 7/13] 🎲 Drawing Posterior Samples:  84%|████████▎ | 1261/1508 [02:01<00:06, 37.10step/s]
[Origin 7/13] 🎲 Drawing Posterior Samples:  84%|████████▍ | 1267/1508 [02:01<00:05, 41.33step/s]
[Origin 7/13] 🎲 Drawing Posterior Samples:  84%|████████▍ | 1272/1508 [02:02<00:05, 40.47step/s]
[Origin 7/13] 🎲 Drawing Posterior Samples:  85%|████████▍ | 1277/1508 [02:02<00:06, 38.45step/s]
[Origin 7/13] 🎲 Drawing Posterior Samples:  85%|████████▌ | 1283/1508 [02:02<00:05, 42.28step/s]
[Origin 7/13] 🎲 Drawing Posterior Samples:  85%|████████▌ | 1289/1508 [02:02<00:04, 44.59step/s]
[Origin 7/13] 🎲 Drawing Posterior Samples:  86%|████████▌ | 1294/1508 [02:02<00:05, 37.70step/s]
[Origin 7/13] 🎲 Drawing Posterior Samples:  86%|████████▌ | 1298/1508 [02:02<00:05, 36.80step/s]
[Origin 7/13] 🎲 Drawing Posterior Samples:  86%|████████▋ | 1302/1508 [02:02<00:05, 37.51step/s]
[Origin 7/13] 🎲 Drawing Posterior Samples:  87%|████████▋ | 1307/1508 [02:02<00:05, 39.02step/s]
[Origin 7/13] 🎲 Drawing Posterior Samples:  87%|████████▋ | 1311/1508 [02:03<00:05, 38.95step/s]
[Origin 7/13] 🎲 Drawing Posterior Samples:  87%|████████▋ | 1317/1508 [02:03<00:04, 42.87step/s]
[Origin 7/13] 🎲 Drawing Posterior Samples:  88%|████████▊ | 1322/1508 [02:03<00:04, 43.07step/s]
[Origin 7/13] 🎲 Drawing Posterior Samples:  88%|████████▊ | 1327/1508 [02:03<00:04, 42.51step/s]
[Origin 7/13] 🎲 Drawing Posterior Samples:  88%|████████▊ | 1332/1508 [02:03<00:04, 35.68step/s]
[Origin 7/13] 🎲 Drawing Posterior Samples:  89%|████████▊ | 1336/1508 [02:03<00:05, 28.67step/s]
[Origin 7/13] 🎲 Drawing Posterior Samples:  89%|████████▉ | 1340/1508 [02:04<00:07, 23.72step/s]
[Origin 7/13] 🎲 Drawing Posterior Samples:  89%|████████▉ | 1343/1508 [02:04<00:07, 22.07step/s]
[Origin 7/13] 🎲 Drawing Posterior Samples:  89%|████████▉ | 1346/1508 [02:04<00:07, 21.07step/s]
[Origin 7/13] 🎲 Drawing Posterior Samples:  89%|████████▉ | 1349/1508 [02:04<00:07, 20.07step/s]
[Origin 7/13] 🎲 Drawing Posterior Samples:  90%|████████▉ | 1352/1508 [02:04<00:07, 21.89step/s]
[Origin 7/13] 🎲 Drawing Posterior Samples:  90%|████████▉ | 1355/1508 [02:04<00:06, 22.02step/s]
[Origin 7/13] 🎲 Drawing Posterior Samples:  90%|█████████ | 1358/1508 [02:04<00:06, 21.73step/s]
[Origin 7/13] 🎲 Drawing Posterior Samples:  90%|█████████ | 1361/1508 [02:05<00:06, 21.66step/s]
[Origin 7/13] 🎲 Drawing Posterior Samples:  90%|█████████ | 1364/1508 [02:05<00:06, 22.55step/s]
[Origin 7/13] 🎲 Drawing Posterior Samples:  91%|█████████ | 1369/1508 [02:05<00:05, 26.28step/s]
[Origin 7/13] 🎲 Drawing Posterior Samples:  91%|█████████ | 1372/1508 [02:05<00:05, 26.22step/s]
[Origin 7/13] 🎲 Drawing Posterior Samples:  91%|█████████ | 1376/1508 [02:05<00:04, 28.31step/s]
[Origin 7/13] 🎲 Drawing Posterior Samples:  91%|█████████▏| 1379/1508 [02:05<00:05, 24.51step/s]
[Origin 7/13] 🎲 Drawing Posterior Samples:  92%|█████████▏| 1382/1508 [02:05<00:05, 22.31step/s]
[Origin 7/13] 🎲 Drawing Posterior Samples:  92%|█████████▏| 1385/1508 [02:06<00:06, 20.45step/s]
[Origin 7/13] 🎲 Drawing Posterior Samples:  92%|█████████▏| 1388/1508 [02:06<00:06, 19.97step/s]
[Origin 7/13] 🎲 Drawing Posterior Samples:  92%|█████████▏| 1391/1508 [02:06<00:06, 19.46step/s]
[Origin 7/13] 🎲 Drawing Posterior Samples:  92%|█████████▏| 1394/1508 [02:06<00:05, 20.16step/s]
[Origin 7/13] 🎲 Drawing Posterior Samples:  93%|█████████▎| 1397/1508 [02:06<00:05, 20.38step/s]
[Origin 7/13] 🎲 Drawing Posterior Samples:  93%|█████████▎| 1400/1508 [02:06<00:05, 20.47step/s]
[Origin 7/13] 🎲 Drawing Posterior Samples:  93%|█████████▎| 1403/1508 [02:06<00:04, 21.07step/s]
[Origin 7/13] 🎲 Drawing Posterior Samples:  93%|█████████▎| 1408/1508 [02:07<00:03, 25.61step/s]
[Origin 7/13] 🎲 Drawing Posterior Samples:  94%|█████████▎| 1412/1508 [02:07<00:03, 28.44step/s]
[Origin 7/13] 🎲 Drawing Posterior Samples:  94%|█████████▍| 1416/1508 [02:07<00:03, 29.88step/s]
[Origin 7/13] 🎲 Drawing Posterior Samples:  94%|█████████▍| 1420/1508 [02:07<00:02, 30.83step/s]
[Origin 7/13] 🎲 Drawing Posterior Samples:  94%|█████████▍| 1424/1508 [02:07<00:02, 31.81step/s]
[Origin 7/13] 🎲 Drawing Posterior Samples:  95%|█████████▍| 1429/1508 [02:07<00:02, 34.60step/s]
[Origin 7/13] 🎲 Drawing Posterior Samples:  95%|█████████▌| 1433/1508 [02:07<00:02, 34.18step/s]
[Origin 7/13] 🎲 Drawing Posterior Samples:  95%|█████████▌| 1438/1508 [02:07<00:01, 35.42step/s]
[Origin 7/13] 🎲 Drawing Posterior Samples:  96%|█████████▌| 1443/1508 [02:08<00:01, 36.51step/s]
[Origin 7/13] 🎲 Drawing Posterior Samples:  96%|█████████▌| 1447/1508 [02:08<00:01, 34.04step/s]
[Origin 7/13] 🎲 Drawing Posterior Samples:  96%|█████████▌| 1451/1508 [02:08<00:01, 35.37step/s]
[Origin 7/13] 🎲 Drawing Posterior Samples:  96%|█████████▋| 1455/1508 [02:08<00:01, 34.21step/s]
[Origin 7/13] 🎲 Drawing Posterior Samples:  97%|█████████▋| 1459/1508 [02:08<00:01, 34.33step/s]
[Origin 7/13] 🎲 Drawing Posterior Samples:  97%|█████████▋| 1464/1508 [02:08<00:01, 36.60step/s]
[Origin 7/13] 🎲 Drawing Posterior Samples:  97%|█████████▋| 1468/1508 [02:08<00:01, 35.81step/s]
[Origin 7/13] 🎲 Drawing Posterior Samples:  98%|█████████▊| 1472/1508 [02:08<00:00, 36.31step/s]
[Origin 7/13] 🎲 Drawing Posterior Samples:  98%|█████████▊| 1476/1508 [02:09<00:02, 11.51step/s]
[Origin 7/13] 🎲 Drawing Posterior Samples:  98%|█████████▊| 1479/1508 [02:10<00:03,  8.13step/s]
[Origin 7/13] 🎲 Drawing Posterior Samples:  98%|█████████▊| 1482/1508 [02:11<00:04,  5.93step/s]
[Origin 7/13] 🎲 Drawing Posterior Samples:  98%|█████████▊| 1484/1508 [02:11<00:04,  5.62step/s]
[Origin 7/13] 🎲 Drawing Posterior Samples:  99%|█████████▊| 1486/1508 [02:12<00:04,  5.07step/s]
[Origin 7/13] 🎲 Drawing Posterior Samples:  99%|█████████▊| 1487/1508 [02:12<00:03,  5.29step/s]
[Origin 7/13] 🎲 Drawing Posterior Samples:  99%|█████████▊| 1488/1508 [02:12<00:03,  5.17step/s]
[Origin 7/13] 🎲 Drawing Posterior Samples:  99%|█████████▊| 1489/1508 [02:12<00:03,  5.56step/s]
[Origin 7/13] 🎲 Drawing Posterior Samples:  99%|█████████▉| 1490/1508 [02:13<00:03,  5.76step/s]
[Origin 7/13] 🎲 Drawing Posterior Samples:  99%|█████████▉| 1491/1508 [02:13<00:02,  5.73step/s]
[Origin 7/13] 🎲 Drawing Posterior Samples:  99%|█████████▉| 1492/1508 [02:13<00:03,  5.02step/s]
[Origin 7/13] 🎲 Drawing Posterior Samples:  99%|█████████▉| 1493/1508 [02:13<00:03,  4.34step/s]
[Origin 7/13] 🎲 Drawing Posterior Samples:  99%|█████████▉| 1494/1508 [02:14<00:03,  4.17step/s]
[Origin 7/13] 🎲 Drawing Posterior Samples:  99%|█████████▉| 1495/1508 [02:14<00:03,  4.08step/s]
[Origin 7/13] 🎲 Drawing Posterior Samples:  99%|█████████▉| 1496/1508 [02:14<00:03,  3.97step/s]
[Origin 7/13] 🎲 Drawing Posterior Samples:  99%|█████████▉| 1497/1508 [02:14<00:02,  4.04step/s]
[Origin 7/13] 🎲 Drawing Posterior Samples:  99%|█████████▉| 1498/1508 [02:14<00:02,  4.59step/s]
[Origin 7/13] 🎲 Drawing Posterior Samples:  99%|█████████▉| 1499/1508 [02:15<00:01,  4.71step/s]
[Origin 7/13] 🎲 Drawing Posterior Samples:  99%|█████████▉| 1500/1508 [02:15<00:01,  4.43step/s]
[Origin 7/13] 🎲 Drawing Posterior Samples: 100%|█████████▉| 1501/1508 [02:15<00:01,  3.93step/s]
[Origin 7/13] 🎲 Drawing Posterior Samples: 100%|█████████▉| 1502/1508 [02:16<00:01,  3.78step/s]
[Origin 7/13] 🎲 Drawing Posterior Samples: 100%|█████████▉| 1503/1508 [02:16<00:01,  3.59step/s]
[Origin 7/13] 🎲 Drawing Posterior Samples: 100%|█████████▉| 1504/1508 [02:16<00:00,  4.02step/s]
[Origin 7/13] 🎲 Drawing Posterior Samples: 100%|█████████▉| 1505/1508 [02:16<00:00,  4.28step/s]
[Origin 7/13] 🎲 Drawing Posterior Samples: 100%|█████████▉| 1506/1508 [02:16<00:00,  4.23step/s]
[Origin 7/13] 🎲 Drawing Posterior Samples: 100%|█████████▉| 1507/1508 [02:17<00:00,  4.78step/s]
[Origin 7/13] 🎲 Drawing Posterior Samples: 100%|██████████| 1508/1508 [02:17<00:00,  4.90step/s]
                                                                                                 

[Origin 8/13] 🎲 Drawing Posterior Samples:   0%|          | 0/1512 [00:00<?, ?step/s]
[Origin 8/13] 🎲 Drawing Posterior Samples:   1%|          | 10/1512 [00:00<00:16, 91.79step/s]
[Origin 8/13] 🎲 Drawing Posterior Samples:   1%|▏         | 20/1512 [00:00<00:22, 67.68step/s]
[Origin 8/13] 🎲 Drawing Posterior Samples:   2%|▏         | 28/1512 [00:00<00:23, 62.37step/s]
[Origin 8/13] 🎲 Drawing Posterior Samples:   2%|▏         | 35/1512 [00:00<00:28, 52.10step/s]
[Origin 8/13] 🎲 Drawing Posterior Samples:   3%|▎         | 41/1512 [00:00<00:29, 49.17step/s]
[Origin 8/13] 🎲 Drawing Posterior Samples:   3%|▎         | 47/1512 [00:00<00:35, 41.59step/s]
[Origin 8/13] 🎲 Drawing Posterior Samples:   4%|▎         | 53/1512 [00:01<00:32, 44.30step/s]
[Origin 8/13] 🎲 Drawing Posterior Samples:   4%|▍         | 58/1512 [00:01<00:33, 43.81step/s]
[Origin 8/13] 🎲 Drawing Posterior Samples:   4%|▍         | 63/1512 [00:01<00:33, 43.64step/s]
[Origin 8/13] 🎲 Drawing Posterior Samples:   5%|▍         | 69/1512 [00:01<00:31, 45.99step/s]
[Origin 8/13] 🎲 Drawing Posterior Samples:   5%|▍         | 74/1512 [00:01<00:33, 42.87step/s]
[Origin 8/13] 🎲 Drawing Posterior Samples:   5%|▌         | 79/1512 [00:01<00:34, 41.23step/s]
[Origin 8/13] 🎲 Drawing Posterior Samples:   6%|▌         | 85/1512 [00:01<00:32, 44.12step/s]
[Origin 8/13] 🎲 Drawing Posterior Samples:   6%|▌         | 90/1512 [00:01<00:36, 38.53step/s]
[Origin 8/13] 🎲 Drawing Posterior Samples:   6%|▋         | 95/1512 [00:02<00:35, 39.65step/s]
[Origin 8/13] 🎲 Drawing Posterior Samples:   7%|▋         | 101/1512 [00:02<00:32, 42.87step/s]
[Origin 8/13] 🎲 Drawing Posterior Samples:   7%|▋         | 106/1512 [00:02<00:32, 42.77step/s]
[Origin 8/13] 🎲 Drawing Posterior Samples:   7%|▋         | 112/1512 [00:02<00:30, 45.48step/s]
[Origin 8/13] 🎲 Drawing Posterior Samples:   8%|▊         | 117/1512 [00:02<00:33, 42.10step/s]
[Origin 8/13] 🎲 Drawing Posterior Samples:   8%|▊         | 122/1512 [00:02<00:34, 40.63step/s]
[Origin 8/13] 🎲 Drawing Posterior Samples:   8%|▊         | 127/1512 [00:02<00:33, 41.31step/s]
[Origin 8/13] 🎲 Drawing Posterior Samples:   9%|▊         | 132/1512 [00:02<00:33, 41.54step/s]
[Origin 8/13] 🎲 Drawing Posterior Samples:   9%|▉         | 138/1512 [00:03<00:30, 44.55step/s]
[Origin 8/13] 🎲 Drawing Posterior Samples:   9%|▉         | 143/1512 [00:03<00:31, 43.86step/s]
[Origin 8/13] 🎲 Drawing Posterior Samples:  10%|▉         | 148/1512 [00:03<00:34, 39.68step/s]
[Origin 8/13] 🎲 Drawing Posterior Samples:  10%|█         | 154/1512 [00:03<00:31, 42.96step/s]
[Origin 8/13] 🎲 Drawing Posterior Samples:  11%|█         | 159/1512 [00:03<00:31, 42.80step/s]
[Origin 8/13] 🎲 Drawing Posterior Samples:  11%|█         | 165/1512 [00:03<00:29, 45.43step/s]
[Origin 8/13] 🎲 Drawing Posterior Samples:  11%|█         | 170/1512 [00:03<00:31, 42.22step/s]
[Origin 8/13] 🎲 Drawing Posterior Samples:  12%|█▏        | 175/1512 [00:03<00:31, 41.86step/s]
[Origin 8/13] 🎲 Drawing Posterior Samples:  12%|█▏        | 180/1512 [00:04<00:32, 40.85step/s]
[Origin 8/13] 🎲 Drawing Posterior Samples:  12%|█▏        | 185/1512 [00:04<00:32, 41.41step/s]
[Origin 8/13] 🎲 Drawing Posterior Samples:  13%|█▎        | 190/1512 [00:04<00:31, 41.77step/s]
[Origin 8/13] 🎲 Drawing Posterior Samples:  13%|█▎        | 196/1512 [00:04<00:29, 44.62step/s]
[Origin 8/13] 🎲 Drawing Posterior Samples:  13%|█▎        | 201/1512 [00:04<00:30, 43.51step/s]
[Origin 8/13] 🎲 Drawing Posterior Samples:  14%|█▎        | 207/1512 [00:04<00:28, 45.83step/s]
[Origin 8/13] 🎲 Drawing Posterior Samples:  14%|█▍        | 212/1512 [00:04<00:30, 42.91step/s]
[Origin 8/13] 🎲 Drawing Posterior Samples:  14%|█▍        | 218/1512 [00:04<00:28, 45.53step/s]
[Origin 8/13] 🎲 Drawing Posterior Samples:  15%|█▍        | 223/1512 [00:05<00:33, 38.65step/s]
[Origin 8/13] 🎲 Drawing Posterior Samples:  15%|█▌        | 229/1512 [00:05<00:30, 42.27step/s]
[Origin 8/13] 🎲 Drawing Posterior Samples:  16%|█▌        | 235/1512 [00:05<00:28, 45.01step/s]
[Origin 8/13] 🎲 Drawing Posterior Samples:  16%|█▌        | 240/1512 [00:05<00:31, 40.47step/s]
[Origin 8/13] 🎲 Drawing Posterior Samples:  16%|█▋        | 246/1512 [00:05<00:29, 43.58step/s]
[Origin 8/13] 🎲 Drawing Posterior Samples:  17%|█▋        | 251/1512 [00:05<00:29, 43.04step/s]
[Origin 8/13] 🎲 Drawing Posterior Samples:  17%|█▋        | 256/1512 [00:05<00:29, 42.82step/s]
[Origin 8/13] 🎲 Drawing Posterior Samples:  17%|█▋        | 262/1512 [00:05<00:28, 43.62step/s]
[Origin 8/13] 🎲 Drawing Posterior Samples:  18%|█▊        | 267/1512 [00:06<00:28, 43.24step/s]
[Origin 8/13] 🎲 Drawing Posterior Samples:  18%|█▊        | 272/1512 [00:06<00:29, 42.40step/s]
[Origin 8/13] 🎲 Drawing Posterior Samples:  18%|█▊        | 277/1512 [00:06<00:30, 40.38step/s]
[Origin 8/13] 🎲 Drawing Posterior Samples:  19%|█▊        | 283/1512 [00:06<00:28, 43.73step/s]
[Origin 8/13] 🎲 Drawing Posterior Samples:  19%|█▉        | 288/1512 [00:06<00:28, 43.67step/s]
[Origin 8/13] 🎲 Drawing Posterior Samples:  19%|█▉        | 293/1512 [00:06<00:28, 42.77step/s]
[Origin 8/13] 🎲 Drawing Posterior Samples:  20%|█▉        | 298/1512 [00:06<00:29, 41.70step/s]
[Origin 8/13] 🎲 Drawing Posterior Samples:  20%|██        | 303/1512 [00:06<00:30, 40.30step/s]
[Origin 8/13] 🎲 Drawing Posterior Samples:  20%|██        | 308/1512 [00:07<00:28, 41.96step/s]
[Origin 8/13] 🎲 Drawing Posterior Samples:  21%|██        | 313/1512 [00:07<00:28, 42.10step/s]
[Origin 8/13] 🎲 Drawing Posterior Samples:  21%|██        | 319/1512 [00:07<00:26, 44.69step/s]
[Origin 8/13] 🎲 Drawing Posterior Samples:  21%|██▏       | 324/1512 [00:07<00:27, 43.74step/s]
[Origin 8/13] 🎲 Drawing Posterior Samples:  22%|██▏       | 329/1512 [00:07<00:29, 39.51step/s]
[Origin 8/13] 🎲 Drawing Posterior Samples:  22%|██▏       | 334/1512 [00:07<00:28, 40.88step/s]
[Origin 8/13] 🎲 Drawing Posterior Samples:  22%|██▏       | 339/1512 [00:07<00:28, 41.42step/s]
[Origin 8/13] 🎲 Drawing Posterior Samples:  23%|██▎       | 344/1512 [00:08<00:49, 23.70step/s]
[Origin 8/13] 🎲 Drawing Posterior Samples:  23%|██▎       | 348/1512 [00:09<01:59,  9.75step/s]
[Origin 8/13] 🎲 Drawing Posterior Samples:  23%|██▎       | 351/1512 [00:10<03:02,  6.36step/s]
[Origin 8/13] 🎲 Drawing Posterior Samples:  23%|██▎       | 353/1512 [00:10<03:00,  6.41step/s]
[Origin 8/13] 🎲 Drawing Posterior Samples:  23%|██▎       | 355/1512 [00:11<03:26,  5.61step/s]
[Origin 8/13] 🎲 Drawing Posterior Samples:  24%|██▎       | 357/1512 [00:11<03:13,  5.97step/s]
[Origin 8/13] 🎲 Drawing Posterior Samples:  24%|██▎       | 359/1512 [00:11<03:04,  6.24step/s]
[Origin 8/13] 🎲 Drawing Posterior Samples:  24%|██▍       | 360/1512 [00:11<03:01,  6.36step/s]
[Origin 8/13] 🎲 Drawing Posterior Samples:  24%|██▍       | 361/1512 [00:12<02:59,  6.42step/s]
[Origin 8/13] 🎲 Drawing Posterior Samples:  24%|██▍       | 362/1512 [00:12<03:00,  6.38step/s]
[Origin 8/13] 🎲 Drawing Posterior Samples:  24%|██▍       | 363/1512 [00:12<03:19,  5.77step/s]
[Origin 8/13] 🎲 Drawing Posterior Samples:  24%|██▍       | 364/1512 [00:12<03:21,  5.69step/s]
[Origin 8/13] 🎲 Drawing Posterior Samples:  24%|██▍       | 365/1512 [00:12<03:18,  5.78step/s]
[Origin 8/13] 🎲 Drawing Posterior Samples:  24%|██▍       | 366/1512 [00:13<03:25,  5.59step/s]
[Origin 8/13] 🎲 Drawing Posterior Samples:  24%|██▍       | 367/1512 [00:13<03:23,  5.62step/s]
[Origin 8/13] 🎲 Drawing Posterior Samples:  24%|██▍       | 368/1512 [00:13<03:27,  5.52step/s]
[Origin 8/13] 🎲 Drawing Posterior Samples:  24%|██▍       | 369/1512 [00:13<03:26,  5.53step/s]
[Origin 8/13] 🎲 Drawing Posterior Samples:  24%|██▍       | 370/1512 [00:13<03:36,  5.27step/s]
[Origin 8/13] 🎲 Drawing Posterior Samples:  25%|██▍       | 371/1512 [00:13<03:32,  5.36step/s]
[Origin 8/13] 🎲 Drawing Posterior Samples:  25%|██▍       | 372/1512 [00:14<03:37,  5.25step/s]
[Origin 8/13] 🎲 Drawing Posterior Samples:  25%|██▍       | 373/1512 [00:14<03:35,  5.27step/s]
[Origin 8/13] 🎲 Drawing Posterior Samples:  25%|██▍       | 374/1512 [00:14<03:29,  5.44step/s]
[Origin 8/13] 🎲 Drawing Posterior Samples:  25%|██▍       | 375/1512 [00:14<03:19,  5.70step/s]
[Origin 8/13] 🎲 Drawing Posterior Samples:  25%|██▍       | 376/1512 [00:14<03:24,  5.54step/s]
[Origin 8/13] 🎲 Drawing Posterior Samples:  25%|██▍       | 377/1512 [00:15<03:36,  5.25step/s]
[Origin 8/13] 🎲 Drawing Posterior Samples:  25%|██▌       | 378/1512 [00:15<03:37,  5.20step/s]
[Origin 8/13] 🎲 Drawing Posterior Samples:  25%|██▌       | 379/1512 [00:31<1:31:51,  4.86s/step]
[Origin 8/13] 🎲 Drawing Posterior Samples:  26%|██▌       | 388/1512 [00:31<18:56,  1.01s/step]  
[Origin 8/13] 🎲 Drawing Posterior Samples:  26%|██▌       | 395/1512 [00:31<10:08,  1.84step/s]
[Origin 8/13] 🎲 Drawing Posterior Samples:  27%|██▋       | 402/1512 [00:31<06:08,  3.01step/s]
[Origin 8/13] 🎲 Drawing Posterior Samples:  27%|██▋       | 408/1512 [00:31<04:12,  4.38step/s]
[Origin 8/13] 🎲 Drawing Posterior Samples:  27%|██▋       | 415/1512 [00:31<02:47,  6.54step/s]
[Origin 8/13] 🎲 Drawing Posterior Samples:  28%|██▊       | 421/1512 [00:31<02:02,  8.92step/s]
[Origin 8/13] 🎲 Drawing Posterior Samples:  28%|██▊       | 427/1512 [00:31<01:32, 11.78step/s]
[Origin 8/13] 🎲 Drawing Posterior Samples:  29%|██▊       | 433/1512 [00:31<01:10, 15.29step/s]
[Origin 8/13] 🎲 Drawing Posterior Samples:  29%|██▉       | 439/1512 [00:32<00:56, 18.97step/s]
[Origin 8/13] 🎲 Drawing Posterior Samples:  29%|██▉       | 445/1512 [00:32<00:46, 22.89step/s]
[Origin 8/13] 🎲 Drawing Posterior Samples:  30%|██▉       | 450/1512 [00:32<00:41, 25.54step/s]
[Origin 8/13] 🎲 Drawing Posterior Samples:  30%|███       | 456/1512 [00:32<00:34, 30.37step/s]
[Origin 8/13] 🎲 Drawing Posterior Samples:  31%|███       | 462/1512 [00:32<00:30, 34.87step/s]
[Origin 8/13] 🎲 Drawing Posterior Samples:  31%|███       | 467/1512 [00:32<00:28, 36.54step/s]
[Origin 8/13] 🎲 Drawing Posterior Samples:  31%|███▏      | 473/1512 [00:32<00:27, 38.09step/s]
[Origin 8/13] 🎲 Drawing Posterior Samples:  32%|███▏      | 478/1512 [00:32<00:25, 40.28step/s]
[Origin 8/13] 🎲 Drawing Posterior Samples:  32%|███▏      | 484/1512 [00:33<00:23, 43.36step/s]
[Origin 8/13] 🎲 Drawing Posterior Samples:  32%|███▏      | 490/1512 [00:33<00:22, 45.41step/s]
[Origin 8/13] 🎲 Drawing Posterior Samples:  33%|███▎      | 495/1512 [00:33<00:22, 44.25step/s]
[Origin 8/13] 🎲 Drawing Posterior Samples:  33%|███▎      | 501/1512 [00:33<00:23, 43.05step/s]
[Origin 8/13] 🎲 Drawing Posterior Samples:  33%|███▎      | 506/1512 [00:33<00:22, 44.04step/s]
[Origin 8/13] 🎲 Drawing Posterior Samples:  34%|███▍      | 512/1512 [00:33<00:21, 46.36step/s]
[Origin 8/13] 🎲 Drawing Posterior Samples:  34%|███▍      | 518/1512 [00:33<00:20, 47.96step/s]
[Origin 8/13] 🎲 Drawing Posterior Samples:  35%|███▍      | 523/1512 [00:33<00:21, 46.61step/s]
[Origin 8/13] 🎲 Drawing Posterior Samples:  35%|███▍      | 529/1512 [00:34<00:20, 47.59step/s]
[Origin 8/13] 🎲 Drawing Posterior Samples:  35%|███▌      | 534/1512 [00:34<00:20, 46.89step/s]
[Origin 8/13] 🎲 Drawing Posterior Samples:  36%|███▌      | 539/1512 [00:34<00:21, 45.06step/s]
[Origin 8/13] 🎲 Drawing Posterior Samples:  36%|███▌      | 544/1512 [00:34<00:21, 44.98step/s]
[Origin 8/13] 🎲 Drawing Posterior Samples:  36%|███▋      | 550/1512 [00:34<00:20, 46.94step/s]
[Origin 8/13] 🎲 Drawing Posterior Samples:  37%|███▋      | 556/1512 [00:34<00:19, 48.04step/s]
[Origin 8/13] 🎲 Drawing Posterior Samples:  37%|███▋      | 561/1512 [00:34<00:20, 46.04step/s]
[Origin 8/13] 🎲 Drawing Posterior Samples:  38%|███▊      | 567/1512 [00:34<00:20, 45.23step/s]
[Origin 8/13] 🎲 Drawing Posterior Samples:  38%|███▊      | 573/1512 [00:34<00:19, 47.16step/s]
[Origin 8/13] 🎲 Drawing Posterior Samples:  38%|███▊      | 578/1512 [00:35<00:20, 46.12step/s]
[Origin 8/13] 🎲 Drawing Posterior Samples:  39%|███▊      | 584/1512 [00:35<00:19, 47.98step/s]
[Origin 8/13] 🎲 Drawing Posterior Samples:  39%|███▉      | 589/1512 [00:35<00:20, 46.03step/s]
[Origin 8/13] 🎲 Drawing Posterior Samples:  39%|███▉      | 595/1512 [00:35<00:19, 46.22step/s]
[Origin 8/13] 🎲 Drawing Posterior Samples:  40%|███▉      | 600/1512 [00:35<00:19, 47.05step/s]
[Origin 8/13] 🎲 Drawing Posterior Samples:  40%|████      | 605/1512 [00:35<00:19, 45.82step/s]
[Origin 8/13] 🎲 Drawing Posterior Samples:  40%|████      | 611/1512 [00:35<00:18, 47.65step/s]
[Origin 8/13] 🎲 Drawing Posterior Samples:  41%|████      | 616/1512 [00:35<00:19, 45.76step/s]
[Origin 8/13] 🎲 Drawing Posterior Samples:  41%|████      | 622/1512 [00:36<00:18, 47.43step/s]
[Origin 8/13] 🎲 Drawing Posterior Samples:  41%|████▏     | 627/1512 [00:36<00:19, 45.75step/s]
[Origin 8/13] 🎲 Drawing Posterior Samples:  42%|████▏     | 632/1512 [00:36<00:19, 45.43step/s]
[Origin 8/13] 🎲 Drawing Posterior Samples:  42%|████▏     | 637/1512 [00:36<00:19, 45.58step/s]
[Origin 8/13] 🎲 Drawing Posterior Samples:  42%|████▏     | 642/1512 [00:36<00:19, 44.93step/s]
[Origin 8/13] 🎲 Drawing Posterior Samples:  43%|████▎     | 648/1512 [00:36<00:18, 47.16step/s]
[Origin 8/13] 🎲 Drawing Posterior Samples:  43%|████▎     | 653/1512 [00:36<00:18, 45.79step/s]
[Origin 8/13] 🎲 Drawing Posterior Samples:  44%|████▎     | 659/1512 [00:36<00:17, 47.68step/s]
[Origin 8/13] 🎲 Drawing Posterior Samples:  44%|████▍     | 664/1512 [00:36<00:18, 46.00step/s]
[Origin 8/13] 🎲 Drawing Posterior Samples:  44%|████▍     | 669/1512 [00:37<00:18, 44.77step/s]
[Origin 8/13] 🎲 Drawing Posterior Samples:  45%|████▍     | 675/1512 [00:37<00:17, 46.92step/s]
[Origin 8/13] 🎲 Drawing Posterior Samples:  45%|████▍     | 680/1512 [00:37<00:18, 45.29step/s]
[Origin 8/13] 🎲 Drawing Posterior Samples:  45%|████▌     | 686/1512 [00:37<00:17, 46.98step/s]
[Origin 8/13] 🎲 Drawing Posterior Samples:  46%|████▌     | 691/1512 [00:37<00:18, 45.37step/s]
[Origin 8/13] 🎲 Drawing Posterior Samples:  46%|████▌     | 696/1512 [00:37<00:18, 44.55step/s]
[Origin 8/13] 🎲 Drawing Posterior Samples:  46%|████▋     | 702/1512 [00:37<00:17, 46.67step/s]
[Origin 8/13] 🎲 Drawing Posterior Samples:  47%|████▋     | 707/1512 [00:37<00:17, 46.86step/s]
[Origin 8/13] 🎲 Drawing Posterior Samples:  47%|████▋     | 712/1512 [00:37<00:17, 46.90step/s]
[Origin 8/13] 🎲 Drawing Posterior Samples:  47%|████▋     | 717/1512 [00:38<00:17, 45.68step/s]
[Origin 8/13] 🎲 Drawing Posterior Samples:  48%|████▊     | 722/1512 [00:38<00:29, 26.37step/s]
[Origin 8/13] 🎲 Drawing Posterior Samples:  48%|████▊     | 726/1512 [00:39<00:51, 15.34step/s]
[Origin 8/13] 🎲 Drawing Posterior Samples:  48%|████▊     | 729/1512 [00:39<01:05, 11.90step/s]
[Origin 8/13] 🎲 Drawing Posterior Samples:  48%|████▊     | 732/1512 [00:40<01:23,  9.39step/s]
[Origin 8/13] 🎲 Drawing Posterior Samples:  49%|████▊     | 734/1512 [00:40<01:37,  7.97step/s]
[Origin 8/13] 🎲 Drawing Posterior Samples:  49%|████▊     | 736/1512 [00:40<01:46,  7.31step/s]
[Origin 8/13] 🎲 Drawing Posterior Samples:  49%|████▉     | 738/1512 [00:41<02:01,  6.39step/s]
[Origin 8/13] 🎲 Drawing Posterior Samples:  49%|████▉     | 739/1512 [00:41<02:07,  6.06step/s]
[Origin 8/13] 🎲 Drawing Posterior Samples:  49%|████▉     | 740/1512 [00:41<02:40,  4.81step/s]
[Origin 8/13] 🎲 Drawing Posterior Samples:  49%|████▉     | 741/1512 [00:42<02:56,  4.37step/s]
[Origin 8/13] 🎲 Drawing Posterior Samples:  49%|████▉     | 742/1512 [00:42<03:07,  4.11step/s]
[Origin 8/13] 🎲 Drawing Posterior Samples:  49%|████▉     | 743/1512 [00:42<03:01,  4.24step/s]
[Origin 8/13] 🎲 Drawing Posterior Samples:  49%|████▉     | 744/1512 [00:42<02:59,  4.29step/s]
[Origin 8/13] 🎲 Drawing Posterior Samples:  49%|████▉     | 745/1512 [00:43<03:05,  4.15step/s]
[Origin 8/13] 🎲 Drawing Posterior Samples:  49%|████▉     | 746/1512 [00:43<02:57,  4.32step/s]
[Origin 8/13] 🎲 Drawing Posterior Samples:  49%|████▉     | 747/1512 [00:43<02:39,  4.80step/s]
[Origin 8/13] 🎲 Drawing Posterior Samples:  49%|████▉     | 748/1512 [00:43<02:27,  5.17step/s]
[Origin 8/13] 🎲 Drawing Posterior Samples:  50%|████▉     | 749/1512 [00:43<02:15,  5.64step/s]
[Origin 8/13] 🎲 Drawing Posterior Samples:  50%|████▉     | 750/1512 [00:44<02:11,  5.80step/s]
[Origin 8/13] 🎲 Drawing Posterior Samples:  50%|████▉     | 751/1512 [00:44<02:15,  5.60step/s]
[Origin 8/13] 🎲 Drawing Posterior Samples:  50%|████▉     | 752/1512 [00:44<02:08,  5.89step/s]
[Origin 8/13] 🎲 Drawing Posterior Samples:  50%|████▉     | 753/1512 [00:44<02:14,  5.64step/s]
[Origin 8/13] 🎲 Drawing Posterior Samples:  50%|████▉     | 754/1512 [00:44<02:17,  5.52step/s]
[Origin 8/13] 🎲 Drawing Posterior Samples:  50%|████▉     | 755/1512 [00:44<02:16,  5.56step/s]
[Origin 8/13] 🎲 Drawing Posterior Samples:  50%|█████     | 756/1512 [00:45<02:14,  5.64step/s]
[Origin 8/13] 🎲 Drawing Posterior Samples:  50%|█████     | 757/1512 [01:08<1:29:46,  7.13s/step]
[Origin 8/13] 🎲 Drawing Posterior Samples:  50%|█████     | 762/1512 [01:08<28:36,  2.29s/step]  
[Origin 8/13] 🎲 Drawing Posterior Samples:  51%|█████     | 768/1512 [01:08<13:12,  1.07s/step]
[Origin 8/13] 🎲 Drawing Posterior Samples:  51%|█████     | 772/1512 [01:08<08:48,  1.40step/s]
[Origin 8/13] 🎲 Drawing Posterior Samples:  51%|█████▏    | 778/1512 [01:09<05:09,  2.37step/s]
[Origin 8/13] 🎲 Drawing Posterior Samples:  52%|█████▏    | 784/1512 [01:09<03:16,  3.70step/s]
[Origin 8/13] 🎲 Drawing Posterior Samples:  52%|█████▏    | 789/1512 [01:09<02:20,  5.15step/s]
[Origin 8/13] 🎲 Drawing Posterior Samples:  53%|█████▎    | 795/1512 [01:09<01:35,  7.49step/s]
[Origin 8/13] 🎲 Drawing Posterior Samples:  53%|█████▎    | 800/1512 [01:09<01:12,  9.82step/s]
[Origin 8/13] 🎲 Drawing Posterior Samples:  53%|█████▎    | 805/1512 [01:09<00:55, 12.79step/s]
[Origin 8/13] 🎲 Drawing Posterior Samples:  54%|█████▎    | 811/1512 [01:09<00:41, 17.09step/s]
[Origin 8/13] 🎲 Drawing Posterior Samples:  54%|█████▍    | 816/1512 [01:09<00:33, 20.63step/s]
[Origin 8/13] 🎲 Drawing Posterior Samples:  54%|█████▍    | 822/1512 [01:09<00:26, 25.60step/s]
[Origin 8/13] 🎲 Drawing Posterior Samples:  55%|█████▍    | 827/1512 [01:10<00:23, 28.97step/s]
[Origin 8/13] 🎲 Drawing Posterior Samples:  55%|█████▌    | 832/1512 [01:10<00:21, 32.03step/s]
[Origin 8/13] 🎲 Drawing Posterior Samples:  55%|█████▌    | 837/1512 [01:10<00:19, 34.53step/s]
[Origin 8/13] 🎲 Drawing Posterior Samples:  56%|█████▌    | 843/1512 [01:10<00:17, 38.95step/s]
[Origin 8/13] 🎲 Drawing Posterior Samples:  56%|█████▌    | 849/1512 [01:10<00:15, 42.45step/s]
[Origin 8/13] 🎲 Drawing Posterior Samples:  56%|█████▋    | 854/1512 [01:10<00:15, 43.31step/s]
[Origin 8/13] 🎲 Drawing Posterior Samples:  57%|█████▋    | 859/1512 [01:10<00:15, 42.48step/s]
[Origin 8/13] 🎲 Drawing Posterior Samples:  57%|█████▋    | 865/1512 [01:10<00:14, 45.32step/s]
[Origin 8/13] 🎲 Drawing Posterior Samples:  58%|█████▊    | 871/1512 [01:10<00:13, 47.13step/s]
[Origin 8/13] 🎲 Drawing Posterior Samples:  58%|█████▊    | 876/1512 [01:11<00:13, 45.56step/s]
[Origin 8/13] 🎲 Drawing Posterior Samples:  58%|█████▊    | 882/1512 [01:11<00:13, 45.23step/s]
[Origin 8/13] 🎲 Drawing Posterior Samples:  59%|█████▊    | 887/1512 [01:11<00:14, 44.09step/s]
[Origin 8/13] 🎲 Drawing Posterior Samples:  59%|█████▉    | 893/1512 [01:11<00:13, 46.43step/s]
[Origin 8/13] 🎲 Drawing Posterior Samples:  59%|█████▉    | 899/1512 [01:11<00:12, 48.08step/s]
[Origin 8/13] 🎲 Drawing Posterior Samples:  60%|█████▉    | 904/1512 [01:11<00:13, 46.44step/s]
[Origin 8/13] 🎲 Drawing Posterior Samples:  60%|██████    | 910/1512 [01:11<00:12, 47.71step/s]
[Origin 8/13] 🎲 Drawing Posterior Samples:  61%|██████    | 915/1512 [01:11<00:13, 44.58step/s]
[Origin 8/13] 🎲 Drawing Posterior Samples:  61%|██████    | 921/1512 [01:12<00:12, 46.84step/s]
[Origin 8/13] 🎲 Drawing Posterior Samples:  61%|██████▏   | 927/1512 [01:12<00:12, 48.36step/s]
[Origin 8/13] 🎲 Drawing Posterior Samples:  62%|██████▏   | 932/1512 [01:12<00:13, 44.16step/s]
[Origin 8/13] 🎲 Drawing Posterior Samples:  62%|██████▏   | 938/1512 [01:12<00:12, 46.40step/s]
[Origin 8/13] 🎲 Drawing Posterior Samples:  62%|██████▏   | 943/1512 [01:12<00:12, 45.21step/s]
[Origin 8/13] 🎲 Drawing Posterior Samples:  63%|██████▎   | 949/1512 [01:12<00:11, 47.10step/s]
[Origin 8/13] 🎲 Drawing Posterior Samples:  63%|██████▎   | 955/1512 [01:12<00:11, 48.49step/s]
[Origin 8/13] 🎲 Drawing Posterior Samples:  63%|██████▎   | 960/1512 [01:12<00:11, 46.78step/s]
[Origin 8/13] 🎲 Drawing Posterior Samples:  64%|██████▍   | 966/1512 [01:13<00:11, 48.39step/s]
[Origin 8/13] 🎲 Drawing Posterior Samples:  64%|██████▍   | 971/1512 [01:13<00:12, 44.08step/s]
[Origin 8/13] 🎲 Drawing Posterior Samples:  65%|██████▍   | 977/1512 [01:13<00:11, 46.43step/s]
[Origin 8/13] 🎲 Drawing Posterior Samples:  65%|██████▌   | 983/1512 [01:13<00:11, 48.00step/s]
[Origin 8/13] 🎲 Drawing Posterior Samples:  65%|██████▌   | 988/1512 [01:13<00:11, 46.51step/s]
[Origin 8/13] 🎲 Drawing Posterior Samples:  66%|██████▌   | 994/1512 [01:13<00:10, 48.12step/s]
[Origin 8/13] 🎲 Drawing Posterior Samples:  66%|██████▌   | 999/1512 [01:13<00:11, 44.37step/s]
[Origin 8/13] 🎲 Drawing Posterior Samples:  66%|██████▋   | 1005/1512 [01:13<00:10, 46.60step/s]
[Origin 8/13] 🎲 Drawing Posterior Samples:  67%|██████▋   | 1011/1512 [01:13<00:10, 48.13step/s]
[Origin 8/13] 🎲 Drawing Posterior Samples:  67%|██████▋   | 1016/1512 [01:14<00:10, 46.61step/s]
[Origin 8/13] 🎲 Drawing Posterior Samples:  68%|██████▊   | 1022/1512 [01:14<00:10, 48.18step/s]
[Origin 8/13] 🎲 Drawing Posterior Samples:  68%|██████▊   | 1027/1512 [01:14<00:11, 43.75step/s]
[Origin 8/13] 🎲 Drawing Posterior Samples:  68%|██████▊   | 1033/1512 [01:14<00:10, 46.24step/s]
[Origin 8/13] 🎲 Drawing Posterior Samples:  69%|██████▊   | 1039/1512 [01:14<00:09, 47.89step/s]
[Origin 8/13] 🎲 Drawing Posterior Samples:  69%|██████▉   | 1044/1512 [01:14<00:10, 46.38step/s]
[Origin 8/13] 🎲 Drawing Posterior Samples:  69%|██████▉   | 1050/1512 [01:14<00:09, 47.93step/s]
[Origin 8/13] 🎲 Drawing Posterior Samples:  70%|██████▉   | 1055/1512 [01:14<00:10, 43.85step/s]
[Origin 8/13] 🎲 Drawing Posterior Samples:  70%|███████   | 1061/1512 [01:15<00:09, 46.28step/s]
[Origin 8/13] 🎲 Drawing Posterior Samples:  71%|███████   | 1067/1512 [01:15<00:09, 47.92step/s]
[Origin 8/13] 🎲 Drawing Posterior Samples:  71%|███████   | 1072/1512 [01:15<00:09, 46.28step/s]
[Origin 8/13] 🎲 Drawing Posterior Samples:  71%|███████▏  | 1078/1512 [01:15<00:09, 47.88step/s]
[Origin 8/13] 🎲 Drawing Posterior Samples:  72%|███████▏  | 1083/1512 [01:15<00:09, 44.39step/s]
[Origin 8/13] 🎲 Drawing Posterior Samples:  72%|███████▏  | 1089/1512 [01:15<00:09, 46.66step/s]
[Origin 8/13] 🎲 Drawing Posterior Samples:  72%|███████▏  | 1095/1512 [01:15<00:08, 48.18step/s]
[Origin 8/13] 🎲 Drawing Posterior Samples:  73%|███████▎  | 1100/1512 [01:16<00:14, 28.46step/s]
[Origin 8/13] 🎲 Drawing Posterior Samples:  73%|███████▎  | 1104/1512 [01:16<00:22, 17.94step/s]
[Origin 8/13] 🎲 Drawing Posterior Samples:  73%|███████▎  | 1107/1512 [01:17<00:28, 14.30step/s]
[Origin 8/13] 🎲 Drawing Posterior Samples:  73%|███████▎  | 1110/1512 [01:17<00:35, 11.24step/s]
[Origin 8/13] 🎲 Drawing Posterior Samples:  74%|███████▎  | 1112/1512 [01:17<00:42,  9.46step/s]
[Origin 8/13] 🎲 Drawing Posterior Samples:  74%|███████▎  | 1114/1512 [01:18<00:47,  8.37step/s]
[Origin 8/13] 🎲 Drawing Posterior Samples:  74%|███████▍  | 1116/1512 [01:18<00:51,  7.67step/s]
[Origin 8/13] 🎲 Drawing Posterior Samples:  74%|███████▍  | 1117/1512 [01:18<00:54,  7.21step/s]
[Origin 8/13] 🎲 Drawing Posterior Samples:  74%|███████▍  | 1118/1512 [01:18<00:57,  6.87step/s]
[Origin 8/13] 🎲 Drawing Posterior Samples:  74%|███████▍  | 1119/1512 [01:19<01:00,  6.54step/s]
[Origin 8/13] 🎲 Drawing Posterior Samples:  74%|███████▍  | 1120/1512 [01:19<01:02,  6.25step/s]
[Origin 8/13] 🎲 Drawing Posterior Samples:  74%|███████▍  | 1121/1512 [01:19<01:04,  6.03step/s]
[Origin 8/13] 🎲 Drawing Posterior Samples:  74%|███████▍  | 1122/1512 [01:19<01:07,  5.77step/s]
[Origin 8/13] 🎲 Drawing Posterior Samples:  74%|███████▍  | 1123/1512 [01:19<01:07,  5.72step/s]
[Origin 8/13] 🎲 Drawing Posterior Samples:  74%|███████▍  | 1124/1512 [01:20<01:10,  5.51step/s]
[Origin 8/13] 🎲 Drawing Posterior Samples:  74%|███████▍  | 1125/1512 [01:20<01:08,  5.63step/s]
[Origin 8/13] 🎲 Drawing Posterior Samples:  74%|███████▍  | 1126/1512 [01:20<01:17,  4.96step/s]
[Origin 8/13] 🎲 Drawing Posterior Samples:  75%|███████▍  | 1127/1512 [01:20<01:35,  4.05step/s]
[Origin 8/13] 🎲 Drawing Posterior Samples:  75%|███████▍  | 1128/1512 [01:21<01:39,  3.84step/s]
[Origin 8/13] 🎲 Drawing Posterior Samples:  75%|███████▍  | 1129/1512 [01:21<01:28,  4.31step/s]
[Origin 8/13] 🎲 Drawing Posterior Samples:  75%|███████▍  | 1130/1512 [01:21<01:20,  4.76step/s]
[Origin 8/13] 🎲 Drawing Posterior Samples:  75%|███████▍  | 1131/1512 [01:21<01:12,  5.23step/s]
[Origin 8/13] 🎲 Drawing Posterior Samples:  75%|███████▍  | 1132/1512 [01:21<01:08,  5.53step/s]
[Origin 8/13] 🎲 Drawing Posterior Samples:  75%|███████▍  | 1133/1512 [01:21<01:09,  5.43step/s]
[Origin 8/13] 🎲 Drawing Posterior Samples:  75%|███████▌  | 1134/1512 [01:22<01:13,  5.15step/s]
[Origin 8/13] 🎲 Drawing Posterior Samples:  75%|███████▌  | 1135/1512 [01:39<33:45,  5.37s/step]
[Origin 8/13] 🎲 Drawing Posterior Samples:  76%|███████▌  | 1145/1512 [01:39<06:17,  1.03s/step]
[Origin 8/13] 🎲 Drawing Posterior Samples:  76%|███████▌  | 1150/1512 [01:39<03:58,  1.52step/s]
[Origin 8/13] 🎲 Drawing Posterior Samples:  76%|███████▋  | 1155/1512 [01:39<02:37,  2.27step/s]
[Origin 8/13] 🎲 Drawing Posterior Samples:  77%|███████▋  | 1162/1512 [01:40<01:33,  3.73step/s]
[Origin 8/13] 🎲 Drawing Posterior Samples:  77%|███████▋  | 1167/1512 [01:40<01:08,  5.01step/s]
[Origin 8/13] 🎲 Drawing Posterior Samples:  78%|███████▊  | 1172/1512 [01:40<00:50,  6.79step/s]
[Origin 8/13] 🎲 Drawing Posterior Samples:  78%|███████▊  | 1177/1512 [01:40<00:37,  9.05step/s]
[Origin 8/13] 🎲 Drawing Posterior Samples:  78%|███████▊  | 1182/1512 [01:40<00:27, 11.87step/s]
[Origin 8/13] 🎲 Drawing Posterior Samples:  79%|███████▊  | 1188/1512 [01:40<00:20, 15.71step/s]
[Origin 8/13] 🎲 Drawing Posterior Samples:  79%|███████▉  | 1194/1512 [01:40<00:15, 20.35step/s]
[Origin 8/13] 🎲 Drawing Posterior Samples:  79%|███████▉  | 1199/1512 [01:41<00:13, 23.84step/s]
[Origin 8/13] 🎲 Drawing Posterior Samples:  80%|███████▉  | 1205/1512 [01:41<00:10, 28.96step/s]
[Origin 8/13] 🎲 Drawing Posterior Samples:  80%|████████  | 1210/1512 [01:41<00:09, 31.83step/s]
[Origin 8/13] 🎲 Drawing Posterior Samples:  80%|████████  | 1216/1512 [01:41<00:08, 35.73step/s]
[Origin 8/13] 🎲 Drawing Posterior Samples:  81%|████████  | 1221/1512 [01:41<00:07, 38.27step/s]
[Origin 8/13] 🎲 Drawing Posterior Samples:  81%|████████  | 1226/1512 [01:41<00:07, 39.69step/s]
[Origin 8/13] 🎲 Drawing Posterior Samples:  81%|████████▏ | 1232/1512 [01:41<00:06, 42.83step/s]
[Origin 8/13] 🎲 Drawing Posterior Samples:  82%|████████▏ | 1237/1512 [01:41<00:06, 42.76step/s]
[Origin 8/13] 🎲 Drawing Posterior Samples:  82%|████████▏ | 1243/1512 [01:41<00:05, 45.41step/s]
[Origin 8/13] 🎲 Drawing Posterior Samples:  83%|████████▎ | 1248/1512 [01:42<00:05, 44.66step/s]
[Origin 8/13] 🎲 Drawing Posterior Samples:  83%|████████▎ | 1254/1512 [01:42<00:05, 44.79step/s]
[Origin 8/13] 🎲 Drawing Posterior Samples:  83%|████████▎ | 1259/1512 [01:42<00:05, 43.17step/s]
[Origin 8/13] 🎲 Drawing Posterior Samples:  84%|████████▎ | 1265/1512 [01:42<00:05, 45.80step/s]
[Origin 8/13] 🎲 Drawing Posterior Samples:  84%|████████▍ | 1271/1512 [01:42<00:05, 47.59step/s]
[Origin 8/13] 🎲 Drawing Posterior Samples:  84%|████████▍ | 1276/1512 [01:42<00:05, 45.73step/s]
[Origin 8/13] 🎲 Drawing Posterior Samples:  85%|████████▍ | 1282/1512 [01:42<00:04, 46.38step/s]
[Origin 8/13] 🎲 Drawing Posterior Samples:  85%|████████▌ | 1287/1512 [01:42<00:05, 37.92step/s]
[Origin 8/13] 🎲 Drawing Posterior Samples:  85%|████████▌ | 1292/1512 [01:43<00:06, 35.45step/s]
[Origin 8/13] 🎲 Drawing Posterior Samples:  86%|████████▌ | 1298/1512 [01:43<00:05, 39.52step/s]
[Origin 8/13] 🎲 Drawing Posterior Samples:  86%|████████▌ | 1303/1512 [01:43<00:05, 35.02step/s]
[Origin 8/13] 🎲 Drawing Posterior Samples:  86%|████████▋ | 1307/1512 [01:43<00:07, 28.74step/s]
[Origin 8/13] 🎲 Drawing Posterior Samples:  87%|████████▋ | 1311/1512 [01:43<00:08, 24.38step/s]
[Origin 8/13] 🎲 Drawing Posterior Samples:  87%|████████▋ | 1314/1512 [01:44<00:08, 22.55step/s]
[Origin 8/13] 🎲 Drawing Posterior Samples:  87%|████████▋ | 1317/1512 [01:44<00:09, 21.22step/s]
[Origin 8/13] 🎲 Drawing Posterior Samples:  87%|████████▋ | 1320/1512 [01:44<00:09, 21.05step/s]
[Origin 8/13] 🎲 Drawing Posterior Samples:  88%|████████▊ | 1325/1512 [01:44<00:07, 26.68step/s]
[Origin 8/13] 🎲 Drawing Posterior Samples:  88%|████████▊ | 1330/1512 [01:44<00:05, 31.30step/s]
[Origin 8/13] 🎲 Drawing Posterior Samples:  88%|████████▊ | 1335/1512 [01:44<00:05, 34.11step/s]
[Origin 8/13] 🎲 Drawing Posterior Samples:  89%|████████▊ | 1340/1512 [01:44<00:04, 35.08step/s]
[Origin 8/13] 🎲 Drawing Posterior Samples:  89%|████████▉ | 1344/1512 [01:45<00:05, 30.21step/s]
[Origin 8/13] 🎲 Drawing Posterior Samples:  89%|████████▉ | 1348/1512 [01:45<00:06, 25.79step/s]
[Origin 8/13] 🎲 Drawing Posterior Samples:  89%|████████▉ | 1352/1512 [01:45<00:05, 27.35step/s]
[Origin 8/13] 🎲 Drawing Posterior Samples:  90%|████████▉ | 1358/1512 [01:45<00:04, 33.37step/s]
[Origin 8/13] 🎲 Drawing Posterior Samples:  90%|█████████ | 1363/1512 [01:45<00:04, 35.66step/s]
[Origin 8/13] 🎲 Drawing Posterior Samples:  90%|█████████ | 1367/1512 [01:45<00:03, 36.54step/s]
[Origin 8/13] 🎲 Drawing Posterior Samples:  91%|█████████ | 1373/1512 [01:45<00:03, 40.86step/s]
[Origin 8/13] 🎲 Drawing Posterior Samples:  91%|█████████ | 1378/1512 [01:45<00:03, 40.78step/s]
[Origin 8/13] 🎲 Drawing Posterior Samples:  91%|█████████▏| 1383/1512 [01:46<00:03, 41.19step/s]
[Origin 8/13] 🎲 Drawing Posterior Samples:  92%|█████████▏| 1389/1512 [01:46<00:02, 44.03step/s]
[Origin 8/13] 🎲 Drawing Posterior Samples:  92%|█████████▏| 1394/1512 [01:46<00:02, 41.50step/s]
[Origin 8/13] 🎲 Drawing Posterior Samples:  93%|█████████▎| 1399/1512 [01:46<00:02, 43.44step/s]
[Origin 8/13] 🎲 Drawing Posterior Samples:  93%|█████████▎| 1404/1512 [01:46<00:02, 42.99step/s]
[Origin 8/13] 🎲 Drawing Posterior Samples:  93%|█████████▎| 1409/1512 [01:46<00:02, 40.91step/s]
[Origin 8/13] 🎲 Drawing Posterior Samples:  94%|█████████▎| 1415/1512 [01:46<00:02, 44.18step/s]
[Origin 8/13] 🎲 Drawing Posterior Samples:  94%|█████████▍| 1421/1512 [01:46<00:02, 44.24step/s]
[Origin 8/13] 🎲 Drawing Posterior Samples:  94%|█████████▍| 1427/1512 [01:47<00:01, 46.01step/s]
[Origin 8/13] 🎲 Drawing Posterior Samples:  95%|█████████▍| 1432/1512 [01:47<00:01, 44.81step/s]
[Origin 8/13] 🎲 Drawing Posterior Samples:  95%|█████████▌| 1438/1512 [01:47<00:01, 46.69step/s]
[Origin 8/13] 🎲 Drawing Posterior Samples:  95%|█████████▌| 1443/1512 [01:47<00:01, 45.38step/s]
[Origin 8/13] 🎲 Drawing Posterior Samples:  96%|█████████▌| 1448/1512 [01:47<00:01, 46.59step/s]
[Origin 8/13] 🎲 Drawing Posterior Samples:  96%|█████████▌| 1453/1512 [01:47<00:01, 44.35step/s]
[Origin 8/13] 🎲 Drawing Posterior Samples:  96%|█████████▋| 1458/1512 [01:47<00:01, 34.69step/s]
[Origin 8/13] 🎲 Drawing Posterior Samples:  97%|█████████▋| 1462/1512 [01:48<00:01, 28.18step/s]
[Origin 8/13] 🎲 Drawing Posterior Samples:  97%|█████████▋| 1466/1512 [01:48<00:01, 24.23step/s]
[Origin 8/13] 🎲 Drawing Posterior Samples:  97%|█████████▋| 1469/1512 [01:48<00:01, 22.81step/s]
[Origin 8/13] 🎲 Drawing Posterior Samples:  97%|█████████▋| 1472/1512 [01:48<00:01, 21.44step/s]
[Origin 8/13] 🎲 Drawing Posterior Samples:  98%|█████████▊| 1475/1512 [01:48<00:01, 20.51step/s]
[Origin 8/13] 🎲 Drawing Posterior Samples:  98%|█████████▊| 1478/1512 [01:49<00:02, 12.40step/s]
[Origin 8/13] 🎲 Drawing Posterior Samples:  98%|█████████▊| 1480/1512 [01:49<00:03,  9.85step/s]
[Origin 8/13] 🎲 Drawing Posterior Samples:  98%|█████████▊| 1482/1512 [01:50<00:03,  8.53step/s]
[Origin 8/13] 🎲 Drawing Posterior Samples:  98%|█████████▊| 1484/1512 [01:50<00:03,  7.44step/s]
[Origin 8/13] 🎲 Drawing Posterior Samples:  98%|█████████▊| 1485/1512 [01:50<00:03,  7.18step/s]
[Origin 8/13] 🎲 Drawing Posterior Samples:  98%|█████████▊| 1486/1512 [01:50<00:04,  5.68step/s]
[Origin 8/13] 🎲 Drawing Posterior Samples:  98%|█████████▊| 1487/1512 [01:51<00:04,  5.14step/s]
[Origin 8/13] 🎲 Drawing Posterior Samples:  98%|█████████▊| 1488/1512 [01:51<00:05,  4.44step/s]
[Origin 8/13] 🎲 Drawing Posterior Samples:  98%|█████████▊| 1489/1512 [01:51<00:04,  4.85step/s]
[Origin 8/13] 🎲 Drawing Posterior Samples:  99%|█████████▊| 1490/1512 [01:51<00:04,  5.23step/s]
[Origin 8/13] 🎲 Drawing Posterior Samples:  99%|█████████▊| 1491/1512 [01:51<00:04,  5.17step/s]
[Origin 8/13] 🎲 Drawing Posterior Samples:  99%|█████████▊| 1492/1512 [01:52<00:04,  4.30step/s]
[Origin 8/13] 🎲 Drawing Posterior Samples:  99%|█████████▊| 1493/1512 [01:52<00:04,  4.45step/s]
[Origin 8/13] 🎲 Drawing Posterior Samples:  99%|█████████▉| 1494/1512 [01:52<00:03,  4.88step/s]
[Origin 8/13] 🎲 Drawing Posterior Samples:  99%|█████████▉| 1495/1512 [01:52<00:03,  4.92step/s]
[Origin 8/13] 🎲 Drawing Posterior Samples:  99%|█████████▉| 1496/1512 [01:53<00:03,  5.15step/s]
[Origin 8/13] 🎲 Drawing Posterior Samples:  99%|█████████▉| 1497/1512 [01:53<00:02,  5.27step/s]
[Origin 8/13] 🎲 Drawing Posterior Samples:  99%|█████████▉| 1498/1512 [01:53<00:02,  5.52step/s]
[Origin 8/13] 🎲 Drawing Posterior Samples:  99%|█████████▉| 1499/1512 [01:53<00:02,  4.71step/s]
[Origin 8/13] 🎲 Drawing Posterior Samples:  99%|█████████▉| 1500/1512 [01:53<00:02,  5.19step/s]
[Origin 8/13] 🎲 Drawing Posterior Samples:  99%|█████████▉| 1501/1512 [01:54<00:02,  5.30step/s]
[Origin 8/13] 🎲 Drawing Posterior Samples:  99%|█████████▉| 1502/1512 [01:54<00:01,  5.20step/s]
[Origin 8/13] 🎲 Drawing Posterior Samples:  99%|█████████▉| 1503/1512 [01:54<00:01,  5.18step/s]
[Origin 8/13] 🎲 Drawing Posterior Samples:  99%|█████████▉| 1504/1512 [01:54<00:01,  5.08step/s]
[Origin 8/13] 🎲 Drawing Posterior Samples: 100%|█████████▉| 1505/1512 [01:54<00:01,  5.18step/s]
[Origin 8/13] 🎲 Drawing Posterior Samples: 100%|█████████▉| 1506/1512 [01:54<00:01,  5.32step/s]
[Origin 8/13] 🎲 Drawing Posterior Samples: 100%|█████████▉| 1507/1512 [01:55<00:01,  4.79step/s]
[Origin 8/13] 🎲 Drawing Posterior Samples: 100%|█████████▉| 1508/1512 [01:55<00:00,  4.50step/s]
[Origin 8/13] 🎲 Drawing Posterior Samples: 100%|█████████▉| 1509/1512 [01:55<00:00,  4.72step/s]
[Origin 8/13] 🎲 Drawing Posterior Samples: 100%|█████████▉| 1510/1512 [01:55<00:00,  4.59step/s]
[Origin 8/13] 🎲 Drawing Posterior Samples: 100%|█████████▉| 1511/1512 [01:56<00:00,  4.47step/s]
[Origin 8/13] 🎲 Drawing Posterior Samples: 100%|██████████| 1512/1512 [01:56<00:00,  4.57step/s]
                                                                                                 

[Origin 9/13] 🎲 Drawing Posterior Samples:   0%|          | 0/1516 [00:00<?, ?step/s]
[Origin 9/13] 🎲 Drawing Posterior Samples:   1%|          | 10/1516 [00:00<00:16, 90.17step/s]
[Origin 9/13] 🎲 Drawing Posterior Samples:   1%|▏         | 20/1516 [00:00<00:22, 66.19step/s]
[Origin 9/13] 🎲 Drawing Posterior Samples:   2%|▏         | 27/1516 [00:00<00:23, 63.53step/s]
[Origin 9/13] 🎲 Drawing Posterior Samples:   2%|▏         | 34/1516 [00:00<00:28, 51.26step/s]
[Origin 9/13] 🎲 Drawing Posterior Samples:   3%|▎         | 40/1516 [00:00<00:30, 48.88step/s]
[Origin 9/13] 🎲 Drawing Posterior Samples:   3%|▎         | 46/1516 [00:00<00:29, 49.92step/s]
[Origin 9/13] 🎲 Drawing Posterior Samples:   3%|▎         | 52/1516 [00:00<00:30, 48.11step/s]
[Origin 9/13] 🎲 Drawing Posterior Samples:   4%|▍         | 57/1516 [00:01<00:31, 46.64step/s]
[Origin 9/13] 🎲 Drawing Posterior Samples:   4%|▍         | 63/1516 [00:01<00:30, 48.25step/s]
[Origin 9/13] 🎲 Drawing Posterior Samples:   4%|▍         | 68/1516 [00:01<00:30, 48.05step/s]
[Origin 9/13] 🎲 Drawing Posterior Samples:   5%|▍         | 73/1516 [00:01<00:30, 47.90step/s]
[Origin 9/13] 🎲 Drawing Posterior Samples:   5%|▌         | 78/1516 [00:01<00:30, 46.61step/s]
[Origin 9/13] 🎲 Drawing Posterior Samples:   5%|▌         | 83/1516 [00:01<00:31, 45.26step/s]
[Origin 9/13] 🎲 Drawing Posterior Samples:   6%|▌         | 89/1516 [00:01<00:30, 47.08step/s]
[Origin 9/13] 🎲 Drawing Posterior Samples:   6%|▋         | 95/1516 [00:01<00:29, 48.30step/s]
[Origin 9/13] 🎲 Drawing Posterior Samples:   7%|▋         | 100/1516 [00:02<00:30, 46.60step/s]
[Origin 9/13] 🎲 Drawing Posterior Samples:   7%|▋         | 105/1516 [00:02<00:30, 47.00step/s]
[Origin 9/13] 🎲 Drawing Posterior Samples:   7%|▋         | 110/1516 [00:02<00:31, 43.98step/s]
[Origin 9/13] 🎲 Drawing Posterior Samples:   8%|▊         | 115/1516 [00:02<00:32, 43.20step/s]
[Origin 9/13] 🎲 Drawing Posterior Samples:   8%|▊         | 121/1516 [00:02<00:30, 45.88step/s]
[Origin 9/13] 🎲 Drawing Posterior Samples:   8%|▊         | 126/1516 [00:02<00:30, 44.88step/s]
[Origin 9/13] 🎲 Drawing Posterior Samples:   9%|▊         | 131/1516 [00:02<00:31, 44.50step/s]
[Origin 9/13] 🎲 Drawing Posterior Samples:   9%|▉         | 136/1516 [00:02<00:32, 42.56step/s]
[Origin 9/13] 🎲 Drawing Posterior Samples:   9%|▉         | 141/1516 [00:02<00:32, 42.48step/s]
[Origin 9/13] 🎲 Drawing Posterior Samples:  10%|▉         | 146/1516 [00:03<00:32, 42.08step/s]
[Origin 9/13] 🎲 Drawing Posterior Samples:  10%|▉         | 151/1516 [00:03<00:32, 42.32step/s]
[Origin 9/13] 🎲 Drawing Posterior Samples:  10%|█         | 157/1516 [00:03<00:30, 45.20step/s]
[Origin 9/13] 🎲 Drawing Posterior Samples:  11%|█         | 162/1516 [00:03<00:30, 44.30step/s]
[Origin 9/13] 🎲 Drawing Posterior Samples:  11%|█         | 167/1516 [00:03<00:30, 44.82step/s]
[Origin 9/13] 🎲 Drawing Posterior Samples:  11%|█▏        | 172/1516 [00:03<00:31, 43.01step/s]
[Origin 9/13] 🎲 Drawing Posterior Samples:  12%|█▏        | 177/1516 [00:03<00:30, 43.89step/s]
[Origin 9/13] 🎲 Drawing Posterior Samples:  12%|█▏        | 182/1516 [00:03<00:29, 44.55step/s]
[Origin 9/13] 🎲 Drawing Posterior Samples:  12%|█▏        | 187/1516 [00:04<00:31, 41.66step/s]
[Origin 9/13] 🎲 Drawing Posterior Samples:  13%|█▎        | 192/1516 [00:04<00:31, 41.60step/s]
[Origin 9/13] 🎲 Drawing Posterior Samples:  13%|█▎        | 197/1516 [00:04<00:31, 41.52step/s]
[Origin 9/13] 🎲 Drawing Posterior Samples:  13%|█▎        | 203/1516 [00:04<00:29, 44.59step/s]
[Origin 9/13] 🎲 Drawing Posterior Samples:  14%|█▍        | 209/1516 [00:04<00:27, 46.73step/s]
[Origin 9/13] 🎲 Drawing Posterior Samples:  14%|█▍        | 214/1516 [00:04<00:28, 45.52step/s]
[Origin 9/13] 🎲 Drawing Posterior Samples:  14%|█▍        | 219/1516 [00:04<00:29, 44.66step/s]
[Origin 9/13] 🎲 Drawing Posterior Samples:  15%|█▍        | 224/1516 [00:04<00:28, 45.37step/s]
[Origin 9/13] 🎲 Drawing Posterior Samples:  15%|█▌        | 229/1516 [00:05<00:33, 38.21step/s]
[Origin 9/13] 🎲 Drawing Posterior Samples:  15%|█▌        | 234/1516 [00:05<00:32, 39.15step/s]
[Origin 9/13] 🎲 Drawing Posterior Samples:  16%|█▌        | 240/1516 [00:05<00:29, 42.58step/s]
[Origin 9/13] 🎲 Drawing Posterior Samples:  16%|█▌        | 245/1516 [00:05<00:29, 42.71step/s]
[Origin 9/13] 🎲 Drawing Posterior Samples:  16%|█▋        | 250/1516 [00:05<00:31, 40.82step/s]
[Origin 9/13] 🎲 Drawing Posterior Samples:  17%|█▋        | 255/1516 [00:05<00:30, 40.91step/s]
[Origin 9/13] 🎲 Drawing Posterior Samples:  17%|█▋        | 260/1516 [00:05<00:30, 40.81step/s]
[Origin 9/13] 🎲 Drawing Posterior Samples:  17%|█▋        | 265/1516 [00:05<00:33, 37.55step/s]
[Origin 9/13] 🎲 Drawing Posterior Samples:  18%|█▊        | 271/1516 [00:06<00:29, 41.51step/s]
[Origin 9/13] 🎲 Drawing Posterior Samples:  18%|█▊        | 276/1516 [00:06<00:29, 41.69step/s]
[Origin 9/13] 🎲 Drawing Posterior Samples:  19%|█▊        | 281/1516 [00:06<00:33, 36.59step/s]
[Origin 9/13] 🎲 Drawing Posterior Samples:  19%|█▉        | 286/1516 [00:06<00:32, 38.20step/s]
[Origin 9/13] 🎲 Drawing Posterior Samples:  19%|█▉        | 292/1516 [00:06<00:29, 42.03step/s]
[Origin 9/13] 🎲 Drawing Posterior Samples:  20%|█▉        | 297/1516 [00:06<00:32, 37.64step/s]
[Origin 9/13] 🎲 Drawing Posterior Samples:  20%|█▉        | 301/1516 [00:06<00:33, 36.08step/s]
[Origin 9/13] 🎲 Drawing Posterior Samples:  20%|██        | 306/1516 [00:06<00:31, 38.50step/s]
[Origin 9/13] 🎲 Drawing Posterior Samples:  20%|██        | 310/1516 [00:07<00:31, 38.28step/s]
[Origin 9/13] 🎲 Drawing Posterior Samples:  21%|██        | 315/1516 [00:07<00:30, 39.47step/s]
[Origin 9/13] 🎲 Drawing Posterior Samples:  21%|██        | 320/1516 [00:07<00:30, 38.70step/s]
[Origin 9/13] 🎲 Drawing Posterior Samples:  21%|██▏       | 324/1516 [00:07<00:32, 36.34step/s]
[Origin 9/13] 🎲 Drawing Posterior Samples:  22%|██▏       | 330/1516 [00:07<00:29, 40.87step/s]
[Origin 9/13] 🎲 Drawing Posterior Samples:  22%|██▏       | 335/1516 [00:07<00:28, 41.08step/s]
[Origin 9/13] 🎲 Drawing Posterior Samples:  22%|██▏       | 340/1516 [00:07<00:31, 37.61step/s]
[Origin 9/13] 🎲 Drawing Posterior Samples:  23%|██▎       | 344/1516 [00:08<00:45, 25.62step/s]
[Origin 9/13] 🎲 Drawing Posterior Samples:  23%|██▎       | 348/1516 [00:08<01:28, 13.13step/s]
[Origin 9/13] 🎲 Drawing Posterior Samples:  23%|██▎       | 351/1516 [00:09<01:52, 10.35step/s]
[Origin 9/13] 🎲 Drawing Posterior Samples:  23%|██▎       | 353/1516 [00:09<02:09,  8.96step/s]
[Origin 9/13] 🎲 Drawing Posterior Samples:  23%|██▎       | 355/1516 [00:10<02:27,  7.89step/s]
[Origin 9/13] 🎲 Drawing Posterior Samples:  24%|██▎       | 357/1516 [00:10<02:37,  7.36step/s]
[Origin 9/13] 🎲 Drawing Posterior Samples:  24%|██▎       | 358/1516 [00:10<02:50,  6.81step/s]
[Origin 9/13] 🎲 Drawing Posterior Samples:  24%|██▎       | 359/1516 [00:10<02:55,  6.59step/s]
[Origin 9/13] 🎲 Drawing Posterior Samples:  24%|██▎       | 360/1516 [00:11<03:03,  6.30step/s]
[Origin 9/13] 🎲 Drawing Posterior Samples:  24%|██▍       | 361/1516 [00:11<03:19,  5.80step/s]
[Origin 9/13] 🎲 Drawing Posterior Samples:  24%|██▍       | 362/1516 [00:11<03:19,  5.78step/s]
[Origin 9/13] 🎲 Drawing Posterior Samples:  24%|██▍       | 363/1516 [00:11<03:24,  5.62step/s]
[Origin 9/13] 🎲 Drawing Posterior Samples:  24%|██▍       | 364/1516 [00:11<03:38,  5.26step/s]
[Origin 9/13] 🎲 Drawing Posterior Samples:  24%|██▍       | 365/1516 [00:11<03:28,  5.51step/s]
[Origin 9/13] 🎲 Drawing Posterior Samples:  24%|██▍       | 366/1516 [00:12<03:28,  5.52step/s]
[Origin 9/13] 🎲 Drawing Posterior Samples:  24%|██▍       | 367/1516 [00:12<03:26,  5.57step/s]
[Origin 9/13] 🎲 Drawing Posterior Samples:  24%|██▍       | 368/1516 [00:12<03:31,  5.43step/s]
[Origin 9/13] 🎲 Drawing Posterior Samples:  24%|██▍       | 369/1516 [00:12<03:31,  5.42step/s]
[Origin 9/13] 🎲 Drawing Posterior Samples:  24%|██▍       | 370/1516 [00:12<03:43,  5.13step/s]
[Origin 9/13] 🎲 Drawing Posterior Samples:  24%|██▍       | 371/1516 [00:13<03:34,  5.35step/s]
[Origin 9/13] 🎲 Drawing Posterior Samples:  25%|██▍       | 372/1516 [00:13<03:22,  5.64step/s]
[Origin 9/13] 🎲 Drawing Posterior Samples:  25%|██▍       | 373/1516 [00:13<03:16,  5.80step/s]
[Origin 9/13] 🎲 Drawing Posterior Samples:  25%|██▍       | 374/1516 [00:13<03:12,  5.93step/s]
[Origin 9/13] 🎲 Drawing Posterior Samples:  25%|██▍       | 375/1516 [00:13<03:11,  5.95step/s]
[Origin 9/13] 🎲 Drawing Posterior Samples:  25%|██▍       | 376/1516 [00:13<03:13,  5.88step/s]
[Origin 9/13] 🎲 Drawing Posterior Samples:  25%|██▍       | 377/1516 [00:14<03:22,  5.63step/s]
[Origin 9/13] 🎲 Drawing Posterior Samples:  25%|██▍       | 378/1516 [00:14<03:45,  5.05step/s]
[Origin 9/13] 🎲 Drawing Posterior Samples:  25%|██▌       | 379/1516 [00:14<03:52,  4.89step/s]
[Origin 9/13] 🎲 Drawing Posterior Samples:  25%|██▌       | 380/1516 [00:36<2:04:35,  6.58s/step]
[Origin 9/13] 🎲 Drawing Posterior Samples:  25%|██▌       | 385/1516 [00:36<39:47,  2.11s/step]  
[Origin 9/13] 🎲 Drawing Posterior Samples:  26%|██▌       | 389/1516 [00:36<22:29,  1.20s/step]
[Origin 9/13] 🎲 Drawing Posterior Samples:  26%|██▌       | 395/1516 [00:36<11:42,  1.59step/s]
[Origin 9/13] 🎲 Drawing Posterior Samples:  26%|██▋       | 399/1516 [00:36<08:08,  2.29step/s]
[Origin 9/13] 🎲 Drawing Posterior Samples:  27%|██▋       | 405/1516 [00:36<04:58,  3.73step/s]
[Origin 9/13] 🎲 Drawing Posterior Samples:  27%|██▋       | 409/1516 [00:36<03:42,  4.98step/s]
[Origin 9/13] 🎲 Drawing Posterior Samples:  27%|██▋       | 413/1516 [00:36<02:48,  6.56step/s]
[Origin 9/13] 🎲 Drawing Posterior Samples:  28%|██▊       | 418/1516 [00:36<01:59,  9.16step/s]
[Origin 9/13] 🎲 Drawing Posterior Samples:  28%|██▊       | 423/1516 [00:37<01:29, 12.25step/s]
[Origin 9/13] 🎲 Drawing Posterior Samples:  28%|██▊       | 427/1516 [00:37<01:13, 14.76step/s]
[Origin 9/13] 🎲 Drawing Posterior Samples:  28%|██▊       | 431/1516 [00:37<01:01, 17.72step/s]
[Origin 9/13] 🎲 Drawing Posterior Samples:  29%|██▉       | 437/1516 [00:37<00:45, 23.54step/s]
[Origin 9/13] 🎲 Drawing Posterior Samples:  29%|██▉       | 442/1516 [00:37<00:39, 27.13step/s]
[Origin 9/13] 🎲 Drawing Posterior Samples:  29%|██▉       | 447/1516 [00:37<00:35, 29.77step/s]
[Origin 9/13] 🎲 Drawing Posterior Samples:  30%|██▉       | 452/1516 [00:37<00:33, 31.79step/s]
[Origin 9/13] 🎲 Drawing Posterior Samples:  30%|███       | 457/1516 [00:37<00:30, 34.42step/s]
[Origin 9/13] 🎲 Drawing Posterior Samples:  30%|███       | 462/1516 [00:38<00:30, 34.41step/s]
[Origin 9/13] 🎲 Drawing Posterior Samples:  31%|███       | 466/1516 [00:38<00:29, 35.67step/s]
[Origin 9/13] 🎲 Drawing Posterior Samples:  31%|███       | 470/1516 [00:38<00:30, 34.74step/s]
[Origin 9/13] 🎲 Drawing Posterior Samples:  31%|███▏      | 474/1516 [00:38<00:30, 34.20step/s]
[Origin 9/13] 🎲 Drawing Posterior Samples:  32%|███▏      | 478/1516 [00:38<00:29, 35.57step/s]
[Origin 9/13] 🎲 Drawing Posterior Samples:  32%|███▏      | 482/1516 [00:38<00:29, 35.02step/s]
[Origin 9/13] 🎲 Drawing Posterior Samples:  32%|███▏      | 486/1516 [00:38<00:28, 35.60step/s]
[Origin 9/13] 🎲 Drawing Posterior Samples:  32%|███▏      | 491/1516 [00:38<00:27, 37.72step/s]
[Origin 9/13] 🎲 Drawing Posterior Samples:  33%|███▎      | 495/1516 [00:38<00:26, 38.31step/s]
[Origin 9/13] 🎲 Drawing Posterior Samples:  33%|███▎      | 499/1516 [00:39<00:28, 36.06step/s]
[Origin 9/13] 🎲 Drawing Posterior Samples:  33%|███▎      | 503/1516 [00:39<00:27, 37.10step/s]
[Origin 9/13] 🎲 Drawing Posterior Samples:  33%|███▎      | 507/1516 [00:39<00:26, 37.88step/s]
[Origin 9/13] 🎲 Drawing Posterior Samples:  34%|███▎      | 511/1516 [00:39<00:26, 37.39step/s]
[Origin 9/13] 🎲 Drawing Posterior Samples:  34%|███▍      | 515/1516 [00:39<00:27, 36.77step/s]
[Origin 9/13] 🎲 Drawing Posterior Samples:  34%|███▍      | 520/1516 [00:39<00:25, 38.53step/s]
[Origin 9/13] 🎲 Drawing Posterior Samples:  35%|███▍      | 524/1516 [00:39<00:25, 38.85step/s]
[Origin 9/13] 🎲 Drawing Posterior Samples:  35%|███▍      | 528/1516 [00:39<00:26, 37.26step/s]
[Origin 9/13] 🎲 Drawing Posterior Samples:  35%|███▌      | 532/1516 [00:39<00:26, 37.59step/s]
[Origin 9/13] 🎲 Drawing Posterior Samples:  35%|███▌      | 536/1516 [00:40<00:25, 38.25step/s]
[Origin 9/13] 🎲 Drawing Posterior Samples:  36%|███▌      | 541/1516 [00:40<00:24, 39.53step/s]
[Origin 9/13] 🎲 Drawing Posterior Samples:  36%|███▌      | 545/1516 [00:40<00:26, 37.10step/s]
[Origin 9/13] 🎲 Drawing Posterior Samples:  36%|███▋      | 550/1516 [00:40<00:24, 38.80step/s]
[Origin 9/13] 🎲 Drawing Posterior Samples:  37%|███▋      | 554/1516 [00:40<00:24, 38.96step/s]
[Origin 9/13] 🎲 Drawing Posterior Samples:  37%|███▋      | 558/1516 [00:40<00:26, 35.56step/s]
[Origin 9/13] 🎲 Drawing Posterior Samples:  37%|███▋      | 562/1516 [00:40<00:26, 36.61step/s]
[Origin 9/13] 🎲 Drawing Posterior Samples:  37%|███▋      | 566/1516 [00:40<00:25, 37.34step/s]
[Origin 9/13] 🎲 Drawing Posterior Samples:  38%|███▊      | 570/1516 [00:40<00:24, 38.00step/s]
[Origin 9/13] 🎲 Drawing Posterior Samples:  38%|███▊      | 574/1516 [00:41<00:25, 36.50step/s]
[Origin 9/13] 🎲 Drawing Posterior Samples:  38%|███▊      | 578/1516 [00:41<00:25, 36.83step/s]
[Origin 9/13] 🎲 Drawing Posterior Samples:  38%|███▊      | 583/1516 [00:41<00:24, 38.68step/s]
[Origin 9/13] 🎲 Drawing Posterior Samples:  39%|███▉      | 588/1516 [00:41<00:24, 38.36step/s]
[Origin 9/13] 🎲 Drawing Posterior Samples:  39%|███▉      | 592/1516 [00:41<00:24, 37.51step/s]
[Origin 9/13] 🎲 Drawing Posterior Samples:  39%|███▉      | 596/1516 [00:41<00:24, 38.03step/s]
[Origin 9/13] 🎲 Drawing Posterior Samples:  40%|███▉      | 602/1516 [00:41<00:21, 42.29step/s]
[Origin 9/13] 🎲 Drawing Posterior Samples:  40%|████      | 607/1516 [00:41<00:25, 36.34step/s]
[Origin 9/13] 🎲 Drawing Posterior Samples:  40%|████      | 612/1516 [00:42<00:23, 38.47step/s]
[Origin 9/13] 🎲 Drawing Posterior Samples:  41%|████      | 616/1516 [00:42<00:23, 37.83step/s]
[Origin 9/13] 🎲 Drawing Posterior Samples:  41%|████      | 620/1516 [00:42<00:24, 36.67step/s]
[Origin 9/13] 🎲 Drawing Posterior Samples:  41%|████      | 624/1516 [00:42<00:24, 37.05step/s]
[Origin 9/13] 🎲 Drawing Posterior Samples:  41%|████▏     | 629/1516 [00:42<00:22, 39.14step/s]
[Origin 9/13] 🎲 Drawing Posterior Samples:  42%|████▏     | 633/1516 [00:42<00:22, 38.59step/s]
[Origin 9/13] 🎲 Drawing Posterior Samples:  42%|████▏     | 637/1516 [00:42<00:22, 38.86step/s]
[Origin 9/13] 🎲 Drawing Posterior Samples:  42%|████▏     | 642/1516 [00:42<00:20, 41.85step/s]
[Origin 9/13] 🎲 Drawing Posterior Samples:  43%|████▎     | 647/1516 [00:42<00:21, 41.18step/s]
[Origin 9/13] 🎲 Drawing Posterior Samples:  43%|████▎     | 652/1516 [00:43<00:22, 38.60step/s]
[Origin 9/13] 🎲 Drawing Posterior Samples:  43%|████▎     | 656/1516 [00:43<00:22, 38.59step/s]
[Origin 9/13] 🎲 Drawing Posterior Samples:  44%|████▎     | 660/1516 [00:43<00:22, 37.62step/s]
[Origin 9/13] 🎲 Drawing Posterior Samples:  44%|████▍     | 664/1516 [00:43<00:22, 38.11step/s]
[Origin 9/13] 🎲 Drawing Posterior Samples:  44%|████▍     | 668/1516 [00:43<00:22, 37.13step/s]
[Origin 9/13] 🎲 Drawing Posterior Samples:  44%|████▍     | 672/1516 [00:43<00:24, 33.95step/s]
[Origin 9/13] 🎲 Drawing Posterior Samples:  45%|████▍     | 676/1516 [00:43<00:23, 35.36step/s]
[Origin 9/13] 🎲 Drawing Posterior Samples:  45%|████▍     | 680/1516 [00:43<00:23, 35.51step/s]
[Origin 9/13] 🎲 Drawing Posterior Samples:  45%|████▌     | 684/1516 [00:43<00:23, 35.12step/s]
[Origin 9/13] 🎲 Drawing Posterior Samples:  45%|████▌     | 689/1516 [00:44<00:22, 37.34step/s]
[Origin 9/13] 🎲 Drawing Posterior Samples:  46%|████▌     | 693/1516 [00:44<00:22, 36.95step/s]
[Origin 9/13] 🎲 Drawing Posterior Samples:  46%|████▌     | 697/1516 [00:44<00:22, 36.31step/s]
[Origin 9/13] 🎲 Drawing Posterior Samples:  46%|████▌     | 701/1516 [00:44<00:21, 37.29step/s]
[Origin 9/13] 🎲 Drawing Posterior Samples:  47%|████▋     | 705/1516 [00:44<00:21, 37.33step/s]
[Origin 9/13] 🎲 Drawing Posterior Samples:  47%|████▋     | 709/1516 [00:44<00:22, 36.67step/s]
[Origin 9/13] 🎲 Drawing Posterior Samples:  47%|████▋     | 713/1516 [00:44<00:22, 35.13step/s]
[Origin 9/13] 🎲 Drawing Posterior Samples:  47%|████▋     | 719/1516 [00:44<00:19, 40.36step/s]
[Origin 9/13] 🎲 Drawing Posterior Samples:  48%|████▊     | 724/1516 [00:45<00:45, 17.44step/s]
[Origin 9/13] 🎲 Drawing Posterior Samples:  48%|████▊     | 728/1516 [00:46<01:27,  9.05step/s]
[Origin 9/13] 🎲 Drawing Posterior Samples:  48%|████▊     | 731/1516 [00:47<01:50,  7.10step/s]
[Origin 9/13] 🎲 Drawing Posterior Samples:  48%|████▊     | 733/1516 [00:47<02:05,  6.24step/s]
[Origin 9/13] 🎲 Drawing Posterior Samples:  48%|████▊     | 735/1516 [00:48<02:08,  6.06step/s]
[Origin 9/13] 🎲 Drawing Posterior Samples:  49%|████▊     | 737/1516 [00:48<02:17,  5.65step/s]
[Origin 9/13] 🎲 Drawing Posterior Samples:  49%|████▊     | 738/1516 [00:48<02:26,  5.30step/s]
[Origin 9/13] 🎲 Drawing Posterior Samples:  49%|████▊     | 739/1516 [00:49<02:28,  5.25step/s]
[Origin 9/13] 🎲 Drawing Posterior Samples:  49%|████▉     | 740/1516 [00:49<02:34,  5.01step/s]
[Origin 9/13] 🎲 Drawing Posterior Samples:  49%|████▉     | 741/1516 [00:49<02:34,  5.01step/s]
[Origin 9/13] 🎲 Drawing Posterior Samples:  49%|████▉     | 742/1516 [00:49<02:35,  4.97step/s]
[Origin 9/13] 🎲 Drawing Posterior Samples:  49%|████▉     | 743/1516 [00:49<02:32,  5.06step/s]
[Origin 9/13] 🎲 Drawing Posterior Samples:  49%|████▉     | 744/1516 [00:50<02:39,  4.83step/s]
[Origin 9/13] 🎲 Drawing Posterior Samples:  49%|████▉     | 745/1516 [00:50<02:39,  4.83step/s]
[Origin 9/13] 🎲 Drawing Posterior Samples:  49%|████▉     | 746/1516 [00:50<02:46,  4.64step/s]
[Origin 9/13] 🎲 Drawing Posterior Samples:  49%|████▉     | 747/1516 [00:50<02:54,  4.41step/s]
[Origin 9/13] 🎲 Drawing Posterior Samples:  49%|████▉     | 748/1516 [00:51<02:54,  4.41step/s]
[Origin 9/13] 🎲 Drawing Posterior Samples:  49%|████▉     | 749/1516 [00:51<03:10,  4.03step/s]
[Origin 9/13] 🎲 Drawing Posterior Samples:  49%|████▉     | 750/1516 [00:51<03:08,  4.06step/s]
[Origin 9/13] 🎲 Drawing Posterior Samples:  50%|████▉     | 751/1516 [00:51<03:04,  4.14step/s]
[Origin 9/13] 🎲 Drawing Posterior Samples:  50%|████▉     | 752/1516 [00:52<03:19,  3.83step/s]
[Origin 9/13] 🎲 Drawing Posterior Samples:  50%|████▉     | 753/1516 [00:52<03:20,  3.81step/s]
[Origin 9/13] 🎲 Drawing Posterior Samples:  50%|████▉     | 754/1516 [00:52<03:24,  3.73step/s]
[Origin 9/13] 🎲 Drawing Posterior Samples:  50%|████▉     | 755/1516 [00:53<03:40,  3.44step/s]
[Origin 9/13] 🎲 Drawing Posterior Samples:  50%|████▉     | 756/1516 [00:53<03:22,  3.75step/s]
[Origin 9/13] 🎲 Drawing Posterior Samples:  50%|████▉     | 757/1516 [00:53<03:38,  3.47step/s]
[Origin 9/13] 🎲 Drawing Posterior Samples:  50%|█████     | 758/1516 [00:53<03:24,  3.70step/s]
[Origin 9/13] 🎲 Drawing Posterior Samples:  50%|█████     | 759/1516 [01:12<1:12:27,  5.74s/step]
[Origin 9/13] 🎲 Drawing Posterior Samples:  51%|█████     | 769/1516 [01:12<13:38,  1.10s/step]  
[Origin 9/13] 🎲 Drawing Posterior Samples:  51%|█████     | 775/1516 [01:12<08:04,  1.53step/s]
[Origin 9/13] 🎲 Drawing Posterior Samples:  52%|█████▏    | 781/1516 [01:12<05:08,  2.39step/s]
[Origin 9/13] 🎲 Drawing Posterior Samples:  52%|█████▏    | 787/1516 [01:12<03:24,  3.57step/s]
[Origin 9/13] 🎲 Drawing Posterior Samples:  52%|█████▏    | 792/1516 [01:12<02:29,  4.86step/s]
[Origin 9/13] 🎲 Drawing Posterior Samples:  53%|█████▎    | 797/1516 [01:13<01:52,  6.40step/s]
[Origin 9/13] 🎲 Drawing Posterior Samples:  53%|█████▎    | 802/1516 [01:13<01:23,  8.57step/s]
[Origin 9/13] 🎲 Drawing Posterior Samples:  53%|█████▎    | 807/1516 [01:13<01:03, 11.12step/s]
[Origin 9/13] 🎲 Drawing Posterior Samples:  54%|█████▎    | 812/1516 [01:13<00:50, 13.90step/s]
[Origin 9/13] 🎲 Drawing Posterior Samples:  54%|█████▍    | 817/1516 [01:13<00:40, 17.40step/s]
[Origin 9/13] 🎲 Drawing Posterior Samples:  54%|█████▍    | 822/1516 [01:13<00:32, 21.12step/s]
[Origin 9/13] 🎲 Drawing Posterior Samples:  55%|█████▍    | 827/1516 [01:13<00:29, 23.74step/s]
[Origin 9/13] 🎲 Drawing Posterior Samples:  55%|█████▍    | 831/1516 [01:13<00:26, 25.86step/s]
[Origin 9/13] 🎲 Drawing Posterior Samples:  55%|█████▌    | 835/1516 [01:14<00:26, 25.77step/s]
[Origin 9/13] 🎲 Drawing Posterior Samples:  55%|█████▌    | 839/1516 [01:14<00:24, 27.24step/s]
[Origin 9/13] 🎲 Drawing Posterior Samples:  56%|█████▌    | 843/1516 [01:14<00:22, 29.83step/s]
[Origin 9/13] 🎲 Drawing Posterior Samples:  56%|█████▌    | 848/1516 [01:14<00:20, 33.16step/s]
[Origin 9/13] 🎲 Drawing Posterior Samples:  56%|█████▌    | 852/1516 [01:14<00:20, 33.18step/s]
[Origin 9/13] 🎲 Drawing Posterior Samples:  56%|█████▋    | 856/1516 [01:14<00:19, 33.97step/s]
[Origin 9/13] 🎲 Drawing Posterior Samples:  57%|█████▋    | 861/1516 [01:14<00:18, 36.33step/s]
[Origin 9/13] 🎲 Drawing Posterior Samples:  57%|█████▋    | 866/1516 [01:14<00:17, 37.80step/s]
[Origin 9/13] 🎲 Drawing Posterior Samples:  57%|█████▋    | 870/1516 [01:15<00:21, 30.21step/s]
[Origin 9/13] 🎲 Drawing Posterior Samples:  58%|█████▊    | 874/1516 [01:15<00:19, 32.18step/s]
[Origin 9/13] 🎲 Drawing Posterior Samples:  58%|█████▊    | 878/1516 [01:15<00:18, 33.99step/s]
[Origin 9/13] 🎲 Drawing Posterior Samples:  58%|█████▊    | 882/1516 [01:15<00:18, 33.57step/s]
[Origin 9/13] 🎲 Drawing Posterior Samples:  58%|█████▊    | 886/1516 [01:15<00:22, 28.52step/s]
[Origin 9/13] 🎲 Drawing Posterior Samples:  59%|█████▉    | 891/1516 [01:15<00:19, 31.68step/s]
[Origin 9/13] 🎲 Drawing Posterior Samples:  59%|█████▉    | 895/1516 [01:15<00:18, 33.39step/s]
[Origin 9/13] 🎲 Drawing Posterior Samples:  59%|█████▉    | 900/1516 [01:16<00:17, 34.66step/s]
[Origin 9/13] 🎲 Drawing Posterior Samples:  60%|█████▉    | 904/1516 [01:16<00:17, 34.94step/s]
[Origin 9/13] 🎲 Drawing Posterior Samples:  60%|█████▉    | 908/1516 [01:16<00:18, 33.18step/s]
[Origin 9/13] 🎲 Drawing Posterior Samples:  60%|██████    | 912/1516 [01:16<00:21, 27.73step/s]
[Origin 9/13] 🎲 Drawing Posterior Samples:  60%|██████    | 917/1516 [01:16<00:19, 31.44step/s]
[Origin 9/13] 🎲 Drawing Posterior Samples:  61%|██████    | 921/1516 [01:16<00:17, 33.08step/s]
[Origin 9/13] 🎲 Drawing Posterior Samples:  61%|██████    | 925/1516 [01:16<00:17, 34.22step/s]
[Origin 9/13] 🎲 Drawing Posterior Samples:  61%|██████▏   | 930/1516 [01:16<00:16, 36.59step/s]
[Origin 9/13] 🎲 Drawing Posterior Samples:  62%|██████▏   | 934/1516 [01:17<00:18, 31.49step/s]
[Origin 9/13] 🎲 Drawing Posterior Samples:  62%|██████▏   | 938/1516 [01:17<00:20, 28.83step/s]
[Origin 9/13] 🎲 Drawing Posterior Samples:  62%|██████▏   | 942/1516 [01:17<00:18, 30.97step/s]
[Origin 9/13] 🎲 Drawing Posterior Samples:  62%|██████▏   | 946/1516 [01:17<00:21, 26.31step/s]
[Origin 9/13] 🎲 Drawing Posterior Samples:  63%|██████▎   | 949/1516 [01:17<00:23, 24.25step/s]
[Origin 9/13] 🎲 Drawing Posterior Samples:  63%|██████▎   | 952/1516 [01:17<00:22, 25.04step/s]
[Origin 9/13] 🎲 Drawing Posterior Samples:  63%|██████▎   | 957/1516 [01:17<00:18, 29.54step/s]
[Origin 9/13] 🎲 Drawing Posterior Samples:  63%|██████▎   | 961/1516 [01:18<00:17, 31.20step/s]
[Origin 9/13] 🎲 Drawing Posterior Samples:  64%|██████▎   | 965/1516 [01:18<00:17, 32.21step/s]
[Origin 9/13] 🎲 Drawing Posterior Samples:  64%|██████▍   | 969/1516 [01:18<00:16, 32.54step/s]
[Origin 9/13] 🎲 Drawing Posterior Samples:  64%|██████▍   | 973/1516 [01:18<00:15, 34.35step/s]
[Origin 9/13] 🎲 Drawing Posterior Samples:  64%|██████▍   | 977/1516 [01:18<00:15, 35.80step/s]
[Origin 9/13] 🎲 Drawing Posterior Samples:  65%|██████▍   | 983/1516 [01:18<00:13, 40.48step/s]
[Origin 9/13] 🎲 Drawing Posterior Samples:  65%|██████▌   | 988/1516 [01:18<00:13, 38.69step/s]
[Origin 9/13] 🎲 Drawing Posterior Samples:  65%|██████▌   | 992/1516 [01:18<00:13, 37.50step/s]
[Origin 9/13] 🎲 Drawing Posterior Samples:  66%|██████▌   | 997/1516 [01:18<00:13, 39.65step/s]
[Origin 9/13] 🎲 Drawing Posterior Samples:  66%|██████▌   | 1001/1516 [01:19<00:14, 36.55step/s]
[Origin 9/13] 🎲 Drawing Posterior Samples:  66%|██████▋   | 1006/1516 [01:19<00:13, 37.28step/s]
[Origin 9/13] 🎲 Drawing Posterior Samples:  67%|██████▋   | 1011/1516 [01:19<00:13, 38.46step/s]
[Origin 9/13] 🎲 Drawing Posterior Samples:  67%|██████▋   | 1016/1516 [01:19<00:13, 38.10step/s]
[Origin 9/13] 🎲 Drawing Posterior Samples:  67%|██████▋   | 1020/1516 [01:19<00:13, 37.67step/s]
[Origin 9/13] 🎲 Drawing Posterior Samples:  68%|██████▊   | 1024/1516 [01:19<00:12, 38.18step/s]
[Origin 9/13] 🎲 Drawing Posterior Samples:  68%|██████▊   | 1029/1516 [01:19<00:12, 39.46step/s]
[Origin 9/13] 🎲 Drawing Posterior Samples:  68%|██████▊   | 1033/1516 [01:19<00:12, 37.51step/s]
[Origin 9/13] 🎲 Drawing Posterior Samples:  68%|██████▊   | 1037/1516 [01:20<00:12, 37.58step/s]
[Origin 9/13] 🎲 Drawing Posterior Samples:  69%|██████▊   | 1042/1516 [01:20<00:12, 39.31step/s]
[Origin 9/13] 🎲 Drawing Posterior Samples:  69%|██████▉   | 1046/1516 [01:20<00:12, 37.37step/s]
[Origin 9/13] 🎲 Drawing Posterior Samples:  69%|██████▉   | 1050/1516 [01:20<00:12, 38.00step/s]
[Origin 9/13] 🎲 Drawing Posterior Samples:  70%|██████▉   | 1054/1516 [01:20<00:12, 36.68step/s]
[Origin 9/13] 🎲 Drawing Posterior Samples:  70%|██████▉   | 1058/1516 [01:20<00:12, 37.23step/s]
[Origin 9/13] 🎲 Drawing Posterior Samples:  70%|███████   | 1062/1516 [01:20<00:11, 37.92step/s]
[Origin 9/13] 🎲 Drawing Posterior Samples:  70%|███████   | 1066/1516 [01:20<00:11, 38.51step/s]
[Origin 9/13] 🎲 Drawing Posterior Samples:  71%|███████   | 1070/1516 [01:20<00:12, 37.05step/s]
[Origin 9/13] 🎲 Drawing Posterior Samples:  71%|███████   | 1074/1516 [01:21<00:11, 37.57step/s]
[Origin 9/13] 🎲 Drawing Posterior Samples:  71%|███████   | 1079/1516 [01:21<00:11, 38.92step/s]
[Origin 9/13] 🎲 Drawing Posterior Samples:  71%|███████▏  | 1083/1516 [01:21<00:11, 39.10step/s]
[Origin 9/13] 🎲 Drawing Posterior Samples:  72%|███████▏  | 1087/1516 [01:21<00:11, 36.51step/s]
[Origin 9/13] 🎲 Drawing Posterior Samples:  72%|███████▏  | 1091/1516 [01:21<00:11, 37.21step/s]
[Origin 9/13] 🎲 Drawing Posterior Samples:  72%|███████▏  | 1096/1516 [01:21<00:10, 38.68step/s]
[Origin 9/13] 🎲 Drawing Posterior Samples:  73%|███████▎  | 1100/1516 [01:21<00:11, 37.16step/s]
[Origin 9/13] 🎲 Drawing Posterior Samples:  73%|███████▎  | 1104/1516 [01:22<00:28, 14.54step/s]
[Origin 9/13] 🎲 Drawing Posterior Samples:  73%|███████▎  | 1107/1516 [01:23<00:43,  9.31step/s]
[Origin 9/13] 🎲 Drawing Posterior Samples:  73%|███████▎  | 1110/1516 [01:23<00:54,  7.46step/s]
[Origin 9/13] 🎲 Drawing Posterior Samples:  73%|███████▎  | 1112/1516 [01:24<01:03,  6.39step/s]
[Origin 9/13] 🎲 Drawing Posterior Samples:  73%|███████▎  | 1114/1516 [01:24<01:08,  5.83step/s]
[Origin 9/13] 🎲 Drawing Posterior Samples:  74%|███████▎  | 1115/1516 [01:24<01:09,  5.74step/s]
[Origin 9/13] 🎲 Drawing Posterior Samples:  74%|███████▎  | 1116/1516 [01:25<01:10,  5.67step/s]
[Origin 9/13] 🎲 Drawing Posterior Samples:  74%|███████▎  | 1117/1516 [01:25<01:13,  5.42step/s]
[Origin 9/13] 🎲 Drawing Posterior Samples:  74%|███████▎  | 1118/1516 [01:25<01:15,  5.25step/s]
[Origin 9/13] 🎲 Drawing Posterior Samples:  74%|███████▍  | 1119/1516 [01:25<01:20,  4.93step/s]
[Origin 9/13] 🎲 Drawing Posterior Samples:  74%|███████▍  | 1120/1516 [01:25<01:22,  4.79step/s]
[Origin 9/13] 🎲 Drawing Posterior Samples:  74%|███████▍  | 1121/1516 [01:26<01:24,  4.69step/s]
[Origin 9/13] 🎲 Drawing Posterior Samples:  74%|███████▍  | 1122/1516 [01:26<01:29,  4.42step/s]
[Origin 9/13] 🎲 Drawing Posterior Samples:  74%|███████▍  | 1123/1516 [01:26<01:28,  4.44step/s]
[Origin 9/13] 🎲 Drawing Posterior Samples:  74%|███████▍  | 1124/1516 [01:26<01:29,  4.39step/s]
[Origin 9/13] 🎲 Drawing Posterior Samples:  74%|███████▍  | 1125/1516 [01:27<01:31,  4.26step/s]
[Origin 9/13] 🎲 Drawing Posterior Samples:  74%|███████▍  | 1126/1516 [01:27<01:33,  4.18step/s]
[Origin 9/13] 🎲 Drawing Posterior Samples:  74%|███████▍  | 1127/1516 [01:27<01:32,  4.23step/s]
[Origin 9/13] 🎲 Drawing Posterior Samples:  74%|███████▍  | 1128/1516 [01:28<01:51,  3.49step/s]
[Origin 9/13] 🎲 Drawing Posterior Samples:  74%|███████▍  | 1129/1516 [01:28<01:42,  3.77step/s]
[Origin 9/13] 🎲 Drawing Posterior Samples:  75%|███████▍  | 1130/1516 [01:28<01:42,  3.77step/s]
[Origin 9/13] 🎲 Drawing Posterior Samples:  75%|███████▍  | 1131/1516 [01:28<01:35,  4.05step/s]
[Origin 9/13] 🎲 Drawing Posterior Samples:  75%|███████▍  | 1132/1516 [01:28<01:32,  4.14step/s]
[Origin 9/13] 🎲 Drawing Posterior Samples:  75%|███████▍  | 1133/1516 [01:29<01:28,  4.34step/s]
[Origin 9/13] 🎲 Drawing Posterior Samples:  75%|███████▍  | 1134/1516 [01:29<01:29,  4.27step/s]
[Origin 9/13] 🎲 Drawing Posterior Samples:  75%|███████▍  | 1135/1516 [01:29<01:27,  4.36step/s]
[Origin 9/13] 🎲 Drawing Posterior Samples:  75%|███████▍  | 1136/1516 [01:29<01:27,  4.35step/s]
[Origin 9/13] 🎲 Drawing Posterior Samples:  75%|███████▌  | 1137/1516 [01:30<01:24,  4.47step/s]
[Origin 9/13] 🎲 Drawing Posterior Samples:  75%|███████▌  | 1138/1516 [01:58<53:45,  8.53s/step]
[Origin 9/13] 🎲 Drawing Posterior Samples:  75%|███████▌  | 1143/1516 [01:58<16:58,  2.73s/step]
[Origin 9/13] 🎲 Drawing Posterior Samples:  76%|███████▌  | 1147/1516 [01:58<09:31,  1.55s/step]
[Origin 9/13] 🎲 Drawing Posterior Samples:  76%|███████▌  | 1151/1516 [01:58<05:51,  1.04step/s]
[Origin 9/13] 🎲 Drawing Posterior Samples:  76%|███████▌  | 1155/1516 [01:58<03:47,  1.59step/s]
[Origin 9/13] 🎲 Drawing Posterior Samples:  76%|███████▋  | 1159/1516 [01:58<02:33,  2.33step/s]
[Origin 9/13] 🎲 Drawing Posterior Samples:  77%|███████▋  | 1164/1516 [01:58<01:37,  3.61step/s]
[Origin 9/13] 🎲 Drawing Posterior Samples:  77%|███████▋  | 1169/1516 [01:58<01:05,  5.28step/s]
[Origin 9/13] 🎲 Drawing Posterior Samples:  77%|███████▋  | 1173/1516 [01:58<00:49,  6.91step/s]
[Origin 9/13] 🎲 Drawing Posterior Samples:  78%|███████▊  | 1177/1516 [01:59<00:38,  8.88step/s]
[Origin 9/13] 🎲 Drawing Posterior Samples:  78%|███████▊  | 1182/1516 [01:59<00:27, 12.14step/s]
[Origin 9/13] 🎲 Drawing Posterior Samples:  78%|███████▊  | 1186/1516 [01:59<00:23, 14.34step/s]
[Origin 9/13] 🎲 Drawing Posterior Samples:  78%|███████▊  | 1190/1516 [01:59<00:19, 17.07step/s]
[Origin 9/13] 🎲 Drawing Posterior Samples:  79%|███████▉  | 1195/1516 [01:59<00:15, 21.20step/s]
[Origin 9/13] 🎲 Drawing Posterior Samples:  79%|███████▉  | 1199/1516 [01:59<00:13, 23.30step/s]
[Origin 9/13] 🎲 Drawing Posterior Samples:  79%|███████▉  | 1203/1516 [01:59<00:12, 24.99step/s]
[Origin 9/13] 🎲 Drawing Posterior Samples:  80%|███████▉  | 1207/1516 [02:00<00:11, 25.86step/s]
[Origin 9/13] 🎲 Drawing Posterior Samples:  80%|███████▉  | 1211/1516 [02:00<00:10, 27.90step/s]
[Origin 9/13] 🎲 Drawing Posterior Samples:  80%|████████  | 1215/1516 [02:00<00:10, 29.62step/s]
[Origin 9/13] 🎲 Drawing Posterior Samples:  80%|████████  | 1219/1516 [02:00<00:09, 31.66step/s]
[Origin 9/13] 🎲 Drawing Posterior Samples:  81%|████████  | 1224/1516 [02:00<00:08, 34.63step/s]
[Origin 9/13] 🎲 Drawing Posterior Samples:  81%|████████  | 1228/1516 [02:00<00:08, 35.86step/s]
[Origin 9/13] 🎲 Drawing Posterior Samples:  81%|████████▏ | 1232/1516 [02:00<00:07, 35.70step/s]
[Origin 9/13] 🎲 Drawing Posterior Samples:  82%|████████▏ | 1236/1516 [02:00<00:08, 33.80step/s]
[Origin 9/13] 🎲 Drawing Posterior Samples:  82%|████████▏ | 1240/1516 [02:00<00:08, 32.75step/s]
[Origin 9/13] 🎲 Drawing Posterior Samples:  82%|████████▏ | 1244/1516 [02:01<00:09, 29.76step/s]
[Origin 9/13] 🎲 Drawing Posterior Samples:  82%|████████▏ | 1248/1516 [02:01<00:08, 31.52step/s]
[Origin 9/13] 🎲 Drawing Posterior Samples:  83%|████████▎ | 1253/1516 [02:01<00:07, 35.37step/s]
[Origin 9/13] 🎲 Drawing Posterior Samples:  83%|████████▎ | 1257/1516 [02:01<00:07, 34.36step/s]
[Origin 9/13] 🎲 Drawing Posterior Samples:  83%|████████▎ | 1261/1516 [02:01<00:07, 34.48step/s]
[Origin 9/13] 🎲 Drawing Posterior Samples:  83%|████████▎ | 1265/1516 [02:01<00:07, 34.76step/s]
[Origin 9/13] 🎲 Drawing Posterior Samples:  84%|████████▎ | 1269/1516 [02:01<00:07, 32.08step/s]
[Origin 9/13] 🎲 Drawing Posterior Samples:  84%|████████▍ | 1273/1516 [02:01<00:07, 33.83step/s]
[Origin 9/13] 🎲 Drawing Posterior Samples:  84%|████████▍ | 1277/1516 [02:02<00:06, 35.01step/s]
[Origin 9/13] 🎲 Drawing Posterior Samples:  84%|████████▍ | 1281/1516 [02:02<00:06, 35.69step/s]
[Origin 9/13] 🎲 Drawing Posterior Samples:  85%|████████▍ | 1285/1516 [02:02<00:07, 32.99step/s]
[Origin 9/13] 🎲 Drawing Posterior Samples:  85%|████████▌ | 1290/1516 [02:02<00:06, 35.21step/s]
[Origin 9/13] 🎲 Drawing Posterior Samples:  85%|████████▌ | 1294/1516 [02:02<00:07, 30.90step/s]
[Origin 9/13] 🎲 Drawing Posterior Samples:  86%|████████▌ | 1298/1516 [02:02<00:06, 31.18step/s]
[Origin 9/13] 🎲 Drawing Posterior Samples:  86%|████████▌ | 1302/1516 [02:02<00:06, 31.38step/s]
[Origin 9/13] 🎲 Drawing Posterior Samples:  86%|████████▌ | 1306/1516 [02:02<00:06, 32.36step/s]
[Origin 9/13] 🎲 Drawing Posterior Samples:  86%|████████▋ | 1310/1516 [02:03<00:06, 29.61step/s]
[Origin 9/13] 🎲 Drawing Posterior Samples:  87%|████████▋ | 1315/1516 [02:03<00:06, 33.36step/s]
[Origin 9/13] 🎲 Drawing Posterior Samples:  87%|████████▋ | 1319/1516 [02:03<00:06, 31.98step/s]
[Origin 9/13] 🎲 Drawing Posterior Samples:  87%|████████▋ | 1324/1516 [02:03<00:05, 34.74step/s]
[Origin 9/13] 🎲 Drawing Posterior Samples:  88%|████████▊ | 1328/1516 [02:03<00:05, 34.32step/s]
[Origin 9/13] 🎲 Drawing Posterior Samples:  88%|████████▊ | 1332/1516 [02:03<00:05, 35.75step/s]
[Origin 9/13] 🎲 Drawing Posterior Samples:  88%|████████▊ | 1336/1516 [02:03<00:04, 36.75step/s]
[Origin 9/13] 🎲 Drawing Posterior Samples:  88%|████████▊ | 1340/1516 [02:03<00:05, 34.51step/s]
[Origin 9/13] 🎲 Drawing Posterior Samples:  89%|████████▊ | 1344/1516 [02:04<00:05, 30.26step/s]
[Origin 9/13] 🎲 Drawing Posterior Samples:  89%|████████▉ | 1348/1516 [02:04<00:06, 27.56step/s]
[Origin 9/13] 🎲 Drawing Posterior Samples:  89%|████████▉ | 1352/1516 [02:04<00:05, 29.88step/s]
[Origin 9/13] 🎲 Drawing Posterior Samples:  89%|████████▉ | 1356/1516 [02:04<00:05, 29.40step/s]
[Origin 9/13] 🎲 Drawing Posterior Samples:  90%|████████▉ | 1361/1516 [02:04<00:04, 33.00step/s]
[Origin 9/13] 🎲 Drawing Posterior Samples:  90%|█████████ | 1365/1516 [02:04<00:04, 34.12step/s]
[Origin 9/13] 🎲 Drawing Posterior Samples:  90%|█████████ | 1370/1516 [02:04<00:03, 36.74step/s]
[Origin 9/13] 🎲 Drawing Posterior Samples:  91%|█████████ | 1374/1516 [02:05<00:04, 33.45step/s]
[Origin 9/13] 🎲 Drawing Posterior Samples:  91%|█████████ | 1378/1516 [02:05<00:03, 34.90step/s]
[Origin 9/13] 🎲 Drawing Posterior Samples:  91%|█████████ | 1382/1516 [02:05<00:03, 35.49step/s]
[Origin 9/13] 🎲 Drawing Posterior Samples:  91%|█████████▏| 1387/1516 [02:05<00:03, 38.37step/s]
[Origin 9/13] 🎲 Drawing Posterior Samples:  92%|█████████▏| 1391/1516 [02:05<00:03, 38.47step/s]
[Origin 9/13] 🎲 Drawing Posterior Samples:  92%|█████████▏| 1395/1516 [02:05<00:03, 37.33step/s]
[Origin 9/13] 🎲 Drawing Posterior Samples:  92%|█████████▏| 1399/1516 [02:05<00:03, 35.50step/s]
[Origin 9/13] 🎲 Drawing Posterior Samples:  93%|█████████▎| 1405/1516 [02:05<00:02, 38.36step/s]
[Origin 9/13] 🎲 Drawing Posterior Samples:  93%|█████████▎| 1409/1516 [02:05<00:02, 36.63step/s]
[Origin 9/13] 🎲 Drawing Posterior Samples:  93%|█████████▎| 1413/1516 [02:06<00:03, 29.50step/s]
[Origin 9/13] 🎲 Drawing Posterior Samples:  93%|█████████▎| 1417/1516 [02:06<00:03, 28.79step/s]
[Origin 9/13] 🎲 Drawing Posterior Samples:  94%|█████████▎| 1421/1516 [02:06<00:03, 28.92step/s]
[Origin 9/13] 🎲 Drawing Posterior Samples:  94%|█████████▍| 1424/1516 [02:06<00:03, 25.75step/s]
[Origin 9/13] 🎲 Drawing Posterior Samples:  94%|█████████▍| 1427/1516 [02:06<00:03, 26.07step/s]
[Origin 9/13] 🎲 Drawing Posterior Samples:  94%|█████████▍| 1432/1516 [02:06<00:02, 30.83step/s]
[Origin 9/13] 🎲 Drawing Posterior Samples:  95%|█████████▍| 1436/1516 [02:06<00:02, 32.08step/s]
[Origin 9/13] 🎲 Drawing Posterior Samples:  95%|█████████▍| 1440/1516 [02:07<00:02, 33.28step/s]
[Origin 9/13] 🎲 Drawing Posterior Samples:  95%|█████████▌| 1444/1516 [02:07<00:02, 33.33step/s]
[Origin 9/13] 🎲 Drawing Posterior Samples:  96%|█████████▌| 1448/1516 [02:07<00:01, 34.93step/s]
[Origin 9/13] 🎲 Drawing Posterior Samples:  96%|█████████▌| 1452/1516 [02:07<00:01, 35.59step/s]
[Origin 9/13] 🎲 Drawing Posterior Samples:  96%|█████████▌| 1457/1516 [02:07<00:01, 38.01step/s]
[Origin 9/13] 🎲 Drawing Posterior Samples:  96%|█████████▋| 1461/1516 [02:07<00:01, 34.55step/s]
[Origin 9/13] 🎲 Drawing Posterior Samples:  97%|█████████▋| 1466/1516 [02:07<00:01, 36.64step/s]
[Origin 9/13] 🎲 Drawing Posterior Samples:  97%|█████████▋| 1472/1516 [02:07<00:01, 41.24step/s]
[Origin 9/13] 🎲 Drawing Posterior Samples:  97%|█████████▋| 1477/1516 [02:08<00:00, 39.24step/s]
[Origin 9/13] 🎲 Drawing Posterior Samples:  98%|█████████▊| 1481/1516 [02:08<00:01, 26.68step/s]
[Origin 9/13] 🎲 Drawing Posterior Samples:  98%|█████████▊| 1485/1516 [02:09<00:03, 10.32step/s]
[Origin 9/13] 🎲 Drawing Posterior Samples:  98%|█████████▊| 1488/1516 [02:10<00:03,  7.77step/s]
[Origin 9/13] 🎲 Drawing Posterior Samples:  98%|█████████▊| 1490/1516 [02:10<00:03,  6.81step/s]
[Origin 9/13] 🎲 Drawing Posterior Samples:  98%|█████████▊| 1492/1516 [02:10<00:03,  6.28step/s]
[Origin 9/13] 🎲 Drawing Posterior Samples:  99%|█████████▊| 1494/1516 [02:11<00:03,  5.83step/s]
[Origin 9/13] 🎲 Drawing Posterior Samples:  99%|█████████▊| 1495/1516 [02:11<00:03,  5.35step/s]
[Origin 9/13] 🎲 Drawing Posterior Samples:  99%|█████████▊| 1496/1516 [02:11<00:03,  5.19step/s]
[Origin 9/13] 🎲 Drawing Posterior Samples:  99%|█████████▊| 1497/1516 [02:12<00:03,  5.00step/s]
[Origin 9/13] 🎲 Drawing Posterior Samples:  99%|█████████▉| 1498/1516 [02:12<00:03,  4.89step/s]
[Origin 9/13] 🎲 Drawing Posterior Samples:  99%|█████████▉| 1499/1516 [02:12<00:03,  4.74step/s]
[Origin 9/13] 🎲 Drawing Posterior Samples:  99%|█████████▉| 1500/1516 [02:12<00:03,  4.69step/s]
[Origin 9/13] 🎲 Drawing Posterior Samples:  99%|█████████▉| 1501/1516 [02:12<00:03,  4.65step/s]
[Origin 9/13] 🎲 Drawing Posterior Samples:  99%|█████████▉| 1502/1516 [02:13<00:02,  4.71step/s]
[Origin 9/13] 🎲 Drawing Posterior Samples:  99%|█████████▉| 1503/1516 [02:13<00:02,  4.61step/s]
[Origin 9/13] 🎲 Drawing Posterior Samples:  99%|█████████▉| 1504/1516 [02:13<00:02,  4.52step/s]
[Origin 9/13] 🎲 Drawing Posterior Samples:  99%|█████████▉| 1505/1516 [02:14<00:02,  3.83step/s]
[Origin 9/13] 🎲 Drawing Posterior Samples:  99%|█████████▉| 1506/1516 [02:14<00:03,  3.27step/s]
[Origin 9/13] 🎲 Drawing Posterior Samples:  99%|█████████▉| 1507/1516 [02:14<00:02,  3.36step/s]
[Origin 9/13] 🎲 Drawing Posterior Samples:  99%|█████████▉| 1508/1516 [02:14<00:02,  3.53step/s]
[Origin 9/13] 🎲 Drawing Posterior Samples: 100%|█████████▉| 1509/1516 [02:15<00:01,  3.50step/s]
[Origin 9/13] 🎲 Drawing Posterior Samples: 100%|█████████▉| 1510/1516 [02:15<00:01,  3.63step/s]
[Origin 9/13] 🎲 Drawing Posterior Samples: 100%|█████████▉| 1511/1516 [02:15<00:01,  3.54step/s]
[Origin 9/13] 🎲 Drawing Posterior Samples: 100%|█████████▉| 1512/1516 [02:16<00:01,  3.39step/s]
[Origin 9/13] 🎲 Drawing Posterior Samples: 100%|█████████▉| 1513/1516 [02:16<00:00,  3.57step/s]
[Origin 9/13] 🎲 Drawing Posterior Samples: 100%|█████████▉| 1514/1516 [02:16<00:00,  3.52step/s]
[Origin 9/13] 🎲 Drawing Posterior Samples: 100%|█████████▉| 1515/1516 [02:16<00:00,  3.78step/s]
[Origin 9/13] 🎲 Drawing Posterior Samples: 100%|██████████| 1516/1516 [02:17<00:00,  3.72step/s]
                                                                                                 

[Origin 10/13] 🎲 Drawing Posterior Samples:   0%|          | 0/1520 [00:00<?, ?step/s]
[Origin 10/13] 🎲 Drawing Posterior Samples:   0%|          | 4/1520 [00:00<00:43, 34.54step/s]
[Origin 10/13] 🎲 Drawing Posterior Samples:   1%|          | 12/1520 [00:00<00:27, 55.82step/s]
[Origin 10/13] 🎲 Drawing Posterior Samples:   1%|          | 18/1520 [00:00<00:31, 47.24step/s]
[Origin 10/13] 🎲 Drawing Posterior Samples:   2%|▏         | 23/1520 [00:00<00:35, 42.05step/s]
[Origin 10/13] 🎲 Drawing Posterior Samples:   2%|▏         | 28/1520 [00:00<00:37, 40.08step/s]
[Origin 10/13] 🎲 Drawing Posterior Samples:   2%|▏         | 33/1520 [00:00<00:47, 31.28step/s]
[Origin 10/13] 🎲 Drawing Posterior Samples:   2%|▏         | 37/1520 [00:01<00:50, 29.23step/s]
[Origin 10/13] 🎲 Drawing Posterior Samples:   3%|▎         | 41/1520 [00:01<00:50, 29.07step/s]
[Origin 10/13] 🎲 Drawing Posterior Samples:   3%|▎         | 45/1520 [00:01<00:49, 30.03step/s]
[Origin 10/13] 🎲 Drawing Posterior Samples:   3%|▎         | 49/1520 [00:01<00:49, 29.73step/s]
[Origin 10/13] 🎲 Drawing Posterior Samples:   3%|▎         | 53/1520 [00:01<00:48, 30.31step/s]
[Origin 10/13] 🎲 Drawing Posterior Samples:   4%|▍         | 57/1520 [00:01<00:51, 28.38step/s]
[Origin 10/13] 🎲 Drawing Posterior Samples:   4%|▍         | 60/1520 [00:01<00:53, 27.37step/s]
[Origin 10/13] 🎲 Drawing Posterior Samples:   4%|▍         | 64/1520 [00:02<00:52, 27.94step/s]
[Origin 10/13] 🎲 Drawing Posterior Samples:   4%|▍         | 67/1520 [00:02<00:51, 28.24step/s]
[Origin 10/13] 🎲 Drawing Posterior Samples:   5%|▍         | 70/1520 [00:02<00:51, 28.08step/s]
[Origin 10/13] 🎲 Drawing Posterior Samples:   5%|▍         | 73/1520 [00:02<00:52, 27.32step/s]
[Origin 10/13] 🎲 Drawing Posterior Samples:   5%|▌         | 76/1520 [00:02<00:52, 27.43step/s]
[Origin 10/13] 🎲 Drawing Posterior Samples:   5%|▌         | 79/1520 [00:02<00:52, 27.68step/s]
[Origin 10/13] 🎲 Drawing Posterior Samples:   5%|▌         | 82/1520 [00:02<00:57, 24.99step/s]
[Origin 10/13] 🎲 Drawing Posterior Samples:   6%|▌         | 85/1520 [00:02<00:57, 24.85step/s]
[Origin 10/13] 🎲 Drawing Posterior Samples:   6%|▌         | 89/1520 [00:02<00:55, 25.85step/s]
[Origin 10/13] 🎲 Drawing Posterior Samples:   6%|▌         | 92/1520 [00:03<00:54, 26.37step/s]
[Origin 10/13] 🎲 Drawing Posterior Samples:   6%|▋         | 95/1520 [00:03<00:54, 26.34step/s]
[Origin 10/13] 🎲 Drawing Posterior Samples:   6%|▋         | 98/1520 [00:03<00:52, 27.00step/s]
[Origin 10/13] 🎲 Drawing Posterior Samples:   7%|▋         | 101/1520 [00:03<00:53, 26.57step/s]
[Origin 10/13] 🎲 Drawing Posterior Samples:   7%|▋         | 104/1520 [00:03<00:55, 25.29step/s]
[Origin 10/13] 🎲 Drawing Posterior Samples:   7%|▋         | 107/1520 [00:03<00:54, 26.11step/s]
[Origin 10/13] 🎲 Drawing Posterior Samples:   7%|▋         | 110/1520 [00:03<00:53, 26.39step/s]
[Origin 10/13] 🎲 Drawing Posterior Samples:   8%|▊         | 114/1520 [00:03<00:48, 29.00step/s]
[Origin 10/13] 🎲 Drawing Posterior Samples:   8%|▊         | 118/1520 [00:03<00:46, 30.46step/s]
[Origin 10/13] 🎲 Drawing Posterior Samples:   8%|▊         | 122/1520 [00:04<00:50, 27.64step/s]
[Origin 10/13] 🎲 Drawing Posterior Samples:   8%|▊         | 126/1520 [00:04<00:45, 30.34step/s]
[Origin 10/13] 🎲 Drawing Posterior Samples:   9%|▊         | 130/1520 [00:04<00:45, 30.32step/s]
[Origin 10/13] 🎲 Drawing Posterior Samples:   9%|▉         | 134/1520 [00:04<00:49, 28.14step/s]
[Origin 10/13] 🎲 Drawing Posterior Samples:   9%|▉         | 137/1520 [00:04<00:54, 25.34step/s]
[Origin 10/13] 🎲 Drawing Posterior Samples:   9%|▉         | 140/1520 [00:04<00:55, 25.02step/s]
[Origin 10/13] 🎲 Drawing Posterior Samples:   9%|▉         | 143/1520 [00:04<00:54, 25.33step/s]
[Origin 10/13] 🎲 Drawing Posterior Samples:  10%|▉         | 146/1520 [00:05<00:54, 25.18step/s]
[Origin 10/13] 🎲 Drawing Posterior Samples:  10%|▉         | 149/1520 [00:05<00:52, 26.33step/s]
[Origin 10/13] 🎲 Drawing Posterior Samples:  10%|█         | 153/1520 [00:05<00:49, 27.76step/s]
[Origin 10/13] 🎲 Drawing Posterior Samples:  10%|█         | 156/1520 [00:05<00:50, 27.20step/s]
[Origin 10/13] 🎲 Drawing Posterior Samples:  10%|█         | 159/1520 [00:05<00:49, 27.34step/s]
[Origin 10/13] 🎲 Drawing Posterior Samples:  11%|█         | 162/1520 [00:05<00:50, 26.68step/s]
[Origin 10/13] 🎲 Drawing Posterior Samples:  11%|█         | 165/1520 [00:05<00:49, 27.26step/s]
[Origin 10/13] 🎲 Drawing Posterior Samples:  11%|█         | 168/1520 [00:05<00:49, 27.19step/s]
[Origin 10/13] 🎲 Drawing Posterior Samples:  11%|█▏        | 171/1520 [00:05<00:49, 27.07step/s]
[Origin 10/13] 🎲 Drawing Posterior Samples:  11%|█▏        | 174/1520 [00:06<00:50, 26.91step/s]
[Origin 10/13] 🎲 Drawing Posterior Samples:  12%|█▏        | 177/1520 [00:06<00:49, 26.96step/s]
[Origin 10/13] 🎲 Drawing Posterior Samples:  12%|█▏        | 180/1520 [00:06<00:49, 26.94step/s]
[Origin 10/13] 🎲 Drawing Posterior Samples:  12%|█▏        | 185/1520 [00:06<00:44, 30.09step/s]
[Origin 10/13] 🎲 Drawing Posterior Samples:  12%|█▏        | 188/1520 [00:06<00:46, 28.71step/s]
[Origin 10/13] 🎲 Drawing Posterior Samples:  13%|█▎        | 191/1520 [00:06<00:51, 26.02step/s]
[Origin 10/13] 🎲 Drawing Posterior Samples:  13%|█▎        | 194/1520 [00:06<00:52, 25.03step/s]
[Origin 10/13] 🎲 Drawing Posterior Samples:  13%|█▎        | 197/1520 [00:06<00:51, 25.57step/s]
[Origin 10/13] 🎲 Drawing Posterior Samples:  13%|█▎        | 201/1520 [00:07<00:49, 26.75step/s]
[Origin 10/13] 🎲 Drawing Posterior Samples:  13%|█▎        | 204/1520 [00:07<00:48, 27.32step/s]
[Origin 10/13] 🎲 Drawing Posterior Samples:  14%|█▎        | 207/1520 [00:07<00:48, 27.24step/s]
[Origin 10/13] 🎲 Drawing Posterior Samples:  14%|█▍        | 212/1520 [00:07<00:43, 30.17step/s]
[Origin 10/13] 🎲 Drawing Posterior Samples:  14%|█▍        | 215/1520 [00:07<00:44, 29.46step/s]
[Origin 10/13] 🎲 Drawing Posterior Samples:  14%|█▍        | 218/1520 [00:07<00:46, 28.23step/s]
[Origin 10/13] 🎲 Drawing Posterior Samples:  15%|█▍        | 221/1520 [00:07<00:46, 27.90step/s]
[Origin 10/13] 🎲 Drawing Posterior Samples:  15%|█▍        | 224/1520 [00:07<00:46, 27.68step/s]
[Origin 10/13] 🎲 Drawing Posterior Samples:  15%|█▍        | 227/1520 [00:08<00:46, 27.65step/s]
[Origin 10/13] 🎲 Drawing Posterior Samples:  15%|█▌        | 230/1520 [00:08<00:46, 27.69step/s]
[Origin 10/13] 🎲 Drawing Posterior Samples:  15%|█▌        | 233/1520 [00:08<00:46, 27.95step/s]
[Origin 10/13] 🎲 Drawing Posterior Samples:  16%|█▌        | 236/1520 [00:08<00:48, 26.21step/s]
[Origin 10/13] 🎲 Drawing Posterior Samples:  16%|█▌        | 240/1520 [00:08<00:48, 26.45step/s]
[Origin 10/13] 🎲 Drawing Posterior Samples:  16%|█▌        | 244/1520 [00:08<00:45, 27.81step/s]
[Origin 10/13] 🎲 Drawing Posterior Samples:  16%|█▋        | 247/1520 [00:08<00:45, 28.11step/s]
[Origin 10/13] 🎲 Drawing Posterior Samples:  16%|█▋        | 250/1520 [00:08<00:48, 26.36step/s]
[Origin 10/13] 🎲 Drawing Posterior Samples:  17%|█▋        | 253/1520 [00:08<00:47, 26.70step/s]
[Origin 10/13] 🎲 Drawing Posterior Samples:  17%|█▋        | 256/1520 [00:09<00:47, 26.74step/s]
[Origin 10/13] 🎲 Drawing Posterior Samples:  17%|█▋        | 259/1520 [00:09<00:46, 27.17step/s]
[Origin 10/13] 🎲 Drawing Posterior Samples:  17%|█▋        | 262/1520 [00:09<00:45, 27.39step/s]
[Origin 10/13] 🎲 Drawing Posterior Samples:  18%|█▊        | 266/1520 [00:09<00:42, 29.60step/s]
[Origin 10/13] 🎲 Drawing Posterior Samples:  18%|█▊        | 269/1520 [00:09<00:43, 28.89step/s]
[Origin 10/13] 🎲 Drawing Posterior Samples:  18%|█▊        | 272/1520 [00:09<00:50, 24.58step/s]
[Origin 10/13] 🎲 Drawing Posterior Samples:  18%|█▊        | 275/1520 [00:09<00:51, 24.13step/s]
[Origin 10/13] 🎲 Drawing Posterior Samples:  18%|█▊        | 278/1520 [00:09<00:48, 25.51step/s]
[Origin 10/13] 🎲 Drawing Posterior Samples:  18%|█▊        | 281/1520 [00:10<00:47, 26.25step/s]
[Origin 10/13] 🎲 Drawing Posterior Samples:  19%|█▊        | 284/1520 [00:10<00:50, 24.53step/s]
[Origin 10/13] 🎲 Drawing Posterior Samples:  19%|█▉        | 287/1520 [00:10<00:49, 24.95step/s]
[Origin 10/13] 🎲 Drawing Posterior Samples:  19%|█▉        | 291/1520 [00:10<00:44, 27.54step/s]
[Origin 10/13] 🎲 Drawing Posterior Samples:  19%|█▉        | 295/1520 [00:10<00:43, 28.42step/s]
[Origin 10/13] 🎲 Drawing Posterior Samples:  20%|█▉        | 298/1520 [00:10<00:45, 26.90step/s]
[Origin 10/13] 🎲 Drawing Posterior Samples:  20%|█▉        | 301/1520 [00:10<00:48, 25.23step/s]
[Origin 10/13] 🎲 Drawing Posterior Samples:  20%|██        | 304/1520 [00:10<00:47, 25.81step/s]
[Origin 10/13] 🎲 Drawing Posterior Samples:  20%|██        | 307/1520 [00:11<00:46, 26.04step/s]
[Origin 10/13] 🎲 Drawing Posterior Samples:  20%|██        | 311/1520 [00:11<00:44, 27.35step/s]
[Origin 10/13] 🎲 Drawing Posterior Samples:  21%|██        | 314/1520 [00:11<00:44, 26.92step/s]
[Origin 10/13] 🎲 Drawing Posterior Samples:  21%|██        | 317/1520 [00:11<00:47, 25.16step/s]
[Origin 10/13] 🎲 Drawing Posterior Samples:  21%|██        | 320/1520 [00:11<00:48, 24.86step/s]
[Origin 10/13] 🎲 Drawing Posterior Samples:  21%|██▏       | 323/1520 [00:11<00:49, 24.43step/s]
[Origin 10/13] 🎲 Drawing Posterior Samples:  21%|██▏       | 326/1520 [00:11<00:47, 25.33step/s]
[Origin 10/13] 🎲 Drawing Posterior Samples:  22%|██▏       | 329/1520 [00:11<00:48, 24.49step/s]
[Origin 10/13] 🎲 Drawing Posterior Samples:  22%|██▏       | 332/1520 [00:12<00:47, 24.90step/s]
[Origin 10/13] 🎲 Drawing Posterior Samples:  22%|██▏       | 337/1520 [00:12<00:41, 28.62step/s]
[Origin 10/13] 🎲 Drawing Posterior Samples:  22%|██▏       | 340/1520 [00:12<00:41, 28.41step/s]
[Origin 10/13] 🎲 Drawing Posterior Samples:  23%|██▎       | 343/1520 [00:12<00:47, 24.89step/s]
[Origin 10/13] 🎲 Drawing Posterior Samples:  23%|██▎       | 346/1520 [00:12<01:31, 12.84step/s]
[Origin 10/13] 🎲 Drawing Posterior Samples:  23%|██▎       | 348/1520 [00:13<02:01,  9.61step/s]
[Origin 10/13] 🎲 Drawing Posterior Samples:  23%|██▎       | 350/1520 [00:13<02:30,  7.78step/s]
[Origin 10/13] 🎲 Drawing Posterior Samples:  23%|██▎       | 352/1520 [00:14<03:03,  6.37step/s]
[Origin 10/13] 🎲 Drawing Posterior Samples:  23%|██▎       | 353/1520 [00:14<03:40,  5.28step/s]
[Origin 10/13] 🎲 Drawing Posterior Samples:  23%|██▎       | 354/1520 [00:14<03:50,  5.06step/s]
[Origin 10/13] 🎲 Drawing Posterior Samples:  23%|██▎       | 355/1520 [00:15<04:18,  4.51step/s]
[Origin 10/13] 🎲 Drawing Posterior Samples:  23%|██▎       | 356/1520 [00:15<04:15,  4.56step/s]
[Origin 10/13] 🎲 Drawing Posterior Samples:  23%|██▎       | 357/1520 [00:15<04:05,  4.74step/s]
[Origin 10/13] 🎲 Drawing Posterior Samples:  24%|██▎       | 358/1520 [00:15<04:05,  4.73step/s]
[Origin 10/13] 🎲 Drawing Posterior Samples:  24%|██▎       | 359/1520 [00:16<04:17,  4.50step/s]
[Origin 10/13] 🎲 Drawing Posterior Samples:  24%|██▎       | 360/1520 [00:16<04:20,  4.45step/s]
[Origin 10/13] 🎲 Drawing Posterior Samples:  24%|██▍       | 361/1520 [00:16<04:27,  4.33step/s]
[Origin 10/13] 🎲 Drawing Posterior Samples:  24%|██▍       | 362/1520 [00:16<04:30,  4.29step/s]
[Origin 10/13] 🎲 Drawing Posterior Samples:  24%|██▍       | 363/1520 [00:16<04:18,  4.48step/s]
[Origin 10/13] 🎲 Drawing Posterior Samples:  24%|██▍       | 364/1520 [00:17<04:22,  4.41step/s]
[Origin 10/13] 🎲 Drawing Posterior Samples:  24%|██▍       | 365/1520 [00:17<04:17,  4.48step/s]
[Origin 10/13] 🎲 Drawing Posterior Samples:  24%|██▍       | 366/1520 [00:17<04:15,  4.52step/s]
[Origin 10/13] 🎲 Drawing Posterior Samples:  24%|██▍       | 367/1520 [00:17<04:14,  4.53step/s]
[Origin 10/13] 🎲 Drawing Posterior Samples:  24%|██▍       | 368/1520 [00:18<04:10,  4.61step/s]
[Origin 10/13] 🎲 Drawing Posterior Samples:  24%|██▍       | 369/1520 [00:18<04:47,  4.00step/s]
[Origin 10/13] 🎲 Drawing Posterior Samples:  24%|██▍       | 370/1520 [00:18<04:56,  3.88step/s]
[Origin 10/13] 🎲 Drawing Posterior Samples:  24%|██▍       | 371/1520 [00:18<04:51,  3.95step/s]
[Origin 10/13] 🎲 Drawing Posterior Samples:  24%|██▍       | 372/1520 [00:19<04:46,  4.01step/s]
[Origin 10/13] 🎲 Drawing Posterior Samples:  25%|██▍       | 373/1520 [00:19<04:38,  4.12step/s]
[Origin 10/13] 🎲 Drawing Posterior Samples:  25%|██▍       | 374/1520 [00:19<04:34,  4.18step/s]
[Origin 10/13] 🎲 Drawing Posterior Samples:  25%|██▍       | 375/1520 [00:19<04:23,  4.34step/s]
[Origin 10/13] 🎲 Drawing Posterior Samples:  25%|██▍       | 376/1520 [00:20<04:20,  4.40step/s]
[Origin 10/13] 🎲 Drawing Posterior Samples:  25%|██▍       | 377/1520 [00:20<04:09,  4.58step/s]
[Origin 10/13] 🎲 Drawing Posterior Samples:  25%|██▍       | 378/1520 [00:20<04:30,  4.23step/s]
[Origin 10/13] 🎲 Drawing Posterior Samples:  25%|██▍       | 379/1520 [00:20<04:42,  4.03step/s]
[Origin 10/13] 🎲 Drawing Posterior Samples:  25%|██▌       | 380/1520 [00:21<05:23,  3.52step/s]
[Origin 10/13] 🎲 Drawing Posterior Samples:  25%|██▌       | 381/1520 [00:45<2:21:20,  7.45s/step]
[Origin 10/13] 🎲 Drawing Posterior Samples:  26%|██▌       | 390/1520 [00:45<29:03,  1.54s/step]  
[Origin 10/13] 🎲 Drawing Posterior Samples:  26%|██▌       | 395/1520 [00:45<17:55,  1.05step/s]
[Origin 10/13] 🎲 Drawing Posterior Samples:  26%|██▋       | 400/1520 [00:45<11:39,  1.60step/s]
[Origin 10/13] 🎲 Drawing Posterior Samples:  27%|██▋       | 405/1520 [00:45<07:50,  2.37step/s]
[Origin 10/13] 🎲 Drawing Posterior Samples:  27%|██▋       | 410/1520 [00:45<05:23,  3.43step/s]
[Origin 10/13] 🎲 Drawing Posterior Samples:  27%|██▋       | 414/1520 [00:46<04:07,  4.47step/s]
[Origin 10/13] 🎲 Drawing Posterior Samples:  28%|██▊       | 418/1520 [00:46<03:09,  5.82step/s]
[Origin 10/13] 🎲 Drawing Posterior Samples:  28%|██▊       | 423/1520 [00:46<02:16,  8.03step/s]
[Origin 10/13] 🎲 Drawing Posterior Samples:  28%|██▊       | 427/1520 [00:46<01:48, 10.04step/s]
[Origin 10/13] 🎲 Drawing Posterior Samples:  28%|██▊       | 431/1520 [00:46<01:27, 12.39step/s]
[Origin 10/13] 🎲 Drawing Posterior Samples:  29%|██▊       | 435/1520 [00:46<01:16, 14.17step/s]
[Origin 10/13] 🎲 Drawing Posterior Samples:  29%|██▉       | 438/1520 [00:46<01:09, 15.66step/s]
[Origin 10/13] 🎲 Drawing Posterior Samples:  29%|██▉       | 442/1520 [00:47<00:58, 18.44step/s]
[Origin 10/13] 🎲 Drawing Posterior Samples:  29%|██▉       | 445/1520 [00:47<00:53, 20.03step/s]
[Origin 10/13] 🎲 Drawing Posterior Samples:  30%|██▉       | 449/1520 [00:47<00:45, 23.54step/s]
[Origin 10/13] 🎲 Drawing Posterior Samples:  30%|██▉       | 453/1520 [00:47<00:42, 25.18step/s]
[Origin 10/13] 🎲 Drawing Posterior Samples:  30%|███       | 457/1520 [00:47<00:42, 25.23step/s]
[Origin 10/13] 🎲 Drawing Posterior Samples:  30%|███       | 461/1520 [00:47<00:40, 25.95step/s]
[Origin 10/13] 🎲 Drawing Posterior Samples:  31%|███       | 464/1520 [00:47<00:39, 26.74step/s]
[Origin 10/13] 🎲 Drawing Posterior Samples:  31%|███       | 467/1520 [00:47<00:38, 27.50step/s]
[Origin 10/13] 🎲 Drawing Posterior Samples:  31%|███       | 471/1520 [00:48<00:36, 28.95step/s]
[Origin 10/13] 🎲 Drawing Posterior Samples:  31%|███▏      | 475/1520 [00:48<00:37, 27.97step/s]
[Origin 10/13] 🎲 Drawing Posterior Samples:  31%|███▏      | 478/1520 [00:48<00:41, 25.06step/s]
[Origin 10/13] 🎲 Drawing Posterior Samples:  32%|███▏      | 482/1520 [00:48<00:37, 27.81step/s]
[Origin 10/13] 🎲 Drawing Posterior Samples:  32%|███▏      | 485/1520 [00:48<00:40, 25.79step/s]
[Origin 10/13] 🎲 Drawing Posterior Samples:  32%|███▏      | 488/1520 [00:48<00:38, 26.75step/s]
[Origin 10/13] 🎲 Drawing Posterior Samples:  32%|███▏      | 491/1520 [00:48<00:42, 24.08step/s]
[Origin 10/13] 🎲 Drawing Posterior Samples:  32%|███▎      | 494/1520 [00:48<00:43, 23.33step/s]
[Origin 10/13] 🎲 Drawing Posterior Samples:  33%|███▎      | 498/1520 [00:49<00:39, 25.57step/s]
[Origin 10/13] 🎲 Drawing Posterior Samples:  33%|███▎      | 502/1520 [00:49<00:35, 28.61step/s]
[Origin 10/13] 🎲 Drawing Posterior Samples:  33%|███▎      | 506/1520 [00:49<00:35, 28.77step/s]
[Origin 10/13] 🎲 Drawing Posterior Samples:  34%|███▎      | 511/1520 [00:49<00:31, 32.49step/s]
[Origin 10/13] 🎲 Drawing Posterior Samples:  34%|███▍      | 515/1520 [00:49<00:31, 32.11step/s]
[Origin 10/13] 🎲 Drawing Posterior Samples:  34%|███▍      | 519/1520 [00:49<00:31, 31.65step/s]
[Origin 10/13] 🎲 Drawing Posterior Samples:  34%|███▍      | 523/1520 [00:49<00:33, 30.18step/s]
[Origin 10/13] 🎲 Drawing Posterior Samples:  35%|███▍      | 528/1520 [00:50<00:29, 33.83step/s]
[Origin 10/13] 🎲 Drawing Posterior Samples:  35%|███▌      | 532/1520 [00:50<00:30, 32.06step/s]
[Origin 10/13] 🎲 Drawing Posterior Samples:  35%|███▌      | 536/1520 [00:50<00:32, 30.55step/s]
[Origin 10/13] 🎲 Drawing Posterior Samples:  36%|███▌      | 540/1520 [00:50<00:32, 29.81step/s]
[Origin 10/13] 🎲 Drawing Posterior Samples:  36%|███▌      | 544/1520 [00:50<00:33, 29.07step/s]
[Origin 10/13] 🎲 Drawing Posterior Samples:  36%|███▌      | 548/1520 [00:50<00:30, 31.62step/s]
[Origin 10/13] 🎲 Drawing Posterior Samples:  36%|███▋      | 552/1520 [00:50<00:34, 27.94step/s]
[Origin 10/13] 🎲 Drawing Posterior Samples:  37%|███▋      | 555/1520 [00:50<00:34, 27.94step/s]
[Origin 10/13] 🎲 Drawing Posterior Samples:  37%|███▋      | 560/1520 [00:51<00:30, 31.84step/s]
[Origin 10/13] 🎲 Drawing Posterior Samples:  37%|███▋      | 564/1520 [00:51<00:28, 33.68step/s]
[Origin 10/13] 🎲 Drawing Posterior Samples:  37%|███▋      | 568/1520 [00:51<00:28, 33.15step/s]
[Origin 10/13] 🎲 Drawing Posterior Samples:  38%|███▊      | 572/1520 [00:51<00:31, 29.74step/s]
[Origin 10/13] 🎲 Drawing Posterior Samples:  38%|███▊      | 576/1520 [00:51<00:32, 29.49step/s]
[Origin 10/13] 🎲 Drawing Posterior Samples:  38%|███▊      | 580/1520 [00:51<00:31, 29.76step/s]
[Origin 10/13] 🎲 Drawing Posterior Samples:  38%|███▊      | 584/1520 [00:51<00:32, 29.02step/s]
[Origin 10/13] 🎲 Drawing Posterior Samples:  39%|███▊      | 588/1520 [00:52<00:31, 30.06step/s]
[Origin 10/13] 🎲 Drawing Posterior Samples:  39%|███▉      | 592/1520 [00:52<00:29, 31.97step/s]
[Origin 10/13] 🎲 Drawing Posterior Samples:  39%|███▉      | 596/1520 [00:52<00:28, 32.29step/s]
[Origin 10/13] 🎲 Drawing Posterior Samples:  39%|███▉      | 600/1520 [00:52<00:28, 32.58step/s]
[Origin 10/13] 🎲 Drawing Posterior Samples:  40%|███▉      | 604/1520 [00:52<00:29, 30.86step/s]
[Origin 10/13] 🎲 Drawing Posterior Samples:  40%|████      | 608/1520 [00:52<00:30, 29.93step/s]
[Origin 10/13] 🎲 Drawing Posterior Samples:  40%|████      | 612/1520 [00:52<00:30, 29.58step/s]
[Origin 10/13] 🎲 Drawing Posterior Samples:  40%|████      | 615/1520 [00:52<00:30, 29.40step/s]
[Origin 10/13] 🎲 Drawing Posterior Samples:  41%|████      | 619/1520 [00:53<00:28, 31.61step/s]
[Origin 10/13] 🎲 Drawing Posterior Samples:  41%|████      | 623/1520 [00:53<00:27, 33.17step/s]
[Origin 10/13] 🎲 Drawing Posterior Samples:  41%|████▏     | 627/1520 [00:53<00:25, 34.85step/s]
[Origin 10/13] 🎲 Drawing Posterior Samples:  42%|████▏     | 631/1520 [00:53<00:26, 32.95step/s]
[Origin 10/13] 🎲 Drawing Posterior Samples:  42%|████▏     | 635/1520 [00:53<00:32, 27.27step/s]
[Origin 10/13] 🎲 Drawing Posterior Samples:  42%|████▏     | 638/1520 [00:53<00:35, 24.97step/s]
[Origin 10/13] 🎲 Drawing Posterior Samples:  42%|████▏     | 641/1520 [00:53<00:39, 22.14step/s]
[Origin 10/13] 🎲 Drawing Posterior Samples:  42%|████▏     | 644/1520 [00:54<00:42, 20.38step/s]
[Origin 10/13] 🎲 Drawing Posterior Samples:  43%|████▎     | 648/1520 [00:54<00:38, 22.44step/s]
[Origin 10/13] 🎲 Drawing Posterior Samples:  43%|████▎     | 651/1520 [00:54<00:42, 20.25step/s]
[Origin 10/13] 🎲 Drawing Posterior Samples:  43%|████▎     | 654/1520 [00:54<00:46, 18.62step/s]
[Origin 10/13] 🎲 Drawing Posterior Samples:  43%|████▎     | 656/1520 [00:54<00:49, 17.60step/s]
[Origin 10/13] 🎲 Drawing Posterior Samples:  43%|████▎     | 658/1520 [00:54<00:49, 17.57step/s]
[Origin 10/13] 🎲 Drawing Posterior Samples:  43%|████▎     | 660/1520 [00:54<00:51, 16.77step/s]
[Origin 10/13] 🎲 Drawing Posterior Samples:  44%|████▎     | 664/1520 [00:55<00:39, 21.71step/s]
[Origin 10/13] 🎲 Drawing Posterior Samples:  44%|████▍     | 668/1520 [00:55<00:35, 24.29step/s]
[Origin 10/13] 🎲 Drawing Posterior Samples:  44%|████▍     | 672/1520 [00:55<00:30, 27.83step/s]
[Origin 10/13] 🎲 Drawing Posterior Samples:  44%|████▍     | 675/1520 [00:55<00:33, 25.31step/s]
[Origin 10/13] 🎲 Drawing Posterior Samples:  45%|████▍     | 679/1520 [00:55<00:32, 26.26step/s]
[Origin 10/13] 🎲 Drawing Posterior Samples:  45%|████▍     | 682/1520 [00:55<00:32, 26.00step/s]
[Origin 10/13] 🎲 Drawing Posterior Samples:  45%|████▌     | 685/1520 [00:55<00:33, 24.71step/s]
[Origin 10/13] 🎲 Drawing Posterior Samples:  45%|████▌     | 688/1520 [00:56<00:36, 22.70step/s]
[Origin 10/13] 🎲 Drawing Posterior Samples:  45%|████▌     | 691/1520 [00:56<00:35, 23.44step/s]
[Origin 10/13] 🎲 Drawing Posterior Samples:  46%|████▌     | 694/1520 [00:56<00:33, 24.90step/s]
[Origin 10/13] 🎲 Drawing Posterior Samples:  46%|████▌     | 697/1520 [00:56<00:32, 25.57step/s]
[Origin 10/13] 🎲 Drawing Posterior Samples:  46%|████▌     | 701/1520 [00:56<00:28, 28.53step/s]
[Origin 10/13] 🎲 Drawing Posterior Samples:  46%|████▋     | 704/1520 [00:56<00:31, 26.32step/s]
[Origin 10/13] 🎲 Drawing Posterior Samples:  47%|████▋     | 707/1520 [00:56<00:30, 26.57step/s]
[Origin 10/13] 🎲 Drawing Posterior Samples:  47%|████▋     | 710/1520 [00:56<00:29, 27.23step/s]
[Origin 10/13] 🎲 Drawing Posterior Samples:  47%|████▋     | 713/1520 [00:56<00:30, 26.88step/s]
[Origin 10/13] 🎲 Drawing Posterior Samples:  47%|████▋     | 716/1520 [00:57<00:33, 23.93step/s]
[Origin 10/13] 🎲 Drawing Posterior Samples:  47%|████▋     | 719/1520 [00:57<00:35, 22.76step/s]
[Origin 10/13] 🎲 Drawing Posterior Samples:  48%|████▊     | 722/1520 [00:57<00:32, 24.22step/s]
[Origin 10/13] 🎲 Drawing Posterior Samples:  48%|████▊     | 725/1520 [00:57<01:00, 13.11step/s]
[Origin 10/13] 🎲 Drawing Posterior Samples:  48%|████▊     | 727/1520 [00:58<01:49,  7.25step/s]
[Origin 10/13] 🎲 Drawing Posterior Samples:  48%|████▊     | 729/1520 [00:59<02:21,  5.59step/s]
[Origin 10/13] 🎲 Drawing Posterior Samples:  48%|████▊     | 731/1520 [00:59<02:37,  5.02step/s]
[Origin 10/13] 🎲 Drawing Posterior Samples:  48%|████▊     | 732/1520 [00:59<02:41,  4.88step/s]
[Origin 10/13] 🎲 Drawing Posterior Samples:  48%|████▊     | 733/1520 [01:00<02:45,  4.76step/s]
[Origin 10/13] 🎲 Drawing Posterior Samples:  48%|████▊     | 734/1520 [01:00<02:54,  4.50step/s]
[Origin 10/13] 🎲 Drawing Posterior Samples:  48%|████▊     | 735/1520 [01:00<03:10,  4.11step/s]
[Origin 10/13] 🎲 Drawing Posterior Samples:  48%|████▊     | 736/1520 [01:01<03:37,  3.60step/s]
[Origin 10/13] 🎲 Drawing Posterior Samples:  48%|████▊     | 737/1520 [01:01<04:00,  3.25step/s]
[Origin 10/13] 🎲 Drawing Posterior Samples:  49%|████▊     | 738/1520 [01:01<04:01,  3.24step/s]
[Origin 10/13] 🎲 Drawing Posterior Samples:  49%|████▊     | 739/1520 [01:02<04:08,  3.15step/s]
[Origin 10/13] 🎲 Drawing Posterior Samples:  49%|████▊     | 740/1520 [01:02<03:56,  3.30step/s]
[Origin 10/13] 🎲 Drawing Posterior Samples:  49%|████▉     | 741/1520 [01:02<03:58,  3.26step/s]
[Origin 10/13] 🎲 Drawing Posterior Samples:  49%|████▉     | 742/1520 [01:02<03:42,  3.50step/s]
[Origin 10/13] 🎲 Drawing Posterior Samples:  49%|████▉     | 743/1520 [01:03<03:30,  3.69step/s]
[Origin 10/13] 🎲 Drawing Posterior Samples:  49%|████▉     | 744/1520 [01:03<03:20,  3.87step/s]
[Origin 10/13] 🎲 Drawing Posterior Samples:  49%|████▉     | 745/1520 [01:03<03:45,  3.43step/s]
[Origin 10/13] 🎲 Drawing Posterior Samples:  49%|████▉     | 746/1520 [01:04<03:39,  3.52step/s]
[Origin 10/13] 🎲 Drawing Posterior Samples:  49%|████▉     | 747/1520 [01:04<03:45,  3.44step/s]
[Origin 10/13] 🎲 Drawing Posterior Samples:  49%|████▉     | 748/1520 [01:04<03:43,  3.46step/s]
[Origin 10/13] 🎲 Drawing Posterior Samples:  49%|████▉     | 749/1520 [01:05<04:06,  3.12step/s]
[Origin 10/13] 🎲 Drawing Posterior Samples:  49%|████▉     | 750/1520 [01:05<04:36,  2.79step/s]
[Origin 10/13] 🎲 Drawing Posterior Samples:  49%|████▉     | 751/1520 [01:05<05:02,  2.54step/s]
[Origin 10/13] 🎲 Drawing Posterior Samples:  49%|████▉     | 752/1520 [01:06<05:18,  2.41step/s]
[Origin 10/13] 🎲 Drawing Posterior Samples:  50%|████▉     | 753/1520 [01:07<06:05,  2.10step/s]
[Origin 10/13] 🎲 Drawing Posterior Samples:  50%|████▉     | 754/1520 [01:07<05:37,  2.27step/s]
[Origin 10/13] 🎲 Drawing Posterior Samples:  50%|████▉     | 755/1520 [01:07<05:11,  2.46step/s]
[Origin 10/13] 🎲 Drawing Posterior Samples:  50%|████▉     | 756/1520 [01:08<04:50,  2.63step/s]
[Origin 10/13] 🎲 Drawing Posterior Samples:  50%|████▉     | 757/1520 [01:08<05:26,  2.34step/s]
[Origin 10/13] 🎲 Drawing Posterior Samples:  50%|████▉     | 758/1520 [01:09<05:33,  2.29step/s]
[Origin 10/13] 🎲 Drawing Posterior Samples:  50%|████▉     | 759/1520 [01:09<05:41,  2.23step/s]
[Origin 10/13] 🎲 Drawing Posterior Samples:  50%|█████     | 760/1520 [01:09<05:06,  2.48step/s]
[Origin 10/13] 🎲 Drawing Posterior Samples:  50%|█████     | 761/1520 [01:37<1:48:29,  8.58s/step]
[Origin 10/13] 🎲 Drawing Posterior Samples:  50%|█████     | 765/1520 [01:37<40:02,  3.18s/step]  
[Origin 10/13] 🎲 Drawing Posterior Samples:  51%|█████     | 769/1520 [01:37<21:05,  1.68s/step]
[Origin 10/13] 🎲 Drawing Posterior Samples:  51%|█████     | 772/1520 [01:37<14:04,  1.13s/step]
[Origin 10/13] 🎲 Drawing Posterior Samples:  51%|█████     | 775/1520 [01:37<09:36,  1.29step/s]
[Origin 10/13] 🎲 Drawing Posterior Samples:  51%|█████     | 778/1520 [01:38<06:41,  1.85step/s]
[Origin 10/13] 🎲 Drawing Posterior Samples:  51%|█████▏    | 781/1520 [01:38<04:43,  2.60step/s]
[Origin 10/13] 🎲 Drawing Posterior Samples:  52%|█████▏    | 785/1520 [01:38<03:05,  3.96step/s]
[Origin 10/13] 🎲 Drawing Posterior Samples:  52%|█████▏    | 789/1520 [01:38<02:06,  5.76step/s]
[Origin 10/13] 🎲 Drawing Posterior Samples:  52%|█████▏    | 794/1520 [01:38<01:24,  8.61step/s]
[Origin 10/13] 🎲 Drawing Posterior Samples:  52%|█████▎    | 798/1520 [01:38<01:06, 10.93step/s]
[Origin 10/13] 🎲 Drawing Posterior Samples:  53%|█████▎    | 802/1520 [01:38<00:53, 13.30step/s]
[Origin 10/13] 🎲 Drawing Posterior Samples:  53%|█████▎    | 806/1520 [01:38<00:43, 16.35step/s]
[Origin 10/13] 🎲 Drawing Posterior Samples:  53%|█████▎    | 811/1520 [01:39<00:34, 20.83step/s]
[Origin 10/13] 🎲 Drawing Posterior Samples:  54%|█████▎    | 815/1520 [01:39<00:30, 23.35step/s]
[Origin 10/13] 🎲 Drawing Posterior Samples:  54%|█████▍    | 819/1520 [01:39<00:26, 26.30step/s]
[Origin 10/13] 🎲 Drawing Posterior Samples:  54%|█████▍    | 823/1520 [01:39<00:23, 29.14step/s]
[Origin 10/13] 🎲 Drawing Posterior Samples:  54%|█████▍    | 827/1520 [01:39<00:22, 30.21step/s]
[Origin 10/13] 🎲 Drawing Posterior Samples:  55%|█████▍    | 831/1520 [01:39<00:22, 30.64step/s]
[Origin 10/13] 🎲 Drawing Posterior Samples:  55%|█████▍    | 835/1520 [01:39<00:23, 28.85step/s]
[Origin 10/13] 🎲 Drawing Posterior Samples:  55%|█████▌    | 839/1520 [01:39<00:22, 30.11step/s]
[Origin 10/13] 🎲 Drawing Posterior Samples:  56%|█████▌    | 844/1520 [01:39<00:19, 33.98step/s]
[Origin 10/13] 🎲 Drawing Posterior Samples:  56%|█████▌    | 848/1520 [01:40<00:19, 34.62step/s]
[Origin 10/13] 🎲 Drawing Posterior Samples:  56%|█████▌    | 852/1520 [01:40<00:19, 34.25step/s]
[Origin 10/13] 🎲 Drawing Posterior Samples:  56%|█████▋    | 856/1520 [01:40<00:19, 33.31step/s]
[Origin 10/13] 🎲 Drawing Posterior Samples:  57%|█████▋    | 861/1520 [01:40<00:18, 35.67step/s]
[Origin 10/13] 🎲 Drawing Posterior Samples:  57%|█████▋    | 865/1520 [01:40<00:19, 32.83step/s]
[Origin 10/13] 🎲 Drawing Posterior Samples:  57%|█████▋    | 869/1520 [01:40<00:21, 30.22step/s]
[Origin 10/13] 🎲 Drawing Posterior Samples:  57%|█████▊    | 874/1520 [01:40<00:20, 31.30step/s]
[Origin 10/13] 🎲 Drawing Posterior Samples:  58%|█████▊    | 878/1520 [01:41<00:21, 29.93step/s]
[Origin 10/13] 🎲 Drawing Posterior Samples:  58%|█████▊    | 883/1520 [01:41<00:19, 32.98step/s]
[Origin 10/13] 🎲 Drawing Posterior Samples:  58%|█████▊    | 888/1520 [01:41<00:18, 34.58step/s]
[Origin 10/13] 🎲 Drawing Posterior Samples:  59%|█████▊    | 892/1520 [01:41<00:18, 33.11step/s]
[Origin 10/13] 🎲 Drawing Posterior Samples:  59%|█████▉    | 896/1520 [01:41<00:18, 33.83step/s]
[Origin 10/13] 🎲 Drawing Posterior Samples:  59%|█████▉    | 900/1520 [01:41<00:18, 33.16step/s]
[Origin 10/13] 🎲 Drawing Posterior Samples:  59%|█████▉    | 904/1520 [01:41<00:19, 31.20step/s]
[Origin 10/13] 🎲 Drawing Posterior Samples:  60%|█████▉    | 908/1520 [01:41<00:19, 30.61step/s]
[Origin 10/13] 🎲 Drawing Posterior Samples:  60%|██████    | 912/1520 [01:42<00:20, 30.02step/s]
[Origin 10/13] 🎲 Drawing Posterior Samples:  60%|██████    | 916/1520 [01:42<00:19, 31.56step/s]
[Origin 10/13] 🎲 Drawing Posterior Samples:  61%|██████    | 920/1520 [01:42<00:18, 31.85step/s]
[Origin 10/13] 🎲 Drawing Posterior Samples:  61%|██████    | 924/1520 [01:42<00:17, 33.49step/s]
[Origin 10/13] 🎲 Drawing Posterior Samples:  61%|██████    | 928/1520 [01:42<00:17, 34.31step/s]
[Origin 10/13] 🎲 Drawing Posterior Samples:  61%|██████▏   | 932/1520 [01:42<00:20, 28.09step/s]
[Origin 10/13] 🎲 Drawing Posterior Samples:  62%|██████▏   | 936/1520 [01:42<00:21, 27.68step/s]
[Origin 10/13] 🎲 Drawing Posterior Samples:  62%|██████▏   | 941/1520 [01:43<00:18, 31.19step/s]
[Origin 10/13] 🎲 Drawing Posterior Samples:  62%|██████▏   | 945/1520 [01:43<00:17, 32.07step/s]
[Origin 10/13] 🎲 Drawing Posterior Samples:  62%|██████▎   | 950/1520 [01:43<00:15, 35.79step/s]
[Origin 10/13] 🎲 Drawing Posterior Samples:  63%|██████▎   | 954/1520 [01:43<00:17, 32.46step/s]
[Origin 10/13] 🎲 Drawing Posterior Samples:  63%|██████▎   | 958/1520 [01:43<00:16, 33.60step/s]
[Origin 10/13] 🎲 Drawing Posterior Samples:  63%|██████▎   | 962/1520 [01:43<00:17, 32.33step/s]
[Origin 10/13] 🎲 Drawing Posterior Samples:  64%|██████▎   | 967/1520 [01:43<00:16, 33.00step/s]
[Origin 10/13] 🎲 Drawing Posterior Samples:  64%|██████▍   | 971/1520 [01:43<00:16, 33.56step/s]
[Origin 10/13] 🎲 Drawing Posterior Samples:  64%|██████▍   | 975/1520 [01:44<00:18, 30.11step/s]
[Origin 10/13] 🎲 Drawing Posterior Samples:  64%|██████▍   | 979/1520 [01:44<00:17, 30.56step/s]
[Origin 10/13] 🎲 Drawing Posterior Samples:  65%|██████▍   | 983/1520 [01:44<00:16, 32.43step/s]
[Origin 10/13] 🎲 Drawing Posterior Samples:  65%|██████▌   | 989/1520 [01:44<00:14, 37.80step/s]
[Origin 10/13] 🎲 Drawing Posterior Samples:  65%|██████▌   | 993/1520 [01:44<00:14, 35.15step/s]
[Origin 10/13] 🎲 Drawing Posterior Samples:  66%|██████▌   | 997/1520 [01:44<00:17, 30.43step/s]
[Origin 10/13] 🎲 Drawing Posterior Samples:  66%|██████▌   | 1001/1520 [01:44<00:17, 30.18step/s]
[Origin 10/13] 🎲 Drawing Posterior Samples:  66%|██████▌   | 1005/1520 [01:44<00:15, 32.47step/s]
[Origin 10/13] 🎲 Drawing Posterior Samples:  66%|██████▋   | 1009/1520 [01:45<00:14, 34.32step/s]
[Origin 10/13] 🎲 Drawing Posterior Samples:  67%|██████▋   | 1013/1520 [01:45<00:14, 33.93step/s]
[Origin 10/13] 🎲 Drawing Posterior Samples:  67%|██████▋   | 1017/1520 [01:45<00:15, 33.46step/s]
[Origin 10/13] 🎲 Drawing Posterior Samples:  67%|██████▋   | 1023/1520 [01:45<00:12, 38.88step/s]
[Origin 10/13] 🎲 Drawing Posterior Samples:  68%|██████▊   | 1027/1520 [01:45<00:12, 38.61step/s]
[Origin 10/13] 🎲 Drawing Posterior Samples:  68%|██████▊   | 1031/1520 [01:45<00:13, 36.95step/s]
[Origin 10/13] 🎲 Drawing Posterior Samples:  68%|██████▊   | 1035/1520 [01:45<00:13, 35.79step/s]
[Origin 10/13] 🎲 Drawing Posterior Samples:  68%|██████▊   | 1039/1520 [01:45<00:13, 34.48step/s]
[Origin 10/13] 🎲 Drawing Posterior Samples:  69%|██████▊   | 1043/1520 [01:46<00:15, 29.82step/s]
[Origin 10/13] 🎲 Drawing Posterior Samples:  69%|██████▉   | 1047/1520 [01:46<00:15, 31.34step/s]
[Origin 10/13] 🎲 Drawing Posterior Samples:  69%|██████▉   | 1051/1520 [01:46<00:15, 29.99step/s]
[Origin 10/13] 🎲 Drawing Posterior Samples:  69%|██████▉   | 1056/1520 [01:46<00:14, 31.85step/s]
[Origin 10/13] 🎲 Drawing Posterior Samples:  70%|██████▉   | 1061/1520 [01:46<00:13, 32.83step/s]
[Origin 10/13] 🎲 Drawing Posterior Samples:  70%|███████   | 1065/1520 [01:46<00:13, 33.19step/s]
[Origin 10/13] 🎲 Drawing Posterior Samples:  70%|███████   | 1069/1520 [01:46<00:13, 34.45step/s]
[Origin 10/13] 🎲 Drawing Posterior Samples:  71%|███████   | 1073/1520 [01:46<00:13, 34.02step/s]
[Origin 10/13] 🎲 Drawing Posterior Samples:  71%|███████   | 1078/1520 [01:47<00:12, 36.34step/s]
[Origin 10/13] 🎲 Drawing Posterior Samples:  71%|███████   | 1082/1520 [01:47<00:12, 34.33step/s]
[Origin 10/13] 🎲 Drawing Posterior Samples:  71%|███████▏  | 1086/1520 [01:47<00:14, 29.18step/s]
[Origin 10/13] 🎲 Drawing Posterior Samples:  72%|███████▏  | 1090/1520 [01:47<00:13, 31.03step/s]
[Origin 10/13] 🎲 Drawing Posterior Samples:  72%|███████▏  | 1094/1520 [01:47<00:12, 33.08step/s]
[Origin 10/13] 🎲 Drawing Posterior Samples:  72%|███████▏  | 1098/1520 [01:47<00:12, 32.60step/s]
[Origin 10/13] 🎲 Drawing Posterior Samples:  72%|███████▎  | 1102/1520 [01:47<00:12, 32.40step/s]
[Origin 10/13] 🎲 Drawing Posterior Samples:  73%|███████▎  | 1106/1520 [01:48<00:23, 17.51step/s]
[Origin 10/13] 🎲 Drawing Posterior Samples:  73%|███████▎  | 1109/1520 [01:48<00:36, 11.13step/s]
[Origin 10/13] 🎲 Drawing Posterior Samples:  73%|███████▎  | 1111/1520 [01:49<00:46,  8.80step/s]
[Origin 10/13] 🎲 Drawing Posterior Samples:  73%|███████▎  | 1113/1520 [01:49<00:54,  7.43step/s]
[Origin 10/13] 🎲 Drawing Posterior Samples:  73%|███████▎  | 1115/1520 [01:50<01:06,  6.13step/s]
[Origin 10/13] 🎲 Drawing Posterior Samples:  73%|███████▎  | 1116/1520 [01:50<01:09,  5.83step/s]
[Origin 10/13] 🎲 Drawing Posterior Samples:  73%|███████▎  | 1117/1520 [01:50<01:23,  4.83step/s]
[Origin 10/13] 🎲 Drawing Posterior Samples:  74%|███████▎  | 1118/1520 [01:51<01:24,  4.76step/s]
[Origin 10/13] 🎲 Drawing Posterior Samples:  74%|███████▎  | 1119/1520 [01:51<01:27,  4.58step/s]
[Origin 10/13] 🎲 Drawing Posterior Samples:  74%|███████▎  | 1120/1520 [01:51<01:28,  4.50step/s]
[Origin 10/13] 🎲 Drawing Posterior Samples:  74%|███████▍  | 1121/1520 [01:51<01:31,  4.35step/s]
[Origin 10/13] 🎲 Drawing Posterior Samples:  74%|███████▍  | 1122/1520 [01:52<01:49,  3.64step/s]
[Origin 10/13] 🎲 Drawing Posterior Samples:  74%|███████▍  | 1123/1520 [01:52<02:01,  3.26step/s]
[Origin 10/13] 🎲 Drawing Posterior Samples:  74%|███████▍  | 1124/1520 [01:53<02:35,  2.55step/s]
[Origin 10/13] 🎲 Drawing Posterior Samples:  74%|███████▍  | 1125/1520 [01:53<02:44,  2.40step/s]
[Origin 10/13] 🎲 Drawing Posterior Samples:  74%|███████▍  | 1126/1520 [01:54<02:45,  2.37step/s]
[Origin 10/13] 🎲 Drawing Posterior Samples:  74%|███████▍  | 1127/1520 [01:54<02:40,  2.45step/s]
[Origin 10/13] 🎲 Drawing Posterior Samples:  74%|███████▍  | 1128/1520 [01:55<03:01,  2.15step/s]
[Origin 10/13] 🎲 Drawing Posterior Samples:  74%|███████▍  | 1129/1520 [01:55<02:39,  2.45step/s]
[Origin 10/13] 🎲 Drawing Posterior Samples:  74%|███████▍  | 1130/1520 [01:55<02:37,  2.48step/s]
[Origin 10/13] 🎲 Drawing Posterior Samples:  74%|███████▍  | 1131/1520 [01:56<02:30,  2.58step/s]
[Origin 10/13] 🎲 Drawing Posterior Samples:  74%|███████▍  | 1132/1520 [01:56<02:19,  2.78step/s]
[Origin 10/13] 🎲 Drawing Posterior Samples:  75%|███████▍  | 1133/1520 [01:56<02:12,  2.93step/s]
[Origin 10/13] 🎲 Drawing Posterior Samples:  75%|███████▍  | 1134/1520 [01:57<02:16,  2.83step/s]
[Origin 10/13] 🎲 Drawing Posterior Samples:  75%|███████▍  | 1135/1520 [01:57<02:12,  2.92step/s]
[Origin 10/13] 🎲 Drawing Posterior Samples:  75%|███████▍  | 1136/1520 [01:57<02:19,  2.74step/s]
[Origin 10/13] 🎲 Drawing Posterior Samples:  75%|███████▍  | 1137/1520 [01:58<02:28,  2.58step/s]
[Origin 10/13] 🎲 Drawing Posterior Samples:  75%|███████▍  | 1138/1520 [01:58<02:40,  2.38step/s]
[Origin 10/13] 🎲 Drawing Posterior Samples:  75%|███████▍  | 1139/1520 [01:59<02:32,  2.50step/s]
[Origin 10/13] 🎲 Drawing Posterior Samples:  75%|███████▌  | 1140/1520 [01:59<02:36,  2.42step/s]
[Origin 10/13] 🎲 Drawing Posterior Samples:  75%|███████▌  | 1141/1520 [02:41<1:21:04, 12.84s/step]
[Origin 10/13] 🎲 Drawing Posterior Samples:  76%|███████▌  | 1148/1520 [02:41<19:58,  3.22s/step]  
[Origin 10/13] 🎲 Drawing Posterior Samples:  76%|███████▌  | 1151/1520 [02:41<13:38,  2.22s/step]
[Origin 10/13] 🎲 Drawing Posterior Samples:  76%|███████▌  | 1154/1520 [02:41<09:24,  1.54s/step]
[Origin 10/13] 🎲 Drawing Posterior Samples:  76%|███████▌  | 1157/1520 [02:41<06:33,  1.08s/step]
[Origin 10/13] 🎲 Drawing Posterior Samples:  76%|███████▋  | 1160/1520 [02:42<04:36,  1.30step/s]
[Origin 10/13] 🎲 Drawing Posterior Samples:  77%|███████▋  | 1163/1520 [02:42<03:15,  1.83step/s]
[Origin 10/13] 🎲 Drawing Posterior Samples:  77%|███████▋  | 1166/1520 [02:42<02:20,  2.52step/s]
[Origin 10/13] 🎲 Drawing Posterior Samples:  77%|███████▋  | 1169/1520 [02:42<01:40,  3.48step/s]
[Origin 10/13] 🎲 Drawing Posterior Samples:  77%|███████▋  | 1172/1520 [02:42<01:13,  4.71step/s]
[Origin 10/13] 🎲 Drawing Posterior Samples:  77%|███████▋  | 1175/1520 [02:42<00:55,  6.19step/s]
[Origin 10/13] 🎲 Drawing Posterior Samples:  78%|███████▊  | 1178/1520 [02:42<00:42,  8.03step/s]
[Origin 10/13] 🎲 Drawing Posterior Samples:  78%|███████▊  | 1181/1520 [02:42<00:33, 10.21step/s]
[Origin 10/13] 🎲 Drawing Posterior Samples:  78%|███████▊  | 1184/1520 [02:43<00:27, 12.35step/s]
[Origin 10/13] 🎲 Drawing Posterior Samples:  78%|███████▊  | 1187/1520 [02:43<00:22, 14.67step/s]
[Origin 10/13] 🎲 Drawing Posterior Samples:  78%|███████▊  | 1191/1520 [02:43<00:18, 17.92step/s]
[Origin 10/13] 🎲 Drawing Posterior Samples:  79%|███████▊  | 1194/1520 [02:43<00:16, 19.27step/s]
[Origin 10/13] 🎲 Drawing Posterior Samples:  79%|███████▉  | 1197/1520 [02:43<00:15, 20.97step/s]
[Origin 10/13] 🎲 Drawing Posterior Samples:  79%|███████▉  | 1201/1520 [02:43<00:13, 24.52step/s]
[Origin 10/13] 🎲 Drawing Posterior Samples:  79%|███████▉  | 1205/1520 [02:43<00:11, 27.76step/s]
[Origin 10/13] 🎲 Drawing Posterior Samples:  80%|███████▉  | 1209/1520 [02:43<00:11, 26.96step/s]
[Origin 10/13] 🎲 Drawing Posterior Samples:  80%|███████▉  | 1212/1520 [02:44<00:11, 26.13step/s]
[Origin 10/13] 🎲 Drawing Posterior Samples:  80%|███████▉  | 1215/1520 [02:44<00:11, 25.54step/s]
[Origin 10/13] 🎲 Drawing Posterior Samples:  80%|████████  | 1218/1520 [02:44<00:12, 24.44step/s]
[Origin 10/13] 🎲 Drawing Posterior Samples:  80%|████████  | 1221/1520 [02:44<00:12, 24.49step/s]
[Origin 10/13] 🎲 Drawing Posterior Samples:  81%|████████  | 1225/1520 [02:44<00:11, 26.19step/s]
[Origin 10/13] 🎲 Drawing Posterior Samples:  81%|████████  | 1228/1520 [02:44<00:12, 24.32step/s]
[Origin 10/13] 🎲 Drawing Posterior Samples:  81%|████████  | 1231/1520 [02:44<00:12, 23.93step/s]
[Origin 10/13] 🎲 Drawing Posterior Samples:  81%|████████  | 1234/1520 [02:44<00:11, 24.34step/s]
[Origin 10/13] 🎲 Drawing Posterior Samples:  81%|████████▏ | 1237/1520 [02:45<00:11, 25.05step/s]
[Origin 10/13] 🎲 Drawing Posterior Samples:  82%|████████▏ | 1240/1520 [02:45<00:11, 25.33step/s]
[Origin 10/13] 🎲 Drawing Posterior Samples:  82%|████████▏ | 1243/1520 [02:45<00:11, 23.34step/s]
[Origin 10/13] 🎲 Drawing Posterior Samples:  82%|████████▏ | 1246/1520 [02:45<00:11, 23.46step/s]
[Origin 10/13] 🎲 Drawing Posterior Samples:  82%|████████▏ | 1250/1520 [02:45<00:10, 26.05step/s]
[Origin 10/13] 🎲 Drawing Posterior Samples:  82%|████████▏ | 1253/1520 [02:45<00:10, 26.49step/s]
[Origin 10/13] 🎲 Drawing Posterior Samples:  83%|████████▎ | 1257/1520 [02:45<00:09, 28.90step/s]
[Origin 10/13] 🎲 Drawing Posterior Samples:  83%|████████▎ | 1260/1520 [02:45<00:10, 25.60step/s]
[Origin 10/13] 🎲 Drawing Posterior Samples:  83%|████████▎ | 1263/1520 [02:46<00:10, 24.91step/s]
[Origin 10/13] 🎲 Drawing Posterior Samples:  83%|████████▎ | 1266/1520 [02:46<00:09, 25.94step/s]
[Origin 10/13] 🎲 Drawing Posterior Samples:  83%|████████▎ | 1269/1520 [02:46<00:09, 26.90step/s]
[Origin 10/13] 🎲 Drawing Posterior Samples:  84%|████████▍ | 1273/1520 [02:46<00:08, 29.48step/s]
[Origin 10/13] 🎲 Drawing Posterior Samples:  84%|████████▍ | 1277/1520 [02:46<00:07, 30.40step/s]
[Origin 10/13] 🎲 Drawing Posterior Samples:  84%|████████▍ | 1281/1520 [02:46<00:08, 28.34step/s]
[Origin 10/13] 🎲 Drawing Posterior Samples:  85%|████████▍ | 1285/1520 [02:46<00:07, 29.89step/s]
[Origin 10/13] 🎲 Drawing Posterior Samples:  85%|████████▍ | 1289/1520 [02:46<00:08, 28.60step/s]
[Origin 10/13] 🎲 Drawing Posterior Samples:  85%|████████▌ | 1292/1520 [02:47<00:08, 28.39step/s]
[Origin 10/13] 🎲 Drawing Posterior Samples:  85%|████████▌ | 1296/1520 [02:47<00:07, 28.37step/s]
[Origin 10/13] 🎲 Drawing Posterior Samples:  86%|████████▌ | 1300/1520 [02:47<00:07, 29.67step/s]
[Origin 10/13] 🎲 Drawing Posterior Samples:  86%|████████▌ | 1304/1520 [02:47<00:06, 30.89step/s]
[Origin 10/13] 🎲 Drawing Posterior Samples:  86%|████████▌ | 1308/1520 [02:47<00:07, 28.60step/s]
[Origin 10/13] 🎲 Drawing Posterior Samples:  86%|████████▋ | 1312/1520 [02:47<00:06, 30.15step/s]
[Origin 10/13] 🎲 Drawing Posterior Samples:  87%|████████▋ | 1316/1520 [02:47<00:06, 30.57step/s]
[Origin 10/13] 🎲 Drawing Posterior Samples:  87%|████████▋ | 1320/1520 [02:47<00:06, 32.21step/s]
[Origin 10/13] 🎲 Drawing Posterior Samples:  87%|████████▋ | 1324/1520 [02:48<00:06, 32.18step/s]
[Origin 10/13] 🎲 Drawing Posterior Samples:  87%|████████▋ | 1328/1520 [02:48<00:05, 33.97step/s]
[Origin 10/13] 🎲 Drawing Posterior Samples:  88%|████████▊ | 1332/1520 [02:48<00:06, 29.45step/s]
[Origin 10/13] 🎲 Drawing Posterior Samples:  88%|████████▊ | 1336/1520 [02:48<00:07, 25.43step/s]
[Origin 10/13] 🎲 Drawing Posterior Samples:  88%|████████▊ | 1339/1520 [02:48<00:07, 25.56step/s]
[Origin 10/13] 🎲 Drawing Posterior Samples:  88%|████████▊ | 1343/1520 [02:48<00:06, 27.37step/s]
[Origin 10/13] 🎲 Drawing Posterior Samples:  89%|████████▊ | 1346/1520 [02:48<00:06, 26.90step/s]
[Origin 10/13] 🎲 Drawing Posterior Samples:  89%|████████▉ | 1349/1520 [02:49<00:07, 23.15step/s]
[Origin 10/13] 🎲 Drawing Posterior Samples:  89%|████████▉ | 1352/1520 [02:49<00:07, 22.11step/s]
[Origin 10/13] 🎲 Drawing Posterior Samples:  89%|████████▉ | 1356/1520 [02:49<00:06, 25.56step/s]
[Origin 10/13] 🎲 Drawing Posterior Samples:  89%|████████▉ | 1360/1520 [02:49<00:05, 28.93step/s]
[Origin 10/13] 🎲 Drawing Posterior Samples:  90%|████████▉ | 1365/1520 [02:49<00:04, 32.42step/s]
[Origin 10/13] 🎲 Drawing Posterior Samples:  90%|█████████ | 1369/1520 [02:49<00:04, 32.92step/s]
[Origin 10/13] 🎲 Drawing Posterior Samples:  90%|█████████ | 1373/1520 [02:49<00:04, 33.64step/s]
[Origin 10/13] 🎲 Drawing Posterior Samples:  91%|█████████ | 1377/1520 [02:49<00:04, 35.28step/s]
[Origin 10/13] 🎲 Drawing Posterior Samples:  91%|█████████ | 1382/1520 [02:50<00:03, 37.28step/s]
[Origin 10/13] 🎲 Drawing Posterior Samples:  91%|█████████ | 1386/1520 [02:50<00:03, 34.18step/s]
[Origin 10/13] 🎲 Drawing Posterior Samples:  91%|█████████▏| 1390/1520 [02:50<00:04, 31.00step/s]
[Origin 10/13] 🎲 Drawing Posterior Samples:  92%|█████████▏| 1394/1520 [02:50<00:04, 26.41step/s]
[Origin 10/13] 🎲 Drawing Posterior Samples:  92%|█████████▏| 1397/1520 [02:50<00:04, 25.66step/s]
[Origin 10/13] 🎲 Drawing Posterior Samples:  92%|█████████▏| 1400/1520 [02:50<00:04, 25.12step/s]
[Origin 10/13] 🎲 Drawing Posterior Samples:  92%|█████████▏| 1403/1520 [02:50<00:04, 24.04step/s]
[Origin 10/13] 🎲 Drawing Posterior Samples:  92%|█████████▎| 1406/1520 [02:51<00:04, 24.70step/s]
[Origin 10/13] 🎲 Drawing Posterior Samples:  93%|█████████▎| 1410/1520 [02:51<00:03, 28.42step/s]
[Origin 10/13] 🎲 Drawing Posterior Samples:  93%|█████████▎| 1413/1520 [02:51<00:03, 27.02step/s]
[Origin 10/13] 🎲 Drawing Posterior Samples:  93%|█████████▎| 1416/1520 [02:51<00:04, 25.20step/s]
[Origin 10/13] 🎲 Drawing Posterior Samples:  93%|█████████▎| 1419/1520 [02:51<00:04, 24.22step/s]
[Origin 10/13] 🎲 Drawing Posterior Samples:  94%|█████████▎| 1422/1520 [02:51<00:04, 23.48step/s]
[Origin 10/13] 🎲 Drawing Posterior Samples:  94%|█████████▍| 1426/1520 [02:51<00:03, 25.68step/s]
[Origin 10/13] 🎲 Drawing Posterior Samples:  94%|█████████▍| 1431/1520 [02:51<00:02, 30.10step/s]
[Origin 10/13] 🎲 Drawing Posterior Samples:  94%|█████████▍| 1435/1520 [02:52<00:02, 32.40step/s]
[Origin 10/13] 🎲 Drawing Posterior Samples:  95%|█████████▍| 1440/1520 [02:52<00:02, 34.16step/s]
[Origin 10/13] 🎲 Drawing Posterior Samples:  95%|█████████▌| 1445/1520 [02:52<00:01, 37.83step/s]
[Origin 10/13] 🎲 Drawing Posterior Samples:  95%|█████████▌| 1449/1520 [02:52<00:01, 38.23step/s]
[Origin 10/13] 🎲 Drawing Posterior Samples:  96%|█████████▌| 1453/1520 [02:52<00:01, 35.61step/s]
[Origin 10/13] 🎲 Drawing Posterior Samples:  96%|█████████▌| 1457/1520 [02:52<00:01, 36.47step/s]
[Origin 10/13] 🎲 Drawing Posterior Samples:  96%|█████████▌| 1461/1520 [02:52<00:01, 34.95step/s]
[Origin 10/13] 🎲 Drawing Posterior Samples:  96%|█████████▋| 1465/1520 [02:52<00:01, 34.38step/s]
[Origin 10/13] 🎲 Drawing Posterior Samples:  97%|█████████▋| 1469/1520 [02:52<00:01, 35.80step/s]
[Origin 10/13] 🎲 Drawing Posterior Samples:  97%|█████████▋| 1473/1520 [02:53<00:01, 36.66step/s]
[Origin 10/13] 🎲 Drawing Posterior Samples:  97%|█████████▋| 1477/1520 [02:53<00:01, 37.08step/s]
[Origin 10/13] 🎲 Drawing Posterior Samples:  97%|█████████▋| 1481/1520 [02:53<00:01, 30.96step/s]
[Origin 10/13] 🎲 Drawing Posterior Samples:  98%|█████████▊| 1485/1520 [02:53<00:01, 19.71step/s]
[Origin 10/13] 🎲 Drawing Posterior Samples:  98%|█████████▊| 1488/1520 [02:54<00:03,  9.02step/s]
[Origin 10/13] 🎲 Drawing Posterior Samples:  98%|█████████▊| 1490/1520 [02:55<00:03,  7.75step/s]
[Origin 10/13] 🎲 Drawing Posterior Samples:  98%|█████████▊| 1492/1520 [02:55<00:04,  6.07step/s]
[Origin 10/13] 🎲 Drawing Posterior Samples:  98%|█████████▊| 1494/1520 [02:56<00:06,  3.99step/s]
[Origin 10/13] 🎲 Drawing Posterior Samples:  98%|█████████▊| 1495/1520 [02:57<00:06,  3.81step/s]
[Origin 10/13] 🎲 Drawing Posterior Samples:  98%|█████████▊| 1496/1520 [02:57<00:06,  3.64step/s]
[Origin 10/13] 🎲 Drawing Posterior Samples:  98%|█████████▊| 1497/1520 [02:57<00:06,  3.42step/s]
[Origin 10/13] 🎲 Drawing Posterior Samples:  99%|█████████▊| 1498/1520 [02:58<00:06,  3.31step/s]
[Origin 10/13] 🎲 Drawing Posterior Samples:  99%|█████████▊| 1499/1520 [02:58<00:06,  3.43step/s]
[Origin 10/13] 🎲 Drawing Posterior Samples:  99%|█████████▊| 1500/1520 [02:58<00:05,  3.48step/s]
[Origin 10/13] 🎲 Drawing Posterior Samples:  99%|█████████▉| 1501/1520 [02:58<00:05,  3.53step/s]
[Origin 10/13] 🎲 Drawing Posterior Samples:  99%|█████████▉| 1502/1520 [02:59<00:04,  3.61step/s]
[Origin 10/13] 🎲 Drawing Posterior Samples:  99%|█████████▉| 1503/1520 [02:59<00:04,  3.50step/s]
[Origin 10/13] 🎲 Drawing Posterior Samples:  99%|█████████▉| 1504/1520 [02:59<00:04,  3.58step/s]
[Origin 10/13] 🎲 Drawing Posterior Samples:  99%|█████████▉| 1505/1520 [02:59<00:04,  3.73step/s]
[Origin 10/13] 🎲 Drawing Posterior Samples:  99%|█████████▉| 1506/1520 [03:00<00:03,  3.69step/s]
[Origin 10/13] 🎲 Drawing Posterior Samples:  99%|█████████▉| 1507/1520 [03:00<00:03,  3.80step/s]
[Origin 10/13] 🎲 Drawing Posterior Samples:  99%|█████████▉| 1508/1520 [03:00<00:03,  3.76step/s]
[Origin 10/13] 🎲 Drawing Posterior Samples:  99%|█████████▉| 1509/1520 [03:01<00:02,  3.67step/s]
[Origin 10/13] 🎲 Drawing Posterior Samples:  99%|█████████▉| 1510/1520 [03:01<00:02,  3.75step/s]
[Origin 10/13] 🎲 Drawing Posterior Samples:  99%|█████████▉| 1511/1520 [03:01<00:02,  3.41step/s]
[Origin 10/13] 🎲 Drawing Posterior Samples:  99%|█████████▉| 1512/1520 [03:01<00:02,  3.28step/s]
[Origin 10/13] 🎲 Drawing Posterior Samples: 100%|█████████▉| 1513/1520 [03:02<00:02,  3.20step/s]
[Origin 10/13] 🎲 Drawing Posterior Samples: 100%|█████████▉| 1514/1520 [03:02<00:01,  3.34step/s]
[Origin 10/13] 🎲 Drawing Posterior Samples: 100%|█████████▉| 1515/1520 [03:02<00:01,  3.09step/s]
[Origin 10/13] 🎲 Drawing Posterior Samples: 100%|█████████▉| 1516/1520 [03:03<00:01,  3.11step/s]
[Origin 10/13] 🎲 Drawing Posterior Samples: 100%|█████████▉| 1517/1520 [03:03<00:01,  2.97step/s]
[Origin 10/13] 🎲 Drawing Posterior Samples: 100%|█████████▉| 1518/1520 [03:04<00:00,  2.58step/s]
[Origin 10/13] 🎲 Drawing Posterior Samples: 100%|█████████▉| 1519/1520 [03:04<00:00,  2.64step/s]
[Origin 10/13] 🎲 Drawing Posterior Samples: 100%|██████████| 1520/1520 [03:04<00:00,  2.57step/s]
                                                                                                  

[Origin 11/13] 🎲 Drawing Posterior Samples:   0%|          | 0/1524 [00:00<?, ?step/s]
[Origin 11/13] 🎲 Drawing Posterior Samples:   0%|          | 5/1524 [00:00<00:30, 49.01step/s]
[Origin 11/13] 🎲 Drawing Posterior Samples:   1%|          | 10/1524 [00:00<00:43, 34.71step/s]
[Origin 11/13] 🎲 Drawing Posterior Samples:   1%|          | 15/1524 [00:00<00:41, 36.78step/s]
[Origin 11/13] 🎲 Drawing Posterior Samples:   1%|          | 19/1524 [00:00<00:40, 37.28step/s]
[Origin 11/13] 🎲 Drawing Posterior Samples:   2%|▏         | 23/1524 [00:00<00:40, 37.03step/s]
[Origin 11/13] 🎲 Drawing Posterior Samples:   2%|▏         | 27/1524 [00:00<00:41, 35.83step/s]
[Origin 11/13] 🎲 Drawing Posterior Samples:   2%|▏         | 31/1524 [00:00<00:44, 33.52step/s]
[Origin 11/13] 🎲 Drawing Posterior Samples:   2%|▏         | 35/1524 [00:00<00:43, 34.60step/s]
[Origin 11/13] 🎲 Drawing Posterior Samples:   3%|▎         | 40/1524 [00:01<00:40, 36.53step/s]
[Origin 11/13] 🎲 Drawing Posterior Samples:   3%|▎         | 44/1524 [00:01<00:42, 34.98step/s]
[Origin 11/13] 🎲 Drawing Posterior Samples:   3%|▎         | 48/1524 [00:01<00:40, 36.25step/s]
[Origin 11/13] 🎲 Drawing Posterior Samples:   3%|▎         | 53/1524 [00:01<00:39, 37.01step/s]
[Origin 11/13] 🎲 Drawing Posterior Samples:   4%|▎         | 57/1524 [00:01<00:39, 36.93step/s]
[Origin 11/13] 🎲 Drawing Posterior Samples:   4%|▍         | 61/1524 [00:01<00:39, 36.88step/s]
[Origin 11/13] 🎲 Drawing Posterior Samples:   4%|▍         | 65/1524 [00:01<00:44, 32.75step/s]
[Origin 11/13] 🎲 Drawing Posterior Samples:   5%|▍         | 69/1524 [00:01<00:45, 31.65step/s]
[Origin 11/13] 🎲 Drawing Posterior Samples:   5%|▍         | 74/1524 [00:02<00:43, 33.14step/s]
[Origin 11/13] 🎲 Drawing Posterior Samples:   5%|▌         | 78/1524 [00:02<00:43, 33.25step/s]
[Origin 11/13] 🎲 Drawing Posterior Samples:   5%|▌         | 82/1524 [00:02<00:41, 34.85step/s]
[Origin 11/13] 🎲 Drawing Posterior Samples:   6%|▌         | 86/1524 [00:02<00:42, 33.89step/s]
[Origin 11/13] 🎲 Drawing Posterior Samples:   6%|▌         | 91/1524 [00:02<00:39, 36.36step/s]
[Origin 11/13] 🎲 Drawing Posterior Samples:   6%|▌         | 95/1524 [00:02<00:40, 35.53step/s]
[Origin 11/13] 🎲 Drawing Posterior Samples:   6%|▋         | 99/1524 [00:02<00:41, 33.93step/s]
[Origin 11/13] 🎲 Drawing Posterior Samples:   7%|▋         | 104/1524 [00:02<00:38, 36.82step/s]
[Origin 11/13] 🎲 Drawing Posterior Samples:   7%|▋         | 108/1524 [00:03<00:41, 33.84step/s]
[Origin 11/13] 🎲 Drawing Posterior Samples:   7%|▋         | 113/1524 [00:03<00:37, 37.67step/s]
[Origin 11/13] 🎲 Drawing Posterior Samples:   8%|▊         | 118/1524 [00:03<00:37, 37.45step/s]
[Origin 11/13] 🎲 Drawing Posterior Samples:   8%|▊         | 123/1524 [00:03<00:36, 38.08step/s]
[Origin 11/13] 🎲 Drawing Posterior Samples:   8%|▊         | 127/1524 [00:03<00:36, 38.56step/s]
[Origin 11/13] 🎲 Drawing Posterior Samples:   9%|▊         | 131/1524 [00:03<00:37, 37.19step/s]
[Origin 11/13] 🎲 Drawing Posterior Samples:   9%|▉         | 135/1524 [00:03<00:36, 37.78step/s]
[Origin 11/13] 🎲 Drawing Posterior Samples:   9%|▉         | 139/1524 [00:03<00:40, 34.19step/s]
[Origin 11/13] 🎲 Drawing Posterior Samples:   9%|▉         | 143/1524 [00:04<00:38, 35.61step/s]
[Origin 11/13] 🎲 Drawing Posterior Samples:  10%|▉         | 148/1524 [00:04<00:36, 37.43step/s]
[Origin 11/13] 🎲 Drawing Posterior Samples:  10%|█         | 153/1524 [00:04<00:35, 38.99step/s]
[Origin 11/13] 🎲 Drawing Posterior Samples:  10%|█         | 157/1524 [00:04<00:35, 38.62step/s]
[Origin 11/13] 🎲 Drawing Posterior Samples:  11%|█         | 161/1524 [00:04<00:36, 37.58step/s]
[Origin 11/13] 🎲 Drawing Posterior Samples:  11%|█         | 165/1524 [00:04<00:36, 37.60step/s]
[Origin 11/13] 🎲 Drawing Posterior Samples:  11%|█         | 171/1524 [00:04<00:32, 41.96step/s]
[Origin 11/13] 🎲 Drawing Posterior Samples:  12%|█▏        | 176/1524 [00:04<00:37, 35.48step/s]
[Origin 11/13] 🎲 Drawing Posterior Samples:  12%|█▏        | 180/1524 [00:04<00:37, 36.29step/s]
[Origin 11/13] 🎲 Drawing Posterior Samples:  12%|█▏        | 184/1524 [00:05<00:36, 37.05step/s]
[Origin 11/13] 🎲 Drawing Posterior Samples:  12%|█▏        | 188/1524 [00:05<00:36, 36.15step/s]
[Origin 11/13] 🎲 Drawing Posterior Samples:  13%|█▎        | 192/1524 [00:05<00:36, 36.64step/s]
[Origin 11/13] 🎲 Drawing Posterior Samples:  13%|█▎        | 196/1524 [00:05<00:38, 34.93step/s]
[Origin 11/13] 🎲 Drawing Posterior Samples:  13%|█▎        | 201/1524 [00:05<00:34, 38.02step/s]
[Origin 11/13] 🎲 Drawing Posterior Samples:  13%|█▎        | 205/1524 [00:05<00:39, 33.41step/s]
[Origin 11/13] 🎲 Drawing Posterior Samples:  14%|█▎        | 209/1524 [00:05<00:37, 35.01step/s]
[Origin 11/13] 🎲 Drawing Posterior Samples:  14%|█▍        | 213/1524 [00:05<00:38, 34.29step/s]
[Origin 11/13] 🎲 Drawing Posterior Samples:  14%|█▍        | 217/1524 [00:06<00:36, 35.54step/s]
[Origin 11/13] 🎲 Drawing Posterior Samples:  15%|█▍        | 221/1524 [00:06<00:35, 36.66step/s]
[Origin 11/13] 🎲 Drawing Posterior Samples:  15%|█▍        | 225/1524 [00:06<00:36, 35.86step/s]
[Origin 11/13] 🎲 Drawing Posterior Samples:  15%|█▌        | 229/1524 [00:06<00:37, 34.39step/s]
[Origin 11/13] 🎲 Drawing Posterior Samples:  15%|█▌        | 233/1524 [00:06<00:35, 35.88step/s]
[Origin 11/13] 🎲 Drawing Posterior Samples:  16%|█▌        | 238/1524 [00:06<00:35, 36.57step/s]
[Origin 11/13] 🎲 Drawing Posterior Samples:  16%|█▌        | 242/1524 [00:06<00:35, 36.54step/s]
[Origin 11/13] 🎲 Drawing Posterior Samples:  16%|█▌        | 246/1524 [00:06<00:35, 35.63step/s]
[Origin 11/13] 🎲 Drawing Posterior Samples:  16%|█▋        | 250/1524 [00:06<00:34, 36.59step/s]
[Origin 11/13] 🎲 Drawing Posterior Samples:  17%|█▋        | 254/1524 [00:07<00:34, 37.31step/s]
[Origin 11/13] 🎲 Drawing Posterior Samples:  17%|█▋        | 258/1524 [00:07<00:33, 37.97step/s]
[Origin 11/13] 🎲 Drawing Posterior Samples:  17%|█▋        | 262/1524 [00:07<00:34, 36.24step/s]
[Origin 11/13] 🎲 Drawing Posterior Samples:  17%|█▋        | 266/1524 [00:07<00:34, 36.85step/s]
[Origin 11/13] 🎲 Drawing Posterior Samples:  18%|█▊        | 270/1524 [00:07<00:33, 37.24step/s]
[Origin 11/13] 🎲 Drawing Posterior Samples:  18%|█▊        | 274/1524 [00:07<00:32, 37.99step/s]
[Origin 11/13] 🎲 Drawing Posterior Samples:  18%|█▊        | 278/1524 [00:07<00:34, 36.01step/s]
[Origin 11/13] 🎲 Drawing Posterior Samples:  19%|█▊        | 282/1524 [00:07<00:34, 35.99step/s]
[Origin 11/13] 🎲 Drawing Posterior Samples:  19%|█▉        | 286/1524 [00:07<00:38, 32.05step/s]
[Origin 11/13] 🎲 Drawing Posterior Samples:  19%|█▉        | 291/1524 [00:08<00:35, 35.04step/s]
[Origin 11/13] 🎲 Drawing Posterior Samples:  19%|█▉        | 295/1524 [00:08<00:33, 36.30step/s]
[Origin 11/13] 🎲 Drawing Posterior Samples:  20%|█▉        | 299/1524 [00:08<00:34, 35.00step/s]
[Origin 11/13] 🎲 Drawing Posterior Samples:  20%|█▉        | 303/1524 [00:08<00:34, 35.88step/s]
[Origin 11/13] 🎲 Drawing Posterior Samples:  20%|██        | 307/1524 [00:08<00:33, 36.53step/s]
[Origin 11/13] 🎲 Drawing Posterior Samples:  20%|██        | 311/1524 [00:08<00:34, 35.26step/s]
[Origin 11/13] 🎲 Drawing Posterior Samples:  21%|██        | 315/1524 [00:08<00:35, 34.51step/s]
[Origin 11/13] 🎲 Drawing Posterior Samples:  21%|██        | 319/1524 [00:08<00:37, 32.06step/s]
[Origin 11/13] 🎲 Drawing Posterior Samples:  21%|██        | 323/1524 [00:09<00:36, 32.87step/s]
[Origin 11/13] 🎲 Drawing Posterior Samples:  22%|██▏       | 328/1524 [00:09<00:32, 36.37step/s]
[Origin 11/13] 🎲 Drawing Posterior Samples:  22%|██▏       | 332/1524 [00:09<00:34, 34.46step/s]
[Origin 11/13] 🎲 Drawing Posterior Samples:  22%|██▏       | 338/1524 [00:09<00:30, 39.50step/s]
[Origin 11/13] 🎲 Drawing Posterior Samples:  23%|██▎       | 343/1524 [00:09<00:31, 38.02step/s]
[Origin 11/13] 🎲 Drawing Posterior Samples:  23%|██▎       | 347/1524 [00:10<01:07, 17.38step/s]
[Origin 11/13] 🎲 Drawing Posterior Samples:  23%|██▎       | 350/1524 [00:10<02:03,  9.49step/s]
[Origin 11/13] 🎲 Drawing Posterior Samples:  23%|██▎       | 353/1524 [00:11<02:43,  7.17step/s]
[Origin 11/13] 🎲 Drawing Posterior Samples:  23%|██▎       | 355/1524 [00:12<03:02,  6.41step/s]
[Origin 11/13] 🎲 Drawing Posterior Samples:  23%|██▎       | 357/1524 [00:12<03:14,  5.99step/s]
[Origin 11/13] 🎲 Drawing Posterior Samples:  24%|██▎       | 359/1524 [00:13<03:46,  5.14step/s]
[Origin 11/13] 🎲 Drawing Posterior Samples:  24%|██▎       | 360/1524 [00:13<03:56,  4.92step/s]
[Origin 11/13] 🎲 Drawing Posterior Samples:  24%|██▎       | 361/1524 [00:13<04:09,  4.66step/s]
[Origin 11/13] 🎲 Drawing Posterior Samples:  24%|██▍       | 362/1524 [00:13<04:31,  4.28step/s]
[Origin 11/13] 🎲 Drawing Posterior Samples:  24%|██▍       | 363/1524 [00:14<04:33,  4.25step/s]
[Origin 11/13] 🎲 Drawing Posterior Samples:  24%|██▍       | 364/1524 [00:14<04:44,  4.08step/s]
[Origin 11/13] 🎲 Drawing Posterior Samples:  24%|██▍       | 365/1524 [00:14<05:02,  3.83step/s]
[Origin 11/13] 🎲 Drawing Posterior Samples:  24%|██▍       | 366/1524 [00:15<05:27,  3.54step/s]
[Origin 11/13] 🎲 Drawing Posterior Samples:  24%|██▍       | 367/1524 [00:15<05:16,  3.65step/s]
[Origin 11/13] 🎲 Drawing Posterior Samples:  24%|██▍       | 368/1524 [00:15<05:20,  3.61step/s]
[Origin 11/13] 🎲 Drawing Posterior Samples:  24%|██▍       | 369/1524 [00:15<05:18,  3.63step/s]
[Origin 11/13] 🎲 Drawing Posterior Samples:  24%|██▍       | 370/1524 [00:16<05:45,  3.34step/s]
[Origin 11/13] 🎲 Drawing Posterior Samples:  24%|██▍       | 371/1524 [00:16<05:52,  3.27step/s]
[Origin 11/13] 🎲 Drawing Posterior Samples:  24%|██▍       | 372/1524 [00:16<05:16,  3.64step/s]
[Origin 11/13] 🎲 Drawing Posterior Samples:  24%|██▍       | 373/1524 [00:17<05:06,  3.75step/s]
[Origin 11/13] 🎲 Drawing Posterior Samples:  25%|██▍       | 374/1524 [00:17<05:06,  3.75step/s]
[Origin 11/13] 🎲 Drawing Posterior Samples:  25%|██▍       | 375/1524 [00:17<04:50,  3.95step/s]
[Origin 11/13] 🎲 Drawing Posterior Samples:  25%|██▍       | 376/1524 [00:17<04:45,  4.02step/s]
[Origin 11/13] 🎲 Drawing Posterior Samples:  25%|██▍       | 377/1524 [00:18<04:45,  4.02step/s]
[Origin 11/13] 🎲 Drawing Posterior Samples:  25%|██▍       | 378/1524 [00:18<04:39,  4.10step/s]
[Origin 11/13] 🎲 Drawing Posterior Samples:  25%|██▍       | 379/1524 [00:18<05:05,  3.74step/s]
[Origin 11/13] 🎲 Drawing Posterior Samples:  25%|██▍       | 380/1524 [00:18<05:00,  3.81step/s]
[Origin 11/13] 🎲 Drawing Posterior Samples:  25%|██▌       | 381/1524 [00:19<04:50,  3.94step/s]
[Origin 11/13] 🎲 Drawing Posterior Samples:  25%|██▌       | 382/1524 [00:43<2:25:29,  7.64s/step]
[Origin 11/13] 🎲 Drawing Posterior Samples:  25%|██▌       | 387/1524 [00:44<46:24,  2.45s/step]  
[Origin 11/13] 🎲 Drawing Posterior Samples:  26%|██▌       | 391/1524 [00:44<26:15,  1.39s/step]
[Origin 11/13] 🎲 Drawing Posterior Samples:  26%|██▌       | 396/1524 [00:44<14:51,  1.26step/s]
[Origin 11/13] 🎲 Drawing Posterior Samples:  26%|██▌       | 400/1524 [00:44<10:02,  1.86step/s]
[Origin 11/13] 🎲 Drawing Posterior Samples:  27%|██▋       | 404/1524 [00:44<06:55,  2.69step/s]
[Origin 11/13] 🎲 Drawing Posterior Samples:  27%|██▋       | 408/1524 [00:44<04:52,  3.82step/s]
[Origin 11/13] 🎲 Drawing Posterior Samples:  27%|██▋       | 412/1524 [00:44<03:31,  5.27step/s]
[Origin 11/13] 🎲 Drawing Posterior Samples:  27%|██▋       | 416/1524 [00:44<02:36,  7.07step/s]
[Origin 11/13] 🎲 Drawing Posterior Samples:  28%|██▊       | 420/1524 [00:45<01:58,  9.31step/s]
[Origin 11/13] 🎲 Drawing Posterior Samples:  28%|██▊       | 424/1524 [00:45<01:30, 12.13step/s]
[Origin 11/13] 🎲 Drawing Posterior Samples:  28%|██▊       | 430/1524 [00:45<01:03, 17.35step/s]
[Origin 11/13] 🎲 Drawing Posterior Samples:  29%|██▊       | 435/1524 [00:45<00:55, 19.67step/s]
[Origin 11/13] 🎲 Drawing Posterior Samples:  29%|██▉       | 440/1524 [00:45<00:45, 23.58step/s]
[Origin 11/13] 🎲 Drawing Posterior Samples:  29%|██▉       | 445/1524 [00:45<00:40, 26.57step/s]
[Origin 11/13] 🎲 Drawing Posterior Samples:  29%|██▉       | 449/1524 [00:45<00:37, 28.72step/s]
[Origin 11/13] 🎲 Drawing Posterior Samples:  30%|██▉       | 453/1524 [00:45<00:35, 30.25step/s]
[Origin 11/13] 🎲 Drawing Posterior Samples:  30%|██▉       | 457/1524 [00:46<00:35, 30.33step/s]
[Origin 11/13] 🎲 Drawing Posterior Samples:  30%|███       | 461/1524 [00:46<00:34, 30.43step/s]
[Origin 11/13] 🎲 Drawing Posterior Samples:  31%|███       | 467/1524 [00:46<00:29, 35.84step/s]
[Origin 11/13] 🎲 Drawing Posterior Samples:  31%|███       | 471/1524 [00:46<00:31, 33.72step/s]
[Origin 11/13] 🎲 Drawing Posterior Samples:  31%|███       | 476/1524 [00:46<00:29, 35.40step/s]
[Origin 11/13] 🎲 Drawing Posterior Samples:  32%|███▏      | 481/1524 [00:46<00:27, 38.19step/s]
[Origin 11/13] 🎲 Drawing Posterior Samples:  32%|███▏      | 485/1524 [00:46<00:27, 38.08step/s]
[Origin 11/13] 🎲 Drawing Posterior Samples:  32%|███▏      | 489/1524 [00:46<00:30, 34.18step/s]
[Origin 11/13] 🎲 Drawing Posterior Samples:  32%|███▏      | 494/1524 [00:47<00:28, 36.55step/s]
[Origin 11/13] 🎲 Drawing Posterior Samples:  33%|███▎      | 499/1524 [00:47<00:26, 38.18step/s]
[Origin 11/13] 🎲 Drawing Posterior Samples:  33%|███▎      | 503/1524 [00:47<00:26, 38.63step/s]
[Origin 11/13] 🎲 Drawing Posterior Samples:  33%|███▎      | 507/1524 [00:47<00:26, 38.89step/s]
[Origin 11/13] 🎲 Drawing Posterior Samples:  34%|███▎      | 511/1524 [00:47<00:28, 35.21step/s]
[Origin 11/13] 🎲 Drawing Posterior Samples:  34%|███▍      | 515/1524 [00:47<00:28, 36.01step/s]
[Origin 11/13] 🎲 Drawing Posterior Samples:  34%|███▍      | 520/1524 [00:47<00:26, 37.93step/s]
[Origin 11/13] 🎲 Drawing Posterior Samples:  34%|███▍      | 524/1524 [00:47<00:30, 33.01step/s]
[Origin 11/13] 🎲 Drawing Posterior Samples:  35%|███▍      | 528/1524 [00:47<00:28, 34.53step/s]
[Origin 11/13] 🎲 Drawing Posterior Samples:  35%|███▍      | 533/1524 [00:48<00:28, 34.75step/s]
[Origin 11/13] 🎲 Drawing Posterior Samples:  35%|███▌      | 537/1524 [00:48<00:27, 35.30step/s]
[Origin 11/13] 🎲 Drawing Posterior Samples:  36%|███▌      | 542/1524 [00:48<00:26, 37.63step/s]
[Origin 11/13] 🎲 Drawing Posterior Samples:  36%|███▌      | 546/1524 [00:48<00:27, 35.48step/s]
[Origin 11/13] 🎲 Drawing Posterior Samples:  36%|███▌      | 551/1524 [00:48<00:26, 37.32step/s]
[Origin 11/13] 🎲 Drawing Posterior Samples:  36%|███▋      | 555/1524 [00:48<00:26, 36.35step/s]
[Origin 11/13] 🎲 Drawing Posterior Samples:  37%|███▋      | 559/1524 [00:48<00:26, 36.15step/s]
[Origin 11/13] 🎲 Drawing Posterior Samples:  37%|███▋      | 563/1524 [00:48<00:26, 36.17step/s]
[Origin 11/13] 🎲 Drawing Posterior Samples:  37%|███▋      | 567/1524 [00:49<00:27, 35.06step/s]
[Origin 11/13] 🎲 Drawing Posterior Samples:  37%|███▋      | 571/1524 [00:49<00:26, 36.29step/s]
[Origin 11/13] 🎲 Drawing Posterior Samples:  38%|███▊      | 576/1524 [00:49<00:25, 36.66step/s]
[Origin 11/13] 🎲 Drawing Posterior Samples:  38%|███▊      | 580/1524 [00:49<00:25, 36.91step/s]
[Origin 11/13] 🎲 Drawing Posterior Samples:  38%|███▊      | 585/1524 [00:49<00:24, 38.50step/s]
[Origin 11/13] 🎲 Drawing Posterior Samples:  39%|███▊      | 589/1524 [00:49<00:26, 35.18step/s]
[Origin 11/13] 🎲 Drawing Posterior Samples:  39%|███▉      | 594/1524 [00:49<00:24, 37.62step/s]
[Origin 11/13] 🎲 Drawing Posterior Samples:  39%|███▉      | 598/1524 [00:49<00:26, 34.46step/s]
[Origin 11/13] 🎲 Drawing Posterior Samples:  40%|███▉      | 603/1524 [00:50<00:25, 36.45step/s]
[Origin 11/13] 🎲 Drawing Posterior Samples:  40%|███▉      | 607/1524 [00:50<00:24, 37.09step/s]
[Origin 11/13] 🎲 Drawing Posterior Samples:  40%|████      | 611/1524 [00:50<00:25, 36.33step/s]
[Origin 11/13] 🎲 Drawing Posterior Samples:  40%|████      | 615/1524 [00:50<00:25, 36.19step/s]
[Origin 11/13] 🎲 Drawing Posterior Samples:  41%|████      | 620/1524 [00:50<00:24, 36.83step/s]
[Origin 11/13] 🎲 Drawing Posterior Samples:  41%|████      | 624/1524 [00:50<00:24, 36.91step/s]
[Origin 11/13] 🎲 Drawing Posterior Samples:  41%|████▏     | 629/1524 [00:50<00:23, 38.46step/s]
[Origin 11/13] 🎲 Drawing Posterior Samples:  42%|████▏     | 633/1524 [00:50<00:25, 34.80step/s]
[Origin 11/13] 🎲 Drawing Posterior Samples:  42%|████▏     | 637/1524 [00:50<00:24, 35.81step/s]
[Origin 11/13] 🎲 Drawing Posterior Samples:  42%|████▏     | 641/1524 [00:51<00:24, 36.17step/s]
[Origin 11/13] 🎲 Drawing Posterior Samples:  42%|████▏     | 645/1524 [00:51<00:24, 35.28step/s]
[Origin 11/13] 🎲 Drawing Posterior Samples:  43%|████▎     | 649/1524 [00:51<00:25, 34.63step/s]
[Origin 11/13] 🎲 Drawing Posterior Samples:  43%|████▎     | 655/1524 [00:51<00:21, 39.83step/s]
[Origin 11/13] 🎲 Drawing Posterior Samples:  43%|████▎     | 660/1524 [00:51<00:28, 30.39step/s]
[Origin 11/13] 🎲 Drawing Posterior Samples:  44%|████▎     | 664/1524 [00:51<00:29, 28.83step/s]
[Origin 11/13] 🎲 Drawing Posterior Samples:  44%|████▍     | 668/1524 [00:51<00:27, 31.22step/s]
[Origin 11/13] 🎲 Drawing Posterior Samples:  44%|████▍     | 672/1524 [00:52<00:26, 31.99step/s]
[Origin 11/13] 🎲 Drawing Posterior Samples:  44%|████▍     | 676/1524 [00:52<00:25, 33.09step/s]
[Origin 11/13] 🎲 Drawing Posterior Samples:  45%|████▍     | 681/1524 [00:52<00:23, 35.47step/s]
[Origin 11/13] 🎲 Drawing Posterior Samples:  45%|████▌     | 686/1524 [00:52<00:22, 37.64step/s]
[Origin 11/13] 🎲 Drawing Posterior Samples:  45%|████▌     | 691/1524 [00:52<00:21, 38.90step/s]
[Origin 11/13] 🎲 Drawing Posterior Samples:  46%|████▌     | 696/1524 [00:52<00:20, 39.90step/s]
[Origin 11/13] 🎲 Drawing Posterior Samples:  46%|████▌     | 701/1524 [00:52<00:20, 40.30step/s]
[Origin 11/13] 🎲 Drawing Posterior Samples:  46%|████▋     | 706/1524 [00:52<00:21, 37.75step/s]
[Origin 11/13] 🎲 Drawing Posterior Samples:  47%|████▋     | 710/1524 [00:53<00:21, 37.80step/s]
[Origin 11/13] 🎲 Drawing Posterior Samples:  47%|████▋     | 715/1524 [00:53<00:20, 38.53step/s]
[Origin 11/13] 🎲 Drawing Posterior Samples:  47%|████▋     | 719/1524 [00:53<00:21, 36.95step/s]
[Origin 11/13] 🎲 Drawing Posterior Samples:  48%|████▊     | 724/1524 [00:53<00:20, 39.76step/s]
[Origin 11/13] 🎲 Drawing Posterior Samples:  48%|████▊     | 729/1524 [00:54<00:55, 14.35step/s]
[Origin 11/13] 🎲 Drawing Posterior Samples:  48%|████▊     | 732/1524 [00:54<01:20,  9.79step/s]
[Origin 11/13] 🎲 Drawing Posterior Samples:  48%|████▊     | 735/1524 [00:56<02:17,  5.74step/s]
[Origin 11/13] 🎲 Drawing Posterior Samples:  48%|████▊     | 737/1524 [00:57<03:58,  3.30step/s]
[Origin 11/13] 🎲 Drawing Posterior Samples:  48%|████▊     | 739/1524 [00:59<05:26,  2.41step/s]
[Origin 11/13] 🎲 Drawing Posterior Samples:  49%|████▊     | 740/1524 [01:00<05:27,  2.39step/s]
[Origin 11/13] 🎲 Drawing Posterior Samples:  49%|████▊     | 741/1524 [01:00<05:26,  2.40step/s]
[Origin 11/13] 🎲 Drawing Posterior Samples:  49%|████▊     | 742/1524 [01:00<05:22,  2.43step/s]
[Origin 11/13] 🎲 Drawing Posterior Samples:  49%|████▉     | 743/1524 [01:01<06:26,  2.02step/s]
[Origin 11/13] 🎲 Drawing Posterior Samples:  49%|████▉     | 744/1524 [01:02<08:27,  1.54step/s]
[Origin 11/13] 🎲 Drawing Posterior Samples:  49%|████▉     | 745/1524 [01:03<08:24,  1.54step/s]
[Origin 11/13] 🎲 Drawing Posterior Samples:  49%|████▉     | 746/1524 [01:04<09:28,  1.37step/s]
[Origin 11/13] 🎲 Drawing Posterior Samples:  49%|████▉     | 747/1524 [01:04<08:00,  1.62step/s]
[Origin 11/13] 🎲 Drawing Posterior Samples:  49%|████▉     | 748/1524 [01:04<06:45,  1.91step/s]
[Origin 11/13] 🎲 Drawing Posterior Samples:  49%|████▉     | 749/1524 [01:05<06:06,  2.11step/s]
[Origin 11/13] 🎲 Drawing Posterior Samples:  49%|████▉     | 750/1524 [01:05<05:33,  2.32step/s]
[Origin 11/13] 🎲 Drawing Posterior Samples:  49%|████▉     | 751/1524 [01:06<06:57,  1.85step/s]
[Origin 11/13] 🎲 Drawing Posterior Samples:  49%|████▉     | 752/1524 [01:07<08:06,  1.59step/s]
[Origin 11/13] 🎲 Drawing Posterior Samples:  49%|████▉     | 753/1524 [01:07<08:09,  1.57step/s]
[Origin 11/13] 🎲 Drawing Posterior Samples:  49%|████▉     | 754/1524 [01:08<07:43,  1.66step/s]
[Origin 11/13] 🎲 Drawing Posterior Samples:  50%|████▉     | 755/1524 [01:08<06:39,  1.92step/s]
[Origin 11/13] 🎲 Drawing Posterior Samples:  50%|████▉     | 756/1524 [01:09<05:58,  2.14step/s]
[Origin 11/13] 🎲 Drawing Posterior Samples:  50%|████▉     | 757/1524 [01:09<05:46,  2.21step/s]
[Origin 11/13] 🎲 Drawing Posterior Samples:  50%|████▉     | 758/1524 [01:09<05:06,  2.50step/s]
[Origin 11/13] 🎲 Drawing Posterior Samples:  50%|████▉     | 759/1524 [01:10<04:15,  2.99step/s]
[Origin 11/13] 🎲 Drawing Posterior Samples:  50%|████▉     | 760/1524 [01:10<03:37,  3.50step/s]
[Origin 11/13] 🎲 Drawing Posterior Samples:  50%|████▉     | 761/1524 [01:10<03:11,  3.98step/s]
[Origin 11/13] 🎲 Drawing Posterior Samples:  50%|█████     | 762/1524 [01:10<02:52,  4.41step/s]
[Origin 11/13] 🎲 Drawing Posterior Samples:  50%|█████     | 763/1524 [01:38<1:48:06,  8.52s/step]
[Origin 11/13] 🎲 Drawing Posterior Samples:  51%|█████     | 773/1524 [01:38<20:17,  1.62s/step]  
[Origin 11/13] 🎲 Drawing Posterior Samples:  51%|█████     | 778/1524 [01:38<12:51,  1.03s/step]
[Origin 11/13] 🎲 Drawing Posterior Samples:  51%|█████▏    | 784/1524 [01:38<07:56,  1.55step/s]
[Origin 11/13] 🎲 Drawing Posterior Samples:  52%|█████▏    | 788/1524 [01:38<05:51,  2.09step/s]
[Origin 11/13] 🎲 Drawing Posterior Samples:  52%|█████▏    | 792/1524 [01:39<04:21,  2.80step/s]
[Origin 11/13] 🎲 Drawing Posterior Samples:  52%|█████▏    | 796/1524 [01:39<03:12,  3.79step/s]
[Origin 11/13] 🎲 Drawing Posterior Samples:  52%|█████▏    | 800/1524 [01:39<02:23,  5.03step/s]
[Origin 11/13] 🎲 Drawing Posterior Samples:  53%|█████▎    | 804/1524 [01:39<01:50,  6.50step/s]
[Origin 11/13] 🎲 Drawing Posterior Samples:  53%|█████▎    | 808/1524 [01:39<01:24,  8.45step/s]
[Origin 11/13] 🎲 Drawing Posterior Samples:  53%|█████▎    | 812/1524 [01:39<01:04, 10.99step/s]
[Origin 11/13] 🎲 Drawing Posterior Samples:  54%|█████▎    | 816/1524 [01:39<00:51, 13.86step/s]
[Origin 11/13] 🎲 Drawing Posterior Samples:  54%|█████▍    | 820/1524 [01:39<00:41, 16.92step/s]
[Origin 11/13] 🎲 Drawing Posterior Samples:  54%|█████▍    | 825/1524 [01:40<00:32, 21.37step/s]
[Origin 11/13] 🎲 Drawing Posterior Samples:  54%|█████▍    | 829/1524 [01:40<00:29, 23.68step/s]
[Origin 11/13] 🎲 Drawing Posterior Samples:  55%|█████▍    | 833/1524 [01:40<00:25, 26.72step/s]
[Origin 11/13] 🎲 Drawing Posterior Samples:  55%|█████▍    | 838/1524 [01:40<00:22, 30.40step/s]
[Origin 11/13] 🎲 Drawing Posterior Samples:  55%|█████▌    | 842/1524 [01:40<00:21, 31.57step/s]
[Origin 11/13] 🎲 Drawing Posterior Samples:  56%|█████▌    | 846/1524 [01:40<00:21, 32.18step/s]
[Origin 11/13] 🎲 Drawing Posterior Samples:  56%|█████▌    | 850/1524 [01:40<00:20, 32.83step/s]
[Origin 11/13] 🎲 Drawing Posterior Samples:  56%|█████▌    | 854/1524 [01:40<00:20, 32.69step/s]
[Origin 11/13] 🎲 Drawing Posterior Samples:  56%|█████▋    | 859/1524 [01:41<00:18, 35.78step/s]
[Origin 11/13] 🎲 Drawing Posterior Samples:  57%|█████▋    | 864/1524 [01:41<00:18, 36.38step/s]
[Origin 11/13] 🎲 Drawing Posterior Samples:  57%|█████▋    | 869/1524 [01:41<00:16, 39.36step/s]
[Origin 11/13] 🎲 Drawing Posterior Samples:  57%|█████▋    | 874/1524 [01:41<00:18, 35.43step/s]
[Origin 11/13] 🎲 Drawing Posterior Samples:  58%|█████▊    | 878/1524 [01:41<00:17, 36.39step/s]
[Origin 11/13] 🎲 Drawing Posterior Samples:  58%|█████▊    | 883/1524 [01:41<00:16, 39.04step/s]
[Origin 11/13] 🎲 Drawing Posterior Samples:  58%|█████▊    | 888/1524 [01:41<00:16, 39.59step/s]
[Origin 11/13] 🎲 Drawing Posterior Samples:  59%|█████▊    | 893/1524 [01:41<00:18, 33.71step/s]
[Origin 11/13] 🎲 Drawing Posterior Samples:  59%|█████▉    | 898/1524 [01:42<00:17, 35.71step/s]
[Origin 11/13] 🎲 Drawing Posterior Samples:  59%|█████▉    | 902/1524 [01:42<00:17, 35.70step/s]
[Origin 11/13] 🎲 Drawing Posterior Samples:  60%|█████▉    | 907/1524 [01:42<00:15, 38.65step/s]
[Origin 11/13] 🎲 Drawing Posterior Samples:  60%|█████▉    | 911/1524 [01:42<00:16, 37.87step/s]
[Origin 11/13] 🎲 Drawing Posterior Samples:  60%|██████    | 916/1524 [01:42<00:15, 39.92step/s]
[Origin 11/13] 🎲 Drawing Posterior Samples:  60%|██████    | 921/1524 [01:42<00:14, 41.09step/s]
[Origin 11/13] 🎲 Drawing Posterior Samples:  61%|██████    | 926/1524 [01:42<00:13, 42.87step/s]
[Origin 11/13] 🎲 Drawing Posterior Samples:  61%|██████    | 931/1524 [01:42<00:15, 38.47step/s]
[Origin 11/13] 🎲 Drawing Posterior Samples:  61%|██████▏   | 935/1524 [01:43<00:15, 37.03step/s]
[Origin 11/13] 🎲 Drawing Posterior Samples:  62%|██████▏   | 939/1524 [01:43<00:16, 36.02step/s]
[Origin 11/13] 🎲 Drawing Posterior Samples:  62%|██████▏   | 943/1524 [01:43<00:15, 36.41step/s]
[Origin 11/13] 🎲 Drawing Posterior Samples:  62%|██████▏   | 947/1524 [01:43<00:15, 37.27step/s]
[Origin 11/13] 🎲 Drawing Posterior Samples:  62%|██████▏   | 952/1524 [01:43<00:14, 38.83step/s]
[Origin 11/13] 🎲 Drawing Posterior Samples:  63%|██████▎   | 956/1524 [01:43<00:15, 37.82step/s]
[Origin 11/13] 🎲 Drawing Posterior Samples:  63%|██████▎   | 960/1524 [01:43<00:14, 37.71step/s]
[Origin 11/13] 🎲 Drawing Posterior Samples:  63%|██████▎   | 964/1524 [01:43<00:15, 35.30step/s]
[Origin 11/13] 🎲 Drawing Posterior Samples:  64%|██████▎   | 968/1524 [01:43<00:16, 33.75step/s]
[Origin 11/13] 🎲 Drawing Posterior Samples:  64%|██████▍   | 972/1524 [01:44<00:15, 35.28step/s]
[Origin 11/13] 🎲 Drawing Posterior Samples:  64%|██████▍   | 976/1524 [01:44<00:15, 36.52step/s]
[Origin 11/13] 🎲 Drawing Posterior Samples:  64%|██████▍   | 981/1524 [01:44<00:14, 38.29step/s]
[Origin 11/13] 🎲 Drawing Posterior Samples:  65%|██████▍   | 985/1524 [01:44<00:14, 36.67step/s]
[Origin 11/13] 🎲 Drawing Posterior Samples:  65%|██████▍   | 990/1524 [01:44<00:13, 38.21step/s]
[Origin 11/13] 🎲 Drawing Posterior Samples:  65%|██████▌   | 995/1524 [01:44<00:13, 39.57step/s]
[Origin 11/13] 🎲 Drawing Posterior Samples:  66%|██████▌   | 999/1524 [01:44<00:13, 39.55step/s]
[Origin 11/13] 🎲 Drawing Posterior Samples:  66%|██████▌   | 1003/1524 [01:44<00:15, 34.28step/s]
[Origin 11/13] 🎲 Drawing Posterior Samples:  66%|██████▌   | 1007/1524 [01:45<00:15, 33.19step/s]
[Origin 11/13] 🎲 Drawing Posterior Samples:  66%|██████▋   | 1012/1524 [01:45<00:14, 36.30step/s]
[Origin 11/13] 🎲 Drawing Posterior Samples:  67%|██████▋   | 1016/1524 [01:45<00:14, 34.69step/s]
[Origin 11/13] 🎲 Drawing Posterior Samples:  67%|██████▋   | 1021/1524 [01:45<00:13, 36.89step/s]
[Origin 11/13] 🎲 Drawing Posterior Samples:  67%|██████▋   | 1025/1524 [01:45<00:13, 37.50step/s]
[Origin 11/13] 🎲 Drawing Posterior Samples:  68%|██████▊   | 1029/1524 [01:45<00:13, 36.05step/s]
[Origin 11/13] 🎲 Drawing Posterior Samples:  68%|██████▊   | 1034/1524 [01:45<00:12, 37.89step/s]
[Origin 11/13] 🎲 Drawing Posterior Samples:  68%|██████▊   | 1038/1524 [01:45<00:13, 35.47step/s]
[Origin 11/13] 🎲 Drawing Posterior Samples:  68%|██████▊   | 1042/1524 [01:45<00:13, 35.28step/s]
[Origin 11/13] 🎲 Drawing Posterior Samples:  69%|██████▊   | 1047/1524 [01:46<00:12, 37.64step/s]
[Origin 11/13] 🎲 Drawing Posterior Samples:  69%|██████▉   | 1051/1524 [01:46<00:13, 34.95step/s]
[Origin 11/13] 🎲 Drawing Posterior Samples:  69%|██████▉   | 1056/1524 [01:46<00:12, 37.77step/s]
[Origin 11/13] 🎲 Drawing Posterior Samples:  70%|██████▉   | 1060/1524 [01:46<00:12, 37.46step/s]
[Origin 11/13] 🎲 Drawing Posterior Samples:  70%|██████▉   | 1065/1524 [01:46<00:11, 40.00step/s]
[Origin 11/13] 🎲 Drawing Posterior Samples:  70%|███████   | 1070/1524 [01:46<00:12, 36.00step/s]
[Origin 11/13] 🎲 Drawing Posterior Samples:  70%|███████   | 1074/1524 [01:46<00:13, 32.43step/s]
[Origin 11/13] 🎲 Drawing Posterior Samples:  71%|███████   | 1078/1524 [01:47<00:15, 28.61step/s]
[Origin 11/13] 🎲 Drawing Posterior Samples:  71%|███████   | 1082/1524 [01:47<00:15, 28.97step/s]
[Origin 11/13] 🎲 Drawing Posterior Samples:  71%|███████▏  | 1086/1524 [01:47<00:13, 31.39step/s]
[Origin 11/13] 🎲 Drawing Posterior Samples:  72%|███████▏  | 1092/1524 [01:47<00:11, 36.88step/s]
[Origin 11/13] 🎲 Drawing Posterior Samples:  72%|███████▏  | 1096/1524 [01:47<00:11, 37.57step/s]
[Origin 11/13] 🎲 Drawing Posterior Samples:  72%|███████▏  | 1100/1524 [01:47<00:11, 37.21step/s]
[Origin 11/13] 🎲 Drawing Posterior Samples:  72%|███████▏  | 1104/1524 [01:47<00:11, 37.25step/s]
[Origin 11/13] 🎲 Drawing Posterior Samples:  73%|███████▎  | 1108/1524 [01:48<00:18, 22.34step/s]
[Origin 11/13] 🎲 Drawing Posterior Samples:  73%|███████▎  | 1111/1524 [01:48<00:32, 12.60step/s]
[Origin 11/13] 🎲 Drawing Posterior Samples:  73%|███████▎  | 1114/1524 [01:49<00:45,  8.99step/s]
[Origin 11/13] 🎲 Drawing Posterior Samples:  73%|███████▎  | 1116/1524 [01:49<00:55,  7.32step/s]
[Origin 11/13] 🎲 Drawing Posterior Samples:  73%|███████▎  | 1118/1524 [01:50<01:05,  6.20step/s]
[Origin 11/13] 🎲 Drawing Posterior Samples:  73%|███████▎  | 1120/1524 [01:50<01:07,  5.95step/s]
[Origin 11/13] 🎲 Drawing Posterior Samples:  74%|███████▎  | 1121/1524 [01:50<01:14,  5.44step/s]
[Origin 11/13] 🎲 Drawing Posterior Samples:  74%|███████▎  | 1122/1524 [01:51<01:26,  4.67step/s]
[Origin 11/13] 🎲 Drawing Posterior Samples:  74%|███████▎  | 1123/1524 [01:51<01:28,  4.51step/s]
[Origin 11/13] 🎲 Drawing Posterior Samples:  74%|███████▍  | 1124/1524 [01:51<01:36,  4.16step/s]
[Origin 11/13] 🎲 Drawing Posterior Samples:  74%|███████▍  | 1125/1524 [01:52<01:45,  3.79step/s]
[Origin 11/13] 🎲 Drawing Posterior Samples:  74%|███████▍  | 1126/1524 [01:52<01:39,  4.01step/s]
[Origin 11/13] 🎲 Drawing Posterior Samples:  74%|███████▍  | 1127/1524 [01:52<01:29,  4.42step/s]
[Origin 11/13] 🎲 Drawing Posterior Samples:  74%|███████▍  | 1128/1524 [01:52<01:23,  4.75step/s]
[Origin 11/13] 🎲 Drawing Posterior Samples:  74%|███████▍  | 1129/1524 [01:52<01:17,  5.07step/s]
[Origin 11/13] 🎲 Drawing Posterior Samples:  74%|███████▍  | 1130/1524 [01:53<01:17,  5.06step/s]
[Origin 11/13] 🎲 Drawing Posterior Samples:  74%|███████▍  | 1131/1524 [01:53<01:17,  5.06step/s]
[Origin 11/13] 🎲 Drawing Posterior Samples:  74%|███████▍  | 1132/1524 [01:53<01:21,  4.80step/s]
[Origin 11/13] 🎲 Drawing Posterior Samples:  74%|███████▍  | 1133/1524 [01:53<01:22,  4.72step/s]
[Origin 11/13] 🎲 Drawing Posterior Samples:  74%|███████▍  | 1134/1524 [01:53<01:26,  4.53step/s]
[Origin 11/13] 🎲 Drawing Posterior Samples:  74%|███████▍  | 1135/1524 [01:54<01:28,  4.41step/s]
[Origin 11/13] 🎲 Drawing Posterior Samples:  75%|███████▍  | 1136/1524 [01:54<01:26,  4.50step/s]
[Origin 11/13] 🎲 Drawing Posterior Samples:  75%|███████▍  | 1137/1524 [01:54<01:40,  3.84step/s]
[Origin 11/13] 🎲 Drawing Posterior Samples:  75%|███████▍  | 1138/1524 [01:54<01:36,  4.00step/s]
[Origin 11/13] 🎲 Drawing Posterior Samples:  75%|███████▍  | 1139/1524 [01:55<01:32,  4.15step/s]
[Origin 11/13] 🎲 Drawing Posterior Samples:  75%|███████▍  | 1140/1524 [01:55<01:29,  4.29step/s]
[Origin 11/13] 🎲 Drawing Posterior Samples:  75%|███████▍  | 1141/1524 [01:55<01:26,  4.43step/s]
[Origin 11/13] 🎲 Drawing Posterior Samples:  75%|███████▍  | 1142/1524 [01:55<01:23,  4.58step/s]
[Origin 11/13] 🎲 Drawing Posterior Samples:  75%|███████▌  | 1143/1524 [01:56<01:24,  4.53step/s]
[Origin 11/13] 🎲 Drawing Posterior Samples:  75%|███████▌  | 1144/1524 [02:15<37:12,  5.88s/step]
[Origin 11/13] 🎲 Drawing Posterior Samples:  76%|███████▌  | 1153/1524 [02:15<07:32,  1.22s/step]
[Origin 11/13] 🎲 Drawing Posterior Samples:  76%|███████▌  | 1160/1524 [02:15<03:58,  1.53step/s]
[Origin 11/13] 🎲 Drawing Posterior Samples:  77%|███████▋  | 1166/1524 [02:15<02:31,  2.36step/s]
[Origin 11/13] 🎲 Drawing Posterior Samples:  77%|███████▋  | 1171/1524 [02:15<01:46,  3.30step/s]
[Origin 11/13] 🎲 Drawing Posterior Samples:  77%|███████▋  | 1176/1524 [02:15<01:16,  4.54step/s]
[Origin 11/13] 🎲 Drawing Posterior Samples:  77%|███████▋  | 1180/1524 [02:15<00:59,  5.76step/s]
[Origin 11/13] 🎲 Drawing Posterior Samples:  78%|███████▊  | 1184/1524 [02:16<00:45,  7.46step/s]
[Origin 11/13] 🎲 Drawing Posterior Samples:  78%|███████▊  | 1188/1524 [02:16<00:35,  9.54step/s]
[Origin 11/13] 🎲 Drawing Posterior Samples:  78%|███████▊  | 1192/1524 [02:16<00:27, 12.13step/s]
[Origin 11/13] 🎲 Drawing Posterior Samples:  79%|███████▊  | 1197/1524 [02:16<00:20, 16.17step/s]
[Origin 11/13] 🎲 Drawing Posterior Samples:  79%|███████▉  | 1203/1524 [02:16<00:15, 21.16step/s]
[Origin 11/13] 🎲 Drawing Posterior Samples:  79%|███████▉  | 1208/1524 [02:16<00:13, 23.79step/s]
[Origin 11/13] 🎲 Drawing Posterior Samples:  80%|███████▉  | 1212/1524 [02:16<00:11, 26.54step/s]
[Origin 11/13] 🎲 Drawing Posterior Samples:  80%|███████▉  | 1217/1524 [02:16<00:10, 29.86step/s]
[Origin 11/13] 🎲 Drawing Posterior Samples:  80%|████████  | 1221/1524 [02:16<00:09, 31.89step/s]
[Origin 11/13] 🎲 Drawing Posterior Samples:  80%|████████  | 1226/1524 [02:17<00:08, 34.36step/s]
[Origin 11/13] 🎲 Drawing Posterior Samples:  81%|████████  | 1231/1524 [02:17<00:08, 34.51step/s]
[Origin 11/13] 🎲 Drawing Posterior Samples:  81%|████████  | 1235/1524 [02:17<00:08, 34.14step/s]
[Origin 11/13] 🎲 Drawing Posterior Samples:  81%|████████▏ | 1240/1524 [02:17<00:07, 36.38step/s]
[Origin 11/13] 🎲 Drawing Posterior Samples:  82%|████████▏ | 1246/1524 [02:17<00:06, 40.23step/s]
[Origin 11/13] 🎲 Drawing Posterior Samples:  82%|████████▏ | 1251/1524 [02:17<00:06, 41.32step/s]
[Origin 11/13] 🎲 Drawing Posterior Samples:  82%|████████▏ | 1256/1524 [02:17<00:07, 36.54step/s]
[Origin 11/13] 🎲 Drawing Posterior Samples:  83%|████████▎ | 1260/1524 [02:17<00:07, 34.54step/s]
[Origin 11/13] 🎲 Drawing Posterior Samples:  83%|████████▎ | 1264/1524 [02:18<00:07, 35.82step/s]
[Origin 11/13] 🎲 Drawing Posterior Samples:  83%|████████▎ | 1268/1524 [02:18<00:07, 35.24step/s]
[Origin 11/13] 🎲 Drawing Posterior Samples:  83%|████████▎ | 1272/1524 [02:18<00:07, 35.79step/s]
[Origin 11/13] 🎲 Drawing Posterior Samples:  84%|████████▎ | 1276/1524 [02:18<00:06, 36.88step/s]
[Origin 11/13] 🎲 Drawing Posterior Samples:  84%|████████▍ | 1281/1524 [02:18<00:06, 38.57step/s]
[Origin 11/13] 🎲 Drawing Posterior Samples:  84%|████████▍ | 1285/1524 [02:18<00:06, 38.65step/s]
[Origin 11/13] 🎲 Drawing Posterior Samples:  85%|████████▍ | 1289/1524 [02:18<00:06, 38.78step/s]
[Origin 11/13] 🎲 Drawing Posterior Samples:  85%|████████▍ | 1293/1524 [02:18<00:06, 37.78step/s]
[Origin 11/13] 🎲 Drawing Posterior Samples:  85%|████████▌ | 1297/1524 [02:18<00:06, 36.07step/s]
[Origin 11/13] 🎲 Drawing Posterior Samples:  85%|████████▌ | 1301/1524 [02:19<00:06, 34.13step/s]
[Origin 11/13] 🎲 Drawing Posterior Samples:  86%|████████▌ | 1305/1524 [02:19<00:06, 35.68step/s]
[Origin 11/13] 🎲 Drawing Posterior Samples:  86%|████████▌ | 1309/1524 [02:19<00:05, 36.76step/s]
[Origin 11/13] 🎲 Drawing Posterior Samples:  86%|████████▌ | 1314/1524 [02:19<00:05, 38.59step/s]
[Origin 11/13] 🎲 Drawing Posterior Samples:  86%|████████▋ | 1318/1524 [02:19<00:05, 38.93step/s]
[Origin 11/13] 🎲 Drawing Posterior Samples:  87%|████████▋ | 1322/1524 [02:19<00:05, 36.56step/s]
[Origin 11/13] 🎲 Drawing Posterior Samples:  87%|████████▋ | 1326/1524 [02:19<00:05, 35.96step/s]
[Origin 11/13] 🎲 Drawing Posterior Samples:  87%|████████▋ | 1330/1524 [02:19<00:05, 35.55step/s]
[Origin 11/13] 🎲 Drawing Posterior Samples:  88%|████████▊ | 1334/1524 [02:19<00:05, 36.18step/s]
[Origin 11/13] 🎲 Drawing Posterior Samples:  88%|████████▊ | 1338/1524 [02:20<00:05, 37.15step/s]
[Origin 11/13] 🎲 Drawing Posterior Samples:  88%|████████▊ | 1342/1524 [02:20<00:04, 36.51step/s]
[Origin 11/13] 🎲 Drawing Posterior Samples:  88%|████████▊ | 1346/1524 [02:20<00:04, 36.79step/s]
[Origin 11/13] 🎲 Drawing Posterior Samples:  89%|████████▊ | 1350/1524 [02:20<00:04, 37.38step/s]
[Origin 11/13] 🎲 Drawing Posterior Samples:  89%|████████▉ | 1355/1524 [02:20<00:04, 38.88step/s]
[Origin 11/13] 🎲 Drawing Posterior Samples:  89%|████████▉ | 1359/1524 [02:20<00:04, 38.95step/s]
[Origin 11/13] 🎲 Drawing Posterior Samples:  90%|████████▉ | 1364/1524 [02:20<00:03, 40.23step/s]
[Origin 11/13] 🎲 Drawing Posterior Samples:  90%|████████▉ | 1369/1524 [02:20<00:04, 34.67step/s]
[Origin 11/13] 🎲 Drawing Posterior Samples:  90%|█████████ | 1374/1524 [02:21<00:04, 37.15step/s]
[Origin 11/13] 🎲 Drawing Posterior Samples:  90%|█████████ | 1379/1524 [02:21<00:03, 36.39step/s]
[Origin 11/13] 🎲 Drawing Posterior Samples:  91%|█████████ | 1383/1524 [02:21<00:03, 36.51step/s]
[Origin 11/13] 🎲 Drawing Posterior Samples:  91%|█████████ | 1387/1524 [02:21<00:03, 36.55step/s]
[Origin 11/13] 🎲 Drawing Posterior Samples:  91%|█████████▏| 1392/1524 [02:21<00:03, 36.46step/s]
[Origin 11/13] 🎲 Drawing Posterior Samples:  92%|█████████▏| 1397/1524 [02:21<00:03, 38.25step/s]
[Origin 11/13] 🎲 Drawing Posterior Samples:  92%|█████████▏| 1401/1524 [02:21<00:03, 37.11step/s]
[Origin 11/13] 🎲 Drawing Posterior Samples:  92%|█████████▏| 1405/1524 [02:21<00:03, 35.01step/s]
[Origin 11/13] 🎲 Drawing Posterior Samples:  92%|█████████▏| 1409/1524 [02:22<00:03, 35.88step/s]
[Origin 11/13] 🎲 Drawing Posterior Samples:  93%|█████████▎| 1413/1524 [02:22<00:03, 35.15step/s]
[Origin 11/13] 🎲 Drawing Posterior Samples:  93%|█████████▎| 1418/1524 [02:22<00:02, 37.33step/s]
[Origin 11/13] 🎲 Drawing Posterior Samples:  93%|█████████▎| 1422/1524 [02:22<00:02, 37.76step/s]
[Origin 11/13] 🎲 Drawing Posterior Samples:  94%|█████████▎| 1426/1524 [02:22<00:02, 38.25step/s]
[Origin 11/13] 🎲 Drawing Posterior Samples:  94%|█████████▍| 1430/1524 [02:22<00:02, 37.78step/s]
[Origin 11/13] 🎲 Drawing Posterior Samples:  94%|█████████▍| 1434/1524 [02:22<00:02, 35.20step/s]
[Origin 11/13] 🎲 Drawing Posterior Samples:  94%|█████████▍| 1438/1524 [02:22<00:02, 35.69step/s]
[Origin 11/13] 🎲 Drawing Posterior Samples:  95%|█████████▍| 1442/1524 [02:22<00:02, 36.71step/s]
[Origin 11/13] 🎲 Drawing Posterior Samples:  95%|█████████▍| 1446/1524 [02:23<00:02, 35.85step/s]
[Origin 11/13] 🎲 Drawing Posterior Samples:  95%|█████████▌| 1450/1524 [02:23<00:02, 36.26step/s]
[Origin 11/13] 🎲 Drawing Posterior Samples:  96%|█████████▌| 1456/1524 [02:23<00:01, 41.16step/s]
[Origin 11/13] 🎲 Drawing Posterior Samples:  96%|█████████▌| 1461/1524 [02:23<00:01, 38.22step/s]
[Origin 11/13] 🎲 Drawing Posterior Samples:  96%|█████████▌| 1465/1524 [02:23<00:01, 38.36step/s]
[Origin 11/13] 🎲 Drawing Posterior Samples:  96%|█████████▋| 1469/1524 [02:23<00:01, 37.37step/s]
[Origin 11/13] 🎲 Drawing Posterior Samples:  97%|█████████▋| 1474/1524 [02:23<00:01, 40.74step/s]
[Origin 11/13] 🎲 Drawing Posterior Samples:  97%|█████████▋| 1479/1524 [02:23<00:01, 35.81step/s]
[Origin 11/13] 🎲 Drawing Posterior Samples:  97%|█████████▋| 1483/1524 [02:24<00:01, 34.30step/s]
[Origin 11/13] 🎲 Drawing Posterior Samples:  98%|█████████▊| 1487/1524 [02:24<00:01, 35.58step/s]
[Origin 11/13] 🎲 Drawing Posterior Samples:  98%|█████████▊| 1491/1524 [02:24<00:02, 15.67step/s]
[Origin 11/13] 🎲 Drawing Posterior Samples:  98%|█████████▊| 1494/1524 [02:25<00:02, 10.02step/s]
[Origin 11/13] 🎲 Drawing Posterior Samples:  98%|█████████▊| 1497/1524 [02:26<00:03,  7.71step/s]
[Origin 11/13] 🎲 Drawing Posterior Samples:  98%|█████████▊| 1499/1524 [02:26<00:03,  6.79step/s]
[Origin 11/13] 🎲 Drawing Posterior Samples:  98%|█████████▊| 1501/1524 [02:26<00:03,  5.99step/s]
[Origin 11/13] 🎲 Drawing Posterior Samples:  99%|█████████▊| 1502/1524 [02:27<00:03,  5.90step/s]
[Origin 11/13] 🎲 Drawing Posterior Samples:  99%|█████████▊| 1503/1524 [02:27<00:03,  5.74step/s]
[Origin 11/13] 🎲 Drawing Posterior Samples:  99%|█████████▊| 1504/1524 [02:27<00:03,  5.57step/s]
[Origin 11/13] 🎲 Drawing Posterior Samples:  99%|█████████▉| 1505/1524 [02:27<00:03,  5.34step/s]
[Origin 11/13] 🎲 Drawing Posterior Samples:  99%|█████████▉| 1506/1524 [02:27<00:03,  5.16step/s]
[Origin 11/13] 🎲 Drawing Posterior Samples:  99%|█████████▉| 1507/1524 [02:28<00:03,  4.81step/s]
[Origin 11/13] 🎲 Drawing Posterior Samples:  99%|█████████▉| 1508/1524 [02:28<00:03,  4.75step/s]
[Origin 11/13] 🎲 Drawing Posterior Samples:  99%|█████████▉| 1509/1524 [02:28<00:03,  4.70step/s]
[Origin 11/13] 🎲 Drawing Posterior Samples:  99%|█████████▉| 1510/1524 [02:28<00:02,  4.78step/s]
[Origin 11/13] 🎲 Drawing Posterior Samples:  99%|█████████▉| 1511/1524 [02:29<00:02,  4.83step/s]
[Origin 11/13] 🎲 Drawing Posterior Samples:  99%|█████████▉| 1512/1524 [02:29<00:02,  4.74step/s]
[Origin 11/13] 🎲 Drawing Posterior Samples:  99%|█████████▉| 1513/1524 [02:29<00:02,  4.83step/s]
[Origin 11/13] 🎲 Drawing Posterior Samples:  99%|█████████▉| 1514/1524 [02:29<00:02,  4.24step/s]
[Origin 11/13] 🎲 Drawing Posterior Samples:  99%|█████████▉| 1515/1524 [02:30<00:02,  4.11step/s]
[Origin 11/13] 🎲 Drawing Posterior Samples:  99%|█████████▉| 1516/1524 [02:30<00:01,  4.40step/s]
[Origin 11/13] 🎲 Drawing Posterior Samples: 100%|█████████▉| 1517/1524 [02:30<00:01,  3.96step/s]
[Origin 11/13] 🎲 Drawing Posterior Samples: 100%|█████████▉| 1518/1524 [02:30<00:01,  3.69step/s]
[Origin 11/13] 🎲 Drawing Posterior Samples: 100%|█████████▉| 1519/1524 [02:31<00:01,  3.86step/s]
[Origin 11/13] 🎲 Drawing Posterior Samples: 100%|█████████▉| 1520/1524 [02:31<00:01,  3.59step/s]
[Origin 11/13] 🎲 Drawing Posterior Samples: 100%|█████████▉| 1521/1524 [02:31<00:00,  3.66step/s]
[Origin 11/13] 🎲 Drawing Posterior Samples: 100%|█████████▉| 1522/1524 [02:32<00:00,  3.52step/s]
[Origin 11/13] 🎲 Drawing Posterior Samples: 100%|█████████▉| 1523/1524 [02:32<00:00,  3.49step/s]
[Origin 11/13] 🎲 Drawing Posterior Samples: 100%|██████████| 1524/1524 [02:32<00:00,  3.53step/s]
                                                                                                  

[Origin 12/13] 🎲 Drawing Posterior Samples:   0%|          | 0/1528 [00:00<?, ?step/s]
[Origin 12/13] 🎲 Drawing Posterior Samples:   1%|          | 9/1528 [00:00<00:18, 83.15step/s]
[Origin 12/13] 🎲 Drawing Posterior Samples:   1%|          | 18/1528 [00:00<00:30, 49.73step/s]
[Origin 12/13] 🎲 Drawing Posterior Samples:   2%|▏         | 24/1528 [00:00<00:34, 43.66step/s]
[Origin 12/13] 🎲 Drawing Posterior Samples:   2%|▏         | 29/1528 [00:00<00:36, 40.53step/s]
[Origin 12/13] 🎲 Drawing Posterior Samples:   2%|▏         | 34/1528 [00:00<00:45, 32.77step/s]
[Origin 12/13] 🎲 Drawing Posterior Samples:   2%|▏         | 38/1528 [00:00<00:45, 32.52step/s]
[Origin 12/13] 🎲 Drawing Posterior Samples:   3%|▎         | 43/1528 [00:01<00:44, 33.32step/s]
[Origin 12/13] 🎲 Drawing Posterior Samples:   3%|▎         | 47/1528 [00:01<00:46, 31.72step/s]
[Origin 12/13] 🎲 Drawing Posterior Samples:   3%|▎         | 51/1528 [00:01<00:49, 29.90step/s]
[Origin 12/13] 🎲 Drawing Posterior Samples:   4%|▎         | 55/1528 [00:01<00:50, 28.95step/s]
[Origin 12/13] 🎲 Drawing Posterior Samples:   4%|▍         | 58/1528 [00:01<00:52, 28.09step/s]
[Origin 12/13] 🎲 Drawing Posterior Samples:   4%|▍         | 61/1528 [00:01<00:52, 28.18step/s]
[Origin 12/13] 🎲 Drawing Posterior Samples:   4%|▍         | 64/1528 [00:01<00:52, 27.67step/s]
[Origin 12/13] 🎲 Drawing Posterior Samples:   4%|▍         | 68/1528 [00:02<00:52, 27.68step/s]
[Origin 12/13] 🎲 Drawing Posterior Samples:   5%|▍         | 72/1528 [00:02<00:48, 29.94step/s]
[Origin 12/13] 🎲 Drawing Posterior Samples:   5%|▍         | 76/1528 [00:02<00:45, 32.06step/s]
[Origin 12/13] 🎲 Drawing Posterior Samples:   5%|▌         | 80/1528 [00:02<00:49, 29.42step/s]
[Origin 12/13] 🎲 Drawing Posterior Samples:   5%|▌         | 84/1528 [00:02<00:57, 25.18step/s]
[Origin 12/13] 🎲 Drawing Posterior Samples:   6%|▌         | 87/1528 [00:02<00:59, 24.29step/s]
[Origin 12/13] 🎲 Drawing Posterior Samples:   6%|▌         | 91/1528 [00:02<00:57, 24.94step/s]
[Origin 12/13] 🎲 Drawing Posterior Samples:   6%|▌         | 95/1528 [00:03<00:53, 26.62step/s]
[Origin 12/13] 🎲 Drawing Posterior Samples:   6%|▋         | 98/1528 [00:03<00:54, 26.45step/s]
[Origin 12/13] 🎲 Drawing Posterior Samples:   7%|▋         | 102/1528 [00:03<00:48, 29.52step/s]
[Origin 12/13] 🎲 Drawing Posterior Samples:   7%|▋         | 106/1528 [00:03<00:50, 28.07step/s]
[Origin 12/13] 🎲 Drawing Posterior Samples:   7%|▋         | 109/1528 [00:03<00:55, 25.63step/s]
[Origin 12/13] 🎲 Drawing Posterior Samples:   7%|▋         | 112/1528 [00:03<00:55, 25.53step/s]
[Origin 12/13] 🎲 Drawing Posterior Samples:   8%|▊         | 115/1528 [00:03<00:56, 24.82step/s]
[Origin 12/13] 🎲 Drawing Posterior Samples:   8%|▊         | 118/1528 [00:03<00:54, 25.64step/s]
[Origin 12/13] 🎲 Drawing Posterior Samples:   8%|▊         | 121/1528 [00:04<00:53, 26.22step/s]
[Origin 12/13] 🎲 Drawing Posterior Samples:   8%|▊         | 125/1528 [00:04<00:51, 27.49step/s]
[Origin 12/13] 🎲 Drawing Posterior Samples:   8%|▊         | 129/1528 [00:04<00:49, 28.07step/s]
[Origin 12/13] 🎲 Drawing Posterior Samples:   9%|▊         | 132/1528 [00:04<00:55, 25.20step/s]
[Origin 12/13] 🎲 Drawing Posterior Samples:   9%|▉         | 135/1528 [00:04<00:55, 25.03step/s]
[Origin 12/13] 🎲 Drawing Posterior Samples:   9%|▉         | 139/1528 [00:04<00:52, 26.41step/s]
[Origin 12/13] 🎲 Drawing Posterior Samples:   9%|▉         | 142/1528 [00:04<00:53, 25.89step/s]
[Origin 12/13] 🎲 Drawing Posterior Samples:   9%|▉         | 145/1528 [00:04<00:53, 25.96step/s]
[Origin 12/13] 🎲 Drawing Posterior Samples:  10%|▉         | 148/1528 [00:05<00:51, 26.65step/s]
[Origin 12/13] 🎲 Drawing Posterior Samples:  10%|▉         | 151/1528 [00:05<00:52, 26.32step/s]
[Origin 12/13] 🎲 Drawing Posterior Samples:  10%|█         | 155/1528 [00:05<00:51, 26.42step/s]
[Origin 12/13] 🎲 Drawing Posterior Samples:  10%|█         | 158/1528 [00:05<00:53, 25.47step/s]
[Origin 12/13] 🎲 Drawing Posterior Samples:  11%|█         | 161/1528 [00:05<00:57, 23.67step/s]
[Origin 12/13] 🎲 Drawing Posterior Samples:  11%|█         | 165/1528 [00:05<00:51, 26.49step/s]
[Origin 12/13] 🎲 Drawing Posterior Samples:  11%|█         | 169/1528 [00:05<00:49, 27.60step/s]
[Origin 12/13] 🎲 Drawing Posterior Samples:  11%|█▏        | 172/1528 [00:05<00:48, 27.86step/s]
[Origin 12/13] 🎲 Drawing Posterior Samples:  11%|█▏        | 175/1528 [00:06<00:49, 27.49step/s]
[Origin 12/13] 🎲 Drawing Posterior Samples:  12%|█▏        | 178/1528 [00:06<00:48, 27.94step/s]
[Origin 12/13] 🎲 Drawing Posterior Samples:  12%|█▏        | 182/1528 [00:06<00:46, 28.94step/s]
[Origin 12/13] 🎲 Drawing Posterior Samples:  12%|█▏        | 185/1528 [00:06<00:48, 27.61step/s]
[Origin 12/13] 🎲 Drawing Posterior Samples:  12%|█▏        | 188/1528 [00:06<00:51, 26.04step/s]
[Origin 12/13] 🎲 Drawing Posterior Samples:  12%|█▎        | 191/1528 [00:06<00:50, 26.55step/s]
[Origin 12/13] 🎲 Drawing Posterior Samples:  13%|█▎        | 194/1528 [00:06<00:48, 27.33step/s]
[Origin 12/13] 🎲 Drawing Posterior Samples:  13%|█▎        | 197/1528 [00:06<00:48, 27.19step/s]
[Origin 12/13] 🎲 Drawing Posterior Samples:  13%|█▎        | 200/1528 [00:07<00:49, 26.87step/s]
[Origin 12/13] 🎲 Drawing Posterior Samples:  13%|█▎        | 203/1528 [00:07<00:49, 26.90step/s]
[Origin 12/13] 🎲 Drawing Posterior Samples:  14%|█▎        | 207/1528 [00:07<00:43, 30.28step/s]
[Origin 12/13] 🎲 Drawing Posterior Samples:  14%|█▍        | 211/1528 [00:07<00:49, 26.86step/s]
[Origin 12/13] 🎲 Drawing Posterior Samples:  14%|█▍        | 214/1528 [00:07<00:48, 27.07step/s]
[Origin 12/13] 🎲 Drawing Posterior Samples:  14%|█▍        | 218/1528 [00:07<00:47, 27.74step/s]
[Origin 12/13] 🎲 Drawing Posterior Samples:  15%|█▍        | 222/1528 [00:07<00:43, 29.83step/s]
[Origin 12/13] 🎲 Drawing Posterior Samples:  15%|█▍        | 226/1528 [00:07<00:43, 29.88step/s]
[Origin 12/13] 🎲 Drawing Posterior Samples:  15%|█▌        | 230/1528 [00:08<00:45, 28.32step/s]
[Origin 12/13] 🎲 Drawing Posterior Samples:  15%|█▌        | 234/1528 [00:08<00:45, 28.47step/s]
[Origin 12/13] 🎲 Drawing Posterior Samples:  16%|█▌        | 238/1528 [00:08<00:43, 29.52step/s]
[Origin 12/13] 🎲 Drawing Posterior Samples:  16%|█▌        | 242/1528 [00:08<00:44, 28.81step/s]
[Origin 12/13] 🎲 Drawing Posterior Samples:  16%|█▌        | 245/1528 [00:08<00:48, 26.71step/s]
[Origin 12/13] 🎲 Drawing Posterior Samples:  16%|█▌        | 248/1528 [00:08<00:47, 27.23step/s]
[Origin 12/13] 🎲 Drawing Posterior Samples:  16%|█▋        | 252/1528 [00:08<00:42, 29.83step/s]
[Origin 12/13] 🎲 Drawing Posterior Samples:  17%|█▋        | 256/1528 [00:08<00:46, 27.28step/s]
[Origin 12/13] 🎲 Drawing Posterior Samples:  17%|█▋        | 260/1528 [00:09<00:44, 28.59step/s]
[Origin 12/13] 🎲 Drawing Posterior Samples:  17%|█▋        | 263/1528 [00:09<00:46, 27.33step/s]
[Origin 12/13] 🎲 Drawing Posterior Samples:  17%|█▋        | 266/1528 [00:09<00:46, 27.18step/s]
[Origin 12/13] 🎲 Drawing Posterior Samples:  18%|█▊        | 269/1528 [00:09<00:47, 26.32step/s]
[Origin 12/13] 🎲 Drawing Posterior Samples:  18%|█▊        | 272/1528 [00:09<00:47, 26.23step/s]
[Origin 12/13] 🎲 Drawing Posterior Samples:  18%|█▊        | 275/1528 [00:09<00:47, 26.30step/s]
[Origin 12/13] 🎲 Drawing Posterior Samples:  18%|█▊        | 279/1528 [00:09<00:43, 28.54step/s]
[Origin 12/13] 🎲 Drawing Posterior Samples:  19%|█▊        | 283/1528 [00:09<00:39, 31.56step/s]
[Origin 12/13] 🎲 Drawing Posterior Samples:  19%|█▉        | 287/1528 [00:10<00:39, 31.52step/s]
[Origin 12/13] 🎲 Drawing Posterior Samples:  19%|█▉        | 291/1528 [00:10<00:37, 33.25step/s]
[Origin 12/13] 🎲 Drawing Posterior Samples:  19%|█▉        | 295/1528 [00:10<00:36, 33.80step/s]
[Origin 12/13] 🎲 Drawing Posterior Samples:  20%|█▉        | 299/1528 [00:10<00:43, 27.98step/s]
[Origin 12/13] 🎲 Drawing Posterior Samples:  20%|█▉        | 302/1528 [00:10<00:46, 26.28step/s]
[Origin 12/13] 🎲 Drawing Posterior Samples:  20%|█▉        | 305/1528 [00:10<00:46, 26.58step/s]
[Origin 12/13] 🎲 Drawing Posterior Samples:  20%|██        | 309/1528 [00:10<00:40, 29.92step/s]
[Origin 12/13] 🎲 Drawing Posterior Samples:  20%|██        | 313/1528 [00:10<00:39, 30.70step/s]
[Origin 12/13] 🎲 Drawing Posterior Samples:  21%|██        | 317/1528 [00:11<00:39, 30.78step/s]
[Origin 12/13] 🎲 Drawing Posterior Samples:  21%|██        | 321/1528 [00:11<00:38, 31.54step/s]
[Origin 12/13] 🎲 Drawing Posterior Samples:  21%|██▏       | 325/1528 [00:11<00:41, 28.79step/s]
[Origin 12/13] 🎲 Drawing Posterior Samples:  21%|██▏       | 328/1528 [00:11<00:44, 26.74step/s]
[Origin 12/13] 🎲 Drawing Posterior Samples:  22%|██▏       | 331/1528 [00:11<00:45, 26.07step/s]
[Origin 12/13] 🎲 Drawing Posterior Samples:  22%|██▏       | 334/1528 [00:11<00:49, 24.33step/s]
[Origin 12/13] 🎲 Drawing Posterior Samples:  22%|██▏       | 337/1528 [00:11<00:47, 24.98step/s]
[Origin 12/13] 🎲 Drawing Posterior Samples:  22%|██▏       | 342/1528 [00:12<00:42, 27.64step/s]
[Origin 12/13] 🎲 Drawing Posterior Samples:  23%|██▎       | 345/1528 [00:12<00:45, 26.27step/s]
[Origin 12/13] 🎲 Drawing Posterior Samples:  23%|██▎       | 348/1528 [00:12<01:30, 13.00step/s]
[Origin 12/13] 🎲 Drawing Posterior Samples:  23%|██▎       | 350/1528 [00:13<02:14,  8.74step/s]
[Origin 12/13] 🎲 Drawing Posterior Samples:  23%|██▎       | 352/1528 [00:13<02:42,  7.22step/s]
[Origin 12/13] 🎲 Drawing Posterior Samples:  23%|██▎       | 354/1528 [00:14<03:05,  6.34step/s]
[Origin 12/13] 🎲 Drawing Posterior Samples:  23%|██▎       | 355/1528 [00:14<03:28,  5.63step/s]
[Origin 12/13] 🎲 Drawing Posterior Samples:  23%|██▎       | 356/1528 [00:14<03:40,  5.31step/s]
[Origin 12/13] 🎲 Drawing Posterior Samples:  23%|██▎       | 357/1528 [00:14<03:54,  5.00step/s]
[Origin 12/13] 🎲 Drawing Posterior Samples:  23%|██▎       | 358/1528 [00:15<04:00,  4.86step/s]
[Origin 12/13] 🎲 Drawing Posterior Samples:  23%|██▎       | 359/1528 [00:15<04:01,  4.83step/s]
[Origin 12/13] 🎲 Drawing Posterior Samples:  24%|██▎       | 360/1528 [00:15<03:56,  4.95step/s]
[Origin 12/13] 🎲 Drawing Posterior Samples:  24%|██▎       | 361/1528 [00:15<04:17,  4.53step/s]
[Origin 12/13] 🎲 Drawing Posterior Samples:  24%|██▎       | 362/1528 [00:16<04:22,  4.43step/s]
[Origin 12/13] 🎲 Drawing Posterior Samples:  24%|██▍       | 363/1528 [00:16<04:13,  4.60step/s]
[Origin 12/13] 🎲 Drawing Posterior Samples:  24%|██▍       | 364/1528 [00:16<04:26,  4.36step/s]
[Origin 12/13] 🎲 Drawing Posterior Samples:  24%|██▍       | 365/1528 [00:16<04:31,  4.29step/s]
[Origin 12/13] 🎲 Drawing Posterior Samples:  24%|██▍       | 366/1528 [00:16<04:25,  4.37step/s]
[Origin 12/13] 🎲 Drawing Posterior Samples:  24%|██▍       | 367/1528 [00:17<04:20,  4.45step/s]
[Origin 12/13] 🎲 Drawing Posterior Samples:  24%|██▍       | 368/1528 [00:17<04:23,  4.40step/s]
[Origin 12/13] 🎲 Drawing Posterior Samples:  24%|██▍       | 369/1528 [00:17<04:21,  4.42step/s]
[Origin 12/13] 🎲 Drawing Posterior Samples:  24%|██▍       | 370/1528 [00:17<04:52,  3.96step/s]
[Origin 12/13] 🎲 Drawing Posterior Samples:  24%|██▍       | 371/1528 [00:18<04:56,  3.91step/s]
[Origin 12/13] 🎲 Drawing Posterior Samples:  24%|██▍       | 372/1528 [00:18<04:56,  3.89step/s]
[Origin 12/13] 🎲 Drawing Posterior Samples:  24%|██▍       | 373/1528 [00:18<04:56,  3.90step/s]
[Origin 12/13] 🎲 Drawing Posterior Samples:  24%|██▍       | 374/1528 [00:18<05:07,  3.75step/s]
[Origin 12/13] 🎲 Drawing Posterior Samples:  25%|██▍       | 375/1528 [00:19<05:02,  3.81step/s]
[Origin 12/13] 🎲 Drawing Posterior Samples:  25%|██▍       | 376/1528 [00:19<04:55,  3.90step/s]
[Origin 12/13] 🎲 Drawing Posterior Samples:  25%|██▍       | 377/1528 [00:19<05:17,  3.62step/s]
[Origin 12/13] 🎲 Drawing Posterior Samples:  25%|██▍       | 378/1528 [00:20<05:42,  3.36step/s]
[Origin 12/13] 🎲 Drawing Posterior Samples:  25%|██▍       | 379/1528 [00:20<05:21,  3.58step/s]
[Origin 12/13] 🎲 Drawing Posterior Samples:  25%|██▍       | 380/1528 [00:20<05:04,  3.78step/s]
[Origin 12/13] 🎲 Drawing Posterior Samples:  25%|██▍       | 381/1528 [00:20<05:32,  3.45step/s]
[Origin 12/13] 🎲 Drawing Posterior Samples:  25%|██▌       | 382/1528 [00:21<05:21,  3.57step/s]
[Origin 12/13] 🎲 Drawing Posterior Samples:  25%|██▌       | 383/1528 [00:49<2:44:44,  8.63s/step]
[Origin 12/13] 🎲 Drawing Posterior Samples:  25%|██▌       | 388/1528 [00:49<52:29,  2.76s/step]  
[Origin 12/13] 🎲 Drawing Posterior Samples:  26%|██▌       | 392/1528 [00:49<29:36,  1.56s/step]
[Origin 12/13] 🎲 Drawing Posterior Samples:  26%|██▌       | 397/1528 [00:49<16:45,  1.12step/s]
[Origin 12/13] 🎲 Drawing Posterior Samples:  26%|██▌       | 401/1528 [00:49<11:17,  1.66step/s]
[Origin 12/13] 🎲 Drawing Posterior Samples:  27%|██▋       | 405/1528 [00:49<07:46,  2.41step/s]
[Origin 12/13] 🎲 Drawing Posterior Samples:  27%|██▋       | 409/1528 [00:50<05:26,  3.42step/s]
[Origin 12/13] 🎲 Drawing Posterior Samples:  27%|██▋       | 413/1528 [00:50<03:54,  4.75step/s]
[Origin 12/13] 🎲 Drawing Posterior Samples:  27%|██▋       | 417/1528 [00:50<02:50,  6.50step/s]
[Origin 12/13] 🎲 Drawing Posterior Samples:  28%|██▊       | 421/1528 [00:50<02:06,  8.72step/s]
[Origin 12/13] 🎲 Drawing Posterior Samples:  28%|██▊       | 425/1528 [00:50<01:38, 11.23step/s]
[Origin 12/13] 🎲 Drawing Posterior Samples:  28%|██▊       | 429/1528 [00:50<01:16, 14.34step/s]
[Origin 12/13] 🎲 Drawing Posterior Samples:  28%|██▊       | 434/1528 [00:50<00:59, 18.38step/s]
[Origin 12/13] 🎲 Drawing Posterior Samples:  29%|██▊       | 438/1528 [00:50<00:51, 21.26step/s]
[Origin 12/13] 🎲 Drawing Posterior Samples:  29%|██▉       | 443/1528 [00:50<00:42, 25.58step/s]
[Origin 12/13] 🎲 Drawing Posterior Samples:  29%|██▉       | 448/1528 [00:51<00:36, 29.31step/s]
[Origin 12/13] 🎲 Drawing Posterior Samples:  30%|██▉       | 452/1528 [00:51<00:35, 30.24step/s]
[Origin 12/13] 🎲 Drawing Posterior Samples:  30%|██▉       | 456/1528 [00:51<00:33, 32.23step/s]
[Origin 12/13] 🎲 Drawing Posterior Samples:  30%|███       | 460/1528 [00:51<00:31, 34.00step/s]
[Origin 12/13] 🎲 Drawing Posterior Samples:  30%|███       | 464/1528 [00:51<00:30, 35.44step/s]
[Origin 12/13] 🎲 Drawing Posterior Samples:  31%|███       | 468/1528 [00:51<00:30, 34.33step/s]
[Origin 12/13] 🎲 Drawing Posterior Samples:  31%|███       | 473/1528 [00:51<00:28, 36.64step/s]
[Origin 12/13] 🎲 Drawing Posterior Samples:  31%|███       | 477/1528 [00:51<00:28, 37.51step/s]
[Origin 12/13] 🎲 Drawing Posterior Samples:  31%|███▏      | 481/1528 [00:51<00:28, 36.19step/s]
[Origin 12/13] 🎲 Drawing Posterior Samples:  32%|███▏      | 485/1528 [00:52<00:28, 36.68step/s]
[Origin 12/13] 🎲 Drawing Posterior Samples:  32%|███▏      | 490/1528 [00:52<00:27, 38.10step/s]
[Origin 12/13] 🎲 Drawing Posterior Samples:  32%|███▏      | 495/1528 [00:52<00:26, 39.67step/s]
[Origin 12/13] 🎲 Drawing Posterior Samples:  33%|███▎      | 499/1528 [00:52<00:30, 33.93step/s]
[Origin 12/13] 🎲 Drawing Posterior Samples:  33%|███▎      | 504/1528 [00:52<00:28, 35.93step/s]
[Origin 12/13] 🎲 Drawing Posterior Samples:  33%|███▎      | 508/1528 [00:52<00:27, 36.95step/s]
[Origin 12/13] 🎲 Drawing Posterior Samples:  34%|███▎      | 512/1528 [00:52<00:27, 36.44step/s]
[Origin 12/13] 🎲 Drawing Posterior Samples:  34%|███▍      | 516/1528 [00:52<00:28, 36.14step/s]
[Origin 12/13] 🎲 Drawing Posterior Samples:  34%|███▍      | 521/1528 [00:53<00:26, 37.86step/s]
[Origin 12/13] 🎲 Drawing Posterior Samples:  34%|███▍      | 525/1528 [00:53<00:26, 38.28step/s]
[Origin 12/13] 🎲 Drawing Posterior Samples:  35%|███▍      | 529/1528 [00:53<00:27, 36.54step/s]
[Origin 12/13] 🎲 Drawing Posterior Samples:  35%|███▍      | 533/1528 [00:53<00:26, 36.92step/s]
[Origin 12/13] 🎲 Drawing Posterior Samples:  35%|███▌      | 537/1528 [00:53<00:27, 36.35step/s]
[Origin 12/13] 🎲 Drawing Posterior Samples:  35%|███▌      | 541/1528 [00:53<00:28, 35.22step/s]
[Origin 12/13] 🎲 Drawing Posterior Samples:  36%|███▌      | 546/1528 [00:53<00:26, 36.41step/s]
[Origin 12/13] 🎲 Drawing Posterior Samples:  36%|███▌      | 551/1528 [00:53<00:25, 38.21step/s]
[Origin 12/13] 🎲 Drawing Posterior Samples:  36%|███▋      | 557/1528 [00:53<00:23, 41.11step/s]
[Origin 12/13] 🎲 Drawing Posterior Samples:  37%|███▋      | 562/1528 [00:54<00:24, 39.76step/s]
[Origin 12/13] 🎲 Drawing Posterior Samples:  37%|███▋      | 566/1528 [00:54<00:26, 36.73step/s]
[Origin 12/13] 🎲 Drawing Posterior Samples:  37%|███▋      | 571/1528 [00:54<00:24, 38.95step/s]
[Origin 12/13] 🎲 Drawing Posterior Samples:  38%|███▊      | 575/1528 [00:54<00:28, 32.97step/s]
[Origin 12/13] 🎲 Drawing Posterior Samples:  38%|███▊      | 580/1528 [00:54<00:26, 35.46step/s]
[Origin 12/13] 🎲 Drawing Posterior Samples:  38%|███▊      | 584/1528 [00:54<00:25, 36.54step/s]
[Origin 12/13] 🎲 Drawing Posterior Samples:  38%|███▊      | 588/1528 [00:54<00:26, 35.49step/s]
[Origin 12/13] 🎲 Drawing Posterior Samples:  39%|███▉      | 594/1528 [00:54<00:23, 40.36step/s]
[Origin 12/13] 🎲 Drawing Posterior Samples:  39%|███▉      | 599/1528 [00:55<00:24, 38.23step/s]
[Origin 12/13] 🎲 Drawing Posterior Samples:  39%|███▉      | 603/1528 [00:55<00:24, 37.93step/s]
[Origin 12/13] 🎲 Drawing Posterior Samples:  40%|███▉      | 608/1528 [00:55<00:23, 39.85step/s]
[Origin 12/13] 🎲 Drawing Posterior Samples:  40%|████      | 613/1528 [00:55<00:26, 34.72step/s]
[Origin 12/13] 🎲 Drawing Posterior Samples:  40%|████      | 618/1528 [00:55<00:24, 36.71step/s]
[Origin 12/13] 🎲 Drawing Posterior Samples:  41%|████      | 623/1528 [00:55<00:23, 38.28step/s]
[Origin 12/13] 🎲 Drawing Posterior Samples:  41%|████      | 627/1528 [00:55<00:24, 36.30step/s]
[Origin 12/13] 🎲 Drawing Posterior Samples:  41%|████▏     | 632/1528 [00:55<00:23, 38.32step/s]
[Origin 12/13] 🎲 Drawing Posterior Samples:  42%|████▏     | 638/1528 [00:56<00:21, 40.71step/s]
[Origin 12/13] 🎲 Drawing Posterior Samples:  42%|████▏     | 643/1528 [00:56<00:23, 37.49step/s]
[Origin 12/13] 🎲 Drawing Posterior Samples:  42%|████▏     | 648/1528 [00:56<00:24, 36.28step/s]
[Origin 12/13] 🎲 Drawing Posterior Samples:  43%|████▎     | 652/1528 [00:56<00:24, 35.88step/s]
[Origin 12/13] 🎲 Drawing Posterior Samples:  43%|████▎     | 656/1528 [00:56<00:23, 36.81step/s]
[Origin 12/13] 🎲 Drawing Posterior Samples:  43%|████▎     | 661/1528 [00:56<00:22, 38.09step/s]
[Origin 12/13] 🎲 Drawing Posterior Samples:  44%|████▎     | 665/1528 [00:56<00:23, 37.06step/s]
[Origin 12/13] 🎲 Drawing Posterior Samples:  44%|████▍     | 669/1528 [00:56<00:22, 37.37step/s]
[Origin 12/13] 🎲 Drawing Posterior Samples:  44%|████▍     | 675/1528 [00:57<00:20, 41.64step/s]
[Origin 12/13] 🎲 Drawing Posterior Samples:  45%|████▍     | 680/1528 [00:57<00:23, 36.72step/s]
[Origin 12/13] 🎲 Drawing Posterior Samples:  45%|████▍     | 685/1528 [00:57<00:23, 36.51step/s]
[Origin 12/13] 🎲 Drawing Posterior Samples:  45%|████▌     | 689/1528 [00:57<00:22, 37.18step/s]
[Origin 12/13] 🎲 Drawing Posterior Samples:  45%|████▌     | 693/1528 [00:57<00:22, 36.55step/s]
[Origin 12/13] 🎲 Drawing Posterior Samples:  46%|████▌     | 697/1528 [00:57<00:23, 36.06step/s]
[Origin 12/13] 🎲 Drawing Posterior Samples:  46%|████▌     | 701/1528 [00:57<00:22, 36.89step/s]
[Origin 12/13] 🎲 Drawing Posterior Samples:  46%|████▌     | 706/1528 [00:57<00:21, 38.50step/s]
[Origin 12/13] 🎲 Drawing Posterior Samples:  46%|████▋     | 710/1528 [00:58<00:22, 36.63step/s]
[Origin 12/13] 🎲 Drawing Posterior Samples:  47%|████▋     | 714/1528 [00:58<00:21, 37.47step/s]
[Origin 12/13] 🎲 Drawing Posterior Samples:  47%|████▋     | 718/1528 [00:58<00:21, 38.09step/s]
[Origin 12/13] 🎲 Drawing Posterior Samples:  47%|████▋     | 722/1528 [00:58<00:21, 37.54step/s]
[Origin 12/13] 🎲 Drawing Posterior Samples:  48%|████▊     | 726/1528 [00:58<00:22, 36.10step/s]
[Origin 12/13] 🎲 Drawing Posterior Samples:  48%|████▊     | 730/1528 [00:59<00:44, 17.88step/s]
[Origin 12/13] 🎲 Drawing Posterior Samples:  48%|████▊     | 733/1528 [00:59<01:11, 11.15step/s]
[Origin 12/13] 🎲 Drawing Posterior Samples:  48%|████▊     | 736/1528 [01:00<01:37,  8.12step/s]
[Origin 12/13] 🎲 Drawing Posterior Samples:  48%|████▊     | 738/1528 [01:00<01:50,  7.13step/s]
[Origin 12/13] 🎲 Drawing Posterior Samples:  48%|████▊     | 740/1528 [01:01<02:12,  5.94step/s]
[Origin 12/13] 🎲 Drawing Posterior Samples:  48%|████▊     | 741/1528 [01:01<02:15,  5.81step/s]
[Origin 12/13] 🎲 Drawing Posterior Samples:  49%|████▊     | 742/1528 [01:01<02:15,  5.78step/s]
[Origin 12/13] 🎲 Drawing Posterior Samples:  49%|████▊     | 743/1528 [01:01<02:34,  5.07step/s]
[Origin 12/13] 🎲 Drawing Posterior Samples:  49%|████▊     | 744/1528 [01:02<02:38,  4.95step/s]
[Origin 12/13] 🎲 Drawing Posterior Samples:  49%|████▉     | 745/1528 [01:02<02:39,  4.90step/s]
[Origin 12/13] 🎲 Drawing Posterior Samples:  49%|████▉     | 746/1528 [01:02<02:42,  4.81step/s]
[Origin 12/13] 🎲 Drawing Posterior Samples:  49%|████▉     | 747/1528 [01:02<02:54,  4.48step/s]
[Origin 12/13] 🎲 Drawing Posterior Samples:  49%|████▉     | 748/1528 [01:03<02:51,  4.55step/s]
[Origin 12/13] 🎲 Drawing Posterior Samples:  49%|████▉     | 749/1528 [01:03<02:45,  4.70step/s]
[Origin 12/13] 🎲 Drawing Posterior Samples:  49%|████▉     | 750/1528 [01:03<02:46,  4.69step/s]
[Origin 12/13] 🎲 Drawing Posterior Samples:  49%|████▉     | 751/1528 [01:03<02:56,  4.41step/s]
[Origin 12/13] 🎲 Drawing Posterior Samples:  49%|████▉     | 752/1528 [01:03<02:57,  4.38step/s]
[Origin 12/13] 🎲 Drawing Posterior Samples:  49%|████▉     | 753/1528 [01:04<03:01,  4.28step/s]
[Origin 12/13] 🎲 Drawing Posterior Samples:  49%|████▉     | 754/1528 [01:04<03:05,  4.17step/s]
[Origin 12/13] 🎲 Drawing Posterior Samples:  49%|████▉     | 755/1528 [01:04<03:03,  4.21step/s]
[Origin 12/13] 🎲 Drawing Posterior Samples:  49%|████▉     | 756/1528 [01:04<03:03,  4.22step/s]
[Origin 12/13] 🎲 Drawing Posterior Samples:  50%|████▉     | 757/1528 [01:05<02:56,  4.37step/s]
[Origin 12/13] 🎲 Drawing Posterior Samples:  50%|████▉     | 758/1528 [01:05<02:56,  4.37step/s]
[Origin 12/13] 🎲 Drawing Posterior Samples:  50%|████▉     | 759/1528 [01:05<03:00,  4.26step/s]
[Origin 12/13] 🎲 Drawing Posterior Samples:  50%|████▉     | 760/1528 [01:05<02:52,  4.46step/s]
[Origin 12/13] 🎲 Drawing Posterior Samples:  50%|████▉     | 761/1528 [01:06<02:52,  4.44step/s]
[Origin 12/13] 🎲 Drawing Posterior Samples:  50%|████▉     | 762/1528 [01:06<02:49,  4.52step/s]
[Origin 12/13] 🎲 Drawing Posterior Samples:  50%|████▉     | 763/1528 [01:06<03:09,  4.04step/s]
[Origin 12/13] 🎲 Drawing Posterior Samples:  50%|█████     | 764/1528 [01:06<03:13,  3.95step/s]
[Origin 12/13] 🎲 Drawing Posterior Samples:  50%|█████     | 765/1528 [01:30<1:34:22,  7.42s/step]
[Origin 12/13] 🎲 Drawing Posterior Samples:  50%|█████     | 770/1528 [01:31<30:00,  2.38s/step]  
[Origin 12/13] 🎲 Drawing Posterior Samples:  51%|█████     | 773/1528 [01:31<19:01,  1.51s/step]
[Origin 12/13] 🎲 Drawing Posterior Samples:  51%|█████     | 779/1528 [01:31<09:18,  1.34step/s]
[Origin 12/13] 🎲 Drawing Posterior Samples:  51%|█████▏    | 784/1528 [01:31<05:51,  2.11step/s]
[Origin 12/13] 🎲 Drawing Posterior Samples:  52%|█████▏    | 788/1528 [01:31<04:10,  2.95step/s]
[Origin 12/13] 🎲 Drawing Posterior Samples:  52%|█████▏    | 792/1528 [01:31<03:00,  4.08step/s]
[Origin 12/13] 🎲 Drawing Posterior Samples:  52%|█████▏    | 797/1528 [01:31<02:02,  5.99step/s]
[Origin 12/13] 🎲 Drawing Posterior Samples:  52%|█████▏    | 801/1528 [01:31<01:32,  7.87step/s]
[Origin 12/13] 🎲 Drawing Posterior Samples:  53%|█████▎    | 805/1528 [01:31<01:10, 10.19step/s]
[Origin 12/13] 🎲 Drawing Posterior Samples:  53%|█████▎    | 809/1528 [01:32<00:55, 12.85step/s]
[Origin 12/13] 🎲 Drawing Posterior Samples:  53%|█████▎    | 814/1528 [01:32<00:42, 16.93step/s]
[Origin 12/13] 🎲 Drawing Posterior Samples:  54%|█████▎    | 818/1528 [01:32<00:36, 19.68step/s]
[Origin 12/13] 🎲 Drawing Posterior Samples:  54%|█████▍    | 822/1528 [01:32<00:32, 21.99step/s]
[Origin 12/13] 🎲 Drawing Posterior Samples:  54%|█████▍    | 826/1528 [01:32<00:28, 24.61step/s]
[Origin 12/13] 🎲 Drawing Posterior Samples:  54%|█████▍    | 831/1528 [01:32<00:23, 29.29step/s]
[Origin 12/13] 🎲 Drawing Posterior Samples:  55%|█████▍    | 835/1528 [01:32<00:23, 29.49step/s]
[Origin 12/13] 🎲 Drawing Posterior Samples:  55%|█████▍    | 840/1528 [01:32<00:21, 32.73step/s]
[Origin 12/13] 🎲 Drawing Posterior Samples:  55%|█████▌    | 845/1528 [01:33<00:19, 35.43step/s]
[Origin 12/13] 🎲 Drawing Posterior Samples:  56%|█████▌    | 849/1528 [01:33<00:19, 34.64step/s]
[Origin 12/13] 🎲 Drawing Posterior Samples:  56%|█████▌    | 853/1528 [01:33<00:18, 35.95step/s]
[Origin 12/13] 🎲 Drawing Posterior Samples:  56%|█████▌    | 857/1528 [01:33<00:18, 36.98step/s]
[Origin 12/13] 🎲 Drawing Posterior Samples:  56%|█████▋    | 861/1528 [01:33<00:17, 37.58step/s]
[Origin 12/13] 🎲 Drawing Posterior Samples:  57%|█████▋    | 865/1528 [01:33<00:18, 35.55step/s]
[Origin 12/13] 🎲 Drawing Posterior Samples:  57%|█████▋    | 870/1528 [01:33<00:17, 37.93step/s]
[Origin 12/13] 🎲 Drawing Posterior Samples:  57%|█████▋    | 874/1528 [01:33<00:17, 38.39step/s]
[Origin 12/13] 🎲 Drawing Posterior Samples:  57%|█████▋    | 878/1528 [01:33<00:17, 37.84step/s]
[Origin 12/13] 🎲 Drawing Posterior Samples:  58%|█████▊    | 882/1528 [01:34<00:17, 36.95step/s]
[Origin 12/13] 🎲 Drawing Posterior Samples:  58%|█████▊    | 887/1528 [01:34<00:16, 38.57step/s]
[Origin 12/13] 🎲 Drawing Posterior Samples:  58%|█████▊    | 891/1528 [01:34<00:16, 38.80step/s]
[Origin 12/13] 🎲 Drawing Posterior Samples:  59%|█████▊    | 895/1528 [01:34<00:17, 36.75step/s]
[Origin 12/13] 🎲 Drawing Posterior Samples:  59%|█████▉    | 899/1528 [01:34<00:17, 35.22step/s]
[Origin 12/13] 🎲 Drawing Posterior Samples:  59%|█████▉    | 903/1528 [01:34<00:17, 36.31step/s]
[Origin 12/13] 🎲 Drawing Posterior Samples:  59%|█████▉    | 907/1528 [01:34<00:16, 36.90step/s]
[Origin 12/13] 🎲 Drawing Posterior Samples:  60%|█████▉    | 911/1528 [01:34<00:17, 35.79step/s]
[Origin 12/13] 🎲 Drawing Posterior Samples:  60%|█████▉    | 915/1528 [01:34<00:16, 36.93step/s]
[Origin 12/13] 🎲 Drawing Posterior Samples:  60%|██████    | 920/1528 [01:35<00:15, 38.57step/s]
[Origin 12/13] 🎲 Drawing Posterior Samples:  60%|██████    | 924/1528 [01:35<00:16, 37.46step/s]
[Origin 12/13] 🎲 Drawing Posterior Samples:  61%|██████    | 928/1528 [01:35<00:16, 37.50step/s]
[Origin 12/13] 🎲 Drawing Posterior Samples:  61%|██████    | 932/1528 [01:35<00:15, 37.56step/s]
[Origin 12/13] 🎲 Drawing Posterior Samples:  61%|██████▏   | 936/1528 [01:35<00:16, 36.13step/s]
[Origin 12/13] 🎲 Drawing Posterior Samples:  62%|██████▏   | 940/1528 [01:35<00:17, 34.53step/s]
[Origin 12/13] 🎲 Drawing Posterior Samples:  62%|██████▏   | 944/1528 [01:35<00:16, 35.95step/s]
[Origin 12/13] 🎲 Drawing Posterior Samples:  62%|██████▏   | 948/1528 [01:35<00:15, 36.95step/s]
[Origin 12/13] 🎲 Drawing Posterior Samples:  62%|██████▏   | 953/1528 [01:35<00:14, 40.49step/s]
[Origin 12/13] 🎲 Drawing Posterior Samples:  63%|██████▎   | 958/1528 [01:36<00:14, 38.96step/s]
[Origin 12/13] 🎲 Drawing Posterior Samples:  63%|██████▎   | 963/1528 [01:36<00:14, 39.13step/s]
[Origin 12/13] 🎲 Drawing Posterior Samples:  63%|██████▎   | 967/1528 [01:36<00:14, 38.08step/s]
[Origin 12/13] 🎲 Drawing Posterior Samples:  64%|██████▎   | 971/1528 [01:36<00:16, 33.19step/s]
[Origin 12/13] 🎲 Drawing Posterior Samples:  64%|██████▍   | 975/1528 [01:36<00:16, 32.72step/s]
[Origin 12/13] 🎲 Drawing Posterior Samples:  64%|██████▍   | 980/1528 [01:36<00:15, 35.61step/s]
[Origin 12/13] 🎲 Drawing Posterior Samples:  64%|██████▍   | 984/1528 [01:36<00:15, 34.09step/s]
[Origin 12/13] 🎲 Drawing Posterior Samples:  65%|██████▍   | 990/1528 [01:36<00:13, 39.25step/s]
[Origin 12/13] 🎲 Drawing Posterior Samples:  65%|██████▌   | 995/1528 [01:37<00:13, 39.84step/s]
[Origin 12/13] 🎲 Drawing Posterior Samples:  65%|██████▌   | 1000/1528 [01:37<00:13, 38.65step/s]
[Origin 12/13] 🎲 Drawing Posterior Samples:  66%|██████▌   | 1004/1528 [01:37<00:13, 38.56step/s]
[Origin 12/13] 🎲 Drawing Posterior Samples:  66%|██████▌   | 1008/1528 [01:37<00:13, 38.43step/s]
[Origin 12/13] 🎲 Drawing Posterior Samples:  66%|██████▌   | 1012/1528 [01:37<00:13, 37.02step/s]
[Origin 12/13] 🎲 Drawing Posterior Samples:  66%|██████▋   | 1016/1528 [01:37<00:14, 35.39step/s]
[Origin 12/13] 🎲 Drawing Posterior Samples:  67%|██████▋   | 1020/1528 [01:37<00:13, 36.60step/s]
[Origin 12/13] 🎲 Drawing Posterior Samples:  67%|██████▋   | 1025/1528 [01:37<00:13, 38.36step/s]
[Origin 12/13] 🎲 Drawing Posterior Samples:  67%|██████▋   | 1029/1528 [01:37<00:13, 36.91step/s]
[Origin 12/13] 🎲 Drawing Posterior Samples:  68%|██████▊   | 1035/1528 [01:38<00:11, 41.57step/s]
[Origin 12/13] 🎲 Drawing Posterior Samples:  68%|██████▊   | 1040/1528 [01:38<00:12, 38.82step/s]
[Origin 12/13] 🎲 Drawing Posterior Samples:  68%|██████▊   | 1045/1528 [01:38<00:11, 40.26step/s]
[Origin 12/13] 🎲 Drawing Posterior Samples:  69%|██████▊   | 1050/1528 [01:38<00:13, 35.86step/s]
[Origin 12/13] 🎲 Drawing Posterior Samples:  69%|██████▉   | 1054/1528 [01:38<00:12, 36.71step/s]
[Origin 12/13] 🎲 Drawing Posterior Samples:  69%|██████▉   | 1059/1528 [01:38<00:12, 36.50step/s]
[Origin 12/13] 🎲 Drawing Posterior Samples:  70%|██████▉   | 1063/1528 [01:38<00:12, 36.59step/s]
[Origin 12/13] 🎲 Drawing Posterior Samples:  70%|██████▉   | 1068/1528 [01:38<00:11, 38.49step/s]
[Origin 12/13] 🎲 Drawing Posterior Samples:  70%|███████   | 1074/1528 [01:39<00:10, 41.42step/s]
[Origin 12/13] 🎲 Drawing Posterior Samples:  71%|███████   | 1079/1528 [01:39<00:11, 38.05step/s]
[Origin 12/13] 🎲 Drawing Posterior Samples:  71%|███████   | 1083/1528 [01:39<00:11, 38.26step/s]
[Origin 12/13] 🎲 Drawing Posterior Samples:  71%|███████   | 1087/1528 [01:39<00:12, 36.70step/s]
[Origin 12/13] 🎲 Drawing Posterior Samples:  71%|███████▏  | 1091/1528 [01:39<00:12, 35.57step/s]
[Origin 12/13] 🎲 Drawing Posterior Samples:  72%|███████▏  | 1095/1528 [01:39<00:11, 36.70step/s]
[Origin 12/13] 🎲 Drawing Posterior Samples:  72%|███████▏  | 1099/1528 [01:39<00:11, 37.58step/s]
[Origin 12/13] 🎲 Drawing Posterior Samples:  72%|███████▏  | 1103/1528 [01:39<00:11, 38.23step/s]
[Origin 12/13] 🎲 Drawing Posterior Samples:  72%|███████▏  | 1107/1528 [01:40<00:11, 36.99step/s]
[Origin 12/13] 🎲 Drawing Posterior Samples:  73%|███████▎  | 1111/1528 [01:40<00:19, 21.23step/s]
[Origin 12/13] 🎲 Drawing Posterior Samples:  73%|███████▎  | 1114/1528 [01:41<00:35, 11.69step/s]
[Origin 12/13] 🎲 Drawing Posterior Samples:  73%|███████▎  | 1117/1528 [01:41<00:46,  8.92step/s]
[Origin 12/13] 🎲 Drawing Posterior Samples:  73%|███████▎  | 1119/1528 [01:42<00:58,  7.03step/s]
[Origin 12/13] 🎲 Drawing Posterior Samples:  73%|███████▎  | 1121/1528 [01:42<01:14,  5.46step/s]
[Origin 12/13] 🎲 Drawing Posterior Samples:  73%|███████▎  | 1122/1528 [01:43<01:16,  5.32step/s]
[Origin 12/13] 🎲 Drawing Posterior Samples:  73%|███████▎  | 1123/1528 [01:43<01:20,  5.05step/s]
[Origin 12/13] 🎲 Drawing Posterior Samples:  74%|███████▎  | 1124/1528 [01:43<01:21,  4.96step/s]
[Origin 12/13] 🎲 Drawing Posterior Samples:  74%|███████▎  | 1125/1528 [01:43<01:23,  4.81step/s]
[Origin 12/13] 🎲 Drawing Posterior Samples:  74%|███████▎  | 1126/1528 [01:43<01:23,  4.80step/s]
[Origin 12/13] 🎲 Drawing Posterior Samples:  74%|███████▍  | 1127/1528 [01:44<01:25,  4.69step/s]
[Origin 12/13] 🎲 Drawing Posterior Samples:  74%|███████▍  | 1128/1528 [01:44<01:30,  4.40step/s]
[Origin 12/13] 🎲 Drawing Posterior Samples:  74%|███████▍  | 1129/1528 [01:44<01:28,  4.48step/s]
[Origin 12/13] 🎲 Drawing Posterior Samples:  74%|███████▍  | 1130/1528 [01:44<01:32,  4.29step/s]
[Origin 12/13] 🎲 Drawing Posterior Samples:  74%|███████▍  | 1131/1528 [01:45<01:28,  4.48step/s]
[Origin 12/13] 🎲 Drawing Posterior Samples:  74%|███████▍  | 1132/1528 [01:45<01:28,  4.49step/s]
[Origin 12/13] 🎲 Drawing Posterior Samples:  74%|███████▍  | 1133/1528 [01:45<01:28,  4.47step/s]
[Origin 12/13] 🎲 Drawing Posterior Samples:  74%|███████▍  | 1134/1528 [01:45<01:29,  4.42step/s]
[Origin 12/13] 🎲 Drawing Posterior Samples:  74%|███████▍  | 1135/1528 [01:46<01:31,  4.31step/s]
[Origin 12/13] 🎲 Drawing Posterior Samples:  74%|███████▍  | 1136/1528 [01:46<01:30,  4.33step/s]
[Origin 12/13] 🎲 Drawing Posterior Samples:  74%|███████▍  | 1137/1528 [01:46<01:27,  4.48step/s]
[Origin 12/13] 🎲 Drawing Posterior Samples:  74%|███████▍  | 1138/1528 [01:46<01:24,  4.61step/s]
[Origin 12/13] 🎲 Drawing Posterior Samples:  75%|███████▍  | 1139/1528 [01:46<01:22,  4.73step/s]
[Origin 12/13] 🎲 Drawing Posterior Samples:  75%|███████▍  | 1140/1528 [01:47<01:20,  4.80step/s]
[Origin 12/13] 🎲 Drawing Posterior Samples:  75%|███████▍  | 1141/1528 [01:47<01:24,  4.58step/s]
[Origin 12/13] 🎲 Drawing Posterior Samples:  75%|███████▍  | 1142/1528 [01:47<01:21,  4.76step/s]
[Origin 12/13] 🎲 Drawing Posterior Samples:  75%|███████▍  | 1143/1528 [01:47<01:32,  4.15step/s]
[Origin 12/13] 🎲 Drawing Posterior Samples:  75%|███████▍  | 1144/1528 [01:47<01:26,  4.42step/s]
[Origin 12/13] 🎲 Drawing Posterior Samples:  75%|███████▍  | 1145/1528 [01:48<01:22,  4.65step/s]
[Origin 12/13] 🎲 Drawing Posterior Samples:  75%|███████▌  | 1146/1528 [01:48<01:18,  4.87step/s]
[Origin 12/13] 🎲 Drawing Posterior Samples:  75%|███████▌  | 1147/1528 [02:06<35:36,  5.61s/step]
[Origin 12/13] 🎲 Drawing Posterior Samples:  75%|███████▌  | 1153/1528 [02:06<09:54,  1.59s/step]
[Origin 12/13] 🎲 Drawing Posterior Samples:  76%|███████▌  | 1159/1528 [02:06<04:52,  1.26step/s]
[Origin 12/13] 🎲 Drawing Posterior Samples:  76%|███████▌  | 1164/1528 [02:06<03:02,  1.99step/s]
[Origin 12/13] 🎲 Drawing Posterior Samples:  77%|███████▋  | 1170/1528 [02:07<01:52,  3.20step/s]
[Origin 12/13] 🎲 Drawing Posterior Samples:  77%|███████▋  | 1175/1528 [02:07<01:17,  4.53step/s]
[Origin 12/13] 🎲 Drawing Posterior Samples:  77%|███████▋  | 1181/1528 [02:07<00:51,  6.69step/s]
[Origin 12/13] 🎲 Drawing Posterior Samples:  78%|███████▊  | 1186/1528 [02:07<00:38,  8.91step/s]
[Origin 12/13] 🎲 Drawing Posterior Samples:  78%|███████▊  | 1191/1528 [02:07<00:28, 11.74step/s]
[Origin 12/13] 🎲 Drawing Posterior Samples:  78%|███████▊  | 1196/1528 [02:07<00:21, 15.10step/s]
[Origin 12/13] 🎲 Drawing Posterior Samples:  79%|███████▊  | 1201/1528 [02:07<00:17, 18.73step/s]
[Origin 12/13] 🎲 Drawing Posterior Samples:  79%|███████▉  | 1207/1528 [02:07<00:13, 23.87step/s]
[Origin 12/13] 🎲 Drawing Posterior Samples:  79%|███████▉  | 1212/1528 [02:07<00:11, 27.28step/s]
[Origin 12/13] 🎲 Drawing Posterior Samples:  80%|███████▉  | 1218/1528 [02:08<00:09, 32.24step/s]
[Origin 12/13] 🎲 Drawing Posterior Samples:  80%|████████  | 1223/1528 [02:08<00:08, 34.69step/s]
[Origin 12/13] 🎲 Drawing Posterior Samples:  80%|████████  | 1229/1528 [02:08<00:07, 37.99step/s]
[Origin 12/13] 🎲 Drawing Posterior Samples:  81%|████████  | 1234/1528 [02:08<00:07, 38.04step/s]
[Origin 12/13] 🎲 Drawing Posterior Samples:  81%|████████  | 1240/1528 [02:08<00:06, 41.69step/s]
[Origin 12/13] 🎲 Drawing Posterior Samples:  82%|████████▏ | 1246/1528 [02:08<00:06, 44.35step/s]
[Origin 12/13] 🎲 Drawing Posterior Samples:  82%|████████▏ | 1251/1528 [02:08<00:06, 43.37step/s]
[Origin 12/13] 🎲 Drawing Posterior Samples:  82%|████████▏ | 1256/1528 [02:08<00:06, 44.41step/s]
[Origin 12/13] 🎲 Drawing Posterior Samples:  83%|████████▎ | 1261/1528 [02:09<00:05, 45.00step/s]
[Origin 12/13] 🎲 Drawing Posterior Samples:  83%|████████▎ | 1266/1528 [02:09<00:05, 43.96step/s]
[Origin 12/13] 🎲 Drawing Posterior Samples:  83%|████████▎ | 1272/1528 [02:09<00:05, 46.11step/s]
[Origin 12/13] 🎲 Drawing Posterior Samples:  84%|████████▎ | 1277/1528 [02:09<00:05, 44.91step/s]
[Origin 12/13] 🎲 Drawing Posterior Samples:  84%|████████▍ | 1283/1528 [02:09<00:05, 46.78step/s]
[Origin 12/13] 🎲 Drawing Posterior Samples:  84%|████████▍ | 1288/1528 [02:09<00:05, 45.81step/s]
[Origin 12/13] 🎲 Drawing Posterior Samples:  85%|████████▍ | 1294/1528 [02:09<00:05, 45.54step/s]
[Origin 12/13] 🎲 Drawing Posterior Samples:  85%|████████▌ | 1300/1528 [02:09<00:04, 47.45step/s]
[Origin 12/13] 🎲 Drawing Posterior Samples:  85%|████████▌ | 1305/1528 [02:09<00:04, 45.91step/s]
[Origin 12/13] 🎲 Drawing Posterior Samples:  86%|████████▌ | 1311/1528 [02:10<00:04, 47.70step/s]
[Origin 12/13] 🎲 Drawing Posterior Samples:  86%|████████▌ | 1316/1528 [02:10<00:04, 46.23step/s]
[Origin 12/13] 🎲 Drawing Posterior Samples:  87%|████████▋ | 1322/1528 [02:10<00:04, 46.64step/s]
[Origin 12/13] 🎲 Drawing Posterior Samples:  87%|████████▋ | 1327/1528 [02:10<00:04, 43.86step/s]
[Origin 12/13] 🎲 Drawing Posterior Samples:  87%|████████▋ | 1333/1528 [02:10<00:04, 46.10step/s]
[Origin 12/13] 🎲 Drawing Posterior Samples:  88%|████████▊ | 1339/1528 [02:10<00:03, 47.62step/s]
[Origin 12/13] 🎲 Drawing Posterior Samples:  88%|████████▊ | 1344/1528 [02:10<00:04, 45.74step/s]
[Origin 12/13] 🎲 Drawing Posterior Samples:  88%|████████▊ | 1350/1528 [02:10<00:03, 45.73step/s]
[Origin 12/13] 🎲 Drawing Posterior Samples:  89%|████████▊ | 1355/1528 [02:11<00:03, 46.78step/s]
[Origin 12/13] 🎲 Drawing Posterior Samples:  89%|████████▉ | 1360/1528 [02:11<00:03, 46.00step/s]
[Origin 12/13] 🎲 Drawing Posterior Samples:  89%|████████▉ | 1365/1528 [02:11<00:03, 46.69step/s]
[Origin 12/13] 🎲 Drawing Posterior Samples:  90%|████████▉ | 1370/1528 [02:11<00:03, 45.16step/s]
[Origin 12/13] 🎲 Drawing Posterior Samples:  90%|█████████ | 1376/1528 [02:11<00:03, 46.95step/s]
[Origin 12/13] 🎲 Drawing Posterior Samples:  90%|█████████ | 1381/1528 [02:11<00:03, 45.33step/s]
[Origin 12/13] 🎲 Drawing Posterior Samples:  91%|█████████ | 1387/1528 [02:11<00:03, 46.02step/s]
[Origin 12/13] 🎲 Drawing Posterior Samples:  91%|█████████ | 1392/1528 [02:11<00:02, 46.32step/s]
[Origin 12/13] 🎲 Drawing Posterior Samples:  91%|█████████▏| 1397/1528 [02:11<00:02, 45.22step/s]
[Origin 12/13] 🎲 Drawing Posterior Samples:  92%|█████████▏| 1403/1528 [02:12<00:02, 47.18step/s]
[Origin 12/13] 🎲 Drawing Posterior Samples:  92%|█████████▏| 1408/1528 [02:12<00:02, 45.69step/s]
[Origin 12/13] 🎲 Drawing Posterior Samples:  93%|█████████▎| 1414/1528 [02:12<00:02, 47.62step/s]
[Origin 12/13] 🎲 Drawing Posterior Samples:  93%|█████████▎| 1419/1528 [02:12<00:02, 43.98step/s]
[Origin 12/13] 🎲 Drawing Posterior Samples:  93%|█████████▎| 1425/1528 [02:12<00:02, 46.11step/s]
[Origin 12/13] 🎲 Drawing Posterior Samples:  94%|█████████▎| 1431/1528 [02:12<00:02, 47.34step/s]
[Origin 12/13] 🎲 Drawing Posterior Samples:  94%|█████████▍| 1436/1528 [02:12<00:02, 45.28step/s]
[Origin 12/13] 🎲 Drawing Posterior Samples:  94%|█████████▍| 1442/1528 [02:12<00:01, 46.95step/s]
[Origin 12/13] 🎲 Drawing Posterior Samples:  95%|█████████▍| 1447/1528 [02:13<00:01, 45.74step/s]
[Origin 12/13] 🎲 Drawing Posterior Samples:  95%|█████████▌| 1453/1528 [02:13<00:01, 45.46step/s]
[Origin 12/13] 🎲 Drawing Posterior Samples:  95%|█████████▌| 1459/1528 [02:13<00:01, 46.92step/s]
[Origin 12/13] 🎲 Drawing Posterior Samples:  96%|█████████▌| 1464/1528 [02:13<00:01, 45.65step/s]
[Origin 12/13] 🎲 Drawing Posterior Samples:  96%|█████████▌| 1470/1528 [02:13<00:01, 47.41step/s]
[Origin 12/13] 🎲 Drawing Posterior Samples:  97%|█████████▋| 1475/1528 [02:13<00:01, 45.86step/s]
[Origin 12/13] 🎲 Drawing Posterior Samples:  97%|█████████▋| 1480/1528 [02:13<00:01, 46.86step/s]
[Origin 12/13] 🎲 Drawing Posterior Samples:  97%|█████████▋| 1485/1528 [02:13<00:00, 46.12step/s]
[Origin 12/13] 🎲 Drawing Posterior Samples:  98%|█████████▊| 1490/1528 [02:14<00:00, 44.67step/s]
[Origin 12/13] 🎲 Drawing Posterior Samples:  98%|█████████▊| 1495/1528 [02:14<00:01, 19.70step/s]
[Origin 12/13] 🎲 Drawing Posterior Samples:  98%|█████████▊| 1499/1528 [02:15<00:03,  8.29step/s]
[Origin 12/13] 🎲 Drawing Posterior Samples:  98%|█████████▊| 1502/1528 [02:16<00:03,  7.57step/s]
[Origin 12/13] 🎲 Drawing Posterior Samples:  98%|█████████▊| 1504/1528 [02:16<00:03,  6.72step/s]
[Origin 12/13] 🎲 Drawing Posterior Samples:  99%|█████████▊| 1506/1528 [02:17<00:03,  5.69step/s]
[Origin 12/13] 🎲 Drawing Posterior Samples:  99%|█████████▊| 1508/1528 [02:17<00:03,  5.64step/s]
[Origin 12/13] 🎲 Drawing Posterior Samples:  99%|█████████▉| 1509/1528 [02:18<00:03,  5.58step/s]
[Origin 12/13] 🎲 Drawing Posterior Samples:  99%|█████████▉| 1510/1528 [02:18<00:03,  5.41step/s]
[Origin 12/13] 🎲 Drawing Posterior Samples:  99%|█████████▉| 1511/1528 [02:18<00:03,  5.04step/s]
[Origin 12/13] 🎲 Drawing Posterior Samples:  99%|█████████▉| 1512/1528 [02:18<00:03,  5.05step/s]
[Origin 12/13] 🎲 Drawing Posterior Samples:  99%|█████████▉| 1513/1528 [02:18<00:03,  4.78step/s]
[Origin 12/13] 🎲 Drawing Posterior Samples:  99%|█████████▉| 1514/1528 [02:19<00:03,  4.25step/s]
[Origin 12/13] 🎲 Drawing Posterior Samples:  99%|█████████▉| 1515/1528 [02:19<00:03,  4.06step/s]
[Origin 12/13] 🎲 Drawing Posterior Samples:  99%|█████████▉| 1516/1528 [02:19<00:03,  3.68step/s]
[Origin 12/13] 🎲 Drawing Posterior Samples:  99%|█████████▉| 1517/1528 [02:20<00:02,  3.68step/s]
[Origin 12/13] 🎲 Drawing Posterior Samples:  99%|█████████▉| 1518/1528 [02:20<00:02,  3.71step/s]
[Origin 12/13] 🎲 Drawing Posterior Samples:  99%|█████████▉| 1519/1528 [02:20<00:02,  3.66step/s]
[Origin 12/13] 🎲 Drawing Posterior Samples:  99%|█████████▉| 1520/1528 [02:20<00:02,  3.56step/s]
[Origin 12/13] 🎲 Drawing Posterior Samples: 100%|█████████▉| 1521/1528 [02:21<00:01,  3.88step/s]
[Origin 12/13] 🎲 Drawing Posterior Samples: 100%|█████████▉| 1522/1528 [02:21<00:01,  4.20step/s]
[Origin 12/13] 🎲 Drawing Posterior Samples: 100%|█████████▉| 1523/1528 [02:21<00:01,  4.05step/s]
[Origin 12/13] 🎲 Drawing Posterior Samples: 100%|█████████▉| 1524/1528 [02:21<00:00,  4.22step/s]
[Origin 12/13] 🎲 Drawing Posterior Samples: 100%|█████████▉| 1525/1528 [02:22<00:00,  4.38step/s]
[Origin 12/13] 🎲 Drawing Posterior Samples: 100%|█████████▉| 1526/1528 [02:22<00:00,  4.45step/s]
[Origin 12/13] 🎲 Drawing Posterior Samples: 100%|█████████▉| 1527/1528 [02:22<00:00,  4.24step/s]
[Origin 12/13] 🎲 Drawing Posterior Samples: 100%|██████████| 1528/1528 [02:22<00:00,  4.34step/s]
                                                                                                  

[Origin 13/13] 🎲 Drawing Posterior Samples:   0%|          | 0/1532 [00:00<?, ?step/s]
[Origin 13/13] 🎲 Drawing Posterior Samples:   0%|          | 6/1532 [00:00<00:27, 55.84step/s]
[Origin 13/13] 🎲 Drawing Posterior Samples:   1%|          | 12/1532 [00:00<00:32, 47.45step/s]
[Origin 13/13] 🎲 Drawing Posterior Samples:   1%|          | 18/1532 [00:00<00:30, 49.64step/s]
[Origin 13/13] 🎲 Drawing Posterior Samples:   2%|▏         | 24/1532 [00:00<00:32, 46.94step/s]
[Origin 13/13] 🎲 Drawing Posterior Samples:   2%|▏         | 30/1532 [00:00<00:32, 46.03step/s]
[Origin 13/13] 🎲 Drawing Posterior Samples:   2%|▏         | 36/1532 [00:00<00:31, 48.09step/s]
[Origin 13/13] 🎲 Drawing Posterior Samples:   3%|▎         | 41/1532 [00:00<00:31, 46.72step/s]
[Origin 13/13] 🎲 Drawing Posterior Samples:   3%|▎         | 47/1532 [00:00<00:30, 48.37step/s]
[Origin 13/13] 🎲 Drawing Posterior Samples:   3%|▎         | 52/1532 [00:01<00:31, 46.62step/s]
[Origin 13/13] 🎲 Drawing Posterior Samples:   4%|▍         | 58/1532 [00:01<00:32, 45.94step/s]
[Origin 13/13] 🎲 Drawing Posterior Samples:   4%|▍         | 63/1532 [00:01<00:31, 46.82step/s]
[Origin 13/13] 🎲 Drawing Posterior Samples:   4%|▍         | 68/1532 [00:01<00:32, 45.41step/s]
[Origin 13/13] 🎲 Drawing Posterior Samples:   5%|▍         | 74/1532 [00:01<00:30, 47.35step/s]
[Origin 13/13] 🎲 Drawing Posterior Samples:   5%|▌         | 79/1532 [00:01<00:31, 45.85step/s]
[Origin 13/13] 🎲 Drawing Posterior Samples:   6%|▌         | 85/1532 [00:01<00:30, 47.77step/s]
[Origin 13/13] 🎲 Drawing Posterior Samples:   6%|▌         | 90/1532 [00:01<00:31, 46.32step/s]
[Origin 13/13] 🎲 Drawing Posterior Samples:   6%|▋         | 96/1532 [00:02<00:31, 45.64step/s]
[Origin 13/13] 🎲 Drawing Posterior Samples:   7%|▋         | 102/1532 [00:02<00:31, 45.94step/s]
[Origin 13/13] 🎲 Drawing Posterior Samples:   7%|▋         | 107/1532 [00:02<00:30, 46.02step/s]
[Origin 13/13] 🎲 Drawing Posterior Samples:   7%|▋         | 113/1532 [00:02<00:29, 47.64step/s]
[Origin 13/13] 🎲 Drawing Posterior Samples:   8%|▊         | 118/1532 [00:02<00:30, 45.89step/s]
[Origin 13/13] 🎲 Drawing Posterior Samples:   8%|▊         | 123/1532 [00:02<00:30, 45.84step/s]
[Origin 13/13] 🎲 Drawing Posterior Samples:   8%|▊         | 128/1532 [00:02<00:30, 46.00step/s]
[Origin 13/13] 🎲 Drawing Posterior Samples:   9%|▊         | 133/1532 [00:02<00:31, 44.97step/s]
[Origin 13/13] 🎲 Drawing Posterior Samples:   9%|▉         | 139/1532 [00:02<00:29, 47.17step/s]
[Origin 13/13] 🎲 Drawing Posterior Samples:   9%|▉         | 144/1532 [00:03<00:30, 45.95step/s]
[Origin 13/13] 🎲 Drawing Posterior Samples:  10%|▉         | 150/1532 [00:03<00:28, 47.85step/s]
[Origin 13/13] 🎲 Drawing Posterior Samples:  10%|█         | 155/1532 [00:03<00:29, 46.32step/s]
[Origin 13/13] 🎲 Drawing Posterior Samples:  11%|█         | 161/1532 [00:03<00:29, 46.09step/s]
[Origin 13/13] 🎲 Drawing Posterior Samples:  11%|█         | 166/1532 [00:03<00:29, 47.04step/s]
[Origin 13/13] 🎲 Drawing Posterior Samples:  11%|█         | 171/1532 [00:03<00:29, 45.41step/s]
[Origin 13/13] 🎲 Drawing Posterior Samples:  12%|█▏        | 177/1532 [00:03<00:28, 47.23step/s]
[Origin 13/13] 🎲 Drawing Posterior Samples:  12%|█▏        | 182/1532 [00:03<00:29, 45.69step/s]
[Origin 13/13] 🎲 Drawing Posterior Samples:  12%|█▏        | 188/1532 [00:04<00:28, 47.46step/s]
[Origin 13/13] 🎲 Drawing Posterior Samples:  13%|█▎        | 193/1532 [00:04<00:29, 46.13step/s]
[Origin 13/13] 🎲 Drawing Posterior Samples:  13%|█▎        | 198/1532 [00:04<00:29, 44.63step/s]
[Origin 13/13] 🎲 Drawing Posterior Samples:  13%|█▎        | 204/1532 [00:04<00:28, 46.89step/s]
[Origin 13/13] 🎲 Drawing Posterior Samples:  14%|█▎        | 209/1532 [00:04<00:29, 45.58step/s]
[Origin 13/13] 🎲 Drawing Posterior Samples:  14%|█▍        | 215/1532 [00:04<00:27, 47.52step/s]
[Origin 13/13] 🎲 Drawing Posterior Samples:  14%|█▍        | 220/1532 [00:04<00:28, 46.38step/s]
[Origin 13/13] 🎲 Drawing Posterior Samples:  15%|█▍        | 226/1532 [00:04<00:27, 46.82step/s]
[Origin 13/13] 🎲 Drawing Posterior Samples:  15%|█▌        | 231/1532 [00:04<00:27, 46.53step/s]
[Origin 13/13] 🎲 Drawing Posterior Samples:  15%|█▌        | 236/1532 [00:05<00:28, 45.35step/s]
[Origin 13/13] 🎲 Drawing Posterior Samples:  16%|█▌        | 242/1532 [00:05<00:27, 47.15step/s]
[Origin 13/13] 🎲 Drawing Posterior Samples:  16%|█▌        | 247/1532 [00:05<00:28, 45.74step/s]
[Origin 13/13] 🎲 Drawing Posterior Samples:  17%|█▋        | 253/1532 [00:05<00:26, 47.57step/s]
[Origin 13/13] 🎲 Drawing Posterior Samples:  17%|█▋        | 258/1532 [00:05<00:27, 46.03step/s]
[Origin 13/13] 🎲 Drawing Posterior Samples:  17%|█▋        | 264/1532 [00:05<00:27, 46.17step/s]
[Origin 13/13] 🎲 Drawing Posterior Samples:  18%|█▊        | 269/1532 [00:05<00:26, 46.82step/s]
[Origin 13/13] 🎲 Drawing Posterior Samples:  18%|█▊        | 274/1532 [00:05<00:27, 45.75step/s]
[Origin 13/13] 🎲 Drawing Posterior Samples:  18%|█▊        | 280/1532 [00:06<00:26, 47.70step/s]
[Origin 13/13] 🎲 Drawing Posterior Samples:  19%|█▊        | 285/1532 [00:06<00:26, 46.22step/s]
[Origin 13/13] 🎲 Drawing Posterior Samples:  19%|█▉        | 290/1532 [00:06<00:27, 44.45step/s]
[Origin 13/13] 🎲 Drawing Posterior Samples:  19%|█▉        | 296/1532 [00:06<00:26, 46.52step/s]
[Origin 13/13] 🎲 Drawing Posterior Samples:  20%|█▉        | 301/1532 [00:06<00:26, 46.04step/s]
[Origin 13/13] 🎲 Drawing Posterior Samples:  20%|█▉        | 306/1532 [00:06<00:26, 46.00step/s]
[Origin 13/13] 🎲 Drawing Posterior Samples:  20%|██        | 311/1532 [00:06<00:27, 44.68step/s]
[Origin 13/13] 🎲 Drawing Posterior Samples:  21%|██        | 317/1532 [00:06<00:25, 46.96step/s]
[Origin 13/13] 🎲 Drawing Posterior Samples:  21%|██        | 322/1532 [00:06<00:26, 45.90step/s]
[Origin 13/13] 🎲 Drawing Posterior Samples:  21%|██▏       | 328/1532 [00:07<00:25, 47.78step/s]
[Origin 13/13] 🎲 Drawing Posterior Samples:  22%|██▏       | 333/1532 [00:07<00:25, 46.61step/s]
[Origin 13/13] 🎲 Drawing Posterior Samples:  22%|██▏       | 339/1532 [00:07<00:25, 46.97step/s]
[Origin 13/13] 🎲 Drawing Posterior Samples:  22%|██▏       | 344/1532 [00:07<00:25, 46.69step/s]
[Origin 13/13] 🎲 Drawing Posterior Samples:  23%|██▎       | 349/1532 [00:07<00:56, 20.97step/s]
[Origin 13/13] 🎲 Drawing Posterior Samples:  23%|██▎       | 353/1532 [00:08<01:39, 11.89step/s]
[Origin 13/13] 🎲 Drawing Posterior Samples:  23%|██▎       | 356/1532 [00:09<02:16,  8.58step/s]
[Origin 13/13] 🎲 Drawing Posterior Samples:  23%|██▎       | 358/1532 [00:09<02:33,  7.64step/s]
[Origin 13/13] 🎲 Drawing Posterior Samples:  23%|██▎       | 360/1532 [00:10<02:54,  6.70step/s]
[Origin 13/13] 🎲 Drawing Posterior Samples:  24%|██▎       | 362/1532 [00:10<03:17,  5.93step/s]
[Origin 13/13] 🎲 Drawing Posterior Samples:  24%|██▎       | 363/1532 [00:11<03:24,  5.71step/s]
[Origin 13/13] 🎲 Drawing Posterior Samples:  24%|██▍       | 364/1532 [00:11<03:34,  5.44step/s]
[Origin 13/13] 🎲 Drawing Posterior Samples:  24%|██▍       | 365/1532 [00:11<03:40,  5.30step/s]
[Origin 13/13] 🎲 Drawing Posterior Samples:  24%|██▍       | 366/1532 [00:11<03:58,  4.88step/s]
[Origin 13/13] 🎲 Drawing Posterior Samples:  24%|██▍       | 367/1532 [00:11<04:08,  4.69step/s]
[Origin 13/13] 🎲 Drawing Posterior Samples:  24%|██▍       | 368/1532 [00:12<04:11,  4.63step/s]
[Origin 13/13] 🎲 Drawing Posterior Samples:  24%|██▍       | 369/1532 [00:12<04:21,  4.44step/s]
[Origin 13/13] 🎲 Drawing Posterior Samples:  24%|██▍       | 370/1532 [00:12<04:09,  4.66step/s]
[Origin 13/13] 🎲 Drawing Posterior Samples:  24%|██▍       | 371/1532 [00:12<04:14,  4.57step/s]
[Origin 13/13] 🎲 Drawing Posterior Samples:  24%|██▍       | 372/1532 [00:13<04:10,  4.64step/s]
[Origin 13/13] 🎲 Drawing Posterior Samples:  24%|██▍       | 373/1532 [00:13<04:08,  4.67step/s]
[Origin 13/13] 🎲 Drawing Posterior Samples:  24%|██▍       | 374/1532 [00:13<04:08,  4.66step/s]
[Origin 13/13] 🎲 Drawing Posterior Samples:  24%|██▍       | 375/1532 [00:13<04:03,  4.75step/s]
[Origin 13/13] 🎲 Drawing Posterior Samples:  25%|██▍       | 376/1532 [00:13<04:08,  4.65step/s]
[Origin 13/13] 🎲 Drawing Posterior Samples:  25%|██▍       | 377/1532 [00:14<04:06,  4.68step/s]
[Origin 13/13] 🎲 Drawing Posterior Samples:  25%|██▍       | 378/1532 [00:14<04:45,  4.05step/s]
[Origin 13/13] 🎲 Drawing Posterior Samples:  25%|██▍       | 379/1532 [00:14<04:44,  4.05step/s]
[Origin 13/13] 🎲 Drawing Posterior Samples:  25%|██▍       | 380/1532 [00:14<04:38,  4.13step/s]
[Origin 13/13] 🎲 Drawing Posterior Samples:  25%|██▍       | 381/1532 [00:15<05:03,  3.80step/s]
[Origin 13/13] 🎲 Drawing Posterior Samples:  25%|██▍       | 382/1532 [00:15<05:21,  3.58step/s]
[Origin 13/13] 🎲 Drawing Posterior Samples:  25%|██▌       | 383/1532 [00:15<05:36,  3.41step/s]
[Origin 13/13] 🎲 Drawing Posterior Samples:  25%|██▌       | 384/1532 [00:44<2:45:18,  8.64s/step]
[Origin 13/13] 🎲 Drawing Posterior Samples:  25%|██▌       | 390/1532 [00:44<46:19,  2.43s/step]  
[Origin 13/13] 🎲 Drawing Posterior Samples:  26%|██▌       | 394/1532 [00:44<27:34,  1.45s/step]
[Origin 13/13] 🎲 Drawing Posterior Samples:  26%|██▌       | 400/1532 [00:44<14:49,  1.27step/s]
[Origin 13/13] 🎲 Drawing Posterior Samples:  26%|██▋       | 405/1532 [00:44<09:39,  1.95step/s]
[Origin 13/13] 🎲 Drawing Posterior Samples:  27%|██▋       | 411/1532 [00:44<06:06,  3.05step/s]
[Origin 13/13] 🎲 Drawing Posterior Samples:  27%|██▋       | 417/1532 [00:44<04:04,  4.57step/s]
[Origin 13/13] 🎲 Drawing Posterior Samples:  28%|██▊       | 422/1532 [00:44<02:58,  6.20step/s]
[Origin 13/13] 🎲 Drawing Posterior Samples:  28%|██▊       | 428/1532 [00:44<02:05,  8.81step/s]
[Origin 13/13] 🎲 Drawing Posterior Samples:  28%|██▊       | 433/1532 [00:45<01:36, 11.40step/s]
[Origin 13/13] 🎲 Drawing Posterior Samples:  29%|██▊       | 439/1532 [00:45<01:11, 15.21step/s]
[Origin 13/13] 🎲 Drawing Posterior Samples:  29%|██▉       | 444/1532 [00:45<00:58, 18.73step/s]
[Origin 13/13] 🎲 Drawing Posterior Samples:  29%|██▉       | 449/1532 [00:45<00:48, 22.42step/s]
[Origin 13/13] 🎲 Drawing Posterior Samples:  30%|██▉       | 455/1532 [00:45<00:39, 27.51step/s]
[Origin 13/13] 🎲 Drawing Posterior Samples:  30%|███       | 460/1532 [00:45<00:35, 30.51step/s]
[Origin 13/13] 🎲 Drawing Posterior Samples:  30%|███       | 466/1532 [00:45<00:30, 35.31step/s]
[Origin 13/13] 🎲 Drawing Posterior Samples:  31%|███       | 471/1532 [00:45<00:28, 37.28step/s]
[Origin 13/13] 🎲 Drawing Posterior Samples:  31%|███       | 477/1532 [00:46<00:26, 40.06step/s]
[Origin 13/13] 🎲 Drawing Posterior Samples:  31%|███▏      | 482/1532 [00:46<00:24, 42.05step/s]
[Origin 13/13] 🎲 Drawing Posterior Samples:  32%|███▏      | 487/1532 [00:46<00:25, 41.57step/s]
[Origin 13/13] 🎲 Drawing Posterior Samples:  32%|███▏      | 493/1532 [00:46<00:23, 44.37step/s]
[Origin 13/13] 🎲 Drawing Posterior Samples:  33%|███▎      | 498/1532 [00:46<00:23, 43.35step/s]
[Origin 13/13] 🎲 Drawing Posterior Samples:  33%|███▎      | 504/1532 [00:46<00:22, 45.83step/s]
[Origin 13/13] 🎲 Drawing Posterior Samples:  33%|███▎      | 509/1532 [00:46<00:22, 45.04step/s]
[Origin 13/13] 🎲 Drawing Posterior Samples:  34%|███▎      | 514/1532 [00:46<00:22, 45.73step/s]
[Origin 13/13] 🎲 Drawing Posterior Samples:  34%|███▍      | 519/1532 [00:46<00:22, 45.97step/s]
[Origin 13/13] 🎲 Drawing Posterior Samples:  34%|███▍      | 524/1532 [00:47<00:21, 46.17step/s]
[Origin 13/13] 🎲 Drawing Posterior Samples:  35%|███▍      | 529/1532 [00:47<00:21, 46.78step/s]
[Origin 13/13] 🎲 Drawing Posterior Samples:  35%|███▍      | 534/1532 [00:47<00:21, 45.50step/s]
[Origin 13/13] 🎲 Drawing Posterior Samples:  35%|███▌      | 540/1532 [00:47<00:20, 47.60step/s]
[Origin 13/13] 🎲 Drawing Posterior Samples:  36%|███▌      | 545/1532 [00:47<00:21, 46.05step/s]
[Origin 13/13] 🎲 Drawing Posterior Samples:  36%|███▌      | 551/1532 [00:47<00:20, 47.81step/s]
[Origin 13/13] 🎲 Drawing Posterior Samples:  36%|███▋      | 556/1532 [00:47<00:21, 46.23step/s]
[Origin 13/13] 🎲 Drawing Posterior Samples:  37%|███▋      | 562/1532 [00:47<00:21, 45.88step/s]
[Origin 13/13] 🎲 Drawing Posterior Samples:  37%|███▋      | 568/1532 [00:47<00:20, 47.48step/s]
[Origin 13/13] 🎲 Drawing Posterior Samples:  37%|███▋      | 573/1532 [00:48<00:20, 45.89step/s]
[Origin 13/13] 🎲 Drawing Posterior Samples:  38%|███▊      | 578/1532 [00:48<00:20, 45.63step/s]
[Origin 13/13] 🎲 Drawing Posterior Samples:  38%|███▊      | 583/1532 [00:48<00:20, 46.04step/s]
[Origin 13/13] 🎲 Drawing Posterior Samples:  38%|███▊      | 589/1532 [00:48<00:19, 47.79step/s]
[Origin 13/13] 🎲 Drawing Posterior Samples:  39%|███▉      | 594/1532 [00:48<00:20, 45.93step/s]
[Origin 13/13] 🎲 Drawing Posterior Samples:  39%|███▉      | 599/1532 [00:48<00:20, 45.78step/s]
[Origin 13/13] 🎲 Drawing Posterior Samples:  39%|███▉      | 604/1532 [00:48<00:19, 46.92step/s]
[Origin 13/13] 🎲 Drawing Posterior Samples:  40%|███▉      | 609/1532 [00:48<00:20, 45.70step/s]
[Origin 13/13] 🎲 Drawing Posterior Samples:  40%|████      | 615/1532 [00:48<00:19, 47.36step/s]
[Origin 13/13] 🎲 Drawing Posterior Samples:  40%|████      | 620/1532 [00:49<00:19, 46.02step/s]
[Origin 13/13] 🎲 Drawing Posterior Samples:  41%|████      | 626/1532 [00:49<00:18, 47.85step/s]
[Origin 13/13] 🎲 Drawing Posterior Samples:  41%|████      | 631/1532 [00:49<00:19, 46.29step/s]
[Origin 13/13] 🎲 Drawing Posterior Samples:  42%|████▏     | 637/1532 [00:49<00:19, 45.54step/s]
[Origin 13/13] 🎲 Drawing Posterior Samples:  42%|████▏     | 643/1532 [00:49<00:18, 47.48step/s]
[Origin 13/13] 🎲 Drawing Posterior Samples:  42%|████▏     | 648/1532 [00:49<00:19, 46.07step/s]
[Origin 13/13] 🎲 Drawing Posterior Samples:  43%|████▎     | 654/1532 [00:49<00:18, 47.86step/s]
[Origin 13/13] 🎲 Drawing Posterior Samples:  43%|████▎     | 659/1532 [00:49<00:18, 46.51step/s]
[Origin 13/13] 🎲 Drawing Posterior Samples:  43%|████▎     | 665/1532 [00:50<00:18, 47.07step/s]
[Origin 13/13] 🎲 Drawing Posterior Samples:  44%|████▎     | 670/1532 [00:50<00:18, 46.74step/s]
[Origin 13/13] 🎲 Drawing Posterior Samples:  44%|████▍     | 675/1532 [00:50<00:19, 44.91step/s]
[Origin 13/13] 🎲 Drawing Posterior Samples:  44%|████▍     | 681/1532 [00:50<00:18, 46.94step/s]
[Origin 13/13] 🎲 Drawing Posterior Samples:  45%|████▍     | 686/1532 [00:50<00:18, 45.39step/s]
[Origin 13/13] 🎲 Drawing Posterior Samples:  45%|████▌     | 692/1532 [00:50<00:17, 47.41step/s]
[Origin 13/13] 🎲 Drawing Posterior Samples:  45%|████▌     | 697/1532 [00:50<00:18, 45.91step/s]
[Origin 13/13] 🎲 Drawing Posterior Samples:  46%|████▌     | 702/1532 [00:50<00:17, 46.33step/s]
[Origin 13/13] 🎲 Drawing Posterior Samples:  46%|████▌     | 707/1532 [00:50<00:17, 46.55step/s]
[Origin 13/13] 🎲 Drawing Posterior Samples:  46%|████▋     | 712/1532 [00:51<00:17, 47.01step/s]
[Origin 13/13] 🎲 Drawing Posterior Samples:  47%|████▋     | 717/1532 [00:51<00:17, 46.78step/s]
[Origin 13/13] 🎲 Drawing Posterior Samples:  47%|████▋     | 722/1532 [00:51<00:17, 46.16step/s]
[Origin 13/13] 🎲 Drawing Posterior Samples:  47%|████▋     | 727/1532 [00:51<00:17, 47.21step/s]
[Origin 13/13] 🎲 Drawing Posterior Samples:  48%|████▊     | 732/1532 [00:51<00:34, 22.94step/s]
[Origin 13/13] 🎲 Drawing Posterior Samples:  48%|████▊     | 736/1532 [00:52<01:08, 11.59step/s]
[Origin 13/13] 🎲 Drawing Posterior Samples:  48%|████▊     | 739/1532 [00:53<01:31,  8.68step/s]
[Origin 13/13] 🎲 Drawing Posterior Samples:  48%|████▊     | 742/1532 [00:54<02:06,  6.22step/s]
[Origin 13/13] 🎲 Drawing Posterior Samples:  49%|████▊     | 744/1532 [00:54<02:17,  5.72step/s]
[Origin 13/13] 🎲 Drawing Posterior Samples:  49%|████▊     | 746/1532 [00:55<02:36,  5.02step/s]
[Origin 13/13] 🎲 Drawing Posterior Samples:  49%|████▉     | 747/1532 [00:55<02:42,  4.84step/s]
[Origin 13/13] 🎲 Drawing Posterior Samples:  49%|████▉     | 748/1532 [00:55<02:50,  4.59step/s]
[Origin 13/13] 🎲 Drawing Posterior Samples:  49%|████▉     | 749/1532 [00:56<03:04,  4.25step/s]
[Origin 13/13] 🎲 Drawing Posterior Samples:  49%|████▉     | 750/1532 [00:56<03:06,  4.19step/s]
[Origin 13/13] 🎲 Drawing Posterior Samples:  49%|████▉     | 751/1532 [00:56<03:22,  3.86step/s]
[Origin 13/13] 🎲 Drawing Posterior Samples:  49%|████▉     | 752/1532 [00:57<03:30,  3.70step/s]
[Origin 13/13] 🎲 Drawing Posterior Samples:  49%|████▉     | 753/1532 [00:57<03:13,  4.03step/s]
[Origin 13/13] 🎲 Drawing Posterior Samples:  49%|████▉     | 754/1532 [00:57<03:29,  3.71step/s]
[Origin 13/13] 🎲 Drawing Posterior Samples:  49%|████▉     | 755/1532 [00:57<03:41,  3.51step/s]
[Origin 13/13] 🎲 Drawing Posterior Samples:  49%|████▉     | 756/1532 [00:58<03:36,  3.59step/s]
[Origin 13/13] 🎲 Drawing Posterior Samples:  49%|████▉     | 757/1532 [00:58<03:32,  3.64step/s]
[Origin 13/13] 🎲 Drawing Posterior Samples:  49%|████▉     | 758/1532 [00:58<03:30,  3.67step/s]
[Origin 13/13] 🎲 Drawing Posterior Samples:  50%|████▉     | 759/1532 [00:58<03:18,  3.90step/s]
[Origin 13/13] 🎲 Drawing Posterior Samples:  50%|████▉     | 760/1532 [00:59<03:31,  3.65step/s]
[Origin 13/13] 🎲 Drawing Posterior Samples:  50%|████▉     | 761/1532 [00:59<03:37,  3.54step/s]
[Origin 13/13] 🎲 Drawing Posterior Samples:  50%|████▉     | 762/1532 [00:59<03:21,  3.82step/s]
[Origin 13/13] 🎲 Drawing Posterior Samples:  50%|████▉     | 763/1532 [00:59<03:03,  4.19step/s]
[Origin 13/13] 🎲 Drawing Posterior Samples:  50%|████▉     | 764/1532 [01:00<03:05,  4.14step/s]
[Origin 13/13] 🎲 Drawing Posterior Samples:  50%|████▉     | 765/1532 [01:00<03:30,  3.65step/s]
[Origin 13/13] 🎲 Drawing Posterior Samples:  50%|█████     | 766/1532 [01:00<03:23,  3.76step/s]
[Origin 13/13] 🎲 Drawing Posterior Samples:  50%|█████     | 767/1532 [01:26<1:39:42,  7.82s/step]
[Origin 13/13] 🎲 Drawing Posterior Samples:  50%|█████     | 773/1532 [01:26<27:53,  2.20s/step]  
[Origin 13/13] 🎲 Drawing Posterior Samples:  51%|█████     | 779/1532 [01:26<13:45,  1.10s/step]
[Origin 13/13] 🎲 Drawing Posterior Samples:  51%|█████     | 784/1532 [01:26<08:38,  1.44step/s]
[Origin 13/13] 🎲 Drawing Posterior Samples:  52%|█████▏    | 790/1532 [01:26<05:18,  2.33step/s]
[Origin 13/13] 🎲 Drawing Posterior Samples:  52%|█████▏    | 795/1532 [01:26<03:40,  3.34step/s]
[Origin 13/13] 🎲 Drawing Posterior Samples:  52%|█████▏    | 800/1532 [01:26<02:35,  4.71step/s]
[Origin 13/13] 🎲 Drawing Posterior Samples:  53%|█████▎    | 805/1532 [01:27<01:51,  6.52step/s]
[Origin 13/13] 🎲 Drawing Posterior Samples:  53%|█████▎    | 810/1532 [01:27<01:21,  8.81step/s]
[Origin 13/13] 🎲 Drawing Posterior Samples:  53%|█████▎    | 816/1532 [01:27<00:58, 12.34step/s]
[Origin 13/13] 🎲 Drawing Posterior Samples:  54%|█████▎    | 821/1532 [01:27<00:45, 15.53step/s]
[Origin 13/13] 🎲 Drawing Posterior Samples:  54%|█████▍    | 827/1532 [01:27<00:34, 20.22step/s]
[Origin 13/13] 🎲 Drawing Posterior Samples:  54%|█████▍    | 832/1532 [01:27<00:29, 23.79step/s]
[Origin 13/13] 🎲 Drawing Posterior Samples:  55%|█████▍    | 838/1532 [01:27<00:24, 28.21step/s]
[Origin 13/13] 🎲 Drawing Posterior Samples:  55%|█████▌    | 844/1532 [01:27<00:20, 32.83step/s]
[Origin 13/13] 🎲 Drawing Posterior Samples:  55%|█████▌    | 849/1532 [01:28<00:19, 35.00step/s]
[Origin 13/13] 🎲 Drawing Posterior Samples:  56%|█████▌    | 855/1532 [01:28<00:17, 39.11step/s]
[Origin 13/13] 🎲 Drawing Posterior Samples:  56%|█████▌    | 860/1532 [01:28<00:17, 38.01step/s]
[Origin 13/13] 🎲 Drawing Posterior Samples:  57%|█████▋    | 866/1532 [01:28<00:15, 41.67step/s]
[Origin 13/13] 🎲 Drawing Posterior Samples:  57%|█████▋    | 872/1532 [01:28<00:14, 44.50step/s]
[Origin 13/13] 🎲 Drawing Posterior Samples:  57%|█████▋    | 877/1532 [01:28<00:14, 43.70step/s]
[Origin 13/13] 🎲 Drawing Posterior Samples:  58%|█████▊    | 883/1532 [01:28<00:14, 46.02step/s]
[Origin 13/13] 🎲 Drawing Posterior Samples:  58%|█████▊    | 888/1532 [01:28<00:14, 45.04step/s]
[Origin 13/13] 🎲 Drawing Posterior Samples:  58%|█████▊    | 894/1532 [01:28<00:13, 45.83step/s]
[Origin 13/13] 🎲 Drawing Posterior Samples:  59%|█████▊    | 899/1532 [01:29<00:13, 46.16step/s]
[Origin 13/13] 🎲 Drawing Posterior Samples:  59%|█████▉    | 904/1532 [01:29<00:13, 45.51step/s]
[Origin 13/13] 🎲 Drawing Posterior Samples:  59%|█████▉    | 910/1532 [01:29<00:13, 47.31step/s]
[Origin 13/13] 🎲 Drawing Posterior Samples:  60%|█████▉    | 915/1532 [01:29<00:13, 46.03step/s]
[Origin 13/13] 🎲 Drawing Posterior Samples:  60%|██████    | 921/1532 [01:29<00:12, 47.95step/s]
[Origin 13/13] 🎲 Drawing Posterior Samples:  60%|██████    | 926/1532 [01:29<00:13, 46.56step/s]
[Origin 13/13] 🎲 Drawing Posterior Samples:  61%|██████    | 932/1532 [01:29<00:12, 46.93step/s]
[Origin 13/13] 🎲 Drawing Posterior Samples:  61%|██████    | 937/1532 [01:29<00:12, 46.73step/s]
[Origin 13/13] 🎲 Drawing Posterior Samples:  61%|██████▏   | 942/1532 [01:30<00:12, 45.41step/s]
[Origin 13/13] 🎲 Drawing Posterior Samples:  62%|██████▏   | 948/1532 [01:30<00:12, 47.34step/s]
[Origin 13/13] 🎲 Drawing Posterior Samples:  62%|██████▏   | 953/1532 [01:30<00:12, 45.14step/s]
[Origin 13/13] 🎲 Drawing Posterior Samples:  63%|██████▎   | 958/1532 [01:30<00:13, 43.35step/s]
[Origin 13/13] 🎲 Drawing Posterior Samples:  63%|██████▎   | 964/1532 [01:30<00:12, 45.97step/s]
[Origin 13/13] 🎲 Drawing Posterior Samples:  63%|██████▎   | 969/1532 [01:30<00:12, 45.81step/s]
[Origin 13/13] 🎲 Drawing Posterior Samples:  64%|██████▎   | 974/1532 [01:30<00:12, 46.38step/s]
[Origin 13/13] 🎲 Drawing Posterior Samples:  64%|██████▍   | 979/1532 [01:30<00:12, 45.28step/s]
[Origin 13/13] 🎲 Drawing Posterior Samples:  64%|██████▍   | 985/1532 [01:30<00:11, 47.45step/s]
[Origin 13/13] 🎲 Drawing Posterior Samples:  65%|██████▍   | 990/1532 [01:31<00:11, 46.11step/s]
[Origin 13/13] 🎲 Drawing Posterior Samples:  65%|██████▌   | 996/1532 [01:31<00:11, 47.84step/s]
[Origin 13/13] 🎲 Drawing Posterior Samples:  65%|██████▌   | 1001/1532 [01:31<00:11, 46.48step/s]
[Origin 13/13] 🎲 Drawing Posterior Samples:  66%|██████▌   | 1007/1532 [01:31<00:11, 45.37step/s]
[Origin 13/13] 🎲 Drawing Posterior Samples:  66%|██████▌   | 1013/1532 [01:31<00:10, 47.36step/s]
[Origin 13/13] 🎲 Drawing Posterior Samples:  66%|██████▋   | 1018/1532 [01:31<00:11, 46.12step/s]
[Origin 13/13] 🎲 Drawing Posterior Samples:  67%|██████▋   | 1024/1532 [01:31<00:10, 47.97step/s]
[Origin 13/13] 🎲 Drawing Posterior Samples:  67%|██████▋   | 1029/1532 [01:31<00:10, 46.37step/s]
[Origin 13/13] 🎲 Drawing Posterior Samples:  68%|██████▊   | 1035/1532 [01:32<00:10, 46.81step/s]
[Origin 13/13] 🎲 Drawing Posterior Samples:  68%|██████▊   | 1040/1532 [01:32<00:10, 46.80step/s]
[Origin 13/13] 🎲 Drawing Posterior Samples:  68%|██████▊   | 1045/1532 [01:32<00:10, 44.98step/s]
[Origin 13/13] 🎲 Drawing Posterior Samples:  69%|██████▊   | 1051/1532 [01:32<00:10, 47.14step/s]
[Origin 13/13] 🎲 Drawing Posterior Samples:  69%|██████▉   | 1056/1532 [01:32<00:10, 45.57step/s]
[Origin 13/13] 🎲 Drawing Posterior Samples:  69%|██████▉   | 1062/1532 [01:32<00:09, 47.54step/s]
[Origin 13/13] 🎲 Drawing Posterior Samples:  70%|██████▉   | 1067/1532 [01:32<00:10, 46.19step/s]
[Origin 13/13] 🎲 Drawing Posterior Samples:  70%|███████   | 1073/1532 [01:32<00:10, 45.69step/s]
[Origin 13/13] 🎲 Drawing Posterior Samples:  70%|███████   | 1079/1532 [01:32<00:09, 47.59step/s]
[Origin 13/13] 🎲 Drawing Posterior Samples:  71%|███████   | 1084/1532 [01:33<00:09, 46.28step/s]
[Origin 13/13] 🎲 Drawing Posterior Samples:  71%|███████   | 1090/1532 [01:33<00:09, 48.00step/s]
[Origin 13/13] 🎲 Drawing Posterior Samples:  71%|███████▏  | 1095/1532 [01:33<00:09, 46.68step/s]
[Origin 13/13] 🎲 Drawing Posterior Samples:  72%|███████▏  | 1101/1532 [01:33<00:09, 47.80step/s]
[Origin 13/13] 🎲 Drawing Posterior Samples:  72%|███████▏  | 1106/1532 [01:33<00:09, 46.97step/s]
[Origin 13/13] 🎲 Drawing Posterior Samples:  73%|███████▎  | 1111/1532 [01:33<00:09, 46.30step/s]
[Origin 13/13] 🎲 Drawing Posterior Samples:  73%|███████▎  | 1116/1532 [01:34<00:22, 18.73step/s]
[Origin 13/13] 🎲 Drawing Posterior Samples:  73%|███████▎  | 1120/1532 [01:35<00:46,  8.95step/s]
[Origin 13/13] 🎲 Drawing Posterior Samples:  73%|███████▎  | 1123/1532 [01:36<00:53,  7.64step/s]
[Origin 13/13] 🎲 Drawing Posterior Samples:  73%|███████▎  | 1125/1532 [01:36<00:56,  7.15step/s]
[Origin 13/13] 🎲 Drawing Posterior Samples:  74%|███████▎  | 1127/1532 [01:36<01:05,  6.21step/s]
[Origin 13/13] 🎲 Drawing Posterior Samples:  74%|███████▎  | 1129/1532 [01:37<01:09,  5.76step/s]
[Origin 13/13] 🎲 Drawing Posterior Samples:  74%|███████▍  | 1130/1532 [01:37<01:11,  5.66step/s]
[Origin 13/13] 🎲 Drawing Posterior Samples:  74%|███████▍  | 1131/1532 [01:37<01:11,  5.61step/s]
[Origin 13/13] 🎲 Drawing Posterior Samples:  74%|███████▍  | 1132/1532 [01:38<01:20,  4.96step/s]
[Origin 13/13] 🎲 Drawing Posterior Samples:  74%|███████▍  | 1133/1532 [01:38<01:25,  4.64step/s]
[Origin 13/13] 🎲 Drawing Posterior Samples:  74%|███████▍  | 1134/1532 [01:38<01:21,  4.87step/s]
[Origin 13/13] 🎲 Drawing Posterior Samples:  74%|███████▍  | 1135/1532 [01:38<01:18,  5.06step/s]
[Origin 13/13] 🎲 Drawing Posterior Samples:  74%|███████▍  | 1136/1532 [01:38<01:20,  4.95step/s]
[Origin 13/13] 🎲 Drawing Posterior Samples:  74%|███████▍  | 1137/1532 [01:39<01:16,  5.18step/s]
[Origin 13/13] 🎲 Drawing Posterior Samples:  74%|███████▍  | 1138/1532 [01:39<01:22,  4.78step/s]
[Origin 13/13] 🎲 Drawing Posterior Samples:  74%|███████▍  | 1139/1532 [01:39<01:24,  4.63step/s]
[Origin 13/13] 🎲 Drawing Posterior Samples:  74%|███████▍  | 1140/1532 [01:39<01:20,  4.86step/s]
[Origin 13/13] 🎲 Drawing Posterior Samples:  74%|███████▍  | 1141/1532 [01:39<01:21,  4.83step/s]
[Origin 13/13] 🎲 Drawing Posterior Samples:  75%|███████▍  | 1142/1532 [01:40<01:19,  4.91step/s]
[Origin 13/13] 🎲 Drawing Posterior Samples:  75%|███████▍  | 1143/1532 [01:40<01:21,  4.75step/s]
[Origin 13/13] 🎲 Drawing Posterior Samples:  75%|███████▍  | 1144/1532 [01:40<01:24,  4.57step/s]
[Origin 13/13] 🎲 Drawing Posterior Samples:  75%|███████▍  | 1145/1532 [01:40<01:21,  4.73step/s]
[Origin 13/13] 🎲 Drawing Posterior Samples:  75%|███████▍  | 1146/1532 [01:41<01:22,  4.65step/s]
[Origin 13/13] 🎲 Drawing Posterior Samples:  75%|███████▍  | 1147/1532 [01:41<01:22,  4.67step/s]
[Origin 13/13] 🎲 Drawing Posterior Samples:  75%|███████▍  | 1148/1532 [01:41<01:20,  4.79step/s]
[Origin 13/13] 🎲 Drawing Posterior Samples:  75%|███████▌  | 1149/1532 [01:41<01:23,  4.58step/s]
[Origin 13/13] 🎲 Drawing Posterior Samples:  75%|███████▌  | 1150/1532 [02:00<37:16,  5.85s/step]
[Origin 13/13] 🎲 Drawing Posterior Samples:  75%|███████▌  | 1155/1532 [02:00<11:48,  1.88s/step]
[Origin 13/13] 🎲 Drawing Posterior Samples:  76%|███████▌  | 1160/1532 [02:00<05:57,  1.04step/s]
[Origin 13/13] 🎲 Drawing Posterior Samples:  76%|███████▌  | 1165/1532 [02:01<03:30,  1.74step/s]
[Origin 13/13] 🎲 Drawing Posterior Samples:  76%|███████▋  | 1171/1532 [02:01<02:04,  2.91step/s]
[Origin 13/13] 🎲 Drawing Posterior Samples:  77%|███████▋  | 1176/1532 [02:01<01:24,  4.21step/s]
[Origin 13/13] 🎲 Drawing Posterior Samples:  77%|███████▋  | 1182/1532 [02:01<00:55,  6.31step/s]
[Origin 13/13] 🎲 Drawing Posterior Samples:  77%|███████▋  | 1187/1532 [02:01<00:40,  8.50step/s]
[Origin 13/13] 🎲 Drawing Posterior Samples:  78%|███████▊  | 1193/1532 [02:01<00:28, 11.79step/s]
[Origin 13/13] 🎲 Drawing Posterior Samples:  78%|███████▊  | 1198/1532 [02:01<00:22, 15.09step/s]
[Origin 13/13] 🎲 Drawing Posterior Samples:  79%|███████▊  | 1203/1532 [02:01<00:17, 18.61step/s]
[Origin 13/13] 🎲 Drawing Posterior Samples:  79%|███████▉  | 1209/1532 [02:01<00:13, 23.66step/s]
[Origin 13/13] 🎲 Drawing Posterior Samples:  79%|███████▉  | 1214/1532 [02:02<00:11, 26.96step/s]
[Origin 13/13] 🎲 Drawing Posterior Samples:  80%|███████▉  | 1220/1532 [02:02<00:10, 31.13step/s]
[Origin 13/13] 🎲 Drawing Posterior Samples:  80%|███████▉  | 1225/1532 [02:02<00:08, 34.56step/s]
[Origin 13/13] 🎲 Drawing Posterior Samples:  80%|████████  | 1231/1532 [02:02<00:08, 37.34step/s]
[Origin 13/13] 🎲 Drawing Posterior Samples:  81%|████████  | 1236/1532 [02:02<00:07, 40.15step/s]
[Origin 13/13] 🎲 Drawing Posterior Samples:  81%|████████  | 1241/1532 [02:02<00:07, 41.05step/s]
[Origin 13/13] 🎲 Drawing Posterior Samples:  81%|████████▏ | 1247/1532 [02:02<00:06, 44.21step/s]
[Origin 13/13] 🎲 Drawing Posterior Samples:  82%|████████▏ | 1252/1532 [02:02<00:06, 43.63step/s]
[Origin 13/13] 🎲 Drawing Posterior Samples:  82%|████████▏ | 1258/1532 [02:02<00:05, 46.04step/s]
[Origin 13/13] 🎲 Drawing Posterior Samples:  82%|████████▏ | 1263/1532 [02:03<00:05, 44.91step/s]
[Origin 13/13] 🎲 Drawing Posterior Samples:  83%|████████▎ | 1268/1532 [02:03<00:05, 45.24step/s]
[Origin 13/13] 🎲 Drawing Posterior Samples:  83%|████████▎ | 1273/1532 [02:03<00:05, 46.03step/s]
[Origin 13/13] 🎲 Drawing Posterior Samples:  83%|████████▎ | 1278/1532 [02:03<00:05, 44.91step/s]
[Origin 13/13] 🎲 Drawing Posterior Samples:  84%|████████▍ | 1284/1532 [02:03<00:05, 47.18step/s]
[Origin 13/13] 🎲 Drawing Posterior Samples:  84%|████████▍ | 1289/1532 [02:03<00:05, 46.01step/s]
[Origin 13/13] 🎲 Drawing Posterior Samples:  85%|████████▍ | 1295/1532 [02:03<00:04, 47.91step/s]
[Origin 13/13] 🎲 Drawing Posterior Samples:  85%|████████▍ | 1300/1532 [02:03<00:04, 46.73step/s]
[Origin 13/13] 🎲 Drawing Posterior Samples:  85%|████████▌ | 1306/1532 [02:04<00:04, 47.85step/s]
[Origin 13/13] 🎲 Drawing Posterior Samples:  86%|████████▌ | 1311/1532 [02:04<00:04, 47.05step/s]
[Origin 13/13] 🎲 Drawing Posterior Samples:  86%|████████▌ | 1316/1532 [02:04<00:04, 45.15step/s]
[Origin 13/13] 🎲 Drawing Posterior Samples:  86%|████████▋ | 1322/1532 [02:04<00:04, 47.18step/s]
[Origin 13/13] 🎲 Drawing Posterior Samples:  87%|████████▋ | 1327/1532 [02:04<00:04, 45.54step/s]
[Origin 13/13] 🎲 Drawing Posterior Samples:  87%|████████▋ | 1333/1532 [02:04<00:04, 47.48step/s]
[Origin 13/13] 🎲 Drawing Posterior Samples:  87%|████████▋ | 1338/1532 [02:04<00:04, 46.20step/s]
[Origin 13/13] 🎲 Drawing Posterior Samples:  88%|████████▊ | 1344/1532 [02:04<00:04, 45.95step/s]
[Origin 13/13] 🎲 Drawing Posterior Samples:  88%|████████▊ | 1350/1532 [02:04<00:03, 47.56step/s]
[Origin 13/13] 🎲 Drawing Posterior Samples:  88%|████████▊ | 1355/1532 [02:05<00:03, 46.26step/s]
[Origin 13/13] 🎲 Drawing Posterior Samples:  89%|████████▉ | 1361/1532 [02:05<00:03, 48.05step/s]
[Origin 13/13] 🎲 Drawing Posterior Samples:  89%|████████▉ | 1366/1532 [02:05<00:03, 46.61step/s]
[Origin 13/13] 🎲 Drawing Posterior Samples:  90%|████████▉ | 1372/1532 [02:05<00:03, 48.20step/s]
[Origin 13/13] 🎲 Drawing Posterior Samples:  90%|████████▉ | 1377/1532 [02:05<00:03, 46.65step/s]
[Origin 13/13] 🎲 Drawing Posterior Samples:  90%|█████████ | 1382/1532 [02:05<00:03, 46.82step/s]
[Origin 13/13] 🎲 Drawing Posterior Samples:  91%|█████████ | 1387/1532 [02:05<00:03, 46.79step/s]
[Origin 13/13] 🎲 Drawing Posterior Samples:  91%|█████████ | 1392/1532 [02:05<00:03, 45.51step/s]
[Origin 13/13] 🎲 Drawing Posterior Samples:  91%|█████████▏| 1398/1532 [02:05<00:02, 47.56step/s]
[Origin 13/13] 🎲 Drawing Posterior Samples:  92%|█████████▏| 1403/1532 [02:06<00:02, 46.25step/s]
[Origin 13/13] 🎲 Drawing Posterior Samples:  92%|█████████▏| 1408/1532 [02:06<00:02, 44.44step/s]
[Origin 13/13] 🎲 Drawing Posterior Samples:  92%|█████████▏| 1414/1532 [02:06<00:02, 46.80step/s]
[Origin 13/13] 🎲 Drawing Posterior Samples:  93%|█████████▎| 1419/1532 [02:06<00:02, 46.75step/s]
[Origin 13/13] 🎲 Drawing Posterior Samples:  93%|█████████▎| 1424/1532 [02:06<00:02, 46.65step/s]
[Origin 13/13] 🎲 Drawing Posterior Samples:  93%|█████████▎| 1429/1532 [02:06<00:02, 45.20step/s]
[Origin 13/13] 🎲 Drawing Posterior Samples:  94%|█████████▎| 1435/1532 [02:06<00:02, 47.29step/s]
[Origin 13/13] 🎲 Drawing Posterior Samples:  94%|█████████▍| 1440/1532 [02:06<00:02, 45.94step/s]
[Origin 13/13] 🎲 Drawing Posterior Samples:  94%|█████████▍| 1446/1532 [02:07<00:01, 47.77step/s]
[Origin 13/13] 🎲 Drawing Posterior Samples:  95%|█████████▍| 1451/1532 [02:07<00:01, 46.28step/s]
[Origin 13/13] 🎲 Drawing Posterior Samples:  95%|█████████▌| 1457/1532 [02:07<00:01, 46.80step/s]
[Origin 13/13] 🎲 Drawing Posterior Samples:  95%|█████████▌| 1462/1532 [02:07<00:01, 46.71step/s]
[Origin 13/13] 🎲 Drawing Posterior Samples:  96%|█████████▌| 1467/1532 [02:07<00:01, 45.51step/s]
[Origin 13/13] 🎲 Drawing Posterior Samples:  96%|█████████▌| 1473/1532 [02:07<00:01, 47.66step/s]
[Origin 13/13] 🎲 Drawing Posterior Samples:  96%|█████████▋| 1478/1532 [02:07<00:01, 46.09step/s]
[Origin 13/13] 🎲 Drawing Posterior Samples:  97%|█████████▋| 1484/1532 [02:07<00:01, 47.92step/s]
[Origin 13/13] 🎲 Drawing Posterior Samples:  97%|█████████▋| 1489/1532 [02:07<00:00, 46.43step/s]
[Origin 13/13] 🎲 Drawing Posterior Samples:  98%|█████████▊| 1495/1532 [02:08<00:00, 46.18step/s]
[Origin 13/13] 🎲 Drawing Posterior Samples:  98%|█████████▊| 1500/1532 [02:08<00:01, 16.43step/s]
[Origin 13/13] 🎲 Drawing Posterior Samples:  98%|█████████▊| 1504/1532 [02:09<00:02, 10.65step/s]
[Origin 13/13] 🎲 Drawing Posterior Samples:  98%|█████████▊| 1507/1532 [02:10<00:02,  8.72step/s]
[Origin 13/13] 🎲 Drawing Posterior Samples:  98%|█████████▊| 1509/1532 [02:10<00:02,  7.79step/s]
[Origin 13/13] 🎲 Drawing Posterior Samples:  99%|█████████▊| 1511/1532 [02:11<00:03,  6.60step/s]
[Origin 13/13] 🎲 Drawing Posterior Samples:  99%|█████████▉| 1513/1532 [02:11<00:03,  5.94step/s]
[Origin 13/13] 🎲 Drawing Posterior Samples:  99%|█████████▉| 1514/1532 [02:11<00:03,  5.80step/s]
[Origin 13/13] 🎲 Drawing Posterior Samples:  99%|█████████▉| 1515/1532 [02:12<00:03,  5.53step/s]
[Origin 13/13] 🎲 Drawing Posterior Samples:  99%|█████████▉| 1516/1532 [02:12<00:03,  5.21step/s]
[Origin 13/13] 🎲 Drawing Posterior Samples:  99%|█████████▉| 1517/1532 [02:12<00:02,  5.08step/s]
[Origin 13/13] 🎲 Drawing Posterior Samples:  99%|█████████▉| 1518/1532 [02:12<00:02,  4.85step/s]
[Origin 13/13] 🎲 Drawing Posterior Samples:  99%|█████████▉| 1519/1532 [02:12<00:02,  4.95step/s]
[Origin 13/13] 🎲 Drawing Posterior Samples:  99%|█████████▉| 1520/1532 [02:13<00:02,  4.88step/s]
[Origin 13/13] 🎲 Drawing Posterior Samples:  99%|█████████▉| 1521/1532 [02:13<00:02,  4.81step/s]
[Origin 13/13] 🎲 Drawing Posterior Samples:  99%|█████████▉| 1522/1532 [02:13<00:02,  4.79step/s]
[Origin 13/13] 🎲 Drawing Posterior Samples:  99%|█████████▉| 1523/1532 [02:13<00:01,  4.97step/s]
[Origin 13/13] 🎲 Drawing Posterior Samples:  99%|█████████▉| 1524/1532 [02:13<00:01,  4.90step/s]
[Origin 13/13] 🎲 Drawing Posterior Samples: 100%|█████████▉| 1525/1532 [02:14<00:01,  4.86step/s]
[Origin 13/13] 🎲 Drawing Posterior Samples: 100%|█████████▉| 1526/1532 [02:14<00:01,  4.81step/s]
[Origin 13/13] 🎲 Drawing Posterior Samples: 100%|█████████▉| 1527/1532 [02:14<00:00,  5.07step/s]
[Origin 13/13] 🎲 Drawing Posterior Samples: 100%|█████████▉| 1528/1532 [02:14<00:00,  5.14step/s]
[Origin 13/13] 🎲 Drawing Posterior Samples: 100%|█████████▉| 1529/1532 [02:14<00:00,  4.90step/s]
[Origin 13/13] 🎲 Drawing Posterior Samples: 100%|█████████▉| 1530/1532 [02:15<00:00,  4.80step/s]
[Origin 13/13] 🎲 Drawing Posterior Samples: 100%|█████████▉| 1531/1532 [02:15<00:00,  4.53step/s]
[Origin 13/13] 🎲 Drawing Posterior Samples: 100%|██████████| 1532/1532 [02:15<00:00,  4.71step/s]
                                                                                                  
wandb: WARNING Saving files without folders. If you want to preserve subdirectories pass base_path to wandb.save, i.e. wandb.save("/mnt/folder/file.h5", base_path="/mnt")
wandb: - 0.153 MB of 0.153 MB uploaded
wandb: \ 0.153 MB of 0.153 MB uploaded
wandb: | 0.153 MB of 0.153 MB uploaded
wandb:                                                                                
wandb: 
wandb: Run history:
wandb:            month-wise/by_ns_best/Brier_cls_sample █▅▆▅▆▅▃▃▄▃▅▅▆▆▆▃▃▂▅▃▄▄▄▆▆▅▁▃▃▃▁▂▃▅▃▂▃▁▂▂
wandb:       month-wise/by_ns_best/Brier_cls_sample_mean ▁
wandb:            month-wise/by_os_best/Brier_cls_sample ▂▃▂▃▃▃▂▁▃▅▆▄▃▅▆▆▄▁▂▅▅▇▅▇█▄▄▅▅▆▆▃▆▆▅▇▂▂▄▆
wandb:       month-wise/by_os_best/Brier_cls_sample_mean ▁
wandb:            month-wise/by_sb_best/Brier_cls_sample ▄▂▃▅▂▃▁▂▁▂▂▃▂▃▄▅▂▄▃▂▄▅▅▆█▃▄▆▃▆▇▄▆▇█▆▇▆▇█
wandb:       month-wise/by_sb_best/Brier_cls_sample_mean ▁
wandb:                        month-wise/lr_ns_best/CRPS ▅█▇▃▂▃▂▃▅▅▄▃▄▂▂▁▂▂▄▃▂▁▂▂▃▂▁▂▂▁▂▁▁▃▂▁▂▁▂▁
wandb:                   month-wise/lr_ns_best/CRPS_mean ▁
wandb:                  month-wise/lr_ns_best/MCR_sample ▄▂▁▄▃▂▄▂▁▁▁▂▁▃▃▅▃▄▁▂▃▅▂▃▂▃█▃▄▅▃▆▅▂▃▆▃▇▃▄
wandb:             month-wise/lr_ns_best/MCR_sample_mean ▁
wandb:                   month-wise/lr_ns_best/QS_sample ▅██▃▂▃▂▃▅▅▅▃▄▂▂▁▂▂▄▃▂▁▂▂▃▂▁▂▂▁▂▁▁▃▂▁▂▁▂▁
wandb:              month-wise/lr_ns_best/QS_sample_mean ▁
wandb:                        month-wise/lr_os_best/CRPS ▁▁▁▁▂▁▁▁▁▁▂▁▁▁▂▁▁▁▁▃▂▂▂▂▂▂▂▁▂█▅▄▅▆▂▂▂▂▁▄
wandb:                   month-wise/lr_os_best/CRPS_mean ▁
wandb:                  month-wise/lr_os_best/MCR_sample ▄█▅▄▃▅▄▃▃▄▂▂▃▂▂▂▄▄▃▂▂▂▂▂▂▂▂▂▂▁▁▁▁▁▃▂▂▂▃▁
wandb:             month-wise/lr_os_best/MCR_sample_mean ▁
wandb:                   month-wise/lr_os_best/QS_sample ▁▁▁▁▂▁▁▁▁▁▂▁▁▁▂▁▁▁▁▃▂▂▂▂▂▂▂▁▂█▅▅▅▆▂▂▂▂▁▄
wandb:              month-wise/lr_os_best/QS_sample_mean ▁
wandb:                        month-wise/lr_sb_best/CRPS ▁▁▁▁▁▁▁▁▁▁▁▁▁▁▁▁▁▁▁▁▁▁▁▁▁▁▁▁▁▁▁▁▁▁▁▁▁▁▁█
wandb:                   month-wise/lr_sb_best/CRPS_mean ▁
wandb:                  month-wise/lr_sb_best/MCR_sample ▇█▇▆▆▄█▅▇▃▆▄▃▃▂▃▂▃▃▃▂▂▃▃▂▅▂▃▄▂▂▂▂▂▃▃▂▃▂▁
wandb:             month-wise/lr_sb_best/MCR_sample_mean ▁
wandb:                   month-wise/lr_sb_best/QS_sample ▁▁▁▁▁▁▁▁▁▁▁▁▁▁▁▁▁▁▁▁▁▁▁▁▁▁▁▁▁▁▁▁▁▁▁▁▁▁▁█
wandb:              month-wise/lr_sb_best/QS_sample_mean ▁
wandb:                                  month-wise/month ▁▁▄▅▅▆▇▇██▃▃▄▅▅▇▇██▁▂▃▆▇█▇█▁▂▃█▁▂▃▄▅▆▆▇█
wandb:             step-wise/by_ns_best/Brier_cls_sample ▇████▇▇▆▆▇▆▇▇▆▆▆▆▇▇▆▆▆▆▆▅▅▄▅▄▃▂▂▂▁▁▁
wandb:        step-wise/by_ns_best/Brier_cls_sample_mean ▁
wandb:             step-wise/by_os_best/Brier_cls_sample ▁▂▃▃▄▄▄▄▄▄▅▄▄▄▄▅▅▅▅▅▅▆▇▇██▇█▇▇▇▇▆▆▆▆
wandb:        step-wise/by_os_best/Brier_cls_sample_mean ▁
wandb:             step-wise/by_sb_best/Brier_cls_sample ▁▁▁▁▁▂▂▂▂▂▂▂▃▃▃▄▅▅▅▅▅▅▅▅▆▆▆▆▆▆▆▇▇▇██
wandb:        step-wise/by_sb_best/Brier_cls_sample_mean ▁
wandb:                         step-wise/lr_ns_best/CRPS ██▇▆▆▆▅▅▅▅▅▄▃▃▂▂▂▂▂▂▂▂▂▂▂▂▂▂▂▁▁▁▁▁▁▁
wandb:                    step-wise/lr_ns_best/CRPS_mean ▁
wandb:                   step-wise/lr_ns_best/MCR_sample ▅▁▂▂▁▁▂▂▂▂▂▂▃▄▄▅▄▄▅▄▅▅▇▇▆▇█▆▇▇███▇██
wandb:              step-wise/lr_ns_best/MCR_sample_mean ▁
wandb:                    step-wise/lr_ns_best/QS_sample ▇█▇▆▆▆▅▅▅▅▅▄▃▃▃▂▂▂▂▂▂▂▂▂▂▂▂▂▂▁▁▁▁▁▁▁
wandb:               step-wise/lr_ns_best/QS_sample_mean ▁
wandb:                         step-wise/lr_os_best/CRPS ▁▁▁▁▁▁▁▁▁▁▁▂▁▁▁▁▂▂▂▂▂▂▄▅▅▆▇████████▇
wandb:                    step-wise/lr_os_best/CRPS_mean ▁
wandb:                   step-wise/lr_os_best/MCR_sample █▅▄▃▃▃▃▃▃▃▃▃▃▃▃▃▃▃▂▃▂▂▂▂▁▁▁▁▁▁▁▁▁▁▁▁
wandb:              step-wise/lr_os_best/MCR_sample_mean ▁
wandb:                    step-wise/lr_os_best/QS_sample ▁▁▁▁▁▁▁▁▁▁▂▂▁▁▁▂▂▂▂▂▂▂▄▅▅▆▇████████▇
wandb:               step-wise/lr_os_best/QS_sample_mean ▁
wandb:                         step-wise/lr_sb_best/CRPS ▁▁▁▁▁▁▁▁▁▁▁▁▁▁▁▁▁▁▁▁▁▁▁▁▁▁▁▁▁▂▂▂▂▂▂█
wandb:                    step-wise/lr_sb_best/CRPS_mean ▁
wandb:                   step-wise/lr_sb_best/MCR_sample █▆▆▃▃▃▂▂▂▂▂▃▃▂▂▂▂▂▂▂▂▂▃▂▂▂▂▂▂▂▂▂▂▂▂▁
wandb:              step-wise/lr_sb_best/MCR_sample_mean ▁
wandb:                    step-wise/lr_sb_best/QS_sample ▁▁▁▁▁▁▁▁▁▁▁▁▁▁▁▁▁▁▁▁▁▁▁▁▁▁▁▁▁▂▂▂▂▂▂█
wandb:               step-wise/lr_sb_best/QS_sample_mean ▁
wandb:                                    step-wise/step ▁▂▄▆█▃▅▇▇▁▃▄▇▇██▁▂▄▄▆▇██▁▃▄▄▄▅▁▂▃▃▃▄▅▆▆▇
wandb:      time-series-wise/by_ns_best/Brier_cls_sample █▆▅▅▅▄▃▃▃▂▂▁▁
wandb: time-series-wise/by_ns_best/Brier_cls_sample_mean ▁
wandb:      time-series-wise/by_os_best/Brier_cls_sample ▁▂▂▄▅▆▆▇███▇█
wandb: time-series-wise/by_os_best/Brier_cls_sample_mean ▁
wandb:      time-series-wise/by_sb_best/Brier_cls_sample ▁▂▂▂▂▃▄▄▄▆▆▇█
wandb: time-series-wise/by_sb_best/Brier_cls_sample_mean ▁
wandb:                  time-series-wise/lr_ns_best/CRPS █▇▆▅▅▅▄▄▄▃▃▂▁
wandb:             time-series-wise/lr_ns_best/CRPS_mean ▁
wandb:            time-series-wise/lr_ns_best/MCR_sample ▁▂▂▃▃▃▄▄▃▅▄▅█
wandb:       time-series-wise/lr_ns_best/MCR_sample_mean ▁
wandb:             time-series-wise/lr_ns_best/QS_sample █▇▆▅▅▅▄▄▄▃▃▂▁
wandb:        time-series-wise/lr_ns_best/QS_sample_mean ▁
wandb:                  time-series-wise/lr_os_best/CRPS ▁▂▃▅▆▆▆▇▇▇▇██
wandb:             time-series-wise/lr_os_best/CRPS_mean ▁
wandb:            time-series-wise/lr_os_best/MCR_sample ▇█▇▃▂▄▃▃▂▅▃▃▁
wandb:       time-series-wise/lr_os_best/MCR_sample_mean ▁
wandb:             time-series-wise/lr_os_best/QS_sample ▁▂▄▅▆▆▆▇▇▇▇██
wandb:        time-series-wise/lr_os_best/QS_sample_mean ▁
wandb:                  time-series-wise/lr_sb_best/CRPS ▁▁▁▁▁▁▁▁▁▁▁▂█
wandb:             time-series-wise/lr_sb_best/CRPS_mean ▁
wandb:            time-series-wise/lr_sb_best/MCR_sample █▆▅▅▆▅▆▆▄▄▄▄▁
wandb:       time-series-wise/lr_sb_best/MCR_sample_mean ▁
wandb:             time-series-wise/lr_sb_best/QS_sample ▁▁▁▁▁▁▁▁▁▁▁▂█
wandb:        time-series-wise/lr_sb_best/QS_sample_mean ▁
wandb:                      time-series-wise/time-series ▁▃▄▅▆▇█▁▂▅▆▆▇▇██▁▂▃▆█▃▄▅▅▆▇▇██▂▅▅▆▇▂▃▅▇█
wandb: 
wandb: Run summary:
wandb:            month-wise/by_ns_best/Brier_cls_sample 0.00221
wandb:       month-wise/by_ns_best/Brier_cls_sample_mean 0.00297
wandb:            month-wise/by_os_best/Brier_cls_sample 0.00509
wandb:       month-wise/by_os_best/Brier_cls_sample_mean 0.00454
wandb:            month-wise/by_sb_best/Brier_cls_sample 0.01124
wandb:       month-wise/by_sb_best/Brier_cls_sample_mean 0.00877
wandb:                        month-wise/lr_ns_best/CRPS 0.02149
wandb:                   month-wise/lr_ns_best/CRPS_mean 0.04691
wandb:                  month-wise/lr_ns_best/MCR_sample 0.37909
wandb:             month-wise/lr_ns_best/MCR_sample_mean 0.31568
wandb:                   month-wise/lr_ns_best/QS_sample 0.02184
wandb:              month-wise/lr_ns_best/QS_sample_mean 0.04646
wandb:                        month-wise/lr_os_best/CRPS 0.08855
wandb:                   month-wise/lr_os_best/CRPS_mean 0.04386
wandb:                  month-wise/lr_os_best/MCR_sample 0.05683
wandb:             month-wise/lr_os_best/MCR_sample_mean 0.22526
wandb:                   month-wise/lr_os_best/QS_sample 0.08747
wandb:              month-wise/lr_os_best/QS_sample_mean 0.04333
wandb:                        month-wise/lr_sb_best/CRPS 8.80165
wandb:                   month-wise/lr_sb_best/CRPS_mean 0.33486
wandb:                  month-wise/lr_sb_best/MCR_sample 0.00263
wandb:             month-wise/lr_sb_best/MCR_sample_mean 0.29244
wandb:                   month-wise/lr_sb_best/QS_sample 8.70569
wandb:              month-wise/lr_sb_best/QS_sample_mean 0.3264
wandb:                                  month-wise/month 504
wandb:             step-wise/by_ns_best/Brier_cls_sample 0.0023
wandb:        step-wise/by_ns_best/Brier_cls_sample_mean 0.00298
wandb:             step-wise/by_os_best/Brier_cls_sample 0.00475
wandb:        step-wise/by_os_best/Brier_cls_sample_mean 0.00463
wandb:             step-wise/by_sb_best/Brier_cls_sample 0.01022
wandb:        step-wise/by_sb_best/Brier_cls_sample_mean 0.00864
wandb:                         step-wise/lr_ns_best/CRPS 0.02794
wandb:                    step-wise/lr_ns_best/CRPS_mean 0.044
wandb:                   step-wise/lr_ns_best/MCR_sample 0.37019
wandb:              step-wise/lr_ns_best/MCR_sample_mean 0.26234
wandb:                    step-wise/lr_ns_best/QS_sample 0.0283
wandb:               step-wise/lr_ns_best/QS_sample_mean 0.04383
wandb:                         step-wise/lr_os_best/CRPS 0.06742
wandb:                    step-wise/lr_os_best/CRPS_mean 0.04541
wandb:                   step-wise/lr_os_best/MCR_sample 0.0791
wandb:              step-wise/lr_os_best/MCR_sample_mean 0.16063
wandb:                    step-wise/lr_os_best/QS_sample 0.06657
wandb:               step-wise/lr_os_best/QS_sample_mean 0.04489
wandb:                         step-wise/lr_sb_best/CRPS 0.87526
wandb:                    step-wise/lr_sb_best/CRPS_mean 0.15947
wandb:                   step-wise/lr_sb_best/MCR_sample 0.02664
wandb:              step-wise/lr_sb_best/MCR_sample_mean 0.23446
wandb:                    step-wise/lr_sb_best/QS_sample 0.86264
wandb:               step-wise/lr_sb_best/QS_sample_mean 0.15292
wandb:                                    step-wise/step 36
wandb:      time-series-wise/by_ns_best/Brier_cls_sample 0.00283
wandb: time-series-wise/by_ns_best/Brier_cls_sample_mean 0.00298
wandb:      time-series-wise/by_os_best/Brier_cls_sample 0.0047
wandb: time-series-wise/by_os_best/Brier_cls_sample_mean 0.00463
wandb:      time-series-wise/by_sb_best/Brier_cls_sample 0.0092
wandb: time-series-wise/by_sb_best/Brier_cls_sample_mean 0.00864
wandb:                  time-series-wise/lr_ns_best/CRPS 0.03486
wandb:             time-series-wise/lr_ns_best/CRPS_mean 0.044
wandb:            time-series-wise/lr_ns_best/MCR_sample 0.29929
wandb:       time-series-wise/lr_ns_best/MCR_sample_mean 0.24071
wandb:             time-series-wise/lr_ns_best/QS_sample 0.03498
wandb:        time-series-wise/lr_ns_best/QS_sample_mean 0.04383
wandb:                  time-series-wise/lr_os_best/CRPS 0.0498
wandb:             time-series-wise/lr_os_best/CRPS_mean 0.04541
wandb:            time-series-wise/lr_os_best/MCR_sample 0.11459
wandb:       time-series-wise/lr_os_best/MCR_sample_mean 0.13654
wandb:             time-series-wise/lr_os_best/QS_sample 0.04926
wandb:        time-series-wise/lr_os_best/QS_sample_mean 0.04489
wandb:                  time-series-wise/lr_sb_best/CRPS 0.39707
wandb:             time-series-wise/lr_sb_best/CRPS_mean 0.15947
wandb:            time-series-wise/lr_sb_best/MCR_sample 0.06996
wandb:       time-series-wise/lr_sb_best/MCR_sample_mean 0.22246
wandb:             time-series-wise/lr_sb_best/QS_sample 0.38929
wandb:        time-series-wise/lr_sb_best/QS_sample_mean 0.15292
wandb:                      time-series-wise/time-series 12
wandb: 
wandb: 🚀 View run desert-blaze-28 at: https://wandb.ai/views_pipeline/truncated_smoke_calibration/runs/cxdq7wet
wandb: ⭐️ View project at: https://wandb.ai/views_pipeline/truncated_smoke_calibration
wandb: Synced 5 W&B file(s), 0 media file(s), 36 artifact file(s) and 36 other file(s)
wandb: Find logs at: ./wandb/run-20260815_185928-cxdq7wet/logs
