[33m#[0m[32m#[0m[33m#[0m[33m#[0m[33m#[0m[33m#[0m[36m#[0m[35m#[0m[35m [0m[34m#[0m[35m#[0m[36m#[0m[32m#[0m[35m#[0m[35m#[0m[34m#[0m[33m [0m[34m [0m[31m [0m[34m#[0m[36m#[0m[34m#[0m[36m [0m[31m [0m[33m#[0m[36m#[0m[31m [0m[32m#[0m[36m#[0m[35m#[0m[33m#[0m[36m#[0m[34m#[0m[35m [0m[33m [0m[34m [0m[34m [0m[31m#[0m[35m#[0m[36m#[0m[36m#[0m[35m#[0m[36m#[0m[32m [0m[33m [0m[31m [0m[34m [0m[31m [0m[32m#[0m[33m#[0m[32m#[0m[35m#[0m[32m [0m[33m#[0m[32m#[0m[32m#[0m[34m#[0m[32m#[0m[31m#[0m[36m#[0m[34m#[0m[31m [0m[33m [0m[31m#[0m[34m#[0m[32m#[0m[36m#[0m[36m#[0m[36m#[0m[31m [0m[35m [0m[34m#[0m[34m#[0m[32m#[0m[34m#[0m[33m#[0m[33m#[0m[36m [0m[31m [0m[36m [0m[33m [0m[36m [0m[33m [0m[32m [0m[36m [0m[31m [0m[36m [0m[31m [0m[35m [0m[36m [0m[32m [0m[35m#[0m[31m#[0m[35m#[0m[35m#[0m[32m#[0m[35m#[0m[36m [0m[31m#[0m[33m#[0m[36m#[0m[32m [0m[35m [0m[32m#[0m[36m#[0m[33m [0m[34m [0m[34m [0m[33m#[0m[33m#[0m[34m#[0m[36m#[0m[36m#[0m[32m [0m[33m [0m[31m#[0m[35m#[0m[32m#[0m[33m [0m[36m [0m[34m#[0m[33m#[0m[33m [0m[36m [0m[35m#[0m[32m#[0m[32m#[0m[34m#[0m[32m#[0m[34m#[0m[32m [0m[33m [0m[36m
[0m[32m#[0m[34m [0m[33m [0m[31m#[0m[34m#[0m[31m#[0m[32m [0m[36m [0m[32m [0m[35m [0m[33m#[0m[32m#[0m[33m#[0m[33m [0m[36m [0m[31m#[0m[36m#[0m[32m [0m[35m [0m[35m#[0m[32m#[0m[32m#[0m[36m [0m[33m [0m[31m#[0m[33m#[0m[34m [0m[34m#[0m[36m#[0m[35m#[0m[35m [0m[32m [0m[36m#[0m[36m#[0m[32m [0m[32m [0m[33m#[0m[33m#[0m[32m#[0m[32m [0m[31m [0m[32m#[0m[33m#[0m[33m [0m[36m [0m[36m [0m[33m [0m[36m#[0m[33m#[0m[31m#[0m[33m#[0m[36m#[0m[34m [0m[34m#[0m[33m [0m[34m [0m[32m#[0m[32m#[0m[34m#[0m[31m [0m[31m [0m[33m [0m[34m [0m[34m#[0m[35m#[0m[32m#[0m[34m [0m[32m [0m[35m#[0m[36m#[0m[33m [0m[31m [0m[35m#[0m[31m#[0m[35m#[0m[32m [0m[33m#[0m[31m#[0m[36m [0m[35m [0m[33m [0m[33m [0m[36m [0m[36m [0m[36m [0m[33m [0m[33m [0m[36m [0m[33m [0m[35m [0m[33m#[0m[35m#[0m[31m#[0m[36m [0m[32m [0m[35m#[0m[33m#[0m[33m [0m[36m#[0m[33m#[0m[31m#[0m[36m [0m[33m#[0m[35m#[0m[33m#[0m[31m [0m[32m [0m[34m#[0m[36m#[0m[34m#[0m[31m [0m[32m [0m[32m#[0m[33m#[0m[31m [0m[31m#[0m[36m#[0m[32m#[0m[35m [0m[32m#[0m[33m#[0m[36m [0m[33m [0m[32m [0m[32m#[0m[35m#[0m[33m#[0m[34m [0m[33m [0m[36m#[0m[35m#[0m[31m [0m[35m
[0m[34m [0m[34m [0m[36m [0m[33m#[0m[36m#[0m[34m#[0m[36m [0m[31m [0m[33m [0m[31m [0m[32m#[0m[34m#[0m[36m#[0m[31m [0m[34m [0m[34m#[0m[31m#[0m[33m [0m[35m [0m[33m#[0m[35m#[0m[33m#[0m[36m [0m[33m [0m[31m#[0m[31m#[0m[33m [0m[36m#[0m[33m#[0m[35m#[0m[34m [0m[33m [0m[36m#[0m[35m#[0m[31m [0m[34m [0m[34m#[0m[31m#[0m[34m#[0m[33m [0m[32m [0m[35m [0m[36m [0m[32m [0m[32m [0m[36m [0m[36m#[0m[32m#[0m[33m [0m[32m#[0m[31m#[0m[32m#[0m[31m [0m[34m [0m[33m [0m[34m [0m[35m#[0m[32m#[0m[33m#[0m[31m [0m[36m [0m[31m [0m[36m [0m[32m#[0m[33m#[0m[32m#[0m[31m [0m[31m [0m[33m [0m[35m [0m[36m [0m[31m [0m[34m#[0m[33m#[0m[32m#[0m[36m [0m[33m [0m[31m#[0m[36m#[0m[34m [0m[35m [0m[31m [0m[33m [0m[34m [0m[34m [0m[33m [0m[32m [0m[35m [0m[33m [0m[32m [0m[36m#[0m[36m#[0m[34m#[0m[32m#[0m[34m [0m[32m [0m[33m [0m[34m [0m[34m#[0m[32m#[0m[34m#[0m[34m#[0m[33m#[0m[34m#[0m[33m#[0m[32m [0m[32m [0m[35m#[0m[32m#[0m[36m#[0m[34m [0m[35m [0m[33m#[0m[35m#[0m[34m [0m[31m#[0m[33m#[0m[31m#[0m[34m#[0m[31m#[0m[35m [0m[35m [0m[36m [0m[34m [0m[36m#[0m[33m#[0m[32m#[0m[35m [0m[33m [0m[35m [0m[34m [0m[34m [0m[32m
[0m[34m [0m[32m [0m[34m [0m[35m#[0m[32m#[0m[36m#[0m[36m [0m[32m [0m[31m [0m[31m [0m[35m#[0m[32m#[0m[34m#[0m[35m#[0m[34m#[0m[31m#[0m[31m [0m[33m [0m[35m [0m[35m#[0m[36m#[0m[33m#[0m[35m [0m[34m [0m[31m#[0m[32m#[0m[36m [0m[36m#[0m[36m#[0m[32m#[0m[31m [0m[36m [0m[34m#[0m[31m#[0m[35m [0m[34m [0m[32m#[0m[32m#[0m[34m#[0m[35m [0m[31m [0m[36m [0m[33m [0m[35m [0m[32m [0m[33m#[0m[35m#[0m[35m [0m[35m [0m[33m#[0m[36m#[0m[33m#[0m[34m [0m[32m [0m[32m [0m[32m [0m[31m#[0m[35m#[0m[34m#[0m[35m [0m[33m [0m[32m [0m[36m [0m[32m#[0m[31m#[0m[36m#[0m[35m#[0m[33m#[0m[32m [0m[35m [0m[36m [0m[34m [0m[33m#[0m[33m#[0m[32m#[0m[34m [0m[36m [0m[32m#[0m[36m#[0m[34m [0m[34m [0m[32m [0m[35m [0m[35m [0m[35m [0m[35m [0m[33m [0m[32m [0m[35m [0m[36m [0m[34m [0m[33m#[0m[36m#[0m[35m#[0m[35m#[0m[32m#[0m[33m [0m[31m [0m[35m#[0m[34m#[0m[34m [0m[32m#[0m[32m [0m[36m#[0m[32m#[0m[36m [0m[31m [0m[33m#[0m[35m#[0m[31m#[0m[31m [0m[31m [0m[35m#[0m[31m#[0m[32m [0m[35m#[0m[32m#[0m[33m#[0m[34m#[0m[32m#[0m[36m [0m[36m [0m[36m [0m[35m [0m[33m#[0m[35m#[0m[36m#[0m[36m#[0m[32m#[0m[32m [0m[34m [0m[35m [0m[34m
[0m[35m [0m[33m [0m[33m [0m[33m#[0m[34m#[0m[33m#[0m[34m [0m[35m [0m[36m [0m[33m [0m[36m#[0m[34m#[0m[34m#[0m[31m [0m[34m#[0m[31m#[0m[31m [0m[31m [0m[31m [0m[36m#[0m[34m#[0m[35m#[0m[35m [0m[35m [0m[34m#[0m[36m#[0m[33m [0m[33m#[0m[34m#[0m[36m#[0m[32m [0m[33m [0m[34m#[0m[36m#[0m[36m [0m[34m [0m[31m#[0m[35m#[0m[35m#[0m[36m [0m[36m [0m[32m [0m[31m [0m[35m [0m[31m#[0m[35m#[0m[33m#[0m[31m#[0m[35m#[0m[36m#[0m[34m#[0m[36m#[0m[36m [0m[33m [0m[31m [0m[32m [0m[34m#[0m[36m#[0m[34m#[0m[34m [0m[34m [0m[33m [0m[32m [0m[36m#[0m[33m#[0m[32m#[0m[33m [0m[34m [0m[34m [0m[32m [0m[36m [0m[36m [0m[31m#[0m[36m#[0m[34m#[0m[33m [0m[31m [0m[32m#[0m[35m#[0m[33m [0m[34m [0m[36m [0m[35m [0m[34m [0m[34m [0m[32m [0m[36m [0m[33m [0m[31m [0m[33m [0m[35m [0m[31m [0m[33m [0m[33m#[0m[34m#[0m[35m#[0m[33m#[0m[31m [0m[33m#[0m[35m#[0m[31m [0m[31m#[0m[35m [0m[32m#[0m[31m#[0m[32m [0m[36m [0m[33m#[0m[36m#[0m[33m#[0m[31m [0m[33m [0m[33m#[0m[31m#[0m[34m [0m[32m#[0m[32m#[0m[35m#[0m[36m [0m[34m#[0m[32m#[0m[33m [0m[31m [0m[36m [0m[33m#[0m[31m#[0m[33m#[0m[31m [0m[35m [0m[32m [0m[34m [0m[33m [0m[35m
[0m[34m [0m[32m [0m[36m [0m[31m#[0m[31m#[0m[33m#[0m[33m [0m[33m [0m[34m [0m[36m [0m[34m#[0m[31m#[0m[35m#[0m[32m [0m[36m [0m[31m#[0m[33m#[0m[34m [0m[36m [0m[33m#[0m[31m#[0m[35m#[0m[35m [0m[32m [0m[34m#[0m[31m#[0m[32m [0m[32m#[0m[34m#[0m[36m#[0m[34m [0m[32m [0m[31m#[0m[33m#[0m[32m [0m[31m [0m[35m#[0m[32m#[0m[34m#[0m[36m [0m[32m [0m[33m#[0m[33m#[0m[31m [0m[36m#[0m[34m#[0m[32m [0m[34m [0m[32m [0m[34m#[0m[35m#[0m[33m#[0m[36m [0m[36m [0m[31m [0m[32m [0m[34m#[0m[36m#[0m[35m#[0m[31m [0m[32m [0m[32m [0m[33m [0m[31m#[0m[36m#[0m[36m#[0m[33m [0m[36m [0m[32m#[0m[34m#[0m[36m [0m[33m [0m[33m#[0m[34m#[0m[35m#[0m[32m [0m[31m#[0m[35m#[0m[31m [0m[34m [0m[32m [0m[34m [0m[34m [0m[36m [0m[32m [0m[32m [0m[33m [0m[36m [0m[32m [0m[33m [0m[31m#[0m[35m#[0m[35m [0m[36m [0m[34m#[0m[35m#[0m[36m#[0m[31m [0m[33m#[0m[31m#[0m[33m [0m[35m [0m[35m [0m[35m#[0m[33m#[0m[33m [0m[34m [0m[36m#[0m[31m#[0m[35m#[0m[35m [0m[31m [0m[36m#[0m[36m#[0m[33m [0m[36m#[0m[31m#[0m[32m#[0m[35m [0m[32m [0m[35m#[0m[33m#[0m[35m [0m[33m [0m[36m#[0m[31m#[0m[36m#[0m[34m [0m[34m [0m[36m#[0m[36m#[0m[32m [0m[36m
[0m[36m [0m[33m [0m[31m [0m[32m#[0m[34m#[0m[36m#[0m[32m [0m[34m [0m[33m [0m[33m [0m[35m#[0m[32m#[0m[34m#[0m[31m [0m[33m [0m[36m#[0m[32m#[0m[31m [0m[34m [0m[35m [0m[31m#[0m[32m#[0m[34m#[0m[33m#[0m[34m#[0m[34m [0m[35m [0m[33m#[0m[36m#[0m[34m#[0m[33m [0m[31m [0m[36m#[0m[32m#[0m[33m [0m[34m [0m[35m [0m[35m#[0m[33m#[0m[33m#[0m[36m#[0m[35m#[0m[34m [0m[31m [0m[31m#[0m[35m#[0m[33m [0m[36m [0m[33m [0m[35m#[0m[34m#[0m[35m#[0m[35m [0m[31m [0m[35m [0m[32m [0m[33m#[0m[34m#[0m[35m#[0m[35m [0m[34m [0m[34m [0m[34m [0m[31m#[0m[33m#[0m[32m#[0m[34m#[0m[32m#[0m[32m#[0m[36m [0m[36m [0m[32m [0m[33m#[0m[34m#[0m[31m#[0m[36m#[0m[34m#[0m[31m [0m[34m [0m[32m [0m[35m#[0m[33m#[0m[31m#[0m[36m#[0m[36m#[0m[31m#[0m[31m#[0m[35m#[0m[32m [0m[36m [0m[32m [0m[34m#[0m[31m#[0m[32m#[0m[33m#[0m[34m#[0m[33m [0m[33m [0m[33m#[0m[33m#[0m[33m [0m[32m [0m[33m [0m[32m#[0m[31m#[0m[34m [0m[32m [0m[32m [0m[32m#[0m[34m#[0m[34m#[0m[35m#[0m[33m#[0m[35m [0m[33m [0m[33m#[0m[34m#[0m[35m#[0m[35m [0m[36m [0m[31m#[0m[35m#[0m[33m [0m[36m [0m[36m#[0m[32m#[0m[33m#[0m[31m#[0m[32m#[0m[31m#[0m[33m [0m[32m [0m[32m
[0m[32m [0m[35m [0m[34m [0m[32m [0m[33m [0m[36m [0m[34m [0m[33m [0m[32m [0m[32m [0m[35m [0m[35m [0m[33m [0m[36m [0m[33m [0m[36m#[0m[35m#[0m[35m [0m[31m [0m[32m [0m[31m [0m[35m [0m[32m [0m[34m [0m[34m [0m[32m [0m[36m [0m[32m [0m[32m [0m[31m [0m[33m [0m[34m#[0m[36m#[0m[35m [0m[35m [0m[36m [0m[33m [0m[31m [0m[36m [0m[31m [0m[35m [0m[32m [0m[36m [0m[33m [0m[36m [0m[36m#[0m[32m#[0m[32m#[0m[36m [0m[31m [0m[32m [0m[32m [0m[36m [0m[33m [0m[35m [0m[36m [0m[36m [0m[32m [0m[32m [0m[33m [0m[31m [0m[36m [0m[35m [0m[36m [0m[31m [0m[31m [0m[33m [0m[31m [0m[32m [0m[33m [0m[32m [0m[33m [0m[31m [0m[33m [0m[36m [0m[32m [0m[35m [0m[32m [0m[35m [0m[31m [0m[32m [0m[31m [0m[32m [0m[34m [0m[36m [0m[31m [0m[32m [0m[34m [0m[36m [0m[31m [0m[34m [0m[32m [0m[35m [0m[33m [0m[32m [0m[36m [0m[35m [0m[35m [0m[31m [0m[35m#[0m[34m#[0m[32m [0m[33m [0m[31m [0m[34m [0m[31m [0m[34m [0m[34m [0m[31m [0m[33m [0m[36m [0m[32m [0m[34m [0m[33m [0m[32m [0m[32m [0m[32m [0m[31m [0m[32m [0m[32m [0m[31m#[0m[35m#[0m[33m [0m[32m [0m[36m [0m[33m [0m[36m [0m[36m [0m[35m [0m[34m [0m[33m [0m[33m [0m[31m
[0m[32m[0m[31mv[0m[33mi[0m[35me[0m[36mw[0m[34ms[0m[35m-[0m[34mp[0m[32mi[0m[36mp[0m[32me[0m[31ml[0m[35mi[0m[35mn[0m[36me[0m[35m-[0m[33mc[0m[31mo[0m[31mr[0m[34me[0m[34m [0m[31mv[0m[34m3[0m[36m.[0m[34m1[0m[31m.[0m[34m2[0m[36m[0m[32m
[0m
2026-08-15 18:01:52,209 /home/simon/Documents/scripts/views_platform/views-hydranet/views_hydranet/manager/hydranet_manager.py [hydranet_manager.py:175] [2476424] [MainThread] - INFO - 🕒 HydranetManager: Initialized run with timestamp 150826_1801
2026-08-15 18:01:52,209 /home/simon/Documents/scripts/views_platform/views-pipeline-core/views_pipeline_core/modules/validation/core_config_sniffer.py [core_config_sniffer.py:465] [2476424] [MainThread] - WARNING - Model 'truncated_smoke' uses the legacy deployment_status='shadow'. This is accepted during the ADR-057 transition window and reads as maturity='candidate'. Rename config_deployment.py to config_maturity.py and replace the key. The window closes when views-models reports no configs on the legacy vocabulary; after that this becomes an error.
2026-08-15 18:01:52,210 /home/simon/Documents/scripts/views_platform/views-pipeline-core/views_pipeline_core/modules/validation/core_config_sniffer.py [core_config_sniffer.py:648] [2476424] [MainThread] - INFO - CoreConfigSniffer: Evaluation contract verified — 13 rolling-origin sequence(s), stride=1.
2026-08-15 18:01:52,210 /home/simon/Documents/scripts/views_platform/views-pipeline-core/views_pipeline_core/modules/validation/core_config_sniffer.py [core_config_sniffer.py:652] [2476424] [MainThread] - INFO -   Seq   0: origin 456, months 457..492
2026-08-15 18:01:52,210 /home/simon/Documents/scripts/views_platform/views-pipeline-core/views_pipeline_core/modules/validation/core_config_sniffer.py [core_config_sniffer.py:658] [2476424] [MainThread] - INFO -   Seq  12: origin 468, months 469..504
2026-08-15 18:01:52,210 /home/simon/Documents/scripts/views_platform/views-pipeline-core/views_pipeline_core/modules/validation/core_config_sniffer.py [core_config_sniffer.py:235] [2476424] [MainThread] - INFO - CoreConfigSniffer: Config audited (run_type='calibration').
2026-08-15 18:01:54,836 /home/simon/Documents/scripts/views_platform/views-pipeline-core/views_pipeline_core/modules/dataloaders/dataloaders.py [dataloaders.py:1071] [2476424] [MainThread] - INFO - Reading saved data from /home/simon/Documents/scripts/views_platform/views-models/models/truncated_smoke/data/raw/calibration_datafactory_df.parquet
2026-08-15 18:01:54,907 /home/simon/Documents/scripts/views_platform/views-pipeline-core/views_pipeline_core/modules/validation/core_data_sniffer.py [core_data_sniffer.py:130] [2476424] [MainThread] - INFO - CoreDataSniffer: Loaded data audited (partition='calibration', level='pgm').
2026-08-15 18:01:54,907 /home/simon/Documents/scripts/views_platform/views-pipeline-core/views_pipeline_core/modules/wandb/wandb.py [wandb.py:254] [2476424] [MainThread] - INFO - WandB alert sent: Queryset Fetch Complete (calibration)
2026-08-15 18:01:58,476 /home/simon/Documents/scripts/views_platform/views-pipeline-core/views_pipeline_core/managers/model/model.py [model.py:1414] [2476424] [MainThread] - INFO - Evaluating model truncated_smoke...
2026-08-15 18:01:58,476 /home/simon/Documents/scripts/views_platform/views-pipeline-core/views_pipeline_core/managers/model/model.py [model.py:1424] [2476424] [MainThread] - INFO - Declared temporal window: base_origin=456, step 1 → month 457, step 36 → month 492 (36 steps total). Model inference starting.
2026-08-15 18:01:58,476 /home/simon/Documents/scripts/views_platform/views-pipeline-core/views_pipeline_core/data/model_path.py [model_path.py:795] [2476424] [MainThread] - INFO - Artifact used (named): /home/simon/Documents/scripts/views_platform/views-models/models/truncated_smoke/artifacts/calibration_model_20260814_003058.pt
2026-08-15 18:01:58,477 /home/simon/Documents/scripts/views_platform/views-pipeline-core/views_pipeline_core/data/model_path.py [model_path.py:766] [2476424] [MainThread] - INFO - Artifact used: /home/simon/Documents/scripts/views_platform/views-models/models/truncated_smoke/artifacts/calibration_model_20260814_095322.pt
2026-08-15 18:01:58,477 /home/simon/Documents/scripts/views_platform/views-hydranet/views_hydranet/utils/model_artifact_fetcher.py [model_artifact_fetcher.py:61] [2476424] [MainThread] - INFO - Retriever: Using specific model artifact: calibration_model_20260814_003058.pt
2026-08-15 18:01:58,479 /home/simon/Documents/scripts/views_platform/views-hydranet/views_hydranet/utils/model_artifact_fetcher.py [model_artifact_fetcher.py:98] [2476424] [MainThread] - INFO - Retriever: SHA-256 verified for calibration_model_20260814_003058.pt
2026-08-15 18:01:58,599 /home/simon/Documents/scripts/views_platform/views-hydranet/views_hydranet/utils/model_artifact_fetcher.py [model_artifact_fetcher.py:120] [2476424] [MainThread] - INFO - Retriever: Loaded state_dict artifact (weights_only=True)

👾====================================================================================================
  DEVICE REPORT — STANDARD
  --------------------------------------------------------------------------------------------------
  Device:    cuda  (GPU)
  GPU Name:  NVIDIA GeForce RTX 4070 Laptop GPU
  VRAM:      7,942 MiB
  GPU Count: 1
👾====================================================================================================

2026-08-15 18:01:58,658 /home/simon/Documents/scripts/views_platform/views-hydranet/views_hydranet/utils/config_initializer.py [config_initializer.py:426] [2476424] [MainThread] - WARNING - 
╔══════════════════════════════════════════════════════════════╗
║  HydraNetConfig WARNING: aggregate_method is IGNORED         ║
║                                                              ║
║  evaluation_mode='stochastic' preserves the full posterior.  ║
║  The aggregate_method='arithmetic_mean' setting has NO effect.       ║
║                                                              ║
║  To activate aggregation, set evaluation_mode='point'.       ║
╚══════════════════════════════════════════════════════════════╝
2026-08-15 18:01:58,661 /home/simon/Documents/scripts/views_platform/views-hydranet/views_hydranet/infrastructure/reproducibility_gate.py [reproducibility_gate.py:82] [2476424] [MainThread] - INFO - Entropy locked: numpy/random seed=42, torch seed=42, deterministic_algorithms=True
2026-08-15 18:01:58,661 /home/simon/Documents/scripts/views_platform/views-hydranet/views_hydranet/utils/disk_guard.py [disk_guard.py:52] [2476424] [MainThread] - INFO - disk-headroom check: 78.6 GB free at '.' (budget 10.0 GB)
2026-08-15 18:01:58,661 /home/simon/Documents/scripts/views_platform/views-hydranet/views_hydranet/manager/hydranet_manager.py [hydranet_manager.py:190] [2476424] [MainThread] - INFO - 🛡️  Running Pre-Flight Validation...
2026-08-15 18:01:58,661 /home/simon/Documents/scripts/views_platform/views-hydranet/views_hydranet/manager/hydranet_manager.py [hydranet_manager.py:205] [2476424] [MainThread] - INFO - ✅ Architecture: Head Count Aligned (3+3)
2026-08-15 18:01:58,661 /home/simon/Documents/scripts/views_platform/views-hydranet/views_hydranet/utils/data_fetcher.py [data_fetcher.py:58] [2476424] [MainThread] - INFO - DataFetcher: Loading calibration from /home/simon/Documents/scripts/views_platform/views-models/models/truncated_smoke/data/raw/calibration_datafactory_df.parquet

👾====================================================================================================
  DATA LOAD COMPLETE: CALIBRATION
  --------------------------------------------------------------------------------------------------
  Source Path: /home/simon/Documents/scripts/views_platform/views-models/models/truncated_smoke/data/raw/calibration_datafactory_df.parquet
  Rows Loaded: 5,034,240
  Columns:     ['lr_sb_best', 'lr_ns_best', 'lr_os_best', 'c_id', 'row', 'col']
👾====================================================================================================

2026-08-15 18:01:59,227 /home/simon/Documents/scripts/views_platform/views-hydranet/views_hydranet/utils/data_sniffer.py [data_sniffer.py:51] [2476424] [MainThread] - INFO - DataSniffer: Starting Ingestion Suite (Raw Space)
2026-08-15 18:01:59,477 /home/simon/Documents/scripts/views_platform/views-hydranet/views_hydranet/utils/data_sniffer.py [data_sniffer.py:59] [2476424] [MainThread] - INFO - DataSniffer: Ingestion Suite Passed.
2026-08-15 18:01:59,658 /home/simon/Documents/scripts/views_platform/views-hydranet/views_hydranet/utils/feature_scaler.py [feature_scaler.py:99] [2476424] [MainThread] - INFO - 💫 FeatureScaler: Entering Semantic Space (3 features to transform)
2026-08-15 18:01:59,658 /home/simon/Documents/scripts/views_platform/views-hydranet/views_hydranet/utils/feature_scaler.py [feature_scaler.py:108] [2476424] [MainThread] - INFO -   → Applying [log1p] to 3 features
2026-08-15 18:01:59,877 /home/simon/Documents/scripts/views_platform/views-hydranet/views_hydranet/utils/feature_scaler.py [feature_scaler.py:153] [2476424] [MainThread] - INFO - 

➡️==============================================================================
  FEATURE SCALER: SEMANTIC SPACE REPORT
  ----------------------------------------------------------------------------
  [  log1p   ] lr_sb_best.................... min:     0.0000 | max:    11.6386
  [  log1p   ] lr_ns_best.................... min:     0.0000 | max:     7.6014
  [  log1p   ] lr_os_best.................... min:     0.0000 | max:    12.0921
➡️==============================================================================

2026-08-15 18:02:01,488 /home/simon/Documents/scripts/views_platform/views-hydranet/views_hydranet/utils/data_sniffer.py [data_sniffer.py:68] [2476424] [MainThread] - INFO - DataSniffer: Starting History Alignment Suite
2026-08-15 18:02:01,576 /home/simon/Documents/scripts/views_platform/views-hydranet/views_hydranet/utils/data_sniffer.py [data_sniffer.py:158] [2476424] [MainThread] - INFO - DataSniffer: Temporal and Geographic Alignment Passed.
2026-08-15 18:02:01,666 /home/simon/Documents/scripts/views_platform/views-hydranet/reports/2026-08-15_state_freeze_dossier/tools/freeze_arm_entry.py [freeze_arm_entry.py:45] [2476424] [MainThread] - INFO - 🧊 FreezeArmManager: recurrent-state arm = 'hidden' (None = production behaviour, the full ConvLSTM state evolves)
2026-08-15 18:02:01,666 /home/simon/Documents/scripts/views_platform/views-hydranet/views_hydranet/utils/inference_orchestrator.py [inference_orchestrator.py:218] [2476424] [MainThread] - INFO - 💠 InferenceOrchestrator: Initiating BACKTEST streaming pass (13 origins) [pandas-free PredictionFrame path].
2026-08-15 18:02:01,666 /home/simon/Documents/scripts/views_platform/views-hydranet/views_hydranet/utils/hydranet_inference.py [hydranet_inference.py:132] [2476424] [MainThread] - INFO - Using device: cuda
2026-08-15 18:02:01,668 /home/simon/Documents/scripts/views_platform/views-hydranet/views_hydranet/utils/hydranet_inference.py [hydranet_inference.py:210] [2476424] [MainThread] - INFO - HydraNetInference initialized successfully.
2026-08-15 18:02:01,973 /home/simon/Documents/scripts/views_platform/views-hydranet/views_hydranet/utils/disk_guard.py [disk_guard.py:109] [2476424] [MainThread] - INFO - cube-fit check: 0.42 GB needed vs 8.48 GB available RAM (headroom 0.85)
2026-08-15 18:03:27,141 /home/simon/Documents/scripts/views_platform/views-hydranet/views_hydranet/utils/feature_scaler.py [feature_scaler.py:210] [2476424] [MainThread] - INFO - 🔙 FeatureScaler: Inverting Volume (36, 180, 180, 11, 16) to Raw Space
2026-08-15 18:03:29,070 /home/simon/Documents/scripts/views_platform/views-hydranet/views_hydranet/utils/disk_guard.py [disk_guard.py:109] [2476424] [MainThread] - INFO - cube-fit check: 0.42 GB needed vs 8.06 GB available RAM (headroom 0.85)
2026-08-15 18:05:18,375 /home/simon/Documents/scripts/views_platform/views-hydranet/views_hydranet/utils/feature_scaler.py [feature_scaler.py:210] [2476424] [MainThread] - INFO - 🔙 FeatureScaler: Inverting Volume (36, 180, 180, 11, 16) to Raw Space
2026-08-15 18:05:20,198 /home/simon/Documents/scripts/views_platform/views-hydranet/views_hydranet/utils/disk_guard.py [disk_guard.py:109] [2476424] [MainThread] - INFO - cube-fit check: 0.42 GB needed vs 7.66 GB available RAM (headroom 0.85)
2026-08-15 18:06:51,403 /home/simon/Documents/scripts/views_platform/views-hydranet/views_hydranet/utils/feature_scaler.py [feature_scaler.py:210] [2476424] [MainThread] - INFO - 🔙 FeatureScaler: Inverting Volume (36, 180, 180, 11, 16) to Raw Space
2026-08-15 18:06:53,258 /home/simon/Documents/scripts/views_platform/views-hydranet/views_hydranet/utils/disk_guard.py [disk_guard.py:109] [2476424] [MainThread] - INFO - cube-fit check: 0.42 GB needed vs 7.19 GB available RAM (headroom 0.85)
2026-08-15 18:08:31,295 /home/simon/Documents/scripts/views_platform/views-hydranet/views_hydranet/utils/feature_scaler.py [feature_scaler.py:210] [2476424] [MainThread] - INFO - 🔙 FeatureScaler: Inverting Volume (36, 180, 180, 11, 16) to Raw Space
2026-08-15 18:08:33,219 /home/simon/Documents/scripts/views_platform/views-hydranet/views_hydranet/utils/disk_guard.py [disk_guard.py:109] [2476424] [MainThread] - INFO - cube-fit check: 0.42 GB needed vs 6.69 GB available RAM (headroom 0.85)
2026-08-15 18:10:30,451 /home/simon/Documents/scripts/views_platform/views-hydranet/views_hydranet/utils/feature_scaler.py [feature_scaler.py:210] [2476424] [MainThread] - INFO - 🔙 FeatureScaler: Inverting Volume (36, 180, 180, 11, 16) to Raw Space
2026-08-15 18:10:32,366 /home/simon/Documents/scripts/views_platform/views-hydranet/views_hydranet/utils/disk_guard.py [disk_guard.py:109] [2476424] [MainThread] - INFO - cube-fit check: 0.42 GB needed vs 6.33 GB available RAM (headroom 0.85)
2026-08-15 18:12:39,946 /home/simon/Documents/scripts/views_platform/views-hydranet/views_hydranet/utils/feature_scaler.py [feature_scaler.py:210] [2476424] [MainThread] - INFO - 🔙 FeatureScaler: Inverting Volume (36, 180, 180, 11, 16) to Raw Space
2026-08-15 18:12:41,846 /home/simon/Documents/scripts/views_platform/views-hydranet/views_hydranet/utils/disk_guard.py [disk_guard.py:109] [2476424] [MainThread] - INFO - cube-fit check: 0.42 GB needed vs 6.06 GB available RAM (headroom 0.85)
2026-08-15 18:15:11,147 /home/simon/Documents/scripts/views_platform/views-hydranet/views_hydranet/utils/feature_scaler.py [feature_scaler.py:210] [2476424] [MainThread] - INFO - 🔙 FeatureScaler: Inverting Volume (36, 180, 180, 11, 16) to Raw Space
2026-08-15 18:15:13,055 /home/simon/Documents/scripts/views_platform/views-hydranet/views_hydranet/utils/disk_guard.py [disk_guard.py:109] [2476424] [MainThread] - INFO - cube-fit check: 0.42 GB needed vs 5.64 GB available RAM (headroom 0.85)
2026-08-15 18:17:28,595 /home/simon/Documents/scripts/views_platform/views-hydranet/views_hydranet/utils/feature_scaler.py [feature_scaler.py:210] [2476424] [MainThread] - INFO - 🔙 FeatureScaler: Inverting Volume (36, 180, 180, 11, 16) to Raw Space
2026-08-15 18:17:30,588 /home/simon/Documents/scripts/views_platform/views-hydranet/views_hydranet/utils/disk_guard.py [disk_guard.py:109] [2476424] [MainThread] - INFO - cube-fit check: 0.42 GB needed vs 5.10 GB available RAM (headroom 0.85)
2026-08-15 18:19:44,311 /home/simon/Documents/scripts/views_platform/views-hydranet/views_hydranet/utils/feature_scaler.py [feature_scaler.py:210] [2476424] [MainThread] - INFO - 🔙 FeatureScaler: Inverting Volume (36, 180, 180, 11, 16) to Raw Space
2026-08-15 18:19:46,239 /home/simon/Documents/scripts/views_platform/views-hydranet/views_hydranet/utils/disk_guard.py [disk_guard.py:109] [2476424] [MainThread] - INFO - cube-fit check: 0.42 GB needed vs 4.29 GB available RAM (headroom 0.85)
2026-08-15 18:22:07,152 /home/simon/Documents/scripts/views_platform/views-hydranet/views_hydranet/utils/feature_scaler.py [feature_scaler.py:210] [2476424] [MainThread] - INFO - 🔙 FeatureScaler: Inverting Volume (36, 180, 180, 11, 16) to Raw Space
2026-08-15 18:22:09,089 /home/simon/Documents/scripts/views_platform/views-hydranet/views_hydranet/utils/disk_guard.py [disk_guard.py:109] [2476424] [MainThread] - INFO - cube-fit check: 0.42 GB needed vs 4.02 GB available RAM (headroom 0.85)
2026-08-15 18:24:06,536 /home/simon/Documents/scripts/views_platform/views-hydranet/views_hydranet/utils/feature_scaler.py [feature_scaler.py:210] [2476424] [MainThread] - INFO - 🔙 FeatureScaler: Inverting Volume (36, 180, 180, 11, 16) to Raw Space
2026-08-15 18:24:08,507 /home/simon/Documents/scripts/views_platform/views-hydranet/views_hydranet/utils/disk_guard.py [disk_guard.py:109] [2476424] [MainThread] - INFO - cube-fit check: 0.42 GB needed vs 3.59 GB available RAM (headroom 0.85)
2026-08-15 18:26:09,763 /home/simon/Documents/scripts/views_platform/views-hydranet/views_hydranet/utils/feature_scaler.py [feature_scaler.py:210] [2476424] [MainThread] - INFO - 🔙 FeatureScaler: Inverting Volume (36, 180, 180, 11, 16) to Raw Space
2026-08-15 18:26:11,815 /home/simon/Documents/scripts/views_platform/views-hydranet/views_hydranet/utils/disk_guard.py [disk_guard.py:109] [2476424] [MainThread] - INFO - cube-fit check: 0.42 GB needed vs 3.09 GB available RAM (headroom 0.85)
2026-08-15 18:28:17,495 /home/simon/Documents/scripts/views_platform/views-hydranet/views_hydranet/utils/feature_scaler.py [feature_scaler.py:210] [2476424] [MainThread] - INFO - 🔙 FeatureScaler: Inverting Volume (36, 180, 180, 11, 16) to Raw Space
2026-08-15 18:28:19,075 /home/simon/Documents/scripts/views_platform/views-hydranet/views_hydranet/utils/inference_orchestrator.py [inference_orchestrator.py:260] [2476424] [MainThread] - INFO - ✅ InferenceOrchestrator: Streamed 13 origin(s) [pandas-free PredictionFrame streaming path].
2026-08-15 18:28:19,077 /home/simon/Documents/scripts/views_platform/views-pipeline-core/views_pipeline_core/modules/wandb/wandb.py [wandb.py:254] [2476424] [MainThread] - INFO - WandB alert sent: Evaluation Predictions Saved
2026-08-15 18:28:19,077 /home/simon/Documents/scripts/views_platform/views-pipeline-core/views_pipeline_core/files/utils.py [utils.py:147] [2476424] [MainThread] - INFO - Log file created at /home/simon/Documents/scripts/views_platform/views-models/models/truncated_smoke/data/generated/calibration_log.txt
2026-08-15 18:28:19,611 /home/simon/Documents/scripts/views_platform/views-pipeline-core/views_pipeline_core/managers/evaluation/stage.py [stage.py:289] [2476424] [MainThread] - INFO - Raw data read from /home/simon/Documents/scripts/views_platform/views-models/models/truncated_smoke/data/raw/calibration_datafactory_df.parquet
2026-08-15 18:28:19,611 /home/simon/Documents/scripts/views_platform/views-hydranet/views_hydranet/manager/hydranet_manager.py [hydranet_manager.py:183] [2476424] [MainThread] - INFO - 🛠️ HydranetManager: Manufacturing derived signals for evaluation.
2026-08-15 18:28:19,974 /home/simon/Documents/scripts/views_platform/views-pipeline-core/views_pipeline_core/managers/evaluation/stage.py [stage.py:128] [2476424] [MainThread] - INFO - Processing regression tasks for evaluation...
2026-08-15 18:28:19,974 /home/simon/Documents/scripts/views_platform/views-pipeline-core/views_pipeline_core/managers/evaluation/stage.py [stage.py:131] [2476424] [MainThread] - INFO - Calculating regression evaluation metrics for lr_sb_best
2026-08-15 18:28:29,264 /home/simon/Documents/scripts/views_platform/views-pipeline-core/views_pipeline_core/managers/evaluation/stage.py [stage.py:446] [2476424] [MainThread] - INFO - Persisted MetricFrame (evaluation-of-record) for 'lr_sb_best' -> /home/simon/Documents/scripts/views_platform/views-models/models/truncated_smoke/data/generated/truncated_smoke/calibration/metricframe_lr_sb_best
2026-08-15 18:28:30,498 /home/simon/Documents/scripts/views_platform/views-pipeline-core/views_pipeline_core/modules/wandb/wandb.py [wandb.py:254] [2476424] [MainThread] - INFO - WandB alert sent: Model Outputs Saved
2026-08-15 18:28:30,499 /home/simon/Documents/scripts/views_platform/views-pipeline-core/views_pipeline_core/managers/evaluation/stage.py [stage.py:131] [2476424] [MainThread] - INFO - Calculating regression evaluation metrics for lr_ns_best
2026-08-15 18:28:39,471 /home/simon/Documents/scripts/views_platform/views-pipeline-core/views_pipeline_core/managers/evaluation/stage.py [stage.py:446] [2476424] [MainThread] - INFO - Persisted MetricFrame (evaluation-of-record) for 'lr_ns_best' -> /home/simon/Documents/scripts/views_platform/views-models/models/truncated_smoke/data/generated/truncated_smoke/calibration/metricframe_lr_ns_best
2026-08-15 18:28:40,296 /home/simon/Documents/scripts/views_platform/views-pipeline-core/views_pipeline_core/modules/wandb/wandb.py [wandb.py:254] [2476424] [MainThread] - INFO - WandB alert sent: Model Outputs Saved
2026-08-15 18:28:40,297 /home/simon/Documents/scripts/views_platform/views-pipeline-core/views_pipeline_core/managers/evaluation/stage.py [stage.py:131] [2476424] [MainThread] - INFO - Calculating regression evaluation metrics for lr_os_best
2026-08-15 18:28:49,330 /home/simon/Documents/scripts/views_platform/views-pipeline-core/views_pipeline_core/managers/evaluation/stage.py [stage.py:446] [2476424] [MainThread] - INFO - Persisted MetricFrame (evaluation-of-record) for 'lr_os_best' -> /home/simon/Documents/scripts/views_platform/views-models/models/truncated_smoke/data/generated/truncated_smoke/calibration/metricframe_lr_os_best
2026-08-15 18:28:50,153 /home/simon/Documents/scripts/views_platform/views-pipeline-core/views_pipeline_core/modules/wandb/wandb.py [wandb.py:254] [2476424] [MainThread] - INFO - WandB alert sent: Model Outputs Saved
2026-08-15 18:28:50,153 /home/simon/Documents/scripts/views_platform/views-pipeline-core/views_pipeline_core/managers/evaluation/stage.py [stage.py:128] [2476424] [MainThread] - INFO - Processing classification tasks for evaluation...
2026-08-15 18:28:50,153 /home/simon/Documents/scripts/views_platform/views-pipeline-core/views_pipeline_core/managers/evaluation/stage.py [stage.py:131] [2476424] [MainThread] - INFO - Calculating classification evaluation metrics for by_sb_best
2026-08-15 18:28:55,378 /home/simon/Documents/scripts/views_platform/views-pipeline-core/views_pipeline_core/managers/evaluation/stage.py [stage.py:446] [2476424] [MainThread] - INFO - Persisted MetricFrame (evaluation-of-record) for 'by_sb_best' -> /home/simon/Documents/scripts/views_platform/views-models/models/truncated_smoke/data/generated/truncated_smoke/calibration/metricframe_by_sb_best
2026-08-15 18:28:56,150 /home/simon/Documents/scripts/views_platform/views-pipeline-core/views_pipeline_core/modules/wandb/wandb.py [wandb.py:254] [2476424] [MainThread] - INFO - WandB alert sent: Model Outputs Saved
2026-08-15 18:28:56,150 /home/simon/Documents/scripts/views_platform/views-pipeline-core/views_pipeline_core/managers/evaluation/stage.py [stage.py:131] [2476424] [MainThread] - INFO - Calculating classification evaluation metrics for by_ns_best
2026-08-15 18:29:01,255 /home/simon/Documents/scripts/views_platform/views-pipeline-core/views_pipeline_core/managers/evaluation/stage.py [stage.py:446] [2476424] [MainThread] - INFO - Persisted MetricFrame (evaluation-of-record) for 'by_ns_best' -> /home/simon/Documents/scripts/views_platform/views-models/models/truncated_smoke/data/generated/truncated_smoke/calibration/metricframe_by_ns_best
2026-08-15 18:29:02,295 /home/simon/Documents/scripts/views_platform/views-pipeline-core/views_pipeline_core/modules/wandb/wandb.py [wandb.py:254] [2476424] [MainThread] - INFO - WandB alert sent: Model Outputs Saved
2026-08-15 18:29:02,296 /home/simon/Documents/scripts/views_platform/views-pipeline-core/views_pipeline_core/managers/evaluation/stage.py [stage.py:131] [2476424] [MainThread] - INFO - Calculating classification evaluation metrics for by_os_best
2026-08-15 18:29:07,212 /home/simon/Documents/scripts/views_platform/views-pipeline-core/views_pipeline_core/managers/evaluation/stage.py [stage.py:446] [2476424] [MainThread] - INFO - Persisted MetricFrame (evaluation-of-record) for 'by_os_best' -> /home/simon/Documents/scripts/views_platform/views-models/models/truncated_smoke/data/generated/truncated_smoke/calibration/metricframe_by_os_best
2026-08-15 18:29:08,047 /home/simon/Documents/scripts/views_platform/views-pipeline-core/views_pipeline_core/modules/wandb/wandb.py [wandb.py:254] [2476424] [MainThread] - INFO - WandB alert sent: Model Outputs Saved
2026-08-15 18:29:08,053 /home/simon/Documents/scripts/views_platform/views-pipeline-core/views_pipeline_core/managers/prediction/io.py [io.py:258] [2476424] [MainThread] - INFO - Evaluation metrics:
+----+---------------------------------------------------+--------------+
|    | Metric                                            |        Value |
+====+===================================================+==============+
| 68 | month-wise/by_ns_best/Brier_cls_sample            |   0.00221425 |
+----+---------------------------------------------------+--------------+
| 31 | month-wise/by_ns_best/Brier_cls_sample_mean       |   0.00296836 |
+----+---------------------------------------------------+--------------+
| 40 | month-wise/by_os_best/Brier_cls_sample            |   0.00509171 |
+----+---------------------------------------------------+--------------+
| 26 | month-wise/by_os_best/Brier_cls_sample_mean       |   0.00454075 |
+----+---------------------------------------------------+--------------+
| 74 | month-wise/by_sb_best/Brier_cls_sample            |   0.0113864  |
+----+---------------------------------------------------+--------------+
|  5 | month-wise/by_sb_best/Brier_cls_sample_mean       |   0.00888611 |
+----+---------------------------------------------------+--------------+
| 14 | month-wise/lr_ns_best/CRPS                        |   0.0215425  |
+----+---------------------------------------------------+--------------+
| 35 | month-wise/lr_ns_best/CRPS_mean                   |   0.0468909  |
+----+---------------------------------------------------+--------------+
| 58 | month-wise/lr_ns_best/MCR_sample                  |   0.482273   |
+----+---------------------------------------------------+--------------+
|  2 | month-wise/lr_ns_best/MCR_sample_mean             |   0.317312   |
+----+---------------------------------------------------+--------------+
| 70 | month-wise/lr_ns_best/QS_sample                   |   0.0214497  |
+----+---------------------------------------------------+--------------+
| 71 | month-wise/lr_ns_best/QS_sample_mean              |   0.0463431  |
+----+---------------------------------------------------+--------------+
| 24 | month-wise/lr_os_best/CRPS                        |   0.08855    |
+----+---------------------------------------------------+--------------+
| 22 | month-wise/lr_os_best/CRPS_mean                   |   0.0438363  |
+----+---------------------------------------------------+--------------+
| 36 | month-wise/lr_os_best/MCR_sample                  |   0.0481433  |
+----+---------------------------------------------------+--------------+
| 30 | month-wise/lr_os_best/MCR_sample_mean             |   0.199891   |
+----+---------------------------------------------------+--------------+
| 52 | month-wise/lr_os_best/QS_sample                   |   0.0876982  |
+----+---------------------------------------------------+--------------+
|  4 | month-wise/lr_os_best/QS_sample_mean              |   0.0434431  |
+----+---------------------------------------------------+--------------+
|  0 | month-wise/lr_sb_best/CRPS                        |   8.80164    |
+----+---------------------------------------------------+--------------+
| 45 | month-wise/lr_sb_best/CRPS_mean                   |   0.335029   |
+----+---------------------------------------------------+--------------+
| 59 | month-wise/lr_sb_best/MCR_sample                  |   0.00100642 |
+----+---------------------------------------------------+--------------+
| 43 | month-wise/lr_sb_best/MCR_sample_mean             |   0.23752    |
+----+---------------------------------------------------+--------------+
| 55 | month-wise/lr_sb_best/QS_sample                   |   8.71326    |
+----+---------------------------------------------------+--------------+
| 44 | month-wise/lr_sb_best/QS_sample_mean              |   0.329587   |
+----+---------------------------------------------------+--------------+
| 33 | month-wise/month                                  | 504          |
+----+---------------------------------------------------+--------------+
| 54 | step-wise/by_ns_best/Brier_cls_sample             |   0.00229587 |
+----+---------------------------------------------------+--------------+
| 17 | step-wise/by_ns_best/Brier_cls_sample_mean        |   0.00298072 |
+----+---------------------------------------------------+--------------+
| 25 | step-wise/by_os_best/Brier_cls_sample             |   0.00475538 |
+----+---------------------------------------------------+--------------+
| 32 | step-wise/by_os_best/Brier_cls_sample_mean        |   0.00463807 |
+----+---------------------------------------------------+--------------+
|  3 | step-wise/by_sb_best/Brier_cls_sample             |   0.010364   |
+----+---------------------------------------------------+--------------+
| 62 | step-wise/by_sb_best/Brier_cls_sample_mean        |   0.00875807 |
+----+---------------------------------------------------+--------------+
|  9 | step-wise/lr_ns_best/CRPS                         |   0.0279779  |
+----+---------------------------------------------------+--------------+
| 10 | step-wise/lr_ns_best/CRPS_mean                    |   0.0439815  |
+----+---------------------------------------------------+--------------+
|  1 | step-wise/lr_ns_best/MCR_sample                   |   0.392546   |
+----+---------------------------------------------------+--------------+
| 61 | step-wise/lr_ns_best/MCR_sample_mean              |   0.264726   |
+----+---------------------------------------------------+--------------+
| 34 | step-wise/lr_ns_best/QS_sample                    |   0.028273   |
+----+---------------------------------------------------+--------------+
| 23 | step-wise/lr_ns_best/QS_sample_mean               |   0.0437248  |
+----+---------------------------------------------------+--------------+
| 47 | step-wise/lr_os_best/CRPS                         |   0.0674116  |
+----+---------------------------------------------------+--------------+
| 37 | step-wise/lr_os_best/CRPS_mean                    |   0.0453745  |
+----+---------------------------------------------------+--------------+
| 16 | step-wise/lr_os_best/MCR_sample                   |   0.0597817  |
+----+---------------------------------------------------+--------------+
| 51 | step-wise/lr_os_best/MCR_sample_mean              |   0.139092   |
+----+---------------------------------------------------+--------------+
| 11 | step-wise/lr_os_best/QS_sample                    |   0.0668558  |
+----+---------------------------------------------------+--------------+
| 29 | step-wise/lr_os_best/QS_sample_mean               |   0.0449899  |
+----+---------------------------------------------------+--------------+
| 41 | step-wise/lr_sb_best/CRPS                         |   0.875262   |
+----+---------------------------------------------------+--------------+
| 42 | step-wise/lr_sb_best/CRPS_mean                    |   0.159629   |
+----+---------------------------------------------------+--------------+
| 19 | step-wise/lr_sb_best/MCR_sample                   |   0.0158389  |
+----+---------------------------------------------------+--------------+
| 56 | step-wise/lr_sb_best/MCR_sample_mean              |   0.176659   |
+----+---------------------------------------------------+--------------+
| 27 | step-wise/lr_sb_best/QS_sample                    |   0.865284   |
+----+---------------------------------------------------+--------------+
| 28 | step-wise/lr_sb_best/QS_sample_mean               |   0.156235   |
+----+---------------------------------------------------+--------------+
| 65 | step-wise/step                                    |  36          |
+----+---------------------------------------------------+--------------+
| 63 | time-series-wise/by_ns_best/Brier_cls_sample      |   0.00283079 |
+----+---------------------------------------------------+--------------+
| 64 | time-series-wise/by_ns_best/Brier_cls_sample_mean |   0.00298072 |
+----+---------------------------------------------------+--------------+
|  6 | time-series-wise/by_os_best/Brier_cls_sample      |   0.0047084  |
+----+---------------------------------------------------+--------------+
| 12 | time-series-wise/by_os_best/Brier_cls_sample_mean |   0.00463807 |
+----+---------------------------------------------------+--------------+
| 18 | time-series-wise/by_sb_best/Brier_cls_sample      |   0.00928193 |
+----+---------------------------------------------------+--------------+
| 67 | time-series-wise/by_sb_best/Brier_cls_sample_mean |   0.00875807 |
+----+---------------------------------------------------+--------------+
| 49 | time-series-wise/lr_ns_best/CRPS                  |   0.0348537  |
+----+---------------------------------------------------+--------------+
| 15 | time-series-wise/lr_ns_best/CRPS_mean             |   0.0439815  |
+----+---------------------------------------------------+--------------+
| 46 | time-series-wise/lr_ns_best/MCR_sample            |   0.291694   |
+----+---------------------------------------------------+--------------+
| 72 | time-series-wise/lr_ns_best/MCR_sample_mean       |   0.242947   |
+----+---------------------------------------------------+--------------+
| 38 | time-series-wise/lr_ns_best/QS_sample             |   0.0350018  |
+----+---------------------------------------------------+--------------+
| 69 | time-series-wise/lr_ns_best/QS_sample_mean        |   0.0437248  |
+----+---------------------------------------------------+--------------+
| 39 | time-series-wise/lr_os_best/CRPS                  |   0.0497895  |
+----+---------------------------------------------------+--------------+
| 53 | time-series-wise/lr_os_best/CRPS_mean             |   0.0453745  |
+----+---------------------------------------------------+--------------+
| 73 | time-series-wise/lr_os_best/MCR_sample            |   0.102586   |
+----+---------------------------------------------------+--------------+
| 48 | time-series-wise/lr_os_best/MCR_sample_mean       |   0.115568   |
+----+---------------------------------------------------+--------------+
| 50 | time-series-wise/lr_os_best/QS_sample             |   0.049366   |
+----+---------------------------------------------------+--------------+
| 66 | time-series-wise/lr_os_best/QS_sample_mean        |   0.0449899  |
+----+---------------------------------------------------+--------------+
| 21 | time-series-wise/lr_sb_best/CRPS                  |   0.397309   |
+----+---------------------------------------------------+--------------+
| 13 | time-series-wise/lr_sb_best/CRPS_mean             |   0.159629   |
+----+---------------------------------------------------+--------------+
| 60 | time-series-wise/lr_sb_best/MCR_sample            |   0.0572489  |
+----+---------------------------------------------------+--------------+
| 57 | time-series-wise/lr_sb_best/MCR_sample_mean       |   0.164799   |
+----+---------------------------------------------------+--------------+
| 20 | time-series-wise/lr_sb_best/QS_sample             |   0.391658   |
+----+---------------------------------------------------+--------------+
|  8 | time-series-wise/lr_sb_best/QS_sample_mean        |   0.156235   |
+----+---------------------------------------------------+--------------+
|  7 | time-series-wise/time-series                      |  12          |
+----+---------------------------------------------------+--------------+
2026-08-15 18:29:08,053 /home/simon/Documents/scripts/views_platform/views-pipeline-core/views_pipeline_core/modules/wandb/wandb.py [wandb.py:254] [2476424] [MainThread] - INFO - WandB alert sent: Metrics for truncated_smoke
2026-08-15 18:29:08,370 /home/simon/Documents/scripts/views_platform/views-pipeline-core/views_pipeline_core/modules/wandb/wandb.py [wandb.py:254] [2476424] [MainThread] - INFO - WandB alert sent: Evaluation for model truncated_smoke completed successfully.
2026-08-15 18:29:12,542 /home/simon/Documents/scripts/views_platform/views-pipeline-core/views_pipeline_core/managers/model/model.py [model.py:1235] [2476424] [MainThread] - INFO - Done. Runtime: 27.247 minutes.

wandb: Using wandb-core as the SDK backend.  Please refer to https://wandb.me/wandb-core for more information.
wandb: Currently logged in as: simpol (nornir). Use `wandb login --relogin` to force relogin
wandb: Currently logged in as: simpol (views_pipeline). Use `wandb login --relogin` to force relogin
wandb: Tracking run with wandb version 0.18.7
wandb: Run data is saved locally in /home/simon/Documents/scripts/views_platform/views-models/models/truncated_smoke/wandb/run-20260815_180153-axcsz6g9
wandb: Run `wandb offline` to turn off syncing.
wandb: Syncing run stellar-shadow-23
wandb: ⭐️ View project at https://wandb.ai/views_pipeline/truncated_smoke_calibration
wandb: 🚀 View run at https://wandb.ai/views_pipeline/truncated_smoke_calibration/runs/axcsz6g9
wandb:                                                                                
wandb: 🚀 View run stellar-shadow-23 at: https://wandb.ai/views_pipeline/truncated_smoke_calibration/runs/axcsz6g9
wandb: ⭐️ View project at: https://wandb.ai/views_pipeline/truncated_smoke_calibration
wandb: Synced 5 W&B file(s), 0 media file(s), 0 artifact file(s) and 0 other file(s)
wandb: Find logs at: ./wandb/run-20260815_180153-axcsz6g9/logs
wandb: Tracking run with wandb version 0.18.7
wandb: Run data is saved locally in /home/simon/Documents/scripts/views_platform/views-models/models/truncated_smoke/wandb/run-20260815_180157-17x5ofc6
wandb: Run `wandb offline` to turn off syncing.
wandb: Syncing run cerulean-glade-24
wandb: ⭐️ View project at https://wandb.ai/views_pipeline/truncated_smoke_calibration
wandb: 🚀 View run at https://wandb.ai/views_pipeline/truncated_smoke_calibration/runs/17x5ofc6

[Origin 1/13] 🎲 Drawing Posterior Samples:   0%|          | 0/1484 [00:00<?, ?step/s]
[Origin 1/13] 🎲 Drawing Posterior Samples:   0%|          | 1/1484 [00:00<06:20,  3.90step/s]
[Origin 1/13] 🎲 Drawing Posterior Samples:   1%|          | 18/1484 [00:00<00:23, 61.99step/s]
[Origin 1/13] 🎲 Drawing Posterior Samples:   2%|▏         | 34/1484 [00:00<00:15, 94.45step/s]
[Origin 1/13] 🎲 Drawing Posterior Samples:   3%|▎         | 51/1484 [00:00<00:12, 116.10step/s]
[Origin 1/13] 🎲 Drawing Posterior Samples:   5%|▍         | 68/1484 [00:00<00:10, 131.09step/s]
[Origin 1/13] 🎲 Drawing Posterior Samples:   6%|▌         | 85/1484 [00:00<00:09, 142.00step/s]
[Origin 1/13] 🎲 Drawing Posterior Samples:   7%|▋         | 102/1484 [00:00<00:09, 148.19step/s]
[Origin 1/13] 🎲 Drawing Posterior Samples:   8%|▊         | 119/1484 [00:00<00:08, 153.16step/s]
[Origin 1/13] 🎲 Drawing Posterior Samples:   9%|▉         | 136/1484 [00:01<00:08, 156.34step/s]
[Origin 1/13] 🎲 Drawing Posterior Samples:  10%|█         | 153/1484 [00:01<00:08, 158.42step/s]
[Origin 1/13] 🎲 Drawing Posterior Samples:  11%|█▏        | 170/1484 [00:01<00:08, 158.70step/s]
[Origin 1/13] 🎲 Drawing Posterior Samples:  13%|█▎        | 187/1484 [00:01<00:08, 157.58step/s]
[Origin 1/13] 🎲 Drawing Posterior Samples:  14%|█▎        | 204/1484 [00:01<00:08, 159.75step/s]
[Origin 1/13] 🎲 Drawing Posterior Samples:  15%|█▍        | 221/1484 [00:01<00:07, 161.41step/s]
[Origin 1/13] 🎲 Drawing Posterior Samples:  16%|█▌        | 238/1484 [00:01<00:07, 161.16step/s]
[Origin 1/13] 🎲 Drawing Posterior Samples:  17%|█▋        | 255/1484 [00:01<00:07, 159.87step/s]
[Origin 1/13] 🎲 Drawing Posterior Samples:  18%|█▊        | 272/1484 [00:01<00:07, 161.74step/s]
[Origin 1/13] 🎲 Drawing Posterior Samples:  19%|█▉        | 289/1484 [00:02<00:07, 161.95step/s]
[Origin 1/13] 🎲 Drawing Posterior Samples:  21%|██        | 306/1484 [00:02<00:07, 162.63step/s]
[Origin 1/13] 🎲 Drawing Posterior Samples:  22%|██▏       | 323/1484 [00:02<00:07, 162.65step/s]
[Origin 1/13] 🎲 Drawing Posterior Samples:  23%|██▎       | 340/1484 [00:02<00:17, 65.68step/s] 
[Origin 1/13] 🎲 Drawing Posterior Samples:  24%|██▍       | 353/1484 [00:04<00:37, 30.11step/s]
[Origin 1/13] 🎲 Drawing Posterior Samples:  24%|██▍       | 362/1484 [00:04<00:51, 21.86step/s]
[Origin 1/13] 🎲 Drawing Posterior Samples:  25%|██▍       | 369/1484 [00:05<01:00, 18.46step/s]
[Origin 1/13] 🎲 Drawing Posterior Samples:  25%|██▌       | 374/1484 [00:17<07:25,  2.49step/s]
[Origin 1/13] 🎲 Drawing Posterior Samples:  26%|██▋       | 390/1484 [00:17<04:20,  4.20step/s]
[Origin 1/13] 🎲 Drawing Posterior Samples:  27%|██▋       | 405/1484 [00:17<02:48,  6.42step/s]
[Origin 1/13] 🎲 Drawing Posterior Samples:  28%|██▊       | 421/1484 [00:17<01:49,  9.70step/s]
[Origin 1/13] 🎲 Drawing Posterior Samples:  29%|██▉       | 437/1484 [00:17<01:14, 14.12step/s]
[Origin 1/13] 🎲 Drawing Posterior Samples:  30%|███       | 452/1484 [00:17<00:52, 19.57step/s]
[Origin 1/13] 🎲 Drawing Posterior Samples:  32%|███▏      | 469/1484 [00:17<00:36, 27.77step/s]
[Origin 1/13] 🎲 Drawing Posterior Samples:  33%|███▎      | 486/1484 [00:17<00:26, 38.03step/s]
[Origin 1/13] 🎲 Drawing Posterior Samples:  34%|███▍      | 502/1484 [00:17<00:19, 49.16step/s]
[Origin 1/13] 🎲 Drawing Posterior Samples:  35%|███▍      | 519/1484 [00:17<00:15, 62.90step/s]
[Origin 1/13] 🎲 Drawing Posterior Samples:  36%|███▌      | 535/1484 [00:18<00:12, 76.25step/s]
[Origin 1/13] 🎲 Drawing Posterior Samples:  37%|███▋      | 551/1484 [00:18<00:10, 89.97step/s]
[Origin 1/13] 🎲 Drawing Posterior Samples:  38%|███▊      | 568/1484 [00:18<00:08, 104.33step/s]
[Origin 1/13] 🎲 Drawing Posterior Samples:  39%|███▉      | 584/1484 [00:18<00:07, 115.09step/s]
[Origin 1/13] 🎲 Drawing Posterior Samples:  40%|████      | 601/1484 [00:18<00:06, 126.72step/s]
[Origin 1/13] 🎲 Drawing Posterior Samples:  42%|████▏     | 617/1484 [00:18<00:06, 131.01step/s]
[Origin 1/13] 🎲 Drawing Posterior Samples:  43%|████▎     | 635/1484 [00:18<00:05, 141.59step/s]
[Origin 1/13] 🎲 Drawing Posterior Samples:  44%|████▍     | 651/1484 [00:18<00:05, 143.23step/s]
[Origin 1/13] 🎲 Drawing Posterior Samples:  45%|████▌     | 668/1484 [00:18<00:05, 146.91step/s]
[Origin 1/13] 🎲 Drawing Posterior Samples:  46%|████▌     | 685/1484 [00:19<00:05, 149.92step/s]
[Origin 1/13] 🎲 Drawing Posterior Samples:  47%|████▋     | 701/1484 [00:19<00:05, 147.51step/s]
[Origin 1/13] 🎲 Drawing Posterior Samples:  48%|████▊     | 717/1484 [00:20<00:24, 30.69step/s] 
[Origin 1/13] 🎲 Drawing Posterior Samples:  49%|████▉     | 728/1484 [00:21<00:36, 20.59step/s]
[Origin 1/13] 🎲 Drawing Posterior Samples:  50%|████▉     | 736/1484 [00:23<00:52, 14.29step/s]
[Origin 1/13] 🎲 Drawing Posterior Samples:  50%|█████     | 742/1484 [00:23<00:56, 13.24step/s]
[Origin 1/13] 🎲 Drawing Posterior Samples:  50%|█████     | 747/1484 [00:33<04:44,  2.59step/s]
[Origin 1/13] 🎲 Drawing Posterior Samples:  51%|█████▏    | 762/1484 [00:33<02:44,  4.38step/s]
[Origin 1/13] 🎲 Drawing Posterior Samples:  52%|█████▏    | 778/1484 [00:33<01:40,  7.04step/s]
[Origin 1/13] 🎲 Drawing Posterior Samples:  54%|█████▎    | 794/1484 [00:33<01:04, 10.68step/s]
[Origin 1/13] 🎲 Drawing Posterior Samples:  55%|█████▍    | 810/1484 [00:33<00:43, 15.57step/s]
[Origin 1/13] 🎲 Drawing Posterior Samples:  56%|█████▌    | 827/1484 [00:33<00:29, 22.45step/s]
[Origin 1/13] 🎲 Drawing Posterior Samples:  57%|█████▋    | 844/1484 [00:34<00:20, 31.23step/s]
[Origin 1/13] 🎲 Drawing Posterior Samples:  58%|█████▊    | 860/1484 [00:34<00:15, 41.25step/s]
[Origin 1/13] 🎲 Drawing Posterior Samples:  59%|█████▉    | 877/1484 [00:34<00:11, 54.16step/s]
[Origin 1/13] 🎲 Drawing Posterior Samples:  60%|██████    | 893/1484 [00:34<00:08, 67.31step/s]
[Origin 1/13] 🎲 Drawing Posterior Samples:  61%|██████▏   | 910/1484 [00:34<00:06, 82.22step/s]
[Origin 1/13] 🎲 Drawing Posterior Samples:  62%|██████▏   | 926/1484 [00:34<00:05, 95.88step/s]
[Origin 1/13] 🎲 Drawing Posterior Samples:  64%|██████▎   | 943/1484 [00:34<00:04, 110.20step/s]
[Origin 1/13] 🎲 Drawing Posterior Samples:  65%|██████▍   | 959/1484 [00:34<00:04, 119.85step/s]
[Origin 1/13] 🎲 Drawing Posterior Samples:  66%|██████▌   | 976/1484 [00:34<00:03, 131.34step/s]
[Origin 1/13] 🎲 Drawing Posterior Samples:  67%|██████▋   | 993/1484 [00:34<00:03, 138.90step/s]
[Origin 1/13] 🎲 Drawing Posterior Samples:  68%|██████▊   | 1010/1484 [00:35<00:03, 146.25step/s]
[Origin 1/13] 🎲 Drawing Posterior Samples:  69%|██████▉   | 1027/1484 [00:35<00:03, 150.27step/s]
[Origin 1/13] 🎲 Drawing Posterior Samples:  70%|███████   | 1044/1484 [00:35<00:02, 154.34step/s]
[Origin 1/13] 🎲 Drawing Posterior Samples:  71%|███████▏  | 1061/1484 [00:35<00:02, 155.23step/s]
[Origin 1/13] 🎲 Drawing Posterior Samples:  73%|███████▎  | 1078/1484 [00:35<00:03, 114.01step/s]
[Origin 1/13] 🎲 Drawing Posterior Samples:  74%|███████▎  | 1092/1484 [00:38<00:20, 18.82step/s] 
[Origin 1/13] 🎲 Drawing Posterior Samples:  74%|███████▍  | 1102/1484 [00:39<00:30, 12.50step/s]
[Origin 1/13] 🎲 Drawing Posterior Samples:  75%|███████▍  | 1109/1484 [00:41<00:37, 10.11step/s]
[Origin 1/13] 🎲 Drawing Posterior Samples:  75%|███████▌  | 1114/1484 [00:59<03:57,  1.56step/s]
[Origin 1/13] 🎲 Drawing Posterior Samples:  76%|███████▌  | 1128/1484 [00:59<02:23,  2.48step/s]
[Origin 1/13] 🎲 Drawing Posterior Samples:  77%|███████▋  | 1143/1484 [00:59<01:27,  3.88step/s]
[Origin 1/13] 🎲 Drawing Posterior Samples:  78%|███████▊  | 1159/1484 [01:00<00:54,  5.95step/s]
[Origin 1/13] 🎲 Drawing Posterior Samples:  79%|███████▉  | 1176/1484 [01:00<00:34,  9.01step/s]
[Origin 1/13] 🎲 Drawing Posterior Samples:  80%|████████  | 1193/1484 [01:00<00:22, 13.19step/s]
[Origin 1/13] 🎲 Drawing Posterior Samples:  82%|████████▏ | 1210/1484 [01:00<00:14, 18.77step/s]
[Origin 1/13] 🎲 Drawing Posterior Samples:  83%|████████▎ | 1227/1484 [01:00<00:09, 26.08step/s]
[Origin 1/13] 🎲 Drawing Posterior Samples:  84%|████████▍ | 1244/1484 [01:00<00:06, 35.30step/s]
[Origin 1/13] 🎲 Drawing Posterior Samples:  85%|████████▍ | 1261/1484 [01:00<00:04, 46.66step/s]
[Origin 1/13] 🎲 Drawing Posterior Samples:  86%|████████▌ | 1278/1484 [01:00<00:03, 59.61step/s]
[Origin 1/13] 🎲 Drawing Posterior Samples:  87%|████████▋ | 1295/1484 [01:00<00:02, 73.39step/s]
[Origin 1/13] 🎲 Drawing Posterior Samples:  88%|████████▊ | 1311/1484 [01:00<00:01, 86.53step/s]
[Origin 1/13] 🎲 Drawing Posterior Samples:  89%|████████▉ | 1328/1484 [01:01<00:01, 101.54step/s]
[Origin 1/13] 🎲 Drawing Posterior Samples:  91%|█████████ | 1345/1484 [01:01<00:01, 114.37step/s]
[Origin 1/13] 🎲 Drawing Posterior Samples:  92%|█████████▏| 1362/1484 [01:01<00:00, 124.62step/s]
[Origin 1/13] 🎲 Drawing Posterior Samples:  93%|█████████▎| 1379/1484 [01:01<00:00, 134.13step/s]
[Origin 1/13] 🎲 Drawing Posterior Samples:  94%|█████████▍| 1396/1484 [01:01<00:00, 137.57step/s]
[Origin 1/13] 🎲 Drawing Posterior Samples:  95%|█████████▌| 1413/1484 [01:01<00:00, 145.63step/s]
[Origin 1/13] 🎲 Drawing Posterior Samples:  96%|█████████▋| 1429/1484 [01:01<00:00, 148.74step/s]
[Origin 1/13] 🎲 Drawing Posterior Samples:  97%|█████████▋| 1445/1484 [01:01<00:00, 150.81step/s]
[Origin 1/13] 🎲 Drawing Posterior Samples:  98%|█████████▊| 1461/1484 [01:03<00:01, 22.79step/s] 
[Origin 1/13] 🎲 Drawing Posterior Samples:  99%|█████████▉| 1473/1484 [01:06<00:00, 13.18step/s]
[Origin 1/13] 🎲 Drawing Posterior Samples: 100%|█████████▉| 1482/1484 [01:07<00:00, 10.44step/s]
[Origin 1/13] 🎲 Drawing Posterior Samples: 100%|██████████| 1484/1484 [01:20<00:00, 10.44step/s]
                                                                                                 

[Origin 2/13] 🎲 Drawing Posterior Samples:   0%|          | 0/1488 [00:00<?, ?step/s]
[Origin 2/13] 🎲 Drawing Posterior Samples:   1%|          | 17/1488 [00:00<00:08, 163.99step/s]
[Origin 2/13] 🎲 Drawing Posterior Samples:   2%|▏         | 34/1488 [00:00<00:08, 164.01step/s]
[Origin 2/13] 🎲 Drawing Posterior Samples:   3%|▎         | 51/1488 [00:00<00:08, 161.29step/s]
[Origin 2/13] 🎲 Drawing Posterior Samples:   5%|▍         | 68/1488 [00:00<00:08, 161.97step/s]
[Origin 2/13] 🎲 Drawing Posterior Samples:   6%|▌         | 85/1488 [00:00<00:08, 164.47step/s]
[Origin 2/13] 🎲 Drawing Posterior Samples:   7%|▋         | 102/1488 [00:00<00:09, 150.52step/s]
[Origin 2/13] 🎲 Drawing Posterior Samples:   8%|▊         | 118/1488 [00:00<00:09, 143.28step/s]
[Origin 2/13] 🎲 Drawing Posterior Samples:   9%|▉         | 134/1488 [00:00<00:09, 147.62step/s]
[Origin 2/13] 🎲 Drawing Posterior Samples:  10%|█         | 150/1488 [00:00<00:08, 150.34step/s]
[Origin 2/13] 🎲 Drawing Posterior Samples:  11%|█         | 167/1488 [00:01<00:08, 154.32step/s]
[Origin 2/13] 🎲 Drawing Posterior Samples:  12%|█▏        | 184/1488 [00:01<00:08, 156.01step/s]
[Origin 2/13] 🎲 Drawing Posterior Samples:  14%|█▎        | 201/1488 [00:01<00:08, 159.01step/s]
[Origin 2/13] 🎲 Drawing Posterior Samples:  15%|█▍        | 218/1488 [00:01<00:07, 159.82step/s]
[Origin 2/13] 🎲 Drawing Posterior Samples:  16%|█▌        | 235/1488 [00:01<00:08, 152.04step/s]
[Origin 2/13] 🎲 Drawing Posterior Samples:  17%|█▋        | 251/1488 [00:01<00:08, 143.69step/s]
[Origin 2/13] 🎲 Drawing Posterior Samples:  18%|█▊        | 267/1488 [00:01<00:08, 147.81step/s]
[Origin 2/13] 🎲 Drawing Posterior Samples:  19%|█▉        | 283/1488 [00:01<00:07, 151.09step/s]
[Origin 2/13] 🎲 Drawing Posterior Samples:  20%|██        | 300/1488 [00:01<00:07, 154.63step/s]
[Origin 2/13] 🎲 Drawing Posterior Samples:  21%|██        | 316/1488 [00:02<00:07, 156.06step/s]
[Origin 2/13] 🎲 Drawing Posterior Samples:  22%|██▏       | 333/1488 [00:02<00:07, 158.17step/s]
[Origin 2/13] 🎲 Drawing Posterior Samples:  23%|██▎       | 349/1488 [00:04<00:53, 21.46step/s] 
[Origin 2/13] 🎲 Drawing Posterior Samples:  24%|██▍       | 361/1488 [00:06<01:30, 12.48step/s]
[Origin 2/13] 🎲 Drawing Posterior Samples:  25%|██▍       | 370/1488 [00:08<01:51, 10.05step/s]
[Origin 2/13] 🎲 Drawing Posterior Samples:  25%|██▌       | 372/1488 [00:22<01:51, 10.05step/s]
[Origin 2/13] 🎲 Drawing Posterior Samples:  25%|██▌       | 373/1488 [00:26<11:27,  1.62step/s]
[Origin 2/13] 🎲 Drawing Posterior Samples:  26%|██▌       | 385/1488 [00:26<07:34,  2.42step/s]
[Origin 2/13] 🎲 Drawing Posterior Samples:  27%|██▋       | 400/1488 [00:26<04:43,  3.84step/s]
[Origin 2/13] 🎲 Drawing Posterior Samples:  28%|██▊       | 414/1488 [00:26<03:09,  5.68step/s]
[Origin 2/13] 🎲 Drawing Posterior Samples:  29%|██▊       | 427/1488 [00:26<02:12,  8.02step/s]
[Origin 2/13] 🎲 Drawing Posterior Samples:  30%|██▉       | 442/1488 [00:26<01:29, 11.75step/s]
[Origin 2/13] 🎲 Drawing Posterior Samples:  31%|███       | 459/1488 [00:26<00:58, 17.46step/s]
[Origin 2/13] 🎲 Drawing Posterior Samples:  32%|███▏      | 476/1488 [00:26<00:40, 24.93step/s]
[Origin 2/13] 🎲 Drawing Posterior Samples:  33%|███▎      | 493/1488 [00:26<00:28, 34.42step/s]
[Origin 2/13] 🎲 Drawing Posterior Samples:  34%|███▍      | 509/1488 [00:27<00:21, 45.13step/s]
[Origin 2/13] 🎲 Drawing Posterior Samples:  35%|███▌      | 526/1488 [00:27<00:16, 58.41step/s]
[Origin 2/13] 🎲 Drawing Posterior Samples:  36%|███▋      | 542/1488 [00:27<00:13, 71.86step/s]
[Origin 2/13] 🎲 Drawing Posterior Samples:  38%|███▊      | 559/1488 [00:27<00:10, 86.96step/s]
[Origin 2/13] 🎲 Drawing Posterior Samples:  39%|███▊      | 575/1488 [00:27<00:09, 98.79step/s]
[Origin 2/13] 🎲 Drawing Posterior Samples:  40%|███▉      | 592/1488 [00:27<00:07, 113.10step/s]
[Origin 2/13] 🎲 Drawing Posterior Samples:  41%|████      | 608/1488 [00:27<00:07, 120.38step/s]
[Origin 2/13] 🎲 Drawing Posterior Samples:  42%|████▏     | 624/1488 [00:27<00:06, 123.68step/s]
[Origin 2/13] 🎲 Drawing Posterior Samples:  43%|████▎     | 639/1488 [00:27<00:06, 126.67step/s]
[Origin 2/13] 🎲 Drawing Posterior Samples:  44%|████▍     | 654/1488 [00:27<00:06, 132.50step/s]
[Origin 2/13] 🎲 Drawing Posterior Samples:  45%|████▌     | 670/1488 [00:28<00:05, 139.69step/s]
[Origin 2/13] 🎲 Drawing Posterior Samples:  46%|████▌     | 685/1488 [00:28<00:05, 136.22step/s]
[Origin 2/13] 🎲 Drawing Posterior Samples:  47%|████▋     | 700/1488 [00:28<00:06, 130.74step/s]
[Origin 2/13] 🎲 Drawing Posterior Samples:  48%|████▊     | 714/1488 [00:29<00:27, 28.38step/s] 
[Origin 2/13] 🎲 Drawing Posterior Samples:  49%|████▊     | 724/1488 [00:31<00:54, 13.98step/s]
[Origin 2/13] 🎲 Drawing Posterior Samples:  49%|████▉     | 732/1488 [00:33<01:13, 10.27step/s]
[Origin 2/13] 🎲 Drawing Posterior Samples:  50%|████▉     | 738/1488 [00:34<01:33,  7.98step/s]
[Origin 2/13] 🎲 Drawing Posterior Samples:  50%|████▉     | 742/1488 [00:35<01:35,  7.84step/s]
[Origin 2/13] 🎲 Drawing Posterior Samples:  50%|█████     | 745/1488 [00:52<10:46,  1.15step/s]
[Origin 2/13] 🎲 Drawing Posterior Samples:  51%|█████     | 759/1488 [00:52<05:36,  2.16step/s]
[Origin 2/13] 🎲 Drawing Posterior Samples:  52%|█████▏    | 773/1488 [00:52<03:19,  3.59step/s]
[Origin 2/13] 🎲 Drawing Posterior Samples:  53%|█████▎    | 787/1488 [00:52<02:05,  5.57step/s]
[Origin 2/13] 🎲 Drawing Posterior Samples:  54%|█████▍    | 802/1488 [00:52<01:20,  8.51step/s]
[Origin 2/13] 🎲 Drawing Posterior Samples:  55%|█████▌    | 819/1488 [00:52<00:51, 13.07step/s]
[Origin 2/13] 🎲 Drawing Posterior Samples:  56%|█████▌    | 834/1488 [00:53<00:35, 18.35step/s]
[Origin 2/13] 🎲 Drawing Posterior Samples:  57%|█████▋    | 848/1488 [00:53<00:25, 24.69step/s]
[Origin 2/13] 🎲 Drawing Posterior Samples:  58%|█████▊    | 866/1488 [00:53<00:17, 35.35step/s]
[Origin 2/13] 🎲 Drawing Posterior Samples:  59%|█████▉    | 883/1488 [00:53<00:12, 47.39step/s]
[Origin 2/13] 🎲 Drawing Posterior Samples:  60%|██████    | 900/1488 [00:53<00:09, 60.98step/s]
[Origin 2/13] 🎲 Drawing Posterior Samples:  62%|██████▏   | 916/1488 [00:53<00:07, 73.89step/s]
[Origin 2/13] 🎲 Drawing Posterior Samples:  63%|██████▎   | 933/1488 [00:53<00:06, 88.82step/s]
[Origin 2/13] 🎲 Drawing Posterior Samples:  64%|██████▍   | 950/1488 [00:53<00:05, 103.68step/s]
[Origin 2/13] 🎲 Drawing Posterior Samples:  65%|██████▍   | 967/1488 [00:53<00:04, 116.49step/s]
[Origin 2/13] 🎲 Drawing Posterior Samples:  66%|██████▌   | 984/1488 [00:53<00:03, 127.13step/s]
[Origin 2/13] 🎲 Drawing Posterior Samples:  67%|██████▋   | 1000/1488 [00:54<00:03, 134.60step/s]
[Origin 2/13] 🎲 Drawing Posterior Samples:  68%|██████▊   | 1017/1488 [00:54<00:03, 142.64step/s]
[Origin 2/13] 🎲 Drawing Posterior Samples:  69%|██████▉   | 1034/1488 [00:54<00:03, 149.25step/s]
[Origin 2/13] 🎲 Drawing Posterior Samples:  71%|███████   | 1051/1488 [00:54<00:02, 149.97step/s]
[Origin 2/13] 🎲 Drawing Posterior Samples:  72%|███████▏  | 1068/1488 [00:54<00:02, 153.14step/s]
[Origin 2/13] 🎲 Drawing Posterior Samples:  73%|███████▎  | 1084/1488 [00:55<00:06, 63.86step/s] 
[Origin 2/13] 🎲 Drawing Posterior Samples:  74%|███████▎  | 1096/1488 [00:57<00:20, 19.40step/s]
[Origin 2/13] 🎲 Drawing Posterior Samples:  74%|███████▍  | 1105/1488 [00:58<00:28, 13.29step/s]
[Origin 2/13] 🎲 Drawing Posterior Samples:  75%|███████▍  | 1112/1488 [01:00<00:36, 10.18step/s]
[Origin 2/13] 🎲 Drawing Posterior Samples:  75%|███████▌  | 1116/1488 [01:12<00:36, 10.18step/s]
[Origin 2/13] 🎲 Drawing Posterior Samples:  75%|███████▌  | 1117/1488 [01:18<04:11,  1.47step/s]
[Origin 2/13] 🎲 Drawing Posterior Samples:  76%|███████▌  | 1133/1488 [01:19<02:20,  2.52step/s]
[Origin 2/13] 🎲 Drawing Posterior Samples:  77%|███████▋  | 1149/1488 [01:19<01:24,  3.99step/s]
[Origin 2/13] 🎲 Drawing Posterior Samples:  78%|███████▊  | 1166/1488 [01:19<00:52,  6.17step/s]
[Origin 2/13] 🎲 Drawing Posterior Samples:  80%|███████▉  | 1183/1488 [01:19<00:33,  9.18step/s]
[Origin 2/13] 🎲 Drawing Posterior Samples:  81%|████████  | 1200/1488 [01:19<00:21, 13.30step/s]
[Origin 2/13] 🎲 Drawing Posterior Samples:  82%|████████▏ | 1217/1488 [01:19<00:14, 18.80step/s]
[Origin 2/13] 🎲 Drawing Posterior Samples:  83%|████████▎ | 1234/1488 [01:19<00:09, 26.01step/s]
[Origin 2/13] 🎲 Drawing Posterior Samples:  84%|████████▍ | 1251/1488 [01:19<00:06, 35.10step/s]
[Origin 2/13] 🎲 Drawing Posterior Samples:  85%|████████▌ | 1268/1488 [01:19<00:04, 46.29step/s]
[Origin 2/13] 🎲 Drawing Posterior Samples:  86%|████████▋ | 1285/1488 [01:19<00:03, 59.06step/s]
[Origin 2/13] 🎲 Drawing Posterior Samples:  88%|████████▊ | 1302/1488 [01:20<00:02, 73.26step/s]
[Origin 2/13] 🎲 Drawing Posterior Samples:  89%|████████▊ | 1319/1488 [01:20<00:01, 87.64step/s]
[Origin 2/13] 🎲 Drawing Posterior Samples:  90%|████████▉ | 1336/1488 [01:20<00:01, 102.22step/s]
[Origin 2/13] 🎲 Drawing Posterior Samples:  91%|█████████ | 1353/1488 [01:20<00:01, 114.79step/s]
[Origin 2/13] 🎲 Drawing Posterior Samples:  92%|█████████▏| 1370/1488 [01:20<00:00, 126.34step/s]
[Origin 2/13] 🎲 Drawing Posterior Samples:  93%|█████████▎| 1387/1488 [01:20<00:00, 134.95step/s]
[Origin 2/13] 🎲 Drawing Posterior Samples:  94%|█████████▍| 1404/1488 [01:20<00:00, 143.07step/s]
[Origin 2/13] 🎲 Drawing Posterior Samples:  95%|█████████▌| 1421/1488 [01:20<00:00, 147.83step/s]
[Origin 2/13] 🎲 Drawing Posterior Samples:  97%|█████████▋| 1438/1488 [01:20<00:00, 152.45step/s]
[Origin 2/13] 🎲 Drawing Posterior Samples:  98%|█████████▊| 1455/1488 [01:21<00:00, 76.40step/s] 
[Origin 2/13] 🎲 Drawing Posterior Samples:  99%|█████████▊| 1468/1488 [01:23<00:00, 21.02step/s]
[Origin 2/13] 🎲 Drawing Posterior Samples:  99%|█████████▉| 1477/1488 [01:24<00:00, 13.92step/s]
[Origin 2/13] 🎲 Drawing Posterior Samples: 100%|█████████▉| 1484/1488 [01:26<00:00, 11.18step/s]
[Origin 2/13] 🎲 Drawing Posterior Samples: 100%|██████████| 1488/1488 [01:42<00:00, 11.18step/s]
                                                                                                 

[Origin 3/13] 🎲 Drawing Posterior Samples:   0%|          | 0/1492 [00:00<?, ?step/s]
[Origin 3/13] 🎲 Drawing Posterior Samples:   1%|          | 16/1492 [00:00<00:09, 159.17step/s]
[Origin 3/13] 🎲 Drawing Posterior Samples:   2%|▏         | 32/1492 [00:00<00:09, 159.14step/s]
[Origin 3/13] 🎲 Drawing Posterior Samples:   3%|▎         | 49/1492 [00:00<00:08, 160.95step/s]
[Origin 3/13] 🎲 Drawing Posterior Samples:   4%|▍         | 66/1492 [00:00<00:08, 162.12step/s]
[Origin 3/13] 🎲 Drawing Posterior Samples:   6%|▌         | 83/1492 [00:00<00:08, 162.06step/s]
[Origin 3/13] 🎲 Drawing Posterior Samples:   7%|▋         | 100/1492 [00:00<00:08, 163.96step/s]
[Origin 3/13] 🎲 Drawing Posterior Samples:   8%|▊         | 117/1492 [00:00<00:08, 165.53step/s]
[Origin 3/13] 🎲 Drawing Posterior Samples:   9%|▉         | 134/1492 [00:00<00:08, 164.98step/s]
[Origin 3/13] 🎲 Drawing Posterior Samples:  10%|█         | 151/1492 [00:00<00:08, 165.54step/s]
[Origin 3/13] 🎲 Drawing Posterior Samples:  11%|█▏        | 168/1492 [00:01<00:08, 161.70step/s]
[Origin 3/13] 🎲 Drawing Posterior Samples:  12%|█▏        | 185/1492 [00:01<00:08, 162.12step/s]
[Origin 3/13] 🎲 Drawing Posterior Samples:  14%|█▎        | 202/1492 [00:01<00:07, 162.71step/s]
[Origin 3/13] 🎲 Drawing Posterior Samples:  15%|█▍        | 219/1492 [00:01<00:07, 162.44step/s]
[Origin 3/13] 🎲 Drawing Posterior Samples:  16%|█▌        | 236/1492 [00:01<00:07, 163.02step/s]
[Origin 3/13] 🎲 Drawing Posterior Samples:  17%|█▋        | 253/1492 [00:01<00:07, 162.06step/s]
[Origin 3/13] 🎲 Drawing Posterior Samples:  18%|█▊        | 270/1492 [00:01<00:07, 161.66step/s]
[Origin 3/13] 🎲 Drawing Posterior Samples:  19%|█▉        | 287/1492 [00:01<00:07, 163.44step/s]
[Origin 3/13] 🎲 Drawing Posterior Samples:  20%|██        | 304/1492 [00:01<00:07, 164.30step/s]
[Origin 3/13] 🎲 Drawing Posterior Samples:  22%|██▏       | 321/1492 [00:01<00:07, 162.55step/s]
[Origin 3/13] 🎲 Drawing Posterior Samples:  23%|██▎       | 338/1492 [00:02<00:09, 115.88step/s]
[Origin 3/13] 🎲 Drawing Posterior Samples:  24%|██▎       | 352/1492 [00:04<00:48, 23.69step/s] 
[Origin 3/13] 🎲 Drawing Posterior Samples:  24%|██▍       | 362/1492 [00:05<01:15, 14.98step/s]
[Origin 3/13] 🎲 Drawing Posterior Samples:  25%|██▍       | 369/1492 [00:07<01:41, 11.09step/s]
[Origin 3/13] 🎲 Drawing Posterior Samples:  25%|██▌       | 375/1492 [00:21<09:04,  2.05step/s]
[Origin 3/13] 🎲 Drawing Posterior Samples:  26%|██▌       | 391/1492 [00:21<05:24,  3.40step/s]
[Origin 3/13] 🎲 Drawing Posterior Samples:  27%|██▋       | 407/1492 [00:21<03:25,  5.27step/s]
[Origin 3/13] 🎲 Drawing Posterior Samples:  28%|██▊       | 423/1492 [00:21<02:15,  7.88step/s]
[Origin 3/13] 🎲 Drawing Posterior Samples:  29%|██▉       | 440/1492 [00:21<01:30, 11.69step/s]
[Origin 3/13] 🎲 Drawing Posterior Samples:  31%|███       | 457/1492 [00:21<01:01, 16.82step/s]
[Origin 3/13] 🎲 Drawing Posterior Samples:  32%|███▏      | 474/1492 [00:21<00:43, 23.57step/s]
[Origin 3/13] 🎲 Drawing Posterior Samples:  33%|███▎      | 491/1492 [00:21<00:31, 32.21step/s]
[Origin 3/13] 🎲 Drawing Posterior Samples:  34%|███▍      | 508/1492 [00:22<00:22, 42.91step/s]
[Origin 3/13] 🎲 Drawing Posterior Samples:  35%|███▌      | 525/1492 [00:22<00:17, 55.37step/s]
[Origin 3/13] 🎲 Drawing Posterior Samples:  36%|███▋      | 542/1492 [00:22<00:13, 69.17step/s]
[Origin 3/13] 🎲 Drawing Posterior Samples:  37%|███▋      | 558/1492 [00:22<00:11, 82.81step/s]
[Origin 3/13] 🎲 Drawing Posterior Samples:  38%|███▊      | 574/1492 [00:22<00:09, 96.41step/s]
[Origin 3/13] 🎲 Drawing Posterior Samples:  40%|███▉      | 591/1492 [00:22<00:08, 109.90step/s]
[Origin 3/13] 🎲 Drawing Posterior Samples:  41%|████      | 608/1492 [00:22<00:07, 122.61step/s]
[Origin 3/13] 🎲 Drawing Posterior Samples:  42%|████▏     | 625/1492 [00:22<00:06, 132.23step/s]
[Origin 3/13] 🎲 Drawing Posterior Samples:  43%|████▎     | 642/1492 [00:22<00:06, 141.17step/s]
[Origin 3/13] 🎲 Drawing Posterior Samples:  44%|████▍     | 659/1492 [00:23<00:05, 146.66step/s]
[Origin 3/13] 🎲 Drawing Posterior Samples:  45%|████▌     | 676/1492 [00:23<00:05, 152.15step/s]
[Origin 3/13] 🎲 Drawing Posterior Samples:  46%|████▋     | 693/1492 [00:23<00:05, 153.98step/s]
[Origin 3/13] 🎲 Drawing Posterior Samples:  48%|████▊     | 710/1492 [00:23<00:05, 154.24step/s]
[Origin 3/13] 🎲 Drawing Posterior Samples:  49%|████▊     | 727/1492 [00:25<00:36, 21.03step/s] 
[Origin 3/13] 🎲 Drawing Posterior Samples:  50%|████▉     | 739/1492 [00:27<00:55, 13.50step/s]
[Origin 3/13] 🎲 Drawing Posterior Samples:  50%|█████     | 746/1492 [00:41<00:55, 13.50step/s]
[Origin 3/13] 🎲 Drawing Posterior Samples:  50%|█████     | 747/1492 [00:44<05:30,  2.26step/s]
[Origin 3/13] 🎲 Drawing Posterior Samples:  51%|█████     | 763/1492 [00:44<03:34,  3.40step/s]
[Origin 3/13] 🎲 Drawing Posterior Samples:  52%|█████▏    | 779/1492 [00:44<02:22,  5.00step/s]
[Origin 3/13] 🎲 Drawing Posterior Samples:  53%|█████▎    | 795/1492 [00:44<01:36,  7.23step/s]
[Origin 3/13] 🎲 Drawing Posterior Samples:  54%|█████▍    | 812/1492 [00:44<01:04, 10.51step/s]
[Origin 3/13] 🎲 Drawing Posterior Samples:  56%|█████▌    | 829/1492 [00:45<00:44, 14.96step/s]
[Origin 3/13] 🎲 Drawing Posterior Samples:  57%|█████▋    | 846/1492 [00:45<00:30, 20.91step/s]
[Origin 3/13] 🎲 Drawing Posterior Samples:  58%|█████▊    | 863/1492 [00:45<00:22, 28.59step/s]
[Origin 3/13] 🎲 Drawing Posterior Samples:  59%|█████▉    | 880/1492 [00:45<00:15, 38.32step/s]
[Origin 3/13] 🎲 Drawing Posterior Samples:  60%|██████    | 897/1492 [00:45<00:11, 49.76step/s]
[Origin 3/13] 🎲 Drawing Posterior Samples:  61%|██████▏   | 914/1492 [00:45<00:09, 63.10step/s]
[Origin 3/13] 🎲 Drawing Posterior Samples:  62%|██████▏   | 931/1492 [00:45<00:07, 76.78step/s]
[Origin 3/13] 🎲 Drawing Posterior Samples:  63%|██████▎   | 947/1492 [00:45<00:06, 87.88step/s]
[Origin 3/13] 🎲 Drawing Posterior Samples:  65%|██████▍   | 964/1492 [00:45<00:05, 102.49step/s]
[Origin 3/13] 🎲 Drawing Posterior Samples:  66%|██████▌   | 981/1492 [00:46<00:04, 115.74step/s]
[Origin 3/13] 🎲 Drawing Posterior Samples:  67%|██████▋   | 998/1492 [00:46<00:03, 126.43step/s]
[Origin 3/13] 🎲 Drawing Posterior Samples:  68%|██████▊   | 1015/1492 [00:46<00:03, 136.28step/s]
[Origin 3/13] 🎲 Drawing Posterior Samples:  69%|██████▉   | 1032/1492 [00:46<00:03, 143.00step/s]
[Origin 3/13] 🎲 Drawing Posterior Samples:  70%|███████   | 1049/1492 [00:46<00:03, 145.54step/s]
[Origin 3/13] 🎲 Drawing Posterior Samples:  71%|███████▏  | 1066/1492 [00:46<00:02, 151.08step/s]
[Origin 3/13] 🎲 Drawing Posterior Samples:  73%|███████▎  | 1083/1492 [00:46<00:02, 154.46step/s]
[Origin 3/13] 🎲 Drawing Posterior Samples:  74%|███████▎  | 1100/1492 [00:49<00:19, 20.12step/s] 
[Origin 3/13] 🎲 Drawing Posterior Samples:  75%|███████▍  | 1112/1492 [00:51<00:29, 12.83step/s]
[Origin 3/13] 🎲 Drawing Posterior Samples:  75%|███████▌  | 1119/1492 [01:01<00:29, 12.83step/s]
[Origin 3/13] 🎲 Drawing Posterior Samples:  75%|███████▌  | 1120/1492 [01:07<02:41,  2.30step/s]
[Origin 3/13] 🎲 Drawing Posterior Samples:  76%|███████▌  | 1136/1492 [01:07<01:42,  3.47step/s]
[Origin 3/13] 🎲 Drawing Posterior Samples:  77%|███████▋  | 1152/1492 [01:07<01:06,  5.10step/s]
[Origin 3/13] 🎲 Drawing Posterior Samples:  78%|███████▊  | 1169/1492 [01:07<00:42,  7.52step/s]
[Origin 3/13] 🎲 Drawing Posterior Samples:  79%|███████▉  | 1186/1492 [01:08<00:28, 10.86step/s]
[Origin 3/13] 🎲 Drawing Posterior Samples:  81%|████████  | 1203/1492 [01:08<00:18, 15.37step/s]
[Origin 3/13] 🎲 Drawing Posterior Samples:  82%|████████▏ | 1220/1492 [01:08<00:12, 21.40step/s]
[Origin 3/13] 🎲 Drawing Posterior Samples:  83%|████████▎ | 1237/1492 [01:08<00:08, 29.19step/s]
[Origin 3/13] 🎲 Drawing Posterior Samples:  84%|████████▍ | 1254/1492 [01:08<00:06, 38.89step/s]
[Origin 3/13] 🎲 Drawing Posterior Samples:  85%|████████▌ | 1271/1492 [01:08<00:04, 50.60step/s]
[Origin 3/13] 🎲 Drawing Posterior Samples:  86%|████████▋ | 1288/1492 [01:08<00:03, 63.80step/s]
[Origin 3/13] 🎲 Drawing Posterior Samples:  87%|████████▋ | 1304/1492 [01:08<00:02, 76.99step/s]
[Origin 3/13] 🎲 Drawing Posterior Samples:  89%|████████▊ | 1321/1492 [01:08<00:01, 91.81step/s]
[Origin 3/13] 🎲 Drawing Posterior Samples:  90%|████████▉ | 1338/1492 [01:09<00:01, 105.47step/s]
[Origin 3/13] 🎲 Drawing Posterior Samples:  91%|█████████ | 1355/1492 [01:09<00:01, 117.63step/s]
[Origin 3/13] 🎲 Drawing Posterior Samples:  92%|█████████▏| 1372/1492 [01:09<00:00, 128.91step/s]
[Origin 3/13] 🎲 Drawing Posterior Samples:  93%|█████████▎| 1389/1492 [01:09<00:00, 137.39step/s]
[Origin 3/13] 🎲 Drawing Posterior Samples:  94%|█████████▍| 1406/1492 [01:09<00:00, 144.94step/s]
[Origin 3/13] 🎲 Drawing Posterior Samples:  95%|█████████▌| 1423/1492 [01:09<00:00, 148.90step/s]
[Origin 3/13] 🎲 Drawing Posterior Samples:  97%|█████████▋| 1440/1492 [01:09<00:00, 150.37step/s]
[Origin 3/13] 🎲 Drawing Posterior Samples:  98%|█████████▊| 1457/1492 [01:09<00:00, 119.62step/s]
[Origin 3/13] 🎲 Drawing Posterior Samples:  99%|█████████▊| 1471/1492 [01:12<00:01, 19.31step/s] 
[Origin 3/13] 🎲 Drawing Posterior Samples:  99%|█████████▉| 1481/1492 [01:13<00:00, 13.70step/s]
[Origin 3/13] 🎲 Drawing Posterior Samples: 100%|█████████▉| 1488/1492 [01:14<00:00, 11.39step/s]
                                                                                                 

[Origin 4/13] 🎲 Drawing Posterior Samples:   0%|          | 0/1496 [00:00<?, ?step/s]
[Origin 4/13] 🎲 Drawing Posterior Samples:   1%|          | 17/1496 [00:00<00:09, 162.04step/s]
[Origin 4/13] 🎲 Drawing Posterior Samples:   2%|▏         | 34/1496 [00:00<00:09, 162.15step/s]
[Origin 4/13] 🎲 Drawing Posterior Samples:   3%|▎         | 51/1496 [00:00<00:08, 163.82step/s]
[Origin 4/13] 🎲 Drawing Posterior Samples:   5%|▍         | 68/1496 [00:00<00:08, 164.05step/s]
[Origin 4/13] 🎲 Drawing Posterior Samples:   6%|▌         | 85/1496 [00:00<00:08, 165.15step/s]
[Origin 4/13] 🎲 Drawing Posterior Samples:   7%|▋         | 102/1496 [00:00<00:08, 162.15step/s]
[Origin 4/13] 🎲 Drawing Posterior Samples:   8%|▊         | 119/1496 [00:00<00:08, 164.09step/s]
[Origin 4/13] 🎲 Drawing Posterior Samples:   9%|▉         | 136/1496 [00:00<00:08, 165.35step/s]
[Origin 4/13] 🎲 Drawing Posterior Samples:  10%|█         | 153/1496 [00:00<00:08, 163.72step/s]
[Origin 4/13] 🎲 Drawing Posterior Samples:  11%|█▏        | 170/1496 [00:01<00:08, 162.53step/s]
[Origin 4/13] 🎲 Drawing Posterior Samples:  12%|█▎        | 187/1496 [00:01<00:08, 160.33step/s]
[Origin 4/13] 🎲 Drawing Posterior Samples:  14%|█▎        | 204/1496 [00:01<00:08, 159.45step/s]
[Origin 4/13] 🎲 Drawing Posterior Samples:  15%|█▍        | 221/1496 [00:01<00:07, 161.21step/s]
[Origin 4/13] 🎲 Drawing Posterior Samples:  16%|█▌        | 238/1496 [00:01<00:07, 162.74step/s]
[Origin 4/13] 🎲 Drawing Posterior Samples:  17%|█▋        | 255/1496 [00:01<00:07, 161.54step/s]
[Origin 4/13] 🎲 Drawing Posterior Samples:  18%|█▊        | 272/1496 [00:01<00:07, 163.21step/s]
[Origin 4/13] 🎲 Drawing Posterior Samples:  19%|█▉        | 289/1496 [00:01<00:07, 162.75step/s]
[Origin 4/13] 🎲 Drawing Posterior Samples:  20%|██        | 306/1496 [00:01<00:07, 161.72step/s]
[Origin 4/13] 🎲 Drawing Posterior Samples:  22%|██▏       | 323/1496 [00:01<00:07, 162.22step/s]
[Origin 4/13] 🎲 Drawing Posterior Samples:  23%|██▎       | 340/1496 [00:02<00:14, 77.41step/s] 
[Origin 4/13] 🎲 Drawing Posterior Samples:  24%|██▎       | 353/1496 [00:04<00:52, 21.80step/s]
[Origin 4/13] 🎲 Drawing Posterior Samples:  24%|██▍       | 362/1496 [00:05<01:17, 14.66step/s]
[Origin 4/13] 🎲 Drawing Posterior Samples:  25%|██▍       | 369/1496 [00:06<01:36, 11.64step/s]
[Origin 4/13] 🎲 Drawing Posterior Samples:  25%|██▌       | 374/1496 [00:07<01:52, 10.00step/s]
[Origin 4/13] 🎲 Drawing Posterior Samples:  25%|██▌       | 374/1496 [00:18<01:52, 10.00step/s]
[Origin 4/13] 🎲 Drawing Posterior Samples:  25%|██▌       | 375/1496 [00:25<15:41,  1.19step/s]
[Origin 4/13] 🎲 Drawing Posterior Samples:  26%|██▌       | 392/1496 [00:25<07:40,  2.39step/s]
[Origin 4/13] 🎲 Drawing Posterior Samples:  27%|██▋       | 408/1496 [00:25<04:33,  3.98step/s]
[Origin 4/13] 🎲 Drawing Posterior Samples:  28%|██▊       | 425/1496 [00:25<02:48,  6.34step/s]
[Origin 4/13] 🎲 Drawing Posterior Samples:  29%|██▉       | 441/1496 [00:25<01:52,  9.39step/s]
[Origin 4/13] 🎲 Drawing Posterior Samples:  31%|███       | 458/1496 [00:25<01:15, 13.82step/s]
[Origin 4/13] 🎲 Drawing Posterior Samples:  32%|███▏      | 475/1496 [00:26<00:51, 19.72step/s]
[Origin 4/13] 🎲 Drawing Posterior Samples:  33%|███▎      | 492/1496 [00:26<00:36, 27.42step/s]
[Origin 4/13] 🎲 Drawing Posterior Samples:  34%|███▍      | 509/1496 [00:26<00:26, 37.04step/s]
[Origin 4/13] 🎲 Drawing Posterior Samples:  35%|███▌      | 526/1496 [00:26<00:19, 48.64step/s]
[Origin 4/13] 🎲 Drawing Posterior Samples:  36%|███▌      | 542/1496 [00:26<00:15, 60.92step/s]
[Origin 4/13] 🎲 Drawing Posterior Samples:  37%|███▋      | 559/1496 [00:26<00:12, 75.48step/s]
[Origin 4/13] 🎲 Drawing Posterior Samples:  38%|███▊      | 575/1496 [00:26<00:10, 89.12step/s]
[Origin 4/13] 🎲 Drawing Posterior Samples:  40%|███▉      | 592/1496 [00:26<00:08, 103.60step/s]
[Origin 4/13] 🎲 Drawing Posterior Samples:  41%|████      | 609/1496 [00:26<00:07, 115.97step/s]
[Origin 4/13] 🎲 Drawing Posterior Samples:  42%|████▏     | 626/1496 [00:27<00:06, 127.56step/s]
[Origin 4/13] 🎲 Drawing Posterior Samples:  43%|████▎     | 643/1496 [00:27<00:06, 136.21step/s]
[Origin 4/13] 🎲 Drawing Posterior Samples:  44%|████▍     | 660/1496 [00:27<00:05, 143.96step/s]
[Origin 4/13] 🎲 Drawing Posterior Samples:  45%|████▌     | 677/1496 [00:27<00:05, 148.15step/s]
[Origin 4/13] 🎲 Drawing Posterior Samples:  46%|████▋     | 694/1496 [00:27<00:05, 152.46step/s]
[Origin 4/13] 🎲 Drawing Posterior Samples:  48%|████▊     | 711/1496 [00:27<00:05, 153.90step/s]
[Origin 4/13] 🎲 Drawing Posterior Samples:  49%|████▊     | 728/1496 [00:30<00:38, 20.11step/s] 
[Origin 4/13] 🎲 Drawing Posterior Samples:  49%|████▉     | 740/1496 [00:32<00:57, 13.04step/s]
[Origin 4/13] 🎲 Drawing Posterior Samples:  50%|█████     | 748/1496 [00:48<00:57, 13.04step/s]
[Origin 4/13] 🎲 Drawing Posterior Samples:  50%|█████     | 749/1496 [00:48<05:25,  2.30step/s]
[Origin 4/13] 🎲 Drawing Posterior Samples:  51%|█████     | 765/1496 [00:49<03:32,  3.43step/s]
[Origin 4/13] 🎲 Drawing Posterior Samples:  52%|█████▏    | 781/1496 [00:49<02:22,  5.03step/s]
[Origin 4/13] 🎲 Drawing Posterior Samples:  53%|█████▎    | 798/1496 [00:49<01:34,  7.39step/s]
[Origin 4/13] 🎲 Drawing Posterior Samples:  54%|█████▍    | 815/1496 [00:49<01:03, 10.65step/s]
[Origin 4/13] 🎲 Drawing Posterior Samples:  56%|█████▌    | 832/1496 [00:49<00:44, 15.09step/s]
[Origin 4/13] 🎲 Drawing Posterior Samples:  57%|█████▋    | 849/1496 [00:49<00:30, 20.98step/s]
[Origin 4/13] 🎲 Drawing Posterior Samples:  58%|█████▊    | 866/1496 [00:49<00:21, 28.67step/s]
[Origin 4/13] 🎲 Drawing Posterior Samples:  59%|█████▉    | 883/1496 [00:49<00:16, 38.27step/s]
[Origin 4/13] 🎲 Drawing Posterior Samples:  60%|██████    | 900/1496 [00:49<00:11, 49.85step/s]
[Origin 4/13] 🎲 Drawing Posterior Samples:  61%|██████▏   | 917/1496 [00:50<00:09, 62.72step/s]
[Origin 4/13] 🎲 Drawing Posterior Samples:  62%|██████▏   | 934/1496 [00:50<00:07, 76.87step/s]
[Origin 4/13] 🎲 Drawing Posterior Samples:  64%|██████▎   | 950/1496 [00:50<00:06, 90.12step/s]
[Origin 4/13] 🎲 Drawing Posterior Samples:  65%|██████▍   | 967/1496 [00:50<00:05, 104.58step/s]
[Origin 4/13] 🎲 Drawing Posterior Samples:  66%|██████▌   | 984/1496 [00:50<00:04, 116.74step/s]
[Origin 4/13] 🎲 Drawing Posterior Samples:  67%|██████▋   | 1001/1496 [00:50<00:03, 127.99step/s]
[Origin 4/13] 🎲 Drawing Posterior Samples:  68%|██████▊   | 1018/1496 [00:50<00:03, 136.28step/s]
[Origin 4/13] 🎲 Drawing Posterior Samples:  69%|██████▉   | 1035/1496 [00:50<00:03, 143.86step/s]
[Origin 4/13] 🎲 Drawing Posterior Samples:  70%|███████   | 1052/1496 [00:50<00:02, 148.27step/s]
[Origin 4/13] 🎲 Drawing Posterior Samples:  71%|███████▏  | 1069/1496 [00:50<00:02, 151.36step/s]
[Origin 4/13] 🎲 Drawing Posterior Samples:  73%|███████▎  | 1086/1496 [00:51<00:02, 153.47step/s]
[Origin 4/13] 🎲 Drawing Posterior Samples:  74%|███████▎  | 1103/1496 [00:53<00:19, 20.49step/s] 
[Origin 4/13] 🎲 Drawing Posterior Samples:  75%|███████▍  | 1115/1496 [00:55<00:28, 13.21step/s]
[Origin 4/13] 🎲 Drawing Posterior Samples:  75%|███████▌  | 1122/1496 [01:08<00:28, 13.21step/s]
[Origin 4/13] 🎲 Drawing Posterior Samples:  75%|███████▌  | 1123/1496 [01:14<02:59,  2.08step/s]
[Origin 4/13] 🎲 Drawing Posterior Samples:  76%|███████▌  | 1138/1496 [01:14<01:56,  3.07step/s]
[Origin 4/13] 🎲 Drawing Posterior Samples:  77%|███████▋  | 1154/1496 [01:14<01:15,  4.56step/s]
[Origin 4/13] 🎲 Drawing Posterior Samples:  78%|███████▊  | 1169/1496 [01:14<00:50,  6.49step/s]
[Origin 4/13] 🎲 Drawing Posterior Samples:  79%|███████▉  | 1184/1496 [01:14<00:34,  9.17step/s]
[Origin 4/13] 🎲 Drawing Posterior Samples:  80%|████████  | 1199/1496 [01:14<00:23, 12.81step/s]
[Origin 4/13] 🎲 Drawing Posterior Samples:  81%|████████  | 1214/1496 [01:14<00:15, 17.71step/s]
[Origin 4/13] 🎲 Drawing Posterior Samples:  82%|████████▏ | 1229/1496 [01:14<00:11, 24.06step/s]
[Origin 4/13] 🎲 Drawing Posterior Samples:  83%|████████▎ | 1244/1496 [01:14<00:07, 32.16step/s]
[Origin 4/13] 🎲 Drawing Posterior Samples:  84%|████████▍ | 1259/1496 [01:14<00:05, 41.75step/s]
[Origin 4/13] 🎲 Drawing Posterior Samples:  85%|████████▌ | 1273/1496 [01:15<00:04, 51.85step/s]
[Origin 4/13] 🎲 Drawing Posterior Samples:  86%|████████▌ | 1287/1496 [01:15<00:03, 62.65step/s]
[Origin 4/13] 🎲 Drawing Posterior Samples:  87%|████████▋ | 1301/1496 [01:15<00:02, 73.58step/s]
[Origin 4/13] 🎲 Drawing Posterior Samples:  88%|████████▊ | 1315/1496 [01:15<00:02, 85.09step/s]
[Origin 4/13] 🎲 Drawing Posterior Samples:  89%|████████▉ | 1329/1496 [01:15<00:01, 95.55step/s]
[Origin 4/13] 🎲 Drawing Posterior Samples:  90%|████████▉ | 1344/1496 [01:15<00:01, 106.77step/s]
[Origin 4/13] 🎲 Drawing Posterior Samples:  91%|█████████ | 1358/1496 [01:15<00:01, 114.28step/s]
[Origin 4/13] 🎲 Drawing Posterior Samples:  92%|█████████▏| 1373/1496 [01:15<00:01, 122.05step/s]
[Origin 4/13] 🎲 Drawing Posterior Samples:  93%|█████████▎| 1388/1496 [01:15<00:00, 127.13step/s]
[Origin 4/13] 🎲 Drawing Posterior Samples:  94%|█████████▍| 1403/1496 [01:16<00:00, 131.68step/s]
[Origin 4/13] 🎲 Drawing Posterior Samples:  95%|█████████▍| 1418/1496 [01:16<00:00, 130.77step/s]
[Origin 4/13] 🎲 Drawing Posterior Samples:  96%|█████████▌| 1432/1496 [01:16<00:00, 131.29step/s]
[Origin 4/13] 🎲 Drawing Posterior Samples:  97%|█████████▋| 1446/1496 [01:16<00:00, 129.63step/s]
[Origin 4/13] 🎲 Drawing Posterior Samples:  98%|█████████▊| 1460/1496 [01:16<00:00, 131.55step/s]
[Origin 4/13] 🎲 Drawing Posterior Samples:  99%|█████████▊| 1474/1496 [01:18<00:01, 20.70step/s] 
[Origin 4/13] 🎲 Drawing Posterior Samples:  99%|█████████▉| 1484/1496 [01:20<00:00, 12.72step/s]
[Origin 4/13] 🎲 Drawing Posterior Samples: 100%|█████████▉| 1491/1496 [01:21<00:00, 10.50step/s]
[Origin 4/13] 🎲 Drawing Posterior Samples: 100%|██████████| 1496/1496 [01:22<00:00,  9.24step/s]
                                                                                                 

[Origin 5/13] 🎲 Drawing Posterior Samples:   0%|          | 0/1500 [00:00<?, ?step/s]
[Origin 5/13] 🎲 Drawing Posterior Samples:   0%|          | 5/1500 [00:00<00:30, 49.29step/s]
[Origin 5/13] 🎲 Drawing Posterior Samples:   1%|          | 11/1500 [00:00<00:29, 51.34step/s]
[Origin 5/13] 🎲 Drawing Posterior Samples:   1%|          | 17/1500 [00:00<00:30, 48.07step/s]
[Origin 5/13] 🎲 Drawing Posterior Samples:   2%|▏         | 23/1500 [00:00<00:30, 48.05step/s]
[Origin 5/13] 🎲 Drawing Posterior Samples:   2%|▏         | 28/1500 [00:00<00:31, 47.37step/s]
[Origin 5/13] 🎲 Drawing Posterior Samples:   2%|▏         | 33/1500 [00:00<00:31, 46.43step/s]
[Origin 5/13] 🎲 Drawing Posterior Samples:   3%|▎         | 39/1500 [00:00<00:30, 48.43step/s]
[Origin 5/13] 🎲 Drawing Posterior Samples:   3%|▎         | 44/1500 [00:00<00:30, 46.98step/s]
[Origin 5/13] 🎲 Drawing Posterior Samples:   3%|▎         | 50/1500 [00:01<00:29, 48.81step/s]
[Origin 5/13] 🎲 Drawing Posterior Samples:   4%|▎         | 55/1500 [00:01<00:30, 47.13step/s]
[Origin 5/13] 🎲 Drawing Posterior Samples:   4%|▍         | 61/1500 [00:01<00:30, 47.03step/s]
[Origin 5/13] 🎲 Drawing Posterior Samples:   4%|▍         | 66/1500 [00:01<00:30, 47.09step/s]
[Origin 5/13] 🎲 Drawing Posterior Samples:   5%|▍         | 71/1500 [00:01<00:31, 45.79step/s]
[Origin 5/13] 🎲 Drawing Posterior Samples:   5%|▌         | 77/1500 [00:01<00:29, 47.73step/s]
[Origin 5/13] 🎲 Drawing Posterior Samples:   5%|▌         | 82/1500 [00:01<00:30, 46.30step/s]
[Origin 5/13] 🎲 Drawing Posterior Samples:   6%|▌         | 88/1500 [00:01<00:29, 48.19step/s]
[Origin 5/13] 🎲 Drawing Posterior Samples:   6%|▌         | 93/1500 [00:01<00:30, 46.79step/s]
[Origin 5/13] 🎲 Drawing Posterior Samples:   7%|▋         | 99/1500 [00:02<00:29, 48.13step/s]
[Origin 5/13] 🎲 Drawing Posterior Samples:   7%|▋         | 104/1500 [00:02<00:29, 47.29step/s]
[Origin 5/13] 🎲 Drawing Posterior Samples:   7%|▋         | 109/1500 [00:02<00:29, 47.00step/s]
[Origin 5/13] 🎲 Drawing Posterior Samples:   8%|▊         | 114/1500 [00:02<00:29, 47.72step/s]
[Origin 5/13] 🎲 Drawing Posterior Samples:   8%|▊         | 119/1500 [00:02<00:29, 46.48step/s]
[Origin 5/13] 🎲 Drawing Posterior Samples:   8%|▊         | 125/1500 [00:02<00:28, 48.25step/s]
[Origin 5/13] 🎲 Drawing Posterior Samples:   9%|▊         | 130/1500 [00:02<00:29, 46.70step/s]
[Origin 5/13] 🎲 Drawing Posterior Samples:   9%|▉         | 136/1500 [00:02<00:28, 48.35step/s]
[Origin 5/13] 🎲 Drawing Posterior Samples:   9%|▉         | 141/1500 [00:02<00:28, 47.17step/s]
[Origin 5/13] 🎲 Drawing Posterior Samples:  10%|▉         | 146/1500 [00:03<00:30, 44.30step/s]
[Origin 5/13] 🎲 Drawing Posterior Samples:  10%|█         | 152/1500 [00:03<00:28, 46.74step/s]
[Origin 5/13] 🎲 Drawing Posterior Samples:  10%|█         | 157/1500 [00:03<00:31, 42.49step/s]
[Origin 5/13] 🎲 Drawing Posterior Samples:  11%|█         | 163/1500 [00:03<00:29, 45.42step/s]
[Origin 5/13] 🎲 Drawing Posterior Samples:  11%|█         | 168/1500 [00:03<00:29, 44.96step/s]
[Origin 5/13] 🎲 Drawing Posterior Samples:  12%|█▏        | 174/1500 [00:03<00:29, 45.69step/s]
[Origin 5/13] 🎲 Drawing Posterior Samples:  12%|█▏        | 179/1500 [00:03<00:28, 46.46step/s]
[Origin 5/13] 🎲 Drawing Posterior Samples:  12%|█▏        | 184/1500 [00:03<00:28, 45.61step/s]
[Origin 5/13] 🎲 Drawing Posterior Samples:  13%|█▎        | 190/1500 [00:04<00:27, 47.63step/s]
[Origin 5/13] 🎲 Drawing Posterior Samples:  13%|█▎        | 195/1500 [00:04<00:27, 46.65step/s]
[Origin 5/13] 🎲 Drawing Posterior Samples:  13%|█▎        | 201/1500 [00:04<00:26, 48.31step/s]
[Origin 5/13] 🎲 Drawing Posterior Samples:  14%|█▎        | 206/1500 [00:04<00:27, 46.83step/s]
[Origin 5/13] 🎲 Drawing Posterior Samples:  14%|█▍        | 212/1500 [00:04<00:26, 48.15step/s]
[Origin 5/13] 🎲 Drawing Posterior Samples:  14%|█▍        | 217/1500 [00:04<00:27, 46.67step/s]
[Origin 5/13] 🎲 Drawing Posterior Samples:  15%|█▍        | 222/1500 [00:04<00:27, 46.99step/s]
[Origin 5/13] 🎲 Drawing Posterior Samples:  15%|█▌        | 227/1500 [00:04<00:27, 47.13step/s]
[Origin 5/13] 🎲 Drawing Posterior Samples:  15%|█▌        | 232/1500 [00:04<00:27, 46.14step/s]
[Origin 5/13] 🎲 Drawing Posterior Samples:  16%|█▌        | 238/1500 [00:05<00:26, 48.12step/s]
[Origin 5/13] 🎲 Drawing Posterior Samples:  16%|█▌        | 243/1500 [00:05<00:27, 46.43step/s]
[Origin 5/13] 🎲 Drawing Posterior Samples:  17%|█▋        | 249/1500 [00:05<00:25, 48.25step/s]
[Origin 5/13] 🎲 Drawing Posterior Samples:  17%|█▋        | 254/1500 [00:05<00:26, 46.69step/s]
[Origin 5/13] 🎲 Drawing Posterior Samples:  17%|█▋        | 260/1500 [00:05<00:26, 46.50step/s]
[Origin 5/13] 🎲 Drawing Posterior Samples:  18%|█▊        | 266/1500 [00:05<00:25, 47.77step/s]
[Origin 5/13] 🎲 Drawing Posterior Samples:  18%|█▊        | 271/1500 [00:05<00:26, 46.59step/s]
[Origin 5/13] 🎲 Drawing Posterior Samples:  18%|█▊        | 277/1500 [00:05<00:25, 48.40step/s]
[Origin 5/13] 🎲 Drawing Posterior Samples:  19%|█▉        | 282/1500 [00:06<00:26, 46.64step/s]
[Origin 5/13] 🎲 Drawing Posterior Samples:  19%|█▉        | 288/1500 [00:06<00:25, 48.39step/s]
[Origin 5/13] 🎲 Drawing Posterior Samples:  20%|█▉        | 293/1500 [00:06<00:25, 46.69step/s]
[Origin 5/13] 🎲 Drawing Posterior Samples:  20%|█▉        | 299/1500 [00:06<00:26, 46.12step/s]
[Origin 5/13] 🎲 Drawing Posterior Samples:  20%|██        | 305/1500 [00:06<00:24, 48.02step/s]
[Origin 5/13] 🎲 Drawing Posterior Samples:  21%|██        | 310/1500 [00:06<00:25, 46.35step/s]
[Origin 5/13] 🎲 Drawing Posterior Samples:  21%|██        | 316/1500 [00:06<00:24, 48.03step/s]
[Origin 5/13] 🎲 Drawing Posterior Samples:  21%|██▏       | 321/1500 [00:06<00:25, 46.43step/s]
[Origin 5/13] 🎲 Drawing Posterior Samples:  22%|██▏       | 327/1500 [00:06<00:25, 45.62step/s]
[Origin 5/13] 🎲 Drawing Posterior Samples:  22%|██▏       | 333/1500 [00:07<00:24, 47.59step/s]
[Origin 5/13] 🎲 Drawing Posterior Samples:  23%|██▎       | 338/1500 [00:07<00:25, 46.36step/s]
[Origin 5/13] 🎲 Drawing Posterior Samples:  23%|██▎       | 343/1500 [00:07<01:03, 18.33step/s]
[Origin 5/13] 🎲 Drawing Posterior Samples:  23%|██▎       | 347/1500 [00:08<01:46, 10.83step/s]
[Origin 5/13] 🎲 Drawing Posterior Samples:  23%|██▎       | 350/1500 [00:09<02:00,  9.54step/s]
[Origin 5/13] 🎲 Drawing Posterior Samples:  23%|██▎       | 352/1500 [00:09<02:24,  7.96step/s]
[Origin 5/13] 🎲 Drawing Posterior Samples:  24%|██▎       | 354/1500 [00:09<02:33,  7.48step/s]
[Origin 5/13] 🎲 Drawing Posterior Samples:  24%|██▎       | 356/1500 [00:10<02:44,  6.97step/s]
[Origin 5/13] 🎲 Drawing Posterior Samples:  24%|██▍       | 358/1500 [00:10<02:58,  6.39step/s]
[Origin 5/13] 🎲 Drawing Posterior Samples:  24%|██▍       | 359/1500 [00:10<03:03,  6.20step/s]
[Origin 5/13] 🎲 Drawing Posterior Samples:  24%|██▍       | 360/1500 [00:11<03:05,  6.14step/s]
[Origin 5/13] 🎲 Drawing Posterior Samples:  24%|██▍       | 361/1500 [00:11<03:07,  6.08step/s]
[Origin 5/13] 🎲 Drawing Posterior Samples:  24%|██▍       | 362/1500 [00:11<03:07,  6.06step/s]
[Origin 5/13] 🎲 Drawing Posterior Samples:  24%|██▍       | 363/1500 [00:11<03:19,  5.70step/s]
[Origin 5/13] 🎲 Drawing Posterior Samples:  24%|██▍       | 364/1500 [00:11<03:27,  5.46step/s]
[Origin 5/13] 🎲 Drawing Posterior Samples:  24%|██▍       | 365/1500 [00:12<03:29,  5.42step/s]
[Origin 5/13] 🎲 Drawing Posterior Samples:  24%|██▍       | 366/1500 [00:12<03:19,  5.67step/s]
[Origin 5/13] 🎲 Drawing Posterior Samples:  24%|██▍       | 367/1500 [00:12<03:11,  5.91step/s]
[Origin 5/13] 🎲 Drawing Posterior Samples:  25%|██▍       | 368/1500 [00:12<03:11,  5.90step/s]
[Origin 5/13] 🎲 Drawing Posterior Samples:  25%|██▍       | 369/1500 [00:12<03:15,  5.79step/s]
[Origin 5/13] 🎲 Drawing Posterior Samples:  25%|██▍       | 370/1500 [00:12<03:22,  5.59step/s]
[Origin 5/13] 🎲 Drawing Posterior Samples:  25%|██▍       | 371/1500 [00:13<03:25,  5.50step/s]
[Origin 5/13] 🎲 Drawing Posterior Samples:  25%|██▍       | 372/1500 [00:13<03:16,  5.74step/s]
[Origin 5/13] 🎲 Drawing Posterior Samples:  25%|██▍       | 373/1500 [00:13<03:28,  5.41step/s]
[Origin 5/13] 🎲 Drawing Posterior Samples:  25%|██▍       | 374/1500 [00:13<03:35,  5.24step/s]
[Origin 5/13] 🎲 Drawing Posterior Samples:  25%|██▌       | 375/1500 [00:13<03:26,  5.44step/s]
[Origin 5/13] 🎲 Drawing Posterior Samples:  25%|██▌       | 376/1500 [00:29<1:31:18,  4.87s/step]
[Origin 5/13] 🎲 Drawing Posterior Samples:  25%|██▌       | 382/1500 [00:29<25:43,  1.38s/step]  
[Origin 5/13] 🎲 Drawing Posterior Samples:  26%|██▌       | 391/1500 [00:29<10:10,  1.82step/s]
[Origin 5/13] 🎲 Drawing Posterior Samples:  27%|██▋       | 398/1500 [00:30<06:08,  2.99step/s]
[Origin 5/13] 🎲 Drawing Posterior Samples:  27%|██▋       | 405/1500 [00:30<03:58,  4.58step/s]
[Origin 5/13] 🎲 Drawing Posterior Samples:  27%|██▋       | 412/1500 [00:30<02:41,  6.73step/s]
[Origin 5/13] 🎲 Drawing Posterior Samples:  28%|██▊       | 419/1500 [00:30<01:53,  9.54step/s]
[Origin 5/13] 🎲 Drawing Posterior Samples:  28%|██▊       | 425/1500 [00:30<01:26, 12.48step/s]
[Origin 5/13] 🎲 Drawing Posterior Samples:  29%|██▊       | 431/1500 [00:30<01:08, 15.70step/s]
[Origin 5/13] 🎲 Drawing Posterior Samples:  29%|██▉       | 437/1500 [00:30<00:54, 19.34step/s]
[Origin 5/13] 🎲 Drawing Posterior Samples:  30%|██▉       | 443/1500 [00:30<00:44, 23.76step/s]
[Origin 5/13] 🎲 Drawing Posterior Samples:  30%|██▉       | 449/1500 [00:30<00:38, 27.64step/s]
[Origin 5/13] 🎲 Drawing Posterior Samples:  30%|███       | 454/1500 [00:31<00:34, 30.50step/s]
[Origin 5/13] 🎲 Drawing Posterior Samples:  31%|███       | 460/1500 [00:31<00:29, 35.12step/s]
[Origin 5/13] 🎲 Drawing Posterior Samples:  31%|███       | 465/1500 [00:31<00:27, 36.98step/s]
[Origin 5/13] 🎲 Drawing Posterior Samples:  31%|███▏      | 471/1500 [00:31<00:25, 40.85step/s]
[Origin 5/13] 🎲 Drawing Posterior Samples:  32%|███▏      | 476/1500 [00:31<00:24, 41.46step/s]
[Origin 5/13] 🎲 Drawing Posterior Samples:  32%|███▏      | 482/1500 [00:31<00:23, 43.99step/s]
[Origin 5/13] 🎲 Drawing Posterior Samples:  32%|███▏      | 487/1500 [00:31<00:22, 44.25step/s]
[Origin 5/13] 🎲 Drawing Posterior Samples:  33%|███▎      | 492/1500 [00:31<00:22, 45.09step/s]
[Origin 5/13] 🎲 Drawing Posterior Samples:  33%|███▎      | 497/1500 [00:31<00:21, 45.76step/s]
[Origin 5/13] 🎲 Drawing Posterior Samples:  33%|███▎      | 502/1500 [00:32<00:22, 45.26step/s]
[Origin 5/13] 🎲 Drawing Posterior Samples:  34%|███▍      | 508/1500 [00:32<00:20, 47.43step/s]
[Origin 5/13] 🎲 Drawing Posterior Samples:  34%|███▍      | 513/1500 [00:32<00:21, 46.14step/s]
[Origin 5/13] 🎲 Drawing Posterior Samples:  35%|███▍      | 519/1500 [00:32<00:20, 48.10step/s]
[Origin 5/13] 🎲 Drawing Posterior Samples:  35%|███▍      | 524/1500 [00:32<00:20, 46.77step/s]
[Origin 5/13] 🎲 Drawing Posterior Samples:  35%|███▌      | 530/1500 [00:32<00:20, 46.85step/s]
[Origin 5/13] 🎲 Drawing Posterior Samples:  36%|███▌      | 535/1500 [00:32<00:20, 47.40step/s]
[Origin 5/13] 🎲 Drawing Posterior Samples:  36%|███▌      | 540/1500 [00:32<00:20, 47.36step/s]
[Origin 5/13] 🎲 Drawing Posterior Samples:  36%|███▋      | 545/1500 [00:33<00:20, 47.27step/s]
[Origin 5/13] 🎲 Drawing Posterior Samples:  37%|███▋      | 550/1500 [00:33<00:20, 45.75step/s]
[Origin 5/13] 🎲 Drawing Posterior Samples:  37%|███▋      | 556/1500 [00:33<00:19, 47.76step/s]
[Origin 5/13] 🎲 Drawing Posterior Samples:  37%|███▋      | 561/1500 [00:33<00:20, 46.27step/s]
[Origin 5/13] 🎲 Drawing Posterior Samples:  38%|███▊      | 567/1500 [00:33<00:19, 48.19step/s]
[Origin 5/13] 🎲 Drawing Posterior Samples:  38%|███▊      | 572/1500 [00:33<00:19, 46.93step/s]
[Origin 5/13] 🎲 Drawing Posterior Samples:  39%|███▊      | 578/1500 [00:33<00:19, 47.43step/s]
[Origin 5/13] 🎲 Drawing Posterior Samples:  39%|███▉      | 583/1500 [00:33<00:19, 47.42step/s]
[Origin 5/13] 🎲 Drawing Posterior Samples:  39%|███▉      | 588/1500 [00:33<00:19, 46.31step/s]
[Origin 5/13] 🎲 Drawing Posterior Samples:  40%|███▉      | 594/1500 [00:34<00:18, 48.25step/s]
[Origin 5/13] 🎲 Drawing Posterior Samples:  40%|███▉      | 599/1500 [00:34<00:19, 46.68step/s]
[Origin 5/13] 🎲 Drawing Posterior Samples:  40%|████      | 605/1500 [00:34<00:18, 48.41step/s]
[Origin 5/13] 🎲 Drawing Posterior Samples:  41%|████      | 610/1500 [00:34<00:19, 46.45step/s]
[Origin 5/13] 🎲 Drawing Posterior Samples:  41%|████      | 616/1500 [00:34<00:18, 48.00step/s]
[Origin 5/13] 🎲 Drawing Posterior Samples:  41%|████▏     | 621/1500 [00:34<00:18, 46.32step/s]
[Origin 5/13] 🎲 Drawing Posterior Samples:  42%|████▏     | 627/1500 [00:34<00:19, 45.94step/s]
[Origin 5/13] 🎲 Drawing Posterior Samples:  42%|████▏     | 633/1500 [00:34<00:18, 47.89step/s]
[Origin 5/13] 🎲 Drawing Posterior Samples:  43%|████▎     | 638/1500 [00:34<00:18, 46.62step/s]
[Origin 5/13] 🎲 Drawing Posterior Samples:  43%|████▎     | 644/1500 [00:35<00:17, 48.42step/s]
[Origin 5/13] 🎲 Drawing Posterior Samples:  43%|████▎     | 649/1500 [00:35<00:18, 46.93step/s]
[Origin 5/13] 🎲 Drawing Posterior Samples:  44%|████▎     | 655/1500 [00:35<00:17, 46.95step/s]
[Origin 5/13] 🎲 Drawing Posterior Samples:  44%|████▍     | 660/1500 [00:35<00:17, 47.49step/s]
[Origin 5/13] 🎲 Drawing Posterior Samples:  44%|████▍     | 665/1500 [00:35<00:18, 45.96step/s]
[Origin 5/13] 🎲 Drawing Posterior Samples:  45%|████▍     | 671/1500 [00:35<00:17, 47.91step/s]
[Origin 5/13] 🎲 Drawing Posterior Samples:  45%|████▌     | 676/1500 [00:35<00:17, 46.44step/s]
[Origin 5/13] 🎲 Drawing Posterior Samples:  45%|████▌     | 682/1500 [00:35<00:17, 48.09step/s]
[Origin 5/13] 🎲 Drawing Posterior Samples:  46%|████▌     | 687/1500 [00:36<00:17, 46.57step/s]
[Origin 5/13] 🎲 Drawing Posterior Samples:  46%|████▌     | 693/1500 [00:36<00:16, 47.90step/s]
[Origin 5/13] 🎲 Drawing Posterior Samples:  47%|████▋     | 698/1500 [00:36<00:17, 47.12step/s]
[Origin 5/13] 🎲 Drawing Posterior Samples:  47%|████▋     | 703/1500 [00:36<00:16, 47.38step/s]
[Origin 5/13] 🎲 Drawing Posterior Samples:  47%|████▋     | 708/1500 [00:36<00:16, 47.29step/s]
[Origin 5/13] 🎲 Drawing Posterior Samples:  48%|████▊     | 713/1500 [00:36<00:17, 46.13step/s]
[Origin 5/13] 🎲 Drawing Posterior Samples:  48%|████▊     | 718/1500 [00:37<00:39, 20.01step/s]
[Origin 5/13] 🎲 Drawing Posterior Samples:  48%|████▊     | 722/1500 [00:37<00:59, 13.06step/s]
[Origin 5/13] 🎲 Drawing Posterior Samples:  48%|████▊     | 725/1500 [00:38<01:17, 10.01step/s]
[Origin 5/13] 🎲 Drawing Posterior Samples:  49%|████▊     | 728/1500 [00:38<01:35,  8.04step/s]
[Origin 5/13] 🎲 Drawing Posterior Samples:  49%|████▊     | 730/1500 [00:39<01:45,  7.28step/s]
[Origin 5/13] 🎲 Drawing Posterior Samples:  49%|████▉     | 732/1500 [00:39<01:49,  7.02step/s]
[Origin 5/13] 🎲 Drawing Posterior Samples:  49%|████▉     | 734/1500 [00:39<01:48,  7.03step/s]
[Origin 5/13] 🎲 Drawing Posterior Samples:  49%|████▉     | 735/1500 [00:40<01:53,  6.74step/s]
[Origin 5/13] 🎲 Drawing Posterior Samples:  49%|████▉     | 736/1500 [00:40<01:54,  6.70step/s]
[Origin 5/13] 🎲 Drawing Posterior Samples:  49%|████▉     | 737/1500 [00:40<01:56,  6.54step/s]
[Origin 5/13] 🎲 Drawing Posterior Samples:  49%|████▉     | 738/1500 [00:40<02:04,  6.11step/s]
[Origin 5/13] 🎲 Drawing Posterior Samples:  49%|████▉     | 739/1500 [00:40<02:09,  5.89step/s]
[Origin 5/13] 🎲 Drawing Posterior Samples:  49%|████▉     | 740/1500 [00:41<02:09,  5.87step/s]
[Origin 5/13] 🎲 Drawing Posterior Samples:  49%|████▉     | 741/1500 [00:41<02:13,  5.68step/s]
[Origin 5/13] 🎲 Drawing Posterior Samples:  49%|████▉     | 742/1500 [00:41<02:12,  5.73step/s]
[Origin 5/13] 🎲 Drawing Posterior Samples:  50%|████▉     | 743/1500 [00:41<02:21,  5.33step/s]
[Origin 5/13] 🎲 Drawing Posterior Samples:  50%|████▉     | 744/1500 [00:41<02:17,  5.51step/s]
[Origin 5/13] 🎲 Drawing Posterior Samples:  50%|████▉     | 745/1500 [00:41<02:18,  5.47step/s]
[Origin 5/13] 🎲 Drawing Posterior Samples:  50%|████▉     | 746/1500 [00:42<02:15,  5.55step/s]
[Origin 5/13] 🎲 Drawing Posterior Samples:  50%|████▉     | 747/1500 [00:42<02:19,  5.40step/s]
[Origin 5/13] 🎲 Drawing Posterior Samples:  50%|████▉     | 748/1500 [00:42<02:10,  5.78step/s]
[Origin 5/13] 🎲 Drawing Posterior Samples:  50%|████▉     | 749/1500 [00:42<02:05,  5.97step/s]
[Origin 5/13] 🎲 Drawing Posterior Samples:  50%|█████     | 750/1500 [00:42<02:05,  5.97step/s]
[Origin 5/13] 🎲 Drawing Posterior Samples:  50%|█████     | 751/1500 [00:58<59:23,  4.76s/step]
[Origin 5/13] 🎲 Drawing Posterior Samples:  50%|█████     | 757/1500 [00:58<16:42,  1.35s/step]
[Origin 5/13] 🎲 Drawing Posterior Samples:  51%|█████     | 767/1500 [00:58<06:09,  1.98step/s]
[Origin 5/13] 🎲 Drawing Posterior Samples:  52%|█████▏    | 774/1500 [00:58<03:48,  3.17step/s]
[Origin 5/13] 🎲 Drawing Posterior Samples:  52%|█████▏    | 781/1500 [00:58<02:29,  4.80step/s]
[Origin 5/13] 🎲 Drawing Posterior Samples:  53%|█████▎    | 788/1500 [00:58<01:41,  6.98step/s]
[Origin 5/13] 🎲 Drawing Posterior Samples:  53%|█████▎    | 795/1500 [00:58<01:11,  9.85step/s]
[Origin 5/13] 🎲 Drawing Posterior Samples:  53%|█████▎    | 802/1500 [00:59<00:53, 12.98step/s]
[Origin 5/13] 🎲 Drawing Posterior Samples:  54%|█████▍    | 808/1500 [00:59<00:42, 16.17step/s]
[Origin 5/13] 🎲 Drawing Posterior Samples:  54%|█████▍    | 814/1500 [00:59<00:34, 20.15step/s]
[Origin 5/13] 🎲 Drawing Posterior Samples:  55%|█████▍    | 820/1500 [00:59<00:28, 23.97step/s]
[Origin 5/13] 🎲 Drawing Posterior Samples:  55%|█████▌    | 826/1500 [00:59<00:23, 28.16step/s]
[Origin 5/13] 🎲 Drawing Posterior Samples:  55%|█████▌    | 831/1500 [00:59<00:21, 31.46step/s]
[Origin 5/13] 🎲 Drawing Posterior Samples:  56%|█████▌    | 836/1500 [00:59<00:19, 34.13step/s]
[Origin 5/13] 🎲 Drawing Posterior Samples:  56%|█████▌    | 842/1500 [00:59<00:17, 38.26step/s]
[Origin 5/13] 🎲 Drawing Posterior Samples:  56%|█████▋    | 847/1500 [01:00<00:16, 39.48step/s]
[Origin 5/13] 🎲 Drawing Posterior Samples:  57%|█████▋    | 853/1500 [01:00<00:15, 42.90step/s]
[Origin 5/13] 🎲 Drawing Posterior Samples:  57%|█████▋    | 858/1500 [01:00<00:14, 42.92step/s]
[Origin 5/13] 🎲 Drawing Posterior Samples:  58%|█████▊    | 864/1500 [01:00<00:13, 45.51step/s]
[Origin 5/13] 🎲 Drawing Posterior Samples:  58%|█████▊    | 869/1500 [01:00<00:14, 44.54step/s]
[Origin 5/13] 🎲 Drawing Posterior Samples:  58%|█████▊    | 874/1500 [01:00<00:13, 45.09step/s]
[Origin 5/13] 🎲 Drawing Posterior Samples:  59%|█████▊    | 879/1500 [01:00<00:13, 46.03step/s]
[Origin 5/13] 🎲 Drawing Posterior Samples:  59%|█████▉    | 884/1500 [01:00<00:13, 45.30step/s]
[Origin 5/13] 🎲 Drawing Posterior Samples:  59%|█████▉    | 890/1500 [01:01<00:12, 47.55step/s]
[Origin 5/13] 🎲 Drawing Posterior Samples:  60%|█████▉    | 895/1500 [01:01<00:13, 46.13step/s]
[Origin 5/13] 🎲 Drawing Posterior Samples:  60%|██████    | 901/1500 [01:01<00:12, 48.10step/s]
[Origin 5/13] 🎲 Drawing Posterior Samples:  60%|██████    | 906/1500 [01:01<00:12, 46.82step/s]
[Origin 5/13] 🎲 Drawing Posterior Samples:  61%|██████    | 912/1500 [01:01<00:12, 47.24step/s]
[Origin 5/13] 🎲 Drawing Posterior Samples:  61%|██████    | 917/1500 [01:01<00:12, 47.23step/s]
[Origin 5/13] 🎲 Drawing Posterior Samples:  61%|██████▏   | 922/1500 [01:01<00:12, 45.80step/s]
[Origin 5/13] 🎲 Drawing Posterior Samples:  62%|██████▏   | 928/1500 [01:01<00:11, 47.74step/s]
[Origin 5/13] 🎲 Drawing Posterior Samples:  62%|██████▏   | 933/1500 [01:01<00:12, 46.49step/s]
[Origin 5/13] 🎲 Drawing Posterior Samples:  63%|██████▎   | 939/1500 [01:02<00:11, 48.22step/s]
[Origin 5/13] 🎲 Drawing Posterior Samples:  63%|██████▎   | 944/1500 [01:02<00:11, 46.85step/s]
[Origin 5/13] 🎲 Drawing Posterior Samples:  63%|██████▎   | 950/1500 [01:02<00:11, 48.20step/s]
[Origin 5/13] 🎲 Drawing Posterior Samples:  64%|██████▎   | 955/1500 [01:02<00:11, 47.45step/s]
[Origin 5/13] 🎲 Drawing Posterior Samples:  64%|██████▍   | 960/1500 [01:02<00:11, 47.55step/s]
[Origin 5/13] 🎲 Drawing Posterior Samples:  64%|██████▍   | 965/1500 [01:02<00:11, 47.32step/s]
[Origin 5/13] 🎲 Drawing Posterior Samples:  65%|██████▍   | 970/1500 [01:02<00:11, 46.07step/s]
[Origin 5/13] 🎲 Drawing Posterior Samples:  65%|██████▌   | 976/1500 [01:02<00:10, 48.00step/s]
[Origin 5/13] 🎲 Drawing Posterior Samples:  65%|██████▌   | 981/1500 [01:02<00:11, 46.39step/s]
[Origin 5/13] 🎲 Drawing Posterior Samples:  66%|██████▌   | 987/1500 [01:03<00:10, 48.23step/s]
[Origin 5/13] 🎲 Drawing Posterior Samples:  66%|██████▌   | 992/1500 [01:03<00:10, 46.70step/s]
[Origin 5/13] 🎲 Drawing Posterior Samples:  67%|██████▋   | 998/1500 [01:03<00:10, 47.91step/s]
[Origin 5/13] 🎲 Drawing Posterior Samples:  67%|██████▋   | 1003/1500 [01:03<00:10, 47.01step/s]
[Origin 5/13] 🎲 Drawing Posterior Samples:  67%|██████▋   | 1008/1500 [01:03<00:10, 47.17step/s]
[Origin 5/13] 🎲 Drawing Posterior Samples:  68%|██████▊   | 1013/1500 [01:03<00:10, 47.18step/s]
[Origin 5/13] 🎲 Drawing Posterior Samples:  68%|██████▊   | 1018/1500 [01:03<00:10, 46.27step/s]
[Origin 5/13] 🎲 Drawing Posterior Samples:  68%|██████▊   | 1024/1500 [01:03<00:09, 48.23step/s]
[Origin 5/13] 🎲 Drawing Posterior Samples:  69%|██████▊   | 1029/1500 [01:03<00:10, 46.57step/s]
[Origin 5/13] 🎲 Drawing Posterior Samples:  69%|██████▉   | 1035/1500 [01:04<00:09, 48.34step/s]
[Origin 5/13] 🎲 Drawing Posterior Samples:  69%|██████▉   | 1040/1500 [01:04<00:09, 46.88step/s]
[Origin 5/13] 🎲 Drawing Posterior Samples:  70%|██████▉   | 1046/1500 [01:04<00:09, 47.09step/s]
[Origin 5/13] 🎲 Drawing Posterior Samples:  70%|███████   | 1051/1500 [01:04<00:09, 47.56step/s]
[Origin 5/13] 🎲 Drawing Posterior Samples:  70%|███████   | 1056/1500 [01:04<00:09, 47.25step/s]
[Origin 5/13] 🎲 Drawing Posterior Samples:  71%|███████   | 1061/1500 [01:04<00:09, 46.98step/s]
[Origin 5/13] 🎲 Drawing Posterior Samples:  71%|███████   | 1066/1500 [01:04<00:09, 46.11step/s]
[Origin 5/13] 🎲 Drawing Posterior Samples:  71%|███████▏  | 1072/1500 [01:04<00:08, 48.05step/s]
[Origin 5/13] 🎲 Drawing Posterior Samples:  72%|███████▏  | 1077/1500 [01:04<00:09, 46.40step/s]
[Origin 5/13] 🎲 Drawing Posterior Samples:  72%|███████▏  | 1083/1500 [01:05<00:08, 48.32step/s]
[Origin 5/13] 🎲 Drawing Posterior Samples:  73%|███████▎  | 1088/1500 [01:05<00:08, 46.79step/s]
[Origin 5/13] 🎲 Drawing Posterior Samples:  73%|███████▎  | 1093/1500 [01:05<00:22, 18.15step/s]
[Origin 5/13] 🎲 Drawing Posterior Samples:  73%|███████▎  | 1097/1500 [01:06<00:28, 14.31step/s]
[Origin 5/13] 🎲 Drawing Posterior Samples:  73%|███████▎  | 1100/1500 [01:06<00:33, 11.78step/s]
[Origin 5/13] 🎲 Drawing Posterior Samples:  74%|███████▎  | 1103/1500 [01:07<00:43,  9.06step/s]
[Origin 5/13] 🎲 Drawing Posterior Samples:  74%|███████▎  | 1105/1500 [01:07<00:47,  8.27step/s]
[Origin 5/13] 🎲 Drawing Posterior Samples:  74%|███████▍  | 1107/1500 [01:08<00:57,  6.87step/s]
[Origin 5/13] 🎲 Drawing Posterior Samples:  74%|███████▍  | 1109/1500 [01:08<01:03,  6.16step/s]
[Origin 5/13] 🎲 Drawing Posterior Samples:  74%|███████▍  | 1110/1500 [01:08<01:01,  6.38step/s]
[Origin 5/13] 🎲 Drawing Posterior Samples:  74%|███████▍  | 1111/1500 [01:09<01:06,  5.82step/s]
[Origin 5/13] 🎲 Drawing Posterior Samples:  74%|███████▍  | 1112/1500 [01:09<01:03,  6.09step/s]
[Origin 5/13] 🎲 Drawing Posterior Samples:  74%|███████▍  | 1113/1500 [01:09<01:02,  6.21step/s]
[Origin 5/13] 🎲 Drawing Posterior Samples:  74%|███████▍  | 1114/1500 [01:09<01:01,  6.27step/s]
[Origin 5/13] 🎲 Drawing Posterior Samples:  74%|███████▍  | 1115/1500 [01:09<01:01,  6.28step/s]
[Origin 5/13] 🎲 Drawing Posterior Samples:  74%|███████▍  | 1116/1500 [01:09<01:03,  6.03step/s]
[Origin 5/13] 🎲 Drawing Posterior Samples:  74%|███████▍  | 1117/1500 [01:09<01:03,  6.05step/s]
[Origin 5/13] 🎲 Drawing Posterior Samples:  75%|███████▍  | 1118/1500 [01:10<01:04,  5.91step/s]
[Origin 5/13] 🎲 Drawing Posterior Samples:  75%|███████▍  | 1119/1500 [01:10<01:06,  5.74step/s]
[Origin 5/13] 🎲 Drawing Posterior Samples:  75%|███████▍  | 1120/1500 [01:10<01:08,  5.58step/s]
[Origin 5/13] 🎲 Drawing Posterior Samples:  75%|███████▍  | 1121/1500 [01:10<01:05,  5.83step/s]
[Origin 5/13] 🎲 Drawing Posterior Samples:  75%|███████▍  | 1122/1500 [01:10<01:03,  5.97step/s]
[Origin 5/13] 🎲 Drawing Posterior Samples:  75%|███████▍  | 1123/1500 [01:10<01:03,  5.95step/s]
[Origin 5/13] 🎲 Drawing Posterior Samples:  75%|███████▍  | 1124/1500 [01:11<01:04,  5.79step/s]
[Origin 5/13] 🎲 Drawing Posterior Samples:  75%|███████▌  | 1125/1500 [01:11<01:06,  5.62step/s]
[Origin 5/13] 🎲 Drawing Posterior Samples:  75%|███████▌  | 1126/1500 [01:27<30:07,  4.83s/step]
[Origin 5/13] 🎲 Drawing Posterior Samples:  75%|███████▌  | 1131/1500 [01:27<09:34,  1.56s/step]
[Origin 5/13] 🎲 Drawing Posterior Samples:  76%|███████▌  | 1141/1500 [01:27<03:12,  1.87step/s]
[Origin 5/13] 🎲 Drawing Posterior Samples:  77%|███████▋  | 1148/1500 [01:27<01:55,  3.04step/s]
[Origin 5/13] 🎲 Drawing Posterior Samples:  77%|███████▋  | 1155/1500 [01:27<01:14,  4.65step/s]
[Origin 5/13] 🎲 Drawing Posterior Samples:  77%|███████▋  | 1162/1500 [01:27<00:49,  6.80step/s]
[Origin 5/13] 🎲 Drawing Posterior Samples:  78%|███████▊  | 1169/1500 [01:27<00:34,  9.64step/s]
[Origin 5/13] 🎲 Drawing Posterior Samples:  78%|███████▊  | 1175/1500 [01:27<00:26, 12.36step/s]
[Origin 5/13] 🎲 Drawing Posterior Samples:  79%|███████▊  | 1181/1500 [01:28<00:20, 15.73step/s]
[Origin 5/13] 🎲 Drawing Posterior Samples:  79%|███████▉  | 1187/1500 [01:28<00:15, 19.62step/s]
[Origin 5/13] 🎲 Drawing Posterior Samples:  80%|███████▉  | 1193/1500 [01:28<00:13, 23.49step/s]
[Origin 5/13] 🎲 Drawing Posterior Samples:  80%|███████▉  | 1199/1500 [01:28<00:10, 28.11step/s]
[Origin 5/13] 🎲 Drawing Posterior Samples:  80%|████████  | 1205/1500 [01:28<00:09, 31.56step/s]
[Origin 5/13] 🎲 Drawing Posterior Samples:  81%|████████  | 1210/1500 [01:28<00:08, 33.99step/s]
[Origin 5/13] 🎲 Drawing Posterior Samples:  81%|████████  | 1216/1500 [01:28<00:07, 38.22step/s]
[Origin 5/13] 🎲 Drawing Posterior Samples:  81%|████████▏ | 1221/1500 [01:28<00:07, 39.52step/s]
[Origin 5/13] 🎲 Drawing Posterior Samples:  82%|████████▏ | 1227/1500 [01:28<00:06, 42.83step/s]
[Origin 5/13] 🎲 Drawing Posterior Samples:  82%|████████▏ | 1232/1500 [01:29<00:06, 42.98step/s]
[Origin 5/13] 🎲 Drawing Posterior Samples:  83%|████████▎ | 1238/1500 [01:29<00:05, 45.10step/s]
[Origin 5/13] 🎲 Drawing Posterior Samples:  83%|████████▎ | 1243/1500 [01:29<00:05, 45.11step/s]
[Origin 5/13] 🎲 Drawing Posterior Samples:  83%|████████▎ | 1248/1500 [01:29<00:05, 45.60step/s]
[Origin 5/13] 🎲 Drawing Posterior Samples:  84%|████████▎ | 1253/1500 [01:29<00:05, 46.44step/s]
[Origin 5/13] 🎲 Drawing Posterior Samples:  84%|████████▍ | 1258/1500 [01:29<00:05, 45.59step/s]
[Origin 5/13] 🎲 Drawing Posterior Samples:  84%|████████▍ | 1264/1500 [01:29<00:04, 47.72step/s]
[Origin 5/13] 🎲 Drawing Posterior Samples:  85%|████████▍ | 1269/1500 [01:29<00:04, 46.28step/s]
[Origin 5/13] 🎲 Drawing Posterior Samples:  85%|████████▌ | 1275/1500 [01:30<00:04, 48.18step/s]
[Origin 5/13] 🎲 Drawing Posterior Samples:  85%|████████▌ | 1280/1500 [01:30<00:04, 46.95step/s]
[Origin 5/13] 🎲 Drawing Posterior Samples:  86%|████████▌ | 1286/1500 [01:30<00:04, 47.27step/s]
[Origin 5/13] 🎲 Drawing Posterior Samples:  86%|████████▌ | 1291/1500 [01:30<00:04, 47.11step/s]
[Origin 5/13] 🎲 Drawing Posterior Samples:  86%|████████▋ | 1296/1500 [01:30<00:04, 45.95step/s]
[Origin 5/13] 🎲 Drawing Posterior Samples:  87%|████████▋ | 1302/1500 [01:30<00:04, 47.53step/s]
[Origin 5/13] 🎲 Drawing Posterior Samples:  87%|████████▋ | 1307/1500 [01:30<00:04, 46.12step/s]
[Origin 5/13] 🎲 Drawing Posterior Samples:  88%|████████▊ | 1313/1500 [01:30<00:03, 48.00step/s]
[Origin 5/13] 🎲 Drawing Posterior Samples:  88%|████████▊ | 1318/1500 [01:30<00:03, 46.76step/s]
[Origin 5/13] 🎲 Drawing Posterior Samples:  88%|████████▊ | 1324/1500 [01:31<00:03, 48.09step/s]
[Origin 5/13] 🎲 Drawing Posterior Samples:  89%|████████▊ | 1329/1500 [01:31<00:03, 47.26step/s]
[Origin 5/13] 🎲 Drawing Posterior Samples:  89%|████████▉ | 1334/1500 [01:31<00:03, 47.53step/s]
[Origin 5/13] 🎲 Drawing Posterior Samples:  89%|████████▉ | 1339/1500 [01:31<00:03, 47.39step/s]
[Origin 5/13] 🎲 Drawing Posterior Samples:  90%|████████▉ | 1344/1500 [01:31<00:03, 46.25step/s]
[Origin 5/13] 🎲 Drawing Posterior Samples:  90%|█████████ | 1350/1500 [01:31<00:03, 48.15step/s]
[Origin 5/13] 🎲 Drawing Posterior Samples:  90%|█████████ | 1355/1500 [01:31<00:03, 46.39step/s]
[Origin 5/13] 🎲 Drawing Posterior Samples:  91%|█████████ | 1361/1500 [01:31<00:02, 48.25step/s]
[Origin 5/13] 🎲 Drawing Posterior Samples:  91%|█████████ | 1366/1500 [01:31<00:02, 46.87step/s]
[Origin 5/13] 🎲 Drawing Posterior Samples:  91%|█████████▏| 1372/1500 [01:32<00:02, 47.05step/s]
[Origin 5/13] 🎲 Drawing Posterior Samples:  92%|█████████▏| 1377/1500 [01:32<00:02, 47.50step/s]
[Origin 5/13] 🎲 Drawing Posterior Samples:  92%|█████████▏| 1382/1500 [01:32<00:02, 46.50step/s]
[Origin 5/13] 🎲 Drawing Posterior Samples:  93%|█████████▎| 1388/1500 [01:32<00:02, 48.39step/s]
[Origin 5/13] 🎲 Drawing Posterior Samples:  93%|█████████▎| 1393/1500 [01:32<00:02, 46.76step/s]
[Origin 5/13] 🎲 Drawing Posterior Samples:  93%|█████████▎| 1399/1500 [01:32<00:02, 48.59step/s]
[Origin 5/13] 🎲 Drawing Posterior Samples:  94%|█████████▎| 1404/1500 [01:32<00:02, 46.91step/s]
[Origin 5/13] 🎲 Drawing Posterior Samples:  94%|█████████▍| 1410/1500 [01:32<00:01, 48.53step/s]
[Origin 5/13] 🎲 Drawing Posterior Samples:  94%|█████████▍| 1415/1500 [01:32<00:01, 46.64step/s]
[Origin 5/13] 🎲 Drawing Posterior Samples:  95%|█████████▍| 1420/1500 [01:33<00:01, 46.76step/s]
[Origin 5/13] 🎲 Drawing Posterior Samples:  95%|█████████▌| 1425/1500 [01:33<00:01, 47.30step/s]
[Origin 5/13] 🎲 Drawing Posterior Samples:  95%|█████████▌| 1430/1500 [01:33<00:01, 46.17step/s]
[Origin 5/13] 🎲 Drawing Posterior Samples:  96%|█████████▌| 1436/1500 [01:33<00:01, 48.15step/s]
[Origin 5/13] 🎲 Drawing Posterior Samples:  96%|█████████▌| 1441/1500 [01:33<00:01, 46.52step/s]
[Origin 5/13] 🎲 Drawing Posterior Samples:  96%|█████████▋| 1447/1500 [01:33<00:01, 48.25step/s]
[Origin 5/13] 🎲 Drawing Posterior Samples:  97%|█████████▋| 1452/1500 [01:33<00:01, 46.63step/s]
[Origin 5/13] 🎲 Drawing Posterior Samples:  97%|█████████▋| 1458/1500 [01:33<00:00, 46.55step/s]
[Origin 5/13] 🎲 Drawing Posterior Samples:  98%|█████████▊| 1464/1500 [01:34<00:00, 47.76step/s]
[Origin 5/13] 🎲 Drawing Posterior Samples:  98%|█████████▊| 1469/1500 [01:34<00:01, 16.67step/s]
[Origin 5/13] 🎲 Drawing Posterior Samples:  98%|█████████▊| 1473/1500 [01:35<00:02, 11.20step/s]
[Origin 5/13] 🎲 Drawing Posterior Samples:  98%|█████████▊| 1476/1500 [01:36<00:02,  8.84step/s]
[Origin 5/13] 🎲 Drawing Posterior Samples:  99%|█████████▊| 1478/1500 [01:36<00:02,  7.46step/s]
[Origin 5/13] 🎲 Drawing Posterior Samples:  99%|█████████▊| 1480/1500 [01:37<00:02,  6.74step/s]
[Origin 5/13] 🎲 Drawing Posterior Samples:  99%|█████████▉| 1482/1500 [01:37<00:02,  6.06step/s]
[Origin 5/13] 🎲 Drawing Posterior Samples:  99%|█████████▉| 1483/1500 [01:37<00:02,  5.79step/s]
[Origin 5/13] 🎲 Drawing Posterior Samples:  99%|█████████▉| 1484/1500 [01:37<00:02,  5.63step/s]
[Origin 5/13] 🎲 Drawing Posterior Samples:  99%|█████████▉| 1485/1500 [01:38<00:02,  5.35step/s]
[Origin 5/13] 🎲 Drawing Posterior Samples:  99%|█████████▉| 1486/1500 [01:38<00:02,  5.18step/s]
[Origin 5/13] 🎲 Drawing Posterior Samples:  99%|█████████▉| 1487/1500 [01:38<00:02,  5.00step/s]
[Origin 5/13] 🎲 Drawing Posterior Samples:  99%|█████████▉| 1488/1500 [01:38<00:02,  4.94step/s]
[Origin 5/13] 🎲 Drawing Posterior Samples:  99%|█████████▉| 1489/1500 [01:39<00:02,  4.90step/s]
[Origin 5/13] 🎲 Drawing Posterior Samples:  99%|█████████▉| 1490/1500 [01:39<00:01,  5.19step/s]
[Origin 5/13] 🎲 Drawing Posterior Samples:  99%|█████████▉| 1491/1500 [01:39<00:01,  5.46step/s]
[Origin 5/13] 🎲 Drawing Posterior Samples:  99%|█████████▉| 1492/1500 [01:39<00:01,  5.49step/s]
[Origin 5/13] 🎲 Drawing Posterior Samples: 100%|█████████▉| 1493/1500 [01:39<00:01,  5.04step/s]
[Origin 5/13] 🎲 Drawing Posterior Samples: 100%|█████████▉| 1494/1500 [01:40<00:01,  4.71step/s]
[Origin 5/13] 🎲 Drawing Posterior Samples: 100%|█████████▉| 1495/1500 [01:40<00:00,  5.03step/s]
[Origin 5/13] 🎲 Drawing Posterior Samples: 100%|█████████▉| 1496/1500 [01:40<00:00,  5.31step/s]
[Origin 5/13] 🎲 Drawing Posterior Samples: 100%|█████████▉| 1497/1500 [01:40<00:00,  5.47step/s]
[Origin 5/13] 🎲 Drawing Posterior Samples: 100%|█████████▉| 1498/1500 [01:40<00:00,  5.40step/s]
[Origin 5/13] 🎲 Drawing Posterior Samples: 100%|█████████▉| 1499/1500 [01:40<00:00,  5.36step/s]
[Origin 5/13] 🎲 Drawing Posterior Samples: 100%|██████████| 1500/1500 [01:41<00:00,  5.57step/s]
                                                                                                 

[Origin 6/13] 🎲 Drawing Posterior Samples:   0%|          | 0/1504 [00:00<?, ?step/s]
[Origin 6/13] 🎲 Drawing Posterior Samples:   0%|          | 6/1504 [00:00<00:28, 51.66step/s]
[Origin 6/13] 🎲 Drawing Posterior Samples:   1%|          | 12/1504 [00:00<00:28, 52.36step/s]
[Origin 6/13] 🎲 Drawing Posterior Samples:   1%|          | 18/1504 [00:00<00:30, 48.41step/s]
[Origin 6/13] 🎲 Drawing Posterior Samples:   2%|▏         | 23/1504 [00:00<00:31, 46.31step/s]
[Origin 6/13] 🎲 Drawing Posterior Samples:   2%|▏         | 29/1504 [00:00<00:30, 48.57step/s]
[Origin 6/13] 🎲 Drawing Posterior Samples:   2%|▏         | 34/1504 [00:00<00:31, 46.79step/s]
[Origin 6/13] 🎲 Drawing Posterior Samples:   3%|▎         | 40/1504 [00:00<00:30, 48.75step/s]
[Origin 6/13] 🎲 Drawing Posterior Samples:   3%|▎         | 45/1504 [00:00<00:30, 47.08step/s]
[Origin 6/13] 🎲 Drawing Posterior Samples:   3%|▎         | 51/1504 [00:01<00:29, 48.70step/s]
[Origin 6/13] 🎲 Drawing Posterior Samples:   4%|▎         | 56/1504 [00:01<00:30, 46.74step/s]
[Origin 6/13] 🎲 Drawing Posterior Samples:   4%|▍         | 61/1504 [00:01<00:30, 46.58step/s]
[Origin 6/13] 🎲 Drawing Posterior Samples:   4%|▍         | 66/1504 [00:01<00:30, 46.91step/s]
[Origin 6/13] 🎲 Drawing Posterior Samples:   5%|▍         | 71/1504 [00:01<00:31, 45.48step/s]
[Origin 6/13] 🎲 Drawing Posterior Samples:   5%|▌         | 77/1504 [00:01<00:29, 47.68step/s]
[Origin 6/13] 🎲 Drawing Posterior Samples:   5%|▌         | 82/1504 [00:01<00:30, 46.36step/s]
[Origin 6/13] 🎲 Drawing Posterior Samples:   6%|▌         | 88/1504 [00:01<00:29, 48.28step/s]
[Origin 6/13] 🎲 Drawing Posterior Samples:   6%|▌         | 93/1504 [00:01<00:30, 46.82step/s]
[Origin 6/13] 🎲 Drawing Posterior Samples:   7%|▋         | 99/1504 [00:02<00:30, 46.25step/s]
[Origin 6/13] 🎲 Drawing Posterior Samples:   7%|▋         | 105/1504 [00:02<00:29, 48.05step/s]
[Origin 6/13] 🎲 Drawing Posterior Samples:   7%|▋         | 110/1504 [00:02<00:29, 46.73step/s]
[Origin 6/13] 🎲 Drawing Posterior Samples:   8%|▊         | 116/1504 [00:02<00:28, 48.42step/s]
[Origin 6/13] 🎲 Drawing Posterior Samples:   8%|▊         | 121/1504 [00:02<00:29, 46.76step/s]
[Origin 6/13] 🎲 Drawing Posterior Samples:   8%|▊         | 127/1504 [00:02<00:28, 48.36step/s]
[Origin 6/13] 🎲 Drawing Posterior Samples:   9%|▉         | 132/1504 [00:02<00:29, 46.90step/s]
[Origin 6/13] 🎲 Drawing Posterior Samples:   9%|▉         | 137/1504 [00:02<00:29, 47.12step/s]
[Origin 6/13] 🎲 Drawing Posterior Samples:   9%|▉         | 142/1504 [00:02<00:28, 47.06step/s]
[Origin 6/13] 🎲 Drawing Posterior Samples:  10%|▉         | 147/1504 [00:03<00:28, 47.08step/s]
[Origin 6/13] 🎲 Drawing Posterior Samples:  10%|█         | 152/1504 [00:03<00:28, 47.52step/s]
[Origin 6/13] 🎲 Drawing Posterior Samples:  10%|█         | 157/1504 [00:03<00:29, 46.39step/s]
[Origin 6/13] 🎲 Drawing Posterior Samples:  11%|█         | 163/1504 [00:03<00:27, 48.21step/s]
[Origin 6/13] 🎲 Drawing Posterior Samples:  11%|█         | 168/1504 [00:03<00:28, 46.63step/s]
[Origin 6/13] 🎲 Drawing Posterior Samples:  12%|█▏        | 174/1504 [00:03<00:27, 48.37step/s]
[Origin 6/13] 🎲 Drawing Posterior Samples:  12%|█▏        | 179/1504 [00:03<00:28, 46.88step/s]
[Origin 6/13] 🎲 Drawing Posterior Samples:  12%|█▏        | 185/1504 [00:03<00:27, 47.33step/s]
[Origin 6/13] 🎲 Drawing Posterior Samples:  13%|█▎        | 190/1504 [00:04<00:27, 47.16step/s]
[Origin 6/13] 🎲 Drawing Posterior Samples:  13%|█▎        | 195/1504 [00:04<00:27, 47.02step/s]
[Origin 6/13] 🎲 Drawing Posterior Samples:  13%|█▎        | 200/1504 [00:04<00:27, 47.49step/s]
[Origin 6/13] 🎲 Drawing Posterior Samples:  14%|█▎        | 205/1504 [00:04<00:28, 45.99step/s]
[Origin 6/13] 🎲 Drawing Posterior Samples:  14%|█▍        | 211/1504 [00:04<00:26, 48.04step/s]
[Origin 6/13] 🎲 Drawing Posterior Samples:  14%|█▍        | 216/1504 [00:04<00:27, 46.78step/s]
[Origin 6/13] 🎲 Drawing Posterior Samples:  15%|█▍        | 222/1504 [00:04<00:26, 48.55step/s]
[Origin 6/13] 🎲 Drawing Posterior Samples:  15%|█▌        | 227/1504 [00:04<00:27, 46.93step/s]
[Origin 6/13] 🎲 Drawing Posterior Samples:  15%|█▌        | 233/1504 [00:04<00:27, 45.88step/s]
[Origin 6/13] 🎲 Drawing Posterior Samples:  16%|█▌        | 239/1504 [00:05<00:26, 47.78step/s]
[Origin 6/13] 🎲 Drawing Posterior Samples:  16%|█▌        | 244/1504 [00:05<00:27, 46.49step/s]
[Origin 6/13] 🎲 Drawing Posterior Samples:  17%|█▋        | 250/1504 [00:05<00:25, 48.26step/s]
[Origin 6/13] 🎲 Drawing Posterior Samples:  17%|█▋        | 255/1504 [00:05<00:26, 46.30step/s]
[Origin 6/13] 🎲 Drawing Posterior Samples:  17%|█▋        | 261/1504 [00:05<00:25, 47.83step/s]
[Origin 6/13] 🎲 Drawing Posterior Samples:  18%|█▊        | 266/1504 [00:05<00:26, 46.92step/s]
[Origin 6/13] 🎲 Drawing Posterior Samples:  18%|█▊        | 271/1504 [00:05<00:26, 47.09step/s]
[Origin 6/13] 🎲 Drawing Posterior Samples:  18%|█▊        | 276/1504 [00:05<00:26, 47.08step/s]
[Origin 6/13] 🎲 Drawing Posterior Samples:  19%|█▊        | 281/1504 [00:05<00:26, 46.08step/s]
[Origin 6/13] 🎲 Drawing Posterior Samples:  19%|█▉        | 287/1504 [00:06<00:25, 47.99step/s]
[Origin 6/13] 🎲 Drawing Posterior Samples:  19%|█▉        | 292/1504 [00:06<00:26, 46.39step/s]
[Origin 6/13] 🎲 Drawing Posterior Samples:  20%|█▉        | 298/1504 [00:06<00:24, 48.24step/s]
[Origin 6/13] 🎲 Drawing Posterior Samples:  20%|██        | 303/1504 [00:06<00:25, 46.90step/s]
[Origin 6/13] 🎲 Drawing Posterior Samples:  21%|██        | 309/1504 [00:06<00:25, 47.49step/s]
[Origin 6/13] 🎲 Drawing Posterior Samples:  21%|██        | 314/1504 [00:06<00:25, 47.31step/s]
[Origin 6/13] 🎲 Drawing Posterior Samples:  21%|██        | 319/1504 [00:06<00:25, 46.48step/s]
[Origin 6/13] 🎲 Drawing Posterior Samples:  22%|██▏       | 325/1504 [00:06<00:24, 48.37step/s]
[Origin 6/13] 🎲 Drawing Posterior Samples:  22%|██▏       | 330/1504 [00:06<00:25, 46.45step/s]
[Origin 6/13] 🎲 Drawing Posterior Samples:  22%|██▏       | 336/1504 [00:07<00:24, 48.38step/s]
[Origin 6/13] 🎲 Drawing Posterior Samples:  23%|██▎       | 341/1504 [00:07<00:34, 33.44step/s]
[Origin 6/13] 🎲 Drawing Posterior Samples:  23%|██▎       | 345/1504 [00:07<01:10, 16.46step/s]
[Origin 6/13] 🎲 Drawing Posterior Samples:  23%|██▎       | 348/1504 [00:08<01:33, 12.32step/s]
[Origin 6/13] 🎲 Drawing Posterior Samples:  23%|██▎       | 351/1504 [00:09<02:00,  9.56step/s]
[Origin 6/13] 🎲 Drawing Posterior Samples:  23%|██▎       | 353/1504 [00:09<02:18,  8.29step/s]
[Origin 6/13] 🎲 Drawing Posterior Samples:  24%|██▎       | 355/1504 [00:09<02:38,  7.24step/s]
[Origin 6/13] 🎲 Drawing Posterior Samples:  24%|██▎       | 357/1504 [00:10<02:57,  6.47step/s]
[Origin 6/13] 🎲 Drawing Posterior Samples:  24%|██▍       | 358/1504 [00:10<03:02,  6.26step/s]
[Origin 6/13] 🎲 Drawing Posterior Samples:  24%|██▍       | 359/1504 [00:10<03:13,  5.91step/s]
[Origin 6/13] 🎲 Drawing Posterior Samples:  24%|██▍       | 360/1504 [00:10<03:24,  5.61step/s]
[Origin 6/13] 🎲 Drawing Posterior Samples:  24%|██▍       | 361/1504 [00:11<03:17,  5.79step/s]
[Origin 6/13] 🎲 Drawing Posterior Samples:  24%|██▍       | 362/1504 [00:11<03:08,  6.06step/s]
[Origin 6/13] 🎲 Drawing Posterior Samples:  24%|██▍       | 363/1504 [00:11<03:09,  6.01step/s]
[Origin 6/13] 🎲 Drawing Posterior Samples:  24%|██▍       | 364/1504 [00:11<03:10,  5.99step/s]
[Origin 6/13] 🎲 Drawing Posterior Samples:  24%|██▍       | 365/1504 [00:11<03:08,  6.04step/s]
[Origin 6/13] 🎲 Drawing Posterior Samples:  24%|██▍       | 366/1504 [00:11<03:10,  5.99step/s]
[Origin 6/13] 🎲 Drawing Posterior Samples:  24%|██▍       | 367/1504 [00:12<03:10,  5.96step/s]
[Origin 6/13] 🎲 Drawing Posterior Samples:  24%|██▍       | 368/1504 [00:12<03:08,  6.01step/s]
[Origin 6/13] 🎲 Drawing Posterior Samples:  25%|██▍       | 369/1504 [00:12<03:20,  5.66step/s]
[Origin 6/13] 🎲 Drawing Posterior Samples:  25%|██▍       | 370/1504 [00:12<03:33,  5.30step/s]
[Origin 6/13] 🎲 Drawing Posterior Samples:  25%|██▍       | 371/1504 [00:12<03:28,  5.44step/s]
[Origin 6/13] 🎲 Drawing Posterior Samples:  25%|██▍       | 372/1504 [00:12<03:26,  5.49step/s]
[Origin 6/13] 🎲 Drawing Posterior Samples:  25%|██▍       | 373/1504 [00:13<03:15,  5.79step/s]
[Origin 6/13] 🎲 Drawing Posterior Samples:  25%|██▍       | 374/1504 [00:13<03:21,  5.61step/s]
[Origin 6/13] 🎲 Drawing Posterior Samples:  25%|██▍       | 375/1504 [00:13<03:14,  5.79step/s]
[Origin 6/13] 🎲 Drawing Posterior Samples:  25%|██▌       | 376/1504 [00:13<03:09,  5.96step/s]
[Origin 6/13] 🎲 Drawing Posterior Samples:  25%|██▌       | 377/1504 [00:30<1:38:43,  5.26s/step]
[Origin 6/13] 🎲 Drawing Posterior Samples:  25%|██▌       | 382/1504 [00:30<31:35,  1.69s/step]  
[Origin 6/13] 🎲 Drawing Posterior Samples:  26%|██▌       | 392/1504 [00:30<10:44,  1.72step/s]
[Origin 6/13] 🎲 Drawing Posterior Samples:  27%|██▋       | 399/1504 [00:31<06:32,  2.81step/s]
[Origin 6/13] 🎲 Drawing Posterior Samples:  27%|██▋       | 406/1504 [00:31<04:14,  4.31step/s]
[Origin 6/13] 🎲 Drawing Posterior Samples:  27%|██▋       | 413/1504 [00:31<02:52,  6.33step/s]
[Origin 6/13] 🎲 Drawing Posterior Samples:  28%|██▊       | 420/1504 [00:31<02:00,  9.00step/s]
[Origin 6/13] 🎲 Drawing Posterior Samples:  28%|██▊       | 427/1504 [00:31<01:29, 12.03step/s]
[Origin 6/13] 🎲 Drawing Posterior Samples:  29%|██▉       | 433/1504 [00:31<01:10, 15.11step/s]
[Origin 6/13] 🎲 Drawing Posterior Samples:  29%|██▉       | 439/1504 [00:31<00:56, 18.98step/s]
[Origin 6/13] 🎲 Drawing Posterior Samples:  30%|██▉       | 445/1504 [00:31<00:46, 22.76step/s]
[Origin 6/13] 🎲 Drawing Posterior Samples:  30%|██▉       | 451/1504 [00:32<00:39, 26.62step/s]
[Origin 6/13] 🎲 Drawing Posterior Samples:  30%|███       | 457/1504 [00:32<00:33, 31.20step/s]
[Origin 6/13] 🎲 Drawing Posterior Samples:  31%|███       | 462/1504 [00:32<00:30, 33.69step/s]
[Origin 6/13] 🎲 Drawing Posterior Samples:  31%|███       | 468/1504 [00:32<00:27, 37.90step/s]
[Origin 6/13] 🎲 Drawing Posterior Samples:  31%|███▏      | 473/1504 [00:32<00:26, 39.22step/s]
[Origin 6/13] 🎲 Drawing Posterior Samples:  32%|███▏      | 479/1504 [00:32<00:24, 42.16step/s]
[Origin 6/13] 🎲 Drawing Posterior Samples:  32%|███▏      | 484/1504 [00:32<00:23, 42.94step/s]
[Origin 6/13] 🎲 Drawing Posterior Samples:  33%|███▎      | 489/1504 [00:32<00:23, 43.91step/s]
[Origin 6/13] 🎲 Drawing Posterior Samples:  33%|███▎      | 494/1504 [00:32<00:22, 45.00step/s]
[Origin 6/13] 🎲 Drawing Posterior Samples:  33%|███▎      | 499/1504 [00:33<00:22, 44.61step/s]
[Origin 6/13] 🎲 Drawing Posterior Samples:  34%|███▎      | 505/1504 [00:33<00:21, 46.95step/s]
[Origin 6/13] 🎲 Drawing Posterior Samples:  34%|███▍      | 510/1504 [00:33<00:21, 46.07step/s]
[Origin 6/13] 🎲 Drawing Posterior Samples:  34%|███▍      | 516/1504 [00:33<00:20, 47.76step/s]
[Origin 6/13] 🎲 Drawing Posterior Samples:  35%|███▍      | 521/1504 [00:33<00:21, 46.76step/s]
[Origin 6/13] 🎲 Drawing Posterior Samples:  35%|███▌      | 527/1504 [00:33<00:20, 47.50step/s]
[Origin 6/13] 🎲 Drawing Posterior Samples:  35%|███▌      | 532/1504 [00:33<00:20, 47.40step/s]
[Origin 6/13] 🎲 Drawing Posterior Samples:  36%|███▌      | 537/1504 [00:33<00:20, 46.37step/s]
[Origin 6/13] 🎲 Drawing Posterior Samples:  36%|███▌      | 543/1504 [00:34<00:20, 47.87step/s]
[Origin 6/13] 🎲 Drawing Posterior Samples:  36%|███▋      | 548/1504 [00:34<00:20, 46.34step/s]
[Origin 6/13] 🎲 Drawing Posterior Samples:  37%|███▋      | 554/1504 [00:34<00:19, 48.13step/s]
[Origin 6/13] 🎲 Drawing Posterior Samples:  37%|███▋      | 559/1504 [00:34<00:20, 46.35step/s]
[Origin 6/13] 🎲 Drawing Posterior Samples:  38%|███▊      | 565/1504 [00:34<00:19, 47.75step/s]
[Origin 6/13] 🎲 Drawing Posterior Samples:  38%|███▊      | 570/1504 [00:34<00:19, 47.00step/s]
[Origin 6/13] 🎲 Drawing Posterior Samples:  38%|███▊      | 575/1504 [00:34<00:19, 46.69step/s]
[Origin 6/13] 🎲 Drawing Posterior Samples:  39%|███▊      | 580/1504 [00:34<00:19, 47.59step/s]
[Origin 6/13] 🎲 Drawing Posterior Samples:  39%|███▉      | 585/1504 [00:34<00:19, 46.34step/s]
[Origin 6/13] 🎲 Drawing Posterior Samples:  39%|███▉      | 591/1504 [00:35<00:18, 48.24step/s]
[Origin 6/13] 🎲 Drawing Posterior Samples:  40%|███▉      | 596/1504 [00:35<00:19, 46.38step/s]
[Origin 6/13] 🎲 Drawing Posterior Samples:  40%|████      | 602/1504 [00:35<00:18, 48.21step/s]
[Origin 6/13] 🎲 Drawing Posterior Samples:  40%|████      | 607/1504 [00:35<00:19, 46.79step/s]
[Origin 6/13] 🎲 Drawing Posterior Samples:  41%|████      | 613/1504 [00:35<00:19, 46.08step/s]
[Origin 6/13] 🎲 Drawing Posterior Samples:  41%|████      | 619/1504 [00:35<00:18, 47.74step/s]
[Origin 6/13] 🎲 Drawing Posterior Samples:  41%|████▏     | 624/1504 [00:35<00:18, 46.37step/s]
[Origin 6/13] 🎲 Drawing Posterior Samples:  42%|████▏     | 630/1504 [00:35<00:18, 48.15step/s]
[Origin 6/13] 🎲 Drawing Posterior Samples:  42%|████▏     | 635/1504 [00:35<00:18, 46.69step/s]
[Origin 6/13] 🎲 Drawing Posterior Samples:  43%|████▎     | 641/1504 [00:36<00:17, 48.43step/s]
[Origin 6/13] 🎲 Drawing Posterior Samples:  43%|████▎     | 646/1504 [00:36<00:18, 46.90step/s]
[Origin 6/13] 🎲 Drawing Posterior Samples:  43%|████▎     | 651/1504 [00:36<00:18, 46.95step/s]
[Origin 6/13] 🎲 Drawing Posterior Samples:  44%|████▎     | 656/1504 [00:36<00:18, 46.89step/s]
[Origin 6/13] 🎲 Drawing Posterior Samples:  44%|████▍     | 661/1504 [00:36<00:18, 45.69step/s]
[Origin 6/13] 🎲 Drawing Posterior Samples:  44%|████▍     | 667/1504 [00:36<00:17, 47.78step/s]
[Origin 6/13] 🎲 Drawing Posterior Samples:  45%|████▍     | 672/1504 [00:36<00:17, 46.39step/s]
[Origin 6/13] 🎲 Drawing Posterior Samples:  45%|████▌     | 678/1504 [00:36<00:17, 48.12step/s]
[Origin 6/13] 🎲 Drawing Posterior Samples:  45%|████▌     | 683/1504 [00:36<00:17, 46.71step/s]
[Origin 6/13] 🎲 Drawing Posterior Samples:  46%|████▌     | 689/1504 [00:37<00:17, 47.12step/s]
[Origin 6/13] 🎲 Drawing Posterior Samples:  46%|████▌     | 694/1504 [00:37<00:17, 47.15step/s]
[Origin 6/13] 🎲 Drawing Posterior Samples:  46%|████▋     | 699/1504 [00:37<00:17, 46.07step/s]
[Origin 6/13] 🎲 Drawing Posterior Samples:  47%|████▋     | 705/1504 [00:37<00:16, 47.84step/s]
[Origin 6/13] 🎲 Drawing Posterior Samples:  47%|████▋     | 710/1504 [00:37<00:17, 46.31step/s]
[Origin 6/13] 🎲 Drawing Posterior Samples:  48%|████▊     | 716/1504 [00:37<00:16, 48.11step/s]
[Origin 6/13] 🎲 Drawing Posterior Samples:  48%|████▊     | 721/1504 [00:38<00:47, 16.41step/s]
[Origin 6/13] 🎲 Drawing Posterior Samples:  48%|████▊     | 725/1504 [00:39<01:02, 12.49step/s]
[Origin 6/13] 🎲 Drawing Posterior Samples:  48%|████▊     | 728/1504 [00:39<01:15, 10.27step/s]
[Origin 6/13] 🎲 Drawing Posterior Samples:  49%|████▊     | 731/1504 [00:40<01:28,  8.77step/s]
[Origin 6/13] 🎲 Drawing Posterior Samples:  49%|████▊     | 733/1504 [00:40<01:33,  8.27step/s]
[Origin 6/13] 🎲 Drawing Posterior Samples:  49%|████▉     | 735/1504 [00:40<01:41,  7.60step/s]
[Origin 6/13] 🎲 Drawing Posterior Samples:  49%|████▉     | 737/1504 [00:41<01:49,  7.01step/s]
[Origin 6/13] 🎲 Drawing Posterior Samples:  49%|████▉     | 738/1504 [00:41<02:09,  5.90step/s]
[Origin 6/13] 🎲 Drawing Posterior Samples:  49%|████▉     | 739/1504 [00:41<02:09,  5.90step/s]
[Origin 6/13] 🎲 Drawing Posterior Samples:  49%|████▉     | 740/1504 [00:41<02:08,  5.95step/s]
[Origin 6/13] 🎲 Drawing Posterior Samples:  49%|████▉     | 741/1504 [00:41<02:08,  5.95step/s]
[Origin 6/13] 🎲 Drawing Posterior Samples:  49%|████▉     | 742/1504 [00:42<02:05,  6.09step/s]
[Origin 6/13] 🎲 Drawing Posterior Samples:  49%|████▉     | 743/1504 [00:42<02:03,  6.17step/s]
[Origin 6/13] 🎲 Drawing Posterior Samples:  49%|████▉     | 744/1504 [00:42<02:07,  5.97step/s]
[Origin 6/13] 🎲 Drawing Posterior Samples:  50%|████▉     | 745/1504 [00:42<02:06,  6.02step/s]
[Origin 6/13] 🎲 Drawing Posterior Samples:  50%|████▉     | 746/1504 [00:42<02:14,  5.63step/s]
[Origin 6/13] 🎲 Drawing Posterior Samples:  50%|████▉     | 747/1504 [00:42<02:14,  5.62step/s]
[Origin 6/13] 🎲 Drawing Posterior Samples:  50%|████▉     | 748/1504 [00:43<02:18,  5.47step/s]
[Origin 6/13] 🎲 Drawing Posterior Samples:  50%|████▉     | 749/1504 [00:43<02:15,  5.58step/s]
[Origin 6/13] 🎲 Drawing Posterior Samples:  50%|████▉     | 750/1504 [00:43<02:22,  5.28step/s]
[Origin 6/13] 🎲 Drawing Posterior Samples:  50%|████▉     | 751/1504 [00:43<02:19,  5.39step/s]
[Origin 6/13] 🎲 Drawing Posterior Samples:  50%|█████     | 752/1504 [00:43<02:18,  5.45step/s]
[Origin 6/13] 🎲 Drawing Posterior Samples:  50%|█████     | 753/1504 [01:08<1:33:58,  7.51s/step]
[Origin 6/13] 🎲 Drawing Posterior Samples:  50%|█████     | 758/1504 [01:08<29:59,  2.41s/step]  
[Origin 6/13] 🎲 Drawing Posterior Samples:  51%|█████     | 764/1504 [01:08<13:51,  1.12s/step]
[Origin 6/13] 🎲 Drawing Posterior Samples:  51%|█████     | 769/1504 [01:08<08:29,  1.44step/s]
[Origin 6/13] 🎲 Drawing Posterior Samples:  52%|█████▏    | 775/1504 [01:09<05:08,  2.36step/s]
[Origin 6/13] 🎲 Drawing Posterior Samples:  52%|█████▏    | 780/1504 [01:09<03:32,  3.40step/s]
[Origin 6/13] 🎲 Drawing Posterior Samples:  52%|█████▏    | 786/1504 [01:09<02:21,  5.08step/s]
[Origin 6/13] 🎲 Drawing Posterior Samples:  53%|█████▎    | 792/1504 [01:09<01:37,  7.30step/s]
[Origin 6/13] 🎲 Drawing Posterior Samples:  53%|█████▎    | 797/1504 [01:09<01:13,  9.59step/s]
[Origin 6/13] 🎲 Drawing Posterior Samples:  53%|█████▎    | 803/1504 [01:09<00:53, 13.13step/s]
[Origin 6/13] 🎲 Drawing Posterior Samples:  54%|█████▎    | 808/1504 [01:09<00:42, 16.31step/s]
[Origin 6/13] 🎲 Drawing Posterior Samples:  54%|█████▍    | 814/1504 [01:09<00:32, 20.91step/s]
[Origin 6/13] 🎲 Drawing Posterior Samples:  54%|█████▍    | 819/1504 [01:10<00:27, 24.58step/s]
[Origin 6/13] 🎲 Drawing Posterior Samples:  55%|█████▍    | 824/1504 [01:10<00:23, 28.43step/s]
[Origin 6/13] 🎲 Drawing Posterior Samples:  55%|█████▌    | 829/1504 [01:10<00:20, 32.24step/s]
[Origin 6/13] 🎲 Drawing Posterior Samples:  55%|█████▌    | 834/1504 [01:10<00:19, 35.02step/s]
[Origin 6/13] 🎲 Drawing Posterior Samples:  56%|█████▌    | 840/1504 [01:10<00:16, 39.47step/s]
[Origin 6/13] 🎲 Drawing Posterior Samples:  56%|█████▌    | 845/1504 [01:10<00:16, 40.41step/s]
[Origin 6/13] 🎲 Drawing Posterior Samples:  57%|█████▋    | 851/1504 [01:10<00:14, 43.84step/s]
[Origin 6/13] 🎲 Drawing Posterior Samples:  57%|█████▋    | 856/1504 [01:10<00:14, 43.81step/s]
[Origin 6/13] 🎲 Drawing Posterior Samples:  57%|█████▋    | 862/1504 [01:10<00:14, 45.00step/s]
[Origin 6/13] 🎲 Drawing Posterior Samples:  58%|█████▊    | 867/1504 [01:11<00:13, 45.57step/s]
[Origin 6/13] 🎲 Drawing Posterior Samples:  58%|█████▊    | 872/1504 [01:11<00:14, 45.07step/s]
[Origin 6/13] 🎲 Drawing Posterior Samples:  58%|█████▊    | 878/1504 [01:11<00:13, 47.30step/s]
[Origin 6/13] 🎲 Drawing Posterior Samples:  59%|█████▊    | 883/1504 [01:11<00:13, 45.77step/s]
[Origin 6/13] 🎲 Drawing Posterior Samples:  59%|█████▉    | 889/1504 [01:11<00:12, 47.83step/s]
[Origin 6/13] 🎲 Drawing Posterior Samples:  59%|█████▉    | 894/1504 [01:11<00:13, 46.51step/s]
[Origin 6/13] 🎲 Drawing Posterior Samples:  60%|█████▉    | 900/1504 [01:11<00:12, 48.37step/s]
[Origin 6/13] 🎲 Drawing Posterior Samples:  60%|██████    | 905/1504 [01:11<00:12, 46.79step/s]
[Origin 6/13] 🎲 Drawing Posterior Samples:  61%|██████    | 910/1504 [01:11<00:12, 46.92step/s]
[Origin 6/13] 🎲 Drawing Posterior Samples:  61%|██████    | 915/1504 [01:12<00:12, 47.49step/s]
[Origin 6/13] 🎲 Drawing Posterior Samples:  61%|██████    | 920/1504 [01:12<00:12, 46.40step/s]
[Origin 6/13] 🎲 Drawing Posterior Samples:  62%|██████▏   | 926/1504 [01:12<00:12, 48.01step/s]
[Origin 6/13] 🎲 Drawing Posterior Samples:  62%|██████▏   | 931/1504 [01:12<00:12, 46.29step/s]
[Origin 6/13] 🎲 Drawing Posterior Samples:  62%|██████▏   | 937/1504 [01:12<00:11, 48.16step/s]
[Origin 6/13] 🎲 Drawing Posterior Samples:  63%|██████▎   | 942/1504 [01:12<00:11, 46.86step/s]
[Origin 6/13] 🎲 Drawing Posterior Samples:  63%|██████▎   | 948/1504 [01:12<00:11, 47.06step/s]
[Origin 6/13] 🎲 Drawing Posterior Samples:  63%|██████▎   | 953/1504 [01:12<00:11, 47.63step/s]
[Origin 6/13] 🎲 Drawing Posterior Samples:  64%|██████▎   | 958/1504 [01:12<00:11, 46.20step/s]
[Origin 6/13] 🎲 Drawing Posterior Samples:  64%|██████▍   | 964/1504 [01:13<00:11, 48.21step/s]
[Origin 6/13] 🎲 Drawing Posterior Samples:  64%|██████▍   | 969/1504 [01:13<00:11, 46.48step/s]
[Origin 6/13] 🎲 Drawing Posterior Samples:  65%|██████▍   | 975/1504 [01:13<00:10, 48.39step/s]
[Origin 6/13] 🎲 Drawing Posterior Samples:  65%|██████▌   | 980/1504 [01:13<00:11, 46.51step/s]
[Origin 6/13] 🎲 Drawing Posterior Samples:  66%|██████▌   | 986/1504 [01:13<00:10, 47.14step/s]
[Origin 6/13] 🎲 Drawing Posterior Samples:  66%|██████▌   | 991/1504 [01:13<00:10, 47.21step/s]
[Origin 6/13] 🎲 Drawing Posterior Samples:  66%|██████▌   | 996/1504 [01:13<00:10, 47.16step/s]
[Origin 6/13] 🎲 Drawing Posterior Samples:  67%|██████▋   | 1001/1504 [01:13<00:10, 47.51step/s]
[Origin 6/13] 🎲 Drawing Posterior Samples:  67%|██████▋   | 1006/1504 [01:13<00:10, 46.49step/s]
[Origin 6/13] 🎲 Drawing Posterior Samples:  67%|██████▋   | 1012/1504 [01:14<00:10, 48.30step/s]
[Origin 6/13] 🎲 Drawing Posterior Samples:  68%|██████▊   | 1017/1504 [01:14<00:10, 46.85step/s]
[Origin 6/13] 🎲 Drawing Posterior Samples:  68%|██████▊   | 1023/1504 [01:14<00:09, 48.64step/s]
[Origin 6/13] 🎲 Drawing Posterior Samples:  68%|██████▊   | 1028/1504 [01:14<00:10, 47.19step/s]
[Origin 6/13] 🎲 Drawing Posterior Samples:  69%|██████▉   | 1034/1504 [01:14<00:09, 48.86step/s]
[Origin 6/13] 🎲 Drawing Posterior Samples:  69%|██████▉   | 1039/1504 [01:14<00:09, 47.17step/s]
[Origin 6/13] 🎲 Drawing Posterior Samples:  69%|██████▉   | 1044/1504 [01:14<00:09, 47.36step/s]
[Origin 6/13] 🎲 Drawing Posterior Samples:  70%|██████▉   | 1049/1504 [01:14<00:09, 47.04step/s]
[Origin 6/13] 🎲 Drawing Posterior Samples:  70%|███████   | 1054/1504 [01:14<00:09, 45.76step/s]
[Origin 6/13] 🎲 Drawing Posterior Samples:  70%|███████   | 1060/1504 [01:15<00:09, 47.71step/s]
[Origin 6/13] 🎲 Drawing Posterior Samples:  71%|███████   | 1065/1504 [01:15<00:09, 46.03step/s]
[Origin 6/13] 🎲 Drawing Posterior Samples:  71%|███████   | 1071/1504 [01:15<00:09, 48.00step/s]
[Origin 6/13] 🎲 Drawing Posterior Samples:  72%|███████▏  | 1076/1504 [01:15<00:09, 46.13step/s]
[Origin 6/13] 🎲 Drawing Posterior Samples:  72%|███████▏  | 1082/1504 [01:15<00:08, 47.71step/s]
[Origin 6/13] 🎲 Drawing Posterior Samples:  72%|███████▏  | 1087/1504 [01:15<00:08, 46.95step/s]
[Origin 6/13] 🎲 Drawing Posterior Samples:  73%|███████▎  | 1092/1504 [01:15<00:08, 46.95step/s]
[Origin 6/13] 🎲 Drawing Posterior Samples:  73%|███████▎  | 1097/1504 [01:16<00:25, 16.26step/s]
[Origin 6/13] 🎲 Drawing Posterior Samples:  73%|███████▎  | 1101/1504 [01:17<00:36, 10.95step/s]
[Origin 6/13] 🎲 Drawing Posterior Samples:  73%|███████▎  | 1104/1504 [01:17<00:44,  9.05step/s]
[Origin 6/13] 🎲 Drawing Posterior Samples:  74%|███████▎  | 1106/1504 [01:18<00:46,  8.57step/s]
[Origin 6/13] 🎲 Drawing Posterior Samples:  74%|███████▎  | 1108/1504 [01:18<00:49,  7.93step/s]
[Origin 6/13] 🎲 Drawing Posterior Samples:  74%|███████▍  | 1110/1504 [01:18<00:52,  7.48step/s]
[Origin 6/13] 🎲 Drawing Posterior Samples:  74%|███████▍  | 1112/1504 [01:19<00:56,  6.97step/s]
[Origin 6/13] 🎲 Drawing Posterior Samples:  74%|███████▍  | 1113/1504 [01:19<00:56,  6.88step/s]
[Origin 6/13] 🎲 Drawing Posterior Samples:  74%|███████▍  | 1114/1504 [01:19<00:58,  6.66step/s]
[Origin 6/13] 🎲 Drawing Posterior Samples:  74%|███████▍  | 1115/1504 [01:19<00:59,  6.57step/s]
[Origin 6/13] 🎲 Drawing Posterior Samples:  74%|███████▍  | 1116/1504 [01:19<01:03,  6.11step/s]
[Origin 6/13] 🎲 Drawing Posterior Samples:  74%|███████▍  | 1117/1504 [01:20<01:04,  5.97step/s]
[Origin 6/13] 🎲 Drawing Posterior Samples:  74%|███████▍  | 1118/1504 [01:20<01:08,  5.66step/s]
[Origin 6/13] 🎲 Drawing Posterior Samples:  74%|███████▍  | 1119/1504 [01:20<01:05,  5.84step/s]
[Origin 6/13] 🎲 Drawing Posterior Samples:  74%|███████▍  | 1120/1504 [01:20<01:04,  5.96step/s]
[Origin 6/13] 🎲 Drawing Posterior Samples:  75%|███████▍  | 1121/1504 [01:20<01:05,  5.89step/s]
[Origin 6/13] 🎲 Drawing Posterior Samples:  75%|███████▍  | 1122/1504 [01:20<01:02,  6.06step/s]
[Origin 6/13] 🎲 Drawing Posterior Samples:  75%|███████▍  | 1123/1504 [01:21<01:03,  6.01step/s]
[Origin 6/13] 🎲 Drawing Posterior Samples:  75%|███████▍  | 1124/1504 [01:21<01:00,  6.24step/s]
[Origin 6/13] 🎲 Drawing Posterior Samples:  75%|███████▍  | 1125/1504 [01:21<01:03,  5.96step/s]
[Origin 6/13] 🎲 Drawing Posterior Samples:  75%|███████▍  | 1126/1504 [01:21<01:04,  5.86step/s]
[Origin 6/13] 🎲 Drawing Posterior Samples:  75%|███████▍  | 1127/1504 [01:21<01:09,  5.40step/s]
[Origin 6/13] 🎲 Drawing Posterior Samples:  75%|███████▌  | 1128/1504 [01:21<01:07,  5.60step/s]
[Origin 6/13] 🎲 Drawing Posterior Samples:  75%|███████▌  | 1129/1504 [01:37<29:29,  4.72s/step]
[Origin 6/13] 🎲 Drawing Posterior Samples:  75%|███████▌  | 1135/1504 [01:37<08:13,  1.34s/step]
[Origin 6/13] 🎲 Drawing Posterior Samples:  76%|███████▌  | 1145/1504 [01:37<02:59,  2.00step/s]
[Origin 6/13] 🎲 Drawing Posterior Samples:  77%|███████▋  | 1152/1504 [01:37<01:49,  3.20step/s]
[Origin 6/13] 🎲 Drawing Posterior Samples:  77%|███████▋  | 1159/1504 [01:37<01:11,  4.84step/s]
[Origin 6/13] 🎲 Drawing Posterior Samples:  78%|███████▊  | 1166/1504 [01:37<00:47,  7.04step/s]
[Origin 6/13] 🎲 Drawing Posterior Samples:  78%|███████▊  | 1173/1504 [01:37<00:33,  9.92step/s]
[Origin 6/13] 🎲 Drawing Posterior Samples:  78%|███████▊  | 1180/1504 [01:38<00:24, 13.14step/s]
[Origin 6/13] 🎲 Drawing Posterior Samples:  79%|███████▉  | 1186/1504 [01:38<00:19, 16.61step/s]
[Origin 6/13] 🎲 Drawing Posterior Samples:  79%|███████▉  | 1192/1504 [01:38<00:15, 20.22step/s]
[Origin 6/13] 🎲 Drawing Posterior Samples:  80%|███████▉  | 1198/1504 [01:38<00:12, 23.98step/s]
[Origin 6/13] 🎲 Drawing Posterior Samples:  80%|████████  | 1204/1504 [01:38<00:10, 28.54step/s]
[Origin 6/13] 🎲 Drawing Posterior Samples:  80%|████████  | 1210/1504 [01:38<00:09, 31.94step/s]
[Origin 6/13] 🎲 Drawing Posterior Samples:  81%|████████  | 1216/1504 [01:38<00:07, 36.16step/s]
[Origin 6/13] 🎲 Drawing Posterior Samples:  81%|████████  | 1221/1504 [01:38<00:07, 37.96step/s]
[Origin 6/13] 🎲 Drawing Posterior Samples:  82%|████████▏ | 1226/1504 [01:39<00:06, 40.22step/s]
[Origin 6/13] 🎲 Drawing Posterior Samples:  82%|████████▏ | 1231/1504 [01:39<00:06, 41.95step/s]
[Origin 6/13] 🎲 Drawing Posterior Samples:  82%|████████▏ | 1236/1504 [01:39<00:06, 43.42step/s]
[Origin 6/13] 🎲 Drawing Posterior Samples:  83%|████████▎ | 1241/1504 [01:39<00:05, 43.95step/s]
[Origin 6/13] 🎲 Drawing Posterior Samples:  83%|████████▎ | 1246/1504 [01:39<00:05, 43.70step/s]
[Origin 6/13] 🎲 Drawing Posterior Samples:  83%|████████▎ | 1252/1504 [01:39<00:05, 46.26step/s]
[Origin 6/13] 🎲 Drawing Posterior Samples:  84%|████████▎ | 1257/1504 [01:39<00:05, 45.19step/s]
[Origin 6/13] 🎲 Drawing Posterior Samples:  84%|████████▍ | 1263/1504 [01:39<00:05, 47.39step/s]
[Origin 6/13] 🎲 Drawing Posterior Samples:  84%|████████▍ | 1268/1504 [01:39<00:05, 46.55step/s]
[Origin 6/13] 🎲 Drawing Posterior Samples:  85%|████████▍ | 1274/1504 [01:40<00:04, 47.06step/s]
[Origin 6/13] 🎲 Drawing Posterior Samples:  85%|████████▌ | 1279/1504 [01:40<00:04, 47.21step/s]
[Origin 6/13] 🎲 Drawing Posterior Samples:  85%|████████▌ | 1284/1504 [01:40<00:04, 46.99step/s]
[Origin 6/13] 🎲 Drawing Posterior Samples:  86%|████████▌ | 1289/1504 [01:40<00:04, 47.80step/s]
[Origin 6/13] 🎲 Drawing Posterior Samples:  86%|████████▌ | 1294/1504 [01:40<00:04, 47.29step/s]
[Origin 6/13] 🎲 Drawing Posterior Samples:  86%|████████▋ | 1299/1504 [01:40<00:04, 47.62step/s]
[Origin 6/13] 🎲 Drawing Posterior Samples:  87%|████████▋ | 1304/1504 [01:40<00:04, 46.14step/s]
[Origin 6/13] 🎲 Drawing Posterior Samples:  87%|████████▋ | 1310/1504 [01:40<00:04, 48.09step/s]
[Origin 6/13] 🎲 Drawing Posterior Samples:  87%|████████▋ | 1315/1504 [01:40<00:04, 46.73step/s]
[Origin 6/13] 🎲 Drawing Posterior Samples:  88%|████████▊ | 1321/1504 [01:41<00:03, 48.53step/s]
[Origin 6/13] 🎲 Drawing Posterior Samples:  88%|████████▊ | 1326/1504 [01:41<00:03, 47.18step/s]
[Origin 6/13] 🎲 Drawing Posterior Samples:  89%|████████▊ | 1332/1504 [01:41<00:03, 47.53step/s]
[Origin 6/13] 🎲 Drawing Posterior Samples:  89%|████████▉ | 1337/1504 [01:41<00:03, 47.35step/s]
[Origin 6/13] 🎲 Drawing Posterior Samples:  89%|████████▉ | 1342/1504 [01:41<00:03, 46.33step/s]
[Origin 6/13] 🎲 Drawing Posterior Samples:  90%|████████▉ | 1348/1504 [01:41<00:03, 48.17step/s]
[Origin 6/13] 🎲 Drawing Posterior Samples:  90%|████████▉ | 1353/1504 [01:41<00:03, 46.67step/s]
[Origin 6/13] 🎲 Drawing Posterior Samples:  90%|█████████ | 1359/1504 [01:41<00:02, 48.38step/s]
[Origin 6/13] 🎲 Drawing Posterior Samples:  91%|█████████ | 1364/1504 [01:42<00:02, 46.67step/s]
[Origin 6/13] 🎲 Drawing Posterior Samples:  91%|█████████ | 1370/1504 [01:42<00:02, 48.06step/s]
[Origin 6/13] 🎲 Drawing Posterior Samples:  91%|█████████▏| 1375/1504 [01:42<00:02, 47.15step/s]
[Origin 6/13] 🎲 Drawing Posterior Samples:  92%|█████████▏| 1380/1504 [01:42<00:02, 47.01step/s]
[Origin 6/13] 🎲 Drawing Posterior Samples:  92%|█████████▏| 1385/1504 [01:42<00:02, 47.29step/s]
[Origin 6/13] 🎲 Drawing Posterior Samples:  92%|█████████▏| 1390/1504 [01:42<00:02, 46.23step/s]
[Origin 6/13] 🎲 Drawing Posterior Samples:  93%|█████████▎| 1396/1504 [01:42<00:02, 48.19step/s]
[Origin 6/13] 🎲 Drawing Posterior Samples:  93%|█████████▎| 1401/1504 [01:42<00:02, 46.44step/s]
[Origin 6/13] 🎲 Drawing Posterior Samples:  94%|█████████▎| 1407/1504 [01:42<00:02, 48.32step/s]
[Origin 6/13] 🎲 Drawing Posterior Samples:  94%|█████████▍| 1412/1504 [01:43<00:01, 46.88step/s]
[Origin 6/13] 🎲 Drawing Posterior Samples:  94%|█████████▍| 1418/1504 [01:43<00:01, 48.05step/s]
[Origin 6/13] 🎲 Drawing Posterior Samples:  95%|█████████▍| 1423/1504 [01:43<00:01, 46.90step/s]
[Origin 6/13] 🎲 Drawing Posterior Samples:  95%|█████████▍| 1428/1504 [01:43<00:01, 46.75step/s]
[Origin 6/13] 🎲 Drawing Posterior Samples:  95%|█████████▌| 1433/1504 [01:43<00:01, 47.16step/s]
[Origin 6/13] 🎲 Drawing Posterior Samples:  96%|█████████▌| 1438/1504 [01:43<00:01, 46.07step/s]
[Origin 6/13] 🎲 Drawing Posterior Samples:  96%|█████████▌| 1444/1504 [01:43<00:01, 48.06step/s]
[Origin 6/13] 🎲 Drawing Posterior Samples:  96%|█████████▋| 1449/1504 [01:43<00:01, 46.55step/s]
[Origin 6/13] 🎲 Drawing Posterior Samples:  97%|█████████▋| 1455/1504 [01:43<00:01, 48.43step/s]
[Origin 6/13] 🎲 Drawing Posterior Samples:  97%|█████████▋| 1460/1504 [01:44<00:00, 47.02step/s]
[Origin 6/13] 🎲 Drawing Posterior Samples:  97%|█████████▋| 1466/1504 [01:44<00:00, 47.52step/s]
[Origin 6/13] 🎲 Drawing Posterior Samples:  98%|█████████▊| 1471/1504 [01:44<00:01, 21.30step/s]
[Origin 6/13] 🎲 Drawing Posterior Samples:  98%|█████████▊| 1475/1504 [01:45<00:02, 13.18step/s]
[Origin 6/13] 🎲 Drawing Posterior Samples:  98%|█████████▊| 1478/1504 [01:45<00:02, 10.10step/s]
[Origin 6/13] 🎲 Drawing Posterior Samples:  98%|█████████▊| 1481/1504 [01:46<00:02,  7.91step/s]
[Origin 6/13] 🎲 Drawing Posterior Samples:  99%|█████████▊| 1483/1504 [01:47<00:02,  7.03step/s]
[Origin 6/13] 🎲 Drawing Posterior Samples:  99%|█████████▊| 1485/1504 [01:47<00:02,  6.41step/s]
[Origin 6/13] 🎲 Drawing Posterior Samples:  99%|█████████▉| 1487/1504 [01:47<00:02,  5.93step/s]
[Origin 6/13] 🎲 Drawing Posterior Samples:  99%|█████████▉| 1488/1504 [01:48<00:02,  5.75step/s]
[Origin 6/13] 🎲 Drawing Posterior Samples:  99%|█████████▉| 1489/1504 [01:48<00:02,  5.45step/s]
[Origin 6/13] 🎲 Drawing Posterior Samples:  99%|█████████▉| 1490/1504 [01:48<00:02,  5.20step/s]
[Origin 6/13] 🎲 Drawing Posterior Samples:  99%|█████████▉| 1491/1504 [01:48<00:02,  4.92step/s]
[Origin 6/13] 🎲 Drawing Posterior Samples:  99%|█████████▉| 1492/1504 [01:49<00:02,  4.80step/s]
[Origin 6/13] 🎲 Drawing Posterior Samples:  99%|█████████▉| 1493/1504 [01:49<00:02,  4.93step/s]
[Origin 6/13] 🎲 Drawing Posterior Samples:  99%|█████████▉| 1494/1504 [01:49<00:02,  4.68step/s]
[Origin 6/13] 🎲 Drawing Posterior Samples:  99%|█████████▉| 1495/1504 [01:49<00:01,  4.59step/s]
[Origin 6/13] 🎲 Drawing Posterior Samples:  99%|█████████▉| 1496/1504 [01:49<00:01,  4.64step/s]
[Origin 6/13] 🎲 Drawing Posterior Samples: 100%|█████████▉| 1497/1504 [01:50<00:01,  4.74step/s]
[Origin 6/13] 🎲 Drawing Posterior Samples: 100%|█████████▉| 1498/1504 [01:50<00:01,  4.67step/s]
[Origin 6/13] 🎲 Drawing Posterior Samples: 100%|█████████▉| 1499/1504 [01:50<00:01,  4.69step/s]
[Origin 6/13] 🎲 Drawing Posterior Samples: 100%|█████████▉| 1500/1504 [01:50<00:00,  4.72step/s]
[Origin 6/13] 🎲 Drawing Posterior Samples: 100%|█████████▉| 1501/1504 [01:50<00:00,  4.68step/s]
[Origin 6/13] 🎲 Drawing Posterior Samples: 100%|█████████▉| 1502/1504 [01:51<00:00,  4.71step/s]
[Origin 6/13] 🎲 Drawing Posterior Samples: 100%|█████████▉| 1503/1504 [01:51<00:00,  4.59step/s]
[Origin 6/13] 🎲 Drawing Posterior Samples: 100%|██████████| 1504/1504 [01:51<00:00,  5.04step/s]
                                                                                                 

[Origin 7/13] 🎲 Drawing Posterior Samples:   0%|          | 0/1508 [00:00<?, ?step/s]
[Origin 7/13] 🎲 Drawing Posterior Samples:   0%|          | 6/1508 [00:00<00:26, 55.81step/s]
[Origin 7/13] 🎲 Drawing Posterior Samples:   1%|          | 15/1508 [00:00<00:20, 73.86step/s]
[Origin 7/13] 🎲 Drawing Posterior Samples:   2%|▏         | 23/1508 [00:00<00:20, 71.29step/s]
[Origin 7/13] 🎲 Drawing Posterior Samples:   2%|▏         | 31/1508 [00:00<00:21, 68.24step/s]
[Origin 7/13] 🎲 Drawing Posterior Samples:   3%|▎         | 38/1508 [00:00<00:21, 68.13step/s]
[Origin 7/13] 🎲 Drawing Posterior Samples:   3%|▎         | 45/1508 [00:00<00:21, 66.61step/s]
[Origin 7/13] 🎲 Drawing Posterior Samples:   3%|▎         | 52/1508 [00:00<00:24, 58.86step/s]
[Origin 7/13] 🎲 Drawing Posterior Samples:   4%|▍         | 59/1508 [00:00<00:26, 55.00step/s]
[Origin 7/13] 🎲 Drawing Posterior Samples:   4%|▍         | 65/1508 [00:01<00:27, 51.56step/s]
[Origin 7/13] 🎲 Drawing Posterior Samples:   5%|▍         | 71/1508 [00:01<00:27, 51.90step/s]
[Origin 7/13] 🎲 Drawing Posterior Samples:   5%|▌         | 77/1508 [00:01<00:28, 49.77step/s]
[Origin 7/13] 🎲 Drawing Posterior Samples:   6%|▌         | 83/1508 [00:01<00:29, 48.24step/s]
[Origin 7/13] 🎲 Drawing Posterior Samples:   6%|▌         | 89/1508 [00:01<00:28, 49.55step/s]
[Origin 7/13] 🎲 Drawing Posterior Samples:   6%|▋         | 95/1508 [00:01<00:29, 48.12step/s]
[Origin 7/13] 🎲 Drawing Posterior Samples:   7%|▋         | 100/1508 [00:01<00:29, 48.09step/s]
[Origin 7/13] 🎲 Drawing Posterior Samples:   7%|▋         | 105/1508 [00:01<00:29, 47.70step/s]
[Origin 7/13] 🎲 Drawing Posterior Samples:   7%|▋         | 110/1508 [00:02<00:29, 47.12step/s]
[Origin 7/13] 🎲 Drawing Posterior Samples:   8%|▊         | 115/1508 [00:02<00:29, 47.87step/s]
[Origin 7/13] 🎲 Drawing Posterior Samples:   8%|▊         | 120/1508 [00:02<00:30, 46.20step/s]
[Origin 7/13] 🎲 Drawing Posterior Samples:   8%|▊         | 126/1508 [00:02<00:28, 48.12step/s]
[Origin 7/13] 🎲 Drawing Posterior Samples:   9%|▊         | 131/1508 [00:02<00:29, 46.44step/s]
[Origin 7/13] 🎲 Drawing Posterior Samples:   9%|▉         | 137/1508 [00:02<00:28, 48.34step/s]
[Origin 7/13] 🎲 Drawing Posterior Samples:   9%|▉         | 142/1508 [00:02<00:29, 46.90step/s]
[Origin 7/13] 🎲 Drawing Posterior Samples:  10%|▉         | 148/1508 [00:02<00:28, 47.49step/s]
[Origin 7/13] 🎲 Drawing Posterior Samples:  10%|█         | 153/1508 [00:02<00:28, 47.55step/s]
[Origin 7/13] 🎲 Drawing Posterior Samples:  10%|█         | 158/1508 [00:03<00:28, 47.01step/s]
[Origin 7/13] 🎲 Drawing Posterior Samples:  11%|█         | 164/1508 [00:03<00:27, 48.15step/s]
[Origin 7/13] 🎲 Drawing Posterior Samples:  11%|█         | 169/1508 [00:03<00:28, 46.59step/s]
[Origin 7/13] 🎲 Drawing Posterior Samples:  12%|█▏        | 175/1508 [00:03<00:27, 48.33step/s]
[Origin 7/13] 🎲 Drawing Posterior Samples:  12%|█▏        | 180/1508 [00:03<00:28, 46.77step/s]
[Origin 7/13] 🎲 Drawing Posterior Samples:  12%|█▏        | 186/1508 [00:03<00:27, 47.35step/s]
[Origin 7/13] 🎲 Drawing Posterior Samples:  13%|█▎        | 191/1508 [00:03<00:27, 47.33step/s]
[Origin 7/13] 🎲 Drawing Posterior Samples:  13%|█▎        | 197/1508 [00:03<00:28, 46.28step/s]
[Origin 7/13] 🎲 Drawing Posterior Samples:  13%|█▎        | 203/1508 [00:04<00:27, 48.14step/s]
[Origin 7/13] 🎲 Drawing Posterior Samples:  14%|█▍        | 208/1508 [00:04<00:27, 46.83step/s]
[Origin 7/13] 🎲 Drawing Posterior Samples:  14%|█▍        | 214/1508 [00:04<00:26, 48.59step/s]
[Origin 7/13] 🎲 Drawing Posterior Samples:  15%|█▍        | 219/1508 [00:04<00:27, 47.17step/s]
[Origin 7/13] 🎲 Drawing Posterior Samples:  15%|█▍        | 225/1508 [00:04<00:27, 47.24step/s]
[Origin 7/13] 🎲 Drawing Posterior Samples:  15%|█▌        | 230/1508 [00:04<00:26, 47.55step/s]
[Origin 7/13] 🎲 Drawing Posterior Samples:  16%|█▌        | 235/1508 [00:04<00:27, 46.42step/s]
[Origin 7/13] 🎲 Drawing Posterior Samples:  16%|█▌        | 241/1508 [00:04<00:26, 48.15step/s]
[Origin 7/13] 🎲 Drawing Posterior Samples:  16%|█▋        | 246/1508 [00:04<00:27, 46.46step/s]
[Origin 7/13] 🎲 Drawing Posterior Samples:  17%|█▋        | 252/1508 [00:05<00:26, 48.28step/s]
[Origin 7/13] 🎲 Drawing Posterior Samples:  17%|█▋        | 257/1508 [00:05<00:26, 46.71step/s]
[Origin 7/13] 🎲 Drawing Posterior Samples:  17%|█▋        | 263/1508 [00:05<00:25, 48.45step/s]
[Origin 7/13] 🎲 Drawing Posterior Samples:  18%|█▊        | 268/1508 [00:05<00:26, 46.96step/s]
[Origin 7/13] 🎲 Drawing Posterior Samples:  18%|█▊        | 273/1508 [00:05<00:26, 46.69step/s]
[Origin 7/13] 🎲 Drawing Posterior Samples:  18%|█▊        | 278/1508 [00:05<00:26, 47.13step/s]
[Origin 7/13] 🎲 Drawing Posterior Samples:  19%|█▉        | 283/1508 [00:05<00:26, 46.29step/s]
[Origin 7/13] 🎲 Drawing Posterior Samples:  19%|█▉        | 289/1508 [00:05<00:25, 48.19step/s]
[Origin 7/13] 🎲 Drawing Posterior Samples:  19%|█▉        | 294/1508 [00:05<00:26, 46.01step/s]
[Origin 7/13] 🎲 Drawing Posterior Samples:  20%|█▉        | 300/1508 [00:06<00:25, 47.88step/s]
[Origin 7/13] 🎲 Drawing Posterior Samples:  20%|██        | 305/1508 [00:06<00:26, 46.25step/s]
[Origin 7/13] 🎲 Drawing Posterior Samples:  21%|██        | 311/1508 [00:06<00:25, 46.75step/s]
[Origin 7/13] 🎲 Drawing Posterior Samples:  21%|██        | 316/1508 [00:06<00:25, 46.83step/s]
[Origin 7/13] 🎲 Drawing Posterior Samples:  21%|██▏       | 321/1508 [00:06<00:26, 45.55step/s]
[Origin 7/13] 🎲 Drawing Posterior Samples:  22%|██▏       | 327/1508 [00:06<00:24, 47.63step/s]
[Origin 7/13] 🎲 Drawing Posterior Samples:  22%|██▏       | 332/1508 [00:06<00:25, 46.33step/s]
[Origin 7/13] 🎲 Drawing Posterior Samples:  22%|██▏       | 338/1508 [00:06<00:24, 48.28step/s]
[Origin 7/13] 🎲 Drawing Posterior Samples:  23%|██▎       | 343/1508 [00:07<00:43, 26.88step/s]
[Origin 7/13] 🎲 Drawing Posterior Samples:  23%|██▎       | 347/1508 [00:07<01:14, 15.64step/s]
[Origin 7/13] 🎲 Drawing Posterior Samples:  23%|██▎       | 350/1508 [00:08<01:41, 11.42step/s]
[Origin 7/13] 🎲 Drawing Posterior Samples:  23%|██▎       | 353/1508 [00:09<02:12,  8.70step/s]
[Origin 7/13] 🎲 Drawing Posterior Samples:  24%|██▎       | 355/1508 [00:09<02:30,  7.65step/s]
[Origin 7/13] 🎲 Drawing Posterior Samples:  24%|██▎       | 357/1508 [00:09<02:49,  6.81step/s]
[Origin 7/13] 🎲 Drawing Posterior Samples:  24%|██▍       | 359/1508 [00:10<03:05,  6.19step/s]
[Origin 7/13] 🎲 Drawing Posterior Samples:  24%|██▍       | 360/1508 [00:10<03:16,  5.84step/s]
[Origin 7/13] 🎲 Drawing Posterior Samples:  24%|██▍       | 361/1508 [00:10<03:30,  5.45step/s]
[Origin 7/13] 🎲 Drawing Posterior Samples:  24%|██▍       | 362/1508 [00:10<03:25,  5.58step/s]
[Origin 7/13] 🎲 Drawing Posterior Samples:  24%|██▍       | 363/1508 [00:11<03:18,  5.77step/s]
[Origin 7/13] 🎲 Drawing Posterior Samples:  24%|██▍       | 364/1508 [00:11<03:12,  5.95step/s]
[Origin 7/13] 🎲 Drawing Posterior Samples:  24%|██▍       | 365/1508 [00:11<03:12,  5.94step/s]
[Origin 7/13] 🎲 Drawing Posterior Samples:  24%|██▍       | 366/1508 [00:11<04:01,  4.74step/s]
[Origin 7/13] 🎲 Drawing Posterior Samples:  24%|██▍       | 367/1508 [00:11<04:06,  4.63step/s]
[Origin 7/13] 🎲 Drawing Posterior Samples:  24%|██▍       | 368/1508 [00:12<03:49,  4.96step/s]
[Origin 7/13] 🎲 Drawing Posterior Samples:  24%|██▍       | 369/1508 [00:12<03:32,  5.36step/s]
[Origin 7/13] 🎲 Drawing Posterior Samples:  25%|██▍       | 370/1508 [00:12<03:24,  5.56step/s]
[Origin 7/13] 🎲 Drawing Posterior Samples:  25%|██▍       | 371/1508 [00:12<03:25,  5.52step/s]
[Origin 7/13] 🎲 Drawing Posterior Samples:  25%|██▍       | 372/1508 [00:12<03:26,  5.50step/s]
[Origin 7/13] 🎲 Drawing Posterior Samples:  25%|██▍       | 373/1508 [00:12<03:19,  5.68step/s]
[Origin 7/13] 🎲 Drawing Posterior Samples:  25%|██▍       | 374/1508 [00:13<03:16,  5.78step/s]
[Origin 7/13] 🎲 Drawing Posterior Samples:  25%|██▍       | 375/1508 [00:13<03:18,  5.70step/s]
[Origin 7/13] 🎲 Drawing Posterior Samples:  25%|██▍       | 376/1508 [00:13<03:12,  5.88step/s]
[Origin 7/13] 🎲 Drawing Posterior Samples:  25%|██▌       | 377/1508 [00:13<03:24,  5.54step/s]
[Origin 7/13] 🎲 Drawing Posterior Samples:  25%|██▌       | 378/1508 [00:39<2:27:38,  7.84s/step]
[Origin 7/13] 🎲 Drawing Posterior Samples:  25%|██▌       | 383/1508 [00:39<47:05,  2.51s/step]  
[Origin 7/13] 🎲 Drawing Posterior Samples:  26%|██▌       | 388/1508 [00:39<23:56,  1.28s/step]
[Origin 7/13] 🎲 Drawing Posterior Samples:  26%|██▌       | 393/1508 [00:39<14:09,  1.31step/s]
[Origin 7/13] 🎲 Drawing Posterior Samples:  26%|██▋       | 399/1508 [00:39<08:23,  2.20step/s]
[Origin 7/13] 🎲 Drawing Posterior Samples:  27%|██▋       | 404/1508 [00:39<05:43,  3.21step/s]
[Origin 7/13] 🎲 Drawing Posterior Samples:  27%|██▋       | 410/1508 [00:40<03:45,  4.86step/s]
[Origin 7/13] 🎲 Drawing Posterior Samples:  28%|██▊       | 415/1508 [00:40<02:44,  6.64step/s]
[Origin 7/13] 🎲 Drawing Posterior Samples:  28%|██▊       | 421/1508 [00:40<01:54,  9.46step/s]
[Origin 7/13] 🎲 Drawing Posterior Samples:  28%|██▊       | 426/1508 [00:40<01:28, 12.20step/s]
[Origin 7/13] 🎲 Drawing Posterior Samples:  29%|██▊       | 432/1508 [00:40<01:06, 16.08step/s]
[Origin 7/13] 🎲 Drawing Posterior Samples:  29%|██▉       | 438/1508 [00:40<00:51, 20.68step/s]
[Origin 7/13] 🎲 Drawing Posterior Samples:  29%|██▉       | 443/1508 [00:40<00:44, 24.17step/s]
[Origin 7/13] 🎲 Drawing Posterior Samples:  30%|██▉       | 449/1508 [00:40<00:36, 29.22step/s]
[Origin 7/13] 🎲 Drawing Posterior Samples:  30%|███       | 454/1508 [00:41<00:32, 32.07step/s]
[Origin 7/13] 🎲 Drawing Posterior Samples:  31%|███       | 460/1508 [00:41<00:29, 36.00step/s]
[Origin 7/13] 🎲 Drawing Posterior Samples:  31%|███       | 465/1508 [00:41<00:26, 38.69step/s]
[Origin 7/13] 🎲 Drawing Posterior Samples:  31%|███       | 470/1508 [00:41<00:25, 40.63step/s]
[Origin 7/13] 🎲 Drawing Posterior Samples:  31%|███▏      | 475/1508 [00:41<00:24, 42.52step/s]
[Origin 7/13] 🎲 Drawing Posterior Samples:  32%|███▏      | 480/1508 [00:41<00:23, 42.86step/s]
[Origin 7/13] 🎲 Drawing Posterior Samples:  32%|███▏      | 486/1508 [00:41<00:22, 45.68step/s]
[Origin 7/13] 🎲 Drawing Posterior Samples:  33%|███▎      | 491/1508 [00:41<00:22, 44.82step/s]
[Origin 7/13] 🎲 Drawing Posterior Samples:  33%|███▎      | 497/1508 [00:41<00:21, 46.88step/s]
[Origin 7/13] 🎲 Drawing Posterior Samples:  33%|███▎      | 502/1508 [00:42<00:21, 45.84step/s]
[Origin 7/13] 🎲 Drawing Posterior Samples:  34%|███▎      | 508/1508 [00:42<00:21, 45.77step/s]
[Origin 7/13] 🎲 Drawing Posterior Samples:  34%|███▍      | 514/1508 [00:42<00:20, 47.48step/s]
[Origin 7/13] 🎲 Drawing Posterior Samples:  34%|███▍      | 519/1508 [00:42<00:21, 46.43step/s]
[Origin 7/13] 🎲 Drawing Posterior Samples:  35%|███▍      | 525/1508 [00:42<00:20, 48.30step/s]
[Origin 7/13] 🎲 Drawing Posterior Samples:  35%|███▌      | 530/1508 [00:42<00:20, 46.87step/s]
[Origin 7/13] 🎲 Drawing Posterior Samples:  36%|███▌      | 536/1508 [00:42<00:20, 48.20step/s]
[Origin 7/13] 🎲 Drawing Posterior Samples:  36%|███▌      | 541/1508 [00:42<00:20, 47.27step/s]
[Origin 7/13] 🎲 Drawing Posterior Samples:  36%|███▌      | 546/1508 [00:42<00:20, 47.06step/s]
[Origin 7/13] 🎲 Drawing Posterior Samples:  37%|███▋      | 551/1508 [00:43<00:20, 47.29step/s]
[Origin 7/13] 🎲 Drawing Posterior Samples:  37%|███▋      | 556/1508 [00:43<00:20, 47.32step/s]
[Origin 7/13] 🎲 Drawing Posterior Samples:  37%|███▋      | 561/1508 [00:43<00:20, 47.31step/s]
[Origin 7/13] 🎲 Drawing Posterior Samples:  38%|███▊      | 566/1508 [00:43<00:20, 46.17step/s]
[Origin 7/13] 🎲 Drawing Posterior Samples:  38%|███▊      | 572/1508 [00:43<00:19, 48.21step/s]
[Origin 7/13] 🎲 Drawing Posterior Samples:  38%|███▊      | 577/1508 [00:43<00:19, 46.84step/s]
[Origin 7/13] 🎲 Drawing Posterior Samples:  39%|███▊      | 583/1508 [00:43<00:19, 48.65step/s]
[Origin 7/13] 🎲 Drawing Posterior Samples:  39%|███▉      | 588/1508 [00:43<00:19, 46.83step/s]
[Origin 7/13] 🎲 Drawing Posterior Samples:  39%|███▉      | 594/1508 [00:43<00:19, 47.16step/s]
[Origin 7/13] 🎲 Drawing Posterior Samples:  40%|███▉      | 599/1508 [00:44<00:19, 46.98step/s]
[Origin 7/13] 🎲 Drawing Posterior Samples:  40%|████      | 604/1508 [00:44<00:19, 45.96step/s]
[Origin 7/13] 🎲 Drawing Posterior Samples:  40%|████      | 610/1508 [00:44<00:18, 47.88step/s]
[Origin 7/13] 🎲 Drawing Posterior Samples:  41%|████      | 615/1508 [00:44<00:19, 46.41step/s]
[Origin 7/13] 🎲 Drawing Posterior Samples:  41%|████      | 621/1508 [00:44<00:18, 48.27step/s]
[Origin 7/13] 🎲 Drawing Posterior Samples:  42%|████▏     | 626/1508 [00:44<00:18, 46.90step/s]
[Origin 7/13] 🎲 Drawing Posterior Samples:  42%|████▏     | 632/1508 [00:44<00:18, 48.62step/s]
[Origin 7/13] 🎲 Drawing Posterior Samples:  42%|████▏     | 637/1508 [00:44<00:18, 47.25step/s]
[Origin 7/13] 🎲 Drawing Posterior Samples:  43%|████▎     | 642/1508 [00:44<00:18, 47.46step/s]
[Origin 7/13] 🎲 Drawing Posterior Samples:  43%|████▎     | 647/1508 [00:45<00:18, 47.37step/s]
[Origin 7/13] 🎲 Drawing Posterior Samples:  43%|████▎     | 652/1508 [00:45<00:18, 46.22step/s]
[Origin 7/13] 🎲 Drawing Posterior Samples:  44%|████▎     | 658/1508 [00:45<00:17, 48.15step/s]
[Origin 7/13] 🎲 Drawing Posterior Samples:  44%|████▍     | 663/1508 [00:45<00:18, 46.55step/s]
[Origin 7/13] 🎲 Drawing Posterior Samples:  44%|████▍     | 669/1508 [00:45<00:17, 48.31step/s]
[Origin 7/13] 🎲 Drawing Posterior Samples:  45%|████▍     | 674/1508 [00:45<00:17, 46.99step/s]
[Origin 7/13] 🎲 Drawing Posterior Samples:  45%|████▌     | 680/1508 [00:45<00:17, 47.06step/s]
[Origin 7/13] 🎲 Drawing Posterior Samples:  45%|████▌     | 685/1508 [00:45<00:17, 47.28step/s]
[Origin 7/13] 🎲 Drawing Posterior Samples:  46%|████▌     | 690/1508 [00:46<00:17, 46.32step/s]
[Origin 7/13] 🎲 Drawing Posterior Samples:  46%|████▌     | 696/1508 [00:46<00:16, 48.22step/s]
[Origin 7/13] 🎲 Drawing Posterior Samples:  46%|████▋     | 701/1508 [00:46<00:17, 46.43step/s]
[Origin 7/13] 🎲 Drawing Posterior Samples:  47%|████▋     | 707/1508 [00:46<00:16, 48.31step/s]
[Origin 7/13] 🎲 Drawing Posterior Samples:  47%|████▋     | 712/1508 [00:46<00:16, 46.96step/s]
[Origin 7/13] 🎲 Drawing Posterior Samples:  48%|████▊     | 718/1508 [00:46<00:16, 48.05step/s]
[Origin 7/13] 🎲 Drawing Posterior Samples:  48%|████▊     | 723/1508 [00:47<00:47, 16.54step/s]
[Origin 7/13] 🎲 Drawing Posterior Samples:  48%|████▊     | 727/1508 [00:48<01:11, 10.97step/s]
[Origin 7/13] 🎲 Drawing Posterior Samples:  48%|████▊     | 730/1508 [00:48<01:29,  8.69step/s]
[Origin 7/13] 🎲 Drawing Posterior Samples:  49%|████▊     | 732/1508 [00:49<01:43,  7.47step/s]
[Origin 7/13] 🎲 Drawing Posterior Samples:  49%|████▊     | 734/1508 [00:49<01:53,  6.81step/s]
[Origin 7/13] 🎲 Drawing Posterior Samples:  49%|████▉     | 736/1508 [00:50<01:59,  6.48step/s]
[Origin 7/13] 🎲 Drawing Posterior Samples:  49%|████▉     | 738/1508 [00:50<02:00,  6.42step/s]
[Origin 7/13] 🎲 Drawing Posterior Samples:  49%|████▉     | 739/1508 [00:50<01:58,  6.47step/s]
[Origin 7/13] 🎲 Drawing Posterior Samples:  49%|████▉     | 740/1508 [00:50<02:05,  6.12step/s]
[Origin 7/13] 🎲 Drawing Posterior Samples:  49%|████▉     | 741/1508 [00:50<02:04,  6.18step/s]
[Origin 7/13] 🎲 Drawing Posterior Samples:  49%|████▉     | 742/1508 [00:51<02:09,  5.89step/s]
[Origin 7/13] 🎲 Drawing Posterior Samples:  49%|████▉     | 743/1508 [00:51<02:16,  5.61step/s]
[Origin 7/13] 🎲 Drawing Posterior Samples:  49%|████▉     | 744/1508 [00:51<02:20,  5.43step/s]
[Origin 7/13] 🎲 Drawing Posterior Samples:  49%|████▉     | 745/1508 [00:51<02:32,  5.02step/s]
[Origin 7/13] 🎲 Drawing Posterior Samples:  49%|████▉     | 746/1508 [00:51<02:24,  5.27step/s]
[Origin 7/13] 🎲 Drawing Posterior Samples:  50%|████▉     | 747/1508 [00:52<02:21,  5.38step/s]
[Origin 7/13] 🎲 Drawing Posterior Samples:  50%|████▉     | 748/1508 [00:52<02:39,  4.76step/s]
[Origin 7/13] 🎲 Drawing Posterior Samples:  50%|████▉     | 749/1508 [00:52<02:41,  4.69step/s]
[Origin 7/13] 🎲 Drawing Posterior Samples:  50%|████▉     | 750/1508 [00:52<03:27,  3.66step/s]
[Origin 7/13] 🎲 Drawing Posterior Samples:  50%|████▉     | 751/1508 [00:53<03:31,  3.57step/s]
[Origin 7/13] 🎲 Drawing Posterior Samples:  50%|████▉     | 752/1508 [00:53<02:53,  4.36step/s]
[Origin 7/13] 🎲 Drawing Posterior Samples:  50%|████▉     | 753/1508 [00:53<02:34,  4.89step/s]
[Origin 7/13] 🎲 Drawing Posterior Samples:  50%|█████     | 754/1508 [00:53<02:28,  5.07step/s]
[Origin 7/13] 🎲 Drawing Posterior Samples:  50%|█████     | 755/1508 [01:08<57:53,  4.61s/step]
[Origin 7/13] 🎲 Drawing Posterior Samples:  50%|█████     | 760/1508 [01:08<18:31,  1.49s/step]
[Origin 7/13] 🎲 Drawing Posterior Samples:  51%|█████     | 766/1508 [01:08<08:36,  1.44step/s]
[Origin 7/13] 🎲 Drawing Posterior Samples:  51%|█████     | 771/1508 [01:08<05:19,  2.31step/s]
[Origin 7/13] 🎲 Drawing Posterior Samples:  52%|█████▏    | 777/1508 [01:09<03:15,  3.73step/s]
[Origin 7/13] 🎲 Drawing Posterior Samples:  52%|█████▏    | 783/1508 [01:09<02:08,  5.64step/s]
[Origin 7/13] 🎲 Drawing Posterior Samples:  52%|█████▏    | 788/1508 [01:09<01:34,  7.65step/s]
[Origin 7/13] 🎲 Drawing Posterior Samples:  53%|█████▎    | 794/1508 [01:09<01:06, 10.80step/s]
[Origin 7/13] 🎲 Drawing Posterior Samples:  53%|█████▎    | 799/1508 [01:09<00:51, 13.80step/s]
[Origin 7/13] 🎲 Drawing Posterior Samples:  53%|█████▎    | 805/1508 [01:09<00:38, 18.05step/s]
[Origin 7/13] 🎲 Drawing Posterior Samples:  54%|█████▎    | 810/1508 [01:09<00:31, 21.85step/s]
[Origin 7/13] 🎲 Drawing Posterior Samples:  54%|█████▍    | 815/1508 [01:09<00:26, 25.76step/s]
[Origin 7/13] 🎲 Drawing Posterior Samples:  54%|█████▍    | 820/1508 [01:10<00:23, 29.67step/s]
[Origin 7/13] 🎲 Drawing Posterior Samples:  55%|█████▍    | 825/1508 [01:10<00:20, 32.57step/s]
[Origin 7/13] 🎲 Drawing Posterior Samples:  55%|█████▌    | 831/1508 [01:10<00:18, 37.33step/s]
[Origin 7/13] 🎲 Drawing Posterior Samples:  55%|█████▌    | 836/1508 [01:10<00:17, 38.85step/s]
[Origin 7/13] 🎲 Drawing Posterior Samples:  56%|█████▌    | 842/1508 [01:10<00:15, 42.53step/s]
[Origin 7/13] 🎲 Drawing Posterior Samples:  56%|█████▌    | 847/1508 [01:10<00:15, 42.99step/s]
[Origin 7/13] 🎲 Drawing Posterior Samples:  57%|█████▋    | 853/1508 [01:10<00:14, 44.53step/s]
[Origin 7/13] 🎲 Drawing Posterior Samples:  57%|█████▋    | 858/1508 [01:10<00:14, 45.27step/s]
[Origin 7/13] 🎲 Drawing Posterior Samples:  57%|█████▋    | 863/1508 [01:10<00:14, 44.76step/s]
[Origin 7/13] 🎲 Drawing Posterior Samples:  58%|█████▊    | 869/1508 [01:11<00:13, 46.96step/s]
[Origin 7/13] 🎲 Drawing Posterior Samples:  58%|█████▊    | 874/1508 [01:11<00:13, 45.60step/s]
[Origin 7/13] 🎲 Drawing Posterior Samples:  58%|█████▊    | 880/1508 [01:11<00:13, 47.59step/s]
[Origin 7/13] 🎲 Drawing Posterior Samples:  59%|█████▊    | 885/1508 [01:11<00:13, 46.07step/s]
[Origin 7/13] 🎲 Drawing Posterior Samples:  59%|█████▉    | 891/1508 [01:11<00:13, 47.08step/s]
[Origin 7/13] 🎲 Drawing Posterior Samples:  59%|█████▉    | 896/1508 [01:11<00:12, 47.09step/s]
[Origin 7/13] 🎲 Drawing Posterior Samples:  60%|█████▉    | 901/1508 [01:11<00:12, 46.76step/s]
[Origin 7/13] 🎲 Drawing Posterior Samples:  60%|██████    | 906/1508 [01:11<00:12, 47.63step/s]
[Origin 7/13] 🎲 Drawing Posterior Samples:  60%|██████    | 911/1508 [01:11<00:13, 45.90step/s]
[Origin 7/13] 🎲 Drawing Posterior Samples:  61%|██████    | 917/1508 [01:12<00:12, 47.98step/s]
[Origin 7/13] 🎲 Drawing Posterior Samples:  61%|██████    | 922/1508 [01:12<00:12, 46.40step/s]
[Origin 7/13] 🎲 Drawing Posterior Samples:  62%|██████▏   | 928/1508 [01:12<00:12, 48.17step/s]
[Origin 7/13] 🎲 Drawing Posterior Samples:  62%|██████▏   | 933/1508 [01:12<00:12, 46.62step/s]
[Origin 7/13] 🎲 Drawing Posterior Samples:  62%|██████▏   | 939/1508 [01:12<00:12, 45.94step/s]
[Origin 7/13] 🎲 Drawing Posterior Samples:  63%|██████▎   | 945/1508 [01:12<00:11, 47.89step/s]
[Origin 7/13] 🎲 Drawing Posterior Samples:  63%|██████▎   | 950/1508 [01:12<00:11, 46.60step/s]
[Origin 7/13] 🎲 Drawing Posterior Samples:  63%|██████▎   | 956/1508 [01:12<00:11, 48.42step/s]
[Origin 7/13] 🎲 Drawing Posterior Samples:  64%|██████▎   | 961/1508 [01:13<00:11, 46.93step/s]
[Origin 7/13] 🎲 Drawing Posterior Samples:  64%|██████▍   | 967/1508 [01:13<00:11, 48.60step/s]
[Origin 7/13] 🎲 Drawing Posterior Samples:  64%|██████▍   | 972/1508 [01:13<00:11, 47.03step/s]
[Origin 7/13] 🎲 Drawing Posterior Samples:  65%|██████▍   | 977/1508 [01:13<00:11, 47.18step/s]
[Origin 7/13] 🎲 Drawing Posterior Samples:  65%|██████▌   | 982/1508 [01:13<00:11, 47.16step/s]
[Origin 7/13] 🎲 Drawing Posterior Samples:  65%|██████▌   | 987/1508 [01:13<00:11, 46.19step/s]
[Origin 7/13] 🎲 Drawing Posterior Samples:  66%|██████▌   | 993/1508 [01:13<00:10, 47.72step/s]
[Origin 7/13] 🎲 Drawing Posterior Samples:  66%|██████▌   | 998/1508 [01:13<00:10, 46.37step/s]
[Origin 7/13] 🎲 Drawing Posterior Samples:  67%|██████▋   | 1004/1508 [01:13<00:10, 48.10step/s]
[Origin 7/13] 🎲 Drawing Posterior Samples:  67%|██████▋   | 1009/1508 [01:14<00:10, 46.66step/s]
[Origin 7/13] 🎲 Drawing Posterior Samples:  67%|██████▋   | 1015/1508 [01:14<00:10, 48.48step/s]
[Origin 7/13] 🎲 Drawing Posterior Samples:  68%|██████▊   | 1020/1508 [01:14<00:10, 46.95step/s]
[Origin 7/13] 🎲 Drawing Posterior Samples:  68%|██████▊   | 1025/1508 [01:14<00:10, 47.13step/s]
[Origin 7/13] 🎲 Drawing Posterior Samples:  68%|██████▊   | 1030/1508 [01:14<00:10, 47.15step/s]
[Origin 7/13] 🎲 Drawing Posterior Samples:  69%|██████▊   | 1035/1508 [01:14<00:10, 46.48step/s]
[Origin 7/13] 🎲 Drawing Posterior Samples:  69%|██████▉   | 1041/1508 [01:14<00:09, 47.92step/s]
[Origin 7/13] 🎲 Drawing Posterior Samples:  69%|██████▉   | 1046/1508 [01:14<00:09, 46.44step/s]
[Origin 7/13] 🎲 Drawing Posterior Samples:  70%|██████▉   | 1052/1508 [01:14<00:09, 48.17step/s]
[Origin 7/13] 🎲 Drawing Posterior Samples:  70%|███████   | 1057/1508 [01:15<00:09, 46.44step/s]
[Origin 7/13] 🎲 Drawing Posterior Samples:  70%|███████   | 1063/1508 [01:15<00:09, 46.83step/s]
[Origin 7/13] 🎲 Drawing Posterior Samples:  71%|███████   | 1068/1508 [01:15<00:09, 47.36step/s]
[Origin 7/13] 🎲 Drawing Posterior Samples:  71%|███████   | 1073/1508 [01:15<00:09, 47.29step/s]
[Origin 7/13] 🎲 Drawing Posterior Samples:  71%|███████▏  | 1078/1508 [01:15<00:09, 47.16step/s]
[Origin 7/13] 🎲 Drawing Posterior Samples:  72%|███████▏  | 1083/1508 [01:15<00:09, 46.22step/s]
[Origin 7/13] 🎲 Drawing Posterior Samples:  72%|███████▏  | 1089/1508 [01:15<00:08, 47.85step/s]
[Origin 7/13] 🎲 Drawing Posterior Samples:  73%|███████▎  | 1094/1508 [01:15<00:08, 46.38step/s]
[Origin 7/13] 🎲 Drawing Posterior Samples:  73%|███████▎  | 1099/1508 [01:16<00:21, 18.96step/s]
[Origin 7/13] 🎲 Drawing Posterior Samples:  73%|███████▎  | 1103/1508 [01:17<00:31, 12.81step/s]
[Origin 7/13] 🎲 Drawing Posterior Samples:  73%|███████▎  | 1106/1508 [01:17<00:35, 11.18step/s]
[Origin 7/13] 🎲 Drawing Posterior Samples:  74%|███████▎  | 1109/1508 [01:18<00:43,  9.15step/s]
[Origin 7/13] 🎲 Drawing Posterior Samples:  74%|███████▎  | 1111/1508 [01:18<00:47,  8.43step/s]
[Origin 7/13] 🎲 Drawing Posterior Samples:  74%|███████▍  | 1113/1508 [01:18<00:50,  7.86step/s]
[Origin 7/13] 🎲 Drawing Posterior Samples:  74%|███████▍  | 1115/1508 [01:19<00:55,  7.14step/s]
[Origin 7/13] 🎲 Drawing Posterior Samples:  74%|███████▍  | 1116/1508 [01:19<00:56,  6.97step/s]
[Origin 7/13] 🎲 Drawing Posterior Samples:  74%|███████▍  | 1117/1508 [01:19<00:58,  6.65step/s]
[Origin 7/13] 🎲 Drawing Posterior Samples:  74%|███████▍  | 1118/1508 [01:19<00:59,  6.55step/s]
[Origin 7/13] 🎲 Drawing Posterior Samples:  74%|███████▍  | 1119/1508 [01:19<01:00,  6.40step/s]
[Origin 7/13] 🎲 Drawing Posterior Samples:  74%|███████▍  | 1120/1508 [01:19<01:01,  6.33step/s]
[Origin 7/13] 🎲 Drawing Posterior Samples:  74%|███████▍  | 1121/1508 [01:20<01:11,  5.43step/s]
[Origin 7/13] 🎲 Drawing Posterior Samples:  74%|███████▍  | 1122/1508 [01:20<01:08,  5.62step/s]
[Origin 7/13] 🎲 Drawing Posterior Samples:  74%|███████▍  | 1123/1508 [01:20<01:18,  4.90step/s]
[Origin 7/13] 🎲 Drawing Posterior Samples:  75%|███████▍  | 1124/1508 [01:20<01:26,  4.43step/s]
[Origin 7/13] 🎲 Drawing Posterior Samples:  75%|███████▍  | 1125/1508 [01:21<01:35,  4.00step/s]
[Origin 7/13] 🎲 Drawing Posterior Samples:  75%|███████▍  | 1126/1508 [01:21<01:21,  4.70step/s]
[Origin 7/13] 🎲 Drawing Posterior Samples:  75%|███████▍  | 1127/1508 [01:21<01:12,  5.25step/s]
[Origin 7/13] 🎲 Drawing Posterior Samples:  75%|███████▍  | 1128/1508 [01:21<01:18,  4.85step/s]
[Origin 7/13] 🎲 Drawing Posterior Samples:  75%|███████▍  | 1129/1508 [01:21<01:16,  4.97step/s]
[Origin 7/13] 🎲 Drawing Posterior Samples:  75%|███████▍  | 1130/1508 [01:21<01:10,  5.37step/s]
[Origin 7/13] 🎲 Drawing Posterior Samples:  75%|███████▌  | 1131/1508 [01:22<01:32,  4.10step/s]
[Origin 7/13] 🎲 Drawing Posterior Samples:  75%|███████▌  | 1132/1508 [01:48<49:56,  7.97s/step]
[Origin 7/13] 🎲 Drawing Posterior Samples:  75%|███████▌  | 1137/1508 [01:48<15:48,  2.56s/step]
[Origin 7/13] 🎲 Drawing Posterior Samples:  76%|███████▌  | 1143/1508 [01:48<07:14,  1.19s/step]
[Origin 7/13] 🎲 Drawing Posterior Samples:  76%|███████▌  | 1148/1508 [01:48<04:24,  1.36step/s]
[Origin 7/13] 🎲 Drawing Posterior Samples:  77%|███████▋  | 1154/1508 [01:48<02:38,  2.24step/s]
[Origin 7/13] 🎲 Drawing Posterior Samples:  77%|███████▋  | 1159/1508 [01:49<01:48,  3.22step/s]
[Origin 7/13] 🎲 Drawing Posterior Samples:  77%|███████▋  | 1165/1508 [01:49<01:11,  4.82step/s]
[Origin 7/13] 🎲 Drawing Posterior Samples:  78%|███████▊  | 1171/1508 [01:49<00:48,  6.95step/s]
[Origin 7/13] 🎲 Drawing Posterior Samples:  78%|███████▊  | 1176/1508 [01:49<00:36,  9.17step/s]
[Origin 7/13] 🎲 Drawing Posterior Samples:  78%|███████▊  | 1182/1508 [01:49<00:25, 12.60step/s]
[Origin 7/13] 🎲 Drawing Posterior Samples:  79%|███████▊  | 1187/1508 [01:49<00:20, 15.77step/s]
[Origin 7/13] 🎲 Drawing Posterior Samples:  79%|███████▉  | 1193/1508 [01:49<00:15, 20.40step/s]
[Origin 7/13] 🎲 Drawing Posterior Samples:  79%|███████▉  | 1198/1508 [01:49<00:12, 23.91step/s]
[Origin 7/13] 🎲 Drawing Posterior Samples:  80%|███████▉  | 1203/1508 [01:49<00:11, 27.68step/s]
[Origin 7/13] 🎲 Drawing Posterior Samples:  80%|████████  | 1208/1508 [01:50<00:09, 31.48step/s]
[Origin 7/13] 🎲 Drawing Posterior Samples:  80%|████████  | 1213/1508 [01:50<00:08, 34.08step/s]
[Origin 7/13] 🎲 Drawing Posterior Samples:  81%|████████  | 1219/1508 [01:50<00:07, 38.67step/s]
[Origin 7/13] 🎲 Drawing Posterior Samples:  81%|████████  | 1224/1508 [01:50<00:07, 39.89step/s]
[Origin 7/13] 🎲 Drawing Posterior Samples:  82%|████████▏ | 1230/1508 [01:50<00:06, 43.40step/s]
[Origin 7/13] 🎲 Drawing Posterior Samples:  82%|████████▏ | 1235/1508 [01:50<00:06, 43.39step/s]
[Origin 7/13] 🎲 Drawing Posterior Samples:  82%|████████▏ | 1241/1508 [01:50<00:05, 46.02step/s]
[Origin 7/13] 🎲 Drawing Posterior Samples:  83%|████████▎ | 1246/1508 [01:50<00:05, 45.11step/s]
[Origin 7/13] 🎲 Drawing Posterior Samples:  83%|████████▎ | 1251/1508 [01:50<00:05, 45.72step/s]
[Origin 7/13] 🎲 Drawing Posterior Samples:  83%|████████▎ | 1256/1508 [01:51<00:05, 46.08step/s]
[Origin 7/13] 🎲 Drawing Posterior Samples:  84%|████████▎ | 1261/1508 [01:51<00:05, 45.14step/s]
[Origin 7/13] 🎲 Drawing Posterior Samples:  84%|████████▍ | 1267/1508 [01:51<00:05, 47.40step/s]
[Origin 7/13] 🎲 Drawing Posterior Samples:  84%|████████▍ | 1272/1508 [01:51<00:05, 46.10step/s]
[Origin 7/13] 🎲 Drawing Posterior Samples:  85%|████████▍ | 1278/1508 [01:51<00:04, 48.16step/s]
[Origin 7/13] 🎲 Drawing Posterior Samples:  85%|████████▌ | 1283/1508 [01:51<00:04, 46.81step/s]
[Origin 7/13] 🎲 Drawing Posterior Samples:  85%|████████▌ | 1289/1508 [01:51<00:04, 48.65step/s]
[Origin 7/13] 🎲 Drawing Posterior Samples:  86%|████████▌ | 1294/1508 [01:51<00:04, 47.05step/s]
[Origin 7/13] 🎲 Drawing Posterior Samples:  86%|████████▌ | 1299/1508 [01:51<00:04, 47.25step/s]
[Origin 7/13] 🎲 Drawing Posterior Samples:  86%|████████▋ | 1304/1508 [01:52<00:04, 47.20step/s]
[Origin 7/13] 🎲 Drawing Posterior Samples:  87%|████████▋ | 1309/1508 [01:52<00:04, 45.81step/s]
[Origin 7/13] 🎲 Drawing Posterior Samples:  87%|████████▋ | 1315/1508 [01:52<00:04, 47.87step/s]
[Origin 7/13] 🎲 Drawing Posterior Samples:  88%|████████▊ | 1320/1508 [01:52<00:04, 46.60step/s]
[Origin 7/13] 🎲 Drawing Posterior Samples:  88%|████████▊ | 1326/1508 [01:52<00:03, 48.41step/s]
[Origin 7/13] 🎲 Drawing Posterior Samples:  88%|████████▊ | 1331/1508 [01:52<00:03, 46.86step/s]
[Origin 7/13] 🎲 Drawing Posterior Samples:  89%|████████▊ | 1337/1508 [01:52<00:03, 47.43step/s]
[Origin 7/13] 🎲 Drawing Posterior Samples:  89%|████████▉ | 1342/1508 [01:52<00:03, 47.34step/s]
[Origin 7/13] 🎲 Drawing Posterior Samples:  89%|████████▉ | 1347/1508 [01:53<00:03, 46.29step/s]
[Origin 7/13] 🎲 Drawing Posterior Samples:  90%|████████▉ | 1353/1508 [01:53<00:03, 48.28step/s]
[Origin 7/13] 🎲 Drawing Posterior Samples:  90%|█████████ | 1358/1508 [01:53<00:03, 46.74step/s]
[Origin 7/13] 🎲 Drawing Posterior Samples:  90%|█████████ | 1364/1508 [01:53<00:02, 48.51step/s]
[Origin 7/13] 🎲 Drawing Posterior Samples:  91%|█████████ | 1369/1508 [01:53<00:02, 46.84step/s]
[Origin 7/13] 🎲 Drawing Posterior Samples:  91%|█████████ | 1375/1508 [01:53<00:02, 48.50step/s]
[Origin 7/13] 🎲 Drawing Posterior Samples:  92%|█████████▏| 1380/1508 [01:53<00:02, 46.83step/s]
[Origin 7/13] 🎲 Drawing Posterior Samples:  92%|█████████▏| 1385/1508 [01:53<00:02, 47.08step/s]
[Origin 7/13] 🎲 Drawing Posterior Samples:  92%|█████████▏| 1390/1508 [01:53<00:02, 46.95step/s]
[Origin 7/13] 🎲 Drawing Posterior Samples:  93%|█████████▎| 1395/1508 [01:54<00:02, 46.18step/s]
[Origin 7/13] 🎲 Drawing Posterior Samples:  93%|█████████▎| 1401/1508 [01:54<00:02, 47.80step/s]
[Origin 7/13] 🎲 Drawing Posterior Samples:  93%|█████████▎| 1406/1508 [01:54<00:02, 46.22step/s]
[Origin 7/13] 🎲 Drawing Posterior Samples:  94%|█████████▎| 1412/1508 [01:54<00:01, 48.19step/s]
[Origin 7/13] 🎲 Drawing Posterior Samples:  94%|█████████▍| 1417/1508 [01:54<00:01, 46.62step/s]
[Origin 7/13] 🎲 Drawing Posterior Samples:  94%|█████████▍| 1423/1508 [01:54<00:01, 46.88step/s]
[Origin 7/13] 🎲 Drawing Posterior Samples:  95%|█████████▍| 1428/1508 [01:54<00:01, 47.26step/s]
[Origin 7/13] 🎲 Drawing Posterior Samples:  95%|█████████▌| 1433/1508 [01:54<00:01, 46.32step/s]
[Origin 7/13] 🎲 Drawing Posterior Samples:  95%|█████████▌| 1439/1508 [01:54<00:01, 48.15step/s]
[Origin 7/13] 🎲 Drawing Posterior Samples:  96%|█████████▌| 1444/1508 [01:55<00:01, 46.47step/s]
[Origin 7/13] 🎲 Drawing Posterior Samples:  96%|█████████▌| 1450/1508 [01:55<00:01, 48.31step/s]
[Origin 7/13] 🎲 Drawing Posterior Samples:  96%|█████████▋| 1455/1508 [01:55<00:01, 46.81step/s]
[Origin 7/13] 🎲 Drawing Posterior Samples:  97%|█████████▋| 1461/1508 [01:55<00:00, 48.60step/s]
[Origin 7/13] 🎲 Drawing Posterior Samples:  97%|█████████▋| 1466/1508 [01:55<00:00, 47.10step/s]
[Origin 7/13] 🎲 Drawing Posterior Samples:  98%|█████████▊| 1471/1508 [01:55<00:00, 47.33step/s]
[Origin 7/13] 🎲 Drawing Posterior Samples:  98%|█████████▊| 1476/1508 [01:56<00:02, 11.57step/s]
[Origin 7/13] 🎲 Drawing Posterior Samples:  98%|█████████▊| 1480/1508 [01:57<00:02,  9.50step/s]
[Origin 7/13] 🎲 Drawing Posterior Samples:  98%|█████████▊| 1483/1508 [01:57<00:02,  9.31step/s]
[Origin 7/13] 🎲 Drawing Posterior Samples:  99%|█████████▊| 1486/1508 [01:58<00:02,  9.32step/s]
[Origin 7/13] 🎲 Drawing Posterior Samples:  99%|█████████▊| 1488/1508 [01:58<00:02,  9.31step/s]
[Origin 7/13] 🎲 Drawing Posterior Samples:  99%|█████████▉| 1490/1508 [01:58<00:01,  9.56step/s]
[Origin 7/13] 🎲 Drawing Posterior Samples:  99%|█████████▉| 1492/1508 [01:58<00:01,  9.12step/s]
[Origin 7/13] 🎲 Drawing Posterior Samples:  99%|█████████▉| 1494/1508 [01:59<00:01,  8.41step/s]
[Origin 7/13] 🎲 Drawing Posterior Samples:  99%|█████████▉| 1496/1508 [01:59<00:01,  7.68step/s]
[Origin 7/13] 🎲 Drawing Posterior Samples:  99%|█████████▉| 1497/1508 [01:59<00:01,  6.71step/s]
[Origin 7/13] 🎲 Drawing Posterior Samples:  99%|█████████▉| 1498/1508 [01:59<00:01,  6.46step/s]
[Origin 7/13] 🎲 Drawing Posterior Samples:  99%|█████████▉| 1499/1508 [02:00<00:01,  6.46step/s]
[Origin 7/13] 🎲 Drawing Posterior Samples:  99%|█████████▉| 1500/1508 [02:00<00:01,  6.54step/s]
[Origin 7/13] 🎲 Drawing Posterior Samples: 100%|█████████▉| 1501/1508 [02:00<00:01,  6.43step/s]
[Origin 7/13] 🎲 Drawing Posterior Samples: 100%|█████████▉| 1502/1508 [02:00<00:01,  5.85step/s]
[Origin 7/13] 🎲 Drawing Posterior Samples: 100%|█████████▉| 1503/1508 [02:00<00:00,  5.91step/s]
[Origin 7/13] 🎲 Drawing Posterior Samples: 100%|█████████▉| 1504/1508 [02:00<00:00,  5.79step/s]
[Origin 7/13] 🎲 Drawing Posterior Samples: 100%|█████████▉| 1505/1508 [02:01<00:00,  5.68step/s]
[Origin 7/13] 🎲 Drawing Posterior Samples: 100%|█████████▉| 1506/1508 [02:01<00:00,  5.83step/s]
[Origin 7/13] 🎲 Drawing Posterior Samples: 100%|█████████▉| 1507/1508 [02:01<00:00,  5.69step/s]
[Origin 7/13] 🎲 Drawing Posterior Samples: 100%|██████████| 1508/1508 [02:01<00:00,  5.75step/s]
                                                                                                 

[Origin 8/13] 🎲 Drawing Posterior Samples:   0%|          | 0/1512 [00:00<?, ?step/s]
[Origin 8/13] 🎲 Drawing Posterior Samples:   0%|          | 6/1512 [00:00<00:29, 50.87step/s]
[Origin 8/13] 🎲 Drawing Posterior Samples:   1%|          | 12/1512 [00:00<00:28, 52.08step/s]
[Origin 8/13] 🎲 Drawing Posterior Samples:   1%|          | 18/1512 [00:00<00:30, 48.48step/s]
[Origin 8/13] 🎲 Drawing Posterior Samples:   2%|▏         | 23/1512 [00:00<00:31, 47.61step/s]
[Origin 8/13] 🎲 Drawing Posterior Samples:   2%|▏         | 29/1512 [00:00<00:30, 48.73step/s]
[Origin 8/13] 🎲 Drawing Posterior Samples:   2%|▏         | 34/1512 [00:00<00:31, 46.77step/s]
[Origin 8/13] 🎲 Drawing Posterior Samples:   3%|▎         | 40/1512 [00:00<00:30, 48.74step/s]
[Origin 8/13] 🎲 Drawing Posterior Samples:   3%|▎         | 45/1512 [00:00<00:30, 47.42step/s]
[Origin 8/13] 🎲 Drawing Posterior Samples:   3%|▎         | 51/1512 [00:01<00:29, 48.94step/s]
[Origin 8/13] 🎲 Drawing Posterior Samples:   4%|▎         | 56/1512 [00:01<00:30, 46.97step/s]
[Origin 8/13] 🎲 Drawing Posterior Samples:   4%|▍         | 61/1512 [00:01<00:30, 47.13step/s]
[Origin 8/13] 🎲 Drawing Posterior Samples:   4%|▍         | 66/1512 [00:01<00:30, 46.82step/s]
[Origin 8/13] 🎲 Drawing Posterior Samples:   5%|▍         | 71/1512 [00:01<00:31, 45.66step/s]
[Origin 8/13] 🎲 Drawing Posterior Samples:   5%|▌         | 77/1512 [00:01<00:30, 47.78step/s]
[Origin 8/13] 🎲 Drawing Posterior Samples:   5%|▌         | 82/1512 [00:01<00:30, 46.35step/s]
[Origin 8/13] 🎲 Drawing Posterior Samples:   6%|▌         | 88/1512 [00:01<00:29, 48.31step/s]
[Origin 8/13] 🎲 Drawing Posterior Samples:   6%|▌         | 93/1512 [00:01<00:30, 46.78step/s]
[Origin 8/13] 🎲 Drawing Posterior Samples:   7%|▋         | 99/1512 [00:02<00:29, 48.46step/s]
[Origin 8/13] 🎲 Drawing Posterior Samples:   7%|▋         | 104/1512 [00:02<00:29, 46.95step/s]
[Origin 8/13] 🎲 Drawing Posterior Samples:   7%|▋         | 109/1512 [00:02<00:29, 46.98step/s]
[Origin 8/13] 🎲 Drawing Posterior Samples:   8%|▊         | 114/1512 [00:02<00:29, 46.76step/s]
[Origin 8/13] 🎲 Drawing Posterior Samples:   8%|▊         | 119/1512 [00:02<00:30, 45.39step/s]
[Origin 8/13] 🎲 Drawing Posterior Samples:   8%|▊         | 125/1512 [00:02<00:29, 47.51step/s]
[Origin 8/13] 🎲 Drawing Posterior Samples:   9%|▊         | 130/1512 [00:02<00:30, 45.79step/s]
[Origin 8/13] 🎲 Drawing Posterior Samples:   9%|▉         | 136/1512 [00:02<00:28, 47.84step/s]
[Origin 8/13] 🎲 Drawing Posterior Samples:   9%|▉         | 141/1512 [00:02<00:29, 46.50step/s]
[Origin 8/13] 🎲 Drawing Posterior Samples:  10%|▉         | 147/1512 [00:03<00:29, 46.51step/s]
[Origin 8/13] 🎲 Drawing Posterior Samples:  10%|█         | 153/1512 [00:03<00:28, 47.99step/s]
[Origin 8/13] 🎲 Drawing Posterior Samples:  10%|█         | 158/1512 [00:03<00:28, 46.72step/s]
[Origin 8/13] 🎲 Drawing Posterior Samples:  11%|█         | 164/1512 [00:03<00:27, 48.45step/s]
[Origin 8/13] 🎲 Drawing Posterior Samples:  11%|█         | 169/1512 [00:03<00:28, 47.06step/s]
[Origin 8/13] 🎲 Drawing Posterior Samples:  12%|█▏        | 175/1512 [00:03<00:27, 48.63step/s]
[Origin 8/13] 🎲 Drawing Posterior Samples:  12%|█▏        | 180/1512 [00:03<00:28, 46.90step/s]
[Origin 8/13] 🎲 Drawing Posterior Samples:  12%|█▏        | 186/1512 [00:03<00:28, 46.11step/s]
[Origin 8/13] 🎲 Drawing Posterior Samples:  13%|█▎        | 192/1512 [00:04<00:27, 47.94step/s]
[Origin 8/13] 🎲 Drawing Posterior Samples:  13%|█▎        | 197/1512 [00:04<00:28, 46.60step/s]
[Origin 8/13] 🎲 Drawing Posterior Samples:  13%|█▎        | 203/1512 [00:04<00:27, 48.43step/s]
[Origin 8/13] 🎲 Drawing Posterior Samples:  14%|█▍        | 208/1512 [00:04<00:27, 46.85step/s]
[Origin 8/13] 🎲 Drawing Posterior Samples:  14%|█▍        | 214/1512 [00:04<00:27, 47.01step/s]
[Origin 8/13] 🎲 Drawing Posterior Samples:  14%|█▍        | 219/1512 [00:04<00:27, 47.35step/s]
[Origin 8/13] 🎲 Drawing Posterior Samples:  15%|█▍        | 224/1512 [00:04<00:28, 45.93step/s]
[Origin 8/13] 🎲 Drawing Posterior Samples:  15%|█▌        | 230/1512 [00:04<00:26, 47.88step/s]
[Origin 8/13] 🎲 Drawing Posterior Samples:  16%|█▌        | 235/1512 [00:04<00:27, 46.59step/s]
[Origin 8/13] 🎲 Drawing Posterior Samples:  16%|█▌        | 241/1512 [00:05<00:26, 48.34step/s]
[Origin 8/13] 🎲 Drawing Posterior Samples:  16%|█▋        | 246/1512 [00:05<00:27, 46.59step/s]
[Origin 8/13] 🎲 Drawing Posterior Samples:  17%|█▋        | 252/1512 [00:05<00:26, 47.13step/s]
[Origin 8/13] 🎲 Drawing Posterior Samples:  17%|█▋        | 257/1512 [00:05<00:26, 47.23step/s]
[Origin 8/13] 🎲 Drawing Posterior Samples:  17%|█▋        | 262/1512 [00:05<00:27, 45.96step/s]
[Origin 8/13] 🎲 Drawing Posterior Samples:  18%|█▊        | 268/1512 [00:05<00:25, 48.02step/s]
[Origin 8/13] 🎲 Drawing Posterior Samples:  18%|█▊        | 273/1512 [00:05<00:26, 46.59step/s]
[Origin 8/13] 🎲 Drawing Posterior Samples:  18%|█▊        | 279/1512 [00:05<00:25, 48.41step/s]
[Origin 8/13] 🎲 Drawing Posterior Samples:  19%|█▉        | 284/1512 [00:06<00:26, 46.85step/s]
[Origin 8/13] 🎲 Drawing Posterior Samples:  19%|█▉        | 290/1512 [00:06<00:25, 47.15step/s]
[Origin 8/13] 🎲 Drawing Posterior Samples:  20%|█▉        | 295/1512 [00:06<00:25, 47.05step/s]
[Origin 8/13] 🎲 Drawing Posterior Samples:  20%|█▉        | 300/1512 [00:06<00:26, 45.95step/s]
[Origin 8/13] 🎲 Drawing Posterior Samples:  20%|██        | 306/1512 [00:06<00:25, 47.92step/s]
[Origin 8/13] 🎲 Drawing Posterior Samples:  21%|██        | 311/1512 [00:06<00:25, 46.57step/s]
[Origin 8/13] 🎲 Drawing Posterior Samples:  21%|██        | 317/1512 [00:06<00:24, 48.23step/s]
[Origin 8/13] 🎲 Drawing Posterior Samples:  21%|██▏       | 322/1512 [00:06<00:25, 46.68step/s]
[Origin 8/13] 🎲 Drawing Posterior Samples:  22%|██▏       | 328/1512 [00:06<00:24, 48.47step/s]
[Origin 8/13] 🎲 Drawing Posterior Samples:  22%|██▏       | 333/1512 [00:07<00:25, 46.89step/s]
[Origin 8/13] 🎲 Drawing Posterior Samples:  22%|██▏       | 338/1512 [00:07<00:24, 47.04step/s]
[Origin 8/13] 🎲 Drawing Posterior Samples:  23%|██▎       | 343/1512 [00:07<00:35, 33.36step/s]
[Origin 8/13] 🎲 Drawing Posterior Samples:  23%|██▎       | 347/1512 [00:07<01:00, 19.29step/s]
[Origin 8/13] 🎲 Drawing Posterior Samples:  23%|██▎       | 350/1512 [00:08<01:11, 16.17step/s]
[Origin 8/13] 🎲 Drawing Posterior Samples:  23%|██▎       | 353/1512 [00:08<01:24, 13.79step/s]
[Origin 8/13] 🎲 Drawing Posterior Samples:  23%|██▎       | 355/1512 [00:08<01:37, 11.84step/s]
[Origin 8/13] 🎲 Drawing Posterior Samples:  24%|██▎       | 357/1512 [00:09<02:00,  9.55step/s]
[Origin 8/13] 🎲 Drawing Posterior Samples:  24%|██▎       | 359/1512 [00:09<02:21,  8.14step/s]
[Origin 8/13] 🎲 Drawing Posterior Samples:  24%|██▍       | 361/1512 [00:09<02:35,  7.42step/s]
[Origin 8/13] 🎲 Drawing Posterior Samples:  24%|██▍       | 362/1512 [00:10<02:42,  7.06step/s]
[Origin 8/13] 🎲 Drawing Posterior Samples:  24%|██▍       | 363/1512 [00:10<02:43,  7.01step/s]
[Origin 8/13] 🎲 Drawing Posterior Samples:  24%|██▍       | 364/1512 [00:10<02:50,  6.75step/s]
[Origin 8/13] 🎲 Drawing Posterior Samples:  24%|██▍       | 365/1512 [00:10<02:59,  6.40step/s]
[Origin 8/13] 🎲 Drawing Posterior Samples:  24%|██▍       | 366/1512 [00:10<03:02,  6.27step/s]
[Origin 8/13] 🎲 Drawing Posterior Samples:  24%|██▍       | 367/1512 [00:10<03:04,  6.20step/s]
[Origin 8/13] 🎲 Drawing Posterior Samples:  24%|██▍       | 368/1512 [00:11<03:07,  6.10step/s]
[Origin 8/13] 🎲 Drawing Posterior Samples:  24%|██▍       | 369/1512 [00:11<03:14,  5.88step/s]
[Origin 8/13] 🎲 Drawing Posterior Samples:  24%|██▍       | 370/1512 [00:11<03:22,  5.63step/s]
[Origin 8/13] 🎲 Drawing Posterior Samples:  25%|██▍       | 371/1512 [00:11<03:18,  5.74step/s]
[Origin 8/13] 🎲 Drawing Posterior Samples:  25%|██▍       | 372/1512 [00:11<03:19,  5.70step/s]
[Origin 8/13] 🎲 Drawing Posterior Samples:  25%|██▍       | 373/1512 [00:11<03:20,  5.67step/s]
[Origin 8/13] 🎲 Drawing Posterior Samples:  25%|██▍       | 374/1512 [00:12<03:22,  5.62step/s]
[Origin 8/13] 🎲 Drawing Posterior Samples:  25%|██▍       | 375/1512 [00:12<03:10,  5.96step/s]
[Origin 8/13] 🎲 Drawing Posterior Samples:  25%|██▍       | 376/1512 [00:12<03:03,  6.19step/s]
[Origin 8/13] 🎲 Drawing Posterior Samples:  25%|██▍       | 377/1512 [00:12<03:11,  5.92step/s]
[Origin 8/13] 🎲 Drawing Posterior Samples:  25%|██▌       | 378/1512 [00:12<03:19,  5.69step/s]
[Origin 8/13] 🎲 Drawing Posterior Samples:  25%|██▌       | 379/1512 [00:30<1:43:48,  5.50s/step]
[Origin 8/13] 🎲 Drawing Posterior Samples:  25%|██▌       | 385/1512 [00:30<29:12,  1.56s/step]  
[Origin 8/13] 🎲 Drawing Posterior Samples:  26%|██▌       | 391/1512 [00:30<14:31,  1.29step/s]
[Origin 8/13] 🎲 Drawing Posterior Samples:  26%|██▌       | 396/1512 [00:31<09:09,  2.03step/s]
[Origin 8/13] 🎲 Drawing Posterior Samples:  27%|██▋       | 401/1512 [00:31<06:04,  3.05step/s]
[Origin 8/13] 🎲 Drawing Posterior Samples:  27%|██▋       | 406/1512 [00:31<04:10,  4.41step/s]
[Origin 8/13] 🎲 Drawing Posterior Samples:  27%|██▋       | 412/1512 [00:31<02:46,  6.61step/s]
[Origin 8/13] 🎲 Drawing Posterior Samples:  28%|██▊       | 418/1512 [00:31<01:55,  9.43step/s]
[Origin 8/13] 🎲 Drawing Posterior Samples:  28%|██▊       | 423/1512 [00:31<01:31, 11.93step/s]
[Origin 8/13] 🎲 Drawing Posterior Samples:  28%|██▊       | 429/1512 [00:31<01:07, 16.05step/s]
[Origin 8/13] 🎲 Drawing Posterior Samples:  29%|██▉       | 435/1512 [00:31<00:52, 20.66step/s]
[Origin 8/13] 🎲 Drawing Posterior Samples:  29%|██▉       | 440/1512 [00:32<00:44, 24.11step/s]
[Origin 8/13] 🎲 Drawing Posterior Samples:  29%|██▉       | 446/1512 [00:32<00:36, 29.16step/s]
[Origin 8/13] 🎲 Drawing Posterior Samples:  30%|██▉       | 451/1512 [00:32<00:33, 31.84step/s]
[Origin 8/13] 🎲 Drawing Posterior Samples:  30%|███       | 457/1512 [00:32<00:30, 35.13step/s]
[Origin 8/13] 🎲 Drawing Posterior Samples:  31%|███       | 463/1512 [00:32<00:26, 38.98step/s]
[Origin 8/13] 🎲 Drawing Posterior Samples:  31%|███       | 468/1512 [00:32<00:26, 39.16step/s]
[Origin 8/13] 🎲 Drawing Posterior Samples:  31%|███▏      | 474/1512 [00:32<00:24, 42.27step/s]
[Origin 8/13] 🎲 Drawing Posterior Samples:  32%|███▏      | 479/1512 [00:32<00:24, 42.19step/s]
[Origin 8/13] 🎲 Drawing Posterior Samples:  32%|███▏      | 484/1512 [00:33<00:23, 43.71step/s]
[Origin 8/13] 🎲 Drawing Posterior Samples:  32%|███▏      | 489/1512 [00:33<00:22, 44.67step/s]
[Origin 8/13] 🎲 Drawing Posterior Samples:  33%|███▎      | 495/1512 [00:33<00:22, 44.91step/s]
[Origin 8/13] 🎲 Drawing Posterior Samples:  33%|███▎      | 501/1512 [00:33<00:21, 46.65step/s]
[Origin 8/13] 🎲 Drawing Posterior Samples:  33%|███▎      | 506/1512 [00:33<00:22, 44.80step/s]
[Origin 8/13] 🎲 Drawing Posterior Samples:  34%|███▍      | 512/1512 [00:33<00:21, 47.00step/s]
[Origin 8/13] 🎲 Drawing Posterior Samples:  34%|███▍      | 517/1512 [00:33<00:21, 46.03step/s]
[Origin 8/13] 🎲 Drawing Posterior Samples:  35%|███▍      | 522/1512 [00:33<00:21, 46.45step/s]
[Origin 8/13] 🎲 Drawing Posterior Samples:  35%|███▍      | 527/1512 [00:33<00:21, 46.53step/s]
[Origin 8/13] 🎲 Drawing Posterior Samples:  35%|███▌      | 532/1512 [00:34<00:21, 45.52step/s]
[Origin 8/13] 🎲 Drawing Posterior Samples:  36%|███▌      | 538/1512 [00:34<00:20, 47.74step/s]
[Origin 8/13] 🎲 Drawing Posterior Samples:  36%|███▌      | 543/1512 [00:34<00:20, 46.49step/s]
[Origin 8/13] 🎲 Drawing Posterior Samples:  36%|███▋      | 549/1512 [00:34<00:19, 48.36step/s]
[Origin 8/13] 🎲 Drawing Posterior Samples:  37%|███▋      | 554/1512 [00:34<00:20, 46.97step/s]
[Origin 8/13] 🎲 Drawing Posterior Samples:  37%|███▋      | 559/1512 [00:34<00:20, 45.94step/s]
[Origin 8/13] 🎲 Drawing Posterior Samples:  37%|███▋      | 565/1512 [00:34<00:19, 47.76step/s]
[Origin 8/13] 🎲 Drawing Posterior Samples:  38%|███▊      | 570/1512 [00:34<00:20, 46.83step/s]
[Origin 8/13] 🎲 Drawing Posterior Samples:  38%|███▊      | 575/1512 [00:34<00:19, 47.44step/s]
[Origin 8/13] 🎲 Drawing Posterior Samples:  38%|███▊      | 580/1512 [00:35<00:20, 45.91step/s]
[Origin 8/13] 🎲 Drawing Posterior Samples:  39%|███▊      | 585/1512 [00:35<00:20, 45.27step/s]
[Origin 8/13] 🎲 Drawing Posterior Samples:  39%|███▉      | 591/1512 [00:35<00:19, 47.20step/s]
[Origin 8/13] 🎲 Drawing Posterior Samples:  39%|███▉      | 597/1512 [00:35<00:18, 48.83step/s]
[Origin 8/13] 🎲 Drawing Posterior Samples:  40%|███▉      | 602/1512 [00:35<00:19, 47.11step/s]
[Origin 8/13] 🎲 Drawing Posterior Samples:  40%|████      | 608/1512 [00:35<00:19, 46.37step/s]
[Origin 8/13] 🎲 Drawing Posterior Samples:  41%|████      | 613/1512 [00:35<00:19, 46.39step/s]
[Origin 8/13] 🎲 Drawing Posterior Samples:  41%|████      | 618/1512 [00:35<00:19, 46.60step/s]
[Origin 8/13] 🎲 Drawing Posterior Samples:  41%|████▏     | 624/1512 [00:35<00:18, 48.39step/s]
[Origin 8/13] 🎲 Drawing Posterior Samples:  42%|████▏     | 629/1512 [00:36<00:18, 46.87step/s]
[Origin 8/13] 🎲 Drawing Posterior Samples:  42%|████▏     | 635/1512 [00:36<00:18, 48.47step/s]
[Origin 8/13] 🎲 Drawing Posterior Samples:  42%|████▏     | 640/1512 [00:36<00:18, 46.57step/s]
[Origin 8/13] 🎲 Drawing Posterior Samples:  43%|████▎     | 645/1512 [00:36<00:19, 45.52step/s]
[Origin 8/13] 🎲 Drawing Posterior Samples:  43%|████▎     | 651/1512 [00:36<00:18, 47.65step/s]
[Origin 8/13] 🎲 Drawing Posterior Samples:  43%|████▎     | 656/1512 [00:36<00:18, 46.21step/s]
[Origin 8/13] 🎲 Drawing Posterior Samples:  44%|████▍     | 662/1512 [00:36<00:17, 48.12step/s]
[Origin 8/13] 🎲 Drawing Posterior Samples:  44%|████▍     | 667/1512 [00:36<00:18, 46.47step/s]
[Origin 8/13] 🎲 Drawing Posterior Samples:  44%|████▍     | 672/1512 [00:37<00:18, 45.44step/s]
[Origin 8/13] 🎲 Drawing Posterior Samples:  45%|████▍     | 678/1512 [00:37<00:17, 47.68step/s]
[Origin 8/13] 🎲 Drawing Posterior Samples:  45%|████▌     | 683/1512 [00:37<00:17, 47.56step/s]
[Origin 8/13] 🎲 Drawing Posterior Samples:  46%|████▌     | 688/1512 [00:37<00:17, 47.51step/s]
[Origin 8/13] 🎲 Drawing Posterior Samples:  46%|████▌     | 693/1512 [00:37<00:17, 46.01step/s]
[Origin 8/13] 🎲 Drawing Posterior Samples:  46%|████▌     | 698/1512 [00:37<00:17, 46.11step/s]
[Origin 8/13] 🎲 Drawing Posterior Samples:  46%|████▋     | 703/1512 [00:37<00:17, 46.36step/s]
[Origin 8/13] 🎲 Drawing Posterior Samples:  47%|████▋     | 709/1512 [00:37<00:16, 48.31step/s]
[Origin 8/13] 🎲 Drawing Posterior Samples:  47%|████▋     | 714/1512 [00:37<00:17, 46.82step/s]
[Origin 8/13] 🎲 Drawing Posterior Samples:  48%|████▊     | 720/1512 [00:38<00:16, 48.52step/s]
[Origin 8/13] 🎲 Drawing Posterior Samples:  48%|████▊     | 725/1512 [00:38<00:47, 16.45step/s]
[Origin 8/13] 🎲 Drawing Posterior Samples:  48%|████▊     | 729/1512 [00:39<01:09, 11.29step/s]
[Origin 8/13] 🎲 Drawing Posterior Samples:  48%|████▊     | 732/1512 [00:39<01:18,  9.98step/s]
[Origin 8/13] 🎲 Drawing Posterior Samples:  49%|████▊     | 735/1512 [00:40<01:29,  8.64step/s]
[Origin 8/13] 🎲 Drawing Posterior Samples:  49%|████▊     | 737/1512 [00:40<01:36,  8.02step/s]
[Origin 8/13] 🎲 Drawing Posterior Samples:  49%|████▉     | 739/1512 [00:41<01:44,  7.38step/s]
[Origin 8/13] 🎲 Drawing Posterior Samples:  49%|████▉     | 741/1512 [00:41<01:53,  6.81step/s]
[Origin 8/13] 🎲 Drawing Posterior Samples:  49%|████▉     | 742/1512 [00:41<01:55,  6.67step/s]
[Origin 8/13] 🎲 Drawing Posterior Samples:  49%|████▉     | 743/1512 [00:41<01:57,  6.52step/s]
[Origin 8/13] 🎲 Drawing Posterior Samples:  49%|████▉     | 744/1512 [00:42<02:00,  6.40step/s]
[Origin 8/13] 🎲 Drawing Posterior Samples:  49%|████▉     | 745/1512 [00:42<02:04,  6.15step/s]
[Origin 8/13] 🎲 Drawing Posterior Samples:  49%|████▉     | 746/1512 [00:42<02:08,  5.98step/s]
[Origin 8/13] 🎲 Drawing Posterior Samples:  49%|████▉     | 747/1512 [00:42<02:19,  5.48step/s]
[Origin 8/13] 🎲 Drawing Posterior Samples:  49%|████▉     | 748/1512 [00:42<02:19,  5.49step/s]
[Origin 8/13] 🎲 Drawing Posterior Samples:  50%|████▉     | 749/1512 [00:42<02:12,  5.74step/s]
[Origin 8/13] 🎲 Drawing Posterior Samples:  50%|████▉     | 750/1512 [00:43<02:34,  4.94step/s]
[Origin 8/13] 🎲 Drawing Posterior Samples:  50%|████▉     | 751/1512 [00:43<02:29,  5.08step/s]
[Origin 8/13] 🎲 Drawing Posterior Samples:  50%|████▉     | 752/1512 [00:43<02:52,  4.41step/s]
[Origin 8/13] 🎲 Drawing Posterior Samples:  50%|████▉     | 753/1512 [00:43<02:28,  5.09step/s]
[Origin 8/13] 🎲 Drawing Posterior Samples:  50%|████▉     | 754/1512 [00:44<02:23,  5.30step/s]
[Origin 8/13] 🎲 Drawing Posterior Samples:  50%|████▉     | 755/1512 [00:44<02:13,  5.66step/s]
[Origin 8/13] 🎲 Drawing Posterior Samples:  50%|█████     | 756/1512 [00:44<02:09,  5.86step/s]
[Origin 8/13] 🎲 Drawing Posterior Samples:  50%|█████     | 757/1512 [01:05<1:21:37,  6.49s/step]
[Origin 8/13] 🎲 Drawing Posterior Samples:  50%|█████     | 762/1512 [01:05<26:05,  2.09s/step]  
[Origin 8/13] 🎲 Drawing Posterior Samples:  51%|█████     | 768/1512 [01:05<12:04,  1.03step/s]
[Origin 8/13] 🎲 Drawing Posterior Samples:  51%|█████     | 773/1512 [01:06<07:24,  1.66step/s]
[Origin 8/13] 🎲 Drawing Posterior Samples:  52%|█████▏    | 779/1512 [01:06<04:29,  2.72step/s]
[Origin 8/13] 🎲 Drawing Posterior Samples:  52%|█████▏    | 784/1512 [01:06<03:06,  3.90step/s]
[Origin 8/13] 🎲 Drawing Posterior Samples:  52%|█████▏    | 790/1512 [01:06<02:04,  5.78step/s]
[Origin 8/13] 🎲 Drawing Posterior Samples:  53%|█████▎    | 796/1512 [01:06<01:26,  8.26step/s]
[Origin 8/13] 🎲 Drawing Posterior Samples:  53%|█████▎    | 801/1512 [01:06<01:06, 10.76step/s]
[Origin 8/13] 🎲 Drawing Posterior Samples:  53%|█████▎    | 807/1512 [01:06<00:48, 14.57step/s]
[Origin 8/13] 🎲 Drawing Posterior Samples:  54%|█████▎    | 812/1512 [01:06<00:39, 17.88step/s]
[Origin 8/13] 🎲 Drawing Posterior Samples:  54%|█████▍    | 818/1512 [01:06<00:30, 22.65step/s]
[Origin 8/13] 🎲 Drawing Posterior Samples:  54%|█████▍    | 823/1512 [01:07<00:26, 26.30step/s]
[Origin 8/13] 🎲 Drawing Posterior Samples:  55%|█████▍    | 828/1512 [01:07<00:22, 29.92step/s]
[Origin 8/13] 🎲 Drawing Posterior Samples:  55%|█████▌    | 833/1512 [01:07<00:20, 33.84step/s]
[Origin 8/13] 🎲 Drawing Posterior Samples:  55%|█████▌    | 838/1512 [01:07<00:18, 36.38step/s]
[Origin 8/13] 🎲 Drawing Posterior Samples:  56%|█████▌    | 844/1512 [01:07<00:16, 40.42step/s]
[Origin 8/13] 🎲 Drawing Posterior Samples:  56%|█████▌    | 849/1512 [01:07<00:16, 41.06step/s]
[Origin 8/13] 🎲 Drawing Posterior Samples:  57%|█████▋    | 855/1512 [01:07<00:14, 44.37step/s]
[Origin 8/13] 🎲 Drawing Posterior Samples:  57%|█████▋    | 860/1512 [01:07<00:14, 44.27step/s]
[Origin 8/13] 🎲 Drawing Posterior Samples:  57%|█████▋    | 866/1512 [01:07<00:13, 46.62step/s]
[Origin 8/13] 🎲 Drawing Posterior Samples:  58%|█████▊    | 871/1512 [01:08<00:14, 45.47step/s]
[Origin 8/13] 🎲 Drawing Posterior Samples:  58%|█████▊    | 876/1512 [01:08<00:13, 45.51step/s]
[Origin 8/13] 🎲 Drawing Posterior Samples:  58%|█████▊    | 881/1512 [01:08<00:13, 46.26step/s]
[Origin 8/13] 🎲 Drawing Posterior Samples:  59%|█████▊    | 886/1512 [01:08<00:13, 45.47step/s]
[Origin 8/13] 🎲 Drawing Posterior Samples:  59%|█████▉    | 892/1512 [01:08<00:13, 47.69step/s]
[Origin 8/13] 🎲 Drawing Posterior Samples:  59%|█████▉    | 897/1512 [01:08<00:13, 46.12step/s]
[Origin 8/13] 🎲 Drawing Posterior Samples:  60%|█████▉    | 902/1512 [01:08<00:13, 45.05step/s]
[Origin 8/13] 🎲 Drawing Posterior Samples:  60%|██████    | 908/1512 [01:08<00:12, 47.30step/s]
[Origin 8/13] 🎲 Drawing Posterior Samples:  60%|██████    | 914/1512 [01:08<00:12, 47.50step/s]
[Origin 8/13] 🎲 Drawing Posterior Samples:  61%|██████    | 919/1512 [01:09<00:12, 47.75step/s]
[Origin 8/13] 🎲 Drawing Posterior Samples:  61%|██████    | 924/1512 [01:09<00:12, 46.43step/s]
[Origin 8/13] 🎲 Drawing Posterior Samples:  62%|██████▏   | 930/1512 [01:09<00:12, 48.23step/s]
[Origin 8/13] 🎲 Drawing Posterior Samples:  62%|██████▏   | 935/1512 [01:09<00:12, 46.82step/s]
[Origin 8/13] 🎲 Drawing Posterior Samples:  62%|██████▏   | 941/1512 [01:09<00:11, 48.47step/s]
[Origin 8/13] 🎲 Drawing Posterior Samples:  63%|██████▎   | 946/1512 [01:09<00:12, 46.84step/s]
[Origin 8/13] 🎲 Drawing Posterior Samples:  63%|██████▎   | 952/1512 [01:09<00:11, 48.19step/s]
[Origin 8/13] 🎲 Drawing Posterior Samples:  63%|██████▎   | 957/1512 [01:09<00:11, 47.30step/s]
[Origin 8/13] 🎲 Drawing Posterior Samples:  64%|██████▎   | 962/1512 [01:09<00:11, 47.32step/s]
[Origin 8/13] 🎲 Drawing Posterior Samples:  64%|██████▍   | 967/1512 [01:10<00:11, 47.29step/s]
[Origin 8/13] 🎲 Drawing Posterior Samples:  64%|██████▍   | 972/1512 [01:10<00:11, 45.97step/s]
[Origin 8/13] 🎲 Drawing Posterior Samples:  65%|██████▍   | 978/1512 [01:10<00:11, 47.94step/s]
[Origin 8/13] 🎲 Drawing Posterior Samples:  65%|██████▌   | 983/1512 [01:10<00:11, 46.63step/s]
[Origin 8/13] 🎲 Drawing Posterior Samples:  65%|██████▌   | 989/1512 [01:10<00:10, 48.46step/s]
[Origin 8/13] 🎲 Drawing Posterior Samples:  66%|██████▌   | 994/1512 [01:10<00:11, 47.00step/s]
[Origin 8/13] 🎲 Drawing Posterior Samples:  66%|██████▌   | 1000/1512 [01:10<00:10, 47.03step/s]
[Origin 8/13] 🎲 Drawing Posterior Samples:  66%|██████▋   | 1005/1512 [01:10<00:10, 47.28step/s]
[Origin 8/13] 🎲 Drawing Posterior Samples:  67%|██████▋   | 1010/1512 [01:11<00:10, 46.23step/s]
[Origin 8/13] 🎲 Drawing Posterior Samples:  67%|██████▋   | 1016/1512 [01:11<00:10, 48.11step/s]
[Origin 8/13] 🎲 Drawing Posterior Samples:  68%|██████▊   | 1021/1512 [01:11<00:10, 46.60step/s]
[Origin 8/13] 🎲 Drawing Posterior Samples:  68%|██████▊   | 1027/1512 [01:11<00:10, 48.43step/s]
[Origin 8/13] 🎲 Drawing Posterior Samples:  68%|██████▊   | 1032/1512 [01:11<00:10, 47.01step/s]
[Origin 8/13] 🎲 Drawing Posterior Samples:  69%|██████▊   | 1038/1512 [01:11<00:09, 48.32step/s]
[Origin 8/13] 🎲 Drawing Posterior Samples:  69%|██████▉   | 1043/1512 [01:11<00:09, 47.42step/s]
[Origin 8/13] 🎲 Drawing Posterior Samples:  69%|██████▉   | 1048/1512 [01:11<00:09, 47.21step/s]
[Origin 8/13] 🎲 Drawing Posterior Samples:  70%|██████▉   | 1053/1512 [01:11<00:09, 47.49step/s]
[Origin 8/13] 🎲 Drawing Posterior Samples:  70%|██████▉   | 1058/1512 [01:12<00:09, 46.05step/s]
[Origin 8/13] 🎲 Drawing Posterior Samples:  70%|███████   | 1064/1512 [01:12<00:09, 48.04step/s]
[Origin 8/13] 🎲 Drawing Posterior Samples:  71%|███████   | 1069/1512 [01:12<00:09, 46.39step/s]
[Origin 8/13] 🎲 Drawing Posterior Samples:  71%|███████   | 1075/1512 [01:12<00:09, 48.21step/s]
[Origin 8/13] 🎲 Drawing Posterior Samples:  71%|███████▏  | 1080/1512 [01:12<00:09, 46.79step/s]
[Origin 8/13] 🎲 Drawing Posterior Samples:  72%|███████▏  | 1086/1512 [01:12<00:08, 47.47step/s]
[Origin 8/13] 🎲 Drawing Posterior Samples:  72%|███████▏  | 1091/1512 [01:12<00:08, 47.23step/s]
[Origin 8/13] 🎲 Drawing Posterior Samples:  72%|███████▏  | 1096/1512 [01:12<00:08, 47.17step/s]
[Origin 8/13] 🎲 Drawing Posterior Samples:  73%|███████▎  | 1101/1512 [01:13<00:18, 21.94step/s]
[Origin 8/13] 🎲 Drawing Posterior Samples:  73%|███████▎  | 1105/1512 [01:13<00:27, 14.74step/s]
[Origin 8/13] 🎲 Drawing Posterior Samples:  73%|███████▎  | 1108/1512 [01:14<00:33, 12.08step/s]
[Origin 8/13] 🎲 Drawing Posterior Samples:  73%|███████▎  | 1111/1512 [01:14<00:43,  9.23step/s]
[Origin 8/13] 🎲 Drawing Posterior Samples:  74%|███████▎  | 1113/1512 [01:15<00:46,  8.56step/s]
[Origin 8/13] 🎲 Drawing Posterior Samples:  74%|███████▎  | 1115/1512 [01:15<00:50,  7.86step/s]
[Origin 8/13] 🎲 Drawing Posterior Samples:  74%|███████▍  | 1117/1512 [01:15<00:53,  7.36step/s]
[Origin 8/13] 🎲 Drawing Posterior Samples:  74%|███████▍  | 1118/1512 [01:16<00:56,  7.01step/s]
[Origin 8/13] 🎲 Drawing Posterior Samples:  74%|███████▍  | 1119/1512 [01:16<00:59,  6.59step/s]
[Origin 8/13] 🎲 Drawing Posterior Samples:  74%|███████▍  | 1120/1512 [01:16<01:04,  6.11step/s]
[Origin 8/13] 🎲 Drawing Posterior Samples:  74%|███████▍  | 1121/1512 [01:16<01:02,  6.22step/s]
[Origin 8/13] 🎲 Drawing Posterior Samples:  74%|███████▍  | 1122/1512 [01:16<01:06,  5.91step/s]
[Origin 8/13] 🎲 Drawing Posterior Samples:  74%|███████▍  | 1123/1512 [01:17<01:07,  5.74step/s]
[Origin 8/13] 🎲 Drawing Posterior Samples:  74%|███████▍  | 1124/1512 [01:17<01:08,  5.69step/s]
[Origin 8/13] 🎲 Drawing Posterior Samples:  74%|███████▍  | 1125/1512 [01:17<01:07,  5.72step/s]
[Origin 8/13] 🎲 Drawing Posterior Samples:  74%|███████▍  | 1126/1512 [01:17<01:09,  5.59step/s]
[Origin 8/13] 🎲 Drawing Posterior Samples:  75%|███████▍  | 1127/1512 [01:17<01:04,  5.94step/s]
[Origin 8/13] 🎲 Drawing Posterior Samples:  75%|███████▍  | 1128/1512 [01:17<01:01,  6.21step/s]
[Origin 8/13] 🎲 Drawing Posterior Samples:  75%|███████▍  | 1129/1512 [01:18<01:03,  6.01step/s]
[Origin 8/13] 🎲 Drawing Posterior Samples:  75%|███████▍  | 1130/1512 [01:18<01:02,  6.07step/s]
[Origin 8/13] 🎲 Drawing Posterior Samples:  75%|███████▍  | 1131/1512 [01:18<01:01,  6.15step/s]
[Origin 8/13] 🎲 Drawing Posterior Samples:  75%|███████▍  | 1132/1512 [01:18<01:03,  5.94step/s]
[Origin 8/13] 🎲 Drawing Posterior Samples:  75%|███████▍  | 1133/1512 [01:18<01:07,  5.65step/s]
[Origin 8/13] 🎲 Drawing Posterior Samples:  75%|███████▌  | 1134/1512 [01:18<01:06,  5.67step/s]
[Origin 8/13] 🎲 Drawing Posterior Samples:  75%|███████▌  | 1135/1512 [01:33<29:00,  4.62s/step]
[Origin 8/13] 🎲 Drawing Posterior Samples:  75%|███████▌  | 1141/1512 [01:34<08:05,  1.31s/step]
[Origin 8/13] 🎲 Drawing Posterior Samples:  76%|███████▌  | 1150/1512 [01:34<03:09,  1.91step/s]
[Origin 8/13] 🎲 Drawing Posterior Samples:  77%|███████▋  | 1158/1512 [01:34<01:46,  3.32step/s]
[Origin 8/13] 🎲 Drawing Posterior Samples:  77%|███████▋  | 1165/1512 [01:34<01:09,  4.98step/s]
[Origin 8/13] 🎲 Drawing Posterior Samples:  78%|███████▊  | 1172/1512 [01:34<00:47,  7.23step/s]
[Origin 8/13] 🎲 Drawing Posterior Samples:  78%|███████▊  | 1179/1512 [01:34<00:32, 10.15step/s]
[Origin 8/13] 🎲 Drawing Posterior Samples:  78%|███████▊  | 1185/1512 [01:34<00:24, 13.21step/s]
[Origin 8/13] 🎲 Drawing Posterior Samples:  79%|███████▉  | 1191/1512 [01:34<00:19, 16.53step/s]
[Origin 8/13] 🎲 Drawing Posterior Samples:  79%|███████▉  | 1197/1512 [01:34<00:15, 20.27step/s]
[Origin 8/13] 🎲 Drawing Posterior Samples:  80%|███████▉  | 1203/1512 [01:35<00:12, 24.72step/s]
[Origin 8/13] 🎲 Drawing Posterior Samples:  80%|███████▉  | 1209/1512 [01:35<00:10, 28.53step/s]
[Origin 8/13] 🎲 Drawing Posterior Samples:  80%|████████  | 1215/1512 [01:35<00:09, 32.05step/s]
[Origin 8/13] 🎲 Drawing Posterior Samples:  81%|████████  | 1221/1512 [01:35<00:08, 36.32step/s]
[Origin 8/13] 🎲 Drawing Posterior Samples:  81%|████████  | 1226/1512 [01:35<00:07, 37.92step/s]
[Origin 8/13] 🎲 Drawing Posterior Samples:  81%|████████▏ | 1232/1512 [01:35<00:06, 41.59step/s]
[Origin 8/13] 🎲 Drawing Posterior Samples:  82%|████████▏ | 1237/1512 [01:35<00:06, 42.23step/s]
[Origin 8/13] 🎲 Drawing Posterior Samples:  82%|████████▏ | 1243/1512 [01:35<00:05, 44.96step/s]
[Origin 8/13] 🎲 Drawing Posterior Samples:  83%|████████▎ | 1248/1512 [01:36<00:05, 44.57step/s]
[Origin 8/13] 🎲 Drawing Posterior Samples:  83%|████████▎ | 1253/1512 [01:36<00:05, 45.37step/s]
[Origin 8/13] 🎲 Drawing Posterior Samples:  83%|████████▎ | 1258/1512 [01:36<00:05, 45.79step/s]
[Origin 8/13] 🎲 Drawing Posterior Samples:  84%|████████▎ | 1263/1512 [01:36<00:05, 45.31step/s]
[Origin 8/13] 🎲 Drawing Posterior Samples:  84%|████████▍ | 1269/1512 [01:36<00:05, 47.30step/s]
[Origin 8/13] 🎲 Drawing Posterior Samples:  84%|████████▍ | 1274/1512 [01:36<00:05, 46.31step/s]
[Origin 8/13] 🎲 Drawing Posterior Samples:  85%|████████▍ | 1280/1512 [01:36<00:04, 48.17step/s]
[Origin 8/13] 🎲 Drawing Posterior Samples:  85%|████████▍ | 1285/1512 [01:36<00:04, 46.93step/s]
[Origin 8/13] 🎲 Drawing Posterior Samples:  85%|████████▌ | 1291/1512 [01:36<00:04, 48.71step/s]
[Origin 8/13] 🎲 Drawing Posterior Samples:  86%|████████▌ | 1296/1512 [01:37<00:04, 47.15step/s]
[Origin 8/13] 🎲 Drawing Posterior Samples:  86%|████████▌ | 1302/1512 [01:37<00:04, 46.05step/s]
[Origin 8/13] 🎲 Drawing Posterior Samples:  87%|████████▋ | 1308/1512 [01:37<00:04, 47.95step/s]
[Origin 8/13] 🎲 Drawing Posterior Samples:  87%|████████▋ | 1313/1512 [01:37<00:04, 46.38step/s]
[Origin 8/13] 🎲 Drawing Posterior Samples:  87%|████████▋ | 1319/1512 [01:37<00:04, 48.15step/s]
[Origin 8/13] 🎲 Drawing Posterior Samples:  88%|████████▊ | 1324/1512 [01:37<00:04, 46.76step/s]
[Origin 8/13] 🎲 Drawing Posterior Samples:  88%|████████▊ | 1330/1512 [01:37<00:03, 46.96step/s]
[Origin 8/13] 🎲 Drawing Posterior Samples:  88%|████████▊ | 1335/1512 [01:37<00:03, 47.48step/s]
[Origin 8/13] 🎲 Drawing Posterior Samples:  89%|████████▊ | 1340/1512 [01:37<00:03, 46.36step/s]
[Origin 8/13] 🎲 Drawing Posterior Samples:  89%|████████▉ | 1346/1512 [01:38<00:03, 48.34step/s]
[Origin 8/13] 🎲 Drawing Posterior Samples:  89%|████████▉ | 1351/1512 [01:38<00:03, 46.56step/s]
[Origin 8/13] 🎲 Drawing Posterior Samples:  90%|████████▉ | 1357/1512 [01:38<00:03, 48.45step/s]
[Origin 8/13] 🎲 Drawing Posterior Samples:  90%|█████████ | 1362/1512 [01:38<00:03, 46.76step/s]
[Origin 8/13] 🎲 Drawing Posterior Samples:  90%|█████████ | 1368/1512 [01:38<00:02, 48.51step/s]
[Origin 8/13] 🎲 Drawing Posterior Samples:  91%|█████████ | 1373/1512 [01:38<00:02, 46.76step/s]
[Origin 8/13] 🎲 Drawing Posterior Samples:  91%|█████████ | 1378/1512 [01:38<00:02, 46.76step/s]
[Origin 8/13] 🎲 Drawing Posterior Samples:  91%|█████████▏| 1383/1512 [01:38<00:02, 46.85step/s]
[Origin 8/13] 🎲 Drawing Posterior Samples:  92%|█████████▏| 1388/1512 [01:38<00:02, 45.73step/s]
[Origin 8/13] 🎲 Drawing Posterior Samples:  92%|█████████▏| 1394/1512 [01:39<00:02, 47.89step/s]
[Origin 8/13] 🎲 Drawing Posterior Samples:  93%|█████████▎| 1399/1512 [01:39<00:02, 46.72step/s]
[Origin 8/13] 🎲 Drawing Posterior Samples:  93%|█████████▎| 1405/1512 [01:39<00:02, 48.53step/s]
[Origin 8/13] 🎲 Drawing Posterior Samples:  93%|█████████▎| 1410/1512 [01:39<00:02, 46.88step/s]
[Origin 8/13] 🎲 Drawing Posterior Samples:  94%|█████████▎| 1416/1512 [01:39<00:01, 48.59step/s]
[Origin 8/13] 🎲 Drawing Posterior Samples:  94%|█████████▍| 1421/1512 [01:39<00:01, 47.08step/s]
[Origin 8/13] 🎲 Drawing Posterior Samples:  94%|█████████▍| 1426/1512 [01:39<00:01, 46.86step/s]
[Origin 8/13] 🎲 Drawing Posterior Samples:  95%|█████████▍| 1431/1512 [01:39<00:01, 47.35step/s]
[Origin 8/13] 🎲 Drawing Posterior Samples:  95%|█████████▍| 1436/1512 [01:39<00:01, 45.86step/s]
[Origin 8/13] 🎲 Drawing Posterior Samples:  95%|█████████▌| 1442/1512 [01:40<00:01, 47.88step/s]
[Origin 8/13] 🎲 Drawing Posterior Samples:  96%|█████████▌| 1447/1512 [01:40<00:01, 46.57step/s]
[Origin 8/13] 🎲 Drawing Posterior Samples:  96%|█████████▌| 1453/1512 [01:40<00:01, 48.38step/s]
[Origin 8/13] 🎲 Drawing Posterior Samples:  96%|█████████▋| 1458/1512 [01:40<00:01, 47.01step/s]
[Origin 8/13] 🎲 Drawing Posterior Samples:  97%|█████████▋| 1464/1512 [01:40<00:01, 47.19step/s]
[Origin 8/13] 🎲 Drawing Posterior Samples:  97%|█████████▋| 1469/1512 [01:40<00:00, 47.47step/s]
[Origin 8/13] 🎲 Drawing Posterior Samples:  97%|█████████▋| 1474/1512 [01:40<00:00, 46.35step/s]
[Origin 8/13] 🎲 Drawing Posterior Samples:  98%|█████████▊| 1479/1512 [01:41<00:01, 21.65step/s]
[Origin 8/13] 🎲 Drawing Posterior Samples:  98%|█████████▊| 1483/1512 [01:41<00:01, 14.77step/s]
[Origin 8/13] 🎲 Drawing Posterior Samples:  98%|█████████▊| 1486/1512 [01:42<00:02, 12.64step/s]
[Origin 8/13] 🎲 Drawing Posterior Samples:  98%|█████████▊| 1489/1512 [01:42<00:02, 10.11step/s]
[Origin 8/13] 🎲 Drawing Posterior Samples:  99%|█████████▊| 1491/1512 [01:43<00:02,  8.16step/s]
[Origin 8/13] 🎲 Drawing Posterior Samples:  99%|█████████▊| 1493/1512 [01:43<00:02,  7.71step/s]
[Origin 8/13] 🎲 Drawing Posterior Samples:  99%|█████████▉| 1495/1512 [01:43<00:02,  7.42step/s]
[Origin 8/13] 🎲 Drawing Posterior Samples:  99%|█████████▉| 1496/1512 [01:43<00:02,  7.14step/s]
[Origin 8/13] 🎲 Drawing Posterior Samples:  99%|█████████▉| 1497/1512 [01:44<00:02,  6.89step/s]
[Origin 8/13] 🎲 Drawing Posterior Samples:  99%|█████████▉| 1498/1512 [01:44<00:02,  6.67step/s]
[Origin 8/13] 🎲 Drawing Posterior Samples:  99%|█████████▉| 1499/1512 [01:44<00:01,  6.54step/s]
[Origin 8/13] 🎲 Drawing Posterior Samples:  99%|█████████▉| 1500/1512 [01:44<00:01,  6.34step/s]
[Origin 8/13] 🎲 Drawing Posterior Samples:  99%|█████████▉| 1501/1512 [01:44<00:01,  5.63step/s]
[Origin 8/13] 🎲 Drawing Posterior Samples:  99%|█████████▉| 1502/1512 [01:45<00:01,  5.42step/s]
[Origin 8/13] 🎲 Drawing Posterior Samples:  99%|█████████▉| 1503/1512 [01:45<00:01,  5.80step/s]
[Origin 8/13] 🎲 Drawing Posterior Samples:  99%|█████████▉| 1504/1512 [01:45<00:01,  5.78step/s]
[Origin 8/13] 🎲 Drawing Posterior Samples: 100%|█████████▉| 1505/1512 [01:45<00:01,  5.72step/s]
[Origin 8/13] 🎲 Drawing Posterior Samples: 100%|█████████▉| 1506/1512 [01:45<00:01,  5.93step/s]
[Origin 8/13] 🎲 Drawing Posterior Samples: 100%|█████████▉| 1507/1512 [01:45<00:00,  5.82step/s]
[Origin 8/13] 🎲 Drawing Posterior Samples: 100%|█████████▉| 1508/1512 [01:46<00:00,  5.23step/s]
[Origin 8/13] 🎲 Drawing Posterior Samples: 100%|█████████▉| 1509/1512 [01:46<00:00,  5.72step/s]
[Origin 8/13] 🎲 Drawing Posterior Samples: 100%|█████████▉| 1510/1512 [01:46<00:00,  5.90step/s]
[Origin 8/13] 🎲 Drawing Posterior Samples: 100%|█████████▉| 1511/1512 [01:46<00:00,  6.20step/s]
[Origin 8/13] 🎲 Drawing Posterior Samples: 100%|██████████| 1512/1512 [01:46<00:00,  5.44step/s]
                                                                                                 

[Origin 9/13] 🎲 Drawing Posterior Samples:   0%|          | 0/1516 [00:00<?, ?step/s]
[Origin 9/13] 🎲 Drawing Posterior Samples:   0%|          | 5/1516 [00:00<00:31, 47.51step/s]
[Origin 9/13] 🎲 Drawing Posterior Samples:   1%|          | 10/1516 [00:00<00:38, 39.00step/s]
[Origin 9/13] 🎲 Drawing Posterior Samples:   1%|          | 16/1516 [00:00<00:33, 45.05step/s]
[Origin 9/13] 🎲 Drawing Posterior Samples:   1%|▏         | 21/1516 [00:00<00:37, 39.47step/s]
[Origin 9/13] 🎲 Drawing Posterior Samples:   2%|▏         | 26/1516 [00:00<00:37, 40.17step/s]
[Origin 9/13] 🎲 Drawing Posterior Samples:   2%|▏         | 31/1516 [00:00<00:39, 37.72step/s]
[Origin 9/13] 🎲 Drawing Posterior Samples:   2%|▏         | 35/1516 [00:00<00:39, 37.54step/s]
[Origin 9/13] 🎲 Drawing Posterior Samples:   3%|▎         | 39/1516 [00:00<00:39, 37.61step/s]
[Origin 9/13] 🎲 Drawing Posterior Samples:   3%|▎         | 43/1516 [00:01<00:42, 34.37step/s]
[Origin 9/13] 🎲 Drawing Posterior Samples:   3%|▎         | 47/1516 [00:01<00:44, 32.94step/s]
[Origin 9/13] 🎲 Drawing Posterior Samples:   3%|▎         | 51/1516 [00:01<00:43, 33.52step/s]
[Origin 9/13] 🎲 Drawing Posterior Samples:   4%|▎         | 55/1516 [00:01<00:44, 33.12step/s]
[Origin 9/13] 🎲 Drawing Posterior Samples:   4%|▍         | 59/1516 [00:01<00:43, 33.36step/s]
[Origin 9/13] 🎲 Drawing Posterior Samples:   4%|▍         | 63/1516 [00:01<00:44, 32.30step/s]
[Origin 9/13] 🎲 Drawing Posterior Samples:   4%|▍         | 67/1516 [00:01<00:45, 31.83step/s]
[Origin 9/13] 🎲 Drawing Posterior Samples:   5%|▍         | 71/1516 [00:02<00:44, 32.64step/s]
[Origin 9/13] 🎲 Drawing Posterior Samples:   5%|▍         | 75/1516 [00:02<00:43, 33.32step/s]
[Origin 9/13] 🎲 Drawing Posterior Samples:   5%|▌         | 79/1516 [00:02<00:43, 32.82step/s]
[Origin 9/13] 🎲 Drawing Posterior Samples:   5%|▌         | 83/1516 [00:02<00:42, 33.93step/s]
[Origin 9/13] 🎲 Drawing Posterior Samples:   6%|▌         | 87/1516 [00:02<00:40, 34.87step/s]
[Origin 9/13] 🎲 Drawing Posterior Samples:   6%|▌         | 91/1516 [00:02<00:39, 35.72step/s]
[Origin 9/13] 🎲 Drawing Posterior Samples:   6%|▋         | 95/1516 [00:02<00:38, 36.74step/s]
[Origin 9/13] 🎲 Drawing Posterior Samples:   7%|▋         | 99/1516 [00:02<00:40, 35.32step/s]
[Origin 9/13] 🎲 Drawing Posterior Samples:   7%|▋         | 103/1516 [00:02<00:39, 35.53step/s]
[Origin 9/13] 🎲 Drawing Posterior Samples:   7%|▋         | 107/1516 [00:03<00:39, 35.32step/s]
[Origin 9/13] 🎲 Drawing Posterior Samples:   7%|▋         | 111/1516 [00:03<00:40, 35.02step/s]
[Origin 9/13] 🎲 Drawing Posterior Samples:   8%|▊         | 115/1516 [00:03<00:40, 34.38step/s]
[Origin 9/13] 🎲 Drawing Posterior Samples:   8%|▊         | 119/1516 [00:03<00:41, 33.66step/s]
[Origin 9/13] 🎲 Drawing Posterior Samples:   8%|▊         | 123/1516 [00:03<00:45, 30.91step/s]
[Origin 9/13] 🎲 Drawing Posterior Samples:   8%|▊         | 127/1516 [00:03<00:44, 31.12step/s]
[Origin 9/13] 🎲 Drawing Posterior Samples:   9%|▊         | 131/1516 [00:03<00:44, 31.32step/s]
[Origin 9/13] 🎲 Drawing Posterior Samples:   9%|▉         | 136/1516 [00:03<00:39, 34.81step/s]
[Origin 9/13] 🎲 Drawing Posterior Samples:   9%|▉         | 141/1516 [00:04<00:36, 37.49step/s]
[Origin 9/13] 🎲 Drawing Posterior Samples:  10%|▉         | 145/1516 [00:04<00:36, 38.08step/s]
[Origin 9/13] 🎲 Drawing Posterior Samples:  10%|▉         | 151/1516 [00:04<00:32, 42.47step/s]
[Origin 9/13] 🎲 Drawing Posterior Samples:  10%|█         | 156/1516 [00:04<00:31, 42.63step/s]
[Origin 9/13] 🎲 Drawing Posterior Samples:  11%|█         | 161/1516 [00:04<00:32, 42.06step/s]
[Origin 9/13] 🎲 Drawing Posterior Samples:  11%|█         | 167/1516 [00:04<00:29, 45.23step/s]
[Origin 9/13] 🎲 Drawing Posterior Samples:  11%|█▏        | 172/1516 [00:04<00:30, 44.48step/s]
[Origin 9/13] 🎲 Drawing Posterior Samples:  12%|█▏        | 178/1516 [00:04<00:29, 46.10step/s]
[Origin 9/13] 🎲 Drawing Posterior Samples:  12%|█▏        | 183/1516 [00:04<00:31, 42.39step/s]
[Origin 9/13] 🎲 Drawing Posterior Samples:  12%|█▏        | 188/1516 [00:05<00:31, 42.31step/s]
[Origin 9/13] 🎲 Drawing Posterior Samples:  13%|█▎        | 193/1516 [00:05<00:33, 39.70step/s]
[Origin 9/13] 🎲 Drawing Posterior Samples:  13%|█▎        | 199/1516 [00:05<00:30, 43.29step/s]
[Origin 9/13] 🎲 Drawing Posterior Samples:  14%|█▎        | 205/1516 [00:05<00:28, 45.88step/s]
[Origin 9/13] 🎲 Drawing Posterior Samples:  14%|█▍        | 210/1516 [00:05<00:28, 45.21step/s]
[Origin 9/13] 🎲 Drawing Posterior Samples:  14%|█▍        | 216/1516 [00:05<00:27, 47.28step/s]
[Origin 9/13] 🎲 Drawing Posterior Samples:  15%|█▍        | 221/1516 [00:05<00:28, 46.01step/s]
[Origin 9/13] 🎲 Drawing Posterior Samples:  15%|█▍        | 227/1516 [00:05<00:27, 47.21step/s]
[Origin 9/13] 🎲 Drawing Posterior Samples:  15%|█▌        | 232/1516 [00:06<00:28, 45.62step/s]
[Origin 9/13] 🎲 Drawing Posterior Samples:  16%|█▌        | 237/1516 [00:06<00:28, 45.11step/s]
[Origin 9/13] 🎲 Drawing Posterior Samples:  16%|█▌        | 242/1516 [00:06<00:29, 43.40step/s]
[Origin 9/13] 🎲 Drawing Posterior Samples:  16%|█▋        | 247/1516 [00:06<00:28, 44.27step/s]
[Origin 9/13] 🎲 Drawing Posterior Samples:  17%|█▋        | 253/1516 [00:06<00:27, 45.39step/s]
[Origin 9/13] 🎲 Drawing Posterior Samples:  17%|█▋        | 258/1516 [00:06<00:30, 41.33step/s]
[Origin 9/13] 🎲 Drawing Posterior Samples:  17%|█▋        | 263/1516 [00:06<00:29, 42.17step/s]
[Origin 9/13] 🎲 Drawing Posterior Samples:  18%|█▊        | 269/1516 [00:06<00:27, 45.06step/s]
[Origin 9/13] 🎲 Drawing Posterior Samples:  18%|█▊        | 274/1516 [00:07<00:31, 40.05step/s]
[Origin 9/13] 🎲 Drawing Posterior Samples:  18%|█▊        | 280/1516 [00:07<00:28, 43.40step/s]
[Origin 9/13] 🎲 Drawing Posterior Samples:  19%|█▉        | 285/1516 [00:07<00:28, 43.68step/s]
[Origin 9/13] 🎲 Drawing Posterior Samples:  19%|█▉        | 290/1516 [00:07<00:28, 43.27step/s]
[Origin 9/13] 🎲 Drawing Posterior Samples:  19%|█▉        | 295/1516 [00:07<00:28, 43.11step/s]
[Origin 9/13] 🎲 Drawing Posterior Samples:  20%|█▉        | 301/1516 [00:07<00:26, 45.85step/s]
[Origin 9/13] 🎲 Drawing Posterior Samples:  20%|██        | 306/1516 [00:07<00:27, 43.80step/s]
[Origin 9/13] 🎲 Drawing Posterior Samples:  21%|██        | 311/1516 [00:07<00:28, 42.66step/s]
[Origin 9/13] 🎲 Drawing Posterior Samples:  21%|██        | 316/1516 [00:08<00:29, 40.16step/s]
[Origin 9/13] 🎲 Drawing Posterior Samples:  21%|██        | 322/1516 [00:08<00:27, 43.70step/s]
[Origin 9/13] 🎲 Drawing Posterior Samples:  22%|██▏       | 328/1516 [00:08<00:25, 46.05step/s]
[Origin 9/13] 🎲 Drawing Posterior Samples:  22%|██▏       | 333/1516 [00:08<00:25, 46.24step/s]
[Origin 9/13] 🎲 Drawing Posterior Samples:  22%|██▏       | 338/1516 [00:08<00:25, 46.28step/s]
[Origin 9/13] 🎲 Drawing Posterior Samples:  23%|██▎       | 343/1516 [00:08<00:26, 44.93step/s]
[Origin 9/13] 🎲 Drawing Posterior Samples:  23%|██▎       | 348/1516 [00:09<01:28, 13.15step/s]
[Origin 9/13] 🎲 Drawing Posterior Samples:  23%|██▎       | 352/1516 [00:10<02:07,  9.14step/s]
[Origin 9/13] 🎲 Drawing Posterior Samples:  23%|██▎       | 355/1516 [00:11<02:35,  7.47step/s]
[Origin 9/13] 🎲 Drawing Posterior Samples:  24%|██▎       | 357/1516 [00:11<02:43,  7.08step/s]
[Origin 9/13] 🎲 Drawing Posterior Samples:  24%|██▎       | 359/1516 [00:11<02:58,  6.48step/s]
[Origin 9/13] 🎲 Drawing Posterior Samples:  24%|██▍       | 361/1516 [00:12<03:03,  6.31step/s]
[Origin 9/13] 🎲 Drawing Posterior Samples:  24%|██▍       | 362/1516 [00:12<03:07,  6.17step/s]
[Origin 9/13] 🎲 Drawing Posterior Samples:  24%|██▍       | 363/1516 [00:12<03:13,  5.97step/s]
[Origin 9/13] 🎲 Drawing Posterior Samples:  24%|██▍       | 364/1516 [00:12<03:12,  5.98step/s]
[Origin 9/13] 🎲 Drawing Posterior Samples:  24%|██▍       | 365/1516 [00:12<03:20,  5.75step/s]
[Origin 9/13] 🎲 Drawing Posterior Samples:  24%|██▍       | 366/1516 [00:13<03:45,  5.09step/s]
[Origin 9/13] 🎲 Drawing Posterior Samples:  24%|██▍       | 367/1516 [00:13<04:02,  4.74step/s]
[Origin 9/13] 🎲 Drawing Posterior Samples:  24%|██▍       | 368/1516 [00:13<03:59,  4.79step/s]
[Origin 9/13] 🎲 Drawing Posterior Samples:  24%|██▍       | 369/1516 [00:13<03:55,  4.87step/s]
[Origin 9/13] 🎲 Drawing Posterior Samples:  24%|██▍       | 370/1516 [00:14<03:48,  5.02step/s]
[Origin 9/13] 🎲 Drawing Posterior Samples:  24%|██▍       | 371/1516 [00:14<03:41,  5.17step/s]
[Origin 9/13] 🎲 Drawing Posterior Samples:  25%|██▍       | 372/1516 [00:14<03:43,  5.12step/s]
[Origin 9/13] 🎲 Drawing Posterior Samples:  25%|██▍       | 373/1516 [00:14<03:56,  4.82step/s]
[Origin 9/13] 🎲 Drawing Posterior Samples:  25%|██▍       | 374/1516 [00:14<03:56,  4.84step/s]
[Origin 9/13] 🎲 Drawing Posterior Samples:  25%|██▍       | 375/1516 [00:15<04:07,  4.62step/s]
[Origin 9/13] 🎲 Drawing Posterior Samples:  25%|██▍       | 376/1516 [00:15<04:10,  4.54step/s]
[Origin 9/13] 🎲 Drawing Posterior Samples:  25%|██▍       | 377/1516 [00:15<04:15,  4.45step/s]
[Origin 9/13] 🎲 Drawing Posterior Samples:  25%|██▍       | 378/1516 [00:15<04:18,  4.40step/s]
[Origin 9/13] 🎲 Drawing Posterior Samples:  25%|██▌       | 379/1516 [00:16<04:04,  4.65step/s]
[Origin 9/13] 🎲 Drawing Posterior Samples:  25%|██▌       | 380/1516 [00:40<2:22:31,  7.53s/step]
[Origin 9/13] 🎲 Drawing Posterior Samples:  25%|██▌       | 386/1516 [00:40<40:00,  2.12s/step]  
[Origin 9/13] 🎲 Drawing Posterior Samples:  26%|██▌       | 392/1516 [00:40<19:47,  1.06s/step]
[Origin 9/13] 🎲 Drawing Posterior Samples:  26%|██▋       | 398/1516 [00:41<11:35,  1.61step/s]
[Origin 9/13] 🎲 Drawing Posterior Samples:  27%|██▋       | 403/1516 [00:41<07:51,  2.36step/s]
[Origin 9/13] 🎲 Drawing Posterior Samples:  27%|██▋       | 407/1516 [00:41<05:49,  3.17step/s]
[Origin 9/13] 🎲 Drawing Posterior Samples:  27%|██▋       | 411/1516 [00:41<04:21,  4.23step/s]
[Origin 9/13] 🎲 Drawing Posterior Samples:  27%|██▋       | 416/1516 [00:41<03:02,  6.04step/s]
[Origin 9/13] 🎲 Drawing Posterior Samples:  28%|██▊       | 420/1516 [00:41<02:19,  7.84step/s]
[Origin 9/13] 🎲 Drawing Posterior Samples:  28%|██▊       | 426/1516 [00:41<01:35, 11.47step/s]
[Origin 9/13] 🎲 Drawing Posterior Samples:  28%|██▊       | 430/1516 [00:41<01:17, 13.95step/s]
[Origin 9/13] 🎲 Drawing Posterior Samples:  29%|██▊       | 434/1516 [00:42<01:05, 16.55step/s]
[Origin 9/13] 🎲 Drawing Posterior Samples:  29%|██▉       | 438/1516 [00:42<01:03, 17.09step/s]
[Origin 9/13] 🎲 Drawing Posterior Samples:  29%|██▉       | 442/1516 [00:42<00:56, 19.01step/s]
[Origin 9/13] 🎲 Drawing Posterior Samples:  29%|██▉       | 446/1516 [00:42<00:48, 22.17step/s]
[Origin 9/13] 🎲 Drawing Posterior Samples:  30%|██▉       | 451/1516 [00:42<00:38, 27.32step/s]
[Origin 9/13] 🎲 Drawing Posterior Samples:  30%|███       | 455/1516 [00:42<00:35, 29.60step/s]
[Origin 9/13] 🎲 Drawing Posterior Samples:  30%|███       | 459/1516 [00:42<00:34, 30.74step/s]
[Origin 9/13] 🎲 Drawing Posterior Samples:  31%|███       | 463/1516 [00:42<00:33, 31.15step/s]
[Origin 9/13] 🎲 Drawing Posterior Samples:  31%|███       | 467/1516 [00:43<00:37, 28.22step/s]
[Origin 9/13] 🎲 Drawing Posterior Samples:  31%|███       | 471/1516 [00:43<00:35, 29.46step/s]
[Origin 9/13] 🎲 Drawing Posterior Samples:  31%|███▏      | 477/1516 [00:43<00:29, 35.58step/s]
[Origin 9/13] 🎲 Drawing Posterior Samples:  32%|███▏      | 482/1516 [00:43<00:28, 36.07step/s]
[Origin 9/13] 🎲 Drawing Posterior Samples:  32%|███▏      | 486/1516 [00:43<00:29, 35.30step/s]
[Origin 9/13] 🎲 Drawing Posterior Samples:  32%|███▏      | 490/1516 [00:43<00:29, 34.91step/s]
[Origin 9/13] 🎲 Drawing Posterior Samples:  33%|███▎      | 494/1516 [00:43<00:31, 32.65step/s]
[Origin 9/13] 🎲 Drawing Posterior Samples:  33%|███▎      | 498/1516 [00:44<00:36, 28.00step/s]
[Origin 9/13] 🎲 Drawing Posterior Samples:  33%|███▎      | 501/1516 [00:44<00:37, 27.28step/s]
[Origin 9/13] 🎲 Drawing Posterior Samples:  33%|███▎      | 505/1516 [00:44<00:34, 29.33step/s]
[Origin 9/13] 🎲 Drawing Posterior Samples:  34%|███▎      | 510/1516 [00:44<00:29, 34.31step/s]
[Origin 9/13] 🎲 Drawing Posterior Samples:  34%|███▍      | 516/1516 [00:44<00:25, 39.51step/s]
[Origin 9/13] 🎲 Drawing Posterior Samples:  34%|███▍      | 522/1516 [00:44<00:23, 43.15step/s]
[Origin 9/13] 🎲 Drawing Posterior Samples:  35%|███▍      | 527/1516 [00:44<00:23, 42.44step/s]
[Origin 9/13] 🎲 Drawing Posterior Samples:  35%|███▌      | 532/1516 [00:44<00:28, 34.09step/s]
[Origin 9/13] 🎲 Drawing Posterior Samples:  35%|███▌      | 536/1516 [00:45<00:32, 30.27step/s]
[Origin 9/13] 🎲 Drawing Posterior Samples:  36%|███▌      | 540/1516 [00:45<00:32, 29.99step/s]
[Origin 9/13] 🎲 Drawing Posterior Samples:  36%|███▌      | 544/1516 [00:45<00:30, 31.53step/s]
[Origin 9/13] 🎲 Drawing Posterior Samples:  36%|███▌      | 548/1516 [00:45<00:32, 29.44step/s]
[Origin 9/13] 🎲 Drawing Posterior Samples:  36%|███▋      | 552/1516 [00:45<00:33, 28.81step/s]
[Origin 9/13] 🎲 Drawing Posterior Samples:  37%|███▋      | 556/1516 [00:45<00:32, 29.88step/s]
[Origin 9/13] 🎲 Drawing Posterior Samples:  37%|███▋      | 560/1516 [00:46<00:36, 26.06step/s]
[Origin 9/13] 🎲 Drawing Posterior Samples:  37%|███▋      | 563/1516 [00:46<00:38, 24.62step/s]
[Origin 9/13] 🎲 Drawing Posterior Samples:  37%|███▋      | 566/1516 [00:46<00:37, 25.54step/s]
[Origin 9/13] 🎲 Drawing Posterior Samples:  38%|███▊      | 570/1516 [00:46<00:34, 27.81step/s]
[Origin 9/13] 🎲 Drawing Posterior Samples:  38%|███▊      | 575/1516 [00:46<00:28, 32.52step/s]
[Origin 9/13] 🎲 Drawing Posterior Samples:  38%|███▊      | 580/1516 [00:46<00:25, 36.09step/s]
[Origin 9/13] 🎲 Drawing Posterior Samples:  39%|███▊      | 584/1516 [00:46<00:25, 36.92step/s]
[Origin 9/13] 🎲 Drawing Posterior Samples:  39%|███▉      | 590/1516 [00:46<00:22, 41.55step/s]
[Origin 9/13] 🎲 Drawing Posterior Samples:  39%|███▉      | 595/1516 [00:46<00:21, 41.88step/s]
[Origin 9/13] 🎲 Drawing Posterior Samples:  40%|███▉      | 601/1516 [00:47<00:20, 44.95step/s]
[Origin 9/13] 🎲 Drawing Posterior Samples:  40%|███▉      | 606/1516 [00:47<00:20, 43.96step/s]
[Origin 9/13] 🎲 Drawing Posterior Samples:  40%|████      | 612/1516 [00:47<00:20, 44.42step/s]
[Origin 9/13] 🎲 Drawing Posterior Samples:  41%|████      | 618/1516 [00:47<00:19, 46.47step/s]
[Origin 9/13] 🎲 Drawing Posterior Samples:  41%|████      | 623/1516 [00:47<00:19, 45.61step/s]
[Origin 9/13] 🎲 Drawing Posterior Samples:  41%|████▏     | 629/1516 [00:47<00:18, 47.57step/s]
[Origin 9/13] 🎲 Drawing Posterior Samples:  42%|████▏     | 634/1516 [00:47<00:21, 41.44step/s]
[Origin 9/13] 🎲 Drawing Posterior Samples:  42%|████▏     | 640/1516 [00:47<00:19, 44.59step/s]
[Origin 9/13] 🎲 Drawing Posterior Samples:  43%|████▎     | 646/1516 [00:48<00:18, 46.66step/s]
[Origin 9/13] 🎲 Drawing Posterior Samples:  43%|████▎     | 651/1516 [00:48<00:19, 45.32step/s]
[Origin 9/13] 🎲 Drawing Posterior Samples:  43%|████▎     | 657/1516 [00:48<00:18, 47.20step/s]
[Origin 9/13] 🎲 Drawing Posterior Samples:  44%|████▎     | 662/1516 [00:48<00:18, 45.51step/s]
[Origin 9/13] 🎲 Drawing Posterior Samples:  44%|████▍     | 668/1516 [00:48<00:18, 44.98step/s]
[Origin 9/13] 🎲 Drawing Posterior Samples:  44%|████▍     | 673/1516 [00:48<00:18, 44.60step/s]
[Origin 9/13] 🎲 Drawing Posterior Samples:  45%|████▍     | 679/1516 [00:48<00:17, 46.93step/s]
[Origin 9/13] 🎲 Drawing Posterior Samples:  45%|████▌     | 685/1516 [00:48<00:17, 48.39step/s]
[Origin 9/13] 🎲 Drawing Posterior Samples:  46%|████▌     | 690/1516 [00:48<00:17, 46.73step/s]
[Origin 9/13] 🎲 Drawing Posterior Samples:  46%|████▌     | 696/1516 [00:49<00:17, 46.42step/s]
[Origin 9/13] 🎲 Drawing Posterior Samples:  46%|████▌     | 701/1516 [00:49<00:17, 46.57step/s]
[Origin 9/13] 🎲 Drawing Posterior Samples:  47%|████▋     | 706/1516 [00:49<00:20, 39.68step/s]
[Origin 9/13] 🎲 Drawing Posterior Samples:  47%|████▋     | 711/1516 [00:49<00:23, 34.01step/s]
[Origin 9/13] 🎲 Drawing Posterior Samples:  47%|████▋     | 715/1516 [00:49<00:24, 32.20step/s]
[Origin 9/13] 🎲 Drawing Posterior Samples:  47%|████▋     | 719/1516 [00:49<00:24, 32.08step/s]
[Origin 9/13] 🎲 Drawing Posterior Samples:  48%|████▊     | 723/1516 [00:50<00:37, 21.32step/s]
[Origin 9/13] 🎲 Drawing Posterior Samples:  48%|████▊     | 726/1516 [00:50<00:53, 14.84step/s]
[Origin 9/13] 🎲 Drawing Posterior Samples:  48%|████▊     | 729/1516 [00:51<01:06, 11.88step/s]
[Origin 9/13] 🎲 Drawing Posterior Samples:  48%|████▊     | 731/1516 [00:51<01:18, 10.04step/s]
[Origin 9/13] 🎲 Drawing Posterior Samples:  48%|████▊     | 733/1516 [00:51<01:38,  7.91step/s]
[Origin 9/13] 🎲 Drawing Posterior Samples:  48%|████▊     | 735/1516 [00:52<01:55,  6.78step/s]
[Origin 9/13] 🎲 Drawing Posterior Samples:  49%|████▊     | 736/1516 [00:52<02:07,  6.12step/s]
[Origin 9/13] 🎲 Drawing Posterior Samples:  49%|████▊     | 737/1516 [00:52<02:07,  6.11step/s]
[Origin 9/13] 🎲 Drawing Posterior Samples:  49%|████▊     | 738/1516 [00:52<02:03,  6.28step/s]
[Origin 9/13] 🎲 Drawing Posterior Samples:  49%|████▊     | 739/1516 [00:53<02:19,  5.57step/s]
[Origin 9/13] 🎲 Drawing Posterior Samples:  49%|████▉     | 740/1516 [00:53<02:15,  5.73step/s]
[Origin 9/13] 🎲 Drawing Posterior Samples:  49%|████▉     | 741/1516 [00:53<02:11,  5.89step/s]
[Origin 9/13] 🎲 Drawing Posterior Samples:  49%|████▉     | 742/1516 [00:53<02:09,  5.96step/s]
[Origin 9/13] 🎲 Drawing Posterior Samples:  49%|████▉     | 743/1516 [00:53<02:09,  5.97step/s]
[Origin 9/13] 🎲 Drawing Posterior Samples:  49%|████▉     | 744/1516 [00:53<02:08,  6.01step/s]
[Origin 9/13] 🎲 Drawing Posterior Samples:  49%|████▉     | 745/1516 [00:54<02:07,  6.06step/s]
[Origin 9/13] 🎲 Drawing Posterior Samples:  49%|████▉     | 746/1516 [00:54<02:06,  6.11step/s]
[Origin 9/13] 🎲 Drawing Posterior Samples:  49%|████▉     | 747/1516 [00:54<02:10,  5.87step/s]
[Origin 9/13] 🎲 Drawing Posterior Samples:  49%|████▉     | 748/1516 [00:54<02:16,  5.63step/s]
[Origin 9/13] 🎲 Drawing Posterior Samples:  49%|████▉     | 749/1516 [00:54<02:18,  5.52step/s]
[Origin 9/13] 🎲 Drawing Posterior Samples:  49%|████▉     | 750/1516 [00:54<02:18,  5.53step/s]
[Origin 9/13] 🎲 Drawing Posterior Samples:  50%|████▉     | 751/1516 [00:55<02:19,  5.47step/s]
[Origin 9/13] 🎲 Drawing Posterior Samples:  50%|████▉     | 752/1516 [00:55<02:19,  5.49step/s]
[Origin 9/13] 🎲 Drawing Posterior Samples:  50%|████▉     | 753/1516 [00:55<02:14,  5.66step/s]
[Origin 9/13] 🎲 Drawing Posterior Samples:  50%|████▉     | 754/1516 [00:55<02:14,  5.66step/s]
[Origin 9/13] 🎲 Drawing Posterior Samples:  50%|████▉     | 755/1516 [00:55<02:12,  5.76step/s]
[Origin 9/13] 🎲 Drawing Posterior Samples:  50%|████▉     | 756/1516 [00:56<02:13,  5.71step/s]
[Origin 9/13] 🎲 Drawing Posterior Samples:  50%|████▉     | 757/1516 [00:56<02:21,  5.36step/s]
[Origin 9/13] 🎲 Drawing Posterior Samples:  50%|█████     | 758/1516 [00:56<02:57,  4.26step/s]
[Origin 9/13] 🎲 Drawing Posterior Samples:  50%|█████     | 759/1516 [01:15<1:12:10,  5.72s/step]
[Origin 9/13] 🎲 Drawing Posterior Samples:  50%|█████     | 764/1516 [01:15<22:59,  1.83s/step]  
[Origin 9/13] 🎲 Drawing Posterior Samples:  51%|█████     | 770/1516 [01:15<10:38,  1.17step/s]
[Origin 9/13] 🎲 Drawing Posterior Samples:  51%|█████     | 775/1516 [01:15<06:33,  1.88step/s]
[Origin 9/13] 🎲 Drawing Posterior Samples:  52%|█████▏    | 781/1516 [01:15<03:59,  3.07step/s]
[Origin 9/13] 🎲 Drawing Posterior Samples:  52%|█████▏    | 786/1516 [01:15<02:46,  4.39step/s]
[Origin 9/13] 🎲 Drawing Posterior Samples:  52%|█████▏    | 791/1516 [01:15<01:58,  6.14step/s]
[Origin 9/13] 🎲 Drawing Posterior Samples:  53%|█████▎    | 797/1516 [01:15<01:20,  8.91step/s]
[Origin 9/13] 🎲 Drawing Posterior Samples:  53%|█████▎    | 803/1516 [01:16<00:57, 12.33step/s]
[Origin 9/13] 🎲 Drawing Posterior Samples:  53%|█████▎    | 808/1516 [01:16<00:45, 15.49step/s]
[Origin 9/13] 🎲 Drawing Posterior Samples:  54%|█████▎    | 813/1516 [01:16<00:36, 19.13step/s]
[Origin 9/13] 🎲 Drawing Posterior Samples:  54%|█████▍    | 818/1516 [01:16<00:30, 22.54step/s]
[Origin 9/13] 🎲 Drawing Posterior Samples:  54%|█████▍    | 824/1516 [01:16<00:24, 27.78step/s]
[Origin 9/13] 🎲 Drawing Posterior Samples:  55%|█████▍    | 830/1516 [01:16<00:21, 32.64step/s]
[Origin 9/13] 🎲 Drawing Posterior Samples:  55%|█████▌    | 835/1516 [01:16<00:19, 34.88step/s]
[Origin 9/13] 🎲 Drawing Posterior Samples:  55%|█████▌    | 841/1516 [01:16<00:17, 37.92step/s]
[Origin 9/13] 🎲 Drawing Posterior Samples:  56%|█████▌    | 846/1516 [01:16<00:17, 38.90step/s]
[Origin 9/13] 🎲 Drawing Posterior Samples:  56%|█████▌    | 852/1516 [01:17<00:15, 42.49step/s]
[Origin 9/13] 🎲 Drawing Posterior Samples:  57%|█████▋    | 858/1516 [01:17<00:14, 44.97step/s]
[Origin 9/13] 🎲 Drawing Posterior Samples:  57%|█████▋    | 863/1516 [01:17<00:14, 44.51step/s]
[Origin 9/13] 🎲 Drawing Posterior Samples:  57%|█████▋    | 869/1516 [01:17<00:14, 45.51step/s]
[Origin 9/13] 🎲 Drawing Posterior Samples:  58%|█████▊    | 874/1516 [01:17<00:14, 43.23step/s]
[Origin 9/13] 🎲 Drawing Posterior Samples:  58%|█████▊    | 880/1516 [01:17<00:13, 45.75step/s]
[Origin 9/13] 🎲 Drawing Posterior Samples:  58%|█████▊    | 886/1516 [01:17<00:13, 47.46step/s]
[Origin 9/13] 🎲 Drawing Posterior Samples:  59%|█████▉    | 891/1516 [01:17<00:13, 46.02step/s]
[Origin 9/13] 🎲 Drawing Posterior Samples:  59%|█████▉    | 897/1516 [01:18<00:12, 47.85step/s]
[Origin 9/13] 🎲 Drawing Posterior Samples:  59%|█████▉    | 902/1516 [01:18<00:13, 43.92step/s]
[Origin 9/13] 🎲 Drawing Posterior Samples:  60%|█████▉    | 908/1516 [01:18<00:13, 46.33step/s]
[Origin 9/13] 🎲 Drawing Posterior Samples:  60%|██████    | 914/1516 [01:18<00:12, 48.08step/s]
[Origin 9/13] 🎲 Drawing Posterior Samples:  61%|██████    | 919/1516 [01:18<00:12, 46.44step/s]
[Origin 9/13] 🎲 Drawing Posterior Samples:  61%|██████    | 925/1516 [01:18<00:12, 48.13step/s]
[Origin 9/13] 🎲 Drawing Posterior Samples:  61%|██████▏   | 930/1516 [01:18<00:13, 44.11step/s]
[Origin 9/13] 🎲 Drawing Posterior Samples:  62%|██████▏   | 936/1516 [01:18<00:12, 46.45step/s]
[Origin 9/13] 🎲 Drawing Posterior Samples:  62%|██████▏   | 942/1516 [01:18<00:11, 47.95step/s]
[Origin 9/13] 🎲 Drawing Posterior Samples:  62%|██████▏   | 947/1516 [01:19<00:12, 46.35step/s]
[Origin 9/13] 🎲 Drawing Posterior Samples:  63%|██████▎   | 953/1516 [01:19<00:11, 47.89step/s]
[Origin 9/13] 🎲 Drawing Posterior Samples:  63%|██████▎   | 958/1516 [01:19<00:12, 44.02step/s]
[Origin 9/13] 🎲 Drawing Posterior Samples:  64%|██████▎   | 964/1516 [01:19<00:11, 46.37step/s]
[Origin 9/13] 🎲 Drawing Posterior Samples:  64%|██████▍   | 970/1516 [01:19<00:11, 48.03step/s]
[Origin 9/13] 🎲 Drawing Posterior Samples:  64%|██████▍   | 975/1516 [01:19<00:11, 46.26step/s]
[Origin 9/13] 🎲 Drawing Posterior Samples:  65%|██████▍   | 981/1516 [01:19<00:11, 48.10step/s]
[Origin 9/13] 🎲 Drawing Posterior Samples:  65%|██████▌   | 986/1516 [01:19<00:11, 44.18step/s]
[Origin 9/13] 🎲 Drawing Posterior Samples:  65%|██████▌   | 992/1516 [01:20<00:11, 46.48step/s]
[Origin 9/13] 🎲 Drawing Posterior Samples:  66%|██████▌   | 998/1516 [01:20<00:10, 47.99step/s]
[Origin 9/13] 🎲 Drawing Posterior Samples:  66%|██████▌   | 1003/1516 [01:20<00:11, 46.34step/s]
[Origin 9/13] 🎲 Drawing Posterior Samples:  67%|██████▋   | 1009/1516 [01:20<00:10, 47.94step/s]
[Origin 9/13] 🎲 Drawing Posterior Samples:  67%|██████▋   | 1014/1516 [01:20<00:11, 44.30step/s]
[Origin 9/13] 🎲 Drawing Posterior Samples:  67%|██████▋   | 1020/1516 [01:20<00:10, 46.63step/s]
[Origin 9/13] 🎲 Drawing Posterior Samples:  68%|██████▊   | 1026/1516 [01:20<00:10, 48.29step/s]
[Origin 9/13] 🎲 Drawing Posterior Samples:  68%|██████▊   | 1031/1516 [01:20<00:10, 46.99step/s]
[Origin 9/13] 🎲 Drawing Posterior Samples:  68%|██████▊   | 1037/1516 [01:21<00:09, 48.55step/s]
[Origin 9/13] 🎲 Drawing Posterior Samples:  69%|██████▊   | 1042/1516 [01:21<00:10, 44.35step/s]
[Origin 9/13] 🎲 Drawing Posterior Samples:  69%|██████▉   | 1048/1516 [01:21<00:10, 46.65step/s]
[Origin 9/13] 🎲 Drawing Posterior Samples:  70%|██████▉   | 1054/1516 [01:21<00:09, 48.24step/s]
[Origin 9/13] 🎲 Drawing Posterior Samples:  70%|██████▉   | 1059/1516 [01:21<00:09, 46.47step/s]
[Origin 9/13] 🎲 Drawing Posterior Samples:  70%|███████   | 1065/1516 [01:21<00:09, 48.00step/s]
[Origin 9/13] 🎲 Drawing Posterior Samples:  71%|███████   | 1070/1516 [01:21<00:10, 44.35step/s]
[Origin 9/13] 🎲 Drawing Posterior Samples:  71%|███████   | 1076/1516 [01:21<00:09, 46.69step/s]
[Origin 9/13] 🎲 Drawing Posterior Samples:  71%|███████▏  | 1082/1516 [01:21<00:08, 48.33step/s]
[Origin 9/13] 🎲 Drawing Posterior Samples:  72%|███████▏  | 1087/1516 [01:22<00:09, 47.18step/s]
[Origin 9/13] 🎲 Drawing Posterior Samples:  72%|███████▏  | 1093/1516 [01:22<00:08, 48.73step/s]
[Origin 9/13] 🎲 Drawing Posterior Samples:  72%|███████▏  | 1098/1516 [01:22<00:09, 45.28step/s]
[Origin 9/13] 🎲 Drawing Posterior Samples:  73%|███████▎  | 1103/1516 [01:22<00:15, 27.08step/s]
[Origin 9/13] 🎲 Drawing Posterior Samples:  73%|███████▎  | 1107/1516 [01:23<00:26, 15.44step/s]
[Origin 9/13] 🎲 Drawing Posterior Samples:  73%|███████▎  | 1110/1516 [01:24<00:42,  9.49step/s]
[Origin 9/13] 🎲 Drawing Posterior Samples:  73%|███████▎  | 1113/1516 [01:24<00:43,  9.20step/s]
[Origin 9/13] 🎲 Drawing Posterior Samples:  74%|███████▎  | 1115/1516 [01:24<00:46,  8.72step/s]
[Origin 9/13] 🎲 Drawing Posterior Samples:  74%|███████▎  | 1117/1516 [01:25<00:48,  8.14step/s]
[Origin 9/13] 🎲 Drawing Posterior Samples:  74%|███████▍  | 1119/1516 [01:25<00:52,  7.63step/s]
[Origin 9/13] 🎲 Drawing Posterior Samples:  74%|███████▍  | 1120/1516 [01:25<00:52,  7.48step/s]
[Origin 9/13] 🎲 Drawing Posterior Samples:  74%|███████▍  | 1121/1516 [01:25<00:55,  7.10step/s]
[Origin 9/13] 🎲 Drawing Posterior Samples:  74%|███████▍  | 1122/1516 [01:25<00:58,  6.69step/s]
[Origin 9/13] 🎲 Drawing Posterior Samples:  74%|███████▍  | 1123/1516 [01:26<01:01,  6.34step/s]
[Origin 9/13] 🎲 Drawing Posterior Samples:  74%|███████▍  | 1124/1516 [01:26<01:06,  5.86step/s]
[Origin 9/13] 🎲 Drawing Posterior Samples:  74%|███████▍  | 1125/1516 [01:26<01:09,  5.62step/s]
[Origin 9/13] 🎲 Drawing Posterior Samples:  74%|███████▍  | 1126/1516 [01:26<01:08,  5.72step/s]
[Origin 9/13] 🎲 Drawing Posterior Samples:  74%|███████▍  | 1127/1516 [01:26<01:20,  4.84step/s]
[Origin 9/13] 🎲 Drawing Posterior Samples:  74%|███████▍  | 1128/1516 [01:27<01:17,  4.98step/s]
[Origin 9/13] 🎲 Drawing Posterior Samples:  74%|███████▍  | 1129/1516 [01:27<01:17,  4.99step/s]
[Origin 9/13] 🎲 Drawing Posterior Samples:  75%|███████▍  | 1130/1516 [01:27<01:16,  5.07step/s]
[Origin 9/13] 🎲 Drawing Posterior Samples:  75%|███████▍  | 1131/1516 [01:27<01:21,  4.74step/s]
[Origin 9/13] 🎲 Drawing Posterior Samples:  75%|███████▍  | 1132/1516 [01:27<01:16,  5.04step/s]
[Origin 9/13] 🎲 Drawing Posterior Samples:  75%|███████▍  | 1133/1516 [01:28<01:13,  5.24step/s]
[Origin 9/13] 🎲 Drawing Posterior Samples:  75%|███████▍  | 1134/1516 [01:28<01:10,  5.39step/s]
[Origin 9/13] 🎲 Drawing Posterior Samples:  75%|███████▍  | 1135/1516 [01:28<01:12,  5.28step/s]
[Origin 9/13] 🎲 Drawing Posterior Samples:  75%|███████▍  | 1136/1516 [01:28<01:10,  5.36step/s]
[Origin 9/13] 🎲 Drawing Posterior Samples:  75%|███████▌  | 1137/1516 [01:28<01:07,  5.62step/s]
[Origin 9/13] 🎲 Drawing Posterior Samples:  75%|███████▌  | 1138/1516 [01:44<29:29,  4.68s/step]
[Origin 9/13] 🎲 Drawing Posterior Samples:  75%|███████▌  | 1144/1516 [01:44<08:13,  1.33s/step]
[Origin 9/13] 🎲 Drawing Posterior Samples:  76%|███████▌  | 1150/1516 [01:44<04:02,  1.51step/s]
[Origin 9/13] 🎲 Drawing Posterior Samples:  76%|███████▌  | 1155/1516 [01:44<02:32,  2.37step/s]
[Origin 9/13] 🎲 Drawing Posterior Samples:  77%|███████▋  | 1161/1516 [01:44<01:33,  3.78step/s]
[Origin 9/13] 🎲 Drawing Posterior Samples:  77%|███████▋  | 1165/1516 [01:44<01:10,  4.99step/s]
[Origin 9/13] 🎲 Drawing Posterior Samples:  77%|███████▋  | 1171/1516 [01:44<00:46,  7.49step/s]
[Origin 9/13] 🎲 Drawing Posterior Samples:  78%|███████▊  | 1177/1516 [01:44<00:31, 10.64step/s]
[Origin 9/13] 🎲 Drawing Posterior Samples:  78%|███████▊  | 1182/1516 [01:44<00:24, 13.60step/s]
[Origin 9/13] 🎲 Drawing Posterior Samples:  78%|███████▊  | 1188/1516 [01:45<00:18, 18.08step/s]
[Origin 9/13] 🎲 Drawing Posterior Samples:  79%|███████▊  | 1193/1516 [01:45<00:15, 21.15step/s]
[Origin 9/13] 🎲 Drawing Posterior Samples:  79%|███████▉  | 1199/1516 [01:45<00:12, 26.26step/s]
[Origin 9/13] 🎲 Drawing Posterior Samples:  79%|███████▉  | 1205/1516 [01:45<00:09, 31.13step/s]
[Origin 9/13] 🎲 Drawing Posterior Samples:  80%|███████▉  | 1210/1516 [01:45<00:09, 33.56step/s]
[Origin 9/13] 🎲 Drawing Posterior Samples:  80%|████████  | 1216/1516 [01:45<00:07, 37.95step/s]
[Origin 9/13] 🎲 Drawing Posterior Samples:  81%|████████  | 1221/1516 [01:45<00:07, 37.75step/s]
[Origin 9/13] 🎲 Drawing Posterior Samples:  81%|████████  | 1227/1516 [01:45<00:06, 41.57step/s]
[Origin 9/13] 🎲 Drawing Posterior Samples:  81%|████████▏ | 1233/1516 [01:46<00:06, 44.49step/s]
[Origin 9/13] 🎲 Drawing Posterior Samples:  82%|████████▏ | 1238/1516 [01:46<00:06, 44.11step/s]
[Origin 9/13] 🎲 Drawing Posterior Samples:  82%|████████▏ | 1244/1516 [01:46<00:05, 46.43step/s]
[Origin 9/13] 🎲 Drawing Posterior Samples:  82%|████████▏ | 1249/1516 [01:46<00:06, 43.31step/s]
[Origin 9/13] 🎲 Drawing Posterior Samples:  83%|████████▎ | 1255/1516 [01:46<00:05, 45.93step/s]
[Origin 9/13] 🎲 Drawing Posterior Samples:  83%|████████▎ | 1261/1516 [01:46<00:05, 47.67step/s]
[Origin 9/13] 🎲 Drawing Posterior Samples:  84%|████████▎ | 1266/1516 [01:46<00:05, 47.44step/s]
[Origin 9/13] 🎲 Drawing Posterior Samples:  84%|████████▍ | 1271/1516 [01:46<00:05, 47.23step/s]
[Origin 9/13] 🎲 Drawing Posterior Samples:  84%|████████▍ | 1276/1516 [01:46<00:05, 44.48step/s]
[Origin 9/13] 🎲 Drawing Posterior Samples:  84%|████████▍ | 1281/1516 [01:47<00:05, 45.75step/s]
[Origin 9/13] 🎲 Drawing Posterior Samples:  85%|████████▍ | 1287/1516 [01:47<00:04, 47.71step/s]
[Origin 9/13] 🎲 Drawing Posterior Samples:  85%|████████▌ | 1293/1516 [01:47<00:04, 49.06step/s]
[Origin 9/13] 🎲 Drawing Posterior Samples:  86%|████████▌ | 1298/1516 [01:47<00:04, 47.13step/s]
[Origin 9/13] 🎲 Drawing Posterior Samples:  86%|████████▌ | 1304/1516 [01:47<00:04, 46.56step/s]
[Origin 9/13] 🎲 Drawing Posterior Samples:  86%|████████▋ | 1309/1516 [01:47<00:04, 45.69step/s]
[Origin 9/13] 🎲 Drawing Posterior Samples:  87%|████████▋ | 1315/1516 [01:47<00:04, 47.70step/s]
[Origin 9/13] 🎲 Drawing Posterior Samples:  87%|████████▋ | 1321/1516 [01:47<00:03, 48.87step/s]
[Origin 9/13] 🎲 Drawing Posterior Samples:  87%|████████▋ | 1326/1516 [01:48<00:04, 47.07step/s]
[Origin 9/13] 🎲 Drawing Posterior Samples:  88%|████████▊ | 1332/1516 [01:48<00:03, 47.34step/s]
[Origin 9/13] 🎲 Drawing Posterior Samples:  88%|████████▊ | 1337/1516 [01:48<00:03, 47.08step/s]
[Origin 9/13] 🎲 Drawing Posterior Samples:  89%|████████▊ | 1342/1516 [01:48<00:03, 47.21step/s]
[Origin 9/13] 🎲 Drawing Posterior Samples:  89%|████████▉ | 1347/1516 [01:48<00:03, 47.28step/s]
[Origin 9/13] 🎲 Drawing Posterior Samples:  89%|████████▉ | 1352/1516 [01:48<00:03, 46.60step/s]
[Origin 9/13] 🎲 Drawing Posterior Samples:  90%|████████▉ | 1358/1516 [01:48<00:03, 48.17step/s]
[Origin 9/13] 🎲 Drawing Posterior Samples:  90%|████████▉ | 1363/1516 [01:48<00:03, 46.28step/s]
[Origin 9/13] 🎲 Drawing Posterior Samples:  90%|█████████ | 1369/1516 [01:48<00:03, 48.24step/s]
[Origin 9/13] 🎲 Drawing Posterior Samples:  91%|█████████ | 1374/1516 [01:49<00:03, 47.02step/s]
[Origin 9/13] 🎲 Drawing Posterior Samples:  91%|█████████ | 1380/1516 [01:49<00:02, 47.13step/s]
[Origin 9/13] 🎲 Drawing Posterior Samples:  91%|█████████▏| 1385/1516 [01:49<00:02, 47.05step/s]
[Origin 9/13] 🎲 Drawing Posterior Samples:  92%|█████████▏| 1390/1516 [01:49<00:02, 45.67step/s]
[Origin 9/13] 🎲 Drawing Posterior Samples:  92%|█████████▏| 1396/1516 [01:49<00:02, 47.70step/s]
[Origin 9/13] 🎲 Drawing Posterior Samples:  92%|█████████▏| 1401/1516 [01:49<00:02, 46.07step/s]
[Origin 9/13] 🎲 Drawing Posterior Samples:  93%|█████████▎| 1407/1516 [01:49<00:02, 47.96step/s]
[Origin 9/13] 🎲 Drawing Posterior Samples:  93%|█████████▎| 1412/1516 [01:49<00:02, 46.65step/s]
[Origin 9/13] 🎲 Drawing Posterior Samples:  94%|█████████▎| 1418/1516 [01:49<00:02, 46.13step/s]
[Origin 9/13] 🎲 Drawing Posterior Samples:  94%|█████████▍| 1424/1516 [01:50<00:01, 48.03step/s]
[Origin 9/13] 🎲 Drawing Posterior Samples:  94%|█████████▍| 1429/1516 [01:50<00:01, 46.79step/s]
[Origin 9/13] 🎲 Drawing Posterior Samples:  95%|█████████▍| 1435/1516 [01:50<00:01, 48.48step/s]
[Origin 9/13] 🎲 Drawing Posterior Samples:  95%|█████████▍| 1440/1516 [01:50<00:01, 47.10step/s]
[Origin 9/13] 🎲 Drawing Posterior Samples:  95%|█████████▌| 1446/1516 [01:50<00:01, 46.96step/s]
[Origin 9/13] 🎲 Drawing Posterior Samples:  96%|█████████▌| 1451/1516 [01:50<00:01, 47.35step/s]
[Origin 9/13] 🎲 Drawing Posterior Samples:  96%|█████████▌| 1457/1516 [01:50<00:01, 46.28step/s]
[Origin 9/13] 🎲 Drawing Posterior Samples:  97%|█████████▋| 1463/1516 [01:50<00:01, 48.11step/s]
[Origin 9/13] 🎲 Drawing Posterior Samples:  97%|█████████▋| 1468/1516 [01:51<00:01, 46.36step/s]
[Origin 9/13] 🎲 Drawing Posterior Samples:  97%|█████████▋| 1474/1516 [01:51<00:00, 46.71step/s]
[Origin 9/13] 🎲 Drawing Posterior Samples:  98%|█████████▊| 1479/1516 [01:51<00:00, 46.92step/s]
[Origin 9/13] 🎲 Drawing Posterior Samples:  98%|█████████▊| 1484/1516 [01:51<00:01, 20.87step/s]
[Origin 9/13] 🎲 Drawing Posterior Samples:  98%|█████████▊| 1488/1516 [01:52<00:01, 14.29step/s]
[Origin 9/13] 🎲 Drawing Posterior Samples:  98%|█████████▊| 1491/1516 [01:52<00:02, 11.62step/s]
[Origin 9/13] 🎲 Drawing Posterior Samples:  99%|█████████▊| 1494/1516 [01:53<00:02,  9.40step/s]
[Origin 9/13] 🎲 Drawing Posterior Samples:  99%|█████████▊| 1496/1516 [01:53<00:02,  8.41step/s]
[Origin 9/13] 🎲 Drawing Posterior Samples:  99%|█████████▉| 1498/1516 [01:54<00:02,  7.72step/s]
[Origin 9/13] 🎲 Drawing Posterior Samples:  99%|█████████▉| 1500/1516 [01:54<00:02,  7.12step/s]
[Origin 9/13] 🎲 Drawing Posterior Samples:  99%|█████████▉| 1501/1516 [01:54<00:02,  6.89step/s]
[Origin 9/13] 🎲 Drawing Posterior Samples:  99%|█████████▉| 1502/1516 [01:54<00:02,  6.47step/s]
[Origin 9/13] 🎲 Drawing Posterior Samples:  99%|█████████▉| 1503/1516 [01:54<00:02,  6.39step/s]
[Origin 9/13] 🎲 Drawing Posterior Samples:  99%|█████████▉| 1504/1516 [01:55<00:01,  6.20step/s]
[Origin 9/13] 🎲 Drawing Posterior Samples:  99%|█████████▉| 1505/1516 [01:55<00:01,  6.08step/s]
[Origin 9/13] 🎲 Drawing Posterior Samples:  99%|█████████▉| 1506/1516 [01:55<00:01,  5.95step/s]
[Origin 9/13] 🎲 Drawing Posterior Samples:  99%|█████████▉| 1507/1516 [01:55<00:01,  5.48step/s]
[Origin 9/13] 🎲 Drawing Posterior Samples:  99%|█████████▉| 1508/1516 [01:55<00:01,  5.60step/s]
[Origin 9/13] 🎲 Drawing Posterior Samples: 100%|█████████▉| 1509/1516 [01:56<00:01,  5.53step/s]
[Origin 9/13] 🎲 Drawing Posterior Samples: 100%|█████████▉| 1510/1516 [01:56<00:01,  5.41step/s]
[Origin 9/13] 🎲 Drawing Posterior Samples: 100%|█████████▉| 1511/1516 [01:56<00:00,  5.47step/s]
[Origin 9/13] 🎲 Drawing Posterior Samples: 100%|█████████▉| 1512/1516 [01:56<00:00,  5.33step/s]
[Origin 9/13] 🎲 Drawing Posterior Samples: 100%|█████████▉| 1513/1516 [01:56<00:00,  5.26step/s]
[Origin 9/13] 🎲 Drawing Posterior Samples: 100%|█████████▉| 1514/1516 [01:56<00:00,  5.47step/s]
[Origin 9/13] 🎲 Drawing Posterior Samples: 100%|█████████▉| 1515/1516 [01:57<00:00,  5.51step/s]
[Origin 9/13] 🎲 Drawing Posterior Samples: 100%|██████████| 1516/1516 [01:57<00:00,  5.28step/s]
                                                                                                 

[Origin 10/13] 🎲 Drawing Posterior Samples:   0%|          | 0/1520 [00:00<?, ?step/s]
[Origin 10/13] 🎲 Drawing Posterior Samples:   0%|          | 5/1520 [00:00<00:30, 49.99step/s]
[Origin 10/13] 🎲 Drawing Posterior Samples:   1%|          | 11/1520 [00:00<00:30, 48.68step/s]
[Origin 10/13] 🎲 Drawing Posterior Samples:   1%|          | 16/1520 [00:00<00:31, 48.16step/s]
[Origin 10/13] 🎲 Drawing Posterior Samples:   1%|▏         | 21/1520 [00:00<00:32, 46.11step/s]
[Origin 10/13] 🎲 Drawing Posterior Samples:   2%|▏         | 27/1520 [00:00<00:30, 48.55step/s]
[Origin 10/13] 🎲 Drawing Posterior Samples:   2%|▏         | 32/1520 [00:00<00:31, 46.66step/s]
[Origin 10/13] 🎲 Drawing Posterior Samples:   2%|▎         | 38/1520 [00:00<00:30, 48.64step/s]
[Origin 10/13] 🎲 Drawing Posterior Samples:   3%|▎         | 43/1520 [00:00<00:31, 46.99step/s]
[Origin 10/13] 🎲 Drawing Posterior Samples:   3%|▎         | 49/1520 [00:01<00:31, 46.54step/s]
[Origin 10/13] 🎲 Drawing Posterior Samples:   4%|▎         | 55/1520 [00:01<00:30, 47.69step/s]
[Origin 10/13] 🎲 Drawing Posterior Samples:   4%|▍         | 60/1520 [00:01<00:31, 46.20step/s]
[Origin 10/13] 🎲 Drawing Posterior Samples:   4%|▍         | 66/1520 [00:01<00:30, 47.94step/s]
[Origin 10/13] 🎲 Drawing Posterior Samples:   5%|▍         | 71/1520 [00:01<00:31, 46.05step/s]
[Origin 10/13] 🎲 Drawing Posterior Samples:   5%|▌         | 77/1520 [00:01<00:30, 48.00step/s]
[Origin 10/13] 🎲 Drawing Posterior Samples:   5%|▌         | 82/1520 [00:01<00:30, 46.59step/s]
[Origin 10/13] 🎲 Drawing Posterior Samples:   6%|▌         | 87/1520 [00:01<00:30, 46.73step/s]
[Origin 10/13] 🎲 Drawing Posterior Samples:   6%|▌         | 92/1520 [00:01<00:30, 46.91step/s]
[Origin 10/13] 🎲 Drawing Posterior Samples:   6%|▋         | 97/1520 [00:02<00:31, 45.66step/s]
[Origin 10/13] 🎲 Drawing Posterior Samples:   7%|▋         | 103/1520 [00:02<00:29, 47.84step/s]
[Origin 10/13] 🎲 Drawing Posterior Samples:   7%|▋         | 108/1520 [00:02<00:30, 46.44step/s]
[Origin 10/13] 🎲 Drawing Posterior Samples:   8%|▊         | 114/1520 [00:02<00:29, 48.22step/s]
[Origin 10/13] 🎲 Drawing Posterior Samples:   8%|▊         | 119/1520 [00:02<00:30, 46.70step/s]
[Origin 10/13] 🎲 Drawing Posterior Samples:   8%|▊         | 125/1520 [00:02<00:29, 47.09step/s]
[Origin 10/13] 🎲 Drawing Posterior Samples:   9%|▊         | 130/1520 [00:02<00:29, 47.16step/s]
[Origin 10/13] 🎲 Drawing Posterior Samples:   9%|▉         | 135/1520 [00:02<00:30, 45.97step/s]
[Origin 10/13] 🎲 Drawing Posterior Samples:   9%|▉         | 141/1520 [00:02<00:28, 47.93step/s]
[Origin 10/13] 🎲 Drawing Posterior Samples:  10%|▉         | 146/1520 [00:03<00:29, 46.75step/s]
[Origin 10/13] 🎲 Drawing Posterior Samples:  10%|█         | 152/1520 [00:03<00:28, 48.53step/s]
[Origin 10/13] 🎲 Drawing Posterior Samples:  10%|█         | 157/1520 [00:03<00:28, 47.03step/s]
[Origin 10/13] 🎲 Drawing Posterior Samples:  11%|█         | 163/1520 [00:03<00:27, 48.71step/s]
[Origin 10/13] 🎲 Drawing Posterior Samples:  11%|█         | 168/1520 [00:03<00:28, 46.86step/s]
[Origin 10/13] 🎲 Drawing Posterior Samples:  11%|█▏        | 173/1520 [00:03<00:28, 46.78step/s]
[Origin 10/13] 🎲 Drawing Posterior Samples:  12%|█▏        | 178/1520 [00:03<00:28, 47.30step/s]
[Origin 10/13] 🎲 Drawing Posterior Samples:  12%|█▏        | 183/1520 [00:03<00:28, 46.31step/s]
[Origin 10/13] 🎲 Drawing Posterior Samples:  12%|█▏        | 189/1520 [00:03<00:27, 48.18step/s]
[Origin 10/13] 🎲 Drawing Posterior Samples:  13%|█▎        | 194/1520 [00:04<00:28, 46.73step/s]
[Origin 10/13] 🎲 Drawing Posterior Samples:  13%|█▎        | 200/1520 [00:04<00:27, 48.45step/s]
[Origin 10/13] 🎲 Drawing Posterior Samples:  13%|█▎        | 205/1520 [00:04<00:27, 47.00step/s]
[Origin 10/13] 🎲 Drawing Posterior Samples:  14%|█▍        | 211/1520 [00:04<00:27, 47.48step/s]
[Origin 10/13] 🎲 Drawing Posterior Samples:  14%|█▍        | 216/1520 [00:04<00:27, 47.43step/s]
[Origin 10/13] 🎲 Drawing Posterior Samples:  15%|█▍        | 221/1520 [00:04<00:27, 47.40step/s]
[Origin 10/13] 🎲 Drawing Posterior Samples:  15%|█▍        | 226/1520 [00:04<00:27, 47.13step/s]
[Origin 10/13] 🎲 Drawing Posterior Samples:  15%|█▌        | 231/1520 [00:04<00:27, 46.21step/s]
[Origin 10/13] 🎲 Drawing Posterior Samples:  16%|█▌        | 237/1520 [00:05<00:26, 48.12step/s]
[Origin 10/13] 🎲 Drawing Posterior Samples:  16%|█▌        | 242/1520 [00:05<00:27, 46.50step/s]
[Origin 10/13] 🎲 Drawing Posterior Samples:  16%|█▋        | 248/1520 [00:05<00:26, 48.28step/s]
[Origin 10/13] 🎲 Drawing Posterior Samples:  17%|█▋        | 253/1520 [00:05<00:27, 46.69step/s]
[Origin 10/13] 🎲 Drawing Posterior Samples:  17%|█▋        | 259/1520 [00:05<00:27, 46.22step/s]
[Origin 10/13] 🎲 Drawing Posterior Samples:  17%|█▋        | 264/1520 [00:05<00:27, 45.02step/s]
[Origin 10/13] 🎲 Drawing Posterior Samples:  18%|█▊        | 270/1520 [00:05<00:26, 47.24step/s]
[Origin 10/13] 🎲 Drawing Posterior Samples:  18%|█▊        | 276/1520 [00:05<00:25, 48.62step/s]
[Origin 10/13] 🎲 Drawing Posterior Samples:  18%|█▊        | 281/1520 [00:05<00:26, 47.03step/s]
[Origin 10/13] 🎲 Drawing Posterior Samples:  19%|█▉        | 287/1520 [00:06<00:25, 48.64step/s]
[Origin 10/13] 🎲 Drawing Posterior Samples:  19%|█▉        | 292/1520 [00:06<00:26, 47.02step/s]
[Origin 10/13] 🎲 Drawing Posterior Samples:  20%|█▉        | 297/1520 [00:06<00:25, 47.32step/s]
[Origin 10/13] 🎲 Drawing Posterior Samples:  20%|█▉        | 302/1520 [00:06<00:25, 47.01step/s]
[Origin 10/13] 🎲 Drawing Posterior Samples:  20%|██        | 307/1520 [00:06<00:26, 46.04step/s]
[Origin 10/13] 🎲 Drawing Posterior Samples:  21%|██        | 313/1520 [00:06<00:25, 47.82step/s]
[Origin 10/13] 🎲 Drawing Posterior Samples:  21%|██        | 318/1520 [00:06<00:25, 46.31step/s]
[Origin 10/13] 🎲 Drawing Posterior Samples:  21%|██▏       | 324/1520 [00:06<00:24, 48.23step/s]
[Origin 10/13] 🎲 Drawing Posterior Samples:  22%|██▏       | 329/1520 [00:06<00:25, 46.42step/s]
[Origin 10/13] 🎲 Drawing Posterior Samples:  22%|██▏       | 335/1520 [00:07<00:25, 46.59step/s]
[Origin 10/13] 🎲 Drawing Posterior Samples:  22%|██▏       | 340/1520 [00:07<00:25, 47.14step/s]
[Origin 10/13] 🎲 Drawing Posterior Samples:  23%|██▎       | 345/1520 [00:07<00:35, 32.67step/s]
[Origin 10/13] 🎲 Drawing Posterior Samples:  23%|██▎       | 349/1520 [00:07<01:01, 18.98step/s]
[Origin 10/13] 🎲 Drawing Posterior Samples:  23%|██▎       | 352/1520 [00:08<01:17, 15.10step/s]
[Origin 10/13] 🎲 Drawing Posterior Samples:  23%|██▎       | 355/1520 [00:08<01:43, 11.22step/s]
[Origin 10/13] 🎲 Drawing Posterior Samples:  23%|██▎       | 357/1520 [00:09<01:57,  9.91step/s]
[Origin 10/13] 🎲 Drawing Posterior Samples:  24%|██▎       | 359/1520 [00:09<02:17,  8.46step/s]
[Origin 10/13] 🎲 Drawing Posterior Samples:  24%|██▍       | 361/1520 [00:10<03:12,  6.03step/s]
[Origin 10/13] 🎲 Drawing Posterior Samples:  24%|██▍       | 362/1520 [00:10<03:43,  5.19step/s]
[Origin 10/13] 🎲 Drawing Posterior Samples:  24%|██▍       | 363/1520 [00:10<04:19,  4.46step/s]
[Origin 10/13] 🎲 Drawing Posterior Samples:  24%|██▍       | 364/1520 [00:11<03:59,  4.82step/s]
[Origin 10/13] 🎲 Drawing Posterior Samples:  24%|██▍       | 365/1520 [00:11<03:40,  5.24step/s]
[Origin 10/13] 🎲 Drawing Posterior Samples:  24%|██▍       | 366/1520 [00:11<03:30,  5.49step/s]
[Origin 10/13] 🎲 Drawing Posterior Samples:  24%|██▍       | 367/1520 [00:11<04:13,  4.55step/s]
[Origin 10/13] 🎲 Drawing Posterior Samples:  24%|██▍       | 368/1520 [00:11<04:27,  4.31step/s]
[Origin 10/13] 🎲 Drawing Posterior Samples:  24%|██▍       | 369/1520 [00:12<04:01,  4.78step/s]
[Origin 10/13] 🎲 Drawing Posterior Samples:  24%|██▍       | 370/1520 [00:12<03:56,  4.85step/s]
[Origin 10/13] 🎲 Drawing Posterior Samples:  24%|██▍       | 371/1520 [00:12<03:45,  5.09step/s]
[Origin 10/13] 🎲 Drawing Posterior Samples:  24%|██▍       | 372/1520 [00:12<03:47,  5.06step/s]
[Origin 10/13] 🎲 Drawing Posterior Samples:  25%|██▍       | 373/1520 [00:12<03:29,  5.49step/s]
[Origin 10/13] 🎲 Drawing Posterior Samples:  25%|██▍       | 374/1520 [00:12<03:17,  5.80step/s]
[Origin 10/13] 🎲 Drawing Posterior Samples:  25%|██▍       | 375/1520 [00:13<03:16,  5.83step/s]
[Origin 10/13] 🎲 Drawing Posterior Samples:  25%|██▍       | 376/1520 [00:13<03:12,  5.93step/s]
[Origin 10/13] 🎲 Drawing Posterior Samples:  25%|██▍       | 377/1520 [00:13<03:11,  5.97step/s]
[Origin 10/13] 🎲 Drawing Posterior Samples:  25%|██▍       | 378/1520 [00:13<03:19,  5.72step/s]
[Origin 10/13] 🎲 Drawing Posterior Samples:  25%|██▍       | 379/1520 [00:13<03:25,  5.56step/s]
[Origin 10/13] 🎲 Drawing Posterior Samples:  25%|██▌       | 380/1520 [00:13<03:29,  5.44step/s]
[Origin 10/13] 🎲 Drawing Posterior Samples:  25%|██▌       | 381/1520 [00:38<2:24:10,  7.59s/step]
[Origin 10/13] 🎲 Drawing Posterior Samples:  25%|██▌       | 387/1520 [00:39<40:26,  2.14s/step]  
[Origin 10/13] 🎲 Drawing Posterior Samples:  26%|██▌       | 391/1520 [00:39<24:06,  1.28s/step]
[Origin 10/13] 🎲 Drawing Posterior Samples:  26%|██▌       | 397/1520 [00:39<12:58,  1.44step/s]
[Origin 10/13] 🎲 Drawing Posterior Samples:  27%|██▋       | 403/1520 [00:39<07:53,  2.36step/s]
[Origin 10/13] 🎲 Drawing Posterior Samples:  27%|██▋       | 408/1520 [00:39<05:27,  3.39step/s]
[Origin 10/13] 🎲 Drawing Posterior Samples:  27%|██▋       | 413/1520 [00:39<03:51,  4.78step/s]
[Origin 10/13] 🎲 Drawing Posterior Samples:  28%|██▊       | 418/1520 [00:39<02:49,  6.50step/s]
[Origin 10/13] 🎲 Drawing Posterior Samples:  28%|██▊       | 424/1520 [00:39<01:57,  9.33step/s]
[Origin 10/13] 🎲 Drawing Posterior Samples:  28%|██▊       | 429/1520 [00:39<01:30, 12.02step/s]
[Origin 10/13] 🎲 Drawing Posterior Samples:  29%|██▊       | 435/1520 [00:40<01:07, 16.06step/s]
[Origin 10/13] 🎲 Drawing Posterior Samples:  29%|██▉       | 440/1520 [00:40<00:56, 19.11step/s]
[Origin 10/13] 🎲 Drawing Posterior Samples:  29%|██▉       | 445/1520 [00:40<00:46, 23.26step/s]
[Origin 10/13] 🎲 Drawing Posterior Samples:  30%|██▉       | 451/1520 [00:40<00:37, 28.50step/s]
[Origin 10/13] 🎲 Drawing Posterior Samples:  30%|███       | 457/1520 [00:40<00:33, 32.13step/s]
[Origin 10/13] 🎲 Drawing Posterior Samples:  30%|███       | 463/1520 [00:40<00:29, 35.63step/s]
[Origin 10/13] 🎲 Drawing Posterior Samples:  31%|███       | 468/1520 [00:40<00:27, 38.43step/s]
[Origin 10/13] 🎲 Drawing Posterior Samples:  31%|███       | 473/1520 [00:40<00:26, 38.98step/s]
[Origin 10/13] 🎲 Drawing Posterior Samples:  31%|███▏      | 478/1520 [00:41<00:26, 39.27step/s]
[Origin 10/13] 🎲 Drawing Posterior Samples:  32%|███▏      | 484/1520 [00:41<00:24, 42.90step/s]
[Origin 10/13] 🎲 Drawing Posterior Samples:  32%|███▏      | 490/1520 [00:41<00:22, 45.59step/s]
[Origin 10/13] 🎲 Drawing Posterior Samples:  33%|███▎      | 495/1520 [00:41<00:23, 44.21step/s]
[Origin 10/13] 🎲 Drawing Posterior Samples:  33%|███▎      | 500/1520 [00:41<00:23, 43.71step/s]
[Origin 10/13] 🎲 Drawing Posterior Samples:  33%|███▎      | 506/1520 [00:41<00:22, 45.08step/s]
[Origin 10/13] 🎲 Drawing Posterior Samples:  34%|███▎      | 511/1520 [00:41<00:22, 44.50step/s]
[Origin 10/13] 🎲 Drawing Posterior Samples:  34%|███▍      | 517/1520 [00:41<00:21, 46.84step/s]
[Origin 10/13] 🎲 Drawing Posterior Samples:  34%|███▍      | 522/1520 [00:42<00:21, 45.46step/s]
[Origin 10/13] 🎲 Drawing Posterior Samples:  35%|███▍      | 528/1520 [00:42<00:20, 47.42step/s]
[Origin 10/13] 🎲 Drawing Posterior Samples:  35%|███▌      | 533/1520 [00:42<00:21, 46.08step/s]
[Origin 10/13] 🎲 Drawing Posterior Samples:  35%|███▌      | 539/1520 [00:42<00:20, 47.74step/s]
[Origin 10/13] 🎲 Drawing Posterior Samples:  36%|███▌      | 544/1520 [00:42<00:21, 46.42step/s]
[Origin 10/13] 🎲 Drawing Posterior Samples:  36%|███▌      | 549/1520 [00:42<00:20, 46.61step/s]
[Origin 10/13] 🎲 Drawing Posterior Samples:  36%|███▋      | 554/1520 [00:42<00:22, 43.09step/s]
[Origin 10/13] 🎲 Drawing Posterior Samples:  37%|███▋      | 560/1520 [00:42<00:21, 45.15step/s]
[Origin 10/13] 🎲 Drawing Posterior Samples:  37%|███▋      | 565/1520 [00:42<00:21, 44.51step/s]
[Origin 10/13] 🎲 Drawing Posterior Samples:  38%|███▊      | 571/1520 [00:43<00:20, 46.83step/s]
[Origin 10/13] 🎲 Drawing Posterior Samples:  38%|███▊      | 577/1520 [00:43<00:21, 44.31step/s]
[Origin 10/13] 🎲 Drawing Posterior Samples:  38%|███▊      | 582/1520 [00:43<00:21, 44.62step/s]
[Origin 10/13] 🎲 Drawing Posterior Samples:  39%|███▊      | 587/1520 [00:43<00:21, 43.69step/s]
[Origin 10/13] 🎲 Drawing Posterior Samples:  39%|███▉      | 593/1520 [00:43<00:20, 46.07step/s]
[Origin 10/13] 🎲 Drawing Posterior Samples:  39%|███▉      | 598/1520 [00:43<00:20, 45.27step/s]
[Origin 10/13] 🎲 Drawing Posterior Samples:  40%|███▉      | 603/1520 [00:43<00:21, 42.45step/s]
[Origin 10/13] 🎲 Drawing Posterior Samples:  40%|████      | 608/1520 [00:43<00:21, 42.92step/s]
[Origin 10/13] 🎲 Drawing Posterior Samples:  40%|████      | 614/1520 [00:44<00:20, 44.73step/s]
[Origin 10/13] 🎲 Drawing Posterior Samples:  41%|████      | 619/1520 [00:44<00:20, 44.45step/s]
[Origin 10/13] 🎲 Drawing Posterior Samples:  41%|████      | 625/1520 [00:44<00:20, 44.52step/s]
[Origin 10/13] 🎲 Drawing Posterior Samples:  41%|████▏     | 630/1520 [00:44<00:19, 45.13step/s]
[Origin 10/13] 🎲 Drawing Posterior Samples:  42%|████▏     | 635/1520 [00:44<00:19, 46.38step/s]
[Origin 10/13] 🎲 Drawing Posterior Samples:  42%|████▏     | 640/1520 [00:44<00:19, 45.03step/s]
[Origin 10/13] 🎲 Drawing Posterior Samples:  42%|████▏     | 645/1520 [00:44<00:20, 42.86step/s]
[Origin 10/13] 🎲 Drawing Posterior Samples:  43%|████▎     | 650/1520 [00:44<00:20, 43.47step/s]
[Origin 10/13] 🎲 Drawing Posterior Samples:  43%|████▎     | 656/1520 [00:44<00:18, 45.58step/s]
[Origin 10/13] 🎲 Drawing Posterior Samples:  43%|████▎     | 661/1520 [00:45<00:18, 45.47step/s]
[Origin 10/13] 🎲 Drawing Posterior Samples:  44%|████▍     | 666/1520 [00:45<00:18, 45.39step/s]
[Origin 10/13] 🎲 Drawing Posterior Samples:  44%|████▍     | 672/1520 [00:45<00:18, 47.02step/s]
[Origin 10/13] 🎲 Drawing Posterior Samples:  45%|████▍     | 677/1520 [00:45<00:19, 42.17step/s]
[Origin 10/13] 🎲 Drawing Posterior Samples:  45%|████▍     | 683/1520 [00:45<00:18, 45.17step/s]
[Origin 10/13] 🎲 Drawing Posterior Samples:  45%|████▌     | 689/1520 [00:45<00:17, 47.10step/s]
[Origin 10/13] 🎲 Drawing Posterior Samples:  46%|████▌     | 694/1520 [00:45<00:17, 47.01step/s]
[Origin 10/13] 🎲 Drawing Posterior Samples:  46%|████▌     | 699/1520 [00:45<00:17, 46.94step/s]
[Origin 10/13] 🎲 Drawing Posterior Samples:  46%|████▋     | 704/1520 [00:46<00:17, 45.83step/s]
[Origin 10/13] 🎲 Drawing Posterior Samples:  47%|████▋     | 710/1520 [00:46<00:17, 46.24step/s]
[Origin 10/13] 🎲 Drawing Posterior Samples:  47%|████▋     | 715/1520 [00:46<00:19, 42.10step/s]
[Origin 10/13] 🎲 Drawing Posterior Samples:  47%|████▋     | 720/1520 [00:46<00:19, 41.17step/s]
[Origin 10/13] 🎲 Drawing Posterior Samples:  48%|████▊     | 725/1520 [00:46<00:24, 32.67step/s]
[Origin 10/13] 🎲 Drawing Posterior Samples:  48%|████▊     | 729/1520 [00:47<00:44, 17.60step/s]
[Origin 10/13] 🎲 Drawing Posterior Samples:  48%|████▊     | 732/1520 [00:47<01:00, 13.05step/s]
[Origin 10/13] 🎲 Drawing Posterior Samples:  48%|████▊     | 735/1520 [00:48<01:17, 10.18step/s]
[Origin 10/13] 🎲 Drawing Posterior Samples:  48%|████▊     | 737/1520 [00:48<01:27,  8.98step/s]
[Origin 10/13] 🎲 Drawing Posterior Samples:  49%|████▊     | 739/1520 [00:48<01:37,  7.99step/s]
[Origin 10/13] 🎲 Drawing Posterior Samples:  49%|████▉     | 741/1520 [00:49<01:49,  7.09step/s]
[Origin 10/13] 🎲 Drawing Posterior Samples:  49%|████▉     | 742/1520 [00:49<01:50,  7.02step/s]
[Origin 10/13] 🎲 Drawing Posterior Samples:  49%|████▉     | 743/1520 [00:49<01:51,  7.00step/s]
[Origin 10/13] 🎲 Drawing Posterior Samples:  49%|████▉     | 744/1520 [00:49<01:53,  6.84step/s]
[Origin 10/13] 🎲 Drawing Posterior Samples:  49%|████▉     | 745/1520 [00:49<01:58,  6.55step/s]
[Origin 10/13] 🎲 Drawing Posterior Samples:  49%|████▉     | 746/1520 [00:50<02:01,  6.40step/s]
[Origin 10/13] 🎲 Drawing Posterior Samples:  49%|████▉     | 747/1520 [00:50<02:07,  6.07step/s]
[Origin 10/13] 🎲 Drawing Posterior Samples:  49%|████▉     | 748/1520 [00:50<02:21,  5.47step/s]
[Origin 10/13] 🎲 Drawing Posterior Samples:  49%|████▉     | 749/1520 [00:50<02:32,  5.07step/s]
[Origin 10/13] 🎲 Drawing Posterior Samples:  49%|████▉     | 750/1520 [00:50<02:28,  5.20step/s]
[Origin 10/13] 🎲 Drawing Posterior Samples:  49%|████▉     | 751/1520 [00:51<02:18,  5.56step/s]
[Origin 10/13] 🎲 Drawing Posterior Samples:  49%|████▉     | 752/1520 [00:51<02:15,  5.68step/s]
[Origin 10/13] 🎲 Drawing Posterior Samples:  50%|████▉     | 753/1520 [00:51<02:14,  5.70step/s]
[Origin 10/13] 🎲 Drawing Posterior Samples:  50%|████▉     | 754/1520 [00:51<02:14,  5.69step/s]
[Origin 10/13] 🎲 Drawing Posterior Samples:  50%|████▉     | 755/1520 [00:51<02:10,  5.85step/s]
[Origin 10/13] 🎲 Drawing Posterior Samples:  50%|████▉     | 756/1520 [00:51<02:16,  5.59step/s]
[Origin 10/13] 🎲 Drawing Posterior Samples:  50%|████▉     | 757/1520 [00:52<02:14,  5.69step/s]
[Origin 10/13] 🎲 Drawing Posterior Samples:  50%|████▉     | 758/1520 [00:52<02:20,  5.44step/s]
[Origin 10/13] 🎲 Drawing Posterior Samples:  50%|████▉     | 759/1520 [00:52<02:18,  5.48step/s]
[Origin 10/13] 🎲 Drawing Posterior Samples:  50%|█████     | 760/1520 [00:52<02:10,  5.81step/s]
[Origin 10/13] 🎲 Drawing Posterior Samples:  50%|█████     | 761/1520 [01:10<1:11:07,  5.62s/step]
[Origin 10/13] 🎲 Drawing Posterior Samples:  50%|█████     | 765/1520 [01:11<26:18,  2.09s/step]  
[Origin 10/13] 🎲 Drawing Posterior Samples:  51%|█████     | 769/1520 [01:11<13:54,  1.11s/step]
[Origin 10/13] 🎲 Drawing Posterior Samples:  51%|█████     | 773/1520 [01:11<08:23,  1.48step/s]
[Origin 10/13] 🎲 Drawing Posterior Samples:  51%|█████     | 777/1520 [01:11<05:24,  2.29step/s]
[Origin 10/13] 🎲 Drawing Posterior Samples:  51%|█████▏    | 781/1520 [01:11<03:38,  3.38step/s]
[Origin 10/13] 🎲 Drawing Posterior Samples:  52%|█████▏    | 787/1520 [01:11<02:10,  5.61step/s]
[Origin 10/13] 🎲 Drawing Posterior Samples:  52%|█████▏    | 791/1520 [01:11<01:38,  7.43step/s]
[Origin 10/13] 🎲 Drawing Posterior Samples:  52%|█████▏    | 797/1520 [01:11<01:05, 11.05step/s]
[Origin 10/13] 🎲 Drawing Posterior Samples:  53%|█████▎    | 803/1520 [01:11<00:46, 15.30step/s]
[Origin 10/13] 🎲 Drawing Posterior Samples:  53%|█████▎    | 808/1520 [01:12<00:39, 18.08step/s]
[Origin 10/13] 🎲 Drawing Posterior Samples:  54%|█████▎    | 814/1520 [01:12<00:30, 22.85step/s]
[Origin 10/13] 🎲 Drawing Posterior Samples:  54%|█████▍    | 819/1520 [01:12<00:27, 25.61step/s]
[Origin 10/13] 🎲 Drawing Posterior Samples:  54%|█████▍    | 824/1520 [01:12<00:24, 28.38step/s]
[Origin 10/13] 🎲 Drawing Posterior Samples:  55%|█████▍    | 830/1520 [01:12<00:20, 33.49step/s]
[Origin 10/13] 🎲 Drawing Posterior Samples:  55%|█████▍    | 835/1520 [01:12<00:20, 33.83step/s]
[Origin 10/13] 🎲 Drawing Posterior Samples:  55%|█████▌    | 841/1520 [01:12<00:17, 38.37step/s]
[Origin 10/13] 🎲 Drawing Posterior Samples:  56%|█████▌    | 847/1520 [01:13<00:16, 41.95step/s]
[Origin 10/13] 🎲 Drawing Posterior Samples:  56%|█████▌    | 852/1520 [01:13<00:16, 39.79step/s]
[Origin 10/13] 🎲 Drawing Posterior Samples:  56%|█████▋    | 857/1520 [01:13<00:17, 37.22step/s]
[Origin 10/13] 🎲 Drawing Posterior Samples:  57%|█████▋    | 862/1520 [01:13<00:17, 36.97step/s]
[Origin 10/13] 🎲 Drawing Posterior Samples:  57%|█████▋    | 866/1520 [01:13<00:17, 37.13step/s]
[Origin 10/13] 🎲 Drawing Posterior Samples:  57%|█████▋    | 872/1520 [01:13<00:15, 41.30step/s]
[Origin 10/13] 🎲 Drawing Posterior Samples:  58%|█████▊    | 877/1520 [01:13<00:16, 38.04step/s]
[Origin 10/13] 🎲 Drawing Posterior Samples:  58%|█████▊    | 881/1520 [01:13<00:18, 34.91step/s]
[Origin 10/13] 🎲 Drawing Posterior Samples:  58%|█████▊    | 886/1520 [01:14<00:17, 36.08step/s]
[Origin 10/13] 🎲 Drawing Posterior Samples:  59%|█████▊    | 892/1520 [01:14<00:15, 40.52step/s]
[Origin 10/13] 🎲 Drawing Posterior Samples:  59%|█████▉    | 897/1520 [01:14<00:15, 40.42step/s]
[Origin 10/13] 🎲 Drawing Posterior Samples:  59%|█████▉    | 902/1520 [01:14<00:15, 40.38step/s]
[Origin 10/13] 🎲 Drawing Posterior Samples:  60%|█████▉    | 907/1520 [01:14<00:15, 40.47step/s]
[Origin 10/13] 🎲 Drawing Posterior Samples:  60%|██████    | 913/1520 [01:14<00:13, 43.94step/s]
[Origin 10/13] 🎲 Drawing Posterior Samples:  60%|██████    | 918/1520 [01:14<00:14, 42.72step/s]
[Origin 10/13] 🎲 Drawing Posterior Samples:  61%|██████    | 923/1520 [01:14<00:15, 39.08step/s]
[Origin 10/13] 🎲 Drawing Posterior Samples:  61%|██████    | 928/1520 [01:15<00:15, 38.22step/s]
[Origin 10/13] 🎲 Drawing Posterior Samples:  61%|██████▏   | 932/1520 [01:15<00:15, 37.82step/s]
[Origin 10/13] 🎲 Drawing Posterior Samples:  62%|██████▏   | 936/1520 [01:15<00:15, 37.80step/s]
[Origin 10/13] 🎲 Drawing Posterior Samples:  62%|██████▏   | 940/1520 [01:15<00:15, 37.88step/s]
[Origin 10/13] 🎲 Drawing Posterior Samples:  62%|██████▏   | 945/1520 [01:15<00:14, 38.43step/s]
[Origin 10/13] 🎲 Drawing Posterior Samples:  62%|██████▏   | 949/1520 [01:15<00:14, 38.34step/s]
[Origin 10/13] 🎲 Drawing Posterior Samples:  63%|██████▎   | 953/1520 [01:15<00:15, 36.19step/s]
[Origin 10/13] 🎲 Drawing Posterior Samples:  63%|██████▎   | 957/1520 [01:15<00:15, 36.90step/s]
[Origin 10/13] 🎲 Drawing Posterior Samples:  63%|██████▎   | 961/1520 [01:15<00:15, 37.18step/s]
[Origin 10/13] 🎲 Drawing Posterior Samples:  63%|██████▎   | 965/1520 [01:16<00:14, 37.34step/s]
[Origin 10/13] 🎲 Drawing Posterior Samples:  64%|██████▍   | 970/1520 [01:16<00:14, 37.98step/s]
[Origin 10/13] 🎲 Drawing Posterior Samples:  64%|██████▍   | 974/1520 [01:16<00:14, 37.87step/s]
[Origin 10/13] 🎲 Drawing Posterior Samples:  64%|██████▍   | 978/1520 [01:16<00:14, 37.91step/s]
[Origin 10/13] 🎲 Drawing Posterior Samples:  65%|██████▍   | 983/1520 [01:16<00:13, 38.67step/s]
[Origin 10/13] 🎲 Drawing Posterior Samples:  65%|██████▍   | 987/1520 [01:16<00:13, 38.35step/s]
[Origin 10/13] 🎲 Drawing Posterior Samples:  65%|██████▌   | 991/1520 [01:16<00:13, 38.33step/s]
[Origin 10/13] 🎲 Drawing Posterior Samples:  65%|██████▌   | 995/1520 [01:16<00:14, 37.11step/s]
[Origin 10/13] 🎲 Drawing Posterior Samples:  66%|██████▌   | 999/1520 [01:17<00:14, 36.49step/s]
[Origin 10/13] 🎲 Drawing Posterior Samples:  66%|██████▌   | 1003/1520 [01:17<00:13, 37.00step/s]
[Origin 10/13] 🎲 Drawing Posterior Samples:  66%|██████▋   | 1008/1520 [01:17<00:13, 38.34step/s]
[Origin 10/13] 🎲 Drawing Posterior Samples:  67%|██████▋   | 1012/1520 [01:17<00:13, 38.02step/s]
[Origin 10/13] 🎲 Drawing Posterior Samples:  67%|██████▋   | 1017/1520 [01:17<00:12, 38.73step/s]
[Origin 10/13] 🎲 Drawing Posterior Samples:  67%|██████▋   | 1021/1520 [01:17<00:13, 36.20step/s]
[Origin 10/13] 🎲 Drawing Posterior Samples:  67%|██████▋   | 1025/1520 [01:17<00:13, 36.61step/s]
[Origin 10/13] 🎲 Drawing Posterior Samples:  68%|██████▊   | 1029/1520 [01:17<00:13, 36.93step/s]
[Origin 10/13] 🎲 Drawing Posterior Samples:  68%|██████▊   | 1033/1520 [01:17<00:13, 37.25step/s]
[Origin 10/13] 🎲 Drawing Posterior Samples:  68%|██████▊   | 1037/1520 [01:18<00:12, 37.37step/s]
[Origin 10/13] 🎲 Drawing Posterior Samples:  68%|██████▊   | 1041/1520 [01:18<00:12, 37.76step/s]
[Origin 10/13] 🎲 Drawing Posterior Samples:  69%|██████▉   | 1046/1520 [01:18<00:12, 38.21step/s]
[Origin 10/13] 🎲 Drawing Posterior Samples:  69%|██████▉   | 1050/1520 [01:18<00:12, 38.11step/s]
[Origin 10/13] 🎲 Drawing Posterior Samples:  69%|██████▉   | 1054/1520 [01:18<00:12, 37.92step/s]
[Origin 10/13] 🎲 Drawing Posterior Samples:  70%|██████▉   | 1058/1520 [01:18<00:12, 37.96step/s]
[Origin 10/13] 🎲 Drawing Posterior Samples:  70%|██████▉   | 1063/1520 [01:18<00:12, 37.82step/s]
[Origin 10/13] 🎲 Drawing Posterior Samples:  70%|███████   | 1067/1520 [01:18<00:12, 36.70step/s]
[Origin 10/13] 🎲 Drawing Posterior Samples:  70%|███████   | 1071/1520 [01:18<00:12, 37.20step/s]
[Origin 10/13] 🎲 Drawing Posterior Samples:  71%|███████   | 1075/1520 [01:19<00:11, 37.50step/s]
[Origin 10/13] 🎲 Drawing Posterior Samples:  71%|███████   | 1079/1520 [01:19<00:11, 37.93step/s]
[Origin 10/13] 🎲 Drawing Posterior Samples:  71%|███████▏  | 1083/1520 [01:19<00:11, 37.96step/s]
[Origin 10/13] 🎲 Drawing Posterior Samples:  72%|███████▏  | 1087/1520 [01:19<00:11, 38.45step/s]
[Origin 10/13] 🎲 Drawing Posterior Samples:  72%|███████▏  | 1092/1520 [01:19<00:10, 40.12step/s]
[Origin 10/13] 🎲 Drawing Posterior Samples:  72%|███████▏  | 1097/1520 [01:19<00:10, 38.81step/s]
[Origin 10/13] 🎲 Drawing Posterior Samples:  72%|███████▎  | 1102/1520 [01:19<00:10, 39.64step/s]
[Origin 10/13] 🎲 Drawing Posterior Samples:  73%|███████▎  | 1106/1520 [01:20<00:19, 20.76step/s]
[Origin 10/13] 🎲 Drawing Posterior Samples:  73%|███████▎  | 1110/1520 [01:20<00:29, 13.93step/s]
[Origin 10/13] 🎲 Drawing Posterior Samples:  73%|███████▎  | 1113/1520 [01:21<00:37, 10.76step/s]
[Origin 10/13] 🎲 Drawing Posterior Samples:  73%|███████▎  | 1115/1520 [01:21<00:44,  9.11step/s]
[Origin 10/13] 🎲 Drawing Posterior Samples:  73%|███████▎  | 1117/1520 [01:21<00:51,  7.87step/s]
[Origin 10/13] 🎲 Drawing Posterior Samples:  74%|███████▎  | 1119/1520 [01:22<00:53,  7.44step/s]
[Origin 10/13] 🎲 Drawing Posterior Samples:  74%|███████▍  | 1121/1520 [01:22<00:55,  7.15step/s]
[Origin 10/13] 🎲 Drawing Posterior Samples:  74%|███████▍  | 1122/1520 [01:22<00:57,  6.97step/s]
[Origin 10/13] 🎲 Drawing Posterior Samples:  74%|███████▍  | 1123/1520 [01:22<00:59,  6.68step/s]
[Origin 10/13] 🎲 Drawing Posterior Samples:  74%|███████▍  | 1124/1520 [01:23<01:02,  6.30step/s]
[Origin 10/13] 🎲 Drawing Posterior Samples:  74%|███████▍  | 1125/1520 [01:23<01:06,  5.97step/s]
[Origin 10/13] 🎲 Drawing Posterior Samples:  74%|███████▍  | 1126/1520 [01:23<01:07,  5.81step/s]
[Origin 10/13] 🎲 Drawing Posterior Samples:  74%|███████▍  | 1127/1520 [01:23<01:06,  5.94step/s]
[Origin 10/13] 🎲 Drawing Posterior Samples:  74%|███████▍  | 1128/1520 [01:23<01:08,  5.72step/s]
[Origin 10/13] 🎲 Drawing Posterior Samples:  74%|███████▍  | 1129/1520 [01:24<01:11,  5.48step/s]
[Origin 10/13] 🎲 Drawing Posterior Samples:  74%|███████▍  | 1130/1520 [01:24<01:12,  5.41step/s]
[Origin 10/13] 🎲 Drawing Posterior Samples:  74%|███████▍  | 1131/1520 [01:24<01:10,  5.54step/s]
[Origin 10/13] 🎲 Drawing Posterior Samples:  74%|███████▍  | 1132/1520 [01:24<01:09,  5.57step/s]
[Origin 10/13] 🎲 Drawing Posterior Samples:  75%|███████▍  | 1133/1520 [01:24<01:08,  5.62step/s]
[Origin 10/13] 🎲 Drawing Posterior Samples:  75%|███████▍  | 1134/1520 [01:24<01:14,  5.18step/s]
[Origin 10/13] 🎲 Drawing Posterior Samples:  75%|███████▍  | 1135/1520 [01:25<01:14,  5.19step/s]
[Origin 10/13] 🎲 Drawing Posterior Samples:  75%|███████▍  | 1136/1520 [01:25<01:11,  5.38step/s]
[Origin 10/13] 🎲 Drawing Posterior Samples:  75%|███████▍  | 1137/1520 [01:25<01:07,  5.65step/s]
[Origin 10/13] 🎲 Drawing Posterior Samples:  75%|███████▍  | 1138/1520 [01:25<01:05,  5.84step/s]
[Origin 10/13] 🎲 Drawing Posterior Samples:  75%|███████▍  | 1139/1520 [01:25<01:07,  5.66step/s]
[Origin 10/13] 🎲 Drawing Posterior Samples:  75%|███████▌  | 1140/1520 [01:26<01:36,  3.95step/s]
[Origin 10/13] 🎲 Drawing Posterior Samples:  75%|███████▌  | 1141/1520 [01:48<42:58,  6.80s/step]
[Origin 10/13] 🎲 Drawing Posterior Samples:  75%|███████▌  | 1145/1520 [01:48<15:46,  2.52s/step]
[Origin 10/13] 🎲 Drawing Posterior Samples:  76%|███████▌  | 1149/1520 [01:48<08:17,  1.34s/step]
[Origin 10/13] 🎲 Drawing Posterior Samples:  76%|███████▌  | 1153/1520 [01:48<04:56,  1.24step/s]
[Origin 10/13] 🎲 Drawing Posterior Samples:  76%|███████▌  | 1156/1520 [01:48<03:29,  1.74step/s]
[Origin 10/13] 🎲 Drawing Posterior Samples:  76%|███████▋  | 1160/1520 [01:48<02:14,  2.67step/s]
[Origin 10/13] 🎲 Drawing Posterior Samples:  77%|███████▋  | 1165/1520 [01:49<01:23,  4.23step/s]
[Origin 10/13] 🎲 Drawing Posterior Samples:  77%|███████▋  | 1169/1520 [01:49<00:59,  5.86step/s]
[Origin 10/13] 🎲 Drawing Posterior Samples:  77%|███████▋  | 1174/1520 [01:49<00:41,  8.40step/s]
[Origin 10/13] 🎲 Drawing Posterior Samples:  78%|███████▊  | 1178/1520 [01:49<00:31, 10.85step/s]
[Origin 10/13] 🎲 Drawing Posterior Samples:  78%|███████▊  | 1184/1520 [01:49<00:21, 15.55step/s]
[Origin 10/13] 🎲 Drawing Posterior Samples:  78%|███████▊  | 1189/1520 [01:49<00:17, 19.24step/s]
[Origin 10/13] 🎲 Drawing Posterior Samples:  79%|███████▊  | 1194/1520 [01:49<00:14, 23.03step/s]
[Origin 10/13] 🎲 Drawing Posterior Samples:  79%|███████▉  | 1199/1520 [01:49<00:12, 26.42step/s]
[Origin 10/13] 🎲 Drawing Posterior Samples:  79%|███████▉  | 1204/1520 [01:50<00:11, 27.61step/s]
[Origin 10/13] 🎲 Drawing Posterior Samples:  80%|███████▉  | 1209/1520 [01:50<00:10, 30.15step/s]
[Origin 10/13] 🎲 Drawing Posterior Samples:  80%|███████▉  | 1213/1520 [01:50<00:09, 31.99step/s]
[Origin 10/13] 🎲 Drawing Posterior Samples:  80%|████████  | 1218/1520 [01:50<00:08, 33.87step/s]
[Origin 10/13] 🎲 Drawing Posterior Samples:  80%|████████  | 1222/1520 [01:50<00:08, 34.91step/s]
[Origin 10/13] 🎲 Drawing Posterior Samples:  81%|████████  | 1226/1520 [01:50<00:08, 33.92step/s]
[Origin 10/13] 🎲 Drawing Posterior Samples:  81%|████████  | 1230/1520 [01:50<00:08, 35.05step/s]
[Origin 10/13] 🎲 Drawing Posterior Samples:  81%|████████  | 1234/1520 [01:50<00:07, 35.78step/s]
[Origin 10/13] 🎲 Drawing Posterior Samples:  81%|████████▏ | 1238/1520 [01:50<00:07, 36.60step/s]
[Origin 10/13] 🎲 Drawing Posterior Samples:  82%|████████▏ | 1242/1520 [01:51<00:07, 37.39step/s]
[Origin 10/13] 🎲 Drawing Posterior Samples:  82%|████████▏ | 1247/1520 [01:51<00:07, 37.02step/s]
[Origin 10/13] 🎲 Drawing Posterior Samples:  82%|████████▏ | 1251/1520 [01:51<00:07, 35.97step/s]
[Origin 10/13] 🎲 Drawing Posterior Samples:  83%|████████▎ | 1255/1520 [01:51<00:07, 36.54step/s]
[Origin 10/13] 🎲 Drawing Posterior Samples:  83%|████████▎ | 1259/1520 [01:51<00:07, 36.82step/s]
[Origin 10/13] 🎲 Drawing Posterior Samples:  83%|████████▎ | 1264/1520 [01:51<00:06, 38.10step/s]
[Origin 10/13] 🎲 Drawing Posterior Samples:  83%|████████▎ | 1268/1520 [01:51<00:06, 36.37step/s]
[Origin 10/13] 🎲 Drawing Posterior Samples:  84%|████████▎ | 1272/1520 [01:51<00:06, 36.66step/s]
[Origin 10/13] 🎲 Drawing Posterior Samples:  84%|████████▍ | 1278/1520 [01:51<00:05, 41.47step/s]
[Origin 10/13] 🎲 Drawing Posterior Samples:  84%|████████▍ | 1283/1520 [01:52<00:06, 38.52step/s]
[Origin 10/13] 🎲 Drawing Posterior Samples:  85%|████████▍ | 1288/1520 [01:52<00:06, 37.89step/s]
[Origin 10/13] 🎲 Drawing Posterior Samples:  85%|████████▌ | 1292/1520 [01:52<00:06, 37.37step/s]
[Origin 10/13] 🎲 Drawing Posterior Samples:  85%|████████▌ | 1297/1520 [01:52<00:05, 37.53step/s]
[Origin 10/13] 🎲 Drawing Posterior Samples:  86%|████████▌ | 1302/1520 [01:52<00:05, 38.14step/s]
[Origin 10/13] 🎲 Drawing Posterior Samples:  86%|████████▌ | 1307/1520 [01:52<00:05, 38.90step/s]
[Origin 10/13] 🎲 Drawing Posterior Samples:  86%|████████▋ | 1311/1520 [01:52<00:05, 38.50step/s]
[Origin 10/13] 🎲 Drawing Posterior Samples:  87%|████████▋ | 1315/1520 [01:52<00:05, 37.60step/s]
[Origin 10/13] 🎲 Drawing Posterior Samples:  87%|████████▋ | 1319/1520 [01:53<00:05, 36.70step/s]
[Origin 10/13] 🎲 Drawing Posterior Samples:  87%|████████▋ | 1323/1520 [01:53<00:05, 37.15step/s]
[Origin 10/13] 🎲 Drawing Posterior Samples:  87%|████████▋ | 1327/1520 [01:53<00:05, 37.36step/s]
[Origin 10/13] 🎲 Drawing Posterior Samples:  88%|████████▊ | 1331/1520 [01:53<00:05, 37.41step/s]
[Origin 10/13] 🎲 Drawing Posterior Samples:  88%|████████▊ | 1335/1520 [01:53<00:04, 37.37step/s]
[Origin 10/13] 🎲 Drawing Posterior Samples:  88%|████████▊ | 1340/1520 [01:53<00:04, 39.13step/s]
[Origin 10/13] 🎲 Drawing Posterior Samples:  88%|████████▊ | 1345/1520 [01:53<00:04, 39.27step/s]
[Origin 10/13] 🎲 Drawing Posterior Samples:  89%|████████▉ | 1351/1520 [01:53<00:03, 43.20step/s]
[Origin 10/13] 🎲 Drawing Posterior Samples:  89%|████████▉ | 1357/1520 [01:53<00:03, 43.47step/s]
[Origin 10/13] 🎲 Drawing Posterior Samples:  90%|████████▉ | 1362/1520 [01:54<00:03, 41.23step/s]
[Origin 10/13] 🎲 Drawing Posterior Samples:  90%|████████▉ | 1367/1520 [01:54<00:03, 42.22step/s]
[Origin 10/13] 🎲 Drawing Posterior Samples:  90%|█████████ | 1372/1520 [01:54<00:04, 36.83step/s]
[Origin 10/13] 🎲 Drawing Posterior Samples:  91%|█████████ | 1376/1520 [01:54<00:04, 35.35step/s]
[Origin 10/13] 🎲 Drawing Posterior Samples:  91%|█████████ | 1382/1520 [01:54<00:03, 39.98step/s]
[Origin 10/13] 🎲 Drawing Posterior Samples:  91%|█████████▏| 1387/1520 [01:54<00:03, 38.10step/s]
[Origin 10/13] 🎲 Drawing Posterior Samples:  92%|█████████▏| 1393/1520 [01:54<00:03, 41.99step/s]
[Origin 10/13] 🎲 Drawing Posterior Samples:  92%|█████████▏| 1398/1520 [01:55<00:03, 35.61step/s]
[Origin 10/13] 🎲 Drawing Posterior Samples:  92%|█████████▏| 1402/1520 [01:55<00:03, 35.23step/s]
[Origin 10/13] 🎲 Drawing Posterior Samples:  92%|█████████▎| 1406/1520 [01:55<00:03, 33.51step/s]
[Origin 10/13] 🎲 Drawing Posterior Samples:  93%|█████████▎| 1410/1520 [01:55<00:03, 35.03step/s]
[Origin 10/13] 🎲 Drawing Posterior Samples:  93%|█████████▎| 1415/1520 [01:55<00:02, 37.12step/s]
[Origin 10/13] 🎲 Drawing Posterior Samples:  93%|█████████▎| 1421/1520 [01:55<00:02, 40.27step/s]
[Origin 10/13] 🎲 Drawing Posterior Samples:  94%|█████████▍| 1426/1520 [01:55<00:02, 41.47step/s]
[Origin 10/13] 🎲 Drawing Posterior Samples:  94%|█████████▍| 1431/1520 [01:55<00:02, 41.87step/s]
[Origin 10/13] 🎲 Drawing Posterior Samples:  94%|█████████▍| 1436/1520 [01:56<00:01, 42.55step/s]
[Origin 10/13] 🎲 Drawing Posterior Samples:  95%|█████████▍| 1441/1520 [01:56<00:01, 43.22step/s]
[Origin 10/13] 🎲 Drawing Posterior Samples:  95%|█████████▌| 1446/1520 [01:56<00:01, 38.00step/s]
[Origin 10/13] 🎲 Drawing Posterior Samples:  95%|█████████▌| 1450/1520 [01:56<00:02, 31.63step/s]
[Origin 10/13] 🎲 Drawing Posterior Samples:  96%|█████████▌| 1454/1520 [01:56<00:01, 33.21step/s]
[Origin 10/13] 🎲 Drawing Posterior Samples:  96%|█████████▌| 1459/1520 [01:56<00:01, 35.09step/s]
[Origin 10/13] 🎲 Drawing Posterior Samples:  96%|█████████▋| 1465/1520 [01:56<00:01, 39.71step/s]
[Origin 10/13] 🎲 Drawing Posterior Samples:  97%|█████████▋| 1471/1520 [01:56<00:01, 43.21step/s]
[Origin 10/13] 🎲 Drawing Posterior Samples:  97%|█████████▋| 1476/1520 [01:57<00:01, 37.95step/s]
[Origin 10/13] 🎲 Drawing Posterior Samples:  98%|█████████▊| 1482/1520 [01:57<00:00, 40.64step/s]
[Origin 10/13] 🎲 Drawing Posterior Samples:  98%|█████████▊| 1487/1520 [01:57<00:01, 19.42step/s]
[Origin 10/13] 🎲 Drawing Posterior Samples:  98%|█████████▊| 1491/1520 [01:58<00:02, 13.27step/s]
[Origin 10/13] 🎲 Drawing Posterior Samples:  98%|█████████▊| 1494/1520 [01:59<00:02, 10.18step/s]
[Origin 10/13] 🎲 Drawing Posterior Samples:  98%|█████████▊| 1496/1520 [01:59<00:02,  9.19step/s]
[Origin 10/13] 🎲 Drawing Posterior Samples:  99%|█████████▊| 1498/1520 [01:59<00:02,  7.43step/s]
[Origin 10/13] 🎲 Drawing Posterior Samples:  99%|█████████▊| 1500/1520 [02:00<00:03,  6.36step/s]
[Origin 10/13] 🎲 Drawing Posterior Samples:  99%|█████████▉| 1501/1520 [02:00<00:03,  6.29step/s]
[Origin 10/13] 🎲 Drawing Posterior Samples:  99%|█████████▉| 1502/1520 [02:00<00:03,  5.16step/s]
[Origin 10/13] 🎲 Drawing Posterior Samples:  99%|█████████▉| 1503/1520 [02:01<00:03,  4.58step/s]
[Origin 10/13] 🎲 Drawing Posterior Samples:  99%|█████████▉| 1504/1520 [02:01<00:03,  4.04step/s]
[Origin 10/13] 🎲 Drawing Posterior Samples:  99%|█████████▉| 1505/1520 [02:01<00:03,  4.03step/s]
[Origin 10/13] 🎲 Drawing Posterior Samples:  99%|█████████▉| 1506/1520 [02:02<00:03,  4.09step/s]
[Origin 10/13] 🎲 Drawing Posterior Samples:  99%|█████████▉| 1507/1520 [02:02<00:03,  4.03step/s]
[Origin 10/13] 🎲 Drawing Posterior Samples:  99%|█████████▉| 1508/1520 [02:02<00:02,  4.19step/s]
[Origin 10/13] 🎲 Drawing Posterior Samples:  99%|█████████▉| 1509/1520 [02:02<00:02,  4.94step/s]
[Origin 10/13] 🎲 Drawing Posterior Samples:  99%|█████████▉| 1510/1520 [02:02<00:01,  5.56step/s]
[Origin 10/13] 🎲 Drawing Posterior Samples:  99%|█████████▉| 1511/1520 [02:02<00:01,  5.86step/s]
[Origin 10/13] 🎲 Drawing Posterior Samples:  99%|█████████▉| 1512/1520 [02:03<00:01,  5.99step/s]
[Origin 10/13] 🎲 Drawing Posterior Samples: 100%|█████████▉| 1513/1520 [02:03<00:01,  6.17step/s]
[Origin 10/13] 🎲 Drawing Posterior Samples: 100%|█████████▉| 1514/1520 [02:03<00:00,  6.40step/s]
[Origin 10/13] 🎲 Drawing Posterior Samples: 100%|█████████▉| 1515/1520 [02:03<00:00,  6.61step/s]
[Origin 10/13] 🎲 Drawing Posterior Samples: 100%|█████████▉| 1516/1520 [02:03<00:00,  6.63step/s]
[Origin 10/13] 🎲 Drawing Posterior Samples: 100%|█████████▉| 1517/1520 [02:03<00:00,  6.48step/s]
[Origin 10/13] 🎲 Drawing Posterior Samples: 100%|█████████▉| 1518/1520 [02:04<00:00,  5.94step/s]
[Origin 10/13] 🎲 Drawing Posterior Samples: 100%|█████████▉| 1519/1520 [02:04<00:00,  5.75step/s]
[Origin 10/13] 🎲 Drawing Posterior Samples: 100%|██████████| 1520/1520 [02:04<00:00,  5.52step/s]
                                                                                                  

[Origin 11/13] 🎲 Drawing Posterior Samples:   0%|          | 0/1524 [00:00<?, ?step/s]
[Origin 11/13] 🎲 Drawing Posterior Samples:   0%|          | 7/1524 [00:00<00:25, 59.34step/s]
[Origin 11/13] 🎲 Drawing Posterior Samples:   1%|          | 16/1524 [00:00<00:19, 75.51step/s]
[Origin 11/13] 🎲 Drawing Posterior Samples:   2%|▏         | 24/1524 [00:00<00:21, 69.44step/s]
[Origin 11/13] 🎲 Drawing Posterior Samples:   2%|▏         | 32/1524 [00:00<00:22, 66.81step/s]
[Origin 11/13] 🎲 Drawing Posterior Samples:   3%|▎         | 39/1524 [00:00<00:22, 65.24step/s]
[Origin 11/13] 🎲 Drawing Posterior Samples:   3%|▎         | 46/1524 [00:00<00:23, 63.77step/s]
[Origin 11/13] 🎲 Drawing Posterior Samples:   3%|▎         | 53/1524 [00:00<00:26, 56.34step/s]
[Origin 11/13] 🎲 Drawing Posterior Samples:   4%|▍         | 59/1524 [00:00<00:27, 53.50step/s]
[Origin 11/13] 🎲 Drawing Posterior Samples:   4%|▍         | 65/1524 [00:01<00:28, 50.63step/s]
[Origin 11/13] 🎲 Drawing Posterior Samples:   5%|▍         | 71/1524 [00:01<00:30, 48.41step/s]
[Origin 11/13] 🎲 Drawing Posterior Samples:   5%|▌         | 77/1524 [00:01<00:29, 49.60step/s]
[Origin 11/13] 🎲 Drawing Posterior Samples:   5%|▌         | 83/1524 [00:01<00:29, 48.19step/s]
[Origin 11/13] 🎲 Drawing Posterior Samples:   6%|▌         | 89/1524 [00:01<00:29, 49.46step/s]
[Origin 11/13] 🎲 Drawing Posterior Samples:   6%|▌         | 94/1524 [00:01<00:29, 47.73step/s]
[Origin 11/13] 🎲 Drawing Posterior Samples:   6%|▋         | 99/1524 [00:01<00:30, 46.32step/s]
[Origin 11/13] 🎲 Drawing Posterior Samples:   7%|▋         | 105/1524 [00:01<00:29, 48.04step/s]
[Origin 11/13] 🎲 Drawing Posterior Samples:   7%|▋         | 110/1524 [00:02<00:30, 46.30step/s]
[Origin 11/13] 🎲 Drawing Posterior Samples:   8%|▊         | 115/1524 [00:02<00:29, 47.26step/s]
[Origin 11/13] 🎲 Drawing Posterior Samples:   8%|▊         | 120/1524 [00:02<00:30, 45.80step/s]
[Origin 11/13] 🎲 Drawing Posterior Samples:   8%|▊         | 125/1524 [00:02<00:31, 44.67step/s]
[Origin 11/13] 🎲 Drawing Posterior Samples:   9%|▊         | 131/1524 [00:02<00:29, 47.04step/s]
[Origin 11/13] 🎲 Drawing Posterior Samples:   9%|▉         | 137/1524 [00:02<00:28, 48.34step/s]
[Origin 11/13] 🎲 Drawing Posterior Samples:   9%|▉         | 142/1524 [00:02<00:29, 46.91step/s]
[Origin 11/13] 🎲 Drawing Posterior Samples:  10%|▉         | 148/1524 [00:02<00:29, 46.12step/s]
[Origin 11/13] 🎲 Drawing Posterior Samples:  10%|█         | 153/1524 [00:03<00:30, 45.15step/s]
[Origin 11/13] 🎲 Drawing Posterior Samples:  10%|█         | 159/1524 [00:03<00:28, 47.32step/s]
[Origin 11/13] 🎲 Drawing Posterior Samples:  11%|█         | 165/1524 [00:03<00:27, 48.68step/s]
[Origin 11/13] 🎲 Drawing Posterior Samples:  11%|█         | 170/1524 [00:03<00:28, 46.82step/s]
[Origin 11/13] 🎲 Drawing Posterior Samples:  12%|█▏        | 176/1524 [00:03<00:29, 45.88step/s]
[Origin 11/13] 🎲 Drawing Posterior Samples:  12%|█▏        | 181/1524 [00:03<00:29, 44.84step/s]
[Origin 11/13] 🎲 Drawing Posterior Samples:  12%|█▏        | 187/1524 [00:03<00:28, 47.07step/s]
[Origin 11/13] 🎲 Drawing Posterior Samples:  13%|█▎        | 193/1524 [00:03<00:27, 48.64step/s]
[Origin 11/13] 🎲 Drawing Posterior Samples:  13%|█▎        | 198/1524 [00:03<00:28, 47.18step/s]
[Origin 11/13] 🎲 Drawing Posterior Samples:  13%|█▎        | 204/1524 [00:04<00:27, 47.24step/s]
[Origin 11/13] 🎲 Drawing Posterior Samples:  14%|█▎        | 209/1524 [00:04<00:29, 45.06step/s]
[Origin 11/13] 🎲 Drawing Posterior Samples:  14%|█▍        | 215/1524 [00:04<00:27, 47.25step/s]
[Origin 11/13] 🎲 Drawing Posterior Samples:  15%|█▍        | 221/1524 [00:04<00:26, 48.72step/s]
[Origin 11/13] 🎲 Drawing Posterior Samples:  15%|█▍        | 226/1524 [00:04<00:27, 46.95step/s]
[Origin 11/13] 🎲 Drawing Posterior Samples:  15%|█▌        | 232/1524 [00:04<00:27, 47.56step/s]
[Origin 11/13] 🎲 Drawing Posterior Samples:  16%|█▌        | 237/1524 [00:04<00:28, 44.42step/s]
[Origin 11/13] 🎲 Drawing Posterior Samples:  16%|█▌        | 243/1524 [00:04<00:27, 46.71step/s]
[Origin 11/13] 🎲 Drawing Posterior Samples:  16%|█▋        | 249/1524 [00:05<00:26, 48.30step/s]
[Origin 11/13] 🎲 Drawing Posterior Samples:  17%|█▋        | 254/1524 [00:05<00:26, 47.04step/s]
[Origin 11/13] 🎲 Drawing Posterior Samples:  17%|█▋        | 260/1524 [00:05<00:26, 48.50step/s]
[Origin 11/13] 🎲 Drawing Posterior Samples:  17%|█▋        | 265/1524 [00:05<00:28, 44.57step/s]
[Origin 11/13] 🎲 Drawing Posterior Samples:  18%|█▊        | 271/1524 [00:05<00:26, 46.84step/s]
[Origin 11/13] 🎲 Drawing Posterior Samples:  18%|█▊        | 277/1524 [00:05<00:25, 48.45step/s]
[Origin 11/13] 🎲 Drawing Posterior Samples:  19%|█▊        | 282/1524 [00:05<00:26, 47.08step/s]
[Origin 11/13] 🎲 Drawing Posterior Samples:  19%|█▉        | 288/1524 [00:05<00:25, 48.45step/s]
[Origin 11/13] 🎲 Drawing Posterior Samples:  19%|█▉        | 293/1524 [00:06<00:27, 44.52step/s]
[Origin 11/13] 🎲 Drawing Posterior Samples:  20%|█▉        | 299/1524 [00:06<00:26, 46.80step/s]
[Origin 11/13] 🎲 Drawing Posterior Samples:  20%|██        | 305/1524 [00:06<00:25, 48.42step/s]
[Origin 11/13] 🎲 Drawing Posterior Samples:  20%|██        | 310/1524 [00:06<00:25, 46.82step/s]
[Origin 11/13] 🎲 Drawing Posterior Samples:  21%|██        | 316/1524 [00:06<00:24, 48.43step/s]
[Origin 11/13] 🎲 Drawing Posterior Samples:  21%|██        | 321/1524 [00:06<00:27, 44.53step/s]
[Origin 11/13] 🎲 Drawing Posterior Samples:  21%|██▏       | 327/1524 [00:06<00:25, 46.58step/s]
[Origin 11/13] 🎲 Drawing Posterior Samples:  22%|██▏       | 333/1524 [00:06<00:24, 48.26step/s]
[Origin 11/13] 🎲 Drawing Posterior Samples:  22%|██▏       | 338/1524 [00:06<00:25, 46.43step/s]
[Origin 11/13] 🎲 Drawing Posterior Samples:  23%|██▎       | 344/1524 [00:07<00:24, 48.13step/s]
[Origin 11/13] 🎲 Drawing Posterior Samples:  23%|██▎       | 349/1524 [00:07<01:01, 19.19step/s]
[Origin 11/13] 🎲 Drawing Posterior Samples:  23%|██▎       | 353/1524 [00:08<01:36, 12.11step/s]
[Origin 11/13] 🎲 Drawing Posterior Samples:  23%|██▎       | 356/1524 [00:08<01:52, 10.40step/s]
[Origin 11/13] 🎲 Drawing Posterior Samples:  24%|██▎       | 359/1524 [00:09<02:09,  8.97step/s]
[Origin 11/13] 🎲 Drawing Posterior Samples:  24%|██▎       | 361/1524 [00:09<02:24,  8.05step/s]
[Origin 11/13] 🎲 Drawing Posterior Samples:  24%|██▍       | 363/1524 [00:10<02:37,  7.38step/s]
[Origin 11/13] 🎲 Drawing Posterior Samples:  24%|██▍       | 365/1524 [00:10<02:45,  6.99step/s]
[Origin 11/13] 🎲 Drawing Posterior Samples:  24%|██▍       | 366/1524 [00:10<02:50,  6.79step/s]
[Origin 11/13] 🎲 Drawing Posterior Samples:  24%|██▍       | 367/1524 [00:10<02:51,  6.74step/s]
[Origin 11/13] 🎲 Drawing Posterior Samples:  24%|██▍       | 368/1524 [00:10<02:55,  6.58step/s]
[Origin 11/13] 🎲 Drawing Posterior Samples:  24%|██▍       | 369/1524 [00:11<03:02,  6.33step/s]
[Origin 11/13] 🎲 Drawing Posterior Samples:  24%|██▍       | 370/1524 [00:11<03:14,  5.93step/s]
[Origin 11/13] 🎲 Drawing Posterior Samples:  24%|██▍       | 371/1524 [00:11<03:21,  5.72step/s]
[Origin 11/13] 🎲 Drawing Posterior Samples:  24%|██▍       | 372/1524 [00:11<03:27,  5.56step/s]
[Origin 11/13] 🎲 Drawing Posterior Samples:  24%|██▍       | 373/1524 [00:11<03:28,  5.53step/s]
[Origin 11/13] 🎲 Drawing Posterior Samples:  25%|██▍       | 374/1524 [00:12<03:22,  5.69step/s]
[Origin 11/13] 🎲 Drawing Posterior Samples:  25%|██▍       | 375/1524 [00:12<03:19,  5.77step/s]
[Origin 11/13] 🎲 Drawing Posterior Samples:  25%|██▍       | 376/1524 [00:12<03:25,  5.58step/s]
[Origin 11/13] 🎲 Drawing Posterior Samples:  25%|██▍       | 377/1524 [00:12<03:41,  5.18step/s]
[Origin 11/13] 🎲 Drawing Posterior Samples:  25%|██▍       | 378/1524 [00:12<03:39,  5.21step/s]
[Origin 11/13] 🎲 Drawing Posterior Samples:  25%|██▍       | 379/1524 [00:13<03:28,  5.48step/s]
[Origin 11/13] 🎲 Drawing Posterior Samples:  25%|██▍       | 380/1524 [00:13<03:23,  5.61step/s]
[Origin 11/13] 🎲 Drawing Posterior Samples:  25%|██▌       | 381/1524 [00:13<03:25,  5.55step/s]
[Origin 11/13] 🎲 Drawing Posterior Samples:  25%|██▌       | 382/1524 [00:28<1:28:11,  4.63s/step]
[Origin 11/13] 🎲 Drawing Posterior Samples:  25%|██▌       | 387/1524 [00:28<28:18,  1.49s/step]  
[Origin 11/13] 🎲 Drawing Posterior Samples:  26%|██▌       | 393/1524 [00:28<13:11,  1.43step/s]
[Origin 11/13] 🎲 Drawing Posterior Samples:  26%|██▌       | 398/1524 [00:28<08:10,  2.29step/s]
[Origin 11/13] 🎲 Drawing Posterior Samples:  26%|██▋       | 403/1524 [00:28<05:22,  3.48step/s]
[Origin 11/13] 🎲 Drawing Posterior Samples:  27%|██▋       | 409/1524 [00:29<03:26,  5.40step/s]
[Origin 11/13] 🎲 Drawing Posterior Samples:  27%|██▋       | 415/1524 [00:29<02:21,  7.86step/s]
[Origin 11/13] 🎲 Drawing Posterior Samples:  28%|██▊       | 420/1524 [00:29<01:45, 10.42step/s]
[Origin 11/13] 🎲 Drawing Posterior Samples:  28%|██▊       | 425/1524 [00:29<01:21, 13.47step/s]
[Origin 11/13] 🎲 Drawing Posterior Samples:  28%|██▊       | 430/1524 [00:29<01:04, 16.90step/s]
[Origin 11/13] 🎲 Drawing Posterior Samples:  29%|██▊       | 436/1524 [00:29<00:49, 21.94step/s]
[Origin 11/13] 🎲 Drawing Posterior Samples:  29%|██▉       | 442/1524 [00:29<00:40, 26.99step/s]
[Origin 11/13] 🎲 Drawing Posterior Samples:  29%|██▉       | 447/1524 [00:29<00:35, 30.02step/s]
[Origin 11/13] 🎲 Drawing Posterior Samples:  30%|██▉       | 453/1524 [00:29<00:31, 34.04step/s]
[Origin 11/13] 🎲 Drawing Posterior Samples:  30%|███       | 458/1524 [00:30<00:29, 35.71step/s]
[Origin 11/13] 🎲 Drawing Posterior Samples:  30%|███       | 464/1524 [00:30<00:26, 39.88step/s]
[Origin 11/13] 🎲 Drawing Posterior Samples:  31%|███       | 470/1524 [00:30<00:24, 43.08step/s]
[Origin 11/13] 🎲 Drawing Posterior Samples:  31%|███       | 475/1524 [00:30<00:24, 43.19step/s]
[Origin 11/13] 🎲 Drawing Posterior Samples:  32%|███▏      | 481/1524 [00:30<00:23, 45.29step/s]
[Origin 11/13] 🎲 Drawing Posterior Samples:  32%|███▏      | 486/1524 [00:30<00:24, 43.10step/s]
[Origin 11/13] 🎲 Drawing Posterior Samples:  32%|███▏      | 492/1524 [00:30<00:22, 45.61step/s]
[Origin 11/13] 🎲 Drawing Posterior Samples:  33%|███▎      | 498/1524 [00:30<00:21, 47.44step/s]
[Origin 11/13] 🎲 Drawing Posterior Samples:  33%|███▎      | 503/1524 [00:31<00:22, 46.26step/s]
[Origin 11/13] 🎲 Drawing Posterior Samples:  33%|███▎      | 509/1524 [00:31<00:21, 47.95step/s]
[Origin 11/13] 🎲 Drawing Posterior Samples:  34%|███▎      | 514/1524 [00:31<00:22, 44.39step/s]
[Origin 11/13] 🎲 Drawing Posterior Samples:  34%|███▍      | 520/1524 [00:31<00:21, 46.79step/s]
[Origin 11/13] 🎲 Drawing Posterior Samples:  35%|███▍      | 526/1524 [00:31<00:20, 48.29step/s]
[Origin 11/13] 🎲 Drawing Posterior Samples:  35%|███▍      | 531/1524 [00:31<00:21, 46.59step/s]
[Origin 11/13] 🎲 Drawing Posterior Samples:  35%|███▌      | 537/1524 [00:31<00:20, 48.28step/s]
[Origin 11/13] 🎲 Drawing Posterior Samples:  36%|███▌      | 542/1524 [00:31<00:22, 44.36step/s]
[Origin 11/13] 🎲 Drawing Posterior Samples:  36%|███▌      | 548/1524 [00:31<00:20, 46.76step/s]
[Origin 11/13] 🎲 Drawing Posterior Samples:  36%|███▋      | 554/1524 [00:32<00:20, 48.40step/s]
[Origin 11/13] 🎲 Drawing Posterior Samples:  37%|███▋      | 559/1524 [00:32<00:20, 46.85step/s]
[Origin 11/13] 🎲 Drawing Posterior Samples:  37%|███▋      | 565/1524 [00:32<00:19, 48.38step/s]
[Origin 11/13] 🎲 Drawing Posterior Samples:  37%|███▋      | 570/1524 [00:32<00:21, 44.51step/s]
[Origin 11/13] 🎲 Drawing Posterior Samples:  38%|███▊      | 576/1524 [00:32<00:20, 46.86step/s]
[Origin 11/13] 🎲 Drawing Posterior Samples:  38%|███▊      | 582/1524 [00:32<00:19, 48.26step/s]
[Origin 11/13] 🎲 Drawing Posterior Samples:  39%|███▊      | 587/1524 [00:32<00:19, 46.85step/s]
[Origin 11/13] 🎲 Drawing Posterior Samples:  39%|███▉      | 593/1524 [00:32<00:19, 48.42step/s]
[Origin 11/13] 🎲 Drawing Posterior Samples:  39%|███▉      | 598/1524 [00:33<00:20, 45.02step/s]
[Origin 11/13] 🎲 Drawing Posterior Samples:  40%|███▉      | 604/1524 [00:33<00:19, 47.29step/s]
[Origin 11/13] 🎲 Drawing Posterior Samples:  40%|████      | 610/1524 [00:33<00:18, 48.72step/s]
[Origin 11/13] 🎲 Drawing Posterior Samples:  40%|████      | 615/1524 [00:33<00:18, 48.29step/s]
[Origin 11/13] 🎲 Drawing Posterior Samples:  41%|████      | 620/1524 [00:33<00:18, 47.68step/s]
[Origin 11/13] 🎲 Drawing Posterior Samples:  41%|████      | 625/1524 [00:33<00:20, 44.85step/s]
[Origin 11/13] 🎲 Drawing Posterior Samples:  41%|████▏     | 630/1524 [00:33<00:19, 45.81step/s]
[Origin 11/13] 🎲 Drawing Posterior Samples:  42%|████▏     | 636/1524 [00:33<00:18, 47.86step/s]
[Origin 11/13] 🎲 Drawing Posterior Samples:  42%|████▏     | 642/1524 [00:33<00:17, 49.13step/s]
[Origin 11/13] 🎲 Drawing Posterior Samples:  42%|████▏     | 647/1524 [00:34<00:18, 47.39step/s]
[Origin 11/13] 🎲 Drawing Posterior Samples:  43%|████▎     | 653/1524 [00:34<00:18, 46.35step/s]
[Origin 11/13] 🎲 Drawing Posterior Samples:  43%|████▎     | 658/1524 [00:34<00:19, 45.39step/s]
[Origin 11/13] 🎲 Drawing Posterior Samples:  44%|████▎     | 664/1524 [00:34<00:18, 47.55step/s]
[Origin 11/13] 🎲 Drawing Posterior Samples:  44%|████▍     | 670/1524 [00:34<00:17, 48.91step/s]
[Origin 11/13] 🎲 Drawing Posterior Samples:  44%|████▍     | 675/1524 [00:34<00:18, 47.07step/s]
[Origin 11/13] 🎲 Drawing Posterior Samples:  45%|████▍     | 681/1524 [00:34<00:17, 48.68step/s]
[Origin 11/13] 🎲 Drawing Posterior Samples:  45%|████▌     | 686/1524 [00:34<00:18, 44.47step/s]
[Origin 11/13] 🎲 Drawing Posterior Samples:  45%|████▌     | 692/1524 [00:35<00:17, 46.76step/s]
[Origin 11/13] 🎲 Drawing Posterior Samples:  46%|████▌     | 698/1524 [00:35<00:17, 48.34step/s]
[Origin 11/13] 🎲 Drawing Posterior Samples:  46%|████▌     | 703/1524 [00:35<00:17, 46.78step/s]
[Origin 11/13] 🎲 Drawing Posterior Samples:  47%|████▋     | 709/1524 [00:35<00:16, 48.40step/s]
[Origin 11/13] 🎲 Drawing Posterior Samples:  47%|████▋     | 714/1524 [00:35<00:18, 44.58step/s]
[Origin 11/13] 🎲 Drawing Posterior Samples:  47%|████▋     | 720/1524 [00:35<00:17, 46.89step/s]
[Origin 11/13] 🎲 Drawing Posterior Samples:  48%|████▊     | 726/1524 [00:35<00:16, 48.44step/s]
[Origin 11/13] 🎲 Drawing Posterior Samples:  48%|████▊     | 731/1524 [00:36<00:39, 20.10step/s]
[Origin 11/13] 🎲 Drawing Posterior Samples:  48%|████▊     | 735/1524 [00:37<01:01, 12.74step/s]
[Origin 11/13] 🎲 Drawing Posterior Samples:  48%|████▊     | 738/1524 [00:37<01:31,  8.56step/s]
[Origin 11/13] 🎲 Drawing Posterior Samples:  49%|████▊     | 741/1524 [00:38<01:38,  7.96step/s]
[Origin 11/13] 🎲 Drawing Posterior Samples:  49%|████▉     | 743/1524 [00:38<01:43,  7.58step/s]
[Origin 11/13] 🎲 Drawing Posterior Samples:  49%|████▉     | 745/1524 [00:38<01:44,  7.46step/s]
[Origin 11/13] 🎲 Drawing Posterior Samples:  49%|████▉     | 747/1524 [00:39<01:52,  6.92step/s]
[Origin 11/13] 🎲 Drawing Posterior Samples:  49%|████▉     | 748/1524 [00:39<01:52,  6.90step/s]
[Origin 11/13] 🎲 Drawing Posterior Samples:  49%|████▉     | 749/1524 [00:39<01:51,  6.92step/s]
[Origin 11/13] 🎲 Drawing Posterior Samples:  49%|████▉     | 750/1524 [00:39<02:00,  6.45step/s]
[Origin 11/13] 🎲 Drawing Posterior Samples:  49%|████▉     | 751/1524 [00:39<01:59,  6.48step/s]
[Origin 11/13] 🎲 Drawing Posterior Samples:  49%|████▉     | 752/1524 [00:40<02:04,  6.21step/s]
[Origin 11/13] 🎲 Drawing Posterior Samples:  49%|████▉     | 753/1524 [00:40<02:07,  6.03step/s]
[Origin 11/13] 🎲 Drawing Posterior Samples:  49%|████▉     | 754/1524 [00:40<02:11,  5.87step/s]
[Origin 11/13] 🎲 Drawing Posterior Samples:  50%|████▉     | 755/1524 [00:40<02:08,  5.97step/s]
[Origin 11/13] 🎲 Drawing Posterior Samples:  50%|████▉     | 756/1524 [00:40<02:13,  5.74step/s]
[Origin 11/13] 🎲 Drawing Posterior Samples:  50%|████▉     | 757/1524 [00:41<02:11,  5.84step/s]
[Origin 11/13] 🎲 Drawing Posterior Samples:  50%|████▉     | 758/1524 [00:41<02:04,  6.14step/s]
[Origin 11/13] 🎲 Drawing Posterior Samples:  50%|████▉     | 759/1524 [00:41<02:03,  6.21step/s]
[Origin 11/13] 🎲 Drawing Posterior Samples:  50%|████▉     | 760/1524 [00:41<02:04,  6.12step/s]
[Origin 11/13] 🎲 Drawing Posterior Samples:  50%|████▉     | 761/1524 [00:41<02:09,  5.90step/s]
[Origin 11/13] 🎲 Drawing Posterior Samples:  50%|█████     | 762/1524 [00:41<02:09,  5.88step/s]
[Origin 11/13] 🎲 Drawing Posterior Samples:  50%|█████     | 763/1524 [00:56<58:29,  4.61s/step]
[Origin 11/13] 🎲 Drawing Posterior Samples:  50%|█████     | 767/1524 [00:56<21:43,  1.72s/step]
[Origin 11/13] 🎲 Drawing Posterior Samples:  51%|█████     | 772/1524 [00:57<10:18,  1.22step/s]
[Origin 11/13] 🎲 Drawing Posterior Samples:  51%|█████     | 778/1524 [00:57<05:28,  2.27step/s]
[Origin 11/13] 🎲 Drawing Posterior Samples:  51%|█████▏    | 784/1524 [00:57<03:19,  3.71step/s]
[Origin 11/13] 🎲 Drawing Posterior Samples:  52%|█████▏    | 789/1524 [00:57<02:19,  5.27step/s]
[Origin 11/13] 🎲 Drawing Posterior Samples:  52%|█████▏    | 793/1524 [00:57<01:46,  6.89step/s]
[Origin 11/13] 🎲 Drawing Posterior Samples:  52%|█████▏    | 798/1524 [00:57<01:16,  9.45step/s]
[Origin 11/13] 🎲 Drawing Posterior Samples:  53%|█████▎    | 802/1524 [00:57<01:00, 11.89step/s]
[Origin 11/13] 🎲 Drawing Posterior Samples:  53%|█████▎    | 807/1524 [00:57<00:47, 15.23step/s]
[Origin 11/13] 🎲 Drawing Posterior Samples:  53%|█████▎    | 813/1524 [00:58<00:34, 20.40step/s]
[Origin 11/13] 🎲 Drawing Posterior Samples:  54%|█████▎    | 819/1524 [00:58<00:27, 25.67step/s]
[Origin 11/13] 🎲 Drawing Posterior Samples:  54%|█████▍    | 824/1524 [00:58<00:24, 28.94step/s]
[Origin 11/13] 🎲 Drawing Posterior Samples:  54%|█████▍    | 830/1524 [00:58<00:20, 33.40step/s]
[Origin 11/13] 🎲 Drawing Posterior Samples:  55%|█████▍    | 835/1524 [00:58<00:20, 33.44step/s]
[Origin 11/13] 🎲 Drawing Posterior Samples:  55%|█████▌    | 841/1524 [00:58<00:18, 37.94step/s]
[Origin 11/13] 🎲 Drawing Posterior Samples:  56%|█████▌    | 847/1524 [00:58<00:16, 41.54step/s]
[Origin 11/13] 🎲 Drawing Posterior Samples:  56%|█████▌    | 852/1524 [00:58<00:16, 41.98step/s]
[Origin 11/13] 🎲 Drawing Posterior Samples:  56%|█████▋    | 858/1524 [00:59<00:15, 42.53step/s]
[Origin 11/13] 🎲 Drawing Posterior Samples:  57%|█████▋    | 863/1524 [00:59<00:15, 42.59step/s]
[Origin 11/13] 🎲 Drawing Posterior Samples:  57%|█████▋    | 869/1524 [00:59<00:14, 45.39step/s]
[Origin 11/13] 🎲 Drawing Posterior Samples:  57%|█████▋    | 875/1524 [00:59<00:13, 47.36step/s]
[Origin 11/13] 🎲 Drawing Posterior Samples:  58%|█████▊    | 880/1524 [00:59<00:13, 46.19step/s]
[Origin 11/13] 🎲 Drawing Posterior Samples:  58%|█████▊    | 886/1524 [00:59<00:14, 45.46step/s]
[Origin 11/13] 🎲 Drawing Posterior Samples:  58%|█████▊    | 891/1524 [00:59<00:14, 43.97step/s]
[Origin 11/13] 🎲 Drawing Posterior Samples:  59%|█████▉    | 897/1524 [00:59<00:13, 46.48step/s]
[Origin 11/13] 🎲 Drawing Posterior Samples:  59%|█████▉    | 903/1524 [00:59<00:12, 48.22step/s]
[Origin 11/13] 🎲 Drawing Posterior Samples:  60%|█████▉    | 908/1524 [01:00<00:13, 46.50step/s]
[Origin 11/13] 🎲 Drawing Posterior Samples:  60%|█████▉    | 914/1524 [01:00<00:12, 46.95step/s]
[Origin 11/13] 🎲 Drawing Posterior Samples:  60%|██████    | 919/1524 [01:00<00:13, 44.34step/s]
[Origin 11/13] 🎲 Drawing Posterior Samples:  61%|██████    | 925/1524 [01:00<00:12, 46.70step/s]
[Origin 11/13] 🎲 Drawing Posterior Samples:  61%|██████    | 931/1524 [01:00<00:12, 48.28step/s]
[Origin 11/13] 🎲 Drawing Posterior Samples:  61%|██████▏   | 936/1524 [01:00<00:12, 46.66step/s]
[Origin 11/13] 🎲 Drawing Posterior Samples:  62%|██████▏   | 942/1524 [01:00<00:12, 47.17step/s]
[Origin 11/13] 🎲 Drawing Posterior Samples:  62%|██████▏   | 947/1524 [01:00<00:12, 44.52step/s]
[Origin 11/13] 🎲 Drawing Posterior Samples:  63%|██████▎   | 953/1524 [01:01<00:12, 46.77step/s]
[Origin 11/13] 🎲 Drawing Posterior Samples:  63%|██████▎   | 959/1524 [01:01<00:11, 48.28step/s]
[Origin 11/13] 🎲 Drawing Posterior Samples:  63%|██████▎   | 964/1524 [01:01<00:12, 46.50step/s]
[Origin 11/13] 🎲 Drawing Posterior Samples:  64%|██████▎   | 970/1524 [01:01<00:11, 47.76step/s]
[Origin 11/13] 🎲 Drawing Posterior Samples:  64%|██████▍   | 975/1524 [01:01<00:12, 44.44step/s]
[Origin 11/13] 🎲 Drawing Posterior Samples:  64%|██████▍   | 981/1524 [01:01<00:11, 46.78step/s]
[Origin 11/13] 🎲 Drawing Posterior Samples:  65%|██████▍   | 987/1524 [01:01<00:11, 48.44step/s]
[Origin 11/13] 🎲 Drawing Posterior Samples:  65%|██████▌   | 992/1524 [01:01<00:11, 46.50step/s]
[Origin 11/13] 🎲 Drawing Posterior Samples:  65%|██████▌   | 998/1524 [01:02<00:11, 46.74step/s]
[Origin 11/13] 🎲 Drawing Posterior Samples:  66%|██████▌   | 1003/1524 [01:02<00:12, 41.47step/s]
[Origin 11/13] 🎲 Drawing Posterior Samples:  66%|██████▌   | 1009/1524 [01:02<00:11, 44.45step/s]
[Origin 11/13] 🎲 Drawing Posterior Samples:  67%|██████▋   | 1015/1524 [01:02<00:10, 46.61step/s]
[Origin 11/13] 🎲 Drawing Posterior Samples:  67%|██████▋   | 1020/1524 [01:02<00:11, 45.50step/s]
[Origin 11/13] 🎲 Drawing Posterior Samples:  67%|██████▋   | 1025/1524 [01:02<00:11, 43.57step/s]
[Origin 11/13] 🎲 Drawing Posterior Samples:  68%|██████▊   | 1030/1524 [01:02<00:11, 44.60step/s]
[Origin 11/13] 🎲 Drawing Posterior Samples:  68%|██████▊   | 1035/1524 [01:02<00:11, 44.08step/s]
[Origin 11/13] 🎲 Drawing Posterior Samples:  68%|██████▊   | 1041/1524 [01:02<00:10, 46.61step/s]
[Origin 11/13] 🎲 Drawing Posterior Samples:  69%|██████▊   | 1046/1524 [01:03<00:10, 45.60step/s]
[Origin 11/13] 🎲 Drawing Posterior Samples:  69%|██████▉   | 1052/1524 [01:03<00:10, 44.99step/s]
[Origin 11/13] 🎲 Drawing Posterior Samples:  69%|██████▉   | 1058/1524 [01:03<00:09, 46.83step/s]
[Origin 11/13] 🎲 Drawing Posterior Samples:  70%|██████▉   | 1063/1524 [01:03<00:10, 45.71step/s]
[Origin 11/13] 🎲 Drawing Posterior Samples:  70%|███████   | 1069/1524 [01:03<00:09, 47.69step/s]
[Origin 11/13] 🎲 Drawing Posterior Samples:  70%|███████   | 1074/1524 [01:03<00:09, 46.22step/s]
[Origin 11/13] 🎲 Drawing Posterior Samples:  71%|███████   | 1080/1524 [01:03<00:09, 45.37step/s]
[Origin 11/13] 🎲 Drawing Posterior Samples:  71%|███████▏  | 1086/1524 [01:03<00:09, 47.19step/s]
[Origin 11/13] 🎲 Drawing Posterior Samples:  72%|███████▏  | 1091/1524 [01:04<00:09, 46.24step/s]
[Origin 11/13] 🎲 Drawing Posterior Samples:  72%|███████▏  | 1097/1524 [01:04<00:08, 48.07step/s]
[Origin 11/13] 🎲 Drawing Posterior Samples:  72%|███████▏  | 1102/1524 [01:04<00:09, 46.53step/s]
[Origin 11/13] 🎲 Drawing Posterior Samples:  73%|███████▎  | 1108/1524 [01:04<00:12, 32.41step/s]
[Origin 11/13] 🎲 Drawing Posterior Samples:  73%|███████▎  | 1112/1524 [01:05<00:23, 17.86step/s]
[Origin 11/13] 🎲 Drawing Posterior Samples:  73%|███████▎  | 1115/1524 [01:05<00:32, 12.58step/s]
[Origin 11/13] 🎲 Drawing Posterior Samples:  73%|███████▎  | 1118/1524 [01:06<00:41,  9.70step/s]
[Origin 11/13] 🎲 Drawing Posterior Samples:  73%|███████▎  | 1120/1524 [01:06<00:47,  8.49step/s]
[Origin 11/13] 🎲 Drawing Posterior Samples:  74%|███████▎  | 1122/1524 [01:06<00:51,  7.74step/s]
[Origin 11/13] 🎲 Drawing Posterior Samples:  74%|███████▍  | 1124/1524 [01:07<00:54,  7.29step/s]
[Origin 11/13] 🎲 Drawing Posterior Samples:  74%|███████▍  | 1125/1524 [01:07<00:56,  7.01step/s]
[Origin 11/13] 🎲 Drawing Posterior Samples:  74%|███████▍  | 1126/1524 [01:07<00:59,  6.69step/s]
[Origin 11/13] 🎲 Drawing Posterior Samples:  74%|███████▍  | 1127/1524 [01:07<01:03,  6.29step/s]
[Origin 11/13] 🎲 Drawing Posterior Samples:  74%|███████▍  | 1128/1524 [01:08<01:13,  5.41step/s]
[Origin 11/13] 🎲 Drawing Posterior Samples:  74%|███████▍  | 1129/1524 [01:08<01:11,  5.52step/s]
[Origin 11/13] 🎲 Drawing Posterior Samples:  74%|███████▍  | 1130/1524 [01:08<01:09,  5.65step/s]
[Origin 11/13] 🎲 Drawing Posterior Samples:  74%|███████▍  | 1131/1524 [01:08<01:09,  5.67step/s]
[Origin 11/13] 🎲 Drawing Posterior Samples:  74%|███████▍  | 1132/1524 [01:08<01:11,  5.45step/s]
[Origin 11/13] 🎲 Drawing Posterior Samples:  74%|███████▍  | 1133/1524 [01:09<01:11,  5.49step/s]
[Origin 11/13] 🎲 Drawing Posterior Samples:  74%|███████▍  | 1134/1524 [01:09<01:17,  5.01step/s]
[Origin 11/13] 🎲 Drawing Posterior Samples:  74%|███████▍  | 1135/1524 [01:09<01:12,  5.35step/s]
[Origin 11/13] 🎲 Drawing Posterior Samples:  75%|███████▍  | 1136/1524 [01:09<01:11,  5.45step/s]
[Origin 11/13] 🎲 Drawing Posterior Samples:  75%|███████▍  | 1137/1524 [01:09<01:20,  4.80step/s]
[Origin 11/13] 🎲 Drawing Posterior Samples:  75%|███████▍  | 1138/1524 [01:10<01:16,  5.03step/s]
[Origin 11/13] 🎲 Drawing Posterior Samples:  75%|███████▍  | 1139/1524 [01:10<01:09,  5.52step/s]
[Origin 11/13] 🎲 Drawing Posterior Samples:  75%|███████▍  | 1140/1524 [01:10<01:07,  5.67step/s]
[Origin 11/13] 🎲 Drawing Posterior Samples:  75%|███████▍  | 1141/1524 [01:10<01:08,  5.58step/s]
[Origin 11/13] 🎲 Drawing Posterior Samples:  75%|███████▍  | 1142/1524 [01:10<01:07,  5.64step/s]
[Origin 11/13] 🎲 Drawing Posterior Samples:  75%|███████▌  | 1143/1524 [01:10<01:09,  5.50step/s]
[Origin 11/13] 🎲 Drawing Posterior Samples:  75%|███████▌  | 1144/1524 [01:26<30:38,  4.84s/step]
[Origin 11/13] 🎲 Drawing Posterior Samples:  75%|███████▌  | 1149/1524 [01:26<09:43,  1.56s/step]
[Origin 11/13] 🎲 Drawing Posterior Samples:  76%|███████▌  | 1155/1524 [01:26<04:28,  1.37step/s]
[Origin 11/13] 🎲 Drawing Posterior Samples:  76%|███████▌  | 1158/1524 [01:26<03:15,  1.87step/s]
[Origin 11/13] 🎲 Drawing Posterior Samples:  76%|███████▋  | 1164/1524 [01:27<01:50,  3.26step/s]
[Origin 11/13] 🎲 Drawing Posterior Samples:  77%|███████▋  | 1170/1524 [01:27<01:09,  5.12step/s]
[Origin 11/13] 🎲 Drawing Posterior Samples:  77%|███████▋  | 1176/1524 [01:27<00:46,  7.50step/s]
[Origin 11/13] 🎲 Drawing Posterior Samples:  78%|███████▊  | 1182/1524 [01:27<00:32, 10.52step/s]
[Origin 11/13] 🎲 Drawing Posterior Samples:  78%|███████▊  | 1187/1524 [01:27<00:25, 13.24step/s]
[Origin 11/13] 🎲 Drawing Posterior Samples:  78%|███████▊  | 1192/1524 [01:27<00:20, 16.20step/s]
[Origin 11/13] 🎲 Drawing Posterior Samples:  79%|███████▊  | 1198/1524 [01:27<00:15, 20.59step/s]
[Origin 11/13] 🎲 Drawing Posterior Samples:  79%|███████▉  | 1203/1524 [01:27<00:13, 24.43step/s]
[Origin 11/13] 🎲 Drawing Posterior Samples:  79%|███████▉  | 1208/1524 [01:28<00:11, 27.57step/s]
[Origin 11/13] 🎲 Drawing Posterior Samples:  80%|███████▉  | 1213/1524 [01:28<00:10, 30.41step/s]
[Origin 11/13] 🎲 Drawing Posterior Samples:  80%|███████▉  | 1218/1524 [01:28<00:08, 34.33step/s]
[Origin 11/13] 🎲 Drawing Posterior Samples:  80%|████████  | 1223/1524 [01:28<00:08, 36.58step/s]
[Origin 11/13] 🎲 Drawing Posterior Samples:  81%|████████  | 1228/1524 [01:28<00:07, 37.57step/s]
[Origin 11/13] 🎲 Drawing Posterior Samples:  81%|████████  | 1233/1524 [01:28<00:07, 40.42step/s]
[Origin 11/13] 🎲 Drawing Posterior Samples:  81%|████████  | 1238/1524 [01:28<00:06, 40.94step/s]
[Origin 11/13] 🎲 Drawing Posterior Samples:  82%|████████▏ | 1243/1524 [01:28<00:06, 40.85step/s]
[Origin 11/13] 🎲 Drawing Posterior Samples:  82%|████████▏ | 1249/1524 [01:28<00:06, 44.14step/s]
[Origin 11/13] 🎲 Drawing Posterior Samples:  82%|████████▏ | 1254/1524 [01:29<00:05, 45.07step/s]
[Origin 11/13] 🎲 Drawing Posterior Samples:  83%|████████▎ | 1259/1524 [01:29<00:05, 45.25step/s]
[Origin 11/13] 🎲 Drawing Posterior Samples:  83%|████████▎ | 1264/1524 [01:29<00:05, 45.89step/s]
[Origin 11/13] 🎲 Drawing Posterior Samples:  83%|████████▎ | 1269/1524 [01:29<00:05, 43.62step/s]
[Origin 11/13] 🎲 Drawing Posterior Samples:  84%|████████▎ | 1275/1524 [01:29<00:05, 46.36step/s]
[Origin 11/13] 🎲 Drawing Posterior Samples:  84%|████████▍ | 1281/1524 [01:29<00:05, 48.09step/s]
[Origin 11/13] 🎲 Drawing Posterior Samples:  84%|████████▍ | 1286/1524 [01:29<00:05, 45.06step/s]
[Origin 11/13] 🎲 Drawing Posterior Samples:  85%|████████▍ | 1291/1524 [01:29<00:05, 42.60step/s]
[Origin 11/13] 🎲 Drawing Posterior Samples:  85%|████████▌ | 1297/1524 [01:30<00:05, 45.37step/s]
[Origin 11/13] 🎲 Drawing Posterior Samples:  85%|████████▌ | 1302/1524 [01:30<00:04, 44.69step/s]
[Origin 11/13] 🎲 Drawing Posterior Samples:  86%|████████▌ | 1308/1524 [01:30<00:04, 46.84step/s]
[Origin 11/13] 🎲 Drawing Posterior Samples:  86%|████████▌ | 1313/1524 [01:30<00:04, 43.08step/s]
[Origin 11/13] 🎲 Drawing Posterior Samples:  87%|████████▋ | 1319/1524 [01:30<00:04, 45.77step/s]
[Origin 11/13] 🎲 Drawing Posterior Samples:  87%|████████▋ | 1325/1524 [01:30<00:04, 45.55step/s]
[Origin 11/13] 🎲 Drawing Posterior Samples:  87%|████████▋ | 1330/1524 [01:30<00:04, 45.96step/s]
[Origin 11/13] 🎲 Drawing Posterior Samples:  88%|████████▊ | 1335/1524 [01:30<00:04, 43.94step/s]
[Origin 11/13] 🎲 Drawing Posterior Samples:  88%|████████▊ | 1341/1524 [01:31<00:04, 43.64step/s]
[Origin 11/13] 🎲 Drawing Posterior Samples:  88%|████████▊ | 1347/1524 [01:31<00:03, 45.87step/s]
[Origin 11/13] 🎲 Drawing Posterior Samples:  89%|████████▉ | 1353/1524 [01:31<00:03, 47.69step/s]
[Origin 11/13] 🎲 Drawing Posterior Samples:  89%|████████▉ | 1358/1524 [01:31<00:03, 46.34step/s]
[Origin 11/13] 🎲 Drawing Posterior Samples:  89%|████████▉ | 1363/1524 [01:31<00:03, 44.55step/s]
[Origin 11/13] 🎲 Drawing Posterior Samples:  90%|████████▉ | 1369/1524 [01:31<00:03, 46.82step/s]
[Origin 11/13] 🎲 Drawing Posterior Samples:  90%|█████████ | 1375/1524 [01:31<00:03, 46.40step/s]
[Origin 11/13] 🎲 Drawing Posterior Samples:  91%|█████████ | 1381/1524 [01:31<00:02, 48.17step/s]
[Origin 11/13] 🎲 Drawing Posterior Samples:  91%|█████████ | 1386/1524 [01:32<00:03, 44.04step/s]
[Origin 11/13] 🎲 Drawing Posterior Samples:  91%|█████████▏| 1392/1524 [01:32<00:02, 46.52step/s]
[Origin 11/13] 🎲 Drawing Posterior Samples:  92%|█████████▏| 1398/1524 [01:32<00:02, 48.18step/s]
[Origin 11/13] 🎲 Drawing Posterior Samples:  92%|█████████▏| 1403/1524 [01:32<00:02, 47.61step/s]
[Origin 11/13] 🎲 Drawing Posterior Samples:  92%|█████████▏| 1408/1524 [01:32<00:02, 47.96step/s]
[Origin 11/13] 🎲 Drawing Posterior Samples:  93%|█████████▎| 1413/1524 [01:32<00:02, 45.88step/s]
[Origin 11/13] 🎲 Drawing Posterior Samples:  93%|█████████▎| 1418/1524 [01:32<00:02, 45.14step/s]
[Origin 11/13] 🎲 Drawing Posterior Samples:  93%|█████████▎| 1424/1524 [01:32<00:02, 47.31step/s]
[Origin 11/13] 🎲 Drawing Posterior Samples:  94%|█████████▍| 1429/1524 [01:32<00:02, 44.96step/s]
[Origin 11/13] 🎲 Drawing Posterior Samples:  94%|█████████▍| 1435/1524 [01:33<00:01, 47.14step/s]
[Origin 11/13] 🎲 Drawing Posterior Samples:  94%|█████████▍| 1440/1524 [01:33<00:01, 47.23step/s]
[Origin 11/13] 🎲 Drawing Posterior Samples:  95%|█████████▍| 1445/1524 [01:33<00:01, 47.41step/s]
[Origin 11/13] 🎲 Drawing Posterior Samples:  95%|█████████▌| 1450/1524 [01:33<00:01, 46.24step/s]
[Origin 11/13] 🎲 Drawing Posterior Samples:  95%|█████████▌| 1455/1524 [01:33<00:01, 41.00step/s]
[Origin 11/13] 🎲 Drawing Posterior Samples:  96%|█████████▌| 1461/1524 [01:33<00:01, 44.27step/s]
[Origin 11/13] 🎲 Drawing Posterior Samples:  96%|█████████▌| 1466/1524 [01:33<00:01, 44.98step/s]
[Origin 11/13] 🎲 Drawing Posterior Samples:  97%|█████████▋| 1471/1524 [01:33<00:01, 45.24step/s]
[Origin 11/13] 🎲 Drawing Posterior Samples:  97%|█████████▋| 1476/1524 [01:33<00:01, 44.33step/s]
[Origin 11/13] 🎲 Drawing Posterior Samples:  97%|█████████▋| 1482/1524 [01:34<00:00, 46.65step/s]
[Origin 11/13] 🎲 Drawing Posterior Samples:  98%|█████████▊| 1487/1524 [01:34<00:00, 45.48step/s]
[Origin 11/13] 🎲 Drawing Posterior Samples:  98%|█████████▊| 1492/1524 [01:34<00:01, 19.71step/s]
[Origin 11/13] 🎲 Drawing Posterior Samples:  98%|█████████▊| 1496/1524 [01:35<00:02, 11.90step/s]
[Origin 11/13] 🎲 Drawing Posterior Samples:  98%|█████████▊| 1499/1524 [01:36<00:02,  9.36step/s]
[Origin 11/13] 🎲 Drawing Posterior Samples:  98%|█████████▊| 1501/1524 [01:36<00:02,  8.61step/s]
[Origin 11/13] 🎲 Drawing Posterior Samples:  99%|█████████▊| 1503/1524 [01:36<00:02,  7.90step/s]
[Origin 11/13] 🎲 Drawing Posterior Samples:  99%|█████████▉| 1505/1524 [01:37<00:02,  7.25step/s]
[Origin 11/13] 🎲 Drawing Posterior Samples:  99%|█████████▉| 1507/1524 [01:37<00:02,  6.05step/s]
[Origin 11/13] 🎲 Drawing Posterior Samples:  99%|█████████▉| 1508/1524 [01:37<00:02,  5.75step/s]
[Origin 11/13] 🎲 Drawing Posterior Samples:  99%|█████████▉| 1509/1524 [01:38<00:02,  5.94step/s]
[Origin 11/13] 🎲 Drawing Posterior Samples:  99%|█████████▉| 1510/1524 [01:38<00:02,  5.45step/s]
[Origin 11/13] 🎲 Drawing Posterior Samples:  99%|█████████▉| 1511/1524 [01:38<00:02,  5.68step/s]
[Origin 11/13] 🎲 Drawing Posterior Samples:  99%|█████████▉| 1512/1524 [01:38<00:02,  5.79step/s]
[Origin 11/13] 🎲 Drawing Posterior Samples:  99%|█████████▉| 1513/1524 [01:38<00:01,  5.97step/s]
[Origin 11/13] 🎲 Drawing Posterior Samples:  99%|█████████▉| 1514/1524 [01:38<00:01,  5.78step/s]
[Origin 11/13] 🎲 Drawing Posterior Samples:  99%|█████████▉| 1515/1524 [01:39<00:01,  5.72step/s]
[Origin 11/13] 🎲 Drawing Posterior Samples:  99%|█████████▉| 1516/1524 [01:39<00:01,  5.03step/s]
[Origin 11/13] 🎲 Drawing Posterior Samples: 100%|█████████▉| 1517/1524 [01:39<00:01,  4.53step/s]
[Origin 11/13] 🎲 Drawing Posterior Samples: 100%|█████████▉| 1518/1524 [01:39<00:01,  4.80step/s]
[Origin 11/13] 🎲 Drawing Posterior Samples: 100%|█████████▉| 1519/1524 [01:39<00:00,  5.07step/s]
[Origin 11/13] 🎲 Drawing Posterior Samples: 100%|█████████▉| 1520/1524 [01:40<00:00,  5.25step/s]
[Origin 11/13] 🎲 Drawing Posterior Samples: 100%|█████████▉| 1521/1524 [01:40<00:00,  5.30step/s]
[Origin 11/13] 🎲 Drawing Posterior Samples: 100%|█████████▉| 1522/1524 [01:40<00:00,  5.65step/s]
[Origin 11/13] 🎲 Drawing Posterior Samples: 100%|█████████▉| 1523/1524 [01:40<00:00,  5.46step/s]
[Origin 11/13] 🎲 Drawing Posterior Samples: 100%|██████████| 1524/1524 [01:40<00:00,  5.46step/s]
                                                                                                  

[Origin 12/13] 🎲 Drawing Posterior Samples:   0%|          | 0/1528 [00:00<?, ?step/s]
[Origin 12/13] 🎲 Drawing Posterior Samples:   0%|          | 6/1528 [00:00<00:32, 47.06step/s]
[Origin 12/13] 🎲 Drawing Posterior Samples:   1%|          | 12/1528 [00:00<00:31, 48.51step/s]
[Origin 12/13] 🎲 Drawing Posterior Samples:   1%|          | 17/1528 [00:00<00:36, 41.63step/s]
[Origin 12/13] 🎲 Drawing Posterior Samples:   2%|▏         | 23/1528 [00:00<00:32, 45.73step/s]
[Origin 12/13] 🎲 Drawing Posterior Samples:   2%|▏         | 28/1528 [00:00<00:33, 44.46step/s]
[Origin 12/13] 🎲 Drawing Posterior Samples:   2%|▏         | 34/1528 [00:00<00:31, 47.17step/s]
[Origin 12/13] 🎲 Drawing Posterior Samples:   3%|▎         | 39/1528 [00:00<00:33, 43.85step/s]
[Origin 12/13] 🎲 Drawing Posterior Samples:   3%|▎         | 44/1528 [00:00<00:33, 44.25step/s]
[Origin 12/13] 🎲 Drawing Posterior Samples:   3%|▎         | 49/1528 [00:01<00:34, 42.98step/s]
[Origin 12/13] 🎲 Drawing Posterior Samples:   4%|▎         | 54/1528 [00:01<00:35, 42.02step/s]
[Origin 12/13] 🎲 Drawing Posterior Samples:   4%|▍         | 59/1528 [00:01<00:35, 41.86step/s]
[Origin 12/13] 🎲 Drawing Posterior Samples:   4%|▍         | 65/1528 [00:01<00:32, 44.90step/s]
[Origin 12/13] 🎲 Drawing Posterior Samples:   5%|▍         | 70/1528 [00:01<00:35, 40.75step/s]
[Origin 12/13] 🎲 Drawing Posterior Samples:   5%|▍         | 75/1528 [00:01<00:35, 41.02step/s]
[Origin 12/13] 🎲 Drawing Posterior Samples:   5%|▌         | 80/1528 [00:01<00:34, 41.46step/s]
[Origin 12/13] 🎲 Drawing Posterior Samples:   6%|▌         | 86/1528 [00:01<00:32, 44.45step/s]
[Origin 12/13] 🎲 Drawing Posterior Samples:   6%|▌         | 91/1528 [00:02<00:33, 43.17step/s]
[Origin 12/13] 🎲 Drawing Posterior Samples:   6%|▋         | 96/1528 [00:02<00:33, 42.97step/s]
[Origin 12/13] 🎲 Drawing Posterior Samples:   7%|▋         | 101/1528 [00:02<00:31, 44.80step/s]
[Origin 12/13] 🎲 Drawing Posterior Samples:   7%|▋         | 106/1528 [00:02<00:36, 38.86step/s]
[Origin 12/13] 🎲 Drawing Posterior Samples:   7%|▋         | 111/1528 [00:02<00:34, 41.19step/s]
[Origin 12/13] 🎲 Drawing Posterior Samples:   8%|▊         | 116/1528 [00:02<00:34, 40.82step/s]
[Origin 12/13] 🎲 Drawing Posterior Samples:   8%|▊         | 121/1528 [00:02<00:33, 41.45step/s]
[Origin 12/13] 🎲 Drawing Posterior Samples:   8%|▊         | 127/1528 [00:02<00:31, 44.69step/s]
[Origin 12/13] 🎲 Drawing Posterior Samples:   9%|▊         | 133/1528 [00:03<00:29, 46.98step/s]
[Origin 12/13] 🎲 Drawing Posterior Samples:   9%|▉         | 138/1528 [00:03<00:30, 45.61step/s]
[Origin 12/13] 🎲 Drawing Posterior Samples:   9%|▉         | 143/1528 [00:03<00:30, 44.95step/s]
[Origin 12/13] 🎲 Drawing Posterior Samples:  10%|▉         | 148/1528 [00:03<00:30, 44.53step/s]
[Origin 12/13] 🎲 Drawing Posterior Samples:  10%|█         | 154/1528 [00:03<00:29, 46.80step/s]
[Origin 12/13] 🎲 Drawing Posterior Samples:  10%|█         | 160/1528 [00:03<00:28, 48.21step/s]
[Origin 12/13] 🎲 Drawing Posterior Samples:  11%|█         | 165/1528 [00:03<00:31, 43.63step/s]
[Origin 12/13] 🎲 Drawing Posterior Samples:  11%|█         | 170/1528 [00:03<00:33, 40.44step/s]
[Origin 12/13] 🎲 Drawing Posterior Samples:  11%|█▏        | 175/1528 [00:04<00:33, 40.53step/s]
[Origin 12/13] 🎲 Drawing Posterior Samples:  12%|█▏        | 180/1528 [00:04<00:32, 41.28step/s]
[Origin 12/13] 🎲 Drawing Posterior Samples:  12%|█▏        | 186/1528 [00:04<00:30, 44.22step/s]
[Origin 12/13] 🎲 Drawing Posterior Samples:  12%|█▎        | 191/1528 [00:04<00:30, 43.74step/s]
[Origin 12/13] 🎲 Drawing Posterior Samples:  13%|█▎        | 196/1528 [00:04<00:31, 42.24step/s]
[Origin 12/13] 🎲 Drawing Posterior Samples:  13%|█▎        | 201/1528 [00:04<00:31, 41.78step/s]
[Origin 12/13] 🎲 Drawing Posterior Samples:  14%|█▎        | 207/1528 [00:04<00:29, 44.82step/s]
[Origin 12/13] 🎲 Drawing Posterior Samples:  14%|█▍        | 212/1528 [00:04<00:30, 43.36step/s]
[Origin 12/13] 🎲 Drawing Posterior Samples:  14%|█▍        | 217/1528 [00:04<00:29, 44.59step/s]
[Origin 12/13] 🎲 Drawing Posterior Samples:  15%|█▍        | 222/1528 [00:05<00:31, 41.82step/s]
[Origin 12/13] 🎲 Drawing Posterior Samples:  15%|█▍        | 227/1528 [00:05<00:30, 42.28step/s]
[Origin 12/13] 🎲 Drawing Posterior Samples:  15%|█▌        | 232/1528 [00:05<00:31, 40.69step/s]
[Origin 12/13] 🎲 Drawing Posterior Samples:  16%|█▌        | 238/1528 [00:05<00:29, 44.16step/s]
[Origin 12/13] 🎲 Drawing Posterior Samples:  16%|█▌        | 243/1528 [00:05<00:32, 40.00step/s]
[Origin 12/13] 🎲 Drawing Posterior Samples:  16%|█▋        | 249/1528 [00:05<00:29, 43.44step/s]
[Origin 12/13] 🎲 Drawing Posterior Samples:  17%|█▋        | 255/1528 [00:05<00:27, 45.91step/s]
[Origin 12/13] 🎲 Drawing Posterior Samples:  17%|█▋        | 260/1528 [00:06<00:30, 42.21step/s]
[Origin 12/13] 🎲 Drawing Posterior Samples:  17%|█▋        | 266/1528 [00:06<00:28, 45.03step/s]
[Origin 12/13] 🎲 Drawing Posterior Samples:  18%|█▊        | 271/1528 [00:06<00:28, 43.58step/s]
[Origin 12/13] 🎲 Drawing Posterior Samples:  18%|█▊        | 276/1528 [00:06<00:27, 44.86step/s]
[Origin 12/13] 🎲 Drawing Posterior Samples:  18%|█▊        | 281/1528 [00:06<00:30, 41.41step/s]
[Origin 12/13] 🎲 Drawing Posterior Samples:  19%|█▊        | 286/1528 [00:06<00:30, 41.21step/s]
[Origin 12/13] 🎲 Drawing Posterior Samples:  19%|█▉        | 291/1528 [00:06<00:29, 41.58step/s]
[Origin 12/13] 🎲 Drawing Posterior Samples:  19%|█▉        | 297/1528 [00:06<00:27, 44.71step/s]
[Origin 12/13] 🎲 Drawing Posterior Samples:  20%|█▉        | 302/1528 [00:07<00:30, 40.70step/s]
[Origin 12/13] 🎲 Drawing Posterior Samples:  20%|██        | 307/1528 [00:07<00:29, 41.08step/s]
[Origin 12/13] 🎲 Drawing Posterior Samples:  20%|██        | 312/1528 [00:07<00:29, 40.84step/s]
[Origin 12/13] 🎲 Drawing Posterior Samples:  21%|██        | 317/1528 [00:07<00:28, 42.16step/s]
[Origin 12/13] 🎲 Drawing Posterior Samples:  21%|██        | 322/1528 [00:07<00:27, 43.24step/s]
[Origin 12/13] 🎲 Drawing Posterior Samples:  21%|██▏       | 328/1528 [00:07<00:27, 44.27step/s]
[Origin 12/13] 🎲 Drawing Posterior Samples:  22%|██▏       | 333/1528 [00:07<00:28, 41.96step/s]
[Origin 12/13] 🎲 Drawing Posterior Samples:  22%|██▏       | 339/1528 [00:07<00:27, 42.88step/s]
[Origin 12/13] 🎲 Drawing Posterior Samples:  23%|██▎       | 344/1528 [00:07<00:28, 41.66step/s]
[Origin 12/13] 🎲 Drawing Posterior Samples:  23%|██▎       | 349/1528 [00:08<00:54, 21.64step/s]
[Origin 12/13] 🎲 Drawing Posterior Samples:  23%|██▎       | 353/1528 [00:09<01:25, 13.68step/s]
[Origin 12/13] 🎲 Drawing Posterior Samples:  23%|██▎       | 356/1528 [00:09<01:44, 11.19step/s]
[Origin 12/13] 🎲 Drawing Posterior Samples:  23%|██▎       | 358/1528 [00:09<02:01,  9.64step/s]
[Origin 12/13] 🎲 Drawing Posterior Samples:  24%|██▎       | 360/1528 [00:10<02:22,  8.17step/s]
[Origin 12/13] 🎲 Drawing Posterior Samples:  24%|██▎       | 362/1528 [00:10<02:43,  7.13step/s]
[Origin 12/13] 🎲 Drawing Posterior Samples:  24%|██▍       | 363/1528 [00:10<02:50,  6.84step/s]
[Origin 12/13] 🎲 Drawing Posterior Samples:  24%|██▍       | 364/1528 [00:11<03:00,  6.44step/s]
[Origin 12/13] 🎲 Drawing Posterior Samples:  24%|██▍       | 365/1528 [00:11<03:07,  6.19step/s]
[Origin 12/13] 🎲 Drawing Posterior Samples:  24%|██▍       | 366/1528 [00:11<03:40,  5.28step/s]
[Origin 12/13] 🎲 Drawing Posterior Samples:  24%|██▍       | 367/1528 [00:11<03:32,  5.47step/s]
[Origin 12/13] 🎲 Drawing Posterior Samples:  24%|██▍       | 368/1528 [00:11<03:22,  5.73step/s]
[Origin 12/13] 🎲 Drawing Posterior Samples:  24%|██▍       | 369/1528 [00:12<03:21,  5.76step/s]
[Origin 12/13] 🎲 Drawing Posterior Samples:  24%|██▍       | 370/1528 [00:12<03:18,  5.84step/s]
[Origin 12/13] 🎲 Drawing Posterior Samples:  24%|██▍       | 371/1528 [00:12<03:17,  5.85step/s]
[Origin 12/13] 🎲 Drawing Posterior Samples:  24%|██▍       | 372/1528 [00:12<03:28,  5.55step/s]
[Origin 12/13] 🎲 Drawing Posterior Samples:  24%|██▍       | 373/1528 [00:12<03:25,  5.62step/s]
[Origin 12/13] 🎲 Drawing Posterior Samples:  24%|██▍       | 374/1528 [00:12<03:29,  5.52step/s]
[Origin 12/13] 🎲 Drawing Posterior Samples:  25%|██▍       | 375/1528 [00:13<03:28,  5.53step/s]
[Origin 12/13] 🎲 Drawing Posterior Samples:  25%|██▍       | 376/1528 [00:13<03:35,  5.34step/s]
[Origin 12/13] 🎲 Drawing Posterior Samples:  25%|██▍       | 377/1528 [00:13<03:40,  5.23step/s]
[Origin 12/13] 🎲 Drawing Posterior Samples:  25%|██▍       | 378/1528 [00:13<03:52,  4.95step/s]
[Origin 12/13] 🎲 Drawing Posterior Samples:  25%|██▍       | 379/1528 [00:13<03:42,  5.16step/s]
[Origin 12/13] 🎲 Drawing Posterior Samples:  25%|██▍       | 380/1528 [00:14<03:43,  5.15step/s]
[Origin 12/13] 🎲 Drawing Posterior Samples:  25%|██▍       | 381/1528 [00:14<03:41,  5.19step/s]
[Origin 12/13] 🎲 Drawing Posterior Samples:  25%|██▌       | 382/1528 [00:14<03:29,  5.46step/s]
[Origin 12/13] 🎲 Drawing Posterior Samples:  25%|██▌       | 383/1528 [00:30<1:32:17,  4.84s/step]
[Origin 12/13] 🎲 Drawing Posterior Samples:  25%|██▌       | 387/1528 [00:30<34:18,  1.80s/step]  
[Origin 12/13] 🎲 Drawing Posterior Samples:  26%|██▌       | 392/1528 [00:30<16:18,  1.16step/s]
[Origin 12/13] 🎲 Drawing Posterior Samples:  26%|██▌       | 397/1528 [00:30<09:26,  2.00step/s]
[Origin 12/13] 🎲 Drawing Posterior Samples:  26%|██▋       | 403/1528 [00:30<05:34,  3.36step/s]
[Origin 12/13] 🎲 Drawing Posterior Samples:  27%|██▋       | 408/1528 [00:30<03:50,  4.86step/s]
[Origin 12/13] 🎲 Drawing Posterior Samples:  27%|██▋       | 412/1528 [00:31<02:56,  6.32step/s]
[Origin 12/13] 🎲 Drawing Posterior Samples:  27%|██▋       | 417/1528 [00:31<02:06,  8.81step/s]
[Origin 12/13] 🎲 Drawing Posterior Samples:  28%|██▊       | 423/1528 [00:31<01:27, 12.60step/s]
[Origin 12/13] 🎲 Drawing Posterior Samples:  28%|██▊       | 428/1528 [00:31<01:08, 15.94step/s]
[Origin 12/13] 🎲 Drawing Posterior Samples:  28%|██▊       | 433/1528 [00:31<00:57, 19.03step/s]
[Origin 12/13] 🎲 Drawing Posterior Samples:  29%|██▊       | 437/1528 [00:31<00:51, 21.19step/s]
[Origin 12/13] 🎲 Drawing Posterior Samples:  29%|██▉       | 442/1528 [00:31<00:43, 25.17step/s]
[Origin 12/13] 🎲 Drawing Posterior Samples:  29%|██▉       | 448/1528 [00:31<00:35, 30.38step/s]
[Origin 12/13] 🎲 Drawing Posterior Samples:  30%|██▉       | 453/1528 [00:31<00:32, 33.36step/s]
[Origin 12/13] 🎲 Drawing Posterior Samples:  30%|██▉       | 458/1528 [00:32<00:29, 36.53step/s]
[Origin 12/13] 🎲 Drawing Posterior Samples:  30%|███       | 463/1528 [00:32<00:27, 39.14step/s]
[Origin 12/13] 🎲 Drawing Posterior Samples:  31%|███       | 468/1528 [00:32<00:26, 40.25step/s]
[Origin 12/13] 🎲 Drawing Posterior Samples:  31%|███       | 474/1528 [00:32<00:24, 43.44step/s]
[Origin 12/13] 🎲 Drawing Posterior Samples:  31%|███▏      | 479/1528 [00:32<00:24, 43.66step/s]
[Origin 12/13] 🎲 Drawing Posterior Samples:  32%|███▏      | 485/1528 [00:32<00:22, 46.05step/s]
[Origin 12/13] 🎲 Drawing Posterior Samples:  32%|███▏      | 490/1528 [00:32<00:22, 45.24step/s]
[Origin 12/13] 🎲 Drawing Posterior Samples:  32%|███▏      | 496/1528 [00:32<00:22, 45.04step/s]
[Origin 12/13] 🎲 Drawing Posterior Samples:  33%|███▎      | 501/1528 [00:33<00:23, 43.53step/s]
[Origin 12/13] 🎲 Drawing Posterior Samples:  33%|███▎      | 506/1528 [00:33<00:23, 43.20step/s]
[Origin 12/13] 🎲 Drawing Posterior Samples:  33%|███▎      | 511/1528 [00:33<00:22, 44.63step/s]
[Origin 12/13] 🎲 Drawing Posterior Samples:  34%|███▍      | 517/1528 [00:33<00:22, 44.82step/s]
[Origin 12/13] 🎲 Drawing Posterior Samples:  34%|███▍      | 522/1528 [00:33<00:25, 39.92step/s]
[Origin 12/13] 🎲 Drawing Posterior Samples:  34%|███▍      | 527/1528 [00:33<00:24, 41.05step/s]
[Origin 12/13] 🎲 Drawing Posterior Samples:  35%|███▍      | 532/1528 [00:33<00:23, 43.28step/s]
[Origin 12/13] 🎲 Drawing Posterior Samples:  35%|███▌      | 538/1528 [00:33<00:21, 45.68step/s]
[Origin 12/13] 🎲 Drawing Posterior Samples:  36%|███▌      | 543/1528 [00:33<00:22, 44.72step/s]
[Origin 12/13] 🎲 Drawing Posterior Samples:  36%|███▌      | 548/1528 [00:34<00:21, 45.01step/s]
[Origin 12/13] 🎲 Drawing Posterior Samples:  36%|███▌      | 553/1528 [00:34<00:21, 44.81step/s]
[Origin 12/13] 🎲 Drawing Posterior Samples:  37%|███▋      | 558/1528 [00:34<00:21, 45.51step/s]
[Origin 12/13] 🎲 Drawing Posterior Samples:  37%|███▋      | 564/1528 [00:34<00:20, 47.61step/s]
[Origin 12/13] 🎲 Drawing Posterior Samples:  37%|███▋      | 569/1528 [00:34<00:20, 45.94step/s]
[Origin 12/13] 🎲 Drawing Posterior Samples:  38%|███▊      | 575/1528 [00:34<00:19, 47.83step/s]
[Origin 12/13] 🎲 Drawing Posterior Samples:  38%|███▊      | 580/1528 [00:34<00:20, 46.45step/s]
[Origin 12/13] 🎲 Drawing Posterior Samples:  38%|███▊      | 585/1528 [00:34<00:20, 45.35step/s]
[Origin 12/13] 🎲 Drawing Posterior Samples:  39%|███▊      | 591/1528 [00:35<00:19, 47.42step/s]
[Origin 12/13] 🎲 Drawing Posterior Samples:  39%|███▉      | 596/1528 [00:35<00:20, 46.06step/s]
[Origin 12/13] 🎲 Drawing Posterior Samples:  39%|███▉      | 601/1528 [00:35<00:22, 41.34step/s]
[Origin 12/13] 🎲 Drawing Posterior Samples:  40%|███▉      | 606/1528 [00:35<00:21, 42.07step/s]
[Origin 12/13] 🎲 Drawing Posterior Samples:  40%|████      | 612/1528 [00:35<00:20, 45.01step/s]
[Origin 12/13] 🎲 Drawing Posterior Samples:  40%|████      | 618/1528 [00:35<00:19, 47.13step/s]
[Origin 12/13] 🎲 Drawing Posterior Samples:  41%|████      | 623/1528 [00:35<00:19, 45.54step/s]
[Origin 12/13] 🎲 Drawing Posterior Samples:  41%|████      | 629/1528 [00:35<00:18, 47.54step/s]
[Origin 12/13] 🎲 Drawing Posterior Samples:  41%|████▏     | 634/1528 [00:36<00:21, 40.89step/s]
[Origin 12/13] 🎲 Drawing Posterior Samples:  42%|████▏     | 639/1528 [00:36<00:20, 42.96step/s]
[Origin 12/13] 🎲 Drawing Posterior Samples:  42%|████▏     | 645/1528 [00:36<00:19, 45.62step/s]
[Origin 12/13] 🎲 Drawing Posterior Samples:  43%|████▎     | 650/1528 [00:36<00:20, 42.08step/s]
[Origin 12/13] 🎲 Drawing Posterior Samples:  43%|████▎     | 655/1528 [00:36<00:20, 42.62step/s]
[Origin 12/13] 🎲 Drawing Posterior Samples:  43%|████▎     | 660/1528 [00:36<00:21, 41.09step/s]
[Origin 12/13] 🎲 Drawing Posterior Samples:  44%|████▎     | 665/1528 [00:36<00:20, 41.10step/s]
[Origin 12/13] 🎲 Drawing Posterior Samples:  44%|████▍     | 671/1528 [00:36<00:19, 44.27step/s]
[Origin 12/13] 🎲 Drawing Posterior Samples:  44%|████▍     | 676/1528 [00:37<00:21, 39.89step/s]
[Origin 12/13] 🎲 Drawing Posterior Samples:  45%|████▍     | 682/1528 [00:37<00:20, 41.71step/s]
[Origin 12/13] 🎲 Drawing Posterior Samples:  45%|████▍     | 687/1528 [00:37<00:19, 43.41step/s]
[Origin 12/13] 🎲 Drawing Posterior Samples:  45%|████▌     | 693/1528 [00:37<00:18, 46.02step/s]
[Origin 12/13] 🎲 Drawing Posterior Samples:  46%|████▌     | 699/1528 [00:37<00:17, 47.79step/s]
[Origin 12/13] 🎲 Drawing Posterior Samples:  46%|████▌     | 704/1528 [00:37<00:17, 46.31step/s]
[Origin 12/13] 🎲 Drawing Posterior Samples:  46%|████▋     | 709/1528 [00:37<00:18, 44.68step/s]
[Origin 12/13] 🎲 Drawing Posterior Samples:  47%|████▋     | 714/1528 [00:37<00:19, 42.52step/s]
[Origin 12/13] 🎲 Drawing Posterior Samples:  47%|████▋     | 720/1528 [00:37<00:17, 45.40step/s]
[Origin 12/13] 🎲 Drawing Posterior Samples:  47%|████▋     | 725/1528 [00:38<00:18, 43.67step/s]
[Origin 12/13] 🎲 Drawing Posterior Samples:  48%|████▊     | 730/1528 [00:38<00:32, 24.74step/s]
[Origin 12/13] 🎲 Drawing Posterior Samples:  48%|████▊     | 734/1528 [00:39<00:52, 15.07step/s]
[Origin 12/13] 🎲 Drawing Posterior Samples:  48%|████▊     | 737/1528 [00:39<01:08, 11.55step/s]
[Origin 12/13] 🎲 Drawing Posterior Samples:  48%|████▊     | 740/1528 [00:40<01:24,  9.36step/s]
[Origin 12/13] 🎲 Drawing Posterior Samples:  49%|████▊     | 742/1528 [00:40<01:35,  8.21step/s]
[Origin 12/13] 🎲 Drawing Posterior Samples:  49%|████▊     | 744/1528 [00:40<01:45,  7.40step/s]
[Origin 12/13] 🎲 Drawing Posterior Samples:  49%|████▉     | 746/1528 [00:41<01:55,  6.77step/s]
[Origin 12/13] 🎲 Drawing Posterior Samples:  49%|████▉     | 747/1528 [00:41<02:01,  6.43step/s]
[Origin 12/13] 🎲 Drawing Posterior Samples:  49%|████▉     | 748/1528 [00:41<02:03,  6.30step/s]
[Origin 12/13] 🎲 Drawing Posterior Samples:  49%|████▉     | 749/1528 [00:41<02:11,  5.93step/s]
[Origin 12/13] 🎲 Drawing Posterior Samples:  49%|████▉     | 750/1528 [00:42<02:10,  5.98step/s]
[Origin 12/13] 🎲 Drawing Posterior Samples:  49%|████▉     | 751/1528 [00:42<02:17,  5.67step/s]
[Origin 12/13] 🎲 Drawing Posterior Samples:  49%|████▉     | 752/1528 [00:42<02:13,  5.81step/s]
[Origin 12/13] 🎲 Drawing Posterior Samples:  49%|████▉     | 753/1528 [00:42<02:09,  5.98step/s]
[Origin 12/13] 🎲 Drawing Posterior Samples:  49%|████▉     | 754/1528 [00:42<02:07,  6.09step/s]
[Origin 12/13] 🎲 Drawing Posterior Samples:  49%|████▉     | 755/1528 [00:42<02:08,  6.00step/s]
[Origin 12/13] 🎲 Drawing Posterior Samples:  49%|████▉     | 756/1528 [00:43<02:07,  6.03step/s]
[Origin 12/13] 🎲 Drawing Posterior Samples:  50%|████▉     | 757/1528 [00:43<02:08,  5.99step/s]
[Origin 12/13] 🎲 Drawing Posterior Samples:  50%|████▉     | 758/1528 [00:43<02:33,  5.03step/s]
[Origin 12/13] 🎲 Drawing Posterior Samples:  50%|████▉     | 759/1528 [00:43<02:20,  5.48step/s]
[Origin 12/13] 🎲 Drawing Posterior Samples:  50%|████▉     | 760/1528 [00:43<02:20,  5.47step/s]
[Origin 12/13] 🎲 Drawing Posterior Samples:  50%|████▉     | 761/1528 [00:43<02:15,  5.67step/s]
[Origin 12/13] 🎲 Drawing Posterior Samples:  50%|████▉     | 762/1528 [00:44<02:44,  4.67step/s]
[Origin 12/13] 🎲 Drawing Posterior Samples:  50%|████▉     | 763/1528 [00:44<02:33,  4.97step/s]
[Origin 12/13] 🎲 Drawing Posterior Samples:  50%|█████     | 764/1528 [00:44<02:25,  5.24step/s]
[Origin 12/13] 🎲 Drawing Posterior Samples:  50%|█████     | 765/1528 [01:00<1:00:33,  4.76s/step]
[Origin 12/13] 🎲 Drawing Posterior Samples:  50%|█████     | 771/1528 [01:00<17:00,  1.35s/step]  
[Origin 12/13] 🎲 Drawing Posterior Samples:  51%|█████     | 777/1528 [01:00<08:26,  1.48step/s]
[Origin 12/13] 🎲 Drawing Posterior Samples:  51%|█████     | 782/1528 [01:00<05:20,  2.33step/s]
[Origin 12/13] 🎲 Drawing Posterior Samples:  51%|█████▏    | 786/1528 [01:00<03:49,  3.24step/s]
[Origin 12/13] 🎲 Drawing Posterior Samples:  52%|█████▏    | 791/1528 [01:00<02:33,  4.80step/s]
[Origin 12/13] 🎲 Drawing Posterior Samples:  52%|█████▏    | 796/1528 [01:00<01:48,  6.76step/s]
[Origin 12/13] 🎲 Drawing Posterior Samples:  52%|█████▏    | 801/1528 [01:00<01:18,  9.27step/s]
[Origin 12/13] 🎲 Drawing Posterior Samples:  53%|█████▎    | 805/1528 [01:00<01:02, 11.61step/s]
[Origin 12/13] 🎲 Drawing Posterior Samples:  53%|█████▎    | 809/1528 [01:01<00:49, 14.46step/s]
[Origin 12/13] 🎲 Drawing Posterior Samples:  53%|█████▎    | 813/1528 [01:01<00:40, 17.66step/s]
[Origin 12/13] 🎲 Drawing Posterior Samples:  54%|█████▎    | 819/1528 [01:01<00:30, 23.56step/s]
[Origin 12/13] 🎲 Drawing Posterior Samples:  54%|█████▍    | 824/1528 [01:01<00:25, 27.90step/s]
[Origin 12/13] 🎲 Drawing Posterior Samples:  54%|█████▍    | 829/1528 [01:01<00:23, 29.21step/s]
[Origin 12/13] 🎲 Drawing Posterior Samples:  55%|█████▍    | 834/1528 [01:01<00:22, 31.48step/s]
[Origin 12/13] 🎲 Drawing Posterior Samples:  55%|█████▍    | 840/1528 [01:01<00:18, 36.51step/s]
[Origin 12/13] 🎲 Drawing Posterior Samples:  55%|█████▌    | 845/1528 [01:01<00:17, 39.60step/s]
[Origin 12/13] 🎲 Drawing Posterior Samples:  56%|█████▌    | 850/1528 [01:01<00:16, 41.00step/s]
[Origin 12/13] 🎲 Drawing Posterior Samples:  56%|█████▌    | 855/1528 [01:02<00:16, 40.48step/s]
[Origin 12/13] 🎲 Drawing Posterior Samples:  56%|█████▋    | 861/1528 [01:02<00:15, 43.90step/s]
[Origin 12/13] 🎲 Drawing Posterior Samples:  57%|█████▋    | 866/1528 [01:02<00:15, 43.59step/s]
[Origin 12/13] 🎲 Drawing Posterior Samples:  57%|█████▋    | 871/1528 [01:02<00:15, 42.76step/s]
[Origin 12/13] 🎲 Drawing Posterior Samples:  57%|█████▋    | 877/1528 [01:02<00:14, 45.57step/s]
[Origin 12/13] 🎲 Drawing Posterior Samples:  58%|█████▊    | 882/1528 [01:02<00:14, 46.08step/s]
[Origin 12/13] 🎲 Drawing Posterior Samples:  58%|█████▊    | 887/1528 [01:02<00:15, 40.64step/s]
[Origin 12/13] 🎲 Drawing Posterior Samples:  58%|█████▊    | 892/1528 [01:02<00:15, 40.55step/s]
[Origin 12/13] 🎲 Drawing Posterior Samples:  59%|█████▊    | 897/1528 [01:03<00:15, 41.15step/s]
[Origin 12/13] 🎲 Drawing Posterior Samples:  59%|█████▉    | 903/1528 [01:03<00:14, 44.24step/s]
[Origin 12/13] 🎲 Drawing Posterior Samples:  59%|█████▉    | 908/1528 [01:03<00:14, 44.03step/s]
[Origin 12/13] 🎲 Drawing Posterior Samples:  60%|█████▉    | 914/1528 [01:03<00:13, 46.51step/s]
[Origin 12/13] 🎲 Drawing Posterior Samples:  60%|██████    | 919/1528 [01:03<00:14, 41.97step/s]
[Origin 12/13] 🎲 Drawing Posterior Samples:  61%|██████    | 925/1528 [01:03<00:13, 45.05step/s]
[Origin 12/13] 🎲 Drawing Posterior Samples:  61%|██████    | 931/1528 [01:03<00:12, 46.97step/s]
[Origin 12/13] 🎲 Drawing Posterior Samples:  61%|██████▏   | 936/1528 [01:03<00:13, 44.46step/s]
[Origin 12/13] 🎲 Drawing Posterior Samples:  62%|██████▏   | 941/1528 [01:04<00:13, 43.24step/s]
[Origin 12/13] 🎲 Drawing Posterior Samples:  62%|██████▏   | 947/1528 [01:04<00:12, 45.88step/s]
[Origin 12/13] 🎲 Drawing Posterior Samples:  62%|██████▏   | 953/1528 [01:04<00:12, 47.33step/s]
[Origin 12/13] 🎲 Drawing Posterior Samples:  63%|██████▎   | 958/1528 [01:04<00:12, 46.77step/s]
[Origin 12/13] 🎲 Drawing Posterior Samples:  63%|██████▎   | 963/1528 [01:04<00:13, 42.70step/s]
[Origin 12/13] 🎲 Drawing Posterior Samples:  63%|██████▎   | 968/1528 [01:04<00:12, 43.58step/s]
[Origin 12/13] 🎲 Drawing Posterior Samples:  64%|██████▎   | 973/1528 [01:04<00:12, 42.72step/s]
[Origin 12/13] 🎲 Drawing Posterior Samples:  64%|██████▍   | 978/1528 [01:04<00:12, 42.34step/s]
[Origin 12/13] 🎲 Drawing Posterior Samples:  64%|██████▍   | 983/1528 [01:05<00:13, 41.58step/s]
[Origin 12/13] 🎲 Drawing Posterior Samples:  65%|██████▍   | 988/1528 [01:05<00:12, 41.73step/s]
[Origin 12/13] 🎲 Drawing Posterior Samples:  65%|██████▌   | 994/1528 [01:05<00:11, 44.62step/s]
[Origin 12/13] 🎲 Drawing Posterior Samples:  65%|██████▌   | 999/1528 [01:05<00:12, 40.77step/s]
[Origin 12/13] 🎲 Drawing Posterior Samples:  66%|██████▌   | 1004/1528 [01:05<00:12, 41.40step/s]
[Origin 12/13] 🎲 Drawing Posterior Samples:  66%|██████▌   | 1010/1528 [01:05<00:11, 44.50step/s]
[Origin 12/13] 🎲 Drawing Posterior Samples:  66%|██████▋   | 1015/1528 [01:05<00:11, 43.92step/s]
[Origin 12/13] 🎲 Drawing Posterior Samples:  67%|██████▋   | 1021/1528 [01:05<00:10, 46.38step/s]
[Origin 12/13] 🎲 Drawing Posterior Samples:  67%|██████▋   | 1026/1528 [01:05<00:11, 45.45step/s]
[Origin 12/13] 🎲 Drawing Posterior Samples:  67%|██████▋   | 1031/1528 [01:06<00:11, 42.58step/s]
[Origin 12/13] 🎲 Drawing Posterior Samples:  68%|██████▊   | 1036/1528 [01:06<00:11, 41.80step/s]
[Origin 12/13] 🎲 Drawing Posterior Samples:  68%|██████▊   | 1041/1528 [01:06<00:11, 41.50step/s]
[Origin 12/13] 🎲 Drawing Posterior Samples:  68%|██████▊   | 1046/1528 [01:06<00:11, 40.92step/s]
[Origin 12/13] 🎲 Drawing Posterior Samples:  69%|██████▉   | 1051/1528 [01:06<00:11, 41.44step/s]
[Origin 12/13] 🎲 Drawing Posterior Samples:  69%|██████▉   | 1056/1528 [01:06<00:11, 41.26step/s]
[Origin 12/13] 🎲 Drawing Posterior Samples:  69%|██████▉   | 1061/1528 [01:06<00:12, 38.61step/s]
[Origin 12/13] 🎲 Drawing Posterior Samples:  70%|██████▉   | 1067/1528 [01:07<00:10, 42.41step/s]
[Origin 12/13] 🎲 Drawing Posterior Samples:  70%|███████   | 1073/1528 [01:07<00:10, 43.73step/s]
[Origin 12/13] 🎲 Drawing Posterior Samples:  71%|███████   | 1078/1528 [01:07<00:10, 44.66step/s]
[Origin 12/13] 🎲 Drawing Posterior Samples:  71%|███████   | 1083/1528 [01:07<00:10, 44.09step/s]
[Origin 12/13] 🎲 Drawing Posterior Samples:  71%|███████   | 1088/1528 [01:07<00:10, 42.62step/s]
[Origin 12/13] 🎲 Drawing Posterior Samples:  72%|███████▏  | 1093/1528 [01:07<00:10, 42.14step/s]
[Origin 12/13] 🎲 Drawing Posterior Samples:  72%|███████▏  | 1098/1528 [01:07<00:10, 41.36step/s]
[Origin 12/13] 🎲 Drawing Posterior Samples:  72%|███████▏  | 1103/1528 [01:07<00:10, 41.11step/s]
[Origin 12/13] 🎲 Drawing Posterior Samples:  73%|███████▎  | 1108/1528 [01:07<00:10, 41.61step/s]
[Origin 12/13] 🎲 Drawing Posterior Samples:  73%|███████▎  | 1113/1528 [01:08<00:19, 21.46step/s]
[Origin 12/13] 🎲 Drawing Posterior Samples:  73%|███████▎  | 1117/1528 [01:09<00:30, 13.58step/s]
[Origin 12/13] 🎲 Drawing Posterior Samples:  73%|███████▎  | 1120/1528 [01:09<00:38, 10.61step/s]
[Origin 12/13] 🎲 Drawing Posterior Samples:  73%|███████▎  | 1122/1528 [01:09<00:43,  9.24step/s]
[Origin 12/13] 🎲 Drawing Posterior Samples:  74%|███████▎  | 1124/1528 [01:10<00:48,  8.35step/s]
[Origin 12/13] 🎲 Drawing Posterior Samples:  74%|███████▎  | 1126/1528 [01:10<00:52,  7.72step/s]
[Origin 12/13] 🎲 Drawing Posterior Samples:  74%|███████▍  | 1128/1528 [01:10<00:56,  7.03step/s]
[Origin 12/13] 🎲 Drawing Posterior Samples:  74%|███████▍  | 1129/1528 [01:11<01:00,  6.64step/s]
[Origin 12/13] 🎲 Drawing Posterior Samples:  74%|███████▍  | 1130/1528 [01:11<01:01,  6.49step/s]
[Origin 12/13] 🎲 Drawing Posterior Samples:  74%|███████▍  | 1131/1528 [01:11<01:01,  6.47step/s]
[Origin 12/13] 🎲 Drawing Posterior Samples:  74%|███████▍  | 1132/1528 [01:11<01:04,  6.19step/s]
[Origin 12/13] 🎲 Drawing Posterior Samples:  74%|███████▍  | 1133/1528 [01:11<01:05,  6.04step/s]
[Origin 12/13] 🎲 Drawing Posterior Samples:  74%|███████▍  | 1134/1528 [01:12<01:05,  5.97step/s]
[Origin 12/13] 🎲 Drawing Posterior Samples:  74%|███████▍  | 1135/1528 [01:12<01:13,  5.35step/s]
[Origin 12/13] 🎲 Drawing Posterior Samples:  74%|███████▍  | 1136/1528 [01:12<01:19,  4.91step/s]
[Origin 12/13] 🎲 Drawing Posterior Samples:  74%|███████▍  | 1137/1528 [01:12<01:13,  5.29step/s]
[Origin 12/13] 🎲 Drawing Posterior Samples:  74%|███████▍  | 1138/1528 [01:12<01:14,  5.24step/s]
[Origin 12/13] 🎲 Drawing Posterior Samples:  75%|███████▍  | 1139/1528 [01:13<01:12,  5.36step/s]
[Origin 12/13] 🎲 Drawing Posterior Samples:  75%|███████▍  | 1140/1528 [01:13<01:13,  5.26step/s]
[Origin 12/13] 🎲 Drawing Posterior Samples:  75%|███████▍  | 1141/1528 [01:13<01:10,  5.47step/s]
[Origin 12/13] 🎲 Drawing Posterior Samples:  75%|███████▍  | 1142/1528 [01:13<01:07,  5.68step/s]
[Origin 12/13] 🎲 Drawing Posterior Samples:  75%|███████▍  | 1143/1528 [01:13<01:07,  5.71step/s]
[Origin 12/13] 🎲 Drawing Posterior Samples:  75%|███████▍  | 1144/1528 [01:13<01:09,  5.54step/s]
[Origin 12/13] 🎲 Drawing Posterior Samples:  75%|███████▍  | 1145/1528 [01:14<01:10,  5.43step/s]
[Origin 12/13] 🎲 Drawing Posterior Samples:  75%|███████▌  | 1146/1528 [01:14<01:09,  5.51step/s]
[Origin 12/13] 🎲 Drawing Posterior Samples:  75%|███████▌  | 1147/1528 [01:29<29:23,  4.63s/step]
[Origin 12/13] 🎲 Drawing Posterior Samples:  75%|███████▌  | 1153/1528 [01:29<08:11,  1.31s/step]
[Origin 12/13] 🎲 Drawing Posterior Samples:  76%|███████▌  | 1162/1528 [01:29<03:11,  1.91step/s]
[Origin 12/13] 🎲 Drawing Posterior Samples:  77%|███████▋  | 1169/1528 [01:29<01:54,  3.14step/s]
[Origin 12/13] 🎲 Drawing Posterior Samples:  77%|███████▋  | 1175/1528 [01:29<01:17,  4.57step/s]
[Origin 12/13] 🎲 Drawing Posterior Samples:  77%|███████▋  | 1181/1528 [01:29<00:53,  6.49step/s]
[Origin 12/13] 🎲 Drawing Posterior Samples:  78%|███████▊  | 1188/1528 [01:29<00:36,  9.42step/s]
[Origin 12/13] 🎲 Drawing Posterior Samples:  78%|███████▊  | 1194/1528 [01:30<00:27, 12.22step/s]
[Origin 12/13] 🎲 Drawing Posterior Samples:  79%|███████▊  | 1200/1528 [01:30<00:20, 15.74step/s]
[Origin 12/13] 🎲 Drawing Posterior Samples:  79%|███████▉  | 1206/1528 [01:30<00:16, 19.14step/s]
[Origin 12/13] 🎲 Drawing Posterior Samples:  79%|███████▉  | 1211/1528 [01:30<00:14, 22.45step/s]
[Origin 12/13] 🎲 Drawing Posterior Samples:  80%|███████▉  | 1216/1528 [01:30<00:12, 25.49step/s]
[Origin 12/13] 🎲 Drawing Posterior Samples:  80%|███████▉  | 1221/1528 [01:30<00:10, 28.70step/s]
[Origin 12/13] 🎲 Drawing Posterior Samples:  80%|████████  | 1227/1528 [01:30<00:09, 32.57step/s]
[Origin 12/13] 🎲 Drawing Posterior Samples:  81%|████████  | 1232/1528 [01:31<00:08, 33.97step/s]
[Origin 12/13] 🎲 Drawing Posterior Samples:  81%|████████  | 1237/1528 [01:31<00:08, 34.94step/s]
[Origin 12/13] 🎲 Drawing Posterior Samples:  81%|████████▏ | 1242/1528 [01:31<00:07, 37.55step/s]
[Origin 12/13] 🎲 Drawing Posterior Samples:  82%|████████▏ | 1248/1528 [01:31<00:06, 41.35step/s]
[Origin 12/13] 🎲 Drawing Posterior Samples:  82%|████████▏ | 1253/1528 [01:31<00:06, 40.74step/s]
[Origin 12/13] 🎲 Drawing Posterior Samples:  82%|████████▏ | 1259/1528 [01:31<00:06, 42.04step/s]
[Origin 12/13] 🎲 Drawing Posterior Samples:  83%|████████▎ | 1264/1528 [01:31<00:06, 40.58step/s]
[Origin 12/13] 🎲 Drawing Posterior Samples:  83%|████████▎ | 1269/1528 [01:31<00:06, 39.97step/s]
[Origin 12/13] 🎲 Drawing Posterior Samples:  83%|████████▎ | 1274/1528 [01:32<00:06, 39.09step/s]
[Origin 12/13] 🎲 Drawing Posterior Samples:  84%|████████▎ | 1278/1528 [01:32<00:06, 39.00step/s]
[Origin 12/13] 🎲 Drawing Posterior Samples:  84%|████████▍ | 1283/1528 [01:32<00:06, 40.19step/s]
[Origin 12/13] 🎲 Drawing Posterior Samples:  84%|████████▍ | 1289/1528 [01:32<00:05, 43.66step/s]
[Origin 12/13] 🎲 Drawing Posterior Samples:  85%|████████▍ | 1295/1528 [01:32<00:05, 45.62step/s]
[Origin 12/13] 🎲 Drawing Posterior Samples:  85%|████████▌ | 1300/1528 [01:32<00:05, 45.36step/s]
[Origin 12/13] 🎲 Drawing Posterior Samples:  85%|████████▌ | 1305/1528 [01:32<00:04, 44.82step/s]
[Origin 12/13] 🎲 Drawing Posterior Samples:  86%|████████▌ | 1310/1528 [01:32<00:05, 39.34step/s]
[Origin 12/13] 🎲 Drawing Posterior Samples:  86%|████████▌ | 1315/1528 [01:33<00:05, 39.69step/s]
[Origin 12/13] 🎲 Drawing Posterior Samples:  86%|████████▋ | 1321/1528 [01:33<00:04, 43.30step/s]
[Origin 12/13] 🎲 Drawing Posterior Samples:  87%|████████▋ | 1327/1528 [01:33<00:04, 45.48step/s]
[Origin 12/13] 🎲 Drawing Posterior Samples:  87%|████████▋ | 1332/1528 [01:33<00:04, 44.67step/s]
[Origin 12/13] 🎲 Drawing Posterior Samples:  88%|████████▊ | 1337/1528 [01:33<00:04, 43.66step/s]
[Origin 12/13] 🎲 Drawing Posterior Samples:  88%|████████▊ | 1343/1528 [01:33<00:04, 45.89step/s]
[Origin 12/13] 🎲 Drawing Posterior Samples:  88%|████████▊ | 1348/1528 [01:33<00:03, 45.41step/s]
[Origin 12/13] 🎲 Drawing Posterior Samples:  89%|████████▊ | 1354/1528 [01:33<00:03, 47.35step/s]
[Origin 12/13] 🎲 Drawing Posterior Samples:  89%|████████▉ | 1359/1528 [01:33<00:03, 45.73step/s]
[Origin 12/13] 🎲 Drawing Posterior Samples:  89%|████████▉ | 1364/1528 [01:34<00:03, 46.03step/s]
[Origin 12/13] 🎲 Drawing Posterior Samples:  90%|████████▉ | 1369/1528 [01:34<00:03, 42.36step/s]
[Origin 12/13] 🎲 Drawing Posterior Samples:  90%|████████▉ | 1375/1528 [01:34<00:03, 45.32step/s]
[Origin 12/13] 🎲 Drawing Posterior Samples:  90%|█████████ | 1380/1528 [01:34<00:03, 42.77step/s]
[Origin 12/13] 🎲 Drawing Posterior Samples:  91%|█████████ | 1385/1528 [01:34<00:03, 41.67step/s]
[Origin 12/13] 🎲 Drawing Posterior Samples:  91%|█████████ | 1390/1528 [01:34<00:03, 43.14step/s]
[Origin 12/13] 🎲 Drawing Posterior Samples:  91%|█████████▏| 1396/1528 [01:34<00:02, 45.89step/s]
[Origin 12/13] 🎲 Drawing Posterior Samples:  92%|█████████▏| 1402/1528 [01:34<00:02, 47.85step/s]
[Origin 12/13] 🎲 Drawing Posterior Samples:  92%|█████████▏| 1407/1528 [01:35<00:02, 46.55step/s]
[Origin 12/13] 🎲 Drawing Posterior Samples:  92%|█████████▏| 1412/1528 [01:35<00:02, 45.65step/s]
[Origin 12/13] 🎲 Drawing Posterior Samples:  93%|█████████▎| 1418/1528 [01:35<00:02, 47.18step/s]
[Origin 12/13] 🎲 Drawing Posterior Samples:  93%|█████████▎| 1423/1528 [01:35<00:02, 45.83step/s]
[Origin 12/13] 🎲 Drawing Posterior Samples:  93%|█████████▎| 1428/1528 [01:35<00:02, 41.68step/s]
[Origin 12/13] 🎲 Drawing Posterior Samples:  94%|█████████▍| 1434/1528 [01:35<00:02, 44.14step/s]
[Origin 12/13] 🎲 Drawing Posterior Samples:  94%|█████████▍| 1439/1528 [01:35<00:02, 43.62step/s]
[Origin 12/13] 🎲 Drawing Posterior Samples:  95%|█████████▍| 1444/1528 [01:35<00:01, 43.00step/s]
[Origin 12/13] 🎲 Drawing Posterior Samples:  95%|█████████▍| 1450/1528 [01:36<00:01, 45.70step/s]
[Origin 12/13] 🎲 Drawing Posterior Samples:  95%|█████████▌| 1456/1528 [01:36<00:01, 47.61step/s]
[Origin 12/13] 🎲 Drawing Posterior Samples:  96%|█████████▌| 1461/1528 [01:36<00:01, 43.20step/s]
[Origin 12/13] 🎲 Drawing Posterior Samples:  96%|█████████▌| 1467/1528 [01:36<00:01, 45.89step/s]
[Origin 12/13] 🎲 Drawing Posterior Samples:  96%|█████████▋| 1472/1528 [01:36<00:01, 44.20step/s]
[Origin 12/13] 🎲 Drawing Posterior Samples:  97%|█████████▋| 1478/1528 [01:36<00:01, 46.25step/s]
[Origin 12/13] 🎲 Drawing Posterior Samples:  97%|█████████▋| 1483/1528 [01:36<00:01, 44.36step/s]
[Origin 12/13] 🎲 Drawing Posterior Samples:  97%|█████████▋| 1489/1528 [01:36<00:00, 44.13step/s]
[Origin 12/13] 🎲 Drawing Posterior Samples:  98%|█████████▊| 1494/1528 [01:37<00:01, 26.17step/s]
[Origin 12/13] 🎲 Drawing Posterior Samples:  98%|█████████▊| 1498/1528 [01:38<00:02, 13.65step/s]
[Origin 12/13] 🎲 Drawing Posterior Samples:  98%|█████████▊| 1501/1528 [01:38<00:02, 10.44step/s]
[Origin 12/13] 🎲 Drawing Posterior Samples:  98%|█████████▊| 1503/1528 [01:38<00:02,  8.60step/s]
[Origin 12/13] 🎲 Drawing Posterior Samples:  98%|█████████▊| 1505/1528 [01:39<00:02,  7.94step/s]
[Origin 12/13] 🎲 Drawing Posterior Samples:  99%|█████████▊| 1507/1528 [01:39<00:03,  6.69step/s]
[Origin 12/13] 🎲 Drawing Posterior Samples:  99%|█████████▉| 1509/1528 [01:40<00:02,  6.53step/s]
[Origin 12/13] 🎲 Drawing Posterior Samples:  99%|█████████▉| 1510/1528 [01:40<00:02,  6.53step/s]
[Origin 12/13] 🎲 Drawing Posterior Samples:  99%|█████████▉| 1511/1528 [01:40<00:02,  6.57step/s]
[Origin 12/13] 🎲 Drawing Posterior Samples:  99%|█████████▉| 1512/1528 [01:40<00:02,  6.61step/s]
[Origin 12/13] 🎲 Drawing Posterior Samples:  99%|█████████▉| 1513/1528 [01:40<00:02,  6.31step/s]
[Origin 12/13] 🎲 Drawing Posterior Samples:  99%|█████████▉| 1514/1528 [01:40<00:02,  5.91step/s]
[Origin 12/13] 🎲 Drawing Posterior Samples:  99%|█████████▉| 1515/1528 [01:41<00:02,  5.98step/s]
[Origin 12/13] 🎲 Drawing Posterior Samples:  99%|█████████▉| 1516/1528 [01:41<00:02,  5.95step/s]
[Origin 12/13] 🎲 Drawing Posterior Samples:  99%|█████████▉| 1517/1528 [01:41<00:01,  5.66step/s]
[Origin 12/13] 🎲 Drawing Posterior Samples:  99%|█████████▉| 1518/1528 [01:41<00:01,  5.50step/s]
[Origin 12/13] 🎲 Drawing Posterior Samples:  99%|█████████▉| 1519/1528 [01:41<00:01,  5.55step/s]
[Origin 12/13] 🎲 Drawing Posterior Samples:  99%|█████████▉| 1520/1528 [01:42<00:01,  5.12step/s]
[Origin 12/13] 🎲 Drawing Posterior Samples: 100%|█████████▉| 1521/1528 [01:42<00:01,  5.10step/s]
[Origin 12/13] 🎲 Drawing Posterior Samples: 100%|█████████▉| 1522/1528 [01:42<00:01,  5.44step/s]
[Origin 12/13] 🎲 Drawing Posterior Samples: 100%|█████████▉| 1523/1528 [01:42<00:00,  5.69step/s]
[Origin 12/13] 🎲 Drawing Posterior Samples: 100%|█████████▉| 1524/1528 [01:42<00:00,  5.30step/s]
[Origin 12/13] 🎲 Drawing Posterior Samples: 100%|█████████▉| 1525/1528 [01:43<00:00,  5.42step/s]
[Origin 12/13] 🎲 Drawing Posterior Samples: 100%|█████████▉| 1526/1528 [01:43<00:00,  5.46step/s]
[Origin 12/13] 🎲 Drawing Posterior Samples: 100%|█████████▉| 1527/1528 [01:43<00:00,  5.43step/s]
[Origin 12/13] 🎲 Drawing Posterior Samples: 100%|██████████| 1528/1528 [01:43<00:00,  5.43step/s]
                                                                                                  

[Origin 13/13] 🎲 Drawing Posterior Samples:   0%|          | 0/1532 [00:00<?, ?step/s]
[Origin 13/13] 🎲 Drawing Posterior Samples:   0%|          | 5/1532 [00:00<00:32, 46.61step/s]
[Origin 13/13] 🎲 Drawing Posterior Samples:   1%|          | 14/1532 [00:00<00:21, 69.04step/s]
[Origin 13/13] 🎲 Drawing Posterior Samples:   1%|▏         | 21/1532 [00:00<00:22, 65.78step/s]
[Origin 13/13] 🎲 Drawing Posterior Samples:   2%|▏         | 28/1532 [00:00<00:23, 63.13step/s]
[Origin 13/13] 🎲 Drawing Posterior Samples:   2%|▏         | 35/1532 [00:00<00:24, 60.40step/s]
[Origin 13/13] 🎲 Drawing Posterior Samples:   3%|▎         | 42/1532 [00:00<00:24, 60.72step/s]
[Origin 13/13] 🎲 Drawing Posterior Samples:   3%|▎         | 49/1532 [00:00<00:30, 48.67step/s]
[Origin 13/13] 🎲 Drawing Posterior Samples:   4%|▎         | 55/1532 [00:01<00:31, 46.57step/s]
[Origin 13/13] 🎲 Drawing Posterior Samples:   4%|▍         | 60/1532 [00:01<00:33, 44.55step/s]
[Origin 13/13] 🎲 Drawing Posterior Samples:   4%|▍         | 65/1532 [00:01<00:33, 43.47step/s]
[Origin 13/13] 🎲 Drawing Posterior Samples:   5%|▍         | 70/1532 [00:01<00:36, 40.38step/s]
[Origin 13/13] 🎲 Drawing Posterior Samples:   5%|▍         | 75/1532 [00:01<00:36, 40.30step/s]
[Origin 13/13] 🎲 Drawing Posterior Samples:   5%|▌         | 80/1532 [00:01<00:35, 40.55step/s]
[Origin 13/13] 🎲 Drawing Posterior Samples:   6%|▌         | 85/1532 [00:01<00:34, 41.37step/s]
[Origin 13/13] 🎲 Drawing Posterior Samples:   6%|▌         | 90/1532 [00:01<00:35, 40.91step/s]
[Origin 13/13] 🎲 Drawing Posterior Samples:   6%|▌         | 95/1532 [00:02<00:35, 40.96step/s]
[Origin 13/13] 🎲 Drawing Posterior Samples:   7%|▋         | 100/1532 [00:02<00:35, 40.62step/s]
[Origin 13/13] 🎲 Drawing Posterior Samples:   7%|▋         | 105/1532 [00:02<00:35, 40.64step/s]
[Origin 13/13] 🎲 Drawing Posterior Samples:   7%|▋         | 110/1532 [00:02<00:38, 36.63step/s]
[Origin 13/13] 🎲 Drawing Posterior Samples:   8%|▊         | 115/1532 [00:02<00:37, 37.94step/s]
[Origin 13/13] 🎲 Drawing Posterior Samples:   8%|▊         | 119/1532 [00:02<00:37, 38.11step/s]
[Origin 13/13] 🎲 Drawing Posterior Samples:   8%|▊         | 125/1532 [00:02<00:33, 42.26step/s]
[Origin 13/13] 🎲 Drawing Posterior Samples:   8%|▊         | 130/1532 [00:02<00:33, 41.78step/s]
[Origin 13/13] 🎲 Drawing Posterior Samples:   9%|▉         | 135/1532 [00:03<00:34, 40.64step/s]
[Origin 13/13] 🎲 Drawing Posterior Samples:   9%|▉         | 140/1532 [00:03<00:36, 38.43step/s]
[Origin 13/13] 🎲 Drawing Posterior Samples:   9%|▉         | 145/1532 [00:03<00:36, 37.78step/s]
[Origin 13/13] 🎲 Drawing Posterior Samples:  10%|▉         | 150/1532 [00:03<00:36, 38.21step/s]
[Origin 13/13] 🎲 Drawing Posterior Samples:  10%|█         | 154/1532 [00:03<00:36, 37.85step/s]
[Origin 13/13] 🎲 Drawing Posterior Samples:  10%|█         | 158/1532 [00:03<00:37, 36.73step/s]
[Origin 13/13] 🎲 Drawing Posterior Samples:  11%|█         | 162/1532 [00:03<00:36, 37.31step/s]
[Origin 13/13] 🎲 Drawing Posterior Samples:  11%|█         | 168/1532 [00:03<00:32, 41.71step/s]
[Origin 13/13] 🎲 Drawing Posterior Samples:  11%|█▏        | 173/1532 [00:04<00:32, 41.31step/s]
[Origin 13/13] 🎲 Drawing Posterior Samples:  12%|█▏        | 178/1532 [00:04<00:32, 41.08step/s]
[Origin 13/13] 🎲 Drawing Posterior Samples:  12%|█▏        | 183/1532 [00:04<00:34, 39.10step/s]
[Origin 13/13] 🎲 Drawing Posterior Samples:  12%|█▏        | 187/1532 [00:04<00:34, 38.92step/s]
[Origin 13/13] 🎲 Drawing Posterior Samples:  12%|█▏        | 191/1532 [00:04<00:34, 38.94step/s]
[Origin 13/13] 🎲 Drawing Posterior Samples:  13%|█▎        | 195/1532 [00:04<00:34, 38.85step/s]
[Origin 13/13] 🎲 Drawing Posterior Samples:  13%|█▎        | 199/1532 [00:04<00:34, 38.50step/s]
[Origin 13/13] 🎲 Drawing Posterior Samples:  13%|█▎        | 203/1532 [00:04<00:34, 38.55step/s]
[Origin 13/13] 🎲 Drawing Posterior Samples:  14%|█▎        | 207/1532 [00:04<00:34, 38.76step/s]
[Origin 13/13] 🎲 Drawing Posterior Samples:  14%|█▍        | 211/1532 [00:05<00:34, 38.47step/s]
[Origin 13/13] 🎲 Drawing Posterior Samples:  14%|█▍        | 216/1532 [00:05<00:33, 39.00step/s]
[Origin 13/13] 🎲 Drawing Posterior Samples:  14%|█▍        | 220/1532 [00:05<00:33, 38.69step/s]
[Origin 13/13] 🎲 Drawing Posterior Samples:  15%|█▍        | 225/1532 [00:05<00:33, 38.98step/s]
[Origin 13/13] 🎲 Drawing Posterior Samples:  15%|█▍        | 229/1532 [00:05<00:38, 34.25step/s]
[Origin 13/13] 🎲 Drawing Posterior Samples:  15%|█▌        | 233/1532 [00:05<00:36, 35.35step/s]
[Origin 13/13] 🎲 Drawing Posterior Samples:  15%|█▌        | 237/1532 [00:05<00:35, 36.01step/s]
[Origin 13/13] 🎲 Drawing Posterior Samples:  16%|█▌        | 241/1532 [00:05<00:35, 36.71step/s]
[Origin 13/13] 🎲 Drawing Posterior Samples:  16%|█▌        | 245/1532 [00:05<00:34, 36.96step/s]
[Origin 13/13] 🎲 Drawing Posterior Samples:  16%|█▋        | 249/1532 [00:06<00:36, 35.01step/s]
[Origin 13/13] 🎲 Drawing Posterior Samples:  17%|█▋        | 253/1532 [00:06<00:35, 36.06step/s]
[Origin 13/13] 🎲 Drawing Posterior Samples:  17%|█▋        | 257/1532 [00:06<00:34, 36.73step/s]
[Origin 13/13] 🎲 Drawing Posterior Samples:  17%|█▋        | 261/1532 [00:06<00:34, 36.99step/s]
[Origin 13/13] 🎲 Drawing Posterior Samples:  17%|█▋        | 265/1532 [00:06<00:33, 37.33step/s]
[Origin 13/13] 🎲 Drawing Posterior Samples:  18%|█▊        | 269/1532 [00:06<00:36, 34.56step/s]
[Origin 13/13] 🎲 Drawing Posterior Samples:  18%|█▊        | 273/1532 [00:06<00:38, 33.03step/s]
[Origin 13/13] 🎲 Drawing Posterior Samples:  18%|█▊        | 278/1532 [00:06<00:35, 34.85step/s]
[Origin 13/13] 🎲 Drawing Posterior Samples:  18%|█▊        | 283/1532 [00:07<00:34, 35.86step/s]
[Origin 13/13] 🎲 Drawing Posterior Samples:  19%|█▉        | 288/1532 [00:07<00:34, 36.16step/s]
[Origin 13/13] 🎲 Drawing Posterior Samples:  19%|█▉        | 292/1532 [00:07<00:35, 35.14step/s]
[Origin 13/13] 🎲 Drawing Posterior Samples:  19%|█▉        | 296/1532 [00:07<00:35, 34.43step/s]
[Origin 13/13] 🎲 Drawing Posterior Samples:  20%|█▉        | 300/1532 [00:07<00:35, 34.78step/s]
[Origin 13/13] 🎲 Drawing Posterior Samples:  20%|█▉        | 304/1532 [00:07<00:34, 35.85step/s]
[Origin 13/13] 🎲 Drawing Posterior Samples:  20%|██        | 308/1532 [00:07<00:33, 36.51step/s]
[Origin 13/13] 🎲 Drawing Posterior Samples:  20%|██        | 312/1532 [00:07<00:32, 37.19step/s]
[Origin 13/13] 🎲 Drawing Posterior Samples:  21%|██        | 316/1532 [00:07<00:32, 37.50step/s]
[Origin 13/13] 🎲 Drawing Posterior Samples:  21%|██        | 321/1532 [00:08<00:31, 38.17step/s]
[Origin 13/13] 🎲 Drawing Posterior Samples:  21%|██        | 325/1532 [00:08<00:31, 38.48step/s]
[Origin 13/13] 🎲 Drawing Posterior Samples:  21%|██▏       | 329/1532 [00:08<00:31, 38.66step/s]
[Origin 13/13] 🎲 Drawing Posterior Samples:  22%|██▏       | 334/1532 [00:08<00:31, 37.47step/s]
[Origin 13/13] 🎲 Drawing Posterior Samples:  22%|██▏       | 338/1532 [00:08<00:33, 35.24step/s]
[Origin 13/13] 🎲 Drawing Posterior Samples:  22%|██▏       | 342/1532 [00:08<00:32, 36.32step/s]
[Origin 13/13] 🎲 Drawing Posterior Samples:  23%|██▎       | 346/1532 [00:08<00:32, 36.64step/s]
[Origin 13/13] 🎲 Drawing Posterior Samples:  23%|██▎       | 350/1532 [00:09<01:22, 14.33step/s]
[Origin 13/13] 🎲 Drawing Posterior Samples:  23%|██▎       | 353/1532 [00:10<02:00,  9.80step/s]
[Origin 13/13] 🎲 Drawing Posterior Samples:  23%|██▎       | 356/1532 [00:10<02:28,  7.90step/s]
[Origin 13/13] 🎲 Drawing Posterior Samples:  23%|██▎       | 358/1532 [00:10<02:40,  7.33step/s]
[Origin 13/13] 🎲 Drawing Posterior Samples:  23%|██▎       | 360/1532 [00:11<02:44,  7.12step/s]
[Origin 13/13] 🎲 Drawing Posterior Samples:  24%|██▎       | 362/1532 [00:11<02:52,  6.78step/s]
[Origin 13/13] 🎲 Drawing Posterior Samples:  24%|██▎       | 363/1532 [00:11<02:56,  6.63step/s]
[Origin 13/13] 🎲 Drawing Posterior Samples:  24%|██▍       | 364/1532 [00:11<02:59,  6.50step/s]
[Origin 13/13] 🎲 Drawing Posterior Samples:  24%|██▍       | 365/1532 [00:12<03:07,  6.21step/s]
[Origin 13/13] 🎲 Drawing Posterior Samples:  24%|██▍       | 366/1532 [00:12<03:07,  6.20step/s]
[Origin 13/13] 🎲 Drawing Posterior Samples:  24%|██▍       | 367/1532 [00:12<03:19,  5.83step/s]
[Origin 13/13] 🎲 Drawing Posterior Samples:  24%|██▍       | 368/1532 [00:12<03:21,  5.78step/s]
[Origin 13/13] 🎲 Drawing Posterior Samples:  24%|██▍       | 369/1532 [00:12<03:26,  5.64step/s]
[Origin 13/13] 🎲 Drawing Posterior Samples:  24%|██▍       | 370/1532 [00:13<03:23,  5.72step/s]
[Origin 13/13] 🎲 Drawing Posterior Samples:  24%|██▍       | 371/1532 [00:13<03:23,  5.69step/s]
[Origin 13/13] 🎲 Drawing Posterior Samples:  24%|██▍       | 372/1532 [00:13<03:16,  5.89step/s]
[Origin 13/13] 🎲 Drawing Posterior Samples:  24%|██▍       | 373/1532 [00:13<03:17,  5.87step/s]
[Origin 13/13] 🎲 Drawing Posterior Samples:  24%|██▍       | 374/1532 [00:13<03:15,  5.93step/s]
[Origin 13/13] 🎲 Drawing Posterior Samples:  24%|██▍       | 375/1532 [00:14<04:06,  4.70step/s]
[Origin 13/13] 🎲 Drawing Posterior Samples:  25%|██▍       | 376/1532 [00:14<04:38,  4.15step/s]
[Origin 13/13] 🎲 Drawing Posterior Samples:  25%|██▍       | 377/1532 [00:14<04:31,  4.26step/s]
[Origin 13/13] 🎲 Drawing Posterior Samples:  25%|██▍       | 378/1532 [00:14<04:04,  4.72step/s]
[Origin 13/13] 🎲 Drawing Posterior Samples:  25%|██▍       | 379/1532 [00:14<03:37,  5.30step/s]
[Origin 13/13] 🎲 Drawing Posterior Samples:  25%|██▍       | 380/1532 [00:15<03:36,  5.33step/s]
[Origin 13/13] 🎲 Drawing Posterior Samples:  25%|██▍       | 381/1532 [00:15<03:24,  5.64step/s]
[Origin 13/13] 🎲 Drawing Posterior Samples:  25%|██▍       | 382/1532 [00:15<03:22,  5.68step/s]
[Origin 13/13] 🎲 Drawing Posterior Samples:  25%|██▌       | 383/1532 [00:15<03:18,  5.80step/s]
[Origin 13/13] 🎲 Drawing Posterior Samples:  25%|██▌       | 384/1532 [00:31<1:34:14,  4.93s/step]
[Origin 13/13] 🎲 Drawing Posterior Samples:  25%|██▌       | 389/1532 [00:31<30:09,  1.58s/step]  
[Origin 13/13] 🎲 Drawing Posterior Samples:  26%|██▌       | 393/1532 [00:31<17:08,  1.11step/s]
[Origin 13/13] 🎲 Drawing Posterior Samples:  26%|██▌       | 398/1532 [00:31<09:44,  1.94step/s]
[Origin 13/13] 🎲 Drawing Posterior Samples:  26%|██▌       | 402/1532 [00:32<06:37,  2.84step/s]
[Origin 13/13] 🎲 Drawing Posterior Samples:  27%|██▋       | 406/1532 [00:32<04:38,  4.05step/s]
[Origin 13/13] 🎲 Drawing Posterior Samples:  27%|██▋       | 411/1532 [00:32<03:05,  6.03step/s]
[Origin 13/13] 🎲 Drawing Posterior Samples:  27%|██▋       | 415/1532 [00:32<02:19,  8.02step/s]
[Origin 13/13] 🎲 Drawing Posterior Samples:  27%|██▋       | 419/1532 [00:32<01:49, 10.20step/s]
[Origin 13/13] 🎲 Drawing Posterior Samples:  28%|██▊       | 423/1532 [00:32<01:26, 12.89step/s]
[Origin 13/13] 🎲 Drawing Posterior Samples:  28%|██▊       | 427/1532 [00:32<01:08, 16.04step/s]
[Origin 13/13] 🎲 Drawing Posterior Samples:  28%|██▊       | 431/1532 [00:32<00:56, 19.35step/s]
[Origin 13/13] 🎲 Drawing Posterior Samples:  29%|██▊       | 437/1532 [00:32<00:42, 25.65step/s]
[Origin 13/13] 🎲 Drawing Posterior Samples:  29%|██▉       | 442/1532 [00:33<00:39, 27.75step/s]
[Origin 13/13] 🎲 Drawing Posterior Samples:  29%|██▉       | 446/1532 [00:33<00:36, 30.14step/s]
[Origin 13/13] 🎲 Drawing Posterior Samples:  29%|██▉       | 451/1532 [00:33<00:32, 32.90step/s]
[Origin 13/13] 🎲 Drawing Posterior Samples:  30%|██▉       | 455/1532 [00:33<00:31, 33.72step/s]
[Origin 13/13] 🎲 Drawing Posterior Samples:  30%|███       | 460/1532 [00:33<00:29, 35.74step/s]
[Origin 13/13] 🎲 Drawing Posterior Samples:  30%|███       | 464/1532 [00:33<00:32, 33.32step/s]
[Origin 13/13] 🎲 Drawing Posterior Samples:  31%|███       | 469/1532 [00:33<00:30, 35.03step/s]
[Origin 13/13] 🎲 Drawing Posterior Samples:  31%|███       | 473/1532 [00:33<00:29, 35.43step/s]
[Origin 13/13] 🎲 Drawing Posterior Samples:  31%|███       | 477/1532 [00:34<00:29, 36.01step/s]
[Origin 13/13] 🎲 Drawing Posterior Samples:  31%|███▏      | 482/1532 [00:34<00:29, 35.27step/s]
[Origin 13/13] 🎲 Drawing Posterior Samples:  32%|███▏      | 486/1532 [00:34<00:29, 35.92step/s]
[Origin 13/13] 🎲 Drawing Posterior Samples:  32%|███▏      | 490/1532 [00:34<00:28, 36.67step/s]
[Origin 13/13] 🎲 Drawing Posterior Samples:  32%|███▏      | 494/1532 [00:34<00:28, 36.91step/s]
[Origin 13/13] 🎲 Drawing Posterior Samples:  33%|███▎      | 498/1532 [00:34<00:27, 37.14step/s]
[Origin 13/13] 🎲 Drawing Posterior Samples:  33%|███▎      | 502/1532 [00:34<00:27, 37.39step/s]
[Origin 13/13] 🎲 Drawing Posterior Samples:  33%|███▎      | 506/1532 [00:34<00:27, 37.71step/s]
[Origin 13/13] 🎲 Drawing Posterior Samples:  33%|███▎      | 510/1532 [00:34<00:28, 36.02step/s]
[Origin 13/13] 🎲 Drawing Posterior Samples:  34%|███▎      | 515/1532 [00:35<00:27, 37.08step/s]
[Origin 13/13] 🎲 Drawing Posterior Samples:  34%|███▍      | 519/1532 [00:35<00:27, 37.36step/s]
[Origin 13/13] 🎲 Drawing Posterior Samples:  34%|███▍      | 523/1532 [00:35<00:28, 35.19step/s]
[Origin 13/13] 🎲 Drawing Posterior Samples:  34%|███▍      | 527/1532 [00:35<00:32, 30.95step/s]
[Origin 13/13] 🎲 Drawing Posterior Samples:  35%|███▍      | 532/1532 [00:35<00:30, 32.84step/s]
[Origin 13/13] 🎲 Drawing Posterior Samples:  35%|███▌      | 537/1532 [00:35<00:29, 33.62step/s]
[Origin 13/13] 🎲 Drawing Posterior Samples:  35%|███▌      | 541/1532 [00:35<00:29, 33.99step/s]
[Origin 13/13] 🎲 Drawing Posterior Samples:  36%|███▌      | 545/1532 [00:35<00:28, 35.13step/s]
[Origin 13/13] 🎲 Drawing Posterior Samples:  36%|███▌      | 549/1532 [00:36<00:27, 35.92step/s]
[Origin 13/13] 🎲 Drawing Posterior Samples:  36%|███▌      | 553/1532 [00:36<00:26, 36.74step/s]
[Origin 13/13] 🎲 Drawing Posterior Samples:  36%|███▋      | 557/1532 [00:36<00:26, 37.11step/s]
[Origin 13/13] 🎲 Drawing Posterior Samples:  37%|███▋      | 561/1532 [00:36<00:27, 35.26step/s]
[Origin 13/13] 🎲 Drawing Posterior Samples:  37%|███▋      | 565/1532 [00:36<00:26, 35.96step/s]
[Origin 13/13] 🎲 Drawing Posterior Samples:  37%|███▋      | 569/1532 [00:36<00:27, 34.93step/s]
[Origin 13/13] 🎲 Drawing Posterior Samples:  37%|███▋      | 573/1532 [00:36<00:27, 35.30step/s]
[Origin 13/13] 🎲 Drawing Posterior Samples:  38%|███▊      | 577/1532 [00:36<00:26, 36.07step/s]
[Origin 13/13] 🎲 Drawing Posterior Samples:  38%|███▊      | 581/1532 [00:36<00:26, 36.54step/s]
[Origin 13/13] 🎲 Drawing Posterior Samples:  38%|███▊      | 586/1532 [00:37<00:24, 37.86step/s]
[Origin 13/13] 🎲 Drawing Posterior Samples:  39%|███▊      | 590/1532 [00:37<00:25, 37.63step/s]
[Origin 13/13] 🎲 Drawing Posterior Samples:  39%|███▉      | 594/1532 [00:37<00:26, 35.48step/s]
[Origin 13/13] 🎲 Drawing Posterior Samples:  39%|███▉      | 598/1532 [00:37<00:25, 36.08step/s]
[Origin 13/13] 🎲 Drawing Posterior Samples:  39%|███▉      | 602/1532 [00:37<00:28, 32.98step/s]
[Origin 13/13] 🎲 Drawing Posterior Samples:  40%|███▉      | 607/1532 [00:37<00:25, 36.55step/s]
[Origin 13/13] 🎲 Drawing Posterior Samples:  40%|███▉      | 611/1532 [00:37<00:24, 37.10step/s]
[Origin 13/13] 🎲 Drawing Posterior Samples:  40%|████      | 615/1532 [00:37<00:26, 35.04step/s]
[Origin 13/13] 🎲 Drawing Posterior Samples:  40%|████      | 619/1532 [00:38<00:25, 36.33step/s]
[Origin 13/13] 🎲 Drawing Posterior Samples:  41%|████      | 625/1532 [00:38<00:22, 41.17step/s]
[Origin 13/13] 🎲 Drawing Posterior Samples:  41%|████      | 630/1532 [00:38<00:25, 34.70step/s]
[Origin 13/13] 🎲 Drawing Posterior Samples:  41%|████▏     | 634/1532 [00:38<00:26, 33.80step/s]
[Origin 13/13] 🎲 Drawing Posterior Samples:  42%|████▏     | 638/1532 [00:38<00:25, 34.92step/s]
[Origin 13/13] 🎲 Drawing Posterior Samples:  42%|████▏     | 644/1532 [00:38<00:22, 39.74step/s]
[Origin 13/13] 🎲 Drawing Posterior Samples:  42%|████▏     | 649/1532 [00:38<00:24, 35.68step/s]
[Origin 13/13] 🎲 Drawing Posterior Samples:  43%|████▎     | 653/1532 [00:38<00:24, 35.66step/s]
[Origin 13/13] 🎲 Drawing Posterior Samples:  43%|████▎     | 657/1532 [00:39<00:24, 36.14step/s]
[Origin 13/13] 🎲 Drawing Posterior Samples:  43%|████▎     | 662/1532 [00:39<00:22, 38.05step/s]
[Origin 13/13] 🎲 Drawing Posterior Samples:  44%|████▎     | 667/1532 [00:39<00:22, 37.91step/s]
[Origin 13/13] 🎲 Drawing Posterior Samples:  44%|████▍     | 671/1532 [00:39<00:22, 37.64step/s]
[Origin 13/13] 🎲 Drawing Posterior Samples:  44%|████▍     | 676/1532 [00:39<00:22, 38.20step/s]
[Origin 13/13] 🎲 Drawing Posterior Samples:  44%|████▍     | 680/1532 [00:39<00:22, 37.11step/s]
[Origin 13/13] 🎲 Drawing Posterior Samples:  45%|████▍     | 684/1532 [00:39<00:22, 36.91step/s]
[Origin 13/13] 🎲 Drawing Posterior Samples:  45%|████▍     | 688/1532 [00:39<00:22, 37.08step/s]
[Origin 13/13] 🎲 Drawing Posterior Samples:  45%|████▌     | 692/1532 [00:39<00:23, 35.75step/s]
[Origin 13/13] 🎲 Drawing Posterior Samples:  45%|████▌     | 696/1532 [00:40<00:23, 35.38step/s]
[Origin 13/13] 🎲 Drawing Posterior Samples:  46%|████▌     | 700/1532 [00:40<00:24, 34.21step/s]
[Origin 13/13] 🎲 Drawing Posterior Samples:  46%|████▌     | 704/1532 [00:40<00:23, 35.21step/s]
[Origin 13/13] 🎲 Drawing Posterior Samples:  46%|████▌     | 708/1532 [00:40<00:22, 36.02step/s]
[Origin 13/13] 🎲 Drawing Posterior Samples:  46%|████▋     | 712/1532 [00:40<00:22, 36.28step/s]
[Origin 13/13] 🎲 Drawing Posterior Samples:  47%|████▋     | 716/1532 [00:40<00:23, 34.49step/s]
[Origin 13/13] 🎲 Drawing Posterior Samples:  47%|████▋     | 720/1532 [00:40<00:22, 35.57step/s]
[Origin 13/13] 🎲 Drawing Posterior Samples:  47%|████▋     | 724/1532 [00:40<00:22, 36.28step/s]
[Origin 13/13] 🎲 Drawing Posterior Samples:  48%|████▊     | 728/1532 [00:40<00:21, 36.74step/s]
[Origin 13/13] 🎲 Drawing Posterior Samples:  48%|████▊     | 732/1532 [00:41<00:43, 18.54step/s]
[Origin 13/13] 🎲 Drawing Posterior Samples:  48%|████▊     | 735/1532 [00:42<01:08, 11.71step/s]
[Origin 13/13] 🎲 Drawing Posterior Samples:  48%|████▊     | 738/1532 [00:42<01:29,  8.84step/s]
[Origin 13/13] 🎲 Drawing Posterior Samples:  48%|████▊     | 740/1532 [00:43<01:44,  7.55step/s]
[Origin 13/13] 🎲 Drawing Posterior Samples:  48%|████▊     | 742/1532 [00:43<01:50,  7.16step/s]
[Origin 13/13] 🎲 Drawing Posterior Samples:  49%|████▊     | 744/1532 [00:43<01:50,  7.12step/s]
[Origin 13/13] 🎲 Drawing Posterior Samples:  49%|████▊     | 745/1532 [00:43<01:53,  6.96step/s]
[Origin 13/13] 🎲 Drawing Posterior Samples:  49%|████▊     | 746/1532 [00:43<01:55,  6.83step/s]
[Origin 13/13] 🎲 Drawing Posterior Samples:  49%|████▉     | 747/1532 [00:44<01:55,  6.77step/s]
[Origin 13/13] 🎲 Drawing Posterior Samples:  49%|████▉     | 748/1532 [00:44<01:58,  6.63step/s]
[Origin 13/13] 🎲 Drawing Posterior Samples:  49%|████▉     | 749/1532 [00:44<02:28,  5.28step/s]
[Origin 13/13] 🎲 Drawing Posterior Samples:  49%|████▉     | 750/1532 [00:44<02:19,  5.62step/s]
[Origin 13/13] 🎲 Drawing Posterior Samples:  49%|████▉     | 751/1532 [00:44<02:11,  5.94step/s]
[Origin 13/13] 🎲 Drawing Posterior Samples:  49%|████▉     | 752/1532 [00:45<02:06,  6.17step/s]
[Origin 13/13] 🎲 Drawing Posterior Samples:  49%|████▉     | 753/1532 [00:45<02:01,  6.40step/s]
[Origin 13/13] 🎲 Drawing Posterior Samples:  49%|████▉     | 754/1532 [00:45<02:06,  6.17step/s]
[Origin 13/13] 🎲 Drawing Posterior Samples:  49%|████▉     | 755/1532 [00:45<02:00,  6.47step/s]
[Origin 13/13] 🎲 Drawing Posterior Samples:  49%|████▉     | 756/1532 [00:45<02:04,  6.25step/s]
[Origin 13/13] 🎲 Drawing Posterior Samples:  49%|████▉     | 757/1532 [00:45<02:12,  5.85step/s]
[Origin 13/13] 🎲 Drawing Posterior Samples:  49%|████▉     | 758/1532 [00:46<02:17,  5.63step/s]
[Origin 13/13] 🎲 Drawing Posterior Samples:  50%|████▉     | 759/1532 [00:46<02:25,  5.31step/s]
[Origin 13/13] 🎲 Drawing Posterior Samples:  50%|████▉     | 760/1532 [00:46<02:14,  5.74step/s]
[Origin 13/13] 🎲 Drawing Posterior Samples:  50%|████▉     | 761/1532 [00:46<02:16,  5.65step/s]
[Origin 13/13] 🎲 Drawing Posterior Samples:  50%|████▉     | 762/1532 [00:46<02:22,  5.42step/s]
[Origin 13/13] 🎲 Drawing Posterior Samples:  50%|████▉     | 763/1532 [00:46<02:27,  5.20step/s]
[Origin 13/13] 🎲 Drawing Posterior Samples:  50%|████▉     | 764/1532 [00:47<02:25,  5.30step/s]
[Origin 13/13] 🎲 Drawing Posterior Samples:  50%|████▉     | 765/1532 [00:47<02:18,  5.54step/s]
[Origin 13/13] 🎲 Drawing Posterior Samples:  50%|█████     | 766/1532 [00:47<02:15,  5.65step/s]
[Origin 13/13] 🎲 Drawing Posterior Samples:  50%|█████     | 767/1532 [01:03<1:02:51,  4.93s/step]
[Origin 13/13] 🎲 Drawing Posterior Samples:  50%|█████     | 771/1532 [01:03<23:15,  1.83s/step]  
[Origin 13/13] 🎲 Drawing Posterior Samples:  51%|█████     | 775/1532 [01:03<12:19,  1.02step/s]
[Origin 13/13] 🎲 Drawing Posterior Samples:  51%|█████     | 779/1532 [01:03<07:26,  1.69step/s]
[Origin 13/13] 🎲 Drawing Posterior Samples:  51%|█████     | 784/1532 [01:03<04:25,  2.82step/s]
[Origin 13/13] 🎲 Drawing Posterior Samples:  51%|█████▏    | 788/1532 [01:04<03:04,  4.03step/s]
[Origin 13/13] 🎲 Drawing Posterior Samples:  52%|█████▏    | 792/1532 [01:04<02:11,  5.61step/s]
[Origin 13/13] 🎲 Drawing Posterior Samples:  52%|█████▏    | 798/1532 [01:04<01:24,  8.67step/s]
[Origin 13/13] 🎲 Drawing Posterior Samples:  52%|█████▏    | 803/1532 [01:04<01:01, 11.83step/s]
[Origin 13/13] 🎲 Drawing Posterior Samples:  53%|█████▎    | 808/1532 [01:04<00:47, 15.26step/s]
[Origin 13/13] 🎲 Drawing Posterior Samples:  53%|█████▎    | 814/1532 [01:04<00:35, 20.31step/s]
[Origin 13/13] 🎲 Drawing Posterior Samples:  53%|█████▎    | 819/1532 [01:04<00:30, 23.69step/s]
[Origin 13/13] 🎲 Drawing Posterior Samples:  54%|█████▍    | 824/1532 [01:04<00:27, 25.82step/s]
[Origin 13/13] 🎲 Drawing Posterior Samples:  54%|█████▍    | 829/1532 [01:05<00:23, 29.30step/s]
[Origin 13/13] 🎲 Drawing Posterior Samples:  54%|█████▍    | 834/1532 [01:05<00:22, 31.31step/s]
[Origin 13/13] 🎲 Drawing Posterior Samples:  55%|█████▍    | 840/1532 [01:05<00:19, 36.35step/s]
[Origin 13/13] 🎲 Drawing Posterior Samples:  55%|█████▌    | 846/1532 [01:05<00:16, 40.43step/s]
[Origin 13/13] 🎲 Drawing Posterior Samples:  56%|█████▌    | 851/1532 [01:05<00:18, 36.95step/s]
[Origin 13/13] 🎲 Drawing Posterior Samples:  56%|█████▌    | 857/1532 [01:05<00:16, 40.55step/s]
[Origin 13/13] 🎲 Drawing Posterior Samples:  56%|█████▋    | 862/1532 [01:05<00:17, 39.09step/s]
[Origin 13/13] 🎲 Drawing Posterior Samples:  57%|█████▋    | 867/1532 [01:05<00:17, 38.46step/s]
[Origin 13/13] 🎲 Drawing Posterior Samples:  57%|█████▋    | 872/1532 [01:06<00:17, 38.33step/s]
[Origin 13/13] 🎲 Drawing Posterior Samples:  57%|█████▋    | 876/1532 [01:06<00:18, 36.38step/s]
[Origin 13/13] 🎲 Drawing Posterior Samples:  58%|█████▊    | 882/1532 [01:06<00:15, 40.74step/s]
[Origin 13/13] 🎲 Drawing Posterior Samples:  58%|█████▊    | 888/1532 [01:06<00:14, 43.11step/s]
[Origin 13/13] 🎲 Drawing Posterior Samples:  58%|█████▊    | 893/1532 [01:06<00:15, 41.49step/s]
[Origin 13/13] 🎲 Drawing Posterior Samples:  59%|█████▊    | 898/1532 [01:06<00:14, 43.47step/s]
[Origin 13/13] 🎲 Drawing Posterior Samples:  59%|█████▉    | 903/1532 [01:06<00:15, 40.74step/s]
[Origin 13/13] 🎲 Drawing Posterior Samples:  59%|█████▉    | 908/1532 [01:06<00:15, 39.41step/s]
[Origin 13/13] 🎲 Drawing Posterior Samples:  60%|█████▉    | 913/1532 [01:07<00:15, 39.54step/s]
[Origin 13/13] 🎲 Drawing Posterior Samples:  60%|█████▉    | 918/1532 [01:07<00:15, 39.74step/s]
[Origin 13/13] 🎲 Drawing Posterior Samples:  60%|██████    | 923/1532 [01:07<00:15, 40.53step/s]
[Origin 13/13] 🎲 Drawing Posterior Samples:  61%|██████    | 928/1532 [01:07<00:14, 42.08step/s]
[Origin 13/13] 🎲 Drawing Posterior Samples:  61%|██████    | 933/1532 [01:07<00:14, 41.49step/s]
[Origin 13/13] 🎲 Drawing Posterior Samples:  61%|██████▏   | 939/1532 [01:07<00:13, 44.66step/s]
[Origin 13/13] 🎲 Drawing Posterior Samples:  62%|██████▏   | 944/1532 [01:07<00:13, 42.38step/s]
[Origin 13/13] 🎲 Drawing Posterior Samples:  62%|██████▏   | 949/1532 [01:07<00:14, 40.45step/s]
[Origin 13/13] 🎲 Drawing Posterior Samples:  62%|██████▏   | 954/1532 [01:08<00:14, 40.19step/s]
[Origin 13/13] 🎲 Drawing Posterior Samples:  63%|██████▎   | 959/1532 [01:08<00:14, 39.22step/s]
[Origin 13/13] 🎲 Drawing Posterior Samples:  63%|██████▎   | 963/1532 [01:08<00:14, 39.06step/s]
[Origin 13/13] 🎲 Drawing Posterior Samples:  63%|██████▎   | 969/1532 [01:08<00:13, 42.84step/s]
[Origin 13/13] 🎲 Drawing Posterior Samples:  64%|██████▎   | 974/1532 [01:08<00:14, 37.98step/s]
[Origin 13/13] 🎲 Drawing Posterior Samples:  64%|██████▍   | 980/1532 [01:08<00:13, 40.04step/s]
[Origin 13/13] 🎲 Drawing Posterior Samples:  64%|██████▍   | 985/1532 [01:08<00:14, 39.00step/s]
[Origin 13/13] 🎲 Drawing Posterior Samples:  65%|██████▍   | 989/1532 [01:08<00:14, 38.70step/s]
[Origin 13/13] 🎲 Drawing Posterior Samples:  65%|██████▍   | 994/1532 [01:09<00:13, 39.12step/s]
[Origin 13/13] 🎲 Drawing Posterior Samples:  65%|██████▌   | 998/1532 [01:09<00:13, 39.00step/s]
[Origin 13/13] 🎲 Drawing Posterior Samples:  66%|██████▌   | 1004/1532 [01:09<00:12, 42.93step/s]
[Origin 13/13] 🎲 Drawing Posterior Samples:  66%|██████▌   | 1010/1532 [01:09<00:11, 45.72step/s]
[Origin 13/13] 🎲 Drawing Posterior Samples:  66%|██████▋   | 1015/1532 [01:09<00:12, 41.87step/s]
[Origin 13/13] 🎲 Drawing Posterior Samples:  67%|██████▋   | 1021/1532 [01:09<00:11, 44.84step/s]
[Origin 13/13] 🎲 Drawing Posterior Samples:  67%|██████▋   | 1026/1532 [01:09<00:13, 38.34step/s]
[Origin 13/13] 🎲 Drawing Posterior Samples:  67%|██████▋   | 1031/1532 [01:09<00:12, 38.81step/s]
[Origin 13/13] 🎲 Drawing Posterior Samples:  68%|██████▊   | 1036/1532 [01:10<00:12, 39.26step/s]
[Origin 13/13] 🎲 Drawing Posterior Samples:  68%|██████▊   | 1042/1532 [01:10<00:11, 42.91step/s]
[Origin 13/13] 🎲 Drawing Posterior Samples:  68%|██████▊   | 1047/1532 [01:10<00:11, 42.25step/s]
[Origin 13/13] 🎲 Drawing Posterior Samples:  69%|██████▊   | 1052/1532 [01:10<00:11, 42.21step/s]
[Origin 13/13] 🎲 Drawing Posterior Samples:  69%|██████▉   | 1057/1532 [01:10<00:11, 41.50step/s]
[Origin 13/13] 🎲 Drawing Posterior Samples:  69%|██████▉   | 1063/1532 [01:10<00:10, 44.22step/s]
[Origin 13/13] 🎲 Drawing Posterior Samples:  70%|██████▉   | 1068/1532 [01:10<00:11, 41.95step/s]
[Origin 13/13] 🎲 Drawing Posterior Samples:  70%|███████   | 1073/1532 [01:10<00:11, 40.41step/s]
[Origin 13/13] 🎲 Drawing Posterior Samples:  70%|███████   | 1078/1532 [01:11<00:11, 39.60step/s]
[Origin 13/13] 🎲 Drawing Posterior Samples:  71%|███████   | 1084/1532 [01:11<00:10, 43.12step/s]
[Origin 13/13] 🎲 Drawing Posterior Samples:  71%|███████   | 1089/1532 [01:11<00:10, 43.23step/s]
[Origin 13/13] 🎲 Drawing Posterior Samples:  71%|███████▏  | 1095/1532 [01:11<00:09, 45.79step/s]
[Origin 13/13] 🎲 Drawing Posterior Samples:  72%|███████▏  | 1100/1532 [01:11<00:11, 37.37step/s]
[Origin 13/13] 🎲 Drawing Posterior Samples:  72%|███████▏  | 1106/1532 [01:11<00:10, 41.38step/s]
[Origin 13/13] 🎲 Drawing Posterior Samples:  73%|███████▎  | 1111/1532 [01:11<00:10, 40.59step/s]
[Origin 13/13] 🎲 Drawing Posterior Samples:  73%|███████▎  | 1116/1532 [01:12<00:24, 17.20step/s]
[Origin 13/13] 🎲 Drawing Posterior Samples:  73%|███████▎  | 1120/1532 [01:13<00:38, 10.69step/s]
[Origin 13/13] 🎲 Drawing Posterior Samples:  73%|███████▎  | 1123/1532 [01:13<00:43,  9.44step/s]
[Origin 13/13] 🎲 Drawing Posterior Samples:  73%|███████▎  | 1125/1532 [01:14<00:46,  8.77step/s]
[Origin 13/13] 🎲 Drawing Posterior Samples:  74%|███████▎  | 1127/1532 [01:14<00:49,  8.26step/s]
[Origin 13/13] 🎲 Drawing Posterior Samples:  74%|███████▎  | 1129/1532 [01:14<00:54,  7.33step/s]
[Origin 13/13] 🎲 Drawing Posterior Samples:  74%|███████▍  | 1131/1532 [01:15<00:55,  7.18step/s]
[Origin 13/13] 🎲 Drawing Posterior Samples:  74%|███████▍  | 1132/1532 [01:15<00:57,  6.98step/s]
[Origin 13/13] 🎲 Drawing Posterior Samples:  74%|███████▍  | 1133/1532 [01:15<01:01,  6.50step/s]
[Origin 13/13] 🎲 Drawing Posterior Samples:  74%|███████▍  | 1134/1532 [01:15<01:08,  5.77step/s]
[Origin 13/13] 🎲 Drawing Posterior Samples:  74%|███████▍  | 1135/1532 [01:15<01:09,  5.75step/s]
[Origin 13/13] 🎲 Drawing Posterior Samples:  74%|███████▍  | 1136/1532 [01:16<01:11,  5.55step/s]
[Origin 13/13] 🎲 Drawing Posterior Samples:  74%|███████▍  | 1137/1532 [01:16<01:09,  5.66step/s]
[Origin 13/13] 🎲 Drawing Posterior Samples:  74%|███████▍  | 1138/1532 [01:16<01:07,  5.83step/s]
[Origin 13/13] 🎲 Drawing Posterior Samples:  74%|███████▍  | 1139/1532 [01:16<01:05,  5.97step/s]
[Origin 13/13] 🎲 Drawing Posterior Samples:  74%|███████▍  | 1140/1532 [01:16<01:13,  5.32step/s]
[Origin 13/13] 🎲 Drawing Posterior Samples:  74%|███████▍  | 1141/1532 [01:17<01:19,  4.92step/s]
[Origin 13/13] 🎲 Drawing Posterior Samples:  75%|███████▍  | 1142/1532 [01:17<01:15,  5.19step/s]
[Origin 13/13] 🎲 Drawing Posterior Samples:  75%|███████▍  | 1143/1532 [01:17<01:16,  5.06step/s]
[Origin 13/13] 🎲 Drawing Posterior Samples:  75%|███████▍  | 1144/1532 [01:17<01:16,  5.09step/s]
[Origin 13/13] 🎲 Drawing Posterior Samples:  75%|███████▍  | 1145/1532 [01:17<01:15,  5.10step/s]
[Origin 13/13] 🎲 Drawing Posterior Samples:  75%|███████▍  | 1146/1532 [01:18<01:11,  5.41step/s]
[Origin 13/13] 🎲 Drawing Posterior Samples:  75%|███████▍  | 1147/1532 [01:18<01:08,  5.62step/s]
[Origin 13/13] 🎲 Drawing Posterior Samples:  75%|███████▍  | 1148/1532 [01:18<01:11,  5.37step/s]
[Origin 13/13] 🎲 Drawing Posterior Samples:  75%|███████▌  | 1149/1532 [01:18<01:10,  5.46step/s]
[Origin 13/13] 🎲 Drawing Posterior Samples:  75%|███████▌  | 1150/1532 [01:34<30:43,  4.82s/step]
[Origin 13/13] 🎲 Drawing Posterior Samples:  75%|███████▌  | 1155/1532 [01:34<09:45,  1.55s/step]
[Origin 13/13] 🎲 Drawing Posterior Samples:  76%|███████▌  | 1160/1532 [01:34<04:57,  1.25step/s]
[Origin 13/13] 🎲 Drawing Posterior Samples:  76%|███████▌  | 1166/1532 [01:34<02:41,  2.26step/s]
[Origin 13/13] 🎲 Drawing Posterior Samples:  76%|███████▋  | 1170/1532 [01:34<01:54,  3.17step/s]
[Origin 13/13] 🎲 Drawing Posterior Samples:  77%|███████▋  | 1174/1532 [01:34<01:21,  4.37step/s]
[Origin 13/13] 🎲 Drawing Posterior Samples:  77%|███████▋  | 1178/1532 [01:34<00:59,  5.95step/s]
[Origin 13/13] 🎲 Drawing Posterior Samples:  77%|███████▋  | 1182/1532 [01:35<00:43,  7.97step/s]
[Origin 13/13] 🎲 Drawing Posterior Samples:  77%|███████▋  | 1186/1532 [01:35<00:33, 10.45step/s]
[Origin 13/13] 🎲 Drawing Posterior Samples:  78%|███████▊  | 1190/1532 [01:35<00:25, 13.19step/s]
[Origin 13/13] 🎲 Drawing Posterior Samples:  78%|███████▊  | 1194/1532 [01:35<00:20, 16.17step/s]
[Origin 13/13] 🎲 Drawing Posterior Samples:  78%|███████▊  | 1198/1532 [01:35<00:17, 19.47step/s]
[Origin 13/13] 🎲 Drawing Posterior Samples:  78%|███████▊  | 1202/1532 [01:35<00:14, 22.63step/s]
[Origin 13/13] 🎲 Drawing Posterior Samples:  79%|███████▊  | 1206/1532 [01:35<00:12, 25.80step/s]
[Origin 13/13] 🎲 Drawing Posterior Samples:  79%|███████▉  | 1210/1532 [01:35<00:11, 28.83step/s]
[Origin 13/13] 🎲 Drawing Posterior Samples:  79%|███████▉  | 1214/1532 [01:35<00:10, 29.06step/s]
[Origin 13/13] 🎲 Drawing Posterior Samples:  80%|███████▉  | 1218/1532 [01:36<00:10, 31.30step/s]
[Origin 13/13] 🎲 Drawing Posterior Samples:  80%|███████▉  | 1222/1532 [01:36<00:09, 33.13step/s]
[Origin 13/13] 🎲 Drawing Posterior Samples:  80%|████████  | 1227/1532 [01:36<00:08, 35.20step/s]
[Origin 13/13] 🎲 Drawing Posterior Samples:  80%|████████  | 1231/1532 [01:36<00:08, 35.91step/s]
[Origin 13/13] 🎲 Drawing Posterior Samples:  81%|████████  | 1235/1532 [01:36<00:08, 36.38step/s]
[Origin 13/13] 🎲 Drawing Posterior Samples:  81%|████████  | 1239/1532 [01:36<00:07, 36.91step/s]
[Origin 13/13] 🎲 Drawing Posterior Samples:  81%|████████  | 1243/1532 [01:36<00:07, 36.71step/s]
[Origin 13/13] 🎲 Drawing Posterior Samples:  81%|████████▏ | 1248/1532 [01:36<00:07, 37.37step/s]
[Origin 13/13] 🎲 Drawing Posterior Samples:  82%|████████▏ | 1252/1532 [01:36<00:07, 37.61step/s]
[Origin 13/13] 🎲 Drawing Posterior Samples:  82%|████████▏ | 1256/1532 [01:37<00:07, 37.55step/s]
[Origin 13/13] 🎲 Drawing Posterior Samples:  82%|████████▏ | 1260/1532 [01:37<00:07, 35.58step/s]
[Origin 13/13] 🎲 Drawing Posterior Samples:  83%|████████▎ | 1264/1532 [01:37<00:07, 36.01step/s]
[Origin 13/13] 🎲 Drawing Posterior Samples:  83%|████████▎ | 1268/1532 [01:37<00:07, 36.32step/s]
[Origin 13/13] 🎲 Drawing Posterior Samples:  83%|████████▎ | 1273/1532 [01:37<00:06, 37.69step/s]
[Origin 13/13] 🎲 Drawing Posterior Samples:  83%|████████▎ | 1277/1532 [01:37<00:06, 37.82step/s]
[Origin 13/13] 🎲 Drawing Posterior Samples:  84%|████████▎ | 1281/1532 [01:37<00:06, 37.94step/s]
[Origin 13/13] 🎲 Drawing Posterior Samples:  84%|████████▍ | 1286/1532 [01:37<00:06, 38.52step/s]
[Origin 13/13] 🎲 Drawing Posterior Samples:  84%|████████▍ | 1290/1532 [01:37<00:06, 38.19step/s]
[Origin 13/13] 🎲 Drawing Posterior Samples:  85%|████████▍ | 1295/1532 [01:38<00:06, 38.79step/s]
[Origin 13/13] 🎲 Drawing Posterior Samples:  85%|████████▍ | 1299/1532 [01:38<00:06, 38.66step/s]
[Origin 13/13] 🎲 Drawing Posterior Samples:  85%|████████▌ | 1303/1532 [01:38<00:06, 35.70step/s]
[Origin 13/13] 🎲 Drawing Posterior Samples:  85%|████████▌ | 1307/1532 [01:38<00:06, 36.42step/s]
[Origin 13/13] 🎲 Drawing Posterior Samples:  86%|████████▌ | 1311/1532 [01:38<00:06, 36.74step/s]
[Origin 13/13] 🎲 Drawing Posterior Samples:  86%|████████▌ | 1315/1532 [01:38<00:05, 37.05step/s]
[Origin 13/13] 🎲 Drawing Posterior Samples:  86%|████████▌ | 1319/1532 [01:38<00:05, 37.43step/s]
[Origin 13/13] 🎲 Drawing Posterior Samples:  86%|████████▋ | 1323/1532 [01:38<00:05, 37.74step/s]
[Origin 13/13] 🎲 Drawing Posterior Samples:  87%|████████▋ | 1327/1532 [01:38<00:05, 37.78step/s]
[Origin 13/13] 🎲 Drawing Posterior Samples:  87%|████████▋ | 1332/1532 [01:39<00:05, 38.49step/s]
[Origin 13/13] 🎲 Drawing Posterior Samples:  87%|████████▋ | 1336/1532 [01:39<00:05, 38.00step/s]
[Origin 13/13] 🎲 Drawing Posterior Samples:  87%|████████▋ | 1340/1532 [01:39<00:05, 38.30step/s]
[Origin 13/13] 🎲 Drawing Posterior Samples:  88%|████████▊ | 1345/1532 [01:39<00:04, 38.66step/s]
[Origin 13/13] 🎲 Drawing Posterior Samples:  88%|████████▊ | 1349/1532 [01:39<00:04, 37.15step/s]
[Origin 13/13] 🎲 Drawing Posterior Samples:  88%|████████▊ | 1353/1532 [01:39<00:04, 36.41step/s]
[Origin 13/13] 🎲 Drawing Posterior Samples:  89%|████████▊ | 1359/1532 [01:39<00:04, 41.25step/s]
[Origin 13/13] 🎲 Drawing Posterior Samples:  89%|████████▉ | 1364/1532 [01:39<00:04, 39.64step/s]
[Origin 13/13] 🎲 Drawing Posterior Samples:  89%|████████▉ | 1368/1532 [01:40<00:04, 38.13step/s]
[Origin 13/13] 🎲 Drawing Posterior Samples:  90%|████████▉ | 1372/1532 [01:40<00:04, 34.43step/s]
[Origin 13/13] 🎲 Drawing Posterior Samples:  90%|████████▉ | 1376/1532 [01:40<00:04, 35.20step/s]
[Origin 13/13] 🎲 Drawing Posterior Samples:  90%|█████████ | 1381/1532 [01:40<00:04, 35.56step/s]
[Origin 13/13] 🎲 Drawing Posterior Samples:  90%|█████████ | 1386/1532 [01:40<00:03, 36.80step/s]
[Origin 13/13] 🎲 Drawing Posterior Samples:  91%|█████████ | 1390/1532 [01:40<00:03, 36.90step/s]
[Origin 13/13] 🎲 Drawing Posterior Samples:  91%|█████████ | 1395/1532 [01:40<00:03, 37.94step/s]
[Origin 13/13] 🎲 Drawing Posterior Samples:  91%|█████████▏| 1399/1532 [01:40<00:03, 38.01step/s]
[Origin 13/13] 🎲 Drawing Posterior Samples:  92%|█████████▏| 1403/1532 [01:41<00:03, 37.61step/s]
[Origin 13/13] 🎲 Drawing Posterior Samples:  92%|█████████▏| 1408/1532 [01:41<00:03, 38.58step/s]
[Origin 13/13] 🎲 Drawing Posterior Samples:  92%|█████████▏| 1412/1532 [01:41<00:03, 38.14step/s]
[Origin 13/13] 🎲 Drawing Posterior Samples:  92%|█████████▏| 1416/1532 [01:41<00:03, 38.28step/s]
[Origin 13/13] 🎲 Drawing Posterior Samples:  93%|█████████▎| 1420/1532 [01:41<00:03, 36.01step/s]
[Origin 13/13] 🎲 Drawing Posterior Samples:  93%|█████████▎| 1424/1532 [01:41<00:02, 36.62step/s]
[Origin 13/13] 🎲 Drawing Posterior Samples:  93%|█████████▎| 1428/1532 [01:41<00:02, 36.84step/s]
[Origin 13/13] 🎲 Drawing Posterior Samples:  93%|█████████▎| 1432/1532 [01:41<00:02, 37.05step/s]
[Origin 13/13] 🎲 Drawing Posterior Samples:  94%|█████████▎| 1436/1532 [01:41<00:02, 37.07step/s]
[Origin 13/13] 🎲 Drawing Posterior Samples:  94%|█████████▍| 1440/1532 [01:42<00:02, 37.72step/s]
[Origin 13/13] 🎲 Drawing Posterior Samples:  94%|█████████▍| 1445/1532 [01:42<00:02, 38.40step/s]
[Origin 13/13] 🎲 Drawing Posterior Samples:  95%|█████████▍| 1450/1532 [01:42<00:02, 39.01step/s]
[Origin 13/13] 🎲 Drawing Posterior Samples:  95%|█████████▍| 1454/1532 [01:42<00:02, 38.67step/s]
[Origin 13/13] 🎲 Drawing Posterior Samples:  95%|█████████▌| 1458/1532 [01:42<00:01, 38.48step/s]
[Origin 13/13] 🎲 Drawing Posterior Samples:  95%|█████████▌| 1462/1532 [01:42<00:01, 38.45step/s]
[Origin 13/13] 🎲 Drawing Posterior Samples:  96%|█████████▌| 1466/1532 [01:42<00:01, 35.67step/s]
[Origin 13/13] 🎲 Drawing Posterior Samples:  96%|█████████▌| 1470/1532 [01:42<00:01, 36.18step/s]
[Origin 13/13] 🎲 Drawing Posterior Samples:  96%|█████████▋| 1476/1532 [01:42<00:01, 41.24step/s]
[Origin 13/13] 🎲 Drawing Posterior Samples:  97%|█████████▋| 1481/1532 [01:43<00:01, 40.59step/s]
[Origin 13/13] 🎲 Drawing Posterior Samples:  97%|█████████▋| 1486/1532 [01:43<00:01, 36.34step/s]
[Origin 13/13] 🎲 Drawing Posterior Samples:  97%|█████████▋| 1491/1532 [01:43<00:01, 37.66step/s]
[Origin 13/13] 🎲 Drawing Posterior Samples:  98%|█████████▊| 1495/1532 [01:43<00:00, 37.92step/s]
[Origin 13/13] 🎲 Drawing Posterior Samples:  98%|█████████▊| 1499/1532 [01:44<00:01, 17.02step/s]
[Origin 13/13] 🎲 Drawing Posterior Samples:  98%|█████████▊| 1502/1532 [01:44<00:02, 11.23step/s]
[Origin 13/13] 🎲 Drawing Posterior Samples:  98%|█████████▊| 1505/1532 [01:45<00:03,  8.52step/s]
[Origin 13/13] 🎲 Drawing Posterior Samples:  98%|█████████▊| 1507/1532 [01:45<00:03,  7.64step/s]
[Origin 13/13] 🎲 Drawing Posterior Samples:  98%|█████████▊| 1509/1532 [01:45<00:03,  6.99step/s]
[Origin 13/13] 🎲 Drawing Posterior Samples:  99%|█████████▊| 1511/1532 [01:46<00:03,  6.72step/s]
[Origin 13/13] 🎲 Drawing Posterior Samples:  99%|█████████▊| 1512/1532 [01:46<00:03,  6.58step/s]
[Origin 13/13] 🎲 Drawing Posterior Samples:  99%|█████████▉| 1513/1532 [01:46<00:02,  6.53step/s]
[Origin 13/13] 🎲 Drawing Posterior Samples:  99%|█████████▉| 1514/1532 [01:46<00:02,  6.55step/s]
[Origin 13/13] 🎲 Drawing Posterior Samples:  99%|█████████▉| 1515/1532 [01:46<00:02,  6.15step/s]
[Origin 13/13] 🎲 Drawing Posterior Samples:  99%|█████████▉| 1516/1532 [01:47<00:02,  6.09step/s]
[Origin 13/13] 🎲 Drawing Posterior Samples:  99%|█████████▉| 1517/1532 [01:47<00:02,  6.18step/s]
[Origin 13/13] 🎲 Drawing Posterior Samples:  99%|█████████▉| 1518/1532 [01:47<00:02,  6.27step/s]
[Origin 13/13] 🎲 Drawing Posterior Samples:  99%|█████████▉| 1519/1532 [01:47<00:02,  6.16step/s]
[Origin 13/13] 🎲 Drawing Posterior Samples:  99%|█████████▉| 1520/1532 [01:47<00:02,  5.89step/s]
[Origin 13/13] 🎲 Drawing Posterior Samples:  99%|█████████▉| 1521/1532 [01:48<00:01,  5.89step/s]
[Origin 13/13] 🎲 Drawing Posterior Samples:  99%|█████████▉| 1522/1532 [01:48<00:01,  5.72step/s]
[Origin 13/13] 🎲 Drawing Posterior Samples:  99%|█████████▉| 1523/1532 [01:48<00:01,  5.58step/s]
[Origin 13/13] 🎲 Drawing Posterior Samples:  99%|█████████▉| 1524/1532 [01:48<00:01,  5.81step/s]
[Origin 13/13] 🎲 Drawing Posterior Samples: 100%|█████████▉| 1525/1532 [01:48<00:01,  5.57step/s]
[Origin 13/13] 🎲 Drawing Posterior Samples: 100%|█████████▉| 1526/1532 [01:48<00:01,  5.83step/s]
[Origin 13/13] 🎲 Drawing Posterior Samples: 100%|█████████▉| 1527/1532 [01:49<00:00,  5.74step/s]
[Origin 13/13] 🎲 Drawing Posterior Samples: 100%|█████████▉| 1528/1532 [01:49<00:00,  5.64step/s]
[Origin 13/13] 🎲 Drawing Posterior Samples: 100%|█████████▉| 1529/1532 [01:49<00:00,  5.47step/s]
[Origin 13/13] 🎲 Drawing Posterior Samples: 100%|█████████▉| 1530/1532 [01:49<00:00,  5.67step/s]
[Origin 13/13] 🎲 Drawing Posterior Samples: 100%|█████████▉| 1531/1532 [01:49<00:00,  5.76step/s]
[Origin 13/13] 🎲 Drawing Posterior Samples: 100%|██████████| 1532/1532 [01:49<00:00,  5.94step/s]
                                                                                                  
wandb: WARNING Saving files without folders. If you want to preserve subdirectories pass base_path to wandb.save, i.e. wandb.save("/mnt/folder/file.h5", base_path="/mnt")
wandb: - 0.136 MB of 0.136 MB uploaded
wandb: \ 0.153 MB of 0.153 MB uploaded
wandb: | 0.153 MB of 0.153 MB uploaded
wandb:                                                                                
wandb: 
wandb: Run history:
wandb:            month-wise/by_ns_best/Brier_cls_sample █▅▆▅▆▅▃▃▄▃▅▅▆▆▆▃▃▂▅▃▄▄▄▆▆▅▁▃▃▃▁▂▃▅▃▂▃▁▂▂
wandb:       month-wise/by_ns_best/Brier_cls_sample_mean ▁
wandb:            month-wise/by_os_best/Brier_cls_sample ▂▃▂▃▃▃▂▁▃▅▆▄▃▅▆▆▄▁▂▅▅▇▅▇█▄▄▅▅▆▆▃▆▆▅▇▂▂▄▆
wandb:       month-wise/by_os_best/Brier_cls_sample_mean ▁
wandb:            month-wise/by_sb_best/Brier_cls_sample ▄▂▃▅▂▃▁▂▁▂▂▃▂▃▄▅▃▄▃▂▄▅▅▆█▃▄▆▃▆▇▄▆▇█▆▇▆▇█
wandb:       month-wise/by_sb_best/Brier_cls_sample_mean ▁
wandb:                        month-wise/lr_ns_best/CRPS ▅█▇▃▂▃▂▃▅▅▄▃▄▂▂▁▂▂▄▃▂▁▂▂▃▂▁▂▂▁▂▁▁▃▂▁▂▁▂▁
wandb:                   month-wise/lr_ns_best/CRPS_mean ▁
wandb:                  month-wise/lr_ns_best/MCR_sample ▄▂▁▃▃▂▄▂▁▁▁▂▁▃▃▆▃▄▁▂▄▅▃▃▂▃█▄▄▆▃▆▅▂▃▆▃█▄▅
wandb:             month-wise/lr_ns_best/MCR_sample_mean ▁
wandb:                   month-wise/lr_ns_best/QS_sample ▅██▃▂▃▂▃▅▅▅▃▄▂▂▁▂▂▄▃▂▁▂▂▃▂▁▂▂▁▂▁▁▃▂▁▂▁▂▁
wandb:              month-wise/lr_ns_best/QS_sample_mean ▁
wandb:                        month-wise/lr_os_best/CRPS ▁▁▁▁▂▁▁▁▁▁▂▁▁▁▂▁▁▁▁▃▂▂▂▂▂▂▂▁▂█▅▄▅▆▂▂▂▂▁▄
wandb:                   month-wise/lr_os_best/CRPS_mean ▁
wandb:                  month-wise/lr_os_best/MCR_sample ▄█▆▅▃▄▃▄▃▃▂▃▃▂▂▂▃▃▃▁▂▂▂▂▂▂▂▂▂▁▁▁▁▁▂▂▂▂▂▁
wandb:             month-wise/lr_os_best/MCR_sample_mean ▁
wandb:                   month-wise/lr_os_best/QS_sample ▁▁▁▁▂▁▁▁▁▁▂▁▁▁▂▁▁▁▁▃▂▂▂▂▂▂▂▁▂█▅▄▅▆▂▂▂▂▁▄
wandb:              month-wise/lr_os_best/QS_sample_mean ▁
wandb:                        month-wise/lr_sb_best/CRPS ▁▁▁▁▁▁▁▁▁▁▁▁▁▁▁▁▁▁▁▁▁▁▁▁▁▁▁▁▁▁▁▁▁▁▁▁▁▁▁█
wandb:                   month-wise/lr_sb_best/CRPS_mean ▁
wandb:                  month-wise/lr_sb_best/MCR_sample ▇█▇▆▇▄█▅▇▃▅▃▃▃▂▂▂▃▂▂▂▂▂▂▂▃▂▃▂▂▂▁▂▁▂▂▂▂▁▁
wandb:             month-wise/lr_sb_best/MCR_sample_mean ▁
wandb:                   month-wise/lr_sb_best/QS_sample ▁▁▁▁▁▁▁▁▁▁▁▁▁▁▁▁▁▁▁▁▁▁▁▁▁▁▁▁▁▁▁▁▁▁▁▁▁▁▁█
wandb:              month-wise/lr_sb_best/QS_sample_mean ▁
wandb:                                  month-wise/month ▂▃▆▇█▃▄▅▆▇▇▂▃▄▄▅▆▇▇█▃▄▄▅▅▆▁▂▃▃▇▇▇▇█▄▄▄▅▆
wandb:             step-wise/by_ns_best/Brier_cls_sample ▇████▇▇▆▆▇▆▇▇▆▆▆▆▇▇▆▆▆▆▆▅▅▄▅▄▃▂▂▂▁▁▁
wandb:        step-wise/by_ns_best/Brier_cls_sample_mean ▁
wandb:             step-wise/by_os_best/Brier_cls_sample ▁▂▃▃▄▄▄▄▄▄▅▄▄▄▄▅▅▅▅▅▅▆▇▇██▇█▇▇▇▇▆▆▆▆
wandb:        step-wise/by_os_best/Brier_cls_sample_mean ▁
wandb:             step-wise/by_sb_best/Brier_cls_sample ▁▁▂▂▂▂▂▂▂▂▂▃▃▃▄▄▅▅▅▅▅▅▅▅▆▆▆▆▆▆▆▇▇▇██
wandb:        step-wise/by_sb_best/Brier_cls_sample_mean ▁
wandb:                         step-wise/lr_ns_best/CRPS ██▇▆▆▆▅▅▅▅▅▄▃▃▂▂▂▂▂▂▂▂▂▂▂▂▂▂▂▁▁▁▁▁▁▁
wandb:                    step-wise/lr_ns_best/CRPS_mean ▁
wandb:                   step-wise/lr_ns_best/MCR_sample ▅▁▁▁▂▂▂▂▂▂▂▃▄▅▅▅▄▄▄▅▅▄▆▆▆▅▅▆▆▇▇▇████
wandb:              step-wise/lr_ns_best/MCR_sample_mean ▁
wandb:                    step-wise/lr_ns_best/QS_sample ▇█▇▆▆▆▅▅▅▅▅▄▃▃▃▂▂▂▂▂▂▂▂▁▂▂▂▂▂▁▁▁▁▁▁▁
wandb:               step-wise/lr_ns_best/QS_sample_mean ▁
wandb:                         step-wise/lr_os_best/CRPS ▁▁▁▁▁▁▁▁▁▁▁▂▁▁▁▁▂▂▂▂▂▂▄▅▅▆▇████████▇
wandb:                    step-wise/lr_os_best/CRPS_mean ▁
wandb:                   step-wise/lr_os_best/MCR_sample █▅▄▃▃▃▃▂▃▂▃▂▃▃▂▂▂▂▂▂▂▂▂▁▁▁▁▁▁▁▁▁▁▁▁▁
wandb:              step-wise/lr_os_best/MCR_sample_mean ▁
wandb:                    step-wise/lr_os_best/QS_sample ▁▁▁▁▁▁▁▁▁▁▂▂▁▁▁▂▂▂▂▂▂▂▄▅▅▆▇████████▇
wandb:               step-wise/lr_os_best/QS_sample_mean ▁
wandb:                         step-wise/lr_sb_best/CRPS ▁▁▁▁▁▁▁▁▁▁▁▁▁▁▁▁▁▁▁▁▁▁▁▁▁▁▁▁▁▂▂▂▂▂▂█
wandb:                    step-wise/lr_sb_best/CRPS_mean ▁
wandb:                   step-wise/lr_sb_best/MCR_sample █▆▅▄▃▂▂▂▂▂▂▂▂▂▂▂▁▂▂▂▂▂▂▂▂▂▂▂▂▂▁▁▂▁▁▁
wandb:              step-wise/lr_sb_best/MCR_sample_mean ▁
wandb:                    step-wise/lr_sb_best/QS_sample ▁▁▁▁▁▁▁▁▁▁▁▁▁▁▁▁▁▁▁▁▁▁▁▁▁▁▁▁▁▂▂▂▂▂▂█
wandb:               step-wise/lr_sb_best/QS_sample_mean ▁
wandb:                                    step-wise/step ▁▁▂▄▅█▂▂▂▄▅▆▆▇█▂▃▄▅▆▂▆▆▇█▁▃▄▄▅▇██▃▄▅▅▆▆█
wandb:      time-series-wise/by_ns_best/Brier_cls_sample █▆▅▅▅▄▃▃▃▂▂▁▁
wandb: time-series-wise/by_ns_best/Brier_cls_sample_mean ▁
wandb:      time-series-wise/by_os_best/Brier_cls_sample ▁▂▂▄▅▆▆████▇█
wandb: time-series-wise/by_os_best/Brier_cls_sample_mean ▁
wandb:      time-series-wise/by_sb_best/Brier_cls_sample ▁▁▂▂▂▃▄▄▅▅▆▇█
wandb: time-series-wise/by_sb_best/Brier_cls_sample_mean ▁
wandb:                  time-series-wise/lr_ns_best/CRPS █▇▆▅▅▅▄▄▄▃▃▂▁
wandb:             time-series-wise/lr_ns_best/CRPS_mean ▁
wandb:            time-series-wise/lr_ns_best/MCR_sample ▁▃▃▃▄▅▆▅▅▅▅▆█
wandb:       time-series-wise/lr_ns_best/MCR_sample_mean ▁
wandb:             time-series-wise/lr_ns_best/QS_sample █▇▆▅▅▅▄▄▄▃▃▂▁
wandb:        time-series-wise/lr_ns_best/QS_sample_mean ▁
wandb:                  time-series-wise/lr_os_best/CRPS ▁▂▃▅▆▆▇▇▇▇▇██
wandb:             time-series-wise/lr_os_best/CRPS_mean ▁
wandb:            time-series-wise/lr_os_best/MCR_sample █▇▆▅▃▂▇▃▁▄▂▂▂
wandb:       time-series-wise/lr_os_best/MCR_sample_mean ▁
wandb:             time-series-wise/lr_os_best/QS_sample ▁▂▃▅▆▆▇▇▇▇▇██
wandb:        time-series-wise/lr_os_best/QS_sample_mean ▁
wandb:                  time-series-wise/lr_sb_best/CRPS ▁▁▁▁▁▁▁▁▁▁▁▂█
wandb:             time-series-wise/lr_sb_best/CRPS_mean ▁
wandb:            time-series-wise/lr_sb_best/MCR_sample █▆▅▅▆▄▇▅▄▄▄▃▁
wandb:       time-series-wise/lr_sb_best/MCR_sample_mean ▁
wandb:             time-series-wise/lr_sb_best/QS_sample ▁▁▁▁▁▁▁▁▁▁▁▂█
wandb:        time-series-wise/lr_sb_best/QS_sample_mean ▁
wandb:                      time-series-wise/time-series ▁▃▄▅▆███▂▂▅██▁▃▄▅▆▇██▂▂▃▄▇▇██▁▃▅▆▆▇▃▄▅▇█
wandb: 
wandb: Run summary:
wandb:            month-wise/by_ns_best/Brier_cls_sample 0.00221
wandb:       month-wise/by_ns_best/Brier_cls_sample_mean 0.00297
wandb:            month-wise/by_os_best/Brier_cls_sample 0.00509
wandb:       month-wise/by_os_best/Brier_cls_sample_mean 0.00454
wandb:            month-wise/by_sb_best/Brier_cls_sample 0.01139
wandb:       month-wise/by_sb_best/Brier_cls_sample_mean 0.00889
wandb:                        month-wise/lr_ns_best/CRPS 0.02154
wandb:                   month-wise/lr_ns_best/CRPS_mean 0.04689
wandb:                  month-wise/lr_ns_best/MCR_sample 0.48227
wandb:             month-wise/lr_ns_best/MCR_sample_mean 0.31731
wandb:                   month-wise/lr_ns_best/QS_sample 0.02145
wandb:              month-wise/lr_ns_best/QS_sample_mean 0.04634
wandb:                        month-wise/lr_os_best/CRPS 0.08855
wandb:                   month-wise/lr_os_best/CRPS_mean 0.04384
wandb:                  month-wise/lr_os_best/MCR_sample 0.04814
wandb:             month-wise/lr_os_best/MCR_sample_mean 0.19989
wandb:                   month-wise/lr_os_best/QS_sample 0.0877
wandb:              month-wise/lr_os_best/QS_sample_mean 0.04344
wandb:                        month-wise/lr_sb_best/CRPS 8.80164
wandb:                   month-wise/lr_sb_best/CRPS_mean 0.33503
wandb:                  month-wise/lr_sb_best/MCR_sample 0.00101
wandb:             month-wise/lr_sb_best/MCR_sample_mean 0.23752
wandb:                   month-wise/lr_sb_best/QS_sample 8.71326
wandb:              month-wise/lr_sb_best/QS_sample_mean 0.32959
wandb:                                  month-wise/month 504
wandb:             step-wise/by_ns_best/Brier_cls_sample 0.0023
wandb:        step-wise/by_ns_best/Brier_cls_sample_mean 0.00298
wandb:             step-wise/by_os_best/Brier_cls_sample 0.00476
wandb:        step-wise/by_os_best/Brier_cls_sample_mean 0.00464
wandb:             step-wise/by_sb_best/Brier_cls_sample 0.01036
wandb:        step-wise/by_sb_best/Brier_cls_sample_mean 0.00876
wandb:                         step-wise/lr_ns_best/CRPS 0.02798
wandb:                    step-wise/lr_ns_best/CRPS_mean 0.04398
wandb:                   step-wise/lr_ns_best/MCR_sample 0.39255
wandb:              step-wise/lr_ns_best/MCR_sample_mean 0.26473
wandb:                    step-wise/lr_ns_best/QS_sample 0.02827
wandb:               step-wise/lr_ns_best/QS_sample_mean 0.04372
wandb:                         step-wise/lr_os_best/CRPS 0.06741
wandb:                    step-wise/lr_os_best/CRPS_mean 0.04537
wandb:                   step-wise/lr_os_best/MCR_sample 0.05978
wandb:              step-wise/lr_os_best/MCR_sample_mean 0.13909
wandb:                    step-wise/lr_os_best/QS_sample 0.06686
wandb:               step-wise/lr_os_best/QS_sample_mean 0.04499
wandb:                         step-wise/lr_sb_best/CRPS 0.87526
wandb:                    step-wise/lr_sb_best/CRPS_mean 0.15963
wandb:                   step-wise/lr_sb_best/MCR_sample 0.01584
wandb:              step-wise/lr_sb_best/MCR_sample_mean 0.17666
wandb:                    step-wise/lr_sb_best/QS_sample 0.86528
wandb:               step-wise/lr_sb_best/QS_sample_mean 0.15624
wandb:                                    step-wise/step 36
wandb:      time-series-wise/by_ns_best/Brier_cls_sample 0.00283
wandb: time-series-wise/by_ns_best/Brier_cls_sample_mean 0.00298
wandb:      time-series-wise/by_os_best/Brier_cls_sample 0.00471
wandb: time-series-wise/by_os_best/Brier_cls_sample_mean 0.00464
wandb:      time-series-wise/by_sb_best/Brier_cls_sample 0.00928
wandb: time-series-wise/by_sb_best/Brier_cls_sample_mean 0.00876
wandb:                  time-series-wise/lr_ns_best/CRPS 0.03485
wandb:             time-series-wise/lr_ns_best/CRPS_mean 0.04398
wandb:            time-series-wise/lr_ns_best/MCR_sample 0.29169
wandb:       time-series-wise/lr_ns_best/MCR_sample_mean 0.24295
wandb:             time-series-wise/lr_ns_best/QS_sample 0.035
wandb:        time-series-wise/lr_ns_best/QS_sample_mean 0.04372
wandb:                  time-series-wise/lr_os_best/CRPS 0.04979
wandb:             time-series-wise/lr_os_best/CRPS_mean 0.04537
wandb:            time-series-wise/lr_os_best/MCR_sample 0.10259
wandb:       time-series-wise/lr_os_best/MCR_sample_mean 0.11557
wandb:             time-series-wise/lr_os_best/QS_sample 0.04937
wandb:        time-series-wise/lr_os_best/QS_sample_mean 0.04499
wandb:                  time-series-wise/lr_sb_best/CRPS 0.39731
wandb:             time-series-wise/lr_sb_best/CRPS_mean 0.15963
wandb:            time-series-wise/lr_sb_best/MCR_sample 0.05725
wandb:       time-series-wise/lr_sb_best/MCR_sample_mean 0.1648
wandb:             time-series-wise/lr_sb_best/QS_sample 0.39166
wandb:        time-series-wise/lr_sb_best/QS_sample_mean 0.15624
wandb:                      time-series-wise/time-series 12
wandb: 
wandb: 🚀 View run cerulean-glade-24 at: https://wandb.ai/views_pipeline/truncated_smoke_calibration/runs/17x5ofc6
wandb: ⭐️ View project at: https://wandb.ai/views_pipeline/truncated_smoke_calibration
wandb: Synced 5 W&B file(s), 0 media file(s), 36 artifact file(s) and 36 other file(s)
wandb: Find logs at: ./wandb/run-20260815_180157-17x5ofc6/logs
