[31m [0m[35m [0m[34m [0m[35m [0m[35m [0m[31m [0m[34m [0m[36m.[0m[34m [0m[32m [0m[34m [0m[35m [0m[36m [0m[33m [0m[31m [0m[32m [0m[34m [0m[31m [0m[36m [0m[31m [0m[36m [0m[34m [0m[35m [0m[33m [0m[36m [0m[35m [0m[34m [0m[31m [0m[36m [0m[35m [0m[36m [0m[32m [0m[33m [0m[31m [0m[32m [0m[33m.[0m[36m-[0m[33m.[0m[35m [0m[32m [0m[35m [0m[31m [0m[36m [0m[35m [0m[34m [0m[35m [0m[34m [0m[35m [0m[34m [0m[34m [0m[34m [0m[32m.[0m[34m [0m[35m [0m[32m [0m[31m [0m[36m [0m[36m [0m[35m.[0m[33m [0m[33m [0m[33m [0m[34m [0m[31m [0m[33m [0m[32m [0m[32m [0m[33m [0m[35m [0m[33m [0m[33m [0m[33m [0m[35m [0m[34m [0m[34m [0m[35m [0m[33m [0m[34m [0m[36m [0m[32m [0m[32m [0m[36m [0m[32m [0m[31m [0m[32m [0m[31m [0m[32m [0m[33m [0m[36m [0m[35m [0m[33m [0m[35m [0m[34m [0m[34m [0m[33m [0m[33m [0m[36m [0m[34m [0m[34m [0m[32m [0m[34m [0m[32m [0m[35m.[0m[33m-[0m[31m.[0m[34m [0m[33m [0m[34m [0m[33m [0m[32m [0m[36m [0m[35m [0m[34m [0m[35m [0m[31m [0m[36m [0m[35m [0m[36m [0m[35m [0m[36m [0m[31m [0m[32m [0m[31m [0m[31m [0m[36m [0m[35m [0m[31m [0m[31m [0m[35m [0m[35m [0m[35m [0m[35m [0m[31m [0m[34m [0m[35m [0m[34m [0m[35m [0m[32m [0m[33m [0m[36m [0m[33m [0m[34m [0m[33m [0m[35m [0m[32m [0m[32m [0m[33m [0m[34m [0m[33m [0m[33m [0m[35m [0m[36m [0m[34m [0m[36m [0m[31m [0m[35m [0m[36m [0m[31m [0m[31m [0m[31m [0m[32m [0m[32m [0m[36m [0m[35m [0m[34m [0m[35m [0m[36m [0m[34m [0m[33m [0m[32m [0m[32m [0m[32m [0m[35m [0m[32m [0m[33m [0m[31m [0m[31m [0m[35m [0m[32m [0m[31m
[0m[35m [0m[36m [0m[33m [0m[36m [0m[31m [0m[33m [0m[32m/[0m[34m [0m[35m [0m[34m [0m[36m [0m[34m [0m[31m [0m[31m [0m[31m [0m[36m [0m[31m [0m[33m [0m[32m [0m[34m [0m[33m [0m[31m [0m[31m [0m[33m [0m[31m [0m[35m [0m[36m [0m[31m [0m[35m [0m[31m [0m[31m [0m[31m [0m[31m [0m[31m [0m[31m/[0m[32m [0m[33m-[0m[31m'[0m[34m [0m[31m [0m[32m [0m[35m [0m[35m [0m[35m [0m[34m [0m[35m [0m[36m [0m[34m [0m[36m [0m[31m [0m[33m/[0m[33m [0m[35m [0m[31m [0m[34m [0m[33m [0m[31m [0m[34m/[0m[36m [0m[33m [0m[32m [0m[35m [0m[35m [0m[33m [0m[32m [0m[35m [0m[36m [0m[35m [0m[32m [0m[35m [0m[36m [0m[35m [0m[32m [0m[36m [0m[31m [0m[34m [0m[35m [0m[34m [0m[35m [0m[34m [0m[34m [0m[36m [0m[36m [0m[33m [0m[35m [0m[32m [0m[33m [0m[31m [0m[33m [0m[32m [0m[33m [0m[31m [0m[36m [0m[36m [0m[35m [0m[34m [0m[32m [0m[31m [0m[35m [0m[34m [0m[31m [0m[36m/[0m[33m [0m[32m-[0m[31m'[0m[35m [0m[34m [0m[34m [0m[33m [0m[31m [0m[31m [0m[31m [0m[33m [0m[35m [0m[31m [0m[32m [0m[36m [0m[34m [0m[35m [0m[31m [0m[33m [0m[36m [0m[31m [0m[36m [0m[36m [0m[34m/[0m[34m [0m[36m [0m[36m [0m[33m [0m[36m [0m[31m [0m[33m [0m[32m [0m[34m [0m[33m [0m[32m [0m[33m [0m[31m [0m[35m [0m[34m [0m[35m [0m[33m [0m[35m [0m[32m/[0m[35m [0m[34m [0m[32m [0m[36m [0m[31m [0m[35m [0m[32m [0m[34m [0m[34m/[0m[34m [0m[31m [0m[36m [0m[35m [0m[36m [0m[36m [0m[32m [0m[36m [0m[35m [0m[32m [0m[33m [0m[32m [0m[31m [0m[33m [0m[34m [0m[32m [0m[35m [0m[32m [0m[35m [0m[36m [0m[36m [0m[32m [0m[36m [0m[33m [0m[35m [0m[31m
[0m[36m [0m[31m.[0m[36m-[0m[31m.[0m[31m.[0m[32m/[0m[32m [0m[36m [0m[31m [0m[33m [0m[33m [0m[31m.[0m[35m [0m[32m [0m[32m [0m[36m [0m[36m.[0m[35m-[0m[33m.[0m[31m [0m[33m.[0m[31m [0m[34m [0m[34m.[0m[33m-[0m[33m.[0m[36m [0m[33m [0m[31m [0m[32m [0m[35m [0m[36m [0m[33m-[0m[36m/[0m[31m-[0m[36m-[0m[36m [0m[34m [0m[35m [0m[32m [0m[32m)[0m[32m [0m[34m [0m[32m([0m[36m [0m[32m [0m[31m [0m[36m [0m[31m [0m[33m/[0m[31m [0m[35m [0m[34m [0m[32m [0m[32m [0m[34m [0m[31m/[0m[36m [0m[35m [0m[36m [0m[31m.[0m[34m-[0m[33m.[0m[35m [0m[34m [0m[31m [0m[36m [0m[31m [0m[36m.[0m[31m-[0m[33m.[0m[35m [0m[32m [0m[35m [0m[32m [0m[35m)[0m[35m.[0m[32m-[0m[36m-[0m[36m.[0m[31m [0m[31m [0m[35m.[0m[35m-[0m[34m.[0m[33m_[0m[31m.[0m[34m [0m[34m [0m[32m [0m[32m [0m[34m [0m[35m [0m[35m [0m[32m [0m[34m [0m[36m [0m[32m [0m[33m [0m[33m-[0m[33m/[0m[31m-[0m[34m-[0m[32m [0m[34m [0m[35m [0m[36m [0m[36m.[0m[32m-[0m[32m.[0m[36m_[0m[31m.[0m[34m [0m[35m [0m[36m [0m[31m)[0m[32m.[0m[36m-[0m[34m-[0m[31m.[0m[36m [0m[31m-[0m[31m-[0m[35m-[0m[35m/[0m[31m-[0m[35m-[0m[32m-[0m[36m [0m[34m [0m[35m [0m[36m.[0m[36m [0m[36m [0m[34m [0m[34m [0m[36m.[0m[35m-[0m[33m.[0m[36m [0m[32m-[0m[33m-[0m[33m-[0m[31m/[0m[33m-[0m[32m-[0m[32m-[0m[33m [0m[35m [0m[33m [0m[31m [0m[33m [0m[33m/[0m[34m-[0m[35m.[0m[31m [0m[36m [0m[35m [0m[35m [0m[32m)[0m[31m.[0m[34m-[0m[35m-[0m[33m.[0m[34m [0m[31m [0m[36m [0m[36m.[0m[36m-[0m[36m.[0m[35m [0m[34m [0m[35m [0m[31m [0m[33m.[0m[32m-[0m[35m.[0m[33m [0m[34m [0m[34m
[0m[32m([0m[36m [0m[35m [0m[31m [0m[31m/[0m[36m [0m[36m [0m[34m [0m[32m [0m[34m [0m[33m [0m[35m [0m[33m)[0m[35m [0m[35m [0m[33m/[0m[32m [0m[33m [0m[31m [0m[31m [0m[36m [0m[34m)[0m[31m/[0m[36m [0m[32m [0m[36m [0m[36m)[0m[33m [0m[31m [0m[36m [0m[36m [0m[31m [0m[34m/[0m[33m [0m[33m [0m[35m [0m[32m [0m[33m [0m[36m [0m[34m([0m[34m [0m[35m [0m[33m [0m[32m [0m[31m)[0m[35m [0m[34m [0m[32m [0m[31m/[0m[31m [0m[34m [0m[36m [0m[32m [0m[31m [0m[32m [0m[34m/[0m[36m [0m[36m [0m[31m [0m[34m [0m[34m [0m[33m [0m[33m [0m[34m)[0m[36m_[0m[31m [0m[32m.[0m[34m/[0m[36m.[0m[31m-[0m[35m'[0m[35m_[0m[31m [0m[35m [0m[35m/[0m[33m [0m[31m [0m[36m [0m[32m [0m[35m [0m[35m [0m[31m([0m[33m [0m[33m [0m[36m [0m[31m)[0m[31m [0m[33m [0m[34m [0m[32m [0m[35m [0m[35m [0m[33m [0m[35m [0m[31m [0m[36m [0m[32m [0m[32m [0m[33m [0m[32m/[0m[35m [0m[34m [0m[36m [0m[33m [0m[34m [0m[32m [0m[36m([0m[36m [0m[35m [0m[34m [0m[35m)[0m[35m [0m[33m [0m[34m [0m[32m/[0m[36m [0m[32m [0m[35m [0m[33m [0m[32m [0m[35m [0m[36m [0m[34m [0m[32m/[0m[31m [0m[32m [0m[33m [0m[31m [0m[33m [0m[31m [0m[32m [0m[34m [0m[31m)[0m[36m [0m[31m [0m[35m/[0m[36m [0m[34m [0m[35m [0m[36m [0m[35m [0m[32m [0m[36m/[0m[35m [0m[33m [0m[34m [0m[32m [0m[36m [0m[34m [0m[31m [0m[33m [0m[34m/[0m[33m [0m[33m [0m[36m [0m[34m|[0m[32m [0m[35m [0m[31m/[0m[32m [0m[33m [0m[32m [0m[32m [0m[35m [0m[33m [0m[32m.[0m[34m/[0m[34m.[0m[36m-[0m[33m'[0m[35m_[0m[31m [0m[33m.[0m[35m/[0m[34m.[0m[35m-[0m[33m'[0m[31m_[0m[31m [0m[34m
[0m[34m [0m[35m`[0m[35m-[0m[31m'[0m[34m-[0m[35m.[0m[34m.[0m[33m [0m[33m [0m[34m [0m[33m [0m[33m([0m[33m_[0m[35m.[0m[34m'[0m[32m [0m[31m [0m[34m [0m[33m [0m[34m [0m[32m'[0m[32m/[0m[31m [0m[34m [0m[36m [0m[34m([0m[36m [0m[33m [0m[34m [0m[31m`[0m[33m.[0m[35m'[0m[34m [0m[34m [0m[34m [0m[34m [0m[31m [0m[34m [0m[34m [0m[35m [0m[33m`[0m[33m-[0m[32m-[0m[34m'[0m[31m:[0m[31m [0m[31m_[0m[33m/[0m[32m_[0m[33m.[0m[34m-[0m[32m [0m[34m [0m[36m_[0m[32m/[0m[34m_[0m[33m.[0m[31m-[0m[35m [0m[31m [0m[36m([0m[33m [0m[34m [0m[33m [0m[36m)[0m[35m [0m[32m([0m[31m_[0m[36m_[0m[35m.[0m[32m'[0m[36m [0m[33m [0m[36m/[0m[33m [0m[31m [0m[35m [0m[33m [0m[33m [0m[35m [0m[33m [0m[34m [0m[33m`[0m[36m-[0m[34m'[0m[31m [0m[36m [0m[34m [0m[34m.[0m[32m_[0m[35m_[0m[35m_[0m[34m_[0m[31m_[0m[36m.[0m[35m [0m[31m`[0m[36m.[0m[36m'[0m[34m [0m[36m [0m[31m [0m[31m [0m[31m [0m[31m [0m[36m [0m[35m [0m[35m`[0m[36m-[0m[32m'[0m[34m [0m[34m [0m[34m [0m[34m/[0m[36m [0m[36m [0m[36m [0m[36m [0m[36m [0m[33m [0m[34m [0m[35m [0m[32m/[0m[36m [0m[31m [0m[35m [0m[33m [0m[36m [0m[32m [0m[32m [0m[34m [0m[33m([0m[31m_[0m[33m.[0m[35m'[0m[33m [0m[34m [0m[31m [0m[32m [0m[32m [0m[31m [0m[31m/[0m[32m [0m[31m [0m[33m [0m[35m [0m[35m [0m[35m [0m[35m_[0m[36m.[0m[35m'[0m[31m [0m[31m [0m[31m [0m[35m [0m[36m|[0m[33m [0m[33m/[0m[31m [0m[35m [0m[32m [0m[32m [0m[33m [0m[34m [0m[31m [0m[34m([0m[36m_[0m[33m_[0m[33m.[0m[35m'[0m[34m [0m[32m [0m[31m([0m[31m_[0m[32m_[0m[34m.[0m[35m'[0m[32m [0m[36m [0m[36m
[0m[33m [0m[31m [0m[35m [0m[33m [0m[31m [0m[36m [0m[32m [0m[32m [0m[32m [0m[34m.[0m[32m.[0m[34m-[0m[34m.[0m[36m_[0m[33m)[0m[34m [0m[33m [0m[36m [0m[31m [0m[34m [0m[35m [0m[36m [0m[33m [0m[36m [0m[35m [0m[32m [0m[34m`[0m[31m-[0m[33m [0m[34m [0m[33m [0m[32m [0m[33m [0m[33m [0m[34m [0m[34m [0m[36m [0m[33m [0m[31m [0m[34m [0m[32m [0m[34m [0m[33m [0m[32m [0m[35m [0m[31m [0m[31m [0m[32m [0m[32m [0m[35m [0m[36m [0m[32m [0m[35m [0m[32m [0m[36m [0m[33m [0m[35m [0m[36m [0m[32m [0m[31m [0m[35m [0m[35m`[0m[33m-[0m[36m'[0m[31m [0m[33m [0m[36m [0m[31m [0m[36m [0m[35m [0m[36m [0m[36m [0m[36m [0m[34m [0m[34m [0m[32m [0m[31m [0m[36m [0m[32m [0m[34m [0m[32m [0m[31m [0m[36m [0m[35m [0m[35m [0m[35m [0m[36m [0m[35m [0m[33m [0m[31m`[0m[32m=[0m[31m=[0m[32m=[0m[35m'[0m[35m [0m[31m [0m[36m [0m[36m [0m[35m [0m[33m [0m[34m [0m[32m [0m[33m [0m[36m [0m[32m [0m[35m [0m[32m [0m[34m [0m[32m [0m[32m [0m[35m [0m[35m [0m[33m [0m[32m [0m[36m [0m[33m [0m[31m [0m[36m [0m[33m [0m[36m [0m[32m [0m[36m [0m[34m [0m[32m [0m[32m [0m[32m [0m[34m [0m[36m [0m[32m [0m[35m.[0m[34m.[0m[36m-[0m[36m.[0m[33m_[0m[31m)[0m[34m [0m[34m [0m[31m [0m[35m [0m[32m [0m[35m [0m[34m [0m[33m [0m[36m [0m[34m [0m[31m [0m[32m [0m[31m [0m[34m [0m[31m [0m[31m [0m[33m [0m[34m [0m[36m [0m[34m [0m[35m [0m[34m [0m[35m [0m[31m [0m[36m [0m[33m [0m[33m [0m[35m [0m[36m [0m[33m [0m[32m [0m[35m [0m[36m [0m[36m [0m[32m [0m[36m [0m[36m [0m[35m [0m[31m [0m[36m [0m[33m [0m[32m [0m[32m [0m[32m [0m[35m
[0m[34m[0m[31mv[0m[34mi[0m[31me[0m[33mw[0m[35ms[0m[36m-[0m[34mp[0m[32mi[0m[35mp[0m[35me[0m[32ml[0m[31mi[0m[33mn[0m[32me[0m[36m-[0m[36mc[0m[31mo[0m[34mr[0m[32me[0m[35m [0m[33mv[0m[31m3[0m[34m.[0m[35m1[0m[36m.[0m[31m2[0m[33m[0m[36m
[0m
2026-08-25 15:32:16,920 /home/simon/Documents/scripts/views_platform/views-hydranet/views_hydranet/manager/hydranet_manager.py [hydranet_manager.py:175] [1853945] [MainThread] - INFO - 🕒 HydranetManager: Initialized run with timestamp 250826_1532
2026-08-25 15:32:16,921 /home/simon/Documents/scripts/views_platform/views-pipeline-core/views_pipeline_core/modules/validation/core_config_sniffer.py [core_config_sniffer.py:481] [1853945] [MainThread] - WARNING - Model 'dynfullzero_fortythree' uses the legacy deployment_status='shadow'. This is accepted during the ADR-057 transition window and reads as maturity='candidate'. Rename config_deployment.py to config_maturity.py and replace the key. The window closes when views-models reports no configs on the legacy vocabulary; after that this becomes an error.
2026-08-25 15:32:16,921 /home/simon/Documents/scripts/views_platform/views-pipeline-core/views_pipeline_core/modules/validation/core_config_sniffer.py [core_config_sniffer.py:680] [1853945] [MainThread] - INFO - CoreConfigSniffer: Evaluation contract verified — 13 rolling-origin sequence(s), stride=1.
2026-08-25 15:32:16,921 /home/simon/Documents/scripts/views_platform/views-pipeline-core/views_pipeline_core/modules/validation/core_config_sniffer.py [core_config_sniffer.py:684] [1853945] [MainThread] - INFO -   Seq   0: origin 456, months 457..492
2026-08-25 15:32:16,921 /home/simon/Documents/scripts/views_platform/views-pipeline-core/views_pipeline_core/modules/validation/core_config_sniffer.py [core_config_sniffer.py:690] [1853945] [MainThread] - INFO -   Seq  12: origin 468, months 469..504
2026-08-25 15:32:16,921 /home/simon/Documents/scripts/views_platform/views-pipeline-core/views_pipeline_core/modules/validation/core_config_sniffer.py [core_config_sniffer.py:251] [1853945] [MainThread] - INFO - CoreConfigSniffer: Config audited (run_type='calibration').
2026-08-25 15:32:18,826 /home/simon/Documents/scripts/views_platform/views-pipeline-core/views_pipeline_core/modules/dataloaders/dataloaders.py [dataloaders.py:1071] [1853945] [MainThread] - INFO - Reading saved data from /home/simon/Documents/scripts/views_platform/views-models/models/dynfullzero_fortythree/data/raw/calibration_datafactory_df.parquet
2026-08-25 15:32:18,884 /home/simon/Documents/scripts/views_platform/views-pipeline-core/views_pipeline_core/modules/validation/core_data_sniffer.py [core_data_sniffer.py:130] [1853945] [MainThread] - INFO - CoreDataSniffer: Loaded data audited (partition='calibration', level='pgm').
2026-08-25 15:32:18,884 /home/simon/Documents/scripts/views_platform/views-pipeline-core/views_pipeline_core/modules/wandb/wandb.py [wandb.py:254] [1853945] [MainThread] - INFO - WandB alert sent: Queryset Fetch Complete (calibration)
2026-08-25 15:32:20,191 /home/simon/Documents/scripts/views_platform/views-pipeline-core/views_pipeline_core/managers/model/model.py [model.py:1414] [1853945] [MainThread] - INFO - Evaluating model dynfullzero_fortythree...
2026-08-25 15:32:20,191 /home/simon/Documents/scripts/views_platform/views-pipeline-core/views_pipeline_core/managers/model/model.py [model.py:1424] [1853945] [MainThread] - INFO - Declared temporal window: base_origin=456, step 1 → month 457, step 36 → month 492 (36 steps total). Model inference starting.
2026-08-25 15:32:20,191 /home/simon/Documents/scripts/views_platform/views-pipeline-core/views_pipeline_core/data/model_path.py [model_path.py:795] [1853945] [MainThread] - INFO - Artifact used (named): /home/simon/Documents/scripts/views_platform/views-models/models/dynfullzero_fortythree/artifacts/calibration_model_20260825_151803.pt
2026-08-25 15:32:20,191 /home/simon/Documents/scripts/views_platform/views-pipeline-core/views_pipeline_core/data/model_path.py [model_path.py:766] [1853945] [MainThread] - INFO - Artifact used: /home/simon/Documents/scripts/views_platform/views-models/models/dynfullzero_fortythree/artifacts/calibration_model_20260825_151803.pt
2026-08-25 15:32:20,191 /home/simon/Documents/scripts/views_platform/views-hydranet/views_hydranet/utils/model_artifact_fetcher.py [model_artifact_fetcher.py:61] [1853945] [MainThread] - INFO - Retriever: Using specific model artifact: calibration_model_20260825_151803.pt
2026-08-25 15:32:20,194 /home/simon/Documents/scripts/views_platform/views-hydranet/views_hydranet/utils/model_artifact_fetcher.py [model_artifact_fetcher.py:98] [1853945] [MainThread] - INFO - Retriever: SHA-256 verified for calibration_model_20260825_151803.pt
2026-08-25 15:32:20,216 /home/simon/Documents/scripts/views_platform/views-hydranet/views_hydranet/utils/model_artifact_fetcher.py [model_artifact_fetcher.py:120] [1853945] [MainThread] - INFO - Retriever: Loaded state_dict artifact (weights_only=True)

👾====================================================================================================
  DEVICE REPORT — STANDARD
  --------------------------------------------------------------------------------------------------
  Device:    cuda  (GPU)
  GPU Name:  NVIDIA GeForce RTX 4070 Laptop GPU
  VRAM:      7,942 MiB
  GPU Count: 1
👾====================================================================================================

2026-08-25 15:32:20,280 /home/simon/Documents/scripts/views_platform/views-hydranet/views_hydranet/utils/config_initializer.py [config_initializer.py:432] [1853945] [MainThread] - WARNING - 
╔══════════════════════════════════════════════════════════════╗
║  HydraNetConfig WARNING: aggregate_method is IGNORED         ║
║                                                              ║
║  evaluation_mode='stochastic' preserves the full posterior.  ║
║  The aggregate_method='arithmetic_mean' setting has NO effect.       ║
║                                                              ║
║  To activate aggregation, set evaluation_mode='point'.       ║
╚══════════════════════════════════════════════════════════════╝
2026-08-25 15:32:20,282 /home/simon/Documents/scripts/views_platform/views-hydranet/views_hydranet/infrastructure/reproducibility_gate.py [reproducibility_gate.py:82] [1853945] [MainThread] - INFO - Entropy locked: numpy/random seed=43, torch seed=43, deterministic_algorithms=True
2026-08-25 15:32:20,282 /home/simon/Documents/scripts/views_platform/views-hydranet/views_hydranet/utils/disk_guard.py [disk_guard.py:52] [1853945] [MainThread] - INFO - disk-headroom check: 94.3 GB free at '.' (budget 10.0 GB)
2026-08-25 15:32:20,282 /home/simon/Documents/scripts/views_platform/views-hydranet/views_hydranet/manager/hydranet_manager.py [hydranet_manager.py:190] [1853945] [MainThread] - INFO - 🛡️  Running Pre-Flight Validation...
2026-08-25 15:32:20,282 /home/simon/Documents/scripts/views_platform/views-hydranet/views_hydranet/manager/hydranet_manager.py [hydranet_manager.py:205] [1853945] [MainThread] - INFO - ✅ Architecture: Head Count Aligned (3+3)
2026-08-25 15:32:20,282 /home/simon/Documents/scripts/views_platform/views-hydranet/views_hydranet/utils/data_fetcher.py [data_fetcher.py:58] [1853945] [MainThread] - INFO - DataFetcher: Loading calibration from /home/simon/Documents/scripts/views_platform/views-models/models/dynfullzero_fortythree/data/raw/calibration_datafactory_df.parquet

👾====================================================================================================
  DATA LOAD COMPLETE: CALIBRATION
  --------------------------------------------------------------------------------------------------
  Source Path: /home/simon/Documents/scripts/views_platform/views-models/models/dynfullzero_fortythree/data/raw/calibration_datafactory_df.parquet
  Rows Loaded: 5,034,240
  Columns:     ['lr_sb_best', 'lr_ns_best', 'lr_os_best', 'c_id', 'row', 'col']
👾====================================================================================================

2026-08-25 15:32:20,841 /home/simon/Documents/scripts/views_platform/views-hydranet/views_hydranet/utils/data_sniffer.py [data_sniffer.py:51] [1853945] [MainThread] - INFO - DataSniffer: Starting Ingestion Suite (Raw Space)
2026-08-25 15:32:21,160 /home/simon/Documents/scripts/views_platform/views-hydranet/views_hydranet/utils/data_sniffer.py [data_sniffer.py:59] [1853945] [MainThread] - INFO - DataSniffer: Ingestion Suite Passed.
2026-08-25 15:32:21,671 /home/simon/Documents/scripts/views_platform/views-hydranet/views_hydranet/utils/feature_scaler.py [feature_scaler.py:99] [1853945] [MainThread] - INFO - 💫 FeatureScaler: Entering Semantic Space (3 features to transform)
2026-08-25 15:32:21,671 /home/simon/Documents/scripts/views_platform/views-hydranet/views_hydranet/utils/feature_scaler.py [feature_scaler.py:108] [1853945] [MainThread] - INFO -   → Applying [log1p] to 3 features
2026-08-25 15:32:21,888 /home/simon/Documents/scripts/views_platform/views-hydranet/views_hydranet/utils/feature_scaler.py [feature_scaler.py:153] [1853945] [MainThread] - INFO - 

➡️==============================================================================
  FEATURE SCALER: SEMANTIC SPACE REPORT
  ----------------------------------------------------------------------------
  [  log1p   ] lr_sb_best.................... min:     0.0000 | max:    11.6386
  [  log1p   ] lr_ns_best.................... min:     0.0000 | max:     7.6014
  [  log1p   ] lr_os_best.................... min:     0.0000 | max:    12.0921
➡️==============================================================================

2026-08-25 15:32:23,545 /home/simon/Documents/scripts/views_platform/views-hydranet/views_hydranet/utils/data_sniffer.py [data_sniffer.py:68] [1853945] [MainThread] - INFO - DataSniffer: Starting History Alignment Suite
2026-08-25 15:32:23,607 /home/simon/Documents/scripts/views_platform/views-hydranet/views_hydranet/utils/data_sniffer.py [data_sniffer.py:158] [1853945] [MainThread] - INFO - DataSniffer: Temporal and Geographic Alignment Passed.
2026-08-25 15:32:23,697 /home/simon/Documents/scripts/views_platform/views-hydranet/reports/2026-08-16_feedback_realism_dossier/tools/realism_arm_entry.py [realism_arm_entry.py:57] [1853945] [MainThread] - INFO - 🧪 RealismArmManager: feedback arm = 'use_real' (None = production, the model's own field)
2026-08-25 15:32:23,697 /home/simon/Documents/scripts/views_platform/views-hydranet/views_hydranet/utils/inference_orchestrator.py [inference_orchestrator.py:237] [1853945] [MainThread] - INFO - 💠 InferenceOrchestrator: Initiating BACKTEST streaming pass (13 origins) [pandas-free PredictionFrame path].
2026-08-25 15:32:23,697 /home/simon/Documents/scripts/views_platform/views-hydranet/views_hydranet/utils/hydranet_inference.py [hydranet_inference.py:194] [1853945] [MainThread] - INFO - Using device: cuda
2026-08-25 15:32:23,698 /home/simon/Documents/scripts/views_platform/views-hydranet/views_hydranet/utils/hydranet_inference.py [hydranet_inference.py:361] [1853945] [MainThread] - INFO - HydraNetInference initialized successfully.
2026-08-25 15:32:24,185 /home/simon/Documents/scripts/views_platform/views-hydranet/views_hydranet/utils/disk_guard.py [disk_guard.py:109] [1853945] [MainThread] - INFO - cube-fit check: 0.42 GB needed vs 8.54 GB available RAM (headroom 0.85)
2026-08-25 15:33:07,570 /home/simon/Documents/scripts/views_platform/views-hydranet/views_hydranet/utils/feature_scaler.py [feature_scaler.py:210] [1853945] [MainThread] - INFO - 🔙 FeatureScaler: Inverting Volume (36, 180, 180, 11, 16) to Raw Space
2026-08-25 15:33:09,572 /home/simon/Documents/scripts/views_platform/views-hydranet/views_hydranet/utils/disk_guard.py [disk_guard.py:109] [1853945] [MainThread] - INFO - cube-fit check: 0.42 GB needed vs 7.45 GB available RAM (headroom 0.85)
2026-08-25 15:33:55,200 /home/simon/Documents/scripts/views_platform/views-hydranet/views_hydranet/utils/feature_scaler.py [feature_scaler.py:210] [1853945] [MainThread] - INFO - 🔙 FeatureScaler: Inverting Volume (36, 180, 180, 11, 16) to Raw Space
2026-08-25 15:33:57,146 /home/simon/Documents/scripts/views_platform/views-hydranet/views_hydranet/utils/disk_guard.py [disk_guard.py:109] [1853945] [MainThread] - INFO - cube-fit check: 0.42 GB needed vs 7.19 GB available RAM (headroom 0.85)
2026-08-25 15:34:42,188 /home/simon/Documents/scripts/views_platform/views-hydranet/views_hydranet/utils/feature_scaler.py [feature_scaler.py:210] [1853945] [MainThread] - INFO - 🔙 FeatureScaler: Inverting Volume (36, 180, 180, 11, 16) to Raw Space
2026-08-25 15:34:44,172 /home/simon/Documents/scripts/views_platform/views-hydranet/views_hydranet/utils/disk_guard.py [disk_guard.py:109] [1853945] [MainThread] - INFO - cube-fit check: 0.42 GB needed vs 6.73 GB available RAM (headroom 0.85)
2026-08-25 15:35:30,443 /home/simon/Documents/scripts/views_platform/views-hydranet/views_hydranet/utils/feature_scaler.py [feature_scaler.py:210] [1853945] [MainThread] - INFO - 🔙 FeatureScaler: Inverting Volume (36, 180, 180, 11, 16) to Raw Space
2026-08-25 15:35:32,429 /home/simon/Documents/scripts/views_platform/views-hydranet/views_hydranet/utils/disk_guard.py [disk_guard.py:109] [1853945] [MainThread] - INFO - cube-fit check: 0.42 GB needed vs 6.40 GB available RAM (headroom 0.85)
2026-08-25 15:36:17,796 /home/simon/Documents/scripts/views_platform/views-hydranet/views_hydranet/utils/feature_scaler.py [feature_scaler.py:210] [1853945] [MainThread] - INFO - 🔙 FeatureScaler: Inverting Volume (36, 180, 180, 11, 16) to Raw Space
2026-08-25 15:36:19,753 /home/simon/Documents/scripts/views_platform/views-hydranet/views_hydranet/utils/disk_guard.py [disk_guard.py:109] [1853945] [MainThread] - INFO - cube-fit check: 0.42 GB needed vs 5.99 GB available RAM (headroom 0.85)
2026-08-25 15:37:06,053 /home/simon/Documents/scripts/views_platform/views-hydranet/views_hydranet/utils/feature_scaler.py [feature_scaler.py:210] [1853945] [MainThread] - INFO - 🔙 FeatureScaler: Inverting Volume (36, 180, 180, 11, 16) to Raw Space
2026-08-25 15:37:07,987 /home/simon/Documents/scripts/views_platform/views-hydranet/views_hydranet/utils/disk_guard.py [disk_guard.py:109] [1853945] [MainThread] - INFO - cube-fit check: 0.42 GB needed vs 5.49 GB available RAM (headroom 0.85)
2026-08-25 15:37:53,588 /home/simon/Documents/scripts/views_platform/views-hydranet/views_hydranet/utils/feature_scaler.py [feature_scaler.py:210] [1853945] [MainThread] - INFO - 🔙 FeatureScaler: Inverting Volume (36, 180, 180, 11, 16) to Raw Space
2026-08-25 15:37:55,532 /home/simon/Documents/scripts/views_platform/views-hydranet/views_hydranet/utils/disk_guard.py [disk_guard.py:109] [1853945] [MainThread] - INFO - cube-fit check: 0.42 GB needed vs 5.14 GB available RAM (headroom 0.85)
2026-08-25 15:38:42,117 /home/simon/Documents/scripts/views_platform/views-hydranet/views_hydranet/utils/feature_scaler.py [feature_scaler.py:210] [1853945] [MainThread] - INFO - 🔙 FeatureScaler: Inverting Volume (36, 180, 180, 11, 16) to Raw Space
2026-08-25 15:38:44,069 /home/simon/Documents/scripts/views_platform/views-hydranet/views_hydranet/utils/disk_guard.py [disk_guard.py:109] [1853945] [MainThread] - INFO - cube-fit check: 0.42 GB needed vs 4.75 GB available RAM (headroom 0.85)
2026-08-25 15:39:29,393 /home/simon/Documents/scripts/views_platform/views-hydranet/views_hydranet/utils/feature_scaler.py [feature_scaler.py:210] [1853945] [MainThread] - INFO - 🔙 FeatureScaler: Inverting Volume (36, 180, 180, 11, 16) to Raw Space
2026-08-25 15:39:31,391 /home/simon/Documents/scripts/views_platform/views-hydranet/views_hydranet/utils/disk_guard.py [disk_guard.py:109] [1853945] [MainThread] - INFO - cube-fit check: 0.42 GB needed vs 4.38 GB available RAM (headroom 0.85)
2026-08-25 15:40:16,870 /home/simon/Documents/scripts/views_platform/views-hydranet/views_hydranet/utils/feature_scaler.py [feature_scaler.py:210] [1853945] [MainThread] - INFO - 🔙 FeatureScaler: Inverting Volume (36, 180, 180, 11, 16) to Raw Space
2026-08-25 15:40:18,846 /home/simon/Documents/scripts/views_platform/views-hydranet/views_hydranet/utils/disk_guard.py [disk_guard.py:109] [1853945] [MainThread] - INFO - cube-fit check: 0.42 GB needed vs 3.89 GB available RAM (headroom 0.85)
2026-08-25 15:41:04,457 /home/simon/Documents/scripts/views_platform/views-hydranet/views_hydranet/utils/feature_scaler.py [feature_scaler.py:210] [1853945] [MainThread] - INFO - 🔙 FeatureScaler: Inverting Volume (36, 180, 180, 11, 16) to Raw Space
2026-08-25 15:41:06,484 /home/simon/Documents/scripts/views_platform/views-hydranet/views_hydranet/utils/disk_guard.py [disk_guard.py:109] [1853945] [MainThread] - INFO - cube-fit check: 0.42 GB needed vs 3.62 GB available RAM (headroom 0.85)
2026-08-25 15:41:53,954 /home/simon/Documents/scripts/views_platform/views-hydranet/views_hydranet/utils/feature_scaler.py [feature_scaler.py:210] [1853945] [MainThread] - INFO - 🔙 FeatureScaler: Inverting Volume (36, 180, 180, 11, 16) to Raw Space
2026-08-25 15:41:55,932 /home/simon/Documents/scripts/views_platform/views-hydranet/views_hydranet/utils/disk_guard.py [disk_guard.py:109] [1853945] [MainThread] - INFO - cube-fit check: 0.42 GB needed vs 2.77 GB available RAM (headroom 0.85)
2026-08-25 15:42:42,137 /home/simon/Documents/scripts/views_platform/views-hydranet/views_hydranet/utils/feature_scaler.py [feature_scaler.py:210] [1853945] [MainThread] - INFO - 🔙 FeatureScaler: Inverting Volume (36, 180, 180, 11, 16) to Raw Space
2026-08-25 15:42:43,628 /home/simon/Documents/scripts/views_platform/views-hydranet/views_hydranet/utils/inference_orchestrator.py [inference_orchestrator.py:286] [1853945] [MainThread] - INFO - ✅ InferenceOrchestrator: Streamed 13 origin(s) [pandas-free PredictionFrame streaming path].
2026-08-25 15:42:43,628 /home/simon/Documents/scripts/views_platform/views-pipeline-core/views_pipeline_core/modules/wandb/wandb.py [wandb.py:254] [1853945] [MainThread] - INFO - WandB alert sent: Evaluation Predictions Saved
2026-08-25 15:42:43,629 /home/simon/Documents/scripts/views_platform/views-pipeline-core/views_pipeline_core/files/utils.py [utils.py:147] [1853945] [MainThread] - INFO - Log file created at /home/simon/Documents/scripts/views_platform/views-models/models/dynfullzero_fortythree/data/generated/calibration_log.txt
2026-08-25 15:42:44,132 /home/simon/Documents/scripts/views_platform/views-pipeline-core/views_pipeline_core/managers/evaluation/stage.py [stage.py:289] [1853945] [MainThread] - INFO - Raw data read from /home/simon/Documents/scripts/views_platform/views-models/models/dynfullzero_fortythree/data/raw/calibration_datafactory_df.parquet
2026-08-25 15:42:44,133 /home/simon/Documents/scripts/views_platform/views-hydranet/views_hydranet/manager/hydranet_manager.py [hydranet_manager.py:183] [1853945] [MainThread] - INFO - 🛠️ HydranetManager: Manufacturing derived signals for evaluation.
2026-08-25 15:42:44,483 /home/simon/Documents/scripts/views_platform/views-pipeline-core/views_pipeline_core/managers/evaluation/stage.py [stage.py:128] [1853945] [MainThread] - INFO - Processing regression tasks for evaluation...
2026-08-25 15:42:44,484 /home/simon/Documents/scripts/views_platform/views-pipeline-core/views_pipeline_core/managers/evaluation/stage.py [stage.py:131] [1853945] [MainThread] - INFO - Calculating regression evaluation metrics for lr_sb_best
2026-08-25 15:42:53,601 /home/simon/Documents/scripts/views_platform/views-pipeline-core/views_pipeline_core/managers/evaluation/stage.py [stage.py:446] [1853945] [MainThread] - INFO - Persisted MetricFrame (evaluation-of-record) for 'lr_sb_best' -> /home/simon/Documents/scripts/views_platform/views-models/models/dynfullzero_fortythree/data/generated/dynfullzero_fortythree/calibration/metricframe_lr_sb_best
2026-08-25 15:42:54,430 /home/simon/Documents/scripts/views_platform/views-pipeline-core/views_pipeline_core/modules/wandb/wandb.py [wandb.py:254] [1853945] [MainThread] - INFO - WandB alert sent: Model Outputs Saved
2026-08-25 15:42:54,430 /home/simon/Documents/scripts/views_platform/views-pipeline-core/views_pipeline_core/managers/evaluation/stage.py [stage.py:131] [1853945] [MainThread] - INFO - Calculating regression evaluation metrics for lr_ns_best
2026-08-25 15:43:03,331 /home/simon/Documents/scripts/views_platform/views-pipeline-core/views_pipeline_core/managers/evaluation/stage.py [stage.py:446] [1853945] [MainThread] - INFO - Persisted MetricFrame (evaluation-of-record) for 'lr_ns_best' -> /home/simon/Documents/scripts/views_platform/views-models/models/dynfullzero_fortythree/data/generated/dynfullzero_fortythree/calibration/metricframe_lr_ns_best
2026-08-25 15:43:03,391 /home/simon/Documents/scripts/views_platform/views-pipeline-core/views_pipeline_core/modules/wandb/wandb.py [wandb.py:254] [1853945] [MainThread] - INFO - WandB alert sent: Model Outputs Saved
2026-08-25 15:43:03,391 /home/simon/Documents/scripts/views_platform/views-pipeline-core/views_pipeline_core/managers/evaluation/stage.py [stage.py:131] [1853945] [MainThread] - INFO - Calculating regression evaluation metrics for lr_os_best
2026-08-25 15:43:11,977 /home/simon/Documents/scripts/views_platform/views-pipeline-core/views_pipeline_core/managers/evaluation/stage.py [stage.py:446] [1853945] [MainThread] - INFO - Persisted MetricFrame (evaluation-of-record) for 'lr_os_best' -> /home/simon/Documents/scripts/views_platform/views-models/models/dynfullzero_fortythree/data/generated/dynfullzero_fortythree/calibration/metricframe_lr_os_best
2026-08-25 15:43:12,017 /home/simon/Documents/scripts/views_platform/views-pipeline-core/views_pipeline_core/modules/wandb/wandb.py [wandb.py:254] [1853945] [MainThread] - INFO - WandB alert sent: Model Outputs Saved
2026-08-25 15:43:12,017 /home/simon/Documents/scripts/views_platform/views-pipeline-core/views_pipeline_core/managers/evaluation/stage.py [stage.py:128] [1853945] [MainThread] - INFO - Processing classification tasks for evaluation...
2026-08-25 15:43:12,017 /home/simon/Documents/scripts/views_platform/views-pipeline-core/views_pipeline_core/managers/evaluation/stage.py [stage.py:131] [1853945] [MainThread] - INFO - Calculating classification evaluation metrics for by_sb_best
2026-08-25 15:43:17,098 /home/simon/Documents/scripts/views_platform/views-pipeline-core/views_pipeline_core/managers/evaluation/stage.py [stage.py:446] [1853945] [MainThread] - INFO - Persisted MetricFrame (evaluation-of-record) for 'by_sb_best' -> /home/simon/Documents/scripts/views_platform/views-models/models/dynfullzero_fortythree/data/generated/dynfullzero_fortythree/calibration/metricframe_by_sb_best
2026-08-25 15:43:17,136 /home/simon/Documents/scripts/views_platform/views-pipeline-core/views_pipeline_core/modules/wandb/wandb.py [wandb.py:254] [1853945] [MainThread] - INFO - WandB alert sent: Model Outputs Saved
2026-08-25 15:43:17,136 /home/simon/Documents/scripts/views_platform/views-pipeline-core/views_pipeline_core/managers/evaluation/stage.py [stage.py:131] [1853945] [MainThread] - INFO - Calculating classification evaluation metrics for by_ns_best
2026-08-25 15:43:22,108 /home/simon/Documents/scripts/views_platform/views-pipeline-core/views_pipeline_core/managers/evaluation/stage.py [stage.py:446] [1853945] [MainThread] - INFO - Persisted MetricFrame (evaluation-of-record) for 'by_ns_best' -> /home/simon/Documents/scripts/views_platform/views-models/models/dynfullzero_fortythree/data/generated/dynfullzero_fortythree/calibration/metricframe_by_ns_best
2026-08-25 15:43:22,147 /home/simon/Documents/scripts/views_platform/views-pipeline-core/views_pipeline_core/modules/wandb/wandb.py [wandb.py:254] [1853945] [MainThread] - INFO - WandB alert sent: Model Outputs Saved
2026-08-25 15:43:22,147 /home/simon/Documents/scripts/views_platform/views-pipeline-core/views_pipeline_core/managers/evaluation/stage.py [stage.py:131] [1853945] [MainThread] - INFO - Calculating classification evaluation metrics for by_os_best
2026-08-25 15:43:27,016 /home/simon/Documents/scripts/views_platform/views-pipeline-core/views_pipeline_core/managers/evaluation/stage.py [stage.py:446] [1853945] [MainThread] - INFO - Persisted MetricFrame (evaluation-of-record) for 'by_os_best' -> /home/simon/Documents/scripts/views_platform/views-models/models/dynfullzero_fortythree/data/generated/dynfullzero_fortythree/calibration/metricframe_by_os_best
2026-08-25 15:43:27,056 /home/simon/Documents/scripts/views_platform/views-pipeline-core/views_pipeline_core/modules/wandb/wandb.py [wandb.py:254] [1853945] [MainThread] - INFO - WandB alert sent: Model Outputs Saved
2026-08-25 15:43:27,060 /home/simon/Documents/scripts/views_platform/views-pipeline-core/views_pipeline_core/managers/prediction/io.py [io.py:258] [1853945] [MainThread] - INFO - Evaluation metrics:
+----+---------------------------------------------------+--------------+
|    | Metric                                            |        Value |
+====+===================================================+==============+
| 56 | month-wise/by_ns_best/Brier_cls_sample            |   0.0020488  |
+----+---------------------------------------------------+--------------+
| 61 | month-wise/by_ns_best/Brier_cls_sample_mean       |   0.00234223 |
+----+---------------------------------------------------+--------------+
| 65 | month-wise/by_os_best/Brier_cls_sample            |   0.00397889 |
+----+---------------------------------------------------+--------------+
| 51 | month-wise/by_os_best/Brier_cls_sample_mean       |   0.00369301 |
+----+---------------------------------------------------+--------------+
|  8 | month-wise/by_sb_best/Brier_cls_sample            |   0.00724463 |
+----+---------------------------------------------------+--------------+
| 21 | month-wise/by_sb_best/Brier_cls_sample_mean       |   0.00624679 |
+----+---------------------------------------------------+--------------+
| 70 | month-wise/lr_ns_best/CRPS                        |   0.0207597  |
+----+---------------------------------------------------+--------------+
| 64 | month-wise/lr_ns_best/CRPS_mean                   |   0.0445486  |
+----+---------------------------------------------------+--------------+
| 35 | month-wise/lr_ns_best/MCR_sample                  |   0.193409   |
+----+---------------------------------------------------+--------------+
| 24 | month-wise/lr_ns_best/MCR_sample_mean             |   0.269636   |
+----+---------------------------------------------------+--------------+
| 67 | month-wise/lr_ns_best/QS_sample                   |   0.0186681  |
+----+---------------------------------------------------+--------------+
| 58 | month-wise/lr_ns_best/QS_sample_mean              |   0.0367722  |
+----+---------------------------------------------------+--------------+
| 37 | month-wise/lr_os_best/CRPS                        |   0.0853079  |
+----+---------------------------------------------------+--------------+
| 55 | month-wise/lr_os_best/CRPS_mean                   |   0.0413929  |
+----+---------------------------------------------------+--------------+
| 36 | month-wise/lr_os_best/MCR_sample                  |   0.282977   |
+----+---------------------------------------------------+--------------+
| 20 | month-wise/lr_os_best/MCR_sample_mean             |   0.633894   |
+----+---------------------------------------------------+--------------+
| 59 | month-wise/lr_os_best/QS_sample                   |   0.06908    |
+----+---------------------------------------------------+--------------+
|  2 | month-wise/lr_os_best/QS_sample_mean              |   0.0302028  |
+----+---------------------------------------------------+--------------+
| 43 | month-wise/lr_sb_best/CRPS                        |   8.78656    |
+----+---------------------------------------------------+--------------+
| 63 | month-wise/lr_sb_best/CRPS_mean                   |   0.318819   |
+----+---------------------------------------------------+--------------+
| 39 | month-wise/lr_sb_best/MCR_sample                  |   0.0083195  |
+----+---------------------------------------------------+--------------+
| 45 | month-wise/lr_sb_best/MCR_sample_mean             |   0.42873    |
+----+---------------------------------------------------+--------------+
|  4 | month-wise/lr_sb_best/QS_sample                   |   8.64684    |
+----+---------------------------------------------------+--------------+
| 12 | month-wise/lr_sb_best/QS_sample_mean              |   0.273245   |
+----+---------------------------------------------------+--------------+
| 18 | month-wise/month                                  | 504          |
+----+---------------------------------------------------+--------------+
| 16 | step-wise/by_ns_best/Brier_cls_sample             |   0.00194379 |
+----+---------------------------------------------------+--------------+
| 60 | step-wise/by_ns_best/Brier_cls_sample_mean        |   0.00235024 |
+----+---------------------------------------------------+--------------+
| 17 | step-wise/by_os_best/Brier_cls_sample             |   0.00377571 |
+----+---------------------------------------------------+--------------+
| 38 | step-wise/by_os_best/Brier_cls_sample_mean        |   0.00375103 |
+----+---------------------------------------------------+--------------+
| 15 | step-wise/by_sb_best/Brier_cls_sample             |   0.00725351 |
+----+---------------------------------------------------+--------------+
| 72 | step-wise/by_sb_best/Brier_cls_sample_mean        |   0.00610423 |
+----+---------------------------------------------------+--------------+
| 46 | step-wise/lr_ns_best/CRPS                         |   0.0268048  |
+----+---------------------------------------------------+--------------+
| 30 | step-wise/lr_ns_best/CRPS_mean                    |   0.0417948  |
+----+---------------------------------------------------+--------------+
|  0 | step-wise/lr_ns_best/MCR_sample                   |   0.227039   |
+----+---------------------------------------------------+--------------+
| 31 | step-wise/lr_ns_best/MCR_sample_mean              |   0.231107   |
+----+---------------------------------------------------+--------------+
| 22 | step-wise/lr_ns_best/QS_sample                    |   0.0234918  |
+----+---------------------------------------------------+--------------+
| 29 | step-wise/lr_ns_best/QS_sample_mean               |   0.0345902  |
+----+---------------------------------------------------+--------------+
| 25 | step-wise/lr_os_best/CRPS                         |   0.0634057  |
+----+---------------------------------------------------+--------------+
| 14 | step-wise/lr_os_best/CRPS_mean                    |   0.0428864  |
+----+---------------------------------------------------+--------------+
| 53 | step-wise/lr_os_best/MCR_sample                   |   0.373111   |
+----+---------------------------------------------------+--------------+
|  7 | step-wise/lr_os_best/MCR_sample_mean              |   0.520949   |
+----+---------------------------------------------------+--------------+
| 26 | step-wise/lr_os_best/QS_sample                    |   0.0462127  |
+----+---------------------------------------------------+--------------+
| 32 | step-wise/lr_os_best/QS_sample_mean               |   0.0311989  |
+----+---------------------------------------------------+--------------+
| 66 | step-wise/lr_sb_best/CRPS                         |   0.861567   |
+----+---------------------------------------------------+--------------+
| 28 | step-wise/lr_sb_best/CRPS_mean                    |   0.144634   |
+----+---------------------------------------------------+--------------+
| 62 | step-wise/lr_sb_best/MCR_sample                   |   0.0737417  |
+----+---------------------------------------------------+--------------+
| 13 | step-wise/lr_sb_best/MCR_sample_mean              |   0.394659   |
+----+---------------------------------------------------+--------------+
|  9 | step-wise/lr_sb_best/QS_sample                    |   0.806066   |
+----+---------------------------------------------------+--------------+
| 34 | step-wise/lr_sb_best/QS_sample_mean               |   0.103015   |
+----+---------------------------------------------------+--------------+
| 69 | step-wise/step                                    |  36          |
+----+---------------------------------------------------+--------------+
| 52 | time-series-wise/by_ns_best/Brier_cls_sample      |   0.00227241 |
+----+---------------------------------------------------+--------------+
| 27 | time-series-wise/by_ns_best/Brier_cls_sample_mean |   0.00235024 |
+----+---------------------------------------------------+--------------+
| 33 | time-series-wise/by_os_best/Brier_cls_sample      |   0.00379738 |
+----+---------------------------------------------------+--------------+
| 73 | time-series-wise/by_os_best/Brier_cls_sample_mean |   0.00375103 |
+----+---------------------------------------------------+--------------+
|  3 | time-series-wise/by_sb_best/Brier_cls_sample      |   0.00646174 |
+----+---------------------------------------------------+--------------+
| 11 | time-series-wise/by_sb_best/Brier_cls_sample_mean |   0.00610423 |
+----+---------------------------------------------------+--------------+
| 47 | time-series-wise/lr_ns_best/CRPS                  |   0.0331668  |
+----+---------------------------------------------------+--------------+
|  1 | time-series-wise/lr_ns_best/CRPS_mean             |   0.0417948  |
+----+---------------------------------------------------+--------------+
| 19 | time-series-wise/lr_ns_best/MCR_sample            |   0.23512    |
+----+---------------------------------------------------+--------------+
| 48 | time-series-wise/lr_ns_best/MCR_sample_mean       |   0.220344   |
+----+---------------------------------------------------+--------------+
| 41 | time-series-wise/lr_ns_best/QS_sample             |   0.0275971  |
+----+---------------------------------------------------+--------------+
| 57 | time-series-wise/lr_ns_best/QS_sample_mean        |   0.0345902  |
+----+---------------------------------------------------+--------------+
| 54 | time-series-wise/lr_os_best/CRPS                  |   0.0468706  |
+----+---------------------------------------------------+--------------+
| 49 | time-series-wise/lr_os_best/CRPS_mean             |   0.0428864  |
+----+---------------------------------------------------+--------------+
| 10 | time-series-wise/lr_os_best/MCR_sample            |   0.45123    |
+----+---------------------------------------------------+--------------+
| 42 | time-series-wise/lr_os_best/MCR_sample_mean       |   0.483748   |
+----+---------------------------------------------------+--------------+
| 71 | time-series-wise/lr_os_best/QS_sample             |   0.0342418  |
+----+---------------------------------------------------+--------------+
| 68 | time-series-wise/lr_os_best/QS_sample_mean        |   0.0311989  |
+----+---------------------------------------------------+--------------+
| 44 | time-series-wise/lr_sb_best/CRPS                  |   0.381964   |
+----+---------------------------------------------------+--------------+
| 23 | time-series-wise/lr_sb_best/CRPS_mean             |   0.144634   |
+----+---------------------------------------------------+--------------+
| 74 | time-series-wise/lr_sb_best/MCR_sample            |   0.145372   |
+----+---------------------------------------------------+--------------+
|  6 | time-series-wise/lr_sb_best/MCR_sample_mean       |   0.377047   |
+----+---------------------------------------------------+--------------+
| 40 | time-series-wise/lr_sb_best/QS_sample             |   0.335976   |
+----+---------------------------------------------------+--------------+
|  5 | time-series-wise/lr_sb_best/QS_sample_mean        |   0.103015   |
+----+---------------------------------------------------+--------------+
| 50 | time-series-wise/time-series                      |  12          |
+----+---------------------------------------------------+--------------+
2026-08-25 15:43:27,060 /home/simon/Documents/scripts/views_platform/views-pipeline-core/views_pipeline_core/modules/wandb/wandb.py [wandb.py:254] [1853945] [MainThread] - INFO - WandB alert sent: Metrics for dynfullzero_fortythree
2026-08-25 15:43:27,385 /home/simon/Documents/scripts/views_platform/views-pipeline-core/views_pipeline_core/modules/wandb/wandb.py [wandb.py:254] [1853945] [MainThread] - INFO - WandB alert sent: Evaluation for model dynfullzero_fortythree completed successfully.
2026-08-25 15:43:28,390 /home/simon/Documents/scripts/views_platform/views-pipeline-core/views_pipeline_core/managers/model/model.py [model.py:1235] [1853945] [MainThread] - INFO - Done. Runtime: 11.142 minutes.

wrote /home/simon/Documents/scripts/views_platform/views-hydranet/reports/2026-08-24_architecture_bakeoff_dossier/results/fedfield_dynfullzero_fortythree_use_real.csv (5460 field records)

[Origin 1/13] 🎲 Drawing Posterior Samples:   0%|          | 0/1484 [00:00<?, ?step/s]
[Origin 1/13] 🎲 Drawing Posterior Samples:   0%|          | 1/1484 [00:00<07:55,  3.12step/s]
[Origin 1/13] 🎲 Drawing Posterior Samples:   0%|          | 7/1484 [00:00<01:20, 18.45step/s]
[Origin 1/13] 🎲 Drawing Posterior Samples:   1%|          | 12/1484 [00:00<00:53, 27.28step/s]
[Origin 1/13] 🎲 Drawing Posterior Samples:   1%|          | 16/1484 [00:00<00:47, 30.63step/s]
[Origin 1/13] 🎲 Drawing Posterior Samples:   1%|▏         | 21/1484 [00:00<00:40, 36.12step/s]
[Origin 1/13] 🎲 Drawing Posterior Samples:   2%|▏         | 26/1484 [00:00<00:38, 37.45step/s]
[Origin 1/13] 🎲 Drawing Posterior Samples:   2%|▏         | 31/1484 [00:00<00:35, 40.93step/s]
[Origin 1/13] 🎲 Drawing Posterior Samples:   2%|▏         | 36/1484 [00:01<00:35, 40.46step/s]
[Origin 1/13] 🎲 Drawing Posterior Samples:   3%|▎         | 41/1484 [00:01<00:33, 43.05step/s]
[Origin 1/13] 🎲 Drawing Posterior Samples:   3%|▎         | 46/1484 [00:01<00:34, 41.93step/s]
[Origin 1/13] 🎲 Drawing Posterior Samples:   3%|▎         | 51/1484 [00:01<00:33, 42.44step/s]
[Origin 1/13] 🎲 Drawing Posterior Samples:   4%|▍         | 56/1484 [00:01<00:33, 43.11step/s]
[Origin 1/13] 🎲 Drawing Posterior Samples:   4%|▍         | 61/1484 [00:01<00:33, 42.11step/s]
[Origin 1/13] 🎲 Drawing Posterior Samples:   4%|▍         | 66/1484 [00:01<00:32, 44.20step/s]
[Origin 1/13] 🎲 Drawing Posterior Samples:   5%|▍         | 71/1484 [00:01<00:33, 42.69step/s]
[Origin 1/13] 🎲 Drawing Posterior Samples:   5%|▌         | 76/1484 [00:02<00:31, 44.59step/s]
[Origin 1/13] 🎲 Drawing Posterior Samples:   5%|▌         | 81/1484 [00:02<00:32, 42.88step/s]
[Origin 1/13] 🎲 Drawing Posterior Samples:   6%|▌         | 86/1484 [00:02<00:32, 43.11step/s]
[Origin 1/13] 🎲 Drawing Posterior Samples:   6%|▌         | 91/1484 [00:02<00:32, 43.46step/s]
[Origin 1/13] 🎲 Drawing Posterior Samples:   6%|▋         | 96/1484 [00:02<00:32, 42.10step/s]
[Origin 1/13] 🎲 Drawing Posterior Samples:   7%|▋         | 102/1484 [00:02<00:30, 44.67step/s]
[Origin 1/13] 🎲 Drawing Posterior Samples:   7%|▋         | 107/1484 [00:02<00:31, 43.05step/s]
[Origin 1/13] 🎲 Drawing Posterior Samples:   8%|▊         | 112/1484 [00:02<00:30, 44.84step/s]
[Origin 1/13] 🎲 Drawing Posterior Samples:   8%|▊         | 117/1484 [00:02<00:31, 43.25step/s]
[Origin 1/13] 🎲 Drawing Posterior Samples:   8%|▊         | 122/1484 [00:03<00:32, 42.27step/s]
[Origin 1/13] 🎲 Drawing Posterior Samples:   9%|▊         | 127/1484 [00:03<00:30, 44.23step/s]
[Origin 1/13] 🎲 Drawing Posterior Samples:   9%|▉         | 132/1484 [00:03<00:31, 42.68step/s]
[Origin 1/13] 🎲 Drawing Posterior Samples:   9%|▉         | 137/1484 [00:03<00:30, 44.61step/s]
[Origin 1/13] 🎲 Drawing Posterior Samples:  10%|▉         | 142/1484 [00:03<00:31, 43.05step/s]
[Origin 1/13] 🎲 Drawing Posterior Samples:  10%|▉         | 147/1484 [00:03<00:29, 44.88step/s]
[Origin 1/13] 🎲 Drawing Posterior Samples:  10%|█         | 152/1484 [00:03<00:30, 43.06step/s]
[Origin 1/13] 🎲 Drawing Posterior Samples:  11%|█         | 157/1484 [00:03<00:31, 42.27step/s]
[Origin 1/13] 🎲 Drawing Posterior Samples:  11%|█         | 162/1484 [00:04<00:30, 44.01step/s]
[Origin 1/13] 🎲 Drawing Posterior Samples:  11%|█▏        | 167/1484 [00:04<00:30, 42.58step/s]
[Origin 1/13] 🎲 Drawing Posterior Samples:  12%|█▏        | 172/1484 [00:04<00:29, 44.56step/s]
[Origin 1/13] 🎲 Drawing Posterior Samples:  12%|█▏        | 177/1484 [00:04<00:30, 42.91step/s]
[Origin 1/13] 🎲 Drawing Posterior Samples:  12%|█▏        | 182/1484 [00:04<00:29, 44.77step/s]
[Origin 1/13] 🎲 Drawing Posterior Samples:  13%|█▎        | 187/1484 [00:04<00:30, 43.08step/s]
[Origin 1/13] 🎲 Drawing Posterior Samples:  13%|█▎        | 192/1484 [00:04<00:30, 42.75step/s]
[Origin 1/13] 🎲 Drawing Posterior Samples:  13%|█▎        | 197/1484 [00:04<00:29, 44.03step/s]
[Origin 1/13] 🎲 Drawing Posterior Samples:  14%|█▎        | 202/1484 [00:04<00:30, 42.53step/s]
[Origin 1/13] 🎲 Drawing Posterior Samples:  14%|█▍        | 207/1484 [00:05<00:28, 44.49step/s]
[Origin 1/13] 🎲 Drawing Posterior Samples:  14%|█▍        | 212/1484 [00:05<00:29, 43.03step/s]
[Origin 1/13] 🎲 Drawing Posterior Samples:  15%|█▍        | 217/1484 [00:05<00:28, 44.88step/s]
[Origin 1/13] 🎲 Drawing Posterior Samples:  15%|█▍        | 222/1484 [00:05<00:29, 43.22step/s]
[Origin 1/13] 🎲 Drawing Posterior Samples:  15%|█▌        | 227/1484 [00:05<00:27, 45.00step/s]
[Origin 1/13] 🎲 Drawing Posterior Samples:  16%|█▌        | 232/1484 [00:05<00:28, 43.34step/s]
[Origin 1/13] 🎲 Drawing Posterior Samples:  16%|█▌        | 237/1484 [00:05<00:29, 42.16step/s]
[Origin 1/13] 🎲 Drawing Posterior Samples:  16%|█▋        | 242/1484 [00:05<00:28, 44.20step/s]
[Origin 1/13] 🎲 Drawing Posterior Samples:  17%|█▋        | 247/1484 [00:05<00:28, 42.73step/s]
[Origin 1/13] 🎲 Drawing Posterior Samples:  17%|█▋        | 252/1484 [00:06<00:27, 44.65step/s]
[Origin 1/13] 🎲 Drawing Posterior Samples:  17%|█▋        | 257/1484 [00:06<00:28, 43.09step/s]
[Origin 1/13] 🎲 Drawing Posterior Samples:  18%|█▊        | 262/1484 [00:06<00:27, 44.90step/s]
[Origin 1/13] 🎲 Drawing Posterior Samples:  18%|█▊        | 267/1484 [00:06<00:28, 43.09step/s]
[Origin 1/13] 🎲 Drawing Posterior Samples:  18%|█▊        | 272/1484 [00:06<00:28, 42.64step/s]
[Origin 1/13] 🎲 Drawing Posterior Samples:  19%|█▊        | 277/1484 [00:06<00:27, 43.91step/s]
[Origin 1/13] 🎲 Drawing Posterior Samples:  19%|█▉        | 282/1484 [00:06<00:28, 42.59step/s]
[Origin 1/13] 🎲 Drawing Posterior Samples:  19%|█▉        | 287/1484 [00:06<00:26, 44.56step/s]
[Origin 1/13] 🎲 Drawing Posterior Samples:  20%|█▉        | 292/1484 [00:06<00:27, 42.90step/s]
[Origin 1/13] 🎲 Drawing Posterior Samples:  20%|██        | 297/1484 [00:07<00:26, 44.77step/s]
[Origin 1/13] 🎲 Drawing Posterior Samples:  20%|██        | 302/1484 [00:07<00:27, 43.20step/s]
[Origin 1/13] 🎲 Drawing Posterior Samples:  21%|██        | 307/1484 [00:07<00:27, 42.91step/s]
[Origin 1/13] 🎲 Drawing Posterior Samples:  21%|██        | 312/1484 [00:07<00:26, 43.82step/s]
[Origin 1/13] 🎲 Drawing Posterior Samples:  21%|██▏       | 317/1484 [00:07<00:27, 42.69step/s]
[Origin 1/13] 🎲 Drawing Posterior Samples:  22%|██▏       | 322/1484 [00:07<00:26, 44.64step/s]
[Origin 1/13] 🎲 Drawing Posterior Samples:  22%|██▏       | 327/1484 [00:07<00:26, 43.05step/s]
[Origin 1/13] 🎲 Drawing Posterior Samples:  22%|██▏       | 332/1484 [00:07<00:25, 44.89step/s]
[Origin 1/13] 🎲 Drawing Posterior Samples:  23%|██▎       | 337/1484 [00:08<00:39, 29.18step/s]
[Origin 1/13] 🎲 Drawing Posterior Samples:  23%|██▎       | 341/1484 [00:08<00:48, 23.58step/s]
[Origin 1/13] 🎲 Drawing Posterior Samples:  23%|██▎       | 345/1484 [00:08<00:47, 23.73step/s]
[Origin 1/13] 🎲 Drawing Posterior Samples:  24%|██▎       | 349/1484 [00:08<00:47, 24.14step/s]
[Origin 1/13] 🎲 Drawing Posterior Samples:  24%|██▎       | 352/1484 [00:08<00:44, 25.26step/s]
[Origin 1/13] 🎲 Drawing Posterior Samples:  24%|██▍       | 355/1484 [00:09<00:44, 25.23step/s]
[Origin 1/13] 🎲 Drawing Posterior Samples:  24%|██▍       | 359/1484 [00:09<00:42, 26.77step/s]
[Origin 1/13] 🎲 Drawing Posterior Samples:  24%|██▍       | 362/1484 [00:09<00:41, 27.30step/s]
[Origin 1/13] 🎲 Drawing Posterior Samples:  25%|██▍       | 366/1484 [00:09<00:40, 27.63step/s]
[Origin 1/13] 🎲 Drawing Posterior Samples:  25%|██▍       | 370/1484 [00:09<00:38, 28.97step/s]
[Origin 1/13] 🎲 Drawing Posterior Samples:  25%|██▌       | 373/1484 [00:10<02:34,  7.19step/s]
[Origin 1/13] 🎲 Drawing Posterior Samples:  25%|██▌       | 378/1484 [00:10<01:44, 10.60step/s]
[Origin 1/13] 🎲 Drawing Posterior Samples:  26%|██▌       | 382/1484 [00:11<01:21, 13.55step/s]
[Origin 1/13] 🎲 Drawing Posterior Samples:  26%|██▌       | 387/1484 [00:11<01:00, 17.98step/s]
[Origin 1/13] 🎲 Drawing Posterior Samples:  26%|██▋       | 392/1484 [00:11<00:49, 22.28step/s]
[Origin 1/13] 🎲 Drawing Posterior Samples:  27%|██▋       | 397/1484 [00:11<00:41, 25.90step/s]
[Origin 1/13] 🎲 Drawing Posterior Samples:  27%|██▋       | 402/1484 [00:11<00:35, 30.51step/s]
[Origin 1/13] 🎲 Drawing Posterior Samples:  27%|██▋       | 407/1484 [00:11<00:32, 32.88step/s]
[Origin 1/13] 🎲 Drawing Posterior Samples:  28%|██▊       | 412/1484 [00:11<00:29, 36.70step/s]
[Origin 1/13] 🎲 Drawing Posterior Samples:  28%|██▊       | 417/1484 [00:11<00:28, 37.40step/s]
[Origin 1/13] 🎲 Drawing Posterior Samples:  28%|██▊       | 422/1484 [00:11<00:27, 39.14step/s]
[Origin 1/13] 🎲 Drawing Posterior Samples:  29%|██▉       | 427/1484 [00:12<00:25, 40.72step/s]
[Origin 1/13] 🎲 Drawing Posterior Samples:  29%|██▉       | 432/1484 [00:12<00:26, 40.31step/s]
[Origin 1/13] 🎲 Drawing Posterior Samples:  29%|██▉       | 437/1484 [00:12<00:24, 42.75step/s]
[Origin 1/13] 🎲 Drawing Posterior Samples:  30%|██▉       | 442/1484 [00:12<00:24, 41.87step/s]
[Origin 1/13] 🎲 Drawing Posterior Samples:  30%|███       | 447/1484 [00:12<00:23, 43.95step/s]
[Origin 1/13] 🎲 Drawing Posterior Samples:  30%|███       | 452/1484 [00:12<00:24, 42.57step/s]
[Origin 1/13] 🎲 Drawing Posterior Samples:  31%|███       | 457/1484 [00:12<00:23, 44.47step/s]
[Origin 1/13] 🎲 Drawing Posterior Samples:  31%|███       | 462/1484 [00:12<00:23, 42.94step/s]
[Origin 1/13] 🎲 Drawing Posterior Samples:  31%|███▏      | 467/1484 [00:13<00:24, 41.91step/s]
[Origin 1/13] 🎲 Drawing Posterior Samples:  32%|███▏      | 472/1484 [00:13<00:23, 43.94step/s]
[Origin 1/13] 🎲 Drawing Posterior Samples:  32%|███▏      | 477/1484 [00:13<00:23, 42.59step/s]
[Origin 1/13] 🎲 Drawing Posterior Samples:  32%|███▏      | 482/1484 [00:13<00:22, 44.49step/s]
[Origin 1/13] 🎲 Drawing Posterior Samples:  33%|███▎      | 487/1484 [00:13<00:23, 42.84step/s]
[Origin 1/13] 🎲 Drawing Posterior Samples:  33%|███▎      | 492/1484 [00:13<00:22, 44.68step/s]
[Origin 1/13] 🎲 Drawing Posterior Samples:  33%|███▎      | 497/1484 [00:13<00:22, 42.95step/s]
[Origin 1/13] 🎲 Drawing Posterior Samples:  34%|███▍      | 502/1484 [00:13<00:23, 41.95step/s]
[Origin 1/13] 🎲 Drawing Posterior Samples:  34%|███▍      | 507/1484 [00:13<00:22, 43.90step/s]
[Origin 1/13] 🎲 Drawing Posterior Samples:  35%|███▍      | 512/1484 [00:14<00:22, 42.55step/s]
[Origin 1/13] 🎲 Drawing Posterior Samples:  35%|███▍      | 517/1484 [00:14<00:21, 44.47step/s]
[Origin 1/13] 🎲 Drawing Posterior Samples:  35%|███▌      | 522/1484 [00:14<00:22, 42.94step/s]
[Origin 1/13] 🎲 Drawing Posterior Samples:  36%|███▌      | 527/1484 [00:14<00:21, 44.74step/s]
[Origin 1/13] 🎲 Drawing Posterior Samples:  36%|███▌      | 532/1484 [00:14<00:22, 43.22step/s]
[Origin 1/13] 🎲 Drawing Posterior Samples:  36%|███▌      | 537/1484 [00:14<00:22, 42.23step/s]
[Origin 1/13] 🎲 Drawing Posterior Samples:  37%|███▋      | 542/1484 [00:14<00:21, 44.10step/s]
[Origin 1/13] 🎲 Drawing Posterior Samples:  37%|███▋      | 547/1484 [00:14<00:22, 42.59step/s]
[Origin 1/13] 🎲 Drawing Posterior Samples:  37%|███▋      | 552/1484 [00:14<00:20, 44.48step/s]
[Origin 1/13] 🎲 Drawing Posterior Samples:  38%|███▊      | 557/1484 [00:15<00:21, 42.75step/s]
[Origin 1/13] 🎲 Drawing Posterior Samples:  38%|███▊      | 562/1484 [00:15<00:20, 44.63step/s]
[Origin 1/13] 🎲 Drawing Posterior Samples:  38%|███▊      | 567/1484 [00:15<00:21, 42.88step/s]
[Origin 1/13] 🎲 Drawing Posterior Samples:  39%|███▊      | 572/1484 [00:15<00:21, 42.69step/s]
[Origin 1/13] 🎲 Drawing Posterior Samples:  39%|███▉      | 577/1484 [00:15<00:20, 43.60step/s]
[Origin 1/13] 🎲 Drawing Posterior Samples:  39%|███▉      | 582/1484 [00:15<00:21, 42.04step/s]
[Origin 1/13] 🎲 Drawing Posterior Samples:  40%|███▉      | 587/1484 [00:15<00:20, 44.07step/s]
[Origin 1/13] 🎲 Drawing Posterior Samples:  40%|███▉      | 592/1484 [00:15<00:20, 42.57step/s]
[Origin 1/13] 🎲 Drawing Posterior Samples:  40%|████      | 597/1484 [00:16<00:19, 44.46step/s]
[Origin 1/13] 🎲 Drawing Posterior Samples:  41%|████      | 602/1484 [00:16<00:20, 42.95step/s]
[Origin 1/13] 🎲 Drawing Posterior Samples:  41%|████      | 607/1484 [00:16<00:20, 42.00step/s]
[Origin 1/13] 🎲 Drawing Posterior Samples:  41%|████      | 612/1484 [00:16<00:19, 43.94step/s]
[Origin 1/13] 🎲 Drawing Posterior Samples:  42%|████▏     | 617/1484 [00:16<00:20, 42.68step/s]
[Origin 1/13] 🎲 Drawing Posterior Samples:  42%|████▏     | 622/1484 [00:16<00:19, 44.57step/s]
[Origin 1/13] 🎲 Drawing Posterior Samples:  42%|████▏     | 627/1484 [00:16<00:19, 42.99step/s]
[Origin 1/13] 🎲 Drawing Posterior Samples:  43%|████▎     | 632/1484 [00:16<00:19, 44.78step/s]
[Origin 1/13] 🎲 Drawing Posterior Samples:  43%|████▎     | 637/1484 [00:16<00:19, 43.20step/s]
[Origin 1/13] 🎲 Drawing Posterior Samples:  43%|████▎     | 642/1484 [00:17<00:19, 43.37step/s]
[Origin 1/13] 🎲 Drawing Posterior Samples:  44%|████▎     | 647/1484 [00:17<00:19, 43.61step/s]
[Origin 1/13] 🎲 Drawing Posterior Samples:  44%|████▍     | 652/1484 [00:17<00:19, 42.27step/s]
[Origin 1/13] 🎲 Drawing Posterior Samples:  44%|████▍     | 657/1484 [00:17<00:18, 44.24step/s]
[Origin 1/13] 🎲 Drawing Posterior Samples:  45%|████▍     | 662/1484 [00:17<00:19, 42.69step/s]
[Origin 1/13] 🎲 Drawing Posterior Samples:  45%|████▍     | 667/1484 [00:17<00:18, 44.56step/s]
[Origin 1/13] 🎲 Drawing Posterior Samples:  45%|████▌     | 672/1484 [00:17<00:18, 42.99step/s]
[Origin 1/13] 🎲 Drawing Posterior Samples:  46%|████▌     | 677/1484 [00:17<00:18, 42.64step/s]
[Origin 1/13] 🎲 Drawing Posterior Samples:  46%|████▌     | 682/1484 [00:17<00:18, 43.91step/s]
[Origin 1/13] 🎲 Drawing Posterior Samples:  46%|████▋     | 687/1484 [00:18<00:18, 42.66step/s]
[Origin 1/13] 🎲 Drawing Posterior Samples:  47%|████▋     | 692/1484 [00:18<00:17, 44.56step/s]
[Origin 1/13] 🎲 Drawing Posterior Samples:  47%|████▋     | 697/1484 [00:18<00:18, 43.14step/s]
[Origin 1/13] 🎲 Drawing Posterior Samples:  47%|████▋     | 702/1484 [00:18<00:17, 44.91step/s]
[Origin 1/13] 🎲 Drawing Posterior Samples:  48%|████▊     | 707/1484 [00:18<00:21, 36.80step/s]
[Origin 1/13] 🎲 Drawing Posterior Samples:  48%|████▊     | 711/1484 [00:18<00:24, 31.62step/s]
[Origin 1/13] 🎲 Drawing Posterior Samples:  48%|████▊     | 715/1484 [00:18<00:25, 30.64step/s]
[Origin 1/13] 🎲 Drawing Posterior Samples:  48%|████▊     | 719/1484 [00:19<00:24, 30.92step/s]
[Origin 1/13] 🎲 Drawing Posterior Samples:  49%|████▊     | 723/1484 [00:19<00:24, 30.55step/s]
[Origin 1/13] 🎲 Drawing Posterior Samples:  49%|████▉     | 727/1484 [00:19<00:25, 29.79step/s]
[Origin 1/13] 🎲 Drawing Posterior Samples:  49%|████▉     | 731/1484 [00:19<00:25, 29.77step/s]
[Origin 1/13] 🎲 Drawing Posterior Samples:  50%|████▉     | 735/1484 [00:19<00:25, 29.74step/s]
[Origin 1/13] 🎲 Drawing Posterior Samples:  50%|████▉     | 739/1484 [00:19<00:25, 29.34step/s]
[Origin 1/13] 🎲 Drawing Posterior Samples:  50%|█████     | 743/1484 [00:21<01:27,  8.47step/s]
[Origin 1/13] 🎲 Drawing Posterior Samples:  50%|█████     | 747/1484 [00:21<01:06, 11.01step/s]
[Origin 1/13] 🎲 Drawing Posterior Samples:  51%|█████     | 752/1484 [00:21<00:48, 15.09step/s]
[Origin 1/13] 🎲 Drawing Posterior Samples:  51%|█████     | 756/1484 [00:21<00:39, 18.21step/s]
[Origin 1/13] 🎲 Drawing Posterior Samples:  51%|█████▏    | 761/1484 [00:21<00:31, 23.13step/s]
[Origin 1/13] 🎲 Drawing Posterior Samples:  52%|█████▏    | 765/1484 [00:21<00:27, 25.89step/s]
[Origin 1/13] 🎲 Drawing Posterior Samples:  52%|█████▏    | 770/1484 [00:21<00:23, 30.77step/s]
[Origin 1/13] 🎲 Drawing Posterior Samples:  52%|█████▏    | 775/1484 [00:21<00:21, 33.24step/s]
[Origin 1/13] 🎲 Drawing Posterior Samples:  53%|█████▎    | 780/1484 [00:21<00:18, 37.10step/s]
[Origin 1/13] 🎲 Drawing Posterior Samples:  53%|█████▎    | 785/1484 [00:21<00:18, 37.81step/s]
[Origin 1/13] 🎲 Drawing Posterior Samples:  53%|█████▎    | 790/1484 [00:22<00:17, 39.84step/s]
[Origin 1/13] 🎲 Drawing Posterior Samples:  54%|█████▎    | 795/1484 [00:22<00:16, 40.73step/s]
[Origin 1/13] 🎲 Drawing Posterior Samples:  54%|█████▍    | 800/1484 [00:22<00:17, 40.23step/s]
[Origin 1/13] 🎲 Drawing Posterior Samples:  54%|█████▍    | 805/1484 [00:22<00:15, 42.64step/s]
[Origin 1/13] 🎲 Drawing Posterior Samples:  55%|█████▍    | 810/1484 [00:22<00:16, 41.66step/s]
[Origin 1/13] 🎲 Drawing Posterior Samples:  55%|█████▍    | 815/1484 [00:22<00:15, 43.78step/s]
[Origin 1/13] 🎲 Drawing Posterior Samples:  55%|█████▌    | 820/1484 [00:22<00:15, 42.64step/s]
[Origin 1/13] 🎲 Drawing Posterior Samples:  56%|█████▌    | 825/1484 [00:22<00:14, 44.52step/s]
[Origin 1/13] 🎲 Drawing Posterior Samples:  56%|█████▌    | 830/1484 [00:23<00:15, 42.76step/s]
[Origin 1/13] 🎲 Drawing Posterior Samples:  56%|█████▋    | 835/1484 [00:23<00:15, 41.82step/s]
[Origin 1/13] 🎲 Drawing Posterior Samples:  57%|█████▋    | 840/1484 [00:23<00:14, 43.89step/s]
[Origin 1/13] 🎲 Drawing Posterior Samples:  57%|█████▋    | 845/1484 [00:23<00:15, 42.45step/s]
[Origin 1/13] 🎲 Drawing Posterior Samples:  57%|█████▋    | 850/1484 [00:23<00:14, 44.37step/s]
[Origin 1/13] 🎲 Drawing Posterior Samples:  58%|█████▊    | 855/1484 [00:23<00:14, 42.68step/s]
[Origin 1/13] 🎲 Drawing Posterior Samples:  58%|█████▊    | 860/1484 [00:23<00:14, 44.55step/s]
[Origin 1/13] 🎲 Drawing Posterior Samples:  58%|█████▊    | 865/1484 [00:23<00:14, 43.06step/s]
[Origin 1/13] 🎲 Drawing Posterior Samples:  59%|█████▊    | 870/1484 [00:23<00:14, 42.17step/s]
[Origin 1/13] 🎲 Drawing Posterior Samples:  59%|█████▉    | 875/1484 [00:24<00:13, 44.05step/s]
[Origin 1/13] 🎲 Drawing Posterior Samples:  59%|█████▉    | 880/1484 [00:24<00:14, 42.56step/s]
[Origin 1/13] 🎲 Drawing Posterior Samples:  60%|█████▉    | 885/1484 [00:24<00:13, 44.48step/s]
[Origin 1/13] 🎲 Drawing Posterior Samples:  60%|█████▉    | 890/1484 [00:24<00:13, 43.13step/s]
[Origin 1/13] 🎲 Drawing Posterior Samples:  60%|██████    | 895/1484 [00:24<00:13, 44.88step/s]
[Origin 1/13] 🎲 Drawing Posterior Samples:  61%|██████    | 900/1484 [00:24<00:13, 43.28step/s]
[Origin 1/13] 🎲 Drawing Posterior Samples:  61%|██████    | 905/1484 [00:24<00:13, 42.23step/s]
[Origin 1/13] 🎲 Drawing Posterior Samples:  61%|██████▏   | 910/1484 [00:24<00:13, 43.88step/s]
[Origin 1/13] 🎲 Drawing Posterior Samples:  62%|██████▏   | 915/1484 [00:24<00:13, 42.55step/s]
[Origin 1/13] 🎲 Drawing Posterior Samples:  62%|██████▏   | 920/1484 [00:25<00:12, 44.45step/s]
[Origin 1/13] 🎲 Drawing Posterior Samples:  62%|██████▏   | 925/1484 [00:25<00:13, 42.92step/s]
[Origin 1/13] 🎲 Drawing Posterior Samples:  63%|██████▎   | 930/1484 [00:25<00:12, 44.75step/s]
[Origin 1/13] 🎲 Drawing Posterior Samples:  63%|██████▎   | 935/1484 [00:25<00:12, 43.08step/s]
[Origin 1/13] 🎲 Drawing Posterior Samples:  63%|██████▎   | 940/1484 [00:25<00:12, 43.24step/s]
[Origin 1/13] 🎲 Drawing Posterior Samples:  64%|██████▎   | 945/1484 [00:25<00:12, 43.53step/s]
[Origin 1/13] 🎲 Drawing Posterior Samples:  64%|██████▍   | 950/1484 [00:25<00:12, 42.43step/s]
[Origin 1/13] 🎲 Drawing Posterior Samples:  64%|██████▍   | 955/1484 [00:25<00:11, 44.35step/s]
[Origin 1/13] 🎲 Drawing Posterior Samples:  65%|██████▍   | 960/1484 [00:26<00:12, 42.81step/s]
[Origin 1/13] 🎲 Drawing Posterior Samples:  65%|██████▌   | 965/1484 [00:26<00:11, 44.69step/s]
[Origin 1/13] 🎲 Drawing Posterior Samples:  65%|██████▌   | 970/1484 [00:26<00:11, 43.03step/s]
[Origin 1/13] 🎲 Drawing Posterior Samples:  66%|██████▌   | 975/1484 [00:26<00:11, 42.88step/s]
[Origin 1/13] 🎲 Drawing Posterior Samples:  66%|██████▌   | 980/1484 [00:26<00:11, 43.80step/s]
[Origin 1/13] 🎲 Drawing Posterior Samples:  66%|██████▋   | 985/1484 [00:26<00:11, 42.54step/s]
[Origin 1/13] 🎲 Drawing Posterior Samples:  67%|██████▋   | 990/1484 [00:26<00:11, 44.41step/s]
[Origin 1/13] 🎲 Drawing Posterior Samples:  67%|██████▋   | 995/1484 [00:26<00:11, 42.92step/s]
[Origin 1/13] 🎲 Drawing Posterior Samples:  67%|██████▋   | 1000/1484 [00:26<00:10, 44.76step/s]
[Origin 1/13] 🎲 Drawing Posterior Samples:  68%|██████▊   | 1005/1484 [00:27<00:11, 43.21step/s]
[Origin 1/13] 🎲 Drawing Posterior Samples:  68%|██████▊   | 1010/1484 [00:27<00:10, 44.97step/s]
[Origin 1/13] 🎲 Drawing Posterior Samples:  68%|██████▊   | 1015/1484 [00:27<00:10, 43.19step/s]
[Origin 1/13] 🎲 Drawing Posterior Samples:  69%|██████▊   | 1020/1484 [00:27<00:11, 42.01step/s]
[Origin 1/13] 🎲 Drawing Posterior Samples:  69%|██████▉   | 1025/1484 [00:27<00:10, 44.05step/s]
[Origin 1/13] 🎲 Drawing Posterior Samples:  69%|██████▉   | 1030/1484 [00:27<00:10, 42.82step/s]
[Origin 1/13] 🎲 Drawing Posterior Samples:  70%|██████▉   | 1035/1484 [00:27<00:10, 44.66step/s]
[Origin 1/13] 🎲 Drawing Posterior Samples:  70%|███████   | 1040/1484 [00:27<00:10, 42.89step/s]
[Origin 1/13] 🎲 Drawing Posterior Samples:  70%|███████   | 1045/1484 [00:27<00:09, 44.71step/s]
[Origin 1/13] 🎲 Drawing Posterior Samples:  71%|███████   | 1050/1484 [00:28<00:10, 43.11step/s]
[Origin 1/13] 🎲 Drawing Posterior Samples:  71%|███████   | 1055/1484 [00:28<00:10, 42.08step/s]
[Origin 1/13] 🎲 Drawing Posterior Samples:  71%|███████▏  | 1060/1484 [00:28<00:09, 44.02step/s]
[Origin 1/13] 🎲 Drawing Posterior Samples:  72%|███████▏  | 1065/1484 [00:28<00:09, 42.64step/s]
[Origin 1/13] 🎲 Drawing Posterior Samples:  72%|███████▏  | 1070/1484 [00:28<00:09, 44.52step/s]
[Origin 1/13] 🎲 Drawing Posterior Samples:  72%|███████▏  | 1075/1484 [00:28<00:09, 42.86step/s]
[Origin 1/13] 🎲 Drawing Posterior Samples:  73%|███████▎  | 1080/1484 [00:28<00:11, 34.26step/s]
[Origin 1/13] 🎲 Drawing Posterior Samples:  73%|███████▎  | 1084/1484 [00:29<00:12, 32.76step/s]
[Origin 1/13] 🎲 Drawing Posterior Samples:  73%|███████▎  | 1088/1484 [00:29<00:12, 32.62step/s]
[Origin 1/13] 🎲 Drawing Posterior Samples:  74%|███████▎  | 1092/1484 [00:29<00:13, 29.94step/s]
[Origin 1/13] 🎲 Drawing Posterior Samples:  74%|███████▍  | 1096/1484 [00:29<00:13, 29.61step/s]
[Origin 1/13] 🎲 Drawing Posterior Samples:  74%|███████▍  | 1100/1484 [00:29<00:12, 30.14step/s]
[Origin 1/13] 🎲 Drawing Posterior Samples:  74%|███████▍  | 1104/1484 [00:29<00:12, 29.79step/s]
[Origin 1/13] 🎲 Drawing Posterior Samples:  75%|███████▍  | 1108/1484 [00:29<00:12, 29.60step/s]
[Origin 1/13] 🎲 Drawing Posterior Samples:  75%|███████▍  | 1112/1484 [00:29<00:12, 30.44step/s]
[Origin 1/13] 🎲 Drawing Posterior Samples:  75%|███████▌  | 1116/1484 [00:31<00:44,  8.32step/s]
[Origin 1/13] 🎲 Drawing Posterior Samples:  76%|███████▌  | 1121/1484 [00:31<00:31, 11.69step/s]
[Origin 1/13] 🎲 Drawing Posterior Samples:  76%|███████▌  | 1125/1484 [00:31<00:24, 14.55step/s]
[Origin 1/13] 🎲 Drawing Posterior Samples:  76%|███████▌  | 1130/1484 [00:31<00:18, 19.09step/s]
[Origin 1/13] 🎲 Drawing Posterior Samples:  76%|███████▋  | 1134/1484 [00:31<00:15, 22.06step/s]
[Origin 1/13] 🎲 Drawing Posterior Samples:  77%|███████▋  | 1139/1484 [00:31<00:12, 27.04step/s]
[Origin 1/13] 🎲 Drawing Posterior Samples:  77%|███████▋  | 1144/1484 [00:31<00:11, 30.06step/s]
[Origin 1/13] 🎲 Drawing Posterior Samples:  77%|███████▋  | 1149/1484 [00:32<00:09, 34.30step/s]
[Origin 1/13] 🎲 Drawing Posterior Samples:  78%|███████▊  | 1154/1484 [00:32<00:09, 35.83step/s]
[Origin 1/13] 🎲 Drawing Posterior Samples:  78%|███████▊  | 1159/1484 [00:32<00:08, 36.86step/s]
[Origin 1/13] 🎲 Drawing Posterior Samples:  78%|███████▊  | 1164/1484 [00:32<00:08, 39.98step/s]
[Origin 1/13] 🎲 Drawing Posterior Samples:  79%|███████▉  | 1169/1484 [00:32<00:07, 39.80step/s]
[Origin 1/13] 🎲 Drawing Posterior Samples:  79%|███████▉  | 1174/1484 [00:32<00:07, 42.34step/s]
[Origin 1/13] 🎲 Drawing Posterior Samples:  79%|███████▉  | 1179/1484 [00:32<00:07, 41.32step/s]
[Origin 1/13] 🎲 Drawing Posterior Samples:  80%|███████▉  | 1184/1484 [00:32<00:06, 43.53step/s]
[Origin 1/13] 🎲 Drawing Posterior Samples:  80%|████████  | 1189/1484 [00:32<00:07, 42.08step/s]
[Origin 1/13] 🎲 Drawing Posterior Samples:  80%|████████  | 1194/1484 [00:33<00:07, 41.31step/s]
[Origin 1/13] 🎲 Drawing Posterior Samples:  81%|████████  | 1199/1484 [00:33<00:06, 43.45step/s]
[Origin 1/13] 🎲 Drawing Posterior Samples:  81%|████████  | 1204/1484 [00:33<00:06, 42.31step/s]
[Origin 1/13] 🎲 Drawing Posterior Samples:  81%|████████▏ | 1209/1484 [00:33<00:06, 44.26step/s]
[Origin 1/13] 🎲 Drawing Posterior Samples:  82%|████████▏ | 1214/1484 [00:33<00:06, 42.73step/s]
[Origin 1/13] 🎲 Drawing Posterior Samples:  82%|████████▏ | 1219/1484 [00:33<00:05, 44.60step/s]
[Origin 1/13] 🎲 Drawing Posterior Samples:  82%|████████▏ | 1224/1484 [00:33<00:06, 43.15step/s]
[Origin 1/13] 🎲 Drawing Posterior Samples:  83%|████████▎ | 1229/1484 [00:33<00:06, 41.86step/s]
[Origin 1/13] 🎲 Drawing Posterior Samples:  83%|████████▎ | 1234/1484 [00:33<00:05, 43.86step/s]
[Origin 1/13] 🎲 Drawing Posterior Samples:  83%|████████▎ | 1239/1484 [00:34<00:05, 42.59step/s]
[Origin 1/13] 🎲 Drawing Posterior Samples:  84%|████████▍ | 1244/1484 [00:34<00:05, 44.48step/s]
[Origin 1/13] 🎲 Drawing Posterior Samples:  84%|████████▍ | 1249/1484 [00:34<00:05, 42.94step/s]
[Origin 1/13] 🎲 Drawing Posterior Samples:  85%|████████▍ | 1254/1484 [00:34<00:05, 44.76step/s]
[Origin 1/13] 🎲 Drawing Posterior Samples:  85%|████████▍ | 1259/1484 [00:34<00:05, 43.12step/s]
[Origin 1/13] 🎲 Drawing Posterior Samples:  85%|████████▌ | 1264/1484 [00:34<00:05, 42.78step/s]
[Origin 1/13] 🎲 Drawing Posterior Samples:  86%|████████▌ | 1269/1484 [00:34<00:04, 44.01step/s]
[Origin 1/13] 🎲 Drawing Posterior Samples:  86%|████████▌ | 1274/1484 [00:34<00:04, 42.60step/s]
[Origin 1/13] 🎲 Drawing Posterior Samples:  86%|████████▌ | 1279/1484 [00:35<00:04, 44.46step/s]
[Origin 1/13] 🎲 Drawing Posterior Samples:  87%|████████▋ | 1284/1484 [00:35<00:04, 42.93step/s]
[Origin 1/13] 🎲 Drawing Posterior Samples:  87%|████████▋ | 1289/1484 [00:35<00:04, 44.75step/s]
[Origin 1/13] 🎲 Drawing Posterior Samples:  87%|████████▋ | 1294/1484 [00:35<00:04, 43.03step/s]
[Origin 1/13] 🎲 Drawing Posterior Samples:  88%|████████▊ | 1299/1484 [00:35<00:04, 44.83step/s]
[Origin 1/13] 🎲 Drawing Posterior Samples:  88%|████████▊ | 1304/1484 [00:35<00:04, 43.17step/s]
[Origin 1/13] 🎲 Drawing Posterior Samples:  88%|████████▊ | 1309/1484 [00:35<00:04, 42.21step/s]
[Origin 1/13] 🎲 Drawing Posterior Samples:  89%|████████▊ | 1314/1484 [00:35<00:03, 44.20step/s]
[Origin 1/13] 🎲 Drawing Posterior Samples:  89%|████████▉ | 1319/1484 [00:35<00:03, 42.81step/s]
[Origin 1/13] 🎲 Drawing Posterior Samples:  89%|████████▉ | 1324/1484 [00:36<00:03, 44.64step/s]
[Origin 1/13] 🎲 Drawing Posterior Samples:  90%|████████▉ | 1329/1484 [00:36<00:03, 42.96step/s]
[Origin 1/13] 🎲 Drawing Posterior Samples:  90%|████████▉ | 1334/1484 [00:36<00:03, 44.78step/s]
[Origin 1/13] 🎲 Drawing Posterior Samples:  90%|█████████ | 1339/1484 [00:36<00:03, 43.06step/s]
[Origin 1/13] 🎲 Drawing Posterior Samples:  91%|█████████ | 1344/1484 [00:36<00:03, 41.92step/s]
[Origin 1/13] 🎲 Drawing Posterior Samples:  91%|█████████ | 1349/1484 [00:36<00:03, 43.99step/s]
[Origin 1/13] 🎲 Drawing Posterior Samples:  91%|█████████ | 1354/1484 [00:36<00:03, 42.82step/s]
[Origin 1/13] 🎲 Drawing Posterior Samples:  92%|█████████▏| 1359/1484 [00:36<00:02, 44.67step/s]
[Origin 1/13] 🎲 Drawing Posterior Samples:  92%|█████████▏| 1364/1484 [00:36<00:02, 43.06step/s]
[Origin 1/13] 🎲 Drawing Posterior Samples:  92%|█████████▏| 1369/1484 [00:37<00:02, 44.82step/s]
[Origin 1/13] 🎲 Drawing Posterior Samples:  93%|█████████▎| 1374/1484 [00:37<00:02, 43.40step/s]
[Origin 1/13] 🎲 Drawing Posterior Samples:  93%|█████████▎| 1379/1484 [00:37<00:02, 42.28step/s]
[Origin 1/13] 🎲 Drawing Posterior Samples:  93%|█████████▎| 1384/1484 [00:37<00:02, 44.15step/s]
[Origin 1/13] 🎲 Drawing Posterior Samples:  94%|█████████▎| 1389/1484 [00:37<00:02, 42.62step/s]
[Origin 1/13] 🎲 Drawing Posterior Samples:  94%|█████████▍| 1394/1484 [00:37<00:02, 44.52step/s]
[Origin 1/13] 🎲 Drawing Posterior Samples:  94%|█████████▍| 1399/1484 [00:37<00:01, 42.87step/s]
[Origin 1/13] 🎲 Drawing Posterior Samples:  95%|█████████▍| 1404/1484 [00:37<00:01, 44.70step/s]
[Origin 1/13] 🎲 Drawing Posterior Samples:  95%|█████████▍| 1409/1484 [00:38<00:01, 43.17step/s]
[Origin 1/13] 🎲 Drawing Posterior Samples:  95%|█████████▌| 1414/1484 [00:38<00:01, 43.39step/s]
[Origin 1/13] 🎲 Drawing Posterior Samples:  96%|█████████▌| 1419/1484 [00:38<00:01, 43.68step/s]
[Origin 1/13] 🎲 Drawing Posterior Samples:  96%|█████████▌| 1424/1484 [00:38<00:01, 42.55step/s]
[Origin 1/13] 🎲 Drawing Posterior Samples:  96%|█████████▋| 1429/1484 [00:38<00:01, 44.44step/s]
[Origin 1/13] 🎲 Drawing Posterior Samples:  97%|█████████▋| 1434/1484 [00:38<00:01, 43.01step/s]
[Origin 1/13] 🎲 Drawing Posterior Samples:  97%|█████████▋| 1439/1484 [00:38<00:01, 44.82step/s]
[Origin 1/13] 🎲 Drawing Posterior Samples:  97%|█████████▋| 1444/1484 [00:38<00:00, 43.14step/s]
[Origin 1/13] 🎲 Drawing Posterior Samples:  98%|█████████▊| 1449/1484 [00:38<00:00, 38.95step/s]
[Origin 1/13] 🎲 Drawing Posterior Samples:  98%|█████████▊| 1454/1484 [00:39<00:00, 35.80step/s]
[Origin 1/13] 🎲 Drawing Posterior Samples:  98%|█████████▊| 1458/1484 [00:39<00:00, 34.67step/s]
[Origin 1/13] 🎲 Drawing Posterior Samples:  99%|█████████▊| 1462/1484 [00:39<00:00, 32.61step/s]
[Origin 1/13] 🎲 Drawing Posterior Samples:  99%|█████████▉| 1466/1484 [00:39<00:00, 26.85step/s]
[Origin 1/13] 🎲 Drawing Posterior Samples:  99%|█████████▉| 1469/1484 [00:39<00:00, 24.72step/s]
[Origin 1/13] 🎲 Drawing Posterior Samples:  99%|█████████▉| 1473/1484 [00:39<00:00, 26.68step/s]
[Origin 1/13] 🎲 Drawing Posterior Samples:  99%|█████████▉| 1476/1484 [00:40<00:00, 26.82step/s]
[Origin 1/13] 🎲 Drawing Posterior Samples: 100%|█████████▉| 1480/1484 [00:40<00:00, 28.23step/s]
[Origin 1/13] 🎲 Drawing Posterior Samples: 100%|█████████▉| 1483/1484 [00:40<00:00, 28.40step/s]
                                                                                                 

[Origin 2/13] 🎲 Drawing Posterior Samples:   0%|          | 0/1488 [00:00<?, ?step/s]
[Origin 2/13] 🎲 Drawing Posterior Samples:   0%|          | 5/1488 [00:00<00:34, 43.39step/s]
[Origin 2/13] 🎲 Drawing Posterior Samples:   1%|          | 10/1488 [00:00<00:31, 46.71step/s]
[Origin 2/13] 🎲 Drawing Posterior Samples:   1%|          | 15/1488 [00:00<00:34, 43.12step/s]
[Origin 2/13] 🎲 Drawing Posterior Samples:   1%|▏         | 20/1488 [00:00<00:34, 42.21step/s]
[Origin 2/13] 🎲 Drawing Posterior Samples:   2%|▏         | 25/1488 [00:00<00:33, 43.87step/s]
[Origin 2/13] 🎲 Drawing Posterior Samples:   2%|▏         | 30/1488 [00:00<00:34, 42.19step/s]
[Origin 2/13] 🎲 Drawing Posterior Samples:   2%|▏         | 35/1488 [00:00<00:32, 44.32step/s]
[Origin 2/13] 🎲 Drawing Posterior Samples:   3%|▎         | 40/1488 [00:00<00:33, 42.65step/s]
[Origin 2/13] 🎲 Drawing Posterior Samples:   3%|▎         | 45/1488 [00:01<00:32, 44.54step/s]
[Origin 2/13] 🎲 Drawing Posterior Samples:   3%|▎         | 50/1488 [00:01<00:33, 42.86step/s]
[Origin 2/13] 🎲 Drawing Posterior Samples:   4%|▎         | 55/1488 [00:01<00:34, 42.05step/s]
[Origin 2/13] 🎲 Drawing Posterior Samples:   4%|▍         | 60/1488 [00:01<00:32, 43.91step/s]
[Origin 2/13] 🎲 Drawing Posterior Samples:   4%|▍         | 65/1488 [00:01<00:33, 42.39step/s]
[Origin 2/13] 🎲 Drawing Posterior Samples:   5%|▍         | 70/1488 [00:01<00:32, 44.27step/s]
[Origin 2/13] 🎲 Drawing Posterior Samples:   5%|▌         | 75/1488 [00:01<00:33, 42.67step/s]
[Origin 2/13] 🎲 Drawing Posterior Samples:   5%|▌         | 80/1488 [00:01<00:31, 44.49step/s]
[Origin 2/13] 🎲 Drawing Posterior Samples:   6%|▌         | 85/1488 [00:01<00:32, 42.86step/s]
[Origin 2/13] 🎲 Drawing Posterior Samples:   6%|▌         | 90/1488 [00:02<00:33, 41.93step/s]
[Origin 2/13] 🎲 Drawing Posterior Samples:   6%|▋         | 95/1488 [00:02<00:31, 43.70step/s]
[Origin 2/13] 🎲 Drawing Posterior Samples:   7%|▋         | 100/1488 [00:02<00:32, 42.48step/s]
[Origin 2/13] 🎲 Drawing Posterior Samples:   7%|▋         | 105/1488 [00:02<00:31, 44.23step/s]
[Origin 2/13] 🎲 Drawing Posterior Samples:   7%|▋         | 110/1488 [00:02<00:32, 42.41step/s]
[Origin 2/13] 🎲 Drawing Posterior Samples:   8%|▊         | 115/1488 [00:02<00:30, 44.31step/s]
[Origin 2/13] 🎲 Drawing Posterior Samples:   8%|▊         | 120/1488 [00:02<00:32, 42.61step/s]
[Origin 2/13] 🎲 Drawing Posterior Samples:   8%|▊         | 125/1488 [00:02<00:32, 41.54step/s]
[Origin 2/13] 🎲 Drawing Posterior Samples:   9%|▊         | 130/1488 [00:03<00:31, 43.58step/s]
[Origin 2/13] 🎲 Drawing Posterior Samples:   9%|▉         | 135/1488 [00:03<00:32, 42.08step/s]
[Origin 2/13] 🎲 Drawing Posterior Samples:   9%|▉         | 140/1488 [00:03<00:30, 44.09step/s]
[Origin 2/13] 🎲 Drawing Posterior Samples:  10%|▉         | 145/1488 [00:03<00:31, 42.44step/s]
[Origin 2/13] 🎲 Drawing Posterior Samples:  10%|█         | 150/1488 [00:03<00:30, 44.29step/s]
[Origin 2/13] 🎲 Drawing Posterior Samples:  10%|█         | 155/1488 [00:03<00:31, 42.51step/s]
[Origin 2/13] 🎲 Drawing Posterior Samples:  11%|█         | 160/1488 [00:03<00:31, 41.50step/s]
[Origin 2/13] 🎲 Drawing Posterior Samples:  11%|█         | 165/1488 [00:03<00:30, 43.56step/s]
[Origin 2/13] 🎲 Drawing Posterior Samples:  11%|█▏        | 170/1488 [00:03<00:31, 42.14step/s]
[Origin 2/13] 🎲 Drawing Posterior Samples:  12%|█▏        | 175/1488 [00:04<00:29, 44.09step/s]
[Origin 2/13] 🎲 Drawing Posterior Samples:  12%|█▏        | 180/1488 [00:04<00:30, 42.61step/s]
[Origin 2/13] 🎲 Drawing Posterior Samples:  12%|█▏        | 185/1488 [00:04<00:30, 42.78step/s]
[Origin 2/13] 🎲 Drawing Posterior Samples:  13%|█▎        | 190/1488 [00:04<00:29, 43.37step/s]
[Origin 2/13] 🎲 Drawing Posterior Samples:  13%|█▎        | 195/1488 [00:04<00:30, 42.22step/s]
[Origin 2/13] 🎲 Drawing Posterior Samples:  13%|█▎        | 200/1488 [00:04<00:29, 44.08step/s]
[Origin 2/13] 🎲 Drawing Posterior Samples:  14%|█▍        | 205/1488 [00:04<00:30, 42.53step/s]
[Origin 2/13] 🎲 Drawing Posterior Samples:  14%|█▍        | 210/1488 [00:04<00:28, 44.37step/s]
[Origin 2/13] 🎲 Drawing Posterior Samples:  14%|█▍        | 215/1488 [00:04<00:29, 42.65step/s]
[Origin 2/13] 🎲 Drawing Posterior Samples:  15%|█▍        | 220/1488 [00:05<00:29, 43.49step/s]
[Origin 2/13] 🎲 Drawing Posterior Samples:  15%|█▌        | 225/1488 [00:05<00:29, 43.20step/s]
[Origin 2/13] 🎲 Drawing Posterior Samples:  15%|█▌        | 230/1488 [00:05<00:29, 41.95step/s]
[Origin 2/13] 🎲 Drawing Posterior Samples:  16%|█▌        | 235/1488 [00:05<00:28, 43.93step/s]
[Origin 2/13] 🎲 Drawing Posterior Samples:  16%|█▌        | 240/1488 [00:05<00:29, 42.29step/s]
[Origin 2/13] 🎲 Drawing Posterior Samples:  16%|█▋        | 245/1488 [00:05<00:28, 44.16step/s]
[Origin 2/13] 🎲 Drawing Posterior Samples:  17%|█▋        | 250/1488 [00:05<00:29, 42.68step/s]
[Origin 2/13] 🎲 Drawing Posterior Samples:  17%|█▋        | 255/1488 [00:05<00:27, 44.38step/s]
[Origin 2/13] 🎲 Drawing Posterior Samples:  17%|█▋        | 260/1488 [00:06<00:28, 42.74step/s]
[Origin 2/13] 🎲 Drawing Posterior Samples:  18%|█▊        | 265/1488 [00:06<00:29, 41.63step/s]
[Origin 2/13] 🎲 Drawing Posterior Samples:  18%|█▊        | 270/1488 [00:06<00:27, 43.65step/s]
[Origin 2/13] 🎲 Drawing Posterior Samples:  18%|█▊        | 275/1488 [00:06<00:28, 42.17step/s]
[Origin 2/13] 🎲 Drawing Posterior Samples:  19%|█▉        | 280/1488 [00:06<00:27, 44.11step/s]
[Origin 2/13] 🎲 Drawing Posterior Samples:  19%|█▉        | 285/1488 [00:06<00:28, 42.80step/s]
[Origin 2/13] 🎲 Drawing Posterior Samples:  19%|█▉        | 290/1488 [00:06<00:27, 42.83step/s]
[Origin 2/13] 🎲 Drawing Posterior Samples:  20%|█▉        | 295/1488 [00:06<00:27, 43.42step/s]
[Origin 2/13] 🎲 Drawing Posterior Samples:  20%|██        | 300/1488 [00:06<00:28, 41.86step/s]
[Origin 2/13] 🎲 Drawing Posterior Samples:  20%|██        | 305/1488 [00:07<00:26, 43.86step/s]
[Origin 2/13] 🎲 Drawing Posterior Samples:  21%|██        | 310/1488 [00:07<00:27, 42.25step/s]
[Origin 2/13] 🎲 Drawing Posterior Samples:  21%|██        | 315/1488 [00:07<00:26, 44.16step/s]
[Origin 2/13] 🎲 Drawing Posterior Samples:  22%|██▏       | 320/1488 [00:07<00:27, 42.70step/s]
[Origin 2/13] 🎲 Drawing Posterior Samples:  22%|██▏       | 325/1488 [00:07<00:27, 42.48step/s]
[Origin 2/13] 🎲 Drawing Posterior Samples:  22%|██▏       | 330/1488 [00:07<00:26, 43.32step/s]
[Origin 2/13] 🎲 Drawing Posterior Samples:  23%|██▎       | 335/1488 [00:07<00:27, 41.76step/s]
[Origin 2/13] 🎲 Drawing Posterior Samples:  23%|██▎       | 340/1488 [00:07<00:32, 35.79step/s]
[Origin 2/13] 🎲 Drawing Posterior Samples:  23%|██▎       | 344/1488 [00:08<00:32, 34.89step/s]
[Origin 2/13] 🎲 Drawing Posterior Samples:  23%|██▎       | 348/1488 [00:08<00:34, 32.92step/s]
[Origin 2/13] 🎲 Drawing Posterior Samples:  24%|██▎       | 352/1488 [00:08<00:36, 31.55step/s]
[Origin 2/13] 🎲 Drawing Posterior Samples:  24%|██▍       | 356/1488 [00:08<00:35, 31.85step/s]
[Origin 2/13] 🎲 Drawing Posterior Samples:  24%|██▍       | 360/1488 [00:08<00:36, 30.66step/s]
[Origin 2/13] 🎲 Drawing Posterior Samples:  24%|██▍       | 364/1488 [00:08<00:38, 29.55step/s]
[Origin 2/13] 🎲 Drawing Posterior Samples:  25%|██▍       | 368/1488 [00:08<00:36, 30.41step/s]
[Origin 2/13] 🎲 Drawing Posterior Samples:  25%|██▌       | 372/1488 [00:09<00:37, 29.73step/s]
[Origin 2/13] 🎲 Drawing Posterior Samples:  25%|██▌       | 375/1488 [00:10<02:20,  7.94step/s]
[Origin 2/13] 🎲 Drawing Posterior Samples:  25%|██▌       | 379/1488 [00:10<01:45, 10.54step/s]
[Origin 2/13] 🎲 Drawing Posterior Samples:  26%|██▌       | 384/1488 [00:10<01:15, 14.67step/s]
[Origin 2/13] 🎲 Drawing Posterior Samples:  26%|██▌       | 388/1488 [00:10<01:01, 17.77step/s]
[Origin 2/13] 🎲 Drawing Posterior Samples:  26%|██▋       | 393/1488 [00:10<00:48, 22.67step/s]
[Origin 2/13] 🎲 Drawing Posterior Samples:  27%|██▋       | 397/1488 [00:10<00:42, 25.52step/s]
[Origin 2/13] 🎲 Drawing Posterior Samples:  27%|██▋       | 402/1488 [00:10<00:35, 30.29step/s]
[Origin 2/13] 🎲 Drawing Posterior Samples:  27%|██▋       | 407/1488 [00:11<00:33, 32.55step/s]
[Origin 2/13] 🎲 Drawing Posterior Samples:  28%|██▊       | 412/1488 [00:11<00:31, 34.57step/s]
[Origin 2/13] 🎲 Drawing Posterior Samples:  28%|██▊       | 417/1488 [00:11<00:28, 37.69step/s]
[Origin 2/13] 🎲 Drawing Posterior Samples:  28%|██▊       | 422/1488 [00:11<00:28, 38.03step/s]
[Origin 2/13] 🎲 Drawing Posterior Samples:  29%|██▊       | 427/1488 [00:11<00:26, 40.69step/s]
[Origin 2/13] 🎲 Drawing Posterior Samples:  29%|██▉       | 432/1488 [00:11<00:26, 40.04step/s]
[Origin 2/13] 🎲 Drawing Posterior Samples:  29%|██▉       | 437/1488 [00:11<00:24, 42.25step/s]
[Origin 2/13] 🎲 Drawing Posterior Samples:  30%|██▉       | 442/1488 [00:11<00:25, 41.20step/s]
[Origin 2/13] 🎲 Drawing Posterior Samples:  30%|███       | 447/1488 [00:12<00:25, 40.41step/s]
[Origin 2/13] 🎲 Drawing Posterior Samples:  30%|███       | 452/1488 [00:12<00:24, 42.51step/s]
[Origin 2/13] 🎲 Drawing Posterior Samples:  31%|███       | 457/1488 [00:12<00:24, 41.46step/s]
[Origin 2/13] 🎲 Drawing Posterior Samples:  31%|███       | 462/1488 [00:12<00:23, 43.33step/s]
[Origin 2/13] 🎲 Drawing Posterior Samples:  31%|███▏      | 467/1488 [00:12<00:24, 41.79step/s]
[Origin 2/13] 🎲 Drawing Posterior Samples:  32%|███▏      | 472/1488 [00:12<00:24, 41.21step/s]
[Origin 2/13] 🎲 Drawing Posterior Samples:  32%|███▏      | 477/1488 [00:12<00:23, 42.74step/s]
[Origin 2/13] 🎲 Drawing Posterior Samples:  32%|███▏      | 482/1488 [00:12<00:24, 41.59step/s]
[Origin 2/13] 🎲 Drawing Posterior Samples:  33%|███▎      | 487/1488 [00:12<00:23, 43.42step/s]
[Origin 2/13] 🎲 Drawing Posterior Samples:  33%|███▎      | 492/1488 [00:13<00:23, 41.94step/s]
[Origin 2/13] 🎲 Drawing Posterior Samples:  33%|███▎      | 497/1488 [00:13<00:22, 43.68step/s]
[Origin 2/13] 🎲 Drawing Posterior Samples:  34%|███▎      | 502/1488 [00:13<00:23, 42.25step/s]
[Origin 2/13] 🎲 Drawing Posterior Samples:  34%|███▍      | 507/1488 [00:13<00:23, 41.39step/s]
[Origin 2/13] 🎲 Drawing Posterior Samples:  34%|███▍      | 512/1488 [00:13<00:22, 43.16step/s]
[Origin 2/13] 🎲 Drawing Posterior Samples:  35%|███▍      | 517/1488 [00:13<00:23, 41.71step/s]
[Origin 2/13] 🎲 Drawing Posterior Samples:  35%|███▌      | 522/1488 [00:13<00:22, 43.50step/s]
[Origin 2/13] 🎲 Drawing Posterior Samples:  35%|███▌      | 527/1488 [00:13<00:22, 41.97step/s]
[Origin 2/13] 🎲 Drawing Posterior Samples:  36%|███▌      | 532/1488 [00:14<00:21, 43.71step/s]
[Origin 2/13] 🎲 Drawing Posterior Samples:  36%|███▌      | 537/1488 [00:14<00:22, 42.29step/s]
[Origin 2/13] 🎲 Drawing Posterior Samples:  36%|███▋      | 542/1488 [00:14<00:23, 41.06step/s]
[Origin 2/13] 🎲 Drawing Posterior Samples:  37%|███▋      | 547/1488 [00:14<00:21, 43.01step/s]
[Origin 2/13] 🎲 Drawing Posterior Samples:  37%|███▋      | 552/1488 [00:14<00:22, 41.83step/s]
[Origin 2/13] 🎲 Drawing Posterior Samples:  37%|███▋      | 557/1488 [00:14<00:21, 43.61step/s]
[Origin 2/13] 🎲 Drawing Posterior Samples:  38%|███▊      | 562/1488 [00:14<00:22, 41.98step/s]
[Origin 2/13] 🎲 Drawing Posterior Samples:  38%|███▊      | 567/1488 [00:14<00:22, 40.77step/s]
[Origin 2/13] 🎲 Drawing Posterior Samples:  38%|███▊      | 572/1488 [00:14<00:21, 42.71step/s]
[Origin 2/13] 🎲 Drawing Posterior Samples:  39%|███▉      | 577/1488 [00:15<00:21, 41.48step/s]
[Origin 2/13] 🎲 Drawing Posterior Samples:  39%|███▉      | 582/1488 [00:15<00:20, 43.32step/s]
[Origin 2/13] 🎲 Drawing Posterior Samples:  39%|███▉      | 587/1488 [00:15<00:21, 41.77step/s]
[Origin 2/13] 🎲 Drawing Posterior Samples:  40%|███▉      | 592/1488 [00:15<00:20, 43.55step/s]
[Origin 2/13] 🎲 Drawing Posterior Samples:  40%|████      | 597/1488 [00:15<00:21, 42.21step/s]
[Origin 2/13] 🎲 Drawing Posterior Samples:  40%|████      | 602/1488 [00:15<00:21, 41.02step/s]
[Origin 2/13] 🎲 Drawing Posterior Samples:  41%|████      | 607/1488 [00:15<00:20, 43.00step/s]
[Origin 2/13] 🎲 Drawing Posterior Samples:  41%|████      | 612/1488 [00:15<00:20, 41.73step/s]
[Origin 2/13] 🎲 Drawing Posterior Samples:  41%|████▏     | 617/1488 [00:16<00:20, 43.51step/s]
[Origin 2/13] 🎲 Drawing Posterior Samples:  42%|████▏     | 622/1488 [00:16<00:20, 42.02step/s]
[Origin 2/13] 🎲 Drawing Posterior Samples:  42%|████▏     | 627/1488 [00:16<00:21, 40.79step/s]
[Origin 2/13] 🎲 Drawing Posterior Samples:  42%|████▏     | 632/1488 [00:16<00:20, 42.73step/s]
[Origin 2/13] 🎲 Drawing Posterior Samples:  43%|████▎     | 637/1488 [00:16<00:20, 41.65step/s]
[Origin 2/13] 🎲 Drawing Posterior Samples:  43%|████▎     | 642/1488 [00:16<00:19, 43.48step/s]
[Origin 2/13] 🎲 Drawing Posterior Samples:  43%|████▎     | 647/1488 [00:16<00:20, 41.92step/s]
[Origin 2/13] 🎲 Drawing Posterior Samples:  44%|████▍     | 652/1488 [00:16<00:19, 43.67step/s]
[Origin 2/13] 🎲 Drawing Posterior Samples:  44%|████▍     | 657/1488 [00:16<00:19, 41.95step/s]
[Origin 2/13] 🎲 Drawing Posterior Samples:  44%|████▍     | 662/1488 [00:17<00:20, 41.24step/s]
[Origin 2/13] 🎲 Drawing Posterior Samples:  45%|████▍     | 667/1488 [00:17<00:19, 43.14step/s]
[Origin 2/13] 🎲 Drawing Posterior Samples:  45%|████▌     | 672/1488 [00:17<00:19, 41.62step/s]
[Origin 2/13] 🎲 Drawing Posterior Samples:  45%|████▌     | 677/1488 [00:17<00:18, 43.45step/s]
[Origin 2/13] 🎲 Drawing Posterior Samples:  46%|████▌     | 682/1488 [00:17<00:19, 41.73step/s]
[Origin 2/13] 🎲 Drawing Posterior Samples:  46%|████▌     | 687/1488 [00:17<00:19, 40.79step/s]
[Origin 2/13] 🎲 Drawing Posterior Samples:  47%|████▋     | 692/1488 [00:17<00:18, 42.76step/s]
[Origin 2/13] 🎲 Drawing Posterior Samples:  47%|████▋     | 697/1488 [00:17<00:19, 41.51step/s]
[Origin 2/13] 🎲 Drawing Posterior Samples:  47%|████▋     | 702/1488 [00:18<00:18, 43.34step/s]
[Origin 2/13] 🎲 Drawing Posterior Samples:  48%|████▊     | 707/1488 [00:18<00:18, 42.16step/s]
[Origin 2/13] 🎲 Drawing Posterior Samples:  48%|████▊     | 712/1488 [00:18<00:22, 35.00step/s]
[Origin 2/13] 🎲 Drawing Posterior Samples:  48%|████▊     | 716/1488 [00:18<00:23, 32.83step/s]
[Origin 2/13] 🎲 Drawing Posterior Samples:  48%|████▊     | 720/1488 [00:18<00:28, 26.75step/s]
[Origin 2/13] 🎲 Drawing Posterior Samples:  49%|████▊     | 724/1488 [00:18<00:27, 27.81step/s]
[Origin 2/13] 🎲 Drawing Posterior Samples:  49%|████▉     | 727/1488 [00:18<00:29, 25.98step/s]
[Origin 2/13] 🎲 Drawing Posterior Samples:  49%|████▉     | 730/1488 [00:19<00:32, 23.29step/s]
[Origin 2/13] 🎲 Drawing Posterior Samples:  49%|████▉     | 734/1488 [00:19<00:31, 24.19step/s]
[Origin 2/13] 🎲 Drawing Posterior Samples:  50%|████▉     | 738/1488 [00:19<00:28, 26.17step/s]
[Origin 2/13] 🎲 Drawing Posterior Samples:  50%|████▉     | 741/1488 [00:19<00:28, 25.80step/s]
[Origin 2/13] 🎲 Drawing Posterior Samples:  50%|█████     | 745/1488 [00:20<01:33,  7.93step/s]
[Origin 2/13] 🎲 Drawing Posterior Samples:  50%|█████     | 750/1488 [00:20<01:05, 11.18step/s]
[Origin 2/13] 🎲 Drawing Posterior Samples:  51%|█████     | 755/1488 [00:21<00:48, 15.19step/s]
[Origin 2/13] 🎲 Drawing Posterior Samples:  51%|█████     | 759/1488 [00:21<00:40, 18.21step/s]
[Origin 2/13] 🎲 Drawing Posterior Samples:  51%|█████▏    | 764/1488 [00:21<00:31, 23.00step/s]
[Origin 2/13] 🎲 Drawing Posterior Samples:  52%|█████▏    | 768/1488 [00:21<00:28, 25.67step/s]
[Origin 2/13] 🎲 Drawing Posterior Samples:  52%|█████▏    | 773/1488 [00:21<00:23, 30.38step/s]
[Origin 2/13] 🎲 Drawing Posterior Samples:  52%|█████▏    | 778/1488 [00:21<00:21, 32.54step/s]
[Origin 2/13] 🎲 Drawing Posterior Samples:  53%|█████▎    | 783/1488 [00:21<00:19, 36.27step/s]
[Origin 2/13] 🎲 Drawing Posterior Samples:  53%|█████▎    | 788/1488 [00:21<00:18, 37.11step/s]
[Origin 2/13] 🎲 Drawing Posterior Samples:  53%|█████▎    | 793/1488 [00:21<00:18, 37.77step/s]
[Origin 2/13] 🎲 Drawing Posterior Samples:  54%|█████▎    | 798/1488 [00:22<00:17, 40.42step/s]
[Origin 2/13] 🎲 Drawing Posterior Samples:  54%|█████▍    | 803/1488 [00:22<00:17, 39.90step/s]
[Origin 2/13] 🎲 Drawing Posterior Samples:  54%|█████▍    | 808/1488 [00:22<00:16, 42.13step/s]
[Origin 2/13] 🎲 Drawing Posterior Samples:  55%|█████▍    | 813/1488 [00:22<00:16, 40.96step/s]
[Origin 2/13] 🎲 Drawing Posterior Samples:  55%|█████▍    | 818/1488 [00:22<00:15, 42.94step/s]
[Origin 2/13] 🎲 Drawing Posterior Samples:  55%|█████▌    | 823/1488 [00:22<00:16, 41.42step/s]
[Origin 2/13] 🎲 Drawing Posterior Samples:  56%|█████▌    | 828/1488 [00:22<00:16, 40.71step/s]
[Origin 2/13] 🎲 Drawing Posterior Samples:  56%|█████▌    | 833/1488 [00:22<00:15, 42.74step/s]
[Origin 2/13] 🎲 Drawing Posterior Samples:  56%|█████▋    | 838/1488 [00:23<00:15, 41.44step/s]
[Origin 2/13] 🎲 Drawing Posterior Samples:  57%|█████▋    | 843/1488 [00:23<00:14, 43.31step/s]
[Origin 2/13] 🎲 Drawing Posterior Samples:  57%|█████▋    | 848/1488 [00:23<00:15, 42.02step/s]
[Origin 2/13] 🎲 Drawing Posterior Samples:  57%|█████▋    | 853/1488 [00:23<00:15, 40.94step/s]
[Origin 2/13] 🎲 Drawing Posterior Samples:  58%|█████▊    | 858/1488 [00:23<00:14, 42.87step/s]
[Origin 2/13] 🎲 Drawing Posterior Samples:  58%|█████▊    | 863/1488 [00:23<00:14, 41.79step/s]
[Origin 2/13] 🎲 Drawing Posterior Samples:  58%|█████▊    | 868/1488 [00:23<00:14, 43.56step/s]
[Origin 2/13] 🎲 Drawing Posterior Samples:  59%|█████▊    | 873/1488 [00:23<00:14, 42.15step/s]
[Origin 2/13] 🎲 Drawing Posterior Samples:  59%|█████▉    | 878/1488 [00:23<00:14, 41.68step/s]
[Origin 2/13] 🎲 Drawing Posterior Samples:  59%|█████▉    | 883/1488 [00:24<00:14, 42.96step/s]
[Origin 2/13] 🎲 Drawing Posterior Samples:  60%|█████▉    | 888/1488 [00:24<00:14, 41.81step/s]
[Origin 2/13] 🎲 Drawing Posterior Samples:  60%|██████    | 893/1488 [00:24<00:13, 43.60step/s]
[Origin 2/13] 🎲 Drawing Posterior Samples:  60%|██████    | 898/1488 [00:24<00:13, 42.24step/s]
[Origin 2/13] 🎲 Drawing Posterior Samples:  61%|██████    | 903/1488 [00:24<00:13, 43.92step/s]
[Origin 2/13] 🎲 Drawing Posterior Samples:  61%|██████    | 908/1488 [00:24<00:13, 42.09step/s]
[Origin 2/13] 🎲 Drawing Posterior Samples:  61%|██████▏   | 913/1488 [00:24<00:14, 40.93step/s]
[Origin 2/13] 🎲 Drawing Posterior Samples:  62%|██████▏   | 918/1488 [00:24<00:13, 42.83step/s]
[Origin 2/13] 🎲 Drawing Posterior Samples:  62%|██████▏   | 923/1488 [00:25<00:13, 41.77step/s]
[Origin 2/13] 🎲 Drawing Posterior Samples:  62%|██████▏   | 928/1488 [00:25<00:12, 43.55step/s]
[Origin 2/13] 🎲 Drawing Posterior Samples:  63%|██████▎   | 933/1488 [00:25<00:13, 42.05step/s]
[Origin 2/13] 🎲 Drawing Posterior Samples:  63%|██████▎   | 938/1488 [00:25<00:12, 43.77step/s]
[Origin 2/13] 🎲 Drawing Posterior Samples:  63%|██████▎   | 943/1488 [00:25<00:12, 42.39step/s]
[Origin 2/13] 🎲 Drawing Posterior Samples:  64%|██████▎   | 948/1488 [00:25<00:13, 41.35step/s]
[Origin 2/13] 🎲 Drawing Posterior Samples:  64%|██████▍   | 953/1488 [00:25<00:12, 43.22step/s]
[Origin 2/13] 🎲 Drawing Posterior Samples:  64%|██████▍   | 958/1488 [00:25<00:12, 41.96step/s]
[Origin 2/13] 🎲 Drawing Posterior Samples:  65%|██████▍   | 963/1488 [00:25<00:12, 43.69step/s]
[Origin 2/13] 🎲 Drawing Posterior Samples:  65%|██████▌   | 968/1488 [00:26<00:12, 42.01step/s]
[Origin 2/13] 🎲 Drawing Posterior Samples:  65%|██████▌   | 973/1488 [00:26<00:12, 41.23step/s]
[Origin 2/13] 🎲 Drawing Posterior Samples:  66%|██████▌   | 978/1488 [00:26<00:11, 42.85step/s]
[Origin 2/13] 🎲 Drawing Posterior Samples:  66%|██████▌   | 983/1488 [00:26<00:12, 41.62step/s]
[Origin 2/13] 🎲 Drawing Posterior Samples:  66%|██████▋   | 988/1488 [00:26<00:11, 43.44step/s]
[Origin 2/13] 🎲 Drawing Posterior Samples:  67%|██████▋   | 993/1488 [00:26<00:11, 41.96step/s]
[Origin 2/13] 🎲 Drawing Posterior Samples:  67%|██████▋   | 998/1488 [00:26<00:11, 43.70step/s]
[Origin 2/13] 🎲 Drawing Posterior Samples:  67%|██████▋   | 1003/1488 [00:26<00:11, 41.85step/s]
[Origin 2/13] 🎲 Drawing Posterior Samples:  68%|██████▊   | 1008/1488 [00:27<00:11, 40.95step/s]
[Origin 2/13] 🎲 Drawing Posterior Samples:  68%|██████▊   | 1013/1488 [00:27<00:11, 42.89step/s]
[Origin 2/13] 🎲 Drawing Posterior Samples:  68%|██████▊   | 1018/1488 [00:27<00:11, 41.64step/s]
[Origin 2/13] 🎲 Drawing Posterior Samples:  69%|██████▉   | 1023/1488 [00:27<00:10, 43.45step/s]
[Origin 2/13] 🎲 Drawing Posterior Samples:  69%|██████▉   | 1028/1488 [00:27<00:10, 41.94step/s]
[Origin 2/13] 🎲 Drawing Posterior Samples:  69%|██████▉   | 1033/1488 [00:27<00:11, 41.18step/s]
[Origin 2/13] 🎲 Drawing Posterior Samples:  70%|██████▉   | 1038/1488 [00:27<00:10, 42.81step/s]
[Origin 2/13] 🎲 Drawing Posterior Samples:  70%|███████   | 1043/1488 [00:27<00:10, 41.56step/s]
[Origin 2/13] 🎲 Drawing Posterior Samples:  70%|███████   | 1048/1488 [00:27<00:10, 43.41step/s]
[Origin 2/13] 🎲 Drawing Posterior Samples:  71%|███████   | 1053/1488 [00:28<00:10, 42.06step/s]
[Origin 2/13] 🎲 Drawing Posterior Samples:  71%|███████   | 1058/1488 [00:28<00:09, 43.79step/s]
[Origin 2/13] 🎲 Drawing Posterior Samples:  71%|███████▏  | 1063/1488 [00:28<00:10, 42.14step/s]
[Origin 2/13] 🎲 Drawing Posterior Samples:  72%|███████▏  | 1068/1488 [00:28<00:10, 41.24step/s]
[Origin 2/13] 🎲 Drawing Posterior Samples:  72%|███████▏  | 1073/1488 [00:28<00:09, 43.13step/s]
[Origin 2/13] 🎲 Drawing Posterior Samples:  72%|███████▏  | 1078/1488 [00:28<00:09, 41.86step/s]
[Origin 2/13] 🎲 Drawing Posterior Samples:  73%|███████▎  | 1083/1488 [00:28<00:11, 34.28step/s]
[Origin 2/13] 🎲 Drawing Posterior Samples:  73%|███████▎  | 1087/1488 [00:29<00:13, 29.16step/s]
[Origin 2/13] 🎲 Drawing Posterior Samples:  73%|███████▎  | 1091/1488 [00:29<00:17, 22.37step/s]
[Origin 2/13] 🎲 Drawing Posterior Samples:  74%|███████▎  | 1094/1488 [00:29<00:17, 22.60step/s]
[Origin 2/13] 🎲 Drawing Posterior Samples:  74%|███████▍  | 1098/1488 [00:29<00:16, 24.37step/s]
[Origin 2/13] 🎲 Drawing Posterior Samples:  74%|███████▍  | 1101/1488 [00:29<00:15, 25.39step/s]
[Origin 2/13] 🎲 Drawing Posterior Samples:  74%|███████▍  | 1104/1488 [00:29<00:15, 24.68step/s]
[Origin 2/13] 🎲 Drawing Posterior Samples:  74%|███████▍  | 1107/1488 [00:30<00:17, 22.21step/s]
[Origin 2/13] 🎲 Drawing Posterior Samples:  75%|███████▍  | 1110/1488 [00:30<00:16, 22.27step/s]
[Origin 2/13] 🎲 Drawing Posterior Samples:  75%|███████▍  | 1113/1488 [00:30<00:16, 22.45step/s]
[Origin 2/13] 🎲 Drawing Posterior Samples:  75%|███████▌  | 1116/1488 [00:30<00:15, 23.89step/s]
[Origin 2/13] 🎲 Drawing Posterior Samples:  75%|███████▌  | 1119/1488 [00:32<01:19,  4.65step/s]
[Origin 2/13] 🎲 Drawing Posterior Samples:  76%|███████▌  | 1124/1488 [00:32<00:49,  7.39step/s]
[Origin 2/13] 🎲 Drawing Posterior Samples:  76%|███████▌  | 1128/1488 [00:32<00:36,  9.93step/s]
[Origin 2/13] 🎲 Drawing Posterior Samples:  76%|███████▌  | 1133/1488 [00:32<00:25, 13.96step/s]
[Origin 2/13] 🎲 Drawing Posterior Samples:  76%|███████▋  | 1137/1488 [00:32<00:20, 17.07step/s]
[Origin 2/13] 🎲 Drawing Posterior Samples:  77%|███████▋  | 1142/1488 [00:32<00:15, 21.95step/s]
[Origin 2/13] 🎲 Drawing Posterior Samples:  77%|███████▋  | 1146/1488 [00:32<00:13, 24.79step/s]
[Origin 2/13] 🎲 Drawing Posterior Samples:  77%|███████▋  | 1151/1488 [00:33<00:11, 29.63step/s]
[Origin 2/13] 🎲 Drawing Posterior Samples:  78%|███████▊  | 1156/1488 [00:33<00:10, 32.17step/s]
[Origin 2/13] 🎲 Drawing Posterior Samples:  78%|███████▊  | 1161/1488 [00:33<00:09, 33.89step/s]
[Origin 2/13] 🎲 Drawing Posterior Samples:  78%|███████▊  | 1166/1488 [00:33<00:08, 37.32step/s]
[Origin 2/13] 🎲 Drawing Posterior Samples:  79%|███████▊  | 1171/1488 [00:33<00:08, 38.01step/s]
[Origin 2/13] 🎲 Drawing Posterior Samples:  79%|███████▉  | 1176/1488 [00:33<00:07, 40.66step/s]
[Origin 2/13] 🎲 Drawing Posterior Samples:  79%|███████▉  | 1181/1488 [00:33<00:07, 40.07step/s]
[Origin 2/13] 🎲 Drawing Posterior Samples:  80%|███████▉  | 1186/1488 [00:33<00:07, 40.77step/s]
[Origin 2/13] 🎲 Drawing Posterior Samples:  80%|████████  | 1191/1488 [00:33<00:07, 41.63step/s]
[Origin 2/13] 🎲 Drawing Posterior Samples:  80%|████████  | 1196/1488 [00:34<00:07, 40.52step/s]
[Origin 2/13] 🎲 Drawing Posterior Samples:  81%|████████  | 1201/1488 [00:34<00:06, 42.60step/s]
[Origin 2/13] 🎲 Drawing Posterior Samples:  81%|████████  | 1206/1488 [00:34<00:06, 41.49step/s]
[Origin 2/13] 🎲 Drawing Posterior Samples:  81%|████████▏ | 1211/1488 [00:34<00:06, 43.34step/s]
[Origin 2/13] 🎲 Drawing Posterior Samples:  82%|████████▏ | 1216/1488 [00:34<00:06, 41.93step/s]
[Origin 2/13] 🎲 Drawing Posterior Samples:  82%|████████▏ | 1221/1488 [00:34<00:06, 41.13step/s]
[Origin 2/13] 🎲 Drawing Posterior Samples:  82%|████████▏ | 1226/1488 [00:34<00:06, 42.99step/s]
[Origin 2/13] 🎲 Drawing Posterior Samples:  83%|████████▎ | 1231/1488 [00:34<00:06, 41.62step/s]
[Origin 2/13] 🎲 Drawing Posterior Samples:  83%|████████▎ | 1236/1488 [00:35<00:05, 43.43step/s]
[Origin 2/13] 🎲 Drawing Posterior Samples:  83%|████████▎ | 1241/1488 [00:35<00:05, 41.93step/s]
[Origin 2/13] 🎲 Drawing Posterior Samples:  84%|████████▎ | 1246/1488 [00:35<00:05, 42.22step/s]
[Origin 2/13] 🎲 Drawing Posterior Samples:  84%|████████▍ | 1251/1488 [00:35<00:05, 42.72step/s]
[Origin 2/13] 🎲 Drawing Posterior Samples:  84%|████████▍ | 1256/1488 [00:35<00:05, 41.35step/s]
[Origin 2/13] 🎲 Drawing Posterior Samples:  85%|████████▍ | 1261/1488 [00:35<00:05, 43.24step/s]
[Origin 2/13] 🎲 Drawing Posterior Samples:  85%|████████▌ | 1266/1488 [00:35<00:05, 41.97step/s]
[Origin 2/13] 🎲 Drawing Posterior Samples:  85%|████████▌ | 1271/1488 [00:35<00:04, 43.73step/s]
[Origin 2/13] 🎲 Drawing Posterior Samples:  86%|████████▌ | 1276/1488 [00:36<00:05, 41.97step/s]
[Origin 2/13] 🎲 Drawing Posterior Samples:  86%|████████▌ | 1281/1488 [00:36<00:05, 40.88step/s]
[Origin 2/13] 🎲 Drawing Posterior Samples:  86%|████████▋ | 1286/1488 [00:36<00:04, 42.82step/s]
[Origin 2/13] 🎲 Drawing Posterior Samples:  87%|████████▋ | 1291/1488 [00:36<00:04, 41.70step/s]
[Origin 2/13] 🎲 Drawing Posterior Samples:  87%|████████▋ | 1296/1488 [00:36<00:04, 43.52step/s]
[Origin 2/13] 🎲 Drawing Posterior Samples:  87%|████████▋ | 1301/1488 [00:36<00:04, 41.93step/s]
[Origin 2/13] 🎲 Drawing Posterior Samples:  88%|████████▊ | 1306/1488 [00:36<00:04, 42.04step/s]
[Origin 2/13] 🎲 Drawing Posterior Samples:  88%|████████▊ | 1311/1488 [00:36<00:04, 42.80step/s]
[Origin 2/13] 🎲 Drawing Posterior Samples:  88%|████████▊ | 1316/1488 [00:36<00:04, 41.32step/s]
[Origin 2/13] 🎲 Drawing Posterior Samples:  89%|████████▉ | 1321/1488 [00:37<00:03, 43.20step/s]
[Origin 2/13] 🎲 Drawing Posterior Samples:  89%|████████▉ | 1326/1488 [00:37<00:03, 41.74step/s]
[Origin 2/13] 🎲 Drawing Posterior Samples:  89%|████████▉ | 1331/1488 [00:37<00:03, 43.54step/s]
[Origin 2/13] 🎲 Drawing Posterior Samples:  90%|████████▉ | 1336/1488 [00:37<00:03, 41.95step/s]
[Origin 2/13] 🎲 Drawing Posterior Samples:  90%|█████████ | 1341/1488 [00:37<00:03, 40.88step/s]
[Origin 2/13] 🎲 Drawing Posterior Samples:  90%|█████████ | 1346/1488 [00:37<00:03, 42.82step/s]
[Origin 2/13] 🎲 Drawing Posterior Samples:  91%|█████████ | 1351/1488 [00:37<00:03, 41.44step/s]
[Origin 2/13] 🎲 Drawing Posterior Samples:  91%|█████████ | 1356/1488 [00:37<00:03, 43.30step/s]
[Origin 2/13] 🎲 Drawing Posterior Samples:  91%|█████████▏| 1361/1488 [00:38<00:03, 41.77step/s]
[Origin 2/13] 🎲 Drawing Posterior Samples:  92%|█████████▏| 1366/1488 [00:38<00:02, 41.45step/s]
[Origin 2/13] 🎲 Drawing Posterior Samples:  92%|█████████▏| 1371/1488 [00:38<00:02, 42.73step/s]
[Origin 2/13] 🎲 Drawing Posterior Samples:  92%|█████████▏| 1376/1488 [00:38<00:02, 41.56step/s]
[Origin 2/13] 🎲 Drawing Posterior Samples:  93%|█████████▎| 1381/1488 [00:38<00:02, 43.40step/s]
[Origin 2/13] 🎲 Drawing Posterior Samples:  93%|█████████▎| 1386/1488 [00:38<00:02, 41.69step/s]
[Origin 2/13] 🎲 Drawing Posterior Samples:  93%|█████████▎| 1391/1488 [00:38<00:02, 43.50step/s]
[Origin 2/13] 🎲 Drawing Posterior Samples:  94%|█████████▍| 1396/1488 [00:38<00:02, 42.11step/s]
[Origin 2/13] 🎲 Drawing Posterior Samples:  94%|█████████▍| 1401/1488 [00:38<00:02, 41.03step/s]
[Origin 2/13] 🎲 Drawing Posterior Samples:  94%|█████████▍| 1406/1488 [00:39<00:01, 42.97step/s]
[Origin 2/13] 🎲 Drawing Posterior Samples:  95%|█████████▍| 1411/1488 [00:39<00:01, 41.85step/s]
[Origin 2/13] 🎲 Drawing Posterior Samples:  95%|█████████▌| 1416/1488 [00:39<00:01, 43.62step/s]
[Origin 2/13] 🎲 Drawing Posterior Samples:  95%|█████████▌| 1421/1488 [00:39<00:01, 41.95step/s]
[Origin 2/13] 🎲 Drawing Posterior Samples:  96%|█████████▌| 1426/1488 [00:39<00:01, 41.59step/s]
[Origin 2/13] 🎲 Drawing Posterior Samples:  96%|█████████▌| 1431/1488 [00:39<00:01, 42.91step/s]
[Origin 2/13] 🎲 Drawing Posterior Samples:  97%|█████████▋| 1436/1488 [00:39<00:01, 41.67step/s]
[Origin 2/13] 🎲 Drawing Posterior Samples:  97%|█████████▋| 1441/1488 [00:39<00:01, 43.48step/s]
[Origin 2/13] 🎲 Drawing Posterior Samples:  97%|█████████▋| 1446/1488 [00:40<00:00, 42.07step/s]
[Origin 2/13] 🎲 Drawing Posterior Samples:  98%|█████████▊| 1451/1488 [00:40<00:00, 43.78step/s]
[Origin 2/13] 🎲 Drawing Posterior Samples:  98%|█████████▊| 1456/1488 [00:40<00:00, 33.57step/s]
[Origin 2/13] 🎲 Drawing Posterior Samples:  98%|█████████▊| 1460/1488 [00:40<00:00, 31.88step/s]
[Origin 2/13] 🎲 Drawing Posterior Samples:  98%|█████████▊| 1464/1488 [00:40<00:00, 25.14step/s]
[Origin 2/13] 🎲 Drawing Posterior Samples:  99%|█████████▊| 1467/1488 [00:40<00:00, 24.72step/s]
[Origin 2/13] 🎲 Drawing Posterior Samples:  99%|█████████▉| 1470/1488 [00:41<00:00, 25.04step/s]
[Origin 2/13] 🎲 Drawing Posterior Samples:  99%|█████████▉| 1474/1488 [00:41<00:00, 26.89step/s]
[Origin 2/13] 🎲 Drawing Posterior Samples:  99%|█████████▉| 1477/1488 [00:41<00:00, 27.11step/s]
[Origin 2/13] 🎲 Drawing Posterior Samples: 100%|█████████▉| 1481/1488 [00:41<00:00, 28.48step/s]
[Origin 2/13] 🎲 Drawing Posterior Samples: 100%|█████████▉| 1484/1488 [00:41<00:00, 27.79step/s]
[Origin 2/13] 🎲 Drawing Posterior Samples: 100%|██████████| 1488/1488 [00:41<00:00, 26.24step/s]
                                                                                                 

[Origin 3/13] 🎲 Drawing Posterior Samples:   0%|          | 0/1492 [00:00<?, ?step/s]
[Origin 3/13] 🎲 Drawing Posterior Samples:   0%|          | 5/1492 [00:00<00:30, 48.07step/s]
[Origin 3/13] 🎲 Drawing Posterior Samples:   1%|          | 10/1492 [00:00<00:33, 44.86step/s]
[Origin 3/13] 🎲 Drawing Posterior Samples:   1%|          | 15/1492 [00:00<00:35, 41.63step/s]
[Origin 3/13] 🎲 Drawing Posterior Samples:   1%|▏         | 20/1492 [00:00<00:33, 43.82step/s]
[Origin 3/13] 🎲 Drawing Posterior Samples:   2%|▏         | 25/1492 [00:00<00:35, 41.62step/s]
[Origin 3/13] 🎲 Drawing Posterior Samples:   2%|▏         | 30/1492 [00:00<00:33, 43.49step/s]
[Origin 3/13] 🎲 Drawing Posterior Samples:   2%|▏         | 35/1492 [00:00<00:35, 41.62step/s]
[Origin 3/13] 🎲 Drawing Posterior Samples:   3%|▎         | 40/1492 [00:00<00:35, 40.52step/s]
[Origin 3/13] 🎲 Drawing Posterior Samples:   3%|▎         | 45/1492 [00:01<00:34, 42.49step/s]
[Origin 3/13] 🎲 Drawing Posterior Samples:   3%|▎         | 50/1492 [00:01<00:35, 40.86step/s]
[Origin 3/13] 🎲 Drawing Posterior Samples:   4%|▎         | 55/1492 [00:01<00:33, 42.74step/s]
[Origin 3/13] 🎲 Drawing Posterior Samples:   4%|▍         | 60/1492 [00:01<00:34, 41.40step/s]
[Origin 3/13] 🎲 Drawing Posterior Samples:   4%|▍         | 65/1492 [00:01<00:35, 40.22step/s]
[Origin 3/13] 🎲 Drawing Posterior Samples:   5%|▍         | 70/1492 [00:01<00:33, 42.15step/s]
[Origin 3/13] 🎲 Drawing Posterior Samples:   5%|▌         | 75/1492 [00:01<00:34, 40.81step/s]
[Origin 3/13] 🎲 Drawing Posterior Samples:   5%|▌         | 80/1492 [00:01<00:33, 42.65step/s]
[Origin 3/13] 🎲 Drawing Posterior Samples:   6%|▌         | 85/1492 [00:02<00:34, 41.17step/s]
[Origin 3/13] 🎲 Drawing Posterior Samples:   6%|▌         | 90/1492 [00:02<00:34, 40.21step/s]
[Origin 3/13] 🎲 Drawing Posterior Samples:   6%|▋         | 95/1492 [00:02<00:33, 42.10step/s]
[Origin 3/13] 🎲 Drawing Posterior Samples:   7%|▋         | 100/1492 [00:02<00:33, 41.02step/s]
[Origin 3/13] 🎲 Drawing Posterior Samples:   7%|▋         | 105/1492 [00:02<00:32, 42.80step/s]
[Origin 3/13] 🎲 Drawing Posterior Samples:   7%|▋         | 110/1492 [00:02<00:33, 41.18step/s]
[Origin 3/13] 🎲 Drawing Posterior Samples:   8%|▊         | 115/1492 [00:02<00:33, 41.06step/s]
[Origin 3/13] 🎲 Drawing Posterior Samples:   8%|▊         | 120/1492 [00:02<00:34, 40.31step/s]
[Origin 3/13] 🎲 Drawing Posterior Samples:   8%|▊         | 125/1492 [00:03<00:33, 40.99step/s]
[Origin 3/13] 🎲 Drawing Posterior Samples:   9%|▊         | 130/1492 [00:03<00:31, 42.79step/s]
[Origin 3/13] 🎲 Drawing Posterior Samples:   9%|▉         | 135/1492 [00:03<00:32, 41.24step/s]
[Origin 3/13] 🎲 Drawing Posterior Samples:   9%|▉         | 140/1492 [00:03<00:33, 40.53step/s]
[Origin 3/13] 🎲 Drawing Posterior Samples:  10%|▉         | 145/1492 [00:03<00:31, 42.14step/s]
[Origin 3/13] 🎲 Drawing Posterior Samples:  10%|█         | 150/1492 [00:03<00:32, 40.89step/s]
[Origin 3/13] 🎲 Drawing Posterior Samples:  10%|█         | 155/1492 [00:03<00:31, 42.70step/s]
[Origin 3/13] 🎲 Drawing Posterior Samples:  11%|█         | 160/1492 [00:03<00:32, 41.15step/s]
[Origin 3/13] 🎲 Drawing Posterior Samples:  11%|█         | 165/1492 [00:03<00:32, 40.30step/s]
[Origin 3/13] 🎲 Drawing Posterior Samples:  11%|█▏        | 170/1492 [00:04<00:31, 41.92step/s]
[Origin 3/13] 🎲 Drawing Posterior Samples:  12%|█▏        | 175/1492 [00:04<00:32, 40.78step/s]
[Origin 3/13] 🎲 Drawing Posterior Samples:  12%|█▏        | 180/1492 [00:04<00:30, 42.63step/s]
[Origin 3/13] 🎲 Drawing Posterior Samples:  12%|█▏        | 185/1492 [00:04<00:31, 41.27step/s]
[Origin 3/13] 🎲 Drawing Posterior Samples:  13%|█▎        | 190/1492 [00:04<00:30, 42.98step/s]
[Origin 3/13] 🎲 Drawing Posterior Samples:  13%|█▎        | 195/1492 [00:04<00:31, 41.39step/s]
[Origin 3/13] 🎲 Drawing Posterior Samples:  13%|█▎        | 200/1492 [00:04<00:31, 40.43step/s]
[Origin 3/13] 🎲 Drawing Posterior Samples:  14%|█▎        | 205/1492 [00:04<00:30, 42.35step/s]
[Origin 3/13] 🎲 Drawing Posterior Samples:  14%|█▍        | 210/1492 [00:05<00:31, 40.98step/s]
[Origin 3/13] 🎲 Drawing Posterior Samples:  14%|█▍        | 215/1492 [00:05<00:29, 42.79step/s]
[Origin 3/13] 🎲 Drawing Posterior Samples:  15%|█▍        | 220/1492 [00:05<00:30, 41.30step/s]
[Origin 3/13] 🎲 Drawing Posterior Samples:  15%|█▌        | 225/1492 [00:05<00:31, 40.19step/s]
[Origin 3/13] 🎲 Drawing Posterior Samples:  15%|█▌        | 230/1492 [00:05<00:29, 42.17step/s]
[Origin 3/13] 🎲 Drawing Posterior Samples:  16%|█▌        | 235/1492 [00:05<00:30, 41.00step/s]
[Origin 3/13] 🎲 Drawing Posterior Samples:  16%|█▌        | 240/1492 [00:05<00:29, 42.79step/s]
[Origin 3/13] 🎲 Drawing Posterior Samples:  16%|█▋        | 245/1492 [00:05<00:30, 41.43step/s]
[Origin 3/13] 🎲 Drawing Posterior Samples:  17%|█▋        | 250/1492 [00:06<00:30, 40.55step/s]
[Origin 3/13] 🎲 Drawing Posterior Samples:  17%|█▋        | 255/1492 [00:06<00:29, 42.42step/s]
[Origin 3/13] 🎲 Drawing Posterior Samples:  17%|█▋        | 260/1492 [00:06<00:29, 41.14step/s]
[Origin 3/13] 🎲 Drawing Posterior Samples:  18%|█▊        | 265/1492 [00:06<00:28, 42.88step/s]
[Origin 3/13] 🎲 Drawing Posterior Samples:  18%|█▊        | 270/1492 [00:06<00:29, 41.18step/s]
[Origin 3/13] 🎲 Drawing Posterior Samples:  18%|█▊        | 275/1492 [00:06<00:30, 40.26step/s]
[Origin 3/13] 🎲 Drawing Posterior Samples:  19%|█▉        | 280/1492 [00:06<00:28, 42.19step/s]
[Origin 3/13] 🎲 Drawing Posterior Samples:  19%|█▉        | 285/1492 [00:06<00:29, 40.69step/s]
[Origin 3/13] 🎲 Drawing Posterior Samples:  19%|█▉        | 290/1492 [00:06<00:28, 42.55step/s]
[Origin 3/13] 🎲 Drawing Posterior Samples:  20%|█▉        | 295/1492 [00:07<00:29, 41.09step/s]
[Origin 3/13] 🎲 Drawing Posterior Samples:  20%|██        | 300/1492 [00:07<00:29, 40.58step/s]
[Origin 3/13] 🎲 Drawing Posterior Samples:  20%|██        | 305/1492 [00:07<00:28, 42.15step/s]
[Origin 3/13] 🎲 Drawing Posterior Samples:  21%|██        | 310/1492 [00:07<00:28, 40.86step/s]
[Origin 3/13] 🎲 Drawing Posterior Samples:  21%|██        | 315/1492 [00:07<00:27, 42.69step/s]
[Origin 3/13] 🎲 Drawing Posterior Samples:  21%|██▏       | 320/1492 [00:07<00:28, 41.09step/s]
[Origin 3/13] 🎲 Drawing Posterior Samples:  22%|██▏       | 325/1492 [00:07<00:28, 40.80step/s]
[Origin 3/13] 🎲 Drawing Posterior Samples:  22%|██▏       | 330/1492 [00:07<00:27, 41.99step/s]
[Origin 3/13] 🎲 Drawing Posterior Samples:  22%|██▏       | 335/1492 [00:08<00:28, 40.94step/s]
[Origin 3/13] 🎲 Drawing Posterior Samples:  23%|██▎       | 340/1492 [00:08<00:33, 34.27step/s]
[Origin 3/13] 🎲 Drawing Posterior Samples:  23%|██▎       | 344/1492 [00:08<00:42, 27.05step/s]
[Origin 3/13] 🎲 Drawing Posterior Samples:  23%|██▎       | 348/1492 [00:08<00:42, 27.03step/s]
[Origin 3/13] 🎲 Drawing Posterior Samples:  24%|██▎       | 351/1492 [00:08<00:50, 22.68step/s]
[Origin 3/13] 🎲 Drawing Posterior Samples:  24%|██▍       | 355/1492 [00:08<00:45, 24.76step/s]
[Origin 3/13] 🎲 Drawing Posterior Samples:  24%|██▍       | 358/1492 [00:09<00:45, 24.84step/s]
[Origin 3/13] 🎲 Drawing Posterior Samples:  24%|██▍       | 362/1492 [00:09<00:45, 25.01step/s]
[Origin 3/13] 🎲 Drawing Posterior Samples:  25%|██▍       | 366/1492 [00:09<00:42, 26.69step/s]
[Origin 3/13] 🎲 Drawing Posterior Samples:  25%|██▍       | 369/1492 [00:09<00:42, 26.65step/s]
[Origin 3/13] 🎲 Drawing Posterior Samples:  25%|██▌       | 373/1492 [00:09<00:41, 26.84step/s]
[Origin 3/13] 🎲 Drawing Posterior Samples:  25%|██▌       | 376/1492 [00:10<02:33,  7.28step/s]
[Origin 3/13] 🎲 Drawing Posterior Samples:  26%|██▌       | 381/1492 [00:11<01:45, 10.53step/s]
[Origin 3/13] 🎲 Drawing Posterior Samples:  26%|██▌       | 386/1492 [00:11<01:16, 14.45step/s]
[Origin 3/13] 🎲 Drawing Posterior Samples:  26%|██▌       | 390/1492 [00:11<01:03, 17.47step/s]
[Origin 3/13] 🎲 Drawing Posterior Samples:  26%|██▋       | 395/1492 [00:11<00:49, 22.23step/s]
[Origin 3/13] 🎲 Drawing Posterior Samples:  27%|██▋       | 399/1492 [00:11<00:43, 24.96step/s]
[Origin 3/13] 🎲 Drawing Posterior Samples:  27%|██▋       | 404/1492 [00:11<00:36, 29.63step/s]
[Origin 3/13] 🎲 Drawing Posterior Samples:  27%|██▋       | 409/1492 [00:11<00:33, 32.02step/s]
[Origin 3/13] 🎲 Drawing Posterior Samples:  28%|██▊       | 414/1492 [00:11<00:31, 34.66step/s]
[Origin 3/13] 🎲 Drawing Posterior Samples:  28%|██▊       | 419/1492 [00:11<00:29, 36.77step/s]
[Origin 3/13] 🎲 Drawing Posterior Samples:  28%|██▊       | 424/1492 [00:12<00:28, 36.97step/s]
[Origin 3/13] 🎲 Drawing Posterior Samples:  29%|██▉       | 429/1492 [00:12<00:26, 39.68step/s]
[Origin 3/13] 🎲 Drawing Posterior Samples:  29%|██▉       | 434/1492 [00:12<00:26, 39.21step/s]
[Origin 3/13] 🎲 Drawing Posterior Samples:  29%|██▉       | 439/1492 [00:12<00:25, 41.42step/s]
[Origin 3/13] 🎲 Drawing Posterior Samples:  30%|██▉       | 444/1492 [00:12<00:26, 40.15step/s]
[Origin 3/13] 🎲 Drawing Posterior Samples:  30%|███       | 449/1492 [00:12<00:26, 39.64step/s]
[Origin 3/13] 🎲 Drawing Posterior Samples:  30%|███       | 454/1492 [00:12<00:24, 41.75step/s]
[Origin 3/13] 🎲 Drawing Posterior Samples:  31%|███       | 459/1492 [00:12<00:25, 40.62step/s]
[Origin 3/13] 🎲 Drawing Posterior Samples:  31%|███       | 464/1492 [00:13<00:24, 42.49step/s]
[Origin 3/13] 🎲 Drawing Posterior Samples:  31%|███▏      | 469/1492 [00:13<00:24, 40.93step/s]
[Origin 3/13] 🎲 Drawing Posterior Samples:  32%|███▏      | 474/1492 [00:13<00:25, 40.14step/s]
[Origin 3/13] 🎲 Drawing Posterior Samples:  32%|███▏      | 479/1492 [00:13<00:24, 42.06step/s]
[Origin 3/13] 🎲 Drawing Posterior Samples:  32%|███▏      | 484/1492 [00:13<00:24, 40.87step/s]
[Origin 3/13] 🎲 Drawing Posterior Samples:  33%|███▎      | 489/1492 [00:13<00:23, 42.67step/s]
[Origin 3/13] 🎲 Drawing Posterior Samples:  33%|███▎      | 494/1492 [00:13<00:24, 41.00step/s]
[Origin 3/13] 🎲 Drawing Posterior Samples:  33%|███▎      | 499/1492 [00:13<00:24, 40.16step/s]
[Origin 3/13] 🎲 Drawing Posterior Samples:  34%|███▍      | 504/1492 [00:14<00:23, 42.10step/s]
[Origin 3/13] 🎲 Drawing Posterior Samples:  34%|███▍      | 509/1492 [00:14<00:24, 40.73step/s]
[Origin 3/13] 🎲 Drawing Posterior Samples:  34%|███▍      | 514/1492 [00:14<00:22, 42.57step/s]
[Origin 3/13] 🎲 Drawing Posterior Samples:  35%|███▍      | 519/1492 [00:14<00:23, 41.28step/s]
[Origin 3/13] 🎲 Drawing Posterior Samples:  35%|███▌      | 524/1492 [00:14<00:23, 40.37step/s]
[Origin 3/13] 🎲 Drawing Posterior Samples:  35%|███▌      | 529/1492 [00:14<00:22, 42.28step/s]
[Origin 3/13] 🎲 Drawing Posterior Samples:  36%|███▌      | 534/1492 [00:14<00:23, 40.85step/s]
[Origin 3/13] 🎲 Drawing Posterior Samples:  36%|███▌      | 539/1492 [00:14<00:22, 42.67step/s]
[Origin 3/13] 🎲 Drawing Posterior Samples:  36%|███▋      | 544/1492 [00:14<00:22, 41.29step/s]
[Origin 3/13] 🎲 Drawing Posterior Samples:  37%|███▋      | 549/1492 [00:15<00:23, 40.52step/s]
[Origin 3/13] 🎲 Drawing Posterior Samples:  37%|███▋      | 554/1492 [00:15<00:22, 42.10step/s]
[Origin 3/13] 🎲 Drawing Posterior Samples:  37%|███▋      | 559/1492 [00:15<00:22, 40.71step/s]
[Origin 3/13] 🎲 Drawing Posterior Samples:  38%|███▊      | 564/1492 [00:15<00:21, 42.55step/s]
[Origin 3/13] 🎲 Drawing Posterior Samples:  38%|███▊      | 569/1492 [00:15<00:22, 41.13step/s]
[Origin 3/13] 🎲 Drawing Posterior Samples:  38%|███▊      | 574/1492 [00:15<00:22, 40.58step/s]
[Origin 3/13] 🎲 Drawing Posterior Samples:  39%|███▉      | 579/1492 [00:15<00:21, 42.11step/s]
[Origin 3/13] 🎲 Drawing Posterior Samples:  39%|███▉      | 584/1492 [00:15<00:22, 40.76step/s]
[Origin 3/13] 🎲 Drawing Posterior Samples:  39%|███▉      | 589/1492 [00:16<00:21, 42.59step/s]
[Origin 3/13] 🎲 Drawing Posterior Samples:  40%|███▉      | 594/1492 [00:16<00:21, 41.35step/s]
[Origin 3/13] 🎲 Drawing Posterior Samples:  40%|████      | 599/1492 [00:16<00:20, 43.04step/s]
[Origin 3/13] 🎲 Drawing Posterior Samples:  40%|████      | 604/1492 [00:16<00:21, 41.56step/s]
[Origin 3/13] 🎲 Drawing Posterior Samples:  41%|████      | 609/1492 [00:16<00:21, 40.65step/s]
[Origin 3/13] 🎲 Drawing Posterior Samples:  41%|████      | 614/1492 [00:16<00:20, 42.53step/s]
[Origin 3/13] 🎲 Drawing Posterior Samples:  41%|████▏     | 619/1492 [00:16<00:21, 41.14step/s]
[Origin 3/13] 🎲 Drawing Posterior Samples:  42%|████▏     | 624/1492 [00:16<00:20, 42.89step/s]
[Origin 3/13] 🎲 Drawing Posterior Samples:  42%|████▏     | 629/1492 [00:17<00:20, 41.29step/s]
[Origin 3/13] 🎲 Drawing Posterior Samples:  42%|████▏     | 634/1492 [00:17<00:21, 40.54step/s]
[Origin 3/13] 🎲 Drawing Posterior Samples:  43%|████▎     | 639/1492 [00:17<00:20, 42.38step/s]
[Origin 3/13] 🎲 Drawing Posterior Samples:  43%|████▎     | 644/1492 [00:17<00:20, 41.05step/s]
[Origin 3/13] 🎲 Drawing Posterior Samples:  43%|████▎     | 649/1492 [00:17<00:19, 42.82step/s]
[Origin 3/13] 🎲 Drawing Posterior Samples:  44%|████▍     | 654/1492 [00:17<00:20, 41.24step/s]
[Origin 3/13] 🎲 Drawing Posterior Samples:  44%|████▍     | 659/1492 [00:17<00:20, 40.33step/s]
[Origin 3/13] 🎲 Drawing Posterior Samples:  45%|████▍     | 664/1492 [00:17<00:19, 42.22step/s]
[Origin 3/13] 🎲 Drawing Posterior Samples:  45%|████▍     | 669/1492 [00:17<00:20, 41.08step/s]
[Origin 3/13] 🎲 Drawing Posterior Samples:  45%|████▌     | 674/1492 [00:18<00:19, 42.83step/s]
[Origin 3/13] 🎲 Drawing Posterior Samples:  46%|████▌     | 679/1492 [00:18<00:19, 41.28step/s]
[Origin 3/13] 🎲 Drawing Posterior Samples:  46%|████▌     | 684/1492 [00:18<00:19, 41.35step/s]
[Origin 3/13] 🎲 Drawing Posterior Samples:  46%|████▌     | 689/1492 [00:18<00:19, 41.84step/s]
[Origin 3/13] 🎲 Drawing Posterior Samples:  47%|████▋     | 694/1492 [00:18<00:19, 40.81step/s]
[Origin 3/13] 🎲 Drawing Posterior Samples:  47%|████▋     | 699/1492 [00:18<00:18, 42.62step/s]
[Origin 3/13] 🎲 Drawing Posterior Samples:  47%|████▋     | 704/1492 [00:18<00:19, 41.19step/s]
[Origin 3/13] 🎲 Drawing Posterior Samples:  48%|████▊     | 709/1492 [00:18<00:18, 41.36step/s]
[Origin 3/13] 🎲 Drawing Posterior Samples:  48%|████▊     | 714/1492 [00:19<00:22, 35.24step/s]
[Origin 3/13] 🎲 Drawing Posterior Samples:  48%|████▊     | 718/1492 [00:19<00:23, 32.58step/s]
[Origin 3/13] 🎲 Drawing Posterior Samples:  48%|████▊     | 722/1492 [00:19<00:25, 29.84step/s]
[Origin 3/13] 🎲 Drawing Posterior Samples:  49%|████▊     | 726/1492 [00:19<00:26, 28.50step/s]
[Origin 3/13] 🎲 Drawing Posterior Samples:  49%|████▉     | 729/1492 [00:19<00:26, 28.65step/s]
[Origin 3/13] 🎲 Drawing Posterior Samples:  49%|████▉     | 732/1492 [00:19<00:27, 27.67step/s]
[Origin 3/13] 🎲 Drawing Posterior Samples:  49%|████▉     | 735/1492 [00:19<00:27, 27.97step/s]
[Origin 3/13] 🎲 Drawing Posterior Samples:  49%|████▉     | 738/1492 [00:20<00:28, 26.49step/s]
[Origin 3/13] 🎲 Drawing Posterior Samples:  50%|████▉     | 741/1492 [00:20<00:29, 25.48step/s]
[Origin 3/13] 🎲 Drawing Posterior Samples:  50%|████▉     | 744/1492 [00:20<00:28, 26.19step/s]
[Origin 3/13] 🎲 Drawing Posterior Samples:  50%|█████     | 747/1492 [00:21<01:51,  6.67step/s]
[Origin 3/13] 🎲 Drawing Posterior Samples:  50%|█████     | 752/1492 [00:21<01:12, 10.18step/s]
[Origin 3/13] 🎲 Drawing Posterior Samples:  51%|█████     | 756/1492 [00:21<00:55, 13.25step/s]
[Origin 3/13] 🎲 Drawing Posterior Samples:  51%|█████     | 761/1492 [00:21<00:40, 17.87step/s]
[Origin 3/13] 🎲 Drawing Posterior Samples:  51%|█████▏    | 765/1492 [00:22<00:34, 21.02step/s]
[Origin 3/13] 🎲 Drawing Posterior Samples:  52%|█████▏    | 770/1492 [00:22<00:27, 26.00step/s]
[Origin 3/13] 🎲 Drawing Posterior Samples:  52%|█████▏    | 774/1492 [00:22<00:25, 28.27step/s]
[Origin 3/13] 🎲 Drawing Posterior Samples:  52%|█████▏    | 779/1492 [00:22<00:21, 32.66step/s]
[Origin 3/13] 🎲 Drawing Posterior Samples:  53%|█████▎    | 784/1492 [00:22<00:20, 34.35step/s]
[Origin 3/13] 🎲 Drawing Posterior Samples:  53%|█████▎    | 789/1492 [00:22<00:18, 37.66step/s]
[Origin 3/13] 🎲 Drawing Posterior Samples:  53%|█████▎    | 794/1492 [00:22<00:18, 37.93step/s]
[Origin 3/13] 🎲 Drawing Posterior Samples:  54%|█████▎    | 799/1492 [00:22<00:18, 38.01step/s]
[Origin 3/13] 🎲 Drawing Posterior Samples:  54%|█████▍    | 804/1492 [00:22<00:16, 40.51step/s]
[Origin 3/13] 🎲 Drawing Posterior Samples:  54%|█████▍    | 809/1492 [00:23<00:17, 39.73step/s]
[Origin 3/13] 🎲 Drawing Posterior Samples:  55%|█████▍    | 814/1492 [00:23<00:16, 41.83step/s]
[Origin 3/13] 🎲 Drawing Posterior Samples:  55%|█████▍    | 819/1492 [00:23<00:16, 40.77step/s]
[Origin 3/13] 🎲 Drawing Posterior Samples:  55%|█████▌    | 824/1492 [00:23<00:16, 39.95step/s]
[Origin 3/13] 🎲 Drawing Posterior Samples:  56%|█████▌    | 829/1492 [00:23<00:15, 41.97step/s]
[Origin 3/13] 🎲 Drawing Posterior Samples:  56%|█████▌    | 834/1492 [00:23<00:16, 40.83step/s]
[Origin 3/13] 🎲 Drawing Posterior Samples:  56%|█████▌    | 839/1492 [00:23<00:15, 42.64step/s]
[Origin 3/13] 🎲 Drawing Posterior Samples:  57%|█████▋    | 844/1492 [00:23<00:15, 41.41step/s]
[Origin 3/13] 🎲 Drawing Posterior Samples:  57%|█████▋    | 849/1492 [00:24<00:15, 40.45step/s]
[Origin 3/13] 🎲 Drawing Posterior Samples:  57%|█████▋    | 854/1492 [00:24<00:15, 42.35step/s]
[Origin 3/13] 🎲 Drawing Posterior Samples:  58%|█████▊    | 859/1492 [00:24<00:15, 41.04step/s]
[Origin 3/13] 🎲 Drawing Posterior Samples:  58%|█████▊    | 864/1492 [00:24<00:14, 42.80step/s]
[Origin 3/13] 🎲 Drawing Posterior Samples:  58%|█████▊    | 869/1492 [00:24<00:15, 41.41step/s]
[Origin 3/13] 🎲 Drawing Posterior Samples:  59%|█████▊    | 874/1492 [00:24<00:15, 40.60step/s]
[Origin 3/13] 🎲 Drawing Posterior Samples:  59%|█████▉    | 879/1492 [00:24<00:14, 42.16step/s]
[Origin 3/13] 🎲 Drawing Posterior Samples:  59%|█████▉    | 884/1492 [00:24<00:14, 40.83step/s]
[Origin 3/13] 🎲 Drawing Posterior Samples:  60%|█████▉    | 889/1492 [00:24<00:14, 42.65step/s]
[Origin 3/13] 🎲 Drawing Posterior Samples:  60%|█████▉    | 894/1492 [00:25<00:14, 41.03step/s]
[Origin 3/13] 🎲 Drawing Posterior Samples:  60%|██████    | 899/1492 [00:25<00:14, 40.10step/s]
[Origin 3/13] 🎲 Drawing Posterior Samples:  61%|██████    | 904/1492 [00:25<00:13, 42.00step/s]
[Origin 3/13] 🎲 Drawing Posterior Samples:  61%|██████    | 909/1492 [00:25<00:14, 40.76step/s]
[Origin 3/13] 🎲 Drawing Posterior Samples:  61%|██████▏   | 914/1492 [00:25<00:13, 42.61step/s]
[Origin 3/13] 🎲 Drawing Posterior Samples:  62%|██████▏   | 919/1492 [00:25<00:13, 41.19step/s]
[Origin 3/13] 🎲 Drawing Posterior Samples:  62%|██████▏   | 924/1492 [00:25<00:13, 41.33step/s]
[Origin 3/13] 🎲 Drawing Posterior Samples:  62%|██████▏   | 929/1492 [00:25<00:13, 41.75step/s]
[Origin 3/13] 🎲 Drawing Posterior Samples:  63%|██████▎   | 934/1492 [00:26<00:13, 40.58step/s]
[Origin 3/13] 🎲 Drawing Posterior Samples:  63%|██████▎   | 939/1492 [00:26<00:13, 42.47step/s]
[Origin 3/13] 🎲 Drawing Posterior Samples:  63%|██████▎   | 944/1492 [00:26<00:13, 41.08step/s]
[Origin 3/13] 🎲 Drawing Posterior Samples:  64%|██████▎   | 949/1492 [00:26<00:13, 41.26step/s]
[Origin 3/13] 🎲 Drawing Posterior Samples:  64%|██████▍   | 954/1492 [00:26<00:12, 41.77step/s]
[Origin 3/13] 🎲 Drawing Posterior Samples:  64%|██████▍   | 959/1492 [00:26<00:13, 40.46step/s]
[Origin 3/13] 🎲 Drawing Posterior Samples:  65%|██████▍   | 964/1492 [00:26<00:12, 42.37step/s]
[Origin 3/13] 🎲 Drawing Posterior Samples:  65%|██████▍   | 969/1492 [00:26<00:12, 40.87step/s]
[Origin 3/13] 🎲 Drawing Posterior Samples:  65%|██████▌   | 974/1492 [00:27<00:12, 42.70step/s]
[Origin 3/13] 🎲 Drawing Posterior Samples:  66%|██████▌   | 979/1492 [00:27<00:12, 41.25step/s]
[Origin 3/13] 🎲 Drawing Posterior Samples:  66%|██████▌   | 984/1492 [00:27<00:12, 40.25step/s]
[Origin 3/13] 🎲 Drawing Posterior Samples:  66%|██████▋   | 989/1492 [00:27<00:11, 42.20step/s]
[Origin 3/13] 🎲 Drawing Posterior Samples:  67%|██████▋   | 994/1492 [00:27<00:12, 40.82step/s]
[Origin 3/13] 🎲 Drawing Posterior Samples:  67%|██████▋   | 999/1492 [00:27<00:11, 42.63step/s]
[Origin 3/13] 🎲 Drawing Posterior Samples:  67%|██████▋   | 1004/1492 [00:27<00:11, 41.25step/s]
[Origin 3/13] 🎲 Drawing Posterior Samples:  68%|██████▊   | 1009/1492 [00:27<00:11, 40.37step/s]
[Origin 3/13] 🎲 Drawing Posterior Samples:  68%|██████▊   | 1014/1492 [00:28<00:11, 42.30step/s]
[Origin 3/13] 🎲 Drawing Posterior Samples:  68%|██████▊   | 1019/1492 [00:28<00:11, 40.98step/s]
[Origin 3/13] 🎲 Drawing Posterior Samples:  69%|██████▊   | 1024/1492 [00:28<00:10, 42.77step/s]
[Origin 3/13] 🎲 Drawing Posterior Samples:  69%|██████▉   | 1029/1492 [00:28<00:11, 41.12step/s]
[Origin 3/13] 🎲 Drawing Posterior Samples:  69%|██████▉   | 1034/1492 [00:28<00:11, 40.39step/s]
[Origin 3/13] 🎲 Drawing Posterior Samples:  70%|██████▉   | 1039/1492 [00:28<00:10, 42.29step/s]
[Origin 3/13] 🎲 Drawing Posterior Samples:  70%|██████▉   | 1044/1492 [00:28<00:10, 41.14step/s]
[Origin 3/13] 🎲 Drawing Posterior Samples:  70%|███████   | 1049/1492 [00:28<00:10, 42.89step/s]
[Origin 3/13] 🎲 Drawing Posterior Samples:  71%|███████   | 1054/1492 [00:28<00:10, 41.42step/s]
[Origin 3/13] 🎲 Drawing Posterior Samples:  71%|███████   | 1059/1492 [00:29<00:10, 40.45step/s]
[Origin 3/13] 🎲 Drawing Posterior Samples:  71%|███████▏  | 1064/1492 [00:29<00:10, 42.34step/s]
[Origin 3/13] 🎲 Drawing Posterior Samples:  72%|███████▏  | 1069/1492 [00:29<00:10, 41.26step/s]
[Origin 3/13] 🎲 Drawing Posterior Samples:  72%|███████▏  | 1074/1492 [00:29<00:09, 42.91step/s]
[Origin 3/13] 🎲 Drawing Posterior Samples:  72%|███████▏  | 1079/1492 [00:29<00:09, 41.40step/s]
[Origin 3/13] 🎲 Drawing Posterior Samples:  73%|███████▎  | 1084/1492 [00:29<00:10, 37.21step/s]
[Origin 3/13] 🎲 Drawing Posterior Samples:  73%|███████▎  | 1088/1492 [00:29<00:11, 34.32step/s]
[Origin 3/13] 🎲 Drawing Posterior Samples:  73%|███████▎  | 1092/1492 [00:30<00:12, 31.61step/s]
[Origin 3/13] 🎲 Drawing Posterior Samples:  73%|███████▎  | 1096/1492 [00:30<00:13, 29.30step/s]
[Origin 3/13] 🎲 Drawing Posterior Samples:  74%|███████▎  | 1100/1492 [00:30<00:14, 27.74step/s]
[Origin 3/13] 🎲 Drawing Posterior Samples:  74%|███████▍  | 1103/1492 [00:30<00:13, 27.99step/s]
[Origin 3/13] 🎲 Drawing Posterior Samples:  74%|███████▍  | 1106/1492 [00:30<00:14, 26.45step/s]
[Origin 3/13] 🎲 Drawing Posterior Samples:  74%|███████▍  | 1109/1492 [00:30<00:15, 25.43step/s]
[Origin 3/13] 🎲 Drawing Posterior Samples:  75%|███████▍  | 1112/1492 [00:30<00:14, 26.35step/s]
[Origin 3/13] 🎲 Drawing Posterior Samples:  75%|███████▍  | 1115/1492 [00:30<00:14, 25.61step/s]
[Origin 3/13] 🎲 Drawing Posterior Samples:  75%|███████▍  | 1118/1492 [00:31<00:14, 26.41step/s]
[Origin 3/13] 🎲 Drawing Posterior Samples:  75%|███████▌  | 1121/1492 [00:32<00:54,  6.84step/s]
[Origin 3/13] 🎲 Drawing Posterior Samples:  75%|███████▌  | 1125/1492 [00:32<00:38,  9.62step/s]
[Origin 3/13] 🎲 Drawing Posterior Samples:  76%|███████▌  | 1130/1492 [00:32<00:26, 13.58step/s]
[Origin 3/13] 🎲 Drawing Posterior Samples:  76%|███████▌  | 1135/1492 [00:32<00:19, 18.21step/s]
[Origin 3/13] 🎲 Drawing Posterior Samples:  76%|███████▋  | 1139/1492 [00:32<00:16, 21.32step/s]
[Origin 3/13] 🎲 Drawing Posterior Samples:  77%|███████▋  | 1144/1492 [00:32<00:13, 26.26step/s]
[Origin 3/13] 🎲 Drawing Posterior Samples:  77%|███████▋  | 1148/1492 [00:32<00:12, 28.49step/s]
[Origin 3/13] 🎲 Drawing Posterior Samples:  77%|███████▋  | 1153/1492 [00:33<00:10, 32.85step/s]
[Origin 3/13] 🎲 Drawing Posterior Samples:  78%|███████▊  | 1158/1492 [00:33<00:09, 34.48step/s]
[Origin 3/13] 🎲 Drawing Posterior Samples:  78%|███████▊  | 1163/1492 [00:33<00:08, 37.77step/s]
[Origin 3/13] 🎲 Drawing Posterior Samples:  78%|███████▊  | 1168/1492 [00:33<00:08, 38.01step/s]
[Origin 3/13] 🎲 Drawing Posterior Samples:  79%|███████▊  | 1173/1492 [00:33<00:08, 38.13step/s]
[Origin 3/13] 🎲 Drawing Posterior Samples:  79%|███████▉  | 1178/1492 [00:33<00:07, 40.61step/s]
[Origin 3/13] 🎲 Drawing Posterior Samples:  79%|███████▉  | 1183/1492 [00:33<00:07, 39.96step/s]
[Origin 3/13] 🎲 Drawing Posterior Samples:  80%|███████▉  | 1188/1492 [00:33<00:07, 41.99step/s]
[Origin 3/13] 🎲 Drawing Posterior Samples:  80%|███████▉  | 1193/1492 [00:34<00:07, 40.88step/s]
[Origin 3/13] 🎲 Drawing Posterior Samples:  80%|████████  | 1198/1492 [00:34<00:07, 40.04step/s]
[Origin 3/13] 🎲 Drawing Posterior Samples:  81%|████████  | 1203/1492 [00:34<00:06, 41.96step/s]
[Origin 3/13] 🎲 Drawing Posterior Samples:  81%|████████  | 1208/1492 [00:34<00:06, 40.88step/s]
[Origin 3/13] 🎲 Drawing Posterior Samples:  81%|████████▏ | 1213/1492 [00:34<00:06, 42.68step/s]
[Origin 3/13] 🎲 Drawing Posterior Samples:  82%|████████▏ | 1218/1492 [00:34<00:06, 41.26step/s]
[Origin 3/13] 🎲 Drawing Posterior Samples:  82%|████████▏ | 1223/1492 [00:34<00:06, 40.54step/s]
[Origin 3/13] 🎲 Drawing Posterior Samples:  82%|████████▏ | 1228/1492 [00:34<00:06, 42.12step/s]
[Origin 3/13] 🎲 Drawing Posterior Samples:  83%|████████▎ | 1233/1492 [00:35<00:06, 40.81step/s]
[Origin 3/13] 🎲 Drawing Posterior Samples:  83%|████████▎ | 1238/1492 [00:35<00:05, 42.62step/s]
[Origin 3/13] 🎲 Drawing Posterior Samples:  83%|████████▎ | 1243/1492 [00:35<00:06, 41.24step/s]
[Origin 3/13] 🎲 Drawing Posterior Samples:  84%|████████▎ | 1248/1492 [00:35<00:05, 41.54step/s]
[Origin 3/13] 🎲 Drawing Posterior Samples:  84%|████████▍ | 1253/1492 [00:35<00:05, 41.79step/s]
[Origin 3/13] 🎲 Drawing Posterior Samples:  84%|████████▍ | 1258/1492 [00:35<00:05, 40.67step/s]
[Origin 3/13] 🎲 Drawing Posterior Samples:  85%|████████▍ | 1263/1492 [00:35<00:05, 42.53step/s]
[Origin 3/13] 🎲 Drawing Posterior Samples:  85%|████████▍ | 1268/1492 [00:35<00:05, 41.19step/s]
[Origin 3/13] 🎲 Drawing Posterior Samples:  85%|████████▌ | 1273/1492 [00:35<00:05, 42.95step/s]
[Origin 3/13] 🎲 Drawing Posterior Samples:  86%|████████▌ | 1278/1492 [00:36<00:05, 41.35step/s]
[Origin 3/13] 🎲 Drawing Posterior Samples:  86%|████████▌ | 1283/1492 [00:36<00:05, 40.23step/s]
[Origin 3/13] 🎲 Drawing Posterior Samples:  86%|████████▋ | 1288/1492 [00:36<00:04, 42.17step/s]
[Origin 3/13] 🎲 Drawing Posterior Samples:  87%|████████▋ | 1293/1492 [00:36<00:04, 40.97step/s]
[Origin 3/13] 🎲 Drawing Posterior Samples:  87%|████████▋ | 1298/1492 [00:36<00:04, 42.73step/s]
[Origin 3/13] 🎲 Drawing Posterior Samples:  87%|████████▋ | 1303/1492 [00:36<00:04, 41.19step/s]
[Origin 3/13] 🎲 Drawing Posterior Samples:  88%|████████▊ | 1308/1492 [00:36<00:04, 40.30step/s]
[Origin 3/13] 🎲 Drawing Posterior Samples:  88%|████████▊ | 1313/1492 [00:36<00:04, 42.23step/s]
[Origin 3/13] 🎲 Drawing Posterior Samples:  88%|████████▊ | 1318/1492 [00:37<00:04, 40.96step/s]
[Origin 3/13] 🎲 Drawing Posterior Samples:  89%|████████▊ | 1323/1492 [00:37<00:03, 42.74step/s]
[Origin 3/13] 🎲 Drawing Posterior Samples:  89%|████████▉ | 1328/1492 [00:37<00:03, 41.27step/s]
[Origin 3/13] 🎲 Drawing Posterior Samples:  89%|████████▉ | 1333/1492 [00:37<00:03, 40.04step/s]
[Origin 3/13] 🎲 Drawing Posterior Samples:  90%|████████▉ | 1338/1492 [00:37<00:03, 42.03step/s]
[Origin 3/13] 🎲 Drawing Posterior Samples:  90%|█████████ | 1343/1492 [00:37<00:03, 40.87step/s]
[Origin 3/13] 🎲 Drawing Posterior Samples:  90%|█████████ | 1348/1492 [00:37<00:03, 42.67step/s]
[Origin 3/13] 🎲 Drawing Posterior Samples:  91%|█████████ | 1353/1492 [00:37<00:03, 41.17step/s]
[Origin 3/13] 🎲 Drawing Posterior Samples:  91%|█████████ | 1358/1492 [00:38<00:03, 40.21step/s]
[Origin 3/13] 🎲 Drawing Posterior Samples:  91%|█████████▏| 1363/1492 [00:38<00:03, 42.07step/s]
[Origin 3/13] 🎲 Drawing Posterior Samples:  92%|█████████▏| 1368/1492 [00:38<00:03, 40.98step/s]
[Origin 3/13] 🎲 Drawing Posterior Samples:  92%|█████████▏| 1373/1492 [00:38<00:02, 42.76step/s]
[Origin 3/13] 🎲 Drawing Posterior Samples:  92%|█████████▏| 1378/1492 [00:38<00:02, 41.32step/s]
[Origin 3/13] 🎲 Drawing Posterior Samples:  93%|█████████▎| 1383/1492 [00:38<00:02, 40.36step/s]
[Origin 3/13] 🎲 Drawing Posterior Samples:  93%|█████████▎| 1388/1492 [00:38<00:02, 42.20step/s]
[Origin 3/13] 🎲 Drawing Posterior Samples:  93%|█████████▎| 1393/1492 [00:38<00:02, 41.03step/s]
[Origin 3/13] 🎲 Drawing Posterior Samples:  94%|█████████▎| 1398/1492 [00:38<00:02, 42.80step/s]
[Origin 3/13] 🎲 Drawing Posterior Samples:  94%|█████████▍| 1403/1492 [00:39<00:02, 41.48step/s]
[Origin 3/13] 🎲 Drawing Posterior Samples:  94%|█████████▍| 1408/1492 [00:39<00:02, 41.70step/s]
[Origin 3/13] 🎲 Drawing Posterior Samples:  95%|█████████▍| 1413/1492 [00:39<00:01, 41.91step/s]
[Origin 3/13] 🎲 Drawing Posterior Samples:  95%|█████████▌| 1418/1492 [00:39<00:01, 40.59step/s]
[Origin 3/13] 🎲 Drawing Posterior Samples:  95%|█████████▌| 1423/1492 [00:39<00:01, 42.45step/s]
[Origin 3/13] 🎲 Drawing Posterior Samples:  96%|█████████▌| 1428/1492 [00:39<00:01, 41.27step/s]
[Origin 3/13] 🎲 Drawing Posterior Samples:  96%|█████████▌| 1433/1492 [00:39<00:01, 41.54step/s]
[Origin 3/13] 🎲 Drawing Posterior Samples:  96%|█████████▋| 1438/1492 [00:39<00:01, 41.87step/s]
[Origin 3/13] 🎲 Drawing Posterior Samples:  97%|█████████▋| 1443/1492 [00:40<00:01, 40.62step/s]
[Origin 3/13] 🎲 Drawing Posterior Samples:  97%|█████████▋| 1448/1492 [00:40<00:01, 42.48step/s]
[Origin 3/13] 🎲 Drawing Posterior Samples:  97%|█████████▋| 1453/1492 [00:40<00:00, 41.17step/s]
[Origin 3/13] 🎲 Drawing Posterior Samples:  98%|█████████▊| 1458/1492 [00:40<00:00, 36.95step/s]
[Origin 3/13] 🎲 Drawing Posterior Samples:  98%|█████████▊| 1462/1492 [00:40<00:00, 35.41step/s]
[Origin 3/13] 🎲 Drawing Posterior Samples:  98%|█████████▊| 1466/1492 [00:40<00:00, 32.64step/s]
[Origin 3/13] 🎲 Drawing Posterior Samples:  99%|█████████▊| 1470/1492 [00:40<00:00, 30.40step/s]
[Origin 3/13] 🎲 Drawing Posterior Samples:  99%|█████████▉| 1474/1492 [00:41<00:00, 30.57step/s]
[Origin 3/13] 🎲 Drawing Posterior Samples:  99%|█████████▉| 1478/1492 [00:41<00:00, 30.03step/s]
[Origin 3/13] 🎲 Drawing Posterior Samples:  99%|█████████▉| 1482/1492 [00:41<00:00, 29.39step/s]
[Origin 3/13] 🎲 Drawing Posterior Samples: 100%|█████████▉| 1486/1492 [00:41<00:00, 28.63step/s]
[Origin 3/13] 🎲 Drawing Posterior Samples: 100%|█████████▉| 1490/1492 [00:41<00:00, 29.42step/s]
                                                                                                 

[Origin 4/13] 🎲 Drawing Posterior Samples:   0%|          | 0/1496 [00:00<?, ?step/s]
[Origin 4/13] 🎲 Drawing Posterior Samples:   0%|          | 5/1496 [00:00<00:34, 43.30step/s]
[Origin 4/13] 🎲 Drawing Posterior Samples:   1%|          | 10/1496 [00:00<00:32, 45.82step/s]
[Origin 4/13] 🎲 Drawing Posterior Samples:   1%|          | 15/1496 [00:00<00:35, 42.13step/s]
[Origin 4/13] 🎲 Drawing Posterior Samples:   1%|▏         | 20/1496 [00:00<00:33, 44.11step/s]
[Origin 4/13] 🎲 Drawing Posterior Samples:   2%|▏         | 25/1496 [00:00<00:35, 42.00step/s]
[Origin 4/13] 🎲 Drawing Posterior Samples:   2%|▏         | 30/1496 [00:00<00:35, 41.00step/s]
[Origin 4/13] 🎲 Drawing Posterior Samples:   2%|▏         | 35/1496 [00:00<00:34, 42.61step/s]
[Origin 4/13] 🎲 Drawing Posterior Samples:   3%|▎         | 40/1496 [00:00<00:35, 41.01step/s]
[Origin 4/13] 🎲 Drawing Posterior Samples:   3%|▎         | 45/1496 [00:01<00:33, 42.84step/s]
[Origin 4/13] 🎲 Drawing Posterior Samples:   3%|▎         | 50/1496 [00:01<00:35, 41.31step/s]
[Origin 4/13] 🎲 Drawing Posterior Samples:   4%|▎         | 55/1496 [00:01<00:35, 40.46step/s]
[Origin 4/13] 🎲 Drawing Posterior Samples:   4%|▍         | 60/1496 [00:01<00:33, 42.31step/s]
[Origin 4/13] 🎲 Drawing Posterior Samples:   4%|▍         | 65/1496 [00:01<00:34, 41.10step/s]
[Origin 4/13] 🎲 Drawing Posterior Samples:   5%|▍         | 70/1496 [00:01<00:33, 42.87step/s]
[Origin 4/13] 🎲 Drawing Posterior Samples:   5%|▌         | 75/1496 [00:01<00:34, 41.41step/s]
[Origin 4/13] 🎲 Drawing Posterior Samples:   5%|▌         | 80/1496 [00:01<00:32, 43.11step/s]
[Origin 4/13] 🎲 Drawing Posterior Samples:   6%|▌         | 85/1496 [00:02<00:34, 41.42step/s]
[Origin 4/13] 🎲 Drawing Posterior Samples:   6%|▌         | 90/1496 [00:02<00:34, 40.52step/s]
[Origin 4/13] 🎲 Drawing Posterior Samples:   6%|▋         | 95/1496 [00:02<00:33, 42.43step/s]
[Origin 4/13] 🎲 Drawing Posterior Samples:   7%|▋         | 100/1496 [00:02<00:34, 40.98step/s]
[Origin 4/13] 🎲 Drawing Posterior Samples:   7%|▋         | 105/1496 [00:02<00:32, 42.78step/s]
[Origin 4/13] 🎲 Drawing Posterior Samples:   7%|▋         | 110/1496 [00:02<00:33, 41.33step/s]
[Origin 4/13] 🎲 Drawing Posterior Samples:   8%|▊         | 115/1496 [00:02<00:34, 40.34step/s]
[Origin 4/13] 🎲 Drawing Posterior Samples:   8%|▊         | 120/1496 [00:02<00:32, 42.28step/s]
[Origin 4/13] 🎲 Drawing Posterior Samples:   8%|▊         | 125/1496 [00:02<00:33, 40.93step/s]
[Origin 4/13] 🎲 Drawing Posterior Samples:   9%|▊         | 130/1496 [00:03<00:31, 42.74step/s]
[Origin 4/13] 🎲 Drawing Posterior Samples:   9%|▉         | 135/1496 [00:03<00:32, 41.32step/s]
[Origin 4/13] 🎲 Drawing Posterior Samples:   9%|▉         | 140/1496 [00:03<00:33, 40.31step/s]
[Origin 4/13] 🎲 Drawing Posterior Samples:  10%|▉         | 145/1496 [00:03<00:31, 42.22step/s]
[Origin 4/13] 🎲 Drawing Posterior Samples:  10%|█         | 150/1496 [00:03<00:32, 41.08step/s]
[Origin 4/13] 🎲 Drawing Posterior Samples:  10%|█         | 155/1496 [00:03<00:31, 42.84step/s]
[Origin 4/13] 🎲 Drawing Posterior Samples:  11%|█         | 160/1496 [00:03<00:32, 41.32step/s]
[Origin 4/13] 🎲 Drawing Posterior Samples:  11%|█         | 165/1496 [00:03<00:33, 40.27step/s]
[Origin 4/13] 🎲 Drawing Posterior Samples:  11%|█▏        | 170/1496 [00:04<00:31, 42.16step/s]
[Origin 4/13] 🎲 Drawing Posterior Samples:  12%|█▏        | 175/1496 [00:04<00:32, 40.98step/s]
[Origin 4/13] 🎲 Drawing Posterior Samples:  12%|█▏        | 180/1496 [00:04<00:30, 42.77step/s]
[Origin 4/13] 🎲 Drawing Posterior Samples:  12%|█▏        | 185/1496 [00:04<00:31, 41.25step/s]
[Origin 4/13] 🎲 Drawing Posterior Samples:  13%|█▎        | 190/1496 [00:04<00:31, 41.11step/s]
[Origin 4/13] 🎲 Drawing Posterior Samples:  13%|█▎        | 195/1496 [00:04<00:30, 41.99step/s]
[Origin 4/13] 🎲 Drawing Posterior Samples:  13%|█▎        | 200/1496 [00:04<00:31, 40.78step/s]
[Origin 4/13] 🎲 Drawing Posterior Samples:  14%|█▎        | 205/1496 [00:04<00:30, 42.61step/s]
[Origin 4/13] 🎲 Drawing Posterior Samples:  14%|█▍        | 210/1496 [00:05<00:31, 40.96step/s]
[Origin 4/13] 🎲 Drawing Posterior Samples:  14%|█▍        | 215/1496 [00:05<00:31, 40.60step/s]
[Origin 4/13] 🎲 Drawing Posterior Samples:  15%|█▍        | 220/1496 [00:05<00:30, 41.85step/s]
[Origin 4/13] 🎲 Drawing Posterior Samples:  15%|█▌        | 225/1496 [00:05<00:31, 40.66step/s]
[Origin 4/13] 🎲 Drawing Posterior Samples:  15%|█▌        | 230/1496 [00:05<00:29, 42.52step/s]
[Origin 4/13] 🎲 Drawing Posterior Samples:  16%|█▌        | 235/1496 [00:05<00:30, 41.15step/s]
[Origin 4/13] 🎲 Drawing Posterior Samples:  16%|█▌        | 240/1496 [00:05<00:29, 42.90step/s]
[Origin 4/13] 🎲 Drawing Posterior Samples:  16%|█▋        | 245/1496 [00:05<00:30, 41.37step/s]
[Origin 4/13] 🎲 Drawing Posterior Samples:  17%|█▋        | 250/1496 [00:06<00:30, 40.38step/s]
[Origin 4/13] 🎲 Drawing Posterior Samples:  17%|█▋        | 255/1496 [00:06<00:29, 42.27step/s]
[Origin 4/13] 🎲 Drawing Posterior Samples:  17%|█▋        | 260/1496 [00:06<00:30, 41.15step/s]
[Origin 4/13] 🎲 Drawing Posterior Samples:  18%|█▊        | 265/1496 [00:06<00:28, 42.89step/s]
[Origin 4/13] 🎲 Drawing Posterior Samples:  18%|█▊        | 270/1496 [00:06<00:29, 41.39step/s]
[Origin 4/13] 🎲 Drawing Posterior Samples:  18%|█▊        | 275/1496 [00:06<00:30, 40.50step/s]
[Origin 4/13] 🎲 Drawing Posterior Samples:  19%|█▊        | 280/1496 [00:06<00:28, 42.41step/s]
[Origin 4/13] 🎲 Drawing Posterior Samples:  19%|█▉        | 285/1496 [00:06<00:29, 41.08step/s]
[Origin 4/13] 🎲 Drawing Posterior Samples:  19%|█▉        | 290/1496 [00:06<00:28, 42.84step/s]
[Origin 4/13] 🎲 Drawing Posterior Samples:  20%|█▉        | 295/1496 [00:07<00:29, 41.19step/s]
[Origin 4/13] 🎲 Drawing Posterior Samples:  20%|██        | 300/1496 [00:07<00:29, 40.39step/s]
[Origin 4/13] 🎲 Drawing Posterior Samples:  20%|██        | 305/1496 [00:07<00:28, 42.25step/s]
[Origin 4/13] 🎲 Drawing Posterior Samples:  21%|██        | 310/1496 [00:07<00:28, 40.97step/s]
[Origin 4/13] 🎲 Drawing Posterior Samples:  21%|██        | 315/1496 [00:07<00:27, 42.67step/s]
[Origin 4/13] 🎲 Drawing Posterior Samples:  21%|██▏       | 320/1496 [00:07<00:28, 41.23step/s]
[Origin 4/13] 🎲 Drawing Posterior Samples:  22%|██▏       | 325/1496 [00:07<00:29, 40.35step/s]
[Origin 4/13] 🎲 Drawing Posterior Samples:  22%|██▏       | 330/1496 [00:07<00:27, 42.20step/s]
[Origin 4/13] 🎲 Drawing Posterior Samples:  22%|██▏       | 335/1496 [00:08<00:28, 40.95step/s]
[Origin 4/13] 🎲 Drawing Posterior Samples:  23%|██▎       | 340/1496 [00:08<00:30, 38.10step/s]
[Origin 4/13] 🎲 Drawing Posterior Samples:  23%|██▎       | 344/1496 [00:08<00:32, 35.49step/s]
[Origin 4/13] 🎲 Drawing Posterior Samples:  23%|██▎       | 348/1496 [00:08<00:35, 32.77step/s]
[Origin 4/13] 🎲 Drawing Posterior Samples:  24%|██▎       | 352/1496 [00:08<00:38, 29.67step/s]
[Origin 4/13] 🎲 Drawing Posterior Samples:  24%|██▍       | 356/1496 [00:08<00:45, 25.00step/s]
[Origin 4/13] 🎲 Drawing Posterior Samples:  24%|██▍       | 359/1496 [00:09<00:51, 21.92step/s]
[Origin 4/13] 🎲 Drawing Posterior Samples:  24%|██▍       | 362/1496 [00:09<00:52, 21.55step/s]
[Origin 4/13] 🎲 Drawing Posterior Samples:  24%|██▍       | 365/1496 [00:09<00:52, 21.45step/s]
[Origin 4/13] 🎲 Drawing Posterior Samples:  25%|██▍       | 368/1496 [00:09<00:58, 19.20step/s]
[Origin 4/13] 🎲 Drawing Posterior Samples:  25%|██▍       | 370/1496 [00:09<00:59, 18.99step/s]
[Origin 4/13] 🎲 Drawing Posterior Samples:  25%|██▍       | 373/1496 [00:09<00:57, 19.60step/s]
[Origin 4/13] 🎲 Drawing Posterior Samples:  25%|██▌       | 375/1496 [00:11<04:49,  3.87step/s]
[Origin 4/13] 🎲 Drawing Posterior Samples:  25%|██▌       | 380/1496 [00:11<02:51,  6.49step/s]
[Origin 4/13] 🎲 Drawing Posterior Samples:  26%|██▌       | 385/1496 [00:11<01:53,  9.76step/s]
[Origin 4/13] 🎲 Drawing Posterior Samples:  26%|██▌       | 389/1496 [00:12<01:27, 12.59step/s]
[Origin 4/13] 🎲 Drawing Posterior Samples:  26%|██▋       | 394/1496 [00:12<01:04, 17.03step/s]
[Origin 4/13] 🎲 Drawing Posterior Samples:  27%|██▋       | 398/1496 [00:12<00:54, 20.13step/s]
[Origin 4/13] 🎲 Drawing Posterior Samples:  27%|██▋       | 403/1496 [00:12<00:43, 25.04step/s]
[Origin 4/13] 🎲 Drawing Posterior Samples:  27%|██▋       | 407/1496 [00:12<00:39, 27.44step/s]
[Origin 4/13] 🎲 Drawing Posterior Samples:  28%|██▊       | 412/1496 [00:12<00:33, 31.95step/s]
[Origin 4/13] 🎲 Drawing Posterior Samples:  28%|██▊       | 417/1496 [00:12<00:32, 33.55step/s]
[Origin 4/13] 🎲 Drawing Posterior Samples:  28%|██▊       | 422/1496 [00:12<00:30, 35.29step/s]
[Origin 4/13] 🎲 Drawing Posterior Samples:  29%|██▊       | 427/1496 [00:12<00:28, 37.93step/s]
[Origin 4/13] 🎲 Drawing Posterior Samples:  29%|██▉       | 432/1496 [00:13<00:27, 38.06step/s]
[Origin 4/13] 🎲 Drawing Posterior Samples:  29%|██▉       | 437/1496 [00:13<00:26, 40.53step/s]
[Origin 4/13] 🎲 Drawing Posterior Samples:  30%|██▉       | 442/1496 [00:13<00:26, 39.76step/s]
[Origin 4/13] 🎲 Drawing Posterior Samples:  30%|██▉       | 447/1496 [00:13<00:25, 40.42step/s]
[Origin 4/13] 🎲 Drawing Posterior Samples:  30%|███       | 452/1496 [00:13<00:25, 41.26step/s]
[Origin 4/13] 🎲 Drawing Posterior Samples:  31%|███       | 457/1496 [00:13<00:25, 40.30step/s]
[Origin 4/13] 🎲 Drawing Posterior Samples:  31%|███       | 462/1496 [00:13<00:24, 42.25step/s]
[Origin 4/13] 🎲 Drawing Posterior Samples:  31%|███       | 467/1496 [00:13<00:25, 40.79step/s]
[Origin 4/13] 🎲 Drawing Posterior Samples:  32%|███▏      | 472/1496 [00:14<00:24, 42.60step/s]
[Origin 4/13] 🎲 Drawing Posterior Samples:  32%|███▏      | 477/1496 [00:14<00:24, 41.26step/s]
[Origin 4/13] 🎲 Drawing Posterior Samples:  32%|███▏      | 482/1496 [00:14<00:25, 40.37step/s]
[Origin 4/13] 🎲 Drawing Posterior Samples:  33%|███▎      | 487/1496 [00:14<00:23, 42.31step/s]
[Origin 4/13] 🎲 Drawing Posterior Samples:  33%|███▎      | 492/1496 [00:14<00:24, 41.04step/s]
[Origin 4/13] 🎲 Drawing Posterior Samples:  33%|███▎      | 497/1496 [00:14<00:23, 42.82step/s]
[Origin 4/13] 🎲 Drawing Posterior Samples:  34%|███▎      | 502/1496 [00:14<00:24, 41.40step/s]
[Origin 4/13] 🎲 Drawing Posterior Samples:  34%|███▍      | 507/1496 [00:14<00:24, 40.44step/s]
[Origin 4/13] 🎲 Drawing Posterior Samples:  34%|███▍      | 512/1496 [00:15<00:23, 42.35step/s]
[Origin 4/13] 🎲 Drawing Posterior Samples:  35%|███▍      | 517/1496 [00:15<00:23, 40.97step/s]
[Origin 4/13] 🎲 Drawing Posterior Samples:  35%|███▍      | 522/1496 [00:15<00:22, 42.71step/s]
[Origin 4/13] 🎲 Drawing Posterior Samples:  35%|███▌      | 527/1496 [00:15<00:23, 41.10step/s]
[Origin 4/13] 🎲 Drawing Posterior Samples:  36%|███▌      | 532/1496 [00:15<00:23, 40.35step/s]
[Origin 4/13] 🎲 Drawing Posterior Samples:  36%|███▌      | 537/1496 [00:15<00:22, 42.21step/s]
[Origin 4/13] 🎲 Drawing Posterior Samples:  36%|███▌      | 542/1496 [00:15<00:23, 40.84step/s]
[Origin 4/13] 🎲 Drawing Posterior Samples:  37%|███▋      | 547/1496 [00:15<00:23, 40.11step/s]
[Origin 4/13] 🎲 Drawing Posterior Samples:  37%|███▋      | 552/1496 [00:16<00:22, 42.10step/s]
[Origin 4/13] 🎲 Drawing Posterior Samples:  37%|███▋      | 557/1496 [00:16<00:22, 41.32step/s]
[Origin 4/13] 🎲 Drawing Posterior Samples:  38%|███▊      | 562/1496 [00:16<00:21, 42.76step/s]
[Origin 4/13] 🎲 Drawing Posterior Samples:  38%|███▊      | 567/1496 [00:16<00:22, 41.33step/s]
[Origin 4/13] 🎲 Drawing Posterior Samples:  38%|███▊      | 572/1496 [00:16<00:21, 43.01step/s]
[Origin 4/13] 🎲 Drawing Posterior Samples:  39%|███▊      | 577/1496 [00:16<00:22, 41.46step/s]
[Origin 4/13] 🎲 Drawing Posterior Samples:  39%|███▉      | 582/1496 [00:16<00:21, 41.55step/s]
[Origin 4/13] 🎲 Drawing Posterior Samples:  39%|███▉      | 587/1496 [00:16<00:21, 41.93step/s]
[Origin 4/13] 🎲 Drawing Posterior Samples:  40%|███▉      | 592/1496 [00:16<00:22, 40.89step/s]
[Origin 4/13] 🎲 Drawing Posterior Samples:  40%|███▉      | 597/1496 [00:17<00:21, 42.70step/s]
[Origin 4/13] 🎲 Drawing Posterior Samples:  40%|████      | 602/1496 [00:17<00:21, 41.47step/s]
[Origin 4/13] 🎲 Drawing Posterior Samples:  41%|████      | 607/1496 [00:17<00:21, 41.74step/s]
[Origin 4/13] 🎲 Drawing Posterior Samples:  41%|████      | 612/1496 [00:17<00:21, 42.07step/s]
[Origin 4/13] 🎲 Drawing Posterior Samples:  41%|████      | 617/1496 [00:17<00:21, 40.77step/s]
[Origin 4/13] 🎲 Drawing Posterior Samples:  42%|████▏     | 622/1496 [00:17<00:20, 42.59step/s]
[Origin 4/13] 🎲 Drawing Posterior Samples:  42%|████▏     | 627/1496 [00:17<00:21, 41.13step/s]
[Origin 4/13] 🎲 Drawing Posterior Samples:  42%|████▏     | 632/1496 [00:17<00:20, 42.88step/s]
[Origin 4/13] 🎲 Drawing Posterior Samples:  43%|████▎     | 637/1496 [00:18<00:20, 41.48step/s]
[Origin 4/13] 🎲 Drawing Posterior Samples:  43%|████▎     | 642/1496 [00:18<00:21, 40.56step/s]
[Origin 4/13] 🎲 Drawing Posterior Samples:  43%|████▎     | 647/1496 [00:18<00:20, 42.33step/s]
[Origin 4/13] 🎲 Drawing Posterior Samples:  44%|████▎     | 652/1496 [00:18<00:20, 40.86step/s]
[Origin 4/13] 🎲 Drawing Posterior Samples:  44%|████▍     | 657/1496 [00:18<00:19, 42.67step/s]
[Origin 4/13] 🎲 Drawing Posterior Samples:  44%|████▍     | 662/1496 [00:18<00:20, 41.02step/s]
[Origin 4/13] 🎲 Drawing Posterior Samples:  45%|████▍     | 667/1496 [00:18<00:20, 39.95step/s]
[Origin 4/13] 🎲 Drawing Posterior Samples:  45%|████▍     | 672/1496 [00:18<00:19, 41.96step/s]
[Origin 4/13] 🎲 Drawing Posterior Samples:  45%|████▌     | 677/1496 [00:19<00:20, 40.86step/s]
[Origin 4/13] 🎲 Drawing Posterior Samples:  46%|████▌     | 682/1496 [00:19<00:19, 42.67step/s]
[Origin 4/13] 🎲 Drawing Posterior Samples:  46%|████▌     | 687/1496 [00:19<00:19, 41.43step/s]
[Origin 4/13] 🎲 Drawing Posterior Samples:  46%|████▋     | 692/1496 [00:19<00:19, 40.96step/s]
[Origin 4/13] 🎲 Drawing Posterior Samples:  47%|████▋     | 697/1496 [00:19<00:18, 42.13step/s]
[Origin 4/13] 🎲 Drawing Posterior Samples:  47%|████▋     | 702/1496 [00:19<00:19, 40.95step/s]
[Origin 4/13] 🎲 Drawing Posterior Samples:  47%|████▋     | 707/1496 [00:19<00:18, 42.73step/s]
[Origin 4/13] 🎲 Drawing Posterior Samples:  48%|████▊     | 712/1496 [00:19<00:18, 41.32step/s]
[Origin 4/13] 🎲 Drawing Posterior Samples:  48%|████▊     | 717/1496 [00:20<00:23, 33.37step/s]
[Origin 4/13] 🎲 Drawing Posterior Samples:  48%|████▊     | 721/1496 [00:20<00:25, 30.38step/s]
[Origin 4/13] 🎲 Drawing Posterior Samples:  48%|████▊     | 725/1496 [00:20<00:27, 28.53step/s]
[Origin 4/13] 🎲 Drawing Posterior Samples:  49%|████▊     | 729/1496 [00:20<00:26, 28.54step/s]
[Origin 4/13] 🎲 Drawing Posterior Samples:  49%|████▉     | 732/1496 [00:20<00:27, 27.66step/s]
[Origin 4/13] 🎲 Drawing Posterior Samples:  49%|████▉     | 735/1496 [00:20<00:27, 27.55step/s]
[Origin 4/13] 🎲 Drawing Posterior Samples:  49%|████▉     | 738/1496 [00:20<00:27, 27.23step/s]
[Origin 4/13] 🎲 Drawing Posterior Samples:  50%|████▉     | 741/1496 [00:21<00:29, 25.91step/s]
[Origin 4/13] 🎲 Drawing Posterior Samples:  50%|████▉     | 744/1496 [00:21<00:31, 24.24step/s]
[Origin 4/13] 🎲 Drawing Posterior Samples:  50%|████▉     | 747/1496 [00:21<00:30, 24.58step/s]
[Origin 4/13] 🎲 Drawing Posterior Samples:  50%|█████     | 750/1496 [00:22<01:47,  6.93step/s]
[Origin 4/13] 🎲 Drawing Posterior Samples:  50%|█████     | 755/1496 [00:22<01:09, 10.65step/s]
[Origin 4/13] 🎲 Drawing Posterior Samples:  51%|█████     | 759/1496 [00:22<00:53, 13.72step/s]
[Origin 4/13] 🎲 Drawing Posterior Samples:  51%|█████     | 764/1496 [00:22<00:40, 18.03step/s]
[Origin 4/13] 🎲 Drawing Posterior Samples:  51%|█████▏    | 769/1496 [00:22<00:32, 22.69step/s]
[Origin 4/13] 🎲 Drawing Posterior Samples:  52%|█████▏    | 773/1496 [00:23<00:28, 25.39step/s]
[Origin 4/13] 🎲 Drawing Posterior Samples:  52%|█████▏    | 778/1496 [00:23<00:23, 30.07step/s]
[Origin 4/13] 🎲 Drawing Posterior Samples:  52%|█████▏    | 782/1496 [00:23<00:22, 31.58step/s]
[Origin 4/13] 🎲 Drawing Posterior Samples:  53%|█████▎    | 787/1496 [00:23<00:19, 35.53step/s]
[Origin 4/13] 🎲 Drawing Posterior Samples:  53%|█████▎    | 792/1496 [00:23<00:19, 36.32step/s]
[Origin 4/13] 🎲 Drawing Posterior Samples:  53%|█████▎    | 797/1496 [00:23<00:17, 39.25step/s]
[Origin 4/13] 🎲 Drawing Posterior Samples:  54%|█████▎    | 802/1496 [00:23<00:17, 39.04step/s]
[Origin 4/13] 🎲 Drawing Posterior Samples:  54%|█████▍    | 807/1496 [00:23<00:17, 38.80step/s]
[Origin 4/13] 🎲 Drawing Posterior Samples:  54%|█████▍    | 812/1496 [00:23<00:16, 41.14step/s]
[Origin 4/13] 🎲 Drawing Posterior Samples:  55%|█████▍    | 817/1496 [00:24<00:16, 40.20step/s]
[Origin 4/13] 🎲 Drawing Posterior Samples:  55%|█████▍    | 822/1496 [00:24<00:15, 42.19step/s]
[Origin 4/13] 🎲 Drawing Posterior Samples:  55%|█████▌    | 827/1496 [00:24<00:16, 41.09step/s]
[Origin 4/13] 🎲 Drawing Posterior Samples:  56%|█████▌    | 832/1496 [00:24<00:16, 41.36step/s]
[Origin 4/13] 🎲 Drawing Posterior Samples:  56%|█████▌    | 837/1496 [00:24<00:15, 41.88step/s]
[Origin 4/13] 🎲 Drawing Posterior Samples:  56%|█████▋    | 842/1496 [00:24<00:16, 40.74step/s]
[Origin 4/13] 🎲 Drawing Posterior Samples:  57%|█████▋    | 847/1496 [00:24<00:15, 42.59step/s]
[Origin 4/13] 🎲 Drawing Posterior Samples:  57%|█████▋    | 852/1496 [00:24<00:15, 41.02step/s]
[Origin 4/13] 🎲 Drawing Posterior Samples:  57%|█████▋    | 857/1496 [00:25<00:15, 41.05step/s]
[Origin 4/13] 🎲 Drawing Posterior Samples:  58%|█████▊    | 862/1496 [00:25<00:15, 41.93step/s]
[Origin 4/13] 🎲 Drawing Posterior Samples:  58%|█████▊    | 867/1496 [00:25<00:15, 40.82step/s]
[Origin 4/13] 🎲 Drawing Posterior Samples:  58%|█████▊    | 872/1496 [00:25<00:14, 42.65step/s]
[Origin 4/13] 🎲 Drawing Posterior Samples:  59%|█████▊    | 877/1496 [00:25<00:15, 41.17step/s]
[Origin 4/13] 🎲 Drawing Posterior Samples:  59%|█████▉    | 882/1496 [00:25<00:14, 42.91step/s]
[Origin 4/13] 🎲 Drawing Posterior Samples:  59%|█████▉    | 887/1496 [00:25<00:14, 41.28step/s]
[Origin 4/13] 🎲 Drawing Posterior Samples:  60%|█████▉    | 892/1496 [00:25<00:15, 40.25step/s]
[Origin 4/13] 🎲 Drawing Posterior Samples:  60%|█████▉    | 897/1496 [00:25<00:14, 42.21step/s]
[Origin 4/13] 🎲 Drawing Posterior Samples:  60%|██████    | 902/1496 [00:26<00:14, 40.81step/s]
[Origin 4/13] 🎲 Drawing Posterior Samples:  61%|██████    | 907/1496 [00:26<00:13, 42.65step/s]
[Origin 4/13] 🎲 Drawing Posterior Samples:  61%|██████    | 912/1496 [00:26<00:14, 41.25step/s]
[Origin 4/13] 🎲 Drawing Posterior Samples:  61%|██████▏   | 917/1496 [00:26<00:14, 40.25step/s]
[Origin 4/13] 🎲 Drawing Posterior Samples:  62%|██████▏   | 922/1496 [00:26<00:13, 42.21step/s]
[Origin 4/13] 🎲 Drawing Posterior Samples:  62%|██████▏   | 927/1496 [00:26<00:13, 40.99step/s]
[Origin 4/13] 🎲 Drawing Posterior Samples:  62%|██████▏   | 932/1496 [00:26<00:13, 42.77step/s]
[Origin 4/13] 🎲 Drawing Posterior Samples:  63%|██████▎   | 937/1496 [00:26<00:13, 41.36step/s]
[Origin 4/13] 🎲 Drawing Posterior Samples:  63%|██████▎   | 942/1496 [00:27<00:13, 40.32step/s]
[Origin 4/13] 🎲 Drawing Posterior Samples:  63%|██████▎   | 947/1496 [00:27<00:13, 42.22step/s]
[Origin 4/13] 🎲 Drawing Posterior Samples:  64%|██████▎   | 952/1496 [00:27<00:13, 40.93step/s]
[Origin 4/13] 🎲 Drawing Posterior Samples:  64%|██████▍   | 957/1496 [00:27<00:12, 42.75step/s]
[Origin 4/13] 🎲 Drawing Posterior Samples:  64%|██████▍   | 962/1496 [00:27<00:12, 41.19step/s]
[Origin 4/13] 🎲 Drawing Posterior Samples:  65%|██████▍   | 967/1496 [00:27<00:13, 40.36step/s]
[Origin 4/13] 🎲 Drawing Posterior Samples:  65%|██████▍   | 972/1496 [00:27<00:12, 42.22step/s]
[Origin 4/13] 🎲 Drawing Posterior Samples:  65%|██████▌   | 977/1496 [00:27<00:12, 40.94step/s]
[Origin 4/13] 🎲 Drawing Posterior Samples:  66%|██████▌   | 982/1496 [00:28<00:12, 42.73step/s]
[Origin 4/13] 🎲 Drawing Posterior Samples:  66%|██████▌   | 987/1496 [00:28<00:12, 41.37step/s]
[Origin 4/13] 🎲 Drawing Posterior Samples:  66%|██████▋   | 992/1496 [00:28<00:12, 41.49step/s]
[Origin 4/13] 🎲 Drawing Posterior Samples:  67%|██████▋   | 997/1496 [00:28<00:11, 41.99step/s]
[Origin 4/13] 🎲 Drawing Posterior Samples:  67%|██████▋   | 1002/1496 [00:28<00:12, 40.84step/s]
[Origin 4/13] 🎲 Drawing Posterior Samples:  67%|██████▋   | 1007/1496 [00:28<00:11, 42.66step/s]
[Origin 4/13] 🎲 Drawing Posterior Samples:  68%|██████▊   | 1012/1496 [00:28<00:11, 41.22step/s]
[Origin 4/13] 🎲 Drawing Posterior Samples:  68%|██████▊   | 1017/1496 [00:28<00:11, 41.36step/s]
[Origin 4/13] 🎲 Drawing Posterior Samples:  68%|██████▊   | 1022/1496 [00:29<00:11, 41.80step/s]
[Origin 4/13] 🎲 Drawing Posterior Samples:  69%|██████▊   | 1027/1496 [00:29<00:11, 40.59step/s]
[Origin 4/13] 🎲 Drawing Posterior Samples:  69%|██████▉   | 1032/1496 [00:29<00:10, 42.48step/s]
[Origin 4/13] 🎲 Drawing Posterior Samples:  69%|██████▉   | 1037/1496 [00:29<00:11, 41.33step/s]
[Origin 4/13] 🎲 Drawing Posterior Samples:  70%|██████▉   | 1042/1496 [00:29<00:10, 43.03step/s]
[Origin 4/13] 🎲 Drawing Posterior Samples:  70%|██████▉   | 1047/1496 [00:29<00:10, 41.64step/s]
[Origin 4/13] 🎲 Drawing Posterior Samples:  70%|███████   | 1052/1496 [00:29<00:10, 40.44step/s]
[Origin 4/13] 🎲 Drawing Posterior Samples:  71%|███████   | 1057/1496 [00:29<00:10, 42.35step/s]
[Origin 4/13] 🎲 Drawing Posterior Samples:  71%|███████   | 1062/1496 [00:29<00:10, 41.02step/s]
[Origin 4/13] 🎲 Drawing Posterior Samples:  71%|███████▏  | 1067/1496 [00:30<00:10, 42.80step/s]
[Origin 4/13] 🎲 Drawing Posterior Samples:  72%|███████▏  | 1072/1496 [00:30<00:10, 41.06step/s]
[Origin 4/13] 🎲 Drawing Posterior Samples:  72%|███████▏  | 1077/1496 [00:30<00:10, 40.22step/s]
[Origin 4/13] 🎲 Drawing Posterior Samples:  72%|███████▏  | 1082/1496 [00:30<00:09, 42.11step/s]
[Origin 4/13] 🎲 Drawing Posterior Samples:  73%|███████▎  | 1087/1496 [00:30<00:10, 38.00step/s]
[Origin 4/13] 🎲 Drawing Posterior Samples:  73%|███████▎  | 1091/1496 [00:30<00:11, 34.46step/s]
[Origin 4/13] 🎲 Drawing Posterior Samples:  73%|███████▎  | 1095/1496 [00:30<00:12, 32.83step/s]
[Origin 4/13] 🎲 Drawing Posterior Samples:  73%|███████▎  | 1099/1496 [00:31<00:13, 29.80step/s]
[Origin 4/13] 🎲 Drawing Posterior Samples:  74%|███████▎  | 1103/1496 [00:31<00:14, 27.93step/s]
[Origin 4/13] 🎲 Drawing Posterior Samples:  74%|███████▍  | 1106/1496 [00:31<00:14, 26.48step/s]
[Origin 4/13] 🎲 Drawing Posterior Samples:  74%|███████▍  | 1109/1496 [00:31<00:14, 27.08step/s]
[Origin 4/13] 🎲 Drawing Posterior Samples:  74%|███████▍  | 1112/1496 [00:31<00:14, 25.83step/s]
[Origin 4/13] 🎲 Drawing Posterior Samples:  75%|███████▍  | 1115/1496 [00:31<00:14, 26.60step/s]
[Origin 4/13] 🎲 Drawing Posterior Samples:  75%|███████▍  | 1118/1496 [00:31<00:14, 26.08step/s]
[Origin 4/13] 🎲 Drawing Posterior Samples:  75%|███████▍  | 1121/1496 [00:31<00:14, 26.48step/s]
[Origin 4/13] 🎲 Drawing Posterior Samples:  75%|███████▌  | 1124/1496 [00:33<01:02,  5.93step/s]
[Origin 4/13] 🎲 Drawing Posterior Samples:  75%|███████▌  | 1129/1496 [00:33<00:39,  9.23step/s]
[Origin 4/13] 🎲 Drawing Posterior Samples:  76%|███████▌  | 1133/1496 [00:33<00:29, 12.13step/s]
[Origin 4/13] 🎲 Drawing Posterior Samples:  76%|███████▌  | 1138/1496 [00:33<00:21, 16.62step/s]
[Origin 4/13] 🎲 Drawing Posterior Samples:  76%|███████▋  | 1142/1496 [00:33<00:17, 19.73step/s]
[Origin 4/13] 🎲 Drawing Posterior Samples:  77%|███████▋  | 1147/1496 [00:33<00:14, 24.72step/s]
[Origin 4/13] 🎲 Drawing Posterior Samples:  77%|███████▋  | 1151/1496 [00:34<00:12, 27.22step/s]
[Origin 4/13] 🎲 Drawing Posterior Samples:  77%|███████▋  | 1156/1496 [00:34<00:11, 30.90step/s]
[Origin 4/13] 🎲 Drawing Posterior Samples:  78%|███████▊  | 1161/1496 [00:34<00:09, 33.89step/s]
[Origin 4/13] 🎲 Drawing Posterior Samples:  78%|███████▊  | 1166/1496 [00:34<00:09, 35.01step/s]
[Origin 4/13] 🎲 Drawing Posterior Samples:  78%|███████▊  | 1171/1496 [00:34<00:08, 38.16step/s]
[Origin 4/13] 🎲 Drawing Posterior Samples:  79%|███████▊  | 1176/1496 [00:34<00:08, 38.18step/s]
[Origin 4/13] 🎲 Drawing Posterior Samples:  79%|███████▉  | 1181/1496 [00:34<00:07, 40.64step/s]
[Origin 4/13] 🎲 Drawing Posterior Samples:  79%|███████▉  | 1186/1496 [00:34<00:07, 39.95step/s]
[Origin 4/13] 🎲 Drawing Posterior Samples:  80%|███████▉  | 1191/1496 [00:35<00:07, 39.25step/s]
[Origin 4/13] 🎲 Drawing Posterior Samples:  80%|███████▉  | 1196/1496 [00:35<00:07, 41.42step/s]
[Origin 4/13] 🎲 Drawing Posterior Samples:  80%|████████  | 1201/1496 [00:35<00:07, 40.39step/s]
[Origin 4/13] 🎲 Drawing Posterior Samples:  81%|████████  | 1206/1496 [00:35<00:06, 42.32step/s]
[Origin 4/13] 🎲 Drawing Posterior Samples:  81%|████████  | 1211/1496 [00:35<00:06, 41.01step/s]
[Origin 4/13] 🎲 Drawing Posterior Samples:  81%|████████▏ | 1216/1496 [00:35<00:06, 40.08step/s]
[Origin 4/13] 🎲 Drawing Posterior Samples:  82%|████████▏ | 1221/1496 [00:35<00:06, 42.09step/s]
[Origin 4/13] 🎲 Drawing Posterior Samples:  82%|████████▏ | 1226/1496 [00:35<00:06, 40.85step/s]
[Origin 4/13] 🎲 Drawing Posterior Samples:  82%|████████▏ | 1231/1496 [00:35<00:06, 42.65step/s]
[Origin 4/13] 🎲 Drawing Posterior Samples:  83%|████████▎ | 1236/1496 [00:36<00:06, 41.32step/s]
[Origin 4/13] 🎲 Drawing Posterior Samples:  83%|████████▎ | 1241/1496 [00:36<00:06, 40.61step/s]
[Origin 4/13] 🎲 Drawing Posterior Samples:  83%|████████▎ | 1246/1496 [00:36<00:05, 42.10step/s]
[Origin 4/13] 🎲 Drawing Posterior Samples:  84%|████████▎ | 1251/1496 [00:36<00:05, 41.02step/s]
[Origin 4/13] 🎲 Drawing Posterior Samples:  84%|████████▍ | 1256/1496 [00:36<00:05, 42.78step/s]
[Origin 4/13] 🎲 Drawing Posterior Samples:  84%|████████▍ | 1261/1496 [00:36<00:05, 41.41step/s]
[Origin 4/13] 🎲 Drawing Posterior Samples:  85%|████████▍ | 1266/1496 [00:36<00:05, 40.73step/s]
[Origin 4/13] 🎲 Drawing Posterior Samples:  85%|████████▍ | 1271/1496 [00:36<00:05, 42.24step/s]
[Origin 4/13] 🎲 Drawing Posterior Samples:  85%|████████▌ | 1276/1496 [00:37<00:05, 41.09step/s]
[Origin 4/13] 🎲 Drawing Posterior Samples:  86%|████████▌ | 1281/1496 [00:37<00:05, 42.84step/s]
[Origin 4/13] 🎲 Drawing Posterior Samples:  86%|████████▌ | 1286/1496 [00:37<00:05, 41.13step/s]
[Origin 4/13] 🎲 Drawing Posterior Samples:  86%|████████▋ | 1291/1496 [00:37<00:04, 41.47step/s]
[Origin 4/13] 🎲 Drawing Posterior Samples:  87%|████████▋ | 1296/1496 [00:37<00:04, 41.88step/s]
[Origin 4/13] 🎲 Drawing Posterior Samples:  87%|████████▋ | 1301/1496 [00:37<00:04, 40.56step/s]
[Origin 4/13] 🎲 Drawing Posterior Samples:  87%|████████▋ | 1306/1496 [00:37<00:04, 42.46step/s]
[Origin 4/13] 🎲 Drawing Posterior Samples:  88%|████████▊ | 1311/1496 [00:37<00:04, 41.02step/s]
[Origin 4/13] 🎲 Drawing Posterior Samples:  88%|████████▊ | 1316/1496 [00:38<00:04, 41.38step/s]
[Origin 4/13] 🎲 Drawing Posterior Samples:  88%|████████▊ | 1321/1496 [00:38<00:04, 41.76step/s]
[Origin 4/13] 🎲 Drawing Posterior Samples:  89%|████████▊ | 1326/1496 [00:38<00:04, 40.73step/s]
[Origin 4/13] 🎲 Drawing Posterior Samples:  89%|████████▉ | 1331/1496 [00:38<00:03, 42.58step/s]
[Origin 4/13] 🎲 Drawing Posterior Samples:  89%|████████▉ | 1336/1496 [00:38<00:03, 41.30step/s]
[Origin 4/13] 🎲 Drawing Posterior Samples:  90%|████████▉ | 1341/1496 [00:38<00:03, 42.99step/s]
[Origin 4/13] 🎲 Drawing Posterior Samples:  90%|████████▉ | 1346/1496 [00:38<00:03, 41.54step/s]
[Origin 4/13] 🎲 Drawing Posterior Samples:  90%|█████████ | 1351/1496 [00:38<00:03, 40.75step/s]
[Origin 4/13] 🎲 Drawing Posterior Samples:  91%|█████████ | 1356/1496 [00:38<00:03, 42.55step/s]
[Origin 4/13] 🎲 Drawing Posterior Samples:  91%|█████████ | 1361/1496 [00:39<00:03, 41.12step/s]
[Origin 4/13] 🎲 Drawing Posterior Samples:  91%|█████████▏| 1366/1496 [00:39<00:03, 42.88step/s]
[Origin 4/13] 🎲 Drawing Posterior Samples:  92%|█████████▏| 1371/1496 [00:39<00:03, 41.28step/s]
[Origin 4/13] 🎲 Drawing Posterior Samples:  92%|█████████▏| 1376/1496 [00:39<00:02, 40.48step/s]
[Origin 4/13] 🎲 Drawing Posterior Samples:  92%|█████████▏| 1381/1496 [00:39<00:02, 42.28step/s]
[Origin 4/13] 🎲 Drawing Posterior Samples:  93%|█████████▎| 1386/1496 [00:39<00:02, 40.99step/s]
[Origin 4/13] 🎲 Drawing Posterior Samples:  93%|█████████▎| 1391/1496 [00:39<00:02, 42.64step/s]
[Origin 4/13] 🎲 Drawing Posterior Samples:  93%|█████████▎| 1396/1496 [00:39<00:02, 41.05step/s]
[Origin 4/13] 🎲 Drawing Posterior Samples:  94%|█████████▎| 1401/1496 [00:40<00:02, 40.63step/s]
[Origin 4/13] 🎲 Drawing Posterior Samples:  94%|█████████▍| 1406/1496 [00:40<00:02, 41.99step/s]
[Origin 4/13] 🎲 Drawing Posterior Samples:  94%|█████████▍| 1411/1496 [00:40<00:02, 40.89step/s]
[Origin 4/13] 🎲 Drawing Posterior Samples:  95%|█████████▍| 1416/1496 [00:40<00:01, 42.70step/s]
[Origin 4/13] 🎲 Drawing Posterior Samples:  95%|█████████▍| 1421/1496 [00:40<00:01, 41.08step/s]
[Origin 4/13] 🎲 Drawing Posterior Samples:  95%|█████████▌| 1426/1496 [00:40<00:01, 40.69step/s]
[Origin 4/13] 🎲 Drawing Posterior Samples:  96%|█████████▌| 1431/1496 [00:40<00:01, 41.90step/s]
[Origin 4/13] 🎲 Drawing Posterior Samples:  96%|█████████▌| 1436/1496 [00:40<00:01, 40.69step/s]
[Origin 4/13] 🎲 Drawing Posterior Samples:  96%|█████████▋| 1441/1496 [00:41<00:01, 42.55step/s]
[Origin 4/13] 🎲 Drawing Posterior Samples:  97%|█████████▋| 1446/1496 [00:41<00:01, 41.02step/s]
[Origin 4/13] 🎲 Drawing Posterior Samples:  97%|█████████▋| 1451/1496 [00:41<00:01, 42.80step/s]
[Origin 4/13] 🎲 Drawing Posterior Samples:  97%|█████████▋| 1456/1496 [00:41<00:00, 41.41step/s]
[Origin 4/13] 🎲 Drawing Posterior Samples:  98%|█████████▊| 1461/1496 [00:41<00:00, 37.43step/s]
[Origin 4/13] 🎲 Drawing Posterior Samples:  98%|█████████▊| 1465/1496 [00:41<00:00, 32.94step/s]
[Origin 4/13] 🎲 Drawing Posterior Samples:  98%|█████████▊| 1469/1496 [00:41<00:00, 31.67step/s]
[Origin 4/13] 🎲 Drawing Posterior Samples:  98%|█████████▊| 1473/1496 [00:42<00:00, 29.21step/s]
[Origin 4/13] 🎲 Drawing Posterior Samples:  99%|█████████▊| 1477/1496 [00:42<00:00, 27.66step/s]
[Origin 4/13] 🎲 Drawing Posterior Samples:  99%|█████████▉| 1480/1496 [00:42<00:00, 26.43step/s]
[Origin 4/13] 🎲 Drawing Posterior Samples:  99%|█████████▉| 1483/1496 [00:42<00:00, 27.04step/s]
[Origin 4/13] 🎲 Drawing Posterior Samples:  99%|█████████▉| 1486/1496 [00:42<00:00, 26.45step/s]
[Origin 4/13] 🎲 Drawing Posterior Samples: 100%|█████████▉| 1489/1496 [00:42<00:00, 26.98step/s]
[Origin 4/13] 🎲 Drawing Posterior Samples: 100%|█████████▉| 1492/1496 [00:42<00:00, 26.26step/s]
[Origin 4/13] 🎲 Drawing Posterior Samples: 100%|█████████▉| 1495/1496 [00:42<00:00, 26.10step/s]
                                                                                                 

[Origin 5/13] 🎲 Drawing Posterior Samples:   0%|          | 0/1500 [00:00<?, ?step/s]
[Origin 5/13] 🎲 Drawing Posterior Samples:   0%|          | 5/1500 [00:00<00:33, 44.50step/s]
[Origin 5/13] 🎲 Drawing Posterior Samples:   1%|          | 10/1500 [00:00<00:32, 45.54step/s]
[Origin 5/13] 🎲 Drawing Posterior Samples:   1%|          | 15/1500 [00:00<00:35, 41.74step/s]
[Origin 5/13] 🎲 Drawing Posterior Samples:   1%|▏         | 20/1500 [00:00<00:33, 43.89step/s]
[Origin 5/13] 🎲 Drawing Posterior Samples:   2%|▏         | 25/1500 [00:00<00:35, 41.79step/s]
[Origin 5/13] 🎲 Drawing Posterior Samples:   2%|▏         | 30/1500 [00:00<00:36, 40.55step/s]
[Origin 5/13] 🎲 Drawing Posterior Samples:   2%|▏         | 35/1500 [00:00<00:34, 42.52step/s]
[Origin 5/13] 🎲 Drawing Posterior Samples:   3%|▎         | 40/1500 [00:00<00:35, 41.01step/s]
[Origin 5/13] 🎲 Drawing Posterior Samples:   3%|▎         | 45/1500 [00:01<00:33, 42.88step/s]
[Origin 5/13] 🎲 Drawing Posterior Samples:   3%|▎         | 50/1500 [00:01<00:35, 41.40step/s]
[Origin 5/13] 🎲 Drawing Posterior Samples:   4%|▎         | 55/1500 [00:01<00:33, 43.14step/s]
[Origin 5/13] 🎲 Drawing Posterior Samples:   4%|▍         | 60/1500 [00:01<00:34, 41.63step/s]
[Origin 5/13] 🎲 Drawing Posterior Samples:   4%|▍         | 65/1500 [00:01<00:35, 40.55step/s]
[Origin 5/13] 🎲 Drawing Posterior Samples:   5%|▍         | 70/1500 [00:01<00:33, 42.47step/s]
[Origin 5/13] 🎲 Drawing Posterior Samples:   5%|▌         | 75/1500 [00:01<00:34, 41.14step/s]
[Origin 5/13] 🎲 Drawing Posterior Samples:   5%|▌         | 80/1500 [00:01<00:33, 42.89step/s]
[Origin 5/13] 🎲 Drawing Posterior Samples:   6%|▌         | 85/1500 [00:02<00:34, 41.41step/s]
[Origin 5/13] 🎲 Drawing Posterior Samples:   6%|▌         | 90/1500 [00:02<00:34, 40.57step/s]
[Origin 5/13] 🎲 Drawing Posterior Samples:   6%|▋         | 95/1500 [00:02<00:33, 42.40step/s]
[Origin 5/13] 🎲 Drawing Posterior Samples:   7%|▋         | 100/1500 [00:02<00:34, 41.03step/s]
[Origin 5/13] 🎲 Drawing Posterior Samples:   7%|▋         | 105/1500 [00:02<00:32, 42.82step/s]
[Origin 5/13] 🎲 Drawing Posterior Samples:   7%|▋         | 110/1500 [00:02<00:33, 41.23step/s]
[Origin 5/13] 🎲 Drawing Posterior Samples:   8%|▊         | 115/1500 [00:02<00:34, 40.45step/s]
[Origin 5/13] 🎲 Drawing Posterior Samples:   8%|▊         | 120/1500 [00:02<00:32, 42.33step/s]
[Origin 5/13] 🎲 Drawing Posterior Samples:   8%|▊         | 125/1500 [00:02<00:33, 40.92step/s]
[Origin 5/13] 🎲 Drawing Posterior Samples:   9%|▊         | 130/1500 [00:03<00:32, 42.73step/s]
[Origin 5/13] 🎲 Drawing Posterior Samples:   9%|▉         | 135/1500 [00:03<00:33, 41.17step/s]
[Origin 5/13] 🎲 Drawing Posterior Samples:   9%|▉         | 140/1500 [00:03<00:33, 41.00step/s]
[Origin 5/13] 🎲 Drawing Posterior Samples:  10%|▉         | 145/1500 [00:03<00:32, 41.90step/s]
[Origin 5/13] 🎲 Drawing Posterior Samples:  10%|█         | 150/1500 [00:03<00:33, 40.83step/s]
[Origin 5/13] 🎲 Drawing Posterior Samples:  10%|█         | 155/1500 [00:03<00:31, 42.68step/s]
[Origin 5/13] 🎲 Drawing Posterior Samples:  11%|█         | 160/1500 [00:03<00:32, 41.16step/s]
[Origin 5/13] 🎲 Drawing Posterior Samples:  11%|█         | 165/1500 [00:03<00:32, 41.40step/s]
[Origin 5/13] 🎲 Drawing Posterior Samples:  11%|█▏        | 170/1500 [00:04<00:31, 41.92step/s]
[Origin 5/13] 🎲 Drawing Posterior Samples:  12%|█▏        | 175/1500 [00:04<00:32, 40.75step/s]
[Origin 5/13] 🎲 Drawing Posterior Samples:  12%|█▏        | 180/1500 [00:04<00:30, 42.60step/s]
[Origin 5/13] 🎲 Drawing Posterior Samples:  12%|█▏        | 185/1500 [00:04<00:31, 41.21step/s]
[Origin 5/13] 🎲 Drawing Posterior Samples:  13%|█▎        | 190/1500 [00:04<00:31, 41.36step/s]
[Origin 5/13] 🎲 Drawing Posterior Samples:  13%|█▎        | 195/1500 [00:04<00:31, 41.69step/s]
[Origin 5/13] 🎲 Drawing Posterior Samples:  13%|█▎        | 200/1500 [00:04<00:31, 40.69step/s]
[Origin 5/13] 🎲 Drawing Posterior Samples:  14%|█▎        | 205/1500 [00:04<00:30, 42.56step/s]
[Origin 5/13] 🎲 Drawing Posterior Samples:  14%|█▍        | 210/1500 [00:05<00:31, 41.27step/s]
[Origin 5/13] 🎲 Drawing Posterior Samples:  14%|█▍        | 215/1500 [00:05<00:29, 42.99step/s]
[Origin 5/13] 🎲 Drawing Posterior Samples:  15%|█▍        | 220/1500 [00:05<00:30, 41.35step/s]
[Origin 5/13] 🎲 Drawing Posterior Samples:  15%|█▌        | 225/1500 [00:05<00:31, 40.33step/s]
[Origin 5/13] 🎲 Drawing Posterior Samples:  15%|█▌        | 230/1500 [00:05<00:30, 42.28step/s]
[Origin 5/13] 🎲 Drawing Posterior Samples:  16%|█▌        | 235/1500 [00:05<00:30, 41.05step/s]
[Origin 5/13] 🎲 Drawing Posterior Samples:  16%|█▌        | 240/1500 [00:05<00:29, 42.83step/s]
[Origin 5/13] 🎲 Drawing Posterior Samples:  16%|█▋        | 245/1500 [00:05<00:30, 41.22step/s]
[Origin 5/13] 🎲 Drawing Posterior Samples:  17%|█▋        | 250/1500 [00:06<00:31, 40.28step/s]
[Origin 5/13] 🎲 Drawing Posterior Samples:  17%|█▋        | 255/1500 [00:06<00:29, 42.16step/s]
[Origin 5/13] 🎲 Drawing Posterior Samples:  17%|█▋        | 260/1500 [00:06<00:30, 40.90step/s]
[Origin 5/13] 🎲 Drawing Posterior Samples:  18%|█▊        | 265/1500 [00:06<00:28, 42.70step/s]
[Origin 5/13] 🎲 Drawing Posterior Samples:  18%|█▊        | 270/1500 [00:06<00:29, 41.18step/s]
[Origin 5/13] 🎲 Drawing Posterior Samples:  18%|█▊        | 275/1500 [00:06<00:30, 40.09step/s]
[Origin 5/13] 🎲 Drawing Posterior Samples:  19%|█▊        | 280/1500 [00:06<00:29, 42.05step/s]
[Origin 5/13] 🎲 Drawing Posterior Samples:  19%|█▉        | 285/1500 [00:06<00:29, 40.65step/s]
[Origin 5/13] 🎲 Drawing Posterior Samples:  19%|█▉        | 290/1500 [00:06<00:28, 42.52step/s]
[Origin 5/13] 🎲 Drawing Posterior Samples:  20%|█▉        | 295/1500 [00:07<00:29, 41.28step/s]
[Origin 5/13] 🎲 Drawing Posterior Samples:  20%|██        | 300/1500 [00:07<00:28, 41.49step/s]
[Origin 5/13] 🎲 Drawing Posterior Samples:  20%|██        | 305/1500 [00:07<00:28, 42.00step/s]
[Origin 5/13] 🎲 Drawing Posterior Samples:  21%|██        | 310/1500 [00:07<00:29, 40.82step/s]
[Origin 5/13] 🎲 Drawing Posterior Samples:  21%|██        | 315/1500 [00:07<00:27, 42.66step/s]
[Origin 5/13] 🎲 Drawing Posterior Samples:  21%|██▏       | 320/1500 [00:07<00:28, 41.25step/s]
[Origin 5/13] 🎲 Drawing Posterior Samples:  22%|██▏       | 325/1500 [00:07<00:28, 41.38step/s]
[Origin 5/13] 🎲 Drawing Posterior Samples:  22%|██▏       | 330/1500 [00:07<00:27, 41.97step/s]
[Origin 5/13] 🎲 Drawing Posterior Samples:  22%|██▏       | 335/1500 [00:08<00:28, 40.65step/s]
[Origin 5/13] 🎲 Drawing Posterior Samples:  23%|██▎       | 340/1500 [00:08<00:29, 39.38step/s]
[Origin 5/13] 🎲 Drawing Posterior Samples:  23%|██▎       | 344/1500 [00:08<00:34, 33.86step/s]
[Origin 5/13] 🎲 Drawing Posterior Samples:  23%|██▎       | 348/1500 [00:08<00:37, 30.53step/s]
[Origin 5/13] 🎲 Drawing Posterior Samples:  23%|██▎       | 352/1500 [00:08<00:39, 29.06step/s]
[Origin 5/13] 🎲 Drawing Posterior Samples:  24%|██▎       | 356/1500 [00:08<00:39, 29.32step/s]
[Origin 5/13] 🎲 Drawing Posterior Samples:  24%|██▍       | 359/1500 [00:08<00:40, 28.02step/s]
[Origin 5/13] 🎲 Drawing Posterior Samples:  24%|██▍       | 362/1500 [00:09<00:42, 26.98step/s]
[Origin 5/13] 🎲 Drawing Posterior Samples:  24%|██▍       | 366/1500 [00:09<00:40, 28.32step/s]
[Origin 5/13] 🎲 Drawing Posterior Samples:  25%|██▍       | 369/1500 [00:09<00:40, 27.66step/s]
[Origin 5/13] 🎲 Drawing Posterior Samples:  25%|██▍       | 373/1500 [00:09<00:40, 27.55step/s]
[Origin 5/13] 🎲 Drawing Posterior Samples:  25%|██▌       | 376/1500 [00:10<02:33,  7.30step/s]
[Origin 5/13] 🎲 Drawing Posterior Samples:  25%|██▌       | 381/1500 [00:10<01:43, 10.83step/s]
[Origin 5/13] 🎲 Drawing Posterior Samples:  26%|██▌       | 385/1500 [00:10<01:21, 13.76step/s]
[Origin 5/13] 🎲 Drawing Posterior Samples:  26%|██▌       | 390/1500 [00:11<01:01, 17.98step/s]
[Origin 5/13] 🎲 Drawing Posterior Samples:  26%|██▋       | 395/1500 [00:11<00:49, 22.38step/s]
[Origin 5/13] 🎲 Drawing Posterior Samples:  27%|██▋       | 399/1500 [00:11<00:43, 25.34step/s]
[Origin 5/13] 🎲 Drawing Posterior Samples:  27%|██▋       | 404/1500 [00:11<00:36, 29.68step/s]
[Origin 5/13] 🎲 Drawing Posterior Samples:  27%|██▋       | 408/1500 [00:11<00:34, 31.21step/s]
[Origin 5/13] 🎲 Drawing Posterior Samples:  28%|██▊       | 413/1500 [00:11<00:30, 35.19step/s]
[Origin 5/13] 🎲 Drawing Posterior Samples:  28%|██▊       | 418/1500 [00:11<00:29, 36.11step/s]
[Origin 5/13] 🎲 Drawing Posterior Samples:  28%|██▊       | 423/1500 [00:11<00:27, 39.07step/s]
[Origin 5/13] 🎲 Drawing Posterior Samples:  29%|██▊       | 428/1500 [00:11<00:27, 38.94step/s]
[Origin 5/13] 🎲 Drawing Posterior Samples:  29%|██▉       | 433/1500 [00:12<00:27, 38.71step/s]
[Origin 5/13] 🎲 Drawing Posterior Samples:  29%|██▉       | 438/1500 [00:12<00:25, 41.07step/s]
[Origin 5/13] 🎲 Drawing Posterior Samples:  30%|██▉       | 443/1500 [00:12<00:26, 40.12step/s]
[Origin 5/13] 🎲 Drawing Posterior Samples:  30%|██▉       | 448/1500 [00:12<00:24, 42.13step/s]
[Origin 5/13] 🎲 Drawing Posterior Samples:  30%|███       | 453/1500 [00:12<00:25, 40.88step/s]
[Origin 5/13] 🎲 Drawing Posterior Samples:  31%|███       | 458/1500 [00:12<00:25, 40.91step/s]
[Origin 5/13] 🎲 Drawing Posterior Samples:  31%|███       | 463/1500 [00:12<00:24, 41.79step/s]
[Origin 5/13] 🎲 Drawing Posterior Samples:  31%|███       | 468/1500 [00:12<00:25, 40.59step/s]
[Origin 5/13] 🎲 Drawing Posterior Samples:  32%|███▏      | 473/1500 [00:13<00:24, 42.36step/s]
[Origin 5/13] 🎲 Drawing Posterior Samples:  32%|███▏      | 478/1500 [00:13<00:24, 41.05step/s]
[Origin 5/13] 🎲 Drawing Posterior Samples:  32%|███▏      | 483/1500 [00:13<00:25, 40.51step/s]
[Origin 5/13] 🎲 Drawing Posterior Samples:  33%|███▎      | 488/1500 [00:13<00:24, 42.11step/s]
[Origin 5/13] 🎲 Drawing Posterior Samples:  33%|███▎      | 493/1500 [00:13<00:24, 40.82step/s]
[Origin 5/13] 🎲 Drawing Posterior Samples:  33%|███▎      | 498/1500 [00:13<00:23, 42.63step/s]
[Origin 5/13] 🎲 Drawing Posterior Samples:  34%|███▎      | 503/1500 [00:13<00:24, 41.25step/s]
[Origin 5/13] 🎲 Drawing Posterior Samples:  34%|███▍      | 508/1500 [00:13<00:23, 42.97step/s]
[Origin 5/13] 🎲 Drawing Posterior Samples:  34%|███▍      | 513/1500 [00:13<00:23, 41.51step/s]
[Origin 5/13] 🎲 Drawing Posterior Samples:  35%|███▍      | 518/1500 [00:14<00:24, 40.52step/s]
[Origin 5/13] 🎲 Drawing Posterior Samples:  35%|███▍      | 523/1500 [00:14<00:23, 42.36step/s]
[Origin 5/13] 🎲 Drawing Posterior Samples:  35%|███▌      | 528/1500 [00:14<00:23, 40.94step/s]
[Origin 5/13] 🎲 Drawing Posterior Samples:  36%|███▌      | 533/1500 [00:14<00:22, 42.71step/s]
[Origin 5/13] 🎲 Drawing Posterior Samples:  36%|███▌      | 538/1500 [00:14<00:23, 41.25step/s]
[Origin 5/13] 🎲 Drawing Posterior Samples:  36%|███▌      | 543/1500 [00:14<00:23, 40.40step/s]
[Origin 5/13] 🎲 Drawing Posterior Samples:  37%|███▋      | 548/1500 [00:14<00:22, 42.32step/s]
[Origin 5/13] 🎲 Drawing Posterior Samples:  37%|███▋      | 553/1500 [00:14<00:23, 41.04step/s]
[Origin 5/13] 🎲 Drawing Posterior Samples:  37%|███▋      | 558/1500 [00:15<00:22, 41.72step/s]
[Origin 5/13] 🎲 Drawing Posterior Samples:  38%|███▊      | 563/1500 [00:15<00:22, 41.60step/s]
[Origin 5/13] 🎲 Drawing Posterior Samples:  38%|███▊      | 568/1500 [00:15<00:22, 40.54step/s]
[Origin 5/13] 🎲 Drawing Posterior Samples:  38%|███▊      | 573/1500 [00:15<00:21, 42.45step/s]
[Origin 5/13] 🎲 Drawing Posterior Samples:  39%|███▊      | 578/1500 [00:15<00:22, 41.01step/s]
[Origin 5/13] 🎲 Drawing Posterior Samples:  39%|███▉      | 583/1500 [00:15<00:21, 42.80step/s]
[Origin 5/13] 🎲 Drawing Posterior Samples:  39%|███▉      | 588/1500 [00:15<00:22, 41.43step/s]
[Origin 5/13] 🎲 Drawing Posterior Samples:  40%|███▉      | 593/1500 [00:15<00:22, 40.62step/s]
[Origin 5/13] 🎲 Drawing Posterior Samples:  40%|███▉      | 598/1500 [00:16<00:21, 42.44step/s]
[Origin 5/13] 🎲 Drawing Posterior Samples:  40%|████      | 603/1500 [00:16<00:21, 41.13step/s]
[Origin 5/13] 🎲 Drawing Posterior Samples:  41%|████      | 608/1500 [00:16<00:20, 42.89step/s]
[Origin 5/13] 🎲 Drawing Posterior Samples:  41%|████      | 613/1500 [00:16<00:21, 41.32step/s]
[Origin 5/13] 🎲 Drawing Posterior Samples:  41%|████      | 618/1500 [00:16<00:21, 40.38step/s]
[Origin 5/13] 🎲 Drawing Posterior Samples:  42%|████▏     | 623/1500 [00:16<00:20, 42.27step/s]
[Origin 5/13] 🎲 Drawing Posterior Samples:  42%|████▏     | 628/1500 [00:16<00:21, 41.12step/s]
[Origin 5/13] 🎲 Drawing Posterior Samples:  42%|████▏     | 633/1500 [00:16<00:20, 42.87step/s]
[Origin 5/13] 🎲 Drawing Posterior Samples:  43%|████▎     | 638/1500 [00:17<00:20, 41.30step/s]
[Origin 5/13] 🎲 Drawing Posterior Samples:  43%|████▎     | 643/1500 [00:17<00:20, 41.51step/s]
[Origin 5/13] 🎲 Drawing Posterior Samples:  43%|████▎     | 648/1500 [00:17<00:20, 41.94step/s]
[Origin 5/13] 🎲 Drawing Posterior Samples:  44%|████▎     | 653/1500 [00:17<00:20, 40.78step/s]
[Origin 5/13] 🎲 Drawing Posterior Samples:  44%|████▍     | 658/1500 [00:17<00:19, 42.64step/s]
[Origin 5/13] 🎲 Drawing Posterior Samples:  44%|████▍     | 663/1500 [00:17<00:20, 41.30step/s]
[Origin 5/13] 🎲 Drawing Posterior Samples:  45%|████▍     | 668/1500 [00:17<00:20, 41.49step/s]
[Origin 5/13] 🎲 Drawing Posterior Samples:  45%|████▍     | 673/1500 [00:17<00:19, 41.86step/s]
[Origin 5/13] 🎲 Drawing Posterior Samples:  45%|████▌     | 678/1500 [00:17<00:20, 40.47step/s]
[Origin 5/13] 🎲 Drawing Posterior Samples:  46%|████▌     | 683/1500 [00:18<00:19, 42.39step/s]
[Origin 5/13] 🎲 Drawing Posterior Samples:  46%|████▌     | 688/1500 [00:18<00:19, 41.11step/s]
[Origin 5/13] 🎲 Drawing Posterior Samples:  46%|████▌     | 693/1500 [00:18<00:18, 42.85step/s]
[Origin 5/13] 🎲 Drawing Posterior Samples:  47%|████▋     | 698/1500 [00:18<00:19, 41.43step/s]
[Origin 5/13] 🎲 Drawing Posterior Samples:  47%|████▋     | 703/1500 [00:18<00:19, 40.45step/s]
[Origin 5/13] 🎲 Drawing Posterior Samples:  47%|████▋     | 708/1500 [00:18<00:18, 42.38step/s]
[Origin 5/13] 🎲 Drawing Posterior Samples:  48%|████▊     | 713/1500 [00:18<00:19, 40.88step/s]
[Origin 5/13] 🎲 Drawing Posterior Samples:  48%|████▊     | 718/1500 [00:19<00:24, 31.51step/s]
[Origin 5/13] 🎲 Drawing Posterior Samples:  48%|████▊     | 722/1500 [00:19<00:26, 29.18step/s]
[Origin 5/13] 🎲 Drawing Posterior Samples:  48%|████▊     | 726/1500 [00:19<00:26, 28.91step/s]
[Origin 5/13] 🎲 Drawing Posterior Samples:  49%|████▊     | 730/1500 [00:19<00:26, 29.44step/s]
[Origin 5/13] 🎲 Drawing Posterior Samples:  49%|████▉     | 734/1500 [00:19<00:26, 28.64step/s]
[Origin 5/13] 🎲 Drawing Posterior Samples:  49%|████▉     | 737/1500 [00:19<00:26, 28.72step/s]
[Origin 5/13] 🎲 Drawing Posterior Samples:  49%|████▉     | 740/1500 [00:19<00:26, 28.18step/s]
[Origin 5/13] 🎲 Drawing Posterior Samples:  50%|████▉     | 743/1500 [00:19<00:27, 27.68step/s]
[Origin 5/13] 🎲 Drawing Posterior Samples:  50%|████▉     | 746/1500 [00:20<00:26, 28.14step/s]
[Origin 5/13] 🎲 Drawing Posterior Samples:  50%|████▉     | 749/1500 [00:20<00:27, 27.41step/s]
[Origin 5/13] 🎲 Drawing Posterior Samples:  50%|█████     | 752/1500 [00:21<02:13,  5.62step/s]
[Origin 5/13] 🎲 Drawing Posterior Samples:  50%|█████     | 757/1500 [00:21<01:25,  8.69step/s]
[Origin 5/13] 🎲 Drawing Posterior Samples:  51%|█████     | 761/1500 [00:22<01:04, 11.45step/s]
[Origin 5/13] 🎲 Drawing Posterior Samples:  51%|█████     | 766/1500 [00:22<00:46, 15.77step/s]
[Origin 5/13] 🎲 Drawing Posterior Samples:  51%|█████▏    | 770/1500 [00:22<00:38, 18.90step/s]
[Origin 5/13] 🎲 Drawing Posterior Samples:  52%|█████▏    | 775/1500 [00:22<00:30, 23.83step/s]
[Origin 5/13] 🎲 Drawing Posterior Samples:  52%|█████▏    | 779/1500 [00:22<00:27, 26.35step/s]
[Origin 5/13] 🎲 Drawing Posterior Samples:  52%|█████▏    | 784/1500 [00:22<00:23, 30.99step/s]
[Origin 5/13] 🎲 Drawing Posterior Samples:  53%|█████▎    | 789/1500 [00:22<00:21, 33.09step/s]
[Origin 5/13] 🎲 Drawing Posterior Samples:  53%|█████▎    | 794/1500 [00:22<00:19, 35.40step/s]
[Origin 5/13] 🎲 Drawing Posterior Samples:  53%|█████▎    | 799/1500 [00:22<00:18, 37.44step/s]
[Origin 5/13] 🎲 Drawing Posterior Samples:  54%|█████▎    | 804/1500 [00:23<00:18, 37.69step/s]
[Origin 5/13] 🎲 Drawing Posterior Samples:  54%|█████▍    | 809/1500 [00:23<00:17, 40.31step/s]
[Origin 5/13] 🎲 Drawing Posterior Samples:  54%|█████▍    | 814/1500 [00:23<00:17, 39.41step/s]
[Origin 5/13] 🎲 Drawing Posterior Samples:  55%|█████▍    | 819/1500 [00:23<00:17, 39.81step/s]
[Origin 5/13] 🎲 Drawing Posterior Samples:  55%|█████▍    | 824/1500 [00:23<00:16, 41.00step/s]
[Origin 5/13] 🎲 Drawing Posterior Samples:  55%|█████▌    | 829/1500 [00:23<00:16, 40.08step/s]
[Origin 5/13] 🎲 Drawing Posterior Samples:  56%|█████▌    | 834/1500 [00:23<00:15, 42.11step/s]
[Origin 5/13] 🎲 Drawing Posterior Samples:  56%|█████▌    | 839/1500 [00:23<00:16, 40.82step/s]
[Origin 5/13] 🎲 Drawing Posterior Samples:  56%|█████▋    | 844/1500 [00:23<00:15, 42.66step/s]
[Origin 5/13] 🎲 Drawing Posterior Samples:  57%|█████▋    | 849/1500 [00:24<00:15, 41.35step/s]
[Origin 5/13] 🎲 Drawing Posterior Samples:  57%|█████▋    | 854/1500 [00:24<00:15, 40.49step/s]
[Origin 5/13] 🎲 Drawing Posterior Samples:  57%|█████▋    | 859/1500 [00:24<00:15, 42.43step/s]
[Origin 5/13] 🎲 Drawing Posterior Samples:  58%|█████▊    | 864/1500 [00:24<00:15, 41.07step/s]
[Origin 5/13] 🎲 Drawing Posterior Samples:  58%|█████▊    | 869/1500 [00:24<00:14, 42.83step/s]
[Origin 5/13] 🎲 Drawing Posterior Samples:  58%|█████▊    | 874/1500 [00:24<00:15, 41.39step/s]
[Origin 5/13] 🎲 Drawing Posterior Samples:  59%|█████▊    | 879/1500 [00:24<00:15, 41.03step/s]
[Origin 5/13] 🎲 Drawing Posterior Samples:  59%|█████▉    | 884/1500 [00:24<00:14, 42.31step/s]
[Origin 5/13] 🎲 Drawing Posterior Samples:  59%|█████▉    | 889/1500 [00:25<00:14, 40.88step/s]
[Origin 5/13] 🎲 Drawing Posterior Samples:  60%|█████▉    | 894/1500 [00:25<00:14, 42.72step/s]
[Origin 5/13] 🎲 Drawing Posterior Samples:  60%|█████▉    | 899/1500 [00:25<00:14, 41.37step/s]
[Origin 5/13] 🎲 Drawing Posterior Samples:  60%|██████    | 904/1500 [00:25<00:14, 40.61step/s]
[Origin 5/13] 🎲 Drawing Posterior Samples:  61%|██████    | 909/1500 [00:25<00:14, 42.16step/s]
[Origin 5/13] 🎲 Drawing Posterior Samples:  61%|██████    | 914/1500 [00:25<00:14, 40.89step/s]
[Origin 5/13] 🎲 Drawing Posterior Samples:  61%|██████▏   | 919/1500 [00:25<00:13, 42.72step/s]
[Origin 5/13] 🎲 Drawing Posterior Samples:  62%|██████▏   | 924/1500 [00:25<00:13, 41.35step/s]
[Origin 5/13] 🎲 Drawing Posterior Samples:  62%|██████▏   | 929/1500 [00:26<00:13, 43.06step/s]
[Origin 5/13] 🎲 Drawing Posterior Samples:  62%|██████▏   | 934/1500 [00:26<00:13, 41.64step/s]
[Origin 5/13] 🎲 Drawing Posterior Samples:  63%|██████▎   | 939/1500 [00:26<00:13, 40.78step/s]
[Origin 5/13] 🎲 Drawing Posterior Samples:  63%|██████▎   | 944/1500 [00:26<00:13, 42.62step/s]
[Origin 5/13] 🎲 Drawing Posterior Samples:  63%|██████▎   | 949/1500 [00:26<00:13, 41.18step/s]
[Origin 5/13] 🎲 Drawing Posterior Samples:  64%|██████▎   | 954/1500 [00:26<00:12, 42.94step/s]
[Origin 5/13] 🎲 Drawing Posterior Samples:  64%|██████▍   | 959/1500 [00:26<00:13, 41.45step/s]
[Origin 5/13] 🎲 Drawing Posterior Samples:  64%|██████▍   | 964/1500 [00:26<00:13, 40.46step/s]
[Origin 5/13] 🎲 Drawing Posterior Samples:  65%|██████▍   | 969/1500 [00:26<00:12, 42.40step/s]
[Origin 5/13] 🎲 Drawing Posterior Samples:  65%|██████▍   | 974/1500 [00:27<00:12, 41.00step/s]
[Origin 5/13] 🎲 Drawing Posterior Samples:  65%|██████▌   | 979/1500 [00:27<00:12, 42.79step/s]
[Origin 5/13] 🎲 Drawing Posterior Samples:  66%|██████▌   | 984/1500 [00:27<00:12, 41.19step/s]
[Origin 5/13] 🎲 Drawing Posterior Samples:  66%|██████▌   | 989/1500 [00:27<00:12, 40.17step/s]
[Origin 5/13] 🎲 Drawing Posterior Samples:  66%|██████▋   | 994/1500 [00:27<00:12, 39.92step/s]
[Origin 5/13] 🎲 Drawing Posterior Samples:  67%|██████▋   | 999/1500 [00:27<00:12, 41.67step/s]
[Origin 5/13] 🎲 Drawing Posterior Samples:  67%|██████▋   | 1004/1500 [00:27<00:11, 43.28step/s]
[Origin 5/13] 🎲 Drawing Posterior Samples:  67%|██████▋   | 1009/1500 [00:27<00:11, 41.53step/s]
[Origin 5/13] 🎲 Drawing Posterior Samples:  68%|██████▊   | 1014/1500 [00:28<00:12, 40.42step/s]
[Origin 5/13] 🎲 Drawing Posterior Samples:  68%|██████▊   | 1019/1500 [00:28<00:11, 42.32step/s]
[Origin 5/13] 🎲 Drawing Posterior Samples:  68%|██████▊   | 1024/1500 [00:28<00:11, 40.96step/s]
[Origin 5/13] 🎲 Drawing Posterior Samples:  69%|██████▊   | 1029/1500 [00:28<00:11, 42.76step/s]
[Origin 5/13] 🎲 Drawing Posterior Samples:  69%|██████▉   | 1034/1500 [00:28<00:11, 41.35step/s]
[Origin 5/13] 🎲 Drawing Posterior Samples:  69%|██████▉   | 1039/1500 [00:28<00:11, 41.48step/s]
[Origin 5/13] 🎲 Drawing Posterior Samples:  70%|██████▉   | 1044/1500 [00:28<00:10, 41.72step/s]
[Origin 5/13] 🎲 Drawing Posterior Samples:  70%|██████▉   | 1049/1500 [00:28<00:11, 40.63step/s]
[Origin 5/13] 🎲 Drawing Posterior Samples:  70%|███████   | 1054/1500 [00:29<00:10, 42.52step/s]
[Origin 5/13] 🎲 Drawing Posterior Samples:  71%|███████   | 1059/1500 [00:29<00:10, 41.13step/s]
[Origin 5/13] 🎲 Drawing Posterior Samples:  71%|███████   | 1064/1500 [00:29<00:10, 41.13step/s]
[Origin 5/13] 🎲 Drawing Posterior Samples:  71%|███████▏  | 1069/1500 [00:29<00:10, 41.99step/s]
[Origin 5/13] 🎲 Drawing Posterior Samples:  72%|███████▏  | 1074/1500 [00:29<00:10, 40.88step/s]
[Origin 5/13] 🎲 Drawing Posterior Samples:  72%|███████▏  | 1079/1500 [00:29<00:09, 42.70step/s]
[Origin 5/13] 🎲 Drawing Posterior Samples:  72%|███████▏  | 1084/1500 [00:29<00:10, 41.23step/s]
[Origin 5/13] 🎲 Drawing Posterior Samples:  73%|███████▎  | 1089/1500 [00:29<00:09, 42.96step/s]
[Origin 5/13] 🎲 Drawing Posterior Samples:  73%|███████▎  | 1094/1500 [00:30<00:11, 35.31step/s]
[Origin 5/13] 🎲 Drawing Posterior Samples:  73%|███████▎  | 1098/1500 [00:30<00:12, 32.52step/s]
[Origin 5/13] 🎲 Drawing Posterior Samples:  73%|███████▎  | 1102/1500 [00:30<00:12, 31.42step/s]
[Origin 5/13] 🎲 Drawing Posterior Samples:  74%|███████▎  | 1106/1500 [00:30<00:12, 31.40step/s]
[Origin 5/13] 🎲 Drawing Posterior Samples:  74%|███████▍  | 1110/1500 [00:30<00:12, 30.64step/s]
[Origin 5/13] 🎲 Drawing Posterior Samples:  74%|███████▍  | 1114/1500 [00:30<00:12, 29.99step/s]
[Origin 5/13] 🎲 Drawing Posterior Samples:  75%|███████▍  | 1118/1500 [00:30<00:12, 30.01step/s]
[Origin 5/13] 🎲 Drawing Posterior Samples:  75%|███████▍  | 1122/1500 [00:31<00:12, 29.81step/s]
[Origin 5/13] 🎲 Drawing Posterior Samples:  75%|███████▌  | 1126/1500 [00:32<00:51,  7.31step/s]
[Origin 5/13] 🎲 Drawing Posterior Samples:  75%|███████▌  | 1131/1500 [00:32<00:35, 10.35step/s]
[Origin 5/13] 🎲 Drawing Posterior Samples:  76%|███████▌  | 1135/1500 [00:32<00:28, 13.00step/s]
[Origin 5/13] 🎲 Drawing Posterior Samples:  76%|███████▌  | 1140/1500 [00:32<00:20, 17.20step/s]
[Origin 5/13] 🎲 Drawing Posterior Samples:  76%|███████▋  | 1144/1500 [00:32<00:17, 20.17step/s]
[Origin 5/13] 🎲 Drawing Posterior Samples:  77%|███████▋  | 1149/1500 [00:33<00:14, 24.94step/s]
[Origin 5/13] 🎲 Drawing Posterior Samples:  77%|███████▋  | 1153/1500 [00:33<00:12, 27.25step/s]
[Origin 5/13] 🎲 Drawing Posterior Samples:  77%|███████▋  | 1158/1500 [00:33<00:10, 31.72step/s]
[Origin 5/13] 🎲 Drawing Posterior Samples:  78%|███████▊  | 1163/1500 [00:33<00:10, 33.53step/s]
[Origin 5/13] 🎲 Drawing Posterior Samples:  78%|███████▊  | 1168/1500 [00:33<00:09, 34.66step/s]
[Origin 5/13] 🎲 Drawing Posterior Samples:  78%|███████▊  | 1173/1500 [00:33<00:08, 37.85step/s]
[Origin 5/13] 🎲 Drawing Posterior Samples:  79%|███████▊  | 1178/1500 [00:33<00:08, 38.08step/s]
[Origin 5/13] 🎲 Drawing Posterior Samples:  79%|███████▉  | 1183/1500 [00:33<00:07, 40.59step/s]
[Origin 5/13] 🎲 Drawing Posterior Samples:  79%|███████▉  | 1188/1500 [00:34<00:07, 39.90step/s]
[Origin 5/13] 🎲 Drawing Posterior Samples:  80%|███████▉  | 1193/1500 [00:34<00:07, 39.45step/s]
[Origin 5/13] 🎲 Drawing Posterior Samples:  80%|███████▉  | 1198/1500 [00:34<00:07, 41.56step/s]
[Origin 5/13] 🎲 Drawing Posterior Samples:  80%|████████  | 1203/1500 [00:34<00:07, 40.38step/s]
[Origin 5/13] 🎲 Drawing Posterior Samples:  81%|████████  | 1208/1500 [00:34<00:06, 42.29step/s]
[Origin 5/13] 🎲 Drawing Posterior Samples:  81%|████████  | 1213/1500 [00:34<00:07, 40.99step/s]
[Origin 5/13] 🎲 Drawing Posterior Samples:  81%|████████  | 1218/1500 [00:34<00:07, 40.22step/s]
[Origin 5/13] 🎲 Drawing Posterior Samples:  82%|████████▏ | 1223/1500 [00:34<00:06, 42.18step/s]
[Origin 5/13] 🎲 Drawing Posterior Samples:  82%|████████▏ | 1228/1500 [00:35<00:06, 41.02step/s]
[Origin 5/13] 🎲 Drawing Posterior Samples:  82%|████████▏ | 1233/1500 [00:35<00:06, 42.81step/s]
[Origin 5/13] 🎲 Drawing Posterior Samples:  83%|████████▎ | 1238/1500 [00:35<00:06, 41.29step/s]
[Origin 5/13] 🎲 Drawing Posterior Samples:  83%|████████▎ | 1243/1500 [00:35<00:06, 41.48step/s]
[Origin 5/13] 🎲 Drawing Posterior Samples:  83%|████████▎ | 1248/1500 [00:35<00:06, 41.99step/s]
[Origin 5/13] 🎲 Drawing Posterior Samples:  84%|████████▎ | 1253/1500 [00:35<00:06, 40.91step/s]
[Origin 5/13] 🎲 Drawing Posterior Samples:  84%|████████▍ | 1258/1500 [00:35<00:05, 42.73step/s]
[Origin 5/13] 🎲 Drawing Posterior Samples:  84%|████████▍ | 1263/1500 [00:35<00:05, 41.25step/s]
[Origin 5/13] 🎲 Drawing Posterior Samples:  85%|████████▍ | 1268/1500 [00:35<00:05, 41.43step/s]
[Origin 5/13] 🎲 Drawing Posterior Samples:  85%|████████▍ | 1273/1500 [00:36<00:05, 42.02step/s]
[Origin 5/13] 🎲 Drawing Posterior Samples:  85%|████████▌ | 1278/1500 [00:36<00:05, 40.84step/s]
[Origin 5/13] 🎲 Drawing Posterior Samples:  86%|████████▌ | 1283/1500 [00:36<00:05, 42.68step/s]
[Origin 5/13] 🎲 Drawing Posterior Samples:  86%|████████▌ | 1288/1500 [00:36<00:05, 41.42step/s]
[Origin 5/13] 🎲 Drawing Posterior Samples:  86%|████████▌ | 1293/1500 [00:36<00:04, 43.11step/s]
[Origin 5/13] 🎲 Drawing Posterior Samples:  87%|████████▋ | 1298/1500 [00:36<00:04, 41.52step/s]
[Origin 5/13] 🎲 Drawing Posterior Samples:  87%|████████▋ | 1303/1500 [00:36<00:04, 40.40step/s]
[Origin 5/13] 🎲 Drawing Posterior Samples:  87%|████████▋ | 1308/1500 [00:36<00:04, 42.34step/s]
[Origin 5/13] 🎲 Drawing Posterior Samples:  88%|████████▊ | 1313/1500 [00:37<00:04, 40.79step/s]
[Origin 5/13] 🎲 Drawing Posterior Samples:  88%|████████▊ | 1318/1500 [00:37<00:04, 42.63step/s]
[Origin 5/13] 🎲 Drawing Posterior Samples:  88%|████████▊ | 1323/1500 [00:37<00:04, 41.24step/s]
[Origin 5/13] 🎲 Drawing Posterior Samples:  89%|████████▊ | 1328/1500 [00:37<00:04, 40.34step/s]
[Origin 5/13] 🎲 Drawing Posterior Samples:  89%|████████▉ | 1333/1500 [00:37<00:03, 42.26step/s]
[Origin 5/13] 🎲 Drawing Posterior Samples:  89%|████████▉ | 1338/1500 [00:37<00:03, 40.99step/s]
[Origin 5/13] 🎲 Drawing Posterior Samples:  90%|████████▉ | 1343/1500 [00:37<00:03, 42.78step/s]
[Origin 5/13] 🎲 Drawing Posterior Samples:  90%|████████▉ | 1348/1500 [00:37<00:03, 41.38step/s]
[Origin 5/13] 🎲 Drawing Posterior Samples:  90%|█████████ | 1353/1500 [00:38<00:03, 41.01step/s]
[Origin 5/13] 🎲 Drawing Posterior Samples:  91%|█████████ | 1358/1500 [00:38<00:03, 42.21step/s]
[Origin 5/13] 🎲 Drawing Posterior Samples:  91%|█████████ | 1363/1500 [00:38<00:03, 40.83step/s]
[Origin 5/13] 🎲 Drawing Posterior Samples:  91%|█████████ | 1368/1500 [00:38<00:03, 42.68step/s]
[Origin 5/13] 🎲 Drawing Posterior Samples:  92%|█████████▏| 1373/1500 [00:38<00:03, 41.11step/s]
[Origin 5/13] 🎲 Drawing Posterior Samples:  92%|█████████▏| 1378/1500 [00:38<00:03, 39.99step/s]
[Origin 5/13] 🎲 Drawing Posterior Samples:  92%|█████████▏| 1383/1500 [00:38<00:02, 41.95step/s]
[Origin 5/13] 🎲 Drawing Posterior Samples:  93%|█████████▎| 1388/1500 [00:38<00:02, 40.87step/s]
[Origin 5/13] 🎲 Drawing Posterior Samples:  93%|█████████▎| 1393/1500 [00:38<00:02, 42.71step/s]
[Origin 5/13] 🎲 Drawing Posterior Samples:  93%|█████████▎| 1398/1500 [00:39<00:02, 41.38step/s]
[Origin 5/13] 🎲 Drawing Posterior Samples:  94%|█████████▎| 1403/1500 [00:39<00:02, 41.67step/s]
[Origin 5/13] 🎲 Drawing Posterior Samples:  94%|█████████▍| 1408/1500 [00:39<00:02, 42.13step/s]
[Origin 5/13] 🎲 Drawing Posterior Samples:  94%|█████████▍| 1413/1500 [00:39<00:02, 40.66step/s]
[Origin 5/13] 🎲 Drawing Posterior Samples:  95%|█████████▍| 1418/1500 [00:39<00:01, 42.54step/s]
[Origin 5/13] 🎲 Drawing Posterior Samples:  95%|█████████▍| 1423/1500 [00:39<00:01, 41.10step/s]
[Origin 5/13] 🎲 Drawing Posterior Samples:  95%|█████████▌| 1428/1500 [00:39<00:01, 41.42step/s]
[Origin 5/13] 🎲 Drawing Posterior Samples:  96%|█████████▌| 1433/1500 [00:39<00:01, 41.90step/s]
[Origin 5/13] 🎲 Drawing Posterior Samples:  96%|█████████▌| 1438/1500 [00:40<00:01, 40.47step/s]
[Origin 5/13] 🎲 Drawing Posterior Samples:  96%|█████████▌| 1443/1500 [00:40<00:01, 42.39step/s]
[Origin 5/13] 🎲 Drawing Posterior Samples:  97%|█████████▋| 1448/1500 [00:40<00:01, 41.05step/s]
[Origin 5/13] 🎲 Drawing Posterior Samples:  97%|█████████▋| 1453/1500 [00:40<00:01, 42.83step/s]
[Origin 5/13] 🎲 Drawing Posterior Samples:  97%|█████████▋| 1458/1500 [00:40<00:01, 41.56step/s]
[Origin 5/13] 🎲 Drawing Posterior Samples:  98%|█████████▊| 1463/1500 [00:40<00:00, 40.62step/s]
[Origin 5/13] 🎲 Drawing Posterior Samples:  98%|█████████▊| 1468/1500 [00:40<00:00, 33.43step/s]
[Origin 5/13] 🎲 Drawing Posterior Samples:  98%|█████████▊| 1472/1500 [00:41<00:00, 32.57step/s]
[Origin 5/13] 🎲 Drawing Posterior Samples:  98%|█████████▊| 1476/1500 [00:41<00:00, 30.68step/s]
[Origin 5/13] 🎲 Drawing Posterior Samples:  99%|█████████▊| 1480/1500 [00:41<00:00, 29.83step/s]
[Origin 5/13] 🎲 Drawing Posterior Samples:  99%|█████████▉| 1484/1500 [00:41<00:00, 29.76step/s]
[Origin 5/13] 🎲 Drawing Posterior Samples:  99%|█████████▉| 1488/1500 [00:41<00:00, 29.87step/s]
[Origin 5/13] 🎲 Drawing Posterior Samples:  99%|█████████▉| 1492/1500 [00:41<00:00, 29.14step/s]
[Origin 5/13] 🎲 Drawing Posterior Samples: 100%|█████████▉| 1496/1500 [00:41<00:00, 28.77step/s]
[Origin 5/13] 🎲 Drawing Posterior Samples: 100%|██████████| 1500/1500 [00:41<00:00, 29.42step/s]
                                                                                                 

[Origin 6/13] 🎲 Drawing Posterior Samples:   0%|          | 0/1504 [00:00<?, ?step/s]
[Origin 6/13] 🎲 Drawing Posterior Samples:   0%|          | 5/1504 [00:00<00:30, 49.22step/s]
[Origin 6/13] 🎲 Drawing Posterior Samples:   1%|          | 10/1504 [00:00<00:35, 42.29step/s]
[Origin 6/13] 🎲 Drawing Posterior Samples:   1%|          | 15/1504 [00:00<00:33, 44.41step/s]
[Origin 6/13] 🎲 Drawing Posterior Samples:   1%|▏         | 20/1504 [00:00<00:35, 41.77step/s]
[Origin 6/13] 🎲 Drawing Posterior Samples:   2%|▏         | 25/1504 [00:00<00:33, 43.68step/s]
[Origin 6/13] 🎲 Drawing Posterior Samples:   2%|▏         | 30/1504 [00:00<00:35, 41.67step/s]
[Origin 6/13] 🎲 Drawing Posterior Samples:   2%|▏         | 35/1504 [00:00<00:36, 40.50step/s]
[Origin 6/13] 🎲 Drawing Posterior Samples:   3%|▎         | 40/1504 [00:00<00:34, 42.46step/s]
[Origin 6/13] 🎲 Drawing Posterior Samples:   3%|▎         | 45/1504 [00:01<00:35, 41.10step/s]
[Origin 6/13] 🎲 Drawing Posterior Samples:   3%|▎         | 50/1504 [00:01<00:33, 42.93step/s]
[Origin 6/13] 🎲 Drawing Posterior Samples:   4%|▎         | 55/1504 [00:01<00:34, 41.47step/s]
[Origin 6/13] 🎲 Drawing Posterior Samples:   4%|▍         | 60/1504 [00:01<00:34, 41.53step/s]
[Origin 6/13] 🎲 Drawing Posterior Samples:   4%|▍         | 65/1504 [00:01<00:34, 41.84step/s]
[Origin 6/13] 🎲 Drawing Posterior Samples:   5%|▍         | 70/1504 [00:01<00:35, 40.72step/s]
[Origin 6/13] 🎲 Drawing Posterior Samples:   5%|▍         | 75/1504 [00:01<00:33, 42.57step/s]
[Origin 6/13] 🎲 Drawing Posterior Samples:   5%|▌         | 80/1504 [00:01<00:34, 41.14step/s]
[Origin 6/13] 🎲 Drawing Posterior Samples:   6%|▌         | 85/1504 [00:02<00:34, 41.29step/s]
[Origin 6/13] 🎲 Drawing Posterior Samples:   6%|▌         | 90/1504 [00:02<00:33, 41.75step/s]
[Origin 6/13] 🎲 Drawing Posterior Samples:   6%|▋         | 95/1504 [00:02<00:34, 40.57step/s]
[Origin 6/13] 🎲 Drawing Posterior Samples:   7%|▋         | 100/1504 [00:02<00:33, 42.47step/s]
[Origin 6/13] 🎲 Drawing Posterior Samples:   7%|▋         | 105/1504 [00:02<00:34, 41.13step/s]
[Origin 6/13] 🎲 Drawing Posterior Samples:   7%|▋         | 110/1504 [00:02<00:32, 42.88step/s]
[Origin 6/13] 🎲 Drawing Posterior Samples:   8%|▊         | 115/1504 [00:02<00:33, 41.30step/s]
[Origin 6/13] 🎲 Drawing Posterior Samples:   8%|▊         | 120/1504 [00:02<00:34, 40.27step/s]
[Origin 6/13] 🎲 Drawing Posterior Samples:   8%|▊         | 125/1504 [00:02<00:32, 42.23step/s]
[Origin 6/13] 🎲 Drawing Posterior Samples:   9%|▊         | 130/1504 [00:03<00:33, 40.93step/s]
[Origin 6/13] 🎲 Drawing Posterior Samples:   9%|▉         | 135/1504 [00:03<00:32, 42.74step/s]
[Origin 6/13] 🎲 Drawing Posterior Samples:   9%|▉         | 140/1504 [00:03<00:33, 41.18step/s]
[Origin 6/13] 🎲 Drawing Posterior Samples:  10%|▉         | 145/1504 [00:03<00:33, 40.25step/s]
[Origin 6/13] 🎲 Drawing Posterior Samples:  10%|▉         | 150/1504 [00:03<00:32, 42.29step/s]
[Origin 6/13] 🎲 Drawing Posterior Samples:  10%|█         | 155/1504 [00:03<00:32, 40.98step/s]
[Origin 6/13] 🎲 Drawing Posterior Samples:  11%|█         | 160/1504 [00:03<00:31, 42.77step/s]
[Origin 6/13] 🎲 Drawing Posterior Samples:  11%|█         | 165/1504 [00:03<00:32, 41.16step/s]
[Origin 6/13] 🎲 Drawing Posterior Samples:  11%|█▏        | 170/1504 [00:04<00:33, 40.15step/s]
[Origin 6/13] 🎲 Drawing Posterior Samples:  12%|█▏        | 175/1504 [00:04<00:31, 42.06step/s]
[Origin 6/13] 🎲 Drawing Posterior Samples:  12%|█▏        | 180/1504 [00:04<00:32, 40.71step/s]
[Origin 6/13] 🎲 Drawing Posterior Samples:  12%|█▏        | 185/1504 [00:04<00:31, 42.54step/s]
[Origin 6/13] 🎲 Drawing Posterior Samples:  13%|█▎        | 190/1504 [00:04<00:31, 41.09step/s]
[Origin 6/13] 🎲 Drawing Posterior Samples:  13%|█▎        | 195/1504 [00:04<00:32, 40.33step/s]
[Origin 6/13] 🎲 Drawing Posterior Samples:  13%|█▎        | 200/1504 [00:04<00:30, 42.25step/s]
[Origin 6/13] 🎲 Drawing Posterior Samples:  14%|█▎        | 205/1504 [00:04<00:31, 40.92step/s]
[Origin 6/13] 🎲 Drawing Posterior Samples:  14%|█▍        | 210/1504 [00:05<00:30, 42.73step/s]
[Origin 6/13] 🎲 Drawing Posterior Samples:  14%|█▍        | 215/1504 [00:05<00:31, 41.23step/s]
[Origin 6/13] 🎲 Drawing Posterior Samples:  15%|█▍        | 220/1504 [00:05<00:30, 41.48step/s]
[Origin 6/13] 🎲 Drawing Posterior Samples:  15%|█▍        | 225/1504 [00:05<00:30, 41.80step/s]
[Origin 6/13] 🎲 Drawing Posterior Samples:  15%|█▌        | 230/1504 [00:05<00:31, 40.65step/s]
[Origin 6/13] 🎲 Drawing Posterior Samples:  16%|█▌        | 235/1504 [00:05<00:29, 42.52step/s]
[Origin 6/13] 🎲 Drawing Posterior Samples:  16%|█▌        | 240/1504 [00:05<00:30, 40.87step/s]
[Origin 6/13] 🎲 Drawing Posterior Samples:  16%|█▋        | 245/1504 [00:05<00:31, 40.05step/s]
[Origin 6/13] 🎲 Drawing Posterior Samples:  17%|█▋        | 250/1504 [00:06<00:30, 41.75step/s]
[Origin 6/13] 🎲 Drawing Posterior Samples:  17%|█▋        | 255/1504 [00:06<00:30, 40.47step/s]
[Origin 6/13] 🎲 Drawing Posterior Samples:  17%|█▋        | 260/1504 [00:06<00:29, 42.38step/s]
[Origin 6/13] 🎲 Drawing Posterior Samples:  18%|█▊        | 265/1504 [00:06<00:30, 41.12step/s]
[Origin 6/13] 🎲 Drawing Posterior Samples:  18%|█▊        | 270/1504 [00:06<00:29, 41.46step/s]
[Origin 6/13] 🎲 Drawing Posterior Samples:  18%|█▊        | 275/1504 [00:06<00:29, 41.83step/s]
[Origin 6/13] 🎲 Drawing Posterior Samples:  19%|█▊        | 280/1504 [00:06<00:30, 40.45step/s]
[Origin 6/13] 🎲 Drawing Posterior Samples:  19%|█▉        | 285/1504 [00:06<00:28, 42.37step/s]
[Origin 6/13] 🎲 Drawing Posterior Samples:  19%|█▉        | 290/1504 [00:06<00:29, 41.18step/s]
[Origin 6/13] 🎲 Drawing Posterior Samples:  20%|█▉        | 295/1504 [00:07<00:29, 41.53step/s]
[Origin 6/13] 🎲 Drawing Posterior Samples:  20%|█▉        | 300/1504 [00:07<00:28, 41.93step/s]
[Origin 6/13] 🎲 Drawing Posterior Samples:  20%|██        | 305/1504 [00:07<00:29, 40.79step/s]
[Origin 6/13] 🎲 Drawing Posterior Samples:  21%|██        | 310/1504 [00:07<00:28, 42.61step/s]
[Origin 6/13] 🎲 Drawing Posterior Samples:  21%|██        | 315/1504 [00:07<00:28, 41.05step/s]
[Origin 6/13] 🎲 Drawing Posterior Samples:  21%|██▏       | 320/1504 [00:07<00:27, 42.83step/s]
[Origin 6/13] 🎲 Drawing Posterior Samples:  22%|██▏       | 325/1504 [00:07<00:28, 41.54step/s]
[Origin 6/13] 🎲 Drawing Posterior Samples:  22%|██▏       | 330/1504 [00:07<00:28, 40.55step/s]
[Origin 6/13] 🎲 Drawing Posterior Samples:  22%|██▏       | 335/1504 [00:08<00:27, 42.41step/s]
[Origin 6/13] 🎲 Drawing Posterior Samples:  23%|██▎       | 340/1504 [00:08<00:28, 41.10step/s]
[Origin 6/13] 🎲 Drawing Posterior Samples:  23%|██▎       | 345/1504 [00:08<00:36, 31.62step/s]
[Origin 6/13] 🎲 Drawing Posterior Samples:  23%|██▎       | 349/1504 [00:08<00:38, 30.20step/s]
[Origin 6/13] 🎲 Drawing Posterior Samples:  23%|██▎       | 353/1504 [00:08<00:41, 27.81step/s]
[Origin 6/13] 🎲 Drawing Posterior Samples:  24%|██▎       | 357/1504 [00:08<00:39, 28.75step/s]
[Origin 6/13] 🎲 Drawing Posterior Samples:  24%|██▍       | 361/1504 [00:09<00:39, 28.59step/s]
[Origin 6/13] 🎲 Drawing Posterior Samples:  24%|██▍       | 364/1504 [00:09<00:39, 28.71step/s]
[Origin 6/13] 🎲 Drawing Posterior Samples:  24%|██▍       | 367/1504 [00:09<00:39, 28.53step/s]
[Origin 6/13] 🎲 Drawing Posterior Samples:  25%|██▍       | 370/1504 [00:09<00:39, 28.66step/s]
[Origin 6/13] 🎲 Drawing Posterior Samples:  25%|██▍       | 373/1504 [00:09<00:39, 28.69step/s]
[Origin 6/13] 🎲 Drawing Posterior Samples:  25%|██▌       | 376/1504 [00:09<00:40, 27.78step/s]
[Origin 6/13] 🎲 Drawing Posterior Samples:  25%|██▌       | 379/1504 [00:11<04:08,  4.53step/s]
[Origin 6/13] 🎲 Drawing Posterior Samples:  26%|██▌       | 384/1504 [00:11<02:36,  7.16step/s]
[Origin 6/13] 🎲 Drawing Posterior Samples:  26%|██▌       | 388/1504 [00:11<01:56,  9.61step/s]
[Origin 6/13] 🎲 Drawing Posterior Samples:  26%|██▌       | 393/1504 [00:11<01:22, 13.51step/s]
[Origin 6/13] 🎲 Drawing Posterior Samples:  26%|██▋       | 397/1504 [00:12<01:06, 16.55step/s]
[Origin 6/13] 🎲 Drawing Posterior Samples:  27%|██▋       | 402/1504 [00:12<00:51, 21.32step/s]
[Origin 6/13] 🎲 Drawing Posterior Samples:  27%|██▋       | 406/1504 [00:12<00:45, 24.19step/s]
[Origin 6/13] 🎲 Drawing Posterior Samples:  27%|██▋       | 411/1504 [00:12<00:37, 28.96step/s]
[Origin 6/13] 🎲 Drawing Posterior Samples:  28%|██▊       | 416/1504 [00:12<00:34, 31.44step/s]
[Origin 6/13] 🎲 Drawing Posterior Samples:  28%|██▊       | 421/1504 [00:12<00:32, 33.31step/s]
[Origin 6/13] 🎲 Drawing Posterior Samples:  28%|██▊       | 426/1504 [00:12<00:29, 36.75step/s]
[Origin 6/13] 🎲 Drawing Posterior Samples:  29%|██▊       | 431/1504 [00:12<00:28, 37.30step/s]
[Origin 6/13] 🎲 Drawing Posterior Samples:  29%|██▉       | 436/1504 [00:12<00:26, 39.94step/s]
[Origin 6/13] 🎲 Drawing Posterior Samples:  29%|██▉       | 441/1504 [00:13<00:26, 39.42step/s]
[Origin 6/13] 🎲 Drawing Posterior Samples:  30%|██▉       | 446/1504 [00:13<00:27, 39.07step/s]
[Origin 6/13] 🎲 Drawing Posterior Samples:  30%|██▉       | 451/1504 [00:13<00:25, 41.31step/s]
[Origin 6/13] 🎲 Drawing Posterior Samples:  30%|███       | 456/1504 [00:13<00:26, 40.29step/s]
[Origin 6/13] 🎲 Drawing Posterior Samples:  31%|███       | 461/1504 [00:13<00:24, 42.25step/s]
[Origin 6/13] 🎲 Drawing Posterior Samples:  31%|███       | 466/1504 [00:13<00:25, 41.08step/s]
[Origin 6/13] 🎲 Drawing Posterior Samples:  31%|███▏      | 471/1504 [00:13<00:25, 40.87step/s]
[Origin 6/13] 🎲 Drawing Posterior Samples:  32%|███▏      | 476/1504 [00:13<00:24, 42.15step/s]
[Origin 6/13] 🎲 Drawing Posterior Samples:  32%|███▏      | 481/1504 [00:14<00:24, 40.97step/s]
[Origin 6/13] 🎲 Drawing Posterior Samples:  32%|███▏      | 486/1504 [00:14<00:23, 42.77step/s]
[Origin 6/13] 🎲 Drawing Posterior Samples:  33%|███▎      | 491/1504 [00:14<00:24, 41.38step/s]
[Origin 6/13] 🎲 Drawing Posterior Samples:  33%|███▎      | 496/1504 [00:14<00:24, 41.47step/s]
[Origin 6/13] 🎲 Drawing Posterior Samples:  33%|███▎      | 501/1504 [00:14<00:23, 42.00step/s]
[Origin 6/13] 🎲 Drawing Posterior Samples:  34%|███▎      | 506/1504 [00:14<00:24, 40.88step/s]
[Origin 6/13] 🎲 Drawing Posterior Samples:  34%|███▍      | 511/1504 [00:14<00:23, 42.69step/s]
[Origin 6/13] 🎲 Drawing Posterior Samples:  34%|███▍      | 516/1504 [00:14<00:23, 41.28step/s]
[Origin 6/13] 🎲 Drawing Posterior Samples:  35%|███▍      | 521/1504 [00:14<00:22, 42.99step/s]
[Origin 6/13] 🎲 Drawing Posterior Samples:  35%|███▍      | 526/1504 [00:15<00:23, 41.54step/s]
[Origin 6/13] 🎲 Drawing Posterior Samples:  35%|███▌      | 531/1504 [00:15<00:24, 40.40step/s]
[Origin 6/13] 🎲 Drawing Posterior Samples:  36%|███▌      | 536/1504 [00:15<00:22, 42.33step/s]
[Origin 6/13] 🎲 Drawing Posterior Samples:  36%|███▌      | 541/1504 [00:15<00:23, 40.96step/s]
[Origin 6/13] 🎲 Drawing Posterior Samples:  36%|███▋      | 546/1504 [00:15<00:22, 42.74step/s]
[Origin 6/13] 🎲 Drawing Posterior Samples:  37%|███▋      | 551/1504 [00:15<00:23, 41.38step/s]
[Origin 6/13] 🎲 Drawing Posterior Samples:  37%|███▋      | 556/1504 [00:15<00:23, 40.39step/s]
[Origin 6/13] 🎲 Drawing Posterior Samples:  37%|███▋      | 561/1504 [00:15<00:22, 42.33step/s]
[Origin 6/13] 🎲 Drawing Posterior Samples:  38%|███▊      | 566/1504 [00:16<00:22, 41.05step/s]
[Origin 6/13] 🎲 Drawing Posterior Samples:  38%|███▊      | 571/1504 [00:16<00:21, 42.82step/s]
[Origin 6/13] 🎲 Drawing Posterior Samples:  38%|███▊      | 576/1504 [00:16<00:22, 41.46step/s]
[Origin 6/13] 🎲 Drawing Posterior Samples:  39%|███▊      | 581/1504 [00:16<00:22, 40.53step/s]
[Origin 6/13] 🎲 Drawing Posterior Samples:  39%|███▉      | 586/1504 [00:16<00:21, 42.44step/s]
[Origin 6/13] 🎲 Drawing Posterior Samples:  39%|███▉      | 591/1504 [00:16<00:22, 41.12step/s]
[Origin 6/13] 🎲 Drawing Posterior Samples:  40%|███▉      | 596/1504 [00:16<00:21, 42.88step/s]
[Origin 6/13] 🎲 Drawing Posterior Samples:  40%|███▉      | 601/1504 [00:16<00:21, 41.53step/s]
[Origin 6/13] 🎲 Drawing Posterior Samples:  40%|████      | 606/1504 [00:17<00:21, 41.34step/s]
[Origin 6/13] 🎲 Drawing Posterior Samples:  41%|████      | 611/1504 [00:17<00:21, 42.13step/s]
[Origin 6/13] 🎲 Drawing Posterior Samples:  41%|████      | 616/1504 [00:17<00:21, 40.82step/s]
[Origin 6/13] 🎲 Drawing Posterior Samples:  41%|████▏     | 621/1504 [00:17<00:20, 42.66step/s]
[Origin 6/13] 🎲 Drawing Posterior Samples:  42%|████▏     | 626/1504 [00:17<00:21, 41.29step/s]
[Origin 6/13] 🎲 Drawing Posterior Samples:  42%|████▏     | 631/1504 [00:17<00:21, 40.56step/s]
[Origin 6/13] 🎲 Drawing Posterior Samples:  42%|████▏     | 636/1504 [00:17<00:20, 42.13step/s]
[Origin 6/13] 🎲 Drawing Posterior Samples:  43%|████▎     | 641/1504 [00:17<00:21, 40.94step/s]
[Origin 6/13] 🎲 Drawing Posterior Samples:  43%|████▎     | 646/1504 [00:17<00:20, 42.75step/s]
[Origin 6/13] 🎲 Drawing Posterior Samples:  43%|████▎     | 651/1504 [00:18<00:20, 41.23step/s]
[Origin 6/13] 🎲 Drawing Posterior Samples:  44%|████▎     | 656/1504 [00:18<00:19, 42.97step/s]
[Origin 6/13] 🎲 Drawing Posterior Samples:  44%|████▍     | 661/1504 [00:18<00:20, 41.40step/s]
[Origin 6/13] 🎲 Drawing Posterior Samples:  44%|████▍     | 666/1504 [00:18<00:20, 40.49step/s]
[Origin 6/13] 🎲 Drawing Posterior Samples:  45%|████▍     | 671/1504 [00:18<00:19, 42.41step/s]
[Origin 6/13] 🎲 Drawing Posterior Samples:  45%|████▍     | 676/1504 [00:18<00:20, 40.99step/s]
[Origin 6/13] 🎲 Drawing Posterior Samples:  45%|████▌     | 681/1504 [00:18<00:19, 42.78step/s]
[Origin 6/13] 🎲 Drawing Posterior Samples:  46%|████▌     | 686/1504 [00:18<00:19, 41.23step/s]
[Origin 6/13] 🎲 Drawing Posterior Samples:  46%|████▌     | 691/1504 [00:19<00:20, 40.41step/s]
[Origin 6/13] 🎲 Drawing Posterior Samples:  46%|████▋     | 696/1504 [00:19<00:19, 42.26step/s]
[Origin 6/13] 🎲 Drawing Posterior Samples:  47%|████▋     | 701/1504 [00:19<00:19, 40.95step/s]
[Origin 6/13] 🎲 Drawing Posterior Samples:  47%|████▋     | 706/1504 [00:19<00:18, 42.75step/s]
[Origin 6/13] 🎲 Drawing Posterior Samples:  47%|████▋     | 711/1504 [00:19<00:19, 41.17step/s]
[Origin 6/13] 🎲 Drawing Posterior Samples:  48%|████▊     | 716/1504 [00:19<00:19, 40.30step/s]
[Origin 6/13] 🎲 Drawing Posterior Samples:  48%|████▊     | 721/1504 [00:19<00:25, 31.01step/s]
[Origin 6/13] 🎲 Drawing Posterior Samples:  48%|████▊     | 725/1504 [00:20<00:26, 29.82step/s]
[Origin 6/13] 🎲 Drawing Posterior Samples:  48%|████▊     | 729/1504 [00:20<00:25, 30.27step/s]
[Origin 6/13] 🎲 Drawing Posterior Samples:  49%|████▊     | 733/1504 [00:20<00:26, 29.29step/s]
[Origin 6/13] 🎲 Drawing Posterior Samples:  49%|████▉     | 737/1504 [00:20<00:26, 28.67step/s]
[Origin 6/13] 🎲 Drawing Posterior Samples:  49%|████▉     | 741/1504 [00:20<00:25, 29.49step/s]
[Origin 6/13] 🎲 Drawing Posterior Samples:  50%|████▉     | 745/1504 [00:20<00:26, 29.07step/s]
[Origin 6/13] 🎲 Drawing Posterior Samples:  50%|████▉     | 748/1504 [00:20<00:26, 28.58step/s]
[Origin 6/13] 🎲 Drawing Posterior Samples:  50%|█████     | 752/1504 [00:21<00:25, 29.38step/s]
[Origin 6/13] 🎲 Drawing Posterior Samples:  50%|█████     | 755/1504 [00:22<01:36,  7.80step/s]
[Origin 6/13] 🎲 Drawing Posterior Samples:  50%|█████     | 759/1504 [00:22<01:11, 10.46step/s]
[Origin 6/13] 🎲 Drawing Posterior Samples:  51%|█████     | 764/1504 [00:22<00:50, 14.65step/s]
[Origin 6/13] 🎲 Drawing Posterior Samples:  51%|█████     | 768/1504 [00:22<00:41, 17.79step/s]
[Origin 6/13] 🎲 Drawing Posterior Samples:  51%|█████▏    | 773/1504 [00:22<00:32, 22.70step/s]
[Origin 6/13] 🎲 Drawing Posterior Samples:  52%|█████▏    | 777/1504 [00:22<00:28, 25.31step/s]
[Origin 6/13] 🎲 Drawing Posterior Samples:  52%|█████▏    | 782/1504 [00:22<00:24, 28.94step/s]
[Origin 6/13] 🎲 Drawing Posterior Samples:  52%|█████▏    | 787/1504 [00:23<00:21, 32.68step/s]
[Origin 6/13] 🎲 Drawing Posterior Samples:  53%|█████▎    | 792/1504 [00:23<00:20, 34.36step/s]
[Origin 6/13] 🎲 Drawing Posterior Samples:  53%|█████▎    | 797/1504 [00:23<00:18, 37.63step/s]
[Origin 6/13] 🎲 Drawing Posterior Samples:  53%|█████▎    | 802/1504 [00:23<00:18, 37.79step/s]
[Origin 6/13] 🎲 Drawing Posterior Samples:  54%|█████▎    | 807/1504 [00:23<00:17, 40.33step/s]
[Origin 6/13] 🎲 Drawing Posterior Samples:  54%|█████▍    | 812/1504 [00:23<00:17, 39.65step/s]
[Origin 6/13] 🎲 Drawing Posterior Samples:  54%|█████▍    | 817/1504 [00:23<00:17, 38.97step/s]
[Origin 6/13] 🎲 Drawing Posterior Samples:  55%|█████▍    | 822/1504 [00:23<00:16, 41.25step/s]
[Origin 6/13] 🎲 Drawing Posterior Samples:  55%|█████▍    | 827/1504 [00:23<00:16, 40.34step/s]
[Origin 6/13] 🎲 Drawing Posterior Samples:  55%|█████▌    | 832/1504 [00:24<00:15, 42.29step/s]
[Origin 6/13] 🎲 Drawing Posterior Samples:  56%|█████▌    | 837/1504 [00:24<00:16, 40.88step/s]
[Origin 6/13] 🎲 Drawing Posterior Samples:  56%|█████▌    | 842/1504 [00:24<00:16, 40.06step/s]
[Origin 6/13] 🎲 Drawing Posterior Samples:  56%|█████▋    | 847/1504 [00:24<00:15, 42.07step/s]
[Origin 6/13] 🎲 Drawing Posterior Samples:  57%|█████▋    | 852/1504 [00:24<00:15, 40.76step/s]
[Origin 6/13] 🎲 Drawing Posterior Samples:  57%|█████▋    | 857/1504 [00:24<00:15, 42.61step/s]
[Origin 6/13] 🎲 Drawing Posterior Samples:  57%|█████▋    | 862/1504 [00:24<00:15, 41.17step/s]
[Origin 6/13] 🎲 Drawing Posterior Samples:  58%|█████▊    | 867/1504 [00:24<00:15, 40.43step/s]
[Origin 6/13] 🎲 Drawing Posterior Samples:  58%|█████▊    | 872/1504 [00:25<00:14, 42.30step/s]
[Origin 6/13] 🎲 Drawing Posterior Samples:  58%|█████▊    | 877/1504 [00:25<00:15, 40.82step/s]
[Origin 6/13] 🎲 Drawing Posterior Samples:  59%|█████▊    | 882/1504 [00:25<00:14, 42.66step/s]
[Origin 6/13] 🎲 Drawing Posterior Samples:  59%|█████▉    | 887/1504 [00:25<00:14, 41.34step/s]
[Origin 6/13] 🎲 Drawing Posterior Samples:  59%|█████▉    | 892/1504 [00:25<00:15, 40.43step/s]
[Origin 6/13] 🎲 Drawing Posterior Samples:  60%|█████▉    | 897/1504 [00:25<00:14, 42.32step/s]
[Origin 6/13] 🎲 Drawing Posterior Samples:  60%|█████▉    | 902/1504 [00:25<00:14, 41.10step/s]
[Origin 6/13] 🎲 Drawing Posterior Samples:  60%|██████    | 907/1504 [00:25<00:13, 42.86step/s]
[Origin 6/13] 🎲 Drawing Posterior Samples:  61%|██████    | 912/1504 [00:26<00:14, 41.46step/s]
[Origin 6/13] 🎲 Drawing Posterior Samples:  61%|██████    | 917/1504 [00:26<00:14, 41.63step/s]
[Origin 6/13] 🎲 Drawing Posterior Samples:  61%|██████▏   | 922/1504 [00:26<00:13, 41.91step/s]
[Origin 6/13] 🎲 Drawing Posterior Samples:  62%|██████▏   | 927/1504 [00:26<00:14, 40.83step/s]
[Origin 6/13] 🎲 Drawing Posterior Samples:  62%|██████▏   | 932/1504 [00:26<00:13, 42.64step/s]
[Origin 6/13] 🎲 Drawing Posterior Samples:  62%|██████▏   | 937/1504 [00:26<00:13, 41.37step/s]
[Origin 6/13] 🎲 Drawing Posterior Samples:  63%|██████▎   | 942/1504 [00:26<00:13, 41.48step/s]
[Origin 6/13] 🎲 Drawing Posterior Samples:  63%|██████▎   | 947/1504 [00:26<00:13, 41.93step/s]
[Origin 6/13] 🎲 Drawing Posterior Samples:  63%|██████▎   | 952/1504 [00:26<00:13, 40.88step/s]
[Origin 6/13] 🎲 Drawing Posterior Samples:  64%|██████▎   | 957/1504 [00:27<00:12, 42.69step/s]
[Origin 6/13] 🎲 Drawing Posterior Samples:  64%|██████▍   | 962/1504 [00:27<00:13, 41.40step/s]
[Origin 6/13] 🎲 Drawing Posterior Samples:  64%|██████▍   | 967/1504 [00:27<00:12, 43.10step/s]
[Origin 6/13] 🎲 Drawing Posterior Samples:  65%|██████▍   | 972/1504 [00:27<00:12, 41.73step/s]
[Origin 6/13] 🎲 Drawing Posterior Samples:  65%|██████▍   | 977/1504 [00:27<00:12, 40.68step/s]
[Origin 6/13] 🎲 Drawing Posterior Samples:  65%|██████▌   | 982/1504 [00:27<00:12, 42.53step/s]
[Origin 6/13] 🎲 Drawing Posterior Samples:  66%|██████▌   | 987/1504 [00:27<00:12, 40.92step/s]
[Origin 6/13] 🎲 Drawing Posterior Samples:  66%|██████▌   | 992/1504 [00:27<00:11, 42.72step/s]
[Origin 6/13] 🎲 Drawing Posterior Samples:  66%|██████▋   | 997/1504 [00:28<00:12, 41.34step/s]
[Origin 6/13] 🎲 Drawing Posterior Samples:  67%|██████▋   | 1002/1504 [00:28<00:12, 40.50step/s]
[Origin 6/13] 🎲 Drawing Posterior Samples:  67%|██████▋   | 1007/1504 [00:28<00:11, 42.37step/s]
[Origin 6/13] 🎲 Drawing Posterior Samples:  67%|██████▋   | 1012/1504 [00:28<00:12, 40.78step/s]
[Origin 6/13] 🎲 Drawing Posterior Samples:  68%|██████▊   | 1017/1504 [00:28<00:11, 42.62step/s]
[Origin 6/13] 🎲 Drawing Posterior Samples:  68%|██████▊   | 1022/1504 [00:28<00:11, 41.23step/s]
[Origin 6/13] 🎲 Drawing Posterior Samples:  68%|██████▊   | 1027/1504 [00:28<00:11, 41.18step/s]
[Origin 6/13] 🎲 Drawing Posterior Samples:  69%|██████▊   | 1032/1504 [00:28<00:11, 41.91step/s]
[Origin 6/13] 🎲 Drawing Posterior Samples:  69%|██████▉   | 1037/1504 [00:29<00:11, 40.56step/s]
[Origin 6/13] 🎲 Drawing Posterior Samples:  69%|██████▉   | 1042/1504 [00:29<00:10, 42.46step/s]
[Origin 6/13] 🎲 Drawing Posterior Samples:  70%|██████▉   | 1047/1504 [00:29<00:11, 41.17step/s]
[Origin 6/13] 🎲 Drawing Posterior Samples:  70%|██████▉   | 1052/1504 [00:29<00:11, 40.90step/s]
[Origin 6/13] 🎲 Drawing Posterior Samples:  70%|███████   | 1057/1504 [00:29<00:10, 42.18step/s]
[Origin 6/13] 🎲 Drawing Posterior Samples:  71%|███████   | 1062/1504 [00:29<00:10, 40.81step/s]
[Origin 6/13] 🎲 Drawing Posterior Samples:  71%|███████   | 1067/1504 [00:29<00:10, 42.66step/s]
[Origin 6/13] 🎲 Drawing Posterior Samples:  71%|███████▏  | 1072/1504 [00:29<00:10, 41.29step/s]
[Origin 6/13] 🎲 Drawing Posterior Samples:  72%|███████▏  | 1077/1504 [00:29<00:09, 43.03step/s]
[Origin 6/13] 🎲 Drawing Posterior Samples:  72%|███████▏  | 1082/1504 [00:30<00:10, 41.51step/s]
[Origin 6/13] 🎲 Drawing Posterior Samples:  72%|███████▏  | 1087/1504 [00:30<00:10, 40.46step/s]
[Origin 6/13] 🎲 Drawing Posterior Samples:  73%|███████▎  | 1092/1504 [00:30<00:09, 42.38step/s]
[Origin 6/13] 🎲 Drawing Posterior Samples:  73%|███████▎  | 1097/1504 [00:30<00:11, 34.46step/s]
[Origin 6/13] 🎲 Drawing Posterior Samples:  73%|███████▎  | 1101/1504 [00:30<00:12, 31.91step/s]
[Origin 6/13] 🎲 Drawing Posterior Samples:  73%|███████▎  | 1105/1504 [00:30<00:13, 29.53step/s]
[Origin 6/13] 🎲 Drawing Posterior Samples:  74%|███████▎  | 1109/1504 [00:31<00:13, 28.38step/s]
[Origin 6/13] 🎲 Drawing Posterior Samples:  74%|███████▍  | 1112/1504 [00:31<00:13, 28.25step/s]
[Origin 6/13] 🎲 Drawing Posterior Samples:  74%|███████▍  | 1115/1504 [00:31<00:14, 27.30step/s]
[Origin 6/13] 🎲 Drawing Posterior Samples:  74%|███████▍  | 1118/1504 [00:31<00:13, 27.65step/s]
[Origin 6/13] 🎲 Drawing Posterior Samples:  75%|███████▍  | 1121/1504 [00:31<00:14, 26.20step/s]
[Origin 6/13] 🎲 Drawing Posterior Samples:  75%|███████▍  | 1124/1504 [00:31<00:14, 26.92step/s]
[Origin 6/13] 🎲 Drawing Posterior Samples:  75%|███████▍  | 1127/1504 [00:31<00:14, 25.69step/s]
[Origin 6/13] 🎲 Drawing Posterior Samples:  75%|███████▌  | 1130/1504 [00:33<01:14,  5.05step/s]
[Origin 6/13] 🎲 Drawing Posterior Samples:  75%|███████▌  | 1135/1504 [00:33<00:46,  7.95step/s]
[Origin 6/13] 🎲 Drawing Posterior Samples:  76%|███████▌  | 1139/1504 [00:33<00:34, 10.59step/s]
[Origin 6/13] 🎲 Drawing Posterior Samples:  76%|███████▌  | 1144/1504 [00:33<00:24, 14.74step/s]
[Origin 6/13] 🎲 Drawing Posterior Samples:  76%|███████▋  | 1148/1504 [00:33<00:19, 17.85step/s]
[Origin 6/13] 🎲 Drawing Posterior Samples:  77%|███████▋  | 1153/1504 [00:34<00:15, 22.73step/s]
[Origin 6/13] 🎲 Drawing Posterior Samples:  77%|███████▋  | 1157/1504 [00:34<00:13, 25.43step/s]
[Origin 6/13] 🎲 Drawing Posterior Samples:  77%|███████▋  | 1162/1504 [00:34<00:11, 29.34step/s]
[Origin 6/13] 🎲 Drawing Posterior Samples:  78%|███████▊  | 1167/1504 [00:34<00:10, 32.65step/s]
[Origin 6/13] 🎲 Drawing Posterior Samples:  78%|███████▊  | 1172/1504 [00:34<00:09, 34.08step/s]
[Origin 6/13] 🎲 Drawing Posterior Samples:  78%|███████▊  | 1177/1504 [00:34<00:08, 37.44step/s]
[Origin 6/13] 🎲 Drawing Posterior Samples:  79%|███████▊  | 1182/1504 [00:34<00:08, 37.70step/s]
[Origin 6/13] 🎲 Drawing Posterior Samples:  79%|███████▉  | 1187/1504 [00:34<00:08, 38.99step/s]
[Origin 6/13] 🎲 Drawing Posterior Samples:  79%|███████▉  | 1192/1504 [00:34<00:07, 40.09step/s]
[Origin 6/13] 🎲 Drawing Posterior Samples:  80%|███████▉  | 1197/1504 [00:35<00:07, 39.55step/s]
[Origin 6/13] 🎲 Drawing Posterior Samples:  80%|███████▉  | 1202/1504 [00:35<00:07, 41.70step/s]
[Origin 6/13] 🎲 Drawing Posterior Samples:  80%|████████  | 1207/1504 [00:35<00:07, 40.70step/s]
[Origin 6/13] 🎲 Drawing Posterior Samples:  81%|████████  | 1212/1504 [00:35<00:06, 42.57step/s]
[Origin 6/13] 🎲 Drawing Posterior Samples:  81%|████████  | 1217/1504 [00:35<00:06, 41.18step/s]
[Origin 6/13] 🎲 Drawing Posterior Samples:  81%|████████▏ | 1222/1504 [00:35<00:06, 40.32step/s]
[Origin 6/13] 🎲 Drawing Posterior Samples:  82%|████████▏ | 1227/1504 [00:35<00:06, 42.23step/s]
[Origin 6/13] 🎲 Drawing Posterior Samples:  82%|████████▏ | 1232/1504 [00:35<00:06, 40.87step/s]
[Origin 6/13] 🎲 Drawing Posterior Samples:  82%|████████▏ | 1237/1504 [00:36<00:06, 42.70step/s]
[Origin 6/13] 🎲 Drawing Posterior Samples:  83%|████████▎ | 1242/1504 [00:36<00:06, 41.37step/s]
[Origin 6/13] 🎲 Drawing Posterior Samples:  83%|████████▎ | 1247/1504 [00:36<00:06, 40.51step/s]
[Origin 6/13] 🎲 Drawing Posterior Samples:  83%|████████▎ | 1252/1504 [00:36<00:05, 42.37step/s]
[Origin 6/13] 🎲 Drawing Posterior Samples:  84%|████████▎ | 1257/1504 [00:36<00:06, 41.16step/s]
[Origin 6/13] 🎲 Drawing Posterior Samples:  84%|████████▍ | 1262/1504 [00:36<00:05, 42.91step/s]
[Origin 6/13] 🎲 Drawing Posterior Samples:  84%|████████▍ | 1267/1504 [00:36<00:05, 41.53step/s]
[Origin 6/13] 🎲 Drawing Posterior Samples:  85%|████████▍ | 1272/1504 [00:36<00:05, 41.61step/s]
[Origin 6/13] 🎲 Drawing Posterior Samples:  85%|████████▍ | 1277/1504 [00:37<00:05, 42.07step/s]
[Origin 6/13] 🎲 Drawing Posterior Samples:  85%|████████▌ | 1282/1504 [00:37<00:05, 40.79step/s]
[Origin 6/13] 🎲 Drawing Posterior Samples:  86%|████████▌ | 1287/1504 [00:37<00:05, 42.63step/s]
[Origin 6/13] 🎲 Drawing Posterior Samples:  86%|████████▌ | 1292/1504 [00:37<00:05, 41.34step/s]
[Origin 6/13] 🎲 Drawing Posterior Samples:  86%|████████▌ | 1297/1504 [00:37<00:04, 41.63step/s]
[Origin 6/13] 🎲 Drawing Posterior Samples:  87%|████████▋ | 1302/1504 [00:37<00:04, 42.08step/s]
[Origin 6/13] 🎲 Drawing Posterior Samples:  87%|████████▋ | 1307/1504 [00:37<00:04, 40.74step/s]
[Origin 6/13] 🎲 Drawing Posterior Samples:  87%|████████▋ | 1312/1504 [00:37<00:04, 42.58step/s]
[Origin 6/13] 🎲 Drawing Posterior Samples:  88%|████████▊ | 1317/1504 [00:37<00:04, 41.18step/s]
[Origin 6/13] 🎲 Drawing Posterior Samples:  88%|████████▊ | 1322/1504 [00:38<00:04, 42.93step/s]
[Origin 6/13] 🎲 Drawing Posterior Samples:  88%|████████▊ | 1327/1504 [00:38<00:04, 41.63step/s]
[Origin 6/13] 🎲 Drawing Posterior Samples:  89%|████████▊ | 1332/1504 [00:38<00:04, 40.60step/s]
[Origin 6/13] 🎲 Drawing Posterior Samples:  89%|████████▉ | 1337/1504 [00:38<00:03, 42.44step/s]
[Origin 6/13] 🎲 Drawing Posterior Samples:  89%|████████▉ | 1342/1504 [00:38<00:03, 41.09step/s]
[Origin 6/13] 🎲 Drawing Posterior Samples:  90%|████████▉ | 1347/1504 [00:38<00:03, 42.85step/s]
[Origin 6/13] 🎲 Drawing Posterior Samples:  90%|████████▉ | 1352/1504 [00:38<00:03, 41.34step/s]
[Origin 6/13] 🎲 Drawing Posterior Samples:  90%|█████████ | 1357/1504 [00:38<00:03, 41.11step/s]
[Origin 6/13] 🎲 Drawing Posterior Samples:  91%|█████████ | 1362/1504 [00:39<00:03, 41.88step/s]
[Origin 6/13] 🎲 Drawing Posterior Samples:  91%|█████████ | 1367/1504 [00:39<00:03, 40.67step/s]
[Origin 6/13] 🎲 Drawing Posterior Samples:  91%|█████████ | 1372/1504 [00:39<00:03, 42.53step/s]
[Origin 6/13] 🎲 Drawing Posterior Samples:  92%|█████████▏| 1377/1504 [00:39<00:03, 41.24step/s]
[Origin 6/13] 🎲 Drawing Posterior Samples:  92%|█████████▏| 1382/1504 [00:39<00:03, 40.64step/s]
[Origin 6/13] 🎲 Drawing Posterior Samples:  92%|█████████▏| 1387/1504 [00:39<00:02, 41.96step/s]
[Origin 6/13] 🎲 Drawing Posterior Samples:  93%|█████████▎| 1392/1504 [00:39<00:02, 40.81step/s]
[Origin 6/13] 🎲 Drawing Posterior Samples:  93%|█████████▎| 1397/1504 [00:39<00:02, 42.64step/s]
[Origin 6/13] 🎲 Drawing Posterior Samples:  93%|█████████▎| 1402/1504 [00:40<00:02, 41.08step/s]
[Origin 6/13] 🎲 Drawing Posterior Samples:  94%|█████████▎| 1407/1504 [00:40<00:02, 42.85step/s]
[Origin 6/13] 🎲 Drawing Posterior Samples:  94%|█████████▍| 1412/1504 [00:40<00:02, 41.50step/s]
[Origin 6/13] 🎲 Drawing Posterior Samples:  94%|█████████▍| 1417/1504 [00:40<00:02, 40.59step/s]
[Origin 6/13] 🎲 Drawing Posterior Samples:  95%|█████████▍| 1422/1504 [00:40<00:01, 42.48step/s]
[Origin 6/13] 🎲 Drawing Posterior Samples:  95%|█████████▍| 1427/1504 [00:40<00:01, 41.03step/s]
[Origin 6/13] 🎲 Drawing Posterior Samples:  95%|█████████▌| 1432/1504 [00:40<00:01, 42.81step/s]
[Origin 6/13] 🎲 Drawing Posterior Samples:  96%|█████████▌| 1437/1504 [00:40<00:01, 41.18step/s]
[Origin 6/13] 🎲 Drawing Posterior Samples:  96%|█████████▌| 1442/1504 [00:40<00:01, 40.32step/s]
[Origin 6/13] 🎲 Drawing Posterior Samples:  96%|█████████▌| 1447/1504 [00:41<00:01, 42.28step/s]
[Origin 6/13] 🎲 Drawing Posterior Samples:  97%|█████████▋| 1452/1504 [00:41<00:01, 41.03step/s]
[Origin 6/13] 🎲 Drawing Posterior Samples:  97%|█████████▋| 1457/1504 [00:41<00:01, 42.81step/s]
[Origin 6/13] 🎲 Drawing Posterior Samples:  97%|█████████▋| 1462/1504 [00:41<00:01, 41.27step/s]
[Origin 6/13] 🎲 Drawing Posterior Samples:  98%|█████████▊| 1467/1504 [00:41<00:00, 40.41step/s]
[Origin 6/13] 🎲 Drawing Posterior Samples:  98%|█████████▊| 1472/1504 [00:41<00:00, 34.37step/s]
[Origin 6/13] 🎲 Drawing Posterior Samples:  98%|█████████▊| 1476/1504 [00:41<00:00, 32.82step/s]
[Origin 6/13] 🎲 Drawing Posterior Samples:  98%|█████████▊| 1480/1504 [00:42<00:00, 30.72step/s]
[Origin 6/13] 🎲 Drawing Posterior Samples:  99%|█████████▊| 1484/1504 [00:42<00:00, 28.88step/s]
[Origin 6/13] 🎲 Drawing Posterior Samples:  99%|█████████▉| 1487/1504 [00:42<00:00, 28.83step/s]
[Origin 6/13] 🎲 Drawing Posterior Samples:  99%|█████████▉| 1490/1504 [00:42<00:00, 27.70step/s]
[Origin 6/13] 🎲 Drawing Posterior Samples:  99%|█████████▉| 1493/1504 [00:42<00:00, 27.68step/s]
[Origin 6/13] 🎲 Drawing Posterior Samples:  99%|█████████▉| 1496/1504 [00:42<00:00, 27.44step/s]
[Origin 6/13] 🎲 Drawing Posterior Samples: 100%|█████████▉| 1499/1504 [00:42<00:00, 25.91step/s]
[Origin 6/13] 🎲 Drawing Posterior Samples: 100%|█████████▉| 1502/1504 [00:42<00:00, 26.43step/s]
                                                                                                 

[Origin 7/13] 🎲 Drawing Posterior Samples:   0%|          | 0/1508 [00:00<?, ?step/s]
[Origin 7/13] 🎲 Drawing Posterior Samples:   0%|          | 6/1508 [00:00<00:30, 49.87step/s]
[Origin 7/13] 🎲 Drawing Posterior Samples:   1%|          | 11/1508 [00:00<00:35, 42.63step/s]
[Origin 7/13] 🎲 Drawing Posterior Samples:   1%|          | 16/1508 [00:00<00:33, 44.71step/s]
[Origin 7/13] 🎲 Drawing Posterior Samples:   1%|▏         | 21/1508 [00:00<00:35, 41.99step/s]
[Origin 7/13] 🎲 Drawing Posterior Samples:   2%|▏         | 26/1508 [00:00<00:33, 43.84step/s]
[Origin 7/13] 🎲 Drawing Posterior Samples:   2%|▏         | 31/1508 [00:00<00:35, 41.80step/s]
[Origin 7/13] 🎲 Drawing Posterior Samples:   2%|▏         | 36/1508 [00:00<00:36, 40.72step/s]
[Origin 7/13] 🎲 Drawing Posterior Samples:   3%|▎         | 41/1508 [00:00<00:34, 42.67step/s]
[Origin 7/13] 🎲 Drawing Posterior Samples:   3%|▎         | 46/1508 [00:01<00:35, 41.30step/s]
[Origin 7/13] 🎲 Drawing Posterior Samples:   3%|▎         | 51/1508 [00:01<00:33, 43.07step/s]
[Origin 7/13] 🎲 Drawing Posterior Samples:   4%|▎         | 56/1508 [00:01<00:35, 41.20step/s]
[Origin 7/13] 🎲 Drawing Posterior Samples:   4%|▍         | 61/1508 [00:01<00:36, 40.02step/s]
[Origin 7/13] 🎲 Drawing Posterior Samples:   4%|▍         | 66/1508 [00:01<00:34, 42.05step/s]
[Origin 7/13] 🎲 Drawing Posterior Samples:   5%|▍         | 71/1508 [00:01<00:35, 40.84step/s]
[Origin 7/13] 🎲 Drawing Posterior Samples:   5%|▌         | 76/1508 [00:01<00:33, 42.67step/s]
[Origin 7/13] 🎲 Drawing Posterior Samples:   5%|▌         | 81/1508 [00:01<00:34, 41.16step/s]
[Origin 7/13] 🎲 Drawing Posterior Samples:   6%|▌         | 86/1508 [00:02<00:35, 40.22step/s]
[Origin 7/13] 🎲 Drawing Posterior Samples:   6%|▌         | 91/1508 [00:02<00:33, 42.15step/s]
[Origin 7/13] 🎲 Drawing Posterior Samples:   6%|▋         | 96/1508 [00:02<00:34, 40.83step/s]
[Origin 7/13] 🎲 Drawing Posterior Samples:   7%|▋         | 101/1508 [00:02<00:32, 42.67step/s]
[Origin 7/13] 🎲 Drawing Posterior Samples:   7%|▋         | 106/1508 [00:02<00:33, 41.30step/s]
[Origin 7/13] 🎲 Drawing Posterior Samples:   7%|▋         | 111/1508 [00:02<00:34, 40.26step/s]
[Origin 7/13] 🎲 Drawing Posterior Samples:   8%|▊         | 116/1508 [00:02<00:32, 42.22step/s]
[Origin 7/13] 🎲 Drawing Posterior Samples:   8%|▊         | 121/1508 [00:02<00:34, 40.75step/s]
[Origin 7/13] 🎲 Drawing Posterior Samples:   8%|▊         | 126/1508 [00:03<00:32, 42.59step/s]
[Origin 7/13] 🎲 Drawing Posterior Samples:   9%|▊         | 131/1508 [00:03<00:33, 41.22step/s]
[Origin 7/13] 🎲 Drawing Posterior Samples:   9%|▉         | 136/1508 [00:03<00:33, 40.42step/s]
[Origin 7/13] 🎲 Drawing Posterior Samples:   9%|▉         | 141/1508 [00:03<00:32, 42.05step/s]
[Origin 7/13] 🎲 Drawing Posterior Samples:  10%|▉         | 146/1508 [00:03<00:33, 40.79step/s]
[Origin 7/13] 🎲 Drawing Posterior Samples:  10%|█         | 151/1508 [00:03<00:31, 42.63step/s]
[Origin 7/13] 🎲 Drawing Posterior Samples:  10%|█         | 156/1508 [00:03<00:32, 41.40step/s]
[Origin 7/13] 🎲 Drawing Posterior Samples:  11%|█         | 161/1508 [00:03<00:33, 40.62step/s]
[Origin 7/13] 🎲 Drawing Posterior Samples:  11%|█         | 166/1508 [00:03<00:31, 42.22step/s]
[Origin 7/13] 🎲 Drawing Posterior Samples:  11%|█▏        | 171/1508 [00:04<00:32, 40.91step/s]
[Origin 7/13] 🎲 Drawing Posterior Samples:  12%|█▏        | 176/1508 [00:04<00:31, 42.71step/s]
[Origin 7/13] 🎲 Drawing Posterior Samples:  12%|█▏        | 181/1508 [00:04<00:32, 41.32step/s]
[Origin 7/13] 🎲 Drawing Posterior Samples:  12%|█▏        | 186/1508 [00:04<00:31, 41.62step/s]
[Origin 7/13] 🎲 Drawing Posterior Samples:  13%|█▎        | 191/1508 [00:04<00:31, 41.98step/s]
[Origin 7/13] 🎲 Drawing Posterior Samples:  13%|█▎        | 196/1508 [00:04<00:32, 40.67step/s]
[Origin 7/13] 🎲 Drawing Posterior Samples:  13%|█▎        | 201/1508 [00:04<00:30, 42.55step/s]
[Origin 7/13] 🎲 Drawing Posterior Samples:  14%|█▎        | 206/1508 [00:04<00:31, 41.12step/s]
[Origin 7/13] 🎲 Drawing Posterior Samples:  14%|█▍        | 211/1508 [00:05<00:31, 41.47step/s]
[Origin 7/13] 🎲 Drawing Posterior Samples:  14%|█▍        | 216/1508 [00:05<00:30, 41.92step/s]
[Origin 7/13] 🎲 Drawing Posterior Samples:  15%|█▍        | 221/1508 [00:05<00:31, 40.64step/s]
[Origin 7/13] 🎲 Drawing Posterior Samples:  15%|█▍        | 226/1508 [00:05<00:30, 42.53step/s]
[Origin 7/13] 🎲 Drawing Posterior Samples:  15%|█▌        | 231/1508 [00:05<00:30, 41.21step/s]
[Origin 7/13] 🎲 Drawing Posterior Samples:  16%|█▌        | 236/1508 [00:05<00:29, 42.96step/s]
[Origin 7/13] 🎲 Drawing Posterior Samples:  16%|█▌        | 241/1508 [00:05<00:30, 41.47step/s]
[Origin 7/13] 🎲 Drawing Posterior Samples:  16%|█▋        | 246/1508 [00:05<00:31, 40.32step/s]
[Origin 7/13] 🎲 Drawing Posterior Samples:  17%|█▋        | 251/1508 [00:06<00:29, 42.25step/s]
[Origin 7/13] 🎲 Drawing Posterior Samples:  17%|█▋        | 256/1508 [00:06<00:30, 41.06step/s]
[Origin 7/13] 🎲 Drawing Posterior Samples:  17%|█▋        | 261/1508 [00:06<00:29, 42.79step/s]
[Origin 7/13] 🎲 Drawing Posterior Samples:  18%|█▊        | 266/1508 [00:06<00:30, 41.40step/s]
[Origin 7/13] 🎲 Drawing Posterior Samples:  18%|█▊        | 271/1508 [00:06<00:30, 40.48step/s]
[Origin 7/13] 🎲 Drawing Posterior Samples:  18%|█▊        | 276/1508 [00:06<00:29, 42.35step/s]
[Origin 7/13] 🎲 Drawing Posterior Samples:  19%|█▊        | 281/1508 [00:06<00:30, 40.87step/s]
[Origin 7/13] 🎲 Drawing Posterior Samples:  19%|█▉        | 286/1508 [00:06<00:28, 42.68step/s]
[Origin 7/13] 🎲 Drawing Posterior Samples:  19%|█▉        | 291/1508 [00:06<00:29, 41.36step/s]
[Origin 7/13] 🎲 Drawing Posterior Samples:  20%|█▉        | 296/1508 [00:07<00:30, 40.33step/s]
[Origin 7/13] 🎲 Drawing Posterior Samples:  20%|█▉        | 301/1508 [00:07<00:28, 42.27step/s]
[Origin 7/13] 🎲 Drawing Posterior Samples:  20%|██        | 306/1508 [00:07<00:29, 40.95step/s]
[Origin 7/13] 🎲 Drawing Posterior Samples:  21%|██        | 311/1508 [00:07<00:27, 42.76step/s]
[Origin 7/13] 🎲 Drawing Posterior Samples:  21%|██        | 316/1508 [00:07<00:28, 41.25step/s]
[Origin 7/13] 🎲 Drawing Posterior Samples:  21%|██▏       | 321/1508 [00:07<00:28, 41.21step/s]
[Origin 7/13] 🎲 Drawing Posterior Samples:  22%|██▏       | 326/1508 [00:07<00:28, 42.15step/s]
[Origin 7/13] 🎲 Drawing Posterior Samples:  22%|██▏       | 331/1508 [00:07<00:28, 40.97step/s]
[Origin 7/13] 🎲 Drawing Posterior Samples:  22%|██▏       | 336/1508 [00:08<00:27, 42.77step/s]
[Origin 7/13] 🎲 Drawing Posterior Samples:  23%|██▎       | 341/1508 [00:08<00:28, 41.34step/s]
[Origin 7/13] 🎲 Drawing Posterior Samples:  23%|██▎       | 346/1508 [00:08<00:34, 33.43step/s]
[Origin 7/13] 🎲 Drawing Posterior Samples:  23%|██▎       | 350/1508 [00:08<00:37, 30.94step/s]
[Origin 7/13] 🎲 Drawing Posterior Samples:  23%|██▎       | 354/1508 [00:08<00:37, 30.64step/s]
[Origin 7/13] 🎲 Drawing Posterior Samples:  24%|██▎       | 358/1508 [00:08<00:38, 30.04step/s]
[Origin 7/13] 🎲 Drawing Posterior Samples:  24%|██▍       | 362/1508 [00:08<00:39, 29.33step/s]
[Origin 7/13] 🎲 Drawing Posterior Samples:  24%|██▍       | 366/1508 [00:09<00:38, 29.84step/s]
[Origin 7/13] 🎲 Drawing Posterior Samples:  25%|██▍       | 370/1508 [00:09<00:38, 29.69step/s]
[Origin 7/13] 🎲 Drawing Posterior Samples:  25%|██▍       | 374/1508 [00:09<00:38, 29.18step/s]
[Origin 7/13] 🎲 Drawing Posterior Samples:  25%|██▌       | 378/1508 [00:10<02:17,  8.20step/s]
[Origin 7/13] 🎲 Drawing Posterior Samples:  25%|██▌       | 382/1508 [00:10<01:45, 10.66step/s]
[Origin 7/13] 🎲 Drawing Posterior Samples:  26%|██▌       | 387/1508 [00:10<01:18, 14.37step/s]
[Origin 7/13] 🎲 Drawing Posterior Samples:  26%|██▌       | 392/1508 [00:11<01:00, 18.42step/s]
[Origin 7/13] 🎲 Drawing Posterior Samples:  26%|██▋       | 396/1508 [00:11<00:52, 21.37step/s]
[Origin 7/13] 🎲 Drawing Posterior Samples:  27%|██▋       | 401/1508 [00:11<00:42, 26.08step/s]
[Origin 7/13] 🎲 Drawing Posterior Samples:  27%|██▋       | 405/1508 [00:11<00:38, 28.31step/s]
[Origin 7/13] 🎲 Drawing Posterior Samples:  27%|██▋       | 410/1508 [00:11<00:33, 32.66step/s]
[Origin 7/13] 🎲 Drawing Posterior Samples:  28%|██▊       | 415/1508 [00:11<00:31, 34.25step/s]
[Origin 7/13] 🎲 Drawing Posterior Samples:  28%|██▊       | 420/1508 [00:11<00:28, 37.53step/s]
[Origin 7/13] 🎲 Drawing Posterior Samples:  28%|██▊       | 425/1508 [00:11<00:28, 37.77step/s]
[Origin 7/13] 🎲 Drawing Posterior Samples:  29%|██▊       | 430/1508 [00:11<00:28, 37.95step/s]
[Origin 7/13] 🎲 Drawing Posterior Samples:  29%|██▉       | 435/1508 [00:12<00:26, 40.35step/s]
[Origin 7/13] 🎲 Drawing Posterior Samples:  29%|██▉       | 440/1508 [00:12<00:26, 39.85step/s]
[Origin 7/13] 🎲 Drawing Posterior Samples:  30%|██▉       | 445/1508 [00:12<00:25, 41.92step/s]
[Origin 7/13] 🎲 Drawing Posterior Samples:  30%|██▉       | 450/1508 [00:12<00:25, 40.80step/s]
[Origin 7/13] 🎲 Drawing Posterior Samples:  30%|███       | 455/1508 [00:12<00:26, 39.85step/s]
[Origin 7/13] 🎲 Drawing Posterior Samples:  31%|███       | 460/1508 [00:12<00:25, 41.84step/s]
[Origin 7/13] 🎲 Drawing Posterior Samples:  31%|███       | 465/1508 [00:12<00:25, 40.42step/s]
[Origin 7/13] 🎲 Drawing Posterior Samples:  31%|███       | 470/1508 [00:12<00:24, 42.36step/s]
[Origin 7/13] 🎲 Drawing Posterior Samples:  31%|███▏      | 475/1508 [00:13<00:25, 40.92step/s]
[Origin 7/13] 🎲 Drawing Posterior Samples:  32%|███▏      | 480/1508 [00:13<00:24, 41.23step/s]
[Origin 7/13] 🎲 Drawing Posterior Samples:  32%|███▏      | 485/1508 [00:13<00:24, 41.82step/s]
[Origin 7/13] 🎲 Drawing Posterior Samples:  32%|███▏      | 490/1508 [00:13<00:25, 40.68step/s]
[Origin 7/13] 🎲 Drawing Posterior Samples:  33%|███▎      | 495/1508 [00:13<00:23, 42.54step/s]
[Origin 7/13] 🎲 Drawing Posterior Samples:  33%|███▎      | 500/1508 [00:13<00:24, 41.15step/s]
[Origin 7/13] 🎲 Drawing Posterior Samples:  33%|███▎      | 505/1508 [00:13<00:24, 41.39step/s]
[Origin 7/13] 🎲 Drawing Posterior Samples:  34%|███▍      | 510/1508 [00:13<00:23, 41.93step/s]
[Origin 7/13] 🎲 Drawing Posterior Samples:  34%|███▍      | 515/1508 [00:14<00:24, 40.74step/s]
[Origin 7/13] 🎲 Drawing Posterior Samples:  34%|███▍      | 520/1508 [00:14<00:23, 42.58step/s]
[Origin 7/13] 🎲 Drawing Posterior Samples:  35%|███▍      | 525/1508 [00:14<00:23, 41.31step/s]
[Origin 7/13] 🎲 Drawing Posterior Samples:  35%|███▌      | 530/1508 [00:14<00:22, 43.03step/s]
[Origin 7/13] 🎲 Drawing Posterior Samples:  35%|███▌      | 535/1508 [00:14<00:23, 41.47step/s]
[Origin 7/13] 🎲 Drawing Posterior Samples:  36%|███▌      | 540/1508 [00:14<00:23, 40.43step/s]
[Origin 7/13] 🎲 Drawing Posterior Samples:  36%|███▌      | 545/1508 [00:14<00:22, 42.34step/s]
[Origin 7/13] 🎲 Drawing Posterior Samples:  36%|███▋      | 550/1508 [00:14<00:23, 41.03step/s]
[Origin 7/13] 🎲 Drawing Posterior Samples:  37%|███▋      | 555/1508 [00:14<00:22, 42.80step/s]
[Origin 7/13] 🎲 Drawing Posterior Samples:  37%|███▋      | 560/1508 [00:15<00:22, 41.49step/s]
[Origin 7/13] 🎲 Drawing Posterior Samples:  37%|███▋      | 565/1508 [00:15<00:22, 41.33step/s]
[Origin 7/13] 🎲 Drawing Posterior Samples:  38%|███▊      | 570/1508 [00:15<00:22, 42.09step/s]
[Origin 7/13] 🎲 Drawing Posterior Samples:  38%|███▊      | 575/1508 [00:15<00:22, 40.79step/s]
[Origin 7/13] 🎲 Drawing Posterior Samples:  38%|███▊      | 580/1508 [00:15<00:21, 42.62step/s]
[Origin 7/13] 🎲 Drawing Posterior Samples:  39%|███▉      | 585/1508 [00:15<00:22, 41.20step/s]
[Origin 7/13] 🎲 Drawing Posterior Samples:  39%|███▉      | 590/1508 [00:15<00:22, 40.49step/s]
[Origin 7/13] 🎲 Drawing Posterior Samples:  39%|███▉      | 595/1508 [00:15<00:21, 42.11step/s]
[Origin 7/13] 🎲 Drawing Posterior Samples:  40%|███▉      | 600/1508 [00:16<00:22, 40.91step/s]
[Origin 7/13] 🎲 Drawing Posterior Samples:  40%|████      | 605/1508 [00:16<00:21, 42.74step/s]
[Origin 7/13] 🎲 Drawing Posterior Samples:  40%|████      | 610/1508 [00:16<00:21, 41.34step/s]
[Origin 7/13] 🎲 Drawing Posterior Samples:  41%|████      | 615/1508 [00:16<00:20, 43.05step/s]
[Origin 7/13] 🎲 Drawing Posterior Samples:  41%|████      | 620/1508 [00:16<00:21, 41.51step/s]
[Origin 7/13] 🎲 Drawing Posterior Samples:  41%|████▏     | 625/1508 [00:16<00:21, 40.69step/s]
[Origin 7/13] 🎲 Drawing Posterior Samples:  42%|████▏     | 630/1508 [00:16<00:20, 42.56step/s]
[Origin 7/13] 🎲 Drawing Posterior Samples:  42%|████▏     | 635/1508 [00:16<00:21, 41.09step/s]
[Origin 7/13] 🎲 Drawing Posterior Samples:  42%|████▏     | 640/1508 [00:17<00:20, 42.85step/s]
[Origin 7/13] 🎲 Drawing Posterior Samples:  43%|████▎     | 645/1508 [00:17<00:20, 41.37step/s]
[Origin 7/13] 🎲 Drawing Posterior Samples:  43%|████▎     | 650/1508 [00:17<00:21, 40.42step/s]
[Origin 7/13] 🎲 Drawing Posterior Samples:  43%|████▎     | 655/1508 [00:17<00:20, 42.36step/s]
[Origin 7/13] 🎲 Drawing Posterior Samples:  44%|████▍     | 660/1508 [00:17<00:20, 40.98step/s]
[Origin 7/13] 🎲 Drawing Posterior Samples:  44%|████▍     | 665/1508 [00:17<00:19, 42.77step/s]
[Origin 7/13] 🎲 Drawing Posterior Samples:  44%|████▍     | 670/1508 [00:17<00:20, 41.12step/s]
[Origin 7/13] 🎲 Drawing Posterior Samples:  45%|████▍     | 675/1508 [00:17<00:20, 40.36step/s]
[Origin 7/13] 🎲 Drawing Posterior Samples:  45%|████▌     | 680/1508 [00:17<00:19, 42.21step/s]
[Origin 7/13] 🎲 Drawing Posterior Samples:  45%|████▌     | 685/1508 [00:18<00:20, 40.83step/s]
[Origin 7/13] 🎲 Drawing Posterior Samples:  46%|████▌     | 690/1508 [00:18<00:19, 42.66step/s]
[Origin 7/13] 🎲 Drawing Posterior Samples:  46%|████▌     | 695/1508 [00:18<00:19, 41.34step/s]
[Origin 7/13] 🎲 Drawing Posterior Samples:  46%|████▋     | 700/1508 [00:18<00:20, 40.37step/s]
[Origin 7/13] 🎲 Drawing Posterior Samples:  47%|████▋     | 705/1508 [00:18<00:18, 42.26step/s]
[Origin 7/13] 🎲 Drawing Posterior Samples:  47%|████▋     | 710/1508 [00:18<00:19, 41.01step/s]
[Origin 7/13] 🎲 Drawing Posterior Samples:  47%|████▋     | 715/1508 [00:18<00:18, 42.78step/s]
[Origin 7/13] 🎲 Drawing Posterior Samples:  48%|████▊     | 720/1508 [00:18<00:21, 37.28step/s]
[Origin 7/13] 🎲 Drawing Posterior Samples:  48%|████▊     | 724/1508 [00:19<00:23, 33.59step/s]
[Origin 7/13] 🎲 Drawing Posterior Samples:  48%|████▊     | 728/1508 [00:19<00:25, 30.99step/s]
[Origin 7/13] 🎲 Drawing Posterior Samples:  49%|████▊     | 732/1508 [00:19<00:25, 30.41step/s]
[Origin 7/13] 🎲 Drawing Posterior Samples:  49%|████▉     | 736/1508 [00:19<00:27, 28.19step/s]
[Origin 7/13] 🎲 Drawing Posterior Samples:  49%|████▉     | 739/1508 [00:19<00:28, 26.88step/s]
[Origin 7/13] 🎲 Drawing Posterior Samples:  49%|████▉     | 742/1508 [00:19<00:29, 25.63step/s]
[Origin 7/13] 🎲 Drawing Posterior Samples:  49%|████▉     | 745/1508 [00:20<00:31, 24.42step/s]
[Origin 7/13] 🎲 Drawing Posterior Samples:  50%|████▉     | 748/1508 [00:20<00:33, 22.61step/s]
[Origin 7/13] 🎲 Drawing Posterior Samples:  50%|████▉     | 751/1508 [00:20<00:35, 21.56step/s]
[Origin 7/13] 🎲 Drawing Posterior Samples:  50%|█████     | 754/1508 [00:20<00:32, 23.42step/s]
[Origin 7/13] 🎲 Drawing Posterior Samples:  50%|█████     | 757/1508 [00:21<01:59,  6.27step/s]
[Origin 7/13] 🎲 Drawing Posterior Samples:  51%|█████     | 762/1508 [00:21<01:16,  9.72step/s]
[Origin 7/13] 🎲 Drawing Posterior Samples:  51%|█████     | 766/1508 [00:21<00:58, 12.65step/s]
[Origin 7/13] 🎲 Drawing Posterior Samples:  51%|█████     | 771/1508 [00:22<00:43, 16.96step/s]
[Origin 7/13] 🎲 Drawing Posterior Samples:  51%|█████▏    | 776/1508 [00:22<00:34, 21.35step/s]
[Origin 7/13] 🎲 Drawing Posterior Samples:  52%|█████▏    | 780/1508 [00:22<00:29, 24.41step/s]
[Origin 7/13] 🎲 Drawing Posterior Samples:  52%|█████▏    | 785/1508 [00:22<00:25, 28.87step/s]
[Origin 7/13] 🎲 Drawing Posterior Samples:  52%|█████▏    | 789/1508 [00:22<00:23, 30.45step/s]
[Origin 7/13] 🎲 Drawing Posterior Samples:  53%|█████▎    | 794/1508 [00:22<00:20, 34.58step/s]
[Origin 7/13] 🎲 Drawing Posterior Samples:  53%|█████▎    | 799/1508 [00:22<00:19, 35.75step/s]
[Origin 7/13] 🎲 Drawing Posterior Samples:  53%|█████▎    | 804/1508 [00:22<00:18, 38.78step/s]
[Origin 7/13] 🎲 Drawing Posterior Samples:  54%|█████▎    | 809/1508 [00:23<00:18, 38.74step/s]
[Origin 7/13] 🎲 Drawing Posterior Samples:  54%|█████▍    | 814/1508 [00:23<00:17, 38.56step/s]
[Origin 7/13] 🎲 Drawing Posterior Samples:  54%|█████▍    | 819/1508 [00:23<00:16, 40.93step/s]
[Origin 7/13] 🎲 Drawing Posterior Samples:  55%|█████▍    | 824/1508 [00:23<00:17, 40.08step/s]
[Origin 7/13] 🎲 Drawing Posterior Samples:  55%|█████▍    | 829/1508 [00:23<00:16, 42.10step/s]
[Origin 7/13] 🎲 Drawing Posterior Samples:  55%|█████▌    | 834/1508 [00:23<00:16, 40.97step/s]
[Origin 7/13] 🎲 Drawing Posterior Samples:  56%|█████▌    | 839/1508 [00:23<00:16, 40.30step/s]
[Origin 7/13] 🎲 Drawing Posterior Samples:  56%|█████▌    | 844/1508 [00:23<00:15, 41.97step/s]
[Origin 7/13] 🎲 Drawing Posterior Samples:  56%|█████▋    | 849/1508 [00:23<00:16, 40.64step/s]
[Origin 7/13] 🎲 Drawing Posterior Samples:  57%|█████▋    | 854/1508 [00:24<00:15, 42.50step/s]
[Origin 7/13] 🎲 Drawing Posterior Samples:  57%|█████▋    | 859/1508 [00:24<00:15, 41.19step/s]
[Origin 7/13] 🎲 Drawing Posterior Samples:  57%|█████▋    | 864/1508 [00:24<00:16, 40.16step/s]
[Origin 7/13] 🎲 Drawing Posterior Samples:  58%|█████▊    | 869/1508 [00:24<00:15, 42.05step/s]
[Origin 7/13] 🎲 Drawing Posterior Samples:  58%|█████▊    | 874/1508 [00:24<00:15, 40.93step/s]
[Origin 7/13] 🎲 Drawing Posterior Samples:  58%|█████▊    | 879/1508 [00:24<00:14, 42.72step/s]
[Origin 7/13] 🎲 Drawing Posterior Samples:  59%|█████▊    | 884/1508 [00:24<00:15, 41.35step/s]
[Origin 7/13] 🎲 Drawing Posterior Samples:  59%|█████▉    | 889/1508 [00:24<00:14, 41.46step/s]
[Origin 7/13] 🎲 Drawing Posterior Samples:  59%|█████▉    | 894/1508 [00:25<00:14, 41.94step/s]
[Origin 7/13] 🎲 Drawing Posterior Samples:  60%|█████▉    | 899/1508 [00:25<00:14, 40.67step/s]
[Origin 7/13] 🎲 Drawing Posterior Samples:  60%|█████▉    | 904/1508 [00:25<00:14, 42.52step/s]
[Origin 7/13] 🎲 Drawing Posterior Samples:  60%|██████    | 909/1508 [00:25<00:14, 41.23step/s]
[Origin 7/13] 🎲 Drawing Posterior Samples:  61%|██████    | 914/1508 [00:25<00:14, 41.53step/s]
[Origin 7/13] 🎲 Drawing Posterior Samples:  61%|██████    | 919/1508 [00:25<00:14, 41.80step/s]
[Origin 7/13] 🎲 Drawing Posterior Samples:  61%|██████▏   | 924/1508 [00:25<00:14, 40.52step/s]
[Origin 7/13] 🎲 Drawing Posterior Samples:  62%|██████▏   | 929/1508 [00:25<00:13, 42.44step/s]
[Origin 7/13] 🎲 Drawing Posterior Samples:  62%|██████▏   | 934/1508 [00:26<00:14, 40.81step/s]
[Origin 7/13] 🎲 Drawing Posterior Samples:  62%|██████▏   | 939/1508 [00:26<00:13, 42.73step/s]
[Origin 7/13] 🎲 Drawing Posterior Samples:  63%|██████▎   | 944/1508 [00:26<00:13, 41.26step/s]
[Origin 7/13] 🎲 Drawing Posterior Samples:  63%|██████▎   | 949/1508 [00:26<00:13, 40.32step/s]
[Origin 7/13] 🎲 Drawing Posterior Samples:  63%|██████▎   | 954/1508 [00:26<00:13, 42.29step/s]
[Origin 7/13] 🎲 Drawing Posterior Samples:  64%|██████▎   | 959/1508 [00:26<00:13, 40.99step/s]
[Origin 7/13] 🎲 Drawing Posterior Samples:  64%|██████▍   | 964/1508 [00:26<00:12, 42.77step/s]
[Origin 7/13] 🎲 Drawing Posterior Samples:  64%|██████▍   | 969/1508 [00:26<00:13, 41.23step/s]
[Origin 7/13] 🎲 Drawing Posterior Samples:  65%|██████▍   | 974/1508 [00:26<00:13, 40.40step/s]
[Origin 7/13] 🎲 Drawing Posterior Samples:  65%|██████▍   | 979/1508 [00:27<00:12, 42.32step/s]
[Origin 7/13] 🎲 Drawing Posterior Samples:  65%|██████▌   | 984/1508 [00:27<00:12, 41.00step/s]
[Origin 7/13] 🎲 Drawing Posterior Samples:  66%|██████▌   | 989/1508 [00:27<00:12, 42.77step/s]
[Origin 7/13] 🎲 Drawing Posterior Samples:  66%|██████▌   | 994/1508 [00:27<00:12, 41.20step/s]
[Origin 7/13] 🎲 Drawing Posterior Samples:  66%|██████▌   | 999/1508 [00:27<00:12, 40.76step/s]
[Origin 7/13] 🎲 Drawing Posterior Samples:  67%|██████▋   | 1004/1508 [00:27<00:11, 42.28step/s]
[Origin 7/13] 🎲 Drawing Posterior Samples:  67%|██████▋   | 1009/1508 [00:27<00:12, 40.85step/s]
[Origin 7/13] 🎲 Drawing Posterior Samples:  67%|██████▋   | 1014/1508 [00:27<00:11, 42.68step/s]
[Origin 7/13] 🎲 Drawing Posterior Samples:  68%|██████▊   | 1019/1508 [00:28<00:11, 41.23step/s]
[Origin 7/13] 🎲 Drawing Posterior Samples:  68%|██████▊   | 1024/1508 [00:28<00:11, 40.65step/s]
[Origin 7/13] 🎲 Drawing Posterior Samples:  68%|██████▊   | 1029/1508 [00:28<00:11, 42.22step/s]
[Origin 7/13] 🎲 Drawing Posterior Samples:  69%|██████▊   | 1034/1508 [00:28<00:11, 41.01step/s]
[Origin 7/13] 🎲 Drawing Posterior Samples:  69%|██████▉   | 1039/1508 [00:28<00:10, 42.80step/s]
[Origin 7/13] 🎲 Drawing Posterior Samples:  69%|██████▉   | 1044/1508 [00:28<00:11, 41.31step/s]
[Origin 7/13] 🎲 Drawing Posterior Samples:  70%|██████▉   | 1049/1508 [00:28<00:11, 41.44step/s]
[Origin 7/13] 🎲 Drawing Posterior Samples:  70%|██████▉   | 1054/1508 [00:28<00:10, 41.83step/s]
[Origin 7/13] 🎲 Drawing Posterior Samples:  70%|███████   | 1059/1508 [00:29<00:11, 40.75step/s]
[Origin 7/13] 🎲 Drawing Posterior Samples:  71%|███████   | 1064/1508 [00:29<00:10, 42.59step/s]
[Origin 7/13] 🎲 Drawing Posterior Samples:  71%|███████   | 1069/1508 [00:29<00:10, 41.17step/s]
[Origin 7/13] 🎲 Drawing Posterior Samples:  71%|███████   | 1074/1508 [00:29<00:10, 41.53step/s]
[Origin 7/13] 🎲 Drawing Posterior Samples:  72%|███████▏  | 1079/1508 [00:29<00:10, 41.92step/s]
[Origin 7/13] 🎲 Drawing Posterior Samples:  72%|███████▏  | 1084/1508 [00:29<00:10, 40.54step/s]
[Origin 7/13] 🎲 Drawing Posterior Samples:  72%|███████▏  | 1089/1508 [00:29<00:09, 42.43step/s]
[Origin 7/13] 🎲 Drawing Posterior Samples:  73%|███████▎  | 1094/1508 [00:29<00:10, 41.09step/s]
[Origin 7/13] 🎲 Drawing Posterior Samples:  73%|███████▎  | 1099/1508 [00:30<00:11, 34.22step/s]
[Origin 7/13] 🎲 Drawing Posterior Samples:  73%|███████▎  | 1103/1508 [00:30<00:13, 31.05step/s]
[Origin 7/13] 🎲 Drawing Posterior Samples:  73%|███████▎  | 1107/1508 [00:30<00:13, 30.48step/s]
[Origin 7/13] 🎲 Drawing Posterior Samples:  74%|███████▎  | 1111/1508 [00:30<00:13, 28.90step/s]
[Origin 7/13] 🎲 Drawing Posterior Samples:  74%|███████▍  | 1114/1508 [00:30<00:14, 27.95step/s]
[Origin 7/13] 🎲 Drawing Posterior Samples:  74%|███████▍  | 1117/1508 [00:30<00:13, 28.14step/s]
[Origin 7/13] 🎲 Drawing Posterior Samples:  74%|███████▍  | 1120/1508 [00:30<00:14, 27.09step/s]
[Origin 7/13] 🎲 Drawing Posterior Samples:  74%|███████▍  | 1123/1508 [00:30<00:13, 27.53step/s]
[Origin 7/13] 🎲 Drawing Posterior Samples:  75%|███████▍  | 1126/1508 [00:31<00:14, 26.03step/s]
[Origin 7/13] 🎲 Drawing Posterior Samples:  75%|███████▍  | 1129/1508 [00:31<00:15, 25.22step/s]
[Origin 7/13] 🎲 Drawing Posterior Samples:  75%|███████▌  | 1132/1508 [00:32<01:04,  5.82step/s]
[Origin 7/13] 🎲 Drawing Posterior Samples:  75%|███████▌  | 1137/1508 [00:32<00:41,  8.98step/s]
[Origin 7/13] 🎲 Drawing Posterior Samples:  76%|███████▌  | 1142/1508 [00:32<00:28, 12.70step/s]
[Origin 7/13] 🎲 Drawing Posterior Samples:  76%|███████▌  | 1146/1508 [00:33<00:23, 15.73step/s]
[Origin 7/13] 🎲 Drawing Posterior Samples:  76%|███████▋  | 1151/1508 [00:33<00:17, 20.47step/s]
[Origin 7/13] 🎲 Drawing Posterior Samples:  77%|███████▋  | 1155/1508 [00:33<00:15, 23.38step/s]
[Origin 7/13] 🎲 Drawing Posterior Samples:  77%|███████▋  | 1160/1508 [00:33<00:12, 28.22step/s]
[Origin 7/13] 🎲 Drawing Posterior Samples:  77%|███████▋  | 1165/1508 [00:33<00:11, 30.96step/s]
[Origin 7/13] 🎲 Drawing Posterior Samples:  78%|███████▊  | 1170/1508 [00:33<00:09, 33.84step/s]
[Origin 7/13] 🎲 Drawing Posterior Samples:  78%|███████▊  | 1175/1508 [00:33<00:09, 36.14step/s]
[Origin 7/13] 🎲 Drawing Posterior Samples:  78%|███████▊  | 1180/1508 [00:33<00:08, 36.58step/s]
[Origin 7/13] 🎲 Drawing Posterior Samples:  79%|███████▊  | 1185/1508 [00:33<00:08, 39.37step/s]
[Origin 7/13] 🎲 Drawing Posterior Samples:  79%|███████▉  | 1190/1508 [00:34<00:08, 39.02step/s]
[Origin 7/13] 🎲 Drawing Posterior Samples:  79%|███████▉  | 1195/1508 [00:34<00:07, 41.28step/s]
[Origin 7/13] 🎲 Drawing Posterior Samples:  80%|███████▉  | 1200/1508 [00:34<00:07, 40.55step/s]
[Origin 7/13] 🎲 Drawing Posterior Samples:  80%|███████▉  | 1205/1508 [00:34<00:07, 39.84step/s]
[Origin 7/13] 🎲 Drawing Posterior Samples:  80%|████████  | 1210/1508 [00:34<00:07, 41.89step/s]
[Origin 7/13] 🎲 Drawing Posterior Samples:  81%|████████  | 1215/1508 [00:34<00:07, 40.62step/s]
[Origin 7/13] 🎲 Drawing Posterior Samples:  81%|████████  | 1220/1508 [00:34<00:06, 42.51step/s]
[Origin 7/13] 🎲 Drawing Posterior Samples:  81%|████████  | 1225/1508 [00:34<00:06, 41.18step/s]
[Origin 7/13] 🎲 Drawing Posterior Samples:  82%|████████▏ | 1230/1508 [00:35<00:06, 40.27step/s]
[Origin 7/13] 🎲 Drawing Posterior Samples:  82%|████████▏ | 1235/1508 [00:35<00:06, 42.24step/s]
[Origin 7/13] 🎲 Drawing Posterior Samples:  82%|████████▏ | 1240/1508 [00:35<00:06, 40.76step/s]
[Origin 7/13] 🎲 Drawing Posterior Samples:  83%|████████▎ | 1245/1508 [00:35<00:06, 42.61step/s]
[Origin 7/13] 🎲 Drawing Posterior Samples:  83%|████████▎ | 1250/1508 [00:35<00:06, 41.24step/s]
[Origin 7/13] 🎲 Drawing Posterior Samples:  83%|████████▎ | 1255/1508 [00:35<00:06, 40.85step/s]
[Origin 7/13] 🎲 Drawing Posterior Samples:  84%|████████▎ | 1260/1508 [00:35<00:05, 42.27step/s]
[Origin 7/13] 🎲 Drawing Posterior Samples:  84%|████████▍ | 1265/1508 [00:35<00:05, 40.92step/s]
[Origin 7/13] 🎲 Drawing Posterior Samples:  84%|████████▍ | 1270/1508 [00:36<00:05, 42.72step/s]
[Origin 7/13] 🎲 Drawing Posterior Samples:  85%|████████▍ | 1275/1508 [00:36<00:05, 41.00step/s]
[Origin 7/13] 🎲 Drawing Posterior Samples:  85%|████████▍ | 1280/1508 [00:36<00:05, 40.14step/s]
[Origin 7/13] 🎲 Drawing Posterior Samples:  85%|████████▌ | 1285/1508 [00:36<00:05, 42.05step/s]
[Origin 7/13] 🎲 Drawing Posterior Samples:  86%|████████▌ | 1290/1508 [00:36<00:05, 40.82step/s]
[Origin 7/13] 🎲 Drawing Posterior Samples:  86%|████████▌ | 1295/1508 [00:36<00:04, 42.66step/s]
[Origin 7/13] 🎲 Drawing Posterior Samples:  86%|████████▌ | 1300/1508 [00:36<00:05, 41.11step/s]
[Origin 7/13] 🎲 Drawing Posterior Samples:  87%|████████▋ | 1305/1508 [00:36<00:04, 41.30step/s]
[Origin 7/13] 🎲 Drawing Posterior Samples:  87%|████████▋ | 1310/1508 [00:37<00:04, 41.71step/s]
[Origin 7/13] 🎲 Drawing Posterior Samples:  87%|████████▋ | 1315/1508 [00:37<00:04, 40.55step/s]
[Origin 7/13] 🎲 Drawing Posterior Samples:  88%|████████▊ | 1320/1508 [00:37<00:04, 42.45step/s]
[Origin 7/13] 🎲 Drawing Posterior Samples:  88%|████████▊ | 1325/1508 [00:37<00:04, 41.09step/s]
[Origin 7/13] 🎲 Drawing Posterior Samples:  88%|████████▊ | 1330/1508 [00:37<00:04, 41.34step/s]
[Origin 7/13] 🎲 Drawing Posterior Samples:  89%|████████▊ | 1335/1508 [00:37<00:04, 41.80step/s]
[Origin 7/13] 🎲 Drawing Posterior Samples:  89%|████████▉ | 1340/1508 [00:37<00:04, 40.76step/s]
[Origin 7/13] 🎲 Drawing Posterior Samples:  89%|████████▉ | 1345/1508 [00:37<00:03, 42.61step/s]
[Origin 7/13] 🎲 Drawing Posterior Samples:  90%|████████▉ | 1350/1508 [00:37<00:03, 41.31step/s]
[Origin 7/13] 🎲 Drawing Posterior Samples:  90%|████████▉ | 1355/1508 [00:38<00:03, 43.04step/s]
[Origin 7/13] 🎲 Drawing Posterior Samples:  90%|█████████ | 1360/1508 [00:38<00:03, 41.35step/s]
[Origin 7/13] 🎲 Drawing Posterior Samples:  91%|█████████ | 1365/1508 [00:38<00:03, 40.27step/s]
[Origin 7/13] 🎲 Drawing Posterior Samples:  91%|█████████ | 1370/1508 [00:38<00:03, 42.22step/s]
[Origin 7/13] 🎲 Drawing Posterior Samples:  91%|█████████ | 1375/1508 [00:38<00:03, 40.98step/s]
[Origin 7/13] 🎲 Drawing Posterior Samples:  92%|█████████▏| 1380/1508 [00:38<00:02, 42.78step/s]
[Origin 7/13] 🎲 Drawing Posterior Samples:  92%|█████████▏| 1385/1508 [00:38<00:02, 41.37step/s]
[Origin 7/13] 🎲 Drawing Posterior Samples:  92%|█████████▏| 1390/1508 [00:38<00:02, 40.27step/s]
[Origin 7/13] 🎲 Drawing Posterior Samples:  93%|█████████▎| 1395/1508 [00:39<00:02, 42.23step/s]
[Origin 7/13] 🎲 Drawing Posterior Samples:  93%|█████████▎| 1400/1508 [00:39<00:02, 41.06step/s]
[Origin 7/13] 🎲 Drawing Posterior Samples:  93%|█████████▎| 1405/1508 [00:39<00:02, 42.80step/s]
[Origin 7/13] 🎲 Drawing Posterior Samples:  94%|█████████▎| 1410/1508 [00:39<00:02, 41.34step/s]
[Origin 7/13] 🎲 Drawing Posterior Samples:  94%|█████████▍| 1415/1508 [00:39<00:02, 40.93step/s]
[Origin 7/13] 🎲 Drawing Posterior Samples:  94%|█████████▍| 1420/1508 [00:39<00:02, 42.33step/s]
[Origin 7/13] 🎲 Drawing Posterior Samples:  94%|█████████▍| 1425/1508 [00:39<00:02, 40.95step/s]
[Origin 7/13] 🎲 Drawing Posterior Samples:  95%|█████████▍| 1430/1508 [00:39<00:01, 42.75step/s]
[Origin 7/13] 🎲 Drawing Posterior Samples:  95%|█████████▌| 1435/1508 [00:40<00:01, 41.15step/s]
[Origin 7/13] 🎲 Drawing Posterior Samples:  95%|█████████▌| 1440/1508 [00:40<00:01, 40.49step/s]
[Origin 7/13] 🎲 Drawing Posterior Samples:  96%|█████████▌| 1445/1508 [00:40<00:01, 42.09step/s]
[Origin 7/13] 🎲 Drawing Posterior Samples:  96%|█████████▌| 1450/1508 [00:40<00:01, 40.88step/s]
[Origin 7/13] 🎲 Drawing Posterior Samples:  96%|█████████▋| 1455/1508 [00:40<00:01, 42.71step/s]
[Origin 7/13] 🎲 Drawing Posterior Samples:  97%|█████████▋| 1460/1508 [00:40<00:01, 41.15step/s]
[Origin 7/13] 🎲 Drawing Posterior Samples:  97%|█████████▋| 1465/1508 [00:40<00:01, 42.89step/s]
[Origin 7/13] 🎲 Drawing Posterior Samples:  97%|█████████▋| 1470/1508 [00:40<00:00, 41.47step/s]
[Origin 7/13] 🎲 Drawing Posterior Samples:  98%|█████████▊| 1475/1508 [00:41<00:00, 35.69step/s]
[Origin 7/13] 🎲 Drawing Posterior Samples:  98%|█████████▊| 1479/1508 [00:41<00:00, 32.61step/s]
[Origin 7/13] 🎲 Drawing Posterior Samples:  98%|█████████▊| 1483/1508 [00:41<00:00, 31.29step/s]
[Origin 7/13] 🎲 Drawing Posterior Samples:  99%|█████████▊| 1487/1508 [00:41<00:00, 29.87step/s]
[Origin 7/13] 🎲 Drawing Posterior Samples:  99%|█████████▉| 1491/1508 [00:41<00:00, 28.02step/s]
[Origin 7/13] 🎲 Drawing Posterior Samples:  99%|█████████▉| 1494/1508 [00:41<00:00, 27.22step/s]
[Origin 7/13] 🎲 Drawing Posterior Samples:  99%|█████████▉| 1497/1508 [00:41<00:00, 27.40step/s]
[Origin 7/13] 🎲 Drawing Posterior Samples:  99%|█████████▉| 1500/1508 [00:41<00:00, 26.92step/s]
[Origin 7/13] 🎲 Drawing Posterior Samples: 100%|█████████▉| 1503/1508 [00:42<00:00, 27.33step/s]
[Origin 7/13] 🎲 Drawing Posterior Samples: 100%|█████████▉| 1506/1508 [00:42<00:00, 25.97step/s]
                                                                                                 

[Origin 8/13] 🎲 Drawing Posterior Samples:   0%|          | 0/1512 [00:00<?, ?step/s]
[Origin 8/13] 🎲 Drawing Posterior Samples:   0%|          | 5/1512 [00:00<00:33, 44.98step/s]
[Origin 8/13] 🎲 Drawing Posterior Samples:   1%|          | 10/1512 [00:00<00:32, 45.78step/s]
[Origin 8/13] 🎲 Drawing Posterior Samples:   1%|          | 15/1512 [00:00<00:35, 42.22step/s]
[Origin 8/13] 🎲 Drawing Posterior Samples:   1%|▏         | 20/1512 [00:00<00:33, 44.21step/s]
[Origin 8/13] 🎲 Drawing Posterior Samples:   2%|▏         | 25/1512 [00:00<00:35, 41.97step/s]
[Origin 8/13] 🎲 Drawing Posterior Samples:   2%|▏         | 30/1512 [00:00<00:35, 42.10step/s]
[Origin 8/13] 🎲 Drawing Posterior Samples:   2%|▏         | 35/1512 [00:00<00:34, 42.23step/s]
[Origin 8/13] 🎲 Drawing Posterior Samples:   3%|▎         | 40/1512 [00:00<00:35, 40.95step/s]
[Origin 8/13] 🎲 Drawing Posterior Samples:   3%|▎         | 45/1512 [00:01<00:34, 42.85step/s]
[Origin 8/13] 🎲 Drawing Posterior Samples:   3%|▎         | 50/1512 [00:01<00:35, 41.23step/s]
[Origin 8/13] 🎲 Drawing Posterior Samples:   4%|▎         | 55/1512 [00:01<00:35, 41.55step/s]
[Origin 8/13] 🎲 Drawing Posterior Samples:   4%|▍         | 60/1512 [00:01<00:34, 41.97step/s]
[Origin 8/13] 🎲 Drawing Posterior Samples:   4%|▍         | 65/1512 [00:01<00:35, 40.77step/s]
[Origin 8/13] 🎲 Drawing Posterior Samples:   5%|▍         | 70/1512 [00:01<00:33, 42.64step/s]
[Origin 8/13] 🎲 Drawing Posterior Samples:   5%|▍         | 75/1512 [00:01<00:34, 41.28step/s]
[Origin 8/13] 🎲 Drawing Posterior Samples:   5%|▌         | 80/1512 [00:01<00:33, 43.02step/s]
[Origin 8/13] 🎲 Drawing Posterior Samples:   6%|▌         | 85/1512 [00:02<00:34, 41.42step/s]
[Origin 8/13] 🎲 Drawing Posterior Samples:   6%|▌         | 90/1512 [00:02<00:34, 40.64step/s]
[Origin 8/13] 🎲 Drawing Posterior Samples:   6%|▋         | 95/1512 [00:02<00:33, 42.44step/s]
[Origin 8/13] 🎲 Drawing Posterior Samples:   7%|▋         | 100/1512 [00:02<00:34, 41.06step/s]
[Origin 8/13] 🎲 Drawing Posterior Samples:   7%|▋         | 105/1512 [00:02<00:32, 42.84step/s]
[Origin 8/13] 🎲 Drawing Posterior Samples:   7%|▋         | 110/1512 [00:02<00:33, 41.32step/s]
[Origin 8/13] 🎲 Drawing Posterior Samples:   8%|▊         | 115/1512 [00:02<00:34, 40.57step/s]
[Origin 8/13] 🎲 Drawing Posterior Samples:   8%|▊         | 120/1512 [00:02<00:32, 42.40step/s]
[Origin 8/13] 🎲 Drawing Posterior Samples:   8%|▊         | 125/1512 [00:02<00:33, 40.91step/s]
[Origin 8/13] 🎲 Drawing Posterior Samples:   9%|▊         | 130/1512 [00:03<00:32, 42.73step/s]
[Origin 8/13] 🎲 Drawing Posterior Samples:   9%|▉         | 135/1512 [00:03<00:33, 41.12step/s]
[Origin 8/13] 🎲 Drawing Posterior Samples:   9%|▉         | 140/1512 [00:03<00:33, 41.36step/s]
[Origin 8/13] 🎲 Drawing Posterior Samples:  10%|▉         | 145/1512 [00:03<00:32, 41.73step/s]
[Origin 8/13] 🎲 Drawing Posterior Samples:  10%|▉         | 150/1512 [00:03<00:33, 40.57step/s]
[Origin 8/13] 🎲 Drawing Posterior Samples:  10%|█         | 155/1512 [00:03<00:31, 42.45step/s]
[Origin 8/13] 🎲 Drawing Posterior Samples:  11%|█         | 160/1512 [00:03<00:33, 40.89step/s]
[Origin 8/13] 🎲 Drawing Posterior Samples:  11%|█         | 165/1512 [00:03<00:33, 40.61step/s]
[Origin 8/13] 🎲 Drawing Posterior Samples:  11%|█         | 170/1512 [00:04<00:31, 42.09step/s]
[Origin 8/13] 🎲 Drawing Posterior Samples:  12%|█▏        | 175/1512 [00:04<00:32, 40.81step/s]
[Origin 8/13] 🎲 Drawing Posterior Samples:  12%|█▏        | 180/1512 [00:04<00:31, 42.64step/s]
[Origin 8/13] 🎲 Drawing Posterior Samples:  12%|█▏        | 185/1512 [00:04<00:32, 41.12step/s]
[Origin 8/13] 🎲 Drawing Posterior Samples:  13%|█▎        | 190/1512 [00:04<00:32, 40.39step/s]
[Origin 8/13] 🎲 Drawing Posterior Samples:  13%|█▎        | 195/1512 [00:04<00:31, 42.33step/s]
[Origin 8/13] 🎲 Drawing Posterior Samples:  13%|█▎        | 200/1512 [00:04<00:31, 41.09step/s]
[Origin 8/13] 🎲 Drawing Posterior Samples:  14%|█▎        | 205/1512 [00:04<00:30, 42.85step/s]
[Origin 8/13] 🎲 Drawing Posterior Samples:  14%|█▍        | 210/1512 [00:05<00:31, 41.42step/s]
[Origin 8/13] 🎲 Drawing Posterior Samples:  14%|█▍        | 215/1512 [00:05<00:30, 43.10step/s]
[Origin 8/13] 🎲 Drawing Posterior Samples:  15%|█▍        | 220/1512 [00:05<00:31, 41.46step/s]
[Origin 8/13] 🎲 Drawing Posterior Samples:  15%|█▍        | 225/1512 [00:05<00:31, 40.41step/s]
[Origin 8/13] 🎲 Drawing Posterior Samples:  15%|█▌        | 230/1512 [00:05<00:30, 42.36step/s]
[Origin 8/13] 🎲 Drawing Posterior Samples:  16%|█▌        | 235/1512 [00:05<00:31, 41.13step/s]
[Origin 8/13] 🎲 Drawing Posterior Samples:  16%|█▌        | 240/1512 [00:05<00:29, 42.87step/s]
[Origin 8/13] 🎲 Drawing Posterior Samples:  16%|█▌        | 245/1512 [00:05<00:30, 41.41step/s]
[Origin 8/13] 🎲 Drawing Posterior Samples:  17%|█▋        | 250/1512 [00:05<00:31, 40.65step/s]
[Origin 8/13] 🎲 Drawing Posterior Samples:  17%|█▋        | 255/1512 [00:06<00:29, 42.19step/s]
[Origin 8/13] 🎲 Drawing Posterior Samples:  17%|█▋        | 260/1512 [00:06<00:30, 41.01step/s]
[Origin 8/13] 🎲 Drawing Posterior Samples:  18%|█▊        | 265/1512 [00:06<00:29, 42.79step/s]
[Origin 8/13] 🎲 Drawing Posterior Samples:  18%|█▊        | 270/1512 [00:06<00:29, 41.49step/s]
[Origin 8/13] 🎲 Drawing Posterior Samples:  18%|█▊        | 275/1512 [00:06<00:30, 40.63step/s]
[Origin 8/13] 🎲 Drawing Posterior Samples:  19%|█▊        | 280/1512 [00:06<00:29, 42.19step/s]
[Origin 8/13] 🎲 Drawing Posterior Samples:  19%|█▉        | 285/1512 [00:06<00:29, 41.05step/s]
[Origin 8/13] 🎲 Drawing Posterior Samples:  19%|█▉        | 290/1512 [00:06<00:28, 42.84step/s]
[Origin 8/13] 🎲 Drawing Posterior Samples:  20%|█▉        | 295/1512 [00:07<00:29, 41.39step/s]
[Origin 8/13] 🎲 Drawing Posterior Samples:  20%|█▉        | 300/1512 [00:07<00:29, 41.66step/s]
[Origin 8/13] 🎲 Drawing Posterior Samples:  20%|██        | 305/1512 [00:07<00:28, 42.09step/s]
[Origin 8/13] 🎲 Drawing Posterior Samples:  21%|██        | 310/1512 [00:07<00:29, 40.87step/s]
[Origin 8/13] 🎲 Drawing Posterior Samples:  21%|██        | 315/1512 [00:07<00:28, 42.69step/s]
[Origin 8/13] 🎲 Drawing Posterior Samples:  21%|██        | 320/1512 [00:07<00:28, 41.46step/s]
[Origin 8/13] 🎲 Drawing Posterior Samples:  21%|██▏       | 325/1512 [00:07<00:27, 43.13step/s]
[Origin 8/13] 🎲 Drawing Posterior Samples:  22%|██▏       | 330/1512 [00:07<00:28, 41.49step/s]
[Origin 8/13] 🎲 Drawing Posterior Samples:  22%|██▏       | 335/1512 [00:08<00:29, 40.47step/s]
[Origin 8/13] 🎲 Drawing Posterior Samples:  22%|██▏       | 340/1512 [00:08<00:27, 42.38step/s]
[Origin 8/13] 🎲 Drawing Posterior Samples:  23%|██▎       | 345/1512 [00:08<00:35, 32.83step/s]
[Origin 8/13] 🎲 Drawing Posterior Samples:  23%|██▎       | 349/1512 [00:08<00:37, 31.14step/s]
[Origin 8/13] 🎲 Drawing Posterior Samples:  23%|██▎       | 353/1512 [00:08<00:38, 29.97step/s]
[Origin 8/13] 🎲 Drawing Posterior Samples:  24%|██▎       | 357/1512 [00:08<00:38, 30.00step/s]
[Origin 8/13] 🎲 Drawing Posterior Samples:  24%|██▍       | 361/1512 [00:08<00:38, 29.66step/s]
[Origin 8/13] 🎲 Drawing Posterior Samples:  24%|██▍       | 365/1512 [00:09<00:39, 28.81step/s]
[Origin 8/13] 🎲 Drawing Posterior Samples:  24%|██▍       | 369/1512 [00:09<00:40, 28.06step/s]
[Origin 8/13] 🎲 Drawing Posterior Samples:  25%|██▍       | 373/1512 [00:09<00:39, 29.05step/s]
[Origin 8/13] 🎲 Drawing Posterior Samples:  25%|██▍       | 376/1512 [00:09<00:39, 28.43step/s]
[Origin 8/13] 🎲 Drawing Posterior Samples:  25%|██▌       | 379/1512 [00:10<02:42,  6.99step/s]
[Origin 8/13] 🎲 Drawing Posterior Samples:  25%|██▌       | 384/1512 [00:10<01:49, 10.34step/s]
[Origin 8/13] 🎲 Drawing Posterior Samples:  26%|██▌       | 388/1512 [00:11<01:25, 13.19step/s]
[Origin 8/13] 🎲 Drawing Posterior Samples:  26%|██▌       | 393/1512 [00:11<01:03, 17.66step/s]
[Origin 8/13] 🎲 Drawing Posterior Samples:  26%|██▋       | 397/1512 [00:11<00:53, 20.74step/s]
[Origin 8/13] 🎲 Drawing Posterior Samples:  27%|██▋       | 402/1512 [00:11<00:43, 25.63step/s]
[Origin 8/13] 🎲 Drawing Posterior Samples:  27%|██▋       | 406/1512 [00:11<00:39, 28.13step/s]
[Origin 8/13] 🎲 Drawing Posterior Samples:  27%|██▋       | 411/1512 [00:11<00:33, 32.55step/s]
[Origin 8/13] 🎲 Drawing Posterior Samples:  28%|██▊       | 416/1512 [00:11<00:32, 34.07step/s]
[Origin 8/13] 🎲 Drawing Posterior Samples:  28%|██▊       | 421/1512 [00:11<00:30, 36.17step/s]
[Origin 8/13] 🎲 Drawing Posterior Samples:  28%|██▊       | 426/1512 [00:11<00:28, 37.98step/s]
[Origin 8/13] 🎲 Drawing Posterior Samples:  29%|██▊       | 431/1512 [00:12<00:28, 37.91step/s]
[Origin 8/13] 🎲 Drawing Posterior Samples:  29%|██▉       | 436/1512 [00:12<00:26, 40.43step/s]
[Origin 8/13] 🎲 Drawing Posterior Samples:  29%|██▉       | 441/1512 [00:12<00:26, 39.84step/s]
[Origin 8/13] 🎲 Drawing Posterior Samples:  29%|██▉       | 446/1512 [00:12<00:26, 40.40step/s]
[Origin 8/13] 🎲 Drawing Posterior Samples:  30%|██▉       | 451/1512 [00:12<00:25, 41.13step/s]
[Origin 8/13] 🎲 Drawing Posterior Samples:  30%|███       | 456/1512 [00:12<00:26, 40.31step/s]
[Origin 8/13] 🎲 Drawing Posterior Samples:  30%|███       | 461/1512 [00:12<00:24, 42.28step/s]
[Origin 8/13] 🎲 Drawing Posterior Samples:  31%|███       | 466/1512 [00:12<00:25, 41.15step/s]
[Origin 8/13] 🎲 Drawing Posterior Samples:  31%|███       | 471/1512 [00:13<00:24, 42.90step/s]
[Origin 8/13] 🎲 Drawing Posterior Samples:  31%|███▏      | 476/1512 [00:13<00:24, 41.53step/s]
[Origin 8/13] 🎲 Drawing Posterior Samples:  32%|███▏      | 481/1512 [00:13<00:25, 40.14step/s]
[Origin 8/13] 🎲 Drawing Posterior Samples:  32%|███▏      | 486/1512 [00:13<00:24, 42.15step/s]
[Origin 8/13] 🎲 Drawing Posterior Samples:  32%|███▏      | 491/1512 [00:13<00:24, 40.90step/s]
[Origin 8/13] 🎲 Drawing Posterior Samples:  33%|███▎      | 496/1512 [00:13<00:23, 42.72step/s]
[Origin 8/13] 🎲 Drawing Posterior Samples:  33%|███▎      | 501/1512 [00:13<00:24, 41.26step/s]
[Origin 8/13] 🎲 Drawing Posterior Samples:  33%|███▎      | 506/1512 [00:13<00:25, 40.20step/s]
[Origin 8/13] 🎲 Drawing Posterior Samples:  34%|███▍      | 511/1512 [00:14<00:23, 42.19step/s]
[Origin 8/13] 🎲 Drawing Posterior Samples:  34%|███▍      | 516/1512 [00:14<00:24, 41.02step/s]
[Origin 8/13] 🎲 Drawing Posterior Samples:  34%|███▍      | 521/1512 [00:14<00:23, 42.79step/s]
[Origin 8/13] 🎲 Drawing Posterior Samples:  35%|███▍      | 526/1512 [00:14<00:23, 41.37step/s]
[Origin 8/13] 🎲 Drawing Posterior Samples:  35%|███▌      | 531/1512 [00:14<00:23, 41.02step/s]
[Origin 8/13] 🎲 Drawing Posterior Samples:  35%|███▌      | 536/1512 [00:14<00:23, 42.27step/s]
[Origin 8/13] 🎲 Drawing Posterior Samples:  36%|███▌      | 541/1512 [00:14<00:23, 40.72step/s]
[Origin 8/13] 🎲 Drawing Posterior Samples:  36%|███▌      | 546/1512 [00:14<00:22, 42.59step/s]
[Origin 8/13] 🎲 Drawing Posterior Samples:  36%|███▋      | 551/1512 [00:14<00:23, 41.34step/s]
[Origin 8/13] 🎲 Drawing Posterior Samples:  37%|███▋      | 556/1512 [00:15<00:23, 40.66step/s]
[Origin 8/13] 🎲 Drawing Posterior Samples:  37%|███▋      | 561/1512 [00:15<00:22, 42.26step/s]
[Origin 8/13] 🎲 Drawing Posterior Samples:  37%|███▋      | 566/1512 [00:15<00:23, 40.98step/s]
[Origin 8/13] 🎲 Drawing Posterior Samples:  38%|███▊      | 571/1512 [00:15<00:22, 42.77step/s]
[Origin 8/13] 🎲 Drawing Posterior Samples:  38%|███▊      | 576/1512 [00:15<00:22, 41.04step/s]
[Origin 8/13] 🎲 Drawing Posterior Samples:  38%|███▊      | 581/1512 [00:15<00:22, 41.31step/s]
[Origin 8/13] 🎲 Drawing Posterior Samples:  39%|███▉      | 586/1512 [00:15<00:22, 41.63step/s]
[Origin 8/13] 🎲 Drawing Posterior Samples:  39%|███▉      | 591/1512 [00:15<00:22, 40.45step/s]
[Origin 8/13] 🎲 Drawing Posterior Samples:  39%|███▉      | 596/1512 [00:16<00:21, 42.38step/s]
[Origin 8/13] 🎲 Drawing Posterior Samples:  40%|███▉      | 601/1512 [00:16<00:22, 41.20step/s]
[Origin 8/13] 🎲 Drawing Posterior Samples:  40%|████      | 606/1512 [00:16<00:21, 41.52step/s]
[Origin 8/13] 🎲 Drawing Posterior Samples:  40%|████      | 611/1512 [00:16<00:21, 41.89step/s]
[Origin 8/13] 🎲 Drawing Posterior Samples:  41%|████      | 616/1512 [00:16<00:22, 40.67step/s]
[Origin 8/13] 🎲 Drawing Posterior Samples:  41%|████      | 621/1512 [00:16<00:20, 42.54step/s]
[Origin 8/13] 🎲 Drawing Posterior Samples:  41%|████▏     | 626/1512 [00:16<00:21, 41.18step/s]
[Origin 8/13] 🎲 Drawing Posterior Samples:  42%|████▏     | 631/1512 [00:16<00:20, 42.95step/s]
[Origin 8/13] 🎲 Drawing Posterior Samples:  42%|████▏     | 636/1512 [00:17<00:21, 41.35step/s]
[Origin 8/13] 🎲 Drawing Posterior Samples:  42%|████▏     | 641/1512 [00:17<00:21, 40.31step/s]
[Origin 8/13] 🎲 Drawing Posterior Samples:  43%|████▎     | 646/1512 [00:17<00:20, 42.23step/s]
[Origin 8/13] 🎲 Drawing Posterior Samples:  43%|████▎     | 651/1512 [00:17<00:20, 41.08step/s]
[Origin 8/13] 🎲 Drawing Posterior Samples:  43%|████▎     | 656/1512 [00:17<00:19, 42.84step/s]
[Origin 8/13] 🎲 Drawing Posterior Samples:  44%|████▎     | 661/1512 [00:17<00:20, 41.08step/s]
[Origin 8/13] 🎲 Drawing Posterior Samples:  44%|████▍     | 666/1512 [00:17<00:21, 40.23step/s]
[Origin 8/13] 🎲 Drawing Posterior Samples:  44%|████▍     | 671/1512 [00:17<00:19, 42.20step/s]
[Origin 8/13] 🎲 Drawing Posterior Samples:  45%|████▍     | 676/1512 [00:17<00:20, 41.04step/s]
[Origin 8/13] 🎲 Drawing Posterior Samples:  45%|████▌     | 681/1512 [00:18<00:19, 42.83step/s]
[Origin 8/13] 🎲 Drawing Posterior Samples:  45%|████▌     | 686/1512 [00:18<00:19, 41.33step/s]
[Origin 8/13] 🎲 Drawing Posterior Samples:  46%|████▌     | 691/1512 [00:18<00:20, 40.33step/s]
[Origin 8/13] 🎲 Drawing Posterior Samples:  46%|████▌     | 696/1512 [00:18<00:19, 42.28step/s]
[Origin 8/13] 🎲 Drawing Posterior Samples:  46%|████▋     | 701/1512 [00:18<00:19, 40.78step/s]
[Origin 8/13] 🎲 Drawing Posterior Samples:  47%|████▋     | 706/1512 [00:18<00:18, 42.64step/s]
[Origin 8/13] 🎲 Drawing Posterior Samples:  47%|████▋     | 711/1512 [00:18<00:19, 41.20step/s]
[Origin 8/13] 🎲 Drawing Posterior Samples:  47%|████▋     | 716/1512 [00:18<00:19, 40.51step/s]
[Origin 8/13] 🎲 Drawing Posterior Samples:  48%|████▊     | 721/1512 [00:19<00:21, 37.06step/s]
[Origin 8/13] 🎲 Drawing Posterior Samples:  48%|████▊     | 725/1512 [00:19<00:27, 28.45step/s]
[Origin 8/13] 🎲 Drawing Posterior Samples:  48%|████▊     | 729/1512 [00:19<00:27, 28.96step/s]
[Origin 8/13] 🎲 Drawing Posterior Samples:  48%|████▊     | 733/1512 [00:19<00:32, 24.18step/s]
[Origin 8/13] 🎲 Drawing Posterior Samples:  49%|████▊     | 736/1512 [00:19<00:33, 23.51step/s]
[Origin 8/13] 🎲 Drawing Posterior Samples:  49%|████▉     | 739/1512 [00:19<00:33, 23.28step/s]
[Origin 8/13] 🎲 Drawing Posterior Samples:  49%|████▉     | 742/1512 [00:20<00:34, 22.07step/s]
[Origin 8/13] 🎲 Drawing Posterior Samples:  49%|████▉     | 745/1512 [00:20<00:34, 22.04step/s]
[Origin 8/13] 🎲 Drawing Posterior Samples:  49%|████▉     | 748/1512 [00:20<00:34, 22.04step/s]
[Origin 8/13] 🎲 Drawing Posterior Samples:  50%|████▉     | 752/1512 [00:20<00:32, 23.36step/s]
[Origin 8/13] 🎲 Drawing Posterior Samples:  50%|████▉     | 755/1512 [00:20<00:38, 19.50step/s]
[Origin 8/13] 🎲 Drawing Posterior Samples:  50%|█████     | 758/1512 [00:22<02:45,  4.56step/s]
[Origin 8/13] 🎲 Drawing Posterior Samples:  50%|█████     | 762/1512 [00:22<01:54,  6.55step/s]
[Origin 8/13] 🎲 Drawing Posterior Samples:  51%|█████     | 767/1512 [00:22<01:17,  9.62step/s]
[Origin 8/13] 🎲 Drawing Posterior Samples:  51%|█████     | 772/1512 [00:23<00:55, 13.36step/s]
[Origin 8/13] 🎲 Drawing Posterior Samples:  51%|█████▏    | 776/1512 [00:23<00:44, 16.42step/s]
[Origin 8/13] 🎲 Drawing Posterior Samples:  52%|█████▏    | 781/1512 [00:23<00:34, 21.03step/s]
[Origin 8/13] 🎲 Drawing Posterior Samples:  52%|█████▏    | 785/1512 [00:23<00:30, 23.85step/s]
[Origin 8/13] 🎲 Drawing Posterior Samples:  52%|█████▏    | 790/1512 [00:23<00:25, 28.61step/s]
[Origin 8/13] 🎲 Drawing Posterior Samples:  53%|█████▎    | 795/1512 [00:23<00:22, 31.20step/s]
[Origin 8/13] 🎲 Drawing Posterior Samples:  53%|█████▎    | 800/1512 [00:23<00:20, 35.01step/s]
[Origin 8/13] 🎲 Drawing Posterior Samples:  53%|█████▎    | 805/1512 [00:23<00:19, 36.03step/s]
[Origin 8/13] 🎲 Drawing Posterior Samples:  54%|█████▎    | 810/1512 [00:24<00:19, 36.66step/s]
[Origin 8/13] 🎲 Drawing Posterior Samples:  54%|█████▍    | 815/1512 [00:24<00:17, 39.40step/s]
[Origin 8/13] 🎲 Drawing Posterior Samples:  54%|█████▍    | 820/1512 [00:24<00:17, 38.90step/s]
[Origin 8/13] 🎲 Drawing Posterior Samples:  55%|█████▍    | 825/1512 [00:24<00:16, 41.19step/s]
[Origin 8/13] 🎲 Drawing Posterior Samples:  55%|█████▍    | 830/1512 [00:24<00:16, 40.35step/s]
[Origin 8/13] 🎲 Drawing Posterior Samples:  55%|█████▌    | 835/1512 [00:24<00:16, 40.24step/s]
[Origin 8/13] 🎲 Drawing Posterior Samples:  56%|█████▌    | 840/1512 [00:24<00:16, 41.55step/s]
[Origin 8/13] 🎲 Drawing Posterior Samples:  56%|█████▌    | 845/1512 [00:24<00:16, 40.50step/s]
[Origin 8/13] 🎲 Drawing Posterior Samples:  56%|█████▌    | 850/1512 [00:24<00:15, 42.41step/s]
[Origin 8/13] 🎲 Drawing Posterior Samples:  57%|█████▋    | 855/1512 [00:25<00:15, 41.19step/s]
[Origin 8/13] 🎲 Drawing Posterior Samples:  57%|█████▋    | 860/1512 [00:25<00:16, 40.74step/s]
[Origin 8/13] 🎲 Drawing Posterior Samples:  57%|█████▋    | 865/1512 [00:25<00:15, 42.03step/s]
[Origin 8/13] 🎲 Drawing Posterior Samples:  58%|█████▊    | 870/1512 [00:25<00:15, 40.75step/s]
[Origin 8/13] 🎲 Drawing Posterior Samples:  58%|█████▊    | 875/1512 [00:25<00:14, 42.60step/s]
[Origin 8/13] 🎲 Drawing Posterior Samples:  58%|█████▊    | 880/1512 [00:25<00:15, 41.18step/s]
[Origin 8/13] 🎲 Drawing Posterior Samples:  59%|█████▊    | 885/1512 [00:25<00:15, 40.60step/s]
[Origin 8/13] 🎲 Drawing Posterior Samples:  59%|█████▉    | 890/1512 [00:25<00:14, 42.17step/s]
[Origin 8/13] 🎲 Drawing Posterior Samples:  59%|█████▉    | 895/1512 [00:26<00:15, 40.91step/s]
[Origin 8/13] 🎲 Drawing Posterior Samples:  60%|█████▉    | 900/1512 [00:26<00:14, 42.67step/s]
[Origin 8/13] 🎲 Drawing Posterior Samples:  60%|█████▉    | 905/1512 [00:26<00:14, 41.06step/s]
[Origin 8/13] 🎲 Drawing Posterior Samples:  60%|██████    | 910/1512 [00:26<00:14, 41.26step/s]
[Origin 8/13] 🎲 Drawing Posterior Samples:  61%|██████    | 915/1512 [00:26<00:14, 41.72step/s]
[Origin 8/13] 🎲 Drawing Posterior Samples:  61%|██████    | 920/1512 [00:26<00:14, 40.72step/s]
[Origin 8/13] 🎲 Drawing Posterior Samples:  61%|██████    | 925/1512 [00:26<00:13, 42.57step/s]
[Origin 8/13] 🎲 Drawing Posterior Samples:  62%|██████▏   | 930/1512 [00:26<00:14, 41.22step/s]
[Origin 8/13] 🎲 Drawing Posterior Samples:  62%|██████▏   | 935/1512 [00:27<00:13, 41.55step/s]
[Origin 8/13] 🎲 Drawing Posterior Samples:  62%|██████▏   | 940/1512 [00:27<00:13, 41.85step/s]
[Origin 8/13] 🎲 Drawing Posterior Samples:  62%|██████▎   | 945/1512 [00:27<00:14, 40.46step/s]
[Origin 8/13] 🎲 Drawing Posterior Samples:  63%|██████▎   | 950/1512 [00:27<00:13, 42.36step/s]
[Origin 8/13] 🎲 Drawing Posterior Samples:  63%|██████▎   | 955/1512 [00:27<00:13, 41.01step/s]
[Origin 8/13] 🎲 Drawing Posterior Samples:  63%|██████▎   | 960/1512 [00:27<00:12, 42.74step/s]
[Origin 8/13] 🎲 Drawing Posterior Samples:  64%|██████▍   | 965/1512 [00:27<00:13, 41.32step/s]
[Origin 8/13] 🎲 Drawing Posterior Samples:  64%|██████▍   | 970/1512 [00:27<00:13, 40.18step/s]
[Origin 8/13] 🎲 Drawing Posterior Samples:  64%|██████▍   | 975/1512 [00:27<00:12, 42.17step/s]
[Origin 8/13] 🎲 Drawing Posterior Samples:  65%|██████▍   | 980/1512 [00:28<00:12, 41.05step/s]
[Origin 8/13] 🎲 Drawing Posterior Samples:  65%|██████▌   | 985/1512 [00:28<00:12, 42.79step/s]
[Origin 8/13] 🎲 Drawing Posterior Samples:  65%|██████▌   | 990/1512 [00:28<00:12, 41.46step/s]
[Origin 8/13] 🎲 Drawing Posterior Samples:  66%|██████▌   | 995/1512 [00:28<00:12, 40.37step/s]
[Origin 8/13] 🎲 Drawing Posterior Samples:  66%|██████▌   | 1000/1512 [00:28<00:12, 42.30step/s]
[Origin 8/13] 🎲 Drawing Posterior Samples:  66%|██████▋   | 1005/1512 [00:28<00:12, 40.97step/s]
[Origin 8/13] 🎲 Drawing Posterior Samples:  67%|██████▋   | 1010/1512 [00:28<00:11, 42.75step/s]
[Origin 8/13] 🎲 Drawing Posterior Samples:  67%|██████▋   | 1015/1512 [00:28<00:12, 41.29step/s]
[Origin 8/13] 🎲 Drawing Posterior Samples:  67%|██████▋   | 1020/1512 [00:29<00:12, 40.51step/s]
[Origin 8/13] 🎲 Drawing Posterior Samples:  68%|██████▊   | 1025/1512 [00:29<00:11, 42.11step/s]
[Origin 8/13] 🎲 Drawing Posterior Samples:  68%|██████▊   | 1030/1512 [00:29<00:11, 40.98step/s]
[Origin 8/13] 🎲 Drawing Posterior Samples:  68%|██████▊   | 1035/1512 [00:29<00:11, 42.80step/s]
[Origin 8/13] 🎲 Drawing Posterior Samples:  69%|██████▉   | 1040/1512 [00:29<00:11, 41.40step/s]
[Origin 8/13] 🎲 Drawing Posterior Samples:  69%|██████▉   | 1045/1512 [00:29<00:11, 40.92step/s]
[Origin 8/13] 🎲 Drawing Posterior Samples:  69%|██████▉   | 1050/1512 [00:29<00:10, 42.18step/s]
[Origin 8/13] 🎲 Drawing Posterior Samples:  70%|██████▉   | 1055/1512 [00:29<00:11, 40.99step/s]
[Origin 8/13] 🎲 Drawing Posterior Samples:  70%|███████   | 1060/1512 [00:30<00:10, 42.78step/s]
[Origin 8/13] 🎲 Drawing Posterior Samples:  70%|███████   | 1065/1512 [00:30<00:10, 41.15step/s]
[Origin 8/13] 🎲 Drawing Posterior Samples:  71%|███████   | 1070/1512 [00:30<00:10, 41.49step/s]
[Origin 8/13] 🎲 Drawing Posterior Samples:  71%|███████   | 1075/1512 [00:30<00:10, 41.87step/s]
[Origin 8/13] 🎲 Drawing Posterior Samples:  71%|███████▏  | 1080/1512 [00:30<00:10, 40.59step/s]
[Origin 8/13] 🎲 Drawing Posterior Samples:  72%|███████▏  | 1085/1512 [00:30<00:10, 42.47step/s]
[Origin 8/13] 🎲 Drawing Posterior Samples:  72%|███████▏  | 1090/1512 [00:30<00:10, 41.03step/s]
[Origin 8/13] 🎲 Drawing Posterior Samples:  72%|███████▏  | 1095/1512 [00:30<00:10, 41.40step/s]
[Origin 8/13] 🎲 Drawing Posterior Samples:  73%|███████▎  | 1100/1512 [00:31<00:10, 37.66step/s]
[Origin 8/13] 🎲 Drawing Posterior Samples:  73%|███████▎  | 1104/1512 [00:31<00:11, 34.08step/s]
[Origin 8/13] 🎲 Drawing Posterior Samples:  73%|███████▎  | 1108/1512 [00:31<00:12, 31.21step/s]
[Origin 8/13] 🎲 Drawing Posterior Samples:  74%|███████▎  | 1112/1512 [00:31<00:13, 30.48step/s]
[Origin 8/13] 🎲 Drawing Posterior Samples:  74%|███████▍  | 1116/1512 [00:31<00:13, 29.43step/s]
[Origin 8/13] 🎲 Drawing Posterior Samples:  74%|███████▍  | 1119/1512 [00:31<00:14, 27.52step/s]
[Origin 8/13] 🎲 Drawing Posterior Samples:  74%|███████▍  | 1122/1512 [00:31<00:14, 27.75step/s]
[Origin 8/13] 🎲 Drawing Posterior Samples:  74%|███████▍  | 1125/1512 [00:32<00:14, 26.26step/s]
[Origin 8/13] 🎲 Drawing Posterior Samples:  75%|███████▍  | 1128/1512 [00:32<00:15, 25.18step/s]
[Origin 8/13] 🎲 Drawing Posterior Samples:  75%|███████▍  | 1131/1512 [00:32<00:14, 26.19step/s]
[Origin 8/13] 🎲 Drawing Posterior Samples:  75%|███████▌  | 1134/1512 [00:32<00:15, 25.18step/s]
[Origin 8/13] 🎲 Drawing Posterior Samples:  75%|███████▌  | 1137/1512 [00:33<01:00,  6.15step/s]
[Origin 8/13] 🎲 Drawing Posterior Samples:  76%|███████▌  | 1142/1512 [00:33<00:38,  9.56step/s]
[Origin 8/13] 🎲 Drawing Posterior Samples:  76%|███████▌  | 1146/1512 [00:33<00:29, 12.49step/s]
[Origin 8/13] 🎲 Drawing Posterior Samples:  76%|███████▌  | 1151/1512 [00:34<00:21, 17.05step/s]
[Origin 8/13] 🎲 Drawing Posterior Samples:  76%|███████▋  | 1155/1512 [00:34<00:17, 20.13step/s]
[Origin 8/13] 🎲 Drawing Posterior Samples:  77%|███████▋  | 1160/1512 [00:34<00:14, 25.10step/s]
[Origin 8/13] 🎲 Drawing Posterior Samples:  77%|███████▋  | 1164/1512 [00:34<00:12, 27.59step/s]
[Origin 8/13] 🎲 Drawing Posterior Samples:  77%|███████▋  | 1169/1512 [00:34<00:10, 32.13step/s]
[Origin 8/13] 🎲 Drawing Posterior Samples:  78%|███████▊  | 1174/1512 [00:34<00:09, 33.93step/s]
[Origin 8/13] 🎲 Drawing Posterior Samples:  78%|███████▊  | 1179/1512 [00:34<00:09, 35.15step/s]
[Origin 8/13] 🎲 Drawing Posterior Samples:  78%|███████▊  | 1184/1512 [00:34<00:08, 38.27step/s]
[Origin 8/13] 🎲 Drawing Posterior Samples:  79%|███████▊  | 1189/1512 [00:35<00:08, 38.27step/s]
[Origin 8/13] 🎲 Drawing Posterior Samples:  79%|███████▉  | 1194/1512 [00:35<00:07, 40.71step/s]
[Origin 8/13] 🎲 Drawing Posterior Samples:  79%|███████▉  | 1199/1512 [00:35<00:07, 40.00step/s]
[Origin 8/13] 🎲 Drawing Posterior Samples:  80%|███████▉  | 1204/1512 [00:35<00:07, 39.47step/s]
[Origin 8/13] 🎲 Drawing Posterior Samples:  80%|███████▉  | 1209/1512 [00:35<00:07, 41.62step/s]
[Origin 8/13] 🎲 Drawing Posterior Samples:  80%|████████  | 1214/1512 [00:35<00:07, 40.37step/s]
[Origin 8/13] 🎲 Drawing Posterior Samples:  81%|████████  | 1219/1512 [00:35<00:06, 42.32step/s]
[Origin 8/13] 🎲 Drawing Posterior Samples:  81%|████████  | 1224/1512 [00:35<00:07, 41.04step/s]
[Origin 8/13] 🎲 Drawing Posterior Samples:  81%|████████▏ | 1229/1512 [00:35<00:07, 40.38step/s]
[Origin 8/13] 🎲 Drawing Posterior Samples:  82%|████████▏ | 1234/1512 [00:36<00:06, 42.00step/s]
[Origin 8/13] 🎲 Drawing Posterior Samples:  82%|████████▏ | 1239/1512 [00:36<00:06, 40.62step/s]
[Origin 8/13] 🎲 Drawing Posterior Samples:  82%|████████▏ | 1244/1512 [00:36<00:06, 42.51step/s]
[Origin 8/13] 🎲 Drawing Posterior Samples:  83%|████████▎ | 1249/1512 [00:36<00:06, 41.15step/s]
[Origin 8/13] 🎲 Drawing Posterior Samples:  83%|████████▎ | 1254/1512 [00:36<00:06, 40.54step/s]
[Origin 8/13] 🎲 Drawing Posterior Samples:  83%|████████▎ | 1259/1512 [00:36<00:06, 42.13step/s]
[Origin 8/13] 🎲 Drawing Posterior Samples:  84%|████████▎ | 1264/1512 [00:36<00:06, 41.15step/s]
[Origin 8/13] 🎲 Drawing Posterior Samples:  84%|████████▍ | 1269/1512 [00:36<00:05, 42.92step/s]
[Origin 8/13] 🎲 Drawing Posterior Samples:  84%|████████▍ | 1274/1512 [00:37<00:05, 41.44step/s]
[Origin 8/13] 🎲 Drawing Posterior Samples:  85%|████████▍ | 1279/1512 [00:37<00:05, 43.12step/s]
[Origin 8/13] 🎲 Drawing Posterior Samples:  85%|████████▍ | 1284/1512 [00:37<00:05, 41.57step/s]
[Origin 8/13] 🎲 Drawing Posterior Samples:  85%|████████▌ | 1289/1512 [00:37<00:05, 40.59step/s]
[Origin 8/13] 🎲 Drawing Posterior Samples:  86%|████████▌ | 1294/1512 [00:37<00:05, 42.48step/s]
[Origin 8/13] 🎲 Drawing Posterior Samples:  86%|████████▌ | 1299/1512 [00:37<00:05, 41.11step/s]
[Origin 8/13] 🎲 Drawing Posterior Samples:  86%|████████▌ | 1304/1512 [00:37<00:04, 42.87step/s]
[Origin 8/13] 🎲 Drawing Posterior Samples:  87%|████████▋ | 1309/1512 [00:37<00:04, 41.45step/s]
[Origin 8/13] 🎲 Drawing Posterior Samples:  87%|████████▋ | 1314/1512 [00:38<00:04, 40.82step/s]
[Origin 8/13] 🎲 Drawing Posterior Samples:  87%|████████▋ | 1319/1512 [00:38<00:04, 42.35step/s]
[Origin 8/13] 🎲 Drawing Posterior Samples:  88%|████████▊ | 1324/1512 [00:38<00:04, 41.18step/s]
[Origin 8/13] 🎲 Drawing Posterior Samples:  88%|████████▊ | 1329/1512 [00:38<00:04, 42.93step/s]
[Origin 8/13] 🎲 Drawing Posterior Samples:  88%|████████▊ | 1334/1512 [00:38<00:04, 41.39step/s]
[Origin 8/13] 🎲 Drawing Posterior Samples:  89%|████████▊ | 1339/1512 [00:38<00:04, 40.76step/s]
[Origin 8/13] 🎲 Drawing Posterior Samples:  89%|████████▉ | 1344/1512 [00:38<00:03, 42.29step/s]
[Origin 8/13] 🎲 Drawing Posterior Samples:  89%|████████▉ | 1349/1512 [00:38<00:03, 40.98step/s]
[Origin 8/13] 🎲 Drawing Posterior Samples:  90%|████████▉ | 1354/1512 [00:38<00:03, 42.79step/s]
[Origin 8/13] 🎲 Drawing Posterior Samples:  90%|████████▉ | 1359/1512 [00:39<00:03, 41.52step/s]
[Origin 8/13] 🎲 Drawing Posterior Samples:  90%|█████████ | 1364/1512 [00:39<00:03, 40.43step/s]
[Origin 8/13] 🎲 Drawing Posterior Samples:  91%|█████████ | 1369/1512 [00:39<00:03, 42.29step/s]
[Origin 8/13] 🎲 Drawing Posterior Samples:  91%|█████████ | 1374/1512 [00:39<00:03, 41.03step/s]
[Origin 8/13] 🎲 Drawing Posterior Samples:  91%|█████████ | 1379/1512 [00:39<00:03, 42.80step/s]
[Origin 8/13] 🎲 Drawing Posterior Samples:  92%|█████████▏| 1384/1512 [00:39<00:03, 41.18step/s]
[Origin 8/13] 🎲 Drawing Posterior Samples:  92%|█████████▏| 1389/1512 [00:39<00:02, 41.33step/s]
[Origin 8/13] 🎲 Drawing Posterior Samples:  92%|█████████▏| 1394/1512 [00:39<00:02, 41.60step/s]
[Origin 8/13] 🎲 Drawing Posterior Samples:  93%|█████████▎| 1399/1512 [00:40<00:02, 40.59step/s]
[Origin 8/13] 🎲 Drawing Posterior Samples:  93%|█████████▎| 1404/1512 [00:40<00:02, 42.47step/s]
[Origin 8/13] 🎲 Drawing Posterior Samples:  93%|█████████▎| 1409/1512 [00:40<00:02, 41.16step/s]
[Origin 8/13] 🎲 Drawing Posterior Samples:  94%|█████████▎| 1414/1512 [00:40<00:02, 41.34step/s]
[Origin 8/13] 🎲 Drawing Posterior Samples:  94%|█████████▍| 1419/1512 [00:40<00:02, 41.80step/s]
[Origin 8/13] 🎲 Drawing Posterior Samples:  94%|█████████▍| 1424/1512 [00:40<00:02, 40.50step/s]
[Origin 8/13] 🎲 Drawing Posterior Samples:  95%|█████████▍| 1429/1512 [00:40<00:01, 42.40step/s]
[Origin 8/13] 🎲 Drawing Posterior Samples:  95%|█████████▍| 1434/1512 [00:40<00:01, 41.18step/s]
[Origin 8/13] 🎲 Drawing Posterior Samples:  95%|█████████▌| 1439/1512 [00:40<00:01, 42.93step/s]
[Origin 8/13] 🎲 Drawing Posterior Samples:  96%|█████████▌| 1444/1512 [00:41<00:01, 41.42step/s]
[Origin 8/13] 🎲 Drawing Posterior Samples:  96%|█████████▌| 1449/1512 [00:41<00:01, 40.34step/s]
[Origin 8/13] 🎲 Drawing Posterior Samples:  96%|█████████▌| 1454/1512 [00:41<00:01, 42.29step/s]
[Origin 8/13] 🎲 Drawing Posterior Samples:  96%|█████████▋| 1459/1512 [00:41<00:01, 41.07step/s]
[Origin 8/13] 🎲 Drawing Posterior Samples:  97%|█████████▋| 1464/1512 [00:41<00:01, 42.84step/s]
[Origin 8/13] 🎲 Drawing Posterior Samples:  97%|█████████▋| 1469/1512 [00:41<00:01, 41.34step/s]
[Origin 8/13] 🎲 Drawing Posterior Samples:  97%|█████████▋| 1474/1512 [00:41<00:00, 40.22step/s]
[Origin 8/13] 🎲 Drawing Posterior Samples:  98%|█████████▊| 1479/1512 [00:42<00:00, 36.61step/s]
[Origin 8/13] 🎲 Drawing Posterior Samples:  98%|█████████▊| 1483/1512 [00:42<00:00, 34.33step/s]
[Origin 8/13] 🎲 Drawing Posterior Samples:  98%|█████████▊| 1487/1512 [00:42<00:00, 32.05step/s]
[Origin 8/13] 🎲 Drawing Posterior Samples:  99%|█████████▊| 1491/1512 [00:42<00:00, 30.81step/s]
[Origin 8/13] 🎲 Drawing Posterior Samples:  99%|█████████▉| 1495/1512 [00:42<00:00, 28.04step/s]
[Origin 8/13] 🎲 Drawing Posterior Samples:  99%|█████████▉| 1498/1512 [00:42<00:00, 28.09step/s]
[Origin 8/13] 🎲 Drawing Posterior Samples:  99%|█████████▉| 1501/1512 [00:42<00:00, 28.25step/s]
[Origin 8/13] 🎲 Drawing Posterior Samples:  99%|█████████▉| 1504/1512 [00:42<00:00, 28.35step/s]
[Origin 8/13] 🎲 Drawing Posterior Samples: 100%|█████████▉| 1507/1512 [00:43<00:00, 27.99step/s]
[Origin 8/13] 🎲 Drawing Posterior Samples: 100%|█████████▉| 1511/1512 [00:43<00:00, 28.91step/s]
                                                                                                 

[Origin 9/13] 🎲 Drawing Posterior Samples:   0%|          | 0/1516 [00:00<?, ?step/s]
[Origin 9/13] 🎲 Drawing Posterior Samples:   0%|          | 6/1516 [00:00<00:29, 50.40step/s]
[Origin 9/13] 🎲 Drawing Posterior Samples:   1%|          | 12/1516 [00:00<00:34, 43.28step/s]
[Origin 9/13] 🎲 Drawing Posterior Samples:   1%|          | 17/1516 [00:00<00:34, 42.87step/s]
[Origin 9/13] 🎲 Drawing Posterior Samples:   1%|▏         | 22/1516 [00:00<00:34, 42.74step/s]
[Origin 9/13] 🎲 Drawing Posterior Samples:   2%|▏         | 27/1516 [00:00<00:36, 40.88step/s]
[Origin 9/13] 🎲 Drawing Posterior Samples:   2%|▏         | 32/1516 [00:00<00:34, 42.90step/s]
[Origin 9/13] 🎲 Drawing Posterior Samples:   2%|▏         | 37/1516 [00:00<00:35, 41.29step/s]
[Origin 9/13] 🎲 Drawing Posterior Samples:   3%|▎         | 42/1516 [00:00<00:34, 43.09step/s]
[Origin 9/13] 🎲 Drawing Posterior Samples:   3%|▎         | 47/1516 [00:01<00:35, 41.47step/s]
[Origin 9/13] 🎲 Drawing Posterior Samples:   3%|▎         | 52/1516 [00:01<00:36, 40.35step/s]
[Origin 9/13] 🎲 Drawing Posterior Samples:   4%|▍         | 57/1516 [00:01<00:34, 42.31step/s]
[Origin 9/13] 🎲 Drawing Posterior Samples:   4%|▍         | 62/1516 [00:01<00:35, 41.11step/s]
[Origin 9/13] 🎲 Drawing Posterior Samples:   4%|▍         | 67/1516 [00:01<00:33, 42.88step/s]
[Origin 9/13] 🎲 Drawing Posterior Samples:   5%|▍         | 72/1516 [00:01<00:34, 41.33step/s]
[Origin 9/13] 🎲 Drawing Posterior Samples:   5%|▌         | 77/1516 [00:01<00:35, 40.14step/s]
[Origin 9/13] 🎲 Drawing Posterior Samples:   5%|▌         | 82/1516 [00:01<00:34, 42.14step/s]
[Origin 9/13] 🎲 Drawing Posterior Samples:   6%|▌         | 87/1516 [00:02<00:34, 40.95step/s]
[Origin 9/13] 🎲 Drawing Posterior Samples:   6%|▌         | 92/1516 [00:02<00:33, 42.72step/s]
[Origin 9/13] 🎲 Drawing Posterior Samples:   6%|▋         | 97/1516 [00:02<00:34, 41.27step/s]
[Origin 9/13] 🎲 Drawing Posterior Samples:   7%|▋         | 102/1516 [00:02<00:34, 40.89step/s]
[Origin 9/13] 🎲 Drawing Posterior Samples:   7%|▋         | 107/1516 [00:02<00:33, 42.16step/s]
[Origin 9/13] 🎲 Drawing Posterior Samples:   7%|▋         | 112/1516 [00:02<00:34, 40.91step/s]
[Origin 9/13] 🎲 Drawing Posterior Samples:   8%|▊         | 117/1516 [00:02<00:32, 42.73step/s]
[Origin 9/13] 🎲 Drawing Posterior Samples:   8%|▊         | 122/1516 [00:02<00:33, 41.26step/s]
[Origin 9/13] 🎲 Drawing Posterior Samples:   8%|▊         | 127/1516 [00:03<00:34, 40.50step/s]
[Origin 9/13] 🎲 Drawing Posterior Samples:   9%|▊         | 132/1516 [00:03<00:32, 42.10step/s]
[Origin 9/13] 🎲 Drawing Posterior Samples:   9%|▉         | 137/1516 [00:03<00:33, 40.83step/s]
[Origin 9/13] 🎲 Drawing Posterior Samples:   9%|▉         | 142/1516 [00:03<00:32, 42.66step/s]
[Origin 9/13] 🎲 Drawing Posterior Samples:  10%|▉         | 147/1516 [00:03<00:33, 41.24step/s]
[Origin 9/13] 🎲 Drawing Posterior Samples:  10%|█         | 152/1516 [00:03<00:32, 41.38step/s]
[Origin 9/13] 🎲 Drawing Posterior Samples:  10%|█         | 157/1516 [00:03<00:32, 41.78step/s]
[Origin 9/13] 🎲 Drawing Posterior Samples:  11%|█         | 162/1516 [00:03<00:33, 40.63step/s]
[Origin 9/13] 🎲 Drawing Posterior Samples:  11%|█         | 167/1516 [00:03<00:31, 42.51step/s]
[Origin 9/13] 🎲 Drawing Posterior Samples:  11%|█▏        | 172/1516 [00:04<00:32, 41.19step/s]
[Origin 9/13] 🎲 Drawing Posterior Samples:  12%|█▏        | 177/1516 [00:04<00:32, 41.34step/s]
[Origin 9/13] 🎲 Drawing Posterior Samples:  12%|█▏        | 182/1516 [00:04<00:31, 41.90step/s]
[Origin 9/13] 🎲 Drawing Posterior Samples:  12%|█▏        | 187/1516 [00:04<00:32, 40.79step/s]
[Origin 9/13] 🎲 Drawing Posterior Samples:  13%|█▎        | 192/1516 [00:04<00:31, 42.64step/s]
[Origin 9/13] 🎲 Drawing Posterior Samples:  13%|█▎        | 197/1516 [00:04<00:31, 41.34step/s]
[Origin 9/13] 🎲 Drawing Posterior Samples:  13%|█▎        | 202/1516 [00:04<00:30, 43.06step/s]
[Origin 9/13] 🎲 Drawing Posterior Samples:  14%|█▎        | 207/1516 [00:04<00:31, 41.50step/s]
[Origin 9/13] 🎲 Drawing Posterior Samples:  14%|█▍        | 212/1516 [00:05<00:32, 40.44step/s]
[Origin 9/13] 🎲 Drawing Posterior Samples:  14%|█▍        | 217/1516 [00:05<00:30, 42.27step/s]
[Origin 9/13] 🎲 Drawing Posterior Samples:  15%|█▍        | 222/1516 [00:05<00:31, 40.90step/s]
[Origin 9/13] 🎲 Drawing Posterior Samples:  15%|█▍        | 227/1516 [00:05<00:30, 42.71step/s]
[Origin 9/13] 🎲 Drawing Posterior Samples:  15%|█▌        | 232/1516 [00:05<00:31, 41.32step/s]
[Origin 9/13] 🎲 Drawing Posterior Samples:  16%|█▌        | 237/1516 [00:05<00:31, 40.35step/s]
[Origin 9/13] 🎲 Drawing Posterior Samples:  16%|█▌        | 242/1516 [00:05<00:30, 42.27step/s]
[Origin 9/13] 🎲 Drawing Posterior Samples:  16%|█▋        | 247/1516 [00:05<00:30, 40.98step/s]
[Origin 9/13] 🎲 Drawing Posterior Samples:  17%|█▋        | 252/1516 [00:06<00:29, 42.79step/s]
[Origin 9/13] 🎲 Drawing Posterior Samples:  17%|█▋        | 257/1516 [00:06<00:30, 41.17step/s]
[Origin 9/13] 🎲 Drawing Posterior Samples:  17%|█▋        | 262/1516 [00:06<00:31, 40.13step/s]
[Origin 9/13] 🎲 Drawing Posterior Samples:  18%|█▊        | 267/1516 [00:06<00:29, 42.12step/s]
[Origin 9/13] 🎲 Drawing Posterior Samples:  18%|█▊        | 272/1516 [00:06<00:30, 40.61step/s]
[Origin 9/13] 🎲 Drawing Posterior Samples:  18%|█▊        | 277/1516 [00:06<00:29, 42.50step/s]
[Origin 9/13] 🎲 Drawing Posterior Samples:  19%|█▊        | 282/1516 [00:06<00:30, 40.97step/s]
[Origin 9/13] 🎲 Drawing Posterior Samples:  19%|█▉        | 287/1516 [00:06<00:30, 40.52step/s]
[Origin 9/13] 🎲 Drawing Posterior Samples:  19%|█▉        | 292/1516 [00:07<00:29, 42.12step/s]
[Origin 9/13] 🎲 Drawing Posterior Samples:  20%|█▉        | 297/1516 [00:07<00:29, 40.77step/s]
[Origin 9/13] 🎲 Drawing Posterior Samples:  20%|█▉        | 302/1516 [00:07<00:28, 42.63step/s]
[Origin 9/13] 🎲 Drawing Posterior Samples:  20%|██        | 307/1516 [00:07<00:29, 41.29step/s]
[Origin 9/13] 🎲 Drawing Posterior Samples:  21%|██        | 312/1516 [00:07<00:29, 40.43step/s]
[Origin 9/13] 🎲 Drawing Posterior Samples:  21%|██        | 317/1516 [00:07<00:28, 42.26step/s]
[Origin 9/13] 🎲 Drawing Posterior Samples:  21%|██        | 322/1516 [00:07<00:29, 41.05step/s]
[Origin 9/13] 🎲 Drawing Posterior Samples:  22%|██▏       | 327/1516 [00:07<00:27, 42.83step/s]
[Origin 9/13] 🎲 Drawing Posterior Samples:  22%|██▏       | 332/1516 [00:07<00:28, 41.25step/s]
[Origin 9/13] 🎲 Drawing Posterior Samples:  22%|██▏       | 337/1516 [00:08<00:28, 41.40step/s]
[Origin 9/13] 🎲 Drawing Posterior Samples:  23%|██▎       | 342/1516 [00:08<00:28, 41.78step/s]
[Origin 9/13] 🎲 Drawing Posterior Samples:  23%|██▎       | 347/1516 [00:08<00:32, 35.96step/s]
[Origin 9/13] 🎲 Drawing Posterior Samples:  23%|██▎       | 351/1516 [00:08<00:35, 32.99step/s]
[Origin 9/13] 🎲 Drawing Posterior Samples:  23%|██▎       | 355/1516 [00:08<00:35, 32.54step/s]
[Origin 9/13] 🎲 Drawing Posterior Samples:  24%|██▎       | 359/1516 [00:08<00:37, 30.61step/s]
[Origin 9/13] 🎲 Drawing Posterior Samples:  24%|██▍       | 363/1516 [00:08<00:39, 29.55step/s]
[Origin 9/13] 🎲 Drawing Posterior Samples:  24%|██▍       | 367/1516 [00:09<00:40, 28.67step/s]
[Origin 9/13] 🎲 Drawing Posterior Samples:  24%|██▍       | 371/1516 [00:09<00:39, 29.34step/s]
[Origin 9/13] 🎲 Drawing Posterior Samples:  25%|██▍       | 374/1516 [00:09<00:40, 28.51step/s]
[Origin 9/13] 🎲 Drawing Posterior Samples:  25%|██▍       | 378/1516 [00:09<00:39, 28.89step/s]
[Origin 9/13] 🎲 Drawing Posterior Samples:  25%|██▌       | 381/1516 [00:10<02:36,  7.24step/s]
[Origin 9/13] 🎲 Drawing Posterior Samples:  25%|██▌       | 385/1516 [00:10<01:55,  9.77step/s]
[Origin 9/13] 🎲 Drawing Posterior Samples:  26%|██▌       | 390/1516 [00:11<01:21, 13.78step/s]
[Origin 9/13] 🎲 Drawing Posterior Samples:  26%|██▌       | 394/1516 [00:11<01:06, 16.86step/s]
[Origin 9/13] 🎲 Drawing Posterior Samples:  26%|██▋       | 399/1516 [00:11<00:51, 21.69step/s]
[Origin 9/13] 🎲 Drawing Posterior Samples:  27%|██▋       | 403/1516 [00:11<00:45, 24.48step/s]
[Origin 9/13] 🎲 Drawing Posterior Samples:  27%|██▋       | 408/1516 [00:11<00:37, 29.25step/s]
[Origin 9/13] 🎲 Drawing Posterior Samples:  27%|██▋       | 413/1516 [00:11<00:34, 31.64step/s]
[Origin 9/13] 🎲 Drawing Posterior Samples:  28%|██▊       | 418/1516 [00:11<00:32, 33.93step/s]
[Origin 9/13] 🎲 Drawing Posterior Samples:  28%|██▊       | 423/1516 [00:11<00:29, 36.57step/s]
[Origin 9/13] 🎲 Drawing Posterior Samples:  28%|██▊       | 428/1516 [00:11<00:29, 37.07step/s]
[Origin 9/13] 🎲 Drawing Posterior Samples:  29%|██▊       | 433/1516 [00:12<00:27, 39.76step/s]
[Origin 9/13] 🎲 Drawing Posterior Samples:  29%|██▉       | 438/1516 [00:12<00:27, 39.29step/s]
[Origin 9/13] 🎲 Drawing Posterior Samples:  29%|██▉       | 443/1516 [00:12<00:25, 41.48step/s]
[Origin 9/13] 🎲 Drawing Posterior Samples:  30%|██▉       | 448/1516 [00:12<00:26, 40.53step/s]
[Origin 9/13] 🎲 Drawing Posterior Samples:  30%|██▉       | 453/1516 [00:12<00:26, 39.95step/s]
[Origin 9/13] 🎲 Drawing Posterior Samples:  30%|███       | 458/1516 [00:12<00:25, 41.98step/s]
[Origin 9/13] 🎲 Drawing Posterior Samples:  31%|███       | 463/1516 [00:12<00:25, 40.79step/s]
[Origin 9/13] 🎲 Drawing Posterior Samples:  31%|███       | 468/1516 [00:12<00:24, 42.65step/s]
[Origin 9/13] 🎲 Drawing Posterior Samples:  31%|███       | 473/1516 [00:13<00:25, 41.18step/s]
[Origin 9/13] 🎲 Drawing Posterior Samples:  32%|███▏      | 478/1516 [00:13<00:25, 40.34step/s]
[Origin 9/13] 🎲 Drawing Posterior Samples:  32%|███▏      | 483/1516 [00:13<00:24, 42.31step/s]
[Origin 9/13] 🎲 Drawing Posterior Samples:  32%|███▏      | 488/1516 [00:13<00:25, 41.11step/s]
[Origin 9/13] 🎲 Drawing Posterior Samples:  33%|███▎      | 493/1516 [00:13<00:23, 42.89step/s]
[Origin 9/13] 🎲 Drawing Posterior Samples:  33%|███▎      | 498/1516 [00:13<00:24, 41.28step/s]
[Origin 9/13] 🎲 Drawing Posterior Samples:  33%|███▎      | 503/1516 [00:13<00:24, 40.88step/s]
[Origin 9/13] 🎲 Drawing Posterior Samples:  34%|███▎      | 508/1516 [00:13<00:23, 42.12step/s]
[Origin 9/13] 🎲 Drawing Posterior Samples:  34%|███▍      | 513/1516 [00:14<00:24, 40.60step/s]
[Origin 9/13] 🎲 Drawing Posterior Samples:  34%|███▍      | 518/1516 [00:14<00:23, 42.50step/s]
[Origin 9/13] 🎲 Drawing Posterior Samples:  34%|███▍      | 523/1516 [00:14<00:24, 41.08step/s]
[Origin 9/13] 🎲 Drawing Posterior Samples:  35%|███▍      | 528/1516 [00:14<00:24, 40.31step/s]
[Origin 9/13] 🎲 Drawing Posterior Samples:  35%|███▌      | 533/1516 [00:14<00:23, 42.16step/s]
[Origin 9/13] 🎲 Drawing Posterior Samples:  35%|███▌      | 538/1516 [00:14<00:23, 41.11step/s]
[Origin 9/13] 🎲 Drawing Posterior Samples:  36%|███▌      | 543/1516 [00:14<00:22, 42.88step/s]
[Origin 9/13] 🎲 Drawing Posterior Samples:  36%|███▌      | 548/1516 [00:14<00:23, 41.05step/s]
[Origin 9/13] 🎲 Drawing Posterior Samples:  36%|███▋      | 553/1516 [00:14<00:23, 41.20step/s]
[Origin 9/13] 🎲 Drawing Posterior Samples:  37%|███▋      | 558/1516 [00:15<00:22, 41.70step/s]
[Origin 9/13] 🎲 Drawing Posterior Samples:  37%|███▋      | 563/1516 [00:15<00:23, 40.49step/s]
[Origin 9/13] 🎲 Drawing Posterior Samples:  37%|███▋      | 568/1516 [00:15<00:22, 42.41step/s]
[Origin 9/13] 🎲 Drawing Posterior Samples:  38%|███▊      | 573/1516 [00:15<00:22, 41.24step/s]
[Origin 9/13] 🎲 Drawing Posterior Samples:  38%|███▊      | 578/1516 [00:15<00:22, 41.39step/s]
[Origin 9/13] 🎲 Drawing Posterior Samples:  38%|███▊      | 583/1516 [00:15<00:22, 41.83step/s]
[Origin 9/13] 🎲 Drawing Posterior Samples:  39%|███▉      | 588/1516 [00:15<00:22, 40.70step/s]
[Origin 9/13] 🎲 Drawing Posterior Samples:  39%|███▉      | 593/1516 [00:15<00:22, 41.07step/s]
[Origin 9/13] 🎲 Drawing Posterior Samples:  39%|███▉      | 598/1516 [00:16<00:22, 41.52step/s]
[Origin 9/13] 🎲 Drawing Posterior Samples:  40%|███▉      | 603/1516 [00:16<00:22, 41.01step/s]
[Origin 9/13] 🎲 Drawing Posterior Samples:  40%|████      | 608/1516 [00:16<00:21, 42.27step/s]
[Origin 9/13] 🎲 Drawing Posterior Samples:  40%|████      | 613/1516 [00:16<00:21, 41.07step/s]
[Origin 9/13] 🎲 Drawing Posterior Samples:  41%|████      | 618/1516 [00:16<00:20, 42.86step/s]
[Origin 9/13] 🎲 Drawing Posterior Samples:  41%|████      | 623/1516 [00:16<00:21, 41.29step/s]
[Origin 9/13] 🎲 Drawing Posterior Samples:  41%|████▏     | 628/1516 [00:16<00:20, 43.00step/s]
[Origin 9/13] 🎲 Drawing Posterior Samples:  42%|████▏     | 633/1516 [00:16<00:21, 41.53step/s]
[Origin 9/13] 🎲 Drawing Posterior Samples:  42%|████▏     | 638/1516 [00:17<00:21, 40.44step/s]
[Origin 9/13] 🎲 Drawing Posterior Samples:  42%|████▏     | 643/1516 [00:17<00:20, 42.36step/s]
[Origin 9/13] 🎲 Drawing Posterior Samples:  43%|████▎     | 648/1516 [00:17<00:21, 41.04step/s]
[Origin 9/13] 🎲 Drawing Posterior Samples:  43%|████▎     | 653/1516 [00:17<00:20, 42.83step/s]
[Origin 9/13] 🎲 Drawing Posterior Samples:  43%|████▎     | 658/1516 [00:17<00:20, 41.49step/s]
[Origin 9/13] 🎲 Drawing Posterior Samples:  44%|████▎     | 663/1516 [00:17<00:21, 40.51step/s]
[Origin 9/13] 🎲 Drawing Posterior Samples:  44%|████▍     | 668/1516 [00:17<00:19, 42.44step/s]
[Origin 9/13] 🎲 Drawing Posterior Samples:  44%|████▍     | 673/1516 [00:17<00:20, 41.12step/s]
[Origin 9/13] 🎲 Drawing Posterior Samples:  45%|████▍     | 678/1516 [00:17<00:19, 42.91step/s]
[Origin 9/13] 🎲 Drawing Posterior Samples:  45%|████▌     | 683/1516 [00:18<00:20, 41.23step/s]
[Origin 9/13] 🎲 Drawing Posterior Samples:  45%|████▌     | 688/1516 [00:18<00:20, 40.98step/s]
[Origin 9/13] 🎲 Drawing Posterior Samples:  46%|████▌     | 693/1516 [00:18<00:19, 42.24step/s]
[Origin 9/13] 🎲 Drawing Posterior Samples:  46%|████▌     | 698/1516 [00:18<00:20, 40.61step/s]
[Origin 9/13] 🎲 Drawing Posterior Samples:  46%|████▋     | 703/1516 [00:18<00:19, 42.51step/s]
[Origin 9/13] 🎲 Drawing Posterior Samples:  47%|████▋     | 708/1516 [00:18<00:19, 41.01step/s]
[Origin 9/13] 🎲 Drawing Posterior Samples:  47%|████▋     | 713/1516 [00:18<00:19, 40.21step/s]
[Origin 9/13] 🎲 Drawing Posterior Samples:  47%|████▋     | 718/1516 [00:18<00:18, 42.09step/s]
[Origin 9/13] 🎲 Drawing Posterior Samples:  48%|████▊     | 723/1516 [00:19<00:20, 37.88step/s]
[Origin 9/13] 🎲 Drawing Posterior Samples:  48%|████▊     | 727/1516 [00:19<00:23, 33.79step/s]
[Origin 9/13] 🎲 Drawing Posterior Samples:  48%|████▊     | 731/1516 [00:19<00:24, 32.17step/s]
[Origin 9/13] 🎲 Drawing Posterior Samples:  48%|████▊     | 735/1516 [00:19<00:25, 30.40step/s]
[Origin 9/13] 🎲 Drawing Posterior Samples:  49%|████▊     | 739/1516 [00:19<00:27, 28.34step/s]
[Origin 9/13] 🎲 Drawing Posterior Samples:  49%|████▉     | 742/1516 [00:19<00:28, 27.51step/s]
[Origin 9/13] 🎲 Drawing Posterior Samples:  49%|████▉     | 745/1516 [00:19<00:27, 27.69step/s]
[Origin 9/13] 🎲 Drawing Posterior Samples:  49%|████▉     | 748/1516 [00:20<00:28, 27.36step/s]
[Origin 9/13] 🎲 Drawing Posterior Samples:  50%|████▉     | 751/1516 [00:20<00:27, 27.72step/s]
[Origin 9/13] 🎲 Drawing Posterior Samples:  50%|████▉     | 754/1516 [00:20<00:28, 26.51step/s]
[Origin 9/13] 🎲 Drawing Posterior Samples:  50%|████▉     | 757/1516 [00:20<00:27, 27.19step/s]
[Origin 9/13] 🎲 Drawing Posterior Samples:  50%|█████     | 760/1516 [00:21<01:56,  6.50step/s]
[Origin 9/13] 🎲 Drawing Posterior Samples:  50%|█████     | 765/1516 [00:21<01:14, 10.04step/s]
[Origin 9/13] 🎲 Drawing Posterior Samples:  51%|█████     | 769/1516 [00:21<00:57, 13.05step/s]
[Origin 9/13] 🎲 Drawing Posterior Samples:  51%|█████     | 774/1516 [00:22<00:42, 17.40step/s]
[Origin 9/13] 🎲 Drawing Posterior Samples:  51%|█████▏    | 779/1516 [00:22<00:33, 21.78step/s]
[Origin 9/13] 🎲 Drawing Posterior Samples:  52%|█████▏    | 783/1516 [00:22<00:29, 24.57step/s]
[Origin 9/13] 🎲 Drawing Posterior Samples:  52%|█████▏    | 788/1516 [00:22<00:24, 29.25step/s]
[Origin 9/13] 🎲 Drawing Posterior Samples:  52%|█████▏    | 792/1516 [00:22<00:23, 30.91step/s]
[Origin 9/13] 🎲 Drawing Posterior Samples:  53%|█████▎    | 797/1516 [00:22<00:20, 34.98step/s]
[Origin 9/13] 🎲 Drawing Posterior Samples:  53%|█████▎    | 802/1516 [00:22<00:19, 35.84step/s]
[Origin 9/13] 🎲 Drawing Posterior Samples:  53%|█████▎    | 807/1516 [00:22<00:18, 38.87step/s]
[Origin 9/13] 🎲 Drawing Posterior Samples:  54%|█████▎    | 812/1516 [00:22<00:18, 38.67step/s]
[Origin 9/13] 🎲 Drawing Posterior Samples:  54%|█████▍    | 817/1516 [00:23<00:18, 38.42step/s]
[Origin 9/13] 🎲 Drawing Posterior Samples:  54%|█████▍    | 822/1516 [00:23<00:17, 40.79step/s]
[Origin 9/13] 🎲 Drawing Posterior Samples:  55%|█████▍    | 827/1516 [00:23<00:17, 40.13step/s]
[Origin 9/13] 🎲 Drawing Posterior Samples:  55%|█████▍    | 832/1516 [00:23<00:16, 42.03step/s]
[Origin 9/13] 🎲 Drawing Posterior Samples:  55%|█████▌    | 837/1516 [00:23<00:16, 40.87step/s]
[Origin 9/13] 🎲 Drawing Posterior Samples:  56%|█████▌    | 842/1516 [00:23<00:16, 39.95step/s]
[Origin 9/13] 🎲 Drawing Posterior Samples:  56%|█████▌    | 847/1516 [00:23<00:15, 41.93step/s]
[Origin 9/13] 🎲 Drawing Posterior Samples:  56%|█████▌    | 852/1516 [00:23<00:16, 40.63step/s]
[Origin 9/13] 🎲 Drawing Posterior Samples:  57%|█████▋    | 857/1516 [00:24<00:15, 42.52step/s]
[Origin 9/13] 🎲 Drawing Posterior Samples:  57%|█████▋    | 862/1516 [00:24<00:15, 41.18step/s]
[Origin 9/13] 🎲 Drawing Posterior Samples:  57%|█████▋    | 867/1516 [00:24<00:16, 40.21step/s]
[Origin 9/13] 🎲 Drawing Posterior Samples:  58%|█████▊    | 872/1516 [00:24<00:15, 42.17step/s]
[Origin 9/13] 🎲 Drawing Posterior Samples:  58%|█████▊    | 877/1516 [00:24<00:15, 40.76step/s]
[Origin 9/13] 🎲 Drawing Posterior Samples:  58%|█████▊    | 882/1516 [00:24<00:14, 42.60step/s]
[Origin 9/13] 🎲 Drawing Posterior Samples:  59%|█████▊    | 887/1516 [00:24<00:15, 41.19step/s]
[Origin 9/13] 🎲 Drawing Posterior Samples:  59%|█████▉    | 892/1516 [00:24<00:15, 40.42step/s]
[Origin 9/13] 🎲 Drawing Posterior Samples:  59%|█████▉    | 897/1516 [00:25<00:14, 42.05step/s]
[Origin 9/13] 🎲 Drawing Posterior Samples:  59%|█████▉    | 902/1516 [00:25<00:15, 40.91step/s]
[Origin 9/13] 🎲 Drawing Posterior Samples:  60%|█████▉    | 907/1516 [00:25<00:14, 42.74step/s]
[Origin 9/13] 🎲 Drawing Posterior Samples:  60%|██████    | 912/1516 [00:25<00:14, 41.33step/s]
[Origin 9/13] 🎲 Drawing Posterior Samples:  60%|██████    | 917/1516 [00:25<00:14, 40.60step/s]
[Origin 9/13] 🎲 Drawing Posterior Samples:  61%|██████    | 922/1516 [00:25<00:14, 42.19step/s]
[Origin 9/13] 🎲 Drawing Posterior Samples:  61%|██████    | 927/1516 [00:25<00:14, 40.90step/s]
[Origin 9/13] 🎲 Drawing Posterior Samples:  61%|██████▏   | 932/1516 [00:25<00:13, 42.73step/s]
[Origin 9/13] 🎲 Drawing Posterior Samples:  62%|██████▏   | 937/1516 [00:25<00:14, 41.20step/s]
[Origin 9/13] 🎲 Drawing Posterior Samples:  62%|██████▏   | 942/1516 [00:26<00:13, 42.95step/s]
[Origin 9/13] 🎲 Drawing Posterior Samples:  62%|██████▏   | 947/1516 [00:26<00:13, 41.45step/s]
[Origin 9/13] 🎲 Drawing Posterior Samples:  63%|██████▎   | 952/1516 [00:26<00:13, 40.52step/s]
[Origin 9/13] 🎲 Drawing Posterior Samples:  63%|██████▎   | 957/1516 [00:26<00:13, 42.34step/s]
[Origin 9/13] 🎲 Drawing Posterior Samples:  63%|██████▎   | 962/1516 [00:26<00:13, 41.23step/s]
[Origin 9/13] 🎲 Drawing Posterior Samples:  64%|██████▍   | 967/1516 [00:26<00:12, 42.98step/s]
[Origin 9/13] 🎲 Drawing Posterior Samples:  64%|██████▍   | 972/1516 [00:26<00:13, 41.32step/s]
[Origin 9/13] 🎲 Drawing Posterior Samples:  64%|██████▍   | 977/1516 [00:26<00:13, 40.52step/s]
[Origin 9/13] 🎲 Drawing Posterior Samples:  65%|██████▍   | 982/1516 [00:27<00:12, 42.34step/s]
[Origin 9/13] 🎲 Drawing Posterior Samples:  65%|██████▌   | 987/1516 [00:27<00:12, 41.22step/s]
[Origin 9/13] 🎲 Drawing Posterior Samples:  65%|██████▌   | 992/1516 [00:27<00:12, 42.96step/s]
[Origin 9/13] 🎲 Drawing Posterior Samples:  66%|██████▌   | 997/1516 [00:27<00:12, 41.40step/s]
[Origin 9/13] 🎲 Drawing Posterior Samples:  66%|██████▌   | 1002/1516 [00:27<00:12, 41.53step/s]
[Origin 9/13] 🎲 Drawing Posterior Samples:  66%|██████▋   | 1007/1516 [00:27<00:12, 41.90step/s]
[Origin 9/13] 🎲 Drawing Posterior Samples:  67%|██████▋   | 1012/1516 [00:27<00:12, 40.80step/s]
[Origin 9/13] 🎲 Drawing Posterior Samples:  67%|██████▋   | 1017/1516 [00:27<00:11, 42.65step/s]
[Origin 9/13] 🎲 Drawing Posterior Samples:  67%|██████▋   | 1022/1516 [00:28<00:11, 41.30step/s]
[Origin 9/13] 🎲 Drawing Posterior Samples:  68%|██████▊   | 1027/1516 [00:28<00:11, 41.42step/s]
[Origin 9/13] 🎲 Drawing Posterior Samples:  68%|██████▊   | 1032/1516 [00:28<00:11, 41.84step/s]
[Origin 9/13] 🎲 Drawing Posterior Samples:  68%|██████▊   | 1037/1516 [00:28<00:11, 40.65step/s]
[Origin 9/13] 🎲 Drawing Posterior Samples:  69%|██████▊   | 1042/1516 [00:28<00:11, 42.53step/s]
[Origin 9/13] 🎲 Drawing Posterior Samples:  69%|██████▉   | 1047/1516 [00:28<00:11, 41.16step/s]
[Origin 9/13] 🎲 Drawing Posterior Samples:  69%|██████▉   | 1052/1516 [00:28<00:10, 42.90step/s]
[Origin 9/13] 🎲 Drawing Posterior Samples:  70%|██████▉   | 1057/1516 [00:28<00:11, 41.56step/s]
[Origin 9/13] 🎲 Drawing Posterior Samples:  70%|███████   | 1062/1516 [00:28<00:11, 40.49step/s]
[Origin 9/13] 🎲 Drawing Posterior Samples:  70%|███████   | 1067/1516 [00:29<00:10, 42.34step/s]
[Origin 9/13] 🎲 Drawing Posterior Samples:  71%|███████   | 1072/1516 [00:29<00:10, 40.70step/s]
[Origin 9/13] 🎲 Drawing Posterior Samples:  71%|███████   | 1077/1516 [00:29<00:10, 42.58step/s]
[Origin 9/13] 🎲 Drawing Posterior Samples:  71%|███████▏  | 1082/1516 [00:29<00:10, 41.04step/s]
[Origin 9/13] 🎲 Drawing Posterior Samples:  72%|███████▏  | 1087/1516 [00:29<00:10, 40.24step/s]
[Origin 9/13] 🎲 Drawing Posterior Samples:  72%|███████▏  | 1092/1516 [00:29<00:10, 42.20step/s]
[Origin 9/13] 🎲 Drawing Posterior Samples:  72%|███████▏  | 1097/1516 [00:29<00:10, 40.97step/s]
[Origin 9/13] 🎲 Drawing Posterior Samples:  73%|███████▎  | 1102/1516 [00:29<00:10, 38.31step/s]
[Origin 9/13] 🎲 Drawing Posterior Samples:  73%|███████▎  | 1106/1516 [00:30<00:11, 34.94step/s]
[Origin 9/13] 🎲 Drawing Posterior Samples:  73%|███████▎  | 1110/1516 [00:30<00:12, 32.03step/s]
[Origin 9/13] 🎲 Drawing Posterior Samples:  73%|███████▎  | 1114/1516 [00:30<00:13, 29.46step/s]
[Origin 9/13] 🎲 Drawing Posterior Samples:  74%|███████▎  | 1118/1516 [00:30<00:14, 28.00step/s]
[Origin 9/13] 🎲 Drawing Posterior Samples:  74%|███████▍  | 1121/1516 [00:30<00:14, 28.11step/s]
[Origin 9/13] 🎲 Drawing Posterior Samples:  74%|███████▍  | 1124/1516 [00:30<00:14, 26.34step/s]
[Origin 9/13] 🎲 Drawing Posterior Samples:  74%|███████▍  | 1128/1516 [00:30<00:14, 26.80step/s]
[Origin 9/13] 🎲 Drawing Posterior Samples:  75%|███████▍  | 1132/1516 [00:31<00:13, 27.94step/s]
[Origin 9/13] 🎲 Drawing Posterior Samples:  75%|███████▍  | 1135/1516 [00:31<00:14, 26.86step/s]
[Origin 9/13] 🎲 Drawing Posterior Samples:  75%|███████▌  | 1138/1516 [00:32<00:52,  7.19step/s]
[Origin 9/13] 🎲 Drawing Posterior Samples:  75%|███████▌  | 1142/1516 [00:32<00:37,  9.89step/s]
[Origin 9/13] 🎲 Drawing Posterior Samples:  76%|███████▌  | 1147/1516 [00:32<00:26, 13.99step/s]
[Origin 9/13] 🎲 Drawing Posterior Samples:  76%|███████▌  | 1151/1516 [00:32<00:21, 17.18step/s]
[Origin 9/13] 🎲 Drawing Posterior Samples:  76%|███████▋  | 1156/1516 [00:32<00:16, 22.11step/s]
[Origin 9/13] 🎲 Drawing Posterior Samples:  77%|███████▋  | 1160/1516 [00:33<00:14, 24.85step/s]
[Origin 9/13] 🎲 Drawing Posterior Samples:  77%|███████▋  | 1165/1516 [00:33<00:11, 29.62step/s]
[Origin 9/13] 🎲 Drawing Posterior Samples:  77%|███████▋  | 1170/1516 [00:33<00:10, 32.01step/s]
[Origin 9/13] 🎲 Drawing Posterior Samples:  78%|███████▊  | 1175/1516 [00:33<00:09, 35.74step/s]
[Origin 9/13] 🎲 Drawing Posterior Samples:  78%|███████▊  | 1180/1516 [00:33<00:09, 36.53step/s]
[Origin 9/13] 🎲 Drawing Posterior Samples:  78%|███████▊  | 1185/1516 [00:33<00:08, 37.00step/s]
[Origin 9/13] 🎲 Drawing Posterior Samples:  78%|███████▊  | 1190/1516 [00:33<00:08, 39.71step/s]
[Origin 9/13] 🎲 Drawing Posterior Samples:  79%|███████▉  | 1195/1516 [00:33<00:08, 39.34step/s]
[Origin 9/13] 🎲 Drawing Posterior Samples:  79%|███████▉  | 1200/1516 [00:33<00:07, 41.54step/s]
[Origin 9/13] 🎲 Drawing Posterior Samples:  79%|███████▉  | 1205/1516 [00:34<00:07, 40.56step/s]
[Origin 9/13] 🎲 Drawing Posterior Samples:  80%|███████▉  | 1210/1516 [00:34<00:07, 40.74step/s]
[Origin 9/13] 🎲 Drawing Posterior Samples:  80%|████████  | 1215/1516 [00:34<00:07, 41.75step/s]
[Origin 9/13] 🎲 Drawing Posterior Samples:  80%|████████  | 1220/1516 [00:34<00:07, 40.63step/s]
[Origin 9/13] 🎲 Drawing Posterior Samples:  81%|████████  | 1225/1516 [00:34<00:06, 42.52step/s]
[Origin 9/13] 🎲 Drawing Posterior Samples:  81%|████████  | 1230/1516 [00:34<00:06, 40.97step/s]
[Origin 9/13] 🎲 Drawing Posterior Samples:  81%|████████▏ | 1235/1516 [00:34<00:06, 40.70step/s]
[Origin 9/13] 🎲 Drawing Posterior Samples:  82%|████████▏ | 1240/1516 [00:34<00:06, 42.16step/s]
[Origin 9/13] 🎲 Drawing Posterior Samples:  82%|████████▏ | 1245/1516 [00:35<00:06, 41.00step/s]
[Origin 9/13] 🎲 Drawing Posterior Samples:  82%|████████▏ | 1250/1516 [00:35<00:06, 42.81step/s]
[Origin 9/13] 🎲 Drawing Posterior Samples:  83%|████████▎ | 1255/1516 [00:35<00:06, 41.15step/s]
[Origin 9/13] 🎲 Drawing Posterior Samples:  83%|████████▎ | 1260/1516 [00:35<00:06, 40.87step/s]
[Origin 9/13] 🎲 Drawing Posterior Samples:  83%|████████▎ | 1265/1516 [00:35<00:05, 42.10step/s]
[Origin 9/13] 🎲 Drawing Posterior Samples:  84%|████████▍ | 1270/1516 [00:35<00:06, 40.80step/s]
[Origin 9/13] 🎲 Drawing Posterior Samples:  84%|████████▍ | 1275/1516 [00:35<00:05, 42.66step/s]
[Origin 9/13] 🎲 Drawing Posterior Samples:  84%|████████▍ | 1280/1516 [00:35<00:05, 41.23step/s]
[Origin 9/13] 🎲 Drawing Posterior Samples:  85%|████████▍ | 1285/1516 [00:36<00:05, 42.73step/s]
[Origin 9/13] 🎲 Drawing Posterior Samples:  85%|████████▌ | 1290/1516 [00:36<00:05, 41.39step/s]
[Origin 9/13] 🎲 Drawing Posterior Samples:  85%|████████▌ | 1295/1516 [00:36<00:05, 40.40step/s]
[Origin 9/13] 🎲 Drawing Posterior Samples:  86%|████████▌ | 1300/1516 [00:36<00:05, 42.31step/s]
[Origin 9/13] 🎲 Drawing Posterior Samples:  86%|████████▌ | 1305/1516 [00:36<00:05, 41.07step/s]
[Origin 9/13] 🎲 Drawing Posterior Samples:  86%|████████▋ | 1310/1516 [00:36<00:04, 42.84step/s]
[Origin 9/13] 🎲 Drawing Posterior Samples:  87%|████████▋ | 1315/1516 [00:36<00:04, 41.49step/s]
[Origin 9/13] 🎲 Drawing Posterior Samples:  87%|████████▋ | 1320/1516 [00:36<00:04, 40.87step/s]
[Origin 9/13] 🎲 Drawing Posterior Samples:  87%|████████▋ | 1325/1516 [00:36<00:04, 42.38step/s]
[Origin 9/13] 🎲 Drawing Posterior Samples:  88%|████████▊ | 1330/1516 [00:37<00:04, 40.90step/s]
[Origin 9/13] 🎲 Drawing Posterior Samples:  88%|████████▊ | 1335/1516 [00:37<00:04, 42.72step/s]
[Origin 9/13] 🎲 Drawing Posterior Samples:  88%|████████▊ | 1340/1516 [00:37<00:04, 41.18step/s]
[Origin 9/13] 🎲 Drawing Posterior Samples:  89%|████████▊ | 1345/1516 [00:37<00:04, 40.17step/s]
[Origin 9/13] 🎲 Drawing Posterior Samples:  89%|████████▉ | 1350/1516 [00:37<00:03, 42.05step/s]
[Origin 9/13] 🎲 Drawing Posterior Samples:  89%|████████▉ | 1355/1516 [00:37<00:03, 40.91step/s]
[Origin 9/13] 🎲 Drawing Posterior Samples:  90%|████████▉ | 1360/1516 [00:37<00:03, 42.72step/s]
[Origin 9/13] 🎲 Drawing Posterior Samples:  90%|█████████ | 1365/1516 [00:37<00:03, 41.32step/s]
[Origin 9/13] 🎲 Drawing Posterior Samples:  90%|█████████ | 1370/1516 [00:38<00:03, 41.52step/s]
[Origin 9/13] 🎲 Drawing Posterior Samples:  91%|█████████ | 1375/1516 [00:38<00:03, 41.82step/s]
[Origin 9/13] 🎲 Drawing Posterior Samples:  91%|█████████ | 1380/1516 [00:38<00:03, 40.72step/s]
[Origin 9/13] 🎲 Drawing Posterior Samples:  91%|█████████▏| 1385/1516 [00:38<00:03, 42.58step/s]
[Origin 9/13] 🎲 Drawing Posterior Samples:  92%|█████████▏| 1390/1516 [00:38<00:03, 41.09step/s]
[Origin 9/13] 🎲 Drawing Posterior Samples:  92%|█████████▏| 1395/1516 [00:38<00:02, 41.17step/s]
[Origin 9/13] 🎲 Drawing Posterior Samples:  92%|█████████▏| 1400/1516 [00:38<00:02, 41.62step/s]
[Origin 9/13] 🎲 Drawing Posterior Samples:  93%|█████████▎| 1405/1516 [00:38<00:02, 40.43step/s]
[Origin 9/13] 🎲 Drawing Posterior Samples:  93%|█████████▎| 1410/1516 [00:39<00:02, 42.29step/s]
[Origin 9/13] 🎲 Drawing Posterior Samples:  93%|█████████▎| 1415/1516 [00:39<00:02, 41.01step/s]
[Origin 9/13] 🎲 Drawing Posterior Samples:  94%|█████████▎| 1420/1516 [00:39<00:02, 40.71step/s]
[Origin 9/13] 🎲 Drawing Posterior Samples:  94%|█████████▍| 1425/1516 [00:39<00:02, 42.19step/s]
[Origin 9/13] 🎲 Drawing Posterior Samples:  94%|█████████▍| 1430/1516 [00:39<00:02, 41.01step/s]
[Origin 9/13] 🎲 Drawing Posterior Samples:  95%|█████████▍| 1435/1516 [00:39<00:01, 42.73step/s]
[Origin 9/13] 🎲 Drawing Posterior Samples:  95%|█████████▍| 1440/1516 [00:39<00:01, 41.20step/s]
[Origin 9/13] 🎲 Drawing Posterior Samples:  95%|█████████▌| 1445/1516 [00:39<00:01, 42.96step/s]
[Origin 9/13] 🎲 Drawing Posterior Samples:  96%|█████████▌| 1450/1516 [00:40<00:01, 41.51step/s]
[Origin 9/13] 🎲 Drawing Posterior Samples:  96%|█████████▌| 1455/1516 [00:40<00:01, 40.44step/s]
[Origin 9/13] 🎲 Drawing Posterior Samples:  96%|█████████▋| 1460/1516 [00:40<00:01, 42.36step/s]
[Origin 9/13] 🎲 Drawing Posterior Samples:  97%|█████████▋| 1465/1516 [00:40<00:01, 40.90step/s]
[Origin 9/13] 🎲 Drawing Posterior Samples:  97%|█████████▋| 1470/1516 [00:40<00:01, 42.68step/s]
[Origin 9/13] 🎲 Drawing Posterior Samples:  97%|█████████▋| 1475/1516 [00:40<00:00, 41.37step/s]
[Origin 9/13] 🎲 Drawing Posterior Samples:  98%|█████████▊| 1480/1516 [00:40<00:00, 40.38step/s]
[Origin 9/13] 🎲 Drawing Posterior Samples:  98%|█████████▊| 1485/1516 [00:41<00:01, 30.38step/s]
[Origin 9/13] 🎲 Drawing Posterior Samples:  98%|█████████▊| 1489/1516 [00:41<00:00, 29.61step/s]
[Origin 9/13] 🎲 Drawing Posterior Samples:  98%|█████████▊| 1493/1516 [00:41<00:00, 30.13step/s]
[Origin 9/13] 🎲 Drawing Posterior Samples:  99%|█████████▊| 1497/1516 [00:41<00:00, 29.87step/s]
[Origin 9/13] 🎲 Drawing Posterior Samples:  99%|█████████▉| 1501/1516 [00:41<00:00, 29.56step/s]
[Origin 9/13] 🎲 Drawing Posterior Samples:  99%|█████████▉| 1505/1516 [00:41<00:00, 30.16step/s]
[Origin 9/13] 🎲 Drawing Posterior Samples: 100%|█████████▉| 1509/1516 [00:41<00:00, 29.64step/s]
[Origin 9/13] 🎲 Drawing Posterior Samples: 100%|█████████▉| 1513/1516 [00:41<00:00, 28.88step/s]
                                                                                                 

[Origin 10/13] 🎲 Drawing Posterior Samples:   0%|          | 0/1520 [00:00<?, ?step/s]
[Origin 10/13] 🎲 Drawing Posterior Samples:   0%|          | 5/1520 [00:00<00:34, 44.02step/s]
[Origin 10/13] 🎲 Drawing Posterior Samples:   1%|          | 10/1520 [00:00<00:32, 46.05step/s]
[Origin 10/13] 🎲 Drawing Posterior Samples:   1%|          | 15/1520 [00:00<00:36, 41.62step/s]
[Origin 10/13] 🎲 Drawing Posterior Samples:   1%|▏         | 20/1520 [00:00<00:35, 41.91step/s]
[Origin 10/13] 🎲 Drawing Posterior Samples:   2%|▏         | 25/1520 [00:00<00:35, 42.20step/s]
[Origin 10/13] 🎲 Drawing Posterior Samples:   2%|▏         | 30/1520 [00:00<00:36, 40.64step/s]
[Origin 10/13] 🎲 Drawing Posterior Samples:   2%|▏         | 35/1520 [00:00<00:34, 42.69step/s]
[Origin 10/13] 🎲 Drawing Posterior Samples:   3%|▎         | 40/1520 [00:00<00:35, 41.25step/s]
[Origin 10/13] 🎲 Drawing Posterior Samples:   3%|▎         | 45/1520 [00:01<00:35, 41.58step/s]
[Origin 10/13] 🎲 Drawing Posterior Samples:   3%|▎         | 50/1520 [00:01<00:35, 41.93step/s]
[Origin 10/13] 🎲 Drawing Posterior Samples:   4%|▎         | 55/1520 [00:01<00:35, 40.74step/s]
[Origin 10/13] 🎲 Drawing Posterior Samples:   4%|▍         | 60/1520 [00:01<00:34, 42.54step/s]
[Origin 10/13] 🎲 Drawing Posterior Samples:   4%|▍         | 65/1520 [00:01<00:35, 41.30step/s]
[Origin 10/13] 🎲 Drawing Posterior Samples:   5%|▍         | 70/1520 [00:01<00:33, 43.03step/s]
[Origin 10/13] 🎲 Drawing Posterior Samples:   5%|▍         | 75/1520 [00:01<00:34, 41.56step/s]
[Origin 10/13] 🎲 Drawing Posterior Samples:   5%|▌         | 80/1520 [00:01<00:35, 40.64step/s]
[Origin 10/13] 🎲 Drawing Posterior Samples:   6%|▌         | 85/1520 [00:02<00:33, 42.42step/s]
[Origin 10/13] 🎲 Drawing Posterior Samples:   6%|▌         | 90/1520 [00:02<00:34, 41.20step/s]
[Origin 10/13] 🎲 Drawing Posterior Samples:   6%|▋         | 95/1520 [00:02<00:33, 42.95step/s]
[Origin 10/13] 🎲 Drawing Posterior Samples:   7%|▋         | 100/1520 [00:02<00:34, 41.36step/s]
[Origin 10/13] 🎲 Drawing Posterior Samples:   7%|▋         | 105/1520 [00:02<00:35, 40.40step/s]
[Origin 10/13] 🎲 Drawing Posterior Samples:   7%|▋         | 110/1520 [00:02<00:33, 42.26step/s]
[Origin 10/13] 🎲 Drawing Posterior Samples:   8%|▊         | 115/1520 [00:02<00:34, 40.93step/s]
[Origin 10/13] 🎲 Drawing Posterior Samples:   8%|▊         | 120/1520 [00:02<00:32, 42.75step/s]
[Origin 10/13] 🎲 Drawing Posterior Samples:   8%|▊         | 125/1520 [00:02<00:33, 41.56step/s]
[Origin 10/13] 🎲 Drawing Posterior Samples:   9%|▊         | 130/1520 [00:03<00:33, 41.62step/s]
[Origin 10/13] 🎲 Drawing Posterior Samples:   9%|▉         | 135/1520 [00:03<00:32, 41.98step/s]
[Origin 10/13] 🎲 Drawing Posterior Samples:   9%|▉         | 140/1520 [00:03<00:33, 40.74step/s]
[Origin 10/13] 🎲 Drawing Posterior Samples:  10%|▉         | 145/1520 [00:03<00:32, 42.49step/s]
[Origin 10/13] 🎲 Drawing Posterior Samples:  10%|▉         | 150/1520 [00:03<00:33, 41.01step/s]
[Origin 10/13] 🎲 Drawing Posterior Samples:  10%|█         | 155/1520 [00:03<00:33, 41.31step/s]
[Origin 10/13] 🎲 Drawing Posterior Samples:  11%|█         | 160/1520 [00:03<00:32, 41.52step/s]
[Origin 10/13] 🎲 Drawing Posterior Samples:  11%|█         | 165/1520 [00:03<00:33, 40.69step/s]
[Origin 10/13] 🎲 Drawing Posterior Samples:  11%|█         | 170/1520 [00:04<00:31, 42.55step/s]
[Origin 10/13] 🎲 Drawing Posterior Samples:  12%|█▏        | 175/1520 [00:04<00:32, 41.08step/s]
[Origin 10/13] 🎲 Drawing Posterior Samples:  12%|█▏        | 180/1520 [00:04<00:31, 42.84step/s]
[Origin 10/13] 🎲 Drawing Posterior Samples:  12%|█▏        | 185/1520 [00:04<00:32, 41.58step/s]
[Origin 10/13] 🎲 Drawing Posterior Samples:  12%|█▎        | 190/1520 [00:04<00:32, 40.44step/s]
[Origin 10/13] 🎲 Drawing Posterior Samples:  13%|█▎        | 195/1520 [00:04<00:31, 42.37step/s]
[Origin 10/13] 🎲 Drawing Posterior Samples:  13%|█▎        | 200/1520 [00:04<00:32, 41.18step/s]
[Origin 10/13] 🎲 Drawing Posterior Samples:  13%|█▎        | 205/1520 [00:04<00:30, 42.91step/s]
[Origin 10/13] 🎲 Drawing Posterior Samples:  14%|█▍        | 210/1520 [00:05<00:31, 41.61step/s]
[Origin 10/13] 🎲 Drawing Posterior Samples:  14%|█▍        | 215/1520 [00:05<00:32, 40.45step/s]
[Origin 10/13] 🎲 Drawing Posterior Samples:  14%|█▍        | 220/1520 [00:05<00:30, 42.37step/s]
[Origin 10/13] 🎲 Drawing Posterior Samples:  15%|█▍        | 225/1520 [00:05<00:31, 40.97step/s]
[Origin 10/13] 🎲 Drawing Posterior Samples:  15%|█▌        | 230/1520 [00:05<00:30, 42.83step/s]
[Origin 10/13] 🎲 Drawing Posterior Samples:  15%|█▌        | 235/1520 [00:05<00:31, 41.45step/s]
[Origin 10/13] 🎲 Drawing Posterior Samples:  16%|█▌        | 240/1520 [00:05<00:30, 41.36step/s]
[Origin 10/13] 🎲 Drawing Posterior Samples:  16%|█▌        | 245/1520 [00:05<00:30, 42.18step/s]
[Origin 10/13] 🎲 Drawing Posterior Samples:  16%|█▋        | 250/1520 [00:06<00:31, 40.79step/s]
[Origin 10/13] 🎲 Drawing Posterior Samples:  17%|█▋        | 255/1520 [00:06<00:29, 42.63step/s]
[Origin 10/13] 🎲 Drawing Posterior Samples:  17%|█▋        | 260/1520 [00:06<00:30, 41.21step/s]
[Origin 10/13] 🎲 Drawing Posterior Samples:  17%|█▋        | 265/1520 [00:06<00:30, 41.10step/s]
[Origin 10/13] 🎲 Drawing Posterior Samples:  18%|█▊        | 270/1520 [00:06<00:29, 41.96step/s]
[Origin 10/13] 🎲 Drawing Posterior Samples:  18%|█▊        | 275/1520 [00:06<00:30, 40.82step/s]
[Origin 10/13] 🎲 Drawing Posterior Samples:  18%|█▊        | 280/1520 [00:06<00:29, 42.72step/s]
[Origin 10/13] 🎲 Drawing Posterior Samples:  19%|█▉        | 285/1520 [00:06<00:29, 41.29step/s]
[Origin 10/13] 🎲 Drawing Posterior Samples:  19%|█▉        | 290/1520 [00:06<00:28, 42.98step/s]
[Origin 10/13] 🎲 Drawing Posterior Samples:  19%|█▉        | 295/1520 [00:07<00:29, 41.33step/s]
[Origin 10/13] 🎲 Drawing Posterior Samples:  20%|█▉        | 300/1520 [00:07<00:30, 40.39step/s]
[Origin 10/13] 🎲 Drawing Posterior Samples:  20%|██        | 305/1520 [00:07<00:28, 42.33step/s]
[Origin 10/13] 🎲 Drawing Posterior Samples:  20%|██        | 310/1520 [00:07<00:29, 41.00step/s]
[Origin 10/13] 🎲 Drawing Posterior Samples:  21%|██        | 315/1520 [00:07<00:28, 42.82step/s]
[Origin 10/13] 🎲 Drawing Posterior Samples:  21%|██        | 320/1520 [00:07<00:29, 41.34step/s]
[Origin 10/13] 🎲 Drawing Posterior Samples:  21%|██▏       | 325/1520 [00:07<00:29, 40.39step/s]
[Origin 10/13] 🎲 Drawing Posterior Samples:  22%|██▏       | 330/1520 [00:07<00:28, 42.29step/s]
[Origin 10/13] 🎲 Drawing Posterior Samples:  22%|██▏       | 335/1520 [00:08<00:28, 41.24step/s]
[Origin 10/13] 🎲 Drawing Posterior Samples:  22%|██▏       | 340/1520 [00:08<00:27, 42.97step/s]
[Origin 10/13] 🎲 Drawing Posterior Samples:  23%|██▎       | 345/1520 [00:08<00:30, 38.39step/s]
[Origin 10/13] 🎲 Drawing Posterior Samples:  23%|██▎       | 349/1520 [00:08<00:36, 32.21step/s]
[Origin 10/13] 🎲 Drawing Posterior Samples:  23%|██▎       | 353/1520 [00:08<00:38, 30.28step/s]
[Origin 10/13] 🎲 Drawing Posterior Samples:  23%|██▎       | 357/1520 [00:08<00:38, 30.51step/s]
[Origin 10/13] 🎲 Drawing Posterior Samples:  24%|██▍       | 361/1520 [00:09<00:48, 24.11step/s]
[Origin 10/13] 🎲 Drawing Posterior Samples:  24%|██▍       | 365/1520 [00:09<00:44, 25.89step/s]
[Origin 10/13] 🎲 Drawing Posterior Samples:  24%|██▍       | 368/1520 [00:09<00:43, 26.44step/s]
[Origin 10/13] 🎲 Drawing Posterior Samples:  24%|██▍       | 372/1520 [00:09<00:41, 27.74step/s]
[Origin 10/13] 🎲 Drawing Posterior Samples:  25%|██▍       | 375/1520 [00:09<00:40, 28.03step/s]
[Origin 10/13] 🎲 Drawing Posterior Samples:  25%|██▍       | 379/1520 [00:09<00:40, 28.20step/s]
[Origin 10/13] 🎲 Drawing Posterior Samples:  25%|██▌       | 382/1520 [00:10<02:42,  7.01step/s]
[Origin 10/13] 🎲 Drawing Posterior Samples:  25%|██▌       | 386/1520 [00:11<01:58,  9.54step/s]
[Origin 10/13] 🎲 Drawing Posterior Samples:  26%|██▌       | 391/1520 [00:11<01:24, 13.35step/s]
[Origin 10/13] 🎲 Drawing Posterior Samples:  26%|██▌       | 396/1520 [00:11<01:04, 17.53step/s]
[Origin 10/13] 🎲 Drawing Posterior Samples:  26%|██▋       | 400/1520 [00:11<00:54, 20.60step/s]
[Origin 10/13] 🎲 Drawing Posterior Samples:  27%|██▋       | 405/1520 [00:11<00:43, 25.42step/s]
[Origin 10/13] 🎲 Drawing Posterior Samples:  27%|██▋       | 409/1520 [00:11<00:39, 27.81step/s]
[Origin 10/13] 🎲 Drawing Posterior Samples:  27%|██▋       | 414/1520 [00:11<00:34, 32.26step/s]
[Origin 10/13] 🎲 Drawing Posterior Samples:  28%|██▊       | 419/1520 [00:11<00:32, 33.96step/s]
[Origin 10/13] 🎲 Drawing Posterior Samples:  28%|██▊       | 424/1520 [00:11<00:29, 37.33step/s]
[Origin 10/13] 🎲 Drawing Posterior Samples:  28%|██▊       | 429/1520 [00:12<00:29, 37.62step/s]
[Origin 10/13] 🎲 Drawing Posterior Samples:  29%|██▊       | 434/1520 [00:12<00:28, 38.10step/s]
[Origin 10/13] 🎲 Drawing Posterior Samples:  29%|██▉       | 439/1520 [00:12<00:26, 40.46step/s]
[Origin 10/13] 🎲 Drawing Posterior Samples:  29%|██▉       | 444/1520 [00:12<00:27, 39.75step/s]
[Origin 10/13] 🎲 Drawing Posterior Samples:  30%|██▉       | 449/1520 [00:12<00:25, 41.85step/s]
[Origin 10/13] 🎲 Drawing Posterior Samples:  30%|██▉       | 454/1520 [00:12<00:26, 40.57step/s]
[Origin 10/13] 🎲 Drawing Posterior Samples:  30%|███       | 459/1520 [00:12<00:26, 39.93step/s]
[Origin 10/13] 🎲 Drawing Posterior Samples:  31%|███       | 464/1520 [00:12<00:25, 41.86step/s]
[Origin 10/13] 🎲 Drawing Posterior Samples:  31%|███       | 469/1520 [00:13<00:25, 40.60step/s]
[Origin 10/13] 🎲 Drawing Posterior Samples:  31%|███       | 474/1520 [00:13<00:24, 42.54step/s]
[Origin 10/13] 🎲 Drawing Posterior Samples:  32%|███▏      | 479/1520 [00:13<00:25, 41.17step/s]
[Origin 10/13] 🎲 Drawing Posterior Samples:  32%|███▏      | 484/1520 [00:13<00:25, 41.40step/s]
[Origin 10/13] 🎲 Drawing Posterior Samples:  32%|███▏      | 489/1520 [00:13<00:24, 41.80step/s]
[Origin 10/13] 🎲 Drawing Posterior Samples:  32%|███▎      | 494/1520 [00:13<00:25, 40.61step/s]
[Origin 10/13] 🎲 Drawing Posterior Samples:  33%|███▎      | 499/1520 [00:13<00:24, 42.50step/s]
[Origin 10/13] 🎲 Drawing Posterior Samples:  33%|███▎      | 504/1520 [00:13<00:24, 41.08step/s]
[Origin 10/13] 🎲 Drawing Posterior Samples:  33%|███▎      | 509/1520 [00:14<00:24, 41.41step/s]
[Origin 10/13] 🎲 Drawing Posterior Samples:  34%|███▍      | 514/1520 [00:14<00:24, 41.76step/s]
[Origin 10/13] 🎲 Drawing Posterior Samples:  34%|███▍      | 519/1520 [00:14<00:24, 40.80step/s]
[Origin 10/13] 🎲 Drawing Posterior Samples:  34%|███▍      | 524/1520 [00:14<00:23, 42.63step/s]
[Origin 10/13] 🎲 Drawing Posterior Samples:  35%|███▍      | 529/1520 [00:14<00:23, 41.36step/s]
[Origin 10/13] 🎲 Drawing Posterior Samples:  35%|███▌      | 534/1520 [00:14<00:22, 43.06step/s]
[Origin 10/13] 🎲 Drawing Posterior Samples:  35%|███▌      | 539/1520 [00:14<00:23, 41.44step/s]
[Origin 10/13] 🎲 Drawing Posterior Samples:  36%|███▌      | 544/1520 [00:14<00:24, 40.29step/s]
[Origin 10/13] 🎲 Drawing Posterior Samples:  36%|███▌      | 549/1520 [00:15<00:22, 42.25step/s]
[Origin 10/13] 🎲 Drawing Posterior Samples:  36%|███▋      | 554/1520 [00:15<00:23, 40.95step/s]
[Origin 10/13] 🎲 Drawing Posterior Samples:  37%|███▋      | 559/1520 [00:15<00:22, 42.80step/s]
[Origin 10/13] 🎲 Drawing Posterior Samples:  37%|███▋      | 564/1520 [00:15<00:23, 41.44step/s]
[Origin 10/13] 🎲 Drawing Posterior Samples:  37%|███▋      | 569/1520 [00:15<00:23, 40.18step/s]
[Origin 10/13] 🎲 Drawing Posterior Samples:  38%|███▊      | 574/1520 [00:15<00:22, 42.16step/s]
[Origin 10/13] 🎲 Drawing Posterior Samples:  38%|███▊      | 579/1520 [00:15<00:22, 40.99step/s]
[Origin 10/13] 🎲 Drawing Posterior Samples:  38%|███▊      | 584/1520 [00:15<00:21, 42.78step/s]
[Origin 10/13] 🎲 Drawing Posterior Samples:  39%|███▉      | 589/1520 [00:15<00:22, 41.19step/s]
[Origin 10/13] 🎲 Drawing Posterior Samples:  39%|███▉      | 594/1520 [00:16<00:22, 40.50step/s]
[Origin 10/13] 🎲 Drawing Posterior Samples:  39%|███▉      | 599/1520 [00:16<00:21, 42.09step/s]
[Origin 10/13] 🎲 Drawing Posterior Samples:  40%|███▉      | 604/1520 [00:16<00:22, 40.73step/s]
[Origin 10/13] 🎲 Drawing Posterior Samples:  40%|████      | 609/1520 [00:16<00:21, 42.59step/s]
[Origin 10/13] 🎲 Drawing Posterior Samples:  40%|████      | 614/1520 [00:16<00:22, 41.09step/s]
[Origin 10/13] 🎲 Drawing Posterior Samples:  41%|████      | 619/1520 [00:16<00:22, 40.36step/s]
[Origin 10/13] 🎲 Drawing Posterior Samples:  41%|████      | 624/1520 [00:16<00:21, 42.21step/s]
[Origin 10/13] 🎲 Drawing Posterior Samples:  41%|████▏     | 629/1520 [00:16<00:21, 40.89step/s]
[Origin 10/13] 🎲 Drawing Posterior Samples:  42%|████▏     | 634/1520 [00:17<00:20, 42.73step/s]
[Origin 10/13] 🎲 Drawing Posterior Samples:  42%|████▏     | 639/1520 [00:17<00:21, 41.14step/s]
[Origin 10/13] 🎲 Drawing Posterior Samples:  42%|████▏     | 644/1520 [00:17<00:21, 41.22step/s]
[Origin 10/13] 🎲 Drawing Posterior Samples:  43%|████▎     | 649/1520 [00:17<00:20, 41.79step/s]
[Origin 10/13] 🎲 Drawing Posterior Samples:  43%|████▎     | 654/1520 [00:17<00:21, 40.61step/s]
[Origin 10/13] 🎲 Drawing Posterior Samples:  43%|████▎     | 659/1520 [00:17<00:20, 42.52step/s]
[Origin 10/13] 🎲 Drawing Posterior Samples:  44%|████▎     | 664/1520 [00:17<00:20, 41.13step/s]
[Origin 10/13] 🎲 Drawing Posterior Samples:  44%|████▍     | 669/1520 [00:17<00:20, 41.36step/s]
[Origin 10/13] 🎲 Drawing Posterior Samples:  44%|████▍     | 674/1520 [00:18<00:20, 41.78step/s]
[Origin 10/13] 🎲 Drawing Posterior Samples:  45%|████▍     | 679/1520 [00:18<00:20, 40.76step/s]
[Origin 10/13] 🎲 Drawing Posterior Samples:  45%|████▌     | 684/1520 [00:18<00:19, 42.61step/s]
[Origin 10/13] 🎲 Drawing Posterior Samples:  45%|████▌     | 689/1520 [00:18<00:20, 41.23step/s]
[Origin 10/13] 🎲 Drawing Posterior Samples:  46%|████▌     | 694/1520 [00:18<00:19, 42.97step/s]
[Origin 10/13] 🎲 Drawing Posterior Samples:  46%|████▌     | 699/1520 [00:18<00:19, 41.66step/s]
[Origin 10/13] 🎲 Drawing Posterior Samples:  46%|████▋     | 704/1520 [00:18<00:20, 40.33step/s]
[Origin 10/13] 🎲 Drawing Posterior Samples:  47%|████▋     | 709/1520 [00:18<00:19, 42.28step/s]
[Origin 10/13] 🎲 Drawing Posterior Samples:  47%|████▋     | 714/1520 [00:18<00:19, 41.10step/s]
[Origin 10/13] 🎲 Drawing Posterior Samples:  47%|████▋     | 719/1520 [00:19<00:18, 42.88step/s]
[Origin 10/13] 🎲 Drawing Posterior Samples:  48%|████▊     | 724/1520 [00:19<00:19, 41.27step/s]
[Origin 10/13] 🎲 Drawing Posterior Samples:  48%|████▊     | 729/1520 [00:19<00:26, 29.55step/s]
[Origin 10/13] 🎲 Drawing Posterior Samples:  48%|████▊     | 733/1520 [00:19<00:28, 27.57step/s]
[Origin 10/13] 🎲 Drawing Posterior Samples:  48%|████▊     | 737/1520 [00:19<00:28, 27.33step/s]
[Origin 10/13] 🎲 Drawing Posterior Samples:  49%|████▉     | 741/1520 [00:19<00:28, 27.75step/s]
[Origin 10/13] 🎲 Drawing Posterior Samples:  49%|████▉     | 745/1520 [00:20<00:26, 28.72step/s]
[Origin 10/13] 🎲 Drawing Posterior Samples:  49%|████▉     | 749/1520 [00:20<00:26, 28.70step/s]
[Origin 10/13] 🎲 Drawing Posterior Samples:  49%|████▉     | 752/1520 [00:20<00:26, 28.72step/s]
[Origin 10/13] 🎲 Drawing Posterior Samples:  50%|████▉     | 755/1520 [00:20<00:26, 28.65step/s]
[Origin 10/13] 🎲 Drawing Posterior Samples:  50%|████▉     | 758/1520 [00:20<00:27, 28.05step/s]
[Origin 10/13] 🎲 Drawing Posterior Samples:  50%|█████     | 761/1520 [00:21<01:43,  7.34step/s]
[Origin 10/13] 🎲 Drawing Posterior Samples:  50%|█████     | 766/1520 [00:21<01:08, 11.04step/s]
[Origin 10/13] 🎲 Drawing Posterior Samples:  51%|█████     | 770/1520 [00:21<00:53, 14.09step/s]
[Origin 10/13] 🎲 Drawing Posterior Samples:  51%|█████     | 775/1520 [00:22<00:39, 18.82step/s]
[Origin 10/13] 🎲 Drawing Posterior Samples:  51%|█████▏    | 779/1520 [00:22<00:33, 21.96step/s]
[Origin 10/13] 🎲 Drawing Posterior Samples:  52%|█████▏    | 784/1520 [00:22<00:27, 26.74step/s]
[Origin 10/13] 🎲 Drawing Posterior Samples:  52%|█████▏    | 788/1520 [00:22<00:25, 29.02step/s]
[Origin 10/13] 🎲 Drawing Posterior Samples:  52%|█████▏    | 793/1520 [00:22<00:21, 33.38step/s]
[Origin 10/13] 🎲 Drawing Posterior Samples:  52%|█████▎    | 798/1520 [00:22<00:20, 34.79step/s]
[Origin 10/13] 🎲 Drawing Posterior Samples:  53%|█████▎    | 803/1520 [00:22<00:18, 38.02step/s]
[Origin 10/13] 🎲 Drawing Posterior Samples:  53%|█████▎    | 808/1520 [00:22<00:18, 38.32step/s]
[Origin 10/13] 🎲 Drawing Posterior Samples:  53%|█████▎    | 813/1520 [00:23<00:18, 38.14step/s]
[Origin 10/13] 🎲 Drawing Posterior Samples:  54%|█████▍    | 818/1520 [00:23<00:17, 40.63step/s]
[Origin 10/13] 🎲 Drawing Posterior Samples:  54%|█████▍    | 823/1520 [00:23<00:17, 39.85step/s]
[Origin 10/13] 🎲 Drawing Posterior Samples:  54%|█████▍    | 828/1520 [00:23<00:16, 41.90step/s]
[Origin 10/13] 🎲 Drawing Posterior Samples:  55%|█████▍    | 833/1520 [00:23<00:16, 40.84step/s]
[Origin 10/13] 🎲 Drawing Posterior Samples:  55%|█████▌    | 838/1520 [00:23<00:16, 41.04step/s]
[Origin 10/13] 🎲 Drawing Posterior Samples:  55%|█████▌    | 843/1520 [00:23<00:16, 41.97step/s]
[Origin 10/13] 🎲 Drawing Posterior Samples:  56%|█████▌    | 848/1520 [00:23<00:16, 40.64step/s]
[Origin 10/13] 🎲 Drawing Posterior Samples:  56%|█████▌    | 853/1520 [00:23<00:15, 42.50step/s]
[Origin 10/13] 🎲 Drawing Posterior Samples:  56%|█████▋    | 858/1520 [00:24<00:16, 41.18step/s]
[Origin 10/13] 🎲 Drawing Posterior Samples:  57%|█████▋    | 863/1520 [00:24<00:16, 40.76step/s]
[Origin 10/13] 🎲 Drawing Posterior Samples:  57%|█████▋    | 868/1520 [00:24<00:15, 42.11step/s]
[Origin 10/13] 🎲 Drawing Posterior Samples:  57%|█████▋    | 873/1520 [00:24<00:15, 40.66step/s]
[Origin 10/13] 🎲 Drawing Posterior Samples:  58%|█████▊    | 878/1520 [00:24<00:15, 42.52step/s]
[Origin 10/13] 🎲 Drawing Posterior Samples:  58%|█████▊    | 883/1520 [00:24<00:15, 41.26step/s]
[Origin 10/13] 🎲 Drawing Posterior Samples:  58%|█████▊    | 888/1520 [00:24<00:15, 40.89step/s]
[Origin 10/13] 🎲 Drawing Posterior Samples:  59%|█████▉    | 893/1520 [00:24<00:14, 42.07step/s]
[Origin 10/13] 🎲 Drawing Posterior Samples:  59%|█████▉    | 898/1520 [00:25<00:15, 41.10step/s]
[Origin 10/13] 🎲 Drawing Posterior Samples:  59%|█████▉    | 903/1520 [00:25<00:14, 42.88step/s]
[Origin 10/13] 🎲 Drawing Posterior Samples:  60%|█████▉    | 908/1520 [00:25<00:14, 41.20step/s]
[Origin 10/13] 🎲 Drawing Posterior Samples:  60%|██████    | 913/1520 [00:25<00:14, 41.51step/s]
[Origin 10/13] 🎲 Drawing Posterior Samples:  60%|██████    | 918/1520 [00:25<00:14, 41.85step/s]
[Origin 10/13] 🎲 Drawing Posterior Samples:  61%|██████    | 923/1520 [00:25<00:14, 40.72step/s]
[Origin 10/13] 🎲 Drawing Posterior Samples:  61%|██████    | 928/1520 [00:25<00:13, 42.58step/s]
[Origin 10/13] 🎲 Drawing Posterior Samples:  61%|██████▏   | 933/1520 [00:25<00:14, 41.21step/s]
[Origin 10/13] 🎲 Drawing Posterior Samples:  62%|██████▏   | 938/1520 [00:25<00:13, 42.98step/s]
[Origin 10/13] 🎲 Drawing Posterior Samples:  62%|██████▏   | 943/1520 [00:26<00:13, 41.46step/s]
[Origin 10/13] 🎲 Drawing Posterior Samples:  62%|██████▏   | 948/1520 [00:26<00:14, 40.55step/s]
[Origin 10/13] 🎲 Drawing Posterior Samples:  63%|██████▎   | 953/1520 [00:26<00:13, 42.35step/s]
[Origin 10/13] 🎲 Drawing Posterior Samples:  63%|██████▎   | 958/1520 [00:26<00:13, 41.19step/s]
[Origin 10/13] 🎲 Drawing Posterior Samples:  63%|██████▎   | 963/1520 [00:26<00:12, 42.95step/s]
[Origin 10/13] 🎲 Drawing Posterior Samples:  64%|██████▎   | 968/1520 [00:26<00:13, 41.25step/s]
[Origin 10/13] 🎲 Drawing Posterior Samples:  64%|██████▍   | 973/1520 [00:26<00:13, 40.39step/s]
[Origin 10/13] 🎲 Drawing Posterior Samples:  64%|██████▍   | 978/1520 [00:26<00:12, 42.23step/s]
[Origin 10/13] 🎲 Drawing Posterior Samples:  65%|██████▍   | 983/1520 [00:27<00:13, 40.89step/s]
[Origin 10/13] 🎲 Drawing Posterior Samples:  65%|██████▌   | 988/1520 [00:27<00:12, 42.70step/s]
[Origin 10/13] 🎲 Drawing Posterior Samples:  65%|██████▌   | 993/1520 [00:27<00:12, 41.26step/s]
[Origin 10/13] 🎲 Drawing Posterior Samples:  66%|██████▌   | 998/1520 [00:27<00:12, 40.55step/s]
[Origin 10/13] 🎲 Drawing Posterior Samples:  66%|██████▌   | 1003/1520 [00:27<00:12, 42.33step/s]
[Origin 10/13] 🎲 Drawing Posterior Samples:  66%|██████▋   | 1008/1520 [00:27<00:12, 41.08step/s]
[Origin 10/13] 🎲 Drawing Posterior Samples:  67%|██████▋   | 1013/1520 [00:27<00:11, 42.85step/s]
[Origin 10/13] 🎲 Drawing Posterior Samples:  67%|██████▋   | 1018/1520 [00:27<00:12, 41.28step/s]
[Origin 10/13] 🎲 Drawing Posterior Samples:  67%|██████▋   | 1023/1520 [00:28<00:11, 41.50step/s]
[Origin 10/13] 🎲 Drawing Posterior Samples:  68%|██████▊   | 1028/1520 [00:28<00:11, 41.80step/s]
[Origin 10/13] 🎲 Drawing Posterior Samples:  68%|██████▊   | 1033/1520 [00:28<00:11, 40.67step/s]
[Origin 10/13] 🎲 Drawing Posterior Samples:  68%|██████▊   | 1038/1520 [00:28<00:11, 42.54step/s]
[Origin 10/13] 🎲 Drawing Posterior Samples:  69%|██████▊   | 1043/1520 [00:28<00:11, 41.20step/s]
[Origin 10/13] 🎲 Drawing Posterior Samples:  69%|██████▉   | 1048/1520 [00:28<00:11, 40.31step/s]
[Origin 10/13] 🎲 Drawing Posterior Samples:  69%|██████▉   | 1053/1520 [00:28<00:11, 42.23step/s]
[Origin 10/13] 🎲 Drawing Posterior Samples:  70%|██████▉   | 1058/1520 [00:28<00:11, 40.93step/s]
[Origin 10/13] 🎲 Drawing Posterior Samples:  70%|██████▉   | 1063/1520 [00:29<00:10, 42.77step/s]
[Origin 10/13] 🎲 Drawing Posterior Samples:  70%|███████   | 1068/1520 [00:29<00:10, 41.16step/s]
[Origin 10/13] 🎲 Drawing Posterior Samples:  71%|███████   | 1073/1520 [00:29<00:10, 42.90step/s]
[Origin 10/13] 🎲 Drawing Posterior Samples:  71%|███████   | 1078/1520 [00:29<00:10, 41.32step/s]
[Origin 10/13] 🎲 Drawing Posterior Samples:  71%|███████▏  | 1083/1520 [00:29<00:10, 40.36step/s]
[Origin 10/13] 🎲 Drawing Posterior Samples:  72%|███████▏  | 1088/1520 [00:29<00:10, 42.31step/s]
[Origin 10/13] 🎲 Drawing Posterior Samples:  72%|███████▏  | 1093/1520 [00:29<00:10, 40.96step/s]
[Origin 10/13] 🎲 Drawing Posterior Samples:  72%|███████▏  | 1098/1520 [00:29<00:09, 42.75step/s]
[Origin 10/13] 🎲 Drawing Posterior Samples:  73%|███████▎  | 1103/1520 [00:29<00:10, 41.46step/s]
[Origin 10/13] 🎲 Drawing Posterior Samples:  73%|███████▎  | 1108/1520 [00:30<00:12, 33.08step/s]
[Origin 10/13] 🎲 Drawing Posterior Samples:  73%|███████▎  | 1112/1520 [00:30<00:13, 30.68step/s]
[Origin 10/13] 🎲 Drawing Posterior Samples:  73%|███████▎  | 1116/1520 [00:30<00:13, 29.67step/s]
[Origin 10/13] 🎲 Drawing Posterior Samples:  74%|███████▎  | 1120/1520 [00:30<00:13, 30.13step/s]
[Origin 10/13] 🎲 Drawing Posterior Samples:  74%|███████▍  | 1124/1520 [00:30<00:13, 29.13step/s]
[Origin 10/13] 🎲 Drawing Posterior Samples:  74%|███████▍  | 1127/1520 [00:30<00:13, 28.33step/s]
[Origin 10/13] 🎲 Drawing Posterior Samples:  74%|███████▍  | 1131/1520 [00:31<00:13, 29.00step/s]
[Origin 10/13] 🎲 Drawing Posterior Samples:  75%|███████▍  | 1134/1520 [00:31<00:13, 28.29step/s]
[Origin 10/13] 🎲 Drawing Posterior Samples:  75%|███████▍  | 1138/1520 [00:31<00:13, 28.69step/s]
[Origin 10/13] 🎲 Drawing Posterior Samples:  75%|███████▌  | 1141/1520 [00:32<00:52,  7.16step/s]
[Origin 10/13] 🎲 Drawing Posterior Samples:  75%|███████▌  | 1146/1520 [00:32<00:36, 10.35step/s]
[Origin 10/13] 🎲 Drawing Posterior Samples:  76%|███████▌  | 1151/1520 [00:32<00:25, 14.28step/s]
[Origin 10/13] 🎲 Drawing Posterior Samples:  76%|███████▌  | 1155/1520 [00:32<00:21, 17.30step/s]
[Origin 10/13] 🎲 Drawing Posterior Samples:  76%|███████▋  | 1160/1520 [00:33<00:16, 22.06step/s]
[Origin 10/13] 🎲 Drawing Posterior Samples:  77%|███████▋  | 1164/1520 [00:33<00:14, 24.82step/s]
[Origin 10/13] 🎲 Drawing Posterior Samples:  77%|███████▋  | 1169/1520 [00:33<00:11, 29.53step/s]
[Origin 10/13] 🎲 Drawing Posterior Samples:  77%|███████▋  | 1174/1520 [00:33<00:10, 31.88step/s]
[Origin 10/13] 🎲 Drawing Posterior Samples:  78%|███████▊  | 1179/1520 [00:33<00:10, 33.77step/s]
[Origin 10/13] 🎲 Drawing Posterior Samples:  78%|███████▊  | 1184/1520 [00:33<00:09, 37.06step/s]
[Origin 10/13] 🎲 Drawing Posterior Samples:  78%|███████▊  | 1189/1520 [00:33<00:08, 37.52step/s]
[Origin 10/13] 🎲 Drawing Posterior Samples:  79%|███████▊  | 1194/1520 [00:33<00:08, 40.12step/s]
[Origin 10/13] 🎲 Drawing Posterior Samples:  79%|███████▉  | 1199/1520 [00:33<00:08, 39.55step/s]
[Origin 10/13] 🎲 Drawing Posterior Samples:  79%|███████▉  | 1204/1520 [00:34<00:07, 40.17step/s]
[Origin 10/13] 🎲 Drawing Posterior Samples:  80%|███████▉  | 1209/1520 [00:34<00:07, 40.91step/s]
[Origin 10/13] 🎲 Drawing Posterior Samples:  80%|███████▉  | 1214/1520 [00:34<00:07, 40.19step/s]
[Origin 10/13] 🎲 Drawing Posterior Samples:  80%|████████  | 1219/1520 [00:34<00:07, 42.18step/s]
[Origin 10/13] 🎲 Drawing Posterior Samples:  81%|████████  | 1224/1520 [00:34<00:07, 40.82step/s]
[Origin 10/13] 🎲 Drawing Posterior Samples:  81%|████████  | 1229/1520 [00:34<00:07, 41.13step/s]
[Origin 10/13] 🎲 Drawing Posterior Samples:  81%|████████  | 1234/1520 [00:34<00:06, 41.59step/s]
[Origin 10/13] 🎲 Drawing Posterior Samples:  82%|████████▏ | 1239/1520 [00:34<00:06, 40.52step/s]
[Origin 10/13] 🎲 Drawing Posterior Samples:  82%|████████▏ | 1244/1520 [00:35<00:06, 42.39step/s]
[Origin 10/13] 🎲 Drawing Posterior Samples:  82%|████████▏ | 1249/1520 [00:35<00:06, 41.11step/s]
[Origin 10/13] 🎲 Drawing Posterior Samples:  82%|████████▎ | 1254/1520 [00:35<00:06, 42.88step/s]
[Origin 10/13] 🎲 Drawing Posterior Samples:  83%|████████▎ | 1259/1520 [00:35<00:06, 41.44step/s]
[Origin 10/13] 🎲 Drawing Posterior Samples:  83%|████████▎ | 1264/1520 [00:35<00:06, 40.53step/s]
[Origin 10/13] 🎲 Drawing Posterior Samples:  83%|████████▎ | 1269/1520 [00:35<00:05, 42.40step/s]
[Origin 10/13] 🎲 Drawing Posterior Samples:  84%|████████▍ | 1274/1520 [00:35<00:05, 41.06step/s]
[Origin 10/13] 🎲 Drawing Posterior Samples:  84%|████████▍ | 1279/1520 [00:35<00:05, 42.83step/s]
[Origin 10/13] 🎲 Drawing Posterior Samples:  84%|████████▍ | 1284/1520 [00:36<00:05, 41.16step/s]
[Origin 10/13] 🎲 Drawing Posterior Samples:  85%|████████▍ | 1289/1520 [00:36<00:05, 41.04step/s]
[Origin 10/13] 🎲 Drawing Posterior Samples:  85%|████████▌ | 1294/1520 [00:36<00:05, 41.89step/s]
[Origin 10/13] 🎲 Drawing Posterior Samples:  85%|████████▌ | 1299/1520 [00:36<00:05, 40.50step/s]
[Origin 10/13] 🎲 Drawing Posterior Samples:  86%|████████▌ | 1304/1520 [00:36<00:05, 42.40step/s]
[Origin 10/13] 🎲 Drawing Posterior Samples:  86%|████████▌ | 1309/1520 [00:36<00:05, 40.94step/s]
[Origin 10/13] 🎲 Drawing Posterior Samples:  86%|████████▋ | 1314/1520 [00:36<00:05, 40.39step/s]
[Origin 10/13] 🎲 Drawing Posterior Samples:  87%|████████▋ | 1319/1520 [00:36<00:04, 41.95step/s]
[Origin 10/13] 🎲 Drawing Posterior Samples:  87%|████████▋ | 1324/1520 [00:37<00:04, 40.76step/s]
[Origin 10/13] 🎲 Drawing Posterior Samples:  87%|████████▋ | 1329/1520 [00:37<00:04, 42.61step/s]
[Origin 10/13] 🎲 Drawing Posterior Samples:  88%|████████▊ | 1334/1520 [00:37<00:04, 41.08step/s]
[Origin 10/13] 🎲 Drawing Posterior Samples:  88%|████████▊ | 1339/1520 [00:37<00:04, 41.34step/s]
[Origin 10/13] 🎲 Drawing Posterior Samples:  88%|████████▊ | 1344/1520 [00:37<00:04, 41.74step/s]
[Origin 10/13] 🎲 Drawing Posterior Samples:  89%|████████▉ | 1349/1520 [00:37<00:04, 40.68step/s]
[Origin 10/13] 🎲 Drawing Posterior Samples:  89%|████████▉ | 1354/1520 [00:37<00:03, 42.54step/s]
[Origin 10/13] 🎲 Drawing Posterior Samples:  89%|████████▉ | 1359/1520 [00:37<00:03, 41.24step/s]
[Origin 10/13] 🎲 Drawing Posterior Samples:  90%|████████▉ | 1364/1520 [00:37<00:03, 41.44step/s]
[Origin 10/13] 🎲 Drawing Posterior Samples:  90%|█████████ | 1369/1520 [00:38<00:03, 41.63step/s]
[Origin 10/13] 🎲 Drawing Posterior Samples:  90%|█████████ | 1374/1520 [00:38<00:03, 40.54step/s]
[Origin 10/13] 🎲 Drawing Posterior Samples:  91%|█████████ | 1379/1520 [00:38<00:03, 42.45step/s]
[Origin 10/13] 🎲 Drawing Posterior Samples:  91%|█████████ | 1384/1520 [00:38<00:03, 41.11step/s]
[Origin 10/13] 🎲 Drawing Posterior Samples:  91%|█████████▏| 1389/1520 [00:38<00:03, 41.32step/s]
[Origin 10/13] 🎲 Drawing Posterior Samples:  92%|█████████▏| 1394/1520 [00:38<00:03, 41.73step/s]
[Origin 10/13] 🎲 Drawing Posterior Samples:  92%|█████████▏| 1399/1520 [00:38<00:03, 40.21step/s]
[Origin 10/13] 🎲 Drawing Posterior Samples:  92%|█████████▏| 1404/1520 [00:38<00:02, 42.19step/s]
[Origin 10/13] 🎲 Drawing Posterior Samples:  93%|█████████▎| 1409/1520 [00:39<00:02, 40.84step/s]
[Origin 10/13] 🎲 Drawing Posterior Samples:  93%|█████████▎| 1414/1520 [00:39<00:02, 41.24step/s]
[Origin 10/13] 🎲 Drawing Posterior Samples:  93%|█████████▎| 1419/1520 [00:39<00:02, 41.57step/s]
[Origin 10/13] 🎲 Drawing Posterior Samples:  94%|█████████▎| 1424/1520 [00:39<00:02, 40.70step/s]
[Origin 10/13] 🎲 Drawing Posterior Samples:  94%|█████████▍| 1429/1520 [00:39<00:02, 42.56step/s]
[Origin 10/13] 🎲 Drawing Posterior Samples:  94%|█████████▍| 1434/1520 [00:39<00:02, 41.11step/s]
[Origin 10/13] 🎲 Drawing Posterior Samples:  95%|█████████▍| 1439/1520 [00:39<00:01, 42.88step/s]
[Origin 10/13] 🎲 Drawing Posterior Samples:  95%|█████████▌| 1444/1520 [00:39<00:01, 41.34step/s]
[Origin 10/13] 🎲 Drawing Posterior Samples:  95%|█████████▌| 1449/1520 [00:40<00:01, 40.50step/s]
[Origin 10/13] 🎲 Drawing Posterior Samples:  96%|█████████▌| 1454/1520 [00:40<00:01, 42.38step/s]
[Origin 10/13] 🎲 Drawing Posterior Samples:  96%|█████████▌| 1459/1520 [00:40<00:01, 41.01step/s]
[Origin 10/13] 🎲 Drawing Posterior Samples:  96%|█████████▋| 1464/1520 [00:40<00:01, 42.80step/s]
[Origin 10/13] 🎲 Drawing Posterior Samples:  97%|█████████▋| 1469/1520 [00:40<00:01, 41.19step/s]
[Origin 10/13] 🎲 Drawing Posterior Samples:  97%|█████████▋| 1474/1520 [00:40<00:01, 40.37step/s]
[Origin 10/13] 🎲 Drawing Posterior Samples:  97%|█████████▋| 1479/1520 [00:40<00:00, 42.20step/s]
[Origin 10/13] 🎲 Drawing Posterior Samples:  98%|█████████▊| 1484/1520 [00:40<00:00, 40.80step/s]
[Origin 10/13] 🎲 Drawing Posterior Samples:  98%|█████████▊| 1489/1520 [00:41<00:00, 34.37step/s]
[Origin 10/13] 🎲 Drawing Posterior Samples:  98%|█████████▊| 1493/1520 [00:41<00:00, 33.50step/s]
[Origin 10/13] 🎲 Drawing Posterior Samples:  98%|█████████▊| 1497/1520 [00:41<00:00, 32.08step/s]
[Origin 10/13] 🎲 Drawing Posterior Samples:  99%|█████████▉| 1501/1520 [00:41<00:00, 30.77step/s]
[Origin 10/13] 🎲 Drawing Posterior Samples:  99%|█████████▉| 1505/1520 [00:41<00:00, 30.81step/s]
[Origin 10/13] 🎲 Drawing Posterior Samples:  99%|█████████▉| 1509/1520 [00:41<00:00, 30.26step/s]
[Origin 10/13] 🎲 Drawing Posterior Samples: 100%|█████████▉| 1513/1520 [00:41<00:00, 29.11step/s]
[Origin 10/13] 🎲 Drawing Posterior Samples: 100%|█████████▉| 1517/1520 [00:42<00:00, 28.12step/s]
                                                                                                  

[Origin 11/13] 🎲 Drawing Posterior Samples:   0%|          | 0/1524 [00:00<?, ?step/s]
[Origin 11/13] 🎲 Drawing Posterior Samples:   0%|          | 5/1524 [00:00<00:34, 43.74step/s]
[Origin 11/13] 🎲 Drawing Posterior Samples:   1%|          | 10/1524 [00:00<00:32, 45.96step/s]
[Origin 11/13] 🎲 Drawing Posterior Samples:   1%|          | 15/1524 [00:00<00:35, 42.01step/s]
[Origin 11/13] 🎲 Drawing Posterior Samples:   1%|▏         | 20/1524 [00:00<00:36, 40.70step/s]
[Origin 11/13] 🎲 Drawing Posterior Samples:   2%|▏         | 25/1524 [00:00<00:34, 42.96step/s]
[Origin 11/13] 🎲 Drawing Posterior Samples:   2%|▏         | 30/1524 [00:00<00:36, 41.20step/s]
[Origin 11/13] 🎲 Drawing Posterior Samples:   2%|▏         | 35/1524 [00:00<00:34, 43.12step/s]
[Origin 11/13] 🎲 Drawing Posterior Samples:   3%|▎         | 40/1524 [00:00<00:35, 41.39step/s]
[Origin 11/13] 🎲 Drawing Posterior Samples:   3%|▎         | 45/1524 [00:01<00:36, 40.13step/s]
[Origin 11/13] 🎲 Drawing Posterior Samples:   3%|▎         | 50/1524 [00:01<00:34, 42.19step/s]
[Origin 11/13] 🎲 Drawing Posterior Samples:   4%|▎         | 55/1524 [00:01<00:35, 41.17step/s]
[Origin 11/13] 🎲 Drawing Posterior Samples:   4%|▍         | 60/1524 [00:01<00:34, 42.95step/s]
[Origin 11/13] 🎲 Drawing Posterior Samples:   4%|▍         | 65/1524 [00:01<00:35, 41.44step/s]
[Origin 11/13] 🎲 Drawing Posterior Samples:   5%|▍         | 70/1524 [00:01<00:35, 40.69step/s]
[Origin 11/13] 🎲 Drawing Posterior Samples:   5%|▍         | 75/1524 [00:01<00:34, 42.25step/s]
[Origin 11/13] 🎲 Drawing Posterior Samples:   5%|▌         | 80/1524 [00:01<00:35, 41.04step/s]
[Origin 11/13] 🎲 Drawing Posterior Samples:   6%|▌         | 85/1524 [00:02<00:33, 42.83step/s]
[Origin 11/13] 🎲 Drawing Posterior Samples:   6%|▌         | 90/1524 [00:02<00:34, 41.32step/s]
[Origin 11/13] 🎲 Drawing Posterior Samples:   6%|▌         | 95/1524 [00:02<00:35, 40.46step/s]
[Origin 11/13] 🎲 Drawing Posterior Samples:   7%|▋         | 100/1524 [00:02<00:33, 42.27step/s]
[Origin 11/13] 🎲 Drawing Posterior Samples:   7%|▋         | 105/1524 [00:02<00:34, 40.78step/s]
[Origin 11/13] 🎲 Drawing Posterior Samples:   7%|▋         | 110/1524 [00:02<00:33, 42.61step/s]
[Origin 11/13] 🎲 Drawing Posterior Samples:   8%|▊         | 115/1524 [00:02<00:34, 41.10step/s]
[Origin 11/13] 🎲 Drawing Posterior Samples:   8%|▊         | 120/1524 [00:02<00:33, 41.37step/s]
[Origin 11/13] 🎲 Drawing Posterior Samples:   8%|▊         | 125/1524 [00:02<00:33, 41.72step/s]
[Origin 11/13] 🎲 Drawing Posterior Samples:   9%|▊         | 130/1524 [00:03<00:34, 40.59step/s]
[Origin 11/13] 🎲 Drawing Posterior Samples:   9%|▉         | 135/1524 [00:03<00:32, 42.49step/s]
[Origin 11/13] 🎲 Drawing Posterior Samples:   9%|▉         | 140/1524 [00:03<00:33, 41.09step/s]
[Origin 11/13] 🎲 Drawing Posterior Samples:  10%|▉         | 145/1524 [00:03<00:33, 41.40step/s]
[Origin 11/13] 🎲 Drawing Posterior Samples:  10%|▉         | 150/1524 [00:03<00:32, 41.75step/s]
[Origin 11/13] 🎲 Drawing Posterior Samples:  10%|█         | 155/1524 [00:03<00:33, 40.68step/s]
[Origin 11/13] 🎲 Drawing Posterior Samples:  10%|█         | 160/1524 [00:03<00:32, 42.55step/s]
[Origin 11/13] 🎲 Drawing Posterior Samples:  11%|█         | 165/1524 [00:03<00:32, 41.24step/s]
[Origin 11/13] 🎲 Drawing Posterior Samples:  11%|█         | 170/1524 [00:04<00:31, 43.00step/s]
[Origin 11/13] 🎲 Drawing Posterior Samples:  11%|█▏        | 175/1524 [00:04<00:32, 41.64step/s]
[Origin 11/13] 🎲 Drawing Posterior Samples:  12%|█▏        | 180/1524 [00:04<00:33, 40.52step/s]
[Origin 11/13] 🎲 Drawing Posterior Samples:  12%|█▏        | 185/1524 [00:04<00:31, 42.38step/s]
[Origin 11/13] 🎲 Drawing Posterior Samples:  12%|█▏        | 190/1524 [00:04<00:32, 41.09step/s]
[Origin 11/13] 🎲 Drawing Posterior Samples:  13%|█▎        | 195/1524 [00:04<00:31, 42.86step/s]
[Origin 11/13] 🎲 Drawing Posterior Samples:  13%|█▎        | 200/1524 [00:04<00:32, 41.34step/s]
[Origin 11/13] 🎲 Drawing Posterior Samples:  13%|█▎        | 205/1524 [00:04<00:32, 40.40step/s]
[Origin 11/13] 🎲 Drawing Posterior Samples:  14%|█▍        | 210/1524 [00:05<00:31, 42.31step/s]
[Origin 11/13] 🎲 Drawing Posterior Samples:  14%|█▍        | 215/1524 [00:05<00:31, 40.98step/s]
[Origin 11/13] 🎲 Drawing Posterior Samples:  14%|█▍        | 220/1524 [00:05<00:30, 42.79step/s]
[Origin 11/13] 🎲 Drawing Posterior Samples:  15%|█▍        | 225/1524 [00:05<00:31, 41.17step/s]
[Origin 11/13] 🎲 Drawing Posterior Samples:  15%|█▌        | 230/1524 [00:05<00:32, 40.28step/s]
[Origin 11/13] 🎲 Drawing Posterior Samples:  15%|█▌        | 235/1524 [00:05<00:30, 42.22step/s]
[Origin 11/13] 🎲 Drawing Posterior Samples:  16%|█▌        | 240/1524 [00:05<00:31, 40.98step/s]
[Origin 11/13] 🎲 Drawing Posterior Samples:  16%|█▌        | 245/1524 [00:05<00:29, 42.79step/s]
[Origin 11/13] 🎲 Drawing Posterior Samples:  16%|█▋        | 250/1524 [00:06<00:30, 41.26step/s]
[Origin 11/13] 🎲 Drawing Posterior Samples:  17%|█▋        | 255/1524 [00:06<00:30, 40.97step/s]
[Origin 11/13] 🎲 Drawing Posterior Samples:  17%|█▋        | 260/1524 [00:06<00:29, 42.21step/s]
[Origin 11/13] 🎲 Drawing Posterior Samples:  17%|█▋        | 265/1524 [00:06<00:30, 41.01step/s]
[Origin 11/13] 🎲 Drawing Posterior Samples:  18%|█▊        | 270/1524 [00:06<00:29, 42.81step/s]
[Origin 11/13] 🎲 Drawing Posterior Samples:  18%|█▊        | 275/1524 [00:06<00:30, 41.37step/s]
[Origin 11/13] 🎲 Drawing Posterior Samples:  18%|█▊        | 280/1524 [00:06<00:30, 40.97step/s]
[Origin 11/13] 🎲 Drawing Posterior Samples:  19%|█▊        | 285/1524 [00:06<00:29, 42.35step/s]
[Origin 11/13] 🎲 Drawing Posterior Samples:  19%|█▉        | 290/1524 [00:06<00:30, 41.00step/s]
[Origin 11/13] 🎲 Drawing Posterior Samples:  19%|█▉        | 295/1524 [00:07<00:28, 42.79step/s]
[Origin 11/13] 🎲 Drawing Posterior Samples:  20%|█▉        | 300/1524 [00:07<00:29, 40.91step/s]
[Origin 11/13] 🎲 Drawing Posterior Samples:  20%|██        | 305/1524 [00:07<00:29, 41.16step/s]
[Origin 11/13] 🎲 Drawing Posterior Samples:  20%|██        | 310/1524 [00:07<00:29, 41.70step/s]
[Origin 11/13] 🎲 Drawing Posterior Samples:  21%|██        | 315/1524 [00:07<00:29, 40.52step/s]
[Origin 11/13] 🎲 Drawing Posterior Samples:  21%|██        | 320/1524 [00:07<00:28, 42.43step/s]
[Origin 11/13] 🎲 Drawing Posterior Samples:  21%|██▏       | 325/1524 [00:07<00:29, 41.00step/s]
[Origin 11/13] 🎲 Drawing Posterior Samples:  22%|██▏       | 330/1524 [00:07<00:28, 41.23step/s]
[Origin 11/13] 🎲 Drawing Posterior Samples:  22%|██▏       | 335/1524 [00:08<00:28, 41.49step/s]
[Origin 11/13] 🎲 Drawing Posterior Samples:  22%|██▏       | 340/1524 [00:08<00:29, 40.52step/s]
[Origin 11/13] 🎲 Drawing Posterior Samples:  23%|██▎       | 345/1524 [00:08<00:27, 42.41step/s]
[Origin 11/13] 🎲 Drawing Posterior Samples:  23%|██▎       | 350/1524 [00:08<00:34, 34.28step/s]
[Origin 11/13] 🎲 Drawing Posterior Samples:  23%|██▎       | 354/1524 [00:08<00:35, 32.60step/s]
[Origin 11/13] 🎲 Drawing Posterior Samples:  23%|██▎       | 358/1524 [00:08<00:37, 31.31step/s]
[Origin 11/13] 🎲 Drawing Posterior Samples:  24%|██▍       | 362/1524 [00:08<00:37, 31.31step/s]
[Origin 11/13] 🎲 Drawing Posterior Samples:  24%|██▍       | 366/1524 [00:09<00:38, 29.92step/s]
[Origin 11/13] 🎲 Drawing Posterior Samples:  24%|██▍       | 370/1524 [00:09<00:39, 28.87step/s]
[Origin 11/13] 🎲 Drawing Posterior Samples:  25%|██▍       | 374/1524 [00:09<00:39, 29.27step/s]
[Origin 11/13] 🎲 Drawing Posterior Samples:  25%|██▍       | 377/1524 [00:09<00:39, 28.79step/s]
[Origin 11/13] 🎲 Drawing Posterior Samples:  25%|██▍       | 380/1524 [00:09<00:40, 28.15step/s]
[Origin 11/13] 🎲 Drawing Posterior Samples:  25%|██▌       | 383/1524 [00:10<02:50,  6.71step/s]
[Origin 11/13] 🎲 Drawing Posterior Samples:  25%|██▌       | 387/1524 [00:11<02:02,  9.25step/s]
[Origin 11/13] 🎲 Drawing Posterior Samples:  26%|██▌       | 392/1524 [00:11<01:26, 13.04step/s]
[Origin 11/13] 🎲 Drawing Posterior Samples:  26%|██▌       | 397/1524 [00:11<01:05, 17.28step/s]
[Origin 11/13] 🎲 Drawing Posterior Samples:  26%|██▋       | 402/1524 [00:11<00:52, 21.20step/s]
[Origin 11/13] 🎲 Drawing Posterior Samples:  27%|██▋       | 407/1524 [00:11<00:43, 25.81step/s]
[Origin 11/13] 🎲 Drawing Posterior Samples:  27%|██▋       | 411/1524 [00:11<00:39, 27.95step/s]
[Origin 11/13] 🎲 Drawing Posterior Samples:  27%|██▋       | 416/1524 [00:11<00:34, 32.28step/s]
[Origin 11/13] 🎲 Drawing Posterior Samples:  28%|██▊       | 421/1524 [00:11<00:32, 34.07step/s]
[Origin 11/13] 🎲 Drawing Posterior Samples:  28%|██▊       | 426/1524 [00:11<00:30, 36.02step/s]
[Origin 11/13] 🎲 Drawing Posterior Samples:  28%|██▊       | 431/1524 [00:12<00:28, 38.20step/s]
[Origin 11/13] 🎲 Drawing Posterior Samples:  29%|██▊       | 436/1524 [00:12<00:28, 38.13step/s]
[Origin 11/13] 🎲 Drawing Posterior Samples:  29%|██▉       | 441/1524 [00:12<00:26, 40.59step/s]
[Origin 11/13] 🎲 Drawing Posterior Samples:  29%|██▉       | 446/1524 [00:12<00:27, 39.69step/s]
[Origin 11/13] 🎲 Drawing Posterior Samples:  30%|██▉       | 451/1524 [00:12<00:26, 40.07step/s]
[Origin 11/13] 🎲 Drawing Posterior Samples:  30%|██▉       | 456/1524 [00:12<00:25, 41.19step/s]
[Origin 11/13] 🎲 Drawing Posterior Samples:  30%|███       | 461/1524 [00:12<00:26, 40.41step/s]
[Origin 11/13] 🎲 Drawing Posterior Samples:  31%|███       | 466/1524 [00:12<00:24, 42.34step/s]
[Origin 11/13] 🎲 Drawing Posterior Samples:  31%|███       | 471/1524 [00:13<00:25, 40.93step/s]
[Origin 11/13] 🎲 Drawing Posterior Samples:  31%|███       | 476/1524 [00:13<00:24, 42.74step/s]
[Origin 11/13] 🎲 Drawing Posterior Samples:  32%|███▏      | 481/1524 [00:13<00:25, 41.29step/s]
[Origin 11/13] 🎲 Drawing Posterior Samples:  32%|███▏      | 486/1524 [00:13<00:25, 40.53step/s]
[Origin 11/13] 🎲 Drawing Posterior Samples:  32%|███▏      | 491/1524 [00:13<00:24, 42.45step/s]
[Origin 11/13] 🎲 Drawing Posterior Samples:  33%|███▎      | 496/1524 [00:13<00:25, 40.99step/s]
[Origin 11/13] 🎲 Drawing Posterior Samples:  33%|███▎      | 501/1524 [00:13<00:23, 42.78step/s]
[Origin 11/13] 🎲 Drawing Posterior Samples:  33%|███▎      | 506/1524 [00:13<00:24, 41.29step/s]
[Origin 11/13] 🎲 Drawing Posterior Samples:  34%|███▎      | 511/1524 [00:14<00:24, 40.52step/s]
[Origin 11/13] 🎲 Drawing Posterior Samples:  34%|███▍      | 516/1524 [00:14<00:23, 42.36step/s]
[Origin 11/13] 🎲 Drawing Posterior Samples:  34%|███▍      | 521/1524 [00:14<00:24, 40.82step/s]
[Origin 11/13] 🎲 Drawing Posterior Samples:  35%|███▍      | 526/1524 [00:14<00:23, 42.66step/s]
[Origin 11/13] 🎲 Drawing Posterior Samples:  35%|███▍      | 531/1524 [00:14<00:24, 41.15step/s]
[Origin 11/13] 🎲 Drawing Posterior Samples:  35%|███▌      | 536/1524 [00:14<00:24, 40.31step/s]
[Origin 11/13] 🎲 Drawing Posterior Samples:  35%|███▌      | 541/1524 [00:14<00:23, 42.18step/s]
[Origin 11/13] 🎲 Drawing Posterior Samples:  36%|███▌      | 546/1524 [00:14<00:23, 40.93step/s]
[Origin 11/13] 🎲 Drawing Posterior Samples:  36%|███▌      | 551/1524 [00:14<00:22, 42.73step/s]
[Origin 11/13] 🎲 Drawing Posterior Samples:  36%|███▋      | 556/1524 [00:15<00:23, 41.38step/s]
[Origin 11/13] 🎲 Drawing Posterior Samples:  37%|███▋      | 561/1524 [00:15<00:23, 40.50step/s]
[Origin 11/13] 🎲 Drawing Posterior Samples:  37%|███▋      | 566/1524 [00:15<00:22, 42.30step/s]
[Origin 11/13] 🎲 Drawing Posterior Samples:  37%|███▋      | 571/1524 [00:15<00:23, 41.07step/s]
[Origin 11/13] 🎲 Drawing Posterior Samples:  38%|███▊      | 576/1524 [00:15<00:22, 42.84step/s]
[Origin 11/13] 🎲 Drawing Posterior Samples:  38%|███▊      | 581/1524 [00:15<00:22, 41.42step/s]
[Origin 11/13] 🎲 Drawing Posterior Samples:  38%|███▊      | 586/1524 [00:15<00:22, 41.60step/s]
[Origin 11/13] 🎲 Drawing Posterior Samples:  39%|███▉      | 591/1524 [00:15<00:22, 41.78step/s]
[Origin 11/13] 🎲 Drawing Posterior Samples:  39%|███▉      | 596/1524 [00:16<00:22, 40.63step/s]
[Origin 11/13] 🎲 Drawing Posterior Samples:  39%|███▉      | 601/1524 [00:16<00:21, 42.51step/s]
[Origin 11/13] 🎲 Drawing Posterior Samples:  40%|███▉      | 606/1524 [00:16<00:22, 41.17step/s]
[Origin 11/13] 🎲 Drawing Posterior Samples:  40%|████      | 611/1524 [00:16<00:22, 41.30step/s]
[Origin 11/13] 🎲 Drawing Posterior Samples:  40%|████      | 616/1524 [00:16<00:21, 41.69step/s]
[Origin 11/13] 🎲 Drawing Posterior Samples:  41%|████      | 621/1524 [00:16<00:22, 40.59step/s]
[Origin 11/13] 🎲 Drawing Posterior Samples:  41%|████      | 626/1524 [00:16<00:21, 42.49step/s]
[Origin 11/13] 🎲 Drawing Posterior Samples:  41%|████▏     | 631/1524 [00:16<00:21, 41.15step/s]
[Origin 11/13] 🎲 Drawing Posterior Samples:  42%|████▏     | 636/1524 [00:17<00:20, 42.90step/s]
[Origin 11/13] 🎲 Drawing Posterior Samples:  42%|████▏     | 641/1524 [00:17<00:21, 41.38step/s]
[Origin 11/13] 🎲 Drawing Posterior Samples:  42%|████▏     | 646/1524 [00:17<00:21, 40.24step/s]
[Origin 11/13] 🎲 Drawing Posterior Samples:  43%|████▎     | 651/1524 [00:17<00:20, 42.20step/s]
[Origin 11/13] 🎲 Drawing Posterior Samples:  43%|████▎     | 656/1524 [00:17<00:21, 40.85step/s]
[Origin 11/13] 🎲 Drawing Posterior Samples:  43%|████▎     | 661/1524 [00:17<00:20, 42.68step/s]
[Origin 11/13] 🎲 Drawing Posterior Samples:  44%|████▎     | 666/1524 [00:17<00:20, 41.38step/s]
[Origin 11/13] 🎲 Drawing Posterior Samples:  44%|████▍     | 671/1524 [00:17<00:21, 40.42step/s]
[Origin 11/13] 🎲 Drawing Posterior Samples:  44%|████▍     | 676/1524 [00:18<00:20, 42.37step/s]
[Origin 11/13] 🎲 Drawing Posterior Samples:  45%|████▍     | 681/1524 [00:18<00:20, 41.05step/s]
[Origin 11/13] 🎲 Drawing Posterior Samples:  45%|████▌     | 686/1524 [00:18<00:19, 42.82step/s]
[Origin 11/13] 🎲 Drawing Posterior Samples:  45%|████▌     | 691/1524 [00:18<00:20, 41.50step/s]
[Origin 11/13] 🎲 Drawing Posterior Samples:  46%|████▌     | 696/1524 [00:18<00:19, 41.50step/s]
[Origin 11/13] 🎲 Drawing Posterior Samples:  46%|████▌     | 701/1524 [00:18<00:19, 42.21step/s]
[Origin 11/13] 🎲 Drawing Posterior Samples:  46%|████▋     | 706/1524 [00:18<00:20, 40.85step/s]
[Origin 11/13] 🎲 Drawing Posterior Samples:  47%|████▋     | 711/1524 [00:18<00:19, 42.67step/s]
[Origin 11/13] 🎲 Drawing Posterior Samples:  47%|████▋     | 716/1524 [00:18<00:19, 41.28step/s]
[Origin 11/13] 🎲 Drawing Posterior Samples:  47%|████▋     | 721/1524 [00:19<00:19, 40.66step/s]
[Origin 11/13] 🎲 Drawing Posterior Samples:  48%|████▊     | 726/1524 [00:19<00:18, 42.21step/s]
[Origin 11/13] 🎲 Drawing Posterior Samples:  48%|████▊     | 731/1524 [00:19<00:23, 34.22step/s]
[Origin 11/13] 🎲 Drawing Posterior Samples:  48%|████▊     | 735/1524 [00:19<00:25, 31.12step/s]
[Origin 11/13] 🎲 Drawing Posterior Samples:  48%|████▊     | 739/1524 [00:19<00:26, 29.36step/s]
[Origin 11/13] 🎲 Drawing Posterior Samples:  49%|████▉     | 743/1524 [00:19<00:27, 28.89step/s]
[Origin 11/13] 🎲 Drawing Posterior Samples:  49%|████▉     | 746/1524 [00:19<00:27, 28.07step/s]
[Origin 11/13] 🎲 Drawing Posterior Samples:  49%|████▉     | 749/1524 [00:20<00:28, 27.11step/s]
[Origin 11/13] 🎲 Drawing Posterior Samples:  49%|████▉     | 752/1524 [00:20<00:28, 27.41step/s]
[Origin 11/13] 🎲 Drawing Posterior Samples:  50%|████▉     | 755/1524 [00:20<00:28, 26.60step/s]
[Origin 11/13] 🎲 Drawing Posterior Samples:  50%|████▉     | 758/1524 [00:20<00:28, 27.08step/s]
[Origin 11/13] 🎲 Drawing Posterior Samples:  50%|████▉     | 761/1524 [00:20<00:29, 26.07step/s]
[Origin 11/13] 🎲 Drawing Posterior Samples:  50%|█████     | 764/1524 [00:21<01:52,  6.77step/s]
[Origin 11/13] 🎲 Drawing Posterior Samples:  50%|█████     | 768/1524 [00:21<01:19,  9.53step/s]
[Origin 11/13] 🎲 Drawing Posterior Samples:  51%|█████     | 773/1524 [00:22<00:54, 13.82step/s]
[Origin 11/13] 🎲 Drawing Posterior Samples:  51%|█████     | 777/1524 [00:22<00:43, 17.08step/s]
[Origin 11/13] 🎲 Drawing Posterior Samples:  51%|█████▏    | 782/1524 [00:22<00:33, 22.10step/s]
[Origin 11/13] 🎲 Drawing Posterior Samples:  52%|█████▏    | 786/1524 [00:22<00:29, 24.94step/s]
[Origin 11/13] 🎲 Drawing Posterior Samples:  52%|█████▏    | 791/1524 [00:22<00:24, 29.75step/s]
[Origin 11/13] 🎲 Drawing Posterior Samples:  52%|█████▏    | 796/1524 [00:22<00:22, 32.09step/s]
[Origin 11/13] 🎲 Drawing Posterior Samples:  53%|█████▎    | 801/1524 [00:22<00:21, 33.81step/s]
[Origin 11/13] 🎲 Drawing Posterior Samples:  53%|█████▎    | 806/1524 [00:22<00:19, 36.94step/s]
[Origin 11/13] 🎲 Drawing Posterior Samples:  53%|█████▎    | 811/1524 [00:22<00:19, 37.30step/s]
[Origin 11/13] 🎲 Drawing Posterior Samples:  54%|█████▎    | 816/1524 [00:23<00:17, 39.97step/s]
[Origin 11/13] 🎲 Drawing Posterior Samples:  54%|█████▍    | 821/1524 [00:23<00:17, 39.19step/s]
[Origin 11/13] 🎲 Drawing Posterior Samples:  54%|█████▍    | 826/1524 [00:23<00:17, 39.92step/s]
[Origin 11/13] 🎲 Drawing Posterior Samples:  55%|█████▍    | 831/1524 [00:23<00:17, 40.66step/s]
[Origin 11/13] 🎲 Drawing Posterior Samples:  55%|█████▍    | 836/1524 [00:23<00:17, 39.98step/s]
[Origin 11/13] 🎲 Drawing Posterior Samples:  55%|█████▌    | 841/1524 [00:23<00:16, 42.02step/s]
[Origin 11/13] 🎲 Drawing Posterior Samples:  56%|█████▌    | 846/1524 [00:23<00:16, 40.97step/s]
[Origin 11/13] 🎲 Drawing Posterior Samples:  56%|█████▌    | 851/1524 [00:23<00:16, 41.20step/s]
[Origin 11/13] 🎲 Drawing Posterior Samples:  56%|█████▌    | 856/1524 [00:24<00:16, 41.69step/s]
[Origin 11/13] 🎲 Drawing Posterior Samples:  56%|█████▋    | 861/1524 [00:24<00:16, 40.55step/s]
[Origin 11/13] 🎲 Drawing Posterior Samples:  57%|█████▋    | 866/1524 [00:24<00:15, 42.34step/s]
[Origin 11/13] 🎲 Drawing Posterior Samples:  57%|█████▋    | 871/1524 [00:24<00:15, 40.99step/s]
[Origin 11/13] 🎲 Drawing Posterior Samples:  57%|█████▋    | 876/1524 [00:24<00:15, 42.79step/s]
[Origin 11/13] 🎲 Drawing Posterior Samples:  58%|█████▊    | 881/1524 [00:24<00:15, 41.26step/s]
[Origin 11/13] 🎲 Drawing Posterior Samples:  58%|█████▊    | 886/1524 [00:24<00:15, 40.24step/s]
[Origin 11/13] 🎲 Drawing Posterior Samples:  58%|█████▊    | 891/1524 [00:24<00:14, 42.21step/s]
[Origin 11/13] 🎲 Drawing Posterior Samples:  59%|█████▉    | 896/1524 [00:25<00:15, 41.06step/s]
[Origin 11/13] 🎲 Drawing Posterior Samples:  59%|█████▉    | 901/1524 [00:25<00:14, 42.83step/s]
[Origin 11/13] 🎲 Drawing Posterior Samples:  59%|█████▉    | 906/1524 [00:25<00:14, 41.43step/s]
[Origin 11/13] 🎲 Drawing Posterior Samples:  60%|█████▉    | 911/1524 [00:25<00:14, 41.34step/s]
[Origin 11/13] 🎲 Drawing Posterior Samples:  60%|██████    | 916/1524 [00:25<00:14, 42.11step/s]
[Origin 11/13] 🎲 Drawing Posterior Samples:  60%|██████    | 921/1524 [00:25<00:14, 40.81step/s]
[Origin 11/13] 🎲 Drawing Posterior Samples:  61%|██████    | 926/1524 [00:25<00:14, 42.66step/s]
[Origin 11/13] 🎲 Drawing Posterior Samples:  61%|██████    | 931/1524 [00:25<00:14, 41.34step/s]
[Origin 11/13] 🎲 Drawing Posterior Samples:  61%|██████▏   | 936/1524 [00:25<00:14, 41.11step/s]
[Origin 11/13] 🎲 Drawing Posterior Samples:  62%|██████▏   | 941/1524 [00:26<00:13, 41.92step/s]
[Origin 11/13] 🎲 Drawing Posterior Samples:  62%|██████▏   | 946/1524 [00:26<00:14, 40.65step/s]
[Origin 11/13] 🎲 Drawing Posterior Samples:  62%|██████▏   | 951/1524 [00:26<00:13, 42.53step/s]
[Origin 11/13] 🎲 Drawing Posterior Samples:  63%|██████▎   | 956/1524 [00:26<00:13, 41.23step/s]
[Origin 11/13] 🎲 Drawing Posterior Samples:  63%|██████▎   | 961/1524 [00:26<00:13, 41.44step/s]
[Origin 11/13] 🎲 Drawing Posterior Samples:  63%|██████▎   | 966/1524 [00:26<00:13, 41.86step/s]
[Origin 11/13] 🎲 Drawing Posterior Samples:  64%|██████▎   | 971/1524 [00:26<00:13, 40.80step/s]
[Origin 11/13] 🎲 Drawing Posterior Samples:  64%|██████▍   | 976/1524 [00:26<00:12, 42.62step/s]
[Origin 11/13] 🎲 Drawing Posterior Samples:  64%|██████▍   | 981/1524 [00:27<00:13, 41.22step/s]
[Origin 11/13] 🎲 Drawing Posterior Samples:  65%|██████▍   | 986/1524 [00:27<00:12, 42.97step/s]
[Origin 11/13] 🎲 Drawing Posterior Samples:  65%|██████▌   | 991/1524 [00:27<00:12, 41.40step/s]
[Origin 11/13] 🎲 Drawing Posterior Samples:  65%|██████▌   | 996/1524 [00:27<00:13, 40.34step/s]
[Origin 11/13] 🎲 Drawing Posterior Samples:  66%|██████▌   | 1001/1524 [00:27<00:12, 42.30step/s]
[Origin 11/13] 🎲 Drawing Posterior Samples:  66%|██████▌   | 1006/1524 [00:27<00:12, 41.05step/s]
[Origin 11/13] 🎲 Drawing Posterior Samples:  66%|██████▋   | 1011/1524 [00:27<00:11, 42.83step/s]
[Origin 11/13] 🎲 Drawing Posterior Samples:  67%|██████▋   | 1016/1524 [00:27<00:12, 41.45step/s]
[Origin 11/13] 🎲 Drawing Posterior Samples:  67%|██████▋   | 1021/1524 [00:28<00:12, 40.48step/s]
[Origin 11/13] 🎲 Drawing Posterior Samples:  67%|██████▋   | 1026/1524 [00:28<00:11, 42.38step/s]
[Origin 11/13] 🎲 Drawing Posterior Samples:  68%|██████▊   | 1031/1524 [00:28<00:12, 40.99step/s]
[Origin 11/13] 🎲 Drawing Posterior Samples:  68%|██████▊   | 1036/1524 [00:28<00:11, 42.77step/s]
[Origin 11/13] 🎲 Drawing Posterior Samples:  68%|██████▊   | 1041/1524 [00:28<00:11, 41.21step/s]
[Origin 11/13] 🎲 Drawing Posterior Samples:  69%|██████▊   | 1046/1524 [00:28<00:11, 40.37step/s]
[Origin 11/13] 🎲 Drawing Posterior Samples:  69%|██████▉   | 1051/1524 [00:28<00:11, 42.21step/s]
[Origin 11/13] 🎲 Drawing Posterior Samples:  69%|██████▉   | 1056/1524 [00:28<00:11, 41.05step/s]
[Origin 11/13] 🎲 Drawing Posterior Samples:  70%|██████▉   | 1061/1524 [00:28<00:10, 42.80step/s]
[Origin 11/13] 🎲 Drawing Posterior Samples:  70%|██████▉   | 1066/1524 [00:29<00:11, 41.15step/s]
[Origin 11/13] 🎲 Drawing Posterior Samples:  70%|███████   | 1071/1524 [00:29<00:11, 40.31step/s]
[Origin 11/13] 🎲 Drawing Posterior Samples:  71%|███████   | 1076/1524 [00:29<00:10, 42.21step/s]
[Origin 11/13] 🎲 Drawing Posterior Samples:  71%|███████   | 1081/1524 [00:29<00:10, 41.02step/s]
[Origin 11/13] 🎲 Drawing Posterior Samples:  71%|███████▏  | 1086/1524 [00:29<00:10, 42.80step/s]
[Origin 11/13] 🎲 Drawing Posterior Samples:  72%|███████▏  | 1091/1524 [00:29<00:10, 41.45step/s]
[Origin 11/13] 🎲 Drawing Posterior Samples:  72%|███████▏  | 1096/1524 [00:29<00:10, 41.62step/s]
[Origin 11/13] 🎲 Drawing Posterior Samples:  72%|███████▏  | 1101/1524 [00:29<00:10, 41.82step/s]
[Origin 11/13] 🎲 Drawing Posterior Samples:  73%|███████▎  | 1106/1524 [00:30<00:10, 40.69step/s]
[Origin 11/13] 🎲 Drawing Posterior Samples:  73%|███████▎  | 1111/1524 [00:30<00:11, 35.61step/s]
[Origin 11/13] 🎲 Drawing Posterior Samples:  73%|███████▎  | 1115/1524 [00:30<00:11, 34.37step/s]
[Origin 11/13] 🎲 Drawing Posterior Samples:  73%|███████▎  | 1119/1524 [00:30<00:12, 32.17step/s]
[Origin 11/13] 🎲 Drawing Posterior Samples:  74%|███████▎  | 1123/1524 [00:30<00:13, 30.76step/s]
[Origin 11/13] 🎲 Drawing Posterior Samples:  74%|███████▍  | 1127/1524 [00:30<00:12, 30.83step/s]
[Origin 11/13] 🎲 Drawing Posterior Samples:  74%|███████▍  | 1131/1524 [00:30<00:13, 29.35step/s]
[Origin 11/13] 🎲 Drawing Posterior Samples:  74%|███████▍  | 1134/1524 [00:31<00:13, 28.43step/s]
[Origin 11/13] 🎲 Drawing Posterior Samples:  75%|███████▍  | 1138/1524 [00:31<00:13, 29.18step/s]
[Origin 11/13] 🎲 Drawing Posterior Samples:  75%|███████▍  | 1141/1524 [00:31<00:13, 28.31step/s]
[Origin 11/13] 🎲 Drawing Posterior Samples:  75%|███████▌  | 1144/1524 [00:32<00:53,  7.15step/s]
[Origin 11/13] 🎲 Drawing Posterior Samples:  75%|███████▌  | 1148/1524 [00:32<00:38,  9.78step/s]
[Origin 11/13] 🎲 Drawing Posterior Samples:  76%|███████▌  | 1153/1524 [00:32<00:26, 13.91step/s]
[Origin 11/13] 🎲 Drawing Posterior Samples:  76%|███████▌  | 1157/1524 [00:32<00:21, 17.04step/s]
[Origin 11/13] 🎲 Drawing Posterior Samples:  76%|███████▌  | 1162/1524 [00:33<00:16, 21.45step/s]
[Origin 11/13] 🎲 Drawing Posterior Samples:  77%|███████▋  | 1167/1524 [00:33<00:13, 25.71step/s]
[Origin 11/13] 🎲 Drawing Posterior Samples:  77%|███████▋  | 1171/1524 [00:33<00:12, 28.20step/s]
[Origin 11/13] 🎲 Drawing Posterior Samples:  77%|███████▋  | 1176/1524 [00:33<00:10, 32.38step/s]
[Origin 11/13] 🎲 Drawing Posterior Samples:  77%|███████▋  | 1181/1524 [00:33<00:10, 34.10step/s]
[Origin 11/13] 🎲 Drawing Posterior Samples:  78%|███████▊  | 1186/1524 [00:33<00:09, 37.43step/s]
[Origin 11/13] 🎲 Drawing Posterior Samples:  78%|███████▊  | 1191/1524 [00:33<00:08, 37.58step/s]
[Origin 11/13] 🎲 Drawing Posterior Samples:  78%|███████▊  | 1196/1524 [00:33<00:08, 37.91step/s]
[Origin 11/13] 🎲 Drawing Posterior Samples:  79%|███████▉  | 1201/1524 [00:33<00:08, 40.33step/s]
[Origin 11/13] 🎲 Drawing Posterior Samples:  79%|███████▉  | 1206/1524 [00:34<00:08, 39.69step/s]
[Origin 11/13] 🎲 Drawing Posterior Samples:  79%|███████▉  | 1211/1524 [00:34<00:07, 41.79step/s]
[Origin 11/13] 🎲 Drawing Posterior Samples:  80%|███████▉  | 1216/1524 [00:34<00:07, 40.77step/s]
[Origin 11/13] 🎲 Drawing Posterior Samples:  80%|████████  | 1221/1524 [00:34<00:07, 41.17step/s]
[Origin 11/13] 🎲 Drawing Posterior Samples:  80%|████████  | 1226/1524 [00:34<00:07, 41.49step/s]
[Origin 11/13] 🎲 Drawing Posterior Samples:  81%|████████  | 1231/1524 [00:34<00:07, 40.37step/s]
[Origin 11/13] 🎲 Drawing Posterior Samples:  81%|████████  | 1236/1524 [00:34<00:06, 42.29step/s]
[Origin 11/13] 🎲 Drawing Posterior Samples:  81%|████████▏ | 1241/1524 [00:34<00:06, 40.98step/s]
[Origin 11/13] 🎲 Drawing Posterior Samples:  82%|████████▏ | 1246/1524 [00:35<00:06, 41.05step/s]
[Origin 11/13] 🎲 Drawing Posterior Samples:  82%|████████▏ | 1251/1524 [00:35<00:06, 41.74step/s]
[Origin 11/13] 🎲 Drawing Posterior Samples:  82%|████████▏ | 1256/1524 [00:35<00:06, 40.74step/s]
[Origin 11/13] 🎲 Drawing Posterior Samples:  83%|████████▎ | 1261/1524 [00:35<00:06, 42.60step/s]
[Origin 11/13] 🎲 Drawing Posterior Samples:  83%|████████▎ | 1266/1524 [00:35<00:06, 41.09step/s]
[Origin 11/13] 🎲 Drawing Posterior Samples:  83%|████████▎ | 1271/1524 [00:35<00:05, 42.86step/s]
[Origin 11/13] 🎲 Drawing Posterior Samples:  84%|████████▎ | 1276/1524 [00:35<00:05, 41.54step/s]
[Origin 11/13] 🎲 Drawing Posterior Samples:  84%|████████▍ | 1281/1524 [00:35<00:05, 40.50step/s]
[Origin 11/13] 🎲 Drawing Posterior Samples:  84%|████████▍ | 1286/1524 [00:36<00:05, 42.42step/s]
[Origin 11/13] 🎲 Drawing Posterior Samples:  85%|████████▍ | 1291/1524 [00:36<00:05, 41.08step/s]
[Origin 11/13] 🎲 Drawing Posterior Samples:  85%|████████▌ | 1296/1524 [00:36<00:05, 42.84step/s]
[Origin 11/13] 🎲 Drawing Posterior Samples:  85%|████████▌ | 1301/1524 [00:36<00:05, 41.33step/s]
[Origin 11/13] 🎲 Drawing Posterior Samples:  86%|████████▌ | 1306/1524 [00:36<00:05, 41.24step/s]
[Origin 11/13] 🎲 Drawing Posterior Samples:  86%|████████▌ | 1311/1524 [00:36<00:05, 42.06step/s]
[Origin 11/13] 🎲 Drawing Posterior Samples:  86%|████████▋ | 1316/1524 [00:36<00:05, 40.62step/s]
[Origin 11/13] 🎲 Drawing Posterior Samples:  87%|████████▋ | 1321/1524 [00:36<00:04, 42.50step/s]
[Origin 11/13] 🎲 Drawing Posterior Samples:  87%|████████▋ | 1326/1524 [00:36<00:04, 40.98step/s]
[Origin 11/13] 🎲 Drawing Posterior Samples:  87%|████████▋ | 1331/1524 [00:37<00:04, 40.02step/s]
[Origin 11/13] 🎲 Drawing Posterior Samples:  88%|████████▊ | 1336/1524 [00:37<00:04, 41.95step/s]
[Origin 11/13] 🎲 Drawing Posterior Samples:  88%|████████▊ | 1341/1524 [00:37<00:04, 40.90step/s]
[Origin 11/13] 🎲 Drawing Posterior Samples:  88%|████████▊ | 1346/1524 [00:37<00:04, 42.70step/s]
[Origin 11/13] 🎲 Drawing Posterior Samples:  89%|████████▊ | 1351/1524 [00:37<00:04, 41.16step/s]
[Origin 11/13] 🎲 Drawing Posterior Samples:  89%|████████▉ | 1356/1524 [00:37<00:04, 40.33step/s]
[Origin 11/13] 🎲 Drawing Posterior Samples:  89%|████████▉ | 1361/1524 [00:37<00:03, 42.18step/s]
[Origin 11/13] 🎲 Drawing Posterior Samples:  90%|████████▉ | 1366/1524 [00:37<00:03, 40.98step/s]
[Origin 11/13] 🎲 Drawing Posterior Samples:  90%|████████▉ | 1371/1524 [00:38<00:03, 42.78step/s]
[Origin 11/13] 🎲 Drawing Posterior Samples:  90%|█████████ | 1376/1524 [00:38<00:03, 41.49step/s]
[Origin 11/13] 🎲 Drawing Posterior Samples:  91%|█████████ | 1381/1524 [00:38<00:03, 41.57step/s]
[Origin 11/13] 🎲 Drawing Posterior Samples:  91%|█████████ | 1386/1524 [00:38<00:03, 41.96step/s]
[Origin 11/13] 🎲 Drawing Posterior Samples:  91%|█████████▏| 1391/1524 [00:38<00:03, 40.82step/s]
[Origin 11/13] 🎲 Drawing Posterior Samples:  92%|█████████▏| 1396/1524 [00:38<00:03, 42.67step/s]
[Origin 11/13] 🎲 Drawing Posterior Samples:  92%|█████████▏| 1401/1524 [00:38<00:03, 40.98step/s]
[Origin 11/13] 🎲 Drawing Posterior Samples:  92%|█████████▏| 1406/1524 [00:38<00:02, 41.20step/s]
[Origin 11/13] 🎲 Drawing Posterior Samples:  93%|█████████▎| 1411/1524 [00:39<00:02, 41.62step/s]
[Origin 11/13] 🎲 Drawing Posterior Samples:  93%|█████████▎| 1416/1524 [00:39<00:02, 40.32step/s]
[Origin 11/13] 🎲 Drawing Posterior Samples:  93%|█████████▎| 1421/1524 [00:39<00:02, 42.26step/s]
[Origin 11/13] 🎲 Drawing Posterior Samples:  94%|█████████▎| 1426/1524 [00:39<00:02, 40.94step/s]
[Origin 11/13] 🎲 Drawing Posterior Samples:  94%|█████████▍| 1431/1524 [00:39<00:02, 42.75step/s]
[Origin 11/13] 🎲 Drawing Posterior Samples:  94%|█████████▍| 1436/1524 [00:39<00:02, 41.44step/s]
[Origin 11/13] 🎲 Drawing Posterior Samples:  95%|█████████▍| 1441/1524 [00:39<00:02, 40.58step/s]
[Origin 11/13] 🎲 Drawing Posterior Samples:  95%|█████████▍| 1446/1524 [00:39<00:01, 42.47step/s]
[Origin 11/13] 🎲 Drawing Posterior Samples:  95%|█████████▌| 1451/1524 [00:40<00:01, 41.04step/s]
[Origin 11/13] 🎲 Drawing Posterior Samples:  96%|█████████▌| 1456/1524 [00:40<00:01, 42.83step/s]
[Origin 11/13] 🎲 Drawing Posterior Samples:  96%|█████████▌| 1461/1524 [00:40<00:01, 41.24step/s]
[Origin 11/13] 🎲 Drawing Posterior Samples:  96%|█████████▌| 1466/1524 [00:40<00:01, 41.27step/s]
[Origin 11/13] 🎲 Drawing Posterior Samples:  97%|█████████▋| 1471/1524 [00:40<00:01, 42.06step/s]
[Origin 11/13] 🎲 Drawing Posterior Samples:  97%|█████████▋| 1476/1524 [00:40<00:01, 40.94step/s]
[Origin 11/13] 🎲 Drawing Posterior Samples:  97%|█████████▋| 1481/1524 [00:40<00:01, 42.74step/s]
[Origin 11/13] 🎲 Drawing Posterior Samples:  98%|█████████▊| 1486/1524 [00:40<00:00, 41.28step/s]
[Origin 11/13] 🎲 Drawing Posterior Samples:  98%|█████████▊| 1491/1524 [00:41<00:00, 36.12step/s]
[Origin 11/13] 🎲 Drawing Posterior Samples:  98%|█████████▊| 1495/1524 [00:41<00:00, 32.03step/s]
[Origin 11/13] 🎲 Drawing Posterior Samples:  98%|█████████▊| 1499/1524 [00:41<00:00, 30.25step/s]
[Origin 11/13] 🎲 Drawing Posterior Samples:  99%|█████████▊| 1503/1524 [00:41<00:00, 29.83step/s]
[Origin 11/13] 🎲 Drawing Posterior Samples:  99%|█████████▉| 1507/1524 [00:41<00:00, 28.38step/s]
[Origin 11/13] 🎲 Drawing Posterior Samples:  99%|█████████▉| 1510/1524 [00:41<00:00, 28.37step/s]
[Origin 11/13] 🎲 Drawing Posterior Samples:  99%|█████████▉| 1513/1524 [00:41<00:00, 27.08step/s]
[Origin 11/13] 🎲 Drawing Posterior Samples:  99%|█████████▉| 1516/1524 [00:41<00:00, 26.34step/s]
[Origin 11/13] 🎲 Drawing Posterior Samples: 100%|█████████▉| 1519/1524 [00:42<00:00, 26.81step/s]
[Origin 11/13] 🎲 Drawing Posterior Samples: 100%|█████████▉| 1522/1524 [00:42<00:00, 26.08step/s]
                                                                                                  

[Origin 12/13] 🎲 Drawing Posterior Samples:   0%|          | 0/1528 [00:00<?, ?step/s]
[Origin 12/13] 🎲 Drawing Posterior Samples:   0%|          | 6/1528 [00:00<00:30, 49.98step/s]
[Origin 12/13] 🎲 Drawing Posterior Samples:   1%|          | 11/1528 [00:00<00:35, 43.22step/s]
[Origin 12/13] 🎲 Drawing Posterior Samples:   1%|          | 16/1528 [00:00<00:33, 45.04step/s]
[Origin 12/13] 🎲 Drawing Posterior Samples:   1%|▏         | 21/1528 [00:00<00:35, 42.08step/s]
[Origin 12/13] 🎲 Drawing Posterior Samples:   2%|▏         | 26/1528 [00:00<00:34, 43.90step/s]
[Origin 12/13] 🎲 Drawing Posterior Samples:   2%|▏         | 31/1528 [00:00<00:35, 41.79step/s]
[Origin 12/13] 🎲 Drawing Posterior Samples:   2%|▏         | 36/1528 [00:00<00:36, 40.66step/s]
[Origin 12/13] 🎲 Drawing Posterior Samples:   3%|▎         | 41/1528 [00:00<00:34, 42.64step/s]
[Origin 12/13] 🎲 Drawing Posterior Samples:   3%|▎         | 46/1528 [00:01<00:35, 41.28step/s]
[Origin 12/13] 🎲 Drawing Posterior Samples:   3%|▎         | 51/1528 [00:01<00:34, 43.04step/s]
[Origin 12/13] 🎲 Drawing Posterior Samples:   4%|▎         | 56/1528 [00:01<00:35, 41.34step/s]
[Origin 12/13] 🎲 Drawing Posterior Samples:   4%|▍         | 61/1528 [00:01<00:36, 40.40step/s]
[Origin 12/13] 🎲 Drawing Posterior Samples:   4%|▍         | 66/1528 [00:01<00:34, 42.31step/s]
[Origin 12/13] 🎲 Drawing Posterior Samples:   5%|▍         | 71/1528 [00:01<00:35, 40.97step/s]
[Origin 12/13] 🎲 Drawing Posterior Samples:   5%|▍         | 76/1528 [00:01<00:33, 42.76step/s]
[Origin 12/13] 🎲 Drawing Posterior Samples:   5%|▌         | 81/1528 [00:01<00:35, 41.20step/s]
[Origin 12/13] 🎲 Drawing Posterior Samples:   6%|▌         | 86/1528 [00:02<00:35, 40.24step/s]
[Origin 12/13] 🎲 Drawing Posterior Samples:   6%|▌         | 91/1528 [00:02<00:34, 42.21step/s]
[Origin 12/13] 🎲 Drawing Posterior Samples:   6%|▋         | 96/1528 [00:02<00:35, 40.80step/s]
[Origin 12/13] 🎲 Drawing Posterior Samples:   7%|▋         | 101/1528 [00:02<00:33, 42.64step/s]
[Origin 12/13] 🎲 Drawing Posterior Samples:   7%|▋         | 106/1528 [00:02<00:34, 41.35step/s]
[Origin 12/13] 🎲 Drawing Posterior Samples:   7%|▋         | 111/1528 [00:02<00:34, 41.32step/s]
[Origin 12/13] 🎲 Drawing Posterior Samples:   8%|▊         | 116/1528 [00:02<00:33, 41.69step/s]
[Origin 12/13] 🎲 Drawing Posterior Samples:   8%|▊         | 121/1528 [00:02<00:34, 40.62step/s]
[Origin 12/13] 🎲 Drawing Posterior Samples:   8%|▊         | 126/1528 [00:03<00:32, 42.50step/s]
[Origin 12/13] 🎲 Drawing Posterior Samples:   9%|▊         | 131/1528 [00:03<00:33, 41.30step/s]
[Origin 12/13] 🎲 Drawing Posterior Samples:   9%|▉         | 136/1528 [00:03<00:33, 41.07step/s]
[Origin 12/13] 🎲 Drawing Posterior Samples:   9%|▉         | 141/1528 [00:03<00:36, 37.80step/s]
[Origin 12/13] 🎲 Drawing Posterior Samples:  10%|▉         | 146/1528 [00:03<00:34, 40.30step/s]
[Origin 12/13] 🎲 Drawing Posterior Samples:  10%|▉         | 151/1528 [00:03<00:32, 42.26step/s]
[Origin 12/13] 🎲 Drawing Posterior Samples:  10%|█         | 156/1528 [00:03<00:33, 41.01step/s]
[Origin 12/13] 🎲 Drawing Posterior Samples:  11%|█         | 161/1528 [00:03<00:33, 40.41step/s]
[Origin 12/13] 🎲 Drawing Posterior Samples:  11%|█         | 166/1528 [00:03<00:32, 42.03step/s]
[Origin 12/13] 🎲 Drawing Posterior Samples:  11%|█         | 171/1528 [00:04<00:33, 40.83step/s]
[Origin 12/13] 🎲 Drawing Posterior Samples:  12%|█▏        | 176/1528 [00:04<00:31, 42.67step/s]
[Origin 12/13] 🎲 Drawing Posterior Samples:  12%|█▏        | 181/1528 [00:04<00:32, 41.30step/s]
[Origin 12/13] 🎲 Drawing Posterior Samples:  12%|█▏        | 186/1528 [00:04<00:33, 40.62step/s]
[Origin 12/13] 🎲 Drawing Posterior Samples:  12%|█▎        | 191/1528 [00:04<00:31, 42.28step/s]
[Origin 12/13] 🎲 Drawing Posterior Samples:  13%|█▎        | 196/1528 [00:04<00:32, 40.72step/s]
[Origin 12/13] 🎲 Drawing Posterior Samples:  13%|█▎        | 201/1528 [00:04<00:31, 42.57step/s]
[Origin 12/13] 🎲 Drawing Posterior Samples:  13%|█▎        | 206/1528 [00:04<00:32, 41.19step/s]
[Origin 12/13] 🎲 Drawing Posterior Samples:  14%|█▍        | 211/1528 [00:05<00:32, 40.63step/s]
[Origin 12/13] 🎲 Drawing Posterior Samples:  14%|█▍        | 216/1528 [00:05<00:31, 42.19step/s]
[Origin 12/13] 🎲 Drawing Posterior Samples:  14%|█▍        | 221/1528 [00:05<00:31, 41.04step/s]
[Origin 12/13] 🎲 Drawing Posterior Samples:  15%|█▍        | 226/1528 [00:05<00:30, 42.83step/s]
[Origin 12/13] 🎲 Drawing Posterior Samples:  15%|█▌        | 231/1528 [00:05<00:31, 41.12step/s]
[Origin 12/13] 🎲 Drawing Posterior Samples:  15%|█▌        | 236/1528 [00:05<00:31, 41.29step/s]
[Origin 12/13] 🎲 Drawing Posterior Samples:  16%|█▌        | 241/1528 [00:05<00:30, 41.77step/s]
[Origin 12/13] 🎲 Drawing Posterior Samples:  16%|█▌        | 246/1528 [00:05<00:31, 40.75step/s]
[Origin 12/13] 🎲 Drawing Posterior Samples:  16%|█▋        | 251/1528 [00:06<00:29, 42.61step/s]
[Origin 12/13] 🎲 Drawing Posterior Samples:  17%|█▋        | 256/1528 [00:06<00:30, 41.10step/s]
[Origin 12/13] 🎲 Drawing Posterior Samples:  17%|█▋        | 261/1528 [00:06<00:30, 41.30step/s]
[Origin 12/13] 🎲 Drawing Posterior Samples:  17%|█▋        | 266/1528 [00:06<00:30, 41.77step/s]
[Origin 12/13] 🎲 Drawing Posterior Samples:  18%|█▊        | 271/1528 [00:06<00:30, 40.59step/s]
[Origin 12/13] 🎲 Drawing Posterior Samples:  18%|█▊        | 276/1528 [00:06<00:29, 42.43step/s]
[Origin 12/13] 🎲 Drawing Posterior Samples:  18%|█▊        | 281/1528 [00:06<00:30, 41.20step/s]
[Origin 12/13] 🎲 Drawing Posterior Samples:  19%|█▊        | 286/1528 [00:06<00:28, 42.93step/s]
[Origin 12/13] 🎲 Drawing Posterior Samples:  19%|█▉        | 291/1528 [00:07<00:29, 41.36step/s]
[Origin 12/13] 🎲 Drawing Posterior Samples:  19%|█▉        | 296/1528 [00:07<00:30, 40.09step/s]
[Origin 12/13] 🎲 Drawing Posterior Samples:  20%|█▉        | 301/1528 [00:07<00:29, 42.10step/s]
[Origin 12/13] 🎲 Drawing Posterior Samples:  20%|██        | 306/1528 [00:07<00:29, 40.87step/s]
[Origin 12/13] 🎲 Drawing Posterior Samples:  20%|██        | 311/1528 [00:07<00:30, 40.24step/s]
[Origin 12/13] 🎲 Drawing Posterior Samples:  21%|██        | 316/1528 [00:07<00:29, 41.67step/s]
[Origin 12/13] 🎲 Drawing Posterior Samples:  21%|██        | 321/1528 [00:07<00:29, 41.57step/s]
[Origin 12/13] 🎲 Drawing Posterior Samples:  21%|██▏       | 326/1528 [00:07<00:28, 42.26step/s]
[Origin 12/13] 🎲 Drawing Posterior Samples:  22%|██▏       | 331/1528 [00:07<00:29, 40.79step/s]
[Origin 12/13] 🎲 Drawing Posterior Samples:  22%|██▏       | 336/1528 [00:08<00:27, 42.64step/s]
[Origin 12/13] 🎲 Drawing Posterior Samples:  22%|██▏       | 341/1528 [00:08<00:28, 41.31step/s]
[Origin 12/13] 🎲 Drawing Posterior Samples:  23%|██▎       | 346/1528 [00:08<00:29, 40.57step/s]
[Origin 12/13] 🎲 Drawing Posterior Samples:  23%|██▎       | 351/1528 [00:08<00:35, 33.19step/s]
[Origin 12/13] 🎲 Drawing Posterior Samples:  23%|██▎       | 355/1528 [00:08<00:36, 31.91step/s]
[Origin 12/13] 🎲 Drawing Posterior Samples:  23%|██▎       | 359/1528 [00:08<00:39, 29.39step/s]
[Origin 12/13] 🎲 Drawing Posterior Samples:  24%|██▍       | 363/1528 [00:09<00:46, 25.23step/s]
[Origin 12/13] 🎲 Drawing Posterior Samples:  24%|██▍       | 366/1528 [00:09<00:45, 25.29step/s]
[Origin 12/13] 🎲 Drawing Posterior Samples:  24%|██▍       | 370/1528 [00:09<00:43, 26.41step/s]
[Origin 12/13] 🎲 Drawing Posterior Samples:  24%|██▍       | 373/1528 [00:09<00:42, 27.09step/s]
[Origin 12/13] 🎲 Drawing Posterior Samples:  25%|██▍       | 376/1528 [00:09<00:42, 26.95step/s]
[Origin 12/13] 🎲 Drawing Posterior Samples:  25%|██▍       | 380/1528 [00:09<00:40, 28.18step/s]
[Origin 12/13] 🎲 Drawing Posterior Samples:  25%|██▌       | 383/1528 [00:11<02:58,  6.40step/s]
[Origin 12/13] 🎲 Drawing Posterior Samples:  25%|██▌       | 388/1528 [00:11<01:58,  9.59step/s]
[Origin 12/13] 🎲 Drawing Posterior Samples:  26%|██▌       | 392/1528 [00:11<01:31, 12.39step/s]
[Origin 12/13] 🎲 Drawing Posterior Samples:  26%|██▌       | 397/1528 [00:11<01:07, 16.74step/s]
[Origin 12/13] 🎲 Drawing Posterior Samples:  26%|██▌       | 401/1528 [00:11<00:56, 19.82step/s]
[Origin 12/13] 🎲 Drawing Posterior Samples:  27%|██▋       | 406/1528 [00:11<00:45, 24.72step/s]
[Origin 12/13] 🎲 Drawing Posterior Samples:  27%|██▋       | 410/1528 [00:11<00:41, 27.14step/s]
[Origin 12/13] 🎲 Drawing Posterior Samples:  27%|██▋       | 415/1528 [00:11<00:35, 31.69step/s]
[Origin 12/13] 🎲 Drawing Posterior Samples:  27%|██▋       | 420/1528 [00:12<00:32, 33.60step/s]
[Origin 12/13] 🎲 Drawing Posterior Samples:  28%|██▊       | 425/1528 [00:12<00:31, 35.46step/s]
[Origin 12/13] 🎲 Drawing Posterior Samples:  28%|██▊       | 430/1528 [00:12<00:28, 38.06step/s]
[Origin 12/13] 🎲 Drawing Posterior Samples:  28%|██▊       | 435/1528 [00:12<00:28, 38.19step/s]
[Origin 12/13] 🎲 Drawing Posterior Samples:  29%|██▉       | 440/1528 [00:12<00:26, 40.66step/s]
[Origin 12/13] 🎲 Drawing Posterior Samples:  29%|██▉       | 445/1528 [00:12<00:27, 39.79step/s]
[Origin 12/13] 🎲 Drawing Posterior Samples:  29%|██▉       | 450/1528 [00:12<00:25, 41.89step/s]
[Origin 12/13] 🎲 Drawing Posterior Samples:  30%|██▉       | 455/1528 [00:12<00:26, 40.78step/s]
[Origin 12/13] 🎲 Drawing Posterior Samples:  30%|███       | 460/1528 [00:13<00:26, 39.93step/s]
[Origin 12/13] 🎲 Drawing Posterior Samples:  30%|███       | 465/1528 [00:13<00:25, 41.98step/s]
[Origin 12/13] 🎲 Drawing Posterior Samples:  31%|███       | 470/1528 [00:13<00:26, 40.66step/s]
[Origin 12/13] 🎲 Drawing Posterior Samples:  31%|███       | 475/1528 [00:13<00:24, 42.55step/s]
[Origin 12/13] 🎲 Drawing Posterior Samples:  31%|███▏      | 480/1528 [00:13<00:25, 41.25step/s]
[Origin 12/13] 🎲 Drawing Posterior Samples:  32%|███▏      | 485/1528 [00:13<00:25, 40.13step/s]
[Origin 12/13] 🎲 Drawing Posterior Samples:  32%|███▏      | 490/1528 [00:13<00:24, 42.15step/s]
[Origin 12/13] 🎲 Drawing Posterior Samples:  32%|███▏      | 495/1528 [00:13<00:25, 40.82step/s]
[Origin 12/13] 🎲 Drawing Posterior Samples:  33%|███▎      | 500/1528 [00:13<00:24, 42.67step/s]
[Origin 12/13] 🎲 Drawing Posterior Samples:  33%|███▎      | 505/1528 [00:14<00:24, 41.17step/s]
[Origin 12/13] 🎲 Drawing Posterior Samples:  33%|███▎      | 510/1528 [00:14<00:25, 40.21step/s]
[Origin 12/13] 🎲 Drawing Posterior Samples:  34%|███▎      | 515/1528 [00:14<00:24, 42.07step/s]
[Origin 12/13] 🎲 Drawing Posterior Samples:  34%|███▍      | 520/1528 [00:14<00:24, 40.70step/s]
[Origin 12/13] 🎲 Drawing Posterior Samples:  34%|███▍      | 525/1528 [00:14<00:23, 42.55step/s]
[Origin 12/13] 🎲 Drawing Posterior Samples:  35%|███▍      | 530/1528 [00:14<00:24, 41.06step/s]
[Origin 12/13] 🎲 Drawing Posterior Samples:  35%|███▌      | 535/1528 [00:14<00:24, 40.06step/s]
[Origin 12/13] 🎲 Drawing Posterior Samples:  35%|███▌      | 540/1528 [00:14<00:23, 42.06step/s]
[Origin 12/13] 🎲 Drawing Posterior Samples:  36%|███▌      | 545/1528 [00:15<00:24, 40.84step/s]
[Origin 12/13] 🎲 Drawing Posterior Samples:  36%|███▌      | 550/1528 [00:15<00:22, 42.66step/s]
[Origin 12/13] 🎲 Drawing Posterior Samples:  36%|███▋      | 555/1528 [00:15<00:23, 41.22step/s]
[Origin 12/13] 🎲 Drawing Posterior Samples:  37%|███▋      | 560/1528 [00:15<00:23, 41.22step/s]
[Origin 12/13] 🎲 Drawing Posterior Samples:  37%|███▋      | 565/1528 [00:15<00:22, 42.09step/s]
[Origin 12/13] 🎲 Drawing Posterior Samples:  37%|███▋      | 570/1528 [00:15<00:23, 40.64step/s]
[Origin 12/13] 🎲 Drawing Posterior Samples:  38%|███▊      | 575/1528 [00:15<00:22, 42.50step/s]
[Origin 12/13] 🎲 Drawing Posterior Samples:  38%|███▊      | 580/1528 [00:15<00:23, 41.15step/s]
[Origin 12/13] 🎲 Drawing Posterior Samples:  38%|███▊      | 585/1528 [00:16<00:23, 40.81step/s]
[Origin 12/13] 🎲 Drawing Posterior Samples:  39%|███▊      | 590/1528 [00:16<00:22, 42.23step/s]
[Origin 12/13] 🎲 Drawing Posterior Samples:  39%|███▉      | 595/1528 [00:16<00:22, 40.92step/s]
[Origin 12/13] 🎲 Drawing Posterior Samples:  39%|███▉      | 600/1528 [00:16<00:21, 42.73step/s]
[Origin 12/13] 🎲 Drawing Posterior Samples:  40%|███▉      | 605/1528 [00:16<00:22, 41.03step/s]
[Origin 12/13] 🎲 Drawing Posterior Samples:  40%|███▉      | 610/1528 [00:16<00:22, 41.28step/s]
[Origin 12/13] 🎲 Drawing Posterior Samples:  40%|████      | 615/1528 [00:16<00:21, 41.73step/s]
[Origin 12/13] 🎲 Drawing Posterior Samples:  41%|████      | 620/1528 [00:16<00:22, 40.70step/s]
[Origin 12/13] 🎲 Drawing Posterior Samples:  41%|████      | 625/1528 [00:16<00:21, 42.57step/s]
[Origin 12/13] 🎲 Drawing Posterior Samples:  41%|████      | 630/1528 [00:17<00:21, 40.95step/s]
[Origin 12/13] 🎲 Drawing Posterior Samples:  42%|████▏     | 635/1528 [00:17<00:21, 41.24step/s]
[Origin 12/13] 🎲 Drawing Posterior Samples:  42%|████▏     | 640/1528 [00:17<00:21, 41.70step/s]
[Origin 12/13] 🎲 Drawing Posterior Samples:  42%|████▏     | 645/1528 [00:17<00:21, 40.45step/s]
[Origin 12/13] 🎲 Drawing Posterior Samples:  43%|████▎     | 650/1528 [00:17<00:20, 42.37step/s]
[Origin 12/13] 🎲 Drawing Posterior Samples:  43%|████▎     | 655/1528 [00:17<00:21, 41.18step/s]
[Origin 12/13] 🎲 Drawing Posterior Samples:  43%|████▎     | 660/1528 [00:17<00:20, 42.92step/s]
[Origin 12/13] 🎲 Drawing Posterior Samples:  44%|████▎     | 665/1528 [00:17<00:20, 41.32step/s]
[Origin 12/13] 🎲 Drawing Posterior Samples:  44%|████▍     | 670/1528 [00:18<00:21, 40.35step/s]
[Origin 12/13] 🎲 Drawing Posterior Samples:  44%|████▍     | 675/1528 [00:18<00:20, 42.25step/s]
[Origin 12/13] 🎲 Drawing Posterior Samples:  45%|████▍     | 680/1528 [00:18<00:20, 41.11step/s]
[Origin 12/13] 🎲 Drawing Posterior Samples:  45%|████▍     | 685/1528 [00:18<00:19, 42.86step/s]
[Origin 12/13] 🎲 Drawing Posterior Samples:  45%|████▌     | 690/1528 [00:18<00:20, 41.51step/s]
[Origin 12/13] 🎲 Drawing Posterior Samples:  45%|████▌     | 695/1528 [00:18<00:20, 40.46step/s]
[Origin 12/13] 🎲 Drawing Posterior Samples:  46%|████▌     | 700/1528 [00:18<00:19, 42.35step/s]
[Origin 12/13] 🎲 Drawing Posterior Samples:  46%|████▌     | 705/1528 [00:18<00:20, 40.98step/s]
[Origin 12/13] 🎲 Drawing Posterior Samples:  46%|████▋     | 710/1528 [00:19<00:19, 42.75step/s]
[Origin 12/13] 🎲 Drawing Posterior Samples:  47%|████▋     | 715/1528 [00:19<00:19, 41.38step/s]
[Origin 12/13] 🎲 Drawing Posterior Samples:  47%|████▋     | 720/1528 [00:19<00:19, 41.54step/s]
[Origin 12/13] 🎲 Drawing Posterior Samples:  47%|████▋     | 725/1528 [00:19<00:19, 41.86step/s]
[Origin 12/13] 🎲 Drawing Posterior Samples:  48%|████▊     | 730/1528 [00:19<00:22, 36.26step/s]
[Origin 12/13] 🎲 Drawing Posterior Samples:  48%|████▊     | 734/1528 [00:19<00:25, 31.22step/s]
[Origin 12/13] 🎲 Drawing Posterior Samples:  48%|████▊     | 738/1528 [00:19<00:26, 29.65step/s]
[Origin 12/13] 🎲 Drawing Posterior Samples:  49%|████▊     | 742/1528 [00:20<00:27, 29.09step/s]
[Origin 12/13] 🎲 Drawing Posterior Samples:  49%|████▉     | 746/1528 [00:20<00:33, 23.28step/s]
[Origin 12/13] 🎲 Drawing Posterior Samples:  49%|████▉     | 749/1528 [00:20<00:32, 24.24step/s]
[Origin 12/13] 🎲 Drawing Posterior Samples:  49%|████▉     | 752/1528 [00:20<00:33, 23.08step/s]
[Origin 12/13] 🎲 Drawing Posterior Samples:  49%|████▉     | 755/1528 [00:20<00:32, 24.11step/s]
[Origin 12/13] 🎲 Drawing Posterior Samples:  50%|████▉     | 758/1528 [00:20<00:31, 24.55step/s]
[Origin 12/13] 🎲 Drawing Posterior Samples:  50%|████▉     | 761/1528 [00:20<00:32, 23.62step/s]
[Origin 12/13] 🎲 Drawing Posterior Samples:  50%|█████     | 764/1528 [00:21<00:31, 24.52step/s]
[Origin 12/13] 🎲 Drawing Posterior Samples:  50%|█████     | 767/1528 [00:22<02:37,  4.85step/s]
[Origin 12/13] 🎲 Drawing Posterior Samples:  50%|█████     | 771/1528 [00:22<01:47,  7.02step/s]
[Origin 12/13] 🎲 Drawing Posterior Samples:  51%|█████     | 776/1528 [00:23<01:11, 10.49step/s]
[Origin 12/13] 🎲 Drawing Posterior Samples:  51%|█████     | 780/1528 [00:23<00:55, 13.41step/s]
[Origin 12/13] 🎲 Drawing Posterior Samples:  51%|█████▏    | 785/1528 [00:23<00:42, 17.67step/s]
[Origin 12/13] 🎲 Drawing Posterior Samples:  52%|█████▏    | 790/1528 [00:23<00:33, 22.00step/s]
[Origin 12/13] 🎲 Drawing Posterior Samples:  52%|█████▏    | 794/1528 [00:23<00:29, 24.91step/s]
[Origin 12/13] 🎲 Drawing Posterior Samples:  52%|█████▏    | 799/1528 [00:23<00:24, 29.43step/s]
[Origin 12/13] 🎲 Drawing Posterior Samples:  53%|█████▎    | 804/1528 [00:23<00:22, 31.76step/s]
[Origin 12/13] 🎲 Drawing Posterior Samples:  53%|█████▎    | 809/1528 [00:23<00:20, 35.51step/s]
[Origin 12/13] 🎲 Drawing Posterior Samples:  53%|█████▎    | 814/1528 [00:24<00:19, 36.28step/s]
[Origin 12/13] 🎲 Drawing Posterior Samples:  54%|█████▎    | 819/1528 [00:24<00:19, 36.94step/s]
[Origin 12/13] 🎲 Drawing Posterior Samples:  54%|█████▍    | 824/1528 [00:24<00:17, 39.57step/s]
[Origin 12/13] 🎲 Drawing Posterior Samples:  54%|█████▍    | 829/1528 [00:24<00:17, 39.30step/s]
[Origin 12/13] 🎲 Drawing Posterior Samples:  55%|█████▍    | 834/1528 [00:24<00:16, 41.51step/s]
[Origin 12/13] 🎲 Drawing Posterior Samples:  55%|█████▍    | 839/1528 [00:24<00:17, 40.22step/s]
[Origin 12/13] 🎲 Drawing Posterior Samples:  55%|█████▌    | 844/1528 [00:24<00:16, 40.72step/s]
[Origin 12/13] 🎲 Drawing Posterior Samples:  56%|█████▌    | 849/1528 [00:24<00:16, 41.11step/s]
[Origin 12/13] 🎲 Drawing Posterior Samples:  56%|█████▌    | 854/1528 [00:24<00:16, 40.20step/s]
[Origin 12/13] 🎲 Drawing Posterior Samples:  56%|█████▌    | 859/1528 [00:25<00:15, 42.21step/s]
[Origin 12/13] 🎲 Drawing Posterior Samples:  57%|█████▋    | 864/1528 [00:25<00:16, 41.06step/s]
[Origin 12/13] 🎲 Drawing Posterior Samples:  57%|█████▋    | 869/1528 [00:25<00:15, 41.28step/s]
[Origin 12/13] 🎲 Drawing Posterior Samples:  57%|█████▋    | 874/1528 [00:25<00:15, 41.66step/s]
[Origin 12/13] 🎲 Drawing Posterior Samples:  58%|█████▊    | 879/1528 [00:25<00:15, 40.63step/s]
[Origin 12/13] 🎲 Drawing Posterior Samples:  58%|█████▊    | 884/1528 [00:25<00:15, 42.52step/s]
[Origin 12/13] 🎲 Drawing Posterior Samples:  58%|█████▊    | 889/1528 [00:25<00:15, 41.12step/s]
[Origin 12/13] 🎲 Drawing Posterior Samples:  59%|█████▊    | 894/1528 [00:25<00:14, 42.88step/s]
[Origin 12/13] 🎲 Drawing Posterior Samples:  59%|█████▉    | 899/1528 [00:26<00:15, 41.48step/s]
[Origin 12/13] 🎲 Drawing Posterior Samples:  59%|█████▉    | 904/1528 [00:26<00:15, 40.45step/s]
[Origin 12/13] 🎲 Drawing Posterior Samples:  59%|█████▉    | 909/1528 [00:26<00:14, 42.32step/s]
[Origin 12/13] 🎲 Drawing Posterior Samples:  60%|█████▉    | 914/1528 [00:26<00:14, 41.11step/s]
[Origin 12/13] 🎲 Drawing Posterior Samples:  60%|██████    | 919/1528 [00:26<00:14, 42.87step/s]
[Origin 12/13] 🎲 Drawing Posterior Samples:  60%|██████    | 924/1528 [00:26<00:14, 41.35step/s]
[Origin 12/13] 🎲 Drawing Posterior Samples:  61%|██████    | 929/1528 [00:26<00:14, 40.12step/s]
[Origin 12/13] 🎲 Drawing Posterior Samples:  61%|██████    | 934/1528 [00:26<00:14, 42.11step/s]
[Origin 12/13] 🎲 Drawing Posterior Samples:  61%|██████▏   | 939/1528 [00:27<00:14, 40.99step/s]
[Origin 12/13] 🎲 Drawing Posterior Samples:  62%|██████▏   | 944/1528 [00:27<00:13, 42.78step/s]
[Origin 12/13] 🎲 Drawing Posterior Samples:  62%|██████▏   | 949/1528 [00:27<00:14, 41.19step/s]
[Origin 12/13] 🎲 Drawing Posterior Samples:  62%|██████▏   | 954/1528 [00:27<00:14, 40.85step/s]
[Origin 12/13] 🎲 Drawing Posterior Samples:  63%|██████▎   | 959/1528 [00:27<00:13, 42.25step/s]
[Origin 12/13] 🎲 Drawing Posterior Samples:  63%|██████▎   | 964/1528 [00:27<00:13, 40.88step/s]
[Origin 12/13] 🎲 Drawing Posterior Samples:  63%|██████▎   | 969/1528 [00:27<00:13, 42.69step/s]
[Origin 12/13] 🎲 Drawing Posterior Samples:  64%|██████▎   | 974/1528 [00:27<00:13, 41.15step/s]
[Origin 12/13] 🎲 Drawing Posterior Samples:  64%|██████▍   | 979/1528 [00:27<00:13, 41.17step/s]
[Origin 12/13] 🎲 Drawing Posterior Samples:  64%|██████▍   | 984/1528 [00:28<00:12, 42.00step/s]
[Origin 12/13] 🎲 Drawing Posterior Samples:  65%|██████▍   | 989/1528 [00:28<00:13, 40.47step/s]
[Origin 12/13] 🎲 Drawing Posterior Samples:  65%|██████▌   | 994/1528 [00:28<00:12, 42.40step/s]
[Origin 12/13] 🎲 Drawing Posterior Samples:  65%|██████▌   | 999/1528 [00:28<00:12, 40.91step/s]
[Origin 12/13] 🎲 Drawing Posterior Samples:  66%|██████▌   | 1004/1528 [00:28<00:13, 40.24step/s]
[Origin 12/13] 🎲 Drawing Posterior Samples:  66%|██████▌   | 1009/1528 [00:28<00:12, 42.12step/s]
[Origin 12/13] 🎲 Drawing Posterior Samples:  66%|██████▋   | 1014/1528 [00:28<00:12, 40.80step/s]
[Origin 12/13] 🎲 Drawing Posterior Samples:  67%|██████▋   | 1019/1528 [00:28<00:11, 42.63step/s]
[Origin 12/13] 🎲 Drawing Posterior Samples:  67%|██████▋   | 1024/1528 [00:29<00:12, 41.30step/s]
[Origin 12/13] 🎲 Drawing Posterior Samples:  67%|██████▋   | 1029/1528 [00:29<00:12, 41.47step/s]
[Origin 12/13] 🎲 Drawing Posterior Samples:  68%|██████▊   | 1034/1528 [00:29<00:11, 41.69step/s]
[Origin 12/13] 🎲 Drawing Posterior Samples:  68%|██████▊   | 1039/1528 [00:29<00:12, 40.55step/s]
[Origin 12/13] 🎲 Drawing Posterior Samples:  68%|██████▊   | 1044/1528 [00:29<00:11, 42.46step/s]
[Origin 12/13] 🎲 Drawing Posterior Samples:  69%|██████▊   | 1049/1528 [00:29<00:11, 41.03step/s]
[Origin 12/13] 🎲 Drawing Posterior Samples:  69%|██████▉   | 1054/1528 [00:29<00:11, 41.31step/s]
[Origin 12/13] 🎲 Drawing Posterior Samples:  69%|██████▉   | 1059/1528 [00:29<00:11, 41.87step/s]
[Origin 12/13] 🎲 Drawing Posterior Samples:  70%|██████▉   | 1064/1528 [00:30<00:11, 40.54step/s]
[Origin 12/13] 🎲 Drawing Posterior Samples:  70%|██████▉   | 1069/1528 [00:30<00:10, 42.43step/s]
[Origin 12/13] 🎲 Drawing Posterior Samples:  70%|███████   | 1074/1528 [00:30<00:11, 40.84step/s]
[Origin 12/13] 🎲 Drawing Posterior Samples:  71%|███████   | 1079/1528 [00:30<00:10, 42.66step/s]
[Origin 12/13] 🎲 Drawing Posterior Samples:  71%|███████   | 1084/1528 [00:30<00:10, 41.35step/s]
[Origin 12/13] 🎲 Drawing Posterior Samples:  71%|███████▏  | 1089/1528 [00:30<00:10, 40.57step/s]
[Origin 12/13] 🎲 Drawing Posterior Samples:  72%|███████▏  | 1094/1528 [00:30<00:10, 42.46step/s]
[Origin 12/13] 🎲 Drawing Posterior Samples:  72%|███████▏  | 1099/1528 [00:30<00:10, 40.90step/s]
[Origin 12/13] 🎲 Drawing Posterior Samples:  72%|███████▏  | 1104/1528 [00:30<00:09, 42.72step/s]
[Origin 12/13] 🎲 Drawing Posterior Samples:  73%|███████▎  | 1109/1528 [00:31<00:10, 41.40step/s]
[Origin 12/13] 🎲 Drawing Posterior Samples:  73%|███████▎  | 1114/1528 [00:31<00:12, 34.22step/s]
[Origin 12/13] 🎲 Drawing Posterior Samples:  73%|███████▎  | 1118/1528 [00:31<00:12, 32.15step/s]
[Origin 12/13] 🎲 Drawing Posterior Samples:  73%|███████▎  | 1122/1528 [00:31<00:12, 32.08step/s]
[Origin 12/13] 🎲 Drawing Posterior Samples:  74%|███████▎  | 1126/1528 [00:31<00:15, 25.14step/s]
[Origin 12/13] 🎲 Drawing Posterior Samples:  74%|███████▍  | 1129/1528 [00:31<00:15, 25.66step/s]
[Origin 12/13] 🎲 Drawing Posterior Samples:  74%|███████▍  | 1132/1528 [00:32<00:17, 23.22step/s]
[Origin 12/13] 🎲 Drawing Posterior Samples:  74%|███████▍  | 1135/1528 [00:32<00:17, 22.15step/s]
[Origin 12/13] 🎲 Drawing Posterior Samples:  74%|███████▍  | 1138/1528 [00:32<00:16, 23.83step/s]
[Origin 12/13] 🎲 Drawing Posterior Samples:  75%|███████▍  | 1141/1528 [00:32<00:15, 24.22step/s]
[Origin 12/13] 🎲 Drawing Posterior Samples:  75%|███████▍  | 1145/1528 [00:32<00:15, 25.07step/s]
[Origin 12/13] 🎲 Drawing Posterior Samples:  75%|███████▌  | 1148/1528 [00:34<01:21,  4.68step/s]
[Origin 12/13] 🎲 Drawing Posterior Samples:  75%|███████▌  | 1153/1528 [00:34<00:51,  7.24step/s]
[Origin 12/13] 🎲 Drawing Posterior Samples:  76%|███████▌  | 1157/1528 [00:34<00:38,  9.63step/s]
[Origin 12/13] 🎲 Drawing Posterior Samples:  76%|███████▌  | 1162/1528 [00:34<00:27, 13.45step/s]
[Origin 12/13] 🎲 Drawing Posterior Samples:  76%|███████▋  | 1166/1528 [00:35<00:22, 16.44step/s]
[Origin 12/13] 🎲 Drawing Posterior Samples:  77%|███████▋  | 1171/1528 [00:35<00:16, 21.16step/s]
[Origin 12/13] 🎲 Drawing Posterior Samples:  77%|███████▋  | 1175/1528 [00:35<00:14, 23.98step/s]
[Origin 12/13] 🎲 Drawing Posterior Samples:  77%|███████▋  | 1180/1528 [00:35<00:12, 28.74step/s]
[Origin 12/13] 🎲 Drawing Posterior Samples:  78%|███████▊  | 1185/1528 [00:35<00:11, 31.10step/s]
[Origin 12/13] 🎲 Drawing Posterior Samples:  78%|███████▊  | 1190/1528 [00:35<00:10, 33.02step/s]
[Origin 12/13] 🎲 Drawing Posterior Samples:  78%|███████▊  | 1195/1528 [00:35<00:09, 36.52step/s]
[Origin 12/13] 🎲 Drawing Posterior Samples:  79%|███████▊  | 1200/1528 [00:35<00:08, 36.79step/s]
[Origin 12/13] 🎲 Drawing Posterior Samples:  79%|███████▉  | 1205/1528 [00:36<00:08, 39.55step/s]
[Origin 12/13] 🎲 Drawing Posterior Samples:  79%|███████▉  | 1210/1528 [00:36<00:08, 38.98step/s]
[Origin 12/13] 🎲 Drawing Posterior Samples:  80%|███████▉  | 1215/1528 [00:36<00:07, 39.39step/s]
[Origin 12/13] 🎲 Drawing Posterior Samples:  80%|███████▉  | 1220/1528 [00:36<00:07, 40.91step/s]
[Origin 12/13] 🎲 Drawing Posterior Samples:  80%|████████  | 1225/1528 [00:36<00:07, 39.86step/s]
[Origin 12/13] 🎲 Drawing Posterior Samples:  80%|████████  | 1230/1528 [00:36<00:07, 41.92step/s]
[Origin 12/13] 🎲 Drawing Posterior Samples:  81%|████████  | 1235/1528 [00:36<00:07, 40.68step/s]
[Origin 12/13] 🎲 Drawing Posterior Samples:  81%|████████  | 1240/1528 [00:36<00:07, 40.02step/s]
[Origin 12/13] 🎲 Drawing Posterior Samples:  81%|████████▏ | 1245/1528 [00:37<00:06, 41.94step/s]
[Origin 12/13] 🎲 Drawing Posterior Samples:  82%|████████▏ | 1250/1528 [00:37<00:06, 40.73step/s]
[Origin 12/13] 🎲 Drawing Posterior Samples:  82%|████████▏ | 1255/1528 [00:37<00:06, 42.59step/s]
[Origin 12/13] 🎲 Drawing Posterior Samples:  82%|████████▏ | 1260/1528 [00:37<00:06, 41.26step/s]
[Origin 12/13] 🎲 Drawing Posterior Samples:  83%|████████▎ | 1265/1528 [00:37<00:06, 41.05step/s]
[Origin 12/13] 🎲 Drawing Posterior Samples:  83%|████████▎ | 1270/1528 [00:37<00:06, 41.82step/s]
[Origin 12/13] 🎲 Drawing Posterior Samples:  83%|████████▎ | 1275/1528 [00:37<00:06, 40.58step/s]
[Origin 12/13] 🎲 Drawing Posterior Samples:  84%|████████▍ | 1280/1528 [00:37<00:05, 42.47step/s]
[Origin 12/13] 🎲 Drawing Posterior Samples:  84%|████████▍ | 1285/1528 [00:37<00:05, 40.96step/s]
[Origin 12/13] 🎲 Drawing Posterior Samples:  84%|████████▍ | 1290/1528 [00:38<00:05, 41.05step/s]
[Origin 12/13] 🎲 Drawing Posterior Samples:  85%|████████▍ | 1295/1528 [00:38<00:05, 42.00step/s]
[Origin 12/13] 🎲 Drawing Posterior Samples:  85%|████████▌ | 1300/1528 [00:38<00:05, 40.72step/s]
[Origin 12/13] 🎲 Drawing Posterior Samples:  85%|████████▌ | 1305/1528 [00:38<00:05, 42.57step/s]
[Origin 12/13] 🎲 Drawing Posterior Samples:  86%|████████▌ | 1310/1528 [00:38<00:05, 40.93step/s]
[Origin 12/13] 🎲 Drawing Posterior Samples:  86%|████████▌ | 1315/1528 [00:38<00:05, 41.18step/s]
[Origin 12/13] 🎲 Drawing Posterior Samples:  86%|████████▋ | 1320/1528 [00:38<00:04, 41.67step/s]
[Origin 12/13] 🎲 Drawing Posterior Samples:  87%|████████▋ | 1325/1528 [00:38<00:04, 40.94step/s]
[Origin 12/13] 🎲 Drawing Posterior Samples:  87%|████████▋ | 1330/1528 [00:39<00:04, 42.74step/s]
[Origin 12/13] 🎲 Drawing Posterior Samples:  87%|████████▋ | 1335/1528 [00:39<00:04, 41.21step/s]
[Origin 12/13] 🎲 Drawing Posterior Samples:  88%|████████▊ | 1340/1528 [00:39<00:04, 42.95step/s]
[Origin 12/13] 🎲 Drawing Posterior Samples:  88%|████████▊ | 1345/1528 [00:39<00:04, 41.52step/s]
[Origin 12/13] 🎲 Drawing Posterior Samples:  88%|████████▊ | 1350/1528 [00:39<00:04, 40.31step/s]
[Origin 12/13] 🎲 Drawing Posterior Samples:  89%|████████▊ | 1355/1528 [00:39<00:04, 42.27step/s]
[Origin 12/13] 🎲 Drawing Posterior Samples:  89%|████████▉ | 1360/1528 [00:39<00:04, 40.90step/s]
[Origin 12/13] 🎲 Drawing Posterior Samples:  89%|████████▉ | 1365/1528 [00:39<00:03, 42.72step/s]
[Origin 12/13] 🎲 Drawing Posterior Samples:  90%|████████▉ | 1370/1528 [00:40<00:03, 41.24step/s]
[Origin 12/13] 🎲 Drawing Posterior Samples:  90%|████████▉ | 1375/1528 [00:40<00:03, 40.31step/s]
[Origin 12/13] 🎲 Drawing Posterior Samples:  90%|█████████ | 1380/1528 [00:40<00:03, 42.26step/s]
[Origin 12/13] 🎲 Drawing Posterior Samples:  91%|█████████ | 1385/1528 [00:40<00:03, 41.21step/s]
[Origin 12/13] 🎲 Drawing Posterior Samples:  91%|█████████ | 1390/1528 [00:40<00:03, 42.96step/s]
[Origin 12/13] 🎲 Drawing Posterior Samples:  91%|█████████▏| 1395/1528 [00:40<00:03, 41.31step/s]
[Origin 12/13] 🎲 Drawing Posterior Samples:  92%|█████████▏| 1400/1528 [00:40<00:03, 40.50step/s]
[Origin 12/13] 🎲 Drawing Posterior Samples:  92%|█████████▏| 1405/1528 [00:40<00:02, 42.35step/s]
[Origin 12/13] 🎲 Drawing Posterior Samples:  92%|█████████▏| 1410/1528 [00:40<00:02, 41.13step/s]
[Origin 12/13] 🎲 Drawing Posterior Samples:  93%|█████████▎| 1415/1528 [00:41<00:02, 42.89step/s]
[Origin 12/13] 🎲 Drawing Posterior Samples:  93%|█████████▎| 1420/1528 [00:41<00:02, 41.54step/s]
[Origin 12/13] 🎲 Drawing Posterior Samples:  93%|█████████▎| 1425/1528 [00:41<00:02, 41.60step/s]
[Origin 12/13] 🎲 Drawing Posterior Samples:  94%|█████████▎| 1430/1528 [00:41<00:02, 41.97step/s]
[Origin 12/13] 🎲 Drawing Posterior Samples:  94%|█████████▍| 1435/1528 [00:41<00:02, 40.92step/s]
[Origin 12/13] 🎲 Drawing Posterior Samples:  94%|█████████▍| 1440/1528 [00:41<00:02, 42.73step/s]
[Origin 12/13] 🎲 Drawing Posterior Samples:  95%|█████████▍| 1445/1528 [00:41<00:02, 41.24step/s]
[Origin 12/13] 🎲 Drawing Posterior Samples:  95%|█████████▍| 1450/1528 [00:41<00:01, 41.59step/s]
[Origin 12/13] 🎲 Drawing Posterior Samples:  95%|█████████▌| 1455/1528 [00:42<00:01, 41.99step/s]
[Origin 12/13] 🎲 Drawing Posterior Samples:  96%|█████████▌| 1460/1528 [00:42<00:01, 40.96step/s]
[Origin 12/13] 🎲 Drawing Posterior Samples:  96%|█████████▌| 1465/1528 [00:42<00:01, 42.76step/s]
[Origin 12/13] 🎲 Drawing Posterior Samples:  96%|█████████▌| 1470/1528 [00:42<00:01, 41.40step/s]
[Origin 12/13] 🎲 Drawing Posterior Samples:  97%|█████████▋| 1475/1528 [00:42<00:01, 43.10step/s]
[Origin 12/13] 🎲 Drawing Posterior Samples:  97%|█████████▋| 1480/1528 [00:42<00:01, 41.30step/s]
[Origin 12/13] 🎲 Drawing Posterior Samples:  97%|█████████▋| 1485/1528 [00:42<00:01, 40.28step/s]
[Origin 12/13] 🎲 Drawing Posterior Samples:  98%|█████████▊| 1490/1528 [00:42<00:00, 42.21step/s]
[Origin 12/13] 🎲 Drawing Posterior Samples:  98%|█████████▊| 1495/1528 [00:43<00:00, 33.36step/s]
[Origin 12/13] 🎲 Drawing Posterior Samples:  98%|█████████▊| 1499/1528 [00:43<00:01, 26.89step/s]
[Origin 12/13] 🎲 Drawing Posterior Samples:  98%|█████████▊| 1503/1528 [00:43<00:00, 27.00step/s]
[Origin 12/13] 🎲 Drawing Posterior Samples:  99%|█████████▊| 1506/1528 [00:43<00:00, 23.19step/s]
[Origin 12/13] 🎲 Drawing Posterior Samples:  99%|█████████▉| 1509/1528 [00:43<00:00, 22.39step/s]
[Origin 12/13] 🎲 Drawing Posterior Samples:  99%|█████████▉| 1513/1528 [00:43<00:00, 24.17step/s]
[Origin 12/13] 🎲 Drawing Posterior Samples:  99%|█████████▉| 1516/1528 [00:44<00:00, 25.18step/s]
[Origin 12/13] 🎲 Drawing Posterior Samples:  99%|█████████▉| 1519/1528 [00:44<00:00, 24.76step/s]
[Origin 12/13] 🎲 Drawing Posterior Samples: 100%|█████████▉| 1523/1528 [00:44<00:00, 26.71step/s]
[Origin 12/13] 🎲 Drawing Posterior Samples: 100%|█████████▉| 1526/1528 [00:44<00:00, 27.21step/s]
                                                                                                  

[Origin 13/13] 🎲 Drawing Posterior Samples:   0%|          | 0/1532 [00:00<?, ?step/s]
[Origin 13/13] 🎲 Drawing Posterior Samples:   0%|          | 6/1532 [00:00<00:30, 49.82step/s]
[Origin 13/13] 🎲 Drawing Posterior Samples:   1%|          | 11/1532 [00:00<00:35, 42.58step/s]
[Origin 13/13] 🎲 Drawing Posterior Samples:   1%|          | 16/1532 [00:00<00:33, 44.64step/s]
[Origin 13/13] 🎲 Drawing Posterior Samples:   1%|▏         | 21/1532 [00:00<00:36, 41.77step/s]
[Origin 13/13] 🎲 Drawing Posterior Samples:   2%|▏         | 26/1532 [00:00<00:36, 41.80step/s]
[Origin 13/13] 🎲 Drawing Posterior Samples:   2%|▏         | 31/1532 [00:00<00:35, 42.08step/s]
[Origin 13/13] 🎲 Drawing Posterior Samples:   2%|▏         | 36/1532 [00:00<00:36, 40.43step/s]
[Origin 13/13] 🎲 Drawing Posterior Samples:   3%|▎         | 41/1532 [00:00<00:35, 42.57step/s]
[Origin 13/13] 🎲 Drawing Posterior Samples:   3%|▎         | 46/1532 [00:01<00:36, 41.12step/s]
[Origin 13/13] 🎲 Drawing Posterior Samples:   3%|▎         | 51/1532 [00:01<00:35, 41.47step/s]
[Origin 13/13] 🎲 Drawing Posterior Samples:   4%|▎         | 56/1532 [00:01<00:35, 41.78step/s]
[Origin 13/13] 🎲 Drawing Posterior Samples:   4%|▍         | 61/1532 [00:01<00:36, 40.70step/s]
[Origin 13/13] 🎲 Drawing Posterior Samples:   4%|▍         | 66/1532 [00:01<00:34, 42.59step/s]
[Origin 13/13] 🎲 Drawing Posterior Samples:   5%|▍         | 71/1532 [00:01<00:35, 40.79step/s]
[Origin 13/13] 🎲 Drawing Posterior Samples:   5%|▍         | 76/1532 [00:01<00:35, 41.10step/s]
[Origin 13/13] 🎲 Drawing Posterior Samples:   5%|▌         | 81/1532 [00:01<00:34, 41.72step/s]
[Origin 13/13] 🎲 Drawing Posterior Samples:   6%|▌         | 86/1532 [00:02<00:35, 40.61step/s]
[Origin 13/13] 🎲 Drawing Posterior Samples:   6%|▌         | 91/1532 [00:02<00:33, 42.49step/s]
[Origin 13/13] 🎲 Drawing Posterior Samples:   6%|▋         | 96/1532 [00:02<00:34, 41.19step/s]
[Origin 13/13] 🎲 Drawing Posterior Samples:   7%|▋         | 101/1532 [00:02<00:33, 42.93step/s]
[Origin 13/13] 🎲 Drawing Posterior Samples:   7%|▋         | 106/1532 [00:02<00:34, 41.49step/s]
[Origin 13/13] 🎲 Drawing Posterior Samples:   7%|▋         | 111/1532 [00:02<00:35, 40.41step/s]
[Origin 13/13] 🎲 Drawing Posterior Samples:   8%|▊         | 116/1532 [00:02<00:33, 42.26step/s]
[Origin 13/13] 🎲 Drawing Posterior Samples:   8%|▊         | 121/1532 [00:02<00:34, 41.10step/s]
[Origin 13/13] 🎲 Drawing Posterior Samples:   8%|▊         | 126/1532 [00:03<00:32, 42.85step/s]
[Origin 13/13] 🎲 Drawing Posterior Samples:   9%|▊         | 131/1532 [00:03<00:33, 41.22step/s]
[Origin 13/13] 🎲 Drawing Posterior Samples:   9%|▉         | 136/1532 [00:03<00:34, 40.16step/s]
[Origin 13/13] 🎲 Drawing Posterior Samples:   9%|▉         | 141/1532 [00:03<00:33, 42.12step/s]
[Origin 13/13] 🎲 Drawing Posterior Samples:  10%|▉         | 146/1532 [00:03<00:33, 40.93step/s]
[Origin 13/13] 🎲 Drawing Posterior Samples:  10%|▉         | 151/1532 [00:03<00:32, 42.74step/s]
[Origin 13/13] 🎲 Drawing Posterior Samples:  10%|█         | 156/1532 [00:03<00:33, 41.36step/s]
[Origin 13/13] 🎲 Drawing Posterior Samples:  11%|█         | 161/1532 [00:03<00:33, 41.48step/s]
[Origin 13/13] 🎲 Drawing Posterior Samples:  11%|█         | 166/1532 [00:03<00:32, 42.01step/s]
[Origin 13/13] 🎲 Drawing Posterior Samples:  11%|█         | 171/1532 [00:04<00:35, 38.30step/s]
[Origin 13/13] 🎲 Drawing Posterior Samples:  11%|█▏        | 176/1532 [00:04<00:33, 40.61step/s]
[Origin 13/13] 🎲 Drawing Posterior Samples:  12%|█▏        | 181/1532 [00:04<00:31, 42.50step/s]
[Origin 13/13] 🎲 Drawing Posterior Samples:  12%|█▏        | 186/1532 [00:04<00:32, 41.78step/s]
[Origin 13/13] 🎲 Drawing Posterior Samples:  12%|█▏        | 191/1532 [00:04<00:31, 42.79step/s]
[Origin 13/13] 🎲 Drawing Posterior Samples:  13%|█▎        | 196/1532 [00:04<00:32, 41.28step/s]
[Origin 13/13] 🎲 Drawing Posterior Samples:  13%|█▎        | 201/1532 [00:04<00:30, 42.99step/s]
[Origin 13/13] 🎲 Drawing Posterior Samples:  13%|█▎        | 206/1532 [00:04<00:31, 41.60step/s]
[Origin 13/13] 🎲 Drawing Posterior Samples:  14%|█▍        | 211/1532 [00:05<00:32, 41.26step/s]
[Origin 13/13] 🎲 Drawing Posterior Samples:  14%|█▍        | 216/1532 [00:05<00:31, 42.30step/s]
[Origin 13/13] 🎲 Drawing Posterior Samples:  14%|█▍        | 221/1532 [00:05<00:31, 41.11step/s]
[Origin 13/13] 🎲 Drawing Posterior Samples:  15%|█▍        | 226/1532 [00:05<00:30, 42.87step/s]
[Origin 13/13] 🎲 Drawing Posterior Samples:  15%|█▌        | 231/1532 [00:05<00:31, 41.44step/s]
[Origin 13/13] 🎲 Drawing Posterior Samples:  15%|█▌        | 236/1532 [00:05<00:30, 43.11step/s]
[Origin 13/13] 🎲 Drawing Posterior Samples:  16%|█▌        | 241/1532 [00:05<00:31, 41.58step/s]
[Origin 13/13] 🎲 Drawing Posterior Samples:  16%|█▌        | 246/1532 [00:05<00:31, 40.34step/s]
[Origin 13/13] 🎲 Drawing Posterior Samples:  16%|█▋        | 251/1532 [00:06<00:30, 42.28step/s]
[Origin 13/13] 🎲 Drawing Posterior Samples:  17%|█▋        | 256/1532 [00:06<00:31, 40.71step/s]
[Origin 13/13] 🎲 Drawing Posterior Samples:  17%|█▋        | 261/1532 [00:06<00:30, 41.16step/s]
[Origin 13/13] 🎲 Drawing Posterior Samples:  17%|█▋        | 266/1532 [00:06<00:30, 41.59step/s]
[Origin 13/13] 🎲 Drawing Posterior Samples:  18%|█▊        | 271/1532 [00:06<00:31, 40.53step/s]
[Origin 13/13] 🎲 Drawing Posterior Samples:  18%|█▊        | 276/1532 [00:06<00:29, 42.32step/s]
[Origin 13/13] 🎲 Drawing Posterior Samples:  18%|█▊        | 281/1532 [00:06<00:30, 41.07step/s]
[Origin 13/13] 🎲 Drawing Posterior Samples:  19%|█▊        | 286/1532 [00:06<00:29, 42.84step/s]
[Origin 13/13] 🎲 Drawing Posterior Samples:  19%|█▉        | 291/1532 [00:06<00:30, 40.96step/s]
[Origin 13/13] 🎲 Drawing Posterior Samples:  19%|█▉        | 296/1532 [00:07<00:30, 40.25step/s]
[Origin 13/13] 🎲 Drawing Posterior Samples:  20%|█▉        | 301/1532 [00:07<00:29, 42.21step/s]
[Origin 13/13] 🎲 Drawing Posterior Samples:  20%|█▉        | 306/1532 [00:07<00:29, 41.04step/s]
[Origin 13/13] 🎲 Drawing Posterior Samples:  20%|██        | 311/1532 [00:07<00:28, 42.86step/s]
[Origin 13/13] 🎲 Drawing Posterior Samples:  21%|██        | 316/1532 [00:07<00:29, 41.25step/s]
[Origin 13/13] 🎲 Drawing Posterior Samples:  21%|██        | 321/1532 [00:07<00:30, 40.35step/s]
[Origin 13/13] 🎲 Drawing Posterior Samples:  21%|██▏       | 326/1532 [00:07<00:28, 42.23step/s]
[Origin 13/13] 🎲 Drawing Posterior Samples:  22%|██▏       | 331/1532 [00:07<00:29, 40.87step/s]
[Origin 13/13] 🎲 Drawing Posterior Samples:  22%|██▏       | 336/1532 [00:08<00:28, 42.69step/s]
[Origin 13/13] 🎲 Drawing Posterior Samples:  22%|██▏       | 341/1532 [00:08<00:28, 41.39step/s]
[Origin 13/13] 🎲 Drawing Posterior Samples:  23%|██▎       | 346/1532 [00:08<00:28, 41.55step/s]
[Origin 13/13] 🎲 Drawing Posterior Samples:  23%|██▎       | 351/1532 [00:08<00:32, 35.91step/s]
[Origin 13/13] 🎲 Drawing Posterior Samples:  23%|██▎       | 355/1532 [00:08<00:34, 33.72step/s]
[Origin 13/13] 🎲 Drawing Posterior Samples:  23%|██▎       | 359/1532 [00:08<00:37, 31.53step/s]
[Origin 13/13] 🎲 Drawing Posterior Samples:  24%|██▎       | 363/1532 [00:08<00:38, 30.61step/s]
[Origin 13/13] 🎲 Drawing Posterior Samples:  24%|██▍       | 367/1532 [00:09<00:38, 29.96step/s]
[Origin 13/13] 🎲 Drawing Posterior Samples:  24%|██▍       | 371/1532 [00:09<00:40, 28.85step/s]
[Origin 13/13] 🎲 Drawing Posterior Samples:  24%|██▍       | 374/1532 [00:09<00:40, 28.46step/s]
[Origin 13/13] 🎲 Drawing Posterior Samples:  25%|██▍       | 377/1532 [00:09<00:40, 28.42step/s]
[Origin 13/13] 🎲 Drawing Posterior Samples:  25%|██▍       | 380/1532 [00:09<00:41, 27.66step/s]
[Origin 13/13] 🎲 Drawing Posterior Samples:  25%|██▌       | 383/1532 [00:09<00:43, 26.41step/s]
[Origin 13/13] 🎲 Drawing Posterior Samples:  25%|██▌       | 386/1532 [00:11<04:20,  4.40step/s]
[Origin 13/13] 🎲 Drawing Posterior Samples:  26%|██▌       | 391/1532 [00:11<02:44,  6.92step/s]
[Origin 13/13] 🎲 Drawing Posterior Samples:  26%|██▌       | 395/1532 [00:12<02:02,  9.29step/s]
[Origin 13/13] 🎲 Drawing Posterior Samples:  26%|██▌       | 400/1532 [00:12<01:26, 13.07step/s]
[Origin 13/13] 🎲 Drawing Posterior Samples:  26%|██▋       | 404/1532 [00:12<01:10, 16.04step/s]
[Origin 13/13] 🎲 Drawing Posterior Samples:  27%|██▋       | 409/1532 [00:12<00:55, 20.28step/s]
[Origin 13/13] 🎲 Drawing Posterior Samples:  27%|██▋       | 414/1532 [00:12<00:45, 24.58step/s]
[Origin 13/13] 🎲 Drawing Posterior Samples:  27%|██▋       | 418/1532 [00:12<00:41, 27.05step/s]
[Origin 13/13] 🎲 Drawing Posterior Samples:  28%|██▊       | 423/1532 [00:12<00:35, 31.49step/s]
[Origin 13/13] 🎲 Drawing Posterior Samples:  28%|██▊       | 428/1532 [00:12<00:33, 33.44step/s]
[Origin 13/13] 🎲 Drawing Posterior Samples:  28%|██▊       | 433/1532 [00:12<00:29, 36.88step/s]
[Origin 13/13] 🎲 Drawing Posterior Samples:  29%|██▊       | 438/1532 [00:13<00:29, 37.18step/s]
[Origin 13/13] 🎲 Drawing Posterior Samples:  29%|██▉       | 443/1532 [00:13<00:28, 37.76step/s]
[Origin 13/13] 🎲 Drawing Posterior Samples:  29%|██▉       | 448/1532 [00:13<00:26, 40.21step/s]
[Origin 13/13] 🎲 Drawing Posterior Samples:  30%|██▉       | 453/1532 [00:13<00:27, 39.68step/s]
[Origin 13/13] 🎲 Drawing Posterior Samples:  30%|██▉       | 458/1532 [00:13<00:25, 41.81step/s]
[Origin 13/13] 🎲 Drawing Posterior Samples:  30%|███       | 463/1532 [00:13<00:26, 40.77step/s]
[Origin 13/13] 🎲 Drawing Posterior Samples:  31%|███       | 468/1532 [00:13<00:25, 41.07step/s]
[Origin 13/13] 🎲 Drawing Posterior Samples:  31%|███       | 473/1532 [00:13<00:25, 41.46step/s]
[Origin 13/13] 🎲 Drawing Posterior Samples:  31%|███       | 478/1532 [00:14<00:26, 40.53step/s]
[Origin 13/13] 🎲 Drawing Posterior Samples:  32%|███▏      | 483/1532 [00:14<00:24, 42.44step/s]
[Origin 13/13] 🎲 Drawing Posterior Samples:  32%|███▏      | 488/1532 [00:14<00:25, 41.20step/s]
[Origin 13/13] 🎲 Drawing Posterior Samples:  32%|███▏      | 493/1532 [00:14<00:25, 41.34step/s]
[Origin 13/13] 🎲 Drawing Posterior Samples:  33%|███▎      | 498/1532 [00:14<00:24, 41.87step/s]
[Origin 13/13] 🎲 Drawing Posterior Samples:  33%|███▎      | 503/1532 [00:14<00:25, 40.66step/s]
[Origin 13/13] 🎲 Drawing Posterior Samples:  33%|███▎      | 508/1532 [00:14<00:24, 42.54step/s]
[Origin 13/13] 🎲 Drawing Posterior Samples:  33%|███▎      | 513/1532 [00:14<00:24, 41.30step/s]
[Origin 13/13] 🎲 Drawing Posterior Samples:  34%|███▍      | 518/1532 [00:14<00:23, 43.04step/s]
[Origin 13/13] 🎲 Drawing Posterior Samples:  34%|███▍      | 523/1532 [00:15<00:24, 41.37step/s]
[Origin 13/13] 🎲 Drawing Posterior Samples:  34%|███▍      | 528/1532 [00:15<00:24, 40.28step/s]
[Origin 13/13] 🎲 Drawing Posterior Samples:  35%|███▍      | 533/1532 [00:15<00:23, 42.26step/s]
[Origin 13/13] 🎲 Drawing Posterior Samples:  35%|███▌      | 538/1532 [00:15<00:24, 41.06step/s]
[Origin 13/13] 🎲 Drawing Posterior Samples:  35%|███▌      | 543/1532 [00:15<00:23, 42.80step/s]
[Origin 13/13] 🎲 Drawing Posterior Samples:  36%|███▌      | 548/1532 [00:15<00:23, 41.55step/s]
[Origin 13/13] 🎲 Drawing Posterior Samples:  36%|███▌      | 553/1532 [00:15<00:23, 41.58step/s]
[Origin 13/13] 🎲 Drawing Posterior Samples:  36%|███▋      | 558/1532 [00:15<00:23, 41.75step/s]
[Origin 13/13] 🎲 Drawing Posterior Samples:  37%|███▋      | 563/1532 [00:16<00:23, 40.64step/s]
[Origin 13/13] 🎲 Drawing Posterior Samples:  37%|███▋      | 568/1532 [00:16<00:22, 42.51step/s]
[Origin 13/13] 🎲 Drawing Posterior Samples:  37%|███▋      | 573/1532 [00:16<00:23, 41.09step/s]
[Origin 13/13] 🎲 Drawing Posterior Samples:  38%|███▊      | 578/1532 [00:16<00:23, 41.11step/s]
[Origin 13/13] 🎲 Drawing Posterior Samples:  38%|███▊      | 583/1532 [00:16<00:22, 41.99step/s]
[Origin 13/13] 🎲 Drawing Posterior Samples:  38%|███▊      | 588/1532 [00:16<00:23, 41.00step/s]
[Origin 13/13] 🎲 Drawing Posterior Samples:  39%|███▊      | 593/1532 [00:16<00:21, 42.77step/s]
[Origin 13/13] 🎲 Drawing Posterior Samples:  39%|███▉      | 598/1532 [00:16<00:22, 41.16step/s]
[Origin 13/13] 🎲 Drawing Posterior Samples:  39%|███▉      | 603/1532 [00:17<00:21, 42.90step/s]
[Origin 13/13] 🎲 Drawing Posterior Samples:  40%|███▉      | 608/1532 [00:17<00:22, 41.45step/s]
[Origin 13/13] 🎲 Drawing Posterior Samples:  40%|████      | 613/1532 [00:17<00:22, 40.40step/s]
[Origin 13/13] 🎲 Drawing Posterior Samples:  40%|████      | 618/1532 [00:17<00:21, 42.31step/s]
[Origin 13/13] 🎲 Drawing Posterior Samples:  41%|████      | 623/1532 [00:17<00:22, 40.98step/s]
[Origin 13/13] 🎲 Drawing Posterior Samples:  41%|████      | 628/1532 [00:17<00:21, 42.78step/s]
[Origin 13/13] 🎲 Drawing Posterior Samples:  41%|████▏     | 633/1532 [00:17<00:21, 41.35step/s]
[Origin 13/13] 🎲 Drawing Posterior Samples:  42%|████▏     | 638/1532 [00:17<00:22, 40.52step/s]
[Origin 13/13] 🎲 Drawing Posterior Samples:  42%|████▏     | 643/1532 [00:17<00:20, 42.40step/s]
[Origin 13/13] 🎲 Drawing Posterior Samples:  42%|████▏     | 648/1532 [00:18<00:21, 40.96step/s]
[Origin 13/13] 🎲 Drawing Posterior Samples:  43%|████▎     | 653/1532 [00:18<00:20, 42.77step/s]
[Origin 13/13] 🎲 Drawing Posterior Samples:  43%|████▎     | 658/1532 [00:18<00:21, 41.19step/s]
[Origin 13/13] 🎲 Drawing Posterior Samples:  43%|████▎     | 663/1532 [00:18<00:21, 40.64step/s]
[Origin 13/13] 🎲 Drawing Posterior Samples:  44%|████▎     | 668/1532 [00:18<00:20, 42.20step/s]
[Origin 13/13] 🎲 Drawing Posterior Samples:  44%|████▍     | 673/1532 [00:18<00:21, 40.73step/s]
[Origin 13/13] 🎲 Drawing Posterior Samples:  44%|████▍     | 678/1532 [00:18<00:20, 42.58step/s]
[Origin 13/13] 🎲 Drawing Posterior Samples:  45%|████▍     | 683/1532 [00:18<00:20, 41.17step/s]
[Origin 13/13] 🎲 Drawing Posterior Samples:  45%|████▍     | 688/1532 [00:19<00:20, 41.40step/s]
[Origin 13/13] 🎲 Drawing Posterior Samples:  45%|████▌     | 693/1532 [00:19<00:20, 41.77step/s]
[Origin 13/13] 🎲 Drawing Posterior Samples:  46%|████▌     | 698/1532 [00:19<00:20, 40.67step/s]
[Origin 13/13] 🎲 Drawing Posterior Samples:  46%|████▌     | 703/1532 [00:19<00:19, 42.55step/s]
[Origin 13/13] 🎲 Drawing Posterior Samples:  46%|████▌     | 708/1532 [00:19<00:20, 41.15step/s]
[Origin 13/13] 🎲 Drawing Posterior Samples:  47%|████▋     | 713/1532 [00:19<00:19, 41.40step/s]
[Origin 13/13] 🎲 Drawing Posterior Samples:  47%|████▋     | 718/1532 [00:19<00:19, 42.00step/s]
[Origin 13/13] 🎲 Drawing Posterior Samples:  47%|████▋     | 723/1532 [00:19<00:19, 40.82step/s]
[Origin 13/13] 🎲 Drawing Posterior Samples:  48%|████▊     | 728/1532 [00:20<00:18, 42.64step/s]
[Origin 13/13] 🎲 Drawing Posterior Samples:  48%|████▊     | 733/1532 [00:20<00:21, 36.92step/s]
[Origin 13/13] 🎲 Drawing Posterior Samples:  48%|████▊     | 737/1532 [00:20<00:23, 33.84step/s]
[Origin 13/13] 🎲 Drawing Posterior Samples:  48%|████▊     | 741/1532 [00:20<00:24, 32.56step/s]
[Origin 13/13] 🎲 Drawing Posterior Samples:  49%|████▊     | 745/1532 [00:20<00:24, 31.87step/s]
[Origin 13/13] 🎲 Drawing Posterior Samples:  49%|████▉     | 749/1532 [00:20<00:25, 30.28step/s]
[Origin 13/13] 🎲 Drawing Posterior Samples:  49%|████▉     | 753/1532 [00:21<00:31, 24.47step/s]
[Origin 13/13] 🎲 Drawing Posterior Samples:  49%|████▉     | 756/1532 [00:21<00:30, 25.07step/s]
[Origin 13/13] 🎲 Drawing Posterior Samples:  50%|████▉     | 760/1532 [00:21<00:28, 26.76step/s]
[Origin 13/13] 🎲 Drawing Posterior Samples:  50%|████▉     | 763/1532 [00:21<00:28, 26.90step/s]
[Origin 13/13] 🎲 Drawing Posterior Samples:  50%|█████     | 767/1532 [00:22<01:42,  7.47step/s]
[Origin 13/13] 🎲 Drawing Posterior Samples:  50%|█████     | 772/1532 [00:22<01:10, 10.74step/s]
[Origin 13/13] 🎲 Drawing Posterior Samples:  51%|█████     | 776/1532 [00:22<00:55, 13.67step/s]
[Origin 13/13] 🎲 Drawing Posterior Samples:  51%|█████     | 781/1532 [00:23<00:41, 17.92step/s]
[Origin 13/13] 🎲 Drawing Posterior Samples:  51%|█████     | 785/1532 [00:23<00:35, 20.93step/s]
[Origin 13/13] 🎲 Drawing Posterior Samples:  52%|█████▏    | 790/1532 [00:23<00:28, 25.77step/s]
[Origin 13/13] 🎲 Drawing Posterior Samples:  52%|█████▏    | 794/1532 [00:23<00:26, 28.07step/s]
[Origin 13/13] 🎲 Drawing Posterior Samples:  52%|█████▏    | 799/1532 [00:23<00:22, 32.49step/s]
[Origin 13/13] 🎲 Drawing Posterior Samples:  52%|█████▏    | 804/1532 [00:23<00:21, 33.99step/s]
[Origin 13/13] 🎲 Drawing Posterior Samples:  53%|█████▎    | 809/1532 [00:23<00:19, 37.47step/s]
[Origin 13/13] 🎲 Drawing Posterior Samples:  53%|█████▎    | 814/1532 [00:23<00:18, 37.80step/s]
[Origin 13/13] 🎲 Drawing Posterior Samples:  53%|█████▎    | 819/1532 [00:23<00:18, 37.93step/s]
[Origin 13/13] 🎲 Drawing Posterior Samples:  54%|█████▍    | 824/1532 [00:24<00:17, 40.39step/s]
[Origin 13/13] 🎲 Drawing Posterior Samples:  54%|█████▍    | 829/1532 [00:24<00:17, 39.83step/s]
[Origin 13/13] 🎲 Drawing Posterior Samples:  54%|█████▍    | 834/1532 [00:24<00:16, 41.91step/s]
[Origin 13/13] 🎲 Drawing Posterior Samples:  55%|█████▍    | 839/1532 [00:24<00:17, 40.74step/s]
[Origin 13/13] 🎲 Drawing Posterior Samples:  55%|█████▌    | 844/1532 [00:24<00:17, 39.85step/s]
[Origin 13/13] 🎲 Drawing Posterior Samples:  55%|█████▌    | 849/1532 [00:24<00:16, 41.91step/s]
[Origin 13/13] 🎲 Drawing Posterior Samples:  56%|█████▌    | 854/1532 [00:24<00:16, 40.44step/s]
[Origin 13/13] 🎲 Drawing Posterior Samples:  56%|█████▌    | 859/1532 [00:24<00:15, 42.38step/s]
[Origin 13/13] 🎲 Drawing Posterior Samples:  56%|█████▋    | 864/1532 [00:25<00:16, 40.99step/s]
[Origin 13/13] 🎲 Drawing Posterior Samples:  57%|█████▋    | 869/1532 [00:25<00:16, 40.76step/s]
[Origin 13/13] 🎲 Drawing Posterior Samples:  57%|█████▋    | 874/1532 [00:25<00:15, 42.01step/s]
[Origin 13/13] 🎲 Drawing Posterior Samples:  57%|█████▋    | 879/1532 [00:25<00:16, 40.57step/s]
[Origin 13/13] 🎲 Drawing Posterior Samples:  58%|█████▊    | 884/1532 [00:25<00:15, 42.45step/s]
[Origin 13/13] 🎲 Drawing Posterior Samples:  58%|█████▊    | 889/1532 [00:25<00:15, 40.93step/s]
[Origin 13/13] 🎲 Drawing Posterior Samples:  58%|█████▊    | 894/1532 [00:25<00:15, 40.68step/s]
[Origin 13/13] 🎲 Drawing Posterior Samples:  59%|█████▊    | 899/1532 [00:25<00:15, 41.96step/s]
[Origin 13/13] 🎲 Drawing Posterior Samples:  59%|█████▉    | 904/1532 [00:26<00:15, 40.59step/s]
[Origin 13/13] 🎲 Drawing Posterior Samples:  59%|█████▉    | 909/1532 [00:26<00:14, 42.47step/s]
[Origin 13/13] 🎲 Drawing Posterior Samples:  60%|█████▉    | 914/1532 [00:26<00:15, 40.91step/s]
[Origin 13/13] 🎲 Drawing Posterior Samples:  60%|█████▉    | 919/1532 [00:26<00:14, 41.21step/s]
[Origin 13/13] 🎲 Drawing Posterior Samples:  60%|██████    | 924/1532 [00:26<00:14, 41.57step/s]
[Origin 13/13] 🎲 Drawing Posterior Samples:  61%|██████    | 929/1532 [00:26<00:14, 40.30step/s]
[Origin 13/13] 🎲 Drawing Posterior Samples:  61%|██████    | 934/1532 [00:26<00:14, 42.26step/s]
[Origin 13/13] 🎲 Drawing Posterior Samples:  61%|██████▏   | 939/1532 [00:26<00:14, 40.91step/s]
[Origin 13/13] 🎲 Drawing Posterior Samples:  62%|██████▏   | 944/1532 [00:26<00:14, 40.73step/s]
[Origin 13/13] 🎲 Drawing Posterior Samples:  62%|██████▏   | 949/1532 [00:27<00:13, 41.99step/s]
[Origin 13/13] 🎲 Drawing Posterior Samples:  62%|██████▏   | 954/1532 [00:27<00:14, 40.73step/s]
[Origin 13/13] 🎲 Drawing Posterior Samples:  63%|██████▎   | 959/1532 [00:27<00:13, 42.58step/s]
[Origin 13/13] 🎲 Drawing Posterior Samples:  63%|██████▎   | 964/1532 [00:27<00:13, 41.13step/s]
[Origin 13/13] 🎲 Drawing Posterior Samples:  63%|██████▎   | 969/1532 [00:27<00:13, 41.50step/s]
[Origin 13/13] 🎲 Drawing Posterior Samples:  64%|██████▎   | 974/1532 [00:27<00:13, 41.84step/s]
[Origin 13/13] 🎲 Drawing Posterior Samples:  64%|██████▍   | 979/1532 [00:27<00:13, 40.87step/s]
[Origin 13/13] 🎲 Drawing Posterior Samples:  64%|██████▍   | 984/1532 [00:27<00:12, 42.69step/s]
[Origin 13/13] 🎲 Drawing Posterior Samples:  65%|██████▍   | 989/1532 [00:28<00:13, 40.95step/s]
[Origin 13/13] 🎲 Drawing Posterior Samples:  65%|██████▍   | 994/1532 [00:28<00:13, 41.36step/s]
[Origin 13/13] 🎲 Drawing Posterior Samples:  65%|██████▌   | 999/1532 [00:28<00:12, 41.71step/s]
[Origin 13/13] 🎲 Drawing Posterior Samples:  66%|██████▌   | 1004/1532 [00:28<00:12, 40.74step/s]
[Origin 13/13] 🎲 Drawing Posterior Samples:  66%|██████▌   | 1009/1532 [00:28<00:12, 42.60step/s]
[Origin 13/13] 🎲 Drawing Posterior Samples:  66%|██████▌   | 1014/1532 [00:28<00:12, 41.15step/s]
[Origin 13/13] 🎲 Drawing Posterior Samples:  67%|██████▋   | 1019/1532 [00:28<00:11, 42.90step/s]
[Origin 13/13] 🎲 Drawing Posterior Samples:  67%|██████▋   | 1024/1532 [00:28<00:12, 41.31step/s]
[Origin 13/13] 🎲 Drawing Posterior Samples:  67%|██████▋   | 1029/1532 [00:29<00:12, 40.38step/s]
[Origin 13/13] 🎲 Drawing Posterior Samples:  67%|██████▋   | 1034/1532 [00:29<00:11, 42.27step/s]
[Origin 13/13] 🎲 Drawing Posterior Samples:  68%|██████▊   | 1039/1532 [00:29<00:11, 41.14step/s]
[Origin 13/13] 🎲 Drawing Posterior Samples:  68%|██████▊   | 1044/1532 [00:29<00:11, 42.89step/s]
[Origin 13/13] 🎲 Drawing Posterior Samples:  68%|██████▊   | 1049/1532 [00:29<00:11, 41.27step/s]
[Origin 13/13] 🎲 Drawing Posterior Samples:  69%|██████▉   | 1054/1532 [00:29<00:11, 40.73step/s]
[Origin 13/13] 🎲 Drawing Posterior Samples:  69%|██████▉   | 1059/1532 [00:29<00:11, 42.27step/s]
[Origin 13/13] 🎲 Drawing Posterior Samples:  69%|██████▉   | 1064/1532 [00:29<00:11, 41.07step/s]
[Origin 13/13] 🎲 Drawing Posterior Samples:  70%|██████▉   | 1069/1532 [00:29<00:10, 42.83step/s]
[Origin 13/13] 🎲 Drawing Posterior Samples:  70%|███████   | 1074/1532 [00:30<00:11, 41.32step/s]
[Origin 13/13] 🎲 Drawing Posterior Samples:  70%|███████   | 1079/1532 [00:30<00:10, 41.37step/s]
[Origin 13/13] 🎲 Drawing Posterior Samples:  71%|███████   | 1084/1532 [00:30<00:10, 41.74step/s]
[Origin 13/13] 🎲 Drawing Posterior Samples:  71%|███████   | 1089/1532 [00:30<00:10, 40.63step/s]
[Origin 13/13] 🎲 Drawing Posterior Samples:  71%|███████▏  | 1094/1532 [00:30<00:10, 42.51step/s]
[Origin 13/13] 🎲 Drawing Posterior Samples:  72%|███████▏  | 1099/1532 [00:30<00:10, 41.09step/s]
[Origin 13/13] 🎲 Drawing Posterior Samples:  72%|███████▏  | 1104/1532 [00:30<00:10, 41.38step/s]
[Origin 13/13] 🎲 Drawing Posterior Samples:  72%|███████▏  | 1109/1532 [00:30<00:10, 41.83step/s]
[Origin 13/13] 🎲 Drawing Posterior Samples:  73%|███████▎  | 1114/1532 [00:31<00:11, 37.58step/s]
[Origin 13/13] 🎲 Drawing Posterior Samples:  73%|███████▎  | 1118/1532 [00:31<00:13, 30.88step/s]
[Origin 13/13] 🎲 Drawing Posterior Samples:  73%|███████▎  | 1122/1532 [00:31<00:13, 29.80step/s]
[Origin 13/13] 🎲 Drawing Posterior Samples:  73%|███████▎  | 1126/1532 [00:31<00:13, 30.10step/s]
[Origin 13/13] 🎲 Drawing Posterior Samples:  74%|███████▍  | 1130/1532 [00:31<00:13, 29.35step/s]
[Origin 13/13] 🎲 Drawing Posterior Samples:  74%|███████▍  | 1134/1532 [00:31<00:13, 28.81step/s]
[Origin 13/13] 🎲 Drawing Posterior Samples:  74%|███████▍  | 1138/1532 [00:31<00:13, 29.55step/s]
[Origin 13/13] 🎲 Drawing Posterior Samples:  75%|███████▍  | 1142/1532 [00:32<00:13, 28.59step/s]
[Origin 13/13] 🎲 Drawing Posterior Samples:  75%|███████▍  | 1145/1532 [00:32<00:13, 28.31step/s]
[Origin 13/13] 🎲 Drawing Posterior Samples:  75%|███████▌  | 1149/1532 [00:32<00:13, 29.12step/s]
[Origin 13/13] 🎲 Drawing Posterior Samples:  75%|███████▌  | 1152/1532 [00:33<00:54,  7.02step/s]
[Origin 13/13] 🎲 Drawing Posterior Samples:  75%|███████▌  | 1156/1532 [00:33<00:39,  9.50step/s]
[Origin 13/13] 🎲 Drawing Posterior Samples:  76%|███████▌  | 1161/1532 [00:33<00:27, 13.45step/s]
[Origin 13/13] 🎲 Drawing Posterior Samples:  76%|███████▌  | 1165/1532 [00:34<00:22, 16.51step/s]
[Origin 13/13] 🎲 Drawing Posterior Samples:  76%|███████▋  | 1170/1532 [00:34<00:16, 21.31step/s]
[Origin 13/13] 🎲 Drawing Posterior Samples:  77%|███████▋  | 1174/1532 [00:34<00:14, 24.14step/s]
[Origin 13/13] 🎲 Drawing Posterior Samples:  77%|███████▋  | 1179/1532 [00:34<00:12, 28.93step/s]
[Origin 13/13] 🎲 Drawing Posterior Samples:  77%|███████▋  | 1184/1532 [00:34<00:11, 31.50step/s]
[Origin 13/13] 🎲 Drawing Posterior Samples:  78%|███████▊  | 1189/1532 [00:34<00:10, 34.15step/s]
[Origin 13/13] 🎲 Drawing Posterior Samples:  78%|███████▊  | 1194/1532 [00:34<00:09, 36.50step/s]
[Origin 13/13] 🎲 Drawing Posterior Samples:  78%|███████▊  | 1199/1532 [00:34<00:09, 36.98step/s]
[Origin 13/13] 🎲 Drawing Posterior Samples:  79%|███████▊  | 1204/1532 [00:35<00:08, 39.69step/s]
[Origin 13/13] 🎲 Drawing Posterior Samples:  79%|███████▉  | 1209/1532 [00:35<00:08, 39.08step/s]
[Origin 13/13] 🎲 Drawing Posterior Samples:  79%|███████▉  | 1214/1532 [00:35<00:07, 39.81step/s]
[Origin 13/13] 🎲 Drawing Posterior Samples:  80%|███████▉  | 1219/1532 [00:35<00:07, 40.70step/s]
[Origin 13/13] 🎲 Drawing Posterior Samples:  80%|███████▉  | 1224/1532 [00:35<00:07, 39.99step/s]
[Origin 13/13] 🎲 Drawing Posterior Samples:  80%|████████  | 1229/1532 [00:35<00:07, 42.02step/s]
[Origin 13/13] 🎲 Drawing Posterior Samples:  81%|████████  | 1234/1532 [00:35<00:07, 40.79step/s]
[Origin 13/13] 🎲 Drawing Posterior Samples:  81%|████████  | 1239/1532 [00:35<00:06, 42.63step/s]
[Origin 13/13] 🎲 Drawing Posterior Samples:  81%|████████  | 1244/1532 [00:35<00:06, 41.15step/s]
[Origin 13/13] 🎲 Drawing Posterior Samples:  82%|████████▏ | 1249/1532 [00:36<00:07, 40.24step/s]
[Origin 13/13] 🎲 Drawing Posterior Samples:  82%|████████▏ | 1254/1532 [00:36<00:06, 42.21step/s]
[Origin 13/13] 🎲 Drawing Posterior Samples:  82%|████████▏ | 1259/1532 [00:36<00:06, 41.01step/s]
[Origin 13/13] 🎲 Drawing Posterior Samples:  83%|████████▎ | 1264/1532 [00:36<00:06, 42.73step/s]
[Origin 13/13] 🎲 Drawing Posterior Samples:  83%|████████▎ | 1269/1532 [00:36<00:06, 41.33step/s]
[Origin 13/13] 🎲 Drawing Posterior Samples:  83%|████████▎ | 1274/1532 [00:36<00:06, 40.91step/s]
[Origin 13/13] 🎲 Drawing Posterior Samples:  83%|████████▎ | 1279/1532 [00:36<00:06, 42.14step/s]
[Origin 13/13] 🎲 Drawing Posterior Samples:  84%|████████▍ | 1284/1532 [00:36<00:06, 40.66step/s]
[Origin 13/13] 🎲 Drawing Posterior Samples:  84%|████████▍ | 1289/1532 [00:37<00:05, 42.53step/s]
[Origin 13/13] 🎲 Drawing Posterior Samples:  84%|████████▍ | 1294/1532 [00:37<00:05, 40.99step/s]
[Origin 13/13] 🎲 Drawing Posterior Samples:  85%|████████▍ | 1299/1532 [00:37<00:05, 40.49step/s]
[Origin 13/13] 🎲 Drawing Posterior Samples:  85%|████████▌ | 1304/1532 [00:37<00:05, 42.09step/s]
[Origin 13/13] 🎲 Drawing Posterior Samples:  85%|████████▌ | 1309/1532 [00:37<00:05, 40.70step/s]
[Origin 13/13] 🎲 Drawing Posterior Samples:  86%|████████▌ | 1314/1532 [00:37<00:05, 42.59step/s]
[Origin 13/13] 🎲 Drawing Posterior Samples:  86%|████████▌ | 1319/1532 [00:37<00:05, 41.25step/s]
[Origin 13/13] 🎲 Drawing Posterior Samples:  86%|████████▋ | 1324/1532 [00:37<00:05, 41.52step/s]
[Origin 13/13] 🎲 Drawing Posterior Samples:  87%|████████▋ | 1329/1532 [00:38<00:04, 41.83step/s]
[Origin 13/13] 🎲 Drawing Posterior Samples:  87%|████████▋ | 1334/1532 [00:38<00:04, 40.77step/s]
[Origin 13/13] 🎲 Drawing Posterior Samples:  87%|████████▋ | 1339/1532 [00:38<00:04, 42.59step/s]
[Origin 13/13] 🎲 Drawing Posterior Samples:  88%|████████▊ | 1344/1532 [00:38<00:04, 41.16step/s]
[Origin 13/13] 🎲 Drawing Posterior Samples:  88%|████████▊ | 1349/1532 [00:38<00:04, 41.34step/s]
[Origin 13/13] 🎲 Drawing Posterior Samples:  88%|████████▊ | 1354/1532 [00:38<00:04, 41.75step/s]
[Origin 13/13] 🎲 Drawing Posterior Samples:  89%|████████▊ | 1359/1532 [00:38<00:04, 40.78step/s]
[Origin 13/13] 🎲 Drawing Posterior Samples:  89%|████████▉ | 1364/1532 [00:38<00:03, 42.60step/s]
[Origin 13/13] 🎲 Drawing Posterior Samples:  89%|████████▉ | 1369/1532 [00:38<00:03, 41.37step/s]
[Origin 13/13] 🎲 Drawing Posterior Samples:  90%|████████▉ | 1374/1532 [00:39<00:03, 43.02step/s]
[Origin 13/13] 🎲 Drawing Posterior Samples:  90%|█████████ | 1379/1532 [00:39<00:03, 41.38step/s]
[Origin 13/13] 🎲 Drawing Posterior Samples:  90%|█████████ | 1384/1532 [00:39<00:03, 40.41step/s]
[Origin 13/13] 🎲 Drawing Posterior Samples:  91%|█████████ | 1389/1532 [00:39<00:03, 42.36step/s]
[Origin 13/13] 🎲 Drawing Posterior Samples:  91%|█████████ | 1394/1532 [00:39<00:03, 40.90step/s]
[Origin 13/13] 🎲 Drawing Posterior Samples:  91%|█████████▏| 1399/1532 [00:39<00:03, 42.72step/s]
[Origin 13/13] 🎲 Drawing Posterior Samples:  92%|█████████▏| 1404/1532 [00:39<00:03, 41.38step/s]
[Origin 13/13] 🎲 Drawing Posterior Samples:  92%|█████████▏| 1409/1532 [00:39<00:03, 40.34step/s]
[Origin 13/13] 🎲 Drawing Posterior Samples:  92%|█████████▏| 1414/1532 [00:40<00:02, 42.23step/s]
[Origin 13/13] 🎲 Drawing Posterior Samples:  93%|█████████▎| 1419/1532 [00:40<00:02, 40.74step/s]
[Origin 13/13] 🎲 Drawing Posterior Samples:  93%|█████████▎| 1424/1532 [00:40<00:02, 42.61step/s]
[Origin 13/13] 🎲 Drawing Posterior Samples:  93%|█████████▎| 1429/1532 [00:40<00:02, 41.15step/s]
[Origin 13/13] 🎲 Drawing Posterior Samples:  94%|█████████▎| 1434/1532 [00:40<00:02, 41.23step/s]
[Origin 13/13] 🎲 Drawing Posterior Samples:  94%|█████████▍| 1439/1532 [00:40<00:02, 42.08step/s]
[Origin 13/13] 🎲 Drawing Posterior Samples:  94%|█████████▍| 1444/1532 [00:40<00:02, 40.78step/s]
[Origin 13/13] 🎲 Drawing Posterior Samples:  95%|█████████▍| 1449/1532 [00:40<00:01, 42.60step/s]
[Origin 13/13] 🎲 Drawing Posterior Samples:  95%|█████████▍| 1454/1532 [00:41<00:01, 41.25step/s]
[Origin 13/13] 🎲 Drawing Posterior Samples:  95%|█████████▌| 1459/1532 [00:41<00:01, 41.11step/s]
[Origin 13/13] 🎲 Drawing Posterior Samples:  96%|█████████▌| 1464/1532 [00:41<00:01, 41.96step/s]
[Origin 13/13] 🎲 Drawing Posterior Samples:  96%|█████████▌| 1469/1532 [00:41<00:01, 40.76step/s]
[Origin 13/13] 🎲 Drawing Posterior Samples:  96%|█████████▌| 1474/1532 [00:41<00:01, 42.63step/s]
[Origin 13/13] 🎲 Drawing Posterior Samples:  97%|█████████▋| 1479/1532 [00:41<00:01, 41.17step/s]
[Origin 13/13] 🎲 Drawing Posterior Samples:  97%|█████████▋| 1484/1532 [00:41<00:01, 41.34step/s]
[Origin 13/13] 🎲 Drawing Posterior Samples:  97%|█████████▋| 1489/1532 [00:41<00:01, 41.80step/s]
[Origin 13/13] 🎲 Drawing Posterior Samples:  98%|█████████▊| 1494/1532 [00:42<00:00, 40.83step/s]
[Origin 13/13] 🎲 Drawing Posterior Samples:  98%|█████████▊| 1499/1532 [00:42<00:00, 36.47step/s]
[Origin 13/13] 🎲 Drawing Posterior Samples:  98%|█████████▊| 1503/1532 [00:42<00:00, 34.85step/s]
[Origin 13/13] 🎲 Drawing Posterior Samples:  98%|█████████▊| 1507/1532 [00:42<00:00, 32.47step/s]
[Origin 13/13] 🎲 Drawing Posterior Samples:  99%|█████████▊| 1511/1532 [00:42<00:00, 31.25step/s]
[Origin 13/13] 🎲 Drawing Posterior Samples:  99%|█████████▉| 1515/1532 [00:42<00:00, 31.20step/s]
[Origin 13/13] 🎲 Drawing Posterior Samples:  99%|█████████▉| 1519/1532 [00:42<00:00, 30.21step/s]
[Origin 13/13] 🎲 Drawing Posterior Samples:  99%|█████████▉| 1523/1532 [00:43<00:00, 29.27step/s]
[Origin 13/13] 🎲 Drawing Posterior Samples: 100%|█████████▉| 1527/1532 [00:43<00:00, 29.79step/s]
[Origin 13/13] 🎲 Drawing Posterior Samples: 100%|█████████▉| 1530/1532 [00:43<00:00, 28.79step/s]
                                                                                                  
