[31m [0m[36m [0m[33m [0m[31m [0m[32m [0m[32m [0m[33m [0m[34m [0m[34m [0m[31m [0m[31m [0m[32m [0m[35m [0m[34m [0m[34m [0m[35m [0m[32m [0m[36m [0m[36m [0m[35m [0m[36m [0m[31m [0m[33m [0m[33m [0m[35m [0m[34m [0m[33m [0m[34m [0m[33m [0m[33m [0m[31m [0m[34m [0m[34m [0m[33m [0m[33m [0m[36m [0m[31m [0m[31m [0m[32m [0m[33m [0m[31m [0m[34m [0m[31m [0m[32m [0m[31m [0m[32m [0m[34m [0m[33m [0m[31m [0m[34m [0m[33m [0m[33m [0m[33m [0m[36m [0m[33m [0m[32m [0m[34m [0m[36m [0m[34m [0m[31m [0m[36m [0m[33m [0m[33m [0m[33m [0m[35m [0m[35m [0m[32m [0m[31m [0m[32m [0m[32m [0m[35m [0m[34m [0m[36m [0m[31m [0m[32m [0m[36m [0m[34m [0m[33m [0m[34m [0m[34m [0m[33m [0m[32m [0m[31m [0m[32m [0m[32m [0m[35m [0m[31m [0m[32m [0m[31m [0m[31m [0m[36m [0m[35m [0m[36m [0m[34m [0m[33m [0m[33m [0m[36m [0m[31m [0m[31m [0m[33m [0m[35m [0m[31m [0m[32m [0m[36m [0m[34m [0m[36m [0m[31m [0m[32m [0m[34m [0m[32m [0m[35m [0m[32m [0m[35m [0m[33m [0m[33m [0m[35m [0m[33m [0m[34m [0m[35m [0m[36m [0m[34m [0m[33m [0m[36m [0m[31m [0m[33m [0m[33m [0m[36m [0m[36m [0m[32m [0m[34m [0m[35m [0m[32m [0m[33m [0m[34m [0m[36m [0m[34m
[0m[34m [0m[31m#[0m[34m#[0m[36m#[0m[34m#[0m[34m#[0m[31m#[0m[36m [0m[35m [0m[34m [0m[36m#[0m[36m#[0m[33m#[0m[36m#[0m[36m#[0m[35m [0m[31m [0m[35m [0m[34m [0m[32m#[0m[34m#[0m[35m [0m[33m [0m[32m#[0m[31m#[0m[33m [0m[33m [0m[32m [0m[32m#[0m[33m#[0m[34m [0m[31m [0m[36m#[0m[34m#[0m[31m [0m[34m [0m[35m [0m[34m [0m[34m#[0m[35m#[0m[34m#[0m[35m#[0m[36m [0m[34m [0m[33m [0m[31m [0m[35m [0m[31m [0m[36m#[0m[35m#[0m[33m [0m[35m [0m[35m [0m[33m [0m[36m [0m[36m#[0m[34m#[0m[31m#[0m[32m#[0m[34m#[0m[36m#[0m[35m [0m[36m [0m[36m [0m[35m#[0m[33m#[0m[34m#[0m[32m#[0m[33m#[0m[32m#[0m[36m [0m[33m [0m[33m [0m[32m#[0m[34m#[0m[35m#[0m[34m#[0m[31m [0m[31m [0m[33m [0m[32m [0m[35m [0m[34m [0m[32m [0m[35m [0m[34m [0m[33m [0m[36m [0m[32m [0m[33m [0m[31m [0m[33m [0m[35m#[0m[35m#[0m[33m#[0m[31m#[0m[32m#[0m[36m [0m[35m [0m[36m [0m[33m#[0m[31m#[0m[32m [0m[34m [0m[36m#[0m[31m#[0m[31m [0m[34m [0m[33m [0m[32m [0m[32m#[0m[34m#[0m[32m#[0m[32m#[0m[34m [0m[32m [0m[32m [0m[33m [0m[33m#[0m[32m#[0m[31m [0m[34m [0m[32m#[0m[36m#[0m[31m [0m[34m [0m[35m [0m[31m#[0m[36m#[0m[32m#[0m[31m#[0m[33m#[0m[33m#[0m[32m [0m[32m [0m[32m
[0m[36m [0m[35m [0m[32m [0m[32m#[0m[33m#[0m[35m [0m[33m [0m[33m [0m[31m [0m[35m [0m[32m#[0m[31m#[0m[31m [0m[36m [0m[34m#[0m[33m#[0m[32m [0m[34m [0m[33m [0m[31m#[0m[33m#[0m[35m [0m[31m [0m[31m#[0m[35m#[0m[35m [0m[36m [0m[35m [0m[35m#[0m[34m#[0m[34m#[0m[32m [0m[33m#[0m[34m#[0m[34m [0m[31m [0m[33m [0m[31m#[0m[31m#[0m[34m [0m[36m [0m[34m#[0m[35m#[0m[35m [0m[32m [0m[36m [0m[36m [0m[35m#[0m[32m#[0m[35m#[0m[31m#[0m[36m [0m[33m [0m[34m [0m[32m [0m[32m [0m[32m [0m[35m#[0m[35m#[0m[32m [0m[35m [0m[32m [0m[35m [0m[31m [0m[33m#[0m[33m#[0m[36m [0m[36m [0m[36m [0m[31m [0m[32m [0m[34m [0m[36m [0m[33m#[0m[32m#[0m[35m [0m[31m#[0m[36m#[0m[36m [0m[35m [0m[35m [0m[35m [0m[33m [0m[35m [0m[33m [0m[33m [0m[33m [0m[33m [0m[34m [0m[31m [0m[36m [0m[34m#[0m[32m#[0m[32m#[0m[31m [0m[31m [0m[33m [0m[33m [0m[32m [0m[34m [0m[33m#[0m[32m#[0m[32m#[0m[32m#[0m[33m#[0m[32m#[0m[32m [0m[32m [0m[32m [0m[34m#[0m[36m#[0m[32m [0m[33m [0m[31m#[0m[32m#[0m[32m [0m[36m [0m[31m [0m[34m#[0m[32m#[0m[32m [0m[36m#[0m[35m#[0m[35m [0m[35m [0m[36m [0m[33m [0m[34m#[0m[33m#[0m[35m [0m[31m [0m[32m [0m[32m [0m[31m [0m[32m [0m[32m
[0m[34m [0m[31m [0m[34m [0m[36m#[0m[35m#[0m[36m [0m[33m [0m[33m [0m[31m [0m[31m [0m[35m#[0m[31m#[0m[34m [0m[34m [0m[36m#[0m[33m#[0m[31m [0m[32m [0m[33m [0m[32m#[0m[36m#[0m[32m [0m[34m [0m[31m#[0m[34m#[0m[36m [0m[35m [0m[31m [0m[36m#[0m[34m#[0m[33m#[0m[36m#[0m[31m#[0m[35m#[0m[34m [0m[32m [0m[34m [0m[33m#[0m[31m#[0m[36m [0m[33m [0m[32m [0m[35m [0m[34m [0m[32m [0m[31m [0m[36m#[0m[33m#[0m[31m [0m[36m [0m[35m#[0m[31m#[0m[36m [0m[33m [0m[32m [0m[33m [0m[33m [0m[33m#[0m[34m#[0m[31m [0m[36m [0m[32m [0m[31m [0m[31m [0m[33m#[0m[35m#[0m[32m#[0m[33m#[0m[34m [0m[33m [0m[36m [0m[31m [0m[34m [0m[34m#[0m[32m#[0m[34m [0m[36m [0m[35m#[0m[33m#[0m[35m [0m[36m [0m[36m [0m[31m [0m[35m [0m[36m [0m[33m [0m[33m [0m[34m [0m[31m [0m[33m [0m[35m [0m[32m [0m[31m#[0m[36m#[0m[36m#[0m[34m [0m[32m [0m[32m [0m[31m [0m[31m [0m[35m#[0m[33m#[0m[35m#[0m[33m#[0m[31m#[0m[33m#[0m[35m [0m[31m [0m[31m [0m[33m#[0m[35m#[0m[31m [0m[36m [0m[36m#[0m[34m#[0m[36m [0m[36m [0m[33m [0m[32m#[0m[36m#[0m[33m#[0m[36m#[0m[34m [0m[32m [0m[35m [0m[35m [0m[31m [0m[31m#[0m[31m#[0m[31m#[0m[32m#[0m[34m [0m[35m [0m[32m [0m[34m [0m[36m
[0m[31m [0m[35m [0m[33m [0m[34m#[0m[33m#[0m[33m [0m[34m [0m[35m [0m[33m [0m[36m [0m[32m#[0m[35m#[0m[32m#[0m[36m#[0m[32m#[0m[36m [0m[31m [0m[33m [0m[31m [0m[31m#[0m[36m#[0m[32m [0m[32m [0m[35m#[0m[35m#[0m[34m [0m[35m [0m[36m [0m[33m#[0m[34m#[0m[33m [0m[32m#[0m[36m#[0m[31m#[0m[32m [0m[32m [0m[33m [0m[36m#[0m[31m#[0m[33m [0m[31m [0m[31m [0m[33m [0m[34m [0m[34m [0m[36m [0m[36m#[0m[31m#[0m[33m#[0m[32m#[0m[31m#[0m[34m#[0m[33m [0m[32m [0m[34m [0m[32m [0m[36m [0m[32m#[0m[31m#[0m[35m [0m[32m [0m[36m [0m[36m [0m[34m [0m[36m#[0m[35m#[0m[35m [0m[33m [0m[32m [0m[35m [0m[32m [0m[35m [0m[36m [0m[35m#[0m[32m#[0m[36m [0m[31m [0m[35m#[0m[34m#[0m[32m [0m[36m [0m[36m [0m[32m [0m[36m [0m[33m [0m[31m [0m[33m [0m[32m [0m[34m [0m[34m [0m[34m [0m[32m [0m[35m [0m[33m#[0m[35m#[0m[31m#[0m[36m [0m[31m [0m[32m [0m[34m [0m[31m#[0m[32m#[0m[35m [0m[31m [0m[36m#[0m[34m#[0m[32m [0m[33m [0m[34m [0m[31m#[0m[33m#[0m[34m [0m[35m [0m[31m#[0m[35m#[0m[36m [0m[34m [0m[36m [0m[33m#[0m[34m#[0m[32m#[0m[34m#[0m[36m [0m[35m [0m[35m [0m[34m [0m[32m [0m[32m#[0m[35m#[0m[32m [0m[34m [0m[31m [0m[33m [0m[36m [0m[32m [0m[31m
[0m[36m [0m[32m [0m[35m [0m[31m#[0m[31m#[0m[31m [0m[36m [0m[35m [0m[35m [0m[31m [0m[32m#[0m[33m#[0m[33m [0m[31m#[0m[31m#[0m[36m [0m[36m [0m[31m [0m[35m [0m[33m#[0m[34m#[0m[31m [0m[31m [0m[31m#[0m[32m#[0m[32m [0m[33m [0m[36m [0m[33m#[0m[35m#[0m[31m [0m[35m [0m[35m#[0m[34m#[0m[33m [0m[32m [0m[34m [0m[31m#[0m[33m#[0m[35m [0m[33m [0m[35m#[0m[32m#[0m[36m [0m[35m [0m[34m [0m[33m#[0m[31m#[0m[31m [0m[31m [0m[34m#[0m[34m#[0m[36m [0m[34m [0m[35m [0m[36m [0m[36m [0m[35m#[0m[35m#[0m[34m [0m[33m [0m[34m [0m[35m [0m[31m [0m[32m#[0m[34m#[0m[34m [0m[32m [0m[36m [0m[33m [0m[34m [0m[36m [0m[32m [0m[35m#[0m[36m#[0m[34m [0m[31m#[0m[31m#[0m[31m [0m[36m [0m[32m [0m[34m [0m[36m [0m[36m [0m[35m [0m[32m [0m[33m [0m[36m [0m[32m [0m[36m [0m[31m [0m[31m [0m[36m [0m[34m [0m[36m#[0m[35m#[0m[31m#[0m[34m [0m[36m [0m[34m [0m[35m#[0m[35m#[0m[32m [0m[35m [0m[32m#[0m[35m#[0m[34m [0m[36m [0m[36m [0m[33m#[0m[31m#[0m[32m [0m[32m [0m[36m#[0m[31m#[0m[33m [0m[32m [0m[33m [0m[32m#[0m[33m#[0m[31m [0m[35m#[0m[35m#[0m[34m [0m[32m [0m[31m [0m[31m [0m[33m#[0m[36m#[0m[31m [0m[34m [0m[32m [0m[33m [0m[33m [0m[31m [0m[31m
[0m[36m [0m[33m [0m[35m [0m[34m#[0m[36m#[0m[32m [0m[31m [0m[35m [0m[35m [0m[34m [0m[33m#[0m[36m#[0m[34m [0m[32m [0m[35m#[0m[31m#[0m[36m [0m[31m [0m[34m [0m[33m [0m[36m#[0m[34m#[0m[32m#[0m[34m#[0m[32m [0m[34m [0m[31m [0m[35m [0m[33m#[0m[34m#[0m[31m [0m[36m [0m[35m#[0m[31m#[0m[34m [0m[36m [0m[35m [0m[31m [0m[34m#[0m[31m#[0m[31m#[0m[35m#[0m[33m [0m[34m [0m[33m [0m[36m [0m[33m#[0m[36m#[0m[32m [0m[31m [0m[34m#[0m[36m#[0m[35m [0m[33m [0m[35m [0m[35m [0m[33m [0m[34m#[0m[33m#[0m[32m [0m[35m [0m[32m [0m[35m [0m[36m [0m[36m#[0m[36m#[0m[31m#[0m[35m#[0m[34m#[0m[33m#[0m[33m [0m[32m [0m[33m [0m[32m#[0m[36m#[0m[31m#[0m[34m#[0m[31m [0m[33m [0m[36m [0m[33m [0m[36m#[0m[33m#[0m[32m#[0m[35m#[0m[33m#[0m[31m#[0m[36m#[0m[31m#[0m[32m [0m[35m [0m[32m#[0m[33m#[0m[31m#[0m[36m#[0m[34m#[0m[31m [0m[34m [0m[31m [0m[35m [0m[34m#[0m[32m#[0m[36m [0m[35m [0m[31m#[0m[36m#[0m[32m [0m[34m [0m[31m [0m[35m [0m[32m#[0m[33m#[0m[32m#[0m[32m#[0m[35m [0m[33m [0m[32m [0m[31m [0m[34m#[0m[33m#[0m[31m [0m[31m [0m[32m#[0m[36m#[0m[35m [0m[31m [0m[36m [0m[33m#[0m[32m#[0m[32m#[0m[33m#[0m[34m#[0m[33m#[0m[31m [0m[35m [0m[32m
[0m[32m [0m[32m [0m[35m [0m[34m [0m[35m [0m[36m [0m[31m [0m[31m [0m[33m [0m[34m [0m[33m [0m[35m [0m[33m [0m[35m [0m[33m [0m[35m [0m[36m [0m[31m [0m[32m [0m[36m [0m[31m [0m[35m [0m[36m [0m[36m [0m[31m [0m[36m [0m[31m [0m[31m [0m[32m [0m[32m [0m[35m [0m[32m [0m[34m [0m[33m [0m[33m [0m[36m [0m[33m [0m[32m [0m[31m [0m[32m [0m[33m [0m[32m [0m[33m [0m[34m [0m[32m [0m[32m [0m[32m [0m[34m [0m[32m [0m[36m [0m[36m [0m[33m [0m[33m [0m[31m [0m[33m [0m[35m [0m[35m [0m[35m [0m[36m [0m[31m [0m[36m [0m[36m [0m[36m [0m[32m [0m[33m [0m[31m [0m[36m [0m[31m [0m[36m [0m[31m [0m[33m [0m[32m [0m[32m [0m[35m [0m[31m [0m[32m [0m[34m [0m[35m [0m[31m [0m[34m [0m[31m [0m[35m [0m[33m [0m[35m [0m[34m [0m[36m [0m[35m [0m[36m [0m[32m [0m[33m [0m[36m [0m[35m [0m[31m [0m[32m [0m[31m [0m[36m [0m[32m [0m[35m [0m[31m [0m[34m [0m[36m [0m[36m [0m[31m [0m[34m [0m[35m [0m[32m [0m[31m [0m[33m [0m[31m [0m[34m [0m[35m [0m[33m [0m[34m [0m[31m [0m[33m [0m[36m [0m[33m [0m[35m [0m[31m [0m[35m [0m[36m [0m[31m [0m[33m [0m[35m [0m[34m [0m[32m [0m[32m [0m[32m [0m[36m [0m[31m [0m[33m [0m[36m [0m[35m [0m[36m [0m[35m [0m[34m
[0m[33m[0m[32mv[0m[34mi[0m[36me[0m[32mw[0m[31ms[0m[36m-[0m[31mp[0m[31mi[0m[36mp[0m[33me[0m[35ml[0m[35mi[0m[31mn[0m[31me[0m[31m-[0m[35mc[0m[33mo[0m[35mr[0m[36me[0m[34m [0m[35mv[0m[33m3[0m[33m.[0m[31m1[0m[31m.[0m[32m2[0m[31m[0m[32m
[0m
2026-08-16 15:09:29,736 /home/simon/Documents/scripts/views_platform/views-hydranet/views_hydranet/manager/hydranet_manager.py [hydranet_manager.py:175] [3195233] [MainThread] - INFO - 🕒 HydranetManager: Initialized run with timestamp 160826_1509
2026-08-16 15:09:29,736 /home/simon/Documents/scripts/views_platform/views-pipeline-core/views_pipeline_core/modules/validation/core_config_sniffer.py [core_config_sniffer.py:465] [3195233] [MainThread] - WARNING - Model 'truncated_smoke' uses the legacy deployment_status='shadow'. This is accepted during the ADR-057 transition window and reads as maturity='candidate'. Rename config_deployment.py to config_maturity.py and replace the key. The window closes when views-models reports no configs on the legacy vocabulary; after that this becomes an error.
2026-08-16 15:09:29,736 /home/simon/Documents/scripts/views_platform/views-pipeline-core/views_pipeline_core/modules/validation/core_config_sniffer.py [core_config_sniffer.py:648] [3195233] [MainThread] - INFO - CoreConfigSniffer: Evaluation contract verified — 13 rolling-origin sequence(s), stride=1.
2026-08-16 15:09:29,736 /home/simon/Documents/scripts/views_platform/views-pipeline-core/views_pipeline_core/modules/validation/core_config_sniffer.py [core_config_sniffer.py:652] [3195233] [MainThread] - INFO -   Seq   0: origin 456, months 457..492
2026-08-16 15:09:29,736 /home/simon/Documents/scripts/views_platform/views-pipeline-core/views_pipeline_core/modules/validation/core_config_sniffer.py [core_config_sniffer.py:658] [3195233] [MainThread] - INFO -   Seq  12: origin 468, months 469..504
2026-08-16 15:09:29,736 /home/simon/Documents/scripts/views_platform/views-pipeline-core/views_pipeline_core/modules/validation/core_config_sniffer.py [core_config_sniffer.py:235] [3195233] [MainThread] - INFO - CoreConfigSniffer: Config audited (run_type='calibration').
2026-08-16 15:09:32,496 /home/simon/Documents/scripts/views_platform/views-pipeline-core/views_pipeline_core/modules/dataloaders/dataloaders.py [dataloaders.py:1071] [3195233] [MainThread] - INFO - Reading saved data from /home/simon/Documents/scripts/views_platform/views-models/models/truncated_smoke/data/raw/calibration_datafactory_df.parquet
2026-08-16 15:09:32,555 /home/simon/Documents/scripts/views_platform/views-pipeline-core/views_pipeline_core/modules/validation/core_data_sniffer.py [core_data_sniffer.py:130] [3195233] [MainThread] - INFO - CoreDataSniffer: Loaded data audited (partition='calibration', level='pgm').
2026-08-16 15:09:32,555 /home/simon/Documents/scripts/views_platform/views-pipeline-core/views_pipeline_core/modules/wandb/wandb.py [wandb.py:254] [3195233] [MainThread] - INFO - WandB alert sent: Queryset Fetch Complete (calibration)
2026-08-16 15:09:36,107 /home/simon/Documents/scripts/views_platform/views-pipeline-core/views_pipeline_core/managers/model/model.py [model.py:1414] [3195233] [MainThread] - INFO - Evaluating model truncated_smoke...
2026-08-16 15:09:36,107 /home/simon/Documents/scripts/views_platform/views-pipeline-core/views_pipeline_core/managers/model/model.py [model.py:1424] [3195233] [MainThread] - INFO - Declared temporal window: base_origin=456, step 1 → month 457, step 36 → month 492 (36 steps total). Model inference starting.
2026-08-16 15:09:36,107 /home/simon/Documents/scripts/views_platform/views-pipeline-core/views_pipeline_core/data/model_path.py [model_path.py:795] [3195233] [MainThread] - INFO - Artifact used (named): /home/simon/Documents/scripts/views_platform/views-models/models/truncated_smoke/artifacts/calibration_model_20260814_003058.pt
2026-08-16 15:09:36,109 /home/simon/Documents/scripts/views_platform/views-pipeline-core/views_pipeline_core/data/model_path.py [model_path.py:766] [3195233] [MainThread] - INFO - Artifact used: /home/simon/Documents/scripts/views_platform/views-models/models/truncated_smoke/artifacts/calibration_model_20260814_095322.pt
2026-08-16 15:09:36,109 /home/simon/Documents/scripts/views_platform/views-hydranet/views_hydranet/utils/model_artifact_fetcher.py [model_artifact_fetcher.py:61] [3195233] [MainThread] - INFO - Retriever: Using specific model artifact: calibration_model_20260814_003058.pt
2026-08-16 15:09:36,112 /home/simon/Documents/scripts/views_platform/views-hydranet/views_hydranet/utils/model_artifact_fetcher.py [model_artifact_fetcher.py:98] [3195233] [MainThread] - INFO - Retriever: SHA-256 verified for calibration_model_20260814_003058.pt
2026-08-16 15:09:36,225 /home/simon/Documents/scripts/views_platform/views-hydranet/views_hydranet/utils/model_artifact_fetcher.py [model_artifact_fetcher.py:120] [3195233] [MainThread] - INFO - Retriever: Loaded state_dict artifact (weights_only=True)

👾====================================================================================================
  DEVICE REPORT — STANDARD
  --------------------------------------------------------------------------------------------------
  Device:    cuda  (GPU)
  GPU Name:  NVIDIA GeForce RTX 4070 Laptop GPU
  VRAM:      7,942 MiB
  GPU Count: 1
👾====================================================================================================

2026-08-16 15:09:36,307 /home/simon/Documents/scripts/views_platform/views-hydranet/views_hydranet/utils/config_initializer.py [config_initializer.py:426] [3195233] [MainThread] - WARNING - 
╔══════════════════════════════════════════════════════════════╗
║  HydraNetConfig WARNING: aggregate_method is IGNORED         ║
║                                                              ║
║  evaluation_mode='stochastic' preserves the full posterior.  ║
║  The aggregate_method='arithmetic_mean' setting has NO effect.       ║
║                                                              ║
║  To activate aggregation, set evaluation_mode='point'.       ║
╚══════════════════════════════════════════════════════════════╝
2026-08-16 15:09:36,319 /home/simon/Documents/scripts/views_platform/views-hydranet/views_hydranet/infrastructure/reproducibility_gate.py [reproducibility_gate.py:82] [3195233] [MainThread] - INFO - Entropy locked: numpy/random seed=42, torch seed=42, deterministic_algorithms=True
2026-08-16 15:09:36,319 /home/simon/Documents/scripts/views_platform/views-hydranet/views_hydranet/utils/disk_guard.py [disk_guard.py:52] [3195233] [MainThread] - INFO - disk-headroom check: 79.4 GB free at '.' (budget 10.0 GB)
2026-08-16 15:09:36,319 /home/simon/Documents/scripts/views_platform/views-hydranet/views_hydranet/manager/hydranet_manager.py [hydranet_manager.py:190] [3195233] [MainThread] - INFO - 🛡️  Running Pre-Flight Validation...
2026-08-16 15:09:36,319 /home/simon/Documents/scripts/views_platform/views-hydranet/views_hydranet/manager/hydranet_manager.py [hydranet_manager.py:205] [3195233] [MainThread] - INFO - ✅ Architecture: Head Count Aligned (3+3)
2026-08-16 15:09:36,319 /home/simon/Documents/scripts/views_platform/views-hydranet/views_hydranet/utils/data_fetcher.py [data_fetcher.py:58] [3195233] [MainThread] - INFO - DataFetcher: Loading calibration from /home/simon/Documents/scripts/views_platform/views-models/models/truncated_smoke/data/raw/calibration_datafactory_df.parquet

👾====================================================================================================
  DATA LOAD COMPLETE: CALIBRATION
  --------------------------------------------------------------------------------------------------
  Source Path: /home/simon/Documents/scripts/views_platform/views-models/models/truncated_smoke/data/raw/calibration_datafactory_df.parquet
  Rows Loaded: 5,034,240
  Columns:     ['lr_sb_best', 'lr_ns_best', 'lr_os_best', 'c_id', 'row', 'col']
👾====================================================================================================

2026-08-16 15:09:36,882 /home/simon/Documents/scripts/views_platform/views-hydranet/views_hydranet/utils/data_sniffer.py [data_sniffer.py:51] [3195233] [MainThread] - INFO - DataSniffer: Starting Ingestion Suite (Raw Space)
2026-08-16 15:09:37,141 /home/simon/Documents/scripts/views_platform/views-hydranet/views_hydranet/utils/data_sniffer.py [data_sniffer.py:59] [3195233] [MainThread] - INFO - DataSniffer: Ingestion Suite Passed.
2026-08-16 15:09:37,324 /home/simon/Documents/scripts/views_platform/views-hydranet/views_hydranet/utils/feature_scaler.py [feature_scaler.py:99] [3195233] [MainThread] - INFO - 💫 FeatureScaler: Entering Semantic Space (3 features to transform)
2026-08-16 15:09:37,324 /home/simon/Documents/scripts/views_platform/views-hydranet/views_hydranet/utils/feature_scaler.py [feature_scaler.py:108] [3195233] [MainThread] - INFO -   → Applying [log1p] to 3 features
2026-08-16 15:09:37,549 /home/simon/Documents/scripts/views_platform/views-hydranet/views_hydranet/utils/feature_scaler.py [feature_scaler.py:153] [3195233] [MainThread] - INFO - 

➡️==============================================================================
  FEATURE SCALER: SEMANTIC SPACE REPORT
  ----------------------------------------------------------------------------
  [  log1p   ] lr_sb_best.................... min:     0.0000 | max:    11.6386
  [  log1p   ] lr_ns_best.................... min:     0.0000 | max:     7.6014
  [  log1p   ] lr_os_best.................... min:     0.0000 | max:    12.0921
➡️==============================================================================

2026-08-16 15:09:39,266 /home/simon/Documents/scripts/views_platform/views-hydranet/views_hydranet/utils/data_sniffer.py [data_sniffer.py:68] [3195233] [MainThread] - INFO - DataSniffer: Starting History Alignment Suite
2026-08-16 15:09:39,329 /home/simon/Documents/scripts/views_platform/views-hydranet/views_hydranet/utils/data_sniffer.py [data_sniffer.py:158] [3195233] [MainThread] - INFO - DataSniffer: Temporal and Geographic Alignment Passed.
2026-08-16 15:09:39,418 /home/simon/Documents/scripts/views_platform/views-hydranet/reports/2026-08-16_feedback_realism_dossier/tools/realism_arm_entry.py [realism_arm_entry.py:55] [3195233] [MainThread] - INFO - 🧪 RealismArmManager: feedback arm = 'identity' (None = production, the model's own field)
2026-08-16 15:09:39,418 /home/simon/Documents/scripts/views_platform/views-hydranet/views_hydranet/utils/inference_orchestrator.py [inference_orchestrator.py:228] [3195233] [MainThread] - INFO - 💠 InferenceOrchestrator: Initiating BACKTEST streaming pass (13 origins) [pandas-free PredictionFrame path].
2026-08-16 15:09:39,419 /home/simon/Documents/scripts/views_platform/views-hydranet/views_hydranet/utils/hydranet_inference.py [hydranet_inference.py:152] [3195233] [MainThread] - INFO - Using device: cuda
2026-08-16 15:09:39,420 /home/simon/Documents/scripts/views_platform/views-hydranet/views_hydranet/utils/hydranet_inference.py [hydranet_inference.py:270] [3195233] [MainThread] - INFO - HydraNetInference initialized successfully.
2026-08-16 15:09:39,742 /home/simon/Documents/scripts/views_platform/views-hydranet/views_hydranet/utils/disk_guard.py [disk_guard.py:109] [3195233] [MainThread] - INFO - cube-fit check: 0.42 GB needed vs 8.50 GB available RAM (headroom 0.85)
2026-08-16 15:11:10,550 /home/simon/Documents/scripts/views_platform/views-hydranet/views_hydranet/utils/feature_scaler.py [feature_scaler.py:210] [3195233] [MainThread] - INFO - 🔙 FeatureScaler: Inverting Volume (36, 180, 180, 11, 16) to Raw Space
2026-08-16 15:11:12,456 /home/simon/Documents/scripts/views_platform/views-hydranet/views_hydranet/utils/disk_guard.py [disk_guard.py:109] [3195233] [MainThread] - INFO - cube-fit check: 0.42 GB needed vs 7.90 GB available RAM (headroom 0.85)
2026-08-16 15:12:47,814 /home/simon/Documents/scripts/views_platform/views-hydranet/views_hydranet/utils/feature_scaler.py [feature_scaler.py:210] [3195233] [MainThread] - INFO - 🔙 FeatureScaler: Inverting Volume (36, 180, 180, 11, 16) to Raw Space
2026-08-16 15:12:49,608 /home/simon/Documents/scripts/views_platform/views-hydranet/views_hydranet/utils/disk_guard.py [disk_guard.py:109] [3195233] [MainThread] - INFO - cube-fit check: 0.42 GB needed vs 7.91 GB available RAM (headroom 0.85)
2026-08-16 15:14:23,553 /home/simon/Documents/scripts/views_platform/views-hydranet/views_hydranet/utils/feature_scaler.py [feature_scaler.py:210] [3195233] [MainThread] - INFO - 🔙 FeatureScaler: Inverting Volume (36, 180, 180, 11, 16) to Raw Space
2026-08-16 15:14:25,347 /home/simon/Documents/scripts/views_platform/views-hydranet/views_hydranet/utils/disk_guard.py [disk_guard.py:109] [3195233] [MainThread] - INFO - cube-fit check: 0.42 GB needed vs 7.84 GB available RAM (headroom 0.85)
2026-08-16 15:16:06,125 /home/simon/Documents/scripts/views_platform/views-hydranet/views_hydranet/utils/feature_scaler.py [feature_scaler.py:210] [3195233] [MainThread] - INFO - 🔙 FeatureScaler: Inverting Volume (36, 180, 180, 11, 16) to Raw Space
2026-08-16 15:16:08,015 /home/simon/Documents/scripts/views_platform/views-hydranet/views_hydranet/utils/disk_guard.py [disk_guard.py:109] [3195233] [MainThread] - INFO - cube-fit check: 0.42 GB needed vs 6.90 GB available RAM (headroom 0.85)
2026-08-16 15:17:51,328 /home/simon/Documents/scripts/views_platform/views-hydranet/views_hydranet/utils/feature_scaler.py [feature_scaler.py:210] [3195233] [MainThread] - INFO - 🔙 FeatureScaler: Inverting Volume (36, 180, 180, 11, 16) to Raw Space
2026-08-16 15:17:53,174 /home/simon/Documents/scripts/views_platform/views-hydranet/views_hydranet/utils/disk_guard.py [disk_guard.py:109] [3195233] [MainThread] - INFO - cube-fit check: 0.42 GB needed vs 6.43 GB available RAM (headroom 0.85)
2026-08-16 15:19:40,344 /home/simon/Documents/scripts/views_platform/views-hydranet/views_hydranet/utils/feature_scaler.py [feature_scaler.py:210] [3195233] [MainThread] - INFO - 🔙 FeatureScaler: Inverting Volume (36, 180, 180, 11, 16) to Raw Space
2026-08-16 15:19:42,202 /home/simon/Documents/scripts/views_platform/views-hydranet/views_hydranet/utils/disk_guard.py [disk_guard.py:109] [3195233] [MainThread] - INFO - cube-fit check: 0.42 GB needed vs 6.07 GB available RAM (headroom 0.85)
2026-08-16 15:21:43,321 /home/simon/Documents/scripts/views_platform/views-hydranet/views_hydranet/utils/feature_scaler.py [feature_scaler.py:210] [3195233] [MainThread] - INFO - 🔙 FeatureScaler: Inverting Volume (36, 180, 180, 11, 16) to Raw Space
2026-08-16 15:21:45,438 /home/simon/Documents/scripts/views_platform/views-hydranet/views_hydranet/utils/disk_guard.py [disk_guard.py:109] [3195233] [MainThread] - INFO - cube-fit check: 0.42 GB needed vs 5.75 GB available RAM (headroom 0.85)
2026-08-16 15:23:57,360 /home/simon/Documents/scripts/views_platform/views-hydranet/views_hydranet/utils/feature_scaler.py [feature_scaler.py:210] [3195233] [MainThread] - INFO - 🔙 FeatureScaler: Inverting Volume (36, 180, 180, 11, 16) to Raw Space
2026-08-16 15:23:59,276 /home/simon/Documents/scripts/views_platform/views-hydranet/views_hydranet/utils/disk_guard.py [disk_guard.py:109] [3195233] [MainThread] - INFO - cube-fit check: 0.42 GB needed vs 5.24 GB available RAM (headroom 0.85)
2026-08-16 15:26:01,487 /home/simon/Documents/scripts/views_platform/views-hydranet/views_hydranet/utils/feature_scaler.py [feature_scaler.py:210] [3195233] [MainThread] - INFO - 🔙 FeatureScaler: Inverting Volume (36, 180, 180, 11, 16) to Raw Space
2026-08-16 15:26:03,362 /home/simon/Documents/scripts/views_platform/views-hydranet/views_hydranet/utils/disk_guard.py [disk_guard.py:109] [3195233] [MainThread] - INFO - cube-fit check: 0.42 GB needed vs 4.67 GB available RAM (headroom 0.85)
2026-08-16 15:27:52,021 /home/simon/Documents/scripts/views_platform/views-hydranet/views_hydranet/utils/feature_scaler.py [feature_scaler.py:210] [3195233] [MainThread] - INFO - 🔙 FeatureScaler: Inverting Volume (36, 180, 180, 11, 16) to Raw Space
2026-08-16 15:27:53,881 /home/simon/Documents/scripts/views_platform/views-hydranet/views_hydranet/utils/disk_guard.py [disk_guard.py:109] [3195233] [MainThread] - INFO - cube-fit check: 0.42 GB needed vs 4.24 GB available RAM (headroom 0.85)
2026-08-16 15:29:48,563 /home/simon/Documents/scripts/views_platform/views-hydranet/views_hydranet/utils/feature_scaler.py [feature_scaler.py:210] [3195233] [MainThread] - INFO - 🔙 FeatureScaler: Inverting Volume (36, 180, 180, 11, 16) to Raw Space
2026-08-16 15:29:50,400 /home/simon/Documents/scripts/views_platform/views-hydranet/views_hydranet/utils/disk_guard.py [disk_guard.py:109] [3195233] [MainThread] - INFO - cube-fit check: 0.42 GB needed vs 3.90 GB available RAM (headroom 0.85)
2026-08-16 15:31:37,384 /home/simon/Documents/scripts/views_platform/views-hydranet/views_hydranet/utils/feature_scaler.py [feature_scaler.py:210] [3195233] [MainThread] - INFO - 🔙 FeatureScaler: Inverting Volume (36, 180, 180, 11, 16) to Raw Space
2026-08-16 15:31:39,280 /home/simon/Documents/scripts/views_platform/views-hydranet/views_hydranet/utils/disk_guard.py [disk_guard.py:109] [3195233] [MainThread] - INFO - cube-fit check: 0.42 GB needed vs 3.51 GB available RAM (headroom 0.85)
2026-08-16 15:33:23,868 /home/simon/Documents/scripts/views_platform/views-hydranet/views_hydranet/utils/feature_scaler.py [feature_scaler.py:210] [3195233] [MainThread] - INFO - 🔙 FeatureScaler: Inverting Volume (36, 180, 180, 11, 16) to Raw Space
2026-08-16 15:33:25,331 /home/simon/Documents/scripts/views_platform/views-hydranet/views_hydranet/utils/inference_orchestrator.py [inference_orchestrator.py:275] [3195233] [MainThread] - INFO - ✅ InferenceOrchestrator: Streamed 13 origin(s) [pandas-free PredictionFrame streaming path].
2026-08-16 15:33:25,331 /home/simon/Documents/scripts/views_platform/views-pipeline-core/views_pipeline_core/modules/wandb/wandb.py [wandb.py:254] [3195233] [MainThread] - INFO - WandB alert sent: Evaluation Predictions Saved
2026-08-16 15:33:25,343 /home/simon/Documents/scripts/views_platform/views-pipeline-core/views_pipeline_core/files/utils.py [utils.py:147] [3195233] [MainThread] - INFO - Log file created at /home/simon/Documents/scripts/views_platform/views-models/models/truncated_smoke/data/generated/calibration_log.txt
2026-08-16 15:33:25,835 /home/simon/Documents/scripts/views_platform/views-pipeline-core/views_pipeline_core/managers/evaluation/stage.py [stage.py:289] [3195233] [MainThread] - INFO - Raw data read from /home/simon/Documents/scripts/views_platform/views-models/models/truncated_smoke/data/raw/calibration_datafactory_df.parquet
2026-08-16 15:33:25,835 /home/simon/Documents/scripts/views_platform/views-hydranet/views_hydranet/manager/hydranet_manager.py [hydranet_manager.py:183] [3195233] [MainThread] - INFO - 🛠️ HydranetManager: Manufacturing derived signals for evaluation.
2026-08-16 15:33:26,176 /home/simon/Documents/scripts/views_platform/views-pipeline-core/views_pipeline_core/managers/evaluation/stage.py [stage.py:128] [3195233] [MainThread] - INFO - Processing regression tasks for evaluation...
2026-08-16 15:33:26,176 /home/simon/Documents/scripts/views_platform/views-pipeline-core/views_pipeline_core/managers/evaluation/stage.py [stage.py:131] [3195233] [MainThread] - INFO - Calculating regression evaluation metrics for lr_sb_best
2026-08-16 15:33:35,118 /home/simon/Documents/scripts/views_platform/views-pipeline-core/views_pipeline_core/managers/evaluation/stage.py [stage.py:446] [3195233] [MainThread] - INFO - Persisted MetricFrame (evaluation-of-record) for 'lr_sb_best' -> /home/simon/Documents/scripts/views_platform/views-models/models/truncated_smoke/data/generated/truncated_smoke/calibration/metricframe_lr_sb_best
2026-08-16 15:33:36,473 /home/simon/Documents/scripts/views_platform/views-pipeline-core/views_pipeline_core/modules/wandb/wandb.py [wandb.py:254] [3195233] [MainThread] - INFO - WandB alert sent: Model Outputs Saved
2026-08-16 15:33:36,473 /home/simon/Documents/scripts/views_platform/views-pipeline-core/views_pipeline_core/managers/evaluation/stage.py [stage.py:131] [3195233] [MainThread] - INFO - Calculating regression evaluation metrics for lr_ns_best
2026-08-16 15:33:45,245 /home/simon/Documents/scripts/views_platform/views-pipeline-core/views_pipeline_core/managers/evaluation/stage.py [stage.py:446] [3195233] [MainThread] - INFO - Persisted MetricFrame (evaluation-of-record) for 'lr_ns_best' -> /home/simon/Documents/scripts/views_platform/views-models/models/truncated_smoke/data/generated/truncated_smoke/calibration/metricframe_lr_ns_best
2026-08-16 15:33:46,062 /home/simon/Documents/scripts/views_platform/views-pipeline-core/views_pipeline_core/modules/wandb/wandb.py [wandb.py:254] [3195233] [MainThread] - INFO - WandB alert sent: Model Outputs Saved
2026-08-16 15:33:46,063 /home/simon/Documents/scripts/views_platform/views-pipeline-core/views_pipeline_core/managers/evaluation/stage.py [stage.py:131] [3195233] [MainThread] - INFO - Calculating regression evaluation metrics for lr_os_best
2026-08-16 15:33:54,647 /home/simon/Documents/scripts/views_platform/views-pipeline-core/views_pipeline_core/managers/evaluation/stage.py [stage.py:446] [3195233] [MainThread] - INFO - Persisted MetricFrame (evaluation-of-record) for 'lr_os_best' -> /home/simon/Documents/scripts/views_platform/views-models/models/truncated_smoke/data/generated/truncated_smoke/calibration/metricframe_lr_os_best
2026-08-16 15:33:55,489 /home/simon/Documents/scripts/views_platform/views-pipeline-core/views_pipeline_core/modules/wandb/wandb.py [wandb.py:254] [3195233] [MainThread] - INFO - WandB alert sent: Model Outputs Saved
2026-08-16 15:33:55,489 /home/simon/Documents/scripts/views_platform/views-pipeline-core/views_pipeline_core/managers/evaluation/stage.py [stage.py:128] [3195233] [MainThread] - INFO - Processing classification tasks for evaluation...
2026-08-16 15:33:55,489 /home/simon/Documents/scripts/views_platform/views-pipeline-core/views_pipeline_core/managers/evaluation/stage.py [stage.py:131] [3195233] [MainThread] - INFO - Calculating classification evaluation metrics for by_sb_best
2026-08-16 15:34:00,493 /home/simon/Documents/scripts/views_platform/views-pipeline-core/views_pipeline_core/managers/evaluation/stage.py [stage.py:446] [3195233] [MainThread] - INFO - Persisted MetricFrame (evaluation-of-record) for 'by_sb_best' -> /home/simon/Documents/scripts/views_platform/views-models/models/truncated_smoke/data/generated/truncated_smoke/calibration/metricframe_by_sb_best
2026-08-16 15:34:01,296 /home/simon/Documents/scripts/views_platform/views-pipeline-core/views_pipeline_core/modules/wandb/wandb.py [wandb.py:254] [3195233] [MainThread] - INFO - WandB alert sent: Model Outputs Saved
2026-08-16 15:34:01,296 /home/simon/Documents/scripts/views_platform/views-pipeline-core/views_pipeline_core/managers/evaluation/stage.py [stage.py:131] [3195233] [MainThread] - INFO - Calculating classification evaluation metrics for by_ns_best
2026-08-16 15:34:06,250 /home/simon/Documents/scripts/views_platform/views-pipeline-core/views_pipeline_core/managers/evaluation/stage.py [stage.py:446] [3195233] [MainThread] - INFO - Persisted MetricFrame (evaluation-of-record) for 'by_ns_best' -> /home/simon/Documents/scripts/views_platform/views-models/models/truncated_smoke/data/generated/truncated_smoke/calibration/metricframe_by_ns_best
2026-08-16 15:34:07,116 /home/simon/Documents/scripts/views_platform/views-pipeline-core/views_pipeline_core/modules/wandb/wandb.py [wandb.py:254] [3195233] [MainThread] - INFO - WandB alert sent: Model Outputs Saved
2026-08-16 15:34:07,117 /home/simon/Documents/scripts/views_platform/views-pipeline-core/views_pipeline_core/managers/evaluation/stage.py [stage.py:131] [3195233] [MainThread] - INFO - Calculating classification evaluation metrics for by_os_best
2026-08-16 15:34:12,007 /home/simon/Documents/scripts/views_platform/views-pipeline-core/views_pipeline_core/managers/evaluation/stage.py [stage.py:446] [3195233] [MainThread] - INFO - Persisted MetricFrame (evaluation-of-record) for 'by_os_best' -> /home/simon/Documents/scripts/views_platform/views-models/models/truncated_smoke/data/generated/truncated_smoke/calibration/metricframe_by_os_best
2026-08-16 15:34:12,785 /home/simon/Documents/scripts/views_platform/views-pipeline-core/views_pipeline_core/modules/wandb/wandb.py [wandb.py:254] [3195233] [MainThread] - INFO - WandB alert sent: Model Outputs Saved
2026-08-16 15:34:12,792 /home/simon/Documents/scripts/views_platform/views-pipeline-core/views_pipeline_core/managers/prediction/io.py [io.py:258] [3195233] [MainThread] - INFO - Evaluation metrics:
+----+---------------------------------------------------+--------------+
|    | Metric                                            |        Value |
+====+===================================================+==============+
|  9 | month-wise/by_ns_best/Brier_cls_sample            |   0.00221037 |
+----+---------------------------------------------------+--------------+
| 14 | month-wise/by_ns_best/Brier_cls_sample_mean       |   0.00296728 |
+----+---------------------------------------------------+--------------+
| 10 | month-wise/by_os_best/Brier_cls_sample            |   0.00510102 |
+----+---------------------------------------------------+--------------+
| 21 | month-wise/by_os_best/Brier_cls_sample_mean       |   0.0045462  |
+----+---------------------------------------------------+--------------+
|  6 | month-wise/by_sb_best/Brier_cls_sample            |   0.0114102  |
+----+---------------------------------------------------+--------------+
|  7 | month-wise/by_sb_best/Brier_cls_sample_mean       |   0.00894374 |
+----+---------------------------------------------------+--------------+
| 33 | month-wise/lr_ns_best/CRPS                        |   0.0215866  |
+----+---------------------------------------------------+--------------+
| 58 | month-wise/lr_ns_best/CRPS_mean                   |   0.0468931  |
+----+---------------------------------------------------+--------------+
| 42 | month-wise/lr_ns_best/MCR_sample                  |   0.445909   |
+----+---------------------------------------------------+--------------+
| 30 | month-wise/lr_ns_best/MCR_sample_mean             |   0.317496   |
+----+---------------------------------------------------+--------------+
| 24 | month-wise/lr_ns_best/QS_sample                   |   0.022017   |
+----+---------------------------------------------------+--------------+
| 27 | month-wise/lr_ns_best/QS_sample_mean              |   0.0462803  |
+----+---------------------------------------------------+--------------+
| 28 | month-wise/lr_os_best/CRPS                        |   0.0885441  |
+----+---------------------------------------------------+--------------+
| 67 | month-wise/lr_os_best/CRPS_mean                   |   0.0438854  |
+----+---------------------------------------------------+--------------+
| 43 | month-wise/lr_os_best/MCR_sample                  |   0.0376727  |
+----+---------------------------------------------------+--------------+
| 37 | month-wise/lr_os_best/MCR_sample_mean             |   0.204257   |
+----+---------------------------------------------------+--------------+
| 36 | month-wise/lr_os_best/QS_sample                   |   0.0878929  |
+----+---------------------------------------------------+--------------+
| 68 | month-wise/lr_os_best/QS_sample_mean              |   0.0436311  |
+----+---------------------------------------------------+--------------+
| 16 | month-wise/lr_sb_best/CRPS                        |   8.80199    |
+----+---------------------------------------------------+--------------+
| 15 | month-wise/lr_sb_best/CRPS_mean                   |   0.334971   |
+----+---------------------------------------------------+--------------+
| 60 | month-wise/lr_sb_best/MCR_sample                  |   0.00156976 |
+----+---------------------------------------------------+--------------+
| 71 | month-wise/lr_sb_best/MCR_sample_mean             |   0.21462    |
+----+---------------------------------------------------+--------------+
| 32 | month-wise/lr_sb_best/QS_sample                   |   8.71427    |
+----+---------------------------------------------------+--------------+
| 64 | month-wise/lr_sb_best/QS_sample_mean              |   0.330218   |
+----+---------------------------------------------------+--------------+
|  3 | month-wise/month                                  | 504          |
+----+---------------------------------------------------+--------------+
|  8 | step-wise/by_ns_best/Brier_cls_sample             |   0.00229339 |
+----+---------------------------------------------------+--------------+
|  2 | step-wise/by_ns_best/Brier_cls_sample_mean        |   0.00297964 |
+----+---------------------------------------------------+--------------+
| 48 | step-wise/by_os_best/Brier_cls_sample             |   0.00476118 |
+----+---------------------------------------------------+--------------+
| 20 | step-wise/by_os_best/Brier_cls_sample_mean        |   0.0046442  |
+----+---------------------------------------------------+--------------+
|  5 | step-wise/by_sb_best/Brier_cls_sample             |   0.0104135  |
+----+---------------------------------------------------+--------------+
| 73 | step-wise/by_sb_best/Brier_cls_sample_mean        |   0.00882328 |
+----+---------------------------------------------------+--------------+
| 61 | step-wise/lr_ns_best/CRPS                         |   0.0279038  |
+----+---------------------------------------------------+--------------+
| 41 | step-wise/lr_ns_best/CRPS_mean                    |   0.0439937  |
+----+---------------------------------------------------+--------------+
| 23 | step-wise/lr_ns_best/MCR_sample                   |   0.357951   |
+----+---------------------------------------------------+--------------+
| 39 | step-wise/lr_ns_best/MCR_sample_mean              |   0.264047   |
+----+---------------------------------------------------+--------------+
| 47 | step-wise/lr_ns_best/QS_sample                    |   0.0281499  |
+----+---------------------------------------------------+--------------+
| 26 | step-wise/lr_ns_best/QS_sample_mean               |   0.0437518  |
+----+---------------------------------------------------+--------------+
| 65 | step-wise/lr_os_best/CRPS                         |   0.0674367  |
+----+---------------------------------------------------+--------------+
| 66 | step-wise/lr_os_best/CRPS_mean                    |   0.0454432  |
+----+---------------------------------------------------+--------------+
| 53 | step-wise/lr_os_best/MCR_sample                   |   0.0638701  |
+----+---------------------------------------------------+--------------+
| 29 | step-wise/lr_os_best/MCR_sample_mean              |   0.170773   |
+----+---------------------------------------------------+--------------+
|  1 | step-wise/lr_os_best/QS_sample                    |   0.0669522  |
+----+---------------------------------------------------+--------------+
| 12 | step-wise/lr_os_best/QS_sample_mean               |   0.0452298  |
+----+---------------------------------------------------+--------------+
| 74 | step-wise/lr_sb_best/CRPS                         |   0.875314   |
+----+---------------------------------------------------+--------------+
| 62 | step-wise/lr_sb_best/CRPS_mean                    |   0.159708   |
+----+---------------------------------------------------+--------------+
| 45 | step-wise/lr_sb_best/MCR_sample                   |   0.0123519  |
+----+---------------------------------------------------+--------------+
| 17 | step-wise/lr_sb_best/MCR_sample_mean              |   0.159525   |
+----+---------------------------------------------------+--------------+
| 49 | step-wise/lr_sb_best/QS_sample                    |   0.866725   |
+----+---------------------------------------------------+--------------+
| 18 | step-wise/lr_sb_best/QS_sample_mean               |   0.15745    |
+----+---------------------------------------------------+--------------+
| 69 | step-wise/step                                    |  36          |
+----+---------------------------------------------------+--------------+
| 51 | time-series-wise/by_ns_best/Brier_cls_sample      |   0.00283034 |
+----+---------------------------------------------------+--------------+
| 54 | time-series-wise/by_ns_best/Brier_cls_sample_mean |   0.00297964 |
+----+---------------------------------------------------+--------------+
| 59 | time-series-wise/by_os_best/Brier_cls_sample      |   0.00471594 |
+----+---------------------------------------------------+--------------+
| 55 | time-series-wise/by_os_best/Brier_cls_sample_mean |   0.0046442  |
+----+---------------------------------------------------+--------------+
| 40 | time-series-wise/by_sb_best/Brier_cls_sample      |   0.00935319 |
+----+---------------------------------------------------+--------------+
| 38 | time-series-wise/by_sb_best/Brier_cls_sample_mean |   0.00882328 |
+----+---------------------------------------------------+--------------+
| 25 | time-series-wise/lr_ns_best/CRPS                  |   0.0348823  |
+----+---------------------------------------------------+--------------+
|  0 | time-series-wise/lr_ns_best/CRPS_mean             |   0.0439937  |
+----+---------------------------------------------------+--------------+
| 35 | time-series-wise/lr_ns_best/MCR_sample            |   0.301085   |
+----+---------------------------------------------------+--------------+
| 52 | time-series-wise/lr_ns_best/MCR_sample_mean       |   0.242798   |
+----+---------------------------------------------------+--------------+
| 34 | time-series-wise/lr_ns_best/QS_sample             |   0.0350793  |
+----+---------------------------------------------------+--------------+
|  4 | time-series-wise/lr_ns_best/QS_sample_mean        |   0.0437518  |
+----+---------------------------------------------------+--------------+
| 72 | time-series-wise/lr_os_best/CRPS                  |   0.0497591  |
+----+---------------------------------------------------+--------------+
| 31 | time-series-wise/lr_os_best/CRPS_mean             |   0.0454432  |
+----+---------------------------------------------------+--------------+
| 44 | time-series-wise/lr_os_best/MCR_sample            |   0.0933355  |
+----+---------------------------------------------------+--------------+
| 50 | time-series-wise/lr_os_best/MCR_sample_mean       |   0.131415   |
+----+---------------------------------------------------+--------------+
| 11 | time-series-wise/lr_os_best/QS_sample             |   0.0493043  |
+----+---------------------------------------------------+--------------+
| 13 | time-series-wise/lr_os_best/QS_sample_mean        |   0.0452298  |
+----+---------------------------------------------------+--------------+
| 57 | time-series-wise/lr_sb_best/CRPS                  |   0.397986   |
+----+---------------------------------------------------+--------------+
| 46 | time-series-wise/lr_sb_best/CRPS_mean             |   0.159708   |
+----+---------------------------------------------------+--------------+
| 70 | time-series-wise/lr_sb_best/MCR_sample            |   0.0797244  |
+----+---------------------------------------------------+--------------+
| 19 | time-series-wise/lr_sb_best/MCR_sample_mean       |   0.143688   |
+----+---------------------------------------------------+--------------+
| 63 | time-series-wise/lr_sb_best/QS_sample             |   0.393855   |
+----+---------------------------------------------------+--------------+
| 56 | time-series-wise/lr_sb_best/QS_sample_mean        |   0.15745    |
+----+---------------------------------------------------+--------------+
| 22 | time-series-wise/time-series                      |  12          |
+----+---------------------------------------------------+--------------+
2026-08-16 15:34:12,792 /home/simon/Documents/scripts/views_platform/views-pipeline-core/views_pipeline_core/modules/wandb/wandb.py [wandb.py:254] [3195233] [MainThread] - INFO - WandB alert sent: Metrics for truncated_smoke
2026-08-16 15:34:13,114 /home/simon/Documents/scripts/views_platform/views-pipeline-core/views_pipeline_core/modules/wandb/wandb.py [wandb.py:254] [3195233] [MainThread] - INFO - WandB alert sent: Evaluation for model truncated_smoke completed successfully.
2026-08-16 15:34:16,879 /home/simon/Documents/scripts/views_platform/views-pipeline-core/views_pipeline_core/managers/model/model.py [model.py:1235] [3195233] [MainThread] - INFO - Done. Runtime: 24.690 minutes.

wrote /home/simon/Documents/scripts/views_platform/views-hydranet/reports/2026-08-16_feedback_realism_dossier/results/fedfield_corr0.5.csv (5460 field records)
wrote /home/simon/Documents/scripts/views_platform/views-hydranet/reports/2026-08-16_feedback_realism_dossier/results/gate_corr0.5.csv (5460 gate records)
wandb: Using wandb-core as the SDK backend.  Please refer to https://wandb.me/wandb-core for more information.
wandb: Currently logged in as: simpol (nornir). Use `wandb login --relogin` to force relogin
wandb: Currently logged in as: simpol (views_pipeline). Use `wandb login --relogin` to force relogin
wandb: Tracking run with wandb version 0.18.7
wandb: Run data is saved locally in /home/simon/Documents/scripts/views_platform/views-models/models/truncated_smoke/wandb/run-20260816_150931-qwc5co06
wandb: Run `wandb offline` to turn off syncing.
wandb: Syncing run zany-morning-67
wandb: ⭐️ View project at https://wandb.ai/views_pipeline/truncated_smoke_calibration
wandb: 🚀 View run at https://wandb.ai/views_pipeline/truncated_smoke_calibration/runs/qwc5co06
wandb:                                                                                
wandb: 🚀 View run zany-morning-67 at: https://wandb.ai/views_pipeline/truncated_smoke_calibration/runs/qwc5co06
wandb: ⭐️ View project at: https://wandb.ai/views_pipeline/truncated_smoke_calibration
wandb: Synced 5 W&B file(s), 0 media file(s), 0 artifact file(s) and 0 other file(s)
wandb: Find logs at: ./wandb/run-20260816_150931-qwc5co06/logs
wandb: Tracking run with wandb version 0.18.7
wandb: Run data is saved locally in /home/simon/Documents/scripts/views_platform/views-models/models/truncated_smoke/wandb/run-20260816_150935-0s6bl61u
wandb: Run `wandb offline` to turn off syncing.
wandb: Syncing run hopeful-forest-68
wandb: ⭐️ View project at https://wandb.ai/views_pipeline/truncated_smoke_calibration
wandb: 🚀 View run at https://wandb.ai/views_pipeline/truncated_smoke_calibration/runs/0s6bl61u
[Origin 1/13] 🎲 Drawing Posterior Samples:   0%|          | 0/1484 [00:00<?, ?step/s][Origin 1/13] 🎲 Drawing Posterior Samples:   0%|          | 1/1484 [00:00<06:55,  3.57step/s][Origin 1/13] 🎲 Drawing Posterior Samples:   1%|          | 17/1484 [00:00<00:26, 56.21step/s][Origin 1/13] 🎲 Drawing Posterior Samples:   2%|▏         | 32/1484 [00:00<00:16, 86.18step/s][Origin 1/13] 🎲 Drawing Posterior Samples:   3%|▎         | 47/1484 [00:00<00:13, 105.49step/s][Origin 1/13] 🎲 Drawing Posterior Samples:   4%|▍         | 62/1484 [00:00<00:11, 118.51step/s][Origin 1/13] 🎲 Drawing Posterior Samples:   5%|▌         | 78/1484 [00:00<00:10, 128.98step/s][Origin 1/13] 🎲 Drawing Posterior Samples:   6%|▋         | 93/1484 [00:00<00:10, 134.18step/s][Origin 1/13] 🎲 Drawing Posterior Samples:   7%|▋         | 108/1484 [00:00<00:10, 137.34step/s][Origin 1/13] 🎲 Drawing Posterior Samples:   8%|▊         | 124/1484 [00:01<00:09, 141.58step/s][Origin 1/13] 🎲 Drawing Posterior Samples:   9%|▉         | 139/1484 [00:01<00:09, 142.03step/s][Origin 1/13] 🎲 Drawing Posterior Samples:  10%|█         | 154/1484 [00:01<00:09, 141.69step/s][Origin 1/13] 🎲 Drawing Posterior Samples:  11%|█▏        | 169/1484 [00:01<00:09, 139.92step/s][Origin 1/13] 🎲 Drawing Posterior Samples:  12%|█▏        | 184/1484 [00:01<00:09, 142.50step/s][Origin 1/13] 🎲 Drawing Posterior Samples:  13%|█▎        | 199/1484 [00:01<00:09, 141.46step/s][Origin 1/13] 🎲 Drawing Posterior Samples:  14%|█▍        | 215/1484 [00:01<00:08, 144.72step/s][Origin 1/13] 🎲 Drawing Posterior Samples:  15%|█▌        | 230/1484 [00:01<00:08, 145.92step/s][Origin 1/13] 🎲 Drawing Posterior Samples:  17%|█▋        | 245/1484 [00:01<00:08, 145.35step/s][Origin 1/13] 🎲 Drawing Posterior Samples:  18%|█▊        | 260/1484 [00:02<00:08, 145.29step/s][Origin 1/13] 🎲 Drawing Posterior Samples:  19%|█▊        | 275/1484 [00:02<00:08, 145.79step/s][Origin 1/13] 🎲 Drawing Posterior Samples:  20%|█▉        | 290/1484 [00:02<00:08, 143.48step/s][Origin 1/13] 🎲 Drawing Posterior Samples:  21%|██        | 305/1484 [00:02<00:08, 142.67step/s][Origin 1/13] 🎲 Drawing Posterior Samples:  22%|██▏       | 320/1484 [00:02<00:08, 141.19step/s][Origin 1/13] 🎲 Drawing Posterior Samples:  23%|██▎       | 335/1484 [00:02<00:08, 141.82step/s][Origin 1/13] 🎲 Drawing Posterior Samples:  24%|██▎       | 350/1484 [00:04<00:52, 21.70step/s] [Origin 1/13] 🎲 Drawing Posterior Samples:  24%|██▍       | 361/1484 [00:06<01:14, 15.08step/s][Origin 1/13] 🎲 Drawing Posterior Samples:  25%|██▍       | 369/1484 [00:07<01:37, 11.43step/s][Origin 1/13] 🎲 Drawing Posterior Samples:  25%|██▌       | 371/1484 [00:20<01:37, 11.43step/s][Origin 1/13] 🎲 Drawing Posterior Samples:  25%|██▌       | 372/1484 [00:23<11:06,  1.67step/s][Origin 1/13] 🎲 Drawing Posterior Samples:  26%|██▌       | 388/1484 [00:23<06:21,  2.87step/s][Origin 1/13] 🎲 Drawing Posterior Samples:  27%|██▋       | 404/1484 [00:23<03:57,  4.56step/s][Origin 1/13] 🎲 Drawing Posterior Samples:  28%|██▊       | 420/1484 [00:23<02:34,  6.90step/s][Origin 1/13] 🎲 Drawing Posterior Samples:  29%|██▉       | 436/1484 [00:24<01:43, 10.11step/s][Origin 1/13] 🎲 Drawing Posterior Samples:  30%|███       | 451/1484 [00:24<01:12, 14.20step/s][Origin 1/13] 🎲 Drawing Posterior Samples:  31%|███▏      | 467/1484 [00:24<00:50, 19.99step/s][Origin 1/13] 🎲 Drawing Posterior Samples:  33%|███▎      | 483/1484 [00:24<00:36, 27.46step/s][Origin 1/13] 🎲 Drawing Posterior Samples:  34%|███▎      | 498/1484 [00:24<00:27, 36.21step/s][Origin 1/13] 🎲 Drawing Posterior Samples:  35%|███▍      | 513/1484 [00:24<00:20, 46.58step/s][Origin 1/13] 🎲 Drawing Posterior Samples:  36%|███▌      | 528/1484 [00:24<00:16, 57.99step/s][Origin 1/13] 🎲 Drawing Posterior Samples:  37%|███▋      | 543/1484 [00:24<00:13, 70.06step/s][Origin 1/13] 🎲 Drawing Posterior Samples:  38%|███▊      | 558/1484 [00:24<00:11, 82.27step/s][Origin 1/13] 🎲 Drawing Posterior Samples:  39%|███▊      | 573/1484 [00:25<00:09, 94.49step/s][Origin 1/13] 🎲 Drawing Posterior Samples:  40%|███▉      | 588/1484 [00:25<00:08, 105.97step/s][Origin 1/13] 🎲 Drawing Posterior Samples:  41%|████      | 603/1484 [00:25<00:07, 115.91step/s][Origin 1/13] 🎲 Drawing Posterior Samples:  42%|████▏     | 618/1484 [00:25<00:06, 124.20step/s][Origin 1/13] 🎲 Drawing Posterior Samples:  43%|████▎     | 633/1484 [00:25<00:06, 130.68step/s][Origin 1/13] 🎲 Drawing Posterior Samples:  44%|████▎     | 648/1484 [00:25<00:06, 135.30step/s][Origin 1/13] 🎲 Drawing Posterior Samples:  45%|████▍     | 663/1484 [00:25<00:05, 137.14step/s][Origin 1/13] 🎲 Drawing Posterior Samples:  46%|████▌     | 678/1484 [00:25<00:05, 137.54step/s][Origin 1/13] 🎲 Drawing Posterior Samples:  47%|████▋     | 693/1484 [00:25<00:05, 137.46step/s][Origin 1/13] 🎲 Drawing Posterior Samples:  48%|████▊     | 708/1484 [00:26<00:09, 85.96step/s] [Origin 1/13] 🎲 Drawing Posterior Samples:  49%|████▊     | 720/1484 [00:27<00:35, 21.40step/s][Origin 1/13] 🎲 Drawing Posterior Samples:  49%|████▉     | 729/1484 [00:29<00:55, 13.62step/s][Origin 1/13] 🎲 Drawing Posterior Samples:  50%|████▉     | 735/1484 [00:30<01:05, 11.45step/s][Origin 1/13] 🎲 Drawing Posterior Samples:  50%|████▉     | 740/1484 [00:31<01:13, 10.10step/s][Origin 1/13] 🎲 Drawing Posterior Samples:  50%|█████     | 744/1484 [00:45<08:09,  1.51step/s][Origin 1/13] 🎲 Drawing Posterior Samples:  51%|█████     | 760/1484 [00:45<04:11,  2.88step/s][Origin 1/13] 🎲 Drawing Posterior Samples:  52%|█████▏    | 776/1484 [00:45<02:27,  4.79step/s][Origin 1/13] 🎲 Drawing Posterior Samples:  53%|█████▎    | 792/1484 [00:45<01:33,  7.44step/s][Origin 1/13] 🎲 Drawing Posterior Samples:  54%|█████▍    | 808/1484 [00:45<01:01, 11.06step/s][Origin 1/13] 🎲 Drawing Posterior Samples:  56%|█████▌    | 824/1484 [00:46<00:41, 15.92step/s][Origin 1/13] 🎲 Drawing Posterior Samples:  57%|█████▋    | 840/1484 [00:46<00:28, 22.30step/s][Origin 1/13] 🎲 Drawing Posterior Samples:  58%|█████▊    | 855/1484 [00:46<00:20, 29.96step/s][Origin 1/13] 🎲 Drawing Posterior Samples:  59%|█████▊    | 870/1484 [00:46<00:15, 39.41step/s][Origin 1/13] 🎲 Drawing Posterior Samples:  60%|█████▉    | 885/1484 [00:46<00:11, 50.31step/s][Origin 1/13] 🎲 Drawing Posterior Samples:  61%|██████    | 900/1484 [00:46<00:09, 62.10step/s][Origin 1/13] 🎲 Drawing Posterior Samples:  62%|██████▏   | 915/1484 [00:46<00:07, 74.18step/s][Origin 1/13] 🎲 Drawing Posterior Samples:  63%|██████▎   | 929/1484 [00:46<00:06, 85.56step/s][Origin 1/13] 🎲 Drawing Posterior Samples:  64%|██████▎   | 944/1484 [00:46<00:05, 97.71step/s][Origin 1/13] 🎲 Drawing Posterior Samples:  65%|██████▍   | 959/1484 [00:47<00:04, 108.92step/s][Origin 1/13] 🎲 Drawing Posterior Samples:  66%|██████▌   | 974/1484 [00:47<00:04, 118.50step/s][Origin 1/13] 🎲 Drawing Posterior Samples:  67%|██████▋   | 989/1484 [00:47<00:03, 126.26step/s][Origin 1/13] 🎲 Drawing Posterior Samples:  68%|██████▊   | 1004/1484 [00:47<00:03, 132.24step/s][Origin 1/13] 🎲 Drawing Posterior Samples:  69%|██████▊   | 1019/1484 [00:47<00:03, 135.91step/s][Origin 1/13] 🎲 Drawing Posterior Samples:  70%|██████▉   | 1034/1484 [00:47<00:03, 137.11step/s][Origin 1/13] 🎲 Drawing Posterior Samples:  71%|███████   | 1049/1484 [00:47<00:03, 137.21step/s][Origin 1/13] 🎲 Drawing Posterior Samples:  72%|███████▏  | 1064/1484 [00:47<00:03, 137.25step/s][Origin 1/13] 🎲 Drawing Posterior Samples:  73%|███████▎  | 1079/1484 [00:48<00:05, 73.96step/s] [Origin 1/13] 🎲 Drawing Posterior Samples:  73%|███████▎  | 1090/1484 [00:49<00:17, 22.69step/s][Origin 1/13] 🎲 Drawing Posterior Samples:  74%|███████▍  | 1098/1484 [00:51<00:26, 14.61step/s][Origin 1/13] 🎲 Drawing Posterior Samples:  74%|███████▍  | 1104/1484 [00:51<00:31, 11.95step/s][Origin 1/13] 🎲 Drawing Posterior Samples:  75%|███████▍  | 1109/1484 [00:53<00:39,  9.56step/s][Origin 1/13] 🎲 Drawing Posterior Samples:  75%|███████▌  | 1113/1484 [00:53<00:43,  8.61step/s][Origin 1/13] 🎲 Drawing Posterior Samples:  75%|███████▌  | 1116/1484 [01:08<05:00,  1.22step/s][Origin 1/13] 🎲 Drawing Posterior Samples:  76%|███████▋  | 1132/1484 [01:08<02:15,  2.60step/s][Origin 1/13] 🎲 Drawing Posterior Samples:  77%|███████▋  | 1148/1484 [01:08<01:14,  4.53step/s][Origin 1/13] 🎲 Drawing Posterior Samples:  78%|███████▊  | 1164/1484 [01:08<00:44,  7.20step/s][Origin 1/13] 🎲 Drawing Posterior Samples:  80%|███████▉  | 1180/1484 [01:08<00:28, 10.84step/s][Origin 1/13] 🎲 Drawing Posterior Samples:  81%|████████  | 1196/1484 [01:08<00:18, 15.74step/s][Origin 1/13] 🎲 Drawing Posterior Samples:  82%|████████▏ | 1212/1484 [01:08<00:12, 22.17step/s][Origin 1/13] 🎲 Drawing Posterior Samples:  83%|████████▎ | 1228/1484 [01:08<00:08, 30.35step/s][Origin 1/13] 🎲 Drawing Posterior Samples:  84%|████████▍ | 1243/1484 [01:08<00:06, 39.78step/s][Origin 1/13] 🎲 Drawing Posterior Samples:  85%|████████▍ | 1258/1484 [01:08<00:04, 50.51step/s][Origin 1/13] 🎲 Drawing Posterior Samples:  86%|████████▌ | 1273/1484 [01:09<00:03, 62.26step/s][Origin 1/13] 🎲 Drawing Posterior Samples:  87%|████████▋ | 1288/1484 [01:09<00:02, 74.47step/s][Origin 1/13] 🎲 Drawing Posterior Samples:  88%|████████▊ | 1303/1484 [01:09<00:02, 86.81step/s][Origin 1/13] 🎲 Drawing Posterior Samples:  89%|████████▉ | 1318/1484 [01:09<00:01, 98.88step/s][Origin 1/13] 🎲 Drawing Posterior Samples:  90%|████████▉ | 1333/1484 [01:09<00:01, 109.67step/s][Origin 1/13] 🎲 Drawing Posterior Samples:  91%|█████████ | 1348/1484 [01:09<00:01, 118.97step/s][Origin 1/13] 🎲 Drawing Posterior Samples:  92%|█████████▏| 1363/1484 [01:09<00:00, 126.37step/s][Origin 1/13] 🎲 Drawing Posterior Samples:  93%|█████████▎| 1378/1484 [01:09<00:00, 132.22step/s][Origin 1/13] 🎲 Drawing Posterior Samples:  94%|█████████▍| 1393/1484 [01:09<00:00, 135.83step/s][Origin 1/13] 🎲 Drawing Posterior Samples:  95%|█████████▍| 1408/1484 [01:10<00:00, 136.74step/s][Origin 1/13] 🎲 Drawing Posterior Samples:  96%|█████████▌| 1423/1484 [01:10<00:00, 136.97step/s][Origin 1/13] 🎲 Drawing Posterior Samples:  97%|█████████▋| 1438/1484 [01:10<00:00, 137.29step/s][Origin 1/13] 🎲 Drawing Posterior Samples:  98%|█████████▊| 1453/1484 [01:10<00:00, 55.72step/s] [Origin 1/13] 🎲 Drawing Posterior Samples:  99%|█████████▊| 1464/1484 [01:12<00:01, 18.70step/s][Origin 1/13] 🎲 Drawing Posterior Samples:  99%|█████████▉| 1472/1484 [01:14<00:00, 13.44step/s][Origin 1/13] 🎲 Drawing Posterior Samples: 100%|█████████▉| 1478/1484 [01:14<00:00, 11.62step/s][Origin 1/13] 🎲 Drawing Posterior Samples: 100%|█████████▉| 1483/1484 [01:15<00:00, 10.36step/s]                                                                                                 [Origin 2/13] 🎲 Drawing Posterior Samples:   0%|          | 0/1488 [00:00<?, ?step/s][Origin 2/13] 🎲 Drawing Posterior Samples:   1%|          | 16/1488 [00:00<00:09, 153.22step/s][Origin 2/13] 🎲 Drawing Posterior Samples:   2%|▏         | 32/1488 [00:00<00:09, 151.56step/s][Origin 2/13] 🎲 Drawing Posterior Samples:   3%|▎         | 48/1488 [00:00<00:09, 150.84step/s][Origin 2/13] 🎲 Drawing Posterior Samples:   4%|▍         | 64/1488 [00:00<00:09, 150.37step/s][Origin 2/13] 🎲 Drawing Posterior Samples:   5%|▌         | 80/1488 [00:00<00:09, 149.79step/s][Origin 2/13] 🎲 Drawing Posterior Samples:   6%|▋         | 95/1488 [00:00<00:09, 149.31step/s][Origin 2/13] 🎲 Drawing Posterior Samples:   7%|▋         | 110/1488 [00:00<00:09, 149.12step/s][Origin 2/13] 🎲 Drawing Posterior Samples:   8%|▊         | 125/1488 [00:00<00:09, 148.85step/s][Origin 2/13] 🎲 Drawing Posterior Samples:   9%|▉         | 140/1488 [00:00<00:09, 146.07step/s][Origin 2/13] 🎲 Drawing Posterior Samples:  10%|█         | 155/1488 [00:01<00:09, 141.98step/s][Origin 2/13] 🎲 Drawing Posterior Samples:  11%|█▏        | 170/1488 [00:01<00:09, 139.49step/s][Origin 2/13] 🎲 Drawing Posterior Samples:  12%|█▏        | 184/1488 [00:01<00:09, 138.83step/s][Origin 2/13] 🎲 Drawing Posterior Samples:  13%|█▎        | 199/1488 [00:01<00:09, 140.08step/s][Origin 2/13] 🎲 Drawing Posterior Samples:  14%|█▍        | 214/1488 [00:01<00:08, 141.80step/s][Origin 2/13] 🎲 Drawing Posterior Samples:  15%|█▌        | 229/1488 [00:01<00:08, 142.99step/s][Origin 2/13] 🎲 Drawing Posterior Samples:  16%|█▋        | 244/1488 [00:01<00:08, 143.99step/s][Origin 2/13] 🎲 Drawing Posterior Samples:  17%|█▋        | 259/1488 [00:01<00:08, 144.53step/s][Origin 2/13] 🎲 Drawing Posterior Samples:  18%|█▊        | 274/1488 [00:01<00:08, 144.49step/s][Origin 2/13] 🎲 Drawing Posterior Samples:  19%|█▉        | 289/1488 [00:01<00:08, 142.29step/s][Origin 2/13] 🎲 Drawing Posterior Samples:  20%|██        | 304/1488 [00:02<00:08, 140.10step/s][Origin 2/13] 🎲 Drawing Posterior Samples:  21%|██▏       | 319/1488 [00:02<00:08, 138.23step/s][Origin 2/13] 🎲 Drawing Posterior Samples:  22%|██▏       | 333/1488 [00:02<00:08, 138.10step/s][Origin 2/13] 🎲 Drawing Posterior Samples:  23%|██▎       | 347/1488 [00:04<00:54, 20.88step/s] [Origin 2/13] 🎲 Drawing Posterior Samples:  24%|██▍       | 357/1488 [00:06<01:37, 11.60step/s][Origin 2/13] 🎲 Drawing Posterior Samples:  25%|██▍       | 365/1488 [00:08<02:07,  8.79step/s][Origin 2/13] 🎲 Drawing Posterior Samples:  25%|██▍       | 371/1488 [00:09<02:28,  7.52step/s][Origin 2/13] 🎲 Drawing Posterior Samples:  25%|██▌       | 375/1488 [00:23<11:32,  1.61step/s][Origin 2/13] 🎲 Drawing Posterior Samples:  26%|██▋       | 391/1488 [00:23<06:13,  2.94step/s][Origin 2/13] 🎲 Drawing Posterior Samples:  27%|██▋       | 407/1488 [00:23<03:45,  4.79step/s][Origin 2/13] 🎲 Drawing Posterior Samples:  28%|██▊       | 423/1488 [00:23<02:24,  7.36step/s][Origin 2/13] 🎲 Drawing Posterior Samples:  29%|██▉       | 436/1488 [00:23<01:43, 10.19step/s][Origin 2/13] 🎲 Drawing Posterior Samples:  30%|███       | 452/1488 [00:23<01:09, 14.97step/s][Origin 2/13] 🎲 Drawing Posterior Samples:  31%|███▏      | 468/1488 [00:24<00:47, 21.25step/s][Origin 2/13] 🎲 Drawing Posterior Samples:  33%|███▎      | 484/1488 [00:24<00:34, 29.26step/s][Origin 2/13] 🎲 Drawing Posterior Samples:  34%|███▎      | 500/1488 [00:24<00:25, 39.13step/s][Origin 2/13] 🎲 Drawing Posterior Samples:  35%|███▍      | 515/1488 [00:24<00:19, 49.59step/s][Origin 2/13] 🎲 Drawing Posterior Samples:  36%|███▌      | 530/1488 [00:24<00:15, 61.11step/s][Origin 2/13] 🎲 Drawing Posterior Samples:  37%|███▋      | 544/1488 [00:24<00:13, 71.56step/s][Origin 2/13] 🎲 Drawing Posterior Samples:  38%|███▊      | 560/1488 [00:24<00:10, 85.87step/s][Origin 2/13] 🎲 Drawing Posterior Samples:  39%|███▊      | 575/1488 [00:24<00:09, 97.10step/s][Origin 2/13] 🎲 Drawing Posterior Samples:  40%|███▉      | 590/1488 [00:24<00:08, 107.98step/s][Origin 2/13] 🎲 Drawing Posterior Samples:  41%|████      | 605/1488 [00:25<00:07, 117.38step/s][Origin 2/13] 🎲 Drawing Posterior Samples:  42%|████▏     | 620/1488 [00:25<00:06, 125.20step/s][Origin 2/13] 🎲 Drawing Posterior Samples:  43%|████▎     | 635/1488 [00:25<00:06, 131.05step/s][Origin 2/13] 🎲 Drawing Posterior Samples:  44%|████▎     | 650/1488 [00:25<00:06, 134.70step/s][Origin 2/13] 🎲 Drawing Posterior Samples:  45%|████▍     | 665/1488 [00:25<00:06, 135.53step/s][Origin 2/13] 🎲 Drawing Posterior Samples:  46%|████▌     | 680/1488 [00:25<00:05, 135.54step/s][Origin 2/13] 🎲 Drawing Posterior Samples:  47%|████▋     | 695/1488 [00:25<00:05, 136.61step/s][Origin 2/13] 🎲 Drawing Posterior Samples:  48%|████▊     | 710/1488 [00:26<00:10, 76.19step/s] [Origin 2/13] 🎲 Drawing Posterior Samples:  48%|████▊     | 721/1488 [00:27<00:33, 23.09step/s][Origin 2/13] 🎲 Drawing Posterior Samples:  49%|████▉     | 729/1488 [00:28<00:48, 15.52step/s][Origin 2/13] 🎲 Drawing Posterior Samples:  49%|████▉     | 735/1488 [00:29<00:59, 12.66step/s][Origin 2/13] 🎲 Drawing Posterior Samples:  50%|████▉     | 740/1488 [00:30<01:07, 11.04step/s][Origin 2/13] 🎲 Drawing Posterior Samples:  50%|█████     | 744/1488 [00:30<01:13, 10.15step/s][Origin 2/13] 🎲 Drawing Posterior Samples:  50%|█████     | 744/1488 [00:47<01:13, 10.15step/s][Origin 2/13] 🎲 Drawing Posterior Samples:  50%|█████     | 745/1488 [00:47<12:34,  1.02s/step][Origin 2/13] 🎲 Drawing Posterior Samples:  51%|█████     | 760/1488 [00:47<05:39,  2.14step/s][Origin 2/13] 🎲 Drawing Posterior Samples:  52%|█████▏    | 776/1488 [00:47<03:03,  3.87step/s][Origin 2/13] 🎲 Drawing Posterior Samples:  53%|█████▎    | 792/1488 [00:47<01:50,  6.28step/s][Origin 2/13] 🎲 Drawing Posterior Samples:  54%|█████▍    | 808/1488 [00:47<01:10,  9.58step/s][Origin 2/13] 🎲 Drawing Posterior Samples:  55%|█████▌    | 824/1488 [00:48<00:47, 14.04step/s][Origin 2/13] 🎲 Drawing Posterior Samples:  56%|█████▋    | 840/1488 [00:48<00:32, 19.95step/s][Origin 2/13] 🎲 Drawing Posterior Samples:  57%|█████▋    | 855/1488 [00:48<00:23, 27.09step/s][Origin 2/13] 🎲 Drawing Posterior Samples:  58%|█████▊    | 870/1488 [00:48<00:17, 36.01step/s][Origin 2/13] 🎲 Drawing Posterior Samples:  59%|█████▉    | 885/1488 [00:48<00:12, 46.59step/s][Origin 2/13] 🎲 Drawing Posterior Samples:  60%|██████    | 900/1488 [00:48<00:10, 58.17step/s][Origin 2/13] 🎲 Drawing Posterior Samples:  61%|██████▏   | 915/1488 [00:48<00:08, 70.20step/s][Origin 2/13] 🎲 Drawing Posterior Samples:  62%|██████▏   | 929/1488 [00:48<00:06, 81.70step/s][Origin 2/13] 🎲 Drawing Posterior Samples:  63%|██████▎   | 944/1488 [00:48<00:05, 93.93step/s][Origin 2/13] 🎲 Drawing Posterior Samples:  64%|██████▍   | 959/1488 [00:48<00:05, 105.39step/s][Origin 2/13] 🎲 Drawing Posterior Samples:  65%|██████▌   | 974/1488 [00:49<00:04, 115.41step/s][Origin 2/13] 🎲 Drawing Posterior Samples:  66%|██████▋   | 989/1488 [00:49<00:04, 123.68step/s][Origin 2/13] 🎲 Drawing Posterior Samples:  67%|██████▋   | 1004/1488 [00:49<00:03, 130.17step/s][Origin 2/13] 🎲 Drawing Posterior Samples:  68%|██████▊   | 1019/1488 [00:49<00:03, 134.63step/s][Origin 2/13] 🎲 Drawing Posterior Samples:  69%|██████▉   | 1034/1488 [00:49<00:03, 136.58step/s][Origin 2/13] 🎲 Drawing Posterior Samples:  70%|███████   | 1049/1488 [00:49<00:03, 136.41step/s][Origin 2/13] 🎲 Drawing Posterior Samples:  72%|███████▏  | 1064/1488 [00:49<00:03, 136.63step/s][Origin 2/13] 🎲 Drawing Posterior Samples:  73%|███████▎  | 1079/1488 [00:49<00:02, 137.25step/s][Origin 2/13] 🎲 Drawing Posterior Samples:  74%|███████▎  | 1094/1488 [00:52<00:20, 19.32step/s] [Origin 2/13] 🎲 Drawing Posterior Samples:  74%|███████▍  | 1104/1488 [00:53<00:28, 13.67step/s][Origin 2/13] 🎲 Drawing Posterior Samples:  75%|███████▍  | 1112/1488 [00:54<00:34, 10.78step/s][Origin 2/13] 🎲 Drawing Posterior Samples:  75%|███████▌  | 1116/1488 [01:07<00:34, 10.78step/s][Origin 2/13] 🎲 Drawing Posterior Samples:  75%|███████▌  | 1117/1488 [01:12<03:48,  1.62step/s][Origin 2/13] 🎲 Drawing Posterior Samples:  76%|███████▌  | 1133/1488 [01:12<02:09,  2.73step/s][Origin 2/13] 🎲 Drawing Posterior Samples:  77%|███████▋  | 1149/1488 [01:12<01:18,  4.30step/s][Origin 2/13] 🎲 Drawing Posterior Samples:  78%|███████▊  | 1165/1488 [01:12<00:49,  6.47step/s][Origin 2/13] 🎲 Drawing Posterior Samples:  79%|███████▉  | 1181/1488 [01:12<00:32,  9.48step/s][Origin 2/13] 🎲 Drawing Posterior Samples:  80%|████████  | 1196/1488 [01:13<00:21, 13.30step/s][Origin 2/13] 🎲 Drawing Posterior Samples:  81%|████████▏ | 1212/1488 [01:13<00:14, 18.75step/s][Origin 2/13] 🎲 Drawing Posterior Samples:  82%|████████▏ | 1227/1488 [01:13<00:10, 25.40step/s][Origin 2/13] 🎲 Drawing Posterior Samples:  84%|████████▎ | 1243/1488 [01:13<00:07, 34.33step/s][Origin 2/13] 🎲 Drawing Posterior Samples:  85%|████████▍ | 1258/1488 [01:13<00:05, 44.28step/s][Origin 2/13] 🎲 Drawing Posterior Samples:  86%|████████▌ | 1273/1488 [01:13<00:03, 55.34step/s][Origin 2/13] 🎲 Drawing Posterior Samples:  87%|████████▋ | 1288/1488 [01:13<00:02, 67.22step/s][Origin 2/13] 🎲 Drawing Posterior Samples:  88%|████████▊ | 1303/1488 [01:13<00:02, 79.41step/s][Origin 2/13] 🎲 Drawing Posterior Samples:  89%|████████▊ | 1318/1488 [01:13<00:01, 91.85step/s][Origin 2/13] 🎲 Drawing Posterior Samples:  90%|████████▉ | 1333/1488 [01:14<00:01, 103.17step/s][Origin 2/13] 🎲 Drawing Posterior Samples:  91%|█████████ | 1348/1488 [01:14<00:01, 113.51step/s][Origin 2/13] 🎲 Drawing Posterior Samples:  92%|█████████▏| 1363/1488 [01:14<00:01, 122.04step/s][Origin 2/13] 🎲 Drawing Posterior Samples:  93%|█████████▎| 1378/1488 [01:14<00:00, 128.74step/s][Origin 2/13] 🎲 Drawing Posterior Samples:  94%|█████████▎| 1393/1488 [01:14<00:00, 133.29step/s][Origin 2/13] 🎲 Drawing Posterior Samples:  95%|█████████▍| 1408/1488 [01:14<00:00, 135.29step/s][Origin 2/13] 🎲 Drawing Posterior Samples:  96%|█████████▌| 1423/1488 [01:14<00:00, 135.34step/s][Origin 2/13] 🎲 Drawing Posterior Samples:  97%|█████████▋| 1438/1488 [01:14<00:00, 135.19step/s][Origin 2/13] 🎲 Drawing Posterior Samples:  98%|█████████▊| 1452/1488 [01:14<00:00, 136.47step/s][Origin 2/13] 🎲 Drawing Posterior Samples:  99%|█████████▊| 1466/1488 [01:17<00:01, 17.83step/s] [Origin 2/13] 🎲 Drawing Posterior Samples:  99%|█████████▉| 1476/1488 [01:18<00:00, 12.81step/s][Origin 2/13] 🎲 Drawing Posterior Samples: 100%|█████████▉| 1484/1488 [01:20<00:00, 10.56step/s]                                                                                                 [Origin 3/13] 🎲 Drawing Posterior Samples:   0%|          | 0/1492 [00:00<?, ?step/s][Origin 3/13] 🎲 Drawing Posterior Samples:   1%|          | 16/1492 [00:00<00:09, 157.15step/s][Origin 3/13] 🎲 Drawing Posterior Samples:   2%|▏         | 32/1492 [00:00<00:09, 153.98step/s][Origin 3/13] 🎲 Drawing Posterior Samples:   3%|▎         | 48/1492 [00:00<00:09, 152.33step/s][Origin 3/13] 🎲 Drawing Posterior Samples:   4%|▍         | 64/1492 [00:00<00:09, 151.48step/s][Origin 3/13] 🎲 Drawing Posterior Samples:   5%|▌         | 80/1492 [00:00<00:09, 151.02step/s][Origin 3/13] 🎲 Drawing Posterior Samples:   6%|▋         | 96/1492 [00:00<00:09, 150.60step/s][Origin 3/13] 🎲 Drawing Posterior Samples:   8%|▊         | 112/1492 [00:00<00:09, 150.19step/s][Origin 3/13] 🎲 Drawing Posterior Samples:   9%|▊         | 128/1492 [00:00<00:09, 149.65step/s][Origin 3/13] 🎲 Drawing Posterior Samples:  10%|▉         | 143/1492 [00:00<00:09, 146.15step/s][Origin 3/13] 🎲 Drawing Posterior Samples:  11%|█         | 158/1492 [00:01<00:09, 142.63step/s][Origin 3/13] 🎲 Drawing Posterior Samples:  12%|█▏        | 173/1492 [00:01<00:09, 140.43step/s][Origin 3/13] 🎲 Drawing Posterior Samples:  13%|█▎        | 188/1492 [00:01<00:09, 139.53step/s][Origin 3/13] 🎲 Drawing Posterior Samples:  14%|█▎        | 203/1492 [00:01<00:09, 141.32step/s][Origin 3/13] 🎲 Drawing Posterior Samples:  15%|█▍        | 218/1492 [00:01<00:08, 142.71step/s][Origin 3/13] 🎲 Drawing Posterior Samples:  16%|█▌        | 233/1492 [00:01<00:08, 143.66step/s][Origin 3/13] 🎲 Drawing Posterior Samples:  17%|█▋        | 248/1492 [00:01<00:08, 144.96step/s][Origin 3/13] 🎲 Drawing Posterior Samples:  18%|█▊        | 263/1492 [00:01<00:08, 145.84step/s][Origin 3/13] 🎲 Drawing Posterior Samples:  19%|█▊        | 278/1492 [00:01<00:08, 144.85step/s][Origin 3/13] 🎲 Drawing Posterior Samples:  20%|█▉        | 293/1492 [00:02<00:08, 142.78step/s][Origin 3/13] 🎲 Drawing Posterior Samples:  21%|██        | 308/1492 [00:02<00:08, 140.52step/s][Origin 3/13] 🎲 Drawing Posterior Samples:  22%|██▏       | 323/1492 [00:02<00:08, 138.95step/s][Origin 3/13] 🎲 Drawing Posterior Samples:  23%|██▎       | 337/1492 [00:02<00:08, 139.05step/s][Origin 3/13] 🎲 Drawing Posterior Samples:  24%|██▎       | 351/1492 [00:05<01:11, 16.01step/s] [Origin 3/13] 🎲 Drawing Posterior Samples:  24%|██▍       | 361/1492 [00:07<01:56,  9.73step/s][Origin 3/13] 🎲 Drawing Posterior Samples:  25%|██▍       | 369/1492 [00:09<02:23,  7.82step/s][Origin 3/13] 🎲 Drawing Posterior Samples:  25%|██▌       | 373/1492 [00:20<02:23,  7.82step/s][Origin 3/13] 🎲 Drawing Posterior Samples:  25%|██▌       | 374/1492 [00:27<12:23,  1.50step/s][Origin 3/13] 🎲 Drawing Posterior Samples:  26%|██▌       | 390/1492 [00:27<07:11,  2.56step/s][Origin 3/13] 🎲 Drawing Posterior Samples:  27%|██▋       | 406/1492 [00:27<04:29,  4.04step/s][Origin 3/13] 🎲 Drawing Posterior Samples:  28%|██▊       | 422/1492 [00:27<02:55,  6.10step/s][Origin 3/13] 🎲 Drawing Posterior Samples:  29%|██▉       | 438/1492 [00:27<01:57,  8.95step/s][Origin 3/13] 🎲 Drawing Posterior Samples:  30%|███       | 454/1492 [00:27<01:20, 12.83step/s][Origin 3/13] 🎲 Drawing Posterior Samples:  32%|███▏      | 470/1492 [00:27<00:56, 18.03step/s][Origin 3/13] 🎲 Drawing Posterior Samples:  33%|███▎      | 486/1492 [00:27<00:40, 24.80step/s][Origin 3/13] 🎲 Drawing Posterior Samples:  34%|███▎      | 502/1492 [00:28<00:29, 33.35step/s][Origin 3/13] 🎲 Drawing Posterior Samples:  35%|███▍      | 517/1492 [00:28<00:22, 42.91step/s][Origin 3/13] 🎲 Drawing Posterior Samples:  36%|███▌      | 532/1492 [00:28<00:17, 53.80step/s][Origin 3/13] 🎲 Drawing Posterior Samples:  37%|███▋      | 547/1492 [00:28<00:14, 65.57step/s][Origin 3/13] 🎲 Drawing Posterior Samples:  38%|███▊      | 562/1492 [00:28<00:11, 77.85step/s][Origin 3/13] 🎲 Drawing Posterior Samples:  39%|███▊      | 577/1492 [00:28<00:10, 90.41step/s][Origin 3/13] 🎲 Drawing Posterior Samples:  40%|███▉      | 592/1492 [00:28<00:08, 102.22step/s][Origin 3/13] 🎲 Drawing Posterior Samples:  41%|████      | 607/1492 [00:28<00:07, 112.66step/s][Origin 3/13] 🎲 Drawing Posterior Samples:  42%|████▏     | 622/1492 [00:28<00:07, 121.56step/s][Origin 3/13] 🎲 Drawing Posterior Samples:  43%|████▎     | 637/1492 [00:28<00:06, 128.57step/s][Origin 3/13] 🎲 Drawing Posterior Samples:  44%|████▎     | 652/1492 [00:29<00:06, 133.05step/s][Origin 3/13] 🎲 Drawing Posterior Samples:  45%|████▍     | 667/1492 [00:29<00:06, 134.85step/s][Origin 3/13] 🎲 Drawing Posterior Samples:  46%|████▌     | 682/1492 [00:29<00:05, 135.41step/s][Origin 3/13] 🎲 Drawing Posterior Samples:  47%|████▋     | 697/1492 [00:29<00:05, 136.31step/s][Origin 3/13] 🎲 Drawing Posterior Samples:  48%|████▊     | 712/1492 [00:29<00:09, 80.12step/s] [Origin 3/13] 🎲 Drawing Posterior Samples:  49%|████▊     | 724/1492 [00:31<00:32, 23.41step/s][Origin 3/13] 🎲 Drawing Posterior Samples:  49%|████▉     | 732/1492 [00:32<00:52, 14.56step/s][Origin 3/13] 🎲 Drawing Posterior Samples:  49%|████▉     | 738/1492 [00:33<01:02, 11.99step/s][Origin 3/13] 🎲 Drawing Posterior Samples:  50%|████▉     | 743/1492 [00:34<01:11, 10.54step/s][Origin 3/13] 🎲 Drawing Posterior Samples:  50%|█████     | 747/1492 [00:48<07:56,  1.56step/s][Origin 3/13] 🎲 Drawing Posterior Samples:  51%|█████     | 763/1492 [00:48<04:03,  3.00step/s][Origin 3/13] 🎲 Drawing Posterior Samples:  52%|█████▏    | 779/1492 [00:48<02:22,  5.00step/s][Origin 3/13] 🎲 Drawing Posterior Samples:  53%|█████▎    | 795/1492 [00:48<01:29,  7.77step/s][Origin 3/13] 🎲 Drawing Posterior Samples:  54%|█████▍    | 811/1492 [00:48<00:59, 11.54step/s][Origin 3/13] 🎲 Drawing Posterior Samples:  55%|█████▌    | 827/1492 [00:48<00:40, 16.60step/s][Origin 3/13] 🎲 Drawing Posterior Samples:  57%|█████▋    | 843/1492 [00:48<00:27, 23.22step/s][Origin 3/13] 🎲 Drawing Posterior Samples:  58%|█████▊    | 859/1492 [00:48<00:20, 31.63step/s][Origin 3/13] 🎲 Drawing Posterior Samples:  59%|█████▊    | 875/1492 [00:48<00:14, 41.87step/s][Origin 3/13] 🎲 Drawing Posterior Samples:  60%|█████▉    | 890/1492 [00:49<00:11, 52.86step/s][Origin 3/13] 🎲 Drawing Posterior Samples:  61%|██████    | 905/1492 [00:49<00:09, 64.52step/s][Origin 3/13] 🎲 Drawing Posterior Samples:  62%|██████▏   | 920/1492 [00:49<00:07, 76.47step/s][Origin 3/13] 🎲 Drawing Posterior Samples:  63%|██████▎   | 935/1492 [00:49<00:06, 88.29step/s][Origin 3/13] 🎲 Drawing Posterior Samples:  64%|██████▎   | 950/1492 [00:49<00:05, 99.97step/s][Origin 3/13] 🎲 Drawing Posterior Samples:  65%|██████▍   | 965/1492 [00:49<00:04, 110.55step/s][Origin 3/13] 🎲 Drawing Posterior Samples:  66%|██████▌   | 980/1492 [00:49<00:04, 119.55step/s][Origin 3/13] 🎲 Drawing Posterior Samples:  67%|██████▋   | 995/1492 [00:49<00:03, 127.13step/s][Origin 3/13] 🎲 Drawing Posterior Samples:  68%|██████▊   | 1010/1492 [00:49<00:03, 133.02step/s][Origin 3/13] 🎲 Drawing Posterior Samples:  69%|██████▊   | 1025/1492 [00:49<00:03, 136.61step/s][Origin 3/13] 🎲 Drawing Posterior Samples:  70%|██████▉   | 1040/1492 [00:50<00:03, 137.30step/s][Origin 3/13] 🎲 Drawing Posterior Samples:  71%|███████   | 1055/1492 [00:50<00:03, 137.15step/s][Origin 3/13] 🎲 Drawing Posterior Samples:  72%|███████▏  | 1070/1492 [00:50<00:03, 137.00step/s][Origin 3/13] 🎲 Drawing Posterior Samples:  73%|███████▎  | 1085/1492 [00:50<00:05, 79.30step/s] [Origin 3/13] 🎲 Drawing Posterior Samples:  74%|███████▎  | 1097/1492 [00:52<00:16, 23.33step/s][Origin 3/13] 🎲 Drawing Posterior Samples:  74%|███████▍  | 1105/1492 [00:53<00:24, 15.91step/s][Origin 3/13] 🎲 Drawing Posterior Samples:  74%|███████▍  | 1111/1492 [00:54<00:29, 12.80step/s][Origin 3/13] 🎲 Drawing Posterior Samples:  75%|███████▍  | 1116/1492 [00:55<00:34, 10.76step/s][Origin 3/13] 🎲 Drawing Posterior Samples:  75%|███████▌  | 1120/1492 [01:09<04:01,  1.54step/s][Origin 3/13] 🎲 Drawing Posterior Samples:  76%|███████▌  | 1136/1492 [01:09<02:00,  2.95step/s][Origin 3/13] 🎲 Drawing Posterior Samples:  77%|███████▋  | 1152/1492 [01:09<01:09,  4.92step/s][Origin 3/13] 🎲 Drawing Posterior Samples:  78%|███████▊  | 1168/1492 [01:09<00:42,  7.64step/s][Origin 3/13] 🎲 Drawing Posterior Samples:  79%|███████▉  | 1184/1492 [01:09<00:27, 11.36step/s][Origin 3/13] 🎲 Drawing Posterior Samples:  80%|████████  | 1200/1492 [01:09<00:17, 16.35step/s][Origin 3/13] 🎲 Drawing Posterior Samples:  82%|████████▏ | 1216/1492 [01:09<00:12, 22.89step/s][Origin 3/13] 🎲 Drawing Posterior Samples:  83%|████████▎ | 1232/1492 [01:09<00:08, 31.19step/s][Origin 3/13] 🎲 Drawing Posterior Samples:  84%|████████▎ | 1248/1492 [01:09<00:05, 41.33step/s][Origin 3/13] 🎲 Drawing Posterior Samples:  85%|████████▍ | 1263/1492 [01:10<00:04, 52.30step/s][Origin 3/13] 🎲 Drawing Posterior Samples:  86%|████████▌ | 1278/1492 [01:10<00:03, 63.98step/s][Origin 3/13] 🎲 Drawing Posterior Samples:  87%|████████▋ | 1293/1492 [01:10<00:02, 76.00step/s][Origin 3/13] 🎲 Drawing Posterior Samples:  88%|████████▊ | 1308/1492 [01:10<00:02, 86.74step/s][Origin 3/13] 🎲 Drawing Posterior Samples:  89%|████████▊ | 1323/1492 [01:10<00:01, 98.91step/s][Origin 3/13] 🎲 Drawing Posterior Samples:  90%|████████▉ | 1338/1492 [01:10<00:01, 109.96step/s][Origin 3/13] 🎲 Drawing Posterior Samples:  91%|█████████ | 1353/1492 [01:10<00:01, 119.18step/s][Origin 3/13] 🎲 Drawing Posterior Samples:  92%|█████████▏| 1368/1492 [01:10<00:00, 126.46step/s][Origin 3/13] 🎲 Drawing Posterior Samples:  93%|█████████▎| 1383/1492 [01:10<00:00, 132.09step/s][Origin 3/13] 🎲 Drawing Posterior Samples:  94%|█████████▎| 1398/1492 [01:11<00:00, 136.09step/s][Origin 3/13] 🎲 Drawing Posterior Samples:  95%|█████████▍| 1413/1492 [01:11<00:00, 137.29step/s][Origin 3/13] 🎲 Drawing Posterior Samples:  96%|█████████▌| 1428/1492 [01:11<00:00, 137.19step/s][Origin 3/13] 🎲 Drawing Posterior Samples:  97%|█████████▋| 1443/1492 [01:11<00:00, 136.90step/s][Origin 3/13] 🎲 Drawing Posterior Samples:  98%|█████████▊| 1458/1492 [01:11<00:00, 76.05step/s] [Origin 3/13] 🎲 Drawing Posterior Samples:  98%|█████████▊| 1469/1492 [01:13<00:01, 19.73step/s][Origin 3/13] 🎲 Drawing Posterior Samples:  99%|█████████▉| 1477/1492 [01:15<00:01, 12.81step/s][Origin 3/13] 🎲 Drawing Posterior Samples:  99%|█████████▉| 1483/1492 [01:16<00:00, 10.35step/s][Origin 3/13] 🎲 Drawing Posterior Samples: 100%|█████████▉| 1488/1492 [01:17<00:00,  9.26step/s][Origin 3/13] 🎲 Drawing Posterior Samples: 100%|██████████| 1492/1492 [01:17<00:00,  8.79step/s][Origin 3/13] 🎲 Drawing Posterior Samples: 100%|██████████| 1492/1492 [01:30<00:00,  8.79step/s]                                                                                                 [Origin 4/13] 🎲 Drawing Posterior Samples:   0%|          | 0/1496 [00:00<?, ?step/s][Origin 4/13] 🎲 Drawing Posterior Samples:   1%|          | 16/1496 [00:00<00:09, 156.47step/s][Origin 4/13] 🎲 Drawing Posterior Samples:   2%|▏         | 32/1496 [00:00<00:09, 153.79step/s][Origin 4/13] 🎲 Drawing Posterior Samples:   3%|▎         | 48/1496 [00:00<00:09, 153.23step/s][Origin 4/13] 🎲 Drawing Posterior Samples:   4%|▍         | 64/1496 [00:00<00:09, 152.43step/s][Origin 4/13] 🎲 Drawing Posterior Samples:   5%|▌         | 80/1496 [00:00<00:09, 151.96step/s][Origin 4/13] 🎲 Drawing Posterior Samples:   6%|▋         | 96/1496 [00:00<00:09, 151.43step/s][Origin 4/13] 🎲 Drawing Posterior Samples:   7%|▋         | 112/1496 [00:00<00:09, 151.03step/s][Origin 4/13] 🎲 Drawing Posterior Samples:   9%|▊         | 128/1496 [00:00<00:09, 150.79step/s][Origin 4/13] 🎲 Drawing Posterior Samples:  10%|▉         | 144/1496 [00:00<00:09, 147.79step/s][Origin 4/13] 🎲 Drawing Posterior Samples:  11%|█         | 159/1496 [00:01<00:09, 144.38step/s][Origin 4/13] 🎲 Drawing Posterior Samples:  12%|█▏        | 174/1496 [00:01<00:09, 142.18step/s][Origin 4/13] 🎲 Drawing Posterior Samples:  13%|█▎        | 189/1496 [00:01<00:09, 141.42step/s][Origin 4/13] 🎲 Drawing Posterior Samples:  14%|█▎        | 204/1496 [00:01<00:09, 142.82step/s][Origin 4/13] 🎲 Drawing Posterior Samples:  15%|█▍        | 219/1496 [00:01<00:08, 144.39step/s][Origin 4/13] 🎲 Drawing Posterior Samples:  16%|█▌        | 234/1496 [00:01<00:08, 145.64step/s][Origin 4/13] 🎲 Drawing Posterior Samples:  17%|█▋        | 249/1496 [00:01<00:08, 146.66step/s][Origin 4/13] 🎲 Drawing Posterior Samples:  18%|█▊        | 264/1496 [00:01<00:08, 147.23step/s][Origin 4/13] 🎲 Drawing Posterior Samples:  19%|█▊        | 279/1496 [00:01<00:08, 146.63step/s][Origin 4/13] 🎲 Drawing Posterior Samples:  20%|█▉        | 294/1496 [00:02<00:08, 144.22step/s][Origin 4/13] 🎲 Drawing Posterior Samples:  21%|██        | 309/1496 [00:02<00:08, 142.05step/s][Origin 4/13] 🎲 Drawing Posterior Samples:  22%|██▏       | 324/1496 [00:02<00:08, 140.35step/s][Origin 4/13] 🎲 Drawing Posterior Samples:  23%|██▎       | 339/1496 [00:02<00:11, 99.13step/s] [Origin 4/13] 🎲 Drawing Posterior Samples:  23%|██▎       | 351/1496 [00:04<01:01, 18.77step/s][Origin 4/13] 🎲 Drawing Posterior Samples:  24%|██▍       | 360/1496 [00:07<01:52, 10.14step/s][Origin 4/13] 🎲 Drawing Posterior Samples:  24%|██▍       | 366/1496 [00:08<02:15,  8.32step/s][Origin 4/13] 🎲 Drawing Posterior Samples:  25%|██▍       | 371/1496 [00:09<02:32,  7.36step/s][Origin 4/13] 🎲 Drawing Posterior Samples:  25%|██▌       | 375/1496 [00:23<12:55,  1.45step/s][Origin 4/13] 🎲 Drawing Posterior Samples:  26%|██▌       | 390/1496 [00:23<06:53,  2.67step/s][Origin 4/13] 🎲 Drawing Posterior Samples:  27%|██▋       | 406/1496 [00:23<04:02,  4.50step/s][Origin 4/13] 🎲 Drawing Posterior Samples:  28%|██▊       | 422/1496 [00:24<02:32,  7.04step/s][Origin 4/13] 🎲 Drawing Posterior Samples:  29%|██▉       | 438/1496 [00:24<01:40, 10.52step/s][Origin 4/13] 🎲 Drawing Posterior Samples:  30%|███       | 454/1496 [00:24<01:08, 15.21step/s][Origin 4/13] 🎲 Drawing Posterior Samples:  31%|███▏      | 470/1496 [00:24<00:47, 21.39step/s][Origin 4/13] 🎲 Drawing Posterior Samples:  32%|███▏      | 486/1496 [00:24<00:34, 29.29step/s][Origin 4/13] 🎲 Drawing Posterior Samples:  34%|███▎      | 502/1496 [00:24<00:25, 39.03step/s][Origin 4/13] 🎲 Drawing Posterior Samples:  35%|███▍      | 517/1496 [00:24<00:19, 49.59step/s][Origin 4/13] 🎲 Drawing Posterior Samples:  36%|███▌      | 532/1496 [00:24<00:15, 61.12step/s][Origin 4/13] 🎲 Drawing Posterior Samples:  37%|███▋      | 547/1496 [00:24<00:12, 73.04step/s][Origin 4/13] 🎲 Drawing Posterior Samples:  38%|███▊      | 561/1496 [00:25<00:11, 84.41step/s][Origin 4/13] 🎲 Drawing Posterior Samples:  39%|███▊      | 576/1496 [00:25<00:09, 96.33step/s][Origin 4/13] 🎲 Drawing Posterior Samples:  40%|███▉      | 591/1496 [00:25<00:08, 107.56step/s][Origin 4/13] 🎲 Drawing Posterior Samples:  41%|████      | 606/1496 [00:25<00:07, 117.03step/s][Origin 4/13] 🎲 Drawing Posterior Samples:  42%|████▏     | 621/1496 [00:25<00:07, 124.86step/s][Origin 4/13] 🎲 Drawing Posterior Samples:  43%|████▎     | 636/1496 [00:25<00:06, 131.11step/s][Origin 4/13] 🎲 Drawing Posterior Samples:  44%|████▎     | 651/1496 [00:25<00:06, 135.11step/s][Origin 4/13] 🎲 Drawing Posterior Samples:  45%|████▍     | 666/1496 [00:25<00:06, 136.40step/s][Origin 4/13] 🎲 Drawing Posterior Samples:  46%|████▌     | 681/1496 [00:25<00:05, 136.50step/s][Origin 4/13] 🎲 Drawing Posterior Samples:  47%|████▋     | 696/1496 [00:25<00:05, 136.77step/s][Origin 4/13] 🎲 Drawing Posterior Samples:  48%|████▊     | 711/1496 [00:26<00:05, 137.69step/s][Origin 4/13] 🎲 Drawing Posterior Samples:  49%|████▊     | 726/1496 [00:28<00:37, 20.76step/s] [Origin 4/13] 🎲 Drawing Posterior Samples:  49%|████▉     | 737/1496 [00:30<01:00, 12.47step/s][Origin 4/13] 🎲 Drawing Posterior Samples:  50%|████▉     | 745/1496 [00:31<01:11, 10.54step/s][Origin 4/13] 🎲 Drawing Posterior Samples:  50%|█████     | 748/1496 [00:44<01:10, 10.54step/s][Origin 4/13] 🎲 Drawing Posterior Samples:  50%|█████     | 749/1496 [00:50<08:35,  1.45step/s][Origin 4/13] 🎲 Drawing Posterior Samples:  51%|█████     | 765/1496 [00:51<04:56,  2.47step/s][Origin 4/13] 🎲 Drawing Posterior Samples:  52%|█████▏    | 781/1496 [00:51<03:03,  3.89step/s][Origin 4/13] 🎲 Drawing Posterior Samples:  53%|█████▎    | 797/1496 [00:51<01:58,  5.88step/s][Origin 4/13] 🎲 Drawing Posterior Samples:  54%|█████▍    | 813/1496 [00:51<01:19,  8.64step/s][Origin 4/13] 🎲 Drawing Posterior Samples:  55%|█████▌    | 829/1496 [00:51<00:53, 12.39step/s][Origin 4/13] 🎲 Drawing Posterior Samples:  56%|█████▋    | 845/1496 [00:51<00:37, 17.42step/s][Origin 4/13] 🎲 Drawing Posterior Samples:  58%|█████▊    | 861/1496 [00:51<00:26, 24.01step/s][Origin 4/13] 🎲 Drawing Posterior Samples:  59%|█████▊    | 877/1496 [00:51<00:19, 32.35step/s][Origin 4/13] 🎲 Drawing Posterior Samples:  60%|█████▉    | 892/1496 [00:51<00:14, 41.70step/s][Origin 4/13] 🎲 Drawing Posterior Samples:  61%|██████    | 907/1496 [00:52<00:11, 52.40step/s][Origin 4/13] 🎲 Drawing Posterior Samples:  62%|██████▏   | 922/1496 [00:52<00:08, 64.09step/s][Origin 4/13] 🎲 Drawing Posterior Samples:  63%|██████▎   | 937/1496 [00:52<00:07, 76.51step/s][Origin 4/13] 🎲 Drawing Posterior Samples:  64%|██████▎   | 952/1496 [00:52<00:06, 89.16step/s][Origin 4/13] 🎲 Drawing Posterior Samples:  65%|██████▍   | 967/1496 [00:52<00:05, 101.00step/s][Origin 4/13] 🎲 Drawing Posterior Samples:  66%|██████▌   | 982/1496 [00:52<00:04, 111.68step/s][Origin 4/13] 🎲 Drawing Posterior Samples:  67%|██████▋   | 997/1496 [00:52<00:04, 120.49step/s][Origin 4/13] 🎲 Drawing Posterior Samples:  68%|██████▊   | 1012/1496 [00:52<00:03, 127.48step/s][Origin 4/13] 🎲 Drawing Posterior Samples:  69%|██████▊   | 1027/1496 [00:52<00:03, 132.31step/s][Origin 4/13] 🎲 Drawing Posterior Samples:  70%|██████▉   | 1042/1496 [00:52<00:03, 134.43step/s][Origin 4/13] 🎲 Drawing Posterior Samples:  71%|███████   | 1057/1496 [00:53<00:03, 135.11step/s][Origin 4/13] 🎲 Drawing Posterior Samples:  72%|███████▏  | 1072/1496 [00:53<00:03, 135.82step/s][Origin 4/13] 🎲 Drawing Posterior Samples:  73%|███████▎  | 1087/1496 [00:53<00:03, 106.31step/s][Origin 4/13] 🎲 Drawing Posterior Samples:  73%|███████▎  | 1099/1496 [00:55<00:16, 23.66step/s] [Origin 4/13] 🎲 Drawing Posterior Samples:  74%|███████▍  | 1108/1496 [00:56<00:25, 15.48step/s][Origin 4/13] 🎲 Drawing Posterior Samples:  75%|███████▍  | 1115/1496 [00:57<00:30, 12.50step/s][Origin 4/13] 🎲 Drawing Posterior Samples:  75%|███████▍  | 1120/1496 [00:58<00:34, 11.03step/s][Origin 4/13] 🎲 Drawing Posterior Samples:  75%|███████▌  | 1124/1496 [01:11<03:51,  1.61step/s][Origin 4/13] 🎲 Drawing Posterior Samples:  76%|███████▌  | 1140/1496 [01:12<01:57,  3.03step/s][Origin 4/13] 🎲 Drawing Posterior Samples:  77%|███████▋  | 1156/1496 [01:12<01:07,  5.01step/s][Origin 4/13] 🎲 Drawing Posterior Samples:  78%|███████▊  | 1172/1496 [01:12<00:41,  7.76step/s][Origin 4/13] 🎲 Drawing Posterior Samples:  79%|███████▉  | 1188/1496 [01:12<00:26, 11.51step/s][Origin 4/13] 🎲 Drawing Posterior Samples:  80%|████████  | 1204/1496 [01:12<00:17, 16.53step/s][Origin 4/13] 🎲 Drawing Posterior Samples:  82%|████████▏ | 1220/1496 [01:12<00:11, 23.10step/s][Origin 4/13] 🎲 Drawing Posterior Samples:  83%|████████▎ | 1236/1496 [01:12<00:08, 31.45step/s][Origin 4/13] 🎲 Drawing Posterior Samples:  84%|████████▎ | 1252/1496 [01:12<00:05, 41.64step/s][Origin 4/13] 🎲 Drawing Posterior Samples:  85%|████████▍ | 1267/1496 [01:12<00:04, 52.38step/s][Origin 4/13] 🎲 Drawing Posterior Samples:  86%|████████▌ | 1282/1496 [01:12<00:03, 64.03step/s][Origin 4/13] 🎲 Drawing Posterior Samples:  87%|████████▋ | 1297/1496 [01:13<00:02, 75.90step/s][Origin 4/13] 🎲 Drawing Posterior Samples:  88%|████████▊ | 1312/1496 [01:13<00:02, 87.98step/s][Origin 4/13] 🎲 Drawing Posterior Samples:  89%|████████▊ | 1327/1496 [01:13<00:01, 99.90step/s][Origin 4/13] 🎲 Drawing Posterior Samples:  90%|████████▉ | 1342/1496 [01:13<00:01, 110.48step/s][Origin 4/13] 🎲 Drawing Posterior Samples:  91%|█████████ | 1357/1496 [01:13<00:01, 119.59step/s][Origin 4/13] 🎲 Drawing Posterior Samples:  92%|█████████▏| 1372/1496 [01:13<00:00, 126.88step/s][Origin 4/13] 🎲 Drawing Posterior Samples:  93%|█████████▎| 1387/1496 [01:13<00:00, 132.37step/s][Origin 4/13] 🎲 Drawing Posterior Samples:  94%|█████████▎| 1402/1496 [01:13<00:00, 135.80step/s][Origin 4/13] 🎲 Drawing Posterior Samples:  95%|█████████▍| 1417/1496 [01:13<00:00, 136.72step/s][Origin 4/13] 🎲 Drawing Posterior Samples:  96%|█████████▌| 1432/1496 [01:14<00:00, 136.63step/s][Origin 4/13] 🎲 Drawing Posterior Samples:  97%|█████████▋| 1447/1496 [01:14<00:00, 136.62step/s][Origin 4/13] 🎲 Drawing Posterior Samples:  98%|█████████▊| 1462/1496 [01:14<00:00, 76.62step/s] [Origin 4/13] 🎲 Drawing Posterior Samples:  98%|█████████▊| 1473/1496 [01:16<00:01, 19.65step/s][Origin 4/13] 🎲 Drawing Posterior Samples:  99%|█████████▉| 1481/1496 [01:17<00:01, 13.80step/s][Origin 4/13] 🎲 Drawing Posterior Samples:  99%|█████████▉| 1487/1496 [01:18<00:00, 11.90step/s][Origin 4/13] 🎲 Drawing Posterior Samples: 100%|█████████▉| 1492/1496 [01:19<00:00, 10.55step/s][Origin 4/13] 🎲 Drawing Posterior Samples: 100%|██████████| 1496/1496 [01:19<00:00,  9.72step/s][Origin 4/13] 🎲 Drawing Posterior Samples: 100%|██████████| 1496/1496 [01:34<00:00,  9.72step/s]                                                                                                 [Origin 5/13] 🎲 Drawing Posterior Samples:   0%|          | 0/1500 [00:00<?, ?step/s][Origin 5/13] 🎲 Drawing Posterior Samples:   1%|          | 14/1500 [00:00<00:10, 137.66step/s][Origin 5/13] 🎲 Drawing Posterior Samples:   2%|▏         | 28/1500 [00:00<00:11, 131.62step/s][Origin 5/13] 🎲 Drawing Posterior Samples:   3%|▎         | 42/1500 [00:00<00:11, 129.21step/s][Origin 5/13] 🎲 Drawing Posterior Samples:   4%|▎         | 55/1500 [00:00<00:11, 128.31step/s][Origin 5/13] 🎲 Drawing Posterior Samples:   5%|▍         | 68/1500 [00:00<00:11, 128.39step/s][Origin 5/13] 🎲 Drawing Posterior Samples:   5%|▌         | 81/1500 [00:00<00:11, 127.89step/s][Origin 5/13] 🎲 Drawing Posterior Samples:   6%|▋         | 94/1500 [00:00<00:11, 127.14step/s][Origin 5/13] 🎲 Drawing Posterior Samples:   7%|▋         | 107/1500 [00:00<00:11, 126.55step/s][Origin 5/13] 🎲 Drawing Posterior Samples:   8%|▊         | 120/1500 [00:00<00:11, 125.36step/s][Origin 5/13] 🎲 Drawing Posterior Samples:   9%|▉         | 133/1500 [00:01<00:10, 124.31step/s][Origin 5/13] 🎲 Drawing Posterior Samples:  10%|▉         | 146/1500 [00:01<00:10, 125.09step/s][Origin 5/13] 🎲 Drawing Posterior Samples:  11%|█         | 159/1500 [00:01<00:10, 124.10step/s][Origin 5/13] 🎲 Drawing Posterior Samples:  11%|█▏        | 172/1500 [00:01<00:10, 124.63step/s][Origin 5/13] 🎲 Drawing Posterior Samples:  12%|█▏        | 185/1500 [00:01<00:10, 125.33step/s][Origin 5/13] 🎲 Drawing Posterior Samples:  13%|█▎        | 198/1500 [00:01<00:10, 125.44step/s][Origin 5/13] 🎲 Drawing Posterior Samples:  14%|█▍        | 211/1500 [00:01<00:10, 125.27step/s][Origin 5/13] 🎲 Drawing Posterior Samples:  15%|█▍        | 224/1500 [00:01<00:10, 123.86step/s][Origin 5/13] 🎲 Drawing Posterior Samples:  16%|█▌        | 237/1500 [00:01<00:10, 124.19step/s][Origin 5/13] 🎲 Drawing Posterior Samples:  17%|█▋        | 250/1500 [00:01<00:10, 123.03step/s][Origin 5/13] 🎲 Drawing Posterior Samples:  18%|█▊        | 263/1500 [00:02<00:10, 123.54step/s][Origin 5/13] 🎲 Drawing Posterior Samples:  18%|█▊        | 276/1500 [00:02<00:09, 123.94step/s][Origin 5/13] 🎲 Drawing Posterior Samples:  19%|█▉        | 289/1500 [00:02<00:09, 124.49step/s][Origin 5/13] 🎲 Drawing Posterior Samples:  20%|██        | 302/1500 [00:02<00:09, 123.46step/s][Origin 5/13] 🎲 Drawing Posterior Samples:  21%|██        | 315/1500 [00:02<00:09, 124.25step/s][Origin 5/13] 🎲 Drawing Posterior Samples:  22%|██▏       | 328/1500 [00:02<00:09, 124.35step/s][Origin 5/13] 🎲 Drawing Posterior Samples:  23%|██▎       | 341/1500 [00:03<00:17, 66.98step/s] [Origin 5/13] 🎲 Drawing Posterior Samples:  23%|██▎       | 351/1500 [00:05<01:22, 13.94step/s][Origin 5/13] 🎲 Drawing Posterior Samples:  24%|██▍       | 358/1500 [00:07<02:05,  9.10step/s][Origin 5/13] 🎲 Drawing Posterior Samples:  24%|██▍       | 363/1500 [00:08<02:33,  7.42step/s][Origin 5/13] 🎲 Drawing Posterior Samples:  24%|██▍       | 367/1500 [00:09<02:58,  6.34step/s][Origin 5/13] 🎲 Drawing Posterior Samples:  25%|██▍       | 370/1500 [00:10<03:17,  5.71step/s][Origin 5/13] 🎲 Drawing Posterior Samples:  25%|██▍       | 372/1500 [00:11<03:27,  5.45step/s][Origin 5/13] 🎲 Drawing Posterior Samples:  25%|██▍       | 374/1500 [00:11<03:41,  5.07step/s][Origin 5/13] 🎲 Drawing Posterior Samples:  25%|██▌       | 375/1500 [00:21<03:41,  5.07step/s][Origin 5/13] 🎲 Drawing Posterior Samples:  25%|██▌       | 376/1500 [00:26<28:28,  1.52s/step][Origin 5/13] 🎲 Drawing Posterior Samples:  26%|██▌       | 392/1500 [00:27<09:23,  1.97step/s][Origin 5/13] 🎲 Drawing Posterior Samples:  27%|██▋       | 408/1500 [00:27<04:47,  3.79step/s][Origin 5/13] 🎲 Drawing Posterior Samples:  28%|██▊       | 424/1500 [00:27<02:50,  6.33step/s][Origin 5/13] 🎲 Drawing Posterior Samples:  29%|██▉       | 440/1500 [00:27<01:48,  9.80step/s][Origin 5/13] 🎲 Drawing Posterior Samples:  30%|███       | 455/1500 [00:27<01:13, 14.20step/s][Origin 5/13] 🎲 Drawing Posterior Samples:  31%|███▏      | 470/1500 [00:27<00:51, 20.02step/s][Origin 5/13] 🎲 Drawing Posterior Samples:  32%|███▏      | 485/1500 [00:27<00:36, 27.51step/s][Origin 5/13] 🎲 Drawing Posterior Samples:  33%|███▎      | 500/1500 [00:27<00:27, 36.82step/s][Origin 5/13] 🎲 Drawing Posterior Samples:  34%|███▍      | 515/1500 [00:27<00:20, 47.50step/s][Origin 5/13] 🎲 Drawing Posterior Samples:  35%|███▌      | 530/1500 [00:28<00:16, 59.21step/s][Origin 5/13] 🎲 Drawing Posterior Samples:  36%|███▋      | 544/1500 [00:28<00:13, 70.72step/s][Origin 5/13] 🎲 Drawing Posterior Samples:  37%|███▋      | 558/1500 [00:28<00:11, 82.31step/s][Origin 5/13] 🎲 Drawing Posterior Samples:  38%|███▊      | 573/1500 [00:28<00:09, 94.98step/s][Origin 5/13] 🎲 Drawing Posterior Samples:  39%|███▉      | 588/1500 [00:28<00:08, 106.43step/s][Origin 5/13] 🎲 Drawing Posterior Samples:  40%|████      | 603/1500 [00:28<00:07, 116.44step/s][Origin 5/13] 🎲 Drawing Posterior Samples:  41%|████      | 618/1500 [00:28<00:07, 124.52step/s][Origin 5/13] 🎲 Drawing Posterior Samples:  42%|████▏     | 633/1500 [00:28<00:06, 130.86step/s][Origin 5/13] 🎲 Drawing Posterior Samples:  43%|████▎     | 648/1500 [00:28<00:06, 134.67step/s][Origin 5/13] 🎲 Drawing Posterior Samples:  44%|████▍     | 663/1500 [00:28<00:06, 135.67step/s][Origin 5/13] 🎲 Drawing Posterior Samples:  45%|████▌     | 678/1500 [00:29<00:06, 135.87step/s][Origin 5/13] 🎲 Drawing Posterior Samples:  46%|████▌     | 693/1500 [00:29<00:05, 135.33step/s][Origin 5/13] 🎲 Drawing Posterior Samples:  47%|████▋     | 707/1500 [00:29<00:05, 135.81step/s][Origin 5/13] 🎲 Drawing Posterior Samples:  48%|████▊     | 721/1500 [00:30<00:19, 39.43step/s] [Origin 5/13] 🎲 Drawing Posterior Samples:  49%|████▉     | 732/1500 [00:31<00:43, 17.58step/s][Origin 5/13] 🎲 Drawing Posterior Samples:  49%|████▉     | 740/1500 [00:33<01:00, 12.62step/s][Origin 5/13] 🎲 Drawing Posterior Samples:  50%|████▉     | 746/1500 [00:34<01:11, 10.54step/s][Origin 5/13] 🎲 Drawing Posterior Samples:  50%|█████     | 750/1500 [00:34<01:19,  9.49step/s][Origin 5/13] 🎲 Drawing Posterior Samples:  50%|█████     | 750/1500 [00:51<01:19,  9.49step/s][Origin 5/13] 🎲 Drawing Posterior Samples:  50%|█████     | 751/1500 [00:56<14:25,  1.16s/step][Origin 5/13] 🎲 Drawing Posterior Samples:  51%|█████     | 767/1500 [00:56<06:40,  1.83step/s][Origin 5/13] 🎲 Drawing Posterior Samples:  52%|█████▏    | 783/1500 [00:56<03:44,  3.19step/s][Origin 5/13] 🎲 Drawing Posterior Samples:  53%|█████▎    | 799/1500 [00:56<02:17,  5.09step/s][Origin 5/13] 🎲 Drawing Posterior Samples:  54%|█████▍    | 815/1500 [00:56<01:28,  7.72step/s][Origin 5/13] 🎲 Drawing Posterior Samples:  55%|█████▌    | 831/1500 [00:56<00:59, 11.31step/s][Origin 5/13] 🎲 Drawing Posterior Samples:  56%|█████▋    | 847/1500 [00:56<00:40, 16.14step/s][Origin 5/13] 🎲 Drawing Posterior Samples:  58%|█████▊    | 863/1500 [00:57<00:28, 22.50step/s][Origin 5/13] 🎲 Drawing Posterior Samples:  59%|█████▊    | 879/1500 [00:57<00:20, 30.59step/s][Origin 5/13] 🎲 Drawing Posterior Samples:  60%|█████▉    | 894/1500 [00:57<00:15, 39.72step/s][Origin 5/13] 🎲 Drawing Posterior Samples:  61%|██████    | 909/1500 [00:57<00:11, 50.38step/s][Origin 5/13] 🎲 Drawing Posterior Samples:  62%|██████▏   | 924/1500 [00:57<00:09, 62.08step/s][Origin 5/13] 🎲 Drawing Posterior Samples:  63%|██████▎   | 939/1500 [00:57<00:07, 74.12step/s][Origin 5/13] 🎲 Drawing Posterior Samples:  64%|██████▎   | 953/1500 [00:57<00:06, 85.42step/s][Origin 5/13] 🎲 Drawing Posterior Samples:  65%|██████▍   | 968/1500 [00:57<00:05, 97.48step/s][Origin 5/13] 🎲 Drawing Posterior Samples:  66%|██████▌   | 983/1500 [00:57<00:04, 108.86step/s][Origin 5/13] 🎲 Drawing Posterior Samples:  67%|██████▋   | 998/1500 [00:57<00:04, 118.46step/s][Origin 5/13] 🎲 Drawing Posterior Samples:  68%|██████▊   | 1013/1500 [00:58<00:03, 126.40step/s][Origin 5/13] 🎲 Drawing Posterior Samples:  69%|██████▊   | 1028/1500 [00:58<00:03, 132.24step/s][Origin 5/13] 🎲 Drawing Posterior Samples:  70%|██████▉   | 1043/1500 [00:58<00:03, 135.07step/s][Origin 5/13] 🎲 Drawing Posterior Samples:  71%|███████   | 1058/1500 [00:58<00:03, 136.26step/s][Origin 5/13] 🎲 Drawing Posterior Samples:  72%|███████▏  | 1073/1500 [00:58<00:03, 136.35step/s][Origin 5/13] 🎲 Drawing Posterior Samples:  73%|███████▎  | 1088/1500 [00:58<00:03, 136.43step/s][Origin 5/13] 🎲 Drawing Posterior Samples:  74%|███████▎  | 1103/1500 [01:00<00:18, 21.76step/s] [Origin 5/13] 🎲 Drawing Posterior Samples:  74%|███████▍  | 1114/1500 [01:02<00:27, 13.91step/s][Origin 5/13] 🎲 Drawing Posterior Samples:  75%|███████▍  | 1122/1500 [01:03<00:33, 11.13step/s][Origin 5/13] 🎲 Drawing Posterior Samples:  75%|███████▌  | 1128/1500 [01:18<03:12,  1.93step/s][Origin 5/13] 🎲 Drawing Posterior Samples:  76%|███████▋  | 1144/1500 [01:18<01:51,  3.20step/s][Origin 5/13] 🎲 Drawing Posterior Samples:  77%|███████▋  | 1160/1500 [01:19<01:08,  4.97step/s][Origin 5/13] 🎲 Drawing Posterior Samples:  78%|███████▊  | 1176/1500 [01:19<00:43,  7.43step/s][Origin 5/13] 🎲 Drawing Posterior Samples:  79%|███████▉  | 1192/1500 [01:19<00:28, 10.80step/s][Origin 5/13] 🎲 Drawing Posterior Samples:  80%|████████  | 1207/1500 [01:19<00:19, 15.07step/s][Origin 5/13] 🎲 Drawing Posterior Samples:  82%|████████▏ | 1223/1500 [01:19<00:13, 21.10step/s][Origin 5/13] 🎲 Drawing Posterior Samples:  83%|████████▎ | 1238/1500 [01:19<00:09, 28.37step/s][Origin 5/13] 🎲 Drawing Posterior Samples:  84%|████████▎ | 1253/1500 [01:19<00:06, 37.42step/s][Origin 5/13] 🎲 Drawing Posterior Samples:  85%|████████▍ | 1268/1500 [01:19<00:04, 47.79step/s][Origin 5/13] 🎲 Drawing Posterior Samples:  86%|████████▌ | 1283/1500 [01:19<00:03, 59.32step/s][Origin 5/13] 🎲 Drawing Posterior Samples:  87%|████████▋ | 1298/1500 [01:19<00:02, 71.39step/s][Origin 5/13] 🎲 Drawing Posterior Samples:  87%|████████▋ | 1312/1500 [01:20<00:02, 82.77step/s][Origin 5/13] 🎲 Drawing Posterior Samples:  88%|████████▊ | 1327/1500 [01:20<00:01, 95.03step/s][Origin 5/13] 🎲 Drawing Posterior Samples:  89%|████████▉ | 1342/1500 [01:20<00:01, 106.63step/s][Origin 5/13] 🎲 Drawing Posterior Samples:  90%|█████████ | 1357/1500 [01:20<00:01, 116.47step/s][Origin 5/13] 🎲 Drawing Posterior Samples:  91%|█████████▏| 1372/1500 [01:20<00:01, 124.51step/s][Origin 5/13] 🎲 Drawing Posterior Samples:  93%|█████████▎| 1388/1500 [01:20<00:00, 131.57step/s][Origin 5/13] 🎲 Drawing Posterior Samples:  94%|█████████▎| 1403/1500 [01:20<00:00, 134.75step/s][Origin 5/13] 🎲 Drawing Posterior Samples:  95%|█████████▍| 1418/1500 [01:20<00:00, 135.41step/s][Origin 5/13] 🎲 Drawing Posterior Samples:  96%|█████████▌| 1433/1500 [01:20<00:00, 135.09step/s][Origin 5/13] 🎲 Drawing Posterior Samples:  97%|█████████▋| 1448/1500 [01:21<00:00, 135.65step/s][Origin 5/13] 🎲 Drawing Posterior Samples:  98%|█████████▊| 1463/1500 [01:21<00:00, 137.22step/s][Origin 5/13] 🎲 Drawing Posterior Samples:  98%|█████████▊| 1477/1500 [01:23<00:01, 22.29step/s] [Origin 5/13] 🎲 Drawing Posterior Samples:  99%|█████████▉| 1488/1500 [01:24<00:00, 13.72step/s][Origin 5/13] 🎲 Drawing Posterior Samples: 100%|█████████▉| 1496/1500 [01:26<00:00, 11.02step/s]                                                                                                 [Origin 6/13] 🎲 Drawing Posterior Samples:   0%|          | 0/1504 [00:00<?, ?step/s][Origin 6/13] 🎲 Drawing Posterior Samples:   1%|          | 15/1504 [00:00<00:11, 135.06step/s][Origin 6/13] 🎲 Drawing Posterior Samples:   2%|▏         | 30/1504 [00:00<00:10, 140.41step/s][Origin 6/13] 🎲 Drawing Posterior Samples:   3%|▎         | 46/1504 [00:00<00:10, 145.57step/s][Origin 6/13] 🎲 Drawing Posterior Samples:   4%|▍         | 62/1504 [00:00<00:09, 147.58step/s][Origin 6/13] 🎲 Drawing Posterior Samples:   5%|▌         | 78/1504 [00:00<00:09, 148.48step/s][Origin 6/13] 🎲 Drawing Posterior Samples:   6%|▋         | 94/1504 [00:00<00:09, 149.14step/s][Origin 6/13] 🎲 Drawing Posterior Samples:   7%|▋         | 110/1504 [00:00<00:09, 149.69step/s][Origin 6/13] 🎲 Drawing Posterior Samples:   8%|▊         | 126/1504 [00:00<00:09, 149.67step/s][Origin 6/13] 🎲 Drawing Posterior Samples:   9%|▉         | 141/1504 [00:00<00:09, 146.35step/s][Origin 6/13] 🎲 Drawing Posterior Samples:  10%|█         | 156/1504 [00:01<00:09, 142.92step/s][Origin 6/13] 🎲 Drawing Posterior Samples:  11%|█▏        | 171/1504 [00:01<00:09, 140.87step/s][Origin 6/13] 🎲 Drawing Posterior Samples:  12%|█▏        | 186/1504 [00:01<00:09, 140.66step/s][Origin 6/13] 🎲 Drawing Posterior Samples:  13%|█▎        | 201/1504 [00:01<00:09, 142.40step/s][Origin 6/13] 🎲 Drawing Posterior Samples:  14%|█▍        | 216/1504 [00:01<00:08, 143.72step/s][Origin 6/13] 🎲 Drawing Posterior Samples:  15%|█▌        | 231/1504 [00:01<00:08, 145.02step/s][Origin 6/13] 🎲 Drawing Posterior Samples:  16%|█▋        | 246/1504 [00:01<00:08, 146.16step/s][Origin 6/13] 🎲 Drawing Posterior Samples:  17%|█▋        | 261/1504 [00:01<00:08, 146.71step/s][Origin 6/13] 🎲 Drawing Posterior Samples:  18%|█▊        | 276/1504 [00:01<00:08, 145.36step/s][Origin 6/13] 🎲 Drawing Posterior Samples:  19%|█▉        | 291/1504 [00:02<00:08, 143.16step/s][Origin 6/13] 🎲 Drawing Posterior Samples:  20%|██        | 306/1504 [00:02<00:08, 140.96step/s][Origin 6/13] 🎲 Drawing Posterior Samples:  21%|██▏       | 321/1504 [00:02<00:08, 139.65step/s][Origin 6/13] 🎲 Drawing Posterior Samples:  22%|██▏       | 335/1504 [00:02<00:08, 139.70step/s][Origin 6/13] 🎲 Drawing Posterior Samples:  23%|██▎       | 349/1504 [00:04<00:51, 22.46step/s] [Origin 6/13] 🎲 Drawing Posterior Samples:  24%|██▍       | 360/1504 [00:06<01:46, 10.75step/s][Origin 6/13] 🎲 Drawing Posterior Samples:  24%|██▍       | 368/1504 [00:08<02:24,  7.88step/s][Origin 6/13] 🎲 Drawing Posterior Samples:  25%|██▍       | 374/1504 [00:10<02:46,  6.79step/s][Origin 6/13] 🎲 Drawing Posterior Samples:  25%|██▌       | 376/1504 [00:26<02:46,  6.79step/s][Origin 6/13] 🎲 Drawing Posterior Samples:  25%|██▌       | 377/1504 [00:29<15:48,  1.19step/s][Origin 6/13] 🎲 Drawing Posterior Samples:  26%|██▌       | 393/1504 [00:29<08:25,  2.20step/s][Origin 6/13] 🎲 Drawing Posterior Samples:  27%|██▋       | 409/1504 [00:29<05:02,  3.62step/s][Origin 6/13] 🎲 Drawing Posterior Samples:  28%|██▊       | 425/1504 [00:29<03:12,  5.60step/s][Origin 6/13] 🎲 Drawing Posterior Samples:  29%|██▉       | 441/1504 [00:29<02:07,  8.35step/s][Origin 6/13] 🎲 Drawing Posterior Samples:  30%|███       | 457/1504 [00:29<01:26, 12.09step/s][Origin 6/13] 🎲 Drawing Posterior Samples:  31%|███▏      | 473/1504 [00:29<01:00, 17.10step/s][Origin 6/13] 🎲 Drawing Posterior Samples:  33%|███▎      | 489/1504 [00:29<00:42, 23.67step/s][Origin 6/13] 🎲 Drawing Posterior Samples:  34%|███▎      | 504/1504 [00:30<00:31, 31.36step/s][Origin 6/13] 🎲 Drawing Posterior Samples:  35%|███▍      | 519/1504 [00:30<00:24, 40.56step/s][Origin 6/13] 🎲 Drawing Posterior Samples:  35%|███▌      | 533/1504 [00:30<00:19, 50.68step/s][Origin 6/13] 🎲 Drawing Posterior Samples:  36%|███▋      | 547/1504 [00:30<00:15, 61.87step/s][Origin 6/13] 🎲 Drawing Posterior Samples:  37%|███▋      | 561/1504 [00:30<00:12, 73.67step/s][Origin 6/13] 🎲 Drawing Posterior Samples:  38%|███▊      | 576/1504 [00:30<00:10, 86.62step/s][Origin 6/13] 🎲 Drawing Posterior Samples:  39%|███▉      | 591/1504 [00:30<00:09, 99.11step/s][Origin 6/13] 🎲 Drawing Posterior Samples:  40%|████      | 606/1504 [00:30<00:08, 109.93step/s][Origin 6/13] 🎲 Drawing Posterior Samples:  41%|████▏     | 621/1504 [00:30<00:07, 119.26step/s][Origin 6/13] 🎲 Drawing Posterior Samples:  42%|████▏     | 636/1504 [00:31<00:06, 126.95step/s][Origin 6/13] 🎲 Drawing Posterior Samples:  43%|████▎     | 651/1504 [00:31<00:06, 131.11step/s][Origin 6/13] 🎲 Drawing Posterior Samples:  44%|████▍     | 666/1504 [00:31<00:06, 134.89step/s][Origin 6/13] 🎲 Drawing Posterior Samples:  45%|████▌     | 681/1504 [00:31<00:06, 136.15step/s][Origin 6/13] 🎲 Drawing Posterior Samples:  46%|████▋     | 696/1504 [00:31<00:05, 136.18step/s][Origin 6/13] 🎲 Drawing Posterior Samples:  47%|████▋     | 711/1504 [00:31<00:05, 136.84step/s][Origin 6/13] 🎲 Drawing Posterior Samples:  48%|████▊     | 726/1504 [00:32<00:25, 30.53step/s] [Origin 6/13] 🎲 Drawing Posterior Samples:  49%|████▉     | 737/1504 [00:34<00:49, 15.63step/s][Origin 6/13] 🎲 Drawing Posterior Samples:  50%|████▉     | 745/1504 [00:35<01:02, 12.19step/s][Origin 6/13] 🎲 Drawing Posterior Samples:  50%|████▉     | 751/1504 [00:36<01:12, 10.44step/s][Origin 6/13] 🎲 Drawing Posterior Samples:  50%|█████     | 752/1504 [00:56<01:12, 10.44step/s][Origin 6/13] 🎲 Drawing Posterior Samples:  50%|█████     | 753/1504 [01:00<12:23,  1.01step/s][Origin 6/13] 🎲 Drawing Posterior Samples:  51%|█████     | 769/1504 [01:00<06:28,  1.89step/s][Origin 6/13] 🎲 Drawing Posterior Samples:  52%|█████▏    | 785/1504 [01:00<03:49,  3.13step/s][Origin 6/13] 🎲 Drawing Posterior Samples:  53%|█████▎    | 801/1504 [01:00<02:24,  4.87step/s][Origin 6/13] 🎲 Drawing Posterior Samples:  54%|█████▍    | 817/1504 [01:00<01:34,  7.28step/s][Origin 6/13] 🎲 Drawing Posterior Samples:  55%|█████▌    | 833/1504 [01:00<01:03, 10.59step/s][Origin 6/13] 🎲 Drawing Posterior Samples:  56%|█████▋    | 849/1504 [01:00<00:43, 15.06step/s][Origin 6/13] 🎲 Drawing Posterior Samples:  58%|█████▊    | 865/1504 [01:01<00:30, 20.98step/s][Origin 6/13] 🎲 Drawing Posterior Samples:  59%|█████▊    | 880/1504 [01:01<00:22, 28.12step/s][Origin 6/13] 🎲 Drawing Posterior Samples:  60%|█████▉    | 895/1504 [01:01<00:16, 36.85step/s][Origin 6/13] 🎲 Drawing Posterior Samples:  61%|██████    | 910/1504 [01:01<00:12, 47.03step/s][Origin 6/13] 🎲 Drawing Posterior Samples:  62%|██████▏   | 925/1504 [01:01<00:09, 58.42step/s][Origin 6/13] 🎲 Drawing Posterior Samples:  62%|██████▏   | 939/1504 [01:01<00:08, 69.99step/s][Origin 6/13] 🎲 Drawing Posterior Samples:  63%|██████▎   | 954/1504 [01:01<00:06, 83.03step/s][Origin 6/13] 🎲 Drawing Posterior Samples:  64%|██████▍   | 969/1504 [01:01<00:05, 95.68step/s][Origin 6/13] 🎲 Drawing Posterior Samples:  65%|██████▌   | 984/1504 [01:01<00:04, 107.23step/s][Origin 6/13] 🎲 Drawing Posterior Samples:  66%|██████▋   | 999/1504 [01:01<00:04, 117.13step/s][Origin 6/13] 🎲 Drawing Posterior Samples:  67%|██████▋   | 1014/1504 [01:02<00:03, 125.23step/s][Origin 6/13] 🎲 Drawing Posterior Samples:  68%|██████▊   | 1029/1504 [01:02<00:03, 130.93step/s][Origin 6/13] 🎲 Drawing Posterior Samples:  69%|██████▉   | 1044/1504 [01:02<00:03, 133.58step/s][Origin 6/13] 🎲 Drawing Posterior Samples:  70%|███████   | 1059/1504 [01:02<00:03, 134.42step/s][Origin 6/13] 🎲 Drawing Posterior Samples:  71%|███████▏  | 1074/1504 [01:02<00:03, 135.14step/s][Origin 6/13] 🎲 Drawing Posterior Samples:  72%|███████▏  | 1089/1504 [01:02<00:03, 136.24step/s][Origin 6/13] 🎲 Drawing Posterior Samples:  73%|███████▎  | 1104/1504 [01:05<00:23, 16.93step/s] [Origin 6/13] 🎲 Drawing Posterior Samples:  74%|███████▍  | 1114/1504 [01:06<00:29, 13.39step/s][Origin 6/13] 🎲 Drawing Posterior Samples:  75%|███████▍  | 1122/1504 [01:07<00:35, 10.84step/s][Origin 6/13] 🎲 Drawing Posterior Samples:  75%|███████▌  | 1128/1504 [01:09<00:41,  9.10step/s][Origin 6/13] 🎲 Drawing Posterior Samples:  75%|███████▌  | 1132/1504 [01:23<03:47,  1.64step/s][Origin 6/13] 🎲 Drawing Posterior Samples:  76%|███████▋  | 1148/1504 [01:23<01:59,  2.97step/s][Origin 6/13] 🎲 Drawing Posterior Samples:  77%|███████▋  | 1164/1504 [01:23<01:10,  4.83step/s][Origin 6/13] 🎲 Drawing Posterior Samples:  78%|███████▊  | 1179/1504 [01:23<00:44,  7.24step/s][Origin 6/13] 🎲 Drawing Posterior Samples:  79%|███████▉  | 1195/1504 [01:23<00:28, 10.78step/s][Origin 6/13] 🎲 Drawing Posterior Samples:  81%|████████  | 1211/1504 [01:23<00:18, 15.54step/s][Origin 6/13] 🎲 Drawing Posterior Samples:  82%|████████▏ | 1227/1504 [01:23<00:12, 21.81step/s][Origin 6/13] 🎲 Drawing Posterior Samples:  83%|████████▎ | 1242/1504 [01:23<00:08, 29.33step/s][Origin 6/13] 🎲 Drawing Posterior Samples:  84%|████████▎ | 1257/1504 [01:24<00:06, 38.66step/s][Origin 6/13] 🎲 Drawing Posterior Samples:  85%|████████▍ | 1272/1504 [01:24<00:04, 49.42step/s][Origin 6/13] 🎲 Drawing Posterior Samples:  86%|████████▌ | 1287/1504 [01:24<00:03, 61.06step/s][Origin 6/13] 🎲 Drawing Posterior Samples:  87%|████████▋ | 1302/1504 [01:24<00:02, 73.13step/s][Origin 6/13] 🎲 Drawing Posterior Samples:  88%|████████▊ | 1316/1504 [01:24<00:02, 84.49step/s][Origin 6/13] 🎲 Drawing Posterior Samples:  88%|████████▊ | 1331/1504 [01:24<00:01, 96.64step/s][Origin 6/13] 🎲 Drawing Posterior Samples:  89%|████████▉ | 1346/1504 [01:24<00:01, 107.67step/s][Origin 6/13] 🎲 Drawing Posterior Samples:  90%|█████████ | 1361/1504 [01:24<00:01, 117.37step/s][Origin 6/13] 🎲 Drawing Posterior Samples:  91%|█████████▏| 1376/1504 [01:24<00:01, 125.33step/s][Origin 6/13] 🎲 Drawing Posterior Samples:  92%|█████████▏| 1391/1504 [01:25<00:00, 131.40step/s][Origin 6/13] 🎲 Drawing Posterior Samples:  93%|█████████▎| 1406/1504 [01:25<00:00, 135.01step/s][Origin 6/13] 🎲 Drawing Posterior Samples:  94%|█████████▍| 1421/1504 [01:25<00:00, 136.21step/s][Origin 6/13] 🎲 Drawing Posterior Samples:  95%|█████████▌| 1436/1504 [01:25<00:00, 136.59step/s][Origin 6/13] 🎲 Drawing Posterior Samples:  96%|█████████▋| 1451/1504 [01:25<00:00, 136.30step/s][Origin 6/13] 🎲 Drawing Posterior Samples:  97%|█████████▋| 1465/1504 [01:25<00:00, 137.33step/s][Origin 6/13] 🎲 Drawing Posterior Samples:  98%|█████████▊| 1479/1504 [01:27<00:00, 26.56step/s] [Origin 6/13] 🎲 Drawing Posterior Samples:  99%|█████████▉| 1490/1504 [01:28<00:00, 15.03step/s][Origin 6/13] 🎲 Drawing Posterior Samples: 100%|█████████▉| 1498/1504 [01:30<00:00, 11.75step/s][Origin 6/13] 🎲 Drawing Posterior Samples: 100%|██████████| 1504/1504 [01:31<00:00, 10.23step/s]                                                                                                 [Origin 7/13] 🎲 Drawing Posterior Samples:   0%|          | 0/1508 [00:00<?, ?step/s][Origin 7/13] 🎲 Drawing Posterior Samples:   0%|          | 7/1508 [00:00<00:25, 59.48step/s][Origin 7/13] 🎲 Drawing Posterior Samples:   1%|          | 13/1508 [00:00<00:26, 55.40step/s][Origin 7/13] 🎲 Drawing Posterior Samples:   1%|▏         | 19/1508 [00:00<00:27, 54.18step/s][Origin 7/13] 🎲 Drawing Posterior Samples:   2%|▏         | 25/1508 [00:00<00:27, 53.63step/s][Origin 7/13] 🎲 Drawing Posterior Samples:   2%|▏         | 31/1508 [00:00<00:27, 53.29step/s][Origin 7/13] 🎲 Drawing Posterior Samples:   2%|▏         | 37/1508 [00:00<00:27, 53.13step/s][Origin 7/13] 🎲 Drawing Posterior Samples:   3%|▎         | 43/1508 [00:00<00:27, 52.98step/s][Origin 7/13] 🎲 Drawing Posterior Samples:   3%|▎         | 49/1508 [00:00<00:27, 52.90step/s][Origin 7/13] 🎲 Drawing Posterior Samples:   4%|▎         | 55/1508 [00:01<00:27, 52.81step/s][Origin 7/13] 🎲 Drawing Posterior Samples:   4%|▍         | 61/1508 [00:01<00:27, 52.76step/s][Origin 7/13] 🎲 Drawing Posterior Samples:   4%|▍         | 67/1508 [00:01<00:27, 52.56step/s][Origin 7/13] 🎲 Drawing Posterior Samples:   5%|▍         | 73/1508 [00:01<00:27, 52.34step/s][Origin 7/13] 🎲 Drawing Posterior Samples:   5%|▌         | 79/1508 [00:01<00:27, 52.28step/s][Origin 7/13] 🎲 Drawing Posterior Samples:   6%|▌         | 85/1508 [00:01<00:27, 52.23step/s][Origin 7/13] 🎲 Drawing Posterior Samples:   6%|▌         | 91/1508 [00:01<00:27, 52.33step/s][Origin 7/13] 🎲 Drawing Posterior Samples:   6%|▋         | 97/1508 [00:01<00:26, 52.39step/s][Origin 7/13] 🎲 Drawing Posterior Samples:   7%|▋         | 103/1508 [00:01<00:26, 52.51step/s][Origin 7/13] 🎲 Drawing Posterior Samples:   7%|▋         | 109/1508 [00:02<00:26, 52.61step/s][Origin 7/13] 🎲 Drawing Posterior Samples:   8%|▊         | 115/1508 [00:02<00:26, 52.66step/s][Origin 7/13] 🎲 Drawing Posterior Samples:   8%|▊         | 121/1508 [00:02<00:26, 52.67step/s][Origin 7/13] 🎲 Drawing Posterior Samples:   8%|▊         | 127/1508 [00:02<00:26, 52.55step/s][Origin 7/13] 🎲 Drawing Posterior Samples:   9%|▉         | 133/1508 [00:02<00:26, 52.42step/s][Origin 7/13] 🎲 Drawing Posterior Samples:   9%|▉         | 139/1508 [00:02<00:26, 52.33step/s][Origin 7/13] 🎲 Drawing Posterior Samples:  10%|▉         | 145/1508 [00:02<00:26, 52.29step/s][Origin 7/13] 🎲 Drawing Posterior Samples:  10%|█         | 151/1508 [00:02<00:25, 52.34step/s][Origin 7/13] 🎲 Drawing Posterior Samples:  10%|█         | 157/1508 [00:02<00:25, 52.36step/s][Origin 7/13] 🎲 Drawing Posterior Samples:  11%|█         | 163/1508 [00:03<00:25, 52.35step/s][Origin 7/13] 🎲 Drawing Posterior Samples:  11%|█         | 169/1508 [00:03<00:25, 52.42step/s][Origin 7/13] 🎲 Drawing Posterior Samples:  12%|█▏        | 175/1508 [00:03<00:25, 52.44step/s][Origin 7/13] 🎲 Drawing Posterior Samples:  12%|█▏        | 181/1508 [00:03<00:25, 52.43step/s][Origin 7/13] 🎲 Drawing Posterior Samples:  12%|█▏        | 187/1508 [00:03<00:25, 52.45step/s][Origin 7/13] 🎲 Drawing Posterior Samples:  13%|█▎        | 193/1508 [00:03<00:25, 52.40step/s][Origin 7/13] 🎲 Drawing Posterior Samples:  13%|█▎        | 199/1508 [00:03<00:25, 52.35step/s][Origin 7/13] 🎲 Drawing Posterior Samples:  14%|█▎        | 205/1508 [00:03<00:24, 52.31step/s][Origin 7/13] 🎲 Drawing Posterior Samples:  14%|█▍        | 211/1508 [00:04<00:24, 52.27step/s][Origin 7/13] 🎲 Drawing Posterior Samples:  14%|█▍        | 217/1508 [00:04<00:24, 52.30step/s][Origin 7/13] 🎲 Drawing Posterior Samples:  15%|█▍        | 223/1508 [00:04<00:24, 52.38step/s][Origin 7/13] 🎲 Drawing Posterior Samples:  15%|█▌        | 229/1508 [00:04<00:24, 52.43step/s][Origin 7/13] 🎲 Drawing Posterior Samples:  16%|█▌        | 235/1508 [00:04<00:24, 52.44step/s][Origin 7/13] 🎲 Drawing Posterior Samples:  16%|█▌        | 241/1508 [00:04<00:24, 52.38step/s][Origin 7/13] 🎲 Drawing Posterior Samples:  16%|█▋        | 247/1508 [00:04<00:24, 52.35step/s][Origin 7/13] 🎲 Drawing Posterior Samples:  17%|█▋        | 253/1508 [00:04<00:23, 52.36step/s][Origin 7/13] 🎲 Drawing Posterior Samples:  17%|█▋        | 259/1508 [00:04<00:23, 52.34step/s][Origin 7/13] 🎲 Drawing Posterior Samples:  18%|█▊        | 265/1508 [00:05<00:23, 52.31step/s][Origin 7/13] 🎲 Drawing Posterior Samples:  18%|█▊        | 271/1508 [00:05<00:23, 52.33step/s][Origin 7/13] 🎲 Drawing Posterior Samples:  18%|█▊        | 277/1508 [00:05<00:23, 52.33step/s][Origin 7/13] 🎲 Drawing Posterior Samples:  19%|█▉        | 283/1508 [00:05<00:23, 52.39step/s][Origin 7/13] 🎲 Drawing Posterior Samples:  19%|█▉        | 289/1508 [00:05<00:23, 52.45step/s][Origin 7/13] 🎲 Drawing Posterior Samples:  20%|█▉        | 295/1508 [00:05<00:23, 52.48step/s][Origin 7/13] 🎲 Drawing Posterior Samples:  20%|█▉        | 301/1508 [00:05<00:23, 52.45step/s][Origin 7/13] 🎲 Drawing Posterior Samples:  20%|██        | 307/1508 [00:05<00:22, 52.39step/s][Origin 7/13] 🎲 Drawing Posterior Samples:  21%|██        | 313/1508 [00:05<00:22, 52.35step/s][Origin 7/13] 🎲 Drawing Posterior Samples:  21%|██        | 319/1508 [00:06<00:22, 52.36step/s][Origin 7/13] 🎲 Drawing Posterior Samples:  22%|██▏       | 325/1508 [00:06<00:22, 52.39step/s][Origin 7/13] 🎲 Drawing Posterior Samples:  22%|██▏       | 331/1508 [00:06<00:22, 52.38step/s][Origin 7/13] 🎲 Drawing Posterior Samples:  22%|██▏       | 337/1508 [00:06<00:22, 52.34step/s][Origin 7/13] 🎲 Drawing Posterior Samples:  23%|██▎       | 343/1508 [00:06<00:39, 29.44step/s][Origin 7/13] 🎲 Drawing Posterior Samples:  23%|██▎       | 348/1508 [00:07<01:13, 15.69step/s][Origin 7/13] 🎲 Drawing Posterior Samples:  23%|██▎       | 352/1508 [00:08<01:53, 10.16step/s][Origin 7/13] 🎲 Drawing Posterior Samples:  24%|██▎       | 355/1508 [00:09<02:30,  7.68step/s][Origin 7/13] 🎲 Drawing Posterior Samples:  24%|██▎       | 357/1508 [00:09<02:52,  6.68step/s][Origin 7/13] 🎲 Drawing Posterior Samples:  24%|██▍       | 359/1508 [00:10<03:21,  5.70step/s][Origin 7/13] 🎲 Drawing Posterior Samples:  24%|██▍       | 361/1508 [00:10<03:44,  5.10step/s][Origin 7/13] 🎲 Drawing Posterior Samples:  24%|██▍       | 362/1508 [00:11<03:54,  4.89step/s][Origin 7/13] 🎲 Drawing Posterior Samples:  24%|██▍       | 363/1508 [00:11<04:00,  4.77step/s][Origin 7/13] 🎲 Drawing Posterior Samples:  24%|██▍       | 364/1508 [00:11<04:10,  4.57step/s][Origin 7/13] 🎲 Drawing Posterior Samples:  24%|██▍       | 365/1508 [00:11<04:15,  4.47step/s][Origin 7/13] 🎲 Drawing Posterior Samples:  24%|██▍       | 366/1508 [00:12<04:16,  4.44step/s][Origin 7/13] 🎲 Drawing Posterior Samples:  24%|██▍       | 367/1508 [00:12<04:26,  4.28step/s][Origin 7/13] 🎲 Drawing Posterior Samples:  24%|██▍       | 368/1508 [00:12<04:34,  4.15step/s][Origin 7/13] 🎲 Drawing Posterior Samples:  24%|██▍       | 369/1508 [00:12<04:43,  4.02step/s][Origin 7/13] 🎲 Drawing Posterior Samples:  25%|██▍       | 370/1508 [00:13<05:35,  3.39step/s][Origin 7/13] 🎲 Drawing Posterior Samples:  25%|██▍       | 371/1508 [00:13<05:42,  3.32step/s][Origin 7/13] 🎲 Drawing Posterior Samples:  25%|██▍       | 372/1508 [00:13<05:54,  3.21step/s][Origin 7/13] 🎲 Drawing Posterior Samples:  25%|██▍       | 373/1508 [00:14<06:16,  3.01step/s][Origin 7/13] 🎲 Drawing Posterior Samples:  25%|██▍       | 374/1508 [00:14<05:37,  3.36step/s][Origin 7/13] 🎲 Drawing Posterior Samples:  25%|██▍       | 375/1508 [00:14<05:30,  3.43step/s][Origin 7/13] 🎲 Drawing Posterior Samples:  25%|██▍       | 376/1508 [00:15<05:09,  3.65step/s][Origin 7/13] 🎲 Drawing Posterior Samples:  25%|██▌       | 377/1508 [00:15<04:54,  3.84step/s][Origin 7/13] 🎲 Drawing Posterior Samples:  25%|██▌       | 378/1508 [00:32<1:39:34,  5.29s/step][Origin 7/13] 🎲 Drawing Posterior Samples:  25%|██▌       | 384/1508 [00:32<28:04,  1.50s/step]  [Origin 7/13] 🎲 Drawing Posterior Samples:  26%|██▌       | 390/1508 [00:32<13:57,  1.34step/s][Origin 7/13] 🎲 Drawing Posterior Samples:  26%|██▋       | 396/1508 [00:32<08:11,  2.26step/s][Origin 7/13] 🎲 Drawing Posterior Samples:  27%|██▋       | 402/1508 [00:32<05:13,  3.53step/s][Origin 7/13] 🎲 Drawing Posterior Samples:  27%|██▋       | 408/1508 [00:32<03:30,  5.23step/s][Origin 7/13] 🎲 Drawing Posterior Samples:  27%|██▋       | 414/1508 [00:33<02:26,  7.47step/s][Origin 7/13] 🎲 Drawing Posterior Samples:  28%|██▊       | 420/1508 [00:33<01:45, 10.33step/s][Origin 7/13] 🎲 Drawing Posterior Samples:  28%|██▊       | 426/1508 [00:33<01:18, 13.84step/s][Origin 7/13] 🎲 Drawing Posterior Samples:  29%|██▊       | 432/1508 [00:33<01:00, 17.93step/s][Origin 7/13] 🎲 Drawing Posterior Samples:  29%|██▉       | 438/1508 [00:33<00:47, 22.46step/s][Origin 7/13] 🎲 Drawing Posterior Samples:  29%|██▉       | 444/1508 [00:33<00:39, 27.18step/s][Origin 7/13] 🎲 Drawing Posterior Samples:  30%|██▉       | 450/1508 [00:33<00:33, 31.81step/s][Origin 7/13] 🎲 Drawing Posterior Samples:  30%|███       | 456/1508 [00:33<00:29, 36.09step/s][Origin 7/13] 🎲 Drawing Posterior Samples:  31%|███       | 462/1508 [00:33<00:26, 39.89step/s][Origin 7/13] 🎲 Drawing Posterior Samples:  31%|███       | 468/1508 [00:34<00:24, 42.96step/s][Origin 7/13] 🎲 Drawing Posterior Samples:  31%|███▏      | 474/1508 [00:34<00:22, 45.55step/s][Origin 7/13] 🎲 Drawing Posterior Samples:  32%|███▏      | 480/1508 [00:34<00:21, 47.50step/s][Origin 7/13] 🎲 Drawing Posterior Samples:  32%|███▏      | 486/1508 [00:34<00:20, 48.85step/s][Origin 7/13] 🎲 Drawing Posterior Samples:  33%|███▎      | 492/1508 [00:34<00:20, 49.83step/s][Origin 7/13] 🎲 Drawing Posterior Samples:  33%|███▎      | 498/1508 [00:34<00:19, 50.55step/s][Origin 7/13] 🎲 Drawing Posterior Samples:  33%|███▎      | 504/1508 [00:34<00:19, 51.07step/s][Origin 7/13] 🎲 Drawing Posterior Samples:  34%|███▍      | 510/1508 [00:34<00:19, 51.42step/s][Origin 7/13] 🎲 Drawing Posterior Samples:  34%|███▍      | 516/1508 [00:34<00:19, 51.75step/s][Origin 7/13] 🎲 Drawing Posterior Samples:  35%|███▍      | 522/1508 [00:35<00:18, 52.03step/s][Origin 7/13] 🎲 Drawing Posterior Samples:  35%|███▌      | 528/1508 [00:35<00:18, 52.23step/s][Origin 7/13] 🎲 Drawing Posterior Samples:  35%|███▌      | 534/1508 [00:35<00:18, 52.37step/s][Origin 7/13] 🎲 Drawing Posterior Samples:  36%|███▌      | 540/1508 [00:35<00:18, 52.43step/s][Origin 7/13] 🎲 Drawing Posterior Samples:  36%|███▌      | 546/1508 [00:35<00:18, 52.39step/s][Origin 7/13] 🎲 Drawing Posterior Samples:  37%|███▋      | 552/1508 [00:35<00:18, 52.34step/s][Origin 7/13] 🎲 Drawing Posterior Samples:  37%|███▋      | 558/1508 [00:35<00:18, 52.32step/s][Origin 7/13] 🎲 Drawing Posterior Samples:  37%|███▋      | 564/1508 [00:35<00:18, 52.34step/s][Origin 7/13] 🎲 Drawing Posterior Samples:  38%|███▊      | 570/1508 [00:35<00:17, 52.29step/s][Origin 7/13] 🎲 Drawing Posterior Samples:  38%|███▊      | 576/1508 [00:36<00:17, 52.36step/s][Origin 7/13] 🎲 Drawing Posterior Samples:  39%|███▊      | 582/1508 [00:36<00:17, 52.39step/s][Origin 7/13] 🎲 Drawing Posterior Samples:  39%|███▉      | 588/1508 [00:36<00:17, 52.50step/s][Origin 7/13] 🎲 Drawing Posterior Samples:  39%|███▉      | 594/1508 [00:36<00:17, 52.59step/s][Origin 7/13] 🎲 Drawing Posterior Samples:  40%|███▉      | 600/1508 [00:36<00:17, 52.62step/s][Origin 7/13] 🎲 Drawing Posterior Samples:  40%|████      | 606/1508 [00:36<00:17, 52.58step/s][Origin 7/13] 🎲 Drawing Posterior Samples:  41%|████      | 612/1508 [00:36<00:17, 52.52step/s][Origin 7/13] 🎲 Drawing Posterior Samples:  41%|████      | 618/1508 [00:36<00:16, 52.43step/s][Origin 7/13] 🎲 Drawing Posterior Samples:  41%|████▏     | 624/1508 [00:37<00:16, 52.36step/s][Origin 7/13] 🎲 Drawing Posterior Samples:  42%|████▏     | 630/1508 [00:37<00:16, 52.34step/s][Origin 7/13] 🎲 Drawing Posterior Samples:  42%|████▏     | 636/1508 [00:37<00:16, 52.34step/s][Origin 7/13] 🎲 Drawing Posterior Samples:  43%|████▎     | 642/1508 [00:37<00:16, 52.40step/s][Origin 7/13] 🎲 Drawing Posterior Samples:  43%|████▎     | 648/1508 [00:37<00:16, 52.43step/s][Origin 7/13] 🎲 Drawing Posterior Samples:  43%|████▎     | 654/1508 [00:37<00:16, 52.50step/s][Origin 7/13] 🎲 Drawing Posterior Samples:  44%|████▍     | 660/1508 [00:37<00:16, 52.58step/s][Origin 7/13] 🎲 Drawing Posterior Samples:  44%|████▍     | 666/1508 [00:37<00:16, 52.56step/s][Origin 7/13] 🎲 Drawing Posterior Samples:  45%|████▍     | 672/1508 [00:37<00:15, 52.47step/s][Origin 7/13] 🎲 Drawing Posterior Samples:  45%|████▍     | 678/1508 [00:38<00:15, 52.40step/s][Origin 7/13] 🎲 Drawing Posterior Samples:  45%|████▌     | 684/1508 [00:38<00:15, 52.31step/s][Origin 7/13] 🎲 Drawing Posterior Samples:  46%|████▌     | 690/1508 [00:38<00:15, 52.35step/s][Origin 7/13] 🎲 Drawing Posterior Samples:  46%|████▌     | 696/1508 [00:38<00:15, 52.35step/s][Origin 7/13] 🎲 Drawing Posterior Samples:  47%|████▋     | 702/1508 [00:38<00:15, 52.32step/s][Origin 7/13] 🎲 Drawing Posterior Samples:  47%|████▋     | 708/1508 [00:38<00:15, 52.36step/s][Origin 7/13] 🎲 Drawing Posterior Samples:  47%|████▋     | 714/1508 [00:38<00:15, 52.47step/s][Origin 7/13] 🎲 Drawing Posterior Samples:  48%|████▊     | 720/1508 [00:39<00:32, 24.32step/s][Origin 7/13] 🎲 Drawing Posterior Samples:  48%|████▊     | 724/1508 [00:39<00:46, 16.86step/s][Origin 7/13] 🎲 Drawing Posterior Samples:  48%|████▊     | 728/1508 [00:40<00:57, 13.54step/s][Origin 7/13] 🎲 Drawing Posterior Samples:  48%|████▊     | 731/1508 [00:40<01:08, 11.27step/s][Origin 7/13] 🎲 Drawing Posterior Samples:  49%|████▊     | 733/1508 [00:41<01:18,  9.89step/s][Origin 7/13] 🎲 Drawing Posterior Samples:  49%|████▊     | 735/1508 [00:41<01:28,  8.72step/s][Origin 7/13] 🎲 Drawing Posterior Samples:  49%|████▉     | 737/1508 [00:41<01:50,  7.00step/s][Origin 7/13] 🎲 Drawing Posterior Samples:  49%|████▉     | 738/1508 [00:42<01:51,  6.91step/s][Origin 7/13] 🎲 Drawing Posterior Samples:  49%|████▉     | 739/1508 [00:42<01:52,  6.83step/s][Origin 7/13] 🎲 Drawing Posterior Samples:  49%|████▉     | 740/1508 [00:42<01:55,  6.66step/s][Origin 7/13] 🎲 Drawing Posterior Samples:  49%|████▉     | 741/1508 [00:42<02:14,  5.71step/s][Origin 7/13] 🎲 Drawing Posterior Samples:  49%|████▉     | 742/1508 [00:42<02:07,  6.01step/s][Origin 7/13] 🎲 Drawing Posterior Samples:  49%|████▉     | 743/1508 [00:43<02:33,  4.98step/s][Origin 7/13] 🎲 Drawing Posterior Samples:  49%|████▉     | 744/1508 [00:43<02:22,  5.36step/s][Origin 7/13] 🎲 Drawing Posterior Samples:  49%|████▉     | 745/1508 [00:43<02:15,  5.61step/s][Origin 7/13] 🎲 Drawing Posterior Samples:  49%|████▉     | 746/1508 [00:43<02:09,  5.91step/s][Origin 7/13] 🎲 Drawing Posterior Samples:  50%|████▉     | 747/1508 [00:43<02:03,  6.16step/s][Origin 7/13] 🎲 Drawing Posterior Samples:  50%|████▉     | 748/1508 [00:43<02:07,  5.97step/s][Origin 7/13] 🎲 Drawing Posterior Samples:  50%|████▉     | 749/1508 [00:44<02:12,  5.74step/s][Origin 7/13] 🎲 Drawing Posterior Samples:  50%|████▉     | 750/1508 [00:44<02:11,  5.76step/s][Origin 7/13] 🎲 Drawing Posterior Samples:  50%|████▉     | 751/1508 [00:44<02:19,  5.43step/s][Origin 7/13] 🎲 Drawing Posterior Samples:  50%|████▉     | 752/1508 [00:44<02:20,  5.38step/s][Origin 7/13] 🎲 Drawing Posterior Samples:  50%|████▉     | 753/1508 [00:44<02:19,  5.40step/s][Origin 7/13] 🎲 Drawing Posterior Samples:  50%|█████     | 754/1508 [00:44<02:19,  5.41step/s][Origin 7/13] 🎲 Drawing Posterior Samples:  50%|█████     | 755/1508 [01:08<1:29:46,  7.15s/step][Origin 7/13] 🎲 Drawing Posterior Samples:  50%|█████     | 761/1508 [01:08<25:09,  2.02s/step]  [Origin 7/13] 🎲 Drawing Posterior Samples:  51%|█████     | 767/1508 [01:08<12:25,  1.01s/step][Origin 7/13] 🎲 Drawing Posterior Samples:  51%|█████▏    | 773/1508 [01:08<07:14,  1.69step/s][Origin 7/13] 🎲 Drawing Posterior Samples:  52%|█████▏    | 779/1508 [01:08<04:34,  2.65step/s][Origin 7/13] 🎲 Drawing Posterior Samples:  52%|█████▏    | 785/1508 [01:09<03:02,  3.97step/s][Origin 7/13] 🎲 Drawing Posterior Samples:  52%|█████▏    | 791/1508 [01:09<02:05,  5.73step/s][Origin 7/13] 🎲 Drawing Posterior Samples:  53%|█████▎    | 797/1508 [01:09<01:28,  8.04step/s][Origin 7/13] 🎲 Drawing Posterior Samples:  53%|█████▎    | 803/1508 [01:09<01:04, 10.98step/s][Origin 7/13] 🎲 Drawing Posterior Samples:  54%|█████▎    | 809/1508 [01:09<00:48, 14.56step/s][Origin 7/13] 🎲 Drawing Posterior Samples:  54%|█████▍    | 815/1508 [01:09<00:37, 18.69step/s][Origin 7/13] 🎲 Drawing Posterior Samples:  54%|█████▍    | 821/1508 [01:09<00:29, 23.22step/s][Origin 7/13] 🎲 Drawing Posterior Samples:  55%|█████▍    | 827/1508 [01:09<00:24, 27.91step/s][Origin 7/13] 🎲 Drawing Posterior Samples:  55%|█████▌    | 833/1508 [01:09<00:20, 32.46step/s][Origin 7/13] 🎲 Drawing Posterior Samples:  56%|█████▌    | 839/1508 [01:10<00:18, 36.61step/s][Origin 7/13] 🎲 Drawing Posterior Samples:  56%|█████▌    | 845/1508 [01:10<00:16, 40.37step/s][Origin 7/13] 🎲 Drawing Posterior Samples:  56%|█████▋    | 851/1508 [01:10<00:15, 43.47step/s][Origin 7/13] 🎲 Drawing Posterior Samples:  57%|█████▋    | 857/1508 [01:10<00:14, 45.92step/s][Origin 7/13] 🎲 Drawing Posterior Samples:  57%|█████▋    | 863/1508 [01:10<00:13, 47.84step/s][Origin 7/13] 🎲 Drawing Posterior Samples:  58%|█████▊    | 869/1508 [01:10<00:12, 49.24step/s][Origin 7/13] 🎲 Drawing Posterior Samples:  58%|█████▊    | 875/1508 [01:10<00:12, 50.10step/s][Origin 7/13] 🎲 Drawing Posterior Samples:  58%|█████▊    | 881/1508 [01:10<00:12, 50.70step/s][Origin 7/13] 🎲 Drawing Posterior Samples:  59%|█████▉    | 887/1508 [01:10<00:12, 51.10step/s][Origin 7/13] 🎲 Drawing Posterior Samples:  59%|█████▉    | 893/1508 [01:11<00:12, 49.12step/s][Origin 7/13] 🎲 Drawing Posterior Samples:  60%|█████▉    | 899/1508 [01:11<00:13, 45.64step/s][Origin 7/13] 🎲 Drawing Posterior Samples:  60%|██████    | 905/1508 [01:11<00:12, 47.51step/s][Origin 7/13] 🎲 Drawing Posterior Samples:  60%|██████    | 911/1508 [01:11<00:12, 48.96step/s][Origin 7/13] 🎲 Drawing Posterior Samples:  61%|██████    | 917/1508 [01:11<00:11, 50.07step/s][Origin 7/13] 🎲 Drawing Posterior Samples:  61%|██████    | 923/1508 [01:11<00:11, 50.88step/s][Origin 7/13] 🎲 Drawing Posterior Samples:  62%|██████▏   | 929/1508 [01:11<00:11, 51.42step/s][Origin 7/13] 🎲 Drawing Posterior Samples:  62%|██████▏   | 935/1508 [01:11<00:11, 51.69step/s][Origin 7/13] 🎲 Drawing Posterior Samples:  62%|██████▏   | 941/1508 [01:12<00:10, 51.84step/s][Origin 7/13] 🎲 Drawing Posterior Samples:  63%|██████▎   | 947/1508 [01:12<00:10, 51.90step/s][Origin 7/13] 🎲 Drawing Posterior Samples:  63%|██████▎   | 953/1508 [01:12<00:10, 51.95step/s][Origin 7/13] 🎲 Drawing Posterior Samples:  64%|██████▎   | 959/1508 [01:12<00:10, 52.03step/s][Origin 7/13] 🎲 Drawing Posterior Samples:  64%|██████▍   | 965/1508 [01:12<00:10, 52.21step/s][Origin 7/13] 🎲 Drawing Posterior Samples:  64%|██████▍   | 971/1508 [01:12<00:10, 52.36step/s][Origin 7/13] 🎲 Drawing Posterior Samples:  65%|██████▍   | 977/1508 [01:12<00:10, 52.45step/s][Origin 7/13] 🎲 Drawing Posterior Samples:  65%|██████▌   | 983/1508 [01:12<00:09, 52.52step/s][Origin 7/13] 🎲 Drawing Posterior Samples:  66%|██████▌   | 989/1508 [01:12<00:09, 52.53step/s][Origin 7/13] 🎲 Drawing Posterior Samples:  66%|██████▌   | 995/1508 [01:13<00:09, 52.49step/s][Origin 7/13] 🎲 Drawing Posterior Samples:  66%|██████▋   | 1001/1508 [01:13<00:09, 52.39step/s][Origin 7/13] 🎲 Drawing Posterior Samples:  67%|██████▋   | 1007/1508 [01:13<00:09, 52.35step/s][Origin 7/13] 🎲 Drawing Posterior Samples:  67%|██████▋   | 1013/1508 [01:13<00:09, 52.35step/s][Origin 7/13] 🎲 Drawing Posterior Samples:  68%|██████▊   | 1019/1508 [01:13<00:09, 52.27step/s][Origin 7/13] 🎲 Drawing Posterior Samples:  68%|██████▊   | 1025/1508 [01:13<00:09, 52.36step/s][Origin 7/13] 🎲 Drawing Posterior Samples:  68%|██████▊   | 1031/1508 [01:13<00:09, 52.40step/s][Origin 7/13] 🎲 Drawing Posterior Samples:  69%|██████▉   | 1037/1508 [01:13<00:08, 52.51step/s][Origin 7/13] 🎲 Drawing Posterior Samples:  69%|██████▉   | 1043/1508 [01:13<00:08, 52.55step/s][Origin 7/13] 🎲 Drawing Posterior Samples:  70%|██████▉   | 1049/1508 [01:14<00:08, 52.51step/s][Origin 7/13] 🎲 Drawing Posterior Samples:  70%|██████▉   | 1055/1508 [01:14<00:08, 52.42step/s][Origin 7/13] 🎲 Drawing Posterior Samples:  70%|███████   | 1061/1508 [01:14<00:08, 52.33step/s][Origin 7/13] 🎲 Drawing Posterior Samples:  71%|███████   | 1067/1508 [01:14<00:08, 52.35step/s][Origin 7/13] 🎲 Drawing Posterior Samples:  71%|███████   | 1073/1508 [01:14<00:08, 52.30step/s][Origin 7/13] 🎲 Drawing Posterior Samples:  72%|███████▏  | 1079/1508 [01:14<00:08, 52.34step/s][Origin 7/13] 🎲 Drawing Posterior Samples:  72%|███████▏  | 1085/1508 [01:14<00:08, 52.23step/s][Origin 7/13] 🎲 Drawing Posterior Samples:  72%|███████▏  | 1091/1508 [01:14<00:07, 52.30step/s][Origin 7/13] 🎲 Drawing Posterior Samples:  73%|███████▎  | 1097/1508 [01:15<00:15, 26.77step/s][Origin 7/13] 🎲 Drawing Posterior Samples:  73%|███████▎  | 1102/1508 [01:16<00:26, 15.45step/s][Origin 7/13] 🎲 Drawing Posterior Samples:  73%|███████▎  | 1106/1508 [01:16<00:34, 11.49step/s][Origin 7/13] 🎲 Drawing Posterior Samples:  74%|███████▎  | 1109/1508 [01:17<00:41,  9.54step/s][Origin 7/13] 🎲 Drawing Posterior Samples:  74%|███████▎  | 1111/1508 [01:17<00:46,  8.62step/s][Origin 7/13] 🎲 Drawing Posterior Samples:  74%|███████▍  | 1113/1508 [01:17<00:49,  7.94step/s][Origin 7/13] 🎲 Drawing Posterior Samples:  74%|███████▍  | 1115/1508 [01:18<00:54,  7.19step/s][Origin 7/13] 🎲 Drawing Posterior Samples:  74%|███████▍  | 1116/1508 [01:18<00:57,  6.79step/s][Origin 7/13] 🎲 Drawing Posterior Samples:  74%|███████▍  | 1117/1508 [01:18<00:57,  6.80step/s][Origin 7/13] 🎲 Drawing Posterior Samples:  74%|███████▍  | 1118/1508 [01:18<00:57,  6.79step/s][Origin 7/13] 🎲 Drawing Posterior Samples:  74%|███████▍  | 1119/1508 [01:18<00:59,  6.54step/s][Origin 7/13] 🎲 Drawing Posterior Samples:  74%|███████▍  | 1120/1508 [01:19<01:03,  6.12step/s][Origin 7/13] 🎲 Drawing Posterior Samples:  74%|███████▍  | 1121/1508 [01:19<01:03,  6.08step/s][Origin 7/13] 🎲 Drawing Posterior Samples:  74%|███████▍  | 1122/1508 [01:19<01:04,  5.99step/s][Origin 7/13] 🎲 Drawing Posterior Samples:  74%|███████▍  | 1123/1508 [01:19<01:04,  5.97step/s][Origin 7/13] 🎲 Drawing Posterior Samples:  75%|███████▍  | 1124/1508 [01:19<01:07,  5.70step/s][Origin 7/13] 🎲 Drawing Posterior Samples:  75%|███████▍  | 1125/1508 [01:20<01:04,  5.97step/s][Origin 7/13] 🎲 Drawing Posterior Samples:  75%|███████▍  | 1126/1508 [01:20<01:02,  6.09step/s][Origin 7/13] 🎲 Drawing Posterior Samples:  75%|███████▍  | 1127/1508 [01:20<01:01,  6.22step/s][Origin 7/13] 🎲 Drawing Posterior Samples:  75%|███████▍  | 1128/1508 [01:20<01:00,  6.27step/s][Origin 7/13] 🎲 Drawing Posterior Samples:  75%|███████▍  | 1129/1508 [01:20<01:00,  6.22step/s][Origin 7/13] 🎲 Drawing Posterior Samples:  75%|███████▍  | 1130/1508 [01:20<01:05,  5.77step/s][Origin 7/13] 🎲 Drawing Posterior Samples:  75%|███████▌  | 1131/1508 [01:21<01:10,  5.33step/s][Origin 7/13] 🎲 Drawing Posterior Samples:  75%|███████▌  | 1132/1508 [01:34<25:08,  4.01s/step][Origin 7/13] 🎲 Drawing Posterior Samples:  75%|███████▌  | 1138/1508 [01:34<07:01,  1.14s/step][Origin 7/13] 🎲 Drawing Posterior Samples:  76%|███████▌  | 1144/1508 [01:34<03:28,  1.75step/s][Origin 7/13] 🎲 Drawing Posterior Samples:  76%|███████▋  | 1150/1508 [01:34<02:01,  2.94step/s][Origin 7/13] 🎲 Drawing Posterior Samples:  77%|███████▋  | 1156/1508 [01:34<01:17,  4.56step/s][Origin 7/13] 🎲 Drawing Posterior Samples:  77%|███████▋  | 1162/1508 [01:34<00:51,  6.69step/s][Origin 7/13] 🎲 Drawing Posterior Samples:  77%|███████▋  | 1168/1508 [01:34<00:36,  9.43step/s][Origin 7/13] 🎲 Drawing Posterior Samples:  78%|███████▊  | 1174/1508 [01:34<00:26, 12.82step/s][Origin 7/13] 🎲 Drawing Posterior Samples:  78%|███████▊  | 1180/1508 [01:35<00:19, 16.84step/s][Origin 7/13] 🎲 Drawing Posterior Samples:  79%|███████▊  | 1186/1508 [01:35<00:15, 21.36step/s][Origin 7/13] 🎲 Drawing Posterior Samples:  79%|███████▉  | 1192/1508 [01:35<00:12, 26.11step/s][Origin 7/13] 🎲 Drawing Posterior Samples:  79%|███████▉  | 1198/1508 [01:35<00:10, 30.80step/s][Origin 7/13] 🎲 Drawing Posterior Samples:  80%|███████▉  | 1204/1508 [01:35<00:08, 35.19step/s][Origin 7/13] 🎲 Drawing Posterior Samples:  80%|████████  | 1210/1508 [01:35<00:07, 39.02step/s][Origin 7/13] 🎲 Drawing Posterior Samples:  81%|████████  | 1216/1508 [01:35<00:06, 42.26step/s][Origin 7/13] 🎲 Drawing Posterior Samples:  81%|████████  | 1222/1508 [01:35<00:06, 44.90step/s][Origin 7/13] 🎲 Drawing Posterior Samples:  81%|████████▏ | 1228/1508 [01:35<00:05, 46.96step/s][Origin 7/13] 🎲 Drawing Posterior Samples:  82%|████████▏ | 1234/1508 [01:36<00:05, 48.57step/s][Origin 7/13] 🎲 Drawing Posterior Samples:  82%|████████▏ | 1240/1508 [01:36<00:05, 49.79step/s][Origin 7/13] 🎲 Drawing Posterior Samples:  83%|████████▎ | 1246/1508 [01:36<00:05, 50.70step/s][Origin 7/13] 🎲 Drawing Posterior Samples:  83%|████████▎ | 1252/1508 [01:36<00:05, 51.17step/s][Origin 7/13] 🎲 Drawing Posterior Samples:  83%|████████▎ | 1258/1508 [01:36<00:04, 51.49step/s][Origin 7/13] 🎲 Drawing Posterior Samples:  84%|████████▍ | 1264/1508 [01:36<00:04, 51.71step/s][Origin 7/13] 🎲 Drawing Posterior Samples:  84%|████████▍ | 1270/1508 [01:36<00:04, 51.84step/s][Origin 7/13] 🎲 Drawing Posterior Samples:  85%|████████▍ | 1276/1508 [01:36<00:04, 52.03step/s][Origin 7/13] 🎲 Drawing Posterior Samples:  85%|████████▌ | 1282/1508 [01:36<00:04, 52.12step/s][Origin 7/13] 🎲 Drawing Posterior Samples:  85%|████████▌ | 1288/1508 [01:37<00:04, 52.22step/s][Origin 7/13] 🎲 Drawing Posterior Samples:  86%|████████▌ | 1294/1508 [01:37<00:04, 52.32step/s][Origin 7/13] 🎲 Drawing Posterior Samples:  86%|████████▌ | 1300/1508 [01:37<00:03, 52.46step/s][Origin 7/13] 🎲 Drawing Posterior Samples:  87%|████████▋ | 1306/1508 [01:37<00:03, 52.50step/s][Origin 7/13] 🎲 Drawing Posterior Samples:  87%|████████▋ | 1312/1508 [01:37<00:03, 52.53step/s][Origin 7/13] 🎲 Drawing Posterior Samples:  87%|████████▋ | 1318/1508 [01:37<00:03, 52.59step/s][Origin 7/13] 🎲 Drawing Posterior Samples:  88%|████████▊ | 1324/1508 [01:37<00:03, 52.50step/s][Origin 7/13] 🎲 Drawing Posterior Samples:  88%|████████▊ | 1330/1508 [01:37<00:03, 52.43step/s][Origin 7/13] 🎲 Drawing Posterior Samples:  89%|████████▊ | 1336/1508 [01:37<00:03, 52.41step/s][Origin 7/13] 🎲 Drawing Posterior Samples:  89%|████████▉ | 1342/1508 [01:38<00:03, 52.38step/s][Origin 7/13] 🎲 Drawing Posterior Samples:  89%|████████▉ | 1348/1508 [01:38<00:03, 52.35step/s][Origin 7/13] 🎲 Drawing Posterior Samples:  90%|████████▉ | 1354/1508 [01:38<00:02, 52.48step/s][Origin 7/13] 🎲 Drawing Posterior Samples:  90%|█████████ | 1360/1508 [01:38<00:02, 52.58step/s][Origin 7/13] 🎲 Drawing Posterior Samples:  91%|█████████ | 1366/1508 [01:38<00:02, 52.55step/s][Origin 7/13] 🎲 Drawing Posterior Samples:  91%|█████████ | 1372/1508 [01:38<00:02, 52.57step/s][Origin 7/13] 🎲 Drawing Posterior Samples:  91%|█████████▏| 1378/1508 [01:38<00:02, 52.56step/s][Origin 7/13] 🎲 Drawing Posterior Samples:  92%|█████████▏| 1384/1508 [01:38<00:02, 52.53step/s][Origin 7/13] 🎲 Drawing Posterior Samples:  92%|█████████▏| 1390/1508 [01:39<00:02, 52.43step/s][Origin 7/13] 🎲 Drawing Posterior Samples:  93%|█████████▎| 1396/1508 [01:39<00:02, 52.34step/s][Origin 7/13] 🎲 Drawing Posterior Samples:  93%|█████████▎| 1402/1508 [01:39<00:02, 52.33step/s][Origin 7/13] 🎲 Drawing Posterior Samples:  93%|█████████▎| 1408/1508 [01:39<00:01, 52.37step/s][Origin 7/13] 🎲 Drawing Posterior Samples:  94%|█████████▍| 1414/1508 [01:39<00:01, 52.44step/s][Origin 7/13] 🎲 Drawing Posterior Samples:  94%|█████████▍| 1420/1508 [01:39<00:01, 52.42step/s][Origin 7/13] 🎲 Drawing Posterior Samples:  95%|█████████▍| 1426/1508 [01:39<00:01, 52.51step/s][Origin 7/13] 🎲 Drawing Posterior Samples:  95%|█████████▍| 1432/1508 [01:39<00:01, 52.55step/s][Origin 7/13] 🎲 Drawing Posterior Samples:  95%|█████████▌| 1438/1508 [01:39<00:01, 52.52step/s][Origin 7/13] 🎲 Drawing Posterior Samples:  96%|█████████▌| 1444/1508 [01:40<00:01, 52.51step/s][Origin 7/13] 🎲 Drawing Posterior Samples:  96%|█████████▌| 1450/1508 [01:40<00:01, 52.48step/s][Origin 7/13] 🎲 Drawing Posterior Samples:  97%|█████████▋| 1456/1508 [01:40<00:00, 52.49step/s][Origin 7/13] 🎲 Drawing Posterior Samples:  97%|█████████▋| 1462/1508 [01:40<00:00, 52.36step/s][Origin 7/13] 🎲 Drawing Posterior Samples:  97%|█████████▋| 1468/1508 [01:40<00:00, 52.47step/s][Origin 7/13] 🎲 Drawing Posterior Samples:  98%|█████████▊| 1474/1508 [01:40<00:01, 31.41step/s][Origin 7/13] 🎲 Drawing Posterior Samples:  98%|█████████▊| 1479/1508 [01:41<00:01, 18.20step/s][Origin 7/13] 🎲 Drawing Posterior Samples:  98%|█████████▊| 1483/1508 [01:41<00:01, 13.74step/s][Origin 7/13] 🎲 Drawing Posterior Samples:  99%|█████████▊| 1486/1508 [01:42<00:02,  9.29step/s][Origin 7/13] 🎲 Drawing Posterior Samples:  99%|█████████▊| 1488/1508 [01:43<00:02,  8.52step/s][Origin 7/13] 🎲 Drawing Posterior Samples:  99%|█████████▉| 1490/1508 [01:43<00:02,  8.35step/s][Origin 7/13] 🎲 Drawing Posterior Samples:  99%|█████████▉| 1492/1508 [01:43<00:01,  8.14step/s][Origin 7/13] 🎲 Drawing Posterior Samples:  99%|█████████▉| 1494/1508 [01:43<00:01,  7.48step/s][Origin 7/13] 🎲 Drawing Posterior Samples:  99%|█████████▉| 1495/1508 [01:44<00:01,  7.08step/s][Origin 7/13] 🎲 Drawing Posterior Samples:  99%|█████████▉| 1496/1508 [01:44<00:01,  7.14step/s][Origin 7/13] 🎲 Drawing Posterior Samples:  99%|█████████▉| 1497/1508 [01:44<00:01,  7.03step/s][Origin 7/13] 🎲 Drawing Posterior Samples:  99%|█████████▉| 1498/1508 [01:44<00:01,  6.74step/s][Origin 7/13] 🎲 Drawing Posterior Samples:  99%|█████████▉| 1499/1508 [01:44<00:01,  6.70step/s][Origin 7/13] 🎲 Drawing Posterior Samples:  99%|█████████▉| 1500/1508 [01:44<00:01,  6.71step/s][Origin 7/13] 🎲 Drawing Posterior Samples: 100%|█████████▉| 1501/1508 [01:45<00:01,  6.61step/s][Origin 7/13] 🎲 Drawing Posterior Samples: 100%|█████████▉| 1502/1508 [01:45<00:00,  6.55step/s][Origin 7/13] 🎲 Drawing Posterior Samples: 100%|█████████▉| 1503/1508 [01:45<00:00,  6.37step/s][Origin 7/13] 🎲 Drawing Posterior Samples: 100%|█████████▉| 1504/1508 [01:45<00:00,  6.43step/s][Origin 7/13] 🎲 Drawing Posterior Samples: 100%|█████████▉| 1505/1508 [01:45<00:00,  6.35step/s][Origin 7/13] 🎲 Drawing Posterior Samples: 100%|█████████▉| 1506/1508 [01:45<00:00,  6.32step/s][Origin 7/13] 🎲 Drawing Posterior Samples: 100%|█████████▉| 1507/1508 [01:46<00:00,  6.17step/s][Origin 7/13] 🎲 Drawing Posterior Samples: 100%|██████████| 1508/1508 [01:46<00:00,  6.04step/s]                                                                                                 [Origin 8/13] 🎲 Drawing Posterior Samples:   0%|          | 0/1512 [00:00<?, ?step/s][Origin 8/13] 🎲 Drawing Posterior Samples:   0%|          | 4/1512 [00:00<00:51, 29.21step/s][Origin 8/13] 🎲 Drawing Posterior Samples:   1%|          | 11/1512 [00:00<00:32, 46.46step/s][Origin 8/13] 🎲 Drawing Posterior Samples:   1%|          | 16/1512 [00:00<00:34, 43.76step/s][Origin 8/13] 🎲 Drawing Posterior Samples:   1%|▏         | 21/1512 [00:00<00:35, 41.64step/s][Origin 8/13] 🎲 Drawing Posterior Samples:   2%|▏         | 26/1512 [00:00<00:37, 39.86step/s][Origin 8/13] 🎲 Drawing Posterior Samples:   2%|▏         | 31/1512 [00:00<00:49, 29.82step/s][Origin 8/13] 🎲 Drawing Posterior Samples:   2%|▏         | 35/1512 [00:01<00:55, 26.46step/s][Origin 8/13] 🎲 Drawing Posterior Samples:   3%|▎         | 38/1512 [00:01<00:59, 24.64step/s][Origin 8/13] 🎲 Drawing Posterior Samples:   3%|▎         | 41/1512 [00:01<01:03, 23.29step/s][Origin 8/13] 🎲 Drawing Posterior Samples:   3%|▎         | 44/1512 [00:01<01:05, 22.37step/s][Origin 8/13] 🎲 Drawing Posterior Samples:   3%|▎         | 47/1512 [00:01<01:08, 21.53step/s][Origin 8/13] 🎲 Drawing Posterior Samples:   3%|▎         | 50/1512 [00:01<01:08, 21.22step/s][Origin 8/13] 🎲 Drawing Posterior Samples:   4%|▎         | 53/1512 [00:01<01:10, 20.72step/s][Origin 8/13] 🎲 Drawing Posterior Samples:   4%|▎         | 56/1512 [00:02<01:11, 20.40step/s][Origin 8/13] 🎲 Drawing Posterior Samples:   4%|▍         | 59/1512 [00:02<01:13, 19.81step/s][Origin 8/13] 🎲 Drawing Posterior Samples:   4%|▍         | 61/1512 [00:02<01:13, 19.73step/s][Origin 8/13] 🎲 Drawing Posterior Samples:   4%|▍         | 63/1512 [00:02<01:13, 19.74step/s][Origin 8/13] 🎲 Drawing Posterior Samples:   4%|▍         | 65/1512 [00:02<01:16, 18.90step/s][Origin 8/13] 🎲 Drawing Posterior Samples:   4%|▍         | 67/1512 [00:02<01:19, 18.25step/s][Origin 8/13] 🎲 Drawing Posterior Samples:   5%|▍         | 69/1512 [00:02<01:19, 18.14step/s][Origin 8/13] 🎲 Drawing Posterior Samples:   5%|▍         | 72/1512 [00:02<01:13, 19.72step/s][Origin 8/13] 🎲 Drawing Posterior Samples:   5%|▍         | 74/1512 [00:03<01:12, 19.73step/s][Origin 8/13] 🎲 Drawing Posterior Samples:   5%|▌         | 76/1512 [00:03<01:12, 19.79step/s][Origin 8/13] 🎲 Drawing Posterior Samples:   5%|▌         | 79/1512 [00:03<01:05, 21.95step/s][Origin 8/13] 🎲 Drawing Posterior Samples:   5%|▌         | 82/1512 [00:03<01:10, 20.20step/s][Origin 8/13] 🎲 Drawing Posterior Samples:   6%|▌         | 85/1512 [00:03<01:10, 20.12step/s][Origin 8/13] 🎲 Drawing Posterior Samples:   6%|▌         | 88/1512 [00:03<01:11, 19.94step/s][Origin 8/13] 🎲 Drawing Posterior Samples:   6%|▌         | 91/1512 [00:03<01:10, 20.06step/s][Origin 8/13] 🎲 Drawing Posterior Samples:   6%|▌         | 94/1512 [00:04<01:10, 20.05step/s][Origin 8/13] 🎲 Drawing Posterior Samples:   6%|▋         | 97/1512 [00:04<01:10, 20.03step/s][Origin 8/13] 🎲 Drawing Posterior Samples:   7%|▋         | 100/1512 [00:04<01:10, 20.04step/s][Origin 8/13] 🎲 Drawing Posterior Samples:   7%|▋         | 103/1512 [00:04<01:09, 20.14step/s][Origin 8/13] 🎲 Drawing Posterior Samples:   7%|▋         | 106/1512 [00:04<01:08, 20.44step/s][Origin 8/13] 🎲 Drawing Posterior Samples:   7%|▋         | 109/1512 [00:04<01:10, 20.04step/s][Origin 8/13] 🎲 Drawing Posterior Samples:   7%|▋         | 112/1512 [00:04<01:08, 20.52step/s][Origin 8/13] 🎲 Drawing Posterior Samples:   8%|▊         | 115/1512 [00:05<01:08, 20.32step/s][Origin 8/13] 🎲 Drawing Posterior Samples:   8%|▊         | 118/1512 [00:05<01:06, 21.07step/s][Origin 8/13] 🎲 Drawing Posterior Samples:   8%|▊         | 121/1512 [00:05<01:01, 22.56step/s][Origin 8/13] 🎲 Drawing Posterior Samples:   8%|▊         | 124/1512 [00:05<00:59, 23.40step/s][Origin 8/13] 🎲 Drawing Posterior Samples:   9%|▊         | 129/1512 [00:05<00:46, 29.64step/s][Origin 8/13] 🎲 Drawing Posterior Samples:   9%|▉         | 135/1512 [00:05<00:38, 36.15step/s][Origin 8/13] 🎲 Drawing Posterior Samples:   9%|▉         | 141/1512 [00:05<00:33, 40.88step/s][Origin 8/13] 🎲 Drawing Posterior Samples:  10%|▉         | 146/1512 [00:05<00:33, 41.13step/s][Origin 8/13] 🎲 Drawing Posterior Samples:  10%|█         | 152/1512 [00:06<00:30, 44.31step/s][Origin 8/13] 🎲 Drawing Posterior Samples:  10%|█         | 158/1512 [00:06<00:29, 46.45step/s][Origin 8/13] 🎲 Drawing Posterior Samples:  11%|█         | 163/1512 [00:06<00:32, 41.88step/s][Origin 8/13] 🎲 Drawing Posterior Samples:  11%|█         | 169/1512 [00:06<00:29, 44.90step/s][Origin 8/13] 🎲 Drawing Posterior Samples:  12%|█▏        | 174/1512 [00:06<00:29, 44.62step/s][Origin 8/13] 🎲 Drawing Posterior Samples:  12%|█▏        | 180/1512 [00:06<00:28, 46.86step/s][Origin 8/13] 🎲 Drawing Posterior Samples:  12%|█▏        | 186/1512 [00:06<00:27, 48.14step/s][Origin 8/13] 🎲 Drawing Posterior Samples:  13%|█▎        | 192/1512 [00:06<00:26, 49.36step/s][Origin 8/13] 🎲 Drawing Posterior Samples:  13%|█▎        | 198/1512 [00:06<00:26, 50.28step/s][Origin 8/13] 🎲 Drawing Posterior Samples:  13%|█▎        | 204/1512 [00:07<00:26, 48.76step/s][Origin 8/13] 🎲 Drawing Posterior Samples:  14%|█▍        | 210/1512 [00:07<00:26, 49.89step/s][Origin 8/13] 🎲 Drawing Posterior Samples:  14%|█▍        | 216/1512 [00:07<00:25, 50.31step/s][Origin 8/13] 🎲 Drawing Posterior Samples:  15%|█▍        | 222/1512 [00:07<00:25, 50.88step/s][Origin 8/13] 🎲 Drawing Posterior Samples:  15%|█▌        | 228/1512 [00:07<00:25, 51.31step/s][Origin 8/13] 🎲 Drawing Posterior Samples:  15%|█▌        | 234/1512 [00:07<00:25, 50.26step/s][Origin 8/13] 🎲 Drawing Posterior Samples:  16%|█▌        | 240/1512 [00:07<00:25, 49.93step/s][Origin 8/13] 🎲 Drawing Posterior Samples:  16%|█▋        | 246/1512 [00:07<00:25, 50.62step/s][Origin 8/13] 🎲 Drawing Posterior Samples:  17%|█▋        | 252/1512 [00:08<00:24, 51.11step/s][Origin 8/13] 🎲 Drawing Posterior Samples:  17%|█▋        | 258/1512 [00:08<00:24, 51.37step/s][Origin 8/13] 🎲 Drawing Posterior Samples:  17%|█▋        | 264/1512 [00:08<00:24, 50.64step/s][Origin 8/13] 🎲 Drawing Posterior Samples:  18%|█▊        | 270/1512 [00:08<00:24, 50.00step/s][Origin 8/13] 🎲 Drawing Posterior Samples:  18%|█▊        | 276/1512 [00:08<00:24, 50.67step/s][Origin 8/13] 🎲 Drawing Posterior Samples:  19%|█▊        | 282/1512 [00:08<00:24, 51.13step/s][Origin 8/13] 🎲 Drawing Posterior Samples:  19%|█▉        | 288/1512 [00:08<00:23, 51.48step/s][Origin 8/13] 🎲 Drawing Posterior Samples:  19%|█▉        | 294/1512 [00:08<00:23, 51.47step/s][Origin 8/13] 🎲 Drawing Posterior Samples:  20%|█▉        | 300/1512 [00:09<00:24, 49.36step/s][Origin 8/13] 🎲 Drawing Posterior Samples:  20%|██        | 306/1512 [00:09<00:24, 50.22step/s][Origin 8/13] 🎲 Drawing Posterior Samples:  21%|██        | 312/1512 [00:09<00:23, 50.83step/s][Origin 8/13] 🎲 Drawing Posterior Samples:  21%|██        | 318/1512 [00:09<00:23, 50.74step/s][Origin 8/13] 🎲 Drawing Posterior Samples:  21%|██▏       | 324/1512 [00:09<00:23, 51.16step/s][Origin 8/13] 🎲 Drawing Posterior Samples:  22%|██▏       | 330/1512 [00:09<00:24, 49.19step/s][Origin 8/13] 🎲 Drawing Posterior Samples:  22%|██▏       | 336/1512 [00:09<00:23, 50.10step/s][Origin 8/13] 🎲 Drawing Posterior Samples:  23%|██▎       | 342/1512 [00:09<00:23, 50.75step/s][Origin 8/13] 🎲 Drawing Posterior Samples:  23%|██▎       | 348/1512 [00:11<01:33, 12.49step/s][Origin 8/13] 🎲 Drawing Posterior Samples:  23%|██▎       | 352/1512 [00:12<02:36,  7.43step/s][Origin 8/13] 🎲 Drawing Posterior Samples:  23%|██▎       | 355/1512 [00:13<03:04,  6.26step/s][Origin 8/13] 🎲 Drawing Posterior Samples:  24%|██▎       | 357/1512 [00:13<03:24,  5.64step/s][Origin 8/13] 🎲 Drawing Posterior Samples:  24%|██▎       | 359/1512 [00:14<03:39,  5.25step/s][Origin 8/13] 🎲 Drawing Posterior Samples:  24%|██▍       | 361/1512 [00:14<03:58,  4.83step/s][Origin 8/13] 🎲 Drawing Posterior Samples:  24%|██▍       | 362/1512 [00:15<04:05,  4.69step/s][Origin 8/13] 🎲 Drawing Posterior Samples:  24%|██▍       | 363/1512 [00:15<04:15,  4.50step/s][Origin 8/13] 🎲 Drawing Posterior Samples:  24%|██▍       | 364/1512 [00:15<04:41,  4.08step/s][Origin 8/13] 🎲 Drawing Posterior Samples:  24%|██▍       | 365/1512 [00:15<04:41,  4.07step/s][Origin 8/13] 🎲 Drawing Posterior Samples:  24%|██▍       | 366/1512 [00:16<04:44,  4.03step/s][Origin 8/13] 🎲 Drawing Posterior Samples:  24%|██▍       | 367/1512 [00:16<05:00,  3.82step/s][Origin 8/13] 🎲 Drawing Posterior Samples:  24%|██▍       | 368/1512 [00:16<05:21,  3.55step/s][Origin 8/13] 🎲 Drawing Posterior Samples:  24%|██▍       | 369/1512 [00:17<05:06,  3.73step/s][Origin 8/13] 🎲 Drawing Posterior Samples:  24%|██▍       | 370/1512 [00:17<04:57,  3.84step/s][Origin 8/13] 🎲 Drawing Posterior Samples:  25%|██▍       | 371/1512 [00:17<05:17,  3.59step/s][Origin 8/13] 🎲 Drawing Posterior Samples:  25%|██▍       | 372/1512 [00:17<05:12,  3.64step/s][Origin 8/13] 🎲 Drawing Posterior Samples:  25%|██▍       | 373/1512 [00:18<05:35,  3.40step/s][Origin 8/13] 🎲 Drawing Posterior Samples:  25%|██▍       | 374/1512 [00:18<05:12,  3.64step/s][Origin 8/13] 🎲 Drawing Posterior Samples:  25%|██▍       | 375/1512 [00:18<05:29,  3.45step/s][Origin 8/13] 🎲 Drawing Posterior Samples:  25%|██▍       | 376/1512 [00:19<05:29,  3.45step/s][Origin 8/13] 🎲 Drawing Posterior Samples:  25%|██▍       | 377/1512 [00:19<05:13,  3.63step/s][Origin 8/13] 🎲 Drawing Posterior Samples:  25%|██▌       | 378/1512 [00:19<06:01,  3.13step/s][Origin 8/13] 🎲 Drawing Posterior Samples:  25%|██▌       | 379/1512 [00:39<1:53:25,  6.01s/step][Origin 8/13] 🎲 Drawing Posterior Samples:  25%|██▌       | 385/1512 [00:39<31:54,  1.70s/step]  [Origin 8/13] 🎲 Drawing Posterior Samples:  26%|██▌       | 391/1512 [00:39<15:50,  1.18step/s][Origin 8/13] 🎲 Drawing Posterior Samples:  26%|██▋       | 397/1512 [00:39<09:17,  2.00step/s][Origin 8/13] 🎲 Drawing Posterior Samples:  27%|██▋       | 402/1512 [00:39<06:18,  2.94step/s][Origin 8/13] 🎲 Drawing Posterior Samples:  27%|██▋       | 408/1512 [00:39<04:06,  4.47step/s][Origin 8/13] 🎲 Drawing Posterior Samples:  27%|██▋       | 414/1512 [00:39<02:48,  6.51step/s][Origin 8/13] 🎲 Drawing Posterior Samples:  28%|██▊       | 420/1512 [00:39<01:59,  9.14step/s][Origin 8/13] 🎲 Drawing Posterior Samples:  28%|██▊       | 426/1512 [00:40<01:27, 12.41step/s][Origin 8/13] 🎲 Drawing Posterior Samples:  29%|██▊       | 431/1512 [00:40<01:09, 15.49step/s][Origin 8/13] 🎲 Drawing Posterior Samples:  29%|██▉       | 437/1512 [00:40<00:53, 20.01step/s][Origin 8/13] 🎲 Drawing Posterior Samples:  29%|██▉       | 443/1512 [00:40<00:43, 24.81step/s][Origin 8/13] 🎲 Drawing Posterior Samples:  30%|██▉       | 449/1512 [00:40<00:35, 29.60step/s][Origin 8/13] 🎲 Drawing Posterior Samples:  30%|███       | 455/1512 [00:40<00:30, 34.14step/s][Origin 8/13] 🎲 Drawing Posterior Samples:  30%|███       | 461/1512 [00:40<00:28, 37.02step/s][Origin 8/13] 🎲 Drawing Posterior Samples:  31%|███       | 467/1512 [00:40<00:25, 40.72step/s][Origin 8/13] 🎲 Drawing Posterior Samples:  31%|███▏      | 473/1512 [00:40<00:23, 43.74step/s][Origin 8/13] 🎲 Drawing Posterior Samples:  32%|███▏      | 479/1512 [00:41<00:22, 46.11step/s][Origin 8/13] 🎲 Drawing Posterior Samples:  32%|███▏      | 485/1512 [00:41<00:21, 47.89step/s][Origin 8/13] 🎲 Drawing Posterior Samples:  32%|███▏      | 491/1512 [00:41<00:21, 46.92step/s][Origin 8/13] 🎲 Drawing Posterior Samples:  33%|███▎      | 497/1512 [00:41<00:20, 48.48step/s][Origin 8/13] 🎲 Drawing Posterior Samples:  33%|███▎      | 503/1512 [00:41<00:20, 49.53step/s][Origin 8/13] 🎲 Drawing Posterior Samples:  34%|███▎      | 509/1512 [00:41<00:19, 50.33step/s][Origin 8/13] 🎲 Drawing Posterior Samples:  34%|███▍      | 515/1512 [00:41<00:19, 50.93step/s][Origin 8/13] 🎲 Drawing Posterior Samples:  34%|███▍      | 521/1512 [00:41<00:19, 50.23step/s][Origin 8/13] 🎲 Drawing Posterior Samples:  35%|███▍      | 527/1512 [00:42<00:19, 49.83step/s][Origin 8/13] 🎲 Drawing Posterior Samples:  35%|███▌      | 533/1512 [00:42<00:19, 50.61step/s][Origin 8/13] 🎲 Drawing Posterior Samples:  36%|███▌      | 539/1512 [00:42<00:18, 51.24step/s][Origin 8/13] 🎲 Drawing Posterior Samples:  36%|███▌      | 545/1512 [00:42<00:18, 51.66step/s][Origin 8/13] 🎲 Drawing Posterior Samples:  36%|███▋      | 551/1512 [00:42<00:18, 51.87step/s][Origin 8/13] 🎲 Drawing Posterior Samples:  37%|███▋      | 557/1512 [00:42<00:19, 49.86step/s][Origin 8/13] 🎲 Drawing Posterior Samples:  37%|███▋      | 563/1512 [00:42<00:18, 50.58step/s][Origin 8/13] 🎲 Drawing Posterior Samples:  38%|███▊      | 569/1512 [00:42<00:18, 51.09step/s][Origin 8/13] 🎲 Drawing Posterior Samples:  38%|███▊      | 575/1512 [00:42<00:18, 51.47step/s][Origin 8/13] 🎲 Drawing Posterior Samples:  38%|███▊      | 581/1512 [00:43<00:18, 51.69step/s][Origin 8/13] 🎲 Drawing Posterior Samples:  39%|███▉      | 587/1512 [00:43<00:18, 49.63step/s][Origin 8/13] 🎲 Drawing Posterior Samples:  39%|███▉      | 593/1512 [00:43<00:18, 50.27step/s][Origin 8/13] 🎲 Drawing Posterior Samples:  40%|███▉      | 599/1512 [00:43<00:17, 51.01step/s][Origin 8/13] 🎲 Drawing Posterior Samples:  40%|████      | 605/1512 [00:43<00:17, 51.50step/s][Origin 8/13] 🎲 Drawing Posterior Samples:  40%|████      | 611/1512 [00:43<00:17, 51.78step/s][Origin 8/13] 🎲 Drawing Posterior Samples:  41%|████      | 617/1512 [00:43<00:17, 49.84step/s][Origin 8/13] 🎲 Drawing Posterior Samples:  41%|████      | 623/1512 [00:43<00:17, 50.60step/s][Origin 8/13] 🎲 Drawing Posterior Samples:  42%|████▏     | 629/1512 [00:44<00:17, 51.09step/s][Origin 8/13] 🎲 Drawing Posterior Samples:  42%|████▏     | 635/1512 [00:44<00:17, 51.40step/s][Origin 8/13] 🎲 Drawing Posterior Samples:  42%|████▏     | 641/1512 [00:44<00:16, 51.62step/s][Origin 8/13] 🎲 Drawing Posterior Samples:  43%|████▎     | 647/1512 [00:44<00:17, 49.62step/s][Origin 8/13] 🎲 Drawing Posterior Samples:  43%|████▎     | 653/1512 [00:44<00:17, 50.49step/s][Origin 8/13] 🎲 Drawing Posterior Samples:  44%|████▎     | 659/1512 [00:44<00:16, 51.08step/s][Origin 8/13] 🎲 Drawing Posterior Samples:  44%|████▍     | 665/1512 [00:44<00:16, 51.26step/s][Origin 8/13] 🎲 Drawing Posterior Samples:  44%|████▍     | 671/1512 [00:44<00:16, 51.61step/s][Origin 8/13] 🎲 Drawing Posterior Samples:  45%|████▍     | 677/1512 [00:44<00:16, 49.86step/s][Origin 8/13] 🎲 Drawing Posterior Samples:  45%|████▌     | 683/1512 [00:45<00:16, 50.63step/s][Origin 8/13] 🎲 Drawing Posterior Samples:  46%|████▌     | 689/1512 [00:45<00:16, 51.11step/s][Origin 8/13] 🎲 Drawing Posterior Samples:  46%|████▌     | 695/1512 [00:45<00:15, 51.15step/s][Origin 8/13] 🎲 Drawing Posterior Samples:  46%|████▋     | 701/1512 [00:45<00:15, 51.45step/s][Origin 8/13] 🎲 Drawing Posterior Samples:  47%|████▋     | 707/1512 [00:45<00:16, 49.41step/s][Origin 8/13] 🎲 Drawing Posterior Samples:  47%|████▋     | 713/1512 [00:45<00:15, 50.29step/s][Origin 8/13] 🎲 Drawing Posterior Samples:  48%|████▊     | 719/1512 [00:45<00:15, 51.02step/s][Origin 8/13] 🎲 Drawing Posterior Samples:  48%|████▊     | 725/1512 [00:46<00:35, 22.30step/s][Origin 8/13] 🎲 Drawing Posterior Samples:  48%|████▊     | 729/1512 [00:47<00:54, 14.36step/s][Origin 8/13] 🎲 Drawing Posterior Samples:  48%|████▊     | 732/1512 [00:47<01:08, 11.35step/s][Origin 8/13] 🎲 Drawing Posterior Samples:  49%|████▊     | 735/1512 [00:48<01:24,  9.21step/s][Origin 8/13] 🎲 Drawing Posterior Samples:  49%|████▊     | 737/1512 [00:48<01:32,  8.40step/s][Origin 8/13] 🎲 Drawing Posterior Samples:  49%|████▉     | 739/1512 [00:48<01:40,  7.72step/s][Origin 8/13] 🎲 Drawing Posterior Samples:  49%|████▉     | 741/1512 [00:49<01:46,  7.26step/s][Origin 8/13] 🎲 Drawing Posterior Samples:  49%|████▉     | 742/1512 [00:49<01:48,  7.08step/s][Origin 8/13] 🎲 Drawing Posterior Samples:  49%|████▉     | 743/1512 [00:49<01:49,  6.99step/s][Origin 8/13] 🎲 Drawing Posterior Samples:  49%|████▉     | 744/1512 [00:49<01:50,  6.98step/s][Origin 8/13] 🎲 Drawing Posterior Samples:  49%|████▉     | 745/1512 [00:49<01:51,  6.87step/s][Origin 8/13] 🎲 Drawing Posterior Samples:  49%|████▉     | 746/1512 [00:49<01:57,  6.49step/s][Origin 8/13] 🎲 Drawing Posterior Samples:  49%|████▉     | 747/1512 [00:50<02:05,  6.09step/s][Origin 8/13] 🎲 Drawing Posterior Samples:  49%|████▉     | 748/1512 [00:50<02:12,  5.78step/s][Origin 8/13] 🎲 Drawing Posterior Samples:  50%|████▉     | 749/1512 [00:50<02:12,  5.76step/s][Origin 8/13] 🎲 Drawing Posterior Samples:  50%|████▉     | 750/1512 [00:50<02:10,  5.83step/s][Origin 8/13] 🎲 Drawing Posterior Samples:  50%|████▉     | 751/1512 [00:50<02:08,  5.92step/s][Origin 8/13] 🎲 Drawing Posterior Samples:  50%|████▉     | 752/1512 [00:50<02:04,  6.10step/s][Origin 8/13] 🎲 Drawing Posterior Samples:  50%|████▉     | 753/1512 [00:51<02:07,  5.97step/s][Origin 8/13] 🎲 Drawing Posterior Samples:  50%|████▉     | 754/1512 [00:51<02:11,  5.78step/s][Origin 8/13] 🎲 Drawing Posterior Samples:  50%|████▉     | 755/1512 [00:51<02:10,  5.79step/s][Origin 8/13] 🎲 Drawing Posterior Samples:  50%|█████     | 756/1512 [00:51<02:24,  5.21step/s][Origin 8/13] 🎲 Drawing Posterior Samples:  50%|█████     | 757/1512 [01:04<49:19,  3.92s/step][Origin 8/13] 🎲 Drawing Posterior Samples:  50%|█████     | 763/1512 [01:04<13:55,  1.12s/step][Origin 8/13] 🎲 Drawing Posterior Samples:  51%|█████     | 769/1512 [01:04<06:55,  1.79step/s][Origin 8/13] 🎲 Drawing Posterior Samples:  51%|█████     | 774/1512 [01:04<04:23,  2.80step/s][Origin 8/13] 🎲 Drawing Posterior Samples:  52%|█████▏    | 779/1512 [01:04<02:55,  4.18step/s][Origin 8/13] 🎲 Drawing Posterior Samples:  52%|█████▏    | 785/1512 [01:04<01:53,  6.38step/s][Origin 8/13] 🎲 Drawing Posterior Samples:  52%|█████▏    | 791/1512 [01:05<01:18,  9.20step/s][Origin 8/13] 🎲 Drawing Posterior Samples:  53%|█████▎    | 797/1512 [01:05<00:56, 12.68step/s][Origin 8/13] 🎲 Drawing Posterior Samples:  53%|█████▎    | 803/1512 [01:05<00:42, 16.75step/s][Origin 8/13] 🎲 Drawing Posterior Samples:  53%|█████▎    | 808/1512 [01:05<00:34, 20.26step/s][Origin 8/13] 🎲 Drawing Posterior Samples:  54%|█████▍    | 814/1512 [01:05<00:27, 25.24step/s][Origin 8/13] 🎲 Drawing Posterior Samples:  54%|█████▍    | 820/1512 [01:05<00:22, 30.13step/s][Origin 8/13] 🎲 Drawing Posterior Samples:  55%|█████▍    | 826/1512 [01:05<00:19, 34.67step/s][Origin 8/13] 🎲 Drawing Posterior Samples:  55%|█████▌    | 832/1512 [01:05<00:17, 38.65step/s][Origin 8/13] 🎲 Drawing Posterior Samples:  55%|█████▌    | 838/1512 [01:06<00:16, 40.39step/s][Origin 8/13] 🎲 Drawing Posterior Samples:  56%|█████▌    | 844/1512 [01:06<00:15, 43.52step/s][Origin 8/13] 🎲 Drawing Posterior Samples:  56%|█████▌    | 850/1512 [01:06<00:14, 45.94step/s][Origin 8/13] 🎲 Drawing Posterior Samples:  57%|█████▋    | 856/1512 [01:06<00:13, 47.76step/s][Origin 8/13] 🎲 Drawing Posterior Samples:  57%|█████▋    | 862/1512 [01:06<00:13, 49.06step/s][Origin 8/13] 🎲 Drawing Posterior Samples:  57%|█████▋    | 868/1512 [01:06<00:13, 47.80step/s][Origin 8/13] 🎲 Drawing Posterior Samples:  58%|█████▊    | 874/1512 [01:06<00:12, 49.08step/s][Origin 8/13] 🎲 Drawing Posterior Samples:  58%|█████▊    | 880/1512 [01:06<00:12, 50.02step/s][Origin 8/13] 🎲 Drawing Posterior Samples:  59%|█████▊    | 886/1512 [01:06<00:12, 50.68step/s][Origin 8/13] 🎲 Drawing Posterior Samples:  59%|█████▉    | 892/1512 [01:07<00:12, 51.13step/s][Origin 8/13] 🎲 Drawing Posterior Samples:  59%|█████▉    | 898/1512 [01:07<00:12, 49.32step/s][Origin 8/13] 🎲 Drawing Posterior Samples:  60%|█████▉    | 904/1512 [01:07<00:12, 50.08step/s][Origin 8/13] 🎲 Drawing Posterior Samples:  60%|██████    | 910/1512 [01:07<00:11, 50.88step/s][Origin 8/13] 🎲 Drawing Posterior Samples:  61%|██████    | 916/1512 [01:07<00:11, 51.44step/s][Origin 8/13] 🎲 Drawing Posterior Samples:  61%|██████    | 922/1512 [01:07<00:11, 51.74step/s][Origin 8/13] 🎲 Drawing Posterior Samples:  61%|██████▏   | 928/1512 [01:07<00:11, 49.49step/s][Origin 8/13] 🎲 Drawing Posterior Samples:  62%|██████▏   | 934/1512 [01:07<00:11, 50.41step/s][Origin 8/13] 🎲 Drawing Posterior Samples:  62%|██████▏   | 940/1512 [01:08<00:11, 50.98step/s][Origin 8/13] 🎲 Drawing Posterior Samples:  63%|██████▎   | 946/1512 [01:08<00:11, 51.30step/s][Origin 8/13] 🎲 Drawing Posterior Samples:  63%|██████▎   | 952/1512 [01:08<00:10, 51.60step/s][Origin 8/13] 🎲 Drawing Posterior Samples:  63%|██████▎   | 958/1512 [01:08<00:11, 49.60step/s][Origin 8/13] 🎲 Drawing Posterior Samples:  64%|██████▍   | 964/1512 [01:08<00:10, 50.54step/s][Origin 8/13] 🎲 Drawing Posterior Samples:  64%|██████▍   | 970/1512 [01:08<00:10, 51.16step/s][Origin 8/13] 🎲 Drawing Posterior Samples:  65%|██████▍   | 976/1512 [01:08<00:10, 51.56step/s][Origin 8/13] 🎲 Drawing Posterior Samples:  65%|██████▍   | 982/1512 [01:08<00:10, 51.74step/s][Origin 8/13] 🎲 Drawing Posterior Samples:  65%|██████▌   | 988/1512 [01:08<00:10, 51.07step/s][Origin 8/13] 🎲 Drawing Posterior Samples:  66%|██████▌   | 994/1512 [01:09<00:10, 50.14step/s][Origin 8/13] 🎲 Drawing Posterior Samples:  66%|██████▌   | 1000/1512 [01:09<00:10, 50.78step/s][Origin 8/13] 🎲 Drawing Posterior Samples:  67%|██████▋   | 1006/1512 [01:09<00:09, 50.93step/s][Origin 8/13] 🎲 Drawing Posterior Samples:  67%|██████▋   | 1012/1512 [01:09<00:09, 51.31step/s][Origin 8/13] 🎲 Drawing Posterior Samples:  67%|██████▋   | 1018/1512 [01:09<00:09, 51.46step/s][Origin 8/13] 🎲 Drawing Posterior Samples:  68%|██████▊   | 1024/1512 [01:09<00:09, 49.61step/s][Origin 8/13] 🎲 Drawing Posterior Samples:  68%|██████▊   | 1030/1512 [01:09<00:09, 50.55step/s][Origin 8/13] 🎲 Drawing Posterior Samples:  69%|██████▊   | 1036/1512 [01:09<00:09, 51.10step/s][Origin 8/13] 🎲 Drawing Posterior Samples:  69%|██████▉   | 1042/1512 [01:10<00:09, 51.44step/s][Origin 8/13] 🎲 Drawing Posterior Samples:  69%|██████▉   | 1048/1512 [01:10<00:08, 51.68step/s][Origin 8/13] 🎲 Drawing Posterior Samples:  70%|██████▉   | 1054/1512 [01:10<00:09, 49.59step/s][Origin 8/13] 🎲 Drawing Posterior Samples:  70%|███████   | 1060/1512 [01:10<00:08, 50.47step/s][Origin 8/13] 🎲 Drawing Posterior Samples:  71%|███████   | 1066/1512 [01:10<00:08, 50.97step/s][Origin 8/13] 🎲 Drawing Posterior Samples:  71%|███████   | 1072/1512 [01:10<00:08, 51.36step/s][Origin 8/13] 🎲 Drawing Posterior Samples:  71%|███████▏  | 1078/1512 [01:10<00:08, 51.60step/s][Origin 8/13] 🎲 Drawing Posterior Samples:  72%|███████▏  | 1084/1512 [01:10<00:08, 49.61step/s][Origin 8/13] 🎲 Drawing Posterior Samples:  72%|███████▏  | 1090/1512 [01:10<00:08, 50.52step/s][Origin 8/13] 🎲 Drawing Posterior Samples:  72%|███████▏  | 1096/1512 [01:11<00:08, 51.09step/s][Origin 8/13] 🎲 Drawing Posterior Samples:  73%|███████▎  | 1102/1512 [01:11<00:17, 23.77step/s][Origin 8/13] 🎲 Drawing Posterior Samples:  73%|███████▎  | 1106/1512 [01:12<00:27, 14.82step/s][Origin 8/13] 🎲 Drawing Posterior Samples:  73%|███████▎  | 1109/1512 [01:12<00:35, 11.29step/s][Origin 8/13] 🎲 Drawing Posterior Samples:  74%|███████▎  | 1112/1512 [01:13<00:43,  9.15step/s][Origin 8/13] 🎲 Drawing Posterior Samples:  74%|███████▎  | 1114/1512 [01:13<00:49,  8.04step/s][Origin 8/13] 🎲 Drawing Posterior Samples:  74%|███████▍  | 1116/1512 [01:14<00:52,  7.53step/s][Origin 8/13] 🎲 Drawing Posterior Samples:  74%|███████▍  | 1118/1512 [01:14<00:57,  6.86step/s][Origin 8/13] 🎲 Drawing Posterior Samples:  74%|███████▍  | 1119/1512 [01:14<00:58,  6.76step/s][Origin 8/13] 🎲 Drawing Posterior Samples:  74%|███████▍  | 1120/1512 [01:14<01:00,  6.45step/s][Origin 8/13] 🎲 Drawing Posterior Samples:  74%|███████▍  | 1121/1512 [01:15<01:03,  6.19step/s][Origin 8/13] 🎲 Drawing Posterior Samples:  74%|███████▍  | 1122/1512 [01:15<01:02,  6.27step/s][Origin 8/13] 🎲 Drawing Posterior Samples:  74%|███████▍  | 1123/1512 [01:15<01:02,  6.21step/s][Origin 8/13] 🎲 Drawing Posterior Samples:  74%|███████▍  | 1124/1512 [01:15<01:06,  5.87step/s][Origin 8/13] 🎲 Drawing Posterior Samples:  74%|███████▍  | 1125/1512 [01:15<01:06,  5.79step/s][Origin 8/13] 🎲 Drawing Posterior Samples:  74%|███████▍  | 1126/1512 [01:15<01:06,  5.82step/s][Origin 8/13] 🎲 Drawing Posterior Samples:  75%|███████▍  | 1127/1512 [01:16<01:14,  5.18step/s][Origin 8/13] 🎲 Drawing Posterior Samples:  75%|███████▍  | 1128/1512 [01:16<01:30,  4.26step/s][Origin 8/13] 🎲 Drawing Posterior Samples:  75%|███████▍  | 1129/1512 [01:16<01:21,  4.70step/s][Origin 8/13] 🎲 Drawing Posterior Samples:  75%|███████▍  | 1130/1512 [01:16<01:23,  4.59step/s][Origin 8/13] 🎲 Drawing Posterior Samples:  75%|███████▍  | 1131/1512 [01:17<01:32,  4.11step/s][Origin 8/13] 🎲 Drawing Posterior Samples:  75%|███████▍  | 1132/1512 [01:17<01:20,  4.71step/s][Origin 8/13] 🎲 Drawing Posterior Samples:  75%|███████▍  | 1133/1512 [01:17<01:16,  4.98step/s][Origin 8/13] 🎲 Drawing Posterior Samples:  75%|███████▌  | 1134/1512 [01:17<01:10,  5.37step/s][Origin 8/13] 🎲 Drawing Posterior Samples:  75%|███████▌  | 1135/1512 [01:42<46:50,  7.46s/step][Origin 8/13] 🎲 Drawing Posterior Samples:  75%|███████▌  | 1141/1512 [01:42<13:01,  2.11s/step][Origin 8/13] 🎲 Drawing Posterior Samples:  76%|███████▌  | 1147/1512 [01:42<06:22,  1.05s/step][Origin 8/13] 🎲 Drawing Posterior Samples:  76%|███████▋  | 1153/1512 [01:42<03:41,  1.62step/s][Origin 8/13] 🎲 Drawing Posterior Samples:  77%|███████▋  | 1159/1512 [01:42<02:18,  2.55step/s][Origin 8/13] 🎲 Drawing Posterior Samples:  77%|███████▋  | 1165/1512 [01:42<01:30,  3.82step/s][Origin 8/13] 🎲 Drawing Posterior Samples:  77%|███████▋  | 1171/1512 [01:42<01:01,  5.52step/s][Origin 8/13] 🎲 Drawing Posterior Samples:  78%|███████▊  | 1177/1512 [01:42<00:43,  7.75step/s][Origin 8/13] 🎲 Drawing Posterior Samples:  78%|███████▊  | 1183/1512 [01:43<00:31, 10.61step/s][Origin 8/13] 🎲 Drawing Posterior Samples:  79%|███████▊  | 1189/1512 [01:43<00:22, 14.10step/s][Origin 8/13] 🎲 Drawing Posterior Samples:  79%|███████▉  | 1195/1512 [01:43<00:17, 18.18step/s][Origin 8/13] 🎲 Drawing Posterior Samples:  79%|███████▉  | 1201/1512 [01:43<00:13, 22.69step/s][Origin 8/13] 🎲 Drawing Posterior Samples:  80%|███████▉  | 1207/1512 [01:43<00:11, 27.38step/s][Origin 8/13] 🎲 Drawing Posterior Samples:  80%|████████  | 1213/1512 [01:43<00:09, 31.98step/s][Origin 8/13] 🎲 Drawing Posterior Samples:  81%|████████  | 1219/1512 [01:43<00:08, 36.24step/s][Origin 8/13] 🎲 Drawing Posterior Samples:  81%|████████  | 1225/1512 [01:43<00:07, 40.00step/s][Origin 8/13] 🎲 Drawing Posterior Samples:  81%|████████▏ | 1231/1512 [01:43<00:06, 43.17step/s][Origin 8/13] 🎲 Drawing Posterior Samples:  82%|████████▏ | 1237/1512 [01:44<00:06, 45.69step/s][Origin 8/13] 🎲 Drawing Posterior Samples:  82%|████████▏ | 1243/1512 [01:44<00:05, 47.63step/s][Origin 8/13] 🎲 Drawing Posterior Samples:  83%|████████▎ | 1249/1512 [01:44<00:05, 49.09step/s][Origin 8/13] 🎲 Drawing Posterior Samples:  83%|████████▎ | 1255/1512 [01:44<00:05, 50.08step/s][Origin 8/13] 🎲 Drawing Posterior Samples:  83%|████████▎ | 1261/1512 [01:44<00:04, 50.73step/s][Origin 8/13] 🎲 Drawing Posterior Samples:  84%|████████▍ | 1267/1512 [01:44<00:04, 51.19step/s][Origin 8/13] 🎲 Drawing Posterior Samples:  84%|████████▍ | 1273/1512 [01:44<00:04, 51.50step/s][Origin 8/13] 🎲 Drawing Posterior Samples:  85%|████████▍ | 1279/1512 [01:44<00:04, 51.72step/s][Origin 8/13] 🎲 Drawing Posterior Samples:  85%|████████▍ | 1285/1512 [01:44<00:04, 51.96step/s][Origin 8/13] 🎲 Drawing Posterior Samples:  85%|████████▌ | 1291/1512 [01:45<00:04, 52.24step/s][Origin 8/13] 🎲 Drawing Posterior Samples:  86%|████████▌ | 1297/1512 [01:45<00:04, 52.38step/s][Origin 8/13] 🎲 Drawing Posterior Samples:  86%|████████▌ | 1303/1512 [01:45<00:03, 52.50step/s][Origin 8/13] 🎲 Drawing Posterior Samples:  87%|████████▋ | 1309/1512 [01:45<00:03, 52.56step/s][Origin 8/13] 🎲 Drawing Posterior Samples:  87%|████████▋ | 1315/1512 [01:45<00:03, 52.49step/s][Origin 8/13] 🎲 Drawing Posterior Samples:  87%|████████▋ | 1321/1512 [01:45<00:03, 52.36step/s][Origin 8/13] 🎲 Drawing Posterior Samples:  88%|████████▊ | 1327/1512 [01:45<00:03, 52.38step/s][Origin 8/13] 🎲 Drawing Posterior Samples:  88%|████████▊ | 1333/1512 [01:45<00:03, 52.38step/s][Origin 8/13] 🎲 Drawing Posterior Samples:  89%|████████▊ | 1339/1512 [01:46<00:03, 52.33step/s][Origin 8/13] 🎲 Drawing Posterior Samples:  89%|████████▉ | 1345/1512 [01:46<00:03, 52.31step/s][Origin 8/13] 🎲 Drawing Posterior Samples:  89%|████████▉ | 1351/1512 [01:46<00:03, 52.45step/s][Origin 8/13] 🎲 Drawing Posterior Samples:  90%|████████▉ | 1357/1512 [01:46<00:02, 52.55step/s][Origin 8/13] 🎲 Drawing Posterior Samples:  90%|█████████ | 1363/1512 [01:46<00:02, 52.54step/s][Origin 8/13] 🎲 Drawing Posterior Samples:  91%|█████████ | 1369/1512 [01:46<00:02, 52.61step/s][Origin 8/13] 🎲 Drawing Posterior Samples:  91%|█████████ | 1375/1512 [01:46<00:02, 52.56step/s][Origin 8/13] 🎲 Drawing Posterior Samples:  91%|█████████▏| 1381/1512 [01:46<00:02, 52.46step/s][Origin 8/13] 🎲 Drawing Posterior Samples:  92%|█████████▏| 1387/1512 [01:46<00:02, 52.40step/s][Origin 8/13] 🎲 Drawing Posterior Samples:  92%|█████████▏| 1393/1512 [01:47<00:02, 52.40step/s][Origin 8/13] 🎲 Drawing Posterior Samples:  93%|█████████▎| 1399/1512 [01:47<00:02, 52.40step/s][Origin 8/13] 🎲 Drawing Posterior Samples:  93%|█████████▎| 1405/1512 [01:47<00:02, 52.38step/s][Origin 8/13] 🎲 Drawing Posterior Samples:  93%|█████████▎| 1411/1512 [01:47<00:01, 52.46step/s][Origin 8/13] 🎲 Drawing Posterior Samples:  94%|█████████▎| 1417/1512 [01:47<00:01, 52.58step/s][Origin 8/13] 🎲 Drawing Posterior Samples:  94%|█████████▍| 1423/1512 [01:47<00:01, 52.60step/s][Origin 8/13] 🎲 Drawing Posterior Samples:  95%|█████████▍| 1429/1512 [01:47<00:01, 52.56step/s][Origin 8/13] 🎲 Drawing Posterior Samples:  95%|█████████▍| 1435/1512 [01:47<00:01, 52.46step/s][Origin 8/13] 🎲 Drawing Posterior Samples:  95%|█████████▌| 1441/1512 [01:47<00:01, 52.40step/s][Origin 8/13] 🎲 Drawing Posterior Samples:  96%|█████████▌| 1447/1512 [01:48<00:01, 52.38step/s][Origin 8/13] 🎲 Drawing Posterior Samples:  96%|█████████▌| 1453/1512 [01:48<00:01, 52.36step/s][Origin 8/13] 🎲 Drawing Posterior Samples:  96%|█████████▋| 1459/1512 [01:48<00:01, 52.31step/s][Origin 8/13] 🎲 Drawing Posterior Samples:  97%|█████████▋| 1465/1512 [01:48<00:00, 52.34step/s][Origin 8/13] 🎲 Drawing Posterior Samples:  97%|█████████▋| 1471/1512 [01:48<00:00, 52.35step/s][Origin 8/13] 🎲 Drawing Posterior Samples:  98%|█████████▊| 1477/1512 [01:48<00:00, 36.78step/s][Origin 8/13] 🎲 Drawing Posterior Samples:  98%|█████████▊| 1482/1512 [01:49<00:01, 19.55step/s][Origin 8/13] 🎲 Drawing Posterior Samples:  98%|█████████▊| 1486/1512 [01:50<00:01, 13.32step/s][Origin 8/13] 🎲 Drawing Posterior Samples:  98%|█████████▊| 1489/1512 [01:50<00:02, 10.19step/s][Origin 8/13] 🎲 Drawing Posterior Samples:  99%|█████████▊| 1491/1512 [01:50<00:02,  9.23step/s][Origin 8/13] 🎲 Drawing Posterior Samples:  99%|█████████▊| 1493/1512 [01:51<00:02,  8.56step/s][Origin 8/13] 🎲 Drawing Posterior Samples:  99%|█████████▉| 1495/1512 [01:51<00:02,  7.86step/s][Origin 8/13] 🎲 Drawing Posterior Samples:  99%|█████████▉| 1497/1512 [01:51<00:02,  7.29step/s][Origin 8/13] 🎲 Drawing Posterior Samples:  99%|█████████▉| 1498/1512 [01:52<00:01,  7.09step/s][Origin 8/13] 🎲 Drawing Posterior Samples:  99%|█████████▉| 1499/1512 [01:52<00:01,  6.94step/s][Origin 8/13] 🎲 Drawing Posterior Samples:  99%|█████████▉| 1500/1512 [01:52<00:01,  6.84step/s][Origin 8/13] 🎲 Drawing Posterior Samples:  99%|█████████▉| 1501/1512 [01:52<00:01,  6.64step/s][Origin 8/13] 🎲 Drawing Posterior Samples:  99%|█████████▉| 1502/1512 [01:52<00:01,  6.22step/s][Origin 8/13] 🎲 Drawing Posterior Samples:  99%|█████████▉| 1503/1512 [01:52<00:01,  6.05step/s][Origin 8/13] 🎲 Drawing Posterior Samples:  99%|█████████▉| 1504/1512 [01:53<00:01,  5.79step/s][Origin 8/13] 🎲 Drawing Posterior Samples: 100%|█████████▉| 1505/1512 [01:53<00:01,  5.65step/s][Origin 8/13] 🎲 Drawing Posterior Samples: 100%|█████████▉| 1506/1512 [01:53<00:01,  5.62step/s][Origin 8/13] 🎲 Drawing Posterior Samples: 100%|█████████▉| 1507/1512 [01:53<00:00,  5.83step/s][Origin 8/13] 🎲 Drawing Posterior Samples: 100%|█████████▉| 1508/1512 [01:53<00:00,  5.63step/s][Origin 8/13] 🎲 Drawing Posterior Samples: 100%|█████████▉| 1509/1512 [01:53<00:00,  5.68step/s][Origin 8/13] 🎲 Drawing Posterior Samples: 100%|█████████▉| 1510/1512 [01:54<00:00,  5.64step/s][Origin 8/13] 🎲 Drawing Posterior Samples: 100%|█████████▉| 1511/1512 [01:54<00:00,  5.83step/s][Origin 8/13] 🎲 Drawing Posterior Samples: 100%|██████████| 1512/1512 [01:54<00:00,  5.85step/s]                                                                                                 [Origin 9/13] 🎲 Drawing Posterior Samples:   0%|          | 0/1516 [00:00<?, ?step/s][Origin 9/13] 🎲 Drawing Posterior Samples:   0%|          | 7/1516 [00:00<00:25, 59.68step/s][Origin 9/13] 🎲 Drawing Posterior Samples:   1%|          | 13/1516 [00:00<00:27, 55.55step/s][Origin 9/13] 🎲 Drawing Posterior Samples:   1%|▏         | 19/1516 [00:00<00:27, 54.33step/s][Origin 9/13] 🎲 Drawing Posterior Samples:   2%|▏         | 25/1516 [00:00<00:27, 53.79step/s][Origin 9/13] 🎲 Drawing Posterior Samples:   2%|▏         | 31/1516 [00:00<00:27, 53.42step/s][Origin 9/13] 🎲 Drawing Posterior Samples:   2%|▏         | 37/1516 [00:00<00:27, 53.19step/s][Origin 9/13] 🎲 Drawing Posterior Samples:   3%|▎         | 43/1516 [00:00<00:29, 49.56step/s][Origin 9/13] 🎲 Drawing Posterior Samples:   3%|▎         | 49/1516 [00:00<00:28, 50.61step/s][Origin 9/13] 🎲 Drawing Posterior Samples:   4%|▎         | 55/1516 [00:01<00:28, 51.20step/s][Origin 9/13] 🎲 Drawing Posterior Samples:   4%|▍         | 61/1516 [00:01<00:28, 51.51step/s][Origin 9/13] 🎲 Drawing Posterior Samples:   4%|▍         | 67/1516 [00:01<00:28, 51.72step/s][Origin 9/13] 🎲 Drawing Posterior Samples:   5%|▍         | 73/1516 [00:01<00:27, 51.86step/s][Origin 9/13] 🎲 Drawing Posterior Samples:   5%|▌         | 79/1516 [00:01<00:27, 51.98step/s][Origin 9/13] 🎲 Drawing Posterior Samples:   6%|▌         | 85/1516 [00:01<00:27, 52.12step/s][Origin 9/13] 🎲 Drawing Posterior Samples:   6%|▌         | 91/1516 [00:01<00:27, 52.23step/s][Origin 9/13] 🎲 Drawing Posterior Samples:   6%|▋         | 97/1516 [00:01<00:27, 52.38step/s][Origin 9/13] 🎲 Drawing Posterior Samples:   7%|▋         | 103/1516 [00:01<00:26, 52.51step/s][Origin 9/13] 🎲 Drawing Posterior Samples:   7%|▋         | 109/1516 [00:02<00:26, 52.56step/s][Origin 9/13] 🎲 Drawing Posterior Samples:   8%|▊         | 115/1516 [00:02<00:26, 52.62step/s][Origin 9/13] 🎲 Drawing Posterior Samples:   8%|▊         | 121/1516 [00:02<00:26, 52.41step/s][Origin 9/13] 🎲 Drawing Posterior Samples:   8%|▊         | 127/1516 [00:02<00:26, 52.33step/s][Origin 9/13] 🎲 Drawing Posterior Samples:   9%|▉         | 133/1516 [00:02<00:26, 52.31step/s][Origin 9/13] 🎲 Drawing Posterior Samples:   9%|▉         | 139/1516 [00:02<00:26, 52.29step/s][Origin 9/13] 🎲 Drawing Posterior Samples:  10%|▉         | 145/1516 [00:02<00:26, 52.26step/s][Origin 9/13] 🎲 Drawing Posterior Samples:  10%|▉         | 151/1516 [00:02<00:26, 52.28step/s][Origin 9/13] 🎲 Drawing Posterior Samples:  10%|█         | 157/1516 [00:02<00:25, 52.37step/s][Origin 9/13] 🎲 Drawing Posterior Samples:  11%|█         | 163/1516 [00:03<00:25, 52.46step/s][Origin 9/13] 🎲 Drawing Posterior Samples:  11%|█         | 169/1516 [00:03<00:25, 52.48step/s][Origin 9/13] 🎲 Drawing Posterior Samples:  12%|█▏        | 175/1516 [00:03<00:25, 52.58step/s][Origin 9/13] 🎲 Drawing Posterior Samples:  12%|█▏        | 181/1516 [00:03<00:25, 52.63step/s][Origin 9/13] 🎲 Drawing Posterior Samples:  12%|█▏        | 187/1516 [00:03<00:25, 52.55step/s][Origin 9/13] 🎲 Drawing Posterior Samples:  13%|█▎        | 193/1516 [00:03<00:25, 52.45step/s][Origin 9/13] 🎲 Drawing Posterior Samples:  13%|█▎        | 199/1516 [00:03<00:25, 52.35step/s][Origin 9/13] 🎲 Drawing Posterior Samples:  14%|█▎        | 205/1516 [00:03<00:25, 52.31step/s][Origin 9/13] 🎲 Drawing Posterior Samples:  14%|█▍        | 211/1516 [00:04<00:24, 52.32step/s][Origin 9/13] 🎲 Drawing Posterior Samples:  14%|█▍        | 217/1516 [00:04<00:24, 52.38step/s][Origin 9/13] 🎲 Drawing Posterior Samples:  15%|█▍        | 223/1516 [00:04<00:24, 52.42step/s][Origin 9/13] 🎲 Drawing Posterior Samples:  15%|█▌        | 229/1516 [00:04<00:24, 52.54step/s][Origin 9/13] 🎲 Drawing Posterior Samples:  16%|█▌        | 235/1516 [00:04<00:24, 52.55step/s][Origin 9/13] 🎲 Drawing Posterior Samples:  16%|█▌        | 241/1516 [00:04<00:24, 52.55step/s][Origin 9/13] 🎲 Drawing Posterior Samples:  16%|█▋        | 247/1516 [00:04<00:24, 52.52step/s][Origin 9/13] 🎲 Drawing Posterior Samples:  17%|█▋        | 253/1516 [00:04<00:24, 52.44step/s][Origin 9/13] 🎲 Drawing Posterior Samples:  17%|█▋        | 259/1516 [00:04<00:23, 52.38step/s][Origin 9/13] 🎲 Drawing Posterior Samples:  17%|█▋        | 265/1516 [00:05<00:23, 52.32step/s][Origin 9/13] 🎲 Drawing Posterior Samples:  18%|█▊        | 271/1516 [00:05<00:23, 52.26step/s][Origin 9/13] 🎲 Drawing Posterior Samples:  18%|█▊        | 277/1516 [00:05<00:23, 52.34step/s][Origin 9/13] 🎲 Drawing Posterior Samples:  19%|█▊        | 283/1516 [00:05<00:23, 52.34step/s][Origin 9/13] 🎲 Drawing Posterior Samples:  19%|█▉        | 289/1516 [00:05<00:23, 52.39step/s][Origin 9/13] 🎲 Drawing Posterior Samples:  19%|█▉        | 295/1516 [00:05<00:23, 52.45step/s][Origin 9/13] 🎲 Drawing Posterior Samples:  20%|█▉        | 301/1516 [00:05<00:23, 52.26step/s][Origin 9/13] 🎲 Drawing Posterior Samples:  20%|██        | 307/1516 [00:05<00:23, 52.45step/s][Origin 9/13] 🎲 Drawing Posterior Samples:  21%|██        | 313/1516 [00:05<00:22, 52.44step/s][Origin 9/13] 🎲 Drawing Posterior Samples:  21%|██        | 319/1516 [00:06<00:22, 52.37step/s][Origin 9/13] 🎲 Drawing Posterior Samples:  21%|██▏       | 325/1516 [00:06<00:22, 52.27step/s][Origin 9/13] 🎲 Drawing Posterior Samples:  22%|██▏       | 331/1516 [00:06<00:22, 52.26step/s][Origin 9/13] 🎲 Drawing Posterior Samples:  22%|██▏       | 337/1516 [00:06<00:22, 52.19step/s][Origin 9/13] 🎲 Drawing Posterior Samples:  23%|██▎       | 343/1516 [00:06<00:22, 52.26step/s][Origin 9/13] 🎲 Drawing Posterior Samples:  23%|██▎       | 349/1516 [00:07<01:16, 15.19step/s][Origin 9/13] 🎲 Drawing Posterior Samples:  23%|██▎       | 353/1516 [00:08<01:49, 10.67step/s][Origin 9/13] 🎲 Drawing Posterior Samples:  23%|██▎       | 356/1516 [00:09<02:21,  8.20step/s][Origin 9/13] 🎲 Drawing Posterior Samples:  24%|██▎       | 359/1516 [00:09<03:00,  6.40step/s][Origin 9/13] 🎲 Drawing Posterior Samples:  24%|██▍       | 361/1516 [00:10<03:16,  5.89step/s][Origin 9/13] 🎲 Drawing Posterior Samples:  24%|██▍       | 363/1516 [00:11<03:45,  5.11step/s][Origin 9/13] 🎲 Drawing Posterior Samples:  24%|██▍       | 364/1516 [00:11<03:51,  4.97step/s][Origin 9/13] 🎲 Drawing Posterior Samples:  24%|██▍       | 365/1516 [00:11<03:55,  4.88step/s][Origin 9/13] 🎲 Drawing Posterior Samples:  24%|██▍       | 366/1516 [00:11<04:00,  4.77step/s][Origin 9/13] 🎲 Drawing Posterior Samples:  24%|██▍       | 367/1516 [00:11<04:06,  4.66step/s][Origin 9/13] 🎲 Drawing Posterior Samples:  24%|██▍       | 368/1516 [00:12<04:16,  4.47step/s][Origin 9/13] 🎲 Drawing Posterior Samples:  24%|██▍       | 369/1516 [00:12<04:26,  4.31step/s][Origin 9/13] 🎲 Drawing Posterior Samples:  24%|██▍       | 370/1516 [00:12<04:28,  4.26step/s][Origin 9/13] 🎲 Drawing Posterior Samples:  24%|██▍       | 371/1516 [00:12<04:34,  4.17step/s][Origin 9/13] 🎲 Drawing Posterior Samples:  25%|██▍       | 372/1516 [00:13<04:36,  4.14step/s][Origin 9/13] 🎲 Drawing Posterior Samples:  25%|██▍       | 373/1516 [00:13<04:33,  4.18step/s][Origin 9/13] 🎲 Drawing Posterior Samples:  25%|██▍       | 374/1516 [00:13<04:32,  4.19step/s][Origin 9/13] 🎲 Drawing Posterior Samples:  25%|██▍       | 375/1516 [00:13<04:32,  4.18step/s][Origin 9/13] 🎲 Drawing Posterior Samples:  25%|██▍       | 376/1516 [00:14<04:37,  4.11step/s][Origin 9/13] 🎲 Drawing Posterior Samples:  25%|██▍       | 377/1516 [00:14<04:44,  4.00step/s][Origin 9/13] 🎲 Drawing Posterior Samples:  25%|██▍       | 378/1516 [00:14<04:42,  4.03step/s][Origin 9/13] 🎲 Drawing Posterior Samples:  25%|██▌       | 379/1516 [00:14<04:38,  4.09step/s][Origin 9/13] 🎲 Drawing Posterior Samples:  25%|██▌       | 380/1516 [00:29<1:23:00,  4.38s/step][Origin 9/13] 🎲 Drawing Posterior Samples:  25%|██▌       | 386/1516 [00:29<23:26,  1.25s/step]  [Origin 9/13] 🎲 Drawing Posterior Samples:  26%|██▌       | 392/1516 [00:29<11:41,  1.60step/s][Origin 9/13] 🎲 Drawing Posterior Samples:  26%|██▋       | 398/1516 [00:29<06:53,  2.70step/s][Origin 9/13] 🎲 Drawing Posterior Samples:  27%|██▋       | 404/1516 [00:29<04:24,  4.20step/s][Origin 9/13] 🎲 Drawing Posterior Samples:  27%|██▋       | 410/1516 [00:29<02:58,  6.18step/s][Origin 9/13] 🎲 Drawing Posterior Samples:  27%|██▋       | 416/1516 [00:29<02:05,  8.75step/s][Origin 9/13] 🎲 Drawing Posterior Samples:  28%|██▊       | 422/1516 [00:29<01:31, 11.97step/s][Origin 9/13] 🎲 Drawing Posterior Samples:  28%|██▊       | 428/1516 [00:29<01:08, 15.83step/s][Origin 9/13] 🎲 Drawing Posterior Samples:  29%|██▊       | 434/1516 [00:30<00:53, 20.22step/s][Origin 9/13] 🎲 Drawing Posterior Samples:  29%|██▉       | 440/1516 [00:30<00:43, 24.92step/s][Origin 9/13] 🎲 Drawing Posterior Samples:  29%|██▉       | 446/1516 [00:30<00:36, 29.63step/s][Origin 9/13] 🎲 Drawing Posterior Samples:  30%|██▉       | 452/1516 [00:30<00:31, 34.10step/s][Origin 9/13] 🎲 Drawing Posterior Samples:  30%|███       | 458/1516 [00:30<00:27, 38.08step/s][Origin 9/13] 🎲 Drawing Posterior Samples:  31%|███       | 464/1516 [00:30<00:25, 41.34step/s][Origin 9/13] 🎲 Drawing Posterior Samples:  31%|███       | 470/1516 [00:30<00:23, 44.33step/s][Origin 9/13] 🎲 Drawing Posterior Samples:  31%|███▏      | 476/1516 [00:30<00:22, 46.56step/s][Origin 9/13] 🎲 Drawing Posterior Samples:  32%|███▏      | 482/1516 [00:30<00:21, 48.32step/s][Origin 9/13] 🎲 Drawing Posterior Samples:  32%|███▏      | 488/1516 [00:31<00:20, 49.63step/s][Origin 9/13] 🎲 Drawing Posterior Samples:  33%|███▎      | 494/1516 [00:31<00:20, 50.45step/s][Origin 9/13] 🎲 Drawing Posterior Samples:  33%|███▎      | 500/1516 [00:31<00:19, 51.00step/s][Origin 9/13] 🎲 Drawing Posterior Samples:  33%|███▎      | 506/1516 [00:31<00:19, 51.38step/s][Origin 9/13] 🎲 Drawing Posterior Samples:  34%|███▍      | 512/1516 [00:31<00:19, 51.66step/s][Origin 9/13] 🎲 Drawing Posterior Samples:  34%|███▍      | 518/1516 [00:31<00:19, 51.78step/s][Origin 9/13] 🎲 Drawing Posterior Samples:  35%|███▍      | 524/1516 [00:31<00:19, 51.96step/s][Origin 9/13] 🎲 Drawing Posterior Samples:  35%|███▍      | 530/1516 [00:31<00:18, 52.10step/s][Origin 9/13] 🎲 Drawing Posterior Samples:  35%|███▌      | 536/1516 [00:31<00:18, 52.29step/s][Origin 9/13] 🎲 Drawing Posterior Samples:  36%|███▌      | 542/1516 [00:32<00:18, 52.46step/s][Origin 9/13] 🎲 Drawing Posterior Samples:  36%|███▌      | 548/1516 [00:32<00:18, 52.59step/s][Origin 9/13] 🎲 Drawing Posterior Samples:  37%|███▋      | 554/1516 [00:32<00:18, 52.64step/s][Origin 9/13] 🎲 Drawing Posterior Samples:  37%|███▋      | 560/1516 [00:32<00:18, 52.54step/s][Origin 9/13] 🎲 Drawing Posterior Samples:  37%|███▋      | 566/1516 [00:32<00:18, 52.44step/s][Origin 9/13] 🎲 Drawing Posterior Samples:  38%|███▊      | 572/1516 [00:32<00:18, 52.37step/s][Origin 9/13] 🎲 Drawing Posterior Samples:  38%|███▊      | 578/1516 [00:32<00:17, 52.37step/s][Origin 9/13] 🎲 Drawing Posterior Samples:  39%|███▊      | 584/1516 [00:32<00:17, 52.33step/s][Origin 9/13] 🎲 Drawing Posterior Samples:  39%|███▉      | 590/1516 [00:33<00:17, 52.35step/s][Origin 9/13] 🎲 Drawing Posterior Samples:  39%|███▉      | 596/1516 [00:33<00:17, 52.42step/s][Origin 9/13] 🎲 Drawing Posterior Samples:  40%|███▉      | 602/1516 [00:33<00:17, 52.52step/s][Origin 9/13] 🎲 Drawing Posterior Samples:  40%|████      | 608/1516 [00:33<00:17, 52.62step/s][Origin 9/13] 🎲 Drawing Posterior Samples:  41%|████      | 614/1516 [00:33<00:17, 52.63step/s][Origin 9/13] 🎲 Drawing Posterior Samples:  41%|████      | 620/1516 [00:33<00:17, 52.59step/s][Origin 9/13] 🎲 Drawing Posterior Samples:  41%|████▏     | 626/1516 [00:33<00:16, 52.52step/s][Origin 9/13] 🎲 Drawing Posterior Samples:  42%|████▏     | 632/1516 [00:33<00:16, 52.35step/s][Origin 9/13] 🎲 Drawing Posterior Samples:  42%|████▏     | 638/1516 [00:33<00:16, 52.38step/s][Origin 9/13] 🎲 Drawing Posterior Samples:  42%|████▏     | 644/1516 [00:34<00:16, 52.32step/s][Origin 9/13] 🎲 Drawing Posterior Samples:  43%|████▎     | 650/1516 [00:34<00:16, 52.35step/s][Origin 9/13] 🎲 Drawing Posterior Samples:  43%|████▎     | 656/1516 [00:34<00:16, 52.38step/s][Origin 9/13] 🎲 Drawing Posterior Samples:  44%|████▎     | 662/1516 [00:34<00:16, 52.47step/s][Origin 9/13] 🎲 Drawing Posterior Samples:  44%|████▍     | 668/1516 [00:34<00:16, 52.54step/s][Origin 9/13] 🎲 Drawing Posterior Samples:  44%|████▍     | 674/1516 [00:34<00:16, 52.59step/s][Origin 9/13] 🎲 Drawing Posterior Samples:  45%|████▍     | 680/1516 [00:34<00:15, 52.61step/s][Origin 9/13] 🎲 Drawing Posterior Samples:  45%|████▌     | 686/1516 [00:34<00:15, 52.52step/s][Origin 9/13] 🎲 Drawing Posterior Samples:  46%|████▌     | 692/1516 [00:34<00:15, 52.51step/s][Origin 9/13] 🎲 Drawing Posterior Samples:  46%|████▌     | 698/1516 [00:35<00:15, 52.48step/s][Origin 9/13] 🎲 Drawing Posterior Samples:  46%|████▋     | 704/1516 [00:35<00:15, 52.44step/s][Origin 9/13] 🎲 Drawing Posterior Samples:  47%|████▋     | 710/1516 [00:35<00:15, 52.40step/s][Origin 9/13] 🎲 Drawing Posterior Samples:  47%|████▋     | 716/1516 [00:35<00:15, 52.42step/s][Origin 9/13] 🎲 Drawing Posterior Samples:  48%|████▊     | 722/1516 [00:35<00:15, 52.45step/s][Origin 9/13] 🎲 Drawing Posterior Samples:  48%|████▊     | 728/1516 [00:36<00:39, 20.09step/s][Origin 9/13] 🎲 Drawing Posterior Samples:  48%|████▊     | 732/1516 [00:36<00:54, 14.39step/s][Origin 9/13] 🎲 Drawing Posterior Samples:  48%|████▊     | 735/1516 [00:37<01:05, 11.94step/s][Origin 9/13] 🎲 Drawing Posterior Samples:  49%|████▊     | 738/1516 [00:37<01:21,  9.54step/s][Origin 9/13] 🎲 Drawing Posterior Samples:  49%|████▉     | 740/1516 [00:38<01:27,  8.91step/s][Origin 9/13] 🎲 Drawing Posterior Samples:  49%|████▉     | 742/1516 [00:38<01:36,  8.01step/s][Origin 9/13] 🎲 Drawing Posterior Samples:  49%|████▉     | 744/1516 [00:38<01:44,  7.41step/s][Origin 9/13] 🎲 Drawing Posterior Samples:  49%|████▉     | 745/1516 [00:38<01:49,  7.06step/s][Origin 9/13] 🎲 Drawing Posterior Samples:  49%|████▉     | 746/1516 [00:39<01:55,  6.69step/s][Origin 9/13] 🎲 Drawing Posterior Samples:  49%|████▉     | 747/1516 [00:39<01:57,  6.57step/s][Origin 9/13] 🎲 Drawing Posterior Samples:  49%|████▉     | 748/1516 [00:39<02:01,  6.33step/s][Origin 9/13] 🎲 Drawing Posterior Samples:  49%|████▉     | 749/1516 [00:39<02:01,  6.31step/s][Origin 9/13] 🎲 Drawing Posterior Samples:  49%|████▉     | 750/1516 [00:39<02:03,  6.21step/s][Origin 9/13] 🎲 Drawing Posterior Samples:  50%|████▉     | 751/1516 [00:40<02:07,  5.99step/s][Origin 9/13] 🎲 Drawing Posterior Samples:  50%|████▉     | 752/1516 [00:40<02:08,  5.96step/s][Origin 9/13] 🎲 Drawing Posterior Samples:  50%|████▉     | 753/1516 [00:40<02:10,  5.83step/s][Origin 9/13] 🎲 Drawing Posterior Samples:  50%|████▉     | 754/1516 [00:40<02:07,  6.00step/s][Origin 9/13] 🎲 Drawing Posterior Samples:  50%|████▉     | 755/1516 [00:40<02:09,  5.86step/s][Origin 9/13] 🎲 Drawing Posterior Samples:  50%|████▉     | 756/1516 [00:40<02:13,  5.69step/s][Origin 9/13] 🎲 Drawing Posterior Samples:  50%|████▉     | 757/1516 [00:41<02:15,  5.59step/s][Origin 9/13] 🎲 Drawing Posterior Samples:  50%|█████     | 758/1516 [00:41<02:11,  5.75step/s][Origin 9/13] 🎲 Drawing Posterior Samples:  50%|█████     | 759/1516 [01:02<1:20:04,  6.35s/step][Origin 9/13] 🎲 Drawing Posterior Samples:  50%|█████     | 765/1516 [01:02<22:32,  1.80s/step]  [Origin 9/13] 🎲 Drawing Posterior Samples:  51%|█████     | 771/1516 [01:02<11:09,  1.11step/s][Origin 9/13] 🎲 Drawing Posterior Samples:  51%|█████▏    | 777/1516 [01:02<06:31,  1.89step/s][Origin 9/13] 🎲 Drawing Posterior Samples:  52%|█████▏    | 783/1516 [01:02<04:07,  2.96step/s][Origin 9/13] 🎲 Drawing Posterior Samples:  52%|█████▏    | 789/1516 [01:02<02:44,  4.41step/s][Origin 9/13] 🎲 Drawing Posterior Samples:  52%|█████▏    | 795/1516 [01:02<01:53,  6.35step/s][Origin 9/13] 🎲 Drawing Posterior Samples:  53%|█████▎    | 801/1516 [01:02<01:20,  8.86step/s][Origin 9/13] 🎲 Drawing Posterior Samples:  53%|█████▎    | 807/1516 [01:03<00:59, 12.01step/s][Origin 9/13] 🎲 Drawing Posterior Samples:  54%|█████▎    | 813/1516 [01:03<00:44, 15.79step/s][Origin 9/13] 🎲 Drawing Posterior Samples:  54%|█████▍    | 819/1516 [01:03<00:34, 20.09step/s][Origin 9/13] 🎲 Drawing Posterior Samples:  54%|█████▍    | 825/1516 [01:03<00:27, 24.72step/s][Origin 9/13] 🎲 Drawing Posterior Samples:  55%|█████▍    | 831/1516 [01:03<00:23, 29.43step/s][Origin 9/13] 🎲 Drawing Posterior Samples:  55%|█████▌    | 837/1516 [01:03<00:20, 33.92step/s][Origin 9/13] 🎲 Drawing Posterior Samples:  56%|█████▌    | 843/1516 [01:03<00:17, 38.00step/s][Origin 9/13] 🎲 Drawing Posterior Samples:  56%|█████▌    | 849/1516 [01:03<00:16, 41.53step/s][Origin 9/13] 🎲 Drawing Posterior Samples:  56%|█████▋    | 855/1516 [01:03<00:14, 44.39step/s][Origin 9/13] 🎲 Drawing Posterior Samples:  57%|█████▋    | 861/1516 [01:04<00:14, 46.63step/s][Origin 9/13] 🎲 Drawing Posterior Samples:  57%|█████▋    | 867/1516 [01:04<00:13, 48.31step/s][Origin 9/13] 🎲 Drawing Posterior Samples:  58%|█████▊    | 873/1516 [01:04<00:12, 49.54step/s][Origin 9/13] 🎲 Drawing Posterior Samples:  58%|█████▊    | 879/1516 [01:04<00:12, 50.27step/s][Origin 9/13] 🎲 Drawing Posterior Samples:  58%|█████▊    | 885/1516 [01:04<00:12, 50.81step/s][Origin 9/13] 🎲 Drawing Posterior Samples:  59%|█████▉    | 891/1516 [01:04<00:12, 50.83step/s][Origin 9/13] 🎲 Drawing Posterior Samples:  59%|█████▉    | 897/1516 [01:04<00:12, 51.52step/s][Origin 9/13] 🎲 Drawing Posterior Samples:  60%|█████▉    | 903/1516 [01:04<00:11, 51.78step/s][Origin 9/13] 🎲 Drawing Posterior Samples:  60%|█████▉    | 909/1516 [01:04<00:11, 52.03step/s][Origin 9/13] 🎲 Drawing Posterior Samples:  60%|██████    | 915/1516 [01:05<00:11, 52.27step/s][Origin 9/13] 🎲 Drawing Posterior Samples:  61%|██████    | 921/1516 [01:05<00:11, 52.46step/s][Origin 9/13] 🎲 Drawing Posterior Samples:  61%|██████    | 927/1516 [01:05<00:11, 52.58step/s][Origin 9/13] 🎲 Drawing Posterior Samples:  62%|██████▏   | 933/1516 [01:05<00:11, 52.59step/s][Origin 9/13] 🎲 Drawing Posterior Samples:  62%|██████▏   | 939/1516 [01:05<00:10, 52.54step/s][Origin 9/13] 🎲 Drawing Posterior Samples:  62%|██████▏   | 945/1516 [01:05<00:10, 52.48step/s][Origin 9/13] 🎲 Drawing Posterior Samples:  63%|██████▎   | 951/1516 [01:05<00:10, 52.38step/s][Origin 9/13] 🎲 Drawing Posterior Samples:  63%|██████▎   | 957/1516 [01:05<00:10, 52.34step/s][Origin 9/13] 🎲 Drawing Posterior Samples:  64%|██████▎   | 963/1516 [01:06<00:10, 52.31step/s][Origin 9/13] 🎲 Drawing Posterior Samples:  64%|██████▍   | 969/1516 [01:06<00:10, 52.37step/s][Origin 9/13] 🎲 Drawing Posterior Samples:  64%|██████▍   | 975/1516 [01:06<00:10, 52.39step/s][Origin 9/13] 🎲 Drawing Posterior Samples:  65%|██████▍   | 981/1516 [01:06<00:10, 52.48step/s][Origin 9/13] 🎲 Drawing Posterior Samples:  65%|██████▌   | 987/1516 [01:06<00:10, 52.59step/s][Origin 9/13] 🎲 Drawing Posterior Samples:  66%|██████▌   | 993/1516 [01:06<00:09, 52.67step/s][Origin 9/13] 🎲 Drawing Posterior Samples:  66%|██████▌   | 999/1516 [01:06<00:09, 52.72step/s][Origin 9/13] 🎲 Drawing Posterior Samples:  66%|██████▋   | 1005/1516 [01:06<00:09, 52.67step/s][Origin 9/13] 🎲 Drawing Posterior Samples:  67%|██████▋   | 1011/1516 [01:06<00:09, 52.59step/s][Origin 9/13] 🎲 Drawing Posterior Samples:  67%|██████▋   | 1017/1516 [01:07<00:09, 52.46step/s][Origin 9/13] 🎲 Drawing Posterior Samples:  67%|██████▋   | 1023/1516 [01:07<00:09, 52.42step/s][Origin 9/13] 🎲 Drawing Posterior Samples:  68%|██████▊   | 1029/1516 [01:07<00:09, 52.40step/s][Origin 9/13] 🎲 Drawing Posterior Samples:  68%|██████▊   | 1035/1516 [01:07<00:09, 52.41step/s][Origin 9/13] 🎲 Drawing Posterior Samples:  69%|██████▊   | 1041/1516 [01:07<00:09, 52.48step/s][Origin 9/13] 🎲 Drawing Posterior Samples:  69%|██████▉   | 1047/1516 [01:07<00:08, 52.52step/s][Origin 9/13] 🎲 Drawing Posterior Samples:  69%|██████▉   | 1053/1516 [01:07<00:08, 52.61step/s][Origin 9/13] 🎲 Drawing Posterior Samples:  70%|██████▉   | 1059/1516 [01:07<00:08, 52.68step/s][Origin 9/13] 🎲 Drawing Posterior Samples:  70%|███████   | 1065/1516 [01:07<00:08, 52.66step/s][Origin 9/13] 🎲 Drawing Posterior Samples:  71%|███████   | 1071/1516 [01:08<00:08, 52.60step/s][Origin 9/13] 🎲 Drawing Posterior Samples:  71%|███████   | 1077/1516 [01:08<00:08, 52.54step/s][Origin 9/13] 🎲 Drawing Posterior Samples:  71%|███████▏  | 1083/1516 [01:08<00:08, 52.39step/s][Origin 9/13] 🎲 Drawing Posterior Samples:  72%|███████▏  | 1089/1516 [01:08<00:08, 52.40step/s][Origin 9/13] 🎲 Drawing Posterior Samples:  72%|███████▏  | 1095/1516 [01:08<00:08, 52.39step/s][Origin 9/13] 🎲 Drawing Posterior Samples:  73%|███████▎  | 1101/1516 [01:08<00:07, 52.43step/s][Origin 9/13] 🎲 Drawing Posterior Samples:  73%|███████▎  | 1107/1516 [01:09<00:19, 20.77step/s][Origin 9/13] 🎲 Drawing Posterior Samples:  73%|███████▎  | 1111/1516 [01:09<00:27, 14.63step/s][Origin 9/13] 🎲 Drawing Posterior Samples:  73%|███████▎  | 1114/1516 [01:10<00:34, 11.54step/s][Origin 9/13] 🎲 Drawing Posterior Samples:  74%|███████▎  | 1117/1516 [01:10<00:41,  9.66step/s][Origin 9/13] 🎲 Drawing Posterior Samples:  74%|███████▍  | 1119/1516 [01:11<00:45,  8.81step/s][Origin 9/13] 🎲 Drawing Posterior Samples:  74%|███████▍  | 1121/1516 [01:11<00:49,  8.01step/s][Origin 9/13] 🎲 Drawing Posterior Samples:  74%|███████▍  | 1123/1516 [01:11<00:53,  7.32step/s][Origin 9/13] 🎲 Drawing Posterior Samples:  74%|███████▍  | 1124/1516 [01:12<00:59,  6.61step/s][Origin 9/13] 🎲 Drawing Posterior Samples:  74%|███████▍  | 1125/1516 [01:12<01:06,  5.90step/s][Origin 9/13] 🎲 Drawing Posterior Samples:  74%|███████▍  | 1126/1516 [01:12<01:15,  5.15step/s][Origin 9/13] 🎲 Drawing Posterior Samples:  74%|███████▍  | 1127/1516 [01:12<01:15,  5.17step/s][Origin 9/13] 🎲 Drawing Posterior Samples:  74%|███████▍  | 1128/1516 [01:13<01:30,  4.31step/s][Origin 9/13] 🎲 Drawing Posterior Samples:  74%|███████▍  | 1129/1516 [01:13<01:20,  4.82step/s][Origin 9/13] 🎲 Drawing Posterior Samples:  75%|███████▍  | 1130/1516 [01:13<01:11,  5.38step/s][Origin 9/13] 🎲 Drawing Posterior Samples:  75%|███████▍  | 1131/1516 [01:13<01:09,  5.54step/s][Origin 9/13] 🎲 Drawing Posterior Samples:  75%|███████▍  | 1132/1516 [01:13<01:06,  5.81step/s][Origin 9/13] 🎲 Drawing Posterior Samples:  75%|███████▍  | 1133/1516 [01:14<01:03,  6.03step/s][Origin 9/13] 🎲 Drawing Posterior Samples:  75%|███████▍  | 1134/1516 [01:14<01:03,  6.00step/s][Origin 9/13] 🎲 Drawing Posterior Samples:  75%|███████▍  | 1135/1516 [01:14<01:02,  6.09step/s][Origin 9/13] 🎲 Drawing Posterior Samples:  75%|███████▍  | 1136/1516 [01:14<01:01,  6.23step/s][Origin 9/13] 🎲 Drawing Posterior Samples:  75%|███████▌  | 1137/1516 [01:14<00:59,  6.34step/s][Origin 9/13] 🎲 Drawing Posterior Samples:  75%|███████▌  | 1138/1516 [01:29<27:41,  4.40s/step][Origin 9/13] 🎲 Drawing Posterior Samples:  75%|███████▌  | 1144/1516 [01:29<07:45,  1.25s/step][Origin 9/13] 🎲 Drawing Posterior Samples:  76%|███████▌  | 1154/1516 [01:29<02:49,  2.13step/s][Origin 9/13] 🎲 Drawing Posterior Samples:  77%|███████▋  | 1162/1516 [01:29<01:38,  3.60step/s][Origin 9/13] 🎲 Drawing Posterior Samples:  77%|███████▋  | 1170/1516 [01:29<01:01,  5.58step/s][Origin 9/13] 🎲 Drawing Posterior Samples:  78%|███████▊  | 1178/1516 [01:29<00:41,  8.22step/s][Origin 9/13] 🎲 Drawing Posterior Samples:  78%|███████▊  | 1186/1516 [01:29<00:28, 11.64step/s][Origin 9/13] 🎲 Drawing Posterior Samples:  79%|███████▊  | 1193/1516 [01:29<00:21, 15.18step/s][Origin 9/13] 🎲 Drawing Posterior Samples:  79%|███████▉  | 1200/1516 [01:29<00:16, 19.10step/s][Origin 9/13] 🎲 Drawing Posterior Samples:  80%|███████▉  | 1206/1516 [01:30<00:13, 22.95step/s][Origin 9/13] 🎲 Drawing Posterior Samples:  80%|███████▉  | 1212/1516 [01:30<00:11, 27.12step/s][Origin 9/13] 🎲 Drawing Posterior Samples:  80%|████████  | 1218/1516 [01:30<00:09, 31.42step/s][Origin 9/13] 🎲 Drawing Posterior Samples:  81%|████████  | 1224/1516 [01:30<00:08, 35.58step/s][Origin 9/13] 🎲 Drawing Posterior Samples:  81%|████████  | 1230/1516 [01:30<00:07, 39.33step/s][Origin 9/13] 🎲 Drawing Posterior Samples:  82%|████████▏ | 1236/1516 [01:30<00:06, 42.52step/s][Origin 9/13] 🎲 Drawing Posterior Samples:  82%|████████▏ | 1242/1516 [01:30<00:06, 45.16step/s][Origin 9/13] 🎲 Drawing Posterior Samples:  82%|████████▏ | 1248/1516 [01:30<00:05, 47.15step/s][Origin 9/13] 🎲 Drawing Posterior Samples:  83%|████████▎ | 1254/1516 [01:30<00:05, 48.52step/s][Origin 9/13] 🎲 Drawing Posterior Samples:  83%|████████▎ | 1260/1516 [01:31<00:05, 49.42step/s][Origin 9/13] 🎲 Drawing Posterior Samples:  84%|████████▎ | 1266/1516 [01:31<00:04, 50.20step/s][Origin 9/13] 🎲 Drawing Posterior Samples:  84%|████████▍ | 1272/1516 [01:31<00:04, 50.81step/s][Origin 9/13] 🎲 Drawing Posterior Samples:  84%|████████▍ | 1278/1516 [01:31<00:04, 51.24step/s][Origin 9/13] 🎲 Drawing Posterior Samples:  85%|████████▍ | 1284/1516 [01:31<00:04, 51.64step/s][Origin 9/13] 🎲 Drawing Posterior Samples:  85%|████████▌ | 1290/1516 [01:31<00:04, 52.01step/s][Origin 9/13] 🎲 Drawing Posterior Samples:  85%|████████▌ | 1296/1516 [01:31<00:04, 52.26step/s][Origin 9/13] 🎲 Drawing Posterior Samples:  86%|████████▌ | 1302/1516 [01:31<00:04, 52.47step/s][Origin 9/13] 🎲 Drawing Posterior Samples:  86%|████████▋ | 1308/1516 [01:32<00:03, 52.53step/s][Origin 9/13] 🎲 Drawing Posterior Samples:  87%|████████▋ | 1314/1516 [01:32<00:03, 52.47step/s][Origin 9/13] 🎲 Drawing Posterior Samples:  87%|████████▋ | 1320/1516 [01:32<00:03, 52.39step/s][Origin 9/13] 🎲 Drawing Posterior Samples:  87%|████████▋ | 1326/1516 [01:32<00:03, 52.37step/s][Origin 9/13] 🎲 Drawing Posterior Samples:  88%|████████▊ | 1332/1516 [01:32<00:03, 52.34step/s][Origin 9/13] 🎲 Drawing Posterior Samples:  88%|████████▊ | 1338/1516 [01:32<00:03, 52.35step/s][Origin 9/13] 🎲 Drawing Posterior Samples:  89%|████████▊ | 1344/1516 [01:32<00:03, 52.38step/s][Origin 9/13] 🎲 Drawing Posterior Samples:  89%|████████▉ | 1350/1516 [01:32<00:03, 52.47step/s][Origin 9/13] 🎲 Drawing Posterior Samples:  89%|████████▉ | 1356/1516 [01:32<00:03, 52.56step/s][Origin 9/13] 🎲 Drawing Posterior Samples:  90%|████████▉ | 1362/1516 [01:33<00:02, 52.60step/s][Origin 9/13] 🎲 Drawing Posterior Samples:  90%|█████████ | 1368/1516 [01:33<00:02, 52.51step/s][Origin 9/13] 🎲 Drawing Posterior Samples:  91%|█████████ | 1374/1516 [01:33<00:02, 52.44step/s][Origin 9/13] 🎲 Drawing Posterior Samples:  91%|█████████ | 1380/1516 [01:33<00:02, 52.39step/s][Origin 9/13] 🎲 Drawing Posterior Samples:  91%|█████████▏| 1386/1516 [01:33<00:02, 52.36step/s][Origin 9/13] 🎲 Drawing Posterior Samples:  92%|█████████▏| 1392/1516 [01:33<00:02, 52.32step/s][Origin 9/13] 🎲 Drawing Posterior Samples:  92%|█████████▏| 1398/1516 [01:33<00:02, 52.37step/s][Origin 9/13] 🎲 Drawing Posterior Samples:  93%|█████████▎| 1404/1516 [01:33<00:02, 52.42step/s][Origin 9/13] 🎲 Drawing Posterior Samples:  93%|█████████▎| 1410/1516 [01:33<00:02, 52.50step/s][Origin 9/13] 🎲 Drawing Posterior Samples:  93%|█████████▎| 1416/1516 [01:34<00:01, 52.53step/s][Origin 9/13] 🎲 Drawing Posterior Samples:  94%|█████████▍| 1422/1516 [01:34<00:01, 52.52step/s][Origin 9/13] 🎲 Drawing Posterior Samples:  94%|█████████▍| 1428/1516 [01:34<00:01, 52.49step/s][Origin 9/13] 🎲 Drawing Posterior Samples:  95%|█████████▍| 1434/1516 [01:34<00:01, 52.46step/s][Origin 9/13] 🎲 Drawing Posterior Samples:  95%|█████████▍| 1440/1516 [01:34<00:01, 52.45step/s][Origin 9/13] 🎲 Drawing Posterior Samples:  95%|█████████▌| 1446/1516 [01:34<00:01, 52.41step/s][Origin 9/13] 🎲 Drawing Posterior Samples:  96%|█████████▌| 1452/1516 [01:34<00:01, 52.42step/s][Origin 9/13] 🎲 Drawing Posterior Samples:  96%|█████████▌| 1458/1516 [01:34<00:01, 52.43step/s][Origin 9/13] 🎲 Drawing Posterior Samples:  97%|█████████▋| 1464/1516 [01:35<00:00, 52.48step/s][Origin 9/13] 🎲 Drawing Posterior Samples:  97%|█████████▋| 1470/1516 [01:35<00:00, 52.52step/s][Origin 9/13] 🎲 Drawing Posterior Samples:  97%|█████████▋| 1476/1516 [01:35<00:00, 52.46step/s][Origin 9/13] 🎲 Drawing Posterior Samples:  98%|█████████▊| 1482/1516 [01:35<00:01, 30.35step/s][Origin 9/13] 🎲 Drawing Posterior Samples:  98%|█████████▊| 1487/1516 [01:36<00:01, 18.75step/s][Origin 9/13] 🎲 Drawing Posterior Samples:  98%|█████████▊| 1491/1516 [01:36<00:01, 12.97step/s][Origin 9/13] 🎲 Drawing Posterior Samples:  99%|█████████▊| 1494/1516 [01:37<00:02, 10.42step/s][Origin 9/13] 🎲 Drawing Posterior Samples:  99%|█████████▊| 1496/1516 [01:37<00:02,  9.10step/s][Origin 9/13] 🎲 Drawing Posterior Samples:  99%|█████████▉| 1498/1516 [01:38<00:02,  8.24step/s][Origin 9/13] 🎲 Drawing Posterior Samples:  99%|█████████▉| 1500/1516 [01:38<00:02,  7.51step/s][Origin 9/13] 🎲 Drawing Posterior Samples:  99%|█████████▉| 1502/1516 [01:38<00:01,  7.06step/s][Origin 9/13] 🎲 Drawing Posterior Samples:  99%|█████████▉| 1503/1516 [01:38<00:01,  6.93step/s][Origin 9/13] 🎲 Drawing Posterior Samples:  99%|█████████▉| 1504/1516 [01:39<00:01,  6.79step/s][Origin 9/13] 🎲 Drawing Posterior Samples:  99%|█████████▉| 1505/1516 [01:39<00:01,  6.63step/s][Origin 9/13] 🎲 Drawing Posterior Samples:  99%|█████████▉| 1506/1516 [01:39<00:01,  6.47step/s][Origin 9/13] 🎲 Drawing Posterior Samples:  99%|█████████▉| 1507/1516 [01:39<00:01,  6.09step/s][Origin 9/13] 🎲 Drawing Posterior Samples:  99%|█████████▉| 1508/1516 [01:39<00:01,  6.03step/s][Origin 9/13] 🎲 Drawing Posterior Samples: 100%|█████████▉| 1509/1516 [01:39<00:01,  5.93step/s][Origin 9/13] 🎲 Drawing Posterior Samples: 100%|█████████▉| 1510/1516 [01:40<00:00,  6.08step/s][Origin 9/13] 🎲 Drawing Posterior Samples: 100%|█████████▉| 1511/1516 [01:40<00:00,  5.98step/s][Origin 9/13] 🎲 Drawing Posterior Samples: 100%|█████████▉| 1512/1516 [01:40<00:00,  6.08step/s][Origin 9/13] 🎲 Drawing Posterior Samples: 100%|█████████▉| 1513/1516 [01:40<00:00,  5.81step/s][Origin 9/13] 🎲 Drawing Posterior Samples: 100%|█████████▉| 1514/1516 [01:40<00:00,  5.70step/s][Origin 9/13] 🎲 Drawing Posterior Samples: 100%|█████████▉| 1515/1516 [01:40<00:00,  5.63step/s][Origin 9/13] 🎲 Drawing Posterior Samples: 100%|██████████| 1516/1516 [01:41<00:00,  5.50step/s]                                                                                                 [Origin 10/13] 🎲 Drawing Posterior Samples:   0%|          | 0/1520 [00:00<?, ?step/s][Origin 10/13] 🎲 Drawing Posterior Samples:   0%|          | 7/1520 [00:00<00:25, 59.58step/s][Origin 10/13] 🎲 Drawing Posterior Samples:   1%|          | 13/1520 [00:00<00:26, 55.85step/s][Origin 10/13] 🎲 Drawing Posterior Samples:   1%|▏         | 19/1520 [00:00<00:27, 54.40step/s][Origin 10/13] 🎲 Drawing Posterior Samples:   2%|▏         | 25/1520 [00:00<00:27, 53.77step/s][Origin 10/13] 🎲 Drawing Posterior Samples:   2%|▏         | 31/1520 [00:00<00:27, 53.36step/s][Origin 10/13] 🎲 Drawing Posterior Samples:   2%|▏         | 37/1520 [00:00<00:27, 53.14step/s][Origin 10/13] 🎲 Drawing Posterior Samples:   3%|▎         | 43/1520 [00:00<00:27, 53.05step/s][Origin 10/13] 🎲 Drawing Posterior Samples:   3%|▎         | 49/1520 [00:00<00:27, 52.98step/s][Origin 10/13] 🎲 Drawing Posterior Samples:   4%|▎         | 55/1520 [00:01<00:27, 52.85step/s][Origin 10/13] 🎲 Drawing Posterior Samples:   4%|▍         | 61/1520 [00:01<00:27, 52.56step/s][Origin 10/13] 🎲 Drawing Posterior Samples:   4%|▍         | 67/1520 [00:01<00:27, 52.47step/s][Origin 10/13] 🎲 Drawing Posterior Samples:   5%|▍         | 73/1520 [00:01<00:27, 52.41step/s][Origin 10/13] 🎲 Drawing Posterior Samples:   5%|▌         | 79/1520 [00:01<00:27, 52.33step/s][Origin 10/13] 🎲 Drawing Posterior Samples:   6%|▌         | 85/1520 [00:01<00:27, 52.34step/s][Origin 10/13] 🎲 Drawing Posterior Samples:   6%|▌         | 91/1520 [00:01<00:27, 52.47step/s][Origin 10/13] 🎲 Drawing Posterior Samples:   6%|▋         | 97/1520 [00:01<00:27, 52.61step/s][Origin 10/13] 🎲 Drawing Posterior Samples:   7%|▋         | 103/1520 [00:01<00:26, 52.67step/s][Origin 10/13] 🎲 Drawing Posterior Samples:   7%|▋         | 109/1520 [00:02<00:26, 52.70step/s][Origin 10/13] 🎲 Drawing Posterior Samples:   8%|▊         | 115/1520 [00:02<00:26, 52.59step/s][Origin 10/13] 🎲 Drawing Posterior Samples:   8%|▊         | 121/1520 [00:02<00:26, 52.47step/s][Origin 10/13] 🎲 Drawing Posterior Samples:   8%|▊         | 127/1520 [00:02<00:26, 52.39step/s][Origin 10/13] 🎲 Drawing Posterior Samples:   9%|▉         | 133/1520 [00:02<00:26, 52.31step/s][Origin 10/13] 🎲 Drawing Posterior Samples:   9%|▉         | 139/1520 [00:02<00:26, 52.32step/s][Origin 10/13] 🎲 Drawing Posterior Samples:  10%|▉         | 145/1520 [00:02<00:26, 52.35step/s][Origin 10/13] 🎲 Drawing Posterior Samples:  10%|▉         | 151/1520 [00:02<00:26, 52.42step/s][Origin 10/13] 🎲 Drawing Posterior Samples:  10%|█         | 157/1520 [00:02<00:25, 52.53step/s][Origin 10/13] 🎲 Drawing Posterior Samples:  11%|█         | 163/1520 [00:03<00:25, 52.58step/s][Origin 10/13] 🎲 Drawing Posterior Samples:  11%|█         | 169/1520 [00:03<00:25, 52.60step/s][Origin 10/13] 🎲 Drawing Posterior Samples:  12%|█▏        | 175/1520 [00:03<00:25, 52.51step/s][Origin 10/13] 🎲 Drawing Posterior Samples:  12%|█▏        | 181/1520 [00:03<00:25, 52.48step/s][Origin 10/13] 🎲 Drawing Posterior Samples:  12%|█▏        | 187/1520 [00:03<00:25, 52.35step/s][Origin 10/13] 🎲 Drawing Posterior Samples:  13%|█▎        | 193/1520 [00:03<00:25, 52.38step/s][Origin 10/13] 🎲 Drawing Posterior Samples:  13%|█▎        | 199/1520 [00:03<00:25, 52.36step/s][Origin 10/13] 🎲 Drawing Posterior Samples:  13%|█▎        | 205/1520 [00:03<00:25, 52.35step/s][Origin 10/13] 🎲 Drawing Posterior Samples:  14%|█▍        | 211/1520 [00:04<00:24, 52.39step/s][Origin 10/13] 🎲 Drawing Posterior Samples:  14%|█▍        | 217/1520 [00:04<00:24, 52.45step/s][Origin 10/13] 🎲 Drawing Posterior Samples:  15%|█▍        | 223/1520 [00:04<00:24, 52.59step/s][Origin 10/13] 🎲 Drawing Posterior Samples:  15%|█▌        | 229/1520 [00:04<00:24, 52.59step/s][Origin 10/13] 🎲 Drawing Posterior Samples:  15%|█▌        | 235/1520 [00:04<00:24, 52.61step/s][Origin 10/13] 🎲 Drawing Posterior Samples:  16%|█▌        | 241/1520 [00:04<00:24, 52.53step/s][Origin 10/13] 🎲 Drawing Posterior Samples:  16%|█▋        | 247/1520 [00:04<00:24, 52.49step/s][Origin 10/13] 🎲 Drawing Posterior Samples:  17%|█▋        | 253/1520 [00:04<00:24, 52.41step/s][Origin 10/13] 🎲 Drawing Posterior Samples:  17%|█▋        | 259/1520 [00:04<00:24, 52.35step/s][Origin 10/13] 🎲 Drawing Posterior Samples:  17%|█▋        | 265/1520 [00:05<00:23, 52.42step/s][Origin 10/13] 🎲 Drawing Posterior Samples:  18%|█▊        | 271/1520 [00:05<00:23, 52.42step/s][Origin 10/13] 🎲 Drawing Posterior Samples:  18%|█▊        | 277/1520 [00:05<00:23, 52.50step/s][Origin 10/13] 🎲 Drawing Posterior Samples:  19%|█▊        | 283/1520 [00:05<00:23, 52.56step/s][Origin 10/13] 🎲 Drawing Posterior Samples:  19%|█▉        | 289/1520 [00:05<00:23, 52.62step/s][Origin 10/13] 🎲 Drawing Posterior Samples:  19%|█▉        | 295/1520 [00:05<00:23, 52.60step/s][Origin 10/13] 🎲 Drawing Posterior Samples:  20%|█▉        | 301/1520 [00:05<00:23, 52.56step/s][Origin 10/13] 🎲 Drawing Posterior Samples:  20%|██        | 307/1520 [00:05<00:23, 52.50step/s][Origin 10/13] 🎲 Drawing Posterior Samples:  21%|██        | 313/1520 [00:05<00:23, 52.36step/s][Origin 10/13] 🎲 Drawing Posterior Samples:  21%|██        | 319/1520 [00:06<00:22, 52.33step/s][Origin 10/13] 🎲 Drawing Posterior Samples:  21%|██▏       | 325/1520 [00:06<00:22, 52.30step/s][Origin 10/13] 🎲 Drawing Posterior Samples:  22%|██▏       | 331/1520 [00:06<00:22, 52.32step/s][Origin 10/13] 🎲 Drawing Posterior Samples:  22%|██▏       | 337/1520 [00:06<00:22, 52.37step/s][Origin 10/13] 🎲 Drawing Posterior Samples:  23%|██▎       | 343/1520 [00:06<00:22, 52.45step/s][Origin 10/13] 🎲 Drawing Posterior Samples:  23%|██▎       | 349/1520 [00:07<01:03, 18.45step/s][Origin 10/13] 🎲 Drawing Posterior Samples:  23%|██▎       | 353/1520 [00:08<01:35, 12.18step/s][Origin 10/13] 🎲 Drawing Posterior Samples:  23%|██▎       | 356/1520 [00:08<02:06,  9.24step/s][Origin 10/13] 🎲 Drawing Posterior Samples:  24%|██▎       | 359/1520 [00:09<02:42,  7.14step/s][Origin 10/13] 🎲 Drawing Posterior Samples:  24%|██▍       | 361/1520 [00:09<03:05,  6.25step/s][Origin 10/13] 🎲 Drawing Posterior Samples:  24%|██▍       | 363/1520 [00:10<03:26,  5.60step/s][Origin 10/13] 🎲 Drawing Posterior Samples:  24%|██▍       | 364/1520 [00:10<03:49,  5.03step/s][Origin 10/13] 🎲 Drawing Posterior Samples:  24%|██▍       | 365/1520 [00:11<03:59,  4.82step/s][Origin 10/13] 🎲 Drawing Posterior Samples:  24%|██▍       | 366/1520 [00:11<04:05,  4.70step/s][Origin 10/13] 🎲 Drawing Posterior Samples:  24%|██▍       | 367/1520 [00:11<04:08,  4.64step/s][Origin 10/13] 🎲 Drawing Posterior Samples:  24%|██▍       | 368/1520 [00:11<04:24,  4.36step/s][Origin 10/13] 🎲 Drawing Posterior Samples:  24%|██▍       | 369/1520 [00:12<04:29,  4.28step/s][Origin 10/13] 🎲 Drawing Posterior Samples:  24%|██▍       | 370/1520 [00:12<04:31,  4.24step/s][Origin 10/13] 🎲 Drawing Posterior Samples:  24%|██▍       | 371/1520 [00:12<04:33,  4.21step/s][Origin 10/13] 🎲 Drawing Posterior Samples:  24%|██▍       | 372/1520 [00:12<04:42,  4.06step/s][Origin 10/13] 🎲 Drawing Posterior Samples:  25%|██▍       | 373/1520 [00:13<04:50,  3.95step/s][Origin 10/13] 🎲 Drawing Posterior Samples:  25%|██▍       | 374/1520 [00:13<04:37,  4.12step/s][Origin 10/13] 🎲 Drawing Posterior Samples:  25%|██▍       | 375/1520 [00:13<04:57,  3.84step/s][Origin 10/13] 🎲 Drawing Posterior Samples:  25%|██▍       | 376/1520 [00:13<04:59,  3.82step/s][Origin 10/13] 🎲 Drawing Posterior Samples:  25%|██▍       | 377/1520 [00:14<04:51,  3.92step/s][Origin 10/13] 🎲 Drawing Posterior Samples:  25%|██▍       | 378/1520 [00:14<04:53,  3.89step/s][Origin 10/13] 🎲 Drawing Posterior Samples:  25%|██▍       | 379/1520 [00:14<04:47,  3.97step/s][Origin 10/13] 🎲 Drawing Posterior Samples:  25%|██▌       | 380/1520 [00:14<04:51,  3.91step/s][Origin 10/13] 🎲 Drawing Posterior Samples:  25%|██▌       | 381/1520 [00:27<1:15:23,  3.97s/step][Origin 10/13] 🎲 Drawing Posterior Samples:  25%|██▌       | 387/1520 [00:27<21:18,  1.13s/step]  [Origin 10/13] 🎲 Drawing Posterior Samples:  26%|██▌       | 397/1520 [00:27<07:54,  2.37step/s][Origin 10/13] 🎲 Drawing Posterior Samples:  27%|██▋       | 405/1520 [00:27<04:40,  3.98step/s][Origin 10/13] 🎲 Drawing Posterior Samples:  27%|██▋       | 413/1520 [00:28<02:59,  6.16step/s][Origin 10/13] 🎲 Drawing Posterior Samples:  28%|██▊       | 421/1520 [00:28<02:01,  9.03step/s][Origin 10/13] 🎲 Drawing Posterior Samples:  28%|██▊       | 429/1520 [00:28<01:25, 12.72step/s][Origin 10/13] 🎲 Drawing Posterior Samples:  29%|██▊       | 436/1520 [00:28<01:06, 16.20step/s][Origin 10/13] 🎲 Drawing Posterior Samples:  29%|██▉       | 442/1520 [00:28<00:54, 19.70step/s][Origin 10/13] 🎲 Drawing Posterior Samples:  29%|██▉       | 448/1520 [00:28<00:44, 23.88step/s][Origin 10/13] 🎲 Drawing Posterior Samples:  30%|██▉       | 454/1520 [00:28<00:37, 28.14step/s][Origin 10/13] 🎲 Drawing Posterior Samples:  30%|███       | 460/1520 [00:28<00:32, 32.57step/s][Origin 10/13] 🎲 Drawing Posterior Samples:  31%|███       | 466/1520 [00:28<00:28, 36.66step/s][Origin 10/13] 🎲 Drawing Posterior Samples:  31%|███       | 472/1520 [00:29<00:26, 40.30step/s][Origin 10/13] 🎲 Drawing Posterior Samples:  31%|███▏      | 478/1520 [00:29<00:24, 43.36step/s][Origin 10/13] 🎲 Drawing Posterior Samples:  32%|███▏      | 484/1520 [00:29<00:22, 45.80step/s][Origin 10/13] 🎲 Drawing Posterior Samples:  32%|███▏      | 490/1520 [00:29<00:21, 47.55step/s][Origin 10/13] 🎲 Drawing Posterior Samples:  33%|███▎      | 496/1520 [00:29<00:20, 48.82step/s][Origin 10/13] 🎲 Drawing Posterior Samples:  33%|███▎      | 502/1520 [00:29<00:20, 49.77step/s][Origin 10/13] 🎲 Drawing Posterior Samples:  33%|███▎      | 508/1520 [00:29<00:20, 50.43step/s][Origin 10/13] 🎲 Drawing Posterior Samples:  34%|███▍      | 514/1520 [00:29<00:19, 50.89step/s][Origin 10/13] 🎲 Drawing Posterior Samples:  34%|███▍      | 520/1520 [00:30<00:19, 51.33step/s][Origin 10/13] 🎲 Drawing Posterior Samples:  35%|███▍      | 526/1520 [00:30<00:19, 51.70step/s][Origin 10/13] 🎲 Drawing Posterior Samples:  35%|███▌      | 532/1520 [00:30<00:18, 52.02step/s][Origin 10/13] 🎲 Drawing Posterior Samples:  35%|███▌      | 538/1520 [00:30<00:18, 52.28step/s][Origin 10/13] 🎲 Drawing Posterior Samples:  36%|███▌      | 544/1520 [00:30<00:18, 52.39step/s][Origin 10/13] 🎲 Drawing Posterior Samples:  36%|███▌      | 550/1520 [00:30<00:18, 52.43step/s][Origin 10/13] 🎲 Drawing Posterior Samples:  37%|███▋      | 556/1520 [00:30<00:18, 52.37step/s][Origin 10/13] 🎲 Drawing Posterior Samples:  37%|███▋      | 562/1520 [00:30<00:18, 52.40step/s][Origin 10/13] 🎲 Drawing Posterior Samples:  37%|███▋      | 568/1520 [00:30<00:18, 52.34step/s][Origin 10/13] 🎲 Drawing Posterior Samples:  38%|███▊      | 574/1520 [00:31<00:18, 52.31step/s][Origin 10/13] 🎲 Drawing Posterior Samples:  38%|███▊      | 580/1520 [00:31<00:17, 52.32step/s][Origin 10/13] 🎲 Drawing Posterior Samples:  39%|███▊      | 586/1520 [00:31<00:17, 52.42step/s][Origin 10/13] 🎲 Drawing Posterior Samples:  39%|███▉      | 592/1520 [00:31<00:17, 52.51step/s][Origin 10/13] 🎲 Drawing Posterior Samples:  39%|███▉      | 598/1520 [00:31<00:17, 52.55step/s][Origin 10/13] 🎲 Drawing Posterior Samples:  40%|███▉      | 604/1520 [00:31<00:17, 52.55step/s][Origin 10/13] 🎲 Drawing Posterior Samples:  40%|████      | 610/1520 [00:31<00:17, 52.59step/s][Origin 10/13] 🎲 Drawing Posterior Samples:  41%|████      | 616/1520 [00:31<00:17, 52.53step/s][Origin 10/13] 🎲 Drawing Posterior Samples:  41%|████      | 622/1520 [00:31<00:17, 52.44step/s][Origin 10/13] 🎲 Drawing Posterior Samples:  41%|████▏     | 628/1520 [00:32<00:17, 52.40step/s][Origin 10/13] 🎲 Drawing Posterior Samples:  42%|████▏     | 634/1520 [00:32<00:16, 52.39step/s][Origin 10/13] 🎲 Drawing Posterior Samples:  42%|████▏     | 640/1520 [00:32<00:16, 52.35step/s][Origin 10/13] 🎲 Drawing Posterior Samples:  42%|████▎     | 646/1520 [00:32<00:16, 52.41step/s][Origin 10/13] 🎲 Drawing Posterior Samples:  43%|████▎     | 652/1520 [00:32<00:16, 52.44step/s][Origin 10/13] 🎲 Drawing Posterior Samples:  43%|████▎     | 658/1520 [00:32<00:16, 52.53step/s][Origin 10/13] 🎲 Drawing Posterior Samples:  44%|████▎     | 664/1520 [00:32<00:16, 52.59step/s][Origin 10/13] 🎲 Drawing Posterior Samples:  44%|████▍     | 670/1520 [00:32<00:16, 52.59step/s][Origin 10/13] 🎲 Drawing Posterior Samples:  44%|████▍     | 676/1520 [00:32<00:16, 52.50step/s][Origin 10/13] 🎲 Drawing Posterior Samples:  45%|████▍     | 682/1520 [00:33<00:15, 52.44step/s][Origin 10/13] 🎲 Drawing Posterior Samples:  45%|████▌     | 688/1520 [00:33<00:15, 52.40step/s][Origin 10/13] 🎲 Drawing Posterior Samples:  46%|████▌     | 694/1520 [00:33<00:15, 52.33step/s][Origin 10/13] 🎲 Drawing Posterior Samples:  46%|████▌     | 700/1520 [00:33<00:15, 52.34step/s][Origin 10/13] 🎲 Drawing Posterior Samples:  46%|████▋     | 706/1520 [00:33<00:15, 52.35step/s][Origin 10/13] 🎲 Drawing Posterior Samples:  47%|████▋     | 712/1520 [00:33<00:15, 52.41step/s][Origin 10/13] 🎲 Drawing Posterior Samples:  47%|████▋     | 718/1520 [00:33<00:15, 52.41step/s][Origin 10/13] 🎲 Drawing Posterior Samples:  48%|████▊     | 724/1520 [00:33<00:15, 52.48step/s][Origin 10/13] 🎲 Drawing Posterior Samples:  48%|████▊     | 730/1520 [00:34<00:42, 18.48step/s][Origin 10/13] 🎲 Drawing Posterior Samples:  48%|████▊     | 734/1520 [00:35<00:59, 13.11step/s][Origin 10/13] 🎲 Drawing Posterior Samples:  48%|████▊     | 737/1520 [00:35<01:14, 10.55step/s][Origin 10/13] 🎲 Drawing Posterior Samples:  49%|████▊     | 740/1520 [00:36<01:23,  9.29step/s][Origin 10/13] 🎲 Drawing Posterior Samples:  49%|████▉     | 742/1520 [00:36<01:31,  8.55step/s][Origin 10/13] 🎲 Drawing Posterior Samples:  49%|████▉     | 744/1520 [00:36<01:38,  7.88step/s][Origin 10/13] 🎲 Drawing Posterior Samples:  49%|████▉     | 746/1520 [00:37<01:48,  7.12step/s][Origin 10/13] 🎲 Drawing Posterior Samples:  49%|████▉     | 747/1520 [00:37<01:58,  6.53step/s][Origin 10/13] 🎲 Drawing Posterior Samples:  49%|████▉     | 748/1520 [00:37<02:05,  6.13step/s][Origin 10/13] 🎲 Drawing Posterior Samples:  49%|████▉     | 749/1520 [00:37<02:10,  5.89step/s][Origin 10/13] 🎲 Drawing Posterior Samples:  49%|████▉     | 750/1520 [00:38<02:11,  5.84step/s][Origin 10/13] 🎲 Drawing Posterior Samples:  49%|████▉     | 751/1520 [00:38<02:07,  6.02step/s][Origin 10/13] 🎲 Drawing Posterior Samples:  49%|████▉     | 752/1520 [00:38<02:06,  6.07step/s][Origin 10/13] 🎲 Drawing Posterior Samples:  50%|████▉     | 753/1520 [00:38<02:03,  6.21step/s][Origin 10/13] 🎲 Drawing Posterior Samples:  50%|████▉     | 754/1520 [00:38<02:08,  5.95step/s][Origin 10/13] 🎲 Drawing Posterior Samples:  50%|████▉     | 755/1520 [00:39<02:14,  5.67step/s][Origin 10/13] 🎲 Drawing Posterior Samples:  50%|████▉     | 756/1520 [00:39<02:18,  5.50step/s][Origin 10/13] 🎲 Drawing Posterior Samples:  50%|████▉     | 757/1520 [00:39<02:40,  4.75step/s][Origin 10/13] 🎲 Drawing Posterior Samples:  50%|████▉     | 758/1520 [00:39<02:32,  4.98step/s][Origin 10/13] 🎲 Drawing Posterior Samples:  50%|████▉     | 759/1520 [00:39<02:25,  5.24step/s][Origin 10/13] 🎲 Drawing Posterior Samples:  50%|█████     | 760/1520 [00:39<02:19,  5.46step/s][Origin 10/13] 🎲 Drawing Posterior Samples:  50%|█████     | 761/1520 [00:54<55:43,  4.40s/step][Origin 10/13] 🎲 Drawing Posterior Samples:  50%|█████     | 767/1520 [00:54<15:43,  1.25s/step][Origin 10/13] 🎲 Drawing Posterior Samples:  51%|█████     | 777/1520 [00:54<05:48,  2.13step/s][Origin 10/13] 🎲 Drawing Posterior Samples:  52%|█████▏    | 785/1520 [00:54<03:24,  3.59step/s][Origin 10/13] 🎲 Drawing Posterior Samples:  52%|█████▏    | 793/1520 [00:54<02:10,  5.58step/s][Origin 10/13] 🎲 Drawing Posterior Samples:  53%|█████▎    | 800/1520 [00:54<01:31,  7.89step/s][Origin 10/13] 🎲 Drawing Posterior Samples:  53%|█████▎    | 807/1520 [00:55<01:05, 10.92step/s][Origin 10/13] 🎲 Drawing Posterior Samples:  54%|█████▎    | 814/1520 [00:55<00:48, 14.47step/s][Origin 10/13] 🎲 Drawing Posterior Samples:  54%|█████▍    | 821/1520 [00:55<00:37, 18.52step/s][Origin 10/13] 🎲 Drawing Posterior Samples:  54%|█████▍    | 827/1520 [00:55<00:30, 22.46step/s][Origin 10/13] 🎲 Drawing Posterior Samples:  55%|█████▍    | 833/1520 [00:55<00:25, 26.73step/s][Origin 10/13] 🎲 Drawing Posterior Samples:  55%|█████▌    | 839/1520 [00:55<00:21, 31.11step/s][Origin 10/13] 🎲 Drawing Posterior Samples:  56%|█████▌    | 845/1520 [00:55<00:19, 35.30step/s][Origin 10/13] 🎲 Drawing Posterior Samples:  56%|█████▌    | 851/1520 [00:55<00:17, 39.09step/s][Origin 10/13] 🎲 Drawing Posterior Samples:  56%|█████▋    | 857/1520 [00:55<00:15, 42.35step/s][Origin 10/13] 🎲 Drawing Posterior Samples:  57%|█████▋    | 863/1520 [00:56<00:14, 45.03step/s][Origin 10/13] 🎲 Drawing Posterior Samples:  57%|█████▋    | 869/1520 [00:56<00:13, 47.09step/s][Origin 10/13] 🎲 Drawing Posterior Samples:  58%|█████▊    | 875/1520 [00:56<00:13, 48.48step/s][Origin 10/13] 🎲 Drawing Posterior Samples:  58%|█████▊    | 881/1520 [00:56<00:12, 49.52step/s][Origin 10/13] 🎲 Drawing Posterior Samples:  58%|█████▊    | 887/1520 [00:56<00:12, 50.24step/s][Origin 10/13] 🎲 Drawing Posterior Samples:  59%|█████▉    | 893/1520 [00:56<00:12, 50.89step/s][Origin 10/13] 🎲 Drawing Posterior Samples:  59%|█████▉    | 899/1520 [00:56<00:12, 47.94step/s][Origin 10/13] 🎲 Drawing Posterior Samples:  60%|█████▉    | 905/1520 [00:56<00:12, 49.33step/s][Origin 10/13] 🎲 Drawing Posterior Samples:  60%|█████▉    | 911/1520 [00:57<00:12, 50.34step/s][Origin 10/13] 🎲 Drawing Posterior Samples:  60%|██████    | 917/1520 [00:57<00:11, 51.01step/s][Origin 10/13] 🎲 Drawing Posterior Samples:  61%|██████    | 923/1520 [00:57<00:11, 51.48step/s][Origin 10/13] 🎲 Drawing Posterior Samples:  61%|██████    | 929/1520 [00:57<00:11, 51.78step/s][Origin 10/13] 🎲 Drawing Posterior Samples:  62%|██████▏   | 935/1520 [00:57<00:11, 51.91step/s][Origin 10/13] 🎲 Drawing Posterior Samples:  62%|██████▏   | 941/1520 [00:57<00:11, 51.93step/s][Origin 10/13] 🎲 Drawing Posterior Samples:  62%|██████▏   | 947/1520 [00:57<00:11, 51.96step/s][Origin 10/13] 🎲 Drawing Posterior Samples:  63%|██████▎   | 953/1520 [00:57<00:10, 52.02step/s][Origin 10/13] 🎲 Drawing Posterior Samples:  63%|██████▎   | 959/1520 [00:57<00:10, 52.18step/s][Origin 10/13] 🎲 Drawing Posterior Samples:  63%|██████▎   | 965/1520 [00:58<00:10, 52.36step/s][Origin 10/13] 🎲 Drawing Posterior Samples:  64%|██████▍   | 971/1520 [00:58<00:10, 52.42step/s][Origin 10/13] 🎲 Drawing Posterior Samples:  64%|██████▍   | 977/1520 [00:58<00:10, 52.51step/s][Origin 10/13] 🎲 Drawing Posterior Samples:  65%|██████▍   | 983/1520 [00:58<00:10, 52.52step/s][Origin 10/13] 🎲 Drawing Posterior Samples:  65%|██████▌   | 989/1520 [00:58<00:10, 52.43step/s][Origin 10/13] 🎲 Drawing Posterior Samples:  65%|██████▌   | 995/1520 [00:58<00:10, 52.44step/s][Origin 10/13] 🎲 Drawing Posterior Samples:  66%|██████▌   | 1001/1520 [00:58<00:09, 52.41step/s][Origin 10/13] 🎲 Drawing Posterior Samples:  66%|██████▋   | 1007/1520 [00:58<00:09, 52.38step/s][Origin 10/13] 🎲 Drawing Posterior Samples:  67%|██████▋   | 1013/1520 [00:58<00:09, 52.36step/s][Origin 10/13] 🎲 Drawing Posterior Samples:  67%|██████▋   | 1019/1520 [00:59<00:09, 52.38step/s][Origin 10/13] 🎲 Drawing Posterior Samples:  67%|██████▋   | 1025/1520 [00:59<00:09, 52.41step/s][Origin 10/13] 🎲 Drawing Posterior Samples:  68%|██████▊   | 1031/1520 [00:59<00:09, 52.49step/s][Origin 10/13] 🎲 Drawing Posterior Samples:  68%|██████▊   | 1037/1520 [00:59<00:09, 52.52step/s][Origin 10/13] 🎲 Drawing Posterior Samples:  69%|██████▊   | 1043/1520 [00:59<00:09, 52.57step/s][Origin 10/13] 🎲 Drawing Posterior Samples:  69%|██████▉   | 1049/1520 [00:59<00:08, 52.55step/s][Origin 10/13] 🎲 Drawing Posterior Samples:  69%|██████▉   | 1055/1520 [00:59<00:08, 52.51step/s][Origin 10/13] 🎲 Drawing Posterior Samples:  70%|██████▉   | 1061/1520 [00:59<00:08, 52.52step/s][Origin 10/13] 🎲 Drawing Posterior Samples:  70%|███████   | 1067/1520 [00:59<00:08, 52.50step/s][Origin 10/13] 🎲 Drawing Posterior Samples:  71%|███████   | 1073/1520 [01:00<00:08, 52.45step/s][Origin 10/13] 🎲 Drawing Posterior Samples:  71%|███████   | 1079/1520 [01:00<00:08, 52.34step/s][Origin 10/13] 🎲 Drawing Posterior Samples:  71%|███████▏  | 1085/1520 [01:00<00:08, 52.36step/s][Origin 10/13] 🎲 Drawing Posterior Samples:  72%|███████▏  | 1091/1520 [01:00<00:08, 52.41step/s][Origin 10/13] 🎲 Drawing Posterior Samples:  72%|███████▏  | 1097/1520 [01:00<00:08, 52.49step/s][Origin 10/13] 🎲 Drawing Posterior Samples:  73%|███████▎  | 1103/1520 [01:00<00:07, 52.53step/s][Origin 10/13] 🎲 Drawing Posterior Samples:  73%|███████▎  | 1109/1520 [01:01<00:24, 16.64step/s][Origin 10/13] 🎲 Drawing Posterior Samples:  73%|███████▎  | 1113/1520 [01:02<00:45,  8.99step/s][Origin 10/13] 🎲 Drawing Posterior Samples:  73%|███████▎  | 1116/1520 [01:03<00:49,  8.24step/s][Origin 10/13] 🎲 Drawing Posterior Samples:  74%|███████▎  | 1119/1520 [01:03<00:52,  7.69step/s][Origin 10/13] 🎲 Drawing Posterior Samples:  74%|███████▍  | 1121/1520 [01:04<00:54,  7.36step/s][Origin 10/13] 🎲 Drawing Posterior Samples:  74%|███████▍  | 1123/1520 [01:04<00:55,  7.15step/s][Origin 10/13] 🎲 Drawing Posterior Samples:  74%|███████▍  | 1125/1520 [01:04<00:57,  6.85step/s][Origin 10/13] 🎲 Drawing Posterior Samples:  74%|███████▍  | 1126/1520 [01:04<00:59,  6.64step/s][Origin 10/13] 🎲 Drawing Posterior Samples:  74%|███████▍  | 1127/1520 [01:05<00:59,  6.59step/s][Origin 10/13] 🎲 Drawing Posterior Samples:  74%|███████▍  | 1128/1520 [01:05<01:00,  6.52step/s][Origin 10/13] 🎲 Drawing Posterior Samples:  74%|███████▍  | 1129/1520 [01:05<01:00,  6.41step/s][Origin 10/13] 🎲 Drawing Posterior Samples:  74%|███████▍  | 1130/1520 [01:05<01:02,  6.21step/s][Origin 10/13] 🎲 Drawing Posterior Samples:  74%|███████▍  | 1131/1520 [01:05<01:07,  5.80step/s][Origin 10/13] 🎲 Drawing Posterior Samples:  74%|███████▍  | 1132/1520 [01:05<01:07,  5.71step/s][Origin 10/13] 🎲 Drawing Posterior Samples:  75%|███████▍  | 1133/1520 [01:06<01:04,  6.00step/s][Origin 10/13] 🎲 Drawing Posterior Samples:  75%|███████▍  | 1134/1520 [01:06<01:04,  6.00step/s][Origin 10/13] 🎲 Drawing Posterior Samples:  75%|███████▍  | 1135/1520 [01:06<01:07,  5.74step/s][Origin 10/13] 🎲 Drawing Posterior Samples:  75%|███████▍  | 1136/1520 [01:06<01:11,  5.35step/s][Origin 10/13] 🎲 Drawing Posterior Samples:  75%|███████▍  | 1137/1520 [01:06<01:10,  5.43step/s][Origin 10/13] 🎲 Drawing Posterior Samples:  75%|███████▍  | 1138/1520 [01:07<01:08,  5.61step/s][Origin 10/13] 🎲 Drawing Posterior Samples:  75%|███████▍  | 1139/1520 [01:07<01:06,  5.70step/s][Origin 10/13] 🎲 Drawing Posterior Samples:  75%|███████▌  | 1140/1520 [01:07<01:05,  5.80step/s][Origin 10/13] 🎲 Drawing Posterior Samples:  75%|███████▌  | 1141/1520 [01:21<27:40,  4.38s/step][Origin 10/13] 🎲 Drawing Posterior Samples:  75%|███████▌  | 1147/1520 [01:21<07:44,  1.25s/step][Origin 10/13] 🎲 Drawing Posterior Samples:  76%|███████▌  | 1153/1520 [01:21<03:49,  1.60step/s][Origin 10/13] 🎲 Drawing Posterior Samples:  76%|███████▋  | 1159/1520 [01:21<02:13,  2.70step/s][Origin 10/13] 🎲 Drawing Posterior Samples:  77%|███████▋  | 1165/1520 [01:22<01:24,  4.20step/s][Origin 10/13] 🎲 Drawing Posterior Samples:  77%|███████▋  | 1171/1520 [01:22<00:56,  6.18step/s][Origin 10/13] 🎲 Drawing Posterior Samples:  77%|███████▋  | 1177/1520 [01:22<00:39,  8.75step/s][Origin 10/13] 🎲 Drawing Posterior Samples:  78%|███████▊  | 1183/1520 [01:22<00:28, 11.97step/s][Origin 10/13] 🎲 Drawing Posterior Samples:  78%|███████▊  | 1189/1520 [01:22<00:20, 15.83step/s][Origin 10/13] 🎲 Drawing Posterior Samples:  79%|███████▊  | 1195/1520 [01:22<00:16, 20.22step/s][Origin 10/13] 🎲 Drawing Posterior Samples:  79%|███████▉  | 1201/1520 [01:22<00:12, 24.90step/s][Origin 10/13] 🎲 Drawing Posterior Samples:  79%|███████▉  | 1207/1520 [01:22<00:10, 29.62step/s][Origin 10/13] 🎲 Drawing Posterior Samples:  80%|███████▉  | 1213/1520 [01:23<00:09, 34.09step/s][Origin 10/13] 🎲 Drawing Posterior Samples:  80%|████████  | 1219/1520 [01:23<00:07, 38.06step/s][Origin 10/13] 🎲 Drawing Posterior Samples:  81%|████████  | 1225/1520 [01:23<00:07, 41.45step/s][Origin 10/13] 🎲 Drawing Posterior Samples:  81%|████████  | 1231/1520 [01:23<00:06, 44.14step/s][Origin 10/13] 🎲 Drawing Posterior Samples:  81%|████████▏ | 1237/1520 [01:23<00:06, 46.52step/s][Origin 10/13] 🎲 Drawing Posterior Samples:  82%|████████▏ | 1243/1520 [01:23<00:05, 48.26step/s][Origin 10/13] 🎲 Drawing Posterior Samples:  82%|████████▏ | 1249/1520 [01:23<00:05, 49.56step/s][Origin 10/13] 🎲 Drawing Posterior Samples:  83%|████████▎ | 1255/1520 [01:23<00:05, 50.48step/s][Origin 10/13] 🎲 Drawing Posterior Samples:  83%|████████▎ | 1261/1520 [01:23<00:05, 51.10step/s][Origin 10/13] 🎲 Drawing Posterior Samples:  83%|████████▎ | 1267/1520 [01:24<00:04, 51.47step/s][Origin 10/13] 🎲 Drawing Posterior Samples:  84%|████████▍ | 1273/1520 [01:24<00:04, 51.69step/s][Origin 10/13] 🎲 Drawing Posterior Samples:  84%|████████▍ | 1279/1520 [01:24<00:04, 51.87step/s][Origin 10/13] 🎲 Drawing Posterior Samples:  85%|████████▍ | 1285/1520 [01:24<00:04, 52.00step/s][Origin 10/13] 🎲 Drawing Posterior Samples:  85%|████████▍ | 1291/1520 [01:24<00:04, 52.07step/s][Origin 10/13] 🎲 Drawing Posterior Samples:  85%|████████▌ | 1297/1520 [01:24<00:04, 52.21step/s][Origin 10/13] 🎲 Drawing Posterior Samples:  86%|████████▌ | 1303/1520 [01:24<00:04, 52.32step/s][Origin 10/13] 🎲 Drawing Posterior Samples:  86%|████████▌ | 1309/1520 [01:24<00:04, 52.47step/s][Origin 10/13] 🎲 Drawing Posterior Samples:  87%|████████▋ | 1315/1520 [01:24<00:03, 52.57step/s][Origin 10/13] 🎲 Drawing Posterior Samples:  87%|████████▋ | 1321/1520 [01:25<00:03, 52.52step/s][Origin 10/13] 🎲 Drawing Posterior Samples:  87%|████████▋ | 1327/1520 [01:25<00:03, 52.41step/s][Origin 10/13] 🎲 Drawing Posterior Samples:  88%|████████▊ | 1333/1520 [01:25<00:03, 52.39step/s][Origin 10/13] 🎲 Drawing Posterior Samples:  88%|████████▊ | 1339/1520 [01:25<00:03, 52.37step/s][Origin 10/13] 🎲 Drawing Posterior Samples:  88%|████████▊ | 1345/1520 [01:25<00:03, 52.31step/s][Origin 10/13] 🎲 Drawing Posterior Samples:  89%|████████▉ | 1351/1520 [01:25<00:03, 50.46step/s][Origin 10/13] 🎲 Drawing Posterior Samples:  89%|████████▉ | 1357/1520 [01:25<00:03, 51.05step/s][Origin 10/13] 🎲 Drawing Posterior Samples:  90%|████████▉ | 1363/1520 [01:25<00:03, 51.39step/s][Origin 10/13] 🎲 Drawing Posterior Samples:  90%|█████████ | 1369/1520 [01:25<00:02, 51.76step/s][Origin 10/13] 🎲 Drawing Posterior Samples:  90%|█████████ | 1375/1520 [01:26<00:02, 52.02step/s][Origin 10/13] 🎲 Drawing Posterior Samples:  91%|█████████ | 1381/1520 [01:26<00:03, 43.00step/s][Origin 10/13] 🎲 Drawing Posterior Samples:  91%|█████████ | 1386/1520 [01:26<00:03, 36.71step/s][Origin 10/13] 🎲 Drawing Posterior Samples:  92%|█████████▏| 1391/1520 [01:26<00:03, 39.47step/s][Origin 10/13] 🎲 Drawing Posterior Samples:  92%|█████████▏| 1397/1520 [01:26<00:02, 42.59step/s][Origin 10/13] 🎲 Drawing Posterior Samples:  92%|█████████▏| 1403/1520 [01:26<00:02, 45.14step/s][Origin 10/13] 🎲 Drawing Posterior Samples:  93%|█████████▎| 1409/1520 [01:26<00:02, 47.05step/s][Origin 10/13] 🎲 Drawing Posterior Samples:  93%|█████████▎| 1415/1520 [01:27<00:02, 48.46step/s][Origin 10/13] 🎲 Drawing Posterior Samples:  93%|█████████▎| 1421/1520 [01:27<00:01, 49.62step/s][Origin 10/13] 🎲 Drawing Posterior Samples:  94%|█████████▍| 1427/1520 [01:27<00:01, 50.39step/s][Origin 10/13] 🎲 Drawing Posterior Samples:  94%|█████████▍| 1433/1520 [01:27<00:01, 50.97step/s][Origin 10/13] 🎲 Drawing Posterior Samples:  95%|█████████▍| 1439/1520 [01:27<00:01, 51.43step/s][Origin 10/13] 🎲 Drawing Posterior Samples:  95%|█████████▌| 1445/1520 [01:27<00:01, 51.78step/s][Origin 10/13] 🎲 Drawing Posterior Samples:  95%|█████████▌| 1451/1520 [01:27<00:01, 52.06step/s][Origin 10/13] 🎲 Drawing Posterior Samples:  96%|█████████▌| 1457/1520 [01:27<00:01, 52.16step/s][Origin 10/13] 🎲 Drawing Posterior Samples:  96%|█████████▋| 1463/1520 [01:27<00:01, 52.14step/s][Origin 10/13] 🎲 Drawing Posterior Samples:  97%|█████████▋| 1469/1520 [01:28<00:00, 52.22step/s][Origin 10/13] 🎲 Drawing Posterior Samples:  97%|█████████▋| 1475/1520 [01:28<00:00, 52.23step/s][Origin 10/13] 🎲 Drawing Posterior Samples:  97%|█████████▋| 1481/1520 [01:28<00:00, 52.24step/s][Origin 10/13] 🎲 Drawing Posterior Samples:  98%|█████████▊| 1487/1520 [01:28<00:01, 27.76step/s][Origin 10/13] 🎲 Drawing Posterior Samples:  98%|█████████▊| 1492/1520 [01:29<00:01, 15.81step/s][Origin 10/13] 🎲 Drawing Posterior Samples:  98%|█████████▊| 1496/1520 [01:30<00:02, 11.63step/s][Origin 10/13] 🎲 Drawing Posterior Samples:  99%|█████████▊| 1499/1520 [01:30<00:02, 10.15step/s][Origin 10/13] 🎲 Drawing Posterior Samples:  99%|█████████▉| 1501/1520 [01:30<00:02,  9.38step/s][Origin 10/13] 🎲 Drawing Posterior Samples:  99%|█████████▉| 1503/1520 [01:31<00:01,  8.60step/s][Origin 10/13] 🎲 Drawing Posterior Samples:  99%|█████████▉| 1505/1520 [01:31<00:01,  7.97step/s][Origin 10/13] 🎲 Drawing Posterior Samples:  99%|█████████▉| 1507/1520 [01:31<00:01,  7.49step/s][Origin 10/13] 🎲 Drawing Posterior Samples:  99%|█████████▉| 1508/1520 [01:31<00:01,  7.17step/s][Origin 10/13] 🎲 Drawing Posterior Samples:  99%|█████████▉| 1509/1520 [01:32<00:01,  6.89step/s][Origin 10/13] 🎲 Drawing Posterior Samples:  99%|█████████▉| 1510/1520 [01:32<00:01,  6.89step/s][Origin 10/13] 🎲 Drawing Posterior Samples:  99%|█████████▉| 1511/1520 [01:32<00:01,  7.08step/s][Origin 10/13] 🎲 Drawing Posterior Samples:  99%|█████████▉| 1512/1520 [01:32<00:01,  7.11step/s][Origin 10/13] 🎲 Drawing Posterior Samples: 100%|█████████▉| 1513/1520 [01:32<00:00,  7.07step/s][Origin 10/13] 🎲 Drawing Posterior Samples: 100%|█████████▉| 1514/1520 [01:32<00:00,  6.96step/s][Origin 10/13] 🎲 Drawing Posterior Samples: 100%|█████████▉| 1515/1520 [01:33<00:00,  6.76step/s][Origin 10/13] 🎲 Drawing Posterior Samples: 100%|█████████▉| 1516/1520 [01:33<00:00,  6.87step/s][Origin 10/13] 🎲 Drawing Posterior Samples: 100%|█████████▉| 1517/1520 [01:33<00:00,  6.64step/s][Origin 10/13] 🎲 Drawing Posterior Samples: 100%|█████████▉| 1518/1520 [01:33<00:00,  6.59step/s][Origin 10/13] 🎲 Drawing Posterior Samples: 100%|█████████▉| 1519/1520 [01:33<00:00,  6.51step/s][Origin 10/13] 🎲 Drawing Posterior Samples: 100%|██████████| 1520/1520 [01:33<00:00,  5.05step/s]                                                                                                  [Origin 11/13] 🎲 Drawing Posterior Samples:   0%|          | 0/1524 [00:00<?, ?step/s][Origin 11/13] 🎲 Drawing Posterior Samples:   0%|          | 7/1524 [00:00<00:25, 58.82step/s][Origin 11/13] 🎲 Drawing Posterior Samples:   1%|          | 16/1524 [00:00<00:20, 75.03step/s][Origin 11/13] 🎲 Drawing Posterior Samples:   2%|▏         | 24/1524 [00:00<00:20, 73.39step/s][Origin 11/13] 🎲 Drawing Posterior Samples:   2%|▏         | 32/1524 [00:00<00:20, 72.00step/s][Origin 11/13] 🎲 Drawing Posterior Samples:   3%|▎         | 40/1524 [00:00<00:20, 71.54step/s][Origin 11/13] 🎲 Drawing Posterior Samples:   3%|▎         | 48/1524 [00:00<00:20, 71.29step/s][Origin 11/13] 🎲 Drawing Posterior Samples:   4%|▎         | 56/1524 [00:00<00:23, 63.48step/s][Origin 11/13] 🎲 Drawing Posterior Samples:   4%|▍         | 63/1524 [00:00<00:24, 59.31step/s][Origin 11/13] 🎲 Drawing Posterior Samples:   5%|▍         | 70/1524 [00:01<00:25, 56.94step/s][Origin 11/13] 🎲 Drawing Posterior Samples:   5%|▍         | 76/1524 [00:01<00:26, 55.64step/s][Origin 11/13] 🎲 Drawing Posterior Samples:   5%|▌         | 82/1524 [00:01<00:26, 54.81step/s][Origin 11/13] 🎲 Drawing Posterior Samples:   6%|▌         | 88/1524 [00:01<00:26, 54.28step/s][Origin 11/13] 🎲 Drawing Posterior Samples:   6%|▌         | 94/1524 [00:01<00:26, 53.85step/s][Origin 11/13] 🎲 Drawing Posterior Samples:   7%|▋         | 100/1524 [00:01<00:26, 53.54step/s][Origin 11/13] 🎲 Drawing Posterior Samples:   7%|▋         | 106/1524 [00:01<00:26, 53.23step/s][Origin 11/13] 🎲 Drawing Posterior Samples:   7%|▋         | 112/1524 [00:01<00:26, 52.86step/s][Origin 11/13] 🎲 Drawing Posterior Samples:   8%|▊         | 118/1524 [00:02<00:26, 52.59step/s][Origin 11/13] 🎲 Drawing Posterior Samples:   8%|▊         | 124/1524 [00:02<00:26, 52.39step/s][Origin 11/13] 🎲 Drawing Posterior Samples:   9%|▊         | 130/1524 [00:02<00:26, 52.27step/s][Origin 11/13] 🎲 Drawing Posterior Samples:   9%|▉         | 136/1524 [00:02<00:26, 52.17step/s][Origin 11/13] 🎲 Drawing Posterior Samples:   9%|▉         | 142/1524 [00:02<00:26, 52.25step/s][Origin 11/13] 🎲 Drawing Posterior Samples:  10%|▉         | 148/1524 [00:02<00:26, 52.32step/s][Origin 11/13] 🎲 Drawing Posterior Samples:  10%|█         | 154/1524 [00:02<00:26, 52.44step/s][Origin 11/13] 🎲 Drawing Posterior Samples:  10%|█         | 160/1524 [00:02<00:25, 52.47step/s][Origin 11/13] 🎲 Drawing Posterior Samples:  11%|█         | 166/1524 [00:02<00:25, 52.59step/s][Origin 11/13] 🎲 Drawing Posterior Samples:  11%|█▏        | 172/1524 [00:03<00:25, 52.56step/s][Origin 11/13] 🎲 Drawing Posterior Samples:  12%|█▏        | 178/1524 [00:03<00:25, 52.47step/s][Origin 11/13] 🎲 Drawing Posterior Samples:  12%|█▏        | 184/1524 [00:03<00:25, 52.40step/s][Origin 11/13] 🎲 Drawing Posterior Samples:  12%|█▏        | 190/1524 [00:03<00:25, 52.29step/s][Origin 11/13] 🎲 Drawing Posterior Samples:  13%|█▎        | 196/1524 [00:03<00:25, 52.28step/s][Origin 11/13] 🎲 Drawing Posterior Samples:  13%|█▎        | 202/1524 [00:03<00:25, 52.25step/s][Origin 11/13] 🎲 Drawing Posterior Samples:  14%|█▎        | 208/1524 [00:03<00:25, 52.31step/s][Origin 11/13] 🎲 Drawing Posterior Samples:  14%|█▍        | 214/1524 [00:03<00:25, 52.39step/s][Origin 11/13] 🎲 Drawing Posterior Samples:  14%|█▍        | 220/1524 [00:03<00:24, 52.46step/s][Origin 11/13] 🎲 Drawing Posterior Samples:  15%|█▍        | 226/1524 [00:04<00:24, 52.48step/s][Origin 11/13] 🎲 Drawing Posterior Samples:  15%|█▌        | 232/1524 [00:04<00:24, 52.48step/s][Origin 11/13] 🎲 Drawing Posterior Samples:  16%|█▌        | 238/1524 [00:04<00:24, 52.36step/s][Origin 11/13] 🎲 Drawing Posterior Samples:  16%|█▌        | 244/1524 [00:04<00:24, 52.32step/s][Origin 11/13] 🎲 Drawing Posterior Samples:  16%|█▋        | 250/1524 [00:04<00:24, 52.29step/s][Origin 11/13] 🎲 Drawing Posterior Samples:  17%|█▋        | 256/1524 [00:04<00:24, 52.26step/s][Origin 11/13] 🎲 Drawing Posterior Samples:  17%|█▋        | 262/1524 [00:04<00:24, 52.18step/s][Origin 11/13] 🎲 Drawing Posterior Samples:  18%|█▊        | 268/1524 [00:04<00:24, 52.22step/s][Origin 11/13] 🎲 Drawing Posterior Samples:  18%|█▊        | 274/1524 [00:04<00:23, 52.28step/s][Origin 11/13] 🎲 Drawing Posterior Samples:  18%|█▊        | 280/1524 [00:05<00:23, 52.29step/s][Origin 11/13] 🎲 Drawing Posterior Samples:  19%|█▉        | 286/1524 [00:05<00:23, 52.36step/s][Origin 11/13] 🎲 Drawing Posterior Samples:  19%|█▉        | 292/1524 [00:05<00:23, 52.45step/s][Origin 11/13] 🎲 Drawing Posterior Samples:  20%|█▉        | 298/1524 [00:05<00:23, 52.41step/s][Origin 11/13] 🎲 Drawing Posterior Samples:  20%|█▉        | 304/1524 [00:05<00:23, 52.35step/s][Origin 11/13] 🎲 Drawing Posterior Samples:  20%|██        | 310/1524 [00:05<00:23, 52.32step/s][Origin 11/13] 🎲 Drawing Posterior Samples:  21%|██        | 316/1524 [00:05<00:23, 52.24step/s][Origin 11/13] 🎲 Drawing Posterior Samples:  21%|██        | 322/1524 [00:05<00:23, 52.24step/s][Origin 11/13] 🎲 Drawing Posterior Samples:  22%|██▏       | 328/1524 [00:06<00:22, 52.16step/s][Origin 11/13] 🎲 Drawing Posterior Samples:  22%|██▏       | 334/1524 [00:06<00:23, 50.98step/s][Origin 11/13] 🎲 Drawing Posterior Samples:  22%|██▏       | 340/1524 [00:06<00:23, 51.36step/s][Origin 11/13] 🎲 Drawing Posterior Samples:  23%|██▎       | 346/1524 [00:06<00:29, 40.04step/s][Origin 11/13] 🎲 Drawing Posterior Samples:  23%|██▎       | 351/1524 [00:07<01:10, 16.66step/s][Origin 11/13] 🎲 Drawing Posterior Samples:  23%|██▎       | 355/1524 [00:08<01:44, 11.16step/s][Origin 11/13] 🎲 Drawing Posterior Samples:  23%|██▎       | 358/1524 [00:08<02:31,  7.72step/s][Origin 11/13] 🎲 Drawing Posterior Samples:  24%|██▎       | 360/1524 [00:09<02:51,  6.79step/s][Origin 11/13] 🎲 Drawing Posterior Samples:  24%|██▍       | 362/1524 [00:09<03:02,  6.36step/s][Origin 11/13] 🎲 Drawing Posterior Samples:  24%|██▍       | 364/1524 [00:10<03:22,  5.74step/s][Origin 11/13] 🎲 Drawing Posterior Samples:  24%|██▍       | 365/1524 [00:10<03:33,  5.43step/s][Origin 11/13] 🎲 Drawing Posterior Samples:  24%|██▍       | 366/1524 [00:10<03:40,  5.25step/s][Origin 11/13] 🎲 Drawing Posterior Samples:  24%|██▍       | 367/1524 [00:10<03:49,  5.05step/s][Origin 11/13] 🎲 Drawing Posterior Samples:  24%|██▍       | 368/1524 [00:11<03:54,  4.94step/s][Origin 11/13] 🎲 Drawing Posterior Samples:  24%|██▍       | 369/1524 [00:11<03:58,  4.84step/s][Origin 11/13] 🎲 Drawing Posterior Samples:  24%|██▍       | 370/1524 [00:11<04:02,  4.77step/s][Origin 11/13] 🎲 Drawing Posterior Samples:  24%|██▍       | 371/1524 [00:11<04:19,  4.44step/s][Origin 11/13] 🎲 Drawing Posterior Samples:  24%|██▍       | 372/1524 [00:12<04:19,  4.44step/s][Origin 11/13] 🎲 Drawing Posterior Samples:  24%|██▍       | 373/1524 [00:12<04:19,  4.44step/s][Origin 11/13] 🎲 Drawing Posterior Samples:  25%|██▍       | 374/1524 [00:12<04:09,  4.60step/s][Origin 11/13] 🎲 Drawing Posterior Samples:  25%|██▍       | 375/1524 [00:12<04:06,  4.65step/s][Origin 11/13] 🎲 Drawing Posterior Samples:  25%|██▍       | 376/1524 [00:13<04:22,  4.37step/s][Origin 11/13] 🎲 Drawing Posterior Samples:  25%|██▍       | 377/1524 [00:13<04:38,  4.12step/s][Origin 11/13] 🎲 Drawing Posterior Samples:  25%|██▍       | 378/1524 [00:13<04:30,  4.24step/s][Origin 11/13] 🎲 Drawing Posterior Samples:  25%|██▍       | 379/1524 [00:13<04:16,  4.46step/s][Origin 11/13] 🎲 Drawing Posterior Samples:  25%|██▍       | 380/1524 [00:13<04:13,  4.51step/s][Origin 11/13] 🎲 Drawing Posterior Samples:  25%|██▌       | 381/1524 [00:14<04:17,  4.43step/s][Origin 11/13] 🎲 Drawing Posterior Samples:  25%|██▌       | 382/1524 [00:27<1:19:51,  4.20s/step][Origin 11/13] 🎲 Drawing Posterior Samples:  25%|██▌       | 388/1524 [00:27<22:32,  1.19s/step]  [Origin 11/13] 🎲 Drawing Posterior Samples:  26%|██▌       | 394/1524 [00:27<11:14,  1.68step/s][Origin 11/13] 🎲 Drawing Posterior Samples:  26%|██▌       | 400/1524 [00:28<06:38,  2.82step/s][Origin 11/13] 🎲 Drawing Posterior Samples:  27%|██▋       | 406/1524 [00:28<04:15,  4.38step/s][Origin 11/13] 🎲 Drawing Posterior Samples:  27%|██▋       | 412/1524 [00:28<02:52,  6.44step/s][Origin 11/13] 🎲 Drawing Posterior Samples:  27%|██▋       | 418/1524 [00:28<02:01,  9.09step/s][Origin 11/13] 🎲 Drawing Posterior Samples:  28%|██▊       | 423/1524 [00:28<01:35, 11.47step/s][Origin 11/13] 🎲 Drawing Posterior Samples:  28%|██▊       | 429/1524 [00:28<01:11, 15.42step/s][Origin 11/13] 🎲 Drawing Posterior Samples:  29%|██▊       | 435/1524 [00:28<00:54, 19.88step/s][Origin 11/13] 🎲 Drawing Posterior Samples:  29%|██▉       | 441/1524 [00:28<00:43, 24.64step/s][Origin 11/13] 🎲 Drawing Posterior Samples:  29%|██▉       | 447/1524 [00:28<00:36, 29.42step/s][Origin 11/13] 🎲 Drawing Posterior Samples:  30%|██▉       | 453/1524 [00:29<00:31, 33.94step/s][Origin 11/13] 🎲 Drawing Posterior Samples:  30%|███       | 459/1524 [00:29<00:28, 37.96step/s][Origin 11/13] 🎲 Drawing Posterior Samples:  31%|███       | 465/1524 [00:29<00:25, 41.46step/s][Origin 11/13] 🎲 Drawing Posterior Samples:  31%|███       | 471/1524 [00:29<00:23, 44.33step/s][Origin 11/13] 🎲 Drawing Posterior Samples:  31%|███▏      | 477/1524 [00:29<00:22, 46.59step/s][Origin 11/13] 🎲 Drawing Posterior Samples:  32%|███▏      | 483/1524 [00:29<00:21, 48.27step/s][Origin 11/13] 🎲 Drawing Posterior Samples:  32%|███▏      | 489/1524 [00:29<00:20, 49.55step/s][Origin 11/13] 🎲 Drawing Posterior Samples:  32%|███▏      | 495/1524 [00:29<00:20, 50.44step/s][Origin 11/13] 🎲 Drawing Posterior Samples:  33%|███▎      | 501/1524 [00:29<00:20, 51.09step/s][Origin 11/13] 🎲 Drawing Posterior Samples:  33%|███▎      | 507/1524 [00:30<00:19, 51.40step/s][Origin 11/13] 🎲 Drawing Posterior Samples:  34%|███▎      | 513/1524 [00:30<00:19, 51.58step/s][Origin 11/13] 🎲 Drawing Posterior Samples:  34%|███▍      | 519/1524 [00:30<00:19, 51.75step/s][Origin 11/13] 🎲 Drawing Posterior Samples:  34%|███▍      | 525/1524 [00:30<00:19, 51.93step/s][Origin 11/13] 🎲 Drawing Posterior Samples:  35%|███▍      | 531/1524 [00:30<00:19, 52.11step/s][Origin 11/13] 🎲 Drawing Posterior Samples:  35%|███▌      | 537/1524 [00:30<00:18, 52.30step/s][Origin 11/13] 🎲 Drawing Posterior Samples:  36%|███▌      | 543/1524 [00:30<00:18, 52.39step/s][Origin 11/13] 🎲 Drawing Posterior Samples:  36%|███▌      | 549/1524 [00:30<00:18, 52.50step/s][Origin 11/13] 🎲 Drawing Posterior Samples:  36%|███▋      | 555/1524 [00:31<00:18, 52.53step/s][Origin 11/13] 🎲 Drawing Posterior Samples:  37%|███▋      | 561/1524 [00:31<00:18, 52.51step/s][Origin 11/13] 🎲 Drawing Posterior Samples:  37%|███▋      | 567/1524 [00:31<00:18, 52.43step/s][Origin 11/13] 🎲 Drawing Posterior Samples:  38%|███▊      | 573/1524 [00:31<00:18, 52.33step/s][Origin 11/13] 🎲 Drawing Posterior Samples:  38%|███▊      | 579/1524 [00:31<00:18, 52.30step/s][Origin 11/13] 🎲 Drawing Posterior Samples:  38%|███▊      | 585/1524 [00:31<00:17, 52.28step/s][Origin 11/13] 🎲 Drawing Posterior Samples:  39%|███▉      | 591/1524 [00:31<00:17, 52.33step/s][Origin 11/13] 🎲 Drawing Posterior Samples:  39%|███▉      | 597/1524 [00:31<00:17, 52.43step/s][Origin 11/13] 🎲 Drawing Posterior Samples:  40%|███▉      | 603/1524 [00:31<00:17, 52.52step/s][Origin 11/13] 🎲 Drawing Posterior Samples:  40%|███▉      | 609/1524 [00:32<00:17, 52.61step/s][Origin 11/13] 🎲 Drawing Posterior Samples:  40%|████      | 615/1524 [00:32<00:17, 52.56step/s][Origin 11/13] 🎲 Drawing Posterior Samples:  41%|████      | 621/1524 [00:32<00:17, 52.55step/s][Origin 11/13] 🎲 Drawing Posterior Samples:  41%|████      | 627/1524 [00:32<00:17, 52.49step/s][Origin 11/13] 🎲 Drawing Posterior Samples:  42%|████▏     | 633/1524 [00:32<00:17, 49.78step/s][Origin 11/13] 🎲 Drawing Posterior Samples:  42%|████▏     | 639/1524 [00:32<00:17, 50.56step/s][Origin 11/13] 🎲 Drawing Posterior Samples:  42%|████▏     | 645/1524 [00:32<00:17, 49.49step/s][Origin 11/13] 🎲 Drawing Posterior Samples:  43%|████▎     | 651/1524 [00:32<00:17, 50.24step/s][Origin 11/13] 🎲 Drawing Posterior Samples:  43%|████▎     | 657/1524 [00:32<00:17, 50.90step/s][Origin 11/13] 🎲 Drawing Posterior Samples:  44%|████▎     | 663/1524 [00:33<00:16, 51.26step/s][Origin 11/13] 🎲 Drawing Posterior Samples:  44%|████▍     | 669/1524 [00:33<00:16, 51.67step/s][Origin 11/13] 🎲 Drawing Posterior Samples:  44%|████▍     | 675/1524 [00:33<00:16, 51.87step/s][Origin 11/13] 🎲 Drawing Posterior Samples:  45%|████▍     | 681/1524 [00:33<00:16, 52.04step/s][Origin 11/13] 🎲 Drawing Posterior Samples:  45%|████▌     | 687/1524 [00:33<00:16, 52.10step/s][Origin 11/13] 🎲 Drawing Posterior Samples:  45%|████▌     | 693/1524 [00:33<00:15, 52.12step/s][Origin 11/13] 🎲 Drawing Posterior Samples:  46%|████▌     | 699/1524 [00:33<00:15, 52.14step/s][Origin 11/13] 🎲 Drawing Posterior Samples:  46%|████▋     | 705/1524 [00:33<00:15, 52.15step/s][Origin 11/13] 🎲 Drawing Posterior Samples:  47%|████▋     | 711/1524 [00:34<00:15, 52.25step/s][Origin 11/13] 🎲 Drawing Posterior Samples:  47%|████▋     | 717/1524 [00:34<00:15, 52.33step/s][Origin 11/13] 🎲 Drawing Posterior Samples:  47%|████▋     | 723/1524 [00:34<00:15, 52.43step/s][Origin 11/13] 🎲 Drawing Posterior Samples:  48%|████▊     | 729/1524 [00:34<00:31, 25.17step/s][Origin 11/13] 🎲 Drawing Posterior Samples:  48%|████▊     | 734/1524 [00:35<00:52, 15.04step/s][Origin 11/13] 🎲 Drawing Posterior Samples:  48%|████▊     | 738/1524 [00:36<01:03, 12.36step/s][Origin 11/13] 🎲 Drawing Posterior Samples:  49%|████▊     | 741/1524 [00:36<01:13, 10.58step/s][Origin 11/13] 🎲 Drawing Posterior Samples:  49%|████▉     | 743/1524 [00:36<01:21,  9.54step/s][Origin 11/13] 🎲 Drawing Posterior Samples:  49%|████▉     | 745/1524 [00:37<01:28,  8.82step/s][Origin 11/13] 🎲 Drawing Posterior Samples:  49%|████▉     | 747/1524 [00:37<01:34,  8.22step/s][Origin 11/13] 🎲 Drawing Posterior Samples:  49%|████▉     | 749/1524 [00:37<01:40,  7.71step/s][Origin 11/13] 🎲 Drawing Posterior Samples:  49%|████▉     | 750/1524 [00:37<01:42,  7.54step/s][Origin 11/13] 🎲 Drawing Posterior Samples:  49%|████▉     | 751/1524 [00:38<02:01,  6.36step/s][Origin 11/13] 🎲 Drawing Posterior Samples:  49%|████▉     | 752/1524 [00:38<02:27,  5.22step/s][Origin 11/13] 🎲 Drawing Posterior Samples:  49%|████▉     | 753/1524 [00:38<02:25,  5.30step/s][Origin 11/13] 🎲 Drawing Posterior Samples:  49%|████▉     | 754/1524 [00:38<02:17,  5.61step/s][Origin 11/13] 🎲 Drawing Posterior Samples:  50%|████▉     | 755/1524 [00:38<02:11,  5.85step/s][Origin 11/13] 🎲 Drawing Posterior Samples:  50%|████▉     | 756/1524 [00:39<02:07,  6.05step/s][Origin 11/13] 🎲 Drawing Posterior Samples:  50%|████▉     | 757/1524 [00:39<02:06,  6.07step/s][Origin 11/13] 🎲 Drawing Posterior Samples:  50%|████▉     | 758/1524 [00:39<02:01,  6.30step/s][Origin 11/13] 🎲 Drawing Posterior Samples:  50%|████▉     | 759/1524 [00:39<01:59,  6.38step/s][Origin 11/13] 🎲 Drawing Posterior Samples:  50%|████▉     | 760/1524 [00:39<01:58,  6.45step/s][Origin 11/13] 🎲 Drawing Posterior Samples:  50%|████▉     | 761/1524 [00:39<02:14,  5.65step/s][Origin 11/13] 🎲 Drawing Posterior Samples:  50%|█████     | 762/1524 [00:40<02:07,  5.99step/s][Origin 11/13] 🎲 Drawing Posterior Samples:  50%|█████     | 763/1524 [00:58<1:11:49,  5.66s/step][Origin 11/13] 🎲 Drawing Posterior Samples:  50%|█████     | 769/1524 [00:58<20:16,  1.61s/step]  [Origin 11/13] 🎲 Drawing Posterior Samples:  51%|█████     | 775/1524 [00:58<10:02,  1.24step/s][Origin 11/13] 🎲 Drawing Posterior Samples:  51%|█████     | 781/1524 [00:59<05:52,  2.10step/s][Origin 11/13] 🎲 Drawing Posterior Samples:  52%|█████▏    | 787/1524 [00:59<03:44,  3.29step/s][Origin 11/13] 🎲 Drawing Posterior Samples:  52%|█████▏    | 793/1524 [00:59<02:29,  4.89step/s][Origin 11/13] 🎲 Drawing Posterior Samples:  52%|█████▏    | 799/1524 [00:59<01:43,  7.00step/s][Origin 11/13] 🎲 Drawing Posterior Samples:  53%|█████▎    | 805/1524 [00:59<01:14,  9.71step/s][Origin 11/13] 🎲 Drawing Posterior Samples:  53%|█████▎    | 811/1524 [00:59<00:54, 13.08step/s][Origin 11/13] 🎲 Drawing Posterior Samples:  54%|█████▎    | 817/1524 [00:59<00:41, 17.05step/s][Origin 11/13] 🎲 Drawing Posterior Samples:  54%|█████▍    | 823/1524 [00:59<00:32, 21.50step/s][Origin 11/13] 🎲 Drawing Posterior Samples:  54%|█████▍    | 829/1524 [00:59<00:26, 26.20step/s][Origin 11/13] 🎲 Drawing Posterior Samples:  55%|█████▍    | 835/1524 [01:00<00:22, 30.86step/s][Origin 11/13] 🎲 Drawing Posterior Samples:  55%|█████▌    | 841/1524 [01:00<00:19, 35.21step/s][Origin 11/13] 🎲 Drawing Posterior Samples:  56%|█████▌    | 847/1524 [01:00<00:17, 39.08step/s][Origin 11/13] 🎲 Drawing Posterior Samples:  56%|█████▌    | 853/1524 [01:00<00:15, 42.33step/s][Origin 11/13] 🎲 Drawing Posterior Samples:  56%|█████▋    | 859/1524 [01:00<00:14, 45.08step/s][Origin 11/13] 🎲 Drawing Posterior Samples:  57%|█████▋    | 865/1524 [01:00<00:13, 47.17step/s][Origin 11/13] 🎲 Drawing Posterior Samples:  57%|█████▋    | 871/1524 [01:00<00:13, 48.75step/s][Origin 11/13] 🎲 Drawing Posterior Samples:  58%|█████▊    | 877/1524 [01:00<00:12, 49.90step/s][Origin 11/13] 🎲 Drawing Posterior Samples:  58%|█████▊    | 883/1524 [01:01<00:12, 50.65step/s][Origin 11/13] 🎲 Drawing Posterior Samples:  58%|█████▊    | 889/1524 [01:01<00:12, 51.10step/s][Origin 11/13] 🎲 Drawing Posterior Samples:  59%|█████▊    | 895/1524 [01:01<00:12, 51.45step/s][Origin 11/13] 🎲 Drawing Posterior Samples:  59%|█████▉    | 901/1524 [01:01<00:12, 51.70step/s][Origin 11/13] 🎲 Drawing Posterior Samples:  60%|█████▉    | 907/1524 [01:01<00:11, 51.96step/s][Origin 11/13] 🎲 Drawing Posterior Samples:  60%|█████▉    | 913/1524 [01:01<00:11, 52.15step/s][Origin 11/13] 🎲 Drawing Posterior Samples:  60%|██████    | 919/1524 [01:01<00:11, 52.29step/s][Origin 11/13] 🎲 Drawing Posterior Samples:  61%|██████    | 925/1524 [01:01<00:11, 52.39step/s][Origin 11/13] 🎲 Drawing Posterior Samples:  61%|██████    | 931/1524 [01:01<00:11, 52.49step/s][Origin 11/13] 🎲 Drawing Posterior Samples:  61%|██████▏   | 937/1524 [01:02<00:11, 52.55step/s][Origin 11/13] 🎲 Drawing Posterior Samples:  62%|██████▏   | 943/1524 [01:02<00:11, 52.51step/s][Origin 11/13] 🎲 Drawing Posterior Samples:  62%|██████▏   | 949/1524 [01:02<00:10, 52.46step/s][Origin 11/13] 🎲 Drawing Posterior Samples:  63%|██████▎   | 955/1524 [01:02<00:10, 52.38step/s][Origin 11/13] 🎲 Drawing Posterior Samples:  63%|██████▎   | 961/1524 [01:02<00:10, 52.33step/s][Origin 11/13] 🎲 Drawing Posterior Samples:  63%|██████▎   | 967/1524 [01:02<00:10, 52.38step/s][Origin 11/13] 🎲 Drawing Posterior Samples:  64%|██████▍   | 973/1524 [01:02<00:10, 52.41step/s][Origin 11/13] 🎲 Drawing Posterior Samples:  64%|██████▍   | 979/1524 [01:02<00:10, 52.50step/s][Origin 11/13] 🎲 Drawing Posterior Samples:  65%|██████▍   | 985/1524 [01:02<00:10, 52.59step/s][Origin 11/13] 🎲 Drawing Posterior Samples:  65%|██████▌   | 991/1524 [01:03<00:10, 52.61step/s][Origin 11/13] 🎲 Drawing Posterior Samples:  65%|██████▌   | 997/1524 [01:03<00:10, 52.52step/s][Origin 11/13] 🎲 Drawing Posterior Samples:  66%|██████▌   | 1003/1524 [01:03<00:09, 52.51step/s][Origin 11/13] 🎲 Drawing Posterior Samples:  66%|██████▌   | 1009/1524 [01:03<00:09, 52.40step/s][Origin 11/13] 🎲 Drawing Posterior Samples:  67%|██████▋   | 1015/1524 [01:03<00:09, 52.36step/s][Origin 11/13] 🎲 Drawing Posterior Samples:  67%|██████▋   | 1021/1524 [01:03<00:09, 52.37step/s][Origin 11/13] 🎲 Drawing Posterior Samples:  67%|██████▋   | 1027/1524 [01:03<00:09, 52.31step/s][Origin 11/13] 🎲 Drawing Posterior Samples:  68%|██████▊   | 1033/1524 [01:03<00:09, 52.36step/s][Origin 11/13] 🎲 Drawing Posterior Samples:  68%|██████▊   | 1039/1524 [01:03<00:09, 52.42step/s][Origin 11/13] 🎲 Drawing Posterior Samples:  69%|██████▊   | 1045/1524 [01:04<00:09, 52.52step/s][Origin 11/13] 🎲 Drawing Posterior Samples:  69%|██████▉   | 1051/1524 [01:04<00:09, 52.53step/s][Origin 11/13] 🎲 Drawing Posterior Samples:  69%|██████▉   | 1057/1524 [01:04<00:08, 52.54step/s][Origin 11/13] 🎲 Drawing Posterior Samples:  70%|██████▉   | 1063/1524 [01:04<00:08, 52.24step/s][Origin 11/13] 🎲 Drawing Posterior Samples:  70%|███████   | 1069/1524 [01:04<00:08, 52.26step/s][Origin 11/13] 🎲 Drawing Posterior Samples:  71%|███████   | 1075/1524 [01:04<00:08, 52.37step/s][Origin 11/13] 🎲 Drawing Posterior Samples:  71%|███████   | 1081/1524 [01:04<00:08, 52.39step/s][Origin 11/13] 🎲 Drawing Posterior Samples:  71%|███████▏  | 1087/1524 [01:04<00:08, 52.37step/s][Origin 11/13] 🎲 Drawing Posterior Samples:  72%|███████▏  | 1093/1524 [01:05<00:08, 52.42step/s][Origin 11/13] 🎲 Drawing Posterior Samples:  72%|███████▏  | 1099/1524 [01:05<00:08, 52.42step/s][Origin 11/13] 🎲 Drawing Posterior Samples:  73%|███████▎  | 1105/1524 [01:05<00:07, 52.51step/s][Origin 11/13] 🎲 Drawing Posterior Samples:  73%|███████▎  | 1111/1524 [01:05<00:18, 22.80step/s][Origin 11/13] 🎲 Drawing Posterior Samples:  73%|███████▎  | 1115/1524 [01:06<00:31, 13.01step/s][Origin 11/13] 🎲 Drawing Posterior Samples:  73%|███████▎  | 1118/1524 [01:06<00:33, 12.04step/s][Origin 11/13] 🎲 Drawing Posterior Samples:  74%|███████▎  | 1121/1524 [01:07<00:36, 11.16step/s][Origin 11/13] 🎲 Drawing Posterior Samples:  74%|███████▎  | 1123/1524 [01:07<00:39, 10.12step/s][Origin 11/13] 🎲 Drawing Posterior Samples:  74%|███████▍  | 1125/1524 [01:07<00:43,  9.23step/s][Origin 11/13] 🎲 Drawing Posterior Samples:  74%|███████▍  | 1127/1524 [01:08<00:46,  8.48step/s][Origin 11/13] 🎲 Drawing Posterior Samples:  74%|███████▍  | 1129/1524 [01:08<00:50,  7.81step/s][Origin 11/13] 🎲 Drawing Posterior Samples:  74%|███████▍  | 1130/1524 [01:08<00:51,  7.62step/s][Origin 11/13] 🎲 Drawing Posterior Samples:  74%|███████▍  | 1131/1524 [01:08<00:54,  7.21step/s][Origin 11/13] 🎲 Drawing Posterior Samples:  74%|███████▍  | 1132/1524 [01:08<00:55,  7.03step/s][Origin 11/13] 🎲 Drawing Posterior Samples:  74%|███████▍  | 1133/1524 [01:09<00:57,  6.82step/s][Origin 11/13] 🎲 Drawing Posterior Samples:  74%|███████▍  | 1134/1524 [01:09<00:59,  6.55step/s][Origin 11/13] 🎲 Drawing Posterior Samples:  74%|███████▍  | 1135/1524 [01:09<01:01,  6.37step/s][Origin 11/13] 🎲 Drawing Posterior Samples:  75%|███████▍  | 1136/1524 [01:09<01:00,  6.45step/s][Origin 11/13] 🎲 Drawing Posterior Samples:  75%|███████▍  | 1137/1524 [01:09<00:58,  6.58step/s][Origin 11/13] 🎲 Drawing Posterior Samples:  75%|███████▍  | 1138/1524 [01:09<00:58,  6.61step/s][Origin 11/13] 🎲 Drawing Posterior Samples:  75%|███████▍  | 1139/1524 [01:10<00:58,  6.60step/s][Origin 11/13] 🎲 Drawing Posterior Samples:  75%|███████▍  | 1140/1524 [01:10<00:58,  6.54step/s][Origin 11/13] 🎲 Drawing Posterior Samples:  75%|███████▍  | 1141/1524 [01:10<01:01,  6.27step/s][Origin 11/13] 🎲 Drawing Posterior Samples:  75%|███████▍  | 1142/1524 [01:10<01:01,  6.17step/s][Origin 11/13] 🎲 Drawing Posterior Samples:  75%|███████▌  | 1143/1524 [01:10<01:01,  6.24step/s][Origin 11/13] 🎲 Drawing Posterior Samples:  75%|███████▌  | 1144/1524 [01:23<25:22,  4.01s/step][Origin 11/13] 🎲 Drawing Posterior Samples:  75%|███████▌  | 1150/1524 [01:23<07:06,  1.14s/step][Origin 11/13] 🎲 Drawing Posterior Samples:  76%|███████▌  | 1160/1524 [01:24<02:35,  2.34step/s][Origin 11/13] 🎲 Drawing Posterior Samples:  77%|███████▋  | 1168/1524 [01:24<01:30,  3.93step/s][Origin 11/13] 🎲 Drawing Posterior Samples:  77%|███████▋  | 1175/1524 [01:24<00:59,  5.82step/s][Origin 11/13] 🎲 Drawing Posterior Samples:  78%|███████▊  | 1182/1524 [01:24<00:41,  8.33step/s][Origin 11/13] 🎲 Drawing Posterior Samples:  78%|███████▊  | 1190/1524 [01:24<00:27, 12.04step/s][Origin 11/13] 🎲 Drawing Posterior Samples:  79%|███████▊  | 1197/1524 [01:24<00:20, 15.68step/s][Origin 11/13] 🎲 Drawing Posterior Samples:  79%|███████▉  | 1203/1524 [01:24<00:16, 19.32step/s][Origin 11/13] 🎲 Drawing Posterior Samples:  79%|███████▉  | 1209/1524 [01:24<00:13, 23.44step/s][Origin 11/13] 🎲 Drawing Posterior Samples:  80%|███████▉  | 1215/1524 [01:24<00:11, 27.80step/s][Origin 11/13] 🎲 Drawing Posterior Samples:  80%|████████  | 1221/1524 [01:25<00:09, 32.21step/s][Origin 11/13] 🎲 Drawing Posterior Samples:  81%|████████  | 1227/1524 [01:25<00:08, 36.35step/s][Origin 11/13] 🎲 Drawing Posterior Samples:  81%|████████  | 1233/1524 [01:25<00:07, 40.04step/s][Origin 11/13] 🎲 Drawing Posterior Samples:  81%|████████▏ | 1239/1524 [01:25<00:06, 43.15step/s][Origin 11/13] 🎲 Drawing Posterior Samples:  82%|████████▏ | 1245/1524 [01:25<00:06, 45.66step/s][Origin 11/13] 🎲 Drawing Posterior Samples:  82%|████████▏ | 1251/1524 [01:25<00:05, 47.45step/s][Origin 11/13] 🎲 Drawing Posterior Samples:  82%|████████▏ | 1257/1524 [01:25<00:05, 48.73step/s][Origin 11/13] 🎲 Drawing Posterior Samples:  83%|████████▎ | 1263/1524 [01:25<00:05, 49.72step/s][Origin 11/13] 🎲 Drawing Posterior Samples:  83%|████████▎ | 1269/1524 [01:25<00:05, 50.24step/s][Origin 11/13] 🎲 Drawing Posterior Samples:  84%|████████▎ | 1275/1524 [01:26<00:04, 50.69step/s][Origin 11/13] 🎲 Drawing Posterior Samples:  84%|████████▍ | 1281/1524 [01:26<00:04, 51.20step/s][Origin 11/13] 🎲 Drawing Posterior Samples:  84%|████████▍ | 1287/1524 [01:26<00:04, 51.61step/s][Origin 11/13] 🎲 Drawing Posterior Samples:  85%|████████▍ | 1293/1524 [01:26<00:04, 51.93step/s][Origin 11/13] 🎲 Drawing Posterior Samples:  85%|████████▌ | 1299/1524 [01:26<00:04, 52.16step/s][Origin 11/13] 🎲 Drawing Posterior Samples:  86%|████████▌ | 1305/1524 [01:26<00:04, 52.35step/s][Origin 11/13] 🎲 Drawing Posterior Samples:  86%|████████▌ | 1311/1524 [01:26<00:04, 52.40step/s][Origin 11/13] 🎲 Drawing Posterior Samples:  86%|████████▋ | 1317/1524 [01:26<00:03, 52.39step/s][Origin 11/13] 🎲 Drawing Posterior Samples:  87%|████████▋ | 1323/1524 [01:27<00:03, 52.35step/s][Origin 11/13] 🎲 Drawing Posterior Samples:  87%|████████▋ | 1329/1524 [01:27<00:03, 52.35step/s][Origin 11/13] 🎲 Drawing Posterior Samples:  88%|████████▊ | 1335/1524 [01:27<00:03, 52.31step/s][Origin 11/13] 🎲 Drawing Posterior Samples:  88%|████████▊ | 1341/1524 [01:27<00:03, 52.31step/s][Origin 11/13] 🎲 Drawing Posterior Samples:  88%|████████▊ | 1347/1524 [01:27<00:03, 52.34step/s][Origin 11/13] 🎲 Drawing Posterior Samples:  89%|████████▉ | 1353/1524 [01:27<00:03, 52.38step/s][Origin 11/13] 🎲 Drawing Posterior Samples:  89%|████████▉ | 1359/1524 [01:27<00:03, 52.49step/s][Origin 11/13] 🎲 Drawing Posterior Samples:  90%|████████▉ | 1365/1524 [01:27<00:03, 52.61step/s][Origin 11/13] 🎲 Drawing Posterior Samples:  90%|████████▉ | 1371/1524 [01:27<00:02, 52.66step/s][Origin 11/13] 🎲 Drawing Posterior Samples:  90%|█████████ | 1377/1524 [01:28<00:02, 52.59step/s][Origin 11/13] 🎲 Drawing Posterior Samples:  91%|█████████ | 1383/1524 [01:28<00:02, 52.51step/s][Origin 11/13] 🎲 Drawing Posterior Samples:  91%|█████████ | 1389/1524 [01:28<00:02, 52.42step/s][Origin 11/13] 🎲 Drawing Posterior Samples:  92%|█████████▏| 1395/1524 [01:28<00:02, 52.37step/s][Origin 11/13] 🎲 Drawing Posterior Samples:  92%|█████████▏| 1401/1524 [01:28<00:02, 45.73step/s][Origin 11/13] 🎲 Drawing Posterior Samples:  92%|█████████▏| 1407/1524 [01:28<00:02, 47.67step/s][Origin 11/13] 🎲 Drawing Posterior Samples:  93%|█████████▎| 1413/1524 [01:28<00:02, 49.04step/s][Origin 11/13] 🎲 Drawing Posterior Samples:  93%|█████████▎| 1419/1524 [01:28<00:02, 50.05step/s][Origin 11/13] 🎲 Drawing Posterior Samples:  94%|█████████▎| 1425/1524 [01:29<00:01, 50.80step/s][Origin 11/13] 🎲 Drawing Posterior Samples:  94%|█████████▍| 1431/1524 [01:29<00:01, 51.26step/s][Origin 11/13] 🎲 Drawing Posterior Samples:  94%|█████████▍| 1437/1524 [01:29<00:01, 51.61step/s][Origin 11/13] 🎲 Drawing Posterior Samples:  95%|█████████▍| 1443/1524 [01:29<00:01, 51.83step/s][Origin 11/13] 🎲 Drawing Posterior Samples:  95%|█████████▌| 1449/1524 [01:29<00:01, 51.98step/s][Origin 11/13] 🎲 Drawing Posterior Samples:  95%|█████████▌| 1455/1524 [01:29<00:01, 51.98step/s][Origin 11/13] 🎲 Drawing Posterior Samples:  96%|█████████▌| 1461/1524 [01:29<00:01, 52.01step/s][Origin 11/13] 🎲 Drawing Posterior Samples:  96%|█████████▋| 1467/1524 [01:29<00:01, 52.17step/s][Origin 11/13] 🎲 Drawing Posterior Samples:  97%|█████████▋| 1473/1524 [01:29<00:00, 52.28step/s][Origin 11/13] 🎲 Drawing Posterior Samples:  97%|█████████▋| 1479/1524 [01:30<00:00, 52.44step/s][Origin 11/13] 🎲 Drawing Posterior Samples:  97%|█████████▋| 1485/1524 [01:30<00:00, 52.46step/s][Origin 11/13] 🎲 Drawing Posterior Samples:  98%|█████████▊| 1491/1524 [01:30<00:01, 25.78step/s][Origin 11/13] 🎲 Drawing Posterior Samples:  98%|█████████▊| 1496/1524 [01:31<00:01, 16.88step/s][Origin 11/13] 🎲 Drawing Posterior Samples:  98%|█████████▊| 1500/1524 [01:31<00:01, 13.46step/s][Origin 11/13] 🎲 Drawing Posterior Samples:  99%|█████████▊| 1503/1524 [01:32<00:01, 11.89step/s][Origin 11/13] 🎲 Drawing Posterior Samples:  99%|█████████▉| 1505/1524 [01:32<00:01, 10.78step/s][Origin 11/13] 🎲 Drawing Posterior Samples:  99%|█████████▉| 1507/1524 [01:32<00:01,  9.79step/s][Origin 11/13] 🎲 Drawing Posterior Samples:  99%|█████████▉| 1509/1524 [01:33<00:01,  8.61step/s][Origin 11/13] 🎲 Drawing Posterior Samples:  99%|█████████▉| 1511/1524 [01:33<00:01,  8.04step/s][Origin 11/13] 🎲 Drawing Posterior Samples:  99%|█████████▉| 1512/1524 [01:33<00:01,  7.85step/s][Origin 11/13] 🎲 Drawing Posterior Samples:  99%|█████████▉| 1513/1524 [01:33<00:01,  7.70step/s][Origin 11/13] 🎲 Drawing Posterior Samples:  99%|█████████▉| 1514/1524 [01:33<00:01,  7.46step/s][Origin 11/13] 🎲 Drawing Posterior Samples:  99%|█████████▉| 1515/1524 [01:33<00:01,  7.13step/s][Origin 11/13] 🎲 Drawing Posterior Samples:  99%|█████████▉| 1516/1524 [01:34<00:01,  6.91step/s][Origin 11/13] 🎲 Drawing Posterior Samples: 100%|█████████▉| 1517/1524 [01:34<00:01,  6.66step/s][Origin 11/13] 🎲 Drawing Posterior Samples: 100%|█████████▉| 1518/1524 [01:34<00:00,  6.27step/s][Origin 11/13] 🎲 Drawing Posterior Samples: 100%|█████████▉| 1519/1524 [01:34<00:00,  6.12step/s][Origin 11/13] 🎲 Drawing Posterior Samples: 100%|█████████▉| 1520/1524 [01:34<00:00,  6.16step/s][Origin 11/13] 🎲 Drawing Posterior Samples: 100%|█████████▉| 1521/1524 [01:34<00:00,  6.20step/s][Origin 11/13] 🎲 Drawing Posterior Samples: 100%|█████████▉| 1522/1524 [01:35<00:00,  6.07step/s][Origin 11/13] 🎲 Drawing Posterior Samples: 100%|█████████▉| 1523/1524 [01:35<00:00,  5.89step/s][Origin 11/13] 🎲 Drawing Posterior Samples: 100%|██████████| 1524/1524 [01:35<00:00,  6.03step/s]                                                                                                  [Origin 12/13] 🎲 Drawing Posterior Samples:   0%|          | 0/1528 [00:00<?, ?step/s][Origin 12/13] 🎲 Drawing Posterior Samples:   0%|          | 7/1528 [00:00<00:25, 59.47step/s][Origin 12/13] 🎲 Drawing Posterior Samples:   1%|          | 13/1528 [00:00<00:27, 55.19step/s][Origin 12/13] 🎲 Drawing Posterior Samples:   1%|          | 19/1528 [00:00<00:27, 54.13step/s][Origin 12/13] 🎲 Drawing Posterior Samples:   2%|▏         | 25/1528 [00:00<00:28, 53.61step/s][Origin 12/13] 🎲 Drawing Posterior Samples:   2%|▏         | 31/1528 [00:00<00:28, 53.17step/s][Origin 12/13] 🎲 Drawing Posterior Samples:   2%|▏         | 37/1528 [00:00<00:28, 52.97step/s][Origin 12/13] 🎲 Drawing Posterior Samples:   3%|▎         | 43/1528 [00:00<00:28, 52.81step/s][Origin 12/13] 🎲 Drawing Posterior Samples:   3%|▎         | 49/1528 [00:00<00:28, 52.75step/s][Origin 12/13] 🎲 Drawing Posterior Samples:   4%|▎         | 55/1528 [00:01<00:27, 52.80step/s][Origin 12/13] 🎲 Drawing Posterior Samples:   4%|▍         | 61/1528 [00:01<00:27, 52.63step/s][Origin 12/13] 🎲 Drawing Posterior Samples:   4%|▍         | 67/1528 [00:01<00:27, 52.51step/s][Origin 12/13] 🎲 Drawing Posterior Samples:   5%|▍         | 73/1528 [00:01<00:27, 52.37step/s][Origin 12/13] 🎲 Drawing Posterior Samples:   5%|▌         | 79/1528 [00:01<00:27, 52.35step/s][Origin 12/13] 🎲 Drawing Posterior Samples:   6%|▌         | 85/1528 [00:01<00:27, 52.38step/s][Origin 12/13] 🎲 Drawing Posterior Samples:   6%|▌         | 91/1528 [00:01<00:27, 52.46step/s][Origin 12/13] 🎲 Drawing Posterior Samples:   6%|▋         | 97/1528 [00:01<00:27, 52.57step/s][Origin 12/13] 🎲 Drawing Posterior Samples:   7%|▋         | 103/1528 [00:01<00:30, 46.65step/s][Origin 12/13] 🎲 Drawing Posterior Samples:   7%|▋         | 109/1528 [00:02<00:29, 48.44step/s][Origin 12/13] 🎲 Drawing Posterior Samples:   8%|▊         | 115/1528 [00:02<00:28, 49.57step/s][Origin 12/13] 🎲 Drawing Posterior Samples:   8%|▊         | 121/1528 [00:02<00:27, 50.30step/s][Origin 12/13] 🎲 Drawing Posterior Samples:   8%|▊         | 127/1528 [00:02<00:27, 50.80step/s][Origin 12/13] 🎲 Drawing Posterior Samples:   9%|▊         | 133/1528 [00:02<00:27, 51.16step/s][Origin 12/13] 🎲 Drawing Posterior Samples:   9%|▉         | 139/1528 [00:02<00:26, 51.46step/s][Origin 12/13] 🎲 Drawing Posterior Samples:   9%|▉         | 145/1528 [00:02<00:26, 51.73step/s][Origin 12/13] 🎲 Drawing Posterior Samples:  10%|▉         | 151/1528 [00:02<00:26, 52.01step/s][Origin 12/13] 🎲 Drawing Posterior Samples:  10%|█         | 157/1528 [00:03<00:26, 52.15step/s][Origin 12/13] 🎲 Drawing Posterior Samples:  11%|█         | 163/1528 [00:03<00:26, 52.33step/s][Origin 12/13] 🎲 Drawing Posterior Samples:  11%|█         | 169/1528 [00:03<00:25, 52.47step/s][Origin 12/13] 🎲 Drawing Posterior Samples:  11%|█▏        | 175/1528 [00:03<00:25, 52.50step/s][Origin 12/13] 🎲 Drawing Posterior Samples:  12%|█▏        | 181/1528 [00:03<00:25, 52.49step/s][Origin 12/13] 🎲 Drawing Posterior Samples:  12%|█▏        | 187/1528 [00:03<00:25, 52.39step/s][Origin 12/13] 🎲 Drawing Posterior Samples:  13%|█▎        | 193/1528 [00:03<00:25, 52.36step/s][Origin 12/13] 🎲 Drawing Posterior Samples:  13%|█▎        | 199/1528 [00:03<00:25, 52.32step/s][Origin 12/13] 🎲 Drawing Posterior Samples:  13%|█▎        | 205/1528 [00:03<00:25, 52.40step/s][Origin 12/13] 🎲 Drawing Posterior Samples:  14%|█▍        | 211/1528 [00:04<00:25, 52.44step/s][Origin 12/13] 🎲 Drawing Posterior Samples:  14%|█▍        | 217/1528 [00:04<00:24, 52.45step/s][Origin 12/13] 🎲 Drawing Posterior Samples:  15%|█▍        | 223/1528 [00:04<00:24, 52.50step/s][Origin 12/13] 🎲 Drawing Posterior Samples:  15%|█▍        | 229/1528 [00:04<00:24, 52.52step/s][Origin 12/13] 🎲 Drawing Posterior Samples:  15%|█▌        | 235/1528 [00:04<00:24, 52.57step/s][Origin 12/13] 🎲 Drawing Posterior Samples:  16%|█▌        | 241/1528 [00:04<00:24, 52.53step/s][Origin 12/13] 🎲 Drawing Posterior Samples:  16%|█▌        | 247/1528 [00:04<00:24, 52.45step/s][Origin 12/13] 🎲 Drawing Posterior Samples:  17%|█▋        | 253/1528 [00:04<00:24, 52.34step/s][Origin 12/13] 🎲 Drawing Posterior Samples:  17%|█▋        | 259/1528 [00:04<00:24, 52.31step/s][Origin 12/13] 🎲 Drawing Posterior Samples:  17%|█▋        | 265/1528 [00:05<00:24, 52.38step/s][Origin 12/13] 🎲 Drawing Posterior Samples:  18%|█▊        | 271/1528 [00:05<00:24, 52.32step/s][Origin 12/13] 🎲 Drawing Posterior Samples:  18%|█▊        | 277/1528 [00:05<00:23, 52.42step/s][Origin 12/13] 🎲 Drawing Posterior Samples:  19%|█▊        | 283/1528 [00:05<00:23, 52.42step/s][Origin 12/13] 🎲 Drawing Posterior Samples:  19%|█▉        | 289/1528 [00:05<00:23, 52.42step/s][Origin 12/13] 🎲 Drawing Posterior Samples:  19%|█▉        | 295/1528 [00:05<00:23, 52.43step/s][Origin 12/13] 🎲 Drawing Posterior Samples:  20%|█▉        | 301/1528 [00:05<00:23, 52.43step/s][Origin 12/13] 🎲 Drawing Posterior Samples:  20%|██        | 307/1528 [00:05<00:23, 52.47step/s][Origin 12/13] 🎲 Drawing Posterior Samples:  20%|██        | 313/1528 [00:05<00:23, 52.41step/s][Origin 12/13] 🎲 Drawing Posterior Samples:  21%|██        | 319/1528 [00:06<00:23, 52.40step/s][Origin 12/13] 🎲 Drawing Posterior Samples:  21%|██▏       | 325/1528 [00:06<00:22, 52.43step/s][Origin 12/13] 🎲 Drawing Posterior Samples:  22%|██▏       | 331/1528 [00:06<00:22, 52.46step/s][Origin 12/13] 🎲 Drawing Posterior Samples:  22%|██▏       | 337/1528 [00:06<00:22, 52.47step/s][Origin 12/13] 🎲 Drawing Posterior Samples:  22%|██▏       | 343/1528 [00:06<00:22, 52.43step/s][Origin 12/13] 🎲 Drawing Posterior Samples:  23%|██▎       | 349/1528 [00:07<00:43, 27.10step/s][Origin 12/13] 🎲 Drawing Posterior Samples:  23%|██▎       | 354/1528 [00:07<01:18, 14.96step/s][Origin 12/13] 🎲 Drawing Posterior Samples:  23%|██▎       | 358/1528 [00:08<01:56, 10.07step/s][Origin 12/13] 🎲 Drawing Posterior Samples:  24%|██▎       | 361/1528 [00:09<02:25,  8.02step/s][Origin 12/13] 🎲 Drawing Posterior Samples:  24%|██▍       | 363/1528 [00:09<03:01,  6.43step/s][Origin 12/13] 🎲 Drawing Posterior Samples:  24%|██▍       | 365/1528 [00:10<03:14,  5.99step/s][Origin 12/13] 🎲 Drawing Posterior Samples:  24%|██▍       | 367/1528 [00:10<03:31,  5.48step/s][Origin 12/13] 🎲 Drawing Posterior Samples:  24%|██▍       | 368/1528 [00:11<03:46,  5.11step/s][Origin 12/13] 🎲 Drawing Posterior Samples:  24%|██▍       | 369/1528 [00:11<03:50,  5.02step/s][Origin 12/13] 🎲 Drawing Posterior Samples:  24%|██▍       | 370/1528 [00:11<03:58,  4.87step/s][Origin 12/13] 🎲 Drawing Posterior Samples:  24%|██▍       | 371/1528 [00:11<04:04,  4.73step/s][Origin 12/13] 🎲 Drawing Posterior Samples:  24%|██▍       | 372/1528 [00:12<04:05,  4.70step/s][Origin 12/13] 🎲 Drawing Posterior Samples:  24%|██▍       | 373/1528 [00:12<04:05,  4.70step/s][Origin 12/13] 🎲 Drawing Posterior Samples:  24%|██▍       | 374/1528 [00:12<04:10,  4.61step/s][Origin 12/13] 🎲 Drawing Posterior Samples:  25%|██▍       | 375/1528 [00:12<04:15,  4.51step/s][Origin 12/13] 🎲 Drawing Posterior Samples:  25%|██▍       | 376/1528 [00:12<04:10,  4.60step/s][Origin 12/13] 🎲 Drawing Posterior Samples:  25%|██▍       | 377/1528 [00:13<04:12,  4.57step/s][Origin 12/13] 🎲 Drawing Posterior Samples:  25%|██▍       | 378/1528 [00:13<04:15,  4.51step/s][Origin 12/13] 🎲 Drawing Posterior Samples:  25%|██▍       | 379/1528 [00:13<04:18,  4.44step/s][Origin 12/13] 🎲 Drawing Posterior Samples:  25%|██▍       | 380/1528 [00:13<04:15,  4.49step/s][Origin 12/13] 🎲 Drawing Posterior Samples:  25%|██▍       | 381/1528 [00:14<04:11,  4.56step/s][Origin 12/13] 🎲 Drawing Posterior Samples:  25%|██▌       | 382/1528 [00:14<04:05,  4.66step/s][Origin 12/13] 🎲 Drawing Posterior Samples:  25%|██▌       | 383/1528 [00:30<1:37:40,  5.12s/step][Origin 12/13] 🎲 Drawing Posterior Samples:  25%|██▌       | 389/1528 [00:31<27:34,  1.45s/step]  [Origin 12/13] 🎲 Drawing Posterior Samples:  26%|██▌       | 395/1528 [00:31<13:43,  1.38step/s][Origin 12/13] 🎲 Drawing Posterior Samples:  26%|██▌       | 401/1528 [00:31<08:03,  2.33step/s][Origin 12/13] 🎲 Drawing Posterior Samples:  27%|██▋       | 407/1528 [00:31<05:08,  3.63step/s][Origin 12/13] 🎲 Drawing Posterior Samples:  27%|██▋       | 413/1528 [00:31<03:27,  5.38step/s][Origin 12/13] 🎲 Drawing Posterior Samples:  27%|██▋       | 419/1528 [00:31<02:24,  7.67step/s][Origin 12/13] 🎲 Drawing Posterior Samples:  28%|██▊       | 425/1528 [00:31<01:44, 10.58step/s][Origin 12/13] 🎲 Drawing Posterior Samples:  28%|██▊       | 431/1528 [00:31<01:17, 14.15step/s][Origin 12/13] 🎲 Drawing Posterior Samples:  29%|██▊       | 437/1528 [00:31<01:02, 17.42step/s][Origin 12/13] 🎲 Drawing Posterior Samples:  29%|██▉       | 443/1528 [00:32<00:49, 21.94step/s][Origin 12/13] 🎲 Drawing Posterior Samples:  29%|██▉       | 449/1528 [00:32<00:40, 26.64step/s][Origin 12/13] 🎲 Drawing Posterior Samples:  30%|██▉       | 455/1528 [00:32<00:34, 31.30step/s][Origin 12/13] 🎲 Drawing Posterior Samples:  30%|███       | 461/1528 [00:32<00:29, 35.62step/s][Origin 12/13] 🎲 Drawing Posterior Samples:  31%|███       | 467/1528 [00:32<00:26, 39.47step/s][Origin 12/13] 🎲 Drawing Posterior Samples:  31%|███       | 473/1528 [00:32<00:24, 42.73step/s][Origin 12/13] 🎲 Drawing Posterior Samples:  31%|███▏      | 479/1528 [00:32<00:23, 45.37step/s][Origin 12/13] 🎲 Drawing Posterior Samples:  32%|███▏      | 485/1528 [00:32<00:22, 47.39step/s][Origin 12/13] 🎲 Drawing Posterior Samples:  32%|███▏      | 491/1528 [00:33<00:21, 48.88step/s][Origin 12/13] 🎲 Drawing Posterior Samples:  33%|███▎      | 497/1528 [00:33<00:20, 49.86step/s][Origin 12/13] 🎲 Drawing Posterior Samples:  33%|███▎      | 503/1528 [00:33<00:20, 50.56step/s][Origin 12/13] 🎲 Drawing Posterior Samples:  33%|███▎      | 509/1528 [00:33<00:19, 51.05step/s][Origin 12/13] 🎲 Drawing Posterior Samples:  34%|███▎      | 515/1528 [00:33<00:19, 51.37step/s][Origin 12/13] 🎲 Drawing Posterior Samples:  34%|███▍      | 521/1528 [00:33<00:19, 51.66step/s][Origin 12/13] 🎲 Drawing Posterior Samples:  34%|███▍      | 527/1528 [00:33<00:19, 51.86step/s][Origin 12/13] 🎲 Drawing Posterior Samples:  35%|███▍      | 533/1528 [00:33<00:19, 52.21step/s][Origin 12/13] 🎲 Drawing Posterior Samples:  35%|███▌      | 539/1528 [00:33<00:18, 52.28step/s][Origin 12/13] 🎲 Drawing Posterior Samples:  36%|███▌      | 545/1528 [00:34<00:18, 52.44step/s][Origin 12/13] 🎲 Drawing Posterior Samples:  36%|███▌      | 551/1528 [00:34<00:18, 52.46step/s][Origin 12/13] 🎲 Drawing Posterior Samples:  36%|███▋      | 557/1528 [00:34<00:18, 52.43step/s][Origin 12/13] 🎲 Drawing Posterior Samples:  37%|███▋      | 563/1528 [00:34<00:18, 52.39step/s][Origin 12/13] 🎲 Drawing Posterior Samples:  37%|███▋      | 569/1528 [00:34<00:18, 52.38step/s][Origin 12/13] 🎲 Drawing Posterior Samples:  38%|███▊      | 575/1528 [00:34<00:18, 52.37step/s][Origin 12/13] 🎲 Drawing Posterior Samples:  38%|███▊      | 581/1528 [00:34<00:18, 52.35step/s][Origin 12/13] 🎲 Drawing Posterior Samples:  38%|███▊      | 587/1528 [00:34<00:17, 52.44step/s][Origin 12/13] 🎲 Drawing Posterior Samples:  39%|███▉      | 593/1528 [00:34<00:17, 52.52step/s][Origin 12/13] 🎲 Drawing Posterior Samples:  39%|███▉      | 599/1528 [00:35<00:17, 52.64step/s][Origin 12/13] 🎲 Drawing Posterior Samples:  40%|███▉      | 605/1528 [00:35<00:17, 52.60step/s][Origin 12/13] 🎲 Drawing Posterior Samples:  40%|███▉      | 611/1528 [00:35<00:17, 52.58step/s][Origin 12/13] 🎲 Drawing Posterior Samples:  40%|████      | 617/1528 [00:35<00:17, 52.47step/s][Origin 12/13] 🎲 Drawing Posterior Samples:  41%|████      | 623/1528 [00:35<00:17, 52.42step/s][Origin 12/13] 🎲 Drawing Posterior Samples:  41%|████      | 629/1528 [00:35<00:17, 52.37step/s][Origin 12/13] 🎲 Drawing Posterior Samples:  42%|████▏     | 635/1528 [00:35<00:17, 52.38step/s][Origin 12/13] 🎲 Drawing Posterior Samples:  42%|████▏     | 641/1528 [00:35<00:16, 52.40step/s][Origin 12/13] 🎲 Drawing Posterior Samples:  42%|████▏     | 647/1528 [00:35<00:16, 52.45step/s][Origin 12/13] 🎲 Drawing Posterior Samples:  43%|████▎     | 653/1528 [00:36<00:16, 52.59step/s][Origin 12/13] 🎲 Drawing Posterior Samples:  43%|████▎     | 659/1528 [00:36<00:16, 52.67step/s][Origin 12/13] 🎲 Drawing Posterior Samples:  44%|████▎     | 665/1528 [00:36<00:16, 52.67step/s][Origin 12/13] 🎲 Drawing Posterior Samples:  44%|████▍     | 671/1528 [00:36<00:16, 52.60step/s][Origin 12/13] 🎲 Drawing Posterior Samples:  44%|████▍     | 677/1528 [00:36<00:16, 52.53step/s][Origin 12/13] 🎲 Drawing Posterior Samples:  45%|████▍     | 683/1528 [00:36<00:16, 52.44step/s][Origin 12/13] 🎲 Drawing Posterior Samples:  45%|████▌     | 689/1528 [00:36<00:16, 52.40step/s][Origin 12/13] 🎲 Drawing Posterior Samples:  45%|████▌     | 695/1528 [00:36<00:15, 52.36step/s][Origin 12/13] 🎲 Drawing Posterior Samples:  46%|████▌     | 701/1528 [00:37<00:15, 52.39step/s][Origin 12/13] 🎲 Drawing Posterior Samples:  46%|████▋     | 707/1528 [00:37<00:15, 52.46step/s][Origin 12/13] 🎲 Drawing Posterior Samples:  47%|████▋     | 713/1528 [00:37<00:15, 52.45step/s][Origin 12/13] 🎲 Drawing Posterior Samples:  47%|████▋     | 719/1528 [00:37<00:15, 52.54step/s][Origin 12/13] 🎲 Drawing Posterior Samples:  47%|████▋     | 725/1528 [00:37<00:15, 52.61step/s][Origin 12/13] 🎲 Drawing Posterior Samples:  48%|████▊     | 731/1528 [00:37<00:27, 29.16step/s][Origin 12/13] 🎲 Drawing Posterior Samples:  48%|████▊     | 736/1528 [00:38<00:42, 18.74step/s][Origin 12/13] 🎲 Drawing Posterior Samples:  48%|████▊     | 740/1528 [00:38<00:53, 14.64step/s][Origin 12/13] 🎲 Drawing Posterior Samples:  49%|████▊     | 743/1528 [00:39<01:05, 12.08step/s][Origin 12/13] 🎲 Drawing Posterior Samples:  49%|████▉     | 745/1528 [00:39<01:13, 10.71step/s][Origin 12/13] 🎲 Drawing Posterior Samples:  49%|████▉     | 747/1528 [00:39<01:21,  9.56step/s][Origin 12/13] 🎲 Drawing Posterior Samples:  49%|████▉     | 749/1528 [00:40<01:28,  8.77step/s][Origin 12/13] 🎲 Drawing Posterior Samples:  49%|████▉     | 751/1528 [00:40<01:34,  8.19step/s][Origin 12/13] 🎲 Drawing Posterior Samples:  49%|████▉     | 752/1528 [00:40<01:37,  7.96step/s][Origin 12/13] 🎲 Drawing Posterior Samples:  49%|████▉     | 753/1528 [00:40<01:40,  7.72step/s][Origin 12/13] 🎲 Drawing Posterior Samples:  49%|████▉     | 754/1528 [00:40<01:43,  7.51step/s][Origin 12/13] 🎲 Drawing Posterior Samples:  49%|████▉     | 755/1528 [00:41<01:45,  7.33step/s][Origin 12/13] 🎲 Drawing Posterior Samples:  49%|████▉     | 756/1528 [00:41<01:49,  7.02step/s][Origin 12/13] 🎲 Drawing Posterior Samples:  50%|████▉     | 757/1528 [00:41<01:51,  6.90step/s][Origin 12/13] 🎲 Drawing Posterior Samples:  50%|████▉     | 758/1528 [00:41<01:54,  6.71step/s][Origin 12/13] 🎲 Drawing Posterior Samples:  50%|████▉     | 759/1528 [00:41<01:57,  6.55step/s][Origin 12/13] 🎲 Drawing Posterior Samples:  50%|████▉     | 760/1528 [00:41<02:00,  6.39step/s][Origin 12/13] 🎲 Drawing Posterior Samples:  50%|████▉     | 761/1528 [00:42<02:03,  6.23step/s][Origin 12/13] 🎲 Drawing Posterior Samples:  50%|████▉     | 762/1528 [00:42<02:02,  6.27step/s][Origin 12/13] 🎲 Drawing Posterior Samples:  50%|████▉     | 763/1528 [00:42<02:02,  6.27step/s][Origin 12/13] 🎲 Drawing Posterior Samples:  50%|█████     | 764/1528 [00:42<02:01,  6.29step/s][Origin 12/13] 🎲 Drawing Posterior Samples:  50%|█████     | 765/1528 [00:55<49:35,  3.90s/step][Origin 12/13] 🎲 Drawing Posterior Samples:  50%|█████     | 771/1528 [00:55<14:03,  1.11s/step][Origin 12/13] 🎲 Drawing Posterior Samples:  51%|█████     | 777/1528 [00:55<07:00,  1.79step/s][Origin 12/13] 🎲 Drawing Posterior Samples:  51%|█████     | 783/1528 [00:55<04:07,  3.01step/s][Origin 12/13] 🎲 Drawing Posterior Samples:  52%|█████▏    | 789/1528 [00:55<02:38,  4.65step/s][Origin 12/13] 🎲 Drawing Posterior Samples:  52%|█████▏    | 795/1528 [00:55<01:47,  6.82step/s][Origin 12/13] 🎲 Drawing Posterior Samples:  52%|█████▏    | 801/1528 [00:56<01:15,  9.60step/s][Origin 12/13] 🎲 Drawing Posterior Samples:  53%|█████▎    | 807/1528 [00:56<00:55, 13.04step/s][Origin 12/13] 🎲 Drawing Posterior Samples:  53%|█████▎    | 813/1528 [00:56<00:41, 17.10step/s][Origin 12/13] 🎲 Drawing Posterior Samples:  54%|█████▎    | 819/1528 [00:56<00:32, 21.64step/s][Origin 12/13] 🎲 Drawing Posterior Samples:  54%|█████▍    | 825/1528 [00:56<00:26, 26.39step/s][Origin 12/13] 🎲 Drawing Posterior Samples:  54%|█████▍    | 831/1528 [00:56<00:22, 31.07step/s][Origin 12/13] 🎲 Drawing Posterior Samples:  55%|█████▍    | 837/1528 [00:56<00:19, 35.42step/s][Origin 12/13] 🎲 Drawing Posterior Samples:  55%|█████▌    | 843/1528 [00:56<00:17, 39.23step/s][Origin 12/13] 🎲 Drawing Posterior Samples:  56%|█████▌    | 849/1528 [00:56<00:16, 42.43step/s][Origin 12/13] 🎲 Drawing Posterior Samples:  56%|█████▌    | 855/1528 [00:57<00:14, 45.06step/s][Origin 12/13] 🎲 Drawing Posterior Samples:  56%|█████▋    | 861/1528 [00:57<00:14, 47.19step/s][Origin 12/13] 🎲 Drawing Posterior Samples:  57%|█████▋    | 867/1528 [00:57<00:13, 48.73step/s][Origin 12/13] 🎲 Drawing Posterior Samples:  57%|█████▋    | 873/1528 [00:57<00:13, 49.90step/s][Origin 12/13] 🎲 Drawing Posterior Samples:  58%|█████▊    | 879/1528 [00:57<00:12, 50.61step/s][Origin 12/13] 🎲 Drawing Posterior Samples:  58%|█████▊    | 885/1528 [00:57<00:12, 51.08step/s][Origin 12/13] 🎲 Drawing Posterior Samples:  58%|█████▊    | 891/1528 [00:57<00:12, 51.44step/s][Origin 12/13] 🎲 Drawing Posterior Samples:  59%|█████▊    | 897/1528 [00:57<00:12, 51.68step/s][Origin 12/13] 🎲 Drawing Posterior Samples:  59%|█████▉    | 903/1528 [00:57<00:12, 51.84step/s][Origin 12/13] 🎲 Drawing Posterior Samples:  59%|█████▉    | 909/1528 [00:58<00:11, 51.99step/s][Origin 12/13] 🎲 Drawing Posterior Samples:  60%|█████▉    | 915/1528 [00:58<00:11, 52.14step/s][Origin 12/13] 🎲 Drawing Posterior Samples:  60%|██████    | 921/1528 [00:58<00:11, 52.31step/s][Origin 12/13] 🎲 Drawing Posterior Samples:  61%|██████    | 927/1528 [00:58<00:11, 52.46step/s][Origin 12/13] 🎲 Drawing Posterior Samples:  61%|██████    | 933/1528 [00:58<00:11, 52.61step/s][Origin 12/13] 🎲 Drawing Posterior Samples:  61%|██████▏   | 939/1528 [00:58<00:11, 52.62step/s][Origin 12/13] 🎲 Drawing Posterior Samples:  62%|██████▏   | 945/1528 [00:58<00:11, 52.61step/s][Origin 12/13] 🎲 Drawing Posterior Samples:  62%|██████▏   | 951/1528 [00:58<00:10, 52.51step/s][Origin 12/13] 🎲 Drawing Posterior Samples:  63%|██████▎   | 957/1528 [00:58<00:10, 52.41step/s][Origin 12/13] 🎲 Drawing Posterior Samples:  63%|██████▎   | 963/1528 [00:59<00:10, 52.39step/s][Origin 12/13] 🎲 Drawing Posterior Samples:  63%|██████▎   | 969/1528 [00:59<00:10, 52.39step/s][Origin 12/13] 🎲 Drawing Posterior Samples:  64%|██████▍   | 975/1528 [00:59<00:10, 52.42step/s][Origin 12/13] 🎲 Drawing Posterior Samples:  64%|██████▍   | 981/1528 [00:59<00:10, 52.47step/s][Origin 12/13] 🎲 Drawing Posterior Samples:  65%|██████▍   | 987/1528 [00:59<00:10, 52.55step/s][Origin 12/13] 🎲 Drawing Posterior Samples:  65%|██████▍   | 993/1528 [00:59<00:10, 52.55step/s][Origin 12/13] 🎲 Drawing Posterior Samples:  65%|██████▌   | 999/1528 [00:59<00:10, 52.51step/s][Origin 12/13] 🎲 Drawing Posterior Samples:  66%|██████▌   | 1005/1528 [00:59<00:09, 52.51step/s][Origin 12/13] 🎲 Drawing Posterior Samples:  66%|██████▌   | 1011/1528 [01:00<00:09, 52.47step/s][Origin 12/13] 🎲 Drawing Posterior Samples:  67%|██████▋   | 1017/1528 [01:00<00:09, 52.43step/s][Origin 12/13] 🎲 Drawing Posterior Samples:  67%|██████▋   | 1023/1528 [01:00<00:09, 52.39step/s][Origin 12/13] 🎲 Drawing Posterior Samples:  67%|██████▋   | 1029/1528 [01:00<00:09, 52.39step/s][Origin 12/13] 🎲 Drawing Posterior Samples:  68%|██████▊   | 1035/1528 [01:00<00:09, 52.43step/s][Origin 12/13] 🎲 Drawing Posterior Samples:  68%|██████▊   | 1041/1528 [01:00<00:09, 52.44step/s][Origin 12/13] 🎲 Drawing Posterior Samples:  69%|██████▊   | 1047/1528 [01:00<00:09, 52.55step/s][Origin 12/13] 🎲 Drawing Posterior Samples:  69%|██████▉   | 1053/1528 [01:00<00:09, 52.59step/s][Origin 12/13] 🎲 Drawing Posterior Samples:  69%|██████▉   | 1059/1528 [01:00<00:08, 52.56step/s][Origin 12/13] 🎲 Drawing Posterior Samples:  70%|██████▉   | 1065/1528 [01:01<00:08, 52.54step/s][Origin 12/13] 🎲 Drawing Posterior Samples:  70%|███████   | 1071/1528 [01:01<00:08, 52.53step/s][Origin 12/13] 🎲 Drawing Posterior Samples:  70%|███████   | 1077/1528 [01:01<00:08, 52.51step/s][Origin 12/13] 🎲 Drawing Posterior Samples:  71%|███████   | 1083/1528 [01:01<00:08, 52.41step/s][Origin 12/13] 🎲 Drawing Posterior Samples:  71%|███████▏  | 1089/1528 [01:01<00:08, 52.45step/s][Origin 12/13] 🎲 Drawing Posterior Samples:  72%|███████▏  | 1095/1528 [01:01<00:08, 52.46step/s][Origin 12/13] 🎲 Drawing Posterior Samples:  72%|███████▏  | 1101/1528 [01:01<00:08, 52.49step/s][Origin 12/13] 🎲 Drawing Posterior Samples:  72%|███████▏  | 1107/1528 [01:01<00:08, 52.56step/s][Origin 12/13] 🎲 Drawing Posterior Samples:  73%|███████▎  | 1113/1528 [01:02<00:17, 23.81step/s][Origin 12/13] 🎲 Drawing Posterior Samples:  73%|███████▎  | 1117/1528 [01:02<00:22, 18.04step/s][Origin 12/13] 🎲 Drawing Posterior Samples:  73%|███████▎  | 1121/1528 [01:03<00:28, 14.42step/s][Origin 12/13] 🎲 Drawing Posterior Samples:  74%|███████▎  | 1124/1528 [01:03<00:32, 12.56step/s][Origin 12/13] 🎲 Drawing Posterior Samples:  74%|███████▎  | 1126/1528 [01:03<00:35, 11.17step/s][Origin 12/13] 🎲 Drawing Posterior Samples:  74%|███████▍  | 1128/1528 [01:04<00:40,  9.93step/s][Origin 12/13] 🎲 Drawing Posterior Samples:  74%|███████▍  | 1130/1528 [01:04<00:44,  8.99step/s][Origin 12/13] 🎲 Drawing Posterior Samples:  74%|███████▍  | 1132/1528 [01:04<00:48,  8.25step/s][Origin 12/13] 🎲 Drawing Posterior Samples:  74%|███████▍  | 1133/1528 [01:04<00:49,  7.91step/s][Origin 12/13] 🎲 Drawing Posterior Samples:  74%|███████▍  | 1134/1528 [01:05<00:55,  7.09step/s][Origin 12/13] 🎲 Drawing Posterior Samples:  74%|███████▍  | 1135/1528 [01:05<00:56,  6.97step/s][Origin 12/13] 🎲 Drawing Posterior Samples:  74%|███████▍  | 1136/1528 [01:05<00:58,  6.74step/s][Origin 12/13] 🎲 Drawing Posterior Samples:  74%|███████▍  | 1137/1528 [01:05<00:59,  6.57step/s][Origin 12/13] 🎲 Drawing Posterior Samples:  74%|███████▍  | 1138/1528 [01:05<00:58,  6.62step/s][Origin 12/13] 🎲 Drawing Posterior Samples:  75%|███████▍  | 1139/1528 [01:06<01:03,  6.16step/s][Origin 12/13] 🎲 Drawing Posterior Samples:  75%|███████▍  | 1140/1528 [01:06<01:00,  6.38step/s][Origin 12/13] 🎲 Drawing Posterior Samples:  75%|███████▍  | 1141/1528 [01:06<01:00,  6.36step/s][Origin 12/13] 🎲 Drawing Posterior Samples:  75%|███████▍  | 1142/1528 [01:06<01:00,  6.37step/s][Origin 12/13] 🎲 Drawing Posterior Samples:  75%|███████▍  | 1143/1528 [01:06<01:01,  6.31step/s][Origin 12/13] 🎲 Drawing Posterior Samples:  75%|███████▍  | 1144/1528 [01:06<01:00,  6.30step/s][Origin 12/13] 🎲 Drawing Posterior Samples:  75%|███████▍  | 1145/1528 [01:06<01:02,  6.13step/s][Origin 12/13] 🎲 Drawing Posterior Samples:  75%|███████▌  | 1146/1528 [01:07<01:01,  6.24step/s][Origin 12/13] 🎲 Drawing Posterior Samples:  75%|███████▌  | 1147/1528 [01:20<26:25,  4.16s/step][Origin 12/13] 🎲 Drawing Posterior Samples:  75%|███████▌  | 1153/1528 [01:20<07:24,  1.18s/step][Origin 12/13] 🎲 Drawing Posterior Samples:  76%|███████▌  | 1159/1528 [01:20<03:39,  1.68step/s][Origin 12/13] 🎲 Drawing Posterior Samples:  76%|███████▌  | 1165/1528 [01:21<02:08,  2.84step/s][Origin 12/13] 🎲 Drawing Posterior Samples:  77%|███████▋  | 1171/1528 [01:21<01:21,  4.39step/s][Origin 12/13] 🎲 Drawing Posterior Samples:  77%|███████▋  | 1177/1528 [01:21<00:54,  6.46step/s][Origin 12/13] 🎲 Drawing Posterior Samples:  77%|███████▋  | 1183/1528 [01:21<00:37,  9.12step/s][Origin 12/13] 🎲 Drawing Posterior Samples:  78%|███████▊  | 1189/1528 [01:21<00:27, 12.44step/s][Origin 12/13] 🎲 Drawing Posterior Samples:  78%|███████▊  | 1195/1528 [01:21<00:20, 16.39step/s][Origin 12/13] 🎲 Drawing Posterior Samples:  79%|███████▊  | 1201/1528 [01:21<00:15, 20.86step/s][Origin 12/13] 🎲 Drawing Posterior Samples:  79%|███████▉  | 1207/1528 [01:21<00:12, 25.57step/s][Origin 12/13] 🎲 Drawing Posterior Samples:  79%|███████▉  | 1213/1528 [01:21<00:10, 30.29step/s][Origin 12/13] 🎲 Drawing Posterior Samples:  80%|███████▉  | 1219/1528 [01:22<00:08, 34.72step/s][Origin 12/13] 🎲 Drawing Posterior Samples:  80%|████████  | 1225/1528 [01:22<00:07, 38.62step/s][Origin 12/13] 🎲 Drawing Posterior Samples:  81%|████████  | 1231/1528 [01:22<00:07, 41.93step/s][Origin 12/13] 🎲 Drawing Posterior Samples:  81%|████████  | 1237/1528 [01:22<00:06, 44.67step/s][Origin 12/13] 🎲 Drawing Posterior Samples:  81%|████████▏ | 1243/1528 [01:22<00:06, 46.82step/s][Origin 12/13] 🎲 Drawing Posterior Samples:  82%|████████▏ | 1249/1528 [01:22<00:05, 48.45step/s][Origin 12/13] 🎲 Drawing Posterior Samples:  82%|████████▏ | 1255/1528 [01:22<00:05, 49.68step/s][Origin 12/13] 🎲 Drawing Posterior Samples:  83%|████████▎ | 1261/1528 [01:22<00:05, 50.55step/s][Origin 12/13] 🎲 Drawing Posterior Samples:  83%|████████▎ | 1267/1528 [01:22<00:05, 51.06step/s][Origin 12/13] 🎲 Drawing Posterior Samples:  83%|████████▎ | 1273/1528 [01:23<00:04, 51.39step/s][Origin 12/13] 🎲 Drawing Posterior Samples:  84%|████████▎ | 1279/1528 [01:23<00:04, 51.65step/s][Origin 12/13] 🎲 Drawing Posterior Samples:  84%|████████▍ | 1285/1528 [01:23<00:04, 51.83step/s][Origin 12/13] 🎲 Drawing Posterior Samples:  84%|████████▍ | 1291/1528 [01:23<00:04, 51.97step/s][Origin 12/13] 🎲 Drawing Posterior Samples:  85%|████████▍ | 1297/1528 [01:23<00:04, 52.13step/s][Origin 12/13] 🎲 Drawing Posterior Samples:  85%|████████▌ | 1303/1528 [01:23<00:04, 52.33step/s][Origin 12/13] 🎲 Drawing Posterior Samples:  86%|████████▌ | 1309/1528 [01:23<00:04, 52.48step/s][Origin 12/13] 🎲 Drawing Posterior Samples:  86%|████████▌ | 1315/1528 [01:23<00:04, 52.56step/s][Origin 12/13] 🎲 Drawing Posterior Samples:  86%|████████▋ | 1321/1528 [01:24<00:03, 52.52step/s][Origin 12/13] 🎲 Drawing Posterior Samples:  87%|████████▋ | 1327/1528 [01:24<00:03, 52.43step/s][Origin 12/13] 🎲 Drawing Posterior Samples:  87%|████████▋ | 1333/1528 [01:24<00:03, 52.37step/s][Origin 12/13] 🎲 Drawing Posterior Samples:  88%|████████▊ | 1339/1528 [01:24<00:03, 52.34step/s][Origin 12/13] 🎲 Drawing Posterior Samples:  88%|████████▊ | 1345/1528 [01:24<00:03, 52.32step/s][Origin 12/13] 🎲 Drawing Posterior Samples:  88%|████████▊ | 1351/1528 [01:24<00:03, 52.35step/s][Origin 12/13] 🎲 Drawing Posterior Samples:  89%|████████▉ | 1357/1528 [01:24<00:03, 52.43step/s][Origin 12/13] 🎲 Drawing Posterior Samples:  89%|████████▉ | 1363/1528 [01:24<00:03, 52.40step/s][Origin 12/13] 🎲 Drawing Posterior Samples:  90%|████████▉ | 1369/1528 [01:24<00:03, 52.49step/s][Origin 12/13] 🎲 Drawing Posterior Samples:  90%|████████▉ | 1375/1528 [01:25<00:02, 52.61step/s][Origin 12/13] 🎲 Drawing Posterior Samples:  90%|█████████ | 1381/1528 [01:25<00:02, 52.67step/s][Origin 12/13] 🎲 Drawing Posterior Samples:  91%|█████████ | 1387/1528 [01:25<00:02, 52.60step/s][Origin 12/13] 🎲 Drawing Posterior Samples:  91%|█████████ | 1393/1528 [01:25<00:02, 52.54step/s][Origin 12/13] 🎲 Drawing Posterior Samples:  92%|█████████▏| 1399/1528 [01:25<00:02, 52.52step/s][Origin 12/13] 🎲 Drawing Posterior Samples:  92%|█████████▏| 1405/1528 [01:25<00:02, 52.43step/s][Origin 12/13] 🎲 Drawing Posterior Samples:  92%|█████████▏| 1411/1528 [01:25<00:02, 52.39step/s][Origin 12/13] 🎲 Drawing Posterior Samples:  93%|█████████▎| 1417/1528 [01:25<00:02, 52.46step/s][Origin 12/13] 🎲 Drawing Posterior Samples:  93%|█████████▎| 1423/1528 [01:25<00:02, 52.44step/s][Origin 12/13] 🎲 Drawing Posterior Samples:  94%|█████████▎| 1429/1528 [01:26<00:01, 52.51step/s][Origin 12/13] 🎲 Drawing Posterior Samples:  94%|█████████▍| 1435/1528 [01:26<00:01, 52.57step/s][Origin 12/13] 🎲 Drawing Posterior Samples:  94%|█████████▍| 1441/1528 [01:26<00:01, 52.63step/s][Origin 12/13] 🎲 Drawing Posterior Samples:  95%|█████████▍| 1447/1528 [01:26<00:01, 52.63step/s][Origin 12/13] 🎲 Drawing Posterior Samples:  95%|█████████▌| 1453/1528 [01:26<00:01, 52.56step/s][Origin 12/13] 🎲 Drawing Posterior Samples:  95%|█████████▌| 1459/1528 [01:26<00:01, 52.53step/s][Origin 12/13] 🎲 Drawing Posterior Samples:  96%|█████████▌| 1465/1528 [01:26<00:01, 52.49step/s][Origin 12/13] 🎲 Drawing Posterior Samples:  96%|█████████▋| 1471/1528 [01:26<00:01, 52.47step/s][Origin 12/13] 🎲 Drawing Posterior Samples:  97%|█████████▋| 1477/1528 [01:26<00:00, 52.43step/s][Origin 12/13] 🎲 Drawing Posterior Samples:  97%|█████████▋| 1483/1528 [01:27<00:00, 52.45step/s][Origin 12/13] 🎲 Drawing Posterior Samples:  97%|█████████▋| 1489/1528 [01:27<00:00, 52.46step/s][Origin 12/13] 🎲 Drawing Posterior Samples:  98%|█████████▊| 1495/1528 [01:27<00:01, 29.44step/s][Origin 12/13] 🎲 Drawing Posterior Samples:  98%|█████████▊| 1500/1528 [01:28<00:01, 18.75step/s][Origin 12/13] 🎲 Drawing Posterior Samples:  98%|█████████▊| 1504/1528 [01:28<00:01, 15.16step/s][Origin 12/13] 🎲 Drawing Posterior Samples:  99%|█████████▊| 1507/1528 [01:28<00:01, 12.68step/s][Origin 12/13] 🎲 Drawing Posterior Samples:  99%|█████████▉| 1509/1528 [01:29<00:01, 10.60step/s][Origin 12/13] 🎲 Drawing Posterior Samples:  99%|█████████▉| 1511/1528 [01:29<00:01,  9.87step/s][Origin 12/13] 🎲 Drawing Posterior Samples:  99%|█████████▉| 1513/1528 [01:29<00:01,  8.77step/s][Origin 12/13] 🎲 Drawing Posterior Samples:  99%|█████████▉| 1515/1528 [01:30<00:01,  7.91step/s][Origin 12/13] 🎲 Drawing Posterior Samples:  99%|█████████▉| 1516/1528 [01:30<00:01,  7.59step/s][Origin 12/13] 🎲 Drawing Posterior Samples:  99%|█████████▉| 1517/1528 [01:30<00:01,  7.35step/s][Origin 12/13] 🎲 Drawing Posterior Samples:  99%|█████████▉| 1518/1528 [01:30<00:01,  7.06step/s][Origin 12/13] 🎲 Drawing Posterior Samples:  99%|█████████▉| 1519/1528 [01:30<00:01,  6.66step/s][Origin 12/13] 🎲 Drawing Posterior Samples:  99%|█████████▉| 1520/1528 [01:31<00:01,  6.32step/s][Origin 12/13] 🎲 Drawing Posterior Samples: 100%|█████████▉| 1521/1528 [01:31<00:01,  6.16step/s][Origin 12/13] 🎲 Drawing Posterior Samples: 100%|█████████▉| 1522/1528 [01:31<00:00,  6.02step/s][Origin 12/13] 🎲 Drawing Posterior Samples: 100%|█████████▉| 1523/1528 [01:31<00:00,  6.03step/s][Origin 12/13] 🎲 Drawing Posterior Samples: 100%|█████████▉| 1524/1528 [01:31<00:00,  6.21step/s][Origin 12/13] 🎲 Drawing Posterior Samples: 100%|█████████▉| 1525/1528 [01:31<00:00,  6.16step/s][Origin 12/13] 🎲 Drawing Posterior Samples: 100%|█████████▉| 1526/1528 [01:32<00:00,  6.28step/s][Origin 12/13] 🎲 Drawing Posterior Samples: 100%|█████████▉| 1527/1528 [01:32<00:00,  6.43step/s][Origin 12/13] 🎲 Drawing Posterior Samples: 100%|██████████| 1528/1528 [01:32<00:00,  6.42step/s]                                                                                                  [Origin 13/13] 🎲 Drawing Posterior Samples:   0%|          | 0/1532 [00:00<?, ?step/s][Origin 13/13] 🎲 Drawing Posterior Samples:   0%|          | 7/1532 [00:00<00:25, 59.79step/s][Origin 13/13] 🎲 Drawing Posterior Samples:   1%|          | 13/1532 [00:00<00:27, 55.74step/s][Origin 13/13] 🎲 Drawing Posterior Samples:   1%|          | 19/1532 [00:00<00:27, 54.41step/s][Origin 13/13] 🎲 Drawing Posterior Samples:   2%|▏         | 25/1532 [00:00<00:28, 53.73step/s][Origin 13/13] 🎲 Drawing Posterior Samples:   2%|▏         | 31/1532 [00:00<00:28, 53.40step/s][Origin 13/13] 🎲 Drawing Posterior Samples:   2%|▏         | 37/1532 [00:00<00:28, 53.20step/s][Origin 13/13] 🎲 Drawing Posterior Samples:   3%|▎         | 43/1532 [00:00<00:28, 53.12step/s][Origin 13/13] 🎲 Drawing Posterior Samples:   3%|▎         | 49/1532 [00:00<00:27, 52.99step/s][Origin 13/13] 🎲 Drawing Posterior Samples:   4%|▎         | 55/1532 [00:01<00:27, 52.89step/s][Origin 13/13] 🎲 Drawing Posterior Samples:   4%|▍         | 61/1532 [00:01<00:27, 52.55step/s][Origin 13/13] 🎲 Drawing Posterior Samples:   4%|▍         | 67/1532 [00:01<00:27, 52.41step/s][Origin 13/13] 🎲 Drawing Posterior Samples:   5%|▍         | 73/1532 [00:01<00:27, 52.31step/s][Origin 13/13] 🎲 Drawing Posterior Samples:   5%|▌         | 79/1532 [00:01<00:27, 52.32step/s][Origin 13/13] 🎲 Drawing Posterior Samples:   6%|▌         | 85/1532 [00:01<00:27, 52.39step/s][Origin 13/13] 🎲 Drawing Posterior Samples:   6%|▌         | 91/1532 [00:01<00:27, 52.49step/s][Origin 13/13] 🎲 Drawing Posterior Samples:   6%|▋         | 97/1532 [00:01<00:27, 52.55step/s][Origin 13/13] 🎲 Drawing Posterior Samples:   7%|▋         | 103/1532 [00:01<00:27, 52.60step/s][Origin 13/13] 🎲 Drawing Posterior Samples:   7%|▋         | 109/1532 [00:02<00:27, 52.69step/s][Origin 13/13] 🎲 Drawing Posterior Samples:   8%|▊         | 115/1532 [00:02<00:26, 52.71step/s][Origin 13/13] 🎲 Drawing Posterior Samples:   8%|▊         | 121/1532 [00:02<00:26, 52.56step/s][Origin 13/13] 🎲 Drawing Posterior Samples:   8%|▊         | 127/1532 [00:02<00:26, 52.43step/s][Origin 13/13] 🎲 Drawing Posterior Samples:   9%|▊         | 133/1532 [00:02<00:26, 52.31step/s][Origin 13/13] 🎲 Drawing Posterior Samples:   9%|▉         | 139/1532 [00:02<00:26, 52.20step/s][Origin 13/13] 🎲 Drawing Posterior Samples:   9%|▉         | 145/1532 [00:02<00:26, 52.17step/s][Origin 13/13] 🎲 Drawing Posterior Samples:  10%|▉         | 151/1532 [00:02<00:26, 52.22step/s][Origin 13/13] 🎲 Drawing Posterior Samples:  10%|█         | 157/1532 [00:02<00:26, 52.35step/s][Origin 13/13] 🎲 Drawing Posterior Samples:  11%|█         | 163/1532 [00:03<00:26, 52.43step/s][Origin 13/13] 🎲 Drawing Posterior Samples:  11%|█         | 169/1532 [00:03<00:25, 52.54step/s][Origin 13/13] 🎲 Drawing Posterior Samples:  11%|█▏        | 175/1532 [00:03<00:25, 52.62step/s][Origin 13/13] 🎲 Drawing Posterior Samples:  12%|█▏        | 181/1532 [00:03<00:25, 52.59step/s][Origin 13/13] 🎲 Drawing Posterior Samples:  12%|█▏        | 187/1532 [00:03<00:25, 52.42step/s][Origin 13/13] 🎲 Drawing Posterior Samples:  13%|█▎        | 193/1532 [00:03<00:25, 52.35step/s][Origin 13/13] 🎲 Drawing Posterior Samples:  13%|█▎        | 199/1532 [00:03<00:25, 52.31step/s][Origin 13/13] 🎲 Drawing Posterior Samples:  13%|█▎        | 205/1532 [00:03<00:25, 52.17step/s][Origin 13/13] 🎲 Drawing Posterior Samples:  14%|█▍        | 211/1532 [00:04<00:25, 52.21step/s][Origin 13/13] 🎲 Drawing Posterior Samples:  14%|█▍        | 217/1532 [00:04<00:25, 52.28step/s][Origin 13/13] 🎲 Drawing Posterior Samples:  15%|█▍        | 223/1532 [00:04<00:24, 52.44step/s][Origin 13/13] 🎲 Drawing Posterior Samples:  15%|█▍        | 229/1532 [00:04<00:24, 52.57step/s][Origin 13/13] 🎲 Drawing Posterior Samples:  15%|█▌        | 235/1532 [00:04<00:24, 52.56step/s][Origin 13/13] 🎲 Drawing Posterior Samples:  16%|█▌        | 241/1532 [00:04<00:24, 52.52step/s][Origin 13/13] 🎲 Drawing Posterior Samples:  16%|█▌        | 247/1532 [00:04<00:24, 52.46step/s][Origin 13/13] 🎲 Drawing Posterior Samples:  17%|█▋        | 253/1532 [00:04<00:24, 52.41step/s][Origin 13/13] 🎲 Drawing Posterior Samples:  17%|█▋        | 259/1532 [00:04<00:24, 52.35step/s][Origin 13/13] 🎲 Drawing Posterior Samples:  17%|█▋        | 265/1532 [00:05<00:24, 52.31step/s][Origin 13/13] 🎲 Drawing Posterior Samples:  18%|█▊        | 271/1532 [00:05<00:24, 52.31step/s][Origin 13/13] 🎲 Drawing Posterior Samples:  18%|█▊        | 277/1532 [00:05<00:23, 52.34step/s][Origin 13/13] 🎲 Drawing Posterior Samples:  18%|█▊        | 283/1532 [00:05<00:23, 52.43step/s][Origin 13/13] 🎲 Drawing Posterior Samples:  19%|█▉        | 289/1532 [00:05<00:23, 52.55step/s][Origin 13/13] 🎲 Drawing Posterior Samples:  19%|█▉        | 295/1532 [00:05<00:23, 52.56step/s][Origin 13/13] 🎲 Drawing Posterior Samples:  20%|█▉        | 301/1532 [00:05<00:23, 52.50step/s][Origin 13/13] 🎲 Drawing Posterior Samples:  20%|██        | 307/1532 [00:05<00:23, 52.45step/s][Origin 13/13] 🎲 Drawing Posterior Samples:  20%|██        | 313/1532 [00:05<00:23, 52.35step/s][Origin 13/13] 🎲 Drawing Posterior Samples:  21%|██        | 319/1532 [00:06<00:23, 52.33step/s][Origin 13/13] 🎲 Drawing Posterior Samples:  21%|██        | 325/1532 [00:06<00:23, 52.29step/s][Origin 13/13] 🎲 Drawing Posterior Samples:  22%|██▏       | 331/1532 [00:06<00:22, 52.27step/s][Origin 13/13] 🎲 Drawing Posterior Samples:  22%|██▏       | 337/1532 [00:06<00:22, 52.36step/s][Origin 13/13] 🎲 Drawing Posterior Samples:  22%|██▏       | 343/1532 [00:06<00:22, 52.47step/s][Origin 13/13] 🎲 Drawing Posterior Samples:  23%|██▎       | 349/1532 [00:06<00:43, 27.21step/s][Origin 13/13] 🎲 Drawing Posterior Samples:  23%|██▎       | 354/1532 [00:07<01:16, 15.45step/s][Origin 13/13] 🎲 Drawing Posterior Samples:  23%|██▎       | 358/1532 [00:08<01:35, 12.24step/s][Origin 13/13] 🎲 Drawing Posterior Samples:  24%|██▎       | 361/1532 [00:08<01:49, 10.68step/s][Origin 13/13] 🎲 Drawing Posterior Samples:  24%|██▎       | 363/1532 [00:09<02:11,  8.90step/s][Origin 13/13] 🎲 Drawing Posterior Samples:  24%|██▍       | 365/1532 [00:09<02:28,  7.83step/s][Origin 13/13] 🎲 Drawing Posterior Samples:  24%|██▍       | 367/1532 [00:09<02:53,  6.72step/s][Origin 13/13] 🎲 Drawing Posterior Samples:  24%|██▍       | 368/1532 [00:10<03:01,  6.41step/s][Origin 13/13] 🎲 Drawing Posterior Samples:  24%|██▍       | 369/1532 [00:10<03:12,  6.03step/s][Origin 13/13] 🎲 Drawing Posterior Samples:  24%|██▍       | 370/1532 [00:10<03:27,  5.60step/s][Origin 13/13] 🎲 Drawing Posterior Samples:  24%|██▍       | 371/1532 [00:10<03:37,  5.33step/s][Origin 13/13] 🎲 Drawing Posterior Samples:  24%|██▍       | 372/1532 [00:11<03:55,  4.92step/s][Origin 13/13] 🎲 Drawing Posterior Samples:  24%|██▍       | 373/1532 [00:11<03:59,  4.84step/s][Origin 13/13] 🎲 Drawing Posterior Samples:  24%|██▍       | 374/1532 [00:11<04:11,  4.60step/s][Origin 13/13] 🎲 Drawing Posterior Samples:  24%|██▍       | 375/1532 [00:11<04:12,  4.57step/s][Origin 13/13] 🎲 Drawing Posterior Samples:  25%|██▍       | 376/1532 [00:12<04:23,  4.38step/s][Origin 13/13] 🎲 Drawing Posterior Samples:  25%|██▍       | 377/1532 [00:12<05:18,  3.62step/s][Origin 13/13] 🎲 Drawing Posterior Samples:  25%|██▍       | 378/1532 [00:12<04:59,  3.85step/s][Origin 13/13] 🎲 Drawing Posterior Samples:  25%|██▍       | 379/1532 [00:12<04:45,  4.04step/s][Origin 13/13] 🎲 Drawing Posterior Samples:  25%|██▍       | 380/1532 [00:13<05:06,  3.76step/s][Origin 13/13] 🎲 Drawing Posterior Samples:  25%|██▍       | 381/1532 [00:13<04:48,  3.99step/s][Origin 13/13] 🎲 Drawing Posterior Samples:  25%|██▍       | 382/1532 [00:13<04:48,  3.99step/s][Origin 13/13] 🎲 Drawing Posterior Samples:  25%|██▌       | 383/1532 [00:13<05:03,  3.78step/s][Origin 13/13] 🎲 Drawing Posterior Samples:  25%|██▌       | 384/1532 [00:27<1:22:16,  4.30s/step][Origin 13/13] 🎲 Drawing Posterior Samples:  25%|██▌       | 390/1532 [00:27<23:13,  1.22s/step]  [Origin 13/13] 🎲 Drawing Posterior Samples:  26%|██▌       | 396/1532 [00:27<11:34,  1.63step/s][Origin 13/13] 🎲 Drawing Posterior Samples:  26%|██▌       | 402/1532 [00:28<06:49,  2.76step/s][Origin 13/13] 🎲 Drawing Posterior Samples:  27%|██▋       | 408/1532 [00:28<04:22,  4.28step/s][Origin 13/13] 🎲 Drawing Posterior Samples:  27%|██▋       | 414/1532 [00:28<02:57,  6.29step/s][Origin 13/13] 🎲 Drawing Posterior Samples:  27%|██▋       | 420/1532 [00:28<02:04,  8.90step/s][Origin 13/13] 🎲 Drawing Posterior Samples:  28%|██▊       | 426/1532 [00:28<01:30, 12.16step/s][Origin 13/13] 🎲 Drawing Posterior Samples:  28%|██▊       | 432/1532 [00:28<01:08, 16.06step/s][Origin 13/13] 🎲 Drawing Posterior Samples:  29%|██▊       | 438/1532 [00:28<00:53, 20.49step/s][Origin 13/13] 🎲 Drawing Posterior Samples:  29%|██▉       | 444/1532 [00:28<00:43, 25.20step/s][Origin 13/13] 🎲 Drawing Posterior Samples:  29%|██▉       | 450/1532 [00:28<00:36, 29.91step/s][Origin 13/13] 🎲 Drawing Posterior Samples:  30%|██▉       | 456/1532 [00:29<00:31, 34.37step/s][Origin 13/13] 🎲 Drawing Posterior Samples:  30%|███       | 462/1532 [00:29<00:27, 38.31step/s][Origin 13/13] 🎲 Drawing Posterior Samples:  31%|███       | 468/1532 [00:29<00:25, 41.63step/s][Origin 13/13] 🎲 Drawing Posterior Samples:  31%|███       | 474/1532 [00:29<00:23, 44.43step/s][Origin 13/13] 🎲 Drawing Posterior Samples:  31%|███▏      | 480/1532 [00:29<00:22, 46.57step/s][Origin 13/13] 🎲 Drawing Posterior Samples:  32%|███▏      | 486/1532 [00:29<00:21, 48.25step/s][Origin 13/13] 🎲 Drawing Posterior Samples:  32%|███▏      | 492/1532 [00:29<00:20, 49.54step/s][Origin 13/13] 🎲 Drawing Posterior Samples:  33%|███▎      | 498/1532 [00:29<00:20, 50.46step/s][Origin 13/13] 🎲 Drawing Posterior Samples:  33%|███▎      | 504/1532 [00:29<00:20, 51.15step/s][Origin 13/13] 🎲 Drawing Posterior Samples:  33%|███▎      | 510/1532 [00:30<00:19, 51.60step/s][Origin 13/13] 🎲 Drawing Posterior Samples:  34%|███▎      | 516/1532 [00:30<00:19, 51.87step/s][Origin 13/13] 🎲 Drawing Posterior Samples:  34%|███▍      | 522/1532 [00:30<00:19, 51.97step/s][Origin 13/13] 🎲 Drawing Posterior Samples:  34%|███▍      | 528/1532 [00:30<00:19, 52.00step/s][Origin 13/13] 🎲 Drawing Posterior Samples:  35%|███▍      | 534/1532 [00:30<00:19, 52.14step/s][Origin 13/13] 🎲 Drawing Posterior Samples:  35%|███▌      | 540/1532 [00:30<00:19, 52.17step/s][Origin 13/13] 🎲 Drawing Posterior Samples:  36%|███▌      | 546/1532 [00:30<00:18, 52.28step/s][Origin 13/13] 🎲 Drawing Posterior Samples:  36%|███▌      | 552/1532 [00:30<00:18, 52.41step/s][Origin 13/13] 🎲 Drawing Posterior Samples:  36%|███▋      | 558/1532 [00:31<00:18, 52.51step/s][Origin 13/13] 🎲 Drawing Posterior Samples:  37%|███▋      | 564/1532 [00:31<00:18, 52.57step/s][Origin 13/13] 🎲 Drawing Posterior Samples:  37%|███▋      | 570/1532 [00:31<00:18, 52.54step/s][Origin 13/13] 🎲 Drawing Posterior Samples:  38%|███▊      | 576/1532 [00:31<00:18, 52.42step/s][Origin 13/13] 🎲 Drawing Posterior Samples:  38%|███▊      | 582/1532 [00:31<00:18, 52.43step/s][Origin 13/13] 🎲 Drawing Posterior Samples:  38%|███▊      | 588/1532 [00:31<00:17, 52.48step/s][Origin 13/13] 🎲 Drawing Posterior Samples:  39%|███▉      | 594/1532 [00:31<00:17, 52.48step/s][Origin 13/13] 🎲 Drawing Posterior Samples:  39%|███▉      | 600/1532 [00:31<00:17, 52.43step/s][Origin 13/13] 🎲 Drawing Posterior Samples:  40%|███▉      | 606/1532 [00:31<00:17, 52.45step/s][Origin 13/13] 🎲 Drawing Posterior Samples:  40%|███▉      | 612/1532 [00:32<00:17, 52.55step/s][Origin 13/13] 🎲 Drawing Posterior Samples:  40%|████      | 618/1532 [00:32<00:17, 52.59step/s][Origin 13/13] 🎲 Drawing Posterior Samples:  41%|████      | 624/1532 [00:32<00:17, 52.63step/s][Origin 13/13] 🎲 Drawing Posterior Samples:  41%|████      | 630/1532 [00:32<00:17, 52.59step/s][Origin 13/13] 🎲 Drawing Posterior Samples:  42%|████▏     | 636/1532 [00:32<00:17, 52.44step/s][Origin 13/13] 🎲 Drawing Posterior Samples:  42%|████▏     | 642/1532 [00:32<00:16, 52.47step/s][Origin 13/13] 🎲 Drawing Posterior Samples:  42%|████▏     | 648/1532 [00:32<00:16, 52.47step/s][Origin 13/13] 🎲 Drawing Posterior Samples:  43%|████▎     | 654/1532 [00:32<00:16, 52.43step/s][Origin 13/13] 🎲 Drawing Posterior Samples:  43%|████▎     | 660/1532 [00:32<00:16, 52.42step/s][Origin 13/13] 🎲 Drawing Posterior Samples:  43%|████▎     | 666/1532 [00:33<00:16, 52.45step/s][Origin 13/13] 🎲 Drawing Posterior Samples:  44%|████▍     | 672/1532 [00:33<00:16, 52.55step/s][Origin 13/13] 🎲 Drawing Posterior Samples:  44%|████▍     | 678/1532 [00:33<00:16, 52.61step/s][Origin 13/13] 🎲 Drawing Posterior Samples:  45%|████▍     | 684/1532 [00:33<00:16, 52.58step/s][Origin 13/13] 🎲 Drawing Posterior Samples:  45%|████▌     | 690/1532 [00:33<00:16, 52.54step/s][Origin 13/13] 🎲 Drawing Posterior Samples:  45%|████▌     | 696/1532 [00:33<00:15, 52.53step/s][Origin 13/13] 🎲 Drawing Posterior Samples:  46%|████▌     | 702/1532 [00:33<00:15, 52.51step/s][Origin 13/13] 🎲 Drawing Posterior Samples:  46%|████▌     | 708/1532 [00:33<00:15, 52.38step/s][Origin 13/13] 🎲 Drawing Posterior Samples:  47%|████▋     | 714/1532 [00:33<00:15, 52.41step/s][Origin 13/13] 🎲 Drawing Posterior Samples:  47%|████▋     | 720/1532 [00:34<00:15, 52.36step/s][Origin 13/13] 🎲 Drawing Posterior Samples:  47%|████▋     | 726/1532 [00:34<00:15, 52.40step/s][Origin 13/13] 🎲 Drawing Posterior Samples:  48%|████▊     | 732/1532 [00:34<00:26, 30.21step/s][Origin 13/13] 🎲 Drawing Posterior Samples:  48%|████▊     | 737/1532 [00:35<00:42, 18.86step/s][Origin 13/13] 🎲 Drawing Posterior Samples:  48%|████▊     | 741/1532 [00:35<00:52, 15.02step/s][Origin 13/13] 🎲 Drawing Posterior Samples:  49%|████▊     | 744/1532 [00:35<00:58, 13.40step/s][Origin 13/13] 🎲 Drawing Posterior Samples:  49%|████▉     | 747/1532 [00:36<01:07, 11.69step/s][Origin 13/13] 🎲 Drawing Posterior Samples:  49%|████▉     | 749/1532 [00:36<01:19,  9.82step/s][Origin 13/13] 🎲 Drawing Posterior Samples:  49%|████▉     | 751/1532 [00:36<01:25,  9.16step/s][Origin 13/13] 🎲 Drawing Posterior Samples:  49%|████▉     | 753/1532 [00:37<01:29,  8.68step/s][Origin 13/13] 🎲 Drawing Posterior Samples:  49%|████▉     | 755/1532 [00:37<01:38,  7.93step/s][Origin 13/13] 🎲 Drawing Posterior Samples:  49%|████▉     | 756/1532 [00:37<01:40,  7.69step/s][Origin 13/13] 🎲 Drawing Posterior Samples:  49%|████▉     | 757/1532 [00:37<01:43,  7.51step/s][Origin 13/13] 🎲 Drawing Posterior Samples:  49%|████▉     | 758/1532 [00:37<01:46,  7.25step/s][Origin 13/13] 🎲 Drawing Posterior Samples:  50%|████▉     | 759/1532 [00:38<01:50,  6.99step/s][Origin 13/13] 🎲 Drawing Posterior Samples:  50%|████▉     | 760/1532 [00:38<01:55,  6.67step/s][Origin 13/13] 🎲 Drawing Posterior Samples:  50%|████▉     | 761/1532 [00:38<01:58,  6.49step/s][Origin 13/13] 🎲 Drawing Posterior Samples:  50%|████▉     | 762/1532 [00:38<02:03,  6.22step/s][Origin 13/13] 🎲 Drawing Posterior Samples:  50%|████▉     | 763/1532 [00:38<02:01,  6.33step/s][Origin 13/13] 🎲 Drawing Posterior Samples:  50%|████▉     | 764/1532 [00:38<02:00,  6.36step/s][Origin 13/13] 🎲 Drawing Posterior Samples:  50%|████▉     | 765/1532 [00:39<02:05,  6.13step/s][Origin 13/13] 🎲 Drawing Posterior Samples:  50%|█████     | 766/1532 [00:39<02:03,  6.22step/s][Origin 13/13] 🎲 Drawing Posterior Samples:  50%|█████     | 767/1532 [00:52<49:54,  3.91s/step][Origin 13/13] 🎲 Drawing Posterior Samples:  50%|█████     | 773/1532 [00:52<14:14,  1.13s/step][Origin 13/13] 🎲 Drawing Posterior Samples:  51%|█████     | 779/1532 [00:52<07:06,  1.77step/s][Origin 13/13] 🎲 Drawing Posterior Samples:  51%|█████     | 785/1532 [00:52<04:11,  2.97step/s][Origin 13/13] 🎲 Drawing Posterior Samples:  52%|█████▏    | 791/1532 [00:52<02:41,  4.60step/s][Origin 13/13] 🎲 Drawing Posterior Samples:  52%|█████▏    | 797/1532 [00:52<01:48,  6.74step/s][Origin 13/13] 🎲 Drawing Posterior Samples:  52%|█████▏    | 803/1532 [00:52<01:16,  9.50step/s][Origin 13/13] 🎲 Drawing Posterior Samples:  53%|█████▎    | 809/1532 [00:53<00:56, 12.91step/s][Origin 13/13] 🎲 Drawing Posterior Samples:  53%|█████▎    | 815/1532 [00:53<00:42, 16.95step/s][Origin 13/13] 🎲 Drawing Posterior Samples:  54%|█████▎    | 821/1532 [00:53<00:33, 21.48step/s][Origin 13/13] 🎲 Drawing Posterior Samples:  54%|█████▍    | 827/1532 [00:53<00:26, 26.22step/s][Origin 13/13] 🎲 Drawing Posterior Samples:  54%|█████▍    | 833/1532 [00:53<00:22, 30.91step/s][Origin 13/13] 🎲 Drawing Posterior Samples:  55%|█████▍    | 839/1532 [00:53<00:19, 35.29step/s][Origin 13/13] 🎲 Drawing Posterior Samples:  55%|█████▌    | 845/1532 [00:53<00:17, 39.09step/s][Origin 13/13] 🎲 Drawing Posterior Samples:  56%|█████▌    | 851/1532 [00:53<00:16, 42.28step/s][Origin 13/13] 🎲 Drawing Posterior Samples:  56%|█████▌    | 857/1532 [00:53<00:15, 44.91step/s][Origin 13/13] 🎲 Drawing Posterior Samples:  56%|█████▋    | 863/1532 [00:54<00:14, 46.97step/s][Origin 13/13] 🎲 Drawing Posterior Samples:  57%|█████▋    | 869/1532 [00:54<00:13, 48.63step/s][Origin 13/13] 🎲 Drawing Posterior Samples:  57%|█████▋    | 875/1532 [00:54<00:13, 49.81step/s][Origin 13/13] 🎲 Drawing Posterior Samples:  58%|█████▊    | 881/1532 [00:54<00:12, 50.62step/s][Origin 13/13] 🎲 Drawing Posterior Samples:  58%|█████▊    | 887/1532 [00:54<00:12, 51.10step/s][Origin 13/13] 🎲 Drawing Posterior Samples:  58%|█████▊    | 893/1532 [00:54<00:12, 51.45step/s][Origin 13/13] 🎲 Drawing Posterior Samples:  59%|█████▊    | 899/1532 [00:54<00:12, 51.68step/s][Origin 13/13] 🎲 Drawing Posterior Samples:  59%|█████▉    | 905/1532 [00:54<00:12, 51.91step/s][Origin 13/13] 🎲 Drawing Posterior Samples:  59%|█████▉    | 911/1532 [00:54<00:11, 52.09step/s][Origin 13/13] 🎲 Drawing Posterior Samples:  60%|█████▉    | 917/1532 [00:55<00:11, 52.19step/s][Origin 13/13] 🎲 Drawing Posterior Samples:  60%|██████    | 923/1532 [00:55<00:11, 52.36step/s][Origin 13/13] 🎲 Drawing Posterior Samples:  61%|██████    | 929/1532 [00:55<00:11, 52.50step/s][Origin 13/13] 🎲 Drawing Posterior Samples:  61%|██████    | 935/1532 [00:55<00:11, 52.58step/s][Origin 13/13] 🎲 Drawing Posterior Samples:  61%|██████▏   | 941/1532 [00:55<00:11, 52.52step/s][Origin 13/13] 🎲 Drawing Posterior Samples:  62%|██████▏   | 947/1532 [00:55<00:11, 52.46step/s][Origin 13/13] 🎲 Drawing Posterior Samples:  62%|██████▏   | 953/1532 [00:55<00:11, 52.41step/s][Origin 13/13] 🎲 Drawing Posterior Samples:  63%|██████▎   | 959/1532 [00:55<00:10, 52.38step/s][Origin 13/13] 🎲 Drawing Posterior Samples:  63%|██████▎   | 965/1532 [00:55<00:10, 52.39step/s][Origin 13/13] 🎲 Drawing Posterior Samples:  63%|██████▎   | 971/1532 [00:56<00:10, 52.33step/s][Origin 13/13] 🎲 Drawing Posterior Samples:  64%|██████▍   | 977/1532 [00:56<00:10, 52.41step/s][Origin 13/13] 🎲 Drawing Posterior Samples:  64%|██████▍   | 983/1532 [00:56<00:10, 52.46step/s][Origin 13/13] 🎲 Drawing Posterior Samples:  65%|██████▍   | 989/1532 [00:56<00:10, 52.59step/s][Origin 13/13] 🎲 Drawing Posterior Samples:  65%|██████▍   | 995/1532 [00:56<00:10, 52.64step/s][Origin 13/13] 🎲 Drawing Posterior Samples:  65%|██████▌   | 1001/1532 [00:56<00:10, 52.64step/s][Origin 13/13] 🎲 Drawing Posterior Samples:  66%|██████▌   | 1007/1532 [00:56<00:09, 52.56step/s][Origin 13/13] 🎲 Drawing Posterior Samples:  66%|██████▌   | 1013/1532 [00:56<00:09, 52.44step/s][Origin 13/13] 🎲 Drawing Posterior Samples:  67%|██████▋   | 1019/1532 [00:57<00:09, 52.36step/s][Origin 13/13] 🎲 Drawing Posterior Samples:  67%|██████▋   | 1025/1532 [00:57<00:09, 52.36step/s][Origin 13/13] 🎲 Drawing Posterior Samples:  67%|██████▋   | 1031/1532 [00:57<00:09, 52.32step/s][Origin 13/13] 🎲 Drawing Posterior Samples:  68%|██████▊   | 1037/1532 [00:57<00:09, 52.39step/s][Origin 13/13] 🎲 Drawing Posterior Samples:  68%|██████▊   | 1043/1532 [00:57<00:09, 52.42step/s][Origin 13/13] 🎲 Drawing Posterior Samples:  68%|██████▊   | 1049/1532 [00:57<00:09, 52.50step/s][Origin 13/13] 🎲 Drawing Posterior Samples:  69%|██████▉   | 1055/1532 [00:57<00:09, 52.52step/s][Origin 13/13] 🎲 Drawing Posterior Samples:  69%|██████▉   | 1061/1532 [00:57<00:08, 52.60step/s][Origin 13/13] 🎲 Drawing Posterior Samples:  70%|██████▉   | 1067/1532 [00:57<00:08, 52.57step/s][Origin 13/13] 🎲 Drawing Posterior Samples:  70%|███████   | 1073/1532 [00:58<00:08, 52.52step/s][Origin 13/13] 🎲 Drawing Posterior Samples:  70%|███████   | 1079/1532 [00:58<00:08, 52.46step/s][Origin 13/13] 🎲 Drawing Posterior Samples:  71%|███████   | 1085/1532 [00:58<00:08, 52.37step/s][Origin 13/13] 🎲 Drawing Posterior Samples:  71%|███████   | 1091/1532 [00:58<00:08, 52.40step/s][Origin 13/13] 🎲 Drawing Posterior Samples:  72%|███████▏  | 1097/1532 [00:58<00:08, 52.35step/s][Origin 13/13] 🎲 Drawing Posterior Samples:  72%|███████▏  | 1103/1532 [00:58<00:08, 52.41step/s][Origin 13/13] 🎲 Drawing Posterior Samples:  72%|███████▏  | 1109/1532 [00:58<00:08, 52.49step/s][Origin 13/13] 🎲 Drawing Posterior Samples:  73%|███████▎  | 1115/1532 [00:59<00:14, 29.70step/s][Origin 13/13] 🎲 Drawing Posterior Samples:  73%|███████▎  | 1120/1532 [00:59<00:26, 15.76step/s][Origin 13/13] 🎲 Drawing Posterior Samples:  73%|███████▎  | 1124/1532 [01:00<00:33, 12.21step/s][Origin 13/13] 🎲 Drawing Posterior Samples:  74%|███████▎  | 1127/1532 [01:00<00:39, 10.18step/s][Origin 13/13] 🎲 Drawing Posterior Samples:  74%|███████▎  | 1129/1532 [01:01<00:41,  9.68step/s][Origin 13/13] 🎲 Drawing Posterior Samples:  74%|███████▍  | 1131/1532 [01:01<00:43,  9.13step/s][Origin 13/13] 🎲 Drawing Posterior Samples:  74%|███████▍  | 1133/1532 [01:01<00:46,  8.49step/s][Origin 13/13] 🎲 Drawing Posterior Samples:  74%|███████▍  | 1135/1532 [01:02<00:50,  7.92step/s][Origin 13/13] 🎲 Drawing Posterior Samples:  74%|███████▍  | 1136/1532 [01:02<00:51,  7.72step/s][Origin 13/13] 🎲 Drawing Posterior Samples:  74%|███████▍  | 1137/1532 [01:02<00:52,  7.46step/s][Origin 13/13] 🎲 Drawing Posterior Samples:  74%|███████▍  | 1138/1532 [01:02<00:55,  7.10step/s][Origin 13/13] 🎲 Drawing Posterior Samples:  74%|███████▍  | 1139/1532 [01:02<00:56,  6.95step/s][Origin 13/13] 🎲 Drawing Posterior Samples:  74%|███████▍  | 1140/1532 [01:02<00:56,  6.88step/s][Origin 13/13] 🎲 Drawing Posterior Samples:  74%|███████▍  | 1141/1532 [01:03<00:59,  6.62step/s][Origin 13/13] 🎲 Drawing Posterior Samples:  75%|███████▍  | 1142/1532 [01:03<01:00,  6.45step/s][Origin 13/13] 🎲 Drawing Posterior Samples:  75%|███████▍  | 1143/1532 [01:03<01:02,  6.26step/s][Origin 13/13] 🎲 Drawing Posterior Samples:  75%|███████▍  | 1144/1532 [01:03<01:02,  6.22step/s][Origin 13/13] 🎲 Drawing Posterior Samples:  75%|███████▍  | 1145/1532 [01:03<01:02,  6.22step/s][Origin 13/13] 🎲 Drawing Posterior Samples:  75%|███████▍  | 1146/1532 [01:03<01:02,  6.14step/s][Origin 13/13] 🎲 Drawing Posterior Samples:  75%|███████▍  | 1147/1532 [01:04<01:05,  5.90step/s][Origin 13/13] 🎲 Drawing Posterior Samples:  75%|███████▍  | 1148/1532 [01:04<01:05,  5.91step/s][Origin 13/13] 🎲 Drawing Posterior Samples:  75%|███████▌  | 1149/1532 [01:04<01:04,  5.93step/s][Origin 13/13] 🎲 Drawing Posterior Samples:  75%|███████▌  | 1150/1532 [01:17<25:42,  4.04s/step][Origin 13/13] 🎲 Drawing Posterior Samples:  75%|███████▌  | 1156/1532 [01:17<07:12,  1.15s/step][Origin 13/13] 🎲 Drawing Posterior Samples:  76%|███████▌  | 1166/1532 [01:17<02:37,  2.32step/s][Origin 13/13] 🎲 Drawing Posterior Samples:  77%|███████▋  | 1174/1532 [01:17<01:31,  3.90step/s][Origin 13/13] 🎲 Drawing Posterior Samples:  77%|███████▋  | 1182/1532 [01:17<00:58,  6.03step/s][Origin 13/13] 🎲 Drawing Posterior Samples:  78%|███████▊  | 1190/1532 [01:18<00:38,  8.86step/s][Origin 13/13] 🎲 Drawing Posterior Samples:  78%|███████▊  | 1197/1532 [01:18<00:27, 12.05step/s][Origin 13/13] 🎲 Drawing Posterior Samples:  79%|███████▊  | 1204/1532 [01:18<00:21, 15.58step/s][Origin 13/13] 🎲 Drawing Posterior Samples:  79%|███████▉  | 1210/1532 [01:18<00:16, 19.21step/s][Origin 13/13] 🎲 Drawing Posterior Samples:  79%|███████▉  | 1216/1532 [01:18<00:13, 23.31step/s][Origin 13/13] 🎲 Drawing Posterior Samples:  80%|███████▉  | 1222/1532 [01:18<00:11, 27.69step/s][Origin 13/13] 🎲 Drawing Posterior Samples:  80%|████████  | 1228/1532 [01:18<00:09, 32.09step/s][Origin 13/13] 🎲 Drawing Posterior Samples:  81%|████████  | 1234/1532 [01:18<00:08, 36.27step/s][Origin 13/13] 🎲 Drawing Posterior Samples:  81%|████████  | 1240/1532 [01:19<00:07, 39.96step/s][Origin 13/13] 🎲 Drawing Posterior Samples:  81%|████████▏ | 1246/1532 [01:19<00:06, 43.10step/s][Origin 13/13] 🎲 Drawing Posterior Samples:  82%|████████▏ | 1252/1532 [01:19<00:06, 45.60step/s][Origin 13/13] 🎲 Drawing Posterior Samples:  82%|████████▏ | 1258/1532 [01:19<00:05, 47.41step/s][Origin 13/13] 🎲 Drawing Posterior Samples:  83%|████████▎ | 1264/1532 [01:19<00:05, 48.72step/s][Origin 13/13] 🎲 Drawing Posterior Samples:  83%|████████▎ | 1270/1532 [01:19<00:05, 49.70step/s][Origin 13/13] 🎲 Drawing Posterior Samples:  83%|████████▎ | 1276/1532 [01:19<00:05, 50.41step/s][Origin 13/13] 🎲 Drawing Posterior Samples:  84%|████████▎ | 1282/1532 [01:19<00:04, 50.90step/s][Origin 13/13] 🎲 Drawing Posterior Samples:  84%|████████▍ | 1288/1532 [01:19<00:04, 51.34step/s][Origin 13/13] 🎲 Drawing Posterior Samples:  84%|████████▍ | 1294/1532 [01:20<00:04, 51.74step/s][Origin 13/13] 🎲 Drawing Posterior Samples:  85%|████████▍ | 1300/1532 [01:20<00:04, 52.10step/s][Origin 13/13] 🎲 Drawing Posterior Samples:  85%|████████▌ | 1306/1532 [01:20<00:04, 52.29step/s][Origin 13/13] 🎲 Drawing Posterior Samples:  86%|████████▌ | 1312/1532 [01:20<00:04, 52.48step/s][Origin 13/13] 🎲 Drawing Posterior Samples:  86%|████████▌ | 1318/1532 [01:20<00:04, 52.49step/s][Origin 13/13] 🎲 Drawing Posterior Samples:  86%|████████▋ | 1324/1532 [01:20<00:03, 52.41step/s][Origin 13/13] 🎲 Drawing Posterior Samples:  87%|████████▋ | 1330/1532 [01:20<00:03, 50.80step/s][Origin 13/13] 🎲 Drawing Posterior Samples:  87%|████████▋ | 1336/1532 [01:20<00:03, 51.27step/s][Origin 13/13] 🎲 Drawing Posterior Samples:  88%|████████▊ | 1342/1532 [01:20<00:03, 51.61step/s][Origin 13/13] 🎲 Drawing Posterior Samples:  88%|████████▊ | 1348/1532 [01:21<00:03, 51.82step/s][Origin 13/13] 🎲 Drawing Posterior Samples:  88%|████████▊ | 1354/1532 [01:21<00:03, 52.08step/s][Origin 13/13] 🎲 Drawing Posterior Samples:  89%|████████▉ | 1360/1532 [01:21<00:03, 52.27step/s][Origin 13/13] 🎲 Drawing Posterior Samples:  89%|████████▉ | 1366/1532 [01:21<00:03, 52.43step/s][Origin 13/13] 🎲 Drawing Posterior Samples:  90%|████████▉ | 1372/1532 [01:21<00:03, 52.53step/s][Origin 13/13] 🎲 Drawing Posterior Samples:  90%|████████▉ | 1378/1532 [01:21<00:02, 52.45step/s][Origin 13/13] 🎲 Drawing Posterior Samples:  90%|█████████ | 1384/1532 [01:21<00:02, 52.37step/s][Origin 13/13] 🎲 Drawing Posterior Samples:  91%|█████████ | 1390/1532 [01:21<00:02, 52.34step/s][Origin 13/13] 🎲 Drawing Posterior Samples:  91%|█████████ | 1396/1532 [01:22<00:02, 52.32step/s][Origin 13/13] 🎲 Drawing Posterior Samples:  92%|█████████▏| 1402/1532 [01:22<00:02, 52.32step/s][Origin 13/13] 🎲 Drawing Posterior Samples:  92%|█████████▏| 1408/1532 [01:22<00:02, 52.32step/s][Origin 13/13] 🎲 Drawing Posterior Samples:  92%|█████████▏| 1414/1532 [01:22<00:02, 52.35step/s][Origin 13/13] 🎲 Drawing Posterior Samples:  93%|█████████▎| 1420/1532 [01:22<00:02, 52.39step/s][Origin 13/13] 🎲 Drawing Posterior Samples:  93%|█████████▎| 1426/1532 [01:22<00:02, 52.46step/s][Origin 13/13] 🎲 Drawing Posterior Samples:  93%|█████████▎| 1432/1532 [01:22<00:01, 52.46step/s][Origin 13/13] 🎲 Drawing Posterior Samples:  94%|█████████▍| 1438/1532 [01:22<00:01, 52.48step/s][Origin 13/13] 🎲 Drawing Posterior Samples:  94%|█████████▍| 1444/1532 [01:22<00:01, 52.41step/s][Origin 13/13] 🎲 Drawing Posterior Samples:  95%|█████████▍| 1450/1532 [01:23<00:01, 52.36step/s][Origin 13/13] 🎲 Drawing Posterior Samples:  95%|█████████▌| 1456/1532 [01:23<00:01, 52.35step/s][Origin 13/13] 🎲 Drawing Posterior Samples:  95%|█████████▌| 1462/1532 [01:23<00:01, 52.32step/s][Origin 13/13] 🎲 Drawing Posterior Samples:  96%|█████████▌| 1468/1532 [01:23<00:01, 52.31step/s][Origin 13/13] 🎲 Drawing Posterior Samples:  96%|█████████▌| 1474/1532 [01:23<00:01, 52.36step/s][Origin 13/13] 🎲 Drawing Posterior Samples:  97%|█████████▋| 1480/1532 [01:23<00:00, 52.44step/s][Origin 13/13] 🎲 Drawing Posterior Samples:  97%|█████████▋| 1486/1532 [01:23<00:00, 52.50step/s][Origin 13/13] 🎲 Drawing Posterior Samples:  97%|█████████▋| 1492/1532 [01:23<00:00, 52.54step/s][Origin 13/13] 🎲 Drawing Posterior Samples:  98%|█████████▊| 1498/1532 [01:24<00:01, 29.76step/s][Origin 13/13] 🎲 Drawing Posterior Samples:  98%|█████████▊| 1503/1532 [01:25<00:01, 15.61step/s][Origin 13/13] 🎲 Drawing Posterior Samples:  98%|█████████▊| 1507/1532 [01:25<00:02, 11.81step/s][Origin 13/13] 🎲 Drawing Posterior Samples:  99%|█████████▊| 1510/1532 [01:26<00:02,  9.61step/s][Origin 13/13] 🎲 Drawing Posterior Samples:  99%|█████████▊| 1512/1532 [01:26<00:02,  8.95step/s][Origin 13/13] 🎲 Drawing Posterior Samples:  99%|█████████▉| 1514/1532 [01:26<00:02,  8.51step/s][Origin 13/13] 🎲 Drawing Posterior Samples:  99%|█████████▉| 1516/1532 [01:27<00:02,  7.99step/s][Origin 13/13] 🎲 Drawing Posterior Samples:  99%|█████████▉| 1518/1532 [01:27<00:01,  7.39step/s][Origin 13/13] 🎲 Drawing Posterior Samples:  99%|█████████▉| 1519/1532 [01:27<00:01,  7.23step/s][Origin 13/13] 🎲 Drawing Posterior Samples:  99%|█████████▉| 1520/1532 [01:27<00:01,  6.90step/s][Origin 13/13] 🎲 Drawing Posterior Samples:  99%|█████████▉| 1521/1532 [01:27<00:01,  6.88step/s][Origin 13/13] 🎲 Drawing Posterior Samples:  99%|█████████▉| 1522/1532 [01:28<00:01,  6.79step/s][Origin 13/13] 🎲 Drawing Posterior Samples:  99%|█████████▉| 1523/1532 [01:28<00:01,  5.45step/s][Origin 13/13] 🎲 Drawing Posterior Samples:  99%|█████████▉| 1524/1532 [01:28<00:01,  5.88step/s][Origin 13/13] 🎲 Drawing Posterior Samples: 100%|█████████▉| 1525/1532 [01:28<00:01,  6.29step/s][Origin 13/13] 🎲 Drawing Posterior Samples: 100%|█████████▉| 1526/1532 [01:28<00:00,  6.29step/s][Origin 13/13] 🎲 Drawing Posterior Samples: 100%|█████████▉| 1527/1532 [01:28<00:00,  6.50step/s][Origin 13/13] 🎲 Drawing Posterior Samples: 100%|█████████▉| 1528/1532 [01:29<00:00,  6.34step/s][Origin 13/13] 🎲 Drawing Posterior Samples: 100%|█████████▉| 1529/1532 [01:29<00:00,  5.88step/s][Origin 13/13] 🎲 Drawing Posterior Samples: 100%|█████████▉| 1530/1532 [01:29<00:00,  6.10step/s][Origin 13/13] 🎲 Drawing Posterior Samples: 100%|█████████▉| 1531/1532 [01:29<00:00,  6.12step/s][Origin 13/13] 🎲 Drawing Posterior Samples: 100%|██████████| 1532/1532 [01:29<00:00,  6.25step/s]                                                                                                  wandb: WARNING Saving files without folders. If you want to preserve subdirectories pass base_path to wandb.save, i.e. wandb.save("/mnt/folder/file.h5", base_path="/mnt")
wandb: - 0.137 MB of 0.137 MB uploadedwandb: \ 0.137 MB of 0.137 MB uploadedwandb:                                                                                
wandb: 
wandb: Run history:
wandb:            month-wise/by_ns_best/Brier_cls_sample █▅▆▅▆▅▃▃▄▃▅▅▆▆▆▃▃▂▅▃▄▄▄▆▆▅▁▃▃▃▁▂▃▅▃▂▃▁▂▂
wandb:       month-wise/by_ns_best/Brier_cls_sample_mean ▁
wandb:            month-wise/by_os_best/Brier_cls_sample ▂▃▂▃▃▃▂▁▃▅▆▄▃▅▆▆▄▁▂▅▅▇▅▇█▄▄▅▅▆▆▃▆▆▅▇▂▂▄▆
wandb:       month-wise/by_os_best/Brier_cls_sample_mean ▁
wandb:            month-wise/by_sb_best/Brier_cls_sample ▄▂▃▅▂▃▁▂▁▂▂▃▂▃▄▅▃▄▃▂▅▅▅▇█▄▄▆▃▆▇▄▆▇█▆▇▆▇█
wandb:       month-wise/by_sb_best/Brier_cls_sample_mean ▁
wandb:                        month-wise/lr_ns_best/CRPS ▅█▇▃▂▃▂▃▅▅▄▃▄▂▂▁▂▂▄▃▂▁▂▂▃▂▁▂▂▁▂▁▁▃▂▁▂▁▂▁
wandb:                   month-wise/lr_ns_best/CRPS_mean ▁
wandb:                  month-wise/lr_ns_best/MCR_sample ▄▂▁▃▃▃▄▂▁▁▁▂▁▃▃▆▃▄▁▂▄▅▂▃▂▃█▄▅▆▃▆▆▂▃▆▃▇▄▅
wandb:             month-wise/lr_ns_best/MCR_sample_mean ▁
wandb:                   month-wise/lr_ns_best/QS_sample ▅██▃▂▃▂▃▅▅▅▃▄▂▂▁▂▂▄▃▂▁▃▂▃▂▁▂▂▁▂▁▁▃▂▁▂▁▂▁
wandb:              month-wise/lr_ns_best/QS_sample_mean ▁
wandb:                        month-wise/lr_os_best/CRPS ▁▁▁▁▂▁▁▁▁▁▃▁▁▁▂▁▁▁▁▃▂▂▂▂▂▂▂▁▂█▅▄▅▆▂▂▂▂▁▄
wandb:                   month-wise/lr_os_best/CRPS_mean ▁
wandb:                  month-wise/lr_os_best/MCR_sample ▄█▅▃▃▄▄▃▃▃█▂▂▂▂▂▃▂▃▁▂▁▂▂▂▂▂▂▂▁▁▁▁▁▂▂▂▁▂▁
wandb:             month-wise/lr_os_best/MCR_sample_mean ▁
wandb:                   month-wise/lr_os_best/QS_sample ▁▁▁▁▂▁▁▁▁▁▃▁▁▁▂▁▁▁▁▃▂▂▂▂▂▂▂▁▂█▅▅▅▆▂▂▂▂▁▄
wandb:              month-wise/lr_os_best/QS_sample_mean ▁
wandb:                        month-wise/lr_sb_best/CRPS ▁▁▁▁▁▁▁▁▁▁▁▁▁▁▁▁▁▁▁▁▁▁▁▁▁▁▁▁▁▁▁▁▁▁▁▁▁▁▁█
wandb:                   month-wise/lr_sb_best/CRPS_mean ▁
wandb:                  month-wise/lr_sb_best/MCR_sample ▆█▄▅▇▄▇▅▆▃▅▃▃▃▂▂▂▄▂▂▁▂▂▂▂▃▂▂▂▁▁▁▂▁▂▂▂▂▁▁
wandb:             month-wise/lr_sb_best/MCR_sample_mean ▁
wandb:                   month-wise/lr_sb_best/QS_sample ▁▁▁▁▁▁▁▁▁▁▁▁▁▁▁▁▁▁▁▁▁▁▁▁▁▁▁▁▁▁▁▁▁▁▁▁▁▁▁█
wandb:              month-wise/lr_sb_best/QS_sample_mean ▁
wandb:                                  month-wise/month ▂▃▃▃▃▆▆█▁▂▃▅▅██▂▂▃▅▆▁▁▂▂▆▇▂▃▃▅▁▂▃▃▄▆▆▇▇█
wandb:             step-wise/by_ns_best/Brier_cls_sample ▇████▇▇▆▆▇▇▇▇▆▆▆▆▇▇▆▆▆▆▆▅▅▄▅▄▃▂▂▂▁▁▁
wandb:        step-wise/by_ns_best/Brier_cls_sample_mean ▁
wandb:             step-wise/by_os_best/Brier_cls_sample ▁▃▃▃▄▄▄▄▄▄▅▄▄▄▄▅▆▅▅▅▅▆▇▇██▇█▇▇▇▇▆▆▆▆
wandb:        step-wise/by_os_best/Brier_cls_sample_mean ▁
wandb:             step-wise/by_sb_best/Brier_cls_sample ▁▁▂▂▂▂▂▂▂▂▃▃▃▃▄▄▅▅▅▅▅▅▅▆▆▆▆▆▆▆▆▇▇▇██
wandb:        step-wise/by_sb_best/Brier_cls_sample_mean ▁
wandb:                         step-wise/lr_ns_best/CRPS ██▇▆▆▆▅▅▅▅▅▄▃▃▂▂▂▂▂▂▂▂▂▂▂▂▂▂▂▁▁▁▁▁▁▁
wandb:                    step-wise/lr_ns_best/CRPS_mean ▁
wandb:                   step-wise/lr_ns_best/MCR_sample ▄▂▁▁▁▂▂▂▂▁▂▂▃▃▄▄▄▄▄▄▄▄▅▅▅▅▅▅▆▆▆█▇▆▆▆
wandb:              step-wise/lr_ns_best/MCR_sample_mean ▁
wandb:                    step-wise/lr_ns_best/QS_sample ███▇▆▆▆▆▆▆▅▅▃▃▃▂▃▃▃▂▂▂▂▂▂▂▂▂▂▁▁▁▁▁▁▁
wandb:               step-wise/lr_ns_best/QS_sample_mean ▁
wandb:                         step-wise/lr_os_best/CRPS ▁▁▂▁▁▁▁▁▁▁▁▂▁▁▁▁▂▂▂▂▂▂▄▅▅▆▇████████▇
wandb:                    step-wise/lr_os_best/CRPS_mean ▁
wandb:                   step-wise/lr_os_best/MCR_sample ▃▂█▂▁▁▁▁▁▁▁▁▁▁▁▁▁▁▁▁▁▁▁▁▁▁▁▁▁▁▁▁▁▁▁▁
wandb:              step-wise/lr_os_best/MCR_sample_mean ▁
wandb:                    step-wise/lr_os_best/QS_sample ▁▁▂▁▁▁▁▁▁▁▂▂▁▁▁▂▂▂▂▂▂▂▄▅▅▆▇████████▇
wandb:               step-wise/lr_os_best/QS_sample_mean ▁
wandb:                         step-wise/lr_sb_best/CRPS ▁▁▁▁▁▁▁▁▁▁▁▁▁▁▁▁▁▁▁▁▁▁▁▁▁▁▁▁▁▂▂▂▂▂▂█
wandb:                    step-wise/lr_sb_best/CRPS_mean ▁
wandb:                   step-wise/lr_sb_best/MCR_sample █▇▄▃▂▂▂▂▃▂▂▂▂▂▂▂▂▁▂▂▂▂▂▂▂▂▁▂▁▁▁▁▁▁▁▁
wandb:              step-wise/lr_sb_best/MCR_sample_mean ▁
wandb:                    step-wise/lr_sb_best/QS_sample ▁▁▁▁▁▁▁▁▁▁▁▁▁▁▁▁▁▁▁▁▁▁▁▁▁▁▁▁▁▂▂▂▂▂▂█
wandb:               step-wise/lr_sb_best/QS_sample_mean ▁
wandb:                                    step-wise/step ▄▄▄▇▇▁▄▆▇▇▁▁▂▂▃▅▅▆▆▇█▁▂▃▅███▃▄▇▇▁▂▃▅▅▆▇█
wandb:      time-series-wise/by_ns_best/Brier_cls_sample █▆▅▅▅▄▃▃▃▂▂▁▁
wandb: time-series-wise/by_ns_best/Brier_cls_sample_mean ▁
wandb:      time-series-wise/by_os_best/Brier_cls_sample ▁▂▂▄▅▆▆▇█████
wandb: time-series-wise/by_os_best/Brier_cls_sample_mean ▁
wandb:      time-series-wise/by_sb_best/Brier_cls_sample ▁▂▂▂▂▃▄▄▅▅▆▇█
wandb: time-series-wise/by_sb_best/Brier_cls_sample_mean ▁
wandb:                  time-series-wise/lr_ns_best/CRPS █▇▆▅▅▅▄▄▄▃▃▂▁
wandb:             time-series-wise/lr_ns_best/CRPS_mean ▁
wandb:            time-series-wise/lr_ns_best/MCR_sample ▁▂▂▃▃▅▄▄▃▅▅▆█
wandb:       time-series-wise/lr_ns_best/MCR_sample_mean ▁
wandb:             time-series-wise/lr_ns_best/QS_sample █▇▆▅▅▅▄▄▄▃▃▂▁
wandb:        time-series-wise/lr_ns_best/QS_sample_mean ▁
wandb:                  time-series-wise/lr_os_best/CRPS ▁▂▃▅▆▆▆▇▇▇███
wandb:             time-series-wise/lr_os_best/CRPS_mean ▁
wandb:            time-series-wise/lr_os_best/MCR_sample ▂▂▂▁▁▁▁▁▁▁█▁▁
wandb:       time-series-wise/lr_os_best/MCR_sample_mean ▁
wandb:             time-series-wise/lr_os_best/QS_sample ▁▂▃▄▆▆▆▇▇▇█▇█
wandb:        time-series-wise/lr_os_best/QS_sample_mean ▁
wandb:                  time-series-wise/lr_sb_best/CRPS ▁▁▁▁▁▁▁▁▁▁▁▂█
wandb:             time-series-wise/lr_sb_best/CRPS_mean ▁
wandb:            time-series-wise/lr_sb_best/MCR_sample ▆▅▅▆▆▅█▅▄▆▃▄▁
wandb:       time-series-wise/lr_sb_best/MCR_sample_mean ▁
wandb:             time-series-wise/lr_sb_best/QS_sample ▁▁▁▁▁▁▁▁▁▁▂▂█
wandb:        time-series-wise/lr_sb_best/QS_sample_mean ▁
wandb:                      time-series-wise/time-series ▁▂▃▄▅▇██▁▂▃▄▅▇███▁▂▃▅▆▇▇██▁▂▅▅▇▁▂▂▅▇██▁▂
wandb: 
wandb: Run summary:
wandb:            month-wise/by_ns_best/Brier_cls_sample 0.00221
wandb:       month-wise/by_ns_best/Brier_cls_sample_mean 0.00297
wandb:            month-wise/by_os_best/Brier_cls_sample 0.0051
wandb:       month-wise/by_os_best/Brier_cls_sample_mean 0.00455
wandb:            month-wise/by_sb_best/Brier_cls_sample 0.01141
wandb:       month-wise/by_sb_best/Brier_cls_sample_mean 0.00894
wandb:                        month-wise/lr_ns_best/CRPS 0.02159
wandb:                   month-wise/lr_ns_best/CRPS_mean 0.04689
wandb:                  month-wise/lr_ns_best/MCR_sample 0.44591
wandb:             month-wise/lr_ns_best/MCR_sample_mean 0.3175
wandb:                   month-wise/lr_ns_best/QS_sample 0.02202
wandb:              month-wise/lr_ns_best/QS_sample_mean 0.04628
wandb:                        month-wise/lr_os_best/CRPS 0.08854
wandb:                   month-wise/lr_os_best/CRPS_mean 0.04389
wandb:                  month-wise/lr_os_best/MCR_sample 0.03767
wandb:             month-wise/lr_os_best/MCR_sample_mean 0.20426
wandb:                   month-wise/lr_os_best/QS_sample 0.08789
wandb:              month-wise/lr_os_best/QS_sample_mean 0.04363
wandb:                        month-wise/lr_sb_best/CRPS 8.80199
wandb:                   month-wise/lr_sb_best/CRPS_mean 0.33497
wandb:                  month-wise/lr_sb_best/MCR_sample 0.00157
wandb:             month-wise/lr_sb_best/MCR_sample_mean 0.21462
wandb:                   month-wise/lr_sb_best/QS_sample 8.71427
wandb:              month-wise/lr_sb_best/QS_sample_mean 0.33022
wandb:                                  month-wise/month 504
wandb:             step-wise/by_ns_best/Brier_cls_sample 0.00229
wandb:        step-wise/by_ns_best/Brier_cls_sample_mean 0.00298
wandb:             step-wise/by_os_best/Brier_cls_sample 0.00476
wandb:        step-wise/by_os_best/Brier_cls_sample_mean 0.00464
wandb:             step-wise/by_sb_best/Brier_cls_sample 0.01041
wandb:        step-wise/by_sb_best/Brier_cls_sample_mean 0.00882
wandb:                         step-wise/lr_ns_best/CRPS 0.0279
wandb:                    step-wise/lr_ns_best/CRPS_mean 0.04399
wandb:                   step-wise/lr_ns_best/MCR_sample 0.35795
wandb:              step-wise/lr_ns_best/MCR_sample_mean 0.26405
wandb:                    step-wise/lr_ns_best/QS_sample 0.02815
wandb:               step-wise/lr_ns_best/QS_sample_mean 0.04375
wandb:                         step-wise/lr_os_best/CRPS 0.06744
wandb:                    step-wise/lr_os_best/CRPS_mean 0.04544
wandb:                   step-wise/lr_os_best/MCR_sample 0.06387
wandb:              step-wise/lr_os_best/MCR_sample_mean 0.17077
wandb:                    step-wise/lr_os_best/QS_sample 0.06695
wandb:               step-wise/lr_os_best/QS_sample_mean 0.04523
wandb:                         step-wise/lr_sb_best/CRPS 0.87531
wandb:                    step-wise/lr_sb_best/CRPS_mean 0.15971
wandb:                   step-wise/lr_sb_best/MCR_sample 0.01235
wandb:              step-wise/lr_sb_best/MCR_sample_mean 0.15952
wandb:                    step-wise/lr_sb_best/QS_sample 0.86672
wandb:               step-wise/lr_sb_best/QS_sample_mean 0.15745
wandb:                                    step-wise/step 36
wandb:      time-series-wise/by_ns_best/Brier_cls_sample 0.00283
wandb: time-series-wise/by_ns_best/Brier_cls_sample_mean 0.00298
wandb:      time-series-wise/by_os_best/Brier_cls_sample 0.00472
wandb: time-series-wise/by_os_best/Brier_cls_sample_mean 0.00464
wandb:      time-series-wise/by_sb_best/Brier_cls_sample 0.00935
wandb: time-series-wise/by_sb_best/Brier_cls_sample_mean 0.00882
wandb:                  time-series-wise/lr_ns_best/CRPS 0.03488
wandb:             time-series-wise/lr_ns_best/CRPS_mean 0.04399
wandb:            time-series-wise/lr_ns_best/MCR_sample 0.30109
wandb:       time-series-wise/lr_ns_best/MCR_sample_mean 0.2428
wandb:             time-series-wise/lr_ns_best/QS_sample 0.03508
wandb:        time-series-wise/lr_ns_best/QS_sample_mean 0.04375
wandb:                  time-series-wise/lr_os_best/CRPS 0.04976
wandb:             time-series-wise/lr_os_best/CRPS_mean 0.04544
wandb:            time-series-wise/lr_os_best/MCR_sample 0.09334
wandb:       time-series-wise/lr_os_best/MCR_sample_mean 0.13141
wandb:             time-series-wise/lr_os_best/QS_sample 0.0493
wandb:        time-series-wise/lr_os_best/QS_sample_mean 0.04523
wandb:                  time-series-wise/lr_sb_best/CRPS 0.39799
wandb:             time-series-wise/lr_sb_best/CRPS_mean 0.15971
wandb:            time-series-wise/lr_sb_best/MCR_sample 0.07972
wandb:       time-series-wise/lr_sb_best/MCR_sample_mean 0.14369
wandb:             time-series-wise/lr_sb_best/QS_sample 0.39385
wandb:        time-series-wise/lr_sb_best/QS_sample_mean 0.15745
wandb:                      time-series-wise/time-series 12
wandb: 
wandb: 🚀 View run hopeful-forest-68 at: https://wandb.ai/views_pipeline/truncated_smoke_calibration/runs/0s6bl61u
wandb: ⭐️ View project at: https://wandb.ai/views_pipeline/truncated_smoke_calibration
wandb: Synced 5 W&B file(s), 0 media file(s), 36 artifact file(s) and 36 other file(s)
wandb: Find logs at: ./wandb/run-20260816_150935-0s6bl61u/logs


wrote /home/simon/Documents/scripts/views_platform/views-hydranet/reports/2026-08-16_feedback_realism_dossier/results/score_truncated_smoke_corr0.5.csv  (7 rows: 1 models × 1 targets × 7 h)

=== sb: crps_all / mcr_none by horizon ===
h           1      6      12     18     24     30     36
model                                                   
corr0.5 0.1508 0.1183 0.1126 0.1353 0.1338 0.1694 0.8753

