origin,sample_idx,step,target_idx,n_cells,n_active,active_fraction,mean_magnitude_on_active,persistence,neighbour_pairs_per_active
335,0,1,0,32400,216,0.006666666666666667,17.73611068725586,-1.0,0.5
335,0,1,1,32400,97,0.002993827160493827,16.257732391357422,-1.0,0.030927835051546393
335,0,1,2,32400,48,0.0014814814814814814,22.958335876464844,-1.0,0.0625
335,0,2,0,32400,267,0.008240740740740741,31.636701583862305,0.5185185185185185,0.49812734082397003
335,0,2,1,32400,108,0.0033333333333333335,19.055553436279297,0.07216494845360824,0.009259259259259259
335,0,2,2,32400,69,0.0021296296296296298,32.92753219604492,0.14583333333333334,0.043478260869565216
335,0,3,0,32400,306,0.009444444444444445,26.013072967529297,0.49063670411985016,0.5816993464052288
335,0,3,1,32400,88,0.0027160493827160493,10.704546928405762,0.08333333333333333,0.0
335,0,3,2,32400,76,0.002345679012345679,42.14472961425781,0.14492753623188406,0.06578947368421052
335,0,4,0,32400,345,0.010648148148148148,12.324638366699219,0.5130718954248366,0.5333333333333333
335,0,4,1,32400,71,0.002191358024691358,11.183098793029785,0.0,0.0
335,0,4,2,32400,76,0.002345679012345679,27.118427276611328,0.15789473684210525,0.039473684210526314
335,0,5,0,32400,350,0.010802469135802469,12.374285697937012,0.5043478260869565,0.6085714285714285
335,0,5,1,32400,72,0.0022222222222222222,14.972222328186035,0.028169014084507043,0.0
335,0,5,2,32400,79,0.0024382716049382715,9.620253562927246,0.2236842105263158,0.08860759493670886
335,0,6,0,32400,368,0.011358024691358024,15.644021987915039,0.5314285714285715,0.6086956521739131
335,0,6,1,32400,91,0.002808641975308642,10.549450874328613,0.041666666666666664,0.0
335,0,6,2,32400,114,0.0035185185185185185,12.85087776184082,0.24050632911392406,0.14035087719298245
335,0,7,0,32400,424,0.01308641975308642,13.830188751220703,0.5706521739130435,0.6886792452830188
335,0,7,1,32400,79,0.0024382716049382715,15.202531814575195,0.06593406593406594,0.0
335,0,7,2,32400,103,0.0031790123456790125,10.194174766540527,0.2543859649122807,0.3106796116504854
335,0,8,0,32400,451,0.013919753086419753,10.733924865722656,0.5683962264150944,0.7649667405764967
335,0,8,1,32400,72,0.0022222222222222222,18.04166603088379,0.12658227848101267,0.0
335,0,8,2,32400,133,0.004104938271604938,9.067669868469238,0.39805825242718446,0.42857142857142855
335,0,9,0,32400,491,0.015154320987654322,13.061100006103516,0.5764966740576497,0.7820773930753564
335,0,9,1,32400,90,0.002777777777777778,11.711111068725586,0.1111111111111111,0.03333333333333333
335,0,9,2,32400,132,0.004074074074074074,11.371212005615234,0.40601503759398494,0.3409090909090909
335,0,10,0,32400,530,0.016358024691358025,13.962264060974121,0.6171079429735234,0.8905660377358491
335,0,10,1,32400,82,0.0025308641975308644,10.109755516052246,0.12222222222222222,0.0
335,0,10,2,32400,144,0.0044444444444444444,19.11111068725586,0.4621212121212121,0.4513888888888889
335,0,11,0,32400,586,0.01808641975308642,15.865187644958496,0.6528301886792452,0.9453924914675768
335,0,11,1,32400,73,0.0022530864197530865,29.73972511291504,0.06097560975609756,0.0136986301369863
335,0,11,2,32400,170,0.005246913580246914,8.84705924987793,0.5,0.4411764705882353
335,0,12,0,32400,606,0.018703703703703705,17.52475357055664,0.6399317406143344,0.9207920792079208
335,0,12,1,32400,100,0.0030864197530864196,42.31999969482422,0.0684931506849315,0.0
335,0,12,2,32400,174,0.00537037037037037,11.114943504333496,0.48823529411764705,0.40229885057471265
335,0,13,0,32400,683,0.021080246913580247,12.888726234436035,0.6798679867986799,0.95900439238653
335,0,13,1,32400,83,0.0025617283950617282,13.578312873840332,0.05,0.0
335,0,13,2,32400,192,0.005925925925925926,14.234375,0.5057471264367817,0.4114583333333333
335,0,14,0,32400,805,0.02484567901234568,9.53167724609375,0.718887262079063,1.0844720496894409
335,0,14,1,32400,86,0.002654320987654321,9.197674751281738,0.08433734939759036,0.011627906976744186
335,0,14,2,32400,244,0.007530864197530864,9.881147384643555,0.5416666666666666,0.5450819672131147
335,0,15,0,32400,844,0.026049382716049382,15.033175468444824,0.698136645962733,1.1042654028436019
335,0,15,1,32400,82,0.0025308641975308644,12.170731544494629,0.05813953488372093,0.0
335,0,15,2,32400,264,0.008148148148148147,15.299242973327637,0.6065573770491803,0.6401515151515151
335,0,16,0,32400,913,0.028179012345679013,10.266156196594238,0.7322274881516587,1.1664841182913472
335,0,16,1,32400,100,0.0030864197530864196,9.429999351501465,0.04878048780487805,0.0
335,0,16,2,32400,344,0.010617283950617284,8.930233001708984,0.6590909090909091,0.6627906976744186
335,0,17,0,32400,951,0.02935185185185185,12.64037799835205,0.7360350492880613,1.1829652996845426
335,0,17,1,32400,102,0.003148148148148148,9.892157554626465,0.09,0.0
335,0,17,2,32400,350,0.010802469135802469,13.168571472167969,0.6104651162790697,0.7057142857142857
335,0,18,0,32400,1039,0.0320679012345679,13.152069091796875,0.7728706624605678,1.2281039461020211
335,0,18,1,32400,72,0.0022222222222222222,18.54166603088379,0.049019607843137254,0.027777777777777776
335,0,18,2,32400,383,0.011820987654320988,12.720626831054688,0.64,0.7284595300261096
335,0,19,0,32400,1148,0.0354320987654321,10.470383644104004,0.8026948989412896,1.2822299651567943
335,0,19,1,32400,76,0.002345679012345679,8.447368621826172,0.05555555555555555,0.0
335,0,19,2,32400,466,0.014382716049382717,9.238197326660156,0.6684073107049608,0.7060085836909872
335,0,20,0,32400,1206,0.03722222222222222,15.345770835876465,0.7621951219512195,1.2271973466003316
335,0,20,1,32400,75,0.0023148148148148147,27.80000114440918,0.039473684210526314,0.0
335,0,20,2,32400,439,0.013549382716049383,12.712985038757324,0.6094420600858369,0.724373576309795
335,0,21,0,32400,1327,0.04095679012345679,9.897513389587402,0.7802653399668324,1.2524491333835719
335,0,21,1,32400,77,0.0023765432098765433,9.051947593688965,0.06666666666666667,0.0
335,0,21,2,32400,484,0.01493827160493827,9.427685737609863,0.6537585421412301,0.7107438016528925
335,0,22,0,32400,1439,0.04441358024691358,11.40931224822998,0.8010550113036925,1.2974287699791522
335,0,22,1,32400,88,0.0027160493827160493,9.943181991577148,0.03896103896103896,0.0
335,0,22,2,32400,540,0.016666666666666666,11.188888549804688,0.6694214876033058,0.7314814814814815
335,0,23,0,32400,1519,0.04688271604938272,11.200789451599121,0.8214037526059764,1.3844634628044765
335,0,23,1,32400,73,0.0022530864197530865,19.46575355529785,0.045454545454545456,0.0
335,0,23,2,32400,599,0.018487654320987656,12.16694450378418,0.6592592592592592,0.7512520868113522
335,0,24,0,32400,1677,0.05175925925925926,10.721526145935059,0.8499012508229098,1.3762671437090042
335,0,24,1,32400,103,0.0031790123456790125,18.203886032104492,0.0821917808219178,0.0
335,0,24,2,32400,693,0.021388888888888888,12.18614673614502,0.6894824707846411,0.7676767676767676
335,0,25,0,32400,1794,0.05537037037037037,15.519510269165039,0.8145497912939773,1.3567447045707914
335,0,25,1,32400,83,0.0025617283950617282,28.674697875976562,0.11650485436893204,0.012048192771084338
335,0,25,2,32400,748,0.02308641975308642,15.96925163269043,0.6883116883116883,0.81951871657754
335,0,26,0,32400,2052,0.06333333333333334,13.280701637268066,0.8517279821627648,1.422514619883041
335,0,26,1,32400,99,0.0030555555555555557,6.161616325378418,0.13253012048192772,0.0
335,0,26,2,32400,886,0.027345679012345678,12.170429229736328,0.7633689839572193,0.9006772009029346
335,0,27,0,32400,2134,0.0658641975308642,13.96157455444336,0.8226120857699805,1.4315838800374883
335,0,27,1,32400,82,0.0025308641975308644,11.390243530273438,0.0707070707070707,0.0
335,0,27,2,32400,972,0.03,14.641974449157715,0.7302483069977427,0.8755144032921811
335,0,28,0,32400,2423,0.07478395061728395,10.0189847946167,0.8603561387066542,1.4490301279405695
335,0,28,1,32400,84,0.0025925925925925925,9.428571701049805,0.06097560975609756,0.011904761904761904
335,0,28,2,32400,1134,0.035,10.72486686706543,0.7613168724279835,0.95326278659612
335,0,29,0,32400,2574,0.07944444444444444,11.788267135620117,0.8431696244325216,1.4665889665889666
335,0,29,1,32400,80,0.0024691358024691358,11.737500190734863,0.047619047619047616,0.0
335,0,29,2,32400,1192,0.03679012345679012,10.395133972167969,0.7178130511463845,0.9018456375838926
335,0,30,0,32400,2805,0.08657407407407407,9.778965950012207,0.8698523698523698,1.5094474153297683
335,0,30,1,32400,72,0.0022222222222222222,12.347221374511719,0.05,0.013888888888888888
335,0,30,2,32400,1305,0.04027777777777778,9.337164878845215,0.7541946308724832,0.9310344827586207
335,0,31,0,32400,2930,0.0904320987654321,8.819794654846191,0.8606060606060606,1.5061433447098975
335,0,31,1,32400,79,0.0024382716049382715,8.911392211914062,0.08333333333333333,0.0
335,0,31,2,32400,1357,0.041882716049382714,8.673544883728027,0.7379310344827587,0.9049373618275608
335,0,32,0,32400,3040,0.09382716049382717,14.186513900756836,0.8648464163822526,1.5013157894736842
335,0,32,1,32400,72,0.0022222222222222222,15.13888931274414,0.05063291139240506,0.013888888888888888
335,0,32,2,32400,1471,0.04540123456790123,12.533650398254395,0.7752394988946205,0.9272603670972128
335,0,33,0,32400,3256,0.10049382716049382,7.946252822875977,0.8822368421052632,1.518120393120393
335,0,33,1,32400,74,0.002283950617283951,8.770270347595215,0.041666666666666664,0.0
335,0,33,2,32400,1545,0.047685185185185185,7.568931579589844,0.7579877634262406,0.9288025889967637
335,0,34,0,32400,3319,0.10243827160493828,8.57637882232666,0.8645577395577395,1.4884001205182285
335,0,34,1,32400,71,0.002191358024691358,10.901408195495605,0.05405405405405406,0.0
335,0,34,2,32400,1508,0.04654320987654321,9.19031810760498,0.7385113268608414,0.8852785145888594
335,0,35,0,32400,3436,0.10604938271604938,24.043655395507812,0.8577884905091895,1.4947613504074506
335,0,35,1,32400,77,0.0023765432098765433,16.805194854736328,0.09859154929577464,0.0
335,0,35,2,32400,1572,0.048518518518518516,21.98409652709961,0.7506631299734748,0.8702290076335878
335,1,1,0,32400,214,0.0066049382716049385,17.467288970947266,-1.0,0.5093457943925234
335,1,1,1,32400,94,0.0029012345679012346,11.489361763000488,-1.0,0.0
335,1,1,2,32400,59,0.0018209876543209876,13.949153900146484,-1.0,0.03389830508474576
335,1,2,0,32400,270,0.008333333333333333,15.633333206176758,0.5046728971962616,0.6259259259259259
335,1,2,1,32400,106,0.003271604938271605,45.73583984375,0.06382978723404255,0.0
335,1,2,2,32400,70,0.0021604938271604936,10.214285850524902,0.2033898305084746,0.1
335,1,3,0,32400,318,0.009814814814814814,28.018863677978516,0.5037037037037037,0.610062893081761
335,1,3,1,32400,99,0.0030555555555555557,20.636363983154297,0.08490566037735849,0.0
335,1,3,2,32400,90,0.002777777777777778,52.11111068725586,0.21428571428571427,0.06666666666666667
335,1,4,0,32400,383,0.011820987654320988,14.415143966674805,0.5408805031446541,0.6631853785900783
335,1,4,1,32400,75,0.0023148148148148147,11.026666641235352,0.030303030303030304,0.013333333333333334
335,1,4,2,32400,104,0.0032098765432098763,11.644230842590332,0.2222222222222222,0.09615384615384616
335,1,5,0,32400,457,0.014104938271604939,12.39387321472168,0.5691906005221932,0.787746170678337
335,1,5,1,32400,74,0.002283950617283951,10.108108520507812,0.04,0.0
335,1,5,2,32400,113,0.003487654320987654,8.150442123413086,0.27884615384615385,0.25663716814159293
335,1,6,0,32400,493,0.015216049382716049,15.527383804321289,0.6170678336980306,0.8336713995943205
335,1,6,1,32400,88,0.0027160493827160493,13.147727966308594,0.04054054054054054,0.022727272727272728
335,1,6,2,32400,125,0.0038580246913580245,16.61600112915039,0.336283185840708,0.216
335,1,7,0,32400,562,0.01734567901234568,16.060497283935547,0.6511156186612576,0.9145907473309609
335,1,7,1,32400,87,0.002685185185185185,10.0,0.06818181818181818,0.011494252873563218
335,1,7,2,32400,169,0.005216049382716049,19.28402328491211,0.384,0.39644970414201186
335,1,8,0,32400,672,0.02074074074074074,12.141368865966797,0.6761565836298933,0.9464285714285714
335,1,8,1,32400,75,0.0023148148148148147,10.706666946411133,0.06896551724137931,0.013333333333333334
335,1,8,2,32400,194,0.005987654320987654,11.628865242004395,0.46153846153846156,0.39690721649484534
335,1,9,0,32400,688,0.02123456790123457,16.58866310119629,0.6666666666666666,1.0145348837209303
335,1,9,1,32400,104,0.0032098765432098763,12.115385055541992,0.05333333333333334,0.0
335,1,9,2,32400,210,0.006481481481481481,13.447620391845703,0.4690721649484536,0.49523809523809526
335,1,10,0,32400,803,0.024783950617283952,13.50311279296875,0.7296511627906976,1.0423412204234122
335,1,10,1,32400,89,0.0027469135802469136,9.539325714111328,0.07692307692307693,0.0
335,1,10,2,32400,232,0.007160493827160494,8.637930870056152,0.48095238095238096,0.5043103448275862
335,1,11,0,32400,891,0.0275,17.637487411499023,0.726027397260274,1.079685746352413
335,1,11,1,32400,101,0.003117283950617284,31.405941009521484,0.033707865168539325,0.0
335,1,11,2,32400,246,0.007592592592592593,18.939023971557617,0.5431034482758621,0.45528455284552843
335,1,12,0,32400,930,0.028703703703703703,16.92795753479004,0.7025813692480359,1.0870967741935484
335,1,12,1,32400,93,0.0028703703703703703,23.4946231842041,0.10891089108910891,0.0
335,1,12,2,32400,304,0.009382716049382716,15.023026466369629,0.5975609756097561,0.5723684210526315
335,1,13,0,32400,1008,0.03111111111111111,14.240079879760742,0.7430107526881721,1.2033730158730158
335,1,13,1,32400,87,0.002685185185185185,19.58620834350586,0.07526881720430108,0.0
335,1,13,2,32400,330,0.010185185185185186,15.396968841552734,0.5822368421052632,0.5272727272727272
335,1,14,0,32400,1174,0.03623456790123457,9.795570373535156,0.8065476190476191,1.278534923339012
335,1,14,1,32400,105,0.0032407407407407406,12.361905097961426,0.04597701149425287,0.0
335,1,14,2,32400,406,0.012530864197530864,10.320197105407715,0.6151515151515151,0.6403940886699507
335,1,15,0,32400,1249,0.03854938271604938,12.936749458312988,0.7836456558773425,1.2754203362690153
335,1,15,1,32400,98,0.0030246913580246914,5.571428298950195,0.047619047619047616,0.0
335,1,15,2,32400,481,0.014845679012345679,13.781704902648926,0.6527093596059114,0.735966735966736
335,1,16,0,32400,1368,0.042222222222222223,9.511695861816406,0.8030424339471577,1.2858187134502923
335,1,16,1,32400,61,0.001882716049382716,8.114753723144531,0.01020408163265306,0.0
335,1,16,2,32400,510,0.01574074074074074,8.582353591918945,0.6777546777546778,0.7490196078431373
335,1,17,0,32400,1423,0.04391975308641975,12.210119247436523,0.7741228070175439,1.236120871398454
335,1,17,1,32400,90,0.002777777777777778,10.800000190734863,0.06557377049180328,0.0
335,1,17,2,32400,566,0.017469135802469136,11.637809753417969,0.6980392156862745,0.7826855123674912
335,1,18,0,32400,1568,0.04839506172839506,13.609055519104004,0.7926914968376669,1.3035714285714286
335,1,18,1,32400,95,0.002932098765432099,8.873684883117676,0.05555555555555555,0.0
335,1,18,2,32400,649,0.020030864197530866,12.030817031860352,0.696113074204947,0.7534668721109399
335,1,19,0,32400,1810,0.0558641975308642,10.305524826049805,0.8431122448979592,1.3386740331491713
335,1,19,1,32400,90,0.002777777777777778,11.844444274902344,0.042105263157894736,0.0
335,1,19,2,32400,715,0.0220679012345679,9.422377586364746,0.7103235747303543,0.779020979020979
335,1,20,0,32400,1858,0.05734567901234568,15.401506423950195,0.8005524861878454,1.3433799784714746
335,1,20,1,32400,92,0.002839506172839506,27.85869789123535,0.06666666666666667,0.0
335,1,20,2,32400,699,0.021574074074074075,19.712448120117188,0.6559440559440559,0.7195994277539342
335,1,21,0,32400,2013,0.06212962962962963,9.063090324401855,0.8245425188374597,1.3224043715846994
335,1,21,1,32400,95,0.002932098765432099,8.484210968017578,0.09782608695652174,0.010526315789473684
335,1,21,2,32400,807,0.024907407407407406,9.7583646774292,0.7052932761087267,0.7856257744733581
335,1,22,0,32400,2193,0.06768518518518518,11.276789665222168,0.8360655737704918,1.35202918376653
335,1,22,1,32400,106,0.003271604938271605,7.839622974395752,0.08421052631578947,0.009433962264150943
335,1,22,2,32400,891,0.0275,11.139169692993164,0.7063197026022305,0.7934904601571269
335,1,23,0,32400,2341,0.07225308641975309,12.945749282836914,0.8353853169174646,1.3408799658265698
335,1,23,1,32400,83,0.0025617283950617282,13.457830429077148,0.05660377358490566,0.0
335,1,23,2,32400,946,0.029197530864197532,12.320296287536621,0.7059483726150393,0.7748414376321353
335,1,24,0,32400,2624,0.08098765432098766,13.099848747253418,0.8556172575822298,1.407393292682927
335,1,24,1,32400,92,0.002839506172839506,10.42391300201416,0.060240963855421686,0.0
335,1,24,2,32400,1152,0.035555555555555556,15.563369750976562,0.781183932346723,0.8663194444444444
335,1,25,0,32400,2909,0.08978395061728395,14.333104133605957,0.8635670731707317,1.4197318666208318
335,1,25,1,32400,82,0.0025308641975308644,17.841463088989258,0.13043478260869565,0.012195121951219513
335,1,25,2,32400,1314,0.04055555555555555,16.716896057128906,0.7552083333333334,0.9071537290715372
335,1,26,0,32400,3260,0.10061728395061728,12.949999809265137,0.8759023719491235,1.5049079754601227
335,1,26,1,32400,78,0.0024074074074074076,8.51282024383545,0.13414634146341464,0.0
335,1,26,2,32400,1583,0.048858024691358026,11.184459686279297,0.8112633181126332,1.005685407454201
335,1,27,0,32400,3403,0.10503086419753087,13.809873580932617,0.8634969325153374,1.5007346459006758
335,1,27,1,32400,91,0.002808641975308642,13.813187599182129,0.07692307692307693,0.0
335,1,27,2,32400,1595,0.049228395061728394,15.344827651977539,0.7428932406822489,0.9385579937304075
335,1,28,0,32400,3753,0.11583333333333333,9.471356391906738,0.8927416985013223,1.5563549160671464
335,1,28,1,32400,96,0.002962962962962963,8.385416984558105,0.15384615384615385,0.010416666666666666
335,1,28,2,32400,1883,0.058117283950617285,9.473711967468262,0.8181818181818182,1.0292087095061073
335,1,29,0,32400,3881,0.11978395061728395,11.57021427154541,0.869970690114575,1.5179077557330585
335,1,29,1,32400,86,0.002654320987654321,9.860465049743652,0.08333333333333333,0.0
335,1,29,2,32400,1906,0.05882716049382716,11.886672973632812,0.7604885820499203,0.9606505771248688
335,1,30,0,32400,4159,0.1283641975308642,9.55229663848877,0.892553465601649,1.5316181774465016
335,1,30,1,32400,74,0.002283950617283951,11.702702522277832,0.05813953488372093,0.0
335,1,30,2,32400,2053,0.0633641975308642,10.33901596069336,0.7869884575026233,0.988309790550414
335,1,31,0,32400,4314,0.13314814814814815,8.689383506774902,0.8740081750420774,1.5252665739452944
335,1,31,1,32400,72,0.0022222222222222222,7.708333492279053,0.02702702702702703,0.0
335,1,31,2,32400,2135,0.06589506172839506,9.395316123962402,0.784218217243059,0.9868852459016394
335,1,32,0,32400,4553,0.1405246913580247,14.435976028442383,0.8885025498377376,1.518778827146936
335,1,32,1,32400,80,0.0024691358024691358,14.162500381469727,0.08333333333333333,0.0125
335,1,32,2,32400,2295,0.07083333333333333,15.125055313110352,0.780327868852459,0.9769063180827887
335,1,33,0,32400,4867,0.15021604938271604,7.718512058258057,0.8947946408961125,1.5490034929114445
335,1,33,1,32400,82,0.0025308641975308644,6.268292427062988,0.1125,0.012195121951219513
335,1,33,2,32400,2468,0.07617283950617285,8.087520599365234,0.7934640522875817,1.0093192868719612
335,1,34,0,32400,4790,0.1478395061728395,8.69206714630127,0.857201561536881,1.5022964509394572
335,1,34,1,32400,75,0.0023148148148148147,8.320000648498535,0.04878048780487805,0.0
335,1,34,2,32400,2454,0.07574074074074075,8.536674499511719,0.7576985413290114,0.9555827220863896
335,1,35,0,32400,5012,0.15469135802469136,20.57681655883789,0.8883089770354906,1.508978451715882
335,1,35,1,32400,82,0.0025308641975308644,31.073171615600586,0.02666666666666667,0.0
335,1,35,2,32400,2447,0.0755246913580247,21.741724014282227,0.7510187449062755,0.9256232120964446
335,2,1,0,32400,207,0.006388888888888889,18.676328659057617,-1.0,0.6038647342995169
335,2,1,1,32400,103,0.0031790123456790125,14.563106536865234,-1.0,0.0
335,2,1,2,32400,59,0.0018209876543209876,29.576274871826172,-1.0,0.05084745762711865
335,2,2,0,32400,307,0.009475308641975308,34.19217300415039,0.5458937198067633,0.5895765472312704
335,2,2,1,32400,102,0.003148148148148148,36.75489807128906,0.08737864077669903,0.00980392156862745
335,2,2,2,32400,76,0.002345679012345679,18.697368621826172,0.15254237288135594,0.039473684210526314
335,2,3,0,32400,353,0.010895061728395062,36.8101921081543,0.4755700325732899,0.6458923512747875
335,2,3,1,32400,89,0.0027469135802469136,19.337080001831055,0.10784313725490197,0.011235955056179775
335,2,3,2,32400,86,0.002654320987654321,8.813953399658203,0.18421052631578946,0.20930232558139536
335,2,4,0,32400,397,0.012253086419753086,11.72544002532959,0.5070821529745042,0.7581863979848866
335,2,4,1,32400,104,0.0032098765432098763,25.701929092407227,0.06741573033707865,0.019230769230769232
335,2,4,2,32400,104,0.0032098765432098763,8.125,0.2441860465116279,0.23076923076923078
335,2,5,0,32400,419,0.0129320987654321,12.0453462600708,0.5239294710327456,0.7494033412887828
335,2,5,1,32400,87,0.002685185185185185,10.574712753295898,0.08653846153846154,0.0
335,2,5,2,32400,132,0.004074074074074074,12.265151977539062,0.375,0.4015151515151515
335,2,6,0,32400,461,0.014228395061728395,15.577006340026855,0.568019093078759,0.9045553145336226
335,2,6,1,32400,92,0.002839506172839506,14.880435943603516,0.06896551724137931,0.0
335,2,6,2,32400,148,0.004567901234567902,24.23649024963379,0.44696969696969696,0.4527027027027027
335,2,7,0,32400,537,0.016574074074074074,16.731843948364258,0.6616052060737527,0.9813780260707635
335,2,7,1,32400,89,0.0027469135802469136,11.85393238067627,0.05434782608695652,0.011235955056179775
335,2,7,2,32400,199,0.006141975308641976,18.462310791015625,0.5472972972972973,0.5979899497487438
335,2,8,0,32400,643,0.019845679012345678,10.326594352722168,0.6945996275605214,1.0404354587869362
335,2,8,1,32400,92,0.002839506172839506,12.586956977844238,0.0449438202247191,0.010869565217391304
335,2,8,2,32400,247,0.007623456790123457,11.931174278259277,0.628140703517588,0.7044534412955465
335,2,9,0,32400,678,0.020925925925925924,15.171091079711914,0.6842923794712286,1.0855457227138643
335,2,9,1,32400,94,0.0029012345679012346,12.255318641662598,0.07608695652173914,0.010638297872340425
335,2,9,2,32400,269,0.00830246913580247,13.799256324768066,0.6072874493927125,0.7546468401486989
335,2,10,0,32400,817,0.02521604938271605,15.139534950256348,0.7610619469026548,1.0966952264381884
335,2,10,1,32400,112,0.0034567901234567903,22.250001907348633,0.0851063829787234,0.0
335,2,10,2,32400,318,0.009814814814814814,14.622640609741211,0.6133828996282528,0.8333333333333334
335,2,11,0,32400,868,0.026790123456790122,20.31797218322754,0.7062423500611995,1.099078341013825
335,2,11,1,32400,87,0.002685185185185185,11.436781883239746,0.10714285714285714,0.0
335,2,11,2,32400,340,0.010493827160493827,22.091176986694336,0.6194968553459119,0.7588235294117647
335,2,12,0,32400,885,0.027314814814814816,16.133333206176758,0.6993087557603687,1.143502824858757
335,2,12,1,32400,77,0.0023765432098765433,19.532466888427734,0.05747126436781609,0.012987012987012988
335,2,12,2,32400,344,0.010617283950617284,15.261628150939941,0.6205882352941177,0.7877906976744186
335,2,13,0,32400,955,0.02947530864197531,12.79162311553955,0.7378531073446327,1.149738219895288
335,2,13,1,32400,84,0.0025925925925925925,10.035714149475098,0.09090909090909091,0.0
335,2,13,2,32400,360,0.011111111111111112,11.236111640930176,0.6308139534883721,0.7777777777777778
335,2,14,0,32400,1082,0.03339506172839506,10.201478958129883,0.7821989528795812,1.2273567467652495
335,2,14,1,32400,83,0.0025617283950617282,7.9156622886657715,0.03571428571428571,0.024096385542168676
335,2,14,2,32400,427,0.013179012345679012,10.367681503295898,0.7027777777777777,0.8243559718969555
335,2,15,0,32400,1184,0.03654320987654321,12.33445930480957,0.7754158964879853,1.1697635135135136
335,2,15,1,32400,67,0.002067901234567901,21.776119232177734,0.04819277108433735,0.0
335,2,15,2,32400,458,0.014135802469135803,15.840611457824707,0.702576112412178,0.8602620087336245
335,2,16,0,32400,1269,0.03916666666666667,9.03388500213623,0.7694256756756757,1.2371946414499606
335,2,16,1,32400,83,0.0025617283950617282,9.228915214538574,0.07462686567164178,0.0
335,2,16,2,32400,500,0.015432098765432098,10.43600082397461,0.7183406113537117,0.932
335,2,17,0,32400,1298,0.04006172839506173,12.783514022827148,0.7565011820330969,1.2503852080123266
335,2,17,1,32400,76,0.002345679012345679,19.23684310913086,0.024096385542168676,0.0
335,2,17,2,32400,523,0.016141975308641976,12.686424255371094,0.678,0.8451242829827916
335,2,18,0,32400,1461,0.045092592592592594,15.017796516418457,0.812788906009245,1.2772073921971252
335,2,18,1,32400,82,0.0025308641975308644,12.426828384399414,0.07894736842105263,0.0
335,2,18,2,32400,599,0.018487654320987656,13.227045059204102,0.7112810707456979,0.8464106844741235
335,2,19,0,32400,1650,0.05092592592592592,9.739999771118164,0.8186173853524983,1.3181818181818181
335,2,19,1,32400,97,0.002993827160493827,8.350515365600586,0.04878048780487805,0.0
335,2,19,2,32400,704,0.021728395061728394,10.774147987365723,0.7295492487479132,0.8693181818181818
335,2,20,0,32400,1659,0.0512037037037037,17.294755935668945,0.7751515151515151,1.2640144665461122
335,2,20,1,32400,85,0.002623456790123457,5.541176795959473,0.08247422680412371,0.0
335,2,20,2,32400,665,0.02052469135802469,12.884210586547852,0.6321022727272727,0.7684210526315789
335,2,21,0,32400,1770,0.05462962962962963,9.660451889038086,0.8028933092224232,1.3299435028248587
335,2,21,1,32400,92,0.002839506172839506,7.07608699798584,0.07058823529411765,0.010869565217391304
335,2,21,2,32400,710,0.021913580246913582,10.074647903442383,0.6962406015037594,0.7985915492957747
335,2,22,0,32400,1907,0.05885802469135802,12.711588859558105,0.8288135593220339,1.3534347142108023
335,2,22,1,32400,90,0.002777777777777778,9.344444274902344,0.010869565217391304,0.0
335,2,22,2,32400,836,0.025802469135802468,12.23444938659668,0.7295774647887324,0.8660287081339713
335,2,23,0,32400,2045,0.06311728395061729,12.688997268676758,0.8306240167802832,1.3486552567237164
335,2,23,1,32400,76,0.002345679012345679,8.0,0.06666666666666667,0.013157894736842105
335,2,23,2,32400,859,0.026512345679012346,12.394644737243652,0.7188995215311005,0.9057043073341094
335,2,24,0,32400,2243,0.0692283950617284,13.605439186096191,0.847921760391198,1.42041908158716
335,2,24,1,32400,92,0.002839506172839506,8.42391300201416,0.06578947368421052,0.021739130434782608
335,2,24,2,32400,1023,0.031574074074074074,13.032258987426758,0.760186263096624,0.8895405669599218
335,2,25,0,32400,2410,0.07438271604938272,16.413692474365234,0.8559964333481944,1.4522821576763485
335,2,25,1,32400,106,0.003271604938271605,15.830188751220703,0.07608695652173914,0.0
335,2,25,2,32400,1051,0.03243827160493827,14.94766902923584,0.7018572825024438,0.8544243577545195
335,2,26,0,32400,2722,0.08401234567901235,12.431300163269043,0.8738589211618257,1.458486407053637
335,2,26,1,32400,78,0.0024074074074074076,16.75640869140625,0.0660377358490566,0.01282051282051282
335,2,26,2,32400,1254,0.038703703703703705,11.372407913208008,0.7887725975261656,0.9401913875598086
335,2,27,0,32400,2825,0.08719135802469136,13.923893928527832,0.8409257898603968,1.4346902654867257
335,2,27,1,32400,104,0.0032098765432098763,15.028846740722656,0.0641025641025641,0.009615384615384616
335,2,27,2,32400,1313,0.040524691358024695,14.628332138061523,0.7368421052631579,0.9261233815689262
335,2,28,0,32400,3201,0.0987962962962963,9.190253257751465,0.8888495575221239,1.493283348953452
335,2,28,1,32400,92,0.002839506172839506,8.69565200805664,0.14423076923076922,0.021739130434782608
335,2,28,2,32400,1537,0.04743827160493827,9.320104598999023,0.7783701447067783,0.9791802212101497
335,2,29,0,32400,3333,0.10287037037037038,11.600659370422363,0.8556701030927835,1.483048304830483
335,2,29,1,32400,72,0.0022222222222222222,14.708333015441895,0.06521739130434782,0.0
335,2,29,2,32400,1614,0.04981481481481481,11.426270484924316,0.7599219258295381,0.9628252788104089
335,2,30,0,32400,3681,0.11361111111111111,9.703069686889648,0.8862886288628863,1.5085574572127138
335,2,30,1,32400,80,0.0024691358024691358,9.287500381469727,0.1388888888888889,0.0
335,2,30,2,32400,1760,0.05432098765432099,8.801704406738281,0.7788104089219331,0.9693181818181819
335,2,31,0,32400,3871,0.11947530864197531,8.763368606567383,0.8715023091551208,1.4983208473262724
335,2,31,1,32400,90,0.002777777777777778,9.233333587646484,0.025,0.0
335,2,31,2,32400,1834,0.05660493827160494,8.587240219116211,0.7636363636363637,0.9422028353326063
335,2,32,0,32400,4077,0.12583333333333332,15.765022277832031,0.8723843967966933,1.4976698552857493
335,2,32,1,32400,96,0.002962962962962963,15.052083969116211,0.08888888888888889,0.010416666666666666
335,2,32,2,32400,1980,0.06111111111111111,14.530808448791504,0.7606324972737186,0.9328282828282828
335,2,33,0,32400,4448,0.13728395061728396,7.901079177856445,0.8891341672798626,1.5197841726618706
335,2,33,1,32400,89,0.0027469135802469136,6.2134833335876465,0.13541666666666666,0.0
335,2,33,2,32400,2177,0.06719135802469135,8.116214752197266,0.7656565656565657,0.9747358750574184
335,2,34,0,32400,4509,0.13916666666666666,8.868485450744629,0.8626348920863309,1.5001108893324462
335,2,34,1,32400,83,0.0025617283950617282,9.686746597290039,0.056179775280898875,0.0
335,2,34,2,32400,2193,0.06768518518518518,8.522571563720703,0.7496554892053284,0.9375284997720018
335,2,35,0,32400,4651,0.1435493827160494,22.304235458374023,0.8771346196495897,1.5173081057837023
335,2,35,1,32400,92,0.002839506172839506,26.054351806640625,0.03614457831325301,0.010869565217391304
335,2,35,2,32400,2316,0.07148148148148148,23.138168334960938,0.7678978568171455,0.9343696027633851
335,3,1,0,32400,204,0.006296296296296296,16.80882453918457,-1.0,0.6127450980392157
335,3,1,1,32400,101,0.003117283950617284,21.316831588745117,-1.0,0.0297029702970297
335,3,1,2,32400,65,0.002006172839506173,12.523077964782715,-1.0,0.03076923076923077
335,3,2,0,32400,276,0.008518518518518519,21.44927406311035,0.5441176470588235,0.572463768115942
335,3,2,1,32400,128,0.003950617283950617,28.687496185302734,0.06930693069306931,0.0234375
335,3,2,2,32400,73,0.0022530864197530865,8.931507110595703,0.15384615384615385,0.0684931506849315
335,3,3,0,32400,330,0.010185185185185186,26.018178939819336,0.5181159420289855,0.5818181818181818
335,3,3,1,32400,103,0.0031790123456790125,34.776702880859375,0.1015625,0.009708737864077669
335,3,3,2,32400,71,0.002191358024691358,24.676057815551758,0.2191780821917808,0.14084507042253522
335,3,4,0,32400,384,0.011851851851851851,10.919271469116211,0.5242424242424243,0.6145833333333334
335,3,4,1,32400,97,0.002993827160493827,9.701030731201172,0.0970873786407767,0.010309278350515464
335,3,4,2,32400,85,0.002623456790123457,9.882352828979492,0.23943661971830985,0.1411764705882353
335,3,5,0,32400,431,0.013302469135802469,10.475637435913086,0.5677083333333334,0.7053364269141531
335,3,5,1,32400,77,0.0023765432098765433,10.805194854736328,0.05154639175257732,0.012987012987012988
335,3,5,2,32400,97,0.002993827160493827,7.9587626457214355,0.2235294117647059,0.10309278350515463
335,3,6,0,32400,459,0.014166666666666666,13.71459674835205,0.5638051044083526,0.7472766884531591
335,3,6,1,32400,76,0.002345679012345679,10.0921049118042,0.07792207792207792,0.0
335,3,6,2,32400,112,0.0034567901234567903,20.535715103149414,0.28865979381443296,0.15178571428571427
335,3,7,0,32400,546,0.01685185185185185,17.25091552734375,0.6230936819172114,0.815018315018315
335,3,7,1,32400,84,0.0025925925925925925,15.130952835083008,0.07894736842105263,0.0
335,3,7,2,32400,132,0.004074074074074074,11.856060981750488,0.39285714285714285,0.3484848484848485
335,3,8,0,32400,609,0.018796296296296297,11.934318542480469,0.6135531135531136,0.8423645320197044
335,3,8,1,32400,85,0.002623456790123457,11.929411888122559,0.05952380952380952,0.0
335,3,8,2,32400,160,0.0049382716049382715,9.71250057220459,0.4772727272727273,0.40625
335,3,9,0,32400,638,0.01969135802469136,14.985893249511719,0.6239737274220033,0.8887147335423198
335,3,9,1,32400,87,0.002685185185185185,10.551724433898926,0.03529411764705882,0.0
335,3,9,2,32400,178,0.005493827160493827,11.932584762573242,0.45,0.38202247191011235
335,3,10,0,32400,772,0.02382716049382716,11.893781661987305,0.7100313479623824,1.0142487046632125
335,3,10,1,32400,89,0.0027469135802469136,15.258426666259766,0.05747126436781609,0.02247191011235955
335,3,10,2,32400,214,0.0066049382716049385,12.626168251037598,0.5224719101123596,0.397196261682243
335,3,11,0,32400,823,0.025401234567901235,13.77642822265625,0.7150259067357513,1.1130012150668287
335,3,11,1,32400,75,0.0023148148148148147,20.96000099182129,0.056179775280898875,0.013333333333333334
335,3,11,2,32400,258,0.007962962962962963,17.089147567749023,0.5654205607476636,0.49612403100775193
335,3,12,0,32400,839,0.02589506172839506,19.758045196533203,0.7083839611178615,1.098927294398093
335,3,12,1,32400,92,0.002839506172839506,12.09782600402832,0.08,0.010869565217391304
335,3,12,2,32400,292,0.009012345679012346,28.332191467285156,0.5968992248062015,0.571917808219178
335,3,13,0,32400,978,0.030185185185185186,13.144171714782715,0.7604290822407628,1.1881390593047034
335,3,13,1,32400,76,0.002345679012345679,15.026315689086914,0.021739130434782608,0.013157894736842105
335,3,13,2,32400,373,0.011512345679012345,12.2520112991333,0.660958904109589,0.7024128686327078
335,3,14,0,32400,1125,0.034722222222222224,9.984000205993652,0.7719836400817995,1.2533333333333334
335,3,14,1,32400,82,0.0025308641975308644,10.353657722473145,0.09210526315789473,0.024390243902439025
335,3,14,2,32400,413,0.012746913580246913,9.648910522460938,0.6246648793565683,0.6973365617433414
335,3,15,0,32400,1205,0.03719135802469136,12.673858642578125,0.768,1.2439834024896266
335,3,15,1,32400,89,0.0027469135802469136,7.797752857208252,0.10975609756097561,0.011235955056179775
335,3,15,2,32400,474,0.01462962962962963,11.362868309020996,0.6658595641646489,0.7869198312236287
335,3,16,0,32400,1329,0.04101851851851852,9.806621551513672,0.8091286307053942,1.2708803611738149
335,3,16,1,32400,74,0.002283950617283951,8.621622085571289,0.02247191011235955,0.0
335,3,16,2,32400,517,0.01595679012345679,9.839458465576172,0.6624472573839663,0.8007736943907157
335,3,17,0,32400,1351,0.04169753086419753,13.344928741455078,0.7682468021068473,1.2686898593634346
335,3,17,1,32400,79,0.0024382716049382715,7.227848052978516,0.02702702702702703,0.0
335,3,17,2,32400,565,0.01743827160493827,14.504425048828125,0.6866537717601547,0.7522123893805309
335,3,18,0,32400,1500,0.046296296296296294,14.257332801818848,0.8156920799407846,1.3206666666666667
335,3,18,1,32400,70,0.0021604938271604936,12.600001335144043,0.02531645569620253,0.0
335,3,18,2,32400,610,0.018827160493827162,13.236065864562988,0.6530973451327433,0.7065573770491803
335,3,19,0,32400,1679,0.051820987654320985,9.545562744140625,0.834,1.3817748659916618
335,3,19,1,32400,74,0.002283950617283951,9.175676345825195,0.02857142857142857,0.0
335,3,19,2,32400,718,0.022160493827160493,10.554317474365234,0.7163934426229508,0.8231197771587744
335,3,20,0,32400,1708,0.05271604938271605,13.396954536437988,0.8070279928528886,1.3530444964871193
335,3,20,1,32400,80,0.0024691358024691358,14.25,0.06756756756756757,0.025
335,3,20,2,32400,730,0.022530864197530864,13.072603225708008,0.6866295264623955,0.7904109589041096
335,3,21,0,32400,1867,0.057623456790123456,8.828065872192383,0.8290398126463701,1.395286555972148
335,3,21,1,32400,97,0.002993827160493827,10.670103073120117,0.125,0.010309278350515464
335,3,21,2,32400,790,0.024382716049382715,9.658227920532227,0.7082191780821918,0.7810126582278482
335,3,22,0,32400,1958,0.060432098765432096,11.16394329071045,0.8184252811997857,1.3881511746680286
335,3,22,1,32400,78,0.0024074074074074076,10.14102554321289,0.09278350515463918,0.0
335,3,22,2,32400,808,0.02493827160493827,11.008663177490234,0.6721518987341772,0.780940594059406
335,3,23,0,32400,2070,0.06388888888888888,12.398550033569336,0.8299284984678243,1.3869565217391304
335,3,23,1,32400,84,0.0025925925925925925,10.09523868560791,0.05128205128205128,0.0
335,3,23,2,32400,845,0.026080246913580248,12.917160034179688,0.7004950495049505,0.8153846153846154
335,3,24,0,32400,2232,0.06888888888888889,15.00493049621582,0.8536231884057971,1.44578853046595
335,3,24,1,32400,74,0.002283950617283951,8.148649215698242,0.11904761904761904,0.0
335,3,24,2,32400,968,0.02987654320987654,11.51136302947998,0.7538461538461538,0.868801652892562
335,3,25,0,32400,2456,0.07580246913580246,18.51221466064453,0.8673835125448028,1.4653908794788273
335,3,25,1,32400,81,0.0025,20.814815521240234,0.0945945945945946,0.012345679012345678
335,3,25,2,32400,1086,0.03351851851851852,14.10865592956543,0.7396694214876033,0.8959484346224678
335,3,26,0,32400,2793,0.0862037037037037,12.225564002990723,0.8973941368078175,1.531686358754028
335,3,26,1,32400,108,0.0033333333333333335,13.222222328186035,0.09876543209876543,0.009259259259259259
335,3,26,2,32400,1292,0.03987654320987654,12.89551067352295,0.7845303867403315,0.955108359133127
335,3,27,0,32400,2978,0.09191358024691358,13.869375228881836,0.8689581095596133,1.4912693082605775
335,3,27,1,32400,81,0.0025,11.938271522521973,0.08333333333333333,0.0
335,3,27,2,32400,1347,0.041574074074074076,13.403861045837402,0.7577399380804953,0.9324424647364514
335,3,28,0,32400,3242,0.10006172839506172,10.046884536743164,0.8821356615177972,1.5283775447254782
335,3,28,1,32400,92,0.002839506172839506,8.5,0.09876543209876543,0.0
335,3,28,2,32400,1522,0.04697530864197531,9.848225593566895,0.7958426132145509,0.992772667542707
335,3,29,0,32400,3322,0.10253086419753087,11.64599609375,0.8633559531153608,1.5150511739915713
335,3,29,1,32400,93,0.0028703703703703703,8.806451797485352,0.09782608695652174,0.010752688172043012
335,3,29,2,32400,1635,0.050462962962962966,11.566971778869629,0.7720105124835742,0.9737003058103976
335,3,30,0,32400,3514,0.10845679012345678,10.001991271972656,0.878687537627935,1.5244735344336937
335,3,30,1,32400,96,0.002962962962962963,10.010416984558105,0.10752688172043011,0.010416666666666666
335,3,30,2,32400,1794,0.05537037037037037,9.99832820892334,0.7883792048929663,0.9788182831661093
335,3,31,0,32400,3601,0.11114197530864198,9.008886337280273,0.8625498007968128,1.5054151624548737
335,3,31,1,32400,87,0.002685185185185185,10.804597854614258,0.03125,0.011494252873563218
335,3,31,2,32400,1826,0.056358024691358026,8.8608980178833,0.7597547380156076,0.988499452354874
335,3,32,0,32400,3721,0.11484567901234567,15.80972957611084,0.8722577061927242,1.528890083310938
335,3,32,1,32400,90,0.002777777777777778,7.244444847106934,0.09195402298850575,0.0
335,3,32,2,32400,1912,0.05901234567901235,16.506797790527344,0.7776560788608982,0.9686192468619247
335,3,33,0,32400,3987,0.12305555555555556,8.162778854370117,0.8933082504703037,1.5548031101078506
335,3,33,1,32400,92,0.002839506172839506,9.032608985900879,0.07777777777777778,0.021739130434782608
335,3,33,2,32400,2033,0.06274691358024691,8.479094505310059,0.7819037656903766,0.9837678307919331
335,3,34,0,32400,4040,0.12469135802469136,8.64306926727295,0.8675696012039127,1.520049504950495
335,3,34,1,32400,87,0.002685185185185185,11.977011680603027,0.05434782608695652,0.0
335,3,34,2,32400,1975,0.06095679012345679,8.359999656677246,0.751106738809641,0.9311392405063291
335,3,35,0,32400,4111,0.12688271604938273,21.64777374267578,0.8628712871287129,1.5122841157869131
335,3,35,1,32400,91,0.002808641975308642,14.472527503967285,0.08045977011494253,0.0
335,3,35,2,32400,2033,0.06274691358024691,22.259714126586914,0.7524050632911392,0.9149040826364978
336,0,1,0,32400,196,0.006049382716049383,29.663259506225586,-1.0,0.41836734693877553
336,0,1,1,32400,111,0.003425925925925926,12.819820404052734,-1.0,0.05405405405405406
336,0,1,2,32400,54,0.0016666666666666668,9.333333015441895,-1.0,0.12962962962962962
336,0,2,0,32400,279,0.008611111111111111,11.01075267791748,0.5,0.5197132616487455
336,0,2,1,32400,96,0.002962962962962963,36.843746185302734,0.05405405405405406,0.0
336,0,2,2,32400,75,0.0023148148148148147,42.31999588012695,0.12962962962962962,0.08
336,0,3,0,32400,318,0.009814814814814814,15.77358627319336,0.44802867383512546,0.5
336,0,3,1,32400,105,0.0032407407407407406,9.323809623718262,0.15625,0.0
336,0,3,2,32400,72,0.0022222222222222222,10.611111640930176,0.14666666666666667,0.0
336,0,4,0,32400,349,0.010771604938271605,10.97707748413086,0.4937106918238994,0.501432664756447
336,0,4,1,32400,100,0.0030864197530864196,7.319999694824219,0.0761904761904762,0.01
336,0,4,2,32400,74,0.002283950617283951,13.986486434936523,0.1527777777777778,0.06756756756756757
336,0,5,0,32400,374,0.01154320987654321,17.171125411987305,0.49283667621776506,0.6016042780748663
336,0,5,1,32400,87,0.002685185185185185,11.620689392089844,0.05,0.0
336,0,5,2,32400,99,0.0030555555555555557,13.030303001403809,0.24324324324324326,0.0707070707070707
336,0,6,0,32400,464,0.014320987654320988,17.034482955932617,0.5508021390374331,0.7327586206896551
336,0,6,1,32400,90,0.002777777777777778,22.755556106567383,0.08045977011494253,0.0
336,0,6,2,32400,106,0.003271604938271605,12.0,0.23232323232323232,0.1320754716981132
336,0,7,0,32400,529,0.01632716049382716,11.47826099395752,0.6056034482758621,0.9130434782608695
336,0,7,1,32400,90,0.002777777777777778,12.033333778381348,0.05555555555555555,0.011111111111111112
336,0,7,2,32400,133,0.004104938271604938,9.85714340209961,0.36792452830188677,0.19548872180451127
336,0,8,0,32400,550,0.016975308641975308,15.57090950012207,0.6294896030245747,0.9109090909090909
336,0,8,1,32400,91,0.002808641975308642,15.560440063476562,0.044444444444444446,0.0
336,0,8,2,32400,145,0.004475308641975309,13.248276710510254,0.3684210526315789,0.23448275862068965
336,0,9,0,32400,662,0.0204320987654321,13.463746070861816,0.7018181818181818,0.9879154078549849
336,0,9,1,32400,91,0.002808641975308642,13.934065818786621,0.054945054945054944,0.0
336,0,9,2,32400,184,0.005679012345679012,17.663043975830078,0.4413793103448276,0.41847826086956524
336,0,10,0,32400,739,0.02280864197530864,14.933693885803223,0.6993957703927492,1.1299052774018945
336,0,10,1,32400,98,0.0030246913580246914,7.397959232330322,0.02197802197802198,0.0
336,0,10,2,32400,242,0.007469135802469135,12.574379920959473,0.5543478260869565,0.5413223140495868
336,0,11,0,32400,800,0.024691358024691357,16.10249900817871,0.7104194857916103,1.095
336,0,11,1,32400,92,0.002839506172839506,19.184783935546875,0.030612244897959183,0.0
336,0,11,2,32400,249,0.0076851851851851855,25.04417610168457,0.5247933884297521,0.5180722891566265
336,0,12,0,32400,898,0.02771604938271605,11.528953552246094,0.72375,1.0757238307349666
336,0,12,1,32400,84,0.0025925925925925925,10.9880952835083,0.08695652173913043,0.023809523809523808
336,0,12,2,32400,301,0.009290123456790124,12.504982948303223,0.5783132530120482,0.6312292358803987
336,0,13,0,32400,1003,0.03095679012345679,10.065802574157715,0.7338530066815144,1.160518444666002
336,0,13,1,32400,94,0.0029012345679012346,7.659574031829834,0.023809523809523808,0.010638297872340425
336,0,13,2,32400,345,0.010648148148148148,9.171014785766602,0.6112956810631229,0.6666666666666666
336,0,14,0,32400,1042,0.03216049382716049,15.414587020874023,0.7477567298105683,1.223608445297505
336,0,14,1,32400,88,0.0027160493827160493,8.170454978942871,0.07446808510638298,0.011363636363636364
336,0,14,2,32400,386,0.01191358024691358,8.572538375854492,0.6028985507246377,0.7020725388601037
336,0,15,0,32400,1154,0.035617283950617286,8.481801986694336,0.781190019193858,1.2564991334488735
336,0,15,1,32400,92,0.002839506172839506,10.72826099395752,0.045454545454545456,0.0
336,0,15,2,32400,444,0.013703703703703704,8.569820404052734,0.6269430051813472,0.7522522522522522
336,0,16,0,32400,1233,0.03805555555555556,12.626925468444824,0.7729636048526863,1.2716950527169506
336,0,16,1,32400,87,0.002685185185185185,10.609195709228516,0.05434782608695652,0.011494252873563218
336,0,16,2,32400,432,0.013333333333333334,14.68055534362793,0.6216216216216216,0.6921296296296297
336,0,17,0,32400,1370,0.042283950617283954,14.206568717956543,0.8004866180048662,1.3255474452554745
336,0,17,1,32400,101,0.003117283950617284,13.841584205627441,0.08045977011494253,0.0
336,0,17,2,32400,535,0.016512345679012344,12.500934600830078,0.7152777777777778,0.811214953271028
336,0,18,0,32400,1535,0.04737654320987654,9.969381332397461,0.8350364963503649,1.368729641693811
336,0,18,1,32400,93,0.0028703703703703703,8.193548202514648,0.06930693069306931,0.021505376344086023
336,0,18,2,32400,609,0.018796296296296297,9.536946296691895,0.7102803738317757,0.8045977011494253
336,0,19,0,32400,1602,0.049444444444444444,13.164793968200684,0.8039087947882736,1.3370786516853932
336,0,19,1,32400,85,0.002623456790123457,6.423529624938965,0.06451612903225806,0.011764705882352941
336,0,19,2,32400,628,0.019382716049382714,12.127388954162598,0.6715927750410509,0.8168789808917197
336,0,20,0,32400,1676,0.0517283950617284,8.782816886901855,0.8027465667915106,1.3866348448687351
336,0,20,1,32400,94,0.0029012345679012346,6.617021083831787,0.047058823529411764,0.010638297872340425
336,0,20,2,32400,690,0.021296296296296296,9.449275970458984,0.6990445859872612,0.8318840579710145
336,0,21,0,32400,1797,0.055462962962962964,11.367835998535156,0.8394988066825776,1.3656093489148582
336,0,21,1,32400,77,0.0023765432098765433,12.09090805053711,0.0425531914893617,0.012987012987012988
336,0,21,2,32400,788,0.02432098765432099,12.124364852905273,0.7289855072463768,0.8324873096446701
336,0,22,0,32400,1944,0.06,13.82458782196045,0.8274902615470228,1.397633744855967
336,0,22,1,32400,73,0.0022530864197530865,14.671233177185059,0.025974025974025976,0.0
336,0,22,2,32400,876,0.027037037037037037,13.714611053466797,0.733502538071066,0.8721461187214612
336,0,23,0,32400,2209,0.06817901234567901,12.349027633666992,0.8600823045267489,1.441376188320507
336,0,23,1,32400,86,0.002654320987654321,10.151163101196289,0.0547945205479452,0.011627906976744186
336,0,23,2,32400,1020,0.03148148148148148,12.960786819458008,0.7728310502283106,0.9990196078431373
336,0,24,0,32400,2380,0.0734567901234568,16.840757369995117,0.8587596197374378,1.457563025210084
336,0,24,1,32400,80,0.0024691358024691358,11.887499809265137,0.08139534883720931,0.0125
336,0,24,2,32400,1059,0.032685185185185185,16.28611946105957,0.7294117647058823,0.9575070821529745
336,0,25,0,32400,2775,0.08564814814814815,12.36468505859375,0.8911764705882353,1.5131531531531532
336,0,25,1,32400,94,0.0029012345679012346,13.734042167663574,0.125,0.0
336,0,25,2,32400,1341,0.04138888888888889,13.012677192687988,0.830028328611898,1.0268456375838926
336,0,26,0,32400,2931,0.09046296296296297,13.852609634399414,0.8587387387387387,1.4936881610371886
336,0,26,1,32400,89,0.0027469135802469136,14.0,0.06382978723404255,0.0
336,0,26,2,32400,1404,0.043333333333333335,13.64102554321289,0.767337807606264,0.9985754985754985
336,0,27,0,32400,3233,0.09978395061728396,9.686050415039062,0.8891163425452064,1.544076708939066
336,0,27,1,32400,85,0.002623456790123457,12.094118118286133,0.07865168539325842,0.011764705882352941
336,0,27,2,32400,1621,0.05003086419753086,9.051202774047852,0.8098290598290598,1.013571869216533
336,0,28,0,32400,3328,0.10271604938271604,11.584735870361328,0.8750386637797711,1.5357572115384615
336,0,28,1,32400,68,0.0020987654320987655,8.426470756530762,0.058823529411764705,0.014705882352941176
336,0,28,2,32400,1719,0.05305555555555556,12.88888931274414,0.770512029611351,0.9994182664339732
336,0,29,0,32400,3547,0.10947530864197531,9.777276992797852,0.8933293269230769,1.5672399210600507
336,0,29,1,32400,94,0.0029012345679012346,7.085106372833252,0.04411764705882353,0.010638297872340425
336,0,29,2,32400,1858,0.05734567901234568,9.803013801574707,0.8022105875509017,1.0726587728740582
336,0,30,0,32400,3655,0.11280864197530864,9.052530288696289,0.8804623625599097,1.5745554035567715
336,0,30,1,32400,91,0.002808641975308642,8.065934181213379,0.06382978723404255,0.0
336,0,30,2,32400,1896,0.05851851851851852,8.421940803527832,0.7836383207750269,1.0406118143459915
336,0,31,0,32400,3740,0.1154320987654321,15.40882396697998,0.8779753761969904,1.547860962566845
336,0,31,1,32400,78,0.0024074074074074076,17.435897827148438,0.12087912087912088,0.01282051282051282
336,0,31,2,32400,1962,0.06055555555555556,16.600406646728516,0.7874472573839663,0.9979612640163099
336,0,32,0,32400,4010,0.12376543209876543,7.819949626922607,0.8989304812834225,1.5840399002493766
336,0,32,1,32400,96,0.002962962962962963,6.739583492279053,0.11538461538461539,0.020833333333333332
336,0,32,2,32400,2134,0.0658641975308642,8.231959342956543,0.7986748216106014,1.029053420805998
336,0,33,0,32400,3964,0.12234567901234568,9.218718528747559,0.8546134663341646,1.50882946518668
336,0,33,1,32400,80,0.0024691358024691358,7.5625,0.041666666666666664,0.0125
336,0,33,2,32400,2050,0.06327160493827161,9.267316818237305,0.7497656982193065,0.9604878048780487
336,0,34,0,32400,4148,0.1280246913580247,22.13524627685547,0.8806760847628657,1.5308582449373191
336,0,34,1,32400,76,0.002345679012345679,28.328947067260742,0.075,0.0
336,0,34,2,32400,2130,0.06574074074074074,23.458215713500977,0.7775609756097561,0.9826291079812206
336,0,35,0,32400,4679,0.1444135802469136,12.775379180908203,0.9148987463837994,1.6193631117760205
336,0,35,1,32400,112,0.0034567901234567903,12.750000953674316,0.13157894736842105,0.008928571428571428
336,0,35,2,32400,2550,0.0787037037037037,12.103920936584473,0.8380281690140845,1.092156862745098
336,1,1,0,32400,221,0.006820987654320988,14.371041297912598,-1.0,0.40271493212669685
336,1,1,1,32400,115,0.0035493827160493828,35.286949157714844,-1.0,0.13043478260869565
336,1,1,2,32400,61,0.001882716049382716,21.04918098449707,-1.0,0.08196721311475409
336,1,2,0,32400,273,0.008425925925925925,16.201465606689453,0.4479638009049774,0.4908424908424908
336,1,2,1,32400,112,0.0034567901234567903,53.991065979003906,0.10434782608695652,0.08035714285714286
336,1,2,2,32400,74,0.002283950617283951,8.513513565063477,0.18032786885245902,0.02702702702702703
336,1,3,0,32400,315,0.009722222222222222,11.850794792175293,0.42124542124542125,0.4857142857142857
336,1,3,1,32400,93,0.0028703703703703703,13.021505355834961,0.08928571428571429,0.03225806451612903
336,1,3,2,32400,80,0.0024691358024691358,8.52500057220459,0.13513513513513514,0.0375
336,1,4,0,32400,343,0.01058641975308642,11.38484001159668,0.473015873015873,0.5539358600583091
336,1,4,1,32400,84,0.0025925925925925925,12.404762268066406,0.06451612903225806,0.011904761904761904
336,1,4,2,32400,83,0.0025617283950617282,11.614457130432129,0.175,0.024096385542168676
336,1,5,0,32400,364,0.011234567901234569,12.230769157409668,0.5189504373177842,0.6016483516483516
336,1,5,1,32400,108,0.0033333333333333335,12.981481552124023,0.10714285714285714,0.0
336,1,5,2,32400,87,0.002685185185185185,10.11494255065918,0.20481927710843373,0.11494252873563218
336,1,6,0,32400,431,0.013302469135802469,14.092806816101074,0.5796703296703297,0.7146171693735499
336,1,6,1,32400,104,0.0032098765432098763,17.31730842590332,0.08333333333333333,0.009615384615384616
336,1,6,2,32400,123,0.0037962962962962963,24.56097412109375,0.2413793103448276,0.12195121951219512
336,1,7,0,32400,553,0.0170679012345679,11.788427352905273,0.617169373549884,0.8282097649186256
336,1,7,1,32400,86,0.002654320987654321,9.302325248718262,0.04807692307692308,0.023255813953488372
336,1,7,2,32400,155,0.004783950617283951,11.722580909729004,0.3333333333333333,0.3548387096774194
336,1,8,0,32400,606,0.018703703703703705,14.632013320922852,0.6528028933092225,0.9735973597359736
336,1,8,1,32400,108,0.0033333333333333335,12.63888931274414,0.03488372093023256,0.0
336,1,8,2,32400,173,0.0053395061728395065,13.208091735839844,0.432258064516129,0.3988439306358382
336,1,9,0,32400,721,0.022253086419753085,13.195562362670898,0.7425742574257426,1.0513176144244105
336,1,9,1,32400,95,0.002932098765432099,10.863158226013184,0.09259259259259259,0.010526315789473684
336,1,9,2,32400,239,0.007376543209876543,9.330543518066406,0.5606936416184971,0.5648535564853556
336,1,10,0,32400,750,0.023148148148148147,18.5679988861084,0.6879334257975035,1.1026666666666667
336,1,10,1,32400,89,0.0027469135802469136,21.146068572998047,0.042105263157894736,0.011235955056179775
336,1,10,2,32400,254,0.007839506172839506,17.708662033081055,0.5690376569037657,0.6181102362204725
336,1,11,0,32400,785,0.024228395061728396,15.989809036254883,0.6786666666666666,1.0929936305732484
336,1,11,1,32400,86,0.002654320987654321,32.23255920410156,0.12359550561797752,0.0
336,1,11,2,32400,303,0.009351851851851853,25.481849670410156,0.5905511811023622,0.6270627062706271
336,1,12,0,32400,890,0.027469135802469135,13.446067810058594,0.7337579617834394,1.1056179775280899
336,1,12,1,32400,102,0.003148148148148148,17.05882453918457,0.06976744186046512,0.0
336,1,12,2,32400,330,0.010185185185185186,13.442423820495605,0.5676567656765676,0.6333333333333333
336,1,13,0,32400,1030,0.03179012345679012,10.632039070129395,0.7674157303370787,1.170873786407767
336,1,13,1,32400,82,0.0025308641975308644,12.146341323852539,0.049019607843137254,0.0
336,1,13,2,32400,374,0.01154320987654321,11.516042709350586,0.6272727272727273,0.6149732620320856
336,1,14,0,32400,1127,0.03478395061728395,15.375332832336426,0.7514563106796116,1.1428571428571428
336,1,14,1,32400,95,0.002932098765432099,17.378948211669922,0.024390243902439025,0.0
336,1,14,2,32400,436,0.01345679012345679,13.20412826538086,0.6577540106951871,0.7270642201834863
336,1,15,0,32400,1232,0.03802469135802469,10.028409004211426,0.7657497781721384,1.2353896103896105
336,1,15,1,32400,84,0.0025925925925925925,8.404762268066406,0.05263157894736842,0.011904761904761904
336,1,15,2,32400,491,0.015154320987654322,8.953157424926758,0.6674311926605505,0.7983706720977597
336,1,16,0,32400,1234,0.03808641975308642,11.594002723693848,0.7508116883116883,1.2649918962722853
336,1,16,1,32400,77,0.0023765432098765433,13.97402572631836,0.023809523809523808,0.0
336,1,16,2,32400,497,0.015339506172839506,11.120723724365234,0.6558044806517311,0.8048289738430584
336,1,17,0,32400,1341,0.04138888888888889,13.604772567749023,0.7941653160453809,1.2759134973900075
336,1,17,1,32400,96,0.002962962962962963,25.21875,0.06493506493506493,0.03125
336,1,17,2,32400,584,0.018024691358024692,11.325342178344727,0.7142857142857143,0.7414383561643836
336,1,18,0,32400,1516,0.04679012345679012,10.343667984008789,0.8180462341536167,1.3060686015831136
336,1,18,1,32400,89,0.0027469135802469136,5.797752857208252,0.125,0.06741573033707865
336,1,18,2,32400,605,0.01867283950617284,8.378512382507324,0.6746575342465754,0.775206611570248
336,1,19,0,32400,1495,0.046141975308641975,14.353177070617676,0.7651715039577837,1.2695652173913043
336,1,19,1,32400,103,0.0031790123456790125,15.097087860107422,0.10112359550561797,0.02912621359223301
336,1,19,2,32400,615,0.01898148148148148,14.315446853637695,0.6859504132231405,0.7008130081300813
336,1,20,0,32400,1596,0.04925925925925926,9.395363807678223,0.8020066889632107,1.300125313283208
336,1,20,1,32400,90,0.002777777777777778,12.477778434753418,0.07766990291262135,0.0
336,1,20,2,32400,652,0.020123456790123458,10.33128833770752,0.6731707317073171,0.75920245398773
336,1,21,0,32400,1754,0.0541358024691358,12.38027286529541,0.8283208020050126,1.3318129988597491
336,1,21,1,32400,74,0.002283950617283951,9.36486530303955,0.1111111111111111,0.013513513513513514
336,1,21,2,32400,725,0.022376543209876542,11.714483261108398,0.7177914110429447,0.8137931034482758
336,1,22,0,32400,1849,0.057067901234567904,14.44186019897461,0.8181299885974914,1.3553272038939967
336,1,22,1,32400,76,0.002345679012345679,14.289473533630371,0.05405405405405406,0.0
336,1,22,2,32400,801,0.024722222222222222,12.342072486877441,0.7282758620689656,0.7927590511860175
336,1,23,0,32400,2142,0.0661111111111111,13.714286804199219,0.8658734451054624,1.4131652661064427
336,1,23,1,32400,82,0.0025308641975308644,8.036584854125977,0.10526315789473684,0.0
336,1,23,2,32400,923,0.028487654320987654,15.768149375915527,0.7403245942571786,0.90465872156013
336,1,24,0,32400,2266,0.06993827160493828,19.495586395263672,0.8450046685340803,1.4205648720211828
336,1,24,1,32400,86,0.002654320987654321,28.662790298461914,0.024390243902439025,0.0
336,1,24,2,32400,981,0.03027777777777778,13.973495483398438,0.7074756229685807,0.8715596330275229
336,1,25,0,32400,2607,0.08046296296296296,13.258151054382324,0.883495145631068,1.4971231300345225
336,1,25,1,32400,80,0.0024691358024691358,9.83750057220459,0.05813953488372093,0.0125
336,1,25,2,32400,1198,0.03697530864197531,12.400667190551758,0.7828746177370031,0.9424040066777963
336,1,26,0,32400,2755,0.08503086419753086,13.642467498779297,0.8576908323743767,1.4631578947368422
336,1,26,1,32400,99,0.0030555555555555557,20.585859298706055,0.075,0.0
336,1,26,2,32400,1254,0.038703703703703705,15.647527694702148,0.7178631051752922,0.9130781499202552
336,1,27,0,32400,3072,0.09481481481481481,10.3125,0.8805807622504537,1.5006510416666667
336,1,27,1,32400,80,0.0024691358024691358,10.112500190734863,0.09090909090909091,0.0125
336,1,27,2,32400,1482,0.04574074074074074,10.1336030960083,0.7814992025518341,1.0020242914979758
336,1,28,0,32400,3228,0.09962962962962962,11.447336196899414,0.8720703125,1.494733581164808
336,1,28,1,32400,85,0.002623456790123457,8.164706230163574,0.025,0.0
336,1,28,2,32400,1560,0.04814814814814815,10.736538887023926,0.7462887989203779,0.9570512820512821
336,1,29,0,32400,3477,0.10731481481481482,9.635892868041992,0.8801115241635687,1.5133735979292493
336,1,29,1,32400,93,0.0028703703703703703,9.47311782836914,0.011764705882352941,0.0
336,1,29,2,32400,1729,0.053364197530864195,10.517062187194824,0.7737179487179487,0.9976865240023135
336,1,30,0,32400,3659,0.1129320987654321,8.708390235900879,0.8748921484037964,1.51380158513255
336,1,30,1,32400,83,0.0025617283950617282,8.493975639343262,0.043010752688172046,0.0
336,1,30,2,32400,1761,0.05435185185185185,8.380465507507324,0.7530364372469636,0.9625212947189097
336,1,31,0,32400,3804,0.1174074074074074,13.434541702270508,0.8770155780267833,1.5070977917981072
336,1,31,1,32400,70,0.0021604938271604936,6.514285564422607,0.07228915662650602,0.0
336,1,31,2,32400,1843,0.05688271604938271,14.46880054473877,0.7643384440658717,0.9831795984807379
336,1,32,0,32400,4066,0.12549382716049381,7.48081636428833,0.8843322818086226,1.5346778160354155
336,1,32,1,32400,75,0.0023148148148148147,7.826666831970215,0.08571428571428572,0.0
336,1,32,2,32400,2085,0.06435185185185185,7.940527439117432,0.7976125881714595,1.0019184652278177
336,1,33,0,32400,4059,0.12527777777777777,8.565164566040039,0.8620265617314313,1.4897758068489775
336,1,33,1,32400,87,0.002685185185185185,7.609195232391357,0.08,0.0
336,1,33,2,32400,2062,0.06364197530864198,9.264791488647461,0.7645083932853717,0.933074684772066
336,1,34,0,32400,4254,0.1312962962962963,23.227785110473633,0.8677014042867701,1.496708979783733
336,1,34,1,32400,92,0.002839506172839506,13.6304349899292,0.05747126436781609,0.010869565217391304
336,1,34,2,32400,2114,0.06524691358024691,22.21002769470215,0.7589718719689622,0.9612109744560076
336,1,35,0,32400,4882,0.15067901234567901,12.740474700927734,0.926657263751763,1.5950430151577222
336,1,35,1,32400,98,0.0030246913580246914,11.673469543457031,0.08695652173913043,0.0
336,1,35,2,32400,2549,0.07867283950617283,11.93997573852539,0.8245033112582781,1.0663005100039231
336,2,1,0,32400,230,0.0070987654320987656,25.486953735351562,-1.0,0.44782608695652176
336,2,1,1,32400,95,0.002932098765432099,25.926313400268555,-1.0,0.07368421052631578
336,2,1,2,32400,64,0.0019753086419753087,23.578123092651367,-1.0,0.0625
336,2,2,0,32400,297,0.009166666666666667,25.582489013671875,0.5,0.6430976430976431
336,2,2,1,32400,95,0.002932098765432099,35.48420715332031,0.07368421052631578,0.0
336,2,2,2,32400,61,0.001882716049382716,30.639345169067383,0.046875,0.04918032786885246
336,2,3,0,32400,344,0.010617283950617284,11.97965145111084,0.5387205387205387,0.6540697674418605
336,2,3,1,32400,91,0.002808641975308642,11.7362642288208,0.06315789473684211,0.0
336,2,3,2,32400,73,0.0022530864197530865,21.972604751586914,0.2459016393442623,0.1506849315068493
336,2,4,0,32400,378,0.011666666666666667,12.949734687805176,0.5319767441860465,0.7407407407407407
336,2,4,1,32400,91,0.002808641975308642,11.208791732788086,0.06593406593406594,0.0
336,2,4,2,32400,123,0.0037962962962962963,11.365853309631348,0.3013698630136986,0.2764227642276423
336,2,5,0,32400,422,0.013024691358024691,15.886256217956543,0.6084656084656085,0.7677725118483413
336,2,5,1,32400,91,0.002808641975308642,22.219783782958984,0.08791208791208792,0.02197802197802198
336,2,5,2,32400,120,0.003703703703703704,14.308335304260254,0.3008130081300813,0.24166666666666667
336,2,6,0,32400,494,0.015246913580246914,17.439271926879883,0.6350710900473934,0.8663967611336032
336,2,6,1,32400,98,0.0030246913580246914,15.571428298950195,0.08791208791208792,0.01020408163265306
336,2,6,2,32400,140,0.004320987654320987,24.907142639160156,0.35,0.35
336,2,7,0,32400,612,0.01888888888888889,10.722222328186035,0.6700404858299596,0.9558823529411765
336,2,7,1,32400,83,0.0025617283950617282,8.710843086242676,0.04081632653061224,0.0
336,2,7,2,32400,163,0.005030864197530864,9.631901741027832,0.4785714285714286,0.43558282208588955
336,2,8,0,32400,598,0.01845679012345679,13.287625312805176,0.6437908496732027,1.108695652173913
336,2,8,1,32400,83,0.0025617283950617282,7.542168617248535,0.024096385542168676,0.012048192771084338
336,2,8,2,32400,207,0.006388888888888889,13.917874336242676,0.50920245398773,0.42028985507246375
336,2,9,0,32400,726,0.022407407407407407,14.723140716552734,0.7725752508361204,1.118457300275482
336,2,9,1,32400,103,0.0031790123456790125,14.504854202270508,0.024096385542168676,0.009708737864077669
336,2,9,2,32400,252,0.0077777777777777776,9.515873908996582,0.5797101449275363,0.6309523809523809
336,2,10,0,32400,767,0.02367283950617284,14.53715705871582,0.7162534435261708,1.091264667535854
336,2,10,1,32400,81,0.0025,9.271604537963867,0.05825242718446602,0.0
336,2,10,2,32400,301,0.009290123456790124,16.79069709777832,0.6150793650793651,0.6677740863787376
336,2,11,0,32400,848,0.02617283950617284,18.089622497558594,0.7444589308996089,1.1415094339622642
336,2,11,1,32400,78,0.0024074074074074076,16.05128288269043,0.07407407407407407,0.0
336,2,11,2,32400,320,0.009876543209876543,14.421876907348633,0.584717607973422,0.678125
336,2,12,0,32400,914,0.028209876543209878,12.278993606567383,0.7476415094339622,1.2341356673960613
336,2,12,1,32400,81,0.0025,11.55555534362793,0.0641025641025641,0.024691358024691357
336,2,12,2,32400,357,0.011018518518518518,12.929972648620605,0.64375,0.7507002801120448
336,2,13,0,32400,1013,0.03126543209876543,9.871668815612793,0.7921225382932167,1.2724580454096743
336,2,13,1,32400,88,0.0027160493827160493,9.852272987365723,0.04938271604938271,0.011363636363636364
336,2,13,2,32400,424,0.01308641975308642,9.334905624389648,0.6834733893557423,0.7547169811320755
336,2,14,0,32400,1120,0.0345679012345679,14.000892639160156,0.7897334649555775,1.2705357142857143
336,2,14,1,32400,94,0.0029012345679012346,13.297871589660645,0.06818181818181818,0.02127659574468085
336,2,14,2,32400,472,0.014567901234567901,11.353813171386719,0.7004716981132075,0.7266949152542372
336,2,15,0,32400,1250,0.038580246913580245,10.107999801635742,0.8071428571428572,1.3016
336,2,15,1,32400,83,0.0025617283950617282,8.530119895935059,0.0425531914893617,0.0
336,2,15,2,32400,509,0.015709876543209877,9.770137786865234,0.6800847457627118,0.8290766208251473
336,2,16,0,32400,1315,0.04058641975308642,15.70798397064209,0.7744,1.2699619771863118
336,2,16,1,32400,86,0.002654320987654321,21.5,0.10843373493975904,0.0
336,2,16,2,32400,524,0.01617283950617284,17.26526641845703,0.6542239685658153,0.7881679389312977
336,2,17,0,32400,1515,0.04675925925925926,13.722772598266602,0.8281368821292776,1.3247524752475248
336,2,17,1,32400,99,0.0030555555555555557,8.828282356262207,0.11627906976744186,0.0
336,2,17,2,32400,622,0.01919753086419753,13.516077041625977,0.7270992366412213,0.8954983922829582
336,2,18,0,32400,1650,0.05092592592592592,10.23757553100586,0.8277227722772277,1.3672727272727272
336,2,18,1,32400,84,0.0025925925925925925,11.619048118591309,0.06060606060606061,0.0
336,2,18,2,32400,728,0.022469135802469137,9.370879173278809,0.747588424437299,0.9423076923076923
336,2,19,0,32400,1674,0.051666666666666666,11.974909782409668,0.8072727272727273,1.3667861409796893
336,2,19,1,32400,79,0.0024382716049382715,10.126582145690918,0.023809523809523808,0.012658227848101266
336,2,19,2,32400,720,0.022222222222222223,12.429166793823242,0.6826923076923077,0.8819444444444444
336,2,20,0,32400,1782,0.055,9.612234115600586,0.8201911589008363,1.3849607182940515
336,2,20,1,32400,72,0.0022222222222222222,7.791666507720947,0.0759493670886076,0.0
336,2,20,2,32400,753,0.023240740740740742,9.118194580078125,0.7069444444444445,0.8671978751660027
336,2,21,0,32400,1924,0.059382716049382715,11.65748405456543,0.8277216610549943,1.3918918918918919
336,2,21,1,32400,92,0.002839506172839506,7.40217399597168,0.06944444444444445,0.0
336,2,21,2,32400,867,0.02675925925925926,12.126873970031738,0.7317397078353254,0.8650519031141869
336,2,22,0,32400,2067,0.0637962962962963,13.393807411193848,0.829002079002079,1.4218674407353653
336,2,22,1,32400,92,0.002839506172839506,15.684782981872559,0.043478260869565216,0.010869565217391304
336,2,22,2,32400,929,0.02867283950617284,12.75672721862793,0.7301038062283737,0.8622174381054898
336,2,23,0,32400,2335,0.0720679012345679,15.161885261535645,0.8790517658442186,1.4599571734475374
336,2,23,1,32400,71,0.002191358024691358,9.422534942626953,0.06521739130434782,0.0
336,2,23,2,32400,1058,0.03265432098765432,15.287336349487305,0.767491926803014,0.9480151228733459
336,2,24,0,32400,2516,0.07765432098765432,15.455883026123047,0.8616702355460385,1.4705882352941178
336,2,24,1,32400,98,0.0030246913580246914,16.214284896850586,0.08450704225352113,0.01020408163265306
336,2,24,2,32400,1214,0.03746913580246913,17.07495880126953,0.7703213610586012,0.9464579901153213
336,2,25,0,32400,2863,0.08836419753086419,12.607404708862305,0.895866454689984,1.5047153335661894
336,2,25,1,32400,100,0.0030864197530864196,8.710000038146973,0.05102040816326531,0.0
336,2,25,2,32400,1388,0.042839506172839506,11.922910690307617,0.7883031301482701,1.0007204610951008
336,2,26,0,32400,2972,0.09172839506172839,14.45592212677002,0.8539993014320643,1.4848586810228803
336,2,26,1,32400,86,0.002654320987654321,12.581395149230957,0.08,0.0
336,2,26,2,32400,1377,0.0425,13.132171630859375,0.7247838616714697,0.9796659404502541
336,2,27,0,32400,3298,0.10179012345679013,9.959066390991211,0.8876177658142664,1.5227410551849605
336,2,27,1,32400,86,0.002654320987654321,12.034883499145508,0.023255813953488372,0.011627906976744186
336,2,27,2,32400,1617,0.04990740740740741,10.056896209716797,0.813362381989833,1.0383426097711812
336,2,28,0,32400,3413,0.1053395061728395,12.058013916015625,0.8608247422680413,1.522121300908292
336,2,28,1,32400,99,0.0030555555555555557,11.777777671813965,0.06976744186046512,0.020202020202020204
336,2,28,2,32400,1608,0.04962962962962963,10.848258018493652,0.7439703153988868,1.0043532338308458
336,2,29,0,32400,3632,0.11209876543209876,9.735406875610352,0.8871960152358629,1.556442731277533
336,2,29,1,32400,74,0.002283950617283951,10.432433128356934,0.08080808080808081,0.0
336,2,29,2,32400,1808,0.05580246913580247,9.596792221069336,0.7972636815920398,1.038716814159292
336,2,30,0,32400,3729,0.1150925925925926,8.842316627502441,0.8752753303964758,1.5301689460981496
336,2,30,1,32400,89,0.0027469135802469136,7.606741428375244,0.08108108108108109,0.0
336,2,30,2,32400,1875,0.05787037037037037,8.515199661254883,0.7699115044247787,1.0122666666666666
336,2,31,0,32400,3832,0.1182716049382716,15.22520923614502,0.8728881737731295,1.5294885177453028
336,2,31,1,32400,82,0.0025308641975308644,15.999999046325684,0.11235955056179775,0.012195121951219513
336,2,31,2,32400,1957,0.06040123456790124,13.044455528259277,0.7738666666666667,1.0107307102708227
336,2,32,0,32400,4081,0.12595679012345679,8.012496948242188,0.8963987473903967,1.5630972800784122
336,2,32,1,32400,89,0.0027469135802469136,9.730337142944336,0.07317073170731707,0.02247191011235955
336,2,32,2,32400,2096,0.06469135802469136,7.494751930236816,0.7843638221768012,1.0052480916030535
336,2,33,0,32400,4080,0.1259259259259259,8.893383026123047,0.8610634648370498,1.521813725490196
336,2,33,1,32400,83,0.0025617283950617282,7.373493671417236,0.10112359550561797,0.012048192771084338
336,2,33,2,32400,2091,0.06453703703703703,8.75466251373291,0.7657442748091603,1.003347680535629
336,2,34,0,32400,4268,0.1317283950617284,23.630741119384766,0.8772058823529412,1.5201499531396439
336,2,34,1,32400,78,0.0024074074074074076,26.26923179626465,0.060240963855421686,0.0
336,2,34,2,32400,2140,0.06604938271604938,23.06962776184082,0.7714012434241989,0.9939252336448599
336,2,35,0,32400,4808,0.14839506172839506,13.345049858093262,0.918697282099344,1.629991680532446
336,2,35,1,32400,102,0.003148148148148148,10.166666984558105,0.08974358974358974,0.0196078431372549
336,2,35,2,32400,2548,0.07864197530864198,12.475667953491211,0.8210280373831775,1.0624018838304552
336,3,1,0,32400,187,0.005771604938271605,17.49197769165039,-1.0,0.41711229946524064
336,3,1,1,32400,130,0.004012345679012346,27.253843307495117,-1.0,0.06923076923076923
336,3,1,2,32400,53,0.0016358024691358025,13.43396282196045,-1.0,0.0
336,3,2,0,32400,291,0.008981481481481481,13.089347839355469,0.5133689839572193,0.41924398625429554
336,3,2,1,32400,102,0.003148148148148148,28.784317016601562,0.07692307692307693,0.0196078431372549
336,3,2,2,32400,70,0.0021604938271604936,43.757137298583984,0.1509433962264151,0.1
336,3,3,0,32400,274,0.00845679012345679,10.3759126663208,0.33676975945017185,0.40145985401459855
336,3,3,1,32400,91,0.002808641975308642,10.450550079345703,0.029411764705882353,0.0
336,3,3,2,32400,75,0.0023148148148148147,13.213334083557129,0.14285714285714285,0.05333333333333334
336,3,4,0,32400,293,0.00904320987654321,14.20819091796875,0.4124087591240876,0.34812286689419797
336,3,4,1,32400,80,0.0024691358024691358,10.237500190734863,0.02197802197802198,0.0
336,3,4,2,32400,73,0.0022530864197530865,10.684931755065918,0.12,0.0273972602739726
336,3,5,0,32400,306,0.009444444444444445,12.588235855102539,0.4232081911262799,0.5032679738562091
336,3,5,1,32400,79,0.0024382716049382715,10.98734188079834,0.0875,0.0
336,3,5,2,32400,79,0.0024382716049382715,18.443038940429688,0.1780821917808219,0.0759493670886076
336,3,6,0,32400,342,0.010555555555555556,19.491228103637695,0.4869281045751634,0.5760233918128655
336,3,6,1,32400,86,0.002654320987654321,20.05813980102539,0.0379746835443038,0.0
336,3,6,2,32400,95,0.002932098765432099,9.842105865478516,0.20253164556962025,0.08421052631578947
336,3,7,0,32400,416,0.012839506172839505,11.94230842590332,0.5497076023391813,0.6009615384615384
336,3,7,1,32400,91,0.002808641975308642,8.373626708984375,0.06976744186046512,0.0
336,3,7,2,32400,111,0.003425925925925926,11.099099159240723,0.2,0.23423423423423423
336,3,8,0,32400,440,0.013580246913580247,14.863636016845703,0.5336538461538461,0.6636363636363637
336,3,8,1,32400,101,0.003117283950617284,11.99009895324707,0.054945054945054944,0.009900990099009901
336,3,8,2,32400,110,0.0033950617283950617,12.690908432006836,0.2882882882882883,0.21818181818181817
336,3,9,0,32400,527,0.016265432098765433,9.96204948425293,0.5818181818181818,0.7798861480075902
336,3,9,1,32400,83,0.0025617283950617282,11.313252449035645,0.019801980198019802,0.0
336,3,9,2,32400,153,0.004722222222222222,12.424837112426758,0.4,0.41830065359477125
336,3,10,0,32400,528,0.016296296296296295,18.969697952270508,0.5958254269449715,0.8125
336,3,10,1,32400,72,0.0022222222222222222,28.63888931274414,0.10843373493975904,0.0
336,3,10,2,32400,176,0.005432098765432099,12.142045974731445,0.4444444444444444,0.4090909090909091
336,3,11,0,32400,562,0.01734567901234568,17.95729637145996,0.6212121212121212,0.9234875444839857
336,3,11,1,32400,81,0.0025,17.96296501159668,0.06944444444444445,0.0
336,3,11,2,32400,191,0.005895061728395061,19.073299407958984,0.5113636363636364,0.43455497382198954
336,3,12,0,32400,635,0.019598765432098767,11.941732406616211,0.6743772241992882,0.9826771653543307
336,3,12,1,32400,106,0.003271604938271605,9.54716968536377,0.09876543209876543,0.0
336,3,12,2,32400,223,0.006882716049382716,13.147982597351074,0.4973821989528796,0.5874439461883408
336,3,13,0,32400,696,0.02148148148148148,9.251437187194824,0.6976377952755906,1.1149425287356323
336,3,13,1,32400,99,0.0030555555555555557,10.34343433380127,0.03773584905660377,0.020202020202020204
336,3,13,2,32400,263,0.008117283950617284,8.296577453613281,0.6098654708520179,0.6159695817490495
336,3,14,0,32400,705,0.02175925925925926,12.520566940307617,0.7140804597701149,1.1517730496453902
336,3,14,1,32400,89,0.0027469135802469136,8.067416191101074,0.050505050505050504,0.0
336,3,14,2,32400,293,0.00904320987654321,20.28668785095215,0.5855513307984791,0.7542662116040956
336,3,15,0,32400,746,0.02302469135802469,9.018767356872559,0.7290780141843972,1.1997319034852547
336,3,15,1,32400,84,0.0025925925925925925,8.333333015441895,0.0449438202247191,0.0
336,3,15,2,32400,328,0.010123456790123457,9.990853309631348,0.6245733788395904,0.7347560975609756
336,3,16,0,32400,735,0.022685185185185187,12.948299407958984,0.710455764075067,1.161904761904762
336,3,16,1,32400,93,0.0028703703703703703,10.021505355834961,0.03571428571428571,0.010752688172043012
336,3,16,2,32400,342,0.010555555555555556,13.096490859985352,0.6189024390243902,0.7514619883040936
336,3,17,0,32400,837,0.025833333333333333,12.409796714782715,0.7877551020408163,1.2317801672640383
336,3,17,1,32400,79,0.0024382716049382715,10.126582145690918,0.053763440860215055,0.012658227848101266
336,3,17,2,32400,387,0.011944444444444445,16.708011627197266,0.7105263157894737,0.875968992248062
336,3,18,0,32400,936,0.028888888888888888,9.75854778289795,0.7873357228195937,1.2713675213675213
336,3,18,1,32400,85,0.002623456790123457,10.341176986694336,0.02531645569620253,0.011764705882352941
336,3,18,2,32400,438,0.013518518518518518,8.550228118896484,0.7260981912144703,0.9474885844748858
336,3,19,0,32400,940,0.029012345679012345,17.058509826660156,0.7532051282051282,1.2425531914893617
336,3,19,1,32400,90,0.002777777777777778,18.288890838623047,0.07058823529411765,0.0
336,3,19,2,32400,434,0.013395061728395061,12.329493522644043,0.6666666666666666,0.8963133640552995
336,3,20,0,32400,1038,0.03203703703703704,9.334297180175781,0.7957446808510639,1.264932562620424
336,3,20,1,32400,89,0.0027469135802469136,8.831460952758789,0.05555555555555555,0.011235955056179775
336,3,20,2,32400,468,0.014444444444444444,8.94444465637207,0.7119815668202765,0.8717948717948718
336,3,21,0,32400,1093,0.033734567901234566,10.238792419433594,0.7832369942196532,1.3211344922232389
336,3,21,1,32400,83,0.0025617283950617282,10.060240745544434,0.06741573033707865,0.0
336,3,21,2,32400,519,0.01601851851851852,11.91522216796875,0.7243589743589743,0.8497109826589595
336,3,22,0,32400,1152,0.035555555555555556,13.762152671813965,0.7859103385178408,1.3463541666666667
336,3,22,1,32400,96,0.002962962962962963,13.729166984558105,0.03614457831325301,0.010416666666666666
336,3,22,2,32400,558,0.017222222222222222,12.786738395690918,0.697495183044316,0.9139784946236559
336,3,23,0,32400,1277,0.039413580246913583,13.73845100402832,0.8237847222222222,1.40407204385278
336,3,23,1,32400,92,0.002839506172839506,13.05434799194336,0.09375,0.010869565217391304
336,3,23,2,32400,625,0.019290123456790122,13.449599266052246,0.7347670250896058,0.9584
336,3,24,0,32400,1390,0.042901234567901236,17.10359764099121,0.8277212216131559,1.4402877697841727
336,3,24,1,32400,84,0.0025925925925925925,10.869048118591309,0.09782608695652174,0.0
336,3,24,2,32400,677,0.020895061728395063,15.029541969299316,0.744,0.9542097488921714
336,3,25,0,32400,1545,0.047685185185185185,13.097734451293945,0.8561151079136691,1.4737864077669902
336,3,25,1,32400,83,0.0025617283950617282,11.602410316467285,0.08333333333333333,0.0
336,3,25,2,32400,785,0.024228395061728396,10.830573081970215,0.7725258493353028,1.0598726114649681
336,3,26,0,32400,1561,0.04817901234567901,13.356822967529297,0.8245954692556634,1.4625240230621397
336,3,26,1,32400,98,0.0030246913580246914,11.622448921203613,0.0963855421686747,0.0
336,3,26,2,32400,821,0.025339506172839508,12.421438217163086,0.7464968152866241,1.0012180267965896
336,3,27,0,32400,1697,0.052376543209876544,9.411314010620117,0.8667520819987188,1.4832056570418386
336,3,27,1,32400,80,0.0024691358024691358,8.612500190734863,0.08163265306122448,0.0125
336,3,27,2,32400,900,0.027777777777777776,10.79111099243164,0.7734470158343484,1.0444444444444445
336,3,28,0,32400,1738,0.053641975308641975,11.304947853088379,0.8426635238656452,1.4436133486766398
336,3,28,1,32400,83,0.0025617283950617282,7.433734893798828,0.0875,0.012048192771084338
336,3,28,2,32400,942,0.029074074074074075,10.96603012084961,0.7733333333333333,1.0021231422505308
336,3,29,0,32400,1864,0.05753086419753087,9.910408020019531,0.859608745684695,1.4629828326180256
336,3,29,1,32400,89,0.0027469135802469136,9.52808952331543,0.060240963855421686,0.011235955056179775
336,3,29,2,32400,987,0.030462962962962963,9.994935035705566,0.7632696390658175,1.0699088145896656
336,3,30,0,32400,1879,0.057993827160493824,9.04736614227295,0.8374463519313304,1.5055880787653007
336,3,30,1,32400,82,0.0025308641975308644,8.804877281188965,0.06741573033707865,0.0
336,3,30,2,32400,974,0.03006172839506173,8.399384498596191,0.7416413373860182,0.9938398357289527
336,3,31,0,32400,1933,0.059660493827160495,13.252457618713379,0.8541777541245343,1.4842214174857735
336,3,31,1,32400,87,0.002685185185185185,22.827587127685547,0.0975609756097561,0.011494252873563218
336,3,31,2,32400,997,0.030771604938271604,12.27081298828125,0.7484599589322382,0.9919759277833501
336,3,32,0,32400,2099,0.06478395061728395,7.898046493530273,0.8742886704604242,1.4840400190566936
336,3,32,1,32400,84,0.0025925925925925925,9.785714149475098,0.05747126436781609,0.0
336,3,32,2,32400,1061,0.032746913580246916,8.698397636413574,0.7683049147442327,0.9820923656927427
336,3,33,0,32400,2117,0.06533950617283951,9.317902565002441,0.8351595998094331,1.4525271610769956
336,3,33,1,32400,100,0.0030864197530864196,9.34999942779541,0.05952380952380952,0.01
336,3,33,2,32400,1044,0.03222222222222222,9.157088279724121,0.7379830348727615,0.9731800766283525
336,3,34,0,32400,2236,0.06901234567901235,24.502235412597656,0.8535663675011809,1.462432915921288
336,3,34,1,32400,82,0.0025308641975308644,17.90243911743164,0.08,0.012195121951219513
336,3,34,2,32400,1086,0.03351851851851852,21.163904190063477,0.7576628352490421,0.9548802946593001
336,3,35,0,32400,2540,0.07839506172839507,13.373228073120117,0.8971377459749553,1.5322834645669292
336,3,35,1,32400,84,0.0025925925925925925,14.904762268066406,0.06097560975609756,0.03571428571428571
336,3,35,2,32400,1334,0.04117283950617284,12.02923583984375,0.8139963167587477,1.0719640179910046
337,0,1,0,32400,166,0.0051234567901234564,12.018073081970215,-1.0,0.3072289156626506
337,0,1,1,32400,98,0.0030246913580246914,11.23469352722168,-1.0,0.030612244897959183
337,0,1,2,32400,48,0.0014814814814814814,7.520833492279053,-1.0,0.041666666666666664
337,0,2,0,32400,164,0.005061728395061729,14.310975074768066,0.24096385542168675,0.20121951219512196
337,0,2,1,32400,85,0.002623456790123457,10.929411888122559,0.061224489795918366,0.0
337,0,2,2,32400,45,0.001388888888888889,13.177778244018555,0.125,0.022222222222222223
337,0,3,0,32400,155,0.004783950617283951,10.309677124023438,0.25609756097560976,0.1032258064516129
337,0,3,1,32400,106,0.003271604938271605,13.93396282196045,0.058823529411764705,0.0
337,0,3,2,32400,61,0.001882716049382716,9.655736923217773,0.15555555555555556,0.03278688524590164
337,0,4,0,32400,157,0.004845679012345679,20.77070426940918,0.2,0.14012738853503184
337,0,4,1,32400,84,0.0025925925925925925,17.678571701049805,0.05660377358490566,0.0
337,0,4,2,32400,61,0.001882716049382716,12.557377815246582,0.01639344262295082,0.0
337,0,5,0,32400,182,0.005617283950617284,19.758241653442383,0.2802547770700637,0.10989010989010989
337,0,5,1,32400,87,0.002685185185185185,10.05747127532959,0.047619047619047616,0.0
337,0,5,2,32400,71,0.002191358024691358,14.211268424987793,0.04918032786885246,0.056338028169014086
337,0,6,0,32400,207,0.006388888888888889,11.28502368927002,0.25824175824175827,0.13043478260869565
337,0,6,1,32400,74,0.002283950617283951,7.527027130126953,0.05747126436781609,0.0
337,0,6,2,32400,61,0.001882716049382716,9.983606338500977,0.014084507042253521,0.0
337,0,7,0,32400,166,0.0051234567901234564,11.367469787597656,0.21256038647342995,0.07228915662650602
337,0,7,1,32400,91,0.002808641975308642,22.879121780395508,0.04054054054054054,0.0
337,0,7,2,32400,54,0.0016666666666666668,9.185185432434082,0.04918032786885246,0.0
337,0,8,0,32400,174,0.00537037037037037,14.603447914123535,0.2469879518072289,0.040229885057471264
337,0,8,1,32400,96,0.002962962962962963,8.260416984558105,0.0989010989010989,0.010416666666666666
337,0,8,2,32400,55,0.0016975308641975309,7.272727012634277,0.09259259259259259,0.0
337,0,9,0,32400,171,0.005277777777777778,12.725146293640137,0.20689655172413793,0.04678362573099415
337,0,9,1,32400,79,0.0024382716049382715,43.417720794677734,0.03125,0.0
337,0,9,2,32400,61,0.001882716049382716,8.491803169250488,0.05454545454545454,0.01639344262295082
337,0,10,0,32400,158,0.004876543209876543,9.113924980163574,0.15204678362573099,0.06329113924050633
337,0,10,1,32400,100,0.0030864197530864196,14.90000057220459,0.06329113924050633,0.01
337,0,10,2,32400,54,0.0016666666666666668,23.1296329498291,0.06557377049180328,0.0
337,0,11,0,32400,156,0.004814814814814815,11.84615421295166,0.22784810126582278,0.04487179487179487
337,0,11,1,32400,80,0.0024691358024691358,11.612500190734863,0.04,0.0125
337,0,11,2,32400,63,0.0019444444444444444,15.30158805847168,0.037037037037037035,0.0
337,0,12,0,32400,150,0.004629629629629629,9.106666564941406,0.19230769230769232,0.05333333333333334
337,0,12,1,32400,87,0.002685185185185185,13.137930870056152,0.0625,0.0
337,0,12,2,32400,50,0.0015432098765432098,11.819999694824219,0.031746031746031744,0.0
337,0,13,0,32400,172,0.005308641975308642,9.360465049743652,0.16666666666666666,0.06395348837209303
337,0,13,1,32400,86,0.002654320987654321,9.674418449401855,0.022988505747126436,0.0
337,0,13,2,32400,63,0.0019444444444444444,15.253968238830566,0.08,0.0
337,0,14,0,32400,168,0.005185185185185185,7.773809432983398,0.18604651162790697,0.03571428571428571
337,0,14,1,32400,91,0.002808641975308642,6.549450874328613,0.03488372093023256,0.02197802197802198
337,0,14,2,32400,63,0.0019444444444444444,8.841270446777344,0.031746031746031744,0.0
337,0,15,0,32400,143,0.00441358024691358,17.59440803527832,0.125,0.06993006993006994
337,0,15,1,32400,81,0.0025,18.11111068725586,0.04395604395604396,0.012345679012345678
337,0,15,2,32400,48,0.0014814814814814814,15.979167938232422,0.031746031746031744,0.0
337,0,16,0,32400,169,0.005216049382716049,8.094675064086914,0.1888111888111888,0.13609467455621302
337,0,16,1,32400,80,0.0024691358024691358,12.225000381469727,0.07407407407407407,0.0
337,0,16,2,32400,63,0.0019444444444444444,13.53968334197998,0.0625,0.0
337,0,17,0,32400,184,0.005679012345679012,10.57608699798584,0.23668639053254437,0.10869565217391304
337,0,17,1,32400,86,0.002654320987654321,4.883720874786377,0.0375,0.0
337,0,17,2,32400,47,0.0014506172839506173,4.510638236999512,0.047619047619047616,0.0
337,0,18,0,32400,160,0.0049382716049382715,9.03125,0.21739130434782608,0.0875
337,0,18,1,32400,81,0.0025,11.75308609008789,0.046511627906976744,0.0
337,0,18,2,32400,55,0.0016975308641975309,5.6181817054748535,0.0425531914893617,0.0
337,0,19,0,32400,151,0.004660493827160494,9.89404010772705,0.19375,0.11920529801324503
337,0,19,1,32400,88,0.0027160493827160493,9.625,0.04938271604938271,0.011363636363636364
337,0,19,2,32400,49,0.0015123456790123457,8.755102157592773,0.01818181818181818,0.0
337,0,20,0,32400,141,0.0043518518518518515,9.588652610778809,0.17880794701986755,0.06382978723404255
337,0,20,1,32400,94,0.0029012345679012346,14.042552947998047,0.06818181818181818,0.031914893617021274
337,0,20,2,32400,55,0.0016975308641975309,17.654544830322266,0.061224489795918366,0.01818181818181818
337,0,21,0,32400,166,0.0051234567901234564,14.02409553527832,0.19858156028368795,0.1144578313253012
337,0,21,1,32400,90,0.002777777777777778,11.255556106567383,0.0851063829787234,0.022222222222222223
337,0,21,2,32400,41,0.0012654320987654322,11.658535957336426,0.05454545454545454,0.0
337,0,22,0,32400,167,0.005154320987654321,14.35329532623291,0.21084337349397592,0.12574850299401197
337,0,22,1,32400,85,0.002623456790123457,10.341176986694336,0.03333333333333333,0.0
337,0,22,2,32400,70,0.0021604938271604936,20.942861557006836,0.04878048780487805,0.0
337,0,23,0,32400,188,0.005802469135802469,12.148935317993164,0.19161676646706588,0.12234042553191489
337,0,23,1,32400,94,0.0029012345679012346,20.26595687866211,0.011764705882352941,0.0
337,0,23,2,32400,64,0.0019753086419753087,35.640625,0.04285714285714286,0.0
337,0,24,0,32400,224,0.006913580246913581,11.441965103149414,0.2553191489361702,0.11160714285714286
337,0,24,1,32400,92,0.002839506172839506,8.608695983886719,0.05319148936170213,0.021739130434782608
337,0,24,2,32400,66,0.002037037037037037,10.196969985961914,0.046875,0.0
337,0,25,0,32400,179,0.0055246913580246915,14.452513694763184,0.21875,0.1564245810055866
337,0,25,1,32400,85,0.002623456790123457,10.611764907836914,0.043478260869565216,0.0
337,0,25,2,32400,59,0.0018209876543209876,12.457627296447754,0.09090909090909091,0.0
337,0,26,0,32400,233,0.0071913580246913585,9.390558242797852,0.2849162011173184,0.23605150214592274
337,0,26,1,32400,76,0.002345679012345679,7.776315689086914,0.058823529411764705,0.0
337,0,26,2,32400,56,0.0017283950617283952,8.303571701049805,0.03389830508474576,0.0
337,0,27,0,32400,208,0.006419753086419753,14.163461685180664,0.24892703862660945,0.2644230769230769
337,0,27,1,32400,76,0.002345679012345679,8.723684310913086,0.05263157894736842,0.013157894736842105
337,0,27,2,32400,58,0.0017901234567901235,8.879310607910156,0.017857142857142856,0.0
337,0,28,0,32400,241,0.007438271604938272,9.340249061584473,0.3557692307692308,0.31950207468879666
337,0,28,1,32400,91,0.002808641975308642,10.351648330688477,0.07894736842105263,0.01098901098901099
337,0,28,2,32400,54,0.0016666666666666668,12.425926208496094,0.06896551724137931,0.0
337,0,29,0,32400,243,0.0075,8.617283821105957,0.3651452282157676,0.2880658436213992
337,0,29,1,32400,70,0.0021604938271604936,9.514286041259766,0.06593406593406594,0.014285714285714285
337,0,29,2,32400,68,0.0020987654320987655,7.0,0.07407407407407407,0.014705882352941176
337,0,30,0,32400,241,0.007438271604938272,17.319503784179688,0.35390946502057613,0.3153526970954357
337,0,30,1,32400,94,0.0029012345679012346,21.03191566467285,0.11428571428571428,0.0
337,0,30,2,32400,64,0.0019753086419753087,7.421875,0.058823529411764705,0.015625
337,0,31,0,32400,271,0.008364197530864198,6.335793495178223,0.3983402489626556,0.44280442804428044
337,0,31,1,32400,101,0.003117283950617284,7.415841579437256,0.09574468085106383,0.0
337,0,31,2,32400,67,0.002067901234567901,9.238805770874023,0.09375,0.029850746268656716
337,0,32,0,32400,225,0.006944444444444444,8.808889389038086,0.3210332103321033,0.36444444444444446
337,0,32,1,32400,83,0.0025617283950617282,11.132529258728027,0.019801980198019802,0.0
337,0,32,2,32400,61,0.001882716049382716,7.655737400054932,0.1044776119402985,0.03278688524590164
337,0,33,0,32400,260,0.008024691358024692,24.011537551879883,0.4222222222222222,0.36923076923076925
337,0,33,1,32400,69,0.0021296296296296298,16.2608699798584,0.012048192771084338,0.0
337,0,33,2,32400,72,0.0022222222222222222,15.81944465637207,0.06557377049180328,0.041666666666666664
337,0,34,0,32400,313,0.009660493827160494,12.121405601501465,0.40384615384615385,0.4536741214057508
337,0,34,1,32400,91,0.002808641975308642,10.967033386230469,0.14492753623188406,0.0
337,0,34,2,32400,66,0.002037037037037037,14.530303001403809,0.1111111111111111,0.12121212121212122
337,0,35,0,32400,334,0.010308641975308641,17.323354721069336,0.43130990415335463,0.4880239520958084
337,0,35,1,32400,83,0.0025617283950617282,32.530120849609375,0.04395604395604396,0.0
337,0,35,2,32400,78,0.0024074074074074076,21.141027450561523,0.19696969696969696,0.1282051282051282
337,1,1,0,32400,181,0.00558641975308642,27.204418182373047,-1.0,0.3259668508287293
337,1,1,1,32400,110,0.0033950617283950617,29.018184661865234,-1.0,0.01818181818181818
337,1,1,2,32400,53,0.0016358024691358025,6.037735939025879,-1.0,0.018867924528301886
337,1,2,0,32400,192,0.005925925925925926,13.0625,0.3756906077348066,0.3020833333333333
337,1,2,1,32400,90,0.002777777777777778,10.788888931274414,0.09090909090909091,0.011111111111111112
337,1,2,2,32400,62,0.0019135802469135803,20.725805282592773,0.07547169811320754,0.016129032258064516
337,1,3,0,32400,228,0.007037037037037037,11.605263710021973,0.4166666666666667,0.32456140350877194
337,1,3,1,32400,87,0.002685185185185185,9.931034088134766,0.022222222222222223,0.0
337,1,3,2,32400,63,0.0019444444444444444,7.238095760345459,0.11290322580645161,0.015873015873015872
337,1,4,0,32400,228,0.007037037037037037,16.982458114624023,0.36403508771929827,0.41228070175438597
337,1,4,1,32400,91,0.002808641975308642,15.516485214233398,0.06896551724137931,0.0
337,1,4,2,32400,72,0.0022222222222222222,11.875000953674316,0.07936507936507936,0.06944444444444445
337,1,5,0,32400,247,0.007623456790123457,21.165992736816406,0.38596491228070173,0.3805668016194332
337,1,5,1,32400,93,0.0028703703703703703,14.290322303771973,0.04395604395604396,0.010752688172043012
337,1,5,2,32400,82,0.0025308641975308644,23.841463088989258,0.1388888888888889,0.0975609756097561
337,1,6,0,32400,269,0.00830246913580247,10.126394271850586,0.39271255060728744,0.5130111524163569
337,1,6,1,32400,95,0.002932098765432099,12.621052742004395,0.10752688172043011,0.010526315789473684
337,1,6,2,32400,81,0.0025,12.222222328186035,0.0975609756097561,0.024691358024691357
337,1,7,0,32400,277,0.008549382716049382,14.238266944885254,0.40892193308550184,0.48375451263537905
337,1,7,1,32400,93,0.0028703703703703703,13.924731254577637,0.07368421052631578,0.0
337,1,7,2,32400,74,0.002283950617283951,10.621622085571289,0.12345679012345678,0.0945945945945946
337,1,8,0,32400,306,0.009444444444444445,13.111111640930176,0.49097472924187724,0.4869281045751634
337,1,8,1,32400,95,0.002932098765432099,7.673684597015381,0.10752688172043011,0.010526315789473684
337,1,8,2,32400,75,0.0023148148148148147,16.453332901000977,0.1891891891891892,0.10666666666666667
337,1,9,0,32400,317,0.009783950617283951,16.637224197387695,0.4411764705882353,0.5709779179810726
337,1,9,1,32400,82,0.0025308641975308644,16.207317352294922,0.05263157894736842,0.024390243902439025
337,1,9,2,32400,95,0.002932098765432099,15.210527420043945,0.24,0.10526315789473684
337,1,10,0,32400,313,0.009660493827160494,11.581469535827637,0.444794952681388,0.6261980830670927
337,1,10,1,32400,90,0.002777777777777778,18.144445419311523,0.12195121951219512,0.011111111111111112
337,1,10,2,32400,101,0.003117283950617284,12.584157943725586,0.2736842105263158,0.2079207920792079
337,1,11,0,32400,342,0.010555555555555556,10.140351295471191,0.5175718849840255,0.6871345029239766
337,1,11,1,32400,93,0.0028703703703703703,12.376343727111816,0.1111111111111111,0.0
337,1,11,2,32400,119,0.0036728395061728395,13.512605667114258,0.31683168316831684,0.2689075630252101
337,1,12,0,32400,379,0.01169753086419753,11.699209213256836,0.52046783625731,0.7598944591029023
337,1,12,1,32400,97,0.002993827160493827,9.082473754882812,0.043010752688172046,0.0
337,1,12,2,32400,143,0.00441358024691358,9.048951148986816,0.3865546218487395,0.3006993006993007
337,1,13,0,32400,404,0.012469135802469136,12.722771644592285,0.5963060686015831,0.900990099009901
337,1,13,1,32400,69,0.0021296296296296298,12.463768005371094,0.08247422680412371,0.0
337,1,13,2,32400,147,0.004537037037037037,29.448978424072266,0.38461538461538464,0.35374149659863946
337,1,14,0,32400,479,0.01478395061728395,9.582463264465332,0.6188118811881188,0.8016701461377871
337,1,14,1,32400,88,0.0027160493827160493,7.727272987365723,0.07246376811594203,0.011363636363636364
337,1,14,2,32400,155,0.004783950617283951,10.174193382263184,0.46938775510204084,0.4967741935483871
337,1,15,0,32400,470,0.014506172839506172,12.37872314453125,0.5553235908141962,0.8702127659574468
337,1,15,1,32400,90,0.002777777777777778,14.166666984558105,0.07954545454545454,0.0
337,1,15,2,32400,153,0.004722222222222222,14.607843399047852,0.4838709677419355,0.45098039215686275
337,1,16,0,32400,470,0.014506172839506172,10.538297653198242,0.6042553191489362,0.9106382978723404
337,1,16,1,32400,94,0.0029012345679012346,18.553190231323242,0.05555555555555555,0.010638297872340425
337,1,16,2,32400,167,0.005154320987654321,16.305389404296875,0.477124183006536,0.5089820359281437
337,1,17,0,32400,545,0.01682098765432099,9.022018432617188,0.6723404255319149,0.9596330275229358
337,1,17,1,32400,96,0.002962962962962963,4.7916669845581055,0.1276595744680851,0.0
337,1,17,2,32400,196,0.006049382716049383,9.877551078796387,0.5329341317365269,0.6071428571428571
337,1,18,0,32400,514,0.015864197530864196,16.075876235961914,0.6073394495412844,0.9863813229571985
337,1,18,1,32400,87,0.002685185185185185,19.655174255371094,0.041666666666666664,0.011494252873563218
337,1,18,2,32400,188,0.005802469135802469,15.468084335327148,0.5612244897959183,0.6223404255319149
337,1,19,0,32400,573,0.017685185185185186,8.815009117126465,0.6789883268482491,1.0418848167539267
337,1,19,1,32400,95,0.002932098765432099,8.600000381469727,0.022988505747126436,0.0
337,1,19,2,32400,212,0.00654320987654321,10.43396282196045,0.5797872340425532,0.6273584905660378
337,1,20,0,32400,626,0.019320987654320988,9.231629371643066,0.6771378708551483,1.02555910543131
337,1,20,1,32400,97,0.002993827160493827,9.618556022644043,0.021052631578947368,0.0
337,1,20,2,32400,227,0.007006172839506173,11.585902214050293,0.5566037735849056,0.6784140969162996
337,1,21,0,32400,669,0.020648148148148148,12.4544095993042,0.6725239616613419,1.047832585949178
337,1,21,1,32400,82,0.0025308641975308644,7.170731544494629,0.05154639175257732,0.0
337,1,21,2,32400,248,0.007654320987654321,15.923386573791504,0.6079295154185022,0.7096774193548387
337,1,22,0,32400,746,0.02302469135802469,14.9638090133667,0.7294469357249627,1.1648793565683646
337,1,22,1,32400,95,0.002932098765432099,11.43157958984375,0.012195121951219513,0.0
337,1,22,2,32400,305,0.009413580246913581,16.30820083618164,0.625,0.6721311475409836
337,1,23,0,32400,871,0.026882716049382718,14.042479515075684,0.7667560321715817,1.1584385763490241
337,1,23,1,32400,96,0.002962962962962963,10.458333969116211,0.031578947368421054,0.0
337,1,23,2,32400,311,0.009598765432098765,15.9196138381958,0.5836065573770491,0.7684887459807074
337,1,24,0,32400,962,0.029691358024691358,10.435550689697266,0.7577497129735936,1.2411642411642412
337,1,24,1,32400,80,0.0024691358024691358,7.950000286102295,0.15625,0.0125
337,1,24,2,32400,385,0.011882716049382716,12.509090423583984,0.7395498392282959,0.8207792207792208
337,1,25,0,32400,1013,0.03126543209876543,13.656466484069824,0.7474012474012474,1.2161895360315893
337,1,25,1,32400,90,0.002777777777777778,20.122222900390625,0.0625,0.011111111111111112
337,1,25,2,32400,381,0.01175925925925926,14.375328063964844,0.625974025974026,0.8083989501312336
337,1,26,0,32400,1115,0.03441358024691358,8.812556266784668,0.7571569595261599,1.261883408071749
337,1,26,1,32400,89,0.0027469135802469136,9.20224666595459,0.07777777777777778,0.033707865168539325
337,1,26,2,32400,464,0.014320987654320988,9.612069129943848,0.7244094488188977,0.8254310344827587
337,1,27,0,32400,1121,0.03459876543209876,11.283675193786621,0.7596412556053812,1.264942016057092
337,1,27,1,32400,94,0.0029012345679012346,9.606382369995117,0.0449438202247191,0.0
337,1,27,2,32400,482,0.014876543209876544,11.885892868041992,0.7025862068965517,0.7987551867219918
337,1,28,0,32400,1246,0.03845679012345679,9.647672653198242,0.8153434433541481,1.2881219903691814
337,1,28,1,32400,82,0.0025308641975308644,7.682926654815674,0.0425531914893617,0.0
337,1,28,2,32400,557,0.017191358024691357,11.4201078414917,0.7510373443983402,0.9138240574506283
337,1,29,0,32400,1254,0.038703703703703705,8.312599182128906,0.7704654895666132,1.3094098883572567
337,1,29,1,32400,81,0.0025,11.234567642211914,0.07317073170731707,0.012345679012345678
337,1,29,2,32400,574,0.01771604938271605,8.900696754455566,0.7163375224416517,0.9198606271777003
337,1,30,0,32400,1304,0.040246913580246915,14.74616527557373,0.7942583732057417,1.289877300613497
337,1,30,1,32400,72,0.0022222222222222222,32.08333206176758,0.07407407407407407,0.013888888888888888
337,1,30,2,32400,584,0.018024691358024692,14.022259712219238,0.7125435540069687,0.9041095890410958
337,1,31,0,32400,1358,0.04191358024691358,7.663475513458252,0.7960122699386503,1.312960235640648
337,1,31,1,32400,94,0.0029012345679012346,8.276595115661621,0.1388888888888889,0.0
337,1,31,2,32400,636,0.01962962962962963,7.661949634552002,0.7157534246575342,0.8679245283018868
337,1,32,0,32400,1363,0.042067901234567905,8.804108619689941,0.7857142857142857,1.2993396918561995
337,1,32,1,32400,86,0.002654320987654321,9.651163101196289,0.031914893617021274,0.0
337,1,32,2,32400,610,0.018827160493827162,9.936065673828125,0.6713836477987422,0.819672131147541
337,1,33,0,32400,1429,0.044104938271604936,23.279916763305664,0.8092443140132062,1.3289013296011196
337,1,33,1,32400,78,0.0024074074074074076,29.4743595123291,0.03488372093023256,0.0
337,1,33,2,32400,643,0.019845679012345678,22.39502716064453,0.7049180327868853,0.8009331259720062
337,1,34,0,32400,1695,0.052314814814814814,13.341002464294434,0.8572428271518544,1.407079646017699
337,1,34,1,32400,93,0.0028703703703703703,12.709677696228027,0.05128205128205128,0.021505376344086023
337,1,34,2,32400,766,0.023641975308641976,13.695822715759277,0.7527216174183515,0.9255874673629243
337,1,35,0,32400,1760,0.05432098765432099,16.207386016845703,0.8336283185840708,1.447159090909091
337,1,35,1,32400,86,0.002654320987654321,24.569766998291016,0.06451612903225806,0.0
337,1,35,2,32400,880,0.027160493827160494,14.954545021057129,0.7532637075718016,0.9590909090909091
337,2,1,0,32400,174,0.00537037037037037,23.87930679321289,-1.0,0.3793103448275862
337,2,1,1,32400,109,0.0033641975308641974,7.192660331726074,-1.0,0.05504587155963303
337,2,1,2,32400,53,0.0016358024691358025,6.716981410980225,-1.0,0.0
337,2,2,0,32400,179,0.0055246913580246915,15.402235984802246,0.3448275862068966,0.2849162011173184
337,2,2,1,32400,93,0.0028703703703703703,11.47311782836914,0.05504587155963303,0.010752688172043012
337,2,2,2,32400,49,0.0015123456790123457,11.163265228271484,0.0,0.0
337,2,3,0,32400,218,0.006728395061728395,12.811925888061523,0.329608938547486,0.37155963302752293
337,2,3,1,32400,85,0.002623456790123457,9.494117736816406,0.07526881720430108,0.023529411764705882
337,2,3,2,32400,55,0.0016975308641975309,11.59999942779541,0.0,0.01818181818181818
337,2,4,0,32400,265,0.008179012345679013,17.15471649169922,0.39908256880733944,0.41132075471698115
337,2,4,1,32400,97,0.002993827160493827,11.494845390319824,0.07058823529411765,0.020618556701030927
337,2,4,2,32400,53,0.0016358024691358025,11.113207817077637,0.07272727272727272,0.09433962264150944
337,2,5,0,32400,273,0.008425925925925925,17.52747344970703,0.39622641509433965,0.5311355311355311
337,2,5,1,32400,87,0.002685185185185185,8.459770202636719,0.09278350515463918,0.0
337,2,5,2,32400,84,0.0025925925925925925,15.226190567016602,0.18867924528301888,0.08333333333333333
337,2,6,0,32400,300,0.009259259259259259,9.8100004196167,0.4981684981684982,0.6833333333333333
337,2,6,1,32400,89,0.0027469135802469136,13.056180000305176,0.05747126436781609,0.011235955056179775
337,2,6,2,32400,88,0.0027160493827160493,10.136363983154297,0.13095238095238096,0.19318181818181818
337,2,7,0,32400,318,0.009814814814814814,14.679244995117188,0.49333333333333335,0.6383647798742138
337,2,7,1,32400,80,0.0024691358024691358,12.25,0.02247191011235955,0.0
337,2,7,2,32400,106,0.003271604938271605,17.047170639038086,0.19318181818181818,0.16981132075471697
337,2,8,0,32400,374,0.01154320987654321,12.165775299072266,0.5377358490566038,0.6764705882352942
337,2,8,1,32400,81,0.0025,10.34567928314209,0.0625,0.0
337,2,8,2,32400,101,0.003117283950617284,8.22772216796875,0.3018867924528302,0.297029702970297
337,2,9,0,32400,367,0.01132716049382716,11.47956371307373,0.48663101604278075,0.6784741144414169
337,2,9,1,32400,79,0.0024382716049382715,12.126582145690918,0.1111111111111111,0.02531645569620253
337,2,9,2,32400,128,0.003950617283950617,10.5078125,0.37623762376237624,0.2265625
337,2,10,0,32400,401,0.012376543209876543,17.01995086669922,0.547683923705722,0.6957605985037406
337,2,10,1,32400,78,0.0024074074074074076,27.846153259277344,0.10126582278481013,0.02564102564102564
337,2,10,2,32400,122,0.003765432098765432,14.13934326171875,0.3125,0.26229508196721313
337,2,11,0,32400,474,0.01462962962962963,10.852319717407227,0.5885286783042394,0.8438818565400844
337,2,11,1,32400,85,0.002623456790123457,12.85882568359375,0.01282051282051282,0.0
337,2,11,2,32400,126,0.0038888888888888888,9.015873908996582,0.36885245901639346,0.3253968253968254
337,2,12,0,32400,552,0.017037037037037038,8.42391300201416,0.6413502109704642,0.9565217391304348
337,2,12,1,32400,96,0.002962962962962963,9.145833969116211,0.047058823529411764,0.0
337,2,12,2,32400,165,0.005092592592592593,9.757575035095215,0.4523809523809524,0.38181818181818183
337,2,13,0,32400,595,0.0183641975308642,16.569747924804688,0.6702898550724637,1.011764705882353
337,2,13,1,32400,106,0.003271604938271605,16.38679313659668,0.07291666666666667,0.0
337,2,13,2,32400,192,0.005925925925925926,16.953125,0.46060606060606063,0.4635416666666667
337,2,14,0,32400,632,0.01950617283950617,8.979430198669434,0.692436974789916,1.1028481012658229
337,2,14,1,32400,89,0.0027469135802469136,11.292135238647461,0.04716981132075472,0.0
337,2,14,2,32400,248,0.007654320987654321,10.572580337524414,0.6145833333333334,0.6895161290322581
337,2,15,0,32400,654,0.020185185185185184,13.937309265136719,0.6914556962025317,1.1131498470948011
337,2,15,1,32400,107,0.0033024691358024692,15.0,0.06741573033707865,0.018691588785046728
337,2,15,2,32400,238,0.007345679012345679,15.592437744140625,0.5725806451612904,0.5966386554621849
337,2,16,0,32400,743,0.022932098765432098,11.866756439208984,0.7568807339449541,1.2126514131897712
337,2,16,1,32400,95,0.002932098765432099,17.92631721496582,0.028037383177570093,0.0
337,2,16,2,32400,299,0.009228395061728395,13.274247169494629,0.6386554621848739,0.6655518394648829
337,2,17,0,32400,796,0.024567901234567903,11.429648399353027,0.7550471063257066,1.243718592964824
337,2,17,1,32400,92,0.002839506172839506,10.913043975830078,0.07368421052631578,0.021739130434782608
337,2,17,2,32400,323,0.009969135802469135,9.755417823791504,0.6220735785953178,0.7925696594427245
337,2,18,0,32400,814,0.025123456790123455,12.90172004699707,0.7324120603015075,1.2493857493857494
337,2,18,1,32400,90,0.002777777777777778,8.255556106567383,0.06521739130434782,0.0
337,2,18,2,32400,350,0.010802469135802469,7.231428623199463,0.6625386996904025,0.7771428571428571
337,2,19,0,32400,867,0.02675925925925926,9.839676856994629,0.7776412776412777,1.2583621683967705
337,2,19,1,32400,95,0.002932098765432099,8.673684120178223,0.011111111111111112,0.0
337,2,19,2,32400,357,0.011018518518518518,10.112045288085938,0.5971428571428572,0.6946778711484594
337,2,20,0,32400,1013,0.03126543209876543,10.6021728515625,0.8131487889273357,1.2902270483711746
337,2,20,1,32400,84,0.0025925925925925925,17.2738094329834,0.05263157894736842,0.0
337,2,20,2,32400,404,0.012469135802469136,12.482672691345215,0.680672268907563,0.7722772277227723
337,2,21,0,32400,1064,0.032839506172839504,14.716165542602539,0.771964461994077,1.2951127819548873
337,2,21,1,32400,87,0.002685185185185185,12.494253158569336,0.05952380952380952,0.0
337,2,21,2,32400,467,0.01441358024691358,10.627408981323242,0.7252475247524752,0.7858672376873662
337,2,22,0,32400,1201,0.0370679012345679,13.497920036315918,0.8167293233082706,1.3813488759367194
337,2,22,1,32400,98,0.0030246913580246914,10.530611991882324,0.06896551724137931,0.0
337,2,22,2,32400,536,0.01654320987654321,12.727612495422363,0.734475374732334,0.8973880597014925
337,2,23,0,32400,1302,0.040185185185185185,18.040706634521484,0.8276436303080766,1.422427035330261
337,2,23,1,32400,91,0.002808641975308642,28.703296661376953,0.05102040816326531,0.0
337,2,23,2,32400,602,0.018580246913580248,19.719268798828125,0.7257462686567164,0.9003322259136213
337,2,24,0,32400,1502,0.046358024691358024,12.184420585632324,0.868663594470046,1.4786950732356858
337,2,24,1,32400,95,0.002932098765432099,8.884210586547852,0.04395604395604396,0.010526315789473684
337,2,24,2,32400,737,0.022746913580246914,10.573948860168457,0.7757475083056479,1.0
337,2,25,0,32400,1508,0.04654320987654321,12.79111385345459,0.8162450066577897,1.4290450928381964
337,2,25,1,32400,93,0.0028703703703703703,13.118279457092285,0.031578947368421054,0.0
337,2,25,2,32400,736,0.02271604938271605,13.53125,0.7137042062415196,0.96875
337,2,26,0,32400,1680,0.05185185185185185,9.889881134033203,0.8647214854111406,1.4785714285714286
337,2,26,1,32400,85,0.002623456790123457,11.329412460327148,0.10752688172043011,0.011764705882352941
337,2,26,2,32400,803,0.024783950617283952,8.926525115966797,0.7703804347826086,1.0087173100871731
337,2,27,0,32400,1733,0.053487654320987656,11.327178001403809,0.8303571428571429,1.469128678592037
337,2,27,1,32400,87,0.002685185185185185,17.597702026367188,0.023529411764705882,0.011494252873563218
337,2,27,2,32400,874,0.02697530864197531,10.298626899719238,0.7683686176836861,1.0297482837528604
337,2,28,0,32400,1818,0.05611111111111111,9.511550903320312,0.8517022504327756,1.4801980198019802
337,2,28,1,32400,88,0.0027160493827160493,10.329545974731445,0.05747126436781609,0.011363636363636364
337,2,28,2,32400,935,0.028858024691358026,9.593583106994629,0.7505720823798627,1.013903743315508
337,2,29,0,32400,1824,0.056296296296296296,9.1578950881958,0.8201320132013201,1.4446271929824561
337,2,29,1,32400,83,0.0025617283950617282,11.807228088378906,0.03409090909090909,0.012048192771084338
337,2,29,2,32400,947,0.029228395061728394,8.927138328552246,0.7572192513368984,0.9714889123548046
337,2,30,0,32400,1968,0.06074074074074074,15.53404426574707,0.8601973684210527,1.4690040650406504
337,2,30,1,32400,91,0.002808641975308642,11.637362480163574,0.03614457831325301,0.0
337,2,30,2,32400,1009,0.031141975308641975,15.363726615905762,0.7550158394931362,0.9722497522299306
337,2,31,0,32400,2070,0.06388888888888888,7.639613151550293,0.853150406504065,1.4792270531400966
337,2,31,1,32400,89,0.0027469135802469136,9.0,0.054945054945054944,0.0
337,2,31,2,32400,1057,0.032623456790123455,7.478713512420654,0.7621407333994054,1.0085146641438032
337,2,32,0,32400,2055,0.06342592592592593,8.90754222869873,0.8246376811594203,1.4525547445255473
337,2,32,1,32400,96,0.002962962962962963,8.354166984558105,0.033707865168539325,0.010416666666666666
337,2,32,2,32400,1029,0.03175925925925926,8.827988624572754,0.7209082308420057,0.9271137026239067
337,2,33,0,32400,2198,0.0678395061728395,21.218379974365234,0.8656934306569343,1.4704276615104641
337,2,33,1,32400,81,0.0025,18.925926208496094,0.08333333333333333,0.037037037037037035
337,2,33,2,32400,1086,0.03351851851851852,24.344383239746094,0.7648202137998056,0.8996316758747698
337,2,34,0,32400,2502,0.07722222222222222,13.275779724121094,0.8949044585987261,1.5603517186251
337,2,34,1,32400,80,0.0024691358024691358,13.237500190734863,0.13580246913580246,0.0125
337,2,34,2,32400,1332,0.04111111111111111,12.319068908691406,0.8029465930018416,1.0435435435435436
337,2,35,0,32400,2675,0.08256172839506173,18.74018669128418,0.8828936850519584,1.5469158878504672
337,2,35,1,32400,91,0.002808641975308642,18.923076629638672,0.0625,0.0
337,2,35,2,32400,1454,0.044876543209876545,19.851444244384766,0.774024024024024,1.0811554332874829
337,3,1,0,32400,188,0.005802469135802469,46.73935317993164,-1.0,0.3404255319148936
337,3,1,1,32400,99,0.0030555555555555557,35.28282165527344,-1.0,0.06060606060606061
337,3,1,2,32400,48,0.0014814814814814814,13.520833969116211,-1.0,0.08333333333333333
337,3,2,0,32400,236,0.0072839506172839505,11.1694917678833,0.3723404255319149,0.4449152542372881
337,3,2,1,32400,95,0.002932098765432099,10.27368450164795,0.0707070707070707,0.0
337,3,2,2,32400,57,0.0017592592592592592,28.122812271118164,0.125,0.03508771929824561
337,3,3,0,32400,251,0.007746913580246913,12.00796890258789,0.4025423728813559,0.4581673306772908
337,3,3,1,32400,82,0.0025308641975308644,14.62195110321045,0.07368421052631578,0.0
337,3,3,2,32400,59,0.0018209876543209876,19.406782150268555,0.14035087719298245,0.06779661016949153
337,3,4,0,32400,265,0.008179012345679013,10.99622631072998,0.41434262948207173,0.4716981132075472
337,3,4,1,32400,88,0.0027160493827160493,15.431819915771484,0.04878048780487805,0.011363636363636364
337,3,4,2,32400,82,0.0025308641975308644,16.829267501831055,0.1864406779661017,0.12195121951219512
337,3,5,0,32400,279,0.008611111111111111,14.186380386352539,0.4641509433962264,0.4982078853046595
337,3,5,1,32400,84,0.0025925925925925925,17.19047737121582,0.056818181818181816,0.023809523809523808
337,3,5,2,32400,82,0.0025308641975308644,12.695121765136719,0.2073170731707317,0.13414634146341464
337,3,6,0,32400,302,0.009320987654320987,11.38741683959961,0.4982078853046595,0.5463576158940397
337,3,6,1,32400,79,0.0024382716049382715,10.227848052978516,0.07142857142857142,0.0
337,3,6,2,32400,77,0.0023765432098765433,12.6493501663208,0.21951219512195122,0.23376623376623376
337,3,7,0,32400,316,0.009753086419753086,12.341772079467773,0.5033112582781457,0.6582278481012658
337,3,7,1,32400,86,0.002654320987654321,9.209301948547363,0.05063291139240506,0.0
337,3,7,2,32400,79,0.0024382716049382715,14.430379867553711,0.2857142857142857,0.3037974683544304
337,3,8,0,32400,344,0.010617283950617284,10.148255348205566,0.5506329113924051,0.7005813953488372
337,3,8,1,32400,74,0.002283950617283951,13.986486434936523,0.03488372093023256,0.013513513513513514
337,3,8,2,32400,97,0.002993827160493827,17.041236877441406,0.3670886075949367,0.31958762886597936
337,3,9,0,32400,350,0.010802469135802469,9.434285163879395,0.5290697674418605,0.7171428571428572
337,3,9,1,32400,91,0.002808641975308642,15.263736724853516,0.0945945945945946,0.0
337,3,9,2,32400,118,0.0036419753086419752,9.059322357177734,0.3402061855670103,0.3050847457627119
337,3,10,0,32400,320,0.009876543209876543,17.806251525878906,0.48,0.65
337,3,10,1,32400,78,0.0024074074074074076,18.756410598754883,0.054945054945054944,0.02564102564102564
337,3,10,2,32400,87,0.002685185185185185,7.459770202636719,0.2627118644067797,0.19540229885057472
337,3,11,0,32400,335,0.010339506172839507,14.731343269348145,0.5375,0.7223880597014926
337,3,11,1,32400,79,0.0024382716049382715,14.9367094039917,0.05128205128205128,0.012658227848101266
337,3,11,2,32400,116,0.003580246913580247,11.913792610168457,0.3793103448275862,0.1206896551724138
337,3,12,0,32400,422,0.013024691358024691,10.585308074951172,0.6,0.7677725118483413
337,3,12,1,32400,86,0.002654320987654321,9.360465049743652,0.08860759493670886,0.0
337,3,12,2,32400,110,0.0033950617283950617,10.42727279663086,0.2672413793103448,0.22727272727272727
337,3,13,0,32400,425,0.013117283950617283,13.174117088317871,0.5592417061611374,0.8164705882352942
337,3,13,1,32400,83,0.0025617283950617282,11.120482444763184,0.08139534883720931,0.012048192771084338
337,3,13,2,32400,139,0.004290123456790124,20.18705177307129,0.41818181818181815,0.28776978417266186
337,3,14,0,32400,466,0.014382716049382717,9.251072883605957,0.5976470588235294,0.8433476394849786
337,3,14,1,32400,92,0.002839506172839506,12.717391967773438,0.024096385542168676,0.0
337,3,14,2,32400,140,0.004320987654320987,11.29285717010498,0.3669064748201439,0.30714285714285716
337,3,15,0,32400,462,0.01425925925925926,14.346320152282715,0.5879828326180258,0.9567099567099567
337,3,15,1,32400,78,0.0024074074074074076,18.05128288269043,0.15217391304347827,0.01282051282051282
337,3,15,2,32400,140,0.004320987654320987,13.714285850524902,0.4,0.32857142857142857
337,3,16,0,32400,503,0.015524691358024692,11.204771041870117,0.6298701298701299,0.904572564612326
337,3,16,1,32400,107,0.0033024691358024692,8.747663497924805,0.10256410256410256,0.009345794392523364
337,3,16,2,32400,170,0.005246913580246914,15.676470756530762,0.5285714285714286,0.3764705882352941
337,3,17,0,32400,522,0.01611111111111111,9.352490425109863,0.6222664015904572,0.9540229885057471
337,3,17,1,32400,70,0.0021604938271604936,5.599999904632568,0.04672897196261682,0.014285714285714285
337,3,17,2,32400,182,0.005617283950617284,9.961538314819336,0.4411764705882353,0.4065934065934066
337,3,18,0,32400,493,0.015216049382716049,19.63286018371582,0.6226053639846744,1.002028397565923
337,3,18,1,32400,88,0.0027160493827160493,23.43181800842285,0.02857142857142857,0.0
337,3,18,2,32400,169,0.005216049382716049,15.946745872497559,0.4340659340659341,0.378698224852071
337,3,19,0,32400,599,0.018487654320987656,9.045074462890625,0.7200811359026369,1.023372287145242
337,3,19,1,32400,79,0.0024382716049382715,7.645569801330566,0.045454545454545456,0.0
337,3,19,2,32400,183,0.005648148148148148,10.016392707824707,0.5088757396449705,0.46994535519125685
337,3,20,0,32400,611,0.018858024691358024,11.613748550415039,0.666110183639399,1.055646481178396
337,3,20,1,32400,79,0.0024382716049382715,14.01265811920166,0.06329113924050633,0.0
337,3,20,2,32400,199,0.006141975308641976,10.804019927978516,0.5081967213114754,0.542713567839196
337,3,21,0,32400,629,0.01941358024691358,12.893482208251953,0.6841243862520459,1.084260731319555
337,3,21,1,32400,86,0.002654320987654321,8.325581550598145,0.0379746835443038,0.011627906976744186
337,3,21,2,32400,201,0.0062037037037037035,13.55721378326416,0.5175879396984925,0.46766169154228854
337,3,22,0,32400,689,0.02126543209876543,14.666184425354004,0.7217806041335453,1.1538461538461537
337,3,22,1,32400,102,0.003148148148148148,8.666666984558105,0.05813953488372093,0.0
337,3,22,2,32400,245,0.007561728395061728,12.334693908691406,0.6069651741293532,0.5591836734693878
337,3,23,0,32400,774,0.02388888888888889,16.60594367980957,0.7547169811320755,1.186046511627907
337,3,23,1,32400,81,0.0025,12.864197731018066,0.06862745098039216,0.0
337,3,23,2,32400,287,0.008858024691358025,19.801393508911133,0.6163265306122448,0.6550522648083623
337,3,24,0,32400,862,0.026604938271604938,10.548723220825195,0.7674418604651163,1.2447795823665893
337,3,24,1,32400,76,0.002345679012345679,10.0921049118042,0.037037037037037035,0.0
337,3,24,2,32400,350,0.010802469135802469,11.342857360839844,0.6689895470383276,0.7285714285714285
337,3,25,0,32400,833,0.025709876543209876,14.435773849487305,0.7378190255220418,1.2545018007202882
337,3,25,1,32400,81,0.0025,10.925926208496094,0.09210526315789473,0.012345679012345678
337,3,25,2,32400,336,0.01037037037037037,10.038690567016602,0.5914285714285714,0.6488095238095238
337,3,26,0,32400,889,0.027438271604938273,10.209224700927734,0.7791116446578632,1.2722159730033746
337,3,26,1,32400,91,0.002808641975308642,8.758241653442383,0.024691358024691357,0.0
337,3,26,2,32400,389,0.012006172839506174,8.98200511932373,0.6369047619047619,0.6915167095115681
337,3,27,0,32400,946,0.029197530864197532,11.20718765258789,0.7784026996625422,1.27061310782241
337,3,27,1,32400,57,0.0017592592592592592,7.157894611358643,0.01098901098901099,0.0
337,3,27,2,32400,393,0.012129629629629629,12.310432434082031,0.6143958868894601,0.6743002544529262
337,3,28,0,32400,999,0.030833333333333334,10.236235618591309,0.7896405919661733,1.3303303303303304
337,3,28,1,32400,84,0.0025925925925925925,12.25,0.0,0.0
337,3,28,2,32400,422,0.013024691358024691,8.855450630187988,0.6539440203562341,0.7630331753554502
337,3,29,0,32400,1029,0.03175925925925926,8.776481628417969,0.7787787787787788,1.2866861030126335
337,3,29,1,32400,111,0.003425925925925926,7.441441535949707,0.047619047619047616,0.0
337,3,29,2,32400,458,0.014135802469135803,8.24454116821289,0.6706161137440758,0.6899563318777293
337,3,30,0,32400,1052,0.032469135802469136,15.050379753112793,0.7813411078717201,1.296577946768061
337,3,30,1,32400,68,0.0020987654320987655,34.55882263183594,0.05405405405405406,0.0
337,3,30,2,32400,469,0.014475308641975309,9.79957389831543,0.631004366812227,0.7121535181236673
337,3,31,0,32400,1136,0.03506172839506173,7.958626747131348,0.80893536121673,1.3116197183098592
337,3,31,1,32400,93,0.0028703703703703703,9.870967864990234,0.11764705882352941,0.021505376344086023
337,3,31,2,32400,481,0.014845679012345679,7.546777725219727,0.6353944562899787,0.7089397089397089
337,3,32,0,32400,1128,0.03481481481481481,8.709219932556152,0.7922535211267606,1.3599290780141844
337,3,32,1,32400,74,0.002283950617283951,10.972972869873047,0.043010752688172046,0.013513513513513514
337,3,32,2,32400,475,0.014660493827160493,8.294736862182617,0.6195426195426196,0.6757894736842105
337,3,33,0,32400,1184,0.03654320987654321,22.88429069519043,0.8102836879432624,1.3412162162162162
337,3,33,1,32400,80,0.0024691358024691358,12.58750057220459,0.013513513513513514,0.0125
337,3,33,2,32400,474,0.01462962962962963,26.3206729888916,0.6421052631578947,0.6983122362869199
337,3,34,0,32400,1361,0.042006172839506174,13.147685050964355,0.8344594594594594,1.3798677443056575
337,3,34,1,32400,104,0.0032098765432098763,13.557692527770996,0.0875,0.028846153846153848
337,3,34,2,32400,623,0.019228395061728396,12.1556978225708,0.7320675105485233,0.78330658105939
337,3,35,0,32400,1494,0.04611111111111111,19.469879150390625,0.8265980896399706,1.3708165997322623
337,3,35,1,32400,95,0.002932098765432099,26.80000114440918,0.07692307692307693,0.010526315789473684
337,3,35,2,32400,649,0.020030864197530866,17.394453048706055,0.6677367576243981,0.8443759630200308
338,0,1,0,32400,170,0.005246913580246914,14.600000381469727,-1.0,0.3235294117647059
338,0,1,1,32400,99,0.0030555555555555557,19.30303192138672,-1.0,0.09090909090909091
338,0,1,2,32400,50,0.0015432098765432098,11.4399995803833,-1.0,0.06
338,0,2,0,32400,248,0.007654320987654321,12.149192810058594,0.4764705882352941,0.38306451612903225
338,0,2,1,32400,111,0.003425925925925926,10.774775505065918,0.08080808080808081,0.009009009009009009
338,0,2,2,32400,66,0.002037037037037037,9.803030967712402,0.16,0.045454545454545456
338,0,3,0,32400,273,0.008425925925925925,14.820512771606445,0.4435483870967742,0.46153846153846156
338,0,3,1,32400,89,0.0027469135802469136,16.53932762145996,0.09009009009009009,0.0
338,0,3,2,32400,67,0.002067901234567901,30.41791343688965,0.21212121212121213,0.04477611940298507
338,0,4,0,32400,340,0.010493827160493827,20.370588302612305,0.47985347985347987,0.47941176470588237
338,0,4,1,32400,89,0.0027469135802469136,12.775280952453613,0.0898876404494382,0.033707865168539325
338,0,4,2,32400,92,0.002839506172839506,25.043481826782227,0.14925373134328357,0.18478260869565216
338,0,5,0,32400,433,0.013364197530864198,10.371824264526367,0.55,0.6697459584295612
338,0,5,1,32400,73,0.0022530864197530865,12.520547866821289,0.0449438202247191,0.0
338,0,5,2,32400,110,0.0033950617283950617,10.381817817687988,0.31521739130434784,0.3090909090909091
338,0,6,0,32400,456,0.014074074074074074,12.6578950881958,0.5519630484988453,0.831140350877193
338,0,6,1,32400,97,0.002993827160493827,19.762887954711914,0.0821917808219178,0.010309278350515464
338,0,6,2,32400,125,0.0038580246913580245,12.968000411987305,0.3090909090909091,0.328
338,0,7,0,32400,511,0.015771604938271604,10.58708381652832,0.6052631578947368,0.9178082191780822
338,0,7,1,32400,87,0.002685185185185185,14.804597854614258,0.05154639175257732,0.011494252873563218
338,0,7,2,32400,139,0.004290123456790124,10.48921012878418,0.368,0.3597122302158273
338,0,8,0,32400,509,0.015709876543209877,16.768173217773438,0.6086105675146771,0.9390962671905697
338,0,8,1,32400,95,0.002932098765432099,29.273685455322266,0.08045977011494253,0.0
338,0,8,2,32400,172,0.005308641975308642,21.494186401367188,0.4460431654676259,0.436046511627907
338,0,9,0,32400,579,0.01787037037037037,17.172712326049805,0.6483300589390962,0.9326424870466321
338,0,9,1,32400,84,0.0025925925925925925,8.535714149475098,0.06315789473684211,0.0
338,0,9,2,32400,176,0.005432098765432099,14.028409957885742,0.4883720930232558,0.45454545454545453
338,0,10,0,32400,608,0.018765432098765432,14.4046049118042,0.6528497409326425,1.0328947368421053
338,0,10,1,32400,99,0.0030555555555555557,15.757575988769531,0.08333333333333333,0.04040404040404041
338,0,10,2,32400,212,0.00654320987654321,13.570755004882812,0.4772727272727273,0.5047169811320755
338,0,11,0,32400,675,0.020833333333333332,9.465185165405273,0.7088815789473685,1.1066666666666667
338,0,11,1,32400,84,0.0025925925925925925,9.85714340209961,0.0707070707070707,0.0
338,0,11,2,32400,256,0.007901234567901235,10.15234375,0.5707547169811321,0.68359375
338,0,12,0,32400,702,0.021666666666666667,10.35897445678711,0.7037037037037037,1.1296296296296295
338,0,12,1,32400,84,0.0025925925925925925,16.845237731933594,0.14285714285714285,0.0
338,0,12,2,32400,287,0.008858024691358025,17.16376304626465,0.6015625,0.6515679442508711
338,0,13,0,32400,772,0.02382716049382716,8.927460670471191,0.7350427350427351,1.1696891191709844
338,0,13,1,32400,98,0.0030246913580246914,8.918367385864258,0.10714285714285714,0.0
338,0,13,2,32400,298,0.00919753086419753,9.187919616699219,0.5853658536585366,0.6845637583892618
338,0,14,0,32400,791,0.02441358024691358,14.90771198272705,0.716321243523316,1.1833122629582806
338,0,14,1,32400,88,0.0027160493827160493,15.875,0.10204081632653061,0.0
338,0,14,2,32400,307,0.009475308641975308,14.048859596252441,0.6208053691275168,0.7198697068403909
338,0,15,0,32400,873,0.026944444444444444,13.242841720581055,0.7749683944374209,1.2061855670103092
338,0,15,1,32400,73,0.0022530864197530865,7.986301422119141,0.056818181818181816,0.0136986301369863
338,0,15,2,32400,356,0.010987654320987654,13.10393238067627,0.6840390879478827,0.7893258426966292
338,0,16,0,32400,941,0.02904320987654321,10.370882034301758,0.7766323024054983,1.2295430393198725
338,0,16,1,32400,100,0.0030864197530864196,9.160000801086426,0.0684931506849315,0.0
338,0,16,2,32400,399,0.012314814814814815,10.66416072845459,0.7219101123595506,0.8471177944862155
338,0,17,0,32400,950,0.029320987654320986,15.716841697692871,0.7460148777895855,1.2726315789473683
338,0,17,1,32400,76,0.002345679012345679,8.9078950881958,0.03,0.0
338,0,17,2,32400,394,0.012160493827160494,16.931472778320312,0.6416040100250626,0.7538071065989848
338,0,18,0,32400,1053,0.0325,9.060778617858887,0.8021052631578948,1.291547958214625
338,0,18,1,32400,69,0.0021296296296296298,10.231884002685547,0.039473684210526314,0.0
338,0,18,2,32400,421,0.012993827160493828,8.89073657989502,0.6776649746192893,0.7505938242280285
338,0,19,0,32400,1101,0.03398148148148148,11.95549488067627,0.785375118708452,1.3115349682107176
338,0,19,1,32400,93,0.0028703703703703703,9.645161628723145,0.057971014492753624,0.0
338,0,19,2,32400,457,0.014104938271604939,13.485776901245117,0.6745843230403801,0.7768052516411379
338,0,20,0,32400,1181,0.03645061728395062,12.295512199401855,0.8056312443233424,1.357324301439458
338,0,20,1,32400,94,0.0029012345679012346,14.62765884399414,0.07526881720430108,0.010638297872340425
338,0,20,2,32400,526,0.016234567901234568,13.186311721801758,0.7396061269146609,0.8460076045627376
338,0,21,0,32400,1248,0.03851851851851852,15.633014678955078,0.8128704487722269,1.4054487179487178
338,0,21,1,32400,90,0.002777777777777778,17.500003814697266,0.10638297872340426,0.0
338,0,21,2,32400,629,0.01941358024691358,11.275039672851562,0.7566539923954373,0.9825119236883942
338,0,22,0,32400,1356,0.04185185185185185,16.627580642700195,0.8269230769230769,1.3982300884955752
338,0,22,1,32400,73,0.0022530864197530865,15.630136489868164,0.03333333333333333,0.0273972602739726
338,0,22,2,32400,672,0.02074074074074074,13.75148868560791,0.7488076311605724,0.9925595238095238
338,0,23,0,32400,1497,0.046203703703703705,11.857715606689453,0.8421828908554573,1.4462257849031397
338,0,23,1,32400,84,0.0025925925925925925,9.59523868560791,0.0821917808219178,0.0
338,0,23,2,32400,775,0.023919753086419752,12.13548469543457,0.7827380952380952,1.0374193548387096
338,0,24,0,32400,1518,0.04685185185185185,13.579710006713867,0.8189712758851035,1.3972332015810276
338,0,24,1,32400,87,0.002685185185185185,13.390804290771484,0.07142857142857142,0.011494252873563218
338,0,24,2,32400,752,0.023209876543209877,16.087764739990234,0.7174193548387097,1.0013297872340425
338,0,25,0,32400,1662,0.0512962962962963,9.59085464477539,0.8504611330698287,1.4915764139590855
338,0,25,1,32400,63,0.0019444444444444444,11.30158805847168,0.011494252873563218,0.015873015873015872
338,0,25,2,32400,813,0.025092592592592593,10.313652992248535,0.7566489361702128,1.013530135301353
338,0,26,0,32400,1717,0.05299382716049383,11.263250350952148,0.8441636582430806,1.4665113570180548
338,0,26,1,32400,85,0.002623456790123457,11.870588302612305,0.07936507936507936,0.0
338,0,26,2,32400,877,0.0270679012345679,10.608893394470215,0.7576875768757687,1.014823261117446
338,0,27,0,32400,1817,0.056080246913580246,9.683544158935547,0.8625509609784507,1.4903687396807925
338,0,27,1,32400,74,0.002283950617283951,9.594594955444336,0.09411764705882353,0.0
338,0,27,2,32400,920,0.028395061728395062,8.928260803222656,0.766248574686431,1.0217391304347827
338,0,28,0,32400,1798,0.05549382716049383,8.468853950500488,0.825536598789213,1.4682981090100111
338,0,28,1,32400,104,0.0032098765432098763,8.105769157409668,0.06756756756756757,0.009615384615384616
338,0,28,2,32400,918,0.028333333333333332,8.943354606628418,0.7576086956521739,1.022875816993464
338,0,29,0,32400,1855,0.05725308641975309,13.141240119934082,0.8442714126807565,1.4797843665768193
338,0,29,1,32400,93,0.0028703703703703703,10.397849082946777,0.0673076923076923,0.0
338,0,29,2,32400,945,0.029166666666666667,12.523809432983398,0.7788671023965141,1.001058201058201
338,0,30,0,32400,1993,0.06151234567901234,8.137481689453125,0.859299191374663,1.4455594581033617
338,0,30,1,32400,77,0.0023765432098765433,6.532467365264893,0.053763440860215055,0.0
338,0,30,2,32400,991,0.03058641975308642,8.327951431274414,0.762962962962963,0.9515640766902119
338,0,31,0,32400,1972,0.060864197530864195,9.086206436157227,0.8223783241344707,1.4284989858012171
338,0,31,1,32400,87,0.002685185185185185,7.425287246704102,0.11688311688311688,0.011494252873563218
338,0,31,2,32400,994,0.030679012345679012,8.835009574890137,0.7497477295660948,0.959758551307847
338,0,32,0,32400,2069,0.06385802469135803,22.942968368530273,0.8529411764705882,1.4407926534557758
338,0,32,1,32400,79,0.0024382716049382715,22.5443058013916,0.011494252873563218,0.012658227848101266
338,0,32,2,32400,1024,0.03160493827160494,18.677734375,0.7354124748490946,0.9326171875
338,0,33,0,32400,2343,0.07231481481481482,11.667946815490723,0.8922184630256162,1.5296628254374733
338,0,33,1,32400,79,0.0024382716049382715,10.94936752319336,0.0759493670886076,0.0
338,0,33,2,32400,1200,0.037037037037037035,12.24333381652832,0.802734375,1.0566666666666666
338,0,34,0,32400,2360,0.0728395061728395,20.25254249572754,0.8608621425522834,1.536864406779661
338,0,34,1,32400,79,0.0024382716049382715,18.01266098022461,0.06329113924050633,0.012658227848101266
338,0,34,2,32400,1260,0.03888888888888889,21.061904907226562,0.7875,1.0777777777777777
338,0,35,0,32400,2593,0.08003086419753086,26.839183807373047,0.8983050847457628,1.5896644812957963
338,0,35,1,32400,85,0.002623456790123457,21.082353591918945,0.0759493670886076,0.0
338,0,35,2,32400,1447,0.044660493827160495,29.360746383666992,0.8214285714285714,1.143054595715273
338,1,1,0,32400,169,0.005216049382716049,12.881656646728516,-1.0,0.40236686390532544
338,1,1,1,32400,100,0.0030864197530864196,17.930002212524414,-1.0,0.05
338,1,1,2,32400,70,0.0021604938271604936,15.057145118713379,-1.0,0.02857142857142857
338,1,2,0,32400,248,0.007654320987654321,10.693548202514648,0.4378698224852071,0.46774193548387094
338,1,2,1,32400,99,0.0030555555555555557,9.606060981750488,0.04,0.030303030303030304
338,1,2,2,32400,57,0.0017592592592592592,7.491228103637695,0.14285714285714285,0.0
338,1,3,0,32400,278,0.008580246913580248,10.56834602355957,0.42338709677419356,0.4856115107913669
338,1,3,1,32400,91,0.002808641975308642,16.120880126953125,0.06060606060606061,0.02197802197802198
338,1,3,2,32400,59,0.0018209876543209876,23.559326171875,0.08771929824561403,0.03389830508474576
338,1,4,0,32400,308,0.009506172839506173,13.98701286315918,0.4352517985611511,0.5227272727272727
338,1,4,1,32400,97,0.002993827160493827,11.567009925842285,0.13186813186813187,0.0
338,1,4,2,32400,71,0.002191358024691358,12.126760482788086,0.1694915254237288,0.056338028169014086
338,1,5,0,32400,343,0.01058641975308642,9.034985542297363,0.487012987012987,0.5743440233236151
338,1,5,1,32400,74,0.002283950617283951,12.013513565063477,0.041237113402061855,0.0
338,1,5,2,32400,70,0.0021604938271604936,12.414285659790039,0.16901408450704225,0.12857142857142856
338,1,6,0,32400,324,0.01,13.839506149291992,0.4839650145772595,0.6358024691358025
338,1,6,1,32400,117,0.003611111111111111,16.547008514404297,0.05405405405405406,0.0
338,1,6,2,32400,95,0.002932098765432099,9.357894897460938,0.2857142857142857,0.1368421052631579
338,1,7,0,32400,371,0.011450617283950618,12.921833038330078,0.5740740740740741,0.7358490566037735
338,1,7,1,32400,90,0.002777777777777778,6.866666793823242,0.08547008547008547,0.0
338,1,7,2,32400,103,0.0031790123456790125,11.456311225891113,0.23157894736842105,0.33980582524271846
338,1,8,0,32400,372,0.011481481481481481,31.239246368408203,0.522911051212938,0.782258064516129
338,1,8,1,32400,82,0.0025308641975308644,20.634145736694336,0.022222222222222223,0.012195121951219513
338,1,8,2,32400,116,0.003580246913580247,17.508621215820312,0.4174757281553398,0.29310344827586204
338,1,9,0,32400,447,0.013796296296296296,15.348993301391602,0.6129032258064516,0.8769574944071589
338,1,9,1,32400,80,0.0024691358024691358,11.525001525878906,0.08536585365853659,0.025
338,1,9,2,32400,125,0.0038580246913580245,21.744001388549805,0.35344827586206895,0.344
338,1,10,0,32400,480,0.014814814814814815,11.814583778381348,0.5861297539149888,0.9270833333333334
338,1,10,1,32400,92,0.002839506172839506,14.032608985900879,0.0625,0.0
338,1,10,2,32400,134,0.004135802469135802,11.701492309570312,0.4,0.23880597014925373
338,1,11,0,32400,512,0.01580246913580247,10.474609375,0.6020833333333333,0.96875
338,1,11,1,32400,79,0.0024382716049382715,9.075949668884277,0.043478260869565216,0.0
338,1,11,2,32400,162,0.005,9.882716178894043,0.4552238805970149,0.2839506172839506
338,1,12,0,32400,542,0.016728395061728397,11.885608673095703,0.646484375,1.0830258302583027
338,1,12,1,32400,74,0.002283950617283951,19.58108139038086,0.0379746835443038,0.0
338,1,12,2,32400,170,0.005246913580246914,9.44705867767334,0.4444444444444444,0.5941176470588235
338,1,13,0,32400,590,0.018209876543209876,9.096610069274902,0.6992619926199262,1.1389830508474577
338,1,13,1,32400,69,0.0021296296296296298,11.028985977172852,0.04054054054054054,0.0
338,1,13,2,32400,204,0.006296296296296296,6.740196228027344,0.5588235294117647,0.5931372549019608
338,1,14,0,32400,623,0.019228395061728396,13.043338775634766,0.7135593220338983,1.131621187800963
338,1,14,1,32400,79,0.0024382716049382715,8.9367094039917,0.057971014492753624,0.0
338,1,14,2,32400,215,0.006635802469135803,19.44186019897461,0.5245098039215687,0.5906976744186047
338,1,15,0,32400,693,0.021388888888888888,12.249639511108398,0.7528089887640449,1.27994227994228
338,1,15,1,32400,106,0.003271604938271605,14.93396282196045,0.10126582278481013,0.018867924528301886
338,1,15,2,32400,280,0.008641975308641974,16.042858123779297,0.6093023255813953,0.6964285714285714
338,1,16,0,32400,822,0.02537037037037037,10.062044143676758,0.810966810966811,1.2883211678832116
338,1,16,1,32400,80,0.0024691358024691358,12.137499809265137,0.03773584905660377,0.025
338,1,16,2,32400,311,0.009598765432098765,11.215434074401855,0.65,0.7556270096463023
338,1,17,0,32400,819,0.025277777777777777,13.380952835083008,0.7347931873479319,1.249084249084249
338,1,17,1,32400,99,0.0030555555555555557,20.141414642333984,0.0125,0.010101010101010102
338,1,17,2,32400,314,0.009691358024691357,13.12101936340332,0.6109324758842444,0.7165605095541401
338,1,18,0,32400,890,0.027469135802469135,9.304494857788086,0.7704517704517705,1.3022471910112359
338,1,18,1,32400,87,0.002685185185185185,9.126437187194824,0.050505050505050504,0.0
338,1,18,2,32400,338,0.010432098765432099,10.84023666381836,0.6178343949044586,0.727810650887574
338,1,19,0,32400,940,0.029012345679012345,13.045743942260742,0.7887640449438202,1.2957446808510638
338,1,19,1,32400,99,0.0030555555555555557,16.31313133239746,0.022988505747126436,0.0
338,1,19,2,32400,401,0.012376543209876543,12.822942733764648,0.6449704142011834,0.8029925187032418
338,1,20,0,32400,1056,0.03259259259259259,11.685606002807617,0.8106382978723404,1.3513257575757576
338,1,20,1,32400,107,0.0033024691358024692,13.392522811889648,0.09090909090909091,0.028037383177570093
338,1,20,2,32400,417,0.01287037037037037,13.690648078918457,0.6483790523690773,0.8033573141486811
338,1,21,0,32400,1144,0.03530864197530864,14.875875473022461,0.8248106060606061,1.3741258741258742
338,1,21,1,32400,96,0.002962962962962963,12.041666984558105,0.06542056074766354,0.010416666666666666
338,1,21,2,32400,474,0.01462962962962963,11.824894905090332,0.6954436450839329,0.8375527426160337
338,1,22,0,32400,1217,0.03756172839506173,17.64667320251465,0.8076923076923077,1.3377156943303206
338,1,22,1,32400,105,0.0032407407407407406,19.88571548461914,0.13541666666666666,0.0
338,1,22,2,32400,516,0.015925925925925927,18.137596130371094,0.6919831223628692,0.8352713178294574
338,1,23,0,32400,1419,0.0437962962962963,12.959125518798828,0.8405916187345933,1.4101479915433404
338,1,23,1,32400,99,0.0030555555555555557,11.838383674621582,0.11428571428571428,0.0
338,1,23,2,32400,633,0.019537037037037037,13.780410766601562,0.748062015503876,0.985781990521327
338,1,24,0,32400,1442,0.04450617283950617,14.012483596801758,0.7991543340380549,1.383495145631068
338,1,24,1,32400,67,0.002067901234567901,15.149253845214844,0.0707070707070707,0.0
338,1,24,2,32400,654,0.020185185185185184,14.544342994689941,0.721958925750395,0.944954128440367
338,1,25,0,32400,1613,0.049783950617283954,10.278363227844238,0.8509015256588072,1.448233106013639
338,1,25,1,32400,97,0.002993827160493827,8.30927848815918,0.1044776119402985,0.010309278350515464
338,1,25,2,32400,775,0.023919753086419752,8.85677433013916,0.7752293577981652,0.9625806451612903
338,1,26,0,32400,1663,0.05132716049382716,11.218279838562012,0.8270303781773094,1.423331328923632
338,1,26,1,32400,86,0.002654320987654321,13.732558250427246,0.07216494845360824,0.0
338,1,26,2,32400,790,0.024382716049382715,11.998734474182129,0.7290322580645161,0.9734177215189873
338,1,27,0,32400,1798,0.05549382716049383,9.090099334716797,0.8526758869512928,1.4849833147942157
338,1,27,1,32400,85,0.002623456790123457,8.388235092163086,0.08139534883720931,0.011764705882352941
338,1,27,2,32400,899,0.027746913580246915,10.096774101257324,0.7658227848101266,0.9521690767519466
338,1,28,0,32400,1812,0.05592592592592593,8.48178768157959,0.8225806451612904,1.423841059602649
338,1,28,1,32400,94,0.0029012345679012346,9.308510780334473,0.07058823529411765,0.02127659574468085
338,1,28,2,32400,865,0.02669753086419753,8.692485809326172,0.7085650723025584,0.9260115606936417
338,1,29,0,32400,1855,0.05725308641975309,12.926684379577637,0.8355408388520972,1.4188679245283018
338,1,29,1,32400,92,0.002839506172839506,12.108695983886719,0.09574468085106383,0.0
338,1,29,2,32400,919,0.028364197530864197,14.677910804748535,0.738728323699422,0.9434167573449401
338,1,30,0,32400,2005,0.06188271604938272,8.17605972290039,0.8630727762803234,1.4887780548628429
338,1,30,1,32400,82,0.0025308641975308644,7.7317070960998535,0.043478260869565216,0.012195121951219513
338,1,30,2,32400,981,0.03027777777777778,7.753312587738037,0.7584330794341676,0.9969418960244648
338,1,31,0,32400,1941,0.05990740740740741,9.235960960388184,0.8204488778054863,1.426069036579083
338,1,31,1,32400,77,0.0023765432098765433,7.675324440002441,0.012195121951219513,0.0
338,1,31,2,32400,937,0.028919753086419753,8.83030891418457,0.7104994903160041,0.9092849519743863
338,1,32,0,32400,2037,0.06287037037037037,24.12911033630371,0.8495620814013395,1.415316642120766
338,1,32,1,32400,88,0.0027160493827160493,22.44318389892578,0.03896103896103896,0.0
338,1,32,2,32400,990,0.030555555555555555,22.565656661987305,0.7534685165421559,0.9282828282828283
338,1,33,0,32400,2349,0.0725,11.84376335144043,0.8939617083946981,1.4985100042571307
338,1,33,1,32400,85,0.002623456790123457,11.458824157714844,0.125,0.011764705882352941
338,1,33,2,32400,1138,0.03512345679012346,12.788225173950195,0.7777777777777778,0.9824253075571178
338,1,34,0,32400,2498,0.07709876543209876,20.77301788330078,0.8659003831417624,1.509207365892714
338,1,34,1,32400,82,0.0025308641975308644,19.207319259643555,0.058823529411764705,0.036585365853658534
338,1,34,2,32400,1263,0.03898148148148148,18.427553176879883,0.7680140597539543,1.0221694378463975
338,1,35,0,32400,2757,0.0850925925925926,27.41494369506836,0.8855084067253803,1.5491476242292346
338,1,35,1,32400,71,0.002191358024691358,20.154930114746094,0.036585365853658534,0.0
338,1,35,2,32400,1390,0.042901234567901236,33.56474685668945,0.7759303246239113,1.0345323741007195
338,2,1,0,32400,204,0.006296296296296296,15.333333969116211,-1.0,0.35784313725490197
338,2,1,1,32400,96,0.002962962962962963,11.541666984558105,-1.0,0.010416666666666666
338,2,1,2,32400,57,0.0017592592592592592,9.631579399108887,-1.0,0.03508771929824561
338,2,2,0,32400,256,0.007901234567901235,11.6796875,0.47058823529411764,0.375
338,2,2,1,32400,89,0.0027469135802469136,11.79775333404541,0.052083333333333336,0.0
338,2,2,2,32400,64,0.0019753086419753087,12.125,0.07017543859649122,0.0625
338,2,3,0,32400,285,0.008796296296296297,9.989474296569824,0.4296875,0.4807017543859649
338,2,3,1,32400,80,0.0024691358024691358,18.812501907348633,0.056179775280898875,0.025
338,2,3,2,32400,70,0.0021604938271604936,14.2571439743042,0.140625,0.07142857142857142
338,2,4,0,32400,310,0.009567901234567902,18.832258224487305,0.4666666666666667,0.5161290322580645
338,2,4,1,32400,85,0.002623456790123457,16.047060012817383,0.125,0.0
338,2,4,2,32400,100,0.0030864197530864196,12.819999694824219,0.21428571428571427,0.06
338,2,5,0,32400,374,0.01154320987654321,11.548128128051758,0.5129032258064516,0.6016042780748663
338,2,5,1,32400,84,0.0025925925925925925,14.714285850524902,0.09411764705882353,0.0
338,2,5,2,32400,79,0.0024382716049382715,10.708861351013184,0.18,0.20253164556962025
338,2,6,0,32400,401,0.012376543209876543,13.600997924804688,0.49732620320855614,0.6807980049875312
338,2,6,1,32400,76,0.002345679012345679,8.5,0.10714285714285714,0.0
338,2,6,2,32400,92,0.002839506172839506,12.032608985900879,0.3291139240506329,0.18478260869565216
338,2,7,0,32400,436,0.01345679012345679,9.857797622680664,0.5461346633416458,0.7155963302752294
338,2,7,1,32400,86,0.002654320987654321,10.593023300170898,0.06578947368421052,0.03488372093023256
338,2,7,2,32400,120,0.003703703703703704,10.600000381469727,0.33695652173913043,0.35833333333333334
338,2,8,0,32400,451,0.013919753086419753,16.015520095825195,0.5481651376146789,0.7649667405764967
338,2,8,1,32400,74,0.002283950617283951,7.783783912658691,0.06976744186046512,0.0
338,2,8,2,32400,142,0.004382716049382716,14.957746505737305,0.39166666666666666,0.4014084507042254
338,2,9,0,32400,451,0.013919753086419753,22.197338104248047,0.5764966740576497,0.9467849223946785
338,2,9,1,32400,87,0.002685185185185185,18.02298927307129,0.10810810810810811,0.011494252873563218
338,2,9,2,32400,151,0.004660493827160494,8.13907241821289,0.39436619718309857,0.45695364238410596
338,2,10,0,32400,518,0.015987654320987654,12.376447677612305,0.656319290465632,0.9806949806949807
338,2,10,1,32400,89,0.0027469135802469136,12.561798095703125,0.09195402298850575,0.011235955056179775
338,2,10,2,32400,174,0.00537037037037037,12.183908462524414,0.4768211920529801,0.4885057471264368
338,2,11,0,32400,585,0.018055555555555554,9.85982894897461,0.6891891891891891,1.1196581196581197
338,2,11,1,32400,81,0.0025,7.432098865509033,0.056179775280898875,0.0
338,2,11,2,32400,232,0.007160493827160494,10.405172348022461,0.5229885057471264,0.45689655172413796
338,2,12,0,32400,629,0.01941358024691358,15.322734832763672,0.7042735042735043,1.0779014308426074
338,2,12,1,32400,81,0.0025,23.716049194335938,0.07407407407407407,0.0
338,2,12,2,32400,255,0.00787037037037037,9.38431453704834,0.5560344827586207,0.611764705882353
338,2,13,0,32400,685,0.021141975308641977,8.762042999267578,0.7281399046104928,1.121167883211679
338,2,13,1,32400,102,0.003148148148148148,7.019608020782471,0.037037037037037035,0.0196078431372549
338,2,13,2,32400,278,0.008580246913580248,11.679856300354004,0.6,0.6115107913669064
338,2,14,0,32400,691,0.02132716049382716,12.20694637298584,0.6978102189781021,1.1186685962373373
338,2,14,1,32400,88,0.0027160493827160493,18.25,0.0,0.0
338,2,14,2,32400,270,0.008333333333333333,13.970370292663574,0.5467625899280576,0.6185185185185185
338,2,15,0,32400,790,0.024382716049382715,13.739240646362305,0.7293777134587555,1.1341772151898735
338,2,15,1,32400,103,0.0031790123456790125,14.038835525512695,0.07954545454545454,0.009708737864077669
338,2,15,2,32400,303,0.009351851851851853,9.976898193359375,0.6148148148148148,0.7095709570957096
338,2,16,0,32400,852,0.026296296296296297,9.954225540161133,0.739240506329114,1.2476525821596245
338,2,16,1,32400,83,0.0025617283950617282,6.08433723449707,0.04854368932038835,0.0
338,2,16,2,32400,350,0.010802469135802469,7.477142810821533,0.6798679867986799,0.7457142857142857
338,2,17,0,32400,837,0.025833333333333333,16.641576766967773,0.7300469483568075,1.1911589008363201
338,2,17,1,32400,79,0.0024382716049382715,8.556962013244629,0.04819277108433735,0.012658227848101266
338,2,17,2,32400,350,0.010802469135802469,24.154287338256836,0.6171428571428571,0.6771428571428572
338,2,18,0,32400,932,0.028765432098765434,9.511802673339844,0.7682198327359617,1.2242489270386265
338,2,18,1,32400,83,0.0025617283950617282,12.337348937988281,0.06329113924050633,0.0
338,2,18,2,32400,391,0.0120679012345679,8.700767517089844,0.66,0.6777493606138107
338,2,19,0,32400,980,0.030246913580246913,11.020407676696777,0.7778969957081545,1.2612244897959184
338,2,19,1,32400,88,0.0027160493827160493,16.204545974731445,0.04819277108433735,0.0
338,2,19,2,32400,408,0.012592592592592593,11.551470756530762,0.6368286445012787,0.75
338,2,20,0,32400,1070,0.03302469135802469,14.888785362243652,0.7938775510204081,1.3261682242990653
338,2,20,1,32400,100,0.0030864197530864196,14.139999389648438,0.06818181818181818,0.01
338,2,20,2,32400,430,0.013271604938271606,12.04651165008545,0.6764705882352942,0.7627906976744186
338,2,21,0,32400,1213,0.03743827160493827,16.641387939453125,0.8280373831775701,1.3272877164056058
338,2,21,1,32400,89,0.0027469135802469136,11.82022476196289,0.08,0.011235955056179775
338,2,21,2,32400,545,0.01682098765432099,12.067891120910645,0.7488372093023256,0.9174311926605505
338,2,22,0,32400,1297,0.040030864197530866,16.968387603759766,0.7996702390766695,1.3708558211256747
338,2,22,1,32400,94,0.0029012345679012346,19.81914710998535,0.0898876404494382,0.0
338,2,22,2,32400,596,0.01839506172839506,15.21308708190918,0.6990825688073394,0.8473154362416108
338,2,23,0,32400,1497,0.046203703703703705,11.740147590637207,0.8442559753276793,1.3667334669338678
338,2,23,1,32400,93,0.0028703703703703703,12.268816947937012,0.031914893617021274,0.0
338,2,23,2,32400,710,0.021913580246913582,13.623943328857422,0.7449664429530202,0.9549295774647887
338,2,24,0,32400,1497,0.046203703703703705,14.283902168273926,0.7862391449565799,1.385437541750167
338,2,24,1,32400,61,0.001882716049382716,12.852458000183105,0.021505376344086023,0.0
338,2,24,2,32400,744,0.022962962962962963,13.375,0.723943661971831,0.9260752688172043
338,2,25,0,32400,1654,0.051049382716049384,9.857316017150879,0.8537074148296593,1.462515114873035
338,2,25,1,32400,83,0.0025617283950617282,11.421685218811035,0.08196721311475409,0.024096385542168676
338,2,25,2,32400,845,0.026080246913580248,10.351479530334473,0.7688172043010753,1.0011834319526627
338,2,26,0,32400,1705,0.05262345679012346,10.92609977722168,0.8204353083434099,1.4422287390029325
338,2,26,1,32400,89,0.0027469135802469136,7.123595714569092,0.024096385542168676,0.0
338,2,26,2,32400,870,0.026851851851851852,11.455172538757324,0.7514792899408284,0.9620689655172414
338,2,27,0,32400,1774,0.054753086419753086,10.443065643310547,0.8387096774193549,1.503945885005637
338,2,27,1,32400,89,0.0027469135802469136,10.382022857666016,0.07865168539325842,0.011235955056179775
338,2,27,2,32400,963,0.029722222222222223,8.978193283081055,0.7873563218390804,1.0301142263759087
338,2,28,0,32400,1819,0.05614197530864198,8.623969078063965,0.8449830890642616,1.481033534909291
338,2,28,1,32400,71,0.002191358024691358,9.0563383102417,0.033707865168539325,0.0
338,2,28,2,32400,966,0.029814814814814815,9.119048118591309,0.7487019730010385,0.9937888198757764
338,2,29,0,32400,1889,0.05830246913580247,14.14875602722168,0.8537658053875756,1.4542085759661196
338,2,29,1,32400,78,0.0024074074074074076,20.756410598754883,0.08450704225352113,0.0
338,2,29,2,32400,988,0.030493827160493828,14.792510032653809,0.7577639751552795,0.9979757085020243
338,2,30,0,32400,2018,0.06228395061728395,7.843409538269043,0.8565378507146638,1.4618434093161545
338,2,30,1,32400,89,0.0027469135802469136,8.089887619018555,0.10256410256410256,0.0
338,2,30,2,32400,1002,0.030925925925925926,7.935129642486572,0.7520242914979757,0.9520958083832335
338,2,31,0,32400,1963,0.06058641975308642,8.780438423156738,0.8230921704658077,1.4319918492103922
338,2,31,1,32400,73,0.0022530864197530865,8.164383888244629,0.0449438202247191,0.0
338,2,31,2,32400,996,0.030740740740740742,8.798192024230957,0.7305389221556886,0.9156626506024096
338,2,32,0,32400,2076,0.06407407407407407,21.35211944580078,0.8502292409577178,1.4710982658959537
338,2,32,1,32400,80,0.0024691358024691358,9.83750057220459,0.0684931506849315,0.0
338,2,32,2,32400,1058,0.03265432098765432,20.457468032836914,0.7570281124497992,0.9347826086956522
338,2,33,0,32400,2345,0.07237654320987655,12.523240089416504,0.8901734104046243,1.5539445628997868
338,2,33,1,32400,107,0.0033024691358024692,17.81308364868164,0.1,0.0
338,2,33,2,32400,1245,0.038425925925925926,12.626505851745605,0.8119092627599244,1.0216867469879518
338,2,34,0,32400,2485,0.07669753086419753,19.300201416015625,0.8742004264392325,1.5464788732394366
338,2,34,1,32400,91,0.002808641975308642,39.85715103149414,0.08411214953271028,0.02197802197802198
338,2,34,2,32400,1366,0.04216049382716049,19.061492919921875,0.7879518072289157,1.0497803806734993
338,2,35,0,32400,2742,0.08462962962962962,28.48395347595215,0.8989939637826961,1.5700218818380745
338,2,35,1,32400,83,0.0025617283950617282,51.951805114746094,0.0989010989010989,0.012048192771084338
338,2,35,2,32400,1488,0.045925925925925926,24.05510711669922,0.8184480234260615,1.125
338,3,1,0,32400,172,0.005308641975308642,10.10465145111084,-1.0,0.3081395348837209
338,3,1,1,32400,109,0.0033641975308641974,9.788990020751953,-1.0,0.0
338,3,1,2,32400,40,0.0012345679012345679,11.824999809265137,-1.0,0.025
338,3,2,0,32400,222,0.006851851851851852,11.0,0.3546511627906977,0.25675675675675674
338,3,2,1,32400,95,0.002932098765432099,12.09473705291748,0.027522935779816515,0.0
338,3,2,2,32400,57,0.0017592592592592592,9.052631378173828,0.25,0.07017543859649122
338,3,3,0,32400,226,0.006975308641975308,13.592920303344727,0.2927927927927928,0.30973451327433627
338,3,3,1,32400,90,0.002777777777777778,10.677779197692871,0.042105263157894736,0.0
338,3,3,2,32400,68,0.0020987654320987655,10.985294342041016,0.12280701754385964,0.014705882352941176
338,3,4,0,32400,255,0.00787037037037037,13.439216613769531,0.3893805309734513,0.3333333333333333
338,3,4,1,32400,78,0.0024074074074074076,12.871794700622559,0.06666666666666667,0.01282051282051282
338,3,4,2,32400,67,0.002067901234567901,12.925373077392578,0.11764705882352941,0.014925373134328358
338,3,5,0,32400,277,0.008549382716049382,9.924187660217285,0.3686274509803922,0.4584837545126354
338,3,5,1,32400,72,0.0022222222222222222,14.06944465637207,0.07692307692307693,0.013888888888888888
338,3,5,2,32400,68,0.0020987654320987655,11.367647171020508,0.11940298507462686,0.07352941176470588
338,3,6,0,32400,274,0.00845679012345679,16.164234161376953,0.40794223826714804,0.46715328467153283
338,3,6,1,32400,103,0.0031790123456790125,18.30097198486328,0.1388888888888889,0.0
338,3,6,2,32400,75,0.0023148148148148147,15.986666679382324,0.19117647058823528,0.12
338,3,7,0,32400,354,0.010925925925925926,12.4096040725708,0.4708029197080292,0.5282485875706214
338,3,7,1,32400,101,0.003117283950617284,7.693068981170654,0.05825242718446602,0.009900990099009901
338,3,7,2,32400,94,0.0029012345679012346,8.606383323669434,0.26666666666666666,0.0851063829787234
338,3,8,0,32400,381,0.01175925925925926,20.078739166259766,0.4830508474576271,0.6272965879265092
338,3,8,1,32400,89,0.0027469135802469136,7.640449523925781,0.0594059405940594,0.033707865168539325
338,3,8,2,32400,95,0.002932098765432099,8.09473705291748,0.22340425531914893,0.18947368421052632
338,3,9,0,32400,410,0.012654320987654321,16.863414764404297,0.49606299212598426,0.6317073170731707
338,3,9,1,32400,72,0.0022222222222222222,13.208334922790527,0.0449438202247191,0.027777777777777776
338,3,9,2,32400,95,0.002932098765432099,29.505264282226562,0.21052631578947367,0.29473684210526313
338,3,10,0,32400,401,0.012376543209876543,13.039900779724121,0.48048780487804876,0.7231920199501247
338,3,10,1,32400,80,0.0024691358024691358,12.625000953674316,0.041666666666666664,0.0125
338,3,10,2,32400,118,0.0036419753086419752,15.635594367980957,0.3684210526315789,0.2711864406779661
338,3,11,0,32400,471,0.014537037037037038,10.292994499206543,0.57356608478803,0.7388535031847133
338,3,11,1,32400,80,0.0024691358024691358,10.225000381469727,0.075,0.0
338,3,11,2,32400,141,0.0043518518518518515,11.517729759216309,0.3559322033898305,0.375886524822695
338,3,12,0,32400,471,0.014537037037037038,15.475584983825684,0.5626326963906582,0.8174097664543525
338,3,12,1,32400,81,0.0025,22.629629135131836,0.05,0.024691358024691357
338,3,12,2,32400,151,0.004660493827160494,8.07947063446045,0.4397163120567376,0.4900662251655629
338,3,13,0,32400,486,0.015,9.504115104675293,0.6199575371549894,0.911522633744856
338,3,13,1,32400,82,0.0025308641975308644,9.292681694030762,0.04938271604938271,0.024390243902439025
338,3,13,2,32400,156,0.004814814814814815,8.666666984558105,0.47019867549668876,0.4230769230769231
338,3,14,0,32400,477,0.014722222222222222,15.270440101623535,0.602880658436214,0.9874213836477987
338,3,14,1,32400,76,0.002345679012345679,11.447368621826172,0.0975609756097561,0.0
338,3,14,2,32400,155,0.004783950617283951,11.006451606750488,0.44871794871794873,0.4258064516129032
338,3,15,0,32400,520,0.016049382716049384,14.273077011108398,0.6540880503144654,0.9634615384615385
338,3,15,1,32400,92,0.002839506172839506,6.84782600402832,0.039473684210526314,0.010869565217391304
338,3,15,2,32400,188,0.005802469135802469,16.053190231323242,0.5161290322580645,0.5691489361702128
338,3,16,0,32400,567,0.0175,9.074073791503906,0.6519230769230769,0.9858906525573192
338,3,16,1,32400,118,0.0036419753086419752,9.279661178588867,0.08695652173913043,0.025423728813559324
338,3,16,2,32400,214,0.0066049382716049385,14.121495246887207,0.526595744680851,0.5841121495327103
338,3,17,0,32400,549,0.016944444444444446,21.531875610351562,0.6349206349206349,1.0382513661202186
338,3,17,1,32400,92,0.002839506172839506,11.67391300201416,0.025423728813559324,0.0
338,3,17,2,32400,206,0.006358024691358025,17.7281551361084,0.5233644859813084,0.5825242718446602
338,3,18,0,32400,596,0.01839506172839506,8.515100479125977,0.6721311475409836,1.0436241610738255
338,3,18,1,32400,78,0.0024074074074074076,7.358974456787109,0.07608695652173914,0.02564102564102564
338,3,18,2,32400,227,0.007006172839506173,9.427312850952148,0.6019417475728155,0.6740088105726872
338,3,19,0,32400,612,0.01888888888888889,11.200980186462402,0.6728187919463087,1.107843137254902
338,3,19,1,32400,88,0.0027160493827160493,21.18181800842285,0.0641025641025641,0.0
338,3,19,2,32400,247,0.007623456790123457,8.83400821685791,0.6079295154185022,0.757085020242915
338,3,20,0,32400,647,0.019969135802469135,11.726428985595703,0.7058823529411765,1.0046367851622875
338,3,20,1,32400,69,0.0021296296296296298,8.724637985229492,0.07954545454545454,0.0
338,3,20,2,32400,251,0.007746913580246913,14.458168029785156,0.562753036437247,0.6414342629482072
338,3,21,0,32400,725,0.022376543209876542,16.355865478515625,0.7171561051004637,1.096551724137931
338,3,21,1,32400,87,0.002685185185185185,13.080459594726562,0.07246376811594203,0.0
338,3,21,2,32400,282,0.008703703703703703,13.411348342895508,0.5896414342629482,0.6950354609929078
338,3,22,0,32400,780,0.024074074074074074,14.343589782714844,0.7268965517241379,1.091025641025641
338,3,22,1,32400,76,0.002345679012345679,15.828947067260742,0.04597701149425287,0.039473684210526314
338,3,22,2,32400,297,0.009166666666666667,19.1043758392334,0.6418439716312057,0.7912457912457912
338,3,23,0,32400,870,0.026851851851851852,13.110344886779785,0.7410256410256411,1.1620689655172414
338,3,23,1,32400,83,0.0025617283950617282,15.638553619384766,0.06578947368421052,0.0
338,3,23,2,32400,352,0.010864197530864197,11.954545974731445,0.7205387205387206,0.8181818181818182
338,3,24,0,32400,887,0.027376543209876543,13.644869804382324,0.735632183908046,1.1600901916572717
338,3,24,1,32400,89,0.0027469135802469136,11.382022857666016,0.10843373493975904,0.011235955056179775
338,3,24,2,32400,345,0.010648148148148148,16.321739196777344,0.6676136363636364,0.7913043478260869
338,3,25,0,32400,1004,0.030987654320987653,9.447211265563965,0.7655016910935738,1.252988047808765
338,3,25,1,32400,93,0.0028703703703703703,10.440858840942383,0.0898876404494382,0.010752688172043012
338,3,25,2,32400,412,0.01271604938271605,10.007281303405762,0.736231884057971,0.8519417475728155
338,3,26,0,32400,1069,0.03299382716049383,10.31057071685791,0.7589641434262948,1.244153414405987
338,3,26,1,32400,86,0.002654320987654321,7.581395149230957,0.053763440860215055,0.0
338,3,26,2,32400,454,0.014012345679012345,9.819382667541504,0.6771844660194175,0.8414096916299559
338,3,27,0,32400,1144,0.03530864197530864,9.568181991577148,0.7661365762394762,1.2657342657342658
338,3,27,1,32400,67,0.002067901234567901,6.7164177894592285,0.046511627906976744,0.0
338,3,27,2,32400,493,0.015216049382716049,10.896551132202148,0.7202643171806168,0.8539553752535497
338,3,28,0,32400,1237,0.03817901234567901,8.476152420043945,0.7770979020979021,1.2813257881972515
338,3,28,1,32400,82,0.0025308641975308644,7.999999523162842,0.05970149253731343,0.0
338,3,28,2,32400,542,0.016728395061728397,8.400368690490723,0.6896551724137931,0.8616236162361623
338,3,29,0,32400,1285,0.03966049382716049,17.801555633544922,0.7865804365400162,1.270817120622568
338,3,29,1,32400,72,0.0022222222222222222,8.80555534362793,0.04878048780487805,0.013888888888888888
338,3,29,2,32400,561,0.017314814814814814,13.128341674804688,0.6937269372693727,0.7967914438502673
338,3,30,0,32400,1428,0.04407407407407407,7.992997169494629,0.8178988326848249,1.32703081232493
338,3,30,1,32400,83,0.0025617283950617282,7.361445426940918,0.05555555555555555,0.03614457831325301
338,3,30,2,32400,592,0.018271604938271607,7.7094597816467285,0.7094474153297683,0.8530405405405406
338,3,31,0,32400,1452,0.044814814814814814,8.599173545837402,0.7913165266106442,1.3023415977961432
338,3,31,1,32400,72,0.0022222222222222222,7.652777671813965,0.04819277108433735,0.0
338,3,31,2,32400,627,0.019351851851851853,7.725677967071533,0.7077702702702703,0.8086124401913876
338,3,32,0,32400,1522,0.04697530864197531,19.59001350402832,0.7988980716253443,1.3278580814717478
338,3,32,1,32400,82,0.0025308641975308644,20.20731544494629,0.06944444444444445,0.012195121951219513
338,3,32,2,32400,642,0.019814814814814816,17.914329528808594,0.696969696969697,0.780373831775701
338,3,33,0,32400,1783,0.055030864197530865,13.482894897460938,0.8541392904073587,1.440269209197981
338,3,33,1,32400,101,0.003117283950617284,13.316831588745117,0.15853658536585366,0.009900990099009901
338,3,33,2,32400,780,0.024074074074074074,12.667948722839355,0.7383177570093458,0.9076923076923077
338,3,34,0,32400,1985,0.061265432098765435,20.359697341918945,0.8676388109927089,1.466498740554156
338,3,34,1,32400,102,0.003148148148148148,23.441177368164062,0.10891089108910891,0.0196078431372549
338,3,34,2,32400,865,0.02669753086419753,23.678611755371094,0.735897435897436,0.8901734104046243
338,3,35,0,32400,2198,0.0678395061728395,34.34758758544922,0.8811083123425693,1.5118289353958143
338,3,35,1,32400,66,0.002037037037037037,12.818181991577148,0.08823529411764706,0.030303030303030304
338,3,35,2,32400,1050,0.032407407407407406,29.406665802001953,0.7757225433526012,1.0047619047619047
339,0,1,0,32400,211,0.006512345679012346,13.175355911254883,-1.0,0.5165876777251185
339,0,1,1,32400,122,0.003765432098765432,9.901638984680176,-1.0,0.11475409836065574
339,0,1,2,32400,38,0.0011728395061728395,15.36842155456543,-1.0,0.0
339,0,2,0,32400,281,0.00867283950617284,14.46263313293457,0.5402843601895735,0.5551601423487544
339,0,2,1,32400,102,0.003148148148148148,12.539216041564941,0.05737704918032787,0.0
339,0,2,2,32400,65,0.002006172839506173,16.73846435546875,0.05263157894736842,0.03076923076923077
339,0,3,0,32400,347,0.010709876543209877,16.740633010864258,0.5302491103202847,0.590778097982709
339,0,3,1,32400,93,0.0028703703703703703,11.344085693359375,0.049019607843137254,0.0
339,0,3,2,32400,73,0.0022530864197530865,14.041095733642578,0.12307692307692308,0.0410958904109589
339,0,4,0,32400,414,0.012777777777777779,12.166666030883789,0.590778097982709,0.717391304347826
339,0,4,1,32400,88,0.0027160493827160493,9.977272987365723,0.07526881720430108,0.011363636363636364
339,0,4,2,32400,84,0.0025925925925925925,8.904762268066406,0.2191780821917808,0.11904761904761904
339,0,5,0,32400,454,0.014012345679012345,13.297356605529785,0.5821256038647343,0.724669603524229
339,0,5,1,32400,104,0.0032098765432098763,20.105770111083984,0.03409090909090909,0.028846153846153848
339,0,5,2,32400,113,0.003487654320987654,9.026548385620117,0.21428571428571427,0.1504424778761062
339,0,6,0,32400,521,0.016080246913580246,15.109404563903809,0.5837004405286343,0.8253358925143954
339,0,6,1,32400,88,0.0027160493827160493,14.431818962097168,0.04807692307692308,0.0
339,0,6,2,32400,149,0.004598765432098765,14.610738754272461,0.36283185840707965,0.3288590604026846
339,0,7,0,32400,607,0.018734567901234567,13.84184455871582,0.6391554702495201,0.9011532125205931
339,0,7,1,32400,89,0.0027469135802469136,15.764044761657715,0.06818181818181818,0.02247191011235955
339,0,7,2,32400,165,0.005092592592592593,10.648484230041504,0.44966442953020136,0.4303030303030303
339,0,8,0,32400,653,0.02015432098765432,16.644718170166016,0.6161449752883031,0.8943338437978561
339,0,8,1,32400,99,0.0030555555555555557,7.39393949508667,0.033707865168539325,0.0
339,0,8,2,32400,200,0.006172839506172839,14.53499984741211,0.49696969696969695,0.49
339,0,9,0,32400,728,0.022469135802469137,14.093406677246094,0.6753445635528331,0.945054945054945
339,0,9,1,32400,85,0.002623456790123457,12.95294189453125,0.050505050505050504,0.023529411764705882
339,0,9,2,32400,214,0.0066049382716049385,11.99532699584961,0.465,0.5420560747663551
339,0,10,0,32400,825,0.02546296296296296,10.858181953430176,0.7115384615384616,1.0727272727272728
339,0,10,1,32400,104,0.0032098765432098763,12.06730842590332,0.047058823529411764,0.0
339,0,10,2,32400,286,0.00882716049382716,10.21678352355957,0.5887850467289719,0.5594405594405595
339,0,11,0,32400,924,0.02851851851851852,15.453463554382324,0.7175757575757575,1.0898268398268398
339,0,11,1,32400,88,0.0027160493827160493,7.18181848526001,0.057692307692307696,0.0
339,0,11,2,32400,331,0.01021604938271605,14.933534622192383,0.6153846153846154,0.6525679758308157
339,0,12,0,32400,1065,0.03287037037037037,9.592488288879395,0.762987012987013,1.172769953051643
339,0,12,1,32400,96,0.002962962962962963,9.614583969116211,0.09090909090909091,0.0
339,0,12,2,32400,365,0.011265432098765432,9.0,0.6525679758308157,0.7123287671232876
339,0,13,0,32400,1099,0.03391975308641975,15.393994331359863,0.7389671361502348,1.1501364877161055
339,0,13,1,32400,84,0.0025925925925925925,9.797618865966797,0.03125,0.011904761904761904
339,0,13,2,32400,376,0.011604938271604939,13.970744132995605,0.6164383561643836,0.7180851063829787
339,0,14,0,32400,1204,0.037160493827160496,12.89534854888916,0.7506824385805277,1.2151162790697674
339,0,14,1,32400,105,0.0032407407407407406,12.771429061889648,0.05952380952380952,0.009523809523809525
339,0,14,2,32400,455,0.01404320987654321,14.221979141235352,0.675531914893617,0.7318681318681318
339,0,15,0,32400,1344,0.04148148148148148,11.040923118591309,0.7948504983388704,1.2522321428571428
339,0,15,1,32400,87,0.002685185185185185,9.206896781921387,0.05714285714285714,0.011494252873563218
339,0,15,2,32400,501,0.015462962962962963,9.23752498626709,0.654945054945055,0.7265469061876247
339,0,16,0,32400,1433,0.0442283950617284,15.270062446594238,0.7827380952380952,1.2540125610607118
339,0,16,1,32400,90,0.002777777777777778,8.877778053283691,0.11494252873563218,0.0
339,0,16,2,32400,519,0.01601851851851852,14.78227424621582,0.626746506986028,0.7379576107899807
339,0,17,0,32400,1482,0.04574074074074074,9.762482643127441,0.7745987438939288,1.2901484480431848
339,0,17,1,32400,77,0.0023765432098765433,10.155843734741211,0.022222222222222223,0.0
339,0,17,2,32400,571,0.017623456790123455,10.593694686889648,0.6763005780346821,0.7302977232924693
339,0,18,0,32400,1595,0.049228395061728394,10.728527069091797,0.8083670715249662,1.3253918495297805
339,0,18,1,32400,87,0.002685185185185185,8.678160667419434,0.05194805194805195,0.011494252873563218
339,0,18,2,32400,669,0.020648148148148148,13.198803901672363,0.6952714535901926,0.772795216741405
339,0,19,0,32400,1777,0.05484567901234568,12.534046173095703,0.8269592476489028,1.3528418683173888
339,0,19,1,32400,96,0.002962962962962963,7.6354169845581055,0.04597701149425287,0.0
339,0,19,2,32400,714,0.022037037037037036,13.315126419067383,0.6920777279521674,0.7647058823529411
339,0,20,0,32400,1970,0.06080246913580247,14.10660171508789,0.8407428249859313,1.4086294416243654
339,0,20,1,32400,94,0.0029012345679012346,17.202129364013672,0.020833333333333332,0.010638297872340425
339,0,20,2,32400,859,0.026512345679012346,11.00698471069336,0.7226890756302521,0.8346915017462165
339,0,21,0,32400,2180,0.06728395061728396,15.734862327575684,0.8456852791878172,1.4155963302752295
339,0,21,1,32400,97,0.002993827160493827,21.639175415039062,0.06382978723404255,0.010309278350515464
339,0,21,2,32400,950,0.029320987654320986,16.067367553710938,0.7310826542491269,0.9010526315789473
339,0,22,0,32400,2491,0.07688271604938271,11.7454833984375,0.8642201834862385,1.46487354476114
339,0,22,1,32400,85,0.002623456790123457,11.964705467224121,0.041237113402061855,0.011764705882352941
339,0,22,2,32400,1191,0.03675925925925926,10.727119445800781,0.791578947368421,1.0285474391267841
339,0,23,0,32400,2608,0.08049382716049383,14.412960052490234,0.8390204737053393,1.4432515337423313
339,0,23,1,32400,93,0.0028703703703703703,14.75268840789795,0.09411764705882353,0.0
339,0,23,2,32400,1242,0.03833333333333333,12.345410346984863,0.744752308984047,1.0193236714975846
339,0,24,0,32400,3043,0.09391975308641975,10.018074989318848,0.8911042944785276,1.5064081498521196
339,0,24,1,32400,95,0.002932098765432099,10.410527229309082,0.11827956989247312,0.021052631578947368
339,0,24,2,32400,1394,0.04302469135802469,10.09253978729248,0.7785829307568438,1.033715925394548
339,0,25,0,32400,3198,0.09870370370370371,11.187304496765137,0.8596779493920473,1.4743589743589745
339,0,25,1,32400,79,0.0024382716049382715,7.518987655639648,0.09473684210526316,0.012658227848101266
339,0,25,2,32400,1519,0.04688271604938272,10.693219184875488,0.7862266857962698,0.9993416721527321
339,0,26,0,32400,3453,0.10657407407407407,9.508832931518555,0.8824265165728581,1.5076744859542426
339,0,26,1,32400,84,0.0025925925925925925,8.642857551574707,0.0759493670886076,0.011904761904761904
339,0,26,2,32400,1694,0.05228395061728395,9.151121139526367,0.793943383805135,1.0171192443919717
339,0,27,0,32400,3566,0.11006172839506173,8.696298599243164,0.8615696495800753,1.5033651149747616
339,0,27,1,32400,80,0.0024691358024691358,8.050000190734863,0.08333333333333333,0.0
339,0,27,2,32400,1723,0.05317901234567901,8.813117027282715,0.7467532467532467,0.9976784677887406
339,0,28,0,32400,3770,0.11635802469135803,12.722811698913574,0.874649467190129,1.486737400530504
339,0,28,1,32400,86,0.002654320987654321,15.267441749572754,0.0625,0.011627906976744186
339,0,28,2,32400,1835,0.056635802469135806,13.840327262878418,0.7707486941381312,0.9727520435967303
339,0,29,0,32400,4100,0.12654320987654322,7.97024393081665,0.8824933687002653,1.5009756097560976
339,0,29,1,32400,79,0.0024382716049382715,8.202531814575195,0.10465116279069768,0.0
339,0,29,2,32400,2018,0.06228395061728395,7.96630334854126,0.797275204359673,0.9950445986124876
339,0,30,0,32400,4148,0.1280246913580247,9.194551467895508,0.8597560975609756,1.4742044358727098
339,0,30,1,32400,88,0.0027160493827160493,10.511363983154297,0.06329113924050633,0.011363636363636364
339,0,30,2,32400,2012,0.06209876543209877,8.594432830810547,0.7378592666005946,0.9403578528827038
339,0,31,0,32400,4445,0.13719135802469135,23.690664291381836,0.886933461909354,1.5019122609673792
339,0,31,1,32400,67,0.002067901234567901,48.2238883972168,0.022727272727272728,0.0
339,0,31,2,32400,2084,0.06432098765432098,23.057580947875977,0.7514910536779325,0.9088291746641075
339,0,32,0,32400,5111,0.15774691358024692,13.458227157592773,0.9219347581552306,1.585208374095089
339,0,32,1,32400,98,0.0030246913580246914,13.214285850524902,0.14925373134328357,0.0
339,0,32,2,32400,2564,0.0791358024691358,13.101404190063477,0.8238963531669866,1.0421216848673946
339,0,33,0,32400,5478,0.16907407407407407,18.773822784423828,0.9013891606339268,1.5847024461482293
339,0,33,1,32400,116,0.003580246913580247,17.6379337310791,0.11224489795918367,0.008620689655172414
339,0,33,2,32400,2948,0.09098765432098765,18.165536880493164,0.8120124804992199,1.0800542740841248
339,0,34,0,32400,6034,0.18623456790123458,32.11484909057617,0.9143848119751734,1.620318196884322
339,0,34,1,32400,108,0.0033333333333333335,20.324073791503906,0.08620689655172414,0.0
339,0,34,2,32400,3312,0.10222222222222223,28.13254737854004,0.8205563093622795,1.1123188405797102
339,0,35,0,32400,6593,0.20348765432098764,15.688002586364746,0.917467683128936,1.6499317457909903
339,0,35,1,32400,100,0.0030864197530864196,15.5,0.19444444444444445,0.03
339,0,35,2,32400,3735,0.11527777777777778,16.457027435302734,0.8206521739130435,1.1673360107095048
339,1,1,0,32400,212,0.00654320987654321,11.915094375610352,-1.0,0.47641509433962265
339,1,1,1,32400,103,0.0031790123456790125,9.91262149810791,-1.0,0.05825242718446602
339,1,1,2,32400,63,0.0019444444444444444,10.285715103149414,-1.0,0.06349206349206349
339,1,2,0,32400,268,0.008271604938271605,12.570895195007324,0.4386792452830189,0.41044776119402987
339,1,2,1,32400,98,0.0030246913580246914,11.755102157592773,0.05825242718446602,0.030612244897959183
339,1,2,2,32400,63,0.0019444444444444444,15.206350326538086,0.07936507936507936,0.047619047619047616
339,1,3,0,32400,325,0.010030864197530864,14.720000267028809,0.4626865671641791,0.5415384615384615
339,1,3,1,32400,95,0.002932098765432099,19.189476013183594,0.030612244897959183,0.0
339,1,3,2,32400,84,0.0025925925925925925,16.33333396911621,0.20634920634920634,0.19047619047619047
339,1,4,0,32400,387,0.011944444444444445,11.211886405944824,0.5107692307692308,0.7054263565891473
339,1,4,1,32400,81,0.0025,8.802469253540039,0.021052631578947368,0.0
339,1,4,2,32400,105,0.0032407407407407406,10.114286422729492,0.2619047619047619,0.2761904761904762
339,1,5,0,32400,412,0.01271604938271605,14.781553268432617,0.5581395348837209,0.7839805825242718
339,1,5,1,32400,84,0.0025925925925925925,12.0119047164917,0.08641975308641975,0.0
339,1,5,2,32400,108,0.0033333333333333335,13.074073791503906,0.37142857142857144,0.46296296296296297
339,1,6,0,32400,458,0.014135802469135803,14.4716157913208,0.6019417475728155,0.8580786026200873
339,1,6,1,32400,70,0.0021604938271604936,20.014286041259766,0.05952380952380952,0.0
339,1,6,2,32400,156,0.004814814814814815,13.423076629638672,0.5185185185185185,0.5512820512820513
339,1,7,0,32400,522,0.01611111111111111,20.406129837036133,0.6419213973799127,0.9425287356321839
339,1,7,1,32400,90,0.002777777777777778,41.0444450378418,0.07142857142857142,0.0
339,1,7,2,32400,171,0.005277777777777778,30.362573623657227,0.4551282051282051,0.5029239766081871
339,1,8,0,32400,596,0.01839506172839506,16.521812438964844,0.6494252873563219,0.9580536912751678
339,1,8,1,32400,73,0.0022530864197530865,5.6027398109436035,0.08888888888888889,0.0
339,1,8,2,32400,185,0.005709876543209876,13.264864921569824,0.5321637426900585,0.5513513513513514
339,1,9,0,32400,652,0.020123456790123458,12.355828285217285,0.6409395973154363,0.9616564417177914
339,1,9,1,32400,82,0.0025308641975308644,11.060975074768066,0.0684931506849315,0.012195121951219513
339,1,9,2,32400,212,0.00654320987654321,13.622641563415527,0.5891891891891892,0.6556603773584906
339,1,10,0,32400,760,0.02345679012345679,9.752632141113281,0.7147239263803681,1.0513157894736842
339,1,10,1,32400,91,0.002808641975308642,8.824175834655762,0.12195121951219512,0.0
339,1,10,2,32400,249,0.0076851851851851855,11.714859008789062,0.6037735849056604,0.7188755020080321
339,1,11,0,32400,824,0.0254320987654321,13.77305793762207,0.7039473684210527,1.1019417475728155
339,1,11,1,32400,87,0.002685185185185185,9.632184028625488,0.07692307692307693,0.0
339,1,11,2,32400,295,0.009104938271604938,15.579660415649414,0.6465863453815262,0.7457627118644068
339,1,12,0,32400,883,0.027253086419753086,9.960362434387207,0.7390776699029126,1.1778029445073612
339,1,12,1,32400,86,0.002654320987654321,10.0,0.08045977011494253,0.011627906976744186
339,1,12,2,32400,315,0.009722222222222222,8.711111068725586,0.6169491525423729,0.7587301587301587
339,1,13,0,32400,949,0.029290123456790124,13.008429527282715,0.7451868629671574,1.1654373024236038
339,1,13,1,32400,90,0.002777777777777778,10.38888931274414,0.11627906976744186,0.011111111111111112
339,1,13,2,32400,326,0.010061728395061729,14.251533508300781,0.6126984126984127,0.6748466257668712
339,1,14,0,32400,1089,0.03361111111111111,11.942148208618164,0.779768177028451,1.2295684113865932
339,1,14,1,32400,91,0.002808641975308642,11.527472496032715,0.07777777777777778,0.0
339,1,14,2,32400,380,0.011728395061728396,13.489474296569824,0.6717791411042945,0.718421052631579
339,1,15,0,32400,1223,0.03774691358024691,10.66312313079834,0.8044077134986226,1.2510220768601799
339,1,15,1,32400,99,0.0030555555555555557,13.242424011230469,0.04395604395604396,0.0
339,1,15,2,32400,454,0.014012345679012345,9.550660133361816,0.6684210526315789,0.775330396475771
339,1,16,0,32400,1254,0.038703703703703705,13.358054161071777,0.7465249386753884,1.2240829346092503
339,1,16,1,32400,86,0.002654320987654321,8.662790298461914,0.09090909090909091,0.011627906976744186
339,1,16,2,32400,487,0.015030864197530865,14.19096565246582,0.6762114537444934,0.757700205338809
339,1,17,0,32400,1309,0.040401234567901234,8.779985427856445,0.7615629984051037,1.239877769289534
339,1,17,1,32400,84,0.0025925925925925925,7.3214287757873535,0.046511627906976744,0.0
339,1,17,2,32400,498,0.015370370370370371,10.449798583984375,0.6776180698151951,0.7690763052208835
339,1,18,0,32400,1398,0.04314814814814815,10.734621047973633,0.7929717341482048,1.296137339055794
339,1,18,1,32400,84,0.0025925925925925925,8.0,0.047619047619047616,0.0
339,1,18,2,32400,559,0.017253086419753087,10.221824645996094,0.7269076305220884,0.855098389982111
339,1,19,0,32400,1529,0.047191358024691356,13.474165916442871,0.8226037195994278,1.3479398299542185
339,1,19,1,32400,92,0.002839506172839506,8.391304969787598,0.047619047619047616,0.03260869565217391
339,1,19,2,32400,622,0.01919753086419753,12.110932350158691,0.7209302325581395,0.8681672025723473
339,1,20,0,32400,1733,0.053487654320987656,13.888055801391602,0.841726618705036,1.3525678015002884
339,1,20,1,32400,85,0.002623456790123457,13.25882339477539,0.05434782608695652,0.0
339,1,20,2,32400,686,0.02117283950617284,14.564142227172852,0.7090032154340836,0.8309037900874635
339,1,21,0,32400,1917,0.059166666666666666,17.467395782470703,0.8332371609924986,1.390714658320292
339,1,21,1,32400,103,0.0031790123456790125,14.708738327026367,0.1411764705882353,0.019417475728155338
339,1,21,2,32400,795,0.024537037037037038,17.358489990234375,0.7288629737609329,0.8641509433962264
339,1,22,0,32400,2192,0.06765432098765432,11.937044143676758,0.8685446009389671,1.4520985401459854
339,1,22,1,32400,97,0.002993827160493827,7.350515365600586,0.07766990291262135,0.010309278350515464
339,1,22,2,32400,944,0.029135802469135802,12.673728942871094,0.7496855345911949,0.923728813559322
339,1,23,0,32400,2199,0.06787037037037037,13.726694107055664,0.822992700729927,1.4411095952705775
339,1,23,1,32400,78,0.0024074074074074076,11.794872283935547,0.05154639175257732,0.01282051282051282
339,1,23,2,32400,957,0.02953703703703704,12.61546516418457,0.711864406779661,0.9184952978056427
339,1,24,0,32400,2498,0.07709876543209876,10.219775199890137,0.8813096862210096,1.4711769415532425
339,1,24,1,32400,98,0.0030246913580246914,9.765305519104004,0.10256410256410256,0.0
339,1,24,2,32400,1128,0.03481481481481481,10.951240539550781,0.7784743991640544,0.9592198581560284
339,1,25,0,32400,2618,0.08080246913580247,11.34377384185791,0.855484387510008,1.4660045836516424
339,1,25,1,32400,76,0.002345679012345679,10.078947067260742,0.09183673469387756,0.0
339,1,25,2,32400,1201,0.0370679012345679,11.308076858520508,0.7562056737588653,0.9533721898417985
339,1,26,0,32400,2841,0.08768518518518519,8.878211975097656,0.8731856378915203,1.495248152059134
339,1,26,1,32400,80,0.0024691358024691358,10.725000381469727,0.13157894736842105,0.0125
339,1,26,2,32400,1338,0.041296296296296296,9.007473945617676,0.7735220649458784,0.9663677130044843
339,1,27,0,32400,2893,0.08929012345679012,8.98271656036377,0.8352692713833157,1.4421016246111302
339,1,27,1,32400,86,0.002654320987654321,8.697674751281738,0.05,0.011627906976744186
339,1,27,2,32400,1339,0.04132716049382716,8.425690650939941,0.7309417040358744,0.8999253174010455
339,1,28,0,32400,3070,0.09475308641975308,15.188273429870605,0.8638091946076737,1.4654723127035831
339,1,28,1,32400,80,0.0024691358024691358,14.0,0.046511627906976744,0.0
339,1,28,2,32400,1428,0.04407407407407407,14.665966987609863,0.7520537714712472,0.9033613445378151
339,1,29,0,32400,3336,0.10296296296296296,7.645383834838867,0.885342019543974,1.4892086330935252
339,1,29,1,32400,94,0.0029012345679012346,8.446807861328125,0.0875,0.0
339,1,29,2,32400,1595,0.049228395061728394,8.207523345947266,0.7962184873949579,0.9329153605015674
339,1,30,0,32400,3427,0.1057716049382716,8.738547325134277,0.8642086330935251,1.4695068573096002
339,1,30,1,32400,84,0.0025925925925925925,7.345238208770752,0.02127659574468085,0.011904761904761904
339,1,30,2,32400,1587,0.04898148148148148,8.49653434753418,0.7316614420062696,0.8752362948960303
339,1,31,0,32400,3563,0.10996913580246914,23.469266891479492,0.8634374088123723,1.4880718495649734
339,1,31,1,32400,80,0.0024691358024691358,34.76250457763672,0.047619047619047616,0.0125
339,1,31,2,32400,1640,0.050617283950617285,24.432926177978516,0.7448015122873346,0.9042682926829269
339,1,32,0,32400,4119,0.12712962962962962,12.855790138244629,0.91973056413135,1.6047584365137169
339,1,32,1,32400,108,0.0033333333333333335,12.379630088806152,0.1125,0.009259259259259259
339,1,32,2,32400,2052,0.06333333333333334,12.542397499084473,0.8158536585365853,1.0194931773879143
339,1,33,0,32400,4431,0.13675925925925925,17.921010971069336,0.9089584850691915,1.6240126382306477
339,1,33,1,32400,99,0.0030555555555555557,21.57575798034668,0.06481481481481481,0.020202020202020204
339,1,33,2,32400,2303,0.07108024691358025,18.538862228393555,0.8031189083820662,1.0330004342162398
339,1,34,0,32400,4757,0.146820987654321,28.385955810546875,0.913337846987136,1.6356947656085767
339,1,34,1,32400,105,0.0032407407407407406,16.07619285583496,0.13131313131313133,0.009523809523809525
339,1,34,2,32400,2513,0.07756172839506173,27.49462890625,0.8211029092488059,1.0764027059291683
339,1,35,0,32400,5210,0.16080246913580246,15.803455352783203,0.9287365986966576,1.6698656429942418
339,1,35,1,32400,122,0.003765432098765432,14.491802215576172,0.10476190476190476,0.00819672131147541
339,1,35,2,32400,2890,0.08919753086419753,15.962630271911621,0.8197373656983685,1.1373702422145329
339,2,1,0,32400,248,0.007654320987654321,10.241934776306152,-1.0,0.4717741935483871
339,2,1,1,32400,117,0.003611111111111111,9.905982971191406,-1.0,0.10256410256410256
339,2,1,2,32400,68,0.0020987654320987655,12.352941513061523,-1.0,0.04411764705882353
339,2,2,0,32400,281,0.00867283950617284,13.206405639648438,0.4435483870967742,0.48398576512455516
339,2,2,1,32400,100,0.0030864197530864196,11.670000076293945,0.1111111111111111,0.06
339,2,2,2,32400,72,0.0022222222222222222,10.097222328186035,0.17647058823529413,0.027777777777777776
339,2,3,0,32400,315,0.009722222222222222,15.30476188659668,0.498220640569395,0.5396825396825397
339,2,3,1,32400,83,0.0025617283950617282,17.156625747680664,0.05,0.012048192771084338
339,2,3,2,32400,58,0.0017901234567901235,15.758620262145996,0.1111111111111111,0.06896551724137931
339,2,4,0,32400,358,0.011049382716049383,12.432960510253906,0.5015873015873016,0.6452513966480447
339,2,4,1,32400,83,0.0025617283950617282,6.951807022094727,0.0963855421686747,0.0
339,2,4,2,32400,89,0.0027469135802469136,11.34831428527832,0.22413793103448276,0.12359550561797752
339,2,5,0,32400,423,0.013055555555555556,15.749408721923828,0.5865921787709497,0.6382978723404256
339,2,5,1,32400,107,0.0033024691358024692,9.476634979248047,0.07228915662650602,0.028037383177570093
339,2,5,2,32400,86,0.002654320987654321,13.686046600341797,0.24719101123595505,0.11627906976744186
339,2,6,0,32400,498,0.015370370370370371,11.909638404846191,0.6004728132387707,0.8534136546184738
339,2,6,1,32400,76,0.002345679012345679,12.855263710021973,0.056074766355140186,0.013157894736842105
339,2,6,2,32400,125,0.0038580246913580245,13.880001068115234,0.29069767441860467,0.16
339,2,7,0,32400,526,0.016234567901234568,16.84600830078125,0.6044176706827309,0.8231939163498099
339,2,7,1,32400,87,0.002685185185185185,11.471263885498047,0.09210526315789473,0.011494252873563218
339,2,7,2,32400,129,0.003981481481481482,13.403100967407227,0.328,0.13953488372093023
339,2,8,0,32400,595,0.0183641975308642,17.31596565246582,0.6330798479087453,0.8420168067226891
339,2,8,1,32400,88,0.0027160493827160493,11.136363983154297,0.05747126436781609,0.011363636363636364
339,2,8,2,32400,148,0.004567901234567902,15.013513565063477,0.37209302325581395,0.16216216216216217
339,2,9,0,32400,630,0.019444444444444445,12.526984214782715,0.6285714285714286,0.9349206349206349
339,2,9,1,32400,87,0.002685185185185185,9.781609535217285,0.03409090909090909,0.011494252873563218
339,2,9,2,32400,159,0.004907407407407407,15.729558944702148,0.3581081081081081,0.27672955974842767
339,2,10,0,32400,725,0.022376543209876542,10.292413711547852,0.7126984126984127,1.1227586206896552
339,2,10,1,32400,75,0.0023148148148148147,9.466667175292969,0.034482758620689655,0.0
339,2,10,2,32400,219,0.006759259259259259,11.675798416137695,0.46540880503144655,0.3013698630136986
339,2,11,0,32400,811,0.025030864197530863,13.325523376464844,0.7337931034482759,1.1060419235511714
339,2,11,1,32400,99,0.0030555555555555557,14.919193267822266,0.04,0.0
339,2,11,2,32400,280,0.008641975308641974,11.257143020629883,0.5296803652968036,0.45357142857142857
339,2,12,0,32400,917,0.02830246913580247,9.06870174407959,0.750924784217016,1.1145038167938932
339,2,12,1,32400,81,0.0025,11.024690628051758,0.09090909090909091,0.0
339,2,12,2,32400,309,0.009537037037037037,11.158576011657715,0.5857142857142857,0.6504854368932039
339,2,13,0,32400,915,0.02824074074074074,12.27978229522705,0.7110141766630316,1.1530054644808743
339,2,13,1,32400,90,0.002777777777777778,12.077777862548828,0.04938271604938271,0.0
339,2,13,2,32400,328,0.010123456790123457,14.652438163757324,0.5954692556634305,0.6341463414634146
339,2,14,0,32400,1066,0.032901234567901234,15.060037612915039,0.7781420765027323,1.1679174484052532
339,2,14,1,32400,86,0.002654320987654321,11.511628150939941,0.03333333333333333,0.023255813953488372
339,2,14,2,32400,376,0.011604938271604939,14.928191184997559,0.6554878048780488,0.5771276595744681
339,2,15,0,32400,1220,0.037654320987654324,8.563115119934082,0.798311444652908,1.2442622950819673
339,2,15,1,32400,103,0.0031790123456790125,8.495146751403809,0.046511627906976744,0.009708737864077669
339,2,15,2,32400,448,0.013827160493827161,9.464285850524902,0.6835106382978723,0.6785714285714286
339,2,16,0,32400,1217,0.03756172839506173,15.326211929321289,0.7549180327868853,1.247329498767461
339,2,16,1,32400,85,0.002623456790123457,12.235294342041016,0.038834951456310676,0.0
339,2,16,2,32400,475,0.014660493827160493,12.248420715332031,0.6629464285714286,0.6463157894736842
339,2,17,0,32400,1334,0.04117283950617284,9.446776390075684,0.772391125718981,1.234632683658171
339,2,17,1,32400,91,0.002808641975308642,10.0,0.058823529411764705,0.0
339,2,17,2,32400,507,0.015648148148148147,8.528599739074707,0.6378947368421053,0.7751479289940828
339,2,18,0,32400,1464,0.04518518518518518,11.907103538513184,0.7998500749625187,1.3073770491803278
339,2,18,1,32400,89,0.0027469135802469136,15.606741905212402,0.054945054945054944,0.011235955056179775
339,2,18,2,32400,584,0.018024691358024692,10.412671089172363,0.6982248520710059,0.761986301369863
339,2,19,0,32400,1615,0.04984567901234568,11.90835952758789,0.8224043715846995,1.3393188854489164
339,2,19,1,32400,94,0.0029012345679012346,15.06382942199707,0.0898876404494382,0.010638297872340425
339,2,19,2,32400,650,0.020061728395061727,12.324615478515625,0.6883561643835616,0.7615384615384615
339,2,20,0,32400,1833,0.056574074074074075,12.12438678741455,0.8439628482972136,1.4102564102564104
339,2,20,1,32400,88,0.0027160493827160493,11.284090995788574,0.05319148936170213,0.0
339,2,20,2,32400,785,0.024228395061728396,13.759237289428711,0.7323076923076923,0.8573248407643312
339,2,21,0,32400,1991,0.06145061728395062,15.407835006713867,0.8379705400981997,1.4234053239578102
339,2,21,1,32400,70,0.0021604938271604936,8.257143020629883,0.022727272727272728,0.014285714285714285
339,2,21,2,32400,892,0.027530864197530865,18.494396209716797,0.7261146496815286,0.9091928251121076
339,2,22,0,32400,2285,0.0705246913580247,11.987746238708496,0.8699146157709694,1.4713347921225384
339,2,22,1,32400,85,0.002623456790123457,17.823530197143555,0.04285714285714286,0.0
339,2,22,2,32400,1103,0.03404320987654321,10.755212783813477,0.7982062780269058,0.9891205802357208
339,2,23,0,32400,2381,0.07348765432098765,14.586307525634766,0.838074398249453,1.4741705165896681
339,2,23,1,32400,85,0.002623456790123457,17.63529396057129,0.08235294117647059,0.0
339,2,23,2,32400,1118,0.034506172839506175,12.86583137512207,0.7334542157751587,0.9177101967799642
339,2,24,0,32400,2664,0.08222222222222222,9.639264106750488,0.8773624527509449,1.5153903903903905
339,2,24,1,32400,90,0.002777777777777778,9.788888931274414,0.11764705882352941,0.0
339,2,24,2,32400,1314,0.04055555555555555,9.87823486328125,0.7826475849731663,0.9916286149162862
339,2,25,0,32400,2787,0.08601851851851852,11.472551345825195,0.8618618618618619,1.503767491926803
339,2,25,1,32400,67,0.002067901234567901,8.597014427185059,0.08888888888888889,0.0
339,2,25,2,32400,1345,0.041512345679012345,11.03048324584961,0.7549467275494672,0.9263940520446097
339,2,26,0,32400,2956,0.09123456790123456,9.118402481079102,0.8758521707929674,1.5348443843031123
339,2,26,1,32400,76,0.002345679012345679,10.578947067260742,0.04477611940298507,0.013157894736842105
339,2,26,2,32400,1453,0.04484567901234568,9.759119033813477,0.7710037174721189,0.9559532002752925
339,2,27,0,32400,3096,0.09555555555555556,8.929586410522461,0.8694181326116374,1.4954780361757105
339,2,27,1,32400,84,0.0025925925925925925,9.190476417541504,0.039473684210526314,0.023809523809523808
339,2,27,2,32400,1501,0.04632716049382716,8.546968460083008,0.7474191328286304,0.9213857428381079
339,2,28,0,32400,3251,0.1003395061728395,13.352506637573242,0.8711240310077519,1.494617040910489
339,2,28,1,32400,85,0.002623456790123457,7.917647361755371,0.05952380952380952,0.0
339,2,28,2,32400,1564,0.0482716049382716,16.024295806884766,0.7435043304463691,0.9360613810741688
339,2,29,0,32400,3487,0.10762345679012346,7.935474395751953,0.8748077514610889,1.50731287639805
339,2,29,1,32400,85,0.002623456790123457,7.752941131591797,0.023529411764705882,0.0
339,2,29,2,32400,1636,0.050493827160493825,8.040953636169434,0.7615089514066496,0.9382640586797066
339,2,30,0,32400,3495,0.10787037037037037,8.793705940246582,0.8482936621737883,1.4743919885550787
339,2,30,1,32400,95,0.002932098765432099,10.36842155456543,0.12941176470588237,0.010526315789473684
339,2,30,2,32400,1692,0.052222222222222225,9.199763298034668,0.7689486552567237,0.942080378250591
339,2,31,0,32400,3647,0.11256172839506173,24.183439254760742,0.8620886981402003,1.4853304085549768
339,2,31,1,32400,94,0.0029012345679012346,31.56382942199707,0.08421052631578947,0.0
339,2,31,2,32400,1775,0.05478395061728395,21.883380889892578,0.7600472813238771,0.9222535211267605
339,2,32,0,32400,4236,0.13074074074074074,12.577431678771973,0.9155470249520153,1.5889990557129368
339,2,32,1,32400,103,0.0031790123456790125,10.407767295837402,0.09574468085106383,0.009708737864077669
339,2,32,2,32400,2107,0.06503086419753086,11.818699836730957,0.8112676056338028,1.0360702420503085
339,2,33,0,32400,4497,0.1387962962962963,18.49944305419922,0.8970727101038716,1.5855014454080498
339,2,33,1,32400,97,0.002993827160493827,19.01030921936035,0.11650485436893204,0.020618556701030927
339,2,33,2,32400,2326,0.07179012345679012,20.84221839904785,0.8011390602752729,1.0683576956147893
339,2,34,0,32400,4955,0.1529320987654321,29.800403594970703,0.9177229263953747,1.6232088799192734
339,2,34,1,32400,79,0.0024382716049382715,60.5443000793457,0.07216494845360824,0.02531645569620253
339,2,34,2,32400,2675,0.08256172839506173,25.539813995361328,0.8361994840928633,1.1446728971962616
339,2,35,0,32400,5377,0.1659567901234568,17.9051513671875,0.9180625630676085,1.6496187465129255
339,2,35,1,32400,85,0.002623456790123457,21.282352447509766,0.13924050632911392,0.011764705882352941
339,2,35,2,32400,3002,0.09265432098765432,16.892738342285156,0.8242990654205608,1.150566289140573
339,3,1,0,32400,218,0.006728395061728395,11.14220142364502,-1.0,0.48623853211009177
339,3,1,1,32400,111,0.003425925925925926,9.45945930480957,-1.0,0.09009009009009009
339,3,1,2,32400,41,0.0012654320987654322,9.243902206420898,-1.0,0.024390243902439025
339,3,2,0,32400,243,0.0075,12.30864143371582,0.4541284403669725,0.49794238683127573
339,3,2,1,32400,96,0.002962962962962963,11.427083969116211,0.04504504504504504,0.0
339,3,2,2,32400,46,0.001419753086419753,16.391305923461914,0.0975609756097561,0.021739130434782608
339,3,3,0,32400,320,0.009876543209876543,24.30000114440918,0.5061728395061729,0.559375
339,3,3,1,32400,101,0.003117283950617284,15.732672691345215,0.08333333333333333,0.019801980198019802
339,3,3,2,32400,73,0.0022530864197530865,20.780820846557617,0.2391304347826087,0.0547945205479452
339,3,4,0,32400,393,0.012129629629629629,10.646310806274414,0.525,0.6310432569974554
339,3,4,1,32400,97,0.002993827160493827,11.731958389282227,0.0594059405940594,0.010309278350515464
339,3,4,2,32400,93,0.0028703703703703703,10.5591402053833,0.1780821917808219,0.22580645161290322
339,3,5,0,32400,386,0.01191358024691358,15.759066581726074,0.49363867684478374,0.6813471502590673
339,3,5,1,32400,87,0.002685185185185185,9.206896781921387,0.041237113402061855,0.0
339,3,5,2,32400,104,0.0032098765432098763,10.644230842590332,0.3655913978494624,0.2980769230769231
339,3,6,0,32400,456,0.014074074074074074,13.769737243652344,0.5569948186528497,0.7478070175438597
339,3,6,1,32400,80,0.0024691358024691358,8.375,0.05747126436781609,0.0375
339,3,6,2,32400,126,0.0038888888888888888,7.277778148651123,0.34615384615384615,0.2222222222222222
339,3,7,0,32400,466,0.014382716049382717,22.912017822265625,0.6030701754385965,0.8948497854077253
339,3,7,1,32400,85,0.002623456790123457,7.670588493347168,0.0375,0.0
339,3,7,2,32400,150,0.004629629629629629,18.286666870117188,0.42857142857142855,0.38
339,3,8,0,32400,508,0.015679012345679012,14.608267784118652,0.6351931330472103,0.9114173228346457
339,3,8,1,32400,81,0.0025,9.827160835266113,0.047058823529411764,0.012345679012345678
339,3,8,2,32400,160,0.0049382716049382715,17.650001525878906,0.48,0.35625
339,3,9,0,32400,527,0.016265432098765433,14.30170726776123,0.6181102362204725,1.0208728652751422
339,3,9,1,32400,101,0.003117283950617284,17.46534538269043,0.037037037037037035,0.0
339,3,9,2,32400,176,0.005432098765432099,12.21022891998291,0.50625,0.42613636363636365
339,3,10,0,32400,612,0.01888888888888889,9.826797485351562,0.6944971537001897,1.0294117647058822
339,3,10,1,32400,106,0.003271604938271605,7.44339656829834,0.039603960396039604,0.0
339,3,10,2,32400,218,0.006728395061728395,7.949541091918945,0.5568181818181818,0.5229357798165137
339,3,11,0,32400,633,0.019537037037037037,16.505529403686523,0.6683006535947712,1.0363349131121642
339,3,11,1,32400,103,0.0031790123456790125,11.796116828918457,0.11320754716981132,0.019417475728155338
339,3,11,2,32400,268,0.008271604938271605,8.92164134979248,0.6284403669724771,0.6194029850746269
339,3,12,0,32400,667,0.02058641975308642,9.09145450592041,0.6872037914691943,1.0494752623688155
339,3,12,1,32400,77,0.0023765432098765433,7.948051929473877,0.06796116504854369,0.012987012987012988
339,3,12,2,32400,274,0.00845679012345679,9.96350383758545,0.5634328358208955,0.5875912408759124
339,3,13,0,32400,682,0.02104938271604938,10.890028953552246,0.6881559220389805,1.1070381231671553
339,3,13,1,32400,76,0.002345679012345679,15.697368621826172,0.03896103896103896,0.0
339,3,13,2,32400,259,0.007993827160493827,12.725869178771973,0.5218978102189781,0.6177606177606177
339,3,14,0,32400,758,0.02339506172839506,12.113456726074219,0.7331378299120235,1.0593667546174141
339,3,14,1,32400,79,0.0024382716049382715,15.012660026550293,0.10526315789473684,0.012658227848101266
339,3,14,2,32400,296,0.009135802469135803,13.091216087341309,0.5675675675675675,0.625
339,3,15,0,32400,809,0.024969135802469136,11.480840682983398,0.712401055408971,1.1396786155747838
339,3,15,1,32400,116,0.003580246913580247,12.42241382598877,0.05063291139240506,0.0
339,3,15,2,32400,332,0.010246913580246913,9.68975830078125,0.6081081081081081,0.641566265060241
339,3,16,0,32400,816,0.025185185185185185,14.068628311157227,0.6996291718170581,1.1225490196078431
339,3,16,1,32400,85,0.002623456790123457,14.282353401184082,0.0603448275862069,0.0
339,3,16,2,32400,341,0.01052469135802469,8.219941139221191,0.6295180722891566,0.718475073313783
339,3,17,0,32400,838,0.0258641975308642,9.539380073547363,0.7193627450980392,1.168257756563246
339,3,17,1,32400,89,0.0027469135802469136,9.314606666564941,0.047058823529411764,0.0
339,3,17,2,32400,353,0.010895061728395062,8.895183563232422,0.624633431085044,0.7110481586402266
339,3,18,0,32400,877,0.0270679012345679,10.446977615356445,0.7541766109785203,1.1835803876852908
339,3,18,1,32400,79,0.0024382716049382715,6.949367046356201,0.02247191011235955,0.012658227848101266
339,3,18,2,32400,339,0.010462962962962962,15.179941177368164,0.5892351274787535,0.6607669616519174
339,3,19,0,32400,945,0.029166666666666667,13.12592601776123,0.7719498289623717,1.2010582010582012
339,3,19,1,32400,84,0.0025925925925925925,16.571428298950195,0.06329113924050633,0.011904761904761904
339,3,19,2,32400,368,0.011358024691358024,13.372282981872559,0.6194690265486725,0.7038043478260869
339,3,20,0,32400,1070,0.03302469135802469,15.686918258666992,0.7915343915343915,1.2616822429906542
339,3,20,1,32400,72,0.0022222222222222222,4.708333492279053,0.08333333333333333,0.0
339,3,20,2,32400,453,0.013981481481481482,14.664460182189941,0.7336956521739131,0.8520971302428256
339,3,21,0,32400,1158,0.03574074074074074,15.937824249267578,0.7869158878504673,1.3169257340241796
339,3,21,1,32400,75,0.0023148148148148147,12.666666984558105,0.06944444444444445,0.0
339,3,21,2,32400,480,0.014814814814814815,15.23750114440918,0.7108167770419426,0.8875
339,3,22,0,32400,1298,0.04006172839506173,11.452234268188477,0.8264248704663213,1.347457627118644
339,3,22,1,32400,98,0.0030246913580246914,12.387754440307617,0.04,0.01020408163265306
339,3,22,2,32400,587,0.018117283950617284,13.781941413879395,0.7625,0.9182282793867121
339,3,23,0,32400,1335,0.0412037037037037,13.492883682250977,0.7835130970724191,1.2951310861423222
339,3,23,1,32400,73,0.0022530864197530865,11.232876777648926,0.10204081632653061,0.0
339,3,23,2,32400,582,0.017962962962962962,14.510309219360352,0.6695059625212947,0.8402061855670103
339,3,24,0,32400,1534,0.04734567901234568,10.0,0.8434456928838951,1.3820078226857888
339,3,24,1,32400,83,0.0025617283950617282,11.771082878112793,0.0547945205479452,0.012048192771084338
339,3,24,2,32400,689,0.02126543209876543,10.233672142028809,0.7525773195876289,0.8998548621190131
339,3,25,0,32400,1594,0.04919753086419753,11.484943389892578,0.8116036505867015,1.3776662484316187
339,3,25,1,32400,81,0.0025,11.061728477478027,0.04819277108433735,0.0
339,3,25,2,32400,746,0.02302469135802469,10.505362510681152,0.7503628447024674,0.886058981233244
339,3,26,0,32400,1736,0.053580246913580244,10.055875778198242,0.8324968632371392,1.403225806451613
339,3,26,1,32400,75,0.0023148148148148147,9.346667289733887,0.04938271604938271,0.0
339,3,26,2,32400,798,0.02462962962962963,9.236842155456543,0.7265415549597856,0.893483709273183
339,3,27,0,32400,1838,0.056728395061728394,8.597931861877441,0.8323732718894009,1.410772578890098
339,3,27,1,32400,73,0.0022530864197530865,7.273972511291504,0.04,0.0136986301369863
339,3,27,2,32400,802,0.024753086419753087,9.12967586517334,0.6917293233082706,0.8566084788029925
339,3,28,0,32400,1884,0.05814814814814815,16.82112693786621,0.8351468988030468,1.4171974522292994
339,3,28,1,32400,93,0.0028703703703703703,21.817203521728516,0.0273972602739726,0.0
339,3,28,2,32400,856,0.026419753086419754,16.105138778686523,0.7319201995012469,0.7862149532710281
339,3,29,0,32400,2047,0.063179012345679,7.867610931396484,0.8609341825902336,1.4372252076209087
339,3,29,1,32400,94,0.0029012345679012346,9.0,0.0967741935483871,0.010638297872340425
339,3,29,2,32400,948,0.02925925925925926,7.944092273712158,0.7184579439252337,0.8860759493670886
339,3,30,0,32400,2046,0.06314814814814815,8.87194538116455,0.824132877381534,1.3773216031280548
339,3,30,1,32400,77,0.0023765432098765433,10.727272987365723,0.07446808510638298,0.0
339,3,30,2,32400,905,0.0279320987654321,9.31270694732666,0.6909282700421941,0.8353591160220994
339,3,31,0,32400,2130,0.06574074074074074,23.813146591186523,0.8377321603128055,1.3690140845070422
339,3,31,1,32400,84,0.0025925925925925925,28.035715103149414,0.07792207792207792,0.023809523809523808
339,3,31,2,32400,967,0.02984567901234568,21.538780212402344,0.7381215469613259,0.8562564632885212
339,3,32,0,32400,2527,0.07799382716049383,12.860308647155762,0.8863849765258216,1.480807281361298
339,3,32,1,32400,80,0.0024691358024691358,11.612500190734863,0.14285714285714285,0.0125
339,3,32,2,32400,1190,0.0367283950617284,12.201681137084961,0.7880041365046536,0.9554621848739496
339,3,33,0,32400,2687,0.0829320987654321,17.010793685913086,0.8607043925603483,1.5165612206922219
339,3,33,1,32400,87,0.002685185185185185,18.402297973632812,0.1125,0.011494252873563218
339,3,33,2,32400,1311,0.040462962962962964,18.627765655517578,0.7621848739495798,0.9588100686498856
339,3,34,0,32400,2972,0.09172839506172839,27.99125099182129,0.8913286192780052,1.5531628532974429
339,3,34,1,32400,98,0.0030246913580246914,15.459183692932129,0.12643678160919541,0.0
339,3,34,2,32400,1511,0.046635802469135804,24.800132751464844,0.7841342486651411,1.0185307743216414
339,3,35,0,32400,3254,0.1004320987654321,16.922863006591797,0.892664872139973,1.5752919483712353
339,3,35,1,32400,100,0.0030864197530864196,18.55000114440918,0.061224489795918366,0.01
339,3,35,2,32400,1742,0.053765432098765435,15.762341499328613,0.799470549305096,1.0884041331802525
340,0,1,0,32400,168,0.005185185185185185,13.72023868560791,-1.0,0.4166666666666667
340,0,1,1,32400,106,0.003271604938271605,13.339622497558594,-1.0,0.02830188679245283
340,0,1,2,32400,46,0.001419753086419753,22.891307830810547,-1.0,0.021739130434782608
340,0,2,0,32400,253,0.007808641975308642,13.142292976379395,0.47619047619047616,0.47035573122529645
340,0,2,1,32400,94,0.0029012345679012346,18.585105895996094,0.05660377358490566,0.0
340,0,2,2,32400,70,0.0021604938271604936,11.985713958740234,0.17391304347826086,0.04285714285714286
340,0,3,0,32400,273,0.008425925925925925,9.556777000427246,0.4268774703557312,0.5238095238095238
340,0,3,1,32400,94,0.0029012345679012346,12.680850982666016,0.07446808510638298,0.02127659574468085
340,0,3,2,32400,66,0.002037037037037037,12.666666984558105,0.18571428571428572,0.18181818181818182
340,0,4,0,32400,288,0.008888888888888889,13.635417938232422,0.4542124542124542,0.53125
340,0,4,1,32400,103,0.0031790123456790125,13.194175720214844,0.06382978723404255,0.0
340,0,4,2,32400,87,0.002685185185185185,17.58620834350586,0.30303030303030304,0.1724137931034483
340,0,5,0,32400,332,0.010246913580246913,13.490962982177734,0.5243055555555556,0.641566265060241
340,0,5,1,32400,81,0.0025,12.09876537322998,0.038834951456310676,0.0
340,0,5,2,32400,109,0.0033641975308641974,14.293577194213867,0.3218390804597701,0.1926605504587156
340,0,6,0,32400,390,0.012037037037037037,12.951282501220703,0.5572289156626506,0.7410256410256411
340,0,6,1,32400,98,0.0030246913580246914,8.673469543457031,0.037037037037037035,0.0
340,0,6,2,32400,119,0.0036728395061728395,16.092437744140625,0.3211009174311927,0.2184873949579832
340,0,7,0,32400,410,0.012654320987654321,18.44390296936035,0.5512820512820513,0.7975609756097561
340,0,7,1,32400,92,0.002839506172839506,14.097827911376953,0.061224489795918366,0.010869565217391304
340,0,7,2,32400,133,0.004104938271604938,13.812031745910645,0.37815126050420167,0.3684210526315789
340,0,8,0,32400,443,0.013672839506172839,11.94582462310791,0.5951219512195122,0.8510158013544018
340,0,8,1,32400,85,0.002623456790123457,14.917647361755371,0.021739130434782608,0.011764705882352941
340,0,8,2,32400,153,0.004722222222222222,17.64052391052246,0.5037593984962406,0.48366013071895425
340,0,9,0,32400,492,0.015185185185185185,9.733739852905273,0.6207674943566591,0.9512195121951219
340,0,9,1,32400,84,0.0025925925925925925,9.321428298950195,0.07058823529411765,0.0
340,0,9,2,32400,183,0.005648148148148148,11.786885261535645,0.5032679738562091,0.5737704918032787
340,0,10,0,32400,590,0.018209876543209876,12.018644332885742,0.6808943089430894,1.0016949152542374
340,0,10,1,32400,89,0.0027469135802469136,8.280899047851562,0.047619047619047616,0.011235955056179775
340,0,10,2,32400,226,0.006975308641975308,9.137167930603027,0.5901639344262295,0.6858407079646017
340,0,11,0,32400,619,0.01910493827160494,9.68336009979248,0.676271186440678,1.0775444264943457
340,0,11,1,32400,93,0.0028703703703703703,9.365591049194336,0.0449438202247191,0.021505376344086023
340,0,11,2,32400,246,0.007592592592592593,10.207316398620605,0.5752212389380531,0.6788617886178862
340,0,12,0,32400,651,0.020092592592592592,12.384024620056152,0.6995153473344103,1.0706605222734256
340,0,12,1,32400,91,0.002808641975308642,14.186813354492188,0.03225806451612903,0.0
340,0,12,2,32400,263,0.008117283950617284,12.878327369689941,0.6422764227642277,0.6653992395437263
340,0,13,0,32400,735,0.022685185185185187,14.319727897644043,0.7188940092165899,1.1360544217687074
340,0,13,1,32400,86,0.002654320987654321,14.139534950256348,0.03296703296703297,0.0
340,0,13,2,32400,291,0.008981481481481481,15.797250747680664,0.6197718631178707,0.6769759450171822
340,0,14,0,32400,779,0.02404320987654321,10.278562545776367,0.7278911564625851,1.2413350449293967
340,0,14,1,32400,95,0.002932098765432099,5.842105388641357,0.08139534883720931,0.010526315789473684
340,0,14,2,32400,342,0.010555555555555556,9.228070259094238,0.6460481099656358,0.7573099415204678
340,0,15,0,32400,773,0.023858024691358025,13.72445011138916,0.7124518613607189,1.1940491591203104
340,0,15,1,32400,88,0.0027160493827160493,11.340909004211426,0.021052631578947368,0.011363636363636364
340,0,15,2,32400,329,0.01015432098765432,11.604863166809082,0.6257309941520468,0.7872340425531915
340,0,16,0,32400,815,0.02515432098765432,8.34723949432373,0.7425614489003881,1.2306748466257669
340,0,16,1,32400,86,0.002654320987654321,8.44186019897461,0.045454545454545456,0.0
340,0,16,2,32400,355,0.010956790123456791,9.399999618530273,0.6808510638297872,0.7943661971830986
340,0,17,0,32400,863,0.026635802469135803,11.637310981750488,0.7680981595092025,1.2363847045191194
340,0,17,1,32400,88,0.0027160493827160493,8.159090995788574,0.046511627906976744,0.022727272727272728
340,0,17,2,32400,359,0.011080246913580246,13.802227973937988,0.6788732394366197,0.754874651810585
340,0,18,0,32400,900,0.027777777777777776,11.842222213745117,0.7694090382387022,1.3144444444444445
340,0,18,1,32400,78,0.0024074074074074076,8.692307472229004,0.03409090909090909,0.0
340,0,18,2,32400,380,0.011728395061728396,11.739474296569824,0.6518105849582173,0.7789473684210526
340,0,19,0,32400,949,0.029290123456790124,13.334035873413086,0.7933333333333333,1.3424657534246576
340,0,19,1,32400,101,0.003117283950617284,7.584158420562744,0.0641025641025641,0.019801980198019802
340,0,19,2,32400,427,0.013179012345679012,10.22014045715332,0.6868421052631579,0.8384074941451991
340,0,20,0,32400,1019,0.03145061728395062,18.249263763427734,0.8145416227608009,1.3012757605495584
340,0,20,1,32400,105,0.0032407407407407406,11.79047679901123,0.04950495049504951,0.0
340,0,20,2,32400,445,0.013734567901234567,15.966292381286621,0.6604215456674473,0.8629213483146068
340,0,21,0,32400,1124,0.03469135802469136,13.881672859191895,0.8125613346418057,1.3318505338078293
340,0,21,1,32400,86,0.002654320987654321,13.767441749572754,0.0380952380952381,0.0
340,0,21,2,32400,533,0.016450617283950617,12.739212036132812,0.750561797752809,0.8667917448405253
340,0,22,0,32400,1206,0.03722222222222222,13.472637176513672,0.806049822064057,1.3441127694859039
340,0,22,1,32400,84,0.0025925925925925925,13.678571701049805,0.046511627906976744,0.0
340,0,22,2,32400,553,0.0170679012345679,13.075949668884277,0.6772983114446529,0.8625678119349005
340,0,23,0,32400,1306,0.04030864197530864,9.574273109436035,0.8225538971807629,1.3721286370597243
340,0,23,1,32400,99,0.0030555555555555557,8.525252342224121,0.023809523809523808,0.0
340,0,23,2,32400,613,0.018919753086419754,11.148449897766113,0.7215189873417721,0.9037520391517129
340,0,24,0,32400,1381,0.04262345679012346,12.167269706726074,0.8078101071975498,1.3664011585807385
340,0,24,1,32400,79,0.0024382716049382715,11.265823364257812,0.020202020202020204,0.0
340,0,24,2,32400,658,0.02030864197530864,10.410334587097168,0.7438825448613376,0.9726443768996961
340,0,25,0,32400,1484,0.04580246913580247,9.605120658874512,0.8175235336712527,1.4144204851752022
340,0,25,1,32400,96,0.002962962962962963,11.520833969116211,0.12658227848101267,0.010416666666666666
340,0,25,2,32400,734,0.02265432098765432,9.355586051940918,0.7781155015197568,0.9455040871934605
340,0,26,0,32400,1514,0.04672839506172839,8.976882934570312,0.8200808625336927,1.4365918097754293
340,0,26,1,32400,92,0.002839506172839506,11.336956977844238,0.020833333333333332,0.010869565217391304
340,0,26,2,32400,713,0.022006172839506174,8.305749893188477,0.6784741144414169,0.8835904628330996
340,0,27,0,32400,1577,0.04867283950617284,14.352568626403809,0.8302509907529723,1.4337349397590362
340,0,27,1,32400,87,0.002685185185185185,8.82758617401123,0.05434782608695652,0.0
340,0,27,2,32400,755,0.02330246913580247,20.074172973632812,0.7447405329593267,0.9006622516556292
340,0,28,0,32400,1674,0.051666666666666666,7.980884075164795,0.8421052631578947,1.445041816009558
340,0,28,1,32400,88,0.0027160493827160493,6.829545497894287,0.011494252873563218,0.0
340,0,28,2,32400,841,0.02595679012345679,8.290130615234375,0.7682119205298014,0.9441141498216409
340,0,29,0,32400,1622,0.050061728395061726,9.294697761535645,0.8028673835125448,1.4161528976572133
340,0,29,1,32400,88,0.0027160493827160493,8.806818008422852,0.06818181818181818,0.0
340,0,29,2,32400,853,0.026327160493827162,9.00468921661377,0.7324613555291319,0.9249706916764361
340,0,30,0,32400,1679,0.051820987654320985,22.13162612915039,0.8175092478421702,1.4115544967242406
340,0,30,1,32400,89,0.0027469135802469136,31.943822860717773,0.07954545454545454,0.0
340,0,30,2,32400,864,0.02666666666666667,15.094907760620117,0.7397420867526378,0.9259259259259259
340,0,31,0,32400,1920,0.05925925925925926,13.159896850585938,0.874329958308517,1.4932291666666666
340,0,31,1,32400,96,0.002962962962962963,9.854167938232422,0.056179775280898875,0.020833333333333332
340,0,31,2,32400,985,0.030401234567901236,13.411168098449707,0.7662037037037037,1.03248730964467
340,0,32,0,32400,2059,0.06354938271604939,18.271005630493164,0.8682291666666667,1.5157843613404565
340,0,32,1,32400,99,0.0030555555555555557,28.414140701293945,0.08333333333333333,0.0
340,0,32,2,32400,1072,0.03308641975308642,20.504663467407227,0.7959390862944162,1.0559701492537314
340,0,33,0,32400,2227,0.06873456790123457,26.08846092224121,0.8746964545896067,1.5348001796138302
340,0,33,1,32400,106,0.003271604938271605,14.339622497558594,0.10101010101010101,0.009433962264150943
340,0,33,2,32400,1229,0.0379320987654321,27.055328369140625,0.8171641791044776,1.1065907241659887
340,0,34,0,32400,2357,0.07274691358024692,15.825201034545898,0.8711270767849124,1.549851506151888
340,0,34,1,32400,84,0.0025925925925925925,21.607145309448242,0.12264150943396226,0.0
340,0,34,2,32400,1305,0.04027777777777778,18.01762580871582,0.8006509357200976,1.1310344827586207
340,0,35,0,32400,2515,0.07762345679012346,24.52644157409668,0.8773865082732287,1.520079522862823
340,0,35,1,32400,82,0.0025308641975308644,21.975608825683594,0.09523809523809523,0.0
340,0,35,2,32400,1389,0.04287037037037037,20.403167724609375,0.7931034482758621,1.111591072714183
340,1,1,0,32400,179,0.0055246913580246915,13.877094268798828,-1.0,0.4692737430167598
340,1,1,1,32400,91,0.002808641975308642,13.95604419708252,-1.0,0.01098901098901099
340,1,1,2,32400,51,0.001574074074074074,20.43137550354004,-1.0,0.0196078431372549
340,1,2,0,32400,235,0.007253086419753086,13.161702156066895,0.4860335195530726,0.5148936170212766
340,1,2,1,32400,96,0.002962962962962963,10.53125,0.054945054945054944,0.010416666666666666
340,1,2,2,32400,80,0.0024691358024691358,11.300000190734863,0.11764705882352941,0.05
340,1,3,0,32400,293,0.00904320987654321,12.7098970413208,0.5276595744680851,0.5836177474402731
340,1,3,1,32400,92,0.002839506172839506,11.3695650100708,0.03125,0.010869565217391304
340,1,3,2,32400,74,0.002283950617283951,12.054054260253906,0.15,0.05405405405405406
340,1,4,0,32400,326,0.010061728395061729,12.190183639526367,0.5255972696245734,0.6779141104294478
340,1,4,1,32400,68,0.0020987654320987655,20.102943420410156,0.021739130434782608,0.0
340,1,4,2,32400,80,0.0024691358024691358,12.574999809265137,0.22972972972972974,0.0875
340,1,5,0,32400,360,0.011111111111111112,14.091667175292969,0.5398773006134969,0.7472222222222222
340,1,5,1,32400,74,0.002283950617283951,31.189189910888672,0.04411764705882353,0.0
340,1,5,2,32400,102,0.003148148148148148,13.833333969116211,0.3,0.20588235294117646
340,1,6,0,32400,384,0.011851851851851851,14.4375,0.5416666666666666,0.7630208333333334
340,1,6,1,32400,92,0.002839506172839506,8.663043975830078,0.02702702702702703,0.0
340,1,6,2,32400,100,0.0030864197530864196,7.819999694824219,0.24509803921568626,0.17
340,1,7,0,32400,388,0.011975308641975308,19.06443214416504,0.5598958333333334,0.7989690721649485
340,1,7,1,32400,98,0.0030246913580246914,8.122448921203613,0.043478260869565216,0.0
340,1,7,2,32400,101,0.003117283950617284,14.881187438964844,0.26,0.15841584158415842
340,1,8,0,32400,402,0.012407407407407407,14.738805770874023,0.5850515463917526,0.8706467661691543
340,1,8,1,32400,74,0.002283950617283951,18.256759643554688,0.04081632653061224,0.0
340,1,8,2,32400,107,0.0033024691358024692,15.130840301513672,0.3069306930693069,0.2803738317757009
340,1,9,0,32400,479,0.01478395061728395,10.039666175842285,0.6616915422885572,0.8872651356993737
340,1,9,1,32400,103,0.0031790123456790125,8.252427101135254,0.08108108108108109,0.0
340,1,9,2,32400,117,0.003611111111111111,12.435897827148438,0.3644859813084112,0.29914529914529914
340,1,10,0,32400,498,0.015370370370370371,12.253011703491211,0.6304801670146137,0.9257028112449799
340,1,10,1,32400,115,0.0035493827160493828,8.356521606445312,0.11650485436893204,0.0
340,1,10,2,32400,142,0.004382716049382716,14.683099746704102,0.4700854700854701,0.39436619718309857
340,1,11,0,32400,528,0.016296296296296295,9.63825798034668,0.6465863453815262,1.0549242424242424
340,1,11,1,32400,104,0.0032098765432098763,7.413461685180664,0.034782608695652174,0.019230769230769232
340,1,11,2,32400,175,0.005401234567901234,9.937142372131348,0.4788732394366197,0.4057142857142857
340,1,12,0,32400,550,0.016975308641975308,11.17090892791748,0.6723484848484849,1.0581818181818181
340,1,12,1,32400,90,0.002777777777777778,15.233333587646484,0.08653846153846154,0.011111111111111112
340,1,12,2,32400,181,0.00558641975308642,12.8397798538208,0.4228571428571429,0.3149171270718232
340,1,13,0,32400,620,0.019135802469135803,12.995161056518555,0.7054545454545454,1.070967741935484
340,1,13,1,32400,83,0.0025617283950617282,8.216867446899414,0.06666666666666667,0.012048192771084338
340,1,13,2,32400,194,0.005987654320987654,10.067009925842285,0.5082872928176796,0.422680412371134
340,1,14,0,32400,672,0.02074074074074074,10.8005952835083,0.7129032258064516,1.1205357142857142
340,1,14,1,32400,87,0.002685185185185185,7.712643623352051,0.03614457831325301,0.011494252873563218
340,1,14,2,32400,216,0.006666666666666667,11.134259223937988,0.5257731958762887,0.4537037037037037
340,1,15,0,32400,689,0.02126543209876543,17.89550018310547,0.6919642857142857,1.0943396226415094
340,1,15,1,32400,95,0.002932098765432099,14.000000953674316,0.05747126436781609,0.010526315789473684
340,1,15,2,32400,236,0.0072839506172839505,13.440677642822266,0.5416666666666666,0.538135593220339
340,1,16,0,32400,717,0.02212962962962963,9.40027904510498,0.7256894049346879,1.195258019525802
340,1,16,1,32400,89,0.0027469135802469136,7.314606666564941,0.09473684210526316,0.011235955056179775
340,1,16,2,32400,279,0.008611111111111111,8.519713401794434,0.5720338983050848,0.5842293906810035
340,1,17,0,32400,787,0.024290123456790123,11.66581916809082,0.7601115760111576,1.2071156289707752
340,1,17,1,32400,106,0.003271604938271605,8.45283031463623,0.056179775280898875,0.0
340,1,17,2,32400,314,0.009691358024691357,10.859872817993164,0.5663082437275986,0.5414012738853503
340,1,18,0,32400,840,0.025925925925925925,12.370238304138184,0.7331639135959339,1.213095238095238
340,1,18,1,32400,64,0.0019753086419753087,21.46875,0.03773584905660377,0.0
340,1,18,2,32400,314,0.009691358024691357,13.245223045349121,0.5605095541401274,0.5955414012738853
340,1,19,0,32400,918,0.028333333333333332,14.598039627075195,0.7702380952380953,1.3278867102396514
340,1,19,1,32400,77,0.0023765432098765433,19.012990951538086,0.046875,0.0
340,1,19,2,32400,374,0.01154320987654321,15.810161590576172,0.6624203821656051,0.7112299465240641
340,1,20,0,32400,1012,0.031234567901234567,17.32114601135254,0.7941176470588235,1.3468379446640317
340,1,20,1,32400,82,0.0025308641975308644,12.902438163757324,0.07792207792207792,0.0
340,1,20,2,32400,420,0.012962962962962963,19.983333587646484,0.6925133689839572,0.7833333333333333
340,1,21,0,32400,1130,0.03487654320987654,13.838052749633789,0.8142292490118577,1.3920353982300886
340,1,21,1,32400,87,0.002685185185185185,8.919540405273438,0.07317073170731707,0.0
340,1,21,2,32400,513,0.015833333333333335,11.366472244262695,0.7238095238095238,0.9103313840155945
340,1,22,0,32400,1151,0.03552469135802469,12.759340286254883,0.7876106194690266,1.3414422241529105
340,1,22,1,32400,85,0.002623456790123457,8.835294723510742,0.034482758620689655,0.0
340,1,22,2,32400,528,0.016296296296296295,13.5,0.682261208576998,0.8428030303030303
340,1,23,0,32400,1298,0.04006172839506173,10.144067764282227,0.8236316246741964,1.3898305084745763
340,1,23,1,32400,85,0.002623456790123457,11.49411678314209,0.011764705882352941,0.0
340,1,23,2,32400,580,0.017901234567901235,9.305171966552734,0.7121212121212122,0.8896551724137931
340,1,24,0,32400,1351,0.04169753086419753,11.279792785644531,0.8089368258859785,1.4004441154700222
340,1,24,1,32400,81,0.0025,9.419753074645996,0.058823529411764705,0.0
340,1,24,2,32400,641,0.01978395061728395,11.776910781860352,0.7379310344827587,0.8970358814352574
340,1,25,0,32400,1442,0.04450617283950617,9.839112281799316,0.8327165062916358,1.4244105409153953
340,1,25,1,32400,107,0.0033024691358024692,8.616822242736816,0.1111111111111111,0.009345794392523364
340,1,25,2,32400,703,0.021697530864197533,9.887624740600586,0.7519500780031201,0.9715504978662873
340,1,26,0,32400,1526,0.04709876543209877,8.62188720703125,0.8162274618585298,1.4128440366972477
340,1,26,1,32400,95,0.002932098765432099,8.978947639465332,0.056074766355140186,0.031578947368421054
340,1,26,2,32400,722,0.02228395061728395,9.156509399414062,0.7183499288762447,0.9182825484764543
340,1,27,0,32400,1642,0.050679012345679016,15.847138404846191,0.8374836173001311,1.425700365408039
340,1,27,1,32400,78,0.0024074074074074076,21.423076629638672,0.031578947368421054,0.01282051282051282
340,1,27,2,32400,760,0.02345679012345679,11.332895278930664,0.7257617728531855,0.8960526315789473
340,1,28,0,32400,1743,0.05379629629629629,7.777395248413086,0.8398294762484775,1.4635685599541022
340,1,28,1,32400,98,0.0030246913580246914,10.489795684814453,0.02564102564102564,0.01020408163265306
340,1,28,2,32400,835,0.025771604938271606,8.055089950561523,0.7592105263157894,0.9449101796407186
340,1,29,0,32400,1760,0.05432098765432099,8.0846586227417,0.8221457257601836,1.4068181818181817
340,1,29,1,32400,97,0.002993827160493827,8.865979194641113,0.08163265306122448,0.010309278350515464
340,1,29,2,32400,846,0.026111111111111113,9.420804023742676,0.7125748502994012,0.8936170212765957
340,1,30,0,32400,1796,0.0554320987654321,23.523386001586914,0.834659090909091,1.4064587973273943
340,1,30,1,32400,88,0.0027160493827160493,20.556819915771484,0.08247422680412371,0.011363636363636364
340,1,30,2,32400,825,0.02546296296296296,18.07757568359375,0.7009456264775413,0.8521212121212122
340,1,31,0,32400,2099,0.06478395061728395,12.374939918518066,0.9014476614699332,1.5316817532158171
340,1,31,1,32400,94,0.0029012345679012346,13.989360809326172,0.11363636363636363,0.0
340,1,31,2,32400,952,0.029382716049382716,12.35714340209961,0.7648484848484849,0.9054621848739496
340,1,32,0,32400,2191,0.06762345679012345,18.6800537109375,0.873749404478323,1.5654952076677315
340,1,32,1,32400,102,0.003148148148148148,14.401961326599121,0.1276595744680851,0.029411764705882353
340,1,32,2,32400,1101,0.03398148148148148,20.722070693969727,0.7930672268907563,0.9591280653950953
340,1,33,0,32400,2420,0.07469135802469136,28.33512306213379,0.8904609767229575,1.5776859504132232
340,1,33,1,32400,89,0.0027469135802469136,23.089887619018555,0.06862745098039216,0.02247191011235955
340,1,33,2,32400,1287,0.03972222222222222,30.219892501831055,0.8283378746594006,1.0738150738150738
340,1,34,0,32400,2632,0.08123456790123457,18.629558563232422,0.8929752066115703,1.5714285714285714
340,1,34,1,32400,106,0.003271604938271605,9.132075309753418,0.14606741573033707,0.018867924528301886
340,1,34,2,32400,1399,0.04317901234567901,15.305932998657227,0.8010878010878011,1.0886347390993567
340,1,35,0,32400,2785,0.08595679012345679,24.941471099853516,0.8761398176291794,1.5454219030520646
340,1,35,1,32400,93,0.0028703703703703703,32.9892463684082,0.07547169811320754,0.0
340,1,35,2,32400,1491,0.04601851851851852,20.790742874145508,0.7977126518942101,1.1341381623071765
340,2,1,0,32400,198,0.006111111111111111,15.217171669006348,-1.0,0.35858585858585856
340,2,1,1,32400,91,0.002808641975308642,14.329671859741211,-1.0,0.01098901098901099
340,2,1,2,32400,60,0.001851851851851852,9.816667556762695,-1.0,0.0
340,2,2,0,32400,236,0.0072839506172839505,12.631356239318848,0.398989898989899,0.4110169491525424
340,2,2,1,32400,98,0.0030246913580246914,14.204081535339355,0.08791208791208792,0.01020408163265306
340,2,2,2,32400,69,0.0021296296296296298,20.04347801208496,0.016666666666666666,0.0
340,2,3,0,32400,270,0.008333333333333333,10.274073600769043,0.4364406779661017,0.562962962962963
340,2,3,1,32400,95,0.002932098765432099,14.884211540222168,0.10204081632653061,0.031578947368421054
340,2,3,2,32400,59,0.0018209876543209876,9.305085182189941,0.08695652173913043,0.03389830508474576
340,2,4,0,32400,295,0.009104938271604938,13.762711524963379,0.4740740740740741,0.5525423728813559
340,2,4,1,32400,83,0.0025617283950617282,20.132530212402344,0.05263157894736842,0.0
340,2,4,2,32400,65,0.002006172839506173,14.230769157409668,0.1016949152542373,0.015384615384615385
340,2,5,0,32400,337,0.010401234567901235,11.026705741882324,0.5016949152542373,0.6409495548961425
340,2,5,1,32400,82,0.0025308641975308644,16.14634132385254,0.03614457831325301,0.0
340,2,5,2,32400,77,0.0023765432098765433,8.103896141052246,0.09230769230769231,0.0
340,2,6,0,32400,347,0.010709876543209877,11.230546951293945,0.5341246290801187,0.7406340057636888
340,2,6,1,32400,96,0.002962962962962963,8.21875,0.08536585365853659,0.0
340,2,6,2,32400,77,0.0023765432098765433,10.064934730529785,0.14285714285714285,0.025974025974025976
340,2,7,0,32400,349,0.010771604938271605,15.452722549438477,0.5100864553314121,0.6819484240687679
340,2,7,1,32400,73,0.0022530864197530865,18.164382934570312,0.0625,0.0273972602739726
340,2,7,2,32400,79,0.0024382716049382715,19.06329345703125,0.1038961038961039,0.012658227848101266
340,2,8,0,32400,363,0.011203703703703704,10.435261726379395,0.504297994269341,0.6198347107438017
340,2,8,1,32400,76,0.002345679012345679,18.407894134521484,0.0821917808219178,0.0
340,2,8,2,32400,89,0.0027469135802469136,20.52808952331543,0.17721518987341772,0.056179775280898875
340,2,9,0,32400,427,0.013179012345679012,9.878219604492188,0.5840220385674931,0.7564402810304449
340,2,9,1,32400,98,0.0030246913580246914,11.071428298950195,0.06578947368421052,0.01020408163265306
340,2,9,2,32400,97,0.002993827160493827,9.515463829040527,0.23595505617977527,0.10309278350515463
340,2,10,0,32400,486,0.015,16.537036895751953,0.6135831381733021,0.9238683127572016
340,2,10,1,32400,80,0.0024691358024691358,12.0,0.02040816326530612,0.0
340,2,10,2,32400,105,0.0032407407407407406,8.600000381469727,0.31958762886597936,0.2
340,2,11,0,32400,508,0.015679012345679012,10.31692886352539,0.6460905349794238,1.0354330708661417
340,2,11,1,32400,72,0.0022222222222222222,10.097222328186035,0.05,0.0
340,2,11,2,32400,136,0.004197530864197531,9.426470756530762,0.3238095238095238,0.19852941176470587
340,2,12,0,32400,554,0.017098765432098765,14.653429985046387,0.6653543307086615,0.9458483754512635
340,2,12,1,32400,86,0.002654320987654321,12.093023300170898,0.05555555555555555,0.023255813953488372
340,2,12,2,32400,160,0.0049382716049382715,10.84375,0.375,0.30625
340,2,13,0,32400,607,0.018734567901234567,12.782536506652832,0.6660649819494585,1.00164744645799
340,2,13,1,32400,88,0.0027160493827160493,8.602272987365723,0.06976744186046512,0.011363636363636364
340,2,13,2,32400,186,0.005740740740740741,17.354839324951172,0.4,0.41935483870967744
340,2,14,0,32400,663,0.020462962962962964,8.579185485839844,0.6869851729818781,1.1025641025641026
340,2,14,1,32400,84,0.0025925925925925925,7.940476417541504,0.045454545454545456,0.0
340,2,14,2,32400,209,0.006450617283950617,9.488038063049316,0.510752688172043,0.4688995215311005
340,2,15,0,32400,614,0.018950617283950616,17.027687072753906,0.6576168929110106,1.1058631921824105
340,2,15,1,32400,96,0.002962962962962963,7.4375,0.09523809523809523,0.020833333333333332
340,2,15,2,32400,212,0.00654320987654321,9.457547187805176,0.507177033492823,0.4811320754716981
340,2,16,0,32400,687,0.021203703703703704,9.340611457824707,0.739413680781759,1.1411935953420669
340,2,16,1,32400,85,0.002623456790123457,11.717647552490234,0.052083333333333336,0.0
340,2,16,2,32400,232,0.007160493827160494,8.79741382598877,0.5047169811320755,0.47413793103448276
340,2,17,0,32400,777,0.023981481481481482,12.0,0.7481804949053857,1.1544401544401544
340,2,17,1,32400,97,0.002993827160493827,6.628865718841553,0.10588235294117647,0.0
340,2,17,2,32400,277,0.008549382716049382,12.823104858398438,0.5991379310344828,0.6101083032490975
340,2,18,0,32400,806,0.024876543209876544,13.331265449523926,0.7374517374517374,1.2729528535980148
340,2,18,1,32400,91,0.002808641975308642,10.868132591247559,0.05154639175257732,0.0
340,2,18,2,32400,332,0.010246913580246913,12.054216384887695,0.5956678700361011,0.6174698795180723
340,2,19,0,32400,908,0.02802469135802469,18.71806526184082,0.792803970223325,1.3138766519823788
340,2,19,1,32400,92,0.002839506172839506,17.63043785095215,0.04395604395604396,0.0
340,2,19,2,32400,389,0.012006172839506174,12.254498481750488,0.6234939759036144,0.6786632390745502
340,2,20,0,32400,965,0.02978395061728395,14.403109550476074,0.7775330396475771,1.3533678756476684
340,2,20,1,32400,71,0.002191358024691358,16.52112579345703,0.043478260869565216,0.0
340,2,20,2,32400,435,0.013425925925925926,13.972414016723633,0.6889460154241646,0.7402298850574712
340,2,21,0,32400,1107,0.034166666666666665,11.857272148132324,0.8362694300518134,1.3550135501355014
340,2,21,1,32400,86,0.002654320987654321,21.860464096069336,0.11267605633802817,0.0
340,2,21,2,32400,494,0.015246913580246914,12.261134147644043,0.7126436781609196,0.8582995951417004
340,2,22,0,32400,1162,0.0358641975308642,14.636833190917969,0.7822944896115628,1.3373493975903614
340,2,22,1,32400,88,0.0027160493827160493,14.102272987365723,0.046511627906976744,0.011363636363636364
340,2,22,2,32400,529,0.01632716049382716,13.57466983795166,0.7145748987854251,0.8374291115311909
340,2,23,0,32400,1326,0.04092592592592593,9.844645500183105,0.8296041308089501,1.3650075414781297
340,2,23,1,32400,90,0.002777777777777778,8.51111125946045,0.10227272727272728,0.011111111111111112
340,2,23,2,32400,616,0.019012345679012346,10.555194854736328,0.7504725897920604,0.8344155844155844
340,2,24,0,32400,1328,0.04098765432098765,11.205572128295898,0.7911010558069381,1.381777108433735
340,2,24,1,32400,74,0.002283950617283951,14.810811042785645,0.05555555555555555,0.0
340,2,24,2,32400,614,0.018950617283950616,12.112377166748047,0.702922077922078,0.8338762214983714
340,2,25,0,32400,1441,0.04447530864197531,10.185981750488281,0.8343373493975904,1.3622484385843165
340,2,25,1,32400,75,0.0023148148148148147,9.186666488647461,0.05405405405405406,0.0
340,2,25,2,32400,680,0.020987654320987655,9.120588302612305,0.7361563517915309,0.8529411764705882
340,2,26,0,32400,1481,0.045709876543209876,8.275489807128906,0.8091603053435115,1.3801485482781903
340,2,26,1,32400,90,0.002777777777777778,7.244444847106934,0.06666666666666667,0.0
340,2,26,2,32400,689,0.02126543209876543,9.230769157409668,0.711764705882353,0.8432510885341074
340,2,27,0,32400,1535,0.04737654320987654,14.299022674560547,0.8210668467251857,1.3804560260586318
340,2,27,1,32400,79,0.0024382716049382715,16.45569610595703,0.03333333333333333,0.02531645569620253
340,2,27,2,32400,675,0.020833333333333332,16.850370407104492,0.6952104499274311,0.8385185185185186
340,2,28,0,32400,1635,0.050462962962962966,8.034862518310547,0.8332247557003257,1.4226299694189601
340,2,28,1,32400,77,0.0023765432098765433,7.402597427368164,0.0759493670886076,0.0
340,2,28,2,32400,780,0.024074074074074074,7.164102554321289,0.7822222222222223,0.8987179487179487
340,2,29,0,32400,1628,0.05024691358024691,8.891891479492188,0.8165137614678899,1.4023341523341524
340,2,29,1,32400,89,0.0027469135802469136,9.359550476074219,0.025974025974025976,0.0
340,2,29,2,32400,731,0.02256172839506173,9.341998100280762,0.6935897435897436,0.8276333789329685
340,2,30,0,32400,1685,0.052006172839506176,21.640949249267578,0.8249385749385749,1.3851632047477744
340,2,30,1,32400,89,0.0027469135802469136,32.65168762207031,0.056179775280898875,0.0
340,2,30,2,32400,779,0.02404320987654321,19.007701873779297,0.7181942544459644,0.8125802310654685
340,2,31,0,32400,1989,0.06138888888888889,12.920563697814941,0.88486646884273,1.48868778280543
340,2,31,1,32400,97,0.002993827160493827,14.773195266723633,0.06741573033707865,0.020618556701030927
340,2,31,2,32400,938,0.028950617283950618,11.9339017868042,0.7740693196405648,0.9307036247334755
340,2,32,0,32400,2094,0.06462962962962963,17.19293212890625,0.8557063851181498,1.5019102196752627
340,2,32,1,32400,97,0.002993827160493827,31.42268180847168,0.061855670103092786,0.010309278350515464
340,2,32,2,32400,1031,0.03182098765432099,21.058197021484375,0.7782515991471215,0.9825412221144519
340,2,33,0,32400,2270,0.07006172839506172,29.07268714904785,0.876313276026743,1.514977973568282
340,2,33,1,32400,103,0.0031790123456790125,20.640777587890625,0.09278350515463918,0.019417475728155338
340,2,33,2,32400,1206,0.03722222222222222,28.88557243347168,0.7963142580019399,1.044776119402985
340,2,34,0,32400,2482,0.07660493827160494,16.96051597595215,0.8779735682819383,1.5519742143432715
340,2,34,1,32400,110,0.0033950617283950617,15.07272720336914,0.0970873786407767,0.0
340,2,34,2,32400,1360,0.04197530864197531,17.844118118286133,0.8059701492537313,1.1088235294117648
340,2,35,0,32400,2650,0.08179012345679013,24.573963165283203,0.8779210314262691,1.560377358490566
340,2,35,1,32400,95,0.002932098765432099,24.010526657104492,0.11818181818181818,0.0
340,2,35,2,32400,1470,0.04537037037037037,26.582313537597656,0.8,1.107482993197279
340,3,1,0,32400,167,0.005154320987654321,17.371257781982422,-1.0,0.32934131736526945
340,3,1,1,32400,101,0.003117283950617284,16.089109420776367,-1.0,0.009900990099009901
340,3,1,2,32400,47,0.0014506172839506173,20.36170196533203,-1.0,0.02127659574468085
340,3,2,0,32400,271,0.008364197530864198,13.394834518432617,0.38922155688622756,0.3800738007380074
340,3,2,1,32400,93,0.0028703703703703703,28.408605575561523,0.06930693069306931,0.0
340,3,2,2,32400,55,0.0016975308641975309,16.290908813476562,0.1276595744680851,0.01818181818181818
340,3,3,0,32400,253,0.007808641975308642,9.17391300201416,0.36900369003690037,0.525691699604743
340,3,3,1,32400,85,0.002623456790123457,6.376470565795898,0.11827956989247312,0.011764705882352941
340,3,3,2,32400,66,0.002037037037037037,13.07575798034668,0.07272727272727272,0.0
340,3,4,0,32400,262,0.00808641975308642,13.297710418701172,0.47035573122529645,0.4961832061068702
340,3,4,1,32400,83,0.0025617283950617282,10.409638404846191,0.07058823529411765,0.0
340,3,4,2,32400,65,0.002006172839506173,22.892311096191406,0.12121212121212122,0.015384615384615385
340,3,5,0,32400,300,0.009259259259259259,9.08666706085205,0.4770992366412214,0.62
340,3,5,1,32400,83,0.0025617283950617282,17.614458084106445,0.08433734939759036,0.0
340,3,5,2,32400,73,0.0022530864197530865,14.808218955993652,0.18461538461538463,0.0684931506849315
340,3,6,0,32400,282,0.008703703703703703,14.156027793884277,0.43666666666666665,0.5602836879432624
340,3,6,1,32400,95,0.002932098765432099,16.694738388061523,0.08433734939759036,0.0
340,3,6,2,32400,77,0.0023765432098765433,9.064934730529785,0.1643835616438356,0.1038961038961039
340,3,7,0,32400,320,0.009876543209876543,16.621875762939453,0.48936170212765956,0.609375
340,3,7,1,32400,97,0.002993827160493827,17.463918685913086,0.05263157894736842,0.020618556701030927
340,3,7,2,32400,84,0.0025925925925925925,9.619048118591309,0.16883116883116883,0.10714285714285714
340,3,8,0,32400,353,0.010895061728395062,13.21529769897461,0.490625,0.56657223796034
340,3,8,1,32400,85,0.002623456790123457,10.776471138000488,0.041237113402061855,0.011764705882352941
340,3,8,2,32400,94,0.0029012345679012346,9.957446098327637,0.2976190476190476,0.1595744680851064
340,3,9,0,32400,387,0.011944444444444445,10.121447563171387,0.5155807365439093,0.6253229974160207
340,3,9,1,32400,89,0.0027469135802469136,8.775280952453613,0.047058823529411764,0.02247191011235955
340,3,9,2,32400,99,0.0030555555555555557,9.21212100982666,0.19148936170212766,0.16161616161616163
340,3,10,0,32400,387,0.011944444444444445,15.658915519714355,0.5167958656330749,0.7493540051679587
340,3,10,1,32400,95,0.002932098765432099,12.0210542678833,0.06741573033707865,0.0
340,3,10,2,32400,93,0.0028703703703703703,9.849462509155273,0.32323232323232326,0.1935483870967742
340,3,11,0,32400,433,0.013364197530864198,9.415704727172852,0.5813953488372093,0.815242494226328
340,3,11,1,32400,106,0.003271604938271605,9.650943756103516,0.05263157894736842,0.009433962264150943
340,3,11,2,32400,105,0.0032407407407407406,8.819047927856445,0.3870967741935484,0.23809523809523808
340,3,12,0,32400,419,0.0129320987654321,12.72076416015625,0.5704387990762124,0.8114558472553699
340,3,12,1,32400,106,0.003271604938271605,12.311321258544922,0.0660377358490566,0.0
340,3,12,2,32400,119,0.0036728395061728395,19.7394962310791,0.41904761904761906,0.2184873949579832
340,3,13,0,32400,485,0.014969135802469136,11.412371635437012,0.630071599045346,0.8639175257731959
340,3,13,1,32400,83,0.0025617283950617282,8.253011703491211,0.018867924528301886,0.0
340,3,13,2,32400,129,0.003981481481481482,17.12403106689453,0.3697478991596639,0.27906976744186046
340,3,14,0,32400,507,0.015648148148148147,8.508875846862793,0.6288659793814433,0.9250493096646942
340,3,14,1,32400,79,0.0024382716049382715,9.40506362915039,0.024096385542168676,0.0
340,3,14,2,32400,170,0.005246913580246914,8.770588874816895,0.5426356589147286,0.4411764705882353
340,3,15,0,32400,498,0.015370370370370371,16.33734893798828,0.591715976331361,0.9397590361445783
340,3,15,1,32400,79,0.0024382716049382715,10.810127258300781,0.012658227848101266,0.0
340,3,15,2,32400,162,0.005,9.04321002960205,0.38823529411764707,0.3271604938271605
340,3,16,0,32400,534,0.016481481481481482,9.511236190795898,0.6405622489959839,0.9906367041198502
340,3,16,1,32400,90,0.002777777777777778,6.688889026641846,0.06329113924050633,0.022222222222222223
340,3,16,2,32400,162,0.005,8.79012393951416,0.37037037037037035,0.36419753086419754
340,3,17,0,32400,558,0.017222222222222222,10.376343727111816,0.6666666666666666,1.0591397849462365
340,3,17,1,32400,84,0.0025925925925925925,9.9880952835083,0.06666666666666667,0.011904761904761904
340,3,17,2,32400,195,0.0060185185185185185,21.512821197509766,0.49382716049382713,0.40512820512820513
340,3,18,0,32400,577,0.017808641975308643,13.459272384643555,0.7150537634408602,1.1195840554592722
340,3,18,1,32400,83,0.0025617283950617282,12.831324577331543,0.07142857142857142,0.024096385542168676
340,3,18,2,32400,205,0.006327160493827161,13.463414192199707,0.49743589743589745,0.4585365853658537
340,3,19,0,32400,648,0.02,13.24537181854248,0.733102253032929,1.125
340,3,19,1,32400,99,0.0030555555555555557,12.282828330993652,0.07228915662650602,0.010101010101010102
340,3,19,2,32400,244,0.007530864197530864,20.303281784057617,0.551219512195122,0.5163934426229508
340,3,20,0,32400,676,0.020864197530864197,14.281064987182617,0.720679012345679,1.1627218934911243
340,3,20,1,32400,106,0.003271604938271605,11.537735939025879,0.13131313131313133,0.018867924528301886
340,3,20,2,32400,270,0.008333333333333333,15.481481552124023,0.5983606557377049,0.5666666666666667
340,3,21,0,32400,800,0.024691358024691357,12.007499694824219,0.7928994082840237,1.265
340,3,21,1,32400,100,0.0030864197530864196,17.399999618530273,0.08490566037735849,0.02
340,3,21,2,32400,332,0.010246913580246913,14.503011703491211,0.6185185185185185,0.6596385542168675
340,3,22,0,32400,823,0.025401234567901235,12.692588806152344,0.745,1.2369380315917375
340,3,22,1,32400,89,0.0027469135802469136,11.898876190185547,0.1,0.0
340,3,22,2,32400,332,0.010246913580246913,12.246987342834473,0.5783132530120482,0.7379518072289156
340,3,23,0,32400,883,0.027253086419753086,11.723669052124023,0.7812879708383961,1.3069082672706682
340,3,23,1,32400,68,0.0020987654320987655,10.39705753326416,0.056179775280898875,0.014705882352941176
340,3,23,2,32400,415,0.012808641975308642,9.322892189025879,0.6957831325301205,0.8096385542168675
340,3,24,0,32400,927,0.02861111111111111,11.261056900024414,0.7768969422423556,1.2405609492988134
340,3,24,1,32400,89,0.0027469135802469136,11.50561809539795,0.058823529411764705,0.011235955056179775
340,3,24,2,32400,422,0.013024691358024691,12.38151741027832,0.6626506024096386,0.7914691943127962
340,3,25,0,32400,1026,0.03166666666666667,9.405458450317383,0.7939590075512406,1.286549707602339
340,3,25,1,32400,93,0.0028703703703703703,11.376343727111816,0.06741573033707865,0.0
340,3,25,2,32400,436,0.01345679012345679,8.761467933654785,0.6469194312796208,0.8073394495412844
340,3,26,0,32400,1074,0.03314814814814815,8.595903396606445,0.7641325536062378,1.2104283054003724
340,3,26,1,32400,86,0.002654320987654321,8.279069900512695,0.043010752688172046,0.0
340,3,26,2,32400,452,0.013950617283950617,9.084071159362793,0.658256880733945,0.754424778761062
340,3,27,0,32400,1100,0.033950617283950615,15.2845458984375,0.7607076350093109,1.2727272727272727
340,3,27,1,32400,66,0.002037037037037037,7.939393997192383,0.06976744186046512,0.0
340,3,27,2,32400,442,0.013641975308641975,17.10407257080078,0.6349557522123894,0.7850678733031674
340,3,28,0,32400,1167,0.03601851851851852,8.375321388244629,0.7945454545454546,1.3076263924592972
340,3,28,1,32400,93,0.0028703703703703703,9.731183052062988,0.030303030303030304,0.0
340,3,28,2,32400,491,0.015154320987654322,7.763747692108154,0.6900452488687783,0.7983706720977597
340,3,29,0,32400,1200,0.037037037037037035,8.34000015258789,0.779777206512425,1.2833333333333334
340,3,29,1,32400,73,0.0022530864197530865,10.273972511291504,0.043010752688172046,0.0136986301369863
340,3,29,2,32400,524,0.01617283950617284,8.681297302246094,0.7046843177189409,0.7805343511450382
340,3,30,0,32400,1242,0.03833333333333333,21.238325119018555,0.7841666666666667,1.328502415458937
340,3,30,1,32400,75,0.0023148148148148147,15.346667289733887,0.0684931506849315,0.02666666666666667
340,3,30,2,32400,545,0.01682098765432099,27.354127883911133,0.700381679389313,0.7486238532110092
340,3,31,0,32400,1483,0.04577160493827161,11.902899742126465,0.8711755233494364,1.4200944032366825
340,3,31,1,32400,87,0.002685185185185185,14.321840286254883,0.06666666666666667,0.0
340,3,31,2,32400,664,0.020493827160493826,13.227409362792969,0.7669724770642202,0.9066265060240963
340,3,32,0,32400,1569,0.04842592592592593,18.640535354614258,0.8381658799730276,1.4512428298279159
340,3,32,1,32400,93,0.0028703703703703703,23.301074981689453,0.05747126436781609,0.010752688172043012
340,3,32,2,32400,720,0.022222222222222223,17.927780151367188,0.713855421686747,0.8694444444444445
340,3,33,0,32400,1768,0.0545679012345679,25.990951538085938,0.8648820905035054,1.4694570135746607
340,3,33,1,32400,76,0.002345679012345679,23.276315689086914,0.03225806451612903,0.0
340,3,33,2,32400,853,0.026327160493827162,24.800703048706055,0.7708333333333334,0.9929660023446659
340,3,34,0,32400,1945,0.06003086419753086,16.476093292236328,0.8602941176470589,1.5125964010282775
340,3,34,1,32400,87,0.002685185185185185,9.551724433898926,0.06578947368421052,0.011494252873563218
340,3,34,2,32400,984,0.03037037037037037,18.95020294189453,0.7749120750293084,1.0264227642276422
340,3,35,0,32400,2077,0.06410493827160493,26.252286911010742,0.8627249357326479,1.5421280693307655
340,3,35,1,32400,86,0.002654320987654321,12.848836898803711,0.04597701149425287,0.03488372093023256
340,3,35,2,32400,1083,0.03342592592592593,21.652816772460938,0.7682926829268293,1.0424746075715605
341,0,1,0,32400,227,0.007006172839506173,21.12775421142578,-1.0,0.4581497797356828
341,0,1,1,32400,109,0.0033641975308641974,13.22935676574707,-1.0,0.01834862385321101
341,0,1,2,32400,56,0.0017283950617283952,14.125000953674316,-1.0,0.017857142857142856
341,0,2,0,32400,318,0.009814814814814814,8.949685096740723,0.5066079295154186,0.5125786163522013
341,0,2,1,32400,100,0.0030864197530864196,12.290000915527344,0.045871559633027525,0.0
341,0,2,2,32400,72,0.0022222222222222222,8.847222328186035,0.07142857142857142,0.05555555555555555
341,0,3,0,32400,278,0.008580246913580248,15.043166160583496,0.44339622641509435,0.5935251798561151
341,0,3,1,32400,86,0.002654320987654321,14.302325248718262,0.04,0.011627906976744186
341,0,3,2,32400,83,0.0025617283950617282,17.54216766357422,0.125,0.07228915662650602
341,0,4,0,32400,356,0.010987654320987654,9.241573333740234,0.5611510791366906,0.6207865168539326
341,0,4,1,32400,92,0.002839506172839506,18.09782600402832,0.09302325581395349,0.0
341,0,4,2,32400,81,0.0025,22.617284774780273,0.13253012048192772,0.06172839506172839
341,0,5,0,32400,368,0.011358024691358024,19.4483699798584,0.5112359550561798,0.6793478260869565
341,0,5,1,32400,80,0.0024691358024691358,8.375,0.05434782608695652,0.0125
341,0,5,2,32400,105,0.0032407407407407406,16.009525299072266,0.2716049382716049,0.0761904761904762
341,0,6,0,32400,396,0.012222222222222223,18.26262664794922,0.529891304347826,0.8308080808080808
341,0,6,1,32400,86,0.002654320987654321,10.116278648376465,0.0375,0.011627906976744186
341,0,6,2,32400,116,0.003580246913580247,29.775861740112305,0.2761904761904762,0.23275862068965517
341,0,7,0,32400,442,0.013641975308641975,11.914027214050293,0.5959595959595959,0.8574660633484162
341,0,7,1,32400,82,0.0025308641975308644,17.975608825683594,0.046511627906976744,0.0
341,0,7,2,32400,132,0.004074074074074074,11.977272987365723,0.35344827586206895,0.3484848484848485
341,0,8,0,32400,507,0.015648148148148147,10.570019721984863,0.5904977375565611,0.8461538461538461
341,0,8,1,32400,93,0.0028703703703703703,8.903225898742676,0.06097560975609756,0.0
341,0,8,2,32400,146,0.004506172839506173,10.061643600463867,0.44696969696969696,0.4452054794520548
341,0,9,0,32400,503,0.015524691358024692,18.797216415405273,0.6035502958579881,1.0079522862823063
341,0,9,1,32400,108,0.0033333333333333335,20.88888931274414,0.07526881720430108,0.009259259259259259
341,0,9,2,32400,177,0.005462962962962963,18.954801559448242,0.4931506849315068,0.4576271186440678
341,0,10,0,32400,575,0.017746913580246913,9.199999809265137,0.6560636182902585,1.0278260869565217
341,0,10,1,32400,90,0.002777777777777778,6.988889217376709,0.08333333333333333,0.022222222222222223
341,0,10,2,32400,214,0.0066049382716049385,7.528037071228027,0.5084745762711864,0.514018691588785
341,0,11,0,32400,596,0.01839506172839506,10.281879425048828,0.662608695652174,1.0620805369127517
341,0,11,1,32400,85,0.002623456790123457,7.376470565795898,0.06666666666666667,0.023529411764705882
341,0,11,2,32400,241,0.007438271604938272,13.90456485748291,0.5373831775700935,0.6307053941908713
341,0,12,0,32400,686,0.02117283950617284,14.712828636169434,0.7080536912751678,1.120991253644315
341,0,12,1,32400,76,0.002345679012345679,16.4342098236084,0.058823529411764705,0.013157894736842105
341,0,12,2,32400,251,0.007746913580246913,11.131474494934082,0.5809128630705395,0.6892430278884463
341,0,13,0,32400,765,0.02361111111111111,9.779085159301758,0.7244897959183674,1.1947712418300653
341,0,13,1,32400,104,0.0032098765432098763,8.355769157409668,0.07894736842105263,0.028846153846153848
341,0,13,2,32400,289,0.008919753086419752,8.12110710144043,0.6175298804780877,0.6885813148788927
341,0,14,0,32400,770,0.023765432098765433,12.52337646484375,0.6888888888888889,1.187012987012987
341,0,14,1,32400,83,0.0025617283950617282,12.144577980041504,0.04807692307692308,0.0
341,0,14,2,32400,313,0.009660493827160494,11.738018989562988,0.6470588235294118,0.6677316293929713
341,0,15,0,32400,801,0.024722222222222222,8.650436401367188,0.7363636363636363,1.2372034956304618
341,0,15,1,32400,95,0.002932098765432099,9.663158416748047,0.07228915662650602,0.010526315789473684
341,0,15,2,32400,313,0.009660493827160494,7.75079870223999,0.6166134185303515,0.6837060702875399
341,0,16,0,32400,870,0.026851851851851852,10.318390846252441,0.7802746566791511,1.2333333333333334
341,0,16,1,32400,84,0.0025925925925925925,8.0,0.06315789473684211,0.0
341,0,16,2,32400,340,0.010493827160493827,9.967647552490234,0.645367412140575,0.7176470588235294
341,0,17,0,32400,902,0.027839506172839507,12.325942039489746,0.7770114942528735,1.262749445676275
341,0,17,1,32400,88,0.0027160493827160493,13.204545974731445,0.023809523809523808,0.0
341,0,17,2,32400,365,0.011265432098765432,14.509589195251465,0.6294117647058823,0.6876712328767123
341,0,18,0,32400,978,0.030185185185185186,16.53783416748047,0.7849223946784922,1.2893660531697342
341,0,18,1,32400,101,0.003117283950617284,25.069311141967773,0.045454545454545456,0.009900990099009901
341,0,18,2,32400,445,0.013734567901234567,13.521349906921387,0.6958904109589041,0.7887640449438202
341,0,19,0,32400,1093,0.033734567901234566,17.227813720703125,0.8047034764826176,1.303751143641354
341,0,19,1,32400,77,0.0023765432098765433,10.207792282104492,0.039603960396039604,0.0
341,0,19,2,32400,452,0.013950617283950617,20.185840606689453,0.6629213483146067,0.7831858407079646
341,0,20,0,32400,1261,0.038919753086419755,14.267248153686523,0.8325709057639524,1.4139571768437749
341,0,20,1,32400,89,0.0027469135802469136,9.865168571472168,0.1038961038961039,0.011235955056179775
341,0,20,2,32400,572,0.01765432098765432,13.302447319030762,0.745575221238938,0.9667832167832168
341,0,21,0,32400,1299,0.04009259259259259,13.812932968139648,0.8065027755749405,1.4218629715165512
341,0,21,1,32400,93,0.0028703703703703703,16.752687454223633,0.056179775280898875,0.021505376344086023
341,0,21,2,32400,606,0.018703703703703705,15.202970504760742,0.7307692307692307,0.929042904290429
341,0,22,0,32400,1404,0.043333333333333335,10.158831596374512,0.8314087759815243,1.4280626780626782
341,0,22,1,32400,71,0.002191358024691358,7.816901206970215,0.043010752688172046,0.0
341,0,22,2,32400,678,0.020925925925925924,10.185840606689453,0.7673267326732673,1.0412979351032448
341,0,23,0,32400,1420,0.043827160493827164,11.832393646240234,0.8190883190883191,1.4169014084507043
341,0,23,1,32400,102,0.003148148148148148,12.068628311157227,0.07042253521126761,0.0196078431372549
341,0,23,2,32400,736,0.02271604938271605,12.78125,0.7654867256637168,0.9959239130434783
341,0,24,0,32400,1574,0.04858024691358025,9.736340522766113,0.8535211267605634,1.4256670902160102
341,0,24,1,32400,92,0.002839506172839506,8.1195650100708,0.08823529411764706,0.010869565217391304
341,0,24,2,32400,789,0.02435185185185185,9.496830940246582,0.7581521739130435,1.0
341,0,25,0,32400,1614,0.04981481481481481,8.785626411437988,0.8290978398983482,1.446096654275093
341,0,25,1,32400,93,0.0028703703703703703,7.032258033752441,0.06521739130434782,0.021505376344086023
341,0,25,2,32400,782,0.0241358024691358,8.768542289733887,0.7135614702154626,0.9629156010230179
341,0,26,0,32400,1662,0.0512962962962963,15.963297843933105,0.8395291201982652,1.4121540312876053
341,0,26,1,32400,76,0.002345679012345679,20.052631378173828,0.03225806451612903,0.0
341,0,26,2,32400,838,0.0258641975308642,12.738663673400879,0.782608695652174,0.9689737470167065
341,0,27,0,32400,1773,0.05472222222222222,7.489565849304199,0.8405535499398316,1.422447828539199
341,0,27,1,32400,87,0.002685185185185185,9.068965911865234,0.10526315789473684,0.011494252873563218
341,0,27,2,32400,902,0.027839506172839507,7.604212760925293,0.7625298329355609,0.9711751662971175
341,0,28,0,32400,1724,0.053209876543209876,8.685614585876465,0.8059785673998872,1.3874709976798143
341,0,28,1,32400,81,0.0025,9.79012393951416,0.05747126436781609,0.012345679012345678
341,0,28,2,32400,887,0.027376543209876543,8.834272384643555,0.7106430155210643,0.90304396843292
341,0,29,0,32400,1847,0.057006172839506174,23.21277618408203,0.8433874709976799,1.371954520844613
341,0,29,1,32400,93,0.0028703703703703703,31.17204475402832,0.06172839506172839,0.0
341,0,29,2,32400,861,0.026574074074074073,22.450637817382812,0.7023675310033822,0.8989547038327527
341,0,30,0,32400,2121,0.06546296296296296,12.104667663574219,0.8770979967514889,1.495992456388496
341,0,30,1,32400,96,0.002962962962962963,15.822916984558105,0.07526881720430108,0.010416666666666666
341,0,30,2,32400,1061,0.032746913580246916,12.798303604125977,0.7897793263646922,1.0320452403393026
341,0,31,0,32400,2259,0.06972222222222223,16.888002395629883,0.8533710513908533,1.489154493138557
341,0,31,1,32400,82,0.0025308641975308644,16.121950149536133,0.10416666666666667,0.012195121951219513
341,0,31,2,32400,1122,0.03462962962962963,21.97593879699707,0.7681432610744581,1.036541889483066
341,0,32,0,32400,2383,0.07354938271604938,27.018043518066406,0.8632138114209827,1.5446915652538817
341,0,32,1,32400,101,0.003117283950617284,23.663366317749023,0.12195121951219512,0.019801980198019802
341,0,32,2,32400,1283,0.03959876543209877,29.039751052856445,0.8092691622103387,1.0841777084957132
341,0,33,0,32400,2608,0.08049382716049383,15.68826675415039,0.8921527486361729,1.5563650306748467
341,0,33,1,32400,88,0.0027160493827160493,17.647727966308594,0.13861386138613863,0.022727272727272728
341,0,33,2,32400,1435,0.04429012345679012,16.89965057373047,0.813717848791894,1.1261324041811847
341,0,34,0,32400,2722,0.08401234567901235,26.701322555541992,0.8746165644171779,1.5569434239529758
341,0,34,1,32400,90,0.002777777777777778,16.311111450195312,0.07954545454545454,0.022222222222222223
341,0,34,2,32400,1503,0.04638888888888889,22.347305297851562,0.7909407665505227,1.1164337990685296
341,0,35,0,32400,2942,0.09080246913580246,9.968388557434082,0.8912564290962528,1.5887151597552684
341,0,35,1,32400,102,0.003148148148148148,7.960784435272217,0.06666666666666667,0.00980392156862745
341,0,35,2,32400,1685,0.052006172839506176,9.545400619506836,0.8203592814371258,1.1513353115727003
341,1,1,0,32400,211,0.006512345679012346,16.720378875732422,-1.0,0.4265402843601896
341,1,1,1,32400,118,0.0036419753086419752,18.05084800720215,-1.0,0.01694915254237288
341,1,1,2,32400,59,0.0018209876543209876,15.983051300048828,-1.0,0.05084745762711865
341,1,2,0,32400,284,0.008765432098765432,10.063380241394043,0.47393364928909953,0.45422535211267606
341,1,2,1,32400,98,0.0030246913580246914,7.132652759552002,0.1016949152542373,0.0
341,1,2,2,32400,90,0.002777777777777778,12.877778053283691,0.2033898305084746,0.07777777777777778
341,1,3,0,32400,307,0.009475308641975308,14.944624900817871,0.43661971830985913,0.5374592833876222
341,1,3,1,32400,85,0.002623456790123457,12.176470756530762,0.07142857142857142,0.0
341,1,3,2,32400,80,0.0024691358024691358,12.77500057220459,0.2111111111111111,0.15
341,1,4,0,32400,379,0.01169753086419753,16.51978874206543,0.5537459283387622,0.6860158311345647
341,1,4,1,32400,88,0.0027160493827160493,17.31818199157715,0.023529411764705882,0.011363636363636364
341,1,4,2,32400,79,0.0024382716049382715,9.468354225158691,0.1875,0.22784810126582278
341,1,5,0,32400,405,0.0125,14.360494613647461,0.5197889182058048,0.7333333333333333
341,1,5,1,32400,82,0.0025308641975308644,20.926830291748047,0.09090909090909091,0.0
341,1,5,2,32400,94,0.0029012345679012346,8.244680404663086,0.24050632911392406,0.13829787234042554
341,1,6,0,32400,431,0.013302469135802469,25.13456916809082,0.5209876543209877,0.6890951276102089
341,1,6,1,32400,94,0.0029012345679012346,17.382978439331055,0.0975609756097561,0.0
341,1,6,2,32400,112,0.0034567901234567903,14.723215103149414,0.32978723404255317,0.33035714285714285
341,1,7,0,32400,491,0.015154320987654322,12.342159271240234,0.5591647331786543,0.7922606924643585
341,1,7,1,32400,71,0.002191358024691358,12.126760482788086,0.05319148936170213,0.0
341,1,7,2,32400,133,0.004104938271604938,11.436090469360352,0.39285714285714285,0.3308270676691729
341,1,8,0,32400,539,0.0166358024691358,9.450835227966309,0.615071283095723,0.8571428571428571
341,1,8,1,32400,85,0.002623456790123457,7.447059154510498,0.08450704225352113,0.0
341,1,8,2,32400,153,0.004722222222222222,10.947712898254395,0.42105263157894735,0.43790849673202614
341,1,9,0,32400,562,0.01734567901234568,11.711743354797363,0.6252319109461967,0.8807829181494662
341,1,9,1,32400,97,0.002993827160493827,16.639175415039062,0.08235294117647059,0.0
341,1,9,2,32400,196,0.006049382716049383,10.341836929321289,0.5228758169934641,0.5051020408163265
341,1,10,0,32400,611,0.018858024691358024,10.009819984436035,0.6743772241992882,0.9328968903436988
341,1,10,1,32400,98,0.0030246913580246914,11.387754440307617,0.09278350515463918,0.0
341,1,10,2,32400,180,0.005555555555555556,9.377778053283691,0.45408163265306123,0.46111111111111114
341,1,11,0,32400,654,0.020185185185185184,12.067278861999512,0.6644844517184942,0.9021406727828746
341,1,11,1,32400,105,0.0032407407407407406,12.200000762939453,0.08163265306122448,0.0
341,1,11,2,32400,186,0.005740740740740741,15.016129493713379,0.5,0.42473118279569894
341,1,12,0,32400,731,0.02256172839506173,13.325581550598145,0.6620795107033639,0.9562243502051984
341,1,12,1,32400,77,0.0023765432098765433,17.88311767578125,0.047619047619047616,0.0
341,1,12,2,32400,205,0.006327160493827161,11.517073631286621,0.46774193548387094,0.4292682926829268
341,1,13,0,32400,834,0.02574074074074074,8.497602462768555,0.6894664842681258,0.9712230215827338
341,1,13,1,32400,87,0.002685185185185185,11.045976638793945,0.07792207792207792,0.0
341,1,13,2,32400,247,0.007623456790123457,8.951416969299316,0.4975609756097561,0.47368421052631576
341,1,14,0,32400,805,0.02484567901234568,13.680745124816895,0.6426858513189448,0.9664596273291925
341,1,14,1,32400,88,0.0027160493827160493,33.965911865234375,0.05747126436781609,0.0
341,1,14,2,32400,256,0.007901234567901235,12.6953125,0.5182186234817814,0.48828125
341,1,15,0,32400,873,0.026944444444444444,8.919816970825195,0.6968944099378882,1.0034364261168385
341,1,15,1,32400,80,0.0024691358024691358,12.08750057220459,0.07954545454545454,0.0
341,1,15,2,32400,274,0.00845679012345679,8.142335891723633,0.52734375,0.5145985401459854
341,1,16,0,32400,940,0.029012345679012345,11.472339630126953,0.711340206185567,1.0872340425531914
341,1,16,1,32400,89,0.0027469135802469136,15.438202857971191,0.025,0.0
341,1,16,2,32400,310,0.009567901234567902,15.019354820251465,0.5620437956204379,0.6096774193548387
341,1,17,0,32400,1038,0.03203703703703704,12.229287147521973,0.7372340425531915,1.1493256262042388
341,1,17,1,32400,74,0.002283950617283951,12.135135650634766,0.11235955056179775,0.0
341,1,17,2,32400,375,0.011574074074074073,12.842666625976562,0.6161290322580645,0.696
341,1,18,0,32400,1171,0.03614197530864197,14.203246116638184,0.7755298651252408,1.210930828351836
341,1,18,1,32400,97,0.002993827160493827,10.051546096801758,0.08108108108108109,0.010309278350515464
341,1,18,2,32400,458,0.014135802469135803,10.408297538757324,0.664,0.7707423580786026
341,1,19,0,32400,1282,0.0395679012345679,15.505459785461426,0.7890691716481639,1.2262090483619346
341,1,19,1,32400,96,0.002962962962962963,12.822916984558105,0.05154639175257732,0.0
341,1,19,2,32400,478,0.014753086419753087,17.050209045410156,0.6091703056768559,0.7468619246861925
341,1,20,0,32400,1490,0.045987654320987656,10.685235023498535,0.8307332293291732,1.295973154362416
341,1,20,1,32400,92,0.002839506172839506,10.913043975830078,0.07291666666666667,0.021739130434782608
341,1,20,2,32400,600,0.018518518518518517,11.913333892822266,0.7217573221757322,0.825
341,1,21,0,32400,1530,0.04722222222222222,14.157516479492188,0.7818791946308725,1.3111111111111111
341,1,21,1,32400,75,0.0023148148148148147,14.386667251586914,0.043478260869565216,0.0
341,1,21,2,32400,628,0.019382716049382714,12.783439636230469,0.6716666666666666,0.7945859872611465
341,1,22,0,32400,1794,0.05537037037037037,9.953177452087402,0.8607843137254902,1.3690078037904125
341,1,22,1,32400,92,0.002839506172839506,9.97826099395752,0.10666666666666667,0.0
341,1,22,2,32400,773,0.023858024691358025,10.337645530700684,0.7420382165605095,0.9197930142302717
341,1,23,0,32400,1856,0.05728395061728395,11.956896781921387,0.8182831661092531,1.3405172413793103
341,1,23,1,32400,92,0.002839506172839506,8.8804349899292,0.07608695652173914,0.010869565217391304
341,1,23,2,32400,804,0.024814814814814814,11.412935256958008,0.7179818887451488,0.8992537313432836
341,1,24,0,32400,2070,0.06388888888888888,9.561835289001465,0.8512931034482759,1.4207729468599033
341,1,24,1,32400,95,0.002932098765432099,9.06315803527832,0.08695652173913043,0.0
341,1,24,2,32400,908,0.02802469135802469,8.325990676879883,0.7412935323383084,0.9493392070484582
341,1,25,0,32400,2201,0.0679320987654321,8.414811134338379,0.8347826086956521,1.40436165379373
341,1,25,1,32400,81,0.0025,10.024691581726074,0.042105263157894736,0.0
341,1,25,2,32400,956,0.029506172839506174,8.49581527709961,0.7268722466960352,0.899581589958159
341,1,26,0,32400,2289,0.07064814814814815,14.709917068481445,0.8264425261244889,1.399737876802097
341,1,26,1,32400,80,0.0024691358024691358,18.5,0.012345679012345678,0.0
341,1,26,2,32400,1043,0.032191358024691356,14.754554748535156,0.7395397489539749,0.8926174496644296
341,1,27,0,32400,2496,0.07703703703703704,8.098557472229004,0.8505897771952818,1.4387019230769231
341,1,27,1,32400,97,0.002993827160493827,7.855669975280762,0.075,0.010309278350515464
341,1,27,2,32400,1133,0.03496913580246914,7.919682502746582,0.7497603068072867,0.9373345101500441
341,1,28,0,32400,2554,0.07882716049382717,8.651918411254883,0.8329326923076923,1.4397024275646046
341,1,28,1,32400,93,0.0028703703703703703,7.27957010269165,0.09278350515463918,0.021505376344086023
341,1,28,2,32400,1231,0.03799382716049383,8.858651161193848,0.7449249779346867,0.9244516653127539
341,1,29,0,32400,2663,0.08219135802469135,23.006759643554688,0.841425215348473,1.4141945174615096
341,1,29,1,32400,80,0.0024691358024691358,11.362500190734863,0.06451612903225806,0.0
341,1,29,2,32400,1269,0.03916666666666667,21.822694778442383,0.7367993501218522,0.9117415287628053
341,1,30,0,32400,3147,0.09712962962962964,12.952971458435059,0.8914757791963951,1.523037813790912
341,1,30,1,32400,83,0.0025617283950617282,11.08433723449707,0.0625,0.0
341,1,30,2,32400,1525,0.0470679012345679,12.140327453613281,0.7840819542947203,0.9822950819672132
341,1,31,0,32400,3407,0.10515432098765432,18.4869384765625,0.8843342866221798,1.5474024068095098
341,1,31,1,32400,78,0.0024074074074074076,15.217948913574219,0.04819277108433735,0.0
341,1,31,2,32400,1705,0.05262345679012346,18.659238815307617,0.7737704918032787,1.0052785923753667
341,1,32,0,32400,3794,0.11709876543209877,25.830522537231445,0.8993249192838274,1.5740643120716922
341,1,32,1,32400,87,0.002685185185185185,14.471263885498047,0.10256410256410256,0.011494252873563218
341,1,32,2,32400,1971,0.060833333333333336,29.266361236572266,0.8099706744868035,1.0755961440892947
341,1,33,0,32400,4169,0.12867283950617284,17.000959396362305,0.9059040590405905,1.594866874550252
341,1,33,1,32400,103,0.0031790123456790125,17.533981323242188,0.04597701149425287,0.0
341,1,33,2,32400,2246,0.06932098765432099,17.345502853393555,0.8117706747843734,1.1046304541406946
341,1,34,0,32400,4489,0.13854938271604939,23.07306671142578,0.9076517150395779,1.6226331031410113
341,1,34,1,32400,119,0.0036728395061728395,35.05042266845703,0.11650485436893204,0.008403361344537815
341,1,34,2,32400,2460,0.07592592592592592,25.502031326293945,0.8058771148708815,1.1121951219512196
341,1,35,0,32400,4876,0.15049382716049384,9.09987735748291,0.9122298952996213,1.6263330598851518
341,1,35,1,32400,91,0.002808641975308642,9.516483306884766,0.14285714285714285,0.0
341,1,35,2,32400,2767,0.08540123456790123,9.25406551361084,0.8288617886178862,1.1658836284784966
341,2,1,0,32400,244,0.007530864197530864,17.50409698486328,-1.0,0.4959016393442623
341,2,1,1,32400,113,0.003487654320987654,17.513275146484375,-1.0,0.035398230088495575
341,2,1,2,32400,66,0.002037037037037037,14.545454978942871,-1.0,0.030303030303030304
341,2,2,0,32400,344,0.010617283950617284,12.31686019897461,0.5,0.6133720930232558
341,2,2,1,32400,94,0.0029012345679012346,9.64893627166748,0.07079646017699115,0.010638297872340425
341,2,2,2,32400,72,0.0022222222222222222,11.31944465637207,0.09090909090909091,0.05555555555555555
341,2,3,0,32400,343,0.01058641975308642,13.731779098510742,0.5232558139534884,0.6588921282798834
341,2,3,1,32400,93,0.0028703703703703703,12.827957153320312,0.05319148936170213,0.021505376344086023
341,2,3,2,32400,82,0.0025308641975308644,9.487804412841797,0.16666666666666666,0.13414634146341464
341,2,4,0,32400,391,0.0120679012345679,8.682865142822266,0.5568513119533528,0.6879795396419437
341,2,4,1,32400,102,0.003148148148148148,10.43137264251709,0.11827956989247312,0.0392156862745098
341,2,4,2,32400,86,0.002654320987654321,15.732558250427246,0.23170731707317074,0.1744186046511628
341,2,5,0,32400,364,0.011234567901234569,12.549450874328613,0.5089514066496164,0.7417582417582418
341,2,5,1,32400,71,0.002191358024691358,11.253520965576172,0.058823529411764705,0.0
341,2,5,2,32400,101,0.003117283950617284,16.47524642944336,0.3023255813953488,0.24752475247524752
341,2,6,0,32400,359,0.011080246913580246,22.350975036621094,0.5521978021978022,0.8189415041782729
341,2,6,1,32400,85,0.002623456790123457,6.447059154510498,0.028169014084507043,0.0
341,2,6,2,32400,101,0.003117283950617284,7.900990009307861,0.31683168316831684,0.24752475247524752
341,2,7,0,32400,427,0.013179012345679012,15.658079147338867,0.6462395543175488,0.8899297423887588
341,2,7,1,32400,103,0.0031790123456790125,15.233010292053223,0.058823529411764705,0.019417475728155338
341,2,7,2,32400,124,0.0038271604938271606,8.637096405029297,0.3564356435643564,0.3790322580645161
341,2,8,0,32400,494,0.015246913580246914,9.919028282165527,0.6323185011709602,0.9271255060728745
341,2,8,1,32400,70,0.0021604938271604936,8.100000381469727,0.05825242718446602,0.014285714285714285
341,2,8,2,32400,155,0.004783950617283951,7.199999809265137,0.4596774193548387,0.4774193548387097
341,2,9,0,32400,506,0.015617283950617284,13.167984962463379,0.6336032388663968,0.9229249011857708
341,2,9,1,32400,84,0.0025925925925925925,15.714287757873535,0.05714285714285714,0.011904761904761904
341,2,9,2,32400,167,0.005154320987654321,8.155689239501953,0.4838709677419355,0.5568862275449101
341,2,10,0,32400,548,0.01691358024691358,9.802919387817383,0.6324110671936759,0.9562043795620438
341,2,10,1,32400,73,0.0022530864197530865,7.794520378112793,0.03571428571428571,0.0
341,2,10,2,32400,177,0.005462962962962963,9.02824878692627,0.5149700598802395,0.4293785310734463
341,2,11,0,32400,587,0.018117283950617284,15.051106452941895,0.6405109489051095,0.9505962521294719
341,2,11,1,32400,93,0.0028703703703703703,15.4408597946167,0.0821917808219178,0.010752688172043012
341,2,11,2,32400,178,0.005493827160493827,9.938201904296875,0.4632768361581921,0.4550561797752809
341,2,12,0,32400,666,0.020555555555555556,16.049549102783203,0.6984667802385008,1.03003003003003
341,2,12,1,32400,95,0.002932098765432099,16.347370147705078,0.07526881720430108,0.0
341,2,12,2,32400,216,0.006666666666666667,13.847222328186035,0.5168539325842697,0.5509259259259259
341,2,13,0,32400,755,0.02330246913580247,10.613245010375977,0.7267267267267268,1.0728476821192052
341,2,13,1,32400,89,0.0027469135802469136,8.089887619018555,0.07368421052631578,0.0
341,2,13,2,32400,255,0.00787037037037037,6.6588239669799805,0.5694444444444444,0.6980392156862745
341,2,14,0,32400,741,0.02287037037037037,13.246963500976562,0.6635761589403973,1.106612685560054
341,2,14,1,32400,89,0.0027469135802469136,9.033707618713379,0.0449438202247191,0.0
341,2,14,2,32400,238,0.007345679012345679,23.4201717376709,0.5019607843137255,0.5882352941176471
341,2,15,0,32400,785,0.024228395061728396,9.703185081481934,0.6936572199730094,1.084076433121019
341,2,15,1,32400,98,0.0030246913580246914,9.408163070678711,0.0898876404494382,0.01020408163265306
341,2,15,2,32400,278,0.008580246913580248,8.525179862976074,0.5546218487394958,0.6906474820143885
341,2,16,0,32400,808,0.02493827160493827,13.007425308227539,0.7019108280254777,1.108910891089109
341,2,16,1,32400,77,0.0023765432098765433,13.402597427368164,0.01020408163265306,0.0
341,2,16,2,32400,294,0.009074074074074075,15.387754440307617,0.5899280575539568,0.6666666666666666
341,2,17,0,32400,842,0.025987654320987656,13.494062423706055,0.7103960396039604,1.1377672209026128
341,2,17,1,32400,88,0.0027160493827160493,9.568181991577148,0.05194805194805195,0.0
341,2,17,2,32400,334,0.010308641975308641,14.772455215454102,0.6292517006802721,0.7694610778443114
341,2,18,0,32400,958,0.0295679012345679,12.55323600769043,0.7494061757719715,1.1764091858037578
341,2,18,1,32400,93,0.0028703703703703703,11.333333015441895,0.06818181818181818,0.0
341,2,18,2,32400,381,0.01175925925925926,12.472440719604492,0.6497005988023952,0.800524934383202
341,2,19,0,32400,1048,0.03234567901234568,17.16984748840332,0.7473903966597077,1.2061068702290076
341,2,19,1,32400,79,0.0024382716049382715,24.506330490112305,0.043010752688172046,0.012658227848101266
341,2,19,2,32400,406,0.012530864197530864,16.0,0.6509186351706037,0.8251231527093597
341,2,20,0,32400,1188,0.03666666666666667,12.711278915405273,0.791030534351145,1.2836700336700337
341,2,20,1,32400,84,0.0025925925925925925,8.4880952835083,0.10126582278481013,0.0
341,2,20,2,32400,495,0.015277777777777777,12.913131713867188,0.7192118226600985,0.8767676767676768
341,2,21,0,32400,1187,0.0366358024691358,13.12131404876709,0.7516835016835017,1.295703454085931
341,2,21,1,32400,86,0.002654320987654321,13.186046600341797,0.05952380952380952,0.0
341,2,21,2,32400,519,0.01601851851851852,13.077071189880371,0.6888888888888889,0.9267822736030829
341,2,22,0,32400,1294,0.03993827160493827,10.412673950195312,0.7986520640269588,1.3431221020092736
341,2,22,1,32400,85,0.002623456790123457,12.199999809265137,0.08139534883720931,0.0
341,2,22,2,32400,582,0.017962962962962962,9.30927848815918,0.7263969171483622,1.0154639175257731
341,2,23,0,32400,1320,0.040740740740740744,11.428787231445312,0.7890262751159196,1.353030303030303
341,2,23,1,32400,71,0.002191358024691358,14.183098793029785,0.08235294117647059,0.014084507042253521
341,2,23,2,32400,612,0.01888888888888889,11.95751667022705,0.7268041237113402,1.0130718954248366
341,2,24,0,32400,1367,0.04219135802469136,9.824433326721191,0.8037878787878788,1.3803950256035113
341,2,24,1,32400,79,0.0024382716049382715,13.303797721862793,0.16901408450704225,0.0
341,2,24,2,32400,641,0.01978395061728395,10.371294975280762,0.7467320261437909,1.001560062402496
341,2,25,0,32400,1378,0.04253086419753086,8.425979614257812,0.7980980248719824,1.3788098693759072
341,2,25,1,32400,84,0.0025925925925925925,8.714285850524902,0.10126582278481013,0.0
341,2,25,2,32400,667,0.02058641975308642,9.176911354064941,0.733229329173167,0.9625187406296851
341,2,26,0,32400,1446,0.04462962962962963,15.572614669799805,0.8236574746008708,1.3817427385892116
341,2,26,1,32400,83,0.0025617283950617282,22.289155960083008,0.10714285714285714,0.0
341,2,26,2,32400,691,0.02132716049382716,14.76410961151123,0.7511244377811095,0.9826338639652678
341,2,27,0,32400,1570,0.04845679012345679,7.2636942863464355,0.822268326417704,1.3770700636942674
341,2,27,1,32400,73,0.0022530864197530865,8.178082466125488,0.03614457831325301,0.0
341,2,27,2,32400,787,0.024290123456790123,8.045742988586426,0.7901591895803184,0.9936467598475223
341,2,28,0,32400,1557,0.04805555555555555,8.663455963134766,0.8,1.3410404624277457
341,2,28,1,32400,86,0.002654320987654321,9.593023300170898,0.0547945205479452,0.0
341,2,28,2,32400,771,0.023796296296296298,8.783398628234863,0.7306226175349428,0.9623865110246433
341,2,29,0,32400,1580,0.04876543209876543,25.866455078125,0.8060372511239563,1.3651898734177215
341,2,29,1,32400,75,0.0023148148148148147,44.920005798339844,0.09302325581395349,0.0
341,2,29,2,32400,776,0.023950617283950617,23.777061462402344,0.7237354085603113,0.9536082474226805
341,2,30,0,32400,1836,0.056666666666666664,13.99128532409668,0.8740506329113924,1.4727668845315904
341,2,30,1,32400,87,0.002685185185185185,8.942529678344727,0.10666666666666667,0.011494252873563218
341,2,30,2,32400,934,0.02882716049382716,11.815845489501953,0.779639175257732,1.0556745182012848
341,2,31,0,32400,2029,0.06262345679012346,17.86693000793457,0.8741830065359477,1.487925086249384
341,2,31,1,32400,96,0.002962962962962963,20.718753814697266,0.04597701149425287,0.0
341,2,31,2,32400,1043,0.032191358024691356,17.86768913269043,0.7890792291220556,1.0536912751677852
341,2,32,0,32400,2173,0.0670679012345679,25.2761173248291,0.8629866929521932,1.5057524160147262
341,2,32,1,32400,84,0.0025925925925925925,9.904762268066406,0.13541666666666666,0.011904761904761904
341,2,32,2,32400,1145,0.035339506172839506,30.303930282592773,0.7900287631831256,1.1100436681222707
341,2,33,0,32400,2323,0.07169753086419753,17.22471046447754,0.8702254947077772,1.5510116229014206
341,2,33,1,32400,75,0.0023148148148148147,14.733333587646484,0.047619047619047616,0.0
341,2,33,2,32400,1294,0.03993827160493827,15.974496841430664,0.8200873362445414,1.1553323029366307
341,2,34,0,32400,2543,0.07848765432098766,23.742431640625,0.8880757640981489,1.5635076681085331
341,2,34,1,32400,92,0.002839506172839506,53.44565200805664,0.10666666666666667,0.0
341,2,34,2,32400,1359,0.041944444444444444,23.728477478027344,0.8021638330757341,1.1280353200883002
341,2,35,0,32400,2717,0.08385802469135803,9.597718238830566,0.8780967361384192,1.563489142436511
341,2,35,1,32400,92,0.002839506172839506,12.358695983886719,0.10869565217391304,0.010869565217391304
341,2,35,2,32400,1502,0.046358024691358024,9.565245628356934,0.8145695364238411,1.163115845539281
341,3,1,0,32400,218,0.006728395061728395,19.0321102142334,-1.0,0.6192660550458715
341,3,1,1,32400,87,0.002685185185185185,20.160919189453125,-1.0,0.04597701149425287
341,3,1,2,32400,63,0.0019444444444444444,17.904762268066406,-1.0,0.031746031746031744
341,3,2,0,32400,324,0.01,9.280864715576172,0.5642201834862385,0.6512345679012346
341,3,2,1,32400,110,0.0033950617283950617,14.772727012634277,0.10344827586206896,0.01818181818181818
341,3,2,2,32400,73,0.0022530864197530865,10.643835067749023,0.12698412698412698,0.0547945205479452
341,3,3,0,32400,337,0.010401234567901235,13.869436264038086,0.47530864197530864,0.6231454005934718
341,3,3,1,32400,107,0.0033024691358024692,8.327102661132812,0.07272727272727272,0.0
341,3,3,2,32400,81,0.0025,12.382716178894043,0.1506849315068493,0.2222222222222222
341,3,4,0,32400,404,0.012469135802469136,10.556930541992188,0.5756676557863502,0.7128712871287128
341,3,4,1,32400,97,0.002993827160493827,15.731958389282227,0.07476635514018691,0.0
341,3,4,2,32400,113,0.003487654320987654,11.575221061706543,0.30864197530864196,0.36283185840707965
341,3,5,0,32400,433,0.013364197530864198,14.734411239624023,0.556930693069307,0.7875288683602771
341,3,5,1,32400,90,0.002777777777777778,26.322223663330078,0.08247422680412371,0.0
341,3,5,2,32400,125,0.0038580246913580245,9.984000205993652,0.37168141592920356,0.392
341,3,6,0,32400,427,0.013179012345679012,19.52458953857422,0.5635103926096998,0.8524590163934426
341,3,6,1,32400,71,0.002191358024691358,23.394367218017578,0.03333333333333333,0.0
341,3,6,2,32400,136,0.004197530864197531,12.323531150817871,0.416,0.6102941176470589
341,3,7,0,32400,461,0.014228395061728395,12.92190933227539,0.5925058548009368,0.8329718004338394
341,3,7,1,32400,96,0.002962962962962963,19.218751907348633,0.08450704225352113,0.0
341,3,7,2,32400,171,0.005277777777777778,11.052631378173828,0.5147058823529411,0.5789473684210527
341,3,8,0,32400,538,0.01660493827160494,10.131970405578613,0.6182212581344902,0.9535315985130112
341,3,8,1,32400,96,0.002962962962962963,11.1875,0.13541666666666666,0.0
341,3,8,2,32400,178,0.005493827160493827,8.382022857666016,0.5087719298245614,0.7415730337078652
341,3,9,0,32400,588,0.01814814814814815,10.593537330627441,0.6319702602230484,0.9370748299319728
341,3,9,1,32400,77,0.0023765432098765433,17.922077178955078,0.052083333333333336,0.0
341,3,9,2,32400,209,0.006450617283950617,13.889952659606934,0.5730337078651685,0.7033492822966507
341,3,10,0,32400,608,0.018765432098765432,9.957237243652344,0.641156462585034,1.019736842105263
341,3,10,1,32400,85,0.002623456790123457,7.741176605224609,0.05194805194805195,0.023529411764705882
341,3,10,2,32400,223,0.006882716049382716,9.251121520996094,0.6028708133971292,0.7623318385650224
341,3,11,0,32400,662,0.0204320987654321,13.451662063598633,0.7006578947368421,1.054380664652568
341,3,11,1,32400,75,0.0023148148148148147,15.960000038146973,0.023529411764705882,0.013333333333333334
341,3,11,2,32400,251,0.007746913580246913,10.031872749328613,0.6188340807174888,0.6932270916334662
341,3,12,0,32400,715,0.0220679012345679,15.331469535827637,0.7084592145015106,1.1790209790209791
341,3,12,1,32400,84,0.0025925925925925925,16.107145309448242,0.06666666666666667,0.0
341,3,12,2,32400,266,0.008209876543209876,10.6578950881958,0.6055776892430279,0.7969924812030075
341,3,13,0,32400,810,0.025,10.743210792541504,0.7636363636363637,1.2012345679012346
341,3,13,1,32400,98,0.0030246913580246914,10.622448921203613,0.03571428571428571,0.01020408163265306
341,3,13,2,32400,306,0.009444444444444445,8.48692798614502,0.6992481203007519,0.8464052287581699
341,3,14,0,32400,812,0.025061728395061728,11.317733764648438,0.7246913580246913,1.2105911330049262
341,3,14,1,32400,85,0.002623456790123457,19.611766815185547,0.08163265306122448,0.011764705882352941
341,3,14,2,32400,325,0.010030864197530864,13.19076919555664,0.6470588235294118,0.8123076923076923
341,3,15,0,32400,851,0.02626543209876543,8.978848457336426,0.7561576354679803,1.226792009400705
341,3,15,1,32400,74,0.002283950617283951,10.324324607849121,0.058823529411764705,0.0
341,3,15,2,32400,350,0.010802469135802469,8.762857437133789,0.64,0.7714285714285715
341,3,16,0,32400,876,0.027037037037037037,13.884702682495117,0.7332549941245593,1.2054794520547945
341,3,16,1,32400,99,0.0030555555555555557,6.808080673217773,0.0945945945945946,0.0
341,3,16,2,32400,358,0.011049382716049383,14.603351593017578,0.6257142857142857,0.7541899441340782
341,3,17,0,32400,974,0.03006172839506173,12.609856605529785,0.771689497716895,1.2371663244353184
341,3,17,1,32400,91,0.002808641975308642,13.934065818786621,0.030303030303030304,0.01098901098901099
341,3,17,2,32400,408,0.012592592592592593,13.870098114013672,0.6620111731843575,0.7916666666666666
341,3,18,0,32400,1068,0.032962962962962965,14.261238098144531,0.7864476386036962,1.2715355805243447
341,3,18,1,32400,95,0.002932098765432099,15.505266189575195,0.054945054945054944,0.0
341,3,18,2,32400,479,0.01478395061728395,15.442590713500977,0.7279411764705882,0.81419624217119
341,3,19,0,32400,1154,0.035617283950617286,20.223569869995117,0.7827715355805244,1.2859618717504333
341,3,19,1,32400,96,0.002962962962962963,16.125,0.021052631578947368,0.0
341,3,19,2,32400,503,0.015524691358024692,14.874751091003418,0.6784968684759917,0.8091451292246521
341,3,20,0,32400,1279,0.03947530864197531,10.741986274719238,0.8154246100519931,1.3964034401876466
341,3,20,1,32400,91,0.002808641975308642,12.74725341796875,0.07291666666666667,0.0
341,3,20,2,32400,585,0.018055555555555554,13.44444465637207,0.7514910536779325,0.9282051282051282
341,3,21,0,32400,1288,0.039753086419753086,13.428571701049805,0.7834245504300235,1.3703416149068324
341,3,21,1,32400,108,0.0033333333333333335,18.675926208496094,0.08791208791208792,0.009259259259259259
341,3,21,2,32400,631,0.01947530864197531,16.122028350830078,0.7128205128205128,0.8716323296354992
341,3,22,0,32400,1458,0.045,10.07064437866211,0.8385093167701864,1.3930041152263375
341,3,22,1,32400,108,0.0033333333333333335,10.490740776062012,0.09259259259259259,0.009259259259259259
341,3,22,2,32400,718,0.022160493827160493,8.89832878112793,0.7638668779714739,0.9651810584958217
341,3,23,0,32400,1455,0.04490740740740741,12.437800407409668,0.7962962962962963,1.4034364261168384
341,3,23,1,32400,98,0.0030246913580246914,11.755102157592773,0.14814814814814814,0.01020408163265306
341,3,23,2,32400,733,0.022623456790123456,10.392906188964844,0.7228412256267409,0.937244201909959
341,3,24,0,32400,1592,0.049135802469135806,9.591708183288574,0.8309278350515464,1.370603015075377
341,3,24,1,32400,85,0.002623456790123457,7.529411792755127,0.10204081632653061,0.011764705882352941
341,3,24,2,32400,784,0.02419753086419753,9.831632614135742,0.7557980900409277,1.0255102040816326
341,3,25,0,32400,1579,0.048734567901234566,8.86130428314209,0.7933417085427136,1.383787207093097
341,3,25,1,32400,66,0.002037037037037037,9.348484992980957,0.03529411764705882,0.0
341,3,25,2,32400,804,0.024814814814814814,8.754975318908691,0.7576530612244898,1.0360696517412935
341,3,26,0,32400,1640,0.050617283950617285,13.757926940917969,0.8201393286890437,1.421951219512195
341,3,26,1,32400,88,0.0027160493827160493,12.73863697052002,0.09090909090909091,0.0
341,3,26,2,32400,831,0.02564814814814815,13.76534366607666,0.7711442786069652,1.0541516245487366
341,3,27,0,32400,1748,0.05395061728395062,7.447368144989014,0.849390243902439,1.4462242562929062
341,3,27,1,32400,76,0.002345679012345679,6.657894611358643,0.09090909090909091,0.0
341,3,27,2,32400,896,0.027654320987654323,7.638393402099609,0.766546329723225,1.0033482142857142
341,3,28,0,32400,1785,0.055092592592592596,9.316527366638184,0.8323798627002288,1.4134453781512606
341,3,28,1,32400,78,0.0024074074074074076,10.153846740722656,0.09210526315789473,0.02564102564102564
341,3,28,2,32400,869,0.026820987654320987,7.953969955444336,0.7198660714285714,0.9367088607594937
341,3,29,0,32400,1880,0.05802469135802469,22.4329776763916,0.8369747899159664,1.425
341,3,29,1,32400,96,0.002962962962962963,20.229167938232422,0.02564102564102564,0.010416666666666666
341,3,29,2,32400,954,0.029444444444444443,18.774633407592773,0.7721518987341772,0.9947589098532494
341,3,30,0,32400,2137,0.06595679012345679,12.820775985717773,0.8765957446808511,1.519419747309312
341,3,30,1,32400,72,0.0022222222222222222,11.972222328186035,0.0625,0.013888888888888888
341,3,30,2,32400,1127,0.03478395061728395,13.676131248474121,0.7987421383647799,1.0479148181011535
341,3,31,0,32400,2314,0.07141975308641975,19.30596351623535,0.8741226017781937,1.5246326707000863
341,3,31,1,32400,83,0.0025617283950617282,14.144577980041504,0.041666666666666664,0.012048192771084338
341,3,31,2,32400,1233,0.03805555555555556,21.559612274169922,0.7994676131322094,1.0802919708029197
341,3,32,0,32400,2495,0.07700617283950617,35.406009674072266,0.8841832324978393,1.5663326653306613
341,3,32,1,32400,83,0.0025617283950617282,15.746987342834473,0.08433734939759036,0.012048192771084338
341,3,32,2,32400,1398,0.04314814814814815,28.239627838134766,0.8183292781832928,1.2010014306151646
341,3,33,0,32400,2733,0.08435185185185186,15.073545455932617,0.8917835671342685,1.592755214050494
341,3,33,1,32400,81,0.0025,23.098766326904297,0.07228915662650602,0.0
341,3,33,2,32400,1566,0.04833333333333333,15.46487808227539,0.8319027181688126,1.1922094508301404
341,3,34,0,32400,2897,0.08941358024691358,24.585433959960938,0.8884010245151848,1.6026924404556437
341,3,34,1,32400,86,0.002654320987654321,22.337209701538086,0.04938271604938271,0.0
341,3,34,2,32400,1615,0.04984567901234568,27.82105255126953,0.8039591315453385,1.168421052631579
341,3,35,0,32400,3123,0.09638888888888889,9.530579566955566,0.8978253365550569,1.6573807236631444
341,3,35,1,32400,99,0.0030555555555555557,8.717171669006348,0.08139534883720931,0.0
341,3,35,2,32400,1808,0.05580246913580247,9.603981971740723,0.8222910216718267,1.2190265486725664
342,0,1,0,32400,213,0.006574074074074074,12.394366264343262,-1.0,0.38028169014084506
342,0,1,1,32400,94,0.0029012345679012346,9.680850982666016,-1.0,0.031914893617021274
342,0,1,2,32400,51,0.001574074074074074,13.705883026123047,-1.0,0.0
342,0,2,0,32400,265,0.008179012345679013,12.724528312683105,0.41784037558685444,0.32075471698113206
342,0,2,1,32400,82,0.0025308641975308644,16.829269409179688,0.05319148936170213,0.0
342,0,2,2,32400,59,0.0018209876543209876,15.203390121459961,0.09803921568627451,0.0
342,0,3,0,32400,271,0.008364197530864198,11.686347007751465,0.3886792452830189,0.33948339483394835
342,0,3,1,32400,85,0.002623456790123457,18.858823776245117,0.08536585365853659,0.0
342,0,3,2,32400,53,0.0016358024691358025,8.245283126831055,0.0847457627118644,0.018867924528301886
342,0,4,0,32400,267,0.008240740740740741,24.247190475463867,0.3726937269372694,0.34831460674157305
342,0,4,1,32400,84,0.0025925925925925925,9.583333969116211,0.047058823529411764,0.023809523809523808
342,0,4,2,32400,64,0.0019753086419753087,21.515625,0.09433962264150944,0.015625
342,0,5,0,32400,288,0.008888888888888889,8.95138931274414,0.36704119850187267,0.28125
342,0,5,1,32400,93,0.0028703703703703703,13.47311782836914,0.05952380952380952,0.010752688172043012
342,0,5,2,32400,71,0.002191358024691358,6.464788436889648,0.0625,0.028169014084507043
342,0,6,0,32400,252,0.0077777777777777776,10.305556297302246,0.3194444444444444,0.36507936507936506
342,0,6,1,32400,86,0.002654320987654321,10.04651165008545,0.07526881720430108,0.0
342,0,6,2,32400,55,0.0016975308641975309,9.399999618530273,0.11267605633802817,0.01818181818181818
342,0,7,0,32400,258,0.007962962962962963,7.976744174957275,0.38492063492063494,0.3875968992248062
342,0,7,1,32400,90,0.002777777777777778,8.688889503479004,0.06976744186046512,0.0
342,0,7,2,32400,72,0.0022222222222222222,8.152777671813965,0.09090909090909091,0.013888888888888888
342,0,8,0,32400,235,0.007253086419753086,11.965956687927246,0.3798449612403101,0.5191489361702127
342,0,8,1,32400,87,0.002685185185185185,7.551723957061768,0.03333333333333333,0.0
342,0,8,2,32400,80,0.0024691358024691358,10.137499809265137,0.1388888888888889,0.0125
342,0,9,0,32400,259,0.007993827160493827,10.011582374572754,0.451063829787234,0.4749034749034749
342,0,9,1,32400,99,0.0030555555555555557,10.353535652160645,0.04597701149425287,0.0
342,0,9,2,32400,72,0.0022222222222222222,12.736111640930176,0.125,0.06944444444444445
342,0,10,0,32400,282,0.008703703703703703,13.560283660888672,0.4517374517374517,0.524822695035461
342,0,10,1,32400,79,0.0024382716049382715,16.94936752319336,0.030303030303030304,0.0
342,0,10,2,32400,91,0.002808641975308642,11.450550079345703,0.16666666666666666,0.054945054945054944
342,0,11,0,32400,322,0.009938271604938272,12.208074569702148,0.4716312056737589,0.5869565217391305
342,0,11,1,32400,83,0.0025617283950617282,8.16867446899414,0.0379746835443038,0.012048192771084338
342,0,11,2,32400,105,0.0032407407407407406,18.076190948486328,0.2087912087912088,0.14285714285714285
342,0,12,0,32400,368,0.011358024691358024,11.92391300201416,0.5279503105590062,0.7907608695652174
342,0,12,1,32400,97,0.002993827160493827,11.195876121520996,0.03614457831325301,0.0
342,0,12,2,32400,99,0.0030555555555555557,9.090909004211426,0.2571428571428571,0.2222222222222222
342,0,13,0,32400,400,0.012345679012345678,14.78749942779541,0.5271739130434783,0.83
342,0,13,1,32400,97,0.002993827160493827,6.917525768280029,0.030927835051546393,0.0
342,0,13,2,32400,113,0.003487654320987654,8.0,0.36363636363636365,0.2831858407079646
342,0,14,0,32400,423,0.013055555555555556,8.565011978149414,0.58,0.8108747044917257
342,0,14,1,32400,95,0.002932098765432099,10.715789794921875,0.1134020618556701,0.010526315789473684
342,0,14,2,32400,138,0.0042592592592592595,8.956521987915039,0.4247787610619469,0.30434782608695654
342,0,15,0,32400,450,0.013888888888888888,10.682222366333008,0.6004728132387707,0.8977777777777778
342,0,15,1,32400,85,0.002623456790123457,10.600000381469727,0.06315789473684211,0.0
342,0,15,2,32400,128,0.003950617283950617,13.4921875,0.38405797101449274,0.34375
342,0,16,0,32400,493,0.015216049382716049,12.81744384765625,0.6377777777777778,1.0060851926977687
342,0,16,1,32400,94,0.0029012345679012346,13.053191184997559,0.047058823529411764,0.0
342,0,16,2,32400,149,0.004598765432098765,18.64429473876953,0.5078125,0.4429530201342282
342,0,17,0,32400,571,0.017623456790123455,14.478110313415527,0.7018255578093306,1.084063047285464
342,0,17,1,32400,90,0.002777777777777778,15.755558967590332,0.0851063829787234,0.011111111111111112
342,0,17,2,32400,192,0.005925925925925926,15.494792938232422,0.5033557046979866,0.453125
342,0,18,0,32400,621,0.019166666666666665,17.97423553466797,0.7092819614711033,1.1014492753623188
342,0,18,1,32400,100,0.0030864197530864196,13.670000076293945,0.13333333333333333,0.01
342,0,18,2,32400,217,0.0066975308641975305,17.55760383605957,0.5520833333333334,0.6129032258064516
342,0,19,0,32400,726,0.022407407407407407,11.107438087463379,0.7536231884057971,1.1487603305785123
342,0,19,1,32400,78,0.0024074074074074076,6.5,0.09,0.0
342,0,19,2,32400,263,0.008117283950617284,8.368821144104004,0.6267281105990783,0.6463878326996197
342,0,20,0,32400,725,0.022376543209876542,13.60275936126709,0.6928374655647382,1.12
342,0,20,1,32400,81,0.0025,8.679012298583984,0.02564102564102564,0.012345679012345678
342,0,20,2,32400,268,0.008271604938271605,13.17910385131836,0.6083650190114068,0.6231343283582089
342,0,21,0,32400,822,0.02537037037037037,10.701946258544922,0.7544827586206897,1.1715328467153285
342,0,21,1,32400,95,0.002932098765432099,9.263157844543457,0.07407407407407407,0.010526315789473684
342,0,21,2,32400,326,0.010061728395061729,8.49079704284668,0.6455223880597015,0.7116564417177914
342,0,22,0,32400,890,0.027469135802469135,11.460674285888672,0.7311435523114356,1.2325842696629215
342,0,22,1,32400,97,0.002993827160493827,15.010309219360352,0.05263157894736842,0.010309278350515464
342,0,22,2,32400,352,0.010864197530864197,12.272727966308594,0.6380368098159509,0.7244318181818182
342,0,23,0,32400,980,0.030246913580246913,10.030611991882324,0.7741573033707865,1.2979591836734694
342,0,23,1,32400,94,0.0029012345679012346,9.074467658996582,0.07216494845360824,0.0
342,0,23,2,32400,409,0.012623456790123456,8.283618927001953,0.6931818181818182,0.8288508557457213
342,0,24,0,32400,977,0.03015432098765432,8.477993965148926,0.7591836734693878,1.3121801432958036
342,0,24,1,32400,89,0.0027469135802469136,11.382022857666016,0.02127659574468085,0.0
342,0,24,2,32400,432,0.013333333333333334,7.907407283782959,0.6577017114914425,0.7986111111111112
342,0,25,0,32400,1039,0.0320679012345679,14.009624481201172,0.77482088024565,1.2646775745909529
342,0,25,1,32400,88,0.0027160493827160493,26.75,0.06741573033707865,0.0
342,0,25,2,32400,444,0.013703703703703704,19.923423767089844,0.6504629629629629,0.7792792792792793
342,0,26,0,32400,1122,0.03462962962962963,7.7620320320129395,0.8017324350336862,1.2789661319073085
342,0,26,1,32400,84,0.0025925925925925925,7.988095283508301,0.06818181818181818,0.0
342,0,26,2,32400,475,0.014660493827160493,6.736841678619385,0.6734234234234234,0.8021052631578948
342,0,27,0,32400,1092,0.0337037037037037,8.523809432983398,0.7531194295900179,1.2619047619047619
342,0,27,1,32400,78,0.0024074074074074076,5.307692527770996,0.05952380952380952,0.02564102564102564
342,0,27,2,32400,444,0.013703703703703704,9.470721244812012,0.6378947368421053,0.7882882882882883
342,0,28,0,32400,1147,0.03540123456790124,23.488229751586914,0.7866300366300366,1.2955536181342633
342,0,28,1,32400,95,0.002932098765432099,16.536842346191406,0.07692307692307693,0.0
342,0,28,2,32400,479,0.01478395061728395,27.651357650756836,0.7117117117117117,0.81419624217119
342,0,29,0,32400,1336,0.041234567901234566,12.68413257598877,0.8308631211857018,1.3944610778443114
342,0,29,1,32400,98,0.0030246913580246914,9.795918464660645,0.09473684210526316,0.01020408163265306
342,0,29,2,32400,599,0.018487654320987656,13.16694450378418,0.7745302713987474,0.9081803005008348
342,0,30,0,32400,1460,0.04506172839506173,20.963699340820312,0.8330838323353293,1.417808219178082
342,0,30,1,32400,92,0.002839506172839506,22.29347801208496,0.09183673469387756,0.021739130434782608
342,0,30,2,32400,697,0.021512345679012345,20.444765090942383,0.7412353923205343,0.8866571018651362
342,0,31,0,32400,1624,0.050123456790123457,27.25615692138672,0.8513698630136987,1.4753694581280787
342,0,31,1,32400,95,0.002932098765432099,39.47368240356445,0.14130434782608695,0.010526315789473684
342,0,31,2,32400,818,0.025246913580246912,31.30929183959961,0.7546628407460545,0.9682151589242054
342,0,32,0,32400,1819,0.05614197530864198,16.987356185913086,0.8602216748768473,1.491478834524464
342,0,32,1,32400,83,0.0025617283950617282,19.590360641479492,0.07368421052631578,0.0
342,0,32,2,32400,903,0.027870370370370372,18.351051330566406,0.7530562347188264,0.9833887043189369
342,0,33,0,32400,1988,0.061358024691358024,24.910964965820312,0.8592633315008247,1.5271629778672031
342,0,33,1,32400,82,0.0025308641975308644,17.14634132385254,0.08433734939759036,0.0
342,0,33,2,32400,1034,0.03191358024691358,29.419729232788086,0.7774086378737541,1.0377176015473888
342,0,34,0,32400,2162,0.0667283950617284,9.121184349060059,0.8682092555331992,1.5596669750231267
342,0,34,1,32400,91,0.002808641975308642,12.10988998413086,0.024390243902439025,0.01098901098901099
342,0,34,2,32400,1189,0.03669753086419753,9.871320724487305,0.8191489361702128,1.1211101766190075
342,0,35,0,32400,2172,0.06703703703703703,18.62615203857422,0.8519888991674376,1.5340699815837937
342,0,35,1,32400,87,0.002685185185185185,6.9540228843688965,0.06593406593406594,0.0
342,0,35,2,32400,1208,0.03728395061728395,22.22516632080078,0.7905803195962994,1.0985099337748345
342,1,1,0,32400,205,0.006327160493827161,11.04878044128418,-1.0,0.45365853658536587
342,1,1,1,32400,96,0.002962962962962963,10.947916984558105,-1.0,0.0
342,1,1,2,32400,48,0.0014814814814814814,16.854167938232422,-1.0,0.020833333333333332
342,1,2,0,32400,261,0.008055555555555555,9.55555534362793,0.40487804878048783,0.4559386973180077
342,1,2,1,32400,101,0.003117283950617284,9.742573738098145,0.041666666666666664,0.0
342,1,2,2,32400,53,0.0016358024691358025,21.716981887817383,0.125,0.018867924528301886
342,1,3,0,32400,282,0.008703703703703703,9.102836608886719,0.41379310344827586,0.36524822695035464
342,1,3,1,32400,94,0.0029012345679012346,16.606382369995117,0.07920792079207921,0.02127659574468085
342,1,3,2,32400,64,0.0019753086419753087,17.28125,0.07547169811320754,0.09375
342,1,4,0,32400,299,0.009228395061728395,15.936454772949219,0.425531914893617,0.44481605351170567
342,1,4,1,32400,84,0.0025925925925925925,8.178571701049805,0.0851063829787234,0.0
342,1,4,2,32400,82,0.0025308641975308644,7.414633750915527,0.125,0.0975609756097561
342,1,5,0,32400,325,0.010030864197530864,23.636926651000977,0.43478260869565216,0.5969230769230769
342,1,5,1,32400,90,0.002777777777777778,14.222222328186035,0.023809523809523808,0.0
342,1,5,2,32400,80,0.0024691358024691358,27.36250114440918,0.1951219512195122,0.0625
342,1,6,0,32400,369,0.01138888888888889,13.390244483947754,0.5169230769230769,0.7154471544715447
342,1,6,1,32400,79,0.0024382716049382715,9.126582145690918,0.05555555555555555,0.012658227848101266
342,1,6,2,32400,81,0.0025,19.345678329467773,0.2,0.13580246913580246
342,1,7,0,32400,449,0.013858024691358025,9.102450370788574,0.5745257452574526,0.7973273942093542
342,1,7,1,32400,96,0.002962962962962963,10.145833969116211,0.0379746835443038,0.010416666666666666
342,1,7,2,32400,120,0.003703703703703704,11.158333778381348,0.24691358024691357,0.25833333333333336
342,1,8,0,32400,476,0.014691358024691358,13.392857551574707,0.5991091314031181,0.8403361344537815
342,1,8,1,32400,88,0.0027160493827160493,16.10227394104004,0.0625,0.0
342,1,8,2,32400,140,0.004320987654320987,10.871428489685059,0.35833333333333334,0.32857142857142857
342,1,9,0,32400,533,0.016450617283950617,9.088180541992188,0.6197478991596639,0.9099437148217636
342,1,9,1,32400,85,0.002623456790123457,8.694117546081543,0.06818181818181818,0.011764705882352941
342,1,9,2,32400,166,0.0051234567901234564,12.253011703491211,0.4357142857142857,0.3313253012048193
342,1,10,0,32400,554,0.017098765432098765,13.75090217590332,0.6210131332082551,0.9693140794223827
342,1,10,1,32400,77,0.0023765432098765433,9.246753692626953,0.047058823529411764,0.0
342,1,10,2,32400,175,0.005401234567901234,9.582857131958008,0.39759036144578314,0.36
342,1,11,0,32400,621,0.019166666666666665,12.429951667785645,0.6768953068592057,0.9903381642512077
342,1,11,1,32400,105,0.0032407407407407406,11.780952453613281,0.03896103896103896,0.01904761904761905
342,1,11,2,32400,199,0.006141975308641976,14.040201187133789,0.49142857142857144,0.4824120603015075
342,1,12,0,32400,677,0.020895061728395063,9.536189079284668,0.6634460547504025,1.020679468242245
342,1,12,1,32400,75,0.0023148148148148147,7.573333740234375,0.0380952380952381,0.0
342,1,12,2,32400,227,0.007006172839506173,10.295153617858887,0.5477386934673367,0.5418502202643172
342,1,13,0,32400,682,0.02104938271604938,11.53812313079834,0.6558345642540621,1.0117302052785924
342,1,13,1,32400,93,0.0028703703703703703,10.709677696228027,0.06666666666666667,0.021505376344086023
342,1,13,2,32400,220,0.006790123456790123,16.340909957885742,0.5462555066079295,0.5863636363636363
342,1,14,0,32400,734,0.02265432098765432,9.235694885253906,0.7111436950146628,1.0735694822888284
342,1,14,1,32400,105,0.0032407407407407406,8.028572082519531,0.07526881720430108,0.0
342,1,14,2,32400,228,0.007037037037037037,8.359649658203125,0.5545454545454546,0.5350877192982456
342,1,15,0,32400,798,0.02462962962962963,13.25563907623291,0.7329700272479565,1.1065162907268171
342,1,15,1,32400,96,0.002962962962962963,13.364583969116211,0.047619047619047616,0.020833333333333332
342,1,15,2,32400,280,0.008641975308641974,11.139286041259766,0.6052631578947368,0.5892857142857143
342,1,16,0,32400,941,0.02904320987654321,12.436769485473633,0.7781954887218046,1.1413390010626994
342,1,16,1,32400,90,0.002777777777777778,14.88888931274414,0.09375,0.0
342,1,16,2,32400,306,0.009444444444444445,15.869280815124512,0.5857142857142857,0.6699346405228758
342,1,17,0,32400,1040,0.03209876543209877,14.130770683288574,0.7683315621679064,1.2365384615384616
342,1,17,1,32400,88,0.0027160493827160493,16.61363983154297,0.1,0.011363636363636364
342,1,17,2,32400,377,0.011635802469135802,14.490718841552734,0.6895424836601307,0.830238726790451
342,1,18,0,32400,1162,0.0358641975308642,17.469018936157227,0.7894230769230769,1.2814113597246128
342,1,18,1,32400,93,0.0028703703703703703,12.634408950805664,0.07954545454545454,0.0
342,1,18,2,32400,440,0.013580246913580247,12.645454406738281,0.7055702917771883,0.8272727272727273
342,1,19,0,32400,1351,0.04169753086419753,14.510732650756836,0.8287435456110155,1.3478904515173946
342,1,19,1,32400,87,0.002685185185185185,8.931034088134766,0.08602150537634409,0.022988505747126436
342,1,19,2,32400,534,0.016481481481481482,13.51310920715332,0.7181818181818181,0.8539325842696629
342,1,20,0,32400,1397,0.043117283950617286,14.818181037902832,0.7920059215396003,1.3493199713672155
342,1,20,1,32400,94,0.0029012345679012346,18.62765884399414,0.04597701149425287,0.0
342,1,20,2,32400,560,0.01728395061728395,13.01964282989502,0.6928838951310862,0.8696428571428572
342,1,21,0,32400,1629,0.050277777777777775,10.168201446533203,0.8432355046528275,1.350521792510743
342,1,21,1,32400,107,0.0033024691358024692,11.327102661132812,0.1595744680851064,0.0
342,1,21,2,32400,680,0.020987654320987655,10.647059440612793,0.7714285714285715,0.8823529411764706
342,1,22,0,32400,1721,0.05311728395061728,12.341080665588379,0.8182934315531001,1.3550261475886112
342,1,22,1,32400,97,0.002993827160493827,8.051546096801758,0.08411214953271028,0.020618556701030927
342,1,22,2,32400,725,0.022376543209876542,12.515862464904785,0.7191176470588235,0.8703448275862069
342,1,23,0,32400,1946,0.06006172839506173,8.912127494812012,0.8495061011040093,1.4254881808838644
342,1,23,1,32400,90,0.002777777777777778,7.222222328186035,0.07216494845360824,0.011111111111111112
342,1,23,2,32400,823,0.025401234567901235,10.300122261047363,0.7641379310344828,0.9185905224787363
342,1,24,0,32400,1974,0.060925925925925925,8.887031555175781,0.8216855087358684,1.4072948328267476
342,1,24,1,32400,86,0.002654320987654321,8.267441749572754,0.1,0.0
342,1,24,2,32400,887,0.027376543209876543,8.70574951171875,0.7375455650060754,0.910935738444194
342,1,25,0,32400,2106,0.065,15.945393562316895,0.8470111448834853,1.4235517568850902
342,1,25,1,32400,84,0.0025925925925925925,6.1666669845581055,0.12790697674418605,0.0
342,1,25,2,32400,929,0.02867283950617284,15.469321250915527,0.7361894024802705,0.8945102260495156
342,1,26,0,32400,2247,0.06935185185185185,7.637293815612793,0.8599240265906932,1.4668446817979528
342,1,26,1,32400,80,0.0024691358024691358,7.150000095367432,0.047619047619047616,0.0
342,1,26,2,32400,1028,0.03172839506172839,7.8560309410095215,0.7556512378902045,0.8657587548638133
342,1,27,0,32400,2285,0.0705246913580247,8.936542510986328,0.840231419670672,1.4188183807439825
342,1,27,1,32400,90,0.002777777777777778,7.44444465637207,0.0375,0.022222222222222223
342,1,27,2,32400,1011,0.031203703703703702,9.03659725189209,0.7227626459143969,0.8367952522255193
342,1,28,0,32400,2415,0.07453703703703704,21.669151306152344,0.8485776805251641,1.4140786749482401
342,1,28,1,32400,74,0.002283950617283951,13.432433128356934,0.022222222222222223,0.013513513513513514
342,1,28,2,32400,1071,0.03305555555555555,20.910364151000977,0.7398615232443125,0.8160597572362278
342,1,29,0,32400,2858,0.08820987654320987,12.495101928710938,0.8981366459627329,1.5258922323303008
342,1,29,1,32400,91,0.002808641975308642,10.428572654724121,0.0945945945945946,0.01098901098901099
342,1,29,2,32400,1297,0.040030864197530866,12.386275291442871,0.776844070961718,0.9344641480339244
342,1,30,0,32400,3064,0.0945679012345679,20.017297744750977,0.8792862141357592,1.5381853785900783
342,1,30,1,32400,80,0.0024691358024691358,15.65000057220459,0.07692307692307693,0.0
342,1,30,2,32400,1486,0.045864197530864195,18.90645980834961,0.7879722436391673,0.968371467025572
342,1,31,0,32400,3382,0.10438271604938272,31.02956771850586,0.8994778067885117,1.5863394441159078
342,1,31,1,32400,101,0.003117283950617284,49.03960418701172,0.1,0.009900990099009901
342,1,31,2,32400,1757,0.05422839506172839,30.882184982299805,0.7981157469717362,1.0426863972680707
342,1,32,0,32400,3845,0.11867283950617284,17.11209487915039,0.9121821407451213,1.5960988296488947
342,1,32,1,32400,107,0.0033024691358024692,15.878503799438477,0.13861386138613863,0.0
342,1,32,2,32400,2061,0.0636111111111111,17.6933536529541,0.8161639157655094,1.1043182920912178
342,1,33,0,32400,4150,0.12808641975308643,25.95734977722168,0.8980494148244473,1.6079518072289156
342,1,33,1,32400,91,0.002808641975308642,23.494508743286133,0.11214953271028037,0.0
342,1,33,2,32400,2277,0.07027777777777777,18.582345962524414,0.8030082484230956,1.1071585419411507
342,1,34,0,32400,4502,0.1389506172839506,9.157930374145508,0.9149397590361446,1.6550422034651266
342,1,34,1,32400,103,0.0031790123456790125,8.553398132324219,0.13186813186813187,0.0
342,1,34,2,32400,2549,0.07867283950617283,9.785013198852539,0.8260869565217391,1.1463318948607297
342,1,35,0,32400,4532,0.13987654320987655,22.646955490112305,0.8793869391381608,1.5995145631067962
342,1,35,1,32400,86,0.002654320987654321,30.918603897094727,0.07766990291262135,0.0
342,1,35,2,32400,2513,0.07756172839506173,23.570632934570312,0.7861906630051,1.10266613609232
342,2,1,0,32400,218,0.006728395061728395,13.16513729095459,-1.0,0.3532110091743119
342,2,1,1,32400,98,0.0030246913580246914,12.877551078796387,-1.0,0.030612244897959183
342,2,1,2,32400,43,0.0013271604938271606,10.418604850769043,-1.0,0.0
342,2,2,0,32400,253,0.007808641975308642,13.173913955688477,0.43577981651376146,0.5019762845849802
342,2,2,1,32400,100,0.0030864197530864196,14.579999923706055,0.04081632653061224,0.04
342,2,2,2,32400,47,0.0014506172839506173,23.297874450683594,0.11627906976744186,0.0
342,2,3,0,32400,308,0.009506172839506173,11.308441162109375,0.44664031620553357,0.5551948051948052
342,2,3,1,32400,96,0.002962962962962963,8.458333969116211,0.09,0.010416666666666666
342,2,3,2,32400,66,0.002037037037037037,21.24242401123047,0.19148936170212766,0.045454545454545456
342,2,4,0,32400,320,0.009876543209876543,11.4375,0.4642857142857143,0.56875
342,2,4,1,32400,109,0.0033641975308641974,8.779815673828125,0.052083333333333336,0.0
342,2,4,2,32400,80,0.0024691358024691358,17.087499618530273,0.09090909090909091,0.0125
342,2,5,0,32400,357,0.011018518518518518,16.775911331176758,0.521875,0.5994397759103641
342,2,5,1,32400,71,0.002191358024691358,6.816901206970215,0.027522935779816515,0.0
342,2,5,2,32400,66,0.002037037037037037,13.287880897521973,0.1375,0.045454545454545456
342,2,6,0,32400,388,0.011975308641975308,11.574742317199707,0.5238095238095238,0.7216494845360825
342,2,6,1,32400,69,0.0021296296296296298,18.0,0.04225352112676056,0.014492753623188406
342,2,6,2,32400,89,0.0027469135802469136,17.71910285949707,0.18181818181818182,0.033707865168539325
342,2,7,0,32400,435,0.013425925925925926,9.72183895111084,0.5798969072164949,0.7862068965517242
342,2,7,1,32400,85,0.002623456790123457,10.823529243469238,0.014492753623188406,0.011764705882352941
342,2,7,2,32400,103,0.0031790123456790125,10.145630836486816,0.2247191011235955,0.22330097087378642
342,2,8,0,32400,452,0.013950617283950617,11.077433586120605,0.5816091954022988,0.7676991150442478
342,2,8,1,32400,95,0.002932098765432099,12.221053123474121,0.058823529411764705,0.021052631578947368
342,2,8,2,32400,116,0.003580246913580247,16.181034088134766,0.30097087378640774,0.1896551724137931
342,2,9,0,32400,471,0.014537037037037038,9.407644271850586,0.5575221238938053,0.721868365180467
342,2,9,1,32400,103,0.0031790123456790125,8.902913093566895,0.06315789473684211,0.009708737864077669
342,2,9,2,32400,143,0.00441358024691358,13.496502876281738,0.3793103448275862,0.34265734265734266
342,2,10,0,32400,476,0.014691358024691358,12.504201889038086,0.5583864118895966,0.7836134453781513
342,2,10,1,32400,92,0.002839506172839506,17.130435943603516,0.02912621359223301,0.0
342,2,10,2,32400,150,0.004629629629629629,7.386666774749756,0.3916083916083916,0.22666666666666666
342,2,11,0,32400,529,0.01632716049382716,14.720227241516113,0.6092436974789915,0.8241965973534972
342,2,11,1,32400,84,0.0025925925925925925,11.416666984558105,0.07608695652173914,0.023809523809523808
342,2,11,2,32400,160,0.0049382716049382715,10.59375,0.41333333333333333,0.26875
342,2,12,0,32400,594,0.018333333333333333,9.466329574584961,0.6389413988657845,0.9141414141414141
342,2,12,1,32400,101,0.003117283950617284,10.594058990478516,0.11904761904761904,0.009900990099009901
342,2,12,2,32400,215,0.006635802469135803,9.330232620239258,0.4625,0.4883720930232558
342,2,13,0,32400,546,0.01685185185185185,17.0238094329834,0.5925925925925926,0.9835164835164835
342,2,13,1,32400,79,0.0024382716049382715,8.050633430480957,0.039603960396039604,0.012658227848101266
342,2,13,2,32400,204,0.006296296296296296,12.18137264251709,0.4883720930232558,0.47549019607843135
342,2,14,0,32400,608,0.018765432098765432,9.14967155456543,0.6978021978021978,0.993421052631579
342,2,14,1,32400,102,0.003148148148148148,6.911765098571777,0.05063291139240506,0.00980392156862745
342,2,14,2,32400,213,0.006574074074074074,7.647887229919434,0.5,0.5352112676056338
342,2,15,0,32400,607,0.018734567901234567,15.713343620300293,0.6611842105263158,1.0494233937397035
342,2,15,1,32400,64,0.0019753086419753087,9.015625,0.058823529411764705,0.0
342,2,15,2,32400,225,0.006944444444444444,14.848889350891113,0.5305164319248826,0.5155555555555555
342,2,16,0,32400,688,0.02123456790123457,12.180232048034668,0.7380560131795717,1.1017441860465116
342,2,16,1,32400,81,0.0025,10.839506149291992,0.015625,0.0
342,2,16,2,32400,241,0.007438271604938272,14.282158851623535,0.5866666666666667,0.5726141078838174
342,2,17,0,32400,713,0.022006172839506174,12.834502220153809,0.7136627906976745,1.1486676016830295
342,2,17,1,32400,86,0.002654320987654321,9.05813980102539,0.024691358024691357,0.0
342,2,17,2,32400,288,0.008888888888888889,8.815972328186035,0.6141078838174274,0.6076388888888888
342,2,18,0,32400,767,0.02367283950617284,12.893089294433594,0.7503506311360448,1.1955671447196872
342,2,18,1,32400,93,0.0028703703703703703,17.322580337524414,0.09302325581395349,0.010752688172043012
342,2,18,2,32400,284,0.008765432098765432,14.1936616897583,0.6145833333333334,0.6302816901408451
342,2,19,0,32400,898,0.02771604938271605,13.74164867401123,0.7992177314211213,1.2628062360801782
342,2,19,1,32400,88,0.0027160493827160493,21.579545974731445,0.07526881720430108,0.0
342,2,19,2,32400,372,0.011481481481481481,12.516129493713379,0.6866197183098591,0.7311827956989247
342,2,20,0,32400,972,0.03,15.0781888961792,0.7628062360801782,1.2541152263374487
342,2,20,1,32400,85,0.002623456790123457,18.235294342041016,0.06818181818181818,0.0
342,2,20,2,32400,392,0.012098765432098766,13.25,0.6344086021505376,0.7168367346938775
342,2,21,0,32400,1114,0.034382716049382714,9.591562271118164,0.8034979423868313,1.3096947935368044
342,2,21,1,32400,91,0.002808641975308642,9.142857551574707,0.047058823529411764,0.0
342,2,21,2,32400,479,0.01478395061728395,8.574112892150879,0.6811224489795918,0.7807933194154488
342,2,22,0,32400,1114,0.034382716049382714,9.717235565185547,0.7657091561938959,1.300718132854578
342,2,22,1,32400,87,0.002685185185185185,12.390804290771484,0.02197802197802198,0.0
342,2,22,2,32400,500,0.015432098765432098,9.796000480651855,0.6764091858037579,0.74
342,2,23,0,32400,1222,0.03771604938271605,9.621931076049805,0.8016157989228008,1.3330605564648117
342,2,23,1,32400,90,0.002777777777777778,11.533333778381348,0.034482758620689655,0.0
342,2,23,2,32400,541,0.01669753086419753,8.831792831420898,0.712,0.7652495378927912
342,2,24,0,32400,1278,0.03944444444444444,8.808294296264648,0.7888707037643208,1.3200312989045384
342,2,24,1,32400,96,0.002962962962962963,5.625,0.07777777777777778,0.03125
342,2,24,2,32400,544,0.016790123456790124,9.619484901428223,0.7005545286506469,0.8327205882352942
342,2,25,0,32400,1314,0.04055555555555555,13.39573860168457,0.8004694835680751,1.3630136986301369
342,2,25,1,32400,87,0.002685185185185185,17.379310607910156,0.03125,0.0
342,2,25,2,32400,611,0.018858024691358024,16.39443588256836,0.7408088235294118,0.867430441898527
342,2,26,0,32400,1388,0.042839506172839506,7.911383152008057,0.8287671232876712,1.3746397694524495
342,2,26,1,32400,84,0.0025925925925925925,7.25,0.08045977011494253,0.011904761904761904
342,2,26,2,32400,657,0.020277777777777777,7.942161560058594,0.7283142389525368,0.9071537290715372
342,2,27,0,32400,1385,0.04274691358024691,8.293863296508789,0.7946685878962536,1.3328519855595669
342,2,27,1,32400,87,0.002685185185185185,9.17241382598877,0.05952380952380952,0.011494252873563218
342,2,27,2,32400,629,0.01941358024691358,9.254372596740723,0.6910197869101978,0.8378378378378378
342,2,28,0,32400,1447,0.044660493827160495,20.247407913208008,0.8137184115523466,1.3227366966136835
342,2,28,1,32400,89,0.0027469135802469136,22.53932762145996,0.04597701149425287,0.0
342,2,28,2,32400,665,0.02052469135802469,25.14285659790039,0.7090620031796503,0.8646616541353384
342,2,29,0,32400,1690,0.052160493827160495,12.94615364074707,0.8534899792674498,1.4538461538461538
342,2,29,1,32400,91,0.002808641975308642,14.835165023803711,0.056179775280898875,0.0
342,2,29,2,32400,800,0.024691358024691357,12.319999694824219,0.7684210526315789,0.92375
342,2,30,0,32400,1819,0.05614197530864198,17.842771530151367,0.8479289940828403,1.4920285871357888
342,2,30,1,32400,97,0.002993827160493827,20.917526245117188,0.07692307692307693,0.0
342,2,30,2,32400,877,0.0270679012345679,21.46978187561035,0.76,1.0262257696693273
342,2,31,0,32400,1978,0.061049382716049386,28.253286361694336,0.8614623419461243,1.506572295247725
342,2,31,1,32400,91,0.002808641975308642,40.010986328125,0.07216494845360824,0.03296703296703297
342,2,31,2,32400,1018,0.031419753086419755,23.724950790405273,0.798175598631699,1.036345776031434
342,2,32,0,32400,2155,0.06651234567901235,16.74570655822754,0.8660262891809909,1.5317865429234339
342,2,32,1,32400,99,0.0030555555555555557,15.010101318359375,0.12087912087912088,0.010101010101010102
342,2,32,2,32400,1123,0.03466049382716049,17.473731994628906,0.7986247544204322,1.0783615316117543
342,2,33,0,32400,2240,0.0691358024691358,23.57008934020996,0.854292343387471,1.5200892857142858
342,2,33,1,32400,82,0.0025308641975308644,30.829267501831055,0.09090909090909091,0.024390243902439025
342,2,33,2,32400,1188,0.03666666666666667,23.386363983154297,0.786286731967943,1.0572390572390573
342,2,34,0,32400,2403,0.07416666666666667,9.017477989196777,0.8745535714285714,1.533083645443196
342,2,34,1,32400,107,0.0033024691358024692,7.037383079528809,0.12195121951219512,0.009345794392523364
342,2,34,2,32400,1268,0.039135802469135804,9.711357116699219,0.7929292929292929,1.0575709779179812
342,2,35,0,32400,2353,0.07262345679012346,20.635358810424805,0.8322929671244278,1.4861878453038675
342,2,35,1,32400,102,0.003148148148148148,15.147058486938477,0.06542056074766354,0.0
342,2,35,2,32400,1239,0.03824074074074074,28.765132904052734,0.750788643533123,1.0056497175141244
342,3,1,0,32400,201,0.0062037037037037035,10.313432693481445,-1.0,0.3482587064676617
342,3,1,1,32400,90,0.002777777777777778,9.211111068725586,-1.0,0.011111111111111112
342,3,1,2,32400,59,0.0018209876543209876,17.18644142150879,-1.0,0.01694915254237288
342,3,2,0,32400,284,0.008765432098765432,12.369718551635742,0.4527363184079602,0.3767605633802817
342,3,2,1,32400,86,0.002654320987654321,8.5,0.03333333333333333,0.011627906976744186
342,3,2,2,32400,74,0.002283950617283951,10.486486434936523,0.0847457627118644,0.013513513513513514
342,3,3,0,32400,366,0.011296296296296296,9.666666030883789,0.4859154929577465,0.5573770491803278
342,3,3,1,32400,84,0.0025925925925925925,7.761904716491699,0.03488372093023256,0.011904761904761904
342,3,3,2,32400,66,0.002037037037037037,25.68181800842285,0.16216216216216217,0.030303030303030304
342,3,4,0,32400,361,0.011141975308641975,17.072021484375,0.45901639344262296,0.5484764542936288
342,3,4,1,32400,92,0.002839506172839506,30.19565200805664,0.08333333333333333,0.0
342,3,4,2,32400,79,0.0024382716049382715,17.316455841064453,0.16666666666666666,0.05063291139240506
342,3,5,0,32400,402,0.012407407407407407,16.199005126953125,0.5013850415512465,0.5671641791044776
342,3,5,1,32400,98,0.0030246913580246914,14.193880081176758,0.06521739130434782,0.0
342,3,5,2,32400,79,0.0024382716049382715,12.848101615905762,0.1518987341772152,0.0759493670886076
342,3,6,0,32400,454,0.014012345679012345,13.033039093017578,0.5348258706467661,0.6674008810572687
342,3,6,1,32400,90,0.002777777777777778,14.055556297302246,0.061224489795918366,0.011111111111111112
342,3,6,2,32400,86,0.002654320987654321,15.127906799316406,0.20253164556962025,0.09302325581395349
342,3,7,0,32400,517,0.01595679012345679,8.829787254333496,0.6013215859030837,0.8355899419729207
342,3,7,1,32400,83,0.0025617283950617282,9.01204776763916,0.08888888888888889,0.0
342,3,7,2,32400,115,0.0035493827160493828,9.913043022155762,0.2558139534883721,0.17391304347826086
342,3,8,0,32400,521,0.016080246913580246,10.439538955688477,0.5996131528046421,0.9174664107485605
342,3,8,1,32400,89,0.0027469135802469136,9.764044761657715,0.04819277108433735,0.033707865168539325
342,3,8,2,32400,126,0.0038888888888888888,9.468254089355469,0.33043478260869563,0.14285714285714285
342,3,9,0,32400,578,0.017839506172839505,8.37716293334961,0.6429942418426103,0.9152249134948097
342,3,9,1,32400,84,0.0025925925925925925,7.797619342803955,0.11235955056179775,0.0
342,3,9,2,32400,132,0.004074074074074074,9.409090995788574,0.35714285714285715,0.21212121212121213
342,3,10,0,32400,592,0.018271604938271607,13.684122085571289,0.6332179930795848,0.9662162162162162
342,3,10,1,32400,68,0.0020987654320987655,17.647058486938477,0.07142857142857142,0.014705882352941176
342,3,10,2,32400,145,0.004475308641975309,8.262068748474121,0.3712121212121212,0.2896551724137931
342,3,11,0,32400,665,0.02052469135802469,14.818045616149902,0.6976351351351351,1.0661654135338345
342,3,11,1,32400,105,0.0032407407407407406,17.71428680419922,0.08823529411764706,0.01904761904761905
342,3,11,2,32400,179,0.0055246913580246915,9.977653503417969,0.4896551724137931,0.33519553072625696
342,3,12,0,32400,782,0.0241358024691358,12.202046394348145,0.7473684210526316,1.1214833759590792
342,3,12,1,32400,104,0.0032098765432098763,12.259615898132324,0.08571428571428572,0.0
342,3,12,2,32400,197,0.006080246913580247,12.37055778503418,0.5083798882681564,0.38071065989847713
342,3,13,0,32400,842,0.025987654320987656,9.648456573486328,0.7148337595907929,1.0950118764845607
342,3,13,1,32400,78,0.0024074074074074076,7.615384578704834,0.0673076923076923,0.0
342,3,13,2,32400,240,0.007407407407407408,8.079167366027832,0.5177664974619289,0.425
342,3,14,0,32400,862,0.026604938271604938,9.099767684936523,0.7185273159144893,1.1299303944315546
342,3,14,1,32400,97,0.002993827160493827,9.185566902160645,0.07692307692307693,0.010309278350515464
342,3,14,2,32400,261,0.008055555555555555,8.865900039672852,0.5041666666666667,0.4789272030651341
342,3,15,0,32400,912,0.028148148148148148,12.076754570007324,0.740139211136891,1.1403508771929824
342,3,15,1,32400,80,0.0024691358024691358,8.40000057220459,0.061855670103092786,0.0
342,3,15,2,32400,288,0.008888888888888889,15.8125,0.578544061302682,0.5277777777777778
342,3,16,0,32400,1004,0.030987654320987653,13.057769775390625,0.7609649122807017,1.1922310756972112
342,3,16,1,32400,87,0.002685185185185185,18.356321334838867,0.0625,0.0
342,3,16,2,32400,341,0.01052469135802469,10.832844734191895,0.6145833333333334,0.5571847507331378
342,3,17,0,32400,1155,0.03564814814814815,13.373162269592285,0.7878486055776892,1.2372294372294372
342,3,17,1,32400,86,0.002654320987654321,25.767446517944336,0.04597701149425287,0.0
342,3,17,2,32400,388,0.011975308641975308,13.533506393432617,0.6217008797653959,0.6005154639175257
342,3,18,0,32400,1255,0.03873456790123457,16.893226623535156,0.7878787878787878,1.2693227091633466
342,3,18,1,32400,77,0.0023765432098765433,19.285715103149414,0.05813953488372093,0.0
342,3,18,2,32400,444,0.013703703703703704,12.880630493164062,0.6417525773195877,0.6396396396396397
342,3,19,0,32400,1424,0.04395061728395062,12.8054780960083,0.8063745019920319,1.297752808988764
342,3,19,1,32400,104,0.0032098765432098763,9.97115421295166,0.14285714285714285,0.019230769230769232
342,3,19,2,32400,545,0.01682098765432099,15.141284942626953,0.668918918918919,0.728440366972477
342,3,20,0,32400,1514,0.04672839506172839,13.369220733642578,0.8019662921348315,1.3137384412153237
342,3,20,1,32400,95,0.002932098765432099,23.3157901763916,0.08653846153846154,0.010526315789473684
342,3,20,2,32400,595,0.0183641975308642,13.3512601852417,0.6862385321100918,0.7697478991596639
342,3,21,0,32400,1786,0.055123456790123454,10.101903915405273,0.8474240422721269,1.3695408734602463
342,3,21,1,32400,92,0.002839506172839506,12.19565200805664,0.14736842105263157,0.0
342,3,21,2,32400,714,0.022037037037037036,10.022409439086914,0.7495798319327731,0.8179271708683473
342,3,22,0,32400,1898,0.05858024691358025,11.583771705627441,0.8163493840985442,1.3419388830347734
342,3,22,1,32400,93,0.0028703703703703703,10.806451797485352,0.11956521739130435,0.0
342,3,22,2,32400,785,0.024228395061728396,11.02929973602295,0.7170868347338936,0.7732484076433122
342,3,23,0,32400,2041,0.06299382716049383,9.364036560058594,0.827713382507903,1.365017148456639
342,3,23,1,32400,92,0.002839506172839506,7.956521987915039,0.07526881720430108,0.0
342,3,23,2,32400,861,0.026574074074074073,9.243902206420898,0.7414012738853503,0.8780487804878049
342,3,24,0,32400,2112,0.06518518518518518,9.181818008422852,0.8177364037236649,1.3797348484848484
342,3,24,1,32400,88,0.0027160493827160493,9.23863697052002,0.10869565217391304,0.0
342,3,24,2,32400,892,0.027530864197530865,9.511211395263672,0.7456445993031359,0.8396860986547086
342,3,25,0,32400,2216,0.06839506172839506,16.333934783935547,0.8385416666666666,1.3935018050541517
342,3,25,1,32400,74,0.002283950617283951,18.716217041015625,0.06818181818181818,0.0
342,3,25,2,32400,977,0.03015432098765432,14.303991317749023,0.7522421524663677,0.8955987717502559
342,3,26,0,32400,2462,0.07598765432098765,8.731112480163574,0.8695848375451264,1.4471974004874086
342,3,26,1,32400,111,0.003425925925925926,5.945946216583252,0.0945945945945946,0.02702702702702703
342,3,26,2,32400,1053,0.0325,8.1272554397583,0.7717502558853634,0.8964862298195632
342,3,27,0,32400,2537,0.07830246913580247,9.333858489990234,0.8436230706742486,1.409932991722507
342,3,27,1,32400,89,0.0027469135802469136,10.033707618713379,0.07207207207207207,0.011235955056179775
342,3,27,2,32400,1107,0.034166666666666665,9.002710342407227,0.7331433998100665,0.8663053297199639
342,3,28,0,32400,2679,0.08268518518518518,21.42068099975586,0.8443042964130864,1.4359835759611796
342,3,28,1,32400,86,0.002654320987654321,21.302326202392578,0.07865168539325842,0.0
342,3,28,2,32400,1181,0.03645061728395062,23.028789520263672,0.7371273712737128,0.8899237933954276
342,3,29,0,32400,3113,0.09608024691358025,12.723417282104492,0.8936170212765957,1.495342113716672
342,3,29,1,32400,102,0.003148148148148148,11.166666984558105,0.09302325581395349,0.0196078431372549
342,3,29,2,32400,1451,0.04478395061728395,12.267401695251465,0.7950889077053345,0.9331495520330806
342,3,30,0,32400,3427,0.1057716049382716,20.783485412597656,0.8788949566334725,1.5185293259410564
342,3,30,1,32400,102,0.003148148148148148,14.352941513061523,0.10784313725490197,0.00980392156862745
342,3,30,2,32400,1614,0.04981481481481481,21.86741065979004,0.7684355616815989,0.9634448574969021
342,3,31,0,32400,3858,0.11907407407407407,25.915241241455078,0.9010796615115261,1.5658372213582168
342,3,31,1,32400,102,0.003148148148148148,16.264705657958984,0.10784313725490197,0.0196078431372549
342,3,31,2,32400,1879,0.057993827160493824,28.834487915039062,0.8122676579925651,1.0196913251729642
342,3,32,0,32400,4291,0.13243827160493826,16.61337661743164,0.9074650077760498,1.601258447914239
342,3,32,1,32400,102,0.003148148148148148,22.892160415649414,0.16666666666666666,0.00980392156862745
342,3,32,2,32400,2184,0.0674074074074074,16.08699607849121,0.8233102714209686,1.0416666666666667
342,3,33,0,32400,4662,0.1438888888888889,26.78421401977539,0.90468422279189,1.598026598026598
342,3,33,1,32400,100,0.0030864197530864196,16.170000076293945,0.10784313725490197,0.0
342,3,33,2,32400,2458,0.0758641975308642,26.106996536254883,0.8168498168498168,1.0740439381611067
342,3,34,0,32400,5193,0.16027777777777777,9.221837043762207,0.9176319176319176,1.6312343539379934
342,3,34,1,32400,104,0.0032098765432098763,10.875,0.1,0.009615384615384616
342,3,34,2,32400,2785,0.08595679012345679,9.199999809265137,0.8291293734743694,1.1095152603231597
342,3,35,0,32400,5254,0.1621604938271605,21.600494384765625,0.8811862122087425,1.5732775028549677
342,3,35,1,32400,91,0.002808641975308642,8.395604133605957,0.09615384615384616,0.0
342,3,35,2,32400,2725,0.08410493827160494,18.648073196411133,0.7834829443447038,1.0620183486238532
343,0,1,0,32400,143,0.00441358024691358,13.048952102661133,-1.0,0.2727272727272727
343,0,1,1,32400,105,0.0032407407407407406,11.514286041259766,-1.0,0.01904761904761905
343,0,1,2,32400,42,0.0012962962962962963,14.571429252624512,-1.0,0.0
343,0,2,0,32400,207,0.006388888888888889,10.719806671142578,0.3706293706293706,0.30434782608695654
343,0,2,1,32400,81,0.0025,13.740740776062012,0.0380952380952381,0.0
343,0,2,2,32400,48,0.0014814814814814814,7.333333492279053,0.047619047619047616,0.041666666666666664
343,0,3,0,32400,223,0.006882716049382716,9.914798736572266,0.391304347826087,0.32286995515695066
343,0,3,1,32400,92,0.002839506172839506,7.293478488922119,0.07407407407407407,0.010869565217391304
343,0,3,2,32400,65,0.002006172839506173,31.507692337036133,0.14583333333333334,0.0
343,0,4,0,32400,219,0.006759259259259259,15.858447074890137,0.40358744394618834,0.3881278538812785
343,0,4,1,32400,96,0.002962962962962963,24.572917938232422,0.06521739130434782,0.0
343,0,4,2,32400,56,0.0017283950617283952,25.19643211364746,0.06153846153846154,0.03571428571428571
343,0,5,0,32400,221,0.006820987654320988,12.036199569702148,0.365296803652968,0.25339366515837103
343,0,5,1,32400,108,0.0033333333333333335,9.898148536682129,0.11458333333333333,0.0
343,0,5,2,32400,67,0.002067901234567901,10.432835578918457,0.125,0.0
343,0,6,0,32400,230,0.0070987654320987656,9.660869598388672,0.3574660633484163,0.2826086956521739
343,0,6,1,32400,84,0.0025925925925925925,8.642857551574707,0.06481481481481481,0.0
343,0,6,2,32400,59,0.0018209876543209876,11.508474349975586,0.05970149253731343,0.0
343,0,7,0,32400,232,0.007160493827160494,16.35344886779785,0.3652173913043478,0.3922413793103448
343,0,7,1,32400,87,0.002685185185185185,11.126437187194824,0.023809523809523808,0.0
343,0,7,2,32400,54,0.0016666666666666668,15.148147583007812,0.06779661016949153,0.018518518518518517
343,0,8,0,32400,241,0.007438271604938272,9.074688911437988,0.3922413793103448,0.27385892116182575
343,0,8,1,32400,77,0.0023765432098765433,8.363636016845703,0.04597701149425287,0.0
343,0,8,2,32400,37,0.0011419753086419754,11.05405330657959,0.07407407407407407,0.0
343,0,9,0,32400,217,0.0066975308641975305,11.972350120544434,0.29045643153526973,0.3317972350230415
343,0,9,1,32400,123,0.0037962962962962963,8.601625442504883,0.07792207792207792,0.008130081300813009
343,0,9,2,32400,55,0.0016975308641975309,10.090909004211426,0.13513513513513514,0.01818181818181818
343,0,10,0,32400,251,0.007746913580246913,11.191235542297363,0.423963133640553,0.2589641434262948
343,0,10,1,32400,89,0.0027469135802469136,15.134831428527832,0.056910569105691054,0.0
343,0,10,2,32400,57,0.0017592592592592592,12.929824829101562,0.10909090909090909,0.0
343,0,11,0,32400,276,0.008518518518518519,13.894927978515625,0.3426294820717131,0.3188405797101449
343,0,11,1,32400,82,0.0025308641975308644,6.536585330963135,0.056179775280898875,0.012195121951219513
343,0,11,2,32400,62,0.0019135802469135803,8.403225898742676,0.10526315789473684,0.016129032258064516
343,0,12,0,32400,282,0.008703703703703703,12.287233352661133,0.36231884057971014,0.4219858156028369
343,0,12,1,32400,84,0.0025925925925925925,9.023809432983398,0.036585365853658534,0.0
343,0,12,2,32400,70,0.0021604938271604936,6.714285850524902,0.08064516129032258,0.014285714285714285
343,0,13,0,32400,263,0.008117283950617284,10.1673002243042,0.3723404255319149,0.4714828897338403
343,0,13,1,32400,95,0.002932098765432099,9.49473762512207,0.047619047619047616,0.010526315789473684
343,0,13,2,32400,78,0.0024074074074074076,9.410256385803223,0.07142857142857142,0.01282051282051282
343,0,14,0,32400,300,0.009259259259259259,15.289999961853027,0.42585551330798477,0.53
343,0,14,1,32400,96,0.002962962962962963,8.510416984558105,0.07368421052631578,0.0
343,0,14,2,32400,72,0.0022222222222222222,6.902777671813965,0.1282051282051282,0.041666666666666664
343,0,15,0,32400,316,0.009753086419753086,11.832279205322266,0.4533333333333333,0.6012658227848101
343,0,15,1,32400,93,0.0028703703703703703,16.64516258239746,0.07291666666666667,0.021505376344086023
343,0,15,2,32400,73,0.0022530864197530865,13.246575355529785,0.18055555555555555,0.0547945205479452
343,0,16,0,32400,355,0.010956790123456791,10.467605590820312,0.49683544303797467,0.6676056338028169
343,0,16,1,32400,103,0.0031790123456790125,18.019420623779297,0.07526881720430108,0.009708737864077669
343,0,16,2,32400,103,0.0031790123456790125,9.951456069946289,0.2876712328767123,0.20388349514563106
343,0,17,0,32400,388,0.011975308641975308,11.615979194641113,0.523943661971831,0.7371134020618557
343,0,17,1,32400,76,0.002345679012345679,16.710525512695312,0.04854368932038835,0.013157894736842105
343,0,17,2,32400,108,0.0033333333333333335,10.648148536682129,0.24271844660194175,0.23148148148148148
343,0,18,0,32400,436,0.01345679012345679,14.360091209411621,0.5798969072164949,0.7545871559633027
343,0,18,1,32400,105,0.0032407407407407406,8.980952262878418,0.10526315789473684,0.02857142857142857
343,0,18,2,32400,126,0.0038888888888888888,14.436509132385254,0.37962962962962965,0.3492063492063492
343,0,19,0,32400,433,0.013364197530864198,12.856812477111816,0.5642201834862385,0.815242494226328
343,0,19,1,32400,90,0.002777777777777778,11.333333969116211,0.05714285714285714,0.0
343,0,19,2,32400,146,0.004506172839506173,10.34931468963623,0.3968253968253968,0.4041095890410959
343,0,20,0,32400,504,0.015555555555555555,8.873016357421875,0.625866050808314,0.9265873015873016
343,0,20,1,32400,86,0.002654320987654321,13.093023300170898,0.1,0.0
343,0,20,2,32400,148,0.004567901234567902,12.297297477722168,0.4315068493150685,0.5675675675675675
343,0,21,0,32400,527,0.016265432098765433,10.700189590454102,0.6349206349206349,0.9449715370018975
343,0,21,1,32400,93,0.0028703703703703703,8.612903594970703,0.09302325581395349,0.0
343,0,21,2,32400,168,0.005185185185185185,14.339285850524902,0.5337837837837838,0.5892857142857143
343,0,22,0,32400,560,0.01728395061728395,10.251786231994629,0.6527514231499051,1.0678571428571428
343,0,22,1,32400,92,0.002839506172839506,6.51086950302124,0.06451612903225806,0.010869565217391304
343,0,22,2,32400,198,0.006111111111111111,9.41919231414795,0.5595238095238095,0.6515151515151515
343,0,23,0,32400,597,0.018425925925925925,10.276381492614746,0.6732142857142858,1.0083752093802345
343,0,23,1,32400,76,0.002345679012345679,7.026315689086914,0.010869565217391304,0.0
343,0,23,2,32400,224,0.006913580246913581,8.808035850524902,0.5353535353535354,0.6160714285714286
343,0,24,0,32400,643,0.019845679012345678,11.707620620727539,0.6850921273031826,1.0482115085536547
343,0,24,1,32400,90,0.002777777777777778,6.833333492279053,0.06578947368421052,0.0
343,0,24,2,32400,223,0.006882716049382716,9.367713928222656,0.5669642857142857,0.6995515695067265
343,0,25,0,32400,641,0.01978395061728395,6.744149684906006,0.6811819595645412,1.0858034321372856
343,0,25,1,32400,82,0.0025308641975308644,7.780487537384033,0.044444444444444446,0.0
343,0,25,2,32400,239,0.007376543209876543,7.811715126037598,0.6188340807174888,0.7154811715481172
343,0,26,0,32400,609,0.018796296296296297,9.28078842163086,0.6755070202808112,0.9835796387520526
343,0,26,1,32400,68,0.0020987654320987655,6.970588207244873,0.0,0.0
343,0,26,2,32400,237,0.007314814814814815,9.274261474609375,0.602510460251046,0.7046413502109705
343,0,27,0,32400,655,0.02021604938271605,20.34503936767578,0.7126436781609196,1.1374045801526718
343,0,27,1,32400,87,0.002685185185185185,14.218390464782715,0.04411764705882353,0.011494252873563218
343,0,27,2,32400,252,0.0077777777777777776,23.71031951904297,0.6118143459915611,0.623015873015873
343,0,28,0,32400,772,0.02382716049382716,14.12694263458252,0.7801526717557252,1.2137305699481866
343,0,28,1,32400,95,0.002932098765432099,14.294737815856934,0.09195402298850575,0.010526315789473684
343,0,28,2,32400,297,0.009166666666666667,11.680134773254395,0.5952380952380952,0.7171717171717171
343,0,29,0,32400,833,0.025709876543209876,17.436973571777344,0.7616580310880829,1.2088835534213684
343,0,29,1,32400,99,0.0030555555555555557,15.414141654968262,0.06315789473684211,0.010101010101010102
343,0,29,2,32400,344,0.010617283950617284,20.110464096069336,0.6498316498316499,0.7412790697674418
343,0,30,0,32400,928,0.028641975308641977,41.235992431640625,0.7695078031212484,1.2112068965517242
343,0,30,1,32400,81,0.0025,8.518518447875977,0.050505050505050504,0.0
343,0,30,2,32400,414,0.012777777777777779,32.33091735839844,0.7034883720930233,0.8623188405797102
343,0,31,0,32400,1075,0.033179012345679014,17.206512451171875,0.7931034482758621,1.2902325581395349
343,0,31,1,32400,77,0.0023765432098765433,9.454545021057129,0.07407407407407407,0.012987012987012988
343,0,31,2,32400,496,0.015308641975308642,16.20967674255371,0.7125603864734299,0.9495967741935484
343,0,32,0,32400,1125,0.034722222222222224,24.408000946044922,0.7693023255813953,1.3404444444444445
343,0,32,1,32400,82,0.0025308641975308644,14.987804412841797,0.012987012987012988,0.0
343,0,32,2,32400,544,0.016790123456790124,22.586397171020508,0.7298387096774194,0.9503676470588235
343,0,33,0,32400,1250,0.038580246913580245,9.952799797058105,0.8151111111111111,1.3552
343,0,33,1,32400,89,0.0027469135802469136,6.932584285736084,0.0975609756097561,0.0
343,0,33,2,32400,588,0.01814814814814815,10.668367385864258,0.7040441176470589,0.9506802721088435
343,0,34,0,32400,1235,0.03811728395061728,24.704452514648438,0.7696,1.3068825910931174
343,0,34,1,32400,70,0.0021604938271604936,7.900000095367432,0.0449438202247191,0.0
343,0,34,2,32400,605,0.01867283950617284,19.04958724975586,0.7193877551020408,0.9669421487603306
343,0,35,0,32400,1280,0.03950617283950617,9.890625,0.7878542510121458,1.3875
343,0,35,1,32400,92,0.002839506172839506,9.032608985900879,0.014285714285714285,0.0
343,0,35,2,32400,662,0.0204320987654321,10.845921516418457,0.7272727272727273,0.9622356495468278
343,1,1,0,32400,175,0.005401234567901234,15.731428146362305,-1.0,0.2571428571428571
343,1,1,1,32400,93,0.0028703703703703703,12.913978576660156,-1.0,0.0
343,1,1,2,32400,60,0.001851851851851852,23.05000114440918,-1.0,0.03333333333333333
343,1,2,0,32400,236,0.0072839506172839505,14.491525650024414,0.37142857142857144,0.21610169491525424
343,1,2,1,32400,92,0.002839506172839506,11.967391967773438,0.03225806451612903,0.0
343,1,2,2,32400,54,0.0016666666666666668,20.537036895751953,0.1,0.05555555555555555
343,1,3,0,32400,245,0.007561728395061728,11.575510025024414,0.3135593220338983,0.3306122448979592
343,1,3,1,32400,95,0.002932098765432099,11.715789794921875,0.05434782608695652,0.021052631578947368
343,1,3,2,32400,71,0.002191358024691358,21.90140724182129,0.09259259259259259,0.014084507042253521
343,1,4,0,32400,263,0.008117283950617284,9.961977005004883,0.37142857142857144,0.3726235741444867
343,1,4,1,32400,98,0.0030246913580246914,14.775510787963867,0.06315789473684211,0.01020408163265306
343,1,4,2,32400,67,0.002067901234567901,17.32836151123047,0.1267605633802817,0.0
343,1,5,0,32400,271,0.008364197530864198,10.184501647949219,0.38022813688212925,0.42066420664206644
343,1,5,1,32400,90,0.002777777777777778,13.800002098083496,0.09183673469387756,0.0
343,1,5,2,32400,66,0.002037037037037037,9.848484992980957,0.1044776119402985,0.015151515151515152
343,1,6,0,32400,259,0.007993827160493827,9.69498062133789,0.3837638376383764,0.4942084942084942
343,1,6,1,32400,88,0.0027160493827160493,10.568181991577148,0.044444444444444446,0.0
343,1,6,2,32400,76,0.002345679012345679,10.960526466369629,0.09090909090909091,0.05263157894736842
343,1,7,0,32400,281,0.00867283950617284,14.679715156555176,0.44787644787644787,0.42704626334519574
343,1,7,1,32400,83,0.0025617283950617282,10.02409553527832,0.045454545454545456,0.012048192771084338
343,1,7,2,32400,66,0.002037037037037037,9.272727966308594,0.11842105263157894,0.06060606060606061
343,1,8,0,32400,292,0.009012345679012346,12.25684928894043,0.43416370106761565,0.5616438356164384
343,1,8,1,32400,97,0.002993827160493827,9.0,0.060240963855421686,0.0
343,1,8,2,32400,78,0.0024074074074074076,8.15384578704834,0.15151515151515152,0.0641025641025641
343,1,9,0,32400,335,0.010339506172839507,13.08955192565918,0.476027397260274,0.6059701492537314
343,1,9,1,32400,72,0.0022222222222222222,11.25,0.05154639175257732,0.027777777777777776
343,1,9,2,32400,81,0.0025,14.197530746459961,0.1794871794871795,0.08641975308641975
343,1,10,0,32400,357,0.011018518518518518,13.408964157104492,0.5134328358208955,0.5994397759103641
343,1,10,1,32400,76,0.002345679012345679,14.065791130065918,0.041666666666666664,0.0
343,1,10,2,32400,90,0.002777777777777778,7.3111114501953125,0.2839506172839506,0.12222222222222222
343,1,11,0,32400,359,0.011080246913580246,10.76880168914795,0.5154061624649859,0.6991643454038997
343,1,11,1,32400,108,0.0033333333333333335,6.537036895751953,0.06578947368421052,0.0
343,1,11,2,32400,94,0.0029012345679012346,7.797872066497803,0.2111111111111111,0.1595744680851064
343,1,12,0,32400,366,0.011296296296296296,17.480873107910156,0.5153203342618384,0.76775956284153
343,1,12,1,32400,87,0.002685185185185185,18.540231704711914,0.05555555555555555,0.0
343,1,12,2,32400,98,0.0030246913580246914,9.020407676696777,0.26595744680851063,0.12244897959183673
343,1,13,0,32400,390,0.012037037037037037,8.817949295043945,0.5983606557377049,0.8307692307692308
343,1,13,1,32400,90,0.002777777777777778,8.622222900390625,0.022988505747126436,0.0
343,1,13,2,32400,110,0.0033950617283950617,8.92727279663086,0.29591836734693877,0.12727272727272726
343,1,14,0,32400,428,0.013209876543209877,11.76635456085205,0.6256410256410256,0.8785046728971962
343,1,14,1,32400,72,0.0022222222222222222,7.722222328186035,0.05555555555555555,0.013888888888888888
343,1,14,2,32400,151,0.004660493827160494,10.304636001586914,0.34545454545454546,0.25165562913907286
343,1,15,0,32400,483,0.014907407407407407,10.863354682922363,0.633177570093458,0.9523809523809523
343,1,15,1,32400,87,0.002685185185185185,16.89655113220215,0.06944444444444445,0.0
343,1,15,2,32400,167,0.005154320987654321,10.11377239227295,0.423841059602649,0.3532934131736527
343,1,16,0,32400,509,0.015709876543209877,10.54616928100586,0.660455486542443,0.9705304518664047
343,1,16,1,32400,86,0.002654320987654321,9.39534854888916,0.05747126436781609,0.0
343,1,16,2,32400,170,0.005246913580246914,17.88823890686035,0.4311377245508982,0.4647058823529412
343,1,17,0,32400,544,0.016790123456790124,13.53125,0.6620825147347741,1.0036764705882353
343,1,17,1,32400,87,0.002685185185185185,15.413792610168457,0.046511627906976744,0.022988505747126436
343,1,17,2,32400,178,0.005493827160493827,15.089887619018555,0.4764705882352941,0.43820224719101125
343,1,18,0,32400,655,0.02021604938271605,13.633587837219238,0.7628676470588235,1.0748091603053436
343,1,18,1,32400,109,0.0033641975308641974,9.275228500366211,0.11494252873563218,0.009174311926605505
343,1,18,2,32400,214,0.0066049382716049385,11.140186309814453,0.5280898876404494,0.6355140186915887
343,1,19,0,32400,667,0.02058641975308642,14.00149917602539,0.6885496183206107,1.0839580209895052
343,1,19,1,32400,92,0.002839506172839506,12.315217971801758,0.07339449541284404,0.021739130434782608
343,1,19,2,32400,228,0.007037037037037037,15.9078950881958,0.5,0.5307017543859649
343,1,20,0,32400,796,0.024567901234567903,10.12060260772705,0.767616191904048,1.1670854271356783
343,1,20,1,32400,76,0.002345679012345679,9.828947067260742,0.03260869565217391,0.013157894736842105
343,1,20,2,32400,270,0.008333333333333333,9.518518447875977,0.618421052631579,0.6370370370370371
343,1,21,0,32400,867,0.02675925925925926,11.207612037658691,0.7487437185929648,1.2018454440599768
343,1,21,1,32400,91,0.002808641975308642,11.252747535705566,0.06578947368421052,0.02197802197802198
343,1,21,2,32400,314,0.009691358024691357,9.770700454711914,0.6222222222222222,0.6401273885350318
343,1,22,0,32400,951,0.02935185185185185,9.611987113952637,0.7716262975778547,1.2313354363827549
343,1,22,1,32400,97,0.002993827160493827,9.546391487121582,0.06593406593406594,0.010309278350515464
343,1,22,2,32400,367,0.01132716049382716,11.079018592834473,0.643312101910828,0.7111716621253406
343,1,23,0,32400,988,0.030493827160493828,8.747976303100586,0.7560462670872765,1.228744939271255
343,1,23,1,32400,92,0.002839506172839506,10.510869979858398,0.020618556701030927,0.0
343,1,23,2,32400,394,0.012160493827160494,8.18020248413086,0.6485013623978202,0.7131979695431472
343,1,24,0,32400,1086,0.03351851851851852,14.1058931350708,0.7803643724696356,1.2412523020257826
343,1,24,1,32400,84,0.0025925925925925925,16.2261905670166,0.05434782608695652,0.011904761904761904
343,1,24,2,32400,461,0.014228395061728395,16.57917594909668,0.682741116751269,0.7396963123644251
343,1,25,0,32400,1230,0.03796296296296296,8.126015663146973,0.8001841620626151,1.2528455284552846
343,1,25,1,32400,100,0.0030864197530864196,7.639999866485596,0.09523809523809523,0.01
343,1,25,2,32400,502,0.015493827160493827,8.507967948913574,0.6594360086767896,0.7390438247011952
343,1,26,0,32400,1318,0.040679012345679014,8.594841003417969,0.7886178861788617,1.255690440060698
343,1,26,1,32400,98,0.0030246913580246914,11.571428298950195,0.06,0.0
343,1,26,2,32400,516,0.015925925925925927,8.523255348205566,0.6593625498007968,0.7228682170542635
343,1,27,0,32400,1415,0.04367283950617284,22.84876251220703,0.7981790591805766,1.265017667844523
343,1,27,1,32400,79,0.0024382716049382715,29.658227920532227,0.061224489795918366,0.0
343,1,27,2,32400,530,0.016358024691358025,23.960378646850586,0.6395348837209303,0.7169811320754716
343,1,28,0,32400,1720,0.05308641975308642,12.573837280273438,0.8374558303886925,1.388953488372093
343,1,28,1,32400,95,0.002932098765432099,8.926316261291504,0.0759493670886076,0.021052631578947368
343,1,28,2,32400,709,0.021882716049382717,12.811001777648926,0.7150943396226415,0.7997179125528914
343,1,29,0,32400,1907,0.05885802469135802,20.540115356445312,0.8517441860465116,1.4226533822758258
343,1,29,1,32400,89,0.0027469135802469136,13.516854286193848,0.06315789473684211,0.02247191011235955
343,1,29,2,32400,822,0.02537037037037037,16.3929443359375,0.7052186177715092,0.8467153284671532
343,1,30,0,32400,2177,0.06719135802469135,30.604501724243164,0.8673308862087048,1.4644005512172715
343,1,30,1,32400,86,0.002654320987654321,18.511627197265625,0.07865168539325842,0.011627906976744186
343,1,30,2,32400,978,0.030185185185185186,33.140079498291016,0.7566909975669099,0.9458077709611452
343,1,31,0,32400,2472,0.07629629629629629,16.723705291748047,0.8791915480018374,1.5153721682847896
343,1,31,1,32400,106,0.003271604938271605,11.830188751220703,0.08139534883720931,0.0
343,1,31,2,32400,1157,0.035709876543209874,15.458946228027344,0.8087934560327198,0.9991356957649092
343,1,32,0,32400,2624,0.08098765432098766,24.12881088256836,0.8661003236245954,1.5384908536585367
343,1,32,1,32400,111,0.003425925925925926,8.900900840759277,0.08490566037735849,0.009009009009009009
343,1,32,2,32400,1281,0.03953703703703704,25.605775833129883,0.780466724286949,1.014832162373146
343,1,33,0,32400,2942,0.09080246913580246,8.990142822265625,0.8921493902439024,1.5734194425560843
343,1,33,1,32400,123,0.0037962962962962963,8.910569190979004,0.09009009009009009,0.016260162601626018
343,1,33,2,32400,1482,0.04574074074074074,9.723346710205078,0.7907884465261514,1.0620782726045883
343,1,34,0,32400,2936,0.09061728395061729,19.79904556274414,0.8470428280081577,1.4955722070844686
343,1,34,1,32400,88,0.0027160493827160493,32.25,0.056910569105691054,0.022727272727272728
343,1,34,2,32400,1479,0.045648148148148146,20.080459594726562,0.7597840755735492,1.035158891142664
343,1,35,0,32400,3132,0.09666666666666666,10.44061279296875,0.8736376021798365,1.500638569604087
343,1,35,1,32400,77,0.0023765432098765433,8.545454978942871,0.06818181818181818,0.0
343,1,35,2,32400,1582,0.04882716049382716,10.796460151672363,0.7924273157538878,1.034134007585335
343,2,1,0,32400,152,0.004691358024691358,13.651315689086914,-1.0,0.25
343,2,1,1,32400,102,0.003148148148148148,12.098039627075195,-1.0,0.0392156862745098
343,2,1,2,32400,42,0.0012962962962962963,14.35714340209961,-1.0,0.0
343,2,2,0,32400,191,0.005895061728395061,9.455497741699219,0.32894736842105265,0.2356020942408377
343,2,2,1,32400,89,0.0027469135802469136,14.831460952758789,0.06862745098039216,0.011235955056179775
343,2,2,2,32400,53,0.0016358024691358025,26.39622688293457,0.09523809523809523,0.0
343,2,3,0,32400,201,0.0062037037037037035,23.69154167175293,0.2931937172774869,0.24378109452736318
343,2,3,1,32400,72,0.0022222222222222222,21.20833396911621,0.0449438202247191,0.0
343,2,3,2,32400,56,0.0017283950617283952,25.678571701049805,0.05660377358490566,0.0
343,2,4,0,32400,259,0.007993827160493827,17.8223934173584,0.32338308457711445,0.25096525096525096
343,2,4,1,32400,90,0.002777777777777778,20.511112213134766,0.027777777777777776,0.0
343,2,4,2,32400,74,0.002283950617283951,14.932433128356934,0.10714285714285714,0.0
343,2,5,0,32400,237,0.007314814814814815,13.054851531982422,0.28185328185328185,0.2911392405063291
343,2,5,1,32400,101,0.003117283950617284,17.079208374023438,0.05555555555555555,0.0
343,2,5,2,32400,68,0.0020987654320987655,14.661765098571777,0.10810810810810811,0.014705882352941176
343,2,6,0,32400,263,0.008117283950617284,9.722433090209961,0.379746835443038,0.376425855513308
343,2,6,1,32400,106,0.003271604938271605,10.028302192687988,0.06930693069306931,0.009433962264150943
343,2,6,2,32400,63,0.0019444444444444444,8.063492774963379,0.08823529411764706,0.1111111111111111
343,2,7,0,32400,259,0.007993827160493827,11.050192832946777,0.38783269961977185,0.4555984555984556
343,2,7,1,32400,84,0.0025925925925925925,18.785715103149414,0.09433962264150944,0.0
343,2,7,2,32400,79,0.0024382716049382715,13.658227920532227,0.15873015873015872,0.05063291139240506
343,2,8,0,32400,268,0.008271604938271605,8.96641731262207,0.4247104247104247,0.48880597014925375
343,2,8,1,32400,88,0.0027160493827160493,8.784090995788574,0.023809523809523808,0.022727272727272728
343,2,8,2,32400,75,0.0023148148148148147,8.119999885559082,0.17721518987341772,0.13333333333333333
343,2,9,0,32400,234,0.007222222222222222,12.628205299377441,0.3843283582089552,0.4444444444444444
343,2,9,1,32400,96,0.002962962962962963,17.697917938232422,0.10227272727272728,0.0
343,2,9,2,32400,73,0.0022530864197530865,17.095890045166016,0.16,0.0958904109589041
343,2,10,0,32400,293,0.00904320987654321,11.051194190979004,0.45726495726495725,0.6279863481228669
343,2,10,1,32400,80,0.0024691358024691358,9.5625,0.08333333333333333,0.0125
343,2,10,2,32400,93,0.0028703703703703703,10.473118782043457,0.1780821917808219,0.24731182795698925
343,2,11,0,32400,299,0.009228395061728395,7.789297580718994,0.47440273037542663,0.6622073578595318
343,2,11,1,32400,96,0.002962962962962963,9.625,0.075,0.010416666666666666
343,2,11,2,32400,109,0.0033641975308641974,9.458715438842773,0.26881720430107525,0.3119266055045872
343,2,12,0,32400,291,0.008981481481481481,14.85223388671875,0.5117056856187291,0.7147766323024055
343,2,12,1,32400,106,0.003271604938271605,15.73585033416748,0.09375,0.018867924528301886
343,2,12,2,32400,99,0.0030555555555555557,9.151515007019043,0.30275229357798167,0.30303030303030304
343,2,13,0,32400,309,0.009537037037037037,8.255663871765137,0.5292096219931272,0.7249190938511327
343,2,13,1,32400,74,0.002283950617283951,9.40540599822998,0.05660377358490566,0.013513513513513514
343,2,13,2,32400,112,0.0034567901234567903,9.883929252624512,0.3434343434343434,0.30357142857142855
343,2,14,0,32400,325,0.010030864197530864,12.760000228881836,0.5210355987055016,0.7846153846153846
343,2,14,1,32400,98,0.0030246913580246914,9.326530456542969,0.0945945945945946,0.0
343,2,14,2,32400,113,0.003487654320987654,20.44247817993164,0.41964285714285715,0.37168141592920356
343,2,15,0,32400,423,0.013055555555555556,12.536643028259277,0.6430769230769231,0.8936170212765957
343,2,15,1,32400,88,0.0027160493827160493,10.772727966308594,0.08163265306122448,0.011363636363636364
343,2,15,2,32400,128,0.003950617283950617,11.6328125,0.4778761061946903,0.5234375
343,2,16,0,32400,475,0.014660493827160493,13.210526466369629,0.640661938534279,1.0210526315789474
343,2,16,1,32400,90,0.002777777777777778,10.833333969116211,0.06818181818181818,0.011111111111111112
343,2,16,2,32400,179,0.0055246913580246915,10.715083122253418,0.5546875,0.553072625698324
343,2,17,0,32400,501,0.015462962962962963,14.291417121887207,0.6378947368421053,0.9660678642714571
343,2,17,1,32400,77,0.0023765432098765433,23.259740829467773,0.05555555555555555,0.0
343,2,17,2,32400,183,0.005648148148148148,13.043715476989746,0.5698324022346368,0.7158469945355191
343,2,18,0,32400,590,0.018209876543209876,15.699999809265137,0.6826347305389222,1.0084745762711864
343,2,18,1,32400,84,0.0025925925925925925,9.940476417541504,0.07792207792207792,0.011904761904761904
343,2,18,2,32400,205,0.006327160493827161,10.278048515319824,0.5956284153005464,0.6
343,2,19,0,32400,621,0.019166666666666665,15.09500789642334,0.6576271186440678,1.0128824476650564
343,2,19,1,32400,80,0.0024691358024691358,13.5625,0.047619047619047616,0.0
343,2,19,2,32400,212,0.00654320987654321,18.83490562438965,0.551219512195122,0.7028301886792453
343,2,20,0,32400,721,0.022253086419753085,11.843273162841797,0.6940418679549114,1.0901525658807212
343,2,20,1,32400,90,0.002777777777777778,9.533333778381348,0.075,0.0
343,2,20,2,32400,267,0.008240740740740741,9.640449523925781,0.6179245283018868,0.8127340823970037
343,2,21,0,32400,745,0.022993827160493828,10.440268516540527,0.7073509015256588,1.185234899328859
343,2,21,1,32400,74,0.002283950617283951,11.094594955444336,0.05555555555555555,0.0
343,2,21,2,32400,316,0.009753086419753086,10.648734092712402,0.6666666666666666,0.810126582278481
343,2,22,0,32400,802,0.024753086419753087,10.1309232711792,0.7610738255033557,1.2793017456359101
343,2,22,1,32400,88,0.0027160493827160493,11.522727966308594,0.013513513513513514,0.0
343,2,22,2,32400,347,0.010709876543209877,10.319884300231934,0.6518987341772152,0.7953890489913544
343,2,23,0,32400,835,0.025771604938271606,8.774850845336914,0.7518703241895262,1.2574850299401197
343,2,23,1,32400,81,0.0025,6.925926208496094,0.011363636363636364,0.024691358024691357
343,2,23,2,32400,370,0.011419753086419753,8.440540313720703,0.6628242074927954,0.8405405405405405
343,2,24,0,32400,864,0.02666666666666667,13.057870864868164,0.7736526946107785,1.3171296296296295
343,2,24,1,32400,74,0.002283950617283951,24.783784866333008,0.06172839506172839,0.02702702702702703
343,2,24,2,32400,388,0.011975308641975308,12.78608226776123,0.6756756756756757,0.8634020618556701
343,2,25,0,32400,893,0.027561728395061727,7.880179405212402,0.7719907407407407,1.3057110862262038
343,2,25,1,32400,88,0.0027160493827160493,6.034090995788574,0.08108108108108109,0.0
343,2,25,2,32400,409,0.012623456790123456,8.30073356628418,0.6958762886597938,0.8288508557457213
343,2,26,0,32400,894,0.027592592592592592,8.36017894744873,0.761478163493841,1.2583892617449663
343,2,26,1,32400,91,0.002808641975308642,12.494505882263184,0.022727272727272728,0.0
343,2,26,2,32400,399,0.012314814814814815,8.328320503234863,0.6528117359413202,0.7644110275689223
343,2,27,0,32400,963,0.029722222222222223,21.14226531982422,0.7774049217002237,1.2232606438213915
343,2,27,1,32400,97,0.002993827160493827,17.19587516784668,0.08791208791208792,0.0
343,2,27,2,32400,423,0.013055555555555556,28.617023468017578,0.6791979949874687,0.7777777777777778
343,2,28,0,32400,1139,0.03515432098765432,12.220369338989258,0.8110072689511942,1.3713784021071116
343,2,28,1,32400,84,0.0025925925925925925,10.34523868560791,0.05154639175257732,0.03571428571428571
343,2,28,2,32400,505,0.01558641975308642,11.984158515930176,0.7281323877068558,0.904950495049505
343,2,29,0,32400,1193,0.036820987654320986,18.623638153076172,0.8121158911325724,1.4400670578373846
343,2,29,1,32400,97,0.002993827160493827,18.144330978393555,0.09523809523809523,0.010309278350515464
343,2,29,2,32400,582,0.017962962962962962,23.651206970214844,0.7504950495049505,0.9123711340206185
343,2,30,0,32400,1388,0.042839506172839506,30.760805130004883,0.865046102263202,1.4654178674351586
343,2,30,1,32400,90,0.002777777777777778,9.45555591583252,0.09278350515463918,0.0
343,2,30,2,32400,696,0.02148148148148148,17.445402145385742,0.7697594501718213,0.9841954022988506
343,2,31,0,32400,1518,0.04685185185185185,18.016469955444336,0.8559077809798271,1.4861660079051384
343,2,31,1,32400,86,0.002654320987654321,15.616278648376465,0.06666666666666667,0.011627906976744186
343,2,31,2,32400,771,0.023796296296296298,15.00518798828125,0.7528735632183908,0.9883268482490273
343,2,32,0,32400,1664,0.05135802469135802,22.639423370361328,0.8563899868247694,1.4639423076923077
343,2,32,1,32400,98,0.0030246913580246914,24.775508880615234,0.09302325581395349,0.01020408163265306
343,2,32,2,32400,835,0.025771604938271606,22.53413200378418,0.7535667963683528,0.9413173652694611
343,2,33,0,32400,1877,0.0579320987654321,9.369206428527832,0.8635817307692307,1.4784230154501865
343,2,33,1,32400,107,0.0033024691358024692,8.476634979248047,0.07142857142857142,0.0
343,2,33,2,32400,971,0.029969135802469137,9.664263725280762,0.7856287425149701,1.035015447991761
343,2,34,0,32400,1918,0.05919753086419753,23.020854949951172,0.8268513585508791,1.475495307612096
343,2,34,1,32400,85,0.002623456790123457,31.5294132232666,0.056074766355140186,0.0
343,2,34,2,32400,965,0.02978395061728395,28.277721405029297,0.7322348094747683,0.9865284974093265
343,2,35,0,32400,2070,0.06388888888888888,9.604830741882324,0.8503649635036497,1.4859903381642512
343,2,35,1,32400,80,0.0024691358024691358,10.925000190734863,0.07058823529411765,0.0125
343,2,35,2,32400,1112,0.03432098765432099,8.55125904083252,0.7937823834196891,1.0368705035971224
343,3,1,0,32400,173,0.0053395061728395065,17.43352699279785,-1.0,0.2947976878612717
343,3,1,1,32400,97,0.002993827160493827,17.226802825927734,-1.0,0.0
343,3,1,2,32400,36,0.0011111111111111111,9.916667938232422,-1.0,0.0
343,3,2,0,32400,207,0.006388888888888889,10.09661865234375,0.3815028901734104,0.27053140096618356
343,3,2,1,32400,102,0.003148148148148148,10.098039627075195,0.041237113402061855,0.0
343,3,2,2,32400,52,0.0016049382716049382,12.269230842590332,0.08333333333333333,0.0
343,3,3,0,32400,200,0.006172839506172839,19.334999084472656,0.2898550724637681,0.255
343,3,3,1,32400,76,0.002345679012345679,27.61842155456543,0.058823529411764705,0.0
343,3,3,2,32400,58,0.0017901234567901235,10.465517044067383,0.057692307692307696,0.017241379310344827
343,3,4,0,32400,196,0.006049382716049383,25.59183692932129,0.26,0.1989795918367347
343,3,4,1,32400,91,0.002808641975308642,32.4945068359375,0.05263157894736842,0.0
343,3,4,2,32400,50,0.0015432098765432098,7.739999771118164,0.06896551724137931,0.0
343,3,5,0,32400,208,0.006419753086419753,11.975961685180664,0.3010204081632653,0.22596153846153846
343,3,5,1,32400,98,0.0030246913580246914,8.581632614135742,0.07692307692307693,0.01020408163265306
343,3,5,2,32400,59,0.0018209876543209876,11.305085182189941,0.04,0.01694915254237288
343,3,6,0,32400,246,0.007592592592592593,8.44715404510498,0.375,0.26422764227642276
343,3,6,1,32400,100,0.0030864197530864196,8.429999351501465,0.061224489795918366,0.01
343,3,6,2,32400,60,0.001851851851851852,9.816667556762695,0.06779661016949153,0.0
343,3,7,0,32400,233,0.0071913580246913585,15.888413429260254,0.3780487804878049,0.36909871244635195
343,3,7,1,32400,92,0.002839506172839506,12.880434036254883,0.03,0.0
343,3,7,2,32400,56,0.0017283950617283952,13.017858505249023,0.08333333333333333,0.0
343,3,8,0,32400,270,0.008333333333333333,7.577777862548828,0.40772532188841204,0.42592592592592593
343,3,8,1,32400,96,0.002962962962962963,8.28125,0.07608695652173914,0.010416666666666666
343,3,8,2,32400,64,0.0019753086419753087,7.765625,0.07142857142857142,0.0
343,3,9,0,32400,233,0.0071913580246913585,10.047210693359375,0.36666666666666664,0.3218884120171674
343,3,9,1,32400,85,0.002623456790123457,17.082353591918945,0.0625,0.023529411764705882
343,3,9,2,32400,68,0.0020987654320987655,6.5,0.09375,0.029411764705882353
343,3,10,0,32400,247,0.007623456790123457,13.530364990234375,0.3648068669527897,0.3967611336032389
343,3,10,1,32400,85,0.002623456790123457,11.317646980285645,0.09411764705882353,0.0
343,3,10,2,32400,55,0.0016975308641975309,5.81818151473999,0.14705882352941177,0.0
343,3,11,0,32400,277,0.008549382716049382,11.086642265319824,0.42105263157894735,0.4729241877256318
343,3,11,1,32400,103,0.0031790123456790125,8.038834571838379,0.09411764705882353,0.0
343,3,11,2,32400,65,0.002006172839506173,10.2615385055542,0.09090909090909091,0.06153846153846154
343,3,12,0,32400,267,0.008240740740740741,14.209737777709961,0.4296028880866426,0.4794007490636704
343,3,12,1,32400,95,0.002932098765432099,8.389473915100098,0.019417475728155338,0.0
343,3,12,2,32400,72,0.0022222222222222222,12.777777671813965,0.12307692307692308,0.06944444444444445
343,3,13,0,32400,301,0.009290123456790124,9.129568099975586,0.46441947565543074,0.5681063122923588
343,3,13,1,32400,88,0.0027160493827160493,8.931818008422852,0.05263157894736842,0.03409090909090909
343,3,13,2,32400,76,0.002345679012345679,10.223684310913086,0.1527777777777778,0.10526315789473684
343,3,14,0,32400,289,0.008919753086419752,12.269896507263184,0.45514950166112955,0.6020761245674741
343,3,14,1,32400,94,0.0029012345679012346,13.010638236999512,0.03409090909090909,0.010638297872340425
343,3,14,2,32400,85,0.002623456790123457,8.341176986694336,0.14473684210526316,0.11764705882352941
343,3,15,0,32400,318,0.009814814814814814,11.399371147155762,0.5121107266435986,0.6572327044025157
343,3,15,1,32400,78,0.0024074074074074076,13.51282024383545,0.02127659574468085,0.01282051282051282
343,3,15,2,32400,73,0.0022530864197530865,14.095890045166016,0.16470588235294117,0.136986301369863
343,3,16,0,32400,341,0.01052469135802469,19.293258666992188,0.4968553459119497,0.6304985337243402
343,3,16,1,32400,103,0.0031790123456790125,11.961165428161621,0.038461538461538464,0.0
343,3,16,2,32400,107,0.0033024691358024692,12.794392585754395,0.3013698630136986,0.205607476635514
343,3,17,0,32400,356,0.010987654320987654,11.044943809509277,0.5102639296187683,0.7612359550561798
343,3,17,1,32400,73,0.0022530864197530865,27.24657440185547,0.05825242718446602,0.0
343,3,17,2,32400,115,0.0035493827160493828,14.07826042175293,0.32710280373831774,0.25217391304347825
343,3,18,0,32400,382,0.011790123456790123,13.256545066833496,0.5561797752808989,0.7879581151832461
343,3,18,1,32400,80,0.0024691358024691358,12.612500190734863,0.0958904109589041,0.0
343,3,18,2,32400,113,0.003487654320987654,14.61061954498291,0.34782608695652173,0.36283185840707965
343,3,19,0,32400,425,0.013117283950617283,14.981175422668457,0.6099476439790575,0.9388235294117647
343,3,19,1,32400,85,0.002623456790123457,10.117647171020508,0.1,0.011764705882352941
343,3,19,2,32400,125,0.0038580246913580245,14.008000373840332,0.415929203539823,0.32
343,3,20,0,32400,503,0.015524691358024692,9.168985366821289,0.6541176470588236,1.0139165009940359
343,3,20,1,32400,89,0.0027469135802469136,7.573033809661865,0.07058823529411765,0.02247191011235955
343,3,20,2,32400,150,0.004629629629629629,8.686666488647461,0.496,0.5266666666666666
343,3,21,0,32400,496,0.015308641975308642,10.362902641296387,0.6262425447316103,0.9576612903225806
343,3,21,1,32400,81,0.0025,14.54321002960205,0.07865168539325842,0.0
343,3,21,2,32400,190,0.005864197530864198,11.300000190734863,0.52,0.5157894736842106
343,3,22,0,32400,528,0.016296296296296295,9.880681991577148,0.6612903225806451,1.0075757575757576
343,3,22,1,32400,96,0.002962962962962963,9.395833969116211,0.06172839506172839,0.010416666666666666
343,3,22,2,32400,188,0.005802469135802469,10.510638236999512,0.5105263157894737,0.6063829787234043
343,3,23,0,32400,538,0.01660493827160494,9.929368019104004,0.6799242424242424,1.050185873605948
343,3,23,1,32400,81,0.0025,9.938271522521973,0.041666666666666664,0.012345679012345678
343,3,23,2,32400,212,0.00654320987654321,7.783019065856934,0.5585106382978723,0.49528301886792453
343,3,24,0,32400,617,0.01904320987654321,13.959481239318848,0.7527881040892194,1.1815235008103728
343,3,24,1,32400,85,0.002623456790123457,6.894117832183838,0.024691358024691357,0.0
343,3,24,2,32400,221,0.006820987654320988,6.873303413391113,0.5377358490566038,0.5113122171945701
343,3,25,0,32400,655,0.02021604938271605,7.752671718597412,0.7423014586709886,1.213740458015267
343,3,25,1,32400,95,0.002932098765432099,8.789474487304688,0.023529411764705882,0.0
343,3,25,2,32400,244,0.007530864197530864,7.80327844619751,0.5384615384615384,0.5614754098360656
343,3,26,0,32400,657,0.020277777777777777,8.23439884185791,0.7175572519083969,1.1659056316590564
343,3,26,1,32400,100,0.0030864197530864196,9.4399995803833,0.07368421052631578,0.0
343,3,26,2,32400,261,0.008055555555555555,7.973179817199707,0.5983606557377049,0.578544061302682
343,3,27,0,32400,669,0.020648148148148148,26.026905059814453,0.710806697108067,1.1345291479820627
343,3,27,1,32400,80,0.0024691358024691358,35.26250457763672,0.02,0.0
343,3,27,2,32400,274,0.00845679012345679,19.88686180114746,0.632183908045977,0.6496350364963503
343,3,28,0,32400,826,0.025493827160493827,11.153753280639648,0.7862481315396114,1.225181598062954
343,3,28,1,32400,79,0.0024382716049382715,12.96202564239502,0.05,0.0
343,3,28,2,32400,365,0.011265432098765432,13.126028060913086,0.6715328467153284,0.7452054794520548
343,3,29,0,32400,882,0.02722222222222222,21.088436126708984,0.7554479418886199,1.2709750566893423
343,3,29,1,32400,74,0.002283950617283951,10.283783912658691,0.0759493670886076,0.0
343,3,29,2,32400,391,0.0120679012345679,20.335039138793945,0.6438356164383562,0.80306905370844
343,3,30,0,32400,1019,0.03145061728395062,29.961727142333984,0.8095238095238095,1.3650637880274779
343,3,30,1,32400,72,0.0022222222222222222,22.513891220092773,0.05405405405405406,0.0
343,3,30,2,32400,464,0.014320987654320988,23.875,0.7084398976982097,0.9073275862068966
343,3,31,0,32400,1127,0.03478395061728395,18.111801147460938,0.8155053974484789,1.3487133984028394
343,3,31,1,32400,67,0.002067901234567901,20.074628829956055,0.013888888888888888,0.0
343,3,31,2,32400,533,0.016450617283950617,15.05440902709961,0.7586206896551724,0.9643527204502814
343,3,32,0,32400,1174,0.03623456790123457,23.283645629882812,0.7772848269742679,1.3739352640545144
343,3,32,1,32400,94,0.0029012345679012346,20.287233352661133,0.08955223880597014,0.02127659574468085
343,3,32,2,32400,571,0.017623456790123455,20.844133377075195,0.7185741088180112,0.9719789842381786
343,3,33,0,32400,1334,0.04117283950617284,9.523988723754883,0.8304940374787053,1.4032983508245878
343,3,33,1,32400,85,0.002623456790123457,9.388235092163086,0.05319148936170213,0.011764705882352941
343,3,33,2,32400,652,0.020123456790123458,8.907975196838379,0.7425569176882661,0.9984662576687117
343,3,34,0,32400,1363,0.042067901234567905,23.90022087097168,0.8035982008995503,1.408657373440939
343,3,34,1,32400,75,0.0023148148148148147,15.453333854675293,0.058823529411764705,0.013333333333333334
343,3,34,2,32400,660,0.020370370370370372,28.889392852783203,0.7039877300613497,1.0196969696969698
343,3,35,0,32400,1485,0.04583333333333333,9.77104377746582,0.8305209097578871,1.4215488215488215
343,3,35,1,32400,87,0.002685185185185185,8.758620262145996,0.08,0.05747126436781609
343,3,35,2,32400,744,0.022962962962962963,10.47311782836914,0.7878787878787878,1.028225806451613
344,0,1,0,32400,167,0.005154320987654321,12.455090522766113,-1.0,0.31137724550898205
344,0,1,1,32400,93,0.0028703703703703703,9.5591402053833,-1.0,0.021505376344086023
344,0,1,2,32400,45,0.001388888888888889,23.377779006958008,-1.0,0.022222222222222223
344,0,2,0,32400,217,0.0066975308641975305,13.686635971069336,0.3532934131736527,0.35944700460829493
344,0,2,1,32400,100,0.0030864197530864196,6.940000057220459,0.06451612903225806,0.0
344,0,2,2,32400,51,0.001574074074074074,23.254901885986328,0.13333333333333333,0.0
344,0,3,0,32400,206,0.006358024691358025,18.5,0.31336405529953915,0.32038834951456313
344,0,3,1,32400,101,0.003117283950617284,7.782177925109863,0.07,0.009900990099009901
344,0,3,2,32400,59,0.0018209876543209876,10.779661178588867,0.11764705882352941,0.0
344,0,4,0,32400,263,0.008117283950617284,14.627376556396484,0.3592233009708738,0.3726235741444867
344,0,4,1,32400,85,0.002623456790123457,10.623529434204102,0.04950495049504951,0.0
344,0,4,2,32400,59,0.0018209876543209876,15.186441421508789,0.05084745762711865,0.03389830508474576
344,0,5,0,32400,277,0.008549382716049382,10.682310104370117,0.4068441064638783,0.41155234657039713
344,0,5,1,32400,87,0.002685185185185185,12.494253158569336,0.047058823529411764,0.0
344,0,5,2,32400,67,0.002067901234567901,8.522387504577637,0.13559322033898305,0.04477611940298507
344,0,6,0,32400,278,0.008580246913580248,16.00719451904297,0.4151624548736462,0.4568345323741007
344,0,6,1,32400,94,0.0029012345679012346,15.329788208007812,0.16091954022988506,0.0
344,0,6,2,32400,67,0.002067901234567901,21.611940383911133,0.11940298507462686,0.05970149253731343
344,0,7,0,32400,307,0.009475308641975308,11.312703132629395,0.4676258992805755,0.498371335504886
344,0,7,1,32400,74,0.002283950617283951,11.067567825317383,0.031914893617021274,0.013513513513513514
344,0,7,2,32400,84,0.0025925925925925925,10.809523582458496,0.14925373134328357,0.09523809523809523
344,0,8,0,32400,316,0.009753086419753086,16.376583099365234,0.46905537459283386,0.5189873417721519
344,0,8,1,32400,112,0.0034567901234567903,16.223215103149414,0.06756756756756757,0.017857142857142856
344,0,8,2,32400,88,0.0027160493827160493,8.045454978942871,0.20238095238095238,0.14772727272727273
344,0,9,0,32400,374,0.01154320987654321,11.310160636901855,0.5158227848101266,0.6203208556149733
344,0,9,1,32400,92,0.002839506172839506,18.369565963745117,0.08035714285714286,0.021739130434782608
344,0,9,2,32400,92,0.002839506172839506,15.184782981872559,0.26136363636363635,0.16304347826086957
344,0,10,0,32400,410,0.012654320987654321,11.495121955871582,0.5481283422459893,0.6731707317073171
344,0,10,1,32400,97,0.002993827160493827,6.216494560241699,0.09782608695652174,0.010309278350515464
344,0,10,2,32400,125,0.0038580246913580245,10.008000373840332,0.33695652173913043,0.216
344,0,11,0,32400,396,0.012222222222222223,10.17424201965332,0.5121951219512195,0.7323232323232324
344,0,11,1,32400,78,0.0024074074074074076,14.435897827148438,0.05154639175257732,0.02564102564102564
344,0,11,2,32400,126,0.0038888888888888888,31.047624588012695,0.368,0.23015873015873015
344,0,12,0,32400,412,0.01271604938271605,8.60194206237793,0.5202020202020202,0.662621359223301
344,0,12,1,32400,71,0.002191358024691358,5.661971569061279,0.0641025641025641,0.014084507042253521
344,0,12,2,32400,114,0.0035185185185185185,7.947368621826172,0.2777777777777778,0.20175438596491227
344,0,13,0,32400,406,0.012530864197530864,12.448275566101074,0.5242718446601942,0.7536945812807881
344,0,13,1,32400,92,0.002839506172839506,15.55434799194336,0.08450704225352113,0.0
344,0,13,2,32400,125,0.0038580246913580245,11.815999984741211,0.3508771929824561,0.224
344,0,14,0,32400,482,0.014876543209876544,14.867220878601074,0.6009852216748769,0.7406639004149378
344,0,14,1,32400,97,0.002993827160493827,9.360824584960938,0.06521739130434782,0.010309278350515464
344,0,14,2,32400,142,0.004382716049382716,12.985915184020996,0.416,0.352112676056338
344,0,15,0,32400,558,0.017222222222222222,9.661290168762207,0.6203319502074689,0.8512544802867383
344,0,15,1,32400,68,0.0020987654320987655,18.808826446533203,0.010309278350515464,0.0
344,0,15,2,32400,170,0.005246913580246914,17.29412078857422,0.5,0.4588235294117647
344,0,16,0,32400,577,0.017808641975308643,16.568456649780273,0.6057347670250897,0.9410745233968805
344,0,16,1,32400,81,0.0025,12.407407760620117,0.07352941176470588,0.0
344,0,16,2,32400,180,0.005555555555555556,26.266666412353516,0.4823529411764706,0.55
344,0,17,0,32400,691,0.02132716049382716,12.59189510345459,0.707105719237435,1.0347322720694645
344,0,17,1,32400,78,0.0024074074074074076,12.833333969116211,0.04938271604938271,0.0
344,0,17,2,32400,254,0.007839506172839506,10.881889343261719,0.5722222222222222,0.6732283464566929
344,0,18,0,32400,705,0.02175925925925926,14.931914329528809,0.658465991316932,1.0666666666666667
344,0,18,1,32400,81,0.0025,16.95061683654785,0.038461538461538464,0.0
344,0,18,2,32400,241,0.007438271604938272,14.721992492675781,0.5275590551181102,0.6680497925311203
344,0,19,0,32400,826,0.025493827160493827,9.938257217407227,0.7361702127659574,1.116222760290557
344,0,19,1,32400,88,0.0027160493827160493,11.0,0.08641975308641975,0.011363636363636364
344,0,19,2,32400,279,0.008611111111111111,9.172042846679688,0.6348547717842323,0.7670250896057348
344,0,20,0,32400,810,0.025,12.055556297302246,0.6912832929782082,1.1358024691358024
344,0,20,1,32400,71,0.002191358024691358,7.352112770080566,0.09090909090909091,0.0
344,0,20,2,32400,290,0.008950617283950617,8.634482383728027,0.6164874551971327,0.6586206896551724
344,0,21,0,32400,867,0.02675925925925926,10.164936065673828,0.745679012345679,1.146482122260669
344,0,21,1,32400,83,0.0025617283950617282,10.09638500213623,0.056338028169014086,0.0
344,0,21,2,32400,319,0.00984567901234568,8.63636302947998,0.6655172413793103,0.664576802507837
344,0,22,0,32400,927,0.02861111111111111,8.285867691040039,0.754325259515571,1.1477885652642934
344,0,22,1,32400,86,0.002654320987654321,7.093023300170898,0.024096385542168676,0.011627906976744186
344,0,22,2,32400,331,0.01021604938271605,9.64350414276123,0.6144200626959248,0.6404833836858006
344,0,23,0,32400,948,0.02925925925925926,15.919830322265625,0.7357065803667745,1.1877637130801688
344,0,23,1,32400,87,0.002685185185185185,15.873562812805176,0.046511627906976744,0.0
344,0,23,2,32400,383,0.011820987654320988,14.97127914428711,0.649546827794562,0.7676240208877284
344,0,24,0,32400,1046,0.03228395061728395,7.895793437957764,0.8027426160337553,1.2619502868068833
344,0,24,1,32400,94,0.0029012345679012346,5.8510637283325195,0.022988505747126436,0.010638297872340425
344,0,24,2,32400,427,0.013179012345679012,7.943793773651123,0.7049608355091384,0.8243559718969555
344,0,25,0,32400,1026,0.03166666666666667,8.996101379394531,0.7590822179732314,1.1929824561403508
344,0,25,1,32400,93,0.0028703703703703703,7.935483932495117,0.031914893617021274,0.0
344,0,25,2,32400,437,0.013487654320987655,8.947367668151855,0.6768149882903981,0.7574370709382151
344,0,26,0,32400,1042,0.03216049382716049,26.589250564575195,0.7719298245614035,1.2428023032629558
344,0,26,1,32400,97,0.002993827160493827,12.75257682800293,0.03225806451612903,0.010309278350515464
344,0,26,2,32400,453,0.013981481481481482,21.35982322692871,0.6453089244851259,0.6777041942604857
344,0,27,0,32400,1266,0.039074074074074074,13.220378875732422,0.836852207293666,1.3048973143759874
344,0,27,1,32400,79,0.0024382716049382715,11.97468376159668,0.07216494845360824,0.02531645569620253
344,0,27,2,32400,544,0.016790123456790124,13.534926414489746,0.7108167770419426,0.8621323529411765
344,0,28,0,32400,1394,0.04302469135802469,17.1979923248291,0.8151658767772512,1.3407460545193688
344,0,28,1,32400,97,0.002993827160493827,37.041236877441406,0.02531645569620253,0.020618556701030927
344,0,28,2,32400,614,0.018950617283950616,19.405536651611328,0.7408088235294118,0.8859934853420195
344,0,29,0,32400,1581,0.048796296296296296,27.156862258911133,0.8314203730272597,1.3440860215053763
344,0,29,1,32400,88,0.0027160493827160493,10.034090995788574,0.08247422680412371,0.0
344,0,29,2,32400,704,0.021728395061728394,29.410512924194336,0.757328990228013,0.9517045454545454
344,0,30,0,32400,1790,0.055246913580246915,15.651395797729492,0.8355471220746363,1.4324022346368714
344,0,30,1,32400,103,0.0031790123456790125,9.339805603027344,0.07954545454545454,0.0
344,0,30,2,32400,804,0.024814814814814814,17.361940383911133,0.7627840909090909,0.9912935323383084
344,0,31,0,32400,1962,0.06055555555555556,22.77522850036621,0.8346368715083798,1.4097859327217126
344,0,31,1,32400,100,0.0030864197530864196,17.329999923706055,0.07766990291262135,0.0
344,0,31,2,32400,842,0.025987654320987656,24.872922897338867,0.7288557213930348,0.9667458432304038
344,0,32,0,32400,2250,0.06944444444444445,9.040444374084473,0.8506625891946993,1.42
344,0,32,1,32400,86,0.002654320987654321,11.418604850769043,0.1,0.0
344,0,32,2,32400,1004,0.030987654320987653,9.726096153259277,0.7612826603325415,0.9860557768924303
344,0,33,0,32400,2297,0.07089506172839506,23.737049102783203,0.816,1.4061819764910752
344,0,33,1,32400,72,0.0022222222222222222,12.38888931274414,0.046511627906976744,0.027777777777777776
344,0,33,2,32400,998,0.03080246913580247,26.56112289428711,0.7300796812749004,0.9178356713426854
344,0,34,0,32400,2486,0.07672839506172839,9.625503540039062,0.8424031345232913,1.420756234915527
344,0,34,1,32400,97,0.002993827160493827,6.886597633361816,0.041666666666666664,0.010309278350515464
344,0,34,2,32400,1129,0.03484567901234568,10.076173782348633,0.7525050100200401,0.91674047829938
344,0,35,0,32400,2571,0.07935185185185185,14.210424423217773,0.835076427996782,1.4301828082458188
344,0,35,1,32400,74,0.002283950617283951,13.162162780761719,0.030927835051546393,0.0
344,0,35,2,32400,1136,0.03506172839506173,13.775527954101562,0.7245349867139061,0.9058098591549296
344,1,1,0,32400,191,0.005895061728395061,11.057591438293457,-1.0,0.4397905759162304
344,1,1,1,32400,99,0.0030555555555555557,8.333333015441895,-1.0,0.04040404040404041
344,1,1,2,32400,62,0.0019135802469135803,10.129032135009766,-1.0,0.0
344,1,2,0,32400,227,0.007006172839506173,20.458148956298828,0.4293193717277487,0.4845814977973568
344,1,2,1,32400,108,0.0033333333333333335,17.018518447875977,0.020202020202020204,0.037037037037037035
344,1,2,2,32400,72,0.0022222222222222222,20.98611068725586,0.04838709677419355,0.05555555555555555
344,1,3,0,32400,279,0.008611111111111111,18.512544631958008,0.44052863436123346,0.4229390681003584
344,1,3,1,32400,86,0.002654320987654321,8.04651165008545,0.037037037037037035,0.023255813953488372
344,1,3,2,32400,62,0.0019135802469135803,24.596773147583008,0.06944444444444445,0.016129032258064516
344,1,4,0,32400,279,0.008611111111111111,12.645161628723145,0.3906810035842294,0.5304659498207885
344,1,4,1,32400,99,0.0030555555555555557,12.808080673217773,0.05813953488372093,0.020202020202020204
344,1,4,2,32400,69,0.0021296296296296298,15.014494895935059,0.11290322580645161,0.028985507246376812
344,1,5,0,32400,309,0.009537037037037037,10.249191284179688,0.4910394265232975,0.6472491909385113
344,1,5,1,32400,81,0.0025,7.913580417633057,0.08080808080808081,0.0
344,1,5,2,32400,77,0.0023765432098765433,8.98701286315918,0.2463768115942029,0.09090909090909091
344,1,6,0,32400,315,0.009722222222222222,11.926983833312988,0.4919093851132686,0.5904761904761905
344,1,6,1,32400,100,0.0030864197530864196,14.639999389648438,0.08641975308641975,0.01
344,1,6,2,32400,95,0.002932098765432099,21.842105865478516,0.2857142857142857,0.15789473684210525
344,1,7,0,32400,360,0.011111111111111112,9.51111125946045,0.5079365079365079,0.7111111111111111
344,1,7,1,32400,81,0.0025,8.518518447875977,0.05,0.024691358024691357
344,1,7,2,32400,95,0.002932098765432099,11.778947830200195,0.29473684210526313,0.22105263157894736
344,1,8,0,32400,351,0.010833333333333334,17.216524124145508,0.5222222222222223,0.8433048433048433
344,1,8,1,32400,91,0.002808641975308642,12.329670906066895,0.06172839506172839,0.0
344,1,8,2,32400,100,0.0030864197530864196,17.709999084472656,0.3263157894736842,0.16
344,1,9,0,32400,446,0.013765432098765433,11.724215507507324,0.6581196581196581,0.8542600896860987
344,1,9,1,32400,109,0.0033641975308641974,7.247705936431885,0.04395604395604396,0.0
344,1,9,2,32400,109,0.0033641975308641974,10.357797622680664,0.35,0.3211009174311927
344,1,10,0,32400,481,0.014845679012345679,10.47401237487793,0.6233183856502242,0.8856548856548857
344,1,10,1,32400,97,0.002993827160493827,9.422679901123047,0.045871559633027525,0.010309278350515464
344,1,10,2,32400,121,0.0037345679012345677,14.107437133789062,0.4036697247706422,0.32231404958677684
344,1,11,0,32400,468,0.014444444444444444,12.435897827148438,0.6112266112266113,0.9487179487179487
344,1,11,1,32400,92,0.002839506172839506,8.282608985900879,0.05154639175257732,0.0
344,1,11,2,32400,135,0.004166666666666667,8.674074172973633,0.45454545454545453,0.362962962962963
344,1,12,0,32400,497,0.015339506172839506,9.625754356384277,0.6260683760683761,0.9496981891348089
344,1,12,1,32400,80,0.0024691358024691358,9.800000190734863,0.021739130434782608,0.0
344,1,12,2,32400,130,0.004012345679012346,9.55384635925293,0.37777777777777777,0.35384615384615387
344,1,13,0,32400,513,0.015833333333333335,13.097465515136719,0.641851106639839,1.0662768031189085
344,1,13,1,32400,67,0.002067901234567901,11.373133659362793,0.0875,0.0
344,1,13,2,32400,158,0.004876543209876543,10.253165245056152,0.4230769230769231,0.41139240506329117
344,1,14,0,32400,553,0.0170679012345679,11.85352611541748,0.6900584795321637,1.1139240506329113
344,1,14,1,32400,82,0.0025308641975308644,11.707316398620605,0.029850746268656716,0.012195121951219513
344,1,14,2,32400,206,0.006358024691358025,13.640776634216309,0.5506329113924051,0.6407766990291263
344,1,15,0,32400,650,0.020061728395061727,16.836925506591797,0.7142857142857143,1.0753846153846154
344,1,15,1,32400,90,0.002777777777777778,12.533333778381348,0.04878048780487805,0.022222222222222223
344,1,15,2,32400,230,0.0070987654320987656,13.947826385498047,0.5728155339805825,0.5478260869565217
344,1,16,0,32400,680,0.020987654320987655,15.71176528930664,0.6953846153846154,1.113235294117647
344,1,16,1,32400,82,0.0025308641975308644,7.268292427062988,0.07777777777777778,0.0
344,1,16,2,32400,252,0.0077777777777777776,19.436508178710938,0.5956521739130435,0.5873015873015873
344,1,17,0,32400,788,0.02432098765432099,12.701776504516602,0.7426470588235294,1.1560913705583757
344,1,17,1,32400,99,0.0030555555555555557,13.707070350646973,0.012195121951219513,0.0
344,1,17,2,32400,305,0.009413580246913581,14.009836196899414,0.6309523809523809,0.6950819672131148
344,1,18,0,32400,815,0.02515432098765432,12.355828285217285,0.6967005076142132,1.150920245398773
344,1,18,1,32400,90,0.002777777777777778,12.577777862548828,0.020202020202020204,0.0
344,1,18,2,32400,315,0.009722222222222222,12.771429061889648,0.6,0.6952380952380952
344,1,19,0,32400,900,0.027777777777777776,11.727778434753418,0.7644171779141105,1.2433333333333334
344,1,19,1,32400,93,0.0028703703703703703,12.90322494506836,0.07777777777777778,0.010752688172043012
344,1,19,2,32400,358,0.011049382716049383,9.68994426727295,0.6349206349206349,0.7458100558659218
344,1,20,0,32400,981,0.03027777777777778,12.827726364135742,0.7744444444444445,1.269113149847095
344,1,20,1,32400,87,0.002685185185185185,11.22988510131836,0.06451612903225806,0.0
344,1,20,2,32400,363,0.011203703703703704,12.349862098693848,0.6340782122905028,0.7107438016528925
344,1,21,0,32400,1084,0.033456790123456794,9.322877883911133,0.7930682976554536,1.2961254612546125
344,1,21,1,32400,94,0.0029012345679012346,8.989361763000488,0.10344827586206896,0.010638297872340425
344,1,21,2,32400,406,0.012530864197530864,7.940886497497559,0.6942148760330579,0.7536945812807881
344,1,22,0,32400,1112,0.03432098765432099,9.249100685119629,0.7795202952029521,1.3057553956834533
344,1,22,1,32400,92,0.002839506172839506,9.543478012084961,0.031914893617021274,0.0
344,1,22,2,32400,434,0.013395061728395061,8.412442207336426,0.6551724137931034,0.7396313364055299
344,1,23,0,32400,1211,0.037376543209876545,14.730801582336426,0.7994604316546763,1.3261767134599505
344,1,23,1,32400,81,0.0025,22.172840118408203,0.043478260869565216,0.0
344,1,23,2,32400,505,0.01558641975308642,12.201980590820312,0.7142857142857143,0.7524752475247525
344,1,24,0,32400,1287,0.03972222222222222,8.170940399169922,0.8075970272502064,1.3667443667443668
344,1,24,1,32400,94,0.0029012345679012346,7.148935794830322,0.024691358024691357,0.010638297872340425
344,1,24,2,32400,553,0.0170679012345679,7.97830057144165,0.7188118811881188,0.8444846292947559
344,1,25,0,32400,1311,0.040462962962962964,9.091533660888672,0.7972027972027972,1.373760488176964
344,1,25,1,32400,96,0.002962962962962963,8.34375,0.0425531914893617,0.020833333333333332
344,1,25,2,32400,547,0.016882716049382716,9.281536102294922,0.6962025316455697,0.8080438756855576
344,1,26,0,32400,1397,0.043117283950617286,23.000717163085938,0.8199847444698704,1.3908375089477452
344,1,26,1,32400,103,0.0031790123456790125,32.89320755004883,0.041666666666666664,0.009708737864077669
344,1,26,2,32400,588,0.01814814814814815,26.782316207885742,0.7093235831809872,0.8129251700680272
344,1,27,0,32400,1678,0.05179012345679012,12.371274948120117,0.870436649964209,1.4821215733015494
344,1,27,1,32400,104,0.0032098765432098763,14.105770111083984,0.0970873786407767,0.009615384615384616
344,1,27,2,32400,718,0.022160493827160493,11.919219970703125,0.75,0.8941504178272981
344,1,28,0,32400,1772,0.054691358024691356,20.59706687927246,0.8408820023837902,1.4661399548532732
344,1,28,1,32400,91,0.002808641975308642,11.824175834655762,0.07692307692307693,0.02197802197802198
344,1,28,2,32400,785,0.024228395061728396,19.54267692565918,0.7284122562674095,0.9082802547770701
344,1,29,0,32400,1997,0.0616358024691358,27.77366065979004,0.8792325056433409,1.5348022033049575
344,1,29,1,32400,111,0.003425925925925926,22.54054069519043,0.10989010989010989,0.0
344,1,29,2,32400,986,0.030432098765432097,30.93001937866211,0.8038216560509555,1.0
344,1,30,0,32400,2192,0.06765432098765432,16.615419387817383,0.8798197295943916,1.5351277372262773
344,1,30,1,32400,123,0.0037962962962962963,15.325202941894531,0.16216216216216217,0.032520325203252036
344,1,30,2,32400,1117,0.03447530864197531,19.281108856201172,0.7799188640973631,1.0232766338406445
344,1,31,0,32400,2311,0.07132716049382716,25.420164108276367,0.8708941605839416,1.566854175681523
344,1,31,1,32400,84,0.0025925925925925925,27.48809814453125,0.08130081300813008,0.011904761904761904
344,1,31,2,32400,1202,0.037098765432098765,24.78702163696289,0.7949865711727843,1.0940099833610648
344,1,32,0,32400,2498,0.07709876543209876,9.4727783203125,0.8840328861964517,1.5976781425140112
344,1,32,1,32400,97,0.002993827160493827,11.391752243041992,0.08333333333333333,0.0
344,1,32,2,32400,1392,0.04296296296296296,8.423131942749023,0.8236272878535774,1.1522988505747127
344,1,33,0,32400,2504,0.07728395061728395,19.433706283569336,0.8518815052041633,1.545926517571885
344,1,33,1,32400,79,0.0024382716049382715,14.746835708618164,0.09278350515463918,0.012658227848101266
344,1,33,2,32400,1345,0.041512345679012345,20.171003341674805,0.7665229885057471,1.0498141263940521
344,1,34,0,32400,2632,0.08123456790123457,10.803571701049805,0.8753993610223643,1.5588905775075987
344,1,34,1,32400,87,0.002685185185185185,9.540229797363281,0.08860759493670886,0.034482758620689655
344,1,34,2,32400,1389,0.04287037037037037,9.961122512817383,0.7821561338289963,1.0619150467962564
344,1,35,0,32400,2694,0.08314814814814815,13.5315523147583,0.861322188449848,1.546399406087602
344,1,35,1,32400,89,0.0027469135802469136,12.730337142944336,0.09195402298850575,0.011235955056179775
344,1,35,2,32400,1361,0.042006172839506174,13.934606552124023,0.7415406767458603,0.97060984570169
344,2,1,0,32400,183,0.005648148148148148,14.322403907775879,-1.0,0.3879781420765027
344,2,1,1,32400,97,0.002993827160493827,15.90721607208252,-1.0,0.010309278350515464
344,2,1,2,32400,57,0.0017592592592592592,12.245614051818848,-1.0,0.017543859649122806
344,2,2,0,32400,243,0.0075,15.530863761901855,0.43169398907103823,0.45267489711934156
344,2,2,1,32400,92,0.002839506172839506,21.0108699798584,0.10309278350515463,0.0
344,2,2,2,32400,64,0.0019753086419753087,16.859375,0.14035087719298245,0.015625
344,2,3,0,32400,245,0.007561728395061728,19.62040901184082,0.41975308641975306,0.49795918367346936
344,2,3,1,32400,92,0.002839506172839506,12.423914909362793,0.11956521739130435,0.010869565217391304
344,2,3,2,32400,70,0.0021604938271604936,29.685714721679688,0.109375,0.02857142857142857
344,2,4,0,32400,267,0.008240740740740741,10.681648254394531,0.4326530612244898,0.6217228464419475
344,2,4,1,32400,82,0.0025308641975308644,15.987804412841797,0.06521739130434782,0.0
344,2,4,2,32400,73,0.0022530864197530865,20.150684356689453,0.18571428571428572,0.1506849315068493
344,2,5,0,32400,281,0.00867283950617284,9.437722206115723,0.5056179775280899,0.7224199288256228
344,2,5,1,32400,98,0.0030246913580246914,9.377551078796387,0.04878048780487805,0.0
344,2,5,2,32400,92,0.002839506172839506,13.565217971801758,0.2191780821917808,0.16304347826086957
344,2,6,0,32400,301,0.009290123456790124,19.23920249938965,0.5551601423487544,0.7043189368770764
344,2,6,1,32400,99,0.0030555555555555557,8.76767635345459,0.04081632653061224,0.0
344,2,6,2,32400,82,0.0025308641975308644,18.585365295410156,0.2717391304347826,0.2073170731707317
344,2,7,0,32400,370,0.011419753086419753,8.964864730834961,0.5780730897009967,0.7702702702702703
344,2,7,1,32400,90,0.002777777777777778,10.55555534362793,0.050505050505050504,0.011111111111111112
344,2,7,2,32400,111,0.003425925925925926,9.153153419494629,0.34146341463414637,0.2702702702702703
344,2,8,0,32400,385,0.011882716049382716,11.098701477050781,0.5351351351351351,0.6753246753246753
344,2,8,1,32400,85,0.002623456790123457,14.035294532775879,0.06666666666666667,0.0
344,2,8,2,32400,91,0.002808641975308642,19.5164852142334,0.2882882882882883,0.15384615384615385
344,2,9,0,32400,405,0.0125,14.202469825744629,0.5584415584415584,0.817283950617284
344,2,9,1,32400,84,0.0025925925925925925,13.35714340209961,0.047058823529411764,0.0
344,2,9,2,32400,118,0.0036419753086419752,13.89830493927002,0.34065934065934067,0.2711864406779661
344,2,10,0,32400,448,0.013827160493827161,11.783482551574707,0.6123456790123457,0.8660714285714286
344,2,10,1,32400,83,0.0025617283950617282,16.19277000427246,0.05952380952380952,0.012048192771084338
344,2,10,2,32400,157,0.004845679012345679,9.961783409118652,0.4152542372881356,0.33121019108280253
344,2,11,0,32400,476,0.014691358024691358,19.77100944519043,0.6026785714285714,0.9033613445378151
344,2,11,1,32400,82,0.0025308641975308644,8.658535957336426,0.04819277108433735,0.012195121951219513
344,2,11,2,32400,155,0.004783950617283951,10.587096214294434,0.3630573248407643,0.32903225806451614
344,2,12,0,32400,541,0.01669753086419753,9.731978416442871,0.6407563025210085,0.9593345656192237
344,2,12,1,32400,73,0.0022530864197530865,7.301369667053223,0.04878048780487805,0.0273972602739726
344,2,12,2,32400,189,0.005833333333333334,8.978836059570312,0.4838709677419355,0.4126984126984127
344,2,13,0,32400,581,0.0179320987654321,10.2495698928833,0.6506469500924215,0.9982788296041308
344,2,13,1,32400,82,0.0025308641975308644,9.463414192199707,0.0547945205479452,0.0
344,2,13,2,32400,175,0.005401234567901234,16.222856521606445,0.43915343915343913,0.5028571428571429
344,2,14,0,32400,632,0.01950617283950617,11.313291549682617,0.6592082616179001,1.0237341772151898
344,2,14,1,32400,88,0.0027160493827160493,8.954545974731445,0.08536585365853659,0.011363636363636364
344,2,14,2,32400,207,0.006388888888888889,11.169081687927246,0.5257142857142857,0.42028985507246375
344,2,15,0,32400,706,0.021790123456790125,12.269122123718262,0.7310126582278481,1.0977337110481586
344,2,15,1,32400,109,0.0033641975308641974,19.155963897705078,0.06818181818181818,0.01834862385321101
344,2,15,2,32400,248,0.007654320987654321,10.802419662475586,0.5169082125603864,0.5201612903225806
344,2,16,0,32400,773,0.023858024691358025,18.83441162109375,0.6997167138810199,1.1099611901681758
344,2,16,1,32400,95,0.002932098765432099,16.0,0.06422018348623854,0.021052631578947368
344,2,16,2,32400,251,0.007746913580246913,21.290836334228516,0.532258064516129,0.6932270916334662
344,2,17,0,32400,911,0.028117283950617283,12.736553192138672,0.7684346701164295,1.2469813391877058
344,2,17,1,32400,103,0.0031790123456790125,9.631068229675293,0.10526315789473684,0.0
344,2,17,2,32400,345,0.010648148148148148,10.98550796508789,0.6772908366533864,0.7478260869565218
344,2,18,0,32400,991,0.03058641975308642,12.1987886428833,0.747530186608123,1.201816347124117
344,2,18,1,32400,101,0.003117283950617284,18.97029685974121,0.07766990291262135,0.009900990099009901
344,2,18,2,32400,355,0.010956790123456791,13.064787864685059,0.6202898550724638,0.780281690140845
344,2,19,0,32400,1084,0.033456790123456794,10.750922203063965,0.7820383451059536,1.2638376383763839
344,2,19,1,32400,74,0.002283950617283951,10.918919563293457,0.0891089108910891,0.0
344,2,19,2,32400,411,0.012685185185185185,9.712895393371582,0.6845070422535211,0.7688564476885644
344,2,20,0,32400,1127,0.03478395061728395,10.891748428344727,0.7850553505535055,1.331854480922804
344,2,20,1,32400,105,0.0032407407407407406,13.333333969116211,0.13513513513513514,0.009523809523809525
344,2,20,2,32400,465,0.014351851851851852,12.556989669799805,0.6472019464720195,0.7505376344086021
344,2,21,0,32400,1255,0.03873456790123457,9.554581642150879,0.8172138420585625,1.3394422310756973
344,2,21,1,32400,100,0.0030864197530864196,12.210000038146973,0.0761904761904762,0.02
344,2,21,2,32400,514,0.015864197530864196,9.266536712646484,0.6602150537634408,0.7723735408560312
344,2,22,0,32400,1305,0.04027777777777778,8.479693412780762,0.803187250996016,1.3295019157088122
344,2,22,1,32400,88,0.0027160493827160493,9.352272987365723,0.06,0.011363636363636364
344,2,22,2,32400,528,0.016296296296296295,8.403409004211426,0.632295719844358,0.7670454545454546
344,2,23,0,32400,1367,0.04219135802469136,14.005852699279785,0.8068965517241379,1.3423555230431603
344,2,23,1,32400,96,0.002962962962962963,15.65625,0.07954545454545454,0.020833333333333332
344,2,23,2,32400,571,0.017623456790123455,17.978984832763672,0.6875,0.7950963222416813
344,2,24,0,32400,1460,0.04506172839506173,7.936986446380615,0.8134601316752011,1.3794520547945206
344,2,24,1,32400,86,0.002654320987654321,7.093023300170898,0.0625,0.011627906976744186
344,2,24,2,32400,630,0.019444444444444445,7.396825313568115,0.6987740805604203,0.8571428571428571
344,2,25,0,32400,1458,0.045,8.512345314025879,0.7890410958904109,1.3545953360768175
344,2,25,1,32400,91,0.002808641975308642,9.05494499206543,0.046511627906976744,0.01098901098901099
344,2,25,2,32400,653,0.02015432098765432,8.258806228637695,0.6952380952380952,0.8162327718223583
344,2,26,0,32400,1493,0.046080246913580244,24.413930892944336,0.8058984910836763,1.3456128600133959
344,2,26,1,32400,78,0.0024074074074074076,14.217948913574219,0.04395604395604396,0.02564102564102564
344,2,26,2,32400,652,0.020123456790123458,19.659509658813477,0.6860643185298622,0.799079754601227
344,2,27,0,32400,1810,0.0558641975308642,13.070717811584473,0.8754186202277294,1.4845303867403314
344,2,27,1,32400,88,0.0027160493827160493,12.954545974731445,0.05128205128205128,0.011363636363636364
344,2,27,2,32400,832,0.02567901234567901,12.052885055541992,0.7852760736196319,0.9603365384615384
344,2,28,0,32400,1965,0.060648148148148145,17.704833984375,0.8552486187845304,1.497709923664122
344,2,28,1,32400,85,0.002623456790123457,13.223529815673828,0.06818181818181818,0.011764705882352941
344,2,28,2,32400,928,0.028641975308641977,17.32543182373047,0.7596153846153846,0.9849137931034483
344,2,29,0,32400,2169,0.06694444444444445,26.340709686279297,0.867175572519084,1.5048409405255878
344,2,29,1,32400,86,0.002654320987654321,20.860464096069336,0.07058823529411765,0.0
344,2,29,2,32400,1048,0.03234567901234568,21.876909255981445,0.7823275862068966,1.0
344,2,30,0,32400,2424,0.07481481481481482,17.183168411254883,0.8787459658828953,1.5202145214521452
344,2,30,1,32400,99,0.0030555555555555557,14.616161346435547,0.05813953488372093,0.030303030303030304
344,2,30,2,32400,1217,0.03756172839506173,18.083812713623047,0.8129770992366412,1.0739523418241577
344,2,31,0,32400,2649,0.08175925925925925,26.211400985717773,0.8766501650165016,1.5228388070970178
344,2,31,1,32400,102,0.003148148148148148,23.745101928710938,0.09090909090909091,0.0
344,2,31,2,32400,1269,0.03916666666666667,25.00315284729004,0.7658175842235004,1.0732860520094563
344,2,32,0,32400,2919,0.0900925925925926,9.142857551574707,0.8825972064930162,1.549845837615622
344,2,32,1,32400,80,0.0024691358024691358,11.162500381469727,0.11764705882352941,0.0125
344,2,32,2,32400,1493,0.046080246913580244,9.786335945129395,0.8092986603624901,1.0763563295378433
344,2,33,0,32400,2956,0.09123456790123456,22.010147094726562,0.8496060294621446,1.520297699594046
344,2,33,1,32400,97,0.002993827160493827,16.288660049438477,0.0625,0.0
344,2,33,2,32400,1458,0.045,21.96433448791504,0.7454789015405224,0.9910836762688614
344,2,34,0,32400,3284,0.10135802469135803,9.74878215789795,0.8914073071718539,1.5362362971985384
344,2,34,1,32400,81,0.0025,10.395061492919922,0.10309278350515463,0.0
344,2,34,2,32400,1591,0.04910493827160494,10.419233322143555,0.7695473251028807,0.9654305468258957
344,2,35,0,32400,3364,0.10382716049382716,13.806480407714844,0.8565773447015834,1.5127824019024971
344,2,35,1,32400,96,0.002962962962962963,13.916666984558105,0.1111111111111111,0.010416666666666666
344,2,35,2,32400,1631,0.050339506172839506,13.765788078308105,0.7460716530483973,0.9589209074187615
344,3,1,0,32400,180,0.005555555555555556,9.122222900390625,-1.0,0.4666666666666667
344,3,1,1,32400,99,0.0030555555555555557,15.989898681640625,-1.0,0.030303030303030304
344,3,1,2,32400,43,0.0013271604938271606,23.976743698120117,-1.0,0.046511627906976744
344,3,2,0,32400,218,0.006728395061728395,14.605504035949707,0.38333333333333336,0.42660550458715596
344,3,2,1,32400,89,0.0027469135802469136,24.48314666748047,0.030303030303030304,0.0
344,3,2,2,32400,58,0.0017901234567901235,6.258620738983154,0.18604651162790697,0.05172413793103448
344,3,3,0,32400,238,0.007345679012345679,8.92016887664795,0.44036697247706424,0.48739495798319327
344,3,3,1,32400,84,0.0025925925925925925,15.630955696105957,0.0898876404494382,0.011904761904761904
344,3,3,2,32400,70,0.0021604938271604936,9.899999618530273,0.13793103448275862,0.014285714285714285
344,3,4,0,32400,244,0.007530864197530864,14.672130584716797,0.42857142857142855,0.5614754098360656
344,3,4,1,32400,88,0.0027160493827160493,11.931819915771484,0.03571428571428571,0.0
344,3,4,2,32400,66,0.002037037037037037,13.424243927001953,0.08571428571428572,0.045454545454545456
344,3,5,0,32400,283,0.008734567901234568,10.007067680358887,0.4918032786885246,0.6431095406360424
344,3,5,1,32400,106,0.003271604938271605,9.801886558532715,0.056818181818181816,0.009433962264150943
344,3,5,2,32400,83,0.0025617283950617282,11.337348937988281,0.21212121212121213,0.04819277108433735
344,3,6,0,32400,306,0.009444444444444445,13.51307201385498,0.4840989399293286,0.6405228758169934
344,3,6,1,32400,92,0.002839506172839506,20.97826385498047,0.08490566037735849,0.0
344,3,6,2,32400,88,0.0027160493827160493,17.840911865234375,0.2289156626506024,0.11363636363636363
344,3,7,0,32400,325,0.010030864197530864,8.086153984069824,0.49673202614379086,0.5938461538461538
344,3,7,1,32400,86,0.002654320987654321,9.79069709777832,0.09782608695652174,0.023255813953488372
344,3,7,2,32400,74,0.002283950617283951,8.932432174682617,0.23863636363636365,0.10810810810810811
344,3,8,0,32400,303,0.009351851851851853,15.831684112548828,0.48,0.5742574257425742
344,3,8,1,32400,95,0.002932098765432099,10.347369194030762,0.046511627906976744,0.0
344,3,8,2,32400,100,0.0030864197530864196,13.34999942779541,0.2702702702702703,0.15
344,3,9,0,32400,345,0.010648148148148148,13.663768768310547,0.5214521452145214,0.672463768115942
344,3,9,1,32400,85,0.002623456790123457,11.729412078857422,0.05263157894736842,0.0
344,3,9,2,32400,82,0.0025308641975308644,10.658536911010742,0.24,0.24390243902439024
344,3,10,0,32400,367,0.01132716049382716,10.234332084655762,0.5594202898550724,0.7465940054495913
344,3,10,1,32400,81,0.0025,11.407407760620117,0.023529411764705882,0.0
344,3,10,2,32400,93,0.0028703703703703703,7.978494644165039,0.4146341463414634,0.3978494623655914
344,3,11,0,32400,361,0.011141975308641975,11.024930000305176,0.5340599455040872,0.8254847645429363
344,3,11,1,32400,94,0.0029012345679012346,13.404254913330078,0.037037037037037035,0.010638297872340425
344,3,11,2,32400,108,0.0033333333333333335,13.13888931274414,0.3655913978494624,0.3055555555555556
344,3,12,0,32400,406,0.012530864197530864,9.603447914123535,0.6149584487534626,0.8940886699507389
344,3,12,1,32400,108,0.0033333333333333335,8.398148536682129,0.07446808510638298,0.0
344,3,12,2,32400,127,0.003919753086419753,10.299212455749512,0.4351851851851852,0.3228346456692913
344,3,13,0,32400,441,0.01361111111111111,9.362812042236328,0.6477832512315271,0.9410430839002267
344,3,13,1,32400,86,0.002654320987654321,11.674418449401855,0.027777777777777776,0.0
344,3,13,2,32400,148,0.004567901234567902,9.04054069519043,0.48031496062992124,0.3716216216216216
344,3,14,0,32400,462,0.01425925925925926,11.285714149475098,0.6394557823129252,1.0194805194805194
344,3,14,1,32400,92,0.002839506172839506,11.72826099395752,0.08139534883720931,0.010869565217391304
344,3,14,2,32400,157,0.004845679012345679,15.12101936340332,0.4797297297297297,0.4394904458598726
344,3,15,0,32400,500,0.015432098765432098,14.322002410888672,0.6298701298701299,0.968
344,3,15,1,32400,95,0.002932098765432099,9.200000762939453,0.06521739130434782,0.010526315789473684
344,3,15,2,32400,177,0.005462962962962963,18.497177124023438,0.5222929936305732,0.5141242937853108
344,3,16,0,32400,579,0.01787037037037037,14.284974098205566,0.686,1.0967184801381693
344,3,16,1,32400,77,0.0023765432098765433,34.558441162109375,0.010526315789473684,0.012987012987012988
344,3,16,2,32400,237,0.007314814814814815,18.1645565032959,0.559322033898305,0.5780590717299579
344,3,17,0,32400,657,0.020277777777777777,13.558599472045898,0.7115716753022453,1.1019786910197868
344,3,17,1,32400,78,0.0024074074074074076,11.628204345703125,0.03896103896103896,0.0
344,3,17,2,32400,264,0.008148148148148147,10.636363983154297,0.5907172995780591,0.7196969696969697
344,3,18,0,32400,672,0.02074074074074074,15.663690567016602,0.69558599695586,1.1607142857142858
344,3,18,1,32400,93,0.0028703703703703703,10.516129493713379,0.08974358974358974,0.0
344,3,18,2,32400,273,0.008425925925925925,14.476190567016602,0.6060606060606061,0.6813186813186813
344,3,19,0,32400,775,0.023919753086419752,10.117420196533203,0.7633928571428571,1.2374193548387096
344,3,19,1,32400,92,0.002839506172839506,11.42391300201416,0.021505376344086023,0.0
344,3,19,2,32400,326,0.010061728395061729,10.87423324584961,0.7032967032967034,0.8006134969325154
344,3,20,0,32400,823,0.025401234567901235,10.314702987670898,0.7625806451612903,1.2417982989064398
344,3,20,1,32400,97,0.002993827160493827,7.773195743560791,0.08695652173913043,0.0
344,3,20,2,32400,369,0.01138888888888889,9.08401107788086,0.6656441717791411,0.8021680216802168
344,3,21,0,32400,871,0.026882716049382718,8.750861167907715,0.7618469015795869,1.225028702640643
344,3,21,1,32400,75,0.0023148148148148147,11.893333435058594,0.041237113402061855,0.0
344,3,21,2,32400,398,0.012283950617283951,8.29648208618164,0.6693766937669376,0.7814070351758794
344,3,22,0,32400,906,0.027962962962962964,8.422737121582031,0.764638346727899,1.2450331125827814
344,3,22,1,32400,79,0.0024382716049382715,9.772151947021484,0.05333333333333334,0.0
344,3,22,2,32400,388,0.011975308641975308,8.711339950561523,0.6432160804020101,0.7577319587628866
344,3,23,0,32400,946,0.029197530864197532,15.638477325439453,0.7637969094922737,1.2505285412262157
344,3,23,1,32400,82,0.0025308641975308644,16.024389266967773,0.08860759493670886,0.0
344,3,23,2,32400,421,0.012993827160493828,14.301663398742676,0.6649484536082474,0.8099762470308789
344,3,24,0,32400,1027,0.03169753086419753,8.511198043823242,0.7822410147991543,1.3096397273612463
344,3,24,1,32400,73,0.0022530864197530865,8.315068244934082,0.08536585365853659,0.0136986301369863
344,3,24,2,32400,433,0.013364197530864198,8.990761756896973,0.6603325415676959,0.8475750577367206
344,3,25,0,32400,998,0.03080246913580247,8.183366775512695,0.7721518987341772,1.317635270541082
344,3,25,1,32400,76,0.002345679012345679,9.631579399108887,0.0821917808219178,0.0
344,3,25,2,32400,471,0.014537037037037038,8.817410469055176,0.7344110854503464,0.8535031847133758
344,3,26,0,32400,1046,0.03228395061728395,21.44072723388672,0.8006012024048096,1.311663479923518
344,3,26,1,32400,93,0.0028703703703703703,10.043010711669922,0.02631578947368421,0.010752688172043012
344,3,26,2,32400,502,0.015493827160493827,22.03187370300293,0.7154989384288747,0.8446215139442231
344,3,27,0,32400,1241,0.03830246913580247,13.106366157531738,0.8374760994263862,1.3763094278807413
344,3,27,1,32400,100,0.0030864197530864196,9.869999885559082,0.06451612903225806,0.0
344,3,27,2,32400,588,0.01814814814814815,11.906462669372559,0.7569721115537849,0.9693877551020408
344,3,28,0,32400,1330,0.04104938271604938,19.01278305053711,0.8235294117647058,1.4300751879699247
344,3,28,1,32400,96,0.002962962962962963,13.666666984558105,0.12,0.0
344,3,28,2,32400,647,0.019969135802469135,19.440494537353516,0.7397959183673469,0.9799072642967542
344,3,29,0,32400,1524,0.04703703703703704,25.543962478637695,0.8699248120300752,1.4796587926509186
344,3,29,1,32400,87,0.002685185185185185,22.804597854614258,0.07291666666666667,0.0
344,3,29,2,32400,732,0.02259259259259259,29.114749908447266,0.7635239567233385,1.005464480874317
344,3,30,0,32400,1637,0.05052469135802469,17.45326805114746,0.847769028871391,1.4966401954795356
344,3,30,1,32400,102,0.003148148148148148,17.000001907348633,0.10344827586206896,0.00980392156862745
344,3,30,2,32400,816,0.025185185185185185,15.714461326599121,0.7718579234972678,1.0490196078431373
344,3,31,0,32400,1732,0.05345679012345679,23.142032623291016,0.855222968845449,1.5034642032332564
344,3,31,1,32400,90,0.002777777777777778,22.02222442626953,0.08823529411764706,0.011111111111111112
344,3,31,2,32400,889,0.027438271604938273,25.05174446105957,0.7524509803921569,1.0202474690663668
344,3,32,0,32400,1926,0.059444444444444446,9.804258346557617,0.8729792147806005,1.5373831775700935
344,3,32,1,32400,76,0.002345679012345679,9.75,0.044444444444444446,0.013157894736842105
344,3,32,2,32400,1023,0.031574074074074074,8.8748779296875,0.7941507311586051,1.0987292277614857
344,3,33,0,32400,1927,0.05947530864197531,18.892061233520508,0.8333333333333334,1.4961079398028023
344,3,33,1,32400,93,0.0028703703703703703,31.645160675048828,0.06578947368421052,0.010752688172043012
344,3,33,2,32400,1030,0.03179012345679012,19.82427215576172,0.7448680351906158,1.0388349514563107
344,3,34,0,32400,2067,0.0637962962962963,9.956459045410156,0.8526206538661131,1.490566037735849
344,3,34,1,32400,78,0.0024074074074074076,16.346153259277344,0.053763440860215055,0.01282051282051282
344,3,34,2,32400,1065,0.03287037037037037,11.049765586853027,0.7679611650485437,1.0431924882629109
344,3,35,0,32400,2088,0.06444444444444444,13.774904251098633,0.8272859216255443,1.460727969348659
344,3,35,1,32400,97,0.002993827160493827,16.773195266723633,0.02564102564102564,0.0
344,3,35,2,32400,1066,0.032901234567901234,12.106942176818848,0.7605633802816901,1.0290806754221389
345,0,1,0,32400,165,0.005092592592592593,9.7757568359375,-1.0,0.26666666666666666
345,0,1,1,32400,106,0.003271604938271605,23.235849380493164,-1.0,0.018867924528301886
345,0,1,2,32400,50,0.0015432098765432098,7.279999732971191,-1.0,0.02
345,0,2,0,32400,190,0.005864197530864198,17.173686981201172,0.296969696969697,0.20526315789473684
345,0,2,1,32400,94,0.0029012345679012346,19.80851173400879,0.10377358490566038,0.0
345,0,2,2,32400,68,0.0020987654320987655,8.25,0.08,0.0
345,0,3,0,32400,194,0.005987654320987654,15.046391487121582,0.23157894736842105,0.20103092783505155
345,0,3,1,32400,86,0.002654320987654321,14.232558250427246,0.0851063829787234,0.0
345,0,3,2,32400,58,0.0017901234567901235,9.862069129943848,0.07352941176470588,0.0
345,0,4,0,32400,195,0.0060185185185185185,8.061538696289062,0.29896907216494845,0.2564102564102564
345,0,4,1,32400,91,0.002808641975308642,12.549450874328613,0.03488372093023256,0.01098901098901099
345,0,4,2,32400,65,0.002006172839506173,10.523077011108398,0.08620689655172414,0.03076923076923077
345,0,5,0,32400,189,0.005833333333333334,10.253968238830566,0.28205128205128205,0.18518518518518517
345,0,5,1,32400,118,0.0036419753086419752,10.271187782287598,0.07692307692307693,0.00847457627118644
345,0,5,2,32400,56,0.0017283950617283952,8.10714340209961,0.0,0.03571428571428571
345,0,6,0,32400,156,0.004814814814814815,7.948718070983887,0.25925925925925924,0.1987179487179487
345,0,6,1,32400,93,0.0028703703703703703,11.709677696228027,0.03389830508474576,0.0
345,0,6,2,32400,49,0.0015123456790123457,6.6530609130859375,0.017857142857142856,0.0
345,0,7,0,32400,177,0.005462962962962963,11.446328163146973,0.25,0.13559322033898305
345,0,7,1,32400,77,0.0023765432098765433,9.545454978942871,0.053763440860215055,0.0
345,0,7,2,32400,50,0.0015432098765432098,10.019999504089355,0.04081632653061224,0.0
345,0,8,0,32400,207,0.006388888888888889,17.811594009399414,0.2768361581920904,0.20772946859903382
345,0,8,1,32400,79,0.0024382716049382715,14.582279205322266,0.05194805194805195,0.0
345,0,8,2,32400,40,0.0012345679012345679,10.324999809265137,0.1,0.0
345,0,9,0,32400,229,0.007067901234567901,10.065502166748047,0.32367149758454106,0.2838427947598253
345,0,9,1,32400,104,0.0032098765432098763,10.432692527770996,0.12658227848101267,0.0
345,0,9,2,32400,76,0.002345679012345679,7.8947367668151855,0.15,0.013157894736842105
345,0,10,0,32400,221,0.006820987654320988,16.09502410888672,0.2838427947598253,0.2986425339366516
345,0,10,1,32400,87,0.002685185185185185,8.517241477966309,0.038461538461538464,0.011494252873563218
345,0,10,2,32400,53,0.0016358024691358025,14.603774070739746,0.13157894736842105,0.03773584905660377
345,0,11,0,32400,219,0.006759259259259259,10.538812637329102,0.334841628959276,0.319634703196347
345,0,11,1,32400,94,0.0029012345679012346,10.797871589660645,0.04597701149425287,0.010638297872340425
345,0,11,2,32400,74,0.002283950617283951,10.270270347595215,0.1509433962264151,0.02702702702702703
345,0,12,0,32400,235,0.007253086419753086,12.868084907531738,0.365296803652968,0.3702127659574468
345,0,12,1,32400,81,0.0025,11.209877014160156,0.06382978723404255,0.0
345,0,12,2,32400,65,0.002006172839506173,8.784615516662598,0.12162162162162163,0.03076923076923077
345,0,13,0,32400,218,0.006728395061728395,11.610091209411621,0.3148936170212766,0.2889908256880734
345,0,13,1,32400,96,0.002962962962962963,16.78125,0.12345679012345678,0.03125
345,0,13,2,32400,63,0.0019444444444444444,14.714286804199219,0.13846153846153847,0.09523809523809523
345,0,14,0,32400,220,0.006790123456790123,9.654544830322266,0.3073394495412844,0.2590909090909091
345,0,14,1,32400,87,0.002685185185185185,16.563220977783203,0.10416666666666667,0.0
345,0,14,2,32400,73,0.0022530864197530865,9.6575345993042,0.14285714285714285,0.0684931506849315
345,0,15,0,32400,238,0.007345679012345679,11.470588684082031,0.34545454545454546,0.35294117647058826
345,0,15,1,32400,106,0.003271604938271605,20.59433937072754,0.034482758620689655,0.009433962264150943
345,0,15,2,32400,63,0.0019444444444444444,18.07936668395996,0.1232876712328767,0.047619047619047616
345,0,16,0,32400,264,0.008148148148148147,11.231060981750488,0.3865546218487395,0.42424242424242425
345,0,16,1,32400,74,0.002283950617283951,12.932433128356934,0.08490566037735849,0.0
345,0,16,2,32400,70,0.0021604938271604936,10.585714340209961,0.15873015873015872,0.1
345,0,17,0,32400,235,0.007253086419753086,11.621275901794434,0.3977272727272727,0.5446808510638298
345,0,17,1,32400,95,0.002932098765432099,11.210526466369629,0.10810810810810811,0.010526315789473684
345,0,17,2,32400,71,0.002191358024691358,13.57746410369873,0.2,0.08450704225352113
345,0,18,0,32400,254,0.007839506172839506,8.917323112487793,0.4595744680851064,0.515748031496063
345,0,18,1,32400,83,0.0025617283950617282,12.542168617248535,0.042105263157894736,0.012048192771084338
345,0,18,2,32400,89,0.0027469135802469136,11.02247142791748,0.16901408450704225,0.07865168539325842
345,0,19,0,32400,264,0.008148148148148147,11.768939971923828,0.41338582677165353,0.45075757575757575
345,0,19,1,32400,66,0.002037037037037037,8.0,0.04819277108433735,0.030303030303030304
345,0,19,2,32400,79,0.0024382716049382715,16.506328582763672,0.1797752808988764,0.12658227848101267
345,0,20,0,32400,268,0.008271604938271605,8.402984619140625,0.3977272727272727,0.47761194029850745
345,0,20,1,32400,107,0.0033024691358024692,8.644859313964844,0.06060606060606061,0.018691588785046728
345,0,20,2,32400,75,0.0023148148148148147,8.533333778381348,0.17721518987341772,0.13333333333333333
345,0,21,0,32400,242,0.007469135802469135,8.694214820861816,0.41044776119402987,0.49586776859504134
345,0,21,1,32400,82,0.0025308641975308644,6.499999523162842,0.037383177570093455,0.0
345,0,21,2,32400,70,0.0021604938271604936,9.142857551574707,0.2,0.07142857142857142
345,0,22,0,32400,241,0.007438271604938272,11.875519752502441,0.39669421487603307,0.5352697095435685
345,0,22,1,32400,88,0.0027160493827160493,18.43181800842285,0.024390243902439025,0.0
345,0,22,2,32400,91,0.002808641975308642,13.142857551574707,0.22857142857142856,0.14285714285714285
345,0,23,0,32400,282,0.008703703703703703,7.102836608886719,0.46887966804979253,0.5602836879432624
345,0,23,1,32400,78,0.0024074074074074076,10.5,0.09090909090909091,0.0
345,0,23,2,32400,91,0.002808641975308642,5.505494594573975,0.21978021978021978,0.17582417582417584
345,0,24,0,32400,273,0.008425925925925925,9.263736724853516,0.4432624113475177,0.6153846153846154
345,0,24,1,32400,85,0.002623456790123457,10.117647171020508,0.0641025641025641,0.0
345,0,24,2,32400,89,0.0027469135802469136,10.078651428222656,0.26373626373626374,0.1797752808988764
345,0,25,0,32400,282,0.008703703703703703,24.191490173339844,0.5128205128205128,0.7659574468085106
345,0,25,1,32400,83,0.0025617283950617282,20.493974685668945,0.09411764705882353,0.0
345,0,25,2,32400,97,0.002993827160493827,19.50515365600586,0.3146067415730337,0.29896907216494845
345,0,26,0,32400,364,0.011234567901234569,11.74725341796875,0.6134751773049646,0.8626373626373627
345,0,26,1,32400,93,0.0028703703703703703,9.913978576660156,0.060240963855421686,0.0
345,0,26,2,32400,144,0.0044444444444444444,12.99305534362793,0.4329896907216495,0.4166666666666667
345,0,27,0,32400,408,0.012592592592592593,19.850492477416992,0.5934065934065934,0.8823529411764706
345,0,27,1,32400,107,0.0033024691358024692,11.878504753112793,0.03225806451612903,0.0
345,0,27,2,32400,159,0.004907407407407407,20.03144645690918,0.4097222222222222,0.3333333333333333
345,0,28,0,32400,496,0.015308641975308642,30.602821350097656,0.6323529411764706,0.9112903225806451
345,0,28,1,32400,80,0.0024691358024691358,39.57499694824219,0.04672897196261682,0.0
345,0,28,2,32400,177,0.005462962962962963,20.451976776123047,0.49056603773584906,0.480225988700565
345,0,29,0,32400,579,0.01787037037037037,17.654577255249023,0.6512096774193549,0.9844559585492227
345,0,29,1,32400,73,0.0022530864197530865,21.917808532714844,0.05,0.0
345,0,29,2,32400,205,0.006327160493827161,18.726829528808594,0.576271186440678,0.6146341463414634
345,0,30,0,32400,634,0.019567901234567902,22.949527740478516,0.6493955094991365,1.0709779179810726
345,0,30,1,32400,88,0.0027160493827160493,9.886363983154297,0.0958904109589041,0.011363636363636364
345,0,30,2,32400,229,0.007067901234567901,32.63755416870117,0.6048780487804878,0.6812227074235808
345,0,31,0,32400,673,0.020771604938271605,8.797919273376465,0.7176656151419558,1.151560178306092
345,0,31,1,32400,92,0.002839506172839506,7.08695650100708,0.03409090909090909,0.010869565217391304
345,0,31,2,32400,280,0.008641975308641974,8.821428298950195,0.6419213973799127,0.7
345,0,32,0,32400,714,0.022037037037037036,19.35714340209961,0.6998514115898959,1.072829131652661
345,0,32,1,32400,89,0.0027469135802469136,11.067416191101074,0.07608695652173914,0.0
345,0,32,2,32400,286,0.00882716049382716,31.44055938720703,0.5714285714285714,0.7377622377622378
345,0,33,0,32400,785,0.024228395061728396,9.800000190734863,0.7016806722689075,1.1987261146496815
345,0,33,1,32400,89,0.0027469135802469136,13.112360000610352,0.02247191011235955,0.011235955056179775
345,0,33,2,32400,331,0.01021604938271605,9.942598342895508,0.6643356643356644,0.8036253776435045
345,0,34,0,32400,803,0.024783950617283952,12.718555450439453,0.7184713375796178,1.1444582814445827
345,0,34,1,32400,75,0.0023148148148148147,14.800000190734863,0.011235955056179775,0.013333333333333334
345,0,34,2,32400,349,0.010771604938271605,12.753582000732422,0.6797583081570997,0.8653295128939829
345,0,35,0,32400,947,0.029228395061728394,10.89334774017334,0.775840597758406,1.2365364308342133
345,0,35,1,32400,72,0.0022222222222222222,9.18055534362793,0.04,0.0
345,0,35,2,32400,399,0.012314814814814815,12.894737243652344,0.7048710601719198,0.7894736842105263
345,1,1,0,32400,164,0.005061728395061729,11.634145736694336,-1.0,0.25
345,1,1,1,32400,95,0.002932098765432099,25.084211349487305,-1.0,0.010526315789473684
345,1,1,2,32400,54,0.0016666666666666668,25.16666603088379,-1.0,0.037037037037037035
345,1,2,0,32400,195,0.0060185185185185185,9.517949104309082,0.3597560975609756,0.2153846153846154
345,1,2,1,32400,91,0.002808641975308642,20.516483306884766,0.05263157894736842,0.02197802197802198
345,1,2,2,32400,55,0.0016975308641975309,5.181818008422852,0.037037037037037035,0.03636363636363636
345,1,3,0,32400,159,0.004907407407407407,14.257861137390137,0.22564102564102564,0.14465408805031446
345,1,3,1,32400,82,0.0025308641975308644,14.475608825683594,0.06593406593406594,0.0
345,1,3,2,32400,57,0.0017592592592592592,13.315789222717285,0.03636363636363636,0.0
345,1,4,0,32400,201,0.0062037037037037035,9.278606414794922,0.3333333333333333,0.27860696517412936
345,1,4,1,32400,91,0.002808641975308642,11.05494499206543,0.08536585365853659,0.01098901098901099
345,1,4,2,32400,58,0.0017901234567901235,8.258620262145996,0.05263157894736842,0.0
345,1,5,0,32400,191,0.005895061728395061,13.806282997131348,0.30845771144278605,0.2094240837696335
345,1,5,1,32400,88,0.0027160493827160493,14.215909957885742,0.06593406593406594,0.011363636363636364
345,1,5,2,32400,44,0.0013580246913580246,6.136363983154297,0.034482758620689655,0.022727272727272728
345,1,6,0,32400,179,0.0055246913580246915,10.608938217163086,0.29842931937172773,0.20670391061452514
345,1,6,1,32400,96,0.002962962962962963,9.760416984558105,0.07954545454545454,0.010416666666666666
345,1,6,2,32400,59,0.0018209876543209876,13.101694107055664,0.0,0.0
345,1,7,0,32400,177,0.005462962962962963,13.717514038085938,0.25139664804469275,0.1807909604519774
345,1,7,1,32400,88,0.0027160493827160493,13.931818962097168,0.052083333333333336,0.011363636363636364
345,1,7,2,32400,71,0.002191358024691358,19.54929542541504,0.06779661016949153,0.014084507042253521
345,1,8,0,32400,207,0.006388888888888889,11.835748672485352,0.2937853107344633,0.14492753623188406
345,1,8,1,32400,66,0.002037037037037037,9.257575988769531,0.045454545454545456,0.015151515151515152
345,1,8,2,32400,62,0.0019135802469135803,15.032258987426758,0.07042253521126761,0.0
345,1,9,0,32400,199,0.006141975308641976,7.427135467529297,0.28502415458937197,0.22110552763819097
345,1,9,1,32400,93,0.0028703703703703703,10.279570579528809,0.06060606060606061,0.010752688172043012
345,1,9,2,32400,57,0.0017592592592592592,9.894737243652344,0.06451612903225806,0.0
345,1,10,0,32400,181,0.00558641975308642,8.93370246887207,0.271356783919598,0.2265193370165746
345,1,10,1,32400,81,0.0025,19.46913719177246,0.0,0.0
345,1,10,2,32400,76,0.002345679012345679,8.144737243652344,0.03508771929824561,0.013157894736842105
345,1,11,0,32400,160,0.0049382716049382715,8.006250381469727,0.2430939226519337,0.1625
345,1,11,1,32400,85,0.002623456790123457,7.752941131591797,0.037037037037037035,0.0
345,1,11,2,32400,57,0.0017592592592592592,5.912280559539795,0.05263157894736842,0.017543859649122806
345,1,12,0,32400,155,0.004783950617283951,8.141935348510742,0.23125,0.23870967741935484
345,1,12,1,32400,93,0.0028703703703703703,17.107526779174805,0.023529411764705882,0.0
345,1,12,2,32400,51,0.001574074074074074,8.13725471496582,0.017543859649122806,0.0
345,1,13,0,32400,158,0.004876543209876543,14.373417854309082,0.23225806451612904,0.1962025316455696
345,1,13,1,32400,101,0.003117283950617284,11.623762130737305,0.10752688172043011,0.0
345,1,13,2,32400,57,0.0017592592592592592,14.736842155456543,0.0196078431372549,0.0
345,1,14,0,32400,183,0.005648148148148148,18.15300750732422,0.2721518987341772,0.09836065573770492
345,1,14,1,32400,96,0.002962962962962963,12.59375,0.06930693069306931,0.010416666666666666
345,1,14,2,32400,57,0.0017592592592592592,7.701754570007324,0.017543859649122806,0.0
345,1,15,0,32400,176,0.005432098765432099,12.102272987365723,0.18579234972677597,0.10227272727272728
345,1,15,1,32400,91,0.002808641975308642,13.087912559509277,0.0625,0.01098901098901099
345,1,15,2,32400,48,0.0014814814814814814,19.64583396911621,0.03508771929824561,0.0
345,1,16,0,32400,183,0.005648148148148148,7.950819492340088,0.2159090909090909,0.16393442622950818
345,1,16,1,32400,84,0.0025925925925925925,16.4761905670166,0.06593406593406594,0.0
345,1,16,2,32400,55,0.0016975308641975309,13.418180465698242,0.08333333333333333,0.0
345,1,17,0,32400,185,0.005709876543209876,14.454054832458496,0.2459016393442623,0.10810810810810811
345,1,17,1,32400,100,0.0030864197530864196,15.139999389648438,0.09523809523809523,0.0
345,1,17,2,32400,48,0.0014814814814814814,14.395833969116211,0.05454545454545454,0.0
345,1,18,0,32400,181,0.00558641975308642,8.895028114318848,0.24864864864864866,0.10497237569060773
345,1,18,1,32400,95,0.002932098765432099,11.042105674743652,0.11,0.010526315789473684
345,1,18,2,32400,58,0.0017901234567901235,7.948276042938232,0.041666666666666664,0.0
345,1,19,0,32400,177,0.005462962962962963,11.824858665466309,0.22099447513812154,0.15254237288135594
345,1,19,1,32400,82,0.0025308641975308644,13.768292427062988,0.031578947368421054,0.012195121951219513
345,1,19,2,32400,61,0.001882716049382716,12.491802215576172,0.06896551724137931,0.0
345,1,20,0,32400,204,0.006296296296296296,11.848039627075195,0.2994350282485876,0.19117647058823528
345,1,20,1,32400,95,0.002932098765432099,11.821053504943848,0.10975609756097561,0.0
345,1,20,2,32400,49,0.0015123456790123457,8.530611991882324,0.03278688524590164,0.0
345,1,21,0,32400,211,0.006512345679012346,9.644550323486328,0.2696078431372549,0.1895734597156398
345,1,21,1,32400,91,0.002808641975308642,8.769230842590332,0.06315789473684211,0.0
345,1,21,2,32400,56,0.0017283950617283952,10.464285850524902,0.061224489795918366,0.0
345,1,22,0,32400,174,0.00537037037037037,17.34482765197754,0.26540284360189575,0.27586206896551724
345,1,22,1,32400,87,0.002685185185185185,19.850574493408203,0.07692307692307693,0.0
345,1,22,2,32400,47,0.0014506172839506173,29.404254913330078,0.017857142857142856,0.0
345,1,23,0,32400,203,0.006265432098765432,6.871921062469482,0.3275862068965517,0.2955665024630542
345,1,23,1,32400,93,0.0028703703703703703,8.354838371276855,0.10344827586206896,0.021505376344086023
345,1,23,2,32400,62,0.0019135802469135803,4.951612949371338,0.06382978723404255,0.0
345,1,24,0,32400,179,0.0055246913580246915,8.446927070617676,0.2857142857142857,0.35195530726256985
345,1,24,1,32400,89,0.0027469135802469136,7.134831428527832,0.053763440860215055,0.0
345,1,24,2,32400,52,0.0016049382716049382,9.461539268493652,0.016129032258064516,0.0
345,1,25,0,32400,184,0.005679012345679012,22.434783935546875,0.2737430167597765,0.2391304347826087
345,1,25,1,32400,91,0.002808641975308642,25.417585372924805,0.06741573033707865,0.01098901098901099
345,1,25,2,32400,43,0.0013271604938271606,17.046510696411133,0.019230769230769232,0.0
345,1,26,0,32400,226,0.006975308641975308,13.362832069396973,0.33695652173913043,0.20353982300884957
345,1,26,1,32400,78,0.0024074074074074076,11.679487228393555,0.06593406593406594,0.0
345,1,26,2,32400,55,0.0016975308641975309,12.090909957885742,0.023255813953488372,0.0
345,1,27,0,32400,214,0.0066049382716049385,19.144859313964844,0.26548672566371684,0.21962616822429906
345,1,27,1,32400,86,0.002654320987654321,15.55813980102539,0.038461538461538464,0.0
345,1,27,2,32400,60,0.001851851851851852,22.700000762939453,0.09090909090909091,0.016666666666666666
345,1,28,0,32400,252,0.0077777777777777776,29.54364776611328,0.3598130841121495,0.20634920634920634
345,1,28,1,32400,76,0.002345679012345679,44.249996185302734,0.03488372093023256,0.013157894736842105
345,1,28,2,32400,63,0.0019444444444444444,12.349206924438477,0.1,0.015873015873015872
345,1,29,0,32400,257,0.007932098765432098,15.12840461730957,0.36507936507936506,0.27626459143968873
345,1,29,1,32400,74,0.002283950617283951,18.635135650634766,0.05263157894736842,0.013513513513513514
345,1,29,2,32400,62,0.0019135802469135803,23.774194717407227,0.09523809523809523,0.0
345,1,30,0,32400,255,0.00787037037037037,16.733333587646484,0.3463035019455253,0.25098039215686274
345,1,30,1,32400,96,0.002962962962962963,26.52083396911621,0.04054054054054054,0.0
345,1,30,2,32400,60,0.001851851851851852,31.600004196166992,0.11290322580645161,0.0
345,1,31,0,32400,271,0.008364197530864198,8.424354553222656,0.3333333333333333,0.36162361623616235
345,1,31,1,32400,79,0.0024382716049382715,8.797468185424805,0.020833333333333332,0.0
345,1,31,2,32400,60,0.001851851851851852,8.65000057220459,0.2,0.0
345,1,32,0,32400,234,0.007222222222222222,13.282052040100098,0.3284132841328413,0.41025641025641024
345,1,32,1,32400,81,0.0025,13.135802268981934,0.05063291139240506,0.012345679012345678
345,1,32,2,32400,58,0.0017901234567901235,45.896549224853516,0.13333333333333333,0.05172413793103448
345,1,33,0,32400,223,0.006882716049382716,11.955157279968262,0.3803418803418803,0.4125560538116592
345,1,33,1,32400,82,0.0025308641975308644,8.5,0.024691358024691357,0.0
345,1,33,2,32400,51,0.001574074074074074,12.235294342041016,0.10344827586206896,0.0
345,1,34,0,32400,227,0.007006172839506173,11.859030723571777,0.37668161434977576,0.3832599118942731
345,1,34,1,32400,95,0.002932098765432099,15.536844253540039,0.024390243902439025,0.031578947368421054
345,1,34,2,32400,78,0.0024074074074074076,9.692307472229004,0.17647058823529413,0.0641025641025641
345,1,35,0,32400,241,0.007438271604938272,11.2406644821167,0.3744493392070485,0.49377593360995853
345,1,35,1,32400,90,0.002777777777777778,10.877778053283691,0.09473684210526316,0.011111111111111112
345,1,35,2,32400,77,0.0023765432098765433,13.363636016845703,0.1794871794871795,0.06493506493506493
345,2,1,0,32400,179,0.0055246913580246915,24.636871337890625,-1.0,0.24022346368715083
345,2,1,1,32400,86,0.002654320987654321,15.60465145111084,-1.0,0.023255813953488372
345,2,1,2,32400,53,0.0016358024691358025,11.603774070739746,-1.0,0.0
345,2,2,0,32400,195,0.0060185185185185185,20.128206253051758,0.3407821229050279,0.358974358974359
345,2,2,1,32400,78,0.0024074074074074076,24.589744567871094,0.03488372093023256,0.01282051282051282
345,2,2,2,32400,55,0.0016975308641975309,7.836363315582275,0.07547169811320754,0.0
345,2,3,0,32400,230,0.0070987654320987656,12.339129447937012,0.41025641025641024,0.39565217391304347
345,2,3,1,32400,87,0.002685185185185185,11.000000953674316,0.038461538461538464,0.0
345,2,3,2,32400,46,0.001419753086419753,10.239130973815918,0.05454545454545454,0.021739130434782608
345,2,4,0,32400,277,0.008549382716049382,10.685920715332031,0.3869565217391304,0.37906137184115524
345,2,4,1,32400,84,0.0025925925925925925,8.75,0.034482758620689655,0.0
345,2,4,2,32400,60,0.001851851851851852,10.950000762939453,0.08695652173913043,0.0
345,2,5,0,32400,284,0.008765432098765432,14.77464771270752,0.3862815884476534,0.43309859154929575
345,2,5,1,32400,79,0.0024382716049382715,19.64556884765625,0.05952380952380952,0.0
345,2,5,2,32400,65,0.002006172839506173,8.815384864807129,0.08333333333333333,0.03076923076923077
345,2,6,0,32400,314,0.009691358024691357,8.87898063659668,0.46830985915492956,0.4872611464968153
345,2,6,1,32400,73,0.0022530864197530865,6.0,0.05063291139240506,0.0
345,2,6,2,32400,58,0.0017901234567901235,9.913792610168457,0.1076923076923077,0.034482758620689655
345,2,7,0,32400,325,0.010030864197530864,16.295385360717773,0.44904458598726116,0.5261538461538462
345,2,7,1,32400,106,0.003271604938271605,13.556604385375977,0.0958904109589041,0.02830188679245283
345,2,7,2,32400,76,0.002345679012345679,15.223684310913086,0.1206896551724138,0.013157894736842105
345,2,8,0,32400,355,0.010956790123456791,12.766197204589844,0.49230769230769234,0.6338028169014085
345,2,8,1,32400,98,0.0030246913580246914,15.5,0.05660377358490566,0.01020408163265306
345,2,8,2,32400,84,0.0025925925925925925,8.892857551574707,0.13157894736842105,0.023809523809523808
345,2,9,0,32400,406,0.012530864197530864,11.689655303955078,0.5464788732394367,0.7266009852216748
345,2,9,1,32400,84,0.0025925925925925925,7.702381134033203,0.05102040816326531,0.023809523809523808
345,2,9,2,32400,86,0.002654320987654321,5.918604850769043,0.17857142857142858,0.11627906976744186
345,2,10,0,32400,379,0.01169753086419753,16.31134605407715,0.4876847290640394,0.7229551451187335
345,2,10,1,32400,80,0.0024691358024691358,11.512499809265137,0.047619047619047616,0.0125
345,2,10,2,32400,106,0.003271604938271605,8.8490571975708,0.23255813953488372,0.11320754716981132
345,2,11,0,32400,407,0.012561728395061728,9.162161827087402,0.5567282321899736,0.7493857493857494
345,2,11,1,32400,94,0.0029012345679012346,10.531914710998535,0.0625,0.0
345,2,11,2,32400,94,0.0029012345679012346,7.553191184997559,0.3113207547169811,0.20212765957446807
345,2,12,0,32400,431,0.013302469135802469,15.359628677368164,0.5847665847665847,0.7354988399071926
345,2,12,1,32400,95,0.002932098765432099,15.263158798217773,0.10638297872340426,0.0
345,2,12,2,32400,123,0.0037962962962962963,12.910568237304688,0.3723404255319149,0.3089430894308943
345,2,13,0,32400,473,0.014598765432098766,10.642705917358398,0.580046403712297,0.8752642706131079
345,2,13,1,32400,96,0.002962962962962963,18.75,0.07368421052631578,0.0
345,2,13,2,32400,123,0.0037962962962962963,8.959349632263184,0.3333333333333333,0.3008130081300813
345,2,14,0,32400,515,0.01589506172839506,16.596120834350586,0.6173361522198731,0.945631067961165
345,2,14,1,32400,98,0.0030246913580246914,13.295918464660645,0.07291666666666667,0.0
345,2,14,2,32400,133,0.004104938271604938,19.72180938720703,0.3983739837398374,0.3233082706766917
345,2,15,0,32400,580,0.017901234567901235,19.60344886779785,0.6466019417475728,0.9
345,2,15,1,32400,70,0.0021604938271604936,13.942856788635254,0.05102040816326531,0.0
345,2,15,2,32400,175,0.005401234567901234,12.10857105255127,0.45112781954887216,0.3314285714285714
345,2,16,0,32400,660,0.020370370370370372,14.631817817687988,0.6706896551724137,1.0803030303030303
345,2,16,1,32400,84,0.0025925925925925925,13.7380952835083,0.1,0.011904761904761904
345,2,16,2,32400,218,0.006728395061728395,15.362384796142578,0.5142857142857142,0.44036697247706424
345,2,17,0,32400,719,0.022191358024691358,12.791377067565918,0.696969696969697,1.1084840055632823
345,2,17,1,32400,93,0.0028703703703703703,16.172042846679688,0.03571428571428571,0.010752688172043012
345,2,17,2,32400,226,0.006975308641975308,12.318584442138672,0.5137614678899083,0.4911504424778761
345,2,18,0,32400,786,0.024259259259259258,11.030534744262695,0.7287899860917941,1.1424936386768447
345,2,18,1,32400,78,0.0024074074074074076,12.897435188293457,0.0967741935483871,0.0
345,2,18,2,32400,284,0.008765432098765432,11.919013977050781,0.6150442477876106,0.6338028169014085
345,2,19,0,32400,814,0.025123456790123455,10.950860023498535,0.7290076335877863,1.2248157248157248
345,2,19,1,32400,92,0.002839506172839506,11.717391967773438,0.038461538461538464,0.0
345,2,19,2,32400,317,0.009783950617283951,10.826498985290527,0.6654929577464789,0.6971608832807571
345,2,20,0,32400,866,0.026728395061728395,9.84526538848877,0.7371007371007371,1.2147806004618937
345,2,20,1,32400,56,0.0017283950617283952,7.589285850524902,0.03260869565217391,0.03571428571428571
345,2,20,2,32400,355,0.010956790123456791,8.743661880493164,0.6498422712933754,0.7070422535211267
345,2,21,0,32400,901,0.02780864197530864,8.589345932006836,0.7367205542725174,1.201997780244173
345,2,21,1,32400,96,0.002962962962962963,9.65625,0.05357142857142857,0.0
345,2,21,2,32400,371,0.011450617283950618,10.053908348083496,0.6225352112676056,0.6361185983827493
345,2,22,0,32400,945,0.029166666666666667,13.464550018310547,0.7569367369589345,1.2201058201058201
345,2,22,1,32400,81,0.0025,7.222222328186035,0.020833333333333332,0.012345679012345678
345,2,22,2,32400,401,0.012376543209876543,20.194515228271484,0.6495956873315364,0.6907730673316709
345,2,23,0,32400,1042,0.03216049382716049,7.595969200134277,0.8031746031746032,1.309021113243762
345,2,23,1,32400,78,0.0024074074074074076,10.70512866973877,0.04938271604938271,0.0
345,2,23,2,32400,435,0.013425925925925926,8.868965148925781,0.6783042394014963,0.7218390804597701
345,2,24,0,32400,1037,0.03200617283950617,8.636451721191406,0.7504798464491362,1.318225650916104
345,2,24,1,32400,76,0.002345679012345679,8.815789222717285,0.07692307692307693,0.0
345,2,24,2,32400,426,0.013148148148148148,8.694835662841797,0.6528735632183909,0.7323943661971831
345,2,25,0,32400,1106,0.0341358024691358,25.83725357055664,0.8023143683702989,1.2956600361663653
345,2,25,1,32400,82,0.0025308641975308644,14.146341323852539,0.05263157894736842,0.0
345,2,25,2,32400,463,0.014290123456790123,23.913606643676758,0.6948356807511737,0.7645788336933045
345,2,26,0,32400,1258,0.03882716049382716,12.879173278808594,0.825497287522604,1.426073131955485
345,2,26,1,32400,82,0.0025308641975308644,11.646341323852539,0.12195121951219512,0.012195121951219513
345,2,26,2,32400,575,0.017746913580246913,12.725217819213867,0.734341252699784,0.88
345,2,27,0,32400,1369,0.04225308641975309,16.726808547973633,0.8314785373608903,1.4075967859751644
345,2,27,1,32400,82,0.0025308641975308644,12.341463088989258,0.07317073170731707,0.0
345,2,27,2,32400,625,0.019290123456790122,20.380800247192383,0.72,0.848
345,2,28,0,32400,1494,0.04611111111111111,32.647926330566406,0.8298027757487217,1.4792503346720214
345,2,28,1,32400,90,0.002777777777777778,21.033334732055664,0.10975609756097561,0.011111111111111112
345,2,28,2,32400,714,0.022037037037037036,28.857141494750977,0.752,0.9355742296918768
345,2,29,0,32400,1663,0.05132716049382716,16.79134178161621,0.85809906291834,1.4654239326518341
345,2,29,1,32400,100,0.0030864197530864196,10.399999618530273,0.05555555555555555,0.01
345,2,29,2,32400,804,0.024814814814814814,16.934080123901367,0.7478991596638656,0.927860696517413
345,2,30,0,32400,1747,0.053919753086419754,25.199769973754883,0.8442573662056524,1.502575844304522
345,2,30,1,32400,85,0.002623456790123457,45.494117736816406,0.12,0.011764705882352941
345,2,30,2,32400,868,0.026790123456790122,23.974655151367188,0.7512437810945274,0.9907834101382489
345,2,31,0,32400,1932,0.05962962962962963,8.920807838439941,0.8700629650829994,1.5227743271221532
345,2,31,1,32400,77,0.0023765432098765433,8.831169128417969,0.10588235294117647,0.012987012987012988
345,2,31,2,32400,976,0.030123456790123456,10.01331901550293,0.7845622119815668,1.0440573770491803
345,2,32,0,32400,1929,0.059537037037037034,20.885950088500977,0.8322981366459627,1.4821150855365475
345,2,32,1,32400,83,0.0025617283950617282,12.590360641479492,0.11688311688311688,0.024096385542168676
345,2,32,2,32400,938,0.028950617283950618,18.518123626708984,0.7305327868852459,0.9562899786780383
345,2,33,0,32400,2076,0.06407407407407407,9.949421882629395,0.8672887506480041,1.4754335260115607
345,2,33,1,32400,101,0.003117283950617284,8.207921028137207,0.13253012048192772,0.019801980198019802
345,2,33,2,32400,1020,0.03148148148148148,9.719608306884766,0.7515991471215352,0.9382352941176471
345,2,34,0,32400,2124,0.06555555555555556,13.34839916229248,0.8342967244701349,1.4675141242937852
345,2,34,1,32400,70,0.0021604938271604936,11.657142639160156,0.019801980198019802,0.0
345,2,34,2,32400,1009,0.031141975308641975,13.720516204833984,0.6990196078431372,0.8711595639246779
345,2,35,0,32400,2351,0.07256172839506173,13.118247032165527,0.8700564971751412,1.5006380263717567
345,2,35,1,32400,99,0.0030555555555555557,13.747474670410156,0.014285714285714285,0.0
345,2,35,2,32400,1153,0.03558641975308642,13.37120532989502,0.7631318136769079,0.9757155247181266
345,3,1,0,32400,157,0.004845679012345679,18.18471336364746,-1.0,0.24203821656050956
345,3,1,1,32400,98,0.0030246913580246914,18.489795684814453,-1.0,0.02040816326530612
345,3,1,2,32400,47,0.0014506172839506173,10.872340202331543,-1.0,0.0
345,3,2,0,32400,179,0.0055246913580246915,9.458101272583008,0.2929936305732484,0.2849162011173184
345,3,2,1,32400,109,0.0033641975308641974,18.1743106842041,0.07142857142857142,0.0
345,3,2,2,32400,58,0.0017901234567901235,10.758620262145996,0.1276595744680851,0.017241379310344827
345,3,3,0,32400,191,0.005895061728395061,11.602094650268555,0.31843575418994413,0.2617801047120419
345,3,3,1,32400,91,0.002808641975308642,11.967033386230469,0.06422018348623854,0.0
345,3,3,2,32400,49,0.0015123456790123457,10.877551078796387,0.05172413793103448,0.0
345,3,4,0,32400,199,0.006141975308641976,10.025125503540039,0.32460732984293195,0.23115577889447236
345,3,4,1,32400,86,0.002654320987654321,11.744186401367188,0.06593406593406594,0.0
345,3,4,2,32400,57,0.0017592592592592592,10.01754379272461,0.08163265306122448,0.017543859649122806
345,3,5,0,32400,200,0.006172839506172839,9.654999732971191,0.2864321608040201,0.35
345,3,5,1,32400,88,0.0027160493827160493,20.636362075805664,0.03488372093023256,0.0
345,3,5,2,32400,56,0.0017283950617283952,8.10714340209961,0.10526315789473684,0.05357142857142857
345,3,6,0,32400,207,0.006388888888888889,10.34782600402832,0.33,0.3864734299516908
345,3,6,1,32400,98,0.0030246913580246914,7.959183692932129,0.09090909090909091,0.02040816326530612
345,3,6,2,32400,65,0.002006172839506173,8.70769214630127,0.08928571428571429,0.06153846153846154
345,3,7,0,32400,217,0.0066975308641975305,18.84331703186035,0.42995169082125606,0.3686635944700461
345,3,7,1,32400,89,0.0027469135802469136,6.955056190490723,0.05102040816326531,0.011235955056179775
345,3,7,2,32400,51,0.001574074074074074,15.490196228027344,0.06153846153846154,0.058823529411764705
345,3,8,0,32400,257,0.007932098765432098,11.392995834350586,0.41013824884792627,0.4669260700389105
345,3,8,1,32400,108,0.0033333333333333335,14.287036895751953,0.0449438202247191,0.0
345,3,8,2,32400,80,0.0024691358024691358,7.412499904632568,0.17647058823529413,0.0625
345,3,9,0,32400,261,0.008055555555555555,8.532567024230957,0.3852140077821012,0.5134099616858238
345,3,9,1,32400,97,0.002993827160493827,10.628865242004395,0.037037037037037035,0.0
345,3,9,2,32400,69,0.0021296296296296298,5.188405990600586,0.175,0.11594202898550725
345,3,10,0,32400,231,0.00712962962962963,10.324675559997559,0.4329501915708812,0.5714285714285714
345,3,10,1,32400,96,0.002962962962962963,25.697919845581055,0.07216494845360824,0.010416666666666666
345,3,10,2,32400,65,0.002006172839506173,13.461538314819336,0.18840579710144928,0.07692307692307693
345,3,11,0,32400,269,0.00830246913580247,9.449813842773438,0.45021645021645024,0.587360594795539
345,3,11,1,32400,90,0.002777777777777778,10.01111125946045,0.08333333333333333,0.0
345,3,11,2,32400,75,0.0023148148148148147,9.520000457763672,0.2,0.10666666666666667
345,3,12,0,32400,306,0.009444444444444445,10.045751571655273,0.48698884758364314,0.4934640522875817
345,3,12,1,32400,87,0.002685185185185185,16.0,0.06666666666666667,0.0
345,3,12,2,32400,82,0.0025308641975308644,6.853658199310303,0.25333333333333335,0.18292682926829268
345,3,13,0,32400,301,0.009290123456790124,13.45514965057373,0.47058823529411764,0.5514950166112956
345,3,13,1,32400,90,0.002777777777777778,14.244444847106934,0.034482758620689655,0.011111111111111112
345,3,13,2,32400,73,0.0022530864197530865,15.35616397857666,0.2804878048780488,0.1232876712328767
345,3,14,0,32400,339,0.010462962962962962,9.359882354736328,0.53156146179402,0.7168141592920354
345,3,14,1,32400,76,0.002345679012345679,12.9078950881958,0.044444444444444446,0.0
345,3,14,2,32400,124,0.0038271604938271606,15.814517974853516,0.3698630136986301,0.3790322580645161
345,3,15,0,32400,330,0.010185185185185186,15.96060562133789,0.5368731563421829,0.7484848484848485
345,3,15,1,32400,87,0.002685185185185185,10.678160667419434,0.05263157894736842,0.011494252873563218
345,3,15,2,32400,123,0.0037962962962962963,30.788616180419922,0.3225806451612903,0.3333333333333333
345,3,16,0,32400,411,0.012685185185185185,14.391727447509766,0.6242424242424243,0.8394160583941606
345,3,16,1,32400,72,0.0022222222222222222,16.76388931274414,0.06896551724137931,0.0
345,3,16,2,32400,146,0.004506172839506173,8.472602844238281,0.44715447154471544,0.4452054794520548
345,3,17,0,32400,435,0.013425925925925926,15.793103218078613,0.6082725060827251,0.8206896551724138
345,3,17,1,32400,100,0.0030864197530864196,13.5,0.08333333333333333,0.01
345,3,17,2,32400,158,0.004876543209876543,10.544303894042969,0.4383561643835616,0.44936708860759494
345,3,18,0,32400,503,0.015524691358024692,9.833001136779785,0.6229885057471264,0.8926441351888668
345,3,18,1,32400,81,0.0025,10.765432357788086,0.06,0.012345679012345678
345,3,18,2,32400,158,0.004876543209876543,7.924050807952881,0.44936708860759494,0.5379746835443038
345,3,19,0,32400,482,0.014876543209876544,11.437760353088379,0.5944333996023857,0.9605809128630706
345,3,19,1,32400,86,0.002654320987654321,11.872093200683594,0.06172839506172839,0.0
345,3,19,2,32400,172,0.005308641975308642,12.465116500854492,0.5063291139240507,0.5523255813953488
345,3,20,0,32400,517,0.01595679012345679,9.143134117126465,0.6473029045643154,1.0309477756286267
345,3,20,1,32400,95,0.002932098765432099,9.052632331848145,0.05813953488372093,0.0
345,3,20,2,32400,181,0.00558641975308642,10.574585914611816,0.5232558139534884,0.6629834254143646
345,3,21,0,32400,535,0.016512345679012344,8.605607986450195,0.688588007736944,1.0728971962616822
345,3,21,1,32400,93,0.0028703703703703703,9.24731159210205,0.05263157894736842,0.010752688172043012
345,3,21,2,32400,217,0.0066975308641975305,9.870967864990234,0.585635359116022,0.6359447004608295
345,3,22,0,32400,577,0.017808641975308643,19.142114639282227,0.6934579439252336,1.076256499133449
345,3,22,1,32400,77,0.0023765432098765433,14.415584564208984,0.021505376344086023,0.025974025974025976
345,3,22,2,32400,255,0.00787037037037037,19.36078453063965,0.6267281105990783,0.6901960784313725
345,3,23,0,32400,664,0.020493827160493826,8.310240745544434,0.733102253032929,1.1189759036144578
345,3,23,1,32400,110,0.0033950617283950617,5.96363639831543,0.03896103896103896,0.0
345,3,23,2,32400,279,0.008611111111111111,7.655913829803467,0.611764705882353,0.8064516129032258
345,3,24,0,32400,639,0.01972222222222222,9.422534942626953,0.6807228915662651,1.1236306729264476
345,3,24,1,32400,78,0.0024074074074074076,7.871795177459717,0.06363636363636363,0.01282051282051282
345,3,24,2,32400,258,0.007962962962962963,7.255814075469971,0.5806451612903226,0.7170542635658915
345,3,25,0,32400,692,0.021358024691358026,22.28323745727539,0.729264475743349,1.1416184971098267
345,3,25,1,32400,80,0.0024691358024691358,23.275001525878906,0.0641025641025641,0.0125
345,3,25,2,32400,266,0.008209876543209876,24.02255630493164,0.6046511627906976,0.6917293233082706
345,3,26,0,32400,799,0.024660493827160495,12.645807266235352,0.7658959537572254,1.2428035043804755
345,3,26,1,32400,100,0.0030864197530864196,10.9399995803833,0.125,0.01
345,3,26,2,32400,343,0.01058641975308642,12.667638778686523,0.6842105263157895,0.8134110787172012
345,3,27,0,32400,858,0.02648148148148148,15.168997764587402,0.7609511889862328,1.2738927738927739
345,3,27,1,32400,81,0.0025,23.950620651245117,0.09,0.0
345,3,27,2,32400,368,0.011358024691358024,17.53532600402832,0.6588921282798834,0.8505434782608695
345,3,28,0,32400,963,0.029722222222222223,36.9428825378418,0.7925407925407926,1.2710280373831775
345,3,28,1,32400,73,0.0022530864197530865,40.67123031616211,0.12345679012345678,0.0136986301369863
345,3,28,2,32400,438,0.013518518518518518,25.223743438720703,0.7146739130434783,0.95662100456621
345,3,29,0,32400,1085,0.03348765432098765,18.2009220123291,0.7933541017653167,1.3557603686635944
345,3,29,1,32400,105,0.0032407407407407406,13.63809585571289,0.1095890410958904,0.009523809523809525
345,3,29,2,32400,508,0.015679012345679012,17.503936767578125,0.7351598173515982,1.0531496062992125
345,3,30,0,32400,1163,0.03589506172839506,19.48667335510254,0.808294930875576,1.3637145313843508
345,3,30,1,32400,107,0.0033024691358024692,25.280372619628906,0.08571428571428572,0.009345794392523364
345,3,30,2,32400,553,0.0170679012345679,29.00542640686035,0.7125984251968503,1.0
345,3,31,0,32400,1296,0.04,9.580246925354004,0.8073946689595872,1.3325617283950617
345,3,31,1,32400,88,0.0027160493827160493,9.625,0.07476635514018691,0.0
345,3,31,2,32400,620,0.019135802469135803,9.635483741760254,0.7468354430379747,1.0048387096774194
345,3,32,0,32400,1261,0.038919753086419755,24.387786865234375,0.7523148148148148,1.3433782712133227
345,3,32,1,32400,91,0.002808641975308642,34.79121017456055,0.045454545454545456,0.02197802197802198
345,3,32,2,32400,592,0.018271604938271607,31.07770347595215,0.6870967741935484,0.9864864864864865
345,3,33,0,32400,1348,0.04160493827160494,10.667655944824219,0.8009516256938938,1.370919881305638
345,3,33,1,32400,79,0.0024382716049382715,8.113924026489258,0.054945054945054944,0.0
345,3,33,2,32400,684,0.021111111111111112,9.720760345458984,0.7415540540540541,0.9736842105263158
345,3,34,0,32400,1386,0.042777777777777776,13.479798316955566,0.8011869436201781,1.3795093795093796
345,3,34,1,32400,100,0.0030864197530864196,13.069999694824219,0.06329113924050633,0.0
345,3,34,2,32400,682,0.02104938271604938,12.507330894470215,0.6988304093567251,0.9457478005865103
345,3,35,0,32400,1529,0.047191358024691356,12.596467971801758,0.8398268398268398,1.4166121648136036
345,3,35,1,32400,75,0.0023148148148148147,20.33333396911621,0.06,0.013333333333333334
345,3,35,2,32400,724,0.02234567901234568,13.053868293762207,0.7346041055718475,0.9516574585635359
346,0,1,0,32400,171,0.005277777777777778,30.011695861816406,-1.0,0.3391812865497076
346,0,1,1,32400,88,0.0027160493827160493,14.704548835754395,-1.0,0.011363636363636364
346,0,1,2,32400,61,0.001882716049382716,12.852458000183105,-1.0,0.03278688524590164
346,0,2,0,32400,208,0.006419753086419753,13.4182710647583,0.34502923976608185,0.3557692307692308
346,0,2,1,32400,91,0.002808641975308642,14.538461685180664,0.06818181818181818,0.01098901098901099
346,0,2,2,32400,64,0.0019753086419753087,14.328126907348633,0.11475409836065574,0.015625
346,0,3,0,32400,258,0.007962962962962963,11.627906799316406,0.42788461538461536,0.47674418604651164
346,0,3,1,32400,65,0.002006172839506173,10.646153450012207,0.06593406593406594,0.0
346,0,3,2,32400,83,0.0025617283950617282,7.975903511047363,0.15625,0.024096385542168676
346,0,4,0,32400,278,0.008580246913580248,16.017986297607422,0.46511627906976744,0.5467625899280576
346,0,4,1,32400,85,0.002623456790123457,9.564705848693848,0.06153846153846154,0.0
346,0,4,2,32400,80,0.0024691358024691358,17.700002670288086,0.14457831325301204,0.0375
346,0,5,0,32400,291,0.008981481481481481,8.972508430480957,0.46402877697841727,0.6907216494845361
346,0,5,1,32400,81,0.0025,10.75308609008789,0.047058823529411764,0.0
346,0,5,2,32400,87,0.002685185185185185,10.482758522033691,0.2,0.1724137931034483
346,0,6,0,32400,301,0.009290123456790124,14.199335098266602,0.4948453608247423,0.5780730897009967
346,0,6,1,32400,86,0.002654320987654321,13.755813598632812,0.09876543209876543,0.0
346,0,6,2,32400,91,0.002808641975308642,13.483516693115234,0.21839080459770116,0.14285714285714285
346,0,7,0,32400,347,0.010709876543209877,14.086455345153809,0.5249169435215947,0.659942363112392
346,0,7,1,32400,87,0.002685185185185185,13.471263885498047,0.046511627906976744,0.0
346,0,7,2,32400,106,0.003271604938271605,12.43396282196045,0.31868131868131866,0.20754716981132076
346,0,8,0,32400,410,0.012654320987654321,10.5,0.5677233429394812,0.7658536585365854
346,0,8,1,32400,91,0.002808641975308642,8.670330047607422,0.06896551724137931,0.01098901098901099
346,0,8,2,32400,117,0.003611111111111111,8.7350435256958,0.36792452830188677,0.37606837606837606
346,0,9,0,32400,381,0.01175925925925926,16.595800399780273,0.5170731707317073,0.7585301837270341
346,0,9,1,32400,99,0.0030555555555555557,18.000001907348633,0.04395604395604396,0.010101010101010102
346,0,9,2,32400,133,0.004104938271604938,13.248120307922363,0.36752136752136755,0.39849624060150374
346,0,10,0,32400,429,0.01324074074074074,9.123543739318848,0.5774278215223098,0.8438228438228438
346,0,10,1,32400,85,0.002623456790123457,8.764705657958984,0.020202020202020204,0.011764705882352941
346,0,10,2,32400,141,0.0043518518518518515,8.907800674438477,0.3609022556390977,0.28368794326241137
346,0,11,0,32400,446,0.013765432098765433,13.060539245605469,0.5920745920745921,0.9887892376681614
346,0,11,1,32400,83,0.0025617283950617282,16.060239791870117,0.07058823529411765,0.012048192771084338
346,0,11,2,32400,160,0.0049382716049382715,10.90625,0.41843971631205673,0.4
346,0,12,0,32400,486,0.015,11.213991165161133,0.6569506726457399,0.9876543209876543
346,0,12,1,32400,90,0.002777777777777778,7.344444751739502,0.060240963855421686,0.0
346,0,12,2,32400,191,0.005895061728395061,12.445026397705078,0.53125,0.4973821989528796
346,0,13,0,32400,552,0.017037037037037038,14.789856910705566,0.6934156378600823,1.0416666666666667
346,0,13,1,32400,88,0.0027160493827160493,27.602279663085938,0.05555555555555555,0.0
346,0,13,2,32400,225,0.006944444444444444,16.631113052368164,0.5706806282722513,0.6711111111111111
346,0,14,0,32400,603,0.01861111111111111,22.23383140563965,0.6739130434782609,1.0281923714759535
346,0,14,1,32400,83,0.0025617283950617282,13.903614044189453,0.045454545454545456,0.0
346,0,14,2,32400,248,0.007654320987654321,18.28628921508789,0.5866666666666667,0.7741935483870968
346,0,15,0,32400,746,0.02302469135802469,11.518767356872559,0.7446102819237148,1.0951742627345844
346,0,15,1,32400,86,0.002654320987654321,7.023255825042725,0.0963855421686747,0.011627906976744186
346,0,15,2,32400,302,0.009320987654320987,12.65231704711914,0.6532258064516129,0.7251655629139073
346,0,16,0,32400,707,0.021820987654320986,11.480905532836914,0.675603217158177,1.113154172560113
346,0,16,1,32400,84,0.0025925925925925925,11.583333969116211,0.046511627906976744,0.0
346,0,16,2,32400,293,0.00904320987654321,13.928327560424805,0.6059602649006622,0.7747440273037542
346,0,17,0,32400,800,0.024691358024691357,10.431249618530273,0.7496463932107497,1.205
346,0,17,1,32400,81,0.0025,8.222222328186035,0.047619047619047616,0.0
346,0,17,2,32400,323,0.009969135802469135,12.0,0.6518771331058021,0.7461300309597523
346,0,18,0,32400,825,0.02546296296296296,11.295757293701172,0.745,1.1987878787878787
346,0,18,1,32400,75,0.0023148148148148147,14.40000057220459,0.0,0.0
346,0,18,2,32400,371,0.011450617283950618,10.835578918457031,0.6501547987616099,0.7897574123989218
346,0,19,0,32400,912,0.028148148148148148,10.375,0.7757575757575758,1.236842105263158
346,0,19,1,32400,108,0.0033333333333333335,9.231481552124023,0.10666666666666667,0.0
346,0,19,2,32400,400,0.012345679012345678,8.710000038146973,0.6522911051212938,0.865
346,0,20,0,32400,936,0.028888888888888888,8.446581840515137,0.7467105263157895,1.2371794871794872
346,0,20,1,32400,83,0.0025617283950617282,8.518072128295898,0.08333333333333333,0.012048192771084338
346,0,20,2,32400,418,0.012901234567901234,8.930622100830078,0.6875,0.8516746411483254
346,0,21,0,32400,957,0.02953703703703704,13.385580062866211,0.7681623931623932,1.2539184952978057
346,0,21,1,32400,88,0.0027160493827160493,14.920454978942871,0.07228915662650602,0.011363636363636364
346,0,21,2,32400,441,0.01361111111111111,10.748299598693848,0.6889952153110048,0.8390022675736961
346,0,22,0,32400,1043,0.032191358024691356,7.483221530914307,0.7931034482758621,1.242569511025887
346,0,22,1,32400,81,0.0025,7.864197731018066,0.056818181818181816,0.037037037037037035
346,0,22,2,32400,436,0.01345679012345679,6.944953918457031,0.6575963718820862,0.8463302752293578
346,0,23,0,32400,1051,0.03243827160493827,8.311132431030273,0.763183125599233,1.2283539486203616
346,0,23,1,32400,83,0.0025617283950617282,6.313252925872803,0.024691358024691357,0.0
346,0,23,2,32400,464,0.014320987654320988,8.346982955932617,0.658256880733945,0.7219827586206896
346,0,24,0,32400,1112,0.03432098765432099,19.83453369140625,0.7754519505233112,1.2419064748201438
346,0,24,1,32400,77,0.0023765432098765433,19.72727394104004,0.04819277108433735,0.012987012987012988
346,0,24,2,32400,482,0.014876543209876544,23.441909790039062,0.665948275862069,0.7800829875518672
346,0,25,0,32400,1289,0.03978395061728395,13.315749168395996,0.829136690647482,1.3576415826221877
346,0,25,1,32400,80,0.0024691358024691358,11.199999809265137,0.03896103896103896,0.0125
346,0,25,2,32400,597,0.018425925925925925,13.323283195495605,0.7427385892116183,0.9028475711892797
346,0,26,0,32400,1407,0.04342592592592592,22.784650802612305,0.8161365399534523,1.3972992181947406
346,0,26,1,32400,90,0.002777777777777778,32.06666946411133,0.1125,0.011111111111111112
346,0,26,2,32400,677,0.020895061728395063,18.77843475341797,0.7269681742043551,0.9423929098966026
346,0,27,0,32400,1611,0.04972222222222222,24.44754981994629,0.8585643212508884,1.4220980757293606
346,0,27,1,32400,115,0.0035493827160493828,28.53043556213379,0.1111111111111111,0.0
346,0,27,2,32400,796,0.024567901234567903,18.39196014404297,0.7562776957163959,1.0251256281407035
346,0,28,0,32400,1754,0.0541358024691358,16.371150970458984,0.834885164494103,1.4555302166476625
346,0,28,1,32400,93,0.0028703703703703703,12.946236610412598,0.0782608695652174,0.0
346,0,28,2,32400,884,0.02728395061728395,14.183258056640625,0.7763819095477387,1.0644796380090498
346,0,29,0,32400,1857,0.05731481481481481,22.26063346862793,0.8420752565564424,1.503500269251481
346,0,29,1,32400,85,0.002623456790123457,33.58823776245117,0.06451612903225806,0.011764705882352941
346,0,29,2,32400,934,0.02882716049382716,26.711990356445312,0.7613122171945701,1.0385438972162742
346,0,30,0,32400,1999,0.06169753086419753,9.28314208984375,0.8594507269789984,1.51975987993997
346,0,30,1,32400,73,0.0022530864197530865,9.561643600463867,0.08235294117647059,0.0
346,0,30,2,32400,1075,0.033179012345679014,9.305116653442383,0.778372591006424,1.1088372093023255
346,0,31,0,32400,2028,0.06259259259259259,18.247535705566406,0.8414207103551776,1.4679487179487178
346,0,31,1,32400,89,0.0027469135802469136,12.573034286499023,0.0821917808219178,0.0
346,0,31,2,32400,1083,0.03342592592592593,24.662050247192383,0.7590697674418605,1.080332409972299
346,0,32,0,32400,2153,0.06645061728395062,10.555968284606934,0.861439842209073,1.5090571295866233
346,0,32,1,32400,78,0.0024074074074074076,7.243589878082275,0.10112359550561797,0.0
346,0,32,2,32400,1134,0.035,9.902997970581055,0.7737765466297323,1.0132275132275133
346,0,33,0,32400,2177,0.06719135802469135,13.56316089630127,0.8406874129122155,1.4873679375287092
346,0,33,1,32400,85,0.002623456790123457,11.282353401184082,0.038461538461538464,0.011764705882352941
346,0,33,2,32400,1141,0.03521604938271605,14.624890327453613,0.7513227513227513,0.9430324276950044
346,0,34,0,32400,2439,0.07527777777777778,12.436655044555664,0.8998621956821313,1.5317753177531774
346,0,34,1,32400,79,0.0024382716049382715,11.734179496765137,0.058823529411764705,0.0
346,0,34,2,32400,1298,0.04006172839506173,13.716486930847168,0.7782646801051709,1.0192604006163328
346,0,35,0,32400,2472,0.07629629629629629,26.94822120666504,0.8577285772857729,1.536812297734628
346,0,35,1,32400,82,0.0025308641975308644,30.41463279724121,0.0759493670886076,0.012195121951219513
346,0,35,2,32400,1360,0.04197530864197531,26.663236618041992,0.765793528505393,1.0463235294117648
346,1,1,0,32400,165,0.005092592592592593,7.975757122039795,-1.0,0.2909090909090909
346,1,1,1,32400,107,0.0033024691358024692,20.728971481323242,-1.0,0.018691588785046728
346,1,1,2,32400,56,0.0017283950617283952,22.196430206298828,-1.0,0.017857142857142856
346,1,2,0,32400,182,0.005617283950617284,11.80219841003418,0.30303030303030304,0.25824175824175827
346,1,2,1,32400,94,0.0029012345679012346,14.074467658996582,0.07476635514018691,0.031914893617021274
346,1,2,2,32400,49,0.0015123456790123457,8.959183692932129,0.07142857142857142,0.02040816326530612
346,1,3,0,32400,208,0.006419753086419753,10.120192527770996,0.3241758241758242,0.2548076923076923
346,1,3,1,32400,101,0.003117283950617284,11.504950523376465,0.0851063829787234,0.019801980198019802
346,1,3,2,32400,51,0.001574074074074074,6.529411792755127,0.04081632653061224,0.0
346,1,4,0,32400,214,0.0066049382716049385,10.915887832641602,0.28846153846153844,0.21495327102803738
346,1,4,1,32400,85,0.002623456790123457,19.023529052734375,0.04950495049504951,0.0
346,1,4,2,32400,52,0.0016049382716049382,13.846155166625977,0.058823529411764705,0.038461538461538464
346,1,5,0,32400,210,0.006481481481481481,8.928571701049805,0.2757009345794392,0.3047619047619048
346,1,5,1,32400,99,0.0030555555555555557,7.232323169708252,0.047058823529411764,0.0
346,1,5,2,32400,51,0.001574074074074074,9.882352828979492,0.057692307692307696,0.0
346,1,6,0,32400,202,0.006234567901234568,15.08910846710205,0.30952380952380953,0.3465346534653465
346,1,6,1,32400,87,0.002685185185185185,7.896551609039307,0.050505050505050504,0.011494252873563218
346,1,6,2,32400,64,0.0019753086419753087,10.859375,0.058823529411764705,0.015625
346,1,7,0,32400,235,0.007253086419753086,11.204255104064941,0.3811881188118812,0.39148936170212767
346,1,7,1,32400,81,0.0025,8.580246925354004,0.011494252873563218,0.0
346,1,7,2,32400,62,0.0019135802469135803,7.161290168762207,0.078125,0.016129032258064516
346,1,8,0,32400,209,0.006450617283950617,7.215310573577881,0.34893617021276596,0.27751196172248804
346,1,8,1,32400,107,0.0033024691358024692,8.289719581604004,0.07407407407407407,0.009345794392523364
346,1,8,2,32400,59,0.0018209876543209876,7.01694917678833,0.08064516129032258,0.03389830508474576
346,1,9,0,32400,183,0.005648148148148148,8.85792350769043,0.2727272727272727,0.24043715846994534
346,1,9,1,32400,100,0.0030864197530864196,10.819999694824219,0.04672897196261682,0.0
346,1,9,2,32400,57,0.0017592592592592592,45.38597106933594,0.06779661016949153,0.0
346,1,10,0,32400,195,0.0060185185185185185,9.569231033325195,0.28415300546448086,0.28717948717948716
346,1,10,1,32400,106,0.003271604938271605,12.132075309753418,0.02,0.0
346,1,10,2,32400,61,0.001882716049382716,7.459015846252441,0.14035087719298245,0.03278688524590164
346,1,11,0,32400,226,0.006975308641975308,9.274335861206055,0.3230769230769231,0.33185840707964603
346,1,11,1,32400,80,0.0024691358024691358,10.41249942779541,0.05660377358490566,0.0
346,1,11,2,32400,62,0.0019135802469135803,10.629032135009766,0.11475409836065574,0.0
346,1,12,0,32400,218,0.006728395061728395,10.458715438842773,0.29646017699115046,0.22935779816513763
346,1,12,1,32400,82,0.0025308641975308644,15.475608825683594,0.025,0.0
346,1,12,2,32400,62,0.0019135802469135803,14.919354438781738,0.08064516129032258,0.0
346,1,13,0,32400,245,0.007561728395061728,14.824491500854492,0.3211009174311927,0.3469387755102041
346,1,13,1,32400,79,0.0024382716049382715,11.645569801330566,0.06097560975609756,0.0
346,1,13,2,32400,80,0.0024691358024691358,11.52500057220459,0.11290322580645161,0.025
346,1,14,0,32400,262,0.00808641975308642,16.767175674438477,0.4,0.46564885496183206
346,1,14,1,32400,99,0.0030555555555555557,9.161616325378418,0.08860759493670886,0.030303030303030304
346,1,14,2,32400,96,0.002962962962962963,14.854166984558105,0.1875,0.052083333333333336
346,1,15,0,32400,296,0.009135802469135803,16.006757736206055,0.46946564885496184,0.44256756756756754
346,1,15,1,32400,93,0.0028703703703703703,9.5591402053833,0.0707070707070707,0.0
346,1,15,2,32400,85,0.002623456790123457,6.576470851898193,0.14583333333333334,0.09411764705882353
346,1,16,0,32400,292,0.009012345679012346,16.380136489868164,0.3918918918918919,0.476027397260274
346,1,16,1,32400,88,0.0027160493827160493,17.863636016845703,0.053763440860215055,0.011363636363636364
346,1,16,2,32400,81,0.0025,19.0864200592041,0.1411764705882353,0.06172839506172839
346,1,17,0,32400,359,0.011080246913580246,10.927576065063477,0.4965753424657534,0.5710306406685237
346,1,17,1,32400,95,0.002932098765432099,9.600000381469727,0.13636363636363635,0.0
346,1,17,2,32400,77,0.0023765432098765433,9.883116722106934,0.20987654320987653,0.15584415584415584
346,1,18,0,32400,347,0.010709876543209877,10.567723274230957,0.4456824512534819,0.6368876080691642
346,1,18,1,32400,82,0.0025308641975308644,14.09756088256836,0.10526315789473684,0.024390243902439025
346,1,18,2,32400,113,0.003487654320987654,14.0,0.2857142857142857,0.20353982300884957
346,1,19,0,32400,380,0.011728395061728396,8.889473915100098,0.5100864553314121,0.7947368421052632
346,1,19,1,32400,84,0.0025925925925925925,8.464285850524902,0.0975609756097561,0.0
346,1,19,2,32400,122,0.003765432098765432,10.9180326461792,0.2831858407079646,0.1885245901639344
346,1,20,0,32400,405,0.0125,8.24691390991211,0.55,0.8049382716049382
346,1,20,1,32400,73,0.0022530864197530865,7.520547866821289,0.023809523809523808,0.0
346,1,20,2,32400,138,0.0042592592592592595,8.876811981201172,0.39344262295081966,0.3188405797101449
346,1,21,0,32400,399,0.012314814814814815,11.80200481414795,0.5555555555555556,0.87468671679198
346,1,21,1,32400,81,0.0025,11.530864715576172,0.0821917808219178,0.0
346,1,21,2,32400,162,0.005,21.475309371948242,0.463768115942029,0.41358024691358025
346,1,22,0,32400,445,0.013734567901234567,7.737078666687012,0.6190476190476191,0.8134831460674158
346,1,22,1,32400,65,0.002006172839506173,10.661538124084473,0.06172839506172839,0.0
346,1,22,2,32400,177,0.005462962962962963,8.152542114257812,0.5,0.5254237288135594
346,1,23,0,32400,437,0.013487654320987655,8.553775787353516,0.5797752808988764,0.9107551487414187
346,1,23,1,32400,86,0.002654320987654321,10.44186019897461,0.13846153846153847,0.0
346,1,23,2,32400,166,0.0051234567901234564,9.6987943649292,0.5141242937853108,0.5180722891566265
346,1,24,0,32400,468,0.014444444444444444,33.45513153076172,0.6430205949656751,0.9294871794871795
346,1,24,1,32400,88,0.0027160493827160493,39.772735595703125,0.10465116279069768,0.0
346,1,24,2,32400,191,0.005895061728395061,23.52879524230957,0.5421686746987951,0.4712041884816754
346,1,25,0,32400,614,0.018950617283950616,12.631921768188477,0.717948717948718,1.0504885993485342
346,1,25,1,32400,100,0.0030864197530864196,12.139999389648438,0.07954545454545454,0.0
346,1,25,2,32400,245,0.007561728395061728,10.416326522827148,0.5706806282722513,0.6775510204081633
346,1,26,0,32400,660,0.020370370370370372,22.795455932617188,0.6921824104234527,1.112121212121212
346,1,26,1,32400,85,0.002623456790123457,12.376470565795898,0.11,0.0
346,1,26,2,32400,272,0.008395061728395062,14.621323585510254,0.6040816326530613,0.7573529411764706
346,1,27,0,32400,741,0.02287037037037037,21.680160522460938,0.7136363636363636,1.1592442645074224
346,1,27,1,32400,100,0.0030864197530864196,16.14000129699707,0.07058823529411765,0.03
346,1,27,2,32400,326,0.010061728395061729,28.81901741027832,0.6948529411764706,0.8374233128834356
346,1,28,0,32400,850,0.026234567901234566,17.099998474121094,0.747638326585695,1.2317647058823529
346,1,28,1,32400,84,0.0025925925925925925,16.476192474365234,0.07,0.0
346,1,28,2,32400,375,0.011574074074074073,14.426666259765625,0.6809815950920245,0.96
346,1,29,0,32400,933,0.028796296296296296,19.19399642944336,0.7694117647058824,1.307609860664523
346,1,29,1,32400,87,0.002685185185185185,8.22988510131836,0.05952380952380952,0.011494252873563218
346,1,29,2,32400,419,0.0129320987654321,28.968975067138672,0.72,0.9665871121718377
346,1,30,0,32400,1025,0.031635802469135804,8.829268455505371,0.7813504823151125,1.2517073170731707
346,1,30,1,32400,91,0.002808641975308642,10.538461685180664,0.06896551724137931,0.01098901098901099
346,1,30,2,32400,458,0.014135802469135803,9.631004333496094,0.7303102625298329,1.017467248908297
346,1,31,0,32400,965,0.02978395061728395,20.382383346557617,0.7326829268292683,1.2652849740932643
346,1,31,1,32400,85,0.002623456790123457,16.917648315429688,0.07692307692307693,0.0
346,1,31,2,32400,482,0.014876543209876544,21.23236656188965,0.7052401746724891,0.9045643153526971
346,1,32,0,32400,1061,0.032746913580246916,10.963242530822754,0.7854922279792746,1.2507068803016022
346,1,32,1,32400,82,0.0025308641975308644,12.475608825683594,0.047058823529411764,0.012195121951219513
346,1,32,2,32400,470,0.014506172839506172,9.619148254394531,0.6825726141078838,0.9765957446808511
346,1,33,0,32400,1109,0.034228395061728395,12.568079948425293,0.7681432610744581,1.248872858431019
346,1,33,1,32400,89,0.0027469135802469136,15.101123809814453,0.024390243902439025,0.0
346,1,33,2,32400,473,0.014598765432098766,12.350951194763184,0.6872340425531915,0.8329809725158562
346,1,34,0,32400,1199,0.03700617283950617,12.836530685424805,0.7926059513074842,1.3094245204336947
346,1,34,1,32400,89,0.0027469135802469136,8.101123809814453,0.0898876404494382,0.011235955056179775
346,1,34,2,32400,570,0.017592592592592594,12.252632141113281,0.7251585623678647,0.9122807017543859
346,1,35,0,32400,1241,0.03830246913580247,19.85012435913086,0.7889908256880734,1.3432715551974215
346,1,35,1,32400,104,0.0032098765432098763,18.538461685180664,0.07865168539325842,0.0
346,1,35,2,32400,595,0.0183641975308642,33.56134796142578,0.6859649122807018,0.9142857142857143
346,2,1,0,32400,165,0.005092592592592593,19.036365509033203,-1.0,0.296969696969697
346,2,1,1,32400,117,0.003611111111111111,13.760686874389648,-1.0,0.0
346,2,1,2,32400,63,0.0019444444444444444,6.285714626312256,-1.0,0.031746031746031744
346,2,2,0,32400,192,0.005925925925925926,12.239583969116211,0.34545454545454546,0.2760416666666667
346,2,2,1,32400,95,0.002932098765432099,12.484210968017578,0.09401709401709402,0.0
346,2,2,2,32400,42,0.0012962962962962963,8.952381134033203,0.06349206349206349,0.0
346,2,3,0,32400,227,0.007006172839506173,11.114537239074707,0.3541666666666667,0.2555066079295154
346,2,3,1,32400,95,0.002932098765432099,11.347369194030762,0.07368421052631578,0.010526315789473684
346,2,3,2,32400,44,0.0013580246913580246,11.61363697052002,0.023809523809523808,0.0
346,2,4,0,32400,220,0.006790123456790123,16.909090042114258,0.33480176211453744,0.19545454545454546
346,2,4,1,32400,105,0.0032407407407407406,17.552379608154297,0.05263157894736842,0.0
346,2,4,2,32400,81,0.0025,8.987654685974121,0.06818181818181818,0.024691358024691357
346,2,5,0,32400,261,0.008055555555555555,7.750957489013672,0.3409090909090909,0.20689655172413793
346,2,5,1,32400,74,0.002283950617283951,11.513513565063477,0.05714285714285714,0.0
346,2,5,2,32400,59,0.0018209876543209876,10.915254592895508,0.04938271604938271,0.0
346,2,6,0,32400,240,0.007407407407407408,12.695834159851074,0.2720306513409962,0.22916666666666666
346,2,6,1,32400,90,0.002777777777777778,24.88888931274414,0.06756756756756757,0.0
346,2,6,2,32400,45,0.001388888888888889,13.755556106567383,0.01694915254237288,0.0
346,2,7,0,32400,254,0.007839506172839506,11.724409103393555,0.3333333333333333,0.3031496062992126
346,2,7,1,32400,84,0.0025925925925925925,21.59524154663086,0.1111111111111111,0.0
346,2,7,2,32400,67,0.002067901234567901,11.552238464355469,0.06666666666666667,0.029850746268656716
346,2,8,0,32400,240,0.007407407407407408,9.425000190734863,0.3661417322834646,0.3541666666666667
346,2,8,1,32400,86,0.002654320987654321,5.8255815505981445,0.03571428571428571,0.0
346,2,8,2,32400,81,0.0025,7.0740742683410645,0.05970149253731343,0.024691358024691357
346,2,9,0,32400,222,0.006851851851851852,13.108108520507812,0.325,0.3108108108108108
346,2,9,1,32400,97,0.002993827160493827,9.237112998962402,0.03488372093023256,0.010309278350515464
346,2,9,2,32400,66,0.002037037037037037,8.378787994384766,0.12345679012345678,0.015151515151515152
346,2,10,0,32400,225,0.006944444444444444,8.106666564941406,0.33783783783783783,0.22666666666666666
346,2,10,1,32400,101,0.003117283950617284,10.821782112121582,0.041237113402061855,0.019801980198019802
346,2,10,2,32400,61,0.001882716049382716,9.229507446289062,0.09090909090909091,0.03278688524590164
346,2,11,0,32400,221,0.006820987654320988,13.990950584411621,0.31555555555555553,0.23076923076923078
346,2,11,1,32400,83,0.0025617283950617282,10.93975830078125,0.09900990099009901,0.012048192771084338
346,2,11,2,32400,70,0.0021604938271604936,7.77142858505249,0.22950819672131148,0.02857142857142857
346,2,12,0,32400,254,0.007839506172839506,15.177165031433105,0.3891402714932127,0.32677165354330706
346,2,12,1,32400,93,0.0028703703703703703,19.07526969909668,0.024096385542168676,0.0
346,2,12,2,32400,70,0.0021604938271604936,15.285714149475098,0.04285714285714286,0.08571428571428572
346,2,13,0,32400,285,0.008796296296296297,11.691228866577148,0.41338582677165353,0.4807017543859649
346,2,13,1,32400,95,0.002932098765432099,12.663158416748047,0.043010752688172046,0.031578947368421054
346,2,13,2,32400,74,0.002283950617283951,23.945947647094727,0.08571428571428572,0.02702702702702703
346,2,14,0,32400,295,0.009104938271604938,17.444067001342773,0.45614035087719296,0.5525423728813559
346,2,14,1,32400,90,0.002777777777777778,10.877778053283691,0.06315789473684211,0.011111111111111112
346,2,14,2,32400,79,0.0024382716049382715,12.696203231811523,0.14864864864864866,0.0759493670886076
346,2,15,0,32400,356,0.010987654320987654,16.396066665649414,0.5525423728813559,0.7050561797752809
346,2,15,1,32400,80,0.0024691358024691358,7.4375,0.022222222222222223,0.025
346,2,15,2,32400,73,0.0022530864197530865,8.164383888244629,0.13924050632911392,0.1232876712328767
346,2,16,0,32400,359,0.011080246913580246,16.1532039642334,0.5393258426966292,0.7298050139275766
346,2,16,1,32400,95,0.002932098765432099,11.810526847839355,0.0375,0.0
346,2,16,2,32400,96,0.002962962962962963,16.781251907348633,0.2876712328767123,0.17708333333333334
346,2,17,0,32400,413,0.012746913580246913,10.489104270935059,0.5682451253481894,0.7578692493946732
346,2,17,1,32400,91,0.002808641975308642,8.01098918914795,0.06315789473684211,0.0
346,2,17,2,32400,113,0.003487654320987654,12.796460151672363,0.375,0.336283185840708
346,2,18,0,32400,418,0.012901234567901234,9.562200546264648,0.5907990314769975,0.8995215311004785
346,2,18,1,32400,92,0.002839506172839506,8.934782981872559,0.04395604395604396,0.0
346,2,18,2,32400,123,0.0037962962962962963,11.707316398620605,0.4424778761061947,0.3089430894308943
346,2,19,0,32400,461,0.014228395061728395,8.583514213562012,0.645933014354067,0.9414316702819957
346,2,19,1,32400,96,0.002962962962962963,9.489583969116211,0.08695652173913043,0.0
346,2,19,2,32400,160,0.0049382716049382715,8.86875057220459,0.44715447154471544,0.3625
346,2,20,0,32400,492,0.015185185185185185,8.575202941894531,0.6225596529284165,0.8841463414634146
346,2,20,1,32400,89,0.0027469135802469136,11.247191429138184,0.041666666666666664,0.0
346,2,20,2,32400,167,0.005154320987654321,8.994011878967285,0.4125,0.40119760479041916
346,2,21,0,32400,511,0.015771604938271604,10.974559783935547,0.6280487804878049,0.9178082191780822
346,2,21,1,32400,104,0.0032098765432098763,13.538461685180664,0.12359550561797752,0.0
346,2,21,2,32400,169,0.005216049382716049,9.491124153137207,0.4251497005988024,0.4437869822485207
346,2,22,0,32400,543,0.01675925925925926,7.355432987213135,0.6594911937377691,0.9779005524861878
346,2,22,1,32400,88,0.0027160493827160493,6.920454978942871,0.028846153846153848,0.022727272727272728
346,2,22,2,32400,185,0.005709876543209876,7.394594669342041,0.46745562130177515,0.3945945945945946
346,2,23,0,32400,535,0.016512345679012344,8.818692207336426,0.6390423572744015,0.9514018691588785
346,2,23,1,32400,108,0.0033333333333333335,7.629629611968994,0.045454545454545456,0.0
346,2,23,2,32400,187,0.005771604938271605,8.128342628479004,0.4648648648648649,0.37967914438502676
346,2,24,0,32400,554,0.017098765432098765,20.14259910583496,0.6542056074766355,1.0216606498194947
346,2,24,1,32400,91,0.002808641975308642,20.692310333251953,0.037037037037037035,0.01098901098901099
346,2,24,2,32400,181,0.00558641975308642,19.259668350219727,0.45989304812834225,0.4530386740331492
346,2,25,0,32400,682,0.02104938271604938,13.143694877624512,0.7436823104693141,1.1671554252199414
346,2,25,1,32400,88,0.0027160493827160493,9.681818008422852,0.06593406593406594,0.022727272727272728
346,2,25,2,32400,234,0.007222222222222222,13.572649955749512,0.580110497237569,0.6282051282051282
346,2,26,0,32400,770,0.023765432098765433,19.45844078063965,0.7653958944281525,1.2766233766233765
346,2,26,1,32400,107,0.0033024691358024692,23.663551330566406,0.03409090909090909,0.009345794392523364
346,2,26,2,32400,297,0.009166666666666667,19.121213912963867,0.6153846153846154,0.6363636363636364
346,2,27,0,32400,925,0.02854938271604938,34.16648483276367,0.7857142857142857,1.2075675675675677
346,2,27,1,32400,87,0.002685185185185185,17.65517234802246,0.07476635514018691,0.0
346,2,27,2,32400,334,0.010308641975308641,32.25149917602539,0.5993265993265994,0.7425149700598802
346,2,28,0,32400,1009,0.031141975308641975,15.60158634185791,0.7383783783783784,1.2576808721506443
346,2,28,1,32400,87,0.002685185185185185,19.09195327758789,0.04597701149425287,0.0
346,2,28,2,32400,411,0.012685185185185185,17.82724952697754,0.6676646706586826,0.7980535279805353
346,2,29,0,32400,1087,0.03354938271604938,26.835325241088867,0.7611496531219029,1.2594296228150874
346,2,29,1,32400,96,0.002962962962962963,20.14583396911621,0.022988505747126436,0.020833333333333332
346,2,29,2,32400,475,0.014660493827160493,22.433683395385742,0.6909975669099757,0.8105263157894737
346,2,30,0,32400,1246,0.03845679012345679,8.862760543823242,0.8022079116835327,1.3146067415730338
346,2,30,1,32400,81,0.0025,10.148148536682129,0.125,0.012345679012345678
346,2,30,2,32400,563,0.017376543209876544,7.905861854553223,0.7094736842105264,0.9289520426287744
346,2,31,0,32400,1263,0.03898148148148148,19.714963912963867,0.7471910112359551,1.3056215360253365
346,2,31,1,32400,88,0.0027160493827160493,14.522727966308594,0.07407407407407407,0.011363636363636364
346,2,31,2,32400,538,0.01660493827160494,14.360594749450684,0.6714031971580817,0.8382899628252788
346,2,32,0,32400,1361,0.042006172839506174,9.5569429397583,0.8091844813935075,1.3703159441587067
346,2,32,1,32400,82,0.0025308641975308644,11.682926177978516,0.10227272727272728,0.012195121951219513
346,2,32,2,32400,608,0.018765432098765432,9.605262756347656,0.70817843866171,0.8799342105263158
346,2,33,0,32400,1404,0.043333333333333335,13.899572372436523,0.8038207200587804,1.3440170940170941
346,2,33,1,32400,108,0.0033333333333333335,11.425926208496094,0.0975609756097561,0.0
346,2,33,2,32400,615,0.01898148148148148,13.107316970825195,0.6759868421052632,0.8308943089430895
346,2,34,0,32400,1596,0.04925925925925926,13.110275268554688,0.8304843304843305,1.394736842105263
346,2,34,1,32400,94,0.0029012345679012346,13.180850982666016,0.037037037037037035,0.0
346,2,34,2,32400,712,0.02197530864197531,13.147472381591797,0.7333333333333333,0.8834269662921348
346,2,35,0,32400,1697,0.052376543209876544,26.15144920349121,0.8070175438596491,1.3789039481437833
346,2,35,1,32400,92,0.002839506172839506,46.413047790527344,0.02127659574468085,0.010869565217391304
346,2,35,2,32400,738,0.02277777777777778,26.746612548828125,0.699438202247191,0.9349593495934959
346,3,1,0,32400,167,0.005154320987654321,14.485030174255371,-1.0,0.3473053892215569
346,3,1,1,32400,98,0.0030246913580246914,27.387754440307617,-1.0,0.04081632653061224
346,3,1,2,32400,59,0.0018209876543209876,19.32203483581543,-1.0,0.03389830508474576
346,3,2,0,32400,218,0.006728395061728395,18.220184326171875,0.3652694610778443,0.29357798165137616
346,3,2,1,32400,104,0.0032098765432098763,13.019230842590332,0.08163265306122448,0.0
346,3,2,2,32400,78,0.0024074074074074076,16.564102172851562,0.11864406779661017,0.01282051282051282
346,3,3,0,32400,299,0.009228395061728395,10.341136932373047,0.43119266055045874,0.451505016722408
346,3,3,1,32400,81,0.0025,10.641975402832031,0.0673076923076923,0.012345679012345678
346,3,3,2,32400,83,0.0025617283950617282,11.192770957946777,0.07692307692307693,0.024096385542168676
346,3,4,0,32400,312,0.00962962962962963,13.919872283935547,0.451505016722408,0.5256410256410257
346,3,4,1,32400,71,0.002191358024691358,13.450705528259277,0.0,0.0
346,3,4,2,32400,87,0.002685185185185185,9.908045768737793,0.12048192771084337,0.04597701149425287
346,3,5,0,32400,312,0.00962962962962963,9.532051086425781,0.44871794871794873,0.6378205128205128
346,3,5,1,32400,87,0.002685185185185185,9.735631942749023,0.09859154929577464,0.0
346,3,5,2,32400,98,0.0030246913580246914,9.744897842407227,0.19540229885057472,0.07142857142857142
346,3,6,0,32400,311,0.009598765432098765,11.311897277832031,0.49038461538461536,0.7138263665594855
346,3,6,1,32400,92,0.002839506172839506,15.086956977844238,0.05747126436781609,0.0
346,3,6,2,32400,82,0.0025308641975308644,15.951218605041504,0.1836734693877551,0.0975609756097561
346,3,7,0,32400,323,0.009969135802469135,11.572754859924316,0.5176848874598071,0.7585139318885449
346,3,7,1,32400,86,0.002654320987654321,9.151163101196289,0.03260869565217391,0.0
346,3,7,2,32400,94,0.0029012345679012346,12.319149017333984,0.23170731707317074,0.18085106382978725
346,3,8,0,32400,364,0.011234567901234569,10.766484260559082,0.5634674922600619,0.717032967032967
346,3,8,1,32400,100,0.0030864197530864196,9.959999084472656,0.046511627906976744,0.02
346,3,8,2,32400,125,0.0038580246913580245,6.576000213623047,0.3723404255319149,0.256
346,3,9,0,32400,387,0.011944444444444445,13.842377662658691,0.5164835164835165,0.7183462532299741
346,3,9,1,32400,86,0.002654320987654321,18.802326202392578,0.03,0.0
346,3,9,2,32400,116,0.003580246913580247,19.810344696044922,0.32,0.1896551724137931
346,3,10,0,32400,409,0.012623456790123456,8.156479835510254,0.5271317829457365,0.7481662591687042
346,3,10,1,32400,89,0.0027469135802469136,8.393258094787598,0.08139534883720931,0.011235955056179775
346,3,10,2,32400,112,0.0034567901234567903,7.053571701049805,0.3017241379310345,0.23214285714285715
346,3,11,0,32400,406,0.012530864197530864,12.741378784179688,0.5354523227383863,0.7266009852216748
346,3,11,1,32400,90,0.002777777777777778,7.366666793823242,0.056179775280898875,0.022222222222222223
346,3,11,2,32400,125,0.0038580246913580245,11.384000778198242,0.375,0.336
346,3,12,0,32400,412,0.01271604938271605,12.713592529296875,0.5517241379310345,0.8859223300970874
346,3,12,1,32400,85,0.002623456790123457,11.764705657958984,0.05555555555555555,0.011764705882352941
346,3,12,2,32400,143,0.00441358024691358,10.251748085021973,0.392,0.3706293706293706
346,3,13,0,32400,500,0.015432098765432098,15.734003067016602,0.6674757281553398,0.942
346,3,13,1,32400,77,0.0023765432098765433,15.597402572631836,0.047058823529411764,0.0
346,3,13,2,32400,161,0.004969135802469136,12.329194068908691,0.46153846153846156,0.5341614906832298
346,3,14,0,32400,551,0.017006172839506173,18.813066482543945,0.656,1.0163339382940109
346,3,14,1,32400,71,0.002191358024691358,13.788732528686523,0.09090909090909091,0.0
346,3,14,2,32400,184,0.005679012345679012,16.565217971801758,0.4968944099378882,0.5652173913043478
346,3,15,0,32400,630,0.019444444444444445,11.4984130859375,0.6932849364791288,1.1507936507936507
346,3,15,1,32400,81,0.0025,19.481481552124023,0.07042253521126761,0.012345679012345678
346,3,15,2,32400,242,0.007469135802469135,13.334710121154785,0.5760869565217391,0.6198347107438017
346,3,16,0,32400,659,0.020339506172839507,12.415781021118164,0.7015873015873015,1.1153262518968134
346,3,16,1,32400,94,0.0029012345679012346,12.287233352661133,0.024691358024691357,0.02127659574468085
346,3,16,2,32400,274,0.00845679012345679,14.0,0.5537190082644629,0.5583941605839416
346,3,17,0,32400,722,0.02228395061728395,11.019390106201172,0.723823975720789,1.1980609418282548
346,3,17,1,32400,77,0.0023765432098765433,12.662337303161621,0.09574468085106383,0.012987012987012988
346,3,17,2,32400,299,0.009228395061728395,10.377925872802734,0.5802919708029197,0.7558528428093646
346,3,18,0,32400,768,0.023703703703703703,11.59765625,0.7354570637119113,1.1861979166666667
346,3,18,1,32400,76,0.002345679012345679,10.736842155456543,0.025974025974025976,0.0
346,3,18,2,32400,318,0.009814814814814814,13.339622497558594,0.6254180602006689,0.7861635220125787
346,3,19,0,32400,853,0.026327160493827162,10.162954330444336,0.76171875,1.2203985932004688
346,3,19,1,32400,88,0.0027160493827160493,10.943182945251465,0.07894736842105263,0.011363636363636364
346,3,19,2,32400,354,0.010925925925925926,10.412429809570312,0.6761006289308176,0.7909604519774012
346,3,20,0,32400,889,0.027438271604938273,8.618673324584961,0.7514654161781946,1.265466816647919
346,3,20,1,32400,75,0.0023148148148148147,10.600000381469727,0.0,0.0
346,3,20,2,32400,366,0.011296296296296296,8.80874252319336,0.652542372881356,0.7868852459016393
346,3,21,0,32400,924,0.02851851851851852,13.445887565612793,0.7626546681664792,1.2846320346320346
346,3,21,1,32400,90,0.002777777777777778,17.344444274902344,0.08,0.0
346,3,21,2,32400,377,0.011635802469135802,14.676392555236816,0.6530054644808743,0.7559681697612732
346,3,22,0,32400,956,0.029506172839506174,8.049162864685059,0.7716450216450217,1.286610878661088
346,3,22,1,32400,84,0.0025925925925925925,7.773809432983398,0.044444444444444446,0.011904761904761904
346,3,22,2,32400,417,0.01287037037037037,8.513189315795898,0.6816976127320955,0.7961630695443646
346,3,23,0,32400,967,0.02984567901234568,8.584280967712402,0.7813807531380753,1.2843846949327817
346,3,23,1,32400,78,0.0024074074074074076,10.089743614196777,0.05952380952380952,0.0
346,3,23,2,32400,404,0.012469135802469136,9.309405326843262,0.6354916067146283,0.7574257425742574
346,3,24,0,32400,982,0.030308641975308644,24.962322235107422,0.7745604963805585,1.2566191446028514
346,3,24,1,32400,83,0.0025617283950617282,14.01204776763916,0.05128205128205128,0.0
346,3,24,2,32400,418,0.012901234567901234,19.842103958129883,0.6707920792079208,0.722488038277512
346,3,25,0,32400,1232,0.03802469135802469,11.846590995788574,0.8492871690427699,1.3660714285714286
346,3,25,1,32400,97,0.002993827160493827,11.917525291442871,0.07228915662650602,0.020618556701030927
346,3,25,2,32400,528,0.016296296296296295,12.418560981750488,0.7057416267942583,0.8522727272727273
346,3,26,0,32400,1285,0.03966049382716049,19.16575813293457,0.8068181818181818,1.3610894941634242
346,3,26,1,32400,84,0.0025925925925925925,10.333333969116211,0.041237113402061855,0.011904761904761904
346,3,26,2,32400,596,0.01839506172839506,19.536914825439453,0.7064393939393939,0.8993288590604027
346,3,27,0,32400,1462,0.04512345679012346,33.90903091430664,0.8474708171206226,1.4336525307797539
346,3,27,1,32400,78,0.0024074074074074076,47.115379333496094,0.05952380952380952,0.0
346,3,27,2,32400,658,0.02030864197530864,25.145896911621094,0.7365771812080537,0.9680851063829787
346,3,28,0,32400,1653,0.05101851851851852,14.219600677490234,0.8515731874145007,1.4186327888687236
346,3,28,1,32400,92,0.002839506172839506,16.184782028198242,0.10256410256410256,0.0
346,3,28,2,32400,766,0.023641975308641976,17.07571792602539,0.776595744680851,1.0091383812010444
346,3,29,0,32400,1716,0.05296296296296296,26.103729248046875,0.8142770719903206,1.4102564102564104
346,3,29,1,32400,90,0.002777777777777778,29.655555725097656,0.07608695652173914,0.0
346,3,29,2,32400,818,0.025246913580246912,23.496334075927734,0.7571801566579635,0.9816625916870416
346,3,30,0,32400,1926,0.059444444444444446,9.582036018371582,0.8420745920745921,1.4709241952232606
346,3,30,1,32400,90,0.002777777777777778,6.044444561004639,0.05555555555555555,0.011111111111111112
346,3,30,2,32400,927,0.02861111111111111,8.926644325256348,0.7750611246943765,1.0107874865156419
346,3,31,0,32400,1920,0.05925925925925926,18.436979293823242,0.8161993769470405,1.4479166666666667
346,3,31,1,32400,91,0.002808641975308642,13.461539268493652,0.044444444444444446,0.0
346,3,31,2,32400,936,0.028888888888888888,19.901710510253906,0.727076591154261,0.9732905982905983
346,3,32,0,32400,2071,0.06391975308641976,10.003863334655762,0.84375,1.4509898599710285
346,3,32,1,32400,92,0.002839506172839506,10.25,0.10989010989010989,0.021739130434782608
346,3,32,2,32400,987,0.030462962962962963,9.354610443115234,0.7510683760683761,0.9827760891590679
346,3,33,0,32400,2123,0.06552469135802469,12.64295768737793,0.821825205214872,1.402731983042864
346,3,33,1,32400,81,0.0025,9.765432357788086,0.05434782608695652,0.0
346,3,33,2,32400,1002,0.030925925925925926,13.711576461791992,0.7315096251266464,0.9421157684630739
346,3,34,0,32400,2276,0.07024691358024691,13.01142406463623,0.856806406029204,1.4727592267135325
346,3,34,1,32400,73,0.0022530864197530865,9.835615158081055,0.08641975308641975,0.0
346,3,34,2,32400,1107,0.034166666666666665,13.442638397216797,0.7754491017964071,0.989159891598916
346,3,35,0,32400,2346,0.0724074074074074,21.50596809387207,0.8572056239015817,1.5170502983802217
346,3,35,1,32400,94,0.0029012345679012346,32.22340393066406,0.0684931506849315,0.010638297872340425
346,3,35,2,32400,1163,0.03589506172839506,21.077388763427734,0.7588075880758808,1.0146173688736027
347,0,1,0,32400,156,0.004814814814814815,10.474359512329102,-1.0,0.22435897435897437
347,0,1,1,32400,108,0.0033333333333333335,10.629631042480469,-1.0,0.009259259259259259
347,0,1,2,32400,39,0.0012037037037037038,9.179488182067871,-1.0,0.07692307692307693
347,0,2,0,32400,176,0.005432098765432099,10.460227966308594,0.2948717948717949,0.17045454545454544
347,0,2,1,32400,113,0.003487654320987654,7.805309772491455,0.10185185185185185,0.0
347,0,2,2,32400,50,0.0015432098765432098,6.899999618530273,0.10256410256410256,0.06
347,0,3,0,32400,178,0.005493827160493827,14.65168571472168,0.24431818181818182,0.1348314606741573
347,0,3,1,32400,81,0.0025,12.913579940795898,0.05309734513274336,0.012345679012345678
347,0,3,2,32400,59,0.0018209876543209876,9.762711524963379,0.08,0.0
347,0,4,0,32400,171,0.005277777777777778,10.01754379272461,0.2640449438202247,0.10526315789473684
347,0,4,1,32400,79,0.0024382716049382715,9.721519470214844,0.07407407407407407,0.0
347,0,4,2,32400,59,0.0018209876543209876,5.08474588394165,0.03389830508474576,0.0
347,0,5,0,32400,140,0.004320987654320987,10.928571701049805,0.19883040935672514,0.18571428571428572
347,0,5,1,32400,94,0.0029012345679012346,16.03191375732422,0.0379746835443038,0.010638297872340425
347,0,5,2,32400,55,0.0016975308641975309,8.872727394104004,0.01694915254237288,0.0
347,0,6,0,32400,169,0.005216049382716049,10.721893310546875,0.2571428571428571,0.24260355029585798
347,0,6,1,32400,85,0.002623456790123457,12.082353591918945,0.09574468085106383,0.0
347,0,6,2,32400,55,0.0016975308641975309,8.745453834533691,0.01818181818181818,0.0
347,0,7,0,32400,190,0.005864197530864198,10.021053314208984,0.31952662721893493,0.33157894736842103
347,0,7,1,32400,87,0.002685185185185185,7.747126579284668,0.08235294117647059,0.011494252873563218
347,0,7,2,32400,46,0.001419753086419753,13.65217399597168,0.03636363636363636,0.0
347,0,8,0,32400,197,0.006080246913580247,14.842638969421387,0.33157894736842103,0.3147208121827411
347,0,8,1,32400,85,0.002623456790123457,5.811764717102051,0.022988505747126436,0.023529411764705882
347,0,8,2,32400,51,0.001574074074074074,11.137255668640137,0.0,0.0
347,0,9,0,32400,210,0.006481481481481481,9.766667366027832,0.30456852791878175,0.2571428571428571
347,0,9,1,32400,91,0.002808641975308642,8.395604133605957,0.047058823529411764,0.0
347,0,9,2,32400,73,0.0022530864197530865,11.86301326751709,0.058823529411764705,0.0136986301369863
347,0,10,0,32400,220,0.006790123456790123,12.28636360168457,0.3142857142857143,0.3090909090909091
347,0,10,1,32400,89,0.0027469135802469136,12.629213333129883,0.054945054945054944,0.0
347,0,10,2,32400,67,0.002067901234567901,12.537311553955078,0.1232876712328767,0.04477611940298507
347,0,11,0,32400,244,0.007530864197530864,14.803277969360352,0.35454545454545455,0.2581967213114754
347,0,11,1,32400,71,0.002191358024691358,14.183098793029785,0.011235955056179775,0.0
347,0,11,2,32400,62,0.0019135802469135803,14.17741870880127,0.07462686567164178,0.016129032258064516
347,0,12,0,32400,270,0.008333333333333333,21.300003051757812,0.36885245901639346,0.2740740740740741
347,0,12,1,32400,77,0.0023765432098765433,15.675324440002441,0.04225352112676056,0.0
347,0,12,2,32400,58,0.0017901234567901235,20.327590942382812,0.08064516129032258,0.017241379310344827
347,0,13,0,32400,279,0.008611111111111111,20.964157104492188,0.36666666666666664,0.3835125448028674
347,0,13,1,32400,98,0.0030246913580246914,11.857142448425293,0.12987012987012986,0.0
347,0,13,2,32400,75,0.0023148148148148147,12.119999885559082,0.1206896551724138,0.06666666666666667
347,0,14,0,32400,333,0.010277777777777778,11.771772384643555,0.46953405017921146,0.5435435435435435
347,0,14,1,32400,83,0.0025617283950617282,8.903614044189453,0.09183673469387756,0.0
347,0,14,2,32400,69,0.0021296296296296298,11.739130020141602,0.10666666666666667,0.057971014492753624
347,0,15,0,32400,334,0.010308641975308641,13.979042053222656,0.44144144144144143,0.5299401197604791
347,0,15,1,32400,91,0.002808641975308642,11.703296661376953,0.03614457831325301,0.0
347,0,15,2,32400,87,0.002685185185185185,13.88505744934082,0.15942028985507245,0.11494252873563218
347,0,16,0,32400,362,0.01117283950617284,10.466851234436035,0.48502994011976047,0.5303867403314917
347,0,16,1,32400,84,0.0025925925925925925,9.226190567016602,0.054945054945054944,0.0
347,0,16,2,32400,91,0.002808641975308642,11.868132591247559,0.21839080459770116,0.18681318681318682
347,0,17,0,32400,346,0.010679012345679013,12.916184425354004,0.4585635359116022,0.6358381502890174
347,0,17,1,32400,95,0.002932098765432099,17.3157901763916,0.047619047619047616,0.010526315789473684
347,0,17,2,32400,115,0.0035493827160493828,11.391304016113281,0.2967032967032967,0.2782608695652174
347,0,18,0,32400,381,0.01175925925925926,9.766404151916504,0.5260115606936416,0.6561679790026247
347,0,18,1,32400,91,0.002808641975308642,9.593406677246094,0.08421052631578947,0.0
347,0,18,2,32400,103,0.0031790123456790125,9.941747665405273,0.30434782608695654,0.32038834951456313
347,0,19,0,32400,386,0.01191358024691358,8.165802955627441,0.5039370078740157,0.6088082901554405
347,0,19,1,32400,77,0.0023765432098765433,8.49350643157959,0.04395604395604396,0.03896103896103896
347,0,19,2,32400,98,0.0030246913580246914,8.755102157592773,0.27184466019417475,0.17346938775510204
347,0,20,0,32400,388,0.011975308641975308,16.62113380432129,0.5103626943005182,0.7603092783505154
347,0,20,1,32400,77,0.0023765432098765433,14.935065269470215,0.06493506493506493,0.012987012987012988
347,0,20,2,32400,116,0.003580246913580247,12.25,0.2857142857142857,0.10344827586206896
347,0,21,0,32400,415,0.012808641975308642,7.956626892089844,0.5798969072164949,0.9325301204819277
347,0,21,1,32400,92,0.002839506172839506,6.543478488922119,0.05194805194805195,0.0
347,0,21,2,32400,128,0.003950617283950617,8.2265625,0.3793103448275862,0.3671875
347,0,22,0,32400,438,0.013518518518518518,8.792237281799316,0.6048192771084338,0.8835616438356164
347,0,22,1,32400,77,0.0023765432098765433,9.935065269470215,0.03260869565217391,0.025974025974025976
347,0,22,2,32400,134,0.004135802469135802,7.671641826629639,0.3984375,0.30597014925373134
347,0,23,0,32400,463,0.014290123456790123,20.818574905395508,0.6050228310502284,0.9071274298056156
347,0,23,1,32400,68,0.0020987654320987655,11.823529243469238,0.03896103896103896,0.0
347,0,23,2,32400,145,0.004475308641975309,19.42068862915039,0.4552238805970149,0.4068965517241379
347,0,24,0,32400,536,0.01654320987654321,13.166044235229492,0.6393088552915767,0.9794776119402985
347,0,24,1,32400,96,0.002962962962962963,15.895833969116211,0.014705882352941176,0.0
347,0,24,2,32400,179,0.0055246913580246915,11.005586624145508,0.5586206896551724,0.5027932960893855
347,0,25,0,32400,617,0.01904320987654321,21.586711883544922,0.6940298507462687,0.9918962722852512
347,0,25,1,32400,84,0.0025925925925925925,14.440476417541504,0.0625,0.0
347,0,25,2,32400,230,0.0070987654320987656,17.89130401611328,0.5865921787709497,0.5391304347826087
347,0,26,0,32400,716,0.022098765432098766,26.276535034179688,0.7293354943273906,1.0307262569832403
347,0,26,1,32400,88,0.0027160493827160493,18.772727966308594,0.05952380952380952,0.011363636363636364
347,0,26,2,32400,256,0.007901234567901235,32.83203125,0.5782608695652174,0.62890625
347,0,27,0,32400,814,0.025123456790123455,16.329238891601562,0.7039106145251397,1.101965601965602
347,0,27,1,32400,71,0.002191358024691358,14.760562896728516,0.045454545454545456,0.014084507042253521
347,0,27,2,32400,301,0.009290123456790124,12.119601249694824,0.62109375,0.6843853820598007
347,0,28,0,32400,861,0.026574074074074073,22.71196174621582,0.7211302211302212,1.1951219512195121
347,0,28,1,32400,83,0.0025617283950617282,30.04819107055664,0.08450704225352113,0.012048192771084338
347,0,28,2,32400,335,0.010339506172839507,24.811941146850586,0.6312292358803987,0.817910447761194
347,0,29,0,32400,1030,0.03179012345679012,8.633009910583496,0.7804878048780488,1.241747572815534
347,0,29,1,32400,84,0.0025925925925925925,7.833333492279053,0.060240963855421686,0.011904761904761904
347,0,29,2,32400,450,0.013888888888888888,8.377778053283691,0.7104477611940299,0.9444444444444444
347,0,30,0,32400,994,0.030679012345679012,20.263580322265625,0.7174757281553398,1.2344064386317908
347,0,30,1,32400,82,0.0025308641975308644,15.341463088989258,0.03571428571428571,0.0
347,0,30,2,32400,466,0.014382716049382717,22.034334182739258,0.6711111111111111,0.907725321888412
347,0,31,0,32400,1100,0.033950617283950615,9.638181686401367,0.789738430583501,1.2654545454545454
347,0,31,1,32400,86,0.002654320987654321,7.244185924530029,0.08536585365853659,0.0
347,0,31,2,32400,474,0.01462962962962963,9.805906295776367,0.6802575107296137,0.9135021097046413
347,0,32,0,32400,1106,0.0341358024691358,13.900543212890625,0.77,1.321880650994575
347,0,32,1,32400,85,0.002623456790123457,10.035294532775879,0.011627906976744186,0.011764705882352941
347,0,32,2,32400,500,0.015432098765432098,11.656000137329102,0.6835443037974683,0.848
347,0,33,0,32400,1208,0.03728395061728395,12.938741683959961,0.8128390596745028,1.3394039735099337
347,0,33,1,32400,61,0.001882716049382716,15.508195877075195,0.03529411764705882,0.0
347,0,33,2,32400,589,0.01817901234567901,12.04074764251709,0.728,0.9083191850594228
347,0,34,0,32400,1325,0.04089506172839506,23.895095825195312,0.8344370860927153,1.348679245283019
347,0,34,1,32400,89,0.0027469135802469136,28.820228576660156,0.09836065573770492,0.02247191011235955
347,0,34,2,32400,635,0.019598765432098767,21.42519760131836,0.7368421052631579,1.0078740157480315
347,0,35,0,32400,1464,0.04518518518518518,21.437841415405273,0.8324528301886792,1.4030054644808743
347,0,35,1,32400,77,0.0023765432098765433,10.01298713684082,0.10112359550561797,0.012987012987012988
347,0,35,2,32400,722,0.02228395061728395,21.72576141357422,0.784251968503937,1.0166204986149585
347,1,1,0,32400,174,0.00537037037037037,11.379310607910156,-1.0,0.22413793103448276
347,1,1,1,32400,96,0.002962962962962963,11.177084922790527,-1.0,0.020833333333333332
347,1,1,2,32400,52,0.0016049382716049382,21.2115421295166,-1.0,0.07692307692307693
347,1,2,0,32400,180,0.005555555555555556,10.20555591583252,0.3218390804597701,0.16111111111111112
347,1,2,1,32400,103,0.0031790123456790125,9.805825233459473,0.052083333333333336,0.019417475728155338
347,1,2,2,32400,64,0.0019753086419753087,8.796875,0.09615384615384616,0.03125
347,1,3,0,32400,213,0.006574074074074074,17.03286361694336,0.34444444444444444,0.2112676056338028
347,1,3,1,32400,80,0.0024691358024691358,27.200000762939453,0.038834951456310676,0.0125
347,1,3,2,32400,59,0.0018209876543209876,7.338983058929443,0.0625,0.0
347,1,4,0,32400,224,0.006913580246913581,12.741071701049805,0.29577464788732394,0.19642857142857142
347,1,4,1,32400,88,0.0027160493827160493,6.795454978942871,0.125,0.0
347,1,4,2,32400,64,0.0019753086419753087,10.984375,0.03389830508474576,0.015625
347,1,5,0,32400,228,0.007037037037037037,10.1578950881958,0.3080357142857143,0.17105263157894737
347,1,5,1,32400,82,0.0025308641975308644,17.073169708251953,0.07954545454545454,0.012195121951219513
347,1,5,2,32400,56,0.0017283950617283952,11.946429252624512,0.078125,0.017857142857142856
347,1,6,0,32400,248,0.007654320987654321,14.42741870880127,0.2850877192982456,0.1532258064516129
347,1,6,1,32400,90,0.002777777777777778,7.833333492279053,0.06097560975609756,0.0
347,1,6,2,32400,58,0.0017901234567901235,14.62069034576416,0.07142857142857142,0.06896551724137931
347,1,7,0,32400,250,0.007716049382716049,10.920000076293945,0.3024193548387097,0.38
347,1,7,1,32400,88,0.0027160493827160493,16.386363983154297,0.05555555555555555,0.0
347,1,7,2,32400,61,0.001882716049382716,8.803277969360352,0.1206896551724138,0.06557377049180328
347,1,8,0,32400,235,0.007253086419753086,12.217020988464355,0.356,0.26382978723404255
347,1,8,1,32400,65,0.002006172839506173,8.230769157409668,0.045454545454545456,0.015384615384615385
347,1,8,2,32400,64,0.0019753086419753087,15.046875,0.11475409836065574,0.03125
347,1,9,0,32400,234,0.007222222222222222,10.123931884765625,0.33617021276595743,0.33760683760683763
347,1,9,1,32400,84,0.0025925925925925925,7.797619342803955,0.1076923076923077,0.011904761904761904
347,1,9,2,32400,64,0.0019753086419753087,12.578125,0.109375,0.046875
347,1,10,0,32400,244,0.007530864197530864,9.233606338500977,0.3803418803418803,0.36885245901639346
347,1,10,1,32400,88,0.0027160493827160493,10.375,0.05952380952380952,0.03409090909090909
347,1,10,2,32400,59,0.0018209876543209876,8.288135528564453,0.078125,0.03389830508474576
347,1,11,0,32400,248,0.007654320987654321,14.213708877563477,0.38934426229508196,0.42338709677419356
347,1,11,1,32400,80,0.0024691358024691358,14.600000381469727,0.011363636363636364,0.025
347,1,11,2,32400,62,0.0019135802469135803,10.322580337524414,0.1016949152542373,0.04838709677419355
347,1,12,0,32400,277,0.008549382716049382,10.992779731750488,0.4798387096774194,0.47653429602888087
347,1,12,1,32400,91,0.002808641975308642,17.197805404663086,0.0875,0.0
347,1,12,2,32400,85,0.002623456790123457,12.505882263183594,0.12903225806451613,0.18823529411764706
347,1,13,0,32400,313,0.009660493827160494,13.760383605957031,0.4548736462093863,0.6293929712460063
347,1,13,1,32400,76,0.002345679012345679,9.11842155456543,0.054945054945054944,0.013157894736842105
347,1,13,2,32400,92,0.002839506172839506,9.5,0.23529411764705882,0.2391304347826087
347,1,14,0,32400,397,0.012253086419753086,17.068010330200195,0.5878594249201278,0.7984886649874056
347,1,14,1,32400,102,0.003148148148148148,13.352940559387207,0.05263157894736842,0.00980392156862745
347,1,14,2,32400,103,0.0031790123456790125,11.155340194702148,0.29347826086956524,0.2621359223300971
347,1,15,0,32400,424,0.01308641975308642,12.929245948791504,0.5642317380352645,0.839622641509434
347,1,15,1,32400,86,0.002654320987654321,13.651163101196289,0.0784313725490196,0.0
347,1,15,2,32400,115,0.0035493827160493828,13.478260040283203,0.3106796116504854,0.25217391304347825
347,1,16,0,32400,473,0.014598765432098766,10.12050724029541,0.6061320754716981,0.9027484143763214
347,1,16,1,32400,91,0.002808641975308642,11.516484260559082,0.10465116279069768,0.01098901098901099
347,1,16,2,32400,147,0.004537037037037037,10.204081535339355,0.40869565217391307,0.4489795918367347
347,1,17,0,32400,517,0.01595679012345679,10.185687065124512,0.6321353065539113,0.9593810444874274
347,1,17,1,32400,100,0.0030864197530864196,12.380000114440918,0.06593406593406594,0.0
347,1,17,2,32400,161,0.004969135802469136,10.17391300201416,0.4421768707482993,0.5279503105590062
347,1,18,0,32400,529,0.01632716049382716,10.44045352935791,0.6150870406189555,0.9697542533081286
347,1,18,1,32400,86,0.002654320987654321,7.406976699829102,0.06,0.0
347,1,18,2,32400,170,0.005246913580246914,10.788235664367676,0.4720496894409938,0.5588235294117647
347,1,19,0,32400,557,0.017191358024691357,9.545781135559082,0.6597353497164461,1.0646319569120288
347,1,19,1,32400,113,0.003487654320987654,8.867256164550781,0.09302325581395349,0.017699115044247787
347,1,19,2,32400,201,0.0062037037037037035,8.124378204345703,0.5176470588235295,0.6169154228855721
347,1,20,0,32400,586,0.01808641975308642,14.056313514709473,0.7145421903052065,1.1040955631399318
347,1,20,1,32400,92,0.002839506172839506,15.05434799194336,0.061946902654867256,0.0
347,1,20,2,32400,210,0.006481481481481481,11.952381134033203,0.5472636815920398,0.6857142857142857
347,1,21,0,32400,654,0.020185185185185184,8.081040382385254,0.71160409556314,1.1681957186544343
347,1,21,1,32400,96,0.002962962962962963,7.114583492279053,0.03260869565217391,0.010416666666666666
347,1,21,2,32400,240,0.007407407407407408,9.312500953674316,0.6047619047619047,0.6916666666666667
347,1,22,0,32400,667,0.02058641975308642,8.709145545959473,0.691131498470948,1.1649175412293853
347,1,22,1,32400,123,0.0037962962962962963,10.601625442504883,0.10416666666666667,0.008130081300813009
347,1,22,2,32400,273,0.008425925925925925,9.479853630065918,0.6541666666666667,0.7032967032967034
347,1,23,0,32400,706,0.021790123456790125,26.899433135986328,0.7241379310344828,1.1487252124645893
347,1,23,1,32400,97,0.002993827160493827,12.917525291442871,0.04065040650406504,0.0
347,1,23,2,32400,266,0.008209876543209876,21.439851760864258,0.608058608058608,0.7406015037593985
347,1,24,0,32400,852,0.026296296296296297,14.48356819152832,0.7790368271954674,1.2253521126760563
347,1,24,1,32400,89,0.0027469135802469136,11.842697143554688,0.12371134020618557,0.0
347,1,24,2,32400,322,0.009938271604938272,12.965838432312012,0.6879699248120301,0.7546583850931677
347,1,25,0,32400,934,0.02882716049382716,17.934688568115234,0.7629107981220657,1.2483940042826553
347,1,25,1,32400,91,0.002808641975308642,12.560440063476562,0.0449438202247191,0.0
347,1,25,2,32400,380,0.011728395061728396,18.415790557861328,0.6739130434782609,0.7736842105263158
347,1,26,0,32400,1029,0.03175925925925926,26.235179901123047,0.778372591006424,1.3061224489795917
347,1,26,1,32400,87,0.002685185185185185,18.321840286254883,0.054945054945054944,0.0
347,1,26,2,32400,435,0.013425925925925926,29.0827579498291,0.7078947368421052,0.8896551724137931
347,1,27,0,32400,1150,0.035493827160493825,16.955652236938477,0.8124392614188533,1.3313043478260869
347,1,27,1,32400,91,0.002808641975308642,21.901100158691406,0.10344827586206896,0.01098901098901099
347,1,27,2,32400,538,0.01660493827160494,14.040891647338867,0.7448275862068966,0.966542750929368
347,1,28,0,32400,1230,0.03796296296296296,21.99918556213379,0.7939130434782609,1.3414634146341464
347,1,28,1,32400,90,0.002777777777777778,29.700000762939453,0.04395604395604396,0.011111111111111112
347,1,28,2,32400,568,0.017530864197530863,29.600351333618164,0.7063197026022305,0.9190140845070423
347,1,29,0,32400,1377,0.0425,9.792302131652832,0.8268292682926829,1.374001452432825
347,1,29,1,32400,99,0.0030555555555555557,9.88888931274414,0.06666666666666667,0.0
347,1,29,2,32400,652,0.020123456790123458,9.24079704284668,0.7464788732394366,0.9371165644171779
347,1,30,0,32400,1375,0.04243827160493827,20.48072624206543,0.7763253449527959,1.3570909090909091
347,1,30,1,32400,77,0.0023765432098765433,31.207792282104492,0.0707070707070707,0.025974025974025976
347,1,30,2,32400,670,0.020679012345679013,16.331342697143555,0.7331288343558282,0.9865671641791045
347,1,31,0,32400,1482,0.04574074074074074,10.140350341796875,0.8210909090909091,1.4284750337381917
347,1,31,1,32400,69,0.0021296296296296298,12.144927978515625,0.06493506493506493,0.0
347,1,31,2,32400,695,0.021450617283950618,9.546762466430664,0.7582089552238805,1.0014388489208632
347,1,32,0,32400,1471,0.04540123456790123,14.010876655578613,0.800944669365722,1.4174031271244052
347,1,32,1,32400,87,0.002685185185185185,13.390804290771484,0.057971014492753624,0.022988505747126436
347,1,32,2,32400,696,0.02148148148148148,12.936781883239746,0.7280575539568346,0.9367816091954023
347,1,33,0,32400,1604,0.049506172839506174,12.796135902404785,0.8422841604350781,1.4389027431421446
347,1,33,1,32400,101,0.003117283950617284,11.396039009094238,0.06896551724137931,0.009900990099009901
347,1,33,2,32400,761,0.023487654320987653,13.503284454345703,0.7485632183908046,0.9566360052562418
347,1,34,0,32400,1678,0.05179012345679012,29.127532958984375,0.8335411471321695,1.4374255065554231
347,1,34,1,32400,91,0.002808641975308642,12.659340858459473,0.06930693069306931,0.02197802197802198
347,1,34,2,32400,779,0.02404320987654321,25.415918350219727,0.7529566360052562,0.9717586649550706
347,1,35,0,32400,1829,0.056450617283950615,23.196826934814453,0.8545887961859356,1.519409513395298
347,1,35,1,32400,93,0.0028703703703703703,9.709677696228027,0.08791208791208792,0.0
347,1,35,2,32400,876,0.027037037037037037,24.722604751586914,0.7637997432605905,0.95662100456621
347,2,1,0,32400,198,0.006111111111111111,11.686868667602539,-1.0,0.21212121212121213
347,2,1,1,32400,101,0.003117283950617284,17.663366317749023,-1.0,0.0297029702970297
347,2,1,2,32400,65,0.002006172839506173,11.70769214630127,-1.0,0.03076923076923077
347,2,2,0,32400,225,0.006944444444444444,8.55555534362793,0.3181818181818182,0.27555555555555555
347,2,2,1,32400,84,0.0025925925925925925,10.333333969116211,0.0891089108910891,0.0
347,2,2,2,32400,65,0.002006172839506173,11.861538887023926,0.046153846153846156,0.03076923076923077
347,2,3,0,32400,231,0.00712962962962963,16.24242401123047,0.3422222222222222,0.3203463203463203
347,2,3,1,32400,82,0.0025308641975308644,15.524391174316406,0.047619047619047616,0.012195121951219513
347,2,3,2,32400,59,0.0018209876543209876,14.42372989654541,0.09230769230769231,0.01694915254237288
347,2,4,0,32400,269,0.00830246913580247,7.2899627685546875,0.3939393939393939,0.30111524163568776
347,2,4,1,32400,92,0.002839506172839506,12.3804349899292,0.04878048780487805,0.010869565217391304
347,2,4,2,32400,64,0.0019753086419753087,10.28125,0.05084745762711865,0.0
347,2,5,0,32400,245,0.007561728395061728,13.959182739257812,0.3159851301115242,0.2938775510204082
347,2,5,1,32400,103,0.0031790123456790125,8.883495330810547,0.05434782608695652,0.019417475728155338
347,2,5,2,32400,51,0.001574074074074074,14.62745189666748,0.078125,0.0
347,2,6,0,32400,277,0.008549382716049382,12.63899040222168,0.4122448979591837,0.4584837545126354
347,2,6,1,32400,84,0.0025925925925925925,14.583334922790527,0.038834951456310676,0.011904761904761904
347,2,6,2,32400,64,0.0019753086419753087,13.96875,0.13725490196078433,0.015625
347,2,7,0,32400,285,0.008796296296296297,10.16140365600586,0.44404332129963897,0.5298245614035088
347,2,7,1,32400,95,0.002932098765432099,5.452631950378418,0.07142857142857142,0.010526315789473684
347,2,7,2,32400,71,0.002191358024691358,10.239436149597168,0.171875,0.056338028169014086
347,2,8,0,32400,296,0.009135802469135803,18.182432174682617,0.47719298245614034,0.6283783783783784
347,2,8,1,32400,79,0.0024382716049382715,7.708860874176025,0.0,0.0
347,2,8,2,32400,84,0.0025925925925925925,10.559523582458496,0.14084507042253522,0.023809523809523808
347,2,9,0,32400,303,0.009351851851851853,10.155116081237793,0.5033783783783784,0.7095709570957096
347,2,9,1,32400,86,0.002654320987654321,12.10465145111084,0.02531645569620253,0.0
347,2,9,2,32400,88,0.0027160493827160493,8.636363983154297,0.19047619047619047,0.18181818181818182
347,2,10,0,32400,341,0.01052469135802469,12.131964683532715,0.5511551155115512,0.8269794721407625
347,2,10,1,32400,80,0.0024691358024691358,15.199999809265137,0.06976744186046512,0.0
347,2,10,2,32400,98,0.0030246913580246914,7.469387531280518,0.3068181818181818,0.14285714285714285
347,2,11,0,32400,354,0.010925925925925926,15.036723136901855,0.5571847507331378,0.827683615819209
347,2,11,1,32400,95,0.002932098765432099,14.36842155456543,0.0375,0.0
347,2,11,2,32400,98,0.0030246913580246914,13.816326141357422,0.24489795918367346,0.1836734693877551
347,2,12,0,32400,421,0.012993827160493828,13.866986274719238,0.6214689265536724,0.828978622327791
347,2,12,1,32400,82,0.0025308641975308644,35.81707763671875,0.06315789473684211,0.012195121951219513
347,2,12,2,32400,110,0.0033950617283950617,11.772727012634277,0.336734693877551,0.23636363636363636
347,2,13,0,32400,436,0.01345679012345679,17.165136337280273,0.5843230403800475,0.9472477064220184
347,2,13,1,32400,83,0.0025617283950617282,19.807228088378906,0.0975609756097561,0.0
347,2,13,2,32400,153,0.004722222222222222,12.758170127868652,0.45454545454545453,0.477124183006536
347,2,14,0,32400,561,0.017314814814814814,14.463458061218262,0.6811926605504587,1.0463458110516934
347,2,14,1,32400,96,0.002962962962962963,9.197916984558105,0.07228915662650602,0.010416666666666666
347,2,14,2,32400,190,0.005864197530864198,11.452631950378418,0.5228758169934641,0.5684210526315789
347,2,15,0,32400,617,0.01904320987654321,12.920583724975586,0.6648841354723708,1.0210696920583469
347,2,15,1,32400,95,0.002932098765432099,14.800000190734863,0.08333333333333333,0.0
347,2,15,2,32400,193,0.00595679012345679,12.424870491027832,0.48947368421052634,0.6373056994818653
347,2,16,0,32400,669,0.020648148148148148,9.998505592346191,0.6612641815235009,1.0687593423019432
347,2,16,1,32400,92,0.002839506172839506,8.836956977844238,0.12631578947368421,0.0
347,2,16,2,32400,239,0.007376543209876543,12.025104522705078,0.5751295336787565,0.6652719665271967
347,2,17,0,32400,708,0.02185185185185185,12.597457885742188,0.6816143497757847,1.1454802259887005
347,2,17,1,32400,90,0.002777777777777778,8.144444465637207,0.043478260869565216,0.0
347,2,17,2,32400,266,0.008209876543209876,12.139098167419434,0.6234309623430963,0.8270676691729323
347,2,18,0,32400,764,0.023580246913580245,10.219895362854004,0.731638418079096,1.243455497382199
347,2,18,1,32400,94,0.0029012345679012346,8.14893627166748,0.07777777777777778,0.0
347,2,18,2,32400,303,0.009351851851851853,9.363036155700684,0.6278195488721805,0.7557755775577558
347,2,19,0,32400,804,0.024814814814814814,8.485074043273926,0.7552356020942408,1.205223880597015
347,2,19,1,32400,79,0.0024382716049382715,7.126582622528076,0.07446808510638298,0.0
347,2,19,2,32400,318,0.009814814814814814,8.455974578857422,0.5973597359735974,0.7735849056603774
347,2,20,0,32400,823,0.025401234567901235,16.663427352905273,0.7487562189054726,1.2794653705953827
347,2,20,1,32400,77,0.0023765432098765433,7.7792205810546875,0.06329113924050633,0.0
347,2,20,2,32400,344,0.010617283950617284,10.101743698120117,0.6509433962264151,0.8226744186046512
347,2,21,0,32400,893,0.027561728395061727,7.010078430175781,0.7849331713244229,1.3202687569988802
347,2,21,1,32400,95,0.002932098765432099,7.042105674743652,0.06493506493506493,0.0
347,2,21,2,32400,367,0.01132716049382716,7.4604902267456055,0.6744186046511628,0.896457765667575
347,2,22,0,32400,893,0.027561728395061727,8.748040199279785,0.761478163493841,1.2530795072788354
347,2,22,1,32400,88,0.0027160493827160493,6.988636493682861,0.031578947368421054,0.0
347,2,22,2,32400,367,0.01132716049382716,8.381471633911133,0.6348773841961853,0.8283378746594006
347,2,23,0,32400,948,0.02925925925925926,24.81856346130371,0.7681970884658454,1.260548523206751
347,2,23,1,32400,117,0.003611111111111111,12.760684967041016,0.056818181818181816,0.0
347,2,23,2,32400,385,0.011882716049382716,16.742856979370117,0.662125340599455,0.7922077922077922
347,2,24,0,32400,1101,0.03398148148148148,14.000908851623535,0.8291139240506329,1.3369663941871026
347,2,24,1,32400,88,0.0027160493827160493,11.193181991577148,0.08547008547008547,0.0
347,2,24,2,32400,464,0.014320987654320988,11.862069129943848,0.7272727272727273,0.8556034482758621
347,2,25,0,32400,1213,0.03743827160493827,19.947240829467773,0.8201634877384196,1.3866446826051113
347,2,25,1,32400,87,0.002685185185185185,10.17241382598877,0.045454545454545456,0.0
347,2,25,2,32400,527,0.016265432098765433,22.785579681396484,0.6939655172413793,0.8387096774193549
347,2,26,0,32400,1361,0.042006172839506174,21.590742111206055,0.8260511129431163,1.4166054371785453
347,2,26,1,32400,97,0.002993827160493827,38.04123306274414,0.04597701149425287,0.020618556701030927
347,2,26,2,32400,629,0.01941358024691358,29.74721908569336,0.7381404174573055,0.9427662957074722
347,2,27,0,32400,1504,0.046419753086419754,17.395610809326172,0.8420279206465834,1.430186170212766
347,2,27,1,32400,90,0.002777777777777778,14.600000381469727,0.061855670103092786,0.0
347,2,27,2,32400,708,0.02185185185185185,16.47881317138672,0.7472178060413355,0.9901129943502824
347,2,28,0,32400,1597,0.049290123456790125,22.350032806396484,0.8384308510638298,1.4395742016280526
347,2,28,1,32400,88,0.0027160493827160493,31.261363983154297,0.06666666666666667,0.011363636363636364
347,2,28,2,32400,775,0.023919753086419752,22.91225814819336,0.7471751412429378,1.033548387096774
347,2,29,0,32400,1759,0.05429012345679012,8.188743591308594,0.8378209142141515,1.4320636725412166
347,2,29,1,32400,98,0.0030246913580246914,7.326530456542969,0.14772727272727273,0.01020408163265306
347,2,29,2,32400,861,0.026574074074074073,8.313589096069336,0.7651612903225806,1.0464576074332173
347,2,30,0,32400,1720,0.05308641975308642,23.149417877197266,0.7924957362137578,1.3959302325581395
347,2,30,1,32400,84,0.0025925925925925925,12.238094329833984,0.09183673469387756,0.0
347,2,30,2,32400,836,0.025802469135802468,23.305023193359375,0.7142857142857143,0.9294258373205742
347,2,31,0,32400,1879,0.057993827160493824,9.785524368286133,0.8622093023255814,1.4683342203299627
347,2,31,1,32400,98,0.0030246913580246914,15.10204029083252,0.10714285714285714,0.01020408163265306
347,2,31,2,32400,934,0.02882716049382716,9.307280540466309,0.7607655502392344,0.9753747323340471
347,2,32,0,32400,1916,0.0591358024691358,13.735386848449707,0.8270356572645023,1.4248434237995824
347,2,32,1,32400,94,0.0029012345679012346,11.21276569366455,0.10204081632653061,0.0
347,2,32,2,32400,935,0.028858024691358026,13.585026741027832,0.7355460385438972,0.9411764705882353
347,2,33,0,32400,2059,0.06354938271604939,13.164642333984375,0.8596033402922756,1.5104419621175327
347,2,33,1,32400,93,0.0028703703703703703,21.92473602294922,0.14893617021276595,0.03225806451612903
347,2,33,2,32400,1049,0.03237654320987654,13.778836250305176,0.7839572192513369,1.0266920877025738
347,2,34,0,32400,2138,0.06598765432098766,22.493452072143555,0.8518698397280233,1.5028063610851263
347,2,34,1,32400,89,0.0027469135802469136,17.471912384033203,0.10752688172043011,0.011235955056179775
347,2,34,2,32400,1103,0.03404320987654321,14.535811424255371,0.7702573879885606,1.027198549410698
347,2,35,0,32400,2239,0.06910493827160494,20.192943572998047,0.8610851262862488,1.493970522554712
347,2,35,1,32400,95,0.002932098765432099,8.200000762939453,0.0898876404494382,0.0
347,2,35,2,32400,1164,0.035925925925925924,20.414949417114258,0.7751586582048957,1.0008591065292096
347,3,1,0,32400,149,0.004598765432098765,12.281880378723145,-1.0,0.21476510067114093
347,3,1,1,32400,67,0.002067901234567901,11.238805770874023,-1.0,0.0
347,3,1,2,32400,53,0.0016358024691358025,23.943397521972656,-1.0,0.018867924528301886
347,3,2,0,32400,200,0.006172839506172839,11.404999732971191,0.37583892617449666,0.28
347,3,2,1,32400,102,0.003148148148148148,8.911765098571777,0.05970149253731343,0.0
347,3,2,2,32400,60,0.001851851851851852,9.266667366027832,0.11320754716981132,0.0
347,3,3,0,32400,215,0.006635802469135803,11.651163101196289,0.405,0.3813953488372093
347,3,3,1,32400,71,0.002191358024691358,9.50704288482666,0.058823529411764705,0.0
347,3,3,2,32400,73,0.0022530864197530865,9.479452133178711,0.16666666666666666,0.0273972602739726
347,3,4,0,32400,241,0.007438271604938272,10.734440803527832,0.386046511627907,0.3983402489626556
347,3,4,1,32400,102,0.003148148148148148,9.186274528503418,0.028169014084507043,0.0196078431372549
347,3,4,2,32400,69,0.0021296296296296298,10.637681007385254,0.1095890410958904,0.014492753623188406
347,3,5,0,32400,234,0.007222222222222222,10.653846740722656,0.3900414937759336,0.42735042735042733
347,3,5,1,32400,84,0.0025925925925925925,7.36904764175415,0.0392156862745098,0.011904761904761904
347,3,5,2,32400,62,0.0019135802469135803,20.564516067504883,0.13043478260869565,0.04838709677419355
347,3,6,0,32400,265,0.008179012345679013,17.460376739501953,0.3974358974358974,0.49433962264150944
347,3,6,1,32400,97,0.002993827160493827,10.484536170959473,0.047619047619047616,0.010309278350515464
347,3,6,2,32400,79,0.0024382716049382715,12.620254516601562,0.14516129032258066,0.06329113924050633
347,3,7,0,32400,316,0.009753086419753086,8.056962013244629,0.4641509433962264,0.4873417721518987
347,3,7,1,32400,79,0.0024382716049382715,9.02531623840332,0.09278350515463918,0.0
347,3,7,2,32400,84,0.0025925925925925925,7.297619342803955,0.189873417721519,0.10714285714285714
347,3,8,0,32400,271,0.008364197530864198,15.69003677368164,0.36075949367088606,0.47232472324723246
347,3,8,1,32400,83,0.0025617283950617282,12.84337329864502,0.06329113924050633,0.0
347,3,8,2,32400,95,0.002932098765432099,16.063159942626953,0.19047619047619047,0.10526315789473684
347,3,9,0,32400,298,0.00919753086419753,9.432886123657227,0.47232472324723246,0.5469798657718121
347,3,9,1,32400,92,0.002839506172839506,13.69565200805664,0.024096385542168676,0.0
347,3,9,2,32400,75,0.0023148148148148147,7.853333473205566,0.18947368421052632,0.09333333333333334
347,3,10,0,32400,318,0.009814814814814814,12.811320304870605,0.44966442953020136,0.5849056603773585
347,3,10,1,32400,78,0.0024074074074074076,11.141024589538574,0.06521739130434782,0.0
347,3,10,2,32400,84,0.0025925925925925925,7.845238208770752,0.30666666666666664,0.05952380952380952
347,3,11,0,32400,364,0.011234567901234569,12.508241653442383,0.5125786163522013,0.728021978021978
347,3,11,1,32400,99,0.0030555555555555557,12.595959663391113,0.0641025641025641,0.010101010101010102
347,3,11,2,32400,83,0.0025617283950617282,16.674697875976562,0.2857142857142857,0.13253012048192772
347,3,12,0,32400,396,0.012222222222222223,12.512627601623535,0.5576923076923077,0.8535353535353535
347,3,12,1,32400,75,0.0023148148148148147,20.720003128051758,0.0707070707070707,0.013333333333333334
347,3,12,2,32400,130,0.004012345679012346,11.692307472229004,0.3253012048192771,0.23846153846153847
347,3,13,0,32400,434,0.013395061728395061,15.069124221801758,0.6060606060606061,0.923963133640553
347,3,13,1,32400,82,0.0025308641975308644,11.54878044128418,0.06666666666666667,0.0
347,3,13,2,32400,151,0.004660493827160494,17.682119369506836,0.36923076923076925,0.304635761589404
347,3,14,0,32400,499,0.015401234567901234,16.52505111694336,0.6589861751152074,0.9939879759519038
347,3,14,1,32400,84,0.0025925925925925925,11.797618865966797,0.036585365853658534,0.0
347,3,14,2,32400,182,0.005617283950617284,13.824175834655762,0.48344370860927155,0.4340659340659341
347,3,15,0,32400,537,0.016574074074074074,14.657356262207031,0.6613226452905812,1.0502793296089385
347,3,15,1,32400,80,0.0024691358024691358,15.83750057220459,0.08333333333333333,0.025
347,3,15,2,32400,199,0.006141975308641976,14.386934280395508,0.521978021978022,0.592964824120603
347,3,16,0,32400,652,0.020123456790123458,11.076685905456543,0.7523277467411545,1.1196319018404908
347,3,16,1,32400,88,0.0027160493827160493,8.875,0.0625,0.0
347,3,16,2,32400,240,0.007407407407407408,9.245833396911621,0.6130653266331658,0.6541666666666667
347,3,17,0,32400,694,0.021419753086419753,11.697405815124512,0.7116564417177914,1.1484149855907781
347,3,17,1,32400,106,0.003271604938271605,9.886792182922363,0.056818181818181816,0.0
347,3,17,2,32400,266,0.008209876543209876,11.936090469360352,0.5916666666666667,0.6390977443609023
347,3,18,0,32400,817,0.02521604938271605,9.16891098022461,0.7478386167146974,1.1603427172582619
347,3,18,1,32400,83,0.0025617283950617282,13.734939575195312,0.03773584905660377,0.0
347,3,18,2,32400,260,0.008024691358024692,9.04230785369873,0.5601503759398496,0.6307692307692307
347,3,19,0,32400,813,0.025092592592592593,8.640836715698242,0.7074663402692778,1.1623616236162362
347,3,19,1,32400,98,0.0030246913580246914,9.765305519104004,0.060240963855421686,0.01020408163265306
347,3,19,2,32400,282,0.008703703703703703,8.907800674438477,0.5961538461538461,0.624113475177305
347,3,20,0,32400,867,0.02675925925925926,17.34832763671875,0.7589175891758918,1.2249134948096885
347,3,20,1,32400,80,0.0024691358024691358,5.587500095367432,0.030612244897959183,0.0
347,3,20,2,32400,335,0.010339506172839507,13.602985382080078,0.6595744680851063,0.6298507462686567
347,3,21,0,32400,944,0.029135802469135802,8.615466117858887,0.7739331026528259,1.2510593220338984
347,3,21,1,32400,95,0.002932098765432099,6.536842346191406,0.05,0.0
347,3,21,2,32400,386,0.01191358024691358,7.3652849197387695,0.6388059701492538,0.7150259067357513
347,3,22,0,32400,1012,0.031234567901234567,7.919960975646973,0.7648305084745762,1.2687747035573123
347,3,22,1,32400,89,0.0027469135802469136,9.943819999694824,0.010526315789473684,0.0
347,3,22,2,32400,391,0.0120679012345679,9.263426780700684,0.6010362694300518,0.690537084398977
347,3,23,0,32400,1051,0.03243827160493827,19.00666046142578,0.7658102766798419,1.2559467174119885
347,3,23,1,32400,103,0.0031790123456790125,29.902917861938477,0.056179775280898875,0.02912621359223301
347,3,23,2,32400,404,0.012469135802469136,18.405941009521484,0.6240409207161125,0.6336633663366337
347,3,24,0,32400,1238,0.03820987654320988,11.896607398986816,0.8249286393910561,1.365912762520194
347,3,24,1,32400,92,0.002839506172839506,13.09782600402832,0.05825242718446602,0.010869565217391304
347,3,24,2,32400,509,0.015709876543209877,12.6149320602417,0.7227722772277227,0.8015717092337917
347,3,25,0,32400,1364,0.04209876543209876,17.42375373840332,0.8174474959612278,1.4090909090909092
347,3,25,1,32400,81,0.0025,15.913579940795898,0.09782608695652174,0.0
347,3,25,2,32400,595,0.0183641975308642,18.371429443359375,0.7367387033398821,0.8722689075630252
347,3,26,0,32400,1459,0.045030864197530864,29.022619247436523,0.8306451612903226,1.4838930774503085
347,3,26,1,32400,92,0.002839506172839506,31.586957931518555,0.1111111111111111,0.0
347,3,26,2,32400,718,0.022160493827160493,20.995820999145508,0.7579831932773109,0.9846796657381616
347,3,27,0,32400,1638,0.050555555555555555,18.479244232177734,0.8656614119259767,1.4603174603174602
347,3,27,1,32400,82,0.0025308641975308644,11.878047943115234,0.10869565217391304,0.012195121951219513
347,3,27,2,32400,789,0.02435185185185185,14.060836791992188,0.7632311977715878,1.0240811153358682
347,3,28,0,32400,1705,0.05262345679012346,24.89208221435547,0.8247863247863247,1.483284457478006
347,3,28,1,32400,84,0.0025925925925925925,21.035717010498047,0.06097560975609756,0.0
347,3,28,2,32400,871,0.026882716049382718,26.991962432861328,0.7756653992395437,1.071182548794489
347,3,29,0,32400,1878,0.057962962962962966,8.921192169189453,0.8639296187683284,1.5191693290734825
347,3,29,1,32400,82,0.0025308641975308644,8.682926177978516,0.05952380952380952,0.0
347,3,29,2,32400,979,0.030216049382716048,9.530133247375488,0.7634902411021814,1.0643513789581205
347,3,30,0,32400,1906,0.05882716049382716,19.81899070739746,0.8482428115015974,1.4748163693599161
347,3,30,1,32400,88,0.0027160493827160493,13.102272987365723,0.04878048780487805,0.011363636363636364
347,3,30,2,32400,941,0.02904320987654321,19.038257598876953,0.7088866189989785,0.9702444208289054
347,3,31,0,32400,2073,0.06398148148148149,9.950796127319336,0.8625393494228751,1.4925229136517124
347,3,31,1,32400,90,0.002777777777777778,10.199999809265137,0.11363636363636363,0.0
347,3,31,2,32400,1031,0.03182098765432099,10.49660587310791,0.7747077577045696,0.9825412221144519
347,3,32,0,32400,2099,0.06478395061728395,13.379704475402832,0.8350217076700435,1.4516436398284898
347,3,32,1,32400,91,0.002808641975308642,12.582417488098145,0.011111111111111112,0.0
347,3,32,2,32400,1042,0.03216049382716049,13.419384956359863,0.7381183317167799,0.9644913627639156
347,3,33,0,32400,2313,0.07138888888888889,12.907047271728516,0.8723201524535493,1.5071335927367056
347,3,33,1,32400,89,0.0027469135802469136,14.831460952758789,0.04395604395604396,0.02247191011235955
347,3,33,2,32400,1145,0.035339506172839506,13.604368209838867,0.7802303262955854,1.0026200873362445
347,3,34,0,32400,2424,0.07481481481481482,24.597360610961914,0.856463467358409,1.4777227722772277
347,3,34,1,32400,84,0.0025925925925925925,17.14285659790039,0.06741573033707865,0.0
347,3,34,2,32400,1222,0.03771604938271605,26.64238929748535,0.7676855895196506,0.986088379705401
347,3,35,0,32400,2563,0.07910493827160493,23.20210838317871,0.863036303630363,1.5111197815060475
347,3,35,1,32400,77,0.0023765432098765433,35.038963317871094,0.047619047619047616,0.0
347,3,35,2,32400,1315,0.04058641975308642,21.921672821044922,0.7888707037643208,1.0577946768060837
