origin,sample_idx,step,target_idx,n_cells,n_active,active_fraction,mean_magnitude_on_active,persistence,neighbour_pairs_per_active
335,0,1,0,32400,218,0.006728395061728395,10.642202377319336,-1.0,1.2844036697247707
335,0,1,1,32400,158,0.004876543209876543,2.7911393642425537,-1.0,1.4050632911392404
335,0,1,2,32400,34,0.0010493827160493827,1.5,-1.0,0.5588235294117647
335,0,2,0,32400,168,0.005185185185185185,30.4761905670166,0.45871559633027525,0.9702380952380952
335,0,2,1,32400,50,0.0015432098765432098,10.739999771118164,0.12025316455696203,0.68
335,0,2,2,32400,22,0.0006790123456790123,1.6363637447357178,0.029411764705882353,1.0
335,0,3,0,32400,122,0.003765432098765432,2.696721076965332,0.21428571428571427,0.9590163934426229
335,0,3,1,32400,170,0.005246913580246914,3.0764706134796143,0.02,1.3294117647058823
335,0,3,2,32400,30,0.000925925925925926,4.700000762939453,0.045454545454545456,0.7
335,0,4,0,32400,116,0.003580246913580247,3.8275861740112305,0.1557377049180328,1.043103448275862
335,0,4,1,32400,90,0.002777777777777778,8.84444522857666,0.2,1.0555555555555556
335,0,4,2,32400,79,0.0024382716049382715,2.3417723178863525,0.03333333333333333,1.2911392405063291
335,0,5,0,32400,68,0.0020987654320987655,16.485292434692383,0.13793103448275862,0.8382352941176471
335,0,5,1,32400,46,0.001419753086419753,273.34771728515625,0.17777777777777778,0.8043478260869565
335,0,5,2,32400,54,0.0016666666666666668,2.055555582046509,0.02531645569620253,1.1666666666666667
335,0,6,0,32400,61,0.001882716049382716,11.377049446105957,0.25,0.8032786885245902
335,0,6,1,32400,162,0.005,7.049382209777832,0.2391304347826087,1.2407407407407407
335,0,6,2,32400,129,0.003981481481481482,1.9302325248718262,0.0,1.5193798449612403
335,0,7,0,32400,140,0.004320987654320987,8.378570556640625,0.13114754098360656,1.4357142857142857
335,0,7,1,32400,228,0.007037037037037037,3.6929824352264404,0.24074074074074073,1.4166666666666667
335,0,7,2,32400,52,0.0016049382716049382,16.346155166625977,0.24806201550387597,1.1730769230769231
335,0,8,0,32400,139,0.004290123456790124,4.741007328033447,0.14285714285714285,1.158273381294964
335,0,8,1,32400,119,0.0036728395061728395,49.974796295166016,0.17543859649122806,1.0924369747899159
335,0,8,2,32400,23,0.0007098765432098765,1.6521739959716797,0.21153846153846154,0.391304347826087
335,0,9,0,32400,108,0.0033333333333333335,15.55555534362793,0.2517985611510791,0.8148148148148148
335,0,9,1,32400,84,0.0025925925925925925,4.154761791229248,0.12605042016806722,0.9761904761904762
335,0,9,2,32400,8,0.0002469135802469136,1.375,0.0,1.0
335,0,10,0,32400,126,0.0038888888888888888,32.96825408935547,0.4351851851851852,1.007936507936508
335,0,10,1,32400,89,0.0027469135802469136,4.426966190338135,0.20238095238095238,0.9887640449438202
335,0,10,2,32400,9,0.0002777777777777778,2.0,0.0,0.5555555555555556
335,0,11,0,32400,199,0.006141975308641976,4.266331672668457,0.3333333333333333,1.1608040201005025
335,0,11,1,32400,158,0.004876543209876543,2.5189874172210693,0.033707865168539325,1.2784810126582278
335,0,11,2,32400,16,0.0004938271604938272,5.125,0.0,0.875
335,0,12,0,32400,185,0.005709876543209876,5.254054069519043,0.271356783919598,1.3243243243243243
335,0,12,1,32400,74,0.002283950617283951,2.3648648262023926,0.056962025316455694,1.2567567567567568
335,0,12,2,32400,5,0.00015432098765432098,6.200000286102295,0.0625,0.4
335,0,13,0,32400,59,0.0018209876543209876,12.0,0.16756756756756758,0.6271186440677966
335,0,13,1,32400,51,0.001574074074074074,13.980393409729004,0.06756756756756757,1.1372549019607843
335,0,13,2,32400,36,0.0011111111111111111,2.694444417953491,0.0,1.1944444444444444
335,0,14,0,32400,39,0.0012037037037037038,8.461538314819336,0.288135593220339,0.8461538461538461
335,0,14,1,32400,120,0.003703703703703704,10.6416654586792,0.0392156862745098,1.1583333333333334
335,0,14,2,32400,6,0.00018518518518518518,2.0,0.0,0.3333333333333333
335,0,15,0,32400,198,0.006111111111111111,6.454545497894287,0.3076923076923077,1.2727272727272727
335,0,15,1,32400,139,0.004290123456790124,2.762589931488037,0.09166666666666666,1.1007194244604317
335,0,15,2,32400,28,0.0008641975308641976,24.250001907348633,0.0,0.8928571428571429
335,0,16,0,32400,98,0.0030246913580246914,4.285714149475098,0.16161616161616163,0.8163265306122449
335,0,16,1,32400,68,0.0020987654320987655,2.867647171020508,0.09352517985611511,1.1470588235294117
335,0,16,2,32400,14,0.0004320987654320988,1.4285714626312256,0.07142857142857142,0.8571428571428571
335,0,17,0,32400,138,0.0042592592592592595,2.7971017360687256,0.19387755102040816,1.3333333333333333
335,0,17,1,32400,165,0.005092592592592593,5.3090901374816895,0.08823529411764706,1.3818181818181818
335,0,17,2,32400,17,0.0005246913580246914,2.058823585510254,0.07142857142857142,0.9411764705882353
335,0,18,0,32400,53,0.0016358024691358025,4.377358436584473,0.043478260869565216,0.9622641509433962
335,0,18,1,32400,144,0.0044444444444444444,5.638888835906982,0.1393939393939394,1.0833333333333333
335,0,18,2,32400,27,0.0008333333333333334,5.148148059844971,0.058823529411764705,0.9629629629629629
335,0,19,0,32400,272,0.008395061728395062,8.275734901428223,0.22641509433962265,1.3897058823529411
335,0,19,1,32400,108,0.0033333333333333335,5.027777671813965,0.19444444444444445,1.1851851851851851
335,0,19,2,32400,9,0.0002777777777777778,8.777779579162598,0.07407407407407407,0.4444444444444444
335,0,20,0,32400,151,0.004660493827160494,8.317880630493164,0.2757352941176471,0.7814569536423841
335,0,20,1,32400,119,0.0036728395061728395,5.588235378265381,0.10185185185185185,1.2521008403361344
335,0,20,2,32400,37,0.0011419753086419754,2.2162163257598877,0.0,1.2432432432432432
335,0,21,0,32400,129,0.003981481481481482,7.108527183532715,0.18543046357615894,0.8062015503875969
335,0,21,1,32400,102,0.003148148148148148,3.313725709915161,0.12605042016806722,1.1274509803921569
335,0,21,2,32400,7,0.0002160493827160494,1.571428656578064,0.02702702702702703,0.5714285714285714
335,0,22,0,32400,138,0.0042592592592592595,10.557971000671387,0.2713178294573643,1.0869565217391304
335,0,22,1,32400,89,0.0027469135802469136,2.134831428527832,0.029411764705882353,1.2134831460674158
335,0,22,2,32400,1,3.08641975308642e-05,5.999999523162842,0.0,0.0
335,0,23,0,32400,200,0.006172839506172839,5.809999942779541,0.4492753623188406,1.2
335,0,23,1,32400,107,0.0033024691358024692,7.785045146942139,0.06741573033707865,1.233644859813084
335,0,23,2,32400,29,0.0008950617283950618,1.862069010734558,0.0,1.1379310344827587
335,0,24,0,32400,151,0.004660493827160494,3.9470198154449463,0.225,1.0927152317880795
335,0,24,1,32400,160,0.0049382716049382715,7.468750953674316,0.35514018691588783,1.3125
335,0,24,2,32400,11,0.00033950617283950616,13.636363983154297,0.034482758620689655,0.45454545454545453
335,0,25,0,32400,72,0.0022222222222222222,3.3333332538604736,0.1456953642384106,0.6666666666666666
335,0,25,1,32400,215,0.006635802469135803,2.8465116024017334,0.1625,1.302325581395349
335,0,25,2,32400,128,0.003950617283950617,18.820310592651367,0.18181818181818182,1.3515625
335,0,26,0,32400,79,0.0024382716049382715,7.822784900665283,0.25,0.8607594936708861
335,0,26,1,32400,95,0.002932098765432099,5.947368621826172,0.22325581395348837,1.063157894736842
335,0,26,2,32400,51,0.001574074074074074,2.3921568393707275,0.078125,0.9607843137254902
335,0,27,0,32400,87,0.002685185185185185,5.643678665161133,0.22784810126582278,0.9655172413793104
335,0,27,1,32400,82,0.0025308641975308644,5.621950626373291,0.14736842105263157,1.0121951219512195
335,0,27,2,32400,63,0.0019444444444444444,2.2063493728637695,0.0,1.3333333333333333
335,0,28,0,32400,97,0.002993827160493827,4.216494560241699,0.12643678160919541,1.175257731958763
335,0,28,1,32400,161,0.004969135802469136,3.732919216156006,0.10975609756097561,1.3043478260869565
335,0,28,2,32400,59,0.0018209876543209876,4.203390121459961,0.1111111111111111,1.2542372881355932
335,0,29,0,32400,153,0.004722222222222222,3.5098040103912354,0.422680412371134,1.0392156862745099
335,0,29,1,32400,79,0.0024382716049382715,41.54430389404297,0.32919254658385094,1.0126582278481013
335,0,29,2,32400,73,0.0022530864197530865,2.452054738998413,0.1694915254237288,1.0273972602739727
335,0,30,0,32400,114,0.0035185185185185185,10.48245620727539,0.20915032679738563,0.7719298245614035
335,0,30,1,32400,161,0.004969135802469136,3.223602533340454,0.2911392405063291,1.2111801242236024
335,0,30,2,32400,8,0.0002469135802469136,2.25,0.0136986301369863,0.625
335,0,31,0,32400,88,0.0027160493827160493,8.011364936828613,0.21929824561403508,0.8863636363636364
335,0,31,1,32400,131,0.00404320987654321,24.274808883666992,0.18633540372670807,1.0534351145038168
335,0,31,2,32400,20,0.0006172839506172839,2.6000001430511475,0.0,0.6
335,0,32,0,32400,146,0.004506172839506173,12.698630332946777,0.4090909090909091,0.9931506849315068
335,0,32,1,32400,110,0.0033950617283950617,2.609090805053711,0.11450381679389313,1.0545454545454545
335,0,32,2,32400,57,0.0017592592592592592,14.315789222717285,0.1,1.368421052631579
335,0,33,0,32400,157,0.004845679012345679,17.93630599975586,0.3219178082191781,1.2420382165605095
335,0,33,1,32400,165,0.005092592592592593,5.030303001403809,0.07272727272727272,1.206060606060606
335,0,33,2,32400,21,0.0006481481481481481,1.7619048357009888,0.0,1.2380952380952381
335,0,34,0,32400,134,0.004135802469135802,9.08955192565918,0.4585987261146497,0.9477611940298507
335,0,34,1,32400,185,0.005709876543209876,5.113513469696045,0.13333333333333333,1.2216216216216216
335,0,34,2,32400,45,0.001388888888888889,5.3111114501953125,0.38095238095238093,0.9111111111111111
335,0,35,0,32400,126,0.0038888888888888888,12.865079879760742,0.3358208955223881,1.0317460317460319
335,0,35,1,32400,178,0.005493827160493827,3.4438202381134033,0.23783783783783785,1.151685393258427
335,0,35,2,32400,89,0.0027469135802469136,1.7865169048309326,0.15555555555555556,1.2584269662921348
335,1,1,0,32400,206,0.006358024691358025,15.42232894897461,-1.0,0.9757281553398058
335,1,1,1,32400,68,0.0020987654320987655,9.823528289794922,-1.0,1.3529411764705883
335,1,1,2,32400,72,0.0022222222222222222,2.847222328186035,-1.0,1.1944444444444444
335,1,2,0,32400,151,0.004660493827160494,5.2649006843566895,0.22815533980582525,0.9602649006622517
335,1,2,1,32400,101,0.003117283950617284,15.693069458007812,0.35294117647058826,1.1683168316831682
335,1,2,2,32400,49,0.0015123456790123457,12.571425437927246,0.041666666666666664,1.1428571428571428
335,1,3,0,32400,159,0.004907407407407407,3.7672953605651855,0.10596026490066225,0.9308176100628931
335,1,3,1,32400,117,0.003611111111111111,3.769230842590332,0.1782178217821782,1.2393162393162394
335,1,3,2,32400,44,0.0013580246913580246,1.75,0.12244897959183673,0.9090909090909091
335,1,4,0,32400,99,0.0030555555555555557,13.181817054748535,0.11320754716981132,0.8383838383838383
335,1,4,1,32400,149,0.004598765432098765,2.2483222484588623,0.05128205128205128,1.174496644295302
335,1,4,2,32400,15,0.000462962962962963,1.6666667461395264,0.0,0.8666666666666667
335,1,5,0,32400,101,0.003117283950617284,11.425742149353027,0.20202020202020202,1.188118811881188
335,1,5,1,32400,88,0.0027160493827160493,6.965909957885742,0.12751677852348994,1.1704545454545454
335,1,5,2,32400,26,0.0008024691358024691,2.461538553237915,0.0,1.2692307692307692
335,1,6,0,32400,163,0.005030864197530864,2.662576675415039,0.297029702970297,1.2147239263803682
335,1,6,1,32400,110,0.0033950617283950617,10.799999237060547,0.09090909090909091,1.2272727272727273
335,1,6,2,32400,17,0.0005246913580246914,2.117647171020508,0.0,1.3529411764705883
335,1,7,0,32400,95,0.002932098765432099,5.547369480133057,0.09202453987730061,0.9789473684210527
335,1,7,1,32400,144,0.0044444444444444444,3.444444417953491,0.15454545454545454,1.1875
335,1,7,2,32400,37,0.0011419753086419754,1.6756757497787476,0.0,1.1081081081081081
335,1,8,0,32400,132,0.004074074074074074,6.4772725105285645,0.16842105263157894,1.0151515151515151
335,1,8,1,32400,172,0.005308641975308642,4.087209224700928,0.16666666666666666,1.0872093023255813
335,1,8,2,32400,73,0.0022530864197530865,3.0273971557617188,0.08108108108108109,1.4931506849315068
335,1,9,0,32400,148,0.004567901234567902,8.47297191619873,0.26515151515151514,1.0472972972972974
335,1,9,1,32400,80,0.0024691358024691358,7.09999942779541,0.11046511627906977,0.9
335,1,9,2,32400,24,0.0007407407407407407,9.375,0.0136986301369863,1.25
335,1,10,0,32400,135,0.004166666666666667,10.888887405395508,0.34459459459459457,0.9851851851851852
335,1,10,1,32400,72,0.0022222222222222222,2.277777910232544,0.0375,1.3611111111111112
335,1,10,2,32400,94,0.0029012345679012346,2.0531914234161377,0.2916666666666667,1.372340425531915
335,1,11,0,32400,56,0.0017283950617283952,2.9464287757873535,0.17037037037037037,0.625
335,1,11,1,32400,181,0.00558641975308642,5.469613075256348,0.125,1.419889502762431
335,1,11,2,32400,28,0.0008641975308641976,7.392858028411865,0.1276595744680851,0.9642857142857143
335,1,12,0,32400,96,0.002962962962962963,2.6979167461395264,0.07142857142857142,1.1875
335,1,12,1,32400,121,0.0037345679012345677,8.330577850341797,0.1878453038674033,1.1818181818181819
335,1,12,2,32400,33,0.0010185185185185184,2.151515245437622,0.03571428571428571,1.0909090909090908
335,1,13,0,32400,80,0.0024691358024691358,7.262500286102295,0.1875,1.1
335,1,13,1,32400,170,0.005246913580246914,6.3176469802856445,0.08264462809917356,1.3058823529411765
335,1,13,2,32400,41,0.0012654320987654322,16.31707191467285,0.030303030303030304,1.1219512195121952
335,1,14,0,32400,136,0.004197530864197531,6.9632344245910645,0.125,1.1102941176470589
335,1,14,1,32400,173,0.0053395061728395065,12.693641662597656,0.2,1.1502890173410405
335,1,14,2,32400,24,0.0007407407407407407,26.45833396911621,0.34146341463414637,0.75
335,1,15,0,32400,67,0.002067901234567901,2.3731343746185303,0.15441176470588236,0.8656716417910447
335,1,15,1,32400,182,0.005617283950617284,73.29668426513672,0.24855491329479767,1.3681318681318682
335,1,15,2,32400,14,0.0004320987654320988,2.0714287757873535,0.125,0.6428571428571429
335,1,16,0,32400,53,0.0016358024691358025,6.0,0.04477611940298507,0.660377358490566
335,1,16,1,32400,211,0.006512345679012346,3.2938389778137207,0.22527472527472528,1.3649289099526067
335,1,16,2,32400,46,0.001419753086419753,2.8478262424468994,0.0,1.3478260869565217
335,1,17,0,32400,107,0.0033024691358024692,5.95327091217041,0.11320754716981132,1.0467289719626167
335,1,17,1,32400,154,0.004753086419753087,10.298701286315918,0.3412322274881517,1.1493506493506493
335,1,17,2,32400,68,0.0020987654320987655,2.117647171020508,0.08695652173913043,1.1911764705882353
335,1,18,0,32400,87,0.002685185185185185,11.701148986816406,0.205607476635514,0.8850574712643678
335,1,18,1,32400,95,0.002932098765432099,5.3894734382629395,0.2727272727272727,0.9263157894736842
335,1,18,2,32400,95,0.002932098765432099,10.610525131225586,0.20588235294117646,1.3368421052631578
335,1,19,0,32400,66,0.002037037037037037,3.7121212482452393,0.3333333333333333,0.9090909090909091
335,1,19,1,32400,109,0.0033641975308641974,5.944953918457031,0.1368421052631579,1.4678899082568808
335,1,19,2,32400,29,0.0008950617283950618,4.827586650848389,0.08421052631578947,0.5862068965517241
335,1,20,0,32400,107,0.0033024691358024692,3.411214828491211,0.2727272727272727,0.9532710280373832
335,1,20,1,32400,75,0.0023148148148148147,5.706666946411133,0.3302752293577982,1.04
335,1,20,2,32400,74,0.002283950617283951,2.0,0.0,1.364864864864865
335,1,21,0,32400,159,0.004907407407407407,8.308176040649414,0.2897196261682243,1.2264150943396226
335,1,21,1,32400,49,0.0015123456790123457,2.0204081535339355,0.02666666666666667,1.0408163265306123
335,1,21,2,32400,28,0.0008641975308641976,4.142856597900391,0.05405405405405406,0.8571428571428571
335,1,22,0,32400,137,0.004228395061728395,4.5401458740234375,0.3710691823899371,1.0437956204379562
335,1,22,1,32400,166,0.0051234567901234564,3.5542166233062744,0.04081632653061224,1.4578313253012047
335,1,22,2,32400,13,0.00040123456790123454,1.846153974533081,0.0,0.8461538461538461
335,1,23,0,32400,113,0.003487654320987654,11.46902847290039,0.15328467153284672,1.1592920353982301
335,1,23,1,32400,123,0.0037962962962962963,7.243902206420898,0.16265060240963855,1.1300813008130082
335,1,23,2,32400,25,0.0007716049382716049,1.7599999904632568,0.0,0.76
335,1,24,0,32400,152,0.004691358024691358,14.848684310913086,0.415929203539823,1.269736842105263
335,1,24,1,32400,117,0.003611111111111111,3.4358975887298584,0.22764227642276422,1.2393162393162394
335,1,24,2,32400,41,0.0012654320987654322,2.341463327407837,0.0,1.0975609756097562
335,1,25,0,32400,192,0.005925925925925926,5.515625,0.28289473684210525,1.0677083333333333
335,1,25,1,32400,167,0.005154320987654321,2.5029940605163574,0.23931623931623933,1.155688622754491
335,1,25,2,32400,33,0.0010185185185185184,1.7878788709640503,0.0,1.4545454545454546
335,1,26,0,32400,171,0.005277777777777778,10.690056800842285,0.22916666666666666,1.1695906432748537
335,1,26,1,32400,150,0.004629629629629629,31.073333740234375,0.17964071856287425,1.1266666666666667
335,1,26,2,32400,89,0.0027469135802469136,2.2808988094329834,0.0,1.5280898876404494
335,1,27,0,32400,175,0.005401234567901234,4.920000076293945,0.2982456140350877,0.7885714285714286
335,1,27,1,32400,77,0.0023765432098765433,8.259740829467773,0.21333333333333335,0.8701298701298701
335,1,27,2,32400,12,0.00037037037037037035,1.0833333730697632,0.10112359550561797,0.8333333333333334
335,1,28,0,32400,76,0.002345679012345679,11.460526466369629,0.09142857142857143,1.0
335,1,28,1,32400,100,0.0030864197530864196,2.700000047683716,0.025974025974025976,1.26
335,1,28,2,32400,19,0.0005864197530864197,2.0,0.0,1.263157894736842
335,1,29,0,32400,105,0.0032407407407407406,17.40000343322754,0.2631578947368421,1.0285714285714285
335,1,29,1,32400,137,0.004228395061728395,2.7883212566375732,0.1,1.3211678832116789
335,1,29,2,32400,47,0.0014506172839506173,1.7659573554992676,0.0,1.2127659574468086
335,1,30,0,32400,81,0.0025,8.617283821105957,0.23809523809523808,0.6419753086419753
335,1,30,1,32400,113,0.003487654320987654,7.194691181182861,0.12408759124087591,1.168141592920354
335,1,30,2,32400,100,0.0030864197530864196,1.9799998998641968,0.0,1.45
335,1,31,0,32400,65,0.002006172839506173,7.461539268493652,0.12345679012345678,0.8153846153846154
335,1,31,1,32400,173,0.0053395061728395065,4.919075012207031,0.061946902654867256,1.283236994219653
335,1,31,2,32400,12,0.00037037037037037035,6.416667461395264,0.11,0.25
335,1,32,0,32400,90,0.002777777777777778,5.155555725097656,0.015384615384615385,0.8333333333333334
335,1,32,1,32400,179,0.0055246913580246915,5.966480255126953,0.2138728323699422,1.1620111731843576
335,1,32,2,32400,26,0.0008024691358024691,5.076923847198486,0.08333333333333333,0.8461538461538461
335,1,33,0,32400,226,0.006975308641975308,15.823007583618164,0.24444444444444444,1.1592920353982301
335,1,33,1,32400,179,0.0055246913580246915,5.631284713745117,0.22346368715083798,1.312849162011173
335,1,33,2,32400,13,0.00040123456790123454,1.5384615659713745,0.0,0.5384615384615384
335,1,34,0,32400,231,0.00712962962962963,11.80086612701416,0.3893805309734513,1.1774891774891776
335,1,34,1,32400,119,0.0036728395061728395,16.487398147583008,0.17318435754189945,1.26890756302521
335,1,34,2,32400,22,0.0006790123456790123,1.772727370262146,0.0,0.5909090909090909
335,1,35,0,32400,182,0.005617283950617284,10.95604419708252,0.30735930735930733,1.032967032967033
335,1,35,1,32400,123,0.0037962962962962963,20.536584854125977,0.25210084033613445,1.1382113821138211
335,1,35,2,32400,29,0.0008950617283950618,3.7931036949157715,0.045454545454545456,0.7931034482758621
335,2,1,0,32400,196,0.006049382716049383,8.785715103149414,-1.0,0.9795918367346939
335,2,1,1,32400,54,0.0016666666666666668,3.7407407760620117,-1.0,0.9814814814814815
335,2,1,2,32400,167,0.005154320987654321,11.508980751037598,-1.0,1.3532934131736527
335,2,2,0,32400,272,0.008395061728395062,5.830882549285889,0.4030612244897959,1.224264705882353
335,2,2,1,32400,124,0.0038271604938271606,2.9193546772003174,0.07407407407407407,1.2661290322580645
335,2,2,2,32400,32,0.0009876543209876543,6.875000953674316,0.08982035928143713,0.15625
335,2,3,0,32400,181,0.00558641975308642,16.513811111450195,0.41544117647058826,1.138121546961326
335,2,3,1,32400,76,0.002345679012345679,5.934210777282715,0.10483870967741936,0.8157894736842105
335,2,3,2,32400,36,0.0011111111111111111,2.25,0.09375,0.8888888888888888
335,2,4,0,32400,223,0.006882716049382716,17.125560760498047,0.5911602209944752,1.2825112107623318
335,2,4,1,32400,82,0.0025308641975308644,4.939023971557617,0.07894736842105263,1.1097560975609757
335,2,4,2,32400,33,0.0010185185185185184,1.6363637447357178,0.08333333333333333,1.0303030303030303
335,2,5,0,32400,221,0.006820987654320988,11.615385055541992,0.5650224215246636,1.3755656108597285
335,2,5,1,32400,85,0.002623456790123457,2.9882352352142334,0.18292682926829268,1.2823529411764707
335,2,5,2,32400,64,0.0019753086419753087,3.890625,0.0,1.359375
335,2,6,0,32400,154,0.004753086419753087,12.246753692626953,0.4751131221719457,1.0714285714285714
335,2,6,1,32400,45,0.001388888888888889,7.8222222328186035,0.17647058823529413,0.9111111111111111
335,2,6,2,32400,172,0.005308641975308642,2.1453487873077393,0.171875,1.3313953488372092
335,2,7,0,32400,121,0.0037345679012345677,2.4297518730163574,0.2662337662337662,1.0578512396694215
335,2,7,1,32400,51,0.001574074074074074,6.9803924560546875,0.2,0.6078431372549019
335,2,7,2,32400,63,0.0019444444444444444,8.936509132385254,0.16279069767441862,0.9682539682539683
335,2,8,0,32400,84,0.0025925925925925925,5.773809432983398,0.18181818181818182,0.7142857142857143
335,2,8,1,32400,116,0.003580246913580247,2.6120688915252686,0.0392156862745098,1.2241379310344827
335,2,8,2,32400,105,0.0032407407407407406,3.028571605682373,0.06349206349206349,1.3904761904761904
335,2,9,0,32400,87,0.002685185185185185,8.781609535217285,0.20238095238095238,0.8275862068965517
335,2,9,1,32400,60,0.001851851851851852,8.500001907348633,0.13793103448275862,0.65
335,2,9,2,32400,112,0.0034567901234567903,2.705357313156128,0.10476190476190476,1.1875
335,2,10,0,32400,138,0.0042592592592592595,5.0217390060424805,0.20689655172413793,1.2971014492753623
335,2,10,1,32400,77,0.0023765432098765433,2.2337663173675537,0.016666666666666666,1.2207792207792207
335,2,10,2,32400,70,0.0021604938271604936,5.6285719871521,0.13392857142857142,1.3571428571428572
335,2,11,0,32400,101,0.003117283950617284,9.158415794372559,0.15217391304347827,1.00990099009901
335,2,11,1,32400,167,0.005154320987654321,2.910179853439331,0.06493506493506493,1.407185628742515
335,2,11,2,32400,33,0.0010185185185185184,1.8787879943847656,0.08571428571428572,1.0
335,2,12,0,32400,111,0.003425925925925926,5.405405521392822,0.33663366336633666,1.0360360360360361
335,2,12,1,32400,143,0.00441358024691358,28.53146743774414,0.5449101796407185,1.2727272727272727
335,2,12,2,32400,59,0.0018209876543209876,22.355932235717773,0.0,1.0
335,2,13,0,32400,218,0.006728395061728395,5.495412826538086,0.3963963963963964,1.1192660550458715
335,2,13,1,32400,71,0.002191358024691358,1.8169013261795044,0.22377622377622378,0.9295774647887324
335,2,13,2,32400,59,0.0018209876543209876,7.711864471435547,0.0847457627118644,0.9830508474576272
335,2,14,0,32400,270,0.008333333333333333,13.503703117370605,0.42660550458715596,1.2518518518518518
335,2,14,1,32400,46,0.001419753086419753,3.6086957454681396,0.07042253521126761,1.108695652173913
335,2,14,2,32400,6,0.00018518518518518518,1.1666667461395264,0.06779661016949153,0.0
335,2,15,0,32400,176,0.005432098765432099,5.517045497894287,0.35555555555555557,1.1193181818181819
335,2,15,1,32400,58,0.0017901234567901235,3.465517282485962,0.043478260869565216,1.1551724137931034
335,2,15,2,32400,40,0.0012345679012345679,1.899999976158142,0.0,0.9
335,2,16,0,32400,188,0.005802469135802469,7.3882975578308105,0.26704545454545453,1.101063829787234
335,2,16,1,32400,142,0.004382716049382716,2.929577350616455,0.1206896551724138,1.2746478873239437
335,2,16,2,32400,63,0.0019444444444444444,3.8412699699401855,0.05,1.253968253968254
335,2,17,0,32400,87,0.002685185185185185,20.402297973632812,0.2393617021276596,0.7701149425287356
335,2,17,1,32400,37,0.0011419753086419754,37.70270538330078,0.09154929577464789,0.7567567567567568
335,2,17,2,32400,59,0.0018209876543209876,1.8474576473236084,0.1746031746031746,1.1016949152542372
335,2,18,0,32400,117,0.003611111111111111,5.871795177459717,0.26436781609195403,1.017094017094017
335,2,18,1,32400,144,0.0044444444444444444,3.430555582046509,0.24324324324324326,1.2708333333333333
335,2,18,2,32400,39,0.0012037037037037038,1.384615421295166,0.03389830508474576,1.0769230769230769
335,2,19,0,32400,123,0.0037962962962962963,4.9918694496154785,0.29914529914529914,1.0731707317073171
335,2,19,1,32400,162,0.005,3.5308642387390137,0.125,1.1358024691358024
335,2,19,2,32400,38,0.0011728395061728395,2.6578948497772217,0.02564102564102564,1.236842105263158
335,2,20,0,32400,126,0.0038888888888888888,10.817461013793945,0.25203252032520324,1.0158730158730158
335,2,20,1,32400,100,0.0030864197530864196,16.8799991607666,0.15432098765432098,1.19
335,2,20,2,32400,31,0.0009567901234567902,1.8709676265716553,0.0,1.4516129032258065
335,2,21,0,32400,84,0.0025925925925925925,10.261903762817383,0.2777777777777778,0.7023809523809523
335,2,21,1,32400,132,0.004074074074074074,4.818181991577148,0.2,1.1515151515151516
335,2,21,2,32400,92,0.002839506172839506,2.41304349899292,0.0,1.434782608695652
335,2,22,0,32400,136,0.004197530864197531,13.404412269592285,0.2261904761904762,0.8455882352941176
335,2,22,1,32400,153,0.004722222222222222,3.4117648601531982,0.1590909090909091,1.326797385620915
335,2,22,2,32400,60,0.001851851851851852,9.366666793823242,0.10869565217391304,0.8166666666666667
335,2,23,0,32400,173,0.0053395061728395065,6.884392738342285,0.23529411764705882,1.0809248554913296
335,2,23,1,32400,226,0.006975308641975308,5.858407020568848,0.3464052287581699,1.2699115044247788
335,2,23,2,32400,93,0.0028703703703703703,2.569892406463623,0.08333333333333333,1.3010752688172043
335,2,24,0,32400,123,0.0037962962962962963,16.15447235107422,0.3236994219653179,0.959349593495935
335,2,24,1,32400,138,0.0042592592592592595,12.115943908691406,0.16371681415929204,1.0724637681159421
335,2,24,2,32400,75,0.0023148148148148147,8.84000015258789,0.043010752688172046,1.16
335,2,25,0,32400,131,0.00404320987654321,16.511449813842773,0.21138211382113822,1.015267175572519
335,2,25,1,32400,87,0.002685185185185185,17.195405960083008,0.13768115942028986,0.9425287356321839
335,2,25,2,32400,62,0.0019135802469135803,78.16131591796875,0.04,1.064516129032258
335,2,26,0,32400,119,0.0036728395061728395,5.151260852813721,0.22900763358778625,0.7563025210084033
335,2,26,1,32400,123,0.0037962962962962963,5.000000476837158,0.05747126436781609,1.2601626016260163
335,2,26,2,32400,27,0.0008333333333333334,21.666664123535156,0.16129032258064516,0.7037037037037037
335,2,27,0,32400,128,0.003950617283950617,10.8359375,0.15966386554621848,1.1328125
335,2,27,1,32400,93,0.0028703703703703703,4.043010711669922,0.17073170731707318,1.010752688172043
335,2,27,2,32400,66,0.002037037037037037,2.7121212482452393,0.18518518518518517,1.1818181818181819
335,2,28,0,32400,178,0.005493827160493827,22.39887809753418,0.4140625,1.2078651685393258
335,2,28,1,32400,125,0.0038580246913580245,2.448000192642212,0.043010752688172046,1.24
335,2,28,2,32400,65,0.002006172839506173,21.76923179626465,0.09090909090909091,1.1692307692307693
335,2,29,0,32400,115,0.0035493827160493828,5.895651817321777,0.2696629213483146,0.782608695652174
335,2,29,1,32400,107,0.0033024691358024692,7.7102813720703125,0.064,1.2897196261682242
335,2,29,2,32400,70,0.0021604938271604936,2.028571367263794,0.13846153846153847,1.0571428571428572
335,2,30,0,32400,57,0.0017592592592592592,5.245614051818848,0.06086956521739131,0.9649122807017544
335,2,30,1,32400,55,0.0016975308641975309,7.563636779785156,0.07476635514018691,1.2181818181818183
335,2,30,2,32400,101,0.003117283950617284,5.019802093505859,0.05714285714285714,1.2772277227722773
335,2,31,0,32400,175,0.005401234567901234,2.765714168548584,0.17543859649122806,1.3314285714285714
335,2,31,1,32400,68,0.0020987654320987655,2.6029412746429443,0.2545454545454545,1.0588235294117647
335,2,31,2,32400,104,0.0032098765432098763,1.9903846979141235,0.0594059405940594,1.5096153846153846
335,2,32,0,32400,189,0.005833333333333334,5.777777671813965,0.30857142857142855,1.164021164021164
335,2,32,1,32400,104,0.0032098765432098763,3.769230842590332,0.058823529411764705,1.3269230769230769
335,2,32,2,32400,18,0.0005555555555555556,1.8333333730697632,0.057692307692307696,0.7222222222222222
335,2,33,0,32400,179,0.0055246913580246915,15.055865287780762,0.5767195767195767,1.318435754189944
335,2,33,1,32400,105,0.0032407407407407406,2.3142857551574707,0.20192307692307693,1.180952380952381
335,2,33,2,32400,40,0.0012345679012345679,13.175000190734863,0.0,0.75
335,2,34,0,32400,138,0.0042592592592592595,7.695652484893799,0.39664804469273746,0.9492753623188406
335,2,34,1,32400,59,0.0018209876543209876,21.0,0.14285714285714285,1.0847457627118644
335,2,34,2,32400,28,0.0008641975308641976,1.821428656578064,0.075,0.7857142857142857
335,2,35,0,32400,140,0.004320987654320987,5.042856693267822,0.17391304347826086,1.2642857142857142
335,2,35,1,32400,148,0.004567901234567902,2.2905406951904297,0.1864406779661017,1.337837837837838
335,2,35,2,32400,15,0.000462962962962963,2.266666889190674,0.03571428571428571,1.2666666666666666
335,3,1,0,32400,233,0.0071913580246913585,3.6437766551971436,-1.0,1.2103004291845494
335,3,1,1,32400,82,0.0025308641975308644,2.304877996444702,-1.0,1.1585365853658536
335,3,1,2,32400,57,0.0017592592592592592,1.736842155456543,-1.0,0.8771929824561403
335,3,2,0,32400,84,0.0025925925925925925,4.988094806671143,0.19313304721030042,0.8690476190476191
335,3,2,1,32400,130,0.004012345679012346,2.6307692527770996,0.0975609756097561,1.2307692307692308
335,3,2,2,32400,60,0.001851851851851852,2.5500001907348633,0.0,1.4333333333333333
335,3,3,0,32400,127,0.003919753086419753,16.527559280395508,0.2619047619047619,1.031496062992126
335,3,3,1,32400,76,0.002345679012345679,3.3157894611358643,0.08461538461538462,0.8947368421052632
335,3,3,2,32400,20,0.0006172839506172839,7.5,0.06666666666666667,0.75
335,3,4,0,32400,131,0.00404320987654321,9.381680488586426,0.3228346456692913,1.0763358778625953
335,3,4,1,32400,124,0.0038271604938271606,2.838709592819214,0.09210526315789473,1.282258064516129
335,3,4,2,32400,43,0.0013271604938271606,3.279069423675537,0.05,1.0232558139534884
335,3,5,0,32400,52,0.0016049382716049382,3.192307710647583,0.16030534351145037,0.5961538461538461
335,3,5,1,32400,127,0.003919753086419753,2.1732282638549805,0.13709677419354838,1.236220472440945
335,3,5,2,32400,44,0.0013580246913580246,1.9318182468414307,0.023255813953488372,1.0
335,3,6,0,32400,74,0.002283950617283951,4.648648738861084,0.15384615384615385,0.8783783783783784
335,3,6,1,32400,163,0.005030864197530864,2.797545909881592,0.10236220472440945,1.3006134969325154
335,3,6,2,32400,14,0.0004320987654320988,2.5,0.022727272727272728,0.7857142857142857
335,3,7,0,32400,62,0.0019135802469135803,5.6451616287231445,0.1891891891891892,0.6935483870967742
335,3,7,1,32400,147,0.004537037037037037,8.17006778717041,0.12269938650306748,1.3401360544217686
335,3,7,2,32400,50,0.0015432098765432098,2.0799999237060547,0.0,1.24
335,3,8,0,32400,95,0.002932098765432099,8.136842727661133,0.24193548387096775,0.9157894736842105
335,3,8,1,32400,100,0.0030864197530864196,5.159999847412109,0.09523809523809523,1.05
335,3,8,2,32400,33,0.0010185185185185184,6.363636493682861,0.0,1.2121212121212122
335,3,9,0,32400,52,0.0016049382716049382,7.980769634246826,0.24210526315789474,0.7115384615384616
335,3,9,1,32400,155,0.004783950617283951,2.432258129119873,0.05,1.2903225806451613
335,3,9,2,32400,16,0.0004938271604938272,2.4375,0.09090909090909091,0.9375
335,3,10,0,32400,144,0.0044444444444444444,11.875000953674316,0.23076923076923078,1.1041666666666667
335,3,10,1,32400,143,0.00441358024691358,7.195804119110107,0.2903225806451613,1.167832167832168
335,3,10,2,32400,52,0.0016049382716049382,2.230769395828247,0.0,1.1730769230769231
335,3,11,0,32400,99,0.0030555555555555557,14.565657615661621,0.3402777777777778,0.9292929292929293
335,3,11,1,32400,127,0.003919753086419753,4.283464431762695,0.11188811188811189,1.1496062992125984
335,3,11,2,32400,55,0.0016975308641975309,10.490909576416016,0.11538461538461539,1.018181818181818
335,3,12,0,32400,207,0.006388888888888889,8.690820693969727,0.29292929292929293,1.1545893719806763
335,3,12,1,32400,87,0.002685185185185185,4.850574493408203,0.29133858267716534,1.2413793103448276
335,3,12,2,32400,61,0.001882716049382716,36.639339447021484,0.05454545454545454,1.2622950819672132
335,3,13,0,32400,127,0.003919753086419753,10.307086944580078,0.25120772946859904,0.8267716535433071
335,3,13,1,32400,90,0.002777777777777778,6.022221565246582,0.21839080459770116,0.9888888888888889
335,3,13,2,32400,104,0.0032098765432098763,2.384615421295166,0.11475409836065574,1.3269230769230769
335,3,14,0,32400,183,0.005648148148148148,7.322404384613037,0.33858267716535434,1.010928961748634
335,3,14,1,32400,113,0.003487654320987654,17.97344970703125,0.2222222222222222,1.2035398230088497
335,3,14,2,32400,38,0.0011728395061728395,1.736842155456543,0.1346153846153846,1.131578947368421
335,3,15,0,32400,124,0.0038271604938271606,6.096774101257324,0.3989071038251366,1.185483870967742
335,3,15,1,32400,124,0.0038271604938271606,12.435484886169434,0.39823008849557523,1.1129032258064515
335,3,15,2,32400,64,0.0019753086419753087,1.578125,0.0,1.203125
335,3,16,0,32400,225,0.006944444444444444,14.328888893127441,0.5967741935483871,1.1955555555555555
335,3,16,1,32400,82,0.0025308641975308644,2.7195119857788086,0.0967741935483871,1.0121951219512195
335,3,16,2,32400,7,0.0002160493827160494,13.571428298950195,0.0625,0.5714285714285714
335,3,17,0,32400,81,0.0025,2.9012346267700195,0.29333333333333333,0.7777777777777778
335,3,17,1,32400,120,0.003703703703703704,2.391666889190674,0.0,1.1583333333333334
335,3,17,2,32400,75,0.0023148148148148147,9.199999809265137,0.14285714285714285,1.28
335,3,18,0,32400,148,0.004567901234567902,18.378379821777344,0.06172839506172839,1.2972972972972974
335,3,18,1,32400,82,0.0025308641975308644,2.963414430618286,0.025,1.1585365853658536
335,3,18,2,32400,40,0.0012345679012345679,2.1000001430511475,0.10666666666666667,0.825
335,3,19,0,32400,140,0.004320987654320987,5.3428568840026855,0.07432432432432433,1.3142857142857143
335,3,19,1,32400,62,0.0019135802469135803,4.145161151885986,0.024390243902439025,0.967741935483871
335,3,19,2,32400,48,0.0014814814814814814,2.8333334922790527,0.225,1.0208333333333333
335,3,20,0,32400,72,0.0022222222222222222,3.6388888359069824,0.14285714285714285,0.6666666666666666
335,3,20,1,32400,89,0.0027469135802469136,2.7865169048309326,0.03225806451612903,1.2134831460674158
335,3,20,2,32400,85,0.002623456790123457,6.399999618530273,0.0625,1.423529411764706
335,3,21,0,32400,62,0.0019135802469135803,17.983869552612305,0.125,0.8548387096774194
335,3,21,1,32400,123,0.0037962962962962963,3.837398052215576,0.16853932584269662,1.2764227642276422
335,3,21,2,32400,39,0.0012037037037037038,5.6666669845581055,0.15294117647058825,1.0
335,3,22,0,32400,185,0.005709876543209876,6.870270252227783,0.5483870967741935,1.2540540540540541
335,3,22,1,32400,210,0.006481481481481481,21.790477752685547,0.3821138211382114,1.380952380952381
335,3,22,2,32400,48,0.0014814814814814814,1.8333333730697632,0.10256410256410256,1.0833333333333333
335,3,23,0,32400,99,0.0030555555555555557,15.363636016845703,0.16216216216216217,0.7272727272727273
335,3,23,1,32400,167,0.005154320987654321,26.071857452392578,0.35714285714285715,1.251497005988024
335,3,23,2,32400,103,0.0031790123456790125,4.699028968811035,0.041666666666666664,1.3592233009708738
335,3,24,0,32400,163,0.005030864197530864,7.625766754150391,0.494949494949495,1.049079754601227
335,3,24,1,32400,176,0.005432098765432099,8.903409957885742,0.12574850299401197,1.2215909090909092
335,3,24,2,32400,63,0.0019444444444444444,2.0158731937408447,0.08737864077669903,1.253968253968254
335,3,25,0,32400,86,0.002654320987654321,7.127906799316406,0.2085889570552147,0.9069767441860465
335,3,25,1,32400,126,0.0038888888888888888,8.674602508544922,0.14204545454545456,0.9682539682539683
335,3,25,2,32400,16,0.0004938271604938272,3.0625,0.0,1.0625
335,3,26,0,32400,138,0.0042592592592592595,3.82608699798584,0.18604651162790697,1.0289855072463767
335,3,26,1,32400,57,0.0017592592592592592,14.754387855529785,0.10317460317460317,0.8245614035087719
335,3,26,2,32400,87,0.002685185185185185,1.9195401668548584,0.0,1.4252873563218391
335,3,27,0,32400,91,0.002808641975308642,10.087912559509277,0.16666666666666666,0.9230769230769231
335,3,27,1,32400,105,0.0032407407407407406,2.219047784805298,0.08771929824561403,1.2380952380952381
335,3,27,2,32400,104,0.0032098765432098763,8.25,0.08045977011494253,1.2980769230769231
335,3,28,0,32400,116,0.003580246913580247,19.241376876831055,0.18681318681318682,1.103448275862069
335,3,28,1,32400,47,0.0014506172839506173,34.574466705322266,0.18095238095238095,0.9787234042553191
335,3,28,2,32400,78,0.0024074074074074076,2.7948718070983887,0.1346153846153846,1.0769230769230769
335,3,29,0,32400,76,0.002345679012345679,4.263158321380615,0.16379310344827586,0.7894736842105263
335,3,29,1,32400,67,0.002067901234567901,14.492536544799805,0.574468085106383,1.0597014925373134
335,3,29,2,32400,22,0.0006790123456790123,7.636363983154297,0.10256410256410256,0.5454545454545454
335,3,30,0,32400,79,0.0024382716049382715,3.8607594966888428,0.13157894736842105,0.8354430379746836
335,3,30,1,32400,176,0.005432098765432099,8.176136016845703,0.19402985074626866,1.4375
335,3,30,2,32400,6,0.00018518518518518518,2.5,0.0,0.3333333333333333
335,3,31,0,32400,74,0.002283950617283951,5.851351737976074,0.22784810126582278,0.918918918918919
335,3,31,1,32400,147,0.004537037037037037,18.598636627197266,0.16477272727272727,1.183673469387755
335,3,31,2,32400,42,0.0012962962962962963,1.6428571939468384,0.0,1.2380952380952381
335,3,32,0,32400,52,0.0016049382716049382,4.67307710647583,0.14864864864864866,0.5769230769230769
335,3,32,1,32400,89,0.0027469135802469136,9.146068572998047,0.17006802721088435,1.0449438202247192
335,3,32,2,32400,28,0.0008641975308641976,2.1785714626312256,0.0,1.3928571428571428
335,3,33,0,32400,108,0.0033333333333333335,6.5740742683410645,0.09615384615384616,1.0
335,3,33,1,32400,204,0.006296296296296296,7.225490570068359,0.23595505617977527,1.3823529411764706
335,3,33,2,32400,55,0.0016975308641975309,6.1272735595703125,0.03571428571428571,1.3818181818181818
335,3,34,0,32400,166,0.0051234567901234564,9.771084785461426,0.1388888888888889,1.0783132530120483
335,3,34,1,32400,64,0.0019753086419753087,15.187500953674316,0.27450980392156865,1.046875
335,3,34,2,32400,11,0.00033950617283950616,1.5454546213150024,0.01818181818181818,0.7272727272727273
335,3,35,0,32400,240,0.007407407407407408,7.262500286102295,0.3795180722891566,1.325
335,3,35,1,32400,99,0.0030555555555555557,3.5858585834503174,0.1875,0.8484848484848485
335,3,35,2,32400,28,0.0008641975308641976,2.0714287757873535,0.0,1.2857142857142858
336,0,1,0,32400,212,0.00654320987654321,10.8490571975708,-1.0,1.070754716981132
336,0,1,1,32400,175,0.005401234567901234,2.211428642272949,-1.0,1.2685714285714285
336,0,1,2,32400,16,0.0004938271604938272,1.5,-1.0,0.6875
336,0,2,0,32400,125,0.0038580246913580245,10.88800048828125,0.32075471698113206,0.864
336,0,2,1,32400,101,0.003117283950617284,22.346534729003906,0.2742857142857143,1.1782178217821782
336,0,2,2,32400,26,0.0008024691358024691,3.192307710647583,0.0,1.0769230769230769
336,0,3,0,32400,96,0.002962962962962963,6.8125,0.24,0.8854166666666666
336,0,3,1,32400,94,0.0029012345679012346,3.414893627166748,0.2871287128712871,1.053191489361702
336,0,3,2,32400,21,0.0006481481481481481,5.333333492279053,0.0,1.0
336,0,4,0,32400,107,0.0033024691358024692,5.084112167358398,0.13541666666666666,1.0467289719626167
336,0,4,1,32400,110,0.0033950617283950617,4.718181610107422,0.1595744680851064,1.2818181818181817
336,0,4,2,32400,12,0.00037037037037037035,1.4166667461395264,0.047619047619047616,1.0833333333333333
336,0,5,0,32400,90,0.002777777777777778,11.244444847106934,0.14018691588785046,1.0444444444444445
336,0,5,1,32400,140,0.004320987654320987,6.142857074737549,0.22727272727272727,1.1571428571428573
336,0,5,2,32400,29,0.0008950617283950618,4.689655303955078,0.0,1.0344827586206897
336,0,6,0,32400,117,0.003611111111111111,8.991453170776367,0.25555555555555554,1.0940170940170941
336,0,6,1,32400,38,0.0011728395061728395,45.97367858886719,0.1357142857142857,0.7368421052631579
336,0,6,2,32400,22,0.0006790123456790123,2.7727272510528564,0.034482758620689655,0.8181818181818182
336,0,7,0,32400,71,0.002191358024691358,4.225351810455322,0.29914529914529914,0.8591549295774648
336,0,7,1,32400,71,0.002191358024691358,13.183098793029785,0.13157894736842105,1.3380281690140845
336,0,7,2,32400,20,0.0006172839506172839,1.600000023841858,0.0,0.75
336,0,8,0,32400,41,0.0012654320987654322,32.17073059082031,0.16901408450704225,0.5609756097560976
336,0,8,1,32400,110,0.0033950617283950617,6.927272319793701,0.22535211267605634,1.1363636363636365
336,0,8,2,32400,62,0.0019135802469135803,2.387096643447876,0.0,1.2258064516129032
336,0,9,0,32400,49,0.0015123456790123457,3.2448978424072266,0.21951219512195122,1.0204081632653061
336,0,9,1,32400,40,0.0012345679012345679,5.050000190734863,0.18181818181818182,0.825
336,0,9,2,32400,66,0.002037037037037037,1.6818182468414307,0.06451612903225806,1.1363636363636365
336,0,10,0,32400,132,0.004074074074074074,2.5227272510528564,0.04081632653061224,1.2651515151515151
336,0,10,1,32400,99,0.0030555555555555557,3.2727272510528564,0.0,1.3131313131313131
336,0,10,2,32400,117,0.003611111111111111,3.7264959812164307,0.12121212121212122,1.170940170940171
336,0,11,0,32400,88,0.0027160493827160493,57.29544448852539,0.18181818181818182,1.1931818181818181
336,0,11,1,32400,105,0.0032407407407407406,7.095239162445068,0.4444444444444444,1.0857142857142856
336,0,11,2,32400,18,0.0005555555555555556,2.3333332538604736,0.06837606837606838,0.2777777777777778
336,0,12,0,32400,53,0.0016358024691358025,4.981132507324219,0.06818181818181818,0.9433962264150944
336,0,12,1,32400,67,0.002067901234567901,2.6865670680999756,0.05714285714285714,0.9104477611940298
336,0,12,2,32400,16,0.0004938271604938272,1.8125,0.0,0.625
336,0,13,0,32400,52,0.0016049382716049382,3.192307710647583,0.1509433962264151,0.7692307692307693
336,0,13,1,32400,87,0.002685185185185185,3.8620688915252686,0.08955223880597014,1.1149425287356323
336,0,13,2,32400,40,0.0012345679012345679,6.550000190734863,0.0,1.1
336,0,14,0,32400,42,0.0012962962962962963,2.8809523582458496,0.07692307692307693,0.7380952380952381
336,0,14,1,32400,176,0.005432098765432099,3.75,0.05747126436781609,1.2045454545454546
336,0,14,2,32400,51,0.001574074074074074,17.568628311157227,0.2,1.0392156862745099
336,0,15,0,32400,113,0.003487654320987654,3.309734344482422,0.047619047619047616,1.2123893805309736
336,0,15,1,32400,66,0.002037037037037037,79.93936920166016,0.21022727272727273,0.7575757575757576
336,0,15,2,32400,13,0.00040123456790123454,1.2307692766189575,0.13725490196078433,0.3076923076923077
336,0,16,0,32400,162,0.005,6.024691581726074,0.3805309734513274,1.3333333333333333
336,0,16,1,32400,64,0.0019753086419753087,3.34375,0.045454545454545456,0.953125
336,0,16,2,32400,0,0.0,0.0,0.0,0.0
336,0,17,0,32400,95,0.002932098765432099,11.694737434387207,0.32098765432098764,1.063157894736842
336,0,17,1,32400,216,0.006666666666666667,3.337963104248047,0.15625,1.3796296296296295
336,0,17,2,32400,7,0.0002160493827160494,2.4285714626312256,-1.0,0.42857142857142855
336,0,18,0,32400,170,0.005246913580246914,7.688235282897949,0.2,1.0647058823529412
336,0,18,1,32400,191,0.005895061728395061,3.1623036861419678,0.2175925925925926,1.3036649214659686
336,0,18,2,32400,25,0.0007716049382716049,68.31999969482422,0.0,1.32
336,0,19,0,32400,214,0.0066049382716049385,7.032710075378418,0.27058823529411763,1.0841121495327102
336,0,19,1,32400,122,0.003765432098765432,16.918031692504883,0.07329842931937172,1.0901639344262295
336,0,19,2,32400,23,0.0007098765432098765,1.08695650100708,0.32,0.4782608695652174
336,0,20,0,32400,291,0.008981481481481481,11.75944995880127,0.3925233644859813,1.2164948453608246
336,0,20,1,32400,125,0.0038580246913580245,9.607999801635742,0.16393442622950818,1.184
336,0,20,2,32400,55,0.0016975308641975309,1.7636363506317139,0.08695652173913043,1.0545454545454545
336,0,21,0,32400,246,0.007592592592592593,7.138211727142334,0.30927835051546393,1.146341463414634
336,0,21,1,32400,137,0.004228395061728395,4.452554702758789,0.296,1.1824817518248176
336,0,21,2,32400,25,0.0007716049382716049,1.959999918937683,0.0,0.88
336,0,22,0,32400,179,0.0055246913580246915,11.318435668945312,0.23577235772357724,1.0614525139664805
336,0,22,1,32400,140,0.004320987654320987,6.514286518096924,0.19708029197080293,1.2857142857142858
336,0,22,2,32400,12,0.00037037037037037035,2.0833334922790527,0.0,1.1666666666666667
336,0,23,0,32400,133,0.004104938271604938,13.744362831115723,0.24581005586592178,0.7669172932330827
336,0,23,1,32400,145,0.004475308641975309,13.027586936950684,0.25,1.289655172413793
336,0,23,2,32400,80,0.0024691358024691358,4.5625,0.08333333333333333,1.2875
336,0,24,0,32400,74,0.002283950617283951,9.040542602539062,0.21804511278195488,0.581081081081081
336,0,24,1,32400,154,0.004753086419753087,4.623376369476318,0.296551724137931,1.1493506493506493
336,0,24,2,32400,23,0.0007098765432098765,4.6086955070495605,0.2125,0.782608695652174
336,0,25,0,32400,68,0.0020987654320987655,4.308823585510254,0.08108108108108109,1.1029411764705883
336,0,25,1,32400,131,0.00404320987654321,18.526718139648438,0.2987012987012987,1.2900763358778626
336,0,25,2,32400,26,0.0008024691358024691,2.115384578704834,0.043478260869565216,1.0769230769230769
336,0,26,0,32400,100,0.0030864197530864196,9.50999927520752,0.29411764705882354,0.74
336,0,26,1,32400,164,0.005061728395061729,4.865853309631348,0.5343511450381679,1.3353658536585367
336,0,26,2,32400,2,6.17283950617284e-05,1.5,0.0,0.0
336,0,27,0,32400,136,0.004197530864197531,5.933823585510254,0.24,1.0514705882352942
336,0,27,1,32400,175,0.005401234567901234,4.262856960296631,0.24390243902439024,1.1942857142857144
336,0,27,2,32400,11,0.00033950617283950616,1.2727272510528564,0.0,1.0
336,0,28,0,32400,65,0.002006172839506173,20.69230842590332,0.25735294117647056,0.7846153846153846
336,0,28,1,32400,179,0.0055246913580246915,5.251396656036377,0.2,1.0614525139664805
336,0,28,2,32400,79,0.0024382716049382715,2.126582384109497,0.0,1.3417721518987342
336,0,29,0,32400,127,0.003919753086419753,9.905511856079102,0.4461538461538462,0.9448818897637795
336,0,29,1,32400,94,0.0029012345679012346,31.48935890197754,0.24022346368715083,1.0638297872340425
336,0,29,2,32400,21,0.0006481481481481481,2.3809523582458496,0.012658227848101266,0.8095238095238095
336,0,30,0,32400,95,0.002932098765432099,4.189473628997803,0.3937007874015748,0.9578947368421052
336,0,30,1,32400,25,0.0007716049382716049,3.7199995517730713,0.1276595744680851,0.56
336,0,30,2,32400,50,0.0015432098765432098,3.4600002765655518,0.19047619047619047,1.06
336,0,31,0,32400,60,0.001851851851851852,5.200000286102295,0.2,1.0666666666666667
336,0,31,1,32400,87,0.002685185185185185,2.620689630508423,0.0,1.2758620689655173
336,0,31,2,32400,1,3.08641975308642e-05,1.0,0.02,0.0
336,0,32,0,32400,85,0.002623456790123457,8.658823013305664,0.4666666666666667,1.1647058823529413
336,0,32,1,32400,110,0.0033950617283950617,18.727270126342773,0.09195402298850575,1.1090909090909091
336,0,32,2,32400,55,0.0016975308641975309,2.090909004211426,0.0,1.3636363636363635
336,0,33,0,32400,94,0.0029012345679012346,4.2234039306640625,0.38823529411764707,0.8617021276595744
336,0,33,1,32400,146,0.004506172839506173,2.294520616531372,0.1,1.3356164383561644
336,0,33,2,32400,7,0.0002160493827160494,1.1428571939468384,0.05454545454545454,0.42857142857142855
336,0,34,0,32400,74,0.002283950617283951,2.770270347595215,0.1595744680851064,1.0
336,0,34,1,32400,152,0.004691358024691358,3.0526316165924072,0.18493150684931506,1.105263157894737
336,0,34,2,32400,41,0.0012654320987654322,2.2682926654815674,0.0,1.2682926829268293
336,0,35,0,32400,35,0.0010802469135802468,12.19999885559082,0.2972972972972973,0.8285714285714286
336,0,35,1,32400,173,0.0053395061728395065,6.739884376525879,0.20394736842105263,1.300578034682081
336,0,35,2,32400,85,0.002623456790123457,3.329411745071411,0.0,1.1058823529411765
336,1,1,0,32400,185,0.005709876543209876,10.648648262023926,-1.0,1.0756756756756756
336,1,1,1,32400,125,0.0038580246913580245,4.968000411987305,-1.0,1.12
336,1,1,2,32400,130,0.004012345679012346,2.0461537837982178,-1.0,1.1846153846153846
336,1,2,0,32400,101,0.003117283950617284,72.4356689453125,0.2864864864864865,0.9504950495049505
336,1,2,1,32400,135,0.004166666666666667,3.7925925254821777,0.192,1.237037037037037
336,1,2,2,32400,80,0.0024691358024691358,1.899999976158142,0.007692307692307693,1.4625
336,1,3,0,32400,106,0.003271604938271605,3.235849142074585,0.19801980198019803,0.9150943396226415
336,1,3,1,32400,170,0.005246913580246914,6.382352828979492,0.14074074074074075,1.1235294117647059
336,1,3,2,32400,62,0.0019135802469135803,2.2580645084381104,0.05,1.3225806451612903
336,1,4,0,32400,187,0.005771604938271605,14.636366844177246,0.37735849056603776,1.0053475935828877
336,1,4,1,32400,179,0.0055246913580246915,4.547486305236816,0.18823529411764706,1.2122905027932962
336,1,4,2,32400,14,0.0004320987654320988,30.142864227294922,0.03225806451612903,0.6428571428571429
336,1,5,0,32400,104,0.0032098765432098763,14.951921463012695,0.3048128342245989,0.8942307692307693
336,1,5,1,32400,119,0.0036728395061728395,26.47058868408203,0.27932960893854747,1.1092436974789917
336,1,5,2,32400,34,0.0010493827160493827,1.9117647409439087,0.14285714285714285,0.9705882352941176
336,1,6,0,32400,224,0.006913580246913581,13.383929252624512,0.375,1.2008928571428572
336,1,6,1,32400,127,0.003919753086419753,14.023622512817383,0.3445378151260504,1.1653543307086613
336,1,6,2,32400,11,0.00033950617283950616,1.2727272510528564,0.0,0.36363636363636365
336,1,7,0,32400,182,0.005617283950617284,9.14835262298584,0.4732142857142857,1.043956043956044
336,1,7,1,32400,104,0.0032098765432098763,8.50961685180664,0.23622047244094488,0.9230769230769231
336,1,7,2,32400,22,0.0006790123456790123,2.954545497894287,0.0,0.45454545454545453
336,1,8,0,32400,201,0.0062037037037037035,7.582089424133301,0.33516483516483514,1.0
336,1,8,1,32400,111,0.003425925925925926,4.333333492279053,0.08653846153846154,1.3063063063063063
336,1,8,2,32400,39,0.0012037037037037038,2.4871795177459717,0.045454545454545456,1.2564102564102564
336,1,9,0,32400,181,0.00558641975308642,17.386741638183594,0.263681592039801,1.0662983425414365
336,1,9,1,32400,107,0.0033024691358024692,3.8691587448120117,0.2072072072072072,0.9719626168224299
336,1,9,2,32400,30,0.000925925925925926,2.5333335399627686,0.02564102564102564,1.2
336,1,10,0,32400,173,0.0053395061728395065,8.47398853302002,0.16022099447513813,1.1791907514450868
336,1,10,1,32400,105,0.0032407407407407406,5.819047927856445,0.09345794392523364,1.1714285714285715
336,1,10,2,32400,19,0.0005864197530864197,2.526315689086914,0.0,0.7368421052631579
336,1,11,0,32400,85,0.002623456790123457,25.447059631347656,0.16184971098265896,0.611764705882353
336,1,11,1,32400,151,0.004660493827160494,4.483444690704346,0.2,1.3509933774834437
336,1,11,2,32400,27,0.0008333333333333334,1.703703761100769,0.0,0.8518518518518519
336,1,12,0,32400,140,0.004320987654320987,2.299999952316284,0.2823529411764706,1.15
336,1,12,1,32400,56,0.0017283950617283952,9.339284896850586,0.09271523178807947,0.6964285714285714
336,1,12,2,32400,31,0.0009567901234567902,2.0322580337524414,0.0,0.8064516129032258
336,1,13,0,32400,225,0.006944444444444444,4.751111030578613,0.18571428571428572,1.488888888888889
336,1,13,1,32400,62,0.0019135802469135803,3.4193546772003174,0.03571428571428571,1.1612903225806452
336,1,13,2,32400,19,0.0005864197530864197,7.473684310913086,0.0,0.5789473684210527
336,1,14,0,32400,207,0.006388888888888889,6.792269706726074,0.39555555555555555,1.285024154589372
336,1,14,1,32400,129,0.003981481481481482,5.7519378662109375,0.0967741935483871,1.1007751937984496
336,1,14,2,32400,104,0.0032098765432098763,2.413461685180664,0.05263157894736842,1.4423076923076923
336,1,15,0,32400,181,0.00558641975308642,32.70166015625,0.23671497584541062,0.9502762430939227
336,1,15,1,32400,48,0.0014814814814814814,3.1875,0.17829457364341086,0.8958333333333334
336,1,15,2,32400,49,0.0015123456790123457,4.571428298950195,0.019230769230769232,1.1428571428571428
336,1,16,0,32400,193,0.00595679012345679,10.435233116149902,0.3314917127071823,1.072538860103627
336,1,16,1,32400,196,0.006049382716049383,2.84183669090271,0.0625,1.3265306122448979
336,1,16,2,32400,37,0.0011419753086419754,2.7297298908233643,0.04081632653061224,1.1081081081081081
336,1,17,0,32400,169,0.005216049382716049,12.366864204406738,0.29533678756476683,1.017751479289941
336,1,17,1,32400,132,0.004074074074074074,17.696969985961914,0.24489795918367346,1.2348484848484849
336,1,17,2,32400,110,0.0033950617283950617,24.20908546447754,0.32432432432432434,1.2272727272727273
336,1,18,0,32400,206,0.006358024691358025,11.456311225891113,0.3668639053254438,1.0339805825242718
336,1,18,1,32400,90,0.002777777777777778,10.611112594604492,0.26515151515151514,0.8444444444444444
336,1,18,2,32400,63,0.0019444444444444444,5.000000476837158,0.2,0.5396825396825397
336,1,19,0,32400,132,0.004074074074074074,3.1287879943847656,0.13592233009708737,0.9772727272727273
336,1,19,1,32400,67,0.002067901234567901,4.641790866851807,0.05555555555555555,1.0597014925373134
336,1,19,2,32400,46,0.001419753086419753,2.1956522464752197,0.015873015873015872,1.065217391304348
336,1,20,0,32400,48,0.0014814814814814814,5.3541669845581055,0.1893939393939394,0.5416666666666666
336,1,20,1,32400,111,0.003425925925925926,7.405405044555664,0.16417910447761194,1.1261261261261262
336,1,20,2,32400,74,0.002283950617283951,2.8108108043670654,0.0,1.3243243243243243
336,1,21,0,32400,52,0.0016049382716049382,10.7307710647583,0.0625,0.7307692307692307
336,1,21,1,32400,185,0.005709876543209876,9.708107948303223,0.16216216216216217,1.2756756756756757
336,1,21,2,32400,4,0.0001234567901234568,7.250000476837158,0.05405405405405406,0.0
336,1,22,0,32400,160,0.0049382716049382715,14.706250190734863,0.15384615384615385,1.05
336,1,22,1,32400,75,0.0023148148148148147,11.413333892822266,0.1783783783783784,0.8
336,1,22,2,32400,53,0.0016358024691358025,1.8679245710372925,0.0,1.1132075471698113
336,1,23,0,32400,160,0.0049382716049382715,56.83124923706055,0.24375,1.0875
336,1,23,1,32400,56,0.0017283950617283952,14.928573608398438,0.10666666666666667,0.875
336,1,23,2,32400,55,0.0016975308641975309,1.8727271556854248,0.0,1.4181818181818182
336,1,24,0,32400,127,0.003919753086419753,7.204724311828613,0.325,0.9212598425196851
336,1,24,1,32400,125,0.0038580246913580245,5.104000091552734,0.08928571428571429,1.216
336,1,24,2,32400,46,0.001419753086419753,2.6956522464752197,0.01818181818181818,1.3043478260869565
336,1,25,0,32400,122,0.003765432098765432,6.286884307861328,0.14173228346456693,1.0737704918032787
336,1,25,1,32400,206,0.006358024691358025,2.6553397178649902,0.096,1.3398058252427185
336,1,25,2,32400,23,0.0007098765432098765,5.0,0.021739130434782608,0.8695652173913043
336,1,26,0,32400,64,0.0019753086419753087,4.734375,0.12295081967213115,0.96875
336,1,26,1,32400,116,0.003580246913580247,9.551724433898926,0.16019417475728157,1.1810344827586208
336,1,26,2,32400,27,0.0008333333333333334,2.0740740299224854,0.08695652173913043,1.2222222222222223
336,1,27,0,32400,39,0.0012037037037037038,2.6666667461395264,0.109375,0.6923076923076923
336,1,27,1,32400,194,0.005987654320987654,4.525773525238037,0.25,1.2577319587628866
336,1,27,2,32400,24,0.0007407407407407407,1.7916667461395264,0.0,1.0
336,1,28,0,32400,66,0.002037037037037037,2.757575750350952,0.0,0.8787878787878788
336,1,28,1,32400,56,0.0017283950617283952,24.125001907348633,0.1958762886597938,0.8214285714285714
336,1,28,2,32400,50,0.0015432098765432098,2.359999895095825,0.0,1.4
336,1,29,0,32400,76,0.002345679012345679,9.118420600891113,0.09090909090909091,0.7105263157894737
336,1,29,1,32400,74,0.002283950617283951,3.0675675868988037,0.19642857142857142,1.364864864864865
336,1,29,2,32400,31,0.0009567901234567902,2.612903118133545,0.06,1.2580645161290323
336,1,30,0,32400,75,0.0023148148148148147,2.386666774749756,0.11842105263157894,1.08
336,1,30,1,32400,33,0.0010185185185185184,63.81818389892578,0.20270270270270271,0.48484848484848486
336,1,30,2,32400,30,0.000925925925925926,2.133333444595337,0.1935483870967742,0.7
336,1,31,0,32400,96,0.002962962962962963,6.3229169845581055,0.06666666666666667,1.1145833333333333
336,1,31,1,32400,72,0.0022222222222222222,7.833333492279053,0.06060606060606061,1.1805555555555556
336,1,31,2,32400,3,9.259259259259259e-05,3.3333334922790527,0.0,0.3333333333333333
336,1,32,0,32400,77,0.0023765432098765433,1.545454502105713,0.21875,1.155844155844156
336,1,32,1,32400,181,0.00558641975308642,2.9502763748168945,0.041666666666666664,1.2541436464088398
336,1,32,2,32400,41,0.0012654320987654322,2.634146213531494,0.0,1.3170731707317074
336,1,33,0,32400,185,0.005709876543209876,7.529730796813965,0.0,1.2378378378378379
336,1,33,1,32400,216,0.006666666666666667,7.25,0.2265193370165746,1.2453703703703705
336,1,33,2,32400,22,0.0006790123456790123,6.409090518951416,0.04878048780487805,0.7727272727272727
336,1,34,0,32400,128,0.003950617283950617,9.3359375,0.23243243243243245,0.9375
336,1,34,1,32400,211,0.006512345679012346,9.189574241638184,0.27314814814814814,1.2274881516587677
336,1,34,2,32400,22,0.0006790123456790123,2.090909242630005,0.0,0.9545454545454546
336,1,35,0,32400,219,0.006759259259259259,11.027395248413086,0.4453125,1.1187214611872147
336,1,35,1,32400,199,0.006141975308641976,6.241206169128418,0.1990521327014218,1.1055276381909547
336,1,35,2,32400,21,0.0006481481481481481,13.523809432983398,0.045454545454545456,0.9523809523809523
336,2,1,0,32400,101,0.003117283950617284,5.910891532897949,-1.0,0.6237623762376238
336,2,1,1,32400,132,0.004074074074074074,15.174242973327637,-1.0,1.1363636363636365
336,2,1,2,32400,18,0.0005555555555555556,2.722222328186035,-1.0,0.4444444444444444
336,2,2,0,32400,73,0.0022530864197530865,10.06849193572998,0.18811881188118812,0.7808219178082192
336,2,2,1,32400,142,0.004382716049382716,11.253521919250488,0.08333333333333333,1.147887323943662
336,2,2,2,32400,78,0.0024074074074074076,3.3333334922790527,0.05555555555555555,1.2179487179487178
336,2,3,0,32400,67,0.002067901234567901,6.83582067489624,0.3698630136986301,0.835820895522388
336,2,3,1,32400,140,0.004320987654320987,3.085714340209961,0.24647887323943662,1.1642857142857144
336,2,3,2,32400,38,0.0011728395061728395,3.0526316165924072,0.08974358974358974,0.6578947368421053
336,2,4,0,32400,63,0.0019444444444444444,11.714286804199219,0.14925373134328357,0.8412698412698413
336,2,4,1,32400,32,0.0009876543209876543,2.25,0.02857142857142857,0.625
336,2,4,2,32400,62,0.0019135802469135803,8.467741966247559,0.07894736842105263,1.2903225806451613
336,2,5,0,32400,82,0.0025308641975308644,5.219511985778809,0.15873015873015872,1.0365853658536586
336,2,5,1,32400,59,0.0018209876543209876,2.6271185874938965,0.0,1.152542372881356
336,2,5,2,32400,42,0.0012962962962962963,9.85714340209961,0.12903225806451613,1.1428571428571428
336,2,6,0,32400,52,0.0016049382716049382,2.884615421295166,0.1951219512195122,0.9230769230769231
336,2,6,1,32400,171,0.005277777777777778,5.333333492279053,0.2542372881355932,1.3391812865497077
336,2,6,2,32400,51,0.001574074074074074,2.058823585510254,0.023809523809523808,1.1372549019607843
336,2,7,0,32400,79,0.0024382716049382715,9.620254516601562,0.057692307692307696,0.8607594936708861
336,2,7,1,32400,74,0.002283950617283951,2.8378379344940186,0.04093567251461988,1.1486486486486487
336,2,7,2,32400,1,3.08641975308642e-05,197.00003051757812,0.0,0.0
336,2,8,0,32400,128,0.003950617283950617,18.9921875,0.25316455696202533,1.140625
336,2,8,1,32400,91,0.002808641975308642,2.527472496032715,0.10810810810810811,1.1538461538461537
336,2,8,2,32400,48,0.0014814814814814814,2.9791667461395264,0.0,1.2708333333333333
336,2,9,0,32400,176,0.005432098765432099,9.602272987365723,0.3828125,1.0738636363636365
336,2,9,1,32400,119,0.0036728395061728395,7.117647647857666,0.34065934065934067,1.0672268907563025
336,2,9,2,32400,73,0.0022530864197530865,18.082195281982422,0.1875,1.1506849315068493
336,2,10,0,32400,227,0.007006172839506173,10.960351943969727,0.3352272727272727,1.251101321585903
336,2,10,1,32400,120,0.003703703703703704,5.7416672706604,0.15966386554621848,1.0916666666666666
336,2,10,2,32400,120,0.003703703703703704,2.558333396911621,0.0547945205479452,1.2416666666666667
336,2,11,0,32400,175,0.005401234567901234,7.302857875823975,0.17180616740088106,1.177142857142857
336,2,11,1,32400,50,0.0015432098765432098,35.71999740600586,0.09166666666666666,0.74
336,2,11,2,32400,47,0.0014506172839506173,1.8510637283325195,0.05,1.1702127659574468
336,2,12,0,32400,131,0.00404320987654321,4.679389476776123,0.22285714285714286,1.0458015267175573
336,2,12,1,32400,126,0.0038888888888888888,8.88888931274414,0.1,1.3492063492063493
336,2,12,2,32400,34,0.0010493827160493827,1.9117647409439087,0.0,1.2352941176470589
336,2,13,0,32400,98,0.0030246913580246914,5.73469352722168,0.10687022900763359,1.0408163265306123
336,2,13,1,32400,114,0.0035185185185185185,561.280517578125,0.15079365079365079,1.1578947368421053
336,2,13,2,32400,24,0.0007407407407407407,10.416667938232422,0.08823529411764706,0.7916666666666666
336,2,14,0,32400,178,0.005493827160493827,3.3146066665649414,0.3163265306122449,1.2134831460674158
336,2,14,1,32400,147,0.004537037037037037,35.551021575927734,0.13157894736842105,1.1700680272108843
336,2,14,2,32400,43,0.0013271604938271606,2.0232558250427246,0.125,1.3255813953488371
336,2,15,0,32400,115,0.0035493827160493828,9.130434036254883,0.19101123595505617,0.9130434782608695
336,2,15,1,32400,60,0.001851851851851852,7.383334159851074,0.1360544217687075,0.9333333333333333
336,2,15,2,32400,88,0.0027160493827160493,2.9772727489471436,0.046511627906976744,1.2386363636363635
336,2,16,0,32400,34,0.0010493827160493827,26.294116973876953,0.2,0.5294117647058824
336,2,16,1,32400,109,0.0033641975308641974,3.4678897857666016,0.016666666666666666,1.4220183486238531
336,2,16,2,32400,45,0.001388888888888889,11.488890647888184,0.10227272727272728,0.8444444444444444
336,2,17,0,32400,113,0.003487654320987654,8.9557523727417,0.17647058823529413,1.0707964601769913
336,2,17,1,32400,82,0.0025308641975308644,13.670731544494629,0.48623853211009177,1.0853658536585367
336,2,17,2,32400,27,0.0008333333333333334,1.4814815521240234,0.08888888888888889,0.8518518518518519
336,2,18,0,32400,146,0.004506172839506173,6.013698101043701,0.2831858407079646,1.0068493150684932
336,2,18,1,32400,112,0.0034567901234567903,2.3660714626312256,0.07317073170731707,1.2321428571428572
336,2,18,2,32400,2,6.17283950617284e-05,1.0,0.0,0.0
336,2,19,0,32400,124,0.0038271604938271606,5.862903118133545,0.2876712328767123,1.2338709677419355
336,2,19,1,32400,56,0.0017283950617283952,8.910714149475098,0.16964285714285715,0.6607142857142857
336,2,19,2,32400,78,0.0024074074074074076,1.6282051801681519,0.0,1.358974358974359
336,2,20,0,32400,66,0.002037037037037037,9.060606002807617,0.3951612903225806,0.7878787878787878
336,2,20,1,32400,128,0.003950617283950617,6.273437976837158,0.16071428571428573,1.2578125
336,2,20,2,32400,71,0.002191358024691358,2.8450703620910645,0.038461538461538464,1.4507042253521127
336,2,21,0,32400,46,0.001419753086419753,7.32608699798584,0.030303030303030304,0.7608695652173914
336,2,21,1,32400,113,0.003487654320987654,6.309734344482422,0.34375,1.1238938053097345
336,2,21,2,32400,24,0.0007407407407407407,5.375,0.07042253521126761,0.75
336,2,22,0,32400,179,0.0055246913580246915,11.938547134399414,0.3695652173913043,1.223463687150838
336,2,22,1,32400,112,0.0034567901234567903,3.3839287757873535,0.1504424778761062,1.1517857142857142
336,2,22,2,32400,51,0.001574074074074074,3.15686297416687,0.041666666666666664,1.3725490196078431
336,2,23,0,32400,110,0.0033950617283950617,18.95454978942871,0.33519553072625696,1.018181818181818
336,2,23,1,32400,143,0.00441358024691358,2.8041958808898926,0.125,1.2167832167832169
336,2,23,2,32400,37,0.0011419753086419754,2.324324369430542,0.11764705882352941,0.972972972972973
336,2,24,0,32400,172,0.005308641975308642,5.1744184494018555,0.4727272727272727,1.1046511627906976
336,2,24,1,32400,85,0.002623456790123457,17.894115447998047,0.11888111888111888,1.0705882352941176
336,2,24,2,32400,42,0.0012962962962962963,2.857142925262451,0.08108108108108109,1.2142857142857142
336,2,25,0,32400,148,0.004567901234567902,3.3581082820892334,0.1686046511627907,1.0
336,2,25,1,32400,128,0.003950617283950617,3.3984375,0.08235294117647059,1.3828125
336,2,25,2,32400,60,0.001851851851851852,6.950000286102295,0.14285714285714285,1.0
336,2,26,0,32400,128,0.003950617283950617,8.7421875,0.3108108108108108,0.9375
336,2,26,1,32400,89,0.0027469135802469136,4.0786519050598145,0.0703125,0.9550561797752809
336,2,26,2,32400,44,0.0013580246913580246,2.25,0.05,1.0
336,2,27,0,32400,173,0.0053395061728395065,5.936416149139404,0.1640625,1.1849710982658959
336,2,27,1,32400,94,0.0029012345679012346,3.117021083831787,0.02247191011235955,1.2553191489361701
336,2,27,2,32400,10,0.00030864197530864197,1.7000000476837158,0.0,0.4
336,2,28,0,32400,95,0.002932098765432099,5.431579113006592,0.17341040462427745,0.9578947368421052
336,2,28,1,32400,70,0.0021604938271604936,6.457143306732178,0.19148936170212766,1.0
336,2,28,2,32400,43,0.0013271604938271606,2.465116262435913,0.0,1.2790697674418605
336,2,29,0,32400,92,0.002839506172839506,5.228261470794678,0.21052631578947367,1.0108695652173914
336,2,29,1,32400,61,0.001882716049382716,2.672131061553955,0.02857142857142857,1.180327868852459
336,2,29,2,32400,80,0.0024691358024691358,2.3125,0.06976744186046512,1.4125
336,2,30,0,32400,80,0.0024691358024691358,6.562501430511475,0.11956521739130435,1.025
336,2,30,1,32400,55,0.0016975308641975309,2.200000047683716,0.08196721311475409,0.8181818181818182
336,2,30,2,32400,50,0.0015432098765432098,4.659999847412109,0.05,1.34
336,2,31,0,32400,73,0.0022530864197530865,26.64383888244629,0.1125,0.9178082191780822
336,2,31,1,32400,154,0.004753086419753087,3.3181817531585693,0.05454545454545454,1.3571428571428572
336,2,31,2,32400,31,0.0009567901234567902,2.709677219390869,0.18,0.5161290322580645
336,2,32,0,32400,74,0.002283950617283951,6.729730606079102,0.136986301369863,0.9054054054054054
336,2,32,1,32400,109,0.0033641975308641974,20.155961990356445,0.2857142857142857,1.1009174311926606
336,2,32,2,32400,19,0.0005864197530864197,1.5789474248886108,0.03225806451612903,1.0
336,2,33,0,32400,259,0.007993827160493827,7.166023254394531,0.16216216216216217,1.3397683397683398
336,2,33,1,32400,54,0.0016666666666666668,2.777777910232544,0.09174311926605505,0.8888888888888888
336,2,33,2,32400,70,0.0021604938271604936,2.4571428298950195,0.10526315789473684,1.3428571428571427
336,2,34,0,32400,97,0.002993827160493827,9.113401412963867,0.23166023166023167,0.7319587628865979
336,2,34,1,32400,113,0.003487654320987654,5.309734344482422,0.16666666666666666,1.1858407079646018
336,2,34,2,32400,22,0.0006790123456790123,2.1363637447357178,0.014285714285714285,0.5
336,2,35,0,32400,48,0.0014814814814814814,8.749999046325684,0.18556701030927836,0.6666666666666666
336,2,35,1,32400,160,0.0049382716049382715,24.81250762939453,0.168141592920354,1.29375
336,2,35,2,32400,38,0.0011728395061728395,1.9210526943206787,0.0,1.1842105263157894
336,3,1,0,32400,106,0.003271604938271605,5.754716873168945,-1.0,0.8207547169811321
336,3,1,1,32400,108,0.0033333333333333335,2.4814815521240234,-1.0,1.0833333333333333
336,3,1,2,32400,33,0.0010185185185185184,1.8181818723678589,-1.0,0.5454545454545454
336,3,2,0,32400,154,0.004753086419753087,5.084415435791016,0.2169811320754717,1.2597402597402598
336,3,2,1,32400,231,0.00712962962962963,5.229436874389648,0.18518518518518517,1.432900432900433
336,3,2,2,32400,12,0.00037037037037037035,2.5833334922790527,0.0,0.5833333333333334
336,3,3,0,32400,124,0.0038271604938271606,35.3870964050293,0.2792207792207792,0.8790322580645161
336,3,3,1,32400,77,0.0023765432098765433,17.88311767578125,0.09523809523809523,0.974025974025974
336,3,3,2,32400,43,0.0013271604938271606,2.6279070377349854,0.0,0.9069767441860465
336,3,4,0,32400,173,0.0053395061728395065,8.838151931762695,0.3467741935483871,1.1098265895953756
336,3,4,1,32400,162,0.005,4.209876537322998,0.11688311688311688,1.308641975308642
336,3,4,2,32400,81,0.0025,2.5432097911834717,0.0,1.2962962962962963
336,3,5,0,32400,122,0.003765432098765432,6.196721076965332,0.2832369942196532,1.0327868852459017
336,3,5,1,32400,102,0.003148148148148148,17.06863021850586,0.07407407407407407,1.2156862745098038
336,3,5,2,32400,177,0.005462962962962963,3.107344627380371,0.38271604938271603,1.4519774011299436
336,3,6,0,32400,114,0.0035185185185185185,6.842104911804199,0.38524590163934425,0.7982456140350878
336,3,6,1,32400,43,0.0013271604938271606,7.720930099487305,0.06862745098039216,0.813953488372093
336,3,6,2,32400,67,0.002067901234567901,20.9403018951416,0.062146892655367235,0.9402985074626866
336,3,7,0,32400,121,0.0037345679012345677,8.34710693359375,0.18421052631578946,1.0578512396694215
336,3,7,1,32400,168,0.005185185185185185,3.511904716491699,0.16279069767441862,1.130952380952381
336,3,7,2,32400,48,0.0014814814814814814,1.625,0.014925373134328358,1.125
336,3,8,0,32400,51,0.001574074074074074,7.647058963775635,0.1487603305785124,0.6470588235294118
336,3,8,1,32400,219,0.006759259259259259,10.684930801391602,0.10714285714285714,1.4931506849315068
336,3,8,2,32400,46,0.001419753086419753,5.4347825050354,0.0,1.1304347826086956
336,3,9,0,32400,111,0.003425925925925926,5.972973823547363,0.11764705882352941,0.990990990990991
336,3,9,1,32400,86,0.002654320987654321,9.10465145111084,0.2420091324200913,1.058139534883721
336,3,9,2,32400,40,0.0012345679012345679,19.44999885559082,0.10869565217391304,0.825
336,3,10,0,32400,64,0.0019753086419753087,2.296875,0.0990990990990991,0.984375
336,3,10,1,32400,78,0.0024074074074074076,3.730769395828247,0.13953488372093023,1.0128205128205128
336,3,10,2,32400,80,0.0024691358024691358,1.9250000715255737,0.025,1.2
336,3,11,0,32400,199,0.006141975308641976,4.64824104309082,0.1875,1.4371859296482412
336,3,11,1,32400,108,0.0033333333333333335,3.2592592239379883,0.07692307692307693,1.1666666666666667
336,3,11,2,32400,36,0.0011111111111111111,5.583333492279053,0.0375,0.9722222222222222
336,3,12,0,32400,122,0.003765432098765432,11.18852424621582,0.37185929648241206,0.7950819672131147
336,3,12,1,32400,96,0.002962962962962963,2.7604167461395264,0.1574074074074074,1.2708333333333333
336,3,12,2,32400,182,0.005617283950617284,3.1098902225494385,0.0,1.3626373626373627
336,3,13,0,32400,155,0.004783950617283951,6.296773910522461,0.4344262295081967,0.8
336,3,13,1,32400,58,0.0017901234567901235,2.5172414779663086,0.14583333333333334,0.7931034482758621
336,3,13,2,32400,27,0.0008333333333333334,18.814815521240234,0.11538461538461539,0.2222222222222222
336,3,14,0,32400,82,0.0025308641975308644,5.2317070960998535,0.1935483870967742,0.7682926829268293
336,3,14,1,32400,156,0.004814814814814815,3.3397436141967773,0.017241379310344827,1.0897435897435896
336,3,14,2,32400,5,0.00015432098765432098,19.600000381469727,0.1111111111111111,0.0
336,3,15,0,32400,100,0.0030864197530864196,7.059999942779541,0.17073170731707318,1.02
336,3,15,1,32400,122,0.003765432098765432,19.745899200439453,0.1987179487179487,0.9672131147540983
336,3,15,2,32400,104,0.0032098765432098763,2.384615421295166,0.2,1.4134615384615385
336,3,16,0,32400,216,0.006666666666666667,4.208333492279053,0.31,1.0046296296296295
336,3,16,1,32400,76,0.002345679012345679,14.894737243652344,0.11475409836065574,0.9736842105263158
336,3,16,2,32400,116,0.003580246913580247,2.8965516090393066,0.04807692307692308,1.103448275862069
336,3,17,0,32400,140,0.004320987654320987,23.385717391967773,0.18981481481481483,0.9214285714285714
336,3,17,1,32400,40,0.0012345679012345679,3.8500001430511475,0.09210526315789473,0.7
336,3,17,2,32400,85,0.002623456790123457,10.776471138000488,0.05172413793103448,1.2352941176470589
336,3,18,0,32400,145,0.004475308641975309,7.296550750732422,0.15,1.2206896551724138
336,3,18,1,32400,52,0.0016049382716049382,11.211539268493652,0.1,0.7884615384615384
336,3,18,2,32400,53,0.0016358024691358025,3.2264151573181152,0.047058823529411764,0.9245283018867925
336,3,19,0,32400,91,0.002808641975308642,14.879122734069824,0.20689655172413793,0.7912087912087912
336,3,19,1,32400,42,0.0012962962962962963,29.285709381103516,0.19230769230769232,0.6904761904761905
336,3,19,2,32400,48,0.0014814814814814814,2.125,0.0,1.4166666666666667
336,3,20,0,32400,130,0.004012345679012346,7.3230767250061035,0.25274725274725274,1.1538461538461537
336,3,20,1,32400,63,0.0019444444444444444,2.555555820465088,0.11904761904761904,1.2222222222222223
336,3,20,2,32400,53,0.0016358024691358025,2.0,0.0625,1.0377358490566038
336,3,21,0,32400,129,0.003981481481481482,9.248062133789062,0.3153846153846154,1.1550387596899225
336,3,21,1,32400,158,0.004876543209876543,3.683544397354126,0.06349206349206349,1.4367088607594938
336,3,21,2,32400,14,0.0004320987654320988,2.142857313156128,0.0,0.8571428571428571
336,3,22,0,32400,120,0.003703703703703704,8.166666984558105,0.2713178294573643,1.0833333333333333
336,3,22,1,32400,90,0.002777777777777778,2.5888888835906982,0.12658227848101267,0.9444444444444444
336,3,22,2,32400,40,0.0012345679012345679,1.774999976158142,0.0,1.15
336,3,23,0,32400,75,0.0023148148148148147,12.7066650390625,0.275,0.84
336,3,23,1,32400,143,0.00441358024691358,6.29370641708374,0.25555555555555554,1.2587412587412588
336,3,23,2,32400,49,0.0015123456790123457,2.2448978424072266,0.0,1.3265306122448979
336,3,24,0,32400,99,0.0030555555555555557,33.45454406738281,0.24,1.0
336,3,24,1,32400,187,0.005771604938271605,6.213903427124023,0.2517482517482518,1.160427807486631
336,3,24,2,32400,56,0.0017283950617283952,3.1964287757873535,0.16326530612244897,1.1428571428571428
336,3,25,0,32400,78,0.0024074074074074076,4.346153736114502,0.2828282828282828,0.8717948717948718
336,3,25,1,32400,181,0.00558641975308642,34.62983703613281,0.28342245989304815,1.2320441988950277
336,3,25,2,32400,44,0.0013580246913580246,5.522727966308594,0.19642857142857142,1.0227272727272727
336,3,26,0,32400,83,0.0025617283950617282,18.1204833984375,0.19230769230769232,0.7831325301204819
336,3,26,1,32400,102,0.003148148148148148,2.9803922176361084,0.281767955801105,0.9803921568627451
336,3,26,2,32400,80,0.0024691358024691358,7.100000858306885,0.045454545454545456,1.2875
336,3,27,0,32400,91,0.002808641975308642,7.692307949066162,0.18072289156626506,0.7032967032967034
336,3,27,1,32400,164,0.005061728395061729,3.182926654815674,0.029411764705882353,1.353658536585366
336,3,27,2,32400,152,0.004691358024691358,6.6052632331848145,0.1,1.3157894736842106
336,3,28,0,32400,183,0.005648148148148148,15.142077445983887,0.24175824175824176,0.9836065573770492
336,3,28,1,32400,105,0.0032407407407407406,8.657143592834473,0.12804878048780488,1.180952380952381
336,3,28,2,32400,12,0.00037037037037037035,97.58334350585938,0.06578947368421052,0.0
336,3,29,0,32400,170,0.005246913580246914,4.035294055938721,0.17486338797814208,1.1058823529411765
336,3,29,1,32400,112,0.0034567901234567903,2.8660714626312256,0.06666666666666667,1.1696428571428572
336,3,29,2,32400,109,0.0033641975308641974,1.880733847618103,0.16666666666666666,1.4403669724770642
336,3,30,0,32400,102,0.003148148148148148,19.715686798095703,0.21176470588235294,0.9019607843137255
336,3,30,1,32400,108,0.0033333333333333335,4.416666507720947,0.09821428571428571,0.9907407407407407
336,3,30,2,32400,82,0.0025308641975308644,11.829267501831055,0.01834862385321101,1.2439024390243902
336,3,31,0,32400,157,0.004845679012345679,4.777070045471191,0.4117647058823529,1.0254777070063694
336,3,31,1,32400,67,0.002067901234567901,29.880596160888672,0.1574074074074074,1.1194029850746268
336,3,31,2,32400,67,0.002067901234567901,1.4776118993759155,0.2926829268292683,1.0746268656716418
336,3,32,0,32400,105,0.0032407407407407406,31.523813247680664,0.1910828025477707,1.0095238095238095
336,3,32,1,32400,84,0.0025925925925925925,5.833333492279053,0.23880597014925373,1.0119047619047619
336,3,32,2,32400,38,0.0011728395061728395,2.0789473056793213,0.07462686567164178,1.0263157894736843
336,3,33,0,32400,167,0.005154320987654321,5.0479044914245605,0.22857142857142856,1.2634730538922156
336,3,33,1,32400,146,0.004506172839506173,2.9863014221191406,0.08333333333333333,1.321917808219178
336,3,33,2,32400,123,0.0037962962962962963,1.926829218864441,0.0,1.4471544715447155
336,3,34,0,32400,169,0.005216049382716049,13.035503387451172,0.41317365269461076,1.029585798816568
336,3,34,1,32400,171,0.005277777777777778,7.935672760009766,0.3767123287671233,1.2046783625730995
336,3,34,2,32400,8,0.0002469135802469136,22.874996185302734,0.04065040650406504,0.25
336,3,35,0,32400,139,0.004290123456790124,10.194244384765625,0.1952662721893491,0.9640287769784173
336,3,35,1,32400,133,0.004104938271604938,5.9323320388793945,0.1111111111111111,1.150375939849624
336,3,35,2,32400,16,0.0004938271604938272,7.75,0.125,0.6875
337,0,1,0,32400,81,0.0025,2.6790122985839844,-1.0,1.037037037037037
337,0,1,1,32400,115,0.0035493827160493828,3.791304111480713,-1.0,1.0782608695652174
337,0,1,2,32400,40,0.0012345679012345679,54.524993896484375,-1.0,0.925
337,0,2,0,32400,75,0.0023148148148148147,8.70666790008545,0.2839506172839506,0.92
337,0,2,1,32400,83,0.0025617283950617282,7.783132076263428,0.17391304347826086,0.9879518072289156
337,0,2,2,32400,26,0.0008024691358024691,2.153846263885498,0.025,0.9230769230769231
337,0,3,0,32400,100,0.0030864197530864196,3.929999828338623,0.28,0.93
337,0,3,1,32400,95,0.002932098765432099,8.284211158752441,0.24096385542168675,1.2736842105263158
337,0,3,2,32400,32,0.0009876543209876543,31.968746185302734,0.0,0.78125
337,0,4,0,32400,77,0.0023765432098765433,3.701298713684082,0.16,0.5974025974025974
337,0,4,1,32400,117,0.003611111111111111,3.0256412029266357,0.05263157894736842,1.2222222222222223
337,0,4,2,32400,84,0.0025925925925925925,2.059523820877075,0.03125,1.3928571428571428
337,0,5,0,32400,57,0.0017592592592592592,3.859649181365967,0.07792207792207792,0.7719298245614035
337,0,5,1,32400,168,0.005185185185185185,12.392857551574707,0.29914529914529914,1.4107142857142858
337,0,5,2,32400,50,0.0015432098765432098,27.84000015258789,0.05952380952380952,1.0
337,0,6,0,32400,222,0.006851851851851852,5.3063063621521,0.19298245614035087,1.2117117117117118
337,0,6,1,32400,167,0.005154320987654321,21.125749588012695,0.47023809523809523,1.3592814371257484
337,0,6,2,32400,26,0.0008024691358024691,41.03846740722656,0.12,1.1153846153846154
337,0,7,0,32400,150,0.004629629629629629,7.013333320617676,0.30180180180180183,0.8066666666666666
337,0,7,1,32400,110,0.0033950617283950617,15.127274513244629,0.23952095808383234,1.0727272727272728
337,0,7,2,32400,17,0.0005246913580246914,1.529411792755127,0.11538461538461539,0.8235294117647058
337,0,8,0,32400,200,0.006172839506172839,8.109999656677246,0.24666666666666667,1.095
337,0,8,1,32400,58,0.0017901234567901235,3.0,0.06363636363636363,0.8103448275862069
337,0,8,2,32400,34,0.0010493827160493827,5.735294342041016,0.11764705882352941,0.9705882352941176
337,0,9,0,32400,87,0.002685185185185185,10.540229797363281,0.31,0.8275862068965517
337,0,9,1,32400,50,0.0015432098765432098,3.5199999809265137,0.034482758620689655,0.98
337,0,9,2,32400,16,0.0004938271604938272,1.9375,0.08823529411764706,0.6875
337,0,10,0,32400,148,0.004567901234567902,8.439190864562988,0.19540229885057472,1.2432432432432432
337,0,10,1,32400,115,0.0035493827160493828,3.1565215587615967,0.04,1.182608695652174
337,0,10,2,32400,35,0.0010802469135802468,2.2857143878936768,0.0,1.1714285714285715
337,0,11,0,32400,71,0.002191358024691358,16.971830368041992,0.2905405405405405,0.9154929577464789
337,0,11,1,32400,98,0.0030246913580246914,6.755100727081299,0.09565217391304348,1.2346938775510203
337,0,11,2,32400,19,0.0005864197530864197,1.263157844543457,0.0,1.105263157894737
337,0,12,0,32400,142,0.004382716049382716,7.0492963790893555,0.38028169014084506,1.1549295774647887
337,0,12,1,32400,52,0.0016049382716049382,3.384615898132324,0.08163265306122448,0.9807692307692307
337,0,12,2,32400,35,0.0010802469135802468,3.799999952316284,0.05263157894736842,1.0857142857142856
337,0,13,0,32400,65,0.002006172839506173,23.861534118652344,0.11971830985915492,0.8307692307692308
337,0,13,1,32400,81,0.0025,5.148148059844971,0.057692307692307696,1.1604938271604939
337,0,13,2,32400,66,0.002037037037037037,10.030302047729492,0.11428571428571428,1.2272727272727273
337,0,14,0,32400,143,0.00441358024691358,5.391608238220215,0.03076923076923077,1.3496503496503496
337,0,14,1,32400,114,0.0035185185185185185,2.7456140518188477,0.037037037037037035,1.2456140350877194
337,0,14,2,32400,50,0.0015432098765432098,2.4800000190734863,0.015151515151515152,1.04
337,0,15,0,32400,150,0.004629629629629629,17.18666648864746,0.32167832167832167,1.1666666666666667
337,0,15,1,32400,131,0.00404320987654321,5.801527500152588,0.18421052631578946,1.1221374045801527
337,0,15,2,32400,64,0.0019753086419753087,5.406249523162842,0.0,0.96875
337,0,16,0,32400,106,0.003271604938271605,10.650943756103516,0.38,0.7830188679245284
337,0,16,1,32400,86,0.002654320987654321,11.755813598632812,0.183206106870229,1.0465116279069768
337,0,16,2,32400,81,0.0025,13.333333015441895,0.046875,1.2222222222222223
337,0,17,0,32400,127,0.003919753086419753,10.149605751037598,0.2830188679245283,0.9448818897637795
337,0,17,1,32400,149,0.004598765432098765,12.677852630615234,0.27906976744186046,1.2751677852348993
337,0,17,2,32400,12,0.00037037037037037035,2.5833334922790527,0.037037037037037035,0.5833333333333334
337,0,18,0,32400,123,0.0037962962962962963,7.235772132873535,0.2440944881889764,0.991869918699187
337,0,18,1,32400,156,0.004814814814814815,7.852564334869385,0.19463087248322147,1.1666666666666667
337,0,18,2,32400,44,0.0013580246913580246,2.0227272510528564,0.0,1.0
337,0,19,0,32400,97,0.002993827160493827,160.86602783203125,0.2845528455284553,0.9175257731958762
337,0,19,1,32400,157,0.004845679012345679,4.52866268157959,0.1346153846153846,1.2802547770700636
337,0,19,2,32400,36,0.0011111111111111111,2.527777910232544,0.022727272727272728,1.0
337,0,20,0,32400,109,0.0033641975308641974,2.2752292156219482,0.18556701030927836,0.9541284403669725
337,0,20,1,32400,126,0.0038888888888888888,3.539682626724243,0.12101910828025478,1.0714285714285714
337,0,20,2,32400,41,0.0012654320987654322,6.170731544494629,0.08333333333333333,0.6829268292682927
337,0,21,0,32400,136,0.004197530864197531,6.463235378265381,0.14678899082568808,1.4926470588235294
337,0,21,1,32400,119,0.0036728395061728395,4.403361797332764,0.07936507936507936,1.1764705882352942
337,0,21,2,32400,56,0.0017283950617283952,2.392857313156128,0.0975609756097561,1.1607142857142858
337,0,22,0,32400,102,0.003148148148148148,10.421568870544434,0.4852941176470588,1.0588235294117647
337,0,22,1,32400,133,0.004104938271604938,8.954887390136719,0.33613445378151263,1.3609022556390977
337,0,22,2,32400,84,0.0025925925925925925,2.3333334922790527,0.017857142857142856,1.3095238095238095
337,0,23,0,32400,197,0.006080246913580247,15.573603630065918,0.4117647058823529,0.9543147208121827
337,0,23,1,32400,194,0.005987654320987654,5.855669975280762,0.39097744360902253,1.2938144329896908
337,0,23,2,32400,57,0.0017592592592592592,2.21052622795105,0.10714285714285714,1.4210526315789473
337,0,24,0,32400,207,0.006388888888888889,7.130434513092041,0.28426395939086296,1.0434782608695652
337,0,24,1,32400,100,0.0030864197530864196,11.529999732971191,0.21649484536082475,1.22
337,0,24,2,32400,31,0.0009567901234567902,2.5161290168762207,0.08771929824561403,1.096774193548387
337,0,25,0,32400,248,0.007654320987654321,4.758064270019531,0.28019323671497587,1.1975806451612903
337,0,25,1,32400,119,0.0036728395061728395,2.201680898666382,0.41,0.9831932773109243
337,0,25,2,32400,22,0.0006790123456790123,8.40909194946289,0.12903225806451613,0.8636363636363636
337,0,26,0,32400,150,0.004629629629629629,6.886666774749756,0.2782258064516129,1.0666666666666667
337,0,26,1,32400,47,0.0014506172839506173,8.063830375671387,0.058823529411764705,0.9787234042553191
337,0,26,2,32400,29,0.0008950617283950618,2.379310369491577,0.09090909090909091,0.7931034482758621
337,0,27,0,32400,208,0.006419753086419753,5.725961685180664,0.3333333333333333,1.1346153846153846
337,0,27,1,32400,29,0.0008950617283950618,30.31034278869629,0.10638297872340426,1.0689655172413792
337,0,27,2,32400,3,9.259259259259259e-05,1.3333333730697632,0.034482758620689655,0.3333333333333333
337,0,28,0,32400,102,0.003148148148148148,20.8137264251709,0.25,1.1274509803921569
337,0,28,1,32400,67,0.002067901234567901,4.000000476837158,0.034482758620689655,0.9402985074626866
337,0,28,2,32400,3,9.259259259259259e-05,5.6666669845581055,0.0,0.0
337,0,29,0,32400,76,0.002345679012345679,6.434209823608398,0.3431372549019608,1.0263157894736843
337,0,29,1,32400,86,0.002654320987654321,5.534883499145508,0.14925373134328357,1.0813953488372092
337,0,29,2,32400,40,0.0012345679012345679,2.25,0.0,0.975
337,0,30,0,32400,116,0.003580246913580247,5.681034564971924,0.15789473684210525,1.1206896551724137
337,0,30,1,32400,81,0.0025,2.7407407760620117,0.10465116279069768,1.1851851851851851
337,0,30,2,32400,30,0.000925925925925926,2.2333333492279053,0.075,1.0666666666666667
337,0,31,0,32400,130,0.004012345679012346,9.492308616638184,0.1810344827586207,1.3
337,0,31,1,32400,66,0.002037037037037037,6.5,0.13580246913580246,0.696969696969697
337,0,31,2,32400,18,0.0005555555555555556,2.1666667461395264,0.03333333333333333,1.1666666666666667
337,0,32,0,32400,138,0.0042592592592592595,24.64493179321289,0.3076923076923077,1.0942028985507246
337,0,32,1,32400,45,0.001388888888888889,8.511110305786133,0.09090909090909091,1.0
337,0,32,2,32400,122,0.003765432098765432,3.9918031692504883,0.0,1.2295081967213115
337,0,33,0,32400,129,0.003981481481481482,6.620154857635498,0.2246376811594203,1.0310077519379846
337,0,33,1,32400,78,0.0024074074074074076,3.0256409645080566,0.022222222222222223,0.717948717948718
337,0,33,2,32400,56,0.0017283950617283952,5.017857551574707,0.040983606557377046,1.0535714285714286
337,0,34,0,32400,210,0.006481481481481481,25.45238494873047,0.3643410852713178,1.161904761904762
337,0,34,1,32400,197,0.006080246913580247,3.7664973735809326,0.11538461538461539,1.1827411167512691
337,0,34,2,32400,69,0.0021296296296296298,2.3913044929504395,0.05357142857142857,1.0724637681159421
337,0,35,0,32400,163,0.005030864197530864,5.257668495178223,0.36666666666666664,1.01840490797546
337,0,35,1,32400,247,0.007623456790123457,9.234818458557129,0.2182741116751269,1.145748987854251
337,0,35,2,32400,33,0.0010185185185185184,6.666667461395264,0.08695652173913043,0.8181818181818182
337,1,1,0,32400,121,0.0037345679012345677,57.42149353027344,-1.0,0.7851239669421488
337,1,1,1,32400,119,0.0036728395061728395,2.7142858505249023,-1.0,1.2857142857142858
337,1,1,2,32400,34,0.0010493827160493827,2.2941176891326904,-1.0,0.8235294117647058
337,1,2,0,32400,147,0.004537037037037037,3.0136053562164307,0.2396694214876033,0.9863945578231292
337,1,2,1,32400,159,0.004907407407407407,8.716980934143066,0.3949579831932773,1.2389937106918238
337,1,2,2,32400,28,0.0008641975308641976,2.0714287757873535,0.029411764705882353,1.2857142857142858
337,1,3,0,32400,186,0.005740740740740741,29.370969772338867,0.14965986394557823,1.043010752688172
337,1,3,1,32400,187,0.005771604938271605,10.44385051727295,0.1949685534591195,1.2245989304812834
337,1,3,2,32400,26,0.0008024691358024691,3.615384817123413,0.03571428571428571,0.9230769230769231
337,1,4,0,32400,211,0.006512345679012346,34.1895751953125,0.24193548387096775,0.985781990521327
337,1,4,1,32400,151,0.004660493827160494,12.317880630493164,0.16042780748663102,1.1920529801324504
337,1,4,2,32400,29,0.0008950617283950618,12.17241382598877,0.0,0.7931034482758621
337,1,5,0,32400,183,0.005648148148148148,14.049179077148438,0.4834123222748815,0.9344262295081968
337,1,5,1,32400,143,0.00441358024691358,5.937061786651611,0.1390728476821192,1.3146853146853146
337,1,5,2,32400,64,0.0019753086419753087,2.25,0.034482758620689655,1.125
337,1,6,0,32400,131,0.00404320987654321,3.5954198837280273,0.18032786885245902,1.0
337,1,6,1,32400,96,0.002962962962962963,42.32291793823242,0.2517482517482518,1.0416666666666667
337,1,6,2,32400,141,0.0043518518518518515,4.446808338165283,0.078125,1.297872340425532
337,1,7,0,32400,63,0.0019444444444444444,10.269841194152832,0.15267175572519084,0.5714285714285714
337,1,7,1,32400,96,0.002962962962962963,4.239583969116211,0.21875,1.15625
337,1,7,2,32400,44,0.0013580246913580246,3.1363637447357178,0.19858156028368795,0.8636363636363636
337,1,8,0,32400,189,0.005833333333333334,2.9841268062591553,0.3333333333333333,1.2010582010582012
337,1,8,1,32400,25,0.0007716049382716049,15.319999694824219,0.1875,0.64
337,1,8,2,32400,9,0.0002777777777777778,2.0,0.0,0.5555555555555556
337,1,9,0,32400,96,0.002962962962962963,9.104166984558105,0.1164021164021164,1.28125
337,1,9,1,32400,115,0.0035493827160493828,2.4086954593658447,0.04,1.3304347826086957
337,1,9,2,32400,60,0.001851851851851852,2.4000000953674316,0.0,1.5333333333333334
337,1,10,0,32400,189,0.005833333333333334,6.132275104522705,0.5520833333333334,1.2962962962962963
337,1,10,1,32400,112,0.0034567901234567903,8.098215103149414,0.12173913043478261,1.1785714285714286
337,1,10,2,32400,67,0.002067901234567901,2.2089552879333496,0.2,0.9701492537313433
337,1,11,0,32400,177,0.005462962962962963,8.717514038085938,0.2857142857142857,1.07909604519774
337,1,11,1,32400,77,0.0023765432098765433,5.9610395431518555,0.08928571428571429,1.155844155844156
337,1,11,2,32400,30,0.000925925925925926,9.500000953674316,0.029850746268656716,1.1333333333333333
337,1,12,0,32400,165,0.005092592592592593,9.957575798034668,0.3446327683615819,1.1696969696969697
337,1,12,1,32400,39,0.0012037037037037038,2.384615421295166,0.05194805194805195,0.717948717948718
337,1,12,2,32400,50,0.0015432098765432098,3.8399999141693115,0.06666666666666667,1.1
337,1,13,0,32400,156,0.004814814814814815,7.096153736114502,0.296969696969697,1.0384615384615385
337,1,13,1,32400,29,0.0008950617283950618,4.034482955932617,0.05128205128205128,0.7241379310344828
337,1,13,2,32400,9,0.0002777777777777778,1.888888955116272,0.0,0.2222222222222222
337,1,14,0,32400,125,0.0038580246913580245,17.48000144958496,0.1858974358974359,1.112
337,1,14,1,32400,81,0.0025,2.2839505672454834,0.20689655172413793,1.1111111111111112
337,1,14,2,32400,58,0.0017901234567901235,2.068965435028076,0.0,1.2413793103448276
337,1,15,0,32400,164,0.005061728395061729,12.28658390045166,0.352,1.2073170731707317
337,1,15,1,32400,62,0.0019135802469135803,3.0161290168762207,0.08641975308641975,1.1290322580645162
337,1,15,2,32400,41,0.0012654320987654322,3.121951103210449,0.06896551724137931,1.0731707317073171
337,1,16,0,32400,234,0.007222222222222222,12.081198692321777,0.4634146341463415,1.311965811965812
337,1,16,1,32400,132,0.004074074074074074,9.492424964904785,0.06451612903225806,1.303030303030303
337,1,16,2,32400,34,0.0010493827160493827,2.7352941036224365,0.07317073170731707,1.2941176470588236
337,1,17,0,32400,235,0.007253086419753086,17.834041595458984,0.405982905982906,1.1872340425531915
337,1,17,1,32400,76,0.002345679012345679,4.289473533630371,0.10606060606060606,1.1710526315789473
337,1,17,2,32400,25,0.0007716049382716049,17.319997787475586,0.08823529411764706,0.52
337,1,18,0,32400,172,0.005308641975308642,15.255813598632812,0.4851063829787234,0.9825581395348837
337,1,18,1,32400,120,0.003703703703703704,8.1083345413208,0.3026315789473684,1.1416666666666666
337,1,18,2,32400,77,0.0023765432098765433,2.6883115768432617,0.28,1.155844155844156
337,1,19,0,32400,117,0.003611111111111111,22.15384864807129,0.3430232558139535,1.0085470085470085
337,1,19,1,32400,69,0.0021296296296296298,26.98550796508789,0.275,0.8115942028985508
337,1,19,2,32400,24,0.0007407407407407407,1.9583333730697632,0.07792207792207792,0.4583333333333333
337,1,20,0,32400,111,0.003425925925925926,4.405405521392822,0.13675213675213677,0.990990990990991
337,1,20,1,32400,72,0.0022222222222222222,2.6111111640930176,0.057971014492753624,1.1527777777777777
337,1,20,2,32400,32,0.0009876543209876543,12.90625,0.0,1.5
337,1,21,0,32400,56,0.0017283950617283952,5.1964287757873535,0.34234234234234234,0.9285714285714286
337,1,21,1,32400,85,0.002623456790123457,2.635294198989868,0.041666666666666664,1.1176470588235294
337,1,21,2,32400,94,0.0029012345679012346,3.6276590824127197,0.25,1.2659574468085106
337,1,22,0,32400,60,0.001851851851851852,2.266666889190674,0.07142857142857142,1.1833333333333333
337,1,22,1,32400,169,0.005216049382716049,8.059172630310059,0.24705882352941178,1.3076923076923077
337,1,22,2,32400,28,0.0008641975308641976,3.5357143878936768,0.0425531914893617,1.2857142857142858
337,1,23,0,32400,137,0.004228395061728395,4.051095008850098,0.016666666666666666,1.0
337,1,23,1,32400,121,0.0037345679012345677,4.785123825073242,0.20710059171597633,1.0743801652892562
337,1,23,2,32400,50,0.0015432098765432098,2.5999999046325684,0.0,1.26
337,1,24,0,32400,97,0.002993827160493827,7.278350830078125,0.08029197080291971,0.9587628865979382
337,1,24,1,32400,114,0.0035185185185185185,3.0175437927246094,0.08264462809917356,1.131578947368421
337,1,24,2,32400,36,0.0011111111111111111,3.4166667461395264,0.2,1.0
337,1,25,0,32400,98,0.0030246913580246914,12.10204029083252,0.26804123711340205,0.9795918367346939
337,1,25,1,32400,44,0.0013580246913580246,9.454545974731445,0.10526315789473684,0.7727272727272727
337,1,25,2,32400,47,0.0014506172839506173,2.127659559249878,0.0,1.1702127659574468
337,1,26,0,32400,66,0.002037037037037037,3.5,0.1326530612244898,0.803030303030303
337,1,26,1,32400,48,0.0014814814814814814,2.6875,0.022727272727272728,1.0208333333333333
337,1,26,2,32400,76,0.002345679012345679,1.8421052694320679,0.0,1.1973684210526316
337,1,27,0,32400,25,0.0007716049382716049,2.8399999141693115,0.07575757575757576,0.56
337,1,27,1,32400,44,0.0013580246913580246,2.659090995788574,0.0,0.9318181818181818
337,1,27,2,32400,43,0.0013271604938271606,1.9069766998291016,0.0,1.3488372093023255
337,1,28,0,32400,94,0.0029012345679012346,3.5106382369995117,0.32,1.0106382978723405
337,1,28,1,32400,64,0.0019753086419753087,2.6875,0.0,1.078125
337,1,28,2,32400,42,0.0012962962962962963,1.7142857313156128,0.046511627906976744,1.1428571428571428
337,1,29,0,32400,132,0.004074074074074074,17.598485946655273,0.2127659574468085,1.2727272727272727
337,1,29,1,32400,136,0.004197530864197531,5.117647171020508,0.375,1.161764705882353
337,1,29,2,32400,57,0.0017592592592592592,2.526315689086914,0.0,1.3508771929824561
337,1,30,0,32400,156,0.004814814814814815,4.711538314819336,0.1590909090909091,1.1153846153846154
337,1,30,1,32400,152,0.004691358024691358,8.013158798217773,0.13970588235294118,1.1710526315789473
337,1,30,2,32400,45,0.001388888888888889,2.3333334922790527,0.12280701754385964,1.0222222222222221
337,1,31,0,32400,64,0.0019753086419753087,16.843753814697266,0.12179487179487179,1.0625
337,1,31,1,32400,72,0.0022222222222222222,3.444444179534912,0.03289473684210526,0.9305555555555556
337,1,31,2,32400,63,0.0019444444444444444,2.9682540893554688,0.022222222222222223,1.3492063492063493
337,1,32,0,32400,129,0.003981481481481482,37.8139533996582,0.59375,1.1550387596899225
337,1,32,1,32400,42,0.0012962962962962963,8.142858505249023,0.05555555555555555,1.1428571428571428
337,1,32,2,32400,63,0.0019444444444444444,2.6190478801727295,0.06349206349206349,1.2380952380952381
337,1,33,0,32400,159,0.004907407407407407,11.125785827636719,0.4883720930232558,1.371069182389937
337,1,33,1,32400,97,0.002993827160493827,8.072164535522461,0.16666666666666666,1.1443298969072164
337,1,33,2,32400,71,0.002191358024691358,2.0422534942626953,0.031746031746031744,1.1830985915492958
337,1,34,0,32400,148,0.004567901234567902,21.92568016052246,0.3018867924528302,1.054054054054054
337,1,34,1,32400,114,0.0035185185185185185,3.1929824352264404,0.17525773195876287,1.1754385964912282
337,1,34,2,32400,31,0.0009567901234567902,4.709677696228027,0.09859154929577464,0.9354838709677419
337,1,35,0,32400,171,0.005277777777777778,18.304096221923828,0.25675675675675674,1.2163742690058479
337,1,35,1,32400,144,0.0044444444444444444,7.541666030883789,0.07017543859649122,1.1875
337,1,35,2,32400,56,0.0017283950617283952,1.7857143878936768,0.0,1.125
337,2,1,0,32400,113,0.003487654320987654,3.1415929794311523,-1.0,0.9292035398230089
337,2,1,1,32400,112,0.0034567901234567903,3.8125007152557373,-1.0,1.0714285714285714
337,2,1,2,32400,101,0.003117283950617284,2.356435537338257,-1.0,1.3267326732673268
337,2,2,0,32400,196,0.006049382716049383,19.459182739257812,0.24778761061946902,1.1275510204081634
337,2,2,1,32400,121,0.0037345679012345677,2.702479124069214,0.1875,1.4297520661157024
337,2,2,2,32400,69,0.0021296296296296298,3.4057974815368652,0.37623762376237624,1.0724637681159421
337,2,3,0,32400,202,0.006234567901234568,24.797027587890625,0.32653061224489793,1.0297029702970297
337,2,3,1,32400,64,0.0019753086419753087,3.234375,0.1652892561983471,0.921875
337,2,3,2,32400,51,0.001574074074074074,2.0196080207824707,0.014492753623188406,1.3333333333333333
337,2,4,0,32400,195,0.0060185185185185185,3.4871795177459717,0.2376237623762376,1.1333333333333333
337,2,4,1,32400,74,0.002283950617283951,2.5810811519622803,0.140625,1.3108108108108107
337,2,4,2,32400,27,0.0008333333333333334,2.2592592239379883,0.0,0.9259259259259259
337,2,5,0,32400,197,0.006080246913580247,2.6497461795806885,0.16923076923076924,1.1928934010152283
337,2,5,1,32400,67,0.002067901234567901,4.2835822105407715,0.17567567567567569,1.1044776119402986
337,2,5,2,32400,96,0.002962962962962963,2.2291667461395264,0.0,1.3229166666666667
337,2,6,0,32400,119,0.0036728395061728395,2.9243698120117188,0.1319796954314721,1.0756302521008403
337,2,6,1,32400,70,0.0021604938271604936,3.971428632736206,0.2537313432835821,1.1428571428571428
337,2,6,2,32400,10,0.00030864197530864197,1.7000000476837158,0.020833333333333332,0.3
337,2,7,0,32400,103,0.0031790123456790125,8.94174861907959,0.18487394957983194,1.1359223300970873
337,2,7,1,32400,89,0.0027469135802469136,98.95502471923828,0.17142857142857143,1.101123595505618
337,2,7,2,32400,29,0.0008950617283950618,1.8965517282485962,0.0,0.8275862068965517
337,2,8,0,32400,145,0.004475308641975309,6.393103122711182,0.36893203883495146,1.206896551724138
337,2,8,1,32400,112,0.0034567901234567903,3.4732143878936768,0.24719101123595505,1.125
337,2,8,2,32400,3,9.259259259259259e-05,3.3333334922790527,0.0,0.0
337,2,9,0,32400,91,0.002808641975308642,34.593406677246094,0.4068965517241379,0.967032967032967
337,2,9,1,32400,118,0.0036419753086419752,39.10169219970703,0.16964285714285715,1.1101694915254237
337,2,9,2,32400,73,0.0022530864197530865,2.9863014221191406,0.0,1.1917808219178083
337,2,10,0,32400,137,0.004228395061728395,8.14598560333252,0.37362637362637363,0.9854014598540146
337,2,10,1,32400,53,0.0016358024691358025,10.471697807312012,0.11864406779661017,0.8679245283018868
337,2,10,2,32400,33,0.0010185185185185184,5.909090995788574,0.0684931506849315,0.7878787878787878
337,2,11,0,32400,141,0.0043518518518518515,5.801417827606201,0.21897810218978103,1.0567375886524824
337,2,11,1,32400,136,0.004197530864197531,5.044117450714111,0.20754716981132076,1.3088235294117647
337,2,11,2,32400,35,0.0010802469135802468,2.085714340209961,0.030303030303030304,1.2285714285714286
337,2,12,0,32400,109,0.0033641975308641974,12.311925888061523,0.16312056737588654,1.0
337,2,12,1,32400,110,0.0033950617283950617,18.918180465698242,0.13970588235294118,1.2545454545454546
337,2,12,2,32400,43,0.0013271604938271606,2.5581395626068115,0.02857142857142857,1.2790697674418605
337,2,13,0,32400,109,0.0033641975308641974,13.568806648254395,0.25688073394495414,1.0825688073394495
337,2,13,1,32400,132,0.004074074074074074,23.287879943847656,0.33636363636363636,1.3106060606060606
337,2,13,2,32400,23,0.0007098765432098765,39.739131927490234,0.046511627906976744,0.9130434782608695
337,2,14,0,32400,383,0.011820987654320988,7.22715425491333,0.3944954128440367,1.4543080939947781
337,2,14,1,32400,192,0.005925925925925926,9.161458969116211,0.32575757575757575,1.25
337,2,14,2,32400,9,0.0002777777777777778,17.555557250976562,0.08695652173913043,0.2222222222222222
337,2,15,0,32400,254,0.007839506172839506,24.07480239868164,0.46736292428198434,1.0905511811023623
337,2,15,1,32400,161,0.004969135802469136,7.360248565673828,0.21875,1.173913043478261
337,2,15,2,32400,62,0.0019135802469135803,2.322580575942993,0.1111111111111111,0.8870967741935484
337,2,16,0,32400,243,0.0075,3.432098627090454,0.38188976377952755,1.0164609053497942
337,2,16,1,32400,188,0.005802469135802469,3.239361524581909,0.14906832298136646,1.3404255319148937
337,2,16,2,32400,44,0.0013580246913580246,14.909090042114258,0.016129032258064516,1.0227272727272727
337,2,17,0,32400,207,0.006388888888888889,5.64251184463501,0.20987654320987653,1.0821256038647342
337,2,17,1,32400,136,0.004197530864197531,54.683815002441406,0.15425531914893617,0.9852941176470589
337,2,17,2,32400,88,0.0027160493827160493,3.2727274894714355,0.06818181818181818,1.5227272727272727
337,2,18,0,32400,161,0.004969135802469136,15.42236042022705,0.3671497584541063,0.8571428571428571
337,2,18,1,32400,55,0.0016975308641975309,4.599999904632568,0.058823529411764705,1.1272727272727272
337,2,18,2,32400,63,0.0019444444444444444,2.6507937908172607,0.03409090909090909,1.1587301587301588
337,2,19,0,32400,166,0.0051234567901234564,3.6325299739837646,0.34782608695652173,1.0843373493975903
337,2,19,1,32400,103,0.0031790123456790125,2.6990292072296143,0.16363636363636364,1.4563106796116505
337,2,19,2,32400,2,6.17283950617284e-05,1.0,0.015873015873015872,0.0
337,2,20,0,32400,173,0.0053395061728395065,6.190751075744629,0.2289156626506024,1.1734104046242775
337,2,20,1,32400,152,0.004691358024691358,8.52631664276123,0.32038834951456313,1.1973684210526316
337,2,20,2,32400,9,0.0002777777777777778,1.7777777910232544,0.0,0.5555555555555556
337,2,21,0,32400,145,0.004475308641975309,4.765517234802246,0.3872832369942196,1.0413793103448277
337,2,21,1,32400,115,0.0035493827160493828,3.460869312286377,0.17763157894736842,1.208695652173913
337,2,21,2,32400,19,0.0005864197530864197,2.0526316165924072,0.0,0.9473684210526315
337,2,22,0,32400,245,0.007561728395061728,4.424489498138428,0.1724137931034483,1.2
337,2,22,1,32400,71,0.002191358024691358,2.5774648189544678,0.11304347826086956,1.056338028169014
337,2,22,2,32400,23,0.0007098765432098765,2.04347825050354,0.0,1.2173913043478262
337,2,23,0,32400,207,0.006388888888888889,12.661835670471191,0.2816326530612245,1.2077294685990339
337,2,23,1,32400,35,0.0010802469135802468,13.371426582336426,0.09859154929577464,1.2
337,2,23,2,32400,32,0.0009876543209876543,3.218749761581421,0.043478260869565216,0.9375
337,2,24,0,32400,155,0.004783950617283951,11.696775436401367,0.30434782608695654,1.135483870967742
337,2,24,1,32400,49,0.0015123456790123457,2.5102040767669678,0.02857142857142857,1.0816326530612246
337,2,24,2,32400,2,6.17283950617284e-05,1.5,0.03125,0.0
337,2,25,0,32400,168,0.005185185185185185,45.154754638671875,0.23225806451612904,1.125
337,2,25,1,32400,102,0.003148148148148148,4.127450942993164,0.1836734693877551,1.2647058823529411
337,2,25,2,32400,49,0.0015123456790123457,2.040816307067871,0.0,1.2857142857142858
337,2,26,0,32400,156,0.004814814814814815,12.397436141967773,0.27380952380952384,1.0512820512820513
337,2,26,1,32400,84,0.0025925925925925925,5.023809432983398,0.13725490196078433,1.1071428571428572
337,2,26,2,32400,47,0.0014506172839506173,2.1489360332489014,0.10204081632653061,1.2127659574468086
337,2,27,0,32400,167,0.005154320987654321,6.574849605560303,0.36538461538461536,1.281437125748503
337,2,27,1,32400,163,0.005030864197530864,2.754601240158081,0.19047619047619047,1.3803680981595092
337,2,27,2,32400,118,0.0036419753086419752,2.6101694107055664,0.0,1.423728813559322
337,2,28,0,32400,228,0.007037037037037037,12.456140518188477,0.4550898203592814,1.1754385964912282
337,2,28,1,32400,79,0.0024382716049382715,21.0,0.1656441717791411,0.8860759493670886
337,2,28,2,32400,31,0.0009567901234567902,11.032258987426758,0.0847457627118644,0.9354838709677419
337,2,29,0,32400,163,0.005030864197530864,5.6871161460876465,0.34649122807017546,0.8711656441717791
337,2,29,1,32400,73,0.0022530864197530865,4.410958766937256,0.21518987341772153,1.178082191780822
337,2,29,2,32400,43,0.0013271604938271606,1.9069766998291016,0.06451612903225806,1.069767441860465
337,2,30,0,32400,43,0.0013271604938271606,12.511626243591309,0.15337423312883436,0.8837209302325582
337,2,30,1,32400,117,0.003611111111111111,7.034188270568848,0.2465753424657534,1.1538461538461537
337,2,30,2,32400,62,0.0019135802469135803,10.806448936462402,0.023255813953488372,1.0483870967741935
337,2,31,0,32400,100,0.0030864197530864196,4.289999961853027,0.3953488372093023,1.1
337,2,31,1,32400,29,0.0008950617283950618,33.17241668701172,0.10256410256410256,0.6206896551724138
337,2,31,2,32400,43,0.0013271604938271606,1.9534883499145508,0.016129032258064516,0.9767441860465116
337,2,32,0,32400,115,0.0035493827160493828,2.7826085090637207,0.19,1.2956521739130435
337,2,32,1,32400,93,0.0028703703703703703,6.6021504402160645,0.10344827586206896,1.1827956989247312
337,2,32,2,32400,32,0.0009876543209876543,1.5,0.0,1.0
337,2,33,0,32400,85,0.002623456790123457,12.44705867767334,0.391304347826087,1.1058823529411765
337,2,33,1,32400,93,0.0028703703703703703,11.473119735717773,0.16129032258064516,0.946236559139785
337,2,33,2,32400,95,0.002932098765432099,2.463157892227173,0.0,1.4736842105263157
337,2,34,0,32400,147,0.004537037037037037,8.823128700256348,0.5647058823529412,1.0952380952380953
337,2,34,1,32400,137,0.004228395061728395,8.277372360229492,0.16129032258064516,1.2043795620437956
337,2,34,2,32400,55,0.0016975308641975309,3.672727108001709,0.1368421052631579,1.018181818181818
337,2,35,0,32400,187,0.005771604938271605,3.433155059814453,0.40816326530612246,1.053475935828877
337,2,35,1,32400,110,0.0033950617283950617,8.86363697052002,0.22627737226277372,1.0272727272727273
337,2,35,2,32400,8,0.0002469135802469136,6.25,0.10909090909090909,0.5
337,3,1,0,32400,99,0.0030555555555555557,8.404041290283203,-1.0,0.7878787878787878
337,3,1,1,32400,139,0.004290123456790124,3.841726779937744,-1.0,1.3093525179856116
337,3,1,2,32400,19,0.0005864197530864197,1.6842105388641357,-1.0,0.3684210526315789
337,3,2,0,32400,36,0.0011111111111111111,11.5,0.0707070707070707,0.6111111111111112
337,3,2,1,32400,132,0.004074074074074074,12.189393997192383,0.35251798561151076,1.2878787878787878
337,3,2,2,32400,18,0.0005555555555555556,2.3333332538604736,0.05263157894736842,0.5555555555555556
337,3,3,0,32400,99,0.0030555555555555557,2.8282828330993652,0.19444444444444445,1.0909090909090908
337,3,3,1,32400,72,0.0022222222222222222,12.763887405395508,0.12878787878787878,0.9166666666666666
337,3,3,2,32400,31,0.0009567901234567902,1.6774193048477173,0.2222222222222222,0.8387096774193549
337,3,4,0,32400,245,0.007561728395061728,2.6979591846466064,0.18181818181818182,1.4857142857142858
337,3,4,1,32400,45,0.001388888888888889,9.15555477142334,0.1388888888888889,0.7555555555555555
337,3,4,2,32400,62,0.0019135802469135803,2.887096643447876,0.0,1.3548387096774193
337,3,5,0,32400,185,0.005709876543209876,11.254054069519043,0.39591836734693875,1.2108108108108109
337,3,5,1,32400,56,0.0017283950617283952,10.107142448425293,0.24444444444444444,1.0
337,3,5,2,32400,21,0.0006481481481481481,5.857142448425293,0.06451612903225806,0.6190476190476191
337,3,6,0,32400,158,0.004876543209876543,4.170886039733887,0.2810810810810811,1.1455696202531647
337,3,6,1,32400,30,0.000925925925925926,75.00001525878906,0.07142857142857142,0.7333333333333333
337,3,6,2,32400,18,0.0005555555555555556,3.444444417953491,0.0,1.0
337,3,7,0,32400,48,0.0014814814814814814,12.770834922790527,0.2088607594936709,0.625
337,3,7,1,32400,84,0.0025925925925925925,3.261904716491699,0.1,1.119047619047619
337,3,7,2,32400,49,0.0015123456790123457,2.6530611515045166,0.2222222222222222,0.9795918367346939
337,3,8,0,32400,78,0.0024074074074074076,4.243589878082275,0.1875,0.9743589743589743
337,3,8,1,32400,27,0.0008333333333333334,35.88888168334961,0.10714285714285714,0.5925925925925926
337,3,8,2,32400,75,0.0023148148148148147,14.826666831970215,0.24489795918367346,1.2266666666666666
337,3,9,0,32400,56,0.0017283950617283952,13.339285850524902,0.05128205128205128,0.9821428571428571
337,3,9,1,32400,88,0.0027160493827160493,2.5,0.1111111111111111,1.2159090909090908
337,3,9,2,32400,145,0.004475308641975309,5.29655122756958,0.06666666666666667,1.4137931034482758
337,3,10,0,32400,182,0.005617283950617284,3.5989012718200684,0.625,1.335164835164835
337,3,10,1,32400,64,0.0019753086419753087,11.765625953674316,0.125,1.0
337,3,10,2,32400,104,0.0032098765432098763,9.115385055541992,0.2620689655172414,1.2211538461538463
337,3,11,0,32400,192,0.005925925925925926,8.135416984558105,0.18681318681318682,1.1822916666666667
337,3,11,1,32400,176,0.005432098765432099,4.267045497894287,0.140625,1.3920454545454546
337,3,11,2,32400,65,0.002006172839506173,17.892305374145508,0.11538461538461539,0.9692307692307692
337,3,12,0,32400,209,0.006450617283950617,24.626792907714844,0.3072916666666667,0.8660287081339713
337,3,12,1,32400,124,0.0038271604938271606,9.45161247253418,0.29545454545454547,1.096774193548387
337,3,12,2,32400,94,0.0029012345679012346,3.9255318641662598,0.06153846153846154,1.1702127659574468
337,3,13,0,32400,160,0.0049382716049382715,20.92500114440918,0.2727272727272727,0.85
337,3,13,1,32400,64,0.0019753086419753087,3.624999761581421,0.08064516129032258,1.171875
337,3,13,2,32400,56,0.0017283950617283952,6.1964287757873535,0.19148936170212766,1.1785714285714286
337,3,14,0,32400,81,0.0025,8.370370864868164,0.25625,0.6419753086419753
337,3,14,1,32400,148,0.004567901234567902,4.804054260253906,0.0625,1.0743243243243243
337,3,14,2,32400,44,0.0013580246913580246,2.3636364936828613,0.08928571428571429,0.9545454545454546
337,3,15,0,32400,52,0.0016049382716049382,9.365386009216309,0.1111111111111111,0.4423076923076923
337,3,15,1,32400,84,0.0025925925925925925,2.904762029647827,0.11486486486486487,0.9404761904761905
337,3,15,2,32400,62,0.0019135802469135803,3.1935482025146484,0.09090909090909091,1.2258064516129032
337,3,16,0,32400,42,0.0012962962962962963,2.690476179122925,0.038461538461538464,0.7619047619047619
337,3,16,1,32400,76,0.002345679012345679,11.236842155456543,0.11904761904761904,1.0657894736842106
337,3,16,2,32400,55,0.0016975308641975309,2.090909004211426,0.03225806451612903,1.3272727272727274
337,3,17,0,32400,98,0.0030246913580246914,5.132652759552002,0.35714285714285715,1.3061224489795917
337,3,17,1,32400,123,0.0037962962962962963,2.512195110321045,0.10526315789473684,1.1056910569105691
337,3,17,2,32400,32,0.0009876543209876543,26.718753814697266,0.09090909090909091,1.03125
337,3,18,0,32400,91,0.002808641975308642,12.450550079345703,0.21428571428571427,1.010989010989011
337,3,18,1,32400,66,0.002037037037037037,14.636363983154297,0.22764227642276422,0.9545454545454546
337,3,18,2,32400,36,0.0011111111111111111,1.9722222089767456,0.03125,1.0555555555555556
337,3,19,0,32400,103,0.0031790123456790125,2.4077670574188232,0.06593406593406594,0.9902912621359223
337,3,19,1,32400,89,0.0027469135802469136,2.6853933334350586,0.15151515151515152,0.9325842696629213
337,3,19,2,32400,16,0.0004938271604938272,3.1875,0.027777777777777776,0.5625
337,3,20,0,32400,140,0.004320987654320987,7.471428394317627,0.17475728155339806,1.2571428571428571
337,3,20,1,32400,151,0.004660493827160494,10.344369888305664,0.21348314606741572,1.1655629139072847
337,3,20,2,32400,20,0.0006172839506172839,1.5,0.0,0.8
337,3,21,0,32400,198,0.006111111111111111,4.792929172515869,0.2714285714285714,1.2373737373737375
337,3,21,1,32400,135,0.004166666666666667,13.125927925109863,0.152317880794702,1.237037037037037
337,3,21,2,32400,47,0.0014506172839506173,3.531914710998535,0.15,1.0
337,3,22,0,32400,127,0.003919753086419753,17.031496047973633,0.21717171717171718,1.0236220472440944
337,3,22,1,32400,111,0.003425925925925926,12.036035537719727,0.14814814814814814,0.918918918918919
337,3,22,2,32400,119,0.0036728395061728395,10.848739624023438,0.02127659574468085,1.4285714285714286
337,3,23,0,32400,189,0.005833333333333334,6.804232597351074,0.36220472440944884,1.1375661375661377
337,3,23,1,32400,77,0.0023765432098765433,4.8051958084106445,0.12612612612612611,1.0129870129870129
337,3,23,2,32400,88,0.0027160493827160493,11.318181991577148,0.06722689075630252,1.2272727272727273
337,3,24,0,32400,135,0.004166666666666667,10.577778816223145,0.19576719576719576,0.7925925925925926
337,3,24,1,32400,127,0.003919753086419753,3.65354323387146,0.09090909090909091,1.1574803149606299
337,3,24,2,32400,31,0.0009567901234567902,3.774193525314331,0.06818181818181818,0.5483870967741935
337,3,25,0,32400,131,0.00404320987654321,2.786259651184082,0.14814814814814814,1.0763358778625953
337,3,25,1,32400,137,0.004228395061728395,2.175182580947876,0.10236220472440945,1.145985401459854
337,3,25,2,32400,56,0.0017283950617283952,6.357143878936768,0.03225806451612903,1.3571428571428572
337,3,26,0,32400,64,0.0019753086419753087,10.640625953674316,0.10687022900763359,0.703125
337,3,26,1,32400,60,0.001851851851851852,10.350000381469727,0.21897810218978103,0.9333333333333333
337,3,26,2,32400,69,0.0021296296296296298,2.6521739959716797,0.10714285714285714,1.2028985507246377
337,3,27,0,32400,72,0.0022222222222222222,6.416666507720947,0.140625,1.0277777777777777
337,3,27,1,32400,40,0.0012345679012345679,3.0250000953674316,0.08333333333333333,1.225
337,3,27,2,32400,50,0.0015432098765432098,6.87999963760376,0.13043478260869565,1.08
337,3,28,0,32400,132,0.004074074074074074,2.9772727489471436,0.3333333333333333,1.2424242424242424
337,3,28,1,32400,157,0.004845679012345679,6.063694000244141,0.225,1.394904458598726
337,3,28,2,32400,140,0.004320987654320987,2.299999952316284,0.1,1.3071428571428572
337,3,29,0,32400,104,0.0032098765432098763,9.836539268493652,0.1893939393939394,0.9326923076923077
337,3,29,1,32400,119,0.0036728395061728395,3.302521228790283,0.08917197452229299,1.084033613445378
337,3,29,2,32400,34,0.0010493827160493827,2.970588207244873,0.04285714285714286,0.9705882352941176
337,3,30,0,32400,91,0.002808641975308642,17.582420349121094,0.18269230769230768,0.989010989010989
337,3,30,1,32400,85,0.002623456790123457,7.964706897735596,0.21008403361344538,0.8117647058823529
337,3,30,2,32400,74,0.002283950617283951,2.527027130126953,0.0,1.4054054054054055
337,3,31,0,32400,86,0.002654320987654321,15.255813598632812,0.26373626373626374,0.8488372093023255
337,3,31,1,32400,146,0.004506172839506173,16.48630142211914,0.2235294117647059,1.321917808219178
337,3,31,2,32400,79,0.0024382716049382715,2.1392405033111572,0.06756756756756757,1.2151898734177216
337,3,32,0,32400,223,0.006882716049382716,5.29148006439209,0.32558139534883723,1.2331838565022422
337,3,32,1,32400,177,0.005462962962962963,2.4689266681671143,0.2191780821917808,1.1694915254237288
337,3,32,2,32400,23,0.0007098765432098765,5.130434989929199,0.10126582278481013,0.43478260869565216
337,3,33,0,32400,129,0.003981481481481482,11.860465049743652,0.34977578475336324,1.186046511627907
337,3,33,1,32400,107,0.0033024691358024692,5.514018535614014,0.10734463276836158,0.9906542056074766
337,3,33,2,32400,83,0.0025617283950617282,2.1566264629364014,0.08695652173913043,1.3734939759036144
337,3,34,0,32400,186,0.005740740740740741,3.9677419662475586,0.43410852713178294,1.0698924731182795
337,3,34,1,32400,126,0.0038888888888888888,5.97619104385376,0.18691588785046728,1.0317460317460319
337,3,34,2,32400,66,0.002037037037037037,2.2727272510528564,0.012048192771084338,1.2272727272727273
337,3,35,0,32400,95,0.002932098765432099,17.010530471801758,0.23655913978494625,0.8421052631578947
337,3,35,1,32400,130,0.004012345679012346,8.10769271850586,0.24603174603174602,1.2076923076923076
337,3,35,2,32400,55,0.0016975308641975309,3.127272605895996,0.030303030303030304,0.9454545454545454
338,0,1,0,32400,203,0.006265432098765432,6.182265758514404,-1.0,0.8817733990147784
338,0,1,1,32400,75,0.0023148148148148147,3.9066667556762695,-1.0,1.28
338,0,1,2,32400,93,0.0028703703703703703,5.139784812927246,-1.0,1.2903225806451613
338,0,2,0,32400,113,0.003487654320987654,16.123891830444336,0.19704433497536947,0.7433628318584071
338,0,2,1,32400,40,0.0012345679012345679,2.2250001430511475,0.013333333333333334,1.15
338,0,2,2,32400,7,0.0002160493827160494,14.428573608398438,0.03225806451612903,0.2857142857142857
338,0,3,0,32400,86,0.002654320987654321,2.8255813121795654,0.168141592920354,1.058139534883721
338,0,3,1,32400,71,0.002191358024691358,2.0422534942626953,0.0,0.9154929577464789
338,0,3,2,32400,14,0.0004320987654320988,4.714285850524902,0.14285714285714285,0.2857142857142857
338,0,4,0,32400,96,0.002962962962962963,7.895833969116211,0.16279069767441862,1.0520833333333333
338,0,4,1,32400,52,0.0016049382716049382,2.519230842590332,0.04225352112676056,1.1153846153846154
338,0,4,2,32400,64,0.0019753086419753087,2.0625,0.0,1.484375
338,0,5,0,32400,59,0.0018209876543209876,1.9661016464233398,0.13541666666666666,0.9491525423728814
338,0,5,1,32400,30,0.000925925925925926,2.8333334922790527,0.057692307692307696,0.8666666666666667
338,0,5,2,32400,23,0.0007098765432098765,3.3913044929504395,0.03125,0.8260869565217391
338,0,6,0,32400,177,0.005462962962962963,1.926553726196289,0.05084745762711865,1.3502824858757063
338,0,6,1,32400,51,0.001574074074074074,2.1372549533843994,0.0,1.0588235294117647
338,0,6,2,32400,47,0.0014506172839506173,2.574467897415161,0.043478260869565216,1.2340425531914894
338,0,7,0,32400,163,0.005030864197530864,2.8588955402374268,0.11864406779661017,1.2638036809815951
338,0,7,1,32400,155,0.004783950617283951,2.9677419662475586,0.0784313725490196,1.1806451612903226
338,0,7,2,32400,50,0.0015432098765432098,3.0199999809265137,0.2765957446808511,1.04
338,0,8,0,32400,86,0.002654320987654321,17.67441749572754,0.24539877300613497,1.1046511627906976
338,0,8,1,32400,48,0.0014814814814814814,3.2708334922790527,0.03870967741935484,1.0416666666666667
338,0,8,2,32400,6,0.00018518518518518518,213.83334350585938,0.02,0.5
338,0,9,0,32400,108,0.0033333333333333335,9.657407760620117,0.5465116279069767,1.0648148148148149
338,0,9,1,32400,153,0.004722222222222222,15.359477043151855,0.3125,1.1437908496732025
338,0,9,2,32400,69,0.0021296296296296298,2.8405797481536865,0.16666666666666666,1.173913043478261
338,0,10,0,32400,289,0.008919753086419752,4.570934295654297,0.2037037037037037,1.3217993079584776
338,0,10,1,32400,187,0.005771604938271605,2.3582887649536133,0.1111111111111111,1.4438502673796791
338,0,10,2,32400,55,0.0016975308641975309,4.399999618530273,0.057971014492753624,1.0909090909090908
338,0,11,0,32400,184,0.005679012345679012,11.663043975830078,0.2179930795847751,1.2173913043478262
338,0,11,1,32400,182,0.005617283950617284,8.758241653442383,0.37967914438502676,1.3076923076923077
338,0,11,2,32400,13,0.00040123456790123454,2.769230842590332,0.03636363636363636,0.8461538461538461
338,0,12,0,32400,148,0.004567901234567902,259.3241882324219,0.2391304347826087,1.0608108108108107
338,0,12,1,32400,86,0.002654320987654321,3.872093439102173,0.0989010989010989,1.2209302325581395
338,0,12,2,32400,26,0.0008024691358024691,3.076923131942749,0.0,1.3461538461538463
338,0,13,0,32400,78,0.0024074074074074076,7.589743614196777,0.19594594594594594,0.9358974358974359
338,0,13,1,32400,165,0.005092592592592593,7.678787708282471,0.29069767441860467,1.2181818181818183
338,0,13,2,32400,12,0.00037037037037037035,4.583333492279053,0.07692307692307693,0.5833333333333334
338,0,14,0,32400,64,0.0019753086419753087,4.562500476837158,0.19230769230769232,0.65625
338,0,14,1,32400,139,0.004290123456790124,6.647482395172119,0.23030303030303031,1.0503597122302157
338,0,14,2,32400,35,0.0010802469135802468,7.5714287757873535,0.0,1.2
338,0,15,0,32400,93,0.0028703703703703703,19.989246368408203,0.109375,0.8602150537634409
338,0,15,1,32400,184,0.005679012345679012,3.913043975830078,0.11510791366906475,1.3315217391304348
338,0,15,2,32400,36,0.0011111111111111111,1.8611111640930176,0.02857142857142857,1.3333333333333333
338,0,16,0,32400,134,0.004135802469135802,2.6268656253814697,0.34408602150537637,1.2462686567164178
338,0,16,1,32400,87,0.002685185185185185,11.321839332580566,0.23369565217391305,0.9655172413793104
338,0,16,2,32400,23,0.0007098765432098765,4.6086955070495605,0.0,1.2173913043478262
338,0,17,0,32400,70,0.0021604938271604936,8.085713386535645,0.05970149253731343,0.9142857142857143
338,0,17,1,32400,110,0.0033950617283950617,6.06363582611084,0.11494252873563218,1.2272727272727273
338,0,17,2,32400,47,0.0014506172839506173,2.2765955924987793,0.043478260869565216,1.1702127659574468
338,0,18,0,32400,164,0.005061728395061729,6.189023971557617,0.2,1.2926829268292683
338,0,18,1,32400,117,0.003611111111111111,7.504273891448975,0.2,1.2991452991452992
338,0,18,2,32400,57,0.0017592592592592592,2.175438642501831,0.0851063829787234,1.105263157894737
338,0,19,0,32400,163,0.005030864197530864,12.53374195098877,0.3475609756097561,1.0122699386503067
338,0,19,1,32400,116,0.003580246913580247,3.5862069129943848,0.17094017094017094,1.1810344827586208
338,0,19,2,32400,29,0.0008950617283950618,1.862069010734558,0.017543859649122806,1.1724137931034482
338,0,20,0,32400,141,0.0043518518518518515,10.886524200439453,0.24539877300613497,1.0283687943262412
338,0,20,1,32400,82,0.0025308641975308644,3.634146213531494,0.1810344827586207,0.9634146341463414
338,0,20,2,32400,42,0.0012962962962962963,1.7857142686843872,0.034482758620689655,1.2380952380952381
338,0,21,0,32400,159,0.004907407407407407,7.691823482513428,0.2978723404255319,1.1257861635220126
338,0,21,1,32400,139,0.004290123456790124,11.24460506439209,0.12195121951219512,1.1079136690647482
338,0,21,2,32400,48,0.0014814814814814814,2.0416667461395264,0.0,1.3541666666666667
338,0,22,0,32400,95,0.002932098765432099,2.494736909866333,0.23270440251572327,0.6736842105263158
338,0,22,1,32400,131,0.00404320987654321,13.183206558227539,0.2014388489208633,1.2290076335877862
338,0,22,2,32400,55,0.0016975308641975309,1.6545454263687134,0.020833333333333332,1.1636363636363636
338,0,23,0,32400,84,0.0025925925925925925,4.261904716491699,0.09473684210526316,0.8452380952380952
338,0,23,1,32400,112,0.0034567901234567903,2.4375,0.22137404580152673,1.2053571428571428
338,0,23,2,32400,38,0.0011728395061728395,21.52631950378418,0.10909090909090909,1.1578947368421053
338,0,24,0,32400,111,0.003425925925925926,2.297297239303589,0.14285714285714285,1.027027027027027
338,0,24,1,32400,53,0.0016358024691358025,50.45283889770508,0.16071428571428573,0.6792452830188679
338,0,24,2,32400,2,6.17283950617284e-05,1.0,0.05263157894736842,0.0
338,0,25,0,32400,78,0.0024074074074074076,2.076923131942749,0.06306306306306306,1.0512820512820513
338,0,25,1,32400,85,0.002623456790123457,2.9294118881225586,0.11320754716981132,1.2470588235294118
338,0,25,2,32400,85,0.002623456790123457,3.4352941513061523,0.5,1.3294117647058823
338,0,26,0,32400,63,0.0019444444444444444,5.222222328186035,0.15384615384615385,0.9841269841269841
338,0,26,1,32400,87,0.002685185185185185,16.620689392089844,0.3176470588235294,1.103448275862069
338,0,26,2,32400,45,0.001388888888888889,12.377778053283691,0.15294117647058825,0.9111111111111111
338,0,27,0,32400,114,0.0035185185185185185,7.40350866317749,0.14285714285714285,0.9122807017543859
338,0,27,1,32400,115,0.0035493827160493828,4.7739129066467285,0.14942528735632185,1.2782608695652173
338,0,27,2,32400,7,0.0002160493827160494,1.571428656578064,0.0,0.5714285714285714
338,0,28,0,32400,93,0.0028703703703703703,8.935483932495117,0.2807017543859649,0.7526881720430108
338,0,28,1,32400,76,0.002345679012345679,2.8289473056793213,0.008695652173913044,1.2236842105263157
338,0,28,2,32400,27,0.0008333333333333334,2.370370388031006,0.0,1.2592592592592593
338,0,29,0,32400,202,0.006234567901234568,2.856435537338257,0.16129032258064516,1.301980198019802
338,0,29,1,32400,79,0.0024382716049382715,3.126582384109497,0.06578947368421052,1.0379746835443038
338,0,29,2,32400,16,0.0004938271604938272,20.812503814697266,0.07407407407407407,0.9375
338,0,30,0,32400,123,0.0037962962962962963,17.219511032104492,0.297029702970297,1.1300813008130082
338,0,30,1,32400,134,0.004135802469135802,2.8059701919555664,0.02531645569620253,1.2238805970149254
338,0,30,2,32400,5,0.00015432098765432098,3.4000000953674316,0.0,0.2
338,0,31,0,32400,138,0.0042592592592592595,4.615942001342773,0.4796747967479675,1.1231884057971016
338,0,31,1,32400,130,0.004012345679012346,2.692307710647583,0.09701492537313433,1.3923076923076922
338,0,31,2,32400,32,0.0009876543209876543,1.65625,0.0,1.1875
338,0,32,0,32400,50,0.0015432098765432098,7.079999923706055,0.12318840579710146,0.52
338,0,32,1,32400,165,0.005092592592592593,4.454545497894287,0.2846153846153846,1.3333333333333333
338,0,32,2,32400,79,0.0024382716049382715,12.050630569458008,0.03125,1.3037974683544304
338,0,33,0,32400,92,0.002839506172839506,11.423914909362793,0.22,1.25
338,0,33,1,32400,144,0.0044444444444444444,5.729166507720947,0.14545454545454545,1.125
338,0,33,2,32400,52,0.0016049382716049382,2.365384817123413,0.02531645569620253,1.2692307692307692
338,0,34,0,32400,162,0.005,7.197530746459961,0.09782608695652174,1.1851851851851851
338,0,34,1,32400,87,0.002685185185185185,5.551724910736084,0.1111111111111111,1.0459770114942528
338,0,34,2,32400,34,0.0010493827160493827,1.8235293626785278,0.057692307692307696,0.8235294117647058
338,0,35,0,32400,87,0.002685185185185185,11.425286293029785,0.18518518518518517,0.9770114942528736
338,0,35,1,32400,35,0.0010802469135802468,6.828571319580078,0.1839080459770115,0.6571428571428571
338,0,35,2,32400,79,0.0024382716049382715,2.822784900665283,0.0,1.4177215189873418
338,1,1,0,32400,173,0.0053395061728395065,18.884389877319336,-1.0,1.0520231213872833
338,1,1,1,32400,127,0.003919753086419753,3.1811022758483887,-1.0,1.2283464566929134
338,1,1,2,32400,38,0.0011728395061728395,2.3947367668151855,-1.0,0.7105263157894737
338,1,2,0,32400,118,0.0036419753086419752,12.025424003601074,0.34104046242774566,1.1271186440677967
338,1,2,1,32400,89,0.0027469135802469136,9.550561904907227,0.12598425196850394,1.202247191011236
338,1,2,2,32400,56,0.0017283950617283952,1.7857143878936768,0.13157894736842105,1.2321428571428572
338,1,3,0,32400,106,0.003271604938271605,4.084905624389648,0.2288135593220339,0.8584905660377359
338,1,3,1,32400,136,0.004197530864197531,3.7058823108673096,0.24719101123595505,1.2573529411764706
338,1,3,2,32400,33,0.0010185185185185184,5.787878036499023,0.017857142857142856,1.0303030303030303
338,1,4,0,32400,140,0.004320987654320987,8.614285469055176,0.22641509433962265,1.1285714285714286
338,1,4,1,32400,150,0.004629629629629629,41.03999328613281,0.25,1.1866666666666668
338,1,4,2,32400,10,0.00030864197530864197,2.700000047683716,0.06060606060606061,0.9
338,1,5,0,32400,109,0.0033641975308641974,17.59632682800293,0.1357142857142857,0.9724770642201835
338,1,5,1,32400,108,0.0033333333333333335,6.666666507720947,0.08666666666666667,1.25
338,1,5,2,32400,84,0.0025925925925925925,11.273807525634766,0.0,1.3095238095238095
338,1,6,0,32400,114,0.0035185185185185185,5.438595771789551,0.1926605504587156,1.043859649122807
338,1,6,1,32400,135,0.004166666666666667,4.896296501159668,0.3055555555555556,1.325925925925926
338,1,6,2,32400,36,0.0011111111111111111,22.66666603088379,0.15476190476190477,1.2222222222222223
338,1,7,0,32400,172,0.005308641975308642,2.6453487873077393,0.11403508771929824,1.2674418604651163
338,1,7,1,32400,76,0.002345679012345679,3.4078948497772217,0.07407407407407407,1.2105263157894737
338,1,7,2,32400,54,0.0016666666666666668,2.2037036418914795,0.16666666666666666,0.9074074074074074
338,1,8,0,32400,138,0.0042592592592592595,14.717391967773438,0.1569767441860465,1.0797101449275361
338,1,8,1,32400,84,0.0025925925925925925,12.5119047164917,0.07894736842105263,1.1904761904761905
338,1,8,2,32400,19,0.0005864197530864197,2.4210526943206787,0.0,0.8947368421052632
338,1,9,0,32400,178,0.005493827160493827,13.123595237731934,0.5942028985507246,1.1573033707865168
338,1,9,1,32400,90,0.002777777777777778,2.0333333015441895,0.14285714285714285,0.9
338,1,9,2,32400,53,0.0016358024691358025,2.698113203048706,0.0,1.320754716981132
338,1,10,0,32400,165,0.005092592592592593,3.7090907096862793,0.4101123595505618,1.2545454545454546
338,1,10,1,32400,137,0.004228395061728395,2.74452543258667,0.011111111111111112,1.2773722627737227
338,1,10,2,32400,39,0.0012037037037037038,2.4871795177459717,0.018867924528301886,0.7948717948717948
338,1,11,0,32400,126,0.0038888888888888888,8.277779579162598,0.3212121212121212,1.1746031746031746
338,1,11,1,32400,176,0.005432098765432099,3.159090995788574,0.043795620437956206,1.25
338,1,11,2,32400,47,0.0014506172839506173,7.574468612670898,0.10256410256410256,1.1702127659574468
338,1,12,0,32400,178,0.005493827160493827,12.629215240478516,0.2222222222222222,1.0617977528089888
338,1,12,1,32400,95,0.002932098765432099,16.10526466369629,0.2215909090909091,1.0210526315789474
338,1,12,2,32400,7,0.0002160493827160494,4.285714626312256,0.0425531914893617,0.0
338,1,13,0,32400,182,0.005617283950617284,6.043956279754639,0.3651685393258427,1.1538461538461537
338,1,13,1,32400,128,0.003950617283950617,8.773436546325684,0.3473684210526316,1.0859375
338,1,13,2,32400,31,0.0009567901234567902,1.1612902879714966,0.0,1.032258064516129
338,1,14,0,32400,283,0.008734567901234568,23.1378116607666,0.42857142857142855,1.431095406360424
338,1,14,1,32400,36,0.0011111111111111111,46.99999237060547,0.140625,0.75
338,1,14,2,32400,33,0.0010185185185185184,1.454545497894287,0.0967741935483871,0.8484848484848485
338,1,15,0,32400,214,0.0066049382716049385,5.616822242736816,0.4558303886925795,1.1822429906542056
338,1,15,1,32400,130,0.004012345679012346,2.1692306995391846,0.05555555555555555,1.1076923076923078
338,1,15,2,32400,94,0.0029012345679012346,3.1914892196655273,0.12121212121212122,1.2553191489361701
338,1,16,0,32400,110,0.0033950617283950617,15.890908241271973,0.2616822429906542,0.9727272727272728
338,1,16,1,32400,132,0.004074074074074074,5.136363983154297,0.09230769230769231,1.2045454545454546
338,1,16,2,32400,24,0.0007407407407407407,1.8333333730697632,0.0851063829787234,0.3333333333333333
338,1,17,0,32400,146,0.004506172839506173,4.6712327003479,0.3,1.1506849315068493
338,1,17,1,32400,139,0.004290123456790124,1.9856115579605103,0.2803030303030303,1.2805755395683454
338,1,17,2,32400,66,0.002037037037037037,2.242424249649048,0.0,1.196969696969697
338,1,18,0,32400,99,0.0030555555555555557,2.929292917251587,0.2328767123287671,0.98989898989899
338,1,18,1,32400,109,0.0033641975308641974,2.6330273151397705,0.050359712230215826,1.2201834862385321
338,1,18,2,32400,42,0.0012962962962962963,5.309524059295654,0.0,1.0714285714285714
338,1,19,0,32400,99,0.0030555555555555557,9.848484992980957,0.09090909090909091,1.3636363636363635
338,1,19,1,32400,121,0.0037345679012345677,5.909090518951416,0.07339449541284404,1.1239669421487604
338,1,19,2,32400,58,0.0017901234567901235,16.431034088134766,0.40476190476190477,1.0862068965517242
338,1,20,0,32400,109,0.0033641975308641974,2.587155818939209,0.35353535353535354,0.963302752293578
338,1,20,1,32400,116,0.003580246913580247,15.301724433898926,0.3140495867768595,1.1982758620689655
338,1,20,2,32400,9,0.0002777777777777778,2.6666667461395264,0.10344827586206896,0.0
338,1,21,0,32400,115,0.0035493827160493828,8.747825622558594,0.14678899082568808,1.0
338,1,21,1,32400,129,0.003981481481481482,9.403100967407227,0.15517241379310345,1.178294573643411
338,1,21,2,32400,22,0.0006790123456790123,1.7272727489471436,0.0,0.9545454545454546
338,1,22,0,32400,136,0.004197530864197531,8.191176414489746,0.4260869565217391,1.0220588235294117
338,1,22,1,32400,103,0.0031790123456790125,10.058252334594727,0.10852713178294573,1.0388349514563107
338,1,22,2,32400,22,0.0006790123456790123,2.3636364936828613,0.0,0.9545454545454546
338,1,23,0,32400,110,0.0033950617283950617,7.081818580627441,0.22058823529411764,0.8090909090909091
338,1,23,1,32400,112,0.0034567901234567903,11.455355644226074,0.08737864077669903,1.25
338,1,23,2,32400,49,0.0015123456790123457,2.1224489212036133,0.09090909090909091,1.1020408163265305
338,1,24,0,32400,132,0.004074074074074074,21.272727966308594,0.35454545454545455,1.143939393939394
338,1,24,1,32400,28,0.0008641975308641976,5.392857551574707,0.09821428571428571,0.5357142857142857
338,1,24,2,32400,51,0.001574074074074074,2.9215686321258545,0.08163265306122448,1.3137254901960784
338,1,25,0,32400,154,0.004753086419753087,11.642858505249023,0.5227272727272727,1.2272727272727273
338,1,25,1,32400,81,0.0025,2.6913580894470215,0.07142857142857142,1.308641975308642
338,1,25,2,32400,45,0.001388888888888889,1.7777777910232544,0.19607843137254902,0.8888888888888888
338,1,26,0,32400,131,0.00404320987654321,6.458015441894531,0.2012987012987013,1.0076335877862594
338,1,26,1,32400,94,0.0029012345679012346,10.893616676330566,0.3333333333333333,1.4042553191489362
338,1,26,2,32400,70,0.0021604938271604936,2.4571428298950195,0.044444444444444446,1.2142857142857142
338,1,27,0,32400,185,0.005709876543209876,5.648648738861084,0.16793893129770993,1.2324324324324325
338,1,27,1,32400,235,0.007253086419753086,3.9531912803649902,0.3404255319148936,1.4297872340425533
338,1,27,2,32400,38,0.0011728395061728395,3.1315789222717285,0.014285714285714285,1.3421052631578947
338,1,28,0,32400,162,0.005,16.925928115844727,0.43783783783783786,1.0246913580246915
338,1,28,1,32400,212,0.00654320987654321,28.523582458496094,0.39574468085106385,1.2688679245283019
338,1,28,2,32400,47,0.0014506172839506173,2.0638296604156494,0.05263157894736842,1.4042553191489362
338,1,29,0,32400,235,0.007253086419753086,19.19148826599121,0.41975308641975306,0.9872340425531915
338,1,29,1,32400,73,0.0022530864197530865,25.7534236907959,0.19339622641509435,0.7534246575342466
338,1,29,2,32400,66,0.002037037037037037,5.484848976135254,0.3829787234042553,0.9393939393939394
338,1,30,0,32400,143,0.00441358024691358,4.433566570281982,0.2297872340425532,0.8111888111888111
338,1,30,1,32400,29,0.0008950617283950618,2.7586207389831543,0.0821917808219178,0.3103448275862069
338,1,30,2,32400,64,0.0019753086419753087,16.625,0.2878787878787879,0.84375
338,1,31,0,32400,116,0.003580246913580247,3.7931034564971924,0.17482517482517482,0.9310344827586207
338,1,31,1,32400,68,0.0020987654320987655,3.5441176891326904,0.034482758620689655,1.1176470588235294
338,1,31,2,32400,17,0.0005246913580246914,2.117647171020508,0.09375,0.8235294117647058
338,1,32,0,32400,64,0.0019753086419753087,12.546876907348633,0.21551724137931033,1.109375
338,1,32,1,32400,112,0.0034567901234567903,9.23214340209961,0.11764705882352941,1.1071428571428572
338,1,32,2,32400,34,0.0010493827160493827,1.8823529481887817,0.0,1.0588235294117647
338,1,33,0,32400,135,0.004166666666666667,2.407407283782959,0.171875,1.237037037037037
338,1,33,1,32400,129,0.003981481481481482,7.147287845611572,0.20535714285714285,1.0155038759689923
338,1,33,2,32400,47,0.0014506172839506173,2.3617019653320312,0.0,1.1914893617021276
338,1,34,0,32400,137,0.004228395061728395,20.138687133789062,0.25925925925925924,1.1532846715328466
338,1,34,1,32400,65,0.002006172839506173,11.769230842590332,0.16279069767441862,0.9384615384615385
338,1,34,2,32400,13,0.00040123456790123454,2.384615421295166,0.0425531914893617,0.3076923076923077
338,1,35,0,32400,110,0.0033950617283950617,7.200000286102295,0.46715328467153283,1.009090909090909
338,1,35,1,32400,67,0.002067901234567901,17.179101943969727,0.15384615384615385,1.0149253731343284
338,1,35,2,32400,21,0.0006481481481481481,1.7619048357009888,0.0,0.6190476190476191
338,2,1,0,32400,148,0.004567901234567902,15.74999713897705,-1.0,1.0405405405405406
338,2,1,1,32400,100,0.0030864197530864196,4.739999771118164,-1.0,1.0
338,2,1,2,32400,24,0.0007407407407407407,1.7916667461395264,-1.0,1.125
338,2,2,0,32400,148,0.004567901234567902,19.432432174682617,0.4594594594594595,1.25
338,2,2,1,32400,136,0.004197530864197531,5.610294818878174,0.11,1.0808823529411764
338,2,2,2,32400,40,0.0012345679012345679,1.25,0.125,0.825
338,2,3,0,32400,188,0.005802469135802469,12.60106372833252,0.43243243243243246,1.0053191489361701
338,2,3,1,32400,92,0.002839506172839506,19.782609939575195,0.125,1.184782608695652
338,2,3,2,32400,21,0.0006481481481481481,1.8571429252624512,0.075,0.8571428571428571
338,2,4,0,32400,117,0.003611111111111111,12.119658470153809,0.3351063829787234,0.7521367521367521
338,2,4,1,32400,208,0.006419753086419753,6.120192527770996,0.358695652173913,1.3461538461538463
338,2,4,2,32400,42,0.0012962962962962963,2.547619104385376,0.19047619047619047,1.119047619047619
338,2,5,0,32400,152,0.004691358024691358,16.822370529174805,0.36752136752136755,0.9802631578947368
338,2,5,1,32400,133,0.004104938271604938,13.691727638244629,0.30288461538461536,1.1954887218045114
338,2,5,2,32400,91,0.002808641975308642,10.912086486816406,0.19047619047619047,1.3516483516483517
338,2,6,0,32400,86,0.002654320987654321,8.058138847351074,0.09868421052631579,0.7790697674418605
338,2,6,1,32400,159,0.004907407407407407,10.056601524353027,0.16541353383458646,1.3522012578616351
338,2,6,2,32400,55,0.0016975308641975309,1.945454478263855,0.03296703296703297,1.2
338,2,7,0,32400,71,0.002191358024691358,6.436619281768799,0.10465116279069768,0.8450704225352113
338,2,7,1,32400,70,0.0021604938271604936,11.100000381469727,0.22641509433962265,1.1428571428571428
338,2,7,2,32400,64,0.0019753086419753087,2.109375,0.01818181818181818,1.234375
338,2,8,0,32400,69,0.0021296296296296298,2.9275362491607666,0.056338028169014086,1.0869565217391304
338,2,8,1,32400,143,0.00441358024691358,2.7202796936035156,0.014285714285714285,1.3706293706293706
338,2,8,2,32400,125,0.0038580246913580245,1.752000093460083,0.015625,1.528
338,2,9,0,32400,47,0.0014506172839506173,36.72340393066406,0.18840579710144928,0.48936170212765956
338,2,9,1,32400,71,0.002191358024691358,4.056337833404541,0.1888111888111888,0.647887323943662
338,2,9,2,32400,85,0.002623456790123457,1.8352941274642944,0.016,1.423529411764706
338,2,10,0,32400,107,0.0033024691358024692,9.598130226135254,0.3404255319148936,1.1682242990654206
338,2,10,1,32400,44,0.0013580246913580246,9.545454978942871,0.014084507042253521,1.1818181818181819
338,2,10,2,32400,33,0.0010185185185185184,11.87878704071045,0.011764705882352941,1.0606060606060606
338,2,11,0,32400,100,0.0030864197530864196,13.079998016357422,0.4392523364485981,1.2
338,2,11,1,32400,51,0.001574074074074074,4.745098114013672,0.38636363636363635,1.0980392156862746
338,2,11,2,32400,35,0.0010802469135802468,1.8857142925262451,0.030303030303030304,0.9428571428571428
338,2,12,0,32400,103,0.0031790123456790125,1.766990303993225,0.26,1.2135922330097086
338,2,12,1,32400,54,0.0016666666666666668,10.648148536682129,0.17647058823529413,0.9074074074074074
338,2,12,2,32400,26,0.0008024691358024691,3.307692527770996,0.08571428571428572,1.1153846153846154
338,2,13,0,32400,30,0.000925925925925926,4.933332920074463,0.07766990291262135,0.3
338,2,13,1,32400,100,0.0030864197530864196,17.779998779296875,0.18518518518518517,1.06
338,2,13,2,32400,14,0.0004320987654320988,4.0,0.15384615384615385,0.2857142857142857
338,2,14,0,32400,100,0.0030864197530864196,5.409999847412109,0.23333333333333334,1.24
338,2,14,1,32400,76,0.002345679012345679,3.5,0.11,0.9605263157894737
338,2,14,2,32400,40,0.0012345679012345679,2.075000047683716,0.0,1.275
338,2,15,0,32400,110,0.0033950617283950617,3.718181610107422,0.12,1.1636363636363636
338,2,15,1,32400,154,0.004753086419753087,2.792207717895508,0.05263157894736842,1.422077922077922
338,2,15,2,32400,10,0.00030864197530864197,1.600000023841858,0.025,0.2
338,2,16,0,32400,94,0.0029012345679012346,9.808509826660156,0.2727272727272727,0.9468085106382979
338,2,16,1,32400,41,0.0012654320987654322,147.1463623046875,0.22727272727272727,0.8536585365853658
338,2,16,2,32400,37,0.0011419753086419754,2.054054021835327,0.0,1.1891891891891893
338,2,17,0,32400,157,0.004845679012345679,6.949044704437256,0.4574468085106383,1.2484076433121019
338,2,17,1,32400,115,0.0035493827160493828,11.530433654785156,0.21951219512195122,1.2173913043478262
338,2,17,2,32400,112,0.0034567901234567903,5.419642925262451,0.08108108108108109,1.3035714285714286
338,2,18,0,32400,195,0.0060185185185185185,14.38974380493164,0.2929936305732484,1.323076923076923
338,2,18,1,32400,61,0.001882716049382716,4.901638984680176,0.0782608695652174,1.180327868852459
338,2,18,2,32400,14,0.0004320987654320988,4.214285850524902,0.017857142857142856,0.5714285714285714
338,2,19,0,32400,145,0.004475308641975309,23.310344696044922,0.31794871794871793,1.2275862068965517
338,2,19,1,32400,67,0.002067901234567901,1.8059700727462769,0.04918032786885246,1.1044776119402986
338,2,19,2,32400,73,0.0022530864197530865,1.5890411138534546,0.0,1.178082191780822
338,2,20,0,32400,225,0.006944444444444444,17.213335037231445,0.4206896551724138,1.2
338,2,20,1,32400,98,0.0030246913580246914,2.418367385864258,0.04477611940298507,1.3673469387755102
338,2,20,2,32400,57,0.0017592592592592592,1.7543859481811523,0.0,1.2280701754385965
338,2,21,0,32400,223,0.006882716049382716,8.502243041992188,0.4488888888888889,1.15695067264574
338,2,21,1,32400,138,0.0042592592592592595,4.289855003356934,0.1326530612244898,1.1884057971014492
338,2,21,2,32400,33,0.0010185185185185184,8.242424011230469,0.05263157894736842,0.9393939393939394
338,2,22,0,32400,131,0.00404320987654321,32.816795349121094,0.273542600896861,0.916030534351145
338,2,22,1,32400,58,0.0017901234567901235,3.7931034564971924,0.13043478260869565,1.0517241379310345
338,2,22,2,32400,34,0.0010493827160493827,5.999999523162842,0.09090909090909091,1.088235294117647
338,2,23,0,32400,226,0.006975308641975308,11.057520866394043,0.31297709923664124,1.1725663716814159
338,2,23,1,32400,193,0.00595679012345679,6.481864929199219,0.05172413793103448,1.3005181347150259
338,2,23,2,32400,49,0.0015123456790123457,2.040816307067871,0.0,1.2448979591836735
338,2,24,0,32400,182,0.005617283950617284,17.19230842590332,0.38495575221238937,0.9835164835164835
338,2,24,1,32400,170,0.005246913580246914,10.111764907836914,0.2849740932642487,1.2705882352941176
338,2,24,2,32400,80,0.0024691358024691358,1.6750000715255737,0.0,1.2125
338,2,25,0,32400,113,0.003487654320987654,25.78761100769043,0.25274725274725274,0.7079646017699115
338,2,25,1,32400,106,0.003271604938271605,7.490566253662109,0.27058823529411763,1.1603773584905661
338,2,25,2,32400,97,0.002993827160493827,4.577319622039795,0.075,1.0721649484536082
338,2,26,0,32400,66,0.002037037037037037,5.606060981750488,0.20353982300884957,0.7575757575757576
338,2,26,1,32400,106,0.003271604938271605,11.5,0.1792452830188679,1.0471698113207548
338,2,26,2,32400,46,0.001419753086419753,4.282608985900879,0.13402061855670103,0.6304347826086957
338,2,27,0,32400,130,0.004012345679012346,5.6769232749938965,0.16666666666666666,0.9769230769230769
338,2,27,1,32400,184,0.005679012345679012,2.67391300201416,0.2830188679245283,1.2391304347826086
338,2,27,2,32400,108,0.0033333333333333335,3.5,0.043478260869565216,1.4166666666666667
338,2,28,0,32400,175,0.005401234567901234,5.154285430908203,0.2153846153846154,0.9828571428571429
338,2,28,1,32400,223,0.006882716049382716,12.147981643676758,0.13043478260869565,1.210762331838565
338,2,28,2,32400,30,0.000925925925925926,2.3333334922790527,0.09259259259259259,0.3
338,2,29,0,32400,110,0.0033950617283950617,28.69999885559082,0.3485714285714286,0.7909090909090909
338,2,29,1,32400,129,0.003981481481481482,11.82170581817627,0.23318385650224216,1.069767441860465
338,2,29,2,32400,32,0.0009876543209876543,4.03125,0.03333333333333333,0.8125
338,2,30,0,32400,71,0.002191358024691358,9.845069885253906,0.19090909090909092,0.4647887323943662
338,2,30,1,32400,179,0.0055246913580246915,4.005586624145508,0.16279069767441862,1.324022346368715
338,2,30,2,32400,165,0.005092592592592593,2.2969696521759033,0.09375,1.4303030303030304
338,2,31,0,32400,163,0.005030864197530864,3.8711655139923096,0.2112676056338028,1.0245398773006136
338,2,31,1,32400,87,0.002685185185185185,14.494253158569336,0.19553072625698323,0.8850574712643678
338,2,31,2,32400,37,0.0011419753086419754,1.648648738861084,0.11515151515151516,0.7567567567567568
338,2,32,0,32400,155,0.004783950617283951,15.21290111541748,0.37423312883435583,1.103225806451613
338,2,32,1,32400,178,0.005493827160493827,4.477528095245361,0.1839080459770115,1.3314606741573034
338,2,32,2,32400,100,0.0030864197530864196,7.309999942779541,0.05405405405405406,1.22
338,2,33,0,32400,139,0.004290123456790124,12.906474113464355,0.33548387096774196,0.7841726618705036
338,2,33,1,32400,134,0.004135802469135802,9.514925003051758,0.2640449438202247,1.1567164179104477
338,2,33,2,32400,30,0.000925925925925926,3.566666841506958,0.11,0.5
338,2,34,0,32400,196,0.006049382716049383,51.443885803222656,0.28776978417266186,1.163265306122449
338,2,34,1,32400,71,0.002191358024691358,3.6619718074798584,0.11940298507462686,0.8873239436619719
338,2,34,2,32400,67,0.002067901234567901,2.1194028854370117,0.06666666666666667,1.373134328358209
338,2,35,0,32400,171,0.005277777777777778,11.777777671813965,0.44387755102040816,0.9532163742690059
338,2,35,1,32400,79,0.0024382716049382715,19.75949478149414,0.18309859154929578,1.1772151898734178
338,2,35,2,32400,27,0.0008333333333333334,2.555555582046509,0.014925373134328358,0.6296296296296297
338,3,1,0,32400,158,0.004876543209876543,11.86708927154541,-1.0,1.1708860759493671
338,3,1,1,32400,30,0.000925925925925926,3.500000238418579,-1.0,0.6
338,3,1,2,32400,53,0.0016358024691358025,2.339622735977173,-1.0,0.7547169811320755
338,3,2,0,32400,61,0.001882716049382716,5.377048969268799,0.21518987341772153,0.6229508196721312
338,3,2,1,32400,40,0.0012345679012345679,3.25,0.06666666666666667,0.875
338,3,2,2,32400,49,0.0015123456790123457,2.0,0.07547169811320754,1.3265306122448979
338,3,3,0,32400,71,0.002191358024691358,8.323943138122559,0.08196721311475409,1.0422535211267605
338,3,3,1,32400,52,0.0016049382716049382,2.711538553237915,0.05,0.9423076923076923
338,3,3,2,32400,59,0.0018209876543209876,2.1016948223114014,0.0,1.3728813559322033
338,3,4,0,32400,39,0.0012037037037037038,6.461538791656494,0.028169014084507043,1.0512820512820513
338,3,4,1,32400,98,0.0030246913580246914,2.0306122303009033,0.038461538461538464,1.2040816326530612
338,3,4,2,32400,44,0.0013580246913580246,2.5681819915771484,0.0,0.9318181818181818
338,3,5,0,32400,92,0.002839506172839506,3.9673914909362793,0.4358974358974359,1.1521739130434783
338,3,5,1,32400,56,0.0017283950617283952,3.482142686843872,0.04081632653061224,0.8392857142857143
338,3,5,2,32400,29,0.0008950617283950618,1.9310344457626343,0.022727272727272728,0.7241379310344828
338,3,6,0,32400,95,0.002932098765432099,3.1473686695098877,0.1956521739130435,1.263157894736842
338,3,6,1,32400,24,0.0007407407407407407,2.5833334922790527,0.03571428571428571,1.0833333333333333
338,3,6,2,32400,19,0.0005864197530864197,2.0526316165924072,0.0,1.105263157894737
338,3,7,0,32400,104,0.0032098765432098763,2.5,0.09473684210526316,1.2884615384615385
338,3,7,1,32400,53,0.0016358024691358025,8.886794090270996,0.16666666666666666,0.8679245283018868
338,3,7,2,32400,8,0.0002469135802469136,2.75,0.0,0.625
338,3,8,0,32400,95,0.002932098765432099,6.642105579376221,0.09615384615384616,1.0842105263157895
338,3,8,1,32400,107,0.0033024691358024692,2.289719581604004,0.18867924528301888,1.2616822429906542
338,3,8,2,32400,0,0.0,0.0,0.0,0.0
338,3,9,0,32400,142,0.004382716049382716,45.063377380371094,0.11578947368421053,1.267605633802817
338,3,9,1,32400,184,0.005679012345679012,2.9456522464752197,0.028037383177570093,1.3804347826086956
338,3,9,2,32400,51,0.001574074074074074,2.058823585510254,-1.0,1.0588235294117647
338,3,10,0,32400,156,0.004814814814814815,9.423076629638672,0.3380281690140845,1.1282051282051282
338,3,10,1,32400,203,0.006265432098765432,14.926108360290527,0.3804347826086957,1.3300492610837438
338,3,10,2,32400,61,0.001882716049382716,2.770491600036621,0.0196078431372549,1.0491803278688525
338,3,11,0,32400,173,0.0053395061728395065,12.549132347106934,0.1987179487179487,0.9710982658959537
338,3,11,1,32400,133,0.004104938271604938,27.62405776977539,0.21182266009852216,1.112781954887218
338,3,11,2,32400,31,0.0009567901234567902,1.774193525314331,0.04918032786885246,1.064516129032258
338,3,12,0,32400,187,0.005771604938271605,8.647059440612793,0.2254335260115607,1.085561497326203
338,3,12,1,32400,168,0.005185185185185185,3.7440476417541504,0.09774436090225563,1.3214285714285714
338,3,12,2,32400,29,0.0008950617283950618,1.8965517282485962,0.0,1.0689655172413792
338,3,13,0,32400,122,0.003765432098765432,35.2786865234375,0.19786096256684493,0.8852459016393442
338,3,13,1,32400,131,0.00404320987654321,3.6870229244232178,0.25595238095238093,1.3969465648854962
338,3,13,2,32400,6,0.00018518518518518518,8.833333969116211,0.034482758620689655,0.0
338,3,14,0,32400,186,0.005740740740740741,21.736560821533203,0.4180327868852459,1.2043010752688172
338,3,14,1,32400,121,0.0037345679012345677,2.5702478885650635,0.1450381679389313,1.1239669421487604
338,3,14,2,32400,37,0.0011419753086419754,2.027027130126953,0.16666666666666666,1.135135135135135
338,3,15,0,32400,87,0.002685185185185185,3.3563218116760254,0.27419354838709675,1.0344827586206897
338,3,15,1,32400,126,0.0038888888888888888,3.2142858505249023,0.008264462809917356,1.253968253968254
338,3,15,2,32400,54,0.0016666666666666668,6.666667461395264,0.21621621621621623,1.037037037037037
338,3,16,0,32400,82,0.0025308641975308644,3.0,0.12643678160919541,0.9024390243902439
338,3,16,1,32400,104,0.0032098765432098763,7.730770587921143,0.20634920634920634,0.9807692307692307
338,3,16,2,32400,19,0.0005864197530864197,2.21052622795105,0.037037037037037035,0.9473684210526315
338,3,17,0,32400,64,0.0019753086419753087,8.28125,0.18292682926829268,0.625
338,3,17,1,32400,76,0.002345679012345679,3.3947367668151855,0.0673076923076923,1.1842105263157894
338,3,17,2,32400,35,0.0010802469135802468,2.3428571224212646,0.0,1.5714285714285714
338,3,18,0,32400,92,0.002839506172839506,2.9891304969787598,0.34375,1.0
338,3,18,1,32400,189,0.005833333333333334,2.5608465671539307,0.039473684210526314,1.3015873015873016
338,3,18,2,32400,54,0.0016666666666666668,2.370370388031006,0.0,1.1296296296296295
338,3,19,0,32400,108,0.0033333333333333335,9.203704833984375,0.1956521739130435,1.0555555555555556
338,3,19,1,32400,173,0.0053395061728395065,6.4566473960876465,0.17989417989417988,0.9364161849710982
338,3,19,2,32400,53,0.0016358024691358025,1.8113207817077637,0.037037037037037035,1.2641509433962264
338,3,20,0,32400,118,0.0036419753086419752,10.211864471435547,0.3148148148148148,1.0593220338983051
338,3,20,1,32400,122,0.003765432098765432,3.6557374000549316,0.18497109826589594,1.2704918032786885
338,3,20,2,32400,47,0.0014506172839506173,1.8936169147491455,0.03773584905660377,0.8936170212765957
338,3,21,0,32400,63,0.0019444444444444444,14.39682674407959,0.2457627118644068,0.6031746031746031
338,3,21,1,32400,155,0.004783950617283951,7.045161247253418,0.19672131147540983,1.1290322580645162
338,3,21,2,32400,49,0.0015123456790123457,1.7346938848495483,0.0,1.3877551020408163
338,3,22,0,32400,77,0.0023765432098765433,13.662337303161621,0.12698412698412698,0.948051948051948
338,3,22,1,32400,165,0.005092592592592593,3.6181817054748535,0.16129032258064516,1.3636363636363635
338,3,22,2,32400,19,0.0005864197530864197,9.26315975189209,0.08163265306122448,1.0
338,3,23,0,32400,140,0.004320987654320987,4.621428489685059,0.42857142857142855,1.0357142857142858
338,3,23,1,32400,118,0.0036419753086419752,3.0762712955474854,0.17575757575757575,1.271186440677966
338,3,23,2,32400,74,0.002283950617283951,4.432432651519775,0.15789473684210525,1.0810810810810811
338,3,24,0,32400,129,0.003981481481481482,4.534883499145508,0.14285714285714285,1.302325581395349
338,3,24,1,32400,112,0.0034567901234567903,10.70535659790039,0.16101694915254236,1.2053571428571428
338,3,24,2,32400,14,0.0004320987654320988,1.5000001192092896,0.013513513513513514,0.7142857142857143
338,3,25,0,32400,116,0.003580246913580247,4.232758522033691,0.2713178294573643,1.0
338,3,25,1,32400,70,0.0021604938271604936,5.771428108215332,0.09821428571428571,1.1571428571428573
338,3,25,2,32400,13,0.00040123456790123454,1.9230769872665405,0.0,0.9230769230769231
338,3,26,0,32400,87,0.002685185185185185,9.551724433898926,0.25,1.0804597701149425
338,3,26,1,32400,117,0.003611111111111111,2.6495728492736816,0.12857142857142856,1.3418803418803418
338,3,26,2,32400,38,0.0011728395061728395,2.473684310913086,0.0,1.105263157894737
338,3,27,0,32400,92,0.002839506172839506,6.3152174949646,0.3218390804597701,0.9891304347826086
338,3,27,1,32400,80,0.0024691358024691358,9.51250171661377,0.1111111111111111,1.1
338,3,27,2,32400,18,0.0005555555555555556,2.555555582046509,0.02631578947368421,0.4444444444444444
338,3,28,0,32400,158,0.004876543209876543,14.715191841125488,0.4891304347826087,1.3101265822784811
338,3,28,1,32400,80,0.0024691358024691358,4.575000286102295,0.15,1.1
338,3,28,2,32400,36,0.0011111111111111111,2.3888888359069824,0.0,0.8055555555555556
338,3,29,0,32400,253,0.007808641975308642,5.075098991394043,0.5949367088607594,1.2687747035573123
338,3,29,1,32400,61,0.001882716049382716,15.852459907531738,0.1375,0.8688524590163934
338,3,29,2,32400,21,0.0006481481481481481,1.8571429252624512,0.0,1.1428571428571428
338,3,30,0,32400,102,0.003148148148148148,17.774513244628906,0.2964426877470356,0.8725490196078431
338,3,30,1,32400,17,0.0005246913580246914,3.2941176891326904,0.03278688524590164,0.5882352941176471
338,3,30,2,32400,46,0.001419753086419753,2.3043477535247803,0.0,0.9565217391304348
338,3,31,0,32400,101,0.003117283950617284,5.633663177490234,0.38235294117647056,1.0792079207920793
338,3,31,1,32400,166,0.0051234567901234564,2.25301194190979,0.0,1.3614457831325302
338,3,31,2,32400,76,0.002345679012345679,5.539473533630371,0.0,1.2894736842105263
338,3,32,0,32400,65,0.002006172839506173,8.584614753723145,0.26732673267326734,0.7384615384615385
338,3,32,1,32400,142,0.004382716049382716,5.161971569061279,0.20481927710843373,1.3661971830985915
338,3,32,2,32400,18,0.0005555555555555556,12.055556297302246,0.05263157894736842,0.8333333333333334
338,3,33,0,32400,88,0.0027160493827160493,5.875,0.07692307692307693,1.1136363636363635
338,3,33,1,32400,46,0.001419753086419753,33.108699798583984,0.13380281690140844,0.8478260869565217
338,3,33,2,32400,14,0.0004320987654320988,2.5714287757873535,0.0,0.35714285714285715
338,3,34,0,32400,212,0.00654320987654321,2.264151096343994,0.22727272727272727,1.3160377358490567
338,3,34,1,32400,52,0.0016049382716049382,2.807692527770996,0.08695652173913043,0.8076923076923077
338,3,34,2,32400,75,0.0023148148148148147,3.066666841506958,0.07142857142857142,1.36
338,3,35,0,32400,83,0.0025617283950617282,31.638553619384766,0.2358490566037736,0.7831325301204819
338,3,35,1,32400,62,0.0019135802469135803,2.451612949371338,0.019230769230769232,1.0
338,3,35,2,32400,64,0.0019753086419753087,2.21875,0.02666666666666667,1.140625
339,0,1,0,32400,160,0.0049382716049382715,8.956250190734863,-1.0,0.85625
339,0,1,1,32400,88,0.0027160493827160493,2.1363637447357178,-1.0,1.0681818181818181
339,0,1,2,32400,51,0.001574074074074074,2.117647171020508,-1.0,0.9607843137254902
339,0,2,0,32400,150,0.004629629629629629,6.080000877380371,0.1875,1.1533333333333333
339,0,2,1,32400,146,0.004506172839506173,13.417808532714844,0.022727272727272728,1.3287671232876712
339,0,2,2,32400,62,0.0019135802469135803,2.0322580337524414,0.0,1.4838709677419355
339,0,3,0,32400,99,0.0030555555555555557,33.39393997192383,0.20666666666666667,1.0
339,0,3,1,32400,70,0.0021604938271604936,29.614290237426758,0.2465753424657534,0.8
339,0,3,2,32400,23,0.0007098765432098765,10.695653915405273,0.016129032258064516,0.8695652173913043
339,0,4,0,32400,142,0.004382716049382716,22.788734436035156,0.32323232323232326,0.9014084507042254
339,0,4,1,32400,154,0.004753086419753087,6.701298713684082,0.24285714285714285,1.1428571428571428
339,0,4,2,32400,20,0.0006172839506172839,2.5,0.21739130434782608,0.8
339,0,5,0,32400,183,0.005648148148148148,12.491803169250488,0.352112676056338,0.9836065573770492
339,0,5,1,32400,135,0.004166666666666667,19.311111450195312,0.35064935064935066,1.2814814814814814
339,0,5,2,32400,20,0.0006172839506172839,6.650000095367432,0.2,1.15
339,0,6,0,32400,207,0.006388888888888889,11.135265350341797,0.2896174863387978,1.0869565217391304
339,0,6,1,32400,172,0.005308641975308642,3.331395387649536,0.23703703703703705,1.3255813953488371
339,0,6,2,32400,51,0.001574074074074074,3.8823530673980713,0.05,0.8823529411764706
339,0,7,0,32400,204,0.006296296296296296,14.259804725646973,0.4057971014492754,1.0735294117647058
339,0,7,1,32400,113,0.003487654320987654,4.548672676086426,0.13953488372093023,0.9557522123893806
339,0,7,2,32400,27,0.0008333333333333334,2.407407522201538,0.0392156862745098,1.2962962962962963
339,0,8,0,32400,162,0.005,10.240741729736328,0.44607843137254904,1.0308641975308641
339,0,8,1,32400,33,0.0010185185185185184,5.454545974731445,0.13274336283185842,0.30303030303030304
339,0,8,2,32400,54,0.0016666666666666668,3.814814805984497,0.037037037037037035,1.4074074074074074
339,0,9,0,32400,73,0.0022530864197530865,36.50685119628906,0.18518518518518517,0.7671232876712328
339,0,9,1,32400,106,0.003271604938271605,5.235848903656006,0.06060606060606061,1.3113207547169812
339,0,9,2,32400,58,0.0017901234567901235,2.344827651977539,0.2962962962962963,1.0689655172413792
339,0,10,0,32400,38,0.0011728395061728395,12.631579399108887,0.2328767123287671,0.7105263157894737
339,0,10,1,32400,108,0.0033333333333333335,5.157407283782959,0.1509433962264151,1.1574074074074074
339,0,10,2,32400,28,0.0008641975308641976,1.6785714626312256,0.06896551724137931,1.0357142857142858
339,0,11,0,32400,82,0.0025308641975308644,3.2439022064208984,0.23684210526315788,1.0853658536585367
339,0,11,1,32400,147,0.004537037037037037,5.102041244506836,0.12037037037037036,1.2585034013605443
339,0,11,2,32400,61,0.001882716049382716,1.9836064577102661,0.0,1.278688524590164
339,0,12,0,32400,80,0.0024691358024691358,15.4375,0.32926829268292684,0.7875
339,0,12,1,32400,125,0.0038580246913580245,7.712000370025635,0.17687074829931973,1.008
339,0,12,2,32400,39,0.0012037037037037038,1.5384615659713745,0.06557377049180328,0.8717948717948718
339,0,13,0,32400,127,0.003919753086419753,4.496062755584717,0.2875,1.015748031496063
339,0,13,1,32400,54,0.0016666666666666668,15.240738868713379,0.072,0.8888888888888888
339,0,13,2,32400,27,0.0008333333333333334,1.4444444179534912,0.0,1.1111111111111112
339,0,14,0,32400,47,0.0014506172839506173,10.510639190673828,0.14960629921259844,0.6808510638297872
339,0,14,1,32400,159,0.004907407407407407,4.698112964630127,0.25925925925925924,1.1320754716981132
339,0,14,2,32400,29,0.0008950617283950618,2.0,0.0,1.0
339,0,15,0,32400,46,0.001419753086419753,6.456521987915039,0.1276595744680851,0.5869565217391305
339,0,15,1,32400,59,0.0018209876543209876,2.4237287044525146,0.07547169811320754,1.0169491525423728
339,0,15,2,32400,47,0.0014506172839506173,1.9999998807907104,0.034482758620689655,0.9787234042553191
339,0,16,0,32400,70,0.0021604938271604936,2.3428571224212646,0.06521739130434782,1.0142857142857142
339,0,16,1,32400,121,0.0037345679012345677,8.280990600585938,0.01694915254237288,1.4545454545454546
339,0,16,2,32400,32,0.0009876543209876543,5.90625,0.14893617021276595,1.28125
339,0,17,0,32400,219,0.006759259259259259,4.0547943115234375,0.2571428571428571,1.4657534246575343
339,0,17,1,32400,144,0.0044444444444444444,19.263891220092773,0.34710743801652894,1.2152777777777777
339,0,17,2,32400,102,0.003148148148148148,2.343137264251709,0.34375,1.1764705882352942
339,0,18,0,32400,229,0.007067901234567901,11.860261917114258,0.3789954337899543,1.1135371179039302
339,0,18,1,32400,98,0.0030246913580246914,22.071426391601562,0.2222222222222222,1.1428571428571428
339,0,18,2,32400,15,0.000462962962962963,2.266666889190674,0.0392156862745098,0.7333333333333333
339,0,19,0,32400,176,0.005432098765432099,4.460227966308594,0.3406113537117904,1.0170454545454546
339,0,19,1,32400,70,0.0021604938271604936,2.6285715103149414,0.16326530612244897,1.042857142857143
339,0,19,2,32400,25,0.0007716049382716049,1.6399999856948853,0.0,0.84
339,0,20,0,32400,43,0.0013271604938271606,7.906976699829102,0.11931818181818182,0.5813953488372093
339,0,20,1,32400,84,0.0025925925925925925,45.71428680419922,0.34285714285714286,1.130952380952381
339,0,20,2,32400,49,0.0015123456790123457,2.0612244606018066,0.0,1.3877551020408163
339,0,21,0,32400,120,0.003703703703703704,3.450000524520874,0.16279069767441862,1.2083333333333333
339,0,21,1,32400,94,0.0029012345679012346,1.8936169147491455,0.15476190476190477,1.0425531914893618
339,0,21,2,32400,24,0.0007407407407407407,90.70832824707031,0.061224489795918366,1.0416666666666667
339,0,22,0,32400,97,0.002993827160493827,11.041236877441406,0.2,1.1237113402061856
339,0,22,1,32400,141,0.0043518518518518515,5.170212745666504,0.0851063829787234,1.049645390070922
339,0,22,2,32400,40,0.0012345679012345679,1.850000023841858,0.041666666666666664,1.225
339,0,23,0,32400,76,0.002345679012345679,3.776315927505493,0.31958762886597936,0.8289473684210527
339,0,23,1,32400,63,0.0019444444444444444,2.6507937908172607,0.06382978723404255,1.1428571428571428
339,0,23,2,32400,24,0.0007407407407407407,1.9166667461395264,0.025,1.2083333333333333
339,0,24,0,32400,101,0.003117283950617284,3.0099010467529297,0.13157894736842105,1.1485148514851484
339,0,24,1,32400,143,0.00441358024691358,9.867133140563965,0.19047619047619047,1.097902097902098
339,0,24,2,32400,68,0.0020987654320987655,2.867647171020508,0.0,1.2941176470588236
339,0,25,0,32400,72,0.0022222222222222222,4.94444465637207,0.12871287128712872,0.8472222222222222
339,0,25,1,32400,126,0.0038888888888888888,7.72222375869751,0.13986013986013987,1.1587301587301588
339,0,25,2,32400,28,0.0008641975308641976,2.6785714626312256,0.029411764705882353,0.9285714285714286
339,0,26,0,32400,50,0.0015432098765432098,4.099999904632568,0.09722222222222222,0.92
339,0,26,1,32400,189,0.005833333333333334,3.4232802391052246,0.21428571428571427,1.0634920634920635
339,0,26,2,32400,53,0.0016358024691358025,1.698113203048706,0.07142857142857142,1.1320754716981132
339,0,27,0,32400,85,0.002623456790123457,15.894118309020996,0.1,0.9882352941176471
339,0,27,1,32400,106,0.003271604938271605,2.6886792182922363,0.07407407407407407,1.3018867924528301
339,0,27,2,32400,119,0.0036728395061728395,2.5630252361297607,0.018867924528301886,1.4285714285714286
339,0,28,0,32400,236,0.0072839506172839505,25.618633270263672,0.25882352941176473,1.2754237288135593
339,0,28,1,32400,161,0.004969135802469136,12.00621223449707,0.2358490566037736,1.3540372670807452
339,0,28,2,32400,23,0.0007098765432098765,2.2173912525177,0.09243697478991597,0.4782608695652174
339,0,29,0,32400,143,0.00441358024691358,6.363636493682861,0.211864406779661,0.9440559440559441
339,0,29,1,32400,83,0.0025617283950617282,6.710843086242676,0.2546583850931677,1.072289156626506
339,0,29,2,32400,17,0.0005246913580246914,3.117647171020508,0.0,1.0588235294117647
339,0,30,0,32400,127,0.003919753086419753,7.2519683837890625,0.2097902097902098,1.110236220472441
339,0,30,1,32400,43,0.0013271604938271606,11.534882545471191,0.0963855421686747,0.8372093023255814
339,0,30,2,32400,54,0.0016666666666666668,2.2962963581085205,0.0,1.0925925925925926
339,0,31,0,32400,74,0.002283950617283951,2.7567567825317383,0.33858267716535434,1.135135135135135
339,0,31,1,32400,153,0.004722222222222222,2.934640645980835,0.16279069767441862,1.3071895424836601
339,0,31,2,32400,21,0.0006481481481481481,4.38095235824585,0.1111111111111111,0.42857142857142855
339,0,32,0,32400,114,0.0035185185185185185,2.1842105388641357,0.0,1.2280701754385965
339,0,32,1,32400,103,0.0031790123456790125,44.97087478637695,0.27450980392156865,1.1941747572815533
339,0,32,2,32400,17,0.0005246913580246914,1.7647058963775635,0.0,1.2352941176470589
339,0,33,0,32400,135,0.004166666666666667,8.377778053283691,0.09649122807017543,1.0444444444444445
339,0,33,1,32400,206,0.006358024691358025,14.917475700378418,0.27184466019417475,1.2281553398058251
339,0,33,2,32400,22,0.0006790123456790123,4.136363983154297,0.0,0.8181818181818182
339,0,34,0,32400,140,0.004320987654320987,7.778571605682373,0.14074074074074075,1.1857142857142857
339,0,34,1,32400,182,0.005617283950617284,13.824177742004395,0.3300970873786408,1.2747252747252746
339,0,34,2,32400,47,0.0014506172839506173,2.340425491333008,0.045454545454545456,1.0
339,0,35,0,32400,180,0.005555555555555556,30.861112594604492,0.4714285714285714,1.05
339,0,35,1,32400,184,0.005679012345679012,11.103260040283203,0.17032967032967034,1.266304347826087
339,0,35,2,32400,26,0.0008024691358024691,8.576922416687012,0.0425531914893617,0.8461538461538461
339,1,1,0,32400,119,0.0036728395061728395,11.151263236999512,-1.0,0.7394957983193278
339,1,1,1,32400,48,0.0014814814814814814,1.8333333730697632,-1.0,0.6875
339,1,1,2,32400,40,0.0012345679012345679,1.4500000476837158,-1.0,0.725
339,1,2,0,32400,62,0.0019135802469135803,6.483870983123779,0.24369747899159663,0.8548387096774194
339,1,2,1,32400,68,0.0020987654320987655,3.6764705181121826,0.0,1.0294117647058822
339,1,2,2,32400,51,0.001574074074074074,2.7647058963775635,0.075,1.2941176470588236
339,1,3,0,32400,80,0.0024691358024691358,4.775000095367432,0.2903225806451613,0.9625
339,1,3,1,32400,161,0.004969135802469136,15.17391300201416,0.22058823529411764,1.2546583850931676
339,1,3,2,32400,35,0.0010802469135802468,2.4285714626312256,0.0196078431372549,1.4285714285714286
339,1,4,0,32400,81,0.0025,2.0370371341705322,0.0125,1.1111111111111112
339,1,4,1,32400,209,0.006450617283950617,2.645932912826538,0.15527950310559005,1.277511961722488
339,1,4,2,32400,23,0.0007098765432098765,5.26086950302124,0.14285714285714285,0.9130434782608695
339,1,5,0,32400,162,0.005,23.42592430114746,0.41975308641975306,1.2962962962962963
339,1,5,1,32400,60,0.001851851851851852,15.100000381469727,0.1291866028708134,0.95
339,1,5,2,32400,63,0.0019444444444444444,1.936508059501648,0.0,1.3174603174603174
339,1,6,0,32400,140,0.004320987654320987,8.857142448425293,0.43209876543209874,0.95
339,1,6,1,32400,94,0.0029012345679012346,2.946808338165283,0.06666666666666667,1.202127659574468
339,1,6,2,32400,10,0.00030864197530864197,5.400000095367432,0.06349206349206349,0.0
339,1,7,0,32400,124,0.0038271604938271606,6.0,0.17142857142857143,1.1370967741935485
339,1,7,1,32400,120,0.003703703703703704,5.174999713897705,0.06382978723404255,1.4
339,1,7,2,32400,69,0.0021296296296296298,3.492753505706787,0.1,1.2318840579710144
339,1,8,0,32400,67,0.002067901234567901,7.074626922607422,0.16129032258064516,0.7910447761194029
339,1,8,1,32400,32,0.0009876543209876543,1.90625,0.075,0.78125
339,1,8,2,32400,40,0.0012345679012345679,2.25,0.07246376811594203,0.925
339,1,9,0,32400,220,0.006790123456790123,3.5090909004211426,0.34328358208955223,1.2772727272727273
339,1,9,1,32400,87,0.002685185185185185,2.3218390941619873,0.125,1.264367816091954
339,1,9,2,32400,10,0.00030864197530864197,5.300000190734863,0.0,0.5
339,1,10,0,32400,126,0.0038888888888888888,73.81745910644531,0.2909090909090909,1.2222222222222223
339,1,10,1,32400,102,0.003148148148148148,8.784313201904297,0.25287356321839083,1.1470588235294117
339,1,10,2,32400,30,0.000925925925925926,1.633333444595337,0.1,0.9666666666666667
339,1,11,0,32400,180,0.005555555555555556,10.794445037841797,0.5873015873015873,1.2166666666666666
339,1,11,1,32400,77,0.0023765432098765433,3.0259740352630615,0.1568627450980392,0.8051948051948052
339,1,11,2,32400,49,0.0015123456790123457,1.7346938848495483,0.0,1.1224489795918366
339,1,12,0,32400,222,0.006851851851851852,8.54504680633545,0.31666666666666665,1.3018018018018018
339,1,12,1,32400,66,0.002037037037037037,2.303030490875244,0.0,1.1666666666666667
339,1,12,2,32400,42,0.0012962962962962963,1.9523810148239136,0.02040816326530612,1.0476190476190477
339,1,13,0,32400,220,0.006790123456790123,118.91819763183594,0.36036036036036034,1.1863636363636363
339,1,13,1,32400,64,0.0019753086419753087,2.640625,0.06060606060606061,0.921875
339,1,13,2,32400,27,0.0008333333333333334,2.2962963581085205,0.023809523809523808,1.0
339,1,14,0,32400,94,0.0029012345679012346,7.702127456665039,0.2545454545454545,0.9148936170212766
339,1,14,1,32400,66,0.002037037037037037,5.333333492279053,0.140625,1.3333333333333333
339,1,14,2,32400,76,0.002345679012345679,3.3947367668151855,0.14814814814814814,1.1973684210526316
339,1,15,0,32400,141,0.0043518518518518515,2.6312055587768555,0.19148936170212766,1.0212765957446808
339,1,15,1,32400,157,0.004845679012345679,3.1719746589660645,0.13636363636363635,1.2547770700636942
339,1,15,2,32400,7,0.0002160493827160494,4.285714626312256,0.06578947368421052,0.2857142857142857
339,1,16,0,32400,91,0.002808641975308642,2.593406915664673,0.1276595744680851,1.164835164835165
339,1,16,1,32400,114,0.0035185185185185185,11.622807502746582,0.1910828025477707,1.1491228070175439
339,1,16,2,32400,21,0.0006481481481481481,4.5714287757873535,0.5714285714285714,0.8571428571428571
339,1,17,0,32400,118,0.0036419753086419752,5.754237174987793,0.12087912087912088,1.1355932203389831
339,1,17,1,32400,91,0.002808641975308642,4.780220031738281,0.14035087719298245,1.021978021978022
339,1,17,2,32400,11,0.00033950617283950616,1.454545497894287,0.14285714285714285,0.45454545454545453
339,1,18,0,32400,168,0.005185185185185185,7.089285850524902,0.4152542372881356,1.2797619047619047
339,1,18,1,32400,116,0.003580246913580247,5.758620738983154,0.054945054945054944,1.1982758620689655
339,1,18,2,32400,24,0.0007407407407407407,1.75,0.09090909090909091,1.125
339,1,19,0,32400,198,0.006111111111111111,19.065654754638672,0.39285714285714285,1.2373737373737375
339,1,19,1,32400,55,0.0016975308641975309,23.581817626953125,0.1896551724137931,1.0909090909090908
339,1,19,2,32400,13,0.00040123456790123454,2.538461685180664,0.0,1.0
339,1,20,0,32400,114,0.0035185185185185185,6.614035129547119,0.17676767676767677,1.0
339,1,20,1,32400,96,0.002962962962962963,4.9166669845581055,0.07272727272727272,1.25
339,1,20,2,32400,1,3.08641975308642e-05,1.0,0.0,0.0
339,1,21,0,32400,133,0.004104938271604938,11.706766128540039,0.38596491228070173,1.1353383458646618
339,1,21,1,32400,97,0.002993827160493827,3.1649484634399414,0.28125,1.1443298969072164
339,1,21,2,32400,42,0.0012962962962962963,1.6190476417541504,0.0,1.0714285714285714
339,1,22,0,32400,177,0.005462962962962963,3.197740077972412,0.3533834586466165,1.2033898305084745
339,1,22,1,32400,147,0.004537037037037037,5.65986442565918,0.05154639175257732,1.2244897959183674
339,1,22,2,32400,22,0.0006790123456790123,2.090909242630005,0.023809523809523808,1.0454545454545454
339,1,23,0,32400,131,0.00404320987654321,10.015267372131348,0.3107344632768362,1.0
339,1,23,1,32400,114,0.0035185185185185185,5.052631378173828,0.05442176870748299,1.2017543859649122
339,1,23,2,32400,6,0.00018518518518518518,4.333333492279053,0.0,0.5
339,1,24,0,32400,100,0.0030864197530864196,22.920001983642578,0.2748091603053435,0.87
339,1,24,1,32400,59,0.0018209876543209876,99.2203369140625,0.07894736842105263,1.0169491525423728
339,1,24,2,32400,79,0.0024382716049382715,2.0759494304656982,0.16666666666666666,1.4177215189873418
339,1,25,0,32400,131,0.00404320987654321,4.061068534851074,0.18,1.0916030534351144
339,1,25,1,32400,117,0.003611111111111111,3.846153974533081,0.1694915254237288,1.1367521367521367
339,1,25,2,32400,74,0.002283950617283951,2.351351499557495,0.0,1.2837837837837838
339,1,26,0,32400,111,0.003425925925925926,2.4234235286712646,0.22900763358778625,0.954954954954955
339,1,26,1,32400,107,0.0033024691358024692,9.87850284576416,0.1111111111111111,1.1962616822429906
339,1,26,2,32400,61,0.001882716049382716,2.819671869277954,0.02702702702702703,1.2622950819672132
339,1,27,0,32400,54,0.0016666666666666668,2.962963104248047,0.09009009009009009,0.7962962962962963
339,1,27,1,32400,97,0.002993827160493827,9.041237831115723,0.028037383177570093,1.1855670103092784
339,1,27,2,32400,39,0.0012037037037037038,10.717948913574219,0.13114754098360656,0.9230769230769231
339,1,28,0,32400,71,0.002191358024691358,4.85915470123291,0.09259259259259259,0.8169014084507042
339,1,28,1,32400,91,0.002808641975308642,4.208791255950928,0.20618556701030927,1.065934065934066
339,1,28,2,32400,4,0.0001234567901234568,1.0,0.02564102564102564,0.0
339,1,29,0,32400,86,0.002654320987654321,5.813952922821045,0.19718309859154928,0.9418604651162791
339,1,29,1,32400,112,0.0034567901234567903,3.3660714626312256,0.06593406593406594,1.1517857142857142
339,1,29,2,32400,11,0.00033950617283950616,7.363637447357178,0.0,1.0
339,1,30,0,32400,166,0.0051234567901234564,8.349396705627441,0.22093023255813954,1.0481927710843373
339,1,30,1,32400,244,0.007530864197530864,2.6352458000183105,0.08928571428571429,1.3729508196721312
339,1,30,2,32400,75,0.0023148148148148147,2.053333282470703,0.0,1.3066666666666666
339,1,31,0,32400,159,0.004907407407407407,8.018867492675781,0.3674698795180723,1.0314465408805031
339,1,31,1,32400,220,0.006790123456790123,11.122727394104004,0.3770491803278688,1.2181818181818183
339,1,31,2,32400,17,0.0005246913580246914,1.529411792755127,0.0,1.2352941176470589
339,1,32,0,32400,166,0.0051234567901234564,8.313252449035645,0.2830188679245283,0.9698795180722891
339,1,32,1,32400,164,0.005061728395061729,10.463415145874023,0.2,1.0121951219512195
339,1,32,2,32400,46,0.001419753086419753,5.130434989929199,0.47058823529411764,0.8913043478260869
339,1,33,0,32400,129,0.003981481481481482,16.162790298461914,0.2289156626506024,1.0310077519379846
339,1,33,1,32400,72,0.0022222222222222222,13.958333015441895,0.10365853658536585,0.9027777777777778
339,1,33,2,32400,50,0.0015432098765432098,4.3000006675720215,0.13043478260869565,1.24
339,1,34,0,32400,93,0.0028703703703703703,6.49462366104126,0.20155038759689922,0.8709677419354839
339,1,34,1,32400,74,0.002283950617283951,33.283782958984375,0.16666666666666666,0.918918918918919
339,1,34,2,32400,62,0.0019135802469135803,2.096774101257324,0.06,1.2741935483870968
339,1,35,0,32400,123,0.0037962962962962963,6.097561836242676,0.3225806451612903,0.9186991869918699
339,1,35,1,32400,145,0.004475308641975309,8.56551742553711,0.4864864864864865,1.1310344827586207
339,1,35,2,32400,16,0.0004938271604938272,18.312501907348633,0.04838709677419355,0.5
339,2,1,0,32400,203,0.006265432098765432,27.92118263244629,-1.0,0.9655172413793104
339,2,1,1,32400,98,0.0030246913580246914,2.142857074737549,-1.0,1.183673469387755
339,2,1,2,32400,80,0.0024691358024691358,1.649999976158142,-1.0,1.1375
339,2,2,0,32400,267,0.008240740740740741,21.355806350708008,0.47783251231527096,1.1910112359550562
339,2,2,1,32400,164,0.005061728395061729,4.359755992889404,0.1836734693877551,1.2560975609756098
339,2,2,2,32400,34,0.0010493827160493827,1.9117647409439087,0.0125,0.9411764705882353
339,2,3,0,32400,263,0.008117283950617284,22.258554458618164,0.3445692883895131,1.015209125475285
339,2,3,1,32400,100,0.0030864197530864196,6.569999694824219,0.12195121951219512,1.29
339,2,3,2,32400,6,0.00018518518518518518,45.00000762939453,0.058823529411764705,0.3333333333333333
339,2,4,0,32400,165,0.005092592592592593,6.157576084136963,0.27756653992395436,0.9878787878787879
339,2,4,1,32400,89,0.0027469135802469136,5.853932857513428,0.14,1.0561797752808988
339,2,4,2,32400,60,0.001851851851851852,9.15000057220459,0.16666666666666666,1.0166666666666666
339,2,5,0,32400,230,0.0070987654320987656,8.143477439880371,0.37575757575757573,1.0130434782608695
339,2,5,1,32400,147,0.004537037037037037,9.768707275390625,0.3258426966292135,1.1224489795918366
339,2,5,2,32400,24,0.0007407407407407407,3.1666667461395264,0.03333333333333333,0.7916666666666666
339,2,6,0,32400,239,0.007376543209876543,6.430962085723877,0.391304347826087,1.1506276150627615
339,2,6,1,32400,35,0.0010802469135802468,7.085714340209961,0.061224489795918366,0.7428571428571429
339,2,6,2,32400,6,0.00018518518518518518,3.1666667461395264,0.0,0.5
339,2,7,0,32400,181,0.00558641975308642,6.591160297393799,0.3263598326359833,1.0055248618784531
339,2,7,1,32400,82,0.0025308641975308644,2.975609540939331,0.2857142857142857,0.9634146341463414
339,2,7,2,32400,19,0.0005864197530864197,2.0,0.0,0.7894736842105263
339,2,8,0,32400,151,0.004660493827160494,11.715232849121094,0.39779005524861877,1.0927152317880795
339,2,8,1,32400,56,0.0017283950617283952,2.732142925262451,0.036585365853658534,0.9821428571428571
339,2,8,2,32400,51,0.001574074074074074,3.5490198135375977,0.10526315789473684,1.0980392156862746
339,2,9,0,32400,180,0.005555555555555556,10.844444274902344,0.6225165562913907,1.0666666666666667
339,2,9,1,32400,93,0.0028703703703703703,3.451612949371338,0.07142857142857142,1.075268817204301
339,2,9,2,32400,122,0.003765432098765432,1.8442622423171997,0.0196078431372549,1.3934426229508197
339,2,10,0,32400,125,0.0038580246913580245,15.640000343322754,0.2833333333333333,0.92
339,2,10,1,32400,99,0.0030555555555555557,10.32323169708252,0.25806451612903225,1.0
339,2,10,2,32400,56,0.0017283950617283952,2.4107143878936768,0.02459016393442623,1.25
339,2,11,0,32400,136,0.004197530864197531,9.536764144897461,0.432,1.1176470588235294
339,2,11,1,32400,79,0.0024382716049382715,12.607595443725586,0.09090909090909091,0.8734177215189873
339,2,11,2,32400,41,0.0012654320987654322,2.317073106765747,0.0,0.975609756097561
339,2,12,0,32400,182,0.005617283950617284,6.027472496032715,0.4117647058823529,1.1538461538461537
339,2,12,1,32400,25,0.0007716049382716049,14.840002059936523,0.12658227848101267,0.52
339,2,12,2,32400,12,0.00037037037037037035,1.6666667461395264,0.024390243902439025,0.75
339,2,13,0,32400,145,0.004475308641975309,5.248276233673096,0.2967032967032967,1.1517241379310346
339,2,13,1,32400,133,0.004104938271604938,2.3082706928253174,0.08,1.1578947368421053
339,2,13,2,32400,59,0.0018209876543209876,2.237288236618042,0.08333333333333333,0.9322033898305084
339,2,14,0,32400,80,0.0024691358024691358,4.75,0.15862068965517243,1.075
339,2,14,1,32400,165,0.005092592592592593,25.781814575195312,0.3533834586466165,1.3515151515151516
339,2,14,2,32400,55,0.0016975308641975309,2.454545259475708,0.0,0.9636363636363636
339,2,15,0,32400,167,0.005154320987654321,16.353296279907227,0.3,1.215568862275449
339,2,15,1,32400,187,0.005771604938271605,9.716577529907227,0.3515151515151515,1.2780748663101604
339,2,15,2,32400,0,0.0,0.0,0.0,0.0
339,2,16,0,32400,89,0.0027469135802469136,7.089887619018555,0.31137724550898205,0.7528089887640449
339,2,16,1,32400,172,0.005308641975308642,15.755813598632812,0.24064171122994651,1.244186046511628
339,2,16,2,32400,8,0.0002469135802469136,4.0,-1.0,0.125
339,2,17,0,32400,197,0.006080246913580247,13.091370582580566,0.3146067415730337,1.0304568527918783
339,2,17,1,32400,239,0.007376543209876543,5.175732135772705,0.26744186046511625,1.213389121338912
339,2,17,2,32400,4,0.0001234567901234568,2.0,0.0,0.75
339,2,18,0,32400,144,0.0044444444444444444,11.201388359069824,0.26903553299492383,0.9444444444444444
339,2,18,1,32400,110,0.0033950617283950617,11.46363639831543,0.2301255230125523,1.0363636363636364
339,2,18,2,32400,23,0.0007098765432098765,5.3913044929504395,0.0,0.6086956521739131
339,2,19,0,32400,201,0.0062037037037037035,16.248756408691406,0.3611111111111111,1.054726368159204
339,2,19,1,32400,148,0.004567901234567902,3.75,0.11818181818181818,1.2162162162162162
339,2,19,2,32400,23,0.0007098765432098765,10.086955070495605,0.17391304347826086,0.8260869565217391
339,2,20,0,32400,269,0.00830246913580247,11.330855369567871,0.5024875621890548,1.1449814126394051
339,2,20,1,32400,169,0.005216049382716049,3.6568048000335693,0.3108108108108108,1.2662721893491125
339,2,20,2,32400,49,0.0015123456790123457,2.4285714626312256,0.043478260869565216,1.0816326530612246
339,2,21,0,32400,166,0.0051234567901234564,10.825301170349121,0.3828996282527881,1.0060240963855422
339,2,21,1,32400,267,0.008240740740740741,8.161048889160156,0.10059171597633136,1.5093632958801497
339,2,21,2,32400,58,0.0017901234567901235,4.120689868927002,0.10204081632653061,1.0862068965517242
339,2,22,0,32400,194,0.005987654320987654,9.55670166015625,0.26506024096385544,1.077319587628866
339,2,22,1,32400,83,0.0025617283950617282,6.144577503204346,0.1198501872659176,0.7469879518072289
339,2,22,2,32400,59,0.0018209876543209876,2.1186439990997314,0.05172413793103448,1.1016949152542372
339,2,23,0,32400,90,0.002777777777777778,33.77777862548828,0.19072164948453607,0.8444444444444444
339,2,23,1,32400,145,0.004475308641975309,2.3310344219207764,0.2289156626506024,1.1586206896551725
339,2,23,2,32400,53,0.0016358024691358025,2.9245283603668213,0.11864406779661017,0.9622641509433962
339,2,24,0,32400,82,0.0025308641975308644,7.743902206420898,0.1111111111111111,1.0609756097560976
339,2,24,1,32400,102,0.003148148148148148,3.0686275959014893,0.05517241379310345,1.1862745098039216
339,2,24,2,32400,11,0.00033950617283950616,8.818181991577148,0.018867924528301886,0.7272727272727273
339,2,25,0,32400,90,0.002777777777777778,4.055555820465088,0.23170731707317074,1.0444444444444445
339,2,25,1,32400,126,0.0038888888888888888,4.785714626312256,0.23529411764705882,1.126984126984127
339,2,25,2,32400,44,0.0013580246913580246,1.6136363744735718,0.18181818181818182,1.0227272727272727
339,2,26,0,32400,50,0.0015432098765432098,11.960000038146973,0.18888888888888888,0.62
339,2,26,1,32400,95,0.002932098765432099,4.768421173095703,0.18253968253968253,1.0526315789473684
339,2,26,2,32400,44,0.0013580246913580246,2.454545497894287,0.0,1.1136363636363635
339,2,27,0,32400,90,0.002777777777777778,8.077776908874512,0.28,0.9222222222222223
339,2,27,1,32400,90,0.002777777777777778,2.944444417953491,0.11578947368421053,1.1333333333333333
339,2,27,2,32400,8,0.0002469135802469136,3.25,0.0,0.5
339,2,28,0,32400,114,0.0035185185185185185,2.4298245906829834,0.18888888888888888,1.1666666666666667
339,2,28,1,32400,108,0.0033333333333333335,3.9537036418914795,0.03333333333333333,1.1018518518518519
339,2,28,2,32400,23,0.0007098765432098765,2.6521739959716797,0.0,0.8260869565217391
339,2,29,0,32400,161,0.004969135802469136,7.919254779815674,0.39473684210526316,1.2236024844720497
339,2,29,1,32400,140,0.004320987654320987,2.8285715579986572,0.08333333333333333,1.3071428571428572
339,2,29,2,32400,42,0.0012962962962962963,3.595238208770752,0.0,0.9761904761904762
339,2,30,0,32400,83,0.0025617283950617282,3.1325299739837646,0.21739130434782608,0.9156626506024096
339,2,30,1,32400,171,0.005277777777777778,4.345029354095459,0.15714285714285714,1.2748538011695907
339,2,30,2,32400,23,0.0007098765432098765,2.2608695030212402,0.023809523809523808,1.0869565217391304
339,2,31,0,32400,110,0.0033950617283950617,34.05455780029297,0.21686746987951808,1.009090909090909
339,2,31,1,32400,91,0.002808641975308642,15.153846740722656,0.28654970760233917,1.032967032967033
339,2,31,2,32400,35,0.0010802469135802468,2.4285714626312256,0.0,1.3142857142857143
339,2,32,0,32400,182,0.005617283950617284,5.280220031738281,0.36363636363636365,1.1428571428571428
339,2,32,1,32400,154,0.004753086419753087,9.103896141052246,0.2857142857142857,1.1428571428571428
339,2,32,2,32400,38,0.0011728395061728395,2.4210526943206787,0.0,1.236842105263158
339,2,33,0,32400,165,0.005092592592592593,11.660605430603027,0.21428571428571427,1.0606060606060606
339,2,33,1,32400,101,0.003117283950617284,4.019802093505859,0.11688311688311688,1.0297029702970297
339,2,33,2,32400,30,0.000925925925925926,4.066667079925537,0.10526315789473684,1.0
339,2,34,0,32400,110,0.0033950617283950617,25.190908432006836,0.26666666666666666,1.0272727272727273
339,2,34,1,32400,82,0.0025308641975308644,4.512195110321045,0.16831683168316833,0.975609756097561
339,2,34,2,32400,91,0.002808641975308642,3.0989012718200684,0.06666666666666667,1.2967032967032968
339,2,35,0,32400,124,0.0038271604938271606,19.653223037719727,0.15454545454545454,1.0806451612903225
339,2,35,1,32400,111,0.003425925925925926,4.837838172912598,0.15853658536585366,1.117117117117117
339,2,35,2,32400,13,0.00040123456790123454,1.1538461446762085,0.13186813186813187,0.46153846153846156
339,3,1,0,32400,143,0.00441358024691358,12.909089088439941,-1.0,0.916083916083916
339,3,1,1,32400,46,0.001419753086419753,2.4782609939575195,-1.0,0.6739130434782609
339,3,1,2,32400,125,0.0038580246913580245,2.120000123977661,-1.0,1.28
339,3,2,0,32400,115,0.0035493827160493828,12.243477821350098,0.32867132867132864,1.0347826086956522
339,3,2,1,32400,74,0.002283950617283951,2.554054021835327,0.0,1.1216216216216217
339,3,2,2,32400,71,0.002191358024691358,2.4647886753082275,0.008,1.323943661971831
339,3,3,0,32400,85,0.002623456790123457,13.141175270080566,0.3826086956521739,0.9058823529411765
339,3,3,1,32400,76,0.002345679012345679,3.3947367668151855,0.0,1.3026315789473684
339,3,3,2,32400,69,0.0021296296296296298,8.608695983886719,0.16901408450704225,1.0289855072463767
339,3,4,0,32400,131,0.00404320987654321,26.290077209472656,0.07058823529411765,1.1374045801526718
339,3,4,1,32400,85,0.002623456790123457,20.43529510498047,0.4605263157894737,1.035294117647059
339,3,4,2,32400,111,0.003425925925925926,3.3153154850006104,0.07246376811594203,1.2432432432432432
339,3,5,0,32400,166,0.0051234567901234564,5.0240960121154785,0.22137404580152673,1.144578313253012
339,3,5,1,32400,164,0.005061728395061729,15.256098747253418,0.07058823529411765,1.2134146341463414
339,3,5,2,32400,69,0.0021296296296296298,3.6956522464752197,0.04504504504504504,1.1304347826086956
339,3,6,0,32400,80,0.0024691358024691358,14.15000057220459,0.26506024096385544,0.6875
339,3,6,1,32400,41,0.0012654320987654322,5.04878044128418,0.054878048780487805,0.5609756097560976
339,3,6,2,32400,21,0.0006481481481481481,2.142857074737549,0.057971014492753624,0.47619047619047616
339,3,7,0,32400,117,0.003611111111111111,4.282052040100098,0.2875,1.205128205128205
339,3,7,1,32400,144,0.0044444444444444444,2.3958332538604736,0.07317073170731707,1.1944444444444444
339,3,7,2,32400,100,0.0030864197530864196,2.309999942779541,0.0,1.24
339,3,8,0,32400,46,0.001419753086419753,2.45652174949646,0.06837606837606838,0.8913043478260869
339,3,8,1,32400,174,0.00537037037037037,3.7413792610168457,0.1597222222222222,1.2413793103448276
339,3,8,2,32400,23,0.0007098765432098765,2.08695650100708,0.01,0.8695652173913043
339,3,9,0,32400,94,0.0029012345679012346,4.5,0.17391304347826086,0.8404255319148937
339,3,9,1,32400,115,0.0035493827160493828,15.034781455993652,0.22988505747126436,0.9391304347826087
339,3,9,2,32400,93,0.0028703703703703703,4.311828136444092,0.0,1.3870967741935485
339,3,10,0,32400,101,0.003117283950617284,12.277227401733398,0.09574468085106383,0.8613861386138614
339,3,10,1,32400,38,0.0011728395061728395,40.447364807128906,0.2,0.8947368421052632
339,3,10,2,32400,49,0.0015123456790123457,2.5102040767669678,0.053763440860215055,1.0
339,3,11,0,32400,104,0.0032098765432098763,8.269230842590332,0.27722772277227725,0.9423076923076923
339,3,11,1,32400,166,0.0051234567901234564,2.6927709579467773,0.15789473684210525,1.283132530120482
339,3,11,2,32400,59,0.0018209876543209876,2.1186439990997314,0.02040816326530612,1.423728813559322
339,3,12,0,32400,132,0.004074074074074074,17.68181800842285,0.20192307692307693,0.9848484848484849
339,3,12,1,32400,146,0.004506172839506173,10.602739334106445,0.25301204819277107,1.047945205479452
339,3,12,2,32400,25,0.0007716049382716049,13.440000534057617,0.22033898305084745,1.0
339,3,13,0,32400,198,0.006111111111111111,16.146461486816406,0.45454545454545453,0.9797979797979798
339,3,13,1,32400,60,0.001851851851851852,5.966667175292969,0.13013698630136986,1.1833333333333333
339,3,13,2,32400,49,0.0015123456790123457,21.020408630371094,0.16,1.1020408163265305
339,3,14,0,32400,198,0.006111111111111111,3.686868667602539,0.22727272727272727,1.121212121212121
339,3,14,1,32400,98,0.0030246913580246914,13.010205268859863,0.31666666666666665,1.316326530612245
339,3,14,2,32400,56,0.0017283950617283952,8.625000953674316,0.32653061224489793,1.0714285714285714
339,3,15,0,32400,129,0.003981481481481482,18.891469955444336,0.10101010101010101,0.9844961240310077
339,3,15,1,32400,114,0.0035185185185185185,2.5964913368225098,0.21428571428571427,1.2894736842105263
339,3,15,2,32400,38,0.0011728395061728395,3.3421053886413574,0.05357142857142857,0.9210526315789473
339,3,16,0,32400,99,0.0030555555555555557,6.888888835906982,0.29457364341085274,0.8484848484848485
339,3,16,1,32400,64,0.0019753086419753087,21.859375,0.30701754385964913,1.09375
339,3,16,2,32400,31,0.0009567901234567902,32.96774673461914,0.07894736842105263,0.967741935483871
339,3,17,0,32400,192,0.005925925925925926,2.9947917461395264,0.29292929292929293,1.1510416666666667
339,3,17,1,32400,127,0.003919753086419753,4.622047424316406,0.296875,1.0708661417322836
339,3,17,2,32400,34,0.0010493827160493827,5.941176414489746,0.1935483870967742,1.1764705882352942
339,3,18,0,32400,86,0.002654320987654321,15.348836898803711,0.22395833333333334,0.7906976744186046
339,3,18,1,32400,202,0.006234567901234568,3.762376070022583,0.09448818897637795,1.3514851485148516
339,3,18,2,32400,85,0.002623456790123457,2.4823529720306396,0.029411764705882353,1.2823529411764707
339,3,19,0,32400,105,0.0032407407407407406,11.866665840148926,0.16279069767441862,1.0380952380952382
339,3,19,1,32400,198,0.006111111111111111,11.651515007019043,0.2623762376237624,1.4343434343434343
339,3,19,2,32400,24,0.0007407407407407407,20.791667938232422,0.03529411764705882,0.75
339,3,20,0,32400,187,0.005771604938271605,30.155073165893555,0.3238095238095238,0.9893048128342246
339,3,20,1,32400,189,0.005833333333333334,10.476190567016602,0.29292929292929293,1.3756613756613756
339,3,20,2,32400,10,0.00030864197530864197,2.0,0.041666666666666664,0.8
339,3,21,0,32400,219,0.006759259259259259,13.324200630187988,0.41711229946524064,1.004566210045662
339,3,21,1,32400,171,0.005277777777777778,4.3216376304626465,0.12698412698412698,1.1111111111111112
339,3,21,2,32400,41,0.0012654320987654322,18.63414192199707,0.1,0.8292682926829268
339,3,22,0,32400,244,0.007530864197530864,10.840163230895996,0.502283105022831,1.0614754098360655
339,3,22,1,32400,75,0.0023148148148148147,4.506666660308838,0.09941520467836257,0.92
339,3,22,2,32400,29,0.0008950617283950618,8.137930870056152,0.07317073170731707,0.8275862068965517
339,3,23,0,32400,121,0.0037345679012345677,9.785123825073242,0.29098360655737704,0.6611570247933884
339,3,23,1,32400,71,0.002191358024691358,2.929577350616455,0.08,1.2112676056338028
339,3,23,2,32400,23,0.0007098765432098765,2.0,0.13793103448275862,0.6521739130434783
339,3,24,0,32400,174,0.00537037037037037,6.643678188323975,0.2727272727272727,1.1379310344827587
339,3,24,1,32400,117,0.003611111111111111,3.2905983924865723,0.14084507042253522,1.2905982905982907
339,3,24,2,32400,9,0.0002777777777777778,2.1111111640930176,0.0,0.8888888888888888
339,3,25,0,32400,217,0.0066975308641975305,13.281105995178223,0.3160919540229885,1.2211981566820276
339,3,25,1,32400,274,0.00845679012345679,5.229927062988281,0.11965811965811966,1.437956204379562
339,3,25,2,32400,93,0.0028703703703703703,1.8064515590667725,0.0,1.3333333333333333
339,3,26,0,32400,262,0.00808641975308642,11.24427604675293,0.22119815668202766,1.2251908396946565
339,3,26,1,32400,185,0.005709876543209876,4.821621894836426,0.23722627737226276,1.1297297297297297
339,3,26,2,32400,21,0.0006481481481481481,5.809524059295654,0.043010752688172046,0.3333333333333333
339,3,27,0,32400,194,0.005987654320987654,14.38144302368164,0.33587786259541985,0.9484536082474226
339,3,27,1,32400,104,0.0032098765432098763,4.230769157409668,0.07567567567567568,1.2596153846153846
339,3,27,2,32400,46,0.001419753086419753,2.1086957454681396,0.14285714285714285,1.1304347826086956
339,3,28,0,32400,237,0.007314814814814815,6.784809589385986,0.5154639175257731,1.2362869198312236
339,3,28,1,32400,70,0.0021604938271604936,28.71428871154785,0.23076923076923078,1.042857142857143
339,3,28,2,32400,11,0.00033950617283950616,3.6363637447357178,0.0,0.2727272727272727
339,3,29,0,32400,213,0.006574074074074074,13.746479034423828,0.25316455696202533,1.0657276995305165
339,3,29,1,32400,111,0.003425925925925926,2.4594595432281494,0.11428571428571428,1.1801801801801801
339,3,29,2,32400,97,0.002993827160493827,2.474226713180542,0.18181818181818182,1.1958762886597938
339,3,30,0,32400,87,0.002685185185185185,15.724138259887695,0.22535211267605634,0.632183908045977
339,3,30,1,32400,240,0.007407407407407408,5.912500381469727,0.0990990990990991,1.4833333333333334
339,3,30,2,32400,106,0.003271604938271605,13.905660629272461,0.24742268041237114,1.3867924528301887
339,3,31,0,32400,138,0.0042592592592592595,11.253623008728027,0.20689655172413793,0.7971014492753623
339,3,31,1,32400,286,0.00882716049382716,8.234265327453613,0.32083333333333336,1.332167832167832
339,3,31,2,32400,92,0.002839506172839506,10.17391300201416,0.37735849056603776,1.0326086956521738
339,3,32,0,32400,192,0.005925925925925926,7.098958492279053,0.30434782608695654,0.890625
339,3,32,1,32400,321,0.009907407407407408,11.76947021484375,0.2972027972027972,1.2990654205607477
339,3,32,2,32400,38,0.0011728395061728395,4.657894611358643,0.043478260869565216,0.8947368421052632
339,3,33,0,32400,134,0.004135802469135802,7.3507466316223145,0.28125,0.7388059701492538
339,3,33,1,32400,173,0.0053395061728395065,30.971097946166992,0.24922118380062305,1.023121387283237
339,3,33,2,32400,24,0.0007407407407407407,4.75,0.05263157894736842,0.6666666666666666
339,3,34,0,32400,116,0.003580246913580247,18.8189697265625,0.3656716417910448,0.6120689655172413
339,3,34,1,32400,59,0.0018209876543209876,2.8813560009002686,0.11560693641618497,0.9152542372881356
339,3,34,2,32400,92,0.002839506172839506,1.9239131212234497,0.0,1.4782608695652173
339,3,35,0,32400,118,0.0036419753086419752,2.3474576473236084,0.3275862068965517,1.0508474576271187
339,3,35,1,32400,67,0.002067901234567901,8.044776916503906,0.1016949152542373,0.8507462686567164
339,3,35,2,32400,9,0.0002777777777777778,6.777778148651123,0.09782608695652174,0.2222222222222222
340,0,1,0,32400,178,0.005493827160493827,19.646066665649414,-1.0,0.9831460674157303
340,0,1,1,32400,108,0.0033333333333333335,2.472222328186035,-1.0,1.4166666666666667
340,0,1,2,32400,47,0.0014506172839506173,3.255319118499756,-1.0,1.1063829787234043
340,0,2,0,32400,208,0.006419753086419753,6.302885055541992,0.34269662921348315,1.0336538461538463
340,0,2,1,32400,72,0.0022222222222222222,5.180555820465088,0.12962962962962962,1.0555555555555556
340,0,2,2,32400,37,0.0011419753086419754,1.5135135650634766,0.0851063829787234,0.5405405405405406
340,0,3,0,32400,160,0.0049382716049382715,12.337501525878906,0.3125,0.95
340,0,3,1,32400,56,0.0017283950617283952,13.160715103149414,0.1527777777777778,1.1071428571428572
340,0,3,2,32400,39,0.0012037037037037038,2.615384578704834,0.08108108108108109,1.0
340,0,4,0,32400,152,0.004691358024691358,5.098684310913086,0.16875,1.144736842105263
340,0,4,1,32400,129,0.003981481481481482,10.728682518005371,0.39285714285714285,1.4186046511627908
340,0,4,2,32400,34,0.0010493827160493827,2.2352941036224365,0.0,1.3529411764705883
340,0,5,0,32400,116,0.003580246913580247,14.5,0.3026315789473684,0.9137931034482759
340,0,5,1,32400,128,0.003950617283950617,12.4609375,0.46511627906976744,1.109375
340,0,5,2,32400,51,0.001574074074074074,2.0196080207824707,0.029411764705882353,1.3333333333333333
340,0,6,0,32400,109,0.0033641975308641974,4.743119239807129,0.3879310344827586,1.055045871559633
340,0,6,1,32400,131,0.00404320987654321,18.35877799987793,0.234375,1.1984732824427482
340,0,6,2,32400,16,0.0004938271604938272,1.9375,0.0392156862745098,1.25
340,0,7,0,32400,73,0.0022530864197530865,3.931506872177124,0.21100917431192662,0.6301369863013698
340,0,7,1,32400,136,0.004197530864197531,6.61764669418335,0.33587786259541985,1.1838235294117647
340,0,7,2,32400,7,0.0002160493827160494,5.142857551574707,0.0,0.7142857142857143
340,0,8,0,32400,53,0.0016358024691358025,7.60377311706543,0.0547945205479452,1.0566037735849056
340,0,8,1,32400,103,0.0031790123456790125,7.135921955108643,0.19852941176470587,1.087378640776699
340,0,8,2,32400,65,0.002006172839506173,1.5846153497695923,0.0,1.523076923076923
340,0,9,0,32400,19,0.0005864197530864197,2.1052632331848145,0.1320754716981132,0.3684210526315789
340,0,9,1,32400,75,0.0023148148148148147,4.066666603088379,0.038834951456310676,1.2266666666666666
340,0,9,2,32400,54,0.0016666666666666668,2.314814805984497,0.015384615384615385,1.2222222222222223
340,0,10,0,32400,33,0.0010185185185185184,14.545454978942871,0.0,0.8484848484848485
340,0,10,1,32400,91,0.002808641975308642,11.967031478881836,0.22666666666666666,1.2637362637362637
340,0,10,2,32400,44,0.0013580246913580246,6.2954559326171875,0.05555555555555555,1.25
340,0,11,0,32400,71,0.002191358024691358,2.816901445388794,0.3333333333333333,1.1830985915492958
340,0,11,1,32400,107,0.0033024691358024692,3.6355140209198,0.04395604395604396,1.2429906542056075
340,0,11,2,32400,27,0.0008333333333333334,1.6666666269302368,0.045454545454545456,0.9629629629629629
340,0,12,0,32400,124,0.0038271604938271606,3.911290168762207,0.2112676056338028,1.282258064516129
340,0,12,1,32400,71,0.002191358024691358,4.619718074798584,0.1308411214953271,1.0985915492957747
340,0,12,2,32400,95,0.002932098765432099,2.021052837371826,0.0,1.2
340,0,13,0,32400,92,0.002839506172839506,4.380434989929199,0.33064516129032256,0.9891304347826086
340,0,13,1,32400,131,0.00404320987654321,3.0,0.09859154929577464,1.1984732824427482
340,0,13,2,32400,7,0.0002160493827160494,2.142857313156128,0.010526315789473684,0.14285714285714285
340,0,14,0,32400,125,0.0038580246913580245,13.688000679016113,0.33695652173913043,1.208
340,0,14,1,32400,174,0.00537037037037037,2.2643678188323975,0.08396946564885496,1.293103448275862
340,0,14,2,32400,46,0.001419753086419753,2.0,0.0,1.0
340,0,15,0,32400,189,0.005833333333333334,11.846559524536133,0.6,1.1322751322751323
340,0,15,1,32400,94,0.0029012345679012346,7.382978439331055,0.13218390804597702,1.1808510638297873
340,0,15,2,32400,81,0.0025,2.802469253540039,0.043478260869565216,1.1111111111111112
340,0,16,0,32400,172,0.005308641975308642,17.66860580444336,0.3386243386243386,0.9767441860465116
340,0,16,1,32400,154,0.004753086419753087,3.4350650310516357,0.07446808510638298,1.2337662337662338
340,0,16,2,32400,16,0.0004938271604938272,22.25,0.024691358024691357,0.625
340,0,17,0,32400,111,0.003425925925925926,2.378378391265869,0.36046511627906974,0.9369369369369369
340,0,17,1,32400,55,0.0016975308641975309,32.85454177856445,0.16233766233766234,0.8181818181818182
340,0,17,2,32400,12,0.00037037037037037035,23.33333396911621,0.0625,0.4166666666666667
340,0,18,0,32400,66,0.002037037037037037,11.393939971923828,0.25225225225225223,0.7727272727272727
340,0,18,1,32400,164,0.005061728395061729,2.4390242099761963,0.07272727272727272,1.3475609756097562
340,0,18,2,32400,16,0.0004938271604938272,6.499999523162842,0.0,0.3125
340,0,19,0,32400,67,0.002067901234567901,4.134328365325928,0.09090909090909091,1.1194029850746268
340,0,19,1,32400,118,0.0036419753086419752,12.466103553771973,0.14634146341463414,1.076271186440678
340,0,19,2,32400,46,0.001419753086419753,3.7826087474823,0.0625,1.1521739130434783
340,0,20,0,32400,68,0.0020987654320987655,6.764705657958984,0.14925373134328357,0.9705882352941176
340,0,20,1,32400,85,0.002623456790123457,4.164705753326416,0.09322033898305085,1.0235294117647058
340,0,20,2,32400,76,0.002345679012345679,2.25,0.10869565217391304,1.131578947368421
340,0,21,0,32400,54,0.0016666666666666668,4.037036895751953,0.058823529411764705,1.0925925925925926
340,0,21,1,32400,124,0.0038271604938271606,231.16119384765625,0.24705882352941178,1.2580645161290323
340,0,21,2,32400,60,0.001851851851851852,12.733336448669434,0.013157894736842105,1.4
340,0,22,0,32400,115,0.0035493827160493828,20.1478271484375,0.037037037037037035,1.2
340,0,22,1,32400,197,0.006080246913580247,17.375633239746094,0.2903225806451613,1.1370558375634519
340,0,22,2,32400,31,0.0009567901234567902,2.322580575942993,0.11666666666666667,0.8387096774193549
340,0,23,0,32400,116,0.003580246913580247,5.775862216949463,0.20869565217391303,0.8448275862068966
340,0,23,1,32400,254,0.007839506172839506,10.358266830444336,0.2436548223350254,1.4724409448818898
340,0,23,2,32400,23,0.0007098765432098765,5.3913044929504395,0.1935483870967742,0.5652173913043478
340,0,24,0,32400,138,0.0042592592592592595,10.637682914733887,0.11206896551724138,1.0797101449275361
340,0,24,1,32400,216,0.006666666666666667,7.004629611968994,0.25196850393700787,1.3055555555555556
340,0,24,2,32400,10,0.00030864197530864197,5.90000057220459,0.043478260869565216,0.4
340,0,25,0,32400,144,0.0044444444444444444,7.097222805023193,0.15942028985507245,1.0902777777777777
340,0,25,1,32400,160,0.0049382716049382715,75.88127136230469,0.2916666666666667,1.18125
340,0,25,2,32400,56,0.0017283950617283952,2.25,0.0,1.1785714285714286
340,0,26,0,32400,166,0.0051234567901234564,6.156626224517822,0.3541666666666667,1.1566265060240963
340,0,26,1,32400,161,0.004969135802469136,4.08695650100708,0.10625,1.236024844720497
340,0,26,2,32400,65,0.002006172839506173,2.0923078060150146,0.07142857142857142,1.1538461538461537
340,0,27,0,32400,197,0.006080246913580247,6.598984718322754,0.3433734939759036,1.1472081218274113
340,0,27,1,32400,122,0.003765432098765432,10.811474800109863,0.07453416149068323,1.3278688524590163
340,0,27,2,32400,85,0.002623456790123457,3.3529412746429443,0.06153846153846154,1.4470588235294117
340,0,28,0,32400,110,0.0033950617283950617,32.390907287597656,0.25380710659898476,0.9636363636363636
340,0,28,1,32400,152,0.004691358024691358,4.559210777282715,0.45901639344262296,1.269736842105263
340,0,28,2,32400,91,0.002808641975308642,3.1868133544921875,0.15294117647058825,1.2857142857142858
340,0,29,0,32400,155,0.004783950617283951,10.651612281799316,0.4909090909090909,1.096774193548387
340,0,29,1,32400,113,0.003487654320987654,11.920354843139648,0.26973684210526316,1.0530973451327434
340,0,29,2,32400,18,0.0005555555555555556,13.333333969116211,0.08791208791208792,0.3333333333333333
340,0,30,0,32400,167,0.005154320987654321,12.239521026611328,0.2,1.0179640718562875
340,0,30,1,32400,168,0.005185185185185185,3.642857313156128,0.21238938053097345,1.3333333333333333
340,0,30,2,32400,118,0.0036419753086419752,2.457627058029175,0.2222222222222222,1.4830508474576272
340,0,31,0,32400,147,0.004537037037037037,7.054421424865723,0.3473053892215569,0.9455782312925171
340,0,31,1,32400,97,0.002993827160493827,3.2061855792999268,0.13690476190476192,1.0309278350515463
340,0,31,2,32400,27,0.0008333333333333334,1.5925925970077515,0.059322033898305086,0.9629629629629629
340,0,32,0,32400,230,0.0070987654320987656,12.291303634643555,0.43537414965986393,1.2
340,0,32,1,32400,41,0.0012654320987654322,3.3658535480499268,0.05154639175257732,0.5609756097560976
340,0,32,2,32400,11,0.00033950617283950616,1.7272727489471436,0.0,1.0
340,0,33,0,32400,265,0.008179012345679013,5.4754719734191895,0.46956521739130436,1.260377358490566
340,0,33,1,32400,127,0.003919753086419753,2.8740158081054688,0.024390243902439025,1.204724409448819
340,0,33,2,32400,98,0.0030246913580246914,3.4387755393981934,0.0,1.0
340,0,34,0,32400,192,0.005925925925925926,6.036458969116211,0.1320754716981132,1.234375
340,0,34,1,32400,158,0.004876543209876543,11.943038940429688,0.18110236220472442,1.2658227848101267
340,0,34,2,32400,51,0.001574074074074074,3.0196080207824707,0.1326530612244898,0.8823529411764706
340,0,35,0,32400,284,0.008765432098765432,10.049295425415039,0.3020833333333333,1.1690140845070423
340,0,35,1,32400,231,0.00712962962962963,20.18181800842285,0.22151898734177214,1.2683982683982684
340,0,35,2,32400,49,0.0015123456790123457,2.142857074737549,0.09803921568627451,1.2040816326530612
340,1,1,0,32400,159,0.004907407407407407,24.54716682434082,-1.0,0.8805031446540881
340,1,1,1,32400,176,0.005432098765432099,2.7613637447357178,-1.0,1.3181818181818181
340,1,1,2,32400,75,0.0023148148148148147,3.9066667556762695,-1.0,1.16
340,1,2,0,32400,104,0.0032098765432098763,6.79807710647583,0.36477987421383645,0.7211538461538461
340,1,2,1,32400,171,0.005277777777777778,6.526315689086914,0.13636363636363635,1.2163742690058479
340,1,2,2,32400,80,0.0024691358024691358,12.225001335144043,0.14666666666666667,1.2625
340,1,3,0,32400,167,0.005154320987654321,15.37724781036377,0.22115384615384615,0.9820359281437125
340,1,3,1,32400,87,0.002685185185185185,6.264367580413818,0.15789473684210525,0.8735632183908046
340,1,3,2,32400,21,0.0006481481481481481,2.3333334922790527,0.15,0.6190476190476191
340,1,4,0,32400,118,0.0036419753086419752,13.152541160583496,0.46706586826347307,0.8813559322033898
340,1,4,1,32400,43,0.0013271604938271606,3.6046512126922607,0.06896551724137931,1.069767441860465
340,1,4,2,32400,6,0.00018518518518518518,1.6666667461395264,0.0,0.0
340,1,5,0,32400,40,0.0012345679012345679,7.400000095367432,0.1440677966101695,0.525
340,1,5,1,32400,152,0.004691358024691358,3.513157844543457,0.11627906976744186,1.3223684210526316
340,1,5,2,32400,46,0.001419753086419753,1.52173912525177,0.0,1.1956521739130435
340,1,6,0,32400,73,0.0022530864197530865,28.219181060791016,0.3,0.9315068493150684
340,1,6,1,32400,132,0.004074074074074074,8.424242973327637,0.3157894736842105,1.2803030303030303
340,1,6,2,32400,32,0.0009876543209876543,30.375,0.043478260869565216,0.59375
340,1,7,0,32400,127,0.003919753086419753,2.4724409580230713,0.3013698630136986,0.8976377952755905
340,1,7,1,32400,135,0.004166666666666667,24.725929260253906,0.25757575757575757,1.2518518518518518
340,1,7,2,32400,60,0.001851851851851852,1.8000000715255737,0.0625,1.25
340,1,8,0,32400,127,0.003919753086419753,5.362204551696777,0.11023622047244094,1.220472440944882
340,1,8,1,32400,75,0.0023148148148148147,5.079999923706055,0.2074074074074074,1.0133333333333334
340,1,8,2,32400,51,0.001574074074074074,2.7254903316497803,0.03333333333333333,1.1176470588235294
340,1,9,0,32400,93,0.0028703703703703703,52.741947174072266,0.10236220472440945,1.1397849462365592
340,1,9,1,32400,72,0.0022222222222222222,2.972222328186035,0.12,1.1111111111111112
340,1,9,2,32400,24,0.0007407407407407407,1.5833333730697632,0.058823529411764705,0.75
340,1,10,0,32400,144,0.0044444444444444444,4.541666507720947,0.5053763440860215,1.2777777777777777
340,1,10,1,32400,105,0.0032407407407407406,18.5142879486084,0.2777777777777778,1.1333333333333333
340,1,10,2,32400,29,0.0008950617283950618,2.620689630508423,0.0,0.7241379310344828
340,1,11,0,32400,141,0.0043518518518518515,7.865248203277588,0.24305555555555555,1.0921985815602837
340,1,11,1,32400,198,0.006111111111111111,9.333333015441895,0.37142857142857144,1.2121212121212122
340,1,11,2,32400,71,0.002191358024691358,3.0281689167022705,0.06896551724137931,1.352112676056338
340,1,12,0,32400,243,0.0075,9.781892776489258,0.14184397163120568,1.242798353909465
340,1,12,1,32400,255,0.00787037037037037,3.9568629264831543,0.19696969696969696,1.2941176470588236
340,1,12,2,32400,84,0.0025925925925925925,2.5,0.1267605633802817,1.2261904761904763
340,1,13,0,32400,195,0.0060185185185185185,20.70256805419922,0.27983539094650206,1.0307692307692307
340,1,13,1,32400,67,0.002067901234567901,25.149250030517578,0.09019607843137255,0.8656716417910447
340,1,13,2,32400,79,0.0024382716049382715,2.2278480529785156,0.011904761904761904,1.2025316455696202
340,1,14,0,32400,181,0.00558641975308642,16.127073287963867,0.3282051282051282,1.12707182320442
340,1,14,1,32400,144,0.0044444444444444444,13.875,0.14925373134328357,1.2638888888888888
340,1,14,2,32400,67,0.002067901234567901,22.865671157836914,0.12658227848101267,1.1044776119402986
340,1,15,0,32400,197,0.006080246913580247,21.51776695251465,0.39779005524861877,1.2436548223350254
340,1,15,1,32400,133,0.004104938271604938,2.6466166973114014,0.1111111111111111,1.0902255639097744
340,1,15,2,32400,27,0.0008333333333333334,3.0370371341705322,0.208955223880597,0.4444444444444444
340,1,16,0,32400,90,0.002777777777777778,31.25556182861328,0.23857868020304568,0.8333333333333334
340,1,16,1,32400,77,0.0023765432098765433,7.753246784210205,0.03759398496240601,1.155844155844156
340,1,16,2,32400,61,0.001882716049382716,2.3114752769470215,0.0,1.360655737704918
340,1,17,0,32400,68,0.0020987654320987655,22.617645263671875,0.32222222222222224,0.7352941176470589
340,1,17,1,32400,44,0.0013580246913580246,4.636363983154297,0.16883116883116883,0.9545454545454546
340,1,17,2,32400,43,0.0013271604938271606,3.627906560897827,0.01639344262295082,1.1395348837209303
340,1,18,0,32400,50,0.0015432098765432098,8.159998893737793,0.10294117647058823,1.0
340,1,18,1,32400,137,0.004228395061728395,2.9343066215515137,0.25,1.3576642335766422
340,1,18,2,32400,19,0.0005864197530864197,1.4210526943206787,0.046511627906976744,1.0526315789473684
340,1,19,0,32400,113,0.003487654320987654,3.194690227508545,0.04,1.2743362831858407
340,1,19,1,32400,103,0.0031790123456790125,3.203883409500122,0.08029197080291971,1.1553398058252426
340,1,19,2,32400,35,0.0010802469135802468,2.085714340209961,0.0,1.2857142857142858
340,1,20,0,32400,121,0.0037345679012345677,6.0743794441223145,0.12389380530973451,1.0
340,1,20,1,32400,138,0.0042592592592592595,2.8478262424468994,0.13592233009708737,1.0869565217391304
340,1,20,2,32400,26,0.0008024691358024691,2.307692289352417,0.02857142857142857,1.2307692307692308
340,1,21,0,32400,48,0.0014814814814814814,11.270835876464844,0.19008264462809918,0.875
340,1,21,1,32400,55,0.0016975308641975309,15.872726440429688,0.11594202898550725,0.5636363636363636
340,1,21,2,32400,19,0.0005864197530864197,6.1052632331848145,0.038461538461538464,1.0
340,1,22,0,32400,117,0.003611111111111111,4.5811967849731445,0.1875,1.1025641025641026
340,1,22,1,32400,101,0.003117283950617284,3.356435537338257,0.09090909090909091,1.3267326732673268
340,1,22,2,32400,48,0.0014814814814814814,2.0625,0.05263157894736842,1.3958333333333333
340,1,23,0,32400,77,0.0023765432098765433,5.7272725105285645,0.08547008547008547,1.0389610389610389
340,1,23,1,32400,127,0.003919753086419753,4.118110179901123,0.37623762376237624,1.3228346456692914
340,1,23,2,32400,73,0.0022530864197530865,10.753424644470215,0.22916666666666666,1.3835616438356164
340,1,24,0,32400,118,0.0036419753086419752,20.25423812866211,0.2857142857142857,1.1016949152542372
340,1,24,1,32400,103,0.0031790123456790125,71.3106689453125,0.2283464566929134,0.9514563106796117
340,1,24,2,32400,32,0.0009876543209876543,4.40625,0.0273972602739726,0.59375
340,1,25,0,32400,198,0.006111111111111111,9.409090042114258,0.3813559322033898,1.3131313131313131
340,1,25,1,32400,132,0.004074074074074074,17.666667938232422,0.2524271844660194,1.1893939393939394
340,1,25,2,32400,32,0.0009876543209876543,2.21875,0.0,1.15625
340,1,26,0,32400,267,0.008240740740740741,5.254681587219238,0.26262626262626265,1.2659176029962547
340,1,26,1,32400,136,0.004197530864197531,2.5220587253570557,0.13636363636363635,1.3161764705882353
340,1,26,2,32400,10,0.00030864197530864197,1.899999976158142,0.0,0.5
340,1,27,0,32400,117,0.003611111111111111,18.914527893066406,0.27340823970037453,0.8205128205128205
340,1,27,1,32400,135,0.004166666666666667,3.370370388031006,0.14705882352941177,1.1481481481481481
340,1,27,2,32400,28,0.0008641975308641976,3.8214290142059326,0.0,0.8214285714285714
340,1,28,0,32400,172,0.005308641975308642,7.2906975746154785,0.4358974358974359,0.9883720930232558
340,1,28,1,32400,111,0.003425925925925926,5.94594669342041,0.14074074074074075,1.009009009009009
340,1,28,2,32400,13,0.00040123456790123454,1.1538461446762085,0.0,1.0
340,1,29,0,32400,84,0.0025925925925925925,21.71428680419922,0.12209302325581395,0.9404761904761905
340,1,29,1,32400,104,0.0032098765432098763,2.25,0.02702702702702703,1.0192307692307692
340,1,29,2,32400,59,0.0018209876543209876,2.542372941970825,0.0,1.4067796610169492
340,1,30,0,32400,97,0.002993827160493827,6.979382038116455,0.17857142857142858,0.8350515463917526
340,1,30,1,32400,100,0.0030864197530864196,9.25999927520752,0.057692307692307696,1.05
340,1,30,2,32400,11,0.00033950617283950616,1.9090909957885742,0.01694915254237288,0.7272727272727273
340,1,31,0,32400,130,0.004012345679012346,4.938461780548096,0.2268041237113402,1.2153846153846153
340,1,31,1,32400,60,0.001851851851851852,3.566666841506958,0.07,1.05
340,1,31,2,32400,21,0.0006481481481481481,2.6666667461395264,0.0,0.8571428571428571
340,1,32,0,32400,78,0.0024074074074074076,17.91025733947754,0.24615384615384617,0.782051282051282
340,1,32,1,32400,185,0.005709876543209876,2.859459638595581,0.2,1.3297297297297297
340,1,32,2,32400,18,0.0005555555555555556,1.888888955116272,0.09523809523809523,0.5555555555555556
340,1,33,0,32400,60,0.001851851851851852,19.60000228881836,0.15384615384615385,0.5666666666666667
340,1,33,1,32400,82,0.0025308641975308644,7.268292427062988,0.2594594594594595,0.8536585365853658
340,1,33,2,32400,22,0.0006790123456790123,2.454545497894287,0.0,1.3181818181818181
340,1,34,0,32400,74,0.002283950617283951,18.581079483032227,0.13333333333333333,1.0405405405405406
340,1,34,1,32400,93,0.0028703703703703703,4.989247798919678,0.08536585365853659,1.1935483870967742
340,1,34,2,32400,103,0.0031790123456790125,2.2815535068511963,0.0,1.1650485436893203
340,1,35,0,32400,60,0.001851851851851852,17.866666793823242,0.12162162162162163,0.85
340,1,35,1,32400,96,0.002962962962962963,3.0833334922790527,0.053763440860215055,1.1770833333333333
340,1,35,2,32400,52,0.0016049382716049382,10.461540222167969,0.14563106796116504,0.9807692307692307
340,2,1,0,32400,233,0.0071913580246913585,5.3733906745910645,-1.0,1.0858369098712446
340,2,1,1,32400,125,0.0038580246913580245,7.704000949859619,-1.0,1.392
340,2,1,2,32400,47,0.0014506172839506173,3.085106372833252,-1.0,0.9361702127659575
340,2,2,0,32400,208,0.006419753086419753,17.658655166625977,0.26609442060085836,1.0048076923076923
340,2,2,1,32400,147,0.004537037037037037,3.2585034370422363,0.256,1.1496598639455782
340,2,2,2,32400,38,0.0011728395061728395,2.78947377204895,0.02127659574468085,0.9210526315789473
340,2,3,0,32400,314,0.009691358024691357,14.888535499572754,0.4375,1.2802547770700636
340,2,3,1,32400,61,0.001882716049382716,24.32786750793457,0.25170068027210885,1.0327868852459017
340,2,3,2,32400,21,0.0006481481481481481,2.6666667461395264,0.02631578947368421,0.8095238095238095
340,2,4,0,32400,171,0.005277777777777778,5.912280559539795,0.267515923566879,1.04093567251462
340,2,4,1,32400,155,0.004783950617283951,94.24516296386719,0.22950819672131148,1.2258064516129032
340,2,4,2,32400,52,0.0016049382716049382,5.961538314819336,0.047619047619047616,0.75
340,2,5,0,32400,223,0.006882716049382716,12.74439525604248,0.3684210526315789,1.1210762331838564
340,2,5,1,32400,143,0.00441358024691358,5.951048851013184,0.25161290322580643,1.2447552447552448
340,2,5,2,32400,33,0.0010185185185185184,3.2424240112304688,0.019230769230769232,0.9393939393939394
340,2,6,0,32400,154,0.004753086419753087,8.116883277893066,0.21076233183856502,1.1818181818181819
340,2,6,1,32400,90,0.002777777777777778,8.544445037841797,0.06993006993006994,1.011111111111111
340,2,6,2,32400,29,0.0008950617283950618,1.965517282485962,0.06060606060606061,1.0689655172413792
340,2,7,0,32400,156,0.004814814814814815,7.019230842590332,0.2987012987012987,1.0769230769230769
340,2,7,1,32400,122,0.003765432098765432,12.754097938537598,0.3,1.1557377049180328
340,2,7,2,32400,68,0.0020987654320987655,2.367647171020508,0.034482758620689655,1.4264705882352942
340,2,8,0,32400,82,0.0025308641975308644,4.658536434173584,0.12179487179487179,0.8292682926829268
340,2,8,1,32400,154,0.004753086419753087,4.389610290527344,0.19672131147540983,1.2012987012987013
340,2,8,2,32400,38,0.0011728395061728395,36.921051025390625,0.07352941176470588,1.0
340,2,9,0,32400,107,0.0033024691358024692,6.635514736175537,0.2073170731707317,1.1401869158878504
340,2,9,1,32400,84,0.0025925925925925925,9.369048118591309,0.09740259740259741,1.1547619047619047
340,2,9,2,32400,21,0.0006481481481481481,4.095238208770752,0.02631578947368421,1.1904761904761905
340,2,10,0,32400,97,0.002993827160493827,5.226804256439209,0.2616822429906542,1.092783505154639
340,2,10,1,32400,41,0.0012654320987654322,15.878047943115234,0.19047619047619047,1.146341463414634
340,2,10,2,32400,57,0.0017592592592592592,6.789474964141846,0.14285714285714285,1.263157894736842
340,2,11,0,32400,172,0.005308641975308642,5.063952922821045,0.15463917525773196,1.186046511627907
340,2,11,1,32400,110,0.0033950617283950617,2.409090757369995,0.07317073170731707,1.2272727272727273
340,2,11,2,32400,115,0.0035493827160493828,2.2695651054382324,0.017543859649122806,1.3565217391304347
340,2,12,0,32400,121,0.0037345679012345677,10.487603187561035,0.20930232558139536,1.1818181818181819
340,2,12,1,32400,46,0.001419753086419753,2.67391300201416,0.01818181818181818,0.8043478260869565
340,2,12,2,32400,41,0.0012654320987654322,3.682926654815674,0.11304347826086956,1.0
340,2,13,0,32400,156,0.004814814814814815,10.89743423461914,0.24793388429752067,1.0
340,2,13,1,32400,99,0.0030555555555555557,3.1818182468414307,0.0,1.3333333333333333
340,2,13,2,32400,76,0.002345679012345679,1.986842155456543,0.0,1.2894736842105263
340,2,14,0,32400,74,0.002283950617283951,2.6891891956329346,0.12179487179487179,1.0
340,2,14,1,32400,58,0.0017901234567901235,2.1034481525421143,0.12121212121212122,1.0689655172413792
340,2,14,2,32400,47,0.0014506172839506173,1.8297871351242065,0.039473684210526314,1.3191489361702127
340,2,15,0,32400,57,0.0017592592592592592,7.719298839569092,0.13513513513513514,1.1578947368421053
340,2,15,1,32400,68,0.0020987654320987655,5.558823585510254,0.06896551724137931,0.9705882352941176
340,2,15,2,32400,19,0.0005864197530864197,5.526315689086914,0.02127659574468085,1.1578947368421053
340,2,16,0,32400,39,0.0012037037037037038,3.384615421295166,0.21052631578947367,0.8461538461538461
340,2,16,1,32400,129,0.003981481481481482,5.317829608917236,0.20588235294117646,1.426356589147287
340,2,16,2,32400,36,0.0011111111111111111,1.6944444179534912,0.15789473684210525,1.25
340,2,17,0,32400,60,0.001851851851851852,8.100001335144043,0.15384615384615385,0.7666666666666667
340,2,17,1,32400,78,0.0024074074074074076,2.2948718070983887,0.07751937984496124,1.2564102564102564
340,2,17,2,32400,46,0.001419753086419753,4.58695650100708,0.1111111111111111,1.1521739130434783
340,2,18,0,32400,81,0.0025,18.30864143371582,0.13333333333333333,0.9259259259259259
340,2,18,1,32400,185,0.005709876543209876,2.4270269870758057,0.0,1.3567567567567567
340,2,18,2,32400,59,0.0018209876543209876,1.9661016464233398,0.10869565217391304,1.0677966101694916
340,2,19,0,32400,185,0.005709876543209876,15.702703475952148,0.2839506172839506,1.2756756756756757
340,2,19,1,32400,83,0.0025617283950617282,17.39759063720703,0.2756756756756757,1.1566265060240963
340,2,19,2,32400,47,0.0014506172839506173,2.8085105419158936,0.13559322033898305,1.1063829787234043
340,2,20,0,32400,143,0.00441358024691358,5.139860153198242,0.3621621621621622,0.8811188811188811
340,2,20,1,32400,17,0.0005246913580246914,2.588235378265381,0.12048192771084337,0.4117647058823529
340,2,20,2,32400,43,0.0013271604938271606,1.8604650497436523,0.06382978723404255,0.9069767441860465
340,2,21,0,32400,104,0.0032098765432098763,14.125000953674316,0.21678321678321677,1.1538461538461537
340,2,21,1,32400,107,0.0033024691358024692,3.8504672050476074,0.0,1.2897196261682242
340,2,21,2,32400,20,0.0006172839506172839,17.750003814697266,0.06976744186046512,1.2
340,2,22,0,32400,126,0.0038888888888888888,21.666667938232422,0.38461538461538464,1.126984126984127
340,2,22,1,32400,97,0.002993827160493827,4.092782974243164,0.34579439252336447,1.1237113402061856
340,2,22,2,32400,15,0.000462962962962963,2.0,0.05,1.0666666666666667
340,2,23,0,32400,169,0.005216049382716049,158.55624389648438,0.5634920634920635,1.2011834319526626
340,2,23,1,32400,171,0.005277777777777778,3.2339181900024414,0.030927835051546393,1.3859649122807018
340,2,23,2,32400,74,0.002283950617283951,2.7162163257598877,0.0,1.4054054054054055
340,2,24,0,32400,225,0.006944444444444444,15.871111869812012,0.514792899408284,1.1777777777777778
340,2,24,1,32400,94,0.0029012345679012346,2.71276593208313,0.07602339181286549,1.0319148936170213
340,2,24,2,32400,41,0.0012654320987654322,2.317073106765747,0.02702702702702703,0.926829268292683
340,2,25,0,32400,241,0.007438271604938272,9.473029136657715,0.41333333333333333,1.1867219917012448
340,2,25,1,32400,129,0.003981481481481482,10.108525276184082,0.26595744680851063,1.124031007751938
340,2,25,2,32400,27,0.0008333333333333334,1.6296296119689941,0.0,0.8518518518518519
340,2,26,0,32400,162,0.005,13.382716178894043,0.31950207468879666,0.9629629629629629
340,2,26,1,32400,168,0.005185185185185185,3.220238208770752,0.08527131782945736,1.1904761904761905
340,2,26,2,32400,42,0.0012962962962962963,29.71428680419922,0.037037037037037035,0.9761904761904762
340,2,27,0,32400,84,0.0025925925925925925,17.785717010498047,0.16666666666666666,0.7738095238095238
340,2,27,1,32400,42,0.0012962962962962963,26.85714340209961,0.07738095238095238,0.8095238095238095
340,2,27,2,32400,103,0.0031790123456790125,5.15533971786499,0.023809523809523808,1.3689320388349515
340,2,28,0,32400,91,0.002808641975308642,2.604395627975464,0.09523809523809523,1.098901098901099
340,2,28,1,32400,74,0.002283950617283951,3.4864866733551025,0.2619047619047619,0.8108108108108109
340,2,28,2,32400,60,0.001851851851851852,11.216667175292969,0.18446601941747573,1.0333333333333334
340,2,29,0,32400,122,0.003765432098765432,6.336065292358398,0.08791208791208792,1.098360655737705
340,2,29,1,32400,159,0.004907407407407407,4.679244518280029,0.04054054054054054,1.3018867924528301
340,2,29,2,32400,12,0.00037037037037037035,4.4166669845581055,0.06666666666666667,0.75
340,2,30,0,32400,59,0.0018209876543209876,5.491525650024414,0.19672131147540983,0.7457627118644068
340,2,30,1,32400,171,0.005277777777777778,16.374269485473633,0.1320754716981132,1.1871345029239766
340,2,30,2,32400,61,0.001882716049382716,1.9344260692596436,0.08333333333333333,0.8688524590163934
340,2,31,0,32400,36,0.0011111111111111111,12.861112594604492,0.23728813559322035,0.8055555555555556
340,2,31,1,32400,131,0.00404320987654321,23.15266990661621,0.2573099415204678,1.1068702290076335
340,2,31,2,32400,25,0.0007716049382716049,1.6799999475479126,0.0,1.08
340,2,32,0,32400,167,0.005154320987654321,6.934131145477295,0.25,1.215568862275449
340,2,32,1,32400,102,0.003148148148148148,3.65686297416687,0.1450381679389313,1.2941176470588236
340,2,32,2,32400,11,0.00033950617283950616,2.545454502105713,0.0,0.8181818181818182
340,2,33,0,32400,242,0.007469135802469135,9.681818008422852,0.3712574850299401,1.359504132231405
340,2,33,1,32400,188,0.005802469135802469,2.590425491333008,0.18627450980392157,1.3617021276595744
340,2,33,2,32400,43,0.0013271604938271606,2.0930233001708984,0.18181818181818182,1.2790697674418605
340,2,34,0,32400,236,0.0072839506172839505,14.46610164642334,0.4049586776859504,1.1694915254237288
340,2,34,1,32400,158,0.004876543209876543,25.367088317871094,0.19680851063829788,1.3291139240506329
340,2,34,2,32400,56,0.0017283950617283952,2.4285714626312256,0.023255813953488372,1.0714285714285714
340,2,35,0,32400,195,0.0060185185185185185,19.292308807373047,0.3644067796610169,0.9435897435897436
340,2,35,1,32400,125,0.0038580246913580245,4.76800012588501,0.2848101265822785,1.144
340,2,35,2,32400,62,0.0019135802469135803,2.8064515590667725,0.03571428571428571,1.3870967741935485
340,3,1,0,32400,226,0.006975308641975308,8.482300758361816,-1.0,1.0486725663716814
340,3,1,1,32400,9,0.0002777777777777778,13.222221374511719,-1.0,0.2222222222222222
340,3,1,2,32400,31,0.0009567901234567902,1.612903118133545,-1.0,0.4838709677419355
340,3,2,0,32400,197,0.006080246913580247,7.502537727355957,0.4690265486725664,1.3197969543147208
340,3,2,1,32400,100,0.0030864197530864196,3.4800000190734863,0.1111111111111111,1.13
340,3,2,2,32400,33,0.0010185185185185184,12.515151977539062,0.03225806451612903,1.1515151515151516
340,3,3,0,32400,113,0.003487654320987654,15.035398483276367,0.350253807106599,0.9292035398230089
340,3,3,1,32400,103,0.0031790123456790125,2.368932008743286,0.08,1.2427184466019416
340,3,3,2,32400,9,0.0002777777777777778,6.6666669845581055,0.09090909090909091,0.3333333333333333
340,3,4,0,32400,46,0.001419753086419753,2.3043477535247803,0.22123893805309736,0.5869565217391305
340,3,4,1,32400,55,0.0016975308641975309,3.9818179607391357,0.13592233009708737,0.9090909090909091
340,3,4,2,32400,41,0.0012654320987654322,2.4390242099761963,0.0,1.3658536585365855
340,3,5,0,32400,21,0.0006481481481481481,3.4761905670166016,0.0,0.5238095238095238
340,3,5,1,32400,179,0.0055246913580246915,3.949720621109009,0.07272727272727272,1.2569832402234637
340,3,5,2,32400,57,0.0017592592592592592,14.385965347290039,0.3902439024390244,1.0526315789473684
340,3,6,0,32400,35,0.0010802469135802468,10.371429443359375,0.2857142857142857,0.37142857142857144
340,3,6,1,32400,192,0.005925925925925926,3.7083334922790527,0.09497206703910614,1.3489583333333333
340,3,6,2,32400,68,0.0020987654320987655,5.985294342041016,0.22807017543859648,1.2647058823529411
340,3,7,0,32400,131,0.00404320987654321,17.053434371948242,0.14285714285714285,1.2442748091603053
340,3,7,1,32400,144,0.0044444444444444444,4.5625,0.06770833333333333,1.2638888888888888
340,3,7,2,32400,33,0.0010185185185185184,2.151515245437622,0.1323529411764706,0.9090909090909091
340,3,8,0,32400,112,0.0034567901234567903,3.500000238418579,0.2748091603053435,1.1696428571428572
340,3,8,1,32400,245,0.007561728395061728,2.4571428298950195,0.10416666666666667,1.379591836734694
340,3,8,2,32400,39,0.0012037037037037038,2.1794872283935547,0.0,1.0256410256410255
340,3,9,0,32400,110,0.0033950617283950617,25.581815719604492,0.20535714285714285,1.0363636363636364
340,3,9,1,32400,75,0.0023148148148148147,17.1733341217041,0.11836734693877551,0.9866666666666667
340,3,9,2,32400,12,0.00037037037037037035,3.5,0.02564102564102564,0.5
340,3,10,0,32400,121,0.0037345679012345677,3.735537052154541,0.2636363636363636,1.1570247933884297
340,3,10,1,32400,140,0.004320987654320987,10.542859077453613,0.17333333333333334,1.1071428571428572
340,3,10,2,32400,22,0.0006790123456790123,10.0,0.0,1.2272727272727273
340,3,11,0,32400,115,0.0035493827160493828,9.521738052368164,0.14049586776859505,0.991304347826087
340,3,11,1,32400,58,0.0017901234567901235,10.068965911865234,0.11428571428571428,0.896551724137931
340,3,11,2,32400,76,0.002345679012345679,1.7894736528396606,0.0,1.486842105263158
340,3,12,0,32400,115,0.0035493827160493828,3.834782361984253,0.11304347826086956,1.0956521739130434
340,3,12,1,32400,60,0.001851851851851852,2.7333335876464844,0.08620689655172414,0.9
340,3,12,2,32400,40,0.0012345679012345679,2.299999952316284,0.05263157894736842,1.2
340,3,13,0,32400,166,0.0051234567901234564,7.596385478973389,0.4434782608695652,1.2228915662650603
340,3,13,1,32400,63,0.0019444444444444444,44.09524154663086,0.1,1.0158730158730158
340,3,13,2,32400,46,0.001419753086419753,3.8913044929504395,0.0,1.3043478260869565
340,3,14,0,32400,136,0.004197530864197531,1.8308823108673096,0.26506024096385544,1.0955882352941178
340,3,14,1,32400,51,0.001574074074074074,6.607843399047852,0.09523809523809523,1.0
340,3,14,2,32400,34,0.0010493827160493827,1.6176470518112183,0.043478260869565216,1.2941176470588236
340,3,15,0,32400,130,0.004012345679012346,4.26923131942749,0.11764705882352941,1.3692307692307693
340,3,15,1,32400,45,0.001388888888888889,11.800000190734863,0.0784313725490196,0.6444444444444445
340,3,15,2,32400,17,0.0005246913580246914,1.3529411554336548,0.0,1.1176470588235294
340,3,16,0,32400,129,0.003981481481481482,7.434108734130859,0.36153846153846153,1.0775193798449612
340,3,16,1,32400,22,0.0006790123456790123,14.454546928405762,0.06666666666666667,0.45454545454545453
340,3,16,2,32400,44,0.0013580246913580246,2.090909242630005,0.0,1.2954545454545454
340,3,17,0,32400,114,0.0035185185185185185,3.5,0.20930232558139536,1.1666666666666667
340,3,17,1,32400,132,0.004074074074074074,2.2803030014038086,0.045454545454545456,1.3333333333333333
340,3,17,2,32400,41,0.0012654320987654322,2.2926828861236572,0.0,1.1219512195121952
340,3,18,0,32400,117,0.003611111111111111,15.05128288269043,0.18421052631578946,1.0
340,3,18,1,32400,74,0.002283950617283951,2.9864866733551025,0.16666666666666666,0.9459459459459459
340,3,18,2,32400,31,0.0009567901234567902,2.5161290168762207,0.17073170731707318,1.0
340,3,19,0,32400,135,0.004166666666666667,14.014814376831055,0.358974358974359,1.1481481481481481
340,3,19,1,32400,208,0.006419753086419753,3.201923131942749,0.06756756756756757,1.4423076923076923
340,3,19,2,32400,69,0.0021296296296296298,2.91304349899292,0.0,1.318840579710145
340,3,20,0,32400,251,0.007746913580246913,5.04780912399292,0.4444444444444444,1.2828685258964143
340,3,20,1,32400,102,0.003148148148148148,69.85295104980469,0.15384615384615385,1.2549019607843137
340,3,20,2,32400,53,0.0016358024691358025,7.377359867095947,0.08695652173913043,1.1886792452830188
340,3,21,0,32400,203,0.006265432098765432,18.773399353027344,0.2350597609561753,1.2167487684729064
340,3,21,1,32400,149,0.004598765432098765,9.208052635192871,0.28431372549019607,1.2013422818791946
340,3,21,2,32400,21,0.0006481481481481481,4.809524059295654,0.09433962264150944,0.6190476190476191
340,3,22,0,32400,113,0.003487654320987654,9.16814136505127,0.22660098522167488,0.8938053097345132
340,3,22,1,32400,138,0.0042592592592592595,17.376811981201172,0.2080536912751678,1.1231884057971016
340,3,22,2,32400,8,0.0002469135802469136,2.125,0.047619047619047616,0.125
340,3,23,0,32400,120,0.003703703703703704,3.8583338260650635,0.168141592920354,0.8916666666666667
340,3,23,1,32400,100,0.0030864197530864196,8.59000015258789,0.2246376811594203,1.15
340,3,23,2,32400,97,0.002993827160493827,2.144329786300659,0.0,1.309278350515464
340,3,24,0,32400,87,0.002685185185185185,11.816091537475586,0.075,0.8045977011494253
340,3,24,1,32400,113,0.003487654320987654,17.646018981933594,0.36,1.2654867256637168
340,3,24,2,32400,24,0.0007407407407407407,10.916666030883789,0.010309278350515464,1.0416666666666667
340,3,25,0,32400,110,0.0033950617283950617,3.7454543113708496,0.14942528735632185,0.8272727272727273
340,3,25,1,32400,79,0.0024382716049382715,2.430379867553711,0.1415929203539823,1.0886075949367089
340,3,25,2,32400,104,0.0032098765432098763,3.278846263885498,0.041666666666666664,1.4230769230769231
340,3,26,0,32400,97,0.002993827160493827,4.010309219360352,0.2545454545454545,0.979381443298969
340,3,26,1,32400,129,0.003981481481481482,6.348837852478027,0.189873417721519,1.2713178294573644
340,3,26,2,32400,93,0.0028703703703703703,3.118279457092285,0.27884615384615385,1.086021505376344
340,3,27,0,32400,76,0.002345679012345679,3.6578948497772217,0.09278350515463918,1.013157894736842
340,3,27,1,32400,98,0.0030246913580246914,3.9285714626312256,0.20930232558139536,1.0510204081632653
340,3,27,2,32400,78,0.0024074074074074076,6.038462162017822,0.15053763440860216,1.0897435897435896
340,3,28,0,32400,92,0.002839506172839506,8.173913955688477,0.17105263157894737,0.9782608695652174
340,3,28,1,32400,150,0.004629629629629629,3.120000123977661,0.07142857142857142,1.3133333333333332
340,3,28,2,32400,20,0.0006172839506172839,2.1000001430511475,0.038461538461538464,0.6
340,3,29,0,32400,205,0.006327160493827161,3.6097559928894043,0.2826086956521739,1.273170731707317
340,3,29,1,32400,139,0.004290123456790124,4.820144176483154,0.35333333333333333,1.2014388489208634
340,3,29,2,32400,60,0.001851851851851852,2.2833335399627686,0.0,1.4
340,3,30,0,32400,143,0.00441358024691358,6.426573276519775,0.23414634146341465,0.9300699300699301
340,3,30,1,32400,84,0.0025925925925925925,41.25,0.16546762589928057,1.0714285714285714
340,3,30,2,32400,72,0.0022222222222222222,2.5138888359069824,0.0,1.2083333333333333
340,3,31,0,32400,57,0.0017592592592592592,2.0175437927246094,0.16083916083916083,0.7719298245614035
340,3,31,1,32400,43,0.0013271604938271606,1.674418568611145,0.19047619047619047,0.9534883720930233
340,3,31,2,32400,58,0.0017901234567901235,5.89655065536499,0.027777777777777776,1.293103448275862
340,3,32,0,32400,98,0.0030246913580246914,3.1122448444366455,0.12280701754385964,1.2448979591836735
340,3,32,1,32400,75,0.0023148148148148147,4.960000038146973,0.023255813953488372,1.0666666666666667
340,3,32,2,32400,63,0.0019444444444444444,3.23809552192688,0.1206896551724138,1.380952380952381
340,3,33,0,32400,64,0.0019753086419753087,5.234375,0.30612244897959184,0.953125
340,3,33,1,32400,49,0.0015123456790123457,3.0204081535339355,0.013333333333333334,0.8571428571428571
340,3,33,2,32400,27,0.0008333333333333334,2.8518519401550293,0.12698412698412698,0.5925925925925926
340,3,34,0,32400,73,0.0022530864197530865,5.8219170570373535,0.171875,0.9863013698630136
340,3,34,1,32400,78,0.0024074074074074076,2.6282050609588623,0.0,1.0
340,3,34,2,32400,18,0.0005555555555555556,2.277777910232544,0.0,0.7777777777777778
340,3,35,0,32400,129,0.003981481481481482,4.062015533447266,0.2465753424657534,1.1395348837209303
340,3,35,1,32400,151,0.004660493827160494,2.9801323413848877,0.038461538461538464,1.2582781456953642
340,3,35,2,32400,2,6.17283950617284e-05,1.5,0.0,0.0
341,0,1,0,32400,237,0.007314814814814815,6.810126304626465,-1.0,1.0042194092827004
341,0,1,1,32400,125,0.0038580246913580245,2.2080001831054688,-1.0,1.024
341,0,1,2,32400,116,0.003580246913580247,1.8275861740112305,-1.0,1.3620689655172413
341,0,2,0,32400,95,0.002932098765432099,8.442105293273926,0.14345991561181434,1.0105263157894737
341,0,2,1,32400,232,0.007160493827160494,3.8491382598876953,0.016,1.4870689655172413
341,0,2,2,32400,56,0.0017283950617283952,3.0892858505249023,0.05172413793103448,0.9642857142857143
341,0,3,0,32400,171,0.005277777777777778,5.643274784088135,0.25263157894736843,1.2163742690058479
341,0,3,1,32400,167,0.005154320987654321,11.233535766601562,0.1853448275862069,1.221556886227545
341,0,3,2,32400,38,0.0011728395061728395,24.973682403564453,0.14285714285714285,0.7368421052631579
341,0,4,0,32400,172,0.005308641975308642,4.529069900512695,0.1695906432748538,1.0348837209302326
341,0,4,1,32400,195,0.0060185185185185185,5.671794891357422,0.15568862275449102,1.1897435897435897
341,0,4,2,32400,81,0.0025,6.444443702697754,0.13157894736842105,1.3703703703703705
341,0,5,0,32400,168,0.005185185185185185,6.8214287757873535,0.2441860465116279,1.0476190476190477
341,0,5,1,32400,131,0.00404320987654321,13.816794395446777,0.20512820512820512,1.16793893129771
341,0,5,2,32400,49,0.0015123456790123457,3.4897959232330322,0.16049382716049382,0.9183673469387755
341,0,6,0,32400,147,0.004537037037037037,6.258503437042236,0.3630952380952381,0.9115646258503401
341,0,6,1,32400,223,0.006882716049382716,2.3363230228424072,0.11450381679389313,1.4170403587443947
341,0,6,2,32400,90,0.002777777777777778,2.5,0.14285714285714285,1.3666666666666667
341,0,7,0,32400,109,0.0033641975308641974,15.311925888061523,0.3129251700680272,0.9724770642201835
341,0,7,1,32400,207,0.006388888888888889,11.492753028869629,0.2556053811659193,1.3333333333333333
341,0,7,2,32400,23,0.0007098765432098765,1.95652174949646,0.05555555555555555,0.7391304347826086
341,0,8,0,32400,179,0.0055246913580246915,7.737430572509766,0.26605504587155965,1.1340782122905029
341,0,8,1,32400,133,0.004104938271604938,15.609023094177246,0.28019323671497587,1.2706766917293233
341,0,8,2,32400,19,0.0005864197530864197,2.0,0.0,1.4736842105263157
341,0,9,0,32400,106,0.003271604938271605,15.254716873168945,0.24581005586592178,0.7641509433962265
341,0,9,1,32400,90,0.002777777777777778,6.055555820465088,0.17293233082706766,0.9111111111111111
341,0,9,2,32400,31,0.0009567901234567902,2.0322580337524414,0.0,1.096774193548387
341,0,10,0,32400,57,0.0017592592592592592,3.8947367668151855,0.2358490566037736,0.7543859649122807
341,0,10,1,32400,92,0.002839506172839506,7.521738529205322,0.17777777777777778,0.9130434782608695
341,0,10,2,32400,53,0.0016358024691358025,4.773585319519043,0.03225806451612903,0.9811320754716981
341,0,11,0,32400,150,0.004629629629629629,7.480000019073486,0.22807017543859648,1.2
341,0,11,1,32400,161,0.004969135802469136,2.86956524848938,0.043478260869565216,1.391304347826087
341,0,11,2,32400,62,0.0019135802469135803,5.161290168762207,0.18867924528301888,1.0161290322580645
341,0,12,0,32400,154,0.004753086419753087,6.532467365264893,0.26,1.0844155844155845
341,0,12,1,32400,92,0.002839506172839506,12.315217971801758,0.19254658385093168,0.9239130434782609
341,0,12,2,32400,35,0.0010802469135802468,6.285714626312256,0.25806451612903225,0.8285714285714286
341,0,13,0,32400,160,0.0049382716049382715,2.6312501430511475,0.3181818181818182,1.1
341,0,13,1,32400,99,0.0030555555555555557,3.2626261711120605,0.13043478260869565,1.0909090909090908
341,0,13,2,32400,10,0.00030864197530864197,1.899999976158142,0.02857142857142857,0.2
341,0,14,0,32400,85,0.002623456790123457,9.823530197143555,0.125,0.9882352941176471
341,0,14,1,32400,120,0.003703703703703704,8.841667175292969,0.08080808080808081,1.125
341,0,14,2,32400,28,0.0008641975308641976,2.107142925262451,0.0,1.1785714285714286
341,0,15,0,32400,122,0.003765432098765432,7.475409984588623,0.32941176470588235,1.0737704918032787
341,0,15,1,32400,92,0.002839506172839506,14.108695983886719,0.24166666666666667,1.141304347826087
341,0,15,2,32400,18,0.0005555555555555556,24.666669845581055,0.0,0.7777777777777778
341,0,16,0,32400,125,0.0038580246913580245,7.320000648498535,0.2459016393442623,0.904
341,0,16,1,32400,116,0.003580246913580247,2.724138021469116,0.17391304347826086,1.4482758620689655
341,0,16,2,32400,43,0.0013271604938271606,3.465116262435913,0.2222222222222222,1.0
341,0,17,0,32400,170,0.005246913580246914,6.752941131591797,0.44,1.076470588235294
341,0,17,1,32400,63,0.0019444444444444444,3.4285717010498047,0.0,1.2222222222222223
341,0,17,2,32400,30,0.000925925925925926,1.8000000715255737,0.11627906976744186,1.1333333333333333
341,0,18,0,32400,70,0.0021604938271604936,1.7000000476837158,0.21176470588235294,0.9571428571428572
341,0,18,1,32400,77,0.0023765432098765433,2.402597427368164,0.031746031746031744,1.025974025974026
341,0,18,2,32400,32,0.0009876543209876543,1.84375,0.0,0.71875
341,0,19,0,32400,44,0.0013580246913580246,4.045454502105713,0.04285714285714286,0.9772727272727273
341,0,19,1,32400,188,0.005802469135802469,2.952127456665039,0.025974025974025976,1.2287234042553192
341,0,19,2,32400,129,0.003981481481481482,2.3333332538604736,0.0625,1.3410852713178294
341,0,20,0,32400,50,0.0015432098765432098,10.179999351501465,0.09090909090909091,0.82
341,0,20,1,32400,90,0.002777777777777778,3.4000000953674316,0.10106382978723404,0.8222222222222222
341,0,20,2,32400,41,0.0012654320987654322,2.5853657722473145,0.007751937984496124,1.1951219512195121
341,0,21,0,32400,32,0.0009876543209876543,3.8125,0.14,1.03125
341,0,21,1,32400,108,0.0033333333333333335,5.601851940155029,0.13333333333333333,1.1851851851851851
341,0,21,2,32400,95,0.002932098765432099,8.315790176391602,0.0975609756097561,1.4631578947368422
341,0,22,0,32400,104,0.0032098765432098763,5.259615421295166,0.25,0.9615384615384616
341,0,22,1,32400,198,0.006111111111111111,3.4595959186553955,0.18518518518518517,1.3181818181818181
341,0,22,2,32400,43,0.0013271604938271606,1.674418568611145,0.05263157894736842,1.2325581395348837
341,0,23,0,32400,106,0.003271604938271605,13.792451858520508,0.2403846153846154,0.9905660377358491
341,0,23,1,32400,86,0.002654320987654321,20.686046600341797,0.23232323232323232,1.1511627906976745
341,0,23,2,32400,32,0.0009876543209876543,2.53125,0.11627906976744186,1.0
341,0,24,0,32400,143,0.00441358024691358,8.769230842590332,0.29245283018867924,0.993006993006993
341,0,24,1,32400,95,0.002932098765432099,2.726315975189209,0.22093023255813954,1.063157894736842
341,0,24,2,32400,24,0.0007407407407407407,6.4583330154418945,0.21875,0.625
341,0,25,0,32400,89,0.0027469135802469136,4.921348571777344,0.14685314685314685,1.0674157303370786
341,0,25,1,32400,93,0.0028703703703703703,4.903225898742676,0.11578947368421053,0.967741935483871
341,0,25,2,32400,57,0.0017592592592592592,4.035088062286377,0.0,1.2280701754385965
341,0,26,0,32400,122,0.003765432098765432,16.852458953857422,0.25842696629213485,0.9344262295081968
341,0,26,1,32400,91,0.002808641975308642,3.5824177265167236,0.10752688172043011,1.164835164835165
341,0,26,2,32400,2,6.17283950617284e-05,16.500001907348633,0.017543859649122806,0.0
341,0,27,0,32400,66,0.002037037037037037,2.2878787517547607,0.1721311475409836,0.8939393939393939
341,0,27,1,32400,45,0.001388888888888889,5.511110782623291,0.21978021978021978,0.9555555555555556
341,0,27,2,32400,42,0.0012962962962962963,2.6190476417541504,0.5,0.7857142857142857
341,0,28,0,32400,47,0.0014506172839506173,6.9361701011657715,0.09090909090909091,0.574468085106383
341,0,28,1,32400,29,0.0008950617283950618,9.620689392089844,0.08888888888888889,0.7241379310344828
341,0,28,2,32400,115,0.0035493827160493828,2.1826086044311523,0.023809523809523808,1.3652173913043477
341,0,29,0,32400,38,0.0011728395061728395,3.4210526943206787,0.1276595744680851,0.42105263157894735
341,0,29,1,32400,85,0.002623456790123457,2.9529411792755127,0.0,1.3294117647058823
341,0,29,2,32400,16,0.0004938271604938272,3.0625,0.034782608695652174,0.4375
341,0,30,0,32400,301,0.009290123456790124,2.5315613746643066,0.10526315789473684,1.4850498338870433
341,0,30,1,32400,89,0.0027469135802469136,2.4494383335113525,0.07058823529411765,0.9438202247191011
341,0,30,2,32400,27,0.0008333333333333334,2.0,0.0,1.3703703703703705
341,0,31,0,32400,140,0.004320987654320987,14.928571701049805,0.2059800664451827,1.0714285714285714
341,0,31,1,32400,208,0.006419753086419753,2.79807710647583,0.02247191011235955,1.3990384615384615
341,0,31,2,32400,82,0.0025308641975308644,1.8536584377288818,0.037037037037037035,1.1341463414634145
341,0,32,0,32400,236,0.0072839506172839505,13.622880935668945,0.45714285714285713,1.1483050847457628
341,0,32,1,32400,113,0.003487654320987654,15.336282730102539,0.1778846153846154,1.1061946902654867
341,0,32,2,32400,27,0.0008333333333333334,1.8518518209457397,0.012195121951219513,1.1851851851851851
341,0,33,0,32400,132,0.004074074074074074,15.742424964904785,0.2669491525423729,0.75
341,0,33,1,32400,198,0.006111111111111111,20.222219467163086,0.1415929203539823,1.2323232323232323
341,0,33,2,32400,7,0.0002160493827160494,4.142857551574707,0.1111111111111111,0.0
341,0,34,0,32400,40,0.0012345679012345679,10.75,0.15151515151515152,0.275
341,0,34,1,32400,259,0.007993827160493827,4.629343509674072,0.16161616161616163,1.3474903474903475
341,0,34,2,32400,6,0.00018518518518518518,4.1666669845581055,0.0,0.5
341,0,35,0,32400,213,0.006574074074074074,10.35680866241455,0.175,1.3192488262910798
341,0,35,1,32400,110,0.0033950617283950617,9.17272663116455,0.11196911196911197,0.9545454545454546
341,0,35,2,32400,33,0.0010185185185185184,1.8787879943847656,0.0,1.3333333333333333
341,1,1,0,32400,178,0.005493827160493827,11.32022476196289,-1.0,0.8707865168539326
341,1,1,1,32400,138,0.0042592592592592595,3.144927501678467,-1.0,1.1376811594202898
341,1,1,2,32400,21,0.0006481481481481481,6.952381134033203,-1.0,0.14285714285714285
341,1,2,0,32400,156,0.004814814814814815,8.391026496887207,0.29213483146067415,0.967948717948718
341,1,2,1,32400,63,0.0019444444444444444,75.93650817871094,0.07971014492753623,1.0
341,1,2,2,32400,69,0.0021296296296296298,1.8985507488250732,0.0,1.318840579710145
341,1,3,0,32400,98,0.0030246913580246914,7.040816307067871,0.25,0.8877551020408163
341,1,3,1,32400,66,0.002037037037037037,9.136363983154297,0.20634920634920634,1.1363636363636365
341,1,3,2,32400,77,0.0023765432098765433,2.7272727489471436,0.13043478260869565,1.1428571428571428
341,1,4,0,32400,101,0.003117283950617284,4.346534729003906,0.15306122448979592,0.900990099009901
341,1,4,1,32400,181,0.00558641975308642,2.7845304012298584,0.21212121212121213,1.3591160220994476
341,1,4,2,32400,24,0.0007407407407407407,7.833333492279053,0.025974025974025976,0.7083333333333334
341,1,5,0,32400,109,0.0033641975308641974,9.394495010375977,0.18811881188118812,0.8256880733944955
341,1,5,1,32400,103,0.0031790123456790125,20.69902992248535,0.09944751381215469,1.233009708737864
341,1,5,2,32400,24,0.0007407407407407407,1.4166667461395264,0.08333333333333333,0.9583333333333334
341,1,6,0,32400,236,0.0072839506172839505,4.038135528564453,0.27522935779816515,1.1610169491525424
341,1,6,1,32400,136,0.004197530864197531,3.242647171020508,0.3300970873786408,1.2573529411764706
341,1,6,2,32400,29,0.0008950617283950618,1.862069010734558,0.041666666666666664,1.2758620689655173
341,1,7,0,32400,56,0.0017283950617283952,2.2142858505249023,0.09322033898305085,0.75
341,1,7,1,32400,54,0.0016666666666666668,3.7592592239379883,0.18382352941176472,0.7592592592592593
341,1,7,2,32400,45,0.001388888888888889,3.288888931274414,0.0,1.2666666666666666
341,1,8,0,32400,105,0.0032407407407407406,3.942857265472412,0.10714285714285714,1.2666666666666666
341,1,8,1,32400,75,0.0023148148148148147,2.5199999809265137,0.018518518518518517,1.2
341,1,8,2,32400,100,0.0030864197530864196,2.4099998474121094,0.5333333333333333,1.36
341,1,9,0,32400,75,0.0023148148148148147,3.4000000953674316,0.1619047619047619,1.0266666666666666
341,1,9,1,32400,84,0.0025925925925925925,3.0833334922790527,0.16,1.130952380952381
341,1,9,2,32400,38,0.0011728395061728395,17.763158798217773,0.08,1.0789473684210527
341,1,10,0,32400,76,0.002345679012345679,399.19744873046875,0.24,1.0394736842105263
341,1,10,1,32400,74,0.002283950617283951,2.2567567825317383,0.011904761904761904,0.972972972972973
341,1,10,2,32400,30,0.000925925925925926,1.933333396911621,0.13157894736842105,0.8333333333333334
341,1,11,0,32400,108,0.0033333333333333335,6.166666507720947,0.3815789473684211,1.1296296296296295
341,1,11,1,32400,51,0.001574074074074074,2.901960849761963,0.02702702702702703,0.8431372549019608
341,1,11,2,32400,17,0.0005246913580246914,1.8235293626785278,0.0,0.8235294117647058
341,1,12,0,32400,93,0.0028703703703703703,6.0107526779174805,0.3611111111111111,0.8817204301075269
341,1,12,1,32400,37,0.0011419753086419754,13.648650169372559,0.11764705882352941,0.7567567567567568
341,1,12,2,32400,10,0.00030864197530864197,4.599999904632568,0.0,0.4
341,1,13,0,32400,99,0.0030555555555555557,3.6565656661987305,0.22580645161290322,1.121212121212121
341,1,13,1,32400,150,0.004629629629629629,2.299999952316284,0.2702702702702703,1.2866666666666666
341,1,13,2,32400,8,0.0002469135802469136,1.5,0.1,1.0
341,1,14,0,32400,158,0.004876543209876543,24.405061721801758,0.3939393939393939,1.0506329113924051
341,1,14,1,32400,98,0.0030246913580246914,30.408166885375977,0.16666666666666666,1.010204081632653
341,1,14,2,32400,51,0.001574074074074074,2.372549057006836,0.125,1.196078431372549
341,1,15,0,32400,227,0.007006172839506173,10.572687149047852,0.4873417721518987,1.1409691629955947
341,1,15,1,32400,93,0.0028703703703703703,3.344085931777954,0.11224489795918367,1.053763440860215
341,1,15,2,32400,33,0.0010185185185185184,17.454547882080078,0.1568627450980392,0.9393939393939394
341,1,16,0,32400,274,0.00845679012345679,12.15693473815918,0.44052863436123346,1.1751824817518248
341,1,16,1,32400,123,0.0037962962962962963,3.878048896789551,0.10752688172043011,1.2276422764227641
341,1,16,2,32400,89,0.0027469135802469136,15.348313331604004,0.12121212121212122,1.303370786516854
341,1,17,0,32400,185,0.005709876543209876,10.881081581115723,0.31386861313868614,0.8702702702702703
341,1,17,1,32400,126,0.0038888888888888888,10.849206924438477,0.18699186991869918,1.1507936507936507
341,1,17,2,32400,78,0.0024074074074074076,9.615385055541992,0.25842696629213485,1.4871794871794872
341,1,18,0,32400,218,0.006728395061728395,7.564219951629639,0.24324324324324326,0.9128440366972477
341,1,18,1,32400,163,0.005030864197530864,10.920245170593262,0.21428571428571427,1.3190184049079754
341,1,18,2,32400,94,0.0029012345679012346,2.1382977962493896,0.24358974358974358,1.1914893617021276
341,1,19,0,32400,136,0.004197530864197531,14.698529243469238,0.13761467889908258,0.9926470588235294
341,1,19,1,32400,215,0.006635802469135803,10.418604850769043,0.34355828220858897,1.172093023255814
341,1,19,2,32400,75,0.0023148148148148147,2.306666612625122,0.05319148936170213,1.1866666666666668
341,1,20,0,32400,65,0.002006172839506173,7.338461399078369,0.22794117647058823,0.4153846153846154
341,1,20,1,32400,68,0.0020987654320987655,15.602941513061523,0.14418604651162792,0.6323529411764706
341,1,20,2,32400,48,0.0014814814814814814,2.1458334922790527,0.06666666666666667,1.0833333333333333
341,1,21,0,32400,128,0.003950617283950617,19.96875,0.12307692307692308,1.1328125
341,1,21,1,32400,107,0.0033024691358024692,2.7196261882781982,0.04411764705882353,1.3271028037383177
341,1,21,2,32400,9,0.0002777777777777778,3.1111111640930176,0.020833333333333332,0.1111111111111111
341,1,22,0,32400,74,0.002283950617283951,13.391894340515137,0.1796875,1.1891891891891893
341,1,22,1,32400,246,0.007592592592592593,13.585365295410156,0.102803738317757,1.3373983739837398
341,1,22,2,32400,25,0.0007716049382716049,1.5999999046325684,0.1111111111111111,0.96
341,1,23,0,32400,226,0.006975308641975308,14.21238899230957,0.4189189189189189,1.1106194690265487
341,1,23,1,32400,164,0.005061728395061729,3.5304877758026123,0.23983739837398374,0.926829268292683
341,1,23,2,32400,31,0.0009567901234567902,5.967741966247559,0.04,0.8064516129032258
341,1,24,0,32400,214,0.0066049382716049385,17.233642578125,0.42035398230088494,0.9345794392523364
341,1,24,1,32400,57,0.0017592592592592592,2.824561357498169,0.036585365853658534,1.1754385964912282
341,1,24,2,32400,39,0.0012037037037037038,5.974359512329102,0.12903225806451613,1.2307692307692308
341,1,25,0,32400,279,0.008611111111111111,6.745519638061523,0.4392523364485981,1.1003584229390682
341,1,25,1,32400,95,0.002932098765432099,3.5684211254119873,0.3333333333333333,1.0105263157894737
341,1,25,2,32400,65,0.002006172839506173,2.6307692527770996,0.38461538461538464,1.0
341,1,26,0,32400,240,0.007407407407407408,8.429166793823242,0.37992831541218636,1.1125
341,1,26,1,32400,133,0.004104938271604938,3.609022617340088,0.09473684210526316,1.300751879699248
341,1,26,2,32400,55,0.0016975308641975309,4.127272605895996,0.015384615384615385,1.4
341,1,27,0,32400,199,0.006141975308641976,6.427135467529297,0.3875,1.0
341,1,27,1,32400,196,0.006049382716049383,3.4387755393981934,0.3157894736842105,1.3877551020408163
341,1,27,2,32400,24,0.0007407407407407407,4.708333492279053,0.10909090909090909,0.5416666666666666
341,1,28,0,32400,137,0.004228395061728395,11.386860847473145,0.19597989949748743,0.8832116788321168
341,1,28,1,32400,84,0.0025925925925925925,6.428571701049805,0.19387755102040816,1.0
341,1,28,2,32400,8,0.0002469135802469136,2.625,0.08333333333333333,0.25
341,1,29,0,32400,201,0.0062037037037037035,5.472636699676514,0.44525547445255476,1.1144278606965174
341,1,29,1,32400,60,0.001851851851851852,16.33333396911621,0.15476190476190477,1.0666666666666667
341,1,29,2,32400,39,0.0012037037037037038,5.820512771606445,0.125,1.1794871794871795
341,1,30,0,32400,124,0.0038271604938271606,5.524193286895752,0.263681592039801,0.7983870967741935
341,1,30,1,32400,134,0.004135802469135802,6.440298557281494,0.16666666666666666,1.2164179104477613
341,1,30,2,32400,45,0.001388888888888889,3.577777862548828,0.3076923076923077,1.0888888888888888
341,1,31,0,32400,248,0.007654320987654321,16.99193572998047,0.31451612903225806,1.2701612903225807
341,1,31,1,32400,119,0.0036728395061728395,10.04201602935791,0.19402985074626866,1.26890756302521
341,1,31,2,32400,33,0.0010185185185185184,9.969696044921875,0.06666666666666667,1.2121212121212122
341,1,32,0,32400,132,0.004074074074074074,7.757575988769531,0.2661290322580645,0.9090909090909091
341,1,32,1,32400,250,0.007716049382716049,5.544000148773193,0.3277310924369748,1.356
341,1,32,2,32400,82,0.0025308641975308644,6.804877758026123,0.30303030303030304,1.146341463414634
341,1,33,0,32400,131,0.00404320987654321,6.847328186035156,0.23484848484848486,0.8015267175572519
341,1,33,1,32400,204,0.006296296296296296,25.862735748291016,0.328,1.2156862745098038
341,1,33,2,32400,38,0.0011728395061728395,44.078941345214844,0.10975609756097561,0.7894736842105263
341,1,34,0,32400,120,0.003703703703703704,25.26666831970215,0.29770992366412213,0.8916666666666667
341,1,34,1,32400,66,0.002037037037037037,3.5757577419281006,0.05392156862745098,0.9090909090909091
341,1,34,2,32400,37,0.0011419753086419754,4.378378391265869,0.15789473684210525,0.8378378378378378
341,1,35,0,32400,144,0.0044444444444444444,6.722221851348877,0.2,1.1458333333333333
341,1,35,1,32400,112,0.0034567901234567903,3.017857313156128,0.09090909090909091,1.0535714285714286
341,1,35,2,32400,117,0.003611111111111111,2.4444446563720703,0.02702702702702703,1.3846153846153846
341,2,1,0,32400,160,0.0049382716049382715,15.51874828338623,-1.0,0.7875
341,2,1,1,32400,69,0.0021296296296296298,2.6086957454681396,-1.0,0.9420289855072463
341,2,1,2,32400,62,0.0019135802469135803,7.274193286895752,-1.0,1.032258064516129
341,2,2,0,32400,183,0.005648148148148148,17.95628547668457,0.23125,1.0437158469945356
341,2,2,1,32400,100,0.0030864197530864196,12.25999927520752,0.014492753623188406,1.35
341,2,2,2,32400,70,0.0021604938271604936,4.942857265472412,0.1935483870967742,0.9857142857142858
341,2,3,0,32400,175,0.005401234567901234,6.6971435546875,0.14207650273224043,1.0457142857142858
341,2,3,1,32400,93,0.0028703703703703703,9.63440990447998,0.24,0.989247311827957
341,2,3,2,32400,41,0.0012654320987654322,1.9999998807907104,0.05714285714285714,0.9512195121951219
341,2,4,0,32400,76,0.002345679012345679,43.578941345214844,0.2,0.9868421052631579
341,2,4,1,32400,116,0.003580246913580247,2.4827585220336914,0.1827956989247312,1.103448275862069
341,2,4,2,32400,25,0.0007716049382716049,4.400000095367432,0.0,0.88
341,2,5,0,32400,205,0.006327160493827161,4.897561073303223,0.47368421052631576,1.1853658536585365
341,2,5,1,32400,67,0.002067901234567901,28.97014617919922,0.1896551724137931,0.8208955223880597
341,2,5,2,32400,43,0.0013271604938271606,1.9767441749572754,0.0,1.3488372093023255
341,2,6,0,32400,168,0.005185185185185185,9.351190567016602,0.3073170731707317,0.9166666666666666
341,2,6,1,32400,83,0.0025617283950617282,23.759033203125,0.23880597014925373,1.072289156626506
341,2,6,2,32400,28,0.0008641975308641976,4.250000476837158,0.046511627906976744,1.0357142857142858
341,2,7,0,32400,189,0.005833333333333334,4.391534328460693,0.16666666666666666,1.0317460317460319
341,2,7,1,32400,72,0.0022222222222222222,2.180555582046509,0.04819277108433735,1.1388888888888888
341,2,7,2,32400,54,0.0016666666666666668,1.888888955116272,0.0,1.3148148148148149
341,2,8,0,32400,64,0.0019753086419753087,20.140626907348633,0.2328042328042328,0.765625
341,2,8,1,32400,63,0.0019444444444444444,4.174603462219238,0.0,0.9365079365079365
341,2,8,2,32400,22,0.0006790123456790123,14.409088134765625,0.07407407407407407,0.5909090909090909
341,2,9,0,32400,45,0.001388888888888889,2.0222222805023193,0.1875,0.8
341,2,9,1,32400,84,0.0025925925925925925,3.154762029647827,0.06349206349206349,1.25
341,2,9,2,32400,39,0.0012037037037037038,1.7435897588729858,0.0,1.205128205128205
341,2,10,0,32400,127,0.003919753086419753,12.007874488830566,0.1111111111111111,1.4330708661417322
341,2,10,1,32400,45,0.001388888888888889,25.68889045715332,0.23809523809523808,0.8222222222222222
341,2,10,2,32400,53,0.0016358024691358025,2.1886792182922363,0.0,1.4339622641509433
341,2,11,0,32400,34,0.0010493827160493827,12.764707565307617,0.1732283464566929,1.0294117647058822
341,2,11,1,32400,163,0.005030864197530864,7.398772239685059,0.06666666666666667,1.2699386503067485
341,2,11,2,32400,48,0.0014814814814814814,20.895832061767578,0.03773584905660377,1.25
341,2,12,0,32400,125,0.0038580246913580245,6.992000102996826,0.8529411764705882,1.008
341,2,12,1,32400,141,0.0043518518518518515,3.8156027793884277,0.17177914110429449,1.099290780141844
341,2,12,2,32400,22,0.0006790123456790123,2.909090995788574,0.0625,0.7272727272727273
341,2,13,0,32400,213,0.006574074074074074,8.652582168579102,0.408,1.192488262910798
341,2,13,1,32400,118,0.0036419753086419752,19.940675735473633,0.19148936170212766,1.1610169491525424
341,2,13,2,32400,2,6.17283950617284e-05,1.5,0.0,0.0
341,2,14,0,32400,119,0.0036728395061728395,4.873950004577637,0.29107981220657275,0.8991596638655462
341,2,14,1,32400,140,0.004320987654320987,4.242856979370117,0.1016949152542373,1.1142857142857143
341,2,14,2,32400,30,0.000925925925925926,1.9666668176651,0.0,1.2666666666666666
341,2,15,0,32400,144,0.0044444444444444444,6.243055820465088,0.10084033613445378,1.0694444444444444
341,2,15,1,32400,66,0.002037037037037037,5.303030490875244,0.06428571428571428,0.8939393939393939
341,2,15,2,32400,115,0.0035493827160493828,3.5304346084594727,0.06666666666666667,1.3478260869565217
341,2,16,0,32400,93,0.0028703703703703703,4.483870983123779,0.3333333333333333,0.8064516129032258
341,2,16,1,32400,58,0.0017901234567901235,37.75861740112305,0.21212121212121213,1.1724137931034482
341,2,16,2,32400,120,0.003703703703703704,4.333333492279053,0.21739130434782608,1.2666666666666666
341,2,17,0,32400,102,0.003148148148148148,9.019609451293945,0.2903225806451613,1.0686274509803921
341,2,17,1,32400,118,0.0036419753086419752,2.474576234817505,0.22413793103448276,1.2881355932203389
341,2,17,2,32400,21,0.0006481481481481481,5.3333330154418945,0.09166666666666666,0.7142857142857143
341,2,18,0,32400,49,0.0015123456790123457,31.77550506591797,0.16666666666666666,0.7142857142857143
341,2,18,1,32400,123,0.0037962962962962963,10.96748161315918,0.15254237288135594,1.1056910569105691
341,2,18,2,32400,11,0.00033950617283950616,1.1818182468414307,0.0,1.2727272727272727
341,2,19,0,32400,95,0.002932098765432099,2.8000001907348633,0.14285714285714285,1.2105263157894737
341,2,19,1,32400,19,0.0005864197530864197,13.947370529174805,0.07317073170731707,0.5789473684210527
341,2,19,2,32400,97,0.002993827160493827,2.123711347579956,0.0,1.309278350515464
341,2,20,0,32400,188,0.005802469135802469,3.787233829498291,0.18947368421052632,1.3404255319148937
341,2,20,1,32400,211,0.006512345679012346,2.886255979537964,0.10526315789473684,1.3744075829383886
341,2,20,2,32400,53,0.0016358024691358025,7.075472354888916,0.05154639175257732,1.2075471698113207
341,2,21,0,32400,105,0.0032407407407407406,6.009523868560791,0.28191489361702127,0.8380952380952381
341,2,21,1,32400,130,0.004012345679012346,7.800000190734863,0.13270142180094788,1.0692307692307692
341,2,21,2,32400,37,0.0011419753086419754,1.8918919563293457,0.03773584905660377,0.9459459459459459
341,2,22,0,32400,92,0.002839506172839506,5.0,0.18095238095238095,0.9239130434782609
341,2,22,1,32400,141,0.0043518518518518515,5.021276473999023,0.16153846153846155,1.3049645390070923
341,2,22,2,32400,25,0.0007716049382716049,1.8399999141693115,0.0,1.32
341,2,23,0,32400,105,0.0032407407407407406,2.104762077331543,0.1956521739130435,1.0857142857142856
341,2,23,1,32400,188,0.005802469135802469,5.5585103034973145,0.375886524822695,1.303191489361702
341,2,23,2,32400,62,0.0019135802469135803,4.903225898742676,0.08,1.3548387096774193
341,2,24,0,32400,148,0.004567901234567902,5.932432651519775,0.0761904761904762,1.0135135135135136
341,2,24,1,32400,76,0.002345679012345679,4.973684310913086,0.13829787234042554,0.7894736842105263
341,2,24,2,32400,45,0.001388888888888889,22.955556869506836,0.3870967741935484,1.3333333333333333
341,2,25,0,32400,205,0.006327160493827161,8.482926368713379,0.44594594594594594,1.1609756097560975
341,2,25,1,32400,108,0.0033333333333333335,7.25,0.039473684210526314,1.3796296296296295
341,2,25,2,32400,21,0.0006481481481481481,1.6190476417541504,0.06666666666666667,0.8571428571428571
341,2,26,0,32400,149,0.004598765432098765,5.697986602783203,0.37073170731707317,0.959731543624161
341,2,26,1,32400,116,0.003580246913580247,3.5775861740112305,0.4444444444444444,1.25
341,2,26,2,32400,111,0.003425925925925926,2.5765767097473145,0.0,1.3423423423423424
341,2,27,0,32400,135,0.004166666666666667,7.118517875671387,0.18120805369127516,0.9703703703703703
341,2,27,1,32400,111,0.003425925925925926,10.657657623291016,0.2672413793103448,1.162162162162162
341,2,27,2,32400,90,0.002777777777777778,4.8111114501953125,0.12612612612612611,1.1666666666666667
341,2,28,0,32400,63,0.0019444444444444444,3.952381134033203,0.21481481481481482,0.6190476190476191
341,2,28,1,32400,155,0.004783950617283951,4.141935348510742,0.26126126126126126,1.1935483870967742
341,2,28,2,32400,100,0.0030864197530864196,7.9200005531311035,0.08888888888888889,1.11
341,2,29,0,32400,86,0.002654320987654321,3.1279070377349854,0.1111111111111111,1.0232558139534884
341,2,29,1,32400,139,0.004290123456790124,27.64748191833496,0.25161290322580643,1.3021582733812949
341,2,29,2,32400,138,0.0042592592592592595,2.7898552417755127,0.06,1.2826086956521738
341,2,30,0,32400,105,0.0032407407407407406,6.019047737121582,0.23255813953488372,0.9809523809523809
341,2,30,1,32400,105,0.0032407407407407406,11.190474510192871,0.2158273381294964,1.1238095238095238
341,2,30,2,32400,54,0.0016666666666666668,3.3888888359069824,0.15942028985507245,0.9444444444444444
341,2,31,0,32400,46,0.001419753086419753,3.7173914909362793,0.2571428571428571,0.5652173913043478
341,2,31,1,32400,117,0.003611111111111111,3.769230842590332,0.047619047619047616,1.4188034188034189
341,2,31,2,32400,9,0.0002777777777777778,2.3333332538604736,0.05555555555555555,0.0
341,2,32,0,32400,14,0.0004320987654320988,38.42858123779297,0.08695652173913043,0.21428571428571427
341,2,32,1,32400,121,0.0037345679012345677,41.80166244506836,0.21367521367521367,1.2231404958677685
341,2,32,2,32400,73,0.0022530864197530865,2.2602739334106445,0.0,1.4383561643835616
341,2,33,0,32400,162,0.005,3.709876537322998,0.21428571428571427,1.2407407407407407
341,2,33,1,32400,147,0.004537037037037037,2.272108793258667,0.14049586776859505,1.1496598639455782
341,2,33,2,32400,20,0.0006172839506172839,1.600000023841858,0.0273972602739726,0.55
341,2,34,0,32400,125,0.0038580246913580245,6.232000350952148,0.2716049382716049,1.064
341,2,34,1,32400,103,0.0031790123456790125,6.553398132324219,0.1564625850340136,1.2233009708737863
341,2,34,2,32400,81,0.0025,3.234567880630493,0.0,1.617283950617284
341,2,35,0,32400,195,0.0060185185185185185,9.630770683288574,0.24,1.1948717948717948
341,2,35,1,32400,92,0.002839506172839506,2.20652174949646,0.30097087378640774,1.065217391304348
341,2,35,2,32400,56,0.0017283950617283952,26.749998092651367,0.2222222222222222,0.8035714285714286
341,3,1,0,32400,234,0.007222222222222222,19.64957618713379,-1.0,1.0811965811965811
341,3,1,1,32400,115,0.0035493827160493828,2.591304302215576,-1.0,1.191304347826087
341,3,1,2,32400,67,0.002067901234567901,1.7910447120666504,-1.0,1.0597014925373134
341,3,2,0,32400,207,0.006388888888888889,19.285024642944336,0.4444444444444444,1.1304347826086956
341,3,2,1,32400,131,0.00404320987654321,4.167938709259033,0.1565217391304348,1.3740458015267176
341,3,2,2,32400,61,0.001882716049382716,4.245901584625244,0.08955223880597014,0.7868852459016393
341,3,3,0,32400,233,0.0071913580246913585,27.841201782226562,0.463768115942029,1.0858369098712446
341,3,3,1,32400,172,0.005308641975308642,25.726743698120117,0.35877862595419846,1.372093023255814
341,3,3,2,32400,69,0.0021296296296296298,10.840579986572266,0.13114754098360656,1.0289855072463767
341,3,4,0,32400,234,0.007222222222222222,27.76496124267578,0.21888412017167383,1.0299145299145298
341,3,4,1,32400,126,0.0038888888888888888,11.85714340209961,0.3081395348837209,1.126984126984127
341,3,4,2,32400,110,0.0033950617283950617,1.9727271795272827,0.057971014492753624,1.4363636363636363
341,3,5,0,32400,267,0.008240740740740741,12.651686668395996,0.49572649572649574,1.1385767790262171
341,3,5,1,32400,114,0.0035185185185185185,5.1929826736450195,0.19047619047619047,1.1842105263157894
341,3,5,2,32400,46,0.001419753086419753,2.4347827434539795,0.01818181818181818,1.4565217391304348
341,3,6,0,32400,131,0.00404320987654321,2.9007632732391357,0.250936329588015,1.083969465648855
341,3,6,1,32400,59,0.0018209876543209876,12.203390121459961,0.22807017543859648,0.9152542372881356
341,3,6,2,32400,82,0.0025308641975308644,3.0487804412841797,0.15217391304347827,1.3048780487804879
341,3,7,0,32400,195,0.0060185185185185185,5.55384635925293,0.2824427480916031,1.2256410256410257
341,3,7,1,32400,99,0.0030555555555555557,4.888888359069824,0.22033898305084745,1.2222222222222223
341,3,7,2,32400,15,0.000462962962962963,1.6666667461395264,0.06097560975609756,0.7333333333333333
341,3,8,0,32400,64,0.0019753086419753087,32.578125,0.1794871794871795,0.65625
341,3,8,1,32400,122,0.003765432098765432,4.131147384643555,0.030303030303030304,1.3114754098360655
341,3,8,2,32400,37,0.0011419753086419754,3.1891891956329346,0.13333333333333333,0.8378378378378378
341,3,9,0,32400,160,0.0049382716049382715,2.4000000953674316,0.25,1.26875
341,3,9,1,32400,82,0.0025308641975308644,12.451218605041504,0.22131147540983606,0.8902439024390244
341,3,9,2,32400,41,0.0012654320987654322,1.7804877758026123,0.02702702702702703,1.4878048780487805
341,3,10,0,32400,135,0.004166666666666667,6.385185241699219,0.275,1.0592592592592593
341,3,10,1,32400,168,0.005185185185185185,2.940476179122925,0.07317073170731707,1.2738095238095237
341,3,10,2,32400,107,0.0033024691358024692,3.112149477005005,0.04878048780487805,1.4018691588785046
341,3,11,0,32400,147,0.004537037037037037,11.319727897644043,0.2222222222222222,1.1224489795918366
341,3,11,1,32400,115,0.0035493827160493828,25.139129638671875,0.2619047619047619,1.1043478260869566
341,3,11,2,32400,68,0.0020987654320987655,2.1323530673980713,0.07476635514018691,1.0735294117647058
341,3,12,0,32400,157,0.004845679012345679,3.949044704437256,0.4489795918367347,1.0127388535031847
341,3,12,1,32400,60,0.001851851851851852,7.850001335144043,0.08695652173913043,1.0333333333333334
341,3,12,2,32400,61,0.001882716049382716,4.032786846160889,0.014705882352941176,0.8688524590163934
341,3,13,0,32400,78,0.0024074074074074076,7.589744567871094,0.06369426751592357,1.1538461538461537
341,3,13,1,32400,53,0.0016358024691358025,6.4528303146362305,0.21666666666666667,1.0566037735849056
341,3,13,2,32400,89,0.0027469135802469136,2.730337142944336,0.14754098360655737,1.2359550561797752
341,3,14,0,32400,117,0.003611111111111111,2.68376088142395,0.05128205128205128,1.1025641025641026
341,3,14,1,32400,77,0.0023765432098765433,10.207793235778809,0.09433962264150944,1.2077922077922079
341,3,14,2,32400,40,0.0012345679012345679,21.649999618530273,0.19101123595505617,0.75
341,3,15,0,32400,209,0.006450617283950617,4.287081241607666,0.23931623931623933,1.1913875598086126
341,3,15,1,32400,33,0.0010185185185185184,2.606060743331909,0.025974025974025976,0.9696969696969697
341,3,15,2,32400,85,0.002623456790123457,2.6235294342041016,0.15,1.1294117647058823
341,3,16,0,32400,220,0.006790123456790123,9.195454597473145,0.24401913875598086,1.1954545454545455
341,3,16,1,32400,137,0.004228395061728395,2.649635076522827,0.030303030303030304,1.3795620437956204
341,3,16,2,32400,15,0.000462962962962963,3.4666671752929688,0.09411764705882353,0.26666666666666666
341,3,17,0,32400,259,0.007993827160493827,21.351350784301758,0.4,1.2548262548262548
341,3,17,1,32400,267,0.008240740740740741,41.16480255126953,0.46715328467153283,1.3333333333333333
341,3,17,2,32400,25,0.0007716049382716049,5.520000457763672,0.0,0.72
341,3,18,0,32400,294,0.009074074074074075,8.153060913085938,0.4092664092664093,1.1360544217687074
341,3,18,1,32400,204,0.006296296296296296,13.85294246673584,0.2883895131086142,1.2352941176470589
341,3,18,2,32400,45,0.001388888888888889,7.222222328186035,0.08,1.0
341,3,19,0,32400,179,0.0055246913580246915,4.463686943054199,0.25170068027210885,0.88268156424581
341,3,19,1,32400,86,0.002654320987654321,13.116277694702148,0.2107843137254902,0.813953488372093
341,3,19,2,32400,127,0.003919753086419753,2.803149700164795,0.2,1.141732283464567
341,3,20,0,32400,145,0.004475308641975309,16.620689392089844,0.329608938547486,1.0275862068965518
341,3,20,1,32400,115,0.0035493827160493828,5.017391204833984,0.08139534883720931,1.3391304347826087
341,3,20,2,32400,92,0.002839506172839506,2.3478262424468994,0.11023622047244094,1.1956521739130435
341,3,21,0,32400,118,0.0036419753086419752,4.228813648223877,0.35172413793103446,0.9152542372881356
341,3,21,1,32400,57,0.0017592592592592592,2.9473683834075928,0.08695652173913043,1.1754385964912282
341,3,21,2,32400,25,0.0007716049382716049,3.6399998664855957,0.05434782608695652,0.56
341,3,22,0,32400,54,0.0016666666666666668,20.018518447875977,0.15254237288135594,0.9074074074074074
341,3,22,1,32400,43,0.0013271604938271606,4.139535427093506,0.03508771929824561,0.8604651162790697
341,3,22,2,32400,15,0.000462962962962963,11.00000286102295,0.04,0.6666666666666666
341,3,23,0,32400,227,0.007006172839506173,4.16740083694458,0.3888888888888889,1.3832599118942732
341,3,23,1,32400,117,0.003611111111111111,2.623931646347046,0.046511627906976744,1.1538461538461537
341,3,23,2,32400,82,0.0025308641975308644,2.1951217651367188,0.06666666666666667,1.353658536585366
341,3,24,0,32400,123,0.0037962962962962963,9.967479705810547,0.16740088105726872,1.032520325203252
341,3,24,1,32400,155,0.004783950617283951,13.33548355102539,0.3162393162393162,1.303225806451613
341,3,24,2,32400,28,0.0008641975308641976,2.5,0.012195121951219513,0.9285714285714286
341,3,25,0,32400,132,0.004074074074074074,22.49242401123047,0.13008130081300814,0.9696969696969697
341,3,25,1,32400,116,0.003580246913580247,4.896551609039307,0.34838709677419355,1.0775862068965518
341,3,25,2,32400,188,0.005802469135802469,2.1755318641662598,0.03571428571428571,1.5372340425531914
341,3,26,0,32400,232,0.007160493827160494,13.724140167236328,0.4318181818181818,1.3706896551724137
341,3,26,1,32400,41,0.0012654320987654322,6.146341323852539,0.06896551724137931,0.9512195121951219
341,3,26,2,32400,45,0.001388888888888889,1.288888931274414,0.1276595744680851,0.7777777777777778
341,3,27,0,32400,234,0.007222222222222222,18.850433349609375,0.4956896551724138,1.294871794871795
341,3,27,1,32400,33,0.0010185185185185184,121.60604858398438,0.17073170731707318,0.7575757575757576
341,3,27,2,32400,41,0.0012654320987654322,2.463414430618286,0.022222222222222223,1.2439024390243902
341,3,28,0,32400,252,0.0077777777777777776,6.579365253448486,0.41025641025641024,1.2301587301587302
341,3,28,1,32400,52,0.0016049382716049382,4.769230842590332,0.15151515151515152,1.0
341,3,28,2,32400,40,0.0012345679012345679,2.450000047683716,0.024390243902439025,1.175
341,3,29,0,32400,140,0.004320987654320987,13.007143020629883,0.24206349206349206,1.1428571428571428
341,3,29,1,32400,114,0.0035185185185185185,3.175438642501831,0.1346153846153846,1.2105263157894737
341,3,29,2,32400,86,0.002654320987654321,8.244186401367188,0.2,1.372093023255814
341,3,30,0,32400,119,0.0036728395061728395,4.756302833557129,0.3,1.0168067226890756
341,3,30,1,32400,142,0.004382716049382716,15.373239517211914,0.2982456140350877,1.2887323943661972
341,3,30,2,32400,83,0.0025617283950617282,2.4216866493225098,0.08139534883720931,1.2530120481927711
341,3,31,0,32400,162,0.005,11.771605491638184,0.3277310924369748,0.9753086419753086
341,3,31,1,32400,164,0.005061728395061729,2.5,0.176056338028169,1.2560975609756098
341,3,31,2,32400,17,0.0005246913580246914,1.2941176891326904,0.04819277108433735,0.29411764705882354
341,3,32,0,32400,145,0.004475308641975309,12.227585792541504,0.21604938271604937,0.9448275862068966
341,3,32,1,32400,71,0.002191358024691358,15.830986022949219,0.25609756097560976,0.8028169014084507
341,3,32,2,32400,72,0.0022222222222222222,1.9166666269302368,0.0,1.375
341,3,33,0,32400,107,0.0033024691358024692,8.64486026763916,0.1793103448275862,1.0186915887850467
341,3,33,1,32400,69,0.0021296296296296298,3.9710144996643066,0.11267605633802817,1.1159420289855073
341,3,33,2,32400,88,0.0027160493827160493,2.090909242630005,0.013888888888888888,1.3181818181818181
341,3,34,0,32400,58,0.0017901234567901235,4.913793087005615,0.14018691588785046,0.8103448275862069
341,3,34,1,32400,67,0.002067901234567901,19.55223846435547,0.2318840579710145,1.0149253731343284
341,3,34,2,32400,102,0.003148148148148148,7.86274528503418,0.045454545454545456,1.5784313725490196
341,3,35,0,32400,125,0.0038580246913580245,21.42400360107422,0.25862068965517243,1.04
341,3,35,1,32400,189,0.005833333333333334,2.5608465671539307,0.05970149253731343,1.4232804232804233
341,3,35,2,32400,41,0.0012654320987654322,4.317072868347168,0.12745098039215685,0.7804878048780488
342,0,1,0,32400,215,0.006635802469135803,9.320929527282715,-1.0,1.1534883720930234
342,0,1,1,32400,96,0.002962962962962963,2.5208334922790527,-1.0,1.09375
342,0,1,2,32400,10,0.00030864197530864197,1.0,-1.0,0.2
342,0,2,0,32400,59,0.0018209876543209876,9.559322357177734,0.15348837209302327,0.5084745762711864
342,0,2,1,32400,155,0.004783950617283951,3.7354838848114014,0.07291666666666667,1.3096774193548386
342,0,2,2,32400,81,0.0025,4.432098865509033,0.0,1.6049382716049383
342,0,3,0,32400,184,0.005679012345679012,6.304347991943359,0.1694915254237288,1.233695652173913
342,0,3,1,32400,53,0.0016358024691358025,10.49056625366211,0.2,0.7924528301886793
342,0,3,2,32400,41,0.0012654320987654322,3.5609755516052246,0.12345679012345678,1.2195121951219512
342,0,4,0,32400,155,0.004783950617283951,15.322582244873047,0.44021739130434784,1.1483870967741936
342,0,4,1,32400,117,0.003611111111111111,3.0427350997924805,0.1320754716981132,1.3076923076923077
342,0,4,2,32400,34,0.0010493827160493827,1.8235293626785278,0.0,1.3529411764705883
342,0,5,0,32400,85,0.002623456790123457,9.082353591918945,0.3935483870967742,1.0
342,0,5,1,32400,92,0.002839506172839506,8.065218925476074,0.29914529914529914,1.0543478260869565
342,0,5,2,32400,7,0.0002160493827160494,3.7142858505249023,0.0,0.42857142857142855
342,0,6,0,32400,81,0.0025,31.11110496520996,0.4470588235294118,0.7901234567901234
342,0,6,1,32400,82,0.0025308641975308644,13.780487060546875,0.1956521739130435,1.1097560975609757
342,0,6,2,32400,80,0.0024691358024691358,2.174999952316284,0.0,1.425
342,0,7,0,32400,130,0.004012345679012346,7.015384674072266,0.19753086419753085,1.0615384615384615
342,0,7,1,32400,126,0.0038888888888888888,2.6666667461395264,0.024390243902439025,1.0952380952380953
342,0,7,2,32400,19,0.0005864197530864197,3.8421053886413574,0.0125,1.2105263157894737
342,0,8,0,32400,63,0.0019444444444444444,8.111111640930176,0.09230769230769231,0.5873015873015873
342,0,8,1,32400,101,0.003117283950617284,4.207920551300049,0.07936507936507936,1.3564356435643565
342,0,8,2,32400,29,0.0008950617283950618,1.3103448152542114,0.15789473684210525,1.1724137931034482
342,0,9,0,32400,95,0.002932098765432099,6.010526657104492,0.31746031746031744,1.063157894736842
342,0,9,1,32400,60,0.001851851851851852,18.383333206176758,0.25742574257425743,1.3333333333333333
342,0,9,2,32400,47,0.0014506172839506173,2.1063828468322754,0.0,1.4680851063829787
342,0,10,0,32400,185,0.005709876543209876,6.291892051696777,0.6,1.2162162162162162
342,0,10,1,32400,57,0.0017592592592592592,2.175438642501831,0.05,1.1403508771929824
342,0,10,2,32400,34,0.0010493827160493827,2.029411792755127,0.0,1.0294117647058822
342,0,11,0,32400,172,0.005308641975308642,8.813953399658203,0.2972972972972973,1.0348837209302326
342,0,11,1,32400,124,0.0038271604938271606,4.508064270019531,0.15789473684210525,1.217741935483871
342,0,11,2,32400,21,0.0006481481481481481,23.33333396911621,0.11764705882352941,0.6190476190476191
342,0,12,0,32400,112,0.0034567901234567903,17.16964340209961,0.32558139534883723,1.0446428571428572
342,0,12,1,32400,128,0.003950617283950617,6.3359375,0.0967741935483871,1.2109375
342,0,12,2,32400,60,0.001851851851851852,1.883333444595337,0.19047619047619047,1.2166666666666666
342,0,13,0,32400,109,0.0033641975308641974,8.0275239944458,0.4017857142857143,1.018348623853211
342,0,13,1,32400,54,0.0016666666666666668,2.092592716217041,0.109375,0.7777777777777778
342,0,13,2,32400,30,0.000925925925925926,2.266666889190674,0.016666666666666666,0.9666666666666667
342,0,14,0,32400,91,0.002808641975308642,3.92307710647583,0.1651376146788991,1.0769230769230769
342,0,14,1,32400,88,0.0027160493827160493,1.7840909957885742,0.037037037037037035,1.3181818181818181
342,0,14,2,32400,10,0.00030864197530864197,5.5,0.0,0.7
342,0,15,0,32400,93,0.0028703703703703703,2.5053763389587402,0.07692307692307693,1.118279569892473
342,0,15,1,32400,73,0.0022530864197530865,2.6438355445861816,0.045454545454545456,1.2602739726027397
342,0,15,2,32400,59,0.0018209876543209876,1.8135592937469482,0.0,1.2881355932203389
342,0,16,0,32400,68,0.0020987654320987655,22.308826446533203,0.26881720430107525,1.0735294117647058
342,0,16,1,32400,66,0.002037037037037037,4.39393949508667,0.1917808219178082,1.0606060606060606
342,0,16,2,32400,53,0.0016358024691358025,4.358490467071533,0.05084745762711865,1.2641509433962264
342,0,17,0,32400,215,0.006635802469135803,8.474418640136719,0.5588235294117647,1.4186046511627908
342,0,17,1,32400,107,0.0033024691358024692,4.523364543914795,0.15151515151515152,1.1682242990654206
342,0,17,2,32400,12,0.00037037037037037035,2.0,0.0,0.8333333333333334
342,0,18,0,32400,239,0.007376543209876543,8.85774040222168,0.5116279069767442,1.1757322175732217
342,0,18,1,32400,147,0.004537037037037037,4.646258354187012,0.2336448598130841,1.3333333333333333
342,0,18,2,32400,101,0.003117283950617284,2.584158420562744,0.0,1.3663366336633664
342,0,19,0,32400,150,0.004629629629629629,7.146667003631592,0.26359832635983266,0.92
342,0,19,1,32400,172,0.005308641975308642,5.017441749572754,0.36054421768707484,1.1569767441860466
342,0,19,2,32400,175,0.005401234567901234,3.1028571128845215,0.2079207920792079,1.3885714285714286
342,0,20,0,32400,135,0.004166666666666667,25.103702545166016,0.22,1.0740740740740742
342,0,20,1,32400,134,0.004135802469135802,7.455223560333252,0.1744186046511628,0.9552238805970149
342,0,20,2,32400,63,0.0019444444444444444,92.5237808227539,0.19428571428571428,0.9047619047619048
342,0,21,0,32400,127,0.003919753086419753,5.968503952026367,0.4148148148148148,0.84251968503937
342,0,21,1,32400,208,0.006419753086419753,20.08173179626465,0.27611940298507465,1.2644230769230769
342,0,21,2,32400,32,0.0009876543209876543,1.75,0.1746031746031746,0.46875
342,0,22,0,32400,148,0.004567901234567902,4.905405521392822,0.13385826771653545,0.9932432432432432
342,0,22,1,32400,242,0.007469135802469135,6.735537052154541,0.49038461538461536,1.2603305785123966
342,0,22,2,32400,32,0.0009876543209876543,1.90625,0.0,1.03125
342,0,23,0,32400,144,0.0044444444444444444,23.354169845581055,0.3310810810810811,1.1388888888888888
342,0,23,1,32400,216,0.006666666666666667,32.703704833984375,0.24380165289256198,1.3333333333333333
342,0,23,2,32400,33,0.0010185185185185184,3.6666667461395264,0.03125,1.0606060606060606
342,0,24,0,32400,197,0.006080246913580247,13.852791786193848,0.5555555555555556,1.015228426395939
342,0,24,1,32400,169,0.005216049382716049,3.0532543659210205,0.20833333333333334,1.0887573964497042
342,0,24,2,32400,55,0.0016975308641975309,3.654545307159424,0.030303030303030304,0.9454545454545454
342,0,25,0,32400,176,0.005432098765432099,9.25,0.3197969543147208,0.9034090909090909
342,0,25,1,32400,183,0.005648148148148148,9.043715476989746,0.1242603550295858,1.284153005464481
342,0,25,2,32400,41,0.0012654320987654322,18.341459274291992,0.12727272727272726,0.8292682926829268
342,0,26,0,32400,129,0.003981481481481482,9.403100967407227,0.17613636363636365,1.0775193798449612
342,0,26,1,32400,86,0.002654320987654321,4.023256301879883,0.17486338797814208,0.9651162790697675
342,0,26,2,32400,72,0.0022222222222222222,4.930555820465088,0.04878048780487805,1.0833333333333333
342,0,27,0,32400,75,0.0023148148148148147,8.506667137145996,0.16279069767441862,0.5333333333333333
342,0,27,1,32400,124,0.0038271604938271606,2.6290321350097656,0.023255813953488372,1.3790322580645162
342,0,27,2,32400,60,0.001851851851851852,4.599999904632568,0.06944444444444445,1.1166666666666667
342,0,28,0,32400,80,0.0024691358024691358,1.9250000715255737,0.21333333333333335,1.15
342,0,28,1,32400,121,0.0037345679012345677,13.090909004211426,0.3629032258064516,1.1983471074380165
342,0,28,2,32400,51,0.001574074074074074,3.43137264251709,0.11666666666666667,1.0588235294117647
342,0,29,0,32400,40,0.0012345679012345679,4.050000190734863,0.0375,0.85
342,0,29,1,32400,99,0.0030555555555555557,5.78787899017334,0.1652892561983471,0.9696969696969697
342,0,29,2,32400,18,0.0005555555555555556,3.6111111640930176,0.058823529411764705,0.3333333333333333
342,0,30,0,32400,109,0.0033641975308641974,11.403670310974121,0.0,1.0642201834862386
342,0,30,1,32400,268,0.008271604938271605,3.014925241470337,0.0707070707070707,1.335820895522388
342,0,30,2,32400,53,0.0016358024691358025,2.8113207817077637,0.0,1.3396226415094339
342,0,31,0,32400,168,0.005185185185185185,12.208333969116211,0.2018348623853211,1.005952380952381
342,0,31,1,32400,115,0.0035493827160493828,18.782608032226562,0.2462686567164179,0.8956521739130435
342,0,31,2,32400,38,0.0011728395061728395,2.9210526943206787,0.0,1.1578947368421053
342,0,32,0,32400,152,0.004691358024691358,22.822368621826172,0.24404761904761904,1.013157894736842
342,0,32,1,32400,60,0.001851851851851852,5.116666793823242,0.10434782608695652,0.9833333333333333
342,0,32,2,32400,62,0.0019135802469135803,1.8548386096954346,0.07894736842105263,1.1935483870967742
342,0,33,0,32400,285,0.008796296296296297,7.491228103637695,0.3815789473684211,1.2210526315789474
342,0,33,1,32400,40,0.0012345679012345679,3.299999952316284,0.05,0.65
342,0,33,2,32400,43,0.0013271604938271606,1.7441860437393188,0.12903225806451613,0.9302325581395349
342,0,34,0,32400,103,0.0031790123456790125,18.495147705078125,0.17894736842105263,0.8058252427184466
342,0,34,1,32400,28,0.0008641975308641976,2.7142858505249023,0.0,1.1428571428571428
342,0,34,2,32400,20,0.0006172839506172839,5.900000095367432,0.06976744186046512,0.5
342,0,35,0,32400,129,0.003981481481481482,3.5271317958831787,0.10679611650485436,1.193798449612403
342,0,35,1,32400,89,0.0027469135802469136,2.2471909523010254,0.07142857142857142,1.1123595505617978
342,0,35,2,32400,19,0.0005864197530864197,4.526315689086914,0.05,0.8947368421052632
342,1,1,0,32400,190,0.005864197530864198,8.489474296569824,-1.0,0.9842105263157894
342,1,1,1,32400,90,0.002777777777777778,5.0,-1.0,1.1555555555555554
342,1,1,2,32400,5,0.00015432098765432098,1.2000000476837158,-1.0,0.8
342,1,2,0,32400,217,0.0066975308641975305,18.97235107421875,0.32105263157894737,0.9216589861751152
342,1,2,1,32400,56,0.0017283950617283952,15.464286804199219,0.17777777777777778,1.0178571428571428
342,1,2,2,32400,89,0.0027469135802469136,6.685393810272217,0.2,1.2808988764044944
342,1,3,0,32400,214,0.0066049382716049385,6.934579372406006,0.3548387096774194,1.088785046728972
342,1,3,1,32400,146,0.004506172839506173,2.5342464447021484,0.07142857142857142,1.095890410958904
342,1,3,2,32400,67,0.002067901234567901,2.059701442718506,0.06741573033707865,1.1194029850746268
342,1,4,0,32400,127,0.003919753086419753,22.960634231567383,0.20093457943925233,1.0236220472440944
342,1,4,1,32400,182,0.005617283950617284,6.571429252624512,0.14383561643835616,1.4285714285714286
342,1,4,2,32400,27,0.0008333333333333334,3.962963104248047,0.014925373134328358,0.7777777777777778
342,1,5,0,32400,153,0.004722222222222222,7.379085063934326,0.29133858267716534,1.130718954248366
342,1,5,1,32400,132,0.004074074074074074,2.2803030014038086,0.2032967032967033,1.2424242424242424
342,1,5,2,32400,19,0.0005864197530864197,7.315789699554443,0.037037037037037035,0.9473684210526315
342,1,6,0,32400,256,0.007901234567901235,7.472656726837158,0.49673202614379086,1.3203125
342,1,6,1,32400,134,0.004135802469135802,4.813432693481445,0.10606060606060606,1.3059701492537314
342,1,6,2,32400,26,0.0008024691358024691,2.730769395828247,0.10526315789473684,0.9230769230769231
342,1,7,0,32400,190,0.005864197530864198,8.76842212677002,0.26953125,1.194736842105263
342,1,7,1,32400,175,0.005401234567901234,2.4228570461273193,0.2537313432835821,1.2857142857142858
342,1,7,2,32400,52,0.0016049382716049382,2.307692289352417,0.038461538461538464,1.2884615384615385
342,1,8,0,32400,142,0.004382716049382716,8.584507942199707,0.30526315789473685,0.9507042253521126
342,1,8,1,32400,124,0.0038271604938271606,36.838706970214844,0.15428571428571428,1.1048387096774193
342,1,8,2,32400,14,0.0004320987654320988,2.0,0.038461538461538464,0.6428571428571429
342,1,9,0,32400,81,0.0025,4.39506196975708,0.19718309859154928,0.9382716049382716
342,1,9,1,32400,114,0.0035185185185185185,6.052631855010986,0.1532258064516129,1.1403508771929824
342,1,9,2,32400,17,0.0005246913580246914,1.7058823108673096,0.0,1.0588235294117647
342,1,10,0,32400,89,0.0027469135802469136,21.213483810424805,0.4444444444444444,1.348314606741573
342,1,10,1,32400,127,0.003919753086419753,4.69291353225708,0.14912280701754385,1.1653543307086613
342,1,10,2,32400,38,0.0011728395061728395,3.473684310913086,0.0,1.1842105263157894
342,1,11,0,32400,88,0.0027160493827160493,9.715909004211426,0.550561797752809,0.875
342,1,11,1,32400,108,0.0033333333333333335,7.2407402992248535,0.14960629921259844,1.1759259259259258
342,1,11,2,32400,21,0.0006481481481481481,3.0,0.07894736842105263,0.38095238095238093
342,1,12,0,32400,50,0.0015432098765432098,2.759999990463257,0.07954545454545454,0.98
342,1,12,1,32400,109,0.0033641975308641974,13.37614631652832,0.16666666666666666,0.9174311926605505
342,1,12,2,32400,52,0.0016049382716049382,2.884615421295166,0.0,1.2692307692307692
342,1,13,0,32400,156,0.004814814814814815,8.961540222167969,0.26,1.064102564102564
342,1,13,1,32400,97,0.002993827160493827,4.649484634399414,0.13761467889908258,1.2371134020618557
342,1,13,2,32400,79,0.0024382716049382715,1.7088607549667358,0.0,1.2784810126582278
342,1,14,0,32400,158,0.004876543209876543,14.911393165588379,0.3782051282051282,1.139240506329114
342,1,14,1,32400,137,0.004228395061728395,10.350364685058594,0.20618556701030927,1.0364963503649636
342,1,14,2,32400,126,0.0038888888888888888,2.2936508655548096,0.0,1.4365079365079365
342,1,15,0,32400,143,0.00441358024691358,17.167831420898438,0.3924050632911392,0.965034965034965
342,1,15,1,32400,134,0.004135802469135802,23.20149040222168,0.16058394160583941,1.037313432835821
342,1,15,2,32400,33,0.0010185185185185184,40.60606002807617,0.03968253968253968,0.7272727272727273
342,1,16,0,32400,79,0.0024382716049382715,13.810128211975098,0.26573426573426573,0.7088607594936709
342,1,16,1,32400,162,0.005,8.84567928314209,0.21641791044776118,1.3271604938271604
342,1,16,2,32400,18,0.0005555555555555556,1.5555555820465088,0.09090909090909091,0.7222222222222222
342,1,17,0,32400,85,0.002623456790123457,7.435293674468994,0.26582278481012656,0.8588235294117647
342,1,17,1,32400,242,0.007469135802469135,3.5537188053131104,0.29012345679012347,1.322314049586777
342,1,17,2,32400,36,0.0011111111111111111,5.833333969116211,0.0,1.1944444444444444
342,1,18,0,32400,97,0.002993827160493827,167.3607940673828,0.32941176470588235,0.845360824742268
342,1,18,1,32400,146,0.004506172839506173,13.34931468963623,0.2644628099173554,1.2328767123287672
342,1,18,2,32400,56,0.0017283950617283952,4.785714626312256,0.027777777777777776,1.2321428571428572
342,1,19,0,32400,163,0.005030864197530864,14.62576675415039,0.4948453608247423,0.9938650306748467
342,1,19,1,32400,128,0.003950617283950617,2.8828125,0.0410958904109589,1.296875
342,1,19,2,32400,54,0.0016666666666666668,2.7592592239379883,0.017857142857142856,0.9259259259259259
342,1,20,0,32400,308,0.009506172839506173,12.461038589477539,0.4723926380368098,1.3051948051948052
342,1,20,1,32400,64,0.0019753086419753087,3.765625,0.078125,1.125
342,1,20,2,32400,40,0.0012345679012345679,1.8000000715255737,0.0,1.0
342,1,21,0,32400,162,0.005,7.765432357788086,0.37987012987012986,0.9629629629629629
342,1,21,1,32400,113,0.003487654320987654,2.4778761863708496,0.015625,1.336283185840708
342,1,21,2,32400,37,0.0011419753086419754,1.8918919563293457,0.0,1.1081081081081081
342,1,22,0,32400,146,0.004506172839506173,12.404109954833984,0.4506172839506173,1.178082191780822
342,1,22,1,32400,93,0.0028703703703703703,25.838706970214844,0.336283185840708,1.021505376344086
342,1,22,2,32400,19,0.0005864197530864197,1.8421052694320679,0.08108108108108109,0.8947368421052632
342,1,23,0,32400,169,0.005216049382716049,20.42011833190918,0.6164383561643836,1.0236686390532543
342,1,23,1,32400,110,0.0033950617283950617,5.427273750305176,0.12903225806451613,1.2181818181818183
342,1,23,2,32400,38,0.0011728395061728395,2.1842105388641357,0.0,1.1842105263157894
342,1,24,0,32400,154,0.004753086419753087,15.441558837890625,0.514792899408284,0.935064935064935
342,1,24,1,32400,156,0.004814814814814815,6.34615421295166,0.045454545454545456,1.205128205128205
342,1,24,2,32400,28,0.0008641975308641976,5.357142925262451,0.02631578947368421,0.8214285714285714
342,1,25,0,32400,270,0.008333333333333333,5.607407093048096,0.2532467532467532,1.3185185185185184
342,1,25,1,32400,122,0.003765432098765432,11.53278636932373,0.11538461538461539,1.2459016393442623
342,1,25,2,32400,122,0.003765432098765432,2.4672129154205322,0.0,1.4180327868852458
342,1,26,0,32400,199,0.006141975308641976,5.949748516082764,0.26296296296296295,1.0904522613065326
342,1,26,1,32400,152,0.004691358024691358,4.631579399108887,0.1721311475409836,1.2960526315789473
342,1,26,2,32400,69,0.0021296296296296298,3.333333730697632,0.11475409836065574,0.9855072463768116
342,1,27,0,32400,237,0.007314814814814815,7.434598445892334,0.3417085427135678,1.1898734177215189
342,1,27,1,32400,138,0.0042592592592592595,6.2028985023498535,0.21052631578947367,1.0289855072463767
342,1,27,2,32400,85,0.002623456790123457,13.788235664367676,0.37681159420289856,1.3058823529411765
342,1,28,0,32400,150,0.004629629629629629,5.626667022705078,0.379746835443038,0.8066666666666666
342,1,28,1,32400,155,0.004783950617283951,18.32903289794922,0.15217391304347827,1.0064516129032257
342,1,28,2,32400,95,0.002932098765432099,9.589473724365234,0.16470588235294117,1.0947368421052632
342,1,29,0,32400,146,0.004506172839506173,6.308218955993652,0.16666666666666666,0.7534246575342466
342,1,29,1,32400,142,0.004382716049382716,4.838027477264404,0.12903225806451613,1.204225352112676
342,1,29,2,32400,58,0.0017901234567901235,7.224137783050537,0.30526315789473685,1.2758620689655173
342,1,30,0,32400,86,0.002654320987654321,6.186046600341797,0.18493150684931506,0.6046511627906976
342,1,30,1,32400,289,0.008919753086419752,6.823530673980713,0.1619718309859155,1.3633217993079585
342,1,30,2,32400,29,0.0008950617283950618,25.448270797729492,0.08620689655172414,0.7931034482758621
342,1,31,0,32400,135,0.004166666666666667,9.503703117370605,0.1511627906976744,0.9111111111111111
342,1,31,1,32400,86,0.002654320987654321,11.872093200683594,0.2664359861591695,1.1511627906976745
342,1,31,2,32400,32,0.0009876543209876543,7.312500476837158,0.0,1.09375
342,1,32,0,32400,219,0.006759259259259259,6.949770927429199,0.31851851851851853,1.1187214611872147
342,1,32,1,32400,98,0.0030246913580246914,2.673469305038452,0.05813953488372093,1.2857142857142858
342,1,32,2,32400,57,0.0017592592592592592,8.035086631774902,0.0625,1.368421052631579
342,1,33,0,32400,150,0.004629629629629629,22.220001220703125,0.3059360730593607,0.8333333333333334
342,1,33,1,32400,27,0.0008333333333333334,10.962963104248047,0.07142857142857142,0.7407407407407407
342,1,33,2,32400,89,0.0027469135802469136,3.9887640476226807,0.03508771929824561,1.2584269662921348
342,1,34,0,32400,131,0.00404320987654321,15.893133163452148,0.42,0.916030534351145
342,1,34,1,32400,215,0.006635802469135803,3.0511627197265625,0.0,1.4
342,1,34,2,32400,51,0.001574074074074074,2.1960785388946533,0.0898876404494382,0.6862745098039216
342,1,35,0,32400,180,0.005555555555555556,5.938889026641846,0.22900763358778625,1.1722222222222223
342,1,35,1,32400,127,0.003919753086419753,20.62204933166504,0.2744186046511628,1.110236220472441
342,1,35,2,32400,29,0.0008950617283950618,1.8275861740112305,0.058823529411764705,0.9655172413793104
342,2,1,0,32400,229,0.007067901234567901,15.532750129699707,-1.0,1.1048034934497817
342,2,1,1,32400,80,0.0024691358024691358,2.575000047683716,-1.0,1.175
342,2,1,2,32400,38,0.0011728395061728395,8.947369575500488,-1.0,1.0526315789473684
342,2,2,0,32400,187,0.005771604938271605,10.887701034545898,0.3318777292576419,1.0
342,2,2,1,32400,112,0.0034567901234567903,3.357142925262451,0.0625,1.3571428571428572
342,2,2,2,32400,32,0.0009876543209876543,2.46875,0.0,1.0625
342,2,3,0,32400,166,0.0051234567901234564,42.710853576660156,0.27807486631016043,1.1626506024096386
342,2,3,1,32400,152,0.004691358024691358,3.25,0.13392857142857142,1.2236842105263157
342,2,3,2,32400,40,0.0012345679012345679,6.199999809265137,0.15625,0.75
342,2,4,0,32400,133,0.004104938271604938,7.052631855010986,0.12048192771084337,0.9473684210526315
342,2,4,1,32400,114,0.0035185185185185185,38.93859100341797,0.19736842105263158,0.9912280701754386
342,2,4,2,32400,32,0.0009876543209876543,1.59375,0.05,1.21875
342,2,5,0,32400,98,0.0030246913580246914,15.14285659790039,0.18045112781954886,0.9897959183673469
342,2,5,1,32400,17,0.0005246913580246914,7.058824062347412,0.06140350877192982,0.29411764705882354
342,2,5,2,32400,60,0.001851851851851852,2.500000238418579,0.03125,1.3333333333333333
342,2,6,0,32400,58,0.0017901234567901235,2.3275861740112305,0.20408163265306123,0.8620689655172413
342,2,6,1,32400,40,0.0012345679012345679,2.875,0.11764705882352941,0.875
342,2,6,2,32400,71,0.002191358024691358,2.1549296379089355,0.0,1.2253521126760563
342,2,7,0,32400,66,0.002037037037037037,1.9848484992980957,0.08620689655172414,0.803030303030303
342,2,7,1,32400,87,0.002685185185185185,2.9770114421844482,0.1,1.0114942528735633
342,2,7,2,32400,29,0.0008950617283950618,10.172414779663086,0.0,1.103448275862069
342,2,8,0,32400,81,0.0025,3.5061728954315186,0.07575757575757576,0.9629629629629629
342,2,8,1,32400,97,0.002993827160493827,5.381443023681641,0.14942528735632185,1.1443298969072164
342,2,8,2,32400,114,0.0035185185185185185,2.298245668411255,0.034482758620689655,1.4649122807017543
342,2,9,0,32400,79,0.0024382716049382715,6.240506649017334,0.06172839506172839,1.0379746835443038
342,2,9,1,32400,137,0.004228395061728395,2.5766422748565674,0.1134020618556701,1.4014598540145986
342,2,9,2,32400,22,0.0006790123456790123,2.1363637447357178,0.017543859649122806,1.1818181818181819
342,2,10,0,32400,65,0.002006172839506173,8.830770492553711,0.12658227848101267,0.8769230769230769
342,2,10,1,32400,149,0.004598765432098765,3.2147650718688965,0.2846715328467153,1.2953020134228188
342,2,10,2,32400,22,0.0006790123456790123,2.454545497894287,0.0,1.0454545454545454
342,2,11,0,32400,100,0.0030864197530864196,23.59999656677246,0.4153846153846154,0.91
342,2,11,1,32400,50,0.0015432098765432098,7.260001182556152,0.08053691275167785,1.12
342,2,11,2,32400,20,0.0006172839506172839,2.8500001430511475,0.0,1.35
342,2,12,0,32400,118,0.0036419753086419752,6.677966117858887,0.36,1.152542372881356
342,2,12,1,32400,115,0.0035493827160493828,3.6608693599700928,0.16,1.2347826086956522
342,2,12,2,32400,11,0.00033950617283950616,2.8181819915771484,0.0,0.45454545454545453
342,2,13,0,32400,45,0.001388888888888889,12.466667175292969,0.16101694915254236,0.6888888888888889
342,2,13,1,32400,120,0.003703703703703704,2.6083335876464844,0.08695652173913043,1.2583333333333333
342,2,13,2,32400,68,0.0020987654320987655,2.279411792755127,0.0,1.3676470588235294
342,2,14,0,32400,145,0.004475308641975309,5.544827461242676,0.3111111111111111,1.2551724137931035
342,2,14,1,32400,64,0.0019753086419753087,12.0625,0.08333333333333333,1.03125
342,2,14,2,32400,30,0.000925925925925926,2.3333334922790527,0.0,1.0333333333333334
342,2,15,0,32400,118,0.0036419753086419752,8.500000953674316,0.36551724137931035,1.194915254237288
342,2,15,1,32400,68,0.0020987654320987655,4.691176414489746,0.140625,1.0735294117647058
342,2,15,2,32400,58,0.0017901234567901235,3.103447914123535,0.03333333333333333,1.2586206896551724
342,2,16,0,32400,116,0.003580246913580247,4.232758522033691,0.2457627118644068,1.0086206896551724
342,2,16,1,32400,83,0.0025617283950617282,19.240964889526367,0.23529411764705882,1.0602409638554218
342,2,16,2,32400,63,0.0019444444444444444,2.3809525966644287,0.017241379310344827,1.253968253968254
342,2,17,0,32400,61,0.001882716049382716,33.737701416015625,0.28448275862068967,0.7540983606557377
342,2,17,1,32400,64,0.0019753086419753087,4.468750476837158,0.1927710843373494,1.125
342,2,17,2,32400,24,0.0007407407407407407,3.0833334922790527,0.031746031746031744,0.6666666666666666
342,2,18,0,32400,49,0.0015123456790123457,8.897958755493164,0.32786885245901637,0.9387755102040817
342,2,18,1,32400,177,0.005462962962962963,2.305084705352783,0.171875,1.310734463276836
342,2,18,2,32400,6,0.00018518518518518518,1.6666667461395264,0.041666666666666664,0.3333333333333333
342,2,19,0,32400,83,0.0025617283950617282,13.265059471130371,0.1836734693877551,1.3012048192771084
342,2,19,1,32400,84,0.0025925925925925925,7.25,0.21468926553672316,1.0357142857142858
342,2,19,2,32400,6,0.00018518518518518518,2.0,0.0,0.6666666666666666
342,2,20,0,32400,61,0.001882716049382716,1.8032785654067993,0.40963855421686746,1.1639344262295082
342,2,20,1,32400,105,0.0032407407407407406,2.866666793823242,0.07142857142857142,1.3333333333333333
342,2,20,2,32400,55,0.0016975308641975309,2.4727272987365723,0.0,1.0727272727272728
342,2,21,0,32400,63,0.0019444444444444444,9.079365730285645,0.13114754098360656,0.8412698412698413
342,2,21,1,32400,78,0.0024074074074074076,3.3589744567871094,0.26666666666666666,1.0384615384615385
342,2,21,2,32400,35,0.0010802469135802468,12.942856788635254,0.2,0.9428571428571428
342,2,22,0,32400,55,0.0016975308641975309,3.0363636016845703,0.1746031746031746,0.8363636363636363
342,2,22,1,32400,106,0.003271604938271605,4.207547664642334,0.05128205128205128,1.1320754716981132
342,2,22,2,32400,40,0.0012345679012345679,2.2250001430511475,0.14285714285714285,1.325
342,2,23,0,32400,113,0.003487654320987654,7.6814165115356445,0.18181818181818182,1.1592920353982301
342,2,23,1,32400,170,0.005246913580246914,2.9882352352142334,0.04716981132075472,1.3941176470588235
342,2,23,2,32400,31,0.0009567901234567902,19.74193572998047,0.525,1.2258064516129032
342,2,24,0,32400,106,0.003271604938271605,4.849056720733643,0.2743362831858407,0.8018867924528302
342,2,24,1,32400,128,0.003950617283950617,12.84375,0.08823529411764706,1.203125
342,2,24,2,32400,30,0.000925925925925926,1.8333333730697632,0.0967741935483871,1.1666666666666667
342,2,25,0,32400,93,0.0028703703703703703,10.290322303771973,0.12264150943396226,0.8387096774193549
342,2,25,1,32400,127,0.003919753086419753,3.039370059967041,0.078125,1.2755905511811023
342,2,25,2,32400,13,0.00040123456790123454,2.846153974533081,0.16666666666666666,0.6923076923076923
342,2,26,0,32400,137,0.004228395061728395,10.34306526184082,0.24731182795698925,1.094890510948905
342,2,26,1,32400,89,0.0027469135802469136,6.505618572235107,0.11811023622047244,1.2247191011235956
342,2,26,2,32400,17,0.0005246913580246914,3.3529412746429443,0.46153846153846156,0.5882352941176471
342,2,27,0,32400,139,0.004290123456790124,5.7482008934021,0.4306569343065693,1.1366906474820144
342,2,27,1,32400,180,0.005555555555555556,5.577777862548828,0.07865168539325842,1.3111111111111111
342,2,27,2,32400,8,0.0002469135802469136,98.37499237060547,0.23529411764705882,0.25
342,2,28,0,32400,78,0.0024074074074074076,11.833333969116211,0.09352517985611511,0.6410256410256411
342,2,28,1,32400,154,0.004753086419753087,8.623377799987793,0.28888888888888886,1.2467532467532467
342,2,28,2,32400,26,0.0008024691358024691,3.038461685180664,0.375,0.8076923076923077
342,2,29,0,32400,54,0.0016666666666666668,7.370369911193848,0.15384615384615385,0.7222222222222222
342,2,29,1,32400,197,0.006080246913580247,3.2335023880004883,0.2077922077922078,1.365482233502538
342,2,29,2,32400,56,0.0017283950617283952,10.821429252624512,0.07692307692307693,1.2321428571428572
342,2,30,0,32400,37,0.0011419753086419754,7.675675868988037,0.16666666666666666,0.24324324324324326
342,2,30,1,32400,192,0.005925925925925926,5.598958492279053,0.16243654822335024,1.28125
342,2,30,2,32400,29,0.0008950617283950618,1.3793103694915771,0.08928571428571429,1.206896551724138
342,2,31,0,32400,132,0.004074074074074074,11.840909004211426,0.3783783783783784,1.1590909090909092
342,2,31,1,32400,81,0.0025,35.061729431152344,0.23958333333333334,0.7530864197530864
342,2,31,2,32400,68,0.0020987654320987655,1.9117647409439087,0.0,1.3088235294117647
342,2,32,0,32400,101,0.003117283950617284,4.841584205627441,0.25757575757575757,0.9108910891089109
342,2,32,1,32400,99,0.0030555555555555557,2.7878787517547607,0.12345679012345678,1.1414141414141414
342,2,32,2,32400,69,0.0021296296296296298,2.144927501678467,0.0,1.391304347826087
342,2,33,0,32400,197,0.006080246913580247,5.213197708129883,0.36633663366336633,1.2893401015228427
342,2,33,1,32400,71,0.002191358024691358,7.126761436462402,0.25252525252525254,1.1126760563380282
342,2,33,2,32400,28,0.0008641975308641976,1.7500001192092896,0.028985507246376812,1.2857142857142858
342,2,34,0,32400,120,0.003703703703703704,23.75833511352539,0.2639593908629442,0.8166666666666667
342,2,34,1,32400,60,0.001851851851851852,5.516666889190674,0.16901408450704225,1.0
342,2,34,2,32400,45,0.001388888888888889,1.6666667461395264,0.0,1.1333333333333333
342,2,35,0,32400,208,0.006419753086419753,5.78365421295166,0.375,1.1730769230769231
342,2,35,1,32400,126,0.0038888888888888888,3.722222328186035,0.06666666666666667,1.2857142857142858
342,2,35,2,32400,8,0.0002469135802469136,15.124999046325684,0.08888888888888889,0.75
342,3,1,0,32400,146,0.004506172839506173,5.383561611175537,-1.0,0.8356164383561644
342,3,1,1,32400,59,0.0018209876543209876,7.322033882141113,-1.0,1.0
342,3,1,2,32400,51,0.001574074074074074,2.470588207244873,-1.0,0.9607843137254902
342,3,2,0,32400,141,0.0043518518518518515,6.177305221557617,0.2465753424657534,1.2127659574468086
342,3,2,1,32400,235,0.007253086419753086,3.4808509349823,0.06779661016949153,1.446808510638298
342,3,2,2,32400,94,0.0029012345679012346,2.2659573554992676,0.0196078431372549,1.4148936170212767
342,3,3,0,32400,168,0.005185185185185185,12.476192474365234,0.19148936170212766,1.0416666666666667
342,3,3,1,32400,132,0.004074074074074074,9.568182945251465,0.07234042553191489,1.121212121212121
342,3,3,2,32400,17,0.0005246913580246914,4.176470756530762,0.18085106382978725,0.6470588235294118
342,3,4,0,32400,166,0.0051234567901234564,17.614456176757812,0.38095238095238093,0.9156626506024096
342,3,4,1,32400,110,0.0033950617283950617,8.827271461486816,0.11363636363636363,1.1272727272727272
342,3,4,2,32400,69,0.0021296296296296298,3.3333334922790527,0.4117647058823529,1.0579710144927537
342,3,5,0,32400,137,0.004228395061728395,2.2481751441955566,0.20481927710843373,1.0
342,3,5,1,32400,75,0.0023148148148148147,6.74666690826416,0.06363636363636363,0.8933333333333333
342,3,5,2,32400,65,0.002006172839506173,2.3692307472229004,0.043478260869565216,1.1076923076923078
342,3,6,0,32400,107,0.0033024691358024692,7.2897186279296875,0.058394160583941604,1.0654205607476634
342,3,6,1,32400,59,0.0018209876543209876,6.864406108856201,0.08,1.0508474576271187
342,3,6,2,32400,23,0.0007098765432098765,3.17391300201416,0.07692307692307693,0.9565217391304348
342,3,7,0,32400,104,0.0032098765432098763,4.22115421295166,0.2803738317757009,1.0096153846153846
342,3,7,1,32400,147,0.004537037037037037,2.231292486190796,0.2542372881355932,1.3605442176870748
342,3,7,2,32400,66,0.002037037037037037,2.0,0.08695652173913043,1.303030303030303
342,3,8,0,32400,177,0.005462962962962963,9.395480155944824,0.08653846153846154,1.3898305084745763
342,3,8,1,32400,96,0.002962962962962963,27.197917938232422,0.19727891156462585,1.1041666666666667
342,3,8,2,32400,92,0.002839506172839506,4.739130973815918,0.030303030303030304,1.3804347826086956
342,3,9,0,32400,111,0.003425925925925926,37.684688568115234,0.1751412429378531,0.9369369369369369
342,3,9,1,32400,129,0.003981481481481482,2.534883737564087,0.16666666666666666,1.2868217054263567
342,3,9,2,32400,67,0.002067901234567901,2.1791043281555176,0.03260869565217391,1.2238805970149254
342,3,10,0,32400,205,0.006327160493827161,10.512195587158203,0.24324324324324326,1.2146341463414634
342,3,10,1,32400,151,0.004660493827160494,4.291390895843506,0.14728682170542637,1.2317880794701987
342,3,10,2,32400,85,0.002623456790123457,2.2352941036224365,0.014925373134328358,1.2588235294117647
342,3,11,0,32400,137,0.004228395061728395,7.978102207183838,0.16097560975609757,0.9927007299270073
342,3,11,1,32400,67,0.002067901234567901,21.343278884887695,0.1390728476821192,0.9253731343283582
342,3,11,2,32400,128,0.003950617283950617,4.390625,0.047058823529411764,1.3359375
342,3,12,0,32400,76,0.002345679012345679,16.842105865478516,0.2116788321167883,0.9736842105263158
342,3,12,1,32400,133,0.004104938271604938,2.135338306427002,0.11940298507462686,1.0827067669172932
342,3,12,2,32400,47,0.0014506172839506173,2.829787254333496,0.046875,0.9361702127659575
342,3,13,0,32400,73,0.0022530864197530865,7.164382457733154,0.32894736842105265,1.0136986301369864
342,3,13,1,32400,88,0.0027160493827160493,13.659092903137207,0.19548872180451127,1.1477272727272727
342,3,13,2,32400,17,0.0005246913580246914,2.1764705181121826,0.06382978723404255,0.8235294117647058
342,3,14,0,32400,112,0.0034567901234567903,8.116072654724121,0.3287671232876712,0.9553571428571429
342,3,14,1,32400,175,0.005401234567901234,4.234285831451416,0.19318181818181818,1.3257142857142856
342,3,14,2,32400,43,0.0013271604938271606,2.767441749572754,0.0,1.558139534883721
342,3,15,0,32400,128,0.003950617283950617,29.3828125,0.22321428571428573,1.03125
342,3,15,1,32400,135,0.004166666666666667,4.6370368003845215,0.21714285714285714,1.2814814814814814
342,3,15,2,32400,35,0.0010802469135802468,1.7714285850524902,0.13953488372093023,1.1428571428571428
342,3,16,0,32400,140,0.004320987654320987,10.585714340209961,0.328125,0.9071428571428571
342,3,16,1,32400,167,0.005154320987654321,3.0479042530059814,0.18518518518518517,1.035928143712575
342,3,16,2,32400,51,0.001574074074074074,2.6470589637756348,0.05714285714285714,1.2156862745098038
342,3,17,0,32400,108,0.0033333333333333335,40.91665267944336,0.37142857142857144,0.8703703703703703
342,3,17,1,32400,64,0.0019753086419753087,84.578125,0.16766467065868262,0.8125
342,3,17,2,32400,41,0.0012654320987654322,24.36585235595703,0.09803921568627451,1.024390243902439
342,3,18,0,32400,126,0.0038888888888888888,2.0714287757873535,0.25,0.8809523809523809
342,3,18,1,32400,95,0.002932098765432099,3.242105484008789,0.21875,1.2
342,3,18,2,32400,30,0.000925925925925926,4.8666672706604,0.024390243902439025,0.8333333333333334
342,3,19,0,32400,130,0.004012345679012346,8.176922798156738,0.16666666666666666,1.123076923076923
342,3,19,1,32400,193,0.00595679012345679,2.336787462234497,0.08421052631578947,1.2487046632124352
342,3,19,2,32400,69,0.0021296296296296298,6.086956024169922,0.06666666666666667,1.3768115942028984
342,3,20,0,32400,128,0.003950617283950617,4.53125,0.5,1.203125
342,3,20,1,32400,154,0.004753086419753087,8.915584564208984,0.10880829015544041,1.2727272727272727
342,3,20,2,32400,34,0.0010493827160493827,2.3235294818878174,0.043478260869565216,1.2647058823529411
342,3,21,0,32400,137,0.004228395061728395,31.175182342529297,0.203125,1.0437956204379562
342,3,21,1,32400,136,0.004197530864197531,19.316179275512695,0.2597402597402597,0.9485294117647058
342,3,21,2,32400,58,0.0017901234567901235,5.775862216949463,0.08823529411764706,1.1379310344827587
342,3,22,0,32400,134,0.004135802469135802,4.694029808044434,0.2773722627737226,0.7313432835820896
342,3,22,1,32400,56,0.0017283950617283952,6.375000476837158,0.18382352941176472,0.7857142857142857
342,3,22,2,32400,6,0.00018518518518518518,1.0,0.08620689655172414,0.16666666666666666
342,3,23,0,32400,82,0.0025308641975308644,4.085365295410156,0.06716417910447761,1.0731707317073171
342,3,23,1,32400,56,0.0017283950617283952,4.2142863273620605,0.05357142857142857,0.9642857142857143
342,3,23,2,32400,80,0.0024691358024691358,4.887500286102295,0.0,1.35
342,3,24,0,32400,112,0.0034567901234567903,5.669642925262451,0.10975609756097561,1.1875
342,3,24,1,32400,73,0.0022530864197530865,2.5342464447021484,0.03571428571428571,1.082191780821918
342,3,24,2,32400,16,0.0004938271604938272,19.1875,0.1125,0.8125
342,3,25,0,32400,65,0.002006172839506173,3.200000047683716,0.23214285714285715,0.9692307692307692
342,3,25,1,32400,181,0.00558641975308642,5.994475841522217,0.0684931506849315,1.4143646408839778
342,3,25,2,32400,93,0.0028703703703703703,2.9677419662475586,0.1875,1.3333333333333333
342,3,26,0,32400,98,0.0030246913580246914,15.979591369628906,0.2153846153846154,0.8571428571428571
342,3,26,1,32400,173,0.0053395061728395065,3.9942195415496826,0.2983425414364641,1.1502890173410405
342,3,26,2,32400,11,0.00033950617283950616,2.0,0.03225806451612903,0.5454545454545454
342,3,27,0,32400,134,0.004135802469135802,7.335821628570557,0.2857142857142857,1.126865671641791
342,3,27,1,32400,72,0.0022222222222222222,4.56944465637207,0.19653179190751446,0.8194444444444444
342,3,27,2,32400,28,0.0008641975308641976,1.9642858505249023,0.09090909090909091,0.9285714285714286
342,3,28,0,32400,123,0.0037962962962962963,11.479674339294434,0.23880597014925373,1.2520325203252032
342,3,28,1,32400,93,0.0028703703703703703,2.5376343727111816,0.041666666666666664,1.2150537634408602
342,3,28,2,32400,20,0.0006172839506172839,3.4000000953674316,0.03571428571428571,1.05
342,3,29,0,32400,189,0.005833333333333334,6.365079402923584,0.4634146341463415,1.433862433862434
342,3,29,1,32400,105,0.0032407407407407406,14.219046592712402,0.2903225806451613,1.1142857142857143
342,3,29,2,32400,16,0.0004938271604938272,2.0625,0.0,0.875
342,3,30,0,32400,106,0.003271604938271605,54.66981506347656,0.2804232804232804,0.8962264150943396
342,3,30,1,32400,161,0.004969135802469136,24.285720825195312,0.13333333333333333,1.3354037267080745
342,3,30,2,32400,98,0.0030246913580246914,2.27551007270813,0.0,1.2040816326530612
342,3,31,0,32400,276,0.008518518518518519,12.771738052368164,0.5566037735849056,1.25
342,3,31,1,32400,148,0.004567901234567902,3.168919086456299,0.16770186335403728,1.1689189189189189
342,3,31,2,32400,8,0.0002469135802469136,1.625,0.030612244897959183,0.75
342,3,32,0,32400,189,0.005833333333333334,6.148148059844971,0.35507246376811596,1.0793650793650793
342,3,32,1,32400,204,0.006296296296296296,18.5294132232666,0.25,1.411764705882353
342,3,32,2,32400,57,0.0017592592592592592,2.9473683834075928,0.0,0.9649122807017544
342,3,33,0,32400,184,0.005679012345679012,17.26630401611328,0.31216931216931215,0.9293478260869565
342,3,33,1,32400,142,0.004382716049382716,6.5,0.28431372549019607,1.1338028169014085
342,3,33,2,32400,22,0.0006790123456790123,2.6363637447357178,0.03508771929824561,1.0454545454545454
342,3,34,0,32400,281,0.00867283950617284,10.758007049560547,0.45652173913043476,1.1352313167259787
342,3,34,1,32400,101,0.003117283950617284,5.108911037445068,0.09859154929577464,1.0891089108910892
342,3,34,2,32400,10,0.00030864197530864197,1.5,0.13636363636363635,0.5
342,3,35,0,32400,406,0.012530864197530864,13.477831840515137,0.501779359430605,1.3571428571428572
342,3,35,1,32400,81,0.0025,3.185185194015503,0.13861386138613863,1.1728395061728396
342,3,35,2,32400,18,0.0005555555555555556,2.555555582046509,0.1,0.5
343,0,1,0,32400,178,0.005493827160493827,22.882022857666016,-1.0,1.1741573033707866
343,0,1,1,32400,101,0.003117283950617284,14.574256896972656,-1.0,1.2871287128712872
343,0,1,2,32400,58,0.0017901234567901235,1.5689655542373657,-1.0,1.4310344827586208
343,0,2,0,32400,202,0.006234567901234568,13.039605140686035,0.38764044943820225,1.0742574257425743
343,0,2,1,32400,94,0.0029012345679012346,2.340425491333008,0.18811881188118812,1.1382978723404256
343,0,2,2,32400,80,0.0024691358024691358,1.774999976158142,0.017241379310344827,1.2875
343,0,3,0,32400,188,0.005802469135802469,7.499999046325684,0.4801980198019802,0.9946808510638298
343,0,3,1,32400,33,0.0010185185185185184,3.8181819915771484,0.09574468085106383,1.0909090909090908
343,0,3,2,32400,46,0.001419753086419753,2.3913044929504395,0.0,1.326086956521739
343,0,4,0,32400,109,0.0033641975308641974,14.678898811340332,0.2393617021276596,0.8623853211009175
343,0,4,1,32400,155,0.004783950617283951,2.729032278060913,0.30303030303030304,1.264516129032258
343,0,4,2,32400,27,0.0008333333333333334,1.888888955116272,0.0,1.1481481481481481
343,0,5,0,32400,124,0.0038271604938271606,7.72580623626709,0.5045871559633027,1.1209677419354838
343,0,5,1,32400,120,0.003703703703703704,8.583333969116211,0.06451612903225806,1.125
343,0,5,2,32400,28,0.0008641975308641976,1.8571429252624512,0.0,1.0
343,0,6,0,32400,123,0.0037962962962962963,6.747966766357422,0.25806451612903225,1.1951219512195121
343,0,6,1,32400,81,0.0025,15.283950805664062,0.09166666666666666,1.1728395061728396
343,0,6,2,32400,19,0.0005864197530864197,4.0,0.10714285714285714,0.631578947368421
343,0,7,0,32400,152,0.004691358024691358,10.421052932739258,0.2764227642276423,1.0723684210526316
343,0,7,1,32400,87,0.002685185185185185,9.344828605651855,0.1728395061728395,1.1264367816091954
343,0,7,2,32400,78,0.0024074074074074076,2.115384578704834,0.0,1.3717948717948718
343,0,8,0,32400,163,0.005030864197530864,32.8343505859375,0.4342105263157895,1.3374233128834356
343,0,8,1,32400,48,0.0014814814814814814,15.645833969116211,0.16091954022988506,0.8958333333333334
343,0,8,2,32400,31,0.0009567901234567902,1.8387095928192139,0.0,0.6774193548387096
343,0,9,0,32400,154,0.004753086419753087,19.571428298950195,0.5214723926380368,1.12987012987013
343,0,9,1,32400,80,0.0024691358024691358,2.887500047683716,0.10416666666666667,1.2125
343,0,9,2,32400,31,0.0009567901234567902,1.9032257795333862,0.03225806451612903,1.1290322580645162
343,0,10,0,32400,224,0.006913580246913581,7.316964626312256,0.4025974025974026,1.2098214285714286
343,0,10,1,32400,169,0.005216049382716049,3.568047285079956,0.275,1.4437869822485208
343,0,10,2,32400,38,0.0011728395061728395,10.60526180267334,0.25806451612903225,1.131578947368421
343,0,11,0,32400,119,0.0036728395061728395,14.773110389709473,0.29017857142857145,0.7983193277310925
343,0,11,1,32400,158,0.004876543209876543,4.335443019866943,0.20710059171597633,1.1645569620253164
343,0,11,2,32400,70,0.0021604938271604936,3.171428680419922,0.18421052631578946,1.1571428571428573
343,0,12,0,32400,195,0.0060185185185185185,13.456412315368652,0.36134453781512604,1.041025641025641
343,0,12,1,32400,78,0.0024074074074074076,4.0,0.08227848101265822,1.064102564102564
343,0,12,2,32400,31,0.0009567901234567902,8.129032135009766,0.08571428571428572,0.5806451612903226
343,0,13,0,32400,81,0.0025,21.555553436279297,0.27692307692307694,0.7160493827160493
343,0,13,1,32400,53,0.0016358024691358025,2.207547187805176,0.0,1.0188679245283019
343,0,13,2,32400,70,0.0021604938271604936,3.4571428298950195,0.16129032258064516,1.1857142857142857
343,0,14,0,32400,86,0.002654320987654321,3.313953399658203,0.13580246913580246,1.1627906976744187
343,0,14,1,32400,234,0.007222222222222222,11.2606840133667,0.49056603773584906,1.329059829059829
343,0,14,2,32400,11,0.00033950617283950616,2.090909242630005,0.014285714285714285,0.6363636363636364
343,0,15,0,32400,119,0.0036728395061728395,12.43697738647461,0.046511627906976744,0.8319327731092437
343,0,15,1,32400,132,0.004074074074074074,7.287878513336182,0.2606837606837607,1.0
343,0,15,2,32400,30,0.000925925925925926,2.1000001430511475,0.0,1.2666666666666666
343,0,16,0,32400,165,0.005092592592592593,12.951515197753906,0.4369747899159664,1.284848484848485
343,0,16,1,32400,60,0.001851851851851852,4.816667079925537,0.06818181818181818,1.0166666666666666
343,0,16,2,32400,20,0.0006172839506172839,9.899999618530273,0.06666666666666667,0.7
343,0,17,0,32400,221,0.006820987654320988,5.520362377166748,0.6666666666666666,1.2941176470588236
343,0,17,1,32400,105,0.0032407407407407406,4.114285945892334,0.06666666666666667,1.3142857142857143
343,0,17,2,32400,32,0.0009876543209876543,1.40625,0.1,1.03125
343,0,18,0,32400,154,0.004753086419753087,20.05194854736328,0.3393665158371041,1.1233766233766234
343,0,18,1,32400,95,0.002932098765432099,11.33684253692627,0.1619047619047619,1.105263157894737
343,0,18,2,32400,41,0.0012654320987654322,2.951219320297241,0.0,1.170731707317073
343,0,19,0,32400,56,0.0017283950617283952,23.928577423095703,0.17532467532467533,0.5
343,0,19,1,32400,183,0.005648148148148148,5.377048969268799,0.29473684210526313,1.2295081967213115
343,0,19,2,32400,28,0.0008641975308641976,3.250000238418579,0.0,1.1785714285714286
343,0,20,0,32400,213,0.006574074074074074,10.948356628417969,0.4107142857142857,1.3708920187793427
343,0,20,1,32400,211,0.006512345679012346,10.341232299804688,0.15300546448087432,1.2654028436018958
343,0,20,2,32400,46,0.001419753086419753,2.6521739959716797,0.03571428571428571,1.2826086956521738
343,0,21,0,32400,197,0.006080246913580247,14.157361030578613,0.4788732394366197,1.101522842639594
343,0,21,1,32400,148,0.004567901234567902,4.391891956329346,0.13270142180094788,1.2905405405405406
343,0,21,2,32400,59,0.0018209876543209876,2.542372941970825,0.021739130434782608,1.3559322033898304
343,0,22,0,32400,197,0.006080246913580247,10.324873924255371,0.3147208121827411,0.9390862944162437
343,0,22,1,32400,128,0.003950617283950617,6.2890625,0.30405405405405406,1.3515625
343,0,22,2,32400,49,0.0015123456790123457,17.897958755493164,0.0847457627118644,0.9387755102040817
343,0,23,0,32400,153,0.004722222222222222,11.215686798095703,0.12690355329949238,0.9803921568627451
343,0,23,1,32400,88,0.0027160493827160493,8.75,0.1796875,0.9886363636363636
343,0,23,2,32400,57,0.0017592592592592592,4.140350818634033,0.08163265306122448,1.087719298245614
343,0,24,0,32400,41,0.0012654320987654322,11.07317066192627,0.09803921568627451,0.6585365853658537
343,0,24,1,32400,53,0.0016358024691358025,2.1886792182922363,0.07954545454545454,1.169811320754717
343,0,24,2,32400,37,0.0011419753086419754,2.027027130126953,0.017543859649122806,1.054054054054054
343,0,25,0,32400,28,0.0008641975308641976,1.8928571939468384,0.0975609756097561,0.4642857142857143
343,0,25,1,32400,105,0.0032407407407407406,6.161905765533447,0.11320754716981132,1.161904761904762
343,0,25,2,32400,13,0.00040123456790123454,5.384615421295166,0.02702702702702703,1.0
343,0,26,0,32400,30,0.000925925925925926,3.3000001907348633,0.10714285714285714,0.5333333333333333
343,0,26,1,32400,137,0.004228395061728395,4.788321018218994,0.06666666666666667,1.2481751824817517
343,0,26,2,32400,36,0.0011111111111111111,1.7222222089767456,0.07692307692307693,1.0833333333333333
343,0,27,0,32400,28,0.0008641975308641976,2.2142858505249023,0.06666666666666667,0.4642857142857143
343,0,27,1,32400,178,0.005493827160493827,55.73033905029297,0.2773722627737226,1.1685393258426966
343,0,27,2,32400,29,0.0008950617283950618,1.655172348022461,0.0,1.206896551724138
343,0,28,0,32400,166,0.0051234567901234564,3.7289154529571533,0.14285714285714285,1.3072289156626506
343,0,28,1,32400,183,0.005648148148148148,3.251366138458252,0.2247191011235955,1.2950819672131149
343,0,28,2,32400,55,0.0016975308641975309,5.363636016845703,0.0,1.2545454545454546
343,0,29,0,32400,177,0.005462962962962963,3.327683687210083,0.21686746987951808,1.0621468926553672
343,0,29,1,32400,152,0.004691358024691358,12.861842155456543,0.2677595628415301,1.138157894736842
343,0,29,2,32400,18,0.0005555555555555556,2.055555582046509,0.03636363636363636,0.5555555555555556
343,0,30,0,32400,79,0.0024382716049382715,5.936708927154541,0.1751412429378531,0.6708860759493671
343,0,30,1,32400,48,0.0014814814814814814,8.916667938232422,0.13157894736842105,0.7916666666666666
343,0,30,2,32400,57,0.0017592592592592592,1.8771929740905762,0.0,1.1754385964912282
343,0,31,0,32400,34,0.0010493827160493827,5.82352876663208,0.10126582278481013,0.8529411764705882
343,0,31,1,32400,183,0.005648148148148148,2.9836065769195557,0.1875,1.4153005464480874
343,0,31,2,32400,21,0.0006481481481481481,2.4285714626312256,0.017543859649122806,0.9523809523809523
343,0,32,0,32400,130,0.004012345679012346,5.492307662963867,0.08823529411764706,1.2538461538461538
343,0,32,1,32400,131,0.00404320987654321,4.259541988372803,0.18032786885245902,1.16793893129771
343,0,32,2,32400,6,0.00018518518518518518,2.5,0.0,0.6666666666666666
343,0,33,0,32400,109,0.0033641975308641974,4.47706413269043,0.16153846153846155,1.091743119266055
343,0,33,1,32400,216,0.006666666666666667,24.72222328186035,0.17557251908396945,1.2175925925925926
343,0,33,2,32400,70,0.0021604938271604936,21.242855072021484,0.0,1.1857142857142857
343,0,34,0,32400,124,0.0038271604938271606,17.580644607543945,0.13761467889908258,1.0
343,0,34,1,32400,45,0.001388888888888889,5.333333492279053,0.1574074074074074,0.7333333333333333
343,0,34,2,32400,83,0.0025617283950617282,3.927710771560669,0.11428571428571428,1.1566265060240963
343,0,35,0,32400,148,0.004567901234567902,6.743243217468262,0.1532258064516129,1.1824324324324325
343,0,35,1,32400,68,0.0020987654320987655,10.0,0.13333333333333333,1.1029411764705883
343,0,35,2,32400,8,0.0002469135802469136,1.5,0.012048192771084338,0.75
343,1,1,0,32400,308,0.009506172839506173,9.551947593688965,-1.0,1.2305194805194806
343,1,1,1,32400,112,0.0034567901234567903,2.5714287757873535,-1.0,1.1428571428571428
343,1,1,2,32400,16,0.0004938271604938272,2.4375,-1.0,0.1875
343,1,2,0,32400,305,0.009413580246913581,8.422950744628906,0.5616883116883117,1.180327868852459
343,1,2,1,32400,127,0.003919753086419753,4.094488143920898,0.08035714285714286,1.2125984251968505
343,1,2,2,32400,17,0.0005246913580246914,31.82353401184082,0.0,0.35294117647058826
343,1,3,0,32400,278,0.008580246913580248,11.276978492736816,0.42295081967213116,1.0287769784172662
343,1,3,1,32400,192,0.005925925925925926,5.192708492279053,0.3779527559055118,1.140625
343,1,3,2,32400,33,0.0010185185185185184,1.8181818723678589,0.29411764705882354,1.0606060606060606
343,1,4,0,32400,188,0.005802469135802469,16.54787254333496,0.3129496402877698,0.9095744680851063
343,1,4,1,32400,164,0.005061728395061729,8.62804889678955,0.17708333333333334,1.2560975609756098
343,1,4,2,32400,71,0.002191358024691358,1.8873238563537598,0.0,1.2112676056338028
343,1,5,0,32400,193,0.00595679012345679,13.072537422180176,0.425531914893617,1.0259067357512954
343,1,5,1,32400,86,0.002654320987654321,12.709301948547363,0.21341463414634146,0.9651162790697675
343,1,5,2,32400,37,0.0011419753086419754,1.9189189672470093,0.04225352112676056,1.2162162162162162
343,1,6,0,32400,230,0.0070987654320987656,5.813043117523193,0.21761658031088082,1.2130434782608697
343,1,6,1,32400,76,0.002345679012345679,6.3815789222717285,0.11627906976744186,1.236842105263158
343,1,6,2,32400,57,0.0017592592592592592,4.438596248626709,0.02702702702702703,1.1403508771929824
343,1,7,0,32400,155,0.004783950617283951,5.8516130447387695,0.1782608695652174,0.9419354838709677
343,1,7,1,32400,124,0.0038271604938271606,2.2903225421905518,0.05263157894736842,1.2903225806451613
343,1,7,2,32400,51,0.001574074074074074,1.8823530673980713,0.12280701754385964,1.0784313725490196
343,1,8,0,32400,45,0.001388888888888889,7.288888454437256,0.04516129032258064,0.3333333333333333
343,1,8,1,32400,115,0.0035493827160493828,9.643477439880371,0.1532258064516129,1.1130434782608696
343,1,8,2,32400,70,0.0021604938271604936,5.0714287757873535,0.0392156862745098,1.2714285714285714
343,1,9,0,32400,132,0.004074074074074074,10.727273941040039,0.08888888888888889,1.0833333333333333
343,1,9,1,32400,70,0.0021604938271604936,24.91428565979004,0.08695652173913043,1.0142857142857142
343,1,9,2,32400,43,0.0013271604938271606,6.953486919403076,0.32857142857142857,0.6976744186046512
343,1,10,0,32400,107,0.0033024691358024692,14.233642578125,0.1893939393939394,1.0093457943925233
343,1,10,1,32400,181,0.00558641975308642,11.563536643981934,0.2857142857142857,1.2044198895027625
343,1,10,2,32400,51,0.001574074074074074,12.901963233947754,0.20930232558139536,0.9803921568627451
343,1,11,0,32400,80,0.0024691358024691358,10.225000381469727,0.12149532710280374,0.7375
343,1,11,1,32400,82,0.0025308641975308644,3.2560975551605225,0.13259668508287292,1.1951219512195121
343,1,11,2,32400,68,0.0020987654320987655,2.838235378265381,0.17647058823529413,1.1911764705882353
343,1,12,0,32400,62,0.0019135802469135803,2.7903225421905518,0.025,1.2096774193548387
343,1,12,1,32400,119,0.0036728395061728395,13.277311325073242,0.24390243902439024,1.1092436974789917
343,1,12,2,32400,28,0.0008641975308641976,2.2142858505249023,0.1323529411764706,0.75
343,1,13,0,32400,88,0.0027160493827160493,9.75,0.3870967741935484,1.0
343,1,13,1,32400,150,0.004629629629629629,4.77333402633667,0.10084033613445378,1.32
343,1,13,2,32400,23,0.0007098765432098765,2.4782609939575195,0.0,1.173913043478261
343,1,14,0,32400,92,0.002839506172839506,7.206521987915039,0.4431818181818182,0.967391304347826
343,1,14,1,32400,84,0.0025925925925925925,3.952381134033203,0.08666666666666667,1.0714285714285714
343,1,14,2,32400,47,0.0014506172839506173,5.255319118499756,0.13043478260869565,1.2340425531914894
343,1,15,0,32400,50,0.0015432098765432098,3.4800000190734863,0.18478260869565216,0.54
343,1,15,1,32400,164,0.005061728395061729,5.707316875457764,0.19047619047619047,1.4024390243902438
343,1,15,2,32400,11,0.00033950617283950616,1.3636363744735718,0.02127659574468085,1.0
343,1,16,0,32400,147,0.004537037037037037,5.993197441101074,0.16,1.1224489795918366
343,1,16,1,32400,173,0.0053395061728395065,5.277456283569336,0.2621951219512195,1.3352601156069364
343,1,16,2,32400,51,0.001574074074074074,2.372549057006836,0.0,1.2549019607843137
343,1,17,0,32400,62,0.0019135802469135803,11.741935729980469,0.10884353741496598,0.5967741935483871
343,1,17,1,32400,105,0.0032407407407407406,4.333333492279053,0.12716763005780346,1.3523809523809525
343,1,17,2,32400,30,0.000925925925925926,2.866666793823242,0.058823529411764705,0.9333333333333333
343,1,18,0,32400,65,0.002006172839506173,10.15384578704834,0.24193548387096775,0.8
343,1,18,1,32400,202,0.006234567901234568,3.381188154220581,0.44761904761904764,1.4306930693069306
343,1,18,2,32400,24,0.0007407407407407407,1.8333333730697632,0.06666666666666667,0.875
343,1,19,0,32400,52,0.0016049382716049382,10.576923370361328,0.2923076923076923,0.7115384615384616
343,1,19,1,32400,127,0.003919753086419753,14.724409103393555,0.20297029702970298,0.984251968503937
343,1,19,2,32400,7,0.0002160493827160494,3.4285717010498047,0.0,0.14285714285714285
343,1,20,0,32400,106,0.003271604938271605,4.245283126831055,0.23076923076923078,0.9528301886792453
343,1,20,1,32400,26,0.0008024691358024691,3.42307710647583,0.11023622047244094,0.46153846153846156
343,1,20,2,32400,1,3.08641975308642e-05,1.0,0.0,0.0
343,1,21,0,32400,77,0.0023765432098765433,5.246752738952637,0.14150943396226415,1.2987012987012987
343,1,21,1,32400,73,0.0022530864197530865,2.520547866821289,0.07692307692307693,1.2054794520547945
343,1,21,2,32400,26,0.0008024691358024691,2.384615421295166,0.0,1.2692307692307692
343,1,22,0,32400,36,0.0011111111111111111,15.277775764465332,0.15584415584415584,0.75
343,1,22,1,32400,67,0.002067901234567901,32.88059616088867,0.3150684931506849,1.2537313432835822
343,1,22,2,32400,48,0.0014814814814814814,2.9583334922790527,0.07692307692307693,1.375
343,1,23,0,32400,103,0.0031790123456790125,10.73786449432373,0.3611111111111111,1.116504854368932
343,1,23,1,32400,129,0.003981481481481482,2.736433982849121,0.19402985074626866,1.186046511627907
343,1,23,2,32400,68,0.0020987654320987655,2.558823585510254,0.22916666666666666,1.0735294117647058
343,1,24,0,32400,98,0.0030246913580246914,6.846938610076904,0.22330097087378642,0.9387755102040817
343,1,24,1,32400,129,0.003981481481481482,3.3178293704986572,0.14728682170542637,1.0852713178294573
343,1,24,2,32400,20,0.0006172839506172839,2.1500000953674316,0.0,0.95
343,1,25,0,32400,130,0.004012345679012346,8.70769214630127,0.30612244897959184,1.123076923076923
343,1,25,1,32400,85,0.002623456790123457,5.717647075653076,0.10852713178294573,1.188235294117647
343,1,25,2,32400,36,0.0011111111111111111,2.3888888359069824,0.05,1.0
343,1,26,0,32400,110,0.0033950617283950617,14.954545974731445,0.27692307692307694,0.9727272727272728
343,1,26,1,32400,42,0.0012962962962962963,17.499998092651367,0.16470588235294117,0.9285714285714286
343,1,26,2,32400,33,0.0010185185185185184,3.1212122440338135,0.05555555555555555,1.0909090909090908
343,1,27,0,32400,73,0.0022530864197530865,16.24657440185547,0.24545454545454545,0.726027397260274
343,1,27,1,32400,69,0.0021296296296296298,2.405797243118286,0.07142857142857142,0.9565217391304348
343,1,27,2,32400,33,0.0010185185185185184,3.21212100982666,0.06060606060606061,0.9696969696969697
343,1,28,0,32400,16,0.0004938271604938272,7.0625,0.1506849315068493,0.3125
343,1,28,1,32400,79,0.0024382716049382715,8.303797721862793,0.057971014492753624,1.1012658227848102
343,1,28,2,32400,11,0.00033950617283950616,2.090909242630005,0.0,1.0909090909090908
343,1,29,0,32400,46,0.001419753086419753,5.67391300201416,0.125,0.8695652173913043
343,1,29,1,32400,92,0.002839506172839506,4.891304016113281,0.0759493670886076,1.076086956521739
343,1,29,2,32400,56,0.0017283950617283952,2.5892858505249023,0.0,1.375
343,1,30,0,32400,166,0.0051234567901234564,7.114457607269287,0.2608695652173913,1.2108433734939759
343,1,30,1,32400,126,0.0038888888888888888,12.174604415893555,0.09782608695652174,1.2142857142857142
343,1,30,2,32400,21,0.0006481481481481481,6.5714287757873535,0.08928571428571429,0.9047619047619048
343,1,31,0,32400,72,0.0022222222222222222,17.27777671813965,0.16265060240963855,0.8611111111111112
343,1,31,1,32400,148,0.004567901234567902,10.628379821777344,0.24603174603174602,1.0810810810810811
343,1,31,2,32400,43,0.0013271604938271606,1.7674418687820435,0.19047619047619047,0.813953488372093
343,1,32,0,32400,210,0.006481481481481481,6.319047451019287,0.20833333333333334,1.2428571428571429
343,1,32,1,32400,109,0.0033641975308641974,2.853210926055908,0.12837837837837837,1.091743119266055
343,1,32,2,32400,85,0.002623456790123457,1.988235354423523,0.06976744186046512,1.3176470588235294
343,1,33,0,32400,159,0.004907407407407407,17.295597076416016,0.47619047619047616,1.1320754716981132
343,1,33,1,32400,105,0.0032407407407407406,4.971428871154785,0.06422018348623854,1.1714285714285715
343,1,33,2,32400,34,0.0010493827160493827,5.117647171020508,0.058823529411764705,1.0
343,1,34,0,32400,134,0.004135802469135802,4.798507213592529,0.22641509433962265,1.0149253731343284
343,1,34,1,32400,119,0.0036728395061728395,3.033613681793213,0.047619047619047616,1.3109243697478992
343,1,34,2,32400,27,0.0008333333333333334,8.074074745178223,0.17647058823529413,0.8148148148148148
343,1,35,0,32400,85,0.002623456790123457,1.5058823823928833,0.1865671641791045,1.011764705882353
343,1,35,1,32400,91,0.002808641975308642,26.285709381103516,0.35294117647058826,1.164835164835165
343,1,35,2,32400,35,0.0010802469135802468,3.857142448425293,0.07407407407407407,0.8285714285714286
343,2,1,0,32400,115,0.0035493827160493828,3.078260660171509,-1.0,0.7739130434782608
343,2,1,1,32400,30,0.000925925925925926,5.0333333015441895,-1.0,0.8333333333333334
343,2,1,2,32400,13,0.00040123456790123454,3.0,-1.0,0.15384615384615385
343,2,2,0,32400,51,0.001574074074074074,13.725491523742676,0.08695652173913043,0.7254901960784313
343,2,2,1,32400,34,0.0010493827160493827,3.2941176891326904,0.0,1.0294117647058822
343,2,2,2,32400,28,0.0008641975308641976,1.6071429252624512,0.0,0.8928571428571429
343,2,3,0,32400,25,0.0007716049382716049,12.719999313354492,0.2549019607843137,0.44
343,2,3,1,32400,119,0.0036728395061728395,2.5966386795043945,0.029411764705882353,1.1428571428571428
343,2,3,2,32400,31,0.0009567901234567902,6.290322303771973,0.03571428571428571,0.6774193548387096
343,2,4,0,32400,25,0.0007716049382716049,9.720001220703125,0.16,0.84
343,2,4,1,32400,71,0.002191358024691358,3.3521125316619873,0.12605042016806722,0.9859154929577465
343,2,4,2,32400,7,0.0002160493827160494,1.4285714626312256,0.0,0.42857142857142855
343,2,5,0,32400,61,0.001882716049382716,18.999998092651367,0.12,0.9344262295081968
343,2,5,1,32400,128,0.003950617283950617,4.328125,0.14084507042253522,1.1796875
343,2,5,2,32400,15,0.000462962962962963,1.8666667938232422,0.0,0.6
343,2,6,0,32400,106,0.003271604938271605,5.641509532928467,0.04918032786885246,1.3113207547169812
343,2,6,1,32400,76,0.002345679012345679,9.1578950881958,0.2734375,1.013157894736842
343,2,6,2,32400,27,0.0008333333333333334,2.1481480598449707,0.0,1.2592592592592593
343,2,7,0,32400,138,0.0042592592592592595,17.956520080566406,0.330188679245283,1.1666666666666667
343,2,7,1,32400,151,0.004660493827160494,8.56291389465332,0.25,1.2317880794701987
343,2,7,2,32400,59,0.0018209876543209876,7.457627296447754,0.37037037037037035,1.305084745762712
343,2,8,0,32400,261,0.008055555555555555,11.659004211425781,0.463768115942029,1.2567049808429118
343,2,8,1,32400,116,0.003580246913580247,25.620689392089844,0.271523178807947,0.9655172413793104
343,2,8,2,32400,29,0.0008950617283950618,1.862069010734558,0.01694915254237288,1.1724137931034482
343,2,9,0,32400,215,0.006635802469135803,18.697673797607422,0.38697318007662834,1.1906976744186046
343,2,9,1,32400,75,0.0023148148148148147,8.826666831970215,0.07758620689655173,0.96
343,2,9,2,32400,38,0.0011728395061728395,2.026315689086914,0.0,1.236842105263158
343,2,10,0,32400,181,0.00558641975308642,8.801106452941895,0.3302325581395349,1.0497237569060773
343,2,10,1,32400,120,0.003703703703703704,2.9666669368743896,0.05333333333333334,1.275
343,2,10,2,32400,17,0.0005246913580246914,1.7058823108673096,0.02631578947368421,0.7058823529411765
343,2,11,0,32400,131,0.00404320987654321,3.1679389476776123,0.10497237569060773,0.9923664122137404
343,2,11,1,32400,110,0.0033950617283950617,16.963634490966797,0.2,1.1181818181818182
343,2,11,2,32400,20,0.0006172839506172839,2.3500001430511475,0.0,1.15
343,2,12,0,32400,29,0.0008950617283950618,4.448276042938232,0.08396946564885496,0.4482758620689655
343,2,12,1,32400,89,0.0027469135802469136,4.123595714569092,0.10909090909090909,1.1685393258426966
343,2,12,2,32400,18,0.0005555555555555556,2.1666667461395264,0.05,0.8888888888888888
343,2,13,0,32400,86,0.002654320987654321,1.8720929622650146,0.10344827586206896,1.058139534883721
343,2,13,1,32400,19,0.0005864197530864197,2.9473683834075928,0.14606741573033707,0.47368421052631576
343,2,13,2,32400,116,0.003580246913580247,6.663793087005615,0.05555555555555555,1.3189655172413792
343,2,14,0,32400,123,0.0037962962962962963,2.203251838684082,0.10465116279069768,1.1219512195121952
343,2,14,1,32400,96,0.002962962962962963,2.8333334922790527,0.0,1.21875
343,2,14,2,32400,115,0.0035493827160493828,2.5565216541290283,0.10344827586206896,1.4260869565217391
343,2,15,0,32400,153,0.004722222222222222,4.267973899841309,0.15447154471544716,1.3071895424836601
343,2,15,1,32400,63,0.0019444444444444444,3.4285717010498047,0.13541666666666666,0.746031746031746
343,2,15,2,32400,72,0.0022222222222222222,3.4861111640930176,0.06086956521739131,1.0833333333333333
343,2,16,0,32400,109,0.0033641975308641974,7.779816150665283,0.16993464052287582,0.981651376146789
343,2,16,1,32400,85,0.002623456790123457,8.600000381469727,0.06349206349206349,1.0823529411764705
343,2,16,2,32400,52,0.0016049382716049382,3.615384817123413,0.2222222222222222,1.4230769230769231
343,2,17,0,32400,73,0.0022530864197530865,4.219178199768066,0.11009174311926606,0.9452054794520548
343,2,17,1,32400,62,0.0019135802469135803,3.935483694076538,0.12941176470588237,1.1612903225806452
343,2,17,2,32400,13,0.00040123456790123454,2.153846263885498,0.07692307692307693,0.23076923076923078
343,2,18,0,32400,96,0.002962962962962963,8.677083969116211,0.2602739726027397,0.96875
343,2,18,1,32400,52,0.0016049382716049382,2.615384817123413,0.1935483870967742,1.0576923076923077
343,2,18,2,32400,89,0.0027469135802469136,1.764045000076294,0.0,1.2134831460674158
343,2,19,0,32400,84,0.0025925925925925925,3.202380895614624,0.125,1.1666666666666667
343,2,19,1,32400,120,0.003703703703703704,2.5916666984558105,0.019230769230769232,1.15
343,2,19,2,32400,21,0.0006481481481481481,2.0,0.0,1.4761904761904763
343,2,20,0,32400,90,0.002777777777777778,4.144444465637207,0.03571428571428571,1.1333333333333333
343,2,20,1,32400,87,0.002685185185185185,7.160919666290283,0.041666666666666664,1.0
343,2,20,2,32400,9,0.0002777777777777778,1.4444444179534912,0.0,1.0
343,2,21,0,32400,66,0.002037037037037037,19.636363983154297,0.2222222222222222,1.0454545454545454
343,2,21,1,32400,133,0.004104938271604938,3.345864772796631,0.1839080459770115,1.1879699248120301
343,2,21,2,32400,19,0.0005864197530864197,1.7894736528396606,0.0,1.263157894736842
343,2,22,0,32400,58,0.0017901234567901235,5.362069129943848,0.18181818181818182,0.7931034482758621
343,2,22,1,32400,141,0.0043518518518518515,3.659574270248413,0.06766917293233082,1.198581560283688
343,2,22,2,32400,50,0.0015432098765432098,1.5399999618530273,0.0,1.46
343,2,23,0,32400,37,0.0011419753086419754,3.8108108043670654,0.1724137931034483,0.8108108108108109
343,2,23,1,32400,251,0.007746913580246913,5.159362316131592,0.11347517730496454,1.406374501992032
343,2,23,2,32400,105,0.0032407407407407406,6.714285850524902,0.0,1.4095238095238096
343,2,24,0,32400,94,0.0029012345679012346,8.659574508666992,0.13513513513513514,0.6595744680851063
343,2,24,1,32400,155,0.004783950617283951,5.3741936683654785,0.19123505976095617,1.2451612903225806
343,2,24,2,32400,24,0.0007407407407407407,1.4583333730697632,0.10476190476190476,0.75
343,2,25,0,32400,154,0.004753086419753087,6.909090995788574,0.20212765957446807,1.1363636363636365
343,2,25,1,32400,129,0.003981481481481482,16.61240577697754,0.4064516129032258,1.317829457364341
343,2,25,2,32400,72,0.0022222222222222222,14.63888931274414,0.125,1.125
343,2,26,0,32400,196,0.006049382716049383,9.785714149475098,0.33766233766233766,0.9744897959183674
343,2,26,1,32400,187,0.005771604938271605,4.122994899749756,0.2868217054263566,1.3368983957219251
343,2,26,2,32400,26,0.0008024691358024691,2.0,0.1527777777777778,0.6923076923076923
343,2,27,0,32400,173,0.0053395061728395065,15.283236503601074,0.3469387755102041,1.046242774566474
343,2,27,1,32400,143,0.00441358024691358,13.405593872070312,0.22994652406417113,1.1538461538461537
343,2,27,2,32400,81,0.0025,3.0740740299224854,0.07692307692307693,1.382716049382716
343,2,28,0,32400,189,0.005833333333333334,8.97354507446289,0.3468208092485549,1.0211640211640212
343,2,28,1,32400,77,0.0023765432098765433,4.051948070526123,0.21678321678321677,0.961038961038961
343,2,28,2,32400,69,0.0021296296296296298,3.2173914909362793,0.024691358024691357,1.0579710144927537
343,2,29,0,32400,118,0.0036419753086419752,20.415252685546875,0.3492063492063492,0.9915254237288136
343,2,29,1,32400,52,0.0016049382716049382,5.84615421295166,0.14285714285714285,1.0
343,2,29,2,32400,82,0.0025308641975308644,3.0731706619262695,0.14492753623188406,0.926829268292683
343,2,30,0,32400,65,0.002006172839506173,16.830768585205078,0.11864406779661017,0.5230769230769231
343,2,30,1,32400,142,0.004382716049382716,3.619718313217163,0.09615384615384616,1.1830985915492958
343,2,30,2,32400,103,0.0031790123456790125,6.038835048675537,0.35365853658536583,1.1067961165048543
343,2,31,0,32400,58,0.0017901234567901235,8.086206436157227,0.18461538461538463,0.5689655172413793
343,2,31,1,32400,159,0.004907407407407407,15.616352081298828,0.31690140845070425,1.2641509433962264
343,2,31,2,32400,37,0.0011419753086419754,12.594594955444336,0.22330097087378642,0.6756756756756757
343,2,32,0,32400,152,0.004691358024691358,12.36842155456543,0.2413793103448276,1.0789473684210527
343,2,32,1,32400,311,0.009598765432098765,3.1832797527313232,0.27044025157232704,1.3215434083601285
343,2,32,2,32400,49,0.0015123456790123457,1.6938774585723877,0.0,1.346938775510204
343,2,33,0,32400,135,0.004166666666666667,8.800000190734863,0.3618421052631579,1.1111111111111112
343,2,33,1,32400,199,0.006141975308641976,3.396984815597534,0.10289389067524116,1.1557788944723617
343,2,33,2,32400,65,0.002006172839506173,2.153846263885498,0.02040816326530612,1.3846153846153846
343,2,34,0,32400,132,0.004074074074074074,2.8106062412261963,0.25925925925925924,0.9015151515151515
343,2,34,1,32400,46,0.001419753086419753,1.8260869979858398,0.135678391959799,0.8478260869565217
343,2,34,2,32400,33,0.0010185185185185184,7.545454978942871,0.12307692307692308,0.9090909090909091
343,2,35,0,32400,88,0.0027160493827160493,9.852273941040039,0.09090909090909091,1.2159090909090908
343,2,35,1,32400,48,0.0014814814814814814,3.1041667461395264,0.021739130434782608,1.2083333333333333
343,2,35,2,32400,33,0.0010185185185185184,2.454545497894287,0.030303030303030304,1.121212121212121
343,3,1,0,32400,147,0.004537037037037037,30.761903762817383,-1.0,1.0204081632653061
343,3,1,1,32400,68,0.0020987654320987655,2.75,-1.0,0.9117647058823529
343,3,1,2,32400,51,0.001574074074074074,4.039216041564941,-1.0,0.6666666666666666
343,3,2,0,32400,71,0.002191358024691358,19.704225540161133,0.25170068027210885,0.8169014084507042
343,3,2,1,32400,111,0.003425925925925926,3.1621623039245605,0.08823529411764706,1.1531531531531531
343,3,2,2,32400,50,0.0015432098765432098,2.419999837875366,0.09803921568627451,0.94
343,3,3,0,32400,95,0.002932098765432099,7.589473247528076,0.30985915492957744,1.231578947368421
343,3,3,1,32400,182,0.005617283950617284,9.7362642288208,0.2072072072072072,1.3186813186813187
343,3,3,2,32400,43,0.0013271604938271606,8.60465145111084,0.02,1.302325581395349
343,3,4,0,32400,135,0.004166666666666667,6.755555629730225,0.21052631578947367,0.9111111111111111
343,3,4,1,32400,139,0.004290123456790124,15.561151504516602,0.32967032967032966,1.2733812949640289
343,3,4,2,32400,113,0.003487654320987654,3.3628320693969727,0.13953488372093023,1.0530973451327434
343,3,5,0,32400,112,0.0034567901234567903,66.25895690917969,0.1925925925925926,0.8482142857142857
343,3,5,1,32400,78,0.0024074074074074076,2.538461685180664,0.18705035971223022,1.0256410256410255
343,3,5,2,32400,71,0.002191358024691358,2.4225351810455322,0.008849557522123894,1.1830985915492958
343,3,6,0,32400,84,0.0025925925925925925,28.7499942779541,0.2767857142857143,1.0
343,3,6,1,32400,46,0.001419753086419753,9.543477058410645,0.15384615384615385,1.3043478260869565
343,3,6,2,32400,42,0.0012962962962962963,1.7619048357009888,0.0,1.2142857142857142
343,3,7,0,32400,75,0.0023148148148148147,3.7333333492279053,0.25,0.9733333333333334
343,3,7,1,32400,80,0.0024691358024691358,3.200000047683716,0.10869565217391304,1.075
343,3,7,2,32400,51,0.001574074074074074,2.098039388656616,0.023809523809523808,1.1176470588235294
343,3,8,0,32400,154,0.004753086419753087,6.097403526306152,0.10666666666666667,1.3376623376623376
343,3,8,1,32400,56,0.0017283950617283952,4.250000476837158,0.0875,0.8571428571428571
343,3,8,2,32400,41,0.0012654320987654322,4.853658199310303,0.17647058823529413,1.1951219512195121
343,3,9,0,32400,84,0.0025925925925925925,6.702381134033203,0.19480519480519481,0.9523809523809523
343,3,9,1,32400,68,0.0020987654320987655,2.4264705181121826,0.05357142857142857,1.1176470588235294
343,3,9,2,32400,36,0.0011111111111111111,2.1666667461395264,0.0975609756097561,0.8888888888888888
343,3,10,0,32400,80,0.0024691358024691358,2.875,0.05952380952380952,1.025
343,3,10,1,32400,63,0.0019444444444444444,5.9523820877075195,0.058823529411764705,1.0793650793650793
343,3,10,2,32400,73,0.0022530864197530865,2.3287670612335205,0.0,1.4109589041095891
343,3,11,0,32400,67,0.002067901234567901,21.313432693481445,0.175,1.0149253731343284
343,3,11,1,32400,139,0.004290123456790124,2.6618704795837402,0.09523809523809523,1.1079136690647482
343,3,11,2,32400,47,0.0014506172839506173,4.340425491333008,0.2054794520547945,1.148936170212766
343,3,12,0,32400,104,0.0032098765432098763,14.682690620422363,0.34328358208955223,0.8653846153846154
343,3,12,1,32400,71,0.002191358024691358,10.33802604675293,0.22302158273381295,0.7464788732394366
343,3,12,2,32400,29,0.0008950617283950618,2.275861978530884,0.02127659574468085,0.896551724137931
343,3,13,0,32400,151,0.004660493827160494,3.701986789703369,0.21153846153846154,1.1721854304635762
343,3,13,1,32400,158,0.004876543209876543,2.0443038940429688,0.08450704225352113,1.4303797468354431
343,3,13,2,32400,4,0.0001234567901234568,1.5,0.10344827586206896,0.25
343,3,14,0,32400,111,0.003425925925925926,16.1801815032959,0.2847682119205298,1.1981981981981982
343,3,14,1,32400,171,0.005277777777777778,2.4970760345458984,0.056962025316455694,1.286549707602339
343,3,14,2,32400,4,0.0001234567901234568,3.5,0.0,0.5
343,3,15,0,32400,103,0.0031790123456790125,6.009708881378174,0.4594594594594595,0.9029126213592233
343,3,15,1,32400,110,0.0033950617283950617,33.57272720336914,0.23391812865497075,1.2
343,3,15,2,32400,74,0.002283950617283951,2.148648738861084,0.0,1.2567567567567568
343,3,16,0,32400,105,0.0032407407407407406,10.40000057220459,0.20388349514563106,0.9238095238095239
343,3,16,1,32400,177,0.005462962962962963,3.327683687210083,0.2545454545454545,1.1581920903954803
343,3,16,2,32400,54,0.0016666666666666668,2.2407407760620117,0.0,1.2592592592592593
343,3,17,0,32400,193,0.00595679012345679,4.378238201141357,0.20952380952380953,1.150259067357513
343,3,17,1,32400,38,0.0011728395061728395,2.1315789222717285,0.05084745762711865,0.6842105263157895
343,3,17,2,32400,69,0.0021296296296296298,4.188405990600586,0.018518518518518517,1.4202898550724639
343,3,18,0,32400,114,0.0035185185185185185,6.263157844543457,0.19170984455958548,1.0964912280701755
343,3,18,1,32400,98,0.0030246913580246914,3.765305995941162,0.07894736842105263,1.0714285714285714
343,3,18,2,32400,70,0.0021604938271604936,1.6857142448425293,0.07246376811594203,1.2571428571428571
343,3,19,0,32400,61,0.001882716049382716,2.819671869277954,0.24561403508771928,0.8688524590163934
343,3,19,1,32400,87,0.002685185185185185,3.7931034564971924,0.04081632653061224,1.0459770114942528
343,3,19,2,32400,38,0.0011728395061728395,2.6052632331848145,0.04285714285714286,1.105263157894737
343,3,20,0,32400,70,0.0021604938271604936,11.157142639160156,0.22950819672131148,1.0714285714285714
343,3,20,1,32400,121,0.0037345679012345677,3.157024621963501,0.06896551724137931,1.2644628099173554
343,3,20,2,32400,63,0.0019444444444444444,2.8888890743255615,0.02631578947368421,1.1428571428571428
343,3,21,0,32400,54,0.0016666666666666668,53.018524169921875,0.2,0.6851851851851852
343,3,21,1,32400,125,0.0038580246913580245,6.344001293182373,0.1322314049586777,1.2
343,3,21,2,32400,88,0.0027160493827160493,2.125,0.031746031746031744,1.1931818181818181
343,3,22,0,32400,80,0.0024691358024691358,5.950000286102295,0.18518518518518517,1.1625
343,3,22,1,32400,133,0.004104938271604938,7.563910484313965,0.136,1.150375939849624
343,3,22,2,32400,19,0.0005864197530864197,9.052632331848145,0.011363636363636364,1.2105263157894737
343,3,23,0,32400,134,0.004135802469135802,7.977611541748047,0.4625,1.3507462686567164
343,3,23,1,32400,42,0.0012962962962962963,17.02381134033203,0.15037593984962405,0.6190476190476191
343,3,23,2,32400,17,0.0005246913580246914,3.470588207244873,0.10526315789473684,1.0
343,3,24,0,32400,103,0.0031790123456790125,11.834951400756836,0.41044776119402987,0.941747572815534
343,3,24,1,32400,8,0.0002469135802469136,6.125,0.09523809523809523,0.125
343,3,24,2,32400,55,0.0016975308641975309,1.6909090280532837,0.058823529411764705,1.3636363636363635
343,3,25,0,32400,299,0.009228395061728395,3.0,0.20388349514563106,1.4548494983277591
343,3,25,1,32400,59,0.0018209876543209876,2.8983051776885986,0.125,1.2372881355932204
343,3,25,2,32400,64,0.0019753086419753087,1.921875,0.10909090909090909,1.203125
343,3,26,0,32400,128,0.003950617283950617,5.6015625,0.19732441471571907,1.265625
343,3,26,1,32400,53,0.0016358024691358025,2.792452812194824,0.1694915254237288,1.0377358490566038
343,3,26,2,32400,77,0.0023765432098765433,7.792207717895508,0.078125,1.1818181818181819
343,3,27,0,32400,194,0.005987654320987654,3.046391725540161,0.2265625,1.4175257731958764
343,3,27,1,32400,180,0.005555555555555556,5.5722222328186035,0.18867924528301888,1.2666666666666666
343,3,27,2,32400,21,0.0006481481481481481,1.523809552192688,0.06493506493506493,0.7619047619047619
343,3,28,0,32400,187,0.005771604938271605,16.893049240112305,0.42783505154639173,1.304812834224599
343,3,28,1,32400,144,0.0044444444444444444,17.937501907348633,0.36666666666666664,1.1666666666666667
343,3,28,2,32400,2,6.17283950617284e-05,2.5,0.0,0.0
343,3,29,0,32400,138,0.0042592592592592595,9.36231803894043,0.42245989304812837,0.8840579710144928
343,3,29,1,32400,154,0.004753086419753087,10.331169128417969,0.2708333333333333,1.2207792207792207
343,3,29,2,32400,27,0.0008333333333333334,2.1481480598449707,0.0,1.1111111111111112
343,3,30,0,32400,175,0.005401234567901234,7.531429290771484,0.391304347826087,1.1085714285714285
343,3,30,1,32400,172,0.005308641975308642,14.017441749572754,0.14285714285714285,1.3313953488372092
343,3,30,2,32400,30,0.000925925925925926,5.866666793823242,0.18518518518518517,0.9
343,3,31,0,32400,179,0.0055246913580246915,18.027935028076172,0.36,1.0837988826815643
343,3,31,1,32400,71,0.002191358024691358,5.845070838928223,0.2441860465116279,0.8873239436619719
343,3,31,2,32400,53,0.0016358024691358025,3.641509532928467,0.2,1.150943396226415
343,3,32,0,32400,196,0.006049382716049383,10.056121826171875,0.27932960893854747,1.153061224489796
343,3,32,1,32400,46,0.001419753086419753,2.91304349899292,0.056338028169014086,1.0217391304347827
343,3,32,2,32400,21,0.0006481481481481481,2.6666667461395264,0.11320754716981132,0.5238095238095238
343,3,33,0,32400,94,0.0029012345679012346,5.234042644500732,0.24489795918367346,0.7872340425531915
343,3,33,1,32400,35,0.0010802469135802468,5.714285850524902,0.2826086956521739,0.8571428571428571
343,3,33,2,32400,36,0.0011111111111111111,2.8888888359069824,0.0,1.0555555555555556
343,3,34,0,32400,106,0.003271604938271605,3.792452812194824,0.2127659574468085,1.0566037735849056
343,3,34,1,32400,37,0.0011419753086419754,7.8108110427856445,0.17142857142857143,0.8918918918918919
343,3,34,2,32400,54,0.0016666666666666668,1.8518518209457397,0.08333333333333333,1.2407407407407407
343,3,35,0,32400,45,0.001388888888888889,8.600001335144043,0.16981132075471697,0.6
343,3,35,1,32400,51,0.001574074074074074,2.3529412746429443,0.05405405405405406,1.0
343,3,35,2,32400,65,0.002006172839506173,12.89230728149414,0.12962962962962962,1.1846153846153846
344,0,1,0,32400,226,0.006975308641975308,31.3583984375,-1.0,0.8805309734513275
344,0,1,1,32400,153,0.004722222222222222,3.1699347496032715,-1.0,1.2810457516339868
344,0,1,2,32400,42,0.0012962962962962963,4.285714149475098,-1.0,0.9285714285714286
344,0,2,0,32400,166,0.0051234567901234564,9.102410316467285,0.21238938053097345,0.9096385542168675
344,0,2,1,32400,161,0.004969135802469136,6.124224662780762,0.24183006535947713,1.2546583850931676
344,0,2,2,32400,1,3.08641975308642e-05,1.0,0.023809523809523808,0.0
344,0,3,0,32400,86,0.002654320987654321,9.197674751281738,0.12048192771084337,0.8255813953488372
344,0,3,1,32400,77,0.0023765432098765433,2.649350643157959,0.17391304347826086,0.8571428571428571
344,0,3,2,32400,38,0.0011728395061728395,2.0789473056793213,0.0,0.7368421052631579
344,0,4,0,32400,72,0.0022222222222222222,14.291666984558105,0.1511627906976744,0.9722222222222222
344,0,4,1,32400,59,0.0018209876543209876,3.3389830589294434,0.05194805194805195,1.0847457627118644
344,0,4,2,32400,61,0.001882716049382716,2.6393442153930664,0.02631578947368421,1.3114754098360655
344,0,5,0,32400,75,0.0023148148148148147,7.360000133514404,0.2777777777777778,0.9333333333333333
344,0,5,1,32400,87,0.002685185185185185,3.1379311084747314,0.05084745762711865,1.103448275862069
344,0,5,2,32400,57,0.0017592592592592592,1.894736886024475,0.03278688524590164,1.368421052631579
344,0,6,0,32400,123,0.0037962962962962963,4.479674816131592,0.29333333333333333,1.2601626016260163
344,0,6,1,32400,83,0.0025617283950617282,5.457830905914307,0.11494252873563218,1.216867469879518
344,0,6,2,32400,14,0.0004320987654320988,2.4285714626312256,0.10526315789473684,0.35714285714285715
344,0,7,0,32400,82,0.0025308641975308644,9.353657722473145,0.2764227642276423,0.8780487804878049
344,0,7,1,32400,127,0.003919753086419753,2.7952756881713867,0.1566265060240964,1.220472440944882
344,0,7,2,32400,34,0.0010493827160493827,2.088235378265381,0.0,0.7941176470588235
344,0,8,0,32400,100,0.0030864197530864196,3.4800000190734863,0.32926829268292684,1.32
344,0,8,1,32400,174,0.00537037037037037,20.741378784179688,0.3228346456692913,1.2816091954022988
344,0,8,2,32400,33,0.0010185185185185184,2.060606002807617,0.0,1.0606060606060606
344,0,9,0,32400,84,0.0025925925925925925,7.476190567016602,0.39,0.8690476190476191
344,0,9,1,32400,80,0.0024691358024691358,7.5625,0.14942528735632185,0.95
344,0,9,2,32400,27,0.0008333333333333334,1.6296296119689941,0.12121212121212122,0.9259259259259259
344,0,10,0,32400,64,0.0019753086419753087,6.109375953674316,0.11904761904761904,0.96875
344,0,10,1,32400,63,0.0019444444444444444,1.9682540893554688,0.05,0.9523809523809523
344,0,10,2,32400,90,0.002777777777777778,1.9444445371627808,0.0,1.4111111111111112
344,0,11,0,32400,96,0.002962962962962963,2.2291667461395264,0.125,1.3020833333333333
344,0,11,1,32400,97,0.002993827160493827,6.01030969619751,0.031746031746031744,1.1649484536082475
344,0,11,2,32400,12,0.00037037037037037035,21.916667938232422,0.05555555555555555,0.6666666666666666
344,0,12,0,32400,110,0.0033950617283950617,2.6818180084228516,0.10416666666666667,1.1636363636363636
344,0,12,1,32400,136,0.004197530864197531,7.889707565307617,0.1958762886597938,1.1323529411764706
344,0,12,2,32400,30,0.000925925925925926,2.433333396911621,0.08333333333333333,0.9666666666666667
344,0,13,0,32400,104,0.0032098765432098763,10.115385055541992,0.13636363636363635,0.8365384615384616
344,0,13,1,32400,88,0.0027160493827160493,10.48863697052002,0.10294117647058823,1.1363636363636365
344,0,13,2,32400,17,0.0005246913580246914,2.058823585510254,0.03333333333333333,0.47058823529411764
344,0,14,0,32400,92,0.002839506172839506,6.4782609939575195,0.2980769230769231,1.0326086956521738
344,0,14,1,32400,65,0.002006172839506173,2.9384615421295166,0.045454545454545456,1.1076923076923078
344,0,14,2,32400,16,0.0004938271604938272,1.25,0.0,0.9375
344,0,15,0,32400,112,0.0034567901234567903,44.17855453491211,0.4891304347826087,1.1071428571428572
344,0,15,1,32400,78,0.0024074074074074076,2.269230842590332,0.26153846153846155,1.1666666666666667
344,0,15,2,32400,55,0.0016975308641975309,2.018181800842285,0.0,1.018181818181818
344,0,16,0,32400,94,0.0029012345679012346,14.914896011352539,0.22321428571428573,0.9893617021276596
344,0,16,1,32400,206,0.006358024691358025,17.922332763671875,0.2564102564102564,1.2572815533980584
344,0,16,2,32400,5,0.00015432098765432098,3.799999952316284,0.03636363636363636,0.0
344,0,17,0,32400,108,0.0033333333333333335,4.888888835906982,0.26595744680851063,0.8148148148148148
344,0,17,1,32400,139,0.004290123456790124,9.978416442871094,0.2766990291262136,1.1726618705035972
344,0,17,2,32400,43,0.0013271604938271606,1.6046512126922607,0.2,1.2093023255813953
344,0,18,0,32400,200,0.006172839506172839,9.454999923706055,0.3055555555555556,1.22
344,0,18,1,32400,112,0.0034567901234567903,8.901786804199219,0.2949640287769784,1.0714285714285714
344,0,18,2,32400,22,0.0006790123456790123,1.9090909957885742,0.023255813953488372,1.1818181818181819
344,0,19,0,32400,133,0.004104938271604938,18.827068328857422,0.295,0.7894736842105263
344,0,19,1,32400,104,0.0032098765432098763,32.89422607421875,0.1875,1.1057692307692308
344,0,19,2,32400,38,0.0011728395061728395,2.263157844543457,0.13636363636363635,0.868421052631579
344,0,20,0,32400,66,0.002037037037037037,8.181818962097168,0.21804511278195488,0.5606060606060606
344,0,20,1,32400,144,0.0044444444444444444,4.625,0.14423076923076922,1.2152777777777777
344,0,20,2,32400,25,0.0007716049382716049,63.760013580322266,0.02631578947368421,1.08
344,0,21,0,32400,112,0.0034567901234567903,28.41964340209961,0.15151515151515152,1.0892857142857142
344,0,21,1,32400,103,0.0031790123456790125,3.3592233657836914,0.1111111111111111,1.1650485436893203
344,0,21,2,32400,33,0.0010185185185185184,2.2121212482452393,0.0,1.0909090909090908
344,0,22,0,32400,71,0.002191358024691358,22.1126766204834,0.39285714285714285,0.7887323943661971
344,0,22,1,32400,111,0.003425925925925926,23.55855941772461,0.1650485436893204,1.2702702702702702
344,0,22,2,32400,106,0.003271604938271605,3.4433963298797607,0.18181818181818182,1.330188679245283
344,0,23,0,32400,216,0.006666666666666667,7.337963104248047,0.5070422535211268,1.2037037037037037
344,0,23,1,32400,109,0.0033641975308641974,49.045875549316406,0.17117117117117117,1.1926605504587156
344,0,23,2,32400,27,0.0008333333333333334,21.14814567565918,0.05660377358490566,0.7037037037037037
344,0,24,0,32400,251,0.007746913580246913,11.294820785522461,0.28703703703703703,1.2310756972111554
344,0,24,1,32400,79,0.0024382716049382715,21.265823364257812,0.2018348623853211,1.1772151898734178
344,0,24,2,32400,110,0.0033950617283950617,2.5,0.14814814814814814,1.2
344,0,25,0,32400,206,0.006358024691358025,5.402912616729736,0.2589641434262948,1.058252427184466
344,0,25,1,32400,60,0.001851851851851852,2.433333396911621,0.17721518987341772,0.9
344,0,25,2,32400,55,0.0016975308641975309,2.581818103790283,0.05454545454545454,1.0545454545454545
344,0,26,0,32400,152,0.004691358024691358,14.697368621826172,0.2669902912621359,0.9868421052631579
344,0,26,1,32400,138,0.0042592592592592595,2.5289855003356934,0.016666666666666666,1.4275362318840579
344,0,26,2,32400,162,0.005,3.777777910232544,0.03636363636363636,1.4320987654320987
344,0,27,0,32400,149,0.004598765432098765,3.5033557415008545,0.3618421052631579,1.0268456375838926
344,0,27,1,32400,47,0.0014506172839506173,8.085105895996094,0.1956521739130435,0.851063829787234
344,0,27,2,32400,98,0.0030246913580246914,3.418367385864258,0.09259259259259259,1.1428571428571428
344,0,28,0,32400,56,0.0017283950617283952,9.01785659790039,0.12751677852348994,0.7857142857142857
344,0,28,1,32400,51,0.001574074074074074,2.627451181411743,0.02127659574468085,0.9019607843137255
344,0,28,2,32400,125,0.0038580246913580245,2.688000202178955,0.16326530612244897,1.344
344,0,29,0,32400,39,0.0012037037037037038,9.974359512329102,0.19642857142857142,0.717948717948718
344,0,29,1,32400,127,0.003919753086419753,2.992125988006592,0.058823529411764705,1.2913385826771653
344,0,29,2,32400,37,0.0011419753086419754,3.702702760696411,0.112,0.5675675675675675
344,0,30,0,32400,104,0.0032098765432098763,6.355769634246826,0.15384615384615385,1.0673076923076923
344,0,30,1,32400,164,0.005061728395061729,4.957316875457764,0.23622047244094488,1.3719512195121952
344,0,30,2,32400,2,6.17283950617284e-05,78.5,0.0,0.0
344,0,31,0,32400,164,0.005061728395061729,2.353658437728882,0.10576923076923077,1.329268292682927
344,0,31,1,32400,147,0.004537037037037037,10.346938133239746,0.22560975609756098,1.2108843537414966
344,0,31,2,32400,37,0.0011419753086419754,2.027027130126953,0.0,0.972972972972973
344,0,32,0,32400,134,0.004135802469135802,6.2686567306518555,0.25609756097560976,1.0970149253731343
344,0,32,1,32400,132,0.004074074074074074,10.719696998596191,0.30612244897959184,1.1666666666666667
344,0,32,2,32400,34,0.0010493827160493827,2.411764621734619,0.0,1.1764705882352942
344,0,33,0,32400,74,0.002283950617283951,16.121620178222656,0.1044776119402985,0.8648648648648649
344,0,33,1,32400,106,0.003271604938271605,7.207547187805176,0.16666666666666666,1.349056603773585
344,0,33,2,32400,58,0.0017901234567901235,14.206897735595703,0.058823529411764705,1.206896551724138
344,0,34,0,32400,105,0.0032407407407407406,10.961906433105469,0.16216216216216217,0.8952380952380953
344,0,34,1,32400,97,0.002993827160493827,4.092783451080322,0.39622641509433965,1.0515463917525774
344,0,34,2,32400,56,0.0017283950617283952,9.428573608398438,0.22413793103448276,1.125
344,0,35,0,32400,105,0.0032407407407407406,13.971428871154785,0.23809523809523808,1.0857142857142856
344,0,35,1,32400,164,0.005061728395061729,5.292682647705078,0.23711340206185566,1.329268292682927
344,0,35,2,32400,63,0.0019444444444444444,1.9682540893554688,0.0,1.3015873015873016
344,1,1,0,32400,276,0.008518518518518519,11.275362968444824,-1.0,1.1594202898550725
344,1,1,1,32400,96,0.002962962962962963,4.864583492279053,-1.0,1.3020833333333333
344,1,1,2,32400,137,0.004228395061728395,6.386862277984619,-1.0,1.2773722627737227
344,1,2,0,32400,254,0.007839506172839506,4.377952575683594,0.39855072463768115,1.2322834645669292
344,1,2,1,32400,106,0.003271604938271605,2.330188751220703,0.0625,1.3396226415094339
344,1,2,2,32400,100,0.0030864197530864196,2.1399998664855957,0.11678832116788321,1.14
344,1,3,0,32400,117,0.003611111111111111,9.461540222167969,0.2283464566929134,0.8461538461538461
344,1,3,1,32400,94,0.0029012345679012346,3.9680850505828857,0.16981132075471697,1.074468085106383
344,1,3,2,32400,32,0.0009876543209876543,2.25,0.08,0.625
344,1,4,0,32400,122,0.003765432098765432,16.01639175415039,0.358974358974359,1.0901639344262295
344,1,4,1,32400,138,0.0042592592592592595,3.268115997314453,0.1595744680851064,1.3115942028985508
344,1,4,2,32400,68,0.0020987654320987655,2.1764705181121826,0.0,1.3676470588235294
344,1,5,0,32400,158,0.004876543209876543,12.936710357666016,0.5,1.0126582278481013
344,1,5,1,32400,119,0.0036728395061728395,10.630253791809082,0.21739130434782608,1.0420168067226891
344,1,5,2,32400,52,0.0016049382716049382,3.096153974533081,0.0,0.9423076923076923
344,1,6,0,32400,180,0.005555555555555556,7.405555248260498,0.36075949367088606,1.2
344,1,6,1,32400,73,0.0022530864197530865,2.273972511291504,0.025210084033613446,0.8767123287671232
344,1,6,2,32400,60,0.001851851851851852,2.4833333492279053,0.0,1.2166666666666666
344,1,7,0,32400,90,0.002777777777777778,15.533333778381348,0.2222222222222222,0.7111111111111111
344,1,7,1,32400,97,0.002993827160493827,20.484539031982422,0.1095890410958904,1.1855670103092784
344,1,7,2,32400,101,0.003117283950617284,5.960395812988281,0.16666666666666666,1.4257425742574257
344,1,8,0,32400,167,0.005154320987654321,15.113774299621582,0.4222222222222222,1.1197604790419162
344,1,8,1,32400,60,0.001851851851851852,19.600004196166992,0.27835051546391754,1.0333333333333334
344,1,8,2,32400,78,0.0024074074074074076,14.256410598754883,0.31683168316831684,0.9358974358974359
344,1,9,0,32400,172,0.005308641975308642,8.139534950256348,0.32934131736526945,1.005813953488372
344,1,9,1,32400,56,0.0017283950617283952,12.48214340209961,0.23333333333333334,1.0357142857142858
344,1,9,2,32400,10,0.00030864197530864197,3.9000000953674316,0.05128205128205128,0.2
344,1,10,0,32400,131,0.00404320987654321,26.267175674438477,0.2616279069767442,0.9007633587786259
344,1,10,1,32400,16,0.0004938271604938272,5.0625,0.05357142857142857,0.625
344,1,10,2,32400,116,0.003580246913580247,2.9137930870056152,0.1,1.4655172413793103
344,1,11,0,32400,129,0.003981481481481482,8.550386428833008,0.16793893129770993,1.1162790697674418
344,1,11,1,32400,156,0.004814814814814815,2.6794872283935547,0.0,1.4615384615384615
344,1,11,2,32400,36,0.0011111111111111111,5.6944451332092285,0.19827586206896552,0.8333333333333334
344,1,12,0,32400,51,0.001574074074074074,8.803921699523926,0.20155038759689922,0.8235294117647058
344,1,12,1,32400,226,0.006975308641975308,6.831858158111572,0.36538461538461536,1.3584070796460177
344,1,12,2,32400,5,0.00015432098765432098,1.8000000715255737,0.027777777777777776,0.6
344,1,13,0,32400,81,0.0025,9.48148250579834,0.35294117647058826,0.9135802469135802
344,1,13,1,32400,217,0.0066975308641975305,3.2903225421905518,0.12831858407079647,1.2350230414746544
344,1,13,2,32400,29,0.0008950617283950618,1.5862069129943848,0.0,1.0689655172413792
344,1,14,0,32400,93,0.0028703703703703703,8.806451797485352,0.3333333333333333,1.1290322580645162
344,1,14,1,32400,97,0.002993827160493827,5.061854839324951,0.17511520737327188,1.0309278350515463
344,1,14,2,32400,44,0.0013580246913580246,2.0681819915771484,0.0,1.4772727272727273
344,1,15,0,32400,50,0.0015432098765432098,3.919999837875366,0.08602150537634409,0.86
344,1,15,1,32400,104,0.0032098765432098763,5.701923370361328,0.25773195876288657,1.1057692307692308
344,1,15,2,32400,33,0.0010185185185185184,18.939395904541016,0.11363636363636363,1.0909090909090908
344,1,16,0,32400,209,0.006450617283950617,4.80861234664917,0.3,1.3301435406698565
344,1,16,1,32400,96,0.002962962962962963,6.802083492279053,0.20192307692307693,1.0729166666666667
344,1,16,2,32400,30,0.000925925925925926,2.8000001907348633,0.09090909090909091,1.3
344,1,17,0,32400,116,0.003580246913580247,4.818965435028076,0.24880382775119617,0.9224137931034483
344,1,17,1,32400,89,0.0027469135802469136,4.123595714569092,0.11458333333333333,1.1573033707865168
344,1,17,2,32400,61,0.001882716049382716,2.1803276538848877,0.0,1.278688524590164
344,1,18,0,32400,141,0.0043518518518518515,10.687942504882812,0.0603448275862069,1.177304964539007
344,1,18,1,32400,108,0.0033333333333333335,17.02777862548828,0.1797752808988764,1.2037037037037037
344,1,18,2,32400,23,0.0007098765432098765,8.956521034240723,0.08196721311475409,1.0869565217391304
344,1,19,0,32400,86,0.002654320987654321,6.441860675811768,0.24822695035460993,0.7093023255813954
344,1,19,1,32400,108,0.0033333333333333335,2.879629611968994,0.12037037037037036,1.1944444444444444
344,1,19,2,32400,31,0.0009567901234567902,2.0322580337524414,0.043478260869565216,1.1290322580645162
344,1,20,0,32400,71,0.002191358024691358,6.309859275817871,0.011627906976744186,0.9436619718309859
344,1,20,1,32400,147,0.004537037037037037,4.700679779052734,0.25925925925925924,1.251700680272109
344,1,20,2,32400,26,0.0008024691358024691,1.5,0.03225806451612903,0.9615384615384616
344,1,21,0,32400,82,0.0025308641975308644,9.341464042663574,0.23943661971830985,1.0853658536585367
344,1,21,1,32400,173,0.0053395061728395065,8.618496894836426,0.2857142857142857,1.1791907514450868
344,1,21,2,32400,38,0.0011728395061728395,2.28947377204895,0.0,0.8157894736842105
344,1,22,0,32400,147,0.004537037037037037,28.63265609741211,0.36585365853658536,1.2448979591836735
344,1,22,1,32400,117,0.003611111111111111,3.170940399169922,0.20809248554913296,1.0769230769230769
344,1,22,2,32400,66,0.002037037037037037,6.454545497894287,0.02631578947368421,0.8181818181818182
344,1,23,0,32400,145,0.004475308641975309,8.496552467346191,0.3197278911564626,1.089655172413793
344,1,23,1,32400,45,0.001388888888888889,62.066680908203125,0.20512820512820512,0.7111111111111111
344,1,23,2,32400,45,0.001388888888888889,2.1555557250976562,0.13636363636363635,0.8666666666666667
344,1,24,0,32400,118,0.0036419753086419752,7.101695537567139,0.21379310344827587,0.8898305084745762
344,1,24,1,32400,84,0.0025925925925925925,8.845239639282227,0.26666666666666666,1.119047619047619
344,1,24,2,32400,43,0.0013271604938271606,13.837210655212402,0.1111111111111111,1.0
344,1,25,0,32400,65,0.002006172839506173,5.0923075675964355,0.15254237288135594,0.7846153846153846
344,1,25,1,32400,86,0.002654320987654321,5.802325248718262,0.2857142857142857,0.9883720930232558
344,1,25,2,32400,4,0.0001234567901234568,4.75,0.06976744186046512,0.5
344,1,26,0,32400,63,0.0019444444444444444,17.507938385009766,0.15384615384615385,0.7619047619047619
344,1,26,1,32400,40,0.0012345679012345679,28.950002670288086,0.09302325581395349,0.7
344,1,26,2,32400,25,0.0007716049382716049,1.8799999952316284,0.0,1.2
344,1,27,0,32400,67,0.002067901234567901,14.776121139526367,0.42857142857142855,0.8507462686567164
344,1,27,1,32400,70,0.0021604938271604936,3.2714285850524902,0.1,0.9142857142857143
344,1,27,2,32400,41,0.0012654320987654322,2.2682926654815674,0.0,1.2439024390243902
344,1,28,0,32400,96,0.002962962962962963,6.2916669845581055,0.05970149253731343,1.34375
344,1,28,1,32400,88,0.0027160493827160493,15.875,0.2571428571428571,1.5227272727272727
344,1,28,2,32400,34,0.0010493827160493827,1.7647058963775635,0.0,1.3823529411764706
344,1,29,0,32400,134,0.004135802469135802,2.104477643966675,0.23958333333333334,1.2537313432835822
344,1,29,1,32400,292,0.009012345679012346,2.4212329387664795,0.625,1.4897260273972603
344,1,29,2,32400,21,0.0006481481481481481,1.4285714626312256,0.0,0.8571428571428571
344,1,30,0,32400,88,0.0027160493827160493,37.28409194946289,0.3880597014925373,0.9318181818181818
344,1,30,1,32400,146,0.004506172839506173,6.664383411407471,0.18835616438356165,1.0753424657534247
344,1,30,2,32400,15,0.000462962962962963,2.200000047683716,0.0,1.0666666666666667
344,1,31,0,32400,135,0.004166666666666667,7.051851749420166,0.5568181818181818,0.837037037037037
344,1,31,1,32400,126,0.0038888888888888888,12.793652534484863,0.14383561643835616,1.2063492063492063
344,1,31,2,32400,162,0.005,3.5185184478759766,0.0,1.4691358024691359
344,1,32,0,32400,206,0.006358024691358025,6.635922431945801,0.15555555555555556,1.0825242718446602
344,1,32,1,32400,53,0.0016358024691358025,2.4905660152435303,0.06349206349206349,1.0188679245283019
344,1,32,2,32400,39,0.0012037037037037038,72.87179565429688,0.15432098765432098,0.6410256410256411
344,1,33,0,32400,223,0.006882716049382716,36.295955657958984,0.3640776699029126,1.1210762331838564
344,1,33,1,32400,102,0.003148148148148148,12.29411792755127,0.24528301886792453,1.0980392156862746
344,1,33,2,32400,18,0.0005555555555555556,19.444442749023438,0.10256410256410256,0.4444444444444444
344,1,34,0,32400,198,0.006111111111111111,15.040404319763184,0.3094170403587444,0.9696969696969697
344,1,34,1,32400,87,0.002685185185185185,12.678160667419434,0.14705882352941177,1.1264367816091954
344,1,34,2,32400,30,0.000925925925925926,2.933333396911621,0.05555555555555555,0.7666666666666667
344,1,35,0,32400,103,0.0031790123456790125,27.233009338378906,0.2474747474747475,0.7766990291262136
344,1,35,1,32400,108,0.0033333333333333335,2.9814815521240234,0.11494252873563218,1.1574074074074074
344,1,35,2,32400,43,0.0013271604938271606,2.232558250427246,0.06666666666666667,1.1627906976744187
344,2,1,0,32400,227,0.007006172839506173,4.722466945648193,-1.0,1.0881057268722467
344,2,1,1,32400,148,0.004567901234567902,2.601351499557495,-1.0,1.364864864864865
344,2,1,2,32400,30,0.000925925925925926,1.7000000476837158,-1.0,0.7666666666666667
344,2,2,0,32400,143,0.00441358024691358,7.559441566467285,0.20704845814977973,1.1818181818181819
344,2,2,1,32400,164,0.005061728395061729,11.353657722473145,0.34459459459459457,1.1341463414634145
344,2,2,2,32400,64,0.0019753086419753087,3.593750238418579,0.0,1.109375
344,2,3,0,32400,73,0.0022530864197530865,18.219179153442383,0.23776223776223776,0.6575342465753424
344,2,3,1,32400,132,0.004074074074074074,12.916666984558105,0.15853658536585366,1.143939393939394
344,2,3,2,32400,14,0.0004320987654320988,7.285714626312256,0.0,0.42857142857142855
344,2,4,0,32400,78,0.0024074074074074076,5.961537837982178,0.1232876712328767,0.8717948717948718
344,2,4,1,32400,100,0.0030864197530864196,35.659996032714844,0.26515151515151514,0.93
344,2,4,2,32400,34,0.0010493827160493827,2.117647171020508,0.0,1.0
344,2,5,0,32400,92,0.002839506172839506,6.206521987915039,0.3333333333333333,1.0
344,2,5,1,32400,193,0.00595679012345679,2.611398935317993,0.05,1.2694300518134716
344,2,5,2,32400,80,0.0024691358024691358,5.200000286102295,0.029411764705882353,1.2375
344,2,6,0,32400,186,0.005740740740740741,7.177419185638428,0.13043478260869565,1.2580645161290323
344,2,6,1,32400,201,0.0062037037037037035,18.875621795654297,0.3471502590673575,1.2985074626865671
344,2,6,2,32400,51,0.001574074074074074,2.117647171020508,0.2125,1.0588235294117647
344,2,7,0,32400,215,0.006635802469135803,56.42325210571289,0.46236559139784944,1.0186046511627906
344,2,7,1,32400,145,0.004475308641975309,22.296550750732422,0.36318407960199006,1.1310344827586207
344,2,7,2,32400,25,0.0007716049382716049,2.440000057220459,0.0784313725490196,0.84
344,2,8,0,32400,298,0.00919753086419753,8.03691291809082,0.386046511627907,1.191275167785235
344,2,8,1,32400,121,0.0037345679012345677,27.867767333984375,0.15172413793103448,1.0165289256198347
344,2,8,2,32400,61,0.001882716049382716,6.999999523162842,0.0,1.1311475409836065
344,2,9,0,32400,287,0.008858024691358025,9.724738121032715,0.43288590604026844,1.1881533101045296
344,2,9,1,32400,59,0.0018209876543209876,4.847457408905029,0.1652892561983471,0.8983050847457628
344,2,9,2,32400,36,0.0011111111111111111,14.833333015441895,0.04918032786885246,0.6944444444444444
344,2,10,0,32400,171,0.005277777777777778,7.614035129547119,0.21951219512195122,1.0584795321637428
344,2,10,1,32400,102,0.003148148148148148,9.460784912109375,0.1016949152542373,1.3333333333333333
344,2,10,2,32400,5,0.00015432098765432098,1.2000000476837158,0.0,0.4
344,2,11,0,32400,100,0.0030864197530864196,14.38000202178955,0.30994152046783624,0.67
344,2,11,1,32400,77,0.0023765432098765433,16.467533111572266,0.1568627450980392,1.2337662337662338
344,2,11,2,32400,18,0.0005555555555555556,2.277777910232544,0.0,0.6111111111111112
344,2,12,0,32400,252,0.0077777777777777776,3.1309525966644287,0.31,1.257936507936508
344,2,12,1,32400,88,0.0027160493827160493,2.6136364936828613,0.15584415584415584,1.125
344,2,12,2,32400,67,0.002067901234567901,2.6567163467407227,0.0,1.2238805970149254
344,2,13,0,32400,94,0.0029012345679012346,11.60638427734375,0.14682539682539683,0.9148936170212766
344,2,13,1,32400,74,0.002283950617283951,4.675675868988037,0.06818181818181818,1.1486486486486487
344,2,13,2,32400,38,0.0011728395061728395,2.5789473056793213,0.04477611940298507,1.131578947368421
344,2,14,0,32400,61,0.001882716049382716,7.213114261627197,0.20212765957446807,0.8852459016393442
344,2,14,1,32400,195,0.0060185185185185185,6.317948818206787,0.10810810810810811,1.5179487179487179
344,2,14,2,32400,30,0.000925925925925926,3.5999996662139893,0.05263157894736842,1.0666666666666667
344,2,15,0,32400,86,0.002654320987654321,5.720930099487305,0.4262295081967213,0.8255813953488372
344,2,15,1,32400,161,0.004969135802469136,23.788820266723633,0.4512820512820513,1.2732919254658386
344,2,15,2,32400,25,0.0007716049382716049,1.6799999475479126,0.0,0.96
344,2,16,0,32400,179,0.0055246913580246915,9.703909873962402,0.3953488372093023,1.0837988826815643
344,2,16,1,32400,244,0.007530864197530864,4.999999523162842,0.2670807453416149,1.3524590163934427
344,2,16,2,32400,62,0.0019135802469135803,2.8709676265716553,0.0,1.2741935483870968
344,2,17,0,32400,118,0.0036419753086419752,20.525428771972656,0.3575418994413408,0.7966101694915254
344,2,17,1,32400,166,0.0051234567901234564,5.301204204559326,0.13934426229508196,1.2048192771084338
344,2,17,2,32400,34,0.0010493827160493827,3.441176414489746,0.016129032258064516,0.9411764705882353
344,2,18,0,32400,85,0.002623456790123457,14.0470609664917,0.17796610169491525,0.8117647058823529
344,2,18,1,32400,133,0.004104938271604938,5.06766939163208,0.18072289156626506,1.112781954887218
344,2,18,2,32400,21,0.0006481481481481481,1.523809552192688,0.029411764705882353,1.3333333333333333
344,2,19,0,32400,128,0.003950617283950617,15.750001907348633,0.21176470588235294,1.078125
344,2,19,1,32400,118,0.0036419753086419752,8.644067764282227,0.14285714285714285,1.0847457627118644
344,2,19,2,32400,25,0.0007716049382716049,1.8399999141693115,0.0,1.0
344,2,20,0,32400,137,0.004228395061728395,2.5766422748565674,0.21875,1.2116788321167884
344,2,20,1,32400,140,0.004320987654320987,3.357142925262451,0.1271186440677966,1.2642857142857142
344,2,20,2,32400,85,0.002623456790123457,1.9411765336990356,0.04,1.2705882352941176
344,2,21,0,32400,116,0.003580246913580247,53.46551513671875,0.17518248175182483,0.9224137931034483
344,2,21,1,32400,130,0.004012345679012346,10.307694435119629,0.15714285714285714,1.2461538461538462
344,2,21,2,32400,17,0.0005246913580246914,2.1764705181121826,0.011764705882352941,1.0
344,2,22,0,32400,124,0.0038271604938271606,10.3145170211792,0.31896551724137934,0.9758064516129032
344,2,22,1,32400,34,0.0010493827160493827,3.5,0.14615384615384616,0.4117647058823529
344,2,22,2,32400,21,0.0006481481481481481,1.9523810148239136,0.0,1.0
344,2,23,0,32400,49,0.0015123456790123457,1.959183692932129,0.11290322580645161,0.7142857142857143
344,2,23,1,32400,238,0.007345679012345679,2.5966386795043945,0.0,1.4411764705882353
344,2,23,2,32400,42,0.0012962962962962963,1.9047619104385376,0.0,1.1666666666666667
344,2,24,0,32400,121,0.0037345679012345677,14.512395858764648,0.12244897959183673,1.140495867768595
344,2,24,1,32400,96,0.002962962962962963,8.020833969116211,0.18067226890756302,1.0
344,2,24,2,32400,121,0.0037345679012345677,18.537193298339844,0.42857142857142855,1.4710743801652892
344,2,25,0,32400,190,0.005864197530864198,21.30526351928711,0.4793388429752066,1.131578947368421
344,2,25,1,32400,46,0.001419753086419753,4.826086521148682,0.13541666666666666,0.717391304347826
344,2,25,2,32400,25,0.0007716049382716049,1.0,0.19834710743801653,0.84
344,2,26,0,32400,82,0.0025308641975308644,12.243903160095215,0.17894736842105263,0.8536585365853658
344,2,26,1,32400,127,0.003919753086419753,2.7165353298187256,0.0,1.2755905511811023
344,2,26,2,32400,121,0.0037345679012345677,3.8595035076141357,0.0,1.256198347107438
344,2,27,0,32400,156,0.004814814814814815,5.217948913574219,0.14634146341463414,1.1923076923076923
344,2,27,1,32400,171,0.005277777777777778,6.228070259094238,0.2283464566929134,1.1754385964912282
344,2,27,2,32400,27,0.0008333333333333334,9.296296119689941,0.05785123966942149,0.7037037037037037
344,2,28,0,32400,106,0.003271604938271605,14.320755004882812,0.1282051282051282,0.7452830188679245
344,2,28,1,32400,143,0.00441358024691358,7.7272725105285645,0.21052631578947367,1.1048951048951048
344,2,28,2,32400,14,0.0004320987654320988,4.0714287757873535,0.0,0.5
344,2,29,0,32400,223,0.006882716049382716,15.686098098754883,0.4339622641509434,1.1748878923766817
344,2,29,1,32400,32,0.0009876543209876543,33.81249237060547,0.0979020979020979,0.625
344,2,29,2,32400,111,0.003425925925925926,8.666666030883789,0.14285714285714285,1.2792792792792793
344,2,30,0,32400,120,0.003703703703703704,12.908332824707031,0.3094170403587444,0.9
344,2,30,1,32400,246,0.007592592592592593,3.0365853309631348,0.09375,1.5
344,2,30,2,32400,247,0.007623456790123457,2.17813777923584,0.21621621621621623,1.4331983805668016
344,2,31,0,32400,115,0.0035493827160493828,13.12173843383789,0.30833333333333335,0.8956521739130435
344,2,31,1,32400,102,0.003148148148148148,7.264706134796143,0.26422764227642276,0.9509803921568627
344,2,31,2,32400,40,0.0012345679012345679,16.30000114440918,0.11740890688259109,0.525
344,2,32,0,32400,172,0.005308641975308642,8.872093200683594,0.3739130434782609,1.1569767441860466
344,2,32,1,32400,109,0.0033641975308641974,8.58715534210205,0.10784313725490197,1.2660550458715596
344,2,32,2,32400,63,0.0019444444444444444,2.1587302684783936,0.1,1.3492063492063493
344,2,33,0,32400,156,0.004814814814814815,3.865384578704834,0.1569767441860465,1.141025641025641
344,2,33,1,32400,87,0.002685185185185185,9.114941596984863,0.1651376146788991,0.9425287356321839
344,2,33,2,32400,94,0.0029012345679012346,2.1914892196655273,0.06349206349206349,1.3617021276595744
344,2,34,0,32400,143,0.00441358024691358,9.321678161621094,0.22435897435897437,1.048951048951049
344,2,34,1,32400,113,0.003487654320987654,12.398229598999023,0.19540229885057472,1.1150442477876106
344,2,34,2,32400,76,0.002345679012345679,2.4210526943206787,0.07446808510638298,1.0526315789473684
344,2,35,0,32400,149,0.004598765432098765,9.92617416381836,0.2937062937062937,0.9463087248322147
344,2,35,1,32400,88,0.0027160493827160493,3.8863637447357178,0.25663716814159293,1.0681818181818181
344,2,35,2,32400,12,0.00037037037037037035,1.4166667461395264,0.0,0.75
344,3,1,0,32400,270,0.008333333333333333,10.033332824707031,-1.0,1.4222222222222223
344,3,1,1,32400,41,0.0012654320987654322,2.146341323852539,-1.0,1.0975609756097562
344,3,1,2,32400,43,0.0013271604938271606,3.6744182109832764,-1.0,0.9534883720930233
344,3,2,0,32400,162,0.005,13.55555534362793,0.3333333333333333,1.0432098765432098
344,3,2,1,32400,46,0.001419753086419753,3.3043479919433594,0.4146341463414634,1.0
344,3,2,2,32400,39,0.0012037037037037038,5.256410121917725,0.13953488372093023,0.7692307692307693
344,3,3,0,32400,107,0.0033024691358024692,4.598130702972412,0.2345679012345679,0.9719626168224299
344,3,3,1,32400,10,0.00030864197530864197,4.5,0.10869565217391304,0.2
344,3,3,2,32400,93,0.0028703703703703703,4.860215187072754,0.05128205128205128,1.2473118279569892
344,3,4,0,32400,46,0.001419753086419753,4.195652484893799,0.12149532710280374,0.8043478260869565
344,3,4,1,32400,56,0.0017283950617283952,3.0535714626312256,0.0,1.1428571428571428
344,3,4,2,32400,78,0.0024074074074074076,6.2948713302612305,0.06451612903225806,1.2692307692307692
344,3,5,0,32400,185,0.005709876543209876,2.843243360519409,0.08695652173913043,1.2702702702702702
344,3,5,1,32400,97,0.002993827160493827,7.14432954788208,0.03571428571428571,1.2061855670103092
344,3,5,2,32400,69,0.0021296296296296298,2.5797102451324463,0.19230769230769232,1.2318840579710144
344,3,6,0,32400,128,0.003950617283950617,7.7265625,0.1837837837837838,1.09375
344,3,6,1,32400,86,0.002654320987654321,3.302325487136841,0.09278350515463918,1.1395348837209303
344,3,6,2,32400,68,0.0020987654320987655,2.117647171020508,0.07246376811594203,1.1470588235294117
344,3,7,0,32400,91,0.002808641975308642,14.63736343383789,0.28125,0.8241758241758241
344,3,7,1,32400,136,0.004197530864197531,5.330882549285889,0.3023255813953488,1.2647058823529411
344,3,7,2,32400,62,0.0019135802469135803,2.435483694076538,0.04411764705882353,1.1129032258064515
344,3,8,0,32400,140,0.004320987654320987,9.728571891784668,0.3076923076923077,0.9785714285714285
344,3,8,1,32400,83,0.0025617283950617282,13.096384048461914,0.14705882352941177,1.1566265060240963
344,3,8,2,32400,22,0.0006790123456790123,2.8636364936828613,0.04838709677419355,0.6818181818181818
344,3,9,0,32400,155,0.004783950617283951,21.896774291992188,0.5571428571428572,1.135483870967742
344,3,9,1,32400,30,0.000925925925925926,15.70000171661377,0.13253012048192772,0.5
344,3,9,2,32400,82,0.0025308641975308644,2.2439024448394775,0.0,1.4146341463414633
344,3,10,0,32400,226,0.006975308641975308,13.623894691467285,0.6129032258064516,1.2168141592920354
344,3,10,1,32400,119,0.0036728395061728395,2.117647171020508,0.03333333333333333,1.226890756302521
344,3,10,2,32400,123,0.0037962962962962963,2.796747922897339,0.024390243902439025,1.2764227642276422
344,3,11,0,32400,143,0.00441358024691358,9.293705940246582,0.4026548672566372,0.8251748251748252
344,3,11,1,32400,215,0.006635802469135803,7.362792015075684,0.24369747899159663,1.3348837209302327
344,3,11,2,32400,119,0.0036728395061728395,6.252100944519043,0.17886178861788618,1.2100840336134453
344,3,12,0,32400,213,0.006574074074074074,5.915493011474609,0.46853146853146854,1.0657276995305165
344,3,12,1,32400,162,0.005,1106.9073486328125,0.2930232558139535,1.1419753086419753
344,3,12,2,32400,110,0.0033950617283950617,2.3545453548431396,0.37815126050420167,1.1181818181818182
344,3,13,0,32400,106,0.003271604938271605,16.50943374633789,0.2347417840375587,0.5566037735849056
344,3,13,1,32400,79,0.0024382716049382715,35.430381774902344,0.2654320987654321,1.139240506329114
344,3,13,2,32400,47,0.0014506172839506173,48.19148635864258,0.19090909090909092,0.8085106382978723
344,3,14,0,32400,205,0.006327160493827161,15.185364723205566,0.3490566037735849,0.9170731707317074
344,3,14,1,32400,185,0.005709876543209876,2.816216230392456,0.3037974683544304,1.3567567567567567
344,3,14,2,32400,20,0.0006172839506172839,1.25,0.2127659574468085,0.5
344,3,15,0,32400,89,0.0027469135802469136,22.157302856445312,0.2634146341463415,0.5617977528089888
344,3,15,1,32400,83,0.0025617283950617282,4.42168664932251,0.07567567567567568,0.9397590361445783
344,3,15,2,32400,3,9.259259259259259e-05,1.6666667461395264,0.0,0.6666666666666666
344,3,16,0,32400,114,0.0035185185185185185,2.3333332538604736,0.16853932584269662,1.1842105263157894
344,3,16,1,32400,71,0.002191358024691358,8.295774459838867,0.1686746987951807,1.1830985915492958
344,3,16,2,32400,69,0.0021296296296296298,2.2463767528533936,0.0,1.3768115942028984
344,3,17,0,32400,187,0.005771604938271605,3.4598934650421143,0.19298245614035087,1.1283422459893049
344,3,17,1,32400,57,0.0017592592592592592,11.736842155456543,0.1267605633802817,0.8771929824561403
344,3,17,2,32400,2,6.17283950617284e-05,1.0,0.0,0.0
344,3,18,0,32400,99,0.0030555555555555557,5.838384628295898,0.12834224598930483,1.0505050505050506
344,3,18,1,32400,91,0.002808641975308642,2.5054945945739746,0.05263157894736842,1.10989010989011
344,3,18,2,32400,45,0.001388888888888889,2.066666603088379,0.0,1.2222222222222223
344,3,19,0,32400,98,0.0030246913580246914,20.081632614135742,0.2828282828282828,1.0204081632653061
344,3,19,1,32400,94,0.0029012345679012346,2.1914892196655273,0.02197802197802198,1.3191489361702127
344,3,19,2,32400,100,0.0030864197530864196,2.7200000286102295,0.044444444444444446,1.3
344,3,20,0,32400,167,0.005154320987654321,6.754491806030273,0.336734693877551,1.251497005988024
344,3,20,1,32400,78,0.0024074074074074076,2.6794872283935547,0.06382978723404255,1.2564102564102564
344,3,20,2,32400,45,0.001388888888888889,9.55555534362793,0.05,1.1111111111111112
344,3,21,0,32400,79,0.0024382716049382715,13.759492874145508,0.2754491017964072,1.1772151898734178
344,3,21,1,32400,82,0.0025308641975308644,2.6951217651367188,0.01282051282051282,1.048780487804878
344,3,21,2,32400,59,0.0018209876543209876,6.966100692749023,0.17777777777777778,1.2542372881355932
344,3,22,0,32400,63,0.0019444444444444444,6.746032238006592,0.17721518987341772,0.9047619047619048
344,3,22,1,32400,134,0.004135802469135802,2.41791033744812,0.0,1.3208955223880596
344,3,22,2,32400,83,0.0025617283950617282,2.614457845687866,0.01694915254237288,1.3734939759036144
344,3,23,0,32400,175,0.005401234567901234,4.3428568840026855,0.07936507936507936,1.3428571428571427
344,3,23,1,32400,63,0.0019444444444444444,30.380958557128906,0.2462686567164179,0.9365079365079365
344,3,23,2,32400,37,0.0011419753086419754,3.1081082820892334,0.0963855421686747,0.6216216216216216
344,3,24,0,32400,156,0.004814814814814815,5.474359035491943,0.32571428571428573,1.1346153846153846
344,3,24,1,32400,131,0.00404320987654321,52.45039749145508,0.25396825396825395,1.1374045801526718
344,3,24,2,32400,53,0.0016358024691358025,2.301886796951294,0.02702702702702703,1.2075471698113207
344,3,25,0,32400,110,0.0033950617283950617,6.945454120635986,0.1282051282051282,0.8727272727272727
344,3,25,1,32400,71,0.002191358024691358,6.169013977050781,0.17557251908396945,1.1408450704225352
344,3,25,2,32400,24,0.0007407407407407407,2.7083334922790527,0.018867924528301886,1.0
344,3,26,0,32400,144,0.0044444444444444444,20.791667938232422,0.19090909090909092,1.0416666666666667
344,3,26,1,32400,140,0.004320987654320987,7.535714149475098,0.38028169014084506,1.2142857142857142
344,3,26,2,32400,1,3.08641975308642e-05,2.0,0.0,0.0
344,3,27,0,32400,120,0.003703703703703704,11.900001525878906,0.25,0.9333333333333333
344,3,27,1,32400,77,0.0023765432098765433,34.0649299621582,0.15714285714285714,1.051948051948052
344,3,27,2,32400,94,0.0029012345679012346,2.2765955924987793,0.0,1.2765957446808511
344,3,28,0,32400,126,0.0038888888888888888,12.142857551574707,0.2833333333333333,1.119047619047619
344,3,28,1,32400,122,0.003765432098765432,5.254097938537598,0.2077922077922078,1.1147540983606556
344,3,28,2,32400,38,0.0011728395061728395,6.815789699554443,0.031914893617021274,0.7631578947368421
344,3,29,0,32400,135,0.004166666666666667,7.148148059844971,0.40476190476190477,1.1185185185185185
344,3,29,1,32400,90,0.002777777777777778,11.155556678771973,0.13114754098360656,0.9777777777777777
344,3,29,2,32400,39,0.0012037037037037038,2.923076868057251,0.13157894736842105,0.8717948717948718
344,3,30,0,32400,89,0.0027469135802469136,11.303370475769043,0.16296296296296298,0.8651685393258427
344,3,30,1,32400,82,0.0025308641975308644,9.87804889678955,0.14444444444444443,1.1951219512195121
344,3,30,2,32400,45,0.001388888888888889,2.4666666984558105,0.0,1.1333333333333333
344,3,31,0,32400,91,0.002808641975308642,15.274724006652832,0.2247191011235955,0.9010989010989011
344,3,31,1,32400,102,0.003148148148148148,2.0098040103912354,0.17073170731707318,1.2549019607843137
344,3,31,2,32400,82,0.0025308641975308644,2.829268217086792,0.044444444444444446,1.2682926829268293
344,3,32,0,32400,76,0.002345679012345679,10.236842155456543,0.27472527472527475,1.118421052631579
344,3,32,1,32400,151,0.004660493827160494,3.2781457901000977,0.0,1.3443708609271523
344,3,32,2,32400,46,0.001419753086419753,1.6956522464752197,0.07317073170731707,1.108695652173913
344,3,33,0,32400,41,0.0012654320987654322,17.95121955871582,0.2236842105263158,0.6097560975609756
344,3,33,1,32400,60,0.001851851851851852,10.050000190734863,0.16556291390728478,0.9666666666666667
344,3,33,2,32400,35,0.0010802469135802468,8.371428489685059,0.021739130434782608,1.0285714285714285
344,3,34,0,32400,107,0.0033024691358024692,3.2056074142456055,0.14634146341463414,1.308411214953271
344,3,34,1,32400,81,0.0025,3.185185194015503,0.11666666666666667,1.0864197530864197
344,3,34,2,32400,45,0.001388888888888889,5.777778148651123,0.11428571428571428,1.1777777777777778
344,3,35,0,32400,83,0.0025617283950617282,8.891565322875977,0.16822429906542055,0.7831325301204819
344,3,35,1,32400,122,0.003765432098765432,2.5655736923217773,0.08641975308641975,1.2377049180327868
344,3,35,2,32400,34,0.0010493827160493827,3.3823530673980713,0.15555555555555556,0.8823529411764706
345,0,1,0,32400,183,0.005648148148148148,119.18030548095703,-1.0,0.994535519125683
345,0,1,1,32400,110,0.0033950617283950617,4.090909004211426,-1.0,1.190909090909091
345,0,1,2,32400,21,0.0006481481481481481,3.190476179122925,-1.0,0.38095238095238093
345,0,2,0,32400,120,0.003703703703703704,13.049999237060547,0.25136612021857924,0.8833333333333333
345,0,2,1,32400,191,0.005895061728395061,10.874344825744629,0.21818181818181817,1.3036649214659686
345,0,2,2,32400,31,0.0009567901234567902,2.0322580337524414,0.047619047619047616,0.8387096774193549
345,0,3,0,32400,66,0.002037037037037037,10.530303955078125,0.15,0.6363636363636364
345,0,3,1,32400,117,0.003611111111111111,8.495726585388184,0.17277486910994763,1.2478632478632479
345,0,3,2,32400,110,0.0033950617283950617,2.4727272987365723,0.22580645161290322,1.290909090909091
345,0,4,0,32400,74,0.002283950617283951,3.675675868988037,0.2878787878787879,0.8918918918918919
345,0,4,1,32400,115,0.0035493827160493828,4.3565216064453125,0.09401709401709402,1.173913043478261
345,0,4,2,32400,154,0.004753086419753087,5.675324440002441,0.20909090909090908,1.3246753246753247
345,0,5,0,32400,139,0.004290123456790124,14.42446231842041,0.2702702702702703,0.9712230215827338
345,0,5,1,32400,175,0.005401234567901234,4.9314284324646,0.24347826086956523,1.217142857142857
345,0,5,2,32400,36,0.0011111111111111111,1.9722222089767456,0.11688311688311688,0.6944444444444444
345,0,6,0,32400,203,0.006265432098765432,10.891624450683594,0.2446043165467626,0.9852216748768473
345,0,6,1,32400,197,0.006080246913580247,9.497461318969727,0.19428571428571428,1.2538071065989849
345,0,6,2,32400,55,0.0016975308641975309,3.109090805053711,0.027777777777777776,1.2727272727272727
345,0,7,0,32400,235,0.007253086419753086,11.331914901733398,0.31527093596059114,1.127659574468085
345,0,7,1,32400,76,0.002345679012345679,3.3289473056793213,0.17258883248730963,0.7894736842105263
345,0,7,2,32400,32,0.0009876543209876543,1.875,0.14545454545454545,1.0
345,0,8,0,32400,205,0.006327160493827161,7.7609758377075195,0.548936170212766,1.175609756097561
345,0,8,1,32400,85,0.002623456790123457,19.7176456451416,0.15789473684210525,1.3647058823529412
345,0,8,2,32400,49,0.0015123456790123457,1.9795918464660645,0.0,1.2857142857142858
345,0,9,0,32400,93,0.0028703703703703703,9.107526779174805,0.32682926829268294,0.7849462365591398
345,0,9,1,32400,87,0.002685185185185185,3.05747127532959,0.07058823529411765,1.1954022988505748
345,0,9,2,32400,33,0.0010185185185185184,1.8181818723678589,0.0,1.393939393939394
345,0,10,0,32400,41,0.0012654320987654322,2.682926654815674,0.3118279569892473,0.5121951219512195
345,0,10,1,32400,32,0.0009876543209876543,2.4375,0.26436781609195403,0.875
345,0,10,2,32400,26,0.0008024691358024691,2.076923131942749,0.0,0.9615384615384616
345,0,11,0,32400,71,0.002191358024691358,2.253520965576172,0.14634146341463414,1.2253521126760563
345,0,11,1,32400,133,0.004104938271604938,3.1578948497772217,0.0,1.2706766917293233
345,0,11,2,32400,38,0.0011728395061728395,1.7894736528396606,0.0,1.2894736842105263
345,0,12,0,32400,85,0.002623456790123457,17.3764705657959,0.30985915492957744,0.9529411764705882
345,0,12,1,32400,199,0.006141975308641976,7.135678291320801,0.2706766917293233,1.2663316582914572
345,0,12,2,32400,76,0.002345679012345679,2.3552632331848145,0.0,1.4078947368421053
345,0,13,0,32400,127,0.003919753086419753,7.220472812652588,0.16470588235294117,0.9448818897637795
345,0,13,1,32400,131,0.00404320987654321,3.8778626918792725,0.16080402010050251,1.1526717557251909
345,0,13,2,32400,25,0.0007716049382716049,1.959999918937683,0.05263157894736842,0.88
345,0,14,0,32400,97,0.002993827160493827,14.237112998962402,0.2204724409448819,0.9484536082474226
345,0,14,1,32400,114,0.0035185185185185185,2.71052622795105,0.12213740458015267,1.131578947368421
345,0,14,2,32400,7,0.0002160493827160494,6.285715103149414,0.08,0.14285714285714285
345,0,15,0,32400,135,0.004166666666666667,7.40000057220459,0.27835051546391754,1.1407407407407408
345,0,15,1,32400,162,0.005,4.777777671813965,0.06140350877192982,1.2654320987654322
345,0,15,2,32400,106,0.003271604938271605,2.3207547664642334,0.2857142857142857,1.3584905660377358
345,0,16,0,32400,163,0.005030864197530864,7.042944431304932,0.24444444444444444,1.0245398773006136
345,0,16,1,32400,319,0.00984567901234568,5.2476487159729,0.3395061728395062,1.4043887147335423
345,0,16,2,32400,88,0.0027160493827160493,2.659090995788574,0.05660377358490566,1.2840909090909092
345,0,17,0,32400,231,0.00712962962962963,8.606060981750488,0.1901840490797546,1.0692640692640694
345,0,17,1,32400,132,0.004074074074074074,6.0,0.10658307210031348,1.0757575757575757
345,0,17,2,32400,52,0.0016049382716049382,4.59615421295166,0.17045454545454544,0.75
345,0,18,0,32400,141,0.0043518518518518515,11.787233352661133,0.2554112554112554,1.0283687943262412
345,0,18,1,32400,94,0.0029012345679012346,2.5957446098327637,0.022727272727272728,1.2553191489361701
345,0,18,2,32400,42,0.0012962962962962963,5.9523820877075195,0.1346153846153846,0.8333333333333334
345,0,19,0,32400,160,0.0049382716049382715,9.18125057220459,0.3120567375886525,1.1875
345,0,19,1,32400,129,0.003981481481481482,2.573643445968628,0.02127659574468085,1.193798449612403
345,0,19,2,32400,35,0.0010802469135802468,2.2571427822113037,0.0,1.2857142857142858
345,0,20,0,32400,161,0.004969135802469136,11.633539199829102,0.1375,1.0559006211180124
345,0,20,1,32400,49,0.0015123456790123457,4.408163547515869,0.07751937984496124,1.0204081632653061
345,0,20,2,32400,35,0.0010802469135802468,8.685714721679688,0.22857142857142856,1.0
345,0,21,0,32400,101,0.003117283950617284,11.336633682250977,0.2111801242236025,1.1287128712871286
345,0,21,1,32400,111,0.003425925925925926,2.9009010791778564,0.04081632653061224,1.1801801801801801
345,0,21,2,32400,83,0.0025617283950617282,2.4578311443328857,0.22857142857142856,1.3975903614457832
345,0,22,0,32400,146,0.004506172839506173,15.924657821655273,0.21782178217821782,1.3356164383561644
345,0,22,1,32400,121,0.0037345679012345677,9.413222312927246,0.27927927927927926,1.2231404958677685
345,0,22,2,32400,16,0.0004938271604938272,1.5,0.0,0.6875
345,0,23,0,32400,142,0.004382716049382716,9.978873252868652,0.5136986301369864,1.4014084507042253
345,0,23,1,32400,217,0.0066975308641975305,3.073732614517212,0.24793388429752067,1.1843317972350231
345,0,23,2,32400,47,0.0014506172839506173,2.0638296604156494,0.0,1.5106382978723405
345,0,24,0,32400,108,0.0033333333333333335,5.138888835906982,0.19718309859154928,0.9444444444444444
345,0,24,1,32400,116,0.003580246913580247,6.224137783050537,0.12903225806451613,1.1206896551724137
345,0,24,2,32400,15,0.000462962962962963,2.133333444595337,0.02127659574468085,1.0666666666666667
345,0,25,0,32400,47,0.0014506172839506173,6.468084812164307,0.09259259259259259,0.44680851063829785
345,0,25,1,32400,86,0.002654320987654321,4.976744651794434,0.1896551724137931,1.0813953488372092
345,0,25,2,32400,16,0.0004938271604938272,1.8125,0.0,1.0
345,0,26,0,32400,145,0.004475308641975309,3.4000000953674316,0.10638297872340426,1.289655172413793
345,0,26,1,32400,115,0.0035493827160493828,2.5217390060424805,0.09302325581395349,1.173913043478261
345,0,26,2,32400,49,0.0015123456790123457,16.44898223876953,0.0,0.9387755102040817
345,0,27,0,32400,116,0.003580246913580247,85.09481811523438,0.22758620689655173,1.0258620689655173
345,0,27,1,32400,213,0.006574074074074074,3.563380241394043,0.08695652173913043,1.2863849765258215
345,0,27,2,32400,91,0.002808641975308642,1.9780219793319702,0.16326530612244897,1.043956043956044
345,0,28,0,32400,197,0.006080246913580247,3.2944161891937256,0.5258620689655172,1.131979695431472
345,0,28,1,32400,169,0.005216049382716049,10.177515029907227,0.2112676056338028,1.136094674556213
345,0,28,2,32400,47,0.0014506172839506173,6.48936128616333,0.0989010989010989,1.0851063829787233
345,0,29,0,32400,87,0.002685185185185185,6.712643146514893,0.1319796954314721,0.8505747126436781
345,0,29,1,32400,178,0.005493827160493827,8.314606666564941,0.1893491124260355,1.2415730337078652
345,0,29,2,32400,46,0.001419753086419753,1.7826087474822998,0.06382978723404255,1.173913043478261
345,0,30,0,32400,44,0.0013580246913580246,18.65909194946289,0.16091954022988506,1.0454545454545454
345,0,30,1,32400,106,0.003271604938271605,3.0849056243896484,0.10674157303370786,1.0188679245283019
345,0,30,2,32400,1,3.08641975308642e-05,21.000001907348633,0.0,0.0
345,0,31,0,32400,86,0.002654320987654321,31.19767951965332,0.38636363636363635,1.0465116279069768
345,0,31,1,32400,213,0.006574074074074074,9.755868911743164,0.0660377358490566,1.3896713615023475
345,0,31,2,32400,22,0.0006790123456790123,11.954545974731445,0.0,0.8181818181818182
345,0,32,0,32400,96,0.002962962962962963,9.916666984558105,0.19767441860465115,0.8229166666666666
345,0,32,1,32400,208,0.006419753086419753,10.572115898132324,0.28169014084507044,1.1778846153846154
345,0,32,2,32400,26,0.0008024691358024691,3.999999761581421,0.045454545454545456,0.6538461538461539
345,0,33,0,32400,162,0.005,24.46913719177246,0.21875,0.9876543209876543
345,0,33,1,32400,146,0.004506172839506173,25.8150691986084,0.23076923076923078,1.3767123287671232
345,0,33,2,32400,42,0.0012962962962962963,9.78571605682373,0.038461538461538464,1.119047619047619
345,0,34,0,32400,195,0.0060185185185185185,7.692307949066162,0.3888888888888889,0.9794871794871794
345,0,34,1,32400,98,0.0030246913580246914,5.204081058502197,0.11643835616438356,1.0
345,0,34,2,32400,21,0.0006481481481481481,3.4761905670166016,0.09523809523809523,0.7142857142857143
345,0,35,0,32400,92,0.002839506172839506,16.57608413696289,0.13333333333333333,1.1304347826086956
345,0,35,1,32400,56,0.0017283950617283952,2.5714287757873535,0.02040816326530612,1.2321428571428572
345,0,35,2,32400,87,0.002685185185185185,2.9885058403015137,0.047619047619047616,1.3563218390804597
345,1,1,0,32400,94,0.0029012345679012346,10.35106372833252,-1.0,0.7659574468085106
345,1,1,1,32400,183,0.005648148148148148,5.153005123138428,-1.0,1.3224043715846994
345,1,1,2,32400,40,0.0012345679012345679,2.2250001430511475,-1.0,0.75
345,1,2,0,32400,123,0.0037962962962962963,5.056910514831543,0.2978723404255319,0.9349593495934959
345,1,2,1,32400,173,0.0053395061728395065,26.057802200317383,0.36065573770491804,1.1271676300578035
345,1,2,2,32400,16,0.0004938271604938272,2.875,0.025,0.875
345,1,3,0,32400,179,0.0055246913580246915,7.301676273345947,0.2032520325203252,0.9664804469273743
345,1,3,1,32400,209,0.006450617283950617,7.7272725105285645,0.3063583815028902,1.3301435406698565
345,1,3,2,32400,51,0.001574074074074074,1.8627451658248901,0.0,1.2549019607843137
345,1,4,0,32400,44,0.0013580246913580246,37.59091567993164,0.05027932960893855,0.5681818181818182
345,1,4,1,32400,116,0.003580246913580247,14.137930870056152,0.3444976076555024,1.0086206896551724
345,1,4,2,32400,37,0.0011419753086419754,4.432432651519775,0.21568627450980393,1.027027027027027
345,1,5,0,32400,170,0.005246913580246914,12.74117660522461,0.3409090909090909,1.0588235294117647
345,1,5,1,32400,141,0.0043518518518518515,3.744680643081665,0.09482758620689655,1.2269503546099292
345,1,5,2,32400,14,0.0004320987654320988,1.3571429252624512,0.02702702702702703,0.5714285714285714
345,1,6,0,32400,190,0.005864197530864198,6.184210300445557,0.3058823529411765,1.0263157894736843
345,1,6,1,32400,213,0.006574074074074074,14.436622619628906,0.3191489361702128,1.403755868544601
345,1,6,2,32400,78,0.0024074074074074076,2.115384578704834,0.0,1.4102564102564104
345,1,7,0,32400,238,0.007345679012345679,37.92857360839844,0.3,1.1218487394957983
345,1,7,1,32400,153,0.004722222222222222,4.4836602210998535,0.26291079812206575,1.2091503267973855
345,1,7,2,32400,20,0.0006172839506172839,1.75,0.01282051282051282,0.6
345,1,8,0,32400,178,0.005493827160493827,4.702247142791748,0.28991596638655465,0.9775280898876404
345,1,8,1,32400,33,0.0010185185185185184,3.7575759887695312,0.09803921568627451,0.5757575757575758
345,1,8,2,32400,57,0.0017592592592592592,4.263158321380615,0.0,0.9649122807017544
345,1,9,0,32400,119,0.0036728395061728395,9.957983016967773,0.11797752808988764,1.1092436974789917
345,1,9,1,32400,92,0.002839506172839506,3.33695650100708,0.06060606060606061,1.2934782608695652
345,1,9,2,32400,48,0.0014814814814814814,5.3541669845581055,0.05263157894736842,1.0625
345,1,10,0,32400,89,0.0027469135802469136,13.876404762268066,0.14285714285714285,0.8764044943820225
345,1,10,1,32400,45,0.001388888888888889,11.088890075683594,0.21739130434782608,0.8444444444444444
345,1,10,2,32400,78,0.0024074074074074076,2.153846263885498,0.0625,1.4615384615384615
345,1,11,0,32400,155,0.004783950617283951,11.361289978027344,0.34831460674157305,1.1612903225806452
345,1,11,1,32400,80,0.0024691358024691358,2.2125000953674316,0.0,1.0375
345,1,11,2,32400,28,0.0008641975308641976,2.142857313156128,0.05128205128205128,1.1071428571428572
345,1,12,0,32400,132,0.004074074074074074,11.53787899017334,0.45161290322580644,1.0984848484848484
345,1,12,1,32400,182,0.005617283950617284,3.192307710647583,0.1375,1.3846153846153846
345,1,12,2,32400,49,0.0015123456790123457,3.1224489212036133,0.0,1.1428571428571428
345,1,13,0,32400,150,0.004629629629629629,10.073334693908691,0.17424242424242425,1.0533333333333332
345,1,13,1,32400,127,0.003919753086419753,5.346456527709961,0.17582417582417584,1.1653543307086613
345,1,13,2,32400,69,0.0021296296296296298,2.0579710006713867,0.0,1.3623188405797102
345,1,14,0,32400,94,0.0029012345679012346,16.851062774658203,0.29333333333333333,0.6914893617021277
345,1,14,1,32400,136,0.004197530864197531,2.941176414489746,0.2283464566929134,1.3014705882352942
345,1,14,2,32400,47,0.0014506172839506173,2.489361524581909,0.014492753623188406,1.0851063829787233
345,1,15,0,32400,193,0.00595679012345679,9.119171142578125,0.3404255319148936,1.2590673575129534
345,1,15,1,32400,210,0.006481481481481481,3.595238208770752,0.14705882352941177,1.2
345,1,15,2,32400,3,9.259259259259259e-05,14.333333969116211,0.02127659574468085,0.3333333333333333
345,1,16,0,32400,145,0.004475308641975309,19.579313278198242,0.31088082901554404,0.7310344827586207
345,1,16,1,32400,204,0.006296296296296296,19.367647171020508,0.32857142857142857,1.3774509803921569
345,1,16,2,32400,80,0.0024691358024691358,2.237499952316284,0.3333333333333333,1.2
345,1,17,0,32400,176,0.005432098765432099,29.545446395874023,0.32413793103448274,0.8409090909090909
345,1,17,1,32400,181,0.00558641975308642,9.662982940673828,0.19117647058823528,1.1878453038674033
345,1,17,2,32400,102,0.003148148148148148,8.62745189666748,0.1,1.0980392156862746
345,1,18,0,32400,263,0.008117283950617284,3.790874481201172,0.29545454545454547,1.0684410646387832
345,1,18,1,32400,146,0.004506172839506173,5.6027398109436035,0.17679558011049723,1.2054794520547945
345,1,18,2,32400,24,0.0007407407407407407,1.625,0.12745098039215685,0.75
345,1,19,0,32400,112,0.0034567901234567903,8.785715103149414,0.1520912547528517,0.8392857142857143
345,1,19,1,32400,122,0.003765432098765432,5.516393184661865,0.2054794520547945,1.1065573770491803
345,1,19,2,32400,16,0.0004938271604938272,3.875000238418579,0.041666666666666664,0.8125
345,1,20,0,32400,105,0.0032407407407407406,7.380952835083008,0.15178571428571427,0.9904761904761905
345,1,20,1,32400,139,0.004290123456790124,2.8489208221435547,0.09836065573770492,1.3237410071942446
345,1,20,2,32400,29,0.0008950617283950618,2.1379311084747314,0.0625,1.0689655172413792
345,1,21,0,32400,86,0.002654320987654321,2.5930233001708984,0.3047619047619048,1.1046511627906976
345,1,21,1,32400,217,0.0066975308641975305,6.101382255554199,0.23741007194244604,1.262672811059908
345,1,21,2,32400,42,0.0012962962962962963,2.9761905670166016,0.0,0.9523809523809523
345,1,22,0,32400,134,0.004135802469135802,2.059701442718506,0.22093023255813954,1.1417910447761195
345,1,22,1,32400,197,0.006080246913580247,9.162436485290527,0.22580645161290322,1.1421319796954315
345,1,22,2,32400,39,0.0012037037037037038,2.5128204822540283,0.0,1.0512820512820513
345,1,23,0,32400,162,0.005,13.469136238098145,0.3283582089552239,1.123456790123457
345,1,23,1,32400,86,0.002654320987654321,4.558139324188232,0.08629441624365482,1.058139534883721
345,1,23,2,32400,19,0.0005864197530864197,20.15789794921875,0.0,0.8421052631578947
345,1,24,0,32400,120,0.003703703703703704,8.016667366027832,0.3765432098765432,1.1166666666666667
345,1,24,1,32400,87,0.002685185185185185,4.655172348022461,0.12790697674418605,1.103448275862069
345,1,24,2,32400,4,0.0001234567901234568,1.25,0.10526315789473684,0.0
345,1,25,0,32400,129,0.003981481481481482,2.6356589794158936,0.225,1.2170542635658914
345,1,25,1,32400,42,0.0012962962962962963,16.61904525756836,0.2413793103448276,0.7619047619047619
345,1,25,2,32400,62,0.0019135802469135803,4.983870983123779,0.0,1.435483870967742
345,1,26,0,32400,139,0.004290123456790124,6.877697944641113,0.031007751937984496,1.39568345323741
345,1,26,1,32400,61,0.001882716049382716,3.4918031692504883,0.21428571428571427,1.0327868852459017
345,1,26,2,32400,44,0.0013580246913580246,4.113636493682861,0.16129032258064516,0.7954545454545454
345,1,27,0,32400,109,0.0033641975308641974,4.293577671051025,0.381294964028777,1.1009174311926606
345,1,27,1,32400,102,0.003148148148148148,4.921569347381592,0.03278688524590164,1.2843137254901962
345,1,27,2,32400,67,0.002067901234567901,1.7910447120666504,0.06818181818181818,1.044776119402985
345,1,28,0,32400,145,0.004475308641975309,7.537930965423584,0.41284403669724773,1.1310344827586207
345,1,28,1,32400,112,0.0034567901234567903,7.098215103149414,0.17647058823529413,0.9464285714285714
345,1,28,2,32400,39,0.0012037037037037038,2.692307710647583,0.014925373134328358,1.0512820512820513
345,1,29,0,32400,113,0.003487654320987654,25.176986694335938,0.13793103448275862,0.8584070796460177
345,1,29,1,32400,104,0.0032098765432098763,2.788461685180664,0.125,1.1346153846153846
345,1,29,2,32400,44,0.0013580246913580246,6.568181991577148,0.05128205128205128,1.1590909090909092
345,1,30,0,32400,63,0.0019444444444444444,1.8412699699401855,0.1504424778761062,1.0317460317460319
345,1,30,1,32400,43,0.0013271604938271606,5.279069900512695,0.11538461538461539,0.9069767441860465
345,1,30,2,32400,85,0.002623456790123457,8.082354545593262,0.022727272727272728,1.423529411764706
345,1,31,0,32400,65,0.002006172839506173,1.984615445137024,0.047619047619047616,1.2
345,1,31,1,32400,23,0.0007098765432098765,2.5652174949645996,0.023255813953488372,1.0434782608695652
345,1,31,2,32400,61,0.001882716049382716,3.9836063385009766,0.09411764705882353,1.2295081967213115
345,1,32,0,32400,80,0.0024691358024691358,3.387500047683716,0.1076923076923077,1.075
345,1,32,1,32400,74,0.002283950617283951,3.2162163257598877,0.043478260869565216,1.1486486486486487
345,1,32,2,32400,41,0.0012654320987654322,2.7073168754577637,0.03278688524590164,1.170731707317073
345,1,33,0,32400,135,0.004166666666666667,3.555555582046509,0.1125,1.1777777777777778
345,1,33,1,32400,44,0.0013580246913580246,11.159090995788574,0.3108108108108108,0.9318181818181818
345,1,33,2,32400,46,0.001419753086419753,2.7391304969787598,0.12195121951219512,1.0869565217391304
345,1,34,0,32400,208,0.006419753086419753,1.884615421295166,0.14074074074074075,1.1875
345,1,34,1,32400,132,0.004074074074074074,2.946969747543335,0.11363636363636363,1.0909090909090908
345,1,34,2,32400,34,0.0010493827160493827,2.470588207244873,0.06521739130434782,1.2058823529411764
345,1,35,0,32400,81,0.0025,32.16049575805664,0.0673076923076923,0.7901234567901234
345,1,35,1,32400,163,0.005030864197530864,2.5337421894073486,0.045454545454545456,1.2883435582822085
345,1,35,2,32400,15,0.000462962962962963,1.4666666984558105,0.058823529411764705,0.9333333333333333
345,2,1,0,32400,160,0.0049382716049382715,3.8375000953674316,-1.0,0.98125
345,2,1,1,32400,21,0.0006481481481481481,2.952380895614624,-1.0,0.42857142857142855
345,2,1,2,32400,32,0.0009876543209876543,3.59375,-1.0,0.59375
345,2,2,0,32400,47,0.0014506172839506173,15.042552947998047,0.15625,0.7021276595744681
345,2,2,1,32400,3,9.259259259259259e-05,6.6666669845581055,0.047619047619047616,0.0
345,2,2,2,32400,27,0.0008333333333333334,1.888888955116272,0.03125,1.2592592592592593
345,2,3,0,32400,97,0.002993827160493827,2.7113401889801025,0.2765957446808511,1.041237113402062
345,2,3,1,32400,26,0.0008024691358024691,3.692307949066162,0.0,0.6153846153846154
345,2,3,2,32400,70,0.0021604938271604936,2.5999999046325684,0.0,1.3285714285714285
345,2,4,0,32400,85,0.002623456790123457,3.8000001907348633,0.061855670103092786,1.188235294117647
345,2,4,1,32400,105,0.0032407407407407406,3.952381134033203,0.23076923076923078,1.3714285714285714
345,2,4,2,32400,36,0.0011111111111111111,2.8611111640930176,0.02857142857142857,1.1944444444444444
345,2,5,0,32400,140,0.004320987654320987,3.5999999046325684,0.15294117647058825,1.2214285714285715
345,2,5,1,32400,168,0.005185185185185185,5.910714626312256,0.3142857142857143,1.25
345,2,5,2,32400,65,0.002006172839506173,2.538461446762085,0.1111111111111111,1.1846153846153846
345,2,6,0,32400,141,0.0043518518518518515,16.226951599121094,0.29285714285714287,0.9432624113475178
345,2,6,1,32400,114,0.0035185185185185185,17.4385986328125,0.11904761904761904,1.0964912280701755
345,2,6,2,32400,24,0.0007407407407407407,3.125,0.09230769230769231,1.2083333333333333
345,2,7,0,32400,61,0.001882716049382716,15.655735969543457,0.23404255319148937,0.7377049180327869
345,2,7,1,32400,94,0.0029012345679012346,3.797872304916382,0.15789473684210525,1.0319148936170213
345,2,7,2,32400,113,0.003487654320987654,13.991150856018066,0.041666666666666664,1.079646017699115
345,2,8,0,32400,149,0.004598765432098765,2.134228229522705,0.2459016393442623,1.2885906040268456
345,2,8,1,32400,85,0.002623456790123457,2.0941176414489746,0.07446808510638298,1.1294117647058823
345,2,8,2,32400,20,0.0006172839506172839,2.700000047683716,0.035398230088495575,0.6
345,2,9,0,32400,84,0.0025925925925925925,12.726189613342285,0.2953020134228188,0.8452380952380952
345,2,9,1,32400,123,0.0037962962962962963,9.886177062988281,0.03529411764705882,1.2195121951219512
345,2,9,2,32400,62,0.0019135802469135803,2.1290321350097656,0.0,1.3064516129032258
345,2,10,0,32400,141,0.0043518518518518515,6.624113082885742,0.3333333333333333,1.2269503546099292
345,2,10,1,32400,80,0.0024691358024691358,4.337500095367432,0.24390243902439024,1.2625
345,2,10,2,32400,51,0.001574074074074074,1.843137264251709,0.0,1.3529411764705883
345,2,11,0,32400,198,0.006111111111111111,5.888888835906982,0.44680851063829785,1.1616161616161615
345,2,11,1,32400,134,0.004135802469135802,2.7910447120666504,0.15,1.2462686567164178
345,2,11,2,32400,21,0.0006481481481481481,1.6190476417541504,0.0196078431372549,0.9523809523809523
345,2,12,0,32400,154,0.004753086419753087,6.876623153686523,0.3484848484848485,0.987012987012987
345,2,12,1,32400,118,0.0036419753086419752,23.92373275756836,0.1417910447761194,1.0084745762711864
345,2,12,2,32400,21,0.0006481481481481481,2.761904716491699,0.0,1.1428571428571428
345,2,13,0,32400,175,0.005401234567901234,5.159999847412109,0.3051948051948052,0.9771428571428571
345,2,13,1,32400,130,0.004012345679012346,3.5461537837982178,0.05084745762711865,1.4
345,2,13,2,32400,82,0.0025308641975308644,2.7682926654815674,0.0,1.1341463414634145
345,2,14,0,32400,139,0.004290123456790124,14.32374095916748,0.18857142857142858,1.0287769784172662
345,2,14,1,32400,245,0.007561728395061728,3.1061222553253174,0.23846153846153847,1.2081632653061225
345,2,14,2,32400,36,0.0011111111111111111,1.638888955116272,0.024390243902439025,1.25
345,2,15,0,32400,114,0.0035185185185185185,4.236842155456543,0.23741007194244604,1.0
345,2,15,1,32400,132,0.004074074074074074,11.37121295928955,0.14285714285714285,1.1893939393939394
345,2,15,2,32400,62,0.0019135802469135803,2.8548386096954346,0.0,1.2258064516129032
345,2,16,0,32400,102,0.003148148148148148,2.9509804248809814,0.14912280701754385,0.8431372549019608
345,2,16,1,32400,139,0.004290123456790124,11.381296157836914,0.3333333333333333,1.2877697841726619
345,2,16,2,32400,3,9.259259259259259e-05,1.0,0.03225806451612903,0.3333333333333333
345,2,17,0,32400,61,0.001882716049382716,18.573766708374023,0.14705882352941177,0.8852459016393442
345,2,17,1,32400,117,0.003611111111111111,12.794873237609863,0.2949640287769784,1.0341880341880343
345,2,17,2,32400,22,0.0006790123456790123,2.1363637447357178,0.0,0.8181818181818182
345,2,18,0,32400,81,0.0025,3.4691357612609863,0.22950819672131148,0.9012345679012346
345,2,18,1,32400,40,0.0012345679012345679,2.7750000953674316,0.042735042735042736,0.775
345,2,18,2,32400,39,0.0012037037037037038,1.8205128908157349,0.0,1.205128205128205
345,2,19,0,32400,38,0.0011728395061728395,2.3421053886413574,0.06172839506172839,0.7894736842105263
345,2,19,1,32400,191,0.005895061728395061,2.4188482761383057,0.0,1.3455497382198953
345,2,19,2,32400,34,0.0010493827160493827,24.529415130615234,0.15384615384615385,0.9411764705882353
345,2,20,0,32400,94,0.0029012345679012346,6.276595592498779,0.3157894736842105,0.8723404255319149
345,2,20,1,32400,161,0.004969135802469136,3.0745341777801514,0.16753926701570682,1.0683229813664596
345,2,20,2,32400,49,0.0015123456790123457,1.5714285373687744,0.08823529411764706,1.1020408163265305
345,2,21,0,32400,132,0.004074074074074074,2.446969747543335,0.24468085106382978,1.378787878787879
345,2,21,1,32400,135,0.004166666666666667,8.577778816223145,0.08074534161490683,1.2518518518518518
345,2,21,2,32400,64,0.0019753086419753087,2.296875,0.0,1.1875
345,2,22,0,32400,86,0.002654320987654321,20.476743698120117,0.25757575757575757,0.872093023255814
345,2,22,1,32400,83,0.0025617283950617282,2.2048192024230957,0.05925925925925926,0.9397590361445783
345,2,22,2,32400,69,0.0021296296296296298,2.17391300201416,0.15625,1.0144927536231885
345,2,23,0,32400,77,0.0023765432098765433,6.9220781326293945,0.13953488372093023,1.0129870129870129
345,2,23,1,32400,47,0.0014506172839506173,9.872339248657227,0.0963855421686747,0.7872340425531915
345,2,23,2,32400,24,0.0007407407407407407,2.625,0.014492753623188406,1.2083333333333333
345,2,24,0,32400,82,0.0025308641975308644,2.951219320297241,0.06493506493506493,1.048780487804878
345,2,24,1,32400,94,0.0029012345679012346,2.702127456665039,0.0851063829787234,1.2765957446808511
345,2,24,2,32400,14,0.0004320987654320988,2.7142858505249023,0.0,0.7857142857142857
345,2,25,0,32400,107,0.0033024691358024692,20.40186882019043,0.3902439024390244,1.2990654205607477
345,2,25,1,32400,167,0.005154320987654321,2.359281539916992,0.0851063829787234,1.251497005988024
345,2,25,2,32400,24,0.0007407407407407407,2.25,0.0,0.7083333333333334
345,2,26,0,32400,99,0.0030555555555555557,9.666666984558105,0.308411214953271,1.2323232323232323
345,2,26,1,32400,84,0.0025925925925925925,21.452381134033203,0.11377245508982035,0.6547619047619048
345,2,26,2,32400,4,0.0001234567901234568,2.0,0.0,0.25
345,2,27,0,32400,61,0.001882716049382716,10.426228523254395,0.1919191919191919,0.5573770491803278
345,2,27,1,32400,54,0.0016666666666666668,3.055555582046509,0.15476190476190477,0.8333333333333334
345,2,27,2,32400,35,0.0010802469135802468,1.8285714387893677,0.0,1.3714285714285714
345,2,28,0,32400,110,0.0033950617283950617,3.236363649368286,0.29508196721311475,1.1545454545454545
345,2,28,1,32400,38,0.0011728395061728395,3.526315927505493,0.07407407407407407,0.9473684210526315
345,2,28,2,32400,40,0.0012345679012345679,6.3249993324279785,0.02857142857142857,1.325
345,2,29,0,32400,91,0.002808641975308642,11.340658187866211,0.37272727272727274,1.2087912087912087
345,2,29,1,32400,61,0.001882716049382716,25.262290954589844,0.21052631578947367,1.1147540983606556
345,2,29,2,32400,26,0.0008024691358024691,5.461538314819336,0.05,0.9615384615384616
345,2,30,0,32400,103,0.0031790123456790125,3.7378640174865723,0.3626373626373626,1.0097087378640777
345,2,30,1,32400,66,0.002037037037037037,21.742422103881836,0.21311475409836064,0.8787878787878788
345,2,30,2,32400,43,0.0013271604938271606,1.9534883499145508,0.038461538461538464,1.0
345,2,31,0,32400,191,0.005895061728395061,12.790576934814453,0.18446601941747573,1.3455497382198953
345,2,31,1,32400,61,0.001882716049382716,4.786884784698486,0.12121212121212122,1.0655737704918034
345,2,31,2,32400,36,0.0011111111111111111,2.277777910232544,0.0,1.4444444444444444
345,2,32,0,32400,140,0.004320987654320987,8.921428680419922,0.2670157068062827,1.2428571428571429
345,2,32,1,32400,111,0.003425925925925926,3.126126289367676,0.03278688524590164,1.1891891891891893
345,2,32,2,32400,50,0.0015432098765432098,2.0399999618530273,0.027777777777777776,1.28
345,2,33,0,32400,85,0.002623456790123457,2.305882453918457,0.14285714285714285,0.8352941176470589
345,2,33,1,32400,102,0.003148148148148148,2.401960849761963,0.10810810810810811,1.107843137254902
345,2,33,2,32400,36,0.0011111111111111111,11.888887405395508,0.04,1.1388888888888888
345,2,34,0,32400,131,0.00404320987654321,25.320613861083984,0.17647058823529413,1.297709923664122
345,2,34,1,32400,68,0.0020987654320987655,6.764706134796143,0.049019607843137254,1.0
345,2,34,2,32400,5,0.00015432098765432098,37.60000228881836,0.1111111111111111,0.0
345,2,35,0,32400,200,0.006172839506172839,8.774999618530273,0.21374045801526717,1.34
345,2,35,1,32400,203,0.006265432098765432,2.54679799079895,0.07352941176470588,1.3793103448275863
345,2,35,2,32400,40,0.0012345679012345679,3.075000047683716,0.2,1.15
345,3,1,0,32400,110,0.0033950617283950617,2.6636362075805664,-1.0,0.7727272727272727
345,3,1,1,32400,85,0.002623456790123457,8.705883026123047,-1.0,1.1764705882352942
345,3,1,2,32400,48,0.0014814814814814814,1.6458333730697632,-1.0,0.8958333333333334
345,3,2,0,32400,52,0.0016049382716049382,25.730775833129883,0.13636363636363635,0.5384615384615384
345,3,2,1,32400,133,0.004104938271604938,114.85710906982422,0.2823529411764706,1.255639097744361
345,3,2,2,32400,33,0.0010185185185185184,1.6666667461395264,0.0625,1.0606060606060606
345,3,3,0,32400,111,0.003425925925925926,9.873875617980957,0.4807692307692308,1.0
345,3,3,1,32400,181,0.00558641975308642,10.22099494934082,0.16541353383458646,1.3149171270718232
345,3,3,2,32400,36,0.0011111111111111111,3.25,0.030303030303030304,1.25
345,3,4,0,32400,118,0.0036419753086419752,10.36440658569336,0.3333333333333333,0.6779661016949152
345,3,4,1,32400,141,0.0043518518518518515,8.673759460449219,0.3867403314917127,1.1631205673758864
345,3,4,2,32400,131,0.00404320987654321,2.3740458488464355,0.027777777777777776,1.465648854961832
345,3,5,0,32400,112,0.0034567901234567903,17.464284896850586,0.22033898305084745,0.9464285714285714
345,3,5,1,32400,67,0.002067901234567901,63.53732681274414,0.14184397163120568,0.9104477611940298
345,3,5,2,32400,34,0.0010493827160493827,9.823530197143555,0.08396946564885496,0.6764705882352942
345,3,6,0,32400,139,0.004290123456790124,12.410072326660156,0.3392857142857143,0.935251798561151
345,3,6,1,32400,113,0.003487654320987654,4.265486240386963,0.07462686567164178,1.3185840707964602
345,3,6,2,32400,63,0.0019444444444444444,2.873016119003296,0.0,1.0476190476190477
345,3,7,0,32400,166,0.0051234567901234564,15.60843276977539,0.5107913669064749,0.963855421686747
345,3,7,1,32400,117,0.003611111111111111,16.15384864807129,0.24778761061946902,1.3162393162393162
345,3,7,2,32400,25,0.0007716049382716049,3.4800000190734863,0.031746031746031744,1.04
345,3,8,0,32400,190,0.005864197530864198,4.884210586547852,0.45180722891566266,0.8263157894736842
345,3,8,1,32400,145,0.004475308641975309,2.420689582824707,0.1794871794871795,1.1241379310344828
345,3,8,2,32400,17,0.0005246913580246914,2.529411792755127,0.0,0.8823529411764706
345,3,9,0,32400,135,0.004166666666666667,22.770370483398438,0.21578947368421053,1.1703703703703703
345,3,9,1,32400,82,0.0025308641975308644,6.402438640594482,0.2,1.4390243902439024
345,3,9,2,32400,56,0.0017283950617283952,2.0,0.0,0.9464285714285714
345,3,10,0,32400,235,0.007253086419753086,6.2297868728637695,0.2814814814814815,1.0765957446808512
345,3,10,1,32400,156,0.004814814814814815,4.942307949066162,0.4268292682926829,1.2756410256410255
345,3,10,2,32400,12,0.00037037037037037035,2.5833334922790527,0.017857142857142856,0.6666666666666666
345,3,11,0,32400,123,0.0037962962962962963,17.186988830566406,0.25957446808510637,1.0
345,3,11,1,32400,67,0.002067901234567901,4.641790866851807,0.07051282051282051,0.9253731343283582
345,3,11,2,32400,71,0.002191358024691358,2.4084506034851074,0.0,1.2253521126760563
345,3,12,0,32400,124,0.0038271604938271606,3.9193549156188965,0.25203252032520324,1.0725806451612903
345,3,12,1,32400,43,0.0013271604938271606,5.69767427444458,0.11940298507462686,0.7441860465116279
345,3,12,2,32400,14,0.0004320987654320988,43.214298248291016,0.1267605633802817,0.9285714285714286
345,3,13,0,32400,125,0.0038580246913580245,9.031999588012695,0.1693548387096774,1.28
345,3,13,1,32400,46,0.001419753086419753,6.9347825050354,0.27906976744186046,0.6956521739130435
345,3,13,2,32400,46,0.001419753086419753,2.1956522464752197,0.2857142857142857,1.2173913043478262
345,3,14,0,32400,86,0.002654320987654321,7.313953399658203,0.4,0.9651162790697675
345,3,14,1,32400,140,0.004320987654320987,19.2785701751709,0.15217391304347827,1.3
345,3,14,2,32400,61,0.001882716049382716,5.377048969268799,0.043478260869565216,1.2459016393442623
345,3,15,0,32400,50,0.0015432098765432098,10.860000610351562,0.09302325581395349,0.58
345,3,15,1,32400,152,0.004691358024691358,2.7565789222717285,0.18571428571428572,1.1973684210526316
345,3,15,2,32400,13,0.00040123456790123454,5.23076868057251,0.13114754098360656,0.38461538461538464
345,3,16,0,32400,60,0.001851851851851852,5.250000476837158,0.12,1.05
345,3,16,1,32400,113,0.003487654320987654,19.761062622070312,0.17105263157894737,1.2300884955752212
345,3,16,2,32400,59,0.0018209876543209876,2.491525411605835,0.0,1.2542372881355932
345,3,17,0,32400,113,0.003487654320987654,5.690265655517578,0.48333333333333334,1.2300884955752212
345,3,17,1,32400,97,0.002993827160493827,9.721649169921875,0.20353982300884957,1.0721649484536082
345,3,17,2,32400,63,0.0019444444444444444,11.253968238830566,0.2711864406779661,0.9047619047619048
345,3,18,0,32400,132,0.004074074074074074,3.9318182468414307,0.13274336283185842,1.0303030303030303
345,3,18,1,32400,82,0.0025308641975308644,23.60975456237793,0.26804123711340205,1.1097560975609757
345,3,18,2,32400,55,0.0016975308641975309,1.7454545497894287,0.047619047619047616,1.1272727272727272
345,3,19,0,32400,156,0.004814814814814815,10.711538314819336,0.24242424242424243,1.1217948717948718
345,3,19,1,32400,101,0.003117283950617284,2.495049476623535,0.18292682926829268,1.1287128712871286
345,3,19,2,32400,33,0.0010185185185185184,2.4242424964904785,0.01818181818181818,1.1818181818181819
345,3,20,0,32400,158,0.004876543209876543,4.987342357635498,0.23076923076923078,1.0759493670886076
345,3,20,1,32400,148,0.004567901234567902,6.95270299911499,0.1188118811881188,1.3243243243243243
345,3,20,2,32400,30,0.000925925925925926,1.933333396911621,0.06060606060606061,0.9
345,3,21,0,32400,191,0.005895061728395061,7.00523567199707,0.26582278481012656,1.1099476439790577
345,3,21,1,32400,118,0.0036419753086419752,3.008474588394165,0.07432432432432433,1.1355932203389831
345,3,21,2,32400,20,0.0006172839506172839,39.55000686645508,0.0,1.1
345,3,22,0,32400,151,0.004660493827160494,10.596027374267578,0.2879581151832461,0.9602649006622517
345,3,22,1,32400,54,0.0016666666666666668,26.981477737426758,0.05084745762711865,1.0
345,3,22,2,32400,9,0.0002777777777777778,1.6666666269302368,0.0,0.3333333333333333
345,3,23,0,32400,145,0.004475308641975309,16.510345458984375,0.3509933774834437,1.0482758620689656
345,3,23,1,32400,174,0.00537037037037037,2.126436710357666,0.037037037037037035,1.367816091954023
345,3,23,2,32400,60,0.001851851851851852,2.766666889190674,0.0,1.4
345,3,24,0,32400,122,0.003765432098765432,13.754097938537598,0.2896551724137931,1.1639344262295082
345,3,24,1,32400,59,0.0018209876543209876,9.89830493927002,0.1206896551724138,0.5932203389830508
345,3,24,2,32400,28,0.0008641975308641976,1.8571429252624512,0.05,1.1071428571428572
345,3,25,0,32400,48,0.0014814814814814814,3.3958334922790527,0.11475409836065574,0.8125
345,3,25,1,32400,52,0.0016049382716049382,3.0,0.06779661016949153,1.2884615384615385
345,3,25,2,32400,18,0.0005555555555555556,8.777777671813965,0.07142857142857142,0.7222222222222222
345,3,26,0,32400,52,0.0016049382716049382,2.076923131942749,0.041666666666666664,1.1346153846153846
345,3,26,1,32400,35,0.0010802469135802468,3.2285714149475098,0.15384615384615385,0.7714285714285715
345,3,26,2,32400,50,0.0015432098765432098,2.8999998569488525,0.05555555555555555,1.16
345,3,27,0,32400,108,0.0033333333333333335,3.5,0.038461538461538464,1.2407407407407407
345,3,27,1,32400,80,0.0024691358024691358,2.8125,0.3142857142857143,1.15
345,3,27,2,32400,48,0.0014814814814814814,1.9583333730697632,0.0,1.4375
345,3,28,0,32400,82,0.0025308641975308644,13.951218605041504,0.24074074074074073,0.8658536585365854
345,3,28,1,32400,55,0.0016975308641975309,3.1999998092651367,0.225,1.1454545454545455
345,3,28,2,32400,7,0.0002160493827160494,2.7142858505249023,0.0,1.1428571428571428
345,3,29,0,32400,86,0.002654320987654321,7.395349025726318,0.23170731707317074,1.0232558139534884
345,3,29,1,32400,139,0.004290123456790124,2.6187050342559814,0.01818181818181818,1.4172661870503598
345,3,29,2,32400,21,0.0006481481481481481,2.4285714626312256,0.0,0.9523809523809523
345,3,30,0,32400,111,0.003425925925925926,7.360360622406006,0.1511627906976744,1.3603603603603605
345,3,30,1,32400,210,0.006481481481481481,6.1761908531188965,0.2446043165467626,1.276190476190476
345,3,30,2,32400,71,0.002191358024691358,2.323943614959717,0.09523809523809523,1.3380281690140845
345,3,31,0,32400,244,0.007530864197530864,4.549180030822754,0.27927927927927926,1.1557377049180328
345,3,31,1,32400,111,0.003425925925925926,13.468470573425293,0.21904761904761905,1.2612612612612613
345,3,31,2,32400,50,0.0015432098765432098,3.0199999809265137,0.0,1.08
345,3,32,0,32400,114,0.0035185185185185185,11.070175170898438,0.1598360655737705,0.8508771929824561
345,3,32,1,32400,65,0.002006172839506173,2.9384615421295166,0.1981981981981982,0.8
345,3,32,2,32400,89,0.0027469135802469136,4.247190952301025,0.08,1.1910112359550562
345,3,33,0,32400,128,0.003950617283950617,5.9609375,0.32456140350877194,0.9765625
345,3,33,1,32400,132,0.004074074074074074,6.196969985961914,0.06153846153846154,1.3636363636363635
345,3,33,2,32400,134,0.004135802469135802,6.417910575866699,0.07865168539325842,1.4029850746268657
345,3,34,0,32400,160,0.0049382716049382715,8.850000381469727,0.2578125,1.2875
345,3,34,1,32400,115,0.0035493827160493828,25.773906707763672,0.24242424242424243,1.1043478260869566
345,3,34,2,32400,67,0.002067901234567901,5.447761058807373,0.14925373134328357,1.0597014925373134
345,3,35,0,32400,95,0.002932098765432099,42.24211883544922,0.40625,1.0842105263157895
345,3,35,1,32400,102,0.003148148148148148,12.235294342041016,0.3130434782608696,1.0392156862745099
345,3,35,2,32400,39,0.0012037037037037038,5.410256385803223,0.014925373134328358,0.6153846153846154
346,0,1,0,32400,219,0.006759259259259259,4.050228118896484,-1.0,1.0410958904109588
346,0,1,1,32400,70,0.0021604938271604936,2.414285659790039,-1.0,1.0714285714285714
346,0,1,2,32400,45,0.001388888888888889,1.5777778625488281,-1.0,0.6888888888888889
346,0,2,0,32400,285,0.008796296296296297,20.084203720092773,0.2146118721461187,1.280701754385965
346,0,2,1,32400,72,0.0022222222222222222,4.277777671813965,0.08571428571428572,0.9305555555555556
346,0,2,2,32400,73,0.0022530864197530865,2.479452133178711,0.0,1.5616438356164384
346,0,3,0,32400,157,0.004845679012345679,11.076433181762695,0.27017543859649124,0.8662420382165605
346,0,3,1,32400,120,0.003703703703703704,2.8583335876464844,0.05555555555555555,1.4083333333333334
346,0,3,2,32400,15,0.000462962962962963,1.133333444595337,0.0410958904109589,0.4666666666666667
346,0,4,0,32400,211,0.006512345679012346,8.928911209106445,0.34394904458598724,1.127962085308057
346,0,4,1,32400,176,0.005432098765432099,13.704544067382812,0.43333333333333335,1.3806818181818181
346,0,4,2,32400,15,0.000462962962962963,1.933333396911621,0.0,0.9333333333333333
346,0,5,0,32400,209,0.006450617283950617,9.588516235351562,0.32701421800947866,1.2870813397129186
346,0,5,1,32400,43,0.0013271604938271606,5.372092247009277,0.18181818181818182,1.0232558139534884
346,0,5,2,32400,19,0.0005864197530864197,18.68421173095703,0.13333333333333333,1.1578947368421053
346,0,6,0,32400,180,0.005555555555555556,14.100000381469727,0.40669856459330145,0.9777777777777777
346,0,6,1,32400,51,0.001574074074074074,4.1372551918029785,0.13953488372093023,0.9019607843137255
346,0,6,2,32400,42,0.0012962962962962963,1.8571429252624512,0.10526315789473684,1.119047619047619
346,0,7,0,32400,168,0.005185185185185185,13.083333969116211,0.36666666666666664,0.9345238095238095
346,0,7,1,32400,96,0.002962962962962963,2.875,0.0196078431372549,1.3333333333333333
346,0,7,2,32400,45,0.001388888888888889,2.511111259460449,0.047619047619047616,1.2666666666666666
346,0,8,0,32400,150,0.004629629629629629,9.613333702087402,0.35119047619047616,1.0133333333333334
346,0,8,1,32400,120,0.003703703703703704,5.575000286102295,0.16666666666666666,1.2333333333333334
346,0,8,2,32400,45,0.001388888888888889,2.355555534362793,0.0,1.0666666666666667
346,0,9,0,32400,160,0.0049382716049382715,5.3125,0.32,0.84375
346,0,9,1,32400,177,0.005462962962962963,2.3389830589294434,0.25833333333333336,1.0960451977401129
346,0,9,2,32400,26,0.0008024691358024691,5.34615421295166,0.0,1.1923076923076923
346,0,10,0,32400,168,0.005185185185185185,30.7261905670166,0.325,1.1785714285714286
346,0,10,1,32400,170,0.005246913580246914,11.523530006408691,0.14124293785310735,1.3529411764705883
346,0,10,2,32400,22,0.0006790123456790123,2.2272727489471436,0.0,0.9090909090909091
346,0,11,0,32400,199,0.006141975308641976,8.211054801940918,0.4880952380952381,1.1155778894472361
346,0,11,1,32400,83,0.0025617283950617282,2.9036142826080322,0.21176470588235294,0.927710843373494
346,0,11,2,32400,73,0.0022530864197530865,9.397260665893555,0.22727272727272727,1.178082191780822
346,0,12,0,32400,238,0.007345679012345679,7.247900009155273,0.3065326633165829,1.2100840336134453
346,0,12,1,32400,102,0.003148148148148148,5.088235378265381,0.08433734939759036,1.1764705882352942
346,0,12,2,32400,59,0.0018209876543209876,2.779660940170288,0.0410958904109589,1.423728813559322
346,0,13,0,32400,237,0.007314814814814815,10.362868309020996,0.37815126050420167,1.1645569620253164
346,0,13,1,32400,66,0.002037037037037037,8.878787994384766,0.12745098039215685,1.0454545454545454
346,0,13,2,32400,55,0.0016975308641975309,2.2545454502105713,0.0,1.1818181818181819
346,0,14,0,32400,180,0.005555555555555556,10.061111450195312,0.37130801687763715,0.9777777777777777
346,0,14,1,32400,92,0.002839506172839506,3.54347825050354,0.10606060606060606,1.1521739130434783
346,0,14,2,32400,63,0.0019444444444444444,1.936508059501648,0.0,1.3492063492063493
346,0,15,0,32400,118,0.0036419753086419752,4.474576473236084,0.2,0.9322033898305084
346,0,15,1,32400,156,0.004814814814814815,8.95512866973877,0.33695652173913043,1.3653846153846154
346,0,15,2,32400,31,0.0009567901234567902,56.74192810058594,0.031746031746031744,0.7096774193548387
346,0,16,0,32400,103,0.0031790123456790125,16.485437393188477,0.11016949152542373,0.912621359223301
346,0,16,1,32400,128,0.003950617283950617,3.0859375,0.2692307692307692,1.1328125
346,0,16,2,32400,27,0.0008333333333333334,2.444444417953491,0.0,1.0
346,0,17,0,32400,93,0.0028703703703703703,5.150537490844727,0.34951456310679613,1.2150537634408602
346,0,17,1,32400,118,0.0036419753086419752,2.3220338821411133,0.046875,1.1779661016949152
346,0,17,2,32400,43,0.0013271604938271606,2.5116279125213623,0.0,1.186046511627907
346,0,18,0,32400,29,0.0008950617283950618,9.896550178527832,0.0967741935483871,0.5862068965517241
346,0,18,1,32400,137,0.004228395061728395,3.3065693378448486,0.025423728813559324,1.2773722627737227
346,0,18,2,32400,26,0.0008024691358024691,3.384615421295166,0.0,1.0769230769230769
346,0,19,0,32400,86,0.002654320987654321,2.5232558250427246,0.10344827586206896,1.3953488372093024
346,0,19,1,32400,87,0.002685185185185185,4.0459771156311035,0.19708029197080293,0.9195402298850575
346,0,19,2,32400,20,0.0006172839506172839,1.899999976158142,0.038461538461538464,1.1
346,0,20,0,32400,65,0.002006172839506173,3.8615381717681885,0.046511627906976744,1.0
346,0,20,1,32400,127,0.003919753086419753,5.677165508270264,0.26436781609195403,1.094488188976378
346,0,20,2,32400,4,0.0001234567901234568,1.5,0.0,0.5
346,0,21,0,32400,108,0.0033333333333333335,11.129631042480469,0.16923076923076924,1.0648148148148149
346,0,21,1,32400,69,0.0021296296296296298,4.492753505706787,0.13385826771653545,0.927536231884058
346,0,21,2,32400,32,0.0009876543209876543,1.84375,0.0,0.9375
346,0,22,0,32400,111,0.003425925925925926,5.045045375823975,0.19444444444444445,1.2432432432432432
346,0,22,1,32400,106,0.003271604938271605,3.094339609146118,0.13043478260869565,1.150943396226415
346,0,22,2,32400,11,0.00033950617283950616,1.8181818723678589,0.0,0.5454545454545454
346,0,23,0,32400,104,0.0032098765432098763,29.49039077758789,0.5135135135135135,1.125
346,0,23,1,32400,180,0.005555555555555556,4.5,0.3018867924528302,1.211111111111111
346,0,23,2,32400,34,0.0010493827160493827,3.2941176891326904,0.0,1.2058823529411764
346,0,24,0,32400,139,0.004290123456790124,14.762590408325195,0.3942307692307692,0.935251798561151
346,0,24,1,32400,81,0.0025,40.19753646850586,0.19444444444444445,0.8888888888888888
346,0,24,2,32400,64,0.0019753086419753087,1.765625,0.0,1.390625
346,0,25,0,32400,178,0.005493827160493827,9.97752857208252,0.26618705035971224,0.9887640449438202
346,0,25,1,32400,104,0.0032098765432098763,7.846154689788818,0.08641975308641975,1.125
346,0,25,2,32400,28,0.0008641975308641976,2.1785714626312256,0.015625,1.1428571428571428
346,0,26,0,32400,253,0.007808641975308642,4.521739482879639,0.38202247191011235,1.3043478260869565
346,0,26,1,32400,126,0.0038888888888888888,13.857145309448242,0.23076923076923078,1.0952380952380953
346,0,26,2,32400,76,0.002345679012345679,3.486842155456543,0.0,1.131578947368421
346,0,27,0,32400,134,0.004135802469135802,11.223881721496582,0.22529644268774704,0.9402985074626866
346,0,27,1,32400,180,0.005555555555555556,2.7944445610046387,0.15079365079365079,1.288888888888889
346,0,27,2,32400,28,0.0008641975308641976,1.8571429252624512,0.013157894736842105,1.0714285714285714
346,0,28,0,32400,165,0.005092592592592593,13.327272415161133,0.4253731343283582,1.018181818181818
346,0,28,1,32400,88,0.0027160493827160493,31.011362075805664,0.16666666666666666,0.8863636363636364
346,0,28,2,32400,43,0.0013271604938271606,3.7441859245300293,0.07142857142857142,1.2093023255813953
346,0,29,0,32400,210,0.006481481481481481,56.75714874267578,0.41818181818181815,1.0809523809523809
346,0,29,1,32400,52,0.0016049382716049382,2.384615421295166,0.11363636363636363,0.8653846153846154
346,0,29,2,32400,27,0.0008333333333333334,2.1111111640930176,0.023255813953488372,0.9629629629629629
346,0,30,0,32400,305,0.009413580246913581,12.160655975341797,0.5571428571428572,1.2885245901639344
346,0,30,1,32400,107,0.0033024691358024692,3.121495246887207,0.057692307692307696,0.9719626168224299
346,0,30,2,32400,54,0.0016666666666666668,1.814814805984497,0.0,1.3333333333333333
346,0,31,0,32400,164,0.005061728395061729,7.4817070960998535,0.3540983606557377,1.0426829268292683
346,0,31,1,32400,62,0.0019135802469135803,10.790324211120605,0.11214953271028037,0.9032258064516129
346,0,31,2,32400,79,0.0024382716049382715,10.658227920532227,0.12962962962962962,1.0886075949367089
346,0,32,0,32400,88,0.0027160493827160493,4.659090995788574,0.20121951219512196,0.5113636363636364
346,0,32,1,32400,55,0.0016975308641975309,2.545454502105713,0.0967741935483871,0.8363636363636363
346,0,32,2,32400,10,0.00030864197530864197,3.799999952316284,0.0759493670886076,0.7
346,0,33,0,32400,155,0.004783950617283951,2.5290322303771973,0.07954545454545454,1.3870967741935485
346,0,33,1,32400,99,0.0030555555555555557,2.7373738288879395,0.0,1.0404040404040404
346,0,33,2,32400,30,0.000925925925925926,1.4666666984558105,0.1,1.1
346,0,34,0,32400,166,0.0051234567901234564,8.710843086242676,0.11612903225806452,1.144578313253012
346,0,34,1,32400,263,0.008117283950617284,2.7262356281280518,0.06060606060606061,1.326996197718631
346,0,34,2,32400,75,0.0023148148148148147,2.493333339691162,0.0,1.1333333333333333
346,0,35,0,32400,83,0.0025617283950617282,3.9156625270843506,0.10843373493975904,0.8795180722891566
346,0,35,1,32400,188,0.005802469135802469,20.702129364013672,0.14068441064638784,1.127659574468085
346,0,35,2,32400,89,0.0027469135802469136,1.584269642829895,0.013333333333333334,1.4943820224719102
346,1,1,0,32400,178,0.005493827160493827,7.466292381286621,-1.0,0.9325842696629213
346,1,1,1,32400,172,0.005308641975308642,8.837209701538086,-1.0,1.319767441860465
346,1,1,2,32400,9,0.0002777777777777778,1.7777777910232544,-1.0,0.1111111111111111
346,1,2,0,32400,121,0.0037345679012345677,5.4628095626831055,0.2696629213483146,0.8429752066115702
346,1,2,1,32400,173,0.0053395061728395065,5.23699426651001,0.2441860465116279,1.1618497109826589
346,1,2,2,32400,54,0.0016666666666666668,2.944444417953491,0.0,1.1111111111111112
346,1,3,0,32400,115,0.0035493827160493828,11.834783554077148,0.19834710743801653,0.9043478260869565
346,1,3,1,32400,108,0.0033333333333333335,6.490740776062012,0.12138728323699421,1.0277777777777777
346,1,3,2,32400,20,0.0006172839506172839,2.4000000953674316,0.0,0.9
346,1,4,0,32400,124,0.0038271604938271606,31.475805282592773,0.4,1.2016129032258065
346,1,4,1,32400,261,0.008055555555555555,8.605363845825195,0.28703703703703703,1.3984674329501916
346,1,4,2,32400,25,0.0007716049382716049,3.4800000190734863,0.05,1.12
346,1,5,0,32400,204,0.006296296296296296,6.196078777313232,0.49193548387096775,0.9656862745098039
346,1,5,1,32400,189,0.005833333333333334,12.005288124084473,0.2988505747126437,1.0952380952380953
346,1,5,2,32400,58,0.0017901234567901235,1.6896551847457886,0.04,1.2758620689655173
346,1,6,0,32400,220,0.006790123456790123,19.77272605895996,0.37745098039215685,1.0227272727272727
346,1,6,1,32400,139,0.004290123456790124,8.223021507263184,0.13756613756613756,1.1151079136690647
346,1,6,2,32400,36,0.0011111111111111111,4.0,0.034482758620689655,1.0
346,1,7,0,32400,177,0.005462962962962963,17.225988388061523,0.39545454545454545,0.9152542372881356
346,1,7,1,32400,125,0.0038580246913580245,21.440004348754883,0.30935251798561153,1.272
346,1,7,2,32400,59,0.0018209876543209876,3.6271185874938965,0.027777777777777776,1.1016949152542372
346,1,8,0,32400,206,0.006358024691358025,7.771844863891602,0.3785310734463277,1.0776699029126213
346,1,8,1,32400,107,0.0033024691358024692,3.6915886402130127,0.144,0.9158878504672897
346,1,8,2,32400,28,0.0008641975308641976,1.7857143878936768,0.03389830508474576,0.4642857142857143
346,1,9,0,32400,158,0.004876543209876543,9.164558410644531,0.3640776699029126,1.0506329113924051
346,1,9,1,32400,157,0.004845679012345679,2.4331209659576416,0.08411214953271028,1.0636942675159236
346,1,9,2,32400,40,0.0012345679012345679,1.75,0.03571428571428571,0.9
346,1,10,0,32400,172,0.005308641975308642,9.372093200683594,0.27848101265822783,1.1627906976744187
346,1,10,1,32400,137,0.004228395061728395,5.948904037475586,0.10191082802547771,1.313868613138686
346,1,10,2,32400,54,0.0016666666666666668,2.3888888359069824,0.0,1.3703703703703705
346,1,11,0,32400,133,0.004104938271604938,11.263157844543457,0.3372093023255814,1.1203007518796992
346,1,11,1,32400,125,0.0038580246913580245,15.37600040435791,0.0948905109489051,1.208
346,1,11,2,32400,14,0.0004320987654320988,3.0714287757873535,0.09259259259259259,0.6428571428571429
346,1,12,0,32400,93,0.0028703703703703703,6.0537638664245605,0.14285714285714285,0.8494623655913979
346,1,12,1,32400,148,0.004567901234567902,3.351351499557495,0.192,1.087837837837838
346,1,12,2,32400,15,0.000462962962962963,1.8666667938232422,0.0,0.6
346,1,13,0,32400,85,0.002623456790123457,8.435294151306152,0.23655913978494625,1.0941176470588236
346,1,13,1,32400,72,0.0022222222222222222,4.5,0.0945945945945946,1.1111111111111112
346,1,13,2,32400,0,0.0,0.0,0.0,0.0
346,1,14,0,32400,116,0.003580246913580247,3.3965516090393066,0.07058823529411765,1.0775862068965518
346,1,14,1,32400,146,0.004506172839506173,2.9383561611175537,0.1527777777777778,1.1643835616438356
346,1,14,2,32400,3,9.259259259259259e-05,2.0,-1.0,0.6666666666666666
346,1,15,0,32400,169,0.005216049382716049,5.21301794052124,0.15517241379310345,1.165680473372781
346,1,15,1,32400,158,0.004876543209876543,13.620251655578613,0.3287671232876712,1.1835443037974684
346,1,15,2,32400,40,0.0012345679012345679,5.875000476837158,0.0,1.6
346,1,16,0,32400,161,0.004969135802469136,8.639753341674805,0.1952662721893491,0.9316770186335404
346,1,16,1,32400,90,0.002777777777777778,17.744441986083984,0.23417721518987342,1.0222222222222221
346,1,16,2,32400,77,0.0023765432098765433,2.350649356842041,0.3,1.051948051948052
346,1,17,0,32400,85,0.002623456790123457,75.17649841308594,0.08695652173913043,0.9176470588235294
346,1,17,1,32400,107,0.0033024691358024692,2.934579372406006,0.12222222222222222,1.0841121495327102
346,1,17,2,32400,53,0.0016358024691358025,5.301887035369873,0.16883116883116883,0.8867924528301887
346,1,18,0,32400,80,0.0024691358024691358,3.1625001430511475,0.3058823529411765,0.7375
346,1,18,1,32400,121,0.0037345679012345677,10.611572265625,0.12149532710280374,1.322314049586777
346,1,18,2,32400,16,0.0004938271604938272,1.4375,0.09433962264150944,0.375
346,1,19,0,32400,98,0.0030246913580246914,2.551020383834839,0.0625,1.1326530612244898
346,1,19,1,32400,164,0.005061728395061729,18.067073822021484,0.4380165289256198,1.2682926829268293
346,1,19,2,32400,77,0.0023765432098765433,1.9090908765792847,0.125,1.4805194805194806
346,1,20,0,32400,113,0.003487654320987654,8.592920303344727,0.24489795918367346,0.9911504424778761
346,1,20,1,32400,147,0.004537037037037037,19.870750427246094,0.1402439024390244,0.9931972789115646
346,1,20,2,32400,102,0.003148148148148148,2.901960849761963,0.09090909090909091,1.1274509803921569
346,1,21,0,32400,121,0.0037345679012345677,11.818181037902832,0.2831858407079646,0.859504132231405
346,1,21,1,32400,46,0.001419753086419753,11.086956977844238,0.10884353741496598,0.7391304347826086
346,1,21,2,32400,20,0.0006172839506172839,20.850004196166992,0.029411764705882353,0.65
346,1,22,0,32400,117,0.003611111111111111,7.435898780822754,0.17355371900826447,0.9829059829059829
346,1,22,1,32400,64,0.0019753086419753087,2.40625,0.08695652173913043,0.9375
346,1,22,2,32400,46,0.001419753086419753,1.97826087474823,0.1,1.326086956521739
346,1,23,0,32400,159,0.004907407407407407,2.8427672386169434,0.20512820512820512,1.2452830188679245
346,1,23,1,32400,37,0.0011419753086419754,3.1351354122161865,0.109375,0.6756756756756757
346,1,23,2,32400,41,0.0012654320987654322,2.1951217651367188,0.043478260869565216,1.1951219512195121
346,1,24,0,32400,90,0.002777777777777778,4.711111068725586,0.22641509433962265,0.9333333333333333
346,1,24,1,32400,113,0.003487654320987654,2.6725664138793945,0.02702702702702703,1.0707964601769913
346,1,24,2,32400,9,0.0002777777777777778,1.5555555820465088,0.024390243902439025,0.7777777777777778
346,1,25,0,32400,103,0.0031790123456790125,11.213592529296875,0.2222222222222222,1.058252427184466
346,1,25,1,32400,114,0.0035185185185185185,7.552631855010986,0.05309734513274336,1.219298245614035
346,1,25,2,32400,76,0.002345679012345679,2.6052632331848145,0.2222222222222222,1.1973684210526316
346,1,26,0,32400,134,0.004135802469135802,3.7388057708740234,0.4563106796116505,1.171641791044776
346,1,26,1,32400,84,0.0025925925925925925,8.2619047164917,0.3333333333333333,0.8809523809523809
346,1,26,2,32400,29,0.0008950617283950618,2.1034481525421143,0.0,1.0689655172413792
346,1,27,0,32400,138,0.0042592592592592595,2.9275362491607666,0.2537313432835821,1.0797101449275361
346,1,27,1,32400,52,0.0016049382716049382,5.615385055541992,0.14285714285714285,0.8653846153846154
346,1,27,2,32400,23,0.0007098765432098765,2.0,0.0,1.2608695652173914
346,1,28,0,32400,151,0.004660493827160494,13.953642845153809,0.21014492753623187,1.1655629139072847
346,1,28,1,32400,91,0.002808641975308642,3.307692289352417,0.057692307692307696,1.2307692307692308
346,1,28,2,32400,15,0.000462962962962963,1.8666667938232422,0.0,0.8
346,1,29,0,32400,139,0.004290123456790124,5.136690616607666,0.33774834437086093,1.0863309352517985
346,1,29,1,32400,97,0.002993827160493827,19.020620346069336,0.3516483516483517,1.2268041237113403
346,1,29,2,32400,36,0.0011111111111111111,7.75,0.0,1.0277777777777777
346,1,30,0,32400,161,0.004969135802469136,3.7018635272979736,0.5035971223021583,1.0186335403726707
346,1,30,1,32400,111,0.003425925925925926,4.621621608734131,0.13402061855670103,1.2072072072072073
346,1,30,2,32400,109,0.0033641975308641974,5.513761043548584,0.027777777777777776,1.275229357798165
346,1,31,0,32400,118,0.0036419753086419752,50.508460998535156,0.3167701863354037,0.9067796610169492
346,1,31,1,32400,90,0.002777777777777778,5.3111114501953125,0.15315315315315314,1.0666666666666667
346,1,31,2,32400,20,0.0006172839506172839,2.450000047683716,0.05504587155963303,0.95
346,1,32,0,32400,116,0.003580246913580247,6.948276042938232,0.3559322033898305,0.896551724137931
346,1,32,1,32400,89,0.0027469135802469136,5.0786519050598145,0.08888888888888889,1.0898876404494382
346,1,32,2,32400,30,0.000925925925925926,2.933333396911621,0.0,0.9333333333333333
346,1,33,0,32400,88,0.0027160493827160493,15.204545974731445,0.20689655172413793,0.8181818181818182
346,1,33,1,32400,83,0.0025617283950617282,4.9156622886657715,0.15730337078651685,1.0843373493975903
346,1,33,2,32400,45,0.001388888888888889,2.4666666984558105,0.03333333333333333,1.2444444444444445
346,1,34,0,32400,167,0.005154320987654321,2.7784433364868164,0.48863636363636365,1.215568862275449
346,1,34,1,32400,78,0.0024074074074074076,35.67949295043945,0.12048192771084337,1.0
346,1,34,2,32400,89,0.0027469135802469136,2.033707857131958,0.06666666666666667,1.3258426966292134
346,1,35,0,32400,135,0.004166666666666667,9.437037467956543,0.20359281437125748,0.9629629629629629
346,1,35,1,32400,124,0.0038271604938271606,7.379031658172607,0.20512820512820512,1.3629032258064515
346,1,35,2,32400,50,0.0015432098765432098,2.119999885559082,0.056179775280898875,1.24
346,2,1,0,32400,180,0.005555555555555556,9.55555534362793,-1.0,1.2944444444444445
346,2,1,1,32400,82,0.0025308641975308644,2.0975608825683594,-1.0,1.2926829268292683
346,2,1,2,32400,24,0.0007407407407407407,4.7083330154418945,-1.0,0.2916666666666667
346,2,2,0,32400,208,0.006419753086419753,6.009615421295166,0.5388888888888889,1.2403846153846154
346,2,2,1,32400,121,0.0037345679012345677,13.140494346618652,0.15853658536585366,1.2231404958677685
346,2,2,2,32400,32,0.0009876543209876543,2.40625,0.125,1.0
346,2,3,0,32400,105,0.0032407407407407406,65.84761810302734,0.3269230769230769,0.7238095238095238
346,2,3,1,32400,107,0.0033024691358024692,30.504671096801758,0.3305785123966942,1.1214953271028036
346,2,3,2,32400,29,0.0008950617283950618,1.965517282485962,0.0,1.1379310344827587
346,2,4,0,32400,115,0.0035493827160493828,4.426086902618408,0.3047619047619048,1.008695652173913
346,2,4,1,32400,91,0.002808641975308642,4.329670429229736,0.205607476635514,1.098901098901099
346,2,4,2,32400,30,0.000925925925925926,3.0333335399627686,0.20689655172413793,0.9666666666666667
346,2,5,0,32400,124,0.0038271604938271606,22.725807189941406,0.10434782608695652,1.064516129032258
346,2,5,1,32400,137,0.004228395061728395,6.160584449768066,0.07692307692307693,1.3430656934306568
346,2,5,2,32400,68,0.0020987654320987655,2.25,0.0,1.4705882352941178
346,2,6,0,32400,125,0.0038580246913580245,4.328000068664551,0.11290322580645161,1.224
346,2,6,1,32400,135,0.004166666666666667,9.348149299621582,0.16058394160583941,1.2814814814814814
346,2,6,2,32400,10,0.00030864197530864197,6.900000095367432,0.08823529411764706,0.3
346,2,7,0,32400,83,0.0025617283950617282,13.08433723449707,0.088,0.8313253012048193
346,2,7,1,32400,73,0.0022530864197530865,8.054794311523438,0.18518518518518517,0.9452054794520548
346,2,7,2,32400,39,0.0012037037037037038,2.5641026496887207,0.3,1.0256410256410255
346,2,8,0,32400,41,0.0012654320987654322,4.682927131652832,0.13253012048192772,0.6829268292682927
346,2,8,1,32400,60,0.001851851851851852,1.8333333730697632,0.0410958904109589,1.1
346,2,8,2,32400,9,0.0002777777777777778,1.2222222089767456,0.10256410256410256,0.5555555555555556
346,2,9,0,32400,44,0.0013580246913580246,12.954546928405762,0.0975609756097561,0.8636363636363636
346,2,9,1,32400,95,0.002932098765432099,3.5789475440979004,0.0,1.1368421052631579
346,2,9,2,32400,26,0.0008024691358024691,1.8076924085617065,0.0,1.1538461538461537
346,2,10,0,32400,49,0.0015123456790123457,5.632653713226318,0.045454545454545456,0.9387755102040817
346,2,10,1,32400,126,0.0038888888888888888,5.222222328186035,0.14736842105263157,1.2380952380952381
346,2,10,2,32400,18,0.0005555555555555556,1.888888955116272,0.0,1.0
346,2,11,0,32400,64,0.0019753086419753087,2.34375,0.04081632653061224,1.15625
346,2,11,1,32400,129,0.003981481481481482,91.51936340332031,0.3412698412698413,1.1472868217054264
346,2,11,2,32400,38,0.0011728395061728395,3.8157894611358643,0.05555555555555555,1.1578947368421053
346,2,12,0,32400,142,0.004382716049382716,5.239437103271484,0.171875,0.9507042253521126
346,2,12,1,32400,126,0.0038888888888888888,6.126984596252441,0.23255813953488372,1.2222222222222223
346,2,12,2,32400,51,0.001574074074074074,16.62744903564453,0.02631578947368421,1.2156862745098038
346,2,13,0,32400,108,0.0033333333333333335,12.796296119689941,0.2323943661971831,1.0648148148148149
346,2,13,1,32400,224,0.006913580246913581,11.209822654724121,0.12698412698412698,1.1919642857142858
346,2,13,2,32400,23,0.0007098765432098765,8.000000953674316,0.29411764705882354,0.6086956521739131
346,2,14,0,32400,234,0.007222222222222222,6.850427627563477,0.2962962962962963,1.2094017094017093
346,2,14,1,32400,162,0.005,6.061728477478027,0.125,1.1296296296296295
346,2,14,2,32400,29,0.0008950617283950618,1.8275861740112305,0.0,0.9655172413793104
346,2,15,0,32400,285,0.008796296296296297,16.89824676513672,0.6196581196581197,1.207017543859649
346,2,15,1,32400,86,0.002654320987654321,2.6395349502563477,0.2716049382716049,1.0116279069767442
346,2,15,2,32400,46,0.001419753086419753,4.5652174949646,0.0,1.0
346,2,16,0,32400,289,0.008919753086419752,11.961935997009277,0.38596491228070173,1.1972318339100345
346,2,16,1,32400,64,0.0019753086419753087,13.390625,0.09302325581395349,1.046875
346,2,16,2,32400,56,0.0017283950617283952,3.7857143878936768,0.021739130434782608,1.2321428571428572
346,2,17,0,32400,137,0.004228395061728395,11.284671783447266,0.2422145328719723,0.8394160583941606
346,2,17,1,32400,36,0.0011111111111111111,5.666666507720947,0.25,0.8333333333333334
346,2,17,2,32400,50,0.0015432098765432098,3.7799999713897705,0.07142857142857142,1.06
346,2,18,0,32400,147,0.004537037037037037,5.374149322509766,0.25547445255474455,1.0272108843537415
346,2,18,1,32400,188,0.005802469135802469,5.755319118499756,0.3333333333333333,1.4308510638297873
346,2,18,2,32400,42,0.0012962962962962963,3.9285712242126465,0.14,0.7619047619047619
346,2,19,0,32400,100,0.0030864197530864196,6.539999961853027,0.32653061224489793,0.81
346,2,19,1,32400,147,0.004537037037037037,2.952380895614624,0.28191489361702127,1.0816326530612246
346,2,19,2,32400,20,0.0006172839506172839,2.549999952316284,0.0,1.3
346,2,20,0,32400,84,0.0025925925925925925,21.583335876464844,0.44,0.9523809523809523
346,2,20,1,32400,167,0.005154320987654321,2.389221668243408,0.034013605442176874,1.4191616766467066
346,2,20,2,32400,71,0.002191358024691358,2.4225351810455322,0.0,1.352112676056338
346,2,21,0,32400,179,0.0055246913580246915,4.212290287017822,0.3333333333333333,1.3016759776536313
346,2,21,1,32400,158,0.004876543209876543,68.81013488769531,0.17365269461077845,1.1772151898734178
346,2,21,2,32400,99,0.0030555555555555557,2.2727272510528564,0.028169014084507043,1.3737373737373737
346,2,22,0,32400,140,0.004320987654320987,14.328573226928711,0.3463687150837989,0.9142857142857143
346,2,22,1,32400,146,0.004506172839506173,12.15068531036377,0.23417721518987342,1.095890410958904
346,2,22,2,32400,34,0.0010493827160493827,1.6764706373214722,0.020202020202020204,0.47058823529411764
346,2,23,0,32400,212,0.00654320987654321,11.216980934143066,0.29285714285714287,1.1226415094339623
346,2,23,1,32400,155,0.004783950617283951,6.090322494506836,0.17123287671232876,1.167741935483871
346,2,23,2,32400,37,0.0011419753086419754,7.702702045440674,0.029411764705882353,0.918918918918919
346,2,24,0,32400,247,0.007623456790123457,15.878544807434082,0.49528301886792453,1.1133603238866396
346,2,24,1,32400,152,0.004691358024691358,2.625,0.0967741935483871,1.381578947368421
346,2,24,2,32400,76,0.002345679012345679,3.1973683834075928,0.05405405405405406,1.2105263157894737
346,2,25,0,32400,125,0.0038580246913580245,14.016000747680664,0.291497975708502,0.936
346,2,25,1,32400,170,0.005246913580246914,4.923530101776123,0.24342105263157895,1.1647058823529413
346,2,25,2,32400,5,0.00015432098765432098,2.0,0.039473684210526314,0.0
346,2,26,0,32400,112,0.0034567901234567903,17.821430206298828,0.344,1.0178571428571428
346,2,26,1,32400,244,0.007530864197530864,21.68032455444336,0.2411764705882353,1.2663934426229508
346,2,26,2,32400,65,0.002006172839506173,3.0153846740722656,0.0,1.1076923076923078
346,2,27,0,32400,247,0.007623456790123457,14.66801643371582,0.5357142857142857,0.9676113360323887
346,2,27,1,32400,67,0.002067901234567901,3.089552164077759,0.1721311475409836,0.8059701492537313
346,2,27,2,32400,44,0.0013580246913580246,2.840909242630005,0.0,0.9545454545454546
346,2,28,0,32400,160,0.0049382716049382715,19.043750762939453,0.32388663967611336,0.86875
346,2,28,1,32400,176,0.005432098765432099,5.9602274894714355,0.11940298507462686,1.0568181818181819
346,2,28,2,32400,34,0.0010493827160493827,1.5882352590560913,0.0,1.411764705882353
346,2,29,0,32400,221,0.006820987654320988,13.316742897033691,0.35,1.2805429864253393
346,2,29,1,32400,42,0.0012962962962962963,15.04762077331543,0.14772727272727273,0.6904761904761905
346,2,29,2,32400,99,0.0030555555555555557,7.222222328186035,0.20588235294117646,1.2424242424242424
346,2,30,0,32400,283,0.008734567901234568,6.908127307891846,0.47058823529411764,1.2508833922261484
346,2,30,1,32400,145,0.004475308641975309,3.579310417175293,0.3333333333333333,1.1793103448275861
346,2,30,2,32400,30,0.000925925925925926,2.3000001907348633,0.050505050505050504,0.7666666666666667
346,2,31,0,32400,191,0.005895061728395061,6.5445027351379395,0.24028268551236748,1.0157068062827226
346,2,31,1,32400,86,0.002654320987654321,2.9418604373931885,0.0896551724137931,1.1744186046511629
346,2,31,2,32400,24,0.0007407407407407407,5.333333492279053,0.16666666666666666,0.6666666666666666
346,2,32,0,32400,108,0.0033333333333333335,13.027778625488281,0.19895287958115182,1.1296296296296295
346,2,32,1,32400,92,0.002839506172839506,12.043478012084961,0.13953488372093023,1.0543478260869565
346,2,32,2,32400,12,0.00037037037037037035,3.75,0.20833333333333334,0.3333333333333333
346,2,33,0,32400,66,0.002037037037037037,1.454545497894287,0.25,0.8787878787878788
346,2,33,1,32400,74,0.002283950617283951,8.121622085571289,0.16304347826086957,1.0810810810810811
346,2,33,2,32400,33,0.0010185185185185184,2.0303030014038086,0.08333333333333333,1.2121212121212122
346,2,34,0,32400,62,0.0019135802469135803,1.9354838132858276,0.015151515151515152,0.8225806451612904
346,2,34,1,32400,179,0.0055246913580246915,2.7932960987091064,0.08108108108108109,1.2737430167597765
346,2,34,2,32400,41,0.0012654320987654322,2.2926828861236572,0.0,1.048780487804878
346,2,35,0,32400,75,0.0023148148148148147,4.453333377838135,0.03225806451612903,0.8
346,2,35,1,32400,112,0.0034567901234567903,2.9732143878936768,0.0446927374301676,1.0714285714285714
346,2,35,2,32400,146,0.004506172839506173,3.1027398109436035,0.0,1.4657534246575343
346,3,1,0,32400,138,0.0042592592592592595,2.507246494293213,-1.0,0.9855072463768116
346,3,1,1,32400,73,0.0022530864197530865,2.6986300945281982,-1.0,1.0547945205479452
346,3,1,2,32400,90,0.002777777777777778,8.088889122009277,-1.0,1.1222222222222222
346,3,2,0,32400,72,0.0022222222222222222,22.305557250976562,0.21014492753623187,0.8194444444444444
346,3,2,1,32400,103,0.0031790123456790125,2.2718446254730225,0.0410958904109589,1.174757281553398
346,3,2,2,32400,60,0.001851851851851852,1.8166667222976685,0.044444444444444446,1.3166666666666667
346,3,3,0,32400,81,0.0025,6.864197731018066,0.4027777777777778,0.8641975308641975
346,3,3,1,32400,126,0.0038888888888888888,9.595239639282227,0.24271844660194175,1.253968253968254
346,3,3,2,32400,72,0.0022222222222222222,2.2638888359069824,0.03333333333333333,1.2222222222222223
346,3,4,0,32400,33,0.0010185185185185184,1.9090909957885742,0.09876543209876543,0.6363636363636364
346,3,4,1,32400,107,0.0033024691358024692,3.710280179977417,0.16666666666666666,1.0
346,3,4,2,32400,10,0.00030864197530864197,1.899999976158142,0.06944444444444445,0.3
346,3,5,0,32400,61,0.001882716049382716,2.819671869277954,0.030303030303030304,1.098360655737705
346,3,5,1,32400,121,0.0037345679012345677,3.5702476501464844,0.037383177570093455,1.0330578512396693
346,3,5,2,32400,13,0.00040123456790123454,2.230769395828247,0.1,0.5384615384615384
346,3,6,0,32400,167,0.005154320987654321,3.7664670944213867,0.26229508196721313,1.3353293413173652
346,3,6,1,32400,76,0.002345679012345679,8.236842155456543,0.04132231404958678,1.3289473684210527
346,3,6,2,32400,4,0.0001234567901234568,3.0,0.0,0.5
346,3,7,0,32400,153,0.004722222222222222,14.189542770385742,0.2934131736526946,1.091503267973856
346,3,7,1,32400,171,0.005277777777777778,4.3684210777282715,0.27631578947368424,1.2982456140350878
346,3,7,2,32400,59,0.0018209876543209876,2.6610169410705566,0.0,1.2881355932203389
346,3,8,0,32400,92,0.002839506172839506,20.93478012084961,0.16339869281045752,0.8152173913043478
346,3,8,1,32400,191,0.005895061728395061,2.7696335315704346,0.19298245614035087,1.1884816753926701
346,3,8,2,32400,77,0.0023765432098765433,2.0779221057891846,0.01694915254237288,1.2077922077922079
346,3,9,0,32400,87,0.002685185185185185,8.482759475708008,0.10869565217391304,0.9885057471264368
346,3,9,1,32400,108,0.0033333333333333335,2.5,0.09947643979057591,1.1296296296296295
346,3,9,2,32400,34,0.0010493827160493827,3.911764621734619,0.09090909090909091,0.8529411764705882
346,3,10,0,32400,140,0.004320987654320987,3.107142925262451,0.26436781609195403,1.1714285714285715
346,3,10,1,32400,101,0.003117283950617284,13.930692672729492,0.2037037037037037,1.188118811881188
346,3,10,2,32400,18,0.0005555555555555556,9.611111640930176,0.0,0.7777777777777778
346,3,11,0,32400,135,0.004166666666666667,6.2814812660217285,0.22857142857142856,1.0518518518518518
346,3,11,1,32400,129,0.003981481481481482,5.015503883361816,0.2376237623762376,1.178294573643411
346,3,11,2,32400,72,0.0022222222222222222,3.2222225666046143,0.05555555555555555,1.3055555555555556
346,3,12,0,32400,158,0.004876543209876543,10.683545112609863,0.34074074074074073,1.0886075949367089
346,3,12,1,32400,94,0.0029012345679012346,5.510638236999512,0.06201550387596899,1.2340425531914894
346,3,12,2,32400,44,0.0013580246913580246,4.727272987365723,0.2222222222222222,1.1136363636363635
346,3,13,0,32400,84,0.0025925925925925925,18.702381134033203,0.2974683544303797,0.6547619047619048
346,3,13,1,32400,95,0.002932098765432099,4.421052932739258,0.1276595744680851,1.0526315789473684
346,3,13,2,32400,39,0.0012037037037037038,2.461538553237915,0.18181818181818182,1.0256410256410255
346,3,14,0,32400,192,0.005925925925925926,3.7604167461395264,0.30952380952380953,1.2760416666666667
346,3,14,1,32400,186,0.005740740740740741,2.3010752201080322,0.1368421052631579,1.3387096774193548
346,3,14,2,32400,59,0.0018209876543209876,4.423728942871094,0.10256410256410256,1.305084745762712
346,3,15,0,32400,197,0.006080246913580247,7.111674785614014,0.3645833333333333,1.0304568527918783
346,3,15,1,32400,227,0.007006172839506173,4.942730903625488,0.021505376344086023,1.3700440528634361
346,3,15,2,32400,64,0.0019753086419753087,1.78125,0.05084745762711865,1.265625
346,3,16,0,32400,112,0.0034567901234567903,9.464285850524902,0.36548223350253806,0.7321428571428571
346,3,16,1,32400,103,0.0031790123456790125,8.8640775680542,0.16299559471365638,1.0097087378640777
346,3,16,2,32400,30,0.000925925925925926,15.466667175292969,0.078125,0.9666666666666667
346,3,17,0,32400,163,0.005030864197530864,5.4110426902771,0.21428571428571427,1.147239263803681
346,3,17,1,32400,63,0.0019444444444444444,20.222227096557617,0.06796116504854369,1.1111111111111112
346,3,17,2,32400,67,0.002067901234567901,2.059701442718506,0.16666666666666666,1.373134328358209
346,3,18,0,32400,151,0.004660493827160494,12.225167274475098,0.27607361963190186,1.0596026490066226
346,3,18,1,32400,157,0.004845679012345679,4.464968204498291,0.19047619047619047,1.2101910828025477
346,3,18,2,32400,44,0.0013580246913580246,2.409090995788574,0.029850746268656716,1.0681818181818181
346,3,19,0,32400,92,0.002839506172839506,2.86956524848938,0.11258278145695365,0.8043478260869565
346,3,19,1,32400,53,0.0016358024691358025,6.415094375610352,0.11464968152866242,0.9056603773584906
346,3,19,2,32400,53,0.0016358024691358025,3.3207547664642334,0.022727272727272728,0.9811320754716981
346,3,20,0,32400,54,0.0016666666666666668,8.833334922790527,0.13043478260869565,0.7962962962962963
346,3,20,1,32400,155,0.004783950617283951,3.277419328689575,0.11320754716981132,1.4580645161290322
346,3,20,2,32400,57,0.0017592592592592592,3.9298245906829834,0.05660377358490566,1.1578947368421053
346,3,21,0,32400,107,0.0033024691358024692,2.467289686203003,0.1111111111111111,1.0560747663551402
346,3,21,1,32400,190,0.005864197530864198,18.889476776123047,0.47096774193548385,1.3263157894736841
346,3,21,2,32400,73,0.0022530864197530865,23.6849308013916,0.2631578947368421,1.1917808219178083
346,3,22,0,32400,206,0.006358024691358025,9.344659805297852,0.102803738317757,1.0339805825242718
346,3,22,1,32400,192,0.005925925925925926,12.192708969116211,0.22631578947368422,1.25
346,3,22,2,32400,74,0.002283950617283951,5.378378868103027,0.0958904109589041,1.1891891891891893
346,3,23,0,32400,247,0.007623456790123457,6.9068827629089355,0.34951456310679613,0.9352226720647774
346,3,23,1,32400,113,0.003487654320987654,13.94690227508545,0.22395833333333334,1.1415929203539823
346,3,23,2,32400,147,0.004537037037037037,5.129251003265381,0.06756756756756757,1.2040816326530612
346,3,24,0,32400,119,0.0036728395061728395,7.957983493804932,0.1659919028340081,0.5714285714285714
346,3,24,1,32400,83,0.0025617283950617282,8.590362548828125,0.13274336283185842,1.0602409638554218
346,3,24,2,32400,46,0.001419753086419753,2.36956524848938,0.1360544217687075,0.6956521739130435
346,3,25,0,32400,128,0.003950617283950617,18.5625,0.23529411764705882,0.9296875
346,3,25,1,32400,77,0.0023765432098765433,10.740259170532227,0.12048192771084337,1.0
346,3,25,2,32400,4,0.0001234567901234568,24.749998092651367,0.021739130434782608,0.0
346,3,26,0,32400,95,0.002932098765432099,7.36842155456543,0.2734375,0.9578947368421052
346,3,26,1,32400,124,0.0038271604938271606,2.7338709831237793,0.012987012987012988,1.2741935483870968
346,3,26,2,32400,59,0.0018209876543209876,2.8983051776885986,0.25,1.1694915254237288
346,3,27,0,32400,120,0.003703703703703704,16.433332443237305,0.2631578947368421,1.2583333333333333
346,3,27,1,32400,119,0.0036728395061728395,10.70588493347168,0.06451612903225806,1.2605042016806722
346,3,27,2,32400,27,0.0008333333333333334,2.444444417953491,0.05084745762711865,0.8888888888888888
346,3,28,0,32400,62,0.0019135802469135803,2.064516067504883,0.13333333333333333,0.5161290322580645
346,3,28,1,32400,167,0.005154320987654321,3.005988121032715,0.06722689075630252,1.2634730538922156
346,3,28,2,32400,42,0.0012962962962962963,2.3809523582458496,0.1111111111111111,0.9761904761904762
346,3,29,0,32400,114,0.0035185185185185185,3.140350818634033,0.04838709677419355,1.2456140350877194
346,3,29,1,32400,145,0.004475308641975309,14.910345077514648,0.31137724550898205,1.3862068965517242
346,3,29,2,32400,99,0.0030555555555555557,3.5151515007019043,0.11904761904761904,1.2525252525252526
346,3,30,0,32400,182,0.005617283950617284,7.093406677246094,0.3684210526315789,1.2912087912087913
346,3,30,1,32400,175,0.005401234567901234,11.388571739196777,0.3448275862068966,1.2114285714285715
346,3,30,2,32400,25,0.0007716049382716049,4.959999084472656,0.1414141414141414,0.72
346,3,31,0,32400,150,0.004629629629629629,34.31999969482422,0.3516483516483517,0.9866666666666667
346,3,31,1,32400,123,0.0037962962962962963,9.918697357177734,0.21142857142857144,1.1219512195121952
346,3,31,2,32400,14,0.0004320987654320988,2.2857143878936768,0.12,0.7857142857142857
346,3,32,0,32400,188,0.005802469135802469,9.622340202331543,0.34,1.127659574468085
346,3,32,1,32400,88,0.0027160493827160493,7.988635063171387,0.06504065040650407,1.1704545454545454
346,3,32,2,32400,61,0.001882716049382716,2.8360655307769775,0.0,1.2131147540983607
346,3,33,0,32400,137,0.004228395061728395,7.627737045288086,0.20212765957446807,0.8832116788321168
346,3,33,1,32400,74,0.002283950617283951,5.635135173797607,0.09090909090909091,1.135135135135135
346,3,33,2,32400,52,0.0016049382716049382,2.288461685180664,0.01639344262295082,1.0576923076923077
346,3,34,0,32400,83,0.0025617283950617282,3.4216866493225098,0.15328467153284672,1.0240963855421688
346,3,34,1,32400,118,0.0036419753086419752,4.5,0.33783783783783783,1.0932203389830508
346,3,34,2,32400,41,0.0012654320987654322,6.585364818572998,0.07692307692307693,1.3414634146341464
346,3,35,0,32400,122,0.003765432098765432,3.942622661590576,0.1566265060240964,0.9836065573770492
346,3,35,1,32400,126,0.0038888888888888888,8.09523868560791,0.11016949152542373,1.1507936507936507
346,3,35,2,32400,62,0.0019135802469135803,1.7580645084381104,0.04878048780487805,1.1774193548387097
347,0,1,0,32400,295,0.009104938271604938,8.298304557800293,-1.0,1.2372881355932204
347,0,1,1,32400,137,0.004228395061728395,3.4379560947418213,-1.0,1.3868613138686132
347,0,1,2,32400,49,0.0015123456790123457,8.387755393981934,-1.0,0.7142857142857143
347,0,2,0,32400,196,0.006049382716049383,9.255102157592773,0.4033898305084746,1.153061224489796
347,0,2,1,32400,25,0.0007716049382716049,2.200000047683716,0.10218978102189781,0.44
347,0,2,2,32400,111,0.003425925925925926,3.027027130126953,0.10204081632653061,1.1261261261261262
347,0,3,0,32400,180,0.005555555555555556,3.594444513320923,0.32653061224489793,0.9666666666666667
347,0,3,1,32400,38,0.0011728395061728395,3.6052632331848145,0.0,0.8157894736842105
347,0,3,2,32400,50,0.0015432098765432098,2.0399999618530273,0.06306306306306306,1.06
347,0,4,0,32400,95,0.002932098765432099,11.09473705291748,0.2,1.1263157894736842
347,0,4,1,32400,147,0.004537037037037037,3.0136053562164307,0.21052631578947367,1.4285714285714286
347,0,4,2,32400,54,0.0016666666666666668,2.2592592239379883,0.0,1.4444444444444444
347,0,5,0,32400,231,0.00712962962962963,7.571427822113037,0.4,1.199134199134199
347,0,5,1,32400,141,0.0043518518518518515,3.553191661834717,0.20408163265306123,1.2553191489361701
347,0,5,2,32400,25,0.0007716049382716049,13.4399995803833,0.24074074074074073,0.92
347,0,6,0,32400,91,0.002808641975308642,5.94505500793457,0.0735930735930736,0.8461538461538461
347,0,6,1,32400,150,0.004629629629629629,4.5,0.0851063829787234,1.18
347,0,6,2,32400,25,0.0007716049382716049,4.71999979019165,0.4,0.36
347,0,7,0,32400,69,0.0021296296296296298,5.550724506378174,0.08791208791208792,0.9130434782608695
347,0,7,1,32400,138,0.0042592592592592595,11.7101469039917,0.14,1.0797101449275361
347,0,7,2,32400,88,0.0027160493827160493,7.227272987365723,0.2,1.25
347,0,8,0,32400,67,0.002067901234567901,1.8358207941055298,0.17391304347826086,0.9104477611940298
347,0,8,1,32400,132,0.004074074074074074,6.181818008422852,0.09420289855072464,1.196969696969697
347,0,8,2,32400,32,0.0009876543209876543,1.65625,0.07954545454545454,0.625
347,0,9,0,32400,24,0.0007407407407407407,4.458333492279053,0.05970149253731343,0.5
347,0,9,1,32400,94,0.0029012345679012346,4.585106372833252,0.20454545454545456,1.1170212765957446
347,0,9,2,32400,9,0.0002777777777777778,1.4444444179534912,0.0,0.6666666666666666
347,0,10,0,32400,142,0.004382716049382716,2.1549296379089355,0.3333333333333333,1.1690140845070423
347,0,10,1,32400,136,0.004197530864197531,10.845588684082031,0.18085106382978725,1.2720588235294117
347,0,10,2,32400,95,0.002932098765432099,2.1157896518707275,0.0,1.368421052631579
347,0,11,0,32400,71,0.002191358024691358,10.816903114318848,0.2323943661971831,0.8591549295774648
347,0,11,1,32400,121,0.0037345679012345677,30.727277755737305,0.17647058823529413,1.2396694214876034
347,0,11,2,32400,5,0.00015432098765432098,1.399999976158142,0.021052631578947368,0.2
347,0,12,0,32400,114,0.0035185185185185185,2.9473683834075928,0.11267605633802817,1.1491228070175439
347,0,12,1,32400,157,0.004845679012345679,6.070063591003418,0.2892561983471074,1.3121019108280254
347,0,12,2,32400,77,0.0023765432098765433,3.142857074737549,0.2,1.3506493506493507
347,0,13,0,32400,149,0.004598765432098765,11.067113876342773,0.3508771929824561,1.1409395973154361
347,0,13,1,32400,113,0.003487654320987654,3.6283185482025146,0.14012738853503184,0.8761061946902655
347,0,13,2,32400,22,0.0006790123456790123,3.3181819915771484,0.11688311688311688,0.8181818181818182
347,0,14,0,32400,100,0.0030864197530864196,8.20999813079834,0.24161073825503357,0.98
347,0,14,1,32400,53,0.0016358024691358025,4.716981410980225,0.07079646017699115,0.8113207547169812
347,0,14,2,32400,93,0.0028703703703703703,2.2150537967681885,0.22727272727272727,1.010752688172043
347,0,15,0,32400,61,0.001882716049382716,4.6065568923950195,0.07,0.9016393442622951
347,0,15,1,32400,184,0.005679012345679012,5.070652484893799,0.05660377358490566,1.375
347,0,15,2,32400,17,0.0005246913580246914,1.9411765336990356,0.03225806451612903,0.8235294117647058
347,0,16,0,32400,60,0.001851851851851852,9.100000381469727,0.18032786885245902,0.8833333333333333
347,0,16,1,32400,279,0.008611111111111111,10.22580623626709,0.30434782608695654,1.3584229390681004
347,0,16,2,32400,9,0.0002777777777777778,2.777777910232544,0.0,1.2222222222222223
347,0,17,0,32400,110,0.0033950617283950617,3.4636361598968506,0.16666666666666666,1.0636363636363637
347,0,17,1,32400,118,0.0036419753086419752,16.593219757080078,0.24372759856630824,0.9067796610169492
347,0,17,2,32400,6,0.00018518518518518518,4.833333492279053,0.0,0.3333333333333333
347,0,18,0,32400,118,0.0036419753086419752,3.5847458839416504,0.23636363636363636,0.8983050847457628
347,0,18,1,32400,162,0.005,8.839506149291992,0.11016949152542373,1.3580246913580247
347,0,18,2,32400,84,0.0025925925925925925,2.309523820877075,0.3333333333333333,1.1785714285714286
347,0,19,0,32400,152,0.004691358024691358,14.296052932739258,0.3220338983050847,0.8881578947368421
347,0,19,1,32400,233,0.0071913580246913585,5.210300445556641,0.2962962962962963,1.351931330472103
347,0,19,2,32400,53,0.0016358024691358025,3.037735939025879,0.08333333333333333,1.169811320754717
347,0,20,0,32400,190,0.005864197530864198,5.126316070556641,0.34868421052631576,1.168421052631579
347,0,20,1,32400,200,0.006172839506172839,5.884999752044678,0.2017167381974249,1.245
347,0,20,2,32400,65,0.002006172839506173,4.353846073150635,0.05660377358490566,1.1846153846153846
347,0,21,0,32400,143,0.00441358024691358,8.237762451171875,0.2,0.9440559440559441
347,0,21,1,32400,104,0.0032098765432098763,4.634615421295166,0.13,1.0096153846153846
347,0,21,2,32400,18,0.0005555555555555556,2.3333332538604736,0.015384615384615385,0.3888888888888889
347,0,22,0,32400,88,0.0027160493827160493,10.875,0.20279720279720279,1.0227272727272727
347,0,22,1,32400,109,0.0033641975308641974,11.311925888061523,0.3173076923076923,1.3394495412844036
347,0,22,2,32400,96,0.002962962962962963,3.5625,0.0,1.2708333333333333
347,0,23,0,32400,114,0.0035185185185185185,2.8684210777282715,0.4659090909090909,0.7192982456140351
347,0,23,1,32400,79,0.0024382716049382715,2.189873456954956,0.2018348623853211,1.0759493670886076
347,0,23,2,32400,20,0.0006172839506172839,4.499999523162842,0.0625,0.35
347,0,24,0,32400,58,0.0017901234567901235,7.362069606781006,0.09649122807017543,0.5862068965517241
347,0,24,1,32400,160,0.0049382716049382715,3.0062501430511475,0.02531645569620253,1.36875
347,0,24,2,32400,30,0.000925925925925926,2.9666669368743896,0.0,0.9
347,0,25,0,32400,137,0.004228395061728395,14.583942413330078,0.4482758620689655,1.072992700729927
347,0,25,1,32400,92,0.002839506172839506,3.8913044929504395,0.11875,0.9456521739130435
347,0,25,2,32400,31,0.0009567901234567902,3.322580575942993,0.06666666666666667,1.4516129032258065
347,0,26,0,32400,138,0.0042592592592592595,3.8478262424468994,0.12408759124087591,1.0072463768115942
347,0,26,1,32400,112,0.0034567901234567903,3.9017858505249023,0.11956521739130435,1.2232142857142858
347,0,26,2,32400,38,0.0011728395061728395,3.026315927505493,0.16129032258064516,1.131578947368421
347,0,27,0,32400,73,0.0022530864197530865,22.013696670532227,0.18115942028985507,0.958904109589041
347,0,27,1,32400,70,0.0021604938271604936,4.199999809265137,0.15178571428571427,1.042857142857143
347,0,27,2,32400,52,0.0016049382716049382,2.057692289352417,0.02631578947368421,1.2692307692307692
347,0,28,0,32400,116,0.003580246913580247,17.51723861694336,0.3698630136986301,1.1379310344827587
347,0,28,1,32400,171,0.005277777777777778,2.432748556137085,0.08571428571428572,1.4269005847953216
347,0,28,2,32400,16,0.0004938271604938272,2.5,0.057692307692307696,0.5625
347,0,29,0,32400,68,0.0020987654320987655,10.29411792755127,0.15517241379310345,0.7058823529411765
347,0,29,1,32400,119,0.0036728395061728395,2.4033615589141846,0.0935672514619883,1.1764705882352942
347,0,29,2,32400,17,0.0005246913580246914,2.6470587253570557,0.0,1.0
347,0,30,0,32400,38,0.0011728395061728395,32.23684310913086,0.10294117647058823,0.7631578947368421
347,0,30,1,32400,61,0.001882716049382716,8.885245323181152,0.07563025210084033,1.0655737704918034
347,0,30,2,32400,27,0.0008333333333333334,1.9629629850387573,0.0,0.9629629629629629
347,0,31,0,32400,80,0.0024691358024691358,6.512500762939453,0.18421052631578946,1.025
347,0,31,1,32400,84,0.0025925925925925925,8.416666984558105,0.29508196721311475,1.0
347,0,31,2,32400,12,0.00037037037037037035,2.75,0.0,1.3333333333333333
347,0,32,0,32400,92,0.002839506172839506,5.608695983886719,0.0875,1.0108695652173914
347,0,32,1,32400,52,0.0016049382716049382,5.230769634246826,0.11904761904761904,0.9807692307692307
347,0,32,2,32400,18,0.0005555555555555556,1.6666666269302368,0.0,0.8888888888888888
347,0,33,0,32400,49,0.0015123456790123457,2.448979616165161,0.09782608695652174,1.0612244897959184
347,0,33,1,32400,65,0.002006172839506173,6.692307949066162,0.15384615384615385,1.0
347,0,33,2,32400,70,0.0021604938271604936,3.1285715103149414,0.0,1.3142857142857143
347,0,34,0,32400,80,0.0024691358024691358,4.900000095367432,0.16326530612244897,1.1875
347,0,34,1,32400,126,0.0038888888888888888,4.333333492279053,0.16923076923076924,1.1428571428571428
347,0,34,2,32400,22,0.0006790123456790123,2.8181819915771484,0.02857142857142857,1.1363636363636365
347,0,35,0,32400,65,0.002006172839506173,18.876924514770508,0.3625,0.9230769230769231
347,0,35,1,32400,240,0.007407407407407408,2.429166793823242,0.15873015873015872,1.3833333333333333
347,0,35,2,32400,60,0.001851851851851852,2.5833334922790527,0.18181818181818182,1.35
347,1,1,0,32400,230,0.0070987654320987656,18.917390823364258,-1.0,1.0391304347826087
347,1,1,1,32400,25,0.0007716049382716049,1.71999990940094,-1.0,0.68
347,1,1,2,32400,95,0.002932098765432099,8.242105484008789,-1.0,1.1578947368421053
347,1,2,0,32400,137,0.004228395061728395,15.116787910461426,0.30869565217391304,1.051094890510949
347,1,2,1,32400,91,0.002808641975308642,2.780219793319702,0.0,1.164835164835165
347,1,2,2,32400,62,0.0019135802469135803,4.112903118133545,0.15789473684210525,1.032258064516129
347,1,3,0,32400,143,0.00441358024691358,5.5944061279296875,0.31386861313868614,1.083916083916084
347,1,3,1,32400,118,0.0036419753086419752,9.296610832214355,0.18681318681318682,1.0338983050847457
347,1,3,2,32400,81,0.0025,2.0864198207855225,0.0967741935483871,1.2592592592592593
347,1,4,0,32400,86,0.002654320987654321,12.232558250427246,0.1888111888111888,0.7093023255813954
347,1,4,1,32400,51,0.001574074074074074,6.6666669845581055,0.09322033898305085,1.1568627450980393
347,1,4,2,32400,24,0.0007407407407407407,2.2916667461395264,0.04938271604938271,0.5416666666666666
347,1,5,0,32400,91,0.002808641975308642,15.85714340209961,0.2558139534883721,1.0769230769230769
347,1,5,1,32400,119,0.0036728395061728395,3.6302523612976074,0.13725490196078433,1.1512605042016806
347,1,5,2,32400,78,0.0024074074074074076,1.9615384340286255,0.0,1.358974358974359
347,1,6,0,32400,174,0.00537037037037037,9.235631942749023,0.13186813186813187,1.3045977011494252
347,1,6,1,32400,236,0.0072839506172839505,2.9067797660827637,0.07563025210084033,1.402542372881356
347,1,6,2,32400,44,0.0013580246913580246,1.9318182468414307,0.10256410256410256,1.2272727272727273
347,1,7,0,32400,128,0.003950617283950617,8.75,0.3333333333333333,0.9140625
347,1,7,1,32400,177,0.005462962962962963,21.47457504272461,0.2457627118644068,1.2090395480225988
347,1,7,2,32400,7,0.0002160493827160494,1.2857143878936768,0.022727272727272728,0.0
347,1,8,0,32400,184,0.005679012345679012,4.83695650100708,0.2578125,0.9782608695652174
347,1,8,1,32400,170,0.005246913580246914,7.194118022918701,0.1694915254237288,1.1
347,1,8,2,32400,21,0.0006481481481481481,2.047619104385376,0.0,1.0952380952380953
347,1,9,0,32400,269,0.00830246913580247,11.23791790008545,0.33695652173913043,1.275092936802974
347,1,9,1,32400,36,0.0011111111111111111,3.6666667461395264,0.06470588235294118,0.8333333333333334
347,1,9,2,32400,22,0.0006790123456790123,1.6818182468414307,0.047619047619047616,1.3636363636363635
347,1,10,0,32400,200,0.006172839506172839,6.770000457763672,0.39776951672862454,1.14
347,1,10,1,32400,76,0.002345679012345679,2.8026316165924072,0.08333333333333333,0.8289473684210527
347,1,10,2,32400,4,0.0001234567901234568,3.0,0.0,0.0
347,1,11,0,32400,124,0.0038271604938271606,19.766132354736328,0.14,1.0161290322580645
347,1,11,1,32400,146,0.004506172839506173,6.452054500579834,0.039473684210526314,1.2465753424657535
347,1,11,2,32400,28,0.0008641975308641976,2.0357143878936768,0.0,1.0357142857142858
347,1,12,0,32400,95,0.002932098765432099,2.768421173095703,0.1935483870967742,0.8421052631578947
347,1,12,1,32400,82,0.0025308641975308644,19.097558975219727,0.15753424657534246,1.1341463414634145
347,1,12,2,32400,0,0.0,0.0,0.0,0.0
347,1,13,0,32400,215,0.006635802469135803,11.348836898803711,0.3157894736842105,1.3813953488372093
347,1,13,1,32400,87,0.002685185185185185,10.517241477966309,0.07317073170731707,1.2413793103448276
347,1,13,2,32400,29,0.0008950617283950618,2.310344934463501,-1.0,1.206896551724138
347,1,14,0,32400,161,0.004969135802469136,5.596273422241211,0.3395348837209302,1.1677018633540373
347,1,14,1,32400,191,0.005895061728395061,18.52879524230957,0.16091954022988506,1.2356020942408377
347,1,14,2,32400,57,0.0017592592592592592,3.8421053886413574,0.06896551724137931,1.1578947368421053
347,1,15,0,32400,220,0.006790123456790123,10.495453834533691,0.2422360248447205,1.1818181818181819
347,1,15,1,32400,117,0.003611111111111111,14.84615421295166,0.2670157068062827,1.0256410256410255
347,1,15,2,32400,68,0.0020987654320987655,1.7941176891326904,0.10526315789473684,1.1176470588235294
347,1,16,0,32400,214,0.0066049382716049385,12.663553237915039,0.15,1.1822429906542056
347,1,16,1,32400,96,0.002962962962962963,7.0,0.17094017094017094,1.125
347,1,16,2,32400,98,0.0030246913580246914,2.4897959232330322,0.014705882352941176,1.4591836734693877
347,1,17,0,32400,225,0.006944444444444444,10.431111335754395,0.3317757009345794,1.1155555555555556
347,1,17,1,32400,80,0.0024691358024691358,8.537501335144043,0.3125,0.875
347,1,17,2,32400,66,0.002037037037037037,3.348484992980957,0.061224489795918366,1.0757575757575757
347,1,18,0,32400,85,0.002623456790123457,5.082353115081787,0.21777777777777776,1.035294117647059
347,1,18,1,32400,152,0.004691358024691358,3.375,0.05,1.4539473684210527
347,1,18,2,32400,48,0.0014814814814814814,2.6875,0.0,1.0625
347,1,19,0,32400,60,0.001851851851851852,8.416666984558105,0.08235294117647059,0.8
347,1,19,1,32400,114,0.0035185185185185185,17.807018280029297,0.3618421052631579,1.2543859649122806
347,1,19,2,32400,128,0.003950617283950617,2.125,0.0,1.3671875
347,1,20,0,32400,107,0.0033024691358024692,2.1962616443634033,0.21666666666666667,1.074766355140187
347,1,20,1,32400,87,0.002685185185185185,8.379310607910156,0.23684210526315788,0.8160919540229885
347,1,20,2,32400,49,0.0015123456790123457,1.836734652519226,0.015625,1.2653061224489797
347,1,21,0,32400,52,0.0016049382716049382,3.307692527770996,0.04672897196261682,0.9038461538461539
347,1,21,1,32400,133,0.004104938271604938,16.819549560546875,0.12643678160919541,1.3082706766917294
347,1,21,2,32400,99,0.0030555555555555557,2.848484754562378,0.04081632653061224,1.3636363636363635
347,1,22,0,32400,224,0.006913580246913581,5.392857551574707,0.17307692307692307,1.375
347,1,22,1,32400,192,0.005925925925925926,2.7395834922790527,0.21052631578947367,1.2916666666666667
347,1,22,2,32400,13,0.00040123456790123454,2.230769395828247,0.010101010101010102,0.7692307692307693
347,1,23,0,32400,205,0.006327160493827161,9.80000114440918,0.33035714285714285,1.2292682926829268
347,1,23,1,32400,98,0.0030246913580246914,20.071430206298828,0.24479166666666666,1.2551020408163265
347,1,23,2,32400,58,0.0017901234567901235,2.1379311084747314,0.0,1.0
347,1,24,0,32400,173,0.0053395061728395065,6.693641662597656,0.2682926829268293,1.092485549132948
347,1,24,1,32400,65,0.002006172839506173,3.615384578704834,0.1326530612244898,0.8
347,1,24,2,32400,52,0.0016049382716049382,7.903846263885498,0.034482758620689655,1.2307692307692308
347,1,25,0,32400,145,0.004475308641975309,4.848275661468506,0.34104046242774566,1.1379310344827587
347,1,25,1,32400,123,0.0037962962962962963,4.105690956115723,0.0,1.3170731707317074
347,1,25,2,32400,31,0.0009567901234567902,2.6451611518859863,0.038461538461538464,1.1290322580645162
347,1,26,0,32400,220,0.006790123456790123,6.340909004211426,0.32413793103448274,1.2363636363636363
347,1,26,1,32400,57,0.0017592592592592592,2.035087823867798,0.2764227642276423,1.0526315789473684
347,1,26,2,32400,91,0.002808641975308642,2.384615421295166,0.03225806451612903,1.4065934065934067
347,1,27,0,32400,109,0.0033641975308641974,3.1467888355255127,0.2863636363636364,1.0
347,1,27,1,32400,207,0.006388888888888889,6.516908168792725,0.24561403508771928,1.3864734299516908
347,1,27,2,32400,34,0.0010493827160493827,2.617647171020508,0.13186813186813187,0.9705882352941176
347,1,28,0,32400,85,0.002623456790123457,5.0,0.05504587155963303,0.7764705882352941
347,1,28,1,32400,121,0.0037345679012345677,3.909090518951416,0.2560386473429952,1.4297520661157024
347,1,28,2,32400,31,0.0009567901234567902,2.6451611518859863,0.0,1.1612903225806452
347,1,29,0,32400,35,0.0010802469135802468,8.028571128845215,0.17647058823529413,0.4857142857142857
347,1,29,1,32400,231,0.00712962962962963,15.147188186645508,0.512396694214876,1.4285714285714286
347,1,29,2,32400,49,0.0015123456790123457,2.0204081535339355,0.0,0.9795918367346939
347,1,30,0,32400,82,0.0025308641975308644,5.7317070960998535,0.11428571428571428,0.9878048780487805
347,1,30,1,32400,186,0.005740740740740741,10.037635803222656,0.2943722943722944,1.1612903225806452
347,1,30,2,32400,8,0.0002469135802469136,4.0,0.02040816326530612,0.625
347,1,31,0,32400,116,0.003580246913580247,8.396552085876465,0.14634146341463414,1.0948275862068966
347,1,31,1,32400,42,0.0012962962962962963,10.952381134033203,0.08064516129032258,0.8571428571428571
347,1,31,2,32400,12,0.00037037037037037035,2.5,0.0,0.4166666666666667
347,1,32,0,32400,73,0.0022530864197530865,11.575343132019043,0.29310344827586204,0.8082191780821918
347,1,32,1,32400,120,0.003703703703703704,4.625000476837158,0.14285714285714285,1.3083333333333333
347,1,32,2,32400,40,0.0012345679012345679,1.225000023841858,0.0,1.275
347,1,33,0,32400,24,0.0007407407407407407,1.5,0.0684931506849315,0.5833333333333334
347,1,33,1,32400,187,0.005771604938271605,5.144384860992432,0.14166666666666666,1.3368983957219251
347,1,33,2,32400,10,0.00030864197530864197,5.0,0.025,0.2
347,1,34,0,32400,94,0.0029012345679012346,3.21276593208313,0.08333333333333333,0.9893617021276596
347,1,34,1,32400,202,0.006234567901234568,3.851485013961792,0.3048128342245989,1.4257425742574257
347,1,34,2,32400,13,0.00040123456790123454,33.69231033325195,0.0,0.9230769230769231
347,1,35,0,32400,105,0.0032407407407407406,3.952381134033203,0.18085106382978725,0.7904761904761904
347,1,35,1,32400,191,0.005895061728395061,8.125654220581055,0.4207920792079208,1.3298429319371727
347,1,35,2,32400,28,0.0008641975308641976,1.8928571939468384,0.07692307692307693,1.1071428571428572
347,2,1,0,32400,189,0.005833333333333334,11.703702926635742,-1.0,1.052910052910053
347,2,1,1,32400,62,0.0019135802469135803,1.8870967626571655,-1.0,1.064516129032258
347,2,1,2,32400,50,0.0015432098765432098,2.0,-1.0,0.92
347,2,2,0,32400,144,0.0044444444444444444,17.70833396911621,0.37566137566137564,0.9930555555555556
347,2,2,1,32400,124,0.0038271604938271606,4.443548202514648,0.08064516129032258,1.282258064516129
347,2,2,2,32400,8,0.0002469135802469136,2.25,0.12,0.5
347,2,3,0,32400,172,0.005308641975308642,7.651162624359131,0.3194444444444444,0.8837209302325582
347,2,3,1,32400,102,0.003148148148148148,3.529411792755127,0.13709677419354838,1.196078431372549
347,2,3,2,32400,6,0.00018518518518518518,1.3333333730697632,0.0,1.0
347,2,4,0,32400,116,0.003580246913580247,23.19827651977539,0.20930232558139536,0.8103448275862069
347,2,4,1,32400,92,0.002839506172839506,13.293479919433594,0.20588235294117646,1.1956521739130435
347,2,4,2,32400,29,0.0008950617283950618,3.8965516090393066,0.0,0.8275862068965517
347,2,5,0,32400,149,0.004598765432098765,5.906040668487549,0.23275862068965517,1.080536912751678
347,2,5,1,32400,105,0.0032407407407407406,2.914285898208618,0.30434782608695654,1.0857142857142856
347,2,5,2,32400,15,0.000462962962962963,1.7333334684371948,0.10344827586206896,0.4666666666666667
347,2,6,0,32400,174,0.00537037037037037,15.103447914123535,0.18791946308724833,1.1954022988505748
347,2,6,1,32400,126,0.0038888888888888888,17.21428680419922,0.20952380952380953,1.2619047619047619
347,2,6,2,32400,8,0.0002469135802469136,5.5,0.0,0.375
347,2,7,0,32400,160,0.0049382716049382715,6.800000190734863,0.27011494252873564,0.91875
347,2,7,1,32400,86,0.002654320987654321,6.534883499145508,0.2777777777777778,1.0813953488372092
347,2,7,2,32400,11,0.00033950617283950616,1.2727272510528564,0.0,0.7272727272727273
347,2,8,0,32400,60,0.001851851851851852,1.7500001192092896,0.1125,0.7
347,2,8,1,32400,57,0.0017592592592592592,2.8421053886413574,0.046511627906976744,0.8070175438596491
347,2,8,2,32400,69,0.0021296296296296298,1.8840579986572266,0.0,1.3623188405797102
347,2,9,0,32400,13,0.00040123456790123454,2.153846263885498,0.0,0.6923076923076923
347,2,9,1,32400,141,0.0043518518518518515,2.1205673217773438,0.03508771929824561,1.4822695035460993
347,2,9,2,32400,42,0.0012962962962962963,1.5952380895614624,0.014492753623188406,0.7857142857142857
347,2,10,0,32400,60,0.001851851851851852,4.600000381469727,0.0,0.85
347,2,10,1,32400,151,0.004660493827160494,7.947020053863525,0.3049645390070922,1.3245033112582782
347,2,10,2,32400,50,0.0015432098765432098,2.359999895095825,0.0,1.66
347,2,11,0,32400,129,0.003981481481481482,7.643411159515381,0.15,1.2248062015503876
347,2,11,1,32400,92,0.002839506172839506,20.532609939575195,0.2582781456953642,0.8913043478260869
347,2,11,2,32400,58,0.0017901234567901235,1.9482758045196533,0.1,1.1551724137931034
347,2,12,0,32400,123,0.0037962962962962963,4.780487060546875,0.3643410852713178,1.0731707317073171
347,2,12,1,32400,61,0.001882716049382716,40.983612060546875,0.1956521739130435,0.9344262295081968
347,2,12,2,32400,1,3.08641975308642e-05,1.0,0.0,0.0
347,2,13,0,32400,133,0.004104938271604938,25.015039443969727,0.4146341463414634,1.255639097744361
347,2,13,1,32400,67,0.002067901234567901,2.2985074520111084,0.11475409836065574,1.1791044776119404
347,2,13,2,32400,21,0.0006481481481481481,1.8571429252624512,0.0,0.8571428571428571
347,2,14,0,32400,156,0.004814814814814815,4.852564334869385,0.5714285714285714,1.1666666666666667
347,2,14,1,32400,79,0.0024382716049382715,4.898734092712402,0.14925373134328357,1.2025316455696202
347,2,14,2,32400,44,0.0013580246913580246,1.6136363744735718,0.0,1.3181818181818181
347,2,15,0,32400,92,0.002839506172839506,10.07608699798584,0.16666666666666666,1.0978260869565217
347,2,15,1,32400,131,0.00404320987654321,4.251908302307129,0.16455696202531644,1.4274809160305344
347,2,15,2,32400,61,0.001882716049382716,2.2295081615448,0.0,1.4098360655737705
347,2,16,0,32400,168,0.005185185185185185,12.529763221740723,0.25,1.1488095238095237
347,2,16,1,32400,210,0.006481481481481481,10.566665649414062,0.29770992366412213,1.2523809523809524
347,2,16,2,32400,51,0.001574074074074074,2.098039388656616,0.06557377049180328,1.1372549019607843
347,2,17,0,32400,131,0.00404320987654321,6.938931465148926,0.40476190476190477,0.8854961832061069
347,2,17,1,32400,120,0.003703703703703704,7.475000381469727,0.20476190476190476,1.0083333333333333
347,2,17,2,32400,21,0.0006481481481481481,1.523809552192688,0.0392156862745098,0.8571428571428571
347,2,18,0,32400,111,0.003425925925925926,6.23423433303833,0.21374045801526717,1.1891891891891893
347,2,18,1,32400,127,0.003919753086419753,5.157480716705322,0.125,1.1968503937007875
347,2,18,2,32400,28,0.0008641975308641976,1.8571429252624512,0.09523809523809523,0.8214285714285714
347,2,19,0,32400,68,0.0020987654320987655,17.352941513061523,0.24324324324324326,0.9264705882352942
347,2,19,1,32400,136,0.004197530864197531,3.345588207244873,0.13385826771653545,1.088235294117647
347,2,19,2,32400,21,0.0006481481481481481,2.6190476417541504,0.03571428571428571,1.1428571428571428
347,2,20,0,32400,95,0.002932098765432099,7.315789699554443,0.11764705882352941,1.1368421052631579
347,2,20,1,32400,64,0.0019753086419753087,2.4375,0.022058823529411766,1.1875
347,2,20,2,32400,56,0.0017283950617283952,3.4642858505249023,0.0,1.2857142857142858
347,2,21,0,32400,112,0.0034567901234567903,5.160714626312256,0.3368421052631579,0.9910714285714286
347,2,21,1,32400,78,0.0024074074074074076,4.2820515632629395,0.125,1.0769230769230769
347,2,21,2,32400,39,0.0012037037037037038,1.7179487943649292,0.017857142857142856,0.9230769230769231
347,2,22,0,32400,205,0.006327160493827161,8.478048324584961,0.39285714285714285,1.3219512195121952
347,2,22,1,32400,89,0.0027469135802469136,3.8089888095855713,0.10256410256410256,0.9325842696629213
347,2,22,2,32400,30,0.000925925925925926,4.866666793823242,0.02564102564102564,1.0666666666666667
347,2,23,0,32400,159,0.004907407407407407,14.194968223571777,0.4585365853658537,1.2264150943396226
347,2,23,1,32400,58,0.0017901234567901235,2.155172348022461,0.02247191011235955,1.0172413793103448
347,2,23,2,32400,65,0.002006172839506173,3.2461535930633545,0.06666666666666667,1.0615384615384615
347,2,24,0,32400,201,0.0062037037037037035,10.208954811096191,0.3270440251572327,1.1741293532338308
347,2,24,1,32400,129,0.003981481481481482,5.759690761566162,0.05172413793103448,1.193798449612403
347,2,24,2,32400,53,0.0016358024691358025,2.2452831268310547,0.015384615384615385,1.3018867924528301
347,2,25,0,32400,97,0.002993827160493827,20.68041229248047,0.19900497512437812,0.7628865979381443
347,2,25,1,32400,93,0.0028703703703703703,3.612903118133545,0.11627906976744186,1.2258064516129032
347,2,25,2,32400,12,0.00037037037037037035,20.333335876464844,0.11320754716981132,0.5833333333333334
347,2,26,0,32400,110,0.0033950617283950617,19.109092712402344,0.26804123711340205,0.8272727272727273
347,2,26,1,32400,179,0.0055246913580246915,4.32402229309082,0.11827956989247312,1.3966480446927374
347,2,26,2,32400,71,0.002191358024691358,1.9014084339141846,0.16666666666666666,1.267605633802817
347,2,27,0,32400,87,0.002685185185185185,21.827585220336914,0.2727272727272727,0.7586206896551724
347,2,27,1,32400,86,0.002654320987654321,5.418604850769043,0.22905027932960895,0.813953488372093
347,2,27,2,32400,5,0.00015432098765432098,1.0,0.0,0.4
347,2,28,0,32400,183,0.005648148148148148,6.306010723114014,0.41379310344827586,1.0819672131147542
347,2,28,1,32400,52,0.0016049382716049382,2.42307710647583,0.023255813953488372,1.1923076923076923
347,2,28,2,32400,39,0.0012037037037037038,2.4102563858032227,0.0,1.1538461538461537
347,2,29,0,32400,104,0.0032098765432098763,24.76923179626465,0.31693989071038253,1.0096153846153846
347,2,29,1,32400,167,0.005154320987654321,2.670658826828003,0.11538461538461539,1.251497005988024
347,2,29,2,32400,26,0.0008024691358024691,1.384615421295166,0.10256410256410256,0.8846153846153846
347,2,30,0,32400,87,0.002685185185185185,9.919541358947754,0.3173076923076923,0.8620689655172413
347,2,30,1,32400,84,0.0025925925925925925,3.9761905670166016,0.1437125748502994,0.9166666666666666
347,2,30,2,32400,40,0.0012345679012345679,3.125,0.5384615384615384,0.825
347,2,31,0,32400,92,0.002839506172839506,6.532608985900879,0.22988505747126436,0.8369565217391305
347,2,31,1,32400,159,0.004907407407407407,4.647798538208008,0.13095238095238096,1.3018867924528301
347,2,31,2,32400,19,0.0005864197530864197,15.315786361694336,0.075,1.105263157894737
347,2,32,0,32400,81,0.0025,4.456789970397949,0.2608695652173913,1.0987654320987654
347,2,32,1,32400,121,0.0037345679012345677,2.826446056365967,0.34591194968553457,1.322314049586777
347,2,32,2,32400,55,0.0016975308641975309,3.4909090995788574,0.15789473684210525,1.2
347,2,33,0,32400,92,0.002839506172839506,10.52173900604248,0.3333333333333333,0.967391304347826
347,2,33,1,32400,83,0.0025617283950617282,10.686748504638672,0.1652892561983471,1.0602409638554218
347,2,33,2,32400,7,0.0002160493827160494,2.857142925262451,0.0,0.5714285714285714
347,2,34,0,32400,58,0.0017901234567901235,29.17241668701172,0.391304347826087,0.7068965517241379
347,2,34,1,32400,57,0.0017592592592592592,4.684210777282715,0.1566265060240964,0.7719298245614035
347,2,34,2,32400,4,0.0001234567901234568,1.0,0.0,0.25
347,2,35,0,32400,108,0.0033333333333333335,3.8240740299224854,0.5,0.8888888888888888
347,2,35,1,32400,50,0.0015432098765432098,3.319999933242798,0.0,0.76
347,2,35,2,32400,53,0.0016358024691358025,2.8867924213409424,0.0,1.0377358490566038
347,3,1,0,32400,129,0.003981481481481482,30.9534854888916,-1.0,0.751937984496124
347,3,1,1,32400,109,0.0033641975308641974,1.84403657913208,-1.0,1.201834862385321
347,3,1,2,32400,62,0.0019135802469135803,2.0,-1.0,1.2580645161290323
347,3,2,0,32400,220,0.006790123456790123,4.181818008422852,0.5038759689922481,1.1681818181818182
347,3,2,1,32400,125,0.0038580246913580245,2.624000072479248,0.027522935779816515,1.336
347,3,2,2,32400,74,0.002283950617283951,3.3378379344940186,0.11290322580645161,1.1891891891891893
347,3,3,0,32400,178,0.005493827160493827,19.162921905517578,0.36363636363636365,1.0561797752808988
347,3,3,1,32400,86,0.002654320987654321,34.83720779418945,0.224,1.0465116279069768
347,3,3,2,32400,62,0.0019135802469135803,2.274193525314331,0.08108108108108109,1.1935483870967742
347,3,4,0,32400,226,0.006975308641975308,4.247787952423096,0.37640449438202245,1.0973451327433628
347,3,4,1,32400,35,0.0010802469135802468,3.114285707473755,0.05813953488372093,0.9142857142857143
347,3,4,2,32400,100,0.0030864197530864196,5.069999694824219,0.08064516129032258,1.3
347,3,5,0,32400,114,0.0035185185185185185,8.236842155456543,0.11504424778761062,1.0
347,3,5,1,32400,97,0.002993827160493827,4.113401889801025,0.14285714285714285,1.1958762886597938
347,3,5,2,32400,46,0.001419753086419753,3.2391304969787598,0.08,1.0869565217391304
347,3,6,0,32400,59,0.0018209876543209876,18.72881317138672,0.14912280701754385,0.6779661016949152
347,3,6,1,32400,142,0.004382716049382716,4.542253494262695,0.27835051546391754,1.267605633802817
347,3,6,2,32400,80,0.0024691358024691358,2.575000047683716,0.021739130434782608,1.3125
347,3,7,0,32400,81,0.0025,8.493826866149902,0.423728813559322,1.0
347,3,7,1,32400,55,0.0016975308641975309,6.090909481048584,0.11267605633802817,0.8909090909090909
347,3,7,2,32400,47,0.0014506172839506173,7.765955924987793,0.1125,1.148936170212766
347,3,8,0,32400,98,0.0030246913580246914,6.989795684814453,0.2716049382716049,1.0
347,3,8,1,32400,169,0.005216049382716049,2.597633123397827,0.07272727272727272,1.4023668639053255
347,3,8,2,32400,76,0.002345679012345679,2.0657894611358643,0.06382978723404255,1.2105263157894737
347,3,9,0,32400,123,0.0037962962962962963,9.878047943115234,0.24489795918367346,1.016260162601626
347,3,9,1,32400,188,0.005802469135802469,4.622340202331543,0.07692307692307693,1.297872340425532
347,3,9,2,32400,19,0.0005864197530864197,2.3684210777282715,0.02631578947368421,0.8947368421052632
347,3,10,0,32400,173,0.0053395061728395065,4.445086479187012,0.2601626016260163,1.1849710982658959
347,3,10,1,32400,137,0.004228395061728395,7.963503360748291,0.1702127659574468,1.1094890510948905
347,3,10,2,32400,75,0.0023148148148148147,2.933333396911621,0.0,1.4133333333333333
347,3,11,0,32400,164,0.005061728395061729,13.030487060546875,0.31213872832369943,0.9146341463414634
347,3,11,1,32400,146,0.004506172839506173,14.44520378112793,0.25547445255474455,1.1917808219178083
347,3,11,2,32400,26,0.0008024691358024691,18.26923179626465,0.05333333333333334,0.7692307692307693
347,3,12,0,32400,115,0.0035493827160493828,11.817390441894531,0.2682926829268293,0.8782608695652174
347,3,12,1,32400,154,0.004753086419753087,7.4285712242126465,0.3493150684931507,1.0844155844155845
347,3,12,2,32400,55,0.0016975308641975309,3.4181816577911377,0.07692307692307693,1.018181818181818
347,3,13,0,32400,120,0.003703703703703704,19.45833396911621,0.3217391304347826,1.0333333333333334
347,3,13,1,32400,40,0.0012345679012345679,21.075000762939453,0.11688311688311688,0.825
347,3,13,2,32400,14,0.0004320987654320988,2.142857313156128,0.0,1.1428571428571428
347,3,14,0,32400,46,0.001419753086419753,44.91303253173828,0.20833333333333334,0.5652173913043478
347,3,14,1,32400,69,0.0021296296296296298,4.043478488922119,0.25,1.0
347,3,14,2,32400,36,0.0011111111111111111,1.9166666269302368,0.0,1.3333333333333333
347,3,15,0,32400,38,0.0011728395061728395,6.342105388641357,0.13043478260869565,0.7105263157894737
347,3,15,1,32400,50,0.0015432098765432098,2.5999999046325684,0.028985507246376812,0.82
347,3,15,2,32400,12,0.00037037037037037035,94.75001525878906,0.027777777777777776,0.5
347,3,16,0,32400,80,0.0024691358024691358,2.012500047683716,0.15789473684210525,1.1125
347,3,16,1,32400,210,0.006481481481481481,3.385714530944824,0.06,1.5047619047619047
347,3,16,2,32400,58,0.0017901234567901235,2.224138021469116,0.08333333333333333,1.3103448275862069
347,3,17,0,32400,49,0.0015123456790123457,3.18367338180542,0.0,1.0204081632653061
347,3,17,1,32400,168,0.005185185185185185,13.119048118591309,0.3047619047619048,1.125
347,3,17,2,32400,45,0.001388888888888889,2.444444417953491,0.017241379310344827,1.2444444444444445
347,3,18,0,32400,76,0.002345679012345679,5.657894611358643,0.12244897959183673,0.7236842105263158
347,3,18,1,32400,98,0.0030246913580246914,12.663265228271484,0.10714285714285714,1.1224489795918366
347,3,18,2,32400,97,0.002993827160493827,2.0618555545806885,0.022222222222222223,1.2474226804123711
347,3,19,0,32400,216,0.006666666666666667,4.217592716217041,0.27631578947368424,1.375
347,3,19,1,32400,122,0.003765432098765432,4.327868461608887,0.14285714285714285,1.0901639344262295
347,3,19,2,32400,18,0.0005555555555555556,13.5,0.08247422680412371,0.6111111111111112
347,3,20,0,32400,203,0.006265432098765432,8.630541801452637,0.4398148148148148,1.2167487684729064
347,3,20,1,32400,72,0.0022222222222222222,10.041666984558105,0.1885245901639344,0.9583333333333334
347,3,20,2,32400,88,0.0027160493827160493,67.43180847167969,0.1111111111111111,1.3068181818181819
347,3,21,0,32400,140,0.004320987654320987,4.564285755157471,0.27586206896551724,1.05
347,3,21,1,32400,92,0.002839506172839506,2.5652174949645996,0.19444444444444445,1.315217391304348
347,3,21,2,32400,77,0.0023765432098765433,3.2857143878936768,0.14772727272727273,1.1688311688311688
347,3,22,0,32400,72,0.0022222222222222222,6.611111164093018,0.14285714285714285,0.8888888888888888
347,3,22,1,32400,90,0.002777777777777778,6.6888885498046875,0.15217391304347827,1.0
347,3,22,2,32400,36,0.0011111111111111111,18.944440841674805,0.19480519480519481,0.6666666666666666
347,3,23,0,32400,131,0.00404320987654321,3.969466209411621,0.2916666666666667,1.0381679389312977
347,3,23,1,32400,127,0.003919753086419753,7.984252452850342,0.07777777777777778,1.220472440944882
347,3,23,2,32400,111,0.003425925925925926,2.2882883548736572,0.027777777777777776,1.3693693693693694
347,3,24,0,32400,106,0.003271604938271605,9.358489990234375,0.13740458015267176,0.9245283018867925
347,3,24,1,32400,93,0.0028703703703703703,8.935483932495117,0.14173228346456693,0.946236559139785
347,3,24,2,32400,51,0.001574074074074074,10.666669845581055,0.13513513513513514,1.0196078431372548
347,3,25,0,32400,117,0.003611111111111111,6.5726494789123535,0.14150943396226415,1.188034188034188
347,3,25,1,32400,147,0.004537037037037037,5.823129177093506,0.15053763440860216,1.3197278911564625
347,3,25,2,32400,53,0.0016358024691358025,2.094339609146118,0.058823529411764705,1.1132075471698113
347,3,26,0,32400,69,0.0021296296296296298,29.695659637451172,0.20512820512820512,0.8115942028985508
347,3,26,1,32400,93,0.0028703703703703703,13.086021423339844,0.30612244897959184,1.118279569892473
347,3,26,2,32400,104,0.0032098765432098763,2.259615421295166,0.018867924528301886,1.4807692307692308
347,3,27,0,32400,127,0.003919753086419753,28.307083129882812,0.2463768115942029,0.9212598425196851
347,3,27,1,32400,169,0.005216049382716049,2.2248520851135254,0.3333333333333333,1.2366863905325445
347,3,27,2,32400,36,0.0011111111111111111,67.72222137451172,0.04807692307692308,0.8611111111111112
347,3,28,0,32400,151,0.004660493827160494,17.728477478027344,0.2047244094488189,1.0463576158940397
347,3,28,1,32400,171,0.005277777777777778,8.105262756347656,0.21893491124260356,1.2280701754385965
347,3,28,2,32400,47,0.0014506172839506173,235.68081665039062,0.19444444444444445,1.2553191489361701
347,3,29,0,32400,100,0.0030864197530864196,6.480000019073486,0.33112582781456956,0.84
347,3,29,1,32400,147,0.004537037037037037,2.7551019191741943,0.14619883040935672,1.2653061224489797
347,3,29,2,32400,58,0.0017901234567901235,16.862070083618164,0.23404255319148937,1.2586206896551724
347,3,30,0,32400,74,0.002283950617283951,9.243243217468262,0.17,0.8918918918918919
347,3,30,1,32400,106,0.003271604938271605,10.5,0.24489795918367346,1.0754716981132075
347,3,30,2,32400,27,0.0008333333333333334,1.5185185670852661,0.1896551724137931,0.7037037037037037
347,3,31,0,32400,118,0.0036419753086419752,3.6271188259124756,0.3108108108108108,1.1864406779661016
347,3,31,1,32400,92,0.002839506172839506,3.45652174949646,0.18867924528301888,1.0978260869565217
347,3,31,2,32400,24,0.0007407407407407407,2.2083334922790527,0.037037037037037035,0.625
347,3,32,0,32400,107,0.0033024691358024692,4.046728610992432,0.16101694915254236,1.2523364485981308
347,3,32,1,32400,58,0.0017901234567901235,6.862068176269531,0.22826086956521738,0.9482758620689655
347,3,32,2,32400,69,0.0021296296296296298,2.5217392444610596,0.041666666666666664,1.3333333333333333
347,3,33,0,32400,120,0.003703703703703704,11.216667175292969,0.21495327102803738,0.9583333333333334
347,3,33,1,32400,171,0.005277777777777778,3.777777910232544,0.10344827586206896,1.2690058479532165
347,3,33,2,32400,32,0.0009876543209876543,2.125,0.057971014492753624,1.09375
347,3,34,0,32400,218,0.006728395061728395,9.403669357299805,0.20833333333333334,1.261467889908257
347,3,34,1,32400,178,0.005493827160493827,7.561798572540283,0.26900584795321636,1.297752808988764
347,3,34,2,32400,73,0.0022530864197530865,1.8904109001159668,0.0625,1.1232876712328768
347,3,35,0,32400,200,0.006172839506172839,8.494999885559082,0.45871559633027525,1.03
347,3,35,1,32400,86,0.002654320987654321,21.174419403076172,0.1404494382022472,1.127906976744186
347,3,35,2,32400,27,0.0008333333333333334,3.185185194015503,0.0273972602739726,1.2962962962962963
