origin,sample_idx,step,target_idx,n_cells,n_active,active_fraction,mean_magnitude_on_active,persistence,neighbour_pairs_per_active
335,0,1,0,32400,426,0.013148148148148148,17.81455421447754,-1.0,0.13849765258215962
335,0,1,1,32400,407,0.012561728395061728,15.181818008422852,-1.0,0.10319410319410319
335,0,1,2,32400,359,0.011080246913580246,14.551531791687012,-1.0,0.0584958217270195
335,0,2,0,32400,403,0.012438271604938272,32.62530517578125,0.10093896713615023,0.10669975186104218
335,0,2,1,32400,369,0.01138888888888889,19.149049758911133,0.05896805896805897,0.06504065040650407
335,0,2,2,32400,377,0.011635802469135802,17.49071502685547,0.04735376044568245,0.050397877984084884
335,0,3,0,32400,409,0.012623456790123456,27.085573196411133,0.11166253101736973,0.13691931540342298
335,0,3,1,32400,378,0.011666666666666667,21.775131225585938,0.056910569105691054,0.07936507936507936
335,0,3,2,32400,386,0.01191358024691358,14.196890830993652,0.05305039787798409,0.05181347150259067
335,0,4,0,32400,455,0.01404320987654321,11.327472686767578,0.11735941320293398,0.2043956043956044
335,0,4,1,32400,390,0.012037037037037037,14.089743614196777,0.06878306878306878,0.08974358974358974
335,0,4,2,32400,381,0.01175925925925926,11.480315208435059,0.054404145077720206,0.047244094488188976
335,0,5,0,32400,426,0.013148148148148148,11.586854934692383,0.12747252747252746,0.15023474178403756
335,0,5,1,32400,388,0.011975308641975308,9.608246803283691,0.08717948717948718,0.08762886597938144
335,0,5,2,32400,402,0.012407407407407407,10.58955192565918,0.06036745406824147,0.05721393034825871
335,0,6,0,32400,475,0.014660493827160493,15.884209632873535,0.107981220657277,0.15789473684210525
335,0,6,1,32400,359,0.011080246913580246,13.668523788452148,0.08505154639175258,0.06963788300835655
335,0,6,2,32400,390,0.012037037037037037,12.941025733947754,0.05472636815920398,0.07179487179487179
335,0,7,0,32400,427,0.013179012345679012,17.557376861572266,0.10947368421052632,0.1522248243559719
335,0,7,1,32400,380,0.011728395061728396,14.855263710021973,0.04178272980501393,0.06578947368421052
335,0,7,2,32400,342,0.010555555555555556,14.134503364562988,0.041025641025641026,0.03216374269005848
335,0,8,0,32400,430,0.013271604938271606,10.767441749572754,0.09133489461358314,0.11627906976744186
335,0,8,1,32400,344,0.010617283950617284,10.822674751281738,0.042105263157894736,0.040697674418604654
335,0,8,2,32400,368,0.011358024691358024,10.725543975830078,0.05263157894736842,0.05434782608695652
335,0,9,0,32400,449,0.013858024691358025,14.338530540466309,0.10697674418604651,0.12026726057906459
335,0,9,1,32400,383,0.011820987654320988,15.697129249572754,0.0436046511627907,0.06266318537859007
335,0,9,2,32400,373,0.011512345679012345,13.573726654052734,0.043478260869565216,0.03485254691689008
335,0,10,0,32400,423,0.013055555555555556,10.340425491333008,0.0957683741648107,0.11583924349881797
335,0,10,1,32400,359,0.011080246913580246,13.41504192352295,0.04699738903394256,0.06685236768802229
335,0,10,2,32400,391,0.0120679012345679,13.994884490966797,0.04825737265415549,0.0639386189258312
335,0,11,0,32400,422,0.013024691358024691,15.874407768249512,0.09456264775413711,0.12085308056872038
335,0,11,1,32400,339,0.010462962962962962,27.091445922851562,0.055710306406685235,0.0471976401179941
335,0,11,2,32400,401,0.012376543209876543,13.433916091918945,0.05115089514066496,0.08229426433915212
335,0,12,0,32400,418,0.012901234567901234,16.004783630371094,0.08767772511848342,0.09808612440191387
335,0,12,1,32400,367,0.01132716049382716,24.98637580871582,0.058997050147492625,0.04632152588555858
335,0,12,2,32400,377,0.011635802469135802,19.22015953063965,0.04738154613466334,0.0610079575596817
335,0,13,0,32400,419,0.0129320987654321,11.513127326965332,0.08373205741626795,0.13365155131264916
335,0,13,1,32400,400,0.012345679012345678,14.769999504089355,0.06267029972752043,0.0675
335,0,13,2,32400,400,0.012345679012345678,12.904999732971191,0.0636604774535809,0.075
335,0,14,0,32400,418,0.012901234567901234,11.284688949584961,0.11694510739856802,0.14114832535885166
335,0,14,1,32400,391,0.0120679012345679,10.002557754516602,0.0575,0.061381074168797956
335,0,14,2,32400,380,0.011728395061728396,9.065790176391602,0.0575,0.06842105263157895
335,0,15,0,32400,393,0.012129629629629629,13.333333015441895,0.10287081339712918,0.10432569974554708
335,0,15,1,32400,381,0.01175925925925926,14.811023712158203,0.03836317135549872,0.06824146981627296
335,0,15,2,32400,391,0.0120679012345679,12.442455291748047,0.05263157894736842,0.058823529411764705
335,0,16,0,32400,403,0.012438271604938272,10.017369270324707,0.12468193384223919,0.1315136476426799
335,0,16,1,32400,380,0.011728395061728396,10.21315860748291,0.06299212598425197,0.09210526315789473
335,0,16,2,32400,353,0.010895061728395062,8.711048126220703,0.058823529411764705,0.0708215297450425
335,0,17,0,32400,463,0.014290123456790123,15.410367012023926,0.12655086848635236,0.12526997840172785
335,0,17,1,32400,398,0.012283950617283951,12.82663345336914,0.05263157894736842,0.04522613065326633
335,0,17,2,32400,419,0.0129320987654321,10.715991020202637,0.07365439093484419,0.06443914081145585
335,0,18,0,32400,432,0.013333333333333334,13.821759223937988,0.11447084233261338,0.1736111111111111
335,0,18,1,32400,333,0.010277777777777778,11.015015602111816,0.03768844221105527,0.06606606606606606
335,0,18,2,32400,392,0.012098765432098766,12.714285850524902,0.0405727923627685,0.0663265306122449
335,0,19,0,32400,445,0.013734567901234567,10.932584762573242,0.13425925925925927,0.1707865168539326
335,0,19,1,32400,349,0.010771604938271605,12.851003646850586,0.05105105105105105,0.05157593123209169
335,0,19,2,32400,383,0.011820987654320988,7.968668460845947,0.06887755102040816,0.08877284595300261
335,0,20,0,32400,418,0.012901234567901234,13.265549659729004,0.11235955056179775,0.14354066985645933
335,0,20,1,32400,354,0.010925925925925926,11.576271057128906,0.034383954154727794,0.059322033898305086
335,0,20,2,32400,379,0.01169753086419753,12.907651901245117,0.04699738903394256,0.07387862796833773
335,0,21,0,32400,418,0.012901234567901234,8.84688949584961,0.13157894736842105,0.15789473684210525
335,0,21,1,32400,344,0.010617283950617284,9.264534950256348,0.0423728813559322,0.046511627906976744
335,0,21,2,32400,343,0.01058641975308642,9.766764640808105,0.047493403693931395,0.05539358600583091
335,0,22,0,32400,445,0.013734567901234567,10.37303352355957,0.12679425837320574,0.11235955056179775
335,0,22,1,32400,387,0.011944444444444445,13.11369514465332,0.046511627906976744,0.07751937984496124
335,0,22,2,32400,373,0.011512345679012345,9.589812278747559,0.04081632653061224,0.040214477211796246
335,0,23,0,32400,434,0.013395061728395061,13.135944366455078,0.09662921348314607,0.10138248847926268
335,0,23,1,32400,346,0.010679012345679013,14.95086669921875,0.046511627906976744,0.06936416184971098
335,0,23,2,32400,370,0.011419753086419753,11.129730224609375,0.04825737265415549,0.07297297297297298
335,0,24,0,32400,433,0.013364197530864198,16.293304443359375,0.10829493087557604,0.13394919168591224
335,0,24,1,32400,403,0.012438271604938272,9.96277904510498,0.05491329479768786,0.04962779156327544
335,0,24,2,32400,391,0.0120679012345679,15.654733657836914,0.03783783783783784,0.04859335038363171
335,0,25,0,32400,461,0.014228395061728395,16.42516326904297,0.10623556581986143,0.09544468546637744
335,0,25,1,32400,366,0.011296296296296296,11.70218563079834,0.04466501240694789,0.05737704918032787
335,0,25,2,32400,404,0.012469135802469136,17.081682205200195,0.056265984654731455,0.06188118811881188
335,0,26,0,32400,435,0.013425925925925926,12.765517234802246,0.11496746203904555,0.1632183908045977
335,0,26,1,32400,375,0.011574074074074073,10.255999565124512,0.05191256830601093,0.06133333333333333
335,0,26,2,32400,432,0.013333333333333334,11.291666984558105,0.07178217821782178,0.09490740740740741
335,0,27,0,32400,463,0.014290123456790123,15.593952178955078,0.13793103448275862,0.12095032397408208
335,0,27,1,32400,370,0.011419753086419753,14.9513521194458,0.048,0.06756756756756757
335,0,27,2,32400,407,0.012561728395061728,9.565110206604004,0.0763888888888889,0.10565110565110565
335,0,28,0,32400,442,0.013641975308641975,9.14027214050293,0.13390928725701945,0.1515837104072398
335,0,28,1,32400,406,0.012530864197530864,10.418719291687012,0.05675675675675676,0.06157635467980296
335,0,28,2,32400,395,0.012191358024691358,9.402531623840332,0.051597051597051594,0.0759493670886076
335,0,29,0,32400,507,0.015648148148148147,10.834320068359375,0.16063348416289594,0.14398422090729784
335,0,29,1,32400,359,0.011080246913580246,13.320334434509277,0.03940886699507389,0.07520891364902507
335,0,29,2,32400,421,0.012993827160493828,11.02375316619873,0.0810126582278481,0.08788598574821853
335,0,30,0,32400,467,0.01441358024691358,9.886509895324707,0.126232741617357,0.145610278372591
335,0,30,1,32400,389,0.012006172839506174,9.290488243103027,0.0584958217270195,0.06940874035989718
335,0,30,2,32400,391,0.0120679012345679,10.887468338012695,0.07125890736342043,0.09974424552429667
335,0,31,0,32400,453,0.013981481481481482,9.147902488708496,0.11777301927194861,0.10596026490066225
335,0,31,1,32400,343,0.01058641975308642,9.597667694091797,0.05912596401028278,0.07580174927113703
335,0,31,2,32400,369,0.01138888888888889,8.176152229309082,0.06649616368286446,0.07588075880758807
335,0,32,0,32400,440,0.013580246913580247,15.52727222442627,0.12582781456953643,0.15454545454545454
335,0,32,1,32400,359,0.011080246913580246,12.1002779006958,0.026239067055393587,0.03064066852367688
335,0,32,2,32400,390,0.012037037037037037,8.723076820373535,0.06775067750677506,0.08717948717948718
335,0,33,0,32400,445,0.013734567901234567,8.330337524414062,0.1409090909090909,0.18651685393258427
335,0,33,1,32400,344,0.010617283950617284,8.098836898803711,0.03064066852367688,0.040697674418604654
335,0,33,2,32400,423,0.013055555555555556,7.385342597961426,0.06153846153846154,0.1111111111111111
335,0,34,0,32400,418,0.012901234567901234,9.921051979064941,0.1393258426966292,0.15789473684210525
335,0,34,1,32400,372,0.011481481481481481,9.728494644165039,0.0377906976744186,0.04032258064516129
335,0,34,2,32400,369,0.01138888888888889,8.794037818908691,0.06619385342789598,0.11382113821138211
335,0,35,0,32400,446,0.013765432098765433,19.90583038330078,0.13636363636363635,0.17937219730941703
335,0,35,1,32400,369,0.01138888888888889,20.149051666259766,0.0456989247311828,0.07046070460704607
335,0,35,2,32400,401,0.012376543209876543,19.039901733398438,0.07046070460704607,0.08728179551122195
335,1,1,0,32400,444,0.013703703703703704,18.657657623291016,-1.0,0.13288288288288289
335,1,1,1,32400,388,0.011975308641975308,14.682989120483398,-1.0,0.10824742268041238
335,1,1,2,32400,398,0.012283950617283951,18.49497413635254,-1.0,0.04271356783919598
335,1,2,0,32400,424,0.01308641975308642,22.764148712158203,0.1036036036036036,0.11084905660377359
335,1,2,1,32400,380,0.011728395061728396,42.060523986816406,0.07731958762886598,0.07105263157894737
335,1,2,2,32400,393,0.012129629629629629,14.587784767150879,0.05025125628140704,0.04834605597964377
335,1,3,0,32400,429,0.01324074074074074,27.895103454589844,0.10377358490566038,0.1351981351981352
335,1,3,1,32400,397,0.012253086419753086,23.269519805908203,0.05526315789473684,0.08312342569269521
335,1,3,2,32400,406,0.012530864197530864,13.85960578918457,0.05343511450381679,0.04433497536945813
335,1,4,0,32400,454,0.014012345679012345,12.596916198730469,0.12121212121212122,0.19162995594713655
335,1,4,1,32400,332,0.010246913580246913,13.385541915893555,0.06297229219143577,0.09939759036144578
335,1,4,2,32400,368,0.011358024691358024,12.54891300201416,0.04926108374384237,0.0625
335,1,5,0,32400,446,0.013765432098765433,12.68834114074707,0.1277533039647577,0.13004484304932734
335,1,5,1,32400,360,0.011111111111111112,11.277777671813965,0.0963855421686747,0.075
335,1,5,2,32400,373,0.011512345679012345,11.597855567932129,0.06793478260869565,0.058981233243967826
335,1,6,0,32400,472,0.014567901234567901,15.144067764282227,0.1031390134529148,0.16101694915254236
335,1,6,1,32400,388,0.011975308641975308,14.623710632324219,0.07777777777777778,0.08247422680412371
335,1,6,2,32400,372,0.011481481481481481,13.311827659606934,0.05361930294906166,0.06451612903225806
335,1,7,0,32400,421,0.012993827160493828,17.665084838867188,0.10805084745762712,0.1330166270783848
335,1,7,1,32400,374,0.01154320987654321,15.895722389221191,0.05154639175257732,0.06684491978609626
335,1,7,2,32400,375,0.011574074074074073,12.090666770935059,0.0456989247311828,0.029333333333333333
335,1,8,0,32400,421,0.012993827160493828,10.66983413696289,0.09738717339667459,0.0997624703087886
335,1,8,1,32400,335,0.010339506172839507,11.319402694702148,0.03208556149732621,0.03880597014925373
335,1,8,2,32400,381,0.01175925925925926,11.598424911499023,0.042666666666666665,0.07349081364829396
335,1,9,0,32400,413,0.012746913580246913,14.878934860229492,0.11163895486935867,0.1162227602905569
335,1,9,1,32400,340,0.010493827160493827,12.444117546081543,0.03880597014925373,0.061764705882352944
335,1,9,2,32400,383,0.011820987654320988,11.731070518493652,0.047244094488188976,0.0391644908616188
335,1,10,0,32400,437,0.013487654320987655,14.50800895690918,0.11138014527845036,0.11441647597254005
335,1,10,1,32400,361,0.011141975308641975,15.171744346618652,0.047058823529411764,0.0443213296398892
335,1,10,2,32400,352,0.010864197530864197,9.568181991577148,0.044386422976501305,0.045454545454545456
335,1,11,0,32400,403,0.012438271604938272,16.109180450439453,0.10068649885583524,0.13399503722084366
335,1,11,1,32400,379,0.01169753086419753,12.361477851867676,0.05263157894736842,0.036939313984168866
335,1,11,2,32400,348,0.01074074074074074,9.321839332580566,0.045454545454545456,0.06896551724137931
335,1,12,0,32400,419,0.0129320987654321,16.22911834716797,0.09429280397022333,0.10023866348448687
335,1,12,1,32400,373,0.011512345679012345,23.70241355895996,0.047493403693931395,0.04825737265415549
335,1,12,2,32400,387,0.011944444444444445,17.736434936523438,0.04597701149425287,0.09302325581395349
335,1,13,0,32400,429,0.01324074074074074,13.249417304992676,0.07398568019093078,0.13286713286713286
335,1,13,1,32400,377,0.011635802469135802,14.448275566101074,0.058981233243967826,0.07957559681697612
335,1,13,2,32400,387,0.011944444444444445,10.312662124633789,0.059431524547803614,0.07751937984496124
335,1,14,0,32400,410,0.012654320987654321,9.943902015686035,0.10955710955710955,0.12926829268292683
335,1,14,1,32400,373,0.011512345679012345,10.54959774017334,0.0610079575596817,0.06970509383378017
335,1,14,2,32400,385,0.011882716049382716,7.929870128631592,0.06718346253229975,0.09090909090909091
335,1,15,0,32400,424,0.01308641975308642,14.191038131713867,0.12439024390243902,0.09905660377358491
335,1,15,1,32400,352,0.010864197530864197,14.752840995788574,0.03485254691689008,0.0625
335,1,15,2,32400,385,0.011882716049382716,10.62597370147705,0.05194805194805195,0.046753246753246755
335,1,16,0,32400,406,0.012530864197530864,10.938423156738281,0.11556603773584906,0.13054187192118227
335,1,16,1,32400,368,0.011358024691358024,9.4320650100708,0.06818181818181818,0.08695652173913043
335,1,16,2,32400,379,0.01169753086419753,8.986807823181152,0.05714285714285714,0.06860158311345646
335,1,17,0,32400,415,0.012808641975308642,15.202409744262695,0.12561576354679804,0.13493975903614458
335,1,17,1,32400,369,0.01138888888888889,10.55284595489502,0.04891304347826087,0.051490514905149054
335,1,17,2,32400,384,0.011851851851851851,15.453125,0.06860158311345646,0.07291666666666667
335,1,18,0,32400,439,0.013549382716049383,11.956720352172852,0.12771084337349398,0.16856492027334852
335,1,18,1,32400,363,0.011203703703703704,13.707988739013672,0.04878048780487805,0.05234159779614325
335,1,18,2,32400,391,0.0120679012345679,15.508951187133789,0.0546875,0.058823529411764705
335,1,19,0,32400,452,0.013950617283950617,10.727875709533691,0.12984054669703873,0.17256637168141592
335,1,19,1,32400,337,0.010401234567901235,8.795251846313477,0.0440771349862259,0.050445103857566766
335,1,19,2,32400,412,0.01271604938271605,7.963592529296875,0.06649616368286446,0.0703883495145631
335,1,20,0,32400,418,0.012901234567901234,21.61961555480957,0.11061946902654868,0.13636363636363635
335,1,20,1,32400,378,0.011666666666666667,7.8359785079956055,0.04451038575667656,0.05291005291005291
335,1,20,2,32400,354,0.010925925925925926,12.132768630981445,0.0412621359223301,0.07627118644067797
335,1,21,0,32400,421,0.012993827160493828,9.204276084899902,0.14114832535885166,0.15201900237529692
335,1,21,1,32400,384,0.011851851851851851,9.861979484558105,0.03968253968253968,0.046875
335,1,21,2,32400,369,0.01138888888888889,8.520325660705566,0.05367231638418079,0.051490514905149054
335,1,22,0,32400,453,0.013981481481481482,10.618101119995117,0.12826603325415678,0.11258278145695365
335,1,22,1,32400,382,0.011790123456790123,12.937172889709473,0.052083333333333336,0.08115183246073299
335,1,22,2,32400,350,0.010802469135802469,10.119999885559082,0.032520325203252036,0.04285714285714286
335,1,23,0,32400,425,0.013117283950617283,12.112940788269043,0.09271523178807947,0.09411764705882353
335,1,23,1,32400,341,0.01052469135802469,14.62756633758545,0.05235602094240838,0.09090909090909091
335,1,23,2,32400,398,0.012283950617283951,11.68844223022461,0.045714285714285714,0.07537688442211055
335,1,24,0,32400,425,0.013117283950617283,17.950590133666992,0.1011764705882353,0.14823529411764705
335,1,24,1,32400,356,0.010987654320987654,14.137641906738281,0.06158357771260997,0.05056179775280899
335,1,24,2,32400,357,0.011018518518518518,18.344541549682617,0.04020100502512563,0.04481792717086835
335,1,25,0,32400,425,0.013117283950617283,20.630586624145508,0.11058823529411765,0.11058823529411765
335,1,25,1,32400,367,0.01132716049382716,13.337874412536621,0.056179775280898875,0.05722070844686648
335,1,25,2,32400,417,0.01287037037037037,17.4868106842041,0.058823529411764705,0.07434052757793765
335,1,26,0,32400,454,0.014012345679012345,14.233479499816895,0.12941176470588237,0.16740088105726872
335,1,26,1,32400,375,0.011574074074074073,10.095999717712402,0.06267029972752043,0.058666666666666666
335,1,26,2,32400,403,0.012438271604938272,11.967741966247559,0.06235011990407674,0.07692307692307693
335,1,27,0,32400,437,0.013487654320987655,15.51716136932373,0.13215859030837004,0.13958810068649885
335,1,27,1,32400,366,0.011296296296296296,10.70218563079834,0.04533333333333334,0.05737704918032787
335,1,27,2,32400,390,0.012037037037037037,16.176923751831055,0.07444168734491315,0.1
335,1,28,0,32400,416,0.012839506172839505,9.665865898132324,0.13043478260869565,0.15144230769230768
335,1,28,1,32400,382,0.011790123456790123,10.065444946289062,0.0546448087431694,0.049738219895287955
335,1,28,2,32400,376,0.011604938271604939,9.630318641662598,0.05128205128205128,0.07180851063829788
335,1,29,0,32400,481,0.014845679012345679,12.295218467712402,0.16826923076923078,0.15176715176715178
335,1,29,1,32400,394,0.012160493827160494,12.624364852905273,0.0549738219895288,0.07106598984771574
335,1,29,2,32400,418,0.012901234567901234,12.165071487426758,0.0851063829787234,0.10047846889952153
335,1,30,0,32400,436,0.01345679012345679,9.681192398071289,0.14137214137214138,0.1536697247706422
335,1,30,1,32400,389,0.012006172839506174,9.9357328414917,0.05583756345177665,0.07455012853470437
335,1,30,2,32400,377,0.011635802469135802,10.042440414428711,0.07177033492822966,0.08488063660477453
335,1,31,0,32400,431,0.013302469135802469,7.8051042556762695,0.12385321100917432,0.10440835266821345
335,1,31,1,32400,355,0.010956790123456791,9.549295425415039,0.05912596401028278,0.061971830985915494
335,1,31,2,32400,377,0.011635802469135802,8.002652168273926,0.07692307692307693,0.06896551724137931
335,1,32,0,32400,455,0.01404320987654321,19.342857360839844,0.13225058004640372,0.16703296703296702
335,1,32,1,32400,339,0.010462962962962962,21.604719161987305,0.036619718309859155,0.02654867256637168
335,1,32,2,32400,376,0.011604938271604939,12.460105895996094,0.09018567639257294,0.08776595744680851
335,1,33,0,32400,445,0.013734567901234567,7.334831714630127,0.13846153846153847,0.18876404494382024
335,1,33,1,32400,355,0.010956790123456791,8.65633773803711,0.035398230088495575,0.03380281690140845
335,1,33,2,32400,372,0.011481481481481481,7.091397762298584,0.05851063829787234,0.11021505376344086
335,1,34,0,32400,414,0.012777777777777779,9.405797004699707,0.13707865168539327,0.1570048309178744
335,1,34,1,32400,375,0.011574074074074073,7.813333034515381,0.03380281690140845,0.029333333333333333
335,1,34,2,32400,371,0.011450617283950618,7.71159029006958,0.07526881720430108,0.10512129380053908
335,1,35,0,32400,448,0.013827160493827161,16.332590103149414,0.13043478260869565,0.17633928571428573
335,1,35,1,32400,363,0.011203703703703704,17.60330581665039,0.034666666666666665,0.046831955922865015
335,1,35,2,32400,349,0.010771604938271605,24.484241485595703,0.07008086253369272,0.09455587392550144
335,2,1,0,32400,443,0.013672839506172839,18.137697219848633,-1.0,0.1399548532731377
335,2,1,1,32400,374,0.01154320987654321,21.213903427124023,-1.0,0.11497326203208556
335,2,1,2,32400,359,0.011080246913580246,13.704734802246094,-1.0,0.06128133704735376
335,2,2,0,32400,401,0.012376543209876543,30.693262100219727,0.09932279909706546,0.09476309226932668
335,2,2,1,32400,374,0.01154320987654321,31.713899612426758,0.06417112299465241,0.0748663101604278
335,2,2,2,32400,383,0.011820987654320988,33.48041534423828,0.04735376044568245,0.05221932114882506
335,2,3,0,32400,414,0.012777777777777779,18.61594009399414,0.11471321695760599,0.14009661835748793
335,2,3,1,32400,375,0.011574074074074073,36.25865936279297,0.05614973262032086,0.088
335,2,3,2,32400,358,0.011049382716049383,27.430164337158203,0.03655352480417755,0.0446927374301676
335,2,4,0,32400,434,0.013395061728395061,13.640552520751953,0.12560386473429952,0.1889400921658986
335,2,4,1,32400,343,0.01058641975308642,14.976676940917969,0.064,0.08746355685131195
335,2,4,2,32400,370,0.011419753086419753,14.145946502685547,0.05307262569832402,0.05675675675675676
335,2,5,0,32400,409,0.012623456790123456,12.347188949584961,0.12903225806451613,0.1491442542787286
335,2,5,1,32400,357,0.011018518518518518,10.498600006103516,0.08746355685131195,0.06442577030812324
335,2,5,2,32400,380,0.011728395061728396,9.365789413452148,0.051351351351351354,0.05263157894736842
335,2,6,0,32400,415,0.012808641975308642,18.573495864868164,0.10757946210268948,0.20240963855421687
335,2,6,1,32400,388,0.011975308641975308,17.43299102783203,0.08123249299719888,0.08505154639175258
335,2,6,2,32400,378,0.011666666666666667,15.457671165466309,0.042105263157894736,0.06878306878306878
335,2,7,0,32400,433,0.013364197530864198,17.660507202148438,0.12530120481927712,0.14549653579676675
335,2,7,1,32400,334,0.010308641975308641,17.754491806030273,0.04639175257731959,0.05688622754491018
335,2,7,2,32400,383,0.011820987654320988,17.355091094970703,0.042328042328042326,0.028720626631853787
335,2,8,0,32400,430,0.013271604938271606,11.800000190734863,0.08775981524249422,0.10465116279069768
335,2,8,1,32400,349,0.010771604938271605,9.959885597229004,0.04491017964071856,0.045845272206303724
335,2,8,2,32400,372,0.011481481481481481,10.97580623626709,0.04699738903394256,0.06720430107526881
335,2,9,0,32400,416,0.012839506172839505,13.65865421295166,0.10930232558139535,0.1201923076923077
335,2,9,1,32400,347,0.010709876543209877,16.31412124633789,0.04871060171919771,0.06340057636887608
335,2,9,2,32400,384,0.011851851851851851,13.817708969116211,0.04032258064516129,0.036458333333333336
335,2,10,0,32400,431,0.013302469135802469,12.489559173583984,0.09375,0.11136890951276102
335,2,10,1,32400,377,0.011635802469135802,13.51193618774414,0.04899135446685879,0.05305039787798409
335,2,10,2,32400,396,0.012222222222222223,8.891413688659668,0.046875,0.05555555555555555
335,2,11,0,32400,433,0.013364197530864198,14.498845100402832,0.0951276102088167,0.12471131639722864
335,2,11,1,32400,352,0.010864197530864197,12.184659004211426,0.0636604774535809,0.04261363636363636
335,2,11,2,32400,413,0.012746913580246913,20.769977569580078,0.045454545454545456,0.0774818401937046
335,2,12,0,32400,433,0.013364197530864198,15.270209312438965,0.09006928406466513,0.10161662817551963
335,2,12,1,32400,384,0.011851851851851851,22.072917938232422,0.056818181818181816,0.06510416666666667
335,2,12,2,32400,383,0.011820987654320988,12.921670913696289,0.05811138014527845,0.06527415143603134
335,2,13,0,32400,407,0.012561728395061728,13.339066505432129,0.07159353348729793,0.12530712530712532
335,2,13,1,32400,357,0.011018518518518518,14.512605667114258,0.057291666666666664,0.09523809523809523
335,2,13,2,32400,396,0.012222222222222223,11.234848022460938,0.06005221932114883,0.06818181818181818
335,2,14,0,32400,391,0.0120679012345679,11.135549545288086,0.11056511056511056,0.12276214833759591
335,2,14,1,32400,384,0.011851851851851851,9.091146469116211,0.05042016806722689,0.0703125
335,2,14,2,32400,383,0.011820987654320988,9.966057777404785,0.05808080808080808,0.07571801566579635
335,2,15,0,32400,422,0.013024691358024691,15.251185417175293,0.11764705882352941,0.12322274881516587
335,2,15,1,32400,366,0.011296296296296296,17.054643630981445,0.033854166666666664,0.05191256830601093
335,2,15,2,32400,378,0.011666666666666667,13.851851463317871,0.04960835509138381,0.06084656084656084
335,2,16,0,32400,429,0.01324074074074074,8.925408363342285,0.11611374407582939,0.13986013986013987
335,2,16,1,32400,374,0.01154320987654321,11.435829162597656,0.07923497267759563,0.07754010695187166
335,2,16,2,32400,373,0.011512345679012345,7.911528587341309,0.0582010582010582,0.058981233243967826
335,2,17,0,32400,444,0.013703703703703704,14.036036491394043,0.1351981351981352,0.1463963963963964
335,2,17,1,32400,377,0.011635802469135802,14.28647232055664,0.0427807486631016,0.05570291777188329
335,2,17,2,32400,386,0.01191358024691358,8.735751152038574,0.06970509383378017,0.07512953367875648
335,2,18,0,32400,447,0.013796296296296296,12.684563636779785,0.11936936936936937,0.17225950782997762
335,2,18,1,32400,383,0.011820987654320988,14.710183143615723,0.04774535809018567,0.057441253263707574
335,2,18,2,32400,392,0.012098765432098766,10.895407676696777,0.04404145077720207,0.06887755102040816
335,2,19,0,32400,435,0.013425925925925926,11.682758331298828,0.1319910514541387,0.167816091954023
335,2,19,1,32400,344,0.010617283950617284,7.276162624359131,0.044386422976501305,0.055232558139534885
335,2,19,2,32400,379,0.01169753086419753,8.693931579589844,0.05612244897959184,0.0870712401055409
335,2,20,0,32400,407,0.012561728395061728,17.174448013305664,0.11494252873563218,0.12285012285012285
335,2,20,1,32400,369,0.01138888888888889,13.907859802246094,0.0436046511627907,0.05420054200542006
335,2,20,2,32400,369,0.01138888888888889,12.769647598266602,0.044854881266490766,0.08943089430894309
335,2,21,0,32400,453,0.013981481481481482,9.150110244750977,0.14004914004914004,0.15011037527593818
335,2,21,1,32400,330,0.010185185185185186,8.975757598876953,0.04607046070460705,0.05454545454545454
335,2,21,2,32400,349,0.010771604938271605,10.054441452026367,0.05420054200542006,0.06017191977077364
335,2,22,0,32400,430,0.013271604938271606,14.527907371520996,0.12582781456953643,0.11395348837209303
335,2,22,1,32400,359,0.011080246913580246,14.206128120422363,0.05454545454545454,0.07799442896935933
335,2,22,2,32400,355,0.010956790123456791,12.501407623291016,0.034383954154727794,0.056338028169014086
335,2,23,0,32400,397,0.012253086419753086,11.229218482971191,0.09534883720930233,0.09571788413098237
335,2,23,1,32400,361,0.011141975308641975,12.67035961151123,0.06128133704735376,0.06925207756232687
335,2,23,2,32400,396,0.012222222222222223,9.98232364654541,0.04788732394366197,0.0707070707070707
335,2,24,0,32400,435,0.013425925925925926,15.009196281433105,0.11083123425692695,0.12873563218390804
335,2,24,1,32400,334,0.010308641975308641,16.607786178588867,0.05263157894736842,0.05089820359281437
335,2,24,2,32400,329,0.01015432098765432,16.066871643066406,0.03535353535353535,0.05167173252279635
335,2,25,0,32400,411,0.012685185185185185,14.997567176818848,0.09885057471264368,0.11192214111922141
335,2,25,1,32400,357,0.011018518518518518,22.78431510925293,0.04491017964071856,0.05322128851540616
335,2,25,2,32400,377,0.011635802469135802,14.090185165405273,0.060790273556231005,0.09814323607427056
335,2,26,0,32400,438,0.013518518518518518,14.173515319824219,0.13138686131386862,0.16210045662100456
335,2,26,1,32400,365,0.011265432098765432,14.61095905303955,0.047619047619047616,0.0684931506849315
335,2,26,2,32400,387,0.011944444444444445,11.333333969116211,0.07692307692307693,0.08010335917312661
335,2,27,0,32400,453,0.013981481481481482,16.174392700195312,0.13470319634703196,0.11479028697571744
335,2,27,1,32400,328,0.010123456790123457,10.5,0.06027397260273973,0.0701219512195122
335,2,27,2,32400,374,0.01154320987654321,15.470588684082031,0.059431524547803614,0.0855614973262032
335,2,28,0,32400,451,0.013919753086419753,10.2638578414917,0.12141280353200883,0.14855875831485588
335,2,28,1,32400,361,0.011141975308641975,9.612188339233398,0.06707317073170732,0.07756232686980609
335,2,28,2,32400,389,0.012006172839506174,8.28277587890625,0.058823529411764705,0.07455012853470437
335,2,29,0,32400,461,0.014228395061728395,11.839479446411133,0.1574279379157428,0.16268980477223427
335,2,29,1,32400,380,0.011728395061728396,11.86842155456543,0.038781163434903045,0.05526315789473684
335,2,29,2,32400,398,0.012283950617283951,9.79648208618164,0.10025706940874037,0.09296482412060302
335,2,30,0,32400,463,0.014290123456790123,9.47948169708252,0.14533622559652928,0.14254859611231102
335,2,30,1,32400,376,0.011604938271604939,8.659574508666992,0.06578947368421052,0.08776595744680851
335,2,30,2,32400,407,0.012561728395061728,8.427517890930176,0.08040201005025126,0.08845208845208845
335,2,31,0,32400,426,0.013148148148148148,8.908451080322266,0.11879049676025918,0.11032863849765258
335,2,31,1,32400,383,0.011820987654320988,8.783289909362793,0.05585106382978723,0.07049608355091384
335,2,31,2,32400,386,0.01191358024691358,8.839378356933594,0.06388206388206388,0.07512953367875648
335,2,32,0,32400,402,0.012407407407407407,16.44527244567871,0.12441314553990611,0.18159203980099503
335,2,32,1,32400,362,0.01117283950617284,15.254144668579102,0.02349869451697128,0.03038674033149171
335,2,32,2,32400,389,0.012006172839506174,13.727506637573242,0.06994818652849741,0.07455012853470437
335,2,33,0,32400,453,0.013981481481481482,7.666666507720947,0.14427860696517414,0.17880794701986755
335,2,33,1,32400,363,0.011203703703703704,9.011019706726074,0.022099447513812154,0.05509641873278237
335,2,33,2,32400,393,0.012129629629629629,7.361323356628418,0.06683804627249357,0.10687022900763359
335,2,34,0,32400,456,0.014074074074074074,9.17543888092041,0.1479028697571744,0.15350877192982457
335,2,34,1,32400,361,0.011141975308641975,9.221606254577637,0.03856749311294766,0.0332409972299169
335,2,34,2,32400,372,0.011481481481481481,7.76344108581543,0.07633587786259542,0.10215053763440861
335,2,35,0,32400,444,0.013703703703703704,22.693696975708008,0.125,0.17567567567567569
335,2,35,1,32400,355,0.010956790123456791,22.785917282104492,0.030470914127423823,0.05352112676056338
335,2,35,2,32400,370,0.011419753086419753,23.7891902923584,0.053763440860215055,0.08648648648648649
335,3,1,0,32400,430,0.013271604938271606,18.776744842529297,-1.0,0.13023255813953488
335,3,1,1,32400,384,0.011851851851851851,16.072917938232422,-1.0,0.10677083333333333
335,3,1,2,32400,360,0.011111111111111112,18.169445037841797,-1.0,0.05
335,3,2,0,32400,424,0.01308641975308642,22.988204956054688,0.10930232558139535,0.10377358490566038
335,3,2,1,32400,344,0.010617283950617284,30.627901077270508,0.06510416666666667,0.0755813953488372
335,3,2,2,32400,385,0.011882716049382716,24.37142562866211,0.058333333333333334,0.06233766233766234
335,3,3,0,32400,454,0.014012345679012345,23.18722152709961,0.10849056603773585,0.1343612334801762
335,3,3,1,32400,351,0.010833333333333334,26.122512817382812,0.055232558139534885,0.07977207977207977
335,3,3,2,32400,374,0.01154320987654321,19.187164306640625,0.05454545454545454,0.053475935828877004
335,3,4,0,32400,474,0.01462962962962963,12.314345359802246,0.09911894273127753,0.1940928270042194
335,3,4,1,32400,382,0.011790123456790123,12.787958145141602,0.07407407407407407,0.08638743455497382
335,3,4,2,32400,341,0.01052469135802469,11.580645561218262,0.045454545454545456,0.05865102639296188
335,3,5,0,32400,430,0.013271604938271606,14.055813789367676,0.12025316455696203,0.14186046511627906
335,3,5,1,32400,413,0.012746913580246913,10.113801956176758,0.07591623036649214,0.06779661016949153
335,3,5,2,32400,383,0.011820987654320988,12.177545547485352,0.07331378299120235,0.044386422976501305
335,3,6,0,32400,445,0.013734567901234567,15.357304573059082,0.09767441860465116,0.1752808988764045
335,3,6,1,32400,348,0.01074074074074074,14.477011680603027,0.0774818401937046,0.08620689655172414
335,3,6,2,32400,377,0.011635802469135802,11.82758617401123,0.04699738903394256,0.0636604774535809
335,3,7,0,32400,387,0.011944444444444445,16.147287368774414,0.11685393258426967,0.14728682170542637
335,3,7,1,32400,348,0.01074074074074074,14.005746841430664,0.05747126436781609,0.07471264367816093
335,3,7,2,32400,378,0.011666666666666667,16.664020538330078,0.03978779840848806,0.0291005291005291
335,3,8,0,32400,424,0.01308641975308642,12.018868446350098,0.10594315245478036,0.09905660377358491
335,3,8,1,32400,358,0.011049382716049383,9.578211784362793,0.03735632183908046,0.04189944134078212
335,3,8,2,32400,352,0.010864197530864197,10.33238697052002,0.03968253968253968,0.0625
335,3,9,0,32400,423,0.013055555555555556,14.981087684631348,0.11084905660377359,0.1276595744680851
335,3,9,1,32400,383,0.011820987654320988,15.796344757080078,0.04748603351955307,0.0731070496083551
335,3,9,2,32400,356,0.010987654320987654,12.356741905212402,0.03977272727272727,0.03932584269662921
335,3,10,0,32400,401,0.012376543209876543,8.374065399169922,0.09692671394799054,0.11471321695760599
335,3,10,1,32400,325,0.010030864197530864,14.252307891845703,0.05221932114882506,0.07384615384615385
335,3,10,2,32400,381,0.01175925925925926,9.682415008544922,0.056179775280898875,0.06036745406824147
335,3,11,0,32400,439,0.013549382716049383,16.76993179321289,0.09975062344139651,0.11389521640091116
335,3,11,1,32400,341,0.01052469135802469,16.765396118164062,0.06153846153846154,0.04985337243401759
335,3,11,2,32400,388,0.011975308641975308,10.81185531616211,0.04461942257217848,0.07216494845360824
335,3,12,0,32400,414,0.012777777777777779,13.818841934204102,0.08428246013667426,0.1111111111111111
335,3,12,1,32400,402,0.012407407407407407,25.32587242126465,0.05571847507331378,0.06467661691542288
335,3,12,2,32400,387,0.011944444444444445,9.43410873413086,0.05412371134020619,0.06976744186046512
335,3,13,0,32400,394,0.012160493827160494,11.515228271484375,0.08454106280193237,0.14213197969543148
335,3,13,1,32400,367,0.01132716049382716,13.283378601074219,0.05721393034825871,0.0681198910081744
335,3,13,2,32400,368,0.011358024691358024,12.845108985900879,0.04909560723514212,0.07880434782608696
335,3,14,0,32400,436,0.01345679012345679,11.130733489990234,0.12436548223350254,0.13990825688073394
335,3,14,1,32400,382,0.011790123456790123,10.002617835998535,0.0681198910081744,0.060209424083769635
335,3,14,2,32400,402,0.012407407407407407,8.898009300231934,0.06793478260869565,0.07462686567164178
335,3,15,0,32400,427,0.013179012345679012,13.864168167114258,0.10091743119266056,0.10772833723653395
335,3,15,1,32400,385,0.011882716049382716,14.394804954528809,0.031413612565445025,0.06493506493506493
335,3,15,2,32400,400,0.012345679012345678,13.082499504089355,0.05472636815920398,0.0475
335,3,16,0,32400,418,0.012901234567901234,9.51913833618164,0.1053864168618267,0.1291866028708134
335,3,16,1,32400,367,0.01132716049382716,9.89645767211914,0.06753246753246753,0.09264305177111716
335,3,16,2,32400,364,0.011234567901234569,8.673077583312988,0.055,0.054945054945054944
335,3,17,0,32400,422,0.013024691358024691,12.966825485229492,0.11961722488038277,0.13270142180094788
335,3,17,1,32400,412,0.01271604938271605,10.68932056427002,0.04632152588555858,0.03640776699029126
335,3,17,2,32400,382,0.011790123456790123,11.259161949157715,0.06868131868131869,0.06544502617801047
335,3,18,0,32400,428,0.013209876543209877,14.509345054626465,0.12796208530805686,0.1822429906542056
335,3,18,1,32400,370,0.011419753086419753,10.66756820678711,0.0412621359223301,0.062162162162162166
335,3,18,2,32400,360,0.011111111111111112,11.527777671813965,0.05235602094240838,0.06944444444444445
335,3,19,0,32400,430,0.013271604938271606,11.137208938598633,0.13551401869158877,0.1744186046511628
335,3,19,1,32400,362,0.01117283950617284,9.198895454406738,0.05405405405405406,0.06906077348066299
335,3,19,2,32400,369,0.01138888888888889,8.94037914276123,0.07222222222222222,0.07046070460704607
335,3,20,0,32400,423,0.013055555555555556,17.62647819519043,0.11162790697674418,0.12293144208037825
335,3,20,1,32400,364,0.011234567901234569,14.315934181213379,0.04419889502762431,0.06593406593406594
335,3,20,2,32400,406,0.012530864197530864,13.788177490234375,0.04878048780487805,0.07389162561576355
335,3,21,0,32400,402,0.012407407407407407,10.074626922607422,0.1276595744680851,0.1791044776119403
335,3,21,1,32400,358,0.011049382716049383,10.68994426727295,0.038461538461538464,0.05307262569832402
335,3,21,2,32400,358,0.011049382716049383,7.905027866363525,0.04187192118226601,0.05027932960893855
335,3,22,0,32400,441,0.01361111111111111,12.66893482208252,0.13681592039800994,0.10204081632653061
335,3,22,1,32400,369,0.01138888888888889,13.520325660705566,0.0446927374301676,0.07317073170731707
335,3,22,2,32400,378,0.011666666666666667,7.949735164642334,0.04189944134078212,0.05026455026455026
335,3,23,0,32400,407,0.012561728395061728,11.997542381286621,0.09297052154195011,0.10319410319410319
335,3,23,1,32400,350,0.010802469135802469,16.825714111328125,0.05420054200542006,0.054285714285714284
335,3,23,2,32400,347,0.010709876543209877,11.847261428833008,0.04497354497354497,0.09510086455331412
335,3,24,0,32400,440,0.013580246913580247,13.429546356201172,0.11056511056511056,0.1431818181818182
335,3,24,1,32400,344,0.010617283950617284,13.232559204101562,0.05714285714285714,0.055232558139534885
335,3,24,2,32400,372,0.011481481481481481,11.352150917053223,0.05475504322766571,0.06720430107526881
335,3,25,0,32400,429,0.01324074074074074,17.76923179626465,0.10227272727272728,0.09324009324009325
335,3,25,1,32400,375,0.011574074074074073,11.21066665649414,0.046511627906976744,0.058666666666666666
335,3,25,2,32400,396,0.012222222222222223,15.234848022460938,0.06182795698924731,0.0707070707070707
335,3,26,0,32400,436,0.01345679012345679,12.36926555633545,0.1282051282051282,0.1536697247706422
335,3,26,1,32400,368,0.011358024691358024,10.051630973815918,0.050666666666666665,0.051630434782608696
335,3,26,2,32400,393,0.012129629629629629,9.478371620178223,0.0707070707070707,0.09923664122137404
335,3,27,0,32400,446,0.013765432098765433,13.289237976074219,0.13990825688073394,0.13228699551569506
335,3,27,1,32400,369,0.01138888888888889,13.959349632263184,0.04891304347826087,0.06233062330623306
335,3,27,2,32400,365,0.011265432098765432,13.619178771972656,0.05597964376590331,0.08767123287671233
335,3,28,0,32400,479,0.01478395061728395,10.7035493850708,0.13004484304932734,0.14822546972860126
335,3,28,1,32400,380,0.011728395061728396,9.734210968017578,0.05962059620596206,0.07105263157894737
335,3,28,2,32400,419,0.0129320987654321,9.725537300109863,0.07123287671232877,0.0883054892601432
335,3,29,0,32400,478,0.014753086419753087,13.497907638549805,0.14822546972860126,0.17573221757322174
335,3,29,1,32400,365,0.011265432098765432,11.290410995483398,0.05,0.06301369863013699
335,3,29,2,32400,400,0.012345679012345678,10.072500228881836,0.081145584725537,0.1075
335,3,30,0,32400,422,0.013024691358024691,9.07819938659668,0.1506276150627615,0.16587677725118483
335,3,30,1,32400,406,0.012530864197530864,10.839900970458984,0.07397260273972603,0.06896551724137931
335,3,30,2,32400,384,0.011851851851851851,10.260416984558105,0.08,0.1015625
335,3,31,0,32400,463,0.014290123456790123,8.902807235717773,0.13033175355450238,0.1079913606911447
335,3,31,1,32400,392,0.012098765432098766,8.232142448425293,0.05172413793103448,0.08163265306122448
335,3,31,2,32400,357,0.011018518518518518,8.10644245147705,0.0703125,0.07563025210084033
335,3,32,0,32400,405,0.0125,16.362964630126953,0.12311015118790497,0.16790123456790124
335,3,32,1,32400,364,0.011234567901234569,12.027472496032715,0.02806122448979592,0.03296703296703297
335,3,32,2,32400,350,0.010802469135802469,16.788570404052734,0.0700280112044818,0.08285714285714285
335,3,33,0,32400,450,0.013888888888888888,7.7622222900390625,0.15555555555555556,0.16666666666666666
335,3,33,1,32400,358,0.011049382716049383,8.192737579345703,0.03296703296703297,0.0335195530726257
335,3,33,2,32400,382,0.011790123456790123,7.094241142272949,0.07714285714285714,0.11518324607329843
335,3,34,0,32400,436,0.01345679012345679,9.197247505187988,0.14666666666666667,0.1628440366972477
335,3,34,1,32400,373,0.011512345679012345,9.061662673950195,0.036312849162011177,0.03753351206434316
335,3,34,2,32400,389,0.012006172839506174,8.683804512023926,0.07591623036649214,0.10796915167095116
335,3,35,0,32400,485,0.014969135802469136,18.362886428833008,0.12385321100917432,0.16082474226804125
335,3,35,1,32400,380,0.011728395061728396,19.205263137817383,0.03485254691689008,0.04736842105263158
335,3,35,2,32400,390,0.012037037037037037,25.412824630737305,0.06683804627249357,0.08974358974358974
336,0,1,0,32400,415,0.012808641975308642,22.021684646606445,-1.0,0.11325301204819277
336,0,1,1,32400,390,0.012037037037037037,36.20256042480469,-1.0,0.07179487179487179
336,0,1,2,32400,368,0.011358024691358024,29.91575813293457,-1.0,0.06793478260869565
336,0,2,0,32400,412,0.01271604938271605,49.868927001953125,0.10361445783132531,0.1407766990291262
336,0,2,1,32400,373,0.011512345679012345,45.97318649291992,0.05128205128205128,0.08310991957104558
336,0,2,2,32400,369,0.01138888888888889,13.761517524719238,0.04076086956521739,0.04336043360433604
336,0,3,0,32400,436,0.01345679012345679,13.596329689025879,0.12135922330097088,0.1926605504587156
336,0,3,1,32400,374,0.01154320987654321,11.382352828979492,0.06702412868632708,0.08021390374331551
336,0,3,2,32400,393,0.012129629629629629,11.513995170593262,0.05420054200542006,0.058524173027989825
336,0,4,0,32400,422,0.013024691358024691,13.79146957397461,0.12844036697247707,0.15165876777251186
336,0,4,1,32400,394,0.012160493827160494,10.175127029418945,0.07754010695187166,0.07614213197969544
336,0,4,2,32400,383,0.011820987654320988,12.347258567810059,0.06361323155216285,0.044386422976501305
336,0,5,0,32400,444,0.013703703703703704,14.515766143798828,0.1066350710900474,0.17792792792792791
336,0,5,1,32400,385,0.011882716049382716,12.753246307373047,0.08883248730964467,0.08571428571428572
336,0,5,2,32400,406,0.012530864197530864,11.0,0.04960835509138381,0.06896551724137931
336,0,6,0,32400,466,0.014382716049382717,16.023605346679688,0.12837837837837837,0.13090128755364808
336,0,6,1,32400,353,0.010895061728395062,17.872520446777344,0.05454545454545454,0.04815864022662889
336,0,6,2,32400,379,0.01169753086419753,13.944591522216797,0.04187192118226601,0.047493403693931395
336,0,7,0,32400,409,0.012623456790123456,13.518338203430176,0.0815450643776824,0.1198044009779951
336,0,7,1,32400,369,0.01138888888888889,10.512195587158203,0.028328611898016998,0.05962059620596206
336,0,7,2,32400,337,0.010401234567901235,10.584569931030273,0.036939313984168866,0.05341246290801187
336,0,8,0,32400,438,0.013518518518518518,12.107305526733398,0.10513447432762836,0.13470319634703196
336,0,8,1,32400,346,0.010679012345679013,15.179190635681152,0.04878048780487805,0.05202312138728324
336,0,8,2,32400,364,0.011234567901234569,11.728022575378418,0.04747774480712166,0.03296703296703297
336,0,9,0,32400,439,0.013549382716049383,16.430524826049805,0.09360730593607305,0.10933940774487472
336,0,9,1,32400,390,0.012037037037037037,13.030769348144531,0.049132947976878616,0.05128205128205128
336,0,9,2,32400,384,0.011851851851851851,14.591146469116211,0.0521978021978022,0.052083333333333336
336,0,10,0,32400,431,0.013302469135802469,19.116008758544922,0.10022779043280182,0.12064965197215777
336,0,10,1,32400,352,0.010864197530864197,17.105113983154297,0.04871794871794872,0.056818181818181816
336,0,10,2,32400,398,0.012283950617283951,15.3643217086792,0.041666666666666664,0.07035175879396985
336,0,11,0,32400,417,0.01287037037037037,16.527578353881836,0.08584686774941995,0.08393285371702638
336,0,11,1,32400,345,0.010648148148148148,16.72174072265625,0.05113636363636364,0.06376811594202898
336,0,11,2,32400,401,0.012376543209876543,20.139652252197266,0.05778894472361809,0.08728179551122195
336,0,12,0,32400,427,0.013179012345679012,10.852458953857422,0.07673860911270983,0.1358313817330211
336,0,12,1,32400,373,0.011512345679012345,14.98659610748291,0.06376811594202898,0.064343163538874
336,0,12,2,32400,385,0.011882716049382716,10.233765602111816,0.05236907730673317,0.06753246753246753
336,0,13,0,32400,427,0.013179012345679012,10.4871187210083,0.11241217798594848,0.12412177985948478
336,0,13,1,32400,398,0.012283950617283951,10.042713165283203,0.05630026809651475,0.04522613065326633
336,0,13,2,32400,386,0.01191358024691358,8.448185920715332,0.06493506493506493,0.08290155440414508
336,0,14,0,32400,406,0.012530864197530864,13.155172348022461,0.10772833723653395,0.11576354679802955
336,0,14,1,32400,393,0.012129629629629629,15.236640930175781,0.04020100502512563,0.06870229007633588
336,0,14,2,32400,381,0.01175925925925926,11.244094848632812,0.05958549222797927,0.04461942257217848
336,0,15,0,32400,402,0.012407407407407407,9.273632049560547,0.11822660098522167,0.12437810945273632
336,0,15,1,32400,382,0.011790123456790123,9.992146492004395,0.06870229007633588,0.08900523560209424
336,0,15,2,32400,399,0.012314814814814815,7.616541385650635,0.05774278215223097,0.07518796992481203
336,0,16,0,32400,413,0.012746913580246913,15.205811500549316,0.1318407960199005,0.14769975786924938
336,0,16,1,32400,381,0.01175925925925926,9.679789543151855,0.04450261780104712,0.05774278215223097
336,0,16,2,32400,358,0.011049382716049383,12.268156051635742,0.06766917293233082,0.0782122905027933
336,0,17,0,32400,467,0.01441358024691358,12.937901496887207,0.12590799031476999,0.15845824411134904
336,0,17,1,32400,388,0.011975308641975308,10.971649169921875,0.047244094488188976,0.04639175257731959
336,0,17,2,32400,411,0.012685185185185185,11.07542610168457,0.05307262569832402,0.05596107055961071
336,0,18,0,32400,435,0.013425925925925926,13.158620834350586,0.12633832976445397,0.1724137931034483
336,0,18,1,32400,330,0.010185185185185186,8.781817436218262,0.041237113402061855,0.07272727272727272
336,0,18,2,32400,404,0.012469135802469136,9.297029495239258,0.05596107055961071,0.07178217821782178
336,0,19,0,32400,425,0.013117283950617283,15.712940216064453,0.1103448275862069,0.13176470588235295
336,0,19,1,32400,350,0.010802469135802469,12.874285697937012,0.04242424242424243,0.054285714285714284
336,0,19,2,32400,373,0.011512345679012345,11.683646202087402,0.054455445544554455,0.08042895442359249
336,0,20,0,32400,431,0.013302469135802469,9.979118347167969,0.13176470588235295,0.16009280742459397
336,0,20,1,32400,348,0.01074074074074074,9.597701072692871,0.04285714285714286,0.040229885057471264
336,0,20,2,32400,362,0.01117283950617284,7.488950729370117,0.05361930294906166,0.06353591160220995
336,0,21,0,32400,407,0.012561728395061728,13.933660507202148,0.11832946635730858,0.12039312039312039
336,0,21,1,32400,360,0.011111111111111112,13.086111068725586,0.040229885057471264,0.08055555555555556
336,0,21,2,32400,346,0.010679012345679013,14.364161491394043,0.03867403314917127,0.05491329479768786
336,0,22,0,32400,440,0.013580246913580247,11.306818008422852,0.10319410319410319,0.09545454545454546
336,0,22,1,32400,374,0.01154320987654321,11.917112350463867,0.05555555555555555,0.05614973262032086
336,0,22,2,32400,392,0.012098765432098766,13.211734771728516,0.046242774566473986,0.08418367346938775
336,0,23,0,32400,441,0.01361111111111111,21.11564826965332,0.1,0.14512471655328799
336,0,23,1,32400,352,0.010864197530864197,8.64488697052002,0.0427807486631016,0.0625
336,0,23,2,32400,345,0.010648148148148148,14.634784698486328,0.03826530612244898,0.043478260869565216
336,0,24,0,32400,445,0.013734567901234567,15.285393714904785,0.10430839002267574,0.10337078651685393
336,0,24,1,32400,403,0.012438271604938272,15.970223426818848,0.045454545454545456,0.04962779156327544
336,0,24,2,32400,416,0.012839506172839505,17.25961685180664,0.057971014492753624,0.06009615384615385
336,0,25,0,32400,468,0.014444444444444444,11.589744567871094,0.11685393258426967,0.14316239316239315
336,0,25,1,32400,366,0.011296296296296296,12.710382461547852,0.04962779156327544,0.060109289617486336
336,0,25,2,32400,414,0.012777777777777779,12.137681007385254,0.06971153846153846,0.0893719806763285
336,0,26,0,32400,431,0.013302469135802469,15.470996856689453,0.13034188034188035,0.13921113689095127
336,0,26,1,32400,374,0.01154320987654321,12.917112350463867,0.04918032786885246,0.06951871657754011
336,0,26,2,32400,424,0.01308641975308642,11.325471878051758,0.06521739130434782,0.08962264150943396
336,0,27,0,32400,479,0.01478395061728395,10.031315803527832,0.13225058004640372,0.1440501043841336
336,0,27,1,32400,376,0.011604938271604939,9.829787254333496,0.05080213903743316,0.07180851063829788
336,0,27,2,32400,413,0.012746913580246913,12.154964447021484,0.0660377358490566,0.07990314769975787
336,0,28,0,32400,451,0.013919753086419753,13.942350387573242,0.1649269311064718,0.16186252771618626
336,0,28,1,32400,408,0.012592592592592593,11.507353782653809,0.04521276595744681,0.0661764705882353
336,0,28,2,32400,403,0.012438271604938272,9.77419376373291,0.0774818401937046,0.0967741935483871
336,0,29,0,32400,491,0.015154320987654322,10.114053726196289,0.13968957871396895,0.13238289205702647
336,0,29,1,32400,369,0.01138888888888889,10.154471397399902,0.05392156862745098,0.0921409214092141
336,0,29,2,32400,404,0.012469135802469136,8.205445289611816,0.0794044665012407,0.07673267326732673
336,0,30,0,32400,446,0.013765432098765433,9.145740509033203,0.109979633401222,0.11434977578475336
336,0,30,1,32400,374,0.01154320987654321,8.71390438079834,0.06233062330623306,0.06149732620320856
336,0,30,2,32400,389,0.012006172839506174,9.241644859313965,0.06435643564356436,0.07455012853470437
336,0,31,0,32400,461,0.014228395061728395,18.82646369934082,0.13004484304932734,0.16919739696312364
336,0,31,1,32400,320,0.009876543209876543,13.5,0.029411764705882353,0.028125
336,0,31,2,32400,368,0.011358024691358024,14.744565963745117,0.05912596401028278,0.09239130434782608
336,0,32,0,32400,456,0.014074074074074074,7.879385948181152,0.14316702819956617,0.16666666666666666
336,0,32,1,32400,367,0.01132716049382716,8.572206497192383,0.028125,0.043596730245231606
336,0,32,2,32400,393,0.012129629629629629,7.5877861976623535,0.06793478260869565,0.10178117048346055
336,0,33,0,32400,421,0.012993827160493828,8.976247787475586,0.1425438596491228,0.16864608076009502
336,0,33,1,32400,347,0.010709876543209877,9.08069133758545,0.0326975476839237,0.03170028818443804
336,0,33,2,32400,427,0.013179012345679012,7.964870929718018,0.07633587786259542,0.11007025761124122
336,0,34,0,32400,440,0.013580246913580247,23.563634872436523,0.1330166270783848,0.17045454545454544
336,0,34,1,32400,370,0.011419753086419753,18.51081085205078,0.0345821325648415,0.04594594594594595
336,0,34,2,32400,370,0.011419753086419753,26.859460830688477,0.05152224824355972,0.0972972972972973
336,0,35,0,32400,429,0.01324074074074074,11.930069923400879,0.12272727272727273,0.14219114219114218
336,0,35,1,32400,366,0.011296296296296296,12.196721076965332,0.04594594594594595,0.05191256830601093
336,0,35,2,32400,406,0.012530864197530864,12.03201961517334,0.0918918918918919,0.10344827586206896
336,1,1,0,32400,433,0.013364197530864198,21.42032241821289,-1.0,0.10392609699769054
336,1,1,1,32400,371,0.011450617283950618,23.153635025024414,-1.0,0.07547169811320754
336,1,1,2,32400,407,0.012561728395061728,20.891889572143555,-1.0,0.04668304668304668
336,1,2,0,32400,433,0.013364197530864198,29.96073341369629,0.10854503464203233,0.14087759815242495
336,1,2,1,32400,384,0.011851851851851851,29.786457061767578,0.0646900269541779,0.078125
336,1,2,2,32400,386,0.01191358024691358,36.72019958496094,0.044226044226044224,0.04922279792746114
336,1,3,0,32400,456,0.014074074074074074,13.326754570007324,0.11085450346420324,0.19298245614035087
336,1,3,1,32400,392,0.012098765432098766,13.71938705444336,0.0625,0.07908163265306123
336,1,3,2,32400,411,0.012685185185185185,11.608272552490234,0.05699481865284974,0.04866180048661801
336,1,4,0,32400,421,0.012993827160493828,14.358670234680176,0.12719298245614036,0.13539192399049882
336,1,4,1,32400,336,0.01037037037037037,11.09523868560791,0.06887755102040816,0.08630952380952381
336,1,4,2,32400,369,0.01138888888888889,10.314363479614258,0.051094890510948905,0.04878048780487805
336,1,5,0,32400,465,0.014351851851851852,14.550538063049316,0.11401425178147269,0.16344086021505377
336,1,5,1,32400,358,0.011049382716049383,23.25977897644043,0.09226190476190477,0.0782122905027933
336,1,5,2,32400,378,0.011666666666666667,11.769841194152832,0.05420054200542006,0.082010582010582
336,1,6,0,32400,464,0.014320987654320988,15.747844696044922,0.11827956989247312,0.1271551724137931
336,1,6,1,32400,382,0.011790123456790123,16.43717384338379,0.04748603351955307,0.05759162303664921
336,1,6,2,32400,362,0.01117283950617284,14.690608024597168,0.05291005291005291,0.04143646408839779
336,1,7,0,32400,403,0.012438271604938272,12.022332191467285,0.08189655172413793,0.10173697270471464
336,1,7,1,32400,363,0.011203703703703704,12.090909004211426,0.03926701570680628,0.05509641873278237
336,1,7,2,32400,373,0.011512345679012345,10.278820991516113,0.04696132596685083,0.04825737265415549
336,1,8,0,32400,429,0.01324074074074074,13.10023307800293,0.11910669975186104,0.10722610722610723
336,1,8,1,32400,337,0.010401234567901235,15.160237312316895,0.03856749311294766,0.050445103857566766
336,1,8,2,32400,377,0.011635802469135802,11.615384101867676,0.03753351206434316,0.05305039787798409
336,1,9,0,32400,402,0.012407407407407407,11.10198974609375,0.09557109557109557,0.11442786069651742
336,1,9,1,32400,347,0.010709876543209877,19.337175369262695,0.04451038575667656,0.04610951008645533
336,1,9,2,32400,395,0.012191358024691358,12.734177589416504,0.05305039787798409,0.05822784810126582
336,1,10,0,32400,444,0.013703703703703704,11.867116928100586,0.11691542288557213,0.11936936936936937
336,1,10,1,32400,354,0.010925925925925926,19.742937088012695,0.05187319884726225,0.03672316384180791
336,1,10,2,32400,361,0.011141975308641975,18.379501342773438,0.04556962025316456,0.055401662049861494
336,1,11,0,32400,398,0.012283950617283951,17.83165740966797,0.08558558558558559,0.10050251256281408
336,1,11,1,32400,385,0.011882716049382716,23.779220581054688,0.05367231638418079,0.046753246753246755
336,1,11,2,32400,347,0.010709876543209877,12.596541404724121,0.05263157894736842,0.07780979827089338
336,1,12,0,32400,428,0.013209876543209877,13.24532699584961,0.08542713567839195,0.13551401869158877
336,1,12,1,32400,379,0.01169753086419753,12.970976829528809,0.05454545454545454,0.0633245382585752
336,1,12,2,32400,393,0.012129629629629629,14.829516410827637,0.05187319884726225,0.09414758269720101
336,1,13,0,32400,436,0.01345679012345679,9.697247505187988,0.102803738317757,0.12844036697247707
336,1,13,1,32400,376,0.011604938271604939,9.739361763000488,0.05804749340369393,0.047872340425531915
336,1,13,2,32400,374,0.01154320987654321,8.264705657958984,0.058524173027989825,0.08823529411764706
336,1,14,0,32400,396,0.012222222222222223,14.479798316955566,0.10321100917431193,0.1111111111111111
336,1,14,1,32400,375,0.011574074074074073,11.986666679382324,0.0398936170212766,0.072
336,1,14,2,32400,384,0.011851851851851851,10.106771469116211,0.06149732620320856,0.0625
336,1,15,0,32400,433,0.013364197530864198,9.863740921020508,0.13131313131313133,0.11778290993071594
336,1,15,1,32400,353,0.010895061728395062,8.8016996383667,0.06666666666666667,0.08781869688385269
336,1,15,2,32400,394,0.012160493827160494,8.977157592773438,0.06510416666666667,0.06598984771573604
336,1,16,0,32400,416,0.012839506172839505,16.495193481445312,0.11778290993071594,0.16105769230769232
336,1,16,1,32400,370,0.011419753086419753,10.751351356506348,0.04815864022662889,0.05945945945945946
336,1,16,2,32400,384,0.011851851851851851,12.3125,0.06852791878172589,0.08333333333333333
336,1,17,0,32400,420,0.012962962962962963,18.897619247436523,0.13221153846153846,0.16904761904761906
336,1,17,1,32400,358,0.011049382716049383,12.139664649963379,0.043243243243243246,0.0446927374301676
336,1,17,2,32400,375,0.011574074074074073,10.794666290283203,0.052083333333333336,0.06933333333333333
336,1,18,0,32400,442,0.013641975308641975,10.45927619934082,0.14285714285714285,0.16968325791855204
336,1,18,1,32400,360,0.011111111111111112,9.544445037841797,0.055865921787709494,0.06388888888888888
336,1,18,2,32400,403,0.012438271604938272,7.359801292419434,0.064,0.07692307692307693
336,1,19,0,32400,432,0.013333333333333334,20.30324363708496,0.10633484162895927,0.1388888888888889
336,1,19,1,32400,338,0.010432098765432099,15.860946655273438,0.03611111111111111,0.0650887573964497
336,1,19,2,32400,402,0.012407407407407407,13.927860260009766,0.052109181141439205,0.06965174129353234
336,1,20,0,32400,429,0.01324074074074074,9.850815773010254,0.12731481481481483,0.1561771561771562
336,1,20,1,32400,373,0.011512345679012345,9.45844554901123,0.05621301775147929,0.04825737265415549
336,1,20,2,32400,337,0.010401234567901235,7.192878246307373,0.0472636815920398,0.05341246290801187
336,1,21,0,32400,409,0.012623456790123456,9.902200698852539,0.1258741258741259,0.11246943765281174
336,1,21,1,32400,401,0.012376543209876543,13.84538745880127,0.04289544235924933,0.0773067331670823
336,1,21,2,32400,372,0.011481481481481481,11.408601760864258,0.03857566765578635,0.043010752688172046
336,1,22,0,32400,450,0.013888888888888888,12.175556182861328,0.1100244498777506,0.09777777777777778
336,1,22,1,32400,369,0.01138888888888889,14.298103332519531,0.06234413965087282,0.05962059620596206
336,1,22,2,32400,370,0.011419753086419753,11.340540885925293,0.04032258064516129,0.08648648648648649
336,1,23,0,32400,433,0.013364197530864198,11.293302536010742,0.1,0.13163972286374134
336,1,23,1,32400,346,0.010679012345679013,11.630058288574219,0.04607046070460705,0.08959537572254335
336,1,23,2,32400,372,0.011481481481481481,14.87096881866455,0.03783783783783784,0.043010752688172046
336,1,24,0,32400,436,0.01345679012345679,18.39908218383789,0.10161662817551963,0.11467889908256881
336,1,24,1,32400,355,0.010956790123456791,16.377464294433594,0.05202312138728324,0.04788732394366197
336,1,24,2,32400,382,0.011790123456790123,13.209424018859863,0.051075268817204304,0.05759162303664921
336,1,25,0,32400,430,0.013271604938271606,10.534883499145508,0.11697247706422019,0.16744186046511628
336,1,25,1,32400,368,0.011358024691358024,10.141304969787598,0.056338028169014086,0.06521739130434782
336,1,25,2,32400,427,0.013179012345679012,12.723652839660645,0.07329842931937172,0.09133489461358314
336,1,26,0,32400,449,0.013858024691358025,16.213808059692383,0.14186046511627906,0.1492204899777283
336,1,26,1,32400,378,0.011666666666666667,12.574073791503906,0.06521739130434782,0.05555555555555555
336,1,26,2,32400,396,0.012222222222222223,11.454545021057129,0.05620608899297424,0.08080808080808081
336,1,27,0,32400,449,0.013858024691358025,10.39643669128418,0.12026726057906459,0.1492204899777283
336,1,27,1,32400,374,0.01154320987654321,9.355615615844727,0.0582010582010582,0.058823529411764705
336,1,27,2,32400,396,0.012222222222222223,10.25,0.06565656565656566,0.08080808080808081
336,1,28,0,32400,426,0.013148148148148148,12.746479034423828,0.15367483296213807,0.16901408450704225
336,1,28,1,32400,383,0.011820987654320988,11.146214485168457,0.045454545454545456,0.05221932114882506
336,1,28,2,32400,384,0.011851851851851851,9.776041984558105,0.07828282828282829,0.08854166666666667
336,1,29,0,32400,467,0.01441358024691358,10.6423978805542,0.15492957746478872,0.14132762312633834
336,1,29,1,32400,404,0.012469135802469136,9.928217887878418,0.06527415143603134,0.08415841584158416
336,1,29,2,32400,402,0.012407407407407407,8.46766185760498,0.0859375,0.08955223880597014
336,1,30,0,32400,417,0.01287037037037037,8.628297805786133,0.12633832976445397,0.11510791366906475
336,1,30,1,32400,375,0.011574074074074073,10.026666641235352,0.06188118811881188,0.06933333333333333
336,1,30,2,32400,374,0.01154320987654321,10.06951904296875,0.06467661691542288,0.07219251336898395
336,1,31,0,32400,435,0.013425925925925926,14.17241382598877,0.12709832134292565,0.15862068965517243
336,1,31,1,32400,333,0.010277777777777778,13.300300598144531,0.032,0.012012012012012012
336,1,31,2,32400,372,0.011481481481481481,12.817204475402832,0.06684491978609626,0.07795698924731183
336,1,32,0,32400,469,0.014475308641975309,8.422175407409668,0.13793103448275862,0.17697228144989338
336,1,32,1,32400,347,0.010709876543209877,8.270893096923828,0.036036036036036036,0.040345821325648415
336,1,32,2,32400,380,0.011728395061728396,8.231578826904297,0.08333333333333333,0.1
336,1,33,0,32400,421,0.012993827160493828,8.874109268188477,0.13432835820895522,0.15914489311163896
336,1,33,1,32400,359,0.011080246913580246,9.593314170837402,0.037463976945244955,0.027855153203342618
336,1,33,2,32400,376,0.011604938271604939,7.48936128616333,0.07105263157894737,0.10372340425531915
336,1,34,0,32400,437,0.013487654320987655,25.37528419494629,0.12589073634204276,0.17620137299771166
336,1,34,1,32400,372,0.011481481481481481,21.516128540039062,0.033426183844011144,0.03763440860215054
336,1,34,2,32400,373,0.011512345679012345,23.7185001373291,0.06914893617021277,0.09115281501340483
336,1,35,0,32400,431,0.013302469135802469,12.849187850952148,0.11899313501144165,0.14153132250580047
336,1,35,1,32400,360,0.011111111111111112,11.15000057220459,0.03225806451612903,0.030555555555555555
336,1,35,2,32400,351,0.010833333333333334,12.490028381347656,0.08042895442359249,0.10826210826210826
336,2,1,0,32400,430,0.013271604938271606,34.220924377441406,-1.0,0.10930232558139535
336,2,1,1,32400,357,0.011018518518518518,24.436973571777344,-1.0,0.0784313725490196
336,2,1,2,32400,368,0.011358024691358024,16.788042068481445,-1.0,0.06521739130434782
336,2,2,0,32400,410,0.012654320987654321,33.724388122558594,0.10232558139534884,0.12195121951219512
336,2,2,1,32400,379,0.01169753086419753,27.52770233154297,0.06162464985994398,0.079155672823219
336,2,2,2,32400,376,0.011604938271604939,31.598400115966797,0.043478260869565216,0.05319148936170213
336,2,3,0,32400,436,0.01345679012345679,14.01834774017334,0.11951219512195121,0.20642201834862386
336,2,3,1,32400,372,0.011481481481481481,12.376343727111816,0.0633245382585752,0.08870967741935484
336,2,3,2,32400,364,0.011234567901234569,11.645605087280273,0.0425531914893617,0.0521978021978022
336,2,4,0,32400,400,0.012345679012345678,14.779999732971191,0.12614678899082568,0.1375
336,2,4,1,32400,347,0.010709876543209877,10.902016639709473,0.07795698924731183,0.069164265129683
336,2,4,2,32400,371,0.011450617283950618,10.568733215332031,0.054945054945054944,0.05390835579514825
336,2,5,0,32400,428,0.013209876543209877,15.352803230285645,0.11,0.17523364485981308
336,2,5,1,32400,355,0.010956790123456791,17.65633773803711,0.0893371757925072,0.07042253521126761
336,2,5,2,32400,385,0.011882716049382716,13.916882514953613,0.0431266846361186,0.05974025974025974
336,2,6,0,32400,408,0.012592592592592593,19.553922653198242,0.1261682242990654,0.1642156862745098
336,2,6,1,32400,380,0.011728395061728396,18.29210662841797,0.04788732394366197,0.060526315789473685
336,2,6,2,32400,367,0.01132716049382716,12.91008186340332,0.033766233766233764,0.04087193460490463
336,2,7,0,32400,415,0.012808641975308642,10.262650489807129,0.09068627450980392,0.10602409638554217
336,2,7,1,32400,323,0.009969135802469135,11.102167129516602,0.031578947368421054,0.04953560371517028
336,2,7,2,32400,379,0.01169753086419753,11.717679023742676,0.04087193460490463,0.044854881266490766
336,2,8,0,32400,439,0.013549382716049383,13.870160102844238,0.1108433734939759,0.11617312072892938
336,2,8,1,32400,352,0.010864197530864197,13.147727966308594,0.05572755417956656,0.056818181818181816
336,2,8,2,32400,368,0.011358024691358024,13.1820650100708,0.044854881266490766,0.051630434782608696
336,2,9,0,32400,407,0.012561728395061728,10.390663146972656,0.0979498861047836,0.11302211302211303
336,2,9,1,32400,354,0.010925925925925926,16.158191680908203,0.05397727272727273,0.05084745762711865
336,2,9,2,32400,396,0.012222222222222223,10.964646339416504,0.04891304347826087,0.047979797979797977
336,2,10,0,32400,439,0.013549382716049383,14.790433883666992,0.10073710073710074,0.11389521640091116
336,2,10,1,32400,370,0.011419753086419753,15.108108520507812,0.05367231638418079,0.04594594594594595
336,2,10,2,32400,405,0.0125,15.007408142089844,0.045454545454545456,0.05925925925925926
336,2,11,0,32400,429,0.01324074074074074,9.818181991577148,0.08428246013667426,0.1048951048951049
336,2,11,1,32400,358,0.011049382716049383,22.114524841308594,0.06486486486486487,0.05307262569832402
336,2,11,2,32400,412,0.01271604938271605,19.342233657836914,0.05185185185185185,0.08737864077669903
336,2,12,0,32400,442,0.013641975308641975,14.54751205444336,0.08391608391608392,0.13574660633484162
336,2,12,1,32400,390,0.012037037037037037,14.964102745056152,0.06424581005586592,0.07179487179487179
336,2,12,2,32400,389,0.012006172839506174,13.86118221282959,0.05825242718446602,0.06683804627249357
336,2,13,0,32400,415,0.012808641975308642,10.414458274841309,0.10180995475113122,0.1180722891566265
336,2,13,1,32400,355,0.010956790123456791,10.842252731323242,0.05641025641025641,0.07605633802816901
336,2,13,2,32400,383,0.011820987654320988,9.101827621459961,0.05912596401028278,0.07049608355091384
336,2,14,0,32400,377,0.011635802469135802,11.310344696044922,0.10361445783132531,0.10079575596816977
336,2,14,1,32400,385,0.011882716049382716,16.335063934326172,0.030985915492957747,0.07792207792207792
336,2,14,2,32400,384,0.011851851851851851,11.401042938232422,0.06005221932114883,0.049479166666666664
336,2,15,0,32400,432,0.013333333333333334,9.94444465637207,0.13262599469496023,0.14814814814814814
336,2,15,1,32400,366,0.011296296296296296,9.923497200012207,0.05974025974025974,0.07103825136612021
336,2,15,2,32400,386,0.01191358024691358,10.722797393798828,0.0546875,0.06476683937823834
336,2,16,0,32400,438,0.013518518518518518,12.600456237792969,0.12037037037037036,0.1598173515981735
336,2,16,1,32400,375,0.011574074074074073,13.266666412353516,0.060109289617486336,0.050666666666666665
336,2,16,2,32400,378,0.011666666666666667,11.817460060119629,0.06994818652849741,0.07936507936507936
336,2,17,0,32400,449,0.013858024691358025,13.685969352722168,0.13926940639269406,0.18485523385300667
336,2,17,1,32400,365,0.011265432098765432,16.73150634765625,0.034666666666666665,0.049315068493150684
336,2,17,2,32400,377,0.011635802469135802,11.506630897521973,0.047619047619047616,0.0610079575596817
336,2,18,0,32400,449,0.013858024691358025,10.527839660644531,0.133630289532294,0.16926503340757237
336,2,18,1,32400,379,0.01169753086419753,9.343008041381836,0.04657534246575343,0.06068601583113457
336,2,18,2,32400,404,0.012469135802469136,9.232672691345215,0.058355437665782495,0.07673267326732673
336,2,19,0,32400,414,0.012777777777777779,15.678743362426758,0.1091314031180401,0.13768115942028986
336,2,19,1,32400,345,0.010648148148148148,11.927536964416504,0.03430079155672823,0.06666666666666667
336,2,19,2,32400,369,0.01138888888888889,10.731708526611328,0.04207920792079208,0.08401084010840108
336,2,20,0,32400,419,0.0129320987654321,9.880668640136719,0.13285024154589373,0.13842482100238662
336,2,20,1,32400,362,0.01117283950617284,8.361878395080566,0.05217391304347826,0.04143646408839779
336,2,20,2,32400,350,0.010802469135802469,7.625714302062988,0.04607046070460705,0.06571428571428571
336,2,21,0,32400,442,0.013641975308641975,11.124434471130371,0.12649164677804295,0.1085972850678733
336,2,21,1,32400,345,0.010648148148148148,15.19420337677002,0.03591160220994475,0.0782608695652174
336,2,21,2,32400,352,0.010864197530864197,14.03125,0.03428571428571429,0.048295454545454544
336,2,22,0,32400,426,0.013148148148148148,13.652582168579102,0.10407239819004525,0.09859154929577464
336,2,22,1,32400,346,0.010679012345679013,16.18208122253418,0.057971014492753624,0.057803468208092484
336,2,22,2,32400,375,0.011574074074074073,16.101333618164062,0.048295454545454544,0.09066666666666667
336,2,23,0,32400,407,0.012561728395061728,12.697789192199707,0.107981220657277,0.1375921375921376
336,2,23,1,32400,365,0.011265432098765432,9.701370239257812,0.05491329479768786,0.06027397260273973
336,2,23,2,32400,371,0.011450617283950618,15.781673431396484,0.04533333333333334,0.04043126684636118
336,2,24,0,32400,448,0.013827160493827161,16.21428680419922,0.11547911547911548,0.10267857142857142
336,2,24,1,32400,335,0.010339506172839507,17.307462692260742,0.043835616438356165,0.04776119402985075
336,2,24,2,32400,353,0.010895061728395062,10.798866271972656,0.05390835579514825,0.0679886685552408
336,2,25,0,32400,418,0.012901234567901234,15.13636302947998,0.12276785714285714,0.1674641148325359
336,2,25,1,32400,357,0.011018518518518518,10.602241516113281,0.050746268656716415,0.05322128851540616
336,2,25,2,32400,386,0.01191358024691358,8.476683616638184,0.07365439093484419,0.11139896373056994
336,2,26,0,32400,433,0.013364197530864198,15.471131324768066,0.145933014354067,0.13625866050808313
336,2,26,1,32400,367,0.01132716049382716,13.302452087402344,0.05042016806722689,0.07629427792915532
336,2,26,2,32400,380,0.011728395061728396,15.765789985656738,0.06735751295336788,0.07894736842105263
336,2,27,0,32400,466,0.014382716049382717,10.068669319152832,0.13163972286374134,0.13304721030042918
336,2,27,1,32400,335,0.010339506172839507,9.155223846435547,0.0681198910081744,0.06567164179104477
336,2,27,2,32400,380,0.011728395061728396,10.347369194030762,0.05,0.060526315789473685
336,2,28,0,32400,460,0.014197530864197531,11.297825813293457,0.1459227467811159,0.16521739130434782
336,2,28,1,32400,362,0.01117283950617284,11.803868293762207,0.050746268656716415,0.07734806629834254
336,2,28,2,32400,396,0.012222222222222223,9.494949340820312,0.08421052631578947,0.09595959595959595
336,2,29,0,32400,445,0.013734567901234567,8.298876762390137,0.14130434782608695,0.14606741573033707
336,2,29,1,32400,388,0.011975308641975308,9.569587707519531,0.052486187845303865,0.06701030927835051
336,2,29,2,32400,382,0.011790123456790123,10.395288467407227,0.09090909090909091,0.08115183246073299
336,2,30,0,32400,441,0.01361111111111111,7.773242950439453,0.12359550561797752,0.1111111111111111
336,2,30,1,32400,362,0.01117283950617284,8.466851234436035,0.06443298969072164,0.0718232044198895
336,2,30,2,32400,404,0.012469135802469136,8.329207420349121,0.07329842931937172,0.07425742574257425
336,2,31,0,32400,430,0.013271604938271606,18.9069766998291,0.12018140589569161,0.16046511627906976
336,2,31,1,32400,360,0.011111111111111112,18.122222900390625,0.024861878453038673,0.027777777777777776
336,2,31,2,32400,385,0.011882716049382716,11.038960456848145,0.06188118811881188,0.08311688311688312
336,2,32,0,32400,417,0.01287037037037037,8.119904518127441,0.13488372093023257,0.18944844124700239
336,2,32,1,32400,371,0.011450617283950618,8.36388111114502,0.025,0.03773584905660377
336,2,32,2,32400,390,0.012037037037037037,7.182051658630371,0.06233766233766234,0.09487179487179487
336,2,33,0,32400,430,0.013271604938271606,9.98604679107666,0.14628297362110312,0.15348837209302327
336,2,33,1,32400,367,0.01132716049382716,8.651226043701172,0.026954177897574125,0.04904632152588556
336,2,33,2,32400,397,0.012253086419753086,8.181360244750977,0.06923076923076923,0.11083123425692695
336,2,34,0,32400,478,0.014753086419753087,17.702930450439453,0.1372093023255814,0.16108786610878661
336,2,34,1,32400,358,0.011049382716049383,16.424579620361328,0.03814713896457766,0.03910614525139665
336,2,34,2,32400,374,0.01154320987654321,27.267379760742188,0.06297229219143577,0.08288770053475936
336,2,35,0,32400,426,0.013148148148148148,11.232394218444824,0.11506276150627615,0.13380281690140844
336,2,35,1,32400,351,0.010833333333333334,13.538461685180664,0.030726256983240222,0.03418803418803419
336,2,35,2,32400,372,0.011481481481481481,12.911290168762207,0.0748663101604278,0.10483870967741936
336,3,1,0,32400,418,0.012901234567901234,22.789470672607422,-1.0,0.09330143540669857
336,3,1,1,32400,368,0.011358024691358024,36.85597229003906,-1.0,0.07608695652173914
336,3,1,2,32400,370,0.011419753086419753,18.83513641357422,-1.0,0.05945945945945946
336,3,2,0,32400,432,0.013333333333333334,32.97221755981445,0.11004784688995216,0.13425925925925927
336,3,2,1,32400,350,0.010802469135802469,21.448570251464844,0.0625,0.08285714285714285
336,3,2,2,32400,376,0.011604938271604939,9.470744132995605,0.05405405405405406,0.05585106382978723
336,3,3,0,32400,483,0.014907407407407407,13.480331420898438,0.11805555555555555,0.20082815734989648
336,3,3,1,32400,349,0.010771604938271605,10.730659484863281,0.07142857142857142,0.08882521489971347
336,3,3,2,32400,383,0.011820987654320988,11.543081283569336,0.05851063829787234,0.05483028720626632
336,3,4,0,32400,441,0.01361111111111111,12.843537330627441,0.11180124223602485,0.1473922902494331
336,3,4,1,32400,387,0.011944444444444445,11.263566017150879,0.08595988538681948,0.06459948320413436
336,3,4,2,32400,342,0.010555555555555556,12.09356689453125,0.05483028720626632,0.05263157894736842
336,3,5,0,32400,449,0.013858024691358025,17.5634765625,0.10430839002267574,0.1714922048997773
336,3,5,1,32400,411,0.012685185185185185,15.49635124206543,0.07751937984496124,0.0681265206812652
336,3,5,2,32400,389,0.012006172839506174,15.192802429199219,0.06140350877192982,0.061696658097686374
336,3,6,0,32400,439,0.013549382716049383,19.04100227355957,0.12026726057906459,0.14123006833712984
336,3,6,1,32400,340,0.010493827160493827,12.1411771774292,0.043795620437956206,0.058823529411764705
336,3,6,2,32400,367,0.01132716049382716,17.408720016479492,0.038560411311053984,0.035422343324250684
336,3,7,0,32400,372,0.011481481481481481,13.241935729980469,0.0979498861047836,0.11559139784946236
336,3,7,1,32400,337,0.010401234567901235,12.121661186218262,0.03823529411764706,0.06824925816023739
336,3,7,2,32400,376,0.011604938271604939,10.56382942199707,0.043596730245231606,0.05319148936170213
336,3,8,0,32400,432,0.013333333333333334,16.256946563720703,0.12634408602150538,0.1111111111111111
336,3,8,1,32400,359,0.011080246913580246,14.579386711120605,0.04154302670623145,0.055710306406685235
336,3,8,2,32400,349,0.010771604938271605,13.882521629333496,0.04521276595744681,0.04297994269340974
336,3,9,0,32400,411,0.012685185185185185,14.206812858581543,0.09490740740740741,0.12165450121654502
336,3,9,1,32400,390,0.012037037037037037,12.35897445678711,0.04456824512534819,0.06153846153846154
336,3,9,2,32400,368,0.011358024691358024,12.82608699798584,0.05157593123209169,0.05434782608695652
336,3,10,0,32400,409,0.012623456790123456,15.982885360717773,0.0948905109489051,0.1271393643031785
336,3,10,1,32400,319,0.00984567901234568,20.786832809448242,0.05641025641025641,0.07210031347962383
336,3,10,2,32400,388,0.011975308641975308,10.824742317199707,0.051630434782608696,0.06701030927835051
336,3,11,0,32400,433,0.013364197530864198,14.36027717590332,0.08557457212713937,0.09237875288683603
336,3,11,1,32400,346,0.010679012345679013,22.817920684814453,0.06583072100313479,0.057803468208092484
336,3,11,2,32400,387,0.011944444444444445,13.868217468261719,0.05154639175257732,0.082687338501292
336,3,12,0,32400,422,0.013024691358024691,14.054502487182617,0.07159353348729793,0.13981042654028436
336,3,12,1,32400,408,0.012592592592592593,13.933823585510254,0.06069364161849711,0.08333333333333333
336,3,12,2,32400,394,0.012160493827160494,13.670050621032715,0.059431524547803614,0.06345177664974619
336,3,13,0,32400,400,0.012345679012345678,10.6875,0.1066350710900474,0.12
336,3,13,1,32400,365,0.011265432098765432,10.402740478515625,0.05392156862745098,0.052054794520547946
336,3,13,2,32400,355,0.010956790123456791,9.614084243774414,0.050761421319796954,0.07323943661971831
336,3,14,0,32400,423,0.013055555555555556,14.470449447631836,0.115,0.11347517730496454
336,3,14,1,32400,386,0.01191358024691358,12.90673542022705,0.052054794520547946,0.06735751295336788
336,3,14,2,32400,400,0.012345679012345678,9.78499984741211,0.061971830985915494,0.045
336,3,15,0,32400,439,0.013549382716049383,9.580865859985352,0.11583924349881797,0.1252847380410023
336,3,15,1,32400,385,0.011882716049382716,8.709091186523438,0.05958549222797927,0.08311688311688312
336,3,15,2,32400,407,0.012561728395061728,8.452088356018066,0.055,0.06142506142506143
336,3,16,0,32400,429,0.01324074074074074,15.902098655700684,0.11389521640091116,0.1351981351981352
336,3,16,1,32400,370,0.011419753086419753,12.77297306060791,0.05194805194805195,0.062162162162162166
336,3,16,2,32400,368,0.011358024691358024,11.706521987915039,0.06633906633906633,0.07336956521739131
336,3,17,0,32400,427,0.013179012345679012,13.035128593444824,0.12354312354312354,0.16159250585480095
336,3,17,1,32400,401,0.012376543209876543,15.523691177368164,0.04054054054054054,0.034912718204488775
336,3,17,2,32400,374,0.01154320987654321,10.71390438079834,0.04619565217391304,0.06149732620320856
336,3,18,0,32400,432,0.013333333333333334,10.25,0.14754098360655737,0.1712962962962963
336,3,18,1,32400,365,0.011265432098765432,8.484931945800781,0.04488778054862843,0.06575342465753424
336,3,18,2,32400,372,0.011481481481481481,10.333333015441895,0.07219251336898395,0.08333333333333333
336,3,19,0,32400,409,0.012623456790123456,15.687042236328125,0.1087962962962963,0.14180929095354522
336,3,19,1,32400,363,0.011203703703703704,13.542699813842773,0.038356164383561646,0.0743801652892562
336,3,19,2,32400,360,0.011111111111111112,11.855555534362793,0.05913978494623656,0.06944444444444445
336,3,20,0,32400,434,0.013395061728395061,8.824884414672852,0.12469437652811736,0.14746543778801843
336,3,20,1,32400,359,0.011080246913580246,9.373258590698242,0.05509641873278237,0.052924791086350974
336,3,20,2,32400,388,0.011975308641975308,8.44329833984375,0.05,0.05412371134020619
336,3,21,0,32400,391,0.0120679012345679,9.961636543273926,0.1175115207373272,0.1329923273657289
336,3,21,1,32400,375,0.011574074074074073,14.917333602905273,0.03899721448467967,0.088
336,3,21,2,32400,362,0.01117283950617284,9.693370819091797,0.030927835051546393,0.04143646408839779
336,3,22,0,32400,438,0.013518518518518518,12.171232223510742,0.12020460358056266,0.0867579908675799
336,3,22,1,32400,356,0.010987654320987654,14.095505714416504,0.05333333333333334,0.05337078651685393
336,3,22,2,32400,398,0.012283950617283951,12.238693237304688,0.04419889502762431,0.08542713567839195
336,3,23,0,32400,415,0.012808641975308642,11.83614444732666,0.09817351598173515,0.13975903614457832
336,3,23,1,32400,356,0.010987654320987654,12.278090476989746,0.05056179775280899,0.047752808988764044
336,3,23,2,32400,321,0.009907407407407408,9.548286437988281,0.04020100502512563,0.06542056074766354
336,3,24,0,32400,452,0.013950617283950617,16.761062622070312,0.10843373493975904,0.11061946902654868
336,3,24,1,32400,345,0.010648148148148148,12.47826099395752,0.047752808988764044,0.05217391304347826
336,3,24,2,32400,396,0.012222222222222223,10.878787994384766,0.07476635514018691,0.07575757575757576
336,3,25,0,32400,436,0.01345679012345679,13.908256530761719,0.11946902654867257,0.14908256880733944
336,3,25,1,32400,376,0.011604938271604939,13.904254913330078,0.05507246376811594,0.06648936170212766
336,3,25,2,32400,405,0.0125,9.333333969116211,0.07323232323232323,0.08888888888888889
336,3,26,0,32400,432,0.013333333333333334,13.835648536682129,0.1444954128440367,0.12962962962962962
336,3,26,1,32400,369,0.01138888888888889,13.07317066192627,0.05053191489361702,0.056910569105691054
336,3,26,2,32400,387,0.011944444444444445,14.565892219543457,0.06419753086419754,0.09302325581395349
336,3,27,0,32400,460,0.014197530864197531,9.25,0.12731481481481483,0.14565217391304347
336,3,27,1,32400,377,0.011635802469135802,8.092838287353516,0.05962059620596206,0.07161803713527852
336,3,27,2,32400,369,0.01138888888888889,10.96205997467041,0.04909560723514212,0.06504065040650407
336,3,28,0,32400,488,0.015061728395061728,11.073769569396973,0.15434782608695652,0.16188524590163936
336,3,28,1,32400,380,0.011728395061728396,11.860527038574219,0.05305039787798409,0.05526315789473684
336,3,28,2,32400,426,0.013148148148148148,9.070423126220703,0.0921409214092141,0.11267605633802817
336,3,29,0,32400,461,0.014228395061728395,9.388286590576172,0.13319672131147542,0.16052060737527116
336,3,29,1,32400,374,0.01154320987654321,9.19518756866455,0.060526315789473685,0.08823529411764706
336,3,29,2,32400,382,0.011790123456790123,9.853403091430664,0.07276995305164319,0.09947643979057591
336,3,30,0,32400,400,0.012345679012345678,8.84999942779541,0.1279826464208243,0.13
336,3,30,1,32400,392,0.012098765432098766,9.341836929321289,0.0748663101604278,0.06377551020408163
336,3,30,2,32400,384,0.011851851851851851,8.333333969116211,0.08376963350785341,0.09375
336,3,31,0,32400,469,0.014475308641975309,16.940298080444336,0.135,0.15991471215351813
336,3,31,1,32400,367,0.01132716049382716,17.37057113647461,0.02295918367346939,0.02997275204359673
336,3,31,2,32400,356,0.010987654320987654,11.778090476989746,0.0625,0.0898876404494382
336,3,32,0,32400,418,0.012901234567901234,7.578947067260742,0.13219616204690832,0.18181818181818182
336,3,32,1,32400,373,0.011512345679012345,6.9168901443481445,0.027247956403269755,0.04289544235924933
336,3,32,2,32400,352,0.010864197530864197,7.414772987365723,0.06741573033707865,0.10795454545454546
336,3,33,0,32400,426,0.013148148148148148,8.070423126220703,0.14832535885167464,0.1431924882629108
336,3,33,1,32400,361,0.011141975308641975,8.623268127441406,0.03485254691689008,0.030470914127423823
336,3,33,2,32400,386,0.01191358024691358,8.803108215332031,0.09090909090909091,0.12176165803108809
336,3,34,0,32400,458,0.014135802469135803,22.934497833251953,0.13380281690140844,0.17903930131004367
336,3,34,1,32400,370,0.011419753086419753,22.681081771850586,0.0332409972299169,0.04864864864864865
336,3,34,2,32400,391,0.0120679012345679,30.677751541137695,0.06476683937823834,0.08951406649616368
336,3,35,0,32400,469,0.014475308641975309,12.475480079650879,0.11572052401746726,0.12366737739872068
336,3,35,1,32400,376,0.011604938271604939,13.486701965332031,0.032432432432432434,0.031914893617021274
336,3,35,2,32400,392,0.012098765432098766,11.77550983428955,0.08184143222506395,0.10714285714285714
337,0,1,0,32400,424,0.01308641975308642,39.98820495605469,-1.0,0.1391509433962264
337,0,1,1,32400,394,0.012160493827160494,27.901012420654297,-1.0,0.07614213197969544
337,0,1,2,32400,361,0.011141975308641975,17.490304946899414,-1.0,0.0664819944598338
337,0,2,0,32400,437,0.013487654320987655,14.82150936126709,0.10849056603773585,0.2036613272311213
337,0,2,1,32400,371,0.011450617283950618,13.29649543762207,0.06345177664974619,0.0862533692722372
337,0,2,2,32400,377,0.011635802469135802,12.729442596435547,0.04986149584487535,0.05305039787798409
337,0,3,0,32400,402,0.012407407407407407,13.218905448913574,0.13043478260869565,0.14427860696517414
337,0,3,1,32400,379,0.01169753086419753,9.274406433105469,0.08086253369272237,0.06860158311345646
337,0,3,2,32400,394,0.012160493827160494,11.137055397033691,0.0610079575596817,0.050761421319796954
337,0,4,0,32400,440,0.013580246913580247,16.01590919494629,0.10696517412935323,0.17954545454545454
337,0,4,1,32400,392,0.012098765432098766,13.99234676361084,0.079155672823219,0.07653061224489796
337,0,4,2,32400,389,0.012006172839506174,10.508996963500977,0.0532994923857868,0.04627249357326478
337,0,5,0,32400,435,0.013425925925925926,19.508045196533203,0.125,0.14942528735632185
337,0,5,1,32400,379,0.01169753086419753,17.287599563598633,0.061224489795918366,0.0712401055408971
337,0,5,2,32400,398,0.012283950617283951,14.899497032165527,0.04884318766066838,0.04522613065326633
337,0,6,0,32400,449,0.013858024691358025,12.006681442260742,0.09655172413793103,0.10022271714922049
337,0,6,1,32400,342,0.010555555555555556,11.809941291809082,0.0395778364116095,0.04093567251461988
337,0,6,2,32400,376,0.011604938271604939,10.56382942199707,0.04271356783919598,0.06382978723404255
337,0,7,0,32400,419,0.0129320987654321,13.248210906982422,0.10244988864142539,0.1288782816229117
337,0,7,1,32400,371,0.011450617283950618,13.865228652954102,0.03508771929824561,0.07008086253369272
337,0,7,2,32400,335,0.010339506172839507,16.734329223632812,0.0425531914893617,0.03283582089552239
337,0,8,0,32400,427,0.013179012345679012,8.707259178161621,0.09069212410501193,0.11943793911007025
337,0,8,1,32400,353,0.010895061728395062,13.34277629852295,0.05390835579514825,0.0453257790368272
337,0,8,2,32400,376,0.011604938271604939,11.771276473999023,0.05970149253731343,0.05053191489361702
337,0,9,0,32400,446,0.013765432098765433,18.80717658996582,0.09836065573770492,0.12556053811659193
337,0,9,1,32400,383,0.011820987654320988,17.300260543823242,0.053824362606232294,0.04960835509138381
337,0,9,2,32400,392,0.012098765432098766,15.176019668579102,0.05319148936170213,0.06887755102040816
337,0,10,0,32400,426,0.013148148148148148,11.354461669921875,0.08744394618834081,0.09389671361502347
337,0,10,1,32400,358,0.011049382716049383,17.634077072143555,0.04699738903394256,0.0670391061452514
337,0,10,2,32400,397,0.012253086419753086,20.874053955078125,0.04591836734693878,0.07556675062972293
337,0,11,0,32400,428,0.013209876543209877,11.628504753112793,0.07981220657276995,0.1261682242990654
337,0,11,1,32400,351,0.010833333333333334,14.18233585357666,0.05865921787709497,0.08831908831908832
337,0,11,2,32400,408,0.012592592592592593,15.166666984558105,0.060453400503778336,0.0857843137254902
337,0,12,0,32400,433,0.013364197530864198,10.325634956359863,0.10514018691588785,0.12009237875288684
337,0,12,1,32400,372,0.011481481481481481,10.731183052062988,0.06267806267806268,0.04838709677419355
337,0,12,2,32400,371,0.011450617283950618,8.75741195678711,0.051470588235294115,0.0673854447439353
337,0,13,0,32400,412,0.01271604938271605,10.51456356048584,0.09930715935334873,0.11165048543689321
337,0,13,1,32400,400,0.012345679012345678,14.65999984741211,0.043010752688172046,0.0575
337,0,13,2,32400,386,0.01191358024691358,9.860103607177734,0.0673854447439353,0.05958549222797927
337,0,14,0,32400,413,0.012746913580246913,9.874092102050781,0.11407766990291263,0.13317191283292978
337,0,14,1,32400,393,0.012129629629629629,10.43765926361084,0.065,0.08396946564885496
337,0,14,2,32400,388,0.011975308641975308,8.19072151184082,0.05699481865284974,0.05154639175257732
337,0,15,0,32400,411,0.012685185185185185,17.995134353637695,0.11864406779661017,0.145985401459854
337,0,15,1,32400,383,0.011820987654320988,12.43080997467041,0.04834605597964377,0.05483028720626632
337,0,15,2,32400,404,0.012469135802469136,11.633663177490234,0.06701030927835051,0.07920792079207921
337,0,16,0,32400,419,0.0129320987654321,12.701671600341797,0.1386861313868613,0.18138424821002386
337,0,16,1,32400,370,0.011419753086419753,12.886487007141113,0.03655352480417755,0.05405405405405406
337,0,16,2,32400,349,0.010771604938271605,10.312321662902832,0.04950495049504951,0.0830945558739255
337,0,17,0,32400,471,0.014537037037037038,12.048832893371582,0.14797136038186157,0.16772823779193205
337,0,17,1,32400,384,0.011851851851851851,8.953125,0.04594594594594595,0.049479166666666664
337,0,17,2,32400,422,0.013024691358024691,8.090047836303711,0.0659025787965616,0.06398104265402843
337,0,18,0,32400,415,0.012808641975308642,17.134939193725586,0.10615711252653928,0.12771084337349398
337,0,18,1,32400,331,0.01021604938271605,15.55891227722168,0.03125,0.09063444108761329
337,0,18,2,32400,393,0.012129629629629629,11.994911193847656,0.04028436018957346,0.08396946564885496
337,0,19,0,32400,437,0.013487654320987655,9.519450187683105,0.12771084337349398,0.15102974828375287
337,0,19,1,32400,344,0.010617283950617284,9.491278648376465,0.0513595166163142,0.0436046511627907
337,0,19,2,32400,355,0.010956790123456791,8.594366073608398,0.05597964376590331,0.059154929577464786
337,0,20,0,32400,420,0.012962962962962963,11.535715103149414,0.11441647597254005,0.11904761904761904
337,0,20,1,32400,365,0.011265432098765432,10.580821990966797,0.040697674418604654,0.07397260273972603
337,0,20,2,32400,364,0.011234567901234569,11.464285850524902,0.036619718309859155,0.04395604395604396
337,0,21,0,32400,404,0.012469135802469136,10.809405326843262,0.1,0.09158415841584158
337,0,21,1,32400,348,0.01074074074074074,13.341954231262207,0.0547945205479452,0.06321839080459771
337,0,21,2,32400,366,0.011296296296296296,10.46448040008545,0.04120879120879121,0.08469945355191257
337,0,22,0,32400,449,0.013858024691358025,11.748330116271973,0.1188118811881188,0.13140311804008908
337,0,22,1,32400,379,0.01169753086419753,11.306069374084473,0.04885057471264368,0.05013192612137203
337,0,22,2,32400,366,0.011296296296296296,11.103824615478516,0.03825136612021858,0.04371584699453552
337,0,23,0,32400,453,0.013981481481481482,16.26490020751953,0.10244988864142539,0.11258278145695365
337,0,23,1,32400,353,0.010895061728395062,16.96034049987793,0.03430079155672823,0.0679886685552408
337,0,23,2,32400,370,0.011419753086419753,15.548648834228516,0.05737704918032787,0.062162162162162166
337,0,24,0,32400,452,0.013950617283950617,16.81637191772461,0.12141280353200883,0.1570796460176991
337,0,24,1,32400,406,0.012530864197530864,9.35960578918457,0.059490084985835696,0.05665024630541872
337,0,24,2,32400,424,0.01308641975308642,10.27122688293457,0.06756756756756757,0.08018867924528301
337,0,25,0,32400,464,0.014320987654320988,16.13793182373047,0.13495575221238937,0.11637931034482758
337,0,25,1,32400,368,0.011358024691358024,17.57065200805664,0.05172413793103448,0.06793478260869565
337,0,25,2,32400,407,0.012561728395061728,12.690417289733887,0.0589622641509434,0.09582309582309582
337,0,26,0,32400,446,0.013765432098765433,10.0089693069458,0.12284482758620689,0.15022421524663676
337,0,26,1,32400,381,0.01175925925925926,9.543307304382324,0.057065217391304345,0.06824146981627296
337,0,26,2,32400,430,0.013271604938271606,10.253488540649414,0.06388206388206388,0.07209302325581396
337,0,27,0,32400,488,0.015061728395061728,12.135245323181152,0.16367713004484305,0.1598360655737705
337,0,27,1,32400,378,0.011666666666666667,13.153438568115234,0.04199475065616798,0.06613756613756613
337,0,27,2,32400,421,0.012993827160493828,12.893112182617188,0.08604651162790698,0.10451306413301663
337,0,28,0,32400,437,0.013487654320987655,10.302059173583984,0.15163934426229508,0.14874141876430205
337,0,28,1,32400,416,0.012839506172839505,10.168269157409668,0.05291005291005291,0.07932692307692307
337,0,28,2,32400,385,0.011882716049382716,8.800000190734863,0.07363420427553444,0.08051948051948052
337,0,29,0,32400,469,0.014475308641975309,9.029850959777832,0.11899313501144165,0.10021321961620469
337,0,29,1,32400,355,0.010956790123456791,9.723943710327148,0.06009615384615385,0.08169014084507042
337,0,29,2,32400,401,0.012376543209876543,10.154613494873047,0.07012987012987013,0.06483790523690773
337,0,30,0,32400,451,0.013919753086419753,14.64301586151123,0.11300639658848614,0.16851441241685144
337,0,30,1,32400,351,0.010833333333333334,20.23076820373535,0.03380281690140845,0.017094017094017096
337,0,30,2,32400,388,0.011975308641975308,14.275773048400879,0.05486284289276808,0.08762886597938144
337,0,31,0,32400,473,0.014598765432098766,7.794925689697266,0.13303769401330376,0.16913319238900634
337,0,31,1,32400,329,0.01015432098765432,7.1610941886901855,0.03133903133903134,0.04559270516717325
337,0,31,2,32400,371,0.011450617283950618,5.935309886932373,0.061855670103092786,0.11320754716981132
337,0,32,0,32400,431,0.013302469135802469,9.447795867919922,0.13953488372093023,0.14385150812064965
337,0,32,1,32400,372,0.011481481481481481,7.284946441650391,0.0364741641337386,0.043010752688172046
337,0,32,2,32400,396,0.012222222222222223,8.42424201965332,0.08355795148247978,0.10858585858585859
337,0,33,0,32400,441,0.01361111111111111,23.020410537719727,0.12993039443155452,0.18140589569160998
337,0,33,1,32400,345,0.010648148148148148,29.927539825439453,0.03763440860215054,0.043478260869565216
337,0,33,2,32400,430,0.013271604938271606,21.641860961914062,0.06313131313131314,0.1
337,0,34,0,32400,423,0.013055555555555556,10.437352180480957,0.11791383219954649,0.13238770685579196
337,0,34,1,32400,366,0.011296296296296296,12.068305969238281,0.03188405797101449,0.030054644808743168
337,0,34,2,32400,373,0.011512345679012345,14.463807106018066,0.06976744186046512,0.1126005361930295
337,0,35,0,32400,462,0.01425925925925926,18.80519676208496,0.13238770685579196,0.16233766233766234
337,0,35,1,32400,360,0.011111111111111112,15.241666793823242,0.040983606557377046,0.058333333333333334
337,0,35,2,32400,407,0.012561728395061728,22.70516014099121,0.08042895442359249,0.09828009828009827
337,1,1,0,32400,441,0.01361111111111111,26.739227294921875,-1.0,0.13378684807256236
337,1,1,1,32400,377,0.011635802469135802,36.17771911621094,-1.0,0.08222811671087533
337,1,1,2,32400,400,0.012345679012345678,29.154998779296875,-1.0,0.05
337,1,2,0,32400,458,0.014135802469135803,13.864628791809082,0.10884353741496598,0.1943231441048035
337,1,2,1,32400,381,0.01175925925925926,15.39107608795166,0.07427055702917772,0.08136482939632546
337,1,2,2,32400,393,0.012129629629629629,13.809160232543945,0.0475,0.061068702290076333
337,1,3,0,32400,423,0.013055555555555556,14.1323881149292,0.11790393013100436,0.14184397163120568
337,1,3,1,32400,398,0.012283950617283951,10.567838668823242,0.07874015748031496,0.0728643216080402
337,1,3,2,32400,414,0.012777777777777779,12.688405990600586,0.07124681933842239,0.04830917874396135
337,1,4,0,32400,438,0.013518518518518518,16.956621170043945,0.1111111111111111,0.1689497716894977
337,1,4,1,32400,334,0.010308641975308641,15.568862915039062,0.07035175879396985,0.08383233532934131
337,1,4,2,32400,375,0.011574074074074073,13.184000015258789,0.03864734299516908,0.064
337,1,5,0,32400,457,0.014104938271604939,18.037199020385742,0.1278538812785388,0.13566739606126915
337,1,5,1,32400,351,0.010833333333333334,13.492877006530762,0.05688622754491018,0.05128205128205128
337,1,5,2,32400,367,0.01132716049382716,14.670299530029297,0.050666666666666665,0.035422343324250684
337,1,6,0,32400,445,0.013734567901234567,11.584269523620605,0.08971553610503283,0.10112359550561797
337,1,6,1,32400,371,0.011450617283950618,14.172506332397461,0.03133903133903134,0.04851752021563342
337,1,6,2,32400,360,0.011111111111111112,10.822222709655762,0.04904632152588556,0.06111111111111111
337,1,7,0,32400,412,0.01271604938271605,13.104369163513184,0.09887640449438202,0.11165048543689321
337,1,7,1,32400,365,0.011265432098765432,14.964384078979492,0.04582210242587601,0.06301369863013699
337,1,7,2,32400,369,0.01138888888888889,12.907859802246094,0.044444444444444446,0.037940379403794036
337,1,8,0,32400,419,0.0129320987654321,14.70644474029541,0.10679611650485436,0.10739856801909307
337,1,8,1,32400,344,0.010617283950617284,18.822673797607422,0.049315068493150684,0.040697674418604654
337,1,8,2,32400,389,0.012006172839506174,10.647814750671387,0.04607046070460705,0.06940874035989718
337,1,9,0,32400,411,0.012685185185185185,14.583941459655762,0.1026252983293556,0.12895377128953772
337,1,9,1,32400,340,0.010493827160493827,16.502941131591797,0.04941860465116279,0.047058823529411764
337,1,9,2,32400,403,0.012438271604938272,12.66749382019043,0.05141388174807198,0.06451612903225806
337,1,10,0,32400,440,0.013580246913580247,17.793180465698242,0.10462287104622871,0.08863636363636364
337,1,10,1,32400,359,0.011080246913580246,20.175487518310547,0.05,0.04735376044568245
337,1,10,2,32400,359,0.011080246913580246,14.448467254638672,0.04466501240694789,0.06406685236768803
337,1,11,0,32400,407,0.012561728395061728,14.39803409576416,0.08409090909090909,0.14250614250614252
337,1,11,1,32400,391,0.0120679012345679,14.89002513885498,0.0584958217270195,0.06905370843989769
337,1,11,2,32400,353,0.010895061728395062,10.093483924865723,0.052924791086350974,0.07932011331444759
337,1,12,0,32400,435,0.013425925925925926,9.395401954650879,0.11547911547911548,0.1310344827586207
337,1,12,1,32400,378,0.011666666666666667,9.952380180358887,0.05115089514066496,0.042328042328042326
337,1,12,2,32400,381,0.01175925925925926,9.656167984008789,0.053824362606232294,0.09711286089238845
337,1,13,0,32400,421,0.012993827160493828,12.218527793884277,0.09425287356321839,0.10688836104513064
337,1,13,1,32400,379,0.01169753086419753,16.19261360168457,0.042328042328042326,0.0633245382585752
337,1,13,2,32400,374,0.01154320987654321,9.441176414489746,0.05774278215223097,0.06684491978609626
337,1,14,0,32400,407,0.012561728395061728,10.179361343383789,0.11163895486935867,0.14004914004914004
337,1,14,1,32400,375,0.011574074074074073,8.525333404541016,0.07387862796833773,0.09066666666666667
337,1,14,2,32400,389,0.012006172839506174,9.323907852172852,0.06417112299465241,0.06426735218508997
337,1,15,0,32400,444,0.013703703703703704,13.213964462280273,0.14004914004914004,0.13063063063063063
337,1,15,1,32400,355,0.010956790123456791,12.938027381896973,0.04533333333333334,0.05352112676056338
337,1,15,2,32400,399,0.012314814814814815,10.085212707519531,0.06683804627249357,0.08020050125313283
337,1,16,0,32400,421,0.012993827160493828,20.429929733276367,0.12612612612612611,0.19002375296912113
337,1,16,1,32400,359,0.011080246913580246,14.626740455627441,0.04225352112676056,0.055710306406685235
337,1,16,2,32400,373,0.011512345679012345,12.745308876037598,0.047619047619047616,0.07506702412868632
337,1,17,0,32400,423,0.013055555555555556,11.713948249816895,0.14489311163895488,0.1702127659574468
337,1,17,1,32400,353,0.010895061728395062,8.87818717956543,0.04735376044568245,0.0453257790368272
337,1,17,2,32400,386,0.01191358024691358,10.484456062316895,0.06166219839142091,0.07772020725388601
337,1,18,0,32400,422,0.013024691358024691,14.023696899414062,0.11583924349881797,0.13033175355450238
337,1,18,1,32400,361,0.011141975308641975,12.969529151916504,0.0453257790368272,0.0664819944598338
337,1,18,2,32400,393,0.012129629629629629,14.185750961303711,0.046632124352331605,0.06870229007633588
337,1,19,0,32400,444,0.013703703703703704,10.761261940002441,0.12322274881516587,0.15765765765765766
337,1,19,1,32400,332,0.010246913580246913,9.307229042053223,0.04709141274238227,0.04819277108433735
337,1,19,2,32400,384,0.011851851851851851,8.309896469116211,0.05597964376590331,0.049479166666666664
337,1,20,0,32400,418,0.012901234567901234,13.337320327758789,0.11936936936936937,0.11722488038277512
337,1,20,1,32400,388,0.011975308641975308,13.110824584960938,0.05120481927710843,0.07731958762886598
337,1,20,2,32400,341,0.01052469135802469,8.454545021057129,0.033854166666666664,0.04398826979472141
337,1,21,0,32400,404,0.012469135802469136,13.351485252380371,0.10287081339712918,0.09158415841584158
337,1,21,1,32400,388,0.011975308641975308,13.914948463439941,0.04896907216494845,0.059278350515463915
337,1,21,2,32400,392,0.012098765432098766,10.364795684814453,0.0469208211143695,0.07908163265306123
337,1,22,0,32400,458,0.014135802469135803,13.423582077026367,0.1188118811881188,0.13973799126637554
337,1,22,1,32400,374,0.01154320987654321,15.237969398498535,0.05670103092783505,0.05614973262032086
337,1,22,2,32400,344,0.010617283950617284,10.398255348205566,0.03571428571428571,0.05813953488372093
337,1,23,0,32400,445,0.013734567901234567,14.4314603805542,0.10043668122270742,0.10786516853932585
337,1,23,1,32400,347,0.010709876543209877,14.311239242553711,0.040106951871657755,0.08069164265129683
337,1,23,2,32400,397,0.012253086419753086,17.604534149169922,0.05813953488372093,0.05793450881612091
337,1,24,0,32400,444,0.013703703703703704,14.07207202911377,0.12359550561797752,0.15990990990990991
337,1,24,1,32400,358,0.011049382716049383,9.980446815490723,0.06628242074927954,0.05307262569832402
337,1,24,2,32400,390,0.012037037037037037,11.671794891357422,0.060453400503778336,0.09487179487179487
337,1,25,0,32400,425,0.013117283950617283,13.484704971313477,0.13513513513513514,0.14352941176470588
337,1,25,1,32400,370,0.011419753086419753,12.089189529418945,0.05865921787709497,0.06756756756756757
337,1,25,2,32400,419,0.0129320987654321,10.830549240112305,0.06153846153846154,0.0883054892601432
337,1,26,0,32400,465,0.014351851851851852,11.279570579528809,0.13647058823529412,0.16559139784946236
337,1,26,1,32400,383,0.011820987654320988,9.749347686767578,0.07297297297297298,0.06005221932114883
337,1,26,2,32400,403,0.012438271604938272,10.213399887084961,0.0477326968973747,0.052109181141439205
337,1,27,0,32400,463,0.014290123456790123,13.887688636779785,0.16344086021505377,0.17494600431965443
337,1,27,1,32400,374,0.01154320987654321,10.796792030334473,0.0391644908616188,0.058823529411764705
337,1,27,2,32400,404,0.012469135802469136,10.821782112121582,0.09181141439205956,0.09900990099009901
337,1,28,0,32400,411,0.012685185185185185,11.138686180114746,0.14254859611231102,0.15815085158150852
337,1,28,1,32400,393,0.012129629629629629,9.45547103881836,0.053475935828877004,0.07124681933842239
337,1,28,2,32400,366,0.011296296296296296,8.289617538452148,0.07673267326732673,0.07923497267759563
337,1,29,0,32400,445,0.013734567901234567,7.72359561920166,0.13138686131386862,0.10786516853932585
337,1,29,1,32400,388,0.011975308641975308,8.935566902160645,0.06615776081424936,0.07216494845360824
337,1,29,2,32400,399,0.012314814814814815,8.661654472351074,0.07650273224043716,0.07518796992481203
337,1,30,0,32400,421,0.012993827160493828,13.964370727539062,0.1258426966292135,0.166270783847981
337,1,30,1,32400,352,0.010864197530864197,12.196022987365723,0.028350515463917526,0.02556818181818182
337,1,30,2,32400,373,0.011512345679012345,12.758713722229004,0.05764411027568922,0.08579088471849866
337,1,31,0,32400,450,0.013888888888888888,8.264444351196289,0.14251781472684086,0.1622222222222222
337,1,31,1,32400,342,0.010555555555555556,7.959064483642578,0.03125,0.02631578947368421
337,1,31,2,32400,378,0.011666666666666667,6.5634918212890625,0.07506702412868632,0.10317460317460317
337,1,32,0,32400,445,0.013734567901234567,8.25393295288086,0.14,0.15955056179775282
337,1,32,1,32400,352,0.010864197530864197,7.40056848526001,0.043859649122807015,0.03125
337,1,32,2,32400,384,0.011851851851851851,7.731770992279053,0.09259259259259259,0.10416666666666667
337,1,33,0,32400,444,0.013703703703703704,23.018020629882812,0.12359550561797752,0.18468468468468469
337,1,33,1,32400,356,0.010987654320987654,22.047752380371094,0.03977272727272727,0.03651685393258427
337,1,33,2,32400,375,0.011574074074074073,25.810667037963867,0.057291666666666664,0.09066666666666667
337,1,34,0,32400,421,0.012993827160493828,10.624703407287598,0.11936936936936937,0.14489311163895488
337,1,34,1,32400,369,0.01138888888888889,14.631436347961426,0.03089887640449438,0.024390243902439025
337,1,34,2,32400,375,0.011574074074074073,13.703999519348145,0.07466666666666667,0.10133333333333333
337,1,35,0,32400,461,0.014228395061728395,20.255966186523438,0.12589073634204276,0.17136659436008678
337,1,35,1,32400,354,0.010925925925925926,17.68644142150879,0.02981029810298103,0.02824858757062147
337,1,35,2,32400,352,0.010864197530864197,18.81818199157715,0.07733333333333334,0.10227272727272728
337,2,1,0,32400,439,0.013549382716049383,30.184511184692383,-1.0,0.13895216400911162
337,2,1,1,32400,361,0.011141975308641975,16.85595703125,-1.0,0.0886426592797784
337,2,1,2,32400,361,0.011141975308641975,25.429359436035156,-1.0,0.06925207756232687
337,2,2,0,32400,435,0.013425925925925926,15.294252395629883,0.10478359908883828,0.18160919540229886
337,2,2,1,32400,376,0.011604938271604939,14.914894104003906,0.06925207756232687,0.08776595744680851
337,2,2,2,32400,383,0.011820987654320988,12.114882469177246,0.04986149584487535,0.06266318537859007
337,2,3,0,32400,406,0.012530864197530864,12.908866882324219,0.13333333333333333,0.15517241379310345
337,2,3,1,32400,376,0.011604938271604939,11.678191184997559,0.07712765957446809,0.0797872340425532
337,2,3,2,32400,365,0.011265432098765432,10.487671852111816,0.05221932114882506,0.0410958904109589
337,2,4,0,32400,420,0.012962962962962963,16.02619171142578,0.11083743842364532,0.16904761904761906
337,2,4,1,32400,346,0.010679012345679013,14.962427139282227,0.0797872340425532,0.07514450867052024
337,2,4,2,32400,376,0.011604938271604939,11.085105895996094,0.04657534246575343,0.061170212765957445
337,2,5,0,32400,421,0.012993827160493828,19.926366806030273,0.12857142857142856,0.1496437054631829
337,2,5,1,32400,348,0.01074074074074074,17.275861740112305,0.05491329479768786,0.05172413793103448
337,2,5,2,32400,376,0.011604938271604939,15.561169624328613,0.03723404255319149,0.034574468085106384
337,2,6,0,32400,390,0.012037037037037037,12.882051467895508,0.09263657957244656,0.13333333333333333
337,2,6,1,32400,370,0.011419753086419753,9.929730415344238,0.03735632183908046,0.051351351351351354
337,2,6,2,32400,365,0.011265432098765432,9.73698616027832,0.03723404255319149,0.06027397260273973
337,2,7,0,32400,424,0.01308641975308642,14.356132507324219,0.11794871794871795,0.12028301886792453
337,2,7,1,32400,325,0.010030864197530864,14.218461990356445,0.03783783783783784,0.05846153846153846
337,2,7,2,32400,375,0.011574074074074073,13.173333168029785,0.043835616438356165,0.032
337,2,8,0,32400,431,0.013302469135802469,11.013920783996582,0.10141509433962265,0.11136890951276102
337,2,8,1,32400,359,0.011080246913580246,15.069637298583984,0.05846153846153846,0.05013927576601671
337,2,8,2,32400,380,0.011728395061728396,11.952631950378418,0.050666666666666665,0.07105263157894737
337,2,9,0,32400,414,0.012777777777777779,15.004830360412598,0.09976798143851508,0.1280193236714976
337,2,9,1,32400,347,0.010709876543209877,20.317001342773438,0.0584958217270195,0.04610951008645533
337,2,9,2,32400,403,0.012438271604938272,17.967741012573242,0.04736842105263158,0.05955334987593052
337,2,10,0,32400,434,0.013395061728395061,15.559907913208008,0.08454106280193237,0.08755760368663594
337,2,10,1,32400,375,0.011574074074074073,21.754667282104492,0.05187319884726225,0.056
337,2,10,2,32400,403,0.012438271604938272,16.461538314819336,0.04466501240694789,0.06699751861042183
337,2,11,0,32400,437,0.013487654320987655,14.745994567871094,0.07603686635944701,0.13501144164759726
337,2,11,1,32400,364,0.011234567901234569,12.807692527770996,0.06933333333333333,0.07142857142857142
337,2,11,2,32400,418,0.012901234567901234,12.691387176513672,0.05707196029776675,0.09569377990430622
337,2,12,0,32400,449,0.013858024691358025,10.24721622467041,0.10983981693363844,0.12694877505567928
337,2,12,1,32400,387,0.011944444444444445,9.012920379638672,0.06043956043956044,0.05167958656330749
337,2,12,2,32400,376,0.011604938271604939,9.848403930664062,0.05741626794258373,0.07712765957446809
337,2,13,0,32400,400,0.012345679012345678,15.802499771118164,0.09131403118040089,0.0975
337,2,13,1,32400,358,0.011049382716049383,14.896647453308105,0.03875968992248062,0.08379888268156424
337,2,13,2,32400,383,0.011820987654320988,11.292428016662598,0.061170212765957445,0.05221932114882506
337,2,14,0,32400,384,0.011851851851851851,11.611979484558105,0.115,0.125
337,2,14,1,32400,385,0.011882716049382716,9.329870223999023,0.061452513966480445,0.09350649350649351
337,2,14,2,32400,391,0.0120679012345679,10.749360084533691,0.057441253263707574,0.058823529411764705
337,2,15,0,32400,439,0.013549382716049383,15.125285148620605,0.13020833333333334,0.1480637813211845
337,2,15,1,32400,369,0.01138888888888889,11.485095024108887,0.04415584415584416,0.04878048780487805
337,2,15,2,32400,390,0.012037037037037037,11.702564239501953,0.0639386189258312,0.07692307692307693
337,2,16,0,32400,444,0.013703703703703704,13.8626127243042,0.12300683371298406,0.18468468468468469
337,2,16,1,32400,365,0.011265432098765432,13.86849308013916,0.056910569105691054,0.049315068493150684
337,2,16,2,32400,369,0.01138888888888889,12.53116512298584,0.04871794871794872,0.06775067750677506
337,2,17,0,32400,451,0.013919753086419753,9.995565414428711,0.15765765765765766,0.18625277161862527
337,2,17,1,32400,362,0.01117283950617284,11.812154769897461,0.038356164383561646,0.055248618784530384
337,2,17,2,32400,389,0.012006172839506174,7.619537353515625,0.06504065040650407,0.07455012853470437
337,2,18,0,32400,429,0.01324074074074074,18.689977645874023,0.1130820399113082,0.13286713286713286
337,2,18,1,32400,381,0.01175925925925926,12.076115608215332,0.04143646408839779,0.06824146981627296
337,2,18,2,32400,394,0.012160493827160494,11.312182426452637,0.043701799485861184,0.07360406091370558
337,2,19,0,32400,426,0.013148148148148148,9.037558555603027,0.12354312354312354,0.15492957746478872
337,2,19,1,32400,339,0.010462962962962962,8.554572105407715,0.047244094488188976,0.05014749262536873
337,2,19,2,32400,351,0.010833333333333334,9.236467361450195,0.04568527918781726,0.06552706552706553
337,2,20,0,32400,408,0.012592592592592593,11.754902839660645,0.11971830985915492,0.09558823529411764
337,2,20,1,32400,379,0.01169753086419753,12.448549270629883,0.05014749262536873,0.079155672823219
337,2,20,2,32400,352,0.010864197530864197,11.4375,0.03418803418803419,0.05397727272727273
337,2,21,0,32400,438,0.013518518518518518,11.445204734802246,0.10784313725490197,0.1004566210045662
337,2,21,1,32400,333,0.010277777777777778,12.963964462280273,0.05013192612137203,0.057057057057057055
337,2,21,2,32400,370,0.011419753086419753,13.051351547241211,0.04261363636363636,0.08108108108108109
337,2,22,0,32400,435,0.013425925925925926,14.002300262451172,0.1141552511415525,0.15402298850574714
337,2,22,1,32400,351,0.010833333333333334,15.12250804901123,0.05405405405405406,0.05128205128205128
337,2,22,2,32400,348,0.01074074074074074,11.163793563842773,0.03513513513513514,0.0603448275862069
337,2,23,0,32400,418,0.012901234567901234,20.535884857177734,0.10574712643678161,0.10287081339712918
337,2,23,1,32400,367,0.01132716049382716,12.912806510925293,0.05128205128205128,0.06267029972752043
337,2,23,2,32400,396,0.012222222222222223,13.376262664794922,0.0603448275862069,0.06313131313131314
337,2,24,0,32400,454,0.014012345679012345,13.158589363098145,0.12440191387559808,0.14977973568281938
337,2,24,1,32400,336,0.01037037037037037,12.068452835083008,0.05449591280653951,0.05357142857142857
337,2,24,2,32400,362,0.01117283950617284,11.983426094055176,0.06565656565656566,0.09392265193370165
337,2,25,0,32400,413,0.012746913580246913,14.944310188293457,0.13656387665198239,0.14043583535108958
337,2,25,1,32400,358,0.011049382716049383,12.586591720581055,0.05357142857142857,0.061452513966480445
337,2,25,2,32400,379,0.01169753086419753,12.13984203338623,0.06629834254143646,0.11345646437994723
337,2,26,0,32400,447,0.013796296296296296,10.382550239562988,0.13075060532687652,0.15659955257270694
337,2,26,1,32400,374,0.01154320987654321,9.21925163269043,0.05307262569832402,0.08021390374331551
337,2,26,2,32400,387,0.011944444444444445,8.051679611206055,0.05804749340369393,0.06459948320413436
337,2,27,0,32400,478,0.014753086419753087,12.278242111206055,0.16554809843400448,0.14435146443514643
337,2,27,1,32400,336,0.01037037037037037,12.267857551574707,0.058823529411764705,0.0625
337,2,27,2,32400,388,0.011975308641975308,10.474226951599121,0.082687338501292,0.08762886597938144
337,2,28,0,32400,445,0.013734567901234567,10.867415428161621,0.13179916317991633,0.1550561797752809
337,2,28,1,32400,371,0.011450617283950618,10.080862045288086,0.06547619047619048,0.0889487870619946
337,2,28,2,32400,379,0.01169753086419753,9.968338012695312,0.07989690721649484,0.08443271767810026
337,2,29,0,32400,425,0.013117283950617283,9.28470516204834,0.12359550561797752,0.11764705882352941
337,2,29,1,32400,375,0.011574074074074073,8.125332832336426,0.05929919137466307,0.06133333333333333
337,2,29,2,32400,378,0.011666666666666667,9.05555534362793,0.08179419525065963,0.06878306878306878
337,2,30,0,32400,447,0.013796296296296296,14.293065071105957,0.13176470588235295,0.16331096196868009
337,2,30,1,32400,339,0.010462962962962962,16.309734344482422,0.032,0.02359882005899705
337,2,30,2,32400,402,0.012407407407407407,13.094527244567871,0.06349206349206349,0.09203980099502487
337,2,31,0,32400,445,0.013734567901234567,7.797752857208252,0.1319910514541387,0.16853932584269662
337,2,31,1,32400,369,0.01138888888888889,8.94037914276123,0.029498525073746312,0.04336043360433604
337,2,31,2,32400,389,0.012006172839506174,8.773778915405273,0.06218905472636816,0.10025706940874037
337,2,32,0,32400,393,0.012129629629629629,9.681933403015137,0.1348314606741573,0.16793893129770993
337,2,32,1,32400,375,0.011574074074074073,8.458666801452637,0.02981029810298103,0.04
337,2,32,2,32400,395,0.012191358024691358,6.97468376159668,0.07712082262210797,0.09873417721518987
337,2,33,0,32400,452,0.013950617283950617,18.610618591308594,0.13486005089058525,0.17699115044247787
337,2,33,1,32400,364,0.011234567901234569,23.41208839416504,0.02666666666666667,0.06318681318681318
337,2,33,2,32400,399,0.012314814814814815,27.656641006469727,0.05569620253164557,0.09273182957393483
337,2,34,0,32400,459,0.014166666666666666,12.305010795593262,0.1261061946902655,0.13071895424836602
337,2,34,1,32400,354,0.010925925925925926,11.672316551208496,0.03571428571428571,0.01977401129943503
337,2,34,2,32400,375,0.011574074074074073,13.378666877746582,0.07518796992481203,0.10133333333333333
337,2,35,0,32400,458,0.014135802469135803,17.838428497314453,0.11982570806100218,0.16593886462882096
337,2,35,1,32400,346,0.010679012345679013,14.497109413146973,0.02824858757062147,0.03757225433526012
337,2,35,2,32400,374,0.01154320987654321,21.671123504638672,0.06933333333333333,0.09090909090909091
337,3,1,0,32400,427,0.013179012345679012,34.747066497802734,-1.0,0.12646370023419204
337,3,1,1,32400,372,0.011481481481481481,29.69086265563965,-1.0,0.08333333333333333
337,3,1,2,32400,362,0.01117283950617284,35.591156005859375,-1.0,0.058011049723756904
337,3,2,0,32400,457,0.014104938271604939,13.142231941223145,0.117096018735363,0.1925601750547046
337,3,2,1,32400,346,0.010679012345679013,11.15895938873291,0.06989247311827956,0.08670520231213873
337,3,2,2,32400,384,0.011851851851851851,13.171875,0.06077348066298342,0.059895833333333336
337,3,3,0,32400,449,0.013858024691358025,15.536748886108398,0.12035010940919037,0.14699331848552338
337,3,3,1,32400,353,0.010895061728395062,12.985835075378418,0.07803468208092486,0.07365439093484419
337,3,3,2,32400,384,0.011851851851851851,11.591146469116211,0.059895833333333336,0.049479166666666664
337,3,4,0,32400,460,0.014197530864197531,17.14130401611328,0.0957683741648107,0.18043478260869567
337,3,4,1,32400,385,0.011882716049382716,15.610389709472656,0.08498583569405099,0.07532467532467532
337,3,4,2,32400,349,0.010771604938271605,14.363897323608398,0.052083333333333336,0.0659025787965616
337,3,5,0,32400,438,0.013518518518518518,18.47945213317871,0.11739130434782609,0.14383561643835616
337,3,5,1,32400,404,0.012469135802469136,14.304454803466797,0.046753246753246755,0.05198019801980198
337,3,5,2,32400,379,0.01169753086419753,16.88654327392578,0.05157593123209169,0.029023746701846966
337,3,6,0,32400,420,0.012962962962962963,12.873809814453125,0.07990867579908675,0.10952380952380952
337,3,6,1,32400,330,0.010185185185185186,11.909090995788574,0.034653465346534656,0.045454545454545456
337,3,6,2,32400,364,0.011234567901234569,9.535714149475098,0.0395778364116095,0.0521978021978022
337,3,7,0,32400,381,0.01175925925925926,14.640419960021973,0.11190476190476191,0.13123359580052493
337,3,7,1,32400,338,0.010432098765432099,13.18639087677002,0.04242424242424243,0.07692307692307693
337,3,7,2,32400,372,0.011481481481481481,11.075268745422363,0.046703296703296704,0.03494623655913978
337,3,8,0,32400,422,0.013024691358024691,18.36018943786621,0.11286089238845144,0.11374407582938388
337,3,8,1,32400,367,0.01132716049382716,17.615802764892578,0.05029585798816568,0.043596730245231606
337,3,8,2,32400,360,0.011111111111111112,13.841667175292969,0.051075268817204304,0.06388888888888888
337,3,9,0,32400,420,0.012962962962962963,16.392858505249023,0.1018957345971564,0.13333333333333333
337,3,9,1,32400,382,0.011790123456790123,22.793193817138672,0.04904632152588556,0.0549738219895288
337,3,9,2,32400,375,0.011574074074074073,14.543999671936035,0.044444444444444446,0.064
337,3,10,0,32400,404,0.012469135802469136,16.28217887878418,0.08571428571428572,0.10148514851485149
337,3,10,1,32400,323,0.009969135802469135,24.687305450439453,0.049738219895287955,0.07430340557275542
337,3,10,2,32400,386,0.01191358024691358,19.624353408813477,0.056,0.07772020725388601
337,3,11,0,32400,444,0.013703703703703704,12.342342376708984,0.07920792079207921,0.12162162162162163
337,3,11,1,32400,353,0.010895061728395062,13.84135913848877,0.07120743034055728,0.07932011331444759
337,3,11,2,32400,393,0.012129629629629629,10.111959457397461,0.05181347150259067,0.08396946564885496
337,3,12,0,32400,430,0.013271604938271606,10.183720588684082,0.10585585585585586,0.13023255813953488
337,3,12,1,32400,406,0.012530864197530864,9.73645305633545,0.056657223796033995,0.06896551724137931
337,3,12,2,32400,381,0.01175925925925926,9.674540519714355,0.058524173027989825,0.06824146981627296
337,3,13,0,32400,386,0.01191358024691358,15.189118385314941,0.1,0.10362694300518134
337,3,13,1,32400,368,0.011358024691358024,14.706521987915039,0.03940886699507389,0.059782608695652176
337,3,13,2,32400,354,0.010925925925925926,14.700565338134766,0.049868766404199474,0.05649717514124294
337,3,14,0,32400,433,0.013364197530864198,9.896074295043945,0.12435233160621761,0.14087759815242495
337,3,14,1,32400,386,0.01191358024691358,8.51036262512207,0.07880434782608696,0.09067357512953368
337,3,14,2,32400,408,0.012592592592592593,7.901960849761963,0.07062146892655367,0.05392156862745098
337,3,15,0,32400,448,0.013827160493827161,17.147321701049805,0.11316397228637413,0.13392857142857142
337,3,15,1,32400,387,0.011944444444444445,10.948320388793945,0.04404145077720207,0.05426356589147287
337,3,15,2,32400,412,0.01271604938271605,13.6359224319458,0.06862745098039216,0.07524271844660194
337,3,16,0,32400,434,0.013395061728395061,14.905529975891113,0.11830357142857142,0.1728110599078341
337,3,16,1,32400,358,0.011049382716049383,13.89944076538086,0.041343669250646,0.05865921787709497
337,3,16,2,32400,360,0.011111111111111112,9.83055591583252,0.050970873786407765,0.06388888888888888
337,3,17,0,32400,429,0.01324074074074074,10.05827522277832,0.14055299539170507,0.16317016317016317
337,3,17,1,32400,397,0.012253086419753086,12.02770709991455,0.03910614525139665,0.04030226700251889
337,3,17,2,32400,385,0.011882716049382716,11.044156074523926,0.058333333333333334,0.07012987012987013
337,3,18,0,32400,413,0.012746913580246913,12.736078262329102,0.11888111888111888,0.14527845036319612
337,3,18,1,32400,367,0.01132716049382716,9.98637580871582,0.04030226700251889,0.07084468664850137
337,3,18,2,32400,362,0.01117283950617284,8.345304489135742,0.05454545454545454,0.08011049723756906
337,3,19,0,32400,422,0.013024691358024691,9.099526405334473,0.13075060532687652,0.14928909952606634
337,3,19,1,32400,357,0.011018518518518518,10.005602836608887,0.04632152588555858,0.06442577030812324
337,3,19,2,32400,342,0.010555555555555556,9.798245429992676,0.06077348066298342,0.04678362573099415
337,3,20,0,32400,421,0.012993827160493828,11.790974617004395,0.11611374407582939,0.1021377672209026
337,3,20,1,32400,376,0.011604938271604939,10.409574508666992,0.05322128851540616,0.0851063829787234
337,3,20,2,32400,391,0.0120679012345679,12.227621078491211,0.03508771929824561,0.04859335038363171
337,3,21,0,32400,386,0.01191358024691358,13.24093246459961,0.09263657957244656,0.11398963730569948
337,3,21,1,32400,362,0.01117283950617284,13.469614028930664,0.05053191489361702,0.06353591160220995
337,3,21,2,32400,382,0.011790123456790123,16.02094268798828,0.03580562659846547,0.07591623036649214
337,3,22,0,32400,447,0.013796296296296296,16.474275588989258,0.12694300518134716,0.12527964205816555
337,3,22,1,32400,361,0.011141975308641975,16.736845016479492,0.04696132596685083,0.04986149584487535
337,3,22,2,32400,372,0.011481481481481481,9.373656272888184,0.03664921465968586,0.051075268817204304
337,3,23,0,32400,428,0.013209876543209877,18.52336311340332,0.10514541387024609,0.10747663551401869
337,3,23,1,32400,357,0.011018518518518518,13.543417930603027,0.04155124653739612,0.04481792717086835
337,3,23,2,32400,346,0.010679012345679013,17.008670806884766,0.05913978494623656,0.07514450867052024
337,3,24,0,32400,459,0.014166666666666666,13.976034164428711,0.12383177570093458,0.16122004357298475
337,3,24,1,32400,346,0.010679012345679013,12.239884376525879,0.056022408963585436,0.06647398843930635
337,3,24,2,32400,406,0.012530864197530864,11.381772994995117,0.08959537572254335,0.10098522167487685
337,3,25,0,32400,431,0.013302469135802469,13.703015327453613,0.1328976034858388,0.11832946635730858
337,3,25,1,32400,377,0.011635802469135802,13.862069129943848,0.05491329479768786,0.07161803713527852
337,3,25,2,32400,399,0.012314814814814815,11.94235610961914,0.0665024630541872,0.09022556390977443
337,3,26,0,32400,448,0.013827160493827161,10.254465103149414,0.12993039443155452,0.14732142857142858
337,3,26,1,32400,377,0.011635802469135802,9.753315925598145,0.0610079575596817,0.05570291777188329
337,3,26,2,32400,393,0.012129629629629629,10.399491310119629,0.05513784461152882,0.08142493638676845
337,3,27,0,32400,473,0.014598765432098766,11.87949275970459,0.16517857142857142,0.16701902748414377
337,3,27,1,32400,375,0.011574074074074073,10.762666702270508,0.04509283819628647,0.05333333333333334
337,3,27,2,32400,379,0.01169753086419753,9.060686111450195,0.08651399491094147,0.08970976253298153
337,3,28,0,32400,474,0.01462962962962963,10.09493637084961,0.14587737843551796,0.1540084388185654
337,3,28,1,32400,391,0.0120679012345679,9.572890281677246,0.058666666666666666,0.0792838874680307
337,3,28,2,32400,410,0.012654320987654321,9.341463088989258,0.08970976253298153,0.0951219512195122
337,3,29,0,32400,440,0.013580246913580247,8.811363220214844,0.1160337552742616,0.125
337,3,29,1,32400,360,0.011111111111111112,10.602778434753418,0.06649616368286446,0.08055555555555556
337,3,29,2,32400,378,0.011666666666666667,8.661375045776367,0.06829268292682927,0.08465608465608465
337,3,30,0,32400,406,0.012530864197530864,16.59113311767578,0.1340909090909091,0.17733990147783252
337,3,30,1,32400,369,0.01138888888888889,20.151762008666992,0.044444444444444446,0.02168021680216802
337,3,30,2,32400,383,0.011820987654320988,13.263708114624023,0.06613756613756613,0.10443864229765012
337,3,31,0,32400,483,0.014907407407407407,8.770186424255371,0.14285714285714285,0.16356107660455488
337,3,31,1,32400,378,0.011666666666666667,7.433862209320068,0.032520325203252036,0.047619047619047616
337,3,31,2,32400,360,0.011111111111111112,7.900000095367432,0.06788511749347259,0.11944444444444445
337,3,32,0,32400,397,0.012253086419753086,8.934508323669434,0.13664596273291926,0.16624685138539042
337,3,32,1,32400,378,0.011666666666666667,9.243386268615723,0.031746031746031744,0.042328042328042326
337,3,32,2,32400,356,0.010987654320987654,8.84831428527832,0.08333333333333333,0.10393258426966293
337,3,33,0,32400,449,0.013858024691358025,18.904232025146484,0.1385390428211587,0.16926503340757237
337,3,33,1,32400,359,0.011080246913580246,20.545961380004883,0.03968253968253968,0.03899721448467967
337,3,33,2,32400,386,0.01191358024691358,23.30310821533203,0.0702247191011236,0.09844559585492228
337,3,34,0,32400,442,0.013641975308641975,12.65158462524414,0.12694877505567928,0.1425339366515837
337,3,34,1,32400,367,0.01132716049382716,12.732970237731934,0.03064066852367688,0.02997275204359673
337,3,34,2,32400,393,0.012129629629629629,12.699745178222656,0.07512953367875648,0.10432569974554708
337,3,35,0,32400,501,0.015462962962962963,14.255489349365234,0.11990950226244344,0.14770459081836326
337,3,35,1,32400,371,0.011450617283950618,18.393529891967773,0.0326975476839237,0.029649595687331536
337,3,35,2,32400,393,0.012129629629629629,15.05597972869873,0.07888040712468193,0.09923664122137404
338,0,1,0,32400,449,0.013858024691358025,12.398664474487305,-1.0,0.19821826280623608
338,0,1,1,32400,391,0.0120679012345679,13.567774772644043,-1.0,0.08184143222506395
338,0,1,2,32400,368,0.011358024691358024,10.0054349899292,-1.0,0.07336956521739131
338,0,2,0,32400,402,0.012407407407407407,12.992536544799805,0.11804008908685969,0.14925373134328357
338,0,2,1,32400,375,0.011574074074074073,9.813333511352539,0.07161125319693094,0.072
338,0,2,2,32400,378,0.011666666666666667,11.989418029785156,0.05434782608695652,0.04497354497354497
338,0,3,0,32400,422,0.013024691358024691,16.76777458190918,0.11194029850746269,0.1895734597156398
338,0,3,1,32400,377,0.011635802469135802,17.013263702392578,0.08266666666666667,0.07161803713527852
338,0,3,2,32400,399,0.012314814814814815,15.240601539611816,0.05291005291005291,0.06015037593984962
338,0,4,0,32400,431,0.013302469135802469,16.431554794311523,0.12559241706161137,0.1554524361948956
338,0,4,1,32400,385,0.011882716049382716,15.418181419372559,0.04774535809018567,0.05714285714285714
338,0,4,2,32400,379,0.01169753086419753,14.37467098236084,0.047619047619047616,0.0316622691292876
338,0,5,0,32400,418,0.012901234567901234,11.418660163879395,0.09280742459396751,0.11244019138755981
338,0,5,1,32400,368,0.011358024691358024,10.3695650100708,0.046753246753246755,0.0625
338,0,5,2,32400,395,0.012191358024691358,9.49113941192627,0.044854881266490766,0.06329113924050633
338,0,6,0,32400,457,0.014104938271604939,16.118162155151367,0.11483253588516747,0.10940919037199125
338,0,6,1,32400,344,0.010617283950617284,14.956395149230957,0.04619565217391304,0.04941860465116279
338,0,6,2,32400,373,0.011512345679012345,14.238606452941895,0.04556962025316456,0.05630026809651475
338,0,7,0,32400,408,0.012592592592592593,13.632353782653809,0.08533916849015317,0.125
338,0,7,1,32400,378,0.011666666666666667,13.219575881958008,0.040697674418604654,0.06084656084656084
338,0,7,2,32400,347,0.010709876543209877,11.752161026000977,0.04825737265415549,0.05475504322766571
338,0,8,0,32400,435,0.013425925925925926,16.02298927307129,0.09803921568627451,0.1310344827586207
338,0,8,1,32400,346,0.010679012345679013,12.208091735839844,0.0582010582010582,0.03757225433526012
338,0,8,2,32400,382,0.011790123456790123,9.88219928741455,0.05763688760806916,0.0549738219895288
338,0,9,0,32400,442,0.013641975308641975,11.850679397583008,0.08735632183908046,0.08823529411764706
338,0,9,1,32400,389,0.012006172839506174,15.964010238647461,0.05202312138728324,0.061696658097686374
338,0,9,2,32400,391,0.0120679012345679,22.585678100585938,0.0549738219895288,0.06905370843989769
338,0,10,0,32400,436,0.01345679012345679,12.043577194213867,0.083710407239819,0.13302752293577982
338,0,10,1,32400,364,0.011234567901234569,13.810440063476562,0.05398457583547558,0.08791208791208792
338,0,10,2,32400,403,0.012438271604938272,13.29528522491455,0.04859335038363171,0.09181141439205956
338,0,11,0,32400,435,0.013425925925925926,8.83448314666748,0.10779816513761468,0.11724137931034483
338,0,11,1,32400,349,0.010771604938271605,10.169054985046387,0.057692307692307696,0.05730659025787966
338,0,11,2,32400,394,0.012160493827160494,10.078680038452148,0.05955334987593052,0.09137055837563451
338,0,12,0,32400,420,0.012962962962962963,14.092860221862793,0.10344827586206896,0.10714285714285714
338,0,12,1,32400,374,0.01154320987654321,17.3877010345459,0.045845272206303724,0.053475935828877004
338,0,12,2,32400,369,0.01138888888888889,10.953929901123047,0.048223350253807105,0.04065040650406504
338,0,13,0,32400,421,0.012993827160493828,11.847981452941895,0.10952380952380952,0.1187648456057007
338,0,13,1,32400,401,0.012376543209876543,9.381546020507812,0.07219251336898395,0.06982543640897755
338,0,13,2,32400,393,0.012129629629629629,7.770992279052734,0.06504065040650407,0.06615776081424936
338,0,14,0,32400,423,0.013055555555555556,14.399527549743652,0.1187648456057007,0.14420803782505912
338,0,14,1,32400,395,0.012191358024691358,13.108860969543457,0.04738154613466334,0.05569620253164557
338,0,14,2,32400,393,0.012129629629629629,12.791348457336426,0.06870229007633588,0.07124681933842239
338,0,15,0,32400,415,0.012808641975308642,15.24096393585205,0.1276595744680851,0.1710843373493976
338,0,15,1,32400,372,0.011481481481481481,14.596774101257324,0.043037974683544304,0.056451612903225805
338,0,15,2,32400,394,0.012160493827160494,15.266497611999512,0.04580152671755725,0.07868020304568528
338,0,16,0,32400,421,0.012993827160493828,9.961996078491211,0.15180722891566265,0.18527315914489312
338,0,16,1,32400,368,0.011358024691358024,9.11141300201416,0.043010752688172046,0.07065217391304347
338,0,16,2,32400,361,0.011141975308641975,11.88365650177002,0.06091370558375635,0.09141274238227147
338,0,17,0,32400,450,0.013888888888888888,17.166667938232422,0.11401425178147269,0.12444444444444444
338,0,17,1,32400,385,0.011882716049382716,19.94025993347168,0.043478260869565216,0.05194805194805195
338,0,17,2,32400,413,0.012746913580246913,10.76029109954834,0.05263157894736842,0.06537530266343826
338,0,18,0,32400,427,0.013179012345679012,9.039812088012695,0.12222222222222222,0.14754098360655737
338,0,18,1,32400,325,0.010030864197530864,10.34461498260498,0.03896103896103896,0.07076923076923076
338,0,18,2,32400,376,0.011604938271604939,9.933510780334473,0.04600484261501211,0.05053191489361702
338,0,19,0,32400,427,0.013179012345679012,8.974238395690918,0.117096018735363,0.10772833723653395
338,0,19,1,32400,361,0.011141975308641975,14.911356925964355,0.04923076923076923,0.07756232686980609
338,0,19,2,32400,358,0.011049382716049383,14.030725479125977,0.04521276595744681,0.05027932960893855
338,0,20,0,32400,417,0.01287037037037037,10.774580955505371,0.10304449648711944,0.11270983213429256
338,0,20,1,32400,352,0.010864197530864197,12.286931991577148,0.05263157894736842,0.05397727272727273
338,0,20,2,32400,384,0.011851851851851851,11.625,0.04748603351955307,0.08333333333333333
338,0,21,0,32400,411,0.012685185185185185,14.474453926086426,0.11270983213429256,0.1411192214111922
338,0,21,1,32400,353,0.010895061728395062,11.20396614074707,0.045454545454545456,0.053824362606232294
338,0,21,2,32400,342,0.010555555555555556,16.149126052856445,0.0390625,0.05847953216374269
338,0,22,0,32400,460,0.014197530864197531,18.647825241088867,0.11678832116788321,0.1108695652173913
338,0,22,1,32400,380,0.011728395061728396,18.194738388061523,0.042492917847025496,0.05
338,0,22,2,32400,390,0.012037037037037037,17.917949676513672,0.05847953216374269,0.07179487179487179
338,0,23,0,32400,459,0.014166666666666666,16.551197052001953,0.11521739130434783,0.16122004357298475
338,0,23,1,32400,354,0.010925925925925926,10.050847053527832,0.042105263157894736,0.07062146892655367
338,0,23,2,32400,379,0.01169753086419753,12.65699291229248,0.06666666666666667,0.08443271767810026
338,0,24,0,32400,446,0.013765432098765433,17.13004493713379,0.13507625272331156,0.13452914798206278
338,0,24,1,32400,407,0.012561728395061728,13.265356063842773,0.05367231638418079,0.06388206388206388
338,0,24,2,32400,418,0.012901234567901234,11.13157844543457,0.06596306068601583,0.08373205741626795
338,0,25,0,32400,478,0.014753086419753087,10.502091407775879,0.1210762331838565,0.14435146443514643
338,0,25,1,32400,375,0.011574074074074073,9.25333309173584,0.056511056511056514,0.06666666666666667
338,0,25,2,32400,412,0.01271604938271605,11.109223365783691,0.05263157894736842,0.07524271844660194
338,0,26,0,32400,455,0.01404320987654321,11.975824356079102,0.14853556485355648,0.17142857142857143
338,0,26,1,32400,383,0.011820987654320988,11.715404510498047,0.048,0.06527415143603134
338,0,26,2,32400,439,0.013549382716049383,11.10478401184082,0.08737864077669903,0.09339407744874716
338,0,27,0,32400,473,0.014598765432098766,10.065539360046387,0.14945054945054945,0.15010570824524314
338,0,27,1,32400,388,0.011975308641975308,8.474226951599121,0.04960835509138381,0.08505154639175258
338,0,27,2,32400,404,0.012469135802469136,9.933168411254883,0.08200455580865604,0.09405940594059406
338,0,28,0,32400,416,0.012839506172839505,8.560096740722656,0.12684989429175475,0.11298076923076923
338,0,28,1,32400,401,0.012376543209876543,9.376559257507324,0.061855670103092786,0.07231920199501247
338,0,28,2,32400,383,0.011820987654320988,7.791122913360596,0.06930693069306931,0.06527415143603134
338,0,29,0,32400,475,0.014660493827160493,14.433683395385742,0.12740384615384615,0.14736842105263157
338,0,29,1,32400,331,0.01021604938271605,12.12386703491211,0.02493765586034913,0.03625377643504532
338,0,29,2,32400,400,0.012345679012345678,16.76249885559082,0.06266318537859007,0.0825
338,0,30,0,32400,466,0.014382716049382717,8.143776893615723,0.12210526315789473,0.17167381974248927
338,0,30,1,32400,360,0.011111111111111112,9.51388931274414,0.03323262839879154,0.027777777777777776
338,0,30,2,32400,390,0.012037037037037037,7.200000286102295,0.055,0.12051282051282051
338,0,31,0,32400,451,0.013919753086419753,9.288248062133789,0.14377682403433475,0.1574279379157428
338,0,31,1,32400,333,0.010277777777777778,7.813814163208008,0.03611111111111111,0.03903903903903904
338,0,31,2,32400,374,0.01154320987654321,7.673797130584717,0.07179487179487179,0.12032085561497326
338,0,32,0,32400,455,0.01404320987654321,23.178022384643555,0.13303769401330376,0.15824175824175823
338,0,32,1,32400,368,0.011358024691358024,26.442935943603516,0.03303303303303303,0.04891304347826087
338,0,32,2,32400,397,0.012253086419753086,25.360200881958008,0.06417112299465241,0.0906801007556675
338,0,33,0,32400,426,0.013148148148148148,14.314554214477539,0.12747252747252746,0.14084507042253522
338,0,33,1,32400,341,0.01052469135802469,14.219941139221191,0.029891304347826088,0.026392961876832845
338,0,33,2,32400,431,0.013302469135802469,15.814384460449219,0.07304785894206549,0.10672853828306264
338,0,34,0,32400,456,0.014074074074074074,17.5635986328125,0.12910798122065728,0.16885964912280702
338,0,34,1,32400,361,0.011141975308641975,23.0360107421875,0.02932551319648094,0.030470914127423823
338,0,34,2,32400,374,0.01154320987654321,26.70054054260254,0.06496519721577726,0.10160427807486631
338,0,35,0,32400,431,0.013302469135802469,31.974477767944336,0.1206140350877193,0.1368909512761021
338,0,35,1,32400,366,0.011296296296296296,41.527320861816406,0.036011080332409975,0.07103825136612021
338,0,35,2,32400,386,0.01191358024691358,33.82901382446289,0.058823529411764705,0.07253886010362694
338,1,1,0,32400,466,0.014382716049382717,14.525751113891602,-1.0,0.19098712446351931
338,1,1,1,32400,374,0.01154320987654321,14.112299919128418,-1.0,0.0855614973262032
338,1,1,2,32400,407,0.012561728395061728,10.58230972290039,-1.0,0.056511056511056514
338,1,2,0,32400,425,0.013117283950617283,14.783529281616211,0.12017167381974249,0.15058823529411763
338,1,2,1,32400,385,0.011882716049382716,13.631168365478516,0.0855614973262032,0.07012987012987013
338,1,2,2,32400,393,0.012129629629629629,11.595419883728027,0.051597051597051594,0.04834605597964377
338,1,3,0,32400,441,0.01361111111111111,18.03628158569336,0.0988235294117647,0.17233560090702948
338,1,3,1,32400,396,0.012222222222222223,13.452020645141602,0.07792207792207792,0.08080808080808081
338,1,3,2,32400,421,0.012993827160493828,16.353919982910156,0.058524173027989825,0.0498812351543943
338,1,4,0,32400,429,0.01324074074074074,17.529138565063477,0.13378684807256236,0.1351981351981352
338,1,4,1,32400,327,0.010092592592592592,16.587156295776367,0.04040404040404041,0.06116207951070336
338,1,4,2,32400,365,0.011265432098765432,12.112329483032227,0.035629453681710214,0.0410958904109589
338,1,5,0,32400,438,0.013518518518518518,10.748858451843262,0.09324009324009325,0.1050228310502283
338,1,5,1,32400,340,0.010493827160493827,10.326470375061035,0.04281345565749235,0.041176470588235294
338,1,5,2,32400,366,0.011296296296296296,9.980874061584473,0.0547945205479452,0.07103825136612021
338,1,6,0,32400,455,0.01404320987654321,12.7604398727417,0.1095890410958904,0.11428571428571428
338,1,6,1,32400,373,0.011512345679012345,14.442359924316406,0.03823529411764706,0.06166219839142091
338,1,6,2,32400,356,0.010987654320987654,12.573034286499023,0.04918032786885246,0.0449438202247191
338,1,7,0,32400,401,0.012376543209876543,17.25935173034668,0.08571428571428572,0.10723192019950124
338,1,7,1,32400,370,0.011419753086419753,11.689189910888672,0.05093833780160858,0.05675675675675676
338,1,7,2,32400,381,0.01175925925925926,13.803149223327637,0.05337078651685393,0.049868766404199474
338,1,8,0,32400,427,0.013179012345679012,13.566743850708008,0.10972568578553615,0.11241217798594848
338,1,8,1,32400,337,0.010401234567901235,16.89317512512207,0.04864864864864865,0.03560830860534125
338,1,8,2,32400,396,0.012222222222222223,15.535353660583496,0.04461942257217848,0.07828282828282829
338,1,9,0,32400,406,0.012530864197530864,15.334975242614746,0.08899297423887588,0.08866995073891626
338,1,9,1,32400,346,0.010679012345679013,23.442195892333984,0.04747774480712166,0.05491329479768786
338,1,9,2,32400,402,0.012407407407407407,19.2437801361084,0.05555555555555555,0.06965174129353234
338,1,10,0,32400,447,0.013796296296296296,11.393735885620117,0.10098522167487685,0.12304250559284116
338,1,10,1,32400,366,0.011296296296296296,14.439889907836914,0.06069364161849711,0.06557377049180328
338,1,10,2,32400,367,0.01132716049382716,13.291552543640137,0.04975124378109453,0.0681198910081744
338,1,11,0,32400,414,0.012777777777777779,11.09903335571289,0.10514541387024609,0.13285024154589373
338,1,11,1,32400,390,0.012037037037037037,9.710256576538086,0.0546448087431694,0.046153846153846156
338,1,11,2,32400,341,0.01052469135802469,9.123167037963867,0.05722070844686648,0.08211143695014662
338,1,12,0,32400,421,0.012993827160493828,15.893112182617188,0.10628019323671498,0.10926365795724466
338,1,12,1,32400,380,0.011728395061728396,15.936842918395996,0.035897435897435895,0.05526315789473684
338,1,12,2,32400,381,0.01175925925925926,18.845144271850586,0.05278592375366569,0.07874015748031496
338,1,13,0,32400,432,0.013333333333333334,10.611111640930176,0.10688836104513064,0.12962962962962962
338,1,13,1,32400,377,0.011635802469135802,9.456233024597168,0.07105263157894737,0.07427055702917772
338,1,13,2,32400,381,0.01175925925925926,8.601049423217773,0.06036745406824147,0.07349081364829396
338,1,14,0,32400,416,0.012839506172839505,14.09855842590332,0.12037037037037036,0.13701923076923078
338,1,14,1,32400,377,0.011635802469135802,10.729442596435547,0.050397877984084884,0.0636604774535809
338,1,14,2,32400,396,0.012222222222222223,12.492424011230469,0.08136482939632546,0.08585858585858586
338,1,15,0,32400,448,0.013827160493827161,13.470982551574707,0.14182692307692307,0.16517857142857142
338,1,15,1,32400,344,0.010617283950617284,12.412790298461914,0.042440318302387266,0.04941860465116279
338,1,15,2,32400,390,0.012037037037037037,11.915385246276855,0.047979797979797977,0.06923076923076923
338,1,16,0,32400,423,0.013055555555555556,9.60520076751709,0.13392857142857142,0.17966903073286053
338,1,16,1,32400,354,0.010925925925925926,12.655366897583008,0.0436046511627907,0.062146892655367235
338,1,16,2,32400,387,0.011944444444444445,6.483204364776611,0.06923076923076923,0.08527131782945736
338,1,17,0,32400,405,0.0125,15.232099533081055,0.12293144208037825,0.14074074074074075
338,1,17,1,32400,354,0.010925925925925926,14.305085182189941,0.03954802259887006,0.05084745762711865
338,1,17,2,32400,377,0.011635802469135802,13.949602127075195,0.04909560723514212,0.08222811671087533
338,1,18,0,32400,434,0.013395061728395061,8.94239616394043,0.14074074074074075,0.14746543778801843
338,1,18,1,32400,354,0.010925925925925926,8.96045207977295,0.05084745762711865,0.05367231638418079
338,1,18,2,32400,375,0.011574074074074073,7.776000022888184,0.050397877984084884,0.04533333333333334
338,1,19,0,32400,432,0.013333333333333334,12.539352416992188,0.11059907834101383,0.1111111111111111
338,1,19,1,32400,349,0.010771604938271605,15.469914436340332,0.04519774011299435,0.0830945558739255
338,1,19,2,32400,387,0.011944444444444445,10.033592224121094,0.042666666666666665,0.03875968992248062
338,1,20,0,32400,416,0.012839506172839505,11.764423370361328,0.09953703703703703,0.09615384615384616
338,1,20,1,32400,376,0.011604938271604939,11.50265884399414,0.0659025787965616,0.05319148936170213
338,1,20,2,32400,361,0.011141975308641975,12.645428657531738,0.03875968992248062,0.08310249307479224
338,1,21,0,32400,413,0.012746913580246913,13.624700546264648,0.11778846153846154,0.13317191283292978
338,1,21,1,32400,393,0.012129629629629629,14.10178279876709,0.0425531914893617,0.05089058524173028
338,1,21,2,32400,365,0.011265432098765432,15.668495178222656,0.038781163434903045,0.0547945205479452
338,1,22,0,32400,469,0.014475308641975309,20.413646697998047,0.1162227602905569,0.1044776119402985
338,1,22,1,32400,375,0.011574074074074073,15.144000053405762,0.05089058524173028,0.056
338,1,22,2,32400,369,0.01138888888888889,19.642276763916016,0.0547945205479452,0.06504065040650407
338,1,23,0,32400,450,0.013888888888888888,10.651111602783203,0.11300639658848614,0.15555555555555556
338,1,23,1,32400,348,0.01074074074074074,10.137930870056152,0.048,0.08333333333333333
338,1,23,2,32400,406,0.012530864197530864,9.992610931396484,0.07317073170731707,0.0812807881773399
338,1,24,0,32400,438,0.013518518518518518,16.296802520751953,0.13333333333333333,0.13470319634703196
338,1,24,1,32400,358,0.011049382716049383,17.103351593017578,0.0603448275862069,0.06424581005586592
338,1,24,2,32400,384,0.011851851851851851,12.994791984558105,0.05665024630541872,0.0859375
338,1,25,0,32400,439,0.013549382716049383,9.04555892944336,0.1232876712328767,0.15945330296127563
338,1,25,1,32400,376,0.011604938271604939,9.375,0.0670391061452514,0.06914893617021277
338,1,25,2,32400,425,0.013117283950617283,9.414116859436035,0.057291666666666664,0.06823529411764706
338,1,26,0,32400,473,0.014598765432098766,12.306553840637207,0.16173120728929385,0.17124735729386892
338,1,26,1,32400,386,0.01191358024691358,10.893781661987305,0.06382978723404255,0.06476683937823834
338,1,26,2,32400,411,0.012685185185185185,8.788321495056152,0.07058823529411765,0.0827250608272506
338,1,27,0,32400,445,0.013734567901234567,9.460674285888672,0.13530655391120508,0.15056179775280898
338,1,27,1,32400,385,0.011882716049382716,10.784415245056152,0.05181347150259067,0.07272727272727272
338,1,27,2,32400,386,0.01191358024691358,9.966320991516113,0.08759124087591241,0.08808290155440414
338,1,28,0,32400,389,0.012006172839506174,8.46015453338623,0.11910112359550562,0.11825192802056556
338,1,28,1,32400,378,0.011666666666666667,8.481481552124023,0.05974025974025974,0.06084656084656084
338,1,28,2,32400,363,0.011203703703703704,8.363636016845703,0.06994818652849741,0.06060606060606061
338,1,29,0,32400,451,0.013919753086419753,18.873613357543945,0.13881748071979436,0.16186252771618626
338,1,29,1,32400,366,0.011296296296296296,18.508195877075195,0.03968253968253968,0.03551912568306011
338,1,29,2,32400,398,0.012283950617283951,12.3643217086792,0.06611570247933884,0.08793969849246232
338,1,30,0,32400,433,0.013364197530864198,8.704387664794922,0.13968957871396895,0.17090069284064666
338,1,30,1,32400,361,0.011141975308641975,7.914127349853516,0.03278688524590164,0.04155124653739612
338,1,30,2,32400,376,0.011604938271604939,7.7260637283325195,0.06030150753768844,0.10638297872340426
338,1,31,0,32400,426,0.013148148148148148,8.978873252868652,0.13856812933025403,0.14553990610328638
338,1,31,1,32400,346,0.010679012345679013,9.387283325195312,0.038781163434903045,0.02601156069364162
338,1,31,2,32400,382,0.011790123456790123,8.712041854858398,0.08244680851063829,0.09947643979057591
338,1,32,0,32400,469,0.014475308641975309,21.336889266967773,0.13380281690140844,0.17270788912579957
338,1,32,1,32400,348,0.01074074074074074,17.72701072692871,0.04046242774566474,0.04310344827586207
338,1,32,2,32400,385,0.011882716049382716,28.345457077026367,0.07853403141361257,0.08311688311688312
338,1,33,0,32400,426,0.013148148148148148,12.244132041931152,0.11513859275053305,0.14788732394366197
338,1,33,1,32400,353,0.010895061728395062,14.025495529174805,0.034482758620689655,0.019830028328611898
338,1,33,2,32400,380,0.011728395061728396,13.389473915100098,0.08051948051948052,0.10789473684210527
338,1,34,0,32400,453,0.013981481481481482,19.4481258392334,0.12441314553990611,0.17218543046357615
338,1,34,1,32400,363,0.011203703703703704,15.683196067810059,0.028328611898016998,0.024793388429752067
338,1,34,2,32400,377,0.011635802469135802,16.379310607910156,0.07368421052631578,0.09283819628647215
338,1,35,0,32400,433,0.013364197530864198,36.64665222167969,0.12141280353200883,0.13625866050808313
338,1,35,1,32400,360,0.011111111111111112,14.477778434753418,0.024793388429752067,0.044444444444444446
338,1,35,2,32400,332,0.010246913580246913,30.93674659729004,0.05570291777188329,0.07530120481927711
338,2,1,0,32400,465,0.014351851851851852,17.32903289794922,-1.0,0.18924731182795698
338,2,1,1,32400,358,0.011049382716049383,12.81005573272705,-1.0,0.08659217877094973
338,2,1,2,32400,368,0.011358024691358024,11.252717971801758,-1.0,0.07336956521739131
338,2,2,0,32400,403,0.012438271604938272,12.759305000305176,0.11612903225806452,0.13399503722084366
338,2,2,1,32400,380,0.011728395061728396,11.24473762512207,0.08100558659217877,0.07631578947368421
338,2,2,2,32400,383,0.011820987654320988,12.652741432189941,0.057065217391304345,0.05483028720626632
338,2,3,0,32400,425,0.013117283950617283,15.369412422180176,0.10918114143920596,0.1952941176470588
338,2,3,1,32400,375,0.011574074074074073,18.165334701538086,0.07631578947368421,0.08
338,2,3,2,32400,371,0.011450617283950618,11.97035026550293,0.044386422976501305,0.05660377358490566
338,2,4,0,32400,412,0.01271604938271605,19.631067276000977,0.12941176470588237,0.13592233009708737
338,2,4,1,32400,339,0.010462962962962962,16.32743263244629,0.04533333333333334,0.05604719764011799
338,2,4,2,32400,367,0.01132716049382716,16.414169311523438,0.0431266846361186,0.0326975476839237
338,2,5,0,32400,402,0.012407407407407407,11.402984619140625,0.09466019417475728,0.10696517412935323
338,2,5,1,32400,337,0.010401234567901235,11.540059089660645,0.04129793510324484,0.03857566765578635
338,2,5,2,32400,373,0.011512345679012345,10.227882385253906,0.035422343324250684,0.058981233243967826
338,2,6,0,32400,397,0.012253086419753086,13.105792999267578,0.11442786069651742,0.14105793450881612
338,2,6,1,32400,372,0.011481481481481481,12.814516067504883,0.04154302670623145,0.06989247311827956
338,2,6,2,32400,361,0.011141975308641975,11.443212509155273,0.03485254691689008,0.0443213296398892
338,2,7,0,32400,413,0.012746913580246913,9.680387496948242,0.0982367758186398,0.11380145278450363
338,2,7,1,32400,332,0.010246913580246913,11.1807222366333,0.043010752688172046,0.05120481927710843
338,2,7,2,32400,388,0.011975308641975308,10.798968315124512,0.05263157894736842,0.04381443298969072
338,2,8,0,32400,438,0.013518518518518518,21.324199676513672,0.09927360774818401,0.13013698630136986
338,2,8,1,32400,352,0.010864197530864197,19.710227966308594,0.06325301204819277,0.045454545454545456
338,2,8,2,32400,386,0.01191358024691358,12.284974098205566,0.04639175257731959,0.07253886010362694
338,2,9,0,32400,410,0.012654320987654321,17.539024353027344,0.09360730593607305,0.09024390243902439
338,2,9,1,32400,353,0.010895061728395062,18.82719612121582,0.056818181818181816,0.059490084985835696
338,2,9,2,32400,402,0.012407407407407407,18.992538452148438,0.04922279792746114,0.06467661691542288
338,2,10,0,32400,443,0.013672839506172839,11.514673233032227,0.08048780487804878,0.12415349887133183
338,2,10,1,32400,382,0.011790123456790123,14.295811653137207,0.06232294617563739,0.07591623036649214
338,2,10,2,32400,409,0.012623456790123456,13.413203239440918,0.04975124378109453,0.06601466992665037
338,2,11,0,32400,445,0.013734567901234567,9.312359809875488,0.10835214446952596,0.1303370786516854
338,2,11,1,32400,363,0.011203703703703704,10.482093811035156,0.06544502617801047,0.049586776859504134
338,2,11,2,32400,406,0.012530864197530864,8.130541801452637,0.05623471882640587,0.09113300492610837
338,2,12,0,32400,435,0.013425925925925926,13.862069129943848,0.10337078651685393,0.10114942528735632
338,2,12,1,32400,391,0.0120679012345679,16.92327308654785,0.049586776859504134,0.06905370843989769
338,2,12,2,32400,375,0.011574074074074073,12.725333213806152,0.05665024630541872,0.048
338,2,13,0,32400,410,0.012654320987654321,9.004878044128418,0.10574712643678161,0.12195121951219512
338,2,13,1,32400,358,0.011049382716049383,8.575418472290039,0.06649616368286446,0.10893854748603352
338,2,13,2,32400,390,0.012037037037037037,9.69487190246582,0.06133333333333333,0.05897435897435897
338,2,14,0,32400,394,0.012160493827160494,13.913704872131348,0.11951219512195121,0.13959390862944163
338,2,14,1,32400,388,0.011975308641975308,11.628865242004395,0.04748603351955307,0.07216494845360824
338,2,14,2,32400,396,0.012222222222222223,12.452020645141602,0.06923076923076923,0.07575757575757576
338,2,15,0,32400,446,0.013765432098765433,14.576233863830566,0.14213197969543148,0.18161434977578475
338,2,15,1,32400,358,0.011049382716049383,14.234636306762695,0.03865979381443299,0.04189944134078212
338,2,15,2,32400,381,0.01175925925925926,16.173229217529297,0.047979797979797977,0.07086614173228346
338,2,16,0,32400,445,0.013734567901234567,11.067416191101074,0.1367713004484305,0.1842696629213483
338,2,16,1,32400,361,0.011141975308641975,8.778392791748047,0.05865921787709497,0.055401662049861494
338,2,16,2,32400,380,0.011728395061728396,9.034211158752441,0.06299212598425197,0.07631578947368421
338,2,17,0,32400,431,0.013302469135802469,15.394431114196777,0.1303370786516854,0.14385150812064965
338,2,17,1,32400,362,0.01117283950617284,10.453039169311523,0.0332409972299169,0.06077348066298342
338,2,17,2,32400,379,0.01169753086419753,11.047493934631348,0.05,0.07651715039577836
338,2,18,0,32400,442,0.013641975308641975,9.457014083862305,0.12761020881670534,0.1493212669683258
338,2,18,1,32400,373,0.011512345679012345,8.93029499053955,0.04419889502762431,0.05361930294906166
338,2,18,2,32400,376,0.011604938271604939,8.760638236999512,0.047493403693931395,0.05319148936170213
338,2,19,0,32400,416,0.012839506172839505,8.53365421295166,0.11312217194570136,0.11298076923076923
338,2,19,1,32400,356,0.010987654320987654,12.772472381591797,0.040214477211796246,0.08426966292134831
338,2,19,2,32400,353,0.010895061728395062,9.101983070373535,0.031914893617021274,0.05099150141643059
338,2,20,0,32400,403,0.012438271604938272,12.987592697143555,0.10096153846153846,0.0794044665012407
338,2,20,1,32400,367,0.01132716049382716,14.594005584716797,0.06460674157303371,0.05994550408719346
338,2,20,2,32400,373,0.011512345679012345,14.083110809326172,0.05099150141643059,0.10187667560321716
338,2,21,0,32400,446,0.013765432098765433,12.343050003051758,0.11662531017369727,0.1367713004484305
338,2,21,1,32400,337,0.010401234567901235,13.635016441345215,0.04087193460490463,0.050445103857566766
338,2,21,2,32400,346,0.010679012345679013,12.641617774963379,0.040214477211796246,0.05491329479768786
338,2,22,0,32400,446,0.013765432098765433,17.82959747314453,0.10986547085201794,0.10538116591928251
338,2,22,1,32400,352,0.010864197530864197,14.559659957885742,0.04451038575667656,0.05113636363636364
338,2,22,2,32400,373,0.011512345679012345,10.731904029846191,0.05491329479768786,0.07506702412868632
338,2,23,0,32400,425,0.013117283950617283,16.31529426574707,0.11883408071748879,0.15529411764705883
338,2,23,1,32400,367,0.01132716049382716,12.874659538269043,0.056818181818181816,0.0681198910081744
338,2,23,2,32400,405,0.0125,11.456790924072266,0.07238605898123325,0.08888888888888889
338,2,24,0,32400,448,0.013827160493827161,14.042411804199219,0.1411764705882353,0.125
338,2,24,1,32400,337,0.010401234567901235,12.133530616760254,0.05449591280653951,0.06231454005934718
338,2,24,2,32400,355,0.010956790123456791,11.583098411560059,0.05925925925925926,0.09295774647887324
338,2,25,0,32400,432,0.013333333333333334,9.932870864868164,0.125,0.16666666666666666
338,2,25,1,32400,366,0.011296296296296296,10.185791969299316,0.06231454005934718,0.06284153005464481
338,2,25,2,32400,386,0.01191358024691358,10.660621643066406,0.059154929577464786,0.09067357512953368
338,2,26,0,32400,457,0.014104938271604939,11.266958236694336,0.16435185185185186,0.17067833698030635
338,2,26,1,32400,374,0.01154320987654321,11.398395538330078,0.04371584699453552,0.0748663101604278
338,2,26,2,32400,393,0.012129629629629629,10.778626441955566,0.08549222797927461,0.07888040712468193
338,2,27,0,32400,463,0.014290123456790123,10.926565170288086,0.14442013129102846,0.14038876889848811
338,2,27,1,32400,345,0.010648148148148148,9.339130401611328,0.06684491978609626,0.08115942028985507
338,2,27,2,32400,371,0.011450617283950618,9.973045349121094,0.0737913486005089,0.07277628032345014
338,2,28,0,32400,425,0.013117283950617283,7.731764316558838,0.11231101511879049,0.12941176470588237
338,2,28,1,32400,356,0.010987654320987654,8.266854286193848,0.06666666666666667,0.07865168539325842
338,2,28,2,32400,377,0.011635802469135802,9.08222770690918,0.07547169811320754,0.07427055702917772
338,2,29,0,32400,431,0.013302469135802469,17.97911834716797,0.13176470588235295,0.16705336426914152
338,2,29,1,32400,352,0.010864197530864197,16.71306800842285,0.02247191011235955,0.017045454545454544
338,2,29,2,32400,378,0.011666666666666667,14.619047164916992,0.07692307692307693,0.082010582010582
338,2,30,0,32400,461,0.014228395061728395,7.7678961753845215,0.14385150812064965,0.16919739696312364
338,2,30,1,32400,347,0.010709876543209877,7.659942150115967,0.03409090909090909,0.04610951008645533
338,2,30,2,32400,405,0.0125,7.525926113128662,0.06613756613756613,0.10864197530864197
338,2,31,0,32400,422,0.013024691358024691,8.710901260375977,0.13665943600867678,0.15165876777251186
338,2,31,1,32400,373,0.011512345679012345,8.619302749633789,0.0345821325648415,0.03753351206434316
338,2,31,2,32400,393,0.012129629629629629,7.531806468963623,0.0691358024691358,0.11195928753180662
338,2,32,0,32400,415,0.012808641975308642,19.453012466430664,0.12559241706161137,0.1855421686746988
338,2,32,1,32400,372,0.011481481481481481,27.22311782836914,0.029490616621983913,0.0456989247311828
338,2,32,2,32400,398,0.012283950617283951,29.75628089904785,0.06361323155216285,0.0829145728643216
338,2,33,0,32400,436,0.01345679012345679,11.121559143066406,0.12771084337349398,0.13302752293577982
338,2,33,1,32400,361,0.011141975308641975,14.914127349853516,0.024193548387096774,0.04986149584487535
338,2,33,2,32400,401,0.012376543209876543,13.413965225219727,0.0678391959798995,0.11221945137157108
338,2,34,0,32400,493,0.015216049382716049,14.957403182983398,0.13990825688073394,0.1643002028397566
338,2,34,1,32400,349,0.010771604938271605,15.561605453491211,0.036011080332409975,0.02005730659025788
338,2,34,2,32400,377,0.011635802469135802,22.2838191986084,0.0773067331670823,0.09549071618037135
338,2,35,0,32400,428,0.013209876543209877,26.981307983398438,0.11359026369168357,0.1308411214953271
338,2,35,1,32400,351,0.010833333333333334,18.367521286010742,0.017191977077363897,0.05413105413105413
338,2,35,2,32400,353,0.010895061728395062,15.118980407714844,0.04509283819628647,0.07932011331444759
338,3,1,0,32400,451,0.013919753086419753,15.829268455505371,-1.0,0.18181818181818182
338,3,1,1,32400,368,0.011358024691358024,14.578804969787598,-1.0,0.08695652173913043
338,3,1,2,32400,369,0.01138888888888889,11.322493553161621,-1.0,0.06775067750677506
338,3,2,0,32400,424,0.01308641975308642,12.981132507324219,0.12638580931263857,0.14150943396226415
338,3,2,1,32400,351,0.010833333333333334,10.324786186218262,0.08423913043478261,0.07407407407407407
338,3,2,2,32400,385,0.011882716049382716,12.50389575958252,0.06775067750677506,0.05454545454545454
338,3,3,0,32400,467,0.01441358024691358,15.75374698638916,0.10141509433962265,0.18201284796573874
338,3,3,1,32400,351,0.010833333333333334,13.418803215026855,0.07977207977207977,0.08547008547008547
338,3,3,2,32400,388,0.011975308641975308,13.03865909576416,0.04935064935064935,0.05412371134020619
338,3,4,0,32400,451,0.013919753086419753,17.268293380737305,0.10920770877944326,0.14634146341463414
338,3,4,1,32400,378,0.011666666666666667,11.164020538330078,0.05128205128205128,0.05291005291005291
338,3,4,2,32400,340,0.010493827160493827,14.932353019714355,0.03865979381443299,0.03235294117647059
338,3,5,0,32400,423,0.013055555555555556,10.782505989074707,0.09534368070953436,0.10401891252955082
338,3,5,1,32400,394,0.012160493827160494,11.796954154968262,0.03968253968253968,0.04060913705583756
338,3,5,2,32400,376,0.011604938271604939,11.093084335327148,0.052941176470588235,0.05319148936170213
338,3,6,0,32400,429,0.01324074074074074,11.918415069580078,0.10401891252955082,0.1258741258741259
338,3,6,1,32400,332,0.010246913580246913,17.02409553527832,0.04060913705583756,0.0572289156626506
338,3,6,2,32400,359,0.011080246913580246,13.470751762390137,0.0398936170212766,0.036211699164345405
338,3,7,0,32400,369,0.01138888888888889,9.363143920898438,0.09324009324009325,0.11924119241192412
338,3,7,1,32400,345,0.010648148148148148,16.817392349243164,0.05120481927710843,0.06086956521739131
338,3,7,2,32400,384,0.011851851851851851,10.40625,0.055710306406685235,0.0546875
338,3,8,0,32400,430,0.013271604938271606,17.748836517333984,0.11382113821138211,0.10930232558139535
338,3,8,1,32400,360,0.011111111111111112,14.01388931274414,0.04927536231884058,0.041666666666666664
338,3,8,2,32400,368,0.011358024691358024,8.907608985900879,0.049479166666666664,0.06793478260869565
338,3,9,0,32400,414,0.012777777777777779,16.21014404296875,0.09302325581395349,0.10144927536231885
338,3,9,1,32400,388,0.011975308641975308,28.211341857910156,0.04722222222222222,0.06443298969072164
338,3,9,2,32400,374,0.01154320987654321,14.128342628479004,0.051630434782608696,0.0748663101604278
338,3,10,0,32400,414,0.012777777777777779,11.987922668457031,0.0748792270531401,0.13768115942028986
338,3,10,1,32400,330,0.010185185185185186,13.290908813476562,0.059278350515463915,0.09393939393939393
338,3,10,2,32400,394,0.012160493827160494,13.555837631225586,0.06149732620320856,0.07614213197969544
338,3,11,0,32400,449,0.013858024691358025,9.908686637878418,0.10869565217391304,0.11358574610244988
338,3,11,1,32400,352,0.010864197530864197,10.366477966308594,0.06363636363636363,0.056818181818181816
338,3,11,2,32400,381,0.01175925925925926,8.94750690460205,0.05583756345177665,0.08661417322834646
338,3,12,0,32400,415,0.012808641975308642,14.814457893371582,0.09131403118040089,0.10843373493975904
338,3,12,1,32400,409,0.012623456790123456,14.056235313415527,0.04261363636363636,0.07334963325183375
338,3,12,2,32400,380,0.011728395061728396,16.397369384765625,0.05774278215223097,0.042105263157894736
338,3,13,0,32400,396,0.012222222222222223,10.202020645141602,0.10843373493975904,0.12373737373737374
338,3,13,1,32400,367,0.01132716049382716,10.4277925491333,0.06356968215158924,0.07901907356948229
338,3,13,2,32400,360,0.011111111111111112,8.880556106567383,0.05263157894736842,0.058333333333333334
338,3,14,0,32400,444,0.013703703703703704,13.335585594177246,0.13131313131313133,0.15315315315315314
338,3,14,1,32400,387,0.011944444444444445,13.033592224121094,0.05722070844686648,0.059431524547803614
338,3,14,2,32400,412,0.01271604938271605,12.538835525512695,0.07777777777777778,0.07524271844660194
338,3,15,0,32400,451,0.013919753086419753,13.399112701416016,0.11711711711711711,0.17073170731707318
338,3,15,1,32400,376,0.011604938271604939,13.010638236999512,0.03617571059431524,0.05053191489361702
338,3,15,2,32400,402,0.012407407407407407,11.169154167175293,0.050970873786407765,0.06467661691542288
338,3,16,0,32400,436,0.01345679012345679,12.903669357299805,0.1286031042128603,0.16972477064220184
338,3,16,1,32400,356,0.010987654320987654,9.932584762573242,0.047872340425531915,0.07303370786516854
338,3,16,2,32400,372,0.011481481481481481,11.4408597946167,0.05970149253731343,0.07795698924731183
338,3,17,0,32400,411,0.012685185185185185,19.18248176574707,0.11697247706422019,0.12895377128953772
338,3,17,1,32400,397,0.012253086419753086,10.89924430847168,0.03089887640449438,0.04534005037783375
338,3,17,2,32400,376,0.011604938271604939,11.430850982666016,0.0456989247311828,0.07446808510638298
338,3,18,0,32400,424,0.01308641975308642,9.492924690246582,0.1362530413625304,0.15566037735849056
338,3,18,1,32400,362,0.01117283950617284,9.801105499267578,0.04534005037783375,0.058011049723756904
338,3,18,2,32400,344,0.010617283950617284,8.244186401367188,0.05851063829787234,0.05232558139534884
338,3,19,0,32400,411,0.012685185185185185,12.532846450805664,0.11556603773584906,0.10948905109489052
338,3,19,1,32400,373,0.011512345679012345,10.327077865600586,0.04419889502762431,0.09115281501340483
338,3,19,2,32400,345,0.010648148148148148,12.388405799865723,0.0436046511627907,0.03768115942028986
338,3,20,0,32400,419,0.0129320987654321,14.167064666748047,0.09975669099756691,0.08353221957040573
338,3,20,1,32400,363,0.011203703703703704,13.225895881652832,0.06166219839142091,0.06611570247933884
338,3,20,2,32400,411,0.012685185185185185,13.52554702758789,0.043478260869565216,0.0827250608272506
338,3,21,0,32400,394,0.012160493827160494,13.644671440124512,0.10739856801909307,0.16243654822335024
338,3,21,1,32400,366,0.011296296296296296,10.10655689239502,0.0440771349862259,0.060109289617486336
338,3,21,2,32400,356,0.010987654320987654,12.382022857666016,0.029197080291970802,0.05056179775280899
338,3,22,0,32400,457,0.014104938271604939,17.190372467041016,0.12436548223350254,0.09190371991247265
338,3,22,1,32400,362,0.01117283950617284,22.60497283935547,0.040983606557377046,0.049723756906077346
338,3,22,2,32400,396,0.012222222222222223,14.176767349243164,0.056179775280898875,0.07575757575757576
338,3,23,0,32400,435,0.013425925925925926,13.039080619812012,0.11597374179431072,0.15402298850574714
338,3,23,1,32400,358,0.011049382716049383,15.31005573272705,0.052486187845303865,0.05307262569832402
338,3,23,2,32400,355,0.010956790123456791,12.126760482788086,0.0707070707070707,0.10985915492957747
338,3,24,0,32400,454,0.014012345679012345,14.167400360107422,0.14022988505747128,0.1343612334801762
338,3,24,1,32400,347,0.010709876543209877,13.930835723876953,0.055865921787709494,0.06340057636887608
338,3,24,2,32400,399,0.012314814814814815,13.218045234680176,0.08169014084507042,0.09523809523809523
338,3,25,0,32400,448,0.013827160493827161,10.549107551574707,0.12334801762114538,0.13839285714285715
338,3,25,1,32400,384,0.011851851851851851,10.580729484558105,0.06628242074927954,0.07552083333333333
338,3,25,2,32400,405,0.0125,9.313580513000488,0.05764411027568922,0.07654320987654321
338,3,26,0,32400,458,0.014135802469135803,11.593886375427246,0.16071428571428573,0.15938864628820962
338,3,26,1,32400,378,0.011666666666666667,9.90476131439209,0.052083333333333336,0.0582010582010582
338,3,26,2,32400,399,0.012314814814814815,10.849623680114746,0.08148148148148149,0.10526315789473684
338,3,27,0,32400,457,0.014104938271604939,8.553610801696777,0.1462882096069869,0.15317286652078774
338,3,27,1,32400,388,0.011975308641975308,8.992267608642578,0.06878306878306878,0.08247422680412371
338,3,27,2,32400,362,0.01117283950617284,8.723756790161133,0.07268170426065163,0.07458563535911603
338,3,28,0,32400,452,0.013950617283950617,9.059734344482422,0.11816192560175055,0.1172566371681416
338,3,28,1,32400,375,0.011574074074074073,8.71733283996582,0.06443298969072164,0.07466666666666667
338,3,28,2,32400,408,0.012592592592592593,8.213235855102539,0.08287292817679558,0.0857843137254902
338,3,29,0,32400,446,0.013765432098765433,18.531391143798828,0.12168141592920353,0.18161434977578475
338,3,29,1,32400,338,0.010432098765432099,21.139053344726562,0.037333333333333336,0.029585798816568046
338,3,29,2,32400,378,0.011666666666666667,17.949735641479492,0.0661764705882353,0.0873015873015873
338,3,30,0,32400,421,0.012993827160493828,7.814727306365967,0.1412556053811659,0.18527315914489312
338,3,30,1,32400,377,0.011635802469135802,8.54111385345459,0.04437869822485207,0.03183023872679045
338,3,30,2,32400,385,0.011882716049382716,7.127272605895996,0.06613756613756613,0.12207792207792208
338,3,31,0,32400,461,0.014228395061728395,9.32754898071289,0.1496437054631829,0.1475054229934924
338,3,31,1,32400,382,0.011790123456790123,8.178010940551758,0.029177718832891247,0.03926701570680628
338,3,31,2,32400,364,0.011234567901234569,6.483516693115234,0.07532467532467532,0.12637362637362637
338,3,32,0,32400,419,0.0129320987654321,24.059667587280273,0.12364425162689804,0.18138424821002386
338,3,32,1,32400,374,0.01154320987654321,25.73796844482422,0.028795811518324606,0.0481283422459893
338,3,32,2,32400,359,0.011080246913580246,26.130918502807617,0.06868131868131869,0.08913649025069638
338,3,33,0,32400,432,0.013333333333333334,10.708333015441895,0.1288782816229117,0.12731481481481483
338,3,33,1,32400,356,0.010987654320987654,11.154494285583496,0.03208556149732621,0.02247191011235955
338,3,33,2,32400,389,0.012006172839506174,10.557840347290039,0.08913649025069638,0.11568123393316196
338,3,34,0,32400,474,0.01462962962962963,17.481014251708984,0.13425925925925927,0.16877637130801687
338,3,34,1,32400,361,0.011141975308641975,20.445981979370117,0.03089887640449438,0.030470914127423823
338,3,34,2,32400,394,0.012160493827160494,17.59136962890625,0.07197943444730077,0.10406091370558376
338,3,35,0,32400,471,0.014537037037037038,28.165607452392578,0.11181434599156118,0.11464968152866242
338,3,35,1,32400,377,0.011635802469135802,23.65517234802246,0.030470914127423823,0.04509283819628647
338,3,35,2,32400,372,0.011481481481481481,24.16666603088379,0.05583756345177665,0.06451612903225806
339,0,1,0,32400,416,0.012839506172839505,12.12740421295166,-1.0,0.15384615384615385
339,0,1,1,32400,395,0.012191358024691358,11.399999618530273,-1.0,0.06582278481012659
339,0,1,2,32400,369,0.01138888888888889,12.48238468170166,-1.0,0.05962059620596206
339,0,2,0,32400,423,0.013055555555555556,18.01891326904297,0.10817307692307693,0.18439716312056736
339,0,2,1,32400,372,0.011481481481481481,14.932795524597168,0.07341772151898734,0.07258064516129033
339,0,2,2,32400,383,0.011820987654320988,13.313316345214844,0.04336043360433604,0.05483028720626632
339,0,3,0,32400,413,0.012746913580246913,18.476999282836914,0.12293144208037825,0.14527845036319612
339,0,3,1,32400,370,0.011419753086419753,16.467567443847656,0.04838709677419355,0.05405405405405406
339,0,3,2,32400,389,0.012006172839506174,11.113110542297363,0.04699738903394256,0.030848329048843187
339,0,4,0,32400,414,0.012777777777777779,11.32608699798584,0.09685230024213075,0.11352657004830918
339,0,4,1,32400,374,0.01154320987654321,10.967914581298828,0.03513513513513514,0.05080213903743316
339,0,4,2,32400,376,0.011604938271604939,8.808510780334473,0.04627249357326478,0.047872340425531915
339,0,5,0,32400,427,0.013179012345679012,14.217798233032227,0.1111111111111111,0.1288056206088993
339,0,5,1,32400,370,0.011419753086419753,12.648649215698242,0.053475935828877004,0.07297297297297298
339,0,5,2,32400,391,0.0120679012345679,15.025575637817383,0.047872340425531915,0.043478260869565216
339,0,6,0,32400,447,0.013796296296296296,10.944071769714355,0.1053864168618267,0.11185682326621924
339,0,6,1,32400,351,0.010833333333333334,14.592592239379883,0.051351351351351354,0.039886039886039885
339,0,6,2,32400,385,0.011882716049382716,12.558441162109375,0.056265984654731455,0.06233766233766234
339,0,7,0,32400,416,0.012839506172839505,18.548078536987305,0.0894854586129754,0.12740384615384615
339,0,7,1,32400,371,0.011450617283950618,12.754716873168945,0.045584045584045586,0.05390835579514825
339,0,7,2,32400,353,0.010895061728395062,15.107648849487305,0.04415584415584416,0.056657223796033995
339,0,8,0,32400,431,0.013302469135802469,8.238978385925293,0.08653846153846154,0.09976798143851508
339,0,8,1,32400,352,0.010864197530864197,15.704545974731445,0.05660377358490566,0.05397727272727273
339,0,8,2,32400,381,0.01175925925925926,12.152231216430664,0.059490084985835696,0.06824146981627296
339,0,9,0,32400,450,0.013888888888888888,14.333333969116211,0.0765661252900232,0.1288888888888889
339,0,9,1,32400,395,0.012191358024691358,12.030380249023438,0.05965909090909091,0.07848101265822785
339,0,9,2,32400,398,0.012283950617283951,12.01256275177002,0.05774278215223097,0.0678391959798995
339,0,10,0,32400,441,0.01361111111111111,11.24716567993164,0.10666666666666667,0.12018140589569161
339,0,10,1,32400,362,0.01117283950617284,9.657459259033203,0.05063291139240506,0.06906077348066299
339,0,10,2,32400,391,0.0120679012345679,9.332480430603027,0.052763819095477386,0.08439897698209718
339,0,11,0,32400,419,0.0129320987654321,16.455848693847656,0.09523809523809523,0.09785202863961814
339,0,11,1,32400,351,0.010833333333333334,13.227920532226562,0.04419889502762431,0.06837606837606838
339,0,11,2,32400,394,0.012160493827160494,11.662436485290527,0.061381074168797956,0.07360406091370558
339,0,12,0,32400,430,0.013271604938271606,10.944186210632324,0.10739856801909307,0.12790697674418605
339,0,12,1,32400,374,0.01154320987654321,8.243315696716309,0.07407407407407407,0.07219251336898395
339,0,12,2,32400,376,0.011604938271604939,8.71276569366455,0.0532994923857868,0.05319148936170213
339,0,13,0,32400,433,0.013364197530864198,14.826789855957031,0.12093023255813953,0.13394919168591224
339,0,13,1,32400,403,0.012438271604938272,13.826302528381348,0.05080213903743316,0.04466501240694789
339,0,13,2,32400,398,0.012283950617283951,10.261306762695312,0.07712765957446809,0.08040201005025126
339,0,14,0,32400,427,0.013179012345679012,14.210772514343262,0.12471131639722864,0.17330210772833723
339,0,14,1,32400,384,0.011851851851851851,12.192708969116211,0.04218362282878412,0.052083333333333336
339,0,14,2,32400,384,0.011851851851851851,11.731771469116211,0.04773869346733668,0.0625
339,0,15,0,32400,419,0.0129320987654321,10.856801986694336,0.1405152224824356,0.18138424821002386
339,0,15,1,32400,369,0.01138888888888889,10.143631935119629,0.046875,0.06233062330623306
339,0,15,2,32400,407,0.012561728395061728,7.287469387054443,0.06510416666666667,0.08353808353808354
339,0,16,0,32400,404,0.012469135802469136,14.415841102600098,0.12649164677804295,0.14603960396039603
339,0,16,1,32400,367,0.01132716049382716,16.43596649169922,0.032520325203252036,0.07356948228882834
339,0,16,2,32400,351,0.010833333333333334,11.113960266113281,0.04668304668304668,0.08831908831908832
339,0,17,0,32400,462,0.01425925925925926,9.560606002807617,0.13613861386138615,0.13852813852813853
339,0,17,1,32400,379,0.01169753086419753,7.952507019042969,0.04632152588555858,0.047493403693931395
339,0,17,2,32400,395,0.012191358024691358,9.235443115234375,0.05413105413105413,0.04050632911392405
339,0,18,0,32400,416,0.012839506172839505,10.730769157409668,0.10822510822510822,0.10817307692307693
339,0,18,1,32400,342,0.010555555555555556,11.935672760009766,0.036939313984168866,0.10818713450292397
339,0,18,2,32400,378,0.011666666666666667,14.740739822387695,0.030379746835443037,0.04497354497354497
339,0,19,0,32400,421,0.012993827160493828,13.821853637695312,0.09615384615384616,0.09501187648456057
339,0,19,1,32400,348,0.01074074074074074,12.175287246704102,0.06140350877192982,0.05459770114942529
339,0,19,2,32400,377,0.011635802469135802,14.363394737243652,0.05026455026455026,0.09018567639257294
339,0,20,0,32400,423,0.013055555555555556,11.858156204223633,0.10688836104513064,0.14893617021276595
339,0,20,1,32400,357,0.011018518518518518,15.90756607055664,0.04597701149425287,0.05042016806722689
339,0,20,2,32400,358,0.011049382716049383,18.938549041748047,0.03713527851458886,0.05307262569832402
339,0,21,0,32400,422,0.013024691358024691,15.810426712036133,0.1111111111111111,0.1018957345971564
339,0,21,1,32400,354,0.010925925925925926,14.810734748840332,0.0392156862745098,0.05649717514124294
339,0,21,2,32400,367,0.01132716049382716,15.893733024597168,0.05307262569832402,0.08174386920980926
339,0,22,0,32400,467,0.01441358024691358,11.850107192993164,0.13033175355450238,0.16059957173447537
339,0,22,1,32400,381,0.01175925925925926,9.99737548828125,0.05084745762711865,0.05511811023622047
339,0,22,2,32400,401,0.012376543209876543,10.359102249145508,0.07629427792915532,0.09725685785536159
339,0,23,0,32400,453,0.013981481481481482,14.785871505737305,0.13062098501070663,0.141280353200883
339,0,23,1,32400,355,0.010956790123456791,11.766197204589844,0.04199475065616798,0.07887323943661972
339,0,23,2,32400,371,0.011450617283950618,12.552560806274414,0.06483790523690773,0.0862533692722372
339,0,24,0,32400,463,0.014290123456790123,12.131749153137207,0.1280353200883002,0.1447084233261339
339,0,24,1,32400,414,0.012777777777777779,10.55555534362793,0.061971830985915494,0.057971014492753624
339,0,24,2,32400,424,0.01308641975308642,10.56839656829834,0.05390835579514825,0.0660377358490566
339,0,25,0,32400,489,0.015092592592592593,11.339468002319336,0.15550755939524838,0.15950920245398773
339,0,25,1,32400,376,0.011604938271604939,11.537233352661133,0.04589371980676329,0.05851063829787234
339,0,25,2,32400,420,0.012962962962962963,9.557143211364746,0.08018867924528301,0.09047619047619047
339,0,26,0,32400,440,0.013580246913580247,9.179545402526855,0.13701431492842536,0.15681818181818183
339,0,26,1,32400,393,0.012129629629629629,8.030534744262695,0.05585106382978723,0.08651399491094147
339,0,26,2,32400,422,0.013024691358024691,8.533175468444824,0.07857142857142857,0.08530805687203792
339,0,27,0,32400,453,0.013981481481481482,8.20309066772461,0.125,0.11258278145695365
339,0,27,1,32400,373,0.011512345679012345,9.47989273071289,0.05343511450381679,0.06970509383378017
339,0,27,2,32400,401,0.012376543209876543,8.780549049377441,0.07582938388625593,0.08229426433915212
339,0,28,0,32400,421,0.012993827160493828,11.166271209716797,0.13245033112582782,0.16152019002375298
339,0,28,1,32400,380,0.011728395061728396,11.155263900756836,0.032171581769437,0.02368421052631579
339,0,28,2,32400,382,0.011790123456790123,10.081151962280273,0.059850374064837904,0.08376963350785341
339,0,29,0,32400,490,0.015123456790123457,8.404081344604492,0.13539192399049882,0.15510204081632653
339,0,29,1,32400,341,0.01052469135802469,8.935483932495117,0.031578947368421054,0.04985337243401759
339,0,29,2,32400,403,0.012438271604938272,8.141439437866211,0.06282722513089005,0.0967741935483871
339,0,30,0,32400,441,0.01361111111111111,8.82086181640625,0.12448979591836734,0.15419501133786848
339,0,30,1,32400,364,0.011234567901234569,8.087912559509277,0.03812316715542522,0.02197802197802198
339,0,30,2,32400,395,0.012191358024691358,7.648101329803467,0.06947890818858561,0.11392405063291139
339,0,31,0,32400,473,0.014598765432098766,20.452430725097656,0.12698412698412698,0.17970401691331925
339,0,31,1,32400,330,0.010185185185185186,25.92121124267578,0.03571428571428571,0.048484848484848485
339,0,31,2,32400,377,0.011635802469135802,19.748010635375977,0.05822784810126582,0.09814323607427056
339,0,32,0,32400,437,0.013487654320987655,12.107550621032715,0.11839323467230443,0.12585812356979406
339,0,32,1,32400,366,0.011296296296296296,11.95081901550293,0.03333333333333333,0.03825136612021858
339,0,32,2,32400,400,0.012345679012345678,13.1899995803833,0.08488063660477453,0.105
339,0,33,0,32400,458,0.014135802469135803,21.718341827392578,0.13272311212814644,0.17467248908296942
339,0,33,1,32400,335,0.010339506172839507,17.408954620361328,0.0273224043715847,0.026865671641791045
339,0,33,2,32400,432,0.013333333333333334,21.900463104248047,0.0725,0.10416666666666667
339,0,34,0,32400,426,0.013148148148148148,20.941314697265625,0.11790393013100436,0.12910798122065728
339,0,34,1,32400,366,0.011296296296296296,19.486337661743164,0.01791044776119403,0.04644808743169399
339,0,34,2,32400,353,0.010895061728395062,30.05099105834961,0.046296296296296294,0.07932011331444759
339,0,35,0,32400,452,0.013950617283950617,15.539822578430176,0.13145539906103287,0.16150442477876106
339,0,35,1,32400,370,0.011419753086419753,12.04054069519043,0.03825136612021858,0.06756756756756757
339,0,35,2,32400,404,0.012469135802469136,15.735148429870605,0.0821529745042493,0.0891089108910891
339,1,1,0,32400,434,0.013395061728395061,13.034562110900879,-1.0,0.14285714285714285
339,1,1,1,32400,378,0.011666666666666667,10.399470329284668,-1.0,0.07936507936507936
339,1,1,2,32400,409,0.012623456790123456,10.454768180847168,-1.0,0.05623471882640587
339,1,2,0,32400,444,0.013703703703703704,17.30855941772461,0.10368663594470046,0.18018018018018017
339,1,2,1,32400,382,0.011790123456790123,16.793193817138672,0.08994708994708994,0.07329842931937172
339,1,2,2,32400,398,0.012283950617283951,10.959798812866211,0.04645476772616137,0.06030150753768844
339,1,3,0,32400,430,0.013271604938271606,16.88139533996582,0.11711711711711711,0.13953488372093023
339,1,3,1,32400,389,0.012006172839506174,18.59897232055664,0.04712041884816754,0.05912596401028278
339,1,3,2,32400,410,0.012654320987654321,11.648780822753906,0.04522613065326633,0.02926829268292683
339,1,4,0,32400,413,0.012746913580246913,12.113801956176758,0.1,0.10411622276029056
339,1,4,1,32400,316,0.009753086419753086,11.977848052978516,0.028277634961439587,0.05063291139240506
339,1,4,2,32400,362,0.01117283950617284,11.5110502243042,0.036585365853658534,0.055248618784530384
339,1,5,0,32400,448,0.013827160493827161,13.227679252624512,0.1162227602905569,0.11830357142857142
339,1,5,1,32400,342,0.010555555555555556,14.403509140014648,0.05063291139240506,0.05555555555555555
339,1,5,2,32400,361,0.011141975308641975,13.855955123901367,0.049723756906077346,0.04709141274238227
339,1,6,0,32400,444,0.013703703703703704,14.966217041015625,0.09375,0.10135135135135136
339,1,6,1,32400,380,0.011728395061728396,12.718421936035156,0.043859649122807015,0.05263157894736842
339,1,6,2,32400,368,0.011358024691358024,12.418478965759277,0.055401662049861494,0.057065217391304345
339,1,7,0,32400,409,0.012623456790123456,16.479217529296875,0.09009009009009009,0.11735941320293398
339,1,7,1,32400,365,0.011265432098765432,23.328767776489258,0.060526315789473685,0.04657534246575343
339,1,7,2,32400,387,0.011944444444444445,11.403100967407227,0.051630434782608696,0.059431524547803614
339,1,8,0,32400,423,0.013055555555555556,19.80141830444336,0.10024449877750612,0.08037825059101655
339,1,8,1,32400,343,0.01058641975308642,27.09037971496582,0.04657534246575343,0.04956268221574344
339,1,8,2,32400,394,0.012160493827160494,16.51015281677246,0.046511627906976744,0.08375634517766498
339,1,9,0,32400,413,0.012746913580246913,11.774819374084473,0.0851063829787234,0.13559322033898305
339,1,9,1,32400,352,0.010864197530864197,15.110795974731445,0.05539358600583091,0.08238636363636363
339,1,9,2,32400,409,0.012623456790123456,12.85085678100586,0.05583756345177665,0.07823960880195599
339,1,10,0,32400,455,0.01404320987654321,9.44175910949707,0.12590799031476999,0.11428571428571428
339,1,10,1,32400,365,0.011265432098765432,9.920548439025879,0.056818181818181816,0.043835616438356165
339,1,10,2,32400,354,0.010925925925925926,9.4096040725708,0.0488997555012225,0.07344632768361582
339,1,11,0,32400,400,0.012345679012345678,15.192500114440918,0.1010989010989011,0.1125
339,1,11,1,32400,392,0.012098765432098766,15.75,0.038356164383561646,0.05102040816326531
339,1,11,2,32400,340,0.010493827160493827,12.60588264465332,0.05367231638418079,0.061764705882352944
339,1,12,0,32400,431,0.013302469135802469,9.480278015136719,0.1175,0.1345707656612529
339,1,12,1,32400,379,0.01169753086419753,9.707124710083008,0.06377551020408163,0.06860158311345646
339,1,12,2,32400,387,0.011944444444444445,8.731266021728516,0.05588235294117647,0.08010335917312661
339,1,13,0,32400,440,0.013580246913580247,13.302271842956543,0.11136890951276102,0.1340909090909091
339,1,13,1,32400,381,0.01175925925925926,14.876640319824219,0.055408970976253295,0.05249343832020997
339,1,13,2,32400,386,0.01191358024691358,11.186528205871582,0.06976744186046512,0.09067357512953368
339,1,14,0,32400,420,0.012962962962962963,13.057143211364746,0.11818181818181818,0.1738095238095238
339,1,14,1,32400,365,0.011265432098765432,10.501370429992676,0.04461942257217848,0.057534246575342465
339,1,14,2,32400,386,0.01191358024691358,10.873056411743164,0.05699481865284974,0.07772020725388601
339,1,15,0,32400,452,0.013950617283950617,12.701327323913574,0.15714285714285714,0.16371681415929204
339,1,15,1,32400,340,0.010493827160493827,11.973529815673828,0.0410958904109589,0.052941176470588235
339,1,15,2,32400,401,0.012376543209876543,8.478803634643555,0.05958549222797927,0.0773067331670823
339,1,16,0,32400,404,0.012469135802469136,13.027227401733398,0.11504424778761062,0.14603960396039603
339,1,16,1,32400,356,0.010987654320987654,11.134831428527832,0.04411764705882353,0.0702247191011236
339,1,16,2,32400,377,0.011635802469135802,20.40318489074707,0.04987531172069826,0.08753315649867374
339,1,17,0,32400,414,0.012777777777777779,9.362318992614746,0.13366336633663367,0.14492753623188406
339,1,17,1,32400,348,0.01074074074074074,8.166666984558105,0.047752808988764044,0.04310344827586207
339,1,17,2,32400,359,0.011080246913580246,9.844011306762695,0.050397877984084884,0.05013927576601671
339,1,18,0,32400,423,0.013055555555555556,9.83924388885498,0.12077294685990338,0.10874704491725769
339,1,18,1,32400,371,0.011450617283950618,12.832883834838867,0.05172413793103448,0.0862533692722372
339,1,18,2,32400,378,0.011666666666666667,16.02910041809082,0.03899721448467967,0.042328042328042326
339,1,19,0,32400,429,0.01324074074074074,11.055944442749023,0.09456264775413711,0.10023310023310024
339,1,19,1,32400,336,0.01037037037037037,11.9494047164917,0.05660377358490566,0.0625
339,1,19,2,32400,407,0.012561728395061728,14.547911643981934,0.05026455026455026,0.07371007371007371
339,1,20,0,32400,424,0.01308641975308642,17.73113441467285,0.1048951048951049,0.14622641509433962
339,1,20,1,32400,382,0.011790123456790123,15.968588829040527,0.0625,0.04712041884816754
339,1,20,2,32400,335,0.010339506172839507,12.7402982711792,0.03194103194103194,0.05970149253731343
339,1,21,0,32400,425,0.013117283950617283,20.04470443725586,0.11320754716981132,0.09647058823529411
339,1,21,1,32400,394,0.012160493827160494,13.791877746582031,0.03664921465968586,0.05583756345177665
339,1,21,2,32400,390,0.012037037037037037,18.10769271850586,0.0626865671641791,0.07179487179487179
339,1,22,0,32400,476,0.014691358024691358,12.016807556152344,0.13176470588235295,0.15336134453781514
339,1,22,1,32400,376,0.011604938271604939,13.111701965332031,0.0583756345177665,0.06382978723404255
339,1,22,2,32400,377,0.011635802469135802,10.259946823120117,0.0641025641025641,0.09283819628647215
339,1,23,0,32400,445,0.013734567901234567,16.47191047668457,0.13025210084033614,0.12359550561797752
339,1,23,1,32400,349,0.010771604938271605,15.618911743164062,0.047872340425531915,0.09169054441260745
339,1,23,2,32400,399,0.012314814814814815,13.398496627807617,0.0636604774535809,0.08020050125313283
339,1,24,0,32400,454,0.014012345679012345,11.35462474822998,0.12134831460674157,0.16079295154185022
339,1,24,1,32400,365,0.011265432098765432,10.027397155761719,0.07163323782234957,0.06301369863013699
339,1,24,2,32400,389,0.012006172839506174,9.60411262512207,0.047619047619047616,0.06940874035989718
339,1,25,0,32400,451,0.013919753086419753,10.844789505004883,0.15418502202643172,0.19068736141906872
339,1,25,1,32400,378,0.011666666666666667,11.417988777160645,0.0547945205479452,0.06613756613756613
339,1,25,2,32400,434,0.013395061728395061,9.179723739624023,0.08483290488431877,0.09216589861751152
339,1,26,0,32400,458,0.014135802469135803,10.582969665527344,0.14855875831485588,0.15938864628820962
339,1,26,1,32400,396,0.012222222222222223,10.141413688659668,0.06613756613756613,0.07828282828282829
339,1,26,2,32400,394,0.012160493827160494,9.03553295135498,0.06682027649769585,0.07360406091370558
339,1,27,0,32400,426,0.013148148148148148,10.037558555603027,0.12445414847161572,0.11971830985915492
339,1,27,1,32400,369,0.01138888888888889,9.051490783691406,0.05303030303030303,0.06504065040650407
339,1,27,2,32400,384,0.011851851851851851,8.330729484558105,0.08375634517766498,0.07552083333333333
339,1,28,0,32400,394,0.012160493827160494,17.69035530090332,0.12441314553990611,0.1751269035532995
339,1,28,1,32400,355,0.010956790123456791,15.698591232299805,0.02710027100271003,0.014084507042253521
339,1,28,2,32400,363,0.011203703703703704,12.347107887268066,0.0625,0.07713498622589532
339,1,29,0,32400,464,0.014320987654320988,7.8318963050842285,0.14720812182741116,0.17025862068965517
339,1,29,1,32400,374,0.01154320987654321,9.505348205566406,0.04788732394366197,0.0427807486631016
339,1,29,2,32400,400,0.012345679012345678,6.602499961853027,0.06887052341597796,0.11
339,1,30,0,32400,411,0.012685185185185185,8.939172744750977,0.14224137931034483,0.15815085158150852
339,1,30,1,32400,364,0.011234567901234569,9.038461685180664,0.034759358288770054,0.038461538461538464
339,1,30,2,32400,379,0.01169753086419753,8.271768569946289,0.07,0.11081794195250659
339,1,31,0,32400,448,0.013827160493827161,18.56026840209961,0.13138686131386862,0.16741071428571427
339,1,31,1,32400,343,0.01058641975308642,20.35568618774414,0.03571428571428571,0.03498542274052478
339,1,31,2,32400,384,0.011851851851851851,30.0078125,0.06596306068601583,0.09375
339,1,32,0,32400,452,0.013950617283950617,10.064159393310547,0.12053571428571429,0.13938053097345132
339,1,32,1,32400,345,0.010648148148148148,14.101449966430664,0.037900874635568516,0.02608695652173913
339,1,32,2,32400,387,0.011944444444444445,14.695091247558594,0.09375,0.10077519379844961
339,1,33,0,32400,458,0.014135802469135803,20.139739990234375,0.1261061946902655,0.17685589519650655
339,1,33,1,32400,347,0.010709876543209877,18.812679290771484,0.03188405797101449,0.020172910662824207
339,1,33,2,32400,381,0.01175925925925926,16.33595848083496,0.06718346253229975,0.11023622047244094
339,1,34,0,32400,423,0.013055555555555556,23.71867561340332,0.11572052401746726,0.13238770685579196
339,1,34,1,32400,368,0.011358024691358024,14.3070650100708,0.020172910662824207,0.04076086956521739
339,1,34,2,32400,356,0.010987654320987654,24.567415237426758,0.047244094488188976,0.06460674157303371
339,1,35,0,32400,456,0.014074074074074074,16.335525512695312,0.1347517730496454,0.1600877192982456
339,1,35,1,32400,364,0.011234567901234569,12.703296661376953,0.024456521739130436,0.046703296703296704
339,1,35,2,32400,349,0.010771604938271605,19.722063064575195,0.07303370786516854,0.09455587392550144
339,2,1,0,32400,433,0.013364197530864198,12.055427551269531,-1.0,0.14549653579676675
339,2,1,1,32400,362,0.01117283950617284,13.43370246887207,-1.0,0.0718232044198895
339,2,1,2,32400,369,0.01138888888888889,10.99729061126709,-1.0,0.07046070460704607
339,2,2,0,32400,422,0.013024691358024691,16.637441635131836,0.09930715935334873,0.16824644549763032
339,2,2,1,32400,378,0.011666666666666667,17.425928115844727,0.08011049723756906,0.07142857142857142
339,2,2,2,32400,389,0.012006172839506174,14.506427764892578,0.04878048780487805,0.06940874035989718
339,2,3,0,32400,415,0.012808641975308642,16.033735275268555,0.12559241706161137,0.1493975903614458
339,2,3,1,32400,368,0.011358024691358024,19.288043975830078,0.042328042328042326,0.059782608695652176
339,2,3,2,32400,361,0.011141975308641975,17.34071922302246,0.03598971722365039,0.024930747922437674
339,2,4,0,32400,393,0.012129629629629629,12.628499031066895,0.09156626506024096,0.09923664122137404
339,2,4,1,32400,328,0.010123456790123457,12.725608825683594,0.035326086956521736,0.042682926829268296
339,2,4,2,32400,365,0.011265432098765432,9.945205688476562,0.04155124653739612,0.057534246575342465
339,2,5,0,32400,410,0.012654320987654321,13.656097412109375,0.11450381679389313,0.12682926829268293
339,2,5,1,32400,339,0.010462962962962962,13.563422203063965,0.04878048780487805,0.05014749262536873
339,2,5,2,32400,369,0.01138888888888889,11.189702033996582,0.03561643835616438,0.037940379403794036
339,2,6,0,32400,388,0.011975308641975308,15.417525291442871,0.11219512195121951,0.13659793814432988
339,2,6,1,32400,379,0.01169753086419753,14.189973831176758,0.0471976401179941,0.05804749340369393
339,2,6,2,32400,373,0.011512345679012345,13.79356575012207,0.04336043360433604,0.064343163538874
339,2,7,0,32400,421,0.012993827160493828,16.53681755065918,0.1056701030927835,0.12589073634204276
339,2,7,1,32400,325,0.010030864197530864,20.492307662963867,0.047493403693931395,0.046153846153846156
339,2,7,2,32400,395,0.012191358024691358,15.017721176147461,0.04825737265415549,0.053164556962025315
339,2,8,0,32400,432,0.013333333333333334,12.872685432434082,0.09026128266033254,0.09490740740740741
339,2,8,1,32400,358,0.011049382716049383,17.88547706604004,0.06153846153846154,0.055865921787709494
339,2,8,2,32400,386,0.01191358024691358,18.300518035888672,0.053164556962025315,0.08290155440414508
339,2,9,0,32400,418,0.012901234567901234,12.033492088317871,0.08333333333333333,0.1291866028708134
339,2,9,1,32400,359,0.011080246913580246,11.596099853515625,0.06424581005586592,0.08635097493036212
339,2,9,2,32400,409,0.012623456790123456,12.232274055480957,0.054404145077720206,0.07090464547677261
339,2,10,0,32400,449,0.013858024691358025,10.269488334655762,0.1076555023923445,0.11804008908685969
339,2,10,1,32400,381,0.01175925925925926,10.280839920043945,0.055710306406685235,0.05249343832020997
339,2,10,2,32400,398,0.012283950617283951,7.869346618652344,0.05623471882640587,0.0728643216080402
339,2,11,0,32400,430,0.013271604938271606,13.72325611114502,0.0935412026726058,0.11162790697674418
339,2,11,1,32400,365,0.011265432098765432,16.21095848083496,0.049868766404199474,0.06027397260273973
339,2,11,2,32400,405,0.0125,17.60987663269043,0.052763819095477386,0.06666666666666667
339,2,12,0,32400,444,0.013703703703703704,8.96846866607666,0.11162790697674418,0.12612612612612611
339,2,12,1,32400,390,0.012037037037037037,9.933333396911621,0.07397260273972603,0.07435897435897436
339,2,12,2,32400,383,0.011820987654320988,8.543081283569336,0.06172839506172839,0.06005221932114883
339,2,13,0,32400,421,0.012993827160493828,13.142518043518066,0.10810810810810811,0.1377672209026128
339,2,13,1,32400,359,0.011080246913580246,14.966573715209961,0.046153846153846156,0.07242339832869081
339,2,13,2,32400,395,0.012191358024691358,10.45063304901123,0.0731070496083551,0.06835443037974684
339,2,14,0,32400,399,0.012314814814814815,17.3634090423584,0.12589073634204276,0.17794486215538846
339,2,14,1,32400,376,0.011604938271604939,15.412233352661133,0.036211699164345405,0.06914893617021277
339,2,14,2,32400,386,0.01191358024691358,12.595854759216309,0.04810126582278481,0.07253886010362694
339,2,15,0,32400,449,0.013858024691358025,10.612472534179688,0.15037593984962405,0.18262806236080179
339,2,15,1,32400,353,0.010895061728395062,15.067988395690918,0.03723404255319149,0.0453257790368272
339,2,15,2,32400,394,0.012160493827160494,8.817258834838867,0.06217616580310881,0.08629441624365482
339,2,16,0,32400,427,0.013179012345679012,16.21311378479004,0.11358574610244988,0.14285714285714285
339,2,16,1,32400,360,0.011111111111111112,14.697222709655762,0.04815864022662889,0.06388888888888888
339,2,16,2,32400,370,0.011419753086419753,13.037837982177734,0.0532994923857868,0.07297297297297298
339,2,17,0,32400,444,0.013703703703703704,9.846847534179688,0.14988290398126464,0.15765765765765766
339,2,17,1,32400,357,0.011018518518518518,9.464985847473145,0.03888888888888889,0.05042016806722689
339,2,17,2,32400,361,0.011141975308641975,8.299168586730957,0.051351351351351354,0.05263157894736842
339,2,18,0,32400,431,0.013302469135802469,13.76102066040039,0.11261261261261261,0.10672853828306264
339,2,18,1,32400,392,0.012098765432098766,12.88265323638916,0.047619047619047616,0.08418367346938775
339,2,18,2,32400,379,0.01169753086419753,10.482850074768066,0.0332409972299169,0.0395778364116095
339,2,19,0,32400,411,0.012685185185185185,11.479318618774414,0.09280742459396751,0.0948905109489051
339,2,19,1,32400,343,0.01058641975308642,13.991253852844238,0.05357142857142857,0.06705539358600583
339,2,19,2,32400,372,0.011481481481481481,12.0591402053833,0.04221635883905013,0.09408602150537634
339,2,20,0,32400,412,0.01271604938271605,12.919902801513672,0.11435523114355231,0.1262135922330097
339,2,20,1,32400,372,0.011481481481481481,13.153225898742676,0.05539358600583091,0.051075268817204304
339,2,20,2,32400,347,0.010709876543209877,14.31988525390625,0.03494623655913978,0.06340057636887608
339,2,21,0,32400,457,0.014104938271604939,16.2647705078125,0.11407766990291263,0.1050328227571116
339,2,21,1,32400,339,0.010462962962962962,15.156342506408691,0.03763440860215054,0.05604719764011799
339,2,21,2,32400,371,0.011450617283950618,18.01886749267578,0.05187319884726225,0.08086253369272237
339,2,22,0,32400,453,0.013981481481481482,13.081677436828613,0.12472647702407003,0.15673289183222958
339,2,22,1,32400,353,0.010895061728395062,10.971671104431152,0.05604719764011799,0.056657223796033995
339,2,22,2,32400,383,0.011820987654320988,11.710183143615723,0.07547169811320754,0.10704960835509138
339,2,23,0,32400,422,0.013024691358024691,15.29146957397461,0.1368653421633554,0.13033175355450238
339,2,23,1,32400,368,0.011358024691358024,12.24184799194336,0.06232294617563739,0.07065217391304347
339,2,23,2,32400,398,0.012283950617283951,14.575376510620117,0.06788511749347259,0.09045226130653267
339,2,24,0,32400,465,0.014351851851851852,10.290323257446289,0.13270142180094788,0.13763440860215054
339,2,24,1,32400,344,0.010617283950617284,9.473836898803711,0.06521739130434782,0.05813953488372093
339,2,24,2,32400,362,0.01117283950617284,9.80663013458252,0.05778894472361809,0.0718232044198895
339,2,25,0,32400,443,0.013672839506172839,12.726862907409668,0.15483870967741936,0.1873589164785553
339,2,25,1,32400,366,0.011296296296296296,9.89070987701416,0.046511627906976744,0.06557377049180328
339,2,25,2,32400,393,0.012129629629629629,8.384223937988281,0.0856353591160221,0.11704834605597965
339,2,26,0,32400,441,0.01361111111111111,10.267574310302734,0.14672686230248308,0.14965986394557823
339,2,26,1,32400,385,0.011882716049382716,8.477921485900879,0.0546448087431694,0.08831168831168831
339,2,26,2,32400,378,0.011666666666666667,9.984127044677734,0.08396946564885496,0.07407407407407407
339,2,27,0,32400,442,0.013641975308641975,8.513574600219727,0.12018140589569161,0.10633484162895927
339,2,27,1,32400,331,0.01021604938271605,9.283987998962402,0.07532467532467532,0.07250755287009064
339,2,27,2,32400,368,0.011358024691358024,8.328804969787598,0.06878306878306878,0.059782608695652176
339,2,28,0,32400,429,0.01324074074074074,13.442891120910645,0.11990950226244344,0.16317016317016317
339,2,28,1,32400,334,0.010308641975308641,16.69760513305664,0.03625377643504532,0.03592814371257485
339,2,28,2,32400,376,0.011604938271604939,13.207446098327637,0.06793478260869565,0.08244680851063829
339,2,29,0,32400,445,0.013734567901234567,8.215730667114258,0.13986013986013987,0.17752808988764046
339,2,29,1,32400,361,0.011141975308641975,8.91689682006836,0.023952095808383235,0.027700831024930747
339,2,29,2,32400,381,0.01175925925925926,5.847768783569336,0.07712765957446809,0.09973753280839895
339,2,30,0,32400,437,0.013487654320987655,9.512585639953613,0.14382022471910114,0.14645308924485126
339,2,30,1,32400,350,0.010802469135802469,8.431428909301758,0.038781163434903045,0.037142857142857144
339,2,30,2,32400,410,0.012654320987654321,6.990243911743164,0.08136482939632546,0.11219512195121951
339,2,31,0,32400,444,0.013703703703703704,21.797298431396484,0.12128146453089245,0.16441441441441443
339,2,31,1,32400,370,0.011419753086419753,15.448649406433105,0.03142857142857143,0.051351351351351354
339,2,31,2,32400,394,0.012160493827160494,26.19035530090332,0.05853658536585366,0.09390862944162437
339,2,32,0,32400,398,0.012283950617283951,12.278894424438477,0.11711711711711711,0.1407035175879397
339,2,32,1,32400,369,0.01138888888888889,13.9864501953125,0.02702702702702703,0.02981029810298103
339,2,32,2,32400,400,0.012345679012345678,12.6899995803833,0.07360406091370558,0.0925
339,2,33,0,32400,467,0.01441358024691358,18.946468353271484,0.1306532663316583,0.16488222698072805
339,2,33,1,32400,355,0.010956790123456791,19.273239135742188,0.02168021680216802,0.04225352112676056
339,2,33,2,32400,401,0.012376543209876543,17.172069549560547,0.065,0.09975062344139651
339,2,34,0,32400,461,0.014228395061728395,35.804771423339844,0.12205567451820129,0.11713665943600868
339,2,34,1,32400,355,0.010956790123456791,41.36619186401367,0.02535211267605634,0.036619718309859155
339,2,34,2,32400,356,0.010987654320987654,24.328651428222656,0.04987531172069826,0.06460674157303371
339,2,35,0,32400,449,0.013858024691358025,17.12917709350586,0.11496746203904555,0.155902004454343
339,2,35,1,32400,356,0.010987654320987654,14.466292381286621,0.022535211267605635,0.05056179775280899
339,2,35,2,32400,371,0.011450617283950618,15.404312133789062,0.06460674157303371,0.0889487870619946
339,3,1,0,32400,418,0.012901234567901234,11.033492088317871,-1.0,0.1339712918660287
339,3,1,1,32400,372,0.011481481481481481,11.666666984558105,-1.0,0.07795698924731183
339,3,1,2,32400,369,0.01138888888888889,12.336043357849121,-1.0,0.056910569105691054
339,3,2,0,32400,444,0.013703703703703704,17.556306838989258,0.1076555023923445,0.17792792792792791
339,3,2,1,32400,349,0.010771604938271605,18.484241485595703,0.08602150537634409,0.08022922636103152
339,3,2,2,32400,393,0.012129629629629629,14.053436279296875,0.05962059620596206,0.06361323155216285
339,3,3,0,32400,459,0.014166666666666666,15.627450942993164,0.11936936936936937,0.15468409586056645
339,3,3,1,32400,344,0.010617283950617284,19.35755729675293,0.04871060171919771,0.061046511627906974
339,3,3,2,32400,380,0.011728395061728396,17.597368240356445,0.05089058524173028,0.034210526315789476
339,3,4,0,32400,433,0.013364197530864198,11.376442909240723,0.08061002178649238,0.11316397228637413
339,3,4,1,32400,366,0.011296296296296296,10.937158584594727,0.0377906976744186,0.04644808743169399
339,3,4,2,32400,337,0.010401234567901235,10.388724327087402,0.039473684210526314,0.05341246290801187
339,3,5,0,32400,431,0.013302469135802469,14.208816528320312,0.10854503464203233,0.12529002320185614
339,3,5,1,32400,395,0.012191358024691358,17.01519012451172,0.04371584699453552,0.053164556962025315
339,3,5,2,32400,372,0.011481481481481481,13.46505355834961,0.05637982195845697,0.03494623655913978
339,3,6,0,32400,418,0.012901234567901234,11.569377899169922,0.08584686774941995,0.11722488038277512
339,3,6,1,32400,339,0.010462962962962962,15.743362426757812,0.043037974683544304,0.05014749262536873
339,3,6,2,32400,371,0.011450617283950618,10.36388111114502,0.051075268817204304,0.05390835579514825
339,3,7,0,32400,378,0.011666666666666667,18.08465576171875,0.10287081339712918,0.12962962962962962
339,3,7,1,32400,338,0.010432098765432099,12.849112510681152,0.05309734513274336,0.05621301775147929
339,3,7,2,32400,391,0.0120679012345679,8.94629192352295,0.04851752021563342,0.061381074168797956
339,3,8,0,32400,423,0.013055555555555556,15.891252517700195,0.10317460317460317,0.08747044917257683
339,3,8,1,32400,366,0.011296296296296296,28.46994400024414,0.05029585798816568,0.05191256830601093
339,3,8,2,32400,366,0.011296296296296296,14.811474800109863,0.05115089514066496,0.07650273224043716
339,3,9,0,32400,424,0.01308641975308642,12.660377502441406,0.08274231678486997,0.14386792452830188
339,3,9,1,32400,394,0.012160493827160494,15.479695320129395,0.0546448087431694,0.09137055837563451
339,3,9,2,32400,381,0.01175925925925926,14.808399200439453,0.05191256830601093,0.07349081364829396
339,3,10,0,32400,419,0.0129320987654321,10.477327346801758,0.10141509433962265,0.12410501193317422
339,3,10,1,32400,330,0.010185185185185186,8.46060562133789,0.05583756345177665,0.07575757575757576
339,3,10,2,32400,381,0.01175925925925926,10.585301399230957,0.06036745406824147,0.08136482939632546
339,3,11,0,32400,436,0.01345679012345679,12.277522087097168,0.09785202863961814,0.09403669724770643
339,3,11,1,32400,354,0.010925925925925926,12.43220329284668,0.051515151515151514,0.07062146892655367
339,3,11,2,32400,380,0.011728395061728396,11.468421936035156,0.05511811023622047,0.06315789473684211
339,3,12,0,32400,427,0.013179012345679012,10.971896171569824,0.10779816513761468,0.13348946135831383
339,3,12,1,32400,409,0.012623456790123456,9.17359447479248,0.07062146892655367,0.08801955990220049
339,3,12,2,32400,387,0.011944444444444445,8.586563110351562,0.060526315789473685,0.056847545219638244
339,3,13,0,32400,406,0.012530864197530864,13.630541801452637,0.11943793911007025,0.13793103448275862
339,3,13,1,32400,370,0.011419753086419753,13.248648643493652,0.05134474327628362,0.05405405405405406
339,3,13,2,32400,366,0.011296296296296296,14.868851661682129,0.06718346253229975,0.07923497267759563
339,3,14,0,32400,449,0.013858024691358025,12.710468292236328,0.1330049261083744,0.18262806236080179
339,3,14,1,32400,377,0.011635802469135802,13.795755386352539,0.05405405405405406,0.05305039787798409
339,3,14,2,32400,402,0.012407407407407407,12.11442756652832,0.060109289617486336,0.05721393034825871
339,3,15,0,32400,455,0.01404320987654321,11.892308235168457,0.1358574610244989,0.17362637362637362
339,3,15,1,32400,372,0.011481481481481481,8.018816947937012,0.03978779840848806,0.056451612903225805
339,3,15,2,32400,415,0.012808641975308642,9.727710723876953,0.06467661691542288,0.0746987951807229
339,3,16,0,32400,417,0.01287037037037037,15.786571502685547,0.1076923076923077,0.12709832134292565
339,3,16,1,32400,357,0.011018518518518518,12.910364151000977,0.03763440860215054,0.07563025210084033
339,3,16,2,32400,362,0.01117283950617284,10.759669303894043,0.05060240963855422,0.0718232044198895
339,3,17,0,32400,422,0.013024691358024691,8.758294105529785,0.12949640287769784,0.14691943127962084
339,3,17,1,32400,392,0.012098765432098766,8.88265323638916,0.04201680672268908,0.03316326530612245
339,3,17,2,32400,358,0.011049382716049383,8.715083122253418,0.049723756906077346,0.05307262569832402
339,3,18,0,32400,414,0.012777777777777779,10.77053165435791,0.12322274881516587,0.10869565217391304
339,3,18,1,32400,379,0.01169753086419753,13.963061332702637,0.04336734693877551,0.08970976253298153
339,3,18,2,32400,348,0.01074074074074074,13.491378784179688,0.04748603351955307,0.04597701149425287
339,3,19,0,32400,407,0.012561728395061728,10.81572437286377,0.10144927536231885,0.09828009828009827
339,3,19,1,32400,361,0.011141975308641975,17.210525512695312,0.05804749340369393,0.08033240997229917
339,3,19,2,32400,365,0.011265432098765432,11.76986312866211,0.05172413793103448,0.07671232876712329
339,3,20,0,32400,426,0.013148148148148148,13.375588417053223,0.10565110565110565,0.12910798122065728
339,3,20,1,32400,367,0.01132716049382716,10.188011169433594,0.055401662049861494,0.06267029972752043
339,3,20,2,32400,385,0.011882716049382716,15.275325775146484,0.03561643835616438,0.05454545454545454
339,3,21,0,32400,406,0.012530864197530864,21.088668823242188,0.10328638497652583,0.12561576354679804
339,3,21,1,32400,368,0.011358024691358024,18.94565200805664,0.04087193460490463,0.057065217391304345
339,3,21,2,32400,381,0.01175925925925926,15.157480239868164,0.046753246753246755,0.06299212598425197
339,3,22,0,32400,463,0.014290123456790123,16.747299194335938,0.14285714285714285,0.1511879049676026
339,3,22,1,32400,362,0.01117283950617284,8.930939674377441,0.04891304347826087,0.052486187845303865
339,3,22,2,32400,405,0.0125,13.501235008239746,0.07086614173228346,0.09135802469135802
339,3,23,0,32400,429,0.01324074074074074,14.897436141967773,0.12526997840172785,0.13752913752913754
339,3,23,1,32400,359,0.011080246913580246,13.289693832397461,0.049723756906077346,0.055710306406685235
339,3,23,2,32400,347,0.010709876543209877,12.78386116027832,0.06419753086419754,0.10662824207492795
339,3,24,0,32400,471,0.014537037037037038,10.322718620300293,0.1351981351981352,0.15074309978768577
339,3,24,1,32400,353,0.010895061728395062,10.13314437866211,0.06406685236768803,0.0679886685552408
339,3,24,2,32400,406,0.012530864197530864,9.147783279418945,0.07492795389048991,0.0812807881773399
339,3,25,0,32400,459,0.014166666666666666,10.71459674835205,0.15498938428874734,0.15250544662309368
339,3,25,1,32400,383,0.011820987654320988,11.642297744750977,0.053824362606232294,0.06266318537859007
339,3,25,2,32400,413,0.012746913580246913,9.585956573486328,0.08620689655172414,0.09927360774818401
339,3,26,0,32400,442,0.013641975308641975,8.789592742919922,0.1503267973856209,0.1425339366515837
339,3,26,1,32400,386,0.01191358024691358,10.917098045349121,0.057441253263707574,0.06735751295336788
339,3,26,2,32400,384,0.011851851851851851,10.151041984558105,0.0847457627118644,0.0859375
339,3,27,0,32400,437,0.013487654320987655,9.050342559814453,0.1244343891402715,0.12128146453089245
339,3,27,1,32400,371,0.011450617283950618,8.668463706970215,0.06217616580310881,0.0673854447439353
339,3,27,2,32400,359,0.011080246913580246,10.136489868164062,0.06770833333333333,0.0584958217270195
339,3,28,0,32400,459,0.014166666666666666,17.610021591186523,0.13272311212814644,0.1655773420479303
339,3,28,1,32400,353,0.010895061728395062,14.317279815673828,0.03234501347708895,0.0169971671388102
339,3,28,2,32400,407,0.012561728395061728,10.346437454223633,0.07520891364902507,0.09828009828009827
339,3,29,0,32400,461,0.014228395061728395,8.041214942932129,0.1328976034858388,0.18872017353579176
339,3,29,1,32400,348,0.01074074074074074,10.416666984558105,0.036827195467422094,0.04885057471264368
339,3,29,2,32400,380,0.011728395061728396,7.647368907928467,0.05896805896805897,0.11315789473684211
339,3,30,0,32400,397,0.012253086419753086,9.178840637207031,0.14316702819956617,0.1712846347607053
339,3,30,1,32400,381,0.01175925925925926,8.317584991455078,0.05459770114942529,0.028871391076115485
339,3,30,2,32400,389,0.012006172839506174,9.383033752441406,0.07631578947368421,0.12082262210796915
339,3,31,0,32400,482,0.014876543209876544,21.58713722229004,0.1385390428211587,0.16804979253112035
339,3,31,1,32400,379,0.01169753086419753,26.261215209960938,0.031496062992125984,0.052770448548812667
339,3,31,2,32400,365,0.011265432098765432,16.75342559814453,0.06683804627249357,0.10136986301369863
339,3,32,0,32400,402,0.012407407407407407,11.308457374572754,0.11410788381742738,0.14676616915422885
339,3,32,1,32400,372,0.011481481481481481,14.790322303771973,0.0316622691292876,0.03763440860215054
339,3,32,2,32400,361,0.011141975308641975,11.246537208557129,0.07945205479452055,0.10803324099722991
339,3,33,0,32400,463,0.014290123456790123,18.840171813964844,0.13432835820895522,0.15334773218142547
339,3,33,1,32400,349,0.010771604938271605,20.727794647216797,0.02956989247311828,0.017191977077363897
339,3,33,2,32400,390,0.012037037037037037,18.4923095703125,0.08310249307479224,0.11025641025641025
339,3,34,0,32400,444,0.013703703703703704,23.409910202026367,0.12526997840172785,0.13513513513513514
339,3,34,1,32400,364,0.011234567901234569,16.824176788330078,0.02005730659025788,0.04395604395604396
339,3,34,2,32400,374,0.01154320987654321,22.1390380859375,0.04871794871794872,0.07219251336898395
339,3,35,0,32400,489,0.015092592592592593,14.321063041687012,0.12162162162162163,0.1411042944785276
339,3,35,1,32400,381,0.01175925925925926,16.396326065063477,0.024725274725274724,0.04461942257217848
339,3,35,2,32400,389,0.012006172839506174,19.295629501342773,0.0748663101604278,0.08997429305912596
340,0,1,0,32400,434,0.013395061728395061,15.564516067504883,-1.0,0.18663594470046083
340,0,1,1,32400,393,0.012129629629629629,15.0,-1.0,0.07633587786259542
340,0,1,2,32400,375,0.011574074074074073,15.138666152954102,-1.0,0.06933333333333333
340,0,2,0,32400,415,0.012808641975308642,16.13735008239746,0.1175115207373272,0.14698795180722893
340,0,2,1,32400,365,0.011265432098765432,13.260273933410645,0.043256997455470736,0.057534246575342465
340,0,2,2,32400,374,0.01154320987654321,15.652406692504883,0.04,0.03208556149732621
340,0,3,0,32400,394,0.012160493827160494,12.802030563354492,0.09156626506024096,0.1065989847715736
340,0,3,1,32400,359,0.011080246913580246,10.724233627319336,0.03561643835616438,0.04178272980501393
340,0,3,2,32400,386,0.01191358024691358,10.735751152038574,0.045454545454545456,0.04922279792746114
340,0,4,0,32400,423,0.013055555555555556,11.683215141296387,0.11421319796954314,0.1347517730496454
340,0,4,1,32400,376,0.011604938271604939,14.109042167663574,0.04178272980501393,0.06382978723404255
340,0,4,2,32400,371,0.011450617283950618,16.986522674560547,0.046632124352331605,0.02425876010781671
340,0,5,0,32400,415,0.012808641975308642,13.354217529296875,0.09929078014184398,0.1180722891566265
340,0,5,1,32400,377,0.011635802469135802,11.710875511169434,0.05851063829787234,0.0636604774535809
340,0,5,2,32400,401,0.012376543209876543,10.08478832244873,0.05390835579514825,0.059850374064837904
340,0,6,0,32400,454,0.014012345679012345,14.407488822937012,0.10361445783132531,0.11233480176211454
340,0,6,1,32400,344,0.010617283950617284,15.255813598632812,0.05570291777188329,0.03488372093023256
340,0,6,2,32400,392,0.012098765432098766,11.599489212036133,0.05236907730673317,0.07397959183673469
340,0,7,0,32400,411,0.012685185185185185,17.919708251953125,0.07709251101321586,0.10948905109489052
340,0,7,1,32400,377,0.011635802469135802,18.456233978271484,0.0436046511627907,0.06896551724137931
340,0,7,2,32400,354,0.010925925925925926,17.87005615234375,0.05102040816326531,0.06497175141242938
340,0,8,0,32400,440,0.013580246913580247,15.43863582611084,0.07542579075425791,0.13636363636363635
340,0,8,1,32400,358,0.011049382716049383,13.44972038269043,0.0636604774535809,0.07541899441340782
340,0,8,2,32400,388,0.011975308641975308,13.770618438720703,0.06779661016949153,0.061855670103092786
340,0,9,0,32400,458,0.014135802469135803,10.043668746948242,0.10681818181818181,0.1222707423580786
340,0,9,1,32400,394,0.012160493827160494,10.94162368774414,0.055865921787709494,0.0583756345177665
340,0,9,2,32400,385,0.011882716049382716,10.597402572631836,0.061855670103092786,0.07792207792207792
340,0,10,0,32400,428,0.013209876543209877,13.193924903869629,0.10262008733624454,0.10747663551401869
340,0,10,1,32400,364,0.011234567901234569,14.64011001586914,0.03807106598984772,0.07692307692307693
340,0,10,2,32400,390,0.012037037037037037,15.017949104309082,0.05194805194805195,0.06666666666666667
340,0,11,0,32400,429,0.01324074074074074,10.442891120910645,0.10514018691588785,0.11655011655011654
340,0,11,1,32400,352,0.010864197530864197,11.3125,0.07142857142857142,0.08522727272727272
340,0,11,2,32400,400,0.012345679012345678,7.882499694824219,0.0641025641025641,0.075
340,0,12,0,32400,439,0.013549382716049383,13.284738540649414,0.11655011655011654,0.13439635535307518
340,0,12,1,32400,376,0.011604938271604939,14.388297080993652,0.05965909090909091,0.04521276595744681
340,0,12,2,32400,382,0.011790123456790123,14.240838050842285,0.0675,0.06806282722513089
340,0,13,0,32400,437,0.013487654320987655,14.073225975036621,0.11845102505694761,0.16475972540045766
340,0,13,1,32400,392,0.012098765432098766,10.145407676696777,0.04521276595744681,0.04336734693877551
340,0,13,2,32400,390,0.012037037037037037,12.59487247467041,0.05759162303664921,0.07692307692307693
340,0,14,0,32400,432,0.013333333333333334,10.886573791503906,0.14187643020594964,0.1712962962962963
340,0,14,1,32400,380,0.011728395061728396,8.144737243652344,0.04336734693877551,0.060526315789473685
340,0,14,2,32400,395,0.012191358024691358,9.035443305969238,0.0641025641025641,0.07088607594936709
340,0,15,0,32400,400,0.012345679012345678,15.114999771118164,0.11574074074074074,0.1375
340,0,15,1,32400,370,0.011419753086419753,20.554054260253906,0.03684210526315789,0.07027027027027027
340,0,15,2,32400,397,0.012253086419753086,10.21914291381836,0.04810126582278481,0.08060453400503778
340,0,16,0,32400,415,0.012808641975308642,9.067469596862793,0.1375,0.1710843373493976
340,0,16,1,32400,362,0.01117283950617284,8.91712760925293,0.043243243243243246,0.058011049723756904
340,0,16,2,32400,333,0.010277777777777778,8.873873710632324,0.05037783375314862,0.06306306306306306
340,0,17,0,32400,452,0.013950617283950617,12.36061954498291,0.12048192771084337,0.10398230088495575
340,0,17,1,32400,396,0.012222222222222223,10.073232650756836,0.04696132596685083,0.0707070707070707
340,0,17,2,32400,398,0.012283950617283951,11.097990036010742,0.042042042042042045,0.035175879396984924
340,0,18,0,32400,412,0.01271604938271605,12.245145797729492,0.09070796460176991,0.09223300970873786
340,0,18,1,32400,329,0.01015432098765432,14.279635429382324,0.047979797979797977,0.0851063829787234
340,0,18,2,32400,399,0.012314814814814815,13.072681427001953,0.04271356783919598,0.07518796992481203
340,0,19,0,32400,431,0.013302469135802469,18.22970199584961,0.11165048543689321,0.14153132250580047
340,0,19,1,32400,353,0.010895061728395062,13.623230934143066,0.0547112462006079,0.053824362606232294
340,0,19,2,32400,352,0.010864197530864197,10.099432945251465,0.047619047619047616,0.0625
340,0,20,0,32400,436,0.01345679012345679,19.513761520385742,0.10904872389791183,0.11926605504587157
340,0,20,1,32400,358,0.011049382716049383,17.958099365234375,0.039660056657223795,0.04748603351955307
340,0,20,2,32400,383,0.011820987654320988,12.120104789733887,0.056818181818181816,0.0731070496083551
340,0,21,0,32400,429,0.01324074074074074,12.268065452575684,0.12385321100917432,0.16083916083916083
340,0,21,1,32400,355,0.010956790123456791,10.822534561157227,0.04748603351955307,0.059154929577464786
340,0,21,2,32400,376,0.011604938271604939,8.609042167663574,0.06527415143603134,0.10638297872340426
340,0,22,0,32400,462,0.01425925925925926,15.164502143859863,0.14685314685314685,0.1277056277056277
340,0,22,1,32400,382,0.011790123456790123,14.290575981140137,0.05070422535211268,0.06282722513089005
340,0,22,2,32400,392,0.012098765432098766,12.673469543457031,0.06648936170212766,0.08673469387755102
340,0,23,0,32400,469,0.014475308641975309,10.81236743927002,0.12337662337662338,0.1535181236673774
340,0,23,1,32400,362,0.01117283950617284,10.132596969604492,0.049738219895287955,0.08287292817679558
340,0,23,2,32400,378,0.011666666666666667,9.920634269714355,0.05612244897959184,0.06349206349206349
340,0,24,0,32400,472,0.014567901234567901,11.046609878540039,0.1535181236673774,0.15466101694915255
340,0,24,1,32400,415,0.012808641975308642,12.898795127868652,0.049723756906077346,0.05542168674698795
340,0,24,2,32400,432,0.013333333333333334,11.967592239379883,0.082010582010582,0.09490740740740741
340,0,25,0,32400,473,0.014598765432098766,10.53699779510498,0.13771186440677965,0.13953488372093023
340,0,25,1,32400,386,0.01191358024691358,9.580310821533203,0.05542168674698795,0.08549222797927461
340,0,25,2,32400,404,0.012469135802469136,8.289604187011719,0.0787037037037037,0.07920792079207921
340,0,26,0,32400,420,0.012962962962962963,7.909523963928223,0.11627906976744186,0.11904761904761904
340,0,26,1,32400,379,0.01169753086419753,9.05540943145752,0.06735751295336788,0.079155672823219
340,0,26,2,32400,419,0.0129320987654321,8.56324577331543,0.07425742574257425,0.06921241050119331
340,0,27,0,32400,458,0.014135802469135803,16.11135482788086,0.13095238095238096,0.1572052401746725
340,0,27,1,32400,350,0.010802469135802469,10.868571281433105,0.023746701846965697,0.02857142857142857
340,0,27,2,32400,400,0.012345679012345678,15.889999389648438,0.07159904534606205,0.0975
340,0,28,0,32400,436,0.01345679012345679,8.805045127868652,0.14192139737991266,0.1720183486238532
340,0,28,1,32400,388,0.011975308641975308,7.231958389282227,0.02857142857142857,0.03350515463917526
340,0,28,2,32400,385,0.011882716049382716,8.319479942321777,0.06,0.10649350649350649
340,0,29,0,32400,466,0.014382716049382717,8.656652450561523,0.13761467889908258,0.13948497854077252
340,0,29,1,32400,345,0.010648148148148148,8.660869598388672,0.030927835051546393,0.043478260869565216
340,0,29,2,32400,407,0.012561728395061728,9.388206481933594,0.07532467532467532,0.10073710073710074
340,0,30,0,32400,464,0.014320987654320988,23.961206436157227,0.11373390557939914,0.16810344827586207
340,0,30,1,32400,361,0.011141975308641975,13.135733604431152,0.03768115942028986,0.0332409972299169
340,0,30,2,32400,397,0.012253086419753086,28.785892486572266,0.05405405405405406,0.10327455919395466
340,0,31,0,32400,458,0.014135802469135803,12.037117958068848,0.1206896551724138,0.13973799126637554
340,0,31,1,32400,327,0.010092592592592592,15.831805229187012,0.0332409972299169,0.03363914373088685
340,0,31,2,32400,378,0.011666666666666667,14.034391403198242,0.07052896725440806,0.11375661375661375
340,0,32,0,32400,470,0.014506172839506172,20.770214080810547,0.13537117903930132,0.15319148936170213
340,0,32,1,32400,360,0.011111111111111112,15.113889694213867,0.027522935779816515,0.03333333333333333
340,0,32,2,32400,402,0.012407407407407407,24.815921783447266,0.07936507936507936,0.09701492537313433
340,0,33,0,32400,427,0.013179012345679012,37.65573501586914,0.11914893617021277,0.1358313817330211
340,0,33,1,32400,342,0.010555555555555556,26.953216552734375,0.022222222222222223,0.04678362573099415
340,0,33,2,32400,411,0.012685185185185185,19.746957778930664,0.04975124378109453,0.07785888077858881
340,0,34,0,32400,448,0.013827160493827161,17.71428680419922,0.12646370023419204,0.15178571428571427
340,0,34,1,32400,370,0.011419753086419753,14.66756820678711,0.02631578947368421,0.04594594594594595
340,0,34,2,32400,370,0.011419753086419753,19.62162208557129,0.06326034063260341,0.0945945945945946
340,0,35,0,32400,455,0.01404320987654321,22.479122161865234,0.15178571428571427,0.1956043956043956
340,0,35,1,32400,383,0.011820987654320988,27.03133201599121,0.05945945945945946,0.09138381201044386
340,0,35,2,32400,408,0.012592592592592593,26.203432083129883,0.06756756756756757,0.09803921568627451
340,1,1,0,32400,452,0.013950617283950617,17.99778938293457,-1.0,0.1747787610619469
340,1,1,1,32400,375,0.011574074074074073,17.354665756225586,-1.0,0.08
340,1,1,2,32400,415,0.012808641975308642,17.171085357666016,-1.0,0.05542168674698795
340,1,2,0,32400,435,0.013425925925925926,17.20689582824707,0.1172566371681416,0.14482758620689656
340,1,2,1,32400,375,0.011574074074074073,17.423999786376953,0.058666666666666666,0.05333333333333334
340,1,2,2,32400,389,0.012006172839506174,17.473007202148438,0.04096385542168675,0.03598971722365039
340,1,3,0,32400,415,0.012808641975308642,11.371084213256836,0.09195402298850575,0.10843373493975904
340,1,3,1,32400,378,0.011666666666666667,10.145502090454102,0.032,0.05026455026455026
340,1,3,2,32400,407,0.012561728395061728,8.707616806030273,0.04884318766066838,0.04668304668304668
340,1,4,0,32400,422,0.013024691358024691,14.53554630279541,0.11566265060240964,0.12085308056872038
340,1,4,1,32400,318,0.009814814814814814,14.56603717803955,0.03439153439153439,0.06289308176100629
340,1,4,2,32400,358,0.011049382716049383,10.053071975708008,0.0343980343980344,0.03910614525139665
340,1,5,0,32400,437,0.013487654320987655,14.274599075317383,0.10426540284360189,0.11212814645308924
340,1,5,1,32400,349,0.010771604938271605,15.69340991973877,0.05660377358490566,0.04871060171919771
340,1,5,2,32400,374,0.01154320987654321,9.577540397644043,0.061452513966480445,0.06149732620320856
340,1,6,0,32400,452,0.013950617283950617,19.40486717224121,0.10068649885583524,0.1172566371681416
340,1,6,1,32400,373,0.011512345679012345,15.490616798400879,0.04871060171919771,0.045576407506702415
340,1,6,2,32400,374,0.01154320987654321,21.994653701782227,0.053475935828877004,0.06951871657754011
340,1,7,0,32400,404,0.012469135802469136,20.430694580078125,0.08185840707964602,0.08663366336633663
340,1,7,1,32400,371,0.011450617283950618,18.530996322631836,0.05630026809651475,0.05929919137466307
340,1,7,2,32400,387,0.011944444444444445,20.935401916503906,0.05614973262032086,0.06459948320413436
340,1,8,0,32400,430,0.013271604938271606,12.669767379760742,0.0891089108910891,0.12093023255813953
340,1,8,1,32400,349,0.010771604938271605,17.186246871948242,0.05390835579514825,0.06876790830945559
340,1,8,2,32400,402,0.012407407407407407,14.641790390014648,0.05426356589147287,0.08955223880597014
340,1,9,0,32400,422,0.013024691358024691,9.893364906311035,0.11395348837209303,0.12322274881516587
340,1,9,1,32400,350,0.010802469135802469,10.34000015258789,0.05157593123209169,0.054285714285714284
340,1,9,2,32400,396,0.012222222222222223,9.606060981750488,0.05721393034825871,0.07323232323232323
340,1,10,0,32400,440,0.013580246913580247,12.031817436218262,0.11611374407582939,0.09772727272727273
340,1,10,1,32400,367,0.01132716049382716,17.501361846923828,0.037142857142857144,0.05994550408719346
340,1,10,2,32400,353,0.010895061728395062,11.648725509643555,0.047979797979797977,0.053824362606232294
340,1,11,0,32400,410,0.012654320987654321,8.890243530273438,0.10681818181818181,0.13902439024390245
340,1,11,1,32400,392,0.012098765432098766,9.97704029083252,0.0681198910081744,0.06887755102040816
340,1,11,2,32400,346,0.010679012345679013,9.26878547668457,0.056657223796033995,0.06358381502890173
340,1,12,0,32400,441,0.01361111111111111,14.4036283493042,0.12439024390243902,0.14965986394557823
340,1,12,1,32400,382,0.011790123456790123,11.070680618286133,0.04846938775510204,0.04712041884816754
340,1,12,2,32400,392,0.012098765432098766,11.89285659790039,0.06936416184971098,0.09183673469387756
340,1,13,0,32400,447,0.013796296296296296,15.46084976196289,0.12018140589569161,0.17225950782997762
340,1,13,1,32400,370,0.011419753086419753,15.654054641723633,0.04450261780104712,0.04594594594594595
340,1,13,2,32400,376,0.011604938271604939,10.06382942199707,0.04846938775510204,0.07446808510638298
340,1,14,0,32400,425,0.013117283950617283,12.679999351501465,0.14093959731543623,0.17176470588235293
340,1,14,1,32400,362,0.01117283950617284,9.444751739501953,0.04864864864864865,0.06906077348066299
340,1,14,2,32400,399,0.012314814814814815,8.04010009765625,0.07712765957446809,0.08771929824561403
340,1,15,0,32400,432,0.013333333333333334,15.407407760620117,0.13411764705882354,0.12731481481481483
340,1,15,1,32400,339,0.010462962962962962,14.581120491027832,0.03314917127071823,0.05604719764011799
340,1,15,2,32400,391,0.0120679012345679,12.81585693359375,0.047619047619047616,0.07672634271099744
340,1,16,0,32400,417,0.01287037037037037,9.05275821685791,0.12962962962962962,0.1630695443645084
340,1,16,1,32400,349,0.010771604938271605,8.467048645019531,0.04424778761061947,0.05730659025787966
340,1,16,2,32400,359,0.011080246913580246,8.89693546295166,0.05370843989769821,0.06128133704735376
340,1,17,0,32400,405,0.0125,13.644445419311523,0.12470023980815348,0.1111111111111111
340,1,17,1,32400,366,0.011296296296296296,11.319671630859375,0.05157593123209169,0.07923497267759563
340,1,17,2,32400,361,0.011141975308641975,11.529085159301758,0.036211699164345405,0.04155124653739612
340,1,18,0,32400,419,0.0129320987654321,12.744630813598633,0.1037037037037037,0.09307875894988067
340,1,18,1,32400,358,0.011049382716049383,11.893854141235352,0.06284153005464481,0.061452513966480445
340,1,18,2,32400,398,0.012283950617283951,9.967336654663086,0.04709141274238227,0.08793969849246232
340,1,19,0,32400,437,0.013487654320987655,12.784897804260254,0.1026252983293556,0.14187643020594964
340,1,19,1,32400,340,0.010493827160493827,9.817646980285645,0.04748603351955307,0.052941176470588235
340,1,19,2,32400,381,0.01175925925925926,16.40682601928711,0.04271356783919598,0.04461942257217848
340,1,20,0,32400,436,0.01345679012345679,19.577980041503906,0.10297482837528604,0.11238532110091744
340,1,20,1,32400,383,0.011820987654320988,13.391645431518555,0.05,0.05483028720626632
340,1,20,2,32400,360,0.011111111111111112,17.70833396911621,0.049868766404199474,0.07222222222222222
340,1,21,0,32400,431,0.013302469135802469,13.475637435913086,0.13073394495412843,0.1531322505800464
340,1,21,1,32400,395,0.012191358024691358,11.802532196044922,0.044386422976501305,0.05822784810126582
340,1,21,2,32400,400,0.012345679012345678,10.710000038146973,0.075,0.1
340,1,22,0,32400,471,0.014537037037037038,14.418259620666504,0.14617169373549885,0.12951167728237792
340,1,22,1,32400,377,0.011635802469135802,13.960211753845215,0.060759493670886074,0.0636604774535809
340,1,22,2,32400,371,0.011450617283950618,11.288409233093262,0.0625,0.0862533692722372
340,1,23,0,32400,461,0.014228395061728395,9.947938919067383,0.11889596602972399,0.1475054229934924
340,1,23,1,32400,356,0.010987654320987654,8.808988571166992,0.058355437665782495,0.0898876404494382
340,1,23,2,32400,405,0.0125,8.782716751098633,0.05929919137466307,0.06172839506172839
340,1,24,0,32400,464,0.014320987654320988,12.040947914123535,0.14967462039045554,0.16810344827586207
340,1,24,1,32400,367,0.01132716049382716,10.975476264953613,0.05898876404494382,0.05994550408719346
340,1,24,2,32400,398,0.012283950617283951,8.711054801940918,0.07901234567901234,0.09045226130653267
340,1,25,0,32400,436,0.01345679012345679,9.178898811340332,0.13793103448275862,0.16055045871559634
340,1,25,1,32400,388,0.011975308641975308,9.53865909576416,0.05994550408719346,0.09020618556701031
340,1,25,2,32400,417,0.01287037037037037,9.460432052612305,0.07788944723618091,0.07913669064748201
340,1,26,0,32400,437,0.013487654320987655,8.55148696899414,0.12614678899082568,0.12814645308924486
340,1,26,1,32400,381,0.01175925925925926,9.149606704711914,0.06958762886597938,0.07349081364829396
340,1,26,2,32400,391,0.0120679012345679,8.754475593566895,0.05995203836930456,0.056265984654731455
340,1,27,0,32400,431,0.013302469135802469,16.39211082458496,0.12585812356979406,0.16937354988399073
340,1,27,1,32400,347,0.010709876543209877,14.314120292663574,0.026246719160104987,0.023054755043227664
340,1,27,2,32400,383,0.011820987654320988,15.94778060913086,0.0741687979539642,0.09138381201044386
340,1,28,0,32400,409,0.012623456790123456,8.261613845825195,0.1345707656612529,0.19315403422982885
340,1,28,1,32400,361,0.011141975308641975,8.285318374633789,0.02881844380403458,0.024930747922437674
340,1,28,2,32400,365,0.011265432098765432,7.353425025939941,0.06005221932114883,0.09863013698630137
340,1,29,0,32400,441,0.01361111111111111,9.328798294067383,0.15158924205378974,0.1473922902494331
340,1,29,1,32400,380,0.011728395061728396,8.976316452026367,0.04986149584487535,0.039473684210526314
340,1,29,2,32400,405,0.0125,9.09876537322998,0.08493150684931507,0.11358024691358025
340,1,30,0,32400,433,0.013364197530864198,16.651269912719727,0.13151927437641722,0.18013856812933027
340,1,30,1,32400,362,0.01117283950617284,18.198896408081055,0.03684210526315789,0.04419889502762431
340,1,30,2,32400,382,0.011790123456790123,27.651832580566406,0.05925925925925926,0.08900523560209424
340,1,31,0,32400,432,0.013333333333333334,11.865740776062012,0.12240184757505773,0.125
340,1,31,1,32400,340,0.010493827160493827,15.273530006408691,0.03314917127071823,0.01764705882352941
340,1,31,2,32400,387,0.011944444444444445,11.932816505432129,0.08115183246073299,0.10335917312661498
340,1,32,0,32400,483,0.014907407407407407,19.902694702148438,0.12731481481481483,0.15942028985507245
340,1,32,1,32400,339,0.010462962962962962,17.87610626220703,0.03529411764705882,0.02654867256637168
340,1,32,2,32400,388,0.011975308641975308,25.98196029663086,0.09043927648578812,0.10051546391752578
340,1,33,0,32400,428,0.013209876543209877,21.14252281188965,0.11594202898550725,0.13551401869158877
340,1,33,1,32400,353,0.010895061728395062,34.626060485839844,0.02654867256637168,0.039660056657223795
340,1,33,2,32400,361,0.011141975308641975,29.277008056640625,0.04381443298969072,0.07479224376731301
340,1,34,0,32400,442,0.013641975308641975,19.766969680786133,0.12149532710280374,0.1583710407239819
340,1,34,1,32400,373,0.011512345679012345,18.150135040283203,0.025495750708215296,0.040214477211796246
340,1,34,2,32400,373,0.011512345679012345,19.96782875061035,0.06925207756232687,0.08310991957104558
340,1,35,0,32400,455,0.01404320987654321,23.10549545288086,0.14479638009049775,0.1956043956043956
340,1,35,1,32400,377,0.011635802469135802,18.16180419921875,0.05093833780160858,0.06896551724137931
340,1,35,2,32400,352,0.010864197530864197,26.053977966308594,0.06166219839142091,0.09943181818181818
340,2,1,0,32400,450,0.013888888888888888,15.771111488342285,-1.0,0.18666666666666668
340,2,1,1,32400,360,0.011111111111111112,15.555556297302246,-1.0,0.07777777777777778
340,2,1,2,32400,375,0.011574074074074073,12.62933349609375,-1.0,0.08
340,2,2,0,32400,413,0.012746913580246913,17.951574325561523,0.11555555555555555,0.13559322033898305
340,2,2,1,32400,372,0.011481481481481481,17.71505355834961,0.05,0.053763440860215055
340,2,2,2,32400,380,0.011728395061728396,14.689474105834961,0.042666666666666665,0.039473684210526314
340,2,3,0,32400,400,0.012345679012345678,10.91249942779541,0.09927360774818401,0.125
340,2,3,1,32400,356,0.010987654320987654,10.713482856750488,0.03225806451612903,0.05337078651685393
340,2,3,2,32400,359,0.011080246913580246,9.715877532958984,0.03684210526315789,0.04735376044568245
340,2,4,0,32400,402,0.012407407407407407,14.014925003051758,0.115,0.11691542288557213
340,2,4,1,32400,330,0.010185185185185186,12.7757568359375,0.03932584269662921,0.06060606060606061
340,2,4,2,32400,361,0.011141975308641975,11.182825088500977,0.04178272980501393,0.04155124653739612
340,2,5,0,32400,397,0.012253086419753086,10.108311653137207,0.1044776119402985,0.12342569269521411
340,2,5,1,32400,346,0.010679012345679013,20.306358337402344,0.05454545454545454,0.04046242774566474
340,2,5,2,32400,381,0.01175925925925926,15.587926864624023,0.0443213296398892,0.05774278215223097
340,2,6,0,32400,395,0.012191358024691358,23.820253372192383,0.10579345088161209,0.1468354430379747
340,2,6,1,32400,372,0.011481481481481481,21.99193572998047,0.05202312138728324,0.051075268817204304
340,2,6,2,32400,379,0.01169753086419753,15.39577865600586,0.047244094488188976,0.06860158311345646
340,2,7,0,32400,416,0.012839506172839505,17.242788314819336,0.09113924050632911,0.0889423076923077
340,2,7,1,32400,331,0.01021604938271605,19.359516143798828,0.0456989247311828,0.05740181268882175
340,2,7,2,32400,394,0.012160493827160494,20.147207260131836,0.055408970976253295,0.06091370558375635
340,2,8,0,32400,441,0.01361111111111111,14.342403411865234,0.08413461538461539,0.13151927437641722
340,2,8,1,32400,364,0.011234567901234569,16.233516693115234,0.06948640483383686,0.07142857142857142
340,2,8,2,32400,392,0.012098765432098766,14.13520336151123,0.0532994923857868,0.07653061224489796
340,2,9,0,32400,426,0.013148148148148148,9.356807708740234,0.10884353741496598,0.12206572769953052
340,2,9,1,32400,358,0.011049382716049383,9.804469108581543,0.06043956043956044,0.05865921787709497
340,2,9,2,32400,395,0.012191358024691358,11.0050630569458,0.05357142857142857,0.06582278481012659
340,2,10,0,32400,437,0.013487654320987655,14.796338081359863,0.10328638497652583,0.09839816933638444
340,2,10,1,32400,383,0.011820987654320988,13.326371192932129,0.03910614525139665,0.06527415143603134
340,2,10,2,32400,397,0.012253086419753086,12.16624641418457,0.04810126582278481,0.04785894206549118
340,2,11,0,32400,441,0.01361111111111111,9.369614601135254,0.10526315789473684,0.1292517006802721
340,2,11,1,32400,365,0.011265432098765432,8.816438674926758,0.08093994778067885,0.07671232876712329
340,2,11,2,32400,412,0.01271604938271605,9.118931770324707,0.05793450881612091,0.07281553398058252
340,2,12,0,32400,455,0.01404320987654321,13.19120979309082,0.12018140589569161,0.13846153846153847
340,2,12,1,32400,393,0.012129629629629629,12.58015251159668,0.057534246575342465,0.04580152671755725
340,2,12,2,32400,389,0.012006172839506174,12.393316268920898,0.07524271844660194,0.07455012853470437
340,2,13,0,32400,426,0.013148148148148148,15.352112770080566,0.10989010989010989,0.1619718309859155
340,2,13,1,32400,349,0.010771604938271605,15.458453178405762,0.043256997455470736,0.0659025787965616
340,2,13,2,32400,386,0.01191358024691358,12.015543937683105,0.05141388174807198,0.06476683937823834
340,2,14,0,32400,404,0.012469135802469136,10.782177925109863,0.14084507042253522,0.1806930693069307
340,2,14,1,32400,373,0.011512345679012345,9.560321807861328,0.04011461318051576,0.07238605898123325
340,2,14,2,32400,398,0.012283950617283951,9.417085647583008,0.06476683937823834,0.08040201005025126
340,2,15,0,32400,430,0.013271604938271606,13.313953399658203,0.12623762376237624,0.14418604651162792
340,2,15,1,32400,354,0.010925925925925926,15.327683448791504,0.029490616621983913,0.0480225988700565
340,2,15,2,32400,383,0.011820987654320988,15.383811950683594,0.04522613065326633,0.08093994778067885
340,2,16,0,32400,438,0.013518518518518518,9.700912475585938,0.13023255813953488,0.17579908675799086
340,2,16,1,32400,355,0.010956790123456791,8.569013595581055,0.059322033898305086,0.04507042253521127
340,2,16,2,32400,353,0.010895061728395062,8.33144474029541,0.05221932114882506,0.056657223796033995
340,2,17,0,32400,433,0.013364197530864198,11.919168472290039,0.1324200913242009,0.11778290993071594
340,2,17,1,32400,374,0.01154320987654321,9.454545974731445,0.03380281690140845,0.0855614973262032
340,2,17,2,32400,364,0.011234567901234569,11.969780921936035,0.036827195467422094,0.04120879120879121
340,2,18,0,32400,426,0.013148148148148148,12.833333969116211,0.09468822170900693,0.09389671361502347
340,2,18,1,32400,379,0.01169753086419753,14.73351001739502,0.058823529411764705,0.0712401055408971
340,2,18,2,32400,399,0.012314814814814815,11.350876808166504,0.04395604395604396,0.07518796992481203
340,2,19,0,32400,419,0.0129320987654321,13.921242713928223,0.1056338028169014,0.14081145584725538
340,2,19,1,32400,348,0.01074074074074074,13.864943504333496,0.047493403693931395,0.05747126436781609
340,2,19,2,32400,348,0.01074074074074074,16.45977210998535,0.03759398496240601,0.05747126436781609
340,2,20,0,32400,425,0.013117283950617283,17.31058692932129,0.11455847255369929,0.08941176470588236
340,2,20,1,32400,373,0.011512345679012345,13.415550231933594,0.04885057471264368,0.04825737265415549
340,2,20,2,32400,372,0.011481481481481481,13.838709831237793,0.05172413793103448,0.07795698924731183
340,2,21,0,32400,465,0.014351851851851852,14.032258033752441,0.13176470588235295,0.15053763440860216
340,2,21,1,32400,339,0.010462962962962962,10.89085578918457,0.04289544235924933,0.058997050147492625
340,2,21,2,32400,379,0.01169753086419753,13.31662368774414,0.06720430107526881,0.10026385224274406
340,2,22,0,32400,449,0.013858024691358025,13.853007316589355,0.14193548387096774,0.14253897550111358
340,2,22,1,32400,353,0.010895061728395062,12.388101577758789,0.05309734513274336,0.06232294617563739
340,2,22,2,32400,375,0.011574074074074073,12.410666465759277,0.06068601583113457,0.10133333333333333
340,2,23,0,32400,438,0.013518518518518518,10.94292163848877,0.12249443207126949,0.14840182648401826
340,2,23,1,32400,374,0.01154320987654321,9.778075218200684,0.0679886685552408,0.06951871657754011
340,2,23,2,32400,403,0.012438271604938272,10.337469100952148,0.064,0.06947890818858561
340,2,24,0,32400,474,0.01462962962962963,10.527425765991211,0.1643835616438356,0.15822784810126583
340,2,24,1,32400,345,0.010648148148148148,11.631884574890137,0.0481283422459893,0.06086956521739131
340,2,24,2,32400,370,0.011419753086419753,10.789189338684082,0.08188585607940446,0.1
340,2,25,0,32400,427,0.013179012345679012,10.243558883666992,0.1371308016877637,0.16627634660421545
340,2,25,1,32400,377,0.011635802469135802,8.283819198608398,0.06086956521739131,0.07692307692307693
340,2,25,2,32400,377,0.011635802469135802,9.48806381225586,0.08648648648648649,0.11140583554376658
340,2,26,0,32400,422,0.013024691358024691,8.627962112426758,0.1288056206088993,0.12559241706161137
340,2,26,1,32400,369,0.01138888888888889,8.983739852905273,0.0610079575596817,0.07859078590785908
340,2,26,2,32400,374,0.01154320987654321,8.949197769165039,0.07161803713527852,0.05614973262032086
340,2,27,0,32400,445,0.013734567901234567,17.494382858276367,0.13033175355450238,0.14382022471910114
340,2,27,1,32400,308,0.009506172839506173,21.740259170532227,0.04065040650406504,0.025974025974025976
340,2,27,2,32400,366,0.011296296296296296,10.614753723144531,0.06149732620320856,0.07103825136612021
340,2,28,0,32400,445,0.013734567901234567,8.042696952819824,0.12808988764044943,0.1797752808988764
340,2,28,1,32400,343,0.01058641975308642,9.358600616455078,0.03571428571428571,0.04956268221574344
340,2,28,2,32400,378,0.011666666666666667,7.8333330154418945,0.06557377049180328,0.10582010582010581
340,2,29,0,32400,422,0.013024691358024691,9.180094718933105,0.14157303370786517,0.15639810426540285
340,2,29,1,32400,365,0.011265432098765432,9.460274696350098,0.03206997084548105,0.024657534246575342
340,2,29,2,32400,384,0.011851851851851851,8.471354484558105,0.0873015873015873,0.1015625
340,2,30,0,32400,461,0.014228395061728395,24.932754516601562,0.13033175355450238,0.16268980477223427
340,2,30,1,32400,349,0.010771604938271605,19.727794647216797,0.049315068493150684,0.045845272206303724
340,2,30,2,32400,410,0.012654320987654321,25.970733642578125,0.0625,0.0975609756097561
340,2,31,0,32400,428,0.013209876543209877,11.429905891418457,0.11496746203904555,0.13551401869158877
340,2,31,1,32400,367,0.01132716049382716,10.302452087402344,0.03151862464183381,0.0326975476839237
340,2,31,2,32400,397,0.012253086419753086,12.259445190429688,0.07317073170731707,0.11586901763224182
340,2,32,0,32400,431,0.013302469135802469,16.844547271728516,0.1261682242990654,0.1716937354988399
340,2,32,1,32400,363,0.011203703703703704,21.60055160522461,0.02452316076294278,0.030303030303030304
340,2,32,2,32400,401,0.012376543209876543,15.15710735321045,0.07556675062972293,0.08728179551122195
340,2,33,0,32400,438,0.013518518518518518,30.78995132446289,0.12296983758700696,0.12557077625570776
340,2,33,1,32400,361,0.011141975308641975,21.379501342773438,0.013774104683195593,0.06371191135734072
340,2,33,2,32400,382,0.011790123456790123,29.078535079956055,0.04488778054862843,0.07591623036649214
340,2,34,0,32400,484,0.01493827160493827,19.754131317138672,0.136986301369863,0.14049586776859505
340,2,34,1,32400,359,0.011080246913580246,15.303621292114258,0.027700831024930747,0.033426183844011144
340,2,34,2,32400,374,0.01154320987654321,18.382352828979492,0.07329842931937172,0.0855614973262032
340,2,35,0,32400,451,0.013919753086419753,21.882482528686523,0.14049586776859505,0.2039911308203991
340,2,35,1,32400,368,0.011358024691358024,20.399456024169922,0.04456824512534819,0.07608695652173914
340,2,35,2,32400,374,0.01154320987654321,31.082887649536133,0.053475935828877004,0.09893048128342247
340,3,1,0,32400,438,0.013518518518518518,17.557077407836914,-1.0,0.17579908675799086
340,3,1,1,32400,368,0.011358024691358024,14.8804349899292,-1.0,0.07880434782608696
340,3,1,2,32400,377,0.011635802469135802,12.498673439025879,-1.0,0.06896551724137931
340,3,2,0,32400,435,0.013425925925925926,20.618391036987305,0.12557077625570776,0.14022988505747128
340,3,2,1,32400,341,0.01052469135802469,16.463342666625977,0.051630434782608696,0.05571847507331378
340,3,2,2,32400,382,0.011790123456790123,16.293193817138672,0.05570291777188329,0.04450261780104712
340,3,3,0,32400,440,0.013580246913580247,9.977272033691406,0.08505747126436781,0.11818181818181818
340,3,3,1,32400,333,0.010277777777777778,11.561561584472656,0.03225806451612903,0.04804804804804805
340,3,3,2,32400,376,0.011604938271604939,11.361701965332031,0.04712041884816754,0.05053191489361702
340,3,4,0,32400,442,0.013641975308641975,14.780543327331543,0.1,0.12895927601809956
340,3,4,1,32400,368,0.011358024691358024,13.154891967773438,0.05105105105105105,0.05434782608695652
340,3,4,2,32400,332,0.010246913580246913,10.996987342834473,0.0398936170212766,0.03614457831325301
340,3,5,0,32400,421,0.012993827160493828,14.99524974822998,0.09728506787330317,0.1187648456057007
340,3,5,1,32400,402,0.012407407407407407,18.592039108276367,0.04619565217391304,0.0472636815920398
340,3,5,2,32400,384,0.011851851851851851,14.317708969116211,0.06325301204819277,0.046875
340,3,6,0,32400,426,0.013148148148148148,17.779342651367188,0.09263657957244656,0.12206572769953052
340,3,6,1,32400,332,0.010246913580246913,16.554216384887695,0.04975124378109453,0.04216867469879518
340,3,6,2,32400,379,0.01169753086419753,20.163589477539062,0.049479166666666664,0.06068601583113457
340,3,7,0,32400,373,0.011512345679012345,15.225201606750488,0.09154929577464789,0.10455764075067024
340,3,7,1,32400,344,0.010617283950617284,27.38372039794922,0.0572289156626506,0.06686046511627906
340,3,7,2,32400,390,0.012037037037037037,14.017949104309082,0.05804749340369393,0.0641025641025641
340,3,8,0,32400,433,0.013364197530864198,12.108545303344727,0.09919571045576407,0.11778290993071594
340,3,8,1,32400,372,0.011481481481481481,14.158601760864258,0.06395348837209303,0.07258064516129033
340,3,8,2,32400,373,0.011512345679012345,13.517426490783691,0.05128205128205128,0.07506702412868632
340,3,9,0,32400,431,0.013302469135802469,9.916473388671875,0.10854503464203233,0.1345707656612529
340,3,9,1,32400,394,0.012160493827160494,9.631979942321777,0.056451612903225805,0.06852791878172589
340,3,9,2,32400,368,0.011358024691358024,9.573369979858398,0.05361930294906166,0.07880434782608696
340,3,10,0,32400,407,0.012561728395061728,13.240785598754883,0.09744779582366589,0.10565110565110565
340,3,10,1,32400,330,0.010185185185185186,12.969696998596191,0.03807106598984772,0.08181818181818182
340,3,10,2,32400,379,0.01169753086419753,11.208443641662598,0.059782608695652176,0.05804749340369393
340,3,11,0,32400,445,0.013734567901234567,9.035955429077148,0.10810810810810811,0.11235955056179775
340,3,11,1,32400,354,0.010925925925925926,9.245762825012207,0.07878787878787878,0.0847457627118644
340,3,11,2,32400,387,0.011944444444444445,8.05684757232666,0.05804749340369393,0.07235142118863049
340,3,12,0,32400,435,0.013425925925925926,19.80229949951172,0.10561797752808989,0.14942528735632185
340,3,12,1,32400,410,0.012654320987654321,13.251219749450684,0.05084745762711865,0.06097560975609756
340,3,12,2,32400,392,0.012098765432098766,10.451530456542969,0.07493540051679587,0.06377551020408163
340,3,13,0,32400,411,0.012685185185185185,12.627737045288086,0.12413793103448276,0.17274939172749393
340,3,13,1,32400,359,0.011080246913580246,15.910862922668457,0.04390243902439024,0.04456824512534819
340,3,13,2,32400,356,0.010987654320987654,15.334269523620605,0.04336734693877551,0.06741573033707865
340,3,14,0,32400,452,0.013950617283950617,10.4557523727417,0.15085158150851583,0.18141592920353983
340,3,14,1,32400,372,0.011481481481481481,11.080645561218262,0.052924791086350974,0.06451612903225806
340,3,14,2,32400,414,0.012777777777777779,9.594202995300293,0.07303370786516854,0.07004830917874397
340,3,15,0,32400,437,0.013487654320987655,12.645308494567871,0.11946902654867257,0.14416475972540047
340,3,15,1,32400,372,0.011481481481481481,17.147850036621094,0.02956989247311828,0.056451612903225805
340,3,15,2,32400,403,0.012438271604938272,17.173696517944336,0.04830917874396135,0.07444168734491315
340,3,16,0,32400,429,0.01324074074074074,9.26340389251709,0.12585812356979406,0.14219114219114218
340,3,16,1,32400,351,0.010833333333333334,10.341879844665527,0.043010752688172046,0.05698005698005698
340,3,16,2,32400,343,0.01058641975308642,6.411078929901123,0.04962779156327544,0.052478134110787174
340,3,17,0,32400,412,0.01271604938271605,11.3640775680542,0.11888111888111888,0.10679611650485436
340,3,17,1,32400,408,0.012592592592592593,12.816177368164062,0.039886039886039885,0.07107843137254902
340,3,17,2,32400,360,0.011111111111111112,10.908333778381348,0.03498542274052478,0.03888888888888889
340,3,18,0,32400,408,0.012592592592592593,13.291666984558105,0.10436893203883495,0.09068627450980392
340,3,18,1,32400,366,0.011296296296296296,12.644808769226074,0.051470588235294115,0.06830601092896176
340,3,18,2,32400,368,0.011358024691358024,12.266304969787598,0.05,0.09239130434782608
340,3,19,0,32400,416,0.012839506172839505,12.372596740722656,0.10784313725490197,0.1346153846153846
340,3,19,1,32400,366,0.011296296296296296,12.461748123168945,0.04918032786885246,0.06557377049180328
340,3,19,2,32400,339,0.010462962962962962,12.333333015441895,0.043478260869565216,0.0471976401179941
340,3,20,0,32400,437,0.013487654320987655,15.869564056396484,0.10336538461538461,0.09382151029748284
340,3,20,1,32400,369,0.01138888888888889,17.184282302856445,0.05191256830601093,0.06233062330623306
340,3,20,2,32400,410,0.012654320987654321,14.612195014953613,0.058997050147492625,0.06829268292682927
340,3,21,0,32400,412,0.01271604938271605,12.594660758972168,0.11899313501144165,0.17233009708737865
340,3,21,1,32400,369,0.01138888888888889,11.585366249084473,0.04607046070460705,0.06233062330623306
340,3,21,2,32400,390,0.012037037037037037,11.123077392578125,0.05853658536585366,0.09230769230769231
340,3,22,0,32400,462,0.01425925925925926,14.432900428771973,0.16262135922330098,0.11904761904761904
340,3,22,1,32400,363,0.011203703703703704,13.851240158081055,0.051490514905149054,0.06060606060606061
340,3,22,2,32400,398,0.012283950617283951,15.16331672668457,0.06666666666666667,0.08542713567839195
340,3,23,0,32400,445,0.013734567901234567,10.020224571228027,0.11904761904761904,0.1550561797752809
340,3,23,1,32400,366,0.011296296296296296,10.904370307922363,0.05785123966942149,0.0546448087431694
340,3,23,2,32400,355,0.010956790123456791,8.433802604675293,0.06281407035175879,0.09014084507042254
340,3,24,0,32400,480,0.014814814814814815,11.908333778381348,0.16404494382022472,0.16458333333333333
340,3,24,1,32400,354,0.010925925925925926,10.353107452392578,0.0546448087431694,0.062146892655367235
340,3,24,2,32400,413,0.012746913580246913,10.496368408203125,0.10140845070422536,0.10411622276029056
340,3,25,0,32400,440,0.013580246913580247,9.913636207580566,0.13541666666666666,0.13863636363636364
340,3,25,1,32400,395,0.012191358024691358,8.853164672851562,0.06779661016949153,0.08354430379746836
340,3,25,2,32400,395,0.012191358024691358,11.156962394714355,0.07990314769975787,0.08354430379746836
340,3,26,0,32400,421,0.012993827160493828,8.282660484313965,0.125,0.10688836104513064
340,3,26,1,32400,372,0.011481481481481481,8.938172340393066,0.06582278481012659,0.06182795698924731
340,3,26,2,32400,380,0.011728395061728396,9.057894706726074,0.07088607594936709,0.07631578947368421
340,3,27,0,32400,440,0.013580246913580247,16.936363220214844,0.13064133016627077,0.16363636363636364
340,3,27,1,32400,350,0.010802469135802469,16.862857818603516,0.03494623655913978,0.025714285714285714
340,3,27,2,32400,358,0.011049382716049383,10.502793312072754,0.060526315789473685,0.07262569832402235
340,3,28,0,32400,472,0.014567901234567901,7.478813648223877,0.13636363636363635,0.1716101694915254
340,3,28,1,32400,362,0.01117283950617284,8.080110549926758,0.03428571428571429,0.03314917127071823
340,3,28,2,32400,410,0.012654320987654321,7.209755897521973,0.07262569832402235,0.11951219512195121
340,3,29,0,32400,437,0.013487654320987655,9.590388298034668,0.13347457627118645,0.16018306636155608
340,3,29,1,32400,350,0.010802469135802469,7.8371429443359375,0.03867403314917127,0.037142857142857144
340,3,29,2,32400,385,0.011882716049382716,8.161038398742676,0.07560975609756097,0.11688311688311688
340,3,30,0,32400,420,0.012962962962962963,19.10714340209961,0.13729977116704806,0.19047619047619047
340,3,30,1,32400,378,0.011666666666666667,21.00264549255371,0.05142857142857143,0.037037037037037035
340,3,30,2,32400,389,0.012006172839506174,23.817480087280273,0.06493506493506493,0.10796915167095116
340,3,31,0,32400,466,0.014382716049382717,11.678112030029297,0.12857142857142856,0.12660944206008584
340,3,31,1,32400,375,0.011574074074074073,13.255999565124512,0.026455026455026454,0.034666666666666665
340,3,31,2,32400,368,0.011358024691358024,12.654891967773438,0.07969151670951156,0.11684782608695653
340,3,32,0,32400,435,0.013425925925925926,20.020689010620117,0.12017167381974249,0.18160919540229886
340,3,32,1,32400,366,0.011296296296296296,20.614755630493164,0.024,0.030054644808743168
340,3,32,2,32400,362,0.01117283950617284,14.450276374816895,0.07608695652173914,0.09944751381215469
340,3,33,0,32400,432,0.013333333333333334,28.953704833984375,0.1310344827586207,0.11342592592592593
340,3,33,1,32400,356,0.010987654320987654,29.879213333129883,0.02459016393442623,0.03932584269662921
340,3,33,2,32400,370,0.011419753086419753,30.200000762939453,0.058011049723756904,0.08108108108108109
340,3,34,0,32400,466,0.014382716049382717,18.083690643310547,0.13425925925925927,0.15879828326180256
340,3,34,1,32400,370,0.011419753086419753,17.078378677368164,0.028089887640449437,0.04864864864864865
340,3,34,2,32400,391,0.0120679012345679,16.519182205200195,0.06756756756756757,0.08951406649616368
340,3,35,0,32400,494,0.015246913580246914,22.971660614013672,0.148068669527897,0.18218623481781376
340,3,35,1,32400,394,0.012160493827160494,18.10152244567871,0.04864864864864865,0.06852791878172589
340,3,35,2,32400,392,0.012098765432098766,21.482141494750977,0.06905370843989769,0.09438775510204081
341,0,1,0,32400,426,0.013148148148148148,17.126760482788086,-1.0,0.15023474178403756
341,0,1,1,32400,386,0.01191358024691358,17.424869537353516,-1.0,0.05181347150259067
341,0,1,2,32400,365,0.011265432098765432,14.238356590270996,-1.0,0.04657534246575343
341,0,2,0,32400,397,0.012253086419753086,12.083123207092285,0.08450704225352113,0.11586901763224182
341,0,2,1,32400,355,0.010956790123456791,11.149295806884766,0.03367875647668394,0.04788732394366197
341,0,2,2,32400,371,0.011450617283950618,11.87331485748291,0.038356164383561646,0.05929919137466307
341,0,3,0,32400,404,0.012469135802469136,11.782177925109863,0.11838790931989925,0.12376237623762376
341,0,3,1,32400,361,0.011141975308641975,13.795013427734375,0.04507042253521127,0.05263157894736842
341,0,3,2,32400,383,0.011820987654320988,12.35509204864502,0.04851752021563342,0.033942558746736295
341,0,4,0,32400,411,0.012685185185185185,9.403892517089844,0.09900990099009901,0.12895377128953772
341,0,4,1,32400,383,0.011820987654320988,17.323760986328125,0.04709141274238227,0.05221932114882506
341,0,4,2,32400,384,0.011851851851851851,17.322917938232422,0.06005221932114883,0.046875
341,0,5,0,32400,423,0.013055555555555556,13.553191184997559,0.10218978102189781,0.13002364066193853
341,0,5,1,32400,370,0.011419753086419753,19.664865493774414,0.06266318537859007,0.062162162162162166
341,0,5,2,32400,407,0.012561728395061728,11.25798511505127,0.052083333333333336,0.0687960687960688
341,0,6,0,32400,450,0.013888888888888888,17.00889015197754,0.09456264775413711,0.08888888888888889
341,0,6,1,32400,350,0.010802469135802469,25.15142822265625,0.05405405405405406,0.054285714285714284
341,0,6,2,32400,391,0.0120679012345679,19.191816329956055,0.05405405405405406,0.07672634271099744
341,0,7,0,32400,420,0.012962962962962963,13.15000057220459,0.06888888888888889,0.1357142857142857
341,0,7,1,32400,383,0.011820987654320988,18.603134155273438,0.054285714285714284,0.0835509138381201
341,0,7,2,32400,359,0.011080246913580246,11.128133773803711,0.05370843989769821,0.06963788300835655
341,0,8,0,32400,447,0.013796296296296296,9.718120574951172,0.10714285714285714,0.12751677852348994
341,0,8,1,32400,357,0.011018518518518518,9.277311325073242,0.06266318537859007,0.05042016806722689
341,0,8,2,32400,374,0.01154320987654321,10.598930358886719,0.06963788300835655,0.06951871657754011
341,0,9,0,32400,443,0.013672839506172839,13.790067672729492,0.09619686800894854,0.09255079006772009
341,0,9,1,32400,396,0.012222222222222223,16.891414642333984,0.0392156862745098,0.06565656565656566
341,0,9,2,32400,383,0.011820987654320988,9.861618995666504,0.058823529411764705,0.04960835509138381
341,0,10,0,32400,438,0.013518518518518518,11.468035697937012,0.10835214446952596,0.1232876712328767
341,0,10,1,32400,364,0.011234567901234569,10.483516693115234,0.06313131313131314,0.09340659340659341
341,0,10,2,32400,396,0.012222222222222223,9.742424011230469,0.05221932114882506,0.07323232323232323
341,0,11,0,32400,437,0.013487654320987655,16.148740768432617,0.1095890410958904,0.12585812356979406
341,0,11,1,32400,352,0.010864197530864197,15.616477966308594,0.04945054945054945,0.056818181818181816
341,0,11,2,32400,405,0.0125,13.041975975036621,0.07575757575757576,0.08888888888888889
341,0,12,0,32400,445,0.013734567901234567,13.582022666931152,0.11899313501144165,0.1707865168539326
341,0,12,1,32400,365,0.011265432098765432,13.408219337463379,0.048295454545454544,0.038356164383561646
341,0,12,2,32400,373,0.011512345679012345,12.34316349029541,0.04691358024691358,0.06166219839142091
341,0,13,0,32400,439,0.013549382716049383,12.03416919708252,0.13258426966292136,0.1662870159453303
341,0,13,1,32400,388,0.011975308641975308,10.077319145202637,0.04657534246575343,0.04639175257731959
341,0,13,2,32400,401,0.012376543209876543,6.628428936004639,0.07238605898123325,0.08229426433915212
341,0,14,0,32400,413,0.012746913580246913,14.29539966583252,0.11617312072892938,0.14769975786924938
341,0,14,1,32400,381,0.01175925925925926,10.089239120483398,0.03608247422680412,0.06299212598425197
341,0,14,2,32400,384,0.011851851851851851,14.255208969116211,0.04987531172069826,0.0703125
341,0,15,0,32400,412,0.01271604938271605,9.118931770324707,0.13559322033898305,0.1553398058252427
341,0,15,1,32400,364,0.011234567901234569,9.395605087280273,0.04461942257217848,0.054945054945054944
341,0,15,2,32400,379,0.01169753086419753,7.949868202209473,0.049479166666666664,0.06068601583113457
341,0,16,0,32400,404,0.012469135802469136,11.98019790649414,0.12378640776699029,0.11386138613861387
341,0,16,1,32400,378,0.011666666666666667,16.119047164916992,0.038461538461538464,0.08994708994708994
341,0,16,2,32400,335,0.010339506172839507,11.194029808044434,0.036939313984168866,0.050746268656716415
341,0,17,0,32400,448,0.013827160493827161,12.895090103149414,0.10148514851485149,0.08482142857142858
341,0,17,1,32400,383,0.011820987654320988,10.725849151611328,0.05555555555555555,0.05221932114882506
341,0,17,2,32400,417,0.01287037037037037,11.522782325744629,0.050746268656716415,0.07194244604316546
341,0,18,0,32400,420,0.012962962962962963,14.304763793945312,0.10267857142857142,0.1357142857142857
341,0,18,1,32400,334,0.010308641975308641,16.21856689453125,0.04177545691906005,0.07784431137724551
341,0,18,2,32400,372,0.011481481481481481,13.629033088684082,0.03117505995203837,0.04838709677419355
341,0,19,0,32400,443,0.013672839506172839,22.674943923950195,0.10476190476190476,0.1038374717832957
341,0,19,1,32400,354,0.010925925925925926,13.098870277404785,0.05089820359281437,0.05084745762711865
341,0,19,2,32400,377,0.011635802469135802,12.039787292480469,0.06182795698924731,0.07427055702917772
341,0,20,0,32400,444,0.013703703703703704,13.277027130126953,0.12641083521444696,0.16891891891891891
341,0,20,1,32400,359,0.011080246913580246,11.208913803100586,0.0480225988700565,0.055710306406685235
341,0,20,2,32400,392,0.012098765432098766,10.341836929321289,0.06896551724137931,0.09183673469387756
341,0,21,0,32400,423,0.013055555555555556,14.914894104003906,0.13513513513513514,0.13238770685579196
341,0,21,1,32400,356,0.010987654320987654,13.733146667480469,0.04735376044568245,0.06460674157303371
341,0,21,2,32400,368,0.011358024691358024,11.543478012084961,0.061224489795918366,0.10054347826086957
341,0,22,0,32400,478,0.014753086419753087,9.713388442993164,0.1347517730496454,0.1506276150627615
341,0,22,1,32400,389,0.012006172839506174,10.246787071228027,0.06179775280898876,0.05912596401028278
341,0,22,2,32400,399,0.012314814814814815,10.443609237670898,0.0625,0.06516290726817042
341,0,23,0,32400,481,0.014845679012345679,11.322245597839355,0.15481171548117154,0.1683991683991684
341,0,23,1,32400,363,0.011203703703703704,10.91735553741455,0.038560411311053984,0.07162534435261708
341,0,23,2,32400,386,0.01191358024691358,10.494818687438965,0.08270676691729323,0.08290155440414508
341,0,24,0,32400,456,0.014074074074074074,9.929824829101562,0.13721413721413722,0.14692982456140352
341,0,24,1,32400,425,0.013117283950617283,9.037646293640137,0.06060606060606061,0.07058823529411765
341,0,24,2,32400,414,0.012777777777777779,9.586956024169922,0.08031088082901554,0.07971014492753623
341,0,25,0,32400,452,0.013950617283950617,7.486725807189941,0.1162280701754386,0.10619469026548672
341,0,25,1,32400,369,0.01138888888888889,8.788618087768555,0.058823529411764705,0.06504065040650407
341,0,25,2,32400,400,0.012345679012345678,9.199999809265137,0.06763285024154589,0.065
341,0,26,0,32400,424,0.01308641975308642,15.30896282196045,0.11946902654867257,0.17688679245283018
341,0,26,1,32400,356,0.010987654320987654,14.042135238647461,0.032520325203252036,0.03089887640449438
341,0,26,2,32400,417,0.01287037037037037,17.00719451904297,0.065,0.08393285371702638
341,0,27,0,32400,473,0.014598765432098766,7.923890113830566,0.14150943396226415,0.16701902748414377
341,0,27,1,32400,359,0.011080246913580246,8.231197357177734,0.028089887640449437,0.03899721448467967
341,0,27,2,32400,403,0.012438271604938272,7.461538314819336,0.07194244604316546,0.11166253101736973
341,0,28,0,32400,412,0.01271604938271605,8.672329902648926,0.14376321353065538,0.1529126213592233
341,0,28,1,32400,393,0.012129629629629629,9.463104248046875,0.036211699164345405,0.030534351145038167
341,0,28,2,32400,389,0.012006172839506174,8.154241561889648,0.07196029776674938,0.10539845758354756
341,0,29,0,32400,489,0.015092592592592593,23.55010223388672,0.13106796116504854,0.14519427402862986
341,0,29,1,32400,342,0.010555555555555556,19.874269485473633,0.030534351145038167,0.05847953216374269
341,0,29,2,32400,408,0.012592592592592593,32.15686798095703,0.06426735218508997,0.0857843137254902
341,0,30,0,32400,448,0.013827160493827161,11.116071701049805,0.1083844580777096,0.13616071428571427
341,0,30,1,32400,358,0.011049382716049383,12.712289810180664,0.03508771929824561,0.01675977653631285
341,0,30,2,32400,399,0.012314814814814815,12.516290664672852,0.0661764705882353,0.11528822055137844
341,0,31,0,32400,487,0.015030864197530865,18.741273880004883,0.12276785714285714,0.15605749486652978
341,0,31,1,32400,321,0.009907407407407408,24.264799118041992,0.030726256983240222,0.03115264797507788
341,0,31,2,32400,380,0.011728395061728396,22.436843872070312,0.07017543859649122,0.10526315789473684
341,0,32,0,32400,441,0.01361111111111111,23.60544204711914,0.11909650924024641,0.11337868480725624
341,0,32,1,32400,366,0.011296296296296296,32.42622756958008,0.018691588785046728,0.05191256830601093
341,0,32,2,32400,382,0.011790123456790123,21.633508682250977,0.05263157894736842,0.06806282722513089
341,0,33,0,32400,449,0.013858024691358025,20.66815185546875,0.13151927437641722,0.17817371937639198
341,0,33,1,32400,345,0.010648148148148148,13.231884956359863,0.02185792349726776,0.043478260869565216
341,0,33,2,32400,429,0.01324074074074074,20.53380012512207,0.07068062827225131,0.0979020979020979
341,0,34,0,32400,449,0.013858024691358025,23.746103286743164,0.14253897550111358,0.19599109131403117
341,0,34,1,32400,384,0.011851851851851851,18.815105438232422,0.04927536231884058,0.0703125
341,0,34,2,32400,374,0.01154320987654321,23.941177368164062,0.05128205128205128,0.10427807486631016
341,0,35,0,32400,465,0.014351851851851852,9.167741775512695,0.13808463251670378,0.16989247311827957
341,0,35,1,32400,373,0.011512345679012345,8.064343452453613,0.0546875,0.0777479892761394
341,0,35,2,32400,398,0.012283950617283951,8.743718147277832,0.08288770053475936,0.08040201005025126
341,1,1,0,32400,444,0.013703703703703704,15.756756782531738,-1.0,0.14414414414414414
341,1,1,1,32400,369,0.01138888888888889,12.51761531829834,-1.0,0.06233062330623306
341,1,1,2,32400,405,0.0125,17.538272857666016,-1.0,0.037037037037037035
341,1,2,0,32400,417,0.01287037037037037,11.470024108886719,0.09009009009009009,0.11750599520383694
341,1,2,1,32400,365,0.011265432098765432,11.443836212158203,0.04878048780487805,0.04657534246575343
341,1,2,2,32400,387,0.011944444444444445,12.291990280151367,0.03950617283950617,0.05167958656330749
341,1,3,0,32400,424,0.01308641975308642,13.778302192687988,0.10551558752997602,0.12028301886792453
341,1,3,1,32400,380,0.011728395061728396,15.13158130645752,0.038356164383561646,0.060526315789473685
341,1,3,2,32400,404,0.012469135802469136,11.898514747619629,0.04909560723514212,0.039603960396039604
341,1,4,0,32400,409,0.012623456790123456,17.57701873779297,0.10377358490566038,0.11246943765281174
341,1,4,1,32400,325,0.010030864197530864,15.74461555480957,0.039473684210526314,0.05846153846153846
341,1,4,2,32400,370,0.011419753086419753,9.929730415344238,0.04950495049504951,0.051351351351351354
341,1,5,0,32400,444,0.013703703703703704,16.860361099243164,0.10757946210268948,0.11936936936936937
341,1,5,1,32400,342,0.010555555555555556,14.921052932739258,0.06153846153846154,0.038011695906432746
341,1,5,2,32400,380,0.011728395061728396,7.460526466369629,0.05675675675675676,0.06315789473684211
341,1,6,0,32400,446,0.013765432098765433,13.02690601348877,0.09009009009009009,0.08520179372197309
341,1,6,1,32400,378,0.011666666666666667,21.600528717041016,0.04678362573099415,0.06349206349206349
341,1,6,2,32400,374,0.01154320987654321,12.933155059814453,0.060526315789473685,0.08288770053475936
341,1,7,0,32400,413,0.012746913580246913,13.980629920959473,0.07174887892376682,0.12590799031476999
341,1,7,1,32400,377,0.011635802469135802,11.305039405822754,0.06084656084656084,0.08488063660477453
341,1,7,2,32400,393,0.012129629629629629,13.758269309997559,0.05614973262032086,0.06615776081424936
341,1,8,0,32400,437,0.013487654320987655,9.837528228759766,0.11864406779661017,0.11670480549199085
341,1,8,1,32400,348,0.01074074074074074,11.379310607910156,0.050397877984084884,0.04597701149425287
341,1,8,2,32400,389,0.012006172839506174,7.753213405609131,0.05089058524173028,0.08997429305912596
341,1,9,0,32400,408,0.012592592592592593,14.073530197143555,0.10068649885583524,0.1053921568627451
341,1,9,1,32400,353,0.010895061728395062,15.065155982971191,0.03735632183908046,0.0679886685552408
341,1,9,2,32400,395,0.012191358024691358,15.716455459594727,0.061696658097686374,0.05063291139240506
341,1,10,0,32400,452,0.013950617283950617,9.4557523727417,0.1323529411764706,0.11946902654867257
341,1,10,1,32400,367,0.01132716049382716,9.792915344238281,0.0679886685552408,0.07356948228882834
341,1,10,2,32400,360,0.011111111111111112,8.313889503479004,0.053164556962025315,0.06388888888888888
341,1,11,0,32400,419,0.0129320987654321,16.78520393371582,0.11283185840707964,0.14558472553699284
341,1,11,1,32400,394,0.012160493827160494,14.672588348388672,0.04904632152588556,0.04314720812182741
341,1,11,2,32400,351,0.010833333333333334,10.589743614196777,0.075,0.07977207977207977
341,1,12,0,32400,445,0.013734567901234567,16.548315048217773,0.12649164677804295,0.1752808988764045
341,1,12,1,32400,371,0.011450617283950618,13.032344818115234,0.04060913705583756,0.0431266846361186
341,1,12,2,32400,383,0.011820987654320988,12.32898235321045,0.042735042735042736,0.08616187989556136
341,1,13,0,32400,449,0.013858024691358025,11.380846977233887,0.1303370786516854,0.18040089086859687
341,1,13,1,32400,366,0.011296296296296296,9.614753723144531,0.04851752021563342,0.05191256830601093
341,1,13,2,32400,387,0.011944444444444445,7.178294658660889,0.06527415143603134,0.09043927648578812
341,1,14,0,32400,403,0.012438271604938272,18.059553146362305,0.11358574610244988,0.13399503722084366
341,1,14,1,32400,363,0.011203703703703704,11.17906379699707,0.03825136612021858,0.07162534435261708
341,1,14,2,32400,389,0.012006172839506174,12.33933162689209,0.05426356589147287,0.08483290488431877
341,1,15,0,32400,444,0.013703703703703704,8.948198318481445,0.1488833746898263,0.14414414414414414
341,1,15,1,32400,335,0.010339506172839507,8.600000381469727,0.046831955922865015,0.04776119402985075
341,1,15,2,32400,373,0.011512345679012345,9.619303703308105,0.05398457583547558,0.05093833780160858
341,1,16,0,32400,407,0.012561728395061728,11.49631404876709,0.11711711711711711,0.12039312039312039
341,1,16,1,32400,364,0.011234567901234569,12.64011001586914,0.041791044776119404,0.09065934065934066
341,1,16,2,32400,362,0.01117283950617284,9.256906509399414,0.03753351206434316,0.055248618784530384
341,1,17,0,32400,400,0.012345679012345678,14.5,0.10319410319410319,0.09
341,1,17,1,32400,353,0.010895061728395062,17.15297508239746,0.054945054945054944,0.05099150141643059
341,1,17,2,32400,381,0.01175925925925926,13.719160079956055,0.04696132596685083,0.07874015748031496
341,1,18,0,32400,427,0.013179012345679012,14.496487617492676,0.1125,0.13817330210772832
341,1,18,1,32400,364,0.011234567901234569,11.752747535705566,0.056657223796033995,0.06593406593406594
341,1,18,2,32400,372,0.011481481481481481,12.74731159210205,0.03674540682414698,0.04838709677419355
341,1,19,0,32400,449,0.013858024691358025,20.46770668029785,0.10070257611241218,0.10467706013363029
341,1,19,1,32400,342,0.010555555555555556,13.292397499084473,0.04395604395604396,0.05555555555555555
341,1,19,2,32400,406,0.012530864197530864,14.96798038482666,0.06182795698924731,0.06157635467980296
341,1,20,0,32400,441,0.01361111111111111,13.943310737609863,0.12026726057906459,0.1564625850340136
341,1,20,1,32400,384,0.011851851851851851,9.484375,0.06432748538011696,0.0546875
341,1,20,2,32400,369,0.01138888888888889,12.745257377624512,0.06157635467980296,0.0975609756097561
341,1,21,0,32400,427,0.013179012345679012,16.395784378051758,0.14512471655328799,0.12177985948477751
341,1,21,1,32400,395,0.012191358024691358,16.14936637878418,0.044270833333333336,0.06329113924050633
341,1,21,2,32400,393,0.012129629629629629,13.516539573669434,0.06775067750677506,0.09414758269720101
341,1,22,0,32400,487,0.015030864197530865,9.581109046936035,0.1405152224824356,0.13963039014373715
341,1,22,1,32400,383,0.011820987654320988,10.540470123291016,0.06582278481012659,0.06266318537859007
341,1,22,2,32400,376,0.011604938271604939,9.417552947998047,0.05343511450381679,0.06648936170212766
341,1,23,0,32400,472,0.014567901234567901,12.298728942871094,0.14784394250513347,0.15466101694915255
341,1,23,1,32400,357,0.011018518518518518,10.829132080078125,0.04699738903394256,0.09243697478991597
341,1,23,2,32400,412,0.01271604938271605,11.097087860107422,0.0851063829787234,0.08737864077669903
341,1,24,0,32400,449,0.013858024691358025,9.496659278869629,0.13983050847457626,0.1514476614699332
341,1,24,1,32400,377,0.011635802469135802,7.925729274749756,0.06722689075630252,0.07692307692307693
341,1,24,2,32400,381,0.01175925925925926,9.82677173614502,0.0703883495145631,0.08136482939632546
341,1,25,0,32400,415,0.012808641975308642,8.546988487243652,0.11358574610244988,0.12771084337349398
341,1,25,1,32400,374,0.01154320987654321,9.048128128051758,0.06896551724137931,0.08021390374331551
341,1,25,2,32400,414,0.012777777777777779,8.743961334228516,0.07086614173228346,0.07004830917874397
341,1,26,0,32400,442,0.013641975308641975,16.16289710998535,0.13734939759036144,0.17873303167420815
341,1,26,1,32400,358,0.011049382716049383,13.745809555053711,0.0427807486631016,0.013966480446927373
341,1,26,2,32400,390,0.012037037037037037,14.253846168518066,0.05314009661835749,0.06666666666666667
341,1,27,0,32400,445,0.013734567901234567,8.546067237854004,0.1334841628959276,0.1797752808988764
341,1,27,1,32400,356,0.010987654320987654,7.300561904907227,0.027932960893854747,0.03651685393258427
341,1,27,2,32400,386,0.01191358024691358,6.862694263458252,0.07435897435897436,0.10880829015544041
341,1,28,0,32400,386,0.01191358024691358,8.64766788482666,0.13707865168539327,0.16062176165803108
341,1,28,1,32400,368,0.011358024691358024,8.84782600402832,0.042134831460674156,0.029891304347826088
341,1,28,2,32400,369,0.01138888888888889,7.918699264526367,0.07772020725388601,0.10569105691056911
341,1,29,0,32400,464,0.014320987654320988,16.04310417175293,0.14507772020725387,0.16810344827586207
341,1,29,1,32400,377,0.011635802469135802,19.013261795043945,0.043478260869565216,0.04774535809018567
341,1,29,2,32400,406,0.012530864197530864,27.182266235351562,0.06233062330623306,0.0960591133004926
341,1,30,0,32400,417,0.01287037037037037,12.841727256774902,0.12284482758620689,0.1342925659472422
341,1,30,1,32400,359,0.011080246913580246,14.089136123657227,0.03183023872679045,0.03064066852367688
341,1,30,2,32400,384,0.011851851851851851,11.651041984558105,0.06896551724137931,0.10677083333333333
341,1,31,0,32400,464,0.014320987654320988,20.685344696044922,0.12470023980815348,0.15517241379310345
341,1,31,1,32400,334,0.010308641975308641,18.664670944213867,0.033426183844011144,0.017964071856287425
341,1,31,2,32400,387,0.011944444444444445,14.250646591186523,0.07552083333333333,0.09560723514211886
341,1,32,0,32400,454,0.014012345679012345,22.376651763916016,0.12284482758620689,0.13215859030837004
341,1,32,1,32400,344,0.010617283950617284,29.383718490600586,0.02694610778443114,0.0436046511627907
341,1,32,2,32400,369,0.01138888888888889,22.934959411621094,0.06718346253229975,0.06775067750677506
341,1,33,0,32400,451,0.013919753086419753,16.257205963134766,0.12555066079295155,0.1662971175166297
341,1,33,1,32400,357,0.011018518518518518,13.0252103805542,0.02616279069767442,0.0392156862745098
341,1,33,2,32400,377,0.011635802469135802,16.38991928100586,0.06233062330623306,0.09283819628647215
341,1,34,0,32400,447,0.013796296296296296,27.01789665222168,0.14855875831485588,0.203579418344519
341,1,34,1,32400,385,0.011882716049382716,31.381816864013672,0.047619047619047616,0.06233766233766234
341,1,34,2,32400,377,0.011635802469135802,25.73209571838379,0.058355437665782495,0.09018567639257294
341,1,35,0,32400,466,0.014382716049382717,8.997854232788086,0.14093959731543623,0.16738197424892703
341,1,35,1,32400,367,0.01132716049382716,8.950953483581543,0.04155844155844156,0.04904632152588556
341,1,35,2,32400,344,0.010617283950617284,8.241278648376465,0.07957559681697612,0.07848837209302326
341,2,1,0,32400,440,0.013580246913580247,17.3568172454834,-1.0,0.1409090909090909
341,2,1,1,32400,353,0.010895061728395062,18.637393951416016,-1.0,0.06232294617563739
341,2,1,2,32400,365,0.011265432098765432,17.054794311523438,-1.0,0.04657534246575343
341,2,2,0,32400,395,0.012191358024691358,10.90886116027832,0.08636363636363636,0.09873417721518987
341,2,2,1,32400,360,0.011111111111111112,11.44444465637207,0.0339943342776204,0.04722222222222222
341,2,2,2,32400,377,0.011635802469135802,9.8090181350708,0.043835616438356165,0.0610079575596817
341,2,3,0,32400,408,0.012592592592592593,13.144608497619629,0.11392405063291139,0.1323529411764706
341,2,3,1,32400,359,0.011080246913580246,13.927576065063477,0.03888888888888889,0.06128133704735376
341,2,3,2,32400,354,0.010925925925925926,15.525424003601074,0.034482758620689655,0.02824858757062147
341,2,4,0,32400,391,0.0120679012345679,17.32480812072754,0.09803921568627451,0.10997442455242967
341,2,4,1,32400,337,0.010401234567901235,12.86350154876709,0.04735376044568245,0.04451038575667656
341,2,4,2,32400,373,0.011512345679012345,10.84182357788086,0.0480225988700565,0.05361930294906166
341,2,5,0,32400,408,0.012592592592592593,13.578432083129883,0.11508951406649616,0.1323529411764706
341,2,5,1,32400,339,0.010462962962962962,14.861356735229492,0.05934718100890208,0.035398230088495575
341,2,5,2,32400,385,0.011882716049382716,15.301298141479492,0.040214477211796246,0.06233766233766234
341,2,6,0,32400,390,0.012037037037037037,14.012821197509766,0.09313725490196079,0.11794871794871795
341,2,6,1,32400,378,0.011666666666666667,18.97089958190918,0.05014749262536873,0.0582010582010582
341,2,6,2,32400,377,0.011635802469135802,16.64986801147461,0.04935064935064935,0.07161803713527852
341,2,7,0,32400,425,0.013117283950617283,13.670587539672852,0.08205128205128205,0.12705882352941175
341,2,7,1,32400,337,0.010401234567901235,14.83679485321045,0.05555555555555555,0.0771513353115727
341,2,7,2,32400,401,0.012376543209876543,12.384039878845215,0.05305039787798409,0.06733167082294264
341,2,8,0,32400,450,0.013888888888888888,9.006667137145996,0.11294117647058824,0.12444444444444444
341,2,8,1,32400,363,0.011203703703703704,11.91735553741455,0.06824925816023739,0.049586776859504134
341,2,8,2,32400,380,0.011728395061728396,9.102631568908691,0.06234413965087282,0.08947368421052632
341,2,9,0,32400,411,0.012685185185185185,15.557177543640137,0.1,0.09732360097323602
341,2,9,1,32400,360,0.011111111111111112,13.419445037841797,0.0440771349862259,0.06944444444444445
341,2,9,2,32400,395,0.012191358024691358,10.726582527160645,0.060526315789473685,0.043037974683544304
341,2,10,0,32400,447,0.013796296296296296,9.3803129196167,0.1070559610705596,0.12304250559284116
341,2,10,1,32400,382,0.011790123456790123,8.787958145141602,0.06944444444444445,0.07853403141361257
341,2,10,2,32400,403,0.012438271604938272,9.992555618286133,0.05063291139240506,0.05707196029776675
341,2,11,0,32400,450,0.013888888888888888,14.60888957977295,0.11409395973154363,0.13777777777777778
341,2,11,1,32400,367,0.01132716049382716,15.566757202148438,0.06282722513089005,0.04904632152588556
341,2,11,2,32400,416,0.012839506172839505,10.324519157409668,0.06699751861042183,0.08413461538461539
341,2,12,0,32400,460,0.014197530864197531,14.856520652770996,0.12,0.1782608695652174
341,2,12,1,32400,382,0.011790123456790123,15.460733413696289,0.051771117166212535,0.05235602094240838
341,2,12,2,32400,380,0.011728395061728396,13.418421745300293,0.05048076923076923,0.06315789473684211
341,2,13,0,32400,429,0.01324074074074074,10.643357276916504,0.12608695652173912,0.17249417249417248
341,2,13,1,32400,345,0.010648148148148148,7.3913044929504395,0.041884816753926704,0.07246376811594203
341,2,13,2,32400,397,0.012253086419753086,11.327455520629883,0.07368421052631578,0.07304785894206549
341,2,14,0,32400,383,0.011820987654320988,19.326370239257812,0.11188811188811189,0.13315926892950392
341,2,14,1,32400,374,0.01154320987654321,15.427807807922363,0.03188405797101449,0.0855614973262032
341,2,14,2,32400,389,0.012006172839506174,11.110539436340332,0.05289672544080604,0.07712082262210797
341,2,15,0,32400,441,0.01361111111111111,9.70068073272705,0.14360313315926893,0.1655328798185941
341,2,15,1,32400,349,0.010771604938271605,9.489972114562988,0.040106951871657755,0.03724928366762178
341,2,15,2,32400,366,0.011296296296296296,8.841529846191406,0.05398457583547558,0.05191256830601093
341,2,16,0,32400,429,0.01324074074074074,12.04195785522461,0.12244897959183673,0.13053613053613053
341,2,16,1,32400,373,0.011512345679012345,11.396782875061035,0.06017191977077364,0.0777479892761394
341,2,16,2,32400,356,0.010987654320987654,14.258426666259766,0.03551912568306011,0.047752808988764044
341,2,17,0,32400,429,0.01324074074074074,12.69230842590332,0.12354312354312354,0.10256410256410256
341,2,17,1,32400,360,0.011111111111111112,11.791666984558105,0.045576407506702415,0.06666666666666667
341,2,17,2,32400,383,0.011820987654320988,15.407310485839844,0.0449438202247191,0.08093994778067885
341,2,18,0,32400,434,0.013395061728395061,13.562212944030762,0.10955710955710955,0.1336405529953917
341,2,18,1,32400,384,0.011851851851851851,12.979167938232422,0.05,0.06770833333333333
341,2,18,2,32400,373,0.011512345679012345,12.233243942260742,0.033942558746736295,0.05093833780160858
341,2,19,0,32400,429,0.01324074074074074,17.88344955444336,0.10138248847926268,0.10256410256410256
341,2,19,1,32400,349,0.010771604938271605,10.96848201751709,0.041666666666666664,0.05730659025787966
341,2,19,2,32400,373,0.011512345679012345,13.707775115966797,0.05093833780160858,0.08042895442359249
341,2,20,0,32400,432,0.013333333333333334,12.550926208496094,0.1258741258741259,0.1412037037037037
341,2,20,1,32400,374,0.01154320987654321,10.326203346252441,0.05730659025787966,0.053475935828877004
341,2,20,2,32400,382,0.011790123456790123,11.217277526855469,0.06702412868632708,0.10732984293193717
341,2,21,0,32400,459,0.014166666666666666,14.318082809448242,0.14351851851851852,0.13071895424836602
341,2,21,1,32400,341,0.01052469135802469,14.3753662109375,0.045454545454545456,0.06158357771260997
341,2,21,2,32400,375,0.011574074074074073,13.021332740783691,0.06806282722513089,0.104
341,2,22,0,32400,465,0.014351851851851852,9.380645751953125,0.12854030501089325,0.15053763440860216
341,2,22,1,32400,360,0.011111111111111112,8.630556106567383,0.06158357771260997,0.06111111111111111
341,2,22,2,32400,380,0.011728395061728396,8.784211158752441,0.06133333333333333,0.07368421052631578
341,2,23,0,32400,448,0.013827160493827161,13.879465103149414,0.15698924731182795,0.16517857142857142
341,2,23,1,32400,376,0.011604938271604939,12.433509826660156,0.05555555555555555,0.06648936170212766
341,2,23,2,32400,411,0.012685185185185185,10.104622840881348,0.08947368421052632,0.08029197080291971
341,2,24,0,32400,458,0.014135802469135803,8.307860374450684,0.14508928571428573,0.13755458515283842
341,2,24,1,32400,355,0.010956790123456791,8.146478652954102,0.05851063829787234,0.07887323943661972
341,2,24,2,32400,352,0.010864197530864197,9.8125,0.07542579075425791,0.08522727272727272
341,2,25,0,32400,406,0.012530864197530864,8.002463340759277,0.11572052401746726,0.12807881773399016
341,2,25,1,32400,360,0.011111111111111112,10.26111125946045,0.061971830985915494,0.06388888888888888
341,2,25,2,32400,374,0.01154320987654321,8.139037132263184,0.07386363636363637,0.08823529411764706
341,2,26,0,32400,426,0.013148148148148148,18.4178409576416,0.13054187192118227,0.16666666666666666
341,2,26,1,32400,347,0.010709876543209877,17.743515014648438,0.027777777777777776,0.037463976945244955
341,2,26,2,32400,373,0.011512345679012345,12.466487884521484,0.06684491978609626,0.06970509383378017
341,2,27,0,32400,460,0.014197530864197531,7.6086955070495605,0.1431924882629108,0.1565217391304348
341,2,27,1,32400,317,0.009783950617283951,8.397476196289062,0.043227665706051875,0.03785488958990536
341,2,27,2,32400,370,0.011419753086419753,7.54054069519043,0.06166219839142091,0.0945945945945946
341,2,28,0,32400,421,0.012993827160493828,9.016627311706543,0.1282608695652174,0.16152019002375298
341,2,28,1,32400,346,0.010679012345679013,10.130057334899902,0.04100946372239748,0.04335260115606936
341,2,28,2,32400,383,0.011820987654320988,7.613577365875244,0.08108108108108109,0.10704960835509138
341,2,29,0,32400,446,0.013765432098765433,20.004487991333008,0.13064133016627077,0.18161434977578475
341,2,29,1,32400,360,0.011111111111111112,20.205556869506836,0.028901734104046242,0.03333333333333333
341,2,29,2,32400,386,0.01191358024691358,26.181346893310547,0.07571801566579635,0.08549222797927461
341,2,30,0,32400,444,0.013703703703703704,14.40540599822998,0.12331838565022421,0.12837837837837837
341,2,30,1,32400,345,0.010648148148148148,10.913043975830078,0.03611111111111111,0.02608695652173913
341,2,30,2,32400,412,0.01271604938271605,14.06067943572998,0.08031088082901554,0.12135922330097088
341,2,31,0,32400,459,0.014166666666666666,18.97385597229004,0.11936936936936937,0.15904139433551198
341,2,31,1,32400,361,0.011141975308641975,17.551246643066406,0.02608695652173913,0.030470914127423823
341,2,31,2,32400,396,0.012222222222222223,17.28535270690918,0.06796116504854369,0.10353535353535354
341,2,32,0,32400,402,0.012407407407407407,32.2363166809082,0.11546840958605664,0.13681592039800994
341,2,32,1,32400,369,0.01138888888888889,26.758808135986328,0.01662049861495845,0.04336043360433604
341,2,32,2,32400,381,0.01175925925925926,43.62204360961914,0.05303030303030303,0.06036745406824147
341,2,33,0,32400,458,0.014135802469135803,19.589519500732422,0.13432835820895522,0.15938864628820962
341,2,33,1,32400,365,0.011265432098765432,18.438356399536133,0.016260162601626018,0.06027397260273973
341,2,33,2,32400,398,0.012283950617283951,22.18844223022461,0.06036745406824147,0.09547738693467336
341,2,34,0,32400,485,0.014969135802469136,26.49278450012207,0.15065502183406113,0.17938144329896907
341,2,34,1,32400,372,0.011481481481481481,24.018817901611328,0.052054794520547946,0.05913978494623656
341,2,34,2,32400,376,0.011604938271604939,19.22074317932129,0.06030150753768844,0.09574468085106383
341,2,35,0,32400,461,0.014228395061728395,8.724512100219727,0.12783505154639174,0.16702819956616052
341,2,35,1,32400,359,0.011080246913580246,9.11699104309082,0.04032258064516129,0.0584958217270195
341,2,35,2,32400,366,0.011296296296296296,9.150273323059082,0.06914893617021277,0.07103825136612021
341,3,1,0,32400,427,0.013179012345679012,18.16393280029297,-1.0,0.13114754098360656
341,3,1,1,32400,363,0.011203703703703704,19.564739227294922,-1.0,0.06336088154269973
341,3,1,2,32400,365,0.011265432098765432,14.627397537231445,-1.0,0.04657534246575343
341,3,2,0,32400,417,0.01287037037037037,11.069544792175293,0.09133489461358314,0.11031175059952038
341,3,2,1,32400,331,0.01021604938271605,10.377643585205078,0.04132231404958678,0.04833836858006042
341,3,2,2,32400,378,0.011666666666666667,9.039682388305664,0.052054794520547946,0.06084656084656084
341,3,3,0,32400,449,0.013858024691358025,14.253897666931152,0.1079136690647482,0.133630289532294
341,3,3,1,32400,334,0.010308641975308641,14.005988121032715,0.03927492447129909,0.05688622754491018
341,3,3,2,32400,372,0.011481481481481481,14.376343727111816,0.047619047619047616,0.03494623655913978
341,3,4,0,32400,431,0.013302469135802469,14.849187850952148,0.08685968819599109,0.11600928074245939
341,3,4,1,32400,376,0.011604938271604939,14.702127456665039,0.05389221556886228,0.047872340425531915
341,3,4,2,32400,344,0.010617283950617284,11.154069900512695,0.04838709677419355,0.05232558139534884
341,3,5,0,32400,429,0.01324074074074074,12.235431671142578,0.10440835266821345,0.1282051282051282
341,3,5,1,32400,395,0.012191358024691358,17.57215118408203,0.05585106382978723,0.04050632911392405
341,3,5,2,32400,390,0.012037037037037037,18.4769229888916,0.061046511627906974,0.05384615384615385
341,3,6,0,32400,421,0.012993827160493828,12.562946319580078,0.08158508158508158,0.09738717339667459
341,3,6,1,32400,337,0.010401234567901235,24.071216583251953,0.04556962025316456,0.05637982195845697
341,3,6,2,32400,376,0.011604938271604939,14.08776569366455,0.05128205128205128,0.06382978723404255
341,3,7,0,32400,381,0.01175925925925926,13.301836967468262,0.08076009501187649,0.13385826771653545
341,3,7,1,32400,348,0.01074074074074074,14.474138259887695,0.06231454005934718,0.08620689655172414
341,3,7,2,32400,398,0.012283950617283951,12.874371528625488,0.05585106382978723,0.06281407035175879
341,3,8,0,32400,441,0.01361111111111111,9.591836929321289,0.12860892388451445,0.1111111111111111
341,3,8,1,32400,370,0.011419753086419753,11.435135841369629,0.05459770114942529,0.04864864864864865
341,3,8,2,32400,361,0.011141975308641975,8.44321346282959,0.05778894472361809,0.08033240997229917
341,3,9,0,32400,417,0.01287037037037037,11.517986297607422,0.09977324263038549,0.11750599520383694
341,3,9,1,32400,396,0.012222222222222223,13.373737335205078,0.03513513513513514,0.07828282828282829
341,3,9,2,32400,367,0.01132716049382716,10.561307907104492,0.05263157894736842,0.04904632152588556
341,3,10,0,32400,416,0.012839506172839505,10.697115898132324,0.10311750599520383,0.12740384615384615
341,3,10,1,32400,332,0.010246913580246913,8.454818725585938,0.0707070707070707,0.11144578313253012
341,3,10,2,32400,386,0.01191358024691358,9.810880661010742,0.0653950953678474,0.06217616580310881
341,3,11,0,32400,456,0.014074074074074074,17.6907901763916,0.11298076923076923,0.1337719298245614
341,3,11,1,32400,356,0.010987654320987654,10.856741905212402,0.06927710843373494,0.05056179775280899
341,3,11,2,32400,391,0.0120679012345679,10.442455291748047,0.06735751295336788,0.08695652173913043
341,3,12,0,32400,440,0.013580246913580247,12.872726440429688,0.1162280701754386,0.17954545454545454
341,3,12,1,32400,399,0.012314814814814815,14.15288257598877,0.047752808988764044,0.05764411027568922
341,3,12,2,32400,383,0.011820987654320988,13.292428016662598,0.05370843989769821,0.06005221932114883
341,3,13,0,32400,414,0.012777777777777779,9.70772933959961,0.13636363636363635,0.18357487922705315
341,3,13,1,32400,355,0.010956790123456791,9.349295616149902,0.042606516290726815,0.05070422535211268
341,3,13,2,32400,368,0.011358024691358024,8.60326099395752,0.057441253263707574,0.08152173913043478
341,3,14,0,32400,430,0.013271604938271606,20.279069900512695,0.1280193236714976,0.14418604651162792
341,3,14,1,32400,374,0.01154320987654321,18.034761428833008,0.04788732394366197,0.06684491978609626
341,3,14,2,32400,403,0.012438271604938272,12.305211067199707,0.05434782608695652,0.07196029776674938
341,3,15,0,32400,447,0.013796296296296296,9.017897605895996,0.12558139534883722,0.15659955257270694
341,3,15,1,32400,367,0.01132716049382716,9.367847442626953,0.040106951871657755,0.04904632152588556
341,3,15,2,32400,387,0.011944444444444445,8.578811645507812,0.05459057071960298,0.059431524547803614
341,3,16,0,32400,418,0.012901234567901234,14.016745567321777,0.10961968680089486,0.10526315789473684
341,3,16,1,32400,367,0.01132716049382716,11.618528366088867,0.04087193460490463,0.08446866485013624
341,3,16,2,32400,346,0.010679012345679013,12.0,0.041343669250646,0.04046242774566474
341,3,17,0,32400,407,0.012561728395061728,9.852580070495605,0.09808612440191387,0.08353808353808354
341,3,17,1,32400,395,0.012191358024691358,13.52405071258545,0.04904632152588556,0.04810126582278481
341,3,17,2,32400,381,0.01175925925925926,12.0498685836792,0.04335260115606936,0.08398950131233596
341,3,18,0,32400,417,0.01287037037037037,14.103118896484375,0.11547911547911548,0.13908872901678657
341,3,18,1,32400,371,0.011450617283950618,13.291105270385742,0.04556962025316456,0.0646900269541779
341,3,18,2,32400,342,0.010555555555555556,11.596491813659668,0.04199475065616798,0.05555555555555555
341,3,19,0,32400,427,0.013179012345679012,18.344261169433594,0.10311750599520383,0.10070257611241218
341,3,19,1,32400,367,0.01132716049382716,14.861035346984863,0.04582210242587601,0.0681198910081744
341,3,19,2,32400,363,0.011203703703703704,14.085399627685547,0.06725146198830409,0.05785123966942149
341,3,20,0,32400,445,0.013734567901234567,13.006741523742676,0.12646370023419204,0.14831460674157304
341,3,20,1,32400,370,0.011419753086419753,10.508108139038086,0.05722070844686648,0.06756756756756757
341,3,20,2,32400,419,0.0129320987654321,11.751790046691895,0.06887052341597796,0.09069212410501193
341,3,21,0,32400,409,0.012623456790123456,14.68948745727539,0.13707865168539327,0.1491442542787286
341,3,21,1,32400,369,0.01138888888888889,13.373984336853027,0.04594594594594595,0.07046070460704607
341,3,21,2,32400,382,0.011790123456790123,12.303665161132812,0.05250596658711217,0.08638743455497382
341,3,22,0,32400,478,0.014753086419753087,9.098325729370117,0.1491442542787286,0.1401673640167364
341,3,22,1,32400,370,0.011419753086419753,11.59189224243164,0.05420054200542006,0.06756756756756757
341,3,22,2,32400,403,0.012438271604938272,9.647642135620117,0.0549738219895288,0.06947890818858561
341,3,23,0,32400,454,0.014012345679012345,11.656387329101562,0.1506276150627615,0.17400881057268722
341,3,23,1,32400,367,0.01132716049382716,10.059945106506348,0.04594594594594595,0.05449591280653951
341,3,23,2,32400,363,0.011203703703703704,10.18457317352295,0.08436724565756824,0.10743801652892562
341,3,24,0,32400,464,0.014320987654320988,11.034482955932617,0.14537444933920704,0.15086206896551724
341,3,24,1,32400,365,0.011265432098765432,8.197260856628418,0.0653950953678474,0.07945205479452055
341,3,24,2,32400,396,0.012222222222222223,9.13131332397461,0.09641873278236915,0.09595959595959595
341,3,25,0,32400,422,0.013024691358024691,8.281991004943848,0.12284482758620689,0.10900473933649289
341,3,25,1,32400,380,0.011728395061728396,10.342105865478516,0.06575342465753424,0.07631578947368421
341,3,25,2,32400,393,0.012129629629629629,8.941475868225098,0.07828282828282829,0.07888040712468193
341,3,26,0,32400,425,0.013117283950617283,12.948234558105469,0.13033175355450238,0.1623529411764706
341,3,26,1,32400,350,0.010802469135802469,14.874285697937012,0.034210526315789476,0.014285714285714285
341,3,26,2,32400,379,0.01169753086419753,15.430079460144043,0.06870229007633588,0.0870712401055409
341,3,27,0,32400,455,0.01404320987654321,8.892308235168457,0.1411764705882353,0.17362637362637362
341,3,27,1,32400,358,0.011049382716049383,7.810055732727051,0.03428571428571429,0.036312849162011177
341,3,27,2,32400,361,0.011141975308641975,6.767313003540039,0.05804749340369393,0.10526315789473684
341,3,28,0,32400,449,0.013858024691358025,9.115813255310059,0.14065934065934066,0.155902004454343
341,3,28,1,32400,366,0.011296296296296296,8.352458953857422,0.036312849162011177,0.0273224043715847
341,3,28,2,32400,414,0.012777777777777779,8.635265350341797,0.0886426592797784,0.12318840579710146
341,3,29,0,32400,459,0.014166666666666666,19.90631675720215,0.12472160356347439,0.1830065359477124
341,3,29,1,32400,349,0.010771604938271605,21.893983840942383,0.04371584699453552,0.04871060171919771
341,3,29,2,32400,388,0.011975308641975308,27.417524337768555,0.06521739130434782,0.1056701030927835
341,3,30,0,32400,404,0.012469135802469136,12.61881160736084,0.12636165577342048,0.15594059405940594
341,3,30,1,32400,376,0.011604938271604939,12.989361763000488,0.05157593123209169,0.023936170212765957
341,3,30,2,32400,393,0.012129629629629629,13.501272201538086,0.08505154639175258,0.12213740458015267
341,3,31,0,32400,498,0.015370370370370371,18.174697875976562,0.1311881188118812,0.15261044176706828
341,3,31,1,32400,370,0.011419753086419753,15.77297306060791,0.026595744680851064,0.04054054054054054
341,3,31,2,32400,369,0.01138888888888889,19.539297103881836,0.08142493638676845,0.11382113821138211
341,3,32,0,32400,402,0.012407407407407407,27.863183975219727,0.11044176706827309,0.1318407960199005
341,3,32,1,32400,372,0.011481481481481481,31.190860748291016,0.01891891891891892,0.056451612903225805
341,3,32,2,32400,342,0.010555555555555556,37.47953414916992,0.05420054200542006,0.07017543859649122
341,3,33,0,32400,456,0.014074074074074074,18.390350341796875,0.13930348258706468,0.1425438596491228
341,3,33,1,32400,360,0.011111111111111112,17.7722225189209,0.026881720430107527,0.03888888888888889
341,3,33,2,32400,387,0.011944444444444445,19.09819221496582,0.08187134502923976,0.09819121447028424
341,3,34,0,32400,466,0.014382716049382717,23.40987205505371,0.14912280701754385,0.19742489270386265
341,3,34,1,32400,384,0.011851851851851851,22.1484375,0.05277777777777778,0.07291666666666667
341,3,34,2,32400,393,0.012129629629629629,29.77862548828125,0.056847545219638244,0.10432569974554708
341,3,35,0,32400,505,0.01558641975308642,8.946535110473633,0.13090128755364808,0.14653465346534653
341,3,35,1,32400,383,0.011820987654320988,10.569190979003906,0.041666666666666664,0.04960835509138381
341,3,35,2,32400,385,0.011882716049382716,9.241558074951172,0.08396946564885496,0.07532467532467532
342,0,1,0,32400,408,0.012592592592592593,11.311274528503418,-1.0,0.11274509803921569
342,0,1,1,32400,375,0.011574074074074073,10.525333404541016,-1.0,0.04533333333333334
342,0,1,2,32400,362,0.01117283950617284,8.961326599121094,-1.0,0.06906077348066299
342,0,2,0,32400,405,0.0125,14.58024787902832,0.1053921568627451,0.13333333333333333
342,0,2,1,32400,356,0.010987654320987654,13.839887619018555,0.037333333333333336,0.05337078651685393
342,0,2,2,32400,367,0.01132716049382716,12.201634407043457,0.03867403314917127,0.035422343324250684
342,0,3,0,32400,393,0.012129629629629629,14.4020357131958,0.10123456790123457,0.11959287531806616
342,0,3,1,32400,368,0.011358024691358024,15.836956977844238,0.047752808988764044,0.043478260869565216
342,0,3,2,32400,394,0.012160493827160494,11.076142311096191,0.05994550408719346,0.05583756345177665
342,0,4,0,32400,420,0.012962962962962963,15.573810577392578,0.10687022900763359,0.14047619047619048
342,0,4,1,32400,376,0.011604938271604939,23.933509826660156,0.051630434782608696,0.04521276595744681
342,0,4,2,32400,391,0.0120679012345679,23.138107299804688,0.050761421319796954,0.05115089514066496
342,0,5,0,32400,418,0.012901234567901234,14.787081718444824,0.09285714285714286,0.09808612440191387
342,0,5,1,32400,376,0.011604938271604939,15.66489315032959,0.061170212765957445,0.07180851063829788
342,0,5,2,32400,408,0.012592592592592593,13.857843399047852,0.061381074168797956,0.07107843137254902
342,0,6,0,32400,460,0.014197530864197531,11.836956024169922,0.08851674641148326,0.11956521739130435
342,0,6,1,32400,355,0.010956790123456791,12.216900825500488,0.061170212765957445,0.07042253521126761
342,0,6,2,32400,396,0.012222222222222223,10.366161346435547,0.056372549019607844,0.08333333333333333
342,0,7,0,32400,426,0.013148148148148148,11.678403854370117,0.10217391304347827,0.13615023474178403
342,0,7,1,32400,381,0.01175925925925926,9.236220359802246,0.04788732394366197,0.06561679790026247
342,0,7,2,32400,345,0.010648148148148148,10.524638175964355,0.05303030303030303,0.0782608695652174
342,0,8,0,32400,433,0.013364197530864198,14.489606857299805,0.09624413145539906,0.11085450346420324
342,0,8,1,32400,359,0.011080246913580246,14.79108715057373,0.04461942257217848,0.06406685236768803
342,0,8,2,32400,373,0.011512345679012345,15.034852981567383,0.06376811594202898,0.04289544235924933
342,0,9,0,32400,454,0.014012345679012345,10.171805381774902,0.10854503464203233,0.1145374449339207
342,0,9,1,32400,396,0.012222222222222223,9.775252342224121,0.06963788300835655,0.08333333333333333
342,0,9,2,32400,390,0.012037037037037037,8.98717975616455,0.058981233243967826,0.05641025641025641
342,0,10,0,32400,448,0.013827160493827161,16.162946701049805,0.11233480176211454,0.13616071428571427
342,0,10,1,32400,367,0.01132716049382716,12.250680923461914,0.047979797979797977,0.0681198910081744
342,0,10,2,32400,402,0.012407407407407407,13.460198402404785,0.06666666666666667,0.0845771144278607
342,0,11,0,32400,446,0.013765432098765433,15.439462661743164,0.12276785714285714,0.16367713004484305
342,0,11,1,32400,342,0.010555555555555556,9.260233879089355,0.04632152588555858,0.049707602339181284
342,0,11,2,32400,395,0.012191358024691358,14.136709213256836,0.05472636815920398,0.08607594936708861
342,0,12,0,32400,448,0.013827160493827161,10.975446701049805,0.13452914798206278,0.17857142857142858
342,0,12,1,32400,361,0.011141975308641975,11.304708480834961,0.05263157894736842,0.04709141274238227
342,0,12,2,32400,385,0.011882716049382716,8.849350929260254,0.05822784810126582,0.06753246753246753
342,0,13,0,32400,419,0.0129320987654321,11.472554206848145,0.109375,0.1288782816229117
342,0,13,1,32400,389,0.012006172839506174,19.321338653564453,0.038781163434903045,0.05398457583547558
342,0,13,2,32400,390,0.012037037037037037,12.697436332702637,0.05714285714285714,0.07948717948717948
342,0,14,0,32400,423,0.013055555555555556,7.853427886962891,0.13126491646778043,0.1607565011820331
342,0,14,1,32400,375,0.011574074074074073,9.41866683959961,0.043701799485861184,0.05333333333333334
342,0,14,2,32400,369,0.01138888888888889,9.170731544494629,0.05897435897435897,0.05420054200542006
342,0,15,0,32400,401,0.012376543209876543,11.32668399810791,0.11583924349881797,0.11221945137157108
342,0,15,1,32400,380,0.011728395061728396,13.018421173095703,0.04533333333333334,0.08157894736842106
342,0,15,2,32400,382,0.011790123456790123,11.452879905700684,0.037940379403794036,0.049738219895287955
342,0,16,0,32400,400,0.012345679012345678,12.012499809265137,0.10972568578553615,0.1175
342,0,16,1,32400,366,0.011296296296296296,13.800545692443848,0.05,0.06830601092896176
342,0,16,2,32400,355,0.010956790123456791,13.997182846069336,0.04712041884816754,0.09014084507042254
342,0,17,0,32400,455,0.01404320987654321,14.613188743591309,0.115,0.12747252747252746
342,0,17,1,32400,388,0.011975308641975308,10.216495513916016,0.05191256830601093,0.04896907216494845
342,0,17,2,32400,392,0.012098765432098766,11.780611991882324,0.04225352112676056,0.04336734693877551
342,0,18,0,32400,432,0.013333333333333334,16.231481552124023,0.0989010989010989,0.09490740740740741
342,0,18,1,32400,334,0.010308641975308641,13.152694702148438,0.03608247422680412,0.0748502994011976
342,0,18,2,32400,398,0.012283950617283951,14.429648399353027,0.05102040816326531,0.06281407035175879
342,0,19,0,32400,448,0.013827160493827161,13.062500953674316,0.12037037037037036,0.15401785714285715
342,0,19,1,32400,355,0.010956790123456791,10.661971092224121,0.05688622754491018,0.056338028169014086
342,0,19,2,32400,386,0.01191358024691358,11.28238296508789,0.0728643216080402,0.10103626943005181
342,0,20,0,32400,439,0.013549382716049383,13.933940887451172,0.13392857142857142,0.14123006833712984
342,0,20,1,32400,360,0.011111111111111112,10.780555725097656,0.04788732394366197,0.06111111111111111
342,0,20,2,32400,384,0.011851851851851851,13.169271469116211,0.06217616580310881,0.08854166666666667
342,0,21,0,32400,440,0.013580246913580247,11.336362838745117,0.1275626423690205,0.15681818181818183
342,0,21,1,32400,362,0.01117283950617284,9.718232154846191,0.05555555555555555,0.06353591160220995
342,0,21,2,32400,374,0.01154320987654321,9.585561752319336,0.0546875,0.0855614973262032
342,0,22,0,32400,488,0.015061728395061728,12.590163230895996,0.16818181818181818,0.1598360655737705
342,0,22,1,32400,390,0.012037037037037037,10.515384674072266,0.04696132596685083,0.05897435897435897
342,0,22,2,32400,405,0.0125,10.382716178894043,0.0855614973262032,0.08395061728395062
342,0,23,0,32400,467,0.01441358024691358,8.610278129577637,0.13524590163934427,0.15203426124197003
342,0,23,1,32400,373,0.011512345679012345,9.415550231933594,0.04871794871794872,0.0938337801608579
342,0,23,2,32400,368,0.011358024691358024,9.16032600402832,0.07407407407407407,0.07065217391304347
342,0,24,0,32400,436,0.01345679012345679,9.623852729797363,0.12205567451820129,0.11009174311926606
342,0,24,1,32400,410,0.012654320987654321,10.07317066192627,0.06702412868632708,0.06341463414634146
342,0,24,2,32400,412,0.01271604938271605,9.123786926269531,0.07336956521739131,0.06067961165048544
342,0,25,0,32400,457,0.014104938271604939,14.479212760925293,0.12385321100917432,0.1487964989059081
342,0,25,1,32400,346,0.010679012345679013,14.115606307983398,0.03414634146341464,0.02023121387283237
342,0,25,2,32400,400,0.012345679012345678,14.22249984741211,0.06310679611650485,0.0775
342,0,26,0,32400,439,0.013549382716049383,7.512528896331787,0.13129102844638948,0.18906605922551253
342,0,26,1,32400,364,0.011234567901234569,7.670330047607422,0.031791907514450865,0.046703296703296704
342,0,26,2,32400,421,0.012993827160493828,6.577197551727295,0.07,0.1021377672209026
342,0,27,0,32400,449,0.013858024691358025,9.135857582092285,0.14578587699316628,0.15367483296213807
342,0,27,1,32400,363,0.011203703703703704,9.413223266601562,0.03296703296703297,0.03305785123966942
342,0,27,2,32400,407,0.012561728395061728,8.375921249389648,0.08076009501187649,0.11302211302211303
342,0,28,0,32400,434,0.013395061728395061,27.412445068359375,0.1403118040089087,0.1774193548387097
342,0,28,1,32400,390,0.012037037037037037,19.646154403686523,0.03305785123966942,0.041025641025641026
342,0,28,2,32400,389,0.012006172839506174,26.24164581298828,0.056511056511056514,0.08997429305912596
342,0,29,0,32400,472,0.014567901234567901,10.463983535766602,0.12211981566820276,0.11440677966101695
342,0,29,1,32400,339,0.010462962962962962,13.613569259643555,0.028205128205128206,0.04129793510324484
342,0,29,2,32400,411,0.012685185185185185,12.74209213256836,0.07712082262210797,0.09975669099756691
342,0,30,0,32400,480,0.014814814814814815,18.600000381469727,0.11228813559322035,0.16041666666666668
342,0,30,1,32400,352,0.010864197530864197,20.03977394104004,0.032448377581120944,0.017045454545454544
342,0,30,2,32400,400,0.012345679012345678,16.197500228881836,0.06326034063260341,0.11
342,0,31,0,32400,459,0.014166666666666666,28.94989013671875,0.12083333333333333,0.12418300653594772
342,0,31,1,32400,327,0.010092592592592592,24.097862243652344,0.022727272727272728,0.04892966360856269
342,0,31,2,32400,360,0.011111111111111112,23.34166717529297,0.045,0.08055555555555556
342,0,32,0,32400,462,0.01425925925925926,15.872294425964355,0.12854030501089325,0.14502164502164502
342,0,32,1,32400,370,0.011419753086419753,16.329730987548828,0.021406727828746176,0.04864864864864865
342,0,32,2,32400,399,0.012314814814814815,17.837093353271484,0.07222222222222222,0.09273182957393483
342,0,33,0,32400,452,0.013950617283950617,34.161502838134766,0.14935064935064934,0.20575221238938052
342,0,33,1,32400,359,0.011080246913580246,21.80501365661621,0.051351351351351354,0.07520891364902507
342,0,33,2,32400,433,0.013364197530864198,18.586605072021484,0.05764411027568922,0.10161662817551963
342,0,34,0,32400,460,0.014197530864197531,7.708695411682129,0.14380530973451328,0.1673913043478261
342,0,34,1,32400,373,0.011512345679012345,9.14477252960205,0.03899721448467967,0.05361930294906166
342,0,34,2,32400,366,0.011296296296296296,10.472677230834961,0.06697459584295612,0.07923497267759563
342,0,35,0,32400,458,0.014135802469135803,36.14192199707031,0.12391304347826088,0.15065502183406113
342,0,35,1,32400,368,0.011358024691358024,18.005435943603516,0.05093833780160858,0.059782608695652176
342,0,35,2,32400,404,0.012469135802469136,16.628711700439453,0.06830601092896176,0.07178217821782178
342,1,1,0,32400,425,0.013117283950617283,12.037646293640137,-1.0,0.11294117647058824
342,1,1,1,32400,357,0.011018518518518518,13.005602836608887,-1.0,0.05042016806722689
342,1,1,2,32400,403,0.012438271604938272,11.550868034362793,-1.0,0.04962779156327544
342,1,2,0,32400,426,0.013148148148148148,15.450704574584961,0.10823529411764705,0.11971830985915492
342,1,2,1,32400,367,0.01132716049382716,15.185285568237305,0.05042016806722689,0.05722070844686648
342,1,2,2,32400,383,0.011820987654320988,15.817233085632324,0.03722084367245657,0.0391644908616188
342,1,3,0,32400,412,0.01271604938271605,13.946601867675781,0.09389671361502347,0.11407766990291263
342,1,3,1,32400,387,0.011944444444444445,14.279069900512695,0.043596730245231606,0.046511627906976744
342,1,3,2,32400,413,0.012746913580246913,11.723971366882324,0.05483028720626632,0.04600484261501211
342,1,4,0,32400,418,0.012901234567901234,19.196170806884766,0.11165048543689321,0.11722488038277512
342,1,4,1,32400,318,0.009814814814814814,14.767294883728027,0.04392764857881137,0.050314465408805034
342,1,4,2,32400,376,0.011604938271604939,10.795212745666504,0.04116222760290557,0.061170212765957445
342,1,5,0,32400,439,0.013549382716049383,13.453303337097168,0.09569377990430622,0.09111617312072894
342,1,5,1,32400,348,0.01074074074074074,21.62931251525879,0.059748427672955975,0.05747126436781609
342,1,5,2,32400,379,0.01169753086419753,13.13720417022705,0.061170212765957445,0.0712401055408971
342,1,6,0,32400,456,0.014074074074074074,11.4078950881958,0.08428246013667426,0.1206140350877193
342,1,6,1,32400,385,0.011882716049382716,13.911687850952148,0.05747126436781609,0.07532467532467532
342,1,6,2,32400,381,0.01175925925925926,13.448819160461426,0.06068601583113457,0.07611548556430446
342,1,7,0,32400,420,0.012962962962962963,9.202381134033203,0.10087719298245613,0.11428571428571428
342,1,7,1,32400,376,0.011604938271604939,9.186169624328613,0.05714285714285714,0.06382978723404255
342,1,7,2,32400,381,0.01175925925925926,10.091863632202148,0.06299212598425197,0.07349081364829396
342,1,8,0,32400,423,0.013055555555555556,14.867613792419434,0.10952380952380952,0.08983451536643026
342,1,8,1,32400,350,0.010802469135802469,15.579999923706055,0.034574468085106384,0.05714285714285714
342,1,8,2,32400,386,0.01191358024691358,11.97927474975586,0.049868766404199474,0.06735751295336788
342,1,9,0,32400,417,0.01287037037037037,8.779376983642578,0.11347517730496454,0.12709832134292565
342,1,9,1,32400,353,0.010895061728395062,8.71388053894043,0.06571428571428571,0.08781869688385269
342,1,9,2,32400,401,0.012376543209876543,8.703242301940918,0.05958549222797927,0.059850374064837904
342,1,10,0,32400,462,0.01425925925925926,17.83116912841797,0.13189448441247004,0.12987012987012986
342,1,10,1,32400,369,0.01138888888888889,12.593496322631836,0.04815864022662889,0.04065040650406504
342,1,10,2,32400,364,0.011234567901234569,11.085165023803711,0.06234413965087282,0.06593406593406594
342,1,11,0,32400,425,0.013117283950617283,17.348234176635742,0.11904761904761904,0.1811764705882353
342,1,11,1,32400,383,0.011820987654320988,14.007833480834961,0.04336043360433604,0.03655352480417755
342,1,11,2,32400,343,0.01058641975308642,13.556851387023926,0.04945054945054945,0.08746355685131195
342,1,12,0,32400,449,0.013858024691358025,10.89977741241455,0.14352941176470588,0.18262806236080179
342,1,12,1,32400,366,0.011296296296296296,7.590163707733154,0.04177545691906005,0.04371584699453552
342,1,12,2,32400,395,0.012191358024691358,11.0050630569458,0.061224489795918366,0.09113924050632911
342,1,13,0,32400,429,0.01324074074074074,13.202797889709473,0.1091314031180401,0.13053613053613053
342,1,13,1,32400,367,0.01132716049382716,10.250680923461914,0.03825136612021858,0.05994550408719346
342,1,13,2,32400,379,0.01169753086419753,7.994723320007324,0.053164556962025315,0.09498680738786279
342,1,14,0,32400,417,0.01287037037037037,8.685851097106934,0.13053613053613053,0.1606714628297362
342,1,14,1,32400,357,0.011018518518518518,8.89915943145752,0.04632152588555858,0.06442577030812324
342,1,14,2,32400,370,0.011419753086419753,8.108108520507812,0.05804749340369393,0.05675675675675676
342,1,15,0,32400,433,0.013364197530864198,11.655889511108398,0.1342925659472422,0.10854503464203233
342,1,15,1,32400,352,0.010864197530864197,14.085227966308594,0.0392156862745098,0.08238636363636363
342,1,15,2,32400,377,0.011635802469135802,10.880636215209961,0.03783783783783784,0.04774535809018567
342,1,16,0,32400,402,0.012407407407407407,10.104476928710938,0.09699769053117784,0.1044776119402985
342,1,16,1,32400,354,0.010925925925925926,11.666666984558105,0.06534090909090909,0.07344632768361582
342,1,16,2,32400,382,0.011790123456790123,12.60471248626709,0.04774535809018567,0.10209424083769633
342,1,17,0,32400,409,0.012623456790123456,16.78973388671875,0.11442786069651742,0.13447432762836187
342,1,17,1,32400,358,0.011049382716049383,9.072625160217285,0.05084745762711865,0.04748603351955307
342,1,17,2,32400,356,0.010987654320987654,9.82022476196289,0.03926701570680628,0.05337078651685393
342,1,18,0,32400,439,0.013549382716049383,20.17312240600586,0.11246943765281174,0.10022779043280182
342,1,18,1,32400,365,0.011265432098765432,19.96712303161621,0.04748603351955307,0.06027397260273973
342,1,18,2,32400,397,0.012253086419753086,12.96473503112793,0.05898876404494382,0.06297229219143577
342,1,19,0,32400,455,0.01404320987654321,13.931868553161621,0.11845102505694761,0.16043956043956045
342,1,19,1,32400,341,0.01052469135802469,11.683284759521484,0.052054794520547946,0.06158357771260997
342,1,19,2,32400,416,0.012839506172839505,11.591346740722656,0.07808564231738035,0.0889423076923077
342,1,20,0,32400,437,0.013487654320987655,15.512584686279297,0.13626373626373625,0.13729977116704806
342,1,20,1,32400,385,0.011882716049382716,14.818181991577148,0.05865102639296188,0.05974025974025974
342,1,20,2,32400,362,0.01117283950617284,12.72928237915039,0.06009615384615385,0.09116022099447514
342,1,21,0,32400,441,0.01361111111111111,10.800454139709473,0.13043478260869565,0.14058956916099774
342,1,21,1,32400,403,0.012438271604938272,10.049627304077148,0.05454545454545454,0.06947890818858561
342,1,21,2,32400,399,0.012314814814814815,9.734335899353027,0.06353591160220995,0.07518796992481203
342,1,22,0,32400,497,0.015339506172839506,11.400402069091797,0.1655328798185941,0.158953722334004
342,1,22,1,32400,384,0.011851851851851851,10.684896469116211,0.05955334987593052,0.059895833333333336
342,1,22,2,32400,385,0.011882716049382716,9.792207717895508,0.08020050125313283,0.08831168831168831
342,1,23,0,32400,455,0.01404320987654321,8.89011001586914,0.13682092555331993,0.14505494505494507
342,1,23,1,32400,367,0.01132716049382716,8.267029762268066,0.0546875,0.10354223433242507
342,1,23,2,32400,396,0.012222222222222223,9.88888931274414,0.08571428571428572,0.07323232323232323
342,1,24,0,32400,428,0.013209876543209877,7.913551330566406,0.11428571428571428,0.12383177570093458
342,1,24,1,32400,361,0.011141975308641975,9.083102226257324,0.07084468664850137,0.06371191135734072
342,1,24,2,32400,378,0.011666666666666667,8.574073791503906,0.06565656565656566,0.06084656084656084
342,1,25,0,32400,418,0.012901234567901234,15.241625785827637,0.1191588785046729,0.1722488038277512
342,1,25,1,32400,350,0.010802469135802469,10.462857246398926,0.0332409972299169,0.03428571428571429
342,1,25,2,32400,413,0.012746913580246913,13.45278549194336,0.06349206349206349,0.07990314769975787
342,1,26,0,32400,456,0.014074074074074074,8.291666984558105,0.145933014354067,0.17982456140350878
342,1,26,1,32400,366,0.011296296296296296,7.30327844619751,0.045714285714285714,0.030054644808743168
342,1,26,2,32400,393,0.012129629629629629,7.340967178344727,0.05569007263922518,0.09414758269720101
342,1,27,0,32400,422,0.013024691358024691,9.0,0.13596491228070176,0.16113744075829384
342,1,27,1,32400,360,0.011111111111111112,8.572222709655762,0.03278688524590164,0.027777777777777776
342,1,27,2,32400,389,0.012006172839506174,8.56041145324707,0.089058524173028,0.11311053984575835
342,1,28,0,32400,407,0.012561728395061728,23.37592124938965,0.12322274881516587,0.18427518427518427
342,1,28,1,32400,365,0.011265432098765432,20.53150749206543,0.03333333333333333,0.038356164383561646
342,1,28,2,32400,372,0.011481481481481481,24.970430374145508,0.05912596401028278,0.08333333333333333
342,1,29,0,32400,448,0.013827160493827161,11.183035850524902,0.13022113022113022,0.13616071428571427
342,1,29,1,32400,374,0.01154320987654321,15.06951904296875,0.0410958904109589,0.03208556149732621
342,1,29,2,32400,409,0.012623456790123456,12.985330581665039,0.08064516129032258,0.10757946210268948
342,1,30,0,32400,450,0.013888888888888888,15.737777709960938,0.13169642857142858,0.16666666666666666
342,1,30,1,32400,352,0.010864197530864197,20.56818199157715,0.034759358288770054,0.02556818181818182
342,1,30,2,32400,385,0.011882716049382716,20.475324630737305,0.06601466992665037,0.09610389610389611
342,1,31,0,32400,433,0.013364197530864198,20.468822479248047,0.11777777777777777,0.11547344110854503
342,1,31,1,32400,340,0.010493827160493827,22.36470603942871,0.022727272727272728,0.03235294117647059
342,1,31,2,32400,368,0.011358024691358024,20.69565200805664,0.05454545454545454,0.07065217391304347
342,1,32,0,32400,475,0.014660493827160493,17.73263168334961,0.12702078521939955,0.16421052631578947
342,1,32,1,32400,348,0.01074074074074074,16.560344696044922,0.029411764705882353,0.04885057471264368
342,1,32,2,32400,386,0.01191358024691358,18.27461051940918,0.08967391304347826,0.09585492227979274
342,1,33,0,32400,452,0.013950617283950617,25.690265655517578,0.13894736842105262,0.19690265486725664
342,1,33,1,32400,370,0.011419753086419753,17.95945930480957,0.05172413793103448,0.062162162162162166
342,1,33,2,32400,381,0.01175925925925926,21.328083038330078,0.05699481865284974,0.10498687664041995
342,1,34,0,32400,457,0.014104938271604939,9.59080982208252,0.13274336283185842,0.1772428884026258
342,1,34,1,32400,376,0.011604938271604939,9.470744132995605,0.043243243243243246,0.0425531914893617
342,1,34,2,32400,369,0.01138888888888889,8.588075637817383,0.07349081364829396,0.07859078590785908
342,1,35,0,32400,461,0.014228395061728395,25.804773330688477,0.12910284463894967,0.1475054229934924
342,1,35,1,32400,360,0.011111111111111112,17.791667938232422,0.0398936170212766,0.03333333333333333
342,1,35,2,32400,348,0.01074074074074074,17.462642669677734,0.05962059620596206,0.07183908045977011
342,2,1,0,32400,422,0.013024691358024691,12.085308074951172,-1.0,0.10900473933649289
342,2,1,1,32400,342,0.010555555555555556,11.020467758178711,-1.0,0.04678362573099415
342,2,1,2,32400,361,0.011141975308641975,9.897506713867188,-1.0,0.06925207756232687
342,2,2,0,32400,404,0.012469135802469136,15.341584205627441,0.1018957345971564,0.11138613861386139
342,2,2,1,32400,363,0.011203703703703704,16.07988929748535,0.043859649122807015,0.05785123966942149
342,2,2,2,32400,373,0.011512345679012345,14.174263000488281,0.04155124653739612,0.03753351206434316
342,2,3,0,32400,398,0.012283950617283951,9.778894424438477,0.10148514851485149,0.12562814070351758
342,2,3,1,32400,365,0.011265432098765432,10.682191848754883,0.04132231404958678,0.052054794520547946
342,2,3,2,32400,366,0.011296296296296296,9.915300369262695,0.045576407506702415,0.04644808743169399
342,2,4,0,32400,399,0.012314814814814815,16.41353416442871,0.10301507537688442,0.11779448621553884
342,2,4,1,32400,330,0.010185185185185186,17.827272415161133,0.052054794520547946,0.04242424242424243
342,2,4,2,32400,380,0.011728395061728396,11.61842155456543,0.04371584699453552,0.06315789473684211
342,2,5,0,32400,404,0.012469135802469136,18.72772216796875,0.09774436090225563,0.10396039603960396
342,2,5,1,32400,345,0.010648148148148148,21.472463607788086,0.06060606060606061,0.04927536231884058
342,2,5,2,32400,386,0.01191358024691358,21.095853805541992,0.05263157894736842,0.06735751295336788
342,2,6,0,32400,400,0.012345679012345678,12.427499771118164,0.08663366336633663,0.1575
342,2,6,1,32400,383,0.011820987654320988,16.04960823059082,0.057971014492753624,0.0835509138381201
342,2,6,2,32400,386,0.01191358024691358,13.984456062316895,0.054404145077720206,0.07512953367875648
342,2,7,0,32400,432,0.013333333333333334,10.340277671813965,0.1175,0.11574074074074074
342,2,7,1,32400,335,0.010339506172839507,10.42089557647705,0.04960835509138381,0.05373134328358209
342,2,7,2,32400,386,0.01191358024691358,10.541450500488281,0.05699481865284974,0.06476683937823834
342,2,8,0,32400,435,0.013425925925925926,10.72873592376709,0.09953703703703703,0.10114942528735632
342,2,8,1,32400,365,0.011265432098765432,16.958904266357422,0.04776119402985075,0.06301369863013699
342,2,8,2,32400,377,0.011635802469135802,13.230769157409668,0.054404145077720206,0.06896551724137931
342,2,9,0,32400,422,0.013024691358024691,9.907583236694336,0.11494252873563218,0.12559241706161137
342,2,9,1,32400,360,0.011111111111111112,9.672222137451172,0.07397260273972603,0.08888888888888889
342,2,9,2,32400,402,0.012407407407407407,10.273632049560547,0.058355437665782495,0.05223880597014925
342,2,10,0,32400,454,0.014012345679012345,12.986783981323242,0.11137440758293839,0.1343612334801762
342,2,10,1,32400,384,0.011851851851851851,10.481771469116211,0.05277777777777778,0.0546875
342,2,10,2,32400,409,0.012623456790123456,14.520783424377441,0.06467661691542288,0.07334963325183375
342,2,11,0,32400,456,0.014074074074074074,11.995614051818848,0.1145374449339207,0.17543859649122806
342,2,11,1,32400,355,0.010956790123456791,10.264788627624512,0.0546875,0.05070422535211268
342,2,11,2,32400,407,0.012561728395061728,13.889434814453125,0.04645476772616137,0.08353808353808354
342,2,12,0,32400,462,0.01425925925925926,10.19913387298584,0.13815789473684212,0.17532467532467533
342,2,12,1,32400,378,0.011666666666666667,10.883597373962402,0.05070422535211268,0.05026455026455026
342,2,12,2,32400,389,0.012006172839506174,9.210797309875488,0.06388206388206388,0.07455012853470437
342,2,13,0,32400,409,0.012623456790123456,14.188264846801758,0.1038961038961039,0.13202933985330073
342,2,13,1,32400,345,0.010648148148148148,16.889856338500977,0.03439153439153439,0.0782608695652174
342,2,13,2,32400,387,0.011944444444444445,7.77519416809082,0.05398457583547558,0.07751937984496124
342,2,14,0,32400,396,0.012222222222222223,9.671716690063477,0.13202933985330073,0.15656565656565657
342,2,14,1,32400,368,0.011358024691358024,8.67934799194336,0.03768115942028986,0.07065217391304347
342,2,14,2,32400,369,0.01138888888888889,8.476964950561523,0.05167958656330749,0.05420054200542006
342,2,15,0,32400,428,0.013209876543209877,12.742990493774414,0.12878787878787878,0.1191588785046729
342,2,15,1,32400,365,0.011265432098765432,12.736987113952637,0.035326086956521736,0.07397260273972603
342,2,15,2,32400,369,0.01138888888888889,10.867208480834961,0.032520325203252036,0.04336043360433604
342,2,16,0,32400,421,0.012993827160493828,12.308789253234863,0.09579439252336448,0.11401425178147269
342,2,16,1,32400,360,0.011111111111111112,15.866666793823242,0.06575342465753424,0.058333333333333334
342,2,16,2,32400,376,0.011604938271604939,12.60372257232666,0.04336043360433604,0.08244680851063829
342,2,17,0,32400,436,0.01345679012345679,17.373855590820312,0.12826603325415678,0.14908256880733944
342,2,17,1,32400,365,0.011265432098765432,17.232879638671875,0.03888888888888889,0.0547945205479452
342,2,17,2,32400,358,0.011049382716049383,12.19552993774414,0.0398936170212766,0.05027932960893855
342,2,18,0,32400,447,0.013796296296296296,20.042505264282227,0.11009174311926606,0.1029082774049217
342,2,18,1,32400,384,0.011851851851851851,12.109375,0.0410958904109589,0.059895833333333336
342,2,18,2,32400,398,0.012283950617283951,14.82663345336914,0.05307262569832402,0.0678391959798995
342,2,19,0,32400,438,0.013518518518518518,13.175798416137695,0.12304250559284116,0.1598173515981735
342,2,19,1,32400,350,0.010802469135802469,11.022856712341309,0.046875,0.06571428571428571
342,2,19,2,32400,382,0.011790123456790123,11.701570510864258,0.06532663316582915,0.10209424083769633
342,2,20,0,32400,427,0.013179012345679012,16.323184967041016,0.13926940639269406,0.117096018735363
342,2,20,1,32400,375,0.011574074074074073,13.11733341217041,0.05714285714285714,0.06133333333333333
342,2,20,2,32400,374,0.01154320987654321,15.534759521484375,0.060209424083769635,0.10695187165775401
342,2,21,0,32400,476,0.014691358024691358,10.703782081604004,0.1405152224824356,0.15336134453781514
342,2,21,1,32400,349,0.010771604938271605,9.873926162719727,0.056,0.0659025787965616
342,2,21,2,32400,379,0.01169753086419753,9.348285675048828,0.053475935828877004,0.079155672823219
342,2,22,0,32400,473,0.014598765432098766,12.369978904724121,0.15756302521008403,0.17758985200845667
342,2,22,1,32400,361,0.011141975308641975,12.03878116607666,0.04871060171919771,0.05817174515235457
342,2,22,2,32400,390,0.012037037037037037,10.169231414794922,0.0870712401055409,0.09743589743589744
342,2,23,0,32400,433,0.013364197530864198,8.97690486907959,0.13953488372093023,0.15242494226327943
342,2,23,1,32400,387,0.011944444444444445,8.865633010864258,0.06925207756232687,0.08527131782945736
342,2,23,2,32400,394,0.012160493827160494,9.312182426452637,0.08205128205128205,0.07360406091370558
342,2,24,0,32400,438,0.013518518518518518,8.118721008300781,0.12471131639722864,0.1095890410958904
342,2,24,1,32400,340,0.010493827160493827,9.032353401184082,0.06201550387596899,0.06764705882352941
342,2,24,2,32400,350,0.010802469135802469,8.319999694824219,0.07106598984771574,0.06857142857142857
342,2,25,0,32400,412,0.01271604938271605,16.747573852539062,0.12100456621004566,0.18689320388349515
342,2,25,1,32400,339,0.010462962962962962,16.47197723388672,0.03529411764705882,0.017699115044247787
342,2,25,2,32400,373,0.011512345679012345,15.069705963134766,0.06571428571428571,0.10187667560321716
342,2,26,0,32400,440,0.013580246913580247,8.452272415161133,0.1529126213592233,0.17727272727272728
342,2,26,1,32400,356,0.010987654320987654,7.991573333740234,0.02654867256637168,0.05337078651685393
342,2,26,2,32400,377,0.011635802469135802,8.103447914123535,0.06702412868632708,0.09283819628647215
342,2,27,0,32400,437,0.013487654320987655,9.739130020141602,0.1431818181818182,0.13729977116704806
342,2,27,1,32400,321,0.009907407407407408,8.785046577453613,0.047752808988764044,0.03426791277258567
342,2,27,2,32400,374,0.01154320987654321,7.7967915534973145,0.07161803713527852,0.0962566844919786
342,2,28,0,32400,443,0.013672839506172839,19.68623161315918,0.11899313501144165,0.18510158013544017
342,2,28,1,32400,344,0.010617283950617284,21.122093200683594,0.04361370716510903,0.05232558139534884
342,2,28,2,32400,384,0.011851851851851851,23.85677146911621,0.06149732620320856,0.09114583333333333
342,2,29,0,32400,428,0.013209876543209877,11.621495246887207,0.12189616252821671,0.14485981308411214
342,2,29,1,32400,359,0.011080246913580246,12.130919456481934,0.03197674418604651,0.019498607242339833
342,2,29,2,32400,387,0.011944444444444445,11.129199028015137,0.0859375,0.10594315245478036
342,2,30,0,32400,476,0.014691358024691358,16.60924530029297,0.1308411214953271,0.15966386554621848
342,2,30,1,32400,340,0.010493827160493827,14.502941131591797,0.03899721448467967,0.029411764705882353
342,2,30,2,32400,413,0.012746913580246913,19.348669052124023,0.07493540051679587,0.10411622276029056
342,2,31,0,32400,430,0.013271604938271606,25.555814743041992,0.11554621848739496,0.12790697674418605
342,2,31,1,32400,367,0.01132716049382716,23.25613021850586,0.01764705882352941,0.04904632152588556
342,2,31,2,32400,376,0.011604938271604939,20.84308624267578,0.048426150121065374,0.07180851063829788
342,2,32,0,32400,422,0.013024691358024691,15.665877342224121,0.12325581395348838,0.17535545023696683
342,2,32,1,32400,373,0.011512345679012345,13.493297576904297,0.01907356948228883,0.045576407506702415
342,2,32,2,32400,398,0.012283950617283951,16.899497985839844,0.06648936170212766,0.07788944723618091
342,2,33,0,32400,461,0.014228395061728395,30.61388397216797,0.15402843601895735,0.19522776572668113
342,2,33,1,32400,378,0.011666666666666667,21.579364776611328,0.040214477211796246,0.08465608465608465
342,2,33,2,32400,401,0.012376543209876543,23.256858825683594,0.052763819095477386,0.09476309226932668
342,2,34,0,32400,495,0.015277777777777777,9.214141845703125,0.14316702819956617,0.1494949494949495
342,2,34,1,32400,362,0.01117283950617284,9.859116554260254,0.04497354497354497,0.03867403314917127
342,2,34,2,32400,370,0.011419753086419753,9.189188957214355,0.08229426433915212,0.07567567567567568
342,2,35,0,32400,454,0.014012345679012345,20.03964614868164,0.11313131313131314,0.13656387665198239
342,2,35,1,32400,353,0.010895061728395062,26.37677001953125,0.03591160220994475,0.042492917847025496
342,2,35,2,32400,369,0.01138888888888889,11.91327953338623,0.051351351351351354,0.06504065040650407
342,3,1,0,32400,410,0.012654320987654321,9.83658504486084,-1.0,0.1048780487804878
342,3,1,1,32400,352,0.010864197530864197,10.83238697052002,-1.0,0.045454545454545456
342,3,1,2,32400,364,0.011234567901234569,11.153846740722656,-1.0,0.06868131868131869
342,3,2,0,32400,426,0.013148148148148148,12.713615417480469,0.11463414634146342,0.12910798122065728
342,3,2,1,32400,333,0.010277777777777778,12.0,0.04261363636363636,0.057057057057057055
342,3,2,2,32400,375,0.011574074074074073,13.2586669921875,0.054945054945054944,0.048
342,3,3,0,32400,438,0.013518518518518518,9.961186408996582,0.09624413145539906,0.12557077625570776
342,3,3,1,32400,342,0.010555555555555556,16.456140518188477,0.05105105105105105,0.049707602339181284
342,3,3,2,32400,384,0.011851851851851851,12.296875,0.056,0.0546875
342,3,4,0,32400,437,0.013487654320987655,17.100685119628906,0.091324200913242,0.13272311212814644
342,3,4,1,32400,368,0.011358024691358024,14.10326099395752,0.05555555555555555,0.04619565217391304
342,3,4,2,32400,350,0.010802469135802469,12.268570899963379,0.041666666666666664,0.06285714285714286
342,3,5,0,32400,424,0.01308641975308642,17.516510009765625,0.08924485125858124,0.09198113207547169
342,3,5,1,32400,402,0.012407407407407407,22.771142959594727,0.057065217391304345,0.05223880597014925
342,3,5,2,32400,388,0.011975308641975308,15.231958389282227,0.06285714285714286,0.06701030927835051
342,3,6,0,32400,431,0.013302469135802469,12.440834999084473,0.07547169811320754,0.1345707656612529
342,3,6,1,32400,344,0.010617283950617284,14.06686019897461,0.05721393034825871,0.0755813953488372
342,3,6,2,32400,384,0.011851851851851851,9.4921875,0.05412371134020619,0.06770833333333333
342,3,7,0,32400,388,0.011975308641975308,10.760309219360352,0.11136890951276102,0.13917525773195877
342,3,7,1,32400,349,0.010771604938271605,10.120344161987305,0.06395348837209303,0.06876790830945559
342,3,7,2,32400,384,0.011851851851851851,8.390625,0.0546875,0.0703125
342,3,8,0,32400,427,0.013179012345679012,14.283371925354004,0.11597938144329897,0.09601873536299765
342,3,8,1,32400,373,0.011512345679012345,16.340482711791992,0.04011461318051576,0.06166219839142091
342,3,8,2,32400,360,0.011111111111111112,10.655555725097656,0.052083333333333336,0.05277777777777778
342,3,9,0,32400,427,0.013179012345679012,10.48243522644043,0.11007025761124122,0.1358313817330211
342,3,9,1,32400,396,0.012222222222222223,10.252525329589844,0.064343163538874,0.09090909090909091
342,3,9,2,32400,374,0.01154320987654321,8.259358406066895,0.058333333333333334,0.06417112299465241
342,3,10,0,32400,427,0.013179012345679012,14.316158294677734,0.11007025761124122,0.14754098360655737
342,3,10,1,32400,330,0.010185185185185186,11.627272605895996,0.050505050505050504,0.07272727272727272
342,3,10,2,32400,391,0.0120679012345679,14.644500732421875,0.0748663101604278,0.0741687979539642
342,3,11,0,32400,461,0.014228395061728395,14.147505760192871,0.11943793911007025,0.1561822125813449
342,3,11,1,32400,345,0.010648148148148148,13.034783363342285,0.051515151515151514,0.05217391304347826
342,3,11,2,32400,382,0.011790123456790123,12.562827110290527,0.05115089514066496,0.08638743455497382
342,3,12,0,32400,443,0.013672839506172839,11.203160285949707,0.1279826464208243,0.18058690744920994
342,3,12,1,32400,396,0.012222222222222223,10.434343338012695,0.04927536231884058,0.06060606060606061
342,3,12,2,32400,395,0.012191358024691358,8.855696678161621,0.06544502617801047,0.07088607594936709
342,3,13,0,32400,393,0.012129629629629629,12.157760620117188,0.11286681715575621,0.13231552162849872
342,3,13,1,32400,356,0.010987654320987654,12.90168571472168,0.03535353535353535,0.056179775280898875
342,3,13,2,32400,359,0.011080246913580246,16.97771644592285,0.04556962025316456,0.07520891364902507
342,3,14,0,32400,444,0.013703703703703704,9.34009075164795,0.1450381679389313,0.16666666666666666
342,3,14,1,32400,368,0.011358024691358024,9.198369979858398,0.05337078651685393,0.051630434782608696
342,3,14,2,32400,387,0.011944444444444445,9.17054271697998,0.06406685236768803,0.05167958656330749
342,3,15,0,32400,437,0.013487654320987655,12.469106674194336,0.11936936936936937,0.12356979405034325
342,3,15,1,32400,384,0.011851851851851851,13.4609375,0.04076086956521739,0.08072916666666667
342,3,15,2,32400,389,0.012006172839506174,8.123393058776855,0.03617571059431524,0.04884318766066838
342,3,16,0,32400,414,0.012777777777777779,13.710144996643066,0.09382151029748284,0.09420289855072464
342,3,16,1,32400,354,0.010925925925925926,12.305085182189941,0.052083333333333336,0.06779661016949153
342,3,16,2,32400,367,0.01132716049382716,10.833786964416504,0.04627249357326478,0.08719346049046321
342,3,17,0,32400,415,0.012808641975308642,11.549397468566895,0.10869565217391304,0.13012048192771083
342,3,17,1,32400,401,0.012376543209876543,11.807981491088867,0.04519774011299435,0.04239401496259352
342,3,17,2,32400,355,0.010956790123456791,15.473241806030273,0.0326975476839237,0.05070422535211268
342,3,18,0,32400,430,0.013271604938271606,16.023256301879883,0.1180722891566265,0.10465116279069768
342,3,18,1,32400,371,0.011450617283950618,16.495956420898438,0.0399002493765586,0.0646900269541779
342,3,18,2,32400,366,0.011296296296296296,14.513660430908203,0.0647887323943662,0.06830601092896176
342,3,19,0,32400,434,0.013395061728395061,13.629032135009766,0.12558139534883722,0.1497695852534562
342,3,19,1,32400,368,0.011358024691358024,10.654891967773438,0.05121293800539083,0.07065217391304347
342,3,19,2,32400,374,0.01154320987654321,9.652406692504883,0.08196721311475409,0.08823529411764706
342,3,20,0,32400,441,0.01361111111111111,15.589569091796875,0.1382488479262673,0.12698412698412698
342,3,20,1,32400,371,0.011450617283950618,13.611859321594238,0.057065217391304345,0.0673854447439353
342,3,20,2,32400,412,0.01271604938271605,12.597087860107422,0.06149732620320856,0.08737864077669903
342,3,21,0,32400,422,0.013024691358024691,10.720379829406738,0.12244897959183673,0.17298578199052134
342,3,21,1,32400,377,0.011635802469135802,10.445623397827148,0.05390835579514825,0.06631299734748011
342,3,21,2,32400,389,0.012006172839506174,8.169665336608887,0.04854368932038835,0.06940874035989718
342,3,22,0,32400,486,0.015,11.847736358642578,0.17535545023696683,0.15637860082304528
342,3,22,1,32400,372,0.011481481481481481,10.4408597946167,0.04509283819628647,0.05913978494623656
342,3,22,2,32400,411,0.012685185185185185,10.549878120422363,0.08740359897172237,0.09002433090024331
342,3,23,0,32400,440,0.013580246913580247,8.956817626953125,0.13991769547325103,0.14772727272727273
342,3,23,1,32400,377,0.011635802469135802,10.135278701782227,0.05913978494623656,0.06896551724137931
342,3,23,2,32400,346,0.010679012345679013,9.346820831298828,0.07785888077858881,0.09826589595375723
342,3,24,0,32400,443,0.013672839506172839,9.282167434692383,0.12272727272727273,0.11963882618510158
342,3,24,1,32400,350,0.010802469135802469,8.128571510314941,0.06631299734748011,0.06571428571428571
342,3,24,2,32400,392,0.012098765432098766,8.74234676361084,0.0953757225433526,0.07397959183673469
342,3,25,0,32400,427,0.013179012345679012,20.7728328704834,0.12641083521444696,0.15690866510538642
342,3,25,1,32400,357,0.011018518518518518,7.48179292678833,0.03428571428571429,0.03361344537815126
342,3,25,2,32400,391,0.0120679012345679,14.335038185119629,0.06887755102040816,0.08184143222506395
342,3,26,0,32400,441,0.01361111111111111,7.519274711608887,0.14988290398126464,0.17913832199546487
342,3,26,1,32400,358,0.011049382716049383,9.06145191192627,0.03361344537815126,0.030726256983240222
342,3,26,2,32400,383,0.011820987654320988,6.590078353881836,0.06905370843989769,0.11488250652741515
342,3,27,0,32400,432,0.013333333333333334,10.45138931274414,0.14285714285714285,0.1574074074074074
342,3,27,1,32400,362,0.01117283950617284,9.563536643981934,0.03910614525139665,0.03038674033149171
342,3,27,2,32400,365,0.011265432098765432,7.8082194328308105,0.07049608355091384,0.09863013698630137
342,3,28,0,32400,469,0.014475308641975309,17.202560424804688,0.13194444444444445,0.17484008528784648
342,3,28,1,32400,363,0.011203703703703704,18.22865104675293,0.03591160220994475,0.0440771349862259
342,3,28,2,32400,414,0.012777777777777779,29.25362205505371,0.0684931506849315,0.10628019323671498
342,3,29,0,32400,443,0.013672839506172839,12.774266242980957,0.11300639658848614,0.1489841986455982
342,3,29,1,32400,345,0.010648148148148148,13.046377182006836,0.03581267217630854,0.03188405797101449
342,3,29,2,32400,389,0.012006172839506174,12.580976486206055,0.07246376811594203,0.11311053984575835
342,3,30,0,32400,436,0.01345679012345679,19.86238670349121,0.1309255079006772,0.18577981651376146
342,3,30,1,32400,370,0.011419753086419753,19.03513526916504,0.0463768115942029,0.024324324324324326
342,3,30,2,32400,390,0.012037037037037037,19.892309188842773,0.07197943444730077,0.11282051282051282
342,3,31,0,32400,469,0.014475308641975309,25.628997802734375,0.12844036697247707,0.1279317697228145
342,3,31,1,32400,375,0.011574074074074073,34.733333587646484,0.016216216216216217,0.056
342,3,31,2,32400,348,0.01074074074074074,27.16666603088379,0.05384615384615385,0.07471264367816093
342,3,32,0,32400,426,0.013148148148148148,16.05164337158203,0.1257995735607676,0.1643192488262911
342,3,32,1,32400,375,0.011574074074074073,14.309332847595215,0.018666666666666668,0.048
342,3,32,2,32400,358,0.011049382716049383,20.078210830688477,0.07183908045977011,0.09217877094972067
342,3,33,0,32400,458,0.014135802469135803,21.120088577270508,0.15492957746478872,0.18340611353711792
342,3,33,1,32400,372,0.011481481481481481,18.06182861328125,0.048,0.05913978494623656
342,3,33,2,32400,390,0.012037037037037037,22.294872283935547,0.0670391061452514,0.11025641025641025
342,3,34,0,32400,478,0.014753086419753087,10.543932914733887,0.1462882096069869,0.1589958158995816
342,3,34,1,32400,374,0.01154320987654321,11.334224700927734,0.04032258064516129,0.0481283422459893
342,3,34,2,32400,386,0.01191358024691358,9.549222946166992,0.07948717948717948,0.08549222797927461
342,3,35,0,32400,499,0.015401234567901234,22.811622619628906,0.11715481171548117,0.12424849699398798
342,3,35,1,32400,379,0.01169753086419753,23.693931579589844,0.0427807486631016,0.03430079155672823
342,3,35,2,32400,389,0.012006172839506174,10.532134056091309,0.06217616580310881,0.07455012853470437
343,0,1,0,32400,417,0.01287037037037037,17.959232330322266,-1.0,0.12470023980815348
343,0,1,1,32400,377,0.011635802469135802,12.395225524902344,-1.0,0.05305039787798409
343,0,1,2,32400,358,0.011049382716049383,14.5,-1.0,0.05027932960893855
343,0,2,0,32400,394,0.012160493827160494,15.469542503356934,0.09592326139088729,0.12690355329949238
343,0,2,1,32400,364,0.011234567901234569,13.403846740722656,0.04774535809018567,0.04945054945054945
343,0,2,2,32400,377,0.011635802469135802,10.429708480834961,0.04748603351955307,0.05305039787798409
343,0,3,0,32400,401,0.012376543209876543,18.845386505126953,0.10406091370558376,0.12219451371571072
343,0,3,1,32400,361,0.011141975308641975,18.51246452331543,0.0521978021978022,0.038781163434903045
343,0,3,2,32400,402,0.012407407407407407,15.855721473693848,0.05305039787798409,0.05223880597014925
343,0,4,0,32400,414,0.012777777777777779,13.794685363769531,0.09476309226932668,0.10869565217391304
343,0,4,1,32400,382,0.011790123456790123,20.945026397705078,0.04986149584487535,0.060209424083769635
343,0,4,2,32400,390,0.012037037037037037,19.22307777404785,0.05721393034825871,0.05897435897435897
343,0,5,0,32400,426,0.013148148148148148,14.408451080322266,0.0821256038647343,0.1431924882629108
343,0,5,1,32400,382,0.011790123456790123,13.963351249694824,0.06806282722513089,0.08900523560209424
343,0,5,2,32400,415,0.012808641975308642,11.269879341125488,0.06153846153846154,0.07951807228915662
343,0,6,0,32400,464,0.014320987654320988,10.392241477966309,0.11267605633802817,0.10991379310344827
343,0,6,1,32400,354,0.010925925925925926,10.093220710754395,0.05759162303664921,0.04519774011299435
343,0,6,2,32400,383,0.011820987654320988,9.642297744750977,0.05783132530120482,0.0835509138381201
343,0,7,0,32400,413,0.012746913580246913,17.745763778686523,0.09267241379310345,0.11138014527845036
343,0,7,1,32400,384,0.011851851851851851,11.5703125,0.03389830508474576,0.07552083333333333
343,0,7,2,32400,346,0.010679012345679013,8.260115623474121,0.05483028720626632,0.049132947976878616
343,0,8,0,32400,443,0.013672839506172839,10.126411437988281,0.10653753026634383,0.1309255079006772
343,0,8,1,32400,359,0.011080246913580246,9.562673568725586,0.07291666666666667,0.07520891364902507
343,0,8,2,32400,382,0.011790123456790123,9.246073722839355,0.06936416184971098,0.060209424083769635
343,0,9,0,32400,464,0.014320987654320988,13.448275566101074,0.11060948081264109,0.1314655172413793
343,0,9,1,32400,398,0.012283950617283951,15.14824104309082,0.05013927576601671,0.05778894472361809
343,0,9,2,32400,396,0.012222222222222223,13.11111068725586,0.08115183246073299,0.07575757575757576
343,0,10,0,32400,453,0.013981481481481482,12.759382247924805,0.11637931034482758,0.16556291390728478
343,0,10,1,32400,356,0.010987654320987654,12.323034286499023,0.04020100502512563,0.05898876404494382
343,0,10,2,32400,393,0.012129629629629629,14.043256759643555,0.04292929292929293,0.08396946564885496
343,0,11,0,32400,447,0.013796296296296296,9.378076553344727,0.1280353200883002,0.17002237136465326
343,0,11,1,32400,338,0.010432098765432099,8.860946655273438,0.05056179775280899,0.0650887573964497
343,0,11,2,32400,409,0.012623456790123456,6.980440616607666,0.07124681933842239,0.09290953545232274
343,0,12,0,32400,428,0.013209876543209877,25.50701141357422,0.10738255033557047,0.1308411214953271
343,0,12,1,32400,362,0.01117283950617284,13.872928619384766,0.04142011834319527,0.052486187845303865
343,0,12,2,32400,376,0.011604938271604939,12.64095687866211,0.0488997555012225,0.08244680851063829
343,0,13,0,32400,432,0.013333333333333334,8.74305534362793,0.1308411214953271,0.14351851851851852
343,0,13,1,32400,383,0.011820987654320988,10.514360427856445,0.04696132596685083,0.0391644908616188
343,0,13,2,32400,374,0.01154320987654321,9.0133695602417,0.06914893617021277,0.058823529411764705
343,0,14,0,32400,414,0.012777777777777779,11.589371681213379,0.12268518518518519,0.11594202898550725
343,0,14,1,32400,391,0.0120679012345679,13.956521987915039,0.04177545691906005,0.08184143222506395
343,0,14,2,32400,371,0.011450617283950618,11.083558082580566,0.0427807486631016,0.0431266846361186
343,0,15,0,32400,396,0.012222222222222223,13.002525329589844,0.10144927536231885,0.09343434343434344
343,0,15,1,32400,367,0.01132716049382716,13.049046516418457,0.056265984654731455,0.06267029972752043
343,0,15,2,32400,402,0.012407407407407407,10.649253845214844,0.04582210242587601,0.0845771144278607
343,0,16,0,32400,407,0.012561728395061728,14.963147163391113,0.11868686868686869,0.14742014742014742
343,0,16,1,32400,370,0.011419753086419753,11.954055786132812,0.04087193460490463,0.05945945945945946
343,0,16,2,32400,330,0.010185185185185186,13.975757598876953,0.03980099502487562,0.06666666666666667
343,0,17,0,32400,468,0.014444444444444444,21.119659423828125,0.11302211302211303,0.09401709401709402
343,0,17,1,32400,389,0.012006172839506174,11.850899696350098,0.043243243243243246,0.04884318766066838
343,0,17,2,32400,417,0.01287037037037037,17.844125747680664,0.06060606060606061,0.06235011990407674
343,0,18,0,32400,439,0.013549382716049383,13.164010047912598,0.11538461538461539,0.1571753986332574
343,0,18,1,32400,336,0.01037037037037037,13.410714149475098,0.04627249357326478,0.08333333333333333
343,0,18,2,32400,407,0.012561728395061728,16.94348907470703,0.05995203836930456,0.08845208845208845
343,0,19,0,32400,444,0.013703703703703704,13.168919563293457,0.1366742596810934,0.13063063063063063
343,0,19,1,32400,356,0.010987654320987654,14.387640953063965,0.05654761904761905,0.06179775280898876
343,0,19,2,32400,379,0.01169753086419753,14.203166961669922,0.06633906633906633,0.09498680738786279
343,0,20,0,32400,455,0.01404320987654321,10.709890365600586,0.12612612612612611,0.16263736263736264
343,0,20,1,32400,367,0.01132716049382716,10.681199073791504,0.05898876404494382,0.06267029972752043
343,0,20,2,32400,392,0.012098765432098766,9.415816307067871,0.0633245382585752,0.07653061224489796
343,0,21,0,32400,451,0.013919753086419753,11.689579010009766,0.16483516483516483,0.164079822616408
343,0,21,1,32400,363,0.011203703703703704,12.110193252563477,0.043596730245231606,0.07162534435261708
343,0,21,2,32400,382,0.011790123456790123,11.476439476013184,0.08418367346938775,0.09947643979057591
343,0,22,0,32400,473,0.014598765432098766,9.471458435058594,0.14855875831485588,0.15010570824524314
343,0,22,1,32400,400,0.012345679012345678,8.587499618530273,0.05785123966942149,0.075
343,0,22,2,32400,390,0.012037037037037037,9.461538314819336,0.08376963350785341,0.07948717948717948
343,0,23,0,32400,444,0.013703703703703704,8.243243217468262,0.11416490486257928,0.11936936936936937
343,0,23,1,32400,357,0.011018518518518518,8.733893394470215,0.0525,0.0784313725490196
343,0,23,2,32400,366,0.011296296296296296,8.251365661621094,0.06923076923076923,0.0546448087431694
343,0,24,0,32400,440,0.013580246913580247,16.740907669067383,0.12387387387387387,0.15681818181818183
343,0,24,1,32400,387,0.011944444444444445,11.731266021728516,0.03361344537815126,0.025839793281653745
343,0,24,2,32400,412,0.01271604938271605,16.14805793762207,0.06557377049180328,0.07766990291262135
343,0,25,0,32400,472,0.014567901234567901,7.71610164642334,0.1340909090909091,0.15889830508474576
343,0,25,1,32400,356,0.010987654320987654,7.620786666870117,0.03617571059431524,0.033707865168539325
343,0,25,2,32400,403,0.012438271604938272,7.908188343048096,0.06310679611650485,0.10669975186104218
343,0,26,0,32400,414,0.012777777777777779,10.287439346313477,0.13347457627118645,0.1570048309178744
343,0,26,1,32400,368,0.011358024691358024,9.69565200805664,0.03932584269662921,0.035326086956521736
343,0,26,2,32400,426,0.013148148148148148,8.239437103271484,0.0794044665012407,0.10328638497652583
343,0,27,0,32400,470,0.014506172839506172,21.123403549194336,0.13285024154589373,0.16595744680851063
343,0,27,1,32400,360,0.011111111111111112,16.900001525878906,0.029891304347826088,0.05
343,0,27,2,32400,409,0.012623456790123456,24.039121627807617,0.06807511737089202,0.097799511002445
343,0,28,0,32400,417,0.01287037037037037,12.863309860229492,0.12978723404255318,0.13908872901678657
343,0,28,1,32400,387,0.011944444444444445,12.310077667236328,0.030555555555555555,0.025839793281653745
343,0,28,2,32400,392,0.012098765432098766,13.647958755493164,0.07334963325183375,0.10204081632653061
343,0,29,0,32400,504,0.015555555555555555,17.535715103149414,0.12949640287769784,0.15079365079365079
343,0,29,1,32400,333,0.010277777777777778,18.705705642700195,0.025839793281653745,0.042042042042042045
343,0,29,2,32400,412,0.01271604938271605,18.538835525512695,0.07142857142857142,0.09223300970873786
343,0,30,0,32400,449,0.013858024691358025,34.34298324584961,0.10515873015873016,0.12694877505567928
343,0,30,1,32400,358,0.011049382716049383,30.768156051635742,0.024024024024024024,0.036312849162011177
343,0,30,2,32400,380,0.011728395061728396,35.997371673583984,0.0412621359223301,0.0868421052631579
343,0,31,0,32400,480,0.014814814814814815,16.975000381469727,0.1291759465478842,0.15416666666666667
343,0,31,1,32400,331,0.01021604938271605,15.924470901489258,0.025139664804469275,0.04833836858006042
343,0,31,2,32400,377,0.011635802469135802,17.761272430419922,0.06315789473684211,0.09814323607427056
343,0,32,0,32400,464,0.014320987654320988,22.422412872314453,0.14583333333333334,0.1788793103448276
343,0,32,1,32400,382,0.011790123456790123,33.866493225097656,0.04833836858006042,0.07068062827225131
343,0,32,2,32400,402,0.012407407407407407,23.94776153564453,0.0610079575596817,0.09701492537313433
343,0,33,0,32400,459,0.014166666666666666,9.590414047241211,0.1400862068965517,0.17647058823529413
343,0,33,1,32400,349,0.010771604938271605,8.13753604888916,0.03926701570680628,0.04871060171919771
343,0,33,2,32400,424,0.01308641975308642,9.007075309753418,0.07213930348258707,0.08962264150943396
343,0,34,0,32400,454,0.014012345679012345,29.524227142333984,0.12200435729847495,0.14096916299559473
343,0,34,1,32400,369,0.01138888888888889,22.460704803466797,0.04297994269340974,0.03523035230352303
343,0,34,2,32400,370,0.011419753086419753,19.435134887695312,0.049528301886792456,0.07567567567567568
343,0,35,0,32400,453,0.013981481481481482,11.32671070098877,0.1299559471365639,0.15673289183222958
343,0,35,1,32400,364,0.011234567901234569,8.65109920501709,0.04336043360433604,0.057692307692307696
343,0,35,2,32400,408,0.012592592592592593,12.55637264251709,0.06756756756756757,0.10784313725490197
343,1,1,0,32400,434,0.013395061728395061,13.103686332702637,-1.0,0.12442396313364056
343,1,1,1,32400,360,0.011111111111111112,15.922222137451172,-1.0,0.06388888888888888
343,1,1,2,32400,399,0.012314814814814815,15.19799518585205,-1.0,0.03759398496240601
343,1,2,0,32400,414,0.012777777777777779,10.019323348999023,0.0944700460829493,0.12077294685990338
343,1,2,1,32400,374,0.01154320987654321,13.216577529907227,0.05555555555555555,0.053475935828877004
343,1,2,2,32400,395,0.012191358024691358,11.881012916564941,0.047619047619047616,0.053164556962025315
343,1,3,0,32400,421,0.012993827160493828,16.07600975036621,0.09903381642512077,0.12589073634204276
343,1,3,1,32400,380,0.011728395061728396,16.357894897460938,0.05080213903743316,0.04473684210526316
343,1,3,2,32400,421,0.012993827160493828,16.002376556396484,0.05569620253164557,0.047505938242280284
343,1,4,0,32400,414,0.012777777777777779,10.893719673156738,0.1021377672209026,0.0966183574879227
343,1,4,1,32400,324,0.01,19.524690628051758,0.042105263157894736,0.06790123456790123
343,1,4,2,32400,376,0.011604938271604939,18.15691375732422,0.047505938242280284,0.06914893617021277
343,1,5,0,32400,448,0.013827160493827161,12.084821701049805,0.09178743961352658,0.12276785714285714
343,1,5,1,32400,354,0.010925925925925926,14.237288475036621,0.06790123456790123,0.08192090395480225
343,1,5,2,32400,385,0.011882716049382716,13.405194282531738,0.061170212765957445,0.07532467532467532
343,1,6,0,32400,462,0.01425925925925926,10.036796569824219,0.10714285714285714,0.11038961038961038
343,1,6,1,32400,384,0.011851851851851851,10.0078125,0.05084745762711865,0.0625
343,1,6,2,32400,367,0.01132716049382716,8.697547912597656,0.05974025974025974,0.08719346049046321
343,1,7,0,32400,406,0.012530864197530864,13.076354026794434,0.09090909090909091,0.09359605911330049
343,1,7,1,32400,378,0.011666666666666667,16.119047164916992,0.041666666666666664,0.07407407407407407
343,1,7,2,32400,380,0.011728395061728396,10.671052932739258,0.05722070844686648,0.04736842105263158
343,1,8,0,32400,433,0.013364197530864198,9.478059768676758,0.12315270935960591,0.11316397228637413
343,1,8,1,32400,350,0.010802469135802469,11.05142879486084,0.06349206349206349,0.07428571428571429
343,1,8,2,32400,395,0.012191358024691358,10.321518898010254,0.05789473684210526,0.07341772151898734
343,1,9,0,32400,427,0.013179012345679012,13.880561828613281,0.11778290993071594,0.13348946135831383
343,1,9,1,32400,355,0.010956790123456791,11.338027954101562,0.045714285714285714,0.04788732394366197
343,1,9,2,32400,406,0.012530864197530864,11.729063987731934,0.07088607594936709,0.07389162561576355
343,1,10,0,32400,466,0.014382716049382717,12.547210693359375,0.13348946135831383,0.1609442060085837
343,1,10,1,32400,358,0.011049382716049383,12.564245223999023,0.04225352112676056,0.03910614525139665
343,1,10,2,32400,356,0.010987654320987654,13.766854286193848,0.04433497536945813,0.0702247191011236
343,1,11,0,32400,428,0.013209876543209877,11.093457221984863,0.12875536480686695,0.1822429906542056
343,1,11,1,32400,379,0.01169753086419753,9.432718276977539,0.0446927374301676,0.047493403693931395
343,1,11,2,32400,354,0.010925925925925926,9.822033882141113,0.06179775280898876,0.0903954802259887
343,1,12,0,32400,429,0.01324074074074074,18.71794891357422,0.11682242990654206,0.1445221445221445
343,1,12,1,32400,367,0.01132716049382716,13.0,0.03430079155672823,0.04904632152588556
343,1,12,2,32400,385,0.011882716049382716,9.742856979370117,0.0423728813559322,0.09610389610389611
343,1,13,0,32400,442,0.013641975308641975,9.86651611328125,0.1258741258741259,0.15384615384615385
343,1,13,1,32400,361,0.011141975308641975,9.795013427734375,0.04904632152588556,0.05263157894736842
343,1,13,2,32400,361,0.011141975308641975,8.897506713867188,0.05194805194805195,0.06925207756232687
343,1,14,0,32400,406,0.012530864197530864,10.620689392089844,0.11538461538461539,0.1206896551724138
343,1,14,1,32400,374,0.01154320987654321,18.093584060668945,0.0443213296398892,0.09090909090909091
343,1,14,2,32400,374,0.01154320987654321,11.508021354675293,0.04986149584487535,0.05614973262032086
343,1,15,0,32400,429,0.01324074074074074,13.034965515136719,0.1206896551724138,0.09557109557109557
343,1,15,1,32400,338,0.010432098765432099,15.653846740722656,0.05080213903743316,0.05621301775147929
343,1,15,2,32400,396,0.012222222222222223,12.113636016845703,0.0481283422459893,0.07828282828282829
343,1,16,0,32400,410,0.012654320987654321,15.075611114501953,0.10955710955710955,0.14878048780487804
343,1,16,1,32400,358,0.011049382716049383,11.944133758544922,0.047337278106508875,0.0670391061452514
343,1,16,2,32400,356,0.010987654320987654,13.410114288330078,0.03787878787878788,0.06179775280898876
343,1,17,0,32400,421,0.012993827160493828,17.61282730102539,0.11707317073170732,0.09501187648456057
343,1,17,1,32400,359,0.011080246913580246,17.61281394958496,0.04189944134078212,0.04735376044568245
343,1,17,2,32400,380,0.011728395061728396,14.371053695678711,0.056179775280898875,0.06315789473684211
343,1,18,0,32400,445,0.013734567901234567,13.316854476928711,0.12826603325415678,0.15056179775280898
343,1,18,1,32400,365,0.011265432098765432,12.052055358886719,0.055710306406685235,0.06027397260273973
343,1,18,2,32400,405,0.0125,9.88888931274414,0.07105263157894737,0.08395061728395062
343,1,19,0,32400,451,0.013919753086419753,14.973392486572266,0.13258426966292136,0.13082039911308205
343,1,19,1,32400,344,0.010617283950617284,13.281976699829102,0.0547945205479452,0.06395348837209303
343,1,19,2,32400,407,0.012561728395061728,13.65601921081543,0.06666666666666667,0.08108108108108109
343,1,20,0,32400,454,0.014012345679012345,10.096916198730469,0.12416851441241686,0.15418502202643172
343,1,20,1,32400,392,0.012098765432098766,10.52550983428955,0.06686046511627906,0.058673469387755105
343,1,20,2,32400,367,0.01132716049382716,10.978201866149902,0.051597051597051594,0.07084468664850137
343,1,21,0,32400,453,0.013981481481481482,11.690949440002441,0.16519823788546256,0.16556291390728478
343,1,21,1,32400,403,0.012438271604938272,13.163771629333496,0.04081632653061224,0.062034739454094295
343,1,21,2,32400,407,0.012561728395061728,10.395577430725098,0.08719346049046321,0.10073710073710074
343,1,22,0,32400,480,0.014814814814814815,10.225000381469727,0.152317880794702,0.14166666666666666
343,1,22,1,32400,395,0.012191358024691358,9.101265907287598,0.06699751861042183,0.0759493670886076
343,1,22,2,32400,367,0.01132716049382716,9.21798324584961,0.08108108108108109,0.07629427792915532
343,1,23,0,32400,436,0.01345679012345679,7.325687885284424,0.11666666666666667,0.11238532110091744
343,1,23,1,32400,352,0.010864197530864197,9.880681991577148,0.05822784810126582,0.09375
343,1,23,2,32400,392,0.012098765432098766,8.762755393981934,0.07356948228882834,0.0663265306122449
343,1,24,0,32400,433,0.013364197530864198,16.251731872558594,0.11926605504587157,0.16859122401847576
343,1,24,1,32400,339,0.010462962962962962,10.061946868896484,0.04261363636363636,0.017699115044247787
343,1,24,2,32400,377,0.011635802469135802,9.750662803649902,0.05612244897959184,0.07427055702917772
343,1,25,0,32400,433,0.013364197530864198,8.07390308380127,0.13856812933025403,0.18475750577367206
343,1,25,1,32400,359,0.011080246913580246,8.111420631408691,0.038348082595870206,0.04456824512534819
343,1,25,2,32400,415,0.012808641975308642,8.183133125305176,0.06896551724137931,0.10361445783132531
343,1,26,0,32400,434,0.013395061728395061,9.161290168762207,0.15011547344110854,0.17050691244239632
343,1,26,1,32400,370,0.011419753086419753,7.778378486633301,0.052924791086350974,0.024324324324324326
343,1,26,2,32400,396,0.012222222222222223,8.184343338012695,0.06746987951807229,0.09090909090909091
343,1,27,0,32400,445,0.013734567901234567,22.146068572998047,0.12442396313364056,0.17303370786516853
343,1,27,1,32400,357,0.011018518518518518,17.46778678894043,0.02972972972972973,0.0392156862745098
343,1,27,2,32400,392,0.012098765432098766,24.364795684814453,0.07323232323232323,0.09438775510204081
343,1,28,0,32400,393,0.012129629629629629,10.885496139526367,0.12134831460674157,0.1450381679389313
343,1,28,1,32400,362,0.01117283950617284,11.850829124450684,0.03081232492997199,0.013812154696132596
343,1,28,2,32400,374,0.01154320987654321,12.566844940185547,0.07142857142857142,0.10160427807486631
343,1,29,0,32400,478,0.014753086419753087,18.242677688598633,0.14249363867684478,0.16317991631799164
343,1,29,1,32400,366,0.011296296296296296,16.292348861694336,0.03867403314917127,0.030054644808743168
343,1,29,2,32400,410,0.012654320987654321,19.56585693359375,0.07754010695187166,0.0975609756097561
343,1,30,0,32400,420,0.012962962962962963,32.47380828857422,0.1192468619246862,0.12857142857142856
343,1,30,1,32400,359,0.011080246913580246,28.824512481689453,0.02459016393442623,0.04735376044568245
343,1,30,2,32400,365,0.011265432098765432,42.975341796875,0.04390243902439024,0.07671232876712329
343,1,31,0,32400,456,0.014074074074074074,16.162281036376953,0.13095238095238096,0.15789473684210525
343,1,31,1,32400,344,0.010617283950617284,12.930232048034668,0.025069637883008356,0.040697674418604654
343,1,31,2,32400,383,0.011820987654320988,15.545692443847656,0.07397260273972603,0.0835509138381201
343,1,32,0,32400,478,0.014753086419753087,29.742677688598633,0.14692982456140352,0.19456066945606695
343,1,32,1,32400,362,0.01117283950617284,21.994476318359375,0.05813953488372093,0.0718232044198895
343,1,32,2,32400,388,0.011975308641975308,18.927833557128906,0.0731070496083551,0.0979381443298969
343,1,33,0,32400,462,0.01425925925925926,9.746753692626953,0.13179916317991633,0.16666666666666666
343,1,33,1,32400,360,0.011111111111111112,7.855555534362793,0.04419889502762431,0.041666666666666664
343,1,33,2,32400,373,0.011512345679012345,8.844504356384277,0.06958762886597938,0.0938337801608579
343,1,34,0,32400,449,0.013858024691358025,28.625835418701172,0.11904761904761904,0.14699331848552338
343,1,34,1,32400,371,0.011450617283950618,14.088948249816895,0.03888888888888889,0.026954177897574125
343,1,34,2,32400,373,0.011512345679012345,18.423593521118164,0.05630026809651475,0.064343163538874
343,1,35,0,32400,456,0.014074074074074074,9.822368621826172,0.13140311804008908,0.1425438596491228
343,1,35,1,32400,358,0.011049382716049383,11.008379936218262,0.03504043126684636,0.0335195530726257
343,1,35,2,32400,352,0.010864197530864197,8.8125,0.06702412868632708,0.10795454545454546
343,2,1,0,32400,434,0.013395061728395061,13.808755874633789,-1.0,0.1175115207373272
343,2,1,1,32400,344,0.010617283950617284,15.0,-1.0,0.05813953488372093
343,2,1,2,32400,358,0.011049382716049383,12.854747772216797,-1.0,0.05865921787709497
343,2,2,0,32400,393,0.012129629629629629,13.961832046508789,0.08755760368663594,0.10687022900763359
343,2,2,1,32400,370,0.011419753086419753,17.502702713012695,0.046511627906976744,0.04864864864864865
343,2,2,2,32400,384,0.011851851851851851,10.661458969116211,0.05027932960893855,0.0625
343,2,3,0,32400,406,0.012530864197530864,19.246305465698242,0.10432569974554708,0.14039408866995073
343,2,3,1,32400,357,0.011018518518518518,25.980392456054688,0.04594594594594595,0.047619047619047616
343,2,3,2,32400,373,0.011512345679012345,17.46112632751465,0.041666666666666664,0.05093833780160858
343,2,4,0,32400,394,0.012160493827160494,16.525381088256836,0.09113300492610837,0.09137055837563451
343,2,4,1,32400,335,0.010339506172839507,21.08358383178711,0.047619047619047616,0.056716417910447764
343,2,4,2,32400,379,0.01169753086419753,20.174142837524414,0.04825737265415549,0.06860158311345646
343,2,5,0,32400,413,0.012746913580246913,12.16222858428955,0.08629441624365482,0.13801452784503632
343,2,5,1,32400,351,0.010833333333333334,12.87464427947998,0.06567164179104477,0.06837606837606838
343,2,5,2,32400,393,0.012129629629629629,11.890584945678711,0.052770448548812667,0.0737913486005089
343,2,6,0,32400,405,0.0125,10.116049766540527,0.11380145278450363,0.14074074074074075
343,2,6,1,32400,383,0.011820987654320988,9.349869728088379,0.05698005698005698,0.06266318537859007
343,2,6,2,32400,372,0.011481481481481481,9.505375862121582,0.05089058524173028,0.08064516129032258
343,2,7,0,32400,418,0.012901234567901234,15.880382537841797,0.1037037037037037,0.10047846889952153
343,2,7,1,32400,338,0.010432098765432099,14.526627540588379,0.03655352480417755,0.06804733727810651
343,2,7,2,32400,387,0.011944444444444445,14.746770858764648,0.05913978494623656,0.04392764857881137
343,2,8,0,32400,444,0.013703703703703704,9.367116928100586,0.11244019138755981,0.12612612612612611
343,2,8,1,32400,365,0.011265432098765432,9.931507110595703,0.07988165680473373,0.07671232876712329
343,2,8,2,32400,385,0.011882716049382716,9.077921867370605,0.06201550387596899,0.07012987012987013
343,2,9,0,32400,432,0.013333333333333334,16.02083396911621,0.11261261261261261,0.1412037037037037
343,2,9,1,32400,362,0.01117283950617284,12.94198989868164,0.0547945205479452,0.055248618784530384
343,2,9,2,32400,407,0.012561728395061728,12.265356063842773,0.06753246753246753,0.06633906633906633
343,2,10,0,32400,461,0.014228395061728395,14.134490013122559,0.12037037037037036,0.16268980477223427
343,2,10,1,32400,374,0.01154320987654321,16.505348205566406,0.04696132596685083,0.053475935828877004
343,2,10,2,32400,400,0.012345679012345678,11.41249942779541,0.04176904176904177,0.0725
343,2,11,0,32400,457,0.014104938271604939,10.100656509399414,0.12581344902386118,0.17286652078774617
343,2,11,1,32400,352,0.010864197530864197,9.701704978942871,0.058823529411764705,0.05397727272727273
343,2,11,2,32400,419,0.0129320987654321,7.484487056732178,0.06,0.0883054892601432
343,2,12,0,32400,442,0.013641975308641975,17.223981857299805,0.1137855579868709,0.14027149321266968
343,2,12,1,32400,379,0.01169753086419753,14.532981872558594,0.04261363636363636,0.06068601583113457
343,2,12,2,32400,382,0.011790123456790123,10.240838050842285,0.059665871121718374,0.07591623036649214
343,2,13,0,32400,421,0.012993827160493828,10.280285835266113,0.11764705882352941,0.1496437054631829
343,2,13,1,32400,340,0.010493827160493827,9.65000057220459,0.047493403693931395,0.06470588235294118
343,2,13,2,32400,370,0.011419753086419753,8.002702713012695,0.060209424083769635,0.05405405405405406
343,2,14,0,32400,384,0.011851851851851851,12.104166984558105,0.1163895486935867,0.109375
343,2,14,1,32400,385,0.011882716049382716,14.46753215789795,0.03529411764705882,0.0987012987012987
343,2,14,2,32400,374,0.01154320987654321,10.957219123840332,0.043243243243243246,0.05080213903743316
343,2,15,0,32400,427,0.013179012345679012,11.552692413330078,0.1171875,0.11007025761124122
343,2,15,1,32400,352,0.010864197530864197,13.340909957885742,0.046753246753246755,0.05113636363636364
343,2,15,2,32400,389,0.012006172839506174,13.167095184326172,0.045454545454545456,0.08740359897172237
343,2,16,0,32400,430,0.013271604938271606,18.027908325195312,0.11475409836065574,0.15813953488372093
343,2,16,1,32400,365,0.011265432098765432,12.326027870178223,0.0625,0.049315068493150684
343,2,16,2,32400,350,0.010802469135802469,17.917144775390625,0.038560411311053984,0.054285714285714284
343,2,17,0,32400,447,0.013796296296296296,17.711408615112305,0.12790697674418605,0.10961968680089486
343,2,17,1,32400,367,0.01132716049382716,13.964577674865723,0.03561643835616438,0.05722070844686648
343,2,17,2,32400,383,0.011820987654320988,11.626631736755371,0.05714285714285714,0.06527415143603134
343,2,18,0,32400,454,0.014012345679012345,16.12554931640625,0.1185682326621924,0.15198237885462554
343,2,18,1,32400,386,0.01191358024691358,9.025906562805176,0.05449591280653951,0.06735751295336788
343,2,18,2,32400,406,0.012530864197530864,11.241378784179688,0.06527415143603134,0.08620689655172414
343,2,19,0,32400,433,0.013364197530864198,17.2586612701416,0.1343612334801762,0.13394919168591224
343,2,19,1,32400,351,0.010833333333333334,14.273504257202148,0.046632124352331605,0.06837606837606838
343,2,19,2,32400,374,0.01154320987654321,13.727272987365723,0.059113300492610835,0.09893048128342247
343,2,20,0,32400,441,0.01361111111111111,10.80272102355957,0.12933025404157045,0.13378684807256236
343,2,20,1,32400,381,0.01175925925925926,9.645668983459473,0.06552706552706553,0.05774278215223097
343,2,20,2,32400,380,0.011728395061728396,8.634210586547852,0.05614973262032086,0.0868421052631579
343,2,21,0,32400,486,0.015,11.69958782196045,0.1655328798185941,0.1646090534979424
343,2,21,1,32400,350,0.010802469135802469,12.322856903076172,0.03937007874015748,0.05714285714285714
343,2,21,2,32400,387,0.011944444444444445,8.94315242767334,0.07894736842105263,0.09819121447028424
343,2,22,0,32400,457,0.014104938271604939,9.886214256286621,0.14609053497942387,0.15317286652078774
343,2,22,1,32400,370,0.011419753086419753,7.8810811042785645,0.06285714285714286,0.07567567567567568
343,2,22,2,32400,373,0.011512345679012345,9.659517288208008,0.08010335917312661,0.09115281501340483
343,2,23,0,32400,412,0.01271604938271605,8.766990661621094,0.12035010940919037,0.13349514563106796
343,2,23,1,32400,372,0.011481481481481481,8.290322303771973,0.07027027027027027,0.08064516129032258
343,2,23,2,32400,392,0.012098765432098766,8.38265323638916,0.08042895442359249,0.05612244897959184
343,2,24,0,32400,444,0.013703703703703704,16.509010314941406,0.13349514563106796,0.15990990990990991
343,2,24,1,32400,317,0.009783950617283951,17.580442428588867,0.03225806451612903,0.01892744479495268
343,2,24,2,32400,349,0.010771604938271605,13.41260814666748,0.061224489795918366,0.0830945558739255
343,2,25,0,32400,423,0.013055555555555556,8.066193580627441,0.12837837837837837,0.18912529550827423
343,2,25,1,32400,348,0.01074074074074074,8.448275566101074,0.031545741324921134,0.031609195402298854
343,2,25,2,32400,376,0.011604938271604939,8.143616676330566,0.07163323782234957,0.1276595744680851
343,2,26,0,32400,417,0.01287037037037037,9.997602462768555,0.14657210401891252,0.15827338129496402
343,2,26,1,32400,360,0.011111111111111112,8.163888931274414,0.03735632183908046,0.044444444444444446
343,2,26,2,32400,381,0.01175925925925926,7.165354251861572,0.07712765957446809,0.09711286089238845
343,2,27,0,32400,459,0.014166666666666666,19.623092651367188,0.12709832134292565,0.15250544662309368
343,2,27,1,32400,318,0.009814814814814814,20.930816650390625,0.04722222222222222,0.0440251572327044
343,2,27,2,32400,376,0.011604938271604939,20.103723526000977,0.05774278215223097,0.08244680851063829
343,2,28,0,32400,426,0.013148148148148148,11.840375900268555,0.1111111111111111,0.14553990610328638
343,2,28,1,32400,341,0.01052469135802469,14.255131721496582,0.03773584905660377,0.04398826979472141
343,2,28,2,32400,387,0.011944444444444445,11.904393196105957,0.08244680851063829,0.10852713178294573
343,2,29,0,32400,459,0.014166666666666666,17.27233123779297,0.12910798122065728,0.15904139433551198
343,2,29,1,32400,352,0.010864197530864197,21.207387924194336,0.02346041055718475,0.017045454545454544
343,2,29,2,32400,390,0.012037037037037037,20.41282081604004,0.08785529715762273,0.09487179487179487
343,2,30,0,32400,445,0.013734567901234567,28.36629295349121,0.11982570806100218,0.1258426966292135
343,2,30,1,32400,346,0.010679012345679013,21.491331100463867,0.02556818181818182,0.046242774566473986
343,2,30,2,32400,394,0.012160493827160494,40.93147277832031,0.05128205128205128,0.08121827411167512
343,2,31,0,32400,451,0.013919753086419753,15.09312629699707,0.11910112359550562,0.15299334811529933
343,2,31,1,32400,371,0.011450617283950618,15.380053520202637,0.02023121387283237,0.04851752021563342
343,2,31,2,32400,395,0.012191358024691358,14.772151947021484,0.06598984771573604,0.09367088607594937
343,2,32,0,32400,424,0.01308641975308642,25.73113250732422,0.1419068736141907,0.21226415094339623
343,2,32,1,32400,386,0.01191358024691358,20.077720642089844,0.0431266846361186,0.07253886010362694
343,2,32,2,32400,401,0.012376543209876543,19.600997924804688,0.06582278481012659,0.08977556109725686
343,2,33,0,32400,471,0.014537037037037038,8.728238105773926,0.14150943396226415,0.16560509554140126
343,2,33,1,32400,368,0.011358024691358024,9.766304969787598,0.03367875647668394,0.06521739130434782
343,2,33,2,32400,394,0.012160493827160494,9.591370582580566,0.07231920199501247,0.07614213197969544
343,2,34,0,32400,492,0.015185185185185185,28.701217651367188,0.1337579617834395,0.13821138211382114
343,2,34,1,32400,357,0.011018518518518518,34.32493209838867,0.043478260869565216,0.022408963585434174
343,2,34,2,32400,373,0.011512345679012345,13.08579158782959,0.05583756345177665,0.06166219839142091
343,2,35,0,32400,449,0.013858024691358025,10.621380805969238,0.12601626016260162,0.133630289532294
343,2,35,1,32400,350,0.010802469135802469,9.682857513427734,0.028011204481792718,0.04285714285714286
343,2,35,2,32400,375,0.011574074074074073,10.778666496276855,0.05630026809651475,0.10133333333333333
343,3,1,0,32400,419,0.0129320987654321,14.448687553405762,-1.0,0.11933174224343675
343,3,1,1,32400,355,0.010956790123456791,14.529577255249023,-1.0,0.059154929577464786
343,3,1,2,32400,360,0.011111111111111112,13.077777862548828,-1.0,0.058333333333333334
343,3,2,0,32400,414,0.012777777777777779,14.917874336242676,0.10023866348448687,0.11352657004830918
343,3,2,1,32400,339,0.010462962962962962,13.333333015441895,0.05070422535211268,0.0471976401179941
343,3,2,2,32400,387,0.011944444444444445,9.919897079467773,0.06111111111111111,0.056847545219638244
343,3,3,0,32400,446,0.013765432098765433,16.44170570373535,0.10144927536231885,0.13901345291479822
343,3,3,1,32400,335,0.010339506172839507,19.602985382080078,0.05014749262536873,0.03880597014925373
343,3,3,2,32400,392,0.012098765432098766,15.839285850524902,0.05426356589147287,0.05612244897959184
343,3,4,0,32400,434,0.013395061728395061,15.721198081970215,0.08520179372197309,0.10368663594470046
343,3,4,1,32400,373,0.011512345679012345,21.391422271728516,0.056716417910447764,0.05630026809651475
343,3,4,2,32400,350,0.010802469135802469,21.674285888671875,0.05102040816326531,0.06285714285714286
343,3,5,0,32400,432,0.013333333333333334,13.092592239379883,0.08064516129032258,0.12962962962962962
343,3,5,1,32400,407,0.012561728395061728,15.727272033691406,0.05630026809651475,0.0687960687960688
343,3,5,2,32400,397,0.012253086419753086,13.02770709991455,0.07142857142857142,0.06297229219143577
343,3,6,0,32400,437,0.013487654320987655,9.450800895690918,0.09953703703703703,0.12356979405034325
343,3,6,1,32400,343,0.01058641975308642,10.151603698730469,0.04914004914004914,0.052478134110787174
343,3,6,2,32400,372,0.011481481481481481,9.857526779174805,0.055415617128463476,0.06989247311827956
343,3,7,0,32400,374,0.01154320987654321,13.104278564453125,0.10297482837528604,0.11497326203208556
343,3,7,1,32400,352,0.010864197530864197,14.3125,0.043731778425655975,0.07386363636363637
343,3,7,2,32400,384,0.011851851851851851,10.375,0.05913978494623656,0.049479166666666664
343,3,8,0,32400,437,0.013487654320987655,10.116703987121582,0.12834224598930483,0.11441647597254005
343,3,8,1,32400,373,0.011512345679012345,11.461126327514648,0.06818181818181818,0.0777479892761394
343,3,8,2,32400,366,0.011296296296296296,9.502731323242188,0.057291666666666664,0.06830601092896176
343,3,9,0,32400,437,0.013487654320987655,11.922196388244629,0.11670480549199085,0.15560640732265446
343,3,9,1,32400,397,0.012253086419753086,13.47103214263916,0.045576407506702415,0.060453400503778336
343,3,9,2,32400,379,0.01169753086419753,13.48021125793457,0.06830601092896176,0.079155672823219
343,3,10,0,32400,431,0.013302469135802469,14.663572311401367,0.11212814645308924,0.17633410672853828
343,3,10,1,32400,322,0.009938271604938272,10.757763862609863,0.05037783375314862,0.07142857142857142
343,3,10,2,32400,382,0.011790123456790123,11.204188346862793,0.055408970976253295,0.07591623036649214
343,3,11,0,32400,464,0.014320987654320988,10.45258617401123,0.1345707656612529,0.16810344827586207
343,3,11,1,32400,341,0.01052469135802469,9.876832962036133,0.059006211180124224,0.05571847507331378
343,3,11,2,32400,395,0.012191358024691358,8.093670845031738,0.06282722513089005,0.09367088607594937
343,3,12,0,32400,424,0.01308641975308642,16.936321258544922,0.10775862068965517,0.14386792452830188
343,3,12,1,32400,397,0.012253086419753086,13.60705280303955,0.03812316715542522,0.06801007556675064
343,3,12,2,32400,385,0.011882716049382716,13.992207527160645,0.053164556962025315,0.06753246753246753
343,3,13,0,32400,407,0.012561728395061728,9.530712127685547,0.13443396226415094,0.16216216216216217
343,3,13,1,32400,350,0.010802469135802469,11.134285926818848,0.04534005037783375,0.04285714285714286
343,3,13,2,32400,341,0.01052469135802469,9.120234489440918,0.046753246753246755,0.04985337243401759
343,3,14,0,32400,431,0.013302469135802469,13.751739501953125,0.12530712530712532,0.12296983758700696
343,3,14,1,32400,383,0.011820987654320988,14.138381004333496,0.05142857142857143,0.08877284595300261
343,3,14,2,32400,391,0.0120679012345679,12.235294342041016,0.0469208211143695,0.043478260869565216
343,3,15,0,32400,432,0.013333333333333334,11.875,0.0951276102088167,0.09490740740740741
343,3,15,1,32400,371,0.011450617283950618,10.97035026550293,0.04699738903394256,0.05660377358490566
343,3,15,2,32400,410,0.012654320987654321,11.253658294677734,0.04859335038363171,0.08292682926829269
343,3,16,0,32400,422,0.013024691358024691,13.864930152893066,0.10185185185185185,0.13033175355450238
343,3,16,1,32400,359,0.011080246913580246,17.37604522705078,0.04582210242587601,0.06406685236768803
343,3,16,2,32400,341,0.01052469135802469,16.008798599243164,0.036585365853658534,0.04985337243401759
343,3,17,0,32400,425,0.013117283950617283,14.663528442382812,0.1066350710900474,0.09411764705882353
343,3,17,1,32400,402,0.012407407407407407,17.582088470458984,0.036211699164345405,0.04477611940298507
343,3,17,2,32400,379,0.01169753086419753,15.965700149536133,0.05278592375366569,0.06068601583113457
343,3,18,0,32400,436,0.01345679012345679,14.70412826538086,0.12705882352941175,0.1628440366972477
343,3,18,1,32400,373,0.011512345679012345,12.109919548034668,0.04975124378109453,0.06702412868632708
343,3,18,2,32400,375,0.011574074074074073,11.514666557312012,0.07387862796833773,0.104
343,3,19,0,32400,429,0.01324074074074074,14.410256385803223,0.13761467889908258,0.1282051282051282
343,3,19,1,32400,369,0.01138888888888889,14.634146690368652,0.05093833780160858,0.08130081300813008
343,3,19,2,32400,367,0.01132716049382716,12.2752046585083,0.072,0.08719346049046321
343,3,20,0,32400,457,0.014104938271604939,10.57111644744873,0.1258741258741259,0.13785557986870897
343,3,20,1,32400,378,0.011666666666666667,8.732804298400879,0.06504065040650407,0.06613756613756613
343,3,20,2,32400,419,0.0129320987654321,9.035799980163574,0.06267029972752043,0.07398568019093078
343,3,21,0,32400,435,0.013425925925925926,13.388505935668945,0.16192560175054704,0.1839080459770115
343,3,21,1,32400,379,0.01169753086419753,10.071240425109863,0.04497354497354497,0.0712401055408971
343,3,21,2,32400,396,0.012222222222222223,10.244949340820312,0.07398568019093078,0.08838383838383838
343,3,22,0,32400,469,0.014475308641975309,8.989338874816895,0.16091954022988506,0.14285714285714285
343,3,22,1,32400,381,0.01175925925925926,8.38845157623291,0.052770448548812667,0.07874015748031496
343,3,22,2,32400,395,0.012191358024691358,9.49620246887207,0.08080808080808081,0.08860759493670886
343,3,23,0,32400,420,0.012962962962962963,8.392857551574707,0.11300639658848614,0.12142857142857143
343,3,23,1,32400,362,0.01117283950617284,8.375690460205078,0.06036745406824147,0.06077348066298342
343,3,23,2,32400,341,0.01052469135802469,8.991202354431152,0.0759493670886076,0.08504398826979472
343,3,24,0,32400,446,0.013765432098765433,12.3475341796875,0.13095238095238096,0.16591928251121077
343,3,24,1,32400,327,0.010092592592592592,12.816514015197754,0.03591160220994475,0.01834862385321101
343,3,24,2,32400,391,0.0120679012345679,14.360613822937012,0.08797653958944282,0.09207161125319693
343,3,25,0,32400,439,0.013549382716049383,8.430523872375488,0.13228699551569506,0.16400911161731208
343,3,25,1,32400,366,0.011296296296296296,9.109289169311523,0.03669724770642202,0.040983606557377046
343,3,25,2,32400,393,0.012129629629629629,9.045801162719727,0.06649616368286446,0.10178117048346055
343,3,26,0,32400,417,0.01287037037037037,9.637889862060547,0.14350797266514806,0.15347721822541965
343,3,26,1,32400,362,0.01117283950617284,9.09392261505127,0.040983606557377046,0.022099447513812154
343,3,26,2,32400,387,0.011944444444444445,9.012920379638672,0.07633587786259542,0.11627906976744186
343,3,27,0,32400,454,0.014012345679012345,23.037443161010742,0.1342925659472422,0.17400881057268722
343,3,27,1,32400,359,0.011080246913580246,23.5376033782959,0.03867403314917127,0.03899721448467967
343,3,27,2,32400,367,0.01132716049382716,21.376022338867188,0.059431524547803614,0.08719346049046321
343,3,28,0,32400,456,0.014074074074074074,14.0,0.1299559471365639,0.14035087719298245
343,3,28,1,32400,360,0.011111111111111112,11.383333206176758,0.036211699164345405,0.019444444444444445
343,3,28,2,32400,418,0.012901234567901234,14.251195907592773,0.09264305177111716,0.12200956937799043
343,3,29,0,32400,475,0.014660493827160493,17.89473533630371,0.125,0.17473684210526316
343,3,29,1,32400,339,0.010462962962962962,16.31563377380371,0.03611111111111111,0.029498525073746312
343,3,29,2,32400,390,0.012037037037037037,14.48461627960205,0.06698564593301436,0.10512820512820513
343,3,30,0,32400,405,0.0125,23.170372009277344,0.12421052631578948,0.14814814814814814
343,3,30,1,32400,376,0.011604938271604939,14.808509826660156,0.035398230088495575,0.03723404255319149
343,3,30,2,32400,372,0.011481481481481481,20.4946231842041,0.05897435897435897,0.08602150537634409
343,3,31,0,32400,489,0.015092592592592593,18.0408992767334,0.13580246913580246,0.1554192229038855
343,3,31,1,32400,380,0.011728395061728396,12.607894897460938,0.02127659574468085,0.05
343,3,31,2,32400,366,0.011296296296296296,16.846994400024414,0.07258064516129033,0.09836065573770492
343,3,32,0,32400,427,0.013179012345679012,30.388757705688477,0.13496932515337423,0.20374707259953162
343,3,32,1,32400,388,0.011975308641975308,22.458763122558594,0.04473684210526316,0.07474226804123711
343,3,32,2,32400,362,0.01117283950617284,20.864641189575195,0.06284153005464481,0.09668508287292818
343,3,33,0,32400,467,0.01441358024691358,9.237687110900879,0.14285714285714285,0.15203426124197003
343,3,33,1,32400,363,0.011203703703703704,10.757575988769531,0.04381443298969072,0.046831955922865015
343,3,33,2,32400,381,0.01175925925925926,8.656167984008789,0.0856353591160221,0.08923884514435695
343,3,34,0,32400,471,0.014537037037037038,17.32696533203125,0.12633832976445397,0.14861995753715498
343,3,34,1,32400,369,0.01138888888888889,29.495935440063477,0.03856749311294766,0.02981029810298103
343,3,34,2,32400,390,0.012037037037037037,13.271795272827148,0.05774278215223097,0.06923076923076923
343,3,35,0,32400,493,0.015216049382716049,9.243407249450684,0.11889596602972399,0.12170385395537525
343,3,35,1,32400,375,0.011574074074074073,9.055999755859375,0.02981029810298103,0.034666666666666665
343,3,35,2,32400,394,0.012160493827160494,10.347715377807617,0.06923076923076923,0.10406091370558376
344,0,1,0,32400,405,0.0125,10.5703706741333,-1.0,0.12345679012345678
344,0,1,1,32400,383,0.011820987654320988,14.610966682434082,-1.0,0.04699738903394256
344,0,1,2,32400,370,0.011419753086419753,12.532432556152344,-1.0,0.06756756756756757
344,0,2,0,32400,403,0.012438271604938272,17.69478988647461,0.09876543209876543,0.13399503722084366
344,0,2,1,32400,357,0.011018518518518518,17.823530197143555,0.04699738903394256,0.047619047619047616
344,0,2,2,32400,386,0.01191358024691358,9.792745590209961,0.051351351351351354,0.05699481865284974
344,0,3,0,32400,395,0.012191358024691358,14.387341499328613,0.0967741935483871,0.10126582278481013
344,0,3,1,32400,367,0.01132716049382716,24.964580535888672,0.05322128851540616,0.05722070844686648
344,0,3,2,32400,400,0.012345679012345678,11.300000190734863,0.054404145077720206,0.065
344,0,4,0,32400,424,0.01308641975308642,15.3490571975708,0.09113924050632911,0.14622641509433962
344,0,4,1,32400,388,0.011975308641975308,14.44072151184082,0.05722070844686648,0.07731958762886598
344,0,4,2,32400,396,0.012222222222222223,14.626262664794922,0.06,0.06060606060606061
344,0,5,0,32400,435,0.013425925925925926,11.898850440979004,0.1179245283018868,0.14022988505747128
344,0,5,1,32400,381,0.01175925925925926,9.493438720703125,0.06443298969072164,0.07086614173228346
344,0,5,2,32400,402,0.012407407407407407,9.432835578918457,0.06060606060606061,0.07711442786069651
344,0,6,0,32400,452,0.013950617283950617,10.269911766052246,0.1103448275862069,0.09292035398230089
344,0,6,1,32400,357,0.011018518518518518,15.42577075958252,0.04461942257217848,0.058823529411764705
344,0,6,2,32400,384,0.011851851851851851,12.8046875,0.05970149253731343,0.06510416666666667
344,0,7,0,32400,423,0.013055555555555556,8.808510780334473,0.09734513274336283,0.13238770685579196
344,0,7,1,32400,384,0.011851851851851851,9.828125,0.06162464985994398,0.09375
344,0,7,2,32400,354,0.010925925925925926,8.926553726196289,0.057291666666666664,0.05367231638418079
344,0,8,0,32400,453,0.013981481481481482,17.1302433013916,0.11347517730496454,0.1456953642384106
344,0,8,1,32400,361,0.011141975308641975,10.310249328613281,0.057291666666666664,0.04709141274238227
344,0,8,2,32400,384,0.011851851851851851,10.046875,0.07627118644067797,0.06770833333333333
344,0,9,0,32400,469,0.014475308641975309,13.319829940795898,0.11920529801324503,0.16844349680170576
344,0,9,1,32400,387,0.011944444444444445,14.11369514465332,0.0443213296398892,0.05167958656330749
344,0,9,2,32400,387,0.011944444444444445,12.098191261291504,0.052083333333333336,0.06201550387596899
344,0,10,0,32400,457,0.014104938271604939,10.472647666931152,0.13219616204690832,0.16630196936542668
344,0,10,1,32400,351,0.010833333333333334,9.407407760620117,0.041343669250646,0.06552706552706553
344,0,10,2,32400,405,0.0125,10.513580322265625,0.056847545219638244,0.08641975308641975
344,0,11,0,32400,427,0.013179012345679012,17.386415481567383,0.1050328227571116,0.13348946135831383
344,0,11,1,32400,340,0.010493827160493827,11.74117660522461,0.039886039886039885,0.06470588235294118
344,0,11,2,32400,398,0.012283950617283951,11.193467140197754,0.05185185185185185,0.09547738693467336
344,0,12,0,32400,439,0.013549382716049383,9.059226036071777,0.12412177985948478,0.1548974943052392
344,0,12,1,32400,356,0.010987654320987654,8.376404762268066,0.052941176470588235,0.03932584269662921
344,0,12,2,32400,357,0.011018518518518518,9.383753776550293,0.04773869346733668,0.05322128851540616
344,0,13,0,32400,420,0.012962962962962963,10.340476989746094,0.11389521640091116,0.10476190476190476
344,0,13,1,32400,400,0.012345679012345678,13.03499984741211,0.0449438202247191,0.075
344,0,13,2,32400,375,0.011574074074074073,10.850666999816895,0.047619047619047616,0.048
344,0,14,0,32400,409,0.012623456790123456,11.344743728637695,0.1,0.10268948655256724
344,0,14,1,32400,378,0.011666666666666667,13.72486686706543,0.055,0.06349206349206349
344,0,14,2,32400,390,0.012037037037037037,14.512821197509766,0.048,0.07692307692307693
344,0,15,0,32400,405,0.0125,13.2716064453125,0.1100244498777506,0.14320987654320988
344,0,15,1,32400,372,0.011481481481481481,10.962366104125977,0.047619047619047616,0.05913978494623656
344,0,15,2,32400,376,0.011604938271604939,12.672871589660645,0.041025641025641026,0.06382978723404255
344,0,16,0,32400,418,0.012901234567901234,19.382774353027344,0.12345679012345678,0.11244019138755981
344,0,16,1,32400,373,0.011512345679012345,14.18498706817627,0.04032258064516129,0.064343163538874
344,0,16,2,32400,355,0.010956790123456791,12.332393646240234,0.05585106382978723,0.07605633802816901
344,0,17,0,32400,474,0.01462962962962963,13.801687240600586,0.1291866028708134,0.14556962025316456
344,0,17,1,32400,390,0.012037037037037037,12.310256958007812,0.05361930294906166,0.05641025641025641
344,0,17,2,32400,426,0.013148148148148148,10.328639030456543,0.07323943661971831,0.07981220657276995
344,0,18,0,32400,434,0.013395061728395061,12.912442207336426,0.12658227848101267,0.1313364055299539
344,0,18,1,32400,337,0.010401234567901235,14.976261138916016,0.04358974358974359,0.0830860534124629
344,0,18,2,32400,400,0.012345679012345678,14.954999923706055,0.0539906103286385,0.0875
344,0,19,0,32400,461,0.014228395061728395,10.950108528137207,0.12903225806451613,0.1475054229934924
344,0,19,1,32400,362,0.01117283950617284,10.334254264831543,0.06528189910979229,0.058011049723756904
344,0,19,2,32400,384,0.011851851851851851,9.848958969116211,0.06,0.078125
344,0,20,0,32400,463,0.014290123456790123,12.306694984436035,0.1561822125813449,0.17278617710583152
344,0,20,1,32400,368,0.011358024691358024,10.86141300201416,0.04419889502762431,0.057065217391304345
344,0,20,2,32400,399,0.012314814814814815,11.087718963623047,0.08333333333333333,0.09273182957393483
344,0,21,0,32400,436,0.01345679012345679,9.889907836914062,0.1447084233261339,0.1559633027522936
344,0,21,1,32400,373,0.011512345679012345,9.469169616699219,0.05434782608695652,0.0777479892761394
344,0,21,2,32400,366,0.011296296296296296,8.29781436920166,0.08020050125313283,0.09289617486338798
344,0,22,0,32400,451,0.013919753086419753,8.230598449707031,0.13073394495412843,0.11529933481152993
344,0,22,1,32400,385,0.011882716049382716,9.306493759155273,0.06166219839142091,0.06493506493506493
344,0,22,2,32400,388,0.011975308641975308,9.121133804321289,0.07650273224043716,0.06443298969072164
344,0,23,0,32400,449,0.013858024691358025,15.877506256103516,0.1197339246119734,0.16703786191536749
344,0,23,1,32400,334,0.010308641975308641,16.03592872619629,0.023376623376623377,0.03592814371257485
344,0,23,2,32400,365,0.011265432098765432,17.76438331604004,0.061855670103092786,0.07123287671232877
344,0,24,0,32400,455,0.01404320987654321,8.419780731201172,0.13808463251670378,0.17142857142857143
344,0,24,1,32400,396,0.012222222222222223,8.777777671813965,0.03592814371257485,0.03535353535353535
344,0,24,2,32400,414,0.012777777777777779,7.579710006713867,0.06301369863013699,0.09903381642512077
344,0,25,0,32400,449,0.013858024691358025,8.808463096618652,0.13626373626373625,0.1403118040089087
344,0,25,1,32400,361,0.011141975308641975,9.731301307678223,0.04040404040404041,0.0332409972299169
344,0,25,2,32400,407,0.012561728395061728,7.484029293060303,0.07246376811594203,0.10319410319410319
344,0,26,0,32400,438,0.013518518518518518,20.315067291259766,0.12472160356347439,0.182648401826484
344,0,26,1,32400,366,0.011296296296296296,21.24043846130371,0.04155124653739612,0.04644808743169399
344,0,26,2,32400,427,0.013179012345679012,22.393444061279297,0.06142506142506143,0.08899297423887588
344,0,27,0,32400,455,0.01404320987654321,12.879121780395508,0.12557077625570776,0.13186813186813187
344,0,27,1,32400,357,0.011018518518518518,12.946779251098633,0.030054644808743168,0.036414565826330535
344,0,27,2,32400,411,0.012685185185185185,13.377128601074219,0.07962529274004684,0.11435523114355231
344,0,28,0,32400,449,0.013858024691358025,18.32962417602539,0.13846153846153847,0.16258351893095768
344,0,28,1,32400,381,0.01175925925925926,22.362205505371094,0.028011204481792718,0.026246719160104987
344,0,28,2,32400,393,0.012129629629629629,18.946565628051758,0.0681265206812652,0.09669211195928754
344,0,29,0,32400,474,0.01462962962962963,30.514766693115234,0.12026726057906459,0.10759493670886076
344,0,29,1,32400,339,0.010462962962962962,32.2123908996582,0.01837270341207349,0.058997050147492625
344,0,29,2,32400,392,0.012098765432098766,28.209182739257812,0.04834605597964377,0.0663265306122449
344,0,30,0,32400,470,0.014506172839506172,19.582977294921875,0.11392405063291139,0.15319148936170213
344,0,30,1,32400,362,0.01117283950617284,17.98066520690918,0.02654867256637168,0.03314917127071823
344,0,30,2,32400,397,0.012253086419753086,18.94206428527832,0.058673469387755105,0.10075566750629723
344,0,31,0,32400,482,0.014876543209876544,25.36307144165039,0.1425531914893617,0.1887966804979253
344,0,31,1,32400,344,0.010617283950617284,23.6569766998291,0.049723756906077346,0.0755813953488372
344,0,31,2,32400,380,0.011728395061728396,25.700000762939453,0.055415617128463476,0.10526315789473684
344,0,32,0,32400,473,0.014598765432098766,9.38266372680664,0.13485477178423236,0.15010570824524314
344,0,32,1,32400,373,0.011512345679012345,9.670241355895996,0.0436046511627907,0.058981233243967826
344,0,32,2,32400,394,0.012160493827160494,8.96446704864502,0.08157894736842106,0.08629441624365482
344,0,33,0,32400,455,0.01404320987654321,22.80000114440918,0.12896405919661733,0.15164835164835164
344,0,33,1,32400,343,0.01058641975308642,17.483964920043945,0.03753351206434316,0.03206997084548105
344,0,33,2,32400,428,0.013209876543209877,18.61214828491211,0.06091370558375635,0.07242990654205607
344,0,34,0,32400,448,0.013827160493827161,9.821429252624512,0.12747252747252746,0.13392857142857142
344,0,34,1,32400,364,0.011234567901234569,10.662088394165039,0.026239067055393587,0.03296703296703297
344,0,34,2,32400,375,0.011574074074074073,10.720000267028809,0.0514018691588785,0.10666666666666667
344,0,35,0,32400,458,0.014135802469135803,12.09825325012207,0.14508928571428573,0.20087336244541484
344,0,35,1,32400,369,0.01138888888888889,11.628726959228516,0.04120879120879121,0.07317073170731707
344,0,35,2,32400,387,0.011944444444444445,14.064599990844727,0.07466666666666667,0.06459948320413436
344,1,1,0,32400,424,0.01308641975308642,9.778302192687988,-1.0,0.12028301886792453
344,1,1,1,32400,367,0.01132716049382716,11.046320915222168,-1.0,0.05449591280653951
344,1,1,2,32400,410,0.012654320987654321,12.275609970092773,-1.0,0.05365853658536585
344,1,2,0,32400,423,0.013055555555555556,14.794325828552246,0.10377358490566038,0.13002364066193853
344,1,2,1,32400,366,0.011296296296296296,13.136611938476562,0.06267029972752043,0.040983606557377046
344,1,2,2,32400,401,0.012376543209876543,18.763092041015625,0.041463414634146344,0.057356608478802994
344,1,3,0,32400,414,0.012777777777777779,10.263284683227539,0.0851063829787234,0.09420289855072464
344,1,3,1,32400,386,0.01191358024691358,17.70466423034668,0.04644808743169399,0.05181347150259067
344,1,3,2,32400,420,0.012962962962962963,22.621429443359375,0.057356608478802994,0.05476190476190476
344,1,4,0,32400,421,0.012993827160493828,13.802850723266602,0.08695652173913043,0.12351543942992874
344,1,4,1,32400,330,0.010185185185185186,16.733333587646484,0.05181347150259067,0.08181818181818182
344,1,4,2,32400,383,0.011820987654320988,12.45691967010498,0.04523809523809524,0.06788511749347259
344,1,5,0,32400,456,0.014074074074074074,10.083333015441895,0.1163895486935867,0.1162280701754386
344,1,5,1,32400,353,0.010895061728395062,9.03965950012207,0.06666666666666667,0.053824362606232294
344,1,5,2,32400,374,0.01154320987654321,8.328877449035645,0.07049608355091384,0.0855614973262032
344,1,6,0,32400,449,0.013858024691358025,12.503340721130371,0.10307017543859649,0.08908685968819599
344,1,6,1,32400,386,0.01191358024691358,16.331605911254883,0.0339943342776204,0.06735751295336788
344,1,6,2,32400,366,0.011296296296296296,13.838797569274902,0.06149732620320856,0.0546448087431694
344,1,7,0,32400,416,0.012839506172839505,10.444711685180664,0.10022271714922049,0.1201923076923077
344,1,7,1,32400,378,0.011666666666666667,8.73544979095459,0.06994818652849741,0.09259259259259259
344,1,7,2,32400,387,0.011944444444444445,9.325581550598145,0.060109289617486336,0.05167958656330749
344,1,8,0,32400,442,0.013641975308641975,12.82579231262207,0.125,0.12669683257918551
344,1,8,1,32400,352,0.010864197530864197,14.193181991577148,0.04497354497354497,0.04261363636363636
344,1,8,2,32400,400,0.012345679012345678,9.880000114440918,0.06718346253229975,0.0875
344,1,9,0,32400,432,0.013333333333333334,12.655092239379883,0.11990950226244344,0.17592592592592593
344,1,9,1,32400,344,0.010617283950617284,11.918604850769043,0.04261363636363636,0.046511627906976744
344,1,9,2,32400,398,0.012283950617283951,11.610552787780762,0.0525,0.0678391959798995
344,1,10,0,32400,470,0.014506172839506172,11.617020606994629,0.1527777777777778,0.1723404255319149
344,1,10,1,32400,354,0.010925925925925926,11.658191680908203,0.0436046511627907,0.04519774011299435
344,1,10,2,32400,368,0.011358024691358024,11.5625,0.05778894472361809,0.07880434782608696
344,1,11,0,32400,408,0.012592592592592593,15.198531150817871,0.10851063829787234,0.13725490196078433
344,1,11,1,32400,380,0.011728395061728396,14.902631759643555,0.03672316384180791,0.05
344,1,11,2,32400,345,0.010648148148148148,9.069565773010254,0.051630434782608696,0.08115942028985507
344,1,12,0,32400,440,0.013580246913580247,8.993181228637695,0.13480392156862744,0.1590909090909091
344,1,12,1,32400,360,0.011111111111111112,9.066666603088379,0.042105263157894736,0.03611111111111111
344,1,12,2,32400,367,0.01132716049382716,7.0,0.0463768115942029,0.07084468664850137
344,1,13,0,32400,430,0.013271604938271606,9.38139533996582,0.10909090909090909,0.10697674418604651
344,1,13,1,32400,378,0.011666666666666667,11.219576835632324,0.044444444444444446,0.07407407407407407
344,1,13,2,32400,363,0.011203703703703704,11.84022045135498,0.03814713896457766,0.05509641873278237
344,1,14,0,32400,400,0.012345679012345678,13.657499313354492,0.09534883720930233,0.0925
344,1,14,1,32400,361,0.011141975308641975,13.049860954284668,0.05555555555555555,0.06925207756232687
344,1,14,2,32400,392,0.012098765432098766,9.783163070678711,0.05234159779614325,0.08928571428571429
344,1,15,0,32400,436,0.01345679012345679,14.032110214233398,0.13,0.13761467889908258
344,1,15,1,32400,343,0.01058641975308642,16.44898223876953,0.0443213296398892,0.052478134110787174
344,1,15,2,32400,371,0.011450617283950618,11.962264060974121,0.03826530612244898,0.05660377358490566
344,1,16,0,32400,421,0.012993827160493828,17.17577362060547,0.10779816513761468,0.1163895486935867
344,1,16,1,32400,360,0.011111111111111112,14.333333969116211,0.043731778425655975,0.06388888888888888
344,1,16,2,32400,381,0.01175925925925926,19.062992095947266,0.05660377358490566,0.07611548556430446
344,1,17,0,32400,427,0.013179012345679012,14.932084083557129,0.13064133016627077,0.1522248243559719
344,1,17,1,32400,360,0.011111111111111112,11.883333206176758,0.05,0.05277777777777778
344,1,17,2,32400,388,0.011975308641975308,12.15721607208252,0.06824146981627296,0.09020618556701031
344,1,18,0,32400,441,0.01361111111111111,15.204081535339355,0.14285714285714285,0.12471655328798185
344,1,18,1,32400,366,0.011296296296296296,12.920764923095703,0.058333333333333334,0.06830601092896176
344,1,18,2,32400,398,0.012283950617283951,14.32663345336914,0.061855670103092786,0.08793969849246232
344,1,19,0,32400,467,0.01441358024691358,10.32334041595459,0.12018140589569161,0.14775160599571735
344,1,19,1,32400,351,0.010833333333333334,10.965811729431152,0.05737704918032787,0.06837606837606838
344,1,19,2,32400,414,0.012777777777777779,10.009661674499512,0.06532663316582915,0.06280193236714976
344,1,20,0,32400,464,0.014320987654320988,12.678879737854004,0.15417558886509636,0.1810344827586207
344,1,20,1,32400,393,0.012129629629629629,9.900763511657715,0.05413105413105413,0.05597964376590331
344,1,20,2,32400,376,0.011604938271604939,9.989361763000488,0.07971014492753623,0.09574468085106383
344,1,21,0,32400,437,0.013487654320987655,10.713958740234375,0.15301724137931033,0.14187643020594964
344,1,21,1,32400,414,0.012777777777777779,9.328502655029297,0.05343511450381679,0.07729468599033816
344,1,21,2,32400,387,0.011944444444444445,8.571059226989746,0.08244680851063829,0.08527131782945736
344,1,22,0,32400,461,0.014228395061728395,8.904555320739746,0.13272311212814644,0.11279826464208242
344,1,22,1,32400,380,0.011728395061728396,8.705263137817383,0.06763285024154589,0.06842105263157895
344,1,22,2,32400,365,0.011265432098765432,9.109589576721191,0.06976744186046512,0.06027397260273973
344,1,23,0,32400,441,0.01361111111111111,15.954648971557617,0.1193058568329718,0.16780045351473924
344,1,23,1,32400,329,0.01015432098765432,11.437689781188965,0.02894736842105263,0.0486322188449848
344,1,23,2,32400,392,0.012098765432098766,9.704081535339355,0.07123287671232877,0.07653061224489796
344,1,24,0,32400,446,0.013765432098765433,7.65919303894043,0.13151927437641722,0.17937219730941703
344,1,24,1,32400,348,0.01074074074074074,9.235631942749023,0.0425531914893617,0.034482758620689655
344,1,24,2,32400,378,0.011666666666666667,7.4285712242126465,0.05612244897959184,0.09788359788359788
344,1,25,0,32400,409,0.012623456790123456,10.151589393615723,0.13452914798206278,0.17359413202933985
344,1,25,1,32400,363,0.011203703703703704,8.542699813842773,0.04597701149425287,0.03856749311294766
344,1,25,2,32400,419,0.0129320987654321,8.916467666625977,0.07936507936507936,0.1026252983293556
344,1,26,0,32400,456,0.014074074074074074,23.603071212768555,0.13447432762836187,0.18859649122807018
344,1,26,1,32400,368,0.011358024691358024,17.361413955688477,0.05234159779614325,0.04619565217391304
344,1,26,2,32400,399,0.012314814814814815,25.070175170898438,0.05489260143198091,0.07518796992481203
344,1,27,0,32400,428,0.013209876543209877,12.287383079528809,0.11403508771929824,0.13551401869158877
344,1,27,1,32400,354,0.010925925925925926,14.901129722595215,0.02717391304347826,0.025423728813559324
344,1,27,2,32400,394,0.012160493827160494,11.581217765808105,0.08521303258145363,0.10913705583756345
344,1,28,0,32400,422,0.013024691358024691,22.966825485229492,0.1261682242990654,0.17298578199052134
344,1,28,1,32400,356,0.010987654320987654,19.008426666259766,0.02824858757062147,0.019662921348314606
344,1,28,2,32400,374,0.01154320987654321,19.342247009277344,0.06852791878172589,0.09893048128342247
344,1,29,0,32400,450,0.013888888888888888,21.671112060546875,0.13033175355450238,0.12666666666666668
344,1,29,1,32400,373,0.011512345679012345,40.23592758178711,0.033707865168539325,0.04289544235924933
344,1,29,2,32400,390,0.012037037037037037,20.815383911132812,0.05080213903743316,0.07948717948717948
344,1,30,0,32400,441,0.01361111111111111,18.10430908203125,0.13111111111111112,0.16099773242630386
344,1,30,1,32400,363,0.011203703703703704,12.402203559875488,0.024128686327077747,0.049586776859504134
344,1,30,2,32400,381,0.01175925925925926,18.35957908630371,0.06153846153846154,0.09186351706036745
344,1,31,0,32400,458,0.014135802469135803,22.229257583618164,0.14285714285714285,0.19213973799126638
344,1,31,1,32400,357,0.011018518518518518,19.316526412963867,0.05234159779614325,0.06162464985994398
344,1,31,2,32400,388,0.011975308641975308,19.719072341918945,0.06561679790026247,0.0979381443298969
344,1,32,0,32400,487,0.015030864197530865,8.447638511657715,0.13537117903930132,0.162217659137577
344,1,32,1,32400,353,0.010895061728395062,8.626062393188477,0.05042016806722689,0.04815864022662889
344,1,32,2,32400,381,0.01175925925925926,9.674540519714355,0.0979381443298969,0.07874015748031496
344,1,33,0,32400,456,0.014074074074074074,22.210527420043945,0.12320328542094455,0.1425438596491228
344,1,33,1,32400,355,0.010956790123456791,15.242253303527832,0.042492917847025496,0.02535211267605634
344,1,33,2,32400,376,0.011604938271604939,35.968082427978516,0.05249343832020997,0.06648936170212766
344,1,34,0,32400,443,0.013672839506172839,10.415349960327148,0.12719298245614036,0.13318284424379231
344,1,34,1,32400,367,0.01132716049382716,10.06266975402832,0.028169014084507043,0.027247956403269755
344,1,34,2,32400,377,0.011635802469135802,10.098142623901367,0.061170212765957445,0.10079575596816977
344,1,35,0,32400,460,0.014197530864197531,14.571738243103027,0.1399548532731377,0.19782608695652174
344,1,35,1,32400,362,0.01117283950617284,12.477901458740234,0.02997275204359673,0.04696132596685083
344,1,35,2,32400,331,0.01021604938271605,11.731118202209473,0.06896551724137931,0.045317220543806644
344,2,1,0,32400,423,0.013055555555555556,9.186760902404785,-1.0,0.12056737588652482
344,2,1,1,32400,351,0.010833333333333334,13.811965942382812,-1.0,0.05413105413105413
344,2,1,2,32400,370,0.011419753086419753,9.283783912658691,-1.0,0.07027027027027027
344,2,2,0,32400,401,0.012376543209876543,20.10723304748535,0.09692671394799054,0.11471321695760599
344,2,2,1,32400,363,0.011203703703703704,17.258953094482422,0.05413105413105413,0.04132231404958678
344,2,2,2,32400,391,0.0120679012345679,14.306904792785645,0.051351351351351354,0.061381074168797956
344,2,3,0,32400,401,0.012376543209876543,11.581048011779785,0.09476309226932668,0.10224438902743142
344,2,3,1,32400,364,0.011234567901234569,21.45879364013672,0.046831955922865015,0.06043956043956044
344,2,3,2,32400,373,0.011512345679012345,17.935657501220703,0.04603580562659847,0.06166219839142091
344,2,4,0,32400,403,0.012438271604938272,12.526054382324219,0.08478802992518704,0.12655086848635236
344,2,4,1,32400,342,0.010555555555555556,14.064327239990234,0.06043956043956044,0.07602339181286549
344,2,4,2,32400,385,0.011882716049382716,11.425973892211914,0.05093833780160858,0.07532467532467532
344,2,5,0,32400,420,0.012962962962962963,10.814286231994629,0.11662531017369727,0.12380952380952381
344,2,5,1,32400,350,0.010802469135802469,10.380000114440918,0.06140350877192982,0.045714285714285714
344,2,5,2,32400,380,0.011728395061728396,8.928947448730469,0.05194805194805195,0.07894736842105263
344,2,6,0,32400,393,0.012129629629629629,13.697200775146484,0.11190476190476191,0.1272264631043257
344,2,6,1,32400,385,0.011882716049382716,12.028571128845215,0.037142857142857144,0.07272727272727272
344,2,6,2,32400,372,0.011481481481481481,12.709677696228027,0.05,0.056451612903225805
344,2,7,0,32400,428,0.013209876543209877,10.887849807739258,0.11704834605597965,0.12383177570093458
344,2,7,1,32400,338,0.010432098765432099,9.872780799865723,0.06233766233766234,0.08579881656804733
344,2,7,2,32400,394,0.012160493827160494,9.69543170928955,0.056451612903225805,0.050761421319796954
344,2,8,0,32400,456,0.014074074074074074,12.414473533630371,0.1191588785046729,0.14692982456140352
344,2,8,1,32400,367,0.01132716049382716,11.836512565612793,0.05917159763313609,0.04632152588555858
344,2,8,2,32400,391,0.0120679012345679,11.928388595581055,0.07106598984771574,0.08951406649616368
344,2,9,0,32400,437,0.013487654320987655,16.01601791381836,0.11842105263157894,0.17391304347826086
344,2,9,1,32400,351,0.010833333333333334,14.58404541015625,0.051771117166212535,0.05413105413105413
344,2,9,2,32400,398,0.012283950617283951,11.912059783935547,0.04859335038363171,0.06030150753768844
344,2,10,0,32400,464,0.014320987654320988,12.221982955932617,0.13272311212814644,0.16810344827586207
344,2,10,1,32400,370,0.011419753086419753,8.762162208557129,0.045584045584045586,0.05405405405405406
344,2,10,2,32400,412,0.01271604938271605,7.604369163513184,0.05527638190954774,0.07766990291262135
344,2,11,0,32400,439,0.013549382716049383,18.46013832092285,0.10775862068965517,0.14350797266514806
344,2,11,1,32400,353,0.010895061728395062,9.847024917602539,0.04864864864864865,0.06515580736543909
344,2,11,2,32400,409,0.012623456790123456,11.454768180847168,0.05339805825242718,0.08801955990220049
344,2,12,0,32400,454,0.014012345679012345,9.980175971984863,0.12984054669703873,0.14977973568281938
344,2,12,1,32400,372,0.011481481481481481,10.150537490844727,0.05099150141643059,0.0456989247311828
344,2,12,2,32400,363,0.011203703703703704,8.622590065002441,0.05623471882640587,0.05234159779614325
344,2,13,0,32400,410,0.012654320987654321,13.670731544494629,0.10572687224669604,0.1073170731707317
344,2,13,1,32400,357,0.011018518518518518,12.103641510009766,0.043010752688172046,0.09803921568627451
344,2,13,2,32400,373,0.011512345679012345,11.906167030334473,0.0440771349862259,0.04289544235924933
344,2,14,0,32400,380,0.011728395061728396,11.65000057220459,0.1024390243902439,0.09473684210526316
344,2,14,1,32400,372,0.011481481481481481,13.413978576660156,0.047619047619047616,0.07526881720430108
344,2,14,2,32400,392,0.012098765432098766,13.308672904968262,0.05093833780160858,0.08418367346938775
344,2,15,0,32400,433,0.013364197530864198,14.986144065856934,0.12105263157894737,0.15242494226327943
344,2,15,1,32400,356,0.010987654320987654,14.466293334960938,0.04032258064516129,0.0449438202247191
344,2,15,2,32400,363,0.011203703703703704,14.730029106140137,0.03571428571428571,0.05509641873278237
344,2,16,0,32400,443,0.013672839506172839,17.611738204956055,0.11085450346420324,0.12189616252821671
344,2,16,1,32400,366,0.011296296296296296,15.70218563079834,0.056179775280898875,0.04918032786885246
344,2,16,2,32400,375,0.011574074074074073,13.303999900817871,0.06060606060606061,0.064
344,2,17,0,32400,456,0.014074074074074074,12.383771896362305,0.14221218961625282,0.1600877192982456
344,2,17,1,32400,367,0.01132716049382716,14.792915344238281,0.040983606557377046,0.05994550408719346
344,2,17,2,32400,392,0.012098765432098766,9.73469352722168,0.06933333333333333,0.08928571428571429
344,2,18,0,32400,448,0.013827160493827161,14.026786804199219,0.1337719298245614,0.125
344,2,18,1,32400,387,0.011944444444444445,13.669251441955566,0.04904632152588556,0.07235142118863049
344,2,18,2,32400,399,0.012314814814814815,12.676692008972168,0.061224489795918366,0.09523809523809523
344,2,19,0,32400,449,0.013858024691358025,9.917594909667969,0.12276785714285714,0.1492204899777283
344,2,19,1,32400,358,0.011049382716049383,10.600558280944824,0.056847545219638244,0.0670391061452514
344,2,19,2,32400,380,0.011728395061728396,9.910526275634766,0.05263157894736842,0.07631578947368421
344,2,20,0,32400,452,0.013950617283950617,11.745574951171875,0.16258351893095768,0.15486725663716813
344,2,20,1,32400,382,0.011790123456790123,11.90575885772705,0.05307262569832402,0.0549738219895288
344,2,20,2,32400,389,0.012006172839506174,11.745501518249512,0.08421052631578947,0.10539845758354756
344,2,21,0,32400,469,0.014475308641975309,10.590618133544922,0.14823008849557523,0.14072494669509594
344,2,21,1,32400,359,0.011080246913580246,10.281336784362793,0.05235602094240838,0.08356545961002786
344,2,21,2,32400,369,0.01138888888888889,8.01084041595459,0.07712082262210797,0.08943089430894309
344,2,22,0,32400,436,0.01345679012345679,9.213302612304688,0.1279317697228145,0.11467889908256881
344,2,22,1,32400,354,0.010925925925925926,9.127119064331055,0.06406685236768803,0.06779661016949153
344,2,22,2,32400,369,0.01138888888888889,8.262872695922852,0.07046070460704607,0.07317073170731707
344,2,23,0,32400,416,0.012839506172839505,16.951923370361328,0.12614678899082568,0.17067307692307693
344,2,23,1,32400,349,0.010771604938271605,17.13467025756836,0.03672316384180791,0.034383954154727794
344,2,23,2,32400,391,0.0120679012345679,9.723785400390625,0.06775067750677506,0.0741687979539642
344,2,24,0,32400,459,0.014166666666666666,7.797385215759277,0.14182692307692307,0.16775599128540306
344,2,24,1,32400,326,0.010061728395061729,7.607361793518066,0.034383954154727794,0.03067484662576687
344,2,24,2,32400,350,0.010802469135802469,7.085714340209961,0.0639386189258312,0.10857142857142857
344,2,25,0,32400,401,0.012376543209876543,8.770573616027832,0.13507625272331156,0.16957605985037408
344,2,25,1,32400,350,0.010802469135802469,8.6371431350708,0.03680981595092025,0.02857142857142857
344,2,25,2,32400,380,0.011728395061728396,7.455263614654541,0.08,0.1368421052631579
344,2,26,0,32400,441,0.01361111111111111,22.433107376098633,0.13216957605985039,0.1746031746031746
344,2,26,1,32400,357,0.011018518518518518,21.408964157104492,0.03142857142857143,0.05322128851540616
344,2,26,2,32400,382,0.011790123456790123,26.696334838867188,0.06315789473684211,0.08115183246073299
344,2,27,0,32400,443,0.013672839506172839,13.074492454528809,0.12018140589569161,0.11512415349887133
344,2,27,1,32400,315,0.009722222222222222,12.822222709655762,0.04481792717086835,0.02857142857142857
344,2,27,2,32400,377,0.011635802469135802,12.564986228942871,0.07329842931937172,0.09549071618037135
344,2,28,0,32400,457,0.014104938271604939,14.995623588562012,0.11738148984198646,0.16849015317286653
344,2,28,1,32400,335,0.010339506172839507,15.62686538696289,0.03492063492063492,0.03582089552238806
344,2,28,2,32400,388,0.011975308641975308,18.139175415039062,0.07427055702917772,0.10309278350515463
344,2,29,0,32400,430,0.013271604938271606,32.818603515625,0.12035010940919037,0.12790697674418605
344,2,29,1,32400,359,0.011080246913580246,38.22283935546875,0.01791044776119403,0.033426183844011144
344,2,29,2,32400,370,0.011419753086419753,35.875675201416016,0.061855670103092786,0.06756756756756757
344,2,30,0,32400,468,0.014444444444444444,15.153846740722656,0.13023255813953488,0.1581196581196581
344,2,30,1,32400,350,0.010802469135802469,17.242856979370117,0.027855153203342618,0.045714285714285714
344,2,30,2,32400,411,0.012685185185185185,22.45012092590332,0.07027027027027027,0.09975669099756691
344,2,31,0,32400,453,0.013981481481481482,21.54083824157715,0.13675213675213677,0.19205298013245034
344,2,31,1,32400,384,0.011851851851851851,30.88020896911621,0.045714285714285714,0.07291666666666667
344,2,31,2,32400,394,0.012160493827160494,24.68020248413086,0.051094890510948905,0.09390862944162437
344,2,32,0,32400,435,0.013425925925925926,9.643677711486816,0.13245033112582782,0.17701149425287357
344,2,32,1,32400,376,0.011604938271604939,9.388298034667969,0.036458333333333336,0.047872340425531915
344,2,32,2,32400,393,0.012129629629629629,10.361323356628418,0.07360406091370558,0.06870229007633588
344,2,33,0,32400,465,0.014351851851851852,21.027957916259766,0.12873563218390804,0.14193548387096774
344,2,33,1,32400,363,0.011203703703703704,19.785123825073242,0.031914893617021274,0.05234159779614325
344,2,33,2,32400,398,0.012283950617283951,21.268844604492188,0.04834605597964377,0.07035175879396985
344,2,34,0,32400,482,0.014876543209876544,10.259336471557617,0.13118279569892474,0.12240663900414937
344,2,34,1,32400,353,0.010895061728395062,12.124646186828613,0.03305785123966942,0.0226628895184136
344,2,34,2,32400,379,0.01169753086419753,8.910290718078613,0.06532663316582915,0.10026385224274406
344,2,35,0,32400,455,0.01404320987654321,14.912088394165039,0.13278008298755187,0.1978021978021978
344,2,35,1,32400,355,0.010956790123456791,11.557745933532715,0.025495750708215296,0.0647887323943662
344,2,35,2,32400,353,0.010895061728395062,12.294617652893066,0.055408970976253295,0.039660056657223795
344,3,1,0,32400,408,0.012592592592592593,14.012255668640137,-1.0,0.10784313725490197
344,3,1,1,32400,361,0.011141975308641975,16.45429229736328,-1.0,0.05263157894736842
344,3,1,2,32400,372,0.011481481481481481,8.709677696228027,-1.0,0.06720430107526881
344,3,2,0,32400,422,0.013024691358024691,14.104266166687012,0.1053921568627451,0.12322274881516587
344,3,2,1,32400,332,0.010246913580246913,27.20783042907715,0.05817174515235457,0.04216867469879518
344,3,2,2,32400,393,0.012129629629629629,16.208650588989258,0.056451612903225805,0.06615776081424936
344,3,3,0,32400,440,0.013580246913580247,17.92727279663086,0.08530805687203792,0.10227272727272728
344,3,3,1,32400,341,0.01052469135802469,23.155426025390625,0.04819277108433735,0.05278592375366569
344,3,3,2,32400,390,0.012037037037037037,19.14102554321289,0.05597964376590331,0.0641025641025641
344,3,4,0,32400,443,0.013672839506172839,10.241535186767578,0.075,0.14221218961625282
344,3,4,1,32400,381,0.01175925925925926,13.664041519165039,0.07331378299120235,0.06824146981627296
344,3,4,2,32400,358,0.011049382716049383,11.290502548217773,0.05128205128205128,0.07262569832402235
344,3,5,0,32400,439,0.013549382716049383,10.025057792663574,0.10835214446952596,0.12072892938496584
344,3,5,1,32400,407,0.012561728395061728,9.341523170471191,0.05511811023622047,0.05405405405405406
344,3,5,2,32400,384,0.011851851851851851,7.8229169845581055,0.0670391061452514,0.0703125
344,3,6,0,32400,422,0.013024691358024691,18.38625717163086,0.09339407744874716,0.10426540284360189
344,3,6,1,32400,345,0.010648148148148148,14.614493370056152,0.0343980343980344,0.06666666666666667
344,3,6,2,32400,370,0.011419753086419753,10.986486434936523,0.052083333333333336,0.04594594594594595
344,3,7,0,32400,385,0.011882716049382716,10.48311710357666,0.11374407582938388,0.14545454545454545
344,3,7,1,32400,351,0.010833333333333334,9.581196784973145,0.06956521739130435,0.09116809116809117
344,3,7,2,32400,390,0.012037037037037037,8.566666603088379,0.05675675675675676,0.05641025641025641
344,3,8,0,32400,446,0.013765432098765433,13.77130126953125,0.13766233766233765,0.13452914798206278
344,3,8,1,32400,375,0.011574074074074073,10.04800033569336,0.045584045584045586,0.048
344,3,8,2,32400,372,0.011481481481481481,12.846774101257324,0.06923076923076923,0.07795698924731183
344,3,9,0,32400,442,0.013641975308641975,12.91402816772461,0.11883408071748879,0.17873303167420815
344,3,9,1,32400,387,0.011944444444444445,13.087855339050293,0.042666666666666665,0.06201550387596899
344,3,9,2,32400,370,0.011419753086419753,11.997297286987305,0.0456989247311828,0.07027027027027027
344,3,10,0,32400,433,0.013364197530864198,9.637413024902344,0.12669683257918551,0.17782909930715934
344,3,10,1,32400,317,0.009783950617283951,10.555205345153809,0.04909560723514212,0.07255520504731862
344,3,10,2,32400,395,0.012191358024691358,8.696202278137207,0.07027027027027027,0.08860759493670886
344,3,11,0,32400,443,0.013672839506172839,15.787810325622559,0.10623556581986143,0.12189616252821671
344,3,11,1,32400,342,0.010555555555555556,16.134502410888672,0.04416403785488959,0.06432748538011696
344,3,11,2,32400,384,0.011851851851851851,14.169271469116211,0.053164556962025315,0.08854166666666667
344,3,12,0,32400,434,0.013395061728395061,9.059907913208008,0.11738148984198646,0.1543778801843318
344,3,12,1,32400,390,0.012037037037037037,9.446154594421387,0.04678362573099415,0.05384615384615385
344,3,12,2,32400,367,0.01132716049382716,8.741144180297852,0.0546875,0.04632152588555858
344,3,13,0,32400,396,0.012222222222222223,9.09343433380127,0.11290322580645161,0.11363636363636363
344,3,13,1,32400,367,0.01132716049382716,13.580381393432617,0.041025641025641026,0.08174386920980926
344,3,13,2,32400,344,0.010617283950617284,8.994186401367188,0.0326975476839237,0.040697674418604654
344,3,14,0,32400,430,0.013271604938271606,11.797674179077148,0.11616161616161616,0.10697674418604651
344,3,14,1,32400,372,0.011481481481481481,14.709677696228027,0.07084468664850137,0.06989247311827956
344,3,14,2,32400,410,0.012654320987654321,12.648780822753906,0.05232558139534884,0.07804878048780488
344,3,15,0,32400,441,0.01361111111111111,19.088438034057617,0.10697674418604651,0.1473922902494331
344,3,15,1,32400,376,0.011604938271604939,16.835107803344727,0.04032258064516129,0.05053191489361702
344,3,15,2,32400,384,0.011851851851851851,10.796875,0.041463414634146344,0.052083333333333336
344,3,16,0,32400,434,0.013395061728395061,20.1843318939209,0.10204081632653061,0.09907834101382489
344,3,16,1,32400,361,0.011141975308641975,10.742382049560547,0.0425531914893617,0.0664819944598338
344,3,16,2,32400,366,0.011296296296296296,13.699453353881836,0.0546875,0.06830601092896176
344,3,17,0,32400,434,0.013395061728395061,14.018433570861816,0.12672811059907835,0.1543778801843318
344,3,17,1,32400,403,0.012438271604938272,10.955334663391113,0.0443213296398892,0.04714640198511166
344,3,17,2,32400,389,0.012006172839506174,15.96143913269043,0.07103825136612021,0.09254498714652956
344,3,18,0,32400,431,0.013302469135802469,16.283061981201172,0.14516129032258066,0.12761020881670534
344,3,18,1,32400,374,0.01154320987654321,14.617647171020508,0.04962779156327544,0.07754010695187166
344,3,18,2,32400,368,0.011358024691358024,14.44565200805664,0.07197943444730077,0.09510869565217392
344,3,19,0,32400,445,0.013734567901234567,10.132584571838379,0.12529002320185614,0.15056179775280898
344,3,19,1,32400,376,0.011604938271604939,10.696807861328125,0.06417112299465241,0.07712765957446809
344,3,19,2,32400,371,0.011450617283950618,9.768194198608398,0.0625,0.06199460916442048
344,3,20,0,32400,466,0.014382716049382717,11.405579566955566,0.15955056179775282,0.1609442060085837
344,3,20,1,32400,378,0.011666666666666667,12.34656047821045,0.05585106382978723,0.06613756613756613
344,3,20,2,32400,426,0.013148148148148148,11.75821590423584,0.08355795148247978,0.09154929577464789
344,3,21,0,32400,418,0.012901234567901234,11.60765552520752,0.1351931330472103,0.16507177033492823
344,3,21,1,32400,389,0.012006172839506174,9.095115661621094,0.05026455026455026,0.08226221079691516
344,3,21,2,32400,380,0.011728395061728396,9.21315860748291,0.07042253521126761,0.07894736842105263
344,3,22,0,32400,448,0.013827160493827161,8.448660850524902,0.13875598086124402,0.10044642857142858
344,3,22,1,32400,367,0.01132716049382716,9.02452278137207,0.05912596401028278,0.0653950953678474
344,3,22,2,32400,391,0.0120679012345679,8.396419525146484,0.07368421052631578,0.0639386189258312
344,3,23,0,32400,424,0.01308641975308642,17.14386749267578,0.11607142857142858,0.1650943396226415
344,3,23,1,32400,339,0.010462962962962962,14.572271347045898,0.02997275204359673,0.017699115044247787
344,3,23,2,32400,340,0.010493827160493827,11.979412078857422,0.06905370843989769,0.09117647058823529
344,3,24,0,32400,463,0.014290123456790123,8.028077125549316,0.14858490566037735,0.1771058315334773
344,3,24,1,32400,336,0.01037037037037037,9.211309432983398,0.038348082595870206,0.03571428571428571
344,3,24,2,32400,395,0.012191358024691358,7.939240455627441,0.08529411764705883,0.10886075949367088
344,3,25,0,32400,416,0.012839506172839505,8.644230842590332,0.13606911447084233,0.14423076923076922
344,3,25,1,32400,370,0.011419753086419753,9.681081771850586,0.044642857142857144,0.043243243243243246
344,3,25,2,32400,398,0.012283950617283951,8.967336654663086,0.0810126582278481,0.10301507537688442
344,3,26,0,32400,440,0.013580246913580247,20.474998474121094,0.13701923076923078,0.17045454545454544
344,3,26,1,32400,359,0.011080246913580246,15.557103157043457,0.04054054054054054,0.033426183844011144
344,3,26,2,32400,387,0.011944444444444445,22.75710678100586,0.06030150753768844,0.09560723514211886
344,3,27,0,32400,438,0.013518518518518518,10.264840126037598,0.12727272727272726,0.1415525114155251
344,3,27,1,32400,355,0.010956790123456791,13.109858512878418,0.033426183844011144,0.028169014084507043
344,3,27,2,32400,369,0.01138888888888889,13.081300735473633,0.07235142118863049,0.1002710027100271
344,3,28,0,32400,485,0.014969135802469136,18.717529296875,0.1278538812785388,0.1711340206185567
344,3,28,1,32400,354,0.010925925925925926,21.353107452392578,0.030985915492957747,0.025423728813559324
344,3,28,2,32400,420,0.012962962962962963,20.44285774230957,0.08401084010840108,0.11428571428571428
344,3,29,0,32400,445,0.013734567901234567,25.559551239013672,0.11134020618556702,0.14606741573033707
344,3,29,1,32400,346,0.010679012345679013,35.158958435058594,0.02824858757062147,0.04335260115606936
344,3,29,2,32400,370,0.011419753086419753,34.18378448486328,0.04523809523809524,0.07567567567567568
344,3,30,0,32400,427,0.013179012345679012,14.754097938537598,0.13258426966292136,0.18032786885245902
344,3,30,1,32400,380,0.011728395061728396,14.68157958984375,0.04046242774566474,0.042105263157894736
344,3,30,2,32400,391,0.0120679012345679,19.83631706237793,0.07837837837837838,0.12020460358056266
344,3,31,0,32400,493,0.015216049382716049,25.150100708007812,0.15690866510538642,0.18661257606490872
344,3,31,1,32400,392,0.012098765432098766,25.4260196685791,0.04473684210526316,0.07653061224489796
344,3,31,2,32400,369,0.01138888888888889,30.523035049438477,0.061381074168797956,0.1111111111111111
344,3,32,0,32400,438,0.013518518518518518,9.175798416137695,0.12981744421906694,0.16666666666666666
344,3,32,1,32400,379,0.01169753086419753,7.894459247589111,0.03826530612244898,0.05804749340369393
344,3,32,2,32400,354,0.010925925925925926,9.186440467834473,0.08130081300813008,0.07344632768361582
344,3,33,0,32400,462,0.01425925925925926,24.287878036499023,0.1324200913242009,0.1277056277056277
344,3,33,1,32400,358,0.011049382716049383,14.474860191345215,0.04221635883905013,0.027932960893854747
344,3,33,2,32400,385,0.011882716049382716,13.789609909057617,0.07062146892655367,0.08051948051948052
344,3,34,0,32400,466,0.014382716049382717,10.637338638305664,0.13636363636363635,0.13733905579399142
344,3,34,1,32400,365,0.011265432098765432,9.747945785522461,0.030726256983240222,0.03287671232876712
344,3,34,2,32400,394,0.012160493827160494,8.829949378967285,0.05974025974025974,0.1065989847715736
344,3,35,0,32400,499,0.015401234567901234,14.2765531539917,0.13304721030042918,0.1843687374749499
344,3,35,1,32400,379,0.01169753086419753,12.490765571594238,0.030136986301369864,0.047493403693931395
344,3,35,2,32400,372,0.011481481481481481,10.954300880432129,0.06852791878172589,0.04032258064516129
345,0,1,0,32400,414,0.012777777777777779,11.357487678527832,-1.0,0.1280193236714976
345,0,1,1,32400,377,0.011635802469135802,12.61273193359375,-1.0,0.03713527851458886
345,0,1,2,32400,376,0.011604938271604939,12.191489219665527,-1.0,0.07446808510638298
345,0,2,0,32400,396,0.012222222222222223,21.767677307128906,0.08695652173913043,0.10353535353535354
345,0,2,1,32400,362,0.01117283950617284,23.35911750793457,0.04509283819628647,0.052486187845303865
345,0,2,2,32400,385,0.011882716049382716,13.857142448425293,0.047872340425531915,0.06233766233766234
345,0,3,0,32400,403,0.012438271604938272,11.937965393066406,0.08585858585858586,0.1315136476426799
345,0,3,1,32400,373,0.011512345679012345,15.718499183654785,0.058011049723756904,0.06970509383378017
345,0,3,2,32400,407,0.012561728395061728,11.869778633117676,0.06233766233766234,0.06142506142506143
345,0,4,0,32400,430,0.013271604938271606,11.355813980102539,0.1141439205955335,0.13488372093023257
345,0,4,1,32400,387,0.011944444444444445,9.421189308166504,0.05361930294906166,0.056847545219638244
345,0,4,2,32400,384,0.011851851851851851,9.791666984558105,0.06388206388206388,0.06510416666666667
345,0,5,0,32400,421,0.012993827160493828,13.546319007873535,0.10465116279069768,0.1163895486935867
345,0,5,1,32400,383,0.011820987654320988,12.532638549804688,0.05167958656330749,0.0835509138381201
345,0,5,2,32400,402,0.012407407407407407,11.514925003051758,0.059895833333333336,0.05721393034825871
345,0,6,0,32400,463,0.014290123456790123,10.15550708770752,0.1187648456057007,0.12095032397408208
345,0,6,1,32400,357,0.011018518518518518,7.759103775024414,0.07049608355091384,0.07282913165266107
345,0,6,2,32400,390,0.012037037037037037,9.033333778381348,0.05970149253731343,0.07179487179487179
345,0,7,0,32400,432,0.013333333333333334,14.032407760620117,0.1079913606911447,0.14814814814814814
345,0,7,1,32400,385,0.011882716049382716,10.794804573059082,0.04481792717086835,0.06233766233766234
345,0,7,2,32400,359,0.011080246913580246,12.785514831542969,0.06666666666666667,0.06963788300835655
345,0,8,0,32400,456,0.014074074074074074,15.798245429992676,0.11574074074074074,0.17543859649122806
345,0,8,1,32400,350,0.010802469135802469,12.79714298248291,0.04935064935064935,0.04285714285714286
345,0,8,2,32400,377,0.011635802469135802,11.864721298217773,0.06128133704735376,0.06631299734748011
345,0,9,0,32400,472,0.014567901234567901,12.4555082321167,0.12938596491228072,0.1652542372881356
345,0,9,1,32400,383,0.011820987654320988,10.42297649383545,0.045714285714285714,0.06266318537859007
345,0,9,2,32400,399,0.012314814814814815,7.393483638763428,0.0636604774535809,0.07518796992481203
345,0,10,0,32400,437,0.013487654320987655,15.851258277893066,0.10805084745762712,0.13272311212814644
345,0,10,1,32400,352,0.010864197530864197,12.528409004211426,0.033942558746736295,0.07102272727272728
345,0,10,2,32400,395,0.012191358024691358,9.98734188079834,0.047619047619047616,0.08860759493670886
345,0,11,0,32400,439,0.013549382716049383,9.487471580505371,0.12128146453089245,0.14123006833712984
345,0,11,1,32400,333,0.010277777777777778,9.774774551391602,0.045454545454545456,0.05105105105105105
345,0,11,2,32400,381,0.01175925925925926,8.141732215881348,0.05822784810126582,0.07349081364829396
345,0,12,0,32400,429,0.01324074074074074,14.340326309204102,0.11389521640091116,0.11655011655011654
345,0,12,1,32400,373,0.011512345679012345,11.364611625671387,0.04804804804804805,0.07238605898123325
345,0,12,2,32400,361,0.011141975308641975,11.2299165725708,0.03937007874015748,0.038781163434903045
345,0,13,0,32400,417,0.01287037037037037,10.812950134277344,0.10023310023310024,0.09592326139088729
345,0,13,1,32400,387,0.011944444444444445,14.950904846191406,0.05630026809651475,0.05426356589147287
345,0,13,2,32400,395,0.012191358024691358,11.189873695373535,0.055401662049861494,0.08860759493670886
345,0,14,0,32400,418,0.012901234567901234,14.521533012390137,0.11031175059952038,0.1507177033492823
345,0,14,1,32400,384,0.011851851851851851,11.903646469116211,0.04909560723514212,0.0625
345,0,14,2,32400,363,0.011203703703703704,12.305785179138184,0.04050632911392405,0.046831955922865015
345,0,15,0,32400,413,0.012746913580246913,21.038742065429688,0.10526315789473684,0.09927360774818401
345,0,15,1,32400,374,0.01154320987654321,17.245988845825195,0.044270833333333336,0.058823529411764705
345,0,15,2,32400,401,0.012376543209876543,15.04987621307373,0.05509641873278237,0.0773067331670823
345,0,16,0,32400,425,0.013117283950617283,13.15294075012207,0.13559322033898305,0.16941176470588235
345,0,16,1,32400,373,0.011512345679012345,10.332440376281738,0.045454545454545456,0.07238605898123325
345,0,16,2,32400,364,0.011234567901234569,13.615385055541992,0.06982543640897755,0.10714285714285714
345,0,17,0,32400,470,0.014506172839506172,15.159573554992676,0.1411764705882353,0.12340425531914893
345,0,17,1,32400,391,0.0120679012345679,12.634270668029785,0.05630026809651475,0.061381074168797956
345,0,17,2,32400,419,0.0129320987654321,13.391408920288086,0.06593406593406594,0.08353221957040573
345,0,18,0,32400,450,0.013888888888888888,11.128889083862305,0.11702127659574468,0.15555555555555556
345,0,18,1,32400,344,0.010617283950617284,10.357558250427246,0.05115089514066496,0.09011627906976744
345,0,18,2,32400,406,0.012530864197530864,9.463053703308105,0.0477326968973747,0.07635467980295567
345,0,19,0,32400,471,0.014537037037037038,11.065817832946777,0.16,0.1613588110403397
345,0,19,1,32400,364,0.011234567901234569,11.409340858459473,0.055232558139534885,0.057692307692307696
345,0,19,2,32400,393,0.012129629629629629,10.974555015563965,0.09113300492610837,0.10432569974554708
345,0,20,0,32400,447,0.013796296296296296,9.465324401855469,0.14012738853503184,0.15883668903803133
345,0,20,1,32400,378,0.011666666666666667,9.060846328735352,0.054945054945054944,0.07671957671957672
345,0,20,2,32400,381,0.01175925925925926,7.7139105796813965,0.08142493638676845,0.08398950131233596
345,0,21,0,32400,413,0.012746913580246913,8.307506561279297,0.12080536912751678,0.11380145278450363
345,0,21,1,32400,359,0.011080246913580246,8.649024963378906,0.06084656084656084,0.07242339832869081
345,0,21,2,32400,362,0.01117283950617284,10.143647193908691,0.06824146981627296,0.08011049723756906
345,0,22,0,32400,456,0.014074074074074074,13.464912414550781,0.13559322033898305,0.16228070175438597
345,0,22,1,32400,362,0.01117283950617284,15.983426094055176,0.03064066852367688,0.024861878453038673
345,0,22,2,32400,386,0.01191358024691358,16.53367805480957,0.06629834254143646,0.07253886010362694
345,0,23,0,32400,463,0.014290123456790123,7.449244022369385,0.12938596491228072,0.1857451403887689
345,0,23,1,32400,343,0.01058641975308642,8.542274475097656,0.024861878453038673,0.04664723032069971
345,0,23,2,32400,368,0.011358024691358024,7.796195983886719,0.06217616580310881,0.09239130434782608
345,0,24,0,32400,431,0.013302469135802469,9.65893268585205,0.13606911447084233,0.15081206496519722
345,0,24,1,32400,400,0.012345679012345678,10.755000114440918,0.04081632653061224,0.035
345,0,24,2,32400,418,0.012901234567901234,8.12679386138916,0.07880434782608696,0.09808612440191387
345,0,25,0,32400,472,0.014567901234567901,15.478813171386719,0.12529002320185614,0.1673728813559322
345,0,25,1,32400,357,0.011018518518518518,19.179271697998047,0.04,0.04201680672268908
345,0,25,2,32400,409,0.012623456790123456,20.45232391357422,0.05980861244019139,0.08557457212713937
345,0,26,0,32400,422,0.013024691358024691,12.066350936889648,0.11652542372881355,0.14218009478672985
345,0,26,1,32400,362,0.01117283950617284,14.538674354553223,0.036414565826330535,0.03591160220994475
345,0,26,2,32400,430,0.013271604938271606,11.560464859008789,0.08068459657701711,0.10232558139534884
345,0,27,0,32400,486,0.015,16.23868179321289,0.12796208530805686,0.15843621399176955
345,0,27,1,32400,351,0.010833333333333334,14.40170955657959,0.024861878453038673,0.03133903133903134
345,0,27,2,32400,412,0.01271604938271605,15.975728034973145,0.07906976744186046,0.10922330097087378
345,0,28,0,32400,419,0.0129320987654321,30.933176040649414,0.12962962962962962,0.12649164677804295
345,0,28,1,32400,387,0.011944444444444445,20.75710678100586,0.019943019943019943,0.04392764857881137
345,0,28,2,32400,373,0.011512345679012345,40.109920501708984,0.04611650485436893,0.06970509383378017
345,0,29,0,32400,496,0.015308641975308642,17.29838752746582,0.12410501193317422,0.14112903225806453
345,0,29,1,32400,343,0.01058641975308642,17.2740535736084,0.020671834625323,0.05539358600583091
345,0,29,2,32400,409,0.012623456790123456,15.33496379852295,0.06702412868632708,0.08312958435207823
345,0,30,0,32400,474,0.01462962962962963,32.04008102416992,0.13306451612903225,0.19198312236286919
345,0,30,1,32400,375,0.011574074074074073,19.27199935913086,0.052478134110787174,0.056
345,0,30,2,32400,399,0.012314814814814815,35.75188064575195,0.0488997555012225,0.10526315789473684
345,0,31,0,32400,493,0.015216049382716049,9.88843822479248,0.1350210970464135,0.1643002028397566
345,0,31,1,32400,334,0.010308641975308641,8.520957946777344,0.042666666666666665,0.05389221556886228
345,0,31,2,32400,371,0.011450617283950618,9.148247718811035,0.07017543859649122,0.0862533692722372
345,0,32,0,32400,468,0.014444444444444444,22.946582794189453,0.1257606490872211,0.1282051282051282
345,0,32,1,32400,368,0.011358024691358024,14.279891967773438,0.038922155688622756,0.043478260869565216
345,0,32,2,32400,396,0.012222222222222223,13.328282356262207,0.05929919137466307,0.06818181818181818
345,0,33,0,32400,449,0.013858024691358025,10.7683744430542,0.13247863247863248,0.1447661469933185
345,0,33,1,32400,340,0.010493827160493827,10.350000381469727,0.029891304347826088,0.03235294117647059
345,0,33,2,32400,433,0.013364197530864198,11.12240219116211,0.06060606060606061,0.11085450346420324
345,0,34,0,32400,454,0.014012345679012345,13.744492530822754,0.1403118040089087,0.19823788546255505
345,0,34,1,32400,370,0.011419753086419753,13.881081581115723,0.029411764705882353,0.05405405405405406
345,0,34,2,32400,352,0.010864197530864197,13.835227966308594,0.053117782909930716,0.05113636363636364
345,0,35,0,32400,446,0.013765432098765433,13.40358829498291,0.13876651982378854,0.1547085201793722
345,0,35,1,32400,359,0.011080246913580246,13.849581718444824,0.04864864864864865,0.055710306406685235
345,0,35,2,32400,382,0.011790123456790123,14.712041854858398,0.06818181818181818,0.06806282722513089
345,1,1,0,32400,431,0.013302469135802469,12.605567932128906,-1.0,0.12529002320185614
345,1,1,1,32400,359,0.011080246913580246,18.178272247314453,-1.0,0.04735376044568245
345,1,1,2,32400,417,0.01287037037037037,17.743406295776367,-1.0,0.05755395683453238
345,1,2,0,32400,418,0.012901234567901234,12.557415962219238,0.09048723897911833,0.10047846889952153
345,1,2,1,32400,372,0.011481481481481481,23.177419662475586,0.0584958217270195,0.053763440860215055
345,1,2,2,32400,400,0.012345679012345678,22.63249969482422,0.050359712230215826,0.07
345,1,3,0,32400,425,0.013117283950617283,13.712940216064453,0.08133971291866028,0.13647058823529412
345,1,3,1,32400,391,0.0120679012345679,12.800511360168457,0.053763440860215055,0.0741687979539642
345,1,3,2,32400,427,0.013179012345679012,12.71662712097168,0.0575,0.0585480093676815
345,1,4,0,32400,429,0.01324074074074074,8.547785758972168,0.12,0.1258741258741259
345,1,4,1,32400,328,0.010123456790123457,10.237804412841797,0.04603580562659847,0.057926829268292686
345,1,4,2,32400,369,0.01138888888888889,9.414634704589844,0.04918032786885246,0.07317073170731707
345,1,5,0,32400,441,0.01361111111111111,14.2380952835083,0.1048951048951049,0.09750566893424037
345,1,5,1,32400,355,0.010956790123456791,13.222535133361816,0.04573170731707317,0.0647887323943662
345,1,5,2,32400,372,0.011481481481481481,12.25,0.06233062330623306,0.06182795698924731
345,1,6,0,32400,459,0.014166666666666666,7.808278560638428,0.1111111111111111,0.11764705882352941
345,1,6,1,32400,386,0.01191358024691358,10.064766883850098,0.0647887323943662,0.08031088082901554
345,1,6,2,32400,374,0.01154320987654321,8.184492111206055,0.06720430107526881,0.06684491978609626
345,1,7,0,32400,426,0.013148148148148148,12.521126747131348,0.10675381263616558,0.12910798122065728
345,1,7,1,32400,380,0.011728395061728396,13.605263710021973,0.05181347150259067,0.06315789473684211
345,1,7,2,32400,391,0.0120679012345679,11.470587730407715,0.0748663101604278,0.07161125319693094
345,1,8,0,32400,449,0.013858024691358025,15.652562141418457,0.13380281690140844,0.15812917594654788
345,1,8,1,32400,340,0.010493827160493827,10.761764526367188,0.042105263157894736,0.04411764705882353
345,1,8,2,32400,391,0.0120679012345679,10.260869026184082,0.043478260869565216,0.08951406649616368
345,1,9,0,32400,435,0.013425925925925926,12.273563385009766,0.13808463251670378,0.17701149425287357
345,1,9,1,32400,340,0.010493827160493827,10.058823585510254,0.041176470588235294,0.05588235294117647
345,1,9,2,32400,409,0.012623456790123456,8.415648460388184,0.0639386189258312,0.07823960880195599
345,1,10,0,32400,449,0.013858024691358025,15.46993350982666,0.12183908045977011,0.12694877505567928
345,1,10,1,32400,355,0.010956790123456791,10.6845064163208,0.03529411764705882,0.056338028169014086
345,1,10,2,32400,357,0.011018518518518518,20.156864166259766,0.04156479217603912,0.07282913165266107
345,1,11,0,32400,420,0.012962962962962963,10.378571510314941,0.12472160356347439,0.15476190476190477
345,1,11,1,32400,374,0.01154320987654321,10.181818008422852,0.04507042253521127,0.0374331550802139
345,1,11,2,32400,327,0.010092592592592592,8.88379192352295,0.05042016806722689,0.0581039755351682
345,1,12,0,32400,430,0.013271604938271606,12.181395530700684,0.1261904761904762,0.12093023255813953
345,1,12,1,32400,379,0.01169753086419753,11.192612648010254,0.045454545454545456,0.06860158311345646
345,1,12,2,32400,371,0.011450617283950618,8.824797630310059,0.03363914373088685,0.07547169811320754
345,1,13,0,32400,428,0.013209876543209877,13.476634979248047,0.09534883720930233,0.10046728971962617
345,1,13,1,32400,365,0.011265432098765432,12.923288345336914,0.055408970976253295,0.0547945205479452
345,1,13,2,32400,383,0.011820987654320988,12.54830265045166,0.04851752021563342,0.09921671018276762
345,1,14,0,32400,408,0.012592592592592593,14.509805679321289,0.10747663551401869,0.14215686274509803
345,1,14,1,32400,366,0.011296296296296296,15.286887168884277,0.049315068493150684,0.06284153005464481
345,1,14,2,32400,367,0.01132716049382716,11.237056732177734,0.04699738903394256,0.06267029972752043
345,1,15,0,32400,449,0.013858024691358025,16.6458797454834,0.12990196078431374,0.1091314031180401
345,1,15,1,32400,345,0.010648148148148148,18.501449584960938,0.040983606557377046,0.057971014492753624
345,1,15,2,32400,396,0.012222222222222223,12.237373352050781,0.05722070844686648,0.06818181818181818
345,1,16,0,32400,427,0.013179012345679012,12.901638984680176,0.12249443207126949,0.1592505854800937
345,1,16,1,32400,361,0.011141975308641975,13.063711166381836,0.04927536231884058,0.07202216066481995
345,1,16,2,32400,390,0.012037037037037037,10.264102935791016,0.06818181818181818,0.1076923076923077
345,1,17,0,32400,423,0.013055555555555556,15.898344993591309,0.14285714285714285,0.1347517730496454
345,1,17,1,32400,360,0.011111111111111112,14.175000190734863,0.04986149584487535,0.05555555555555555
345,1,17,2,32400,382,0.011790123456790123,12.950262069702148,0.0641025641025641,0.09424083769633508
345,1,18,0,32400,457,0.014104938271604939,10.682713508605957,0.13002364066193853,0.1422319474835886
345,1,18,1,32400,373,0.011512345679012345,8.268096923828125,0.06666666666666667,0.06702412868632708
345,1,18,2,32400,404,0.012469135802469136,8.801980018615723,0.0549738219895288,0.06683168316831684
345,1,19,0,32400,476,0.014691358024691358,11.613446235656738,0.15098468271334792,0.16596638655462184
345,1,19,1,32400,352,0.010864197530864197,10.107954978942871,0.04825737265415549,0.06818181818181818
345,1,19,2,32400,421,0.012993827160493828,9.567696571350098,0.08663366336633663,0.0831353919239905
345,1,20,0,32400,445,0.013734567901234567,8.606741905212402,0.13655462184873948,0.15955056179775282
345,1,20,1,32400,403,0.012438271604938272,10.233250617980957,0.06534090909090909,0.0794044665012407
345,1,20,2,32400,359,0.011080246913580246,10.025069236755371,0.07125890736342043,0.08635097493036212
345,1,21,0,32400,416,0.012839506172839505,8.870192527770996,0.1303370786516854,0.11298076923076923
345,1,21,1,32400,399,0.012314814814814815,8.776942253112793,0.05459057071960298,0.06766917293233082
345,1,21,2,32400,387,0.011944444444444445,8.385013580322266,0.08356545961002786,0.06976744186046512
345,1,22,0,32400,465,0.014351851851851852,15.76344108581543,0.13701923076923078,0.15698924731182795
345,1,22,1,32400,357,0.011018518518518518,17.00560188293457,0.040100250626566414,0.025210084033613446
345,1,22,2,32400,363,0.011203703703703704,13.567493438720703,0.059431524547803614,0.0743801652892562
345,1,23,0,32400,455,0.01404320987654321,8.995604515075684,0.12688172043010754,0.17582417582417584
345,1,23,1,32400,338,0.010432098765432099,7.967455863952637,0.03081232492997199,0.0621301775147929
345,1,23,2,32400,395,0.012191358024691358,7.0835442543029785,0.06611570247933884,0.09113924050632911
345,1,24,0,32400,424,0.01308641975308642,8.745283126831055,0.13626373626373625,0.16037735849056603
345,1,24,1,32400,351,0.010833333333333334,9.031338691711426,0.047337278106508875,0.03133903133903134
345,1,24,2,32400,383,0.011820987654320988,7.182767868041992,0.07088607594936709,0.10182767624020887
345,1,25,0,32400,433,0.013364197530864198,20.81755256652832,0.12735849056603774,0.19168591224018475
345,1,25,1,32400,360,0.011111111111111112,20.525001525878906,0.042735042735042736,0.05
345,1,25,2,32400,421,0.012993827160493828,27.263662338256836,0.06266318537859007,0.09263657957244656
345,1,26,0,32400,439,0.013549382716049383,11.359909057617188,0.12240184757505773,0.1480637813211845
345,1,26,1,32400,365,0.011265432098765432,13.364383697509766,0.044444444444444446,0.021917808219178082
345,1,26,2,32400,401,0.012376543209876543,10.633417129516602,0.06413301662707839,0.08728179551122195
345,1,27,0,32400,459,0.014166666666666666,21.753812789916992,0.1252847380410023,0.16993464052287582
345,1,27,1,32400,348,0.01074074074074074,15.775861740112305,0.024657534246575342,0.022988505747126436
345,1,27,2,32400,395,0.012191358024691358,16.08354377746582,0.08229426433915212,0.10632911392405063
345,1,28,0,32400,394,0.012160493827160494,21.776649475097656,0.11982570806100218,0.13959390862944163
345,1,28,1,32400,362,0.01117283950617284,17.10497283935547,0.020114942528735632,0.03038674033149171
345,1,28,2,32400,355,0.010956790123456791,31.661970138549805,0.04810126582278481,0.0676056338028169
345,1,29,0,32400,470,0.014506172839506172,16.161701202392578,0.13959390862944163,0.1574468085106383
345,1,29,1,32400,378,0.011666666666666667,14.531745910644531,0.03591160220994475,0.05291005291005291
345,1,29,2,32400,407,0.012561728395061728,17.28009796142578,0.07323943661971831,0.09582309582309582
345,1,30,0,32400,443,0.013672839506172839,23.706546783447266,0.14468085106382977,0.20993227990970656
345,1,30,1,32400,375,0.011574074074074073,22.88800048828125,0.05291005291005291,0.064
345,1,30,2,32400,385,0.011882716049382716,28.13766098022461,0.05405405405405406,0.0987012987012987
345,1,31,0,32400,468,0.014444444444444444,9.373931884765625,0.13544018058690746,0.1581196581196581
345,1,31,1,32400,347,0.010709876543209877,9.752161026000977,0.042666666666666665,0.040345821325648415
345,1,31,2,32400,378,0.011666666666666667,10.0,0.07792207792207792,0.07671957671957672
345,1,32,0,32400,480,0.014814814814814815,26.979167938232422,0.12393162393162394,0.14583333333333334
345,1,32,1,32400,348,0.01074074074074074,13.795976638793945,0.04610951008645533,0.031609195402298854
345,1,32,2,32400,384,0.011851851851851851,21.828125,0.07407407407407407,0.0703125
345,1,33,0,32400,450,0.013888888888888888,11.524444580078125,0.12291666666666666,0.14444444444444443
345,1,33,1,32400,351,0.010833333333333334,10.307692527770996,0.031609195402298854,0.02564102564102564
345,1,33,2,32400,381,0.01175925925925926,11.506561279296875,0.057291666666666664,0.10236220472440945
345,1,34,0,32400,450,0.013888888888888888,13.397778511047363,0.13777777777777778,0.2
345,1,34,1,32400,372,0.011481481481481481,14.717741966247559,0.02849002849002849,0.043010752688172046
345,1,34,2,32400,356,0.010987654320987654,11.691011428833008,0.06299212598425197,0.03932584269662921
345,1,35,0,32400,449,0.013858024691358025,13.218263626098633,0.13555555555555557,0.1603563474387528
345,1,35,1,32400,352,0.010864197530864197,12.755681991577148,0.03763440860215054,0.03409090909090909
345,1,35,2,32400,328,0.010123456790123457,10.539633750915527,0.06460674157303371,0.06707317073170732
345,2,1,0,32400,429,0.01324074074074074,15.552448272705078,-1.0,0.12354312354312354
345,2,1,1,32400,343,0.01058641975308642,15.93002986907959,-1.0,0.052478134110787174
345,2,1,2,32400,376,0.011604938271604939,22.864360809326172,-1.0,0.07446808510638298
345,2,2,0,32400,395,0.012191358024691358,17.691139221191406,0.08158508158508158,0.08354430379746836
345,2,2,1,32400,369,0.01138888888888889,19.65311622619629,0.04956268221574344,0.05962059620596206
345,2,2,2,32400,391,0.0120679012345679,14.554986953735352,0.05319148936170213,0.06649616368286446
345,2,3,0,32400,409,0.012623456790123456,13.396088600158691,0.08354430379746836,0.15158924205378974
345,2,3,1,32400,370,0.011419753086419753,12.54054069519043,0.05420054200542006,0.08108108108108109
345,2,3,2,32400,380,0.011728395061728396,12.936842918395996,0.04603580562659847,0.06578947368421052
345,2,4,0,32400,410,0.012654320987654321,10.680487632751465,0.11735941320293398,0.11707317073170732
345,2,4,1,32400,341,0.01052469135802469,12.140762329101562,0.051351351351351354,0.05571847507331378
345,2,4,2,32400,373,0.011512345679012345,9.80160903930664,0.05789473684210526,0.0777479892761394
345,2,5,0,32400,405,0.0125,12.595062255859375,0.1073170731707317,0.10617283950617284
345,2,5,1,32400,352,0.010864197530864197,16.673295974731445,0.04398826979472141,0.056818181818181816
345,2,5,2,32400,380,0.011728395061728396,15.334211349487305,0.05361930294906166,0.05
345,2,6,0,32400,402,0.012407407407407407,8.661691665649414,0.11604938271604938,0.14427860696517414
345,2,6,1,32400,385,0.011882716049382716,8.327272415161133,0.06818181818181818,0.08831168831168831
345,2,6,2,32400,379,0.01169753086419753,7.82849645614624,0.05263157894736842,0.07651715039577836
345,2,7,0,32400,438,0.013518518518518518,13.294520378112793,0.12189054726368159,0.13470319634703196
345,2,7,1,32400,340,0.010493827160493827,15.10588264465332,0.04415584415584416,0.052941176470588235
345,2,7,2,32400,399,0.012314814814814815,13.446115493774414,0.07387862796833773,0.06516290726817042
345,2,8,0,32400,460,0.014197530864197531,13.50217342376709,0.1232876712328767,0.1608695652173913
345,2,8,1,32400,355,0.010956790123456791,11.853520393371582,0.05588235294117647,0.04507042253521127
345,2,8,2,32400,381,0.01175925925925926,12.640419960021973,0.047619047619047616,0.07349081364829396
345,2,9,0,32400,439,0.013549382716049383,10.801822662353516,0.13260869565217392,0.17084282460136674
345,2,9,1,32400,347,0.010709876543209877,8.561959266662598,0.05070422535211268,0.06340057636887608
345,2,9,2,32400,410,0.012654320987654321,6.521951198577881,0.06036745406824147,0.07317073170731707
345,2,10,0,32400,445,0.013734567901234567,11.941573143005371,0.10933940774487472,0.12359550561797752
345,2,10,1,32400,371,0.011450617283950618,10.264150619506836,0.037463976945244955,0.06199460916442048
345,2,10,2,32400,400,0.012345679012345678,11.809999465942383,0.041463414634146344,0.0725
345,2,11,0,32400,450,0.013888888888888888,10.237777709960938,0.12134831460674157,0.15333333333333332
345,2,11,1,32400,347,0.010709876543209877,7.89337158203125,0.05660377358490566,0.043227665706051875
345,2,11,2,32400,391,0.0120679012345679,8.179028511047363,0.0525,0.06649616368286446
345,2,12,0,32400,443,0.013672839506172839,9.616252899169922,0.11555555555555555,0.11060948081264109
345,2,12,1,32400,389,0.012006172839506174,10.714653015136719,0.05475504322766571,0.08226221079691516
345,2,12,2,32400,365,0.011265432098765432,9.043835639953613,0.04092071611253197,0.0410958904109589
345,2,13,0,32400,405,0.0125,11.797531127929688,0.08803611738148984,0.09382716049382717
345,2,13,1,32400,344,0.010617283950617284,15.011628150939941,0.05141388174807198,0.08139534883720931
345,2,13,2,32400,391,0.0120679012345679,13.29411792755127,0.052054794520547946,0.0792838874680307
345,2,14,0,32400,389,0.012006172839506174,21.437021255493164,0.11358024691358025,0.14910025706940874
345,2,14,1,32400,377,0.011635802469135802,9.570291519165039,0.040697674418604654,0.07427055702917772
345,2,14,2,32400,368,0.011358024691358024,12.02173900604248,0.043478260869565216,0.051630434782608696
345,2,15,0,32400,446,0.013765432098765433,16.811660766601562,0.12339331619537275,0.12556053811659193
345,2,15,1,32400,358,0.011049382716049383,15.477653503417969,0.042440318302387266,0.0446927374301676
345,2,15,2,32400,387,0.011944444444444445,10.891472816467285,0.059782608695652176,0.07751937984496124
345,2,16,0,32400,452,0.013950617283950617,13.019911766052246,0.12556053811659193,0.17920353982300885
345,2,16,1,32400,367,0.01132716049382716,10.46593952178955,0.06424581005586592,0.05449591280653951
345,2,16,2,32400,384,0.011851851851851851,12.328125,0.06718346253229975,0.09635416666666667
345,2,17,0,32400,450,0.013888888888888888,17.15999984741211,0.1504424778761062,0.14
345,2,17,1,32400,369,0.01138888888888889,14.663956642150879,0.043596730245231606,0.07046070460704607
345,2,17,2,32400,385,0.011882716049382716,15.532466888427734,0.0625,0.08571428571428572
345,2,18,0,32400,465,0.014351851851851852,9.944086074829102,0.12444444444444444,0.14408602150537633
345,2,18,1,32400,393,0.012129629629629629,10.096692085266113,0.056910569105691054,0.0737913486005089
345,2,18,2,32400,406,0.012530864197530864,9.416255950927734,0.05454545454545454,0.07142857142857142
345,2,19,0,32400,458,0.014135802469135803,11.67903995513916,0.15053763440860216,0.1615720524017467
345,2,19,1,32400,359,0.011080246913580246,10.565459251403809,0.043256997455470736,0.06128133704735376
345,2,19,2,32400,387,0.011944444444444445,9.550387382507324,0.07635467980295567,0.10077519379844961
345,2,20,0,32400,437,0.013487654320987655,10.574370384216309,0.14410480349344978,0.13501144164759726
345,2,20,1,32400,392,0.012098765432098766,10.283163070678711,0.06685236768802229,0.07908163265306123
345,2,20,2,32400,371,0.011450617283950618,10.091644287109375,0.07751937984496124,0.09973045822102426
345,2,21,0,32400,449,0.013858024691358025,9.64365291595459,0.13043478260869565,0.11804008908685969
345,2,21,1,32400,345,0.010648148148148148,8.713044166564941,0.05612244897959184,0.06956521739130435
345,2,21,2,32400,367,0.01132716049382716,9.44141674041748,0.07008086253369272,0.07084468664850137
345,2,22,0,32400,441,0.01361111111111111,18.08616828918457,0.1358574610244989,0.16326530612244897
345,2,22,1,32400,333,0.010277777777777778,13.741742134094238,0.03768115942028986,0.024024024024024024
345,2,22,2,32400,369,0.01138888888888889,16.84010887145996,0.0653950953678474,0.08943089430894309
345,2,23,0,32400,431,0.013302469135802469,7.350347995758057,0.1360544217687075,0.1740139211136891
345,2,23,1,32400,358,0.011049382716049383,8.329608917236328,0.042042042042042045,0.04748603351955307
345,2,23,2,32400,393,0.012129629629629629,6.193384170532227,0.06775067750677506,0.09923664122137404
345,2,24,0,32400,435,0.013425925925925926,9.020689964294434,0.14153132250580047,0.15172413793103448
345,2,24,1,32400,330,0.010185185185185186,7.321211814880371,0.03910614525139665,0.02727272727272727
345,2,24,2,32400,355,0.010956790123456791,9.366196632385254,0.07633587786259542,0.10704225352112676
345,2,25,0,32400,426,0.013148148148148148,27.985919952392578,0.12643678160919541,0.19248826291079812
345,2,25,1,32400,349,0.010771604938271605,21.99427032470703,0.04242424242424243,0.03724928366762178
345,2,25,2,32400,381,0.01175925925925926,23.312335968017578,0.061971830985915494,0.11548556430446194
345,2,26,0,32400,425,0.013117283950617283,11.849411010742188,0.12441314553990611,0.1411764705882353
345,2,26,1,32400,354,0.010925925925925926,13.293785095214844,0.02865329512893983,0.03672316384180791
345,2,26,2,32400,383,0.011820987654320988,12.775457382202148,0.07611548556430446,0.09399477806788512
345,2,27,0,32400,475,0.014660493827160493,22.46736717224121,0.13176470588235295,0.15368421052631578
345,2,27,1,32400,309,0.009537037037037037,18.95145606994629,0.0423728813559322,0.025889967637540454
345,2,27,2,32400,378,0.011666666666666667,23.89946937561035,0.07049608355091384,0.0873015873015873
345,2,28,0,32400,427,0.013179012345679012,24.60421371459961,0.10947368421052632,0.13348946135831383
345,2,28,1,32400,341,0.01052469135802469,29.404691696166992,0.025889967637540454,0.05278592375366569
345,2,28,2,32400,367,0.01132716049382716,37.3814697265625,0.05026455026455026,0.07629427792915532
345,2,29,0,32400,453,0.013981481481481482,17.35982322692871,0.1288056206088993,0.16335540838852097
345,2,29,1,32400,363,0.011203703703703704,16.89531707763672,0.017595307917888565,0.03856749311294766
345,2,29,2,32400,386,0.01191358024691358,17.54404067993164,0.07901907356948229,0.09067357512953368
345,2,30,0,32400,471,0.014537037037037038,22.526540756225586,0.1479028697571744,0.19745222929936307
345,2,30,1,32400,363,0.011203703703703704,29.019283294677734,0.05234159779614325,0.06611570247933884
345,2,30,2,32400,415,0.012808641975308642,27.522891998291016,0.05958549222797927,0.10361445783132531
345,2,31,0,32400,464,0.014320987654320988,8.653017044067383,0.13588110403397027,0.15732758620689655
345,2,31,1,32400,374,0.01154320987654321,10.834224700927734,0.03856749311294766,0.058823529411764705
345,2,31,2,32400,388,0.011975308641975308,9.659793853759766,0.07228915662650602,0.08247422680412371
345,2,32,0,32400,429,0.01324074074074074,21.522144317626953,0.11853448275862069,0.1445221445221445
345,2,32,1,32400,371,0.011450617283950618,19.05390739440918,0.034759358288770054,0.03504043126684636
345,2,32,2,32400,397,0.012253086419753086,16.790931701660156,0.05670103092783505,0.06297229219143577
345,2,33,0,32400,457,0.014104938271604939,11.111597061157227,0.1282051282051282,0.13566739606126915
345,2,33,1,32400,359,0.011080246913580246,11.20334243774414,0.0215633423180593,0.04735376044568245
345,2,33,2,32400,403,0.012438271604938272,9.930521011352539,0.05793450881612091,0.11166253101736973
345,2,34,0,32400,489,0.015092592592592593,14.124744415283203,0.14660831509846828,0.18813905930470348
345,2,34,1,32400,358,0.011049382716049383,14.550278663635254,0.033426183844011144,0.036312849162011177
345,2,34,2,32400,357,0.011018518518518518,13.439776420593262,0.062034739454094295,0.04201680672268908
345,2,35,0,32400,444,0.013703703703703704,13.1373872756958,0.12269938650306748,0.15315315315315314
345,2,35,1,32400,344,0.010617283950617284,12.165698051452637,0.0335195530726257,0.0436046511627907
345,2,35,2,32400,349,0.010771604938271605,10.143266677856445,0.05042016806722689,0.06017191977077364
345,3,1,0,32400,417,0.01287037037037037,21.69064712524414,-1.0,0.11990407673860912
345,3,1,1,32400,353,0.010895061728395062,19.422096252441406,-1.0,0.039660056657223795
345,3,1,2,32400,379,0.01169753086419753,11.366755485534668,-1.0,0.07387862796833773
345,3,2,0,32400,418,0.012901234567901234,16.9282283782959,0.09592326139088729,0.09330143540669857
345,3,2,1,32400,338,0.010432098765432099,17.887575149536133,0.056657223796033995,0.05621301775147929
345,3,2,2,32400,392,0.012098765432098766,15.941326141357422,0.0633245382585752,0.07908163265306123
345,3,3,0,32400,449,0.013858024691358025,12.966592788696289,0.08373205741626795,0.13808463251670378
345,3,3,1,32400,345,0.010648148148148148,12.092754364013672,0.05917159763313609,0.08985507246376812
345,3,3,2,32400,398,0.012283950617283951,12.678391456604004,0.06377551020408163,0.06281407035175879
345,3,4,0,32400,450,0.013888888888888888,9.584444999694824,0.10467706013363029,0.13111111111111112
345,3,4,1,32400,380,0.011728395061728396,11.521053314208984,0.06086956521739131,0.04736842105263158
345,3,4,2,32400,345,0.010648148148148148,8.692753791809082,0.05025125628140704,0.07536231884057971
345,3,5,0,32400,424,0.01308641975308642,13.2240571975708,0.10222222222222223,0.09905660377358491
345,3,5,1,32400,409,0.012623456790123456,14.99266529083252,0.039473684210526314,0.061124694376528114
345,3,5,2,32400,383,0.011820987654320988,10.644908905029297,0.06666666666666667,0.04699738903394256
345,3,6,0,32400,433,0.013364197530864198,9.840646743774414,0.10377358490566038,0.12702078521939955
345,3,6,1,32400,345,0.010648148148148148,10.05217456817627,0.061124694376528114,0.08405797101449275
345,3,6,2,32400,377,0.011635802469135802,8.62334156036377,0.06005221932114883,0.05305039787798409
345,3,7,0,32400,393,0.012129629629629629,14.368956565856934,0.12009237875288684,0.1475826972010178
345,3,7,1,32400,354,0.010925925925925926,13.974575996398926,0.057971014492753624,0.059322033898305086
345,3,7,2,32400,396,0.012222222222222223,13.853535652160645,0.07161803713527852,0.0707070707070707
345,3,8,0,32400,452,0.013950617283950617,15.185840606689453,0.1475826972010178,0.16150442477876106
345,3,8,1,32400,364,0.011234567901234569,16.656593322753906,0.03954802259887006,0.046703296703296704
345,3,8,2,32400,363,0.011203703703703704,10.336088180541992,0.045454545454545456,0.06887052341597796
345,3,9,0,32400,445,0.013734567901234567,9.822471618652344,0.13495575221238937,0.18202247191011237
345,3,9,1,32400,382,0.011790123456790123,7.238219738006592,0.04120879120879121,0.06282722513089005
345,3,9,2,32400,382,0.011790123456790123,9.874345779418945,0.06060606060606061,0.08376963350785341
345,3,10,0,32400,415,0.012808641975308642,15.074699401855469,0.1101123595505618,0.13975903614457832
345,3,10,1,32400,318,0.009814814814814814,17.735849380493164,0.03664921465968586,0.08176100628930817
345,3,10,2,32400,382,0.011790123456790123,10.413612365722656,0.05235602094240838,0.07853403141361257
345,3,11,0,32400,455,0.01404320987654321,9.406594276428223,0.12289156626506025,0.13846153846153847
345,3,11,1,32400,336,0.01037037037037037,8.7619047164917,0.05345911949685535,0.05357142857142857
345,3,11,2,32400,367,0.01132716049382716,7.53133487701416,0.05235602094240838,0.0681198910081744
345,3,12,0,32400,426,0.013148148148148148,12.74178409576416,0.11208791208791209,0.12441314553990611
345,3,12,1,32400,407,0.012561728395061728,12.007370948791504,0.044642857142857144,0.08353808353808354
345,3,12,2,32400,370,0.011419753086419753,9.8945951461792,0.04087193460490463,0.04054054054054054
345,3,13,0,32400,391,0.0120679012345679,16.606138229370117,0.09624413145539906,0.09462915601023018
345,3,13,1,32400,353,0.010895061728395062,11.427762031555176,0.051597051597051594,0.059490084985835696
345,3,13,2,32400,364,0.011234567901234569,11.074175834655762,0.043243243243243246,0.08516483516483517
345,3,14,0,32400,438,0.013518518518518518,17.963472366333008,0.12276214833759591,0.15296803652968036
345,3,14,1,32400,377,0.011635802469135802,13.615386009216309,0.056657223796033995,0.0610079575596817
345,3,14,2,32400,383,0.011820987654320988,13.968668937683105,0.046703296703296704,0.04699738903394256
345,3,15,0,32400,453,0.013981481481481482,16.035320281982422,0.1095890410958904,0.10596026490066225
345,3,15,1,32400,377,0.011635802469135802,20.413793563842773,0.03713527851458886,0.05570291777188329
345,3,15,2,32400,409,0.012623456790123456,11.806846618652344,0.05483028720626632,0.07090464547677261
345,3,16,0,32400,441,0.01361111111111111,13.666666984558105,0.11920529801324503,0.15419501133786848
345,3,16,1,32400,362,0.01117283950617284,15.193370819091797,0.04774535809018567,0.06906077348066299
345,3,16,2,32400,374,0.01154320987654321,10.024064064025879,0.06845965770171149,0.08823529411764706
345,3,17,0,32400,429,0.01324074074074074,14.955711364746094,0.1383219954648526,0.12121212121212122
345,3,17,1,32400,403,0.012438271604938272,16.962778091430664,0.04696132596685083,0.04962779156327544
345,3,17,2,32400,381,0.01175925925925926,11.522309303283691,0.06149732620320856,0.08923884514435695
345,3,18,0,32400,447,0.013796296296296296,10.015660285949707,0.13053613053613053,0.14317673378076062
345,3,18,1,32400,379,0.01169753086419753,11.116095542907715,0.05459057071960298,0.06860158311345646
345,3,18,2,32400,375,0.011574074074074073,11.144000053405762,0.06299212598425197,0.06933333333333333
345,3,19,0,32400,455,0.01404320987654321,11.738462448120117,0.15883668903803133,0.16043956043956045
345,3,19,1,32400,376,0.011604938271604939,11.08776569366455,0.047493403693931395,0.07180851063829788
345,3,19,2,32400,380,0.011728395061728396,8.792105674743652,0.09333333333333334,0.08421052631578947
345,3,20,0,32400,452,0.013950617283950617,9.340707778930664,0.14505494505494507,0.13716814159292035
345,3,20,1,32400,388,0.011975308641975308,10.837628364562988,0.06648936170212766,0.08762886597938144
345,3,20,2,32400,409,0.012623456790123456,9.85819149017334,0.07894736842105263,0.08068459657701711
345,3,21,0,32400,397,0.012253086419753086,8.125944137573242,0.11946902654867257,0.13350125944584382
345,3,21,1,32400,374,0.01154320987654321,8.86363697052002,0.05412371134020619,0.06951871657754011
345,3,21,2,32400,377,0.011635802469135802,9.058355331420898,0.061124694376528114,0.0636604774535809
345,3,22,0,32400,455,0.01404320987654321,16.235164642333984,0.1486146095717884,0.16043956043956045
345,3,22,1,32400,344,0.010617283950617284,17.226743698120117,0.026737967914438502,0.020348837209302327
345,3,22,2,32400,389,0.012006172839506174,16.794343948364258,0.0636604774535809,0.07712082262210797
345,3,23,0,32400,437,0.013487654320987655,9.720823287963867,0.13186813186813187,0.18077803203661327
345,3,23,1,32400,348,0.01074074074074074,7.675287246704102,0.03488372093023256,0.028735632183908046
345,3,23,2,32400,345,0.010648148148148148,7.171014785766602,0.06940874035989718,0.12753623188405797
345,3,24,0,32400,440,0.013580246913580247,8.984090805053711,0.14416475972540047,0.15681818181818183
345,3,24,1,32400,339,0.010462962962962962,7.834808349609375,0.04310344827586207,0.032448377581120944
345,3,24,2,32400,399,0.012314814814814815,8.007518768310547,0.09855072463768116,0.11278195488721804
345,3,25,0,32400,438,0.013518518518518518,20.815067291259766,0.12727272727272726,0.16210045662100456
345,3,25,1,32400,367,0.01132716049382716,22.735694885253906,0.04129793510324484,0.04904632152588556
345,3,25,2,32400,401,0.012376543209876543,27.728179931640625,0.06516290726817042,0.09476309226932668
345,3,26,0,32400,423,0.013055555555555556,12.34515380859375,0.12557077625570776,0.13238770685579196
345,3,26,1,32400,357,0.011018518518518518,14.868348121643066,0.03814713896457766,0.025210084033613446
345,3,26,2,32400,389,0.012006172839506174,10.15681266784668,0.0773067331670823,0.10796915167095116
345,3,27,0,32400,470,0.014506172839506172,18.853191375732422,0.13238770685579196,0.1702127659574468
345,3,27,1,32400,351,0.010833333333333334,22.207979202270508,0.04201680672268908,0.02564102564102564
345,3,27,2,32400,370,0.011419753086419753,15.4513521194458,0.06683804627249357,0.0918918918918919
345,3,28,0,32400,456,0.014074074074074074,21.164474487304688,0.12340425531914893,0.12938596491228072
345,3,28,1,32400,360,0.011111111111111112,21.622222900390625,0.02564102564102564,0.03888888888888889
345,3,28,2,32400,400,0.012345679012345678,26.80500030517578,0.05675675675675676,0.0875
345,3,29,0,32400,468,0.014444444444444444,17.80128288269043,0.1206140350877193,0.17094017094017094
345,3,29,1,32400,349,0.010771604938271605,12.446991920471191,0.027777777777777776,0.045845272206303724
345,3,29,2,32400,386,0.01191358024691358,14.279792785644531,0.065,0.08808290155440414
345,3,30,0,32400,429,0.01324074074074074,20.939393997192383,0.15384615384615385,0.2191142191142191
345,3,30,1,32400,392,0.012098765432098766,21.961734771728516,0.06303724928366762,0.058673469387755105
345,3,30,2,32400,393,0.012129629629629629,24.473281860351562,0.05958549222797927,0.11959287531806616
345,3,31,0,32400,502,0.015493827160493827,9.452191352844238,0.14219114219114218,0.15338645418326693
345,3,31,1,32400,383,0.011820987654320988,8.190600395202637,0.03826530612244898,0.057441253263707574
345,3,31,2,32400,360,0.011111111111111112,9.074999809265137,0.0737913486005089,0.08611111111111111
345,3,32,0,32400,432,0.013333333333333334,25.189815521240234,0.11752988047808766,0.1527777777777778
345,3,32,1,32400,373,0.011512345679012345,28.184988021850586,0.033942558746736295,0.03485254691689008
345,3,32,2,32400,357,0.011018518518518518,14.277311325073242,0.06111111111111111,0.06442577030812324
345,3,33,0,32400,454,0.014012345679012345,10.722466468811035,0.13194444444444445,0.11894273127753303
345,3,33,1,32400,353,0.010895061728395062,10.926345825195312,0.029490616621983913,0.025495750708215296
345,3,33,2,32400,392,0.012098765432098766,10.15050983428955,0.07563025210084033,0.11224489795918367
345,3,34,0,32400,472,0.014567901234567901,14.690677642822266,0.14537444933920704,0.19703389830508475
345,3,34,1,32400,370,0.011419753086419753,14.305405616760254,0.028328611898016998,0.04594594594594595
345,3,34,2,32400,373,0.011512345679012345,12.538874626159668,0.06377551020408163,0.04825737265415549
345,3,35,0,32400,486,0.015,12.740740776062012,0.125,0.1440329218106996
345,3,35,1,32400,370,0.011419753086419753,15.835135459899902,0.04054054054054054,0.032432432432432434
345,3,35,2,32400,369,0.01138888888888889,12.227642059326172,0.064343163538874,0.06233062330623306
346,0,1,0,32400,409,0.012623456790123456,16.352079391479492,-1.0,0.10513447432762836
346,0,1,1,32400,383,0.011820987654320988,15.582245826721191,-1.0,0.05221932114882506
346,0,1,2,32400,376,0.011604938271604939,17.603723526000977,-1.0,0.0797872340425532
346,0,2,0,32400,407,0.012561728395061728,12.982800483703613,0.08557457212713937,0.14250614250614252
346,0,2,1,32400,368,0.011358024691358024,13.78532600402832,0.05221932114882506,0.06793478260869565
346,0,2,2,32400,391,0.0120679012345679,14.588234901428223,0.05053191489361702,0.07161125319693094
346,0,3,0,32400,412,0.01271604938271605,10.300971031188965,0.12039312039312039,0.1262135922330097
346,0,3,1,32400,372,0.011481481481481481,11.854838371276855,0.05434782608695652,0.04838709677419355
346,0,3,2,32400,393,0.012129629629629629,8.748091697692871,0.058823529411764705,0.0737913486005089
346,0,4,0,32400,416,0.012839506172839505,14.451923370361328,0.10922330097087378,0.11298076923076923
346,0,4,1,32400,388,0.011975308641975308,12.932989120483398,0.03763440860215054,0.06443298969072164
346,0,4,2,32400,383,0.011820987654320988,11.05221939086914,0.058524173027989825,0.0391644908616188
346,0,5,0,32400,430,0.013271604938271606,10.988371849060059,0.11538461538461539,0.13023255813953488
346,0,5,1,32400,383,0.011820987654320988,9.143603324890137,0.07731958762886598,0.09399477806788512
346,0,5,2,32400,408,0.012592592592592593,8.48774528503418,0.06005221932114883,0.061274509803921566
346,0,6,0,32400,470,0.014506172839506172,13.838297843933105,0.1186046511627907,0.12978723404255318
346,0,6,1,32400,358,0.011049382716049383,11.516759872436523,0.05221932114882506,0.04189944134078212
346,0,6,2,32400,394,0.012160493827160494,11.131979942321777,0.06862745098039216,0.08629441624365482
346,0,7,0,32400,438,0.013518518518518518,14.963469505310059,0.11063829787234042,0.17123287671232876
346,0,7,1,32400,375,0.011574074074074073,10.831999778747559,0.03910614525139665,0.06666666666666667
346,0,7,2,32400,350,0.010802469135802469,11.720000267028809,0.04314720812182741,0.06571428571428571
346,0,8,0,32400,461,0.014228395061728395,8.917571067810059,0.13470319634703196,0.17787418655097614
346,0,8,1,32400,346,0.010679012345679013,9.927745819091797,0.050666666666666665,0.049132947976878616
346,0,8,2,32400,390,0.012037037037037037,12.720514297485352,0.08,0.07948717948717948
346,0,9,0,32400,452,0.013950617283950617,17.444690704345703,0.11062906724511931,0.12831858407079647
346,0,9,1,32400,384,0.011851851851851851,8.8984375,0.03757225433526012,0.06510416666666667
346,0,9,2,32400,387,0.011944444444444445,9.958656311035156,0.05128205128205128,0.07493540051679587
346,0,10,0,32400,449,0.013858024691358025,9.178174018859863,0.12389380530973451,0.15367483296213807
346,0,10,1,32400,347,0.010709876543209877,9.878962516784668,0.044270833333333336,0.06340057636887608
346,0,10,2,32400,377,0.011635802469135802,8.137930870056152,0.046511627906976744,0.07161803713527852
346,0,11,0,32400,428,0.013209876543209877,10.640186309814453,0.1091314031180401,0.10514018691588785
346,0,11,1,32400,351,0.010833333333333334,16.629629135131836,0.04610951008645533,0.08262108262108261
346,0,11,2,32400,383,0.011820987654320988,12.177545547485352,0.042440318302387266,0.07049608355091384
346,0,12,0,32400,424,0.01308641975308642,13.728774070739746,0.09345794392523364,0.09433962264150944
346,0,12,1,32400,360,0.011111111111111112,12.036111831665039,0.06267806267806268,0.05277777777777778
346,0,12,2,32400,382,0.011790123456790123,14.72774887084961,0.044386422976501305,0.07591623036649214
346,0,13,0,32400,425,0.013117283950617283,13.188234329223633,0.10613207547169812,0.13647058823529412
346,0,13,1,32400,392,0.012098765432098766,13.285715103149414,0.05,0.04846938775510204
346,0,13,2,32400,371,0.011450617283950618,17.14016342163086,0.05235602094240838,0.06199460916442048
346,0,14,0,32400,430,0.013271604938271606,17.17906951904297,0.10588235294117647,0.1186046511627907
346,0,14,1,32400,385,0.011882716049382716,16.10389518737793,0.04081632653061224,0.05974025974025974
346,0,14,2,32400,389,0.012006172839506174,16.131105422973633,0.05929919137466307,0.06683804627249357
346,0,15,0,32400,423,0.013055555555555556,14.205674171447754,0.1325581395348837,0.16548463356973994
346,0,15,1,32400,375,0.011574074074074073,12.15999984741211,0.04935064935064935,0.06933333333333333
346,0,15,2,32400,409,0.012623456790123456,14.026895523071289,0.06683804627249357,0.10268948655256724
346,0,16,0,32400,423,0.013055555555555556,15.498818397521973,0.15130023640661938,0.1536643026004728
346,0,16,1,32400,373,0.011512345679012345,14.84986686706543,0.048,0.06970509383378017
346,0,16,2,32400,357,0.011018518518518518,11.817927360534668,0.061124694376528114,0.09803921568627451
346,0,17,0,32400,486,0.015,10.670781135559082,0.13002364066193853,0.13991769547325103
346,0,17,1,32400,398,0.012283950617283951,10.243718147277832,0.058981233243967826,0.05778894472361809
346,0,17,2,32400,425,0.013117283950617283,10.71294116973877,0.058823529411764705,0.06823529411764706
346,0,18,0,32400,459,0.014166666666666666,9.993463516235352,0.14609053497942387,0.16122004357298475
346,0,18,1,32400,345,0.010648148148148148,11.91014575958252,0.04020100502512563,0.08115942028985507
346,0,18,2,32400,413,0.012746913580246913,10.636804580688477,0.07294117647058823,0.09443099273607748
346,0,19,0,32400,456,0.014074074074074074,10.379385948181152,0.1437908496732026,0.15789473684210525
346,0,19,1,32400,374,0.01154320987654321,9.537433624267578,0.06376811594202898,0.07219251336898395
346,0,19,2,32400,375,0.011574074074074073,9.592000007629395,0.08232445520581114,0.09333333333333334
346,0,20,0,32400,427,0.013179012345679012,8.309133529663086,0.12280701754385964,0.12177985948477751
346,0,20,1,32400,363,0.011203703703703704,9.55096435546875,0.058823529411764705,0.06611570247933884
346,0,20,2,32400,379,0.01169753086419753,7.860158443450928,0.08,0.07651715039577836
346,0,21,0,32400,418,0.012901234567901234,16.411481857299805,0.1288056206088993,0.16507177033492823
346,0,21,1,32400,336,0.01037037037037037,15.0119047164917,0.027548209366391185,0.026785714285714284
346,0,21,2,32400,361,0.011141975308641975,14.911356925964355,0.0633245382585752,0.0886426592797784
346,0,22,0,32400,472,0.014567901234567901,8.47669506072998,0.145933014354067,0.17796610169491525
346,0,22,1,32400,371,0.011450617283950618,8.048517227172852,0.03273809523809524,0.03504043126684636
346,0,22,2,32400,388,0.011975308641975308,6.706185340881348,0.06371191135734072,0.0979381443298969
346,0,23,0,32400,440,0.013580246913580247,8.899999618530273,0.13347457627118645,0.1590909090909091
346,0,23,1,32400,348,0.01074074074074074,8.931034088134766,0.03234501347708895,0.04597701149425287
346,0,23,2,32400,371,0.011450617283950618,8.258759498596191,0.07216494845360824,0.09433962264150944
346,0,24,0,32400,454,0.014012345679012345,25.4030818939209,0.12727272727272726,0.17180616740088106
346,0,24,1,32400,396,0.012222222222222223,18.835859298706055,0.04310344827586207,0.04040404040404041
346,0,24,2,32400,420,0.012962962962962963,29.476192474365234,0.0646900269541779,0.08571428571428572
346,0,25,0,32400,454,0.014012345679012345,12.381056785583496,0.1145374449339207,0.12334801762114538
346,0,25,1,32400,353,0.010895061728395062,16.47025489807129,0.03535353535353535,0.025495750708215296
346,0,25,2,32400,410,0.012654320987654321,12.580488204956055,0.07142857142857142,0.1024390243902439
346,0,26,0,32400,454,0.014012345679012345,16.942729949951172,0.11894273127753303,0.17400881057268722
346,0,26,1,32400,357,0.011018518518518518,19.008405685424805,0.0339943342776204,0.03081232492997199
346,0,26,2,32400,430,0.013271604938271606,22.395349502563477,0.07317073170731707,0.09302325581395349
346,0,27,0,32400,456,0.014074074074074074,23.04166603088379,0.12334801762114538,0.12719298245614036
346,0,27,1,32400,357,0.011018518518518518,29.022409439086914,0.0196078431372549,0.047619047619047616
346,0,27,2,32400,392,0.012098765432098766,23.31377410888672,0.05581395348837209,0.08418367346938775
346,0,28,0,32400,443,0.013672839506172839,17.182844161987305,0.13596491228070176,0.15575620767494355
346,0,28,1,32400,391,0.0120679012345679,15.751917839050293,0.022408963585434174,0.043478260869565216
346,0,28,2,32400,390,0.012037037037037037,17.923076629638672,0.06377551020408163,0.08717948717948718
346,0,29,0,32400,498,0.015370370370370371,26.662649154663086,0.14672686230248308,0.1706827309236948
346,0,29,1,32400,356,0.010987654320987654,26.379213333129883,0.043478260869565216,0.08146067415730338
346,0,29,2,32400,412,0.01271604938271605,28.32767105102539,0.05641025641025641,0.08980582524271845
346,0,30,0,32400,484,0.01493827160493827,9.349173545837402,0.12048192771084337,0.15702479338842976
346,0,30,1,32400,365,0.011265432098765432,8.452054977416992,0.0449438202247191,0.038356164383561646
346,0,30,2,32400,392,0.012098765432098766,8.191326141357422,0.06796116504854369,0.09438775510204081
346,0,31,0,32400,486,0.015,24.154319763183594,0.11983471074380166,0.14609053497942387
346,0,31,1,32400,329,0.01015432098765432,15.382978439331055,0.0410958904109589,0.03951367781155015
346,0,31,2,32400,376,0.011604938271604939,16.44148826599121,0.05612244897959184,0.08244680851063829
346,0,32,0,32400,461,0.014228395061728395,10.3535795211792,0.12962962962962962,0.12364425162689804
346,0,32,1,32400,364,0.011234567901234569,9.879120826721191,0.02735562310030395,0.04120879120879121
346,0,32,2,32400,402,0.012407407407407407,9.738805770874023,0.07180851063829788,0.1044776119402985
346,0,33,0,32400,454,0.014012345679012345,15.158589363098145,0.14099783080260303,0.21585903083700442
346,0,33,1,32400,345,0.010648148148148148,12.962319374084473,0.027472527472527472,0.04927536231884058
346,0,33,2,32400,411,0.012685185185185185,11.19951343536377,0.06467661691542288,0.0535279805352798
346,0,34,0,32400,441,0.01361111111111111,15.426304817199707,0.13215859030837004,0.1473922902494331
346,0,34,1,32400,360,0.011111111111111112,12.19444465637207,0.034782608695652174,0.041666666666666664
346,0,34,2,32400,349,0.010771604938271605,10.575931549072266,0.051094890510948905,0.07163323782234957
346,0,35,0,32400,459,0.014166666666666666,28.191722869873047,0.1383219954648526,0.16122004357298475
346,0,35,1,32400,363,0.011203703703703704,27.07438087463379,0.03888888888888889,0.06611570247933884
346,0,35,2,32400,393,0.012129629629629629,17.66666603088379,0.07163323782234957,0.06615776081424936
346,1,1,0,32400,426,0.013148148148148148,18.427230834960938,-1.0,0.10328638497652583
346,1,1,1,32400,366,0.011296296296296296,21.00819969177246,-1.0,0.060109289617486336
346,1,1,2,32400,415,0.012808641975308642,12.754217147827148,-1.0,0.060240963855421686
346,1,2,0,32400,427,0.013179012345679012,13.822013854980469,0.07981220657276995,0.1358313817330211
346,1,2,1,32400,379,0.01169753086419753,12.99736213684082,0.07103825136612021,0.07387862796833773
346,1,2,2,32400,408,0.012592592592592593,15.154412269592285,0.05060240963855422,0.06862745098039216
346,1,3,0,32400,431,0.013302469135802469,10.3341064453125,0.1053864168618267,0.12529002320185614
346,1,3,1,32400,391,0.0120679012345679,10.04092025756836,0.052770448548812667,0.05370843989769821
346,1,3,2,32400,414,0.012777777777777779,8.77294635772705,0.061274509803921566,0.06038647342995169
346,1,4,0,32400,416,0.012839506172839505,14.548077583312988,0.1136890951276102,0.0985576923076923
346,1,4,1,32400,331,0.01021604938271605,13.821752548217773,0.03324808184143223,0.0755287009063444
346,1,4,2,32400,369,0.01138888888888889,14.203252792358398,0.04830917874396135,0.04878048780487805
346,1,5,0,32400,451,0.013919753086419753,10.40576457977295,0.12259615384615384,0.11529933481152993
346,1,5,1,32400,355,0.010956790123456791,8.61126708984375,0.07854984894259819,0.08732394366197183
346,1,5,2,32400,379,0.01169753086419753,8.229551315307617,0.06775067750677506,0.0633245382585752
346,1,6,0,32400,468,0.014444444444444444,16.014957427978516,0.1130820399113082,0.12179487179487179
346,1,6,1,32400,388,0.011975308641975308,13.698452949523926,0.04507042253521127,0.05412371134020619
346,1,6,2,32400,378,0.011666666666666667,12.158729553222656,0.07651715039577836,0.07936507936507936
346,1,7,0,32400,431,0.013302469135802469,14.020881652832031,0.10897435897435898,0.16473317865429235
346,1,7,1,32400,368,0.011358024691358024,12.372282981872559,0.04639175257731959,0.059782608695652176
346,1,7,2,32400,383,0.011820987654320988,11.731070518493652,0.05291005291005291,0.06527415143603134
346,1,8,0,32400,452,0.013950617283950617,9.11061954498291,0.14617169373549885,0.16150442477876106
346,1,8,1,32400,337,0.010401234567901235,6.421364784240723,0.043478260869565216,0.04747774480712166
346,1,8,2,32400,403,0.012438271604938272,8.799007415771484,0.06005221932114883,0.09181141439205956
346,1,9,0,32400,416,0.012839506172839505,17.483173370361328,0.11283185840707964,0.13221153846153846
346,1,9,1,32400,341,0.01052469135802469,13.797654151916504,0.032640949554896145,0.06158357771260997
346,1,9,2,32400,400,0.012345679012345678,12.47499942779541,0.052109181141439205,0.075
346,1,10,0,32400,461,0.014228395061728395,10.362256050109863,0.14182692307692307,0.1475054229934924
346,1,10,1,32400,349,0.010771604938271605,8.722063064575195,0.04398826979472141,0.034383954154727794
346,1,10,2,32400,339,0.010462962962962962,7.165191650390625,0.045,0.04424778761061947
346,1,11,0,32400,408,0.012592592592592593,10.843137741088867,0.11496746203904555,0.11519607843137254
346,1,11,1,32400,391,0.0120679012345679,13.5012788772583,0.04297994269340974,0.0741687979539642
346,1,11,2,32400,330,0.010185185185185186,7.681818008422852,0.035398230088495575,0.05454545454545454
346,1,12,0,32400,426,0.013148148148148148,11.896714210510254,0.10294117647058823,0.1056338028169014
346,1,12,1,32400,366,0.011296296296296296,12.14207649230957,0.05115089514066496,0.05191256830601093
346,1,12,2,32400,390,0.012037037037037037,11.620512962341309,0.045454545454545456,0.09743589743589744
346,1,13,0,32400,436,0.01345679012345679,16.8256893157959,0.10093896713615023,0.14220183486238533
346,1,13,1,32400,370,0.011419753086419753,17.510814666748047,0.04918032786885246,0.04594594594594595
346,1,13,2,32400,358,0.011049382716049383,11.874300956726074,0.041025641025641026,0.06983240223463687
346,1,14,0,32400,421,0.012993827160493828,16.173397064208984,0.11238532110091744,0.10451306413301663
346,1,14,1,32400,367,0.01132716049382716,18.732969284057617,0.043243243243243246,0.0653950953678474
346,1,14,2,32400,391,0.0120679012345679,13.803069114685059,0.06983240223463687,0.07672634271099744
346,1,15,0,32400,456,0.014074074074074074,14.328947067260742,0.14251781472684086,0.14692982456140352
346,1,15,1,32400,346,0.010679012345679013,11.398843765258789,0.04632152588555858,0.057803468208092484
346,1,15,2,32400,405,0.0125,15.083950996398926,0.06649616368286446,0.08888888888888889
346,1,16,0,32400,424,0.01308641975308642,14.52122688293457,0.13815789473684212,0.14622641509433962
346,1,16,1,32400,362,0.01117283950617284,13.842541694641113,0.049132947976878616,0.0718232044198895
346,1,16,2,32400,383,0.011820987654320988,14.644908905029297,0.06419753086419754,0.10182767624020887
346,1,17,0,32400,439,0.013549382716049383,11.05239200592041,0.13443396226415094,0.1480637813211845
346,1,17,1,32400,366,0.011296296296296296,8.991803169250488,0.058011049723756904,0.05737704918032787
346,1,17,2,32400,388,0.011975308641975308,9.731958389282227,0.05483028720626632,0.06701030927835051
346,1,18,0,32400,467,0.01441358024691358,12.950749397277832,0.16173120728929385,0.15845824411134904
346,1,18,1,32400,373,0.011512345679012345,10.058981895446777,0.05191256830601093,0.06166219839142091
346,1,18,2,32400,412,0.01271604938271605,10.33737850189209,0.08505154639175258,0.08737864077669903
346,1,19,0,32400,461,0.014228395061728395,8.678958892822266,0.13704496788008566,0.15184381778741865
346,1,19,1,32400,362,0.01117283950617284,9.90607738494873,0.05630026809651475,0.08011049723756906
346,1,19,2,32400,405,0.0125,10.311111450195312,0.08495145631067962,0.07654320987654321
346,1,20,0,32400,424,0.01308641975308642,7.7028303146362305,0.12147505422993492,0.12264150943396226
346,1,20,1,32400,388,0.011975308641975308,9.00257682800293,0.06906077348066299,0.06443298969072164
346,1,20,2,32400,356,0.010987654320987654,7.820224761962891,0.06666666666666667,0.06741573033707865
346,1,21,0,32400,420,0.012962962962962963,16.840476989746094,0.13443396226415094,0.15714285714285714
346,1,21,1,32400,376,0.011604938271604939,12.327127456665039,0.02577319587628866,0.026595744680851064
346,1,21,2,32400,386,0.01191358024691358,11.779792785644531,0.06741573033707865,0.08031088082901554
346,1,22,0,32400,481,0.014845679012345679,8.288981437683105,0.15,0.17463617463617465
346,1,22,1,32400,366,0.011296296296296296,7.292349338531494,0.0425531914893617,0.03825136612021858
346,1,22,2,32400,367,0.01132716049382716,7.144413948059082,0.06217616580310881,0.10354223433242507
346,1,23,0,32400,431,0.013302469135802469,8.909512519836426,0.1288981288981289,0.14849187935034802
346,1,23,1,32400,342,0.010555555555555556,9.064327239990234,0.03825136612021858,0.05555555555555555
346,1,23,2,32400,399,0.012314814814814815,8.523809432983398,0.08174386920980926,0.09523809523809523
346,1,24,0,32400,446,0.013765432098765433,21.623319625854492,0.12529002320185614,0.17488789237668162
346,1,24,1,32400,349,0.010771604938271605,19.318052291870117,0.049707602339181284,0.04011461318051576
346,1,24,2,32400,386,0.01191358024691358,32.243526458740234,0.05513784461152882,0.08290155440414508
346,1,25,0,32400,417,0.01287037037037037,11.045563697814941,0.11434977578475336,0.14628297362110312
346,1,25,1,32400,358,0.011049382716049383,12.276535987854004,0.04011461318051576,0.0335195530726257
346,1,25,2,32400,423,0.013055555555555556,13.510638236999512,0.07772020725388601,0.1016548463356974
346,1,26,0,32400,471,0.014537037037037038,18.549894332885742,0.1342925659472422,0.1762208067940552
346,1,26,1,32400,359,0.011080246913580246,20.467967987060547,0.04189944134078212,0.022284122562674095
346,1,26,2,32400,402,0.012407407407407407,16.415422439575195,0.061465721040189124,0.0845771144278607
346,1,27,0,32400,429,0.01324074074074074,27.01398468017578,0.11677282377919321,0.13286713286713286
346,1,27,1,32400,354,0.010925925925925926,25.336158752441406,0.022284122562674095,0.03954802259887006
346,1,27,2,32400,375,0.011574074074074073,19.87466812133789,0.05970149253731343,0.07733333333333334
346,1,28,0,32400,415,0.012808641975308642,15.443373680114746,0.1282051282051282,0.163855421686747
346,1,28,1,32400,366,0.011296296296296296,15.800545692443848,0.022598870056497175,0.03278688524590164
346,1,28,2,32400,371,0.011450617283950618,17.79245376586914,0.064,0.0862533692722372
346,1,29,0,32400,473,0.014598765432098766,25.128963470458984,0.15903614457831325,0.18816067653276955
346,1,29,1,32400,389,0.012006172839506174,32.7866325378418,0.05737704918032787,0.07969151670951156
346,1,29,2,32400,410,0.012654320987654321,20.14634132385254,0.05929919137466307,0.1
346,1,30,0,32400,453,0.013981481481481482,9.364238739013672,0.13530655391120508,0.16777041942604856
346,1,30,1,32400,366,0.011296296296296296,10.778688430786133,0.043701799485861184,0.0546448087431694
346,1,30,2,32400,377,0.011635802469135802,8.331564903259277,0.06829268292682927,0.07957559681697612
346,1,31,0,32400,462,0.01425925925925926,31.1125545501709,0.12141280353200883,0.13636363636363635
346,1,31,1,32400,342,0.010555555555555556,14.242690086364746,0.04371584699453552,0.02046783625730994
346,1,31,2,32400,383,0.011820987654320988,24.261096954345703,0.0636604774535809,0.07049608355091384
346,1,32,0,32400,475,0.014660493827160493,12.052631378173828,0.1277056277056277,0.13894736842105262
346,1,32,1,32400,344,0.010617283950617284,10.212209701538086,0.038011695906432746,0.0377906976744186
346,1,32,2,32400,390,0.012037037037037037,10.543590545654297,0.0835509138381201,0.1076923076923077
346,1,33,0,32400,456,0.014074074074074074,13.385965347290039,0.1368421052631579,0.21052631578947367
346,1,33,1,32400,356,0.010987654320987654,14.286517143249512,0.0377906976744186,0.03932584269662921
346,1,33,2,32400,360,0.011111111111111112,13.90000057220459,0.05897435897435897,0.044444444444444446
346,1,34,0,32400,437,0.013487654320987655,12.549198150634766,0.12938596491228072,0.15560640732265446
346,1,34,1,32400,362,0.01117283950617284,12.276243209838867,0.03651685393258427,0.024861878453038673
346,1,34,2,32400,352,0.010864197530864197,11.5,0.05555555555555555,0.0625
346,1,35,0,32400,464,0.014320987654320988,26.377155303955078,0.13729977116704806,0.17456896551724138
346,1,35,1,32400,357,0.011018518518518518,21.540616989135742,0.027624309392265192,0.04201680672268908
346,1,35,2,32400,338,0.010432098765432099,21.618345260620117,0.05965909090909091,0.0621301775147929
346,2,1,0,32400,425,0.013117283950617283,16.87764549255371,-1.0,0.08941176470588236
346,2,1,1,32400,350,0.010802469135802469,22.662857055664062,-1.0,0.06
346,2,1,2,32400,376,0.011604938271604939,17.159574508666992,-1.0,0.08244680851063829
346,2,2,0,32400,405,0.0125,14.832098960876465,0.07529411764705882,0.12839506172839507
346,2,2,1,32400,375,0.011574074074074073,17.093332290649414,0.05714285714285714,0.06933333333333333
346,2,2,2,32400,398,0.012283950617283951,10.010049819946289,0.05319148936170213,0.07035175879396985
346,2,3,0,32400,414,0.012777777777777779,10.314009666442871,0.11358024691358025,0.1280193236714976
346,2,3,1,32400,370,0.011419753086419753,9.589189529418945,0.05333333333333334,0.05945945945945946
346,2,3,2,32400,366,0.011296296296296296,9.461748123168945,0.04773869346733668,0.06830601092896176
346,2,4,0,32400,396,0.012222222222222223,11.005050659179688,0.10628019323671498,0.10353535353535354
346,2,4,1,32400,343,0.01058641975308642,15.172012329101562,0.03513513513513514,0.0641399416909621
346,2,4,2,32400,371,0.011450617283950618,13.743934631347656,0.05191256830601093,0.04851752021563342
346,2,5,0,32400,416,0.012839506172839505,10.15625,0.12373737373737374,0.1346153846153846
346,2,5,1,32400,352,0.010864197530864197,8.875,0.07580174927113703,0.07386363636363637
346,2,5,2,32400,386,0.01191358024691358,8.686528205871582,0.05121293800539083,0.05699481865284974
346,2,6,0,32400,412,0.01271604938271605,14.550971031188965,0.12259615384615384,0.16747572815533981
346,2,6,1,32400,387,0.011944444444444445,13.645995140075684,0.048295454545454544,0.05426356589147287
346,2,6,2,32400,382,0.011790123456790123,12.986910820007324,0.06217616580310881,0.08376963350785341
346,2,7,0,32400,441,0.01361111111111111,15.578231811523438,0.1262135922330097,0.1655328798185941
346,2,7,1,32400,328,0.010123456790123457,13.951218605041504,0.03875968992248062,0.051829268292682924
346,2,7,2,32400,390,0.012037037037037037,10.905128479003906,0.05235602094240838,0.0641025641025641
346,2,8,0,32400,463,0.014290123456790123,12.77753734588623,0.1360544217687075,0.17926565874730022
346,2,8,1,32400,352,0.010864197530864197,9.491477966308594,0.057926829268292686,0.05113636363636364
346,2,8,2,32400,394,0.012160493827160494,9.446700096130371,0.0641025641025641,0.08883248730964467
346,2,9,0,32400,420,0.012962962962962963,19.850000381469727,0.11231101511879049,0.14047619047619048
346,2,9,1,32400,348,0.01074074074074074,15.359195709228516,0.04261363636363636,0.06609195402298851
346,2,9,2,32400,400,0.012345679012345678,15.692500114440918,0.04568527918781726,0.0725
346,2,10,0,32400,456,0.014074074074074074,9.686403274536133,0.1261904761904762,0.14473684210526316
346,2,10,1,32400,365,0.011265432098765432,9.668493270874023,0.04597701149425287,0.04657534246575343
346,2,10,2,32400,383,0.011820987654320988,8.892950057983398,0.0475,0.04960835509138381
346,2,11,0,32400,440,0.013580246913580247,12.309090614318848,0.10964912280701754,0.12272727272727273
346,2,11,1,32400,363,0.011203703703703704,17.247934341430664,0.0547945205479452,0.08264462809917356
346,2,11,2,32400,394,0.012160493827160494,11.170050621032715,0.03655352480417755,0.06091370558375635
346,2,12,0,32400,440,0.013580246913580247,11.931818008422852,0.10227272727272728,0.1
346,2,12,1,32400,377,0.011635802469135802,13.116710662841797,0.06336088154269973,0.0636604774535809
346,2,12,2,32400,386,0.01191358024691358,12.12694263458252,0.05583756345177665,0.08290155440414508
346,2,13,0,32400,413,0.012746913580246913,15.377726554870605,0.10454545454545454,0.13317191283292978
346,2,13,1,32400,349,0.010771604938271605,12.108884811401367,0.04509283819628647,0.07736389684813753
346,2,13,2,32400,367,0.01132716049382716,12.542234420776367,0.04922279792746114,0.051771117166212535
346,2,14,0,32400,401,0.012376543209876543,20.029926300048828,0.10653753026634383,0.10723192019950124
346,2,14,1,32400,377,0.011635802469135802,16.32891273498535,0.034383954154727794,0.06896551724137931
346,2,14,2,32400,391,0.0120679012345679,18.478260040283203,0.05722070844686648,0.06649616368286446
346,2,15,0,32400,453,0.013981481481481482,12.569536209106445,0.1371571072319202,0.18101545253863136
346,2,15,1,32400,359,0.011080246913580246,11.802227973937988,0.04509283819628647,0.052924791086350974
346,2,15,2,32400,397,0.012253086419753086,10.879093170166016,0.06905370843989769,0.09571788413098237
346,2,16,0,32400,447,0.013796296296296296,12.771812438964844,0.1368653421633554,0.1476510067114094
346,2,16,1,32400,368,0.011358024691358024,12.5625,0.06406685236768803,0.0625
346,2,16,2,32400,377,0.011635802469135802,15.954906463623047,0.06297229219143577,0.09549071618037135
346,2,17,0,32400,467,0.01441358024691358,10.503211975097656,0.1476510067114094,0.15631691648822268
346,2,17,1,32400,376,0.011604938271604939,9.526595115661621,0.04891304347826087,0.06914893617021277
346,2,17,2,32400,391,0.0120679012345679,9.849104881286621,0.058355437665782495,0.0741687979539642
346,2,18,0,32400,475,0.014660493827160493,10.669473648071289,0.15203426124197003,0.16631578947368422
346,2,18,1,32400,394,0.012160493827160494,10.852791786193848,0.04521276595744681,0.06598984771573604
346,2,18,2,32400,414,0.012777777777777779,8.951690673828125,0.0792838874680307,0.08695652173913043
346,2,19,0,32400,443,0.013672839506172839,9.209932327270508,0.1368421052631579,0.1489841986455982
346,2,19,1,32400,369,0.01138888888888889,8.696476936340332,0.0532994923857868,0.08130081300813008
346,2,19,2,32400,371,0.011450617283950618,8.827492713928223,0.07729468599033816,0.09164420485175202
346,2,20,0,32400,416,0.012839506172839505,7.48557710647583,0.12189616252821671,0.0985576923076923
346,2,20,1,32400,378,0.011666666666666667,9.365078926086426,0.07046070460704607,0.06349206349206349
346,2,20,2,32400,369,0.01138888888888889,7.772357940673828,0.07008086253369272,0.08401084010840108
346,2,21,0,32400,453,0.013981481481481482,11.589404106140137,0.1346153846153846,0.15894039735099338
346,2,21,1,32400,322,0.009938271604938272,18.44409942626953,0.023809523809523808,0.018633540372670808
346,2,21,2,32400,366,0.011296296296296296,16.939889907836914,0.06504065040650407,0.08469945355191257
346,2,22,0,32400,457,0.014104938271604939,8.424508094787598,0.1434878587196468,0.17943107221006566
346,2,22,1,32400,341,0.01052469135802469,8.744868278503418,0.040372670807453416,0.03519061583577713
346,2,22,2,32400,372,0.011481481481481481,7.440860271453857,0.06557377049180328,0.11021505376344086
346,2,23,0,32400,408,0.012592592592592593,9.627450942993164,0.13566739606126915,0.16176470588235295
346,2,23,1,32400,362,0.01117283950617284,9.458563804626465,0.04398826979472141,0.04419889502762431
346,2,23,2,32400,398,0.012283950617283951,8.804019927978516,0.08870967741935484,0.09798994974874371
346,2,24,0,32400,457,0.014104938271604939,20.590810775756836,0.1323529411764706,0.16630196936542668
346,2,24,1,32400,327,0.010092592592592592,16.685016632080078,0.03867403314917127,0.039755351681957186
346,2,24,2,32400,357,0.011018518518518518,26.229692459106445,0.05778894472361809,0.10084033613445378
346,2,25,0,32400,408,0.012592592592592593,11.147059440612793,0.11159737417943107,0.14705882352941177
346,2,25,1,32400,346,0.010679012345679013,12.702311515808105,0.03363914373088685,0.023121387283236993
346,2,25,2,32400,384,0.011851851851851851,12.3125,0.08403361344537816,0.1328125
346,2,26,0,32400,455,0.01404320987654321,19.015384674072266,0.12990196078431374,0.17142857142857143
346,2,26,1,32400,348,0.01074074074074074,17.882183074951172,0.02601156069364162,0.040229885057471264
346,2,26,2,32400,385,0.011882716049382716,21.716882705688477,0.078125,0.08311688311688312
346,2,27,0,32400,445,0.013734567901234567,34.40898895263672,0.12087912087912088,0.1101123595505618
346,2,27,1,32400,315,0.009722222222222222,27.034921646118164,0.034482758620689655,0.044444444444444446
346,2,27,2,32400,359,0.011080246913580246,24.373258590698242,0.046753246753246755,0.06685236768802229
346,2,28,0,32400,450,0.013888888888888888,17.38222312927246,0.11910112359550562,0.16444444444444445
346,2,28,1,32400,345,0.010648148148148148,19.252174377441406,0.02857142857142857,0.05217391304347826
346,2,28,2,32400,385,0.011882716049382716,16.32207679748535,0.07520891364902507,0.09610389610389611
346,2,29,0,32400,455,0.01404320987654321,27.402198791503906,0.14666666666666667,0.1978021978021978
346,2,29,1,32400,376,0.011604938271604939,16.196807861328125,0.043478260869565216,0.05585106382978723
346,2,29,2,32400,390,0.012037037037037037,26.19487190246582,0.07272727272727272,0.09487179487179487
346,2,30,0,32400,478,0.014753086419753087,9.219664573669434,0.13846153846153847,0.1589958158995816
346,2,30,1,32400,353,0.010895061728395062,8.631728172302246,0.04521276595744681,0.053824362606232294
346,2,30,2,32400,407,0.012561728395061728,9.91891860961914,0.07435897435897436,0.08108108108108109
346,2,31,0,32400,458,0.014135802469135803,21.89956283569336,0.11506276150627615,0.13755458515283842
346,2,31,1,32400,369,0.01138888888888889,10.47967529296875,0.036827195467422094,0.037940379403794036
346,2,31,2,32400,392,0.012098765432098766,11.849489212036133,0.051597051597051594,0.06887755102040816
346,2,32,0,32400,423,0.013055555555555556,11.054373741149902,0.1222707423580786,0.14420803782505912
346,2,32,1,32400,367,0.01132716049382716,9.76294231414795,0.024390243902439025,0.035422343324250684
346,2,32,2,32400,401,0.012376543209876543,8.88029956817627,0.06377551020408163,0.10473815461346633
346,2,33,0,32400,466,0.014382716049382717,14.811159133911133,0.15602836879432624,0.20386266094420602
346,2,33,1,32400,364,0.011234567901234569,14.288461685180664,0.021798365122615803,0.06593406593406594
346,2,33,2,32400,381,0.01175925925925926,12.669291496276855,0.057356608478802994,0.04461942257217848
346,2,34,0,32400,479,0.01478395061728395,15.179540634155273,0.14377682403433475,0.14613778705636743
346,2,34,1,32400,348,0.01074074074074074,12.103447914123535,0.04120879120879121,0.020114942528735632
346,2,34,2,32400,354,0.010925925925925926,14.175141334533691,0.05774278215223097,0.062146892655367235
346,2,35,0,32400,458,0.014135802469135803,32.388648986816406,0.12526096033402923,0.16593886462882096
346,2,35,1,32400,349,0.010771604938271605,26.810888290405273,0.022988505747126436,0.05157593123209169
346,2,35,2,32400,360,0.011111111111111112,16.747224807739258,0.05367231638418079,0.06111111111111111
346,3,1,0,32400,411,0.012685185185185185,13.301703453063965,-1.0,0.08759124087591241
346,3,1,1,32400,358,0.011049382716049383,14.413407325744629,-1.0,0.055865921787709494
346,3,1,2,32400,377,0.011635802469135802,20.08753204345703,-1.0,0.07692307692307693
346,3,2,0,32400,426,0.013148148148148148,12.469483375549316,0.0851581508515815,0.12910798122065728
346,3,2,1,32400,343,0.01058641975308642,12.39941692352295,0.05865921787709497,0.08163265306122448
346,3,2,2,32400,398,0.012283950617283951,9.793970108032227,0.06896551724137931,0.07537688442211055
346,3,3,0,32400,454,0.014012345679012345,9.041850090026855,0.11032863849765258,0.13215859030837004
346,3,3,1,32400,344,0.010617283950617284,11.037790298461914,0.05539358600583091,0.05232558139534884
346,3,3,2,32400,385,0.011882716049382716,9.080519676208496,0.05778894472361809,0.07272727272727272
346,3,4,0,32400,435,0.013425925925925926,12.425287246704102,0.0947136563876652,0.1103448275862069
346,3,4,1,32400,381,0.01175925925925926,15.742781639099121,0.040697674418604654,0.06299212598425197
346,3,4,2,32400,344,0.010617283950617284,8.72965145111084,0.05194805194805195,0.04941860465116279
346,3,5,0,32400,435,0.013425925925925926,12.027585983276367,0.11724137931034483,0.12873563218390804
346,3,5,1,32400,409,0.012623456790123456,10.119804382324219,0.06561679790026247,0.07334963325183375
346,3,5,2,32400,388,0.011975308641975308,8.28608226776123,0.07267441860465117,0.05154639175257732
346,3,6,0,32400,442,0.013641975308641975,13.549774169921875,0.10804597701149425,0.1334841628959276
346,3,6,1,32400,345,0.010648148148148148,15.860870361328125,0.044009779951100246,0.05217391304347826
346,3,6,2,32400,383,0.011820987654320988,9.613576889038086,0.06958762886597938,0.0783289817232376
346,3,7,0,32400,397,0.012253086419753086,12.823677062988281,0.1244343891402715,0.18387909319899245
346,3,7,1,32400,344,0.010617283950617284,12.319766998291016,0.0463768115942029,0.061046511627906974
346,3,7,2,32400,387,0.011944444444444445,11.723514556884766,0.04960835509138381,0.06201550387596899
346,3,8,0,32400,454,0.014012345679012345,10.57929515838623,0.15365239294710328,0.16519823788546256
346,3,8,1,32400,360,0.011111111111111112,9.197222709655762,0.0436046511627907,0.05277777777777778
346,3,8,2,32400,375,0.011574074074074073,8.58133316040039,0.059431524547803614,0.088
346,3,9,0,32400,424,0.01308641975308642,12.037735939025879,0.11013215859030837,0.1391509433962264
346,3,9,1,32400,383,0.011820987654320988,16.96083641052246,0.03333333333333333,0.0731070496083551
346,3,9,2,32400,372,0.011481481481481481,14.387096405029297,0.04533333333333334,0.07795698924731183
346,3,10,0,32400,427,0.013179012345679012,9.957844734191895,0.12264150943396226,0.16159250585480095
346,3,10,1,32400,312,0.00962962962962963,10.134615898132324,0.044386422976501305,0.0673076923076923
346,3,10,2,32400,366,0.011296296296296296,8.456283569335938,0.06182795698924731,0.060109289617486336
346,3,11,0,32400,446,0.013765432098765433,10.031390190124512,0.11943793911007025,0.11210762331838565
346,3,11,1,32400,353,0.010895061728395062,12.291784286499023,0.05128205128205128,0.0906515580736544
346,3,11,2,32400,370,0.011419753086419753,7.491891860961914,0.03551912568306011,0.05945945945945946
346,3,12,0,32400,422,0.013024691358024691,11.310426712036133,0.09192825112107623,0.1066350710900474
346,3,12,1,32400,395,0.012191358024691358,15.118987083435059,0.059490084985835696,0.06835443037974684
346,3,12,2,32400,389,0.012006172839506174,10.709511756896973,0.04864864864864865,0.07712082262210797
346,3,13,0,32400,397,0.012253086419753086,16.947105407714844,0.1066350710900474,0.13350125944584382
346,3,13,1,32400,358,0.011049382716049383,16.790504455566406,0.04556962025316456,0.055865921787709494
346,3,13,2,32400,338,0.010432098765432099,20.13313865661621,0.033419023136246784,0.05621301775147929
346,3,14,0,32400,448,0.013827160493827161,16.564733505249023,0.11586901763224182,0.11383928571428571
346,3,14,1,32400,377,0.011635802469135802,17.872678756713867,0.05027932960893855,0.058355437665782495
346,3,14,2,32400,409,0.012623456790123456,15.660147666931152,0.06804733727810651,0.061124694376528114
346,3,15,0,32400,459,0.014166666666666666,14.163398742675781,0.12053571428571429,0.15904139433551198
346,3,15,1,32400,378,0.011666666666666667,8.965608596801758,0.042440318302387266,0.06084656084656084
346,3,15,2,32400,417,0.01287037037037037,12.215827941894531,0.07090464547677261,0.09352517985611511
346,3,16,0,32400,436,0.01345679012345679,17.791284561157227,0.1328976034858388,0.12385321100917432
346,3,16,1,32400,362,0.01117283950617284,14.486187934875488,0.047619047619047616,0.0718232044198895
346,3,16,2,32400,367,0.01132716049382716,14.237056732177734,0.06235011990407674,0.09536784741144415
346,3,17,0,32400,445,0.013734567901234567,10.094382286071777,0.12614678899082568,0.1393258426966292
346,3,17,1,32400,411,0.012685185185185185,10.09245777130127,0.055248618784530384,0.0535279805352798
346,3,17,2,32400,387,0.011944444444444445,9.987080574035645,0.05449591280653951,0.06459948320413436
346,3,18,0,32400,458,0.014135802469135803,14.969432830810547,0.16853932584269662,0.1615720524017467
346,3,18,1,32400,382,0.011790123456790123,13.007853507995605,0.04866180048661801,0.06806282722513089
346,3,18,2,32400,383,0.011820987654320988,10.50130558013916,0.08785529715762273,0.09660574412532637
346,3,19,0,32400,437,0.013487654320987655,9.382150650024414,0.13973799126637554,0.14187643020594964
346,3,19,1,32400,386,0.01191358024691358,9.621761322021484,0.060209424083769635,0.09326424870466321
346,3,19,2,32400,363,0.011203703703703704,9.898072242736816,0.08616187989556136,0.07713498622589532
346,3,20,0,32400,430,0.013271604938271606,8.911627769470215,0.11670480549199085,0.10232558139534884
346,3,20,1,32400,374,0.01154320987654321,8.179144859313965,0.06994818652849741,0.07219251336898395
346,3,20,2,32400,406,0.012530864197530864,8.600985527038574,0.07162534435261708,0.0665024630541872
346,3,21,0,32400,403,0.012438271604938272,12.995037078857422,0.12558139534883722,0.18858560794044665
346,3,21,1,32400,351,0.010833333333333334,14.917378425598145,0.026737967914438502,0.02564102564102564
346,3,21,2,32400,376,0.011604938271604939,16.085105895996094,0.054187192118226604,0.07446808510638298
346,3,22,0,32400,467,0.01441358024691358,8.321199417114258,0.1588089330024814,0.1670235546038544
346,3,22,1,32400,352,0.010864197530864197,7.198863983154297,0.02849002849002849,0.03409090909090909
346,3,22,2,32400,394,0.012160493827160494,7.13705587387085,0.06914893617021277,0.10152284263959391
346,3,23,0,32400,415,0.012808641975308642,8.696385383605957,0.13276231263383298,0.1614457831325301
346,3,23,1,32400,352,0.010864197530864197,9.130681991577148,0.036931818181818184,0.022727272727272728
346,3,23,2,32400,348,0.01074074074074074,8.870689392089844,0.07614213197969544,0.11781609195402298
346,3,24,0,32400,462,0.01425925925925926,18.277055740356445,0.13493975903614458,0.17316017316017315
346,3,24,1,32400,337,0.010401234567901235,25.66765594482422,0.045454545454545456,0.050445103857566766
346,3,24,2,32400,401,0.012376543209876543,22.917707443237305,0.07758620689655173,0.09975062344139651
346,3,25,0,32400,421,0.012993827160493828,12.596199989318848,0.11688311688311688,0.12351543942992874
346,3,25,1,32400,364,0.011234567901234569,12.796703338623047,0.03857566765578635,0.038461538461538464
346,3,25,2,32400,403,0.012438271604938272,12.121587753295898,0.08229426433915212,0.10918114143920596
346,3,26,0,32400,455,0.01404320987654321,18.947254180908203,0.13064133016627077,0.16263736263736264
346,3,26,1,32400,349,0.010771604938271605,20.0601749420166,0.03296703296703297,0.017191977077363897
346,3,26,2,32400,391,0.0120679012345679,19.583120346069336,0.07692307692307693,0.10741687979539642
346,3,27,0,32400,439,0.013549382716049383,40.54441452026367,0.12307692307692308,0.12984054669703873
346,3,27,1,32400,356,0.010987654320987654,25.926963806152344,0.022922636103151862,0.042134831460674156
346,3,27,2,32400,350,0.010802469135802469,29.04857063293457,0.04603580562659847,0.06857142857142857
346,3,28,0,32400,478,0.014753086419753087,15.508367538452148,0.12984054669703873,0.16317991631799164
346,3,28,1,32400,364,0.011234567901234569,17.986263275146484,0.025280898876404494,0.038461538461538464
346,3,28,2,32400,416,0.012839506172839505,17.709135055541992,0.08285714285714285,0.10336538461538461
346,3,29,0,32400,468,0.014444444444444444,23.83333396911621,0.13807531380753138,0.20085470085470086
346,3,29,1,32400,363,0.011203703703703704,22.39669418334961,0.054945054945054944,0.06887052341597796
346,3,29,2,32400,391,0.0120679012345679,19.217391967773438,0.06009615384615385,0.10741687979539642
346,3,30,0,32400,439,0.013549382716049383,9.33485221862793,0.14102564102564102,0.17995444191343962
346,3,30,1,32400,383,0.011820987654320988,7.644908905029297,0.05785123966942149,0.04960835509138381
346,3,30,2,32400,386,0.01191358024691358,9.891191482543945,0.0792838874680307,0.09067357512953368
346,3,31,0,32400,496,0.015308641975308642,21.370967864990234,0.13211845102505695,0.1350806451612903
346,3,31,1,32400,378,0.011666666666666667,18.93915367126465,0.033942558746736295,0.03968253968253968
346,3,31,2,32400,364,0.011234567901234569,13.733516693115234,0.05958549222797927,0.07692307692307693
346,3,32,0,32400,427,0.013179012345679012,10.772832870483398,0.11895161290322581,0.14754098360655737
346,3,32,1,32400,369,0.01138888888888889,9.87804889678955,0.023809523809523808,0.037940379403794036
346,3,32,2,32400,362,0.01117283950617284,8.983426094055176,0.06318681318681318,0.10497237569060773
346,3,33,0,32400,461,0.014228395061728395,13.208243370056152,0.14988290398126464,0.18004338394793926
346,3,33,1,32400,359,0.011080246913580246,12.442896842956543,0.032520325203252036,0.03899721448467967
346,3,33,2,32400,370,0.011419753086419753,12.337838172912598,0.07458563535911603,0.05945945945945946
346,3,34,0,32400,460,0.014197530864197531,14.910868644714355,0.14316702819956617,0.15434782608695652
346,3,34,1,32400,360,0.011111111111111112,11.713889122009277,0.036211699164345405,0.03333333333333333
346,3,34,2,32400,370,0.011419753086419753,13.7783784866333,0.05675675675675676,0.06756756756756757
346,3,35,0,32400,500,0.015432098765432098,21.226001739501953,0.12608695652173912,0.144
346,3,35,1,32400,374,0.01154320987654321,20.43048095703125,0.025,0.0427807486631016
346,3,35,2,32400,379,0.01169753086419753,15.99736213684082,0.062162162162162166,0.055408970976253295
347,0,1,0,32400,417,0.01287037037037037,14.688249588012695,-1.0,0.14628297362110312
347,0,1,1,32400,389,0.012006172839506174,13.822622299194336,-1.0,0.07455012853470437
347,0,1,2,32400,383,0.011820987654320988,11.50391674041748,-1.0,0.08616187989556136
347,0,2,0,32400,413,0.012746913580246913,10.283293724060059,0.10551558752997602,0.14043583535108958
347,0,2,1,32400,368,0.011358024691358024,9.877717971801758,0.05141388174807198,0.05434782608695652
347,0,2,2,32400,379,0.01169753086419753,10.023747444152832,0.057441253263707574,0.07387862796833773
347,0,3,0,32400,397,0.012253086419753086,17.765743255615234,0.1089588377723971,0.10579345088161209
347,0,3,1,32400,374,0.01154320987654321,12.56417179107666,0.04076086956521739,0.058823529411764705
347,0,3,2,32400,394,0.012160493827160494,10.652283668518066,0.0633245382585752,0.048223350253807105
347,0,4,0,32400,426,0.013148148148148148,9.976526260375977,0.12090680100755667,0.14084507042253522
347,0,4,1,32400,389,0.012006172839506174,9.830333709716797,0.06951871657754011,0.08226221079691516
347,0,4,2,32400,390,0.012037037037037037,9.741025924682617,0.06345177664974619,0.04871794871794872
347,0,5,0,32400,440,0.013580246913580247,14.695453643798828,0.11737089201877934,0.13863636363636364
347,0,5,1,32400,385,0.011882716049382716,15.241558074951172,0.05912596401028278,0.06493506493506493
347,0,5,2,32400,414,0.012777777777777779,14.724637031555176,0.07692307692307693,0.0821256038647343
347,0,6,0,32400,476,0.014691358024691358,12.972689628601074,0.12727272727272726,0.15756302521008403
347,0,6,1,32400,348,0.01074074074074074,11.971263885498047,0.05194805194805195,0.04310344827586207
347,0,6,2,32400,387,0.011944444444444445,16.279069900512695,0.057971014492753624,0.08010335917312661
347,0,7,0,32400,441,0.01361111111111111,10.675737380981445,0.12394957983193278,0.17913832199546487
347,0,7,1,32400,371,0.011450617283950618,8.994608879089355,0.03735632183908046,0.0646900269541779
347,0,7,2,32400,359,0.011080246913580246,8.169916152954102,0.059431524547803614,0.07799442896935933
347,0,8,0,32400,439,0.013549382716049383,13.164010047912598,0.10657596371882086,0.14123006833712984
347,0,8,1,32400,347,0.010709876543209877,11.873198509216309,0.0431266846361186,0.05475504322766571
347,0,8,2,32400,379,0.01169753086419753,14.39314079284668,0.052924791086350974,0.0712401055408971
347,0,9,0,32400,464,0.014320987654320988,9.346982955932617,0.12300683371298406,0.14655172413793102
347,0,9,1,32400,378,0.011666666666666667,11.539682388305664,0.04610951008645533,0.05291005291005291
347,0,9,2,32400,371,0.011450617283950618,10.288409233093262,0.05804749340369393,0.05390835579514825
347,0,10,0,32400,438,0.013518518518518518,10.963469505310059,0.11206896551724138,0.11643835616438356
347,0,10,1,32400,364,0.011234567901234569,12.280220031738281,0.03968253968253968,0.09340659340659341
347,0,10,2,32400,380,0.011728395061728396,14.781579971313477,0.03234501347708895,0.05789473684210526
347,0,11,0,32400,424,0.01308641975308642,10.5,0.09360730593607305,0.08726415094339622
347,0,11,1,32400,337,0.010401234567901235,12.78635025024414,0.054945054945054944,0.06528189910979229
347,0,11,2,32400,402,0.012407407407407407,12.743781089782715,0.05,0.09701492537313433
347,0,12,0,32400,432,0.013333333333333334,15.513891220092773,0.10377358490566038,0.1412037037037037
347,0,12,1,32400,365,0.011265432098765432,12.465753555297852,0.05341246290801187,0.0547945205479452
347,0,12,2,32400,355,0.010956790123456791,12.726761817932129,0.03731343283582089,0.059154929577464786
347,0,13,0,32400,437,0.013487654320987655,18.9725399017334,0.10416666666666667,0.10526315789473684
347,0,13,1,32400,393,0.012129629629629629,15.56234073638916,0.043835616438356165,0.04834605597964377
347,0,13,2,32400,396,0.012222222222222223,18.6616153717041,0.0647887323943662,0.08333333333333333
347,0,14,0,32400,435,0.013425925925925926,14.61379337310791,0.12356979405034325,0.1632183908045977
347,0,14,1,32400,386,0.01191358024691358,12.792745590209961,0.04834605597964377,0.06476683937823834
347,0,14,2,32400,398,0.012283950617283951,10.615577697753906,0.0707070707070707,0.08542713567839195
347,0,15,0,32400,419,0.0129320987654321,16.484487533569336,0.14022988505747128,0.13842482100238662
347,0,15,1,32400,375,0.011574074074074073,13.490666389465332,0.04922279792746114,0.06933333333333333
347,0,15,2,32400,403,0.012438271604938272,12.280396461486816,0.06532663316582915,0.09429280397022333
347,0,16,0,32400,438,0.013518518518518518,9.237442970275879,0.1360381861575179,0.15753424657534246
347,0,16,1,32400,382,0.011790123456790123,11.541885375976562,0.056,0.06806282722513089
347,0,16,2,32400,363,0.011203703703703704,7.955923080444336,0.05459057071960298,0.08264462809917356
347,0,17,0,32400,496,0.015308641975308642,11.979838371276855,0.1643835616438356,0.15725806451612903
347,0,17,1,32400,399,0.012314814814814815,9.854636192321777,0.049738219895287955,0.05764411027568922
347,0,17,2,32400,433,0.013364197530864198,10.95150089263916,0.0881542699724518,0.07852193995381063
347,0,18,0,32400,443,0.013672839506172839,10.530474662780762,0.13306451612903225,0.1489841986455982
347,0,18,1,32400,355,0.010956790123456791,11.532394409179688,0.05012531328320802,0.10140845070422536
347,0,18,2,32400,397,0.012253086419753086,8.062972068786621,0.07159353348729793,0.08060453400503778
347,0,19,0,32400,434,0.013395061728395061,7.967741966247559,0.11963882618510158,0.11290322580645161
347,0,19,1,32400,359,0.011080246913580246,9.568244934082031,0.0676056338028169,0.06406685236768803
347,0,19,2,32400,371,0.011450617283950618,8.617250442504883,0.07808564231738035,0.07277628032345014
347,0,20,0,32400,433,0.013364197530864198,18.651269912719727,0.12903225806451613,0.17321016166281755
347,0,20,1,32400,340,0.010493827160493827,13.20294189453125,0.027855153203342618,0.01764705882352941
347,0,20,2,32400,378,0.011666666666666667,15.880951881408691,0.0673854447439353,0.082010582010582
347,0,21,0,32400,435,0.013425925925925926,8.218390464782715,0.14549653579676675,0.18850574712643678
347,0,21,1,32400,345,0.010648148148148148,10.055072784423828,0.029411764705882353,0.04057971014492753
347,0,21,2,32400,365,0.011265432098765432,7.591781139373779,0.06349206349206349,0.10684931506849316
347,0,22,0,32400,448,0.013827160493827161,8.580357551574707,0.14482758620689656,0.15178571428571427
347,0,22,1,32400,375,0.011574074074074073,9.285333633422852,0.04057971014492753,0.029333333333333333
347,0,22,2,32400,394,0.012160493827160494,8.096446990966797,0.0821917808219178,0.10152284263959391
347,0,23,0,32400,463,0.014290123456790123,25.561553955078125,0.12053571428571429,0.17278617710583152
347,0,23,1,32400,344,0.010617283950617284,18.813955307006836,0.029333333333333333,0.055232558139534885
347,0,23,2,32400,373,0.011512345679012345,21.68632698059082,0.06345177664974619,0.08042895442359249
347,0,24,0,32400,438,0.013518518518518518,12.522830963134766,0.12095032397408208,0.13470319634703196
347,0,24,1,32400,394,0.012160493827160494,13.467004776000977,0.040697674418604654,0.025380710659898477
347,0,24,2,32400,423,0.013055555555555556,12.829787254333496,0.0777479892761394,0.09929078014184398
347,0,25,0,32400,486,0.015,16.825101852416992,0.12557077625570776,0.1522633744855967
347,0,25,1,32400,349,0.010771604938271605,18.90258026123047,0.04060913705583756,0.022922636103151862
347,0,25,2,32400,412,0.01271604938271605,25.983009338378906,0.07328605200945626,0.09466019417475728
347,0,26,0,32400,423,0.013055555555555556,35.75177001953125,0.1111111111111111,0.13711583924349882
347,0,26,1,32400,362,0.01117283950617284,41.23756408691406,0.022922636103151862,0.049723756906077346
347,0,26,2,32400,411,0.012685185185185185,23.3211669921875,0.05339805825242718,0.07542579075425791
347,0,27,0,32400,478,0.014753086419753087,16.985355377197266,0.13002364066193853,0.15481171548117154
347,0,27,1,32400,361,0.011141975308641975,14.47368335723877,0.019337016574585635,0.0443213296398892
347,0,27,2,32400,409,0.012623456790123456,14.222494125366211,0.072992700729927,0.10268948655256724
347,0,28,0,32400,443,0.013672839506172839,20.742664337158203,0.1506276150627615,0.1963882618510158
347,0,28,1,32400,404,0.012469135802469136,22.579208374023438,0.04709141274238227,0.06188118811881188
347,0,28,2,32400,394,0.012160493827160494,23.263957977294922,0.05623471882640587,0.09898477157360407
347,0,29,0,32400,508,0.015679012345679012,9.464567184448242,0.13318284424379231,0.14173228346456693
347,0,29,1,32400,346,0.010679012345679013,10.502889633178711,0.03712871287128713,0.07225433526011561
347,0,29,2,32400,404,0.012469135802469136,8.106435775756836,0.07360406091370558,0.07178217821782178
347,0,30,0,32400,478,0.014753086419753087,22.42259407043457,0.10826771653543307,0.13389121338912133
347,0,30,1,32400,360,0.011111111111111112,27.50555419921875,0.04335260115606936,0.022222222222222223
347,0,30,2,32400,395,0.012191358024691358,19.32404899597168,0.04950495049504951,0.08354430379746836
347,0,31,0,32400,478,0.014753086419753087,9.832635879516602,0.12552301255230125,0.13807531380753138
347,0,31,1,32400,325,0.010030864197530864,7.800000190734863,0.030555555555555555,0.04
347,0,31,2,32400,380,0.011728395061728396,8.352631568908691,0.05569620253164557,0.11842105263157894
347,0,32,0,32400,468,0.014444444444444444,13.764958381652832,0.1401673640167364,0.1858974358974359
347,0,32,1,32400,369,0.01138888888888889,12.571816444396973,0.027692307692307693,0.056910569105691054
347,0,32,2,32400,379,0.01169753086419753,11.271768569946289,0.07105263157894737,0.052770448548812667
347,0,33,0,32400,442,0.013641975308641975,15.984164237976074,0.13675213675213677,0.17194570135746606
347,0,33,1,32400,335,0.010339506172839507,12.674627304077148,0.03523035230352303,0.03283582089552239
347,0,33,2,32400,409,0.012623456790123456,12.777506828308105,0.05804749340369393,0.07334963325183375
347,0,34,0,32400,455,0.01404320987654321,39.54726028442383,0.1334841628959276,0.16043956043956045
347,0,34,1,32400,363,0.011203703703703704,21.567495346069336,0.020895522388059702,0.046831955922865015
347,0,34,2,32400,359,0.011080246913580246,22.713090896606445,0.0488997555012225,0.06963788300835655
347,0,35,0,32400,458,0.014135802469135803,24.089521408081055,0.12967032967032968,0.19868995633187772
347,0,35,1,32400,365,0.011265432098765432,12.043835639953613,0.03856749311294766,0.06575342465753424
347,0,35,2,32400,396,0.012222222222222223,18.191919326782227,0.06128133704735376,0.09595959595959595
347,1,1,0,32400,436,0.01345679012345679,13.284402847290039,-1.0,0.13990825688073394
347,1,1,1,32400,371,0.011450617283950618,14.285714149475098,-1.0,0.07816711590296496
347,1,1,2,32400,423,0.013055555555555556,11.990543365478516,-1.0,0.06855791962174941
347,1,2,0,32400,434,0.013395061728395061,11.232718467712402,0.11238532110091744,0.1313364055299539
347,1,2,1,32400,378,0.011666666666666667,9.507936477661133,0.06199460916442048,0.05026455026455026
347,1,2,2,32400,395,0.012191358024691358,8.812658309936523,0.05200945626477541,0.07341772151898734
347,1,3,0,32400,416,0.012839506172839505,14.620192527770996,0.09907834101382489,0.10096153846153846
347,1,3,1,32400,393,0.012129629629629629,12.389312744140625,0.037037037037037035,0.061068702290076333
347,1,3,2,32400,414,0.012777777777777779,10.11835765838623,0.060759493670886074,0.04589371980676329
347,1,4,0,32400,424,0.01308641975308642,9.851415634155273,0.1201923076923077,0.12028301886792453
347,1,4,1,32400,331,0.01021604938271605,9.622356414794922,0.058524173027989825,0.08761329305135952
347,1,4,2,32400,376,0.011604938271604939,9.755318641662598,0.05555555555555555,0.05585106382978723
347,1,5,0,32400,462,0.01425925925925926,12.612554550170898,0.125,0.12987012987012986
347,1,5,1,32400,357,0.011018518518518518,13.591036796569824,0.05740181268882175,0.05042016806722689
347,1,5,2,32400,384,0.011851851851851851,13.390625,0.08244680851063829,0.0859375
347,1,6,0,32400,474,0.01462962962962963,13.318564414978027,0.12121212121212122,0.16455696202531644
347,1,6,1,32400,377,0.011635802469135802,13.209548950195312,0.0392156862745098,0.05305039787798409
347,1,6,2,32400,370,0.011419753086419753,13.09189224243164,0.057291666666666664,0.07567567567567568
347,1,7,0,32400,434,0.013395061728395061,11.905529975891113,0.12236286919831224,0.16359447004608296
347,1,7,1,32400,365,0.011265432098765432,8.6575345993042,0.05305039787798409,0.06027397260273973
347,1,7,2,32400,394,0.012160493827160494,5.758882999420166,0.06486486486486487,0.07614213197969544
347,1,8,0,32400,432,0.013333333333333334,18.344907760620117,0.12211981566820276,0.12037037037037036
347,1,8,1,32400,338,0.010432098765432099,20.106508255004883,0.03287671232876712,0.05621301775147929
347,1,8,2,32400,393,0.012129629629629629,14.335878372192383,0.04314720812182741,0.0916030534351145
347,1,9,0,32400,429,0.01324074074074074,10.731934547424316,0.12962962962962962,0.16083916083916083
347,1,9,1,32400,335,0.010339506172839507,9.57910442352295,0.04142011834319527,0.04477611940298507
347,1,9,2,32400,382,0.011790123456790123,7.960732936859131,0.05343511450381679,0.05759162303664921
347,1,10,0,32400,448,0.013827160493827161,10.113840103149414,0.13286713286713286,0.10044642857142858
347,1,10,1,32400,366,0.011296296296296296,12.26229476928711,0.041791044776119404,0.07923497267759563
347,1,10,2,32400,342,0.010555555555555556,10.40643310546875,0.031413612565445025,0.04678362573099415
347,1,11,0,32400,404,0.012469135802469136,12.319306373596191,0.09375,0.09900990099009901
347,1,11,1,32400,378,0.011666666666666667,12.037036895751953,0.0546448087431694,0.05555555555555555
347,1,11,2,32400,348,0.01074074074074074,11.916666984558105,0.04678362573099415,0.09195402298850575
347,1,12,0,32400,434,0.013395061728395061,14.066821098327637,0.11633663366336634,0.14516129032258066
347,1,12,1,32400,371,0.011450617283950618,12.741239547729492,0.04497354497354497,0.0431266846361186
347,1,12,2,32400,365,0.011265432098765432,18.208221435546875,0.034482758620689655,0.07945205479452055
347,1,13,0,32400,446,0.013765432098765433,15.571749687194824,0.09907834101382489,0.10089686098654709
347,1,13,1,32400,371,0.011450617283950618,22.897573471069336,0.04582210242587601,0.05121293800539083
347,1,13,2,32400,381,0.01175925925925926,18.477689743041992,0.06027397260273973,0.07874015748031496
347,1,14,0,32400,428,0.013209876543209877,13.794391632080078,0.1210762331838565,0.16121495327102803
347,1,14,1,32400,368,0.011358024691358024,10.11141300201416,0.05121293800539083,0.07336956521739131
347,1,14,2,32400,401,0.012376543209876543,9.798005104064941,0.08136482939632546,0.10224438902743142
347,1,15,0,32400,451,0.013919753086419753,15.596451759338379,0.15654205607476634,0.12195121951219512
347,1,15,1,32400,347,0.010709876543209877,11.78097915649414,0.04619565217391304,0.06340057636887608
347,1,15,2,32400,397,0.012253086419753086,11.866497993469238,0.059850374064837904,0.09319899244332494
347,1,16,0,32400,438,0.013518518518518518,11.107305526733398,0.12416851441241686,0.1643835616438356
347,1,16,1,32400,369,0.01138888888888889,8.810297966003418,0.06051873198847262,0.07317073170731707
347,1,16,2,32400,389,0.012006172839506174,9.115681648254395,0.05793450881612091,0.07969151670951156
347,1,17,0,32400,449,0.013858024691358025,11.877506256103516,0.16210045662100456,0.16258351893095768
347,1,17,1,32400,369,0.01138888888888889,13.224932670593262,0.051490514905149054,0.056910569105691054
347,1,17,2,32400,396,0.012222222222222223,10.934343338012695,0.08483290488431877,0.08838383838383838
347,1,18,0,32400,451,0.013919753086419753,10.95121955871582,0.1447661469933185,0.14634146341463414
347,1,18,1,32400,384,0.011851851851851851,8.380208969116211,0.06775067750677506,0.08333333333333333
347,1,18,2,32400,395,0.012191358024691358,10.440505981445312,0.08080808080808081,0.07848101265822785
347,1,19,0,32400,440,0.013580246913580247,8.311363220214844,0.11529933481152993,0.11136363636363636
347,1,19,1,32400,347,0.010709876543209877,8.639769554138184,0.059895833333333336,0.069164265129683
347,1,19,2,32400,401,0.012376543209876543,8.179551124572754,0.0759493670886076,0.06733167082294264
347,1,20,0,32400,431,0.013302469135802469,20.194894790649414,0.12954545454545455,0.17633410672853828
347,1,20,1,32400,365,0.011265432098765432,10.920548439025879,0.037463976945244955,0.019178082191780823
347,1,20,2,32400,355,0.010956790123456791,17.287322998046875,0.057356608478802994,0.09014084507042254
347,1,21,0,32400,436,0.01345679012345679,7.284403324127197,0.1554524361948956,0.17889908256880735
347,1,21,1,32400,385,0.011882716049382716,8.03636360168457,0.0273972602739726,0.03896103896103896
347,1,21,2,32400,389,0.012006172839506174,8.491002082824707,0.07042253521126761,0.10539845758354756
347,1,22,0,32400,457,0.014104938271604939,9.5448579788208,0.14908256880733944,0.1487964989059081
347,1,22,1,32400,369,0.01138888888888889,9.325203895568848,0.04935064935064935,0.03523035230352303
347,1,22,2,32400,370,0.011419753086419753,8.448648452758789,0.07455012853470437,0.10810810810810811
347,1,23,0,32400,453,0.013981481481481482,17.772626876831055,0.12035010940919037,0.16777041942604856
347,1,23,1,32400,339,0.010462962962962962,26.89085578918457,0.03523035230352303,0.06784660766961652
347,1,23,2,32400,401,0.012376543209876543,21.895261764526367,0.062162162162162166,0.08229426433915212
347,1,24,0,32400,429,0.01324074074074074,12.6456880569458,0.11479028697571744,0.13286713286713286
347,1,24,1,32400,346,0.010679012345679013,12.231213569641113,0.04424778761061947,0.02023121387283237
347,1,24,2,32400,388,0.011975308641975308,12.865979194641113,0.06982543640897755,0.10309278350515463
347,1,25,0,32400,448,0.013827160493827161,18.303573608398438,0.11888111888111888,0.18080357142857142
347,1,25,1,32400,352,0.010864197530864197,16.082386016845703,0.03757225433526012,0.036931818181818184
347,1,25,2,32400,424,0.01308641975308642,22.452831268310547,0.07474226804123711,0.10613207547169812
347,1,26,0,32400,440,0.013580246913580247,28.52045440673828,0.12053571428571429,0.1409090909090909
347,1,26,1,32400,363,0.011203703703703704,25.647382736206055,0.036931818181818184,0.03856749311294766
347,1,26,2,32400,382,0.011790123456790123,19.952878952026367,0.04245283018867924,0.0549738219895288
347,1,27,0,32400,450,0.013888888888888888,17.03555679321289,0.12272727272727273,0.16
347,1,27,1,32400,358,0.011049382716049383,12.729049682617188,0.02203856749311295,0.036312849162011177
347,1,27,2,32400,392,0.012098765432098766,18.18877601623535,0.08115183246073299,0.09438775510204081
347,1,28,0,32400,419,0.0129320987654321,26.133651733398438,0.14666666666666667,0.20763723150357996
347,1,28,1,32400,379,0.01169753086419753,22.649078369140625,0.04748603351955307,0.055408970976253295
347,1,28,2,32400,375,0.011574074074074073,26.031999588012695,0.05612244897959184,0.10133333333333333
347,1,29,0,32400,484,0.01493827160493827,10.11156940460205,0.14797136038186157,0.15702479338842976
347,1,29,1,32400,379,0.01169753086419753,9.783641815185547,0.05013192612137203,0.05804749340369393
347,1,29,2,32400,402,0.012407407407407407,8.072138786315918,0.07733333333333334,0.0845771144278607
347,1,30,0,32400,448,0.013827160493827161,27.129465103149414,0.13016528925619836,0.14285714285714285
347,1,30,1,32400,360,0.011111111111111112,25.78611183166504,0.0395778364116095,0.030555555555555555
347,1,30,2,32400,381,0.01175925925925926,11.874015808105469,0.04975124378109453,0.07349081364829396
347,1,31,0,32400,457,0.014104938271604939,11.765864372253418,0.125,0.12472647702407003
347,1,31,1,32400,337,0.010401234567901235,8.813055992126465,0.030555555555555555,0.020771513353115726
347,1,31,2,32400,387,0.011944444444444445,9.033592224121094,0.06561679790026247,0.10594315245478036
347,1,32,0,32400,480,0.014814814814814815,13.097917556762695,0.1422319474835886,0.19791666666666666
347,1,32,1,32400,347,0.010709876543209877,10.870316505432129,0.03560830860534125,0.04899135446685879
347,1,32,2,32400,368,0.011358024691358024,14.54891300201416,0.07751937984496124,0.04619565217391304
347,1,33,0,32400,444,0.013703703703703704,16.090091705322266,0.12916666666666668,0.15990990990990991
347,1,33,1,32400,346,0.010679012345679013,15.349710464477539,0.040345821325648415,0.023121387283236993
347,1,33,2,32400,357,0.011018518518518518,11.322129249572754,0.051630434782608696,0.06722689075630252
347,1,34,0,32400,450,0.013888888888888888,31.726667404174805,0.13063063063063063,0.16666666666666666
347,1,34,1,32400,366,0.011296296296296296,18.748632431030273,0.023121387283236993,0.03551912568306011
347,1,34,2,32400,363,0.011203703703703704,17.212121963500977,0.056022408963585436,0.05785123966942149
347,1,35,0,32400,463,0.014290123456790123,15.390928268432617,0.12444444444444444,0.19222462203023757
347,1,35,1,32400,359,0.011080246913580246,26.206130981445312,0.030054644808743168,0.03899721448467967
347,1,35,2,32400,340,0.010493827160493827,17.641176223754883,0.05785123966942149,0.08823529411764706
347,2,1,0,32400,435,0.013425925925925926,12.657471656799316,-1.0,0.13793103448275862
347,2,1,1,32400,356,0.010987654320987654,13.752809524536133,-1.0,0.08426966292134831
347,2,1,2,32400,383,0.011820987654320988,11.493473052978516,-1.0,0.08616187989556136
347,2,2,0,32400,412,0.01271604938271605,11.56067943572998,0.10804597701149425,0.11407766990291263
347,2,2,1,32400,373,0.011512345679012345,10.74262809753418,0.05337078651685393,0.05361930294906166
347,2,2,2,32400,385,0.011882716049382716,10.989609718322754,0.05483028720626632,0.07792207792207792
347,2,3,0,32400,401,0.012376543209876543,13.840399742126465,0.11165048543689321,0.12718204488778054
347,2,3,1,32400,372,0.011481481481481481,15.112903594970703,0.032171581769437,0.07526881720430108
347,2,3,2,32400,366,0.011296296296296296,11.434426307678223,0.05194805194805195,0.04371584699453552
347,2,4,0,32400,406,0.012530864197530864,11.472906112670898,0.1172069825436409,0.11822660098522167
347,2,4,1,32400,343,0.01058641975308642,10.749271392822266,0.06720430107526881,0.07871720116618076
347,2,4,2,32400,379,0.01169753086419753,9.69657039642334,0.060109289617486336,0.06068601583113457
347,2,5,0,32400,425,0.013117283950617283,15.672940254211426,0.12315270935960591,0.14352941176470588
347,2,5,1,32400,354,0.010925925925925926,9.254237174987793,0.05539358600583091,0.04519774011299435
347,2,5,2,32400,392,0.012098765432098766,12.686223983764648,0.06596306068601583,0.07653061224489796
347,2,6,0,32400,416,0.012839506172839505,15.891827583312988,0.12470588235294118,0.18990384615384615
347,2,6,1,32400,376,0.011604938271604939,14.26595687866211,0.0423728813559322,0.05319148936170213
347,2,6,2,32400,373,0.011512345679012345,9.08579158782959,0.04846938775510204,0.07506702412868632
347,2,7,0,32400,445,0.013734567901234567,10.013483047485352,0.14182692307692307,0.1662921348314607
347,2,7,1,32400,325,0.010030864197530864,11.498461723327637,0.0425531914893617,0.055384615384615386
347,2,7,2,32400,402,0.012407407407407407,9.405472755432129,0.064343163538874,0.06716417910447761
347,2,8,0,32400,443,0.013672839506172839,17.751693725585938,0.1146067415730337,0.1399548532731377
347,2,8,1,32400,353,0.010895061728395062,16.277620315551758,0.046153846153846156,0.059490084985835696
347,2,8,2,32400,384,0.011851851851851851,11.236979484558105,0.04975124378109453,0.0859375
347,2,9,0,32400,431,0.013302469135802469,9.164732933044434,0.12415349887133183,0.14849187935034802
347,2,9,1,32400,342,0.010555555555555556,10.122807502746582,0.053824362606232294,0.05555555555555555
347,2,9,2,32400,382,0.011790123456790123,7.526177883148193,0.049479166666666664,0.04712041884816754
347,2,10,0,32400,445,0.013734567901234567,11.433708190917969,0.1136890951276102,0.10337078651685393
347,2,10,1,32400,382,0.011790123456790123,15.72774887084961,0.043859649122807015,0.07853403141361257
347,2,10,2,32400,387,0.011944444444444445,10.607234954833984,0.034031413612565446,0.04392764857881137
347,2,11,0,32400,435,0.013425925925925926,14.197701454162598,0.09213483146067415,0.09885057471264368
347,2,11,1,32400,351,0.010833333333333334,12.227920532226562,0.06806282722513089,0.05698005698005698
347,2,11,2,32400,414,0.012777777777777779,12.756038665771484,0.05167958656330749,0.09903381642512077
347,2,12,0,32400,446,0.013765432098765433,14.721976280212402,0.1103448275862069,0.13452914798206278
347,2,12,1,32400,382,0.011790123456790123,10.065444946289062,0.05698005698005698,0.060209424083769635
347,2,12,2,32400,360,0.011111111111111112,24.613895416259766,0.043478260869565216,0.05
347,2,13,0,32400,426,0.013148148148148148,17.63380241394043,0.09865470852017937,0.10093896713615023
347,2,13,1,32400,350,0.010802469135802469,14.019999504089355,0.03926701570680628,0.07142857142857142
347,2,13,2,32400,392,0.012098765432098766,13.780611991882324,0.06666666666666667,0.06887755102040816
347,2,14,0,32400,407,0.012561728395061728,13.842751502990723,0.12441314553990611,0.16461916461916462
347,2,14,1,32400,379,0.01169753086419753,14.097625732421875,0.045714285714285714,0.07651715039577836
347,2,14,2,32400,401,0.012376543209876543,11.62094783782959,0.07397959183673469,0.09975062344139651
347,2,15,0,32400,447,0.013796296296296296,14.319911003112793,0.15233415233415235,0.14317673378076062
347,2,15,1,32400,359,0.011080246913580246,15.025069236755371,0.04221635883905013,0.06128133704735376
347,2,15,2,32400,390,0.012037037037037037,13.246153831481934,0.059850374064837904,0.09230769230769231
347,2,16,0,32400,461,0.014228395061728395,9.479393005371094,0.12304250559284116,0.1735357917570499
347,2,16,1,32400,375,0.011574074074074073,10.807999610900879,0.07242339832869081,0.058666666666666666
347,2,16,2,32400,382,0.011790123456790123,9.332460403442383,0.05897435897435897,0.07329842931937172
347,2,17,0,32400,477,0.014722222222222222,12.433961868286133,0.1735357917570499,0.1761006289308176
347,2,17,1,32400,377,0.011635802469135802,10.912467002868652,0.037333333333333336,0.07161803713527852
347,2,17,2,32400,399,0.012314814814814815,11.323307991027832,0.08376963350785341,0.09523809523809523
347,2,18,0,32400,459,0.014166666666666666,9.908496856689453,0.13836477987421383,0.1394335511982571
347,2,18,1,32400,405,0.0125,9.841976165771484,0.058355437665782495,0.08148148148148149
347,2,18,2,32400,397,0.012253086419753086,9.047858238220215,0.07518796992481203,0.07556675062972293
347,2,19,0,32400,423,0.013055555555555556,8.777777671813965,0.11764705882352941,0.12293144208037825
347,2,19,1,32400,354,0.010925925925925926,9.420904159545898,0.056790123456790124,0.07344632768361582
347,2,19,2,32400,369,0.01138888888888889,8.742547988891602,0.06801007556675064,0.08130081300813008
347,2,20,0,32400,421,0.012993827160493828,16.90498924255371,0.13002364066193853,0.1543942992874109
347,2,20,1,32400,355,0.010956790123456791,15.62253475189209,0.03672316384180791,0.022535211267605635
347,2,20,2,32400,366,0.011296296296296296,11.795082092285156,0.06233062330623306,0.09289617486338798
347,2,21,0,32400,468,0.014444444444444444,7.750000476837158,0.14489311163895488,0.16880341880341881
347,2,21,1,32400,329,0.01015432098765432,9.097264289855957,0.028169014084507043,0.03343465045592705
347,2,21,2,32400,368,0.011358024691358024,8.247282981872559,0.060109289617486336,0.11413043478260869
347,2,22,0,32400,433,0.013364197530864198,9.10623550415039,0.14102564102564102,0.16166281755196305
347,2,22,1,32400,346,0.010679012345679013,8.835260391235352,0.04559270516717325,0.028901734104046242
347,2,22,2,32400,374,0.01154320987654321,7.91978645324707,0.07608695652173914,0.10962566844919786
347,2,23,0,32400,430,0.013271604938271606,24.05348777770996,0.12702078521939955,0.1744186046511628
347,2,23,1,32400,359,0.011080246913580246,14.79665756225586,0.04335260115606936,0.055710306406685235
347,2,23,2,32400,400,0.012345679012345678,25.13749885559082,0.06417112299465241,0.0825
347,2,24,0,32400,440,0.013580246913580247,13.381817817687988,0.12558139534883722,0.125
347,2,24,1,32400,324,0.01,14.657407760620117,0.036211699164345405,0.018518518518518517
347,2,24,2,32400,359,0.011080246913580246,12.431755065917969,0.075,0.116991643454039
347,2,25,0,32400,440,0.013580246913580247,16.340909957885742,0.12045454545454545,0.19545454545454546
347,2,25,1,32400,340,0.010493827160493827,16.764705657958984,0.030864197530864196,0.020588235294117647
347,2,25,2,32400,385,0.011882716049382716,24.893508911132812,0.0807799442896936,0.11948051948051948
347,2,26,0,32400,426,0.013148148148148148,43.70656967163086,0.12727272727272726,0.1267605633802817
347,2,26,1,32400,354,0.010925925925925926,37.25706100463867,0.020588235294117647,0.05367231638418079
347,2,26,2,32400,366,0.011296296296296296,18.158470153808594,0.05194805194805195,0.060109289617486336
347,2,27,0,32400,466,0.014382716049382717,14.439913749694824,0.12910798122065728,0.1351931330472103
347,2,27,1,32400,319,0.00984567901234568,18.316614151000977,0.03672316384180791,0.0438871473354232
347,2,27,2,32400,375,0.011574074074074073,17.03999900817871,0.06557377049180328,0.08533333333333333
347,2,28,0,32400,451,0.013919753086419753,23.698448181152344,0.13304721030042918,0.19955654101995565
347,2,28,1,32400,358,0.011049382716049383,22.081005096435547,0.05642633228840126,0.0782122905027933
347,2,28,2,32400,387,0.011944444444444445,31.155038833618164,0.058666666666666666,0.10077519379844961
347,2,29,0,32400,464,0.014320987654320988,8.773706436157227,0.13968957871396895,0.17025862068965517
347,2,29,1,32400,366,0.011296296296296296,10.653005599975586,0.036312849162011177,0.040983606557377046
347,2,29,2,32400,382,0.011790123456790123,9.342931747436523,0.08785529715762273,0.07068062827225131
347,2,30,0,32400,473,0.014598765432098766,16.72304344177246,0.1271551724137931,0.13530655391120508
347,2,30,1,32400,348,0.01074074074074074,18.31321907043457,0.04371584699453552,0.028735632183908046
347,2,30,2,32400,411,0.012685185185185185,24.479318618774414,0.0549738219895288,0.07542579075425791
347,2,31,0,32400,451,0.013919753086419753,10.104212760925293,0.12050739957716702,0.13082039911308205
347,2,31,1,32400,365,0.011265432098765432,10.750685691833496,0.02586206896551724,0.038356164383561646
347,2,31,2,32400,397,0.012253086419753086,8.806044578552246,0.06082725060827251,0.11335012594458438
347,2,32,0,32400,427,0.013179012345679012,14.330209732055664,0.13747228381374724,0.20608899297423888
347,2,32,1,32400,372,0.011481481481481481,13.96236515045166,0.0273972602739726,0.051075268817204304
347,2,32,2,32400,379,0.01169753086419753,14.208443641662598,0.0654911838790932,0.04221635883905013
347,2,33,0,32400,452,0.013950617283950617,13.858407020568848,0.1358313817330211,0.1504424778761062
347,2,33,1,32400,354,0.010925925925925926,10.485876083374023,0.02956989247311828,0.0423728813559322
347,2,33,2,32400,378,0.011666666666666667,13.465607643127441,0.052770448548812667,0.06613756613756613
347,2,34,0,32400,491,0.015154320987654322,27.452138900756836,0.13495575221238937,0.14867617107942974
347,2,34,1,32400,352,0.010864197530864197,22.94602394104004,0.02824858757062147,0.03125
347,2,34,2,32400,363,0.011203703703703704,18.69145965576172,0.05555555555555555,0.05785123966942149
347,2,35,0,32400,456,0.014074074074074074,19.905702590942383,0.11405295315682282,0.19298245614035087
347,2,35,1,32400,351,0.010833333333333334,9.433048248291016,0.022727272727272728,0.04843304843304843
347,2,35,2,32400,362,0.01117283950617284,10.751381874084473,0.046831955922865015,0.08839779005524862
347,3,1,0,32400,420,0.012962962962962963,12.983333587646484,-1.0,0.12380952380952381
347,3,1,1,32400,366,0.011296296296296296,18.270490646362305,-1.0,0.07650273224043716
347,3,1,2,32400,383,0.011820987654320988,13.733681678771973,-1.0,0.08616187989556136
347,3,2,0,32400,433,0.013364197530864198,9.401847839355469,0.11666666666666667,0.12933025404157045
347,3,2,1,32400,342,0.010555555555555556,9.929824829101562,0.0546448087431694,0.05263157894736842
347,3,2,2,32400,387,0.011944444444444445,8.043928146362305,0.07049608355091384,0.08010335917312661
347,3,3,0,32400,442,0.013641975308641975,13.855204582214355,0.10623556581986143,0.11085972850678733
347,3,3,1,32400,348,0.01074074074074074,14.744253158569336,0.04093567251461988,0.06321839080459771
347,3,3,2,32400,383,0.011820987654320988,9.07310676574707,0.056847545219638244,0.04699738903394256
347,3,4,0,32400,444,0.013703703703703704,9.596847534179688,0.10407239819004525,0.12612612612612611
347,3,4,1,32400,382,0.011790123456790123,10.350785255432129,0.07471264367816093,0.07853403141361257
347,3,4,2,32400,350,0.010802469135802469,9.34857177734375,0.05221932114882506,0.06
347,3,5,0,32400,446,0.013765432098765433,12.656950950622559,0.11711711711711711,0.14573991031390135
347,3,5,1,32400,411,0.012685185185185185,13.374695777893066,0.04712041884816754,0.04866180048661801
347,3,5,2,32400,395,0.012191358024691358,13.675949096679688,0.08857142857142856,0.06835443037974684
347,3,6,0,32400,449,0.013858024691358025,12.191536903381348,0.11434977578475336,0.17817371937639198
347,3,6,1,32400,336,0.01037037037037037,9.836309432983398,0.046228710462287104,0.047619047619047616
347,3,6,2,32400,373,0.011512345679012345,10.3914213180542,0.04810126582278481,0.06702412868632708
347,3,7,0,32400,402,0.012407407407407407,10.781094551086426,0.14253897550111358,0.17661691542288557
347,3,7,1,32400,339,0.010462962962962962,9.194690704345703,0.044642857142857144,0.07079646017699115
347,3,7,2,32400,399,0.012314814814814815,8.466165542602539,0.06702412868632708,0.07518796992481203
347,3,8,0,32400,435,0.013425925925925926,14.2804594039917,0.1318407960199005,0.12183908045977011
347,3,8,1,32400,361,0.011141975308641975,13.775623321533203,0.032448377581120944,0.055401662049861494
347,3,8,2,32400,365,0.011265432098765432,8.652054786682129,0.045112781954887216,0.07945205479452055
347,3,9,0,32400,436,0.01345679012345679,9.7339448928833,0.1310344827586207,0.15825688073394495
347,3,9,1,32400,378,0.011666666666666667,9.108465194702148,0.0443213296398892,0.06084656084656084
347,3,9,2,32400,354,0.010925925925925926,9.855932235717773,0.049315068493150684,0.05367231638418079
347,3,10,0,32400,414,0.012777777777777779,14.72946834564209,0.10779816513761468,0.1111111111111111
347,3,10,1,32400,329,0.01015432098765432,15.568388938903809,0.047619047619047616,0.1033434650455927
347,3,10,2,32400,370,0.011419753086419753,11.570270538330078,0.04519774011299435,0.04864864864864865
347,3,11,0,32400,441,0.01361111111111111,13.571428298950195,0.09178743961352658,0.08843537414965986
347,3,11,1,32400,340,0.010493827160493827,11.755882263183594,0.06382978723404255,0.06764705882352941
347,3,11,2,32400,390,0.012037037037037037,11.007692337036133,0.043243243243243246,0.1076923076923077
347,3,12,0,32400,430,0.013271604938271606,14.83023452758789,0.10204081632653061,0.1511627906976744
347,3,12,1,32400,400,0.012345679012345678,15.105002403259277,0.05,0.0625
347,3,12,2,32400,364,0.011234567901234569,13.824177742004395,0.04358974358974359,0.046703296703296704
347,3,13,0,32400,411,0.012685185185185185,17.87347984313965,0.10930232558139535,0.10462287104622871
347,3,13,1,32400,360,0.011111111111111112,14.663888931274414,0.0425,0.058333333333333334
347,3,13,2,32400,363,0.011203703703703704,16.404958724975586,0.0521978021978022,0.07713498622589532
347,3,14,0,32400,456,0.014074074074074074,11.835526466369629,0.13381995133819952,0.16447368421052633
347,3,14,1,32400,379,0.01169753086419753,11.174142837524414,0.06111111111111111,0.07651715039577836
347,3,14,2,32400,417,0.01287037037037037,13.971222877502441,0.07988980716253444,0.0815347721822542
347,3,15,0,32400,454,0.014012345679012345,14.211453437805176,0.13596491228070176,0.1299559471365639
347,3,15,1,32400,379,0.01169753086419753,16.445911407470703,0.044854881266490766,0.06596306068601583
347,3,15,2,32400,411,0.012685185185185185,11.846714973449707,0.06474820143884892,0.0948905109489051
347,3,16,0,32400,452,0.013950617283950617,9.876106262207031,0.1211453744493392,0.14823008849557523
347,3,16,1,32400,370,0.011419753086419753,9.408108711242676,0.05804749340369393,0.06756756756756757
347,3,16,2,32400,373,0.011512345679012345,8.42091178894043,0.05596107055961071,0.06970509383378017
347,3,17,0,32400,453,0.013981481481481482,12.181015014648438,0.1592920353982301,0.152317880794702
347,3,17,1,32400,412,0.01271604938271605,10.713592529296875,0.04054054054054054,0.04854368932038835
347,3,17,2,32400,396,0.012222222222222223,9.28787899017334,0.08579088471849866,0.09090909090909091
347,3,18,0,32400,441,0.01361111111111111,10.47165584564209,0.1456953642384106,0.15419501133786848
347,3,18,1,32400,392,0.012098765432098766,8.836734771728516,0.055825242718446605,0.08163265306122448
347,3,18,2,32400,366,0.011296296296296296,9.37704849243164,0.08838383838383838,0.08469945355191257
347,3,19,0,32400,418,0.012901234567901234,7.8492817878723145,0.12471655328798185,0.11004784688995216
347,3,19,1,32400,372,0.011481481481481481,8.357526779174805,0.06377551020408163,0.08064516129032258
347,3,19,2,32400,360,0.011111111111111112,8.01111125946045,0.07923497267759563,0.06111111111111111
347,3,20,0,32400,435,0.013425925925925926,17.19770050048828,0.12679425837320574,0.15172413793103448
347,3,20,1,32400,350,0.010802469135802469,16.46285629272461,0.03763440860215054,0.02857142857142857
347,3,20,2,32400,405,0.0125,14.029630661010742,0.06388888888888888,0.07901234567901234
347,3,21,0,32400,416,0.012839506172839505,8.069711685180664,0.13333333333333333,0.1971153846153846
347,3,21,1,32400,360,0.011111111111111112,7.333333492279053,0.025714285714285714,0.041666666666666664
347,3,21,2,32400,379,0.01169753086419753,8.327177047729492,0.05432098765432099,0.10290237467018469
347,3,22,0,32400,447,0.013796296296296296,9.894854545593262,0.1658653846153846,0.14317673378076062
347,3,22,1,32400,357,0.011018518518518518,9.619048118591309,0.041666666666666664,0.028011204481792718
347,3,22,2,32400,398,0.012283950617283951,8.032663345336914,0.07651715039577836,0.10050251256281408
347,3,23,0,32400,436,0.01345679012345679,21.256879806518555,0.12080536912751678,0.17660550458715596
347,3,23,1,32400,349,0.010771604938271605,20.547279357910156,0.036414565826330535,0.03724928366762178
347,3,23,2,32400,351,0.010833333333333334,25.974361419677734,0.06281407035175879,0.10826210826210826
347,3,24,0,32400,446,0.013765432098765433,12.255605697631836,0.12614678899082568,0.13901345291479822
347,3,24,1,32400,334,0.010308641975308641,13.392215728759766,0.04297994269340974,0.020958083832335328
347,3,24,2,32400,401,0.012376543209876543,11.566084861755371,0.09971509971509972,0.11471321695760599
347,3,25,0,32400,455,0.01404320987654321,19.795604705810547,0.12556053811659193,0.15824175824175823
347,3,25,1,32400,358,0.011049382716049383,14.477653503417969,0.03592814371257485,0.03910614525139665
347,3,25,2,32400,403,0.012438271604938272,17.64267921447754,0.0773067331670823,0.0967741935483871
347,3,26,0,32400,425,0.013117283950617283,32.310585021972656,0.12307692307692308,0.12
347,3,26,1,32400,357,0.011018518518518518,26.775911331176758,0.030726256983240222,0.0392156862745098
347,3,26,2,32400,370,0.011419753086419753,19.399999618530273,0.04962779156327544,0.07297297297297298
347,3,27,0,32400,461,0.014228395061728395,18.193058013916016,0.13176470588235295,0.16052060737527116
347,3,27,1,32400,360,0.011111111111111112,14.066666603088379,0.025210084033613446,0.03888888888888889
347,3,27,2,32400,365,0.011265432098765432,18.364383697509766,0.062162162162162166,0.08493150684931507
347,3,28,0,32400,480,0.014814814814814815,30.64166831970215,0.1475054229934924,0.18958333333333333
347,3,28,1,32400,377,0.011635802469135802,16.705570220947266,0.05277777777777778,0.058355437665782495
347,3,28,2,32400,419,0.0129320987654321,24.91169548034668,0.0684931506849315,0.10978520286396182
347,3,29,0,32400,478,0.014753086419753087,10.15481185913086,0.12916666666666668,0.16736401673640167
347,3,29,1,32400,353,0.010895061728395062,9.288951873779297,0.04509283819628647,0.053824362606232294
347,3,29,2,32400,382,0.011790123456790123,8.670157432556152,0.06921241050119331,0.08638743455497382
347,3,30,0,32400,433,0.013364197530864198,24.43648910522461,0.13179916317991633,0.15935334872979215
347,3,30,1,32400,378,0.011666666666666667,11.34656047821045,0.053824362606232294,0.031746031746031744
347,3,30,2,32400,390,0.012037037037037037,12.807692527770996,0.060209424083769635,0.08461538461538462
347,3,31,0,32400,490,0.015123456790123457,10.587754249572754,0.13163972286374134,0.13877551020408163
347,3,31,1,32400,374,0.01154320987654321,10.882352828979492,0.023809523809523808,0.0427807486631016
347,3,31,2,32400,370,0.011419753086419753,9.478378295898438,0.06666666666666667,0.11621621621621622
347,3,32,0,32400,433,0.013364197530864198,13.935335159301758,0.1306122448979592,0.20554272517321015
347,3,32,1,32400,375,0.011574074074074073,13.86400032043457,0.026737967914438502,0.056
347,3,32,2,32400,339,0.010462962962962962,13.22123908996582,0.06486486486486487,0.04129793510324484
347,3,33,0,32400,447,0.013796296296296296,13.697986602783203,0.14087759815242495,0.1342281879194631
347,3,33,1,32400,349,0.010771604938271605,10.787965774536133,0.04,0.022922636103151862
347,3,33,2,32400,367,0.01132716049382716,15.275203704833984,0.06784660766961652,0.08446866485013624
347,3,34,0,32400,474,0.01462962962962963,27.415611267089844,0.13870246085011187,0.16244725738396623
347,3,34,1,32400,364,0.011234567901234569,16.120880126953125,0.022922636103151862,0.04395604395604396
347,3,34,2,32400,380,0.011728395061728396,17.702632904052734,0.05449591280653951,0.06578947368421052
347,3,35,0,32400,500,0.015432098765432098,24.016000747680664,0.11814345991561181,0.174
347,3,35,1,32400,376,0.011604938271604939,10.260638236999512,0.03296703296703297,0.0398936170212766
347,3,35,2,32400,381,0.01175925925925926,19.86614227294922,0.05789473684210526,0.08398950131233596
