[31m#[0m[33m#[0m[33m#[0m[32m#[0m[36m#[0m[34m#[0m[36m#[0m[34m [0m[33m [0m[31m [0m[32m#[0m[33m#[0m[33m#[0m[31m#[0m[35m [0m[33m [0m[32m [0m[34m [0m[36m#[0m[32m#[0m[33m#[0m[35m [0m[35m [0m[32m#[0m[34m [0m[32m [0m[35m [0m[36m#[0m[35m#[0m[36m#[0m[31m [0m[32m [0m[31m#[0m[31m [0m[35m [0m[34m [0m[35m [0m[31m#[0m[36m#[0m[36m#[0m[31m#[0m[32m [0m[34m [0m[35m [0m[31m [0m[36m [0m[31m#[0m[35m#[0m[33m#[0m[33m#[0m[35m [0m[34m [0m[32m [0m[36m [0m[36m#[0m[31m#[0m[31m#[0m[31m#[0m[36m#[0m[32m#[0m[32m#[0m[35m [0m[32m [0m[31m#[0m[36m#[0m[34m#[0m[31m#[0m[33m#[0m[35m#[0m[32m#[0m[32m [0m[34m [0m[31m#[0m[35m#[0m[32m#[0m[36m#[0m[31m#[0m[32m [0m[35m [0m[33m [0m[34m [0m[34m [0m[36m [0m[36m [0m[36m [0m[33m [0m[35m [0m[31m [0m[34m [0m[36m [0m[34m [0m[32m [0m[36m#[0m[32m#[0m[31m#[0m[31m#[0m[34m [0m[32m [0m[33m [0m[35m#[0m[32m#[0m[31m#[0m[36m [0m[36m#[0m[36m#[0m[33m [0m[35m [0m[36m [0m[34m [0m[35m#[0m[36m#[0m[32m#[0m[36m#[0m[36m [0m[31m [0m[32m [0m[32m [0m[36m#[0m[34m#[0m[34m#[0m[32m [0m[33m [0m[33m#[0m[32m#[0m[36m [0m[34m [0m[31m#[0m[31m#[0m[32m#[0m[35m#[0m[34m#[0m[36m#[0m[33m#[0m[31m [0m[33m [0m[36m
[0m[32m [0m[33m [0m[35m#[0m[33m#[0m[36m#[0m[32m [0m[35m [0m[36m [0m[34m [0m[32m#[0m[35m#[0m[35m#[0m[33m [0m[36m#[0m[32m#[0m[32m [0m[32m [0m[33m [0m[32m#[0m[32m#[0m[34m#[0m[35m [0m[32m [0m[34m#[0m[36m#[0m[35m [0m[35m [0m[35m#[0m[36m#[0m[33m#[0m[36m [0m[31m [0m[35m#[0m[31m#[0m[32m [0m[35m [0m[36m#[0m[31m#[0m[35m#[0m[33m [0m[35m#[0m[36m#[0m[35m [0m[36m [0m[34m [0m[34m#[0m[35m#[0m[33m#[0m[34m [0m[32m#[0m[33m#[0m[34m [0m[35m [0m[36m [0m[34m [0m[36m [0m[36m#[0m[33m#[0m[36m#[0m[34m [0m[35m [0m[36m [0m[34m [0m[35m#[0m[36m#[0m[31m#[0m[31m [0m[35m [0m[34m#[0m[33m#[0m[33m [0m[32m [0m[31m#[0m[35m#[0m[31m#[0m[32m [0m[32m#[0m[31m#[0m[35m [0m[32m [0m[32m [0m[31m [0m[33m [0m[36m#[0m[33m#[0m[31m#[0m[34m [0m[31m [0m[36m [0m[34m [0m[34m [0m[31m#[0m[31m#[0m[32m#[0m[32m [0m[33m#[0m[33m#[0m[33m [0m[31m [0m[33m#[0m[34m#[0m[32m#[0m[34m [0m[32m#[0m[35m#[0m[34m#[0m[36m [0m[32m [0m[34m#[0m[33m#[0m[36m#[0m[35m [0m[32m#[0m[35m#[0m[34m [0m[34m [0m[35m [0m[31m#[0m[33m#[0m[33m#[0m[31m [0m[34m#[0m[34m#[0m[35m [0m[32m [0m[32m [0m[34m#[0m[34m#[0m[31m#[0m[36m [0m[36m [0m[34m#[0m[34m#[0m[34m [0m[31m [0m[33m
[0m[31m [0m[34m [0m[33m#[0m[35m#[0m[32m#[0m[31m [0m[36m [0m[33m [0m[36m [0m[34m#[0m[33m#[0m[36m#[0m[33m [0m[35m [0m[31m#[0m[35m#[0m[31m [0m[36m [0m[32m#[0m[33m#[0m[34m#[0m[34m [0m[33m [0m[36m#[0m[35m#[0m[31m [0m[35m [0m[36m#[0m[32m#[0m[33m#[0m[36m#[0m[32m [0m[34m#[0m[32m#[0m[31m [0m[34m [0m[33m#[0m[34m#[0m[32m#[0m[34m [0m[34m [0m[33m [0m[33m [0m[31m [0m[31m [0m[36m#[0m[32m#[0m[34m#[0m[33m [0m[34m [0m[32m#[0m[32m#[0m[32m [0m[36m [0m[33m [0m[33m [0m[33m#[0m[32m#[0m[36m#[0m[32m [0m[32m [0m[33m [0m[34m [0m[35m#[0m[32m#[0m[32m#[0m[31m [0m[34m [0m[33m [0m[33m [0m[31m [0m[32m [0m[31m#[0m[34m#[0m[33m#[0m[35m [0m[33m [0m[36m#[0m[33m#[0m[31m [0m[36m [0m[34m [0m[32m#[0m[31m#[0m[36m#[0m[34m [0m[34m [0m[33m [0m[31m [0m[31m [0m[35m#[0m[31m#[0m[36m#[0m[36m [0m[35m [0m[35m [0m[31m [0m[34m [0m[32m [0m[32m#[0m[34m#[0m[35m#[0m[31m#[0m[36m#[0m[32m#[0m[31m#[0m[31m [0m[34m [0m[34m#[0m[35m#[0m[36m#[0m[35m [0m[34m [0m[31m#[0m[36m#[0m[32m [0m[33m [0m[32m#[0m[33m#[0m[34m#[0m[33m#[0m[35m#[0m[32m [0m[31m [0m[33m [0m[32m [0m[36m#[0m[32m#[0m[32m#[0m[32m [0m[34m [0m[31m [0m[32m [0m[36m [0m[36m [0m[36m
[0m[36m [0m[33m [0m[33m#[0m[31m#[0m[31m#[0m[33m [0m[32m [0m[32m [0m[34m [0m[35m#[0m[35m#[0m[33m#[0m[35m#[0m[31m#[0m[32m#[0m[31m [0m[33m [0m[32m [0m[32m#[0m[34m#[0m[36m#[0m[32m [0m[31m [0m[34m#[0m[34m#[0m[34m [0m[35m [0m[33m#[0m[32m#[0m[31m#[0m[34m#[0m[35m#[0m[31m#[0m[34m#[0m[31m [0m[36m [0m[36m#[0m[35m#[0m[36m#[0m[34m [0m[32m [0m[33m [0m[33m [0m[36m [0m[31m [0m[33m#[0m[36m#[0m[34m#[0m[34m [0m[31m [0m[34m#[0m[34m#[0m[32m [0m[31m [0m[34m [0m[31m [0m[31m#[0m[35m#[0m[33m#[0m[33m [0m[32m [0m[33m [0m[33m [0m[33m#[0m[31m#[0m[36m#[0m[35m#[0m[34m#[0m[35m#[0m[36m [0m[32m [0m[36m [0m[34m#[0m[34m#[0m[34m#[0m[35m [0m[33m [0m[35m#[0m[34m#[0m[35m [0m[33m [0m[31m#[0m[32m#[0m[32m#[0m[36m#[0m[32m#[0m[36m#[0m[32m#[0m[36m [0m[31m [0m[31m [0m[33m#[0m[35m#[0m[35m#[0m[32m#[0m[35m#[0m[34m [0m[35m [0m[35m [0m[31m#[0m[34m#[0m[35m#[0m[35m#[0m[31m [0m[36m#[0m[31m#[0m[31m [0m[35m [0m[36m#[0m[31m#[0m[31m#[0m[35m [0m[32m [0m[31m#[0m[31m#[0m[32m [0m[31m [0m[36m#[0m[33m#[0m[32m#[0m[34m#[0m[33m [0m[32m [0m[35m [0m[32m [0m[34m [0m[31m#[0m[33m#[0m[34m#[0m[32m#[0m[32m#[0m[31m#[0m[31m [0m[33m [0m[35m [0m[33m
[0m[31m [0m[31m [0m[33m#[0m[36m#[0m[36m#[0m[35m [0m[33m [0m[32m [0m[33m [0m[34m#[0m[35m#[0m[33m#[0m[34m#[0m[35m#[0m[33m [0m[31m [0m[31m [0m[34m [0m[32m#[0m[32m#[0m[36m#[0m[35m [0m[31m [0m[34m#[0m[33m#[0m[36m [0m[35m [0m[35m#[0m[35m#[0m[35m#[0m[31m [0m[31m#[0m[33m#[0m[32m#[0m[33m [0m[35m [0m[34m#[0m[36m#[0m[35m#[0m[35m [0m[31m [0m[31m [0m[32m [0m[35m [0m[34m [0m[32m#[0m[32m#[0m[31m#[0m[33m#[0m[35m#[0m[36m#[0m[34m#[0m[36m [0m[32m [0m[32m [0m[34m [0m[32m#[0m[34m#[0m[32m#[0m[31m [0m[33m [0m[36m [0m[35m [0m[35m#[0m[31m#[0m[36m#[0m[34m [0m[34m [0m[31m [0m[33m [0m[35m [0m[31m [0m[36m#[0m[34m#[0m[35m#[0m[36m [0m[34m [0m[33m#[0m[35m#[0m[34m [0m[35m [0m[34m [0m[35m#[0m[35m#[0m[35m#[0m[31m [0m[34m [0m[31m [0m[33m [0m[32m [0m[33m [0m[34m [0m[34m [0m[36m [0m[32m [0m[31m#[0m[35m#[0m[35m [0m[35m [0m[34m#[0m[36m#[0m[35m#[0m[34m [0m[36m [0m[33m#[0m[33m#[0m[34m [0m[31m [0m[32m#[0m[36m#[0m[35m#[0m[35m [0m[32m [0m[33m#[0m[36m#[0m[31m [0m[36m [0m[36m#[0m[32m#[0m[35m#[0m[35m#[0m[31m#[0m[35m [0m[32m [0m[36m [0m[32m [0m[33m#[0m[34m#[0m[32m#[0m[36m [0m[36m [0m[32m [0m[34m [0m[33m [0m[35m [0m[31m
[0m[34m [0m[31m [0m[36m#[0m[33m#[0m[32m#[0m[32m [0m[36m [0m[31m [0m[31m [0m[36m#[0m[35m#[0m[32m#[0m[34m [0m[32m#[0m[33m#[0m[31m [0m[36m [0m[33m [0m[36m#[0m[35m#[0m[33m#[0m[31m#[0m[32m#[0m[31m#[0m[36m#[0m[31m [0m[36m [0m[35m#[0m[32m#[0m[35m#[0m[34m [0m[36m [0m[31m#[0m[31m#[0m[34m [0m[31m [0m[31m#[0m[31m#[0m[32m#[0m[32m [0m[32m [0m[36m#[0m[35m#[0m[36m [0m[31m [0m[34m#[0m[36m#[0m[32m#[0m[32m [0m[32m [0m[34m#[0m[35m#[0m[32m [0m[33m [0m[35m [0m[36m [0m[32m#[0m[32m#[0m[33m#[0m[33m [0m[33m [0m[36m [0m[34m [0m[35m#[0m[34m#[0m[36m#[0m[33m [0m[31m [0m[35m#[0m[34m#[0m[34m [0m[32m [0m[34m#[0m[34m#[0m[36m#[0m[31m [0m[36m [0m[31m#[0m[36m#[0m[33m [0m[33m [0m[34m [0m[35m [0m[31m#[0m[34m#[0m[34m#[0m[35m [0m[35m [0m[34m [0m[31m [0m[33m [0m[35m#[0m[33m#[0m[36m [0m[34m [0m[35m#[0m[36m#[0m[34m [0m[36m [0m[32m#[0m[36m#[0m[34m#[0m[31m [0m[32m [0m[34m#[0m[34m#[0m[33m [0m[36m [0m[33m#[0m[34m#[0m[35m#[0m[32m [0m[35m [0m[34m#[0m[32m#[0m[31m [0m[35m [0m[31m#[0m[31m#[0m[34m#[0m[34m [0m[31m#[0m[36m#[0m[31m [0m[33m [0m[34m [0m[35m#[0m[36m#[0m[35m#[0m[36m [0m[36m [0m[34m#[0m[32m#[0m[35m [0m[35m [0m[34m
[0m[35m [0m[36m [0m[36m#[0m[36m#[0m[33m#[0m[33m [0m[32m [0m[33m [0m[33m [0m[35m#[0m[32m#[0m[32m#[0m[32m [0m[35m [0m[32m#[0m[36m#[0m[32m [0m[36m [0m[34m [0m[36m#[0m[31m#[0m[31m#[0m[35m#[0m[36m#[0m[31m [0m[36m [0m[34m [0m[31m#[0m[35m#[0m[36m#[0m[34m [0m[35m [0m[36m#[0m[32m#[0m[32m [0m[35m [0m[32m [0m[31m#[0m[33m#[0m[34m#[0m[35m#[0m[34m#[0m[35m [0m[33m [0m[31m [0m[33m#[0m[35m#[0m[35m#[0m[32m [0m[33m [0m[34m#[0m[31m#[0m[34m [0m[35m [0m[35m [0m[34m [0m[35m#[0m[34m#[0m[31m#[0m[36m [0m[33m [0m[36m [0m[36m [0m[31m#[0m[36m#[0m[32m#[0m[35m#[0m[35m#[0m[33m#[0m[32m#[0m[33m [0m[32m [0m[33m#[0m[34m#[0m[36m#[0m[35m#[0m[34m#[0m[36m#[0m[36m [0m[32m [0m[33m [0m[33m [0m[34m [0m[32m [0m[36m [0m[33m [0m[33m [0m[34m [0m[34m [0m[34m [0m[33m [0m[34m#[0m[34m#[0m[31m#[0m[34m#[0m[32m#[0m[32m [0m[32m [0m[31m [0m[31m#[0m[33m#[0m[33m#[0m[35m [0m[34m [0m[31m#[0m[32m#[0m[35m [0m[35m [0m[31m [0m[31m#[0m[32m#[0m[33m#[0m[31m#[0m[35m#[0m[34m [0m[36m [0m[33m [0m[34m#[0m[34m#[0m[33m#[0m[36m [0m[35m [0m[33m#[0m[35m#[0m[31m [0m[31m [0m[35m#[0m[31m#[0m[36m#[0m[31m#[0m[34m#[0m[36m#[0m[32m#[0m[34m [0m[32m [0m[34m
[0m[32m [0m[33m [0m[31m [0m[34m [0m[32m [0m[35m [0m[31m [0m[36m [0m[31m [0m[32m [0m[32m [0m[34m [0m[33m [0m[31m [0m[31m [0m[33m [0m[32m [0m[33m [0m[33m [0m[35m [0m[35m [0m[36m [0m[32m [0m[34m [0m[33m [0m[33m [0m[34m [0m[31m [0m[32m [0m[36m [0m[35m [0m[33m [0m[35m [0m[36m [0m[35m [0m[31m [0m[32m [0m[34m [0m[36m [0m[36m [0m[31m [0m[36m [0m[32m [0m[32m [0m[36m [0m[35m [0m[32m [0m[35m [0m[34m [0m[36m [0m[34m [0m[36m [0m[34m [0m[34m [0m[31m [0m[32m [0m[36m [0m[36m [0m[36m [0m[31m [0m[32m [0m[36m [0m[33m [0m[32m [0m[33m [0m[31m [0m[31m [0m[35m [0m[34m [0m[36m [0m[31m [0m[34m [0m[34m [0m[35m [0m[32m [0m[32m [0m[31m [0m[31m [0m[36m [0m[31m [0m[35m [0m[34m [0m[32m [0m[35m [0m[36m [0m[36m [0m[31m [0m[33m [0m[32m [0m[32m [0m[32m [0m[35m [0m[35m [0m[36m [0m[34m [0m[31m [0m[36m [0m[32m [0m[34m [0m[34m [0m[34m [0m[33m [0m[35m [0m[34m [0m[31m [0m[32m [0m[31m [0m[36m [0m[31m [0m[36m [0m[36m [0m[34m [0m[33m [0m[33m [0m[33m [0m[34m [0m[36m [0m[35m [0m[35m [0m[31m [0m[31m [0m[35m [0m[33m [0m[36m [0m[35m [0m[35m [0m[36m [0m[31m [0m[31m [0m[35m [0m[35m [0m[31m [0m[32m [0m[35m [0m[31m [0m[32m
[0m[34m[0m[33mv[0m[31mi[0m[35me[0m[31mw[0m[35ms[0m[32m-[0m[34mp[0m[36mi[0m[35mp[0m[36me[0m[34ml[0m[33mi[0m[33mn[0m[31me[0m[33m-[0m[32mc[0m[36mo[0m[33mr[0m[31me[0m[35m [0m[34mv[0m[35m3[0m[36m.[0m[34m1[0m[31m.[0m[35m2[0m[32m[0m[33m
[0m
2026-08-16 03:16:55,624 /home/simon/Documents/scripts/views_platform/views-hydranet/views_hydranet/manager/hydranet_manager.py [hydranet_manager.py:175] [2794134] [MainThread] - INFO - 🕒 HydranetManager: Initialized run with timestamp 160826_0316
2026-08-16 03:16:55,625 /home/simon/Documents/scripts/views_platform/views-pipeline-core/views_pipeline_core/modules/validation/core_config_sniffer.py [core_config_sniffer.py:465] [2794134] [MainThread] - WARNING - Model 'truncated_smoke' uses the legacy deployment_status='shadow'. This is accepted during the ADR-057 transition window and reads as maturity='candidate'. Rename config_deployment.py to config_maturity.py and replace the key. The window closes when views-models reports no configs on the legacy vocabulary; after that this becomes an error.
2026-08-16 03:16:55,625 /home/simon/Documents/scripts/views_platform/views-pipeline-core/views_pipeline_core/modules/validation/core_config_sniffer.py [core_config_sniffer.py:648] [2794134] [MainThread] - INFO - CoreConfigSniffer: Evaluation contract verified — 13 rolling-origin sequence(s), stride=1.
2026-08-16 03:16:55,625 /home/simon/Documents/scripts/views_platform/views-pipeline-core/views_pipeline_core/modules/validation/core_config_sniffer.py [core_config_sniffer.py:652] [2794134] [MainThread] - INFO -   Seq   0: origin 456, months 457..492
2026-08-16 03:16:55,625 /home/simon/Documents/scripts/views_platform/views-pipeline-core/views_pipeline_core/modules/validation/core_config_sniffer.py [core_config_sniffer.py:658] [2794134] [MainThread] - INFO -   Seq  12: origin 468, months 469..504
2026-08-16 03:16:55,625 /home/simon/Documents/scripts/views_platform/views-pipeline-core/views_pipeline_core/modules/validation/core_config_sniffer.py [core_config_sniffer.py:235] [2794134] [MainThread] - INFO - CoreConfigSniffer: Config audited (run_type='calibration').
2026-08-16 03:16:58,074 /home/simon/Documents/scripts/views_platform/views-pipeline-core/views_pipeline_core/modules/dataloaders/dataloaders.py [dataloaders.py:1071] [2794134] [MainThread] - INFO - Reading saved data from /home/simon/Documents/scripts/views_platform/views-models/models/truncated_smoke/data/raw/calibration_datafactory_df.parquet
2026-08-16 03:16:58,135 /home/simon/Documents/scripts/views_platform/views-pipeline-core/views_pipeline_core/modules/validation/core_data_sniffer.py [core_data_sniffer.py:130] [2794134] [MainThread] - INFO - CoreDataSniffer: Loaded data audited (partition='calibration', level='pgm').
2026-08-16 03:16:58,135 /home/simon/Documents/scripts/views_platform/views-pipeline-core/views_pipeline_core/modules/wandb/wandb.py [wandb.py:254] [2794134] [MainThread] - INFO - WandB alert sent: Queryset Fetch Complete (calibration)
2026-08-16 03:17:01,416 /home/simon/Documents/scripts/views_platform/views-pipeline-core/views_pipeline_core/managers/model/model.py [model.py:1414] [2794134] [MainThread] - INFO - Evaluating model truncated_smoke...
2026-08-16 03:17:01,416 /home/simon/Documents/scripts/views_platform/views-pipeline-core/views_pipeline_core/managers/model/model.py [model.py:1424] [2794134] [MainThread] - INFO - Declared temporal window: base_origin=456, step 1 → month 457, step 36 → month 492 (36 steps total). Model inference starting.
2026-08-16 03:17:01,416 /home/simon/Documents/scripts/views_platform/views-pipeline-core/views_pipeline_core/data/model_path.py [model_path.py:795] [2794134] [MainThread] - INFO - Artifact used (named): /home/simon/Documents/scripts/views_platform/views-models/models/truncated_smoke/artifacts/calibration_model_20260814_003058.pt
2026-08-16 03:17:01,416 /home/simon/Documents/scripts/views_platform/views-pipeline-core/views_pipeline_core/data/model_path.py [model_path.py:766] [2794134] [MainThread] - INFO - Artifact used: /home/simon/Documents/scripts/views_platform/views-models/models/truncated_smoke/artifacts/calibration_model_20260814_095322.pt
2026-08-16 03:17:01,416 /home/simon/Documents/scripts/views_platform/views-hydranet/views_hydranet/utils/model_artifact_fetcher.py [model_artifact_fetcher.py:61] [2794134] [MainThread] - INFO - Retriever: Using specific model artifact: calibration_model_20260814_003058.pt
2026-08-16 03:17:01,419 /home/simon/Documents/scripts/views_platform/views-hydranet/views_hydranet/utils/model_artifact_fetcher.py [model_artifact_fetcher.py:98] [2794134] [MainThread] - INFO - Retriever: SHA-256 verified for calibration_model_20260814_003058.pt
2026-08-16 03:17:01,528 /home/simon/Documents/scripts/views_platform/views-hydranet/views_hydranet/utils/model_artifact_fetcher.py [model_artifact_fetcher.py:120] [2794134] [MainThread] - INFO - Retriever: Loaded state_dict artifact (weights_only=True)

👾====================================================================================================
  DEVICE REPORT — STANDARD
  --------------------------------------------------------------------------------------------------
  Device:    cuda  (GPU)
  GPU Name:  NVIDIA GeForce RTX 4070 Laptop GPU
  VRAM:      7,942 MiB
  GPU Count: 1
👾====================================================================================================

2026-08-16 03:17:01,591 /home/simon/Documents/scripts/views_platform/views-hydranet/views_hydranet/utils/config_initializer.py [config_initializer.py:426] [2794134] [MainThread] - WARNING - 
╔══════════════════════════════════════════════════════════════╗
║  HydraNetConfig WARNING: aggregate_method is IGNORED         ║
║                                                              ║
║  evaluation_mode='stochastic' preserves the full posterior.  ║
║  The aggregate_method='arithmetic_mean' setting has NO effect.       ║
║                                                              ║
║  To activate aggregation, set evaluation_mode='point'.       ║
╚══════════════════════════════════════════════════════════════╝
2026-08-16 03:17:01,592 /home/simon/Documents/scripts/views_platform/views-hydranet/views_hydranet/infrastructure/reproducibility_gate.py [reproducibility_gate.py:82] [2794134] [MainThread] - INFO - Entropy locked: numpy/random seed=42, torch seed=42, deterministic_algorithms=True
2026-08-16 03:17:01,592 /home/simon/Documents/scripts/views_platform/views-hydranet/views_hydranet/utils/disk_guard.py [disk_guard.py:52] [2794134] [MainThread] - INFO - disk-headroom check: 77.6 GB free at '.' (budget 10.0 GB)
2026-08-16 03:17:01,592 /home/simon/Documents/scripts/views_platform/views-hydranet/views_hydranet/manager/hydranet_manager.py [hydranet_manager.py:190] [2794134] [MainThread] - INFO - 🛡️  Running Pre-Flight Validation...
2026-08-16 03:17:01,592 /home/simon/Documents/scripts/views_platform/views-hydranet/views_hydranet/manager/hydranet_manager.py [hydranet_manager.py:205] [2794134] [MainThread] - INFO - ✅ Architecture: Head Count Aligned (3+3)
2026-08-16 03:17:01,592 /home/simon/Documents/scripts/views_platform/views-hydranet/views_hydranet/utils/data_fetcher.py [data_fetcher.py:58] [2794134] [MainThread] - INFO - DataFetcher: Loading calibration from /home/simon/Documents/scripts/views_platform/views-models/models/truncated_smoke/data/raw/calibration_datafactory_df.parquet

👾====================================================================================================
  DATA LOAD COMPLETE: CALIBRATION
  --------------------------------------------------------------------------------------------------
  Source Path: /home/simon/Documents/scripts/views_platform/views-models/models/truncated_smoke/data/raw/calibration_datafactory_df.parquet
  Rows Loaded: 5,034,240
  Columns:     ['lr_sb_best', 'lr_ns_best', 'lr_os_best', 'c_id', 'row', 'col']
👾====================================================================================================

2026-08-16 03:17:02,130 /home/simon/Documents/scripts/views_platform/views-hydranet/views_hydranet/utils/data_sniffer.py [data_sniffer.py:51] [2794134] [MainThread] - INFO - DataSniffer: Starting Ingestion Suite (Raw Space)
2026-08-16 03:17:02,414 /home/simon/Documents/scripts/views_platform/views-hydranet/views_hydranet/utils/data_sniffer.py [data_sniffer.py:59] [2794134] [MainThread] - INFO - DataSniffer: Ingestion Suite Passed.
2026-08-16 03:17:02,589 /home/simon/Documents/scripts/views_platform/views-hydranet/views_hydranet/utils/feature_scaler.py [feature_scaler.py:99] [2794134] [MainThread] - INFO - 💫 FeatureScaler: Entering Semantic Space (3 features to transform)
2026-08-16 03:17:02,589 /home/simon/Documents/scripts/views_platform/views-hydranet/views_hydranet/utils/feature_scaler.py [feature_scaler.py:108] [2794134] [MainThread] - INFO -   → Applying [log1p] to 3 features
2026-08-16 03:17:02,803 /home/simon/Documents/scripts/views_platform/views-hydranet/views_hydranet/utils/feature_scaler.py [feature_scaler.py:153] [2794134] [MainThread] - INFO - 

➡️==============================================================================
  FEATURE SCALER: SEMANTIC SPACE REPORT
  ----------------------------------------------------------------------------
  [  log1p   ] lr_sb_best.................... min:     0.0000 | max:    11.6386
  [  log1p   ] lr_ns_best.................... min:     0.0000 | max:     7.6014
  [  log1p   ] lr_os_best.................... min:     0.0000 | max:    12.0921
➡️==============================================================================

2026-08-16 03:17:04,432 /home/simon/Documents/scripts/views_platform/views-hydranet/views_hydranet/utils/data_sniffer.py [data_sniffer.py:68] [2794134] [MainThread] - INFO - DataSniffer: Starting History Alignment Suite
2026-08-16 03:17:04,502 /home/simon/Documents/scripts/views_platform/views-hydranet/views_hydranet/utils/data_sniffer.py [data_sniffer.py:158] [2794134] [MainThread] - INFO - DataSniffer: Temporal and Geographic Alignment Passed.
2026-08-16 03:17:04,609 /home/simon/Documents/scripts/views_platform/views-hydranet/reports/2026-08-16_feedback_realism_dossier/tools/realism_arm_entry.py [realism_arm_entry.py:53] [2794134] [MainThread] - INFO - 🧪 RealismArmManager: feedback arm = 'thin:0.75' (None = production, the model's own field)
2026-08-16 03:17:04,609 /home/simon/Documents/scripts/views_platform/views-hydranet/views_hydranet/utils/inference_orchestrator.py [inference_orchestrator.py:225] [2794134] [MainThread] - INFO - 💠 InferenceOrchestrator: Initiating BACKTEST streaming pass (13 origins) [pandas-free PredictionFrame path].
2026-08-16 03:17:04,609 /home/simon/Documents/scripts/views_platform/views-hydranet/views_hydranet/utils/hydranet_inference.py [hydranet_inference.py:149] [2794134] [MainThread] - INFO - Using device: cuda
2026-08-16 03:17:04,611 /home/simon/Documents/scripts/views_platform/views-hydranet/views_hydranet/utils/hydranet_inference.py [hydranet_inference.py:255] [2794134] [MainThread] - INFO - HydraNetInference initialized successfully.
2026-08-16 03:17:04,984 /home/simon/Documents/scripts/views_platform/views-hydranet/views_hydranet/utils/disk_guard.py [disk_guard.py:109] [2794134] [MainThread] - INFO - cube-fit check: 0.42 GB needed vs 8.97 GB available RAM (headroom 0.85)
2026-08-16 03:18:46,596 /home/simon/Documents/scripts/views_platform/views-hydranet/views_hydranet/utils/feature_scaler.py [feature_scaler.py:210] [2794134] [MainThread] - INFO - 🔙 FeatureScaler: Inverting Volume (36, 180, 180, 11, 16) to Raw Space
2026-08-16 03:18:48,410 /home/simon/Documents/scripts/views_platform/views-hydranet/views_hydranet/utils/disk_guard.py [disk_guard.py:109] [2794134] [MainThread] - INFO - cube-fit check: 0.42 GB needed vs 8.68 GB available RAM (headroom 0.85)
2026-08-16 03:20:34,650 /home/simon/Documents/scripts/views_platform/views-hydranet/views_hydranet/utils/feature_scaler.py [feature_scaler.py:210] [2794134] [MainThread] - INFO - 🔙 FeatureScaler: Inverting Volume (36, 180, 180, 11, 16) to Raw Space
2026-08-16 03:20:36,453 /home/simon/Documents/scripts/views_platform/views-hydranet/views_hydranet/utils/disk_guard.py [disk_guard.py:109] [2794134] [MainThread] - INFO - cube-fit check: 0.42 GB needed vs 8.12 GB available RAM (headroom 0.85)
2026-08-16 03:22:11,936 /home/simon/Documents/scripts/views_platform/views-hydranet/views_hydranet/utils/feature_scaler.py [feature_scaler.py:210] [2794134] [MainThread] - INFO - 🔙 FeatureScaler: Inverting Volume (36, 180, 180, 11, 16) to Raw Space
2026-08-16 03:22:13,744 /home/simon/Documents/scripts/views_platform/views-hydranet/views_hydranet/utils/disk_guard.py [disk_guard.py:109] [2794134] [MainThread] - INFO - cube-fit check: 0.42 GB needed vs 7.79 GB available RAM (headroom 0.85)
2026-08-16 03:24:08,651 /home/simon/Documents/scripts/views_platform/views-hydranet/views_hydranet/utils/feature_scaler.py [feature_scaler.py:210] [2794134] [MainThread] - INFO - 🔙 FeatureScaler: Inverting Volume (36, 180, 180, 11, 16) to Raw Space
2026-08-16 03:24:10,568 /home/simon/Documents/scripts/views_platform/views-hydranet/views_hydranet/utils/disk_guard.py [disk_guard.py:109] [2794134] [MainThread] - INFO - cube-fit check: 0.42 GB needed vs 7.42 GB available RAM (headroom 0.85)
2026-08-16 03:25:49,088 /home/simon/Documents/scripts/views_platform/views-hydranet/views_hydranet/utils/feature_scaler.py [feature_scaler.py:210] [2794134] [MainThread] - INFO - 🔙 FeatureScaler: Inverting Volume (36, 180, 180, 11, 16) to Raw Space
2026-08-16 03:25:50,882 /home/simon/Documents/scripts/views_platform/views-hydranet/views_hydranet/utils/disk_guard.py [disk_guard.py:109] [2794134] [MainThread] - INFO - cube-fit check: 0.42 GB needed vs 7.01 GB available RAM (headroom 0.85)
2026-08-16 03:27:23,432 /home/simon/Documents/scripts/views_platform/views-hydranet/views_hydranet/utils/feature_scaler.py [feature_scaler.py:210] [2794134] [MainThread] - INFO - 🔙 FeatureScaler: Inverting Volume (36, 180, 180, 11, 16) to Raw Space
2026-08-16 03:27:25,261 /home/simon/Documents/scripts/views_platform/views-hydranet/views_hydranet/utils/disk_guard.py [disk_guard.py:109] [2794134] [MainThread] - INFO - cube-fit check: 0.42 GB needed vs 6.55 GB available RAM (headroom 0.85)
2026-08-16 03:29:00,544 /home/simon/Documents/scripts/views_platform/views-hydranet/views_hydranet/utils/feature_scaler.py [feature_scaler.py:210] [2794134] [MainThread] - INFO - 🔙 FeatureScaler: Inverting Volume (36, 180, 180, 11, 16) to Raw Space
2026-08-16 03:29:02,389 /home/simon/Documents/scripts/views_platform/views-hydranet/views_hydranet/utils/disk_guard.py [disk_guard.py:109] [2794134] [MainThread] - INFO - cube-fit check: 0.42 GB needed vs 6.01 GB available RAM (headroom 0.85)
2026-08-16 03:30:42,451 /home/simon/Documents/scripts/views_platform/views-hydranet/views_hydranet/utils/feature_scaler.py [feature_scaler.py:210] [2794134] [MainThread] - INFO - 🔙 FeatureScaler: Inverting Volume (36, 180, 180, 11, 16) to Raw Space
2026-08-16 03:30:44,318 /home/simon/Documents/scripts/views_platform/views-hydranet/views_hydranet/utils/disk_guard.py [disk_guard.py:109] [2794134] [MainThread] - INFO - cube-fit check: 0.42 GB needed vs 5.73 GB available RAM (headroom 0.85)
2026-08-16 03:32:23,774 /home/simon/Documents/scripts/views_platform/views-hydranet/views_hydranet/utils/feature_scaler.py [feature_scaler.py:210] [2794134] [MainThread] - INFO - 🔙 FeatureScaler: Inverting Volume (36, 180, 180, 11, 16) to Raw Space
2026-08-16 03:32:25,735 /home/simon/Documents/scripts/views_platform/views-hydranet/views_hydranet/utils/disk_guard.py [disk_guard.py:109] [2794134] [MainThread] - INFO - cube-fit check: 0.42 GB needed vs 5.31 GB available RAM (headroom 0.85)
2026-08-16 03:34:09,678 /home/simon/Documents/scripts/views_platform/views-hydranet/views_hydranet/utils/feature_scaler.py [feature_scaler.py:210] [2794134] [MainThread] - INFO - 🔙 FeatureScaler: Inverting Volume (36, 180, 180, 11, 16) to Raw Space
2026-08-16 03:34:11,533 /home/simon/Documents/scripts/views_platform/views-hydranet/views_hydranet/utils/disk_guard.py [disk_guard.py:109] [2794134] [MainThread] - INFO - cube-fit check: 0.42 GB needed vs 4.96 GB available RAM (headroom 0.85)
2026-08-16 03:35:55,499 /home/simon/Documents/scripts/views_platform/views-hydranet/views_hydranet/utils/feature_scaler.py [feature_scaler.py:210] [2794134] [MainThread] - INFO - 🔙 FeatureScaler: Inverting Volume (36, 180, 180, 11, 16) to Raw Space
2026-08-16 03:35:57,308 /home/simon/Documents/scripts/views_platform/views-hydranet/views_hydranet/utils/disk_guard.py [disk_guard.py:109] [2794134] [MainThread] - INFO - cube-fit check: 0.42 GB needed vs 4.51 GB available RAM (headroom 0.85)
2026-08-16 03:37:33,424 /home/simon/Documents/scripts/views_platform/views-hydranet/views_hydranet/utils/feature_scaler.py [feature_scaler.py:210] [2794134] [MainThread] - INFO - 🔙 FeatureScaler: Inverting Volume (36, 180, 180, 11, 16) to Raw Space
2026-08-16 03:37:35,237 /home/simon/Documents/scripts/views_platform/views-hydranet/views_hydranet/utils/disk_guard.py [disk_guard.py:109] [2794134] [MainThread] - INFO - cube-fit check: 0.42 GB needed vs 3.95 GB available RAM (headroom 0.85)
2026-08-16 03:39:18,499 /home/simon/Documents/scripts/views_platform/views-hydranet/views_hydranet/utils/feature_scaler.py [feature_scaler.py:210] [2794134] [MainThread] - INFO - 🔙 FeatureScaler: Inverting Volume (36, 180, 180, 11, 16) to Raw Space
2026-08-16 03:39:19,920 /home/simon/Documents/scripts/views_platform/views-hydranet/views_hydranet/utils/inference_orchestrator.py [inference_orchestrator.py:271] [2794134] [MainThread] - INFO - ✅ InferenceOrchestrator: Streamed 13 origin(s) [pandas-free PredictionFrame streaming path].
2026-08-16 03:39:19,920 /home/simon/Documents/scripts/views_platform/views-pipeline-core/views_pipeline_core/modules/wandb/wandb.py [wandb.py:254] [2794134] [MainThread] - INFO - WandB alert sent: Evaluation Predictions Saved
2026-08-16 03:39:19,921 /home/simon/Documents/scripts/views_platform/views-pipeline-core/views_pipeline_core/files/utils.py [utils.py:147] [2794134] [MainThread] - INFO - Log file created at /home/simon/Documents/scripts/views_platform/views-models/models/truncated_smoke/data/generated/calibration_log.txt
2026-08-16 03:39:20,419 /home/simon/Documents/scripts/views_platform/views-pipeline-core/views_pipeline_core/managers/evaluation/stage.py [stage.py:289] [2794134] [MainThread] - INFO - Raw data read from /home/simon/Documents/scripts/views_platform/views-models/models/truncated_smoke/data/raw/calibration_datafactory_df.parquet
2026-08-16 03:39:20,420 /home/simon/Documents/scripts/views_platform/views-hydranet/views_hydranet/manager/hydranet_manager.py [hydranet_manager.py:183] [2794134] [MainThread] - INFO - 🛠️ HydranetManager: Manufacturing derived signals for evaluation.
2026-08-16 03:39:20,762 /home/simon/Documents/scripts/views_platform/views-pipeline-core/views_pipeline_core/managers/evaluation/stage.py [stage.py:128] [2794134] [MainThread] - INFO - Processing regression tasks for evaluation...
2026-08-16 03:39:20,762 /home/simon/Documents/scripts/views_platform/views-pipeline-core/views_pipeline_core/managers/evaluation/stage.py [stage.py:131] [2794134] [MainThread] - INFO - Calculating regression evaluation metrics for lr_sb_best
2026-08-16 03:39:29,519 /home/simon/Documents/scripts/views_platform/views-pipeline-core/views_pipeline_core/managers/evaluation/stage.py [stage.py:446] [2794134] [MainThread] - INFO - Persisted MetricFrame (evaluation-of-record) for 'lr_sb_best' -> /home/simon/Documents/scripts/views_platform/views-models/models/truncated_smoke/data/generated/truncated_smoke/calibration/metricframe_lr_sb_best
2026-08-16 03:39:30,699 /home/simon/Documents/scripts/views_platform/views-pipeline-core/views_pipeline_core/modules/wandb/wandb.py [wandb.py:254] [2794134] [MainThread] - INFO - WandB alert sent: Model Outputs Saved
2026-08-16 03:39:30,699 /home/simon/Documents/scripts/views_platform/views-pipeline-core/views_pipeline_core/managers/evaluation/stage.py [stage.py:131] [2794134] [MainThread] - INFO - Calculating regression evaluation metrics for lr_ns_best
2026-08-16 03:39:39,331 /home/simon/Documents/scripts/views_platform/views-pipeline-core/views_pipeline_core/managers/evaluation/stage.py [stage.py:446] [2794134] [MainThread] - INFO - Persisted MetricFrame (evaluation-of-record) for 'lr_ns_best' -> /home/simon/Documents/scripts/views_platform/views-models/models/truncated_smoke/data/generated/truncated_smoke/calibration/metricframe_lr_ns_best
2026-08-16 03:39:40,147 /home/simon/Documents/scripts/views_platform/views-pipeline-core/views_pipeline_core/modules/wandb/wandb.py [wandb.py:254] [2794134] [MainThread] - INFO - WandB alert sent: Model Outputs Saved
2026-08-16 03:39:40,147 /home/simon/Documents/scripts/views_platform/views-pipeline-core/views_pipeline_core/managers/evaluation/stage.py [stage.py:131] [2794134] [MainThread] - INFO - Calculating regression evaluation metrics for lr_os_best
2026-08-16 03:39:48,643 /home/simon/Documents/scripts/views_platform/views-pipeline-core/views_pipeline_core/managers/evaluation/stage.py [stage.py:446] [2794134] [MainThread] - INFO - Persisted MetricFrame (evaluation-of-record) for 'lr_os_best' -> /home/simon/Documents/scripts/views_platform/views-models/models/truncated_smoke/data/generated/truncated_smoke/calibration/metricframe_lr_os_best
2026-08-16 03:39:49,438 /home/simon/Documents/scripts/views_platform/views-pipeline-core/views_pipeline_core/modules/wandb/wandb.py [wandb.py:254] [2794134] [MainThread] - INFO - WandB alert sent: Model Outputs Saved
2026-08-16 03:39:49,438 /home/simon/Documents/scripts/views_platform/views-pipeline-core/views_pipeline_core/managers/evaluation/stage.py [stage.py:128] [2794134] [MainThread] - INFO - Processing classification tasks for evaluation...
2026-08-16 03:39:49,438 /home/simon/Documents/scripts/views_platform/views-pipeline-core/views_pipeline_core/managers/evaluation/stage.py [stage.py:131] [2794134] [MainThread] - INFO - Calculating classification evaluation metrics for by_sb_best
2026-08-16 03:39:54,466 /home/simon/Documents/scripts/views_platform/views-pipeline-core/views_pipeline_core/managers/evaluation/stage.py [stage.py:446] [2794134] [MainThread] - INFO - Persisted MetricFrame (evaluation-of-record) for 'by_sb_best' -> /home/simon/Documents/scripts/views_platform/views-models/models/truncated_smoke/data/generated/truncated_smoke/calibration/metricframe_by_sb_best
2026-08-16 03:39:55,270 /home/simon/Documents/scripts/views_platform/views-pipeline-core/views_pipeline_core/modules/wandb/wandb.py [wandb.py:254] [2794134] [MainThread] - INFO - WandB alert sent: Model Outputs Saved
2026-08-16 03:39:55,270 /home/simon/Documents/scripts/views_platform/views-pipeline-core/views_pipeline_core/managers/evaluation/stage.py [stage.py:131] [2794134] [MainThread] - INFO - Calculating classification evaluation metrics for by_ns_best
2026-08-16 03:40:00,180 /home/simon/Documents/scripts/views_platform/views-pipeline-core/views_pipeline_core/managers/evaluation/stage.py [stage.py:446] [2794134] [MainThread] - INFO - Persisted MetricFrame (evaluation-of-record) for 'by_ns_best' -> /home/simon/Documents/scripts/views_platform/views-models/models/truncated_smoke/data/generated/truncated_smoke/calibration/metricframe_by_ns_best
2026-08-16 03:40:01,024 /home/simon/Documents/scripts/views_platform/views-pipeline-core/views_pipeline_core/modules/wandb/wandb.py [wandb.py:254] [2794134] [MainThread] - INFO - WandB alert sent: Model Outputs Saved
2026-08-16 03:40:01,024 /home/simon/Documents/scripts/views_platform/views-pipeline-core/views_pipeline_core/managers/evaluation/stage.py [stage.py:131] [2794134] [MainThread] - INFO - Calculating classification evaluation metrics for by_os_best
2026-08-16 03:40:05,909 /home/simon/Documents/scripts/views_platform/views-pipeline-core/views_pipeline_core/managers/evaluation/stage.py [stage.py:446] [2794134] [MainThread] - INFO - Persisted MetricFrame (evaluation-of-record) for 'by_os_best' -> /home/simon/Documents/scripts/views_platform/views-models/models/truncated_smoke/data/generated/truncated_smoke/calibration/metricframe_by_os_best
2026-08-16 03:40:06,766 /home/simon/Documents/scripts/views_platform/views-pipeline-core/views_pipeline_core/modules/wandb/wandb.py [wandb.py:254] [2794134] [MainThread] - INFO - WandB alert sent: Model Outputs Saved
2026-08-16 03:40:06,775 /home/simon/Documents/scripts/views_platform/views-pipeline-core/views_pipeline_core/managers/prediction/io.py [io.py:258] [2794134] [MainThread] - INFO - Evaluation metrics:
+----+---------------------------------------------------+--------------+
|    | Metric                                            |        Value |
+====+===================================================+==============+
| 11 | month-wise/by_ns_best/Brier_cls_sample            |   0.00219068 |
+----+---------------------------------------------------+--------------+
| 27 | month-wise/by_ns_best/Brier_cls_sample_mean       |   0.0029406  |
+----+---------------------------------------------------+--------------+
| 28 | month-wise/by_os_best/Brier_cls_sample            |   0.00502197 |
+----+---------------------------------------------------+--------------+
| 41 | month-wise/by_os_best/Brier_cls_sample_mean       |   0.00448202 |
+----+---------------------------------------------------+--------------+
| 34 | month-wise/by_sb_best/Brier_cls_sample            |   0.010617   |
+----+---------------------------------------------------+--------------+
|  7 | month-wise/by_sb_best/Brier_cls_sample_mean       |   0.00837633 |
+----+---------------------------------------------------+--------------+
| 43 | month-wise/lr_ns_best/CRPS                        |   0.0215198  |
+----+---------------------------------------------------+--------------+
| 55 | month-wise/lr_ns_best/CRPS_mean                   |   0.0467523  |
+----+---------------------------------------------------+--------------+
| 15 | month-wise/lr_ns_best/MCR_sample                  |   0.454091   |
+----+---------------------------------------------------+--------------+
|  1 | month-wise/lr_ns_best/MCR_sample_mean             |   0.309735   |
+----+---------------------------------------------------+--------------+
| 59 | month-wise/lr_ns_best/QS_sample                   |   0.0216796  |
+----+---------------------------------------------------+--------------+
| 54 | month-wise/lr_ns_best/QS_sample_mean              |   0.0455148  |
+----+---------------------------------------------------+--------------+
|  2 | month-wise/lr_os_best/CRPS                        |   0.0883808  |
+----+---------------------------------------------------+--------------+
| 25 | month-wise/lr_os_best/CRPS_mean                   |   0.0437465  |
+----+---------------------------------------------------+--------------+
| 24 | month-wise/lr_os_best/MCR_sample                  |   0.0344344  |
+----+---------------------------------------------------+--------------+
| 21 | month-wise/lr_os_best/MCR_sample_mean             |   0.200798   |
+----+---------------------------------------------------+--------------+
| 31 | month-wise/lr_os_best/QS_sample                   |   0.087235   |
+----+---------------------------------------------------+--------------+
| 51 | month-wise/lr_os_best/QS_sample_mean              |   0.042851   |
+----+---------------------------------------------------+--------------+
| 12 | month-wise/lr_sb_best/CRPS                        |   8.8014     |
+----+---------------------------------------------------+--------------+
| 23 | month-wise/lr_sb_best/CRPS_mean                   |   0.334375   |
+----+---------------------------------------------------+--------------+
|  3 | month-wise/lr_sb_best/MCR_sample                  |   0.00297106 |
+----+---------------------------------------------------+--------------+
| 29 | month-wise/lr_sb_best/MCR_sample_mean             |   0.340818   |
+----+---------------------------------------------------+--------------+
| 22 | month-wise/lr_sb_best/QS_sample                   |   8.70709    |
+----+---------------------------------------------------+--------------+
| 63 | month-wise/lr_sb_best/QS_sample_mean              |   0.323866   |
+----+---------------------------------------------------+--------------+
| 66 | month-wise/month                                  | 504          |
+----+---------------------------------------------------+--------------+
| 26 | step-wise/by_ns_best/Brier_cls_sample             |   0.00228672 |
+----+---------------------------------------------------+--------------+
| 74 | step-wise/by_ns_best/Brier_cls_sample_mean        |   0.00295113 |
+----+---------------------------------------------------+--------------+
| 48 | step-wise/by_os_best/Brier_cls_sample             |   0.00465902 |
+----+---------------------------------------------------+--------------+
| 71 | step-wise/by_os_best/Brier_cls_sample_mean        |   0.00457519 |
+----+---------------------------------------------------+--------------+
| 56 | step-wise/by_sb_best/Brier_cls_sample             |   0.00984511 |
+----+---------------------------------------------------+--------------+
| 57 | step-wise/by_sb_best/Brier_cls_sample_mean        |   0.00823707 |
+----+---------------------------------------------------+--------------+
| 32 | step-wise/lr_ns_best/CRPS                         |   0.0278362  |
+----+---------------------------------------------------+--------------+
| 33 | step-wise/lr_ns_best/CRPS_mean                    |   0.0438304  |
+----+---------------------------------------------------+--------------+
| 67 | step-wise/lr_ns_best/MCR_sample                   |   0.341856   |
+----+---------------------------------------------------+--------------+
|  9 | step-wise/lr_ns_best/MCR_sample_mean              |   0.256569   |
+----+---------------------------------------------------+--------------+
| 42 | step-wise/lr_ns_best/QS_sample                    |   0.0278372  |
+----+---------------------------------------------------+--------------+
| 68 | step-wise/lr_ns_best/QS_sample_mean               |   0.0427801  |
+----+---------------------------------------------------+--------------+
| 44 | step-wise/lr_os_best/CRPS                         |   0.0673355  |
+----+---------------------------------------------------+--------------+
| 64 | step-wise/lr_os_best/CRPS_mean                    |   0.045293   |
+----+---------------------------------------------------+--------------+
| 13 | step-wise/lr_os_best/MCR_sample                   |   0.0697489  |
+----+---------------------------------------------------+--------------+
| 47 | step-wise/lr_os_best/MCR_sample_mean              |   0.149095   |
+----+---------------------------------------------------+--------------+
| 65 | step-wise/lr_os_best/QS_sample                    |   0.0664578  |
+----+---------------------------------------------------+--------------+
| 10 | step-wise/lr_os_best/QS_sample_mean               |   0.0443654  |
+----+---------------------------------------------------+--------------+
| 46 | step-wise/lr_sb_best/CRPS                         |   0.873599   |
+----+---------------------------------------------------+--------------+
|  5 | step-wise/lr_sb_best/CRPS_mean                    |   0.159236   |
+----+---------------------------------------------------+--------------+
| 49 | step-wise/lr_sb_best/MCR_sample                   |   0.0329105  |
+----+---------------------------------------------------+--------------+
|  4 | step-wise/lr_sb_best/MCR_sample_mean              |   0.284432   |
+----+---------------------------------------------------+--------------+
| 58 | step-wise/lr_sb_best/QS_sample                    |   0.851808   |
+----+---------------------------------------------------+--------------+
| 70 | step-wise/lr_sb_best/QS_sample_mean               |   0.151096   |
+----+---------------------------------------------------+--------------+
| 36 | step-wise/step                                    |  36          |
+----+---------------------------------------------------+--------------+
| 52 | time-series-wise/by_ns_best/Brier_cls_sample      |   0.00281014 |
+----+---------------------------------------------------+--------------+
| 40 | time-series-wise/by_ns_best/Brier_cls_sample_mean |   0.00295113 |
+----+---------------------------------------------------+--------------+
| 45 | time-series-wise/by_os_best/Brier_cls_sample      |   0.00464598 |
+----+---------------------------------------------------+--------------+
| 35 | time-series-wise/by_os_best/Brier_cls_sample_mean |   0.00457519 |
+----+---------------------------------------------------+--------------+
| 73 | time-series-wise/by_sb_best/Brier_cls_sample      |   0.00873185 |
+----+---------------------------------------------------+--------------+
| 17 | time-series-wise/by_sb_best/Brier_cls_sample_mean |   0.00823707 |
+----+---------------------------------------------------+--------------+
| 60 | time-series-wise/lr_ns_best/CRPS                  |   0.0347331  |
+----+---------------------------------------------------+--------------+
| 20 | time-series-wise/lr_ns_best/CRPS_mean             |   0.0438304  |
+----+---------------------------------------------------+--------------+
|  8 | time-series-wise/lr_ns_best/MCR_sample            |   0.305623   |
+----+---------------------------------------------------+--------------+
| 19 | time-series-wise/lr_ns_best/MCR_sample_mean       |   0.239089   |
+----+---------------------------------------------------+--------------+
| 30 | time-series-wise/lr_ns_best/QS_sample             |   0.0341634  |
+----+---------------------------------------------------+--------------+
| 16 | time-series-wise/lr_ns_best/QS_sample_mean        |   0.0427801  |
+----+---------------------------------------------------+--------------+
| 39 | time-series-wise/lr_os_best/CRPS                  |   0.0496312  |
+----+---------------------------------------------------+--------------+
| 61 | time-series-wise/lr_os_best/CRPS_mean             |   0.045293   |
+----+---------------------------------------------------+--------------+
| 14 | time-series-wise/lr_os_best/MCR_sample            |   0.103295   |
+----+---------------------------------------------------+--------------+
|  6 | time-series-wise/lr_os_best/MCR_sample_mean       |   0.130018   |
+----+---------------------------------------------------+--------------+
| 50 | time-series-wise/lr_os_best/QS_sample             |   0.0484817  |
+----+---------------------------------------------------+--------------+
| 72 | time-series-wise/lr_os_best/QS_sample_mean        |   0.0443654  |
+----+---------------------------------------------------+--------------+
| 18 | time-series-wise/lr_sb_best/CRPS                  |   0.396918   |
+----+---------------------------------------------------+--------------+
| 38 | time-series-wise/lr_sb_best/CRPS_mean             |   0.159236   |
+----+---------------------------------------------------+--------------+
| 62 | time-series-wise/lr_sb_best/MCR_sample            |   0.0877261  |
+----+---------------------------------------------------+--------------+
|  0 | time-series-wise/lr_sb_best/MCR_sample_mean       |   0.265939   |
+----+---------------------------------------------------+--------------+
| 69 | time-series-wise/lr_sb_best/QS_sample             |   0.387295   |
+----+---------------------------------------------------+--------------+
| 37 | time-series-wise/lr_sb_best/QS_sample_mean        |   0.151096   |
+----+---------------------------------------------------+--------------+
| 53 | time-series-wise/time-series                      |  12          |
+----+---------------------------------------------------+--------------+
2026-08-16 03:40:06,775 /home/simon/Documents/scripts/views_platform/views-pipeline-core/views_pipeline_core/modules/wandb/wandb.py [wandb.py:254] [2794134] [MainThread] - INFO - WandB alert sent: Metrics for truncated_smoke
2026-08-16 03:40:07,119 /home/simon/Documents/scripts/views_platform/views-pipeline-core/views_pipeline_core/modules/wandb/wandb.py [wandb.py:254] [2794134] [MainThread] - INFO - WandB alert sent: Evaluation for model truncated_smoke completed successfully.
2026-08-16 03:40:11,711 /home/simon/Documents/scripts/views_platform/views-pipeline-core/views_pipeline_core/managers/model/model.py [model.py:1235] [2794134] [MainThread] - INFO - Done. Runtime: 23.182 minutes.

wrote /home/simon/Documents/scripts/views_platform/views-hydranet/reports/2026-08-16_feedback_realism_dossier/results/fedfield_truncated_smoke_thin_0.75.csv (5460 field records)
wandb: Using wandb-core as the SDK backend.  Please refer to https://wandb.me/wandb-core for more information.
wandb: Currently logged in as: simpol (nornir). Use `wandb login --relogin` to force relogin
wandb: Currently logged in as: simpol (views_pipeline). Use `wandb login --relogin` to force relogin
wandb: Tracking run with wandb version 0.18.7
wandb: Run data is saved locally in /home/simon/Documents/scripts/views_platform/views-models/models/truncated_smoke/wandb/run-20260816_031657-il9qauqm
wandb: Run `wandb offline` to turn off syncing.
wandb: Syncing run efficient-surf-43
wandb: ⭐️ View project at https://wandb.ai/views_pipeline/truncated_smoke_calibration
wandb: 🚀 View run at https://wandb.ai/views_pipeline/truncated_smoke_calibration/runs/il9qauqm
wandb:                                                                                
wandb: 🚀 View run efficient-surf-43 at: https://wandb.ai/views_pipeline/truncated_smoke_calibration/runs/il9qauqm
wandb: ⭐️ View project at: https://wandb.ai/views_pipeline/truncated_smoke_calibration
wandb: Synced 5 W&B file(s), 0 media file(s), 0 artifact file(s) and 0 other file(s)
wandb: Find logs at: ./wandb/run-20260816_031657-il9qauqm/logs
wandb: Tracking run with wandb version 0.18.7
wandb: Run data is saved locally in /home/simon/Documents/scripts/views_platform/views-models/models/truncated_smoke/wandb/run-20260816_031700-w4bkr3jm
wandb: Run `wandb offline` to turn off syncing.
wandb: Syncing run earnest-durian-44
wandb: ⭐️ View project at https://wandb.ai/views_pipeline/truncated_smoke_calibration
wandb: 🚀 View run at https://wandb.ai/views_pipeline/truncated_smoke_calibration/runs/w4bkr3jm

[Origin 1/13] 🎲 Drawing Posterior Samples:   0%|          | 0/1484 [00:00<?, ?step/s]
[Origin 1/13] 🎲 Drawing Posterior Samples:   0%|          | 1/1484 [00:00<06:40,  3.70step/s]
[Origin 1/13] 🎲 Drawing Posterior Samples:   0%|          | 7/1484 [00:00<01:05, 22.58step/s]
[Origin 1/13] 🎲 Drawing Posterior Samples:   1%|          | 13/1484 [00:00<00:44, 32.96step/s]
[Origin 1/13] 🎲 Drawing Posterior Samples:   1%|▏         | 19/1484 [00:00<00:37, 39.22step/s]
[Origin 1/13] 🎲 Drawing Posterior Samples:   2%|▏         | 25/1484 [00:00<00:33, 43.22step/s]
[Origin 1/13] 🎲 Drawing Posterior Samples:   2%|▏         | 31/1484 [00:00<00:31, 45.87step/s]
[Origin 1/13] 🎲 Drawing Posterior Samples:   2%|▏         | 37/1484 [00:00<00:30, 47.63step/s]
[Origin 1/13] 🎲 Drawing Posterior Samples:   3%|▎         | 43/1484 [00:01<00:29, 48.83step/s]
[Origin 1/13] 🎲 Drawing Posterior Samples:   3%|▎         | 49/1484 [00:01<00:28, 49.57step/s]
[Origin 1/13] 🎲 Drawing Posterior Samples:   4%|▎         | 55/1484 [00:01<00:28, 49.95step/s]
[Origin 1/13] 🎲 Drawing Posterior Samples:   4%|▍         | 61/1484 [00:01<00:28, 50.17step/s]
[Origin 1/13] 🎲 Drawing Posterior Samples:   5%|▍         | 67/1484 [00:01<00:28, 50.35step/s]
[Origin 1/13] 🎲 Drawing Posterior Samples:   5%|▍         | 73/1484 [00:01<00:27, 50.45step/s]
[Origin 1/13] 🎲 Drawing Posterior Samples:   5%|▌         | 79/1484 [00:01<00:27, 50.76step/s]
[Origin 1/13] 🎲 Drawing Posterior Samples:   6%|▌         | 85/1484 [00:01<00:27, 50.92step/s]
[Origin 1/13] 🎲 Drawing Posterior Samples:   6%|▌         | 91/1484 [00:02<00:27, 51.07step/s]
[Origin 1/13] 🎲 Drawing Posterior Samples:   7%|▋         | 97/1484 [00:02<00:27, 51.15step/s]
[Origin 1/13] 🎲 Drawing Posterior Samples:   7%|▋         | 103/1484 [00:02<00:26, 51.26step/s]
[Origin 1/13] 🎲 Drawing Posterior Samples:   7%|▋         | 109/1484 [00:02<00:26, 51.33step/s]
[Origin 1/13] 🎲 Drawing Posterior Samples:   8%|▊         | 115/1484 [00:02<00:26, 51.26step/s]
[Origin 1/13] 🎲 Drawing Posterior Samples:   8%|▊         | 121/1484 [00:02<00:26, 51.13step/s]
[Origin 1/13] 🎲 Drawing Posterior Samples:   9%|▊         | 127/1484 [00:02<00:26, 51.08step/s]
[Origin 1/13] 🎲 Drawing Posterior Samples:   9%|▉         | 133/1484 [00:02<00:26, 51.04step/s]
[Origin 1/13] 🎲 Drawing Posterior Samples:   9%|▉         | 139/1484 [00:02<00:26, 51.09step/s]
[Origin 1/13] 🎲 Drawing Posterior Samples:  10%|▉         | 145/1484 [00:03<00:26, 51.18step/s]
[Origin 1/13] 🎲 Drawing Posterior Samples:  10%|█         | 151/1484 [00:03<00:25, 51.28step/s]
[Origin 1/13] 🎲 Drawing Posterior Samples:  11%|█         | 157/1484 [00:03<00:25, 51.17step/s]
[Origin 1/13] 🎲 Drawing Posterior Samples:  11%|█         | 163/1484 [00:03<00:25, 51.40step/s]
[Origin 1/13] 🎲 Drawing Posterior Samples:  11%|█▏        | 169/1484 [00:03<00:25, 51.33step/s]
[Origin 1/13] 🎲 Drawing Posterior Samples:  12%|█▏        | 175/1484 [00:03<00:25, 51.18step/s]
[Origin 1/13] 🎲 Drawing Posterior Samples:  12%|█▏        | 181/1484 [00:03<00:25, 51.15step/s]
[Origin 1/13] 🎲 Drawing Posterior Samples:  13%|█▎        | 187/1484 [00:03<00:25, 51.11step/s]
[Origin 1/13] 🎲 Drawing Posterior Samples:  13%|█▎        | 193/1484 [00:04<00:25, 51.11step/s]
[Origin 1/13] 🎲 Drawing Posterior Samples:  13%|█▎        | 199/1484 [00:04<00:25, 51.13step/s]
[Origin 1/13] 🎲 Drawing Posterior Samples:  14%|█▍        | 205/1484 [00:04<00:24, 51.19step/s]
[Origin 1/13] 🎲 Drawing Posterior Samples:  14%|█▍        | 211/1484 [00:04<00:24, 51.24step/s]
[Origin 1/13] 🎲 Drawing Posterior Samples:  15%|█▍        | 217/1484 [00:04<00:24, 51.26step/s]
[Origin 1/13] 🎲 Drawing Posterior Samples:  15%|█▌        | 223/1484 [00:04<00:24, 51.26step/s]
[Origin 1/13] 🎲 Drawing Posterior Samples:  15%|█▌        | 229/1484 [00:04<00:24, 51.16step/s]
[Origin 1/13] 🎲 Drawing Posterior Samples:  16%|█▌        | 235/1484 [00:04<00:24, 51.12step/s]
[Origin 1/13] 🎲 Drawing Posterior Samples:  16%|█▌        | 241/1484 [00:04<00:24, 51.06step/s]
[Origin 1/13] 🎲 Drawing Posterior Samples:  17%|█▋        | 247/1484 [00:05<00:24, 51.04step/s]
[Origin 1/13] 🎲 Drawing Posterior Samples:  17%|█▋        | 253/1484 [00:05<00:24, 50.93step/s]
[Origin 1/13] 🎲 Drawing Posterior Samples:  17%|█▋        | 259/1484 [00:05<00:24, 51.02step/s]
[Origin 1/13] 🎲 Drawing Posterior Samples:  18%|█▊        | 265/1484 [00:05<00:23, 51.10step/s]
[Origin 1/13] 🎲 Drawing Posterior Samples:  18%|█▊        | 271/1484 [00:05<00:23, 51.17step/s]
[Origin 1/13] 🎲 Drawing Posterior Samples:  19%|█▊        | 277/1484 [00:05<00:23, 51.16step/s]
[Origin 1/13] 🎲 Drawing Posterior Samples:  19%|█▉        | 283/1484 [00:05<00:23, 51.09step/s]
[Origin 1/13] 🎲 Drawing Posterior Samples:  19%|█▉        | 289/1484 [00:05<00:23, 50.95step/s]
[Origin 1/13] 🎲 Drawing Posterior Samples:  20%|█▉        | 295/1484 [00:06<00:23, 50.93step/s]
[Origin 1/13] 🎲 Drawing Posterior Samples:  20%|██        | 301/1484 [00:06<00:23, 50.97step/s]
[Origin 1/13] 🎲 Drawing Posterior Samples:  21%|██        | 307/1484 [00:06<00:23, 50.91step/s]
[Origin 1/13] 🎲 Drawing Posterior Samples:  21%|██        | 313/1484 [00:06<00:25, 45.66step/s]
[Origin 1/13] 🎲 Drawing Posterior Samples:  21%|██▏       | 319/1484 [00:06<00:24, 47.33step/s]
[Origin 1/13] 🎲 Drawing Posterior Samples:  22%|██▏       | 325/1484 [00:06<00:23, 48.42step/s]
[Origin 1/13] 🎲 Drawing Posterior Samples:  22%|██▏       | 331/1484 [00:06<00:23, 49.26step/s]
[Origin 1/13] 🎲 Drawing Posterior Samples:  23%|██▎       | 336/1484 [00:07<00:35, 32.32step/s]
[Origin 1/13] 🎲 Drawing Posterior Samples:  23%|██▎       | 340/1484 [00:07<01:02, 18.42step/s]
[Origin 1/13] 🎲 Drawing Posterior Samples:  23%|██▎       | 344/1484 [00:08<01:18, 14.61step/s]
[Origin 1/13] 🎲 Drawing Posterior Samples:  23%|██▎       | 347/1484 [00:08<01:28, 12.91step/s]
[Origin 1/13] 🎲 Drawing Posterior Samples:  24%|██▎       | 349/1484 [00:08<01:36, 11.81step/s]
[Origin 1/13] 🎲 Drawing Posterior Samples:  24%|██▎       | 351/1484 [00:08<01:40, 11.30step/s]
[Origin 1/13] 🎲 Drawing Posterior Samples:  24%|██▍       | 353/1484 [00:09<01:42, 11.00step/s]
[Origin 1/13] 🎲 Drawing Posterior Samples:  24%|██▍       | 355/1484 [00:09<01:48, 10.44step/s]
[Origin 1/13] 🎲 Drawing Posterior Samples:  24%|██▍       | 357/1484 [00:09<01:48, 10.37step/s]
[Origin 1/13] 🎲 Drawing Posterior Samples:  24%|██▍       | 359/1484 [00:09<01:47, 10.48step/s]
[Origin 1/13] 🎲 Drawing Posterior Samples:  24%|██▍       | 361/1484 [00:09<01:46, 10.59step/s]
[Origin 1/13] 🎲 Drawing Posterior Samples:  24%|██▍       | 363/1484 [00:10<01:50, 10.16step/s]
[Origin 1/13] 🎲 Drawing Posterior Samples:  25%|██▍       | 365/1484 [00:10<01:56,  9.61step/s]
[Origin 1/13] 🎲 Drawing Posterior Samples:  25%|██▍       | 366/1484 [00:10<01:59,  9.36step/s]
[Origin 1/13] 🎲 Drawing Posterior Samples:  25%|██▍       | 367/1484 [00:10<02:00,  9.29step/s]
[Origin 1/13] 🎲 Drawing Posterior Samples:  25%|██▍       | 368/1484 [00:10<02:01,  9.17step/s]
[Origin 1/13] 🎲 Drawing Posterior Samples:  25%|██▍       | 369/1484 [00:10<02:02,  9.09step/s]
[Origin 1/13] 🎲 Drawing Posterior Samples:  25%|██▍       | 370/1484 [00:10<02:05,  8.89step/s]
[Origin 1/13] 🎲 Drawing Posterior Samples:  25%|██▌       | 371/1484 [00:10<02:03,  9.04step/s]
[Origin 1/13] 🎲 Drawing Posterior Samples:  25%|██▌       | 372/1484 [00:20<49:43,  2.68s/step]
[Origin 1/13] 🎲 Drawing Posterior Samples:  25%|██▌       | 378/1484 [00:20<14:58,  1.23step/s]
[Origin 1/13] 🎲 Drawing Posterior Samples:  26%|██▌       | 384/1484 [00:20<07:36,  2.41step/s]
[Origin 1/13] 🎲 Drawing Posterior Samples:  26%|██▋       | 390/1484 [00:20<04:33,  4.00step/s]
[Origin 1/13] 🎲 Drawing Posterior Samples:  27%|██▋       | 396/1484 [00:20<02:58,  6.10step/s]
[Origin 1/13] 🎲 Drawing Posterior Samples:  27%|██▋       | 401/1484 [00:20<02:10,  8.33step/s]
[Origin 1/13] 🎲 Drawing Posterior Samples:  27%|██▋       | 407/1484 [00:21<01:31, 11.73step/s]
[Origin 1/13] 🎲 Drawing Posterior Samples:  28%|██▊       | 413/1484 [00:21<01:07, 15.76step/s]
[Origin 1/13] 🎲 Drawing Posterior Samples:  28%|██▊       | 419/1484 [00:21<00:52, 20.28step/s]
[Origin 1/13] 🎲 Drawing Posterior Samples:  29%|██▊       | 425/1484 [00:21<00:42, 25.05step/s]
[Origin 1/13] 🎲 Drawing Posterior Samples:  29%|██▉       | 431/1484 [00:21<00:35, 29.76step/s]
[Origin 1/13] 🎲 Drawing Posterior Samples:  29%|██▉       | 437/1484 [00:21<00:30, 34.11step/s]
[Origin 1/13] 🎲 Drawing Posterior Samples:  30%|██▉       | 443/1484 [00:21<00:27, 37.94step/s]
[Origin 1/13] 🎲 Drawing Posterior Samples:  30%|███       | 449/1484 [00:21<00:25, 41.15step/s]
[Origin 1/13] 🎲 Drawing Posterior Samples:  31%|███       | 455/1484 [00:22<00:24, 42.71step/s]
[Origin 1/13] 🎲 Drawing Posterior Samples:  31%|███       | 461/1484 [00:22<00:22, 45.08step/s]
[Origin 1/13] 🎲 Drawing Posterior Samples:  31%|███▏      | 467/1484 [00:22<00:21, 46.91step/s]
[Origin 1/13] 🎲 Drawing Posterior Samples:  32%|███▏      | 473/1484 [00:22<00:20, 48.33step/s]
[Origin 1/13] 🎲 Drawing Posterior Samples:  32%|███▏      | 479/1484 [00:22<00:20, 49.29step/s]
[Origin 1/13] 🎲 Drawing Posterior Samples:  33%|███▎      | 485/1484 [00:22<00:19, 50.01step/s]
[Origin 1/13] 🎲 Drawing Posterior Samples:  33%|███▎      | 491/1484 [00:22<00:19, 50.23step/s]
[Origin 1/13] 🎲 Drawing Posterior Samples:  33%|███▎      | 497/1484 [00:22<00:19, 50.62step/s]
[Origin 1/13] 🎲 Drawing Posterior Samples:  34%|███▍      | 503/1484 [00:22<00:19, 49.34step/s]
[Origin 1/13] 🎲 Drawing Posterior Samples:  34%|███▍      | 509/1484 [00:23<00:19, 49.97step/s]
[Origin 1/13] 🎲 Drawing Posterior Samples:  35%|███▍      | 515/1484 [00:23<00:19, 50.42step/s]
[Origin 1/13] 🎲 Drawing Posterior Samples:  35%|███▌      | 521/1484 [00:23<00:18, 50.75step/s]
[Origin 1/13] 🎲 Drawing Posterior Samples:  36%|███▌      | 527/1484 [00:23<00:18, 51.04step/s]
[Origin 1/13] 🎲 Drawing Posterior Samples:  36%|███▌      | 533/1484 [00:23<00:18, 51.20step/s]
[Origin 1/13] 🎲 Drawing Posterior Samples:  36%|███▋      | 539/1484 [00:23<00:18, 51.36step/s]
[Origin 1/13] 🎲 Drawing Posterior Samples:  37%|███▋      | 545/1484 [00:23<00:18, 51.46step/s]
[Origin 1/13] 🎲 Drawing Posterior Samples:  37%|███▋      | 551/1484 [00:23<00:18, 51.44step/s]
[Origin 1/13] 🎲 Drawing Posterior Samples:  38%|███▊      | 557/1484 [00:24<00:18, 50.04step/s]
[Origin 1/13] 🎲 Drawing Posterior Samples:  38%|███▊      | 563/1484 [00:24<00:18, 50.48step/s]
[Origin 1/13] 🎲 Drawing Posterior Samples:  38%|███▊      | 569/1484 [00:24<00:18, 50.76step/s]
[Origin 1/13] 🎲 Drawing Posterior Samples:  39%|███▊      | 575/1484 [00:24<00:17, 51.01step/s]
[Origin 1/13] 🎲 Drawing Posterior Samples:  39%|███▉      | 581/1484 [00:24<00:17, 51.19step/s]
[Origin 1/13] 🎲 Drawing Posterior Samples:  40%|███▉      | 587/1484 [00:24<00:17, 51.34step/s]
[Origin 1/13] 🎲 Drawing Posterior Samples:  40%|███▉      | 593/1484 [00:24<00:17, 51.30step/s]
[Origin 1/13] 🎲 Drawing Posterior Samples:  40%|████      | 599/1484 [00:24<00:17, 51.41step/s]
[Origin 1/13] 🎲 Drawing Posterior Samples:  41%|████      | 605/1484 [00:24<00:17, 49.87step/s]
[Origin 1/13] 🎲 Drawing Posterior Samples:  41%|████      | 611/1484 [00:25<00:17, 50.37step/s]
[Origin 1/13] 🎲 Drawing Posterior Samples:  42%|████▏     | 617/1484 [00:25<00:17, 50.69step/s]
[Origin 1/13] 🎲 Drawing Posterior Samples:  42%|████▏     | 623/1484 [00:25<00:16, 50.97step/s]
[Origin 1/13] 🎲 Drawing Posterior Samples:  42%|████▏     | 629/1484 [00:25<00:16, 51.12step/s]
[Origin 1/13] 🎲 Drawing Posterior Samples:  43%|████▎     | 635/1484 [00:25<00:16, 51.24step/s]
[Origin 1/13] 🎲 Drawing Posterior Samples:  43%|████▎     | 641/1484 [00:25<00:16, 51.33step/s]
[Origin 1/13] 🎲 Drawing Posterior Samples:  44%|████▎     | 647/1484 [00:25<00:16, 51.36step/s]
[Origin 1/13] 🎲 Drawing Posterior Samples:  44%|████▍     | 653/1484 [00:25<00:16, 51.46step/s]
[Origin 1/13] 🎲 Drawing Posterior Samples:  44%|████▍     | 659/1484 [00:26<00:16, 50.07step/s]
[Origin 1/13] 🎲 Drawing Posterior Samples:  45%|████▍     | 665/1484 [00:26<00:16, 50.52step/s]
[Origin 1/13] 🎲 Drawing Posterior Samples:  45%|████▌     | 671/1484 [00:26<00:16, 50.80step/s]
[Origin 1/13] 🎲 Drawing Posterior Samples:  46%|████▌     | 677/1484 [00:26<00:15, 51.03step/s]
[Origin 1/13] 🎲 Drawing Posterior Samples:  46%|████▌     | 683/1484 [00:26<00:15, 51.14step/s]
[Origin 1/13] 🎲 Drawing Posterior Samples:  46%|████▋     | 689/1484 [00:26<00:15, 51.27step/s]
[Origin 1/13] 🎲 Drawing Posterior Samples:  47%|████▋     | 695/1484 [00:26<00:15, 50.78step/s]
[Origin 1/13] 🎲 Drawing Posterior Samples:  47%|████▋     | 701/1484 [00:26<00:15, 51.23step/s]
[Origin 1/13] 🎲 Drawing Posterior Samples:  48%|████▊     | 707/1484 [00:27<00:21, 35.88step/s]
[Origin 1/13] 🎲 Drawing Posterior Samples:  48%|████▊     | 712/1484 [00:27<00:44, 17.26step/s]
[Origin 1/13] 🎲 Drawing Posterior Samples:  48%|████▊     | 716/1484 [00:28<00:58, 13.10step/s]
[Origin 1/13] 🎲 Drawing Posterior Samples:  48%|████▊     | 719/1484 [00:28<01:04, 11.80step/s]
[Origin 1/13] 🎲 Drawing Posterior Samples:  49%|████▊     | 721/1484 [00:28<01:09, 11.02step/s]
[Origin 1/13] 🎲 Drawing Posterior Samples:  49%|████▊     | 723/1484 [00:29<01:14, 10.24step/s]
[Origin 1/13] 🎲 Drawing Posterior Samples:  49%|████▉     | 725/1484 [00:29<01:22,  9.17step/s]
[Origin 1/13] 🎲 Drawing Posterior Samples:  49%|████▉     | 727/1484 [00:29<01:27,  8.64step/s]
[Origin 1/13] 🎲 Drawing Posterior Samples:  49%|████▉     | 729/1484 [00:30<01:41,  7.45step/s]
[Origin 1/13] 🎲 Drawing Posterior Samples:  49%|████▉     | 730/1484 [00:30<01:43,  7.27step/s]
[Origin 1/13] 🎲 Drawing Posterior Samples:  49%|████▉     | 731/1484 [00:30<01:45,  7.14step/s]
[Origin 1/13] 🎲 Drawing Posterior Samples:  49%|████▉     | 732/1484 [00:30<01:45,  7.12step/s]
[Origin 1/13] 🎲 Drawing Posterior Samples:  49%|████▉     | 733/1484 [00:30<01:48,  6.92step/s]
[Origin 1/13] 🎲 Drawing Posterior Samples:  49%|████▉     | 734/1484 [00:31<02:08,  5.85step/s]
[Origin 1/13] 🎲 Drawing Posterior Samples:  50%|████▉     | 735/1484 [00:31<02:17,  5.46step/s]
[Origin 1/13] 🎲 Drawing Posterior Samples:  50%|████▉     | 736/1484 [00:31<02:13,  5.62step/s]
[Origin 1/13] 🎲 Drawing Posterior Samples:  50%|████▉     | 737/1484 [00:31<02:06,  5.89step/s]
[Origin 1/13] 🎲 Drawing Posterior Samples:  50%|████▉     | 738/1484 [00:31<02:02,  6.09step/s]
[Origin 1/13] 🎲 Drawing Posterior Samples:  50%|████▉     | 739/1484 [00:31<02:07,  5.85step/s]
[Origin 1/13] 🎲 Drawing Posterior Samples:  50%|████▉     | 740/1484 [00:32<02:10,  5.72step/s]
[Origin 1/13] 🎲 Drawing Posterior Samples:  50%|████▉     | 741/1484 [00:32<02:03,  6.02step/s]
[Origin 1/13] 🎲 Drawing Posterior Samples:  50%|█████     | 742/1484 [00:32<01:59,  6.22step/s]
[Origin 1/13] 🎲 Drawing Posterior Samples:  50%|█████     | 743/1484 [00:52<1:16:45,  6.22s/step]
[Origin 1/13] 🎲 Drawing Posterior Samples:  50%|█████     | 749/1484 [00:53<21:37,  1.77s/step]  
[Origin 1/13] 🎲 Drawing Posterior Samples:  51%|█████     | 755/1484 [00:53<10:42,  1.13step/s]
[Origin 1/13] 🎲 Drawing Posterior Samples:  51%|█████▏    | 761/1484 [00:53<06:15,  1.93step/s]
[Origin 1/13] 🎲 Drawing Posterior Samples:  52%|█████▏    | 767/1484 [00:53<03:57,  3.01step/s]
[Origin 1/13] 🎲 Drawing Posterior Samples:  52%|█████▏    | 773/1484 [00:53<02:38,  4.49step/s]
[Origin 1/13] 🎲 Drawing Posterior Samples:  52%|█████▏    | 779/1484 [00:53<01:49,  6.45step/s]
[Origin 1/13] 🎲 Drawing Posterior Samples:  53%|█████▎    | 785/1484 [00:53<01:17,  8.98step/s]
[Origin 1/13] 🎲 Drawing Posterior Samples:  53%|█████▎    | 791/1484 [00:53<00:57, 12.14step/s]
[Origin 1/13] 🎲 Drawing Posterior Samples:  54%|█████▎    | 797/1484 [00:53<00:43, 15.92step/s]
[Origin 1/13] 🎲 Drawing Posterior Samples:  54%|█████▍    | 803/1484 [00:54<00:33, 20.20step/s]
[Origin 1/13] 🎲 Drawing Posterior Samples:  55%|█████▍    | 809/1484 [00:54<00:27, 24.76step/s]
[Origin 1/13] 🎲 Drawing Posterior Samples:  55%|█████▍    | 815/1484 [00:54<00:22, 29.38step/s]
[Origin 1/13] 🎲 Drawing Posterior Samples:  55%|█████▌    | 821/1484 [00:54<00:19, 33.72step/s]
[Origin 1/13] 🎲 Drawing Posterior Samples:  56%|█████▌    | 827/1484 [00:54<00:17, 37.61step/s]
[Origin 1/13] 🎲 Drawing Posterior Samples:  56%|█████▌    | 833/1484 [00:54<00:15, 40.98step/s]
[Origin 1/13] 🎲 Drawing Posterior Samples:  57%|█████▋    | 839/1484 [00:54<00:14, 43.76step/s]
[Origin 1/13] 🎲 Drawing Posterior Samples:  57%|█████▋    | 845/1484 [00:54<00:13, 45.93step/s]
[Origin 1/13] 🎲 Drawing Posterior Samples:  57%|█████▋    | 851/1484 [00:55<00:13, 46.72step/s]
[Origin 1/13] 🎲 Drawing Posterior Samples:  58%|█████▊    | 857/1484 [00:55<00:13, 48.15step/s]
[Origin 1/13] 🎲 Drawing Posterior Samples:  58%|█████▊    | 863/1484 [00:55<00:12, 49.11step/s]
[Origin 1/13] 🎲 Drawing Posterior Samples:  59%|█████▊    | 869/1484 [00:55<00:12, 49.72step/s]
[Origin 1/13] 🎲 Drawing Posterior Samples:  59%|█████▉    | 875/1484 [00:55<00:12, 50.19step/s]
[Origin 1/13] 🎲 Drawing Posterior Samples:  59%|█████▉    | 881/1484 [00:55<00:11, 50.49step/s]
[Origin 1/13] 🎲 Drawing Posterior Samples:  60%|█████▉    | 887/1484 [00:55<00:11, 50.73step/s]
[Origin 1/13] 🎲 Drawing Posterior Samples:  60%|██████    | 893/1484 [00:55<00:11, 50.99step/s]
[Origin 1/13] 🎲 Drawing Posterior Samples:  61%|██████    | 899/1484 [00:55<00:11, 51.23step/s]
[Origin 1/13] 🎲 Drawing Posterior Samples:  61%|██████    | 905/1484 [00:56<00:11, 51.36step/s]
[Origin 1/13] 🎲 Drawing Posterior Samples:  61%|██████▏   | 911/1484 [00:56<00:11, 51.52step/s]
[Origin 1/13] 🎲 Drawing Posterior Samples:  62%|██████▏   | 917/1484 [00:56<00:10, 51.61step/s]
[Origin 1/13] 🎲 Drawing Posterior Samples:  62%|██████▏   | 923/1484 [00:56<00:10, 51.63step/s]
[Origin 1/13] 🎲 Drawing Posterior Samples:  63%|██████▎   | 929/1484 [00:56<00:10, 51.61step/s]
[Origin 1/13] 🎲 Drawing Posterior Samples:  63%|██████▎   | 935/1484 [00:56<00:10, 51.56step/s]
[Origin 1/13] 🎲 Drawing Posterior Samples:  63%|██████▎   | 941/1484 [00:56<00:10, 51.58step/s]
[Origin 1/13] 🎲 Drawing Posterior Samples:  64%|██████▍   | 947/1484 [00:56<00:10, 51.49step/s]
[Origin 1/13] 🎲 Drawing Posterior Samples:  64%|██████▍   | 953/1484 [00:57<00:10, 51.52step/s]
[Origin 1/13] 🎲 Drawing Posterior Samples:  65%|██████▍   | 959/1484 [00:57<00:10, 51.56step/s]
[Origin 1/13] 🎲 Drawing Posterior Samples:  65%|██████▌   | 965/1484 [00:57<00:10, 51.58step/s]
[Origin 1/13] 🎲 Drawing Posterior Samples:  65%|██████▌   | 971/1484 [00:57<00:09, 51.68step/s]
[Origin 1/13] 🎲 Drawing Posterior Samples:  66%|██████▌   | 977/1484 [00:57<00:09, 51.74step/s]
[Origin 1/13] 🎲 Drawing Posterior Samples:  66%|██████▌   | 983/1484 [00:57<00:09, 51.70step/s]
[Origin 1/13] 🎲 Drawing Posterior Samples:  67%|██████▋   | 989/1484 [00:57<00:09, 51.62step/s]
[Origin 1/13] 🎲 Drawing Posterior Samples:  67%|██████▋   | 995/1484 [00:57<00:09, 51.49step/s]
[Origin 1/13] 🎲 Drawing Posterior Samples:  67%|██████▋   | 1001/1484 [00:57<00:09, 51.32step/s]
[Origin 1/13] 🎲 Drawing Posterior Samples:  68%|██████▊   | 1007/1484 [00:58<00:09, 50.99step/s]
[Origin 1/13] 🎲 Drawing Posterior Samples:  68%|██████▊   | 1013/1484 [00:58<00:09, 50.90step/s]
[Origin 1/13] 🎲 Drawing Posterior Samples:  69%|██████▊   | 1019/1484 [00:58<00:09, 51.02step/s]
[Origin 1/13] 🎲 Drawing Posterior Samples:  69%|██████▉   | 1025/1484 [00:58<00:08, 51.19step/s]
[Origin 1/13] 🎲 Drawing Posterior Samples:  69%|██████▉   | 1031/1484 [00:58<00:08, 51.38step/s]
[Origin 1/13] 🎲 Drawing Posterior Samples:  70%|██████▉   | 1037/1484 [00:58<00:08, 51.49step/s]
[Origin 1/13] 🎲 Drawing Posterior Samples:  70%|███████   | 1043/1484 [00:58<00:08, 51.48step/s]
[Origin 1/13] 🎲 Drawing Posterior Samples:  71%|███████   | 1049/1484 [00:58<00:08, 51.53step/s]
[Origin 1/13] 🎲 Drawing Posterior Samples:  71%|███████   | 1055/1484 [00:59<00:08, 51.58step/s]
[Origin 1/13] 🎲 Drawing Posterior Samples:  71%|███████▏  | 1061/1484 [00:59<00:08, 51.56step/s]
[Origin 1/13] 🎲 Drawing Posterior Samples:  72%|███████▏  | 1067/1484 [00:59<00:08, 51.55step/s]
[Origin 1/13] 🎲 Drawing Posterior Samples:  72%|███████▏  | 1073/1484 [00:59<00:07, 51.54step/s]
[Origin 1/13] 🎲 Drawing Posterior Samples:  73%|███████▎  | 1079/1484 [00:59<00:15, 26.03step/s]
[Origin 1/13] 🎲 Drawing Posterior Samples:  73%|███████▎  | 1083/1484 [01:00<00:21, 18.38step/s]
[Origin 1/13] 🎲 Drawing Posterior Samples:  73%|███████▎  | 1087/1484 [01:00<00:27, 14.49step/s]
[Origin 1/13] 🎲 Drawing Posterior Samples:  73%|███████▎  | 1090/1484 [01:01<00:32, 12.19step/s]
[Origin 1/13] 🎲 Drawing Posterior Samples:  74%|███████▎  | 1092/1484 [01:01<00:34, 11.47step/s]
[Origin 1/13] 🎲 Drawing Posterior Samples:  74%|███████▎  | 1094/1484 [01:01<00:36, 10.75step/s]
[Origin 1/13] 🎲 Drawing Posterior Samples:  74%|███████▍  | 1096/1484 [01:01<00:37, 10.28step/s]
[Origin 1/13] 🎲 Drawing Posterior Samples:  74%|███████▍  | 1098/1484 [01:02<00:42,  9.16step/s]
[Origin 1/13] 🎲 Drawing Posterior Samples:  74%|███████▍  | 1100/1484 [01:02<00:41,  9.15step/s]
[Origin 1/13] 🎲 Drawing Posterior Samples:  74%|███████▍  | 1102/1484 [01:02<00:43,  8.76step/s]
[Origin 1/13] 🎲 Drawing Posterior Samples:  74%|███████▍  | 1103/1484 [01:02<00:44,  8.58step/s]
[Origin 1/13] 🎲 Drawing Posterior Samples:  74%|███████▍  | 1104/1484 [01:02<00:46,  8.25step/s]
[Origin 1/13] 🎲 Drawing Posterior Samples:  74%|███████▍  | 1105/1484 [01:03<00:48,  7.88step/s]
[Origin 1/13] 🎲 Drawing Posterior Samples:  75%|███████▍  | 1106/1484 [01:03<00:48,  7.80step/s]
[Origin 1/13] 🎲 Drawing Posterior Samples:  75%|███████▍  | 1107/1484 [01:03<00:50,  7.39step/s]
[Origin 1/13] 🎲 Drawing Posterior Samples:  75%|███████▍  | 1108/1484 [01:03<00:52,  7.15step/s]
[Origin 1/13] 🎲 Drawing Posterior Samples:  75%|███████▍  | 1109/1484 [01:03<00:53,  7.03step/s]
[Origin 1/13] 🎲 Drawing Posterior Samples:  75%|███████▍  | 1110/1484 [01:03<00:55,  6.72step/s]
[Origin 1/13] 🎲 Drawing Posterior Samples:  75%|███████▍  | 1111/1484 [01:04<01:15,  4.93step/s]
[Origin 1/13] 🎲 Drawing Posterior Samples:  75%|███████▍  | 1112/1484 [01:04<01:06,  5.62step/s]
[Origin 1/13] 🎲 Drawing Posterior Samples:  75%|███████▌  | 1113/1484 [01:04<01:01,  6.03step/s]
[Origin 1/13] 🎲 Drawing Posterior Samples:  75%|███████▌  | 1114/1484 [01:16<22:37,  3.67s/step]
[Origin 1/13] 🎲 Drawing Posterior Samples:  75%|███████▌  | 1120/1484 [01:16<06:23,  1.05s/step]
[Origin 1/13] 🎲 Drawing Posterior Samples:  76%|███████▌  | 1126/1484 [01:16<03:09,  1.88step/s]
[Origin 1/13] 🎲 Drawing Posterior Samples:  76%|███████▋  | 1132/1484 [01:16<01:51,  3.16step/s]
[Origin 1/13] 🎲 Drawing Posterior Samples:  77%|███████▋  | 1138/1484 [01:16<01:10,  4.88step/s]
[Origin 1/13] 🎲 Drawing Posterior Samples:  77%|███████▋  | 1144/1484 [01:17<00:47,  7.14step/s]
[Origin 1/13] 🎲 Drawing Posterior Samples:  77%|███████▋  | 1150/1484 [01:17<00:33, 10.01step/s]
[Origin 1/13] 🎲 Drawing Posterior Samples:  78%|███████▊  | 1156/1484 [01:17<00:24, 13.52step/s]
[Origin 1/13] 🎲 Drawing Posterior Samples:  78%|███████▊  | 1162/1484 [01:17<00:18, 17.63step/s]
[Origin 1/13] 🎲 Drawing Posterior Samples:  79%|███████▊  | 1168/1484 [01:17<00:14, 22.17step/s]
[Origin 1/13] 🎲 Drawing Posterior Samples:  79%|███████▉  | 1174/1484 [01:17<00:11, 26.85step/s]
[Origin 1/13] 🎲 Drawing Posterior Samples:  80%|███████▉  | 1180/1484 [01:17<00:09, 31.40step/s]
[Origin 1/13] 🎲 Drawing Posterior Samples:  80%|███████▉  | 1186/1484 [01:17<00:08, 35.54step/s]
[Origin 1/13] 🎲 Drawing Posterior Samples:  80%|████████  | 1192/1484 [01:17<00:07, 39.12step/s]
[Origin 1/13] 🎲 Drawing Posterior Samples:  81%|████████  | 1198/1484 [01:18<00:06, 42.11step/s]
[Origin 1/13] 🎲 Drawing Posterior Samples:  81%|████████  | 1204/1484 [01:18<00:06, 44.62step/s]
[Origin 1/13] 🎲 Drawing Posterior Samples:  82%|████████▏ | 1210/1484 [01:18<00:05, 46.58step/s]
[Origin 1/13] 🎲 Drawing Posterior Samples:  82%|████████▏ | 1216/1484 [01:18<00:05, 48.05step/s]
[Origin 1/13] 🎲 Drawing Posterior Samples:  82%|████████▏ | 1222/1484 [01:18<00:05, 49.11step/s]
[Origin 1/13] 🎲 Drawing Posterior Samples:  83%|████████▎ | 1228/1484 [01:18<00:05, 49.90step/s]
[Origin 1/13] 🎲 Drawing Posterior Samples:  83%|████████▎ | 1234/1484 [01:18<00:04, 50.45step/s]
[Origin 1/13] 🎲 Drawing Posterior Samples:  84%|████████▎ | 1240/1484 [01:18<00:04, 50.75step/s]
[Origin 1/13] 🎲 Drawing Posterior Samples:  84%|████████▍ | 1246/1484 [01:18<00:04, 50.97step/s]
[Origin 1/13] 🎲 Drawing Posterior Samples:  84%|████████▍ | 1252/1484 [01:19<00:04, 51.03step/s]
[Origin 1/13] 🎲 Drawing Posterior Samples:  85%|████████▍ | 1258/1484 [01:19<00:04, 51.05step/s]
[Origin 1/13] 🎲 Drawing Posterior Samples:  85%|████████▌ | 1264/1484 [01:19<00:04, 51.19step/s]
[Origin 1/13] 🎲 Drawing Posterior Samples:  86%|████████▌ | 1270/1484 [01:19<00:04, 51.30step/s]
[Origin 1/13] 🎲 Drawing Posterior Samples:  86%|████████▌ | 1276/1484 [01:19<00:04, 51.43step/s]
[Origin 1/13] 🎲 Drawing Posterior Samples:  86%|████████▋ | 1282/1484 [01:19<00:03, 51.55step/s]
[Origin 1/13] 🎲 Drawing Posterior Samples:  87%|████████▋ | 1288/1484 [01:19<00:03, 51.55step/s]
[Origin 1/13] 🎲 Drawing Posterior Samples:  87%|████████▋ | 1294/1484 [01:19<00:03, 51.66step/s]
[Origin 1/13] 🎲 Drawing Posterior Samples:  88%|████████▊ | 1300/1484 [01:20<00:03, 51.60step/s]
[Origin 1/13] 🎲 Drawing Posterior Samples:  88%|████████▊ | 1306/1484 [01:20<00:03, 51.55step/s]
[Origin 1/13] 🎲 Drawing Posterior Samples:  88%|████████▊ | 1312/1484 [01:20<00:03, 51.52step/s]
[Origin 1/13] 🎲 Drawing Posterior Samples:  89%|████████▉ | 1318/1484 [01:20<00:03, 51.54step/s]
[Origin 1/13] 🎲 Drawing Posterior Samples:  89%|████████▉ | 1324/1484 [01:20<00:03, 51.53step/s]
[Origin 1/13] 🎲 Drawing Posterior Samples:  90%|████████▉ | 1330/1484 [01:20<00:02, 51.50step/s]
[Origin 1/13] 🎲 Drawing Posterior Samples:  90%|█████████ | 1336/1484 [01:20<00:02, 51.50step/s]
[Origin 1/13] 🎲 Drawing Posterior Samples:  90%|█████████ | 1342/1484 [01:20<00:02, 51.53step/s]
[Origin 1/13] 🎲 Drawing Posterior Samples:  91%|█████████ | 1348/1484 [01:20<00:02, 51.58step/s]
[Origin 1/13] 🎲 Drawing Posterior Samples:  91%|█████████ | 1354/1484 [01:21<00:02, 51.62step/s]
[Origin 1/13] 🎲 Drawing Posterior Samples:  92%|█████████▏| 1360/1484 [01:21<00:02, 51.67step/s]
[Origin 1/13] 🎲 Drawing Posterior Samples:  92%|█████████▏| 1366/1484 [01:21<00:02, 51.63step/s]
[Origin 1/13] 🎲 Drawing Posterior Samples:  92%|█████████▏| 1372/1484 [01:21<00:02, 51.58step/s]
[Origin 1/13] 🎲 Drawing Posterior Samples:  93%|█████████▎| 1378/1484 [01:21<00:02, 51.59step/s]
[Origin 1/13] 🎲 Drawing Posterior Samples:  93%|█████████▎| 1384/1484 [01:21<00:01, 51.56step/s]
[Origin 1/13] 🎲 Drawing Posterior Samples:  94%|█████████▎| 1390/1484 [01:21<00:01, 51.58step/s]
[Origin 1/13] 🎲 Drawing Posterior Samples:  94%|█████████▍| 1396/1484 [01:21<00:01, 51.55step/s]
[Origin 1/13] 🎲 Drawing Posterior Samples:  94%|█████████▍| 1402/1484 [01:22<00:01, 51.54step/s]
[Origin 1/13] 🎲 Drawing Posterior Samples:  95%|█████████▍| 1408/1484 [01:22<00:01, 51.56step/s]
[Origin 1/13] 🎲 Drawing Posterior Samples:  95%|█████████▌| 1414/1484 [01:22<00:01, 51.57step/s]
[Origin 1/13] 🎲 Drawing Posterior Samples:  96%|█████████▌| 1420/1484 [01:22<00:01, 51.60step/s]
[Origin 1/13] 🎲 Drawing Posterior Samples:  96%|█████████▌| 1426/1484 [01:22<00:01, 51.53step/s]
[Origin 1/13] 🎲 Drawing Posterior Samples:  96%|█████████▋| 1432/1484 [01:22<00:01, 51.54step/s]
[Origin 1/13] 🎲 Drawing Posterior Samples:  97%|█████████▋| 1438/1484 [01:22<00:00, 51.50step/s]
[Origin 1/13] 🎲 Drawing Posterior Samples:  97%|█████████▋| 1444/1484 [01:22<00:00, 51.47step/s]
[Origin 1/13] 🎲 Drawing Posterior Samples:  98%|█████████▊| 1450/1484 [01:23<00:00, 34.40step/s]
[Origin 1/13] 🎲 Drawing Posterior Samples:  98%|█████████▊| 1455/1484 [01:23<00:01, 18.75step/s]
[Origin 1/13] 🎲 Drawing Posterior Samples:  98%|█████████▊| 1459/1484 [01:24<00:01, 14.52step/s]
[Origin 1/13] 🎲 Drawing Posterior Samples:  99%|█████████▊| 1462/1484 [01:24<00:01, 12.64step/s]
[Origin 1/13] 🎲 Drawing Posterior Samples:  99%|█████████▊| 1464/1484 [01:24<00:01, 10.26step/s]
[Origin 1/13] 🎲 Drawing Posterior Samples:  99%|█████████▉| 1466/1484 [01:25<00:01,  9.45step/s]
[Origin 1/13] 🎲 Drawing Posterior Samples:  99%|█████████▉| 1468/1484 [01:25<00:01,  9.46step/s]
[Origin 1/13] 🎲 Drawing Posterior Samples:  99%|█████████▉| 1470/1484 [01:25<00:01,  8.79step/s]
[Origin 1/13] 🎲 Drawing Posterior Samples:  99%|█████████▉| 1472/1484 [01:26<00:01,  8.34step/s]
[Origin 1/13] 🎲 Drawing Posterior Samples:  99%|█████████▉| 1473/1484 [01:26<00:01,  8.42step/s]
[Origin 1/13] 🎲 Drawing Posterior Samples:  99%|█████████▉| 1474/1484 [01:26<00:01,  7.45step/s]
[Origin 1/13] 🎲 Drawing Posterior Samples:  99%|█████████▉| 1475/1484 [01:26<00:01,  6.65step/s]
[Origin 1/13] 🎲 Drawing Posterior Samples:  99%|█████████▉| 1476/1484 [01:26<00:01,  6.63step/s]
[Origin 1/13] 🎲 Drawing Posterior Samples: 100%|█████████▉| 1477/1484 [01:26<00:01,  6.57step/s]
[Origin 1/13] 🎲 Drawing Posterior Samples: 100%|█████████▉| 1478/1484 [01:27<00:00,  6.71step/s]
[Origin 1/13] 🎲 Drawing Posterior Samples: 100%|█████████▉| 1479/1484 [01:27<00:00,  6.73step/s]
[Origin 1/13] 🎲 Drawing Posterior Samples: 100%|█████████▉| 1480/1484 [01:27<00:00,  6.77step/s]
[Origin 1/13] 🎲 Drawing Posterior Samples: 100%|█████████▉| 1481/1484 [01:27<00:00,  6.61step/s]
[Origin 1/13] 🎲 Drawing Posterior Samples: 100%|█████████▉| 1482/1484 [01:27<00:00,  7.01step/s]
[Origin 1/13] 🎲 Drawing Posterior Samples: 100%|█████████▉| 1483/1484 [01:27<00:00,  7.27step/s]
[Origin 1/13] 🎲 Drawing Posterior Samples: 100%|██████████| 1484/1484 [01:27<00:00,  7.29step/s]
                                                                                                 

[Origin 2/13] 🎲 Drawing Posterior Samples:   0%|          | 0/1488 [00:00<?, ?step/s]
[Origin 2/13] 🎲 Drawing Posterior Samples:   0%|          | 6/1488 [00:00<00:25, 58.41step/s]
[Origin 2/13] 🎲 Drawing Posterior Samples:   1%|          | 12/1488 [00:00<00:28, 52.63step/s]
[Origin 2/13] 🎲 Drawing Posterior Samples:   1%|          | 18/1488 [00:00<00:28, 51.19step/s]
[Origin 2/13] 🎲 Drawing Posterior Samples:   2%|▏         | 24/1488 [00:00<00:28, 50.53step/s]
[Origin 2/13] 🎲 Drawing Posterior Samples:   2%|▏         | 30/1488 [00:00<00:29, 50.20step/s]
[Origin 2/13] 🎲 Drawing Posterior Samples:   2%|▏         | 36/1488 [00:00<00:29, 50.03step/s]
[Origin 2/13] 🎲 Drawing Posterior Samples:   3%|▎         | 42/1488 [00:00<00:28, 49.88step/s]
[Origin 2/13] 🎲 Drawing Posterior Samples:   3%|▎         | 47/1488 [00:00<00:28, 49.82step/s]
[Origin 2/13] 🎲 Drawing Posterior Samples:   3%|▎         | 52/1488 [00:01<00:28, 49.61step/s]
[Origin 2/13] 🎲 Drawing Posterior Samples:   4%|▍         | 57/1488 [00:01<00:28, 49.41step/s]
[Origin 2/13] 🎲 Drawing Posterior Samples:   4%|▍         | 62/1488 [00:01<00:28, 49.27step/s]
[Origin 2/13] 🎲 Drawing Posterior Samples:   5%|▍         | 67/1488 [00:01<00:28, 49.20step/s]
[Origin 2/13] 🎲 Drawing Posterior Samples:   5%|▍         | 72/1488 [00:01<00:28, 49.08step/s]
[Origin 2/13] 🎲 Drawing Posterior Samples:   5%|▌         | 77/1488 [00:01<00:28, 49.05step/s]
[Origin 2/13] 🎲 Drawing Posterior Samples:   6%|▌         | 82/1488 [00:01<00:28, 49.08step/s]
[Origin 2/13] 🎲 Drawing Posterior Samples:   6%|▌         | 87/1488 [00:01<00:28, 49.16step/s]
[Origin 2/13] 🎲 Drawing Posterior Samples:   6%|▌         | 92/1488 [00:01<00:28, 49.26step/s]
[Origin 2/13] 🎲 Drawing Posterior Samples:   7%|▋         | 97/1488 [00:01<00:28, 49.39step/s]
[Origin 2/13] 🎲 Drawing Posterior Samples:   7%|▋         | 102/1488 [00:02<00:28, 49.39step/s]
[Origin 2/13] 🎲 Drawing Posterior Samples:   7%|▋         | 107/1488 [00:02<00:27, 49.43step/s]
[Origin 2/13] 🎲 Drawing Posterior Samples:   8%|▊         | 112/1488 [00:02<00:27, 49.35step/s]
[Origin 2/13] 🎲 Drawing Posterior Samples:   8%|▊         | 117/1488 [00:02<00:27, 49.27step/s]
[Origin 2/13] 🎲 Drawing Posterior Samples:   8%|▊         | 122/1488 [00:02<00:27, 49.17step/s]
[Origin 2/13] 🎲 Drawing Posterior Samples:   9%|▊         | 127/1488 [00:02<00:27, 49.14step/s]
[Origin 2/13] 🎲 Drawing Posterior Samples:   9%|▉         | 132/1488 [00:02<00:27, 49.14step/s]
[Origin 2/13] 🎲 Drawing Posterior Samples:   9%|▉         | 137/1488 [00:02<00:27, 49.09step/s]
[Origin 2/13] 🎲 Drawing Posterior Samples:  10%|▉         | 142/1488 [00:02<00:27, 49.10step/s]
[Origin 2/13] 🎲 Drawing Posterior Samples:  10%|▉         | 147/1488 [00:02<00:27, 49.17step/s]
[Origin 2/13] 🎲 Drawing Posterior Samples:  10%|█         | 152/1488 [00:03<00:27, 49.26step/s]
[Origin 2/13] 🎲 Drawing Posterior Samples:  11%|█         | 157/1488 [00:03<00:27, 49.17step/s]
[Origin 2/13] 🎲 Drawing Posterior Samples:  11%|█         | 162/1488 [00:03<00:26, 49.19step/s]
[Origin 2/13] 🎲 Drawing Posterior Samples:  11%|█         | 167/1488 [00:03<00:26, 49.17step/s]
[Origin 2/13] 🎲 Drawing Posterior Samples:  12%|█▏        | 172/1488 [00:03<00:26, 49.13step/s]
[Origin 2/13] 🎲 Drawing Posterior Samples:  12%|█▏        | 177/1488 [00:03<00:26, 49.12step/s]
[Origin 2/13] 🎲 Drawing Posterior Samples:  12%|█▏        | 182/1488 [00:03<00:26, 49.10step/s]
[Origin 2/13] 🎲 Drawing Posterior Samples:  13%|█▎        | 187/1488 [00:03<00:26, 49.07step/s]
[Origin 2/13] 🎲 Drawing Posterior Samples:  13%|█▎        | 192/1488 [00:03<00:26, 49.08step/s]
[Origin 2/13] 🎲 Drawing Posterior Samples:  13%|█▎        | 197/1488 [00:03<00:26, 49.12step/s]
[Origin 2/13] 🎲 Drawing Posterior Samples:  14%|█▎        | 202/1488 [00:04<00:26, 49.17step/s]
[Origin 2/13] 🎲 Drawing Posterior Samples:  14%|█▍        | 207/1488 [00:04<00:26, 49.23step/s]
[Origin 2/13] 🎲 Drawing Posterior Samples:  14%|█▍        | 212/1488 [00:04<00:25, 49.28step/s]
[Origin 2/13] 🎲 Drawing Posterior Samples:  15%|█▍        | 217/1488 [00:04<00:25, 49.28step/s]
[Origin 2/13] 🎲 Drawing Posterior Samples:  15%|█▍        | 222/1488 [00:04<00:25, 49.21step/s]
[Origin 2/13] 🎲 Drawing Posterior Samples:  15%|█▌        | 227/1488 [00:04<00:25, 49.15step/s]
[Origin 2/13] 🎲 Drawing Posterior Samples:  16%|█▌        | 232/1488 [00:04<00:25, 49.14step/s]
[Origin 2/13] 🎲 Drawing Posterior Samples:  16%|█▌        | 237/1488 [00:04<00:25, 49.13step/s]
[Origin 2/13] 🎲 Drawing Posterior Samples:  16%|█▋        | 242/1488 [00:04<00:25, 49.08step/s]
[Origin 2/13] 🎲 Drawing Posterior Samples:  17%|█▋        | 247/1488 [00:04<00:25, 49.09step/s]
[Origin 2/13] 🎲 Drawing Posterior Samples:  17%|█▋        | 252/1488 [00:05<00:25, 49.10step/s]
[Origin 2/13] 🎲 Drawing Posterior Samples:  17%|█▋        | 257/1488 [00:05<00:25, 49.13step/s]
[Origin 2/13] 🎲 Drawing Posterior Samples:  18%|█▊        | 262/1488 [00:05<00:24, 49.17step/s]
[Origin 2/13] 🎲 Drawing Posterior Samples:  18%|█▊        | 267/1488 [00:05<00:24, 49.24step/s]
[Origin 2/13] 🎲 Drawing Posterior Samples:  18%|█▊        | 272/1488 [00:05<00:24, 49.29step/s]
[Origin 2/13] 🎲 Drawing Posterior Samples:  19%|█▊        | 277/1488 [00:05<00:24, 49.26step/s]
[Origin 2/13] 🎲 Drawing Posterior Samples:  19%|█▉        | 282/1488 [00:05<00:24, 49.24step/s]
[Origin 2/13] 🎲 Drawing Posterior Samples:  19%|█▉        | 287/1488 [00:05<00:24, 49.18step/s]
[Origin 2/13] 🎲 Drawing Posterior Samples:  20%|█▉        | 292/1488 [00:05<00:24, 49.17step/s]
[Origin 2/13] 🎲 Drawing Posterior Samples:  20%|█▉        | 297/1488 [00:06<00:24, 49.11step/s]
[Origin 2/13] 🎲 Drawing Posterior Samples:  20%|██        | 302/1488 [00:06<00:24, 49.11step/s]
[Origin 2/13] 🎲 Drawing Posterior Samples:  21%|██        | 307/1488 [00:06<00:24, 49.11step/s]
[Origin 2/13] 🎲 Drawing Posterior Samples:  21%|██        | 312/1488 [00:06<00:23, 49.12step/s]
[Origin 2/13] 🎲 Drawing Posterior Samples:  21%|██▏       | 317/1488 [00:06<00:23, 49.18step/s]
[Origin 2/13] 🎲 Drawing Posterior Samples:  22%|██▏       | 322/1488 [00:06<00:23, 49.26step/s]
[Origin 2/13] 🎲 Drawing Posterior Samples:  22%|██▏       | 327/1488 [00:06<00:23, 49.22step/s]
[Origin 2/13] 🎲 Drawing Posterior Samples:  22%|██▏       | 332/1488 [00:06<00:23, 49.09step/s]
[Origin 2/13] 🎲 Drawing Posterior Samples:  23%|██▎       | 337/1488 [00:06<00:34, 33.79step/s]
[Origin 2/13] 🎲 Drawing Posterior Samples:  23%|██▎       | 342/1488 [00:07<01:16, 14.99step/s]
[Origin 2/13] 🎲 Drawing Posterior Samples:  23%|██▎       | 346/1488 [00:08<01:30, 12.66step/s]
[Origin 2/13] 🎲 Drawing Posterior Samples:  23%|██▎       | 349/1488 [00:08<01:36, 11.85step/s]
[Origin 2/13] 🎲 Drawing Posterior Samples:  24%|██▎       | 351/1488 [00:08<01:38, 11.60step/s]
[Origin 2/13] 🎲 Drawing Posterior Samples:  24%|██▎       | 353/1488 [00:08<01:42, 11.08step/s]
[Origin 2/13] 🎲 Drawing Posterior Samples:  24%|██▍       | 355/1488 [00:09<01:47, 10.50step/s]
[Origin 2/13] 🎲 Drawing Posterior Samples:  24%|██▍       | 357/1488 [00:09<01:49, 10.32step/s]
[Origin 2/13] 🎲 Drawing Posterior Samples:  24%|██▍       | 359/1488 [00:09<01:54,  9.88step/s]
[Origin 2/13] 🎲 Drawing Posterior Samples:  24%|██▍       | 361/1488 [00:09<01:57,  9.57step/s]
[Origin 2/13] 🎲 Drawing Posterior Samples:  24%|██▍       | 363/1488 [00:10<01:58,  9.53step/s]
[Origin 2/13] 🎲 Drawing Posterior Samples:  25%|██▍       | 365/1488 [00:10<02:09,  8.69step/s]
[Origin 2/13] 🎲 Drawing Posterior Samples:  25%|██▍       | 366/1488 [00:10<02:06,  8.85step/s]
[Origin 2/13] 🎲 Drawing Posterior Samples:  25%|██▍       | 367/1488 [00:10<02:06,  8.88step/s]
[Origin 2/13] 🎲 Drawing Posterior Samples:  25%|██▍       | 368/1488 [00:10<02:03,  9.09step/s]
[Origin 2/13] 🎲 Drawing Posterior Samples:  25%|██▍       | 370/1488 [00:10<01:57,  9.54step/s]
[Origin 2/13] 🎲 Drawing Posterior Samples:  25%|██▍       | 371/1488 [00:10<02:05,  8.93step/s]
[Origin 2/13] 🎲 Drawing Posterior Samples:  25%|██▌       | 372/1488 [00:11<02:03,  9.04step/s]
[Origin 2/13] 🎲 Drawing Posterior Samples:  25%|██▌       | 373/1488 [00:23<1:00:03,  3.23s/step]
[Origin 2/13] 🎲 Drawing Posterior Samples:  25%|██▌       | 379/1488 [00:23<19:11,  1.04s/step]  
[Origin 2/13] 🎲 Drawing Posterior Samples:  26%|██▌       | 385/1488 [00:23<09:50,  1.87step/s]
[Origin 2/13] 🎲 Drawing Posterior Samples:  26%|██▋       | 391/1488 [00:23<05:53,  3.11step/s]
[Origin 2/13] 🎲 Drawing Posterior Samples:  27%|██▋       | 397/1488 [00:24<03:48,  4.78step/s]
[Origin 2/13] 🎲 Drawing Posterior Samples:  27%|██▋       | 403/1488 [00:24<02:35,  6.97step/s]
[Origin 2/13] 🎲 Drawing Posterior Samples:  27%|██▋       | 409/1488 [00:24<01:50,  9.78step/s]
[Origin 2/13] 🎲 Drawing Posterior Samples:  28%|██▊       | 415/1488 [00:24<01:21, 13.23step/s]
[Origin 2/13] 🎲 Drawing Posterior Samples:  28%|██▊       | 421/1488 [00:24<01:01, 17.29step/s]
[Origin 2/13] 🎲 Drawing Posterior Samples:  29%|██▊       | 427/1488 [00:24<00:48, 21.79step/s]
[Origin 2/13] 🎲 Drawing Posterior Samples:  29%|██▉       | 433/1488 [00:24<00:39, 26.46step/s]
[Origin 2/13] 🎲 Drawing Posterior Samples:  30%|██▉       | 439/1488 [00:24<00:33, 31.03step/s]
[Origin 2/13] 🎲 Drawing Posterior Samples:  30%|██▉       | 445/1488 [00:24<00:29, 35.25step/s]
[Origin 2/13] 🎲 Drawing Posterior Samples:  30%|███       | 451/1488 [00:25<00:26, 38.95step/s]
[Origin 2/13] 🎲 Drawing Posterior Samples:  31%|███       | 457/1488 [00:25<00:24, 42.16step/s]
[Origin 2/13] 🎲 Drawing Posterior Samples:  31%|███       | 463/1488 [00:25<00:22, 44.79step/s]
[Origin 2/13] 🎲 Drawing Posterior Samples:  32%|███▏      | 469/1488 [00:25<00:21, 46.77step/s]
[Origin 2/13] 🎲 Drawing Posterior Samples:  32%|███▏      | 475/1488 [00:25<00:21, 48.23step/s]
[Origin 2/13] 🎲 Drawing Posterior Samples:  32%|███▏      | 481/1488 [00:25<00:20, 49.30step/s]
[Origin 2/13] 🎲 Drawing Posterior Samples:  33%|███▎      | 487/1488 [00:25<00:20, 49.99step/s]
[Origin 2/13] 🎲 Drawing Posterior Samples:  33%|███▎      | 493/1488 [00:25<00:19, 50.46step/s]
[Origin 2/13] 🎲 Drawing Posterior Samples:  34%|███▎      | 499/1488 [00:26<00:19, 50.67step/s]
[Origin 2/13] 🎲 Drawing Posterior Samples:  34%|███▍      | 505/1488 [00:26<00:19, 50.76step/s]
[Origin 2/13] 🎲 Drawing Posterior Samples:  34%|███▍      | 511/1488 [00:26<00:19, 50.94step/s]
[Origin 2/13] 🎲 Drawing Posterior Samples:  35%|███▍      | 517/1488 [00:26<00:18, 51.18step/s]
[Origin 2/13] 🎲 Drawing Posterior Samples:  35%|███▌      | 523/1488 [00:26<00:18, 51.46step/s]
[Origin 2/13] 🎲 Drawing Posterior Samples:  36%|███▌      | 529/1488 [00:26<00:18, 51.65step/s]
[Origin 2/13] 🎲 Drawing Posterior Samples:  36%|███▌      | 535/1488 [00:26<00:18, 51.82step/s]
[Origin 2/13] 🎲 Drawing Posterior Samples:  36%|███▋      | 541/1488 [00:26<00:18, 51.75step/s]
[Origin 2/13] 🎲 Drawing Posterior Samples:  37%|███▋      | 547/1488 [00:26<00:18, 51.74step/s]
[Origin 2/13] 🎲 Drawing Posterior Samples:  37%|███▋      | 553/1488 [00:27<00:18, 51.75step/s]
[Origin 2/13] 🎲 Drawing Posterior Samples:  38%|███▊      | 559/1488 [00:27<00:17, 51.63step/s]
[Origin 2/13] 🎲 Drawing Posterior Samples:  38%|███▊      | 565/1488 [00:27<00:17, 51.56step/s]
[Origin 2/13] 🎲 Drawing Posterior Samples:  38%|███▊      | 571/1488 [00:27<00:17, 51.50step/s]
[Origin 2/13] 🎲 Drawing Posterior Samples:  39%|███▉      | 577/1488 [00:27<00:17, 51.54step/s]
[Origin 2/13] 🎲 Drawing Posterior Samples:  39%|███▉      | 583/1488 [00:27<00:17, 51.63step/s]
[Origin 2/13] 🎲 Drawing Posterior Samples:  40%|███▉      | 589/1488 [00:27<00:17, 51.70step/s]
[Origin 2/13] 🎲 Drawing Posterior Samples:  40%|███▉      | 595/1488 [00:27<00:17, 51.83step/s]
[Origin 2/13] 🎲 Drawing Posterior Samples:  40%|████      | 601/1488 [00:28<00:17, 51.85step/s]
[Origin 2/13] 🎲 Drawing Posterior Samples:  41%|████      | 607/1488 [00:28<00:16, 51.92step/s]
[Origin 2/13] 🎲 Drawing Posterior Samples:  41%|████      | 613/1488 [00:28<00:16, 51.88step/s]
[Origin 2/13] 🎲 Drawing Posterior Samples:  42%|████▏     | 619/1488 [00:28<00:16, 51.82step/s]
[Origin 2/13] 🎲 Drawing Posterior Samples:  42%|████▏     | 625/1488 [00:28<00:16, 51.79step/s]
[Origin 2/13] 🎲 Drawing Posterior Samples:  42%|████▏     | 631/1488 [00:28<00:16, 51.75step/s]
[Origin 2/13] 🎲 Drawing Posterior Samples:  43%|████▎     | 637/1488 [00:28<00:16, 51.78step/s]
[Origin 2/13] 🎲 Drawing Posterior Samples:  43%|████▎     | 643/1488 [00:28<00:16, 51.74step/s]
[Origin 2/13] 🎲 Drawing Posterior Samples:  44%|████▎     | 649/1488 [00:28<00:16, 51.72step/s]
[Origin 2/13] 🎲 Drawing Posterior Samples:  44%|████▍     | 655/1488 [00:29<00:16, 51.79step/s]
[Origin 2/13] 🎲 Drawing Posterior Samples:  44%|████▍     | 661/1488 [00:29<00:15, 51.77step/s]
[Origin 2/13] 🎲 Drawing Posterior Samples:  45%|████▍     | 667/1488 [00:29<00:15, 51.79step/s]
[Origin 2/13] 🎲 Drawing Posterior Samples:  45%|████▌     | 673/1488 [00:29<00:15, 51.79step/s]
[Origin 2/13] 🎲 Drawing Posterior Samples:  46%|████▌     | 679/1488 [00:29<00:15, 51.80step/s]
[Origin 2/13] 🎲 Drawing Posterior Samples:  46%|████▌     | 685/1488 [00:29<00:15, 51.78step/s]
[Origin 2/13] 🎲 Drawing Posterior Samples:  46%|████▋     | 691/1488 [00:29<00:15, 51.82step/s]
[Origin 2/13] 🎲 Drawing Posterior Samples:  47%|████▋     | 697/1488 [00:29<00:15, 51.81step/s]
[Origin 2/13] 🎲 Drawing Posterior Samples:  47%|████▋     | 703/1488 [00:29<00:15, 51.80step/s]
[Origin 2/13] 🎲 Drawing Posterior Samples:  48%|████▊     | 709/1488 [00:30<00:21, 36.89step/s]
[Origin 2/13] 🎲 Drawing Posterior Samples:  48%|████▊     | 714/1488 [00:30<00:44, 17.53step/s]
[Origin 2/13] 🎲 Drawing Posterior Samples:  48%|████▊     | 718/1488 [00:31<00:56, 13.63step/s]
[Origin 2/13] 🎲 Drawing Posterior Samples:  48%|████▊     | 721/1488 [00:31<01:03, 12.10step/s]
[Origin 2/13] 🎲 Drawing Posterior Samples:  49%|████▊     | 723/1488 [00:32<01:07, 11.36step/s]
[Origin 2/13] 🎲 Drawing Posterior Samples:  49%|████▊     | 725/1488 [00:32<01:11, 10.63step/s]
[Origin 2/13] 🎲 Drawing Posterior Samples:  49%|████▉     | 727/1488 [00:32<01:16,  9.97step/s]
[Origin 2/13] 🎲 Drawing Posterior Samples:  49%|████▉     | 729/1488 [00:32<01:17,  9.75step/s]
[Origin 2/13] 🎲 Drawing Posterior Samples:  49%|████▉     | 731/1488 [00:33<01:23,  9.11step/s]
[Origin 2/13] 🎲 Drawing Posterior Samples:  49%|████▉     | 733/1488 [00:33<01:27,  8.63step/s]
[Origin 2/13] 🎲 Drawing Posterior Samples:  49%|████▉     | 734/1488 [00:33<01:28,  8.49step/s]
[Origin 2/13] 🎲 Drawing Posterior Samples:  49%|████▉     | 735/1488 [00:33<01:29,  8.41step/s]
[Origin 2/13] 🎲 Drawing Posterior Samples:  49%|████▉     | 736/1488 [00:33<01:32,  8.13step/s]
[Origin 2/13] 🎲 Drawing Posterior Samples:  50%|████▉     | 737/1488 [00:33<01:35,  7.90step/s]
[Origin 2/13] 🎲 Drawing Posterior Samples:  50%|████▉     | 738/1488 [00:33<01:42,  7.33step/s]
[Origin 2/13] 🎲 Drawing Posterior Samples:  50%|████▉     | 739/1488 [00:34<01:45,  7.12step/s]
[Origin 2/13] 🎲 Drawing Posterior Samples:  50%|████▉     | 740/1488 [00:34<01:48,  6.89step/s]
[Origin 2/13] 🎲 Drawing Posterior Samples:  50%|████▉     | 741/1488 [00:34<01:46,  6.99step/s]
[Origin 2/13] 🎲 Drawing Posterior Samples:  50%|████▉     | 742/1488 [00:34<01:51,  6.71step/s]
[Origin 2/13] 🎲 Drawing Posterior Samples:  50%|████▉     | 743/1488 [00:34<01:46,  6.98step/s]
[Origin 2/13] 🎲 Drawing Posterior Samples:  50%|█████     | 744/1488 [00:34<01:44,  7.10step/s]
[Origin 2/13] 🎲 Drawing Posterior Samples:  50%|█████     | 745/1488 [00:47<46:08,  3.73s/step]
[Origin 2/13] 🎲 Drawing Posterior Samples:  50%|█████     | 751/1488 [00:47<13:08,  1.07s/step]
[Origin 2/13] 🎲 Drawing Posterior Samples:  51%|█████     | 757/1488 [00:47<06:33,  1.86step/s]
[Origin 2/13] 🎲 Drawing Posterior Samples:  51%|█████▏    | 763/1488 [00:47<03:52,  3.12step/s]
[Origin 2/13] 🎲 Drawing Posterior Samples:  52%|█████▏    | 769/1488 [00:47<02:29,  4.81step/s]
[Origin 2/13] 🎲 Drawing Posterior Samples:  52%|█████▏    | 775/1488 [00:47<01:41,  7.04step/s]
[Origin 2/13] 🎲 Drawing Posterior Samples:  52%|█████▏    | 781/1488 [00:47<01:11,  9.89step/s]
[Origin 2/13] 🎲 Drawing Posterior Samples:  53%|█████▎    | 787/1488 [00:47<00:52, 13.38step/s]
[Origin 2/13] 🎲 Drawing Posterior Samples:  53%|█████▎    | 793/1488 [00:48<00:39, 17.48step/s]
[Origin 2/13] 🎲 Drawing Posterior Samples:  54%|█████▎    | 799/1488 [00:48<00:31, 22.01step/s]
[Origin 2/13] 🎲 Drawing Posterior Samples:  54%|█████▍    | 805/1488 [00:48<00:25, 26.71step/s]
[Origin 2/13] 🎲 Drawing Posterior Samples:  55%|█████▍    | 811/1488 [00:48<00:21, 31.28step/s]
[Origin 2/13] 🎲 Drawing Posterior Samples:  55%|█████▍    | 817/1488 [00:48<00:18, 35.45step/s]
[Origin 2/13] 🎲 Drawing Posterior Samples:  55%|█████▌    | 823/1488 [00:48<00:17, 39.05step/s]
[Origin 2/13] 🎲 Drawing Posterior Samples:  56%|█████▌    | 829/1488 [00:48<00:15, 42.06step/s]
[Origin 2/13] 🎲 Drawing Posterior Samples:  56%|█████▌    | 835/1488 [00:48<00:14, 44.62step/s]
[Origin 2/13] 🎲 Drawing Posterior Samples:  57%|█████▋    | 841/1488 [00:49<00:13, 46.60step/s]
[Origin 2/13] 🎲 Drawing Posterior Samples:  57%|█████▋    | 847/1488 [00:49<00:13, 48.13step/s]
[Origin 2/13] 🎲 Drawing Posterior Samples:  57%|█████▋    | 853/1488 [00:49<00:12, 49.22step/s]
[Origin 2/13] 🎲 Drawing Posterior Samples:  58%|█████▊    | 859/1488 [00:49<00:12, 50.02step/s]
[Origin 2/13] 🎲 Drawing Posterior Samples:  58%|█████▊    | 865/1488 [00:49<00:12, 50.63step/s]
[Origin 2/13] 🎲 Drawing Posterior Samples:  59%|█████▊    | 871/1488 [00:49<00:12, 51.00step/s]
[Origin 2/13] 🎲 Drawing Posterior Samples:  59%|█████▉    | 877/1488 [00:49<00:11, 51.20step/s]
[Origin 2/13] 🎲 Drawing Posterior Samples:  59%|█████▉    | 883/1488 [00:49<00:11, 51.33step/s]
[Origin 2/13] 🎲 Drawing Posterior Samples:  60%|█████▉    | 889/1488 [00:49<00:11, 51.42step/s]
[Origin 2/13] 🎲 Drawing Posterior Samples:  60%|██████    | 895/1488 [00:50<00:11, 51.44step/s]
[Origin 2/13] 🎲 Drawing Posterior Samples:  61%|██████    | 901/1488 [00:50<00:11, 51.63step/s]
[Origin 2/13] 🎲 Drawing Posterior Samples:  61%|██████    | 907/1488 [00:50<00:11, 51.55step/s]
[Origin 2/13] 🎲 Drawing Posterior Samples:  61%|██████▏   | 913/1488 [00:50<00:11, 51.67step/s]
[Origin 2/13] 🎲 Drawing Posterior Samples:  62%|██████▏   | 919/1488 [00:50<00:10, 51.73step/s]
[Origin 2/13] 🎲 Drawing Posterior Samples:  62%|██████▏   | 925/1488 [00:50<00:10, 51.74step/s]
[Origin 2/13] 🎲 Drawing Posterior Samples:  63%|██████▎   | 931/1488 [00:50<00:10, 51.78step/s]
[Origin 2/13] 🎲 Drawing Posterior Samples:  63%|██████▎   | 937/1488 [00:50<00:10, 51.79step/s]
[Origin 2/13] 🎲 Drawing Posterior Samples:  63%|██████▎   | 943/1488 [00:50<00:10, 51.77step/s]
[Origin 2/13] 🎲 Drawing Posterior Samples:  64%|██████▍   | 949/1488 [00:51<00:10, 51.79step/s]
[Origin 2/13] 🎲 Drawing Posterior Samples:  64%|██████▍   | 955/1488 [00:51<00:10, 51.77step/s]
[Origin 2/13] 🎲 Drawing Posterior Samples:  65%|██████▍   | 961/1488 [00:51<00:10, 51.82step/s]
[Origin 2/13] 🎲 Drawing Posterior Samples:  65%|██████▍   | 967/1488 [00:51<00:10, 51.78step/s]
[Origin 2/13] 🎲 Drawing Posterior Samples:  65%|██████▌   | 973/1488 [00:51<00:09, 51.84step/s]
[Origin 2/13] 🎲 Drawing Posterior Samples:  66%|██████▌   | 979/1488 [00:51<00:09, 51.86step/s]
[Origin 2/13] 🎲 Drawing Posterior Samples:  66%|██████▌   | 985/1488 [00:51<00:09, 51.85step/s]
[Origin 2/13] 🎲 Drawing Posterior Samples:  67%|██████▋   | 991/1488 [00:51<00:09, 51.84step/s]
[Origin 2/13] 🎲 Drawing Posterior Samples:  67%|██████▋   | 997/1488 [00:52<00:09, 51.80step/s]
[Origin 2/13] 🎲 Drawing Posterior Samples:  67%|██████▋   | 1003/1488 [00:52<00:09, 51.81step/s]
[Origin 2/13] 🎲 Drawing Posterior Samples:  68%|██████▊   | 1009/1488 [00:52<00:09, 51.79step/s]
[Origin 2/13] 🎲 Drawing Posterior Samples:  68%|██████▊   | 1015/1488 [00:52<00:09, 51.78step/s]
[Origin 2/13] 🎲 Drawing Posterior Samples:  69%|██████▊   | 1021/1488 [00:52<00:09, 51.84step/s]
[Origin 2/13] 🎲 Drawing Posterior Samples:  69%|██████▉   | 1027/1488 [00:52<00:08, 51.83step/s]
[Origin 2/13] 🎲 Drawing Posterior Samples:  69%|██████▉   | 1033/1488 [00:52<00:08, 51.83step/s]
[Origin 2/13] 🎲 Drawing Posterior Samples:  70%|██████▉   | 1039/1488 [00:52<00:08, 51.81step/s]
[Origin 2/13] 🎲 Drawing Posterior Samples:  70%|███████   | 1045/1488 [00:53<00:09, 46.43step/s]
[Origin 2/13] 🎲 Drawing Posterior Samples:  71%|███████   | 1051/1488 [00:53<00:09, 47.97step/s]
[Origin 2/13] 🎲 Drawing Posterior Samples:  71%|███████   | 1057/1488 [00:53<00:08, 48.87step/s]
[Origin 2/13] 🎲 Drawing Posterior Samples:  71%|███████▏  | 1063/1488 [00:53<00:08, 49.51step/s]
[Origin 2/13] 🎲 Drawing Posterior Samples:  72%|███████▏  | 1069/1488 [00:53<00:08, 50.05step/s]
[Origin 2/13] 🎲 Drawing Posterior Samples:  72%|███████▏  | 1075/1488 [00:53<00:08, 50.48step/s]
[Origin 2/13] 🎲 Drawing Posterior Samples:  73%|███████▎  | 1081/1488 [00:53<00:13, 31.27step/s]
[Origin 2/13] 🎲 Drawing Posterior Samples:  73%|███████▎  | 1086/1488 [00:54<00:21, 18.54step/s]
[Origin 2/13] 🎲 Drawing Posterior Samples:  73%|███████▎  | 1090/1488 [00:55<00:28, 14.20step/s]
[Origin 2/13] 🎲 Drawing Posterior Samples:  73%|███████▎  | 1093/1488 [00:55<00:31, 12.53step/s]
[Origin 2/13] 🎲 Drawing Posterior Samples:  74%|███████▎  | 1095/1488 [00:55<00:35, 11.14step/s]
[Origin 2/13] 🎲 Drawing Posterior Samples:  74%|███████▎  | 1097/1488 [00:55<00:37, 10.51step/s]
[Origin 2/13] 🎲 Drawing Posterior Samples:  74%|███████▍  | 1099/1488 [00:56<00:39,  9.96step/s]
[Origin 2/13] 🎲 Drawing Posterior Samples:  74%|███████▍  | 1101/1488 [00:56<00:38, 10.04step/s]
[Origin 2/13] 🎲 Drawing Posterior Samples:  74%|███████▍  | 1103/1488 [00:56<00:45,  8.52step/s]
[Origin 2/13] 🎲 Drawing Posterior Samples:  74%|███████▍  | 1104/1488 [00:56<00:53,  7.24step/s]
[Origin 2/13] 🎲 Drawing Posterior Samples:  74%|███████▍  | 1105/1488 [00:57<00:52,  7.36step/s]
[Origin 2/13] 🎲 Drawing Posterior Samples:  74%|███████▍  | 1106/1488 [00:57<00:49,  7.67step/s]
[Origin 2/13] 🎲 Drawing Posterior Samples:  74%|███████▍  | 1107/1488 [00:57<00:49,  7.70step/s]
[Origin 2/13] 🎲 Drawing Posterior Samples:  74%|███████▍  | 1108/1488 [00:57<00:54,  7.00step/s]
[Origin 2/13] 🎲 Drawing Posterior Samples:  75%|███████▍  | 1109/1488 [00:57<00:52,  7.21step/s]
[Origin 2/13] 🎲 Drawing Posterior Samples:  75%|███████▍  | 1110/1488 [00:57<00:50,  7.55step/s]
[Origin 2/13] 🎲 Drawing Posterior Samples:  75%|███████▍  | 1111/1488 [00:57<00:47,  7.86step/s]
[Origin 2/13] 🎲 Drawing Posterior Samples:  75%|███████▍  | 1112/1488 [00:57<00:47,  7.91step/s]
[Origin 2/13] 🎲 Drawing Posterior Samples:  75%|███████▍  | 1113/1488 [00:58<00:46,  8.08step/s]
[Origin 2/13] 🎲 Drawing Posterior Samples:  75%|███████▍  | 1114/1488 [00:58<00:44,  8.34step/s]
[Origin 2/13] 🎲 Drawing Posterior Samples:  75%|███████▍  | 1115/1488 [00:58<00:43,  8.53step/s]
[Origin 2/13] 🎲 Drawing Posterior Samples:  75%|███████▌  | 1116/1488 [00:58<00:42,  8.70step/s]
[Origin 2/13] 🎲 Drawing Posterior Samples:  75%|███████▌  | 1117/1488 [01:10<23:09,  3.75s/step]
[Origin 2/13] 🎲 Drawing Posterior Samples:  75%|███████▌  | 1123/1488 [01:10<06:30,  1.07s/step]
[Origin 2/13] 🎲 Drawing Posterior Samples:  76%|███████▌  | 1129/1488 [01:10<03:13,  1.86step/s]
[Origin 2/13] 🎲 Drawing Posterior Samples:  76%|███████▋  | 1135/1488 [01:11<01:52,  3.12step/s]
[Origin 2/13] 🎲 Drawing Posterior Samples:  77%|███████▋  | 1141/1488 [01:11<01:11,  4.83step/s]
[Origin 2/13] 🎲 Drawing Posterior Samples:  77%|███████▋  | 1147/1488 [01:11<00:48,  7.06step/s]
[Origin 2/13] 🎲 Drawing Posterior Samples:  77%|███████▋  | 1153/1488 [01:11<00:33,  9.91step/s]
[Origin 2/13] 🎲 Drawing Posterior Samples:  78%|███████▊  | 1159/1488 [01:11<00:24, 13.40step/s]
[Origin 2/13] 🎲 Drawing Posterior Samples:  78%|███████▊  | 1164/1488 [01:11<00:19, 16.67step/s]
[Origin 2/13] 🎲 Drawing Posterior Samples:  79%|███████▊  | 1170/1488 [01:11<00:14, 21.34step/s]
[Origin 2/13] 🎲 Drawing Posterior Samples:  79%|███████▉  | 1176/1488 [01:11<00:11, 26.16step/s]
[Origin 2/13] 🎲 Drawing Posterior Samples:  79%|███████▉  | 1182/1488 [01:12<00:09, 30.82step/s]
[Origin 2/13] 🎲 Drawing Posterior Samples:  80%|███████▉  | 1188/1488 [01:12<00:08, 35.12step/s]
[Origin 2/13] 🎲 Drawing Posterior Samples:  80%|████████  | 1194/1488 [01:12<00:07, 38.87step/s]
[Origin 2/13] 🎲 Drawing Posterior Samples:  81%|████████  | 1200/1488 [01:12<00:06, 42.04step/s]
[Origin 2/13] 🎲 Drawing Posterior Samples:  81%|████████  | 1206/1488 [01:12<00:06, 44.63step/s]
[Origin 2/13] 🎲 Drawing Posterior Samples:  81%|████████▏ | 1212/1488 [01:12<00:05, 46.63step/s]
[Origin 2/13] 🎲 Drawing Posterior Samples:  82%|████████▏ | 1218/1488 [01:12<00:05, 48.15step/s]
[Origin 2/13] 🎲 Drawing Posterior Samples:  82%|████████▏ | 1224/1488 [01:12<00:05, 49.26step/s]
[Origin 2/13] 🎲 Drawing Posterior Samples:  83%|████████▎ | 1230/1488 [01:12<00:05, 50.04step/s]
[Origin 2/13] 🎲 Drawing Posterior Samples:  83%|████████▎ | 1236/1488 [01:13<00:04, 50.59step/s]
[Origin 2/13] 🎲 Drawing Posterior Samples:  83%|████████▎ | 1242/1488 [01:13<00:04, 50.93step/s]
[Origin 2/13] 🎲 Drawing Posterior Samples:  84%|████████▍ | 1248/1488 [01:13<00:04, 51.11step/s]
[Origin 2/13] 🎲 Drawing Posterior Samples:  84%|████████▍ | 1254/1488 [01:13<00:04, 51.25step/s]
[Origin 2/13] 🎲 Drawing Posterior Samples:  85%|████████▍ | 1260/1488 [01:13<00:04, 51.43step/s]
[Origin 2/13] 🎲 Drawing Posterior Samples:  85%|████████▌ | 1266/1488 [01:13<00:04, 51.56step/s]
[Origin 2/13] 🎲 Drawing Posterior Samples:  85%|████████▌ | 1272/1488 [01:13<00:04, 51.63step/s]
[Origin 2/13] 🎲 Drawing Posterior Samples:  86%|████████▌ | 1278/1488 [01:13<00:04, 51.68step/s]
[Origin 2/13] 🎲 Drawing Posterior Samples:  86%|████████▋ | 1284/1488 [01:13<00:03, 51.74step/s]
[Origin 2/13] 🎲 Drawing Posterior Samples:  87%|████████▋ | 1290/1488 [01:14<00:03, 51.78step/s]
[Origin 2/13] 🎲 Drawing Posterior Samples:  87%|████████▋ | 1296/1488 [01:14<00:03, 51.77step/s]
[Origin 2/13] 🎲 Drawing Posterior Samples:  88%|████████▊ | 1302/1488 [01:14<00:03, 51.82step/s]
[Origin 2/13] 🎲 Drawing Posterior Samples:  88%|████████▊ | 1308/1488 [01:14<00:03, 51.79step/s]
[Origin 2/13] 🎲 Drawing Posterior Samples:  88%|████████▊ | 1314/1488 [01:14<00:03, 51.80step/s]
[Origin 2/13] 🎲 Drawing Posterior Samples:  89%|████████▊ | 1320/1488 [01:14<00:03, 51.81step/s]
[Origin 2/13] 🎲 Drawing Posterior Samples:  89%|████████▉ | 1326/1488 [01:14<00:03, 51.78step/s]
[Origin 2/13] 🎲 Drawing Posterior Samples:  90%|████████▉ | 1332/1488 [01:14<00:03, 51.65step/s]
[Origin 2/13] 🎲 Drawing Posterior Samples:  90%|████████▉ | 1338/1488 [01:15<00:02, 51.68step/s]
[Origin 2/13] 🎲 Drawing Posterior Samples:  90%|█████████ | 1344/1488 [01:15<00:02, 51.69step/s]
[Origin 2/13] 🎲 Drawing Posterior Samples:  91%|█████████ | 1350/1488 [01:15<00:02, 51.72step/s]
[Origin 2/13] 🎲 Drawing Posterior Samples:  91%|█████████ | 1356/1488 [01:15<00:02, 51.76step/s]
[Origin 2/13] 🎲 Drawing Posterior Samples:  92%|█████████▏| 1362/1488 [01:15<00:02, 51.77step/s]
[Origin 2/13] 🎲 Drawing Posterior Samples:  92%|█████████▏| 1368/1488 [01:15<00:02, 51.81step/s]
[Origin 2/13] 🎲 Drawing Posterior Samples:  92%|█████████▏| 1374/1488 [01:15<00:02, 51.80step/s]
[Origin 2/13] 🎲 Drawing Posterior Samples:  93%|█████████▎| 1380/1488 [01:15<00:02, 51.81step/s]
[Origin 2/13] 🎲 Drawing Posterior Samples:  93%|█████████▎| 1386/1488 [01:15<00:01, 51.82step/s]
[Origin 2/13] 🎲 Drawing Posterior Samples:  94%|█████████▎| 1392/1488 [01:16<00:01, 51.83step/s]
[Origin 2/13] 🎲 Drawing Posterior Samples:  94%|█████████▍| 1398/1488 [01:16<00:01, 51.78step/s]
[Origin 2/13] 🎲 Drawing Posterior Samples:  94%|█████████▍| 1404/1488 [01:16<00:01, 51.81step/s]
[Origin 2/13] 🎲 Drawing Posterior Samples:  95%|█████████▍| 1410/1488 [01:16<00:01, 51.82step/s]
[Origin 2/13] 🎲 Drawing Posterior Samples:  95%|█████████▌| 1416/1488 [01:16<00:01, 51.80step/s]
[Origin 2/13] 🎲 Drawing Posterior Samples:  96%|█████████▌| 1422/1488 [01:16<00:01, 51.78step/s]
[Origin 2/13] 🎲 Drawing Posterior Samples:  96%|█████████▌| 1428/1488 [01:16<00:01, 51.79step/s]
[Origin 2/13] 🎲 Drawing Posterior Samples:  96%|█████████▋| 1434/1488 [01:16<00:01, 51.78step/s]
[Origin 2/13] 🎲 Drawing Posterior Samples:  97%|█████████▋| 1440/1488 [01:16<00:00, 51.79step/s]
[Origin 2/13] 🎲 Drawing Posterior Samples:  97%|█████████▋| 1446/1488 [01:17<00:00, 51.77step/s]
[Origin 2/13] 🎲 Drawing Posterior Samples:  98%|█████████▊| 1452/1488 [01:17<00:00, 51.79step/s]
[Origin 2/13] 🎲 Drawing Posterior Samples:  98%|█████████▊| 1458/1488 [01:18<00:01, 18.01step/s]
[Origin 2/13] 🎲 Drawing Posterior Samples:  98%|█████████▊| 1462/1488 [01:18<00:01, 13.84step/s]
[Origin 2/13] 🎲 Drawing Posterior Samples:  98%|█████████▊| 1465/1488 [01:19<00:01, 11.69step/s]
[Origin 2/13] 🎲 Drawing Posterior Samples:  99%|█████████▊| 1468/1488 [01:19<00:01, 10.21step/s]
[Origin 2/13] 🎲 Drawing Posterior Samples:  99%|█████████▉| 1470/1488 [01:19<00:01,  9.44step/s]
[Origin 2/13] 🎲 Drawing Posterior Samples:  99%|█████████▉| 1472/1488 [01:19<00:01,  9.17step/s]
[Origin 2/13] 🎲 Drawing Posterior Samples:  99%|█████████▉| 1474/1488 [01:20<00:01,  8.35step/s]
[Origin 2/13] 🎲 Drawing Posterior Samples:  99%|█████████▉| 1476/1488 [01:20<00:01,  7.53step/s]
[Origin 2/13] 🎲 Drawing Posterior Samples:  99%|█████████▉| 1477/1488 [01:20<00:01,  7.13step/s]
[Origin 2/13] 🎲 Drawing Posterior Samples:  99%|█████████▉| 1478/1488 [01:21<00:01,  6.74step/s]
[Origin 2/13] 🎲 Drawing Posterior Samples:  99%|█████████▉| 1479/1488 [01:21<00:01,  6.30step/s]
[Origin 2/13] 🎲 Drawing Posterior Samples:  99%|█████████▉| 1480/1488 [01:21<00:01,  5.87step/s]
[Origin 2/13] 🎲 Drawing Posterior Samples: 100%|█████████▉| 1481/1488 [01:21<00:01,  5.82step/s]
[Origin 2/13] 🎲 Drawing Posterior Samples: 100%|█████████▉| 1482/1488 [01:21<00:01,  5.71step/s]
[Origin 2/13] 🎲 Drawing Posterior Samples: 100%|█████████▉| 1483/1488 [01:21<00:00,  5.89step/s]
[Origin 2/13] 🎲 Drawing Posterior Samples: 100%|█████████▉| 1484/1488 [01:22<00:00,  5.76step/s]
[Origin 2/13] 🎲 Drawing Posterior Samples: 100%|█████████▉| 1485/1488 [01:22<00:00,  5.55step/s]
[Origin 2/13] 🎲 Drawing Posterior Samples: 100%|█████████▉| 1486/1488 [01:22<00:00,  5.68step/s]
[Origin 2/13] 🎲 Drawing Posterior Samples: 100%|█████████▉| 1487/1488 [01:22<00:00,  5.69step/s]
[Origin 2/13] 🎲 Drawing Posterior Samples: 100%|██████████| 1488/1488 [01:22<00:00,  5.75step/s]
                                                                                                 

[Origin 3/13] 🎲 Drawing Posterior Samples:   0%|          | 0/1492 [00:00<?, ?step/s]
[Origin 3/13] 🎲 Drawing Posterior Samples:   0%|          | 6/1492 [00:00<00:25, 58.94step/s]
[Origin 3/13] 🎲 Drawing Posterior Samples:   1%|          | 15/1492 [00:00<00:19, 76.32step/s]
[Origin 3/13] 🎲 Drawing Posterior Samples:   2%|▏         | 23/1492 [00:00<00:19, 73.52step/s]
[Origin 3/13] 🎲 Drawing Posterior Samples:   2%|▏         | 31/1492 [00:00<00:20, 70.95step/s]
[Origin 3/13] 🎲 Drawing Posterior Samples:   3%|▎         | 39/1492 [00:00<00:20, 69.50step/s]
[Origin 3/13] 🎲 Drawing Posterior Samples:   3%|▎         | 46/1492 [00:00<00:21, 68.63step/s]
[Origin 3/13] 🎲 Drawing Posterior Samples:   4%|▎         | 53/1492 [00:00<00:22, 63.04step/s]
[Origin 3/13] 🎲 Drawing Posterior Samples:   4%|▍         | 60/1492 [00:00<00:24, 58.12step/s]
[Origin 3/13] 🎲 Drawing Posterior Samples:   4%|▍         | 66/1492 [00:01<00:25, 55.90step/s]
[Origin 3/13] 🎲 Drawing Posterior Samples:   5%|▍         | 72/1492 [00:01<00:26, 54.36step/s]
[Origin 3/13] 🎲 Drawing Posterior Samples:   5%|▌         | 78/1492 [00:01<00:26, 53.52step/s]
[Origin 3/13] 🎲 Drawing Posterior Samples:   6%|▌         | 84/1492 [00:01<00:26, 52.98step/s]
[Origin 3/13] 🎲 Drawing Posterior Samples:   6%|▌         | 90/1492 [00:01<00:26, 52.62step/s]
[Origin 3/13] 🎲 Drawing Posterior Samples:   6%|▋         | 96/1492 [00:01<00:26, 52.38step/s]
[Origin 3/13] 🎲 Drawing Posterior Samples:   7%|▋         | 102/1492 [00:01<00:26, 52.21step/s]
[Origin 3/13] 🎲 Drawing Posterior Samples:   7%|▋         | 108/1492 [00:01<00:26, 52.02step/s]
[Origin 3/13] 🎲 Drawing Posterior Samples:   8%|▊         | 114/1492 [00:01<00:26, 51.76step/s]
[Origin 3/13] 🎲 Drawing Posterior Samples:   8%|▊         | 120/1492 [00:02<00:26, 51.53step/s]
[Origin 3/13] 🎲 Drawing Posterior Samples:   8%|▊         | 126/1492 [00:02<00:26, 51.43step/s]
[Origin 3/13] 🎲 Drawing Posterior Samples:   9%|▉         | 132/1492 [00:02<00:26, 51.31step/s]
[Origin 3/13] 🎲 Drawing Posterior Samples:   9%|▉         | 138/1492 [00:02<00:26, 51.26step/s]
[Origin 3/13] 🎲 Drawing Posterior Samples:  10%|▉         | 144/1492 [00:02<00:26, 51.35step/s]
[Origin 3/13] 🎲 Drawing Posterior Samples:  10%|█         | 150/1492 [00:02<00:26, 51.43step/s]
[Origin 3/13] 🎲 Drawing Posterior Samples:  10%|█         | 156/1492 [00:02<00:25, 51.53step/s]
[Origin 3/13] 🎲 Drawing Posterior Samples:  11%|█         | 162/1492 [00:02<00:25, 51.59step/s]
[Origin 3/13] 🎲 Drawing Posterior Samples:  11%|█▏        | 168/1492 [00:03<00:25, 51.50step/s]
[Origin 3/13] 🎲 Drawing Posterior Samples:  12%|█▏        | 174/1492 [00:03<00:25, 51.30step/s]
[Origin 3/13] 🎲 Drawing Posterior Samples:  12%|█▏        | 180/1492 [00:03<00:25, 51.05step/s]
[Origin 3/13] 🎲 Drawing Posterior Samples:  12%|█▏        | 186/1492 [00:03<00:25, 50.83step/s]
[Origin 3/13] 🎲 Drawing Posterior Samples:  13%|█▎        | 192/1492 [00:03<00:25, 50.76step/s]
[Origin 3/13] 🎲 Drawing Posterior Samples:  13%|█▎        | 198/1492 [00:03<00:25, 50.68step/s]
[Origin 3/13] 🎲 Drawing Posterior Samples:  14%|█▎        | 204/1492 [00:03<00:25, 50.80step/s]
[Origin 3/13] 🎲 Drawing Posterior Samples:  14%|█▍        | 210/1492 [00:03<00:25, 51.05step/s]
[Origin 3/13] 🎲 Drawing Posterior Samples:  14%|█▍        | 216/1492 [00:03<00:24, 51.24step/s]
[Origin 3/13] 🎲 Drawing Posterior Samples:  15%|█▍        | 222/1492 [00:04<00:24, 51.45step/s]
[Origin 3/13] 🎲 Drawing Posterior Samples:  15%|█▌        | 228/1492 [00:04<00:24, 51.49step/s]
[Origin 3/13] 🎲 Drawing Posterior Samples:  16%|█▌        | 234/1492 [00:04<00:24, 51.45step/s]
[Origin 3/13] 🎲 Drawing Posterior Samples:  16%|█▌        | 240/1492 [00:04<00:24, 51.41step/s]
[Origin 3/13] 🎲 Drawing Posterior Samples:  16%|█▋        | 246/1492 [00:04<00:24, 51.34step/s]
[Origin 3/13] 🎲 Drawing Posterior Samples:  17%|█▋        | 252/1492 [00:04<00:24, 51.28step/s]
[Origin 3/13] 🎲 Drawing Posterior Samples:  17%|█▋        | 258/1492 [00:04<00:24, 51.14step/s]
[Origin 3/13] 🎲 Drawing Posterior Samples:  18%|█▊        | 264/1492 [00:04<00:29, 42.17step/s]
[Origin 3/13] 🎲 Drawing Posterior Samples:  18%|█▊        | 270/1492 [00:05<00:27, 44.69step/s]
[Origin 3/13] 🎲 Drawing Posterior Samples:  18%|█▊        | 276/1492 [00:05<00:26, 46.63step/s]
[Origin 3/13] 🎲 Drawing Posterior Samples:  19%|█▉        | 282/1492 [00:05<00:25, 48.00step/s]
[Origin 3/13] 🎲 Drawing Posterior Samples:  19%|█▉        | 288/1492 [00:05<00:24, 48.98step/s]
[Origin 3/13] 🎲 Drawing Posterior Samples:  20%|█▉        | 294/1492 [00:05<00:24, 49.67step/s]
[Origin 3/13] 🎲 Drawing Posterior Samples:  20%|██        | 300/1492 [00:05<00:23, 50.17step/s]
[Origin 3/13] 🎲 Drawing Posterior Samples:  21%|██        | 306/1492 [00:05<00:23, 50.51step/s]
[Origin 3/13] 🎲 Drawing Posterior Samples:  21%|██        | 312/1492 [00:05<00:23, 50.67step/s]
[Origin 3/13] 🎲 Drawing Posterior Samples:  21%|██▏       | 318/1492 [00:06<00:23, 50.70step/s]
[Origin 3/13] 🎲 Drawing Posterior Samples:  22%|██▏       | 324/1492 [00:06<00:22, 50.79step/s]
[Origin 3/13] 🎲 Drawing Posterior Samples:  22%|██▏       | 330/1492 [00:06<00:22, 51.03step/s]
[Origin 3/13] 🎲 Drawing Posterior Samples:  23%|██▎       | 336/1492 [00:06<00:22, 51.23step/s]
[Origin 3/13] 🎲 Drawing Posterior Samples:  23%|██▎       | 342/1492 [00:07<00:55, 20.90step/s]
[Origin 3/13] 🎲 Drawing Posterior Samples:  23%|██▎       | 346/1492 [00:07<01:09, 16.41step/s]
[Origin 3/13] 🎲 Drawing Posterior Samples:  23%|██▎       | 349/1492 [00:07<01:18, 14.59step/s]
[Origin 3/13] 🎲 Drawing Posterior Samples:  24%|██▎       | 352/1492 [00:08<01:26, 13.20step/s]
[Origin 3/13] 🎲 Drawing Posterior Samples:  24%|██▎       | 354/1492 [00:08<01:32, 12.25step/s]
[Origin 3/13] 🎲 Drawing Posterior Samples:  24%|██▍       | 356/1492 [00:08<01:38, 11.58step/s]
[Origin 3/13] 🎲 Drawing Posterior Samples:  24%|██▍       | 358/1492 [00:08<01:41, 11.14step/s]
[Origin 3/13] 🎲 Drawing Posterior Samples:  24%|██▍       | 360/1492 [00:08<01:47, 10.55step/s]
[Origin 3/13] 🎲 Drawing Posterior Samples:  24%|██▍       | 362/1492 [00:09<02:01,  9.29step/s]
[Origin 3/13] 🎲 Drawing Posterior Samples:  24%|██▍       | 364/1492 [00:09<02:08,  8.77step/s]
[Origin 3/13] 🎲 Drawing Posterior Samples:  24%|██▍       | 365/1492 [00:09<02:08,  8.80step/s]
[Origin 3/13] 🎲 Drawing Posterior Samples:  25%|██▍       | 366/1492 [00:09<02:10,  8.63step/s]
[Origin 3/13] 🎲 Drawing Posterior Samples:  25%|██▍       | 367/1492 [00:09<02:20,  8.00step/s]
[Origin 3/13] 🎲 Drawing Posterior Samples:  25%|██▍       | 368/1492 [00:10<02:28,  7.55step/s]
[Origin 3/13] 🎲 Drawing Posterior Samples:  25%|██▍       | 369/1492 [00:10<02:34,  7.28step/s]
[Origin 3/13] 🎲 Drawing Posterior Samples:  25%|██▍       | 370/1492 [00:10<02:36,  7.17step/s]
[Origin 3/13] 🎲 Drawing Posterior Samples:  25%|██▍       | 371/1492 [00:10<02:39,  7.04step/s]
[Origin 3/13] 🎲 Drawing Posterior Samples:  25%|██▍       | 372/1492 [00:10<02:42,  6.91step/s]
[Origin 3/13] 🎲 Drawing Posterior Samples:  25%|██▌       | 373/1492 [00:10<02:44,  6.78step/s]
[Origin 3/13] 🎲 Drawing Posterior Samples:  25%|██▌       | 374/1492 [00:23<1:09:08,  3.71s/step]
[Origin 3/13] 🎲 Drawing Posterior Samples:  25%|██▌       | 380/1492 [00:23<19:59,  1.08s/step]  
[Origin 3/13] 🎲 Drawing Posterior Samples:  26%|██▌       | 386/1492 [00:23<10:01,  1.84step/s]
[Origin 3/13] 🎲 Drawing Posterior Samples:  26%|██▌       | 391/1492 [00:23<06:22,  2.88step/s]
[Origin 3/13] 🎲 Drawing Posterior Samples:  27%|██▋       | 397/1492 [00:23<03:59,  4.57step/s]
[Origin 3/13] 🎲 Drawing Posterior Samples:  27%|██▋       | 403/1492 [00:23<02:40,  6.79step/s]
[Origin 3/13] 🎲 Drawing Posterior Samples:  27%|██▋       | 409/1492 [00:23<01:52,  9.63step/s]
[Origin 3/13] 🎲 Drawing Posterior Samples:  28%|██▊       | 415/1492 [00:24<01:21, 13.14step/s]
[Origin 3/13] 🎲 Drawing Posterior Samples:  28%|██▊       | 421/1492 [00:24<01:02, 17.24step/s]
[Origin 3/13] 🎲 Drawing Posterior Samples:  29%|██▊       | 427/1492 [00:24<00:48, 21.83step/s]
[Origin 3/13] 🎲 Drawing Posterior Samples:  29%|██▉       | 433/1492 [00:24<00:39, 26.59step/s]
[Origin 3/13] 🎲 Drawing Posterior Samples:  29%|██▉       | 439/1492 [00:24<00:33, 31.23step/s]
[Origin 3/13] 🎲 Drawing Posterior Samples:  30%|██▉       | 445/1492 [00:24<00:29, 35.50step/s]
[Origin 3/13] 🎲 Drawing Posterior Samples:  30%|███       | 451/1492 [00:24<00:26, 39.16step/s]
[Origin 3/13] 🎲 Drawing Posterior Samples:  31%|███       | 457/1492 [00:24<00:24, 42.30step/s]
[Origin 3/13] 🎲 Drawing Posterior Samples:  31%|███       | 463/1492 [00:24<00:22, 44.81step/s]
[Origin 3/13] 🎲 Drawing Posterior Samples:  31%|███▏      | 469/1492 [00:25<00:21, 46.91step/s]
[Origin 3/13] 🎲 Drawing Posterior Samples:  32%|███▏      | 475/1492 [00:25<00:20, 48.48step/s]
[Origin 3/13] 🎲 Drawing Posterior Samples:  32%|███▏      | 481/1492 [00:25<00:20, 49.68step/s]
[Origin 3/13] 🎲 Drawing Posterior Samples:  33%|███▎      | 487/1492 [00:25<00:19, 50.44step/s]
[Origin 3/13] 🎲 Drawing Posterior Samples:  33%|███▎      | 493/1492 [00:25<00:19, 50.97step/s]
[Origin 3/13] 🎲 Drawing Posterior Samples:  33%|███▎      | 499/1492 [00:25<00:19, 51.31step/s]
[Origin 3/13] 🎲 Drawing Posterior Samples:  34%|███▍      | 505/1492 [00:25<00:19, 51.49step/s]
[Origin 3/13] 🎲 Drawing Posterior Samples:  34%|███▍      | 511/1492 [00:25<00:19, 51.52step/s]
[Origin 3/13] 🎲 Drawing Posterior Samples:  35%|███▍      | 517/1492 [00:26<00:18, 51.62step/s]
[Origin 3/13] 🎲 Drawing Posterior Samples:  35%|███▌      | 523/1492 [00:26<00:18, 51.75step/s]
[Origin 3/13] 🎲 Drawing Posterior Samples:  35%|███▌      | 529/1492 [00:26<00:18, 51.96step/s]
[Origin 3/13] 🎲 Drawing Posterior Samples:  36%|███▌      | 535/1492 [00:26<00:18, 52.23step/s]
[Origin 3/13] 🎲 Drawing Posterior Samples:  36%|███▋      | 541/1492 [00:26<00:18, 52.32step/s]
[Origin 3/13] 🎲 Drawing Posterior Samples:  37%|███▋      | 547/1492 [00:26<00:18, 52.29step/s]
[Origin 3/13] 🎲 Drawing Posterior Samples:  37%|███▋      | 553/1492 [00:26<00:17, 52.28step/s]
[Origin 3/13] 🎲 Drawing Posterior Samples:  37%|███▋      | 559/1492 [00:26<00:17, 52.31step/s]
[Origin 3/13] 🎲 Drawing Posterior Samples:  38%|███▊      | 565/1492 [00:26<00:17, 52.20step/s]
[Origin 3/13] 🎲 Drawing Posterior Samples:  38%|███▊      | 571/1492 [00:27<00:17, 51.99step/s]
[Origin 3/13] 🎲 Drawing Posterior Samples:  39%|███▊      | 577/1492 [00:27<00:17, 51.91step/s]
[Origin 3/13] 🎲 Drawing Posterior Samples:  39%|███▉      | 583/1492 [00:27<00:17, 51.88step/s]
[Origin 3/13] 🎲 Drawing Posterior Samples:  39%|███▉      | 589/1492 [00:27<00:17, 52.04step/s]
[Origin 3/13] 🎲 Drawing Posterior Samples:  40%|███▉      | 595/1492 [00:27<00:17, 52.18step/s]
[Origin 3/13] 🎲 Drawing Posterior Samples:  40%|████      | 601/1492 [00:27<00:17, 52.31step/s]
[Origin 3/13] 🎲 Drawing Posterior Samples:  41%|████      | 607/1492 [00:27<00:16, 52.35step/s]
[Origin 3/13] 🎲 Drawing Posterior Samples:  41%|████      | 613/1492 [00:27<00:16, 52.37step/s]
[Origin 3/13] 🎲 Drawing Posterior Samples:  41%|████▏     | 619/1492 [00:27<00:16, 52.35step/s]
[Origin 3/13] 🎲 Drawing Posterior Samples:  42%|████▏     | 625/1492 [00:28<00:16, 52.32step/s]
[Origin 3/13] 🎲 Drawing Posterior Samples:  42%|████▏     | 631/1492 [00:28<00:16, 52.30step/s]
[Origin 3/13] 🎲 Drawing Posterior Samples:  43%|████▎     | 637/1492 [00:28<00:16, 52.20step/s]
[Origin 3/13] 🎲 Drawing Posterior Samples:  43%|████▎     | 643/1492 [00:28<00:16, 52.19step/s]
[Origin 3/13] 🎲 Drawing Posterior Samples:  43%|████▎     | 649/1492 [00:28<00:16, 52.21step/s]
[Origin 3/13] 🎲 Drawing Posterior Samples:  44%|████▍     | 655/1492 [00:28<00:16, 52.12step/s]
[Origin 3/13] 🎲 Drawing Posterior Samples:  44%|████▍     | 661/1492 [00:28<00:15, 52.17step/s]
[Origin 3/13] 🎲 Drawing Posterior Samples:  45%|████▍     | 667/1492 [00:28<00:15, 52.19step/s]
[Origin 3/13] 🎲 Drawing Posterior Samples:  45%|████▌     | 673/1492 [00:29<00:15, 52.22step/s]
[Origin 3/13] 🎲 Drawing Posterior Samples:  46%|████▌     | 679/1492 [00:29<00:15, 52.17step/s]
[Origin 3/13] 🎲 Drawing Posterior Samples:  46%|████▌     | 685/1492 [00:29<00:15, 52.08step/s]
[Origin 3/13] 🎲 Drawing Posterior Samples:  46%|████▋     | 691/1492 [00:29<00:15, 51.65step/s]
[Origin 3/13] 🎲 Drawing Posterior Samples:  47%|████▋     | 697/1492 [00:29<00:15, 51.23step/s]
[Origin 3/13] 🎲 Drawing Posterior Samples:  47%|████▋     | 703/1492 [00:29<00:15, 51.21step/s]
[Origin 3/13] 🎲 Drawing Posterior Samples:  48%|████▊     | 709/1492 [00:29<00:15, 51.37step/s]
[Origin 3/13] 🎲 Drawing Posterior Samples:  48%|████▊     | 715/1492 [00:30<00:35, 21.90step/s]
[Origin 3/13] 🎲 Drawing Posterior Samples:  48%|████▊     | 719/1492 [00:30<00:48, 16.08step/s]
[Origin 3/13] 🎲 Drawing Posterior Samples:  48%|████▊     | 722/1492 [00:31<00:55, 13.93step/s]
[Origin 3/13] 🎲 Drawing Posterior Samples:  49%|████▊     | 725/1492 [00:31<01:01, 12.49step/s]
[Origin 3/13] 🎲 Drawing Posterior Samples:  49%|████▊     | 727/1492 [00:31<01:06, 11.52step/s]
[Origin 3/13] 🎲 Drawing Posterior Samples:  49%|████▉     | 729/1492 [00:31<01:09, 11.01step/s]
[Origin 3/13] 🎲 Drawing Posterior Samples:  49%|████▉     | 731/1492 [00:32<01:13, 10.36step/s]
[Origin 3/13] 🎲 Drawing Posterior Samples:  49%|████▉     | 733/1492 [00:32<01:21,  9.27step/s]
[Origin 3/13] 🎲 Drawing Posterior Samples:  49%|████▉     | 735/1492 [00:32<01:30,  8.34step/s]
[Origin 3/13] 🎲 Drawing Posterior Samples:  49%|████▉     | 736/1492 [00:32<01:32,  8.14step/s]
[Origin 3/13] 🎲 Drawing Posterior Samples:  49%|████▉     | 737/1492 [00:33<01:39,  7.62step/s]
[Origin 3/13] 🎲 Drawing Posterior Samples:  49%|████▉     | 738/1492 [00:33<01:40,  7.48step/s]
[Origin 3/13] 🎲 Drawing Posterior Samples:  50%|████▉     | 739/1492 [00:33<01:42,  7.32step/s]
[Origin 3/13] 🎲 Drawing Posterior Samples:  50%|████▉     | 740/1492 [00:33<01:42,  7.35step/s]
[Origin 3/13] 🎲 Drawing Posterior Samples:  50%|████▉     | 741/1492 [00:33<01:42,  7.33step/s]
[Origin 3/13] 🎲 Drawing Posterior Samples:  50%|████▉     | 742/1492 [00:33<01:49,  6.85step/s]
[Origin 3/13] 🎲 Drawing Posterior Samples:  50%|████▉     | 743/1492 [00:34<01:54,  6.52step/s]
[Origin 3/13] 🎲 Drawing Posterior Samples:  50%|████▉     | 744/1492 [00:34<01:53,  6.56step/s]
[Origin 3/13] 🎲 Drawing Posterior Samples:  50%|████▉     | 745/1492 [00:34<01:49,  6.81step/s]
[Origin 3/13] 🎲 Drawing Posterior Samples:  50%|█████     | 746/1492 [00:34<01:49,  6.82step/s]
[Origin 3/13] 🎲 Drawing Posterior Samples:  50%|█████     | 747/1492 [00:46<44:47,  3.61s/step]
[Origin 3/13] 🎲 Drawing Posterior Samples:  50%|█████     | 753/1492 [00:46<12:46,  1.04s/step]
[Origin 3/13] 🎲 Drawing Posterior Samples:  51%|█████     | 759/1492 [00:46<06:22,  1.91step/s]
[Origin 3/13] 🎲 Drawing Posterior Samples:  51%|█████▏    | 765/1492 [00:46<03:46,  3.21step/s]
[Origin 3/13] 🎲 Drawing Posterior Samples:  52%|█████▏    | 771/1492 [00:46<02:25,  4.96step/s]
[Origin 3/13] 🎲 Drawing Posterior Samples:  52%|█████▏    | 777/1492 [00:46<01:38,  7.25step/s]
[Origin 3/13] 🎲 Drawing Posterior Samples:  52%|█████▏    | 783/1492 [00:47<01:09, 10.17step/s]
[Origin 3/13] 🎲 Drawing Posterior Samples:  53%|█████▎    | 789/1492 [00:47<00:51, 13.73step/s]
[Origin 3/13] 🎲 Drawing Posterior Samples:  53%|█████▎    | 795/1492 [00:47<00:38, 17.91step/s]
[Origin 3/13] 🎲 Drawing Posterior Samples:  54%|█████▎    | 801/1492 [00:47<00:30, 22.53step/s]
[Origin 3/13] 🎲 Drawing Posterior Samples:  54%|█████▍    | 807/1492 [00:47<00:25, 27.27step/s]
[Origin 3/13] 🎲 Drawing Posterior Samples:  54%|█████▍    | 813/1492 [00:47<00:21, 31.85step/s]
[Origin 3/13] 🎲 Drawing Posterior Samples:  55%|█████▍    | 819/1492 [00:47<00:18, 36.03step/s]
[Origin 3/13] 🎲 Drawing Posterior Samples:  55%|█████▌    | 825/1492 [00:47<00:16, 39.64step/s]
[Origin 3/13] 🎲 Drawing Posterior Samples:  56%|█████▌    | 831/1492 [00:47<00:15, 42.62step/s]
[Origin 3/13] 🎲 Drawing Posterior Samples:  56%|█████▌    | 837/1492 [00:48<00:14, 45.10step/s]
[Origin 3/13] 🎲 Drawing Posterior Samples:  57%|█████▋    | 843/1492 [00:48<00:13, 47.07step/s]
[Origin 3/13] 🎲 Drawing Posterior Samples:  57%|█████▋    | 849/1492 [00:48<00:13, 48.58step/s]
[Origin 3/13] 🎲 Drawing Posterior Samples:  57%|█████▋    | 855/1492 [00:48<00:12, 49.64step/s]
[Origin 3/13] 🎲 Drawing Posterior Samples:  58%|█████▊    | 861/1492 [00:48<00:12, 50.42step/s]
[Origin 3/13] 🎲 Drawing Posterior Samples:  58%|█████▊    | 867/1492 [00:48<00:12, 51.04step/s]
[Origin 3/13] 🎲 Drawing Posterior Samples:  59%|█████▊    | 873/1492 [00:48<00:12, 51.41step/s]
[Origin 3/13] 🎲 Drawing Posterior Samples:  59%|█████▉    | 879/1492 [00:48<00:11, 51.67step/s]
[Origin 3/13] 🎲 Drawing Posterior Samples:  59%|█████▉    | 885/1492 [00:48<00:11, 51.78step/s]
[Origin 3/13] 🎲 Drawing Posterior Samples:  60%|█████▉    | 891/1492 [00:49<00:11, 51.88step/s]
[Origin 3/13] 🎲 Drawing Posterior Samples:  60%|██████    | 897/1492 [00:49<00:11, 51.95step/s]
[Origin 3/13] 🎲 Drawing Posterior Samples:  61%|██████    | 903/1492 [00:49<00:11, 52.03step/s]
[Origin 3/13] 🎲 Drawing Posterior Samples:  61%|██████    | 909/1492 [00:49<00:11, 52.15step/s]
[Origin 3/13] 🎲 Drawing Posterior Samples:  61%|██████▏   | 915/1492 [00:49<00:11, 52.18step/s]
[Origin 3/13] 🎲 Drawing Posterior Samples:  62%|██████▏   | 921/1492 [00:49<00:10, 52.26step/s]
[Origin 3/13] 🎲 Drawing Posterior Samples:  62%|██████▏   | 927/1492 [00:49<00:10, 52.28step/s]
[Origin 3/13] 🎲 Drawing Posterior Samples:  63%|██████▎   | 933/1492 [00:49<00:10, 52.30step/s]
[Origin 3/13] 🎲 Drawing Posterior Samples:  63%|██████▎   | 939/1492 [00:49<00:10, 52.32step/s]
[Origin 3/13] 🎲 Drawing Posterior Samples:  63%|██████▎   | 945/1492 [00:50<00:10, 52.29step/s]
[Origin 3/13] 🎲 Drawing Posterior Samples:  64%|██████▎   | 951/1492 [00:50<00:10, 52.26step/s]
[Origin 3/13] 🎲 Drawing Posterior Samples:  64%|██████▍   | 957/1492 [00:50<00:10, 52.23step/s]
[Origin 3/13] 🎲 Drawing Posterior Samples:  65%|██████▍   | 963/1492 [00:50<00:10, 52.29step/s]
[Origin 3/13] 🎲 Drawing Posterior Samples:  65%|██████▍   | 969/1492 [00:50<00:10, 52.25step/s]
[Origin 3/13] 🎲 Drawing Posterior Samples:  65%|██████▌   | 975/1492 [00:50<00:09, 52.25step/s]
[Origin 3/13] 🎲 Drawing Posterior Samples:  66%|██████▌   | 981/1492 [00:50<00:09, 52.24step/s]
[Origin 3/13] 🎲 Drawing Posterior Samples:  66%|██████▌   | 987/1492 [00:50<00:09, 52.24step/s]
[Origin 3/13] 🎲 Drawing Posterior Samples:  67%|██████▋   | 993/1492 [00:51<00:09, 52.28step/s]
[Origin 3/13] 🎲 Drawing Posterior Samples:  67%|██████▋   | 999/1492 [00:51<00:09, 52.27step/s]
[Origin 3/13] 🎲 Drawing Posterior Samples:  67%|██████▋   | 1005/1492 [00:51<00:09, 52.29step/s]
[Origin 3/13] 🎲 Drawing Posterior Samples:  68%|██████▊   | 1011/1492 [00:51<00:09, 52.30step/s]
[Origin 3/13] 🎲 Drawing Posterior Samples:  68%|██████▊   | 1017/1492 [00:51<00:09, 52.30step/s]
[Origin 3/13] 🎲 Drawing Posterior Samples:  69%|██████▊   | 1023/1492 [00:51<00:08, 52.30step/s]
[Origin 3/13] 🎲 Drawing Posterior Samples:  69%|██████▉   | 1029/1492 [00:51<00:08, 52.29step/s]
[Origin 3/13] 🎲 Drawing Posterior Samples:  69%|██████▉   | 1035/1492 [00:51<00:08, 52.29step/s]
[Origin 3/13] 🎲 Drawing Posterior Samples:  70%|██████▉   | 1041/1492 [00:51<00:08, 52.30step/s]
[Origin 3/13] 🎲 Drawing Posterior Samples:  70%|███████   | 1047/1492 [00:52<00:08, 52.28step/s]
[Origin 3/13] 🎲 Drawing Posterior Samples:  71%|███████   | 1053/1492 [00:52<00:08, 52.27step/s]
[Origin 3/13] 🎲 Drawing Posterior Samples:  71%|███████   | 1059/1492 [00:52<00:08, 52.24step/s]
[Origin 3/13] 🎲 Drawing Posterior Samples:  71%|███████▏  | 1065/1492 [00:52<00:08, 52.26step/s]
[Origin 3/13] 🎲 Drawing Posterior Samples:  72%|███████▏  | 1071/1492 [00:52<00:08, 52.22step/s]
[Origin 3/13] 🎲 Drawing Posterior Samples:  72%|███████▏  | 1077/1492 [00:52<00:07, 52.24step/s]
[Origin 3/13] 🎲 Drawing Posterior Samples:  73%|███████▎  | 1083/1492 [00:52<00:07, 52.24step/s]
[Origin 3/13] 🎲 Drawing Posterior Samples:  73%|███████▎  | 1089/1492 [00:53<00:23, 17.51step/s]
[Origin 3/13] 🎲 Drawing Posterior Samples:  73%|███████▎  | 1093/1492 [00:54<00:30, 13.29step/s]
[Origin 3/13] 🎲 Drawing Posterior Samples:  73%|███████▎  | 1096/1492 [00:54<00:34, 11.38step/s]
[Origin 3/13] 🎲 Drawing Posterior Samples:  74%|███████▎  | 1099/1492 [00:55<00:39,  9.96step/s]
[Origin 3/13] 🎲 Drawing Posterior Samples:  74%|███████▍  | 1101/1492 [00:55<00:40,  9.63step/s]
[Origin 3/13] 🎲 Drawing Posterior Samples:  74%|███████▍  | 1103/1492 [00:55<00:42,  9.10step/s]
[Origin 3/13] 🎲 Drawing Posterior Samples:  74%|███████▍  | 1105/1492 [00:55<00:46,  8.30step/s]
[Origin 3/13] 🎲 Drawing Posterior Samples:  74%|███████▍  | 1107/1492 [00:56<00:49,  7.85step/s]
[Origin 3/13] 🎲 Drawing Posterior Samples:  74%|███████▍  | 1108/1492 [00:56<00:52,  7.35step/s]
[Origin 3/13] 🎲 Drawing Posterior Samples:  74%|███████▍  | 1109/1492 [00:56<00:54,  7.03step/s]
[Origin 3/13] 🎲 Drawing Posterior Samples:  74%|███████▍  | 1110/1492 [00:56<00:55,  6.95step/s]
[Origin 3/13] 🎲 Drawing Posterior Samples:  74%|███████▍  | 1111/1492 [00:56<00:56,  6.76step/s]
[Origin 3/13] 🎲 Drawing Posterior Samples:  75%|███████▍  | 1112/1492 [00:56<00:55,  6.89step/s]
[Origin 3/13] 🎲 Drawing Posterior Samples:  75%|███████▍  | 1113/1492 [00:57<00:59,  6.33step/s]
[Origin 3/13] 🎲 Drawing Posterior Samples:  75%|███████▍  | 1114/1492 [00:57<00:57,  6.63step/s]
[Origin 3/13] 🎲 Drawing Posterior Samples:  75%|███████▍  | 1115/1492 [00:57<00:58,  6.45step/s]
[Origin 3/13] 🎲 Drawing Posterior Samples:  75%|███████▍  | 1116/1492 [00:57<00:57,  6.49step/s]
[Origin 3/13] 🎲 Drawing Posterior Samples:  75%|███████▍  | 1117/1492 [00:57<01:09,  5.39step/s]
[Origin 3/13] 🎲 Drawing Posterior Samples:  75%|███████▍  | 1118/1492 [00:58<01:32,  4.05step/s]
[Origin 3/13] 🎲 Drawing Posterior Samples:  75%|███████▌  | 1119/1492 [00:58<01:28,  4.22step/s]
[Origin 3/13] 🎲 Drawing Posterior Samples:  75%|███████▌  | 1120/1492 [01:10<23:06,  3.73s/step]
[Origin 3/13] 🎲 Drawing Posterior Samples:  75%|███████▌  | 1126/1492 [01:10<06:30,  1.07s/step]
[Origin 3/13] 🎲 Drawing Posterior Samples:  76%|███████▌  | 1132/1492 [01:10<03:13,  1.86step/s]
[Origin 3/13] 🎲 Drawing Posterior Samples:  76%|███████▋  | 1138/1492 [01:10<01:53,  3.13step/s]
[Origin 3/13] 🎲 Drawing Posterior Samples:  77%|███████▋  | 1144/1492 [01:10<01:12,  4.83step/s]
[Origin 3/13] 🎲 Drawing Posterior Samples:  77%|███████▋  | 1150/1492 [01:11<00:48,  7.07step/s]
[Origin 3/13] 🎲 Drawing Posterior Samples:  77%|███████▋  | 1156/1492 [01:11<00:33,  9.93step/s]
[Origin 3/13] 🎲 Drawing Posterior Samples:  78%|███████▊  | 1162/1492 [01:11<00:24, 13.45step/s]
[Origin 3/13] 🎲 Drawing Posterior Samples:  78%|███████▊  | 1168/1492 [01:11<00:18, 17.58step/s]
[Origin 3/13] 🎲 Drawing Posterior Samples:  79%|███████▊  | 1174/1492 [01:11<00:14, 22.15step/s]
[Origin 3/13] 🎲 Drawing Posterior Samples:  79%|███████▉  | 1180/1492 [01:11<00:11, 26.88step/s]
[Origin 3/13] 🎲 Drawing Posterior Samples:  79%|███████▉  | 1186/1492 [01:11<00:09, 31.47step/s]
[Origin 3/13] 🎲 Drawing Posterior Samples:  80%|███████▉  | 1192/1492 [01:11<00:08, 35.70step/s]
[Origin 3/13] 🎲 Drawing Posterior Samples:  80%|████████  | 1198/1492 [01:12<00:07, 39.39step/s]
[Origin 3/13] 🎲 Drawing Posterior Samples:  81%|████████  | 1204/1492 [01:12<00:06, 42.53step/s]
[Origin 3/13] 🎲 Drawing Posterior Samples:  81%|████████  | 1210/1492 [01:12<00:06, 45.10step/s]
[Origin 3/13] 🎲 Drawing Posterior Samples:  82%|████████▏ | 1216/1492 [01:12<00:05, 47.13step/s]
[Origin 3/13] 🎲 Drawing Posterior Samples:  82%|████████▏ | 1222/1492 [01:12<00:05, 48.67step/s]
[Origin 3/13] 🎲 Drawing Posterior Samples:  82%|████████▏ | 1228/1492 [01:12<00:05, 49.81step/s]
[Origin 3/13] 🎲 Drawing Posterior Samples:  83%|████████▎ | 1234/1492 [01:12<00:05, 50.65step/s]
[Origin 3/13] 🎲 Drawing Posterior Samples:  83%|████████▎ | 1240/1492 [01:12<00:04, 51.06step/s]
[Origin 3/13] 🎲 Drawing Posterior Samples:  84%|████████▎ | 1246/1492 [01:12<00:04, 51.26step/s]
[Origin 3/13] 🎲 Drawing Posterior Samples:  84%|████████▍ | 1252/1492 [01:13<00:04, 51.38step/s]
[Origin 3/13] 🎲 Drawing Posterior Samples:  84%|████████▍ | 1258/1492 [01:13<00:04, 51.35step/s]
[Origin 3/13] 🎲 Drawing Posterior Samples:  85%|████████▍ | 1264/1492 [01:13<00:04, 51.42step/s]
[Origin 3/13] 🎲 Drawing Posterior Samples:  85%|████████▌ | 1270/1492 [01:13<00:04, 51.63step/s]
[Origin 3/13] 🎲 Drawing Posterior Samples:  86%|████████▌ | 1276/1492 [01:13<00:04, 51.90step/s]
[Origin 3/13] 🎲 Drawing Posterior Samples:  86%|████████▌ | 1282/1492 [01:13<00:04, 52.10step/s]
[Origin 3/13] 🎲 Drawing Posterior Samples:  86%|████████▋ | 1288/1492 [01:13<00:03, 52.22step/s]
[Origin 3/13] 🎲 Drawing Posterior Samples:  87%|████████▋ | 1294/1492 [01:13<00:03, 52.31step/s]
[Origin 3/13] 🎲 Drawing Posterior Samples:  87%|████████▋ | 1300/1492 [01:13<00:03, 52.37step/s]
[Origin 3/13] 🎲 Drawing Posterior Samples:  88%|████████▊ | 1306/1492 [01:14<00:03, 52.34step/s]
[Origin 3/13] 🎲 Drawing Posterior Samples:  88%|████████▊ | 1312/1492 [01:14<00:03, 52.30step/s]
[Origin 3/13] 🎲 Drawing Posterior Samples:  88%|████████▊ | 1318/1492 [01:14<00:03, 52.04step/s]
[Origin 3/13] 🎲 Drawing Posterior Samples:  89%|████████▊ | 1324/1492 [01:14<00:03, 52.01step/s]
[Origin 3/13] 🎲 Drawing Posterior Samples:  89%|████████▉ | 1330/1492 [01:14<00:03, 52.04step/s]
[Origin 3/13] 🎲 Drawing Posterior Samples:  90%|████████▉ | 1336/1492 [01:14<00:02, 52.12step/s]
[Origin 3/13] 🎲 Drawing Posterior Samples:  90%|████████▉ | 1342/1492 [01:14<00:02, 52.16step/s]
[Origin 3/13] 🎲 Drawing Posterior Samples:  90%|█████████ | 1348/1492 [01:14<00:02, 52.25step/s]
[Origin 3/13] 🎲 Drawing Posterior Samples:  91%|█████████ | 1354/1492 [01:15<00:02, 52.27step/s]
[Origin 3/13] 🎲 Drawing Posterior Samples:  91%|█████████ | 1360/1492 [01:15<00:02, 52.28step/s]
[Origin 3/13] 🎲 Drawing Posterior Samples:  92%|█████████▏| 1366/1492 [01:15<00:02, 52.30step/s]
[Origin 3/13] 🎲 Drawing Posterior Samples:  92%|█████████▏| 1372/1492 [01:15<00:02, 52.29step/s]
[Origin 3/13] 🎲 Drawing Posterior Samples:  92%|█████████▏| 1378/1492 [01:15<00:02, 52.30step/s]
[Origin 3/13] 🎲 Drawing Posterior Samples:  93%|█████████▎| 1384/1492 [01:15<00:02, 52.25step/s]
[Origin 3/13] 🎲 Drawing Posterior Samples:  93%|█████████▎| 1390/1492 [01:15<00:01, 52.21step/s]
[Origin 3/13] 🎲 Drawing Posterior Samples:  94%|█████████▎| 1396/1492 [01:15<00:01, 52.19step/s]
[Origin 3/13] 🎲 Drawing Posterior Samples:  94%|█████████▍| 1402/1492 [01:15<00:01, 52.23step/s]
[Origin 3/13] 🎲 Drawing Posterior Samples:  94%|█████████▍| 1408/1492 [01:16<00:01, 52.26step/s]
[Origin 3/13] 🎲 Drawing Posterior Samples:  95%|█████████▍| 1414/1492 [01:16<00:01, 52.27step/s]
[Origin 3/13] 🎲 Drawing Posterior Samples:  95%|█████████▌| 1420/1492 [01:16<00:01, 52.27step/s]
[Origin 3/13] 🎲 Drawing Posterior Samples:  96%|█████████▌| 1426/1492 [01:16<00:01, 52.23step/s]
[Origin 3/13] 🎲 Drawing Posterior Samples:  96%|█████████▌| 1432/1492 [01:16<00:01, 52.18step/s]
[Origin 3/13] 🎲 Drawing Posterior Samples:  96%|█████████▋| 1438/1492 [01:16<00:01, 52.16step/s]
[Origin 3/13] 🎲 Drawing Posterior Samples:  97%|█████████▋| 1444/1492 [01:16<00:00, 52.19step/s]
[Origin 3/13] 🎲 Drawing Posterior Samples:  97%|█████████▋| 1450/1492 [01:16<00:00, 52.22step/s]
[Origin 3/13] 🎲 Drawing Posterior Samples:  98%|█████████▊| 1456/1492 [01:16<00:00, 52.19step/s]
[Origin 3/13] 🎲 Drawing Posterior Samples:  98%|█████████▊| 1462/1492 [01:18<00:02, 13.81step/s]
[Origin 3/13] 🎲 Drawing Posterior Samples:  98%|█████████▊| 1466/1492 [01:18<00:02, 10.73step/s]
[Origin 3/13] 🎲 Drawing Posterior Samples:  98%|█████████▊| 1469/1492 [01:19<00:02, 10.54step/s]
[Origin 3/13] 🎲 Drawing Posterior Samples:  99%|█████████▊| 1472/1492 [01:19<00:01, 10.41step/s]
[Origin 3/13] 🎲 Drawing Posterior Samples:  99%|█████████▉| 1474/1492 [01:19<00:01, 10.18step/s]
[Origin 3/13] 🎲 Drawing Posterior Samples:  99%|█████████▉| 1476/1492 [01:19<00:01,  9.96step/s]
[Origin 3/13] 🎲 Drawing Posterior Samples:  99%|█████████▉| 1478/1492 [01:20<00:01,  9.75step/s]
[Origin 3/13] 🎲 Drawing Posterior Samples:  99%|█████████▉| 1480/1492 [01:20<00:01,  9.65step/s]
[Origin 3/13] 🎲 Drawing Posterior Samples:  99%|█████████▉| 1482/1492 [01:20<00:01,  9.27step/s]
[Origin 3/13] 🎲 Drawing Posterior Samples:  99%|█████████▉| 1484/1492 [01:20<00:00,  9.34step/s]
[Origin 3/13] 🎲 Drawing Posterior Samples: 100%|█████████▉| 1486/1492 [01:20<00:00,  9.03step/s]
[Origin 3/13] 🎲 Drawing Posterior Samples: 100%|█████████▉| 1487/1492 [01:21<00:00,  9.05step/s]
[Origin 3/13] 🎲 Drawing Posterior Samples: 100%|█████████▉| 1488/1492 [01:21<00:00,  8.97step/s]
[Origin 3/13] 🎲 Drawing Posterior Samples: 100%|█████████▉| 1489/1492 [01:21<00:00,  8.99step/s]
[Origin 3/13] 🎲 Drawing Posterior Samples: 100%|█████████▉| 1490/1492 [01:21<00:00,  8.67step/s]
[Origin 3/13] 🎲 Drawing Posterior Samples: 100%|█████████▉| 1491/1492 [01:21<00:00,  7.85step/s]
[Origin 3/13] 🎲 Drawing Posterior Samples: 100%|██████████| 1492/1492 [01:21<00:00,  6.95step/s]
                                                                                                 

[Origin 4/13] 🎲 Drawing Posterior Samples:   0%|          | 0/1496 [00:00<?, ?step/s]
[Origin 4/13] 🎲 Drawing Posterior Samples:   0%|          | 7/1496 [00:00<00:24, 59.76step/s]
[Origin 4/13] 🎲 Drawing Posterior Samples:   1%|          | 13/1496 [00:00<00:26, 55.70step/s]
[Origin 4/13] 🎲 Drawing Posterior Samples:   1%|▏         | 19/1496 [00:00<00:27, 54.36step/s]
[Origin 4/13] 🎲 Drawing Posterior Samples:   2%|▏         | 25/1496 [00:00<00:27, 53.71step/s]
[Origin 4/13] 🎲 Drawing Posterior Samples:   2%|▏         | 31/1496 [00:00<00:27, 53.37step/s]
[Origin 4/13] 🎲 Drawing Posterior Samples:   2%|▏         | 37/1496 [00:00<00:27, 53.10step/s]
[Origin 4/13] 🎲 Drawing Posterior Samples:   3%|▎         | 43/1496 [00:00<00:27, 52.97step/s]
[Origin 4/13] 🎲 Drawing Posterior Samples:   3%|▎         | 49/1496 [00:00<00:27, 52.89step/s]
[Origin 4/13] 🎲 Drawing Posterior Samples:   4%|▎         | 55/1496 [00:01<00:27, 52.70step/s]
[Origin 4/13] 🎲 Drawing Posterior Samples:   4%|▍         | 61/1496 [00:01<00:27, 52.41step/s]
[Origin 4/13] 🎲 Drawing Posterior Samples:   4%|▍         | 67/1496 [00:01<00:27, 52.17step/s]
[Origin 4/13] 🎲 Drawing Posterior Samples:   5%|▍         | 73/1496 [00:01<00:27, 52.07step/s]
[Origin 4/13] 🎲 Drawing Posterior Samples:   5%|▌         | 79/1496 [00:01<00:27, 52.09step/s]
[Origin 4/13] 🎲 Drawing Posterior Samples:   6%|▌         | 85/1496 [00:01<00:26, 52.28step/s]
[Origin 4/13] 🎲 Drawing Posterior Samples:   6%|▌         | 91/1496 [00:01<00:26, 52.43step/s]
[Origin 4/13] 🎲 Drawing Posterior Samples:   6%|▋         | 97/1496 [00:01<00:26, 52.52step/s]
[Origin 4/13] 🎲 Drawing Posterior Samples:   7%|▋         | 103/1496 [00:01<00:26, 52.51step/s]
[Origin 4/13] 🎲 Drawing Posterior Samples:   7%|▋         | 109/1496 [00:02<00:26, 52.40step/s]
[Origin 4/13] 🎲 Drawing Posterior Samples:   8%|▊         | 115/1496 [00:02<00:26, 52.38step/s]
[Origin 4/13] 🎲 Drawing Posterior Samples:   8%|▊         | 121/1496 [00:02<00:26, 52.28step/s]
[Origin 4/13] 🎲 Drawing Posterior Samples:   8%|▊         | 127/1496 [00:02<00:26, 52.21step/s]
[Origin 4/13] 🎲 Drawing Posterior Samples:   9%|▉         | 133/1496 [00:02<00:26, 52.14step/s]
[Origin 4/13] 🎲 Drawing Posterior Samples:   9%|▉         | 139/1496 [00:02<00:26, 52.12step/s]
[Origin 4/13] 🎲 Drawing Posterior Samples:  10%|▉         | 145/1496 [00:02<00:25, 52.23step/s]
[Origin 4/13] 🎲 Drawing Posterior Samples:  10%|█         | 151/1496 [00:02<00:25, 52.38step/s]
[Origin 4/13] 🎲 Drawing Posterior Samples:  10%|█         | 157/1496 [00:02<00:25, 52.51step/s]
[Origin 4/13] 🎲 Drawing Posterior Samples:  11%|█         | 163/1496 [00:03<00:25, 52.49step/s]
[Origin 4/13] 🎲 Drawing Posterior Samples:  11%|█▏        | 169/1496 [00:03<00:25, 52.39step/s]
[Origin 4/13] 🎲 Drawing Posterior Samples:  12%|█▏        | 175/1496 [00:03<00:25, 52.37step/s]
[Origin 4/13] 🎲 Drawing Posterior Samples:  12%|█▏        | 181/1496 [00:03<00:25, 52.30step/s]
[Origin 4/13] 🎲 Drawing Posterior Samples:  12%|█▎        | 187/1496 [00:03<00:25, 52.23step/s]
[Origin 4/13] 🎲 Drawing Posterior Samples:  13%|█▎        | 193/1496 [00:03<00:25, 52.11step/s]
[Origin 4/13] 🎲 Drawing Posterior Samples:  13%|█▎        | 199/1496 [00:03<00:24, 52.00step/s]
[Origin 4/13] 🎲 Drawing Posterior Samples:  14%|█▎        | 205/1496 [00:03<00:24, 52.02step/s]
[Origin 4/13] 🎲 Drawing Posterior Samples:  14%|█▍        | 211/1496 [00:04<00:24, 52.17step/s]
[Origin 4/13] 🎲 Drawing Posterior Samples:  15%|█▍        | 217/1496 [00:04<00:24, 52.31step/s]
[Origin 4/13] 🎲 Drawing Posterior Samples:  15%|█▍        | 223/1496 [00:04<00:24, 52.33step/s]
[Origin 4/13] 🎲 Drawing Posterior Samples:  15%|█▌        | 229/1496 [00:04<00:24, 52.36step/s]
[Origin 4/13] 🎲 Drawing Posterior Samples:  16%|█▌        | 235/1496 [00:04<00:24, 52.30step/s]
[Origin 4/13] 🎲 Drawing Posterior Samples:  16%|█▌        | 241/1496 [00:04<00:23, 52.30step/s]
[Origin 4/13] 🎲 Drawing Posterior Samples:  17%|█▋        | 247/1496 [00:04<00:23, 52.27step/s]
[Origin 4/13] 🎲 Drawing Posterior Samples:  17%|█▋        | 253/1496 [00:04<00:23, 52.25step/s]
[Origin 4/13] 🎲 Drawing Posterior Samples:  17%|█▋        | 259/1496 [00:04<00:23, 52.20step/s]
[Origin 4/13] 🎲 Drawing Posterior Samples:  18%|█▊        | 265/1496 [00:05<00:23, 52.23step/s]
[Origin 4/13] 🎲 Drawing Posterior Samples:  18%|█▊        | 271/1496 [00:05<00:23, 52.25step/s]
[Origin 4/13] 🎲 Drawing Posterior Samples:  19%|█▊        | 277/1496 [00:05<00:23, 52.35step/s]
[Origin 4/13] 🎲 Drawing Posterior Samples:  19%|█▉        | 283/1496 [00:05<00:23, 52.34step/s]
[Origin 4/13] 🎲 Drawing Posterior Samples:  19%|█▉        | 289/1496 [00:05<00:23, 52.33step/s]
[Origin 4/13] 🎲 Drawing Posterior Samples:  20%|█▉        | 295/1496 [00:05<00:22, 52.33step/s]
[Origin 4/13] 🎲 Drawing Posterior Samples:  20%|██        | 301/1496 [00:05<00:22, 52.26step/s]
[Origin 4/13] 🎲 Drawing Posterior Samples:  21%|██        | 307/1496 [00:05<00:22, 52.29step/s]
[Origin 4/13] 🎲 Drawing Posterior Samples:  21%|██        | 313/1496 [00:05<00:22, 52.27step/s]
[Origin 4/13] 🎲 Drawing Posterior Samples:  21%|██▏       | 319/1496 [00:06<00:22, 52.23step/s]
[Origin 4/13] 🎲 Drawing Posterior Samples:  22%|██▏       | 325/1496 [00:06<00:22, 52.20step/s]
[Origin 4/13] 🎲 Drawing Posterior Samples:  22%|██▏       | 331/1496 [00:06<00:22, 52.25step/s]
[Origin 4/13] 🎲 Drawing Posterior Samples:  23%|██▎       | 337/1496 [00:06<00:22, 52.26step/s]
[Origin 4/13] 🎲 Drawing Posterior Samples:  23%|██▎       | 343/1496 [00:07<00:51, 22.60step/s]
[Origin 4/13] 🎲 Drawing Posterior Samples:  23%|██▎       | 347/1496 [00:07<01:10, 16.34step/s]
[Origin 4/13] 🎲 Drawing Posterior Samples:  23%|██▎       | 351/1496 [00:07<01:23, 13.65step/s]
[Origin 4/13] 🎲 Drawing Posterior Samples:  24%|██▎       | 354/1496 [00:08<01:30, 12.56step/s]
[Origin 4/13] 🎲 Drawing Posterior Samples:  24%|██▍       | 356/1496 [00:08<01:36, 11.81step/s]
[Origin 4/13] 🎲 Drawing Posterior Samples:  24%|██▍       | 358/1496 [00:08<01:41, 11.20step/s]
[Origin 4/13] 🎲 Drawing Posterior Samples:  24%|██▍       | 360/1496 [00:08<01:45, 10.76step/s]
[Origin 4/13] 🎲 Drawing Posterior Samples:  24%|██▍       | 362/1496 [00:09<01:52, 10.08step/s]
[Origin 4/13] 🎲 Drawing Posterior Samples:  24%|██▍       | 364/1496 [00:09<02:16,  8.27step/s]
[Origin 4/13] 🎲 Drawing Posterior Samples:  24%|██▍       | 365/1496 [00:09<02:13,  8.49step/s]
[Origin 4/13] 🎲 Drawing Posterior Samples:  24%|██▍       | 366/1496 [00:09<02:11,  8.59step/s]
[Origin 4/13] 🎲 Drawing Posterior Samples:  25%|██▍       | 367/1496 [00:09<02:10,  8.62step/s]
[Origin 4/13] 🎲 Drawing Posterior Samples:  25%|██▍       | 368/1496 [00:09<02:10,  8.65step/s]
[Origin 4/13] 🎲 Drawing Posterior Samples:  25%|██▍       | 370/1496 [00:10<02:09,  8.69step/s]
[Origin 4/13] 🎲 Drawing Posterior Samples:  25%|██▍       | 371/1496 [00:10<02:16,  8.26step/s]
[Origin 4/13] 🎲 Drawing Posterior Samples:  25%|██▍       | 372/1496 [00:10<02:20,  7.98step/s]
[Origin 4/13] 🎲 Drawing Posterior Samples:  25%|██▍       | 373/1496 [00:10<02:24,  7.79step/s]
[Origin 4/13] 🎲 Drawing Posterior Samples:  25%|██▌       | 374/1496 [00:10<02:17,  8.18step/s]
[Origin 4/13] 🎲 Drawing Posterior Samples:  25%|██▌       | 375/1496 [00:23<1:06:35,  3.56s/step]
[Origin 4/13] 🎲 Drawing Posterior Samples:  25%|██▌       | 381/1496 [00:23<19:57,  1.07s/step]  
[Origin 4/13] 🎲 Drawing Posterior Samples:  26%|██▌       | 387/1496 [00:23<10:05,  1.83step/s]
[Origin 4/13] 🎲 Drawing Posterior Samples:  26%|██▋       | 393/1496 [00:23<05:59,  3.07step/s]
[Origin 4/13] 🎲 Drawing Posterior Samples:  27%|██▋       | 399/1496 [00:23<03:51,  4.73step/s]
[Origin 4/13] 🎲 Drawing Posterior Samples:  27%|██▋       | 405/1496 [00:23<02:37,  6.92step/s]
[Origin 4/13] 🎲 Drawing Posterior Samples:  27%|██▋       | 411/1496 [00:24<01:51,  9.73step/s]
[Origin 4/13] 🎲 Drawing Posterior Samples:  28%|██▊       | 417/1496 [00:24<01:21, 13.19step/s]
[Origin 4/13] 🎲 Drawing Posterior Samples:  28%|██▊       | 423/1496 [00:24<01:02, 17.27step/s]
[Origin 4/13] 🎲 Drawing Posterior Samples:  29%|██▊       | 429/1496 [00:24<00:48, 21.80step/s]
[Origin 4/13] 🎲 Drawing Posterior Samples:  29%|██▉       | 435/1496 [00:24<00:40, 26.52step/s]
[Origin 4/13] 🎲 Drawing Posterior Samples:  29%|██▉       | 441/1496 [00:24<00:33, 31.13step/s]
[Origin 4/13] 🎲 Drawing Posterior Samples:  30%|██▉       | 447/1496 [00:24<00:29, 35.39step/s]
[Origin 4/13] 🎲 Drawing Posterior Samples:  30%|███       | 453/1496 [00:24<00:26, 39.22step/s]
[Origin 4/13] 🎲 Drawing Posterior Samples:  31%|███       | 459/1496 [00:24<00:24, 42.44step/s]
[Origin 4/13] 🎲 Drawing Posterior Samples:  31%|███       | 465/1496 [00:25<00:22, 45.00step/s]
[Origin 4/13] 🎲 Drawing Posterior Samples:  31%|███▏      | 471/1496 [00:25<00:21, 47.01step/s]
[Origin 4/13] 🎲 Drawing Posterior Samples:  32%|███▏      | 477/1496 [00:25<00:20, 48.62step/s]
[Origin 4/13] 🎲 Drawing Posterior Samples:  32%|███▏      | 483/1496 [00:25<00:20, 49.78step/s]
[Origin 4/13] 🎲 Drawing Posterior Samples:  33%|███▎      | 489/1496 [00:25<00:19, 50.55step/s]
[Origin 4/13] 🎲 Drawing Posterior Samples:  33%|███▎      | 495/1496 [00:25<00:19, 50.98step/s]
[Origin 4/13] 🎲 Drawing Posterior Samples:  33%|███▎      | 501/1496 [00:25<00:19, 51.30step/s]
[Origin 4/13] 🎲 Drawing Posterior Samples:  34%|███▍      | 507/1496 [00:25<00:19, 51.44step/s]
[Origin 4/13] 🎲 Drawing Posterior Samples:  34%|███▍      | 513/1496 [00:25<00:19, 51.46step/s]
[Origin 4/13] 🎲 Drawing Posterior Samples:  35%|███▍      | 519/1496 [00:26<00:18, 51.58step/s]
[Origin 4/13] 🎲 Drawing Posterior Samples:  35%|███▌      | 525/1496 [00:26<00:18, 51.83step/s]
[Origin 4/13] 🎲 Drawing Posterior Samples:  35%|███▌      | 531/1496 [00:26<00:18, 52.01step/s]
[Origin 4/13] 🎲 Drawing Posterior Samples:  36%|███▌      | 537/1496 [00:26<00:18, 52.18step/s]
[Origin 4/13] 🎲 Drawing Posterior Samples:  36%|███▋      | 543/1496 [00:26<00:18, 52.31step/s]
[Origin 4/13] 🎲 Drawing Posterior Samples:  37%|███▋      | 549/1496 [00:26<00:18, 52.36step/s]
[Origin 4/13] 🎲 Drawing Posterior Samples:  37%|███▋      | 555/1496 [00:26<00:17, 52.37step/s]
[Origin 4/13] 🎲 Drawing Posterior Samples:  38%|███▊      | 561/1496 [00:26<00:17, 52.36step/s]
[Origin 4/13] 🎲 Drawing Posterior Samples:  38%|███▊      | 567/1496 [00:27<00:17, 52.25step/s]
[Origin 4/13] 🎲 Drawing Posterior Samples:  38%|███▊      | 573/1496 [00:27<00:17, 52.14step/s]
[Origin 4/13] 🎲 Drawing Posterior Samples:  39%|███▊      | 579/1496 [00:27<00:17, 51.99step/s]
[Origin 4/13] 🎲 Drawing Posterior Samples:  39%|███▉      | 585/1496 [00:27<00:17, 52.07step/s]
[Origin 4/13] 🎲 Drawing Posterior Samples:  40%|███▉      | 591/1496 [00:27<00:17, 52.09step/s]
[Origin 4/13] 🎲 Drawing Posterior Samples:  40%|███▉      | 597/1496 [00:27<00:20, 44.87step/s]
[Origin 4/13] 🎲 Drawing Posterior Samples:  40%|████      | 603/1496 [00:27<00:19, 46.98step/s]
[Origin 4/13] 🎲 Drawing Posterior Samples:  41%|████      | 609/1496 [00:27<00:18, 48.46step/s]
[Origin 4/13] 🎲 Drawing Posterior Samples:  41%|████      | 615/1496 [00:28<00:17, 49.52step/s]
[Origin 4/13] 🎲 Drawing Posterior Samples:  42%|████▏     | 621/1496 [00:28<00:17, 50.35step/s]
[Origin 4/13] 🎲 Drawing Posterior Samples:  42%|████▏     | 627/1496 [00:28<00:17, 50.92step/s]
[Origin 4/13] 🎲 Drawing Posterior Samples:  42%|████▏     | 633/1496 [00:28<00:16, 51.27step/s]
[Origin 4/13] 🎲 Drawing Posterior Samples:  43%|████▎     | 639/1496 [00:28<00:16, 51.54step/s]
[Origin 4/13] 🎲 Drawing Posterior Samples:  43%|████▎     | 645/1496 [00:28<00:16, 51.77step/s]
[Origin 4/13] 🎲 Drawing Posterior Samples:  44%|████▎     | 651/1496 [00:28<00:16, 51.77step/s]
[Origin 4/13] 🎲 Drawing Posterior Samples:  44%|████▍     | 657/1496 [00:28<00:16, 51.83step/s]
[Origin 4/13] 🎲 Drawing Posterior Samples:  44%|████▍     | 663/1496 [00:28<00:16, 51.96step/s]
[Origin 4/13] 🎲 Drawing Posterior Samples:  45%|████▍     | 669/1496 [00:29<00:15, 52.07step/s]
[Origin 4/13] 🎲 Drawing Posterior Samples:  45%|████▌     | 675/1496 [00:29<00:15, 52.16step/s]
[Origin 4/13] 🎲 Drawing Posterior Samples:  46%|████▌     | 681/1496 [00:29<00:15, 52.22step/s]
[Origin 4/13] 🎲 Drawing Posterior Samples:  46%|████▌     | 687/1496 [00:29<00:15, 52.22step/s]
[Origin 4/13] 🎲 Drawing Posterior Samples:  46%|████▋     | 693/1496 [00:29<00:15, 52.29step/s]
[Origin 4/13] 🎲 Drawing Posterior Samples:  47%|████▋     | 699/1496 [00:29<00:15, 52.27step/s]
[Origin 4/13] 🎲 Drawing Posterior Samples:  47%|████▋     | 705/1496 [00:29<00:15, 52.24step/s]
[Origin 4/13] 🎲 Drawing Posterior Samples:  48%|████▊     | 711/1496 [00:29<00:15, 52.18step/s]
[Origin 4/13] 🎲 Drawing Posterior Samples:  48%|████▊     | 717/1496 [00:30<00:36, 21.19step/s]
[Origin 4/13] 🎲 Drawing Posterior Samples:  48%|████▊     | 721/1496 [00:31<00:51, 15.09step/s]
[Origin 4/13] 🎲 Drawing Posterior Samples:  48%|████▊     | 724/1496 [00:31<00:57, 13.36step/s]
[Origin 4/13] 🎲 Drawing Posterior Samples:  49%|████▊     | 727/1496 [00:31<01:02, 12.22step/s]
[Origin 4/13] 🎲 Drawing Posterior Samples:  49%|████▊     | 729/1496 [00:31<01:06, 11.49step/s]
[Origin 4/13] 🎲 Drawing Posterior Samples:  49%|████▉     | 731/1496 [00:32<01:14, 10.26step/s]
[Origin 4/13] 🎲 Drawing Posterior Samples:  49%|████▉     | 733/1496 [00:32<01:16,  9.96step/s]
[Origin 4/13] 🎲 Drawing Posterior Samples:  49%|████▉     | 735/1496 [00:32<01:33,  8.18step/s]
[Origin 4/13] 🎲 Drawing Posterior Samples:  49%|████▉     | 737/1496 [00:33<01:28,  8.59step/s]
[Origin 4/13] 🎲 Drawing Posterior Samples:  49%|████▉     | 739/1496 [00:33<01:26,  8.78step/s]
[Origin 4/13] 🎲 Drawing Posterior Samples:  49%|████▉     | 740/1496 [00:33<01:27,  8.67step/s]
[Origin 4/13] 🎲 Drawing Posterior Samples:  50%|████▉     | 741/1496 [00:33<01:26,  8.77step/s]
[Origin 4/13] 🎲 Drawing Posterior Samples:  50%|████▉     | 742/1496 [00:33<01:28,  8.52step/s]
[Origin 4/13] 🎲 Drawing Posterior Samples:  50%|████▉     | 743/1496 [00:33<01:42,  7.32step/s]
[Origin 4/13] 🎲 Drawing Posterior Samples:  50%|████▉     | 744/1496 [00:34<02:19,  5.38step/s]
[Origin 4/13] 🎲 Drawing Posterior Samples:  50%|████▉     | 745/1496 [00:34<02:54,  4.31step/s]
[Origin 4/13] 🎲 Drawing Posterior Samples:  50%|████▉     | 746/1496 [00:34<02:32,  4.93step/s]
[Origin 4/13] 🎲 Drawing Posterior Samples:  50%|████▉     | 747/1496 [00:34<02:13,  5.60step/s]
[Origin 4/13] 🎲 Drawing Posterior Samples:  50%|█████     | 748/1496 [00:34<01:58,  6.33step/s]
[Origin 4/13] 🎲 Drawing Posterior Samples:  50%|█████     | 749/1496 [00:56<1:18:51,  6.33s/step]
[Origin 4/13] 🎲 Drawing Posterior Samples:  50%|█████     | 755/1496 [00:56<22:37,  1.83s/step]  
[Origin 4/13] 🎲 Drawing Posterior Samples:  51%|█████     | 761/1496 [00:56<11:13,  1.09step/s]
[Origin 4/13] 🎲 Drawing Posterior Samples:  51%|█████▏    | 767/1496 [00:56<06:34,  1.85step/s]
[Origin 4/13] 🎲 Drawing Posterior Samples:  52%|█████▏    | 773/1496 [00:56<04:09,  2.89step/s]
[Origin 4/13] 🎲 Drawing Posterior Samples:  52%|█████▏    | 779/1496 [00:56<02:46,  4.32step/s]
[Origin 4/13] 🎲 Drawing Posterior Samples:  52%|█████▏    | 785/1496 [00:57<01:54,  6.21step/s]
[Origin 4/13] 🎲 Drawing Posterior Samples:  53%|█████▎    | 791/1496 [00:57<01:21,  8.68step/s]
[Origin 4/13] 🎲 Drawing Posterior Samples:  53%|█████▎    | 797/1496 [00:57<00:59, 11.77step/s]
[Origin 4/13] 🎲 Drawing Posterior Samples:  54%|█████▎    | 803/1496 [00:57<00:44, 15.50step/s]
[Origin 4/13] 🎲 Drawing Posterior Samples:  54%|█████▍    | 809/1496 [00:57<00:34, 19.76step/s]
[Origin 4/13] 🎲 Drawing Posterior Samples:  54%|█████▍    | 815/1496 [00:57<00:29, 22.90step/s]
[Origin 4/13] 🎲 Drawing Posterior Samples:  55%|█████▍    | 821/1496 [00:57<00:24, 27.68step/s]
[Origin 4/13] 🎲 Drawing Posterior Samples:  55%|█████▌    | 827/1496 [00:57<00:20, 32.32step/s]
[Origin 4/13] 🎲 Drawing Posterior Samples:  56%|█████▌    | 833/1496 [00:57<00:18, 36.57step/s]
[Origin 4/13] 🎲 Drawing Posterior Samples:  56%|█████▌    | 839/1496 [00:58<00:16, 40.21step/s]
[Origin 4/13] 🎲 Drawing Posterior Samples:  56%|█████▋    | 845/1496 [00:58<00:15, 43.31step/s]
[Origin 4/13] 🎲 Drawing Posterior Samples:  57%|█████▋    | 851/1496 [00:58<00:14, 45.77step/s]
[Origin 4/13] 🎲 Drawing Posterior Samples:  57%|█████▋    | 857/1496 [00:58<00:13, 47.55step/s]
[Origin 4/13] 🎲 Drawing Posterior Samples:  58%|█████▊    | 863/1496 [00:58<00:12, 48.89step/s]
[Origin 4/13] 🎲 Drawing Posterior Samples:  58%|█████▊    | 869/1496 [00:58<00:12, 49.74step/s]
[Origin 4/13] 🎲 Drawing Posterior Samples:  58%|█████▊    | 875/1496 [00:58<00:12, 50.29step/s]
[Origin 4/13] 🎲 Drawing Posterior Samples:  59%|█████▉    | 881/1496 [00:58<00:12, 50.75step/s]
[Origin 4/13] 🎲 Drawing Posterior Samples:  59%|█████▉    | 887/1496 [00:58<00:11, 51.25step/s]
[Origin 4/13] 🎲 Drawing Posterior Samples:  60%|█████▉    | 893/1496 [00:59<00:11, 51.67step/s]
[Origin 4/13] 🎲 Drawing Posterior Samples:  60%|██████    | 899/1496 [00:59<00:11, 51.91step/s]
[Origin 4/13] 🎲 Drawing Posterior Samples:  60%|██████    | 905/1496 [00:59<00:11, 52.13step/s]
[Origin 4/13] 🎲 Drawing Posterior Samples:  61%|██████    | 911/1496 [00:59<00:11, 52.26step/s]
[Origin 4/13] 🎲 Drawing Posterior Samples:  61%|██████▏   | 917/1496 [00:59<00:11, 52.35step/s]
[Origin 4/13] 🎲 Drawing Posterior Samples:  62%|██████▏   | 923/1496 [00:59<00:10, 52.35step/s]
[Origin 4/13] 🎲 Drawing Posterior Samples:  62%|██████▏   | 929/1496 [00:59<00:10, 52.32step/s]
[Origin 4/13] 🎲 Drawing Posterior Samples:  62%|██████▎   | 935/1496 [00:59<00:10, 52.28step/s]
[Origin 4/13] 🎲 Drawing Posterior Samples:  63%|██████▎   | 941/1496 [01:00<00:10, 52.24step/s]
[Origin 4/13] 🎲 Drawing Posterior Samples:  63%|██████▎   | 947/1496 [01:00<00:10, 52.28step/s]
[Origin 4/13] 🎲 Drawing Posterior Samples:  64%|██████▎   | 953/1496 [01:00<00:10, 52.26step/s]
[Origin 4/13] 🎲 Drawing Posterior Samples:  64%|██████▍   | 959/1496 [01:00<00:10, 52.25step/s]
[Origin 4/13] 🎲 Drawing Posterior Samples:  65%|██████▍   | 965/1496 [01:00<00:10, 52.34step/s]
[Origin 4/13] 🎲 Drawing Posterior Samples:  65%|██████▍   | 971/1496 [01:00<00:10, 52.32step/s]
[Origin 4/13] 🎲 Drawing Posterior Samples:  65%|██████▌   | 977/1496 [01:00<00:09, 52.33step/s]
[Origin 4/13] 🎲 Drawing Posterior Samples:  66%|██████▌   | 983/1496 [01:00<00:09, 52.31step/s]
[Origin 4/13] 🎲 Drawing Posterior Samples:  66%|██████▌   | 989/1496 [01:00<00:09, 52.31step/s]
[Origin 4/13] 🎲 Drawing Posterior Samples:  67%|██████▋   | 995/1496 [01:01<00:09, 52.33step/s]
[Origin 4/13] 🎲 Drawing Posterior Samples:  67%|██████▋   | 1001/1496 [01:01<00:09, 52.33step/s]
[Origin 4/13] 🎲 Drawing Posterior Samples:  67%|██████▋   | 1007/1496 [01:01<00:09, 52.34step/s]
[Origin 4/13] 🎲 Drawing Posterior Samples:  68%|██████▊   | 1013/1496 [01:01<00:09, 52.32step/s]
[Origin 4/13] 🎲 Drawing Posterior Samples:  68%|██████▊   | 1019/1496 [01:01<00:09, 52.33step/s]
[Origin 4/13] 🎲 Drawing Posterior Samples:  69%|██████▊   | 1025/1496 [01:01<00:09, 52.31step/s]
[Origin 4/13] 🎲 Drawing Posterior Samples:  69%|██████▉   | 1031/1496 [01:01<00:08, 52.31step/s]
[Origin 4/13] 🎲 Drawing Posterior Samples:  69%|██████▉   | 1037/1496 [01:01<00:08, 52.30step/s]
[Origin 4/13] 🎲 Drawing Posterior Samples:  70%|██████▉   | 1043/1496 [01:01<00:08, 52.30step/s]
[Origin 4/13] 🎲 Drawing Posterior Samples:  70%|███████   | 1049/1496 [01:02<00:08, 52.33step/s]
[Origin 4/13] 🎲 Drawing Posterior Samples:  71%|███████   | 1055/1496 [01:02<00:08, 52.31step/s]
[Origin 4/13] 🎲 Drawing Posterior Samples:  71%|███████   | 1061/1496 [01:02<00:08, 52.33step/s]
[Origin 4/13] 🎲 Drawing Posterior Samples:  71%|███████▏  | 1067/1496 [01:02<00:08, 52.23step/s]
[Origin 4/13] 🎲 Drawing Posterior Samples:  72%|███████▏  | 1073/1496 [01:02<00:08, 51.98step/s]
[Origin 4/13] 🎲 Drawing Posterior Samples:  72%|███████▏  | 1079/1496 [01:02<00:08, 51.80step/s]
[Origin 4/13] 🎲 Drawing Posterior Samples:  73%|███████▎  | 1085/1496 [01:02<00:07, 51.70step/s]
[Origin 4/13] 🎲 Drawing Posterior Samples:  73%|███████▎  | 1091/1496 [01:03<00:20, 19.62step/s]
[Origin 4/13] 🎲 Drawing Posterior Samples:  73%|███████▎  | 1095/1496 [01:03<00:26, 15.36step/s]
[Origin 4/13] 🎲 Drawing Posterior Samples:  73%|███████▎  | 1098/1496 [01:04<00:29, 13.55step/s]
[Origin 4/13] 🎲 Drawing Posterior Samples:  74%|███████▎  | 1101/1496 [01:04<00:35, 11.06step/s]
[Origin 4/13] 🎲 Drawing Posterior Samples:  74%|███████▎  | 1103/1496 [01:05<00:38, 10.33step/s]
[Origin 4/13] 🎲 Drawing Posterior Samples:  74%|███████▍  | 1105/1496 [01:05<00:40,  9.65step/s]
[Origin 4/13] 🎲 Drawing Posterior Samples:  74%|███████▍  | 1107/1496 [01:05<00:41,  9.45step/s]
[Origin 4/13] 🎲 Drawing Posterior Samples:  74%|███████▍  | 1109/1496 [01:05<00:49,  7.83step/s]
[Origin 4/13] 🎲 Drawing Posterior Samples:  74%|███████▍  | 1110/1496 [01:06<00:48,  7.97step/s]
[Origin 4/13] 🎲 Drawing Posterior Samples:  74%|███████▍  | 1111/1496 [01:06<00:48,  7.97step/s]
[Origin 4/13] 🎲 Drawing Posterior Samples:  74%|███████▍  | 1112/1496 [01:06<00:47,  8.13step/s]
[Origin 4/13] 🎲 Drawing Posterior Samples:  74%|███████▍  | 1113/1496 [01:06<00:46,  8.28step/s]
[Origin 4/13] 🎲 Drawing Posterior Samples:  74%|███████▍  | 1114/1496 [01:06<00:44,  8.53step/s]
[Origin 4/13] 🎲 Drawing Posterior Samples:  75%|███████▍  | 1115/1496 [01:06<00:43,  8.70step/s]
[Origin 4/13] 🎲 Drawing Posterior Samples:  75%|███████▍  | 1116/1496 [01:06<00:42,  8.88step/s]
[Origin 4/13] 🎲 Drawing Posterior Samples:  75%|███████▍  | 1117/1496 [01:06<00:42,  8.84step/s]
[Origin 4/13] 🎲 Drawing Posterior Samples:  75%|███████▍  | 1118/1496 [01:06<00:43,  8.72step/s]
[Origin 4/13] 🎲 Drawing Posterior Samples:  75%|███████▍  | 1119/1496 [01:07<00:45,  8.25step/s]
[Origin 4/13] 🎲 Drawing Posterior Samples:  75%|███████▍  | 1120/1496 [01:07<00:47,  8.00step/s]
[Origin 4/13] 🎲 Drawing Posterior Samples:  75%|███████▍  | 1121/1496 [01:07<00:47,  7.86step/s]
[Origin 4/13] 🎲 Drawing Posterior Samples:  75%|███████▌  | 1122/1496 [01:07<00:48,  7.77step/s]
[Origin 4/13] 🎲 Drawing Posterior Samples:  75%|███████▌  | 1123/1496 [01:29<40:58,  6.59s/step]
[Origin 4/13] 🎲 Drawing Posterior Samples:  75%|███████▌  | 1129/1496 [01:29<11:27,  1.87s/step]
[Origin 4/13] 🎲 Drawing Posterior Samples:  76%|███████▌  | 1135/1496 [01:29<05:37,  1.07step/s]
[Origin 4/13] 🎲 Drawing Posterior Samples:  76%|███████▋  | 1141/1496 [01:29<03:15,  1.82step/s]
[Origin 4/13] 🎲 Drawing Posterior Samples:  77%|███████▋  | 1147/1496 [01:29<02:02,  2.85step/s]
[Origin 4/13] 🎲 Drawing Posterior Samples:  77%|███████▋  | 1153/1496 [01:29<01:20,  4.25step/s]
[Origin 4/13] 🎲 Drawing Posterior Samples:  77%|███████▋  | 1159/1496 [01:30<00:55,  6.13step/s]
[Origin 4/13] 🎲 Drawing Posterior Samples:  78%|███████▊  | 1165/1496 [01:30<00:38,  8.56step/s]
[Origin 4/13] 🎲 Drawing Posterior Samples:  78%|███████▊  | 1171/1496 [01:30<00:27, 11.63step/s]
[Origin 4/13] 🎲 Drawing Posterior Samples:  79%|███████▊  | 1177/1496 [01:30<00:20, 15.34step/s]
[Origin 4/13] 🎲 Drawing Posterior Samples:  79%|███████▉  | 1183/1496 [01:30<00:15, 19.58step/s]
[Origin 4/13] 🎲 Drawing Posterior Samples:  79%|███████▉  | 1189/1496 [01:30<00:12, 24.16step/s]
[Origin 4/13] 🎲 Drawing Posterior Samples:  80%|███████▉  | 1195/1496 [01:30<00:10, 28.83step/s]
[Origin 4/13] 🎲 Drawing Posterior Samples:  80%|████████  | 1201/1496 [01:30<00:08, 33.30step/s]
[Origin 4/13] 🎲 Drawing Posterior Samples:  81%|████████  | 1207/1496 [01:30<00:07, 37.39step/s]
[Origin 4/13] 🎲 Drawing Posterior Samples:  81%|████████  | 1213/1496 [01:31<00:06, 40.93step/s]
[Origin 4/13] 🎲 Drawing Posterior Samples:  81%|████████▏ | 1219/1496 [01:31<00:06, 43.87step/s]
[Origin 4/13] 🎲 Drawing Posterior Samples:  82%|████████▏ | 1225/1496 [01:31<00:05, 46.17step/s]
[Origin 4/13] 🎲 Drawing Posterior Samples:  82%|████████▏ | 1231/1496 [01:31<00:05, 47.95step/s]
[Origin 4/13] 🎲 Drawing Posterior Samples:  83%|████████▎ | 1237/1496 [01:31<00:05, 49.31step/s]
[Origin 4/13] 🎲 Drawing Posterior Samples:  83%|████████▎ | 1243/1496 [01:31<00:05, 50.24step/s]
[Origin 4/13] 🎲 Drawing Posterior Samples:  83%|████████▎ | 1249/1496 [01:31<00:04, 50.71step/s]
[Origin 4/13] 🎲 Drawing Posterior Samples:  84%|████████▍ | 1255/1496 [01:31<00:04, 51.11step/s]
[Origin 4/13] 🎲 Drawing Posterior Samples:  84%|████████▍ | 1261/1496 [01:32<00:04, 51.30step/s]
[Origin 4/13] 🎲 Drawing Posterior Samples:  85%|████████▍ | 1267/1496 [01:32<00:04, 51.43step/s]
[Origin 4/13] 🎲 Drawing Posterior Samples:  85%|████████▌ | 1273/1496 [01:32<00:04, 51.64step/s]
[Origin 4/13] 🎲 Drawing Posterior Samples:  85%|████████▌ | 1279/1496 [01:32<00:04, 51.86step/s]
[Origin 4/13] 🎲 Drawing Posterior Samples:  86%|████████▌ | 1285/1496 [01:32<00:04, 52.03step/s]
[Origin 4/13] 🎲 Drawing Posterior Samples:  86%|████████▋ | 1291/1496 [01:32<00:03, 52.21step/s]
[Origin 4/13] 🎲 Drawing Posterior Samples:  87%|████████▋ | 1297/1496 [01:32<00:03, 52.38step/s]
[Origin 4/13] 🎲 Drawing Posterior Samples:  87%|████████▋ | 1303/1496 [01:32<00:03, 52.41step/s]
[Origin 4/13] 🎲 Drawing Posterior Samples:  88%|████████▊ | 1309/1496 [01:32<00:03, 52.38step/s]
[Origin 4/13] 🎲 Drawing Posterior Samples:  88%|████████▊ | 1315/1496 [01:33<00:03, 52.36step/s]
[Origin 4/13] 🎲 Drawing Posterior Samples:  88%|████████▊ | 1321/1496 [01:33<00:03, 52.28step/s]
[Origin 4/13] 🎲 Drawing Posterior Samples:  89%|████████▊ | 1327/1496 [01:33<00:03, 52.23step/s]
[Origin 4/13] 🎲 Drawing Posterior Samples:  89%|████████▉ | 1333/1496 [01:33<00:03, 52.21step/s]
[Origin 4/13] 🎲 Drawing Posterior Samples:  90%|████████▉ | 1339/1496 [01:33<00:03, 52.24step/s]
[Origin 4/13] 🎲 Drawing Posterior Samples:  90%|████████▉ | 1345/1496 [01:33<00:02, 52.32step/s]
[Origin 4/13] 🎲 Drawing Posterior Samples:  90%|█████████ | 1351/1496 [01:33<00:02, 52.40step/s]
[Origin 4/13] 🎲 Drawing Posterior Samples:  91%|█████████ | 1357/1496 [01:33<00:02, 52.46step/s]
[Origin 4/13] 🎲 Drawing Posterior Samples:  91%|█████████ | 1363/1496 [01:33<00:02, 52.46step/s]
[Origin 4/13] 🎲 Drawing Posterior Samples:  92%|█████████▏| 1369/1496 [01:34<00:02, 52.41step/s]
[Origin 4/13] 🎲 Drawing Posterior Samples:  92%|█████████▏| 1375/1496 [01:34<00:02, 52.36step/s]
[Origin 4/13] 🎲 Drawing Posterior Samples:  92%|█████████▏| 1381/1496 [01:34<00:02, 52.38step/s]
[Origin 4/13] 🎲 Drawing Posterior Samples:  93%|█████████▎| 1387/1496 [01:34<00:02, 52.33step/s]
[Origin 4/13] 🎲 Drawing Posterior Samples:  93%|█████████▎| 1393/1496 [01:34<00:01, 52.34step/s]
[Origin 4/13] 🎲 Drawing Posterior Samples:  94%|█████████▎| 1399/1496 [01:34<00:01, 52.29step/s]
[Origin 4/13] 🎲 Drawing Posterior Samples:  94%|█████████▍| 1405/1496 [01:34<00:01, 52.35step/s]
[Origin 4/13] 🎲 Drawing Posterior Samples:  94%|█████████▍| 1411/1496 [01:34<00:01, 52.42step/s]
[Origin 4/13] 🎲 Drawing Posterior Samples:  95%|█████████▍| 1417/1496 [01:34<00:01, 52.46step/s]
[Origin 4/13] 🎲 Drawing Posterior Samples:  95%|█████████▌| 1423/1496 [01:35<00:01, 52.45step/s]
[Origin 4/13] 🎲 Drawing Posterior Samples:  96%|█████████▌| 1429/1496 [01:35<00:01, 52.35step/s]
[Origin 4/13] 🎲 Drawing Posterior Samples:  96%|█████████▌| 1435/1496 [01:35<00:01, 52.38step/s]
[Origin 4/13] 🎲 Drawing Posterior Samples:  96%|█████████▋| 1441/1496 [01:35<00:01, 52.34step/s]
[Origin 4/13] 🎲 Drawing Posterior Samples:  97%|█████████▋| 1447/1496 [01:35<00:00, 52.34step/s]
[Origin 4/13] 🎲 Drawing Posterior Samples:  97%|█████████▋| 1453/1496 [01:35<00:00, 52.33step/s]
[Origin 4/13] 🎲 Drawing Posterior Samples:  98%|█████████▊| 1459/1496 [01:35<00:00, 52.32step/s]
[Origin 4/13] 🎲 Drawing Posterior Samples:  98%|█████████▊| 1465/1496 [01:36<00:01, 19.43step/s]
[Origin 4/13] 🎲 Drawing Posterior Samples:  98%|█████████▊| 1469/1496 [01:37<00:01, 14.32step/s]
[Origin 4/13] 🎲 Drawing Posterior Samples:  98%|█████████▊| 1472/1496 [01:37<00:01, 12.21step/s]
[Origin 4/13] 🎲 Drawing Posterior Samples:  99%|█████████▊| 1475/1496 [01:37<00:01, 10.80step/s]
[Origin 4/13] 🎲 Drawing Posterior Samples:  99%|█████████▊| 1477/1496 [01:38<00:01,  9.99step/s]
[Origin 4/13] 🎲 Drawing Posterior Samples:  99%|█████████▉| 1479/1496 [01:38<00:01,  9.41step/s]
[Origin 4/13] 🎲 Drawing Posterior Samples:  99%|█████████▉| 1481/1496 [01:38<00:01,  8.70step/s]
[Origin 4/13] 🎲 Drawing Posterior Samples:  99%|█████████▉| 1483/1496 [01:39<00:01,  7.98step/s]
[Origin 4/13] 🎲 Drawing Posterior Samples:  99%|█████████▉| 1484/1496 [01:39<00:01,  7.73step/s]
[Origin 4/13] 🎲 Drawing Posterior Samples:  99%|█████████▉| 1485/1496 [01:39<00:01,  7.66step/s]
[Origin 4/13] 🎲 Drawing Posterior Samples:  99%|█████████▉| 1486/1496 [01:39<00:01,  7.92step/s]
[Origin 4/13] 🎲 Drawing Posterior Samples:  99%|█████████▉| 1487/1496 [01:39<00:01,  8.06step/s]
[Origin 4/13] 🎲 Drawing Posterior Samples:  99%|█████████▉| 1488/1496 [01:39<00:00,  8.25step/s]
[Origin 4/13] 🎲 Drawing Posterior Samples: 100%|█████████▉| 1489/1496 [01:39<00:00,  7.87step/s]
[Origin 4/13] 🎲 Drawing Posterior Samples: 100%|█████████▉| 1490/1496 [01:39<00:00,  7.75step/s]
[Origin 4/13] 🎲 Drawing Posterior Samples: 100%|█████████▉| 1491/1496 [01:40<00:00,  6.13step/s]
[Origin 4/13] 🎲 Drawing Posterior Samples: 100%|█████████▉| 1492/1496 [01:40<00:00,  6.31step/s]
[Origin 4/13] 🎲 Drawing Posterior Samples: 100%|█████████▉| 1493/1496 [01:40<00:00,  6.38step/s]
[Origin 4/13] 🎲 Drawing Posterior Samples: 100%|█████████▉| 1494/1496 [01:40<00:00,  6.51step/s]
[Origin 4/13] 🎲 Drawing Posterior Samples: 100%|█████████▉| 1495/1496 [01:40<00:00,  6.46step/s]
[Origin 4/13] 🎲 Drawing Posterior Samples: 100%|██████████| 1496/1496 [01:40<00:00,  6.50step/s]
                                                                                                 

[Origin 5/13] 🎲 Drawing Posterior Samples:   0%|          | 0/1500 [00:00<?, ?step/s]
[Origin 5/13] 🎲 Drawing Posterior Samples:   0%|          | 7/1500 [00:00<00:24, 59.86step/s]
[Origin 5/13] 🎲 Drawing Posterior Samples:   1%|          | 16/1500 [00:00<00:20, 73.87step/s]
[Origin 5/13] 🎲 Drawing Posterior Samples:   2%|▏         | 24/1500 [00:00<00:20, 72.48step/s]
[Origin 5/13] 🎲 Drawing Posterior Samples:   2%|▏         | 32/1500 [00:00<00:20, 70.60step/s]
[Origin 5/13] 🎲 Drawing Posterior Samples:   3%|▎         | 40/1500 [00:00<00:20, 69.67step/s]
[Origin 5/13] 🎲 Drawing Posterior Samples:   3%|▎         | 47/1500 [00:00<00:20, 69.58step/s]
[Origin 5/13] 🎲 Drawing Posterior Samples:   4%|▎         | 54/1500 [00:00<00:26, 55.38step/s]
[Origin 5/13] 🎲 Drawing Posterior Samples:   4%|▍         | 60/1500 [00:00<00:26, 54.39step/s]
[Origin 5/13] 🎲 Drawing Posterior Samples:   4%|▍         | 66/1500 [00:01<00:26, 53.69step/s]
[Origin 5/13] 🎲 Drawing Posterior Samples:   5%|▍         | 72/1500 [00:01<00:26, 53.12step/s]
[Origin 5/13] 🎲 Drawing Posterior Samples:   5%|▌         | 78/1500 [00:01<00:26, 52.92step/s]
[Origin 5/13] 🎲 Drawing Posterior Samples:   6%|▌         | 84/1500 [00:01<00:26, 52.82step/s]
[Origin 5/13] 🎲 Drawing Posterior Samples:   6%|▌         | 90/1500 [00:01<00:26, 52.79step/s]
[Origin 5/13] 🎲 Drawing Posterior Samples:   6%|▋         | 96/1500 [00:01<00:26, 52.79step/s]
[Origin 5/13] 🎲 Drawing Posterior Samples:   7%|▋         | 102/1500 [00:01<00:26, 52.80step/s]
[Origin 5/13] 🎲 Drawing Posterior Samples:   7%|▋         | 108/1500 [00:01<00:26, 52.60step/s]
[Origin 5/13] 🎲 Drawing Posterior Samples:   8%|▊         | 114/1500 [00:02<00:26, 52.35step/s]
[Origin 5/13] 🎲 Drawing Posterior Samples:   8%|▊         | 120/1500 [00:02<00:26, 52.26step/s]
[Origin 5/13] 🎲 Drawing Posterior Samples:   8%|▊         | 126/1500 [00:02<00:26, 52.18step/s]
[Origin 5/13] 🎲 Drawing Posterior Samples:   9%|▉         | 132/1500 [00:02<00:26, 52.22step/s]
[Origin 5/13] 🎲 Drawing Posterior Samples:   9%|▉         | 138/1500 [00:02<00:26, 52.28step/s]
[Origin 5/13] 🎲 Drawing Posterior Samples:  10%|▉         | 144/1500 [00:02<00:25, 52.34step/s]
[Origin 5/13] 🎲 Drawing Posterior Samples:  10%|█         | 150/1500 [00:02<00:25, 52.39step/s]
[Origin 5/13] 🎲 Drawing Posterior Samples:  10%|█         | 156/1500 [00:02<00:25, 52.45step/s]
[Origin 5/13] 🎲 Drawing Posterior Samples:  11%|█         | 162/1500 [00:02<00:25, 52.57step/s]
[Origin 5/13] 🎲 Drawing Posterior Samples:  11%|█         | 168/1500 [00:03<00:25, 52.54step/s]
[Origin 5/13] 🎲 Drawing Posterior Samples:  12%|█▏        | 174/1500 [00:03<00:25, 52.47step/s]
[Origin 5/13] 🎲 Drawing Posterior Samples:  12%|█▏        | 180/1500 [00:03<00:25, 52.31step/s]
[Origin 5/13] 🎲 Drawing Posterior Samples:  12%|█▏        | 186/1500 [00:03<00:25, 52.17step/s]
[Origin 5/13] 🎲 Drawing Posterior Samples:  13%|█▎        | 192/1500 [00:03<00:25, 52.15step/s]
[Origin 5/13] 🎲 Drawing Posterior Samples:  13%|█▎        | 198/1500 [00:03<00:25, 52.06step/s]
[Origin 5/13] 🎲 Drawing Posterior Samples:  14%|█▎        | 204/1500 [00:03<00:24, 52.18step/s]
[Origin 5/13] 🎲 Drawing Posterior Samples:  14%|█▍        | 210/1500 [00:03<00:24, 52.25step/s]
[Origin 5/13] 🎲 Drawing Posterior Samples:  14%|█▍        | 216/1500 [00:03<00:24, 52.31step/s]
[Origin 5/13] 🎲 Drawing Posterior Samples:  15%|█▍        | 222/1500 [00:04<00:24, 52.31step/s]
[Origin 5/13] 🎲 Drawing Posterior Samples:  15%|█▌        | 228/1500 [00:04<00:24, 52.31step/s]
[Origin 5/13] 🎲 Drawing Posterior Samples:  16%|█▌        | 234/1500 [00:04<00:24, 52.38step/s]
[Origin 5/13] 🎲 Drawing Posterior Samples:  16%|█▌        | 240/1500 [00:04<00:24, 52.41step/s]
[Origin 5/13] 🎲 Drawing Posterior Samples:  16%|█▋        | 246/1500 [00:04<00:23, 52.43step/s]
[Origin 5/13] 🎲 Drawing Posterior Samples:  17%|█▋        | 252/1500 [00:04<00:23, 52.39step/s]
[Origin 5/13] 🎲 Drawing Posterior Samples:  17%|█▋        | 258/1500 [00:04<00:23, 52.38step/s]
[Origin 5/13] 🎲 Drawing Posterior Samples:  18%|█▊        | 264/1500 [00:04<00:23, 52.36step/s]
[Origin 5/13] 🎲 Drawing Posterior Samples:  18%|█▊        | 270/1500 [00:04<00:23, 52.34step/s]
[Origin 5/13] 🎲 Drawing Posterior Samples:  18%|█▊        | 276/1500 [00:05<00:23, 52.36step/s]
[Origin 5/13] 🎲 Drawing Posterior Samples:  19%|█▉        | 282/1500 [00:05<00:23, 52.34step/s]
[Origin 5/13] 🎲 Drawing Posterior Samples:  19%|█▉        | 288/1500 [00:05<00:23, 52.37step/s]
[Origin 5/13] 🎲 Drawing Posterior Samples:  20%|█▉        | 294/1500 [00:05<00:23, 52.36step/s]
[Origin 5/13] 🎲 Drawing Posterior Samples:  20%|██        | 300/1500 [00:05<00:22, 52.35step/s]
[Origin 5/13] 🎲 Drawing Posterior Samples:  20%|██        | 306/1500 [00:05<00:22, 52.37step/s]
[Origin 5/13] 🎲 Drawing Posterior Samples:  21%|██        | 312/1500 [00:05<00:22, 52.34step/s]
[Origin 5/13] 🎲 Drawing Posterior Samples:  21%|██        | 318/1500 [00:05<00:22, 52.33step/s]
[Origin 5/13] 🎲 Drawing Posterior Samples:  22%|██▏       | 324/1500 [00:06<00:22, 52.33step/s]
[Origin 5/13] 🎲 Drawing Posterior Samples:  22%|██▏       | 330/1500 [00:06<00:22, 52.34step/s]
[Origin 5/13] 🎲 Drawing Posterior Samples:  22%|██▏       | 336/1500 [00:06<00:22, 52.34step/s]
[Origin 5/13] 🎲 Drawing Posterior Samples:  23%|██▎       | 342/1500 [00:06<00:45, 25.22step/s]
[Origin 5/13] 🎲 Drawing Posterior Samples:  23%|██▎       | 347/1500 [00:07<01:18, 14.69step/s]
[Origin 5/13] 🎲 Drawing Posterior Samples:  23%|██▎       | 351/1500 [00:08<01:37, 11.78step/s]
[Origin 5/13] 🎲 Drawing Posterior Samples:  24%|██▎       | 354/1500 [00:08<01:49, 10.44step/s]
[Origin 5/13] 🎲 Drawing Posterior Samples:  24%|██▎       | 356/1500 [00:08<01:55,  9.89step/s]
[Origin 5/13] 🎲 Drawing Posterior Samples:  24%|██▍       | 358/1500 [00:09<02:02,  9.32step/s]
[Origin 5/13] 🎲 Drawing Posterior Samples:  24%|██▍       | 360/1500 [00:09<02:07,  8.95step/s]
[Origin 5/13] 🎲 Drawing Posterior Samples:  24%|██▍       | 362/1500 [00:09<02:17,  8.27step/s]
[Origin 5/13] 🎲 Drawing Posterior Samples:  24%|██▍       | 363/1500 [00:09<02:23,  7.93step/s]
[Origin 5/13] 🎲 Drawing Posterior Samples:  24%|██▍       | 364/1500 [00:09<02:24,  7.86step/s]
[Origin 5/13] 🎲 Drawing Posterior Samples:  24%|██▍       | 365/1500 [00:10<02:32,  7.45step/s]
[Origin 5/13] 🎲 Drawing Posterior Samples:  24%|██▍       | 366/1500 [00:10<02:31,  7.47step/s]
[Origin 5/13] 🎲 Drawing Posterior Samples:  24%|██▍       | 367/1500 [00:10<02:35,  7.27step/s]
[Origin 5/13] 🎲 Drawing Posterior Samples:  25%|██▍       | 368/1500 [00:10<02:41,  7.03step/s]
[Origin 5/13] 🎲 Drawing Posterior Samples:  25%|██▍       | 369/1500 [00:10<03:08,  6.00step/s]
[Origin 5/13] 🎲 Drawing Posterior Samples:  25%|██▍       | 370/1500 [00:10<02:53,  6.52step/s]
[Origin 5/13] 🎲 Drawing Posterior Samples:  25%|██▍       | 371/1500 [00:10<02:46,  6.77step/s]
[Origin 5/13] 🎲 Drawing Posterior Samples:  25%|██▍       | 372/1500 [00:11<02:45,  6.80step/s]
[Origin 5/13] 🎲 Drawing Posterior Samples:  25%|██▍       | 373/1500 [00:11<02:49,  6.64step/s]
[Origin 5/13] 🎲 Drawing Posterior Samples:  25%|██▍       | 374/1500 [00:11<02:47,  6.70step/s]
[Origin 5/13] 🎲 Drawing Posterior Samples:  25%|██▌       | 375/1500 [00:11<02:49,  6.63step/s]
[Origin 5/13] 🎲 Drawing Posterior Samples:  25%|██▌       | 376/1500 [00:24<1:13:44,  3.94s/step]
[Origin 5/13] 🎲 Drawing Posterior Samples:  25%|██▌       | 382/1500 [00:24<20:56,  1.12s/step]  
[Origin 5/13] 🎲 Drawing Posterior Samples:  26%|██▌       | 388/1500 [00:24<10:27,  1.77step/s]
[Origin 5/13] 🎲 Drawing Posterior Samples:  26%|██▋       | 394/1500 [00:24<06:11,  2.98step/s]
[Origin 5/13] 🎲 Drawing Posterior Samples:  27%|██▋       | 400/1500 [00:24<03:58,  4.61step/s]
[Origin 5/13] 🎲 Drawing Posterior Samples:  27%|██▋       | 406/1500 [00:25<02:41,  6.76step/s]
[Origin 5/13] 🎲 Drawing Posterior Samples:  27%|██▋       | 412/1500 [00:25<01:54,  9.52step/s]
[Origin 5/13] 🎲 Drawing Posterior Samples:  28%|██▊       | 418/1500 [00:25<01:23, 12.93step/s]
[Origin 5/13] 🎲 Drawing Posterior Samples:  28%|██▊       | 424/1500 [00:25<01:03, 16.96step/s]
[Origin 5/13] 🎲 Drawing Posterior Samples:  29%|██▊       | 430/1500 [00:25<00:49, 21.46step/s]
[Origin 5/13] 🎲 Drawing Posterior Samples:  29%|██▉       | 436/1500 [00:25<00:40, 26.17step/s]
[Origin 5/13] 🎲 Drawing Posterior Samples:  29%|██▉       | 442/1500 [00:25<00:34, 30.83step/s]
[Origin 5/13] 🎲 Drawing Posterior Samples:  30%|██▉       | 448/1500 [00:25<00:29, 35.14step/s]
[Origin 5/13] 🎲 Drawing Posterior Samples:  30%|███       | 454/1500 [00:25<00:26, 38.92step/s]
[Origin 5/13] 🎲 Drawing Posterior Samples:  31%|███       | 460/1500 [00:26<00:24, 42.17step/s]
[Origin 5/13] 🎲 Drawing Posterior Samples:  31%|███       | 466/1500 [00:26<00:23, 44.83step/s]
[Origin 5/13] 🎲 Drawing Posterior Samples:  31%|███▏      | 472/1500 [00:26<00:21, 46.90step/s]
[Origin 5/13] 🎲 Drawing Posterior Samples:  32%|███▏      | 478/1500 [00:26<00:21, 48.52step/s]
[Origin 5/13] 🎲 Drawing Posterior Samples:  32%|███▏      | 484/1500 [00:26<00:20, 49.65step/s]
[Origin 5/13] 🎲 Drawing Posterior Samples:  33%|███▎      | 490/1500 [00:26<00:20, 50.41step/s]
[Origin 5/13] 🎲 Drawing Posterior Samples:  33%|███▎      | 496/1500 [00:26<00:19, 50.97step/s]
[Origin 5/13] 🎲 Drawing Posterior Samples:  33%|███▎      | 502/1500 [00:26<00:19, 51.30step/s]
[Origin 5/13] 🎲 Drawing Posterior Samples:  34%|███▍      | 508/1500 [00:26<00:19, 51.50step/s]
[Origin 5/13] 🎲 Drawing Posterior Samples:  34%|███▍      | 514/1500 [00:27<00:19, 51.64step/s]
[Origin 5/13] 🎲 Drawing Posterior Samples:  35%|███▍      | 520/1500 [00:27<00:18, 51.76step/s]
[Origin 5/13] 🎲 Drawing Posterior Samples:  35%|███▌      | 526/1500 [00:27<00:18, 51.92step/s]
[Origin 5/13] 🎲 Drawing Posterior Samples:  35%|███▌      | 532/1500 [00:27<00:18, 52.14step/s]
[Origin 5/13] 🎲 Drawing Posterior Samples:  36%|███▌      | 538/1500 [00:27<00:18, 52.25step/s]
[Origin 5/13] 🎲 Drawing Posterior Samples:  36%|███▋      | 544/1500 [00:27<00:18, 52.29step/s]
[Origin 5/13] 🎲 Drawing Posterior Samples:  37%|███▋      | 550/1500 [00:27<00:18, 52.26step/s]
[Origin 5/13] 🎲 Drawing Posterior Samples:  37%|███▋      | 556/1500 [00:27<00:18, 52.31step/s]
[Origin 5/13] 🎲 Drawing Posterior Samples:  37%|███▋      | 562/1500 [00:28<00:17, 52.27step/s]
[Origin 5/13] 🎲 Drawing Posterior Samples:  38%|███▊      | 568/1500 [00:28<00:17, 52.21step/s]
[Origin 5/13] 🎲 Drawing Posterior Samples:  38%|███▊      | 574/1500 [00:28<00:17, 52.21step/s]
[Origin 5/13] 🎲 Drawing Posterior Samples:  39%|███▊      | 580/1500 [00:28<00:17, 52.20step/s]
[Origin 5/13] 🎲 Drawing Posterior Samples:  39%|███▉      | 586/1500 [00:28<00:17, 52.24step/s]
[Origin 5/13] 🎲 Drawing Posterior Samples:  39%|███▉      | 592/1500 [00:28<00:17, 52.21step/s]
[Origin 5/13] 🎲 Drawing Posterior Samples:  40%|███▉      | 598/1500 [00:28<00:17, 52.30step/s]
[Origin 5/13] 🎲 Drawing Posterior Samples:  40%|████      | 604/1500 [00:28<00:17, 52.29step/s]
[Origin 5/13] 🎲 Drawing Posterior Samples:  41%|████      | 610/1500 [00:28<00:17, 52.30step/s]
[Origin 5/13] 🎲 Drawing Posterior Samples:  41%|████      | 616/1500 [00:29<00:16, 52.31step/s]
[Origin 5/13] 🎲 Drawing Posterior Samples:  41%|████▏     | 622/1500 [00:29<00:16, 52.28step/s]
[Origin 5/13] 🎲 Drawing Posterior Samples:  42%|████▏     | 628/1500 [00:29<00:16, 52.30step/s]
[Origin 5/13] 🎲 Drawing Posterior Samples:  42%|████▏     | 634/1500 [00:29<00:16, 52.28step/s]
[Origin 5/13] 🎲 Drawing Posterior Samples:  43%|████▎     | 640/1500 [00:29<00:16, 52.23step/s]
[Origin 5/13] 🎲 Drawing Posterior Samples:  43%|████▎     | 646/1500 [00:29<00:16, 52.26step/s]
[Origin 5/13] 🎲 Drawing Posterior Samples:  43%|████▎     | 652/1500 [00:29<00:16, 52.25step/s]
[Origin 5/13] 🎲 Drawing Posterior Samples:  44%|████▍     | 658/1500 [00:29<00:16, 52.25step/s]
[Origin 5/13] 🎲 Drawing Posterior Samples:  44%|████▍     | 664/1500 [00:29<00:16, 52.23step/s]
[Origin 5/13] 🎲 Drawing Posterior Samples:  45%|████▍     | 670/1500 [00:30<00:15, 52.25step/s]
[Origin 5/13] 🎲 Drawing Posterior Samples:  45%|████▌     | 676/1500 [00:30<00:15, 52.27step/s]
[Origin 5/13] 🎲 Drawing Posterior Samples:  45%|████▌     | 682/1500 [00:30<00:15, 52.26step/s]
[Origin 5/13] 🎲 Drawing Posterior Samples:  46%|████▌     | 688/1500 [00:30<00:15, 52.28step/s]
[Origin 5/13] 🎲 Drawing Posterior Samples:  46%|████▋     | 694/1500 [00:30<00:15, 52.25step/s]
[Origin 5/13] 🎲 Drawing Posterior Samples:  47%|████▋     | 700/1500 [00:30<00:15, 52.26step/s]
[Origin 5/13] 🎲 Drawing Posterior Samples:  47%|████▋     | 706/1500 [00:30<00:17, 46.54step/s]
[Origin 5/13] 🎲 Drawing Posterior Samples:  47%|████▋     | 712/1500 [00:30<00:16, 48.21step/s]
[Origin 5/13] 🎲 Drawing Posterior Samples:  48%|████▊     | 717/1500 [00:31<00:30, 25.77step/s]
[Origin 5/13] 🎲 Drawing Posterior Samples:  48%|████▊     | 721/1500 [00:31<00:43, 17.94step/s]
[Origin 5/13] 🎲 Drawing Posterior Samples:  48%|████▊     | 724/1500 [00:32<00:51, 15.14step/s]
[Origin 5/13] 🎲 Drawing Posterior Samples:  48%|████▊     | 727/1500 [00:32<00:57, 13.49step/s]
[Origin 5/13] 🎲 Drawing Posterior Samples:  49%|████▊     | 729/1500 [00:32<01:01, 12.59step/s]
[Origin 5/13] 🎲 Drawing Posterior Samples:  49%|████▊     | 731/1500 [00:32<01:05, 11.66step/s]
[Origin 5/13] 🎲 Drawing Posterior Samples:  49%|████▉     | 733/1500 [00:33<01:09, 11.02step/s]
[Origin 5/13] 🎲 Drawing Posterior Samples:  49%|████▉     | 735/1500 [00:33<01:19,  9.57step/s]
[Origin 5/13] 🎲 Drawing Posterior Samples:  49%|████▉     | 737/1500 [00:33<01:22,  9.30step/s]
[Origin 5/13] 🎲 Drawing Posterior Samples:  49%|████▉     | 739/1500 [00:33<01:21,  9.28step/s]
[Origin 5/13] 🎲 Drawing Posterior Samples:  49%|████▉     | 740/1500 [00:33<01:22,  9.21step/s]
[Origin 5/13] 🎲 Drawing Posterior Samples:  49%|████▉     | 741/1500 [00:34<01:22,  9.23step/s]
[Origin 5/13] 🎲 Drawing Posterior Samples:  50%|████▉     | 743/1500 [00:34<01:22,  9.13step/s]
[Origin 5/13] 🎲 Drawing Posterior Samples:  50%|████▉     | 744/1500 [00:34<01:23,  9.01step/s]
[Origin 5/13] 🎲 Drawing Posterior Samples:  50%|████▉     | 745/1500 [00:34<01:23,  9.00step/s]
[Origin 5/13] 🎲 Drawing Posterior Samples:  50%|████▉     | 746/1500 [00:34<01:25,  8.78step/s]
[Origin 5/13] 🎲 Drawing Posterior Samples:  50%|████▉     | 747/1500 [00:34<01:30,  8.35step/s]
[Origin 5/13] 🎲 Drawing Posterior Samples:  50%|████▉     | 748/1500 [00:34<01:33,  8.00step/s]
[Origin 5/13] 🎲 Drawing Posterior Samples:  50%|████▉     | 749/1500 [00:35<01:35,  7.85step/s]
[Origin 5/13] 🎲 Drawing Posterior Samples:  50%|█████     | 750/1500 [00:35<01:37,  7.70step/s]
[Origin 5/13] 🎲 Drawing Posterior Samples:  50%|█████     | 751/1500 [00:47<44:55,  3.60s/step]
[Origin 5/13] 🎲 Drawing Posterior Samples:  50%|█████     | 757/1500 [00:47<13:00,  1.05s/step]
[Origin 5/13] 🎲 Drawing Posterior Samples:  51%|█████     | 763/1500 [00:47<06:31,  1.88step/s]
[Origin 5/13] 🎲 Drawing Posterior Samples:  51%|█████▏    | 769/1500 [00:47<03:51,  3.16step/s]
[Origin 5/13] 🎲 Drawing Posterior Samples:  52%|█████▏    | 775/1500 [00:47<02:28,  4.88step/s]
[Origin 5/13] 🎲 Drawing Posterior Samples:  52%|█████▏    | 781/1500 [00:47<01:40,  7.13step/s]
[Origin 5/13] 🎲 Drawing Posterior Samples:  52%|█████▏    | 787/1500 [00:48<01:11, 10.00step/s]
[Origin 5/13] 🎲 Drawing Posterior Samples:  53%|█████▎    | 793/1500 [00:48<00:52, 13.53step/s]
[Origin 5/13] 🎲 Drawing Posterior Samples:  53%|█████▎    | 799/1500 [00:48<00:39, 17.67step/s]
[Origin 5/13] 🎲 Drawing Posterior Samples:  54%|█████▎    | 805/1500 [00:48<00:31, 22.25step/s]
[Origin 5/13] 🎲 Drawing Posterior Samples:  54%|█████▍    | 811/1500 [00:48<00:25, 26.97step/s]
[Origin 5/13] 🎲 Drawing Posterior Samples:  54%|█████▍    | 817/1500 [00:48<00:21, 31.57step/s]
[Origin 5/13] 🎲 Drawing Posterior Samples:  55%|█████▍    | 823/1500 [00:48<00:18, 35.79step/s]
[Origin 5/13] 🎲 Drawing Posterior Samples:  55%|█████▌    | 829/1500 [00:48<00:17, 39.44step/s]
[Origin 5/13] 🎲 Drawing Posterior Samples:  56%|█████▌    | 835/1500 [00:48<00:15, 42.51step/s]
[Origin 5/13] 🎲 Drawing Posterior Samples:  56%|█████▌    | 841/1500 [00:49<00:14, 45.10step/s]
[Origin 5/13] 🎲 Drawing Posterior Samples:  56%|█████▋    | 847/1500 [00:49<00:13, 46.99step/s]
[Origin 5/13] 🎲 Drawing Posterior Samples:  57%|█████▋    | 853/1500 [00:49<00:13, 48.55step/s]
[Origin 5/13] 🎲 Drawing Posterior Samples:  57%|█████▋    | 859/1500 [00:49<00:12, 49.74step/s]
[Origin 5/13] 🎲 Drawing Posterior Samples:  58%|█████▊    | 865/1500 [00:49<00:12, 49.12step/s]
[Origin 5/13] 🎲 Drawing Posterior Samples:  58%|█████▊    | 871/1500 [00:49<00:12, 49.99step/s]
[Origin 5/13] 🎲 Drawing Posterior Samples:  58%|█████▊    | 877/1500 [00:49<00:12, 50.58step/s]
[Origin 5/13] 🎲 Drawing Posterior Samples:  59%|█████▉    | 883/1500 [00:49<00:12, 50.99step/s]
[Origin 5/13] 🎲 Drawing Posterior Samples:  59%|█████▉    | 889/1500 [00:50<00:11, 51.25step/s]
[Origin 5/13] 🎲 Drawing Posterior Samples:  60%|█████▉    | 895/1500 [00:50<00:11, 51.40step/s]
[Origin 5/13] 🎲 Drawing Posterior Samples:  60%|██████    | 901/1500 [00:50<00:11, 51.50step/s]
[Origin 5/13] 🎲 Drawing Posterior Samples:  60%|██████    | 907/1500 [00:50<00:11, 51.61step/s]
[Origin 5/13] 🎲 Drawing Posterior Samples:  61%|██████    | 913/1500 [00:50<00:11, 51.98step/s]
[Origin 5/13] 🎲 Drawing Posterior Samples:  61%|██████▏   | 919/1500 [00:50<00:11, 52.13step/s]
[Origin 5/13] 🎲 Drawing Posterior Samples:  62%|██████▏   | 925/1500 [00:50<00:11, 52.21step/s]
[Origin 5/13] 🎲 Drawing Posterior Samples:  62%|██████▏   | 931/1500 [00:50<00:10, 52.25step/s]
[Origin 5/13] 🎲 Drawing Posterior Samples:  62%|██████▏   | 937/1500 [00:50<00:10, 52.25step/s]
[Origin 5/13] 🎲 Drawing Posterior Samples:  63%|██████▎   | 943/1500 [00:51<00:10, 52.21step/s]
[Origin 5/13] 🎲 Drawing Posterior Samples:  63%|██████▎   | 949/1500 [00:51<00:10, 52.16step/s]
[Origin 5/13] 🎲 Drawing Posterior Samples:  64%|██████▎   | 955/1500 [00:51<00:10, 52.17step/s]
[Origin 5/13] 🎲 Drawing Posterior Samples:  64%|██████▍   | 961/1500 [00:51<00:10, 52.14step/s]
[Origin 5/13] 🎲 Drawing Posterior Samples:  64%|██████▍   | 967/1500 [00:51<00:10, 52.17step/s]
[Origin 5/13] 🎲 Drawing Posterior Samples:  65%|██████▍   | 973/1500 [00:51<00:10, 52.19step/s]
[Origin 5/13] 🎲 Drawing Posterior Samples:  65%|██████▌   | 979/1500 [00:51<00:09, 52.25step/s]
[Origin 5/13] 🎲 Drawing Posterior Samples:  66%|██████▌   | 985/1500 [00:51<00:09, 52.28step/s]
[Origin 5/13] 🎲 Drawing Posterior Samples:  66%|██████▌   | 991/1500 [00:51<00:09, 52.25step/s]
[Origin 5/13] 🎲 Drawing Posterior Samples:  66%|██████▋   | 997/1500 [00:52<00:09, 52.31step/s]
[Origin 5/13] 🎲 Drawing Posterior Samples:  67%|██████▋   | 1003/1500 [00:52<00:09, 52.23step/s]
[Origin 5/13] 🎲 Drawing Posterior Samples:  67%|██████▋   | 1009/1500 [00:52<00:09, 52.24step/s]
[Origin 5/13] 🎲 Drawing Posterior Samples:  68%|██████▊   | 1015/1500 [00:52<00:09, 52.28step/s]
[Origin 5/13] 🎲 Drawing Posterior Samples:  68%|██████▊   | 1021/1500 [00:52<00:09, 52.25step/s]
[Origin 5/13] 🎲 Drawing Posterior Samples:  68%|██████▊   | 1027/1500 [00:52<00:09, 52.25step/s]
[Origin 5/13] 🎲 Drawing Posterior Samples:  69%|██████▉   | 1033/1500 [00:52<00:08, 52.24step/s]
[Origin 5/13] 🎲 Drawing Posterior Samples:  69%|██████▉   | 1039/1500 [00:52<00:08, 52.24step/s]
[Origin 5/13] 🎲 Drawing Posterior Samples:  70%|██████▉   | 1045/1500 [00:53<00:08, 52.24step/s]
[Origin 5/13] 🎲 Drawing Posterior Samples:  70%|███████   | 1051/1500 [00:53<00:08, 52.25step/s]
[Origin 5/13] 🎲 Drawing Posterior Samples:  70%|███████   | 1057/1500 [00:53<00:08, 52.24step/s]
[Origin 5/13] 🎲 Drawing Posterior Samples:  71%|███████   | 1063/1500 [00:53<00:08, 52.24step/s]
[Origin 5/13] 🎲 Drawing Posterior Samples:  71%|███████▏  | 1069/1500 [00:53<00:08, 52.27step/s]
[Origin 5/13] 🎲 Drawing Posterior Samples:  72%|███████▏  | 1075/1500 [00:53<00:08, 52.25step/s]
[Origin 5/13] 🎲 Drawing Posterior Samples:  72%|███████▏  | 1081/1500 [00:53<00:08, 52.19step/s]
[Origin 5/13] 🎲 Drawing Posterior Samples:  72%|███████▏  | 1087/1500 [00:53<00:07, 52.20step/s]
[Origin 5/13] 🎲 Drawing Posterior Samples:  73%|███████▎  | 1093/1500 [00:54<00:16, 25.06step/s]
[Origin 5/13] 🎲 Drawing Posterior Samples:  73%|███████▎  | 1097/1500 [00:54<00:22, 17.99step/s]
[Origin 5/13] 🎲 Drawing Posterior Samples:  73%|███████▎  | 1101/1500 [00:55<00:28, 13.84step/s]
[Origin 5/13] 🎲 Drawing Posterior Samples:  74%|███████▎  | 1104/1500 [00:55<00:32, 12.30step/s]
[Origin 5/13] 🎲 Drawing Posterior Samples:  74%|███████▎  | 1106/1500 [00:55<00:33, 11.67step/s]
[Origin 5/13] 🎲 Drawing Posterior Samples:  74%|███████▍  | 1108/1500 [00:56<00:35, 11.18step/s]
[Origin 5/13] 🎲 Drawing Posterior Samples:  74%|███████▍  | 1110/1500 [00:56<00:37, 10.49step/s]
[Origin 5/13] 🎲 Drawing Posterior Samples:  74%|███████▍  | 1112/1500 [00:56<00:38,  9.98step/s]
[Origin 5/13] 🎲 Drawing Posterior Samples:  74%|███████▍  | 1114/1500 [00:56<00:42,  9.11step/s]
[Origin 5/13] 🎲 Drawing Posterior Samples:  74%|███████▍  | 1116/1500 [00:57<00:45,  8.36step/s]
[Origin 5/13] 🎲 Drawing Posterior Samples:  74%|███████▍  | 1117/1500 [00:57<00:46,  8.27step/s]
[Origin 5/13] 🎲 Drawing Posterior Samples:  75%|███████▍  | 1118/1500 [00:57<00:47,  7.96step/s]
[Origin 5/13] 🎲 Drawing Posterior Samples:  75%|███████▍  | 1119/1500 [00:57<00:48,  7.88step/s]
[Origin 5/13] 🎲 Drawing Posterior Samples:  75%|███████▍  | 1120/1500 [00:57<00:47,  7.94step/s]
[Origin 5/13] 🎲 Drawing Posterior Samples:  75%|███████▍  | 1121/1500 [00:57<00:48,  7.78step/s]
[Origin 5/13] 🎲 Drawing Posterior Samples:  75%|███████▍  | 1122/1500 [00:57<00:49,  7.62step/s]
[Origin 5/13] 🎲 Drawing Posterior Samples:  75%|███████▍  | 1123/1500 [00:58<00:51,  7.38step/s]
[Origin 5/13] 🎲 Drawing Posterior Samples:  75%|███████▍  | 1124/1500 [00:58<00:51,  7.37step/s]
[Origin 5/13] 🎲 Drawing Posterior Samples:  75%|███████▌  | 1125/1500 [00:58<00:54,  6.83step/s]
[Origin 5/13] 🎲 Drawing Posterior Samples:  75%|███████▌  | 1126/1500 [01:09<20:54,  3.35s/step]
[Origin 5/13] 🎲 Drawing Posterior Samples:  75%|███████▌  | 1132/1500 [01:09<05:59,  1.02step/s]
[Origin 5/13] 🎲 Drawing Posterior Samples:  76%|███████▌  | 1142/1500 [01:09<02:11,  2.71step/s]
[Origin 5/13] 🎲 Drawing Posterior Samples:  77%|███████▋  | 1149/1500 [01:09<01:21,  4.31step/s]
[Origin 5/13] 🎲 Drawing Posterior Samples:  77%|███████▋  | 1156/1500 [01:10<00:53,  6.46step/s]
[Origin 5/13] 🎲 Drawing Posterior Samples:  78%|███████▊  | 1163/1500 [01:10<00:36,  9.29step/s]
[Origin 5/13] 🎲 Drawing Posterior Samples:  78%|███████▊  | 1170/1500 [01:10<00:25, 12.90step/s]
[Origin 5/13] 🎲 Drawing Posterior Samples:  78%|███████▊  | 1177/1500 [01:10<00:18, 17.22step/s]
[Origin 5/13] 🎲 Drawing Posterior Samples:  79%|███████▉  | 1184/1500 [01:10<00:14, 21.45step/s]
[Origin 5/13] 🎲 Drawing Posterior Samples:  79%|███████▉  | 1190/1500 [01:10<00:12, 25.46step/s]
[Origin 5/13] 🎲 Drawing Posterior Samples:  80%|███████▉  | 1196/1500 [01:10<00:10, 29.69step/s]
[Origin 5/13] 🎲 Drawing Posterior Samples:  80%|████████  | 1202/1500 [01:10<00:08, 33.90step/s]
[Origin 5/13] 🎲 Drawing Posterior Samples:  81%|████████  | 1208/1500 [01:10<00:07, 37.77step/s]
[Origin 5/13] 🎲 Drawing Posterior Samples:  81%|████████  | 1214/1500 [01:11<00:06, 41.19step/s]
[Origin 5/13] 🎲 Drawing Posterior Samples:  81%|████████▏ | 1220/1500 [01:11<00:06, 44.02step/s]
[Origin 5/13] 🎲 Drawing Posterior Samples:  82%|████████▏ | 1226/1500 [01:11<00:05, 46.27step/s]
[Origin 5/13] 🎲 Drawing Posterior Samples:  82%|████████▏ | 1232/1500 [01:11<00:05, 47.98step/s]
[Origin 5/13] 🎲 Drawing Posterior Samples:  83%|████████▎ | 1238/1500 [01:11<00:05, 49.07step/s]
[Origin 5/13] 🎲 Drawing Posterior Samples:  83%|████████▎ | 1244/1500 [01:11<00:05, 49.79step/s]
[Origin 5/13] 🎲 Drawing Posterior Samples:  83%|████████▎ | 1250/1500 [01:11<00:04, 50.29step/s]
[Origin 5/13] 🎲 Drawing Posterior Samples:  84%|████████▎ | 1256/1500 [01:11<00:04, 50.63step/s]
[Origin 5/13] 🎲 Drawing Posterior Samples:  84%|████████▍ | 1262/1500 [01:11<00:04, 50.83step/s]
[Origin 5/13] 🎲 Drawing Posterior Samples:  85%|████████▍ | 1268/1500 [01:12<00:04, 51.09step/s]
[Origin 5/13] 🎲 Drawing Posterior Samples:  85%|████████▍ | 1274/1500 [01:12<00:04, 51.42step/s]
[Origin 5/13] 🎲 Drawing Posterior Samples:  85%|████████▌ | 1280/1500 [01:12<00:04, 51.74step/s]
[Origin 5/13] 🎲 Drawing Posterior Samples:  86%|████████▌ | 1286/1500 [01:12<00:04, 51.97step/s]
[Origin 5/13] 🎲 Drawing Posterior Samples:  86%|████████▌ | 1292/1500 [01:12<00:03, 52.10step/s]
[Origin 5/13] 🎲 Drawing Posterior Samples:  87%|████████▋ | 1298/1500 [01:12<00:03, 52.26step/s]
[Origin 5/13] 🎲 Drawing Posterior Samples:  87%|████████▋ | 1304/1500 [01:12<00:03, 52.31step/s]
[Origin 5/13] 🎲 Drawing Posterior Samples:  87%|████████▋ | 1310/1500 [01:12<00:03, 52.30step/s]
[Origin 5/13] 🎲 Drawing Posterior Samples:  88%|████████▊ | 1316/1500 [01:13<00:03, 52.21step/s]
[Origin 5/13] 🎲 Drawing Posterior Samples:  88%|████████▊ | 1322/1500 [01:13<00:03, 52.12step/s]
[Origin 5/13] 🎲 Drawing Posterior Samples:  89%|████████▊ | 1328/1500 [01:13<00:03, 52.06step/s]
[Origin 5/13] 🎲 Drawing Posterior Samples:  89%|████████▉ | 1334/1500 [01:13<00:03, 52.03step/s]
[Origin 5/13] 🎲 Drawing Posterior Samples:  89%|████████▉ | 1340/1500 [01:13<00:03, 52.11step/s]
[Origin 5/13] 🎲 Drawing Posterior Samples:  90%|████████▉ | 1346/1500 [01:13<00:02, 52.10step/s]
[Origin 5/13] 🎲 Drawing Posterior Samples:  90%|█████████ | 1352/1500 [01:13<00:02, 52.15step/s]
[Origin 5/13] 🎲 Drawing Posterior Samples:  91%|█████████ | 1358/1500 [01:13<00:02, 52.20step/s]
[Origin 5/13] 🎲 Drawing Posterior Samples:  91%|█████████ | 1364/1500 [01:13<00:02, 52.24step/s]
[Origin 5/13] 🎲 Drawing Posterior Samples:  91%|█████████▏| 1370/1500 [01:14<00:02, 52.24step/s]
[Origin 5/13] 🎲 Drawing Posterior Samples:  92%|█████████▏| 1376/1500 [01:14<00:02, 52.27step/s]
[Origin 5/13] 🎲 Drawing Posterior Samples:  92%|█████████▏| 1382/1500 [01:14<00:02, 52.24step/s]
[Origin 5/13] 🎲 Drawing Posterior Samples:  93%|█████████▎| 1388/1500 [01:14<00:02, 52.18step/s]
[Origin 5/13] 🎲 Drawing Posterior Samples:  93%|█████████▎| 1394/1500 [01:14<00:02, 52.13step/s]
[Origin 5/13] 🎲 Drawing Posterior Samples:  93%|█████████▎| 1400/1500 [01:14<00:01, 52.12step/s]
[Origin 5/13] 🎲 Drawing Posterior Samples:  94%|█████████▎| 1406/1500 [01:14<00:01, 52.12step/s]
[Origin 5/13] 🎲 Drawing Posterior Samples:  94%|█████████▍| 1412/1500 [01:14<00:01, 52.19step/s]
[Origin 5/13] 🎲 Drawing Posterior Samples:  95%|█████████▍| 1418/1500 [01:14<00:01, 52.19step/s]
[Origin 5/13] 🎲 Drawing Posterior Samples:  95%|█████████▍| 1424/1500 [01:15<00:01, 52.21step/s]
[Origin 5/13] 🎲 Drawing Posterior Samples:  95%|█████████▌| 1430/1500 [01:15<00:01, 52.11step/s]
[Origin 5/13] 🎲 Drawing Posterior Samples:  96%|█████████▌| 1436/1500 [01:15<00:01, 52.12step/s]
[Origin 5/13] 🎲 Drawing Posterior Samples:  96%|█████████▌| 1442/1500 [01:15<00:01, 52.21step/s]
[Origin 5/13] 🎲 Drawing Posterior Samples:  97%|█████████▋| 1448/1500 [01:15<00:00, 52.20step/s]
[Origin 5/13] 🎲 Drawing Posterior Samples:  97%|█████████▋| 1454/1500 [01:15<00:00, 52.21step/s]
[Origin 5/13] 🎲 Drawing Posterior Samples:  97%|█████████▋| 1460/1500 [01:15<00:00, 52.17step/s]
[Origin 5/13] 🎲 Drawing Posterior Samples:  98%|█████████▊| 1466/1500 [01:16<00:01, 28.99step/s]
[Origin 5/13] 🎲 Drawing Posterior Samples:  98%|█████████▊| 1471/1500 [01:16<00:01, 15.38step/s]
[Origin 5/13] 🎲 Drawing Posterior Samples:  98%|█████████▊| 1475/1500 [01:17<00:01, 13.09step/s]
[Origin 5/13] 🎲 Drawing Posterior Samples:  99%|█████████▊| 1478/1500 [01:17<00:01, 12.13step/s]
[Origin 5/13] 🎲 Drawing Posterior Samples:  99%|█████████▊| 1480/1500 [01:17<00:01, 11.54step/s]
[Origin 5/13] 🎲 Drawing Posterior Samples:  99%|█████████▉| 1482/1500 [01:18<00:01, 10.99step/s]
[Origin 5/13] 🎲 Drawing Posterior Samples:  99%|█████████▉| 1484/1500 [01:18<00:01, 10.49step/s]
[Origin 5/13] 🎲 Drawing Posterior Samples:  99%|█████████▉| 1486/1500 [01:18<00:01,  9.94step/s]
[Origin 5/13] 🎲 Drawing Posterior Samples:  99%|█████████▉| 1488/1500 [01:18<00:01,  9.45step/s]
[Origin 5/13] 🎲 Drawing Posterior Samples:  99%|█████████▉| 1490/1500 [01:19<00:01,  8.82step/s]
[Origin 5/13] 🎲 Drawing Posterior Samples:  99%|█████████▉| 1491/1500 [01:19<00:01,  8.69step/s]
[Origin 5/13] 🎲 Drawing Posterior Samples:  99%|█████████▉| 1492/1500 [01:19<00:00,  8.47step/s]
[Origin 5/13] 🎲 Drawing Posterior Samples: 100%|█████████▉| 1493/1500 [01:19<00:00,  8.26step/s]
[Origin 5/13] 🎲 Drawing Posterior Samples: 100%|█████████▉| 1494/1500 [01:19<00:00,  7.52step/s]
[Origin 5/13] 🎲 Drawing Posterior Samples: 100%|█████████▉| 1495/1500 [01:19<00:00,  7.39step/s]
[Origin 5/13] 🎲 Drawing Posterior Samples: 100%|█████████▉| 1496/1500 [01:20<00:00,  6.24step/s]
[Origin 5/13] 🎲 Drawing Posterior Samples: 100%|█████████▉| 1497/1500 [01:20<00:00,  5.36step/s]
[Origin 5/13] 🎲 Drawing Posterior Samples: 100%|█████████▉| 1498/1500 [01:20<00:00,  5.76step/s]
[Origin 5/13] 🎲 Drawing Posterior Samples: 100%|█████████▉| 1499/1500 [01:20<00:00,  6.20step/s]
[Origin 5/13] 🎲 Drawing Posterior Samples: 100%|██████████| 1500/1500 [01:20<00:00,  6.72step/s]
                                                                                                 

[Origin 6/13] 🎲 Drawing Posterior Samples:   0%|          | 0/1504 [00:00<?, ?step/s]
[Origin 6/13] 🎲 Drawing Posterior Samples:   0%|          | 7/1504 [00:00<00:25, 59.63step/s]
[Origin 6/13] 🎲 Drawing Posterior Samples:   1%|          | 13/1504 [00:00<00:26, 55.57step/s]
[Origin 6/13] 🎲 Drawing Posterior Samples:   1%|▏         | 19/1504 [00:00<00:27, 54.26step/s]
[Origin 6/13] 🎲 Drawing Posterior Samples:   2%|▏         | 25/1504 [00:00<00:27, 53.63step/s]
[Origin 6/13] 🎲 Drawing Posterior Samples:   2%|▏         | 31/1504 [00:00<00:27, 53.29step/s]
[Origin 6/13] 🎲 Drawing Posterior Samples:   2%|▏         | 37/1504 [00:00<00:27, 53.15step/s]
[Origin 6/13] 🎲 Drawing Posterior Samples:   3%|▎         | 43/1504 [00:00<00:27, 52.96step/s]
[Origin 6/13] 🎲 Drawing Posterior Samples:   3%|▎         | 49/1504 [00:00<00:27, 52.90step/s]
[Origin 6/13] 🎲 Drawing Posterior Samples:   4%|▎         | 55/1504 [00:01<00:27, 52.80step/s]
[Origin 6/13] 🎲 Drawing Posterior Samples:   4%|▍         | 61/1504 [00:01<00:27, 52.58step/s]
[Origin 6/13] 🎲 Drawing Posterior Samples:   4%|▍         | 67/1504 [00:01<00:27, 52.31step/s]
[Origin 6/13] 🎲 Drawing Posterior Samples:   5%|▍         | 73/1504 [00:01<00:27, 52.11step/s]
[Origin 6/13] 🎲 Drawing Posterior Samples:   5%|▌         | 79/1504 [00:01<00:27, 51.97step/s]
[Origin 6/13] 🎲 Drawing Posterior Samples:   6%|▌         | 85/1504 [00:01<00:27, 51.97step/s]
[Origin 6/13] 🎲 Drawing Posterior Samples:   6%|▌         | 91/1504 [00:01<00:27, 52.09step/s]
[Origin 6/13] 🎲 Drawing Posterior Samples:   6%|▋         | 97/1504 [00:01<00:26, 52.27step/s]
[Origin 6/13] 🎲 Drawing Posterior Samples:   7%|▋         | 103/1504 [00:01<00:26, 52.33step/s]
[Origin 6/13] 🎲 Drawing Posterior Samples:   7%|▋         | 109/1504 [00:02<00:26, 52.20step/s]
[Origin 6/13] 🎲 Drawing Posterior Samples:   8%|▊         | 115/1504 [00:02<00:26, 52.08step/s]
[Origin 6/13] 🎲 Drawing Posterior Samples:   8%|▊         | 121/1504 [00:02<00:26, 51.72step/s]
[Origin 6/13] 🎲 Drawing Posterior Samples:   8%|▊         | 127/1504 [00:02<00:26, 51.44step/s]
[Origin 6/13] 🎲 Drawing Posterior Samples:   9%|▉         | 133/1504 [00:02<00:26, 51.35step/s]
[Origin 6/13] 🎲 Drawing Posterior Samples:   9%|▉         | 139/1504 [00:02<00:26, 51.44step/s]
[Origin 6/13] 🎲 Drawing Posterior Samples:  10%|▉         | 145/1504 [00:02<00:26, 51.66step/s]
[Origin 6/13] 🎲 Drawing Posterior Samples:  10%|█         | 151/1504 [00:02<00:26, 51.90step/s]
[Origin 6/13] 🎲 Drawing Posterior Samples:  10%|█         | 157/1504 [00:02<00:25, 52.12step/s]
[Origin 6/13] 🎲 Drawing Posterior Samples:  11%|█         | 163/1504 [00:03<00:25, 52.36step/s]
[Origin 6/13] 🎲 Drawing Posterior Samples:  11%|█         | 169/1504 [00:03<00:25, 52.42step/s]
[Origin 6/13] 🎲 Drawing Posterior Samples:  12%|█▏        | 175/1504 [00:03<00:25, 52.38step/s]
[Origin 6/13] 🎲 Drawing Posterior Samples:  12%|█▏        | 181/1504 [00:03<00:25, 52.30step/s]
[Origin 6/13] 🎲 Drawing Posterior Samples:  12%|█▏        | 187/1504 [00:03<00:25, 52.10step/s]
[Origin 6/13] 🎲 Drawing Posterior Samples:  13%|█▎        | 193/1504 [00:03<00:25, 51.95step/s]
[Origin 6/13] 🎲 Drawing Posterior Samples:  13%|█▎        | 199/1504 [00:03<00:25, 51.77step/s]
[Origin 6/13] 🎲 Drawing Posterior Samples:  14%|█▎        | 205/1504 [00:03<00:25, 51.77step/s]
[Origin 6/13] 🎲 Drawing Posterior Samples:  14%|█▍        | 211/1504 [00:04<00:24, 51.90step/s]
[Origin 6/13] 🎲 Drawing Posterior Samples:  14%|█▍        | 217/1504 [00:04<00:24, 52.10step/s]
[Origin 6/13] 🎲 Drawing Posterior Samples:  15%|█▍        | 223/1504 [00:04<00:24, 52.24step/s]
[Origin 6/13] 🎲 Drawing Posterior Samples:  15%|█▌        | 229/1504 [00:04<00:24, 52.35step/s]
[Origin 6/13] 🎲 Drawing Posterior Samples:  16%|█▌        | 235/1504 [00:04<00:24, 52.40step/s]
[Origin 6/13] 🎲 Drawing Posterior Samples:  16%|█▌        | 241/1504 [00:04<00:24, 52.36step/s]
[Origin 6/13] 🎲 Drawing Posterior Samples:  16%|█▋        | 247/1504 [00:04<00:24, 52.30step/s]
[Origin 6/13] 🎲 Drawing Posterior Samples:  17%|█▋        | 253/1504 [00:04<00:23, 52.22step/s]
[Origin 6/13] 🎲 Drawing Posterior Samples:  17%|█▋        | 259/1504 [00:04<00:23, 52.09step/s]
[Origin 6/13] 🎲 Drawing Posterior Samples:  18%|█▊        | 265/1504 [00:05<00:23, 51.96step/s]
[Origin 6/13] 🎲 Drawing Posterior Samples:  18%|█▊        | 271/1504 [00:05<00:23, 51.92step/s]
[Origin 6/13] 🎲 Drawing Posterior Samples:  18%|█▊        | 277/1504 [00:05<00:23, 52.06step/s]
[Origin 6/13] 🎲 Drawing Posterior Samples:  19%|█▉        | 283/1504 [00:05<00:23, 52.12step/s]
[Origin 6/13] 🎲 Drawing Posterior Samples:  19%|█▉        | 289/1504 [00:05<00:23, 52.18step/s]
[Origin 6/13] 🎲 Drawing Posterior Samples:  20%|█▉        | 295/1504 [00:05<00:23, 52.25step/s]
[Origin 6/13] 🎲 Drawing Posterior Samples:  20%|██        | 301/1504 [00:05<00:23, 52.29step/s]
[Origin 6/13] 🎲 Drawing Posterior Samples:  20%|██        | 307/1504 [00:05<00:22, 52.28step/s]
[Origin 6/13] 🎲 Drawing Posterior Samples:  21%|██        | 313/1504 [00:05<00:22, 52.31step/s]
[Origin 6/13] 🎲 Drawing Posterior Samples:  21%|██        | 319/1504 [00:06<00:22, 52.25step/s]
[Origin 6/13] 🎲 Drawing Posterior Samples:  22%|██▏       | 325/1504 [00:06<00:22, 52.14step/s]
[Origin 6/13] 🎲 Drawing Posterior Samples:  22%|██▏       | 331/1504 [00:06<00:22, 52.13step/s]
[Origin 6/13] 🎲 Drawing Posterior Samples:  22%|██▏       | 337/1504 [00:06<00:22, 52.16step/s]
[Origin 6/13] 🎲 Drawing Posterior Samples:  23%|██▎       | 343/1504 [00:06<00:41, 27.74step/s]
[Origin 6/13] 🎲 Drawing Posterior Samples:  23%|██▎       | 348/1504 [00:07<01:04, 17.79step/s]
[Origin 6/13] 🎲 Drawing Posterior Samples:  23%|██▎       | 352/1504 [00:07<01:20, 14.38step/s]
[Origin 6/13] 🎲 Drawing Posterior Samples:  24%|██▎       | 355/1504 [00:08<01:28, 12.93step/s]
[Origin 6/13] 🎲 Drawing Posterior Samples:  24%|██▎       | 357/1504 [00:08<01:34, 12.10step/s]
[Origin 6/13] 🎲 Drawing Posterior Samples:  24%|██▍       | 359/1504 [00:08<01:41, 11.31step/s]
[Origin 6/13] 🎲 Drawing Posterior Samples:  24%|██▍       | 361/1504 [00:08<01:46, 10.74step/s]
[Origin 6/13] 🎲 Drawing Posterior Samples:  24%|██▍       | 363/1504 [00:09<01:48, 10.47step/s]
[Origin 6/13] 🎲 Drawing Posterior Samples:  24%|██▍       | 365/1504 [00:09<01:55,  9.83step/s]
[Origin 6/13] 🎲 Drawing Posterior Samples:  24%|██▍       | 367/1504 [00:09<02:01,  9.36step/s]
[Origin 6/13] 🎲 Drawing Posterior Samples:  25%|██▍       | 369/1504 [00:09<01:58,  9.54step/s]
[Origin 6/13] 🎲 Drawing Posterior Samples:  25%|██▍       | 371/1504 [00:10<02:04,  9.13step/s]
[Origin 6/13] 🎲 Drawing Posterior Samples:  25%|██▍       | 372/1504 [00:10<02:05,  9.00step/s]
[Origin 6/13] 🎲 Drawing Posterior Samples:  25%|██▍       | 373/1504 [00:10<02:12,  8.53step/s]
[Origin 6/13] 🎲 Drawing Posterior Samples:  25%|██▍       | 374/1504 [00:10<02:14,  8.41step/s]
[Origin 6/13] 🎲 Drawing Posterior Samples:  25%|██▍       | 375/1504 [00:10<02:22,  7.92step/s]
[Origin 6/13] 🎲 Drawing Posterior Samples:  25%|██▌       | 376/1504 [00:10<02:27,  7.65step/s]
[Origin 6/13] 🎲 Drawing Posterior Samples:  25%|██▌       | 377/1504 [00:22<1:01:53,  3.29s/step]
[Origin 6/13] 🎲 Drawing Posterior Samples:  25%|██▌       | 383/1504 [00:22<19:05,  1.02s/step]  
[Origin 6/13] 🎲 Drawing Posterior Samples:  26%|██▌       | 389/1504 [00:23<09:42,  1.91step/s]
[Origin 6/13] 🎲 Drawing Posterior Samples:  26%|██▋       | 395/1504 [00:23<05:47,  3.19step/s]
[Origin 6/13] 🎲 Drawing Posterior Samples:  27%|██▋       | 401/1504 [00:23<03:44,  4.91step/s]
[Origin 6/13] 🎲 Drawing Posterior Samples:  27%|██▋       | 407/1504 [00:23<02:33,  7.17step/s]
[Origin 6/13] 🎲 Drawing Posterior Samples:  27%|██▋       | 413/1504 [00:23<01:48, 10.05step/s]
[Origin 6/13] 🎲 Drawing Posterior Samples:  28%|██▊       | 419/1504 [00:23<01:19, 13.58step/s]
[Origin 6/13] 🎲 Drawing Posterior Samples:  28%|██▊       | 425/1504 [00:23<01:00, 17.72step/s]
[Origin 6/13] 🎲 Drawing Posterior Samples:  29%|██▊       | 431/1504 [00:23<00:48, 22.28step/s]
[Origin 6/13] 🎲 Drawing Posterior Samples:  29%|██▉       | 437/1504 [00:23<00:39, 27.01step/s]
[Origin 6/13] 🎲 Drawing Posterior Samples:  29%|██▉       | 443/1504 [00:24<00:33, 31.60step/s]
[Origin 6/13] 🎲 Drawing Posterior Samples:  30%|██▉       | 449/1504 [00:24<00:29, 35.79step/s]
[Origin 6/13] 🎲 Drawing Posterior Samples:  30%|███       | 455/1504 [00:24<00:26, 39.41step/s]
[Origin 6/13] 🎲 Drawing Posterior Samples:  31%|███       | 461/1504 [00:24<00:24, 42.44step/s]
[Origin 6/13] 🎲 Drawing Posterior Samples:  31%|███       | 467/1504 [00:24<00:23, 45.05step/s]
[Origin 6/13] 🎲 Drawing Posterior Samples:  31%|███▏      | 473/1504 [00:24<00:21, 47.05step/s]
[Origin 6/13] 🎲 Drawing Posterior Samples:  32%|███▏      | 479/1504 [00:24<00:21, 48.55step/s]
[Origin 6/13] 🎲 Drawing Posterior Samples:  32%|███▏      | 485/1504 [00:24<00:20, 49.67step/s]
[Origin 6/13] 🎲 Drawing Posterior Samples:  33%|███▎      | 491/1504 [00:25<00:20, 50.43step/s]
[Origin 6/13] 🎲 Drawing Posterior Samples:  33%|███▎      | 497/1504 [00:25<00:19, 50.85step/s]
[Origin 6/13] 🎲 Drawing Posterior Samples:  33%|███▎      | 503/1504 [00:25<00:19, 51.30step/s]
[Origin 6/13] 🎲 Drawing Posterior Samples:  34%|███▍      | 509/1504 [00:25<00:19, 51.56step/s]
[Origin 6/13] 🎲 Drawing Posterior Samples:  34%|███▍      | 515/1504 [00:25<00:19, 51.67step/s]
[Origin 6/13] 🎲 Drawing Posterior Samples:  35%|███▍      | 521/1504 [00:25<00:18, 51.82step/s]
[Origin 6/13] 🎲 Drawing Posterior Samples:  35%|███▌      | 527/1504 [00:25<00:18, 51.94step/s]
[Origin 6/13] 🎲 Drawing Posterior Samples:  35%|███▌      | 533/1504 [00:25<00:18, 52.04step/s]
[Origin 6/13] 🎲 Drawing Posterior Samples:  36%|███▌      | 539/1504 [00:25<00:18, 52.11step/s]
[Origin 6/13] 🎲 Drawing Posterior Samples:  36%|███▌      | 545/1504 [00:26<00:18, 52.14step/s]
[Origin 6/13] 🎲 Drawing Posterior Samples:  37%|███▋      | 551/1504 [00:26<00:18, 52.18step/s]
[Origin 6/13] 🎲 Drawing Posterior Samples:  37%|███▋      | 557/1504 [00:26<00:18, 52.22step/s]
[Origin 6/13] 🎲 Drawing Posterior Samples:  37%|███▋      | 563/1504 [00:26<00:18, 52.19step/s]
[Origin 6/13] 🎲 Drawing Posterior Samples:  38%|███▊      | 569/1504 [00:26<00:17, 52.24step/s]
[Origin 6/13] 🎲 Drawing Posterior Samples:  38%|███▊      | 575/1504 [00:26<00:17, 52.25step/s]
[Origin 6/13] 🎲 Drawing Posterior Samples:  39%|███▊      | 581/1504 [00:26<00:17, 52.25step/s]
[Origin 6/13] 🎲 Drawing Posterior Samples:  39%|███▉      | 587/1504 [00:26<00:17, 52.21step/s]
[Origin 6/13] 🎲 Drawing Posterior Samples:  39%|███▉      | 593/1504 [00:26<00:17, 52.25step/s]
[Origin 6/13] 🎲 Drawing Posterior Samples:  40%|███▉      | 599/1504 [00:27<00:17, 52.24step/s]
[Origin 6/13] 🎲 Drawing Posterior Samples:  40%|████      | 605/1504 [00:27<00:17, 52.27step/s]
[Origin 6/13] 🎲 Drawing Posterior Samples:  41%|████      | 611/1504 [00:27<00:17, 52.31step/s]
[Origin 6/13] 🎲 Drawing Posterior Samples:  41%|████      | 617/1504 [00:27<00:16, 52.29step/s]
[Origin 6/13] 🎲 Drawing Posterior Samples:  41%|████▏     | 623/1504 [00:27<00:16, 52.28step/s]
[Origin 6/13] 🎲 Drawing Posterior Samples:  42%|████▏     | 629/1504 [00:27<00:16, 52.29step/s]
[Origin 6/13] 🎲 Drawing Posterior Samples:  42%|████▏     | 635/1504 [00:27<00:16, 52.27step/s]
[Origin 6/13] 🎲 Drawing Posterior Samples:  43%|████▎     | 641/1504 [00:27<00:16, 52.30step/s]
[Origin 6/13] 🎲 Drawing Posterior Samples:  43%|████▎     | 647/1504 [00:27<00:16, 52.26step/s]
[Origin 6/13] 🎲 Drawing Posterior Samples:  43%|████▎     | 653/1504 [00:28<00:16, 52.17step/s]
[Origin 6/13] 🎲 Drawing Posterior Samples:  44%|████▍     | 659/1504 [00:28<00:16, 51.82step/s]
[Origin 6/13] 🎲 Drawing Posterior Samples:  44%|████▍     | 665/1504 [00:28<00:16, 51.44step/s]
[Origin 6/13] 🎲 Drawing Posterior Samples:  45%|████▍     | 671/1504 [00:28<00:16, 51.27step/s]
[Origin 6/13] 🎲 Drawing Posterior Samples:  45%|████▌     | 677/1504 [00:28<00:16, 51.39step/s]
[Origin 6/13] 🎲 Drawing Posterior Samples:  45%|████▌     | 683/1504 [00:28<00:15, 51.60step/s]
[Origin 6/13] 🎲 Drawing Posterior Samples:  46%|████▌     | 689/1504 [00:28<00:15, 51.77step/s]
[Origin 6/13] 🎲 Drawing Posterior Samples:  46%|████▌     | 695/1504 [00:28<00:15, 51.94step/s]
[Origin 6/13] 🎲 Drawing Posterior Samples:  47%|████▋     | 701/1504 [00:29<00:15, 52.00step/s]
[Origin 6/13] 🎲 Drawing Posterior Samples:  47%|████▋     | 707/1504 [00:29<00:15, 52.09step/s]
[Origin 6/13] 🎲 Drawing Posterior Samples:  47%|████▋     | 713/1504 [00:29<00:15, 52.15step/s]
[Origin 6/13] 🎲 Drawing Posterior Samples:  48%|████▊     | 719/1504 [00:29<00:27, 28.88step/s]
[Origin 6/13] 🎲 Drawing Posterior Samples:  48%|████▊     | 724/1504 [00:30<00:43, 17.79step/s]
[Origin 6/13] 🎲 Drawing Posterior Samples:  48%|████▊     | 728/1504 [00:30<00:53, 14.54step/s]
[Origin 6/13] 🎲 Drawing Posterior Samples:  49%|████▊     | 731/1504 [00:31<00:59, 13.05step/s]
[Origin 6/13] 🎲 Drawing Posterior Samples:  49%|████▊     | 733/1504 [00:31<01:02, 12.30step/s]
[Origin 6/13] 🎲 Drawing Posterior Samples:  49%|████▉     | 735/1504 [00:31<01:06, 11.55step/s]
[Origin 6/13] 🎲 Drawing Posterior Samples:  49%|████▉     | 737/1504 [00:31<01:13, 10.42step/s]
[Origin 6/13] 🎲 Drawing Posterior Samples:  49%|████▉     | 739/1504 [00:31<01:17,  9.89step/s]
[Origin 6/13] 🎲 Drawing Posterior Samples:  49%|████▉     | 741/1504 [00:32<01:21,  9.40step/s]
[Origin 6/13] 🎲 Drawing Posterior Samples:  49%|████▉     | 743/1504 [00:32<01:26,  8.83step/s]
[Origin 6/13] 🎲 Drawing Posterior Samples:  49%|████▉     | 744/1504 [00:32<01:28,  8.62step/s]
[Origin 6/13] 🎲 Drawing Posterior Samples:  50%|████▉     | 745/1504 [00:32<01:31,  8.29step/s]
[Origin 6/13] 🎲 Drawing Posterior Samples:  50%|████▉     | 746/1504 [00:32<01:33,  8.11step/s]
[Origin 6/13] 🎲 Drawing Posterior Samples:  50%|████▉     | 747/1504 [00:33<01:37,  7.74step/s]
[Origin 6/13] 🎲 Drawing Posterior Samples:  50%|████▉     | 748/1504 [00:33<01:40,  7.55step/s]
[Origin 6/13] 🎲 Drawing Posterior Samples:  50%|████▉     | 749/1504 [00:33<01:44,  7.21step/s]
[Origin 6/13] 🎲 Drawing Posterior Samples:  50%|████▉     | 750/1504 [00:33<01:42,  7.34step/s]
[Origin 6/13] 🎲 Drawing Posterior Samples:  50%|████▉     | 751/1504 [00:33<01:48,  6.92step/s]
[Origin 6/13] 🎲 Drawing Posterior Samples:  50%|█████     | 752/1504 [00:33<01:51,  6.77step/s]
[Origin 6/13] 🎲 Drawing Posterior Samples:  50%|█████     | 753/1504 [00:45<45:17,  3.62s/step]
[Origin 6/13] 🎲 Drawing Posterior Samples:  50%|█████     | 759/1504 [00:46<13:04,  1.05s/step]
[Origin 6/13] 🎲 Drawing Posterior Samples:  51%|█████     | 765/1504 [00:46<06:32,  1.88step/s]
[Origin 6/13] 🎲 Drawing Posterior Samples:  51%|█████▏    | 771/1504 [00:46<03:52,  3.16step/s]
[Origin 6/13] 🎲 Drawing Posterior Samples:  52%|█████▏    | 777/1504 [00:46<02:29,  4.87step/s]
[Origin 6/13] 🎲 Drawing Posterior Samples:  52%|█████▏    | 783/1504 [00:46<01:41,  7.12step/s]
[Origin 6/13] 🎲 Drawing Posterior Samples:  52%|█████▏    | 789/1504 [00:46<01:11,  9.99step/s]
[Origin 6/13] 🎲 Drawing Posterior Samples:  53%|█████▎    | 795/1504 [00:46<00:52, 13.51step/s]
[Origin 6/13] 🎲 Drawing Posterior Samples:  53%|█████▎    | 801/1504 [00:46<00:39, 17.63step/s]
[Origin 6/13] 🎲 Drawing Posterior Samples:  54%|█████▎    | 807/1504 [00:46<00:31, 22.20step/s]
[Origin 6/13] 🎲 Drawing Posterior Samples:  54%|█████▍    | 813/1504 [00:47<00:25, 26.96step/s]
[Origin 6/13] 🎲 Drawing Posterior Samples:  54%|█████▍    | 819/1504 [00:47<00:21, 31.55step/s]
[Origin 6/13] 🎲 Drawing Posterior Samples:  55%|█████▍    | 825/1504 [00:47<00:18, 35.76step/s]
[Origin 6/13] 🎲 Drawing Posterior Samples:  55%|█████▌    | 831/1504 [00:47<00:17, 39.45step/s]
[Origin 6/13] 🎲 Drawing Posterior Samples:  56%|█████▌    | 837/1504 [00:47<00:15, 42.64step/s]
[Origin 6/13] 🎲 Drawing Posterior Samples:  56%|█████▌    | 843/1504 [00:47<00:14, 45.19step/s]
[Origin 6/13] 🎲 Drawing Posterior Samples:  56%|█████▋    | 849/1504 [00:47<00:13, 47.14step/s]
[Origin 6/13] 🎲 Drawing Posterior Samples:  57%|█████▋    | 855/1504 [00:47<00:13, 48.66step/s]
[Origin 6/13] 🎲 Drawing Posterior Samples:  57%|█████▋    | 861/1504 [00:47<00:12, 49.75step/s]
[Origin 6/13] 🎲 Drawing Posterior Samples:  58%|█████▊    | 867/1504 [00:48<00:12, 50.55step/s]
[Origin 6/13] 🎲 Drawing Posterior Samples:  58%|█████▊    | 873/1504 [00:48<00:12, 51.07step/s]
[Origin 6/13] 🎲 Drawing Posterior Samples:  58%|█████▊    | 879/1504 [00:48<00:12, 51.43step/s]
[Origin 6/13] 🎲 Drawing Posterior Samples:  59%|█████▉    | 885/1504 [00:48<00:12, 51.56step/s]
[Origin 6/13] 🎲 Drawing Posterior Samples:  59%|█████▉    | 891/1504 [00:48<00:11, 51.62step/s]
[Origin 6/13] 🎲 Drawing Posterior Samples:  60%|█████▉    | 897/1504 [00:48<00:11, 51.77step/s]
[Origin 6/13] 🎲 Drawing Posterior Samples:  60%|██████    | 903/1504 [00:48<00:11, 51.87step/s]
[Origin 6/13] 🎲 Drawing Posterior Samples:  60%|██████    | 909/1504 [00:48<00:11, 52.05step/s]
[Origin 6/13] 🎲 Drawing Posterior Samples:  61%|██████    | 915/1504 [00:49<00:11, 52.08step/s]
[Origin 6/13] 🎲 Drawing Posterior Samples:  61%|██████    | 921/1504 [00:49<00:11, 52.18step/s]
[Origin 6/13] 🎲 Drawing Posterior Samples:  62%|██████▏   | 927/1504 [00:49<00:11, 52.24step/s]
[Origin 6/13] 🎲 Drawing Posterior Samples:  62%|██████▏   | 933/1504 [00:49<00:10, 52.25step/s]
[Origin 6/13] 🎲 Drawing Posterior Samples:  62%|██████▏   | 939/1504 [00:49<00:10, 52.26step/s]
[Origin 6/13] 🎲 Drawing Posterior Samples:  63%|██████▎   | 945/1504 [00:49<00:10, 52.25step/s]
[Origin 6/13] 🎲 Drawing Posterior Samples:  63%|██████▎   | 951/1504 [00:49<00:10, 52.19step/s]
[Origin 6/13] 🎲 Drawing Posterior Samples:  64%|██████▎   | 957/1504 [00:49<00:10, 52.13step/s]
[Origin 6/13] 🎲 Drawing Posterior Samples:  64%|██████▍   | 963/1504 [00:49<00:10, 52.12step/s]
[Origin 6/13] 🎲 Drawing Posterior Samples:  64%|██████▍   | 969/1504 [00:50<00:10, 52.15step/s]
[Origin 6/13] 🎲 Drawing Posterior Samples:  65%|██████▍   | 975/1504 [00:50<00:10, 52.20step/s]
[Origin 6/13] 🎲 Drawing Posterior Samples:  65%|██████▌   | 981/1504 [00:50<00:10, 52.19step/s]
[Origin 6/13] 🎲 Drawing Posterior Samples:  66%|██████▌   | 987/1504 [00:50<00:10, 50.39step/s]
[Origin 6/13] 🎲 Drawing Posterior Samples:  66%|██████▌   | 993/1504 [00:50<00:10, 46.63step/s]
[Origin 6/13] 🎲 Drawing Posterior Samples:  66%|██████▋   | 999/1504 [00:50<00:10, 48.19step/s]
[Origin 6/13] 🎲 Drawing Posterior Samples:  67%|██████▋   | 1005/1504 [00:50<00:10, 49.34step/s]
[Origin 6/13] 🎲 Drawing Posterior Samples:  67%|██████▋   | 1011/1504 [00:50<00:09, 50.19step/s]
[Origin 6/13] 🎲 Drawing Posterior Samples:  68%|██████▊   | 1017/1504 [00:51<00:09, 50.79step/s]
[Origin 6/13] 🎲 Drawing Posterior Samples:  68%|██████▊   | 1023/1504 [00:51<00:09, 51.21step/s]
[Origin 6/13] 🎲 Drawing Posterior Samples:  68%|██████▊   | 1029/1504 [00:51<00:09, 51.48step/s]
[Origin 6/13] 🎲 Drawing Posterior Samples:  69%|██████▉   | 1035/1504 [00:51<00:09, 51.72step/s]
[Origin 6/13] 🎲 Drawing Posterior Samples:  69%|██████▉   | 1041/1504 [00:51<00:08, 51.77step/s]
[Origin 6/13] 🎲 Drawing Posterior Samples:  70%|██████▉   | 1047/1504 [00:51<00:08, 51.80step/s]
[Origin 6/13] 🎲 Drawing Posterior Samples:  70%|███████   | 1053/1504 [00:51<00:08, 51.91step/s]
[Origin 6/13] 🎲 Drawing Posterior Samples:  70%|███████   | 1059/1504 [00:51<00:08, 52.01step/s]
[Origin 6/13] 🎲 Drawing Posterior Samples:  71%|███████   | 1065/1504 [00:51<00:08, 52.09step/s]
[Origin 6/13] 🎲 Drawing Posterior Samples:  71%|███████   | 1071/1504 [00:52<00:08, 52.13step/s]
[Origin 6/13] 🎲 Drawing Posterior Samples:  72%|███████▏  | 1077/1504 [00:52<00:08, 52.18step/s]
[Origin 6/13] 🎲 Drawing Posterior Samples:  72%|███████▏  | 1083/1504 [00:52<00:08, 52.21step/s]
[Origin 6/13] 🎲 Drawing Posterior Samples:  72%|███████▏  | 1089/1504 [00:52<00:07, 52.20step/s]
[Origin 6/13] 🎲 Drawing Posterior Samples:  73%|███████▎  | 1095/1504 [00:52<00:16, 25.00step/s]
[Origin 6/13] 🎲 Drawing Posterior Samples:  73%|███████▎  | 1099/1504 [00:53<00:22, 17.69step/s]
[Origin 6/13] 🎲 Drawing Posterior Samples:  73%|███████▎  | 1103/1504 [00:53<00:27, 14.34step/s]
[Origin 6/13] 🎲 Drawing Posterior Samples:  74%|███████▎  | 1106/1504 [00:54<00:31, 12.81step/s]
[Origin 6/13] 🎲 Drawing Posterior Samples:  74%|███████▎  | 1108/1504 [00:54<00:34, 11.35step/s]
[Origin 6/13] 🎲 Drawing Posterior Samples:  74%|███████▍  | 1110/1504 [00:54<00:37, 10.51step/s]
[Origin 6/13] 🎲 Drawing Posterior Samples:  74%|███████▍  | 1112/1504 [00:55<00:45,  8.62step/s]
[Origin 6/13] 🎲 Drawing Posterior Samples:  74%|███████▍  | 1114/1504 [00:55<00:44,  8.84step/s]
[Origin 6/13] 🎲 Drawing Posterior Samples:  74%|███████▍  | 1116/1504 [00:55<00:44,  8.76step/s]
[Origin 6/13] 🎲 Drawing Posterior Samples:  74%|███████▍  | 1117/1504 [00:55<00:45,  8.50step/s]
[Origin 6/13] 🎲 Drawing Posterior Samples:  74%|███████▍  | 1118/1504 [00:55<00:45,  8.56step/s]
[Origin 6/13] 🎲 Drawing Posterior Samples:  74%|███████▍  | 1119/1504 [00:55<00:44,  8.68step/s]
[Origin 6/13] 🎲 Drawing Posterior Samples:  74%|███████▍  | 1120/1504 [00:56<00:43,  8.77step/s]
[Origin 6/13] 🎲 Drawing Posterior Samples:  75%|███████▍  | 1121/1504 [00:56<00:43,  8.82step/s]
[Origin 6/13] 🎲 Drawing Posterior Samples:  75%|███████▍  | 1122/1504 [00:56<00:42,  8.89step/s]
[Origin 6/13] 🎲 Drawing Posterior Samples:  75%|███████▍  | 1123/1504 [00:56<00:42,  8.98step/s]
[Origin 6/13] 🎲 Drawing Posterior Samples:  75%|███████▍  | 1124/1504 [00:56<00:41,  9.11step/s]
[Origin 6/13] 🎲 Drawing Posterior Samples:  75%|███████▍  | 1125/1504 [00:56<00:44,  8.51step/s]
[Origin 6/13] 🎲 Drawing Posterior Samples:  75%|███████▍  | 1126/1504 [00:56<00:45,  8.36step/s]
[Origin 6/13] 🎲 Drawing Posterior Samples:  75%|███████▍  | 1127/1504 [00:56<00:44,  8.49step/s]
[Origin 6/13] 🎲 Drawing Posterior Samples:  75%|███████▌  | 1128/1504 [00:56<00:45,  8.31step/s]
[Origin 6/13] 🎲 Drawing Posterior Samples:  75%|███████▌  | 1129/1504 [01:08<21:07,  3.38s/step]
[Origin 6/13] 🎲 Drawing Posterior Samples:  75%|███████▌  | 1135/1504 [01:08<05:57,  1.03step/s]
[Origin 6/13] 🎲 Drawing Posterior Samples:  76%|███████▌  | 1145/1504 [01:08<02:10,  2.74step/s]
[Origin 6/13] 🎲 Drawing Posterior Samples:  77%|███████▋  | 1152/1504 [01:08<01:20,  4.36step/s]
[Origin 6/13] 🎲 Drawing Posterior Samples:  77%|███████▋  | 1159/1504 [01:08<00:52,  6.53step/s]
[Origin 6/13] 🎲 Drawing Posterior Samples:  78%|███████▊  | 1166/1504 [01:08<00:36,  9.37step/s]
[Origin 6/13] 🎲 Drawing Posterior Samples:  78%|███████▊  | 1173/1504 [01:08<00:25, 12.98step/s]
[Origin 6/13] 🎲 Drawing Posterior Samples:  78%|███████▊  | 1180/1504 [01:08<00:19, 17.02step/s]
[Origin 6/13] 🎲 Drawing Posterior Samples:  79%|███████▉  | 1186/1504 [01:08<00:15, 20.86step/s]
[Origin 6/13] 🎲 Drawing Posterior Samples:  79%|███████▉  | 1192/1504 [01:09<00:12, 25.09step/s]
[Origin 6/13] 🎲 Drawing Posterior Samples:  80%|███████▉  | 1198/1504 [01:09<00:10, 28.79step/s]
[Origin 6/13] 🎲 Drawing Posterior Samples:  80%|████████  | 1204/1504 [01:09<00:08, 33.35step/s]
[Origin 6/13] 🎲 Drawing Posterior Samples:  80%|████████  | 1210/1504 [01:09<00:07, 37.37step/s]
[Origin 6/13] 🎲 Drawing Posterior Samples:  81%|████████  | 1216/1504 [01:09<00:07, 40.85step/s]
[Origin 6/13] 🎲 Drawing Posterior Samples:  81%|████████▏ | 1222/1504 [01:09<00:06, 43.75step/s]
[Origin 6/13] 🎲 Drawing Posterior Samples:  82%|████████▏ | 1228/1504 [01:09<00:05, 46.02step/s]
[Origin 6/13] 🎲 Drawing Posterior Samples:  82%|████████▏ | 1234/1504 [01:09<00:05, 47.78step/s]
[Origin 6/13] 🎲 Drawing Posterior Samples:  82%|████████▏ | 1240/1504 [01:10<00:05, 49.09step/s]
[Origin 6/13] 🎲 Drawing Posterior Samples:  83%|████████▎ | 1246/1504 [01:10<00:05, 49.93step/s]
[Origin 6/13] 🎲 Drawing Posterior Samples:  83%|████████▎ | 1252/1504 [01:10<00:04, 50.51step/s]
[Origin 6/13] 🎲 Drawing Posterior Samples:  84%|████████▎ | 1258/1504 [01:10<00:04, 50.81step/s]
[Origin 6/13] 🎲 Drawing Posterior Samples:  84%|████████▍ | 1264/1504 [01:10<00:04, 51.08step/s]
[Origin 6/13] 🎲 Drawing Posterior Samples:  84%|████████▍ | 1270/1504 [01:10<00:04, 51.36step/s]
[Origin 6/13] 🎲 Drawing Posterior Samples:  85%|████████▍ | 1276/1504 [01:10<00:04, 51.66step/s]
[Origin 6/13] 🎲 Drawing Posterior Samples:  85%|████████▌ | 1282/1504 [01:10<00:04, 51.85step/s]
[Origin 6/13] 🎲 Drawing Posterior Samples:  86%|████████▌ | 1288/1504 [01:10<00:04, 51.99step/s]
[Origin 6/13] 🎲 Drawing Posterior Samples:  86%|████████▌ | 1294/1504 [01:11<00:04, 52.14step/s]
[Origin 6/13] 🎲 Drawing Posterior Samples:  86%|████████▋ | 1300/1504 [01:11<00:03, 52.16step/s]
[Origin 6/13] 🎲 Drawing Posterior Samples:  87%|████████▋ | 1306/1504 [01:11<00:03, 52.19step/s]
[Origin 6/13] 🎲 Drawing Posterior Samples:  87%|████████▋ | 1312/1504 [01:11<00:03, 52.17step/s]
[Origin 6/13] 🎲 Drawing Posterior Samples:  88%|████████▊ | 1318/1504 [01:11<00:03, 52.07step/s]
[Origin 6/13] 🎲 Drawing Posterior Samples:  88%|████████▊ | 1324/1504 [01:11<00:03, 51.95step/s]
[Origin 6/13] 🎲 Drawing Posterior Samples:  88%|████████▊ | 1330/1504 [01:11<00:03, 51.97step/s]
[Origin 6/13] 🎲 Drawing Posterior Samples:  89%|████████▉ | 1336/1504 [01:11<00:03, 52.08step/s]
[Origin 6/13] 🎲 Drawing Posterior Samples:  89%|████████▉ | 1342/1504 [01:11<00:03, 52.13step/s]
[Origin 6/13] 🎲 Drawing Posterior Samples:  90%|████████▉ | 1348/1504 [01:12<00:02, 52.19step/s]
[Origin 6/13] 🎲 Drawing Posterior Samples:  90%|█████████ | 1354/1504 [01:12<00:02, 52.18step/s]
[Origin 6/13] 🎲 Drawing Posterior Samples:  90%|█████████ | 1360/1504 [01:12<00:02, 52.22step/s]
[Origin 6/13] 🎲 Drawing Posterior Samples:  91%|█████████ | 1366/1504 [01:12<00:02, 52.19step/s]
[Origin 6/13] 🎲 Drawing Posterior Samples:  91%|█████████ | 1372/1504 [01:12<00:02, 52.18step/s]
[Origin 6/13] 🎲 Drawing Posterior Samples:  92%|█████████▏| 1378/1504 [01:12<00:02, 52.11step/s]
[Origin 6/13] 🎲 Drawing Posterior Samples:  92%|█████████▏| 1384/1504 [01:12<00:02, 52.06step/s]
[Origin 6/13] 🎲 Drawing Posterior Samples:  92%|█████████▏| 1390/1504 [01:12<00:02, 52.02step/s]
[Origin 6/13] 🎲 Drawing Posterior Samples:  93%|█████████▎| 1396/1504 [01:13<00:02, 51.98step/s]
[Origin 6/13] 🎲 Drawing Posterior Samples:  93%|█████████▎| 1402/1504 [01:13<00:01, 52.05step/s]
[Origin 6/13] 🎲 Drawing Posterior Samples:  94%|█████████▎| 1408/1504 [01:13<00:01, 52.11step/s]
[Origin 6/13] 🎲 Drawing Posterior Samples:  94%|█████████▍| 1414/1504 [01:13<00:01, 52.15step/s]
[Origin 6/13] 🎲 Drawing Posterior Samples:  94%|█████████▍| 1420/1504 [01:13<00:01, 52.18step/s]
[Origin 6/13] 🎲 Drawing Posterior Samples:  95%|█████████▍| 1426/1504 [01:13<00:01, 52.21step/s]
[Origin 6/13] 🎲 Drawing Posterior Samples:  95%|█████████▌| 1432/1504 [01:13<00:01, 52.19step/s]
[Origin 6/13] 🎲 Drawing Posterior Samples:  96%|█████████▌| 1438/1504 [01:13<00:01, 52.16step/s]
[Origin 6/13] 🎲 Drawing Posterior Samples:  96%|█████████▌| 1444/1504 [01:13<00:01, 52.16step/s]
[Origin 6/13] 🎲 Drawing Posterior Samples:  96%|█████████▋| 1450/1504 [01:14<00:01, 52.09step/s]
[Origin 6/13] 🎲 Drawing Posterior Samples:  97%|█████████▋| 1456/1504 [01:14<00:00, 52.05step/s]
[Origin 6/13] 🎲 Drawing Posterior Samples:  97%|█████████▋| 1462/1504 [01:14<00:00, 52.11step/s]
[Origin 6/13] 🎲 Drawing Posterior Samples:  98%|█████████▊| 1468/1504 [01:14<00:00, 52.06step/s]
[Origin 6/13] 🎲 Drawing Posterior Samples:  98%|█████████▊| 1474/1504 [01:15<00:01, 18.43step/s]
[Origin 6/13] 🎲 Drawing Posterior Samples:  98%|█████████▊| 1478/1504 [01:15<00:01, 14.47step/s]
[Origin 6/13] 🎲 Drawing Posterior Samples:  98%|█████████▊| 1481/1504 [01:16<00:01, 12.51step/s]
[Origin 6/13] 🎲 Drawing Posterior Samples:  99%|█████████▊| 1484/1504 [01:16<00:01, 11.64step/s]
[Origin 6/13] 🎲 Drawing Posterior Samples:  99%|█████████▉| 1486/1504 [01:16<00:01, 11.00step/s]
[Origin 6/13] 🎲 Drawing Posterior Samples:  99%|█████████▉| 1488/1504 [01:16<00:01, 10.35step/s]
[Origin 6/13] 🎲 Drawing Posterior Samples:  99%|█████████▉| 1490/1504 [01:17<00:01,  9.80step/s]
[Origin 6/13] 🎲 Drawing Posterior Samples:  99%|█████████▉| 1492/1504 [01:17<00:01,  9.54step/s]
[Origin 6/13] 🎲 Drawing Posterior Samples:  99%|█████████▉| 1494/1504 [01:17<00:01,  9.13step/s]
[Origin 6/13] 🎲 Drawing Posterior Samples:  99%|█████████▉| 1496/1504 [01:17<00:00,  8.97step/s]
[Origin 6/13] 🎲 Drawing Posterior Samples: 100%|█████████▉| 1497/1504 [01:17<00:00,  8.98step/s]
[Origin 6/13] 🎲 Drawing Posterior Samples: 100%|█████████▉| 1498/1504 [01:18<00:00,  9.11step/s]
[Origin 6/13] 🎲 Drawing Posterior Samples: 100%|█████████▉| 1499/1504 [01:18<00:00,  8.94step/s]
[Origin 6/13] 🎲 Drawing Posterior Samples: 100%|█████████▉| 1500/1504 [01:18<00:00,  8.67step/s]
[Origin 6/13] 🎲 Drawing Posterior Samples: 100%|█████████▉| 1501/1504 [01:18<00:00,  8.51step/s]
[Origin 6/13] 🎲 Drawing Posterior Samples: 100%|█████████▉| 1502/1504 [01:18<00:00,  8.15step/s]
[Origin 6/13] 🎲 Drawing Posterior Samples: 100%|█████████▉| 1503/1504 [01:18<00:00,  7.70step/s]
[Origin 6/13] 🎲 Drawing Posterior Samples: 100%|██████████| 1504/1504 [01:18<00:00,  7.74step/s]
                                                                                                 

[Origin 7/13] 🎲 Drawing Posterior Samples:   0%|          | 0/1508 [00:00<?, ?step/s]
[Origin 7/13] 🎲 Drawing Posterior Samples:   0%|          | 7/1508 [00:00<00:25, 59.60step/s]
[Origin 7/13] 🎲 Drawing Posterior Samples:   1%|          | 13/1508 [00:00<00:26, 55.64step/s]
[Origin 7/13] 🎲 Drawing Posterior Samples:   1%|▏         | 19/1508 [00:00<00:27, 54.42step/s]
[Origin 7/13] 🎲 Drawing Posterior Samples:   2%|▏         | 25/1508 [00:00<00:27, 53.78step/s]
[Origin 7/13] 🎲 Drawing Posterior Samples:   2%|▏         | 31/1508 [00:00<00:27, 53.42step/s]
[Origin 7/13] 🎲 Drawing Posterior Samples:   2%|▏         | 37/1508 [00:00<00:27, 53.23step/s]
[Origin 7/13] 🎲 Drawing Posterior Samples:   3%|▎         | 43/1508 [00:00<00:27, 53.05step/s]
[Origin 7/13] 🎲 Drawing Posterior Samples:   3%|▎         | 49/1508 [00:00<00:27, 52.98step/s]
[Origin 7/13] 🎲 Drawing Posterior Samples:   4%|▎         | 55/1508 [00:01<00:27, 52.73step/s]
[Origin 7/13] 🎲 Drawing Posterior Samples:   4%|▍         | 61/1508 [00:01<00:27, 52.43step/s]
[Origin 7/13] 🎲 Drawing Posterior Samples:   4%|▍         | 67/1508 [00:01<00:27, 52.13step/s]
[Origin 7/13] 🎲 Drawing Posterior Samples:   5%|▍         | 73/1508 [00:01<00:27, 51.90step/s]
[Origin 7/13] 🎲 Drawing Posterior Samples:   5%|▌         | 79/1508 [00:01<00:27, 51.77step/s]
[Origin 7/13] 🎲 Drawing Posterior Samples:   6%|▌         | 85/1508 [00:01<00:27, 51.72step/s]
[Origin 7/13] 🎲 Drawing Posterior Samples:   6%|▌         | 91/1508 [00:01<00:27, 51.86step/s]
[Origin 7/13] 🎲 Drawing Posterior Samples:   6%|▋         | 97/1508 [00:01<00:27, 52.05step/s]
[Origin 7/13] 🎲 Drawing Posterior Samples:   7%|▋         | 103/1508 [00:01<00:26, 52.22step/s]
[Origin 7/13] 🎲 Drawing Posterior Samples:   7%|▋         | 109/1508 [00:02<00:26, 52.30step/s]
[Origin 7/13] 🎲 Drawing Posterior Samples:   8%|▊         | 115/1508 [00:02<00:26, 52.39step/s]
[Origin 7/13] 🎲 Drawing Posterior Samples:   8%|▊         | 121/1508 [00:02<00:26, 52.42step/s]
[Origin 7/13] 🎲 Drawing Posterior Samples:   8%|▊         | 127/1508 [00:02<00:26, 52.31step/s]
[Origin 7/13] 🎲 Drawing Posterior Samples:   9%|▉         | 133/1508 [00:02<00:26, 52.33step/s]
[Origin 7/13] 🎲 Drawing Posterior Samples:   9%|▉         | 139/1508 [00:02<00:26, 52.23step/s]
[Origin 7/13] 🎲 Drawing Posterior Samples:  10%|▉         | 145/1508 [00:02<00:26, 52.18step/s]
[Origin 7/13] 🎲 Drawing Posterior Samples:  10%|█         | 151/1508 [00:02<00:26, 52.12step/s]
[Origin 7/13] 🎲 Drawing Posterior Samples:  10%|█         | 157/1508 [00:02<00:25, 52.17step/s]
[Origin 7/13] 🎲 Drawing Posterior Samples:  11%|█         | 163/1508 [00:03<00:25, 52.23step/s]
[Origin 7/13] 🎲 Drawing Posterior Samples:  11%|█         | 169/1508 [00:03<00:25, 52.25step/s]
[Origin 7/13] 🎲 Drawing Posterior Samples:  12%|█▏        | 175/1508 [00:03<00:25, 52.31step/s]
[Origin 7/13] 🎲 Drawing Posterior Samples:  12%|█▏        | 181/1508 [00:03<00:25, 52.33step/s]
[Origin 7/13] 🎲 Drawing Posterior Samples:  12%|█▏        | 187/1508 [00:03<00:25, 52.36step/s]
[Origin 7/13] 🎲 Drawing Posterior Samples:  13%|█▎        | 193/1508 [00:03<00:25, 52.32step/s]
[Origin 7/13] 🎲 Drawing Posterior Samples:  13%|█▎        | 199/1508 [00:03<00:25, 52.28step/s]
[Origin 7/13] 🎲 Drawing Posterior Samples:  14%|█▎        | 205/1508 [00:03<00:24, 52.28step/s]
[Origin 7/13] 🎲 Drawing Posterior Samples:  14%|█▍        | 211/1508 [00:04<00:24, 52.21step/s]
[Origin 7/13] 🎲 Drawing Posterior Samples:  14%|█▍        | 217/1508 [00:04<00:24, 52.24step/s]
[Origin 7/13] 🎲 Drawing Posterior Samples:  15%|█▍        | 223/1508 [00:04<00:24, 52.21step/s]
[Origin 7/13] 🎲 Drawing Posterior Samples:  15%|█▌        | 229/1508 [00:04<00:24, 52.25step/s]
[Origin 7/13] 🎲 Drawing Posterior Samples:  16%|█▌        | 235/1508 [00:04<00:24, 52.28step/s]
[Origin 7/13] 🎲 Drawing Posterior Samples:  16%|█▌        | 241/1508 [00:04<00:24, 52.27step/s]
[Origin 7/13] 🎲 Drawing Posterior Samples:  16%|█▋        | 247/1508 [00:04<00:24, 52.28step/s]
[Origin 7/13] 🎲 Drawing Posterior Samples:  17%|█▋        | 253/1508 [00:04<00:23, 52.31step/s]
[Origin 7/13] 🎲 Drawing Posterior Samples:  17%|█▋        | 259/1508 [00:04<00:23, 52.35step/s]
[Origin 7/13] 🎲 Drawing Posterior Samples:  18%|█▊        | 265/1508 [00:05<00:23, 52.32step/s]
[Origin 7/13] 🎲 Drawing Posterior Samples:  18%|█▊        | 271/1508 [00:05<00:23, 52.27step/s]
[Origin 7/13] 🎲 Drawing Posterior Samples:  18%|█▊        | 277/1508 [00:05<00:23, 52.32step/s]
[Origin 7/13] 🎲 Drawing Posterior Samples:  19%|█▉        | 283/1508 [00:05<00:23, 52.29step/s]
[Origin 7/13] 🎲 Drawing Posterior Samples:  19%|█▉        | 289/1508 [00:05<00:23, 52.32step/s]
[Origin 7/13] 🎲 Drawing Posterior Samples:  20%|█▉        | 295/1508 [00:05<00:23, 52.35step/s]
[Origin 7/13] 🎲 Drawing Posterior Samples:  20%|█▉        | 301/1508 [00:05<00:23, 52.37step/s]
[Origin 7/13] 🎲 Drawing Posterior Samples:  20%|██        | 307/1508 [00:05<00:22, 52.35step/s]
[Origin 7/13] 🎲 Drawing Posterior Samples:  21%|██        | 313/1508 [00:05<00:22, 52.34step/s]
[Origin 7/13] 🎲 Drawing Posterior Samples:  21%|██        | 319/1508 [00:06<00:22, 52.36step/s]
[Origin 7/13] 🎲 Drawing Posterior Samples:  22%|██▏       | 325/1508 [00:06<00:22, 52.36step/s]
[Origin 7/13] 🎲 Drawing Posterior Samples:  22%|██▏       | 331/1508 [00:06<00:22, 52.31step/s]
[Origin 7/13] 🎲 Drawing Posterior Samples:  22%|██▏       | 337/1508 [00:06<00:22, 52.29step/s]
[Origin 7/13] 🎲 Drawing Posterior Samples:  23%|██▎       | 343/1508 [00:06<00:38, 30.31step/s]
[Origin 7/13] 🎲 Drawing Posterior Samples:  23%|██▎       | 348/1508 [00:07<01:09, 16.70step/s]
[Origin 7/13] 🎲 Drawing Posterior Samples:  23%|██▎       | 352/1508 [00:08<01:30, 12.81step/s]
[Origin 7/13] 🎲 Drawing Posterior Samples:  24%|██▎       | 355/1508 [00:08<01:42, 11.29step/s]
[Origin 7/13] 🎲 Drawing Posterior Samples:  24%|██▎       | 357/1508 [00:08<01:51, 10.35step/s]
[Origin 7/13] 🎲 Drawing Posterior Samples:  24%|██▍       | 359/1508 [00:09<02:02,  9.39step/s]
[Origin 7/13] 🎲 Drawing Posterior Samples:  24%|██▍       | 361/1508 [00:09<02:03,  9.27step/s]
[Origin 7/13] 🎲 Drawing Posterior Samples:  24%|██▍       | 363/1508 [00:09<02:04,  9.23step/s]
[Origin 7/13] 🎲 Drawing Posterior Samples:  24%|██▍       | 365/1508 [00:09<02:10,  8.75step/s]
[Origin 7/13] 🎲 Drawing Posterior Samples:  24%|██▍       | 366/1508 [00:09<02:15,  8.41step/s]
[Origin 7/13] 🎲 Drawing Posterior Samples:  24%|██▍       | 367/1508 [00:09<02:14,  8.48step/s]
[Origin 7/13] 🎲 Drawing Posterior Samples:  24%|██▍       | 368/1508 [00:10<02:16,  8.37step/s]
[Origin 7/13] 🎲 Drawing Posterior Samples:  24%|██▍       | 369/1508 [00:10<02:19,  8.14step/s]
[Origin 7/13] 🎲 Drawing Posterior Samples:  25%|██▍       | 370/1508 [00:10<02:18,  8.22step/s]
[Origin 7/13] 🎲 Drawing Posterior Samples:  25%|██▍       | 371/1508 [00:10<02:21,  8.05step/s]
[Origin 7/13] 🎲 Drawing Posterior Samples:  25%|██▍       | 372/1508 [00:10<02:24,  7.86step/s]
[Origin 7/13] 🎲 Drawing Posterior Samples:  25%|██▍       | 373/1508 [00:10<02:29,  7.58step/s]
[Origin 7/13] 🎲 Drawing Posterior Samples:  25%|██▍       | 374/1508 [00:10<02:23,  7.88step/s]
[Origin 7/13] 🎲 Drawing Posterior Samples:  25%|██▍       | 375/1508 [00:11<02:21,  7.98step/s]
[Origin 7/13] 🎲 Drawing Posterior Samples:  25%|██▍       | 376/1508 [00:11<02:20,  8.05step/s]
[Origin 7/13] 🎲 Drawing Posterior Samples:  25%|██▌       | 377/1508 [00:11<02:13,  8.47step/s]
[Origin 7/13] 🎲 Drawing Posterior Samples:  25%|██▌       | 378/1508 [00:23<1:09:50,  3.71s/step]
[Origin 7/13] 🎲 Drawing Posterior Samples:  25%|██▌       | 384/1508 [00:23<19:52,  1.06s/step]  
[Origin 7/13] 🎲 Drawing Posterior Samples:  26%|██▌       | 394/1508 [00:23<07:23,  2.51step/s]
[Origin 7/13] 🎲 Drawing Posterior Samples:  27%|██▋       | 401/1508 [00:23<04:36,  4.00step/s]
[Origin 7/13] 🎲 Drawing Posterior Samples:  27%|██▋       | 408/1508 [00:23<03:03,  6.01step/s]
[Origin 7/13] 🎲 Drawing Posterior Samples:  28%|██▊       | 415/1508 [00:24<02:06,  8.67step/s]
[Origin 7/13] 🎲 Drawing Posterior Samples:  28%|██▊       | 422/1508 [00:24<01:29, 12.07step/s]
[Origin 7/13] 🎲 Drawing Posterior Samples:  28%|██▊       | 429/1508 [00:24<01:07, 15.99step/s]
[Origin 7/13] 🎲 Drawing Posterior Samples:  29%|██▉       | 435/1508 [00:24<00:54, 19.72step/s]
[Origin 7/13] 🎲 Drawing Posterior Samples:  29%|██▉       | 441/1508 [00:24<00:44, 23.93step/s]
[Origin 7/13] 🎲 Drawing Posterior Samples:  30%|██▉       | 447/1508 [00:24<00:37, 28.29step/s]
[Origin 7/13] 🎲 Drawing Posterior Samples:  30%|███       | 453/1508 [00:24<00:32, 32.66step/s]
[Origin 7/13] 🎲 Drawing Posterior Samples:  30%|███       | 459/1508 [00:24<00:28, 36.74step/s]
[Origin 7/13] 🎲 Drawing Posterior Samples:  31%|███       | 465/1508 [00:24<00:26, 38.83step/s]
[Origin 7/13] 🎲 Drawing Posterior Samples:  31%|███       | 471/1508 [00:25<00:24, 42.12step/s]
[Origin 7/13] 🎲 Drawing Posterior Samples:  32%|███▏      | 477/1508 [00:25<00:23, 44.81step/s]
[Origin 7/13] 🎲 Drawing Posterior Samples:  32%|███▏      | 483/1508 [00:25<00:21, 46.83step/s]
[Origin 7/13] 🎲 Drawing Posterior Samples:  32%|███▏      | 489/1508 [00:25<00:21, 48.21step/s]
[Origin 7/13] 🎲 Drawing Posterior Samples:  33%|███▎      | 495/1508 [00:25<00:20, 49.15step/s]
[Origin 7/13] 🎲 Drawing Posterior Samples:  33%|███▎      | 501/1508 [00:25<00:20, 49.78step/s]
[Origin 7/13] 🎲 Drawing Posterior Samples:  34%|███▎      | 507/1508 [00:25<00:19, 50.21step/s]
[Origin 7/13] 🎲 Drawing Posterior Samples:  34%|███▍      | 513/1508 [00:25<00:19, 50.45step/s]
[Origin 7/13] 🎲 Drawing Posterior Samples:  34%|███▍      | 519/1508 [00:26<00:19, 50.92step/s]
[Origin 7/13] 🎲 Drawing Posterior Samples:  35%|███▍      | 525/1508 [00:26<00:19, 51.39step/s]
[Origin 7/13] 🎲 Drawing Posterior Samples:  35%|███▌      | 531/1508 [00:26<00:18, 51.71step/s]
[Origin 7/13] 🎲 Drawing Posterior Samples:  36%|███▌      | 537/1508 [00:26<00:18, 51.94step/s]
[Origin 7/13] 🎲 Drawing Posterior Samples:  36%|███▌      | 543/1508 [00:26<00:18, 52.11step/s]
[Origin 7/13] 🎲 Drawing Posterior Samples:  36%|███▋      | 549/1508 [00:26<00:18, 52.19step/s]
[Origin 7/13] 🎲 Drawing Posterior Samples:  37%|███▋      | 555/1508 [00:26<00:18, 52.22step/s]
[Origin 7/13] 🎲 Drawing Posterior Samples:  37%|███▋      | 561/1508 [00:26<00:18, 52.17step/s]
[Origin 7/13] 🎲 Drawing Posterior Samples:  38%|███▊      | 567/1508 [00:26<00:18, 52.00step/s]
[Origin 7/13] 🎲 Drawing Posterior Samples:  38%|███▊      | 573/1508 [00:27<00:18, 51.88step/s]
[Origin 7/13] 🎲 Drawing Posterior Samples:  38%|███▊      | 579/1508 [00:27<00:17, 51.87step/s]
[Origin 7/13] 🎲 Drawing Posterior Samples:  39%|███▉      | 585/1508 [00:27<00:17, 51.96step/s]
[Origin 7/13] 🎲 Drawing Posterior Samples:  39%|███▉      | 591/1508 [00:27<00:17, 52.10step/s]
[Origin 7/13] 🎲 Drawing Posterior Samples:  40%|███▉      | 597/1508 [00:27<00:17, 52.15step/s]
[Origin 7/13] 🎲 Drawing Posterior Samples:  40%|███▉      | 603/1508 [00:27<00:17, 52.20step/s]
[Origin 7/13] 🎲 Drawing Posterior Samples:  40%|████      | 609/1508 [00:27<00:17, 52.25step/s]
[Origin 7/13] 🎲 Drawing Posterior Samples:  41%|████      | 615/1508 [00:27<00:17, 52.25step/s]
[Origin 7/13] 🎲 Drawing Posterior Samples:  41%|████      | 621/1508 [00:27<00:16, 52.22step/s]
[Origin 7/13] 🎲 Drawing Posterior Samples:  42%|████▏     | 627/1508 [00:28<00:16, 52.18step/s]
[Origin 7/13] 🎲 Drawing Posterior Samples:  42%|████▏     | 633/1508 [00:28<00:16, 52.09step/s]
[Origin 7/13] 🎲 Drawing Posterior Samples:  42%|████▏     | 639/1508 [00:28<00:16, 52.03step/s]
[Origin 7/13] 🎲 Drawing Posterior Samples:  43%|████▎     | 645/1508 [00:28<00:16, 52.04step/s]
[Origin 7/13] 🎲 Drawing Posterior Samples:  43%|████▎     | 651/1508 [00:28<00:16, 51.87step/s]
[Origin 7/13] 🎲 Drawing Posterior Samples:  44%|████▎     | 657/1508 [00:28<00:16, 51.97step/s]
[Origin 7/13] 🎲 Drawing Posterior Samples:  44%|████▍     | 663/1508 [00:28<00:16, 52.05step/s]
[Origin 7/13] 🎲 Drawing Posterior Samples:  44%|████▍     | 669/1508 [00:28<00:16, 52.09step/s]
[Origin 7/13] 🎲 Drawing Posterior Samples:  45%|████▍     | 675/1508 [00:29<00:15, 52.13step/s]
[Origin 7/13] 🎲 Drawing Posterior Samples:  45%|████▌     | 681/1508 [00:29<00:15, 52.19step/s]
[Origin 7/13] 🎲 Drawing Posterior Samples:  46%|████▌     | 687/1508 [00:29<00:15, 52.21step/s]
[Origin 7/13] 🎲 Drawing Posterior Samples:  46%|████▌     | 693/1508 [00:29<00:15, 52.14step/s]
[Origin 7/13] 🎲 Drawing Posterior Samples:  46%|████▋     | 699/1508 [00:29<00:15, 52.13step/s]
[Origin 7/13] 🎲 Drawing Posterior Samples:  47%|████▋     | 705/1508 [00:29<00:15, 52.10step/s]
[Origin 7/13] 🎲 Drawing Posterior Samples:  47%|████▋     | 711/1508 [00:29<00:15, 52.09step/s]
[Origin 7/13] 🎲 Drawing Posterior Samples:  48%|████▊     | 717/1508 [00:29<00:15, 52.12step/s]
[Origin 7/13] 🎲 Drawing Posterior Samples:  48%|████▊     | 723/1508 [00:30<00:40, 19.56step/s]
[Origin 7/13] 🎲 Drawing Posterior Samples:  48%|████▊     | 727/1508 [00:31<00:59, 13.13step/s]
[Origin 7/13] 🎲 Drawing Posterior Samples:  48%|████▊     | 730/1508 [00:31<01:10, 11.03step/s]
[Origin 7/13] 🎲 Drawing Posterior Samples:  49%|████▊     | 733/1508 [00:32<01:28,  8.71step/s]
[Origin 7/13] 🎲 Drawing Posterior Samples:  49%|████▊     | 735/1508 [00:32<01:29,  8.61step/s]
[Origin 7/13] 🎲 Drawing Posterior Samples:  49%|████▉     | 737/1508 [00:32<01:29,  8.59step/s]
[Origin 7/13] 🎲 Drawing Posterior Samples:  49%|████▉     | 739/1508 [00:32<01:29,  8.63step/s]
[Origin 7/13] 🎲 Drawing Posterior Samples:  49%|████▉     | 741/1508 [00:33<01:30,  8.45step/s]
[Origin 7/13] 🎲 Drawing Posterior Samples:  49%|████▉     | 743/1508 [00:33<01:30,  8.46step/s]
[Origin 7/13] 🎲 Drawing Posterior Samples:  49%|████▉     | 744/1508 [00:33<01:30,  8.40step/s]
[Origin 7/13] 🎲 Drawing Posterior Samples:  49%|████▉     | 745/1508 [00:33<01:29,  8.52step/s]
[Origin 7/13] 🎲 Drawing Posterior Samples:  49%|████▉     | 746/1508 [00:33<01:27,  8.68step/s]
[Origin 7/13] 🎲 Drawing Posterior Samples:  50%|████▉     | 747/1508 [00:33<01:26,  8.79step/s]
[Origin 7/13] 🎲 Drawing Posterior Samples:  50%|████▉     | 748/1508 [00:34<01:29,  8.53step/s]
[Origin 7/13] 🎲 Drawing Posterior Samples:  50%|████▉     | 749/1508 [00:34<01:27,  8.66step/s]
[Origin 7/13] 🎲 Drawing Posterior Samples:  50%|████▉     | 750/1508 [00:34<01:41,  7.50step/s]
[Origin 7/13] 🎲 Drawing Posterior Samples:  50%|████▉     | 751/1508 [00:34<01:43,  7.33step/s]
[Origin 7/13] 🎲 Drawing Posterior Samples:  50%|████▉     | 752/1508 [00:34<01:38,  7.68step/s]
[Origin 7/13] 🎲 Drawing Posterior Samples:  50%|████▉     | 753/1508 [00:34<01:43,  7.31step/s]
[Origin 7/13] 🎲 Drawing Posterior Samples:  50%|█████     | 754/1508 [00:34<01:37,  7.70step/s]
[Origin 7/13] 🎲 Drawing Posterior Samples:  50%|█████     | 755/1508 [00:46<45:38,  3.64s/step]
[Origin 7/13] 🎲 Drawing Posterior Samples:  50%|█████     | 761/1508 [00:47<13:01,  1.05s/step]
[Origin 7/13] 🎲 Drawing Posterior Samples:  51%|█████     | 767/1508 [00:47<06:30,  1.90step/s]
[Origin 7/13] 🎲 Drawing Posterior Samples:  51%|█████▏    | 773/1508 [00:47<03:50,  3.19step/s]
[Origin 7/13] 🎲 Drawing Posterior Samples:  52%|█████▏    | 779/1508 [00:47<02:28,  4.92step/s]
[Origin 7/13] 🎲 Drawing Posterior Samples:  52%|█████▏    | 785/1508 [00:47<01:40,  7.20step/s]
[Origin 7/13] 🎲 Drawing Posterior Samples:  52%|█████▏    | 791/1508 [00:47<01:11, 10.10step/s]
[Origin 7/13] 🎲 Drawing Posterior Samples:  53%|█████▎    | 797/1508 [00:47<00:52, 13.65step/s]
[Origin 7/13] 🎲 Drawing Posterior Samples:  53%|█████▎    | 803/1508 [00:47<00:39, 17.81step/s]
[Origin 7/13] 🎲 Drawing Posterior Samples:  54%|█████▎    | 809/1508 [00:47<00:31, 22.38step/s]
[Origin 7/13] 🎲 Drawing Posterior Samples:  54%|█████▍    | 815/1508 [00:48<00:25, 27.09step/s]
[Origin 7/13] 🎲 Drawing Posterior Samples:  54%|█████▍    | 821/1508 [00:48<00:21, 31.64step/s]
[Origin 7/13] 🎲 Drawing Posterior Samples:  55%|█████▍    | 827/1508 [00:48<00:19, 35.82step/s]
[Origin 7/13] 🎲 Drawing Posterior Samples:  55%|█████▌    | 833/1508 [00:48<00:17, 39.38step/s]
[Origin 7/13] 🎲 Drawing Posterior Samples:  56%|█████▌    | 839/1508 [00:48<00:15, 42.42step/s]
[Origin 7/13] 🎲 Drawing Posterior Samples:  56%|█████▌    | 845/1508 [00:48<00:14, 44.92step/s]
[Origin 7/13] 🎲 Drawing Posterior Samples:  56%|█████▋    | 851/1508 [00:48<00:13, 46.99step/s]
[Origin 7/13] 🎲 Drawing Posterior Samples:  57%|█████▋    | 857/1508 [00:48<00:13, 48.49step/s]
[Origin 7/13] 🎲 Drawing Posterior Samples:  57%|█████▋    | 863/1508 [00:48<00:13, 49.59step/s]
[Origin 7/13] 🎲 Drawing Posterior Samples:  58%|█████▊    | 869/1508 [00:49<00:12, 50.37step/s]
[Origin 7/13] 🎲 Drawing Posterior Samples:  58%|█████▊    | 875/1508 [00:49<00:12, 51.00step/s]
[Origin 7/13] 🎲 Drawing Posterior Samples:  58%|█████▊    | 881/1508 [00:49<00:12, 51.36step/s]
[Origin 7/13] 🎲 Drawing Posterior Samples:  59%|█████▉    | 887/1508 [00:49<00:12, 51.52step/s]
[Origin 7/13] 🎲 Drawing Posterior Samples:  59%|█████▉    | 893/1508 [00:49<00:11, 51.52step/s]
[Origin 7/13] 🎲 Drawing Posterior Samples:  60%|█████▉    | 899/1508 [00:49<00:11, 51.45step/s]
[Origin 7/13] 🎲 Drawing Posterior Samples:  60%|██████    | 905/1508 [00:49<00:11, 51.57step/s]
[Origin 7/13] 🎲 Drawing Posterior Samples:  60%|██████    | 911/1508 [00:49<00:11, 51.74step/s]
[Origin 7/13] 🎲 Drawing Posterior Samples:  61%|██████    | 917/1508 [00:50<00:11, 51.84step/s]
[Origin 7/13] 🎲 Drawing Posterior Samples:  61%|██████    | 923/1508 [00:50<00:11, 52.06step/s]
[Origin 7/13] 🎲 Drawing Posterior Samples:  62%|██████▏   | 929/1508 [00:50<00:11, 52.17step/s]
[Origin 7/13] 🎲 Drawing Posterior Samples:  62%|██████▏   | 935/1508 [00:50<00:10, 52.27step/s]
[Origin 7/13] 🎲 Drawing Posterior Samples:  62%|██████▏   | 941/1508 [00:50<00:10, 52.30step/s]
[Origin 7/13] 🎲 Drawing Posterior Samples:  63%|██████▎   | 947/1508 [00:50<00:11, 49.81step/s]
[Origin 7/13] 🎲 Drawing Posterior Samples:  63%|██████▎   | 953/1508 [00:50<00:11, 50.45step/s]
[Origin 7/13] 🎲 Drawing Posterior Samples:  64%|██████▎   | 959/1508 [00:50<00:10, 50.83step/s]
[Origin 7/13] 🎲 Drawing Posterior Samples:  64%|██████▍   | 965/1508 [00:50<00:10, 51.14step/s]
[Origin 7/13] 🎲 Drawing Posterior Samples:  64%|██████▍   | 971/1508 [00:51<00:10, 51.41step/s]
[Origin 7/13] 🎲 Drawing Posterior Samples:  65%|██████▍   | 977/1508 [00:51<00:10, 51.69step/s]
[Origin 7/13] 🎲 Drawing Posterior Samples:  65%|██████▌   | 983/1508 [00:51<00:10, 51.85step/s]
[Origin 7/13] 🎲 Drawing Posterior Samples:  66%|██████▌   | 989/1508 [00:51<00:09, 51.99step/s]
[Origin 7/13] 🎲 Drawing Posterior Samples:  66%|██████▌   | 995/1508 [00:51<00:09, 52.09step/s]
[Origin 7/13] 🎲 Drawing Posterior Samples:  66%|██████▋   | 1001/1508 [00:51<00:09, 52.05step/s]
[Origin 7/13] 🎲 Drawing Posterior Samples:  67%|██████▋   | 1007/1508 [00:51<00:09, 52.14step/s]
[Origin 7/13] 🎲 Drawing Posterior Samples:  67%|██████▋   | 1013/1508 [00:51<00:09, 52.18step/s]
[Origin 7/13] 🎲 Drawing Posterior Samples:  68%|██████▊   | 1019/1508 [00:51<00:09, 52.15step/s]
[Origin 7/13] 🎲 Drawing Posterior Samples:  68%|██████▊   | 1025/1508 [00:52<00:09, 52.14step/s]
[Origin 7/13] 🎲 Drawing Posterior Samples:  68%|██████▊   | 1031/1508 [00:52<00:09, 52.09step/s]
[Origin 7/13] 🎲 Drawing Posterior Samples:  69%|██████▉   | 1037/1508 [00:52<00:09, 52.09step/s]
[Origin 7/13] 🎲 Drawing Posterior Samples:  69%|██████▉   | 1043/1508 [00:52<00:08, 52.09step/s]
[Origin 7/13] 🎲 Drawing Posterior Samples:  70%|██████▉   | 1049/1508 [00:52<00:08, 52.07step/s]
[Origin 7/13] 🎲 Drawing Posterior Samples:  70%|██████▉   | 1055/1508 [00:52<00:08, 52.13step/s]
[Origin 7/13] 🎲 Drawing Posterior Samples:  70%|███████   | 1061/1508 [00:52<00:08, 52.15step/s]
[Origin 7/13] 🎲 Drawing Posterior Samples:  71%|███████   | 1067/1508 [00:52<00:08, 52.21step/s]
[Origin 7/13] 🎲 Drawing Posterior Samples:  71%|███████   | 1073/1508 [00:53<00:08, 52.22step/s]
[Origin 7/13] 🎲 Drawing Posterior Samples:  72%|███████▏  | 1079/1508 [00:53<00:08, 52.22step/s]
[Origin 7/13] 🎲 Drawing Posterior Samples:  72%|███████▏  | 1085/1508 [00:53<00:08, 52.19step/s]
[Origin 7/13] 🎲 Drawing Posterior Samples:  72%|███████▏  | 1091/1508 [00:53<00:07, 52.17step/s]
[Origin 7/13] 🎲 Drawing Posterior Samples:  73%|███████▎  | 1097/1508 [00:53<00:12, 33.14step/s]
[Origin 7/13] 🎲 Drawing Posterior Samples:  73%|███████▎  | 1102/1508 [00:54<00:20, 20.22step/s]
[Origin 7/13] 🎲 Drawing Posterior Samples:  73%|███████▎  | 1106/1508 [00:54<00:25, 15.56step/s]
[Origin 7/13] 🎲 Drawing Posterior Samples:  74%|███████▎  | 1109/1508 [00:54<00:28, 13.90step/s]
[Origin 7/13] 🎲 Drawing Posterior Samples:  74%|███████▎  | 1112/1508 [00:55<00:32, 12.09step/s]
[Origin 7/13] 🎲 Drawing Posterior Samples:  74%|███████▍  | 1114/1508 [00:55<00:33, 11.63step/s]
[Origin 7/13] 🎲 Drawing Posterior Samples:  74%|███████▍  | 1116/1508 [00:55<00:35, 10.95step/s]
[Origin 7/13] 🎲 Drawing Posterior Samples:  74%|███████▍  | 1118/1508 [00:56<00:37, 10.35step/s]
[Origin 7/13] 🎲 Drawing Posterior Samples:  74%|███████▍  | 1120/1508 [00:56<00:40,  9.63step/s]
[Origin 7/13] 🎲 Drawing Posterior Samples:  74%|███████▍  | 1122/1508 [00:56<00:41,  9.29step/s]
[Origin 7/13] 🎲 Drawing Posterior Samples:  75%|███████▍  | 1124/1508 [00:56<00:41,  9.22step/s]
[Origin 7/13] 🎲 Drawing Posterior Samples:  75%|███████▍  | 1125/1508 [00:56<00:42,  9.00step/s]
[Origin 7/13] 🎲 Drawing Posterior Samples:  75%|███████▍  | 1126/1508 [00:56<00:43,  8.68step/s]
[Origin 7/13] 🎲 Drawing Posterior Samples:  75%|███████▍  | 1127/1508 [00:57<00:44,  8.49step/s]
[Origin 7/13] 🎲 Drawing Posterior Samples:  75%|███████▍  | 1128/1508 [00:57<00:45,  8.44step/s]
[Origin 7/13] 🎲 Drawing Posterior Samples:  75%|███████▍  | 1129/1508 [00:57<00:47,  7.90step/s]
[Origin 7/13] 🎲 Drawing Posterior Samples:  75%|███████▍  | 1130/1508 [00:57<00:48,  7.76step/s]
[Origin 7/13] 🎲 Drawing Posterior Samples:  75%|███████▌  | 1131/1508 [00:57<00:47,  7.86step/s]
[Origin 7/13] 🎲 Drawing Posterior Samples:  75%|███████▌  | 1132/1508 [01:10<22:27,  3.58s/step]
[Origin 7/13] 🎲 Drawing Posterior Samples:  75%|███████▌  | 1138/1508 [01:10<06:34,  1.07s/step]
[Origin 7/13] 🎲 Drawing Posterior Samples:  76%|███████▌  | 1144/1508 [01:10<03:16,  1.85step/s]
[Origin 7/13] 🎲 Drawing Posterior Samples:  76%|███████▋  | 1150/1508 [01:10<01:55,  3.10step/s]
[Origin 7/13] 🎲 Drawing Posterior Samples:  77%|███████▋  | 1156/1508 [01:10<01:13,  4.78step/s]
[Origin 7/13] 🎲 Drawing Posterior Samples:  77%|███████▋  | 1162/1508 [01:10<00:49,  6.99step/s]
[Origin 7/13] 🎲 Drawing Posterior Samples:  77%|███████▋  | 1168/1508 [01:10<00:34,  9.82step/s]
[Origin 7/13] 🎲 Drawing Posterior Samples:  78%|███████▊  | 1174/1508 [01:10<00:25, 13.30step/s]
[Origin 7/13] 🎲 Drawing Posterior Samples:  78%|███████▊  | 1180/1508 [01:11<00:18, 17.40step/s]
[Origin 7/13] 🎲 Drawing Posterior Samples:  79%|███████▊  | 1186/1508 [01:11<00:14, 21.94step/s]
[Origin 7/13] 🎲 Drawing Posterior Samples:  79%|███████▉  | 1192/1508 [01:11<00:11, 26.64step/s]
[Origin 7/13] 🎲 Drawing Posterior Samples:  79%|███████▉  | 1198/1508 [01:11<00:09, 31.22step/s]
[Origin 7/13] 🎲 Drawing Posterior Samples:  80%|███████▉  | 1204/1508 [01:11<00:08, 35.42step/s]
[Origin 7/13] 🎲 Drawing Posterior Samples:  80%|████████  | 1210/1508 [01:11<00:07, 39.05step/s]
[Origin 7/13] 🎲 Drawing Posterior Samples:  81%|████████  | 1216/1508 [01:11<00:06, 42.11step/s]
[Origin 7/13] 🎲 Drawing Posterior Samples:  81%|████████  | 1222/1508 [01:11<00:06, 44.70step/s]
[Origin 7/13] 🎲 Drawing Posterior Samples:  81%|████████▏ | 1228/1508 [01:11<00:05, 46.83step/s]
[Origin 7/13] 🎲 Drawing Posterior Samples:  82%|████████▏ | 1234/1508 [01:12<00:05, 48.37step/s]
[Origin 7/13] 🎲 Drawing Posterior Samples:  82%|████████▏ | 1240/1508 [01:12<00:05, 49.53step/s]
[Origin 7/13] 🎲 Drawing Posterior Samples:  83%|████████▎ | 1246/1508 [01:12<00:05, 50.40step/s]
[Origin 7/13] 🎲 Drawing Posterior Samples:  83%|████████▎ | 1252/1508 [01:12<00:05, 51.00step/s]
[Origin 7/13] 🎲 Drawing Posterior Samples:  83%|████████▎ | 1258/1508 [01:12<00:04, 51.39step/s]
[Origin 7/13] 🎲 Drawing Posterior Samples:  84%|████████▍ | 1264/1508 [01:12<00:04, 51.58step/s]
[Origin 7/13] 🎲 Drawing Posterior Samples:  84%|████████▍ | 1270/1508 [01:12<00:04, 51.65step/s]
[Origin 7/13] 🎲 Drawing Posterior Samples:  85%|████████▍ | 1276/1508 [01:12<00:04, 51.70step/s]
[Origin 7/13] 🎲 Drawing Posterior Samples:  85%|████████▌ | 1282/1508 [01:12<00:04, 51.81step/s]
[Origin 7/13] 🎲 Drawing Posterior Samples:  85%|████████▌ | 1288/1508 [01:13<00:04, 51.95step/s]
[Origin 7/13] 🎲 Drawing Posterior Samples:  86%|████████▌ | 1294/1508 [01:13<00:04, 52.02step/s]
[Origin 7/13] 🎲 Drawing Posterior Samples:  86%|████████▌ | 1300/1508 [01:13<00:03, 52.10step/s]
[Origin 7/13] 🎲 Drawing Posterior Samples:  87%|████████▋ | 1306/1508 [01:13<00:03, 52.18step/s]
[Origin 7/13] 🎲 Drawing Posterior Samples:  87%|████████▋ | 1312/1508 [01:13<00:03, 52.21step/s]
[Origin 7/13] 🎲 Drawing Posterior Samples:  87%|████████▋ | 1318/1508 [01:13<00:03, 52.22step/s]
[Origin 7/13] 🎲 Drawing Posterior Samples:  88%|████████▊ | 1324/1508 [01:13<00:03, 52.22step/s]
[Origin 7/13] 🎲 Drawing Posterior Samples:  88%|████████▊ | 1330/1508 [01:13<00:03, 52.21step/s]
[Origin 7/13] 🎲 Drawing Posterior Samples:  89%|████████▊ | 1336/1508 [01:14<00:03, 52.18step/s]
[Origin 7/13] 🎲 Drawing Posterior Samples:  89%|████████▉ | 1342/1508 [01:14<00:03, 52.04step/s]
[Origin 7/13] 🎲 Drawing Posterior Samples:  89%|████████▉ | 1348/1508 [01:14<00:03, 52.08step/s]
[Origin 7/13] 🎲 Drawing Posterior Samples:  90%|████████▉ | 1354/1508 [01:14<00:02, 52.13step/s]
[Origin 7/13] 🎲 Drawing Posterior Samples:  90%|█████████ | 1360/1508 [01:14<00:02, 52.17step/s]
[Origin 7/13] 🎲 Drawing Posterior Samples:  91%|█████████ | 1366/1508 [01:14<00:02, 52.15step/s]
[Origin 7/13] 🎲 Drawing Posterior Samples:  91%|█████████ | 1372/1508 [01:14<00:02, 52.24step/s]
[Origin 7/13] 🎲 Drawing Posterior Samples:  91%|█████████▏| 1378/1508 [01:14<00:02, 52.22step/s]
[Origin 7/13] 🎲 Drawing Posterior Samples:  92%|█████████▏| 1384/1508 [01:14<00:02, 52.29step/s]
[Origin 7/13] 🎲 Drawing Posterior Samples:  92%|█████████▏| 1390/1508 [01:15<00:02, 52.28step/s]
[Origin 7/13] 🎲 Drawing Posterior Samples:  93%|█████████▎| 1396/1508 [01:15<00:02, 52.26step/s]
[Origin 7/13] 🎲 Drawing Posterior Samples:  93%|█████████▎| 1402/1508 [01:15<00:02, 52.24step/s]
[Origin 7/13] 🎲 Drawing Posterior Samples:  93%|█████████▎| 1408/1508 [01:15<00:01, 52.21step/s]
[Origin 7/13] 🎲 Drawing Posterior Samples:  94%|█████████▍| 1414/1508 [01:15<00:01, 52.27step/s]
[Origin 7/13] 🎲 Drawing Posterior Samples:  94%|█████████▍| 1420/1508 [01:15<00:01, 52.20step/s]
[Origin 7/13] 🎲 Drawing Posterior Samples:  95%|█████████▍| 1426/1508 [01:15<00:01, 52.28step/s]
[Origin 7/13] 🎲 Drawing Posterior Samples:  95%|█████████▍| 1432/1508 [01:15<00:01, 52.26step/s]
[Origin 7/13] 🎲 Drawing Posterior Samples:  95%|█████████▌| 1438/1508 [01:15<00:01, 52.26step/s]
[Origin 7/13] 🎲 Drawing Posterior Samples:  96%|█████████▌| 1444/1508 [01:16<00:01, 46.88step/s]
[Origin 7/13] 🎲 Drawing Posterior Samples:  96%|█████████▌| 1450/1508 [01:16<00:01, 48.56step/s]
[Origin 7/13] 🎲 Drawing Posterior Samples:  97%|█████████▋| 1456/1508 [01:16<00:01, 49.53step/s]
[Origin 7/13] 🎲 Drawing Posterior Samples:  97%|█████████▋| 1462/1508 [01:16<00:00, 50.20step/s]
[Origin 7/13] 🎲 Drawing Posterior Samples:  97%|█████████▋| 1468/1508 [01:16<00:00, 50.75step/s]
[Origin 7/13] 🎲 Drawing Posterior Samples:  98%|█████████▊| 1474/1508 [01:16<00:01, 32.25step/s]
[Origin 7/13] 🎲 Drawing Posterior Samples:  98%|█████████▊| 1479/1508 [01:17<00:01, 19.08step/s]
[Origin 7/13] 🎲 Drawing Posterior Samples:  98%|█████████▊| 1483/1508 [01:17<00:01, 14.96step/s]
[Origin 7/13] 🎲 Drawing Posterior Samples:  99%|█████████▊| 1486/1508 [01:18<00:01, 13.16step/s]
[Origin 7/13] 🎲 Drawing Posterior Samples:  99%|█████████▊| 1488/1508 [01:18<00:01, 12.23step/s]
[Origin 7/13] 🎲 Drawing Posterior Samples:  99%|█████████▉| 1490/1508 [01:18<00:01, 11.13step/s]
[Origin 7/13] 🎲 Drawing Posterior Samples:  99%|█████████▉| 1492/1508 [01:19<00:01,  8.66step/s]
[Origin 7/13] 🎲 Drawing Posterior Samples:  99%|█████████▉| 1494/1508 [01:19<00:01,  7.71step/s]
[Origin 7/13] 🎲 Drawing Posterior Samples:  99%|█████████▉| 1496/1508 [01:19<00:01,  8.13step/s]
[Origin 7/13] 🎲 Drawing Posterior Samples:  99%|█████████▉| 1497/1508 [01:19<00:01,  8.17step/s]
[Origin 7/13] 🎲 Drawing Posterior Samples:  99%|█████████▉| 1498/1508 [01:19<00:01,  8.29step/s]
[Origin 7/13] 🎲 Drawing Posterior Samples:  99%|█████████▉| 1499/1508 [01:20<00:01,  8.45step/s]
[Origin 7/13] 🎲 Drawing Posterior Samples:  99%|█████████▉| 1500/1508 [01:20<00:00,  8.68step/s]
[Origin 7/13] 🎲 Drawing Posterior Samples: 100%|█████████▉| 1501/1508 [01:20<00:00,  8.25step/s]
[Origin 7/13] 🎲 Drawing Posterior Samples: 100%|█████████▉| 1502/1508 [01:20<00:00,  8.31step/s]
[Origin 7/13] 🎲 Drawing Posterior Samples: 100%|█████████▉| 1503/1508 [01:20<00:00,  8.36step/s]
[Origin 7/13] 🎲 Drawing Posterior Samples: 100%|█████████▉| 1504/1508 [01:20<00:00,  8.38step/s]
[Origin 7/13] 🎲 Drawing Posterior Samples: 100%|█████████▉| 1505/1508 [01:20<00:00,  8.19step/s]
[Origin 7/13] 🎲 Drawing Posterior Samples: 100%|█████████▉| 1506/1508 [01:20<00:00,  8.04step/s]
[Origin 7/13] 🎲 Drawing Posterior Samples: 100%|█████████▉| 1507/1508 [01:21<00:00,  7.44step/s]
[Origin 7/13] 🎲 Drawing Posterior Samples: 100%|██████████| 1508/1508 [01:21<00:00,  7.06step/s]
                                                                                                 

[Origin 8/13] 🎲 Drawing Posterior Samples:   0%|          | 0/1512 [00:00<?, ?step/s]
[Origin 8/13] 🎲 Drawing Posterior Samples:   0%|          | 7/1512 [00:00<00:24, 60.58step/s]
[Origin 8/13] 🎲 Drawing Posterior Samples:   1%|          | 14/1512 [00:00<00:26, 55.71step/s]
[Origin 8/13] 🎲 Drawing Posterior Samples:   1%|▏         | 20/1512 [00:00<00:27, 54.39step/s]
[Origin 8/13] 🎲 Drawing Posterior Samples:   2%|▏         | 26/1512 [00:00<00:27, 53.75step/s]
[Origin 8/13] 🎲 Drawing Posterior Samples:   2%|▏         | 32/1512 [00:00<00:27, 53.40step/s]
[Origin 8/13] 🎲 Drawing Posterior Samples:   3%|▎         | 38/1512 [00:00<00:27, 53.20step/s]
[Origin 8/13] 🎲 Drawing Posterior Samples:   3%|▎         | 44/1512 [00:00<00:27, 53.08step/s]
[Origin 8/13] 🎲 Drawing Posterior Samples:   3%|▎         | 50/1512 [00:00<00:27, 52.90step/s]
[Origin 8/13] 🎲 Drawing Posterior Samples:   4%|▎         | 56/1512 [00:01<00:27, 52.60step/s]
[Origin 8/13] 🎲 Drawing Posterior Samples:   4%|▍         | 62/1512 [00:01<00:27, 52.27step/s]
[Origin 8/13] 🎲 Drawing Posterior Samples:   4%|▍         | 68/1512 [00:01<00:27, 52.11step/s]
[Origin 8/13] 🎲 Drawing Posterior Samples:   5%|▍         | 74/1512 [00:01<00:27, 51.90step/s]
[Origin 8/13] 🎲 Drawing Posterior Samples:   5%|▌         | 80/1512 [00:01<00:27, 51.79step/s]
[Origin 8/13] 🎲 Drawing Posterior Samples:   6%|▌         | 86/1512 [00:01<00:27, 51.84step/s]
[Origin 8/13] 🎲 Drawing Posterior Samples:   6%|▌         | 92/1512 [00:01<00:27, 52.14step/s]
[Origin 8/13] 🎲 Drawing Posterior Samples:   6%|▋         | 98/1512 [00:01<00:27, 52.21step/s]
[Origin 8/13] 🎲 Drawing Posterior Samples:   7%|▋         | 104/1512 [00:01<00:26, 52.26step/s]
[Origin 8/13] 🎲 Drawing Posterior Samples:   7%|▋         | 110/1512 [00:02<00:26, 52.30step/s]
[Origin 8/13] 🎲 Drawing Posterior Samples:   8%|▊         | 116/1512 [00:02<00:26, 52.40step/s]
[Origin 8/13] 🎲 Drawing Posterior Samples:   8%|▊         | 122/1512 [00:02<00:26, 52.43step/s]
[Origin 8/13] 🎲 Drawing Posterior Samples:   8%|▊         | 128/1512 [00:02<00:26, 52.43step/s]
[Origin 8/13] 🎲 Drawing Posterior Samples:   9%|▉         | 134/1512 [00:02<00:26, 52.35step/s]
[Origin 8/13] 🎲 Drawing Posterior Samples:   9%|▉         | 140/1512 [00:02<00:26, 52.30step/s]
[Origin 8/13] 🎲 Drawing Posterior Samples:  10%|▉         | 146/1512 [00:02<00:26, 52.28step/s]
[Origin 8/13] 🎲 Drawing Posterior Samples:  10%|█         | 152/1512 [00:02<00:26, 52.30step/s]
[Origin 8/13] 🎲 Drawing Posterior Samples:  10%|█         | 158/1512 [00:03<00:25, 52.32step/s]
[Origin 8/13] 🎲 Drawing Posterior Samples:  11%|█         | 164/1512 [00:03<00:25, 52.30step/s]
[Origin 8/13] 🎲 Drawing Posterior Samples:  11%|█         | 170/1512 [00:03<00:25, 52.33step/s]
[Origin 8/13] 🎲 Drawing Posterior Samples:  12%|█▏        | 176/1512 [00:03<00:25, 52.34step/s]
[Origin 8/13] 🎲 Drawing Posterior Samples:  12%|█▏        | 182/1512 [00:03<00:25, 52.38step/s]
[Origin 8/13] 🎲 Drawing Posterior Samples:  12%|█▏        | 188/1512 [00:03<00:25, 52.35step/s]
[Origin 8/13] 🎲 Drawing Posterior Samples:  13%|█▎        | 194/1512 [00:03<00:25, 52.34step/s]
[Origin 8/13] 🎲 Drawing Posterior Samples:  13%|█▎        | 200/1512 [00:03<00:25, 52.36step/s]
[Origin 8/13] 🎲 Drawing Posterior Samples:  14%|█▎        | 206/1512 [00:03<00:24, 52.34step/s]
[Origin 8/13] 🎲 Drawing Posterior Samples:  14%|█▍        | 212/1512 [00:04<00:24, 52.34step/s]
[Origin 8/13] 🎲 Drawing Posterior Samples:  14%|█▍        | 218/1512 [00:04<00:24, 52.34step/s]
[Origin 8/13] 🎲 Drawing Posterior Samples:  15%|█▍        | 224/1512 [00:04<00:24, 52.35step/s]
[Origin 8/13] 🎲 Drawing Posterior Samples:  15%|█▌        | 230/1512 [00:04<00:24, 52.33step/s]
[Origin 8/13] 🎲 Drawing Posterior Samples:  16%|█▌        | 236/1512 [00:04<00:24, 52.35step/s]
[Origin 8/13] 🎲 Drawing Posterior Samples:  16%|█▌        | 242/1512 [00:04<00:24, 52.33step/s]
[Origin 8/13] 🎲 Drawing Posterior Samples:  16%|█▋        | 248/1512 [00:04<00:24, 52.33step/s]
[Origin 8/13] 🎲 Drawing Posterior Samples:  17%|█▋        | 254/1512 [00:04<00:24, 52.32step/s]
[Origin 8/13] 🎲 Drawing Posterior Samples:  17%|█▋        | 260/1512 [00:04<00:23, 52.36step/s]
[Origin 8/13] 🎲 Drawing Posterior Samples:  18%|█▊        | 266/1512 [00:05<00:23, 52.35step/s]
[Origin 8/13] 🎲 Drawing Posterior Samples:  18%|█▊        | 272/1512 [00:05<00:23, 52.36step/s]
[Origin 8/13] 🎲 Drawing Posterior Samples:  18%|█▊        | 278/1512 [00:05<00:23, 52.33step/s]
[Origin 8/13] 🎲 Drawing Posterior Samples:  19%|█▉        | 284/1512 [00:05<00:23, 52.34step/s]
[Origin 8/13] 🎲 Drawing Posterior Samples:  19%|█▉        | 290/1512 [00:05<00:23, 52.35step/s]
[Origin 8/13] 🎲 Drawing Posterior Samples:  20%|█▉        | 296/1512 [00:05<00:23, 52.14step/s]
[Origin 8/13] 🎲 Drawing Posterior Samples:  20%|█▉        | 302/1512 [00:05<00:23, 52.27step/s]
[Origin 8/13] 🎲 Drawing Posterior Samples:  20%|██        | 308/1512 [00:05<00:23, 52.28step/s]
[Origin 8/13] 🎲 Drawing Posterior Samples:  21%|██        | 314/1512 [00:05<00:22, 52.26step/s]
[Origin 8/13] 🎲 Drawing Posterior Samples:  21%|██        | 320/1512 [00:06<00:22, 52.29step/s]
[Origin 8/13] 🎲 Drawing Posterior Samples:  22%|██▏       | 326/1512 [00:06<00:22, 52.27step/s]
[Origin 8/13] 🎲 Drawing Posterior Samples:  22%|██▏       | 332/1512 [00:06<00:22, 52.24step/s]
[Origin 8/13] 🎲 Drawing Posterior Samples:  22%|██▏       | 338/1512 [00:06<00:22, 52.24step/s]
[Origin 8/13] 🎲 Drawing Posterior Samples:  23%|██▎       | 344/1512 [00:06<00:38, 30.66step/s]
[Origin 8/13] 🎲 Drawing Posterior Samples:  23%|██▎       | 349/1512 [00:07<01:08, 16.98step/s]
[Origin 8/13] 🎲 Drawing Posterior Samples:  23%|██▎       | 353/1512 [00:08<01:30, 12.85step/s]
[Origin 8/13] 🎲 Drawing Posterior Samples:  24%|██▎       | 356/1512 [00:08<01:41, 11.40step/s]
[Origin 8/13] 🎲 Drawing Posterior Samples:  24%|██▎       | 358/1512 [00:08<01:49, 10.58step/s]
[Origin 8/13] 🎲 Drawing Posterior Samples:  24%|██▍       | 360/1512 [00:08<01:59,  9.63step/s]
[Origin 8/13] 🎲 Drawing Posterior Samples:  24%|██▍       | 362/1512 [00:09<02:06,  9.08step/s]
[Origin 8/13] 🎲 Drawing Posterior Samples:  24%|██▍       | 364/1512 [00:09<02:12,  8.63step/s]
[Origin 8/13] 🎲 Drawing Posterior Samples:  24%|██▍       | 366/1512 [00:09<02:22,  8.03step/s]
[Origin 8/13] 🎲 Drawing Posterior Samples:  24%|██▍       | 367/1512 [00:09<02:22,  8.02step/s]
[Origin 8/13] 🎲 Drawing Posterior Samples:  24%|██▍       | 368/1512 [00:10<02:24,  7.90step/s]
[Origin 8/13] 🎲 Drawing Posterior Samples:  24%|██▍       | 369/1512 [00:10<02:28,  7.71step/s]
[Origin 8/13] 🎲 Drawing Posterior Samples:  24%|██▍       | 370/1512 [00:10<02:31,  7.52step/s]
[Origin 8/13] 🎲 Drawing Posterior Samples:  25%|██▍       | 371/1512 [00:10<02:40,  7.10step/s]
[Origin 8/13] 🎲 Drawing Posterior Samples:  25%|██▍       | 372/1512 [00:10<02:57,  6.44step/s]
[Origin 8/13] 🎲 Drawing Posterior Samples:  25%|██▍       | 373/1512 [00:10<03:05,  6.13step/s]
[Origin 8/13] 🎲 Drawing Posterior Samples:  25%|██▍       | 374/1512 [00:11<03:05,  6.14step/s]
[Origin 8/13] 🎲 Drawing Posterior Samples:  25%|██▍       | 375/1512 [00:11<03:09,  5.99step/s]
[Origin 8/13] 🎲 Drawing Posterior Samples:  25%|██▍       | 376/1512 [00:11<03:31,  5.37step/s]
[Origin 8/13] 🎲 Drawing Posterior Samples:  25%|██▍       | 377/1512 [00:11<03:27,  5.48step/s]
[Origin 8/13] 🎲 Drawing Posterior Samples:  25%|██▌       | 378/1512 [00:11<03:33,  5.31step/s]
[Origin 8/13] 🎲 Drawing Posterior Samples:  25%|██▌       | 379/1512 [00:27<1:31:23,  4.84s/step]
[Origin 8/13] 🎲 Drawing Posterior Samples:  25%|██▌       | 385/1512 [00:27<25:57,  1.38s/step]  
[Origin 8/13] 🎲 Drawing Posterior Samples:  26%|██▌       | 391/1512 [00:28<12:55,  1.44step/s]
[Origin 8/13] 🎲 Drawing Posterior Samples:  26%|██▋       | 397/1512 [00:28<07:36,  2.44step/s]
[Origin 8/13] 🎲 Drawing Posterior Samples:  27%|██▋       | 403/1512 [00:28<04:52,  3.80step/s]
[Origin 8/13] 🎲 Drawing Posterior Samples:  27%|██▋       | 409/1512 [00:28<03:16,  5.61step/s]
[Origin 8/13] 🎲 Drawing Posterior Samples:  27%|██▋       | 415/1512 [00:28<02:17,  7.99step/s]
[Origin 8/13] 🎲 Drawing Posterior Samples:  28%|██▊       | 421/1512 [00:28<01:39, 10.99step/s]
[Origin 8/13] 🎲 Drawing Posterior Samples:  28%|██▊       | 427/1512 [00:28<01:14, 14.64step/s]
[Origin 8/13] 🎲 Drawing Posterior Samples:  29%|██▊       | 433/1512 [00:28<00:57, 18.87step/s]
[Origin 8/13] 🎲 Drawing Posterior Samples:  29%|██▉       | 439/1512 [00:28<00:45, 23.46step/s]
[Origin 8/13] 🎲 Drawing Posterior Samples:  29%|██▉       | 445/1512 [00:29<00:37, 28.15step/s]
[Origin 8/13] 🎲 Drawing Posterior Samples:  30%|██▉       | 451/1512 [00:29<00:32, 32.65step/s]
[Origin 8/13] 🎲 Drawing Posterior Samples:  30%|███       | 457/1512 [00:29<00:28, 36.69step/s]
[Origin 8/13] 🎲 Drawing Posterior Samples:  31%|███       | 463/1512 [00:29<00:26, 40.21step/s]
[Origin 8/13] 🎲 Drawing Posterior Samples:  31%|███       | 469/1512 [00:29<00:24, 43.24step/s]
[Origin 8/13] 🎲 Drawing Posterior Samples:  31%|███▏      | 475/1512 [00:29<00:22, 45.68step/s]
[Origin 8/13] 🎲 Drawing Posterior Samples:  32%|███▏      | 481/1512 [00:29<00:21, 47.53step/s]
[Origin 8/13] 🎲 Drawing Posterior Samples:  32%|███▏      | 487/1512 [00:29<00:20, 48.91step/s]
[Origin 8/13] 🎲 Drawing Posterior Samples:  33%|███▎      | 493/1512 [00:29<00:20, 49.95step/s]
[Origin 8/13] 🎲 Drawing Posterior Samples:  33%|███▎      | 499/1512 [00:30<00:19, 50.67step/s]
[Origin 8/13] 🎲 Drawing Posterior Samples:  33%|███▎      | 505/1512 [00:30<00:19, 51.16step/s]
[Origin 8/13] 🎲 Drawing Posterior Samples:  34%|███▍      | 511/1512 [00:30<00:19, 51.46step/s]
[Origin 8/13] 🎲 Drawing Posterior Samples:  34%|███▍      | 517/1512 [00:30<00:19, 51.63step/s]
[Origin 8/13] 🎲 Drawing Posterior Samples:  35%|███▍      | 523/1512 [00:30<00:19, 51.75step/s]
[Origin 8/13] 🎲 Drawing Posterior Samples:  35%|███▍      | 529/1512 [00:30<00:18, 51.86step/s]
[Origin 8/13] 🎲 Drawing Posterior Samples:  35%|███▌      | 535/1512 [00:30<00:18, 51.99step/s]
[Origin 8/13] 🎲 Drawing Posterior Samples:  36%|███▌      | 541/1512 [00:30<00:18, 52.06step/s]
[Origin 8/13] 🎲 Drawing Posterior Samples:  36%|███▌      | 547/1512 [00:30<00:18, 52.13step/s]
[Origin 8/13] 🎲 Drawing Posterior Samples:  37%|███▋      | 553/1512 [00:31<00:18, 52.17step/s]
[Origin 8/13] 🎲 Drawing Posterior Samples:  37%|███▋      | 559/1512 [00:31<00:18, 52.19step/s]
[Origin 8/13] 🎲 Drawing Posterior Samples:  37%|███▋      | 565/1512 [00:31<00:18, 52.18step/s]
[Origin 8/13] 🎲 Drawing Posterior Samples:  38%|███▊      | 571/1512 [00:31<00:18, 52.20step/s]
[Origin 8/13] 🎲 Drawing Posterior Samples:  38%|███▊      | 577/1512 [00:31<00:17, 52.20step/s]
[Origin 8/13] 🎲 Drawing Posterior Samples:  39%|███▊      | 583/1512 [00:31<00:17, 52.16step/s]
[Origin 8/13] 🎲 Drawing Posterior Samples:  39%|███▉      | 589/1512 [00:31<00:17, 52.16step/s]
[Origin 8/13] 🎲 Drawing Posterior Samples:  39%|███▉      | 595/1512 [00:31<00:17, 52.16step/s]
[Origin 8/13] 🎲 Drawing Posterior Samples:  40%|███▉      | 601/1512 [00:32<00:17, 52.17step/s]
[Origin 8/13] 🎲 Drawing Posterior Samples:  40%|████      | 607/1512 [00:32<00:17, 52.20step/s]
[Origin 8/13] 🎲 Drawing Posterior Samples:  41%|████      | 613/1512 [00:32<00:17, 52.23step/s]
[Origin 8/13] 🎲 Drawing Posterior Samples:  41%|████      | 619/1512 [00:32<00:17, 52.24step/s]
[Origin 8/13] 🎲 Drawing Posterior Samples:  41%|████▏     | 625/1512 [00:32<00:16, 52.25step/s]
[Origin 8/13] 🎲 Drawing Posterior Samples:  42%|████▏     | 631/1512 [00:32<00:16, 52.28step/s]
[Origin 8/13] 🎲 Drawing Posterior Samples:  42%|████▏     | 637/1512 [00:32<00:16, 52.28step/s]
[Origin 8/13] 🎲 Drawing Posterior Samples:  43%|████▎     | 643/1512 [00:32<00:16, 52.16step/s]
[Origin 8/13] 🎲 Drawing Posterior Samples:  43%|████▎     | 649/1512 [00:32<00:16, 52.30step/s]
[Origin 8/13] 🎲 Drawing Posterior Samples:  43%|████▎     | 655/1512 [00:33<00:16, 52.26step/s]
[Origin 8/13] 🎲 Drawing Posterior Samples:  44%|████▎     | 661/1512 [00:33<00:16, 52.26step/s]
[Origin 8/13] 🎲 Drawing Posterior Samples:  44%|████▍     | 667/1512 [00:33<00:16, 52.25step/s]
[Origin 8/13] 🎲 Drawing Posterior Samples:  45%|████▍     | 673/1512 [00:33<00:16, 52.28step/s]
[Origin 8/13] 🎲 Drawing Posterior Samples:  45%|████▍     | 679/1512 [00:33<00:15, 52.22step/s]
[Origin 8/13] 🎲 Drawing Posterior Samples:  45%|████▌     | 685/1512 [00:33<00:15, 52.28step/s]
[Origin 8/13] 🎲 Drawing Posterior Samples:  46%|████▌     | 691/1512 [00:33<00:15, 52.23step/s]
[Origin 8/13] 🎲 Drawing Posterior Samples:  46%|████▌     | 697/1512 [00:33<00:15, 52.23step/s]
[Origin 8/13] 🎲 Drawing Posterior Samples:  46%|████▋     | 703/1512 [00:33<00:15, 52.28step/s]
[Origin 8/13] 🎲 Drawing Posterior Samples:  47%|████▋     | 709/1512 [00:34<00:15, 52.26step/s]
[Origin 8/13] 🎲 Drawing Posterior Samples:  47%|████▋     | 715/1512 [00:34<00:15, 52.24step/s]
[Origin 8/13] 🎲 Drawing Posterior Samples:  48%|████▊     | 721/1512 [00:34<00:20, 37.81step/s]
[Origin 8/13] 🎲 Drawing Posterior Samples:  48%|████▊     | 726/1512 [00:35<00:42, 18.29step/s]
[Origin 8/13] 🎲 Drawing Posterior Samples:  48%|████▊     | 730/1512 [00:35<00:57, 13.64step/s]
[Origin 8/13] 🎲 Drawing Posterior Samples:  48%|████▊     | 733/1512 [00:36<01:07, 11.52step/s]
[Origin 8/13] 🎲 Drawing Posterior Samples:  49%|████▊     | 735/1512 [00:36<01:12, 10.70step/s]
[Origin 8/13] 🎲 Drawing Posterior Samples:  49%|████▊     | 737/1512 [00:36<01:18,  9.87step/s]
[Origin 8/13] 🎲 Drawing Posterior Samples:  49%|████▉     | 739/1512 [00:36<01:22,  9.34step/s]
[Origin 8/13] 🎲 Drawing Posterior Samples:  49%|████▉     | 741/1512 [00:37<01:29,  8.61step/s]
[Origin 8/13] 🎲 Drawing Posterior Samples:  49%|████▉     | 743/1512 [00:37<01:41,  7.60step/s]
[Origin 8/13] 🎲 Drawing Posterior Samples:  49%|████▉     | 744/1512 [00:37<01:46,  7.20step/s]
[Origin 8/13] 🎲 Drawing Posterior Samples:  49%|████▉     | 745/1512 [00:37<01:49,  7.02step/s]
[Origin 8/13] 🎲 Drawing Posterior Samples:  49%|████▉     | 746/1512 [00:38<01:53,  6.73step/s]
[Origin 8/13] 🎲 Drawing Posterior Samples:  49%|████▉     | 747/1512 [00:38<02:01,  6.31step/s]
[Origin 8/13] 🎲 Drawing Posterior Samples:  49%|████▉     | 748/1512 [00:38<02:01,  6.28step/s]
[Origin 8/13] 🎲 Drawing Posterior Samples:  50%|████▉     | 749/1512 [00:38<02:02,  6.23step/s]
[Origin 8/13] 🎲 Drawing Posterior Samples:  50%|████▉     | 750/1512 [00:38<02:11,  5.79step/s]
[Origin 8/13] 🎲 Drawing Posterior Samples:  50%|████▉     | 751/1512 [00:38<02:16,  5.58step/s]
[Origin 8/13] 🎲 Drawing Posterior Samples:  50%|████▉     | 752/1512 [00:39<02:16,  5.56step/s]
[Origin 8/13] 🎲 Drawing Posterior Samples:  50%|████▉     | 753/1512 [00:39<02:13,  5.67step/s]
[Origin 8/13] 🎲 Drawing Posterior Samples:  50%|████▉     | 754/1512 [00:39<02:19,  5.44step/s]
[Origin 8/13] 🎲 Drawing Posterior Samples:  50%|████▉     | 755/1512 [00:39<02:16,  5.53step/s]
[Origin 8/13] 🎲 Drawing Posterior Samples:  50%|█████     | 756/1512 [00:39<02:12,  5.72step/s]
[Origin 8/13] 🎲 Drawing Posterior Samples:  50%|█████     | 757/1512 [00:51<45:56,  3.65s/step]
[Origin 8/13] 🎲 Drawing Posterior Samples:  50%|█████     | 763/1512 [00:51<13:01,  1.04s/step]
[Origin 8/13] 🎲 Drawing Posterior Samples:  51%|█████     | 773/1512 [00:51<04:49,  2.55step/s]
[Origin 8/13] 🎲 Drawing Posterior Samples:  52%|█████▏    | 780/1512 [00:52<02:59,  4.07step/s]
[Origin 8/13] 🎲 Drawing Posterior Samples:  52%|█████▏    | 787/1512 [00:52<01:58,  6.11step/s]
[Origin 8/13] 🎲 Drawing Posterior Samples:  53%|█████▎    | 794/1512 [00:52<01:21,  8.81step/s]
[Origin 8/13] 🎲 Drawing Posterior Samples:  53%|█████▎    | 801/1512 [00:52<00:57, 12.27step/s]
[Origin 8/13] 🎲 Drawing Posterior Samples:  53%|█████▎    | 808/1512 [00:52<00:43, 16.20step/s]
[Origin 8/13] 🎲 Drawing Posterior Samples:  54%|█████▍    | 814/1512 [00:52<00:34, 19.99step/s]
[Origin 8/13] 🎲 Drawing Posterior Samples:  54%|█████▍    | 820/1512 [00:52<00:28, 24.22step/s]
[Origin 8/13] 🎲 Drawing Posterior Samples:  55%|█████▍    | 826/1512 [00:52<00:23, 28.60step/s]
[Origin 8/13] 🎲 Drawing Posterior Samples:  55%|█████▌    | 832/1512 [00:52<00:20, 32.97step/s]
[Origin 8/13] 🎲 Drawing Posterior Samples:  55%|█████▌    | 838/1512 [00:53<00:18, 37.03step/s]
[Origin 8/13] 🎲 Drawing Posterior Samples:  56%|█████▌    | 844/1512 [00:53<00:16, 40.58step/s]
[Origin 8/13] 🎲 Drawing Posterior Samples:  56%|█████▌    | 850/1512 [00:53<00:15, 43.52step/s]
[Origin 8/13] 🎲 Drawing Posterior Samples:  57%|█████▋    | 856/1512 [00:53<00:14, 45.84step/s]
[Origin 8/13] 🎲 Drawing Posterior Samples:  57%|█████▋    | 862/1512 [00:53<00:13, 47.65step/s]
[Origin 8/13] 🎲 Drawing Posterior Samples:  57%|█████▋    | 868/1512 [00:53<00:13, 48.91step/s]
[Origin 8/13] 🎲 Drawing Posterior Samples:  58%|█████▊    | 874/1512 [00:53<00:12, 49.81step/s]
[Origin 8/13] 🎲 Drawing Posterior Samples:  58%|█████▊    | 880/1512 [00:53<00:12, 50.44step/s]
[Origin 8/13] 🎲 Drawing Posterior Samples:  59%|█████▊    | 886/1512 [00:53<00:12, 50.84step/s]
[Origin 8/13] 🎲 Drawing Posterior Samples:  59%|█████▉    | 892/1512 [00:54<00:12, 51.24step/s]
[Origin 8/13] 🎲 Drawing Posterior Samples:  59%|█████▉    | 898/1512 [00:54<00:11, 51.51step/s]
[Origin 8/13] 🎲 Drawing Posterior Samples:  60%|█████▉    | 904/1512 [00:54<00:11, 51.74step/s]
[Origin 8/13] 🎲 Drawing Posterior Samples:  60%|██████    | 910/1512 [00:54<00:11, 51.87step/s]
[Origin 8/13] 🎲 Drawing Posterior Samples:  61%|██████    | 916/1512 [00:54<00:11, 51.97step/s]
[Origin 8/13] 🎲 Drawing Posterior Samples:  61%|██████    | 922/1512 [00:54<00:11, 52.07step/s]
[Origin 8/13] 🎲 Drawing Posterior Samples:  61%|██████▏   | 928/1512 [00:54<00:11, 52.13step/s]
[Origin 8/13] 🎲 Drawing Posterior Samples:  62%|██████▏   | 934/1512 [00:54<00:11, 52.18step/s]
[Origin 8/13] 🎲 Drawing Posterior Samples:  62%|██████▏   | 940/1512 [00:55<00:10, 52.16step/s]
[Origin 8/13] 🎲 Drawing Posterior Samples:  63%|██████▎   | 946/1512 [00:55<00:10, 52.12step/s]
[Origin 8/13] 🎲 Drawing Posterior Samples:  63%|██████▎   | 952/1512 [00:55<00:10, 52.04step/s]
[Origin 8/13] 🎲 Drawing Posterior Samples:  63%|██████▎   | 958/1512 [00:55<00:10, 52.03step/s]
[Origin 8/13] 🎲 Drawing Posterior Samples:  64%|██████▍   | 964/1512 [00:55<00:10, 52.07step/s]
[Origin 8/13] 🎲 Drawing Posterior Samples:  64%|██████▍   | 970/1512 [00:55<00:10, 52.12step/s]
[Origin 8/13] 🎲 Drawing Posterior Samples:  65%|██████▍   | 976/1512 [00:55<00:10, 52.17step/s]
[Origin 8/13] 🎲 Drawing Posterior Samples:  65%|██████▍   | 982/1512 [00:55<00:10, 52.01step/s]
[Origin 8/13] 🎲 Drawing Posterior Samples:  65%|██████▌   | 988/1512 [00:55<00:10, 52.11step/s]
[Origin 8/13] 🎲 Drawing Posterior Samples:  66%|██████▌   | 994/1512 [00:56<00:09, 52.15step/s]
[Origin 8/13] 🎲 Drawing Posterior Samples:  66%|██████▌   | 1000/1512 [00:56<00:09, 52.17step/s]
[Origin 8/13] 🎲 Drawing Posterior Samples:  67%|██████▋   | 1006/1512 [00:56<00:09, 52.16step/s]
[Origin 8/13] 🎲 Drawing Posterior Samples:  67%|██████▋   | 1012/1512 [00:56<00:09, 52.10step/s]
[Origin 8/13] 🎲 Drawing Posterior Samples:  67%|██████▋   | 1018/1512 [00:56<00:09, 52.09step/s]
[Origin 8/13] 🎲 Drawing Posterior Samples:  68%|██████▊   | 1024/1512 [00:56<00:09, 52.05step/s]
[Origin 8/13] 🎲 Drawing Posterior Samples:  68%|██████▊   | 1030/1512 [00:56<00:09, 52.08step/s]
[Origin 8/13] 🎲 Drawing Posterior Samples:  69%|██████▊   | 1036/1512 [00:56<00:09, 52.09step/s]
[Origin 8/13] 🎲 Drawing Posterior Samples:  69%|██████▉   | 1042/1512 [00:56<00:09, 52.17step/s]
[Origin 8/13] 🎲 Drawing Posterior Samples:  69%|██████▉   | 1048/1512 [00:57<00:08, 52.22step/s]
[Origin 8/13] 🎲 Drawing Posterior Samples:  70%|██████▉   | 1054/1512 [00:57<00:08, 52.17step/s]
[Origin 8/13] 🎲 Drawing Posterior Samples:  70%|███████   | 1060/1512 [00:57<00:08, 52.19step/s]
[Origin 8/13] 🎲 Drawing Posterior Samples:  71%|███████   | 1066/1512 [00:57<00:08, 52.17step/s]
[Origin 8/13] 🎲 Drawing Posterior Samples:  71%|███████   | 1072/1512 [00:57<00:08, 52.19step/s]
[Origin 8/13] 🎲 Drawing Posterior Samples:  71%|███████▏  | 1078/1512 [00:57<00:08, 50.54step/s]
[Origin 8/13] 🎲 Drawing Posterior Samples:  72%|███████▏  | 1084/1512 [00:57<00:08, 51.05step/s]
[Origin 8/13] 🎲 Drawing Posterior Samples:  72%|███████▏  | 1090/1512 [00:57<00:08, 51.38step/s]
[Origin 8/13] 🎲 Drawing Posterior Samples:  72%|███████▏  | 1096/1512 [00:58<00:08, 51.64step/s]
[Origin 8/13] 🎲 Drawing Posterior Samples:  73%|███████▎  | 1102/1512 [00:58<00:18, 21.77step/s]
[Origin 8/13] 🎲 Drawing Posterior Samples:  73%|███████▎  | 1106/1512 [00:59<00:25, 15.93step/s]
[Origin 8/13] 🎲 Drawing Posterior Samples:  73%|███████▎  | 1109/1512 [00:59<00:28, 14.07step/s]
[Origin 8/13] 🎲 Drawing Posterior Samples:  74%|███████▎  | 1112/1512 [00:59<00:32, 12.39step/s]
[Origin 8/13] 🎲 Drawing Posterior Samples:  74%|███████▎  | 1114/1512 [01:00<00:35, 11.12step/s]
[Origin 8/13] 🎲 Drawing Posterior Samples:  74%|███████▍  | 1116/1512 [01:00<00:37, 10.46step/s]
[Origin 8/13] 🎲 Drawing Posterior Samples:  74%|███████▍  | 1118/1512 [01:00<00:39,  9.95step/s]
[Origin 8/13] 🎲 Drawing Posterior Samples:  74%|███████▍  | 1120/1512 [01:00<00:39,  9.88step/s]
[Origin 8/13] 🎲 Drawing Posterior Samples:  74%|███████▍  | 1122/1512 [01:01<00:40,  9.67step/s]
[Origin 8/13] 🎲 Drawing Posterior Samples:  74%|███████▍  | 1124/1512 [01:01<00:42,  9.10step/s]
[Origin 8/13] 🎲 Drawing Posterior Samples:  74%|███████▍  | 1125/1512 [01:01<00:43,  8.89step/s]
[Origin 8/13] 🎲 Drawing Posterior Samples:  74%|███████▍  | 1126/1512 [01:01<00:45,  8.57step/s]
[Origin 8/13] 🎲 Drawing Posterior Samples:  75%|███████▍  | 1127/1512 [01:01<00:45,  8.52step/s]
[Origin 8/13] 🎲 Drawing Posterior Samples:  75%|███████▍  | 1128/1512 [01:01<00:45,  8.41step/s]
[Origin 8/13] 🎲 Drawing Posterior Samples:  75%|███████▍  | 1129/1512 [01:01<00:47,  8.03step/s]
[Origin 8/13] 🎲 Drawing Posterior Samples:  75%|███████▍  | 1130/1512 [01:02<00:52,  7.32step/s]
[Origin 8/13] 🎲 Drawing Posterior Samples:  75%|███████▍  | 1131/1512 [01:02<00:51,  7.37step/s]
[Origin 8/13] 🎲 Drawing Posterior Samples:  75%|███████▍  | 1132/1512 [01:02<00:51,  7.32step/s]
[Origin 8/13] 🎲 Drawing Posterior Samples:  75%|███████▍  | 1133/1512 [01:02<00:51,  7.38step/s]
[Origin 8/13] 🎲 Drawing Posterior Samples:  75%|███████▌  | 1134/1512 [01:02<00:51,  7.33step/s]
[Origin 8/13] 🎲 Drawing Posterior Samples:  75%|███████▌  | 1135/1512 [01:14<22:12,  3.53s/step]
[Origin 8/13] 🎲 Drawing Posterior Samples:  75%|███████▌  | 1141/1512 [01:14<06:18,  1.02s/step]
[Origin 8/13] 🎲 Drawing Posterior Samples:  76%|███████▌  | 1147/1512 [01:14<03:07,  1.94step/s]
[Origin 8/13] 🎲 Drawing Posterior Samples:  76%|███████▋  | 1153/1512 [01:14<01:50,  3.26step/s]
[Origin 8/13] 🎲 Drawing Posterior Samples:  77%|███████▋  | 1159/1512 [01:14<01:10,  5.03step/s]
[Origin 8/13] 🎲 Drawing Posterior Samples:  77%|███████▋  | 1165/1512 [01:14<00:47,  7.34step/s]
[Origin 8/13] 🎲 Drawing Posterior Samples:  77%|███████▋  | 1171/1512 [01:15<00:33, 10.29step/s]
[Origin 8/13] 🎲 Drawing Posterior Samples:  78%|███████▊  | 1177/1512 [01:15<00:24, 13.89step/s]
[Origin 8/13] 🎲 Drawing Posterior Samples:  78%|███████▊  | 1183/1512 [01:15<00:18, 18.08step/s]
[Origin 8/13] 🎲 Drawing Posterior Samples:  79%|███████▊  | 1189/1512 [01:15<00:14, 22.68step/s]
[Origin 8/13] 🎲 Drawing Posterior Samples:  79%|███████▉  | 1195/1512 [01:15<00:11, 27.41step/s]
[Origin 8/13] 🎲 Drawing Posterior Samples:  79%|███████▉  | 1201/1512 [01:15<00:09, 31.97step/s]
[Origin 8/13] 🎲 Drawing Posterior Samples:  80%|███████▉  | 1207/1512 [01:15<00:08, 36.12step/s]
[Origin 8/13] 🎲 Drawing Posterior Samples:  80%|████████  | 1213/1512 [01:15<00:07, 39.66step/s]
[Origin 8/13] 🎲 Drawing Posterior Samples:  81%|████████  | 1219/1512 [01:15<00:06, 42.66step/s]
[Origin 8/13] 🎲 Drawing Posterior Samples:  81%|████████  | 1225/1512 [01:16<00:06, 45.16step/s]
[Origin 8/13] 🎲 Drawing Posterior Samples:  81%|████████▏ | 1231/1512 [01:16<00:05, 47.14step/s]
[Origin 8/13] 🎲 Drawing Posterior Samples:  82%|████████▏ | 1237/1512 [01:16<00:05, 48.63step/s]
[Origin 8/13] 🎲 Drawing Posterior Samples:  82%|████████▏ | 1243/1512 [01:16<00:05, 49.74step/s]
[Origin 8/13] 🎲 Drawing Posterior Samples:  83%|████████▎ | 1249/1512 [01:16<00:05, 50.55step/s]
[Origin 8/13] 🎲 Drawing Posterior Samples:  83%|████████▎ | 1255/1512 [01:16<00:05, 51.11step/s]
[Origin 8/13] 🎲 Drawing Posterior Samples:  83%|████████▎ | 1261/1512 [01:16<00:04, 51.44step/s]
[Origin 8/13] 🎲 Drawing Posterior Samples:  84%|████████▍ | 1267/1512 [01:16<00:04, 51.62step/s]
[Origin 8/13] 🎲 Drawing Posterior Samples:  84%|████████▍ | 1273/1512 [01:17<00:04, 51.70step/s]
[Origin 8/13] 🎲 Drawing Posterior Samples:  85%|████████▍ | 1279/1512 [01:17<00:04, 51.73step/s]
[Origin 8/13] 🎲 Drawing Posterior Samples:  85%|████████▍ | 1285/1512 [01:17<00:04, 51.80step/s]
[Origin 8/13] 🎲 Drawing Posterior Samples:  85%|████████▌ | 1291/1512 [01:17<00:04, 51.77step/s]
[Origin 8/13] 🎲 Drawing Posterior Samples:  86%|████████▌ | 1297/1512 [01:17<00:04, 51.92step/s]
[Origin 8/13] 🎲 Drawing Posterior Samples:  86%|████████▌ | 1303/1512 [01:17<00:04, 52.01step/s]
[Origin 8/13] 🎲 Drawing Posterior Samples:  87%|████████▋ | 1309/1512 [01:17<00:03, 52.11step/s]
[Origin 8/13] 🎲 Drawing Posterior Samples:  87%|████████▋ | 1315/1512 [01:17<00:03, 52.14step/s]
[Origin 8/13] 🎲 Drawing Posterior Samples:  87%|████████▋ | 1321/1512 [01:17<00:03, 52.18step/s]
[Origin 8/13] 🎲 Drawing Posterior Samples:  88%|████████▊ | 1327/1512 [01:18<00:03, 52.18step/s]
[Origin 8/13] 🎲 Drawing Posterior Samples:  88%|████████▊ | 1333/1512 [01:18<00:03, 52.21step/s]
[Origin 8/13] 🎲 Drawing Posterior Samples:  89%|████████▊ | 1339/1512 [01:18<00:03, 52.14step/s]
[Origin 8/13] 🎲 Drawing Posterior Samples:  89%|████████▉ | 1345/1512 [01:18<00:03, 52.09step/s]
[Origin 8/13] 🎲 Drawing Posterior Samples:  89%|████████▉ | 1351/1512 [01:18<00:03, 52.09step/s]
[Origin 8/13] 🎲 Drawing Posterior Samples:  90%|████████▉ | 1357/1512 [01:18<00:02, 52.14step/s]
[Origin 8/13] 🎲 Drawing Posterior Samples:  90%|█████████ | 1363/1512 [01:18<00:02, 52.20step/s]
[Origin 8/13] 🎲 Drawing Posterior Samples:  91%|█████████ | 1369/1512 [01:18<00:02, 52.18step/s]
[Origin 8/13] 🎲 Drawing Posterior Samples:  91%|█████████ | 1375/1512 [01:18<00:02, 52.20step/s]
[Origin 8/13] 🎲 Drawing Posterior Samples:  91%|█████████▏| 1381/1512 [01:19<00:02, 52.21step/s]
[Origin 8/13] 🎲 Drawing Posterior Samples:  92%|█████████▏| 1387/1512 [01:19<00:02, 52.21step/s]
[Origin 8/13] 🎲 Drawing Posterior Samples:  92%|█████████▏| 1393/1512 [01:19<00:02, 52.20step/s]
[Origin 8/13] 🎲 Drawing Posterior Samples:  93%|█████████▎| 1399/1512 [01:19<00:02, 52.18step/s]
[Origin 8/13] 🎲 Drawing Posterior Samples:  93%|█████████▎| 1405/1512 [01:19<00:02, 52.15step/s]
[Origin 8/13] 🎲 Drawing Posterior Samples:  93%|█████████▎| 1411/1512 [01:19<00:01, 52.12step/s]
[Origin 8/13] 🎲 Drawing Posterior Samples:  94%|█████████▎| 1417/1512 [01:19<00:01, 52.10step/s]
[Origin 8/13] 🎲 Drawing Posterior Samples:  94%|█████████▍| 1423/1512 [01:19<00:01, 52.14step/s]
[Origin 8/13] 🎲 Drawing Posterior Samples:  95%|█████████▍| 1429/1512 [01:19<00:01, 52.15step/s]
[Origin 8/13] 🎲 Drawing Posterior Samples:  95%|█████████▍| 1435/1512 [01:20<00:01, 52.13step/s]
[Origin 8/13] 🎲 Drawing Posterior Samples:  95%|█████████▌| 1441/1512 [01:20<00:01, 52.14step/s]
[Origin 8/13] 🎲 Drawing Posterior Samples:  96%|█████████▌| 1447/1512 [01:20<00:01, 52.23step/s]
[Origin 8/13] 🎲 Drawing Posterior Samples:  96%|█████████▌| 1453/1512 [01:20<00:01, 52.22step/s]
[Origin 8/13] 🎲 Drawing Posterior Samples:  96%|█████████▋| 1459/1512 [01:20<00:01, 52.21step/s]
[Origin 8/13] 🎲 Drawing Posterior Samples:  97%|█████████▋| 1465/1512 [01:20<00:00, 52.22step/s]
[Origin 8/13] 🎲 Drawing Posterior Samples:  97%|█████████▋| 1471/1512 [01:20<00:00, 52.15step/s]
[Origin 8/13] 🎲 Drawing Posterior Samples:  98%|█████████▊| 1477/1512 [01:21<00:00, 36.33step/s]
[Origin 8/13] 🎲 Drawing Posterior Samples:  98%|█████████▊| 1482/1512 [01:21<00:01, 17.83step/s]
[Origin 8/13] 🎲 Drawing Posterior Samples:  98%|█████████▊| 1486/1512 [01:22<00:01, 13.19step/s]
[Origin 8/13] 🎲 Drawing Posterior Samples:  98%|█████████▊| 1489/1512 [01:22<00:02, 11.14step/s]
[Origin 8/13] 🎲 Drawing Posterior Samples:  99%|█████████▊| 1491/1512 [01:23<00:02, 10.22step/s]
[Origin 8/13] 🎲 Drawing Posterior Samples:  99%|█████████▊| 1493/1512 [01:23<00:01,  9.65step/s]
[Origin 8/13] 🎲 Drawing Posterior Samples:  99%|█████████▉| 1495/1512 [01:23<00:01,  9.21step/s]
[Origin 8/13] 🎲 Drawing Posterior Samples:  99%|█████████▉| 1497/1512 [01:23<00:01,  8.61step/s]
[Origin 8/13] 🎲 Drawing Posterior Samples:  99%|█████████▉| 1499/1512 [01:24<00:01,  7.77step/s]
[Origin 8/13] 🎲 Drawing Posterior Samples:  99%|█████████▉| 1500/1512 [01:24<00:01,  7.35step/s]
[Origin 8/13] 🎲 Drawing Posterior Samples:  99%|█████████▉| 1501/1512 [01:24<00:01,  7.13step/s]
[Origin 8/13] 🎲 Drawing Posterior Samples:  99%|█████████▉| 1502/1512 [01:24<00:01,  6.83step/s]
[Origin 8/13] 🎲 Drawing Posterior Samples:  99%|█████████▉| 1503/1512 [01:24<00:01,  6.73step/s]
[Origin 8/13] 🎲 Drawing Posterior Samples:  99%|█████████▉| 1504/1512 [01:25<00:01,  6.52step/s]
[Origin 8/13] 🎲 Drawing Posterior Samples: 100%|█████████▉| 1505/1512 [01:25<00:01,  6.11step/s]
[Origin 8/13] 🎲 Drawing Posterior Samples: 100%|█████████▉| 1506/1512 [01:25<00:01,  5.92step/s]
[Origin 8/13] 🎲 Drawing Posterior Samples: 100%|█████████▉| 1507/1512 [01:25<00:00,  5.47step/s]
[Origin 8/13] 🎲 Drawing Posterior Samples: 100%|█████████▉| 1508/1512 [01:25<00:00,  5.49step/s]
[Origin 8/13] 🎲 Drawing Posterior Samples: 100%|█████████▉| 1509/1512 [01:26<00:00,  4.98step/s]
[Origin 8/13] 🎲 Drawing Posterior Samples: 100%|█████████▉| 1510/1512 [01:26<00:00,  5.57step/s]
[Origin 8/13] 🎲 Drawing Posterior Samples: 100%|█████████▉| 1511/1512 [01:26<00:00,  5.99step/s]
[Origin 8/13] 🎲 Drawing Posterior Samples: 100%|██████████| 1512/1512 [01:26<00:00,  6.38step/s]
                                                                                                 

[Origin 9/13] 🎲 Drawing Posterior Samples:   0%|          | 0/1516 [00:00<?, ?step/s]
[Origin 9/13] 🎲 Drawing Posterior Samples:   0%|          | 7/1516 [00:00<00:23, 64.16step/s]
[Origin 9/13] 🎲 Drawing Posterior Samples:   1%|          | 17/1516 [00:00<00:18, 81.31step/s]
[Origin 9/13] 🎲 Drawing Posterior Samples:   2%|▏         | 26/1516 [00:00<00:19, 75.05step/s]
[Origin 9/13] 🎲 Drawing Posterior Samples:   2%|▏         | 34/1516 [00:00<00:20, 72.56step/s]
[Origin 9/13] 🎲 Drawing Posterior Samples:   3%|▎         | 42/1516 [00:00<00:20, 70.39step/s]
[Origin 9/13] 🎲 Drawing Posterior Samples:   3%|▎         | 50/1516 [00:00<00:22, 65.44step/s]
[Origin 9/13] 🎲 Drawing Posterior Samples:   4%|▍         | 57/1516 [00:00<00:24, 59.73step/s]
[Origin 9/13] 🎲 Drawing Posterior Samples:   4%|▍         | 64/1516 [00:01<00:25, 57.02step/s]
[Origin 9/13] 🎲 Drawing Posterior Samples:   5%|▍         | 70/1516 [00:01<00:26, 55.50step/s]
[Origin 9/13] 🎲 Drawing Posterior Samples:   5%|▌         | 76/1516 [00:01<00:26, 54.62step/s]
[Origin 9/13] 🎲 Drawing Posterior Samples:   5%|▌         | 82/1516 [00:01<00:26, 54.01step/s]
[Origin 9/13] 🎲 Drawing Posterior Samples:   6%|▌         | 88/1516 [00:01<00:26, 53.64step/s]
[Origin 9/13] 🎲 Drawing Posterior Samples:   6%|▌         | 94/1516 [00:01<00:26, 53.39step/s]
[Origin 9/13] 🎲 Drawing Posterior Samples:   7%|▋         | 100/1516 [00:01<00:26, 53.22step/s]
[Origin 9/13] 🎲 Drawing Posterior Samples:   7%|▋         | 106/1516 [00:01<00:26, 52.96step/s]
[Origin 9/13] 🎲 Drawing Posterior Samples:   7%|▋         | 112/1516 [00:01<00:26, 52.57step/s]
[Origin 9/13] 🎲 Drawing Posterior Samples:   8%|▊         | 118/1516 [00:02<00:26, 52.23step/s]
[Origin 9/13] 🎲 Drawing Posterior Samples:   8%|▊         | 124/1516 [00:02<00:26, 51.98step/s]
[Origin 9/13] 🎲 Drawing Posterior Samples:   9%|▊         | 130/1516 [00:02<00:26, 51.80step/s]
[Origin 9/13] 🎲 Drawing Posterior Samples:   9%|▉         | 136/1516 [00:02<00:26, 51.82step/s]
[Origin 9/13] 🎲 Drawing Posterior Samples:   9%|▉         | 142/1516 [00:02<00:26, 52.00step/s]
[Origin 9/13] 🎲 Drawing Posterior Samples:  10%|▉         | 148/1516 [00:02<00:26, 52.20step/s]
[Origin 9/13] 🎲 Drawing Posterior Samples:  10%|█         | 154/1516 [00:02<00:26, 52.30step/s]
[Origin 9/13] 🎲 Drawing Posterior Samples:  11%|█         | 160/1516 [00:02<00:25, 52.42step/s]
[Origin 9/13] 🎲 Drawing Posterior Samples:  11%|█         | 166/1516 [00:02<00:25, 52.44step/s]
[Origin 9/13] 🎲 Drawing Posterior Samples:  11%|█▏        | 172/1516 [00:03<00:25, 52.42step/s]
[Origin 9/13] 🎲 Drawing Posterior Samples:  12%|█▏        | 178/1516 [00:03<00:25, 52.38step/s]
[Origin 9/13] 🎲 Drawing Posterior Samples:  12%|█▏        | 184/1516 [00:03<00:25, 52.27step/s]
[Origin 9/13] 🎲 Drawing Posterior Samples:  13%|█▎        | 190/1516 [00:03<00:25, 52.15step/s]
[Origin 9/13] 🎲 Drawing Posterior Samples:  13%|█▎        | 196/1516 [00:03<00:25, 52.08step/s]
[Origin 9/13] 🎲 Drawing Posterior Samples:  13%|█▎        | 202/1516 [00:03<00:25, 52.13step/s]
[Origin 9/13] 🎲 Drawing Posterior Samples:  14%|█▎        | 208/1516 [00:03<00:25, 52.20step/s]
[Origin 9/13] 🎲 Drawing Posterior Samples:  14%|█▍        | 214/1516 [00:03<00:24, 52.24step/s]
[Origin 9/13] 🎲 Drawing Posterior Samples:  15%|█▍        | 220/1516 [00:03<00:24, 52.31step/s]
[Origin 9/13] 🎲 Drawing Posterior Samples:  15%|█▍        | 226/1516 [00:04<00:24, 52.16step/s]
[Origin 9/13] 🎲 Drawing Posterior Samples:  15%|█▌        | 232/1516 [00:04<00:24, 52.22step/s]
[Origin 9/13] 🎲 Drawing Posterior Samples:  16%|█▌        | 238/1516 [00:04<00:24, 52.26step/s]
[Origin 9/13] 🎲 Drawing Posterior Samples:  16%|█▌        | 244/1516 [00:04<00:24, 52.28step/s]
[Origin 9/13] 🎲 Drawing Posterior Samples:  16%|█▋        | 250/1516 [00:04<00:24, 52.30step/s]
[Origin 9/13] 🎲 Drawing Posterior Samples:  17%|█▋        | 256/1516 [00:04<00:24, 52.23step/s]
[Origin 9/13] 🎲 Drawing Posterior Samples:  17%|█▋        | 262/1516 [00:04<00:24, 52.20step/s]
[Origin 9/13] 🎲 Drawing Posterior Samples:  18%|█▊        | 268/1516 [00:04<00:23, 52.23step/s]
[Origin 9/13] 🎲 Drawing Posterior Samples:  18%|█▊        | 274/1516 [00:05<00:23, 52.28step/s]
[Origin 9/13] 🎲 Drawing Posterior Samples:  18%|█▊        | 280/1516 [00:05<00:23, 52.27step/s]
[Origin 9/13] 🎲 Drawing Posterior Samples:  19%|█▉        | 286/1516 [00:05<00:23, 52.31step/s]
[Origin 9/13] 🎲 Drawing Posterior Samples:  19%|█▉        | 292/1516 [00:05<00:23, 52.29step/s]
[Origin 9/13] 🎲 Drawing Posterior Samples:  20%|█▉        | 298/1516 [00:05<00:23, 52.31step/s]
[Origin 9/13] 🎲 Drawing Posterior Samples:  20%|██        | 304/1516 [00:05<00:23, 52.28step/s]
[Origin 9/13] 🎲 Drawing Posterior Samples:  20%|██        | 310/1516 [00:05<00:23, 52.23step/s]
[Origin 9/13] 🎲 Drawing Posterior Samples:  21%|██        | 316/1516 [00:05<00:22, 52.25step/s]
[Origin 9/13] 🎲 Drawing Posterior Samples:  21%|██        | 322/1516 [00:05<00:22, 52.20step/s]
[Origin 9/13] 🎲 Drawing Posterior Samples:  22%|██▏       | 328/1516 [00:06<00:22, 52.20step/s]
[Origin 9/13] 🎲 Drawing Posterior Samples:  22%|██▏       | 334/1516 [00:06<00:22, 52.21step/s]
[Origin 9/13] 🎲 Drawing Posterior Samples:  22%|██▏       | 340/1516 [00:06<00:22, 52.26step/s]
[Origin 9/13] 🎲 Drawing Posterior Samples:  23%|██▎       | 346/1516 [00:06<00:46, 25.16step/s]
[Origin 9/13] 🎲 Drawing Posterior Samples:  23%|██▎       | 350/1516 [00:07<01:12, 16.15step/s]
[Origin 9/13] 🎲 Drawing Posterior Samples:  23%|██▎       | 354/1516 [00:07<01:35, 12.21step/s]
[Origin 9/13] 🎲 Drawing Posterior Samples:  24%|██▎       | 357/1516 [00:08<01:41, 11.38step/s]
[Origin 9/13] 🎲 Drawing Posterior Samples:  24%|██▎       | 359/1516 [00:08<01:53, 10.21step/s]
[Origin 9/13] 🎲 Drawing Posterior Samples:  24%|██▍       | 361/1516 [00:08<02:07,  9.03step/s]
[Origin 9/13] 🎲 Drawing Posterior Samples:  24%|██▍       | 363/1516 [00:09<02:08,  9.00step/s]
[Origin 9/13] 🎲 Drawing Posterior Samples:  24%|██▍       | 365/1516 [00:09<02:26,  7.87step/s]
[Origin 9/13] 🎲 Drawing Posterior Samples:  24%|██▍       | 366/1516 [00:09<02:25,  7.89step/s]
[Origin 9/13] 🎲 Drawing Posterior Samples:  24%|██▍       | 367/1516 [00:09<02:21,  8.11step/s]
[Origin 9/13] 🎲 Drawing Posterior Samples:  24%|██▍       | 368/1516 [00:09<02:20,  8.20step/s]
[Origin 9/13] 🎲 Drawing Posterior Samples:  24%|██▍       | 369/1516 [00:09<02:20,  8.18step/s]
[Origin 9/13] 🎲 Drawing Posterior Samples:  24%|██▍       | 370/1516 [00:10<02:18,  8.29step/s]
[Origin 9/13] 🎲 Drawing Posterior Samples:  24%|██▍       | 371/1516 [00:10<02:14,  8.51step/s]
[Origin 9/13] 🎲 Drawing Posterior Samples:  25%|██▍       | 372/1516 [00:10<02:11,  8.72step/s]
[Origin 9/13] 🎲 Drawing Posterior Samples:  25%|██▍       | 373/1516 [00:10<02:15,  8.42step/s]
[Origin 9/13] 🎲 Drawing Posterior Samples:  25%|██▍       | 374/1516 [00:10<02:15,  8.42step/s]
[Origin 9/13] 🎲 Drawing Posterior Samples:  25%|██▍       | 375/1516 [00:10<02:16,  8.36step/s]
[Origin 9/13] 🎲 Drawing Posterior Samples:  25%|██▍       | 376/1516 [00:10<02:16,  8.35step/s]
[Origin 9/13] 🎲 Drawing Posterior Samples:  25%|██▍       | 377/1516 [00:10<02:19,  8.15step/s]
[Origin 9/13] 🎲 Drawing Posterior Samples:  25%|██▍       | 378/1516 [00:11<02:18,  8.23step/s]
[Origin 9/13] 🎲 Drawing Posterior Samples:  25%|██▌       | 379/1516 [00:11<02:15,  8.42step/s]
[Origin 9/13] 🎲 Drawing Posterior Samples:  25%|██▌       | 380/1516 [00:23<1:12:27,  3.83s/step]
[Origin 9/13] 🎲 Drawing Posterior Samples:  25%|██▌       | 386/1516 [00:23<20:32,  1.09s/step]  
[Origin 9/13] 🎲 Drawing Posterior Samples:  26%|██▌       | 392/1516 [00:23<10:15,  1.83step/s]
[Origin 9/13] 🎲 Drawing Posterior Samples:  26%|██▋       | 398/1516 [00:24<06:04,  3.07step/s]
[Origin 9/13] 🎲 Drawing Posterior Samples:  27%|██▋       | 404/1516 [00:24<03:54,  4.74step/s]
[Origin 9/13] 🎲 Drawing Posterior Samples:  27%|██▋       | 410/1516 [00:24<02:39,  6.95step/s]
[Origin 9/13] 🎲 Drawing Posterior Samples:  27%|██▋       | 416/1516 [00:24<01:52,  9.77step/s]
[Origin 9/13] 🎲 Drawing Posterior Samples:  28%|██▊       | 422/1516 [00:24<01:22, 13.25step/s]
[Origin 9/13] 🎲 Drawing Posterior Samples:  28%|██▊       | 428/1516 [00:24<01:02, 17.34step/s]
[Origin 9/13] 🎲 Drawing Posterior Samples:  29%|██▊       | 434/1516 [00:24<00:49, 21.87step/s]
[Origin 9/13] 🎲 Drawing Posterior Samples:  29%|██▉       | 440/1516 [00:24<00:40, 26.57step/s]
[Origin 9/13] 🎲 Drawing Posterior Samples:  29%|██▉       | 446/1516 [00:24<00:34, 31.17step/s]
[Origin 9/13] 🎲 Drawing Posterior Samples:  30%|██▉       | 452/1516 [00:25<00:30, 35.39step/s]
[Origin 9/13] 🎲 Drawing Posterior Samples:  30%|███       | 458/1516 [00:25<00:27, 39.05step/s]
[Origin 9/13] 🎲 Drawing Posterior Samples:  31%|███       | 464/1516 [00:25<00:24, 42.17step/s]
[Origin 9/13] 🎲 Drawing Posterior Samples:  31%|███       | 470/1516 [00:25<00:23, 44.79step/s]
[Origin 9/13] 🎲 Drawing Posterior Samples:  31%|███▏      | 476/1516 [00:25<00:22, 46.81step/s]
[Origin 9/13] 🎲 Drawing Posterior Samples:  32%|███▏      | 482/1516 [00:25<00:21, 48.39step/s]
[Origin 9/13] 🎲 Drawing Posterior Samples:  32%|███▏      | 488/1516 [00:25<00:20, 49.57step/s]
[Origin 9/13] 🎲 Drawing Posterior Samples:  33%|███▎      | 494/1516 [00:25<00:20, 50.42step/s]
[Origin 9/13] 🎲 Drawing Posterior Samples:  33%|███▎      | 500/1516 [00:26<00:19, 50.99step/s]
[Origin 9/13] 🎲 Drawing Posterior Samples:  33%|███▎      | 506/1516 [00:26<00:19, 51.32step/s]
[Origin 9/13] 🎲 Drawing Posterior Samples:  34%|███▍      | 512/1516 [00:26<00:19, 51.50step/s]
[Origin 9/13] 🎲 Drawing Posterior Samples:  34%|███▍      | 518/1516 [00:26<00:19, 51.57step/s]
[Origin 9/13] 🎲 Drawing Posterior Samples:  35%|███▍      | 524/1516 [00:26<00:19, 51.62step/s]
[Origin 9/13] 🎲 Drawing Posterior Samples:  35%|███▍      | 530/1516 [00:26<00:19, 51.73step/s]
[Origin 9/13] 🎲 Drawing Posterior Samples:  35%|███▌      | 536/1516 [00:26<00:18, 51.87step/s]
[Origin 9/13] 🎲 Drawing Posterior Samples:  36%|███▌      | 542/1516 [00:26<00:18, 52.01step/s]
[Origin 9/13] 🎲 Drawing Posterior Samples:  36%|███▌      | 548/1516 [00:26<00:18, 52.09step/s]
[Origin 9/13] 🎲 Drawing Posterior Samples:  37%|███▋      | 554/1516 [00:27<00:21, 43.98step/s]
[Origin 9/13] 🎲 Drawing Posterior Samples:  37%|███▋      | 560/1516 [00:27<00:20, 46.28step/s]
[Origin 9/13] 🎲 Drawing Posterior Samples:  37%|███▋      | 566/1516 [00:27<00:19, 47.84step/s]
[Origin 9/13] 🎲 Drawing Posterior Samples:  38%|███▊      | 572/1516 [00:27<00:19, 48.85step/s]
[Origin 9/13] 🎲 Drawing Posterior Samples:  38%|███▊      | 578/1516 [00:27<00:18, 49.61step/s]
[Origin 9/13] 🎲 Drawing Posterior Samples:  39%|███▊      | 584/1516 [00:27<00:18, 50.26step/s]
[Origin 9/13] 🎲 Drawing Posterior Samples:  39%|███▉      | 590/1516 [00:27<00:18, 50.81step/s]
[Origin 9/13] 🎲 Drawing Posterior Samples:  39%|███▉      | 596/1516 [00:27<00:17, 51.23step/s]
[Origin 9/13] 🎲 Drawing Posterior Samples:  40%|███▉      | 602/1516 [00:28<00:17, 51.46step/s]
[Origin 9/13] 🎲 Drawing Posterior Samples:  40%|████      | 608/1516 [00:28<00:17, 51.64step/s]
[Origin 9/13] 🎲 Drawing Posterior Samples:  41%|████      | 614/1516 [00:28<00:17, 51.87step/s]
[Origin 9/13] 🎲 Drawing Posterior Samples:  41%|████      | 620/1516 [00:28<00:17, 52.03step/s]
[Origin 9/13] 🎲 Drawing Posterior Samples:  41%|████▏     | 626/1516 [00:28<00:17, 52.08step/s]
[Origin 9/13] 🎲 Drawing Posterior Samples:  42%|████▏     | 632/1516 [00:28<00:16, 52.08step/s]
[Origin 9/13] 🎲 Drawing Posterior Samples:  42%|████▏     | 638/1516 [00:28<00:16, 52.06step/s]
[Origin 9/13] 🎲 Drawing Posterior Samples:  42%|████▏     | 644/1516 [00:28<00:16, 52.04step/s]
[Origin 9/13] 🎲 Drawing Posterior Samples:  43%|████▎     | 650/1516 [00:28<00:16, 52.01step/s]
[Origin 9/13] 🎲 Drawing Posterior Samples:  43%|████▎     | 656/1516 [00:29<00:16, 52.01step/s]
[Origin 9/13] 🎲 Drawing Posterior Samples:  44%|████▎     | 662/1516 [00:29<00:16, 52.03step/s]
[Origin 9/13] 🎲 Drawing Posterior Samples:  44%|████▍     | 668/1516 [00:29<00:16, 52.07step/s]
[Origin 9/13] 🎲 Drawing Posterior Samples:  44%|████▍     | 674/1516 [00:29<00:16, 52.12step/s]
[Origin 9/13] 🎲 Drawing Posterior Samples:  45%|████▍     | 680/1516 [00:29<00:16, 52.16step/s]
[Origin 9/13] 🎲 Drawing Posterior Samples:  45%|████▌     | 686/1516 [00:29<00:15, 52.18step/s]
[Origin 9/13] 🎲 Drawing Posterior Samples:  46%|████▌     | 692/1516 [00:29<00:15, 52.24step/s]
[Origin 9/13] 🎲 Drawing Posterior Samples:  46%|████▌     | 698/1516 [00:29<00:15, 52.19step/s]
[Origin 9/13] 🎲 Drawing Posterior Samples:  46%|████▋     | 704/1516 [00:30<00:15, 52.14step/s]
[Origin 9/13] 🎲 Drawing Posterior Samples:  47%|████▋     | 710/1516 [00:30<00:15, 52.14step/s]
[Origin 9/13] 🎲 Drawing Posterior Samples:  47%|████▋     | 716/1516 [00:30<00:15, 52.11step/s]
[Origin 9/13] 🎲 Drawing Posterior Samples:  48%|████▊     | 722/1516 [00:30<00:15, 52.08step/s]
[Origin 9/13] 🎲 Drawing Posterior Samples:  48%|████▊     | 728/1516 [00:31<00:43, 17.92step/s]
[Origin 9/13] 🎲 Drawing Posterior Samples:  48%|████▊     | 732/1516 [00:31<00:58, 13.46step/s]
[Origin 9/13] 🎲 Drawing Posterior Samples:  48%|████▊     | 735/1516 [00:32<01:05, 11.95step/s]
[Origin 9/13] 🎲 Drawing Posterior Samples:  49%|████▊     | 738/1516 [00:32<01:09, 11.23step/s]
[Origin 9/13] 🎲 Drawing Posterior Samples:  49%|████▉     | 740/1516 [00:32<01:13, 10.62step/s]
[Origin 9/13] 🎲 Drawing Posterior Samples:  49%|████▉     | 742/1516 [00:32<01:16, 10.14step/s]
[Origin 9/13] 🎲 Drawing Posterior Samples:  49%|████▉     | 744/1516 [00:33<01:20,  9.62step/s]
[Origin 9/13] 🎲 Drawing Posterior Samples:  49%|████▉     | 746/1516 [00:33<01:30,  8.54step/s]
[Origin 9/13] 🎲 Drawing Posterior Samples:  49%|████▉     | 748/1516 [00:33<01:57,  6.56step/s]
[Origin 9/13] 🎲 Drawing Posterior Samples:  49%|████▉     | 749/1516 [00:34<01:50,  6.92step/s]
[Origin 9/13] 🎲 Drawing Posterior Samples:  49%|████▉     | 750/1516 [00:34<01:45,  7.26step/s]
[Origin 9/13] 🎲 Drawing Posterior Samples:  50%|████▉     | 751/1516 [00:34<01:39,  7.66step/s]
[Origin 9/13] 🎲 Drawing Posterior Samples:  50%|████▉     | 752/1516 [00:34<01:36,  7.92step/s]
[Origin 9/13] 🎲 Drawing Posterior Samples:  50%|████▉     | 753/1516 [00:34<01:35,  8.00step/s]
[Origin 9/13] 🎲 Drawing Posterior Samples:  50%|████▉     | 754/1516 [00:34<01:34,  8.10step/s]
[Origin 9/13] 🎲 Drawing Posterior Samples:  50%|████▉     | 755/1516 [00:34<01:33,  8.12step/s]
[Origin 9/13] 🎲 Drawing Posterior Samples:  50%|████▉     | 756/1516 [00:34<01:36,  7.87step/s]
[Origin 9/13] 🎲 Drawing Posterior Samples:  50%|████▉     | 757/1516 [00:35<01:35,  7.95step/s]
[Origin 9/13] 🎲 Drawing Posterior Samples:  50%|█████     | 758/1516 [00:35<01:35,  7.93step/s]
[Origin 9/13] 🎲 Drawing Posterior Samples:  50%|█████     | 759/1516 [00:51<1:02:08,  4.93s/step]
[Origin 9/13] 🎲 Drawing Posterior Samples:  50%|█████     | 765/1516 [00:51<17:45,  1.42s/step]  
[Origin 9/13] 🎲 Drawing Posterior Samples:  51%|█████     | 775/1516 [00:51<06:34,  1.88step/s]
[Origin 9/13] 🎲 Drawing Posterior Samples:  52%|█████▏    | 782/1516 [00:52<04:03,  3.01step/s]
[Origin 9/13] 🎲 Drawing Posterior Samples:  52%|█████▏    | 789/1516 [00:52<02:39,  4.56step/s]
[Origin 9/13] 🎲 Drawing Posterior Samples:  53%|█████▎    | 796/1516 [00:52<01:48,  6.65step/s]
[Origin 9/13] 🎲 Drawing Posterior Samples:  53%|█████▎    | 803/1516 [00:52<01:15,  9.40step/s]
[Origin 9/13] 🎲 Drawing Posterior Samples:  53%|█████▎    | 810/1516 [00:52<00:54, 12.86step/s]
[Origin 9/13] 🎲 Drawing Posterior Samples:  54%|█████▍    | 817/1516 [00:52<00:41, 16.65step/s]
[Origin 9/13] 🎲 Drawing Posterior Samples:  54%|█████▍    | 823/1516 [00:52<00:33, 20.44step/s]
[Origin 9/13] 🎲 Drawing Posterior Samples:  55%|█████▍    | 829/1516 [00:52<00:27, 24.63step/s]
[Origin 9/13] 🎲 Drawing Posterior Samples:  55%|█████▌    | 835/1516 [00:52<00:23, 29.05step/s]
[Origin 9/13] 🎲 Drawing Posterior Samples:  55%|█████▌    | 841/1516 [00:53<00:20, 33.40step/s]
[Origin 9/13] 🎲 Drawing Posterior Samples:  56%|█████▌    | 847/1516 [00:53<00:17, 37.39step/s]
[Origin 9/13] 🎲 Drawing Posterior Samples:  56%|█████▋    | 853/1516 [00:53<00:16, 40.87step/s]
[Origin 9/13] 🎲 Drawing Posterior Samples:  57%|█████▋    | 859/1516 [00:53<00:15, 43.76step/s]
[Origin 9/13] 🎲 Drawing Posterior Samples:  57%|█████▋    | 865/1516 [00:53<00:14, 46.03step/s]
[Origin 9/13] 🎲 Drawing Posterior Samples:  57%|█████▋    | 871/1516 [00:53<00:13, 47.77step/s]
[Origin 9/13] 🎲 Drawing Posterior Samples:  58%|█████▊    | 877/1516 [00:53<00:13, 49.07step/s]
[Origin 9/13] 🎲 Drawing Posterior Samples:  58%|█████▊    | 883/1516 [00:53<00:12, 49.93step/s]
[Origin 9/13] 🎲 Drawing Posterior Samples:  59%|█████▊    | 889/1516 [00:54<00:12, 50.54step/s]
[Origin 9/13] 🎲 Drawing Posterior Samples:  59%|█████▉    | 895/1516 [00:54<00:12, 50.95step/s]
[Origin 9/13] 🎲 Drawing Posterior Samples:  59%|█████▉    | 901/1516 [00:54<00:12, 51.20step/s]
[Origin 9/13] 🎲 Drawing Posterior Samples:  60%|█████▉    | 907/1516 [00:54<00:11, 51.51step/s]
[Origin 9/13] 🎲 Drawing Posterior Samples:  60%|██████    | 913/1516 [00:54<00:11, 51.75step/s]
[Origin 9/13] 🎲 Drawing Posterior Samples:  61%|██████    | 919/1516 [00:54<00:11, 51.95step/s]
[Origin 9/13] 🎲 Drawing Posterior Samples:  61%|██████    | 925/1516 [00:54<00:11, 52.07step/s]
[Origin 9/13] 🎲 Drawing Posterior Samples:  61%|██████▏   | 931/1516 [00:54<00:11, 52.16step/s]
[Origin 9/13] 🎲 Drawing Posterior Samples:  62%|██████▏   | 937/1516 [00:54<00:11, 52.17step/s]
[Origin 9/13] 🎲 Drawing Posterior Samples:  62%|██████▏   | 943/1516 [00:55<00:10, 52.20step/s]
[Origin 9/13] 🎲 Drawing Posterior Samples:  63%|██████▎   | 949/1516 [00:55<00:10, 52.18step/s]
[Origin 9/13] 🎲 Drawing Posterior Samples:  63%|██████▎   | 955/1516 [00:55<00:10, 52.12step/s]
[Origin 9/13] 🎲 Drawing Posterior Samples:  63%|██████▎   | 961/1516 [00:55<00:10, 52.20step/s]
[Origin 9/13] 🎲 Drawing Posterior Samples:  64%|██████▍   | 967/1516 [00:55<00:10, 52.20step/s]
[Origin 9/13] 🎲 Drawing Posterior Samples:  64%|██████▍   | 973/1516 [00:55<00:10, 52.22step/s]
[Origin 9/13] 🎲 Drawing Posterior Samples:  65%|██████▍   | 979/1516 [00:55<00:10, 52.24step/s]
[Origin 9/13] 🎲 Drawing Posterior Samples:  65%|██████▍   | 985/1516 [00:55<00:10, 52.25step/s]
[Origin 9/13] 🎲 Drawing Posterior Samples:  65%|██████▌   | 991/1516 [00:55<00:10, 52.24step/s]
[Origin 9/13] 🎲 Drawing Posterior Samples:  66%|██████▌   | 997/1516 [00:56<00:09, 52.24step/s]
[Origin 9/13] 🎲 Drawing Posterior Samples:  66%|██████▌   | 1003/1516 [00:56<00:09, 52.28step/s]
[Origin 9/13] 🎲 Drawing Posterior Samples:  67%|██████▋   | 1009/1516 [00:56<00:09, 52.25step/s]
[Origin 9/13] 🎲 Drawing Posterior Samples:  67%|██████▋   | 1015/1516 [00:56<00:09, 52.25step/s]
[Origin 9/13] 🎲 Drawing Posterior Samples:  67%|██████▋   | 1021/1516 [00:56<00:09, 52.23step/s]
[Origin 9/13] 🎲 Drawing Posterior Samples:  68%|██████▊   | 1027/1516 [00:56<00:09, 52.23step/s]
[Origin 9/13] 🎲 Drawing Posterior Samples:  68%|██████▊   | 1033/1516 [00:56<00:09, 52.23step/s]
[Origin 9/13] 🎲 Drawing Posterior Samples:  69%|██████▊   | 1039/1516 [00:56<00:09, 52.26step/s]
[Origin 9/13] 🎲 Drawing Posterior Samples:  69%|██████▉   | 1045/1516 [00:57<00:09, 49.12step/s]
[Origin 9/13] 🎲 Drawing Posterior Samples:  69%|██████▉   | 1050/1516 [00:57<00:10, 44.66step/s]
[Origin 9/13] 🎲 Drawing Posterior Samples:  70%|██████▉   | 1056/1516 [00:57<00:09, 46.79step/s]
[Origin 9/13] 🎲 Drawing Posterior Samples:  70%|███████   | 1062/1516 [00:57<00:09, 48.28step/s]
[Origin 9/13] 🎲 Drawing Posterior Samples:  70%|███████   | 1068/1516 [00:57<00:09, 49.37step/s]
[Origin 9/13] 🎲 Drawing Posterior Samples:  71%|███████   | 1074/1516 [00:57<00:08, 50.20step/s]
[Origin 9/13] 🎲 Drawing Posterior Samples:  71%|███████   | 1080/1516 [00:57<00:08, 50.75step/s]
[Origin 9/13] 🎲 Drawing Posterior Samples:  72%|███████▏  | 1086/1516 [00:57<00:08, 51.17step/s]
[Origin 9/13] 🎲 Drawing Posterior Samples:  72%|███████▏  | 1092/1516 [00:57<00:08, 51.47step/s]
[Origin 9/13] 🎲 Drawing Posterior Samples:  72%|███████▏  | 1098/1516 [00:58<00:08, 51.56step/s]
[Origin 9/13] 🎲 Drawing Posterior Samples:  73%|███████▎  | 1104/1516 [00:58<00:16, 25.43step/s]
[Origin 9/13] 🎲 Drawing Posterior Samples:  73%|███████▎  | 1108/1516 [00:59<00:27, 14.65step/s]
[Origin 9/13] 🎲 Drawing Posterior Samples:  73%|███████▎  | 1111/1516 [00:59<00:31, 13.03step/s]
[Origin 9/13] 🎲 Drawing Posterior Samples:  73%|███████▎  | 1114/1516 [00:59<00:33, 11.93step/s]
[Origin 9/13] 🎲 Drawing Posterior Samples:  74%|███████▎  | 1116/1516 [01:00<00:36, 11.09step/s]
[Origin 9/13] 🎲 Drawing Posterior Samples:  74%|███████▎  | 1118/1516 [01:00<00:37, 10.59step/s]
[Origin 9/13] 🎲 Drawing Posterior Samples:  74%|███████▍  | 1120/1516 [01:00<00:38, 10.26step/s]
[Origin 9/13] 🎲 Drawing Posterior Samples:  74%|███████▍  | 1122/1516 [01:00<00:40,  9.62step/s]
[Origin 9/13] 🎲 Drawing Posterior Samples:  74%|███████▍  | 1124/1516 [01:01<00:43,  8.97step/s]
[Origin 9/13] 🎲 Drawing Posterior Samples:  74%|███████▍  | 1126/1516 [01:01<00:43,  8.95step/s]
[Origin 9/13] 🎲 Drawing Posterior Samples:  74%|███████▍  | 1127/1516 [01:01<00:44,  8.82step/s]
[Origin 9/13] 🎲 Drawing Posterior Samples:  74%|███████▍  | 1128/1516 [01:01<00:44,  8.75step/s]
[Origin 9/13] 🎲 Drawing Posterior Samples:  74%|███████▍  | 1129/1516 [01:01<00:43,  8.81step/s]
[Origin 9/13] 🎲 Drawing Posterior Samples:  75%|███████▍  | 1130/1516 [01:01<00:43,  8.81step/s]
[Origin 9/13] 🎲 Drawing Posterior Samples:  75%|███████▍  | 1131/1516 [01:01<00:44,  8.73step/s]
[Origin 9/13] 🎲 Drawing Posterior Samples:  75%|███████▍  | 1132/1516 [01:02<00:44,  8.68step/s]
[Origin 9/13] 🎲 Drawing Posterior Samples:  75%|███████▍  | 1133/1516 [01:02<00:43,  8.75step/s]
[Origin 9/13] 🎲 Drawing Posterior Samples:  75%|███████▍  | 1134/1516 [01:02<00:47,  8.08step/s]
[Origin 9/13] 🎲 Drawing Posterior Samples:  75%|███████▍  | 1135/1516 [01:02<00:47,  8.09step/s]
[Origin 9/13] 🎲 Drawing Posterior Samples:  75%|███████▍  | 1136/1516 [01:02<00:45,  8.33step/s]
[Origin 9/13] 🎲 Drawing Posterior Samples:  75%|███████▌  | 1137/1516 [01:02<00:46,  8.22step/s]
[Origin 9/13] 🎲 Drawing Posterior Samples:  75%|███████▌  | 1138/1516 [01:14<22:37,  3.59s/step]
[Origin 9/13] 🎲 Drawing Posterior Samples:  75%|███████▌  | 1144/1516 [01:14<06:23,  1.03s/step]
[Origin 9/13] 🎲 Drawing Posterior Samples:  76%|███████▌  | 1154/1516 [01:14<02:20,  2.58step/s]
[Origin 9/13] 🎲 Drawing Posterior Samples:  77%|███████▋  | 1161/1516 [01:14<01:26,  4.11step/s]
[Origin 9/13] 🎲 Drawing Posterior Samples:  77%|███████▋  | 1168/1516 [01:14<00:56,  6.17step/s]
[Origin 9/13] 🎲 Drawing Posterior Samples:  78%|███████▊  | 1175/1516 [01:15<00:38,  8.89step/s]
[Origin 9/13] 🎲 Drawing Posterior Samples:  78%|███████▊  | 1182/1516 [01:15<00:26, 12.38step/s]
[Origin 9/13] 🎲 Drawing Posterior Samples:  78%|███████▊  | 1189/1516 [01:15<00:20, 16.34step/s]
[Origin 9/13] 🎲 Drawing Posterior Samples:  79%|███████▉  | 1195/1516 [01:15<00:15, 20.14step/s]
[Origin 9/13] 🎲 Drawing Posterior Samples:  79%|███████▉  | 1201/1516 [01:15<00:12, 24.36step/s]
[Origin 9/13] 🎲 Drawing Posterior Samples:  80%|███████▉  | 1207/1516 [01:15<00:10, 28.77step/s]
[Origin 9/13] 🎲 Drawing Posterior Samples:  80%|████████  | 1213/1516 [01:15<00:09, 32.44step/s]
[Origin 9/13] 🎲 Drawing Posterior Samples:  80%|████████  | 1219/1516 [01:15<00:08, 36.54step/s]
[Origin 9/13] 🎲 Drawing Posterior Samples:  81%|████████  | 1225/1516 [01:16<00:07, 40.15step/s]
[Origin 9/13] 🎲 Drawing Posterior Samples:  81%|████████  | 1231/1516 [01:16<00:06, 43.13step/s]
[Origin 9/13] 🎲 Drawing Posterior Samples:  82%|████████▏ | 1237/1516 [01:16<00:06, 45.50step/s]
[Origin 9/13] 🎲 Drawing Posterior Samples:  82%|████████▏ | 1243/1516 [01:16<00:05, 47.39step/s]
[Origin 9/13] 🎲 Drawing Posterior Samples:  82%|████████▏ | 1249/1516 [01:16<00:05, 48.74step/s]
[Origin 9/13] 🎲 Drawing Posterior Samples:  83%|████████▎ | 1255/1516 [01:16<00:05, 49.65step/s]
[Origin 9/13] 🎲 Drawing Posterior Samples:  83%|████████▎ | 1261/1516 [01:16<00:05, 50.16step/s]
[Origin 9/13] 🎲 Drawing Posterior Samples:  84%|████████▎ | 1267/1516 [01:16<00:04, 50.48step/s]
[Origin 9/13] 🎲 Drawing Posterior Samples:  84%|████████▍ | 1273/1516 [01:16<00:04, 50.80step/s]
[Origin 9/13] 🎲 Drawing Posterior Samples:  84%|████████▍ | 1279/1516 [01:17<00:04, 51.21step/s]
[Origin 9/13] 🎲 Drawing Posterior Samples:  85%|████████▍ | 1285/1516 [01:17<00:04, 51.50step/s]
[Origin 9/13] 🎲 Drawing Posterior Samples:  85%|████████▌ | 1291/1516 [01:17<00:04, 51.77step/s]
[Origin 9/13] 🎲 Drawing Posterior Samples:  86%|████████▌ | 1297/1516 [01:17<00:04, 52.00step/s]
[Origin 9/13] 🎲 Drawing Posterior Samples:  86%|████████▌ | 1303/1516 [01:17<00:04, 52.13step/s]
[Origin 9/13] 🎲 Drawing Posterior Samples:  86%|████████▋ | 1309/1516 [01:17<00:03, 52.17step/s]
[Origin 9/13] 🎲 Drawing Posterior Samples:  87%|████████▋ | 1315/1516 [01:17<00:03, 52.10step/s]
[Origin 9/13] 🎲 Drawing Posterior Samples:  87%|████████▋ | 1321/1516 [01:17<00:03, 52.06step/s]
[Origin 9/13] 🎲 Drawing Posterior Samples:  88%|████████▊ | 1327/1516 [01:17<00:03, 51.90step/s]
[Origin 9/13] 🎲 Drawing Posterior Samples:  88%|████████▊ | 1333/1516 [01:18<00:03, 51.80step/s]
[Origin 9/13] 🎲 Drawing Posterior Samples:  88%|████████▊ | 1339/1516 [01:18<00:03, 51.85step/s]
[Origin 9/13] 🎲 Drawing Posterior Samples:  89%|████████▊ | 1345/1516 [01:18<00:03, 51.94step/s]
[Origin 9/13] 🎲 Drawing Posterior Samples:  89%|████████▉ | 1351/1516 [01:18<00:03, 52.04step/s]
[Origin 9/13] 🎲 Drawing Posterior Samples:  90%|████████▉ | 1357/1516 [01:18<00:03, 52.12step/s]
[Origin 9/13] 🎲 Drawing Posterior Samples:  90%|████████▉ | 1363/1516 [01:18<00:02, 52.18step/s]
[Origin 9/13] 🎲 Drawing Posterior Samples:  90%|█████████ | 1369/1516 [01:18<00:02, 52.19step/s]
[Origin 9/13] 🎲 Drawing Posterior Samples:  91%|█████████ | 1375/1516 [01:18<00:02, 52.22step/s]
[Origin 9/13] 🎲 Drawing Posterior Samples:  91%|█████████ | 1381/1516 [01:19<00:02, 52.18step/s]
[Origin 9/13] 🎲 Drawing Posterior Samples:  91%|█████████▏| 1387/1516 [01:19<00:02, 52.09step/s]
[Origin 9/13] 🎲 Drawing Posterior Samples:  92%|█████████▏| 1393/1516 [01:19<00:02, 51.94step/s]
[Origin 9/13] 🎲 Drawing Posterior Samples:  92%|█████████▏| 1399/1516 [01:19<00:02, 51.91step/s]
[Origin 9/13] 🎲 Drawing Posterior Samples:  93%|█████████▎| 1405/1516 [01:19<00:02, 51.89step/s]
[Origin 9/13] 🎲 Drawing Posterior Samples:  93%|█████████▎| 1411/1516 [01:19<00:02, 51.98step/s]
[Origin 9/13] 🎲 Drawing Posterior Samples:  93%|█████████▎| 1417/1516 [01:19<00:01, 52.05step/s]
[Origin 9/13] 🎲 Drawing Posterior Samples:  94%|█████████▍| 1423/1516 [01:19<00:01, 52.10step/s]
[Origin 9/13] 🎲 Drawing Posterior Samples:  94%|█████████▍| 1429/1516 [01:19<00:01, 52.14step/s]
[Origin 9/13] 🎲 Drawing Posterior Samples:  95%|█████████▍| 1435/1516 [01:20<00:01, 52.15step/s]
[Origin 9/13] 🎲 Drawing Posterior Samples:  95%|█████████▌| 1441/1516 [01:20<00:01, 52.19step/s]
[Origin 9/13] 🎲 Drawing Posterior Samples:  95%|█████████▌| 1447/1516 [01:20<00:01, 52.21step/s]
[Origin 9/13] 🎲 Drawing Posterior Samples:  96%|█████████▌| 1453/1516 [01:20<00:01, 52.13step/s]
[Origin 9/13] 🎲 Drawing Posterior Samples:  96%|█████████▌| 1459/1516 [01:20<00:01, 52.04step/s]
[Origin 9/13] 🎲 Drawing Posterior Samples:  97%|█████████▋| 1465/1516 [01:20<00:00, 52.01step/s]
[Origin 9/13] 🎲 Drawing Posterior Samples:  97%|█████████▋| 1471/1516 [01:20<00:00, 52.02step/s]
[Origin 9/13] 🎲 Drawing Posterior Samples:  97%|█████████▋| 1477/1516 [01:20<00:00, 52.06step/s]
[Origin 9/13] 🎲 Drawing Posterior Samples:  98%|█████████▊| 1483/1516 [01:21<00:01, 26.36step/s]
[Origin 9/13] 🎲 Drawing Posterior Samples:  98%|█████████▊| 1488/1516 [01:22<00:01, 16.01step/s]
[Origin 9/13] 🎲 Drawing Posterior Samples:  98%|█████████▊| 1492/1516 [01:22<00:01, 12.56step/s]
[Origin 9/13] 🎲 Drawing Posterior Samples:  99%|█████████▊| 1495/1516 [01:22<00:01, 11.06step/s]
[Origin 9/13] 🎲 Drawing Posterior Samples:  99%|█████████▊| 1497/1516 [01:23<00:01, 10.17step/s]
[Origin 9/13] 🎲 Drawing Posterior Samples:  99%|█████████▉| 1499/1516 [01:23<00:01,  9.20step/s]
[Origin 9/13] 🎲 Drawing Posterior Samples:  99%|█████████▉| 1501/1516 [01:23<00:01,  8.55step/s]
[Origin 9/13] 🎲 Drawing Posterior Samples:  99%|█████████▉| 1503/1516 [01:24<00:01,  7.66step/s]
[Origin 9/13] 🎲 Drawing Posterior Samples:  99%|█████████▉| 1504/1516 [01:24<00:01,  7.35step/s]
[Origin 9/13] 🎲 Drawing Posterior Samples:  99%|█████████▉| 1505/1516 [01:24<00:01,  7.15step/s]
[Origin 9/13] 🎲 Drawing Posterior Samples:  99%|█████████▉| 1506/1516 [01:24<00:01,  6.45step/s]
[Origin 9/13] 🎲 Drawing Posterior Samples:  99%|█████████▉| 1507/1516 [01:24<00:01,  6.34step/s]
[Origin 9/13] 🎲 Drawing Posterior Samples:  99%|█████████▉| 1508/1516 [01:25<00:01,  6.36step/s]
[Origin 9/13] 🎲 Drawing Posterior Samples: 100%|█████████▉| 1509/1516 [01:25<00:01,  5.97step/s]
[Origin 9/13] 🎲 Drawing Posterior Samples: 100%|█████████▉| 1510/1516 [01:25<00:01,  5.61step/s]
[Origin 9/13] 🎲 Drawing Posterior Samples: 100%|█████████▉| 1511/1516 [01:25<00:00,  5.69step/s]
[Origin 9/13] 🎲 Drawing Posterior Samples: 100%|█████████▉| 1512/1516 [01:25<00:00,  6.06step/s]
[Origin 9/13] 🎲 Drawing Posterior Samples: 100%|█████████▉| 1513/1516 [01:25<00:00,  6.32step/s]
[Origin 9/13] 🎲 Drawing Posterior Samples: 100%|█████████▉| 1514/1516 [01:26<00:00,  6.66step/s]
[Origin 9/13] 🎲 Drawing Posterior Samples: 100%|█████████▉| 1515/1516 [01:26<00:00,  6.88step/s]
[Origin 9/13] 🎲 Drawing Posterior Samples: 100%|██████████| 1516/1516 [01:26<00:00,  6.91step/s]
                                                                                                 

[Origin 10/13] 🎲 Drawing Posterior Samples:   0%|          | 0/1520 [00:00<?, ?step/s]
[Origin 10/13] 🎲 Drawing Posterior Samples:   0%|          | 7/1520 [00:00<00:25, 60.36step/s]
[Origin 10/13] 🎲 Drawing Posterior Samples:   1%|          | 14/1520 [00:00<00:27, 55.65step/s]
[Origin 10/13] 🎲 Drawing Posterior Samples:   1%|▏         | 20/1520 [00:00<00:27, 54.45step/s]
[Origin 10/13] 🎲 Drawing Posterior Samples:   2%|▏         | 26/1520 [00:00<00:27, 53.81step/s]
[Origin 10/13] 🎲 Drawing Posterior Samples:   2%|▏         | 32/1520 [00:00<00:27, 53.40step/s]
[Origin 10/13] 🎲 Drawing Posterior Samples:   2%|▎         | 38/1520 [00:00<00:27, 53.21step/s]
[Origin 10/13] 🎲 Drawing Posterior Samples:   3%|▎         | 44/1520 [00:00<00:27, 53.08step/s]
[Origin 10/13] 🎲 Drawing Posterior Samples:   3%|▎         | 50/1520 [00:00<00:27, 52.86step/s]
[Origin 10/13] 🎲 Drawing Posterior Samples:   4%|▎         | 56/1520 [00:01<00:27, 52.52step/s]
[Origin 10/13] 🎲 Drawing Posterior Samples:   4%|▍         | 62/1520 [00:01<00:27, 52.26step/s]
[Origin 10/13] 🎲 Drawing Posterior Samples:   4%|▍         | 68/1520 [00:01<00:27, 51.98step/s]
[Origin 10/13] 🎲 Drawing Posterior Samples:   5%|▍         | 74/1520 [00:01<00:27, 51.82step/s]
[Origin 10/13] 🎲 Drawing Posterior Samples:   5%|▌         | 80/1520 [00:01<00:27, 51.72step/s]
[Origin 10/13] 🎲 Drawing Posterior Samples:   6%|▌         | 86/1520 [00:01<00:27, 51.83step/s]
[Origin 10/13] 🎲 Drawing Posterior Samples:   6%|▌         | 92/1520 [00:01<00:27, 52.07step/s]
[Origin 10/13] 🎲 Drawing Posterior Samples:   6%|▋         | 98/1520 [00:01<00:27, 52.22step/s]
[Origin 10/13] 🎲 Drawing Posterior Samples:   7%|▋         | 104/1520 [00:01<00:27, 52.34step/s]
[Origin 10/13] 🎲 Drawing Posterior Samples:   7%|▋         | 110/1520 [00:02<00:26, 52.41step/s]
[Origin 10/13] 🎲 Drawing Posterior Samples:   8%|▊         | 116/1520 [00:02<00:26, 52.45step/s]
[Origin 10/13] 🎲 Drawing Posterior Samples:   8%|▊         | 122/1520 [00:02<00:26, 52.44step/s]
[Origin 10/13] 🎲 Drawing Posterior Samples:   8%|▊         | 128/1520 [00:02<00:26, 52.37step/s]
[Origin 10/13] 🎲 Drawing Posterior Samples:   9%|▉         | 134/1520 [00:02<00:26, 52.24step/s]
[Origin 10/13] 🎲 Drawing Posterior Samples:   9%|▉         | 140/1520 [00:02<00:26, 52.04step/s]
[Origin 10/13] 🎲 Drawing Posterior Samples:  10%|▉         | 146/1520 [00:02<00:26, 52.02step/s]
[Origin 10/13] 🎲 Drawing Posterior Samples:  10%|█         | 152/1520 [00:02<00:26, 52.09step/s]
[Origin 10/13] 🎲 Drawing Posterior Samples:  10%|█         | 158/1520 [00:03<00:26, 51.32step/s]
[Origin 10/13] 🎲 Drawing Posterior Samples:  11%|█         | 164/1520 [00:03<00:25, 52.18step/s]
[Origin 10/13] 🎲 Drawing Posterior Samples:  11%|█         | 170/1520 [00:03<00:25, 52.24step/s]
[Origin 10/13] 🎲 Drawing Posterior Samples:  12%|█▏        | 176/1520 [00:03<00:25, 52.26step/s]
[Origin 10/13] 🎲 Drawing Posterior Samples:  12%|█▏        | 182/1520 [00:03<00:25, 52.27step/s]
[Origin 10/13] 🎲 Drawing Posterior Samples:  12%|█▏        | 188/1520 [00:03<00:25, 52.28step/s]
[Origin 10/13] 🎲 Drawing Posterior Samples:  13%|█▎        | 194/1520 [00:03<00:25, 52.23step/s]
[Origin 10/13] 🎲 Drawing Posterior Samples:  13%|█▎        | 200/1520 [00:03<00:25, 52.20step/s]
[Origin 10/13] 🎲 Drawing Posterior Samples:  14%|█▎        | 206/1520 [00:03<00:25, 52.09step/s]
[Origin 10/13] 🎲 Drawing Posterior Samples:  14%|█▍        | 212/1520 [00:04<00:25, 52.07step/s]
[Origin 10/13] 🎲 Drawing Posterior Samples:  14%|█▍        | 218/1520 [00:04<00:24, 52.18step/s]
[Origin 10/13] 🎲 Drawing Posterior Samples:  15%|█▍        | 224/1520 [00:04<00:24, 52.24step/s]
[Origin 10/13] 🎲 Drawing Posterior Samples:  15%|█▌        | 230/1520 [00:04<00:24, 52.29step/s]
[Origin 10/13] 🎲 Drawing Posterior Samples:  16%|█▌        | 236/1520 [00:04<00:24, 52.26step/s]
[Origin 10/13] 🎲 Drawing Posterior Samples:  16%|█▌        | 242/1520 [00:04<00:24, 52.30step/s]
[Origin 10/13] 🎲 Drawing Posterior Samples:  16%|█▋        | 248/1520 [00:04<00:24, 52.26step/s]
[Origin 10/13] 🎲 Drawing Posterior Samples:  17%|█▋        | 254/1520 [00:04<00:24, 52.25step/s]
[Origin 10/13] 🎲 Drawing Posterior Samples:  17%|█▋        | 260/1520 [00:04<00:24, 52.22step/s]
[Origin 10/13] 🎲 Drawing Posterior Samples:  18%|█▊        | 266/1520 [00:05<00:24, 52.20step/s]
[Origin 10/13] 🎲 Drawing Posterior Samples:  18%|█▊        | 272/1520 [00:05<00:23, 52.16step/s]
[Origin 10/13] 🎲 Drawing Posterior Samples:  18%|█▊        | 278/1520 [00:05<00:23, 52.14step/s]
[Origin 10/13] 🎲 Drawing Posterior Samples:  19%|█▊        | 284/1520 [00:05<00:23, 52.20step/s]
[Origin 10/13] 🎲 Drawing Posterior Samples:  19%|█▉        | 290/1520 [00:05<00:23, 52.26step/s]
[Origin 10/13] 🎲 Drawing Posterior Samples:  19%|█▉        | 296/1520 [00:05<00:23, 52.26step/s]
[Origin 10/13] 🎲 Drawing Posterior Samples:  20%|█▉        | 302/1520 [00:05<00:23, 52.28step/s]
[Origin 10/13] 🎲 Drawing Posterior Samples:  20%|██        | 308/1520 [00:05<00:23, 52.34step/s]
[Origin 10/13] 🎲 Drawing Posterior Samples:  21%|██        | 314/1520 [00:05<00:23, 52.08step/s]
[Origin 10/13] 🎲 Drawing Posterior Samples:  21%|██        | 320/1520 [00:06<00:22, 52.39step/s]
[Origin 10/13] 🎲 Drawing Posterior Samples:  21%|██▏       | 326/1520 [00:06<00:22, 52.35step/s]
[Origin 10/13] 🎲 Drawing Posterior Samples:  22%|██▏       | 332/1520 [00:06<00:22, 52.32step/s]
[Origin 10/13] 🎲 Drawing Posterior Samples:  22%|██▏       | 338/1520 [00:06<00:22, 52.26step/s]
[Origin 10/13] 🎲 Drawing Posterior Samples:  23%|██▎       | 344/1520 [00:06<00:22, 52.22step/s]
[Origin 10/13] 🎲 Drawing Posterior Samples:  23%|██▎       | 350/1520 [00:07<00:57, 20.31step/s]
[Origin 10/13] 🎲 Drawing Posterior Samples:  23%|██▎       | 354/1520 [00:07<01:14, 15.67step/s]
[Origin 10/13] 🎲 Drawing Posterior Samples:  23%|██▎       | 357/1520 [00:08<01:24, 13.78step/s]
[Origin 10/13] 🎲 Drawing Posterior Samples:  24%|██▎       | 360/1520 [00:08<01:34, 12.30step/s]
[Origin 10/13] 🎲 Drawing Posterior Samples:  24%|██▍       | 362/1520 [00:08<01:42, 11.33step/s]
[Origin 10/13] 🎲 Drawing Posterior Samples:  24%|██▍       | 364/1520 [00:08<01:49, 10.60step/s]
[Origin 10/13] 🎲 Drawing Posterior Samples:  24%|██▍       | 366/1520 [00:09<01:52, 10.30step/s]
[Origin 10/13] 🎲 Drawing Posterior Samples:  24%|██▍       | 368/1520 [00:09<01:55, 10.01step/s]
[Origin 10/13] 🎲 Drawing Posterior Samples:  24%|██▍       | 370/1520 [00:09<01:57,  9.76step/s]
[Origin 10/13] 🎲 Drawing Posterior Samples:  24%|██▍       | 372/1520 [00:09<02:01,  9.48step/s]
[Origin 10/13] 🎲 Drawing Posterior Samples:  25%|██▍       | 374/1520 [00:10<02:03,  9.28step/s]
[Origin 10/13] 🎲 Drawing Posterior Samples:  25%|██▍       | 375/1520 [00:10<02:03,  9.24step/s]
[Origin 10/13] 🎲 Drawing Posterior Samples:  25%|██▍       | 376/1520 [00:10<02:04,  9.18step/s]
[Origin 10/13] 🎲 Drawing Posterior Samples:  25%|██▍       | 377/1520 [00:10<02:05,  9.10step/s]
[Origin 10/13] 🎲 Drawing Posterior Samples:  25%|██▍       | 378/1520 [00:10<02:04,  9.18step/s]
[Origin 10/13] 🎲 Drawing Posterior Samples:  25%|██▍       | 379/1520 [00:10<02:03,  9.20step/s]
[Origin 10/13] 🎲 Drawing Posterior Samples:  25%|██▌       | 380/1520 [00:10<02:06,  9.04step/s]
[Origin 10/13] 🎲 Drawing Posterior Samples:  25%|██▌       | 381/1520 [00:32<1:54:12,  6.02s/step]
[Origin 10/13] 🎲 Drawing Posterior Samples:  25%|██▌       | 387/1520 [00:32<34:12,  1.81s/step]  
[Origin 10/13] 🎲 Drawing Posterior Samples:  26%|██▌       | 393/1520 [00:32<17:11,  1.09step/s]
[Origin 10/13] 🎲 Drawing Posterior Samples:  26%|██▋       | 399/1520 [00:32<10:06,  1.85step/s]
[Origin 10/13] 🎲 Drawing Posterior Samples:  27%|██▋       | 405/1520 [00:32<06:26,  2.89step/s]
[Origin 10/13] 🎲 Drawing Posterior Samples:  27%|██▋       | 411/1520 [00:32<04:17,  4.30step/s]
[Origin 10/13] 🎲 Drawing Posterior Samples:  27%|██▋       | 417/1520 [00:33<02:58,  6.19step/s]
[Origin 10/13] 🎲 Drawing Posterior Samples:  28%|██▊       | 423/1520 [00:33<02:06,  8.64step/s]
[Origin 10/13] 🎲 Drawing Posterior Samples:  28%|██▊       | 429/1520 [00:33<01:33, 11.72step/s]
[Origin 10/13] 🎲 Drawing Posterior Samples:  29%|██▊       | 435/1520 [00:33<01:10, 15.44step/s]
[Origin 10/13] 🎲 Drawing Posterior Samples:  29%|██▉       | 441/1520 [00:33<00:54, 19.68step/s]
[Origin 10/13] 🎲 Drawing Posterior Samples:  29%|██▉       | 447/1520 [00:33<00:44, 24.25step/s]
[Origin 10/13] 🎲 Drawing Posterior Samples:  30%|██▉       | 453/1520 [00:33<00:36, 28.90step/s]
[Origin 10/13] 🎲 Drawing Posterior Samples:  30%|███       | 459/1520 [00:33<00:31, 33.33step/s]
[Origin 10/13] 🎲 Drawing Posterior Samples:  31%|███       | 465/1520 [00:33<00:28, 37.35step/s]
[Origin 10/13] 🎲 Drawing Posterior Samples:  31%|███       | 471/1520 [00:34<00:25, 40.88step/s]
[Origin 10/13] 🎲 Drawing Posterior Samples:  31%|███▏      | 477/1520 [00:34<00:23, 43.80step/s]
[Origin 10/13] 🎲 Drawing Posterior Samples:  32%|███▏      | 483/1520 [00:34<00:23, 44.72step/s]
[Origin 10/13] 🎲 Drawing Posterior Samples:  32%|███▏      | 489/1520 [00:34<00:22, 46.85step/s]
[Origin 10/13] 🎲 Drawing Posterior Samples:  33%|███▎      | 495/1520 [00:34<00:21, 48.42step/s]
[Origin 10/13] 🎲 Drawing Posterior Samples:  33%|███▎      | 501/1520 [00:34<00:20, 49.47step/s]
[Origin 10/13] 🎲 Drawing Posterior Samples:  33%|███▎      | 507/1520 [00:34<00:20, 50.26step/s]
[Origin 10/13] 🎲 Drawing Posterior Samples:  34%|███▍      | 513/1520 [00:34<00:19, 50.83step/s]
[Origin 10/13] 🎲 Drawing Posterior Samples:  34%|███▍      | 519/1520 [00:35<00:19, 51.16step/s]
[Origin 10/13] 🎲 Drawing Posterior Samples:  35%|███▍      | 525/1520 [00:35<00:19, 51.46step/s]
[Origin 10/13] 🎲 Drawing Posterior Samples:  35%|███▍      | 531/1520 [00:35<00:19, 51.67step/s]
[Origin 10/13] 🎲 Drawing Posterior Samples:  35%|███▌      | 537/1520 [00:35<00:18, 51.90step/s]
[Origin 10/13] 🎲 Drawing Posterior Samples:  36%|███▌      | 543/1520 [00:35<00:18, 52.04step/s]
[Origin 10/13] 🎲 Drawing Posterior Samples:  36%|███▌      | 549/1520 [00:35<00:18, 52.18step/s]
[Origin 10/13] 🎲 Drawing Posterior Samples:  37%|███▋      | 555/1520 [00:35<00:18, 52.28step/s]
[Origin 10/13] 🎲 Drawing Posterior Samples:  37%|███▋      | 561/1520 [00:35<00:18, 52.30step/s]
[Origin 10/13] 🎲 Drawing Posterior Samples:  37%|███▋      | 567/1520 [00:35<00:18, 52.26step/s]
[Origin 10/13] 🎲 Drawing Posterior Samples:  38%|███▊      | 573/1520 [00:36<00:18, 52.20step/s]
[Origin 10/13] 🎲 Drawing Posterior Samples:  38%|███▊      | 579/1520 [00:36<00:18, 52.16step/s]
[Origin 10/13] 🎲 Drawing Posterior Samples:  38%|███▊      | 585/1520 [00:36<00:17, 52.12step/s]
[Origin 10/13] 🎲 Drawing Posterior Samples:  39%|███▉      | 591/1520 [00:36<00:17, 52.14step/s]
[Origin 10/13] 🎲 Drawing Posterior Samples:  39%|███▉      | 597/1520 [00:36<00:17, 52.17step/s]
[Origin 10/13] 🎲 Drawing Posterior Samples:  40%|███▉      | 603/1520 [00:36<00:17, 52.18step/s]
[Origin 10/13] 🎲 Drawing Posterior Samples:  40%|████      | 609/1520 [00:36<00:17, 52.22step/s]
[Origin 10/13] 🎲 Drawing Posterior Samples:  40%|████      | 615/1520 [00:36<00:17, 52.25step/s]
[Origin 10/13] 🎲 Drawing Posterior Samples:  41%|████      | 621/1520 [00:36<00:17, 52.24step/s]
[Origin 10/13] 🎲 Drawing Posterior Samples:  41%|████▏     | 627/1520 [00:37<00:17, 52.25step/s]
[Origin 10/13] 🎲 Drawing Posterior Samples:  42%|████▏     | 633/1520 [00:37<00:16, 52.25step/s]
[Origin 10/13] 🎲 Drawing Posterior Samples:  42%|████▏     | 639/1520 [00:37<00:16, 52.23step/s]
[Origin 10/13] 🎲 Drawing Posterior Samples:  42%|████▏     | 645/1520 [00:37<00:16, 52.21step/s]
[Origin 10/13] 🎲 Drawing Posterior Samples:  43%|████▎     | 651/1520 [00:37<00:16, 52.25step/s]
[Origin 10/13] 🎲 Drawing Posterior Samples:  43%|████▎     | 657/1520 [00:37<00:16, 52.23step/s]
[Origin 10/13] 🎲 Drawing Posterior Samples:  44%|████▎     | 663/1520 [00:37<00:16, 52.25step/s]
[Origin 10/13] 🎲 Drawing Posterior Samples:  44%|████▍     | 669/1520 [00:37<00:16, 52.23step/s]
[Origin 10/13] 🎲 Drawing Posterior Samples:  44%|████▍     | 675/1520 [00:38<00:16, 52.22step/s]
[Origin 10/13] 🎲 Drawing Posterior Samples:  45%|████▍     | 681/1520 [00:38<00:16, 52.25step/s]
[Origin 10/13] 🎲 Drawing Posterior Samples:  45%|████▌     | 687/1520 [00:38<00:15, 52.23step/s]
[Origin 10/13] 🎲 Drawing Posterior Samples:  46%|████▌     | 693/1520 [00:38<00:15, 52.26step/s]
[Origin 10/13] 🎲 Drawing Posterior Samples:  46%|████▌     | 699/1520 [00:38<00:15, 52.25step/s]
[Origin 10/13] 🎲 Drawing Posterior Samples:  46%|████▋     | 705/1520 [00:38<00:15, 52.25step/s]
[Origin 10/13] 🎲 Drawing Posterior Samples:  47%|████▋     | 711/1520 [00:38<00:15, 52.24step/s]
[Origin 10/13] 🎲 Drawing Posterior Samples:  47%|████▋     | 717/1520 [00:38<00:15, 52.15step/s]
[Origin 10/13] 🎲 Drawing Posterior Samples:  48%|████▊     | 723/1520 [00:38<00:15, 52.20step/s]
[Origin 10/13] 🎲 Drawing Posterior Samples:  48%|████▊     | 729/1520 [00:39<00:43, 18.15step/s]
[Origin 10/13] 🎲 Drawing Posterior Samples:  48%|████▊     | 733/1520 [00:40<00:51, 15.25step/s]
[Origin 10/13] 🎲 Drawing Posterior Samples:  48%|████▊     | 737/1520 [00:40<01:02, 12.55step/s]
[Origin 10/13] 🎲 Drawing Posterior Samples:  49%|████▊     | 740/1520 [00:40<01:04, 12.08step/s]
[Origin 10/13] 🎲 Drawing Posterior Samples:  49%|████▉     | 742/1520 [00:41<01:08, 11.35step/s]
[Origin 10/13] 🎲 Drawing Posterior Samples:  49%|████▉     | 744/1520 [00:41<01:11, 10.80step/s]
[Origin 10/13] 🎲 Drawing Posterior Samples:  49%|████▉     | 746/1520 [00:41<01:15, 10.24step/s]
[Origin 10/13] 🎲 Drawing Posterior Samples:  49%|████▉     | 748/1520 [00:41<01:18,  9.86step/s]
[Origin 10/13] 🎲 Drawing Posterior Samples:  49%|████▉     | 750/1520 [00:42<01:25,  8.97step/s]
[Origin 10/13] 🎲 Drawing Posterior Samples:  49%|████▉     | 752/1520 [00:42<01:29,  8.61step/s]
[Origin 10/13] 🎲 Drawing Posterior Samples:  50%|████▉     | 753/1520 [00:42<01:31,  8.37step/s]
[Origin 10/13] 🎲 Drawing Posterior Samples:  50%|████▉     | 754/1520 [00:42<01:36,  7.93step/s]
[Origin 10/13] 🎲 Drawing Posterior Samples:  50%|████▉     | 755/1520 [00:42<01:42,  7.43step/s]
[Origin 10/13] 🎲 Drawing Posterior Samples:  50%|████▉     | 756/1520 [00:43<01:49,  6.95step/s]
[Origin 10/13] 🎲 Drawing Posterior Samples:  50%|████▉     | 757/1520 [00:43<01:52,  6.77step/s]
[Origin 10/13] 🎲 Drawing Posterior Samples:  50%|████▉     | 758/1520 [00:43<01:50,  6.88step/s]
[Origin 10/13] 🎲 Drawing Posterior Samples:  50%|████▉     | 759/1520 [00:43<01:48,  7.04step/s]
[Origin 10/13] 🎲 Drawing Posterior Samples:  50%|█████     | 760/1520 [00:43<01:52,  6.77step/s]
[Origin 10/13] 🎲 Drawing Posterior Samples:  50%|█████     | 761/1520 [00:55<44:18,  3.50s/step]
[Origin 10/13] 🎲 Drawing Posterior Samples:  50%|█████     | 767/1520 [00:55<12:55,  1.03s/step]
[Origin 10/13] 🎲 Drawing Posterior Samples:  51%|█████     | 773/1520 [00:55<06:29,  1.92step/s]
[Origin 10/13] 🎲 Drawing Posterior Samples:  51%|█████▏    | 779/1520 [00:55<03:50,  3.22step/s]
[Origin 10/13] 🎲 Drawing Posterior Samples:  52%|█████▏    | 785/1520 [00:55<02:28,  4.96step/s]
[Origin 10/13] 🎲 Drawing Posterior Samples:  52%|█████▏    | 791/1520 [00:56<01:40,  7.24step/s]
[Origin 10/13] 🎲 Drawing Posterior Samples:  52%|█████▏    | 797/1520 [00:56<01:11, 10.15step/s]
[Origin 10/13] 🎲 Drawing Posterior Samples:  53%|█████▎    | 803/1520 [00:56<00:52, 13.71step/s]
[Origin 10/13] 🎲 Drawing Posterior Samples:  53%|█████▎    | 809/1520 [00:56<00:39, 17.87step/s]
[Origin 10/13] 🎲 Drawing Posterior Samples:  54%|█████▎    | 815/1520 [00:56<00:31, 22.48step/s]
[Origin 10/13] 🎲 Drawing Posterior Samples:  54%|█████▍    | 821/1520 [00:56<00:25, 27.22step/s]
[Origin 10/13] 🎲 Drawing Posterior Samples:  54%|█████▍    | 827/1520 [00:56<00:21, 31.82step/s]
[Origin 10/13] 🎲 Drawing Posterior Samples:  55%|█████▍    | 833/1520 [00:56<00:19, 36.00step/s]
[Origin 10/13] 🎲 Drawing Posterior Samples:  55%|█████▌    | 839/1520 [00:57<00:17, 39.62step/s]
[Origin 10/13] 🎲 Drawing Posterior Samples:  56%|█████▌    | 845/1520 [00:57<00:15, 42.69step/s]
[Origin 10/13] 🎲 Drawing Posterior Samples:  56%|█████▌    | 851/1520 [00:57<00:14, 45.21step/s]
[Origin 10/13] 🎲 Drawing Posterior Samples:  56%|█████▋    | 857/1520 [00:57<00:14, 47.23step/s]
[Origin 10/13] 🎲 Drawing Posterior Samples:  57%|█████▋    | 863/1520 [00:57<00:13, 48.73step/s]
[Origin 10/13] 🎲 Drawing Posterior Samples:  57%|█████▋    | 869/1520 [00:57<00:13, 49.85step/s]
[Origin 10/13] 🎲 Drawing Posterior Samples:  58%|█████▊    | 875/1520 [00:57<00:12, 50.66step/s]
[Origin 10/13] 🎲 Drawing Posterior Samples:  58%|█████▊    | 881/1520 [00:57<00:12, 51.11step/s]
[Origin 10/13] 🎲 Drawing Posterior Samples:  58%|█████▊    | 887/1520 [00:57<00:12, 51.39step/s]
[Origin 10/13] 🎲 Drawing Posterior Samples:  59%|█████▉    | 893/1520 [00:58<00:12, 51.39step/s]
[Origin 10/13] 🎲 Drawing Posterior Samples:  59%|█████▉    | 899/1520 [00:58<00:12, 51.40step/s]
[Origin 10/13] 🎲 Drawing Posterior Samples:  60%|█████▉    | 905/1520 [00:58<00:11, 51.37step/s]
[Origin 10/13] 🎲 Drawing Posterior Samples:  60%|█████▉    | 911/1520 [00:58<00:11, 51.49step/s]
[Origin 10/13] 🎲 Drawing Posterior Samples:  60%|██████    | 917/1520 [00:58<00:11, 51.72step/s]
[Origin 10/13] 🎲 Drawing Posterior Samples:  61%|██████    | 923/1520 [00:58<00:11, 51.92step/s]
[Origin 10/13] 🎲 Drawing Posterior Samples:  61%|██████    | 929/1520 [00:58<00:11, 52.11step/s]
[Origin 10/13] 🎲 Drawing Posterior Samples:  62%|██████▏   | 935/1520 [00:58<00:11, 52.20step/s]
[Origin 10/13] 🎲 Drawing Posterior Samples:  62%|██████▏   | 941/1520 [00:58<00:11, 52.30step/s]
[Origin 10/13] 🎲 Drawing Posterior Samples:  62%|██████▏   | 947/1520 [00:59<00:10, 52.33step/s]
[Origin 10/13] 🎲 Drawing Posterior Samples:  63%|██████▎   | 953/1520 [00:59<00:10, 52.26step/s]
[Origin 10/13] 🎲 Drawing Posterior Samples:  63%|██████▎   | 959/1520 [00:59<00:10, 52.21step/s]
[Origin 10/13] 🎲 Drawing Posterior Samples:  63%|██████▎   | 965/1520 [00:59<00:10, 52.06step/s]
[Origin 10/13] 🎲 Drawing Posterior Samples:  64%|██████▍   | 971/1520 [00:59<00:10, 52.01step/s]
[Origin 10/13] 🎲 Drawing Posterior Samples:  64%|██████▍   | 977/1520 [00:59<00:10, 52.03step/s]
[Origin 10/13] 🎲 Drawing Posterior Samples:  65%|██████▍   | 983/1520 [00:59<00:10, 52.10step/s]
[Origin 10/13] 🎲 Drawing Posterior Samples:  65%|██████▌   | 989/1520 [00:59<00:10, 52.13step/s]
[Origin 10/13] 🎲 Drawing Posterior Samples:  65%|██████▌   | 995/1520 [01:00<00:10, 52.16step/s]
[Origin 10/13] 🎲 Drawing Posterior Samples:  66%|██████▌   | 1001/1520 [01:00<00:09, 52.25step/s]
[Origin 10/13] 🎲 Drawing Posterior Samples:  66%|██████▋   | 1007/1520 [01:00<00:09, 52.24step/s]
[Origin 10/13] 🎲 Drawing Posterior Samples:  67%|██████▋   | 1013/1520 [01:00<00:09, 52.09step/s]
[Origin 10/13] 🎲 Drawing Posterior Samples:  67%|██████▋   | 1019/1520 [01:00<00:09, 52.10step/s]
[Origin 10/13] 🎲 Drawing Posterior Samples:  67%|██████▋   | 1025/1520 [01:00<00:09, 52.13step/s]
[Origin 10/13] 🎲 Drawing Posterior Samples:  68%|██████▊   | 1031/1520 [01:00<00:09, 52.11step/s]
[Origin 10/13] 🎲 Drawing Posterior Samples:  68%|██████▊   | 1037/1520 [01:00<00:09, 52.11step/s]
[Origin 10/13] 🎲 Drawing Posterior Samples:  69%|██████▊   | 1043/1520 [01:00<00:09, 52.16step/s]
[Origin 10/13] 🎲 Drawing Posterior Samples:  69%|██████▉   | 1049/1520 [01:01<00:09, 52.19step/s]
[Origin 10/13] 🎲 Drawing Posterior Samples:  69%|██████▉   | 1055/1520 [01:01<00:08, 52.18step/s]
[Origin 10/13] 🎲 Drawing Posterior Samples:  70%|██████▉   | 1061/1520 [01:01<00:08, 52.23step/s]
[Origin 10/13] 🎲 Drawing Posterior Samples:  70%|███████   | 1067/1520 [01:01<00:08, 52.23step/s]
[Origin 10/13] 🎲 Drawing Posterior Samples:  71%|███████   | 1073/1520 [01:01<00:08, 52.25step/s]
[Origin 10/13] 🎲 Drawing Posterior Samples:  71%|███████   | 1079/1520 [01:01<00:08, 52.24step/s]
[Origin 10/13] 🎲 Drawing Posterior Samples:  71%|███████▏  | 1085/1520 [01:01<00:08, 52.24step/s]
[Origin 10/13] 🎲 Drawing Posterior Samples:  72%|███████▏  | 1091/1520 [01:01<00:08, 52.25step/s]
[Origin 10/13] 🎲 Drawing Posterior Samples:  72%|███████▏  | 1097/1520 [01:01<00:08, 52.22step/s]
[Origin 10/13] 🎲 Drawing Posterior Samples:  73%|███████▎  | 1103/1520 [01:02<00:07, 52.26step/s]
[Origin 10/13] 🎲 Drawing Posterior Samples:  73%|███████▎  | 1109/1520 [01:02<00:17, 23.02step/s]
[Origin 10/13] 🎲 Drawing Posterior Samples:  73%|███████▎  | 1113/1520 [01:03<00:23, 17.64step/s]
[Origin 10/13] 🎲 Drawing Posterior Samples:  73%|███████▎  | 1117/1520 [01:03<00:28, 14.00step/s]
[Origin 10/13] 🎲 Drawing Posterior Samples:  74%|███████▎  | 1120/1520 [01:03<00:32, 12.43step/s]
[Origin 10/13] 🎲 Drawing Posterior Samples:  74%|███████▍  | 1122/1520 [01:04<00:33, 11.77step/s]
[Origin 10/13] 🎲 Drawing Posterior Samples:  74%|███████▍  | 1124/1520 [01:04<00:35, 11.17step/s]
[Origin 10/13] 🎲 Drawing Posterior Samples:  74%|███████▍  | 1126/1520 [01:04<00:37, 10.54step/s]
[Origin 10/13] 🎲 Drawing Posterior Samples:  74%|███████▍  | 1128/1520 [01:04<00:38, 10.14step/s]
[Origin 10/13] 🎲 Drawing Posterior Samples:  74%|███████▍  | 1130/1520 [01:05<00:40,  9.55step/s]
[Origin 10/13] 🎲 Drawing Posterior Samples:  74%|███████▍  | 1132/1520 [01:05<00:41,  9.39step/s]
[Origin 10/13] 🎲 Drawing Posterior Samples:  75%|███████▍  | 1134/1520 [01:05<00:40,  9.45step/s]
[Origin 10/13] 🎲 Drawing Posterior Samples:  75%|███████▍  | 1135/1520 [01:05<00:40,  9.49step/s]
[Origin 10/13] 🎲 Drawing Posterior Samples:  75%|███████▍  | 1136/1520 [01:05<00:41,  9.24step/s]
[Origin 10/13] 🎲 Drawing Posterior Samples:  75%|███████▍  | 1137/1520 [01:05<00:42,  9.06step/s]
[Origin 10/13] 🎲 Drawing Posterior Samples:  75%|███████▍  | 1138/1520 [01:05<00:43,  8.71step/s]
[Origin 10/13] 🎲 Drawing Posterior Samples:  75%|███████▍  | 1139/1520 [01:06<00:43,  8.73step/s]
[Origin 10/13] 🎲 Drawing Posterior Samples:  75%|███████▌  | 1140/1520 [01:06<00:44,  8.55step/s]
[Origin 10/13] 🎲 Drawing Posterior Samples:  75%|███████▌  | 1141/1520 [01:18<21:51,  3.46s/step]
[Origin 10/13] 🎲 Drawing Posterior Samples:  75%|███████▌  | 1147/1520 [01:18<06:31,  1.05s/step]
[Origin 10/13] 🎲 Drawing Posterior Samples:  76%|███████▌  | 1153/1520 [01:18<03:15,  1.87step/s]
[Origin 10/13] 🎲 Drawing Posterior Samples:  76%|███████▋  | 1159/1520 [01:18<01:55,  3.13step/s]
[Origin 10/13] 🎲 Drawing Posterior Samples:  77%|███████▋  | 1165/1520 [01:19<01:13,  4.83step/s]
[Origin 10/13] 🎲 Drawing Posterior Samples:  77%|███████▋  | 1171/1520 [01:19<00:49,  7.06step/s]
[Origin 10/13] 🎲 Drawing Posterior Samples:  77%|███████▋  | 1177/1520 [01:19<00:34,  9.91step/s]
[Origin 10/13] 🎲 Drawing Posterior Samples:  78%|███████▊  | 1183/1520 [01:19<00:25, 13.41step/s]
[Origin 10/13] 🎲 Drawing Posterior Samples:  78%|███████▊  | 1189/1520 [01:19<00:18, 17.52step/s]
[Origin 10/13] 🎲 Drawing Posterior Samples:  79%|███████▊  | 1195/1520 [01:19<00:14, 22.07step/s]
[Origin 10/13] 🎲 Drawing Posterior Samples:  79%|███████▉  | 1201/1520 [01:19<00:11, 26.78step/s]
[Origin 10/13] 🎲 Drawing Posterior Samples:  79%|███████▉  | 1207/1520 [01:19<00:09, 31.37step/s]
[Origin 10/13] 🎲 Drawing Posterior Samples:  80%|███████▉  | 1213/1520 [01:19<00:08, 35.56step/s]
[Origin 10/13] 🎲 Drawing Posterior Samples:  80%|████████  | 1219/1520 [01:20<00:07, 39.20step/s]
[Origin 10/13] 🎲 Drawing Posterior Samples:  81%|████████  | 1225/1520 [01:20<00:06, 42.23step/s]
[Origin 10/13] 🎲 Drawing Posterior Samples:  81%|████████  | 1231/1520 [01:20<00:06, 44.79step/s]
[Origin 10/13] 🎲 Drawing Posterior Samples:  81%|████████▏ | 1237/1520 [01:20<00:06, 46.85step/s]
[Origin 10/13] 🎲 Drawing Posterior Samples:  82%|████████▏ | 1243/1520 [01:20<00:05, 48.41step/s]
[Origin 10/13] 🎲 Drawing Posterior Samples:  82%|████████▏ | 1249/1520 [01:20<00:05, 49.57step/s]
[Origin 10/13] 🎲 Drawing Posterior Samples:  83%|████████▎ | 1255/1520 [01:20<00:05, 50.41step/s]
[Origin 10/13] 🎲 Drawing Posterior Samples:  83%|████████▎ | 1261/1520 [01:20<00:05, 51.02step/s]
[Origin 10/13] 🎲 Drawing Posterior Samples:  83%|████████▎ | 1267/1520 [01:20<00:04, 51.42step/s]
[Origin 10/13] 🎲 Drawing Posterior Samples:  84%|████████▍ | 1273/1520 [01:21<00:04, 51.66step/s]
[Origin 10/13] 🎲 Drawing Posterior Samples:  84%|████████▍ | 1279/1520 [01:21<00:04, 51.75step/s]
[Origin 10/13] 🎲 Drawing Posterior Samples:  85%|████████▍ | 1285/1520 [01:21<00:04, 51.76step/s]
[Origin 10/13] 🎲 Drawing Posterior Samples:  85%|████████▍ | 1291/1520 [01:21<00:04, 51.85step/s]
[Origin 10/13] 🎲 Drawing Posterior Samples:  85%|████████▌ | 1297/1520 [01:21<00:04, 51.97step/s]
[Origin 10/13] 🎲 Drawing Posterior Samples:  86%|████████▌ | 1303/1520 [01:21<00:04, 52.06step/s]
[Origin 10/13] 🎲 Drawing Posterior Samples:  86%|████████▌ | 1309/1520 [01:21<00:04, 52.11step/s]
[Origin 10/13] 🎲 Drawing Posterior Samples:  87%|████████▋ | 1315/1520 [01:21<00:03, 52.14step/s]
[Origin 10/13] 🎲 Drawing Posterior Samples:  87%|████████▋ | 1321/1520 [01:21<00:03, 52.19step/s]
[Origin 10/13] 🎲 Drawing Posterior Samples:  87%|████████▋ | 1327/1520 [01:22<00:03, 52.19step/s]
[Origin 10/13] 🎲 Drawing Posterior Samples:  88%|████████▊ | 1333/1520 [01:22<00:03, 52.22step/s]
[Origin 10/13] 🎲 Drawing Posterior Samples:  88%|████████▊ | 1339/1520 [01:22<00:03, 52.23step/s]
[Origin 10/13] 🎲 Drawing Posterior Samples:  88%|████████▊ | 1345/1520 [01:22<00:03, 52.21step/s]
[Origin 10/13] 🎲 Drawing Posterior Samples:  89%|████████▉ | 1351/1520 [01:22<00:03, 52.21step/s]
[Origin 10/13] 🎲 Drawing Posterior Samples:  89%|████████▉ | 1357/1520 [01:22<00:03, 52.19step/s]
[Origin 10/13] 🎲 Drawing Posterior Samples:  90%|████████▉ | 1363/1520 [01:22<00:03, 52.21step/s]
[Origin 10/13] 🎲 Drawing Posterior Samples:  90%|█████████ | 1369/1520 [01:22<00:02, 52.23step/s]
[Origin 10/13] 🎲 Drawing Posterior Samples:  90%|█████████ | 1375/1520 [01:23<00:02, 52.22step/s]
[Origin 10/13] 🎲 Drawing Posterior Samples:  91%|█████████ | 1381/1520 [01:23<00:02, 52.23step/s]
[Origin 10/13] 🎲 Drawing Posterior Samples:  91%|█████████▏| 1387/1520 [01:23<00:02, 52.20step/s]
[Origin 10/13] 🎲 Drawing Posterior Samples:  92%|█████████▏| 1393/1520 [01:23<00:02, 52.21step/s]
[Origin 10/13] 🎲 Drawing Posterior Samples:  92%|█████████▏| 1399/1520 [01:23<00:02, 52.26step/s]
[Origin 10/13] 🎲 Drawing Posterior Samples:  92%|█████████▏| 1405/1520 [01:23<00:02, 52.23step/s]
[Origin 10/13] 🎲 Drawing Posterior Samples:  93%|█████████▎| 1411/1520 [01:23<00:02, 52.15step/s]
[Origin 10/13] 🎲 Drawing Posterior Samples:  93%|█████████▎| 1417/1520 [01:23<00:01, 52.13step/s]
[Origin 10/13] 🎲 Drawing Posterior Samples:  94%|█████████▎| 1423/1520 [01:23<00:01, 52.15step/s]
[Origin 10/13] 🎲 Drawing Posterior Samples:  94%|█████████▍| 1429/1520 [01:24<00:01, 52.10step/s]
[Origin 10/13] 🎲 Drawing Posterior Samples:  94%|█████████▍| 1435/1520 [01:24<00:01, 52.14step/s]
[Origin 10/13] 🎲 Drawing Posterior Samples:  95%|█████████▍| 1441/1520 [01:24<00:01, 52.16step/s]
[Origin 10/13] 🎲 Drawing Posterior Samples:  95%|█████████▌| 1447/1520 [01:24<00:01, 52.20step/s]
[Origin 10/13] 🎲 Drawing Posterior Samples:  96%|█████████▌| 1453/1520 [01:24<00:01, 52.19step/s]
[Origin 10/13] 🎲 Drawing Posterior Samples:  96%|█████████▌| 1459/1520 [01:24<00:01, 52.23step/s]
[Origin 10/13] 🎲 Drawing Posterior Samples:  96%|█████████▋| 1465/1520 [01:24<00:01, 52.23step/s]
[Origin 10/13] 🎲 Drawing Posterior Samples:  97%|█████████▋| 1471/1520 [01:24<00:00, 52.24step/s]
[Origin 10/13] 🎲 Drawing Posterior Samples:  97%|█████████▋| 1477/1520 [01:24<00:00, 52.22step/s]
[Origin 10/13] 🎲 Drawing Posterior Samples:  98%|█████████▊| 1483/1520 [01:25<00:00, 52.19step/s]
[Origin 10/13] 🎲 Drawing Posterior Samples:  98%|█████████▊| 1489/1520 [01:25<00:01, 22.72step/s]
[Origin 10/13] 🎲 Drawing Posterior Samples:  98%|█████████▊| 1493/1520 [01:26<00:02, 12.09step/s]
[Origin 10/13] 🎲 Drawing Posterior Samples:  98%|█████████▊| 1496/1520 [01:26<00:02, 11.25step/s]
[Origin 10/13] 🎲 Drawing Posterior Samples:  99%|█████████▊| 1499/1520 [01:27<00:01, 10.64step/s]
[Origin 10/13] 🎲 Drawing Posterior Samples:  99%|█████████▉| 1501/1520 [01:27<00:01, 10.31step/s]
[Origin 10/13] 🎲 Drawing Posterior Samples:  99%|█████████▉| 1503/1520 [01:27<00:01, 10.01step/s]
[Origin 10/13] 🎲 Drawing Posterior Samples:  99%|█████████▉| 1505/1520 [01:27<00:01,  9.42step/s]
[Origin 10/13] 🎲 Drawing Posterior Samples:  99%|█████████▉| 1507/1520 [01:28<00:01,  9.01step/s]
[Origin 10/13] 🎲 Drawing Posterior Samples:  99%|█████████▉| 1509/1520 [01:28<00:01,  9.05step/s]
[Origin 10/13] 🎲 Drawing Posterior Samples:  99%|█████████▉| 1511/1520 [01:28<00:01,  8.87step/s]
[Origin 10/13] 🎲 Drawing Posterior Samples:  99%|█████████▉| 1512/1520 [01:28<00:00,  8.70step/s]
[Origin 10/13] 🎲 Drawing Posterior Samples: 100%|█████████▉| 1513/1520 [01:28<00:00,  8.55step/s]
[Origin 10/13] 🎲 Drawing Posterior Samples: 100%|█████████▉| 1514/1520 [01:29<00:00,  8.62step/s]
[Origin 10/13] 🎲 Drawing Posterior Samples: 100%|█████████▉| 1515/1520 [01:29<00:00,  8.78step/s]
[Origin 10/13] 🎲 Drawing Posterior Samples: 100%|█████████▉| 1517/1520 [01:29<00:00,  8.94step/s]
[Origin 10/13] 🎲 Drawing Posterior Samples: 100%|█████████▉| 1518/1520 [01:29<00:00,  8.82step/s]
[Origin 10/13] 🎲 Drawing Posterior Samples: 100%|█████████▉| 1519/1520 [01:29<00:00,  8.44step/s]
[Origin 10/13] 🎲 Drawing Posterior Samples: 100%|██████████| 1520/1520 [01:29<00:00,  8.64step/s]
                                                                                                  

[Origin 11/13] 🎲 Drawing Posterior Samples:   0%|          | 0/1524 [00:00<?, ?step/s]
[Origin 11/13] 🎲 Drawing Posterior Samples:   0%|          | 7/1524 [00:00<00:25, 59.66step/s]
[Origin 11/13] 🎲 Drawing Posterior Samples:   1%|          | 13/1524 [00:00<00:27, 55.48step/s]
[Origin 11/13] 🎲 Drawing Posterior Samples:   1%|          | 19/1524 [00:00<00:27, 54.23step/s]
[Origin 11/13] 🎲 Drawing Posterior Samples:   2%|▏         | 25/1524 [00:00<00:27, 53.63step/s]
[Origin 11/13] 🎲 Drawing Posterior Samples:   2%|▏         | 31/1524 [00:00<00:27, 53.33step/s]
[Origin 11/13] 🎲 Drawing Posterior Samples:   2%|▏         | 37/1524 [00:00<00:28, 53.10step/s]
[Origin 11/13] 🎲 Drawing Posterior Samples:   3%|▎         | 43/1524 [00:00<00:27, 52.92step/s]
[Origin 11/13] 🎲 Drawing Posterior Samples:   3%|▎         | 49/1524 [00:00<00:27, 52.90step/s]
[Origin 11/13] 🎲 Drawing Posterior Samples:   4%|▎         | 55/1524 [00:01<00:27, 52.81step/s]
[Origin 11/13] 🎲 Drawing Posterior Samples:   4%|▍         | 61/1524 [00:01<00:27, 52.55step/s]
[Origin 11/13] 🎲 Drawing Posterior Samples:   4%|▍         | 67/1524 [00:01<00:27, 52.25step/s]
[Origin 11/13] 🎲 Drawing Posterior Samples:   5%|▍         | 73/1524 [00:01<00:27, 52.07step/s]
[Origin 11/13] 🎲 Drawing Posterior Samples:   5%|▌         | 79/1524 [00:01<00:27, 51.93step/s]
[Origin 11/13] 🎲 Drawing Posterior Samples:   6%|▌         | 85/1524 [00:01<00:27, 52.05step/s]
[Origin 11/13] 🎲 Drawing Posterior Samples:   6%|▌         | 91/1524 [00:01<00:27, 52.22step/s]
[Origin 11/13] 🎲 Drawing Posterior Samples:   6%|▋         | 97/1524 [00:01<00:27, 52.32step/s]
[Origin 11/13] 🎲 Drawing Posterior Samples:   7%|▋         | 103/1524 [00:01<00:27, 52.42step/s]
[Origin 11/13] 🎲 Drawing Posterior Samples:   7%|▋         | 109/1524 [00:02<00:26, 52.44step/s]
[Origin 11/13] 🎲 Drawing Posterior Samples:   8%|▊         | 115/1524 [00:02<00:26, 52.50step/s]
[Origin 11/13] 🎲 Drawing Posterior Samples:   8%|▊         | 121/1524 [00:02<00:26, 52.43step/s]
[Origin 11/13] 🎲 Drawing Posterior Samples:   8%|▊         | 127/1524 [00:02<00:26, 52.42step/s]
[Origin 11/13] 🎲 Drawing Posterior Samples:   9%|▊         | 133/1524 [00:02<00:26, 52.33step/s]
[Origin 11/13] 🎲 Drawing Posterior Samples:   9%|▉         | 139/1524 [00:02<00:26, 52.17step/s]
[Origin 11/13] 🎲 Drawing Posterior Samples:  10%|▉         | 145/1524 [00:02<00:26, 52.17step/s]
[Origin 11/13] 🎲 Drawing Posterior Samples:  10%|▉         | 151/1524 [00:02<00:26, 52.18step/s]
[Origin 11/13] 🎲 Drawing Posterior Samples:  10%|█         | 157/1524 [00:02<00:26, 52.25step/s]
[Origin 11/13] 🎲 Drawing Posterior Samples:  11%|█         | 163/1524 [00:03<00:26, 52.27step/s]
[Origin 11/13] 🎲 Drawing Posterior Samples:  11%|█         | 169/1524 [00:03<00:25, 52.28step/s]
[Origin 11/13] 🎲 Drawing Posterior Samples:  11%|█▏        | 175/1524 [00:03<00:25, 52.33step/s]
[Origin 11/13] 🎲 Drawing Posterior Samples:  12%|█▏        | 181/1524 [00:03<00:25, 52.35step/s]
[Origin 11/13] 🎲 Drawing Posterior Samples:  12%|█▏        | 187/1524 [00:03<00:25, 52.28step/s]
[Origin 11/13] 🎲 Drawing Posterior Samples:  13%|█▎        | 193/1524 [00:03<00:25, 52.36step/s]
[Origin 11/13] 🎲 Drawing Posterior Samples:  13%|█▎        | 199/1524 [00:03<00:25, 52.33step/s]
[Origin 11/13] 🎲 Drawing Posterior Samples:  13%|█▎        | 205/1524 [00:03<00:25, 52.27step/s]
[Origin 11/13] 🎲 Drawing Posterior Samples:  14%|█▍        | 211/1524 [00:04<00:25, 52.25step/s]
[Origin 11/13] 🎲 Drawing Posterior Samples:  14%|█▍        | 217/1524 [00:04<00:24, 52.30step/s]
[Origin 11/13] 🎲 Drawing Posterior Samples:  15%|█▍        | 223/1524 [00:04<00:24, 52.28step/s]
[Origin 11/13] 🎲 Drawing Posterior Samples:  15%|█▌        | 229/1524 [00:04<00:24, 52.32step/s]
[Origin 11/13] 🎲 Drawing Posterior Samples:  15%|█▌        | 235/1524 [00:04<00:24, 52.30step/s]
[Origin 11/13] 🎲 Drawing Posterior Samples:  16%|█▌        | 241/1524 [00:04<00:24, 52.28step/s]
[Origin 11/13] 🎲 Drawing Posterior Samples:  16%|█▌        | 247/1524 [00:04<00:24, 52.17step/s]
[Origin 11/13] 🎲 Drawing Posterior Samples:  17%|█▋        | 253/1524 [00:04<00:24, 52.20step/s]
[Origin 11/13] 🎲 Drawing Posterior Samples:  17%|█▋        | 259/1524 [00:04<00:24, 52.23step/s]
[Origin 11/13] 🎲 Drawing Posterior Samples:  17%|█▋        | 265/1524 [00:05<00:24, 52.23step/s]
[Origin 11/13] 🎲 Drawing Posterior Samples:  18%|█▊        | 271/1524 [00:05<00:23, 52.24step/s]
[Origin 11/13] 🎲 Drawing Posterior Samples:  18%|█▊        | 277/1524 [00:05<00:23, 52.22step/s]
[Origin 11/13] 🎲 Drawing Posterior Samples:  19%|█▊        | 283/1524 [00:05<00:23, 52.26step/s]
[Origin 11/13] 🎲 Drawing Posterior Samples:  19%|█▉        | 289/1524 [00:05<00:23, 52.18step/s]
[Origin 11/13] 🎲 Drawing Posterior Samples:  19%|█▉        | 295/1524 [00:05<00:23, 52.35step/s]
[Origin 11/13] 🎲 Drawing Posterior Samples:  20%|█▉        | 301/1524 [00:05<00:23, 52.36step/s]
[Origin 11/13] 🎲 Drawing Posterior Samples:  20%|██        | 307/1524 [00:05<00:23, 52.32step/s]
[Origin 11/13] 🎲 Drawing Posterior Samples:  21%|██        | 313/1524 [00:05<00:23, 52.36step/s]
[Origin 11/13] 🎲 Drawing Posterior Samples:  21%|██        | 319/1524 [00:06<00:23, 52.33step/s]
[Origin 11/13] 🎲 Drawing Posterior Samples:  21%|██▏       | 325/1524 [00:06<00:22, 52.35step/s]
[Origin 11/13] 🎲 Drawing Posterior Samples:  22%|██▏       | 331/1524 [00:06<00:22, 52.39step/s]
[Origin 11/13] 🎲 Drawing Posterior Samples:  22%|██▏       | 337/1524 [00:06<00:22, 52.35step/s]
[Origin 11/13] 🎲 Drawing Posterior Samples:  23%|██▎       | 343/1524 [00:06<00:22, 52.35step/s]
[Origin 11/13] 🎲 Drawing Posterior Samples:  23%|██▎       | 349/1524 [00:07<00:51, 22.91step/s]
[Origin 11/13] 🎲 Drawing Posterior Samples:  23%|██▎       | 353/1524 [00:07<01:16, 15.27step/s]
[Origin 11/13] 🎲 Drawing Posterior Samples:  23%|██▎       | 356/1524 [00:08<01:33, 12.50step/s]
[Origin 11/13] 🎲 Drawing Posterior Samples:  24%|██▎       | 359/1524 [00:08<01:48, 10.71step/s]
[Origin 11/13] 🎲 Drawing Posterior Samples:  24%|██▎       | 361/1524 [00:08<01:58,  9.78step/s]
[Origin 11/13] 🎲 Drawing Posterior Samples:  24%|██▍       | 363/1524 [00:09<02:09,  9.00step/s]
[Origin 11/13] 🎲 Drawing Posterior Samples:  24%|██▍       | 365/1524 [00:09<02:15,  8.52step/s]
[Origin 11/13] 🎲 Drawing Posterior Samples:  24%|██▍       | 367/1524 [00:09<02:19,  8.30step/s]
[Origin 11/13] 🎲 Drawing Posterior Samples:  24%|██▍       | 368/1524 [00:09<02:21,  8.17step/s]
[Origin 11/13] 🎲 Drawing Posterior Samples:  24%|██▍       | 369/1524 [00:09<02:22,  8.09step/s]
[Origin 11/13] 🎲 Drawing Posterior Samples:  24%|██▍       | 370/1524 [00:10<02:26,  7.85step/s]
[Origin 11/13] 🎲 Drawing Posterior Samples:  24%|██▍       | 371/1524 [00:10<02:32,  7.58step/s]
[Origin 11/13] 🎲 Drawing Posterior Samples:  24%|██▍       | 372/1524 [00:10<02:36,  7.35step/s]
[Origin 11/13] 🎲 Drawing Posterior Samples:  24%|██▍       | 373/1524 [00:10<02:46,  6.91step/s]
[Origin 11/13] 🎲 Drawing Posterior Samples:  25%|██▍       | 374/1524 [00:10<02:46,  6.89step/s]
[Origin 11/13] 🎲 Drawing Posterior Samples:  25%|██▍       | 375/1524 [00:10<03:06,  6.15step/s]
[Origin 11/13] 🎲 Drawing Posterior Samples:  25%|██▍       | 376/1524 [00:11<03:06,  6.15step/s]
[Origin 11/13] 🎲 Drawing Posterior Samples:  25%|██▍       | 377/1524 [00:11<03:08,  6.08step/s]
[Origin 11/13] 🎲 Drawing Posterior Samples:  25%|██▍       | 378/1524 [00:11<03:13,  5.93step/s]
[Origin 11/13] 🎲 Drawing Posterior Samples:  25%|██▍       | 379/1524 [00:11<03:23,  5.61step/s]
[Origin 11/13] 🎲 Drawing Posterior Samples:  25%|██▍       | 380/1524 [00:11<03:32,  5.39step/s]
[Origin 11/13] 🎲 Drawing Posterior Samples:  25%|██▌       | 381/1524 [00:11<03:16,  5.82step/s]
[Origin 11/13] 🎲 Drawing Posterior Samples:  25%|██▌       | 382/1524 [00:24<1:10:48,  3.72s/step]
[Origin 11/13] 🎲 Drawing Posterior Samples:  25%|██▌       | 388/1524 [00:24<20:04,  1.06s/step]  
[Origin 11/13] 🎲 Drawing Posterior Samples:  26%|██▌       | 397/1524 [00:24<07:58,  2.35step/s]
[Origin 11/13] 🎲 Drawing Posterior Samples:  27%|██▋       | 405/1524 [00:24<04:35,  4.06step/s]
[Origin 11/13] 🎲 Drawing Posterior Samples:  27%|██▋       | 412/1524 [00:24<03:03,  6.07step/s]
[Origin 11/13] 🎲 Drawing Posterior Samples:  27%|██▋       | 419/1524 [00:24<02:06,  8.72step/s]
[Origin 11/13] 🎲 Drawing Posterior Samples:  28%|██▊       | 426/1524 [00:24<01:30, 12.13step/s]
[Origin 11/13] 🎲 Drawing Posterior Samples:  28%|██▊       | 433/1524 [00:24<01:07, 16.17step/s]
[Origin 11/13] 🎲 Drawing Posterior Samples:  29%|██▉       | 439/1524 [00:24<00:54, 19.85step/s]
[Origin 11/13] 🎲 Drawing Posterior Samples:  29%|██▉       | 445/1524 [00:25<00:44, 23.98step/s]
[Origin 11/13] 🎲 Drawing Posterior Samples:  30%|██▉       | 451/1524 [00:25<00:37, 28.33step/s]
[Origin 11/13] 🎲 Drawing Posterior Samples:  30%|██▉       | 457/1524 [00:25<00:32, 32.70step/s]
[Origin 11/13] 🎲 Drawing Posterior Samples:  30%|███       | 463/1524 [00:25<00:28, 36.78step/s]
[Origin 11/13] 🎲 Drawing Posterior Samples:  31%|███       | 469/1524 [00:25<00:26, 40.37step/s]
[Origin 11/13] 🎲 Drawing Posterior Samples:  31%|███       | 475/1524 [00:25<00:24, 43.34step/s]
[Origin 11/13] 🎲 Drawing Posterior Samples:  32%|███▏      | 481/1524 [00:25<00:22, 45.73step/s]
[Origin 11/13] 🎲 Drawing Posterior Samples:  32%|███▏      | 487/1524 [00:25<00:21, 47.55step/s]
[Origin 11/13] 🎲 Drawing Posterior Samples:  32%|███▏      | 493/1524 [00:25<00:21, 48.92step/s]
[Origin 11/13] 🎲 Drawing Posterior Samples:  33%|███▎      | 499/1524 [00:26<00:20, 49.87step/s]
[Origin 11/13] 🎲 Drawing Posterior Samples:  33%|███▎      | 505/1524 [00:26<00:20, 50.44step/s]
[Origin 11/13] 🎲 Drawing Posterior Samples:  34%|███▎      | 511/1524 [00:26<00:19, 50.86step/s]
[Origin 11/13] 🎲 Drawing Posterior Samples:  34%|███▍      | 517/1524 [00:26<00:19, 51.16step/s]
[Origin 11/13] 🎲 Drawing Posterior Samples:  34%|███▍      | 523/1524 [00:26<00:19, 51.50step/s]
[Origin 11/13] 🎲 Drawing Posterior Samples:  35%|███▍      | 529/1524 [00:26<00:19, 51.70step/s]
[Origin 11/13] 🎲 Drawing Posterior Samples:  35%|███▌      | 535/1524 [00:26<00:19, 51.86step/s]
[Origin 11/13] 🎲 Drawing Posterior Samples:  35%|███▌      | 541/1524 [00:26<00:18, 52.00step/s]
[Origin 11/13] 🎲 Drawing Posterior Samples:  36%|███▌      | 547/1524 [00:27<00:18, 52.09step/s]
[Origin 11/13] 🎲 Drawing Posterior Samples:  36%|███▋      | 553/1524 [00:27<00:18, 52.13step/s]
[Origin 11/13] 🎲 Drawing Posterior Samples:  37%|███▋      | 559/1524 [00:27<00:18, 52.15step/s]
[Origin 11/13] 🎲 Drawing Posterior Samples:  37%|███▋      | 565/1524 [00:27<00:18, 52.20step/s]
[Origin 11/13] 🎲 Drawing Posterior Samples:  37%|███▋      | 571/1524 [00:27<00:18, 52.21step/s]
[Origin 11/13] 🎲 Drawing Posterior Samples:  38%|███▊      | 577/1524 [00:27<00:18, 52.18step/s]
[Origin 11/13] 🎲 Drawing Posterior Samples:  38%|███▊      | 583/1524 [00:27<00:18, 52.14step/s]
[Origin 11/13] 🎲 Drawing Posterior Samples:  39%|███▊      | 589/1524 [00:27<00:17, 52.15step/s]
[Origin 11/13] 🎲 Drawing Posterior Samples:  39%|███▉      | 595/1524 [00:27<00:17, 52.22step/s]
[Origin 11/13] 🎲 Drawing Posterior Samples:  39%|███▉      | 601/1524 [00:28<00:17, 52.22step/s]
[Origin 11/13] 🎲 Drawing Posterior Samples:  40%|███▉      | 607/1524 [00:28<00:17, 52.25step/s]
[Origin 11/13] 🎲 Drawing Posterior Samples:  40%|████      | 613/1524 [00:28<00:17, 52.24step/s]
[Origin 11/13] 🎲 Drawing Posterior Samples:  41%|████      | 619/1524 [00:28<00:17, 52.24step/s]
[Origin 11/13] 🎲 Drawing Posterior Samples:  41%|████      | 625/1524 [00:28<00:17, 52.26step/s]
[Origin 11/13] 🎲 Drawing Posterior Samples:  41%|████▏     | 631/1524 [00:28<00:17, 52.23step/s]
[Origin 11/13] 🎲 Drawing Posterior Samples:  42%|████▏     | 637/1524 [00:28<00:16, 52.23step/s]
[Origin 11/13] 🎲 Drawing Posterior Samples:  42%|████▏     | 643/1524 [00:28<00:16, 52.19step/s]
[Origin 11/13] 🎲 Drawing Posterior Samples:  43%|████▎     | 649/1524 [00:28<00:16, 52.20step/s]
[Origin 11/13] 🎲 Drawing Posterior Samples:  43%|████▎     | 655/1524 [00:29<00:16, 52.18step/s]
[Origin 11/13] 🎲 Drawing Posterior Samples:  43%|████▎     | 661/1524 [00:29<00:16, 52.21step/s]
[Origin 11/13] 🎲 Drawing Posterior Samples:  44%|████▍     | 667/1524 [00:29<00:16, 52.22step/s]
[Origin 11/13] 🎲 Drawing Posterior Samples:  44%|████▍     | 673/1524 [00:29<00:16, 52.24step/s]
[Origin 11/13] 🎲 Drawing Posterior Samples:  45%|████▍     | 679/1524 [00:29<00:16, 52.21step/s]
[Origin 11/13] 🎲 Drawing Posterior Samples:  45%|████▍     | 685/1524 [00:29<00:16, 52.11step/s]
[Origin 11/13] 🎲 Drawing Posterior Samples:  45%|████▌     | 691/1524 [00:29<00:17, 46.51step/s]
[Origin 11/13] 🎲 Drawing Posterior Samples:  46%|████▌     | 697/1524 [00:29<00:17, 47.72step/s]
[Origin 11/13] 🎲 Drawing Posterior Samples:  46%|████▌     | 703/1524 [00:30<00:16, 48.97step/s]
[Origin 11/13] 🎲 Drawing Posterior Samples:  47%|████▋     | 709/1524 [00:30<00:16, 49.66step/s]
[Origin 11/13] 🎲 Drawing Posterior Samples:  47%|████▋     | 715/1524 [00:30<00:16, 50.55step/s]
[Origin 11/13] 🎲 Drawing Posterior Samples:  47%|████▋     | 721/1524 [00:30<00:15, 50.99step/s]
[Origin 11/13] 🎲 Drawing Posterior Samples:  48%|████▊     | 727/1524 [00:30<00:20, 39.80step/s]
[Origin 11/13] 🎲 Drawing Posterior Samples:  48%|████▊     | 732/1524 [00:31<00:49, 16.06step/s]
[Origin 11/13] 🎲 Drawing Posterior Samples:  48%|████▊     | 736/1524 [00:31<00:59, 13.14step/s]
[Origin 11/13] 🎲 Drawing Posterior Samples:  48%|████▊     | 739/1524 [00:32<01:04, 12.15step/s]
[Origin 11/13] 🎲 Drawing Posterior Samples:  49%|████▊     | 742/1524 [00:32<01:08, 11.37step/s]
[Origin 11/13] 🎲 Drawing Posterior Samples:  49%|████▉     | 744/1524 [00:32<01:13, 10.60step/s]
[Origin 11/13] 🎲 Drawing Posterior Samples:  49%|████▉     | 746/1524 [00:33<01:16, 10.12step/s]
[Origin 11/13] 🎲 Drawing Posterior Samples:  49%|████▉     | 748/1524 [00:33<01:18,  9.90step/s]
[Origin 11/13] 🎲 Drawing Posterior Samples:  49%|████▉     | 750/1524 [00:33<01:20,  9.67step/s]
[Origin 11/13] 🎲 Drawing Posterior Samples:  49%|████▉     | 752/1524 [00:33<01:24,  9.14step/s]
[Origin 11/13] 🎲 Drawing Posterior Samples:  49%|████▉     | 753/1524 [00:33<01:23,  9.18step/s]
[Origin 11/13] 🎲 Drawing Posterior Samples:  49%|████▉     | 754/1524 [00:33<01:23,  9.26step/s]
[Origin 11/13] 🎲 Drawing Posterior Samples:  50%|████▉     | 755/1524 [00:34<01:22,  9.28step/s]
[Origin 11/13] 🎲 Drawing Posterior Samples:  50%|████▉     | 756/1524 [00:34<01:26,  8.85step/s]
[Origin 11/13] 🎲 Drawing Posterior Samples:  50%|████▉     | 757/1524 [00:34<01:26,  8.90step/s]
[Origin 11/13] 🎲 Drawing Posterior Samples:  50%|████▉     | 758/1524 [00:34<01:24,  9.04step/s]
[Origin 11/13] 🎲 Drawing Posterior Samples:  50%|████▉     | 759/1524 [00:34<01:35,  8.03step/s]
[Origin 11/13] 🎲 Drawing Posterior Samples:  50%|████▉     | 760/1524 [00:34<01:36,  7.96step/s]
[Origin 11/13] 🎲 Drawing Posterior Samples:  50%|████▉     | 761/1524 [00:34<01:43,  7.38step/s]
[Origin 11/13] 🎲 Drawing Posterior Samples:  50%|█████     | 762/1524 [00:35<01:54,  6.65step/s]
[Origin 11/13] 🎲 Drawing Posterior Samples:  50%|█████     | 763/1524 [00:57<1:23:40,  6.60s/step]
[Origin 11/13] 🎲 Drawing Posterior Samples:  50%|█████     | 769/1524 [00:57<23:50,  1.89s/step]  
[Origin 11/13] 🎲 Drawing Posterior Samples:  51%|█████     | 775/1524 [00:57<11:49,  1.06step/s]
[Origin 11/13] 🎲 Drawing Posterior Samples:  51%|█████     | 781/1524 [00:57<06:54,  1.79step/s]
[Origin 11/13] 🎲 Drawing Posterior Samples:  52%|█████▏    | 787/1524 [00:57<04:22,  2.81step/s]
[Origin 11/13] 🎲 Drawing Posterior Samples:  52%|█████▏    | 793/1524 [00:57<02:54,  4.19step/s]
[Origin 11/13] 🎲 Drawing Posterior Samples:  52%|█████▏    | 799/1524 [00:57<02:00,  6.04step/s]
[Origin 11/13] 🎲 Drawing Posterior Samples:  53%|█████▎    | 805/1524 [00:58<01:25,  8.44step/s]
[Origin 11/13] 🎲 Drawing Posterior Samples:  53%|█████▎    | 811/1524 [00:58<01:02, 11.48step/s]
[Origin 11/13] 🎲 Drawing Posterior Samples:  54%|█████▎    | 817/1524 [00:58<00:46, 15.16step/s]
[Origin 11/13] 🎲 Drawing Posterior Samples:  54%|█████▍    | 823/1524 [00:58<00:36, 19.36step/s]
[Origin 11/13] 🎲 Drawing Posterior Samples:  54%|█████▍    | 829/1524 [00:58<00:29, 23.93step/s]
[Origin 11/13] 🎲 Drawing Posterior Samples:  55%|█████▍    | 835/1524 [00:58<00:24, 28.58step/s]
[Origin 11/13] 🎲 Drawing Posterior Samples:  55%|█████▌    | 841/1524 [00:58<00:20, 33.05step/s]
[Origin 11/13] 🎲 Drawing Posterior Samples:  56%|█████▌    | 847/1524 [00:58<00:18, 37.15step/s]
[Origin 11/13] 🎲 Drawing Posterior Samples:  56%|█████▌    | 853/1524 [00:59<00:16, 40.73step/s]
[Origin 11/13] 🎲 Drawing Posterior Samples:  56%|█████▋    | 859/1524 [00:59<00:15, 43.66step/s]
[Origin 11/13] 🎲 Drawing Posterior Samples:  57%|█████▋    | 865/1524 [00:59<00:14, 45.95step/s]
[Origin 11/13] 🎲 Drawing Posterior Samples:  57%|█████▋    | 871/1524 [00:59<00:13, 47.71step/s]
[Origin 11/13] 🎲 Drawing Posterior Samples:  58%|█████▊    | 877/1524 [00:59<00:13, 49.09step/s]
[Origin 11/13] 🎲 Drawing Posterior Samples:  58%|█████▊    | 883/1524 [00:59<00:12, 50.02step/s]
[Origin 11/13] 🎲 Drawing Posterior Samples:  58%|█████▊    | 889/1524 [00:59<00:12, 50.66step/s]
[Origin 11/13] 🎲 Drawing Posterior Samples:  59%|█████▊    | 895/1524 [00:59<00:13, 45.69step/s]
[Origin 11/13] 🎲 Drawing Posterior Samples:  59%|█████▉    | 901/1524 [00:59<00:13, 47.56step/s]
[Origin 11/13] 🎲 Drawing Posterior Samples:  60%|█████▉    | 907/1524 [01:00<00:12, 48.89step/s]
[Origin 11/13] 🎲 Drawing Posterior Samples:  60%|█████▉    | 913/1524 [01:00<00:12, 49.86step/s]
[Origin 11/13] 🎲 Drawing Posterior Samples:  60%|██████    | 919/1524 [01:00<00:11, 50.54step/s]
[Origin 11/13] 🎲 Drawing Posterior Samples:  61%|██████    | 925/1524 [01:00<00:11, 51.11step/s]
[Origin 11/13] 🎲 Drawing Posterior Samples:  61%|██████    | 931/1524 [01:00<00:11, 51.53step/s]
[Origin 11/13] 🎲 Drawing Posterior Samples:  61%|██████▏   | 937/1524 [01:00<00:11, 51.77step/s]
[Origin 11/13] 🎲 Drawing Posterior Samples:  62%|██████▏   | 943/1524 [01:00<00:11, 51.98step/s]
[Origin 11/13] 🎲 Drawing Posterior Samples:  62%|██████▏   | 949/1524 [01:00<00:11, 51.92step/s]
[Origin 11/13] 🎲 Drawing Posterior Samples:  63%|██████▎   | 955/1524 [01:00<00:10, 51.95step/s]
[Origin 11/13] 🎲 Drawing Posterior Samples:  63%|██████▎   | 961/1524 [01:01<00:10, 52.02step/s]
[Origin 11/13] 🎲 Drawing Posterior Samples:  63%|██████▎   | 967/1524 [01:01<00:10, 52.08step/s]
[Origin 11/13] 🎲 Drawing Posterior Samples:  64%|██████▍   | 973/1524 [01:01<00:10, 52.15step/s]
[Origin 11/13] 🎲 Drawing Posterior Samples:  64%|██████▍   | 979/1524 [01:01<00:10, 52.16step/s]
[Origin 11/13] 🎲 Drawing Posterior Samples:  65%|██████▍   | 985/1524 [01:01<00:10, 52.22step/s]
[Origin 11/13] 🎲 Drawing Posterior Samples:  65%|██████▌   | 991/1524 [01:01<00:10, 52.21step/s]
[Origin 11/13] 🎲 Drawing Posterior Samples:  65%|██████▌   | 997/1524 [01:01<00:10, 52.22step/s]
[Origin 11/13] 🎲 Drawing Posterior Samples:  66%|██████▌   | 1003/1524 [01:01<00:09, 52.26step/s]
[Origin 11/13] 🎲 Drawing Posterior Samples:  66%|██████▌   | 1009/1524 [01:02<00:09, 52.09step/s]
[Origin 11/13] 🎲 Drawing Posterior Samples:  67%|██████▋   | 1015/1524 [01:02<00:09, 52.16step/s]
[Origin 11/13] 🎲 Drawing Posterior Samples:  67%|██████▋   | 1021/1524 [01:02<00:09, 52.11step/s]
[Origin 11/13] 🎲 Drawing Posterior Samples:  67%|██████▋   | 1027/1524 [01:02<00:09, 52.17step/s]
[Origin 11/13] 🎲 Drawing Posterior Samples:  68%|██████▊   | 1033/1524 [01:02<00:09, 52.21step/s]
[Origin 11/13] 🎲 Drawing Posterior Samples:  68%|██████▊   | 1039/1524 [01:02<00:09, 52.18step/s]
[Origin 11/13] 🎲 Drawing Posterior Samples:  69%|██████▊   | 1045/1524 [01:02<00:09, 52.22step/s]
[Origin 11/13] 🎲 Drawing Posterior Samples:  69%|██████▉   | 1051/1524 [01:02<00:09, 52.22step/s]
[Origin 11/13] 🎲 Drawing Posterior Samples:  69%|██████▉   | 1057/1524 [01:02<00:08, 52.22step/s]
[Origin 11/13] 🎲 Drawing Posterior Samples:  70%|██████▉   | 1063/1524 [01:03<00:08, 52.23step/s]
[Origin 11/13] 🎲 Drawing Posterior Samples:  70%|███████   | 1069/1524 [01:03<00:08, 52.24step/s]
[Origin 11/13] 🎲 Drawing Posterior Samples:  71%|███████   | 1075/1524 [01:03<00:08, 52.28step/s]
[Origin 11/13] 🎲 Drawing Posterior Samples:  71%|███████   | 1081/1524 [01:03<00:08, 52.29step/s]
[Origin 11/13] 🎲 Drawing Posterior Samples:  71%|███████▏  | 1087/1524 [01:03<00:08, 52.27step/s]
[Origin 11/13] 🎲 Drawing Posterior Samples:  72%|███████▏  | 1093/1524 [01:03<00:08, 52.24step/s]
[Origin 11/13] 🎲 Drawing Posterior Samples:  72%|███████▏  | 1099/1524 [01:03<00:08, 52.25step/s]
[Origin 11/13] 🎲 Drawing Posterior Samples:  73%|███████▎  | 1105/1524 [01:03<00:08, 52.24step/s]
[Origin 11/13] 🎲 Drawing Posterior Samples:  73%|███████▎  | 1111/1524 [01:04<00:23, 17.62step/s]
[Origin 11/13] 🎲 Drawing Posterior Samples:  73%|███████▎  | 1115/1524 [01:05<00:29, 13.91step/s]
[Origin 11/13] 🎲 Drawing Posterior Samples:  73%|███████▎  | 1118/1524 [01:05<00:32, 12.52step/s]
[Origin 11/13] 🎲 Drawing Posterior Samples:  74%|███████▎  | 1121/1524 [01:05<00:34, 11.65step/s]
[Origin 11/13] 🎲 Drawing Posterior Samples:  74%|███████▎  | 1123/1524 [01:06<00:36, 10.94step/s]
[Origin 11/13] 🎲 Drawing Posterior Samples:  74%|███████▍  | 1125/1524 [01:06<00:38, 10.41step/s]
[Origin 11/13] 🎲 Drawing Posterior Samples:  74%|███████▍  | 1127/1524 [01:06<00:40,  9.86step/s]
[Origin 11/13] 🎲 Drawing Posterior Samples:  74%|███████▍  | 1129/1524 [01:06<00:41,  9.50step/s]
[Origin 11/13] 🎲 Drawing Posterior Samples:  74%|███████▍  | 1131/1524 [01:07<00:42,  9.20step/s]
[Origin 11/13] 🎲 Drawing Posterior Samples:  74%|███████▍  | 1133/1524 [01:07<00:43,  9.00step/s]
[Origin 11/13] 🎲 Drawing Posterior Samples:  74%|███████▍  | 1134/1524 [01:07<00:44,  8.80step/s]
[Origin 11/13] 🎲 Drawing Posterior Samples:  74%|███████▍  | 1135/1524 [01:07<00:44,  8.79step/s]
[Origin 11/13] 🎲 Drawing Posterior Samples:  75%|███████▍  | 1136/1524 [01:07<00:44,  8.73step/s]
[Origin 11/13] 🎲 Drawing Posterior Samples:  75%|███████▍  | 1137/1524 [01:07<00:49,  7.81step/s]
[Origin 11/13] 🎲 Drawing Posterior Samples:  75%|███████▍  | 1138/1524 [01:07<00:48,  7.93step/s]
[Origin 11/13] 🎲 Drawing Posterior Samples:  75%|███████▍  | 1139/1524 [01:08<00:48,  7.91step/s]
[Origin 11/13] 🎲 Drawing Posterior Samples:  75%|███████▍  | 1140/1524 [01:08<00:47,  8.09step/s]
[Origin 11/13] 🎲 Drawing Posterior Samples:  75%|███████▍  | 1141/1524 [01:08<00:45,  8.41step/s]
[Origin 11/13] 🎲 Drawing Posterior Samples:  75%|███████▍  | 1142/1524 [01:08<00:44,  8.67step/s]
[Origin 11/13] 🎲 Drawing Posterior Samples:  75%|███████▌  | 1143/1524 [01:08<00:42,  8.90step/s]
[Origin 11/13] 🎲 Drawing Posterior Samples:  75%|███████▌  | 1144/1524 [01:20<22:22,  3.53s/step]
[Origin 11/13] 🎲 Drawing Posterior Samples:  75%|███████▌  | 1150/1524 [01:20<06:21,  1.02s/step]
[Origin 11/13] 🎲 Drawing Posterior Samples:  76%|███████▌  | 1156/1524 [01:20<03:09,  1.94step/s]
[Origin 11/13] 🎲 Drawing Posterior Samples:  76%|███████▌  | 1162/1524 [01:20<01:50,  3.26step/s]
[Origin 11/13] 🎲 Drawing Posterior Samples:  77%|███████▋  | 1168/1524 [01:20<01:10,  5.03step/s]
[Origin 11/13] 🎲 Drawing Posterior Samples:  77%|███████▋  | 1174/1524 [01:20<00:47,  7.35step/s]
[Origin 11/13] 🎲 Drawing Posterior Samples:  77%|███████▋  | 1180/1524 [01:21<00:33, 10.29step/s]
[Origin 11/13] 🎲 Drawing Posterior Samples:  78%|███████▊  | 1186/1524 [01:21<00:24, 13.89step/s]
[Origin 11/13] 🎲 Drawing Posterior Samples:  78%|███████▊  | 1192/1524 [01:21<00:18, 18.08step/s]
[Origin 11/13] 🎲 Drawing Posterior Samples:  79%|███████▊  | 1198/1524 [01:21<00:14, 22.68step/s]
[Origin 11/13] 🎲 Drawing Posterior Samples:  79%|███████▉  | 1204/1524 [01:21<00:11, 27.40step/s]
[Origin 11/13] 🎲 Drawing Posterior Samples:  79%|███████▉  | 1210/1524 [01:21<00:09, 31.97step/s]
[Origin 11/13] 🎲 Drawing Posterior Samples:  80%|███████▉  | 1216/1524 [01:21<00:08, 36.10step/s]
[Origin 11/13] 🎲 Drawing Posterior Samples:  80%|████████  | 1222/1524 [01:21<00:07, 39.64step/s]
[Origin 11/13] 🎲 Drawing Posterior Samples:  81%|████████  | 1228/1524 [01:21<00:06, 42.67step/s]
[Origin 11/13] 🎲 Drawing Posterior Samples:  81%|████████  | 1234/1524 [01:22<00:06, 45.08step/s]
[Origin 11/13] 🎲 Drawing Posterior Samples:  81%|████████▏ | 1240/1524 [01:22<00:06, 47.10step/s]
[Origin 11/13] 🎲 Drawing Posterior Samples:  82%|████████▏ | 1246/1524 [01:22<00:05, 48.67step/s]
[Origin 11/13] 🎲 Drawing Posterior Samples:  82%|████████▏ | 1252/1524 [01:22<00:05, 49.78step/s]
[Origin 11/13] 🎲 Drawing Posterior Samples:  83%|████████▎ | 1258/1524 [01:22<00:05, 50.53step/s]
[Origin 11/13] 🎲 Drawing Posterior Samples:  83%|████████▎ | 1264/1524 [01:22<00:05, 50.96step/s]
[Origin 11/13] 🎲 Drawing Posterior Samples:  83%|████████▎ | 1270/1524 [01:22<00:04, 51.22step/s]
[Origin 11/13] 🎲 Drawing Posterior Samples:  84%|████████▎ | 1276/1524 [01:22<00:04, 51.30step/s]
[Origin 11/13] 🎲 Drawing Posterior Samples:  84%|████████▍ | 1282/1524 [01:22<00:04, 51.33step/s]
[Origin 11/13] 🎲 Drawing Posterior Samples:  85%|████████▍ | 1288/1524 [01:23<00:04, 51.45step/s]
[Origin 11/13] 🎲 Drawing Posterior Samples:  85%|████████▍ | 1294/1524 [01:23<00:04, 51.66step/s]
[Origin 11/13] 🎲 Drawing Posterior Samples:  85%|████████▌ | 1300/1524 [01:23<00:04, 51.90step/s]
[Origin 11/13] 🎲 Drawing Posterior Samples:  86%|████████▌ | 1306/1524 [01:23<00:04, 52.02step/s]
[Origin 11/13] 🎲 Drawing Posterior Samples:  86%|████████▌ | 1312/1524 [01:23<00:04, 52.01step/s]
[Origin 11/13] 🎲 Drawing Posterior Samples:  86%|████████▋ | 1318/1524 [01:23<00:03, 52.12step/s]
[Origin 11/13] 🎲 Drawing Posterior Samples:  87%|████████▋ | 1324/1524 [01:23<00:03, 52.17step/s]
[Origin 11/13] 🎲 Drawing Posterior Samples:  87%|████████▋ | 1330/1524 [01:23<00:03, 52.22step/s]
[Origin 11/13] 🎲 Drawing Posterior Samples:  88%|████████▊ | 1336/1524 [01:24<00:03, 52.21step/s]
[Origin 11/13] 🎲 Drawing Posterior Samples:  88%|████████▊ | 1342/1524 [01:24<00:03, 52.15step/s]
[Origin 11/13] 🎲 Drawing Posterior Samples:  88%|████████▊ | 1348/1524 [01:24<00:03, 52.02step/s]
[Origin 11/13] 🎲 Drawing Posterior Samples:  89%|████████▉ | 1354/1524 [01:24<00:03, 51.96step/s]
[Origin 11/13] 🎲 Drawing Posterior Samples:  89%|████████▉ | 1360/1524 [01:24<00:03, 52.02step/s]
[Origin 11/13] 🎲 Drawing Posterior Samples:  90%|████████▉ | 1366/1524 [01:24<00:03, 52.10step/s]
[Origin 11/13] 🎲 Drawing Posterior Samples:  90%|█████████ | 1372/1524 [01:24<00:02, 52.13step/s]
[Origin 11/13] 🎲 Drawing Posterior Samples:  90%|█████████ | 1378/1524 [01:24<00:02, 52.21step/s]
[Origin 11/13] 🎲 Drawing Posterior Samples:  91%|█████████ | 1384/1524 [01:24<00:02, 52.25step/s]
[Origin 11/13] 🎲 Drawing Posterior Samples:  91%|█████████ | 1390/1524 [01:25<00:02, 52.22step/s]
[Origin 11/13] 🎲 Drawing Posterior Samples:  92%|█████████▏| 1396/1524 [01:25<00:02, 52.22step/s]
[Origin 11/13] 🎲 Drawing Posterior Samples:  92%|█████████▏| 1402/1524 [01:25<00:02, 52.23step/s]
[Origin 11/13] 🎲 Drawing Posterior Samples:  92%|█████████▏| 1408/1524 [01:25<00:02, 52.16step/s]
[Origin 11/13] 🎲 Drawing Posterior Samples:  93%|█████████▎| 1414/1524 [01:25<00:02, 52.18step/s]
[Origin 11/13] 🎲 Drawing Posterior Samples:  93%|█████████▎| 1420/1524 [01:25<00:01, 52.08step/s]
[Origin 11/13] 🎲 Drawing Posterior Samples:  94%|█████████▎| 1426/1524 [01:25<00:01, 52.13step/s]
[Origin 11/13] 🎲 Drawing Posterior Samples:  94%|█████████▍| 1432/1524 [01:25<00:01, 52.13step/s]
[Origin 11/13] 🎲 Drawing Posterior Samples:  94%|█████████▍| 1438/1524 [01:25<00:01, 52.18step/s]
[Origin 11/13] 🎲 Drawing Posterior Samples:  95%|█████████▍| 1444/1524 [01:26<00:01, 52.17step/s]
[Origin 11/13] 🎲 Drawing Posterior Samples:  95%|█████████▌| 1450/1524 [01:26<00:01, 52.21step/s]
[Origin 11/13] 🎲 Drawing Posterior Samples:  96%|█████████▌| 1456/1524 [01:26<00:01, 52.21step/s]
[Origin 11/13] 🎲 Drawing Posterior Samples:  96%|█████████▌| 1462/1524 [01:26<00:01, 52.22step/s]
[Origin 11/13] 🎲 Drawing Posterior Samples:  96%|█████████▋| 1468/1524 [01:26<00:01, 52.17step/s]
[Origin 11/13] 🎲 Drawing Posterior Samples:  97%|█████████▋| 1474/1524 [01:26<00:00, 52.21step/s]
[Origin 11/13] 🎲 Drawing Posterior Samples:  97%|█████████▋| 1480/1524 [01:26<00:00, 52.19step/s]
[Origin 11/13] 🎲 Drawing Posterior Samples:  98%|█████████▊| 1486/1524 [01:26<00:00, 52.20step/s]
[Origin 11/13] 🎲 Drawing Posterior Samples:  98%|█████████▊| 1492/1524 [01:27<00:01, 25.04step/s]
[Origin 11/13] 🎲 Drawing Posterior Samples:  98%|█████████▊| 1496/1524 [01:27<00:01, 18.07step/s]
[Origin 11/13] 🎲 Drawing Posterior Samples:  98%|█████████▊| 1500/1524 [01:28<00:01, 14.26step/s]
[Origin 11/13] 🎲 Drawing Posterior Samples:  99%|█████████▊| 1503/1524 [01:28<00:01, 12.49step/s]
[Origin 11/13] 🎲 Drawing Posterior Samples:  99%|█████████▉| 1505/1524 [01:28<00:01, 11.52step/s]
[Origin 11/13] 🎲 Drawing Posterior Samples:  99%|█████████▉| 1507/1524 [01:29<00:01, 10.87step/s]
[Origin 11/13] 🎲 Drawing Posterior Samples:  99%|█████████▉| 1509/1524 [01:29<00:01, 10.43step/s]
[Origin 11/13] 🎲 Drawing Posterior Samples:  99%|█████████▉| 1511/1524 [01:29<00:01,  9.78step/s]
[Origin 11/13] 🎲 Drawing Posterior Samples:  99%|█████████▉| 1513/1524 [01:29<00:01,  8.94step/s]
[Origin 11/13] 🎲 Drawing Posterior Samples:  99%|█████████▉| 1514/1524 [01:29<00:01,  9.00step/s]
[Origin 11/13] 🎲 Drawing Posterior Samples:  99%|█████████▉| 1515/1524 [01:30<00:00,  9.08step/s]
[Origin 11/13] 🎲 Drawing Posterior Samples:  99%|█████████▉| 1516/1524 [01:30<00:00,  8.97step/s]
[Origin 11/13] 🎲 Drawing Posterior Samples: 100%|█████████▉| 1517/1524 [01:30<00:00,  9.03step/s]
[Origin 11/13] 🎲 Drawing Posterior Samples: 100%|█████████▉| 1518/1524 [01:30<00:00,  9.11step/s]
[Origin 11/13] 🎲 Drawing Posterior Samples: 100%|█████████▉| 1519/1524 [01:30<00:00,  9.22step/s]
[Origin 11/13] 🎲 Drawing Posterior Samples: 100%|█████████▉| 1520/1524 [01:30<00:00,  9.29step/s]
[Origin 11/13] 🎲 Drawing Posterior Samples: 100%|█████████▉| 1522/1524 [01:30<00:00,  9.79step/s]
[Origin 11/13] 🎲 Drawing Posterior Samples: 100%|█████████▉| 1523/1524 [01:30<00:00,  9.48step/s]
[Origin 11/13] 🎲 Drawing Posterior Samples: 100%|██████████| 1524/1524 [01:31<00:00,  8.62step/s]
                                                                                                  

[Origin 12/13] 🎲 Drawing Posterior Samples:   0%|          | 0/1528 [00:00<?, ?step/s]
[Origin 12/13] 🎲 Drawing Posterior Samples:   0%|          | 7/1528 [00:00<00:25, 59.60step/s]
[Origin 12/13] 🎲 Drawing Posterior Samples:   1%|          | 13/1528 [00:00<00:27, 55.60step/s]
[Origin 12/13] 🎲 Drawing Posterior Samples:   1%|          | 19/1528 [00:00<00:27, 54.34step/s]
[Origin 12/13] 🎲 Drawing Posterior Samples:   2%|▏         | 25/1528 [00:00<00:28, 53.63step/s]
[Origin 12/13] 🎲 Drawing Posterior Samples:   2%|▏         | 31/1528 [00:00<00:28, 53.36step/s]
[Origin 12/13] 🎲 Drawing Posterior Samples:   2%|▏         | 37/1528 [00:00<00:28, 53.18step/s]
[Origin 12/13] 🎲 Drawing Posterior Samples:   3%|▎         | 43/1528 [00:00<00:28, 53.04step/s]
[Origin 12/13] 🎲 Drawing Posterior Samples:   3%|▎         | 49/1528 [00:00<00:27, 52.93step/s]
[Origin 12/13] 🎲 Drawing Posterior Samples:   4%|▎         | 55/1528 [00:01<00:27, 52.66step/s]
[Origin 12/13] 🎲 Drawing Posterior Samples:   4%|▍         | 61/1528 [00:01<00:28, 52.31step/s]
[Origin 12/13] 🎲 Drawing Posterior Samples:   4%|▍         | 67/1528 [00:01<00:28, 52.07step/s]
[Origin 12/13] 🎲 Drawing Posterior Samples:   5%|▍         | 73/1528 [00:01<00:28, 51.91step/s]
[Origin 12/13] 🎲 Drawing Posterior Samples:   5%|▌         | 79/1528 [00:01<00:27, 51.96step/s]
[Origin 12/13] 🎲 Drawing Posterior Samples:   6%|▌         | 85/1528 [00:01<00:27, 52.08step/s]
[Origin 12/13] 🎲 Drawing Posterior Samples:   6%|▌         | 91/1528 [00:01<00:27, 52.17step/s]
[Origin 12/13] 🎲 Drawing Posterior Samples:   6%|▋         | 97/1528 [00:01<00:27, 52.22step/s]
[Origin 12/13] 🎲 Drawing Posterior Samples:   7%|▋         | 103/1528 [00:01<00:27, 52.34step/s]
[Origin 12/13] 🎲 Drawing Posterior Samples:   7%|▋         | 109/1528 [00:02<00:27, 52.43step/s]
[Origin 12/13] 🎲 Drawing Posterior Samples:   8%|▊         | 115/1528 [00:02<00:26, 52.58step/s]
[Origin 12/13] 🎲 Drawing Posterior Samples:   8%|▊         | 121/1528 [00:02<00:26, 52.50step/s]
[Origin 12/13] 🎲 Drawing Posterior Samples:   8%|▊         | 127/1528 [00:02<00:26, 52.29step/s]
[Origin 12/13] 🎲 Drawing Posterior Samples:   9%|▊         | 133/1528 [00:02<00:26, 52.15step/s]
[Origin 12/13] 🎲 Drawing Posterior Samples:   9%|▉         | 139/1528 [00:02<00:26, 51.99step/s]
[Origin 12/13] 🎲 Drawing Posterior Samples:   9%|▉         | 145/1528 [00:02<00:27, 50.45step/s]
[Origin 12/13] 🎲 Drawing Posterior Samples:  10%|▉         | 151/1528 [00:02<00:26, 51.08step/s]
[Origin 12/13] 🎲 Drawing Posterior Samples:  10%|█         | 157/1528 [00:02<00:26, 51.41step/s]
[Origin 12/13] 🎲 Drawing Posterior Samples:  11%|█         | 163/1528 [00:03<00:26, 51.74step/s]
[Origin 12/13] 🎲 Drawing Posterior Samples:  11%|█         | 169/1528 [00:03<00:26, 51.96step/s]
[Origin 12/13] 🎲 Drawing Posterior Samples:  11%|█▏        | 175/1528 [00:03<00:25, 52.15step/s]
[Origin 12/13] 🎲 Drawing Posterior Samples:  12%|█▏        | 181/1528 [00:03<00:25, 52.27step/s]
[Origin 12/13] 🎲 Drawing Posterior Samples:  12%|█▏        | 187/1528 [00:03<00:25, 52.27step/s]
[Origin 12/13] 🎲 Drawing Posterior Samples:  13%|█▎        | 193/1528 [00:03<00:25, 52.19step/s]
[Origin 12/13] 🎲 Drawing Posterior Samples:  13%|█▎        | 199/1528 [00:03<00:25, 52.02step/s]
[Origin 12/13] 🎲 Drawing Posterior Samples:  13%|█▎        | 205/1528 [00:03<00:25, 51.94step/s]
[Origin 12/13] 🎲 Drawing Posterior Samples:  14%|█▍        | 211/1528 [00:04<00:25, 51.98step/s]
[Origin 12/13] 🎲 Drawing Posterior Samples:  14%|█▍        | 217/1528 [00:04<00:25, 52.06step/s]
[Origin 12/13] 🎲 Drawing Posterior Samples:  15%|█▍        | 223/1528 [00:04<00:25, 52.14step/s]
[Origin 12/13] 🎲 Drawing Posterior Samples:  15%|█▍        | 229/1528 [00:04<00:24, 52.21step/s]
[Origin 12/13] 🎲 Drawing Posterior Samples:  15%|█▌        | 235/1528 [00:04<00:24, 52.28step/s]
[Origin 12/13] 🎲 Drawing Posterior Samples:  16%|█▌        | 241/1528 [00:04<00:24, 52.34step/s]
[Origin 12/13] 🎲 Drawing Posterior Samples:  16%|█▌        | 247/1528 [00:04<00:24, 52.33step/s]
[Origin 12/13] 🎲 Drawing Posterior Samples:  17%|█▋        | 253/1528 [00:04<00:24, 52.30step/s]
[Origin 12/13] 🎲 Drawing Posterior Samples:  17%|█▋        | 259/1528 [00:04<00:24, 52.22step/s]
[Origin 12/13] 🎲 Drawing Posterior Samples:  17%|█▋        | 265/1528 [00:05<00:24, 52.17step/s]
[Origin 12/13] 🎲 Drawing Posterior Samples:  18%|█▊        | 271/1528 [00:05<00:24, 52.12step/s]
[Origin 12/13] 🎲 Drawing Posterior Samples:  18%|█▊        | 277/1528 [00:05<00:23, 52.13step/s]
[Origin 12/13] 🎲 Drawing Posterior Samples:  19%|█▊        | 283/1528 [00:05<00:23, 52.17step/s]
[Origin 12/13] 🎲 Drawing Posterior Samples:  19%|█▉        | 289/1528 [00:05<00:23, 52.22step/s]
[Origin 12/13] 🎲 Drawing Posterior Samples:  19%|█▉        | 295/1528 [00:05<00:23, 52.27step/s]
[Origin 12/13] 🎲 Drawing Posterior Samples:  20%|█▉        | 301/1528 [00:05<00:23, 52.26step/s]
[Origin 12/13] 🎲 Drawing Posterior Samples:  20%|██        | 307/1528 [00:05<00:23, 52.29step/s]
[Origin 12/13] 🎲 Drawing Posterior Samples:  20%|██        | 313/1528 [00:05<00:23, 52.31step/s]
[Origin 12/13] 🎲 Drawing Posterior Samples:  21%|██        | 319/1528 [00:06<00:23, 52.36step/s]
[Origin 12/13] 🎲 Drawing Posterior Samples:  21%|██▏       | 325/1528 [00:06<00:23, 52.29step/s]
[Origin 12/13] 🎲 Drawing Posterior Samples:  22%|██▏       | 331/1528 [00:06<00:22, 52.26step/s]
[Origin 12/13] 🎲 Drawing Posterior Samples:  22%|██▏       | 337/1528 [00:06<00:22, 52.08step/s]
[Origin 12/13] 🎲 Drawing Posterior Samples:  22%|██▏       | 343/1528 [00:06<00:22, 52.17step/s]
[Origin 12/13] 🎲 Drawing Posterior Samples:  23%|██▎       | 349/1528 [00:07<00:44, 26.28step/s]
[Origin 12/13] 🎲 Drawing Posterior Samples:  23%|██▎       | 354/1528 [00:07<01:15, 15.56step/s]
[Origin 12/13] 🎲 Drawing Posterior Samples:  23%|██▎       | 358/1528 [00:08<01:34, 12.44step/s]
[Origin 12/13] 🎲 Drawing Posterior Samples:  24%|██▎       | 361/1528 [00:08<01:50, 10.52step/s]
[Origin 12/13] 🎲 Drawing Posterior Samples:  24%|██▍       | 363/1528 [00:09<02:05,  9.27step/s]
[Origin 12/13] 🎲 Drawing Posterior Samples:  24%|██▍       | 365/1528 [00:09<02:07,  9.09step/s]
[Origin 12/13] 🎲 Drawing Posterior Samples:  24%|██▍       | 367/1528 [00:09<02:10,  8.87step/s]
[Origin 12/13] 🎲 Drawing Posterior Samples:  24%|██▍       | 369/1528 [00:09<02:12,  8.75step/s]
[Origin 12/13] 🎲 Drawing Posterior Samples:  24%|██▍       | 371/1528 [00:10<02:10,  8.89step/s]
[Origin 12/13] 🎲 Drawing Posterior Samples:  24%|██▍       | 373/1528 [00:10<02:14,  8.57step/s]
[Origin 12/13] 🎲 Drawing Posterior Samples:  24%|██▍       | 374/1528 [00:10<02:13,  8.68step/s]
[Origin 12/13] 🎲 Drawing Posterior Samples:  25%|██▍       | 375/1528 [00:10<02:19,  8.29step/s]
[Origin 12/13] 🎲 Drawing Posterior Samples:  25%|██▍       | 376/1528 [00:10<02:21,  8.13step/s]
[Origin 12/13] 🎲 Drawing Posterior Samples:  25%|██▍       | 377/1528 [00:10<02:17,  8.38step/s]
[Origin 12/13] 🎲 Drawing Posterior Samples:  25%|██▍       | 378/1528 [00:10<02:12,  8.65step/s]
[Origin 12/13] 🎲 Drawing Posterior Samples:  25%|██▍       | 379/1528 [00:10<02:12,  8.70step/s]
[Origin 12/13] 🎲 Drawing Posterior Samples:  25%|██▍       | 380/1528 [00:11<02:08,  8.90step/s]
[Origin 12/13] 🎲 Drawing Posterior Samples:  25%|██▍       | 381/1528 [00:11<02:05,  9.10step/s]
[Origin 12/13] 🎲 Drawing Posterior Samples:  25%|██▌       | 382/1528 [00:11<02:15,  8.44step/s]
[Origin 12/13] 🎲 Drawing Posterior Samples:  25%|██▌       | 383/1528 [00:23<1:07:14,  3.52s/step]
[Origin 12/13] 🎲 Drawing Posterior Samples:  25%|██▌       | 389/1528 [00:23<19:28,  1.03s/step]  
[Origin 12/13] 🎲 Drawing Posterior Samples:  26%|██▌       | 395/1528 [00:23<09:46,  1.93step/s]
[Origin 12/13] 🎲 Drawing Posterior Samples:  26%|██▌       | 401/1528 [00:23<05:48,  3.24step/s]
[Origin 12/13] 🎲 Drawing Posterior Samples:  27%|██▋       | 407/1528 [00:23<03:44,  4.99step/s]
[Origin 12/13] 🎲 Drawing Posterior Samples:  27%|██▋       | 413/1528 [00:23<02:32,  7.29step/s]
[Origin 12/13] 🎲 Drawing Posterior Samples:  27%|██▋       | 419/1528 [00:23<01:48, 10.22step/s]
[Origin 12/13] 🎲 Drawing Posterior Samples:  28%|██▊       | 425/1528 [00:24<01:19, 13.80step/s]
[Origin 12/13] 🎲 Drawing Posterior Samples:  28%|██▊       | 431/1528 [00:24<01:00, 17.99step/s]
[Origin 12/13] 🎲 Drawing Posterior Samples:  29%|██▊       | 437/1528 [00:24<00:48, 22.57step/s]
[Origin 12/13] 🎲 Drawing Posterior Samples:  29%|██▉       | 443/1528 [00:24<00:39, 27.27step/s]
[Origin 12/13] 🎲 Drawing Posterior Samples:  29%|██▉       | 449/1528 [00:24<00:33, 31.80step/s]
[Origin 12/13] 🎲 Drawing Posterior Samples:  30%|██▉       | 455/1528 [00:24<00:29, 35.95step/s]
[Origin 12/13] 🎲 Drawing Posterior Samples:  30%|███       | 461/1528 [00:24<00:26, 39.56step/s]
[Origin 12/13] 🎲 Drawing Posterior Samples:  31%|███       | 467/1528 [00:24<00:24, 42.54step/s]
[Origin 12/13] 🎲 Drawing Posterior Samples:  31%|███       | 473/1528 [00:24<00:23, 45.07step/s]
[Origin 12/13] 🎲 Drawing Posterior Samples:  31%|███▏      | 479/1528 [00:25<00:22, 47.03step/s]
[Origin 12/13] 🎲 Drawing Posterior Samples:  32%|███▏      | 485/1528 [00:25<00:21, 48.57step/s]
[Origin 12/13] 🎲 Drawing Posterior Samples:  32%|███▏      | 491/1528 [00:25<00:20, 49.72step/s]
[Origin 12/13] 🎲 Drawing Posterior Samples:  33%|███▎      | 497/1528 [00:25<00:20, 50.48step/s]
[Origin 12/13] 🎲 Drawing Posterior Samples:  33%|███▎      | 503/1528 [00:25<00:20, 50.96step/s]
[Origin 12/13] 🎲 Drawing Posterior Samples:  33%|███▎      | 509/1528 [00:25<00:19, 51.24step/s]
[Origin 12/13] 🎲 Drawing Posterior Samples:  34%|███▎      | 515/1528 [00:25<00:19, 51.29step/s]
[Origin 12/13] 🎲 Drawing Posterior Samples:  34%|███▍      | 521/1528 [00:25<00:19, 51.25step/s]
[Origin 12/13] 🎲 Drawing Posterior Samples:  34%|███▍      | 527/1528 [00:25<00:19, 51.29step/s]
[Origin 12/13] 🎲 Drawing Posterior Samples:  35%|███▍      | 533/1528 [00:26<00:19, 51.49step/s]
[Origin 12/13] 🎲 Drawing Posterior Samples:  35%|███▌      | 539/1528 [00:26<00:19, 51.74step/s]
[Origin 12/13] 🎲 Drawing Posterior Samples:  36%|███▌      | 545/1528 [00:26<00:18, 51.97step/s]
[Origin 12/13] 🎲 Drawing Posterior Samples:  36%|███▌      | 551/1528 [00:26<00:18, 52.11step/s]
[Origin 12/13] 🎲 Drawing Posterior Samples:  36%|███▋      | 557/1528 [00:26<00:18, 52.25step/s]
[Origin 12/13] 🎲 Drawing Posterior Samples:  37%|███▋      | 563/1528 [00:26<00:18, 52.24step/s]
[Origin 12/13] 🎲 Drawing Posterior Samples:  37%|███▋      | 569/1528 [00:26<00:18, 52.27step/s]
[Origin 12/13] 🎲 Drawing Posterior Samples:  38%|███▊      | 575/1528 [00:26<00:18, 52.17step/s]
[Origin 12/13] 🎲 Drawing Posterior Samples:  38%|███▊      | 581/1528 [00:27<00:18, 52.02step/s]
[Origin 12/13] 🎲 Drawing Posterior Samples:  38%|███▊      | 587/1528 [00:27<00:18, 51.87step/s]
[Origin 12/13] 🎲 Drawing Posterior Samples:  39%|███▉      | 593/1528 [00:27<00:18, 51.85step/s]
[Origin 12/13] 🎲 Drawing Posterior Samples:  39%|███▉      | 599/1528 [00:27<00:17, 51.93step/s]
[Origin 12/13] 🎲 Drawing Posterior Samples:  40%|███▉      | 605/1528 [00:27<00:17, 52.01step/s]
[Origin 12/13] 🎲 Drawing Posterior Samples:  40%|███▉      | 611/1528 [00:27<00:17, 52.11step/s]
[Origin 12/13] 🎲 Drawing Posterior Samples:  40%|████      | 617/1528 [00:27<00:17, 52.16step/s]
[Origin 12/13] 🎲 Drawing Posterior Samples:  41%|████      | 623/1528 [00:27<00:17, 52.18step/s]
[Origin 12/13] 🎲 Drawing Posterior Samples:  41%|████      | 629/1528 [00:27<00:17, 52.19step/s]
[Origin 12/13] 🎲 Drawing Posterior Samples:  42%|████▏     | 635/1528 [00:28<00:17, 52.18step/s]
[Origin 12/13] 🎲 Drawing Posterior Samples:  42%|████▏     | 641/1528 [00:28<00:17, 52.15step/s]
[Origin 12/13] 🎲 Drawing Posterior Samples:  42%|████▏     | 647/1528 [00:28<00:16, 52.07step/s]
[Origin 12/13] 🎲 Drawing Posterior Samples:  43%|████▎     | 653/1528 [00:28<00:16, 52.02step/s]
[Origin 12/13] 🎲 Drawing Posterior Samples:  43%|████▎     | 659/1528 [00:28<00:16, 52.06step/s]
[Origin 12/13] 🎲 Drawing Posterior Samples:  44%|████▎     | 665/1528 [00:28<00:16, 52.12step/s]
[Origin 12/13] 🎲 Drawing Posterior Samples:  44%|████▍     | 671/1528 [00:28<00:16, 52.14step/s]
[Origin 12/13] 🎲 Drawing Posterior Samples:  44%|████▍     | 677/1528 [00:28<00:16, 52.15step/s]
[Origin 12/13] 🎲 Drawing Posterior Samples:  45%|████▍     | 683/1528 [00:28<00:16, 52.19step/s]
[Origin 12/13] 🎲 Drawing Posterior Samples:  45%|████▌     | 689/1528 [00:29<00:16, 52.24step/s]
[Origin 12/13] 🎲 Drawing Posterior Samples:  45%|████▌     | 695/1528 [00:29<00:15, 52.18step/s]
[Origin 12/13] 🎲 Drawing Posterior Samples:  46%|████▌     | 701/1528 [00:29<00:15, 52.16step/s]
[Origin 12/13] 🎲 Drawing Posterior Samples:  46%|████▋     | 707/1528 [00:29<00:15, 52.14step/s]
[Origin 12/13] 🎲 Drawing Posterior Samples:  47%|████▋     | 713/1528 [00:29<00:15, 52.08step/s]
[Origin 12/13] 🎲 Drawing Posterior Samples:  47%|████▋     | 719/1528 [00:29<00:15, 52.04step/s]
[Origin 12/13] 🎲 Drawing Posterior Samples:  47%|████▋     | 725/1528 [00:29<00:15, 52.05step/s]
[Origin 12/13] 🎲 Drawing Posterior Samples:  48%|████▊     | 731/1528 [00:30<00:29, 27.16step/s]
[Origin 12/13] 🎲 Drawing Posterior Samples:  48%|████▊     | 736/1528 [00:30<00:45, 17.57step/s]
[Origin 12/13] 🎲 Drawing Posterior Samples:  48%|████▊     | 740/1528 [00:31<00:54, 14.38step/s]
[Origin 12/13] 🎲 Drawing Posterior Samples:  49%|████▊     | 743/1528 [00:31<01:00, 12.92step/s]
[Origin 12/13] 🎲 Drawing Posterior Samples:  49%|████▉     | 745/1528 [00:31<01:05, 11.97step/s]
[Origin 12/13] 🎲 Drawing Posterior Samples:  49%|████▉     | 747/1528 [00:32<01:09, 11.19step/s]
[Origin 12/13] 🎲 Drawing Posterior Samples:  49%|████▉     | 749/1528 [00:32<01:14, 10.40step/s]
[Origin 12/13] 🎲 Drawing Posterior Samples:  49%|████▉     | 751/1528 [00:32<01:18,  9.95step/s]
[Origin 12/13] 🎲 Drawing Posterior Samples:  49%|████▉     | 753/1528 [00:32<01:22,  9.35step/s]
[Origin 12/13] 🎲 Drawing Posterior Samples:  49%|████▉     | 755/1528 [00:33<01:24,  9.18step/s]
[Origin 12/13] 🎲 Drawing Posterior Samples:  49%|████▉     | 756/1528 [00:33<01:28,  8.70step/s]
[Origin 12/13] 🎲 Drawing Posterior Samples:  50%|████▉     | 757/1528 [00:33<01:29,  8.60step/s]
[Origin 12/13] 🎲 Drawing Posterior Samples:  50%|████▉     | 758/1528 [00:33<01:29,  8.57step/s]
[Origin 12/13] 🎲 Drawing Posterior Samples:  50%|████▉     | 759/1528 [00:33<01:37,  7.92step/s]
[Origin 12/13] 🎲 Drawing Posterior Samples:  50%|████▉     | 760/1528 [00:33<01:35,  8.06step/s]
[Origin 12/13] 🎲 Drawing Posterior Samples:  50%|████▉     | 761/1528 [00:33<01:38,  7.78step/s]
[Origin 12/13] 🎲 Drawing Posterior Samples:  50%|████▉     | 762/1528 [00:33<01:36,  7.92step/s]
[Origin 12/13] 🎲 Drawing Posterior Samples:  50%|████▉     | 763/1528 [00:34<01:46,  7.21step/s]
[Origin 12/13] 🎲 Drawing Posterior Samples:  50%|█████     | 764/1528 [00:34<01:41,  7.51step/s]
[Origin 12/13] 🎲 Drawing Posterior Samples:  50%|█████     | 765/1528 [00:46<44:44,  3.52s/step]
[Origin 12/13] 🎲 Drawing Posterior Samples:  50%|█████     | 771/1528 [00:46<12:55,  1.02s/step]
[Origin 12/13] 🎲 Drawing Posterior Samples:  51%|█████     | 780/1528 [00:46<05:08,  2.43step/s]
[Origin 12/13] 🎲 Drawing Posterior Samples:  52%|█████▏    | 787/1528 [00:46<03:07,  3.96step/s]
[Origin 12/13] 🎲 Drawing Posterior Samples:  52%|█████▏    | 794/1528 [00:46<02:01,  6.03step/s]
[Origin 12/13] 🎲 Drawing Posterior Samples:  52%|█████▏    | 801/1528 [00:46<01:23,  8.74step/s]
[Origin 12/13] 🎲 Drawing Posterior Samples:  53%|█████▎    | 808/1528 [00:46<00:58, 12.23step/s]
[Origin 12/13] 🎲 Drawing Posterior Samples:  53%|█████▎    | 815/1528 [00:46<00:43, 16.31step/s]
[Origin 12/13] 🎲 Drawing Posterior Samples:  54%|█████▎    | 821/1528 [00:46<00:35, 20.03step/s]
[Origin 12/13] 🎲 Drawing Posterior Samples:  54%|█████▍    | 827/1528 [00:47<00:28, 24.25step/s]
[Origin 12/13] 🎲 Drawing Posterior Samples:  55%|█████▍    | 833/1528 [00:47<00:24, 28.62step/s]
[Origin 12/13] 🎲 Drawing Posterior Samples:  55%|█████▍    | 839/1528 [00:47<00:20, 32.94step/s]
[Origin 12/13] 🎲 Drawing Posterior Samples:  55%|█████▌    | 845/1528 [00:47<00:18, 37.01step/s]
[Origin 12/13] 🎲 Drawing Posterior Samples:  56%|█████▌    | 851/1528 [00:47<00:16, 40.55step/s]
[Origin 12/13] 🎲 Drawing Posterior Samples:  56%|█████▌    | 857/1528 [00:47<00:15, 43.49step/s]
[Origin 12/13] 🎲 Drawing Posterior Samples:  56%|█████▋    | 863/1528 [00:47<00:14, 45.85step/s]
[Origin 12/13] 🎲 Drawing Posterior Samples:  57%|█████▋    | 869/1528 [00:47<00:13, 47.65step/s]
[Origin 12/13] 🎲 Drawing Posterior Samples:  57%|█████▋    | 875/1528 [00:47<00:13, 48.96step/s]
[Origin 12/13] 🎲 Drawing Posterior Samples:  58%|█████▊    | 881/1528 [00:48<00:12, 49.89step/s]
[Origin 12/13] 🎲 Drawing Posterior Samples:  58%|█████▊    | 887/1528 [00:48<00:12, 50.37step/s]
[Origin 12/13] 🎲 Drawing Posterior Samples:  58%|█████▊    | 893/1528 [00:48<00:12, 50.63step/s]
[Origin 12/13] 🎲 Drawing Posterior Samples:  59%|█████▉    | 899/1528 [00:48<00:12, 50.78step/s]
[Origin 12/13] 🎲 Drawing Posterior Samples:  59%|█████▉    | 905/1528 [00:48<00:12, 50.90step/s]
[Origin 12/13] 🎲 Drawing Posterior Samples:  60%|█████▉    | 911/1528 [00:48<00:12, 51.04step/s]
[Origin 12/13] 🎲 Drawing Posterior Samples:  60%|██████    | 917/1528 [00:48<00:11, 51.42step/s]
[Origin 12/13] 🎲 Drawing Posterior Samples:  60%|██████    | 923/1528 [00:48<00:11, 51.70step/s]
[Origin 12/13] 🎲 Drawing Posterior Samples:  61%|██████    | 929/1528 [00:49<00:11, 51.91step/s]
[Origin 12/13] 🎲 Drawing Posterior Samples:  61%|██████    | 935/1528 [00:49<00:11, 52.02step/s]
[Origin 12/13] 🎲 Drawing Posterior Samples:  62%|██████▏   | 941/1528 [00:49<00:11, 52.09step/s]
[Origin 12/13] 🎲 Drawing Posterior Samples:  62%|██████▏   | 947/1528 [00:49<00:11, 52.08step/s]
[Origin 12/13] 🎲 Drawing Posterior Samples:  62%|██████▏   | 953/1528 [00:49<00:11, 52.04step/s]
[Origin 12/13] 🎲 Drawing Posterior Samples:  63%|██████▎   | 959/1528 [00:49<00:10, 52.02step/s]
[Origin 12/13] 🎲 Drawing Posterior Samples:  63%|██████▎   | 965/1528 [00:49<00:10, 51.93step/s]
[Origin 12/13] 🎲 Drawing Posterior Samples:  64%|██████▎   | 971/1528 [00:49<00:10, 51.93step/s]
[Origin 12/13] 🎲 Drawing Posterior Samples:  64%|██████▍   | 977/1528 [00:49<00:10, 52.00step/s]
[Origin 12/13] 🎲 Drawing Posterior Samples:  64%|██████▍   | 983/1528 [00:50<00:10, 52.05step/s]
[Origin 12/13] 🎲 Drawing Posterior Samples:  65%|██████▍   | 989/1528 [00:50<00:10, 52.12step/s]
[Origin 12/13] 🎲 Drawing Posterior Samples:  65%|██████▌   | 995/1528 [00:50<00:10, 52.17step/s]
[Origin 12/13] 🎲 Drawing Posterior Samples:  66%|██████▌   | 1001/1528 [00:50<00:10, 52.16step/s]
[Origin 12/13] 🎲 Drawing Posterior Samples:  66%|██████▌   | 1007/1528 [00:50<00:09, 52.17step/s]
[Origin 12/13] 🎲 Drawing Posterior Samples:  66%|██████▋   | 1013/1528 [00:50<00:09, 52.15step/s]
[Origin 12/13] 🎲 Drawing Posterior Samples:  67%|██████▋   | 1019/1528 [00:50<00:09, 52.12step/s]
[Origin 12/13] 🎲 Drawing Posterior Samples:  67%|██████▋   | 1025/1528 [00:50<00:09, 52.08step/s]
[Origin 12/13] 🎲 Drawing Posterior Samples:  67%|██████▋   | 1031/1528 [00:50<00:09, 52.04step/s]
[Origin 12/13] 🎲 Drawing Posterior Samples:  68%|██████▊   | 1037/1528 [00:51<00:09, 52.04step/s]
[Origin 12/13] 🎲 Drawing Posterior Samples:  68%|██████▊   | 1043/1528 [00:51<00:09, 52.03step/s]
[Origin 12/13] 🎲 Drawing Posterior Samples:  69%|██████▊   | 1049/1528 [00:51<00:09, 52.09step/s]
[Origin 12/13] 🎲 Drawing Posterior Samples:  69%|██████▉   | 1055/1528 [00:51<00:09, 52.12step/s]
[Origin 12/13] 🎲 Drawing Posterior Samples:  69%|██████▉   | 1061/1528 [00:51<00:08, 52.12step/s]
[Origin 12/13] 🎲 Drawing Posterior Samples:  70%|██████▉   | 1067/1528 [00:51<00:08, 52.11step/s]
[Origin 12/13] 🎲 Drawing Posterior Samples:  70%|███████   | 1073/1528 [00:51<00:08, 52.09step/s]
[Origin 12/13] 🎲 Drawing Posterior Samples:  71%|███████   | 1079/1528 [00:51<00:08, 52.11step/s]
[Origin 12/13] 🎲 Drawing Posterior Samples:  71%|███████   | 1085/1528 [00:52<00:08, 52.08step/s]
[Origin 12/13] 🎲 Drawing Posterior Samples:  71%|███████▏  | 1091/1528 [00:52<00:08, 52.06step/s]
[Origin 12/13] 🎲 Drawing Posterior Samples:  72%|███████▏  | 1097/1528 [00:52<00:08, 52.03step/s]
[Origin 12/13] 🎲 Drawing Posterior Samples:  72%|███████▏  | 1103/1528 [00:52<00:08, 52.04step/s]
[Origin 12/13] 🎲 Drawing Posterior Samples:  73%|███████▎  | 1109/1528 [00:52<00:08, 52.01step/s]
[Origin 12/13] 🎲 Drawing Posterior Samples:  73%|███████▎  | 1115/1528 [00:53<00:21, 19.33step/s]
[Origin 12/13] 🎲 Drawing Posterior Samples:  73%|███████▎  | 1119/1528 [00:53<00:29, 13.80step/s]
[Origin 12/13] 🎲 Drawing Posterior Samples:  73%|███████▎  | 1122/1528 [00:54<00:34, 11.86step/s]
[Origin 12/13] 🎲 Drawing Posterior Samples:  74%|███████▎  | 1125/1528 [00:54<00:38, 10.47step/s]
[Origin 12/13] 🎲 Drawing Posterior Samples:  74%|███████▍  | 1127/1528 [00:54<00:40,  9.97step/s]
[Origin 12/13] 🎲 Drawing Posterior Samples:  74%|███████▍  | 1129/1528 [00:55<00:43,  9.20step/s]
[Origin 12/13] 🎲 Drawing Posterior Samples:  74%|███████▍  | 1131/1528 [00:55<00:47,  8.44step/s]
[Origin 12/13] 🎲 Drawing Posterior Samples:  74%|███████▍  | 1133/1528 [00:55<00:49,  7.93step/s]
[Origin 12/13] 🎲 Drawing Posterior Samples:  74%|███████▍  | 1134/1528 [00:55<00:51,  7.70step/s]
[Origin 12/13] 🎲 Drawing Posterior Samples:  74%|███████▍  | 1135/1528 [00:56<00:53,  7.37step/s]
[Origin 12/13] 🎲 Drawing Posterior Samples:  74%|███████▍  | 1136/1528 [00:56<00:54,  7.23step/s]
[Origin 12/13] 🎲 Drawing Posterior Samples:  74%|███████▍  | 1137/1528 [00:56<00:56,  6.98step/s]
[Origin 12/13] 🎲 Drawing Posterior Samples:  74%|███████▍  | 1138/1528 [00:56<00:54,  7.14step/s]
[Origin 12/13] 🎲 Drawing Posterior Samples:  75%|███████▍  | 1139/1528 [00:56<00:54,  7.14step/s]
[Origin 12/13] 🎲 Drawing Posterior Samples:  75%|███████▍  | 1140/1528 [00:56<00:55,  6.98step/s]
[Origin 12/13] 🎲 Drawing Posterior Samples:  75%|███████▍  | 1141/1528 [00:56<00:58,  6.67step/s]
[Origin 12/13] 🎲 Drawing Posterior Samples:  75%|███████▍  | 1142/1528 [00:57<00:56,  6.84step/s]
[Origin 12/13] 🎲 Drawing Posterior Samples:  75%|███████▍  | 1143/1528 [00:57<00:57,  6.71step/s]
[Origin 12/13] 🎲 Drawing Posterior Samples:  75%|███████▍  | 1144/1528 [00:57<00:56,  6.78step/s]
[Origin 12/13] 🎲 Drawing Posterior Samples:  75%|███████▍  | 1145/1528 [00:57<00:55,  6.89step/s]
[Origin 12/13] 🎲 Drawing Posterior Samples:  75%|███████▌  | 1146/1528 [00:57<00:55,  6.85step/s]
[Origin 12/13] 🎲 Drawing Posterior Samples:  75%|███████▌  | 1147/1528 [01:10<24:46,  3.90s/step]
[Origin 12/13] 🎲 Drawing Posterior Samples:  75%|███████▌  | 1153/1528 [01:10<06:57,  1.11s/step]
[Origin 12/13] 🎲 Drawing Posterior Samples:  76%|███████▌  | 1159/1528 [01:10<03:26,  1.79step/s]
[Origin 12/13] 🎲 Drawing Posterior Samples:  76%|███████▌  | 1165/1528 [01:10<02:00,  3.01step/s]
[Origin 12/13] 🎲 Drawing Posterior Samples:  77%|███████▋  | 1171/1528 [01:10<01:16,  4.65step/s]
[Origin 12/13] 🎲 Drawing Posterior Samples:  77%|███████▋  | 1177/1528 [01:11<00:51,  6.82step/s]
[Origin 12/13] 🎲 Drawing Posterior Samples:  77%|███████▋  | 1183/1528 [01:11<00:35,  9.59step/s]
[Origin 12/13] 🎲 Drawing Posterior Samples:  78%|███████▊  | 1189/1528 [01:11<00:26, 13.03step/s]
[Origin 12/13] 🎲 Drawing Posterior Samples:  78%|███████▊  | 1195/1528 [01:11<00:19, 17.08step/s]
[Origin 12/13] 🎲 Drawing Posterior Samples:  79%|███████▊  | 1201/1528 [01:11<00:15, 21.59step/s]
[Origin 12/13] 🎲 Drawing Posterior Samples:  79%|███████▉  | 1207/1528 [01:11<00:12, 26.30step/s]
[Origin 12/13] 🎲 Drawing Posterior Samples:  79%|███████▉  | 1213/1528 [01:11<00:10, 30.93step/s]
[Origin 12/13] 🎲 Drawing Posterior Samples:  80%|███████▉  | 1219/1528 [01:11<00:08, 35.19step/s]
[Origin 12/13] 🎲 Drawing Posterior Samples:  80%|████████  | 1225/1528 [01:12<00:07, 38.89step/s]
[Origin 12/13] 🎲 Drawing Posterior Samples:  81%|████████  | 1231/1528 [01:12<00:07, 41.96step/s]
[Origin 12/13] 🎲 Drawing Posterior Samples:  81%|████████  | 1237/1528 [01:12<00:06, 44.52step/s]
[Origin 12/13] 🎲 Drawing Posterior Samples:  81%|████████▏ | 1243/1528 [01:12<00:06, 46.64step/s]
[Origin 12/13] 🎲 Drawing Posterior Samples:  82%|████████▏ | 1249/1528 [01:12<00:05, 48.24step/s]
[Origin 12/13] 🎲 Drawing Posterior Samples:  82%|████████▏ | 1255/1528 [01:12<00:05, 49.44step/s]
[Origin 12/13] 🎲 Drawing Posterior Samples:  83%|████████▎ | 1261/1528 [01:12<00:05, 50.32step/s]
[Origin 12/13] 🎲 Drawing Posterior Samples:  83%|████████▎ | 1267/1528 [01:12<00:05, 50.97step/s]
[Origin 12/13] 🎲 Drawing Posterior Samples:  83%|████████▎ | 1273/1528 [01:12<00:04, 51.37step/s]
[Origin 12/13] 🎲 Drawing Posterior Samples:  84%|████████▎ | 1279/1528 [01:13<00:04, 51.57step/s]
[Origin 12/13] 🎲 Drawing Posterior Samples:  84%|████████▍ | 1285/1528 [01:13<00:04, 51.66step/s]
[Origin 12/13] 🎲 Drawing Posterior Samples:  84%|████████▍ | 1291/1528 [01:13<00:04, 51.68step/s]
[Origin 12/13] 🎲 Drawing Posterior Samples:  85%|████████▍ | 1297/1528 [01:13<00:04, 51.75step/s]
[Origin 12/13] 🎲 Drawing Posterior Samples:  85%|████████▌ | 1303/1528 [01:13<00:04, 51.86step/s]
[Origin 12/13] 🎲 Drawing Posterior Samples:  86%|████████▌ | 1309/1528 [01:13<00:04, 51.96step/s]
[Origin 12/13] 🎲 Drawing Posterior Samples:  86%|████████▌ | 1315/1528 [01:13<00:04, 52.07step/s]
[Origin 12/13] 🎲 Drawing Posterior Samples:  86%|████████▋ | 1321/1528 [01:13<00:03, 52.14step/s]
[Origin 12/13] 🎲 Drawing Posterior Samples:  87%|████████▋ | 1327/1528 [01:13<00:03, 51.43step/s]
[Origin 12/13] 🎲 Drawing Posterior Samples:  87%|████████▋ | 1333/1528 [01:14<00:04, 45.82step/s]
[Origin 12/13] 🎲 Drawing Posterior Samples:  88%|████████▊ | 1339/1528 [01:14<00:03, 47.63step/s]
[Origin 12/13] 🎲 Drawing Posterior Samples:  88%|████████▊ | 1345/1528 [01:14<00:03, 48.81step/s]
[Origin 12/13] 🎲 Drawing Posterior Samples:  88%|████████▊ | 1351/1528 [01:14<00:03, 49.43step/s]
[Origin 12/13] 🎲 Drawing Posterior Samples:  89%|████████▊ | 1356/1528 [01:14<00:03, 49.55step/s]
[Origin 12/13] 🎲 Drawing Posterior Samples:  89%|████████▉ | 1361/1528 [01:14<00:03, 49.50step/s]
[Origin 12/13] 🎲 Drawing Posterior Samples:  89%|████████▉ | 1367/1528 [01:14<00:03, 49.70step/s]
[Origin 12/13] 🎲 Drawing Posterior Samples:  90%|████████▉ | 1373/1528 [01:14<00:03, 50.38step/s]
[Origin 12/13] 🎲 Drawing Posterior Samples:  90%|█████████ | 1379/1528 [01:15<00:02, 50.92step/s]
[Origin 12/13] 🎲 Drawing Posterior Samples:  91%|█████████ | 1385/1528 [01:15<00:02, 51.23step/s]
[Origin 12/13] 🎲 Drawing Posterior Samples:  91%|█████████ | 1391/1528 [01:15<00:02, 51.55step/s]
[Origin 12/13] 🎲 Drawing Posterior Samples:  91%|█████████▏| 1397/1528 [01:15<00:02, 51.82step/s]
[Origin 12/13] 🎲 Drawing Posterior Samples:  92%|█████████▏| 1403/1528 [01:15<00:02, 52.04step/s]
[Origin 12/13] 🎲 Drawing Posterior Samples:  92%|█████████▏| 1409/1528 [01:15<00:02, 52.14step/s]
[Origin 12/13] 🎲 Drawing Posterior Samples:  93%|█████████▎| 1415/1528 [01:15<00:02, 52.17step/s]
[Origin 12/13] 🎲 Drawing Posterior Samples:  93%|█████████▎| 1421/1528 [01:15<00:02, 52.04step/s]
[Origin 12/13] 🎲 Drawing Posterior Samples:  93%|█████████▎| 1427/1528 [01:15<00:01, 51.87step/s]
[Origin 12/13] 🎲 Drawing Posterior Samples:  94%|█████████▍| 1433/1528 [01:16<00:01, 51.72step/s]
[Origin 12/13] 🎲 Drawing Posterior Samples:  94%|█████████▍| 1439/1528 [01:16<00:01, 51.71step/s]
[Origin 12/13] 🎲 Drawing Posterior Samples:  95%|█████████▍| 1445/1528 [01:16<00:01, 51.81step/s]
[Origin 12/13] 🎲 Drawing Posterior Samples:  95%|█████████▍| 1451/1528 [01:16<00:01, 51.92step/s]
[Origin 12/13] 🎲 Drawing Posterior Samples:  95%|█████████▌| 1457/1528 [01:16<00:01, 52.02step/s]
[Origin 12/13] 🎲 Drawing Posterior Samples:  96%|█████████▌| 1463/1528 [01:16<00:01, 52.12step/s]
[Origin 12/13] 🎲 Drawing Posterior Samples:  96%|█████████▌| 1469/1528 [01:16<00:01, 52.17step/s]
[Origin 12/13] 🎲 Drawing Posterior Samples:  97%|█████████▋| 1475/1528 [01:16<00:01, 52.18step/s]
[Origin 12/13] 🎲 Drawing Posterior Samples:  97%|█████████▋| 1481/1528 [01:16<00:00, 52.17step/s]
[Origin 12/13] 🎲 Drawing Posterior Samples:  97%|█████████▋| 1487/1528 [01:17<00:00, 52.10step/s]
[Origin 12/13] 🎲 Drawing Posterior Samples:  98%|█████████▊| 1493/1528 [01:17<00:00, 37.66step/s]
[Origin 12/13] 🎲 Drawing Posterior Samples:  98%|█████████▊| 1498/1528 [01:18<00:01, 17.46step/s]
[Origin 12/13] 🎲 Drawing Posterior Samples:  98%|█████████▊| 1502/1528 [01:18<00:02, 12.93step/s]
[Origin 12/13] 🎲 Drawing Posterior Samples:  98%|█████████▊| 1505/1528 [01:19<00:02, 11.02step/s]
[Origin 12/13] 🎲 Drawing Posterior Samples:  99%|█████████▊| 1507/1528 [01:19<00:02,  9.72step/s]
[Origin 12/13] 🎲 Drawing Posterior Samples:  99%|█████████▉| 1509/1528 [01:19<00:02,  8.73step/s]
[Origin 12/13] 🎲 Drawing Posterior Samples:  99%|█████████▉| 1511/1528 [01:20<00:02,  7.97step/s]
[Origin 12/13] 🎲 Drawing Posterior Samples:  99%|█████████▉| 1513/1528 [01:20<00:02,  7.14step/s]
[Origin 12/13] 🎲 Drawing Posterior Samples:  99%|█████████▉| 1514/1528 [01:20<00:01,  7.01step/s]
[Origin 12/13] 🎲 Drawing Posterior Samples:  99%|█████████▉| 1515/1528 [01:20<00:01,  6.80step/s]
[Origin 12/13] 🎲 Drawing Posterior Samples:  99%|█████████▉| 1516/1528 [01:20<00:01,  6.44step/s]
[Origin 12/13] 🎲 Drawing Posterior Samples:  99%|█████████▉| 1517/1528 [01:21<00:01,  6.30step/s]
[Origin 12/13] 🎲 Drawing Posterior Samples:  99%|█████████▉| 1518/1528 [01:21<00:01,  6.35step/s]
[Origin 12/13] 🎲 Drawing Posterior Samples:  99%|█████████▉| 1519/1528 [01:21<00:01,  5.90step/s]
[Origin 12/13] 🎲 Drawing Posterior Samples:  99%|█████████▉| 1520/1528 [01:21<00:01,  5.76step/s]
[Origin 12/13] 🎲 Drawing Posterior Samples: 100%|█████████▉| 1521/1528 [01:21<00:01,  5.42step/s]
[Origin 12/13] 🎲 Drawing Posterior Samples: 100%|█████████▉| 1522/1528 [01:22<00:01,  5.42step/s]
[Origin 12/13] 🎲 Drawing Posterior Samples: 100%|█████████▉| 1523/1528 [01:22<00:00,  5.58step/s]
[Origin 12/13] 🎲 Drawing Posterior Samples: 100%|█████████▉| 1524/1528 [01:22<00:00,  5.57step/s]
[Origin 12/13] 🎲 Drawing Posterior Samples: 100%|█████████▉| 1525/1528 [01:22<00:00,  5.66step/s]
[Origin 12/13] 🎲 Drawing Posterior Samples: 100%|█████████▉| 1526/1528 [01:22<00:00,  5.71step/s]
[Origin 12/13] 🎲 Drawing Posterior Samples: 100%|█████████▉| 1527/1528 [01:22<00:00,  5.78step/s]
[Origin 12/13] 🎲 Drawing Posterior Samples: 100%|██████████| 1528/1528 [01:23<00:00,  5.57step/s]
                                                                                                  

[Origin 13/13] 🎲 Drawing Posterior Samples:   0%|          | 0/1532 [00:00<?, ?step/s]
[Origin 13/13] 🎲 Drawing Posterior Samples:   0%|          | 7/1532 [00:00<00:25, 60.56step/s]
[Origin 13/13] 🎲 Drawing Posterior Samples:   1%|          | 14/1532 [00:00<00:27, 55.58step/s]
[Origin 13/13] 🎲 Drawing Posterior Samples:   1%|▏         | 20/1532 [00:00<00:27, 54.42step/s]
[Origin 13/13] 🎲 Drawing Posterior Samples:   2%|▏         | 26/1532 [00:00<00:28, 53.75step/s]
[Origin 13/13] 🎲 Drawing Posterior Samples:   2%|▏         | 32/1532 [00:00<00:28, 53.42step/s]
[Origin 13/13] 🎲 Drawing Posterior Samples:   2%|▏         | 38/1532 [00:00<00:28, 53.21step/s]
[Origin 13/13] 🎲 Drawing Posterior Samples:   3%|▎         | 44/1532 [00:00<00:28, 53.04step/s]
[Origin 13/13] 🎲 Drawing Posterior Samples:   3%|▎         | 50/1532 [00:00<00:28, 52.89step/s]
[Origin 13/13] 🎲 Drawing Posterior Samples:   4%|▎         | 56/1532 [00:01<00:28, 52.54step/s]
[Origin 13/13] 🎲 Drawing Posterior Samples:   4%|▍         | 62/1532 [00:01<00:28, 52.27step/s]
[Origin 13/13] 🎲 Drawing Posterior Samples:   4%|▍         | 68/1532 [00:01<00:28, 52.00step/s]
[Origin 13/13] 🎲 Drawing Posterior Samples:   5%|▍         | 74/1532 [00:01<00:28, 51.78step/s]
[Origin 13/13] 🎲 Drawing Posterior Samples:   5%|▌         | 80/1532 [00:01<00:28, 51.63step/s]
[Origin 13/13] 🎲 Drawing Posterior Samples:   6%|▌         | 86/1532 [00:01<00:27, 51.75step/s]
[Origin 13/13] 🎲 Drawing Posterior Samples:   6%|▌         | 92/1532 [00:01<00:27, 51.82step/s]
[Origin 13/13] 🎲 Drawing Posterior Samples:   6%|▋         | 98/1532 [00:01<00:27, 52.02step/s]
[Origin 13/13] 🎲 Drawing Posterior Samples:   7%|▋         | 104/1532 [00:01<00:27, 52.20step/s]
[Origin 13/13] 🎲 Drawing Posterior Samples:   7%|▋         | 110/1532 [00:02<00:27, 52.31step/s]
[Origin 13/13] 🎲 Drawing Posterior Samples:   8%|▊         | 116/1532 [00:02<00:27, 52.38step/s]
[Origin 13/13] 🎲 Drawing Posterior Samples:   8%|▊         | 122/1532 [00:02<00:26, 52.43step/s]
[Origin 13/13] 🎲 Drawing Posterior Samples:   8%|▊         | 128/1532 [00:02<00:26, 52.39step/s]
[Origin 13/13] 🎲 Drawing Posterior Samples:   9%|▊         | 134/1532 [00:02<00:26, 52.30step/s]
[Origin 13/13] 🎲 Drawing Posterior Samples:   9%|▉         | 140/1532 [00:02<00:26, 52.10step/s]
[Origin 13/13] 🎲 Drawing Posterior Samples:  10%|▉         | 146/1532 [00:02<00:26, 51.67step/s]
[Origin 13/13] 🎲 Drawing Posterior Samples:  10%|▉         | 152/1532 [00:02<00:27, 51.08step/s]
[Origin 13/13] 🎲 Drawing Posterior Samples:  10%|█         | 158/1532 [00:03<00:26, 50.89step/s]
[Origin 13/13] 🎲 Drawing Posterior Samples:  11%|█         | 164/1532 [00:03<00:26, 51.18step/s]
[Origin 13/13] 🎲 Drawing Posterior Samples:  11%|█         | 170/1532 [00:03<00:26, 51.55step/s]
[Origin 13/13] 🎲 Drawing Posterior Samples:  11%|█▏        | 176/1532 [00:03<00:26, 51.85step/s]
[Origin 13/13] 🎲 Drawing Posterior Samples:  12%|█▏        | 182/1532 [00:03<00:25, 52.01step/s]
[Origin 13/13] 🎲 Drawing Posterior Samples:  12%|█▏        | 188/1532 [00:03<00:25, 52.13step/s]
[Origin 13/13] 🎲 Drawing Posterior Samples:  13%|█▎        | 194/1532 [00:03<00:25, 52.17step/s]
[Origin 13/13] 🎲 Drawing Posterior Samples:  13%|█▎        | 200/1532 [00:03<00:25, 52.18step/s]
[Origin 13/13] 🎲 Drawing Posterior Samples:  13%|█▎        | 206/1532 [00:03<00:25, 52.21step/s]
[Origin 13/13] 🎲 Drawing Posterior Samples:  14%|█▍        | 212/1532 [00:04<00:25, 52.13step/s]
[Origin 13/13] 🎲 Drawing Posterior Samples:  14%|█▍        | 218/1532 [00:04<00:25, 51.99step/s]
[Origin 13/13] 🎲 Drawing Posterior Samples:  15%|█▍        | 224/1532 [00:04<00:25, 51.88step/s]
[Origin 13/13] 🎲 Drawing Posterior Samples:  15%|█▌        | 230/1532 [00:04<00:25, 52.02step/s]
[Origin 13/13] 🎲 Drawing Posterior Samples:  15%|█▌        | 236/1532 [00:04<00:24, 52.09step/s]
[Origin 13/13] 🎲 Drawing Posterior Samples:  16%|█▌        | 242/1532 [00:04<00:24, 52.17step/s]
[Origin 13/13] 🎲 Drawing Posterior Samples:  16%|█▌        | 248/1532 [00:04<00:24, 52.22step/s]
[Origin 13/13] 🎲 Drawing Posterior Samples:  17%|█▋        | 254/1532 [00:04<00:24, 52.28step/s]
[Origin 13/13] 🎲 Drawing Posterior Samples:  17%|█▋        | 260/1532 [00:04<00:24, 52.31step/s]
[Origin 13/13] 🎲 Drawing Posterior Samples:  17%|█▋        | 266/1532 [00:05<00:24, 52.29step/s]
[Origin 13/13] 🎲 Drawing Posterior Samples:  18%|█▊        | 272/1532 [00:05<00:24, 52.25step/s]
[Origin 13/13] 🎲 Drawing Posterior Samples:  18%|█▊        | 278/1532 [00:05<00:24, 52.16step/s]
[Origin 13/13] 🎲 Drawing Posterior Samples:  19%|█▊        | 284/1532 [00:05<00:23, 52.07step/s]
[Origin 13/13] 🎲 Drawing Posterior Samples:  19%|█▉        | 290/1532 [00:05<00:23, 52.07step/s]
[Origin 13/13] 🎲 Drawing Posterior Samples:  19%|█▉        | 296/1532 [00:05<00:23, 52.10step/s]
[Origin 13/13] 🎲 Drawing Posterior Samples:  20%|█▉        | 302/1532 [00:05<00:23, 52.18step/s]
[Origin 13/13] 🎲 Drawing Posterior Samples:  20%|██        | 308/1532 [00:05<00:23, 52.22step/s]
[Origin 13/13] 🎲 Drawing Posterior Samples:  20%|██        | 314/1532 [00:06<00:23, 52.24step/s]
[Origin 13/13] 🎲 Drawing Posterior Samples:  21%|██        | 320/1532 [00:06<00:26, 46.03step/s]
[Origin 13/13] 🎲 Drawing Posterior Samples:  21%|██▏       | 326/1532 [00:06<00:25, 47.82step/s]
[Origin 13/13] 🎲 Drawing Posterior Samples:  22%|██▏       | 332/1532 [00:06<00:24, 49.04step/s]
[Origin 13/13] 🎲 Drawing Posterior Samples:  22%|██▏       | 338/1532 [00:06<00:23, 49.91step/s]
[Origin 13/13] 🎲 Drawing Posterior Samples:  22%|██▏       | 344/1532 [00:06<00:23, 50.57step/s]
[Origin 13/13] 🎲 Drawing Posterior Samples:  23%|██▎       | 350/1532 [00:07<00:46, 25.64step/s]
[Origin 13/13] 🎲 Drawing Posterior Samples:  23%|██▎       | 354/1532 [00:07<01:04, 18.12step/s]
[Origin 13/13] 🎲 Drawing Posterior Samples:  23%|██▎       | 358/1532 [00:08<01:20, 14.56step/s]
[Origin 13/13] 🎲 Drawing Posterior Samples:  24%|██▎       | 361/1532 [00:08<01:31, 12.82step/s]
[Origin 13/13] 🎲 Drawing Posterior Samples:  24%|██▎       | 363/1532 [00:08<01:36, 12.09step/s]
[Origin 13/13] 🎲 Drawing Posterior Samples:  24%|██▍       | 365/1532 [00:08<01:42, 11.34step/s]
[Origin 13/13] 🎲 Drawing Posterior Samples:  24%|██▍       | 367/1532 [00:09<01:48, 10.75step/s]
[Origin 13/13] 🎲 Drawing Posterior Samples:  24%|██▍       | 369/1532 [00:09<01:51, 10.39step/s]
[Origin 13/13] 🎲 Drawing Posterior Samples:  24%|██▍       | 371/1532 [00:09<01:56,  9.96step/s]
[Origin 13/13] 🎲 Drawing Posterior Samples:  24%|██▍       | 373/1532 [00:09<02:01,  9.54step/s]
[Origin 13/13] 🎲 Drawing Posterior Samples:  24%|██▍       | 375/1532 [00:09<02:05,  9.19step/s]
[Origin 13/13] 🎲 Drawing Posterior Samples:  25%|██▍       | 376/1532 [00:10<02:09,  8.91step/s]
[Origin 13/13] 🎲 Drawing Posterior Samples:  25%|██▍       | 377/1532 [00:10<02:11,  8.78step/s]
[Origin 13/13] 🎲 Drawing Posterior Samples:  25%|██▍       | 378/1532 [00:10<02:16,  8.45step/s]
[Origin 13/13] 🎲 Drawing Posterior Samples:  25%|██▍       | 379/1532 [00:10<02:20,  8.23step/s]
[Origin 13/13] 🎲 Drawing Posterior Samples:  25%|██▍       | 380/1532 [00:10<02:26,  7.88step/s]
[Origin 13/13] 🎲 Drawing Posterior Samples:  25%|██▍       | 381/1532 [00:10<02:28,  7.76step/s]
[Origin 13/13] 🎲 Drawing Posterior Samples:  25%|██▍       | 382/1532 [00:10<02:32,  7.55step/s]
[Origin 13/13] 🎲 Drawing Posterior Samples:  25%|██▌       | 383/1532 [00:11<02:34,  7.44step/s]
[Origin 13/13] 🎲 Drawing Posterior Samples:  25%|██▌       | 384/1532 [00:29<1:45:19,  5.51s/step]
[Origin 13/13] 🎲 Drawing Posterior Samples:  25%|██▌       | 390/1532 [00:30<30:35,  1.61s/step]  
[Origin 13/13] 🎲 Drawing Posterior Samples:  26%|██▌       | 396/1532 [00:30<15:17,  1.24step/s]
[Origin 13/13] 🎲 Drawing Posterior Samples:  26%|██▌       | 402/1532 [00:30<08:59,  2.09step/s]
[Origin 13/13] 🎲 Drawing Posterior Samples:  27%|██▋       | 408/1532 [00:30<05:43,  3.27step/s]
[Origin 13/13] 🎲 Drawing Posterior Samples:  27%|██▋       | 414/1532 [00:30<03:50,  4.86step/s]
[Origin 13/13] 🎲 Drawing Posterior Samples:  27%|██▋       | 420/1532 [00:30<02:39,  6.95step/s]
[Origin 13/13] 🎲 Drawing Posterior Samples:  28%|██▊       | 426/1532 [00:30<01:54,  9.65step/s]
[Origin 13/13] 🎲 Drawing Posterior Samples:  28%|██▊       | 432/1532 [00:30<01:24, 12.99step/s]
[Origin 13/13] 🎲 Drawing Posterior Samples:  29%|██▊       | 438/1532 [00:30<01:04, 16.94step/s]
[Origin 13/13] 🎲 Drawing Posterior Samples:  29%|██▉       | 444/1532 [00:31<00:50, 21.34step/s]
[Origin 13/13] 🎲 Drawing Posterior Samples:  29%|██▉       | 450/1532 [00:31<00:41, 25.99step/s]
[Origin 13/13] 🎲 Drawing Posterior Samples:  30%|██▉       | 456/1532 [00:31<00:35, 30.58step/s]
[Origin 13/13] 🎲 Drawing Posterior Samples:  30%|███       | 462/1532 [00:31<00:30, 34.83step/s]
[Origin 13/13] 🎲 Drawing Posterior Samples:  31%|███       | 468/1532 [00:31<00:27, 38.65step/s]
[Origin 13/13] 🎲 Drawing Posterior Samples:  31%|███       | 474/1532 [00:31<00:25, 41.95step/s]
[Origin 13/13] 🎲 Drawing Posterior Samples:  31%|███▏      | 480/1532 [00:31<00:23, 44.66step/s]
[Origin 13/13] 🎲 Drawing Posterior Samples:  32%|███▏      | 486/1532 [00:31<00:22, 46.74step/s]
[Origin 13/13] 🎲 Drawing Posterior Samples:  32%|███▏      | 492/1532 [00:31<00:21, 48.38step/s]
[Origin 13/13] 🎲 Drawing Posterior Samples:  33%|███▎      | 498/1532 [00:32<00:20, 49.55step/s]
[Origin 13/13] 🎲 Drawing Posterior Samples:  33%|███▎      | 504/1532 [00:32<00:20, 50.29step/s]
[Origin 13/13] 🎲 Drawing Posterior Samples:  33%|███▎      | 510/1532 [00:32<00:20, 50.77step/s]
[Origin 13/13] 🎲 Drawing Posterior Samples:  34%|███▎      | 516/1532 [00:32<00:19, 51.15step/s]
[Origin 13/13] 🎲 Drawing Posterior Samples:  34%|███▍      | 522/1532 [00:32<00:19, 51.32step/s]
[Origin 13/13] 🎲 Drawing Posterior Samples:  34%|███▍      | 528/1532 [00:32<00:19, 51.43step/s]
[Origin 13/13] 🎲 Drawing Posterior Samples:  35%|███▍      | 534/1532 [00:32<00:19, 51.58step/s]
[Origin 13/13] 🎲 Drawing Posterior Samples:  35%|███▌      | 540/1532 [00:32<00:19, 51.73step/s]
[Origin 13/13] 🎲 Drawing Posterior Samples:  36%|███▌      | 546/1532 [00:33<00:19, 51.89step/s]
[Origin 13/13] 🎲 Drawing Posterior Samples:  36%|███▌      | 552/1532 [00:33<00:18, 52.05step/s]
[Origin 13/13] 🎲 Drawing Posterior Samples:  36%|███▋      | 558/1532 [00:33<00:18, 52.18step/s]
[Origin 13/13] 🎲 Drawing Posterior Samples:  37%|███▋      | 564/1532 [00:33<00:18, 52.26step/s]
[Origin 13/13] 🎲 Drawing Posterior Samples:  37%|███▋      | 570/1532 [00:33<00:18, 52.26step/s]
[Origin 13/13] 🎲 Drawing Posterior Samples:  38%|███▊      | 576/1532 [00:33<00:18, 52.29step/s]
[Origin 13/13] 🎲 Drawing Posterior Samples:  38%|███▊      | 582/1532 [00:33<00:18, 52.21step/s]
[Origin 13/13] 🎲 Drawing Posterior Samples:  38%|███▊      | 588/1532 [00:33<00:18, 52.16step/s]
[Origin 13/13] 🎲 Drawing Posterior Samples:  39%|███▉      | 594/1532 [00:33<00:18, 52.10step/s]
[Origin 13/13] 🎲 Drawing Posterior Samples:  39%|███▉      | 600/1532 [00:34<00:17, 52.08step/s]
[Origin 13/13] 🎲 Drawing Posterior Samples:  40%|███▉      | 606/1532 [00:34<00:17, 52.12step/s]
[Origin 13/13] 🎲 Drawing Posterior Samples:  40%|███▉      | 612/1532 [00:34<00:17, 52.15step/s]
[Origin 13/13] 🎲 Drawing Posterior Samples:  40%|████      | 618/1532 [00:34<00:17, 52.18step/s]
[Origin 13/13] 🎲 Drawing Posterior Samples:  41%|████      | 624/1532 [00:34<00:17, 52.23step/s]
[Origin 13/13] 🎲 Drawing Posterior Samples:  41%|████      | 630/1532 [00:34<00:17, 52.23step/s]
[Origin 13/13] 🎲 Drawing Posterior Samples:  42%|████▏     | 636/1532 [00:34<00:17, 52.23step/s]
[Origin 13/13] 🎲 Drawing Posterior Samples:  42%|████▏     | 642/1532 [00:34<00:17, 52.25step/s]
[Origin 13/13] 🎲 Drawing Posterior Samples:  42%|████▏     | 648/1532 [00:34<00:16, 52.24step/s]
[Origin 13/13] 🎲 Drawing Posterior Samples:  43%|████▎     | 654/1532 [00:35<00:16, 52.19step/s]
[Origin 13/13] 🎲 Drawing Posterior Samples:  43%|████▎     | 660/1532 [00:35<00:16, 52.18step/s]
[Origin 13/13] 🎲 Drawing Posterior Samples:  43%|████▎     | 666/1532 [00:35<00:16, 52.18step/s]
[Origin 13/13] 🎲 Drawing Posterior Samples:  44%|████▍     | 672/1532 [00:35<00:16, 52.14step/s]
[Origin 13/13] 🎲 Drawing Posterior Samples:  44%|████▍     | 678/1532 [00:35<00:16, 52.18step/s]
[Origin 13/13] 🎲 Drawing Posterior Samples:  45%|████▍     | 684/1532 [00:35<00:16, 52.17step/s]
[Origin 13/13] 🎲 Drawing Posterior Samples:  45%|████▌     | 690/1532 [00:35<00:16, 52.24step/s]
[Origin 13/13] 🎲 Drawing Posterior Samples:  45%|████▌     | 696/1532 [00:35<00:16, 52.24step/s]
[Origin 13/13] 🎲 Drawing Posterior Samples:  46%|████▌     | 702/1532 [00:36<00:15, 52.22step/s]
[Origin 13/13] 🎲 Drawing Posterior Samples:  46%|████▌     | 708/1532 [00:36<00:18, 45.12step/s]
[Origin 13/13] 🎲 Drawing Posterior Samples:  47%|████▋     | 714/1532 [00:36<00:17, 47.17step/s]
[Origin 13/13] 🎲 Drawing Posterior Samples:  47%|████▋     | 720/1532 [00:36<00:16, 48.51step/s]
[Origin 13/13] 🎲 Drawing Posterior Samples:  47%|████▋     | 726/1532 [00:36<00:16, 49.46step/s]
[Origin 13/13] 🎲 Drawing Posterior Samples:  48%|████▊     | 732/1532 [00:36<00:27, 29.40step/s]
[Origin 13/13] 🎲 Drawing Posterior Samples:  48%|████▊     | 736/1532 [00:37<00:45, 17.60step/s]
[Origin 13/13] 🎲 Drawing Posterior Samples:  48%|████▊     | 740/1532 [00:38<00:59, 13.28step/s]
[Origin 13/13] 🎲 Drawing Posterior Samples:  48%|████▊     | 743/1532 [00:38<01:07, 11.64step/s]
[Origin 13/13] 🎲 Drawing Posterior Samples:  49%|████▊     | 745/1532 [00:38<01:10, 11.19step/s]
[Origin 13/13] 🎲 Drawing Posterior Samples:  49%|████▉     | 747/1532 [00:38<01:14, 10.60step/s]
[Origin 13/13] 🎲 Drawing Posterior Samples:  49%|████▉     | 749/1532 [00:39<01:16, 10.26step/s]
[Origin 13/13] 🎲 Drawing Posterior Samples:  49%|████▉     | 751/1532 [00:39<01:18,  9.94step/s]
[Origin 13/13] 🎲 Drawing Posterior Samples:  49%|████▉     | 753/1532 [00:39<01:19,  9.78step/s]
[Origin 13/13] 🎲 Drawing Posterior Samples:  49%|████▉     | 755/1532 [00:39<01:22,  9.37step/s]
[Origin 13/13] 🎲 Drawing Posterior Samples:  49%|████▉     | 757/1532 [00:39<01:28,  8.75step/s]
[Origin 13/13] 🎲 Drawing Posterior Samples:  49%|████▉     | 758/1532 [00:40<01:31,  8.50step/s]
[Origin 13/13] 🎲 Drawing Posterior Samples:  50%|████▉     | 759/1532 [00:40<01:35,  8.10step/s]
[Origin 13/13] 🎲 Drawing Posterior Samples:  50%|████▉     | 760/1532 [00:40<01:34,  8.16step/s]
[Origin 13/13] 🎲 Drawing Posterior Samples:  50%|████▉     | 761/1532 [00:40<01:38,  7.80step/s]
[Origin 13/13] 🎲 Drawing Posterior Samples:  50%|████▉     | 762/1532 [00:40<01:41,  7.56step/s]
[Origin 13/13] 🎲 Drawing Posterior Samples:  50%|████▉     | 763/1532 [00:40<01:43,  7.42step/s]
[Origin 13/13] 🎲 Drawing Posterior Samples:  50%|████▉     | 764/1532 [00:40<01:46,  7.22step/s]
[Origin 13/13] 🎲 Drawing Posterior Samples:  50%|████▉     | 765/1532 [00:41<01:46,  7.18step/s]
[Origin 13/13] 🎲 Drawing Posterior Samples:  50%|█████     | 766/1532 [00:41<01:46,  7.20step/s]
[Origin 13/13] 🎲 Drawing Posterior Samples:  50%|█████     | 767/1532 [00:55<53:49,  4.22s/step]
[Origin 13/13] 🎲 Drawing Posterior Samples:  50%|█████     | 773/1532 [00:55<15:28,  1.22s/step]
[Origin 13/13] 🎲 Drawing Posterior Samples:  51%|█████     | 779/1532 [00:55<07:43,  1.62step/s]
[Origin 13/13] 🎲 Drawing Posterior Samples:  51%|█████     | 785/1532 [00:55<04:33,  2.73step/s]
[Origin 13/13] 🎲 Drawing Posterior Samples:  52%|█████▏    | 791/1532 [00:55<02:54,  4.24step/s]
[Origin 13/13] 🎲 Drawing Posterior Samples:  52%|█████▏    | 797/1532 [00:56<01:57,  6.24step/s]
[Origin 13/13] 🎲 Drawing Posterior Samples:  52%|█████▏    | 803/1532 [00:56<01:22,  8.82step/s]
[Origin 13/13] 🎲 Drawing Posterior Samples:  53%|█████▎    | 809/1532 [00:56<00:59, 12.05step/s]
[Origin 13/13] 🎲 Drawing Posterior Samples:  53%|█████▎    | 815/1532 [00:56<00:45, 15.93step/s]
[Origin 13/13] 🎲 Drawing Posterior Samples:  54%|█████▎    | 821/1532 [00:56<00:35, 20.31step/s]
[Origin 13/13] 🎲 Drawing Posterior Samples:  54%|█████▍    | 827/1532 [00:56<00:28, 24.97step/s]
[Origin 13/13] 🎲 Drawing Posterior Samples:  54%|█████▍    | 833/1532 [00:56<00:23, 29.64step/s]
[Origin 13/13] 🎲 Drawing Posterior Samples:  55%|█████▍    | 839/1532 [00:56<00:20, 34.00step/s]
[Origin 13/13] 🎲 Drawing Posterior Samples:  55%|█████▌    | 845/1532 [00:56<00:18, 37.90step/s]
[Origin 13/13] 🎲 Drawing Posterior Samples:  56%|█████▌    | 851/1532 [00:57<00:16, 41.28step/s]
[Origin 13/13] 🎲 Drawing Posterior Samples:  56%|█████▌    | 857/1532 [00:57<00:15, 44.12step/s]
[Origin 13/13] 🎲 Drawing Posterior Samples:  56%|█████▋    | 863/1532 [00:57<00:14, 46.33step/s]
[Origin 13/13] 🎲 Drawing Posterior Samples:  57%|█████▋    | 869/1532 [00:57<00:13, 48.02step/s]
[Origin 13/13] 🎲 Drawing Posterior Samples:  57%|█████▋    | 875/1532 [00:57<00:13, 49.32step/s]
[Origin 13/13] 🎲 Drawing Posterior Samples:  58%|█████▊    | 881/1532 [00:57<00:12, 50.21step/s]
[Origin 13/13] 🎲 Drawing Posterior Samples:  58%|█████▊    | 887/1532 [00:57<00:12, 50.88step/s]
[Origin 13/13] 🎲 Drawing Posterior Samples:  58%|█████▊    | 893/1532 [00:57<00:12, 51.27step/s]
[Origin 13/13] 🎲 Drawing Posterior Samples:  59%|█████▊    | 899/1532 [00:57<00:12, 51.48step/s]
[Origin 13/13] 🎲 Drawing Posterior Samples:  59%|█████▉    | 905/1532 [00:58<00:12, 51.53step/s]
[Origin 13/13] 🎲 Drawing Posterior Samples:  59%|█████▉    | 911/1532 [00:58<00:12, 51.30step/s]
[Origin 13/13] 🎲 Drawing Posterior Samples:  60%|█████▉    | 917/1532 [00:58<00:11, 51.72step/s]
[Origin 13/13] 🎲 Drawing Posterior Samples:  60%|██████    | 923/1532 [00:58<00:11, 51.88step/s]
[Origin 13/13] 🎲 Drawing Posterior Samples:  61%|██████    | 929/1532 [00:58<00:11, 52.02step/s]
[Origin 13/13] 🎲 Drawing Posterior Samples:  61%|██████    | 935/1532 [00:58<00:11, 52.07step/s]
[Origin 13/13] 🎲 Drawing Posterior Samples:  61%|██████▏   | 941/1532 [00:58<00:11, 52.20step/s]
[Origin 13/13] 🎲 Drawing Posterior Samples:  62%|██████▏   | 947/1532 [00:58<00:11, 52.23step/s]
[Origin 13/13] 🎲 Drawing Posterior Samples:  62%|██████▏   | 953/1532 [00:59<00:11, 52.07step/s]
[Origin 13/13] 🎲 Drawing Posterior Samples:  63%|██████▎   | 959/1532 [00:59<00:10, 52.14step/s]
[Origin 13/13] 🎲 Drawing Posterior Samples:  63%|██████▎   | 965/1532 [00:59<00:10, 52.12step/s]
[Origin 13/13] 🎲 Drawing Posterior Samples:  63%|██████▎   | 971/1532 [00:59<00:10, 51.85step/s]
[Origin 13/13] 🎲 Drawing Posterior Samples:  64%|██████▍   | 977/1532 [00:59<00:10, 52.09step/s]
[Origin 13/13] 🎲 Drawing Posterior Samples:  64%|██████▍   | 983/1532 [00:59<00:10, 52.13step/s]
[Origin 13/13] 🎲 Drawing Posterior Samples:  65%|██████▍   | 989/1532 [00:59<00:10, 52.17step/s]
[Origin 13/13] 🎲 Drawing Posterior Samples:  65%|██████▍   | 995/1532 [00:59<00:10, 52.19step/s]
[Origin 13/13] 🎲 Drawing Posterior Samples:  65%|██████▌   | 1001/1532 [00:59<00:10, 52.22step/s]
[Origin 13/13] 🎲 Drawing Posterior Samples:  66%|██████▌   | 1007/1532 [01:00<00:10, 52.21step/s]
[Origin 13/13] 🎲 Drawing Posterior Samples:  66%|██████▌   | 1013/1532 [01:00<00:09, 52.23step/s]
[Origin 13/13] 🎲 Drawing Posterior Samples:  67%|██████▋   | 1019/1532 [01:00<00:09, 52.24step/s]
[Origin 13/13] 🎲 Drawing Posterior Samples:  67%|██████▋   | 1025/1532 [01:00<00:09, 52.24step/s]
[Origin 13/13] 🎲 Drawing Posterior Samples:  67%|██████▋   | 1031/1532 [01:00<00:09, 52.22step/s]
[Origin 13/13] 🎲 Drawing Posterior Samples:  68%|██████▊   | 1037/1532 [01:00<00:09, 52.20step/s]
[Origin 13/13] 🎲 Drawing Posterior Samples:  68%|██████▊   | 1043/1532 [01:00<00:09, 52.19step/s]
[Origin 13/13] 🎲 Drawing Posterior Samples:  68%|██████▊   | 1049/1532 [01:00<00:09, 52.14step/s]
[Origin 13/13] 🎲 Drawing Posterior Samples:  69%|██████▉   | 1055/1532 [01:00<00:09, 52.19step/s]
[Origin 13/13] 🎲 Drawing Posterior Samples:  69%|██████▉   | 1061/1532 [01:01<00:09, 52.24step/s]
[Origin 13/13] 🎲 Drawing Posterior Samples:  70%|██████▉   | 1067/1532 [01:01<00:08, 52.24step/s]
[Origin 13/13] 🎲 Drawing Posterior Samples:  70%|███████   | 1073/1532 [01:01<00:08, 52.24step/s]
[Origin 13/13] 🎲 Drawing Posterior Samples:  70%|███████   | 1079/1532 [01:01<00:08, 52.18step/s]
[Origin 13/13] 🎲 Drawing Posterior Samples:  71%|███████   | 1085/1532 [01:01<00:08, 52.15step/s]
[Origin 13/13] 🎲 Drawing Posterior Samples:  71%|███████   | 1091/1532 [01:01<00:08, 52.12step/s]
[Origin 13/13] 🎲 Drawing Posterior Samples:  72%|███████▏  | 1097/1532 [01:01<00:08, 52.08step/s]
[Origin 13/13] 🎲 Drawing Posterior Samples:  72%|███████▏  | 1103/1532 [01:01<00:08, 52.13step/s]
[Origin 13/13] 🎲 Drawing Posterior Samples:  72%|███████▏  | 1109/1532 [01:02<00:08, 52.16step/s]
[Origin 13/13] 🎲 Drawing Posterior Samples:  73%|███████▎  | 1115/1532 [01:02<00:12, 33.75step/s]
[Origin 13/13] 🎲 Drawing Posterior Samples:  73%|███████▎  | 1120/1532 [01:02<00:19, 20.61step/s]
[Origin 13/13] 🎲 Drawing Posterior Samples:  73%|███████▎  | 1124/1532 [01:03<00:26, 15.55step/s]
[Origin 13/13] 🎲 Drawing Posterior Samples:  74%|███████▎  | 1127/1532 [01:03<00:29, 13.52step/s]
[Origin 13/13] 🎲 Drawing Posterior Samples:  74%|███████▍  | 1130/1532 [01:03<00:33, 12.16step/s]
[Origin 13/13] 🎲 Drawing Posterior Samples:  74%|███████▍  | 1132/1532 [01:04<00:34, 11.65step/s]
[Origin 13/13] 🎲 Drawing Posterior Samples:  74%|███████▍  | 1134/1532 [01:04<00:35, 11.13step/s]
[Origin 13/13] 🎲 Drawing Posterior Samples:  74%|███████▍  | 1136/1532 [01:04<00:37, 10.58step/s]
[Origin 13/13] 🎲 Drawing Posterior Samples:  74%|███████▍  | 1138/1532 [01:04<00:39, 10.06step/s]
[Origin 13/13] 🎲 Drawing Posterior Samples:  74%|███████▍  | 1140/1532 [01:05<00:42,  9.24step/s]
[Origin 13/13] 🎲 Drawing Posterior Samples:  74%|███████▍  | 1141/1532 [01:05<00:43,  8.94step/s]
[Origin 13/13] 🎲 Drawing Posterior Samples:  75%|███████▍  | 1142/1532 [01:05<00:44,  8.73step/s]
[Origin 13/13] 🎲 Drawing Posterior Samples:  75%|███████▍  | 1143/1532 [01:05<00:48,  8.07step/s]
[Origin 13/13] 🎲 Drawing Posterior Samples:  75%|███████▍  | 1144/1532 [01:05<00:50,  7.64step/s]
[Origin 13/13] 🎲 Drawing Posterior Samples:  75%|███████▍  | 1145/1532 [01:05<00:51,  7.45step/s]
[Origin 13/13] 🎲 Drawing Posterior Samples:  75%|███████▍  | 1146/1532 [01:05<00:52,  7.39step/s]
[Origin 13/13] 🎲 Drawing Posterior Samples:  75%|███████▍  | 1147/1532 [01:06<00:53,  7.15step/s]
[Origin 13/13] 🎲 Drawing Posterior Samples:  75%|███████▍  | 1148/1532 [01:06<00:55,  6.96step/s]
[Origin 13/13] 🎲 Drawing Posterior Samples:  75%|███████▌  | 1149/1532 [01:06<00:57,  6.64step/s]
[Origin 13/13] 🎲 Drawing Posterior Samples:  75%|███████▌  | 1150/1532 [01:18<22:19,  3.51s/step]
[Origin 13/13] 🎲 Drawing Posterior Samples:  75%|███████▌  | 1156/1532 [01:18<06:24,  1.02s/step]
[Origin 13/13] 🎲 Drawing Posterior Samples:  76%|███████▌  | 1161/1532 [01:18<03:28,  1.78step/s]
[Origin 13/13] 🎲 Drawing Posterior Samples:  76%|███████▌  | 1167/1532 [01:18<01:57,  3.10step/s]
[Origin 13/13] 🎲 Drawing Posterior Samples:  77%|███████▋  | 1173/1532 [01:18<01:13,  4.87step/s]
[Origin 13/13] 🎲 Drawing Posterior Samples:  77%|███████▋  | 1179/1532 [01:18<00:49,  7.19step/s]
[Origin 13/13] 🎲 Drawing Posterior Samples:  77%|███████▋  | 1185/1532 [01:18<00:34, 10.14step/s]
[Origin 13/13] 🎲 Drawing Posterior Samples:  78%|███████▊  | 1191/1532 [01:18<00:24, 13.75step/s]
[Origin 13/13] 🎲 Drawing Posterior Samples:  78%|███████▊  | 1197/1532 [01:19<00:18, 17.96step/s]
[Origin 13/13] 🎲 Drawing Posterior Samples:  79%|███████▊  | 1203/1532 [01:19<00:14, 22.56step/s]
[Origin 13/13] 🎲 Drawing Posterior Samples:  79%|███████▉  | 1209/1532 [01:19<00:11, 27.29step/s]
[Origin 13/13] 🎲 Drawing Posterior Samples:  79%|███████▉  | 1215/1532 [01:19<00:09, 31.85step/s]
[Origin 13/13] 🎲 Drawing Posterior Samples:  80%|███████▉  | 1221/1532 [01:19<00:08, 36.00step/s]
[Origin 13/13] 🎲 Drawing Posterior Samples:  80%|████████  | 1227/1532 [01:19<00:07, 39.56step/s]
[Origin 13/13] 🎲 Drawing Posterior Samples:  80%|████████  | 1233/1532 [01:19<00:07, 42.54step/s]
[Origin 13/13] 🎲 Drawing Posterior Samples:  81%|████████  | 1239/1532 [01:19<00:06, 44.99step/s]
[Origin 13/13] 🎲 Drawing Posterior Samples:  81%|████████▏ | 1245/1532 [01:20<00:06, 47.01step/s]
[Origin 13/13] 🎲 Drawing Posterior Samples:  82%|████████▏ | 1251/1532 [01:20<00:05, 48.54step/s]
[Origin 13/13] 🎲 Drawing Posterior Samples:  82%|████████▏ | 1257/1532 [01:20<00:05, 49.65step/s]
[Origin 13/13] 🎲 Drawing Posterior Samples:  82%|████████▏ | 1263/1532 [01:20<00:05, 50.49step/s]
[Origin 13/13] 🎲 Drawing Posterior Samples:  83%|████████▎ | 1269/1532 [01:20<00:05, 51.06step/s]
[Origin 13/13] 🎲 Drawing Posterior Samples:  83%|████████▎ | 1275/1532 [01:20<00:05, 51.24step/s]
[Origin 13/13] 🎲 Drawing Posterior Samples:  84%|████████▎ | 1281/1532 [01:20<00:04, 51.50step/s]
[Origin 13/13] 🎲 Drawing Posterior Samples:  84%|████████▍ | 1287/1532 [01:20<00:04, 51.62step/s]
[Origin 13/13] 🎲 Drawing Posterior Samples:  84%|████████▍ | 1293/1532 [01:20<00:04, 51.63step/s]
[Origin 13/13] 🎲 Drawing Posterior Samples:  85%|████████▍ | 1299/1532 [01:21<00:04, 51.56step/s]
[Origin 13/13] 🎲 Drawing Posterior Samples:  85%|████████▌ | 1305/1532 [01:21<00:04, 51.46step/s]
[Origin 13/13] 🎲 Drawing Posterior Samples:  86%|████████▌ | 1311/1532 [01:21<00:04, 51.52step/s]
[Origin 13/13] 🎲 Drawing Posterior Samples:  86%|████████▌ | 1317/1532 [01:21<00:04, 51.76step/s]
[Origin 13/13] 🎲 Drawing Posterior Samples:  86%|████████▋ | 1323/1532 [01:21<00:04, 51.91step/s]
[Origin 13/13] 🎲 Drawing Posterior Samples:  87%|████████▋ | 1329/1532 [01:21<00:03, 52.04step/s]
[Origin 13/13] 🎲 Drawing Posterior Samples:  87%|████████▋ | 1335/1532 [01:21<00:03, 52.11step/s]
[Origin 13/13] 🎲 Drawing Posterior Samples:  88%|████████▊ | 1341/1532 [01:21<00:03, 52.14step/s]
[Origin 13/13] 🎲 Drawing Posterior Samples:  88%|████████▊ | 1347/1532 [01:21<00:03, 52.09step/s]
[Origin 13/13] 🎲 Drawing Posterior Samples:  88%|████████▊ | 1353/1532 [01:22<00:03, 52.12step/s]
[Origin 13/13] 🎲 Drawing Posterior Samples:  89%|████████▊ | 1359/1532 [01:22<00:03, 52.13step/s]
[Origin 13/13] 🎲 Drawing Posterior Samples:  89%|████████▉ | 1365/1532 [01:22<00:03, 52.19step/s]
[Origin 13/13] 🎲 Drawing Posterior Samples:  89%|████████▉ | 1371/1532 [01:22<00:03, 52.15step/s]
[Origin 13/13] 🎲 Drawing Posterior Samples:  90%|████████▉ | 1377/1532 [01:22<00:02, 52.15step/s]
[Origin 13/13] 🎲 Drawing Posterior Samples:  90%|█████████ | 1383/1532 [01:22<00:02, 52.14step/s]
[Origin 13/13] 🎲 Drawing Posterior Samples:  91%|█████████ | 1389/1532 [01:22<00:02, 52.17step/s]
[Origin 13/13] 🎲 Drawing Posterior Samples:  91%|█████████ | 1395/1532 [01:22<00:02, 52.23step/s]
[Origin 13/13] 🎲 Drawing Posterior Samples:  91%|█████████▏| 1401/1532 [01:23<00:02, 52.15step/s]
[Origin 13/13] 🎲 Drawing Posterior Samples:  92%|█████████▏| 1407/1532 [01:23<00:02, 52.18step/s]
[Origin 13/13] 🎲 Drawing Posterior Samples:  92%|█████████▏| 1413/1532 [01:23<00:02, 52.18step/s]
[Origin 13/13] 🎲 Drawing Posterior Samples:  93%|█████████▎| 1419/1532 [01:23<00:02, 52.17step/s]
[Origin 13/13] 🎲 Drawing Posterior Samples:  93%|█████████▎| 1425/1532 [01:23<00:02, 52.11step/s]
[Origin 13/13] 🎲 Drawing Posterior Samples:  93%|█████████▎| 1431/1532 [01:23<00:01, 52.13step/s]
[Origin 13/13] 🎲 Drawing Posterior Samples:  94%|█████████▍| 1437/1532 [01:23<00:01, 52.08step/s]
[Origin 13/13] 🎲 Drawing Posterior Samples:  94%|█████████▍| 1443/1532 [01:23<00:01, 52.09step/s]
[Origin 13/13] 🎲 Drawing Posterior Samples:  95%|█████████▍| 1449/1532 [01:23<00:01, 52.10step/s]
[Origin 13/13] 🎲 Drawing Posterior Samples:  95%|█████████▍| 1455/1532 [01:24<00:01, 52.11step/s]
[Origin 13/13] 🎲 Drawing Posterior Samples:  95%|█████████▌| 1461/1532 [01:24<00:01, 52.10step/s]
[Origin 13/13] 🎲 Drawing Posterior Samples:  96%|█████████▌| 1467/1532 [01:24<00:01, 52.14step/s]
[Origin 13/13] 🎲 Drawing Posterior Samples:  96%|█████████▌| 1473/1532 [01:24<00:01, 52.14step/s]
[Origin 13/13] 🎲 Drawing Posterior Samples:  97%|█████████▋| 1479/1532 [01:24<00:01, 52.15step/s]
[Origin 13/13] 🎲 Drawing Posterior Samples:  97%|█████████▋| 1485/1532 [01:24<00:00, 52.12step/s]
[Origin 13/13] 🎲 Drawing Posterior Samples:  97%|█████████▋| 1491/1532 [01:24<00:00, 52.12step/s]
[Origin 13/13] 🎲 Drawing Posterior Samples:  98%|█████████▊| 1497/1532 [01:25<00:00, 37.14step/s]
[Origin 13/13] 🎲 Drawing Posterior Samples:  98%|█████████▊| 1502/1532 [01:25<00:01, 17.51step/s]
[Origin 13/13] 🎲 Drawing Posterior Samples:  98%|█████████▊| 1506/1532 [01:26<00:01, 13.10step/s]
[Origin 13/13] 🎲 Drawing Posterior Samples:  98%|█████████▊| 1509/1532 [01:26<00:02, 11.30step/s]
[Origin 13/13] 🎲 Drawing Posterior Samples:  99%|█████████▊| 1511/1532 [01:27<00:02,  9.69step/s]
[Origin 13/13] 🎲 Drawing Posterior Samples:  99%|█████████▉| 1513/1532 [01:27<00:02,  9.08step/s]
[Origin 13/13] 🎲 Drawing Posterior Samples:  99%|█████████▉| 1515/1532 [01:27<00:02,  7.96step/s]
[Origin 13/13] 🎲 Drawing Posterior Samples:  99%|█████████▉| 1517/1532 [01:27<00:01,  7.80step/s]
[Origin 13/13] 🎲 Drawing Posterior Samples:  99%|█████████▉| 1518/1532 [01:28<00:01,  7.78step/s]
[Origin 13/13] 🎲 Drawing Posterior Samples:  99%|█████████▉| 1519/1532 [01:28<00:01,  7.70step/s]
[Origin 13/13] 🎲 Drawing Posterior Samples:  99%|█████████▉| 1520/1532 [01:28<00:01,  7.63step/s]
[Origin 13/13] 🎲 Drawing Posterior Samples:  99%|█████████▉| 1521/1532 [01:28<00:01,  7.57step/s]
[Origin 13/13] 🎲 Drawing Posterior Samples:  99%|█████████▉| 1522/1532 [01:28<00:01,  7.44step/s]
[Origin 13/13] 🎲 Drawing Posterior Samples:  99%|█████████▉| 1523/1532 [01:28<00:01,  7.36step/s]
[Origin 13/13] 🎲 Drawing Posterior Samples:  99%|█████████▉| 1524/1532 [01:28<00:01,  6.99step/s]
[Origin 13/13] 🎲 Drawing Posterior Samples: 100%|█████████▉| 1525/1532 [01:29<00:01,  6.86step/s]
[Origin 13/13] 🎲 Drawing Posterior Samples: 100%|█████████▉| 1526/1532 [01:29<00:00,  6.77step/s]
[Origin 13/13] 🎲 Drawing Posterior Samples: 100%|█████████▉| 1527/1532 [01:29<00:00,  6.70step/s]
[Origin 13/13] 🎲 Drawing Posterior Samples: 100%|█████████▉| 1528/1532 [01:29<00:00,  6.42step/s]
[Origin 13/13] 🎲 Drawing Posterior Samples: 100%|█████████▉| 1529/1532 [01:29<00:00,  6.26step/s]
[Origin 13/13] 🎲 Drawing Posterior Samples: 100%|█████████▉| 1530/1532 [01:29<00:00,  6.69step/s]
[Origin 13/13] 🎲 Drawing Posterior Samples: 100%|█████████▉| 1531/1532 [01:30<00:00,  6.84step/s]
[Origin 13/13] 🎲 Drawing Posterior Samples: 100%|██████████| 1532/1532 [01:30<00:00,  6.82step/s]
                                                                                                  
wandb: WARNING Saving files without folders. If you want to preserve subdirectories pass base_path to wandb.save, i.e. wandb.save("/mnt/folder/file.h5", base_path="/mnt")
wandb: - 0.136 MB of 0.136 MB uploaded
wandb: \ 0.154 MB of 0.154 MB uploaded
wandb: | 0.154 MB of 0.154 MB uploaded
wandb:                                                                                
wandb: 
wandb: Run history:
wandb:            month-wise/by_ns_best/Brier_cls_sample █▅▆▅▆▅▃▃▄▃▅▅▅▅▆▃▃▂▅▃▄▄▄▆▆▅▁▃▃▃▁▂▃▅▃▂▃▁▂▂
wandb:       month-wise/by_ns_best/Brier_cls_sample_mean ▁
wandb:            month-wise/by_os_best/Brier_cls_sample ▂▃▂▃▃▃▂▁▄▅▆▄▃▅▆▆▄▁▂▅▅▇▅▇█▄▄▅▅▆▆▂▆▆▅▇▂▂▄▆
wandb:       month-wise/by_os_best/Brier_cls_sample_mean ▁
wandb:            month-wise/by_sb_best/Brier_cls_sample ▄▃▃▅▂▃▁▂▁▂▂▃▁▃▄▅▂▄▃▂▅▅▅▆█▃▄▅▃▆█▄▆▆█▇▇▆▇█
wandb:       month-wise/by_sb_best/Brier_cls_sample_mean ▁
wandb:                        month-wise/lr_ns_best/CRPS ▅█▇▃▂▃▂▃▅▅▄▃▄▂▂▁▂▂▄▃▂▁▂▂▃▂▁▂▂▁▂▁▁▃▂▁▂▁▂▁
wandb:                   month-wise/lr_ns_best/CRPS_mean ▁
wandb:                  month-wise/lr_ns_best/MCR_sample ▄▂▁▃▃▂▄▂▁▁▁▃▁▃▃▅▃▄▁▂▃▅▂▃▂▃█▄▄▅▃▅▄▂▃▆▂█▃▅
wandb:             month-wise/lr_ns_best/MCR_sample_mean ▁
wandb:                   month-wise/lr_ns_best/QS_sample ▅██▃▃▃▂▃▅▅▄▃▄▂▂▁▂▂▅▃▂▁▃▂▃▂▁▂▂▁▂▁▁▃▂▁▂▁▂▁
wandb:              month-wise/lr_ns_best/QS_sample_mean ▁
wandb:                        month-wise/lr_os_best/CRPS ▁▁▁▁▂▁▁▁▁▁▂▁▁▁▂▁▁▁▁▃▂▂▂▂▂▂▂▁▂█▅▄▅▅▂▂▂▂▁▄
wandb:                   month-wise/lr_os_best/CRPS_mean ▁
wandb:                  month-wise/lr_os_best/MCR_sample ▄█▅▃▃▅▄▃▃▄▂▃▃▂▂▃▄▃▃▁▂▂▂▂▂▂▃▃▂▁▁▁▁▁▂▂▂▂▃▁
wandb:             month-wise/lr_os_best/MCR_sample_mean ▁
wandb:                   month-wise/lr_os_best/QS_sample ▁▁▁▁▂▁▁▁▁▁▂▁▁▁▂▁▁▁▁▃▂▂▂▂▂▂▂▁▂█▅▄▅▅▂▂▂▂▁▄
wandb:              month-wise/lr_os_best/QS_sample_mean ▁
wandb:                        month-wise/lr_sb_best/CRPS ▁▁▁▁▁▁▁▁▁▁▁▁▁▁▁▁▁▁▁▁▁▁▁▁▁▁▁▁▁▁▁▁▁▁▁▁▁▁▁█
wandb:                   month-wise/lr_sb_best/CRPS_mean ▁
wandb:                  month-wise/lr_sb_best/MCR_sample ▅▅▃▃▄▅▆▃▇▂▄▃▃▃▂▃▂▂▃▃▂▃▂▃▂▄▂▃█▂▂▂▂▂▃▃▂▃▁▁
wandb:             month-wise/lr_sb_best/MCR_sample_mean ▁
wandb:                   month-wise/lr_sb_best/QS_sample ▁▁▁▁▁▁▁▁▁▁▁▁▁▁▁▁▁▁▁▁▁▁▁▁▁▁▁▁▁▁▁▁▁▁▁▁▁▁▁█
wandb:              month-wise/lr_sb_best/QS_sample_mean ▁
wandb:                                  month-wise/month ▂▃▄▆▇█▂▃▃▆█▅▆▆▇▁▃▄▆▆█▁▂▄▄▄▅▆▇▇▂▂▂▃▄▅▆▆▇▇
wandb:             step-wise/by_ns_best/Brier_cls_sample ▇████▇▇▆▆▇▆▆▇▆▆▆▆▇▇▇▆▆▆▆▅▅▄▅▄▃▂▂▂▁▁▁
wandb:        step-wise/by_ns_best/Brier_cls_sample_mean ▁
wandb:             step-wise/by_os_best/Brier_cls_sample ▁▂▃▃▄▄▄▄▄▄▄▄▄▄▄▅▆▅▆▅▅▆▇▇█▇▇█▇▆▇▇▆▆▆▆
wandb:        step-wise/by_os_best/Brier_cls_sample_mean ▁
wandb:             step-wise/by_sb_best/Brier_cls_sample ▂▁▁▁▁▁▂▂▂▂▂▂▃▃▃▄▄▅▄▄▅▅▅▅▆▅▅▆▆▆▆▆▇▇▇█
wandb:        step-wise/by_sb_best/Brier_cls_sample_mean ▁
wandb:                         step-wise/lr_ns_best/CRPS ██▇▆▆▆▅▅▅▅▅▄▃▃▂▂▂▂▂▂▂▂▂▂▂▂▂▂▂▁▁▁▁▁▁▁
wandb:                    step-wise/lr_ns_best/CRPS_mean ▁
wandb:                   step-wise/lr_ns_best/MCR_sample ▆▁▂▂▃▂▃▃▃▂▃▄▄▄▅▅▄▆▅▅▆▇▅▆▇▇▇▆▇▇▇██▇██
wandb:              step-wise/lr_ns_best/MCR_sample_mean ▁
wandb:                    step-wise/lr_ns_best/QS_sample ███▆▆▆▆▆▅▆▅▄▃▃▃▂▂▂▂▂▂▂▂▂▂▂▂▂▂▁▁▁▁▁▁▁
wandb:               step-wise/lr_ns_best/QS_sample_mean ▁
wandb:                         step-wise/lr_os_best/CRPS ▁▁▁▁▁▁▁▁▁▁▁▂▁▁▁▂▂▂▂▂▂▂▄▅▅▆▇████████▇
wandb:                    step-wise/lr_os_best/CRPS_mean ▁
wandb:                   step-wise/lr_os_best/MCR_sample █▃▃▃▂▃▃▃▃▂▂▂▃▃▂▃▃▂▂▂▃▂▂▂▂▁▂▁▁▁▁▂▁▁▁▁
wandb:              step-wise/lr_os_best/MCR_sample_mean ▁
wandb:                    step-wise/lr_os_best/QS_sample ▁▁▁▁▁▁▁▁▁▁▂▂▁▁▁▂▂▂▂▂▂▂▄▅▅▆▇████████▇
wandb:               step-wise/lr_os_best/QS_sample_mean ▁
wandb:                         step-wise/lr_sb_best/CRPS ▁▁▁▁▁▁▁▁▁▁▁▁▁▁▁▁▁▁▁▁▁▁▁▁▁▁▁▁▁▂▂▂▂▂▂█
wandb:                    step-wise/lr_sb_best/CRPS_mean ▁
wandb:                   step-wise/lr_sb_best/MCR_sample ▆▂▂▂▂█▃▂▂▂▂▂▂▂▂▂▂▂▃▂▂▂▂▅▂▂▂▂▂▂▂▂▂▂▂▁
wandb:              step-wise/lr_sb_best/MCR_sample_mean ▁
wandb:                    step-wise/lr_sb_best/QS_sample ▁▁▁▁▁▁▁▁▁▁▁▁▁▁▁▁▁▁▁▁▁▁▁▁▁▁▁▁▁▂▂▂▂▂▂█
wandb:               step-wise/lr_sb_best/QS_sample_mean ▁
wandb:                                    step-wise/step ▂▂▂▄▇▁▃▃▃▄▆▇███▂▃▄▅▅▇█▂▃▃▅▅▅▆▇▁▁▂▃▃▅▆▆▅▇
wandb:      time-series-wise/by_ns_best/Brier_cls_sample █▆▅▅▅▄▄▃▃▂▂▁▁
wandb: time-series-wise/by_ns_best/Brier_cls_sample_mean ▁
wandb:      time-series-wise/by_os_best/Brier_cls_sample ▁▃▂▄▅▆▆▇███▇█
wandb: time-series-wise/by_os_best/Brier_cls_sample_mean ▁
wandb:      time-series-wise/by_sb_best/Brier_cls_sample ▁▂▂▂▃▃▄▄▅▆▆▇█
wandb: time-series-wise/by_sb_best/Brier_cls_sample_mean ▁
wandb:                  time-series-wise/lr_ns_best/CRPS █▇▆▅▅▅▄▄▄▃▃▂▁
wandb:             time-series-wise/lr_ns_best/CRPS_mean ▁
wandb:            time-series-wise/lr_ns_best/MCR_sample ▁▁▃▃▃▃▃▃▃▇▆▆█
wandb:       time-series-wise/lr_ns_best/MCR_sample_mean ▁
wandb:             time-series-wise/lr_ns_best/QS_sample █▇▆▅▄▅▄▄▄▂▃▂▁
wandb:        time-series-wise/lr_ns_best/QS_sample_mean ▁
wandb:                  time-series-wise/lr_os_best/CRPS ▁▂▃▅▆▆▆▇▇▇▇██
wandb:             time-series-wise/lr_os_best/CRPS_mean ▁
wandb:            time-series-wise/lr_os_best/MCR_sample ▅▅▅█▃▃▃▁▂▃▂▂▁
wandb:       time-series-wise/lr_os_best/MCR_sample_mean ▁
wandb:             time-series-wise/lr_os_best/QS_sample ▁▂▄▅▆▆▆▇▇▇▇██
wandb:        time-series-wise/lr_os_best/QS_sample_mean ▁
wandb:                  time-series-wise/lr_sb_best/CRPS ▁▁▁▁▁▁▁▁▁▁▂▂█
wandb:             time-series-wise/lr_sb_best/CRPS_mean ▁
wandb:            time-series-wise/lr_sb_best/MCR_sample ▅▇▄▆▆▄█▇▅▄▇▅▁
wandb:       time-series-wise/lr_sb_best/MCR_sample_mean ▁
wandb:             time-series-wise/lr_sb_best/QS_sample ▁▁▁▁▁▁▁▁▁▁▂▂█
wandb:        time-series-wise/lr_sb_best/QS_sample_mean ▁
wandb:                      time-series-wise/time-series ▁▂▃▃▄▅█▂▃▄████▁▃▄▅▅▆█▁▂▂▃▅▆▇▇█▃▃▅▅▆█▁▂▃▆
wandb: 
wandb: Run summary:
wandb:            month-wise/by_ns_best/Brier_cls_sample 0.00219
wandb:       month-wise/by_ns_best/Brier_cls_sample_mean 0.00294
wandb:            month-wise/by_os_best/Brier_cls_sample 0.00502
wandb:       month-wise/by_os_best/Brier_cls_sample_mean 0.00448
wandb:            month-wise/by_sb_best/Brier_cls_sample 0.01062
wandb:       month-wise/by_sb_best/Brier_cls_sample_mean 0.00838
wandb:                        month-wise/lr_ns_best/CRPS 0.02152
wandb:                   month-wise/lr_ns_best/CRPS_mean 0.04675
wandb:                  month-wise/lr_ns_best/MCR_sample 0.45409
wandb:             month-wise/lr_ns_best/MCR_sample_mean 0.30973
wandb:                   month-wise/lr_ns_best/QS_sample 0.02168
wandb:              month-wise/lr_ns_best/QS_sample_mean 0.04551
wandb:                        month-wise/lr_os_best/CRPS 0.08838
wandb:                   month-wise/lr_os_best/CRPS_mean 0.04375
wandb:                  month-wise/lr_os_best/MCR_sample 0.03443
wandb:             month-wise/lr_os_best/MCR_sample_mean 0.2008
wandb:                   month-wise/lr_os_best/QS_sample 0.08724
wandb:              month-wise/lr_os_best/QS_sample_mean 0.04285
wandb:                        month-wise/lr_sb_best/CRPS 8.8014
wandb:                   month-wise/lr_sb_best/CRPS_mean 0.33438
wandb:                  month-wise/lr_sb_best/MCR_sample 0.00297
wandb:             month-wise/lr_sb_best/MCR_sample_mean 0.34082
wandb:                   month-wise/lr_sb_best/QS_sample 8.70709
wandb:              month-wise/lr_sb_best/QS_sample_mean 0.32387
wandb:                                  month-wise/month 504
wandb:             step-wise/by_ns_best/Brier_cls_sample 0.00229
wandb:        step-wise/by_ns_best/Brier_cls_sample_mean 0.00295
wandb:             step-wise/by_os_best/Brier_cls_sample 0.00466
wandb:        step-wise/by_os_best/Brier_cls_sample_mean 0.00458
wandb:             step-wise/by_sb_best/Brier_cls_sample 0.00985
wandb:        step-wise/by_sb_best/Brier_cls_sample_mean 0.00824
wandb:                         step-wise/lr_ns_best/CRPS 0.02784
wandb:                    step-wise/lr_ns_best/CRPS_mean 0.04383
wandb:                   step-wise/lr_ns_best/MCR_sample 0.34186
wandb:              step-wise/lr_ns_best/MCR_sample_mean 0.25657
wandb:                    step-wise/lr_ns_best/QS_sample 0.02784
wandb:               step-wise/lr_ns_best/QS_sample_mean 0.04278
wandb:                         step-wise/lr_os_best/CRPS 0.06734
wandb:                    step-wise/lr_os_best/CRPS_mean 0.04529
wandb:                   step-wise/lr_os_best/MCR_sample 0.06975
wandb:              step-wise/lr_os_best/MCR_sample_mean 0.1491
wandb:                    step-wise/lr_os_best/QS_sample 0.06646
wandb:               step-wise/lr_os_best/QS_sample_mean 0.04437
wandb:                         step-wise/lr_sb_best/CRPS 0.8736
wandb:                    step-wise/lr_sb_best/CRPS_mean 0.15924
wandb:                   step-wise/lr_sb_best/MCR_sample 0.03291
wandb:              step-wise/lr_sb_best/MCR_sample_mean 0.28443
wandb:                    step-wise/lr_sb_best/QS_sample 0.85181
wandb:               step-wise/lr_sb_best/QS_sample_mean 0.1511
wandb:                                    step-wise/step 36
wandb:      time-series-wise/by_ns_best/Brier_cls_sample 0.00281
wandb: time-series-wise/by_ns_best/Brier_cls_sample_mean 0.00295
wandb:      time-series-wise/by_os_best/Brier_cls_sample 0.00465
wandb: time-series-wise/by_os_best/Brier_cls_sample_mean 0.00458
wandb:      time-series-wise/by_sb_best/Brier_cls_sample 0.00873
wandb: time-series-wise/by_sb_best/Brier_cls_sample_mean 0.00824
wandb:                  time-series-wise/lr_ns_best/CRPS 0.03473
wandb:             time-series-wise/lr_ns_best/CRPS_mean 0.04383
wandb:            time-series-wise/lr_ns_best/MCR_sample 0.30562
wandb:       time-series-wise/lr_ns_best/MCR_sample_mean 0.23909
wandb:             time-series-wise/lr_ns_best/QS_sample 0.03416
wandb:        time-series-wise/lr_ns_best/QS_sample_mean 0.04278
wandb:                  time-series-wise/lr_os_best/CRPS 0.04963
wandb:             time-series-wise/lr_os_best/CRPS_mean 0.04529
wandb:            time-series-wise/lr_os_best/MCR_sample 0.10329
wandb:       time-series-wise/lr_os_best/MCR_sample_mean 0.13002
wandb:             time-series-wise/lr_os_best/QS_sample 0.04848
wandb:        time-series-wise/lr_os_best/QS_sample_mean 0.04437
wandb:                  time-series-wise/lr_sb_best/CRPS 0.39692
wandb:             time-series-wise/lr_sb_best/CRPS_mean 0.15924
wandb:            time-series-wise/lr_sb_best/MCR_sample 0.08773
wandb:       time-series-wise/lr_sb_best/MCR_sample_mean 0.26594
wandb:             time-series-wise/lr_sb_best/QS_sample 0.38729
wandb:        time-series-wise/lr_sb_best/QS_sample_mean 0.1511
wandb:                      time-series-wise/time-series 12
wandb: 
wandb: 🚀 View run earnest-durian-44 at: https://wandb.ai/views_pipeline/truncated_smoke_calibration/runs/w4bkr3jm
wandb: ⭐️ View project at: https://wandb.ai/views_pipeline/truncated_smoke_calibration
wandb: Synced 5 W&B file(s), 0 media file(s), 36 artifact file(s) and 36 other file(s)
wandb: Find logs at: ./wandb/run-20260816_031700-w4bkr3jm/logs
