[35m#[0m[35m#[0m[32m#[0m[32m#[0m[35m#[0m[32m [0m[35m [0m[34m [0m[36m [0m[32m#[0m[34m#[0m[32m#[0m[34m#[0m[32m#[0m[32m [0m[32m [0m[31m [0m[35m [0m[32m#[0m[32m#[0m[32m [0m[32m [0m[34m [0m[32m#[0m[33m#[0m[36m [0m[36m [0m[34m#[0m[32m#[0m[34m [0m[31m [0m[36m#[0m[32m#[0m[36m [0m[33m [0m[32m [0m[36m [0m[35m#[0m[32m#[0m[31m#[0m[36m#[0m[34m#[0m[36m [0m[35m [0m[31m [0m[31m [0m[31m [0m[33m [0m[32m [0m[35m#[0m[36m#[0m[33m [0m[34m [0m[35m [0m[33m#[0m[33m#[0m[32m#[0m[31m#[0m[35m#[0m[36m [0m[32m [0m[32m [0m[35m [0m[35m [0m[34m#[0m[35m#[0m[34m#[0m[35m#[0m[36m#[0m[33m#[0m[35m [0m[33m [0m[36m#[0m[35m#[0m[32m#[0m[32m#[0m[34m#[0m[34m#[0m[31m [0m[31m [0m[32m [0m[34m [0m[36m#[0m[32m [0m[35m#[0m[33m [0m[32m#[0m[36m [0m[33m [0m[31m [0m[35m [0m[33m#[0m[32m#[0m[34m#[0m[31m#[0m[32m#[0m[31m#[0m[31m [0m[34m [0m[35m#[0m[36m#[0m[34m [0m[31m [0m[33m [0m[34m#[0m[34m#[0m[36m [0m[36m [0m[32m [0m[34m#[0m[31m#[0m[34m#[0m[32m#[0m[35m#[0m[36m [0m[34m [0m[31m [0m[31m#[0m[34m#[0m[31m [0m[36m [0m[36m#[0m[33m#[0m[33m [0m[35m [0m[31m [0m[36m [0m[31m#[0m[31m#[0m[31m#[0m[35m#[0m[32m#[0m[33m#[0m[35m [0m[34m [0m[34m
[0m[32m#[0m[34m#[0m[33m#[0m[35m#[0m[33m#[0m[35m#[0m[32m [0m[35m [0m[35m [0m[36m#[0m[36m#[0m[32m#[0m[34m#[0m[36m#[0m[32m#[0m[36m#[0m[35m [0m[32m [0m[31m#[0m[32m#[0m[32m [0m[35m [0m[32m [0m[33m#[0m[35m#[0m[36m [0m[36m [0m[33m#[0m[35m#[0m[35m#[0m[32m [0m[31m#[0m[36m#[0m[36m [0m[34m [0m[35m [0m[33m#[0m[32m#[0m[35m#[0m[33m#[0m[34m#[0m[33m#[0m[33m#[0m[33m [0m[32m [0m[31m [0m[33m [0m[31m#[0m[35m#[0m[36m#[0m[31m#[0m[36m#[0m[34m [0m[35m [0m[35m#[0m[36m#[0m[35m#[0m[34m#[0m[35m#[0m[31m#[0m[34m [0m[36m [0m[35m [0m[36m#[0m[34m#[0m[34m#[0m[34m#[0m[32m#[0m[35m#[0m[33m#[0m[33m [0m[34m [0m[31m#[0m[36m#[0m[33m#[0m[32m#[0m[36m#[0m[33m#[0m[35m#[0m[35m [0m[32m [0m[34m [0m[31m [0m[35m [0m[35m [0m[36m [0m[35m [0m[32m [0m[36m [0m[34m [0m[34m#[0m[34m#[0m[31m#[0m[33m#[0m[33m#[0m[33m#[0m[33m#[0m[34m [0m[32m [0m[31m#[0m[36m#[0m[32m#[0m[34m [0m[34m#[0m[36m#[0m[34m#[0m[34m [0m[33m [0m[36m#[0m[33m#[0m[32m#[0m[31m#[0m[36m#[0m[34m#[0m[32m#[0m[36m [0m[32m [0m[32m#[0m[32m#[0m[34m [0m[32m#[0m[36m#[0m[33m [0m[33m [0m[35m [0m[36m [0m[36m#[0m[34m#[0m[34m#[0m[36m#[0m[32m#[0m[36m#[0m[36m#[0m[34m [0m[31m [0m[32m
[0m[35m [0m[35m [0m[34m [0m[36m [0m[31m#[0m[32m#[0m[34m [0m[35m [0m[31m [0m[35m [0m[35m [0m[35m [0m[36m [0m[34m [0m[35m#[0m[36m#[0m[34m [0m[36m [0m[36m#[0m[35m#[0m[31m [0m[36m [0m[33m [0m[31m#[0m[33m#[0m[36m [0m[33m [0m[31m#[0m[35m#[0m[34m#[0m[34m#[0m[36m#[0m[36m#[0m[34m [0m[34m [0m[35m [0m[32m#[0m[34m#[0m[34m [0m[31m [0m[34m [0m[35m#[0m[34m#[0m[31m [0m[31m [0m[35m [0m[36m [0m[32m#[0m[34m#[0m[33m [0m[34m#[0m[34m#[0m[33m [0m[33m [0m[34m [0m[34m [0m[34m [0m[35m [0m[35m#[0m[31m#[0m[31m [0m[31m [0m[36m [0m[33m#[0m[36m#[0m[31m [0m[32m [0m[33m [0m[34m [0m[34m [0m[34m [0m[36m [0m[31m [0m[33m [0m[34m [0m[33m [0m[36m [0m[31m#[0m[36m#[0m[36m [0m[31m [0m[32m [0m[34m [0m[36m [0m[31m [0m[36m [0m[36m [0m[31m [0m[36m [0m[35m [0m[33m#[0m[34m#[0m[32m [0m[32m [0m[32m [0m[31m [0m[36m [0m[35m [0m[35m [0m[34m#[0m[35m#[0m[35m#[0m[34m#[0m[33m#[0m[32m#[0m[36m#[0m[31m [0m[36m [0m[34m#[0m[33m#[0m[31m [0m[35m [0m[33m [0m[34m#[0m[35m#[0m[35m [0m[35m [0m[32m#[0m[34m#[0m[31m#[0m[34m#[0m[32m [0m[35m [0m[36m [0m[32m [0m[36m [0m[33m#[0m[32m#[0m[32m [0m[31m [0m[34m [0m[32m [0m[36m [0m[34m [0m[33m [0m[35m
[0m[31m [0m[34m [0m[33m [0m[35m [0m[36m#[0m[31m#[0m[36m [0m[33m [0m[34m [0m[31m#[0m[32m#[0m[36m#[0m[33m#[0m[35m#[0m[33m#[0m[32m [0m[31m [0m[33m [0m[34m#[0m[33m#[0m[35m [0m[34m [0m[33m [0m[33m#[0m[31m#[0m[31m [0m[34m [0m[36m#[0m[32m#[0m[36m#[0m[32m#[0m[31m#[0m[34m#[0m[31m [0m[35m [0m[34m [0m[36m#[0m[31m#[0m[35m [0m[36m [0m[31m [0m[31m [0m[31m [0m[32m [0m[32m [0m[31m [0m[32m#[0m[34m#[0m[35m [0m[36m [0m[32m#[0m[33m#[0m[36m [0m[31m [0m[32m [0m[32m [0m[35m [0m[32m [0m[36m#[0m[32m#[0m[32m [0m[31m [0m[35m [0m[34m#[0m[34m#[0m[33m#[0m[34m#[0m[34m#[0m[35m#[0m[35m#[0m[32m [0m[36m [0m[32m#[0m[33m#[0m[34m [0m[33m [0m[33m [0m[31m#[0m[36m#[0m[31m [0m[34m [0m[32m [0m[36m [0m[32m [0m[32m [0m[32m [0m[33m [0m[36m [0m[31m [0m[34m [0m[34m [0m[33m#[0m[31m#[0m[36m#[0m[34m#[0m[36m#[0m[35m [0m[32m [0m[36m [0m[34m#[0m[35m#[0m[36m#[0m[32m#[0m[36m#[0m[34m#[0m[33m#[0m[34m [0m[34m [0m[31m#[0m[32m#[0m[31m [0m[33m [0m[36m [0m[36m#[0m[33m#[0m[32m [0m[34m [0m[33m#[0m[32m#[0m[33m#[0m[33m#[0m[34m [0m[33m [0m[36m [0m[33m [0m[36m [0m[31m#[0m[31m#[0m[34m#[0m[34m#[0m[34m#[0m[36m#[0m[31m#[0m[35m [0m[36m [0m[33m
[0m[34m [0m[33m [0m[36m [0m[36m [0m[35m#[0m[35m#[0m[32m [0m[33m [0m[35m [0m[36m#[0m[32m#[0m[31m [0m[32m [0m[33m [0m[33m#[0m[32m#[0m[35m [0m[34m [0m[33m#[0m[33m#[0m[36m [0m[32m [0m[35m [0m[36m#[0m[35m#[0m[32m [0m[32m [0m[34m#[0m[34m#[0m[33m [0m[32m#[0m[33m#[0m[34m#[0m[34m [0m[33m [0m[33m [0m[34m#[0m[31m#[0m[33m [0m[36m [0m[36m [0m[36m#[0m[31m#[0m[31m [0m[35m [0m[31m [0m[36m#[0m[32m#[0m[33m#[0m[33m#[0m[36m#[0m[32m#[0m[36m [0m[33m [0m[36m [0m[33m [0m[35m [0m[33m [0m[32m#[0m[35m#[0m[34m [0m[36m [0m[36m [0m[35m#[0m[31m#[0m[34m [0m[36m [0m[32m [0m[36m [0m[35m [0m[32m [0m[33m [0m[32m#[0m[32m#[0m[32m [0m[34m [0m[31m [0m[36m#[0m[35m#[0m[34m [0m[34m [0m[35m [0m[36m [0m[33m [0m[33m [0m[31m [0m[31m [0m[35m [0m[32m [0m[35m [0m[34m [0m[33m [0m[31m [0m[36m [0m[35m [0m[32m#[0m[33m#[0m[32m [0m[31m [0m[34m#[0m[32m#[0m[32m [0m[35m#[0m[36m [0m[32m#[0m[36m#[0m[32m [0m[35m [0m[32m#[0m[33m#[0m[33m [0m[35m [0m[35m [0m[33m#[0m[36m#[0m[32m [0m[34m [0m[33m#[0m[31m#[0m[33m [0m[33m#[0m[31m#[0m[32m [0m[33m [0m[31m [0m[32m [0m[32m#[0m[35m#[0m[35m [0m[33m [0m[31m [0m[34m [0m[35m [0m[33m [0m[33m [0m[36m
[0m[32m [0m[34m [0m[36m [0m[32m [0m[36m#[0m[34m#[0m[34m [0m[34m [0m[32m [0m[34m#[0m[33m#[0m[35m [0m[33m [0m[32m [0m[34m#[0m[35m#[0m[32m [0m[31m [0m[32m#[0m[32m#[0m[36m#[0m[34m#[0m[36m#[0m[33m#[0m[33m#[0m[35m [0m[35m [0m[33m#[0m[32m#[0m[32m [0m[33m [0m[34m#[0m[31m#[0m[36m [0m[31m [0m[31m [0m[31m#[0m[32m#[0m[32m#[0m[32m#[0m[34m#[0m[36m#[0m[36m#[0m[31m [0m[31m [0m[32m#[0m[33m#[0m[31m [0m[31m [0m[34m [0m[34m#[0m[35m#[0m[32m [0m[36m [0m[33m [0m[33m [0m[31m [0m[31m [0m[36m#[0m[36m#[0m[33m [0m[36m [0m[34m [0m[33m#[0m[36m#[0m[34m#[0m[36m#[0m[32m#[0m[32m#[0m[31m#[0m[33m [0m[34m [0m[31m#[0m[31m#[0m[32m#[0m[31m#[0m[34m#[0m[33m#[0m[33m#[0m[31m [0m[34m [0m[36m [0m[34m [0m[34m [0m[34m [0m[31m [0m[34m [0m[35m [0m[33m [0m[34m [0m[32m#[0m[35m#[0m[31m#[0m[36m#[0m[36m#[0m[35m#[0m[33m#[0m[33m [0m[31m [0m[35m#[0m[36m#[0m[32m [0m[35m [0m[33m [0m[33m#[0m[33m#[0m[34m [0m[35m [0m[34m#[0m[33m#[0m[33m#[0m[35m#[0m[34m#[0m[34m#[0m[35m#[0m[31m [0m[36m [0m[31m#[0m[31m#[0m[34m [0m[31m [0m[32m#[0m[36m#[0m[32m [0m[36m [0m[36m [0m[31m#[0m[33m#[0m[32m#[0m[36m#[0m[32m#[0m[32m#[0m[32m#[0m[36m [0m[34m [0m[31m
[0m[36m [0m[32m [0m[35m [0m[35m [0m[36m#[0m[32m#[0m[36m [0m[36m [0m[36m [0m[33m#[0m[31m#[0m[35m [0m[35m [0m[34m [0m[34m#[0m[33m#[0m[33m [0m[31m [0m[35m [0m[33m#[0m[36m#[0m[32m#[0m[36m#[0m[36m#[0m[36m [0m[31m [0m[35m [0m[33m#[0m[31m#[0m[33m [0m[33m [0m[31m#[0m[35m#[0m[32m [0m[33m [0m[36m [0m[35m [0m[35m#[0m[34m#[0m[36m#[0m[34m#[0m[33m#[0m[32m [0m[36m [0m[33m [0m[33m#[0m[35m#[0m[35m [0m[32m [0m[33m [0m[36m#[0m[34m#[0m[32m [0m[35m [0m[35m [0m[36m [0m[31m [0m[35m [0m[31m#[0m[32m#[0m[32m [0m[32m [0m[31m [0m[31m [0m[34m#[0m[36m#[0m[34m#[0m[34m#[0m[31m#[0m[33m#[0m[31m [0m[32m [0m[31m#[0m[36m#[0m[36m#[0m[31m#[0m[36m#[0m[31m#[0m[34m [0m[31m [0m[36m [0m[34m [0m[33m [0m[36m [0m[32m [0m[33m [0m[31m [0m[35m [0m[36m [0m[34m [0m[33m#[0m[32m#[0m[35m#[0m[31m#[0m[32m#[0m[33m#[0m[31m [0m[32m [0m[36m [0m[35m#[0m[34m#[0m[33m [0m[36m [0m[33m [0m[31m#[0m[35m#[0m[32m [0m[33m [0m[36m [0m[32m#[0m[35m#[0m[36m#[0m[34m#[0m[36m#[0m[31m [0m[31m [0m[31m [0m[34m#[0m[31m#[0m[32m [0m[32m [0m[32m [0m[33m#[0m[35m#[0m[33m [0m[32m [0m[34m [0m[32m#[0m[32m#[0m[34m#[0m[35m#[0m[35m#[0m[36m#[0m[36m [0m[35m [0m[32m
[0m[35m [0m[33m [0m[31m [0m[33m [0m[34m [0m[36m [0m[32m [0m[36m [0m[33m [0m[35m [0m[34m [0m[36m [0m[31m [0m[31m [0m[31m [0m[34m [0m[31m [0m[32m [0m[33m [0m[35m [0m[32m [0m[33m [0m[33m [0m[31m [0m[31m [0m[34m [0m[36m [0m[33m [0m[34m [0m[33m [0m[34m [0m[33m [0m[36m [0m[31m [0m[31m [0m[32m [0m[35m [0m[35m [0m[33m [0m[35m [0m[31m [0m[31m [0m[34m [0m[32m [0m[32m [0m[33m [0m[32m [0m[34m [0m[33m [0m[33m [0m[36m [0m[35m [0m[31m [0m[33m [0m[32m [0m[33m [0m[33m [0m[34m [0m[36m [0m[32m [0m[36m [0m[35m [0m[35m [0m[36m [0m[31m [0m[31m [0m[33m [0m[35m [0m[31m [0m[32m [0m[34m [0m[32m [0m[35m [0m[32m [0m[34m [0m[35m [0m[33m [0m[33m [0m[36m [0m[34m [0m[35m [0m[31m [0m[33m [0m[34m [0m[35m [0m[32m [0m[34m [0m[31m [0m[31m [0m[36m [0m[31m [0m[33m [0m[31m [0m[36m [0m[35m [0m[32m [0m[34m [0m[36m [0m[32m [0m[31m [0m[36m [0m[35m [0m[35m [0m[31m [0m[32m [0m[36m [0m[33m [0m[33m [0m[36m [0m[35m [0m[35m [0m[31m [0m[36m [0m[34m [0m[32m [0m[34m [0m[33m [0m[34m [0m[33m [0m[32m [0m[34m [0m[32m [0m[32m [0m[34m [0m[33m [0m[36m [0m[35m [0m[36m [0m[34m [0m[33m [0m[35m [0m[32m [0m[36m [0m[35m [0m[36m [0m[31m
[0m[32m[0m[33mv[0m[31mi[0m[33me[0m[35mw[0m[32ms[0m[36m-[0m[36mp[0m[35mi[0m[32mp[0m[35me[0m[34ml[0m[36mi[0m[35mn[0m[31me[0m[35m-[0m[36mc[0m[32mo[0m[33mr[0m[32me[0m[34m [0m[36mv[0m[34m3[0m[35m.[0m[35m1[0m[35m.[0m[34m2[0m[32m[0m[34m
[0m
2026-08-16 00:49:18,559 /home/simon/Documents/scripts/views_platform/views-hydranet/views_hydranet/manager/hydranet_manager.py [hydranet_manager.py:175] [2702151] [MainThread] - INFO - 🕒 HydranetManager: Initialized run with timestamp 160826_0049
2026-08-16 00:49:18,560 /home/simon/Documents/scripts/views_platform/views-pipeline-core/views_pipeline_core/modules/validation/core_config_sniffer.py [core_config_sniffer.py:465] [2702151] [MainThread] - WARNING - Model 'truncated_smoke' uses the legacy deployment_status='shadow'. This is accepted during the ADR-057 transition window and reads as maturity='candidate'. Rename config_deployment.py to config_maturity.py and replace the key. The window closes when views-models reports no configs on the legacy vocabulary; after that this becomes an error.
2026-08-16 00:49:18,560 /home/simon/Documents/scripts/views_platform/views-pipeline-core/views_pipeline_core/modules/validation/core_config_sniffer.py [core_config_sniffer.py:648] [2702151] [MainThread] - INFO - CoreConfigSniffer: Evaluation contract verified — 13 rolling-origin sequence(s), stride=1.
2026-08-16 00:49:18,560 /home/simon/Documents/scripts/views_platform/views-pipeline-core/views_pipeline_core/modules/validation/core_config_sniffer.py [core_config_sniffer.py:652] [2702151] [MainThread] - INFO -   Seq   0: origin 456, months 457..492
2026-08-16 00:49:18,560 /home/simon/Documents/scripts/views_platform/views-pipeline-core/views_pipeline_core/modules/validation/core_config_sniffer.py [core_config_sniffer.py:658] [2702151] [MainThread] - INFO -   Seq  12: origin 468, months 469..504
2026-08-16 00:49:18,560 /home/simon/Documents/scripts/views_platform/views-pipeline-core/views_pipeline_core/modules/validation/core_config_sniffer.py [core_config_sniffer.py:235] [2702151] [MainThread] - INFO - CoreConfigSniffer: Config audited (run_type='calibration').
2026-08-16 00:49:21,189 /home/simon/Documents/scripts/views_platform/views-pipeline-core/views_pipeline_core/modules/dataloaders/dataloaders.py [dataloaders.py:1071] [2702151] [MainThread] - INFO - Reading saved data from /home/simon/Documents/scripts/views_platform/views-models/models/truncated_smoke/data/raw/calibration_datafactory_df.parquet
2026-08-16 00:49:21,257 /home/simon/Documents/scripts/views_platform/views-pipeline-core/views_pipeline_core/modules/validation/core_data_sniffer.py [core_data_sniffer.py:130] [2702151] [MainThread] - INFO - CoreDataSniffer: Loaded data audited (partition='calibration', level='pgm').
2026-08-16 00:49:21,257 /home/simon/Documents/scripts/views_platform/views-pipeline-core/views_pipeline_core/modules/wandb/wandb.py [wandb.py:254] [2702151] [MainThread] - INFO - WandB alert sent: Queryset Fetch Complete (calibration)
2026-08-16 00:49:24,551 /home/simon/Documents/scripts/views_platform/views-pipeline-core/views_pipeline_core/managers/model/model.py [model.py:1414] [2702151] [MainThread] - INFO - Evaluating model truncated_smoke...
2026-08-16 00:49:24,551 /home/simon/Documents/scripts/views_platform/views-pipeline-core/views_pipeline_core/managers/model/model.py [model.py:1424] [2702151] [MainThread] - INFO - Declared temporal window: base_origin=456, step 1 → month 457, step 36 → month 492 (36 steps total). Model inference starting.
2026-08-16 00:49:24,551 /home/simon/Documents/scripts/views_platform/views-pipeline-core/views_pipeline_core/data/model_path.py [model_path.py:795] [2702151] [MainThread] - INFO - Artifact used (named): /home/simon/Documents/scripts/views_platform/views-models/models/truncated_smoke/artifacts/calibration_model_20260814_003058.pt
2026-08-16 00:49:24,552 /home/simon/Documents/scripts/views_platform/views-pipeline-core/views_pipeline_core/data/model_path.py [model_path.py:766] [2702151] [MainThread] - INFO - Artifact used: /home/simon/Documents/scripts/views_platform/views-models/models/truncated_smoke/artifacts/calibration_model_20260814_095322.pt
2026-08-16 00:49:24,552 /home/simon/Documents/scripts/views_platform/views-hydranet/views_hydranet/utils/model_artifact_fetcher.py [model_artifact_fetcher.py:61] [2702151] [MainThread] - INFO - Retriever: Using specific model artifact: calibration_model_20260814_003058.pt
2026-08-16 00:49:24,555 /home/simon/Documents/scripts/views_platform/views-hydranet/views_hydranet/utils/model_artifact_fetcher.py [model_artifact_fetcher.py:98] [2702151] [MainThread] - INFO - Retriever: SHA-256 verified for calibration_model_20260814_003058.pt
2026-08-16 00:49:24,668 /home/simon/Documents/scripts/views_platform/views-hydranet/views_hydranet/utils/model_artifact_fetcher.py [model_artifact_fetcher.py:120] [2702151] [MainThread] - INFO - Retriever: Loaded state_dict artifact (weights_only=True)

👾====================================================================================================
  DEVICE REPORT — STANDARD
  --------------------------------------------------------------------------------------------------
  Device:    cuda  (GPU)
  GPU Name:  NVIDIA GeForce RTX 4070 Laptop GPU
  VRAM:      7,942 MiB
  GPU Count: 1
👾====================================================================================================

2026-08-16 00:49:24,730 /home/simon/Documents/scripts/views_platform/views-hydranet/views_hydranet/utils/config_initializer.py [config_initializer.py:426] [2702151] [MainThread] - WARNING - 
╔══════════════════════════════════════════════════════════════╗
║  HydraNetConfig WARNING: aggregate_method is IGNORED         ║
║                                                              ║
║  evaluation_mode='stochastic' preserves the full posterior.  ║
║  The aggregate_method='arithmetic_mean' setting has NO effect.       ║
║                                                              ║
║  To activate aggregation, set evaluation_mode='point'.       ║
╚══════════════════════════════════════════════════════════════╝
2026-08-16 00:49:24,730 /home/simon/Documents/scripts/views_platform/views-hydranet/views_hydranet/infrastructure/reproducibility_gate.py [reproducibility_gate.py:82] [2702151] [MainThread] - INFO - Entropy locked: numpy/random seed=42, torch seed=42, deterministic_algorithms=True
2026-08-16 00:49:24,731 /home/simon/Documents/scripts/views_platform/views-hydranet/views_hydranet/utils/disk_guard.py [disk_guard.py:52] [2702151] [MainThread] - INFO - disk-headroom check: 77.6 GB free at '.' (budget 10.0 GB)
2026-08-16 00:49:24,731 /home/simon/Documents/scripts/views_platform/views-hydranet/views_hydranet/manager/hydranet_manager.py [hydranet_manager.py:190] [2702151] [MainThread] - INFO - 🛡️  Running Pre-Flight Validation...
2026-08-16 00:49:24,731 /home/simon/Documents/scripts/views_platform/views-hydranet/views_hydranet/manager/hydranet_manager.py [hydranet_manager.py:205] [2702151] [MainThread] - INFO - ✅ Architecture: Head Count Aligned (3+3)
2026-08-16 00:49:24,731 /home/simon/Documents/scripts/views_platform/views-hydranet/views_hydranet/utils/data_fetcher.py [data_fetcher.py:58] [2702151] [MainThread] - INFO - DataFetcher: Loading calibration from /home/simon/Documents/scripts/views_platform/views-models/models/truncated_smoke/data/raw/calibration_datafactory_df.parquet

👾====================================================================================================
  DATA LOAD COMPLETE: CALIBRATION
  --------------------------------------------------------------------------------------------------
  Source Path: /home/simon/Documents/scripts/views_platform/views-models/models/truncated_smoke/data/raw/calibration_datafactory_df.parquet
  Rows Loaded: 5,034,240
  Columns:     ['lr_sb_best', 'lr_ns_best', 'lr_os_best', 'c_id', 'row', 'col']
👾====================================================================================================

2026-08-16 00:49:25,284 /home/simon/Documents/scripts/views_platform/views-hydranet/views_hydranet/utils/data_sniffer.py [data_sniffer.py:51] [2702151] [MainThread] - INFO - DataSniffer: Starting Ingestion Suite (Raw Space)
2026-08-16 00:49:25,563 /home/simon/Documents/scripts/views_platform/views-hydranet/views_hydranet/utils/data_sniffer.py [data_sniffer.py:59] [2702151] [MainThread] - INFO - DataSniffer: Ingestion Suite Passed.
2026-08-16 00:49:25,745 /home/simon/Documents/scripts/views_platform/views-hydranet/views_hydranet/utils/feature_scaler.py [feature_scaler.py:99] [2702151] [MainThread] - INFO - 💫 FeatureScaler: Entering Semantic Space (3 features to transform)
2026-08-16 00:49:25,745 /home/simon/Documents/scripts/views_platform/views-hydranet/views_hydranet/utils/feature_scaler.py [feature_scaler.py:108] [2702151] [MainThread] - INFO -   → Applying [log1p] to 3 features
2026-08-16 00:49:26,009 /home/simon/Documents/scripts/views_platform/views-hydranet/views_hydranet/utils/feature_scaler.py [feature_scaler.py:153] [2702151] [MainThread] - INFO - 

➡️==============================================================================
  FEATURE SCALER: SEMANTIC SPACE REPORT
  ----------------------------------------------------------------------------
  [  log1p   ] lr_sb_best.................... min:     0.0000 | max:    11.6386
  [  log1p   ] lr_ns_best.................... min:     0.0000 | max:     7.6014
  [  log1p   ] lr_os_best.................... min:     0.0000 | max:    12.0921
➡️==============================================================================

2026-08-16 00:49:27,802 /home/simon/Documents/scripts/views_platform/views-hydranet/views_hydranet/utils/data_sniffer.py [data_sniffer.py:68] [2702151] [MainThread] - INFO - DataSniffer: Starting History Alignment Suite
2026-08-16 00:49:27,869 /home/simon/Documents/scripts/views_platform/views-hydranet/views_hydranet/utils/data_sniffer.py [data_sniffer.py:158] [2702151] [MainThread] - INFO - DataSniffer: Temporal and Geographic Alignment Passed.
2026-08-16 00:49:27,959 /home/simon/Documents/scripts/views_platform/views-hydranet/reports/2026-08-16_feedback_realism_dossier/tools/realism_arm_entry.py [realism_arm_entry.py:53] [2702151] [MainThread] - INFO - 🧪 RealismArmManager: feedback arm = 'use_real' (None = production, the model's own field)
2026-08-16 00:49:27,959 /home/simon/Documents/scripts/views_platform/views-hydranet/views_hydranet/utils/inference_orchestrator.py [inference_orchestrator.py:225] [2702151] [MainThread] - INFO - 💠 InferenceOrchestrator: Initiating BACKTEST streaming pass (13 origins) [pandas-free PredictionFrame path].
2026-08-16 00:49:27,960 /home/simon/Documents/scripts/views_platform/views-hydranet/views_hydranet/utils/hydranet_inference.py [hydranet_inference.py:149] [2702151] [MainThread] - INFO - Using device: cuda
2026-08-16 00:49:27,961 /home/simon/Documents/scripts/views_platform/views-hydranet/views_hydranet/utils/hydranet_inference.py [hydranet_inference.py:255] [2702151] [MainThread] - INFO - HydraNetInference initialized successfully.
2026-08-16 00:49:28,358 /home/simon/Documents/scripts/views_platform/views-hydranet/views_hydranet/utils/disk_guard.py [disk_guard.py:109] [2702151] [MainThread] - INFO - cube-fit check: 0.42 GB needed vs 9.83 GB available RAM (headroom 0.85)
2026-08-16 00:51:45,179 /home/simon/Documents/scripts/views_platform/views-hydranet/views_hydranet/utils/feature_scaler.py [feature_scaler.py:210] [2702151] [MainThread] - INFO - 🔙 FeatureScaler: Inverting Volume (36, 180, 180, 11, 16) to Raw Space
2026-08-16 00:51:47,075 /home/simon/Documents/scripts/views_platform/views-hydranet/views_hydranet/utils/disk_guard.py [disk_guard.py:109] [2702151] [MainThread] - INFO - cube-fit check: 0.42 GB needed vs 9.30 GB available RAM (headroom 0.85)
2026-08-16 00:54:31,799 /home/simon/Documents/scripts/views_platform/views-hydranet/views_hydranet/utils/feature_scaler.py [feature_scaler.py:210] [2702151] [MainThread] - INFO - 🔙 FeatureScaler: Inverting Volume (36, 180, 180, 11, 16) to Raw Space
2026-08-16 00:54:33,954 /home/simon/Documents/scripts/views_platform/views-hydranet/views_hydranet/utils/disk_guard.py [disk_guard.py:109] [2702151] [MainThread] - INFO - cube-fit check: 0.42 GB needed vs 8.52 GB available RAM (headroom 0.85)
2026-08-16 00:57:17,987 /home/simon/Documents/scripts/views_platform/views-hydranet/views_hydranet/utils/feature_scaler.py [feature_scaler.py:210] [2702151] [MainThread] - INFO - 🔙 FeatureScaler: Inverting Volume (36, 180, 180, 11, 16) to Raw Space
2026-08-16 00:57:20,092 /home/simon/Documents/scripts/views_platform/views-hydranet/views_hydranet/utils/disk_guard.py [disk_guard.py:109] [2702151] [MainThread] - INFO - cube-fit check: 0.42 GB needed vs 7.73 GB available RAM (headroom 0.85)
2026-08-16 00:59:51,343 /home/simon/Documents/scripts/views_platform/views-hydranet/views_hydranet/utils/feature_scaler.py [feature_scaler.py:210] [2702151] [MainThread] - INFO - 🔙 FeatureScaler: Inverting Volume (36, 180, 180, 11, 16) to Raw Space
2026-08-16 00:59:53,260 /home/simon/Documents/scripts/views_platform/views-hydranet/views_hydranet/utils/disk_guard.py [disk_guard.py:109] [2702151] [MainThread] - INFO - cube-fit check: 0.42 GB needed vs 7.33 GB available RAM (headroom 0.85)
2026-08-16 01:02:19,536 /home/simon/Documents/scripts/views_platform/views-hydranet/views_hydranet/utils/feature_scaler.py [feature_scaler.py:210] [2702151] [MainThread] - INFO - 🔙 FeatureScaler: Inverting Volume (36, 180, 180, 11, 16) to Raw Space
2026-08-16 01:02:21,477 /home/simon/Documents/scripts/views_platform/views-hydranet/views_hydranet/utils/disk_guard.py [disk_guard.py:109] [2702151] [MainThread] - INFO - cube-fit check: 0.42 GB needed vs 7.08 GB available RAM (headroom 0.85)
2026-08-16 01:04:44,201 /home/simon/Documents/scripts/views_platform/views-hydranet/views_hydranet/utils/feature_scaler.py [feature_scaler.py:210] [2702151] [MainThread] - INFO - 🔙 FeatureScaler: Inverting Volume (36, 180, 180, 11, 16) to Raw Space
2026-08-16 01:04:46,193 /home/simon/Documents/scripts/views_platform/views-hydranet/views_hydranet/utils/disk_guard.py [disk_guard.py:109] [2702151] [MainThread] - INFO - cube-fit check: 0.42 GB needed vs 6.09 GB available RAM (headroom 0.85)
2026-08-16 01:07:22,654 /home/simon/Documents/scripts/views_platform/views-hydranet/views_hydranet/utils/feature_scaler.py [feature_scaler.py:210] [2702151] [MainThread] - INFO - 🔙 FeatureScaler: Inverting Volume (36, 180, 180, 11, 16) to Raw Space
2026-08-16 01:07:24,862 /home/simon/Documents/scripts/views_platform/views-hydranet/views_hydranet/utils/disk_guard.py [disk_guard.py:109] [2702151] [MainThread] - INFO - cube-fit check: 0.42 GB needed vs 4.71 GB available RAM (headroom 0.85)
2026-08-16 01:09:52,304 /home/simon/Documents/scripts/views_platform/views-hydranet/views_hydranet/utils/feature_scaler.py [feature_scaler.py:210] [2702151] [MainThread] - INFO - 🔙 FeatureScaler: Inverting Volume (36, 180, 180, 11, 16) to Raw Space
2026-08-16 01:09:54,294 /home/simon/Documents/scripts/views_platform/views-hydranet/views_hydranet/utils/disk_guard.py [disk_guard.py:109] [2702151] [MainThread] - INFO - cube-fit check: 0.42 GB needed vs 4.68 GB available RAM (headroom 0.85)
2026-08-16 01:12:37,479 /home/simon/Documents/scripts/views_platform/views-hydranet/views_hydranet/utils/feature_scaler.py [feature_scaler.py:210] [2702151] [MainThread] - INFO - 🔙 FeatureScaler: Inverting Volume (36, 180, 180, 11, 16) to Raw Space
2026-08-16 01:12:39,427 /home/simon/Documents/scripts/views_platform/views-hydranet/views_hydranet/utils/disk_guard.py [disk_guard.py:109] [2702151] [MainThread] - INFO - cube-fit check: 0.42 GB needed vs 4.39 GB available RAM (headroom 0.85)
2026-08-16 01:15:12,544 /home/simon/Documents/scripts/views_platform/views-hydranet/views_hydranet/utils/feature_scaler.py [feature_scaler.py:210] [2702151] [MainThread] - INFO - 🔙 FeatureScaler: Inverting Volume (36, 180, 180, 11, 16) to Raw Space
2026-08-16 01:15:14,444 /home/simon/Documents/scripts/views_platform/views-hydranet/views_hydranet/utils/disk_guard.py [disk_guard.py:109] [2702151] [MainThread] - INFO - cube-fit check: 0.42 GB needed vs 4.06 GB available RAM (headroom 0.85)
2026-08-16 01:17:28,460 /home/simon/Documents/scripts/views_platform/views-hydranet/views_hydranet/utils/feature_scaler.py [feature_scaler.py:210] [2702151] [MainThread] - INFO - 🔙 FeatureScaler: Inverting Volume (36, 180, 180, 11, 16) to Raw Space
2026-08-16 01:17:30,417 /home/simon/Documents/scripts/views_platform/views-hydranet/views_hydranet/utils/disk_guard.py [disk_guard.py:109] [2702151] [MainThread] - INFO - cube-fit check: 0.42 GB needed vs 3.41 GB available RAM (headroom 0.85)
2026-08-16 01:19:30,286 /home/simon/Documents/scripts/views_platform/views-hydranet/views_hydranet/utils/feature_scaler.py [feature_scaler.py:210] [2702151] [MainThread] - INFO - 🔙 FeatureScaler: Inverting Volume (36, 180, 180, 11, 16) to Raw Space
2026-08-16 01:19:32,204 /home/simon/Documents/scripts/views_platform/views-hydranet/views_hydranet/utils/disk_guard.py [disk_guard.py:109] [2702151] [MainThread] - INFO - cube-fit check: 0.42 GB needed vs 3.38 GB available RAM (headroom 0.85)
2026-08-16 01:21:29,477 /home/simon/Documents/scripts/views_platform/views-hydranet/views_hydranet/utils/feature_scaler.py [feature_scaler.py:210] [2702151] [MainThread] - INFO - 🔙 FeatureScaler: Inverting Volume (36, 180, 180, 11, 16) to Raw Space
2026-08-16 01:21:30,974 /home/simon/Documents/scripts/views_platform/views-hydranet/views_hydranet/utils/inference_orchestrator.py [inference_orchestrator.py:271] [2702151] [MainThread] - INFO - ✅ InferenceOrchestrator: Streamed 13 origin(s) [pandas-free PredictionFrame streaming path].
2026-08-16 01:21:30,975 /home/simon/Documents/scripts/views_platform/views-pipeline-core/views_pipeline_core/modules/wandb/wandb.py [wandb.py:254] [2702151] [MainThread] - INFO - WandB alert sent: Evaluation Predictions Saved
2026-08-16 01:21:30,975 /home/simon/Documents/scripts/views_platform/views-pipeline-core/views_pipeline_core/files/utils.py [utils.py:147] [2702151] [MainThread] - INFO - Log file created at /home/simon/Documents/scripts/views_platform/views-models/models/truncated_smoke/data/generated/calibration_log.txt
2026-08-16 01:21:31,530 /home/simon/Documents/scripts/views_platform/views-pipeline-core/views_pipeline_core/managers/evaluation/stage.py [stage.py:289] [2702151] [MainThread] - INFO - Raw data read from /home/simon/Documents/scripts/views_platform/views-models/models/truncated_smoke/data/raw/calibration_datafactory_df.parquet
2026-08-16 01:21:31,530 /home/simon/Documents/scripts/views_platform/views-hydranet/views_hydranet/manager/hydranet_manager.py [hydranet_manager.py:183] [2702151] [MainThread] - INFO - 🛠️ HydranetManager: Manufacturing derived signals for evaluation.
2026-08-16 01:21:31,886 /home/simon/Documents/scripts/views_platform/views-pipeline-core/views_pipeline_core/managers/evaluation/stage.py [stage.py:128] [2702151] [MainThread] - INFO - Processing regression tasks for evaluation...
2026-08-16 01:21:31,886 /home/simon/Documents/scripts/views_platform/views-pipeline-core/views_pipeline_core/managers/evaluation/stage.py [stage.py:131] [2702151] [MainThread] - INFO - Calculating regression evaluation metrics for lr_sb_best
2026-08-16 01:21:40,870 /home/simon/Documents/scripts/views_platform/views-pipeline-core/views_pipeline_core/managers/evaluation/stage.py [stage.py:446] [2702151] [MainThread] - INFO - Persisted MetricFrame (evaluation-of-record) for 'lr_sb_best' -> /home/simon/Documents/scripts/views_platform/views-models/models/truncated_smoke/data/generated/truncated_smoke/calibration/metricframe_lr_sb_best
2026-08-16 01:21:42,146 /home/simon/Documents/scripts/views_platform/views-pipeline-core/views_pipeline_core/modules/wandb/wandb.py [wandb.py:254] [2702151] [MainThread] - INFO - WandB alert sent: Model Outputs Saved
2026-08-16 01:21:42,146 /home/simon/Documents/scripts/views_platform/views-pipeline-core/views_pipeline_core/managers/evaluation/stage.py [stage.py:131] [2702151] [MainThread] - INFO - Calculating regression evaluation metrics for lr_ns_best
2026-08-16 01:21:51,020 /home/simon/Documents/scripts/views_platform/views-pipeline-core/views_pipeline_core/managers/evaluation/stage.py [stage.py:446] [2702151] [MainThread] - INFO - Persisted MetricFrame (evaluation-of-record) for 'lr_ns_best' -> /home/simon/Documents/scripts/views_platform/views-models/models/truncated_smoke/data/generated/truncated_smoke/calibration/metricframe_lr_ns_best
2026-08-16 01:21:51,775 /home/simon/Documents/scripts/views_platform/views-pipeline-core/views_pipeline_core/modules/wandb/wandb.py [wandb.py:254] [2702151] [MainThread] - INFO - WandB alert sent: Model Outputs Saved
2026-08-16 01:21:51,775 /home/simon/Documents/scripts/views_platform/views-pipeline-core/views_pipeline_core/managers/evaluation/stage.py [stage.py:131] [2702151] [MainThread] - INFO - Calculating regression evaluation metrics for lr_os_best
2026-08-16 01:22:00,720 /home/simon/Documents/scripts/views_platform/views-pipeline-core/views_pipeline_core/managers/evaluation/stage.py [stage.py:446] [2702151] [MainThread] - INFO - Persisted MetricFrame (evaluation-of-record) for 'lr_os_best' -> /home/simon/Documents/scripts/views_platform/views-models/models/truncated_smoke/data/generated/truncated_smoke/calibration/metricframe_lr_os_best
2026-08-16 01:22:01,520 /home/simon/Documents/scripts/views_platform/views-pipeline-core/views_pipeline_core/modules/wandb/wandb.py [wandb.py:254] [2702151] [MainThread] - INFO - WandB alert sent: Model Outputs Saved
2026-08-16 01:22:01,521 /home/simon/Documents/scripts/views_platform/views-pipeline-core/views_pipeline_core/managers/evaluation/stage.py [stage.py:128] [2702151] [MainThread] - INFO - Processing classification tasks for evaluation...
2026-08-16 01:22:01,521 /home/simon/Documents/scripts/views_platform/views-pipeline-core/views_pipeline_core/managers/evaluation/stage.py [stage.py:131] [2702151] [MainThread] - INFO - Calculating classification evaluation metrics for by_sb_best
2026-08-16 01:22:06,810 /home/simon/Documents/scripts/views_platform/views-pipeline-core/views_pipeline_core/managers/evaluation/stage.py [stage.py:446] [2702151] [MainThread] - INFO - Persisted MetricFrame (evaluation-of-record) for 'by_sb_best' -> /home/simon/Documents/scripts/views_platform/views-models/models/truncated_smoke/data/generated/truncated_smoke/calibration/metricframe_by_sb_best
2026-08-16 01:22:07,753 /home/simon/Documents/scripts/views_platform/views-pipeline-core/views_pipeline_core/modules/wandb/wandb.py [wandb.py:254] [2702151] [MainThread] - INFO - WandB alert sent: Model Outputs Saved
2026-08-16 01:22:07,754 /home/simon/Documents/scripts/views_platform/views-pipeline-core/views_pipeline_core/managers/evaluation/stage.py [stage.py:131] [2702151] [MainThread] - INFO - Calculating classification evaluation metrics for by_ns_best
2026-08-16 01:22:12,991 /home/simon/Documents/scripts/views_platform/views-pipeline-core/views_pipeline_core/managers/evaluation/stage.py [stage.py:446] [2702151] [MainThread] - INFO - Persisted MetricFrame (evaluation-of-record) for 'by_ns_best' -> /home/simon/Documents/scripts/views_platform/views-models/models/truncated_smoke/data/generated/truncated_smoke/calibration/metricframe_by_ns_best
2026-08-16 01:22:13,763 /home/simon/Documents/scripts/views_platform/views-pipeline-core/views_pipeline_core/modules/wandb/wandb.py [wandb.py:254] [2702151] [MainThread] - INFO - WandB alert sent: Model Outputs Saved
2026-08-16 01:22:13,763 /home/simon/Documents/scripts/views_platform/views-pipeline-core/views_pipeline_core/managers/evaluation/stage.py [stage.py:131] [2702151] [MainThread] - INFO - Calculating classification evaluation metrics for by_os_best
2026-08-16 01:22:18,882 /home/simon/Documents/scripts/views_platform/views-pipeline-core/views_pipeline_core/managers/evaluation/stage.py [stage.py:446] [2702151] [MainThread] - INFO - Persisted MetricFrame (evaluation-of-record) for 'by_os_best' -> /home/simon/Documents/scripts/views_platform/views-models/models/truncated_smoke/data/generated/truncated_smoke/calibration/metricframe_by_os_best
2026-08-16 01:22:19,673 /home/simon/Documents/scripts/views_platform/views-pipeline-core/views_pipeline_core/modules/wandb/wandb.py [wandb.py:254] [2702151] [MainThread] - INFO - WandB alert sent: Model Outputs Saved
2026-08-16 01:22:19,679 /home/simon/Documents/scripts/views_platform/views-pipeline-core/views_pipeline_core/managers/prediction/io.py [io.py:258] [2702151] [MainThread] - INFO - Evaluation metrics:
+----+---------------------------------------------------+--------------+
|    | Metric                                            |        Value |
+====+===================================================+==============+
| 59 | month-wise/by_ns_best/Brier_cls_sample            |   0.0021944  |
+----+---------------------------------------------------+--------------+
|  0 | month-wise/by_ns_best/Brier_cls_sample_mean       |   0.00281122 |
+----+---------------------------------------------------+--------------+
| 62 | month-wise/by_os_best/Brier_cls_sample            |   0.0044903  |
+----+---------------------------------------------------+--------------+
| 25 | month-wise/by_os_best/Brier_cls_sample_mean       |   0.00417751 |
+----+---------------------------------------------------+--------------+
| 19 | month-wise/by_sb_best/Brier_cls_sample            |   0.0100185  |
+----+---------------------------------------------------+--------------+
| 30 | month-wise/by_sb_best/Brier_cls_sample_mean       |   0.00805263 |
+----+---------------------------------------------------+--------------+
| 39 | month-wise/lr_ns_best/CRPS                        |   0.0219754  |
+----+---------------------------------------------------+--------------+
| 69 | month-wise/lr_ns_best/CRPS_mean                   |   0.0550146  |
+----+---------------------------------------------------+--------------+
|  5 | month-wise/lr_ns_best/MCR_sample                  |   0.768409   |
+----+---------------------------------------------------+--------------+
| 11 | month-wise/lr_ns_best/MCR_sample_mean             |   2.03928    |
+----+---------------------------------------------------+--------------+
| 12 | month-wise/lr_ns_best/QS_sample                   |   0.0227058  |
+----+---------------------------------------------------+--------------+
| 49 | month-wise/lr_ns_best/QS_sample_mean              |   0.0622836  |
+----+---------------------------------------------------+--------------+
| 43 | month-wise/lr_os_best/CRPS                        |   0.0888775  |
+----+---------------------------------------------------+--------------+
| 35 | month-wise/lr_os_best/CRPS_mean                   |   0.0443048  |
+----+---------------------------------------------------+--------------+
| 40 | month-wise/lr_os_best/MCR_sample                  |   0.230084   |
+----+---------------------------------------------------+--------------+
| 58 | month-wise/lr_os_best/MCR_sample_mean             |   0.598025   |
+----+---------------------------------------------------+--------------+
| 53 | month-wise/lr_os_best/QS_sample                   |   0.0879024  |
+----+---------------------------------------------------+--------------+
| 10 | month-wise/lr_os_best/QS_sample_mean              |   0.0435291  |
+----+---------------------------------------------------+--------------+
| 63 | month-wise/lr_sb_best/CRPS                        |   8.81062    |
+----+---------------------------------------------------+--------------+
| 64 | month-wise/lr_sb_best/CRPS_mean                   |   0.348419   |
+----+---------------------------------------------------+--------------+
| 23 | month-wise/lr_sb_best/MCR_sample                  |   0.0193073  |
+----+---------------------------------------------------+--------------+
| 66 | month-wise/lr_sb_best/MCR_sample_mean             |   1.84918    |
+----+---------------------------------------------------+--------------+
| 32 | month-wise/lr_sb_best/QS_sample                   |   8.71121    |
+----+---------------------------------------------------+--------------+
| 37 | month-wise/lr_sb_best/QS_sample_mean              |   0.34385    |
+----+---------------------------------------------------+--------------+
| 46 | month-wise/month                                  | 504          |
+----+---------------------------------------------------+--------------+
| 21 | step-wise/by_ns_best/Brier_cls_sample             |   0.00223828 |
+----+---------------------------------------------------+--------------+
| 15 | step-wise/by_ns_best/Brier_cls_sample_mean        |   0.00282124 |
+----+---------------------------------------------------+--------------+
| 36 | step-wise/by_os_best/Brier_cls_sample             |   0.00423745 |
+----+---------------------------------------------------+--------------+
| 31 | step-wise/by_os_best/Brier_cls_sample_mean        |   0.00425215 |
+----+---------------------------------------------------+--------------+
| 45 | step-wise/by_sb_best/Brier_cls_sample             |   0.00948095 |
+----+---------------------------------------------------+--------------+
| 28 | step-wise/by_sb_best/Brier_cls_sample_mean        |   0.00786643 |
+----+---------------------------------------------------+--------------+
| 18 | step-wise/lr_ns_best/CRPS                         |   0.0283373  |
+----+---------------------------------------------------+--------------+
| 27 | step-wise/lr_ns_best/CRPS_mean                    |   0.0528374  |
+----+---------------------------------------------------+--------------+
| 17 | step-wise/lr_ns_best/MCR_sample                   |   0.62277    |
+----+---------------------------------------------------+--------------+
| 52 | step-wise/lr_ns_best/MCR_sample_mean              |   2.86451    |
+----+---------------------------------------------------+--------------+
| 68 | step-wise/lr_ns_best/QS_sample                    |   0.0280673  |
+----+---------------------------------------------------+--------------+
| 56 | step-wise/lr_ns_best/QS_sample_mean               |   0.0614327  |
+----+---------------------------------------------------+--------------+
| 33 | step-wise/lr_os_best/CRPS                         |   0.0676426  |
+----+---------------------------------------------------+--------------+
|  3 | step-wise/lr_os_best/CRPS_mean                    |   0.0458922  |
+----+---------------------------------------------------+--------------+
| 61 | step-wise/lr_os_best/MCR_sample                   |   0.243919   |
+----+---------------------------------------------------+--------------+
|  2 | step-wise/lr_os_best/MCR_sample_mean              |   0.506697   |
+----+---------------------------------------------------+--------------+
| 42 | step-wise/lr_os_best/QS_sample                    |   0.0666877  |
+----+---------------------------------------------------+--------------+
| 13 | step-wise/lr_os_best/QS_sample_mean               |   0.0450881  |
+----+---------------------------------------------------+--------------+
|  8 | step-wise/lr_sb_best/CRPS                         |   0.887585   |
+----+---------------------------------------------------+--------------+
| 47 | step-wise/lr_sb_best/CRPS_mean                    |   0.174467   |
+----+---------------------------------------------------+--------------+
|  9 | step-wise/lr_sb_best/MCR_sample                   |   0.225962   |
+----+---------------------------------------------------+--------------+
| 71 | step-wise/lr_sb_best/MCR_sample_mean              |   1.8326     |
+----+---------------------------------------------------+--------------+
| 70 | step-wise/lr_sb_best/QS_sample                    |   0.870477   |
+----+---------------------------------------------------+--------------+
| 16 | step-wise/lr_sb_best/QS_sample_mean               |   0.173003   |
+----+---------------------------------------------------+--------------+
| 50 | step-wise/step                                    |  36          |
+----+---------------------------------------------------+--------------+
| 14 | time-series-wise/by_ns_best/Brier_cls_sample      |   0.00269518 |
+----+---------------------------------------------------+--------------+
| 54 | time-series-wise/by_ns_best/Brier_cls_sample_mean |   0.00282124 |
+----+---------------------------------------------------+--------------+
| 73 | time-series-wise/by_os_best/Brier_cls_sample      |   0.00430253 |
+----+---------------------------------------------------+--------------+
| 74 | time-series-wise/by_os_best/Brier_cls_sample_mean |   0.00425215 |
+----+---------------------------------------------------+--------------+
| 72 | time-series-wise/by_sb_best/Brier_cls_sample      |   0.00832015 |
+----+---------------------------------------------------+--------------+
| 20 | time-series-wise/by_sb_best/Brier_cls_sample_mean |   0.00786643 |
+----+---------------------------------------------------+--------------+
|  1 | time-series-wise/lr_ns_best/CRPS                  |   0.0357401  |
+----+---------------------------------------------------+--------------+
|  6 | time-series-wise/lr_ns_best/CRPS_mean             |   0.0528374  |
+----+---------------------------------------------------+--------------+
| 55 | time-series-wise/lr_ns_best/MCR_sample            |   0.794347   |
+----+---------------------------------------------------+--------------+
| 60 | time-series-wise/lr_ns_best/MCR_sample_mean       |   3.54621    |
+----+---------------------------------------------------+--------------+
| 41 | time-series-wise/lr_ns_best/QS_sample             |   0.035812   |
+----+---------------------------------------------------+--------------+
| 48 | time-series-wise/lr_ns_best/QS_sample_mean        |   0.0614327  |
+----+---------------------------------------------------+--------------+
| 22 | time-series-wise/lr_os_best/CRPS                  |   0.0501847  |
+----+---------------------------------------------------+--------------+
| 29 | time-series-wise/lr_os_best/CRPS_mean             |   0.0458922  |
+----+---------------------------------------------------+--------------+
| 34 | time-series-wise/lr_os_best/MCR_sample            |   0.381154   |
+----+---------------------------------------------------+--------------+
| 44 | time-series-wise/lr_os_best/MCR_sample_mean       |   0.459773   |
+----+---------------------------------------------------+--------------+
|  7 | time-series-wise/lr_os_best/QS_sample             |   0.0491623  |
+----+---------------------------------------------------+--------------+
| 24 | time-series-wise/lr_os_best/QS_sample_mean        |   0.0450881  |
+----+---------------------------------------------------+--------------+
| 57 | time-series-wise/lr_sb_best/CRPS                  |   0.437362   |
+----+---------------------------------------------------+--------------+
| 65 | time-series-wise/lr_sb_best/CRPS_mean             |   0.174467   |
+----+---------------------------------------------------+--------------+
|  4 | time-series-wise/lr_sb_best/MCR_sample            |   1.66942    |
+----+---------------------------------------------------+--------------+
| 67 | time-series-wise/lr_sb_best/MCR_sample_mean       |   1.57404    |
+----+---------------------------------------------------+--------------+
| 51 | time-series-wise/lr_sb_best/QS_sample             |   0.462914   |
+----+---------------------------------------------------+--------------+
| 38 | time-series-wise/lr_sb_best/QS_sample_mean        |   0.173003   |
+----+---------------------------------------------------+--------------+
| 26 | time-series-wise/time-series                      |  12          |
+----+---------------------------------------------------+--------------+
2026-08-16 01:22:19,679 /home/simon/Documents/scripts/views_platform/views-pipeline-core/views_pipeline_core/modules/wandb/wandb.py [wandb.py:254] [2702151] [MainThread] - INFO - WandB alert sent: Metrics for truncated_smoke
2026-08-16 01:22:20,002 /home/simon/Documents/scripts/views_platform/views-pipeline-core/views_pipeline_core/modules/wandb/wandb.py [wandb.py:254] [2702151] [MainThread] - INFO - WandB alert sent: Evaluation for model truncated_smoke completed successfully.
2026-08-16 01:22:24,554 /home/simon/Documents/scripts/views_platform/views-pipeline-core/views_pipeline_core/managers/model/model.py [model.py:1235] [2702151] [MainThread] - INFO - Done. Runtime: 33.010 minutes.

wrote /home/simon/Documents/scripts/views_platform/views-hydranet/reports/2026-08-16_feedback_realism_dossier/results/fedfield_truncated_smoke_use_real.csv (5460 field records)
wandb: Using wandb-core as the SDK backend.  Please refer to https://wandb.me/wandb-core for more information.
wandb: Currently logged in as: simpol (nornir). Use `wandb login --relogin` to force relogin
wandb: Currently logged in as: simpol (views_pipeline). Use `wandb login --relogin` to force relogin
wandb: Tracking run with wandb version 0.18.7
wandb: Run data is saved locally in /home/simon/Documents/scripts/views_platform/views-models/models/truncated_smoke/wandb/run-20260816_004920-5x7c4jqx
wandb: Run `wandb offline` to turn off syncing.
wandb: Syncing run worldly-water-33
wandb: ⭐️ View project at https://wandb.ai/views_pipeline/truncated_smoke_calibration
wandb: 🚀 View run at https://wandb.ai/views_pipeline/truncated_smoke_calibration/runs/5x7c4jqx
wandb:                                                                                
wandb: 🚀 View run worldly-water-33 at: https://wandb.ai/views_pipeline/truncated_smoke_calibration/runs/5x7c4jqx
wandb: ⭐️ View project at: https://wandb.ai/views_pipeline/truncated_smoke_calibration
wandb: Synced 5 W&B file(s), 0 media file(s), 0 artifact file(s) and 0 other file(s)
wandb: Find logs at: ./wandb/run-20260816_004920-5x7c4jqx/logs
wandb: Tracking run with wandb version 0.18.7
wandb: Run data is saved locally in /home/simon/Documents/scripts/views_platform/views-models/models/truncated_smoke/wandb/run-20260816_004923-d2rj17t5
wandb: Run `wandb offline` to turn off syncing.
wandb: Syncing run misty-wind-34
wandb: ⭐️ View project at https://wandb.ai/views_pipeline/truncated_smoke_calibration
wandb: 🚀 View run at https://wandb.ai/views_pipeline/truncated_smoke_calibration/runs/d2rj17t5

[Origin 1/13] 🎲 Drawing Posterior Samples:   0%|          | 0/1484 [00:00<?, ?step/s]
[Origin 1/13] 🎲 Drawing Posterior Samples:   0%|          | 1/1484 [00:00<06:58,  3.54step/s]
[Origin 1/13] 🎲 Drawing Posterior Samples:   0%|          | 6/1484 [00:00<01:21, 18.05step/s]
[Origin 1/13] 🎲 Drawing Posterior Samples:   1%|          | 16/1484 [00:00<00:36, 40.39step/s]
[Origin 1/13] 🎲 Drawing Posterior Samples:   1%|▏         | 22/1484 [00:00<00:32, 45.16step/s]
[Origin 1/13] 🎲 Drawing Posterior Samples:   2%|▏         | 28/1484 [00:00<00:32, 45.08step/s]
[Origin 1/13] 🎲 Drawing Posterior Samples:   2%|▏         | 34/1484 [00:00<00:30, 47.59step/s]
[Origin 1/13] 🎲 Drawing Posterior Samples:   3%|▎         | 40/1484 [00:01<00:33, 42.58step/s]
[Origin 1/13] 🎲 Drawing Posterior Samples:   3%|▎         | 45/1484 [00:01<00:35, 40.00step/s]
[Origin 1/13] 🎲 Drawing Posterior Samples:   3%|▎         | 50/1484 [00:01<00:33, 42.28step/s]
[Origin 1/13] 🎲 Drawing Posterior Samples:   4%|▎         | 55/1484 [00:01<00:35, 39.70step/s]
[Origin 1/13] 🎲 Drawing Posterior Samples:   4%|▍         | 60/1484 [00:01<00:37, 37.60step/s]
[Origin 1/13] 🎲 Drawing Posterior Samples:   4%|▍         | 66/1484 [00:01<00:34, 40.84step/s]
[Origin 1/13] 🎲 Drawing Posterior Samples:   5%|▍         | 71/1484 [00:01<00:34, 40.88step/s]
[Origin 1/13] 🎲 Drawing Posterior Samples:   5%|▌         | 76/1484 [00:01<00:36, 38.22step/s]
[Origin 1/13] 🎲 Drawing Posterior Samples:   5%|▌         | 81/1484 [00:02<00:35, 39.26step/s]
[Origin 1/13] 🎲 Drawing Posterior Samples:   6%|▌         | 85/1484 [00:02<00:35, 39.14step/s]
[Origin 1/13] 🎲 Drawing Posterior Samples:   6%|▌         | 89/1484 [00:02<00:35, 38.86step/s]
[Origin 1/13] 🎲 Drawing Posterior Samples:   6%|▋         | 93/1484 [00:02<00:36, 37.78step/s]
[Origin 1/13] 🎲 Drawing Posterior Samples:   7%|▋         | 98/1484 [00:02<00:33, 40.92step/s]
[Origin 1/13] 🎲 Drawing Posterior Samples:   7%|▋         | 103/1484 [00:02<00:37, 36.98step/s]
[Origin 1/13] 🎲 Drawing Posterior Samples:   7%|▋         | 107/1484 [00:02<00:37, 36.56step/s]
[Origin 1/13] 🎲 Drawing Posterior Samples:   8%|▊         | 113/1484 [00:02<00:33, 40.76step/s]
[Origin 1/13] 🎲 Drawing Posterior Samples:   8%|▊         | 118/1484 [00:03<00:33, 40.28step/s]
[Origin 1/13] 🎲 Drawing Posterior Samples:   8%|▊         | 123/1484 [00:03<00:35, 37.82step/s]
[Origin 1/13] 🎲 Drawing Posterior Samples:   9%|▊         | 128/1484 [00:03<00:34, 39.03step/s]
[Origin 1/13] 🎲 Drawing Posterior Samples:   9%|▉         | 132/1484 [00:03<00:36, 37.34step/s]
[Origin 1/13] 🎲 Drawing Posterior Samples:   9%|▉         | 138/1484 [00:03<00:32, 41.07step/s]
[Origin 1/13] 🎲 Drawing Posterior Samples:  10%|▉         | 143/1484 [00:03<00:34, 38.72step/s]
[Origin 1/13] 🎲 Drawing Posterior Samples:  10%|▉         | 147/1484 [00:03<00:34, 38.75step/s]
[Origin 1/13] 🎲 Drawing Posterior Samples:  10%|█         | 151/1484 [00:03<00:34, 38.64step/s]
[Origin 1/13] 🎲 Drawing Posterior Samples:  10%|█         | 155/1484 [00:04<00:34, 38.10step/s]
[Origin 1/13] 🎲 Drawing Posterior Samples:  11%|█         | 159/1484 [00:04<00:34, 38.34step/s]
[Origin 1/13] 🎲 Drawing Posterior Samples:  11%|█         | 163/1484 [00:04<00:34, 38.00step/s]
[Origin 1/13] 🎲 Drawing Posterior Samples:  11%|█▏        | 169/1484 [00:04<00:31, 41.87step/s]
[Origin 1/13] 🎲 Drawing Posterior Samples:  12%|█▏        | 174/1484 [00:04<00:35, 37.36step/s]
[Origin 1/13] 🎲 Drawing Posterior Samples:  12%|█▏        | 179/1484 [00:04<00:34, 37.74step/s]
[Origin 1/13] 🎲 Drawing Posterior Samples:  12%|█▏        | 185/1484 [00:04<00:31, 41.50step/s]
[Origin 1/13] 🎲 Drawing Posterior Samples:  13%|█▎        | 190/1484 [00:04<00:33, 38.65step/s]
[Origin 1/13] 🎲 Drawing Posterior Samples:  13%|█▎        | 195/1484 [00:05<00:33, 37.99step/s]
[Origin 1/13] 🎲 Drawing Posterior Samples:  13%|█▎        | 200/1484 [00:05<00:32, 39.56step/s]
[Origin 1/13] 🎲 Drawing Posterior Samples:  14%|█▍        | 205/1484 [00:05<00:33, 37.63step/s]
[Origin 1/13] 🎲 Drawing Posterior Samples:  14%|█▍        | 210/1484 [00:05<00:33, 37.97step/s]
[Origin 1/13] 🎲 Drawing Posterior Samples:  14%|█▍        | 215/1484 [00:05<00:31, 40.84step/s]
[Origin 1/13] 🎲 Drawing Posterior Samples:  15%|█▍        | 220/1484 [00:05<00:33, 37.92step/s]
[Origin 1/13] 🎲 Drawing Posterior Samples:  15%|█▌        | 225/1484 [00:05<00:31, 40.14step/s]
[Origin 1/13] 🎲 Drawing Posterior Samples:  15%|█▌        | 230/1484 [00:05<00:31, 39.82step/s]
[Origin 1/13] 🎲 Drawing Posterior Samples:  16%|█▌        | 235/1484 [00:06<00:30, 40.59step/s]
[Origin 1/13] 🎲 Drawing Posterior Samples:  16%|█▌        | 240/1484 [00:06<00:31, 39.63step/s]
[Origin 1/13] 🎲 Drawing Posterior Samples:  17%|█▋        | 245/1484 [00:06<00:31, 38.76step/s]
[Origin 1/13] 🎲 Drawing Posterior Samples:  17%|█▋        | 250/1484 [00:06<00:29, 41.37step/s]
[Origin 1/13] 🎲 Drawing Posterior Samples:  17%|█▋        | 255/1484 [00:06<00:31, 38.50step/s]
[Origin 1/13] 🎲 Drawing Posterior Samples:  18%|█▊        | 260/1484 [00:06<00:31, 38.65step/s]
[Origin 1/13] 🎲 Drawing Posterior Samples:  18%|█▊        | 266/1484 [00:06<00:28, 42.05step/s]
[Origin 1/13] 🎲 Drawing Posterior Samples:  18%|█▊        | 271/1484 [00:06<00:32, 37.51step/s]
[Origin 1/13] 🎲 Drawing Posterior Samples:  19%|█▊        | 276/1484 [00:07<00:30, 39.23step/s]
[Origin 1/13] 🎲 Drawing Posterior Samples:  19%|█▉        | 281/1484 [00:07<00:29, 40.76step/s]
[Origin 1/13] 🎲 Drawing Posterior Samples:  19%|█▉        | 286/1484 [00:07<00:30, 38.93step/s]
[Origin 1/13] 🎲 Drawing Posterior Samples:  20%|█▉        | 291/1484 [00:07<00:30, 38.71step/s]
[Origin 1/13] 🎲 Drawing Posterior Samples:  20%|█▉        | 295/1484 [00:07<00:31, 38.22step/s]
[Origin 1/13] 🎲 Drawing Posterior Samples:  20%|██        | 300/1484 [00:07<00:29, 39.75step/s]
[Origin 1/13] 🎲 Drawing Posterior Samples:  21%|██        | 305/1484 [00:07<00:30, 38.74step/s]
[Origin 1/13] 🎲 Drawing Posterior Samples:  21%|██        | 310/1484 [00:07<00:30, 39.06step/s]
[Origin 1/13] 🎲 Drawing Posterior Samples:  21%|██        | 314/1484 [00:08<00:30, 38.86step/s]
[Origin 1/13] 🎲 Drawing Posterior Samples:  21%|██▏       | 318/1484 [00:08<00:31, 36.57step/s]
[Origin 1/13] 🎲 Drawing Posterior Samples:  22%|██▏       | 324/1484 [00:08<00:28, 40.83step/s]
[Origin 1/13] 🎲 Drawing Posterior Samples:  22%|██▏       | 329/1484 [00:08<00:28, 40.63step/s]
[Origin 1/13] 🎲 Drawing Posterior Samples:  23%|██▎       | 334/1484 [00:08<00:29, 39.17step/s]
[Origin 1/13] 🎲 Drawing Posterior Samples:  23%|██▎       | 338/1484 [00:09<01:05, 17.59step/s]
[Origin 1/13] 🎲 Drawing Posterior Samples:  23%|██▎       | 341/1484 [00:09<01:30, 12.64step/s]
[Origin 1/13] 🎲 Drawing Posterior Samples:  23%|██▎       | 344/1484 [00:10<02:03,  9.26step/s]
[Origin 1/13] 🎲 Drawing Posterior Samples:  23%|██▎       | 346/1484 [00:10<02:14,  8.48step/s]
[Origin 1/13] 🎲 Drawing Posterior Samples:  23%|██▎       | 348/1484 [00:10<02:29,  7.60step/s]
[Origin 1/13] 🎲 Drawing Posterior Samples:  24%|██▎       | 350/1484 [00:11<03:08,  6.02step/s]
[Origin 1/13] 🎲 Drawing Posterior Samples:  24%|██▎       | 351/1484 [00:11<03:11,  5.90step/s]
[Origin 1/13] 🎲 Drawing Posterior Samples:  24%|██▎       | 352/1484 [00:11<03:27,  5.46step/s]
[Origin 1/13] 🎲 Drawing Posterior Samples:  24%|██▍       | 353/1484 [00:12<03:35,  5.26step/s]
[Origin 1/13] 🎲 Drawing Posterior Samples:  24%|██▍       | 354/1484 [00:12<03:57,  4.75step/s]
[Origin 1/13] 🎲 Drawing Posterior Samples:  24%|██▍       | 355/1484 [00:12<03:40,  5.12step/s]
[Origin 1/13] 🎲 Drawing Posterior Samples:  24%|██▍       | 356/1484 [00:12<03:30,  5.35step/s]
[Origin 1/13] 🎲 Drawing Posterior Samples:  24%|██▍       | 357/1484 [00:12<03:23,  5.54step/s]
[Origin 1/13] 🎲 Drawing Posterior Samples:  24%|██▍       | 358/1484 [00:13<03:22,  5.57step/s]
[Origin 1/13] 🎲 Drawing Posterior Samples:  24%|██▍       | 359/1484 [00:13<03:08,  5.98step/s]
[Origin 1/13] 🎲 Drawing Posterior Samples:  24%|██▍       | 360/1484 [00:13<03:01,  6.20step/s]
[Origin 1/13] 🎲 Drawing Posterior Samples:  24%|██▍       | 361/1484 [00:13<02:59,  6.26step/s]
[Origin 1/13] 🎲 Drawing Posterior Samples:  24%|██▍       | 362/1484 [00:13<03:28,  5.38step/s]
[Origin 1/13] 🎲 Drawing Posterior Samples:  24%|██▍       | 363/1484 [00:13<03:27,  5.41step/s]
[Origin 1/13] 🎲 Drawing Posterior Samples:  25%|██▍       | 364/1484 [00:14<03:32,  5.26step/s]
[Origin 1/13] 🎲 Drawing Posterior Samples:  25%|██▍       | 365/1484 [00:14<03:19,  5.61step/s]
[Origin 1/13] 🎲 Drawing Posterior Samples:  25%|██▍       | 366/1484 [00:14<03:08,  5.92step/s]
[Origin 1/13] 🎲 Drawing Posterior Samples:  25%|██▍       | 367/1484 [00:14<03:30,  5.30step/s]
[Origin 1/13] 🎲 Drawing Posterior Samples:  25%|██▍       | 368/1484 [00:14<03:23,  5.49step/s]
[Origin 1/13] 🎲 Drawing Posterior Samples:  25%|██▍       | 369/1484 [00:15<03:18,  5.61step/s]
[Origin 1/13] 🎲 Drawing Posterior Samples:  25%|██▍       | 370/1484 [00:15<03:13,  5.76step/s]
[Origin 1/13] 🎲 Drawing Posterior Samples:  25%|██▌       | 371/1484 [00:15<03:27,  5.37step/s]
[Origin 1/13] 🎲 Drawing Posterior Samples:  25%|██▌       | 372/1484 [00:33<1:42:20,  5.52s/step]
[Origin 1/13] 🎲 Drawing Posterior Samples:  25%|██▌       | 376/1484 [00:33<37:53,  2.05s/step]  
[Origin 1/13] 🎲 Drawing Posterior Samples:  26%|██▌       | 381/1484 [00:33<17:57,  1.02step/s]
[Origin 1/13] 🎲 Drawing Posterior Samples:  26%|██▌       | 386/1484 [00:33<10:21,  1.77step/s]
[Origin 1/13] 🎲 Drawing Posterior Samples:  26%|██▋       | 390/1484 [00:33<07:05,  2.57step/s]
[Origin 1/13] 🎲 Drawing Posterior Samples:  27%|██▋       | 394/1484 [00:33<04:57,  3.66step/s]
[Origin 1/13] 🎲 Drawing Posterior Samples:  27%|██▋       | 399/1484 [00:34<03:16,  5.52step/s]
[Origin 1/13] 🎲 Drawing Posterior Samples:  27%|██▋       | 403/1484 [00:34<02:27,  7.35step/s]
[Origin 1/13] 🎲 Drawing Posterior Samples:  27%|██▋       | 407/1484 [00:34<01:51,  9.63step/s]
[Origin 1/13] 🎲 Drawing Posterior Samples:  28%|██▊       | 411/1484 [00:34<01:26, 12.36step/s]
[Origin 1/13] 🎲 Drawing Posterior Samples:  28%|██▊       | 417/1484 [00:34<01:01, 17.45step/s]
[Origin 1/13] 🎲 Drawing Posterior Samples:  28%|██▊       | 422/1484 [00:34<00:51, 20.57step/s]
[Origin 1/13] 🎲 Drawing Posterior Samples:  29%|██▉       | 427/1484 [00:34<00:44, 23.95step/s]
[Origin 1/13] 🎲 Drawing Posterior Samples:  29%|██▉       | 432/1484 [00:34<00:37, 27.86step/s]
[Origin 1/13] 🎲 Drawing Posterior Samples:  29%|██▉       | 437/1484 [00:35<00:35, 29.21step/s]
[Origin 1/13] 🎲 Drawing Posterior Samples:  30%|██▉       | 442/1484 [00:35<00:32, 31.73step/s]
[Origin 1/13] 🎲 Drawing Posterior Samples:  30%|███       | 447/1484 [00:35<00:29, 35.27step/s]
[Origin 1/13] 🎲 Drawing Posterior Samples:  30%|███       | 452/1484 [00:35<00:28, 35.60step/s]
[Origin 1/13] 🎲 Drawing Posterior Samples:  31%|███       | 457/1484 [00:35<00:27, 37.17step/s]
[Origin 1/13] 🎲 Drawing Posterior Samples:  31%|███       | 462/1484 [00:35<00:26, 37.89step/s]
[Origin 1/13] 🎲 Drawing Posterior Samples:  31%|███▏      | 467/1484 [00:35<00:27, 37.47step/s]
[Origin 1/13] 🎲 Drawing Posterior Samples:  32%|███▏      | 471/1484 [00:35<00:27, 37.28step/s]
[Origin 1/13] 🎲 Drawing Posterior Samples:  32%|███▏      | 475/1484 [00:36<00:27, 36.60step/s]
[Origin 1/13] 🎲 Drawing Posterior Samples:  32%|███▏      | 480/1484 [00:36<00:25, 39.58step/s]
[Origin 1/13] 🎲 Drawing Posterior Samples:  33%|███▎      | 485/1484 [00:36<00:27, 36.77step/s]
[Origin 1/13] 🎲 Drawing Posterior Samples:  33%|███▎      | 489/1484 [00:36<00:26, 37.37step/s]
[Origin 1/13] 🎲 Drawing Posterior Samples:  33%|███▎      | 494/1484 [00:36<00:25, 39.10step/s]
[Origin 1/13] 🎲 Drawing Posterior Samples:  34%|███▎      | 498/1484 [00:36<00:26, 37.08step/s]
[Origin 1/13] 🎲 Drawing Posterior Samples:  34%|███▍      | 503/1484 [00:36<00:25, 38.90step/s]
[Origin 1/13] 🎲 Drawing Posterior Samples:  34%|███▍      | 507/1484 [00:36<00:26, 37.10step/s]
[Origin 1/13] 🎲 Drawing Posterior Samples:  35%|███▍      | 512/1484 [00:36<00:24, 40.23step/s]
[Origin 1/13] 🎲 Drawing Posterior Samples:  35%|███▍      | 517/1484 [00:37<00:25, 37.44step/s]
[Origin 1/13] 🎲 Drawing Posterior Samples:  35%|███▌      | 522/1484 [00:37<00:25, 37.58step/s]
[Origin 1/13] 🎲 Drawing Posterior Samples:  36%|███▌      | 527/1484 [00:37<00:24, 38.94step/s]
[Origin 1/13] 🎲 Drawing Posterior Samples:  36%|███▌      | 531/1484 [00:37<00:26, 36.14step/s]
[Origin 1/13] 🎲 Drawing Posterior Samples:  36%|███▌      | 536/1484 [00:37<00:24, 39.14step/s]
[Origin 1/13] 🎲 Drawing Posterior Samples:  36%|███▋      | 540/1484 [00:37<00:26, 35.44step/s]
[Origin 1/13] 🎲 Drawing Posterior Samples:  37%|███▋      | 545/1484 [00:37<00:25, 36.43step/s]
[Origin 1/13] 🎲 Drawing Posterior Samples:  37%|███▋      | 550/1484 [00:38<00:23, 39.42step/s]
[Origin 1/13] 🎲 Drawing Posterior Samples:  37%|███▋      | 555/1484 [00:38<00:25, 36.54step/s]
[Origin 1/13] 🎲 Drawing Posterior Samples:  38%|███▊      | 561/1484 [00:38<00:23, 39.93step/s]
[Origin 1/13] 🎲 Drawing Posterior Samples:  38%|███▊      | 566/1484 [00:38<00:24, 37.48step/s]
[Origin 1/13] 🎲 Drawing Posterior Samples:  38%|███▊      | 570/1484 [00:38<00:24, 36.91step/s]
[Origin 1/13] 🎲 Drawing Posterior Samples:  39%|███▊      | 575/1484 [00:38<00:23, 39.32step/s]
[Origin 1/13] 🎲 Drawing Posterior Samples:  39%|███▉      | 580/1484 [00:38<00:24, 37.20step/s]
[Origin 1/13] 🎲 Drawing Posterior Samples:  39%|███▉      | 584/1484 [00:38<00:23, 37.72step/s]
[Origin 1/13] 🎲 Drawing Posterior Samples:  40%|███▉      | 588/1484 [00:39<00:24, 36.38step/s]
[Origin 1/13] 🎲 Drawing Posterior Samples:  40%|███▉      | 592/1484 [00:39<00:25, 35.36step/s]
[Origin 1/13] 🎲 Drawing Posterior Samples:  40%|████      | 597/1484 [00:39<00:22, 39.05step/s]
[Origin 1/13] 🎲 Drawing Posterior Samples:  40%|████      | 601/1484 [00:39<00:23, 36.85step/s]
[Origin 1/13] 🎲 Drawing Posterior Samples:  41%|████      | 607/1484 [00:39<00:22, 38.62step/s]
[Origin 1/13] 🎲 Drawing Posterior Samples:  41%|████      | 611/1484 [00:39<00:23, 37.64step/s]
[Origin 1/13] 🎲 Drawing Posterior Samples:  42%|████▏     | 616/1484 [00:39<00:24, 36.10step/s]
[Origin 1/13] 🎲 Drawing Posterior Samples:  42%|████▏     | 620/1484 [00:39<00:23, 36.79step/s]
[Origin 1/13] 🎲 Drawing Posterior Samples:  42%|████▏     | 624/1484 [00:40<00:23, 36.57step/s]
[Origin 1/13] 🎲 Drawing Posterior Samples:  42%|████▏     | 629/1484 [00:40<00:21, 39.40step/s]
[Origin 1/13] 🎲 Drawing Posterior Samples:  43%|████▎     | 633/1484 [00:40<00:23, 36.06step/s]
[Origin 1/13] 🎲 Drawing Posterior Samples:  43%|████▎     | 638/1484 [00:40<00:23, 36.57step/s]
[Origin 1/13] 🎲 Drawing Posterior Samples:  43%|████▎     | 643/1484 [00:40<00:21, 38.79step/s]
[Origin 1/13] 🎲 Drawing Posterior Samples:  44%|████▎     | 647/1484 [00:40<00:22, 36.42step/s]
[Origin 1/13] 🎲 Drawing Posterior Samples:  44%|████▍     | 652/1484 [00:40<00:21, 39.15step/s]
[Origin 1/13] 🎲 Drawing Posterior Samples:  44%|████▍     | 656/1484 [00:40<00:22, 36.08step/s]
[Origin 1/13] 🎲 Drawing Posterior Samples:  45%|████▍     | 661/1484 [00:40<00:22, 37.25step/s]
[Origin 1/13] 🎲 Drawing Posterior Samples:  45%|████▍     | 666/1484 [00:41<00:21, 38.65step/s]
[Origin 1/13] 🎲 Drawing Posterior Samples:  45%|████▌     | 670/1484 [00:41<00:22, 36.08step/s]
[Origin 1/13] 🎲 Drawing Posterior Samples:  45%|████▌     | 675/1484 [00:41<00:21, 38.27step/s]
[Origin 1/13] 🎲 Drawing Posterior Samples:  46%|████▌     | 679/1484 [00:41<00:21, 38.33step/s]
[Origin 1/13] 🎲 Drawing Posterior Samples:  46%|████▌     | 684/1484 [00:41<00:19, 40.39step/s]
[Origin 1/13] 🎲 Drawing Posterior Samples:  46%|████▋     | 689/1484 [00:41<00:20, 38.06step/s]
[Origin 1/13] 🎲 Drawing Posterior Samples:  47%|████▋     | 693/1484 [00:41<00:21, 37.65step/s]
[Origin 1/13] 🎲 Drawing Posterior Samples:  47%|████▋     | 698/1484 [00:41<00:19, 40.46step/s]
[Origin 1/13] 🎲 Drawing Posterior Samples:  47%|████▋     | 703/1484 [00:42<00:20, 37.21step/s]
[Origin 1/13] 🎲 Drawing Posterior Samples:  48%|████▊     | 707/1484 [00:42<00:27, 28.27step/s]
[Origin 1/13] 🎲 Drawing Posterior Samples:  48%|████▊     | 711/1484 [00:42<00:54, 14.18step/s]
[Origin 1/13] 🎲 Drawing Posterior Samples:  48%|████▊     | 714/1484 [00:43<01:24,  9.06step/s]
[Origin 1/13] 🎲 Drawing Posterior Samples:  48%|████▊     | 716/1484 [00:44<01:32,  8.28step/s]
[Origin 1/13] 🎲 Drawing Posterior Samples:  48%|████▊     | 718/1484 [00:44<01:42,  7.46step/s]
[Origin 1/13] 🎲 Drawing Posterior Samples:  49%|████▊     | 720/1484 [00:45<02:13,  5.73step/s]
[Origin 1/13] 🎲 Drawing Posterior Samples:  49%|████▊     | 721/1484 [00:45<02:18,  5.50step/s]
[Origin 1/13] 🎲 Drawing Posterior Samples:  49%|████▊     | 722/1484 [00:45<02:20,  5.44step/s]
[Origin 1/13] 🎲 Drawing Posterior Samples:  49%|████▊     | 723/1484 [00:45<02:27,  5.17step/s]
[Origin 1/13] 🎲 Drawing Posterior Samples:  49%|████▉     | 724/1484 [00:46<02:43,  4.66step/s]
[Origin 1/13] 🎲 Drawing Posterior Samples:  49%|████▉     | 725/1484 [00:46<02:50,  4.44step/s]
[Origin 1/13] 🎲 Drawing Posterior Samples:  49%|████▉     | 726/1484 [00:46<02:45,  4.59step/s]
[Origin 1/13] 🎲 Drawing Posterior Samples:  49%|████▉     | 727/1484 [00:46<02:50,  4.44step/s]
[Origin 1/13] 🎲 Drawing Posterior Samples:  49%|████▉     | 728/1484 [00:46<02:37,  4.79step/s]
[Origin 1/13] 🎲 Drawing Posterior Samples:  49%|████▉     | 729/1484 [00:47<02:31,  4.99step/s]
[Origin 1/13] 🎲 Drawing Posterior Samples:  49%|████▉     | 730/1484 [00:47<02:30,  5.01step/s]
[Origin 1/13] 🎲 Drawing Posterior Samples:  49%|████▉     | 731/1484 [00:47<02:18,  5.44step/s]
[Origin 1/13] 🎲 Drawing Posterior Samples:  49%|████▉     | 732/1484 [00:47<02:25,  5.16step/s]
[Origin 1/13] 🎲 Drawing Posterior Samples:  49%|████▉     | 733/1484 [00:47<02:39,  4.72step/s]
[Origin 1/13] 🎲 Drawing Posterior Samples:  49%|████▉     | 734/1484 [00:48<03:03,  4.09step/s]
[Origin 1/13] 🎲 Drawing Posterior Samples:  50%|████▉     | 735/1484 [00:48<03:02,  4.11step/s]
[Origin 1/13] 🎲 Drawing Posterior Samples:  50%|████▉     | 736/1484 [00:48<02:49,  4.41step/s]
[Origin 1/13] 🎲 Drawing Posterior Samples:  50%|████▉     | 737/1484 [00:48<02:33,  4.88step/s]
[Origin 1/13] 🎲 Drawing Posterior Samples:  50%|████▉     | 738/1484 [00:48<02:22,  5.22step/s]
[Origin 1/13] 🎲 Drawing Posterior Samples:  50%|████▉     | 739/1484 [00:49<02:29,  4.97step/s]
[Origin 1/13] 🎲 Drawing Posterior Samples:  50%|████▉     | 740/1484 [00:49<02:50,  4.36step/s]
[Origin 1/13] 🎲 Drawing Posterior Samples:  50%|████▉     | 741/1484 [00:49<02:39,  4.65step/s]
[Origin 1/13] 🎲 Drawing Posterior Samples:  50%|█████     | 742/1484 [00:49<02:55,  4.23step/s]
[Origin 1/13] 🎲 Drawing Posterior Samples:  50%|█████     | 743/1484 [01:08<1:10:10,  5.68s/step]
[Origin 1/13] 🎲 Drawing Posterior Samples:  50%|█████     | 748/1484 [01:08<22:21,  1.82s/step]  
[Origin 1/13] 🎲 Drawing Posterior Samples:  51%|█████     | 751/1484 [01:08<14:14,  1.17s/step]
[Origin 1/13] 🎲 Drawing Posterior Samples:  51%|█████     | 756/1484 [01:08<07:40,  1.58step/s]
[Origin 1/13] 🎲 Drawing Posterior Samples:  51%|█████▏    | 761/1484 [01:08<04:41,  2.57step/s]
[Origin 1/13] 🎲 Drawing Posterior Samples:  52%|█████▏    | 766/1484 [01:08<03:04,  3.89step/s]
[Origin 1/13] 🎲 Drawing Posterior Samples:  52%|█████▏    | 770/1484 [01:09<02:16,  5.25step/s]
[Origin 1/13] 🎲 Drawing Posterior Samples:  52%|█████▏    | 774/1484 [01:09<01:43,  6.85step/s]
[Origin 1/13] 🎲 Drawing Posterior Samples:  52%|█████▏    | 778/1484 [01:09<01:17,  9.07step/s]
[Origin 1/13] 🎲 Drawing Posterior Samples:  53%|█████▎    | 782/1484 [01:09<01:00, 11.66step/s]
[Origin 1/13] 🎲 Drawing Posterior Samples:  53%|█████▎    | 786/1484 [01:09<00:51, 13.65step/s]
[Origin 1/13] 🎲 Drawing Posterior Samples:  53%|█████▎    | 790/1484 [01:09<00:42, 16.34step/s]
[Origin 1/13] 🎲 Drawing Posterior Samples:  54%|█████▎    | 794/1484 [01:09<00:36, 18.86step/s]
[Origin 1/13] 🎲 Drawing Posterior Samples:  54%|█████▍    | 798/1484 [01:09<00:32, 21.10step/s]
[Origin 1/13] 🎲 Drawing Posterior Samples:  54%|█████▍    | 803/1484 [01:10<00:26, 25.98step/s]
[Origin 1/13] 🎲 Drawing Posterior Samples:  54%|█████▍    | 807/1484 [01:10<00:24, 27.61step/s]
[Origin 1/13] 🎲 Drawing Posterior Samples:  55%|█████▍    | 811/1484 [01:10<00:23, 28.61step/s]
[Origin 1/13] 🎲 Drawing Posterior Samples:  55%|█████▍    | 815/1484 [01:10<00:22, 29.36step/s]
[Origin 1/13] 🎲 Drawing Posterior Samples:  55%|█████▌    | 819/1484 [01:10<00:22, 28.94step/s]
[Origin 1/13] 🎲 Drawing Posterior Samples:  56%|█████▌    | 824/1484 [01:10<00:21, 30.35step/s]
[Origin 1/13] 🎲 Drawing Posterior Samples:  56%|█████▌    | 828/1484 [01:10<00:21, 30.66step/s]
[Origin 1/13] 🎲 Drawing Posterior Samples:  56%|█████▌    | 832/1484 [01:11<00:21, 29.68step/s]
[Origin 1/13] 🎲 Drawing Posterior Samples:  56%|█████▋    | 836/1484 [01:11<00:20, 31.49step/s]
[Origin 1/13] 🎲 Drawing Posterior Samples:  57%|█████▋    | 840/1484 [01:11<00:20, 32.15step/s]
[Origin 1/13] 🎲 Drawing Posterior Samples:  57%|█████▋    | 844/1484 [01:11<00:19, 32.87step/s]
[Origin 1/13] 🎲 Drawing Posterior Samples:  57%|█████▋    | 849/1484 [01:11<00:17, 36.82step/s]
[Origin 1/13] 🎲 Drawing Posterior Samples:  57%|█████▋    | 853/1484 [01:11<00:18, 33.60step/s]
[Origin 1/13] 🎲 Drawing Posterior Samples:  58%|█████▊    | 857/1484 [01:11<00:18, 33.16step/s]
[Origin 1/13] 🎲 Drawing Posterior Samples:  58%|█████▊    | 861/1484 [01:11<00:19, 31.25step/s]
[Origin 1/13] 🎲 Drawing Posterior Samples:  58%|█████▊    | 865/1484 [01:12<00:20, 30.69step/s]
[Origin 1/13] 🎲 Drawing Posterior Samples:  59%|█████▊    | 869/1484 [01:12<00:19, 32.14step/s]
[Origin 1/13] 🎲 Drawing Posterior Samples:  59%|█████▉    | 873/1484 [01:12<00:19, 31.02step/s]
[Origin 1/13] 🎲 Drawing Posterior Samples:  59%|█████▉    | 877/1484 [01:12<00:19, 31.07step/s]
[Origin 1/13] 🎲 Drawing Posterior Samples:  59%|█████▉    | 881/1484 [01:12<00:20, 29.75step/s]
[Origin 1/13] 🎲 Drawing Posterior Samples:  60%|█████▉    | 885/1484 [01:12<00:21, 28.28step/s]
[Origin 1/13] 🎲 Drawing Posterior Samples:  60%|█████▉    | 889/1484 [01:12<00:19, 30.37step/s]
[Origin 1/13] 🎲 Drawing Posterior Samples:  60%|██████    | 894/1484 [01:12<00:16, 34.79step/s]
[Origin 1/13] 🎲 Drawing Posterior Samples:  61%|██████    | 898/1484 [01:13<00:17, 33.50step/s]
[Origin 1/13] 🎲 Drawing Posterior Samples:  61%|██████    | 903/1484 [01:13<00:15, 37.32step/s]
[Origin 1/13] 🎲 Drawing Posterior Samples:  61%|██████    | 907/1484 [01:13<00:16, 33.97step/s]
[Origin 1/13] 🎲 Drawing Posterior Samples:  61%|██████▏   | 911/1484 [01:13<00:17, 31.93step/s]
[Origin 1/13] 🎲 Drawing Posterior Samples:  62%|██████▏   | 916/1484 [01:13<00:15, 35.93step/s]
[Origin 1/13] 🎲 Drawing Posterior Samples:  62%|██████▏   | 920/1484 [01:13<00:17, 32.37step/s]
[Origin 1/13] 🎲 Drawing Posterior Samples:  62%|██████▏   | 925/1484 [01:13<00:16, 34.35step/s]
[Origin 1/13] 🎲 Drawing Posterior Samples:  63%|██████▎   | 930/1484 [01:13<00:14, 37.14step/s]
[Origin 1/13] 🎲 Drawing Posterior Samples:  63%|██████▎   | 934/1484 [01:14<00:15, 34.91step/s]
[Origin 1/13] 🎲 Drawing Posterior Samples:  63%|██████▎   | 939/1484 [01:14<00:14, 38.33step/s]
[Origin 1/13] 🎲 Drawing Posterior Samples:  64%|██████▎   | 943/1484 [01:14<00:15, 34.34step/s]
[Origin 1/13] 🎲 Drawing Posterior Samples:  64%|██████▍   | 948/1484 [01:14<00:15, 34.73step/s]
[Origin 1/13] 🎲 Drawing Posterior Samples:  64%|██████▍   | 952/1484 [01:14<00:15, 34.14step/s]
[Origin 1/13] 🎲 Drawing Posterior Samples:  64%|██████▍   | 956/1484 [01:14<00:17, 31.00step/s]
[Origin 1/13] 🎲 Drawing Posterior Samples:  65%|██████▍   | 961/1484 [01:14<00:15, 33.02step/s]
[Origin 1/13] 🎲 Drawing Posterior Samples:  65%|██████▌   | 966/1484 [01:15<00:14, 36.49step/s]
[Origin 1/13] 🎲 Drawing Posterior Samples:  65%|██████▌   | 970/1484 [01:15<00:14, 34.81step/s]
[Origin 1/13] 🎲 Drawing Posterior Samples:  66%|██████▌   | 975/1484 [01:15<00:14, 36.02step/s]
[Origin 1/13] 🎲 Drawing Posterior Samples:  66%|██████▌   | 979/1484 [01:15<00:14, 35.40step/s]
[Origin 1/13] 🎲 Drawing Posterior Samples:  66%|██████▋   | 984/1484 [01:15<00:13, 36.40step/s]
[Origin 1/13] 🎲 Drawing Posterior Samples:  67%|██████▋   | 988/1484 [01:15<00:13, 35.83step/s]
[Origin 1/13] 🎲 Drawing Posterior Samples:  67%|██████▋   | 992/1484 [01:15<00:13, 35.53step/s]
[Origin 1/13] 🎲 Drawing Posterior Samples:  67%|██████▋   | 996/1484 [01:15<00:14, 33.68step/s]
[Origin 1/13] 🎲 Drawing Posterior Samples:  67%|██████▋   | 1000/1484 [01:16<00:15, 31.96step/s]
[Origin 1/13] 🎲 Drawing Posterior Samples:  68%|██████▊   | 1004/1484 [01:16<00:14, 33.93step/s]
[Origin 1/13] 🎲 Drawing Posterior Samples:  68%|██████▊   | 1008/1484 [01:16<00:14, 32.78step/s]
[Origin 1/13] 🎲 Drawing Posterior Samples:  68%|██████▊   | 1012/1484 [01:16<00:14, 33.06step/s]
[Origin 1/13] 🎲 Drawing Posterior Samples:  68%|██████▊   | 1016/1484 [01:16<00:14, 32.59step/s]
[Origin 1/13] 🎲 Drawing Posterior Samples:  69%|██████▊   | 1020/1484 [01:16<00:14, 31.04step/s]
[Origin 1/13] 🎲 Drawing Posterior Samples:  69%|██████▉   | 1024/1484 [01:16<00:14, 32.54step/s]
[Origin 1/13] 🎲 Drawing Posterior Samples:  69%|██████▉   | 1028/1484 [01:16<00:13, 32.86step/s]
[Origin 1/13] 🎲 Drawing Posterior Samples:  70%|██████▉   | 1032/1484 [01:16<00:13, 33.81step/s]
[Origin 1/13] 🎲 Drawing Posterior Samples:  70%|██████▉   | 1037/1484 [01:17<00:11, 37.46step/s]
[Origin 1/13] 🎲 Drawing Posterior Samples:  70%|███████   | 1041/1484 [01:17<00:11, 36.98step/s]
[Origin 1/13] 🎲 Drawing Posterior Samples:  70%|███████   | 1046/1484 [01:17<00:10, 40.15step/s]
[Origin 1/13] 🎲 Drawing Posterior Samples:  71%|███████   | 1051/1484 [01:17<00:11, 37.78step/s]
[Origin 1/13] 🎲 Drawing Posterior Samples:  71%|███████   | 1055/1484 [01:17<00:11, 37.97step/s]
[Origin 1/13] 🎲 Drawing Posterior Samples:  71%|███████▏  | 1059/1484 [01:17<00:11, 37.78step/s]
[Origin 1/13] 🎲 Drawing Posterior Samples:  72%|███████▏  | 1064/1484 [01:17<00:10, 41.10step/s]
[Origin 1/13] 🎲 Drawing Posterior Samples:  72%|███████▏  | 1069/1484 [01:17<00:12, 34.41step/s]
[Origin 1/13] 🎲 Drawing Posterior Samples:  72%|███████▏  | 1073/1484 [01:18<00:12, 33.43step/s]
[Origin 1/13] 🎲 Drawing Posterior Samples:  73%|███████▎  | 1078/1484 [01:18<00:15, 26.94step/s]
[Origin 1/13] 🎲 Drawing Posterior Samples:  73%|███████▎  | 1082/1484 [01:18<00:28, 14.08step/s]
[Origin 1/13] 🎲 Drawing Posterior Samples:  73%|███████▎  | 1085/1484 [01:19<00:36, 10.82step/s]
[Origin 1/13] 🎲 Drawing Posterior Samples:  73%|███████▎  | 1087/1484 [01:19<00:45,  8.72step/s]
[Origin 1/13] 🎲 Drawing Posterior Samples:  73%|███████▎  | 1089/1484 [01:20<00:50,  7.76step/s]
[Origin 1/13] 🎲 Drawing Posterior Samples:  74%|███████▎  | 1091/1484 [01:20<00:57,  6.87step/s]
[Origin 1/13] 🎲 Drawing Posterior Samples:  74%|███████▎  | 1092/1484 [01:20<00:59,  6.57step/s]
[Origin 1/13] 🎲 Drawing Posterior Samples:  74%|███████▎  | 1093/1484 [01:21<01:00,  6.46step/s]
[Origin 1/13] 🎲 Drawing Posterior Samples:  74%|███████▎  | 1094/1484 [01:21<01:00,  6.41step/s]
[Origin 1/13] 🎲 Drawing Posterior Samples:  74%|███████▍  | 1095/1484 [01:21<01:04,  6.01step/s]
[Origin 1/13] 🎲 Drawing Posterior Samples:  74%|███████▍  | 1096/1484 [01:21<01:06,  5.85step/s]
[Origin 1/13] 🎲 Drawing Posterior Samples:  74%|███████▍  | 1097/1484 [01:21<01:08,  5.64step/s]
[Origin 1/13] 🎲 Drawing Posterior Samples:  74%|███████▍  | 1098/1484 [01:22<01:13,  5.27step/s]
[Origin 1/13] 🎲 Drawing Posterior Samples:  74%|███████▍  | 1099/1484 [01:22<01:12,  5.32step/s]
[Origin 1/13] 🎲 Drawing Posterior Samples:  74%|███████▍  | 1100/1484 [01:22<01:10,  5.44step/s]
[Origin 1/13] 🎲 Drawing Posterior Samples:  74%|███████▍  | 1101/1484 [01:22<01:12,  5.28step/s]
[Origin 1/13] 🎲 Drawing Posterior Samples:  74%|███████▍  | 1102/1484 [01:22<01:09,  5.48step/s]
[Origin 1/13] 🎲 Drawing Posterior Samples:  74%|███████▍  | 1103/1484 [01:22<01:14,  5.12step/s]
[Origin 1/13] 🎲 Drawing Posterior Samples:  74%|███████▍  | 1104/1484 [01:23<01:24,  4.49step/s]
[Origin 1/13] 🎲 Drawing Posterior Samples:  74%|███████▍  | 1105/1484 [01:23<01:20,  4.73step/s]
[Origin 1/13] 🎲 Drawing Posterior Samples:  75%|███████▍  | 1106/1484 [01:23<01:20,  4.72step/s]
[Origin 1/13] 🎲 Drawing Posterior Samples:  75%|███████▍  | 1107/1484 [01:23<01:18,  4.82step/s]
[Origin 1/13] 🎲 Drawing Posterior Samples:  75%|███████▍  | 1108/1484 [01:24<01:20,  4.70step/s]
[Origin 1/13] 🎲 Drawing Posterior Samples:  75%|███████▍  | 1109/1484 [01:24<01:33,  4.03step/s]
[Origin 1/13] 🎲 Drawing Posterior Samples:  75%|███████▍  | 1110/1484 [01:24<01:28,  4.22step/s]
[Origin 1/13] 🎲 Drawing Posterior Samples:  75%|███████▍  | 1111/1484 [01:24<01:27,  4.25step/s]
[Origin 1/13] 🎲 Drawing Posterior Samples:  75%|███████▍  | 1112/1484 [01:25<01:26,  4.32step/s]
[Origin 1/13] 🎲 Drawing Posterior Samples:  75%|███████▌  | 1113/1484 [01:25<01:41,  3.67step/s]
[Origin 1/13] 🎲 Drawing Posterior Samples:  75%|███████▌  | 1114/1484 [01:42<33:27,  5.42s/step]
[Origin 1/13] 🎲 Drawing Posterior Samples:  75%|███████▌  | 1120/1484 [01:43<09:17,  1.53s/step]
[Origin 1/13] 🎲 Drawing Posterior Samples:  76%|███████▌  | 1123/1484 [01:43<06:09,  1.02s/step]
[Origin 1/13] 🎲 Drawing Posterior Samples:  76%|███████▌  | 1129/1484 [01:43<03:08,  1.89step/s]
[Origin 1/13] 🎲 Drawing Posterior Samples:  76%|███████▋  | 1133/1484 [01:43<02:10,  2.70step/s]
[Origin 1/13] 🎲 Drawing Posterior Samples:  77%|███████▋  | 1138/1484 [01:43<01:24,  4.10step/s]
[Origin 1/13] 🎲 Drawing Posterior Samples:  77%|███████▋  | 1143/1484 [01:43<00:57,  5.94step/s]
[Origin 1/13] 🎲 Drawing Posterior Samples:  77%|███████▋  | 1148/1484 [01:43<00:40,  8.20step/s]
[Origin 1/13] 🎲 Drawing Posterior Samples:  78%|███████▊  | 1153/1484 [01:43<00:29, 11.11step/s]
[Origin 1/13] 🎲 Drawing Posterior Samples:  78%|███████▊  | 1158/1484 [01:43<00:23, 14.08step/s]
[Origin 1/13] 🎲 Drawing Posterior Samples:  78%|███████▊  | 1163/1484 [01:44<00:17, 18.09step/s]
[Origin 1/13] 🎲 Drawing Posterior Samples:  79%|███████▊  | 1168/1484 [01:44<00:14, 21.69step/s]
[Origin 1/13] 🎲 Drawing Posterior Samples:  79%|███████▉  | 1173/1484 [01:44<00:12, 24.27step/s]
[Origin 1/13] 🎲 Drawing Posterior Samples:  79%|███████▉  | 1179/1484 [01:44<00:10, 29.59step/s]
[Origin 1/13] 🎲 Drawing Posterior Samples:  80%|███████▉  | 1184/1484 [01:44<00:09, 32.00step/s]
[Origin 1/13] 🎲 Drawing Posterior Samples:  80%|████████  | 1189/1484 [01:44<00:08, 33.43step/s]
[Origin 1/13] 🎲 Drawing Posterior Samples:  80%|████████  | 1194/1484 [01:44<00:08, 33.77step/s]
[Origin 1/13] 🎲 Drawing Posterior Samples:  81%|████████  | 1199/1484 [01:45<00:07, 35.76step/s]
[Origin 1/13] 🎲 Drawing Posterior Samples:  81%|████████  | 1205/1484 [01:45<00:07, 39.77step/s]
[Origin 1/13] 🎲 Drawing Posterior Samples:  82%|████████▏ | 1210/1484 [01:45<00:06, 39.46step/s]
[Origin 1/13] 🎲 Drawing Posterior Samples:  82%|████████▏ | 1215/1484 [01:45<00:06, 38.58step/s]
[Origin 1/13] 🎲 Drawing Posterior Samples:  82%|████████▏ | 1220/1484 [01:45<00:07, 35.47step/s]
[Origin 1/13] 🎲 Drawing Posterior Samples:  82%|████████▏ | 1224/1484 [01:45<00:07, 36.12step/s]
[Origin 1/13] 🎲 Drawing Posterior Samples:  83%|████████▎ | 1230/1484 [01:45<00:06, 40.33step/s]
[Origin 1/13] 🎲 Drawing Posterior Samples:  83%|████████▎ | 1235/1484 [01:45<00:06, 38.36step/s]
[Origin 1/13] 🎲 Drawing Posterior Samples:  84%|████████▎ | 1240/1484 [01:46<00:06, 37.43step/s]
[Origin 1/13] 🎲 Drawing Posterior Samples:  84%|████████▍ | 1245/1484 [01:46<00:06, 39.02step/s]
[Origin 1/13] 🎲 Drawing Posterior Samples:  84%|████████▍ | 1249/1484 [01:46<00:06, 36.97step/s]
[Origin 1/13] 🎲 Drawing Posterior Samples:  85%|████████▍ | 1254/1484 [01:46<00:05, 39.41step/s]
[Origin 1/13] 🎲 Drawing Posterior Samples:  85%|████████▍ | 1259/1484 [01:46<00:05, 39.06step/s]
[Origin 1/13] 🎲 Drawing Posterior Samples:  85%|████████▌ | 1264/1484 [01:46<00:05, 39.57step/s]
[Origin 1/13] 🎲 Drawing Posterior Samples:  85%|████████▌ | 1268/1484 [01:46<00:05, 37.45step/s]
[Origin 1/13] 🎲 Drawing Posterior Samples:  86%|████████▌ | 1272/1484 [01:46<00:05, 37.86step/s]
[Origin 1/13] 🎲 Drawing Posterior Samples:  86%|████████▌ | 1276/1484 [01:47<00:05, 38.41step/s]
[Origin 1/13] 🎲 Drawing Posterior Samples:  86%|████████▋ | 1281/1484 [01:47<00:05, 38.66step/s]
[Origin 1/13] 🎲 Drawing Posterior Samples:  87%|████████▋ | 1286/1484 [01:47<00:05, 39.55step/s]
[Origin 1/13] 🎲 Drawing Posterior Samples:  87%|████████▋ | 1290/1484 [01:47<00:04, 38.95step/s]
[Origin 1/13] 🎲 Drawing Posterior Samples:  87%|████████▋ | 1296/1484 [01:47<00:04, 41.80step/s]
[Origin 1/13] 🎲 Drawing Posterior Samples:  88%|████████▊ | 1301/1484 [01:47<00:04, 40.12step/s]
[Origin 1/13] 🎲 Drawing Posterior Samples:  88%|████████▊ | 1306/1484 [01:47<00:04, 39.27step/s]
[Origin 1/13] 🎲 Drawing Posterior Samples:  88%|████████▊ | 1310/1484 [01:47<00:04, 36.89step/s]
[Origin 1/13] 🎲 Drawing Posterior Samples:  89%|████████▊ | 1314/1484 [01:47<00:04, 37.64step/s]
[Origin 1/13] 🎲 Drawing Posterior Samples:  89%|████████▉ | 1319/1484 [01:48<00:04, 40.17step/s]
[Origin 1/13] 🎲 Drawing Posterior Samples:  89%|████████▉ | 1324/1484 [01:48<00:04, 38.55step/s]
[Origin 1/13] 🎲 Drawing Posterior Samples:  89%|████████▉ | 1328/1484 [01:48<00:04, 37.40step/s]
[Origin 1/13] 🎲 Drawing Posterior Samples:  90%|████████▉ | 1332/1484 [01:48<00:04, 35.10step/s]
[Origin 1/13] 🎲 Drawing Posterior Samples:  90%|█████████ | 1336/1484 [01:48<00:04, 36.03step/s]
[Origin 1/13] 🎲 Drawing Posterior Samples:  90%|█████████ | 1342/1484 [01:48<00:03, 39.94step/s]
[Origin 1/13] 🎲 Drawing Posterior Samples:  91%|█████████ | 1347/1484 [01:48<00:03, 38.49step/s]
[Origin 1/13] 🎲 Drawing Posterior Samples:  91%|█████████ | 1351/1484 [01:48<00:03, 38.09step/s]
[Origin 1/13] 🎲 Drawing Posterior Samples:  91%|█████████▏| 1356/1484 [01:49<00:03, 40.75step/s]
[Origin 1/13] 🎲 Drawing Posterior Samples:  92%|█████████▏| 1361/1484 [01:49<00:03, 38.64step/s]
[Origin 1/13] 🎲 Drawing Posterior Samples:  92%|█████████▏| 1366/1484 [01:49<00:02, 41.53step/s]
[Origin 1/13] 🎲 Drawing Posterior Samples:  92%|█████████▏| 1371/1484 [01:49<00:02, 38.40step/s]
[Origin 1/13] 🎲 Drawing Posterior Samples:  93%|█████████▎| 1376/1484 [01:49<00:02, 38.75step/s]
[Origin 1/13] 🎲 Drawing Posterior Samples:  93%|█████████▎| 1380/1484 [01:49<00:02, 38.87step/s]
[Origin 1/13] 🎲 Drawing Posterior Samples:  93%|█████████▎| 1384/1484 [01:49<00:02, 35.81step/s]
[Origin 1/13] 🎲 Drawing Posterior Samples:  94%|█████████▎| 1390/1484 [01:49<00:02, 40.33step/s]
[Origin 1/13] 🎲 Drawing Posterior Samples:  94%|█████████▍| 1395/1484 [01:50<00:02, 37.28step/s]
[Origin 1/13] 🎲 Drawing Posterior Samples:  94%|█████████▍| 1400/1484 [01:50<00:02, 36.57step/s]
[Origin 1/13] 🎲 Drawing Posterior Samples:  95%|█████████▍| 1404/1484 [01:50<00:02, 36.37step/s]
[Origin 1/13] 🎲 Drawing Posterior Samples:  95%|█████████▍| 1408/1484 [01:50<00:02, 37.00step/s]
[Origin 1/13] 🎲 Drawing Posterior Samples:  95%|█████████▌| 1414/1484 [01:50<00:01, 40.97step/s]
[Origin 1/13] 🎲 Drawing Posterior Samples:  96%|█████████▌| 1419/1484 [01:50<00:01, 40.20step/s]
[Origin 1/13] 🎲 Drawing Posterior Samples:  96%|█████████▌| 1424/1484 [01:50<00:01, 38.21step/s]
[Origin 1/13] 🎲 Drawing Posterior Samples:  96%|█████████▌| 1428/1484 [01:50<00:01, 37.83step/s]
[Origin 1/13] 🎲 Drawing Posterior Samples:  96%|█████████▋| 1432/1484 [01:51<00:01, 37.92step/s]
[Origin 1/13] 🎲 Drawing Posterior Samples:  97%|█████████▋| 1438/1484 [01:51<00:01, 41.98step/s]
[Origin 1/13] 🎲 Drawing Posterior Samples:  97%|█████████▋| 1443/1484 [01:51<00:00, 41.13step/s]
[Origin 1/13] 🎲 Drawing Posterior Samples:  98%|█████████▊| 1448/1484 [01:51<00:00, 40.25step/s]
[Origin 1/13] 🎲 Drawing Posterior Samples:  98%|█████████▊| 1453/1484 [01:52<00:02, 13.05step/s]
[Origin 1/13] 🎲 Drawing Posterior Samples:  98%|█████████▊| 1456/1484 [01:52<00:02, 10.29step/s]
[Origin 1/13] 🎲 Drawing Posterior Samples:  98%|█████████▊| 1459/1484 [01:53<00:02,  8.36step/s]
[Origin 1/13] 🎲 Drawing Posterior Samples:  98%|█████████▊| 1461/1484 [01:53<00:03,  7.46step/s]
[Origin 1/13] 🎲 Drawing Posterior Samples:  99%|█████████▊| 1463/1484 [01:54<00:03,  6.59step/s]
[Origin 1/13] 🎲 Drawing Posterior Samples:  99%|█████████▊| 1465/1484 [01:54<00:03,  5.83step/s]
[Origin 1/13] 🎲 Drawing Posterior Samples:  99%|█████████▉| 1466/1484 [01:55<00:03,  5.46step/s]
[Origin 1/13] 🎲 Drawing Posterior Samples:  99%|█████████▉| 1467/1484 [01:55<00:03,  5.02step/s]
[Origin 1/13] 🎲 Drawing Posterior Samples:  99%|█████████▉| 1468/1484 [01:55<00:03,  4.79step/s]
[Origin 1/13] 🎲 Drawing Posterior Samples:  99%|█████████▉| 1469/1484 [01:55<00:03,  4.80step/s]
[Origin 1/13] 🎲 Drawing Posterior Samples:  99%|█████████▉| 1470/1484 [01:56<00:02,  4.72step/s]
[Origin 1/13] 🎲 Drawing Posterior Samples:  99%|█████████▉| 1471/1484 [01:56<00:02,  4.52step/s]
[Origin 1/13] 🎲 Drawing Posterior Samples:  99%|█████████▉| 1472/1484 [01:56<00:03,  4.00step/s]
[Origin 1/13] 🎲 Drawing Posterior Samples:  99%|█████████▉| 1473/1484 [01:56<00:02,  4.43step/s]
[Origin 1/13] 🎲 Drawing Posterior Samples:  99%|█████████▉| 1474/1484 [01:56<00:02,  4.67step/s]
[Origin 1/13] 🎲 Drawing Posterior Samples:  99%|█████████▉| 1475/1484 [01:57<00:01,  4.95step/s]
[Origin 1/13] 🎲 Drawing Posterior Samples:  99%|█████████▉| 1476/1484 [01:57<00:01,  5.15step/s]
[Origin 1/13] 🎲 Drawing Posterior Samples: 100%|█████████▉| 1477/1484 [01:57<00:01,  5.10step/s]
[Origin 1/13] 🎲 Drawing Posterior Samples: 100%|█████████▉| 1478/1484 [01:57<00:01,  5.13step/s]
[Origin 1/13] 🎲 Drawing Posterior Samples: 100%|█████████▉| 1479/1484 [01:57<00:00,  5.32step/s]
[Origin 1/13] 🎲 Drawing Posterior Samples: 100%|█████████▉| 1480/1484 [01:58<00:00,  5.25step/s]
[Origin 1/13] 🎲 Drawing Posterior Samples: 100%|█████████▉| 1481/1484 [01:58<00:00,  5.08step/s]
[Origin 1/13] 🎲 Drawing Posterior Samples: 100%|█████████▉| 1482/1484 [01:58<00:00,  4.99step/s]
[Origin 1/13] 🎲 Drawing Posterior Samples: 100%|█████████▉| 1483/1484 [01:58<00:00,  4.99step/s]
[Origin 1/13] 🎲 Drawing Posterior Samples: 100%|██████████| 1484/1484 [01:58<00:00,  5.04step/s]
                                                                                                 

[Origin 2/13] 🎲 Drawing Posterior Samples:   0%|          | 0/1488 [00:00<?, ?step/s]
[Origin 2/13] 🎲 Drawing Posterior Samples:   1%|          | 8/1488 [00:00<00:19, 74.84step/s]
[Origin 2/13] 🎲 Drawing Posterior Samples:   1%|          | 16/1488 [00:00<00:23, 63.27step/s]
[Origin 2/13] 🎲 Drawing Posterior Samples:   2%|▏         | 23/1488 [00:00<00:24, 59.32step/s]
[Origin 2/13] 🎲 Drawing Posterior Samples:   2%|▏         | 29/1488 [00:00<00:25, 57.42step/s]
[Origin 2/13] 🎲 Drawing Posterior Samples:   2%|▏         | 35/1488 [00:00<00:30, 47.63step/s]
[Origin 2/13] 🎲 Drawing Posterior Samples:   3%|▎         | 40/1488 [00:00<00:34, 41.74step/s]
[Origin 2/13] 🎲 Drawing Posterior Samples:   3%|▎         | 45/1488 [00:00<00:37, 38.70step/s]
[Origin 2/13] 🎲 Drawing Posterior Samples:   3%|▎         | 49/1488 [00:01<00:37, 37.98step/s]
[Origin 2/13] 🎲 Drawing Posterior Samples:   4%|▎         | 53/1488 [00:01<00:41, 34.50step/s]
[Origin 2/13] 🎲 Drawing Posterior Samples:   4%|▍         | 57/1488 [00:01<00:43, 33.13step/s]
[Origin 2/13] 🎲 Drawing Posterior Samples:   4%|▍         | 62/1488 [00:01<00:38, 37.08step/s]
[Origin 2/13] 🎲 Drawing Posterior Samples:   4%|▍         | 66/1488 [00:01<00:40, 35.22step/s]
[Origin 2/13] 🎲 Drawing Posterior Samples:   5%|▍         | 71/1488 [00:01<00:36, 38.83step/s]
[Origin 2/13] 🎲 Drawing Posterior Samples:   5%|▌         | 76/1488 [00:01<00:41, 33.93step/s]
[Origin 2/13] 🎲 Drawing Posterior Samples:   5%|▌         | 80/1488 [00:02<00:44, 31.59step/s]
[Origin 2/13] 🎲 Drawing Posterior Samples:   6%|▌         | 85/1488 [00:02<00:40, 34.26step/s]
[Origin 2/13] 🎲 Drawing Posterior Samples:   6%|▌         | 89/1488 [00:02<00:43, 32.29step/s]
[Origin 2/13] 🎲 Drawing Posterior Samples:   6%|▋         | 93/1488 [00:02<00:41, 33.37step/s]
[Origin 2/13] 🎲 Drawing Posterior Samples:   7%|▋         | 98/1488 [00:02<00:37, 37.29step/s]
[Origin 2/13] 🎲 Drawing Posterior Samples:   7%|▋         | 102/1488 [00:02<00:37, 37.04step/s]
[Origin 2/13] 🎲 Drawing Posterior Samples:   7%|▋         | 107/1488 [00:02<00:34, 39.65step/s]
[Origin 2/13] 🎲 Drawing Posterior Samples:   8%|▊         | 112/1488 [00:02<00:40, 33.78step/s]
[Origin 2/13] 🎲 Drawing Posterior Samples:   8%|▊         | 116/1488 [00:03<00:42, 32.17step/s]
[Origin 2/13] 🎲 Drawing Posterior Samples:   8%|▊         | 120/1488 [00:03<00:40, 33.89step/s]
[Origin 2/13] 🎲 Drawing Posterior Samples:   8%|▊         | 124/1488 [00:03<00:42, 32.45step/s]
[Origin 2/13] 🎲 Drawing Posterior Samples:   9%|▊         | 128/1488 [00:03<00:40, 33.81step/s]
[Origin 2/13] 🎲 Drawing Posterior Samples:   9%|▉         | 133/1488 [00:03<00:35, 37.79step/s]
[Origin 2/13] 🎲 Drawing Posterior Samples:   9%|▉         | 137/1488 [00:03<00:35, 38.38step/s]
[Origin 2/13] 🎲 Drawing Posterior Samples:  10%|▉         | 142/1488 [00:03<00:33, 40.55step/s]
[Origin 2/13] 🎲 Drawing Posterior Samples:  10%|▉         | 147/1488 [00:03<00:39, 33.88step/s]
[Origin 2/13] 🎲 Drawing Posterior Samples:  10%|█         | 151/1488 [00:04<00:41, 32.46step/s]
[Origin 2/13] 🎲 Drawing Posterior Samples:  10%|█         | 155/1488 [00:04<00:41, 32.35step/s]
[Origin 2/13] 🎲 Drawing Posterior Samples:  11%|█         | 159/1488 [00:04<00:41, 32.04step/s]
[Origin 2/13] 🎲 Drawing Posterior Samples:  11%|█         | 163/1488 [00:04<00:39, 33.49step/s]
[Origin 2/13] 🎲 Drawing Posterior Samples:  11%|█▏        | 168/1488 [00:04<00:36, 35.92step/s]
[Origin 2/13] 🎲 Drawing Posterior Samples:  12%|█▏        | 173/1488 [00:04<00:35, 37.52step/s]
[Origin 2/13] 🎲 Drawing Posterior Samples:  12%|█▏        | 178/1488 [00:04<00:33, 39.27step/s]
[Origin 2/13] 🎲 Drawing Posterior Samples:  12%|█▏        | 182/1488 [00:04<00:33, 38.59step/s]
[Origin 2/13] 🎲 Drawing Posterior Samples:  13%|█▎        | 187/1488 [00:05<00:35, 37.07step/s]
[Origin 2/13] 🎲 Drawing Posterior Samples:  13%|█▎        | 191/1488 [00:05<00:34, 37.25step/s]
[Origin 2/13] 🎲 Drawing Posterior Samples:  13%|█▎        | 196/1488 [00:05<00:33, 38.06step/s]
[Origin 2/13] 🎲 Drawing Posterior Samples:  14%|█▎        | 201/1488 [00:05<00:32, 39.41step/s]
[Origin 2/13] 🎲 Drawing Posterior Samples:  14%|█▍        | 205/1488 [00:05<00:34, 37.03step/s]
[Origin 2/13] 🎲 Drawing Posterior Samples:  14%|█▍        | 209/1488 [00:05<00:34, 37.35step/s]
[Origin 2/13] 🎲 Drawing Posterior Samples:  14%|█▍        | 213/1488 [00:05<00:34, 37.00step/s]
[Origin 2/13] 🎲 Drawing Posterior Samples:  15%|█▍        | 218/1488 [00:05<00:31, 40.28step/s]
[Origin 2/13] 🎲 Drawing Posterior Samples:  15%|█▍        | 223/1488 [00:05<00:31, 39.81step/s]
[Origin 2/13] 🎲 Drawing Posterior Samples:  15%|█▌        | 228/1488 [00:06<00:38, 33.08step/s]
[Origin 2/13] 🎲 Drawing Posterior Samples:  16%|█▌        | 232/1488 [00:06<00:36, 34.08step/s]
[Origin 2/13] 🎲 Drawing Posterior Samples:  16%|█▌        | 236/1488 [00:06<00:40, 30.54step/s]
[Origin 2/13] 🎲 Drawing Posterior Samples:  16%|█▌        | 240/1488 [00:06<00:39, 31.63step/s]
[Origin 2/13] 🎲 Drawing Posterior Samples:  16%|█▋        | 245/1488 [00:06<00:34, 35.70step/s]
[Origin 2/13] 🎲 Drawing Posterior Samples:  17%|█▋        | 249/1488 [00:06<00:34, 35.98step/s]
[Origin 2/13] 🎲 Drawing Posterior Samples:  17%|█▋        | 253/1488 [00:06<00:33, 36.64step/s]
[Origin 2/13] 🎲 Drawing Posterior Samples:  17%|█▋        | 257/1488 [00:06<00:34, 35.89step/s]
[Origin 2/13] 🎲 Drawing Posterior Samples:  18%|█▊        | 262/1488 [00:07<00:35, 34.97step/s]
[Origin 2/13] 🎲 Drawing Posterior Samples:  18%|█▊        | 266/1488 [00:07<00:34, 34.93step/s]
[Origin 2/13] 🎲 Drawing Posterior Samples:  18%|█▊        | 270/1488 [00:07<00:37, 32.73step/s]
[Origin 2/13] 🎲 Drawing Posterior Samples:  18%|█▊        | 275/1488 [00:07<00:34, 35.03step/s]
[Origin 2/13] 🎲 Drawing Posterior Samples:  19%|█▉        | 279/1488 [00:07<00:36, 33.25step/s]
[Origin 2/13] 🎲 Drawing Posterior Samples:  19%|█▉        | 284/1488 [00:07<00:34, 35.05step/s]
[Origin 2/13] 🎲 Drawing Posterior Samples:  19%|█▉        | 288/1488 [00:07<00:34, 34.78step/s]
[Origin 2/13] 🎲 Drawing Posterior Samples:  20%|█▉        | 292/1488 [00:07<00:34, 34.23step/s]
[Origin 2/13] 🎲 Drawing Posterior Samples:  20%|█▉        | 297/1488 [00:08<00:31, 37.87step/s]
[Origin 2/13] 🎲 Drawing Posterior Samples:  20%|██        | 301/1488 [00:08<00:35, 33.33step/s]
[Origin 2/13] 🎲 Drawing Posterior Samples:  20%|██        | 305/1488 [00:08<00:35, 33.37step/s]
[Origin 2/13] 🎲 Drawing Posterior Samples:  21%|██        | 309/1488 [00:08<00:35, 33.55step/s]
[Origin 2/13] 🎲 Drawing Posterior Samples:  21%|██        | 313/1488 [00:08<00:33, 34.66step/s]
[Origin 2/13] 🎲 Drawing Posterior Samples:  21%|██▏       | 317/1488 [00:08<00:36, 32.24step/s]
[Origin 2/13] 🎲 Drawing Posterior Samples:  22%|██▏       | 321/1488 [00:08<00:37, 31.43step/s]
[Origin 2/13] 🎲 Drawing Posterior Samples:  22%|██▏       | 326/1488 [00:09<00:36, 32.26step/s]
[Origin 2/13] 🎲 Drawing Posterior Samples:  22%|██▏       | 330/1488 [00:09<00:37, 30.48step/s]
[Origin 2/13] 🎲 Drawing Posterior Samples:  22%|██▏       | 334/1488 [00:09<00:41, 27.84step/s]
[Origin 2/13] 🎲 Drawing Posterior Samples:  23%|██▎       | 337/1488 [00:09<00:52, 21.92step/s]
[Origin 2/13] 🎲 Drawing Posterior Samples:  23%|██▎       | 340/1488 [00:10<01:31, 12.50step/s]
[Origin 2/13] 🎲 Drawing Posterior Samples:  23%|██▎       | 342/1488 [00:10<01:46, 10.79step/s]
[Origin 2/13] 🎲 Drawing Posterior Samples:  23%|██▎       | 344/1488 [00:10<02:18,  8.27step/s]
[Origin 2/13] 🎲 Drawing Posterior Samples:  23%|██▎       | 346/1488 [00:11<02:22,  8.02step/s]
[Origin 2/13] 🎲 Drawing Posterior Samples:  23%|██▎       | 348/1488 [00:11<02:28,  7.68step/s]
[Origin 2/13] 🎲 Drawing Posterior Samples:  23%|██▎       | 349/1488 [00:11<02:50,  6.69step/s]
[Origin 2/13] 🎲 Drawing Posterior Samples:  24%|██▎       | 350/1488 [00:11<03:21,  5.65step/s]
[Origin 2/13] 🎲 Drawing Posterior Samples:  24%|██▎       | 351/1488 [00:12<03:46,  5.03step/s]
[Origin 2/13] 🎲 Drawing Posterior Samples:  24%|██▎       | 352/1488 [00:12<03:46,  5.02step/s]
[Origin 2/13] 🎲 Drawing Posterior Samples:  24%|██▎       | 353/1488 [00:12<03:47,  5.00step/s]
[Origin 2/13] 🎲 Drawing Posterior Samples:  24%|██▍       | 354/1488 [00:12<03:48,  4.96step/s]
[Origin 2/13] 🎲 Drawing Posterior Samples:  24%|██▍       | 355/1488 [00:13<04:05,  4.62step/s]
[Origin 2/13] 🎲 Drawing Posterior Samples:  24%|██▍       | 356/1488 [00:13<04:41,  4.02step/s]
[Origin 2/13] 🎲 Drawing Posterior Samples:  24%|██▍       | 357/1488 [00:13<04:42,  4.00step/s]
[Origin 2/13] 🎲 Drawing Posterior Samples:  24%|██▍       | 358/1488 [00:13<04:14,  4.43step/s]
[Origin 2/13] 🎲 Drawing Posterior Samples:  24%|██▍       | 359/1488 [00:14<04:04,  4.62step/s]
[Origin 2/13] 🎲 Drawing Posterior Samples:  24%|██▍       | 360/1488 [00:14<04:13,  4.45step/s]
[Origin 2/13] 🎲 Drawing Posterior Samples:  24%|██▍       | 361/1488 [00:14<04:08,  4.53step/s]
[Origin 2/13] 🎲 Drawing Posterior Samples:  24%|██▍       | 362/1488 [00:14<03:53,  4.81step/s]
[Origin 2/13] 🎲 Drawing Posterior Samples:  24%|██▍       | 363/1488 [00:15<04:44,  3.96step/s]
[Origin 2/13] 🎲 Drawing Posterior Samples:  24%|██▍       | 364/1488 [00:15<04:35,  4.08step/s]
[Origin 2/13] 🎲 Drawing Posterior Samples:  25%|██▍       | 365/1488 [00:15<04:23,  4.26step/s]
[Origin 2/13] 🎲 Drawing Posterior Samples:  25%|██▍       | 366/1488 [00:15<04:27,  4.20step/s]
[Origin 2/13] 🎲 Drawing Posterior Samples:  25%|██▍       | 367/1488 [00:16<05:13,  3.58step/s]
[Origin 2/13] 🎲 Drawing Posterior Samples:  25%|██▍       | 368/1488 [00:16<04:55,  3.79step/s]
[Origin 2/13] 🎲 Drawing Posterior Samples:  25%|██▍       | 369/1488 [00:16<04:44,  3.93step/s]
[Origin 2/13] 🎲 Drawing Posterior Samples:  25%|██▍       | 370/1488 [00:16<04:37,  4.03step/s]
[Origin 2/13] 🎲 Drawing Posterior Samples:  25%|██▍       | 371/1488 [00:17<04:30,  4.12step/s]
[Origin 2/13] 🎲 Drawing Posterior Samples:  25%|██▌       | 372/1488 [00:17<04:23,  4.24step/s]
[Origin 2/13] 🎲 Drawing Posterior Samples:  25%|██▌       | 373/1488 [00:39<2:07:13,  6.85s/step]
[Origin 2/13] 🎲 Drawing Posterior Samples:  25%|██▌       | 376/1488 [00:39<55:55,  3.02s/step]  
[Origin 2/13] 🎲 Drawing Posterior Samples:  26%|██▌       | 381/1488 [00:39<24:02,  1.30s/step]
[Origin 2/13] 🎲 Drawing Posterior Samples:  26%|██▌       | 384/1488 [00:39<16:17,  1.13step/s]
[Origin 2/13] 🎲 Drawing Posterior Samples:  26%|██▌       | 387/1488 [00:40<11:16,  1.63step/s]
[Origin 2/13] 🎲 Drawing Posterior Samples:  26%|██▋       | 392/1488 [00:40<06:32,  2.79step/s]
[Origin 2/13] 🎲 Drawing Posterior Samples:  27%|██▋       | 396/1488 [00:40<04:34,  3.98step/s]
[Origin 2/13] 🎲 Drawing Posterior Samples:  27%|██▋       | 400/1488 [00:40<03:15,  5.58step/s]
[Origin 2/13] 🎲 Drawing Posterior Samples:  27%|██▋       | 404/1488 [00:40<02:22,  7.62step/s]
[Origin 2/13] 🎲 Drawing Posterior Samples:  28%|██▊       | 410/1488 [00:40<01:33, 11.58step/s]
[Origin 2/13] 🎲 Drawing Posterior Samples:  28%|██▊       | 414/1488 [00:40<01:14, 14.34step/s]
[Origin 2/13] 🎲 Drawing Posterior Samples:  28%|██▊       | 418/1488 [00:40<01:01, 17.43step/s]
[Origin 2/13] 🎲 Drawing Posterior Samples:  28%|██▊       | 422/1488 [00:40<00:53, 20.00step/s]
[Origin 2/13] 🎲 Drawing Posterior Samples:  29%|██▊       | 426/1488 [00:41<00:45, 23.37step/s]
[Origin 2/13] 🎲 Drawing Posterior Samples:  29%|██▉       | 430/1488 [00:41<00:40, 25.85step/s]
[Origin 2/13] 🎲 Drawing Posterior Samples:  29%|██▉       | 435/1488 [00:41<00:34, 30.94step/s]
[Origin 2/13] 🎲 Drawing Posterior Samples:  30%|██▉       | 440/1488 [00:41<00:34, 30.56step/s]
[Origin 2/13] 🎲 Drawing Posterior Samples:  30%|██▉       | 444/1488 [00:41<00:32, 31.73step/s]
[Origin 2/13] 🎲 Drawing Posterior Samples:  30%|███       | 450/1488 [00:41<00:28, 36.89step/s]
[Origin 2/13] 🎲 Drawing Posterior Samples:  31%|███       | 455/1488 [00:41<00:31, 32.74step/s]
[Origin 2/13] 🎲 Drawing Posterior Samples:  31%|███       | 459/1488 [00:41<00:30, 33.61step/s]
[Origin 2/13] 🎲 Drawing Posterior Samples:  31%|███       | 463/1488 [00:42<00:29, 34.51step/s]
[Origin 2/13] 🎲 Drawing Posterior Samples:  31%|███▏      | 467/1488 [00:42<00:32, 31.14step/s]
[Origin 2/13] 🎲 Drawing Posterior Samples:  32%|███▏      | 472/1488 [00:42<00:30, 33.43step/s]
[Origin 2/13] 🎲 Drawing Posterior Samples:  32%|███▏      | 476/1488 [00:42<00:29, 34.10step/s]
[Origin 2/13] 🎲 Drawing Posterior Samples:  32%|███▏      | 480/1488 [00:42<00:30, 33.59step/s]
[Origin 2/13] 🎲 Drawing Posterior Samples:  33%|███▎      | 484/1488 [00:42<00:32, 30.73step/s]
[Origin 2/13] 🎲 Drawing Posterior Samples:  33%|███▎      | 488/1488 [00:42<00:30, 32.64step/s]
[Origin 2/13] 🎲 Drawing Posterior Samples:  33%|███▎      | 492/1488 [00:42<00:33, 30.15step/s]
[Origin 2/13] 🎲 Drawing Posterior Samples:  33%|███▎      | 496/1488 [00:43<00:32, 30.77step/s]
[Origin 2/13] 🎲 Drawing Posterior Samples:  34%|███▎      | 500/1488 [00:43<00:33, 29.56step/s]
[Origin 2/13] 🎲 Drawing Posterior Samples:  34%|███▍      | 504/1488 [00:43<00:33, 29.18step/s]
[Origin 2/13] 🎲 Drawing Posterior Samples:  34%|███▍      | 508/1488 [00:43<00:32, 30.10step/s]
[Origin 2/13] 🎲 Drawing Posterior Samples:  34%|███▍      | 512/1488 [00:43<00:32, 29.68step/s]
[Origin 2/13] 🎲 Drawing Posterior Samples:  35%|███▍      | 515/1488 [00:43<00:32, 29.50step/s]
[Origin 2/13] 🎲 Drawing Posterior Samples:  35%|███▍      | 518/1488 [00:43<00:34, 28.22step/s]
[Origin 2/13] 🎲 Drawing Posterior Samples:  35%|███▌      | 521/1488 [00:44<00:40, 23.81step/s]
[Origin 2/13] 🎲 Drawing Posterior Samples:  35%|███▌      | 524/1488 [00:44<00:45, 21.23step/s]
[Origin 2/13] 🎲 Drawing Posterior Samples:  35%|███▌      | 527/1488 [00:44<00:44, 21.81step/s]
[Origin 2/13] 🎲 Drawing Posterior Samples:  36%|███▌      | 530/1488 [00:44<00:42, 22.44step/s]
[Origin 2/13] 🎲 Drawing Posterior Samples:  36%|███▌      | 533/1488 [00:44<00:44, 21.45step/s]
[Origin 2/13] 🎲 Drawing Posterior Samples:  36%|███▌      | 536/1488 [00:44<00:45, 21.04step/s]
[Origin 2/13] 🎲 Drawing Posterior Samples:  36%|███▌      | 539/1488 [00:44<00:44, 21.45step/s]
[Origin 2/13] 🎲 Drawing Posterior Samples:  36%|███▋      | 542/1488 [00:45<00:45, 20.81step/s]
[Origin 2/13] 🎲 Drawing Posterior Samples:  37%|███▋      | 546/1488 [00:45<00:38, 24.67step/s]
[Origin 2/13] 🎲 Drawing Posterior Samples:  37%|███▋      | 549/1488 [00:45<00:37, 24.97step/s]
[Origin 2/13] 🎲 Drawing Posterior Samples:  37%|███▋      | 553/1488 [00:45<00:34, 27.41step/s]
[Origin 2/13] 🎲 Drawing Posterior Samples:  37%|███▋      | 556/1488 [00:45<00:33, 27.45step/s]
[Origin 2/13] 🎲 Drawing Posterior Samples:  38%|███▊      | 559/1488 [00:45<00:33, 27.75step/s]
[Origin 2/13] 🎲 Drawing Posterior Samples:  38%|███▊      | 562/1488 [00:45<00:36, 25.18step/s]
[Origin 2/13] 🎲 Drawing Posterior Samples:  38%|███▊      | 565/1488 [00:45<00:35, 25.84step/s]
[Origin 2/13] 🎲 Drawing Posterior Samples:  38%|███▊      | 568/1488 [00:46<00:37, 24.74step/s]
[Origin 2/13] 🎲 Drawing Posterior Samples:  38%|███▊      | 571/1488 [00:46<00:39, 23.09step/s]
[Origin 2/13] 🎲 Drawing Posterior Samples:  39%|███▊      | 574/1488 [00:46<00:40, 22.68step/s]
[Origin 2/13] 🎲 Drawing Posterior Samples:  39%|███▉      | 577/1488 [00:46<00:40, 22.40step/s]
[Origin 2/13] 🎲 Drawing Posterior Samples:  39%|███▉      | 581/1488 [00:46<00:35, 25.64step/s]
[Origin 2/13] 🎲 Drawing Posterior Samples:  39%|███▉      | 584/1488 [00:46<00:34, 26.18step/s]
[Origin 2/13] 🎲 Drawing Posterior Samples:  39%|███▉      | 587/1488 [00:46<00:35, 25.52step/s]
[Origin 2/13] 🎲 Drawing Posterior Samples:  40%|███▉      | 590/1488 [00:46<00:34, 26.10step/s]
[Origin 2/13] 🎲 Drawing Posterior Samples:  40%|███▉      | 593/1488 [00:47<00:33, 27.04step/s]
[Origin 2/13] 🎲 Drawing Posterior Samples:  40%|████      | 596/1488 [00:47<00:32, 27.55step/s]
[Origin 2/13] 🎲 Drawing Posterior Samples:  40%|████      | 600/1488 [00:47<00:29, 29.74step/s]
[Origin 2/13] 🎲 Drawing Posterior Samples:  41%|████      | 603/1488 [00:47<00:31, 28.44step/s]
[Origin 2/13] 🎲 Drawing Posterior Samples:  41%|████      | 606/1488 [00:47<00:33, 26.48step/s]
[Origin 2/13] 🎲 Drawing Posterior Samples:  41%|████      | 609/1488 [00:47<00:32, 27.01step/s]
[Origin 2/13] 🎲 Drawing Posterior Samples:  41%|████      | 613/1488 [00:47<00:30, 28.51step/s]
[Origin 2/13] 🎲 Drawing Posterior Samples:  41%|████▏     | 616/1488 [00:47<00:31, 27.86step/s]
[Origin 2/13] 🎲 Drawing Posterior Samples:  42%|████▏     | 620/1488 [00:47<00:28, 30.44step/s]
[Origin 2/13] 🎲 Drawing Posterior Samples:  42%|████▏     | 624/1488 [00:48<00:30, 28.13step/s]
[Origin 2/13] 🎲 Drawing Posterior Samples:  42%|████▏     | 628/1488 [00:48<00:29, 28.72step/s]
[Origin 2/13] 🎲 Drawing Posterior Samples:  42%|████▏     | 632/1488 [00:48<00:28, 29.57step/s]
[Origin 2/13] 🎲 Drawing Posterior Samples:  43%|████▎     | 635/1488 [00:48<00:29, 28.77step/s]
[Origin 2/13] 🎲 Drawing Posterior Samples:  43%|████▎     | 638/1488 [00:48<00:31, 27.28step/s]
[Origin 2/13] 🎲 Drawing Posterior Samples:  43%|████▎     | 642/1488 [00:48<00:28, 29.83step/s]
[Origin 2/13] 🎲 Drawing Posterior Samples:  43%|████▎     | 646/1488 [00:48<00:29, 28.50step/s]
[Origin 2/13] 🎲 Drawing Posterior Samples:  44%|████▎     | 650/1488 [00:48<00:27, 30.30step/s]
[Origin 2/13] 🎲 Drawing Posterior Samples:  44%|████▍     | 655/1488 [00:49<00:25, 32.16step/s]
[Origin 2/13] 🎲 Drawing Posterior Samples:  44%|████▍     | 659/1488 [00:49<00:28, 29.04step/s]
[Origin 2/13] 🎲 Drawing Posterior Samples:  45%|████▍     | 663/1488 [00:49<00:27, 30.02step/s]
[Origin 2/13] 🎲 Drawing Posterior Samples:  45%|████▍     | 667/1488 [00:49<00:29, 27.44step/s]
[Origin 2/13] 🎲 Drawing Posterior Samples:  45%|████▌     | 671/1488 [00:49<00:29, 27.99step/s]
[Origin 2/13] 🎲 Drawing Posterior Samples:  45%|████▌     | 675/1488 [00:49<00:29, 27.43step/s]
[Origin 2/13] 🎲 Drawing Posterior Samples:  46%|████▌     | 679/1488 [00:50<00:28, 28.15step/s]
[Origin 2/13] 🎲 Drawing Posterior Samples:  46%|████▌     | 682/1488 [00:50<00:28, 28.42step/s]
[Origin 2/13] 🎲 Drawing Posterior Samples:  46%|████▌     | 685/1488 [00:50<00:31, 25.39step/s]
[Origin 2/13] 🎲 Drawing Posterior Samples:  46%|████▋     | 689/1488 [00:50<00:28, 27.80step/s]
[Origin 2/13] 🎲 Drawing Posterior Samples:  47%|████▋     | 692/1488 [00:50<00:30, 26.19step/s]
[Origin 2/13] 🎲 Drawing Posterior Samples:  47%|████▋     | 696/1488 [00:50<00:29, 26.84step/s]
[Origin 2/13] 🎲 Drawing Posterior Samples:  47%|████▋     | 699/1488 [00:50<00:33, 23.74step/s]
[Origin 2/13] 🎲 Drawing Posterior Samples:  47%|████▋     | 702/1488 [00:50<00:34, 22.74step/s]
[Origin 2/13] 🎲 Drawing Posterior Samples:  47%|████▋     | 705/1488 [00:51<00:33, 23.49step/s]
[Origin 2/13] 🎲 Drawing Posterior Samples:  48%|████▊     | 709/1488 [00:51<00:43, 17.78step/s]
[Origin 2/13] 🎲 Drawing Posterior Samples:  48%|████▊     | 712/1488 [00:52<01:18,  9.93step/s]
[Origin 2/13] 🎲 Drawing Posterior Samples:  48%|████▊     | 714/1488 [00:52<01:36,  8.00step/s]
[Origin 2/13] 🎲 Drawing Posterior Samples:  48%|████▊     | 716/1488 [00:52<01:49,  7.04step/s]
[Origin 2/13] 🎲 Drawing Posterior Samples:  48%|████▊     | 718/1488 [00:53<02:00,  6.39step/s]
[Origin 2/13] 🎲 Drawing Posterior Samples:  48%|████▊     | 719/1488 [00:53<02:02,  6.29step/s]
[Origin 2/13] 🎲 Drawing Posterior Samples:  48%|████▊     | 720/1488 [00:53<02:08,  5.99step/s]
[Origin 2/13] 🎲 Drawing Posterior Samples:  48%|████▊     | 721/1488 [00:53<02:27,  5.21step/s]
[Origin 2/13] 🎲 Drawing Posterior Samples:  49%|████▊     | 722/1488 [00:54<02:22,  5.37step/s]
[Origin 2/13] 🎲 Drawing Posterior Samples:  49%|████▊     | 723/1488 [00:54<02:21,  5.41step/s]
[Origin 2/13] 🎲 Drawing Posterior Samples:  49%|████▊     | 724/1488 [00:54<02:22,  5.36step/s]
[Origin 2/13] 🎲 Drawing Posterior Samples:  49%|████▊     | 725/1488 [00:54<02:21,  5.41step/s]
[Origin 2/13] 🎲 Drawing Posterior Samples:  49%|████▉     | 726/1488 [00:54<02:25,  5.25step/s]
[Origin 2/13] 🎲 Drawing Posterior Samples:  49%|████▉     | 727/1488 [00:55<02:26,  5.18step/s]
[Origin 2/13] 🎲 Drawing Posterior Samples:  49%|████▉     | 728/1488 [00:55<02:24,  5.27step/s]
[Origin 2/13] 🎲 Drawing Posterior Samples:  49%|████▉     | 729/1488 [00:55<02:26,  5.18step/s]
[Origin 2/13] 🎲 Drawing Posterior Samples:  49%|████▉     | 730/1488 [00:55<02:32,  4.96step/s]
[Origin 2/13] 🎲 Drawing Posterior Samples:  49%|████▉     | 731/1488 [00:55<02:37,  4.81step/s]
[Origin 2/13] 🎲 Drawing Posterior Samples:  49%|████▉     | 732/1488 [00:56<02:36,  4.83step/s]
[Origin 2/13] 🎲 Drawing Posterior Samples:  49%|████▉     | 733/1488 [00:56<02:31,  4.97step/s]
[Origin 2/13] 🎲 Drawing Posterior Samples:  49%|████▉     | 734/1488 [00:56<02:29,  5.06step/s]
[Origin 2/13] 🎲 Drawing Posterior Samples:  49%|████▉     | 735/1488 [00:56<02:25,  5.16step/s]
[Origin 2/13] 🎲 Drawing Posterior Samples:  49%|████▉     | 736/1488 [00:56<02:32,  4.94step/s]
[Origin 2/13] 🎲 Drawing Posterior Samples:  50%|████▉     | 737/1488 [00:57<02:49,  4.44step/s]
[Origin 2/13] 🎲 Drawing Posterior Samples:  50%|████▉     | 738/1488 [00:57<02:48,  4.45step/s]
[Origin 2/13] 🎲 Drawing Posterior Samples:  50%|████▉     | 739/1488 [00:57<02:47,  4.46step/s]
[Origin 2/13] 🎲 Drawing Posterior Samples:  50%|████▉     | 740/1488 [00:57<02:30,  4.97step/s]
[Origin 2/13] 🎲 Drawing Posterior Samples:  50%|████▉     | 741/1488 [00:57<02:19,  5.36step/s]
[Origin 2/13] 🎲 Drawing Posterior Samples:  50%|████▉     | 742/1488 [00:58<02:12,  5.64step/s]
[Origin 2/13] 🎲 Drawing Posterior Samples:  50%|████▉     | 743/1488 [00:58<02:15,  5.49step/s]
[Origin 2/13] 🎲 Drawing Posterior Samples:  50%|█████     | 744/1488 [00:58<02:54,  4.27step/s]
[Origin 2/13] 🎲 Drawing Posterior Samples:  50%|█████     | 745/1488 [01:23<1:32:47,  7.49s/step]
[Origin 2/13] 🎲 Drawing Posterior Samples:  50%|█████     | 748/1488 [01:23<40:40,  3.30s/step]  
[Origin 2/13] 🎲 Drawing Posterior Samples:  51%|█████     | 758/1488 [01:23<11:00,  1.11step/s]
[Origin 2/13] 🎲 Drawing Posterior Samples:  51%|█████▏    | 763/1488 [01:23<07:16,  1.66step/s]
[Origin 2/13] 🎲 Drawing Posterior Samples:  52%|█████▏    | 769/1488 [01:23<04:37,  2.59step/s]
[Origin 2/13] 🎲 Drawing Posterior Samples:  52%|█████▏    | 775/1488 [01:23<03:04,  3.85step/s]
[Origin 2/13] 🎲 Drawing Posterior Samples:  52%|█████▏    | 780/1488 [01:23<02:14,  5.26step/s]
[Origin 2/13] 🎲 Drawing Posterior Samples:  53%|█████▎    | 785/1488 [01:23<01:40,  6.97step/s]
[Origin 2/13] 🎲 Drawing Posterior Samples:  53%|█████▎    | 790/1488 [01:24<01:16,  9.12step/s]
[Origin 2/13] 🎲 Drawing Posterior Samples:  53%|█████▎    | 794/1488 [01:24<01:05, 10.60step/s]
[Origin 2/13] 🎲 Drawing Posterior Samples:  54%|█████▎    | 798/1488 [01:24<00:53, 12.88step/s]
[Origin 2/13] 🎲 Drawing Posterior Samples:  54%|█████▍    | 803/1488 [01:24<00:40, 16.79step/s]
[Origin 2/13] 🎲 Drawing Posterior Samples:  54%|█████▍    | 808/1488 [01:24<00:32, 20.66step/s]
[Origin 2/13] 🎲 Drawing Posterior Samples:  55%|█████▍    | 813/1488 [01:24<00:27, 24.73step/s]
[Origin 2/13] 🎲 Drawing Posterior Samples:  55%|█████▍    | 818/1488 [01:24<00:24, 27.47step/s]
[Origin 2/13] 🎲 Drawing Posterior Samples:  55%|█████▌    | 824/1488 [01:24<00:20, 32.36step/s]
[Origin 2/13] 🎲 Drawing Posterior Samples:  56%|█████▌    | 829/1488 [01:25<00:19, 34.40step/s]
[Origin 2/13] 🎲 Drawing Posterior Samples:  56%|█████▌    | 834/1488 [01:25<00:19, 32.85step/s]
[Origin 2/13] 🎲 Drawing Posterior Samples:  56%|█████▋    | 839/1488 [01:25<00:17, 36.34step/s]
[Origin 2/13] 🎲 Drawing Posterior Samples:  57%|█████▋    | 844/1488 [01:25<00:17, 37.78step/s]
[Origin 2/13] 🎲 Drawing Posterior Samples:  57%|█████▋    | 849/1488 [01:25<00:17, 37.00step/s]
[Origin 2/13] 🎲 Drawing Posterior Samples:  57%|█████▋    | 854/1488 [01:25<00:16, 39.58step/s]
[Origin 2/13] 🎲 Drawing Posterior Samples:  58%|█████▊    | 859/1488 [01:25<00:16, 37.96step/s]
[Origin 2/13] 🎲 Drawing Posterior Samples:  58%|█████▊    | 864/1488 [01:26<00:16, 38.89step/s]
[Origin 2/13] 🎲 Drawing Posterior Samples:  58%|█████▊    | 869/1488 [01:26<00:15, 39.26step/s]
[Origin 2/13] 🎲 Drawing Posterior Samples:  59%|█████▊    | 874/1488 [01:26<00:15, 40.63step/s]
[Origin 2/13] 🎲 Drawing Posterior Samples:  59%|█████▉    | 879/1488 [01:26<00:15, 38.27step/s]
[Origin 2/13] 🎲 Drawing Posterior Samples:  59%|█████▉    | 883/1488 [01:26<00:15, 38.02step/s]
[Origin 2/13] 🎲 Drawing Posterior Samples:  60%|█████▉    | 887/1488 [01:26<00:15, 38.38step/s]
[Origin 2/13] 🎲 Drawing Posterior Samples:  60%|█████▉    | 891/1488 [01:26<00:20, 28.97step/s]
[Origin 2/13] 🎲 Drawing Posterior Samples:  60%|██████    | 895/1488 [01:27<00:22, 26.67step/s]
[Origin 2/13] 🎲 Drawing Posterior Samples:  60%|██████    | 899/1488 [01:27<00:20, 29.40step/s]
[Origin 2/13] 🎲 Drawing Posterior Samples:  61%|██████    | 903/1488 [01:27<00:19, 30.43step/s]
[Origin 2/13] 🎲 Drawing Posterior Samples:  61%|██████    | 907/1488 [01:27<00:19, 29.48step/s]
[Origin 2/13] 🎲 Drawing Posterior Samples:  61%|██████▏   | 912/1488 [01:27<00:17, 32.32step/s]
[Origin 2/13] 🎲 Drawing Posterior Samples:  62%|██████▏   | 916/1488 [01:27<00:16, 33.89step/s]
[Origin 2/13] 🎲 Drawing Posterior Samples:  62%|██████▏   | 920/1488 [01:27<00:16, 34.52step/s]
[Origin 2/13] 🎲 Drawing Posterior Samples:  62%|██████▏   | 926/1488 [01:27<00:14, 39.20step/s]
[Origin 2/13] 🎲 Drawing Posterior Samples:  62%|██████▎   | 930/1488 [01:27<00:14, 37.98step/s]
[Origin 2/13] 🎲 Drawing Posterior Samples:  63%|██████▎   | 934/1488 [01:28<00:15, 35.05step/s]
[Origin 2/13] 🎲 Drawing Posterior Samples:  63%|██████▎   | 939/1488 [01:28<00:14, 37.12step/s]
[Origin 2/13] 🎲 Drawing Posterior Samples:  63%|██████▎   | 944/1488 [01:28<00:14, 38.22step/s]
[Origin 2/13] 🎲 Drawing Posterior Samples:  64%|██████▎   | 948/1488 [01:28<00:14, 38.39step/s]
[Origin 2/13] 🎲 Drawing Posterior Samples:  64%|██████▍   | 953/1488 [01:28<00:13, 38.47step/s]
[Origin 2/13] 🎲 Drawing Posterior Samples:  64%|██████▍   | 957/1488 [01:28<00:13, 38.86step/s]
[Origin 2/13] 🎲 Drawing Posterior Samples:  65%|██████▍   | 961/1488 [01:28<00:14, 36.44step/s]
[Origin 2/13] 🎲 Drawing Posterior Samples:  65%|██████▍   | 965/1488 [01:28<00:16, 31.20step/s]
[Origin 2/13] 🎲 Drawing Posterior Samples:  65%|██████▌   | 969/1488 [01:29<00:19, 26.87step/s]
[Origin 2/13] 🎲 Drawing Posterior Samples:  65%|██████▌   | 972/1488 [01:29<00:20, 24.62step/s]
[Origin 2/13] 🎲 Drawing Posterior Samples:  66%|██████▌   | 975/1488 [01:29<00:21, 24.19step/s]
[Origin 2/13] 🎲 Drawing Posterior Samples:  66%|██████▌   | 978/1488 [01:29<00:21, 23.56step/s]
[Origin 2/13] 🎲 Drawing Posterior Samples:  66%|██████▌   | 981/1488 [01:29<00:21, 23.49step/s]
[Origin 2/13] 🎲 Drawing Posterior Samples:  66%|██████▌   | 984/1488 [01:29<00:20, 24.65step/s]
[Origin 2/13] 🎲 Drawing Posterior Samples:  67%|██████▋   | 990/1488 [01:29<00:15, 31.71step/s]
[Origin 2/13] 🎲 Drawing Posterior Samples:  67%|██████▋   | 994/1488 [01:30<00:14, 33.60step/s]
[Origin 2/13] 🎲 Drawing Posterior Samples:  67%|██████▋   | 999/1488 [01:30<00:14, 33.93step/s]
[Origin 2/13] 🎲 Drawing Posterior Samples:  67%|██████▋   | 1003/1488 [01:30<00:14, 32.50step/s]
[Origin 2/13] 🎲 Drawing Posterior Samples:  68%|██████▊   | 1007/1488 [01:30<00:17, 27.85step/s]
[Origin 2/13] 🎲 Drawing Posterior Samples:  68%|██████▊   | 1011/1488 [01:30<00:16, 29.54step/s]
[Origin 2/13] 🎲 Drawing Posterior Samples:  68%|██████▊   | 1017/1488 [01:30<00:13, 35.25step/s]
[Origin 2/13] 🎲 Drawing Posterior Samples:  69%|██████▊   | 1021/1488 [01:30<00:13, 34.46step/s]
[Origin 2/13] 🎲 Drawing Posterior Samples:  69%|██████▉   | 1025/1488 [01:30<00:13, 33.92step/s]
[Origin 2/13] 🎲 Drawing Posterior Samples:  69%|██████▉   | 1030/1488 [01:31<00:12, 36.68step/s]
[Origin 2/13] 🎲 Drawing Posterior Samples:  70%|██████▉   | 1035/1488 [01:31<00:12, 35.95step/s]
[Origin 2/13] 🎲 Drawing Posterior Samples:  70%|██████▉   | 1041/1488 [01:31<00:11, 40.00step/s]
[Origin 2/13] 🎲 Drawing Posterior Samples:  70%|███████   | 1046/1488 [01:31<00:11, 37.70step/s]
[Origin 2/13] 🎲 Drawing Posterior Samples:  71%|███████   | 1051/1488 [01:31<00:11, 37.90step/s]
[Origin 2/13] 🎲 Drawing Posterior Samples:  71%|███████   | 1057/1488 [01:31<00:10, 41.65step/s]
[Origin 2/13] 🎲 Drawing Posterior Samples:  71%|███████▏  | 1062/1488 [01:31<00:10, 40.58step/s]
[Origin 2/13] 🎲 Drawing Posterior Samples:  72%|███████▏  | 1067/1488 [01:32<00:09, 42.57step/s]
[Origin 2/13] 🎲 Drawing Posterior Samples:  72%|███████▏  | 1072/1488 [01:32<00:09, 42.29step/s]
[Origin 2/13] 🎲 Drawing Posterior Samples:  72%|███████▏  | 1077/1488 [01:32<00:09, 41.14step/s]
[Origin 2/13] 🎲 Drawing Posterior Samples:  73%|███████▎  | 1082/1488 [01:32<00:17, 23.20step/s]
[Origin 2/13] 🎲 Drawing Posterior Samples:  73%|███████▎  | 1086/1488 [01:33<00:30, 13.10step/s]
[Origin 2/13] 🎲 Drawing Posterior Samples:  73%|███████▎  | 1089/1488 [01:33<00:40,  9.75step/s]
[Origin 2/13] 🎲 Drawing Posterior Samples:  73%|███████▎  | 1091/1488 [01:34<00:49,  8.05step/s]
[Origin 2/13] 🎲 Drawing Posterior Samples:  73%|███████▎  | 1093/1488 [01:34<00:56,  7.02step/s]
[Origin 2/13] 🎲 Drawing Posterior Samples:  74%|███████▎  | 1095/1488 [01:35<01:02,  6.32step/s]
[Origin 2/13] 🎲 Drawing Posterior Samples:  74%|███████▎  | 1096/1488 [01:35<01:05,  6.02step/s]
[Origin 2/13] 🎲 Drawing Posterior Samples:  74%|███████▎  | 1097/1488 [01:35<01:06,  5.86step/s]
[Origin 2/13] 🎲 Drawing Posterior Samples:  74%|███████▍  | 1098/1488 [01:35<01:08,  5.68step/s]
[Origin 2/13] 🎲 Drawing Posterior Samples:  74%|███████▍  | 1099/1488 [01:36<01:14,  5.20step/s]
[Origin 2/13] 🎲 Drawing Posterior Samples:  74%|███████▍  | 1100/1488 [01:36<01:24,  4.59step/s]
[Origin 2/13] 🎲 Drawing Posterior Samples:  74%|███████▍  | 1101/1488 [01:36<01:26,  4.48step/s]
[Origin 2/13] 🎲 Drawing Posterior Samples:  74%|███████▍  | 1102/1488 [01:36<01:30,  4.29step/s]
[Origin 2/13] 🎲 Drawing Posterior Samples:  74%|███████▍  | 1103/1488 [01:37<01:38,  3.89step/s]
[Origin 2/13] 🎲 Drawing Posterior Samples:  74%|███████▍  | 1104/1488 [01:37<01:53,  3.39step/s]
[Origin 2/13] 🎲 Drawing Posterior Samples:  74%|███████▍  | 1105/1488 [01:37<01:51,  3.42step/s]
[Origin 2/13] 🎲 Drawing Posterior Samples:  74%|███████▍  | 1106/1488 [01:38<01:50,  3.44step/s]
[Origin 2/13] 🎲 Drawing Posterior Samples:  74%|███████▍  | 1107/1488 [01:38<01:50,  3.45step/s]
[Origin 2/13] 🎲 Drawing Posterior Samples:  74%|███████▍  | 1108/1488 [01:38<01:49,  3.47step/s]
[Origin 2/13] 🎲 Drawing Posterior Samples:  75%|███████▍  | 1109/1488 [01:38<01:34,  4.01step/s]
[Origin 2/13] 🎲 Drawing Posterior Samples:  75%|███████▍  | 1110/1488 [01:39<01:23,  4.52step/s]
[Origin 2/13] 🎲 Drawing Posterior Samples:  75%|███████▍  | 1111/1488 [01:39<01:15,  5.00step/s]
[Origin 2/13] 🎲 Drawing Posterior Samples:  75%|███████▍  | 1112/1488 [01:39<01:15,  4.98step/s]
[Origin 2/13] 🎲 Drawing Posterior Samples:  75%|███████▍  | 1113/1488 [01:39<01:22,  4.54step/s]
[Origin 2/13] 🎲 Drawing Posterior Samples:  75%|███████▍  | 1114/1488 [01:39<01:14,  5.02step/s]
[Origin 2/13] 🎲 Drawing Posterior Samples:  75%|███████▍  | 1115/1488 [01:40<01:12,  5.12step/s]
[Origin 2/13] 🎲 Drawing Posterior Samples:  75%|███████▌  | 1116/1488 [01:40<01:08,  5.41step/s]
[Origin 2/13] 🎲 Drawing Posterior Samples:  75%|███████▌  | 1117/1488 [01:57<32:51,  5.31s/step]
[Origin 2/13] 🎲 Drawing Posterior Samples:  75%|███████▌  | 1122/1488 [01:57<10:25,  1.71s/step]
[Origin 2/13] 🎲 Drawing Posterior Samples:  76%|███████▌  | 1127/1488 [01:57<05:16,  1.14step/s]
[Origin 2/13] 🎲 Drawing Posterior Samples:  76%|███████▌  | 1131/1488 [01:57<03:23,  1.75step/s]
[Origin 2/13] 🎲 Drawing Posterior Samples:  76%|███████▋  | 1137/1488 [01:58<01:55,  3.03step/s]
[Origin 2/13] 🎲 Drawing Posterior Samples:  77%|███████▋  | 1141/1488 [01:58<01:24,  4.12step/s]
[Origin 2/13] 🎲 Drawing Posterior Samples:  77%|███████▋  | 1147/1488 [01:58<00:53,  6.34step/s]
[Origin 2/13] 🎲 Drawing Posterior Samples:  77%|███████▋  | 1151/1488 [01:58<00:41,  8.16step/s]
[Origin 2/13] 🎲 Drawing Posterior Samples:  78%|███████▊  | 1155/1488 [01:58<00:33, 10.07step/s]
[Origin 2/13] 🎲 Drawing Posterior Samples:  78%|███████▊  | 1159/1488 [01:58<00:27, 12.16step/s]
[Origin 2/13] 🎲 Drawing Posterior Samples:  78%|███████▊  | 1163/1488 [01:58<00:22, 14.48step/s]
[Origin 2/13] 🎲 Drawing Posterior Samples:  78%|███████▊  | 1167/1488 [01:58<00:18, 17.51step/s]
[Origin 2/13] 🎲 Drawing Posterior Samples:  79%|███████▉  | 1172/1488 [01:59<00:14, 22.16step/s]
[Origin 2/13] 🎲 Drawing Posterior Samples:  79%|███████▉  | 1176/1488 [01:59<00:12, 24.85step/s]
[Origin 2/13] 🎲 Drawing Posterior Samples:  79%|███████▉  | 1181/1488 [01:59<00:10, 28.54step/s]
[Origin 2/13] 🎲 Drawing Posterior Samples:  80%|███████▉  | 1186/1488 [01:59<00:09, 33.07step/s]
[Origin 2/13] 🎲 Drawing Posterior Samples:  80%|████████  | 1191/1488 [01:59<00:08, 33.61step/s]
[Origin 2/13] 🎲 Drawing Posterior Samples:  80%|████████  | 1197/1488 [01:59<00:07, 37.85step/s]
[Origin 2/13] 🎲 Drawing Posterior Samples:  81%|████████  | 1202/1488 [01:59<00:07, 36.96step/s]
[Origin 2/13] 🎲 Drawing Posterior Samples:  81%|████████  | 1207/1488 [01:59<00:07, 37.37step/s]
[Origin 2/13] 🎲 Drawing Posterior Samples:  81%|████████▏ | 1212/1488 [02:00<00:07, 37.86step/s]
[Origin 2/13] 🎲 Drawing Posterior Samples:  82%|████████▏ | 1216/1488 [02:00<00:07, 37.69step/s]
[Origin 2/13] 🎲 Drawing Posterior Samples:  82%|████████▏ | 1221/1488 [02:00<00:06, 40.63step/s]
[Origin 2/13] 🎲 Drawing Posterior Samples:  82%|████████▏ | 1226/1488 [02:00<00:06, 38.79step/s]
[Origin 2/13] 🎲 Drawing Posterior Samples:  83%|████████▎ | 1231/1488 [02:00<00:06, 38.84step/s]
[Origin 2/13] 🎲 Drawing Posterior Samples:  83%|████████▎ | 1236/1488 [02:00<00:06, 39.52step/s]
[Origin 2/13] 🎲 Drawing Posterior Samples:  83%|████████▎ | 1241/1488 [02:00<00:06, 39.39step/s]
[Origin 2/13] 🎲 Drawing Posterior Samples:  84%|████████▎ | 1246/1488 [02:00<00:05, 41.90step/s]
[Origin 2/13] 🎲 Drawing Posterior Samples:  84%|████████▍ | 1251/1488 [02:01<00:05, 40.22step/s]
[Origin 2/13] 🎲 Drawing Posterior Samples:  84%|████████▍ | 1256/1488 [02:01<00:05, 39.86step/s]
[Origin 2/13] 🎲 Drawing Posterior Samples:  85%|████████▍ | 1261/1488 [02:01<00:05, 40.27step/s]
[Origin 2/13] 🎲 Drawing Posterior Samples:  85%|████████▌ | 1266/1488 [02:01<00:05, 39.83step/s]
[Origin 2/13] 🎲 Drawing Posterior Samples:  85%|████████▌ | 1271/1488 [02:01<00:05, 41.97step/s]
[Origin 2/13] 🎲 Drawing Posterior Samples:  86%|████████▌ | 1276/1488 [02:01<00:05, 40.07step/s]
[Origin 2/13] 🎲 Drawing Posterior Samples:  86%|████████▌ | 1281/1488 [02:01<00:05, 39.65step/s]
[Origin 2/13] 🎲 Drawing Posterior Samples:  86%|████████▋ | 1286/1488 [02:01<00:05, 39.85step/s]
[Origin 2/13] 🎲 Drawing Posterior Samples:  87%|████████▋ | 1291/1488 [02:02<00:04, 39.76step/s]
[Origin 2/13] 🎲 Drawing Posterior Samples:  87%|████████▋ | 1297/1488 [02:02<00:04, 42.22step/s]
[Origin 2/13] 🎲 Drawing Posterior Samples:  88%|████████▊ | 1302/1488 [02:02<00:04, 42.81step/s]
[Origin 2/13] 🎲 Drawing Posterior Samples:  88%|████████▊ | 1307/1488 [02:02<00:04, 39.55step/s]
[Origin 2/13] 🎲 Drawing Posterior Samples:  88%|████████▊ | 1312/1488 [02:02<00:04, 40.34step/s]
[Origin 2/13] 🎲 Drawing Posterior Samples:  89%|████████▊ | 1317/1488 [02:02<00:04, 40.23step/s]
[Origin 2/13] 🎲 Drawing Posterior Samples:  89%|████████▉ | 1323/1488 [02:02<00:03, 42.22step/s]
[Origin 2/13] 🎲 Drawing Posterior Samples:  89%|████████▉ | 1328/1488 [02:02<00:03, 40.57step/s]
[Origin 2/13] 🎲 Drawing Posterior Samples:  90%|████████▉ | 1333/1488 [02:03<00:04, 36.45step/s]
[Origin 2/13] 🎲 Drawing Posterior Samples:  90%|████████▉ | 1338/1488 [02:03<00:03, 37.76step/s]
[Origin 2/13] 🎲 Drawing Posterior Samples:  90%|█████████ | 1344/1488 [02:03<00:03, 41.33step/s]
[Origin 2/13] 🎲 Drawing Posterior Samples:  91%|█████████ | 1349/1488 [02:03<00:03, 41.29step/s]
[Origin 2/13] 🎲 Drawing Posterior Samples:  91%|█████████ | 1354/1488 [02:03<00:03, 41.34step/s]
[Origin 2/13] 🎲 Drawing Posterior Samples:  91%|█████████▏| 1359/1488 [02:03<00:03, 38.43step/s]
[Origin 2/13] 🎲 Drawing Posterior Samples:  92%|█████████▏| 1364/1488 [02:03<00:03, 38.94step/s]
[Origin 2/13] 🎲 Drawing Posterior Samples:  92%|█████████▏| 1370/1488 [02:03<00:02, 42.40step/s]
[Origin 2/13] 🎲 Drawing Posterior Samples:  92%|█████████▏| 1375/1488 [02:04<00:02, 41.72step/s]
[Origin 2/13] 🎲 Drawing Posterior Samples:  93%|█████████▎| 1380/1488 [02:04<00:02, 38.88step/s]
[Origin 2/13] 🎲 Drawing Posterior Samples:  93%|█████████▎| 1384/1488 [02:04<00:02, 38.93step/s]
[Origin 2/13] 🎲 Drawing Posterior Samples:  93%|█████████▎| 1389/1488 [02:04<00:02, 39.40step/s]
[Origin 2/13] 🎲 Drawing Posterior Samples:  94%|█████████▍| 1395/1488 [02:04<00:02, 42.99step/s]
[Origin 2/13] 🎲 Drawing Posterior Samples:  94%|█████████▍| 1400/1488 [02:04<00:02, 42.25step/s]
[Origin 2/13] 🎲 Drawing Posterior Samples:  94%|█████████▍| 1405/1488 [02:04<00:02, 38.00step/s]
[Origin 2/13] 🎲 Drawing Posterior Samples:  95%|█████████▍| 1410/1488 [02:04<00:01, 40.52step/s]
[Origin 2/13] 🎲 Drawing Posterior Samples:  95%|█████████▌| 1415/1488 [02:05<00:01, 40.51step/s]
[Origin 2/13] 🎲 Drawing Posterior Samples:  95%|█████████▌| 1420/1488 [02:05<00:02, 33.90step/s]
[Origin 2/13] 🎲 Drawing Posterior Samples:  96%|█████████▌| 1425/1488 [02:05<00:01, 35.93step/s]
[Origin 2/13] 🎲 Drawing Posterior Samples:  96%|█████████▌| 1429/1488 [02:05<00:01, 36.29step/s]
[Origin 2/13] 🎲 Drawing Posterior Samples:  96%|█████████▋| 1435/1488 [02:05<00:01, 39.90step/s]
[Origin 2/13] 🎲 Drawing Posterior Samples:  97%|█████████▋| 1440/1488 [02:05<00:01, 37.06step/s]
[Origin 2/13] 🎲 Drawing Posterior Samples:  97%|█████████▋| 1444/1488 [02:05<00:01, 37.10step/s]
[Origin 2/13] 🎲 Drawing Posterior Samples:  97%|█████████▋| 1450/1488 [02:06<00:00, 41.04step/s]
[Origin 2/13] 🎲 Drawing Posterior Samples:  98%|█████████▊| 1455/1488 [02:06<00:01, 20.90step/s]
[Origin 2/13] 🎲 Drawing Posterior Samples:  98%|█████████▊| 1459/1488 [02:07<00:02, 13.27step/s]
[Origin 2/13] 🎲 Drawing Posterior Samples:  98%|█████████▊| 1462/1488 [02:07<00:02, 10.92step/s]
[Origin 2/13] 🎲 Drawing Posterior Samples:  98%|█████████▊| 1464/1488 [02:08<00:02,  9.54step/s]
[Origin 2/13] 🎲 Drawing Posterior Samples:  99%|█████████▊| 1466/1488 [02:08<00:02,  8.96step/s]
[Origin 2/13] 🎲 Drawing Posterior Samples:  99%|█████████▊| 1468/1488 [02:08<00:02,  8.65step/s]
[Origin 2/13] 🎲 Drawing Posterior Samples:  99%|█████████▉| 1470/1488 [02:08<00:02,  8.14step/s]
[Origin 2/13] 🎲 Drawing Posterior Samples:  99%|█████████▉| 1471/1488 [02:08<00:02,  7.83step/s]
[Origin 2/13] 🎲 Drawing Posterior Samples:  99%|█████████▉| 1472/1488 [02:09<00:02,  7.25step/s]
[Origin 2/13] 🎲 Drawing Posterior Samples:  99%|█████████▉| 1473/1488 [02:09<00:02,  6.86step/s]
[Origin 2/13] 🎲 Drawing Posterior Samples:  99%|█████████▉| 1474/1488 [02:09<00:02,  6.68step/s]
[Origin 2/13] 🎲 Drawing Posterior Samples:  99%|█████████▉| 1475/1488 [02:09<00:02,  5.31step/s]
[Origin 2/13] 🎲 Drawing Posterior Samples:  99%|█████████▉| 1476/1488 [02:10<00:02,  4.32step/s]
[Origin 2/13] 🎲 Drawing Posterior Samples:  99%|█████████▉| 1477/1488 [02:10<00:02,  4.33step/s]
[Origin 2/13] 🎲 Drawing Posterior Samples:  99%|█████████▉| 1478/1488 [02:10<00:02,  4.25step/s]
[Origin 2/13] 🎲 Drawing Posterior Samples:  99%|█████████▉| 1479/1488 [02:10<00:01,  4.57step/s]
[Origin 2/13] 🎲 Drawing Posterior Samples:  99%|█████████▉| 1480/1488 [02:10<00:01,  5.01step/s]
[Origin 2/13] 🎲 Drawing Posterior Samples: 100%|█████████▉| 1481/1488 [02:11<00:01,  5.30step/s]
[Origin 2/13] 🎲 Drawing Posterior Samples: 100%|█████████▉| 1482/1488 [02:11<00:01,  5.19step/s]
[Origin 2/13] 🎲 Drawing Posterior Samples: 100%|█████████▉| 1483/1488 [02:11<00:00,  5.23step/s]
[Origin 2/13] 🎲 Drawing Posterior Samples: 100%|█████████▉| 1484/1488 [02:11<00:00,  5.28step/s]
[Origin 2/13] 🎲 Drawing Posterior Samples: 100%|█████████▉| 1485/1488 [02:11<00:00,  5.54step/s]
[Origin 2/13] 🎲 Drawing Posterior Samples: 100%|█████████▉| 1486/1488 [02:12<00:00,  5.74step/s]
[Origin 2/13] 🎲 Drawing Posterior Samples: 100%|█████████▉| 1487/1488 [02:12<00:00,  5.24step/s]
[Origin 2/13] 🎲 Drawing Posterior Samples: 100%|██████████| 1488/1488 [02:12<00:00,  5.07step/s]
                                                                                                 

[Origin 3/13] 🎲 Drawing Posterior Samples:   0%|          | 0/1492 [00:00<?, ?step/s]
[Origin 3/13] 🎲 Drawing Posterior Samples:   1%|          | 9/1492 [00:00<00:19, 76.30step/s]
[Origin 3/13] 🎲 Drawing Posterior Samples:   1%|          | 17/1492 [00:00<00:28, 52.58step/s]
[Origin 3/13] 🎲 Drawing Posterior Samples:   2%|▏         | 23/1492 [00:00<00:28, 52.30step/s]
[Origin 3/13] 🎲 Drawing Posterior Samples:   2%|▏         | 29/1492 [00:00<00:29, 49.22step/s]
[Origin 3/13] 🎲 Drawing Posterior Samples:   2%|▏         | 35/1492 [00:00<00:40, 35.55step/s]
[Origin 3/13] 🎲 Drawing Posterior Samples:   3%|▎         | 40/1492 [00:01<00:48, 29.89step/s]
[Origin 3/13] 🎲 Drawing Posterior Samples:   3%|▎         | 44/1492 [00:01<00:52, 27.55step/s]
[Origin 3/13] 🎲 Drawing Posterior Samples:   3%|▎         | 48/1492 [00:01<00:51, 28.26step/s]
[Origin 3/13] 🎲 Drawing Posterior Samples:   3%|▎         | 52/1492 [00:01<00:56, 25.48step/s]
[Origin 3/13] 🎲 Drawing Posterior Samples:   4%|▎         | 55/1492 [00:01<00:58, 24.75step/s]
[Origin 3/13] 🎲 Drawing Posterior Samples:   4%|▍         | 58/1492 [00:01<00:59, 24.13step/s]
[Origin 3/13] 🎲 Drawing Posterior Samples:   4%|▍         | 61/1492 [00:01<00:59, 24.11step/s]
[Origin 3/13] 🎲 Drawing Posterior Samples:   4%|▍         | 66/1492 [00:02<00:50, 28.12step/s]
[Origin 3/13] 🎲 Drawing Posterior Samples:   5%|▍         | 72/1492 [00:02<00:41, 34.03step/s]
[Origin 3/13] 🎲 Drawing Posterior Samples:   5%|▌         | 76/1492 [00:02<00:42, 33.08step/s]
[Origin 3/13] 🎲 Drawing Posterior Samples:   5%|▌         | 82/1492 [00:02<00:37, 38.02step/s]
[Origin 3/13] 🎲 Drawing Posterior Samples:   6%|▌         | 86/1492 [00:02<00:36, 38.15step/s]
[Origin 3/13] 🎲 Drawing Posterior Samples:   6%|▌         | 90/1492 [00:02<00:37, 37.45step/s]
[Origin 3/13] 🎲 Drawing Posterior Samples:   6%|▋         | 94/1492 [00:02<00:37, 37.05step/s]
[Origin 3/13] 🎲 Drawing Posterior Samples:   7%|▋         | 99/1492 [00:02<00:34, 39.88step/s]
[Origin 3/13] 🎲 Drawing Posterior Samples:   7%|▋         | 104/1492 [00:03<00:34, 40.81step/s]
[Origin 3/13] 🎲 Drawing Posterior Samples:   7%|▋         | 109/1492 [00:03<00:36, 37.87step/s]
[Origin 3/13] 🎲 Drawing Posterior Samples:   8%|▊         | 115/1492 [00:03<00:33, 41.53step/s]
[Origin 3/13] 🎲 Drawing Posterior Samples:   8%|▊         | 120/1492 [00:03<00:33, 41.02step/s]
[Origin 3/13] 🎲 Drawing Posterior Samples:   8%|▊         | 125/1492 [00:03<00:36, 36.96step/s]
[Origin 3/13] 🎲 Drawing Posterior Samples:   9%|▉         | 131/1492 [00:03<00:33, 40.47step/s]
[Origin 3/13] 🎲 Drawing Posterior Samples:   9%|▉         | 136/1492 [00:03<00:33, 40.41step/s]
[Origin 3/13] 🎲 Drawing Posterior Samples:   9%|▉         | 141/1492 [00:03<00:35, 37.94step/s]
[Origin 3/13] 🎲 Drawing Posterior Samples:  10%|▉         | 147/1492 [00:04<00:32, 41.65step/s]
[Origin 3/13] 🎲 Drawing Posterior Samples:  10%|█         | 152/1492 [00:04<00:32, 41.30step/s]
[Origin 3/13] 🎲 Drawing Posterior Samples:  11%|█         | 157/1492 [00:04<00:34, 38.90step/s]
[Origin 3/13] 🎲 Drawing Posterior Samples:  11%|█         | 162/1492 [00:04<00:32, 40.55step/s]
[Origin 3/13] 🎲 Drawing Posterior Samples:  11%|█         | 167/1492 [00:04<00:32, 40.41step/s]
[Origin 3/13] 🎲 Drawing Posterior Samples:  12%|█▏        | 172/1492 [00:04<00:32, 40.24step/s]
[Origin 3/13] 🎲 Drawing Posterior Samples:  12%|█▏        | 177/1492 [00:04<00:41, 31.60step/s]
[Origin 3/13] 🎲 Drawing Posterior Samples:  12%|█▏        | 181/1492 [00:05<00:47, 27.57step/s]
[Origin 3/13] 🎲 Drawing Posterior Samples:  12%|█▏        | 185/1492 [00:05<00:45, 28.76step/s]
[Origin 3/13] 🎲 Drawing Posterior Samples:  13%|█▎        | 190/1492 [00:05<00:40, 32.11step/s]
[Origin 3/13] 🎲 Drawing Posterior Samples:  13%|█▎        | 194/1492 [00:05<00:47, 27.18step/s]
[Origin 3/13] 🎲 Drawing Posterior Samples:  13%|█▎        | 197/1492 [00:05<00:52, 24.80step/s]
[Origin 3/13] 🎲 Drawing Posterior Samples:  13%|█▎        | 200/1492 [00:05<00:56, 22.77step/s]
[Origin 3/13] 🎲 Drawing Posterior Samples:  14%|█▎        | 203/1492 [00:06<00:59, 21.79step/s]
[Origin 3/13] 🎲 Drawing Posterior Samples:  14%|█▍        | 206/1492 [00:06<00:58, 21.90step/s]
[Origin 3/13] 🎲 Drawing Posterior Samples:  14%|█▍        | 209/1492 [00:06<01:00, 21.06step/s]
[Origin 3/13] 🎲 Drawing Posterior Samples:  14%|█▍        | 212/1492 [00:06<01:00, 21.03step/s]
[Origin 3/13] 🎲 Drawing Posterior Samples:  14%|█▍        | 215/1492 [00:06<01:00, 21.01step/s]
[Origin 3/13] 🎲 Drawing Posterior Samples:  15%|█▍        | 218/1492 [00:06<00:56, 22.62step/s]
[Origin 3/13] 🎲 Drawing Posterior Samples:  15%|█▍        | 221/1492 [00:06<00:53, 23.92step/s]
[Origin 3/13] 🎲 Drawing Posterior Samples:  15%|█▌        | 227/1492 [00:06<00:40, 31.44step/s]
[Origin 3/13] 🎲 Drawing Posterior Samples:  15%|█▌        | 231/1492 [00:07<00:41, 30.52step/s]
[Origin 3/13] 🎲 Drawing Posterior Samples:  16%|█▌        | 235/1492 [00:07<00:48, 26.16step/s]
[Origin 3/13] 🎲 Drawing Posterior Samples:  16%|█▌        | 238/1492 [00:07<00:48, 25.91step/s]
[Origin 3/13] 🎲 Drawing Posterior Samples:  16%|█▋        | 244/1492 [00:07<00:38, 32.35step/s]
[Origin 3/13] 🎲 Drawing Posterior Samples:  17%|█▋        | 248/1492 [00:07<00:39, 31.80step/s]
[Origin 3/13] 🎲 Drawing Posterior Samples:  17%|█▋        | 253/1492 [00:07<00:34, 36.18step/s]
[Origin 3/13] 🎲 Drawing Posterior Samples:  17%|█▋        | 257/1492 [00:07<00:33, 36.51step/s]
[Origin 3/13] 🎲 Drawing Posterior Samples:  18%|█▊        | 262/1492 [00:08<00:32, 37.78step/s]
[Origin 3/13] 🎲 Drawing Posterior Samples:  18%|█▊        | 266/1492 [00:08<00:32, 37.83step/s]
[Origin 3/13] 🎲 Drawing Posterior Samples:  18%|█▊        | 271/1492 [00:08<00:30, 40.44step/s]
[Origin 3/13] 🎲 Drawing Posterior Samples:  18%|█▊        | 276/1492 [00:08<00:32, 36.94step/s]
[Origin 3/13] 🎲 Drawing Posterior Samples:  19%|█▉        | 280/1492 [00:08<00:36, 33.47step/s]
[Origin 3/13] 🎲 Drawing Posterior Samples:  19%|█▉        | 284/1492 [00:08<00:45, 26.52step/s]
[Origin 3/13] 🎲 Drawing Posterior Samples:  19%|█▉        | 287/1492 [00:08<00:51, 23.21step/s]
[Origin 3/13] 🎲 Drawing Posterior Samples:  19%|█▉        | 290/1492 [00:09<00:53, 22.33step/s]
[Origin 3/13] 🎲 Drawing Posterior Samples:  20%|█▉        | 295/1492 [00:09<00:42, 27.92step/s]
[Origin 3/13] 🎲 Drawing Posterior Samples:  20%|██        | 299/1492 [00:09<00:43, 27.41step/s]
[Origin 3/13] 🎲 Drawing Posterior Samples:  20%|██        | 302/1492 [00:09<00:47, 24.86step/s]
[Origin 3/13] 🎲 Drawing Posterior Samples:  20%|██        | 305/1492 [00:09<00:49, 23.89step/s]
[Origin 3/13] 🎲 Drawing Posterior Samples:  21%|██        | 308/1492 [00:09<00:53, 22.10step/s]
[Origin 3/13] 🎲 Drawing Posterior Samples:  21%|██        | 311/1492 [00:09<00:52, 22.49step/s]
[Origin 3/13] 🎲 Drawing Posterior Samples:  21%|██        | 317/1492 [00:10<00:40, 29.27step/s]
[Origin 3/13] 🎲 Drawing Posterior Samples:  22%|██▏       | 322/1492 [00:10<00:35, 33.04step/s]
[Origin 3/13] 🎲 Drawing Posterior Samples:  22%|██▏       | 326/1492 [00:10<00:34, 33.40step/s]
[Origin 3/13] 🎲 Drawing Posterior Samples:  22%|██▏       | 331/1492 [00:10<00:33, 35.00step/s]
[Origin 3/13] 🎲 Drawing Posterior Samples:  22%|██▏       | 335/1492 [00:10<00:37, 30.77step/s]
[Origin 3/13] 🎲 Drawing Posterior Samples:  23%|██▎       | 339/1492 [00:11<00:58, 19.76step/s]
[Origin 3/13] 🎲 Drawing Posterior Samples:  23%|██▎       | 342/1492 [00:11<01:32, 12.39step/s]
[Origin 3/13] 🎲 Drawing Posterior Samples:  23%|██▎       | 344/1492 [00:11<01:53, 10.13step/s]
[Origin 3/13] 🎲 Drawing Posterior Samples:  23%|██▎       | 346/1492 [00:12<02:21,  8.10step/s]
[Origin 3/13] 🎲 Drawing Posterior Samples:  23%|██▎       | 348/1492 [00:12<02:40,  7.11step/s]
[Origin 3/13] 🎲 Drawing Posterior Samples:  23%|██▎       | 349/1492 [00:12<02:47,  6.81step/s]
[Origin 3/13] 🎲 Drawing Posterior Samples:  23%|██▎       | 350/1492 [00:13<03:00,  6.34step/s]
[Origin 3/13] 🎲 Drawing Posterior Samples:  24%|██▎       | 351/1492 [00:13<03:10,  6.00step/s]
[Origin 3/13] 🎲 Drawing Posterior Samples:  24%|██▎       | 352/1492 [00:13<03:18,  5.75step/s]
[Origin 3/13] 🎲 Drawing Posterior Samples:  24%|██▎       | 353/1492 [00:13<03:34,  5.32step/s]
[Origin 3/13] 🎲 Drawing Posterior Samples:  24%|██▎       | 354/1492 [00:13<03:33,  5.33step/s]
[Origin 3/13] 🎲 Drawing Posterior Samples:  24%|██▍       | 355/1492 [00:14<03:37,  5.22step/s]
[Origin 3/13] 🎲 Drawing Posterior Samples:  24%|██▍       | 356/1492 [00:14<03:40,  5.16step/s]
[Origin 3/13] 🎲 Drawing Posterior Samples:  24%|██▍       | 357/1492 [00:14<03:34,  5.28step/s]
[Origin 3/13] 🎲 Drawing Posterior Samples:  24%|██▍       | 358/1492 [00:14<03:34,  5.28step/s]
[Origin 3/13] 🎲 Drawing Posterior Samples:  24%|██▍       | 359/1492 [00:14<03:40,  5.15step/s]
[Origin 3/13] 🎲 Drawing Posterior Samples:  24%|██▍       | 360/1492 [00:15<03:38,  5.19step/s]
[Origin 3/13] 🎲 Drawing Posterior Samples:  24%|██▍       | 361/1492 [00:15<03:44,  5.03step/s]
[Origin 3/13] 🎲 Drawing Posterior Samples:  24%|██▍       | 362/1492 [00:15<03:53,  4.85step/s]
[Origin 3/13] 🎲 Drawing Posterior Samples:  24%|██▍       | 363/1492 [00:15<04:31,  4.15step/s]
[Origin 3/13] 🎲 Drawing Posterior Samples:  24%|██▍       | 364/1492 [00:16<04:19,  4.35step/s]
[Origin 3/13] 🎲 Drawing Posterior Samples:  24%|██▍       | 365/1492 [00:16<04:10,  4.50step/s]
[Origin 3/13] 🎲 Drawing Posterior Samples:  25%|██▍       | 366/1492 [00:16<04:41,  4.00step/s]
[Origin 3/13] 🎲 Drawing Posterior Samples:  25%|██▍       | 367/1492 [00:16<04:50,  3.87step/s]
[Origin 3/13] 🎲 Drawing Posterior Samples:  25%|██▍       | 368/1492 [00:17<04:35,  4.08step/s]
[Origin 3/13] 🎲 Drawing Posterior Samples:  25%|██▍       | 369/1492 [00:17<04:11,  4.46step/s]
[Origin 3/13] 🎲 Drawing Posterior Samples:  25%|██▍       | 370/1492 [00:17<04:22,  4.27step/s]
[Origin 3/13] 🎲 Drawing Posterior Samples:  25%|██▍       | 371/1492 [00:17<04:19,  4.32step/s]
[Origin 3/13] 🎲 Drawing Posterior Samples:  25%|██▍       | 372/1492 [00:17<04:19,  4.32step/s]
[Origin 3/13] 🎲 Drawing Posterior Samples:  25%|██▌       | 373/1492 [00:18<04:21,  4.27step/s]
[Origin 3/13] 🎲 Drawing Posterior Samples:  25%|██▌       | 374/1492 [00:39<2:02:48,  6.59s/step]
[Origin 3/13] 🎲 Drawing Posterior Samples:  25%|██▌       | 377/1492 [00:39<53:57,  2.90s/step]  
[Origin 3/13] 🎲 Drawing Posterior Samples:  25%|██▌       | 380/1492 [00:39<30:09,  1.63s/step]
[Origin 3/13] 🎲 Drawing Posterior Samples:  26%|██▌       | 383/1492 [00:39<18:37,  1.01s/step]
[Origin 3/13] 🎲 Drawing Posterior Samples:  26%|██▌       | 387/1492 [00:40<10:52,  1.69step/s]
[Origin 3/13] 🎲 Drawing Posterior Samples:  26%|██▌       | 390/1492 [00:40<07:43,  2.38step/s]
[Origin 3/13] 🎲 Drawing Posterior Samples:  26%|██▋       | 393/1492 [00:40<05:37,  3.26step/s]
[Origin 3/13] 🎲 Drawing Posterior Samples:  27%|██▋       | 396/1492 [00:40<04:07,  4.44step/s]
[Origin 3/13] 🎲 Drawing Posterior Samples:  27%|██▋       | 402/1492 [00:40<02:22,  7.67step/s]
[Origin 3/13] 🎲 Drawing Posterior Samples:  27%|██▋       | 405/1492 [00:40<01:55,  9.40step/s]
[Origin 3/13] 🎲 Drawing Posterior Samples:  27%|██▋       | 408/1492 [00:40<01:38, 11.01step/s]
[Origin 3/13] 🎲 Drawing Posterior Samples:  28%|██▊       | 411/1492 [00:41<01:24, 12.77step/s]
[Origin 3/13] 🎲 Drawing Posterior Samples:  28%|██▊       | 414/1492 [00:41<01:17, 13.88step/s]
[Origin 3/13] 🎲 Drawing Posterior Samples:  28%|██▊       | 417/1492 [00:41<01:08, 15.70step/s]
[Origin 3/13] 🎲 Drawing Posterior Samples:  28%|██▊       | 420/1492 [00:41<00:58, 18.18step/s]
[Origin 3/13] 🎲 Drawing Posterior Samples:  28%|██▊       | 424/1492 [00:41<00:50, 21.28step/s]
[Origin 3/13] 🎲 Drawing Posterior Samples:  29%|██▉       | 429/1492 [00:41<00:41, 25.72step/s]
[Origin 3/13] 🎲 Drawing Posterior Samples:  29%|██▉       | 433/1492 [00:41<00:45, 23.12step/s]
[Origin 3/13] 🎲 Drawing Posterior Samples:  29%|██▉       | 436/1492 [00:42<00:44, 23.59step/s]
[Origin 3/13] 🎲 Drawing Posterior Samples:  30%|██▉       | 442/1492 [00:42<00:34, 30.19step/s]
[Origin 3/13] 🎲 Drawing Posterior Samples:  30%|██▉       | 446/1492 [00:42<00:39, 26.33step/s]
[Origin 3/13] 🎲 Drawing Posterior Samples:  30%|███       | 449/1492 [00:42<00:41, 25.26step/s]
[Origin 3/13] 🎲 Drawing Posterior Samples:  30%|███       | 452/1492 [00:42<00:42, 24.52step/s]
[Origin 3/13] 🎲 Drawing Posterior Samples:  30%|███       | 455/1492 [00:42<00:44, 23.51step/s]
[Origin 3/13] 🎲 Drawing Posterior Samples:  31%|███       | 458/1492 [00:42<00:42, 24.24step/s]
[Origin 3/13] 🎲 Drawing Posterior Samples:  31%|███       | 461/1492 [00:42<00:40, 25.40step/s]
[Origin 3/13] 🎲 Drawing Posterior Samples:  31%|███       | 464/1492 [00:43<00:39, 26.19step/s]
[Origin 3/13] 🎲 Drawing Posterior Samples:  31%|███▏      | 467/1492 [00:43<00:39, 25.73step/s]
[Origin 3/13] 🎲 Drawing Posterior Samples:  32%|███▏      | 470/1492 [00:43<00:38, 26.62step/s]
[Origin 3/13] 🎲 Drawing Posterior Samples:  32%|███▏      | 473/1492 [00:43<00:40, 24.98step/s]
[Origin 3/13] 🎲 Drawing Posterior Samples:  32%|███▏      | 476/1492 [00:43<00:38, 26.26step/s]
[Origin 3/13] 🎲 Drawing Posterior Samples:  32%|███▏      | 479/1492 [00:43<00:38, 26.44step/s]
[Origin 3/13] 🎲 Drawing Posterior Samples:  32%|███▏      | 483/1492 [00:43<00:36, 27.45step/s]
[Origin 3/13] 🎲 Drawing Posterior Samples:  33%|███▎      | 487/1492 [00:43<00:35, 28.54step/s]
[Origin 3/13] 🎲 Drawing Posterior Samples:  33%|███▎      | 490/1492 [00:44<00:39, 25.61step/s]
[Origin 3/13] 🎲 Drawing Posterior Samples:  33%|███▎      | 494/1492 [00:44<00:34, 28.94step/s]
[Origin 3/13] 🎲 Drawing Posterior Samples:  33%|███▎      | 497/1492 [00:44<00:35, 28.34step/s]
[Origin 3/13] 🎲 Drawing Posterior Samples:  34%|███▎      | 501/1492 [00:44<00:31, 31.31step/s]
[Origin 3/13] 🎲 Drawing Posterior Samples:  34%|███▍      | 505/1492 [00:44<00:31, 31.22step/s]
[Origin 3/13] 🎲 Drawing Posterior Samples:  34%|███▍      | 509/1492 [00:44<00:33, 29.49step/s]
[Origin 3/13] 🎲 Drawing Posterior Samples:  34%|███▍      | 513/1492 [00:44<00:34, 28.05step/s]
[Origin 3/13] 🎲 Drawing Posterior Samples:  35%|███▍      | 517/1492 [00:44<00:34, 28.25step/s]
[Origin 3/13] 🎲 Drawing Posterior Samples:  35%|███▍      | 520/1492 [00:45<00:34, 28.24step/s]
[Origin 3/13] 🎲 Drawing Posterior Samples:  35%|███▌      | 523/1492 [00:45<00:37, 25.99step/s]
[Origin 3/13] 🎲 Drawing Posterior Samples:  35%|███▌      | 528/1492 [00:45<00:31, 30.84step/s]
[Origin 3/13] 🎲 Drawing Posterior Samples:  36%|███▌      | 532/1492 [00:45<00:29, 32.61step/s]
[Origin 3/13] 🎲 Drawing Posterior Samples:  36%|███▌      | 536/1492 [00:45<00:28, 34.13step/s]
[Origin 3/13] 🎲 Drawing Posterior Samples:  36%|███▋      | 542/1492 [00:45<00:24, 39.04step/s]
[Origin 3/13] 🎲 Drawing Posterior Samples:  37%|███▋      | 546/1492 [00:45<00:29, 32.11step/s]
[Origin 3/13] 🎲 Drawing Posterior Samples:  37%|███▋      | 550/1492 [00:46<00:33, 28.25step/s]
[Origin 3/13] 🎲 Drawing Posterior Samples:  37%|███▋      | 554/1492 [00:46<00:35, 26.12step/s]
[Origin 3/13] 🎲 Drawing Posterior Samples:  37%|███▋      | 559/1492 [00:46<00:30, 30.30step/s]
[Origin 3/13] 🎲 Drawing Posterior Samples:  38%|███▊      | 563/1492 [00:46<00:32, 28.23step/s]
[Origin 3/13] 🎲 Drawing Posterior Samples:  38%|███▊      | 567/1492 [00:46<00:38, 23.82step/s]
[Origin 3/13] 🎲 Drawing Posterior Samples:  38%|███▊      | 570/1492 [00:46<00:40, 22.87step/s]
[Origin 3/13] 🎲 Drawing Posterior Samples:  38%|███▊      | 573/1492 [00:46<00:38, 23.70step/s]
[Origin 3/13] 🎲 Drawing Posterior Samples:  39%|███▊      | 576/1492 [00:47<00:38, 23.77step/s]
[Origin 3/13] 🎲 Drawing Posterior Samples:  39%|███▉      | 579/1492 [00:47<00:37, 24.66step/s]
[Origin 3/13] 🎲 Drawing Posterior Samples:  39%|███▉      | 582/1492 [00:47<00:37, 24.38step/s]
[Origin 3/13] 🎲 Drawing Posterior Samples:  39%|███▉      | 585/1492 [00:47<00:38, 23.57step/s]
[Origin 3/13] 🎲 Drawing Posterior Samples:  39%|███▉      | 588/1492 [00:47<00:36, 24.78step/s]
[Origin 3/13] 🎲 Drawing Posterior Samples:  40%|███▉      | 592/1492 [00:47<00:34, 26.13step/s]
[Origin 3/13] 🎲 Drawing Posterior Samples:  40%|███▉      | 595/1492 [00:47<00:37, 24.02step/s]
[Origin 3/13] 🎲 Drawing Posterior Samples:  40%|████      | 598/1492 [00:48<00:39, 22.54step/s]
[Origin 3/13] 🎲 Drawing Posterior Samples:  40%|████      | 601/1492 [00:48<00:40, 21.76step/s]
[Origin 3/13] 🎲 Drawing Posterior Samples:  40%|████      | 604/1492 [00:48<00:38, 23.16step/s]
[Origin 3/13] 🎲 Drawing Posterior Samples:  41%|████      | 607/1492 [00:48<00:38, 22.88step/s]
[Origin 3/13] 🎲 Drawing Posterior Samples:  41%|████      | 612/1492 [00:48<00:30, 28.78step/s]
[Origin 3/13] 🎲 Drawing Posterior Samples:  41%|████      | 615/1492 [00:48<00:32, 26.58step/s]
[Origin 3/13] 🎲 Drawing Posterior Samples:  41%|████▏     | 619/1492 [00:48<00:30, 28.66step/s]
[Origin 3/13] 🎲 Drawing Posterior Samples:  42%|████▏     | 624/1492 [00:48<00:25, 33.40step/s]
[Origin 3/13] 🎲 Drawing Posterior Samples:  42%|████▏     | 628/1492 [00:49<00:26, 32.14step/s]
[Origin 3/13] 🎲 Drawing Posterior Samples:  42%|████▏     | 632/1492 [00:49<00:27, 31.84step/s]
[Origin 3/13] 🎲 Drawing Posterior Samples:  43%|████▎     | 636/1492 [00:49<00:25, 33.46step/s]
[Origin 3/13] 🎲 Drawing Posterior Samples:  43%|████▎     | 640/1492 [00:49<00:25, 32.84step/s]
[Origin 3/13] 🎲 Drawing Posterior Samples:  43%|████▎     | 644/1492 [00:49<00:24, 34.30step/s]
[Origin 3/13] 🎲 Drawing Posterior Samples:  43%|████▎     | 648/1492 [00:49<00:25, 33.43step/s]
[Origin 3/13] 🎲 Drawing Posterior Samples:  44%|████▎     | 652/1492 [00:49<00:26, 32.29step/s]
[Origin 3/13] 🎲 Drawing Posterior Samples:  44%|████▍     | 656/1492 [00:49<00:25, 32.38step/s]
[Origin 3/13] 🎲 Drawing Posterior Samples:  44%|████▍     | 660/1492 [00:50<00:27, 30.03step/s]
[Origin 3/13] 🎲 Drawing Posterior Samples:  45%|████▍     | 664/1492 [00:50<00:29, 28.03step/s]
[Origin 3/13] 🎲 Drawing Posterior Samples:  45%|████▍     | 667/1492 [00:50<00:31, 26.32step/s]
[Origin 3/13] 🎲 Drawing Posterior Samples:  45%|████▍     | 670/1492 [00:50<00:32, 25.11step/s]
[Origin 3/13] 🎲 Drawing Posterior Samples:  45%|████▌     | 673/1492 [00:50<00:34, 23.65step/s]
[Origin 3/13] 🎲 Drawing Posterior Samples:  45%|████▌     | 676/1492 [00:50<00:37, 22.02step/s]
[Origin 3/13] 🎲 Drawing Posterior Samples:  46%|████▌     | 679/1492 [00:50<00:37, 21.97step/s]
[Origin 3/13] 🎲 Drawing Posterior Samples:  46%|████▌     | 683/1492 [00:51<00:32, 24.70step/s]
[Origin 3/13] 🎲 Drawing Posterior Samples:  46%|████▌     | 686/1492 [00:51<00:31, 25.45step/s]
[Origin 3/13] 🎲 Drawing Posterior Samples:  46%|████▋     | 691/1492 [00:51<00:26, 29.73step/s]
[Origin 3/13] 🎲 Drawing Posterior Samples:  47%|████▋     | 695/1492 [00:51<00:26, 30.46step/s]
[Origin 3/13] 🎲 Drawing Posterior Samples:  47%|████▋     | 699/1492 [00:51<00:24, 32.25step/s]
[Origin 3/13] 🎲 Drawing Posterior Samples:  47%|████▋     | 704/1492 [00:51<00:21, 36.86step/s]
[Origin 3/13] 🎲 Drawing Posterior Samples:  47%|████▋     | 708/1492 [00:51<00:21, 35.69step/s]
[Origin 3/13] 🎲 Drawing Posterior Samples:  48%|████▊     | 712/1492 [00:52<00:43, 17.85step/s]
[Origin 3/13] 🎲 Drawing Posterior Samples:  48%|████▊     | 715/1492 [00:52<01:11, 10.86step/s]
[Origin 3/13] 🎲 Drawing Posterior Samples:  48%|████▊     | 718/1492 [00:53<01:43,  7.45step/s]
[Origin 3/13] 🎲 Drawing Posterior Samples:  48%|████▊     | 720/1492 [00:53<01:47,  7.15step/s]
[Origin 3/13] 🎲 Drawing Posterior Samples:  48%|████▊     | 722/1492 [00:54<01:53,  6.81step/s]
[Origin 3/13] 🎲 Drawing Posterior Samples:  49%|████▊     | 724/1492 [00:54<02:07,  6.04step/s]
[Origin 3/13] 🎲 Drawing Posterior Samples:  49%|████▊     | 725/1492 [00:54<02:14,  5.71step/s]
[Origin 3/13] 🎲 Drawing Posterior Samples:  49%|████▊     | 726/1492 [00:55<02:13,  5.73step/s]
[Origin 3/13] 🎲 Drawing Posterior Samples:  49%|████▊     | 727/1492 [00:55<02:18,  5.54step/s]
[Origin 3/13] 🎲 Drawing Posterior Samples:  49%|████▉     | 728/1492 [00:55<02:18,  5.53step/s]
[Origin 3/13] 🎲 Drawing Posterior Samples:  49%|████▉     | 729/1492 [00:55<02:19,  5.48step/s]
[Origin 3/13] 🎲 Drawing Posterior Samples:  49%|████▉     | 730/1492 [00:55<02:19,  5.48step/s]
[Origin 3/13] 🎲 Drawing Posterior Samples:  49%|████▉     | 731/1492 [00:56<02:21,  5.39step/s]
[Origin 3/13] 🎲 Drawing Posterior Samples:  49%|████▉     | 732/1492 [00:56<02:21,  5.36step/s]
[Origin 3/13] 🎲 Drawing Posterior Samples:  49%|████▉     | 733/1492 [00:56<02:17,  5.52step/s]
[Origin 3/13] 🎲 Drawing Posterior Samples:  49%|████▉     | 734/1492 [00:56<02:16,  5.54step/s]
[Origin 3/13] 🎲 Drawing Posterior Samples:  49%|████▉     | 735/1492 [00:56<02:28,  5.11step/s]
[Origin 3/13] 🎲 Drawing Posterior Samples:  49%|████▉     | 736/1492 [00:57<02:32,  4.96step/s]
[Origin 3/13] 🎲 Drawing Posterior Samples:  49%|████▉     | 737/1492 [00:57<02:30,  5.00step/s]
[Origin 3/13] 🎲 Drawing Posterior Samples:  49%|████▉     | 738/1492 [00:57<02:36,  4.81step/s]
[Origin 3/13] 🎲 Drawing Posterior Samples:  50%|████▉     | 739/1492 [00:57<02:33,  4.89step/s]
[Origin 3/13] 🎲 Drawing Posterior Samples:  50%|████▉     | 740/1492 [00:57<02:37,  4.76step/s]
[Origin 3/13] 🎲 Drawing Posterior Samples:  50%|████▉     | 741/1492 [00:58<02:51,  4.38step/s]
[Origin 3/13] 🎲 Drawing Posterior Samples:  50%|████▉     | 742/1492 [00:58<02:53,  4.33step/s]
[Origin 3/13] 🎲 Drawing Posterior Samples:  50%|████▉     | 743/1492 [00:58<02:56,  4.25step/s]
[Origin 3/13] 🎲 Drawing Posterior Samples:  50%|████▉     | 744/1492 [00:58<02:44,  4.54step/s]
[Origin 3/13] 🎲 Drawing Posterior Samples:  50%|████▉     | 745/1492 [00:59<02:38,  4.71step/s]
[Origin 3/13] 🎲 Drawing Posterior Samples:  50%|█████     | 746/1492 [00:59<02:31,  4.94step/s]
[Origin 3/13] 🎲 Drawing Posterior Samples:  50%|█████     | 747/1492 [01:18<1:12:02,  5.80s/step]
[Origin 3/13] 🎲 Drawing Posterior Samples:  50%|█████     | 750/1492 [01:18<31:43,  2.57s/step]  
[Origin 3/13] 🎲 Drawing Posterior Samples:  51%|█████     | 756/1492 [01:18<12:12,  1.01step/s]
[Origin 3/13] 🎲 Drawing Posterior Samples:  51%|█████     | 762/1492 [01:18<06:32,  1.86step/s]
[Origin 3/13] 🎲 Drawing Posterior Samples:  51%|█████▏    | 767/1492 [01:18<04:15,  2.83step/s]
[Origin 3/13] 🎲 Drawing Posterior Samples:  52%|█████▏    | 773/1492 [01:18<02:42,  4.43step/s]
[Origin 3/13] 🎲 Drawing Posterior Samples:  52%|█████▏    | 778/1492 [01:18<01:55,  6.18step/s]
[Origin 3/13] 🎲 Drawing Posterior Samples:  52%|█████▏    | 783/1492 [01:18<01:25,  8.27step/s]
[Origin 3/13] 🎲 Drawing Posterior Samples:  53%|█████▎    | 788/1492 [01:19<01:09, 10.13step/s]
[Origin 3/13] 🎲 Drawing Posterior Samples:  53%|█████▎    | 792/1492 [01:19<01:00, 11.58step/s]
[Origin 3/13] 🎲 Drawing Posterior Samples:  53%|█████▎    | 796/1492 [01:19<00:51, 13.48step/s]
[Origin 3/13] 🎲 Drawing Posterior Samples:  54%|█████▎    | 799/1492 [01:19<00:48, 14.33step/s]
[Origin 3/13] 🎲 Drawing Posterior Samples:  54%|█████▍    | 802/1492 [01:19<00:43, 15.94step/s]
[Origin 3/13] 🎲 Drawing Posterior Samples:  54%|█████▍    | 805/1492 [01:19<00:40, 16.94step/s]
[Origin 3/13] 🎲 Drawing Posterior Samples:  54%|█████▍    | 808/1492 [01:20<00:36, 18.52step/s]
[Origin 3/13] 🎲 Drawing Posterior Samples:  54%|█████▍    | 811/1492 [01:20<00:35, 19.20step/s]
[Origin 3/13] 🎲 Drawing Posterior Samples:  55%|█████▍    | 814/1492 [01:20<00:32, 20.70step/s]
[Origin 3/13] 🎲 Drawing Posterior Samples:  55%|█████▍    | 817/1492 [01:20<00:30, 21.98step/s]
[Origin 3/13] 🎲 Drawing Posterior Samples:  55%|█████▌    | 821/1492 [01:20<00:27, 24.45step/s]
[Origin 3/13] 🎲 Drawing Posterior Samples:  55%|█████▌    | 824/1492 [01:20<00:27, 24.35step/s]
[Origin 3/13] 🎲 Drawing Posterior Samples:  55%|█████▌    | 828/1492 [01:20<00:24, 27.12step/s]
[Origin 3/13] 🎲 Drawing Posterior Samples:  56%|█████▌    | 832/1492 [01:20<00:21, 30.25step/s]
[Origin 3/13] 🎲 Drawing Posterior Samples:  56%|█████▌    | 836/1492 [01:21<00:20, 31.46step/s]
[Origin 3/13] 🎲 Drawing Posterior Samples:  56%|█████▋    | 840/1492 [01:21<00:22, 28.36step/s]
[Origin 3/13] 🎲 Drawing Posterior Samples:  57%|█████▋    | 843/1492 [01:21<00:25, 25.48step/s]
[Origin 3/13] 🎲 Drawing Posterior Samples:  57%|█████▋    | 846/1492 [01:21<00:27, 23.20step/s]
[Origin 3/13] 🎲 Drawing Posterior Samples:  57%|█████▋    | 849/1492 [01:21<00:28, 22.50step/s]
[Origin 3/13] 🎲 Drawing Posterior Samples:  57%|█████▋    | 852/1492 [01:21<00:26, 24.02step/s]
[Origin 3/13] 🎲 Drawing Posterior Samples:  57%|█████▋    | 855/1492 [01:21<00:25, 24.73step/s]
[Origin 3/13] 🎲 Drawing Posterior Samples:  58%|█████▊    | 859/1492 [01:22<00:22, 27.98step/s]
[Origin 3/13] 🎲 Drawing Posterior Samples:  58%|█████▊    | 862/1492 [01:22<00:23, 26.69step/s]
[Origin 3/13] 🎲 Drawing Posterior Samples:  58%|█████▊    | 867/1492 [01:22<00:21, 28.90step/s]
[Origin 3/13] 🎲 Drawing Posterior Samples:  58%|█████▊    | 870/1492 [01:22<00:22, 27.38step/s]
[Origin 3/13] 🎲 Drawing Posterior Samples:  59%|█████▊    | 874/1492 [01:22<00:20, 30.11step/s]
[Origin 3/13] 🎲 Drawing Posterior Samples:  59%|█████▉    | 878/1492 [01:22<00:22, 26.73step/s]
[Origin 3/13] 🎲 Drawing Posterior Samples:  59%|█████▉    | 881/1492 [01:22<00:22, 27.15step/s]
[Origin 3/13] 🎲 Drawing Posterior Samples:  59%|█████▉    | 887/1492 [01:22<00:17, 33.91step/s]
[Origin 3/13] 🎲 Drawing Posterior Samples:  60%|█████▉    | 891/1492 [01:23<00:17, 34.81step/s]
[Origin 3/13] 🎲 Drawing Posterior Samples:  60%|█████▉    | 895/1492 [01:23<00:19, 31.34step/s]
[Origin 3/13] 🎲 Drawing Posterior Samples:  60%|██████    | 899/1492 [01:23<00:19, 30.43step/s]
[Origin 3/13] 🎲 Drawing Posterior Samples:  61%|██████    | 903/1492 [01:23<00:18, 32.51step/s]
[Origin 3/13] 🎲 Drawing Posterior Samples:  61%|██████    | 907/1492 [01:23<00:17, 34.35step/s]
[Origin 3/13] 🎲 Drawing Posterior Samples:  61%|██████    | 911/1492 [01:23<00:16, 35.08step/s]
[Origin 3/13] 🎲 Drawing Posterior Samples:  61%|██████▏   | 917/1492 [01:23<00:14, 39.65step/s]
[Origin 3/13] 🎲 Drawing Posterior Samples:  62%|██████▏   | 922/1492 [01:23<00:14, 38.38step/s]
[Origin 3/13] 🎲 Drawing Posterior Samples:  62%|██████▏   | 926/1492 [01:24<00:18, 30.09step/s]
[Origin 3/13] 🎲 Drawing Posterior Samples:  62%|██████▏   | 930/1492 [01:24<00:18, 31.08step/s]
[Origin 3/13] 🎲 Drawing Posterior Samples:  63%|██████▎   | 934/1492 [01:24<00:21, 26.31step/s]
[Origin 3/13] 🎲 Drawing Posterior Samples:  63%|██████▎   | 938/1492 [01:24<00:19, 28.68step/s]
[Origin 3/13] 🎲 Drawing Posterior Samples:  63%|██████▎   | 942/1492 [01:24<00:17, 31.10step/s]
[Origin 3/13] 🎲 Drawing Posterior Samples:  63%|██████▎   | 946/1492 [01:24<00:21, 25.41step/s]
[Origin 3/13] 🎲 Drawing Posterior Samples:  64%|██████▎   | 951/1492 [01:24<00:17, 30.34step/s]
[Origin 3/13] 🎲 Drawing Posterior Samples:  64%|██████▍   | 955/1492 [01:25<00:16, 32.14step/s]
[Origin 3/13] 🎲 Drawing Posterior Samples:  64%|██████▍   | 959/1492 [01:25<00:15, 33.75step/s]
[Origin 3/13] 🎲 Drawing Posterior Samples:  65%|██████▍   | 963/1492 [01:25<00:19, 27.54step/s]
[Origin 3/13] 🎲 Drawing Posterior Samples:  65%|██████▍   | 967/1492 [01:25<00:19, 27.10step/s]
[Origin 3/13] 🎲 Drawing Posterior Samples:  65%|██████▌   | 972/1492 [01:25<00:17, 30.13step/s]
[Origin 3/13] 🎲 Drawing Posterior Samples:  65%|██████▌   | 976/1492 [01:25<00:16, 31.66step/s]
[Origin 3/13] 🎲 Drawing Posterior Samples:  66%|██████▌   | 980/1492 [01:25<00:15, 33.56step/s]
[Origin 3/13] 🎲 Drawing Posterior Samples:  66%|██████▌   | 984/1492 [01:25<00:14, 35.18step/s]
[Origin 3/13] 🎲 Drawing Posterior Samples:  66%|██████▌   | 988/1492 [01:26<00:14, 34.26step/s]
[Origin 3/13] 🎲 Drawing Posterior Samples:  67%|██████▋   | 993/1492 [01:26<00:14, 35.04step/s]
[Origin 3/13] 🎲 Drawing Posterior Samples:  67%|██████▋   | 997/1492 [01:26<00:14, 33.89step/s]
[Origin 3/13] 🎲 Drawing Posterior Samples:  67%|██████▋   | 1002/1492 [01:26<00:13, 36.28step/s]
[Origin 3/13] 🎲 Drawing Posterior Samples:  67%|██████▋   | 1007/1492 [01:26<00:12, 38.88step/s]
[Origin 3/13] 🎲 Drawing Posterior Samples:  68%|██████▊   | 1012/1492 [01:26<00:12, 37.84step/s]
[Origin 3/13] 🎲 Drawing Posterior Samples:  68%|██████▊   | 1017/1492 [01:26<00:11, 40.07step/s]
[Origin 3/13] 🎲 Drawing Posterior Samples:  68%|██████▊   | 1022/1492 [01:26<00:12, 39.06step/s]
[Origin 3/13] 🎲 Drawing Posterior Samples:  69%|██████▉   | 1026/1492 [01:27<00:13, 35.56step/s]
[Origin 3/13] 🎲 Drawing Posterior Samples:  69%|██████▉   | 1030/1492 [01:27<00:15, 30.76step/s]
[Origin 3/13] 🎲 Drawing Posterior Samples:  69%|██████▉   | 1034/1492 [01:27<00:16, 27.94step/s]
[Origin 3/13] 🎲 Drawing Posterior Samples:  70%|██████▉   | 1038/1492 [01:27<00:14, 30.40step/s]
[Origin 3/13] 🎲 Drawing Posterior Samples:  70%|██████▉   | 1042/1492 [01:27<00:13, 32.58step/s]
[Origin 3/13] 🎲 Drawing Posterior Samples:  70%|███████   | 1046/1492 [01:27<00:13, 33.60step/s]
[Origin 3/13] 🎲 Drawing Posterior Samples:  70%|███████   | 1051/1492 [01:27<00:11, 37.58step/s]
[Origin 3/13] 🎲 Drawing Posterior Samples:  71%|███████   | 1055/1492 [01:28<00:11, 37.00step/s]
[Origin 3/13] 🎲 Drawing Posterior Samples:  71%|███████   | 1059/1492 [01:28<00:11, 37.22step/s]
[Origin 3/13] 🎲 Drawing Posterior Samples:  71%|███████   | 1063/1492 [01:28<00:11, 36.79step/s]
[Origin 3/13] 🎲 Drawing Posterior Samples:  72%|███████▏  | 1069/1492 [01:28<00:10, 41.14step/s]
[Origin 3/13] 🎲 Drawing Posterior Samples:  72%|███████▏  | 1074/1492 [01:28<00:10, 38.55step/s]
[Origin 3/13] 🎲 Drawing Posterior Samples:  72%|███████▏  | 1078/1492 [01:28<00:10, 38.16step/s]
[Origin 3/13] 🎲 Drawing Posterior Samples:  73%|███████▎  | 1082/1492 [01:28<00:13, 31.37step/s]
[Origin 3/13] 🎲 Drawing Posterior Samples:  73%|███████▎  | 1086/1492 [01:29<00:28, 14.01step/s]
[Origin 3/13] 🎲 Drawing Posterior Samples:  73%|███████▎  | 1089/1492 [01:30<00:38, 10.41step/s]
[Origin 3/13] 🎲 Drawing Posterior Samples:  73%|███████▎  | 1091/1492 [01:30<00:42,  9.42step/s]
[Origin 3/13] 🎲 Drawing Posterior Samples:  73%|███████▎  | 1093/1492 [01:30<00:46,  8.62step/s]
[Origin 3/13] 🎲 Drawing Posterior Samples:  73%|███████▎  | 1095/1492 [01:30<00:51,  7.73step/s]
[Origin 3/13] 🎲 Drawing Posterior Samples:  74%|███████▎  | 1097/1492 [01:31<00:56,  7.00step/s]
[Origin 3/13] 🎲 Drawing Posterior Samples:  74%|███████▎  | 1098/1492 [01:31<00:58,  6.74step/s]
[Origin 3/13] 🎲 Drawing Posterior Samples:  74%|███████▎  | 1099/1492 [01:31<01:00,  6.51step/s]
[Origin 3/13] 🎲 Drawing Posterior Samples:  74%|███████▎  | 1100/1492 [01:31<01:05,  6.02step/s]
[Origin 3/13] 🎲 Drawing Posterior Samples:  74%|███████▍  | 1101/1492 [01:32<01:10,  5.54step/s]
[Origin 3/13] 🎲 Drawing Posterior Samples:  74%|███████▍  | 1102/1492 [01:32<01:17,  5.05step/s]
[Origin 3/13] 🎲 Drawing Posterior Samples:  74%|███████▍  | 1103/1492 [01:32<01:25,  4.53step/s]
[Origin 3/13] 🎲 Drawing Posterior Samples:  74%|███████▍  | 1104/1492 [01:32<01:30,  4.29step/s]
[Origin 3/13] 🎲 Drawing Posterior Samples:  74%|███████▍  | 1105/1492 [01:33<01:38,  3.94step/s]
[Origin 3/13] 🎲 Drawing Posterior Samples:  74%|███████▍  | 1106/1492 [01:33<01:37,  3.95step/s]
[Origin 3/13] 🎲 Drawing Posterior Samples:  74%|███████▍  | 1107/1492 [01:33<01:36,  4.01step/s]
[Origin 3/13] 🎲 Drawing Posterior Samples:  74%|███████▍  | 1108/1492 [01:34<01:34,  4.07step/s]
[Origin 3/13] 🎲 Drawing Posterior Samples:  74%|███████▍  | 1109/1492 [01:34<01:36,  3.99step/s]
[Origin 3/13] 🎲 Drawing Posterior Samples:  74%|███████▍  | 1110/1492 [01:34<01:48,  3.53step/s]
[Origin 3/13] 🎲 Drawing Posterior Samples:  74%|███████▍  | 1111/1492 [01:34<01:53,  3.34step/s]
[Origin 3/13] 🎲 Drawing Posterior Samples:  75%|███████▍  | 1112/1492 [01:35<02:04,  3.05step/s]
[Origin 3/13] 🎲 Drawing Posterior Samples:  75%|███████▍  | 1113/1492 [01:35<02:06,  3.00step/s]
[Origin 3/13] 🎲 Drawing Posterior Samples:  75%|███████▍  | 1114/1492 [01:35<02:00,  3.14step/s]
[Origin 3/13] 🎲 Drawing Posterior Samples:  75%|███████▍  | 1115/1492 [01:36<01:51,  3.37step/s]
[Origin 3/13] 🎲 Drawing Posterior Samples:  75%|███████▍  | 1116/1492 [01:36<01:52,  3.34step/s]
[Origin 3/13] 🎲 Drawing Posterior Samples:  75%|███████▍  | 1117/1492 [01:36<01:57,  3.18step/s]
[Origin 3/13] 🎲 Drawing Posterior Samples:  75%|███████▍  | 1118/1492 [01:37<01:59,  3.12step/s]
[Origin 3/13] 🎲 Drawing Posterior Samples:  75%|███████▌  | 1119/1492 [01:37<01:55,  3.23step/s]
[Origin 3/13] 🎲 Drawing Posterior Samples:  75%|███████▌  | 1120/1492 [02:07<56:33,  9.12s/step]
[Origin 3/13] 🎲 Drawing Posterior Samples:  75%|███████▌  | 1122/1492 [02:07<30:26,  4.94s/step]
[Origin 3/13] 🎲 Drawing Posterior Samples:  75%|███████▌  | 1125/1492 [02:07<15:18,  2.50s/step]
[Origin 3/13] 🎲 Drawing Posterior Samples:  76%|███████▌  | 1127/1492 [02:07<10:26,  1.72s/step]
[Origin 3/13] 🎲 Drawing Posterior Samples:  76%|███████▌  | 1129/1492 [02:07<07:13,  1.19s/step]
[Origin 3/13] 🎲 Drawing Posterior Samples:  76%|███████▌  | 1131/1492 [02:07<05:02,  1.19step/s]
[Origin 3/13] 🎲 Drawing Posterior Samples:  76%|███████▌  | 1134/1492 [02:07<03:07,  1.91step/s]
[Origin 3/13] 🎲 Drawing Posterior Samples:  76%|███████▋  | 1138/1492 [02:08<01:49,  3.24step/s]
[Origin 3/13] 🎲 Drawing Posterior Samples:  77%|███████▋  | 1142/1492 [02:08<01:10,  4.96step/s]
[Origin 3/13] 🎲 Drawing Posterior Samples:  77%|███████▋  | 1146/1492 [02:08<00:48,  7.15step/s]
[Origin 3/13] 🎲 Drawing Posterior Samples:  77%|███████▋  | 1152/1492 [02:08<00:29, 11.37step/s]
[Origin 3/13] 🎲 Drawing Posterior Samples:  77%|███████▋  | 1156/1492 [02:08<00:23, 14.01step/s]
[Origin 3/13] 🎲 Drawing Posterior Samples:  78%|███████▊  | 1161/1492 [02:08<00:18, 17.94step/s]
[Origin 3/13] 🎲 Drawing Posterior Samples:  78%|███████▊  | 1165/1492 [02:08<00:16, 19.89step/s]
[Origin 3/13] 🎲 Drawing Posterior Samples:  78%|███████▊  | 1169/1492 [02:08<00:15, 20.64step/s]
[Origin 3/13] 🎲 Drawing Posterior Samples:  79%|███████▊  | 1173/1492 [02:09<00:14, 22.47step/s]
[Origin 3/13] 🎲 Drawing Posterior Samples:  79%|███████▉  | 1179/1492 [02:09<00:11, 27.87step/s]
[Origin 3/13] 🎲 Drawing Posterior Samples:  79%|███████▉  | 1183/1492 [02:09<00:10, 29.85step/s]
[Origin 3/13] 🎲 Drawing Posterior Samples:  80%|███████▉  | 1189/1492 [02:09<00:08, 35.02step/s]
[Origin 3/13] 🎲 Drawing Posterior Samples:  80%|███████▉  | 1193/1492 [02:09<00:08, 33.42step/s]
[Origin 3/13] 🎲 Drawing Posterior Samples:  80%|████████  | 1197/1492 [02:09<00:09, 31.64step/s]
[Origin 3/13] 🎲 Drawing Posterior Samples:  81%|████████  | 1203/1492 [02:09<00:07, 36.28step/s]
[Origin 3/13] 🎲 Drawing Posterior Samples:  81%|████████  | 1207/1492 [02:09<00:08, 33.55step/s]
[Origin 3/13] 🎲 Drawing Posterior Samples:  81%|████████  | 1212/1492 [02:10<00:07, 35.24step/s]
[Origin 3/13] 🎲 Drawing Posterior Samples:  82%|████████▏ | 1218/1492 [02:10<00:06, 39.52step/s]
[Origin 3/13] 🎲 Drawing Posterior Samples:  82%|████████▏ | 1223/1492 [02:10<00:06, 38.55step/s]
[Origin 3/13] 🎲 Drawing Posterior Samples:  82%|████████▏ | 1228/1492 [02:10<00:07, 37.29step/s]
[Origin 3/13] 🎲 Drawing Posterior Samples:  83%|████████▎ | 1233/1492 [02:10<00:06, 40.16step/s]
[Origin 3/13] 🎲 Drawing Posterior Samples:  83%|████████▎ | 1238/1492 [02:10<00:06, 40.22step/s]
[Origin 3/13] 🎲 Drawing Posterior Samples:  83%|████████▎ | 1243/1492 [02:10<00:06, 36.38step/s]
[Origin 3/13] 🎲 Drawing Posterior Samples:  84%|████████▎ | 1249/1492 [02:10<00:06, 40.18step/s]
[Origin 3/13] 🎲 Drawing Posterior Samples:  84%|████████▍ | 1254/1492 [02:11<00:06, 36.03step/s]
[Origin 3/13] 🎲 Drawing Posterior Samples:  84%|████████▍ | 1259/1492 [02:11<00:06, 37.14step/s]
[Origin 3/13] 🎲 Drawing Posterior Samples:  85%|████████▍ | 1265/1492 [02:11<00:05, 39.89step/s]
[Origin 3/13] 🎲 Drawing Posterior Samples:  85%|████████▌ | 1270/1492 [02:11<00:05, 37.34step/s]
[Origin 3/13] 🎲 Drawing Posterior Samples:  85%|████████▌ | 1275/1492 [02:11<00:05, 38.14step/s]
[Origin 3/13] 🎲 Drawing Posterior Samples:  86%|████████▌ | 1280/1492 [02:11<00:05, 39.07step/s]
[Origin 3/13] 🎲 Drawing Posterior Samples:  86%|████████▌ | 1284/1492 [02:11<00:06, 33.99step/s]
[Origin 3/13] 🎲 Drawing Posterior Samples:  86%|████████▋ | 1289/1492 [02:12<00:05, 36.42step/s]
[Origin 3/13] 🎲 Drawing Posterior Samples:  87%|████████▋ | 1293/1492 [02:12<00:05, 33.37step/s]
[Origin 3/13] 🎲 Drawing Posterior Samples:  87%|████████▋ | 1297/1492 [02:12<00:06, 29.81step/s]
[Origin 3/13] 🎲 Drawing Posterior Samples:  87%|████████▋ | 1301/1492 [02:12<00:06, 31.57step/s]
[Origin 3/13] 🎲 Drawing Posterior Samples:  87%|████████▋ | 1305/1492 [02:12<00:05, 32.93step/s]
[Origin 3/13] 🎲 Drawing Posterior Samples:  88%|████████▊ | 1309/1492 [02:12<00:05, 32.60step/s]
[Origin 3/13] 🎲 Drawing Posterior Samples:  88%|████████▊ | 1313/1492 [02:12<00:06, 28.37step/s]
[Origin 3/13] 🎲 Drawing Posterior Samples:  88%|████████▊ | 1317/1492 [02:13<00:05, 30.71step/s]
[Origin 3/13] 🎲 Drawing Posterior Samples:  89%|████████▊ | 1321/1492 [02:13<00:05, 29.32step/s]
[Origin 3/13] 🎲 Drawing Posterior Samples:  89%|████████▉ | 1325/1492 [02:13<00:06, 27.24step/s]
[Origin 3/13] 🎲 Drawing Posterior Samples:  89%|████████▉ | 1330/1492 [02:13<00:05, 32.34step/s]
[Origin 3/13] 🎲 Drawing Posterior Samples:  89%|████████▉ | 1334/1492 [02:13<00:05, 29.46step/s]
[Origin 3/13] 🎲 Drawing Posterior Samples:  90%|████████▉ | 1338/1492 [02:13<00:05, 28.21step/s]
[Origin 3/13] 🎲 Drawing Posterior Samples:  90%|█████████ | 1343/1492 [02:13<00:04, 31.00step/s]
[Origin 3/13] 🎲 Drawing Posterior Samples:  90%|█████████ | 1347/1492 [02:14<00:04, 31.13step/s]
[Origin 3/13] 🎲 Drawing Posterior Samples:  91%|█████████ | 1351/1492 [02:14<00:04, 29.68step/s]
[Origin 3/13] 🎲 Drawing Posterior Samples:  91%|█████████ | 1355/1492 [02:14<00:04, 30.67step/s]
[Origin 3/13] 🎲 Drawing Posterior Samples:  91%|█████████ | 1359/1492 [02:14<00:04, 29.53step/s]
[Origin 3/13] 🎲 Drawing Posterior Samples:  91%|█████████▏| 1364/1492 [02:14<00:04, 31.31step/s]
[Origin 3/13] 🎲 Drawing Posterior Samples:  92%|█████████▏| 1370/1492 [02:14<00:03, 34.56step/s]
[Origin 3/13] 🎲 Drawing Posterior Samples:  92%|█████████▏| 1374/1492 [02:14<00:03, 33.27step/s]
[Origin 3/13] 🎲 Drawing Posterior Samples:  92%|█████████▏| 1378/1492 [02:15<00:03, 31.81step/s]
[Origin 3/13] 🎲 Drawing Posterior Samples:  93%|█████████▎| 1383/1492 [02:15<00:03, 33.88step/s]
[Origin 3/13] 🎲 Drawing Posterior Samples:  93%|█████████▎| 1387/1492 [02:15<00:03, 31.00step/s]
[Origin 3/13] 🎲 Drawing Posterior Samples:  93%|█████████▎| 1391/1492 [02:15<00:03, 29.66step/s]
[Origin 3/13] 🎲 Drawing Posterior Samples:  93%|█████████▎| 1395/1492 [02:15<00:03, 28.74step/s]
[Origin 3/13] 🎲 Drawing Posterior Samples:  94%|█████████▎| 1398/1492 [02:15<00:03, 26.15step/s]
[Origin 3/13] 🎲 Drawing Posterior Samples:  94%|█████████▍| 1401/1492 [02:15<00:03, 25.91step/s]
[Origin 3/13] 🎲 Drawing Posterior Samples:  94%|█████████▍| 1404/1492 [02:15<00:03, 26.18step/s]
[Origin 3/13] 🎲 Drawing Posterior Samples:  94%|█████████▍| 1407/1492 [02:16<00:03, 26.94step/s]
[Origin 3/13] 🎲 Drawing Posterior Samples:  95%|█████████▍| 1411/1492 [02:16<00:02, 27.52step/s]
[Origin 3/13] 🎲 Drawing Posterior Samples:  95%|█████████▍| 1415/1492 [02:16<00:02, 28.87step/s]
[Origin 3/13] 🎲 Drawing Posterior Samples:  95%|█████████▌| 1418/1492 [02:16<00:02, 26.46step/s]
[Origin 3/13] 🎲 Drawing Posterior Samples:  95%|█████████▌| 1421/1492 [02:16<00:02, 27.18step/s]
[Origin 3/13] 🎲 Drawing Posterior Samples:  95%|█████████▌| 1424/1492 [02:16<00:02, 25.15step/s]
[Origin 3/13] 🎲 Drawing Posterior Samples:  96%|█████████▌| 1428/1492 [02:16<00:02, 26.69step/s]
[Origin 3/13] 🎲 Drawing Posterior Samples:  96%|█████████▌| 1432/1492 [02:17<00:02, 28.21step/s]
[Origin 3/13] 🎲 Drawing Posterior Samples:  96%|█████████▌| 1435/1492 [02:17<00:02, 27.40step/s]
[Origin 3/13] 🎲 Drawing Posterior Samples:  96%|█████████▋| 1438/1492 [02:17<00:02, 25.43step/s]
[Origin 3/13] 🎲 Drawing Posterior Samples:  97%|█████████▋| 1442/1492 [02:17<00:01, 26.97step/s]
[Origin 3/13] 🎲 Drawing Posterior Samples:  97%|█████████▋| 1445/1492 [02:17<00:01, 26.58step/s]
[Origin 3/13] 🎲 Drawing Posterior Samples:  97%|█████████▋| 1449/1492 [02:17<00:01, 27.61step/s]
[Origin 3/13] 🎲 Drawing Posterior Samples:  97%|█████████▋| 1452/1492 [02:17<00:01, 24.85step/s]
[Origin 3/13] 🎲 Drawing Posterior Samples:  98%|█████████▊| 1455/1492 [02:17<00:01, 23.61step/s]
[Origin 3/13] 🎲 Drawing Posterior Samples:  98%|█████████▊| 1458/1492 [02:18<00:02, 15.62step/s]
[Origin 3/13] 🎲 Drawing Posterior Samples:  98%|█████████▊| 1460/1492 [02:18<00:02, 11.23step/s]
[Origin 3/13] 🎲 Drawing Posterior Samples:  98%|█████████▊| 1462/1492 [02:18<00:03,  9.47step/s]
[Origin 3/13] 🎲 Drawing Posterior Samples:  98%|█████████▊| 1464/1492 [02:19<00:03,  8.38step/s]
[Origin 3/13] 🎲 Drawing Posterior Samples:  98%|█████████▊| 1466/1492 [02:19<00:03,  7.91step/s]
[Origin 3/13] 🎲 Drawing Posterior Samples:  98%|█████████▊| 1467/1492 [02:19<00:03,  6.30step/s]
[Origin 3/13] 🎲 Drawing Posterior Samples:  98%|█████████▊| 1468/1492 [02:20<00:04,  5.80step/s]
[Origin 3/13] 🎲 Drawing Posterior Samples:  98%|█████████▊| 1469/1492 [02:20<00:04,  5.70step/s]
[Origin 3/13] 🎲 Drawing Posterior Samples:  99%|█████████▊| 1470/1492 [02:20<00:04,  4.97step/s]
[Origin 3/13] 🎲 Drawing Posterior Samples:  99%|█████████▊| 1471/1492 [02:20<00:04,  4.97step/s]
[Origin 3/13] 🎲 Drawing Posterior Samples:  99%|█████████▊| 1472/1492 [02:20<00:03,  5.40step/s]
[Origin 3/13] 🎲 Drawing Posterior Samples:  99%|█████████▊| 1473/1492 [02:21<00:03,  5.27step/s]
[Origin 3/13] 🎲 Drawing Posterior Samples:  99%|█████████▉| 1474/1492 [02:21<00:03,  4.99step/s]
[Origin 3/13] 🎲 Drawing Posterior Samples:  99%|█████████▉| 1475/1492 [02:21<00:03,  4.91step/s]
[Origin 3/13] 🎲 Drawing Posterior Samples:  99%|█████████▉| 1476/1492 [02:21<00:03,  5.08step/s]
[Origin 3/13] 🎲 Drawing Posterior Samples:  99%|█████████▉| 1477/1492 [02:21<00:02,  5.31step/s]
[Origin 3/13] 🎲 Drawing Posterior Samples:  99%|█████████▉| 1478/1492 [02:22<00:02,  5.47step/s]
[Origin 3/13] 🎲 Drawing Posterior Samples:  99%|█████████▉| 1479/1492 [02:22<00:02,  5.43step/s]
[Origin 3/13] 🎲 Drawing Posterior Samples:  99%|█████████▉| 1480/1492 [02:22<00:02,  5.03step/s]
[Origin 3/13] 🎲 Drawing Posterior Samples:  99%|█████████▉| 1481/1492 [02:22<00:02,  4.81step/s]
[Origin 3/13] 🎲 Drawing Posterior Samples:  99%|█████████▉| 1482/1492 [02:23<00:02,  4.73step/s]
[Origin 3/13] 🎲 Drawing Posterior Samples:  99%|█████████▉| 1483/1492 [02:23<00:01,  4.95step/s]
[Origin 3/13] 🎲 Drawing Posterior Samples:  99%|█████████▉| 1484/1492 [02:23<00:01,  4.47step/s]
[Origin 3/13] 🎲 Drawing Posterior Samples: 100%|█████████▉| 1485/1492 [02:23<00:01,  4.69step/s]
[Origin 3/13] 🎲 Drawing Posterior Samples: 100%|█████████▉| 1486/1492 [02:23<00:01,  4.50step/s]
[Origin 3/13] 🎲 Drawing Posterior Samples: 100%|█████████▉| 1487/1492 [02:24<00:01,  3.61step/s]
[Origin 3/13] 🎲 Drawing Posterior Samples: 100%|█████████▉| 1488/1492 [02:24<00:01,  3.34step/s]
[Origin 3/13] 🎲 Drawing Posterior Samples: 100%|█████████▉| 1489/1492 [02:24<00:00,  3.74step/s]
[Origin 3/13] 🎲 Drawing Posterior Samples: 100%|█████████▉| 1490/1492 [02:25<00:00,  3.97step/s]
[Origin 3/13] 🎲 Drawing Posterior Samples: 100%|█████████▉| 1491/1492 [02:25<00:00,  4.35step/s]
[Origin 3/13] 🎲 Drawing Posterior Samples: 100%|██████████| 1492/1492 [02:25<00:00,  4.51step/s]
                                                                                                 

[Origin 4/13] 🎲 Drawing Posterior Samples:   0%|          | 0/1496 [00:00<?, ?step/s]
[Origin 4/13] 🎲 Drawing Posterior Samples:   1%|          | 9/1496 [00:00<00:17, 83.50step/s]
[Origin 4/13] 🎲 Drawing Posterior Samples:   1%|          | 18/1496 [00:00<00:26, 55.42step/s]
[Origin 4/13] 🎲 Drawing Posterior Samples:   2%|▏         | 25/1496 [00:00<00:33, 44.30step/s]
[Origin 4/13] 🎲 Drawing Posterior Samples:   2%|▏         | 30/1496 [00:00<00:36, 40.67step/s]
[Origin 4/13] 🎲 Drawing Posterior Samples:   2%|▏         | 35/1496 [00:00<00:41, 35.47step/s]
[Origin 4/13] 🎲 Drawing Posterior Samples:   3%|▎         | 39/1496 [00:01<00:46, 31.62step/s]
[Origin 4/13] 🎲 Drawing Posterior Samples:   3%|▎         | 43/1496 [00:01<00:46, 31.44step/s]
[Origin 4/13] 🎲 Drawing Posterior Samples:   3%|▎         | 47/1496 [00:01<00:47, 30.42step/s]
[Origin 4/13] 🎲 Drawing Posterior Samples:   3%|▎         | 51/1496 [00:01<00:48, 29.77step/s]
[Origin 4/13] 🎲 Drawing Posterior Samples:   4%|▎         | 54/1496 [00:01<00:50, 28.63step/s]
[Origin 4/13] 🎲 Drawing Posterior Samples:   4%|▍         | 57/1496 [00:01<00:53, 26.73step/s]
[Origin 4/13] 🎲 Drawing Posterior Samples:   4%|▍         | 61/1496 [00:01<00:49, 29.06step/s]
[Origin 4/13] 🎲 Drawing Posterior Samples:   4%|▍         | 64/1496 [00:01<00:49, 28.74step/s]
[Origin 4/13] 🎲 Drawing Posterior Samples:   4%|▍         | 67/1496 [00:02<00:52, 27.46step/s]
[Origin 4/13] 🎲 Drawing Posterior Samples:   5%|▍         | 71/1496 [00:02<00:47, 30.31step/s]
[Origin 4/13] 🎲 Drawing Posterior Samples:   5%|▌         | 75/1496 [00:02<00:52, 26.91step/s]
[Origin 4/13] 🎲 Drawing Posterior Samples:   5%|▌         | 78/1496 [00:02<00:51, 27.55step/s]
[Origin 4/13] 🎲 Drawing Posterior Samples:   5%|▌         | 82/1496 [00:02<00:48, 29.18step/s]
[Origin 4/13] 🎲 Drawing Posterior Samples:   6%|▌         | 85/1496 [00:02<00:48, 29.32step/s]
[Origin 4/13] 🎲 Drawing Posterior Samples:   6%|▌         | 89/1496 [00:02<00:47, 29.69step/s]
[Origin 4/13] 🎲 Drawing Posterior Samples:   6%|▌         | 93/1496 [00:02<00:45, 31.12step/s]
[Origin 4/13] 🎲 Drawing Posterior Samples:   6%|▋         | 97/1496 [00:03<00:53, 26.07step/s]
[Origin 4/13] 🎲 Drawing Posterior Samples:   7%|▋         | 101/1496 [00:03<00:48, 28.59step/s]
[Origin 4/13] 🎲 Drawing Posterior Samples:   7%|▋         | 105/1496 [00:03<00:46, 29.97step/s]
[Origin 4/13] 🎲 Drawing Posterior Samples:   7%|▋         | 109/1496 [00:03<00:46, 29.72step/s]
[Origin 4/13] 🎲 Drawing Posterior Samples:   8%|▊         | 113/1496 [00:03<00:48, 28.50step/s]
[Origin 4/13] 🎲 Drawing Posterior Samples:   8%|▊         | 116/1496 [00:03<00:52, 26.47step/s]
[Origin 4/13] 🎲 Drawing Posterior Samples:   8%|▊         | 119/1496 [00:03<00:53, 25.82step/s]
[Origin 4/13] 🎲 Drawing Posterior Samples:   8%|▊         | 122/1496 [00:03<00:53, 25.84step/s]
[Origin 4/13] 🎲 Drawing Posterior Samples:   8%|▊         | 125/1496 [00:04<00:59, 22.93step/s]
[Origin 4/13] 🎲 Drawing Posterior Samples:   9%|▊         | 130/1496 [00:04<00:47, 28.61step/s]
[Origin 4/13] 🎲 Drawing Posterior Samples:   9%|▉         | 134/1496 [00:04<00:51, 26.59step/s]
[Origin 4/13] 🎲 Drawing Posterior Samples:   9%|▉         | 138/1496 [00:04<00:49, 27.54step/s]
[Origin 4/13] 🎲 Drawing Posterior Samples:   9%|▉         | 141/1496 [00:04<00:52, 25.85step/s]
[Origin 4/13] 🎲 Drawing Posterior Samples:  10%|▉         | 144/1496 [00:04<00:54, 24.94step/s]
[Origin 4/13] 🎲 Drawing Posterior Samples:  10%|▉         | 148/1496 [00:04<00:52, 25.70step/s]
[Origin 4/13] 🎲 Drawing Posterior Samples:  10%|█         | 151/1496 [00:05<00:51, 25.92step/s]
[Origin 4/13] 🎲 Drawing Posterior Samples:  10%|█         | 155/1496 [00:05<00:50, 26.38step/s]
[Origin 4/13] 🎲 Drawing Posterior Samples:  11%|█         | 158/1496 [00:05<00:49, 27.01step/s]
[Origin 4/13] 🎲 Drawing Posterior Samples:  11%|█         | 161/1496 [00:05<00:49, 26.99step/s]
[Origin 4/13] 🎲 Drawing Posterior Samples:  11%|█         | 164/1496 [00:05<00:50, 26.13step/s]
[Origin 4/13] 🎲 Drawing Posterior Samples:  11%|█         | 167/1496 [00:05<00:49, 26.91step/s]
[Origin 4/13] 🎲 Drawing Posterior Samples:  11%|█▏        | 171/1496 [00:05<00:47, 28.09step/s]
[Origin 4/13] 🎲 Drawing Posterior Samples:  12%|█▏        | 174/1496 [00:05<00:47, 27.95step/s]
[Origin 4/13] 🎲 Drawing Posterior Samples:  12%|█▏        | 177/1496 [00:06<00:48, 27.30step/s]
[Origin 4/13] 🎲 Drawing Posterior Samples:  12%|█▏        | 180/1496 [00:06<00:50, 25.97step/s]
[Origin 4/13] 🎲 Drawing Posterior Samples:  12%|█▏        | 184/1496 [00:06<00:47, 27.67step/s]
[Origin 4/13] 🎲 Drawing Posterior Samples:  13%|█▎        | 188/1496 [00:06<00:47, 27.53step/s]
[Origin 4/13] 🎲 Drawing Posterior Samples:  13%|█▎        | 191/1496 [00:06<00:49, 26.21step/s]
[Origin 4/13] 🎲 Drawing Posterior Samples:  13%|█▎        | 194/1496 [00:06<00:52, 24.94step/s]
[Origin 4/13] 🎲 Drawing Posterior Samples:  13%|█▎        | 197/1496 [00:06<00:51, 25.10step/s]
[Origin 4/13] 🎲 Drawing Posterior Samples:  13%|█▎        | 200/1496 [00:06<00:51, 25.22step/s]
[Origin 4/13] 🎲 Drawing Posterior Samples:  14%|█▎        | 204/1496 [00:07<00:50, 25.75step/s]
[Origin 4/13] 🎲 Drawing Posterior Samples:  14%|█▍        | 208/1496 [00:07<00:44, 29.11step/s]
[Origin 4/13] 🎲 Drawing Posterior Samples:  14%|█▍        | 211/1496 [00:07<00:46, 27.68step/s]
[Origin 4/13] 🎲 Drawing Posterior Samples:  14%|█▍        | 215/1496 [00:07<00:43, 29.32step/s]
[Origin 4/13] 🎲 Drawing Posterior Samples:  15%|█▍        | 219/1496 [00:07<00:41, 30.62step/s]
[Origin 4/13] 🎲 Drawing Posterior Samples:  15%|█▍        | 223/1496 [00:07<00:38, 32.73step/s]
[Origin 4/13] 🎲 Drawing Posterior Samples:  15%|█▌        | 227/1496 [00:07<00:38, 33.37step/s]
[Origin 4/13] 🎲 Drawing Posterior Samples:  15%|█▌        | 231/1496 [00:07<00:39, 32.09step/s]
[Origin 4/13] 🎲 Drawing Posterior Samples:  16%|█▌        | 235/1496 [00:08<00:41, 30.41step/s]
[Origin 4/13] 🎲 Drawing Posterior Samples:  16%|█▌        | 239/1496 [00:08<00:41, 30.42step/s]
[Origin 4/13] 🎲 Drawing Posterior Samples:  16%|█▌        | 243/1496 [00:08<00:41, 30.18step/s]
[Origin 4/13] 🎲 Drawing Posterior Samples:  17%|█▋        | 248/1496 [00:08<00:39, 31.34step/s]
[Origin 4/13] 🎲 Drawing Posterior Samples:  17%|█▋        | 252/1496 [00:08<00:37, 32.82step/s]
[Origin 4/13] 🎲 Drawing Posterior Samples:  17%|█▋        | 256/1496 [00:08<00:36, 34.09step/s]
[Origin 4/13] 🎲 Drawing Posterior Samples:  17%|█▋        | 260/1496 [00:08<00:35, 34.62step/s]
[Origin 4/13] 🎲 Drawing Posterior Samples:  18%|█▊        | 264/1496 [00:08<00:37, 33.28step/s]
[Origin 4/13] 🎲 Drawing Posterior Samples:  18%|█▊        | 268/1496 [00:09<00:36, 33.90step/s]
[Origin 4/13] 🎲 Drawing Posterior Samples:  18%|█▊        | 272/1496 [00:09<00:38, 31.48step/s]
[Origin 4/13] 🎲 Drawing Posterior Samples:  18%|█▊        | 276/1496 [00:09<00:39, 31.25step/s]
[Origin 4/13] 🎲 Drawing Posterior Samples:  19%|█▉        | 281/1496 [00:09<00:34, 35.00step/s]
[Origin 4/13] 🎲 Drawing Posterior Samples:  19%|█▉        | 285/1496 [00:09<00:35, 34.12step/s]
[Origin 4/13] 🎲 Drawing Posterior Samples:  19%|█▉        | 290/1496 [00:09<00:33, 35.94step/s]
[Origin 4/13] 🎲 Drawing Posterior Samples:  20%|█▉        | 294/1496 [00:09<00:35, 33.42step/s]
[Origin 4/13] 🎲 Drawing Posterior Samples:  20%|█▉        | 298/1496 [00:09<00:34, 34.59step/s]
[Origin 4/13] 🎲 Drawing Posterior Samples:  20%|██        | 302/1496 [00:10<00:34, 34.92step/s]
[Origin 4/13] 🎲 Drawing Posterior Samples:  20%|██        | 306/1496 [00:10<00:38, 30.61step/s]
[Origin 4/13] 🎲 Drawing Posterior Samples:  21%|██        | 310/1496 [00:10<00:39, 30.16step/s]
[Origin 4/13] 🎲 Drawing Posterior Samples:  21%|██        | 315/1496 [00:10<00:35, 33.35step/s]
[Origin 4/13] 🎲 Drawing Posterior Samples:  21%|██▏       | 319/1496 [00:10<00:37, 31.52step/s]
[Origin 4/13] 🎲 Drawing Posterior Samples:  22%|██▏       | 323/1496 [00:10<00:34, 33.52step/s]
[Origin 4/13] 🎲 Drawing Posterior Samples:  22%|██▏       | 327/1496 [00:10<00:36, 32.13step/s]
[Origin 4/13] 🎲 Drawing Posterior Samples:  22%|██▏       | 331/1496 [00:10<00:35, 33.19step/s]
[Origin 4/13] 🎲 Drawing Posterior Samples:  22%|██▏       | 335/1496 [00:11<00:34, 33.71step/s]
[Origin 4/13] 🎲 Drawing Posterior Samples:  23%|██▎       | 339/1496 [00:11<00:50, 23.01step/s]
[Origin 4/13] 🎲 Drawing Posterior Samples:  23%|██▎       | 342/1496 [00:12<01:41, 11.41step/s]
[Origin 4/13] 🎲 Drawing Posterior Samples:  23%|██▎       | 345/1496 [00:12<02:24,  7.94step/s]
[Origin 4/13] 🎲 Drawing Posterior Samples:  23%|██▎       | 347/1496 [00:13<02:44,  6.99step/s]
[Origin 4/13] 🎲 Drawing Posterior Samples:  23%|██▎       | 349/1496 [00:13<03:05,  6.17step/s]
[Origin 4/13] 🎲 Drawing Posterior Samples:  23%|██▎       | 351/1496 [00:14<03:07,  6.11step/s]
[Origin 4/13] 🎲 Drawing Posterior Samples:  24%|██▎       | 352/1496 [00:14<03:10,  5.99step/s]
[Origin 4/13] 🎲 Drawing Posterior Samples:  24%|██▎       | 353/1496 [00:14<03:46,  5.04step/s]
[Origin 4/13] 🎲 Drawing Posterior Samples:  24%|██▎       | 354/1496 [00:14<03:40,  5.17step/s]
[Origin 4/13] 🎲 Drawing Posterior Samples:  24%|██▎       | 355/1496 [00:14<03:38,  5.21step/s]
[Origin 4/13] 🎲 Drawing Posterior Samples:  24%|██▍       | 356/1496 [00:15<03:51,  4.93step/s]
[Origin 4/13] 🎲 Drawing Posterior Samples:  24%|██▍       | 357/1496 [00:15<04:04,  4.65step/s]
[Origin 4/13] 🎲 Drawing Posterior Samples:  24%|██▍       | 358/1496 [00:15<03:49,  4.96step/s]
[Origin 4/13] 🎲 Drawing Posterior Samples:  24%|██▍       | 359/1496 [00:15<03:36,  5.26step/s]
[Origin 4/13] 🎲 Drawing Posterior Samples:  24%|██▍       | 360/1496 [00:15<03:35,  5.28step/s]
[Origin 4/13] 🎲 Drawing Posterior Samples:  24%|██▍       | 361/1496 [00:16<03:33,  5.31step/s]
[Origin 4/13] 🎲 Drawing Posterior Samples:  24%|██▍       | 362/1496 [00:16<03:34,  5.28step/s]
[Origin 4/13] 🎲 Drawing Posterior Samples:  24%|██▍       | 363/1496 [00:16<03:33,  5.30step/s]
[Origin 4/13] 🎲 Drawing Posterior Samples:  24%|██▍       | 364/1496 [00:16<03:24,  5.53step/s]
[Origin 4/13] 🎲 Drawing Posterior Samples:  24%|██▍       | 365/1496 [00:16<03:26,  5.49step/s]
[Origin 4/13] 🎲 Drawing Posterior Samples:  24%|██▍       | 366/1496 [00:17<03:30,  5.36step/s]
[Origin 4/13] 🎲 Drawing Posterior Samples:  25%|██▍       | 367/1496 [00:17<03:30,  5.37step/s]
[Origin 4/13] 🎲 Drawing Posterior Samples:  25%|██▍       | 368/1496 [00:17<03:26,  5.47step/s]
[Origin 4/13] 🎲 Drawing Posterior Samples:  25%|██▍       | 369/1496 [00:17<03:31,  5.32step/s]
[Origin 4/13] 🎲 Drawing Posterior Samples:  25%|██▍       | 370/1496 [00:17<03:42,  5.07step/s]
[Origin 4/13] 🎲 Drawing Posterior Samples:  25%|██▍       | 371/1496 [00:17<03:39,  5.12step/s]
[Origin 4/13] 🎲 Drawing Posterior Samples:  25%|██▍       | 372/1496 [00:18<03:45,  4.97step/s]
[Origin 4/13] 🎲 Drawing Posterior Samples:  25%|██▍       | 373/1496 [00:18<03:58,  4.70step/s]
[Origin 4/13] 🎲 Drawing Posterior Samples:  25%|██▌       | 374/1496 [00:18<03:58,  4.70step/s]
[Origin 4/13] 🎲 Drawing Posterior Samples:  25%|██▌       | 375/1496 [00:36<1:41:17,  5.42s/step]
[Origin 4/13] 🎲 Drawing Posterior Samples:  25%|██▌       | 380/1496 [00:36<32:21,  1.74s/step]  
[Origin 4/13] 🎲 Drawing Posterior Samples:  26%|██▌       | 386/1496 [00:36<15:03,  1.23step/s]
[Origin 4/13] 🎲 Drawing Posterior Samples:  26%|██▌       | 391/1496 [00:36<09:19,  1.98step/s]
[Origin 4/13] 🎲 Drawing Posterior Samples:  26%|██▋       | 395/1496 [00:36<06:34,  2.79step/s]
[Origin 4/13] 🎲 Drawing Posterior Samples:  27%|██▋       | 399/1496 [00:36<04:43,  3.87step/s]
[Origin 4/13] 🎲 Drawing Posterior Samples:  27%|██▋       | 403/1496 [00:36<03:25,  5.31step/s]
[Origin 4/13] 🎲 Drawing Posterior Samples:  27%|██▋       | 407/1496 [00:37<02:31,  7.18step/s]
[Origin 4/13] 🎲 Drawing Posterior Samples:  27%|██▋       | 411/1496 [00:37<01:54,  9.47step/s]
[Origin 4/13] 🎲 Drawing Posterior Samples:  28%|██▊       | 416/1496 [00:37<01:21, 13.22step/s]
[Origin 4/13] 🎲 Drawing Posterior Samples:  28%|██▊       | 420/1496 [00:37<01:07, 15.83step/s]
[Origin 4/13] 🎲 Drawing Posterior Samples:  28%|██▊       | 425/1496 [00:37<00:52, 20.59step/s]
[Origin 4/13] 🎲 Drawing Posterior Samples:  29%|██▊       | 430/1496 [00:37<00:46, 22.96step/s]
[Origin 4/13] 🎲 Drawing Posterior Samples:  29%|██▉       | 434/1496 [00:37<00:41, 25.49step/s]
[Origin 4/13] 🎲 Drawing Posterior Samples:  29%|██▉       | 439/1496 [00:37<00:35, 29.41step/s]
[Origin 4/13] 🎲 Drawing Posterior Samples:  30%|██▉       | 443/1496 [00:37<00:33, 31.28step/s]
[Origin 4/13] 🎲 Drawing Posterior Samples:  30%|███       | 449/1496 [00:38<00:29, 36.08step/s]
[Origin 4/13] 🎲 Drawing Posterior Samples:  30%|███       | 454/1496 [00:38<00:28, 36.02step/s]
[Origin 4/13] 🎲 Drawing Posterior Samples:  31%|███       | 458/1496 [00:38<00:28, 35.99step/s]
[Origin 4/13] 🎲 Drawing Posterior Samples:  31%|███       | 462/1496 [00:38<00:29, 34.75step/s]
[Origin 4/13] 🎲 Drawing Posterior Samples:  31%|███       | 466/1496 [00:38<00:30, 33.61step/s]
[Origin 4/13] 🎲 Drawing Posterior Samples:  31%|███▏      | 471/1496 [00:38<00:27, 37.43step/s]
[Origin 4/13] 🎲 Drawing Posterior Samples:  32%|███▏      | 475/1496 [00:38<00:35, 29.06step/s]
[Origin 4/13] 🎲 Drawing Posterior Samples:  32%|███▏      | 479/1496 [00:39<00:35, 29.01step/s]
[Origin 4/13] 🎲 Drawing Posterior Samples:  32%|███▏      | 484/1496 [00:39<00:31, 31.94step/s]
[Origin 4/13] 🎲 Drawing Posterior Samples:  33%|███▎      | 490/1496 [00:39<00:27, 37.16step/s]
[Origin 4/13] 🎲 Drawing Posterior Samples:  33%|███▎      | 494/1496 [00:39<00:28, 35.58step/s]
[Origin 4/13] 🎲 Drawing Posterior Samples:  33%|███▎      | 500/1496 [00:39<00:25, 39.51step/s]
[Origin 4/13] 🎲 Drawing Posterior Samples:  34%|███▍      | 505/1496 [00:39<00:25, 38.90step/s]
[Origin 4/13] 🎲 Drawing Posterior Samples:  34%|███▍      | 509/1496 [00:39<00:25, 38.71step/s]
[Origin 4/13] 🎲 Drawing Posterior Samples:  34%|███▍      | 513/1496 [00:39<00:25, 38.34step/s]
[Origin 4/13] 🎲 Drawing Posterior Samples:  35%|███▍      | 517/1496 [00:40<00:27, 35.98step/s]
[Origin 4/13] 🎲 Drawing Posterior Samples:  35%|███▍      | 523/1496 [00:40<00:23, 40.60step/s]
[Origin 4/13] 🎲 Drawing Posterior Samples:  35%|███▌      | 528/1496 [00:40<00:25, 38.55step/s]
[Origin 4/13] 🎲 Drawing Posterior Samples:  36%|███▌      | 533/1496 [00:40<00:24, 38.93step/s]
[Origin 4/13] 🎲 Drawing Posterior Samples:  36%|███▌      | 539/1496 [00:40<00:22, 42.67step/s]
[Origin 4/13] 🎲 Drawing Posterior Samples:  36%|███▋      | 544/1496 [00:40<00:23, 39.91step/s]
[Origin 4/13] 🎲 Drawing Posterior Samples:  37%|███▋      | 549/1496 [00:40<00:23, 40.53step/s]
[Origin 4/13] 🎲 Drawing Posterior Samples:  37%|███▋      | 554/1496 [00:40<00:22, 41.70step/s]
[Origin 4/13] 🎲 Drawing Posterior Samples:  37%|███▋      | 559/1496 [00:41<00:24, 38.71step/s]
[Origin 4/13] 🎲 Drawing Posterior Samples:  38%|███▊      | 564/1496 [00:41<00:22, 41.43step/s]
[Origin 4/13] 🎲 Drawing Posterior Samples:  38%|███▊      | 569/1496 [00:41<00:22, 40.41step/s]
[Origin 4/13] 🎲 Drawing Posterior Samples:  38%|███▊      | 574/1496 [00:41<00:22, 41.18step/s]
[Origin 4/13] 🎲 Drawing Posterior Samples:  39%|███▊      | 579/1496 [00:41<00:22, 40.26step/s]
[Origin 4/13] 🎲 Drawing Posterior Samples:  39%|███▉      | 584/1496 [00:41<00:22, 39.99step/s]
[Origin 4/13] 🎲 Drawing Posterior Samples:  39%|███▉      | 590/1496 [00:41<00:21, 42.92step/s]
[Origin 4/13] 🎲 Drawing Posterior Samples:  40%|███▉      | 595/1496 [00:41<00:22, 40.51step/s]
[Origin 4/13] 🎲 Drawing Posterior Samples:  40%|████      | 600/1496 [00:42<00:22, 39.95step/s]
[Origin 4/13] 🎲 Drawing Posterior Samples:  40%|████      | 605/1496 [00:42<00:20, 42.43step/s]
[Origin 4/13] 🎲 Drawing Posterior Samples:  41%|████      | 610/1496 [00:42<00:22, 39.32step/s]
[Origin 4/13] 🎲 Drawing Posterior Samples:  41%|████      | 615/1496 [00:42<00:22, 38.80step/s]
[Origin 4/13] 🎲 Drawing Posterior Samples:  41%|████▏     | 620/1496 [00:42<00:21, 41.54step/s]
[Origin 4/13] 🎲 Drawing Posterior Samples:  42%|████▏     | 625/1496 [00:42<00:22, 38.84step/s]
[Origin 4/13] 🎲 Drawing Posterior Samples:  42%|████▏     | 631/1496 [00:42<00:20, 41.30step/s]
[Origin 4/13] 🎲 Drawing Posterior Samples:  43%|████▎     | 636/1496 [00:42<00:20, 41.83step/s]
[Origin 4/13] 🎲 Drawing Posterior Samples:  43%|████▎     | 641/1496 [00:43<00:20, 40.99step/s]
[Origin 4/13] 🎲 Drawing Posterior Samples:  43%|████▎     | 646/1496 [00:43<00:20, 41.75step/s]
[Origin 4/13] 🎲 Drawing Posterior Samples:  44%|████▎     | 651/1496 [00:43<00:20, 40.76step/s]
[Origin 4/13] 🎲 Drawing Posterior Samples:  44%|████▍     | 656/1496 [00:43<00:19, 42.40step/s]
[Origin 4/13] 🎲 Drawing Posterior Samples:  44%|████▍     | 661/1496 [00:43<00:20, 39.90step/s]
[Origin 4/13] 🎲 Drawing Posterior Samples:  45%|████▍     | 666/1496 [00:43<00:21, 39.46step/s]
[Origin 4/13] 🎲 Drawing Posterior Samples:  45%|████▍     | 671/1496 [00:43<00:19, 41.97step/s]
[Origin 4/13] 🎲 Drawing Posterior Samples:  45%|████▌     | 676/1496 [00:43<00:21, 39.00step/s]
[Origin 4/13] 🎲 Drawing Posterior Samples:  46%|████▌     | 681/1496 [00:44<00:20, 39.88step/s]
[Origin 4/13] 🎲 Drawing Posterior Samples:  46%|████▌     | 686/1496 [00:44<00:19, 41.72step/s]
[Origin 4/13] 🎲 Drawing Posterior Samples:  46%|████▌     | 691/1496 [00:44<00:20, 39.28step/s]
[Origin 4/13] 🎲 Drawing Posterior Samples:  47%|████▋     | 697/1496 [00:44<00:18, 42.82step/s]
[Origin 4/13] 🎲 Drawing Posterior Samples:  47%|████▋     | 702/1496 [00:44<00:19, 41.74step/s]
[Origin 4/13] 🎲 Drawing Posterior Samples:  47%|████▋     | 707/1496 [00:44<00:19, 41.03step/s]
[Origin 4/13] 🎲 Drawing Posterior Samples:  48%|████▊     | 712/1496 [00:44<00:19, 40.56step/s]
[Origin 4/13] 🎲 Drawing Posterior Samples:  48%|████▊     | 717/1496 [00:45<00:48, 16.13step/s]
[Origin 4/13] 🎲 Drawing Posterior Samples:  48%|████▊     | 721/1496 [00:46<01:05, 11.86step/s]
[Origin 4/13] 🎲 Drawing Posterior Samples:  48%|████▊     | 724/1496 [00:46<01:12, 10.61step/s]
[Origin 4/13] 🎲 Drawing Posterior Samples:  49%|████▊     | 726/1496 [00:46<01:27,  8.81step/s]
[Origin 4/13] 🎲 Drawing Posterior Samples:  49%|████▊     | 728/1496 [00:47<01:33,  8.25step/s]
[Origin 4/13] 🎲 Drawing Posterior Samples:  49%|████▉     | 730/1496 [00:47<01:36,  7.94step/s]
[Origin 4/13] 🎲 Drawing Posterior Samples:  49%|████▉     | 732/1496 [00:47<01:43,  7.38step/s]
[Origin 4/13] 🎲 Drawing Posterior Samples:  49%|████▉     | 733/1496 [00:48<01:46,  7.14step/s]
[Origin 4/13] 🎲 Drawing Posterior Samples:  49%|████▉     | 734/1496 [00:48<01:47,  7.06step/s]
[Origin 4/13] 🎲 Drawing Posterior Samples:  49%|████▉     | 735/1496 [00:48<01:57,  6.45step/s]
[Origin 4/13] 🎲 Drawing Posterior Samples:  49%|████▉     | 736/1496 [00:48<02:05,  6.07step/s]
[Origin 4/13] 🎲 Drawing Posterior Samples:  49%|████▉     | 737/1496 [00:48<02:06,  5.98step/s]
[Origin 4/13] 🎲 Drawing Posterior Samples:  49%|████▉     | 738/1496 [00:48<02:10,  5.83step/s]
[Origin 4/13] 🎲 Drawing Posterior Samples:  49%|████▉     | 739/1496 [00:49<02:23,  5.27step/s]
[Origin 4/13] 🎲 Drawing Posterior Samples:  49%|████▉     | 740/1496 [00:49<02:16,  5.53step/s]
[Origin 4/13] 🎲 Drawing Posterior Samples:  50%|████▉     | 741/1496 [00:49<02:12,  5.69step/s]
[Origin 4/13] 🎲 Drawing Posterior Samples:  50%|████▉     | 742/1496 [00:49<02:10,  5.78step/s]
[Origin 4/13] 🎲 Drawing Posterior Samples:  50%|████▉     | 743/1496 [00:49<02:17,  5.47step/s]
[Origin 4/13] 🎲 Drawing Posterior Samples:  50%|████▉     | 744/1496 [00:50<02:23,  5.24step/s]
[Origin 4/13] 🎲 Drawing Posterior Samples:  50%|████▉     | 745/1496 [00:50<02:18,  5.40step/s]
[Origin 4/13] 🎲 Drawing Posterior Samples:  50%|████▉     | 746/1496 [00:50<02:19,  5.37step/s]
[Origin 4/13] 🎲 Drawing Posterior Samples:  50%|████▉     | 747/1496 [00:50<02:24,  5.17step/s]
[Origin 4/13] 🎲 Drawing Posterior Samples:  50%|█████     | 748/1496 [00:50<02:25,  5.15step/s]
[Origin 4/13] 🎲 Drawing Posterior Samples:  50%|█████     | 749/1496 [01:08<1:05:32,  5.26s/step]
[Origin 4/13] 🎲 Drawing Posterior Samples:  51%|█████     | 757/1496 [01:08<14:48,  1.20s/step]  
[Origin 4/13] 🎲 Drawing Posterior Samples:  51%|█████     | 760/1496 [01:08<10:32,  1.16step/s]
[Origin 4/13] 🎲 Drawing Posterior Samples:  51%|█████     | 763/1496 [01:08<07:32,  1.62step/s]
[Origin 4/13] 🎲 Drawing Posterior Samples:  51%|█████▏    | 767/1496 [01:08<04:55,  2.46step/s]
[Origin 4/13] 🎲 Drawing Posterior Samples:  52%|█████▏    | 771/1496 [01:08<03:20,  3.61step/s]
[Origin 4/13] 🎲 Drawing Posterior Samples:  52%|█████▏    | 775/1496 [01:08<02:21,  5.08step/s]
[Origin 4/13] 🎲 Drawing Posterior Samples:  52%|█████▏    | 779/1496 [01:08<01:42,  7.01step/s]
[Origin 4/13] 🎲 Drawing Posterior Samples:  52%|█████▏    | 783/1496 [01:09<01:21,  8.73step/s]
[Origin 4/13] 🎲 Drawing Posterior Samples:  53%|█████▎    | 786/1496 [01:09<01:08, 10.31step/s]
[Origin 4/13] 🎲 Drawing Posterior Samples:  53%|█████▎    | 790/1496 [01:09<00:52, 13.54step/s]
[Origin 4/13] 🎲 Drawing Posterior Samples:  53%|█████▎    | 794/1496 [01:09<00:42, 16.68step/s]
[Origin 4/13] 🎲 Drawing Posterior Samples:  53%|█████▎    | 799/1496 [01:09<00:33, 21.07step/s]
[Origin 4/13] 🎲 Drawing Posterior Samples:  54%|█████▍    | 805/1496 [01:09<00:25, 27.25step/s]
[Origin 4/13] 🎲 Drawing Posterior Samples:  54%|█████▍    | 809/1496 [01:09<00:23, 28.69step/s]
[Origin 4/13] 🎲 Drawing Posterior Samples:  54%|█████▍    | 813/1496 [01:09<00:23, 29.09step/s]
[Origin 4/13] 🎲 Drawing Posterior Samples:  55%|█████▍    | 817/1496 [01:09<00:21, 31.37step/s]
[Origin 4/13] 🎲 Drawing Posterior Samples:  55%|█████▌    | 823/1496 [01:10<00:18, 36.67step/s]
[Origin 4/13] 🎲 Drawing Posterior Samples:  55%|█████▌    | 828/1496 [01:10<00:18, 35.85step/s]
[Origin 4/13] 🎲 Drawing Posterior Samples:  56%|█████▌    | 832/1496 [01:10<00:18, 36.21step/s]
[Origin 4/13] 🎲 Drawing Posterior Samples:  56%|█████▌    | 836/1496 [01:10<00:22, 28.87step/s]
[Origin 4/13] 🎲 Drawing Posterior Samples:  56%|█████▌    | 840/1496 [01:10<00:25, 25.47step/s]
[Origin 4/13] 🎲 Drawing Posterior Samples:  56%|█████▋    | 843/1496 [01:10<00:25, 25.65step/s]
[Origin 4/13] 🎲 Drawing Posterior Samples:  57%|█████▋    | 847/1496 [01:10<00:22, 28.76step/s]
[Origin 4/13] 🎲 Drawing Posterior Samples:  57%|█████▋    | 851/1496 [01:11<00:20, 31.37step/s]
[Origin 4/13] 🎲 Drawing Posterior Samples:  57%|█████▋    | 855/1496 [01:11<00:19, 32.69step/s]
[Origin 4/13] 🎲 Drawing Posterior Samples:  58%|█████▊    | 861/1496 [01:11<00:17, 36.34step/s]
[Origin 4/13] 🎲 Drawing Posterior Samples:  58%|█████▊    | 865/1496 [01:11<00:20, 30.76step/s]
[Origin 4/13] 🎲 Drawing Posterior Samples:  58%|█████▊    | 869/1496 [01:11<00:23, 26.48step/s]
[Origin 4/13] 🎲 Drawing Posterior Samples:  58%|█████▊    | 873/1496 [01:11<00:21, 28.55step/s]
[Origin 4/13] 🎲 Drawing Posterior Samples:  59%|█████▊    | 878/1496 [01:11<00:19, 30.98step/s]
[Origin 4/13] 🎲 Drawing Posterior Samples:  59%|█████▉    | 884/1496 [01:12<00:16, 36.26step/s]
[Origin 4/13] 🎲 Drawing Posterior Samples:  59%|█████▉    | 888/1496 [01:12<00:16, 36.23step/s]
[Origin 4/13] 🎲 Drawing Posterior Samples:  60%|█████▉    | 892/1496 [01:12<00:17, 34.24step/s]
[Origin 4/13] 🎲 Drawing Posterior Samples:  60%|█████▉    | 896/1496 [01:12<00:17, 34.89step/s]
[Origin 4/13] 🎲 Drawing Posterior Samples:  60%|██████    | 900/1496 [01:12<00:16, 35.12step/s]
[Origin 4/13] 🎲 Drawing Posterior Samples:  60%|██████    | 904/1496 [01:12<00:17, 33.59step/s]
[Origin 4/13] 🎲 Drawing Posterior Samples:  61%|██████    | 909/1496 [01:12<00:16, 35.37step/s]
[Origin 4/13] 🎲 Drawing Posterior Samples:  61%|██████    | 915/1496 [01:12<00:14, 39.76step/s]
[Origin 4/13] 🎲 Drawing Posterior Samples:  61%|██████▏   | 920/1496 [01:13<00:15, 37.91step/s]
[Origin 4/13] 🎲 Drawing Posterior Samples:  62%|██████▏   | 924/1496 [01:13<00:14, 38.23step/s]
[Origin 4/13] 🎲 Drawing Posterior Samples:  62%|██████▏   | 928/1496 [01:13<00:17, 33.16step/s]
[Origin 4/13] 🎲 Drawing Posterior Samples:  62%|██████▏   | 932/1496 [01:13<00:17, 32.15step/s]
[Origin 4/13] 🎲 Drawing Posterior Samples:  63%|██████▎   | 937/1496 [01:13<00:15, 35.55step/s]
[Origin 4/13] 🎲 Drawing Posterior Samples:  63%|██████▎   | 941/1496 [01:13<00:15, 35.61step/s]
[Origin 4/13] 🎲 Drawing Posterior Samples:  63%|██████▎   | 945/1496 [01:13<00:15, 35.36step/s]
[Origin 4/13] 🎲 Drawing Posterior Samples:  64%|██████▎   | 951/1496 [01:13<00:13, 39.90step/s]
[Origin 4/13] 🎲 Drawing Posterior Samples:  64%|██████▍   | 956/1496 [01:14<00:15, 34.86step/s]
[Origin 4/13] 🎲 Drawing Posterior Samples:  64%|██████▍   | 961/1496 [01:14<00:14, 36.20step/s]
[Origin 4/13] 🎲 Drawing Posterior Samples:  65%|██████▍   | 967/1496 [01:14<00:14, 37.67step/s]
[Origin 4/13] 🎲 Drawing Posterior Samples:  65%|██████▍   | 971/1496 [01:14<00:16, 32.69step/s]
[Origin 4/13] 🎲 Drawing Posterior Samples:  65%|██████▌   | 975/1496 [01:14<00:19, 26.99step/s]
[Origin 4/13] 🎲 Drawing Posterior Samples:  65%|██████▌   | 978/1496 [01:14<00:20, 24.77step/s]
[Origin 4/13] 🎲 Drawing Posterior Samples:  66%|██████▌   | 981/1496 [01:15<00:22, 23.33step/s]
[Origin 4/13] 🎲 Drawing Posterior Samples:  66%|██████▌   | 985/1496 [01:15<00:19, 26.22step/s]
[Origin 4/13] 🎲 Drawing Posterior Samples:  66%|██████▌   | 988/1496 [01:15<00:20, 24.29step/s]
[Origin 4/13] 🎲 Drawing Posterior Samples:  66%|██████▌   | 991/1496 [01:15<00:21, 23.59step/s]
[Origin 4/13] 🎲 Drawing Posterior Samples:  66%|██████▋   | 994/1496 [01:15<00:20, 24.55step/s]
[Origin 4/13] 🎲 Drawing Posterior Samples:  67%|██████▋   | 998/1496 [01:15<00:17, 28.12step/s]
[Origin 4/13] 🎲 Drawing Posterior Samples:  67%|██████▋   | 1002/1496 [01:15<00:15, 31.12step/s]
[Origin 4/13] 🎲 Drawing Posterior Samples:  67%|██████▋   | 1006/1496 [01:15<00:14, 33.22step/s]
[Origin 4/13] 🎲 Drawing Posterior Samples:  68%|██████▊   | 1011/1496 [01:16<00:13, 36.54step/s]
[Origin 4/13] 🎲 Drawing Posterior Samples:  68%|██████▊   | 1015/1496 [01:16<00:13, 35.52step/s]
[Origin 4/13] 🎲 Drawing Posterior Samples:  68%|██████▊   | 1020/1496 [01:16<00:12, 38.74step/s]
[Origin 4/13] 🎲 Drawing Posterior Samples:  68%|██████▊   | 1024/1496 [01:16<00:14, 31.82step/s]
[Origin 4/13] 🎲 Drawing Posterior Samples:  69%|██████▊   | 1028/1496 [01:16<00:17, 26.34step/s]
[Origin 4/13] 🎲 Drawing Posterior Samples:  69%|██████▉   | 1031/1496 [01:16<00:18, 24.94step/s]
[Origin 4/13] 🎲 Drawing Posterior Samples:  69%|██████▉   | 1035/1496 [01:16<00:16, 27.32step/s]
[Origin 4/13] 🎲 Drawing Posterior Samples:  69%|██████▉   | 1038/1496 [01:17<00:16, 27.66step/s]
[Origin 4/13] 🎲 Drawing Posterior Samples:  70%|██████▉   | 1044/1496 [01:17<00:13, 33.07step/s]
[Origin 4/13] 🎲 Drawing Posterior Samples:  70%|███████   | 1049/1496 [01:17<00:12, 36.36step/s]
[Origin 4/13] 🎲 Drawing Posterior Samples:  70%|███████   | 1054/1496 [01:17<00:12, 35.81step/s]
[Origin 4/13] 🎲 Drawing Posterior Samples:  71%|███████   | 1058/1496 [01:17<00:12, 36.16step/s]
[Origin 4/13] 🎲 Drawing Posterior Samples:  71%|███████   | 1062/1496 [01:17<00:11, 36.85step/s]
[Origin 4/13] 🎲 Drawing Posterior Samples:  71%|███████▏  | 1068/1496 [01:17<00:10, 41.16step/s]
[Origin 4/13] 🎲 Drawing Posterior Samples:  72%|███████▏  | 1073/1496 [01:17<00:10, 39.20step/s]
[Origin 4/13] 🎲 Drawing Posterior Samples:  72%|███████▏  | 1078/1496 [01:17<00:10, 40.28step/s]
[Origin 4/13] 🎲 Drawing Posterior Samples:  72%|███████▏  | 1083/1496 [01:18<00:09, 42.12step/s]
[Origin 4/13] 🎲 Drawing Posterior Samples:  73%|███████▎  | 1088/1496 [01:18<00:17, 23.37step/s]
[Origin 4/13] 🎲 Drawing Posterior Samples:  73%|███████▎  | 1092/1496 [01:19<00:29, 13.84step/s]
[Origin 4/13] 🎲 Drawing Posterior Samples:  73%|███████▎  | 1095/1496 [01:19<00:36, 10.96step/s]
[Origin 4/13] 🎲 Drawing Posterior Samples:  73%|███████▎  | 1097/1496 [01:20<00:43,  9.19step/s]
[Origin 4/13] 🎲 Drawing Posterior Samples:  73%|███████▎  | 1099/1496 [01:20<00:47,  8.37step/s]
[Origin 4/13] 🎲 Drawing Posterior Samples:  74%|███████▎  | 1101/1496 [01:20<00:48,  8.21step/s]
[Origin 4/13] 🎲 Drawing Posterior Samples:  74%|███████▎  | 1103/1496 [01:20<00:48,  8.16step/s]
[Origin 4/13] 🎲 Drawing Posterior Samples:  74%|███████▍  | 1105/1496 [01:21<00:50,  7.80step/s]
[Origin 4/13] 🎲 Drawing Posterior Samples:  74%|███████▍  | 1106/1496 [01:21<00:52,  7.47step/s]
[Origin 4/13] 🎲 Drawing Posterior Samples:  74%|███████▍  | 1107/1496 [01:21<00:57,  6.81step/s]
[Origin 4/13] 🎲 Drawing Posterior Samples:  74%|███████▍  | 1108/1496 [01:21<01:03,  6.14step/s]
[Origin 4/13] 🎲 Drawing Posterior Samples:  74%|███████▍  | 1109/1496 [01:21<01:05,  5.86step/s]
[Origin 4/13] 🎲 Drawing Posterior Samples:  74%|███████▍  | 1110/1496 [01:22<01:07,  5.70step/s]
[Origin 4/13] 🎲 Drawing Posterior Samples:  74%|███████▍  | 1111/1496 [01:22<01:09,  5.57step/s]
[Origin 4/13] 🎲 Drawing Posterior Samples:  74%|███████▍  | 1112/1496 [01:22<01:10,  5.43step/s]
[Origin 4/13] 🎲 Drawing Posterior Samples:  74%|███████▍  | 1113/1496 [01:22<01:10,  5.40step/s]
[Origin 4/13] 🎲 Drawing Posterior Samples:  74%|███████▍  | 1114/1496 [01:23<01:24,  4.50step/s]
[Origin 4/13] 🎲 Drawing Posterior Samples:  75%|███████▍  | 1115/1496 [01:23<01:24,  4.51step/s]
[Origin 4/13] 🎲 Drawing Posterior Samples:  75%|███████▍  | 1116/1496 [01:23<01:27,  4.32step/s]
[Origin 4/13] 🎲 Drawing Posterior Samples:  75%|███████▍  | 1117/1496 [01:23<01:20,  4.70step/s]
[Origin 4/13] 🎲 Drawing Posterior Samples:  75%|███████▍  | 1118/1496 [01:23<01:15,  4.98step/s]
[Origin 4/13] 🎲 Drawing Posterior Samples:  75%|███████▍  | 1119/1496 [01:24<01:16,  4.93step/s]
[Origin 4/13] 🎲 Drawing Posterior Samples:  75%|███████▍  | 1120/1496 [01:24<01:16,  4.95step/s]
[Origin 4/13] 🎲 Drawing Posterior Samples:  75%|███████▍  | 1121/1496 [01:24<01:09,  5.38step/s]
[Origin 4/13] 🎲 Drawing Posterior Samples:  75%|███████▌  | 1122/1496 [01:24<01:21,  4.61step/s]
[Origin 4/13] 🎲 Drawing Posterior Samples:  75%|███████▌  | 1123/1496 [01:50<49:39,  7.99s/step]
[Origin 4/13] 🎲 Drawing Posterior Samples:  75%|███████▌  | 1128/1496 [01:50<15:42,  2.56s/step]
[Origin 4/13] 🎲 Drawing Posterior Samples:  76%|███████▌  | 1131/1496 [01:51<09:54,  1.63s/step]
[Origin 4/13] 🎲 Drawing Posterior Samples:  76%|███████▌  | 1134/1496 [01:51<06:31,  1.08s/step]
[Origin 4/13] 🎲 Drawing Posterior Samples:  76%|███████▌  | 1137/1496 [01:51<04:24,  1.36step/s]
[Origin 4/13] 🎲 Drawing Posterior Samples:  76%|███████▌  | 1140/1496 [01:51<03:03,  1.94step/s]
[Origin 4/13] 🎲 Drawing Posterior Samples:  76%|███████▋  | 1143/1496 [01:51<02:08,  2.74step/s]
[Origin 4/13] 🎲 Drawing Posterior Samples:  77%|███████▋  | 1146/1496 [01:51<01:33,  3.76step/s]
[Origin 4/13] 🎲 Drawing Posterior Samples:  77%|███████▋  | 1150/1496 [01:51<01:01,  5.66step/s]
[Origin 4/13] 🎲 Drawing Posterior Samples:  77%|███████▋  | 1156/1496 [01:51<00:36,  9.33step/s]
[Origin 4/13] 🎲 Drawing Posterior Samples:  78%|███████▊  | 1160/1496 [01:52<00:29, 11.36step/s]
[Origin 4/13] 🎲 Drawing Posterior Samples:  78%|███████▊  | 1164/1496 [01:52<00:25, 12.90step/s]
[Origin 4/13] 🎲 Drawing Posterior Samples:  78%|███████▊  | 1167/1496 [01:52<00:23, 13.78step/s]
[Origin 4/13] 🎲 Drawing Posterior Samples:  78%|███████▊  | 1170/1496 [01:52<00:21, 14.91step/s]
[Origin 4/13] 🎲 Drawing Posterior Samples:  78%|███████▊  | 1173/1496 [01:52<00:20, 15.68step/s]
[Origin 4/13] 🎲 Drawing Posterior Samples:  79%|███████▊  | 1176/1496 [01:52<00:19, 16.75step/s]
[Origin 4/13] 🎲 Drawing Posterior Samples:  79%|███████▉  | 1179/1496 [01:53<00:18, 17.57step/s]
[Origin 4/13] 🎲 Drawing Posterior Samples:  79%|███████▉  | 1182/1496 [01:53<00:16, 18.61step/s]
[Origin 4/13] 🎲 Drawing Posterior Samples:  79%|███████▉  | 1185/1496 [01:53<00:15, 20.31step/s]
[Origin 4/13] 🎲 Drawing Posterior Samples:  79%|███████▉  | 1189/1496 [01:53<00:12, 24.56step/s]
[Origin 4/13] 🎲 Drawing Posterior Samples:  80%|███████▉  | 1195/1496 [01:53<00:09, 31.56step/s]
[Origin 4/13] 🎲 Drawing Posterior Samples:  80%|████████  | 1199/1496 [01:53<00:09, 30.28step/s]
[Origin 4/13] 🎲 Drawing Posterior Samples:  80%|████████  | 1204/1496 [01:53<00:08, 33.52step/s]
[Origin 4/13] 🎲 Drawing Posterior Samples:  81%|████████  | 1208/1496 [01:53<00:09, 30.37step/s]
[Origin 4/13] 🎲 Drawing Posterior Samples:  81%|████████  | 1212/1496 [01:54<00:10, 27.40step/s]
[Origin 4/13] 🎲 Drawing Posterior Samples:  81%|████████  | 1215/1496 [01:54<00:11, 25.08step/s]
[Origin 4/13] 🎲 Drawing Posterior Samples:  81%|████████▏ | 1219/1496 [01:54<00:10, 26.84step/s]
[Origin 4/13] 🎲 Drawing Posterior Samples:  82%|████████▏ | 1222/1496 [01:54<00:10, 26.48step/s]
[Origin 4/13] 🎲 Drawing Posterior Samples:  82%|████████▏ | 1226/1496 [01:54<00:09, 27.01step/s]
[Origin 4/13] 🎲 Drawing Posterior Samples:  82%|████████▏ | 1229/1496 [01:54<00:10, 26.19step/s]
[Origin 4/13] 🎲 Drawing Posterior Samples:  82%|████████▏ | 1232/1496 [01:54<00:09, 26.61step/s]
[Origin 4/13] 🎲 Drawing Posterior Samples:  83%|████████▎ | 1235/1496 [01:55<00:09, 26.20step/s]
[Origin 4/13] 🎲 Drawing Posterior Samples:  83%|████████▎ | 1238/1496 [01:55<00:10, 25.77step/s]
[Origin 4/13] 🎲 Drawing Posterior Samples:  83%|████████▎ | 1241/1496 [01:55<00:10, 23.62step/s]
[Origin 4/13] 🎲 Drawing Posterior Samples:  83%|████████▎ | 1244/1496 [01:55<00:10, 24.14step/s]
[Origin 4/13] 🎲 Drawing Posterior Samples:  83%|████████▎ | 1247/1496 [01:55<00:09, 24.93step/s]
[Origin 4/13] 🎲 Drawing Posterior Samples:  84%|████████▎ | 1250/1496 [01:55<00:09, 25.10step/s]
[Origin 4/13] 🎲 Drawing Posterior Samples:  84%|████████▍ | 1253/1496 [01:55<00:09, 24.80step/s]
[Origin 4/13] 🎲 Drawing Posterior Samples:  84%|████████▍ | 1256/1496 [01:55<00:09, 24.32step/s]
[Origin 4/13] 🎲 Drawing Posterior Samples:  84%|████████▍ | 1259/1496 [01:56<00:09, 24.18step/s]
[Origin 4/13] 🎲 Drawing Posterior Samples:  84%|████████▍ | 1262/1496 [01:56<00:09, 23.75step/s]
[Origin 4/13] 🎲 Drawing Posterior Samples:  85%|████████▍ | 1265/1496 [01:56<00:10, 22.21step/s]
[Origin 4/13] 🎲 Drawing Posterior Samples:  85%|████████▍ | 1268/1496 [01:56<00:10, 20.76step/s]
[Origin 4/13] 🎲 Drawing Posterior Samples:  85%|████████▍ | 1271/1496 [01:56<00:11, 20.43step/s]
[Origin 4/13] 🎲 Drawing Posterior Samples:  85%|████████▌ | 1274/1496 [01:56<00:11, 20.07step/s]
[Origin 4/13] 🎲 Drawing Posterior Samples:  85%|████████▌ | 1278/1496 [01:56<00:09, 22.03step/s]
[Origin 4/13] 🎲 Drawing Posterior Samples:  86%|████████▌ | 1281/1496 [01:57<00:10, 21.31step/s]
[Origin 4/13] 🎲 Drawing Posterior Samples:  86%|████████▌ | 1284/1496 [01:57<00:10, 20.49step/s]
[Origin 4/13] 🎲 Drawing Posterior Samples:  86%|████████▌ | 1287/1496 [01:57<00:10, 19.55step/s]
[Origin 4/13] 🎲 Drawing Posterior Samples:  86%|████████▌ | 1289/1496 [01:57<00:10, 19.35step/s]
[Origin 4/13] 🎲 Drawing Posterior Samples:  86%|████████▋ | 1292/1496 [01:57<00:09, 21.36step/s]
[Origin 4/13] 🎲 Drawing Posterior Samples:  87%|████████▋ | 1295/1496 [01:57<00:09, 21.00step/s]
[Origin 4/13] 🎲 Drawing Posterior Samples:  87%|████████▋ | 1298/1496 [01:57<00:08, 22.74step/s]
[Origin 4/13] 🎲 Drawing Posterior Samples:  87%|████████▋ | 1302/1496 [01:58<00:07, 25.47step/s]
[Origin 4/13] 🎲 Drawing Posterior Samples:  87%|████████▋ | 1305/1496 [01:58<00:07, 25.93step/s]
[Origin 4/13] 🎲 Drawing Posterior Samples:  87%|████████▋ | 1308/1496 [01:58<00:06, 26.97step/s]
[Origin 4/13] 🎲 Drawing Posterior Samples:  88%|████████▊ | 1312/1496 [01:58<00:06, 27.96step/s]
[Origin 4/13] 🎲 Drawing Posterior Samples:  88%|████████▊ | 1315/1496 [01:58<00:06, 26.05step/s]
[Origin 4/13] 🎲 Drawing Posterior Samples:  88%|████████▊ | 1318/1496 [01:58<00:07, 25.18step/s]
[Origin 4/13] 🎲 Drawing Posterior Samples:  88%|████████▊ | 1321/1496 [01:58<00:07, 23.75step/s]
[Origin 4/13] 🎲 Drawing Posterior Samples:  89%|████████▊ | 1324/1496 [01:58<00:07, 22.39step/s]
[Origin 4/13] 🎲 Drawing Posterior Samples:  89%|████████▊ | 1327/1496 [01:59<00:07, 21.97step/s]
[Origin 4/13] 🎲 Drawing Posterior Samples:  89%|████████▉ | 1330/1496 [01:59<00:08, 20.70step/s]
[Origin 4/13] 🎲 Drawing Posterior Samples:  89%|████████▉ | 1333/1496 [01:59<00:07, 21.21step/s]
[Origin 4/13] 🎲 Drawing Posterior Samples:  89%|████████▉ | 1336/1496 [01:59<00:07, 21.26step/s]
[Origin 4/13] 🎲 Drawing Posterior Samples:  90%|████████▉ | 1339/1496 [01:59<00:07, 20.15step/s]
[Origin 4/13] 🎲 Drawing Posterior Samples:  90%|████████▉ | 1342/1496 [01:59<00:07, 20.42step/s]
[Origin 4/13] 🎲 Drawing Posterior Samples:  90%|████████▉ | 1345/1496 [01:59<00:07, 20.40step/s]
[Origin 4/13] 🎲 Drawing Posterior Samples:  90%|█████████ | 1348/1496 [02:00<00:07, 20.51step/s]
[Origin 4/13] 🎲 Drawing Posterior Samples:  90%|█████████ | 1351/1496 [02:00<00:07, 20.08step/s]
[Origin 4/13] 🎲 Drawing Posterior Samples:  91%|█████████ | 1354/1496 [02:00<00:06, 20.76step/s]
[Origin 4/13] 🎲 Drawing Posterior Samples:  91%|█████████ | 1359/1496 [02:00<00:05, 26.61step/s]
[Origin 4/13] 🎲 Drawing Posterior Samples:  91%|█████████ | 1363/1496 [02:00<00:04, 28.80step/s]
[Origin 4/13] 🎲 Drawing Posterior Samples:  91%|█████████▏| 1367/1496 [02:00<00:04, 28.48step/s]
[Origin 4/13] 🎲 Drawing Posterior Samples:  92%|█████████▏| 1370/1496 [02:00<00:04, 26.41step/s]
[Origin 4/13] 🎲 Drawing Posterior Samples:  92%|█████████▏| 1373/1496 [02:01<00:04, 25.04step/s]
[Origin 4/13] 🎲 Drawing Posterior Samples:  92%|█████████▏| 1376/1496 [02:01<00:04, 25.08step/s]
[Origin 4/13] 🎲 Drawing Posterior Samples:  92%|█████████▏| 1380/1496 [02:01<00:04, 25.77step/s]
[Origin 4/13] 🎲 Drawing Posterior Samples:  93%|█████████▎| 1384/1496 [02:01<00:04, 27.55step/s]
[Origin 4/13] 🎲 Drawing Posterior Samples:  93%|█████████▎| 1387/1496 [02:01<00:03, 27.94step/s]
[Origin 4/13] 🎲 Drawing Posterior Samples:  93%|█████████▎| 1390/1496 [02:01<00:03, 27.69step/s]
[Origin 4/13] 🎲 Drawing Posterior Samples:  93%|█████████▎| 1393/1496 [02:01<00:03, 27.24step/s]
[Origin 4/13] 🎲 Drawing Posterior Samples:  93%|█████████▎| 1396/1496 [02:01<00:03, 27.36step/s]
[Origin 4/13] 🎲 Drawing Posterior Samples:  94%|█████████▎| 1399/1496 [02:02<00:03, 25.17step/s]
[Origin 4/13] 🎲 Drawing Posterior Samples:  94%|█████████▎| 1402/1496 [02:02<00:03, 23.72step/s]
[Origin 4/13] 🎲 Drawing Posterior Samples:  94%|█████████▍| 1405/1496 [02:02<00:04, 21.61step/s]
[Origin 4/13] 🎲 Drawing Posterior Samples:  94%|█████████▍| 1408/1496 [02:02<00:03, 22.79step/s]
[Origin 4/13] 🎲 Drawing Posterior Samples:  94%|█████████▍| 1412/1496 [02:02<00:03, 25.31step/s]
[Origin 4/13] 🎲 Drawing Posterior Samples:  95%|█████████▍| 1415/1496 [02:02<00:03, 26.44step/s]
[Origin 4/13] 🎲 Drawing Posterior Samples:  95%|█████████▍| 1418/1496 [02:02<00:02, 26.65step/s]
[Origin 4/13] 🎲 Drawing Posterior Samples:  95%|█████████▍| 1421/1496 [02:02<00:03, 24.26step/s]
[Origin 4/13] 🎲 Drawing Posterior Samples:  95%|█████████▌| 1424/1496 [02:03<00:03, 22.67step/s]
[Origin 4/13] 🎲 Drawing Posterior Samples:  95%|█████████▌| 1427/1496 [02:03<00:02, 23.00step/s]
[Origin 4/13] 🎲 Drawing Posterior Samples:  96%|█████████▌| 1430/1496 [02:03<00:03, 21.93step/s]
[Origin 4/13] 🎲 Drawing Posterior Samples:  96%|█████████▌| 1433/1496 [02:03<00:02, 22.82step/s]
[Origin 4/13] 🎲 Drawing Posterior Samples:  96%|█████████▌| 1436/1496 [02:03<00:02, 20.84step/s]
[Origin 4/13] 🎲 Drawing Posterior Samples:  96%|█████████▌| 1439/1496 [02:03<00:02, 20.04step/s]
[Origin 4/13] 🎲 Drawing Posterior Samples:  96%|█████████▋| 1442/1496 [02:04<00:02, 19.64step/s]
[Origin 4/13] 🎲 Drawing Posterior Samples:  97%|█████████▋| 1445/1496 [02:04<00:02, 19.90step/s]
[Origin 4/13] 🎲 Drawing Posterior Samples:  97%|█████████▋| 1448/1496 [02:04<00:02, 20.26step/s]
[Origin 4/13] 🎲 Drawing Posterior Samples:  97%|█████████▋| 1451/1496 [02:04<00:02, 20.11step/s]
[Origin 4/13] 🎲 Drawing Posterior Samples:  97%|█████████▋| 1454/1496 [02:04<00:01, 21.91step/s]
[Origin 4/13] 🎲 Drawing Posterior Samples:  97%|█████████▋| 1458/1496 [02:04<00:01, 23.65step/s]
[Origin 4/13] 🎲 Drawing Posterior Samples:  98%|█████████▊| 1461/1496 [02:05<00:02, 15.25step/s]
[Origin 4/13] 🎲 Drawing Posterior Samples:  98%|█████████▊| 1463/1496 [02:05<00:03,  8.95step/s]
[Origin 4/13] 🎲 Drawing Posterior Samples:  98%|█████████▊| 1465/1496 [02:06<00:04,  6.38step/s]
[Origin 4/13] 🎲 Drawing Posterior Samples:  98%|█████████▊| 1467/1496 [02:06<00:05,  5.19step/s]
[Origin 4/13] 🎲 Drawing Posterior Samples:  98%|█████████▊| 1468/1496 [02:07<00:05,  4.72step/s]
[Origin 4/13] 🎲 Drawing Posterior Samples:  98%|█████████▊| 1469/1496 [02:07<00:06,  4.30step/s]
[Origin 4/13] 🎲 Drawing Posterior Samples:  98%|█████████▊| 1470/1496 [02:07<00:06,  4.29step/s]
[Origin 4/13] 🎲 Drawing Posterior Samples:  98%|█████████▊| 1471/1496 [02:07<00:05,  4.30step/s]
[Origin 4/13] 🎲 Drawing Posterior Samples:  98%|█████████▊| 1472/1496 [02:08<00:05,  4.23step/s]
[Origin 4/13] 🎲 Drawing Posterior Samples:  98%|█████████▊| 1473/1496 [02:08<00:05,  4.27step/s]
[Origin 4/13] 🎲 Drawing Posterior Samples:  99%|█████████▊| 1474/1496 [02:08<00:05,  4.40step/s]
[Origin 4/13] 🎲 Drawing Posterior Samples:  99%|█████████▊| 1475/1496 [02:08<00:04,  4.29step/s]
[Origin 4/13] 🎲 Drawing Posterior Samples:  99%|█████████▊| 1476/1496 [02:09<00:04,  4.15step/s]
[Origin 4/13] 🎲 Drawing Posterior Samples:  99%|█████████▊| 1477/1496 [02:09<00:05,  3.49step/s]
[Origin 4/13] 🎲 Drawing Posterior Samples:  99%|█████████▉| 1478/1496 [02:09<00:04,  3.95step/s]
[Origin 4/13] 🎲 Drawing Posterior Samples:  99%|█████████▉| 1479/1496 [02:09<00:03,  4.49step/s]
[Origin 4/13] 🎲 Drawing Posterior Samples:  99%|█████████▉| 1480/1496 [02:10<00:03,  4.75step/s]
[Origin 4/13] 🎲 Drawing Posterior Samples:  99%|█████████▉| 1481/1496 [02:10<00:02,  5.18step/s]
[Origin 4/13] 🎲 Drawing Posterior Samples:  99%|█████████▉| 1482/1496 [02:10<00:02,  5.31step/s]
[Origin 4/13] 🎲 Drawing Posterior Samples:  99%|█████████▉| 1483/1496 [02:10<00:02,  5.46step/s]
[Origin 4/13] 🎲 Drawing Posterior Samples:  99%|█████████▉| 1484/1496 [02:10<00:02,  5.41step/s]
[Origin 4/13] 🎲 Drawing Posterior Samples:  99%|█████████▉| 1485/1496 [02:10<00:02,  5.48step/s]
[Origin 4/13] 🎲 Drawing Posterior Samples:  99%|█████████▉| 1486/1496 [02:11<00:02,  4.91step/s]
[Origin 4/13] 🎲 Drawing Posterior Samples:  99%|█████████▉| 1487/1496 [02:11<00:01,  4.81step/s]
[Origin 4/13] 🎲 Drawing Posterior Samples:  99%|█████████▉| 1488/1496 [02:11<00:01,  4.70step/s]
[Origin 4/13] 🎲 Drawing Posterior Samples: 100%|█████████▉| 1489/1496 [02:11<00:01,  4.39step/s]
[Origin 4/13] 🎲 Drawing Posterior Samples: 100%|█████████▉| 1490/1496 [02:12<00:01,  4.82step/s]
[Origin 4/13] 🎲 Drawing Posterior Samples: 100%|█████████▉| 1491/1496 [02:12<00:00,  5.11step/s]
[Origin 4/13] 🎲 Drawing Posterior Samples: 100%|█████████▉| 1492/1496 [02:12<00:00,  5.10step/s]
[Origin 4/13] 🎲 Drawing Posterior Samples: 100%|█████████▉| 1493/1496 [02:12<00:00,  5.17step/s]
[Origin 4/13] 🎲 Drawing Posterior Samples: 100%|█████████▉| 1494/1496 [02:12<00:00,  4.89step/s]
[Origin 4/13] 🎲 Drawing Posterior Samples: 100%|█████████▉| 1495/1496 [02:13<00:00,  4.96step/s]
[Origin 4/13] 🎲 Drawing Posterior Samples: 100%|██████████| 1496/1496 [02:13<00:00,  4.50step/s]
                                                                                                 

[Origin 5/13] 🎲 Drawing Posterior Samples:   0%|          | 0/1500 [00:00<?, ?step/s]
[Origin 5/13] 🎲 Drawing Posterior Samples:   0%|          | 6/1500 [00:00<00:27, 55.24step/s]
[Origin 5/13] 🎲 Drawing Posterior Samples:   1%|          | 12/1500 [00:00<00:31, 47.58step/s]
[Origin 5/13] 🎲 Drawing Posterior Samples:   1%|          | 17/1500 [00:00<00:33, 44.49step/s]
[Origin 5/13] 🎲 Drawing Posterior Samples:   1%|▏         | 22/1500 [00:00<00:36, 40.18step/s]
[Origin 5/13] 🎲 Drawing Posterior Samples:   2%|▏         | 27/1500 [00:00<00:34, 42.51step/s]
[Origin 5/13] 🎲 Drawing Posterior Samples:   2%|▏         | 32/1500 [00:00<00:35, 40.88step/s]
[Origin 5/13] 🎲 Drawing Posterior Samples:   2%|▏         | 37/1500 [00:00<00:36, 40.49step/s]
[Origin 5/13] 🎲 Drawing Posterior Samples:   3%|▎         | 43/1500 [00:01<00:35, 41.50step/s]
[Origin 5/13] 🎲 Drawing Posterior Samples:   3%|▎         | 48/1500 [00:01<00:35, 40.39step/s]
[Origin 5/13] 🎲 Drawing Posterior Samples:   4%|▎         | 53/1500 [00:01<00:37, 38.83step/s]
[Origin 5/13] 🎲 Drawing Posterior Samples:   4%|▍         | 57/1500 [00:01<00:36, 39.08step/s]
[Origin 5/13] 🎲 Drawing Posterior Samples:   4%|▍         | 62/1500 [00:01<00:36, 39.04step/s]
[Origin 5/13] 🎲 Drawing Posterior Samples:   4%|▍         | 67/1500 [00:01<00:35, 39.99step/s]
[Origin 5/13] 🎲 Drawing Posterior Samples:   5%|▍         | 72/1500 [00:01<00:35, 40.39step/s]
[Origin 5/13] 🎲 Drawing Posterior Samples:   5%|▌         | 78/1500 [00:01<00:33, 42.16step/s]
[Origin 5/13] 🎲 Drawing Posterior Samples:   6%|▌         | 83/1500 [00:02<00:34, 41.31step/s]
[Origin 5/13] 🎲 Drawing Posterior Samples:   6%|▌         | 88/1500 [00:02<00:34, 40.71step/s]
[Origin 5/13] 🎲 Drawing Posterior Samples:   6%|▌         | 93/1500 [00:02<00:34, 41.18step/s]
[Origin 5/13] 🎲 Drawing Posterior Samples:   7%|▋         | 98/1500 [00:02<00:34, 40.74step/s]
[Origin 5/13] 🎲 Drawing Posterior Samples:   7%|▋         | 103/1500 [00:02<00:32, 42.62step/s]
[Origin 5/13] 🎲 Drawing Posterior Samples:   7%|▋         | 108/1500 [00:02<00:34, 39.86step/s]
[Origin 5/13] 🎲 Drawing Posterior Samples:   8%|▊         | 113/1500 [00:02<00:35, 38.59step/s]
[Origin 5/13] 🎲 Drawing Posterior Samples:   8%|▊         | 117/1500 [00:02<00:35, 38.62step/s]
[Origin 5/13] 🎲 Drawing Posterior Samples:   8%|▊         | 121/1500 [00:02<00:35, 38.49step/s]
[Origin 5/13] 🎲 Drawing Posterior Samples:   8%|▊         | 127/1500 [00:03<00:32, 42.61step/s]
[Origin 5/13] 🎲 Drawing Posterior Samples:   9%|▉         | 132/1500 [00:03<00:32, 42.07step/s]
[Origin 5/13] 🎲 Drawing Posterior Samples:   9%|▉         | 138/1500 [00:03<00:31, 42.99step/s]
[Origin 5/13] 🎲 Drawing Posterior Samples:  10%|▉         | 143/1500 [00:03<00:34, 39.23step/s]
[Origin 5/13] 🎲 Drawing Posterior Samples:  10%|▉         | 147/1500 [00:03<00:34, 38.99step/s]
[Origin 5/13] 🎲 Drawing Posterior Samples:  10%|█         | 153/1500 [00:03<00:31, 42.53step/s]
[Origin 5/13] 🎲 Drawing Posterior Samples:  11%|█         | 158/1500 [00:03<00:32, 41.50step/s]
[Origin 5/13] 🎲 Drawing Posterior Samples:  11%|█         | 163/1500 [00:03<00:32, 40.91step/s]
[Origin 5/13] 🎲 Drawing Posterior Samples:  11%|█         | 168/1500 [00:04<00:32, 40.85step/s]
[Origin 5/13] 🎲 Drawing Posterior Samples:  12%|█▏        | 173/1500 [00:04<00:31, 41.53step/s]
[Origin 5/13] 🎲 Drawing Posterior Samples:  12%|█▏        | 178/1500 [00:04<00:30, 42.77step/s]
[Origin 5/13] 🎲 Drawing Posterior Samples:  12%|█▏        | 183/1500 [00:04<00:30, 43.83step/s]
[Origin 5/13] 🎲 Drawing Posterior Samples:  13%|█▎        | 188/1500 [00:04<00:32, 40.43step/s]
[Origin 5/13] 🎲 Drawing Posterior Samples:  13%|█▎        | 193/1500 [00:04<00:33, 38.93step/s]
[Origin 5/13] 🎲 Drawing Posterior Samples:  13%|█▎        | 199/1500 [00:04<00:30, 42.05step/s]
[Origin 5/13] 🎲 Drawing Posterior Samples:  14%|█▎        | 204/1500 [00:04<00:33, 38.77step/s]
[Origin 5/13] 🎲 Drawing Posterior Samples:  14%|█▍        | 208/1500 [00:05<00:36, 35.38step/s]
[Origin 5/13] 🎲 Drawing Posterior Samples:  14%|█▍        | 213/1500 [00:05<00:33, 37.86step/s]
[Origin 5/13] 🎲 Drawing Posterior Samples:  14%|█▍        | 217/1500 [00:05<00:34, 37.65step/s]
[Origin 5/13] 🎲 Drawing Posterior Samples:  15%|█▍        | 221/1500 [00:05<00:34, 37.17step/s]
[Origin 5/13] 🎲 Drawing Posterior Samples:  15%|█▌        | 225/1500 [00:05<00:37, 34.18step/s]
[Origin 5/13] 🎲 Drawing Posterior Samples:  15%|█▌        | 229/1500 [00:05<00:38, 32.78step/s]
[Origin 5/13] 🎲 Drawing Posterior Samples:  16%|█▌        | 233/1500 [00:05<00:37, 33.60step/s]
[Origin 5/13] 🎲 Drawing Posterior Samples:  16%|█▌        | 237/1500 [00:05<00:37, 33.24step/s]
[Origin 5/13] 🎲 Drawing Posterior Samples:  16%|█▌        | 243/1500 [00:06<00:32, 38.20step/s]
[Origin 5/13] 🎲 Drawing Posterior Samples:  16%|█▋        | 247/1500 [00:06<00:32, 38.06step/s]
[Origin 5/13] 🎲 Drawing Posterior Samples:  17%|█▋        | 251/1500 [00:06<00:35, 35.08step/s]
[Origin 5/13] 🎲 Drawing Posterior Samples:  17%|█▋        | 255/1500 [00:06<00:36, 33.69step/s]
[Origin 5/13] 🎲 Drawing Posterior Samples:  17%|█▋        | 260/1500 [00:06<00:34, 36.08step/s]
[Origin 5/13] 🎲 Drawing Posterior Samples:  18%|█▊        | 265/1500 [00:06<00:31, 39.21step/s]
[Origin 5/13] 🎲 Drawing Posterior Samples:  18%|█▊        | 269/1500 [00:06<00:33, 36.85step/s]
[Origin 5/13] 🎲 Drawing Posterior Samples:  18%|█▊        | 275/1500 [00:06<00:29, 41.26step/s]
[Origin 5/13] 🎲 Drawing Posterior Samples:  19%|█▊        | 280/1500 [00:07<00:30, 39.49step/s]
[Origin 5/13] 🎲 Drawing Posterior Samples:  19%|█▉        | 285/1500 [00:07<00:36, 33.35step/s]
[Origin 5/13] 🎲 Drawing Posterior Samples:  19%|█▉        | 290/1500 [00:07<00:33, 36.48step/s]
[Origin 5/13] 🎲 Drawing Posterior Samples:  20%|█▉        | 295/1500 [00:07<00:31, 38.02step/s]
[Origin 5/13] 🎲 Drawing Posterior Samples:  20%|██        | 300/1500 [00:07<00:31, 38.06step/s]
[Origin 5/13] 🎲 Drawing Posterior Samples:  20%|██        | 304/1500 [00:07<00:31, 37.48step/s]
[Origin 5/13] 🎲 Drawing Posterior Samples:  21%|██        | 308/1500 [00:07<00:32, 37.03step/s]
[Origin 5/13] 🎲 Drawing Posterior Samples:  21%|██        | 313/1500 [00:07<00:31, 37.86step/s]
[Origin 5/13] 🎲 Drawing Posterior Samples:  21%|██        | 317/1500 [00:08<00:34, 34.32step/s]
[Origin 5/13] 🎲 Drawing Posterior Samples:  21%|██▏       | 322/1500 [00:08<00:32, 35.90step/s]
[Origin 5/13] 🎲 Drawing Posterior Samples:  22%|██▏       | 328/1500 [00:08<00:29, 40.26step/s]
[Origin 5/13] 🎲 Drawing Posterior Samples:  22%|██▏       | 333/1500 [00:08<00:31, 37.48step/s]
[Origin 5/13] 🎲 Drawing Posterior Samples:  22%|██▏       | 337/1500 [00:08<00:30, 37.66step/s]
[Origin 5/13] 🎲 Drawing Posterior Samples:  23%|██▎       | 341/1500 [00:09<00:58, 19.86step/s]
[Origin 5/13] 🎲 Drawing Posterior Samples:  23%|██▎       | 344/1500 [00:09<01:34, 12.25step/s]
[Origin 5/13] 🎲 Drawing Posterior Samples:  23%|██▎       | 347/1500 [00:10<01:54, 10.04step/s]
[Origin 5/13] 🎲 Drawing Posterior Samples:  23%|██▎       | 349/1500 [00:10<02:07,  9.01step/s]
[Origin 5/13] 🎲 Drawing Posterior Samples:  23%|██▎       | 351/1500 [00:10<02:28,  7.74step/s]
[Origin 5/13] 🎲 Drawing Posterior Samples:  24%|██▎       | 353/1500 [00:11<02:35,  7.39step/s]
[Origin 5/13] 🎲 Drawing Posterior Samples:  24%|██▎       | 354/1500 [00:11<02:39,  7.20step/s]
[Origin 5/13] 🎲 Drawing Posterior Samples:  24%|██▎       | 355/1500 [00:11<02:43,  7.00step/s]
[Origin 5/13] 🎲 Drawing Posterior Samples:  24%|██▎       | 356/1500 [00:11<02:45,  6.93step/s]
[Origin 5/13] 🎲 Drawing Posterior Samples:  24%|██▍       | 357/1500 [00:11<02:49,  6.75step/s]
[Origin 5/13] 🎲 Drawing Posterior Samples:  24%|██▍       | 358/1500 [00:11<02:48,  6.79step/s]
[Origin 5/13] 🎲 Drawing Posterior Samples:  24%|██▍       | 359/1500 [00:12<02:48,  6.76step/s]
[Origin 5/13] 🎲 Drawing Posterior Samples:  24%|██▍       | 360/1500 [00:12<02:52,  6.60step/s]
[Origin 5/13] 🎲 Drawing Posterior Samples:  24%|██▍       | 361/1500 [00:12<02:55,  6.48step/s]
[Origin 5/13] 🎲 Drawing Posterior Samples:  24%|██▍       | 362/1500 [00:12<03:03,  6.21step/s]
[Origin 5/13] 🎲 Drawing Posterior Samples:  24%|██▍       | 363/1500 [00:12<03:08,  6.02step/s]
[Origin 5/13] 🎲 Drawing Posterior Samples:  24%|██▍       | 364/1500 [00:12<03:17,  5.75step/s]
[Origin 5/13] 🎲 Drawing Posterior Samples:  24%|██▍       | 365/1500 [00:13<03:17,  5.75step/s]
[Origin 5/13] 🎲 Drawing Posterior Samples:  24%|██▍       | 366/1500 [00:13<03:20,  5.67step/s]
[Origin 5/13] 🎲 Drawing Posterior Samples:  24%|██▍       | 367/1500 [00:13<03:16,  5.77step/s]
[Origin 5/13] 🎲 Drawing Posterior Samples:  25%|██▍       | 368/1500 [00:13<03:20,  5.66step/s]
[Origin 5/13] 🎲 Drawing Posterior Samples:  25%|██▍       | 369/1500 [00:13<03:29,  5.41step/s]
[Origin 5/13] 🎲 Drawing Posterior Samples:  25%|██▍       | 370/1500 [00:14<03:25,  5.50step/s]
[Origin 5/13] 🎲 Drawing Posterior Samples:  25%|██▍       | 371/1500 [00:14<03:33,  5.28step/s]
[Origin 5/13] 🎲 Drawing Posterior Samples:  25%|██▍       | 372/1500 [00:14<03:40,  5.12step/s]
[Origin 5/13] 🎲 Drawing Posterior Samples:  25%|██▍       | 373/1500 [00:14<03:44,  5.02step/s]
[Origin 5/13] 🎲 Drawing Posterior Samples:  25%|██▍       | 374/1500 [00:14<03:50,  4.88step/s]
[Origin 5/13] 🎲 Drawing Posterior Samples:  25%|██▌       | 375/1500 [00:15<03:48,  4.92step/s]
[Origin 5/13] 🎲 Drawing Posterior Samples:  25%|██▌       | 376/1500 [00:32<1:37:55,  5.23s/step]
[Origin 5/13] 🎲 Drawing Posterior Samples:  26%|██▌       | 385/1500 [00:32<20:10,  1.09s/step]  
[Origin 5/13] 🎲 Drawing Posterior Samples:  26%|██▌       | 391/1500 [00:32<11:34,  1.60step/s]
[Origin 5/13] 🎲 Drawing Posterior Samples:  26%|██▋       | 397/1500 [00:32<07:14,  2.54step/s]
[Origin 5/13] 🎲 Drawing Posterior Samples:  27%|██▋       | 403/1500 [00:32<04:47,  3.82step/s]
[Origin 5/13] 🎲 Drawing Posterior Samples:  27%|██▋       | 409/1500 [00:32<03:16,  5.54step/s]
[Origin 5/13] 🎲 Drawing Posterior Samples:  28%|██▊       | 414/1500 [00:32<02:30,  7.24step/s]
[Origin 5/13] 🎲 Drawing Posterior Samples:  28%|██▊       | 419/1500 [00:32<01:54,  9.48step/s]
[Origin 5/13] 🎲 Drawing Posterior Samples:  28%|██▊       | 425/1500 [00:33<01:23, 12.91step/s]
[Origin 5/13] 🎲 Drawing Posterior Samples:  29%|██▊       | 430/1500 [00:33<01:07, 15.93step/s]
[Origin 5/13] 🎲 Drawing Posterior Samples:  29%|██▉       | 435/1500 [00:33<00:56, 18.78step/s]
[Origin 5/13] 🎲 Drawing Posterior Samples:  29%|██▉       | 440/1500 [00:33<00:46, 22.70step/s]
[Origin 5/13] 🎲 Drawing Posterior Samples:  30%|██▉       | 445/1500 [00:33<00:42, 24.58step/s]
[Origin 5/13] 🎲 Drawing Posterior Samples:  30%|██▉       | 449/1500 [00:33<00:40, 25.78step/s]
[Origin 5/13] 🎲 Drawing Posterior Samples:  30%|███       | 454/1500 [00:33<00:36, 28.99step/s]
[Origin 5/13] 🎲 Drawing Posterior Samples:  31%|███       | 458/1500 [00:33<00:34, 30.11step/s]
[Origin 5/13] 🎲 Drawing Posterior Samples:  31%|███       | 462/1500 [00:34<00:33, 31.14step/s]
[Origin 5/13] 🎲 Drawing Posterior Samples:  31%|███       | 466/1500 [00:34<00:33, 31.12step/s]
[Origin 5/13] 🎲 Drawing Posterior Samples:  31%|███▏      | 470/1500 [00:34<00:31, 32.72step/s]
[Origin 5/13] 🎲 Drawing Posterior Samples:  32%|███▏      | 476/1500 [00:34<00:26, 37.96step/s]
[Origin 5/13] 🎲 Drawing Posterior Samples:  32%|███▏      | 481/1500 [00:34<00:27, 37.33step/s]
[Origin 5/13] 🎲 Drawing Posterior Samples:  32%|███▏      | 486/1500 [00:34<00:27, 37.25step/s]
[Origin 5/13] 🎲 Drawing Posterior Samples:  33%|███▎      | 491/1500 [00:34<00:26, 38.71step/s]
[Origin 5/13] 🎲 Drawing Posterior Samples:  33%|███▎      | 495/1500 [00:34<00:26, 38.53step/s]
[Origin 5/13] 🎲 Drawing Posterior Samples:  33%|███▎      | 501/1500 [00:35<00:23, 42.34step/s]
[Origin 5/13] 🎲 Drawing Posterior Samples:  34%|███▎      | 506/1500 [00:35<00:24, 40.44step/s]
[Origin 5/13] 🎲 Drawing Posterior Samples:  34%|███▍      | 511/1500 [00:35<00:24, 40.59step/s]
[Origin 5/13] 🎲 Drawing Posterior Samples:  34%|███▍      | 516/1500 [00:35<00:25, 38.28step/s]
[Origin 5/13] 🎲 Drawing Posterior Samples:  35%|███▍      | 520/1500 [00:35<00:25, 38.06step/s]
[Origin 5/13] 🎲 Drawing Posterior Samples:  35%|███▌      | 525/1500 [00:35<00:24, 39.70step/s]
[Origin 5/13] 🎲 Drawing Posterior Samples:  35%|███▌      | 530/1500 [00:35<00:24, 40.08step/s]
[Origin 5/13] 🎲 Drawing Posterior Samples:  36%|███▌      | 536/1500 [00:35<00:23, 41.80step/s]
[Origin 5/13] 🎲 Drawing Posterior Samples:  36%|███▌      | 541/1500 [00:36<00:27, 34.47step/s]
[Origin 5/13] 🎲 Drawing Posterior Samples:  36%|███▋      | 545/1500 [00:36<00:26, 35.68step/s]
[Origin 5/13] 🎲 Drawing Posterior Samples:  37%|███▋      | 550/1500 [00:36<00:25, 37.24step/s]
[Origin 5/13] 🎲 Drawing Posterior Samples:  37%|███▋      | 556/1500 [00:36<00:22, 41.09step/s]
[Origin 5/13] 🎲 Drawing Posterior Samples:  37%|███▋      | 561/1500 [00:36<00:24, 38.32step/s]
[Origin 5/13] 🎲 Drawing Posterior Samples:  38%|███▊      | 565/1500 [00:36<00:24, 38.36step/s]
[Origin 5/13] 🎲 Drawing Posterior Samples:  38%|███▊      | 569/1500 [00:36<00:24, 37.62step/s]
[Origin 5/13] 🎲 Drawing Posterior Samples:  38%|███▊      | 575/1500 [00:36<00:22, 40.31step/s]
[Origin 5/13] 🎲 Drawing Posterior Samples:  39%|███▊      | 580/1500 [00:37<00:23, 38.77step/s]
[Origin 5/13] 🎲 Drawing Posterior Samples:  39%|███▉      | 584/1500 [00:37<00:24, 37.20step/s]
[Origin 5/13] 🎲 Drawing Posterior Samples:  39%|███▉      | 588/1500 [00:37<00:24, 36.88step/s]
[Origin 5/13] 🎲 Drawing Posterior Samples:  39%|███▉      | 592/1500 [00:37<00:24, 37.31step/s]
[Origin 5/13] 🎲 Drawing Posterior Samples:  40%|███▉      | 598/1500 [00:37<00:21, 41.76step/s]
[Origin 5/13] 🎲 Drawing Posterior Samples:  40%|████      | 603/1500 [00:37<00:21, 41.05step/s]
[Origin 5/13] 🎲 Drawing Posterior Samples:  41%|████      | 609/1500 [00:37<00:20, 43.78step/s]
[Origin 5/13] 🎲 Drawing Posterior Samples:  41%|████      | 614/1500 [00:37<00:20, 42.35step/s]
[Origin 5/13] 🎲 Drawing Posterior Samples:  41%|████▏     | 619/1500 [00:38<00:22, 39.05step/s]
[Origin 5/13] 🎲 Drawing Posterior Samples:  42%|████▏     | 625/1500 [00:38<00:20, 42.31step/s]
[Origin 5/13] 🎲 Drawing Posterior Samples:  42%|████▏     | 630/1500 [00:38<00:23, 36.80step/s]
[Origin 5/13] 🎲 Drawing Posterior Samples:  42%|████▏     | 635/1500 [00:38<00:23, 37.25step/s]
[Origin 5/13] 🎲 Drawing Posterior Samples:  43%|████▎     | 640/1500 [00:38<00:21, 39.64step/s]
[Origin 5/13] 🎲 Drawing Posterior Samples:  43%|████▎     | 645/1500 [00:38<00:21, 40.18step/s]
[Origin 5/13] 🎲 Drawing Posterior Samples:  43%|████▎     | 650/1500 [00:38<00:21, 40.46step/s]
[Origin 5/13] 🎲 Drawing Posterior Samples:  44%|████▎     | 655/1500 [00:38<00:22, 37.83step/s]
[Origin 5/13] 🎲 Drawing Posterior Samples:  44%|████▍     | 659/1500 [00:39<00:23, 35.61step/s]
[Origin 5/13] 🎲 Drawing Posterior Samples:  44%|████▍     | 665/1500 [00:39<00:20, 39.85step/s]
[Origin 5/13] 🎲 Drawing Posterior Samples:  45%|████▍     | 670/1500 [00:39<00:21, 38.54step/s]
[Origin 5/13] 🎲 Drawing Posterior Samples:  45%|████▌     | 675/1500 [00:39<00:21, 37.51step/s]
[Origin 5/13] 🎲 Drawing Posterior Samples:  45%|████▌     | 679/1500 [00:39<00:21, 38.03step/s]
[Origin 5/13] 🎲 Drawing Posterior Samples:  46%|████▌     | 684/1500 [00:39<00:21, 37.56step/s]
[Origin 5/13] 🎲 Drawing Posterior Samples:  46%|████▌     | 688/1500 [00:39<00:22, 36.67step/s]
[Origin 5/13] 🎲 Drawing Posterior Samples:  46%|████▌     | 692/1500 [00:40<00:23, 34.46step/s]
[Origin 5/13] 🎲 Drawing Posterior Samples:  47%|████▋     | 698/1500 [00:40<00:20, 38.96step/s]
[Origin 5/13] 🎲 Drawing Posterior Samples:  47%|████▋     | 702/1500 [00:40<00:21, 37.57step/s]
[Origin 5/13] 🎲 Drawing Posterior Samples:  47%|████▋     | 706/1500 [00:40<00:21, 37.55step/s]
[Origin 5/13] 🎲 Drawing Posterior Samples:  47%|████▋     | 710/1500 [00:40<00:22, 34.68step/s]
[Origin 5/13] 🎲 Drawing Posterior Samples:  48%|████▊     | 714/1500 [00:40<00:23, 33.38step/s]
[Origin 5/13] 🎲 Drawing Posterior Samples:  48%|████▊     | 718/1500 [00:41<00:58, 13.30step/s]
[Origin 5/13] 🎲 Drawing Posterior Samples:  48%|████▊     | 721/1500 [00:41<01:10, 10.98step/s]
[Origin 5/13] 🎲 Drawing Posterior Samples:  48%|████▊     | 723/1500 [00:42<01:17, 10.02step/s]
[Origin 5/13] 🎲 Drawing Posterior Samples:  48%|████▊     | 725/1500 [00:42<01:26,  8.94step/s]
[Origin 5/13] 🎲 Drawing Posterior Samples:  48%|████▊     | 727/1500 [00:42<01:34,  8.15step/s]
[Origin 5/13] 🎲 Drawing Posterior Samples:  49%|████▊     | 729/1500 [00:42<01:39,  7.78step/s]
[Origin 5/13] 🎲 Drawing Posterior Samples:  49%|████▊     | 730/1500 [00:43<01:39,  7.76step/s]
[Origin 5/13] 🎲 Drawing Posterior Samples:  49%|████▊     | 731/1500 [00:43<01:40,  7.68step/s]
[Origin 5/13] 🎲 Drawing Posterior Samples:  49%|████▉     | 732/1500 [00:43<01:41,  7.60step/s]
[Origin 5/13] 🎲 Drawing Posterior Samples:  49%|████▉     | 733/1500 [00:43<01:58,  6.48step/s]
[Origin 5/13] 🎲 Drawing Posterior Samples:  49%|████▉     | 734/1500 [00:43<02:13,  5.76step/s]
[Origin 5/13] 🎲 Drawing Posterior Samples:  49%|████▉     | 735/1500 [00:44<02:14,  5.69step/s]
[Origin 5/13] 🎲 Drawing Posterior Samples:  49%|████▉     | 736/1500 [00:44<02:15,  5.64step/s]
[Origin 5/13] 🎲 Drawing Posterior Samples:  49%|████▉     | 737/1500 [00:44<02:18,  5.51step/s]
[Origin 5/13] 🎲 Drawing Posterior Samples:  49%|████▉     | 738/1500 [00:44<02:15,  5.63step/s]
[Origin 5/13] 🎲 Drawing Posterior Samples:  49%|████▉     | 739/1500 [00:44<02:16,  5.56step/s]
[Origin 5/13] 🎲 Drawing Posterior Samples:  49%|████▉     | 740/1500 [00:44<02:18,  5.49step/s]
[Origin 5/13] 🎲 Drawing Posterior Samples:  49%|████▉     | 741/1500 [00:45<02:25,  5.21step/s]
[Origin 5/13] 🎲 Drawing Posterior Samples:  49%|████▉     | 742/1500 [00:45<02:17,  5.51step/s]
[Origin 5/13] 🎲 Drawing Posterior Samples:  50%|████▉     | 743/1500 [00:45<02:17,  5.52step/s]
[Origin 5/13] 🎲 Drawing Posterior Samples:  50%|████▉     | 744/1500 [00:45<02:36,  4.84step/s]
[Origin 5/13] 🎲 Drawing Posterior Samples:  50%|████▉     | 745/1500 [00:45<02:34,  4.88step/s]
[Origin 5/13] 🎲 Drawing Posterior Samples:  50%|████▉     | 746/1500 [00:46<02:41,  4.68step/s]
[Origin 5/13] 🎲 Drawing Posterior Samples:  50%|████▉     | 747/1500 [00:46<02:39,  4.71step/s]
[Origin 5/13] 🎲 Drawing Posterior Samples:  50%|████▉     | 748/1500 [00:46<02:37,  4.76step/s]
[Origin 5/13] 🎲 Drawing Posterior Samples:  50%|████▉     | 749/1500 [00:46<02:31,  4.97step/s]
[Origin 5/13] 🎲 Drawing Posterior Samples:  50%|█████     | 750/1500 [00:47<02:32,  4.91step/s]
[Origin 5/13] 🎲 Drawing Posterior Samples:  50%|█████     | 751/1500 [01:06<1:15:10,  6.02s/step]
[Origin 5/13] 🎲 Drawing Posterior Samples:  50%|█████     | 756/1500 [01:06<23:58,  1.93s/step]  
[Origin 5/13] 🎲 Drawing Posterior Samples:  51%|█████     | 760/1500 [01:06<13:32,  1.10s/step]
[Origin 5/13] 🎲 Drawing Posterior Samples:  51%|█████     | 765/1500 [01:06<07:41,  1.59step/s]
[Origin 5/13] 🎲 Drawing Posterior Samples:  51%|█████     | 768/1500 [01:07<05:41,  2.14step/s]
[Origin 5/13] 🎲 Drawing Posterior Samples:  52%|█████▏    | 773/1500 [01:07<03:33,  3.41step/s]
[Origin 5/13] 🎲 Drawing Posterior Samples:  52%|█████▏    | 777/1500 [01:07<02:33,  4.71step/s]
[Origin 5/13] 🎲 Drawing Posterior Samples:  52%|█████▏    | 782/1500 [01:07<01:44,  6.86step/s]
[Origin 5/13] 🎲 Drawing Posterior Samples:  52%|█████▏    | 786/1500 [01:07<01:19,  9.02step/s]
[Origin 5/13] 🎲 Drawing Posterior Samples:  53%|█████▎    | 791/1500 [01:07<00:57, 12.26step/s]
[Origin 5/13] 🎲 Drawing Posterior Samples:  53%|█████▎    | 797/1500 [01:07<00:41, 17.06step/s]
[Origin 5/13] 🎲 Drawing Posterior Samples:  53%|█████▎    | 802/1500 [01:08<00:36, 19.11step/s]
[Origin 5/13] 🎲 Drawing Posterior Samples:  54%|█████▍    | 807/1500 [01:08<00:30, 22.63step/s]
[Origin 5/13] 🎲 Drawing Posterior Samples:  54%|█████▍    | 813/1500 [01:08<00:24, 28.07step/s]
[Origin 5/13] 🎲 Drawing Posterior Samples:  55%|█████▍    | 818/1500 [01:08<00:22, 29.71step/s]
[Origin 5/13] 🎲 Drawing Posterior Samples:  55%|█████▍    | 823/1500 [01:08<00:20, 32.92step/s]
[Origin 5/13] 🎲 Drawing Posterior Samples:  55%|█████▌    | 828/1500 [01:08<00:21, 31.46step/s]
[Origin 5/13] 🎲 Drawing Posterior Samples:  55%|█████▌    | 832/1500 [01:08<00:20, 32.83step/s]
[Origin 5/13] 🎲 Drawing Posterior Samples:  56%|█████▌    | 836/1500 [01:08<00:19, 33.61step/s]
[Origin 5/13] 🎲 Drawing Posterior Samples:  56%|█████▌    | 840/1500 [01:09<00:20, 32.42step/s]
[Origin 5/13] 🎲 Drawing Posterior Samples:  56%|█████▋    | 844/1500 [01:09<00:21, 30.88step/s]
[Origin 5/13] 🎲 Drawing Posterior Samples:  57%|█████▋    | 848/1500 [01:09<00:20, 31.59step/s]
[Origin 5/13] 🎲 Drawing Posterior Samples:  57%|█████▋    | 852/1500 [01:09<00:19, 33.33step/s]
[Origin 5/13] 🎲 Drawing Posterior Samples:  57%|█████▋    | 858/1500 [01:09<00:16, 38.69step/s]
[Origin 5/13] 🎲 Drawing Posterior Samples:  57%|█████▋    | 862/1500 [01:09<00:16, 38.73step/s]
[Origin 5/13] 🎲 Drawing Posterior Samples:  58%|█████▊    | 868/1500 [01:09<00:15, 41.88step/s]
[Origin 5/13] 🎲 Drawing Posterior Samples:  58%|█████▊    | 873/1500 [01:09<00:18, 34.31step/s]
[Origin 5/13] 🎲 Drawing Posterior Samples:  58%|█████▊    | 877/1500 [01:10<00:19, 32.17step/s]
[Origin 5/13] 🎲 Drawing Posterior Samples:  59%|█████▊    | 881/1500 [01:10<00:18, 33.78step/s]
[Origin 5/13] 🎲 Drawing Posterior Samples:  59%|█████▉    | 887/1500 [01:10<00:15, 38.53step/s]
[Origin 5/13] 🎲 Drawing Posterior Samples:  59%|█████▉    | 892/1500 [01:10<00:17, 35.59step/s]
[Origin 5/13] 🎲 Drawing Posterior Samples:  60%|█████▉    | 897/1500 [01:10<00:15, 38.81step/s]
[Origin 5/13] 🎲 Drawing Posterior Samples:  60%|██████    | 902/1500 [01:10<00:15, 37.90step/s]
[Origin 5/13] 🎲 Drawing Posterior Samples:  60%|██████    | 906/1500 [01:10<00:16, 35.25step/s]
[Origin 5/13] 🎲 Drawing Posterior Samples:  61%|██████    | 911/1500 [01:10<00:15, 37.50step/s]
[Origin 5/13] 🎲 Drawing Posterior Samples:  61%|██████    | 915/1500 [01:11<00:15, 37.42step/s]
[Origin 5/13] 🎲 Drawing Posterior Samples:  61%|██████▏   | 920/1500 [01:11<00:14, 39.99step/s]
[Origin 5/13] 🎲 Drawing Posterior Samples:  62%|██████▏   | 925/1500 [01:11<00:17, 32.22step/s]
[Origin 5/13] 🎲 Drawing Posterior Samples:  62%|██████▏   | 929/1500 [01:11<00:18, 30.99step/s]
[Origin 5/13] 🎲 Drawing Posterior Samples:  62%|██████▏   | 933/1500 [01:11<00:17, 31.68step/s]
[Origin 5/13] 🎲 Drawing Posterior Samples:  63%|██████▎   | 939/1500 [01:11<00:15, 36.93step/s]
[Origin 5/13] 🎲 Drawing Posterior Samples:  63%|██████▎   | 943/1500 [01:11<00:16, 32.83step/s]
[Origin 5/13] 🎲 Drawing Posterior Samples:  63%|██████▎   | 948/1500 [01:12<00:15, 34.78step/s]
[Origin 5/13] 🎲 Drawing Posterior Samples:  64%|██████▎   | 954/1500 [01:12<00:13, 39.36step/s]
[Origin 5/13] 🎲 Drawing Posterior Samples:  64%|██████▍   | 959/1500 [01:12<00:14, 37.06step/s]
[Origin 5/13] 🎲 Drawing Posterior Samples:  64%|██████▍   | 964/1500 [01:12<00:13, 38.97step/s]
[Origin 5/13] 🎲 Drawing Posterior Samples:  65%|██████▍   | 969/1500 [01:12<00:13, 40.52step/s]
[Origin 5/13] 🎲 Drawing Posterior Samples:  65%|██████▍   | 974/1500 [01:12<00:12, 40.69step/s]
[Origin 5/13] 🎲 Drawing Posterior Samples:  65%|██████▌   | 979/1500 [01:12<00:12, 41.39step/s]
[Origin 5/13] 🎲 Drawing Posterior Samples:  66%|██████▌   | 984/1500 [01:12<00:12, 41.11step/s]
[Origin 5/13] 🎲 Drawing Posterior Samples:  66%|██████▌   | 990/1500 [01:13<00:11, 43.98step/s]
[Origin 5/13] 🎲 Drawing Posterior Samples:  66%|██████▋   | 995/1500 [01:13<00:11, 42.77step/s]
[Origin 5/13] 🎲 Drawing Posterior Samples:  67%|██████▋   | 1000/1500 [01:13<00:12, 40.09step/s]
[Origin 5/13] 🎲 Drawing Posterior Samples:  67%|██████▋   | 1005/1500 [01:13<00:12, 39.63step/s]
[Origin 5/13] 🎲 Drawing Posterior Samples:  67%|██████▋   | 1009/1500 [01:13<00:12, 38.90step/s]
[Origin 5/13] 🎲 Drawing Posterior Samples:  68%|██████▊   | 1014/1500 [01:13<00:12, 38.66step/s]
[Origin 5/13] 🎲 Drawing Posterior Samples:  68%|██████▊   | 1018/1500 [01:13<00:13, 36.54step/s]
[Origin 5/13] 🎲 Drawing Posterior Samples:  68%|██████▊   | 1023/1500 [01:13<00:12, 37.02step/s]
[Origin 5/13] 🎲 Drawing Posterior Samples:  69%|██████▊   | 1028/1500 [01:14<00:12, 38.78step/s]
[Origin 5/13] 🎲 Drawing Posterior Samples:  69%|██████▉   | 1032/1500 [01:14<00:12, 37.60step/s]
[Origin 5/13] 🎲 Drawing Posterior Samples:  69%|██████▉   | 1037/1500 [01:14<00:11, 38.94step/s]
[Origin 5/13] 🎲 Drawing Posterior Samples:  69%|██████▉   | 1041/1500 [01:14<00:12, 35.66step/s]
[Origin 5/13] 🎲 Drawing Posterior Samples:  70%|██████▉   | 1046/1500 [01:14<00:12, 37.00step/s]
[Origin 5/13] 🎲 Drawing Posterior Samples:  70%|███████   | 1050/1500 [01:14<00:12, 36.03step/s]
[Origin 5/13] 🎲 Drawing Posterior Samples:  70%|███████   | 1054/1500 [01:14<00:12, 35.58step/s]
[Origin 5/13] 🎲 Drawing Posterior Samples:  71%|███████   | 1058/1500 [01:14<00:13, 33.51step/s]
[Origin 5/13] 🎲 Drawing Posterior Samples:  71%|███████   | 1062/1500 [01:15<00:14, 30.33step/s]
[Origin 5/13] 🎲 Drawing Posterior Samples:  71%|███████   | 1066/1500 [01:15<00:14, 30.80step/s]
[Origin 5/13] 🎲 Drawing Posterior Samples:  71%|███████▏  | 1070/1500 [01:15<00:13, 32.01step/s]
[Origin 5/13] 🎲 Drawing Posterior Samples:  72%|███████▏  | 1074/1500 [01:15<00:12, 33.29step/s]
[Origin 5/13] 🎲 Drawing Posterior Samples:  72%|███████▏  | 1080/1500 [01:15<00:10, 38.60step/s]
[Origin 5/13] 🎲 Drawing Posterior Samples:  72%|███████▏  | 1084/1500 [01:15<00:12, 34.38step/s]
[Origin 5/13] 🎲 Drawing Posterior Samples:  73%|███████▎  | 1088/1500 [01:15<00:12, 32.76step/s]
[Origin 5/13] 🎲 Drawing Posterior Samples:  73%|███████▎  | 1092/1500 [01:16<00:28, 14.57step/s]
[Origin 5/13] 🎲 Drawing Posterior Samples:  73%|███████▎  | 1095/1500 [01:17<00:41,  9.80step/s]
[Origin 5/13] 🎲 Drawing Posterior Samples:  73%|███████▎  | 1097/1500 [01:17<00:46,  8.73step/s]
[Origin 5/13] 🎲 Drawing Posterior Samples:  73%|███████▎  | 1099/1500 [01:17<00:50,  7.91step/s]
[Origin 5/13] 🎲 Drawing Posterior Samples:  73%|███████▎  | 1101/1500 [01:18<01:01,  6.44step/s]
[Origin 5/13] 🎲 Drawing Posterior Samples:  73%|███████▎  | 1102/1500 [01:18<01:02,  6.36step/s]
[Origin 5/13] 🎲 Drawing Posterior Samples:  74%|███████▎  | 1103/1500 [01:18<01:04,  6.14step/s]
[Origin 5/13] 🎲 Drawing Posterior Samples:  74%|███████▎  | 1104/1500 [01:18<01:05,  6.05step/s]
[Origin 5/13] 🎲 Drawing Posterior Samples:  74%|███████▎  | 1105/1500 [01:19<01:05,  6.03step/s]
[Origin 5/13] 🎲 Drawing Posterior Samples:  74%|███████▎  | 1106/1500 [01:19<01:05,  5.99step/s]
[Origin 5/13] 🎲 Drawing Posterior Samples:  74%|███████▍  | 1107/1500 [01:19<01:05,  5.98step/s]
[Origin 5/13] 🎲 Drawing Posterior Samples:  74%|███████▍  | 1108/1500 [01:19<01:10,  5.54step/s]
[Origin 5/13] 🎲 Drawing Posterior Samples:  74%|███████▍  | 1109/1500 [01:19<01:10,  5.53step/s]
[Origin 5/13] 🎲 Drawing Posterior Samples:  74%|███████▍  | 1110/1500 [01:19<01:11,  5.43step/s]
[Origin 5/13] 🎲 Drawing Posterior Samples:  74%|███████▍  | 1111/1500 [01:20<01:11,  5.42step/s]
[Origin 5/13] 🎲 Drawing Posterior Samples:  74%|███████▍  | 1112/1500 [01:20<01:09,  5.60step/s]
[Origin 5/13] 🎲 Drawing Posterior Samples:  74%|███████▍  | 1113/1500 [01:20<01:08,  5.65step/s]
[Origin 5/13] 🎲 Drawing Posterior Samples:  74%|███████▍  | 1114/1500 [01:20<01:14,  5.16step/s]
[Origin 5/13] 🎲 Drawing Posterior Samples:  74%|███████▍  | 1115/1500 [01:20<01:12,  5.30step/s]
[Origin 5/13] 🎲 Drawing Posterior Samples:  74%|███████▍  | 1116/1500 [01:21<01:11,  5.34step/s]
[Origin 5/13] 🎲 Drawing Posterior Samples:  74%|███████▍  | 1117/1500 [01:21<01:11,  5.34step/s]
[Origin 5/13] 🎲 Drawing Posterior Samples:  75%|███████▍  | 1118/1500 [01:21<01:12,  5.30step/s]
[Origin 5/13] 🎲 Drawing Posterior Samples:  75%|███████▍  | 1119/1500 [01:21<01:25,  4.46step/s]
[Origin 5/13] 🎲 Drawing Posterior Samples:  75%|███████▍  | 1120/1500 [01:21<01:19,  4.80step/s]
[Origin 5/13] 🎲 Drawing Posterior Samples:  75%|███████▍  | 1121/1500 [01:22<01:16,  4.94step/s]
[Origin 5/13] 🎲 Drawing Posterior Samples:  75%|███████▍  | 1122/1500 [01:22<01:10,  5.34step/s]
[Origin 5/13] 🎲 Drawing Posterior Samples:  75%|███████▍  | 1123/1500 [01:22<01:10,  5.33step/s]
[Origin 5/13] 🎲 Drawing Posterior Samples:  75%|███████▍  | 1124/1500 [01:22<01:09,  5.42step/s]
[Origin 5/13] 🎲 Drawing Posterior Samples:  75%|███████▌  | 1125/1500 [01:22<01:13,  5.07step/s]
[Origin 5/13] 🎲 Drawing Posterior Samples:  75%|███████▌  | 1126/1500 [01:44<41:30,  6.66s/step]
[Origin 5/13] 🎲 Drawing Posterior Samples:  75%|███████▌  | 1129/1500 [01:44<18:08,  2.93s/step]
[Origin 5/13] 🎲 Drawing Posterior Samples:  76%|███████▌  | 1134/1500 [01:44<07:44,  1.27s/step]
[Origin 5/13] 🎲 Drawing Posterior Samples:  76%|███████▌  | 1137/1500 [01:44<05:12,  1.16step/s]
[Origin 5/13] 🎲 Drawing Posterior Samples:  76%|███████▌  | 1142/1500 [01:45<02:56,  2.03step/s]
[Origin 5/13] 🎲 Drawing Posterior Samples:  76%|███████▋  | 1146/1500 [01:45<01:59,  2.97step/s]
[Origin 5/13] 🎲 Drawing Posterior Samples:  77%|███████▋  | 1152/1500 [01:45<01:11,  4.88step/s]
[Origin 5/13] 🎲 Drawing Posterior Samples:  77%|███████▋  | 1156/1500 [01:45<00:53,  6.44step/s]
[Origin 5/13] 🎲 Drawing Posterior Samples:  77%|███████▋  | 1160/1500 [01:45<00:40,  8.33step/s]
[Origin 5/13] 🎲 Drawing Posterior Samples:  78%|███████▊  | 1165/1500 [01:45<00:29, 11.51step/s]
[Origin 5/13] 🎲 Drawing Posterior Samples:  78%|███████▊  | 1169/1500 [01:45<00:24, 13.52step/s]
[Origin 5/13] 🎲 Drawing Posterior Samples:  78%|███████▊  | 1173/1500 [01:45<00:20, 16.26step/s]
[Origin 5/13] 🎲 Drawing Posterior Samples:  79%|███████▊  | 1179/1500 [01:46<00:14, 22.01step/s]
[Origin 5/13] 🎲 Drawing Posterior Samples:  79%|███████▉  | 1183/1500 [01:46<00:12, 24.68step/s]
[Origin 5/13] 🎲 Drawing Posterior Samples:  79%|███████▉  | 1187/1500 [01:46<00:11, 26.91step/s]
[Origin 5/13] 🎲 Drawing Posterior Samples:  79%|███████▉  | 1191/1500 [01:46<00:10, 29.14step/s]
[Origin 5/13] 🎲 Drawing Posterior Samples:  80%|███████▉  | 1197/1500 [01:46<00:08, 34.36step/s]
[Origin 5/13] 🎲 Drawing Posterior Samples:  80%|████████  | 1202/1500 [01:46<00:08, 36.81step/s]
[Origin 5/13] 🎲 Drawing Posterior Samples:  80%|████████  | 1207/1500 [01:46<00:08, 33.71step/s]
[Origin 5/13] 🎲 Drawing Posterior Samples:  81%|████████  | 1211/1500 [01:46<00:08, 35.07step/s]
[Origin 5/13] 🎲 Drawing Posterior Samples:  81%|████████  | 1215/1500 [01:47<00:09, 31.54step/s]
[Origin 5/13] 🎲 Drawing Posterior Samples:  81%|████████▏ | 1219/1500 [01:47<00:08, 33.10step/s]
[Origin 5/13] 🎲 Drawing Posterior Samples:  82%|████████▏ | 1225/1500 [01:47<00:07, 38.02step/s]
[Origin 5/13] 🎲 Drawing Posterior Samples:  82%|████████▏ | 1229/1500 [01:47<00:07, 34.55step/s]
[Origin 5/13] 🎲 Drawing Posterior Samples:  82%|████████▏ | 1233/1500 [01:47<00:08, 31.54step/s]
[Origin 5/13] 🎲 Drawing Posterior Samples:  83%|████████▎ | 1239/1500 [01:47<00:07, 37.02step/s]
[Origin 5/13] 🎲 Drawing Posterior Samples:  83%|████████▎ | 1243/1500 [01:47<00:06, 37.27step/s]
[Origin 5/13] 🎲 Drawing Posterior Samples:  83%|████████▎ | 1247/1500 [01:47<00:06, 37.87step/s]
[Origin 5/13] 🎲 Drawing Posterior Samples:  83%|████████▎ | 1251/1500 [01:48<00:06, 36.03step/s]
[Origin 5/13] 🎲 Drawing Posterior Samples:  84%|████████▎ | 1256/1500 [01:48<00:06, 38.72step/s]
[Origin 5/13] 🎲 Drawing Posterior Samples:  84%|████████▍ | 1260/1500 [01:48<00:07, 33.88step/s]
[Origin 5/13] 🎲 Drawing Posterior Samples:  84%|████████▍ | 1264/1500 [01:48<00:07, 32.69step/s]
[Origin 5/13] 🎲 Drawing Posterior Samples:  85%|████████▍ | 1269/1500 [01:48<00:06, 35.02step/s]
[Origin 5/13] 🎲 Drawing Posterior Samples:  85%|████████▍ | 1273/1500 [01:48<00:06, 32.69step/s]
[Origin 5/13] 🎲 Drawing Posterior Samples:  85%|████████▌ | 1277/1500 [01:48<00:07, 31.64step/s]
[Origin 5/13] 🎲 Drawing Posterior Samples:  85%|████████▌ | 1281/1500 [01:48<00:06, 32.06step/s]
[Origin 5/13] 🎲 Drawing Posterior Samples:  86%|████████▌ | 1285/1500 [01:49<00:07, 30.43step/s]
[Origin 5/13] 🎲 Drawing Posterior Samples:  86%|████████▌ | 1289/1500 [01:49<00:06, 32.18step/s]
[Origin 5/13] 🎲 Drawing Posterior Samples:  86%|████████▌ | 1293/1500 [01:49<00:06, 33.38step/s]
[Origin 5/13] 🎲 Drawing Posterior Samples:  86%|████████▋ | 1297/1500 [01:49<00:05, 34.59step/s]
[Origin 5/13] 🎲 Drawing Posterior Samples:  87%|████████▋ | 1301/1500 [01:49<00:06, 31.69step/s]
[Origin 5/13] 🎲 Drawing Posterior Samples:  87%|████████▋ | 1305/1500 [01:49<00:06, 30.78step/s]
[Origin 5/13] 🎲 Drawing Posterior Samples:  87%|████████▋ | 1309/1500 [01:49<00:06, 28.88step/s]
[Origin 5/13] 🎲 Drawing Posterior Samples:  87%|████████▋ | 1312/1500 [01:50<00:06, 28.22step/s]
[Origin 5/13] 🎲 Drawing Posterior Samples:  88%|████████▊ | 1315/1500 [01:50<00:06, 27.17step/s]
[Origin 5/13] 🎲 Drawing Posterior Samples:  88%|████████▊ | 1318/1500 [01:50<00:06, 26.16step/s]
[Origin 5/13] 🎲 Drawing Posterior Samples:  88%|████████▊ | 1322/1500 [01:50<00:06, 29.18step/s]
[Origin 5/13] 🎲 Drawing Posterior Samples:  88%|████████▊ | 1326/1500 [01:50<00:05, 31.37step/s]
[Origin 5/13] 🎲 Drawing Posterior Samples:  89%|████████▊ | 1330/1500 [01:50<00:05, 31.40step/s]
[Origin 5/13] 🎲 Drawing Posterior Samples:  89%|████████▉ | 1334/1500 [01:50<00:05, 29.19step/s]
[Origin 5/13] 🎲 Drawing Posterior Samples:  89%|████████▉ | 1337/1500 [01:50<00:05, 27.73step/s]
[Origin 5/13] 🎲 Drawing Posterior Samples:  89%|████████▉ | 1341/1500 [01:50<00:05, 30.17step/s]
[Origin 5/13] 🎲 Drawing Posterior Samples:  90%|████████▉ | 1345/1500 [01:51<00:05, 30.00step/s]
[Origin 5/13] 🎲 Drawing Posterior Samples:  90%|████████▉ | 1349/1500 [01:51<00:05, 30.03step/s]
[Origin 5/13] 🎲 Drawing Posterior Samples:  90%|█████████ | 1353/1500 [01:51<00:05, 28.79step/s]
[Origin 5/13] 🎲 Drawing Posterior Samples:  90%|█████████ | 1356/1500 [01:51<00:05, 27.43step/s]
[Origin 5/13] 🎲 Drawing Posterior Samples:  91%|█████████ | 1361/1500 [01:51<00:04, 30.79step/s]
[Origin 5/13] 🎲 Drawing Posterior Samples:  91%|█████████ | 1366/1500 [01:51<00:03, 33.96step/s]
[Origin 5/13] 🎲 Drawing Posterior Samples:  91%|█████████▏| 1370/1500 [01:51<00:04, 31.56step/s]
[Origin 5/13] 🎲 Drawing Posterior Samples:  92%|█████████▏| 1374/1500 [01:52<00:03, 32.71step/s]
[Origin 5/13] 🎲 Drawing Posterior Samples:  92%|█████████▏| 1378/1500 [01:52<00:04, 29.97step/s]
[Origin 5/13] 🎲 Drawing Posterior Samples:  92%|█████████▏| 1382/1500 [01:52<00:03, 31.66step/s]
[Origin 5/13] 🎲 Drawing Posterior Samples:  92%|█████████▏| 1386/1500 [01:52<00:03, 29.76step/s]
[Origin 5/13] 🎲 Drawing Posterior Samples:  93%|█████████▎| 1390/1500 [01:52<00:03, 29.84step/s]
[Origin 5/13] 🎲 Drawing Posterior Samples:  93%|█████████▎| 1394/1500 [01:52<00:03, 28.05step/s]
[Origin 5/13] 🎲 Drawing Posterior Samples:  93%|█████████▎| 1399/1500 [01:52<00:03, 32.97step/s]
[Origin 5/13] 🎲 Drawing Posterior Samples:  94%|█████████▎| 1403/1500 [01:53<00:03, 31.48step/s]
[Origin 5/13] 🎲 Drawing Posterior Samples:  94%|█████████▍| 1407/1500 [01:53<00:02, 31.81step/s]
[Origin 5/13] 🎲 Drawing Posterior Samples:  94%|█████████▍| 1411/1500 [01:53<00:02, 32.10step/s]
[Origin 5/13] 🎲 Drawing Posterior Samples:  94%|█████████▍| 1415/1500 [01:53<00:02, 30.00step/s]
[Origin 5/13] 🎲 Drawing Posterior Samples:  95%|█████████▍| 1419/1500 [01:53<00:02, 31.98step/s]
[Origin 5/13] 🎲 Drawing Posterior Samples:  95%|█████████▍| 1423/1500 [01:53<00:02, 30.30step/s]
[Origin 5/13] 🎲 Drawing Posterior Samples:  95%|█████████▌| 1427/1500 [01:53<00:02, 29.10step/s]
[Origin 5/13] 🎲 Drawing Posterior Samples:  96%|█████████▌| 1433/1500 [01:53<00:01, 34.36step/s]
[Origin 5/13] 🎲 Drawing Posterior Samples:  96%|█████████▌| 1437/1500 [01:54<00:01, 32.45step/s]
[Origin 5/13] 🎲 Drawing Posterior Samples:  96%|█████████▌| 1441/1500 [01:54<00:01, 31.21step/s]
[Origin 5/13] 🎲 Drawing Posterior Samples:  96%|█████████▋| 1445/1500 [01:54<00:01, 31.15step/s]
[Origin 5/13] 🎲 Drawing Posterior Samples:  97%|█████████▋| 1449/1500 [01:54<00:01, 30.52step/s]
[Origin 5/13] 🎲 Drawing Posterior Samples:  97%|█████████▋| 1453/1500 [01:54<00:01, 30.25step/s]
[Origin 5/13] 🎲 Drawing Posterior Samples:  97%|█████████▋| 1457/1500 [01:54<00:01, 31.93step/s]
[Origin 5/13] 🎲 Drawing Posterior Samples:  97%|█████████▋| 1461/1500 [01:54<00:01, 28.81step/s]
[Origin 5/13] 🎲 Drawing Posterior Samples:  98%|█████████▊| 1464/1500 [01:55<00:01, 26.75step/s]
[Origin 5/13] 🎲 Drawing Posterior Samples:  98%|█████████▊| 1467/1500 [01:55<00:03, 10.58step/s]
[Origin 5/13] 🎲 Drawing Posterior Samples:  98%|█████████▊| 1470/1500 [01:56<00:04,  7.40step/s]
[Origin 5/13] 🎲 Drawing Posterior Samples:  98%|█████████▊| 1472/1500 [01:57<00:04,  6.33step/s]
[Origin 5/13] 🎲 Drawing Posterior Samples:  98%|█████████▊| 1474/1500 [01:57<00:04,  6.01step/s]
[Origin 5/13] 🎲 Drawing Posterior Samples:  98%|█████████▊| 1475/1500 [01:57<00:04,  5.79step/s]
[Origin 5/13] 🎲 Drawing Posterior Samples:  98%|█████████▊| 1476/1500 [01:58<00:05,  4.78step/s]
[Origin 5/13] 🎲 Drawing Posterior Samples:  98%|█████████▊| 1477/1500 [01:58<00:05,  4.35step/s]
[Origin 5/13] 🎲 Drawing Posterior Samples:  99%|█████████▊| 1478/1500 [01:58<00:05,  4.30step/s]
[Origin 5/13] 🎲 Drawing Posterior Samples:  99%|█████████▊| 1479/1500 [01:58<00:04,  4.75step/s]
[Origin 5/13] 🎲 Drawing Posterior Samples:  99%|█████████▊| 1480/1500 [01:59<00:04,  4.13step/s]
[Origin 5/13] 🎲 Drawing Posterior Samples:  99%|█████████▊| 1481/1500 [01:59<00:04,  4.16step/s]
[Origin 5/13] 🎲 Drawing Posterior Samples:  99%|█████████▉| 1482/1500 [01:59<00:04,  3.88step/s]
[Origin 5/13] 🎲 Drawing Posterior Samples:  99%|█████████▉| 1483/1500 [01:59<00:04,  3.97step/s]
[Origin 5/13] 🎲 Drawing Posterior Samples:  99%|█████████▉| 1484/1500 [02:00<00:04,  3.65step/s]
[Origin 5/13] 🎲 Drawing Posterior Samples:  99%|█████████▉| 1485/1500 [02:00<00:03,  3.94step/s]
[Origin 5/13] 🎲 Drawing Posterior Samples:  99%|█████████▉| 1486/1500 [02:00<00:03,  4.56step/s]
[Origin 5/13] 🎲 Drawing Posterior Samples:  99%|█████████▉| 1487/1500 [02:00<00:02,  4.46step/s]
[Origin 5/13] 🎲 Drawing Posterior Samples:  99%|█████████▉| 1488/1500 [02:00<00:02,  4.96step/s]
[Origin 5/13] 🎲 Drawing Posterior Samples:  99%|█████████▉| 1489/1500 [02:01<00:02,  5.21step/s]
[Origin 5/13] 🎲 Drawing Posterior Samples:  99%|█████████▉| 1490/1500 [02:01<00:02,  4.46step/s]
[Origin 5/13] 🎲 Drawing Posterior Samples:  99%|█████████▉| 1491/1500 [02:01<00:01,  4.76step/s]
[Origin 5/13] 🎲 Drawing Posterior Samples:  99%|█████████▉| 1492/1500 [02:01<00:01,  4.72step/s]
[Origin 5/13] 🎲 Drawing Posterior Samples: 100%|█████████▉| 1493/1500 [02:02<00:01,  4.55step/s]
[Origin 5/13] 🎲 Drawing Posterior Samples: 100%|█████████▉| 1494/1500 [02:02<00:01,  4.13step/s]
[Origin 5/13] 🎲 Drawing Posterior Samples: 100%|█████████▉| 1495/1500 [02:02<00:01,  4.12step/s]
[Origin 5/13] 🎲 Drawing Posterior Samples: 100%|█████████▉| 1496/1500 [02:02<00:00,  4.10step/s]
[Origin 5/13] 🎲 Drawing Posterior Samples: 100%|█████████▉| 1497/1500 [02:03<00:00,  3.86step/s]
[Origin 5/13] 🎲 Drawing Posterior Samples: 100%|█████████▉| 1498/1500 [02:03<00:00,  4.30step/s]
[Origin 5/13] 🎲 Drawing Posterior Samples: 100%|█████████▉| 1499/1500 [02:03<00:00,  4.93step/s]
[Origin 5/13] 🎲 Drawing Posterior Samples: 100%|██████████| 1500/1500 [02:03<00:00,  5.36step/s]
                                                                                                 

[Origin 6/13] 🎲 Drawing Posterior Samples:   0%|          | 0/1504 [00:00<?, ?step/s]
[Origin 6/13] 🎲 Drawing Posterior Samples:   1%|          | 10/1504 [00:00<00:16, 90.35step/s]
[Origin 6/13] 🎲 Drawing Posterior Samples:   1%|▏         | 20/1504 [00:00<00:25, 58.30step/s]
[Origin 6/13] 🎲 Drawing Posterior Samples:   2%|▏         | 27/1504 [00:00<00:32, 45.55step/s]
[Origin 6/13] 🎲 Drawing Posterior Samples:   2%|▏         | 33/1504 [00:00<00:42, 34.74step/s]
[Origin 6/13] 🎲 Drawing Posterior Samples:   2%|▏         | 37/1504 [00:00<00:43, 33.67step/s]
[Origin 6/13] 🎲 Drawing Posterior Samples:   3%|▎         | 42/1504 [00:01<00:42, 34.35step/s]
[Origin 6/13] 🎲 Drawing Posterior Samples:   3%|▎         | 46/1504 [00:01<00:48, 30.24step/s]
[Origin 6/13] 🎲 Drawing Posterior Samples:   3%|▎         | 50/1504 [00:01<00:50, 29.02step/s]
[Origin 6/13] 🎲 Drawing Posterior Samples:   4%|▎         | 54/1504 [00:01<00:47, 30.22step/s]
[Origin 6/13] 🎲 Drawing Posterior Samples:   4%|▍         | 58/1504 [00:01<00:48, 29.84step/s]
[Origin 6/13] 🎲 Drawing Posterior Samples:   4%|▍         | 62/1504 [00:01<00:54, 26.60step/s]
[Origin 6/13] 🎲 Drawing Posterior Samples:   4%|▍         | 65/1504 [00:01<00:53, 26.80step/s]
[Origin 6/13] 🎲 Drawing Posterior Samples:   5%|▍         | 68/1504 [00:02<00:54, 26.46step/s]
[Origin 6/13] 🎲 Drawing Posterior Samples:   5%|▍         | 71/1504 [00:02<00:53, 26.84step/s]
[Origin 6/13] 🎲 Drawing Posterior Samples:   5%|▍         | 74/1504 [00:02<00:57, 24.86step/s]
[Origin 6/13] 🎲 Drawing Posterior Samples:   5%|▌         | 77/1504 [00:02<00:59, 23.87step/s]
[Origin 6/13] 🎲 Drawing Posterior Samples:   5%|▌         | 80/1504 [00:02<00:59, 24.10step/s]
[Origin 6/13] 🎲 Drawing Posterior Samples:   6%|▌         | 84/1504 [00:02<00:55, 25.49step/s]
[Origin 6/13] 🎲 Drawing Posterior Samples:   6%|▌         | 88/1504 [00:02<00:51, 27.62step/s]
[Origin 6/13] 🎲 Drawing Posterior Samples:   6%|▌         | 92/1504 [00:02<00:48, 29.39step/s]
[Origin 6/13] 🎲 Drawing Posterior Samples:   6%|▋         | 95/1504 [00:03<00:51, 27.19step/s]
[Origin 6/13] 🎲 Drawing Posterior Samples:   7%|▋         | 98/1504 [00:03<00:55, 25.11step/s]
[Origin 6/13] 🎲 Drawing Posterior Samples:   7%|▋         | 101/1504 [00:03<01:01, 22.80step/s]
[Origin 6/13] 🎲 Drawing Posterior Samples:   7%|▋         | 104/1504 [00:03<01:00, 22.98step/s]
[Origin 6/13] 🎲 Drawing Posterior Samples:   7%|▋         | 107/1504 [00:03<01:00, 23.20step/s]
[Origin 6/13] 🎲 Drawing Posterior Samples:   7%|▋         | 110/1504 [00:03<01:01, 22.53step/s]
[Origin 6/13] 🎲 Drawing Posterior Samples:   8%|▊         | 113/1504 [00:03<01:06, 20.87step/s]
[Origin 6/13] 🎲 Drawing Posterior Samples:   8%|▊         | 116/1504 [00:04<01:08, 20.41step/s]
[Origin 6/13] 🎲 Drawing Posterior Samples:   8%|▊         | 119/1504 [00:04<01:07, 20.42step/s]
[Origin 6/13] 🎲 Drawing Posterior Samples:   8%|▊         | 122/1504 [00:04<01:06, 20.80step/s]
[Origin 6/13] 🎲 Drawing Posterior Samples:   8%|▊         | 126/1504 [00:04<00:59, 23.06step/s]
[Origin 6/13] 🎲 Drawing Posterior Samples:   9%|▊         | 129/1504 [00:04<00:58, 23.59step/s]
[Origin 6/13] 🎲 Drawing Posterior Samples:   9%|▉         | 132/1504 [00:04<00:56, 24.28step/s]
[Origin 6/13] 🎲 Drawing Posterior Samples:   9%|▉         | 136/1504 [00:04<00:52, 25.93step/s]
[Origin 6/13] 🎲 Drawing Posterior Samples:   9%|▉         | 139/1504 [00:05<00:57, 23.76step/s]
[Origin 6/13] 🎲 Drawing Posterior Samples:   9%|▉         | 142/1504 [00:05<01:00, 22.46step/s]
[Origin 6/13] 🎲 Drawing Posterior Samples:  10%|▉         | 145/1504 [00:05<00:58, 23.04step/s]
[Origin 6/13] 🎲 Drawing Posterior Samples:  10%|▉         | 148/1504 [00:05<01:01, 21.93step/s]
[Origin 6/13] 🎲 Drawing Posterior Samples:  10%|█         | 151/1504 [00:05<01:01, 22.01step/s]
[Origin 6/13] 🎲 Drawing Posterior Samples:  10%|█         | 155/1504 [00:05<00:53, 25.05step/s]
[Origin 6/13] 🎲 Drawing Posterior Samples:  11%|█         | 158/1504 [00:05<00:56, 23.90step/s]
[Origin 6/13] 🎲 Drawing Posterior Samples:  11%|█         | 162/1504 [00:06<00:52, 25.76step/s]
[Origin 6/13] 🎲 Drawing Posterior Samples:  11%|█         | 165/1504 [00:06<00:52, 25.34step/s]
[Origin 6/13] 🎲 Drawing Posterior Samples:  11%|█         | 168/1504 [00:06<00:55, 24.00step/s]
[Origin 6/13] 🎲 Drawing Posterior Samples:  11%|█▏        | 172/1504 [00:06<00:51, 26.11step/s]
[Origin 6/13] 🎲 Drawing Posterior Samples:  12%|█▏        | 175/1504 [00:06<00:49, 26.80step/s]
[Origin 6/13] 🎲 Drawing Posterior Samples:  12%|█▏        | 179/1504 [00:06<00:47, 27.99step/s]
[Origin 6/13] 🎲 Drawing Posterior Samples:  12%|█▏        | 182/1504 [00:06<00:51, 25.54step/s]
[Origin 6/13] 🎲 Drawing Posterior Samples:  12%|█▏        | 185/1504 [00:06<00:51, 25.60step/s]
[Origin 6/13] 🎲 Drawing Posterior Samples:  12%|█▎        | 188/1504 [00:07<00:51, 25.75step/s]
[Origin 6/13] 🎲 Drawing Posterior Samples:  13%|█▎        | 191/1504 [00:07<00:54, 23.92step/s]
[Origin 6/13] 🎲 Drawing Posterior Samples:  13%|█▎        | 194/1504 [00:07<00:57, 22.71step/s]
[Origin 6/13] 🎲 Drawing Posterior Samples:  13%|█▎        | 198/1504 [00:07<00:53, 24.51step/s]
[Origin 6/13] 🎲 Drawing Posterior Samples:  13%|█▎        | 201/1504 [00:07<00:52, 24.81step/s]
[Origin 6/13] 🎲 Drawing Posterior Samples:  14%|█▎        | 205/1504 [00:07<00:49, 26.25step/s]
[Origin 6/13] 🎲 Drawing Posterior Samples:  14%|█▍        | 208/1504 [00:07<00:50, 25.89step/s]
[Origin 6/13] 🎲 Drawing Posterior Samples:  14%|█▍        | 211/1504 [00:07<00:51, 24.89step/s]
[Origin 6/13] 🎲 Drawing Posterior Samples:  14%|█▍        | 214/1504 [00:08<00:50, 25.32step/s]
[Origin 6/13] 🎲 Drawing Posterior Samples:  14%|█▍        | 218/1504 [00:08<00:44, 28.71step/s]
[Origin 6/13] 🎲 Drawing Posterior Samples:  15%|█▍        | 221/1504 [00:08<00:46, 27.87step/s]
[Origin 6/13] 🎲 Drawing Posterior Samples:  15%|█▍        | 224/1504 [00:08<00:47, 27.21step/s]
[Origin 6/13] 🎲 Drawing Posterior Samples:  15%|█▌        | 228/1504 [00:08<00:41, 30.56step/s]
[Origin 6/13] 🎲 Drawing Posterior Samples:  15%|█▌        | 232/1504 [00:08<00:41, 30.84step/s]
[Origin 6/13] 🎲 Drawing Posterior Samples:  16%|█▌        | 236/1504 [00:08<00:43, 28.89step/s]
[Origin 6/13] 🎲 Drawing Posterior Samples:  16%|█▌        | 242/1504 [00:08<00:35, 35.34step/s]
[Origin 6/13] 🎲 Drawing Posterior Samples:  16%|█▋        | 246/1504 [00:09<00:38, 32.91step/s]
[Origin 6/13] 🎲 Drawing Posterior Samples:  17%|█▋        | 251/1504 [00:09<00:35, 35.56step/s]
[Origin 6/13] 🎲 Drawing Posterior Samples:  17%|█▋        | 255/1504 [00:09<00:34, 36.43step/s]
[Origin 6/13] 🎲 Drawing Posterior Samples:  17%|█▋        | 261/1504 [00:09<00:33, 37.10step/s]
[Origin 6/13] 🎲 Drawing Posterior Samples:  18%|█▊        | 265/1504 [00:09<00:36, 34.33step/s]
[Origin 6/13] 🎲 Drawing Posterior Samples:  18%|█▊        | 269/1504 [00:09<00:36, 33.93step/s]
[Origin 6/13] 🎲 Drawing Posterior Samples:  18%|█▊        | 275/1504 [00:09<00:34, 36.03step/s]
[Origin 6/13] 🎲 Drawing Posterior Samples:  19%|█▊        | 280/1504 [00:09<00:31, 38.53step/s]
[Origin 6/13] 🎲 Drawing Posterior Samples:  19%|█▉        | 284/1504 [00:10<00:33, 36.84step/s]
[Origin 6/13] 🎲 Drawing Posterior Samples:  19%|█▉        | 290/1504 [00:10<00:30, 39.33step/s]
[Origin 6/13] 🎲 Drawing Posterior Samples:  20%|█▉        | 294/1504 [00:10<00:33, 35.89step/s]
[Origin 6/13] 🎲 Drawing Posterior Samples:  20%|█▉        | 299/1504 [00:10<00:32, 36.99step/s]
[Origin 6/13] 🎲 Drawing Posterior Samples:  20%|██        | 305/1504 [00:10<00:29, 40.89step/s]
[Origin 6/13] 🎲 Drawing Posterior Samples:  21%|██        | 310/1504 [00:10<00:30, 38.74step/s]
[Origin 6/13] 🎲 Drawing Posterior Samples:  21%|██        | 315/1504 [00:10<00:30, 39.38step/s]
[Origin 6/13] 🎲 Drawing Posterior Samples:  21%|██        | 319/1504 [00:11<00:34, 34.40step/s]
[Origin 6/13] 🎲 Drawing Posterior Samples:  21%|██▏       | 323/1504 [00:11<00:35, 33.38step/s]
[Origin 6/13] 🎲 Drawing Posterior Samples:  22%|██▏       | 329/1504 [00:11<00:31, 37.12step/s]
[Origin 6/13] 🎲 Drawing Posterior Samples:  22%|██▏       | 334/1504 [00:11<00:29, 39.38step/s]
[Origin 6/13] 🎲 Drawing Posterior Samples:  23%|██▎       | 339/1504 [00:11<00:32, 35.78step/s]
[Origin 6/13] 🎲 Drawing Posterior Samples:  23%|██▎       | 343/1504 [00:12<00:59, 19.36step/s]
[Origin 6/13] 🎲 Drawing Posterior Samples:  23%|██▎       | 346/1504 [00:12<01:29, 12.95step/s]
[Origin 6/13] 🎲 Drawing Posterior Samples:  23%|██▎       | 349/1504 [00:13<02:14,  8.61step/s]
[Origin 6/13] 🎲 Drawing Posterior Samples:  23%|██▎       | 351/1504 [00:13<02:39,  7.23step/s]
[Origin 6/13] 🎲 Drawing Posterior Samples:  23%|██▎       | 353/1504 [00:14<03:07,  6.14step/s]
[Origin 6/13] 🎲 Drawing Posterior Samples:  24%|██▎       | 355/1504 [00:14<03:10,  6.03step/s]
[Origin 6/13] 🎲 Drawing Posterior Samples:  24%|██▎       | 356/1504 [00:14<03:06,  6.14step/s]
[Origin 6/13] 🎲 Drawing Posterior Samples:  24%|██▎       | 357/1504 [00:14<03:06,  6.14step/s]
[Origin 6/13] 🎲 Drawing Posterior Samples:  24%|██▍       | 358/1504 [00:15<03:33,  5.36step/s]
[Origin 6/13] 🎲 Drawing Posterior Samples:  24%|██▍       | 359/1504 [00:15<03:27,  5.53step/s]
[Origin 6/13] 🎲 Drawing Posterior Samples:  24%|██▍       | 360/1504 [00:15<03:34,  5.34step/s]
[Origin 6/13] 🎲 Drawing Posterior Samples:  24%|██▍       | 361/1504 [00:15<03:40,  5.18step/s]
[Origin 6/13] 🎲 Drawing Posterior Samples:  24%|██▍       | 362/1504 [00:15<03:35,  5.30step/s]
[Origin 6/13] 🎲 Drawing Posterior Samples:  24%|██▍       | 363/1504 [00:16<03:23,  5.62step/s]
[Origin 6/13] 🎲 Drawing Posterior Samples:  24%|██▍       | 364/1504 [00:16<03:25,  5.56step/s]
[Origin 6/13] 🎲 Drawing Posterior Samples:  24%|██▍       | 365/1504 [00:16<03:25,  5.54step/s]
[Origin 6/13] 🎲 Drawing Posterior Samples:  24%|██▍       | 366/1504 [00:16<03:40,  5.15step/s]
[Origin 6/13] 🎲 Drawing Posterior Samples:  24%|██▍       | 367/1504 [00:16<03:26,  5.50step/s]
[Origin 6/13] 🎲 Drawing Posterior Samples:  24%|██▍       | 368/1504 [00:17<03:25,  5.54step/s]
[Origin 6/13] 🎲 Drawing Posterior Samples:  25%|██▍       | 369/1504 [00:17<04:00,  4.72step/s]
[Origin 6/13] 🎲 Drawing Posterior Samples:  25%|██▍       | 370/1504 [00:17<03:56,  4.79step/s]
[Origin 6/13] 🎲 Drawing Posterior Samples:  25%|██▍       | 371/1504 [00:17<04:11,  4.50step/s]
[Origin 6/13] 🎲 Drawing Posterior Samples:  25%|██▍       | 372/1504 [00:17<03:50,  4.91step/s]
[Origin 6/13] 🎲 Drawing Posterior Samples:  25%|██▍       | 373/1504 [00:18<03:53,  4.84step/s]
[Origin 6/13] 🎲 Drawing Posterior Samples:  25%|██▍       | 374/1504 [00:18<03:57,  4.76step/s]
[Origin 6/13] 🎲 Drawing Posterior Samples:  25%|██▍       | 375/1504 [00:18<04:02,  4.66step/s]
[Origin 6/13] 🎲 Drawing Posterior Samples:  25%|██▌       | 376/1504 [00:18<04:00,  4.69step/s]
[Origin 6/13] 🎲 Drawing Posterior Samples:  25%|██▌       | 377/1504 [00:35<1:35:17,  5.07s/step]
[Origin 6/13] 🎲 Drawing Posterior Samples:  25%|██▌       | 382/1504 [00:35<30:33,  1.63s/step]  
[Origin 6/13] 🎲 Drawing Posterior Samples:  26%|██▌       | 391/1504 [00:35<11:09,  1.66step/s]
[Origin 6/13] 🎲 Drawing Posterior Samples:  26%|██▋       | 397/1504 [00:35<07:02,  2.62step/s]
[Origin 6/13] 🎲 Drawing Posterior Samples:  27%|██▋       | 403/1504 [00:35<04:39,  3.94step/s]
[Origin 6/13] 🎲 Drawing Posterior Samples:  27%|██▋       | 408/1504 [00:35<03:23,  5.40step/s]
[Origin 6/13] 🎲 Drawing Posterior Samples:  28%|██▊       | 415/1504 [00:35<02:13,  8.14step/s]
[Origin 6/13] 🎲 Drawing Posterior Samples:  28%|██▊       | 421/1504 [00:36<01:41, 10.68step/s]
[Origin 6/13] 🎲 Drawing Posterior Samples:  28%|██▊       | 426/1504 [00:36<01:22, 13.09step/s]
[Origin 6/13] 🎲 Drawing Posterior Samples:  29%|██▊       | 431/1504 [00:36<01:05, 16.32step/s]
[Origin 6/13] 🎲 Drawing Posterior Samples:  29%|██▉       | 436/1504 [00:36<00:53, 19.98step/s]
[Origin 6/13] 🎲 Drawing Posterior Samples:  29%|██▉       | 441/1504 [00:36<00:46, 22.66step/s]
[Origin 6/13] 🎲 Drawing Posterior Samples:  30%|██▉       | 446/1504 [00:36<00:40, 26.30step/s]
[Origin 6/13] 🎲 Drawing Posterior Samples:  30%|██▉       | 451/1504 [00:36<00:35, 29.44step/s]
[Origin 6/13] 🎲 Drawing Posterior Samples:  30%|███       | 456/1504 [00:37<00:34, 30.63step/s]
[Origin 6/13] 🎲 Drawing Posterior Samples:  31%|███       | 462/1504 [00:37<00:29, 35.58step/s]
[Origin 6/13] 🎲 Drawing Posterior Samples:  31%|███       | 467/1504 [00:37<00:28, 36.49step/s]
[Origin 6/13] 🎲 Drawing Posterior Samples:  31%|███▏      | 472/1504 [00:37<00:28, 36.05step/s]
[Origin 6/13] 🎲 Drawing Posterior Samples:  32%|███▏      | 476/1504 [00:37<00:27, 36.75step/s]
[Origin 6/13] 🎲 Drawing Posterior Samples:  32%|███▏      | 481/1504 [00:37<00:26, 39.04step/s]
[Origin 6/13] 🎲 Drawing Posterior Samples:  32%|███▏      | 486/1504 [00:37<00:24, 41.04step/s]
[Origin 6/13] 🎲 Drawing Posterior Samples:  33%|███▎      | 491/1504 [00:37<00:26, 38.22step/s]
[Origin 6/13] 🎲 Drawing Posterior Samples:  33%|███▎      | 496/1504 [00:38<00:26, 38.07step/s]
[Origin 6/13] 🎲 Drawing Posterior Samples:  33%|███▎      | 501/1504 [00:38<00:24, 40.38step/s]
[Origin 6/13] 🎲 Drawing Posterior Samples:  34%|███▎      | 506/1504 [00:38<00:26, 37.66step/s]
[Origin 6/13] 🎲 Drawing Posterior Samples:  34%|███▍      | 512/1504 [00:38<00:23, 41.66step/s]
[Origin 6/13] 🎲 Drawing Posterior Samples:  34%|███▍      | 517/1504 [00:38<00:25, 38.60step/s]
[Origin 6/13] 🎲 Drawing Posterior Samples:  35%|███▍      | 521/1504 [00:38<00:27, 36.40step/s]
[Origin 6/13] 🎲 Drawing Posterior Samples:  35%|███▍      | 526/1504 [00:38<00:24, 39.12step/s]
[Origin 6/13] 🎲 Drawing Posterior Samples:  35%|███▌      | 531/1504 [00:38<00:24, 39.68step/s]
[Origin 6/13] 🎲 Drawing Posterior Samples:  36%|███▌      | 536/1504 [00:39<00:24, 40.21step/s]
[Origin 6/13] 🎲 Drawing Posterior Samples:  36%|███▌      | 541/1504 [00:39<00:25, 37.85step/s]
[Origin 6/13] 🎲 Drawing Posterior Samples:  36%|███▋      | 546/1504 [00:39<00:24, 39.43step/s]
[Origin 6/13] 🎲 Drawing Posterior Samples:  37%|███▋      | 551/1504 [00:39<00:24, 39.56step/s]
[Origin 6/13] 🎲 Drawing Posterior Samples:  37%|███▋      | 556/1504 [00:39<00:24, 39.31step/s]
[Origin 6/13] 🎲 Drawing Posterior Samples:  37%|███▋      | 562/1504 [00:39<00:21, 42.86step/s]
[Origin 6/13] 🎲 Drawing Posterior Samples:  38%|███▊      | 567/1504 [00:39<00:24, 38.10step/s]
[Origin 6/13] 🎲 Drawing Posterior Samples:  38%|███▊      | 571/1504 [00:39<00:24, 37.92step/s]
[Origin 6/13] 🎲 Drawing Posterior Samples:  38%|███▊      | 577/1504 [00:40<00:22, 41.93step/s]
[Origin 6/13] 🎲 Drawing Posterior Samples:  39%|███▊      | 582/1504 [00:40<00:22, 40.14step/s]
[Origin 6/13] 🎲 Drawing Posterior Samples:  39%|███▉      | 587/1504 [00:40<00:22, 41.14step/s]
[Origin 6/13] 🎲 Drawing Posterior Samples:  39%|███▉      | 592/1504 [00:40<00:23, 39.02step/s]
[Origin 6/13] 🎲 Drawing Posterior Samples:  40%|███▉      | 596/1504 [00:40<00:23, 38.95step/s]
[Origin 6/13] 🎲 Drawing Posterior Samples:  40%|███▉      | 601/1504 [00:40<00:22, 39.91step/s]
[Origin 6/13] 🎲 Drawing Posterior Samples:  40%|████      | 606/1504 [00:40<00:22, 39.39step/s]
[Origin 6/13] 🎲 Drawing Posterior Samples:  41%|████      | 612/1504 [00:40<00:21, 41.05step/s]
[Origin 6/13] 🎲 Drawing Posterior Samples:  41%|████      | 617/1504 [00:41<00:22, 38.89step/s]
[Origin 6/13] 🎲 Drawing Posterior Samples:  41%|████▏     | 621/1504 [00:41<00:23, 38.21step/s]
[Origin 6/13] 🎲 Drawing Posterior Samples:  42%|████▏     | 627/1504 [00:41<00:20, 41.90step/s]
[Origin 6/13] 🎲 Drawing Posterior Samples:  42%|████▏     | 632/1504 [00:41<00:22, 38.90step/s]
[Origin 6/13] 🎲 Drawing Posterior Samples:  42%|████▏     | 636/1504 [00:41<00:23, 37.24step/s]
[Origin 6/13] 🎲 Drawing Posterior Samples:  43%|████▎     | 641/1504 [00:41<00:21, 40.41step/s]
[Origin 6/13] 🎲 Drawing Posterior Samples:  43%|████▎     | 646/1504 [00:41<00:21, 40.66step/s]
[Origin 6/13] 🎲 Drawing Posterior Samples:  43%|████▎     | 651/1504 [00:41<00:20, 40.71step/s]
[Origin 6/13] 🎲 Drawing Posterior Samples:  44%|████▎     | 656/1504 [00:42<00:21, 40.11step/s]
[Origin 6/13] 🎲 Drawing Posterior Samples:  44%|████▍     | 661/1504 [00:42<00:20, 40.26step/s]
[Origin 6/13] 🎲 Drawing Posterior Samples:  44%|████▍     | 666/1504 [00:42<00:21, 38.38step/s]
[Origin 6/13] 🎲 Drawing Posterior Samples:  45%|████▍     | 671/1504 [00:42<00:22, 37.43step/s]
[Origin 6/13] 🎲 Drawing Posterior Samples:  45%|████▍     | 676/1504 [00:42<00:20, 40.41step/s]
[Origin 6/13] 🎲 Drawing Posterior Samples:  45%|████▌     | 681/1504 [00:42<00:20, 40.40step/s]
[Origin 6/13] 🎲 Drawing Posterior Samples:  46%|████▌     | 686/1504 [00:42<00:20, 39.29step/s]
[Origin 6/13] 🎲 Drawing Posterior Samples:  46%|████▌     | 690/1504 [00:42<00:21, 38.33step/s]
[Origin 6/13] 🎲 Drawing Posterior Samples:  46%|████▌     | 695/1504 [00:43<00:19, 41.33step/s]
[Origin 6/13] 🎲 Drawing Posterior Samples:  47%|████▋     | 700/1504 [00:43<00:19, 41.42step/s]
[Origin 6/13] 🎲 Drawing Posterior Samples:  47%|████▋     | 705/1504 [00:43<00:20, 38.77step/s]
[Origin 6/13] 🎲 Drawing Posterior Samples:  47%|████▋     | 710/1504 [00:43<00:20, 39.69step/s]
[Origin 6/13] 🎲 Drawing Posterior Samples:  48%|████▊     | 715/1504 [00:43<00:19, 40.04step/s]
[Origin 6/13] 🎲 Drawing Posterior Samples:  48%|████▊     | 720/1504 [00:44<00:43, 17.94step/s]
[Origin 6/13] 🎲 Drawing Posterior Samples:  48%|████▊     | 724/1504 [00:44<00:56, 13.76step/s]
[Origin 6/13] 🎲 Drawing Posterior Samples:  48%|████▊     | 727/1504 [00:45<01:11, 10.89step/s]
[Origin 6/13] 🎲 Drawing Posterior Samples:  48%|████▊     | 729/1504 [00:45<01:24,  9.19step/s]
[Origin 6/13] 🎲 Drawing Posterior Samples:  49%|████▊     | 731/1504 [00:45<01:40,  7.67step/s]
[Origin 6/13] 🎲 Drawing Posterior Samples:  49%|████▊     | 733/1504 [00:46<01:49,  7.06step/s]
[Origin 6/13] 🎲 Drawing Posterior Samples:  49%|████▉     | 734/1504 [00:46<01:53,  6.77step/s]
[Origin 6/13] 🎲 Drawing Posterior Samples:  49%|████▉     | 735/1504 [00:46<02:03,  6.20step/s]
[Origin 6/13] 🎲 Drawing Posterior Samples:  49%|████▉     | 736/1504 [00:46<02:14,  5.70step/s]
[Origin 6/13] 🎲 Drawing Posterior Samples:  49%|████▉     | 737/1504 [00:47<02:20,  5.46step/s]
[Origin 6/13] 🎲 Drawing Posterior Samples:  49%|████▉     | 738/1504 [00:47<02:16,  5.62step/s]
[Origin 6/13] 🎲 Drawing Posterior Samples:  49%|████▉     | 739/1504 [00:47<02:21,  5.42step/s]
[Origin 6/13] 🎲 Drawing Posterior Samples:  49%|████▉     | 740/1504 [00:47<02:22,  5.38step/s]
[Origin 6/13] 🎲 Drawing Posterior Samples:  49%|████▉     | 741/1504 [00:48<02:46,  4.59step/s]
[Origin 6/13] 🎲 Drawing Posterior Samples:  49%|████▉     | 742/1504 [00:48<02:58,  4.27step/s]
[Origin 6/13] 🎲 Drawing Posterior Samples:  49%|████▉     | 743/1504 [00:48<02:40,  4.75step/s]
[Origin 6/13] 🎲 Drawing Posterior Samples:  49%|████▉     | 744/1504 [00:48<02:34,  4.91step/s]
[Origin 6/13] 🎲 Drawing Posterior Samples:  50%|████▉     | 745/1504 [00:48<02:29,  5.09step/s]
[Origin 6/13] 🎲 Drawing Posterior Samples:  50%|████▉     | 746/1504 [00:49<02:49,  4.48step/s]
[Origin 6/13] 🎲 Drawing Posterior Samples:  50%|████▉     | 747/1504 [00:49<02:50,  4.44step/s]
[Origin 6/13] 🎲 Drawing Posterior Samples:  50%|████▉     | 748/1504 [00:49<02:52,  4.38step/s]
[Origin 6/13] 🎲 Drawing Posterior Samples:  50%|████▉     | 749/1504 [00:49<02:38,  4.75step/s]
[Origin 6/13] 🎲 Drawing Posterior Samples:  50%|████▉     | 750/1504 [00:49<02:32,  4.93step/s]
[Origin 6/13] 🎲 Drawing Posterior Samples:  50%|████▉     | 751/1504 [00:50<02:32,  4.95step/s]
[Origin 6/13] 🎲 Drawing Posterior Samples:  50%|█████     | 752/1504 [00:50<02:23,  5.24step/s]
[Origin 6/13] 🎲 Drawing Posterior Samples:  50%|█████     | 753/1504 [01:06<1:01:45,  4.93s/step]
[Origin 6/13] 🎲 Drawing Posterior Samples:  50%|█████     | 759/1504 [01:06<17:23,  1.40s/step]  
[Origin 6/13] 🎲 Drawing Posterior Samples:  51%|█████     | 764/1504 [01:06<09:25,  1.31step/s]
[Origin 6/13] 🎲 Drawing Posterior Samples:  51%|█████     | 768/1504 [01:06<06:15,  1.96step/s]
[Origin 6/13] 🎲 Drawing Posterior Samples:  51%|█████▏    | 774/1504 [01:06<03:39,  3.32step/s]
[Origin 6/13] 🎲 Drawing Posterior Samples:  52%|█████▏    | 778/1504 [01:06<02:42,  4.48step/s]
[Origin 6/13] 🎲 Drawing Posterior Samples:  52%|█████▏    | 784/1504 [01:07<01:44,  6.89step/s]
[Origin 6/13] 🎲 Drawing Posterior Samples:  52%|█████▏    | 789/1504 [01:07<01:16,  9.30step/s]
[Origin 6/13] 🎲 Drawing Posterior Samples:  53%|█████▎    | 794/1504 [01:07<00:57, 12.30step/s]
[Origin 6/13] 🎲 Drawing Posterior Samples:  53%|█████▎    | 799/1504 [01:07<00:45, 15.61step/s]
[Origin 6/13] 🎲 Drawing Posterior Samples:  53%|█████▎    | 804/1504 [01:07<00:36, 19.25step/s]
[Origin 6/13] 🎲 Drawing Posterior Samples:  54%|█████▍    | 810/1504 [01:07<00:28, 24.41step/s]
[Origin 6/13] 🎲 Drawing Posterior Samples:  54%|█████▍    | 815/1504 [01:07<00:26, 26.34step/s]
[Origin 6/13] 🎲 Drawing Posterior Samples:  55%|█████▍    | 821/1504 [01:07<00:22, 31.03step/s]
[Origin 6/13] 🎲 Drawing Posterior Samples:  55%|█████▍    | 826/1504 [01:08<00:20, 33.79step/s]
[Origin 6/13] 🎲 Drawing Posterior Samples:  55%|█████▌    | 831/1504 [01:08<00:20, 33.49step/s]
[Origin 6/13] 🎲 Drawing Posterior Samples:  56%|█████▌    | 837/1504 [01:08<00:17, 37.95step/s]
[Origin 6/13] 🎲 Drawing Posterior Samples:  56%|█████▌    | 842/1504 [01:08<00:17, 38.66step/s]
[Origin 6/13] 🎲 Drawing Posterior Samples:  56%|█████▋    | 847/1504 [01:08<00:17, 37.21step/s]
[Origin 6/13] 🎲 Drawing Posterior Samples:  57%|█████▋    | 853/1504 [01:08<00:15, 40.94step/s]
[Origin 6/13] 🎲 Drawing Posterior Samples:  57%|█████▋    | 858/1504 [01:08<00:15, 40.80step/s]
[Origin 6/13] 🎲 Drawing Posterior Samples:  57%|█████▋    | 863/1504 [01:08<00:16, 39.27step/s]
[Origin 6/13] 🎲 Drawing Posterior Samples:  58%|█████▊    | 868/1504 [01:09<00:15, 40.20step/s]
[Origin 6/13] 🎲 Drawing Posterior Samples:  58%|█████▊    | 873/1504 [01:09<00:15, 40.63step/s]
[Origin 6/13] 🎲 Drawing Posterior Samples:  58%|█████▊    | 878/1504 [01:09<00:15, 39.65step/s]
[Origin 6/13] 🎲 Drawing Posterior Samples:  59%|█████▊    | 883/1504 [01:09<00:15, 39.62step/s]
[Origin 6/13] 🎲 Drawing Posterior Samples:  59%|█████▉    | 889/1504 [01:09<00:14, 41.50step/s]
[Origin 6/13] 🎲 Drawing Posterior Samples:  59%|█████▉    | 894/1504 [01:09<00:14, 41.83step/s]
[Origin 6/13] 🎲 Drawing Posterior Samples:  60%|█████▉    | 899/1504 [01:09<00:15, 40.21step/s]
[Origin 6/13] 🎲 Drawing Posterior Samples:  60%|██████    | 905/1504 [01:09<00:13, 43.53step/s]
[Origin 6/13] 🎲 Drawing Posterior Samples:  61%|██████    | 910/1504 [01:10<00:13, 42.76step/s]
[Origin 6/13] 🎲 Drawing Posterior Samples:  61%|██████    | 915/1504 [01:10<00:15, 38.96step/s]
[Origin 6/13] 🎲 Drawing Posterior Samples:  61%|██████    | 921/1504 [01:10<00:13, 42.24step/s]
[Origin 6/13] 🎲 Drawing Posterior Samples:  62%|██████▏   | 926/1504 [01:10<00:13, 41.50step/s]
[Origin 6/13] 🎲 Drawing Posterior Samples:  62%|██████▏   | 931/1504 [01:10<00:14, 39.98step/s]
[Origin 6/13] 🎲 Drawing Posterior Samples:  62%|██████▏   | 936/1504 [01:10<00:13, 41.08step/s]
[Origin 6/13] 🎲 Drawing Posterior Samples:  63%|██████▎   | 941/1504 [01:10<00:13, 42.21step/s]
[Origin 6/13] 🎲 Drawing Posterior Samples:  63%|██████▎   | 946/1504 [01:10<00:13, 40.99step/s]
[Origin 6/13] 🎲 Drawing Posterior Samples:  63%|██████▎   | 951/1504 [01:11<00:13, 40.47step/s]
[Origin 6/13] 🎲 Drawing Posterior Samples:  64%|██████▎   | 957/1504 [01:11<00:12, 43.84step/s]
[Origin 6/13] 🎲 Drawing Posterior Samples:  64%|██████▍   | 962/1504 [01:11<00:13, 40.60step/s]
[Origin 6/13] 🎲 Drawing Posterior Samples:  64%|██████▍   | 967/1504 [01:11<00:13, 40.37step/s]
[Origin 6/13] 🎲 Drawing Posterior Samples:  65%|██████▍   | 973/1504 [01:11<00:12, 43.55step/s]
[Origin 6/13] 🎲 Drawing Posterior Samples:  65%|██████▌   | 978/1504 [01:11<00:13, 39.86step/s]
[Origin 6/13] 🎲 Drawing Posterior Samples:  65%|██████▌   | 984/1504 [01:11<00:12, 42.95step/s]
[Origin 6/13] 🎲 Drawing Posterior Samples:  66%|██████▌   | 989/1504 [01:11<00:12, 41.87step/s]
[Origin 6/13] 🎲 Drawing Posterior Samples:  66%|██████▌   | 994/1504 [01:12<00:12, 41.24step/s]
[Origin 6/13] 🎲 Drawing Posterior Samples:  66%|██████▋   | 999/1504 [01:12<00:12, 42.08step/s]
[Origin 6/13] 🎲 Drawing Posterior Samples:  67%|██████▋   | 1004/1504 [01:12<00:12, 41.11step/s]
[Origin 6/13] 🎲 Drawing Posterior Samples:  67%|██████▋   | 1010/1504 [01:12<00:11, 44.27step/s]
[Origin 6/13] 🎲 Drawing Posterior Samples:  67%|██████▋   | 1015/1504 [01:12<00:12, 40.60step/s]
[Origin 6/13] 🎲 Drawing Posterior Samples:  68%|██████▊   | 1020/1504 [01:12<00:11, 41.98step/s]
[Origin 6/13] 🎲 Drawing Posterior Samples:  68%|██████▊   | 1025/1504 [01:12<00:11, 42.36step/s]
[Origin 6/13] 🎲 Drawing Posterior Samples:  68%|██████▊   | 1030/1504 [01:12<00:12, 39.42step/s]
[Origin 6/13] 🎲 Drawing Posterior Samples:  69%|██████▉   | 1035/1504 [01:13<00:11, 41.17step/s]
[Origin 6/13] 🎲 Drawing Posterior Samples:  69%|██████▉   | 1040/1504 [01:13<00:11, 40.99step/s]
[Origin 6/13] 🎲 Drawing Posterior Samples:  70%|██████▉   | 1046/1504 [01:13<00:10, 42.02step/s]
[Origin 6/13] 🎲 Drawing Posterior Samples:  70%|██████▉   | 1051/1504 [01:13<00:11, 40.93step/s]
[Origin 6/13] 🎲 Drawing Posterior Samples:  70%|███████   | 1056/1504 [01:13<00:10, 41.02step/s]
[Origin 6/13] 🎲 Drawing Posterior Samples:  71%|███████   | 1062/1504 [01:13<00:10, 44.14step/s]
[Origin 6/13] 🎲 Drawing Posterior Samples:  71%|███████   | 1067/1504 [01:13<00:10, 40.49step/s]
[Origin 6/13] 🎲 Drawing Posterior Samples:  71%|███████▏  | 1073/1504 [01:13<00:10, 43.10step/s]
[Origin 6/13] 🎲 Drawing Posterior Samples:  72%|███████▏  | 1078/1504 [01:14<00:10, 42.49step/s]
[Origin 6/13] 🎲 Drawing Posterior Samples:  72%|███████▏  | 1083/1504 [01:14<00:10, 39.29step/s]
[Origin 6/13] 🎲 Drawing Posterior Samples:  72%|███████▏  | 1089/1504 [01:14<00:09, 42.18step/s]
[Origin 6/13] 🎲 Drawing Posterior Samples:  73%|███████▎  | 1094/1504 [01:14<00:17, 22.98step/s]
[Origin 6/13] 🎲 Drawing Posterior Samples:  73%|███████▎  | 1098/1504 [01:15<00:30, 13.48step/s]
[Origin 6/13] 🎲 Drawing Posterior Samples:  73%|███████▎  | 1101/1504 [01:16<00:36, 10.90step/s]
[Origin 6/13] 🎲 Drawing Posterior Samples:  73%|███████▎  | 1103/1504 [01:16<00:41,  9.74step/s]
[Origin 6/13] 🎲 Drawing Posterior Samples:  73%|███████▎  | 1105/1504 [01:16<00:44,  8.96step/s]
[Origin 6/13] 🎲 Drawing Posterior Samples:  74%|███████▎  | 1107/1504 [01:16<00:45,  8.79step/s]
[Origin 6/13] 🎲 Drawing Posterior Samples:  74%|███████▎  | 1109/1504 [01:17<00:46,  8.45step/s]
[Origin 6/13] 🎲 Drawing Posterior Samples:  74%|███████▍  | 1111/1504 [01:17<00:50,  7.76step/s]
[Origin 6/13] 🎲 Drawing Posterior Samples:  74%|███████▍  | 1112/1504 [01:17<00:52,  7.46step/s]
[Origin 6/13] 🎲 Drawing Posterior Samples:  74%|███████▍  | 1113/1504 [01:17<00:56,  6.90step/s]
[Origin 6/13] 🎲 Drawing Posterior Samples:  74%|███████▍  | 1114/1504 [01:17<00:58,  6.66step/s]
[Origin 6/13] 🎲 Drawing Posterior Samples:  74%|███████▍  | 1115/1504 [01:18<01:02,  6.18step/s]
[Origin 6/13] 🎲 Drawing Posterior Samples:  74%|███████▍  | 1116/1504 [01:18<01:08,  5.66step/s]
[Origin 6/13] 🎲 Drawing Posterior Samples:  74%|███████▍  | 1117/1504 [01:18<01:09,  5.57step/s]
[Origin 6/13] 🎲 Drawing Posterior Samples:  74%|███████▍  | 1118/1504 [01:18<01:11,  5.43step/s]
[Origin 6/13] 🎲 Drawing Posterior Samples:  74%|███████▍  | 1119/1504 [01:19<01:13,  5.25step/s]
[Origin 6/13] 🎲 Drawing Posterior Samples:  74%|███████▍  | 1120/1504 [01:19<01:16,  5.00step/s]
[Origin 6/13] 🎲 Drawing Posterior Samples:  75%|███████▍  | 1121/1504 [01:19<01:17,  4.97step/s]
[Origin 6/13] 🎲 Drawing Posterior Samples:  75%|███████▍  | 1122/1504 [01:19<01:21,  4.72step/s]
[Origin 6/13] 🎲 Drawing Posterior Samples:  75%|███████▍  | 1123/1504 [01:19<01:22,  4.60step/s]
[Origin 6/13] 🎲 Drawing Posterior Samples:  75%|███████▍  | 1124/1504 [01:20<01:21,  4.67step/s]
[Origin 6/13] 🎲 Drawing Posterior Samples:  75%|███████▍  | 1125/1504 [01:20<01:24,  4.49step/s]
[Origin 6/13] 🎲 Drawing Posterior Samples:  75%|███████▍  | 1126/1504 [01:20<01:20,  4.72step/s]
[Origin 6/13] 🎲 Drawing Posterior Samples:  75%|███████▍  | 1127/1504 [01:20<01:18,  4.79step/s]
[Origin 6/13] 🎲 Drawing Posterior Samples:  75%|███████▌  | 1128/1504 [01:20<01:19,  4.75step/s]
[Origin 6/13] 🎲 Drawing Posterior Samples:  75%|███████▌  | 1129/1504 [01:41<39:26,  6.31s/step]
[Origin 6/13] 🎲 Drawing Posterior Samples:  75%|███████▌  | 1135/1504 [01:41<10:57,  1.78s/step]
[Origin 6/13] 🎲 Drawing Posterior Samples:  76%|███████▌  | 1139/1504 [01:41<06:30,  1.07s/step]
[Origin 6/13] 🎲 Drawing Posterior Samples:  76%|███████▌  | 1144/1504 [01:41<03:46,  1.59step/s]
[Origin 6/13] 🎲 Drawing Posterior Samples:  76%|███████▋  | 1148/1504 [01:42<02:34,  2.30step/s]
[Origin 6/13] 🎲 Drawing Posterior Samples:  77%|███████▋  | 1152/1504 [01:42<01:48,  3.25step/s]
[Origin 6/13] 🎲 Drawing Posterior Samples:  77%|███████▋  | 1156/1504 [01:42<01:18,  4.43step/s]
[Origin 6/13] 🎲 Drawing Posterior Samples:  77%|███████▋  | 1160/1504 [01:42<00:56,  6.09step/s]
[Origin 6/13] 🎲 Drawing Posterior Samples:  77%|███████▋  | 1164/1504 [01:42<00:41,  8.15step/s]
[Origin 6/13] 🎲 Drawing Posterior Samples:  78%|███████▊  | 1168/1504 [01:42<00:32, 10.43step/s]
[Origin 6/13] 🎲 Drawing Posterior Samples:  78%|███████▊  | 1173/1504 [01:42<00:23, 14.15step/s]
[Origin 6/13] 🎲 Drawing Posterior Samples:  78%|███████▊  | 1177/1504 [01:42<00:19, 16.96step/s]
[Origin 6/13] 🎲 Drawing Posterior Samples:  79%|███████▊  | 1181/1504 [01:43<00:15, 20.22step/s]
[Origin 6/13] 🎲 Drawing Posterior Samples:  79%|███████▉  | 1187/1504 [01:43<00:12, 26.40step/s]
[Origin 6/13] 🎲 Drawing Posterior Samples:  79%|███████▉  | 1192/1504 [01:43<00:10, 28.51step/s]
[Origin 6/13] 🎲 Drawing Posterior Samples:  80%|███████▉  | 1197/1504 [01:43<00:09, 32.60step/s]
[Origin 6/13] 🎲 Drawing Posterior Samples:  80%|███████▉  | 1202/1504 [01:43<00:08, 35.64step/s]
[Origin 6/13] 🎲 Drawing Posterior Samples:  80%|████████  | 1207/1504 [01:43<00:08, 35.23step/s]
[Origin 6/13] 🎲 Drawing Posterior Samples:  81%|████████  | 1213/1504 [01:43<00:07, 39.67step/s]
[Origin 6/13] 🎲 Drawing Posterior Samples:  81%|████████  | 1218/1504 [01:43<00:07, 39.95step/s]
[Origin 6/13] 🎲 Drawing Posterior Samples:  81%|████████▏ | 1223/1504 [01:43<00:06, 41.05step/s]
[Origin 6/13] 🎲 Drawing Posterior Samples:  82%|████████▏ | 1228/1504 [01:44<00:06, 39.98step/s]
[Origin 6/13] 🎲 Drawing Posterior Samples:  82%|████████▏ | 1233/1504 [01:44<00:06, 40.24step/s]
[Origin 6/13] 🎲 Drawing Posterior Samples:  82%|████████▏ | 1239/1504 [01:44<00:06, 43.50step/s]
[Origin 6/13] 🎲 Drawing Posterior Samples:  83%|████████▎ | 1244/1504 [01:44<00:06, 39.98step/s]
[Origin 6/13] 🎲 Drawing Posterior Samples:  83%|████████▎ | 1249/1504 [01:44<00:06, 36.66step/s]
[Origin 6/13] 🎲 Drawing Posterior Samples:  83%|████████▎ | 1255/1504 [01:44<00:06, 39.50step/s]
[Origin 6/13] 🎲 Drawing Posterior Samples:  84%|████████▍ | 1260/1504 [01:44<00:06, 37.25step/s]
[Origin 6/13] 🎲 Drawing Posterior Samples:  84%|████████▍ | 1264/1504 [01:45<00:07, 31.90step/s]
[Origin 6/13] 🎲 Drawing Posterior Samples:  84%|████████▍ | 1269/1504 [01:45<00:06, 34.43step/s]
[Origin 6/13] 🎲 Drawing Posterior Samples:  85%|████████▍ | 1273/1504 [01:45<00:06, 35.27step/s]
[Origin 6/13] 🎲 Drawing Posterior Samples:  85%|████████▌ | 1279/1504 [01:45<00:05, 39.22step/s]
[Origin 6/13] 🎲 Drawing Posterior Samples:  85%|████████▌ | 1284/1504 [01:45<00:05, 37.44step/s]
[Origin 6/13] 🎲 Drawing Posterior Samples:  86%|████████▌ | 1288/1504 [01:45<00:05, 38.05step/s]
[Origin 6/13] 🎲 Drawing Posterior Samples:  86%|████████▌ | 1292/1504 [01:45<00:06, 32.56step/s]
[Origin 6/13] 🎲 Drawing Posterior Samples:  86%|████████▌ | 1296/1504 [01:46<00:06, 32.76step/s]
[Origin 6/13] 🎲 Drawing Posterior Samples:  86%|████████▋ | 1300/1504 [01:46<00:07, 28.78step/s]
[Origin 6/13] 🎲 Drawing Posterior Samples:  87%|████████▋ | 1304/1504 [01:46<00:07, 27.60step/s]
[Origin 6/13] 🎲 Drawing Posterior Samples:  87%|████████▋ | 1308/1504 [01:46<00:06, 29.92step/s]
[Origin 6/13] 🎲 Drawing Posterior Samples:  87%|████████▋ | 1313/1504 [01:46<00:05, 33.07step/s]
[Origin 6/13] 🎲 Drawing Posterior Samples:  88%|████████▊ | 1318/1504 [01:46<00:05, 36.57step/s]
[Origin 6/13] 🎲 Drawing Posterior Samples:  88%|████████▊ | 1322/1504 [01:46<00:05, 31.61step/s]
[Origin 6/13] 🎲 Drawing Posterior Samples:  88%|████████▊ | 1327/1504 [01:46<00:05, 34.28step/s]
[Origin 6/13] 🎲 Drawing Posterior Samples:  89%|████████▊ | 1332/1504 [01:47<00:04, 36.62step/s]
[Origin 6/13] 🎲 Drawing Posterior Samples:  89%|████████▉ | 1337/1504 [01:47<00:04, 37.12step/s]
[Origin 6/13] 🎲 Drawing Posterior Samples:  89%|████████▉ | 1342/1504 [01:47<00:04, 39.26step/s]
[Origin 6/13] 🎲 Drawing Posterior Samples:  90%|████████▉ | 1347/1504 [01:47<00:04, 35.43step/s]
[Origin 6/13] 🎲 Drawing Posterior Samples:  90%|████████▉ | 1351/1504 [01:47<00:05, 30.51step/s]
[Origin 6/13] 🎲 Drawing Posterior Samples:  90%|█████████ | 1355/1504 [01:47<00:05, 29.21step/s]
[Origin 6/13] 🎲 Drawing Posterior Samples:  90%|█████████ | 1359/1504 [01:48<00:05, 26.82step/s]
[Origin 6/13] 🎲 Drawing Posterior Samples:  91%|█████████ | 1362/1504 [01:48<00:05, 26.13step/s]
[Origin 6/13] 🎲 Drawing Posterior Samples:  91%|█████████ | 1366/1504 [01:48<00:04, 29.02step/s]
[Origin 6/13] 🎲 Drawing Posterior Samples:  91%|█████████ | 1372/1504 [01:48<00:03, 34.41step/s]
[Origin 6/13] 🎲 Drawing Posterior Samples:  91%|█████████▏| 1376/1504 [01:48<00:04, 29.70step/s]
[Origin 6/13] 🎲 Drawing Posterior Samples:  92%|█████████▏| 1380/1504 [01:48<00:04, 27.92step/s]
[Origin 6/13] 🎲 Drawing Posterior Samples:  92%|█████████▏| 1383/1504 [01:48<00:04, 28.18step/s]
[Origin 6/13] 🎲 Drawing Posterior Samples:  92%|█████████▏| 1386/1504 [01:48<00:04, 28.54step/s]
[Origin 6/13] 🎲 Drawing Posterior Samples:  93%|█████████▎| 1392/1504 [01:49<00:03, 33.31step/s]
[Origin 6/13] 🎲 Drawing Posterior Samples:  93%|█████████▎| 1397/1504 [01:49<00:02, 36.59step/s]
[Origin 6/13] 🎲 Drawing Posterior Samples:  93%|█████████▎| 1401/1504 [01:49<00:02, 34.41step/s]
[Origin 6/13] 🎲 Drawing Posterior Samples:  93%|█████████▎| 1405/1504 [01:49<00:03, 31.00step/s]
[Origin 6/13] 🎲 Drawing Posterior Samples:  94%|█████████▍| 1410/1504 [01:49<00:02, 34.11step/s]
[Origin 6/13] 🎲 Drawing Posterior Samples:  94%|█████████▍| 1414/1504 [01:49<00:02, 33.46step/s]
[Origin 6/13] 🎲 Drawing Posterior Samples:  94%|█████████▍| 1420/1504 [01:49<00:02, 38.02step/s]
[Origin 6/13] 🎲 Drawing Posterior Samples:  95%|█████████▍| 1424/1504 [01:49<00:02, 37.87step/s]
[Origin 6/13] 🎲 Drawing Posterior Samples:  95%|█████████▌| 1429/1504 [01:50<00:01, 40.57step/s]
[Origin 6/13] 🎲 Drawing Posterior Samples:  95%|█████████▌| 1434/1504 [01:50<00:01, 38.82step/s]
[Origin 6/13] 🎲 Drawing Posterior Samples:  96%|█████████▌| 1438/1504 [01:50<00:01, 38.98step/s]
[Origin 6/13] 🎲 Drawing Posterior Samples:  96%|█████████▌| 1443/1504 [01:50<00:01, 41.38step/s]
[Origin 6/13] 🎲 Drawing Posterior Samples:  96%|█████████▋| 1448/1504 [01:50<00:01, 38.76step/s]
[Origin 6/13] 🎲 Drawing Posterior Samples:  97%|█████████▋| 1454/1504 [01:50<00:01, 42.51step/s]
[Origin 6/13] 🎲 Drawing Posterior Samples:  97%|█████████▋| 1459/1504 [01:50<00:01, 41.59step/s]
[Origin 6/13] 🎲 Drawing Posterior Samples:  97%|█████████▋| 1464/1504 [01:50<00:00, 41.90step/s]
[Origin 6/13] 🎲 Drawing Posterior Samples:  98%|█████████▊| 1469/1504 [01:51<00:01, 28.05step/s]
[Origin 6/13] 🎲 Drawing Posterior Samples:  98%|█████████▊| 1473/1504 [01:52<00:02, 12.40step/s]
[Origin 6/13] 🎲 Drawing Posterior Samples:  98%|█████████▊| 1476/1504 [01:52<00:02, 10.47step/s]
[Origin 6/13] 🎲 Drawing Posterior Samples:  98%|█████████▊| 1478/1504 [01:52<00:02,  9.16step/s]
[Origin 6/13] 🎲 Drawing Posterior Samples:  98%|█████████▊| 1480/1504 [01:53<00:02,  8.13step/s]
[Origin 6/13] 🎲 Drawing Posterior Samples:  99%|█████████▊| 1482/1504 [01:53<00:03,  7.18step/s]
[Origin 6/13] 🎲 Drawing Posterior Samples:  99%|█████████▊| 1484/1504 [01:54<00:03,  6.60step/s]
[Origin 6/13] 🎲 Drawing Posterior Samples:  99%|█████████▊| 1485/1504 [01:54<00:03,  6.00step/s]
[Origin 6/13] 🎲 Drawing Posterior Samples:  99%|█████████▉| 1486/1504 [01:54<00:03,  5.80step/s]
[Origin 6/13] 🎲 Drawing Posterior Samples:  99%|█████████▉| 1487/1504 [01:54<00:03,  5.49step/s]
[Origin 6/13] 🎲 Drawing Posterior Samples:  99%|█████████▉| 1488/1504 [01:54<00:03,  5.25step/s]
[Origin 6/13] 🎲 Drawing Posterior Samples:  99%|█████████▉| 1489/1504 [01:55<00:02,  5.16step/s]
[Origin 6/13] 🎲 Drawing Posterior Samples:  99%|█████████▉| 1490/1504 [01:55<00:03,  4.52step/s]
[Origin 6/13] 🎲 Drawing Posterior Samples:  99%|█████████▉| 1491/1504 [01:55<00:03,  4.04step/s]
[Origin 6/13] 🎲 Drawing Posterior Samples:  99%|█████████▉| 1492/1504 [01:55<00:02,  4.40step/s]
[Origin 6/13] 🎲 Drawing Posterior Samples:  99%|█████████▉| 1493/1504 [01:56<00:02,  4.73step/s]
[Origin 6/13] 🎲 Drawing Posterior Samples:  99%|█████████▉| 1494/1504 [01:56<00:01,  5.15step/s]
[Origin 6/13] 🎲 Drawing Posterior Samples:  99%|█████████▉| 1495/1504 [01:56<00:01,  5.46step/s]
[Origin 6/13] 🎲 Drawing Posterior Samples:  99%|█████████▉| 1496/1504 [01:56<00:01,  5.10step/s]
[Origin 6/13] 🎲 Drawing Posterior Samples: 100%|█████████▉| 1497/1504 [01:56<00:01,  5.28step/s]
[Origin 6/13] 🎲 Drawing Posterior Samples: 100%|█████████▉| 1498/1504 [01:56<00:01,  5.41step/s]
[Origin 6/13] 🎲 Drawing Posterior Samples: 100%|█████████▉| 1499/1504 [01:57<00:00,  5.40step/s]
[Origin 6/13] 🎲 Drawing Posterior Samples: 100%|█████████▉| 1500/1504 [01:57<00:00,  5.33step/s]
[Origin 6/13] 🎲 Drawing Posterior Samples: 100%|█████████▉| 1501/1504 [01:57<00:00,  5.37step/s]
[Origin 6/13] 🎲 Drawing Posterior Samples: 100%|█████████▉| 1502/1504 [01:57<00:00,  5.22step/s]
[Origin 6/13] 🎲 Drawing Posterior Samples: 100%|█████████▉| 1503/1504 [01:57<00:00,  5.07step/s]
[Origin 6/13] 🎲 Drawing Posterior Samples: 100%|██████████| 1504/1504 [01:58<00:00,  5.27step/s]
                                                                                                 

[Origin 7/13] 🎲 Drawing Posterior Samples:   0%|          | 0/1508 [00:00<?, ?step/s]
[Origin 7/13] 🎲 Drawing Posterior Samples:   0%|          | 7/1508 [00:00<00:24, 60.30step/s]
[Origin 7/13] 🎲 Drawing Posterior Samples:   1%|          | 14/1508 [00:00<00:34, 43.89step/s]
[Origin 7/13] 🎲 Drawing Posterior Samples:   1%|▏         | 19/1508 [00:00<00:59, 25.12step/s]
[Origin 7/13] 🎲 Drawing Posterior Samples:   2%|▏         | 23/1508 [00:00<01:06, 22.47step/s]
[Origin 7/13] 🎲 Drawing Posterior Samples:   2%|▏         | 27/1508 [00:01<01:01, 24.25step/s]
[Origin 7/13] 🎲 Drawing Posterior Samples:   2%|▏         | 30/1508 [00:01<01:03, 23.45step/s]
[Origin 7/13] 🎲 Drawing Posterior Samples:   2%|▏         | 33/1508 [00:01<01:07, 21.84step/s]
[Origin 7/13] 🎲 Drawing Posterior Samples:   2%|▏         | 36/1508 [00:01<01:06, 22.01step/s]
[Origin 7/13] 🎲 Drawing Posterior Samples:   3%|▎         | 39/1508 [00:01<01:05, 22.27step/s]
[Origin 7/13] 🎲 Drawing Posterior Samples:   3%|▎         | 42/1508 [00:01<01:12, 20.15step/s]
[Origin 7/13] 🎲 Drawing Posterior Samples:   3%|▎         | 45/1508 [00:01<01:09, 20.97step/s]
[Origin 7/13] 🎲 Drawing Posterior Samples:   3%|▎         | 51/1508 [00:02<00:50, 28.76step/s]
[Origin 7/13] 🎲 Drawing Posterior Samples:   4%|▎         | 55/1508 [00:02<00:49, 29.42step/s]
[Origin 7/13] 🎲 Drawing Posterior Samples:   4%|▍         | 60/1508 [00:02<00:46, 31.38step/s]
[Origin 7/13] 🎲 Drawing Posterior Samples:   4%|▍         | 64/1508 [00:02<00:54, 26.42step/s]
[Origin 7/13] 🎲 Drawing Posterior Samples:   4%|▍         | 67/1508 [00:02<01:01, 23.44step/s]
[Origin 7/13] 🎲 Drawing Posterior Samples:   5%|▍         | 70/1508 [00:02<01:05, 22.08step/s]
[Origin 7/13] 🎲 Drawing Posterior Samples:   5%|▍         | 73/1508 [00:02<01:08, 20.94step/s]
[Origin 7/13] 🎲 Drawing Posterior Samples:   5%|▌         | 76/1508 [00:03<01:07, 21.14step/s]
[Origin 7/13] 🎲 Drawing Posterior Samples:   5%|▌         | 79/1508 [00:03<01:02, 22.93step/s]
[Origin 7/13] 🎲 Drawing Posterior Samples:   6%|▌         | 83/1508 [00:03<00:53, 26.49step/s]
[Origin 7/13] 🎲 Drawing Posterior Samples:   6%|▌         | 88/1508 [00:03<00:45, 31.20step/s]
[Origin 7/13] 🎲 Drawing Posterior Samples:   6%|▌         | 92/1508 [00:03<00:43, 32.33step/s]
[Origin 7/13] 🎲 Drawing Posterior Samples:   6%|▋         | 96/1508 [00:03<00:42, 33.46step/s]
[Origin 7/13] 🎲 Drawing Posterior Samples:   7%|▋         | 100/1508 [00:03<00:46, 30.08step/s]
[Origin 7/13] 🎲 Drawing Posterior Samples:   7%|▋         | 105/1508 [00:03<00:42, 33.01step/s]
[Origin 7/13] 🎲 Drawing Posterior Samples:   7%|▋         | 111/1508 [00:04<00:36, 38.18step/s]
[Origin 7/13] 🎲 Drawing Posterior Samples:   8%|▊         | 115/1508 [00:04<00:40, 34.53step/s]
[Origin 7/13] 🎲 Drawing Posterior Samples:   8%|▊         | 119/1508 [00:04<00:48, 28.77step/s]
[Origin 7/13] 🎲 Drawing Posterior Samples:   8%|▊         | 125/1508 [00:04<00:42, 32.65step/s]
[Origin 7/13] 🎲 Drawing Posterior Samples:   9%|▊         | 131/1508 [00:04<00:36, 37.55step/s]
[Origin 7/13] 🎲 Drawing Posterior Samples:   9%|▉         | 135/1508 [00:04<00:41, 33.11step/s]
[Origin 7/13] 🎲 Drawing Posterior Samples:   9%|▉         | 139/1508 [00:04<00:39, 34.53step/s]
[Origin 7/13] 🎲 Drawing Posterior Samples:   9%|▉         | 143/1508 [00:05<00:41, 32.96step/s]
[Origin 7/13] 🎲 Drawing Posterior Samples:  10%|▉         | 147/1508 [00:05<00:41, 32.47step/s]
[Origin 7/13] 🎲 Drawing Posterior Samples:  10%|█         | 151/1508 [00:05<00:46, 29.31step/s]
[Origin 7/13] 🎲 Drawing Posterior Samples:  10%|█         | 155/1508 [00:05<00:42, 31.52step/s]
[Origin 7/13] 🎲 Drawing Posterior Samples:  11%|█         | 160/1508 [00:05<00:41, 32.65step/s]
[Origin 7/13] 🎲 Drawing Posterior Samples:  11%|█         | 165/1508 [00:05<00:38, 34.45step/s]
[Origin 7/13] 🎲 Drawing Posterior Samples:  11%|█         | 169/1508 [00:05<00:47, 28.37step/s]
[Origin 7/13] 🎲 Drawing Posterior Samples:  11%|█▏        | 173/1508 [00:06<00:56, 23.72step/s]
[Origin 7/13] 🎲 Drawing Posterior Samples:  12%|█▏        | 176/1508 [00:06<00:57, 23.31step/s]
[Origin 7/13] 🎲 Drawing Posterior Samples:  12%|█▏        | 179/1508 [00:06<00:56, 23.56step/s]
[Origin 7/13] 🎲 Drawing Posterior Samples:  12%|█▏        | 182/1508 [00:06<01:00, 22.03step/s]
[Origin 7/13] 🎲 Drawing Posterior Samples:  12%|█▏        | 186/1508 [00:06<00:53, 24.63step/s]
[Origin 7/13] 🎲 Drawing Posterior Samples:  13%|█▎        | 189/1508 [00:06<00:56, 23.40step/s]
[Origin 7/13] 🎲 Drawing Posterior Samples:  13%|█▎        | 192/1508 [00:07<00:55, 23.82step/s]
[Origin 7/13] 🎲 Drawing Posterior Samples:  13%|█▎        | 195/1508 [00:07<00:58, 22.41step/s]
[Origin 7/13] 🎲 Drawing Posterior Samples:  13%|█▎        | 199/1508 [00:07<00:50, 26.12step/s]
[Origin 7/13] 🎲 Drawing Posterior Samples:  13%|█▎        | 202/1508 [00:07<00:49, 26.28step/s]
[Origin 7/13] 🎲 Drawing Posterior Samples:  14%|█▎        | 205/1508 [00:07<00:49, 26.22step/s]
[Origin 7/13] 🎲 Drawing Posterior Samples:  14%|█▍        | 208/1508 [00:07<00:54, 23.68step/s]
[Origin 7/13] 🎲 Drawing Posterior Samples:  14%|█▍        | 211/1508 [00:07<00:58, 22.20step/s]
[Origin 7/13] 🎲 Drawing Posterior Samples:  14%|█▍        | 214/1508 [00:07<00:56, 23.00step/s]
[Origin 7/13] 🎲 Drawing Posterior Samples:  14%|█▍        | 217/1508 [00:08<00:56, 22.68step/s]
[Origin 7/13] 🎲 Drawing Posterior Samples:  15%|█▍        | 220/1508 [00:08<00:53, 23.85step/s]
[Origin 7/13] 🎲 Drawing Posterior Samples:  15%|█▍        | 223/1508 [00:08<00:53, 24.00step/s]
[Origin 7/13] 🎲 Drawing Posterior Samples:  15%|█▍        | 226/1508 [00:08<00:54, 23.53step/s]
[Origin 7/13] 🎲 Drawing Posterior Samples:  15%|█▌        | 229/1508 [00:08<00:55, 22.92step/s]
[Origin 7/13] 🎲 Drawing Posterior Samples:  15%|█▌        | 233/1508 [00:08<00:52, 24.40step/s]
[Origin 7/13] 🎲 Drawing Posterior Samples:  16%|█▌        | 236/1508 [00:08<00:53, 23.98step/s]
[Origin 7/13] 🎲 Drawing Posterior Samples:  16%|█▌        | 239/1508 [00:08<00:54, 23.45step/s]
[Origin 7/13] 🎲 Drawing Posterior Samples:  16%|█▌        | 244/1508 [00:09<00:45, 27.69step/s]
[Origin 7/13] 🎲 Drawing Posterior Samples:  16%|█▋        | 247/1508 [00:09<00:47, 26.40step/s]
[Origin 7/13] 🎲 Drawing Posterior Samples:  17%|█▋        | 250/1508 [00:09<00:52, 24.10step/s]
[Origin 7/13] 🎲 Drawing Posterior Samples:  17%|█▋        | 253/1508 [00:09<00:49, 25.38step/s]
[Origin 7/13] 🎲 Drawing Posterior Samples:  17%|█▋        | 256/1508 [00:09<00:50, 24.73step/s]
[Origin 7/13] 🎲 Drawing Posterior Samples:  17%|█▋        | 260/1508 [00:09<00:49, 25.17step/s]
[Origin 7/13] 🎲 Drawing Posterior Samples:  17%|█▋        | 263/1508 [00:09<00:49, 25.24step/s]
[Origin 7/13] 🎲 Drawing Posterior Samples:  18%|█▊        | 266/1508 [00:10<00:51, 24.16step/s]
[Origin 7/13] 🎲 Drawing Posterior Samples:  18%|█▊        | 269/1508 [00:10<00:52, 23.64step/s]
[Origin 7/13] 🎲 Drawing Posterior Samples:  18%|█▊        | 273/1508 [00:10<00:45, 27.04step/s]
[Origin 7/13] 🎲 Drawing Posterior Samples:  18%|█▊        | 276/1508 [00:10<00:46, 26.51step/s]
[Origin 7/13] 🎲 Drawing Posterior Samples:  19%|█▊        | 279/1508 [00:10<00:51, 23.98step/s]
[Origin 7/13] 🎲 Drawing Posterior Samples:  19%|█▊        | 282/1508 [00:10<00:55, 21.90step/s]
[Origin 7/13] 🎲 Drawing Posterior Samples:  19%|█▉        | 285/1508 [00:10<00:53, 23.04step/s]
[Origin 7/13] 🎲 Drawing Posterior Samples:  19%|█▉        | 288/1508 [00:10<00:49, 24.65step/s]
[Origin 7/13] 🎲 Drawing Posterior Samples:  19%|█▉        | 291/1508 [00:11<00:51, 23.82step/s]
[Origin 7/13] 🎲 Drawing Posterior Samples:  20%|█▉        | 295/1508 [00:11<00:47, 25.30step/s]
[Origin 7/13] 🎲 Drawing Posterior Samples:  20%|█▉        | 298/1508 [00:11<00:52, 23.11step/s]
[Origin 7/13] 🎲 Drawing Posterior Samples:  20%|█▉        | 301/1508 [00:11<00:50, 23.83step/s]
[Origin 7/13] 🎲 Drawing Posterior Samples:  20%|██        | 305/1508 [00:11<00:46, 26.05step/s]
[Origin 7/13] 🎲 Drawing Posterior Samples:  20%|██        | 308/1508 [00:11<00:47, 25.37step/s]
[Origin 7/13] 🎲 Drawing Posterior Samples:  21%|██        | 311/1508 [00:11<00:46, 25.84step/s]
[Origin 7/13] 🎲 Drawing Posterior Samples:  21%|██        | 315/1508 [00:11<00:41, 28.53step/s]
[Origin 7/13] 🎲 Drawing Posterior Samples:  21%|██        | 318/1508 [00:12<00:45, 26.34step/s]
[Origin 7/13] 🎲 Drawing Posterior Samples:  21%|██▏       | 322/1508 [00:12<00:43, 27.07step/s]
[Origin 7/13] 🎲 Drawing Posterior Samples:  22%|██▏       | 325/1508 [00:12<00:47, 24.88step/s]
[Origin 7/13] 🎲 Drawing Posterior Samples:  22%|██▏       | 328/1508 [00:12<00:49, 23.63step/s]
[Origin 7/13] 🎲 Drawing Posterior Samples:  22%|██▏       | 331/1508 [00:12<00:53, 22.11step/s]
[Origin 7/13] 🎲 Drawing Posterior Samples:  22%|██▏       | 334/1508 [00:12<00:52, 22.21step/s]
[Origin 7/13] 🎲 Drawing Posterior Samples:  22%|██▏       | 337/1508 [00:12<00:55, 21.25step/s]
[Origin 7/13] 🎲 Drawing Posterior Samples:  23%|██▎       | 340/1508 [00:13<00:52, 22.12step/s]
[Origin 7/13] 🎲 Drawing Posterior Samples:  23%|██▎       | 343/1508 [00:13<01:21, 14.27step/s]
[Origin 7/13] 🎲 Drawing Posterior Samples:  23%|██▎       | 345/1508 [00:13<01:49, 10.65step/s]
[Origin 7/13] 🎲 Drawing Posterior Samples:  23%|██▎       | 347/1508 [00:14<02:25,  7.96step/s]
[Origin 7/13] 🎲 Drawing Posterior Samples:  23%|██▎       | 349/1508 [00:14<02:48,  6.90step/s]
[Origin 7/13] 🎲 Drawing Posterior Samples:  23%|██▎       | 350/1508 [00:14<03:02,  6.35step/s]
[Origin 7/13] 🎲 Drawing Posterior Samples:  23%|██▎       | 351/1508 [00:15<03:04,  6.27step/s]
[Origin 7/13] 🎲 Drawing Posterior Samples:  23%|██▎       | 352/1508 [00:15<03:12,  6.01step/s]
[Origin 7/13] 🎲 Drawing Posterior Samples:  23%|██▎       | 353/1508 [00:15<03:49,  5.04step/s]
[Origin 7/13] 🎲 Drawing Posterior Samples:  23%|██▎       | 354/1508 [00:15<03:57,  4.85step/s]
[Origin 7/13] 🎲 Drawing Posterior Samples:  24%|██▎       | 355/1508 [00:16<04:02,  4.75step/s]
[Origin 7/13] 🎲 Drawing Posterior Samples:  24%|██▎       | 356/1508 [00:16<04:21,  4.41step/s]
[Origin 7/13] 🎲 Drawing Posterior Samples:  24%|██▎       | 357/1508 [00:16<04:16,  4.49step/s]
[Origin 7/13] 🎲 Drawing Posterior Samples:  24%|██▎       | 358/1508 [00:16<04:16,  4.49step/s]
[Origin 7/13] 🎲 Drawing Posterior Samples:  24%|██▍       | 359/1508 [00:17<04:31,  4.24step/s]
[Origin 7/13] 🎲 Drawing Posterior Samples:  24%|██▍       | 360/1508 [00:17<04:08,  4.61step/s]
[Origin 7/13] 🎲 Drawing Posterior Samples:  24%|██▍       | 361/1508 [00:17<03:50,  4.97step/s]
[Origin 7/13] 🎲 Drawing Posterior Samples:  24%|██▍       | 362/1508 [00:17<03:33,  5.37step/s]
[Origin 7/13] 🎲 Drawing Posterior Samples:  24%|██▍       | 363/1508 [00:17<03:29,  5.46step/s]
[Origin 7/13] 🎲 Drawing Posterior Samples:  24%|██▍       | 364/1508 [00:17<03:41,  5.17step/s]
[Origin 7/13] 🎲 Drawing Posterior Samples:  24%|██▍       | 365/1508 [00:18<03:30,  5.44step/s]
[Origin 7/13] 🎲 Drawing Posterior Samples:  24%|██▍       | 366/1508 [00:18<03:40,  5.18step/s]
[Origin 7/13] 🎲 Drawing Posterior Samples:  24%|██▍       | 367/1508 [00:18<03:40,  5.16step/s]
[Origin 7/13] 🎲 Drawing Posterior Samples:  24%|██▍       | 368/1508 [00:18<03:40,  5.16step/s]
[Origin 7/13] 🎲 Drawing Posterior Samples:  24%|██▍       | 369/1508 [00:18<03:47,  5.01step/s]
[Origin 7/13] 🎲 Drawing Posterior Samples:  25%|██▍       | 370/1508 [00:19<03:41,  5.13step/s]
[Origin 7/13] 🎲 Drawing Posterior Samples:  25%|██▍       | 371/1508 [00:19<03:47,  5.00step/s]
[Origin 7/13] 🎲 Drawing Posterior Samples:  25%|██▍       | 372/1508 [00:19<03:42,  5.11step/s]
[Origin 7/13] 🎲 Drawing Posterior Samples:  25%|██▍       | 373/1508 [00:19<03:40,  5.16step/s]
[Origin 7/13] 🎲 Drawing Posterior Samples:  25%|██▍       | 374/1508 [00:19<03:33,  5.31step/s]
[Origin 7/13] 🎲 Drawing Posterior Samples:  25%|██▍       | 375/1508 [00:20<03:38,  5.18step/s]
[Origin 7/13] 🎲 Drawing Posterior Samples:  25%|██▍       | 376/1508 [00:20<03:41,  5.12step/s]
[Origin 7/13] 🎲 Drawing Posterior Samples:  25%|██▌       | 377/1508 [00:20<03:37,  5.20step/s]
[Origin 7/13] 🎲 Drawing Posterior Samples:  25%|██▌       | 378/1508 [00:37<1:40:17,  5.33s/step]
[Origin 7/13] 🎲 Drawing Posterior Samples:  25%|██▌       | 382/1508 [00:37<37:10,  1.98s/step]  
[Origin 7/13] 🎲 Drawing Posterior Samples:  26%|██▌       | 385/1508 [00:37<22:21,  1.19s/step]
[Origin 7/13] 🎲 Drawing Posterior Samples:  26%|██▌       | 388/1508 [00:38<14:23,  1.30step/s]
[Origin 7/13] 🎲 Drawing Posterior Samples:  26%|██▌       | 393/1508 [00:38<07:51,  2.36step/s]
[Origin 7/13] 🎲 Drawing Posterior Samples:  26%|██▋       | 397/1508 [00:38<05:21,  3.46step/s]
[Origin 7/13] 🎲 Drawing Posterior Samples:  27%|██▋       | 401/1508 [00:38<03:45,  4.90step/s]
[Origin 7/13] 🎲 Drawing Posterior Samples:  27%|██▋       | 406/1508 [00:38<02:32,  7.23step/s]
[Origin 7/13] 🎲 Drawing Posterior Samples:  27%|██▋       | 410/1508 [00:38<01:59,  9.17step/s]
[Origin 7/13] 🎲 Drawing Posterior Samples:  28%|██▊       | 415/1508 [00:38<01:28, 12.39step/s]
[Origin 7/13] 🎲 Drawing Posterior Samples:  28%|██▊       | 420/1508 [00:39<01:08, 15.94step/s]
[Origin 7/13] 🎲 Drawing Posterior Samples:  28%|██▊       | 424/1508 [00:39<01:00, 17.97step/s]
[Origin 7/13] 🎲 Drawing Posterior Samples:  28%|██▊       | 429/1508 [00:39<00:49, 21.68step/s]
[Origin 7/13] 🎲 Drawing Posterior Samples:  29%|██▊       | 433/1508 [00:39<00:43, 24.45step/s]
[Origin 7/13] 🎲 Drawing Posterior Samples:  29%|██▉       | 437/1508 [00:39<00:46, 23.15step/s]
[Origin 7/13] 🎲 Drawing Posterior Samples:  29%|██▉       | 441/1508 [00:39<00:43, 24.79step/s]
[Origin 7/13] 🎲 Drawing Posterior Samples:  30%|██▉       | 446/1508 [00:39<00:36, 29.49step/s]
[Origin 7/13] 🎲 Drawing Posterior Samples:  30%|██▉       | 450/1508 [00:39<00:36, 29.21step/s]
[Origin 7/13] 🎲 Drawing Posterior Samples:  30%|███       | 454/1508 [00:40<00:37, 28.48step/s]
[Origin 7/13] 🎲 Drawing Posterior Samples:  30%|███       | 459/1508 [00:40<00:33, 31.65step/s]
[Origin 7/13] 🎲 Drawing Posterior Samples:  31%|███       | 463/1508 [00:40<00:32, 31.74step/s]
[Origin 7/13] 🎲 Drawing Posterior Samples:  31%|███       | 467/1508 [00:40<00:32, 32.35step/s]
[Origin 7/13] 🎲 Drawing Posterior Samples:  31%|███       | 471/1508 [00:40<00:33, 30.52step/s]
[Origin 7/13] 🎲 Drawing Posterior Samples:  31%|███▏      | 475/1508 [00:40<00:34, 30.26step/s]
[Origin 7/13] 🎲 Drawing Posterior Samples:  32%|███▏      | 480/1508 [00:40<00:32, 32.08step/s]
[Origin 7/13] 🎲 Drawing Posterior Samples:  32%|███▏      | 484/1508 [00:41<00:31, 32.59step/s]
[Origin 7/13] 🎲 Drawing Posterior Samples:  32%|███▏      | 488/1508 [00:41<00:32, 30.97step/s]
[Origin 7/13] 🎲 Drawing Posterior Samples:  33%|███▎      | 492/1508 [00:41<00:30, 33.10step/s]
[Origin 7/13] 🎲 Drawing Posterior Samples:  33%|███▎      | 496/1508 [00:41<00:34, 29.08step/s]
[Origin 7/13] 🎲 Drawing Posterior Samples:  33%|███▎      | 500/1508 [00:41<00:35, 28.53step/s]
[Origin 7/13] 🎲 Drawing Posterior Samples:  33%|███▎      | 505/1508 [00:41<00:33, 29.65step/s]
[Origin 7/13] 🎲 Drawing Posterior Samples:  34%|███▍      | 509/1508 [00:41<00:32, 31.21step/s]
[Origin 7/13] 🎲 Drawing Posterior Samples:  34%|███▍      | 513/1508 [00:42<00:32, 30.48step/s]
[Origin 7/13] 🎲 Drawing Posterior Samples:  34%|███▍      | 518/1508 [00:42<00:29, 33.36step/s]
[Origin 7/13] 🎲 Drawing Posterior Samples:  35%|███▍      | 522/1508 [00:42<00:31, 31.55step/s]
[Origin 7/13] 🎲 Drawing Posterior Samples:  35%|███▍      | 526/1508 [00:42<00:32, 30.13step/s]
[Origin 7/13] 🎲 Drawing Posterior Samples:  35%|███▌      | 530/1508 [00:42<00:33, 29.21step/s]
[Origin 7/13] 🎲 Drawing Posterior Samples:  35%|███▌      | 533/1508 [00:42<00:35, 27.47step/s]
[Origin 7/13] 🎲 Drawing Posterior Samples:  36%|███▌      | 537/1508 [00:42<00:33, 29.06step/s]
[Origin 7/13] 🎲 Drawing Posterior Samples:  36%|███▌      | 541/1508 [00:42<00:31, 30.40step/s]
[Origin 7/13] 🎲 Drawing Posterior Samples:  36%|███▌      | 545/1508 [00:43<00:32, 29.92step/s]
[Origin 7/13] 🎲 Drawing Posterior Samples:  36%|███▋      | 549/1508 [00:43<00:30, 31.33step/s]
[Origin 7/13] 🎲 Drawing Posterior Samples:  37%|███▋      | 553/1508 [00:43<00:29, 32.37step/s]
[Origin 7/13] 🎲 Drawing Posterior Samples:  37%|███▋      | 557/1508 [00:43<00:34, 27.88step/s]
[Origin 7/13] 🎲 Drawing Posterior Samples:  37%|███▋      | 561/1508 [00:43<00:32, 29.58step/s]
[Origin 7/13] 🎲 Drawing Posterior Samples:  37%|███▋      | 565/1508 [00:43<00:35, 26.93step/s]
[Origin 7/13] 🎲 Drawing Posterior Samples:  38%|███▊      | 569/1508 [00:43<00:31, 29.57step/s]
[Origin 7/13] 🎲 Drawing Posterior Samples:  38%|███▊      | 573/1508 [00:44<00:32, 28.68step/s]
[Origin 7/13] 🎲 Drawing Posterior Samples:  38%|███▊      | 576/1508 [00:44<00:32, 28.86step/s]
[Origin 7/13] 🎲 Drawing Posterior Samples:  38%|███▊      | 580/1508 [00:44<00:29, 31.39step/s]
[Origin 7/13] 🎲 Drawing Posterior Samples:  39%|███▊      | 584/1508 [00:44<00:32, 28.70step/s]
[Origin 7/13] 🎲 Drawing Posterior Samples:  39%|███▉      | 587/1508 [00:44<00:32, 27.93step/s]
[Origin 7/13] 🎲 Drawing Posterior Samples:  39%|███▉      | 592/1508 [00:44<00:28, 31.97step/s]
[Origin 7/13] 🎲 Drawing Posterior Samples:  40%|███▉      | 596/1508 [00:44<00:32, 28.41step/s]
[Origin 7/13] 🎲 Drawing Posterior Samples:  40%|███▉      | 600/1508 [00:44<00:30, 29.74step/s]
[Origin 7/13] 🎲 Drawing Posterior Samples:  40%|████      | 604/1508 [00:45<00:29, 30.81step/s]
[Origin 7/13] 🎲 Drawing Posterior Samples:  40%|████      | 608/1508 [00:45<00:30, 29.62step/s]
[Origin 7/13] 🎲 Drawing Posterior Samples:  41%|████      | 612/1508 [00:45<00:31, 28.84step/s]
[Origin 7/13] 🎲 Drawing Posterior Samples:  41%|████      | 616/1508 [00:45<00:28, 31.11step/s]
[Origin 7/13] 🎲 Drawing Posterior Samples:  41%|████      | 620/1508 [00:45<00:31, 28.26step/s]
[Origin 7/13] 🎲 Drawing Posterior Samples:  41%|████▏     | 624/1508 [00:45<00:29, 29.97step/s]
[Origin 7/13] 🎲 Drawing Posterior Samples:  42%|████▏     | 628/1508 [00:45<00:30, 29.14step/s]
[Origin 7/13] 🎲 Drawing Posterior Samples:  42%|████▏     | 632/1508 [00:45<00:27, 31.54step/s]
[Origin 7/13] 🎲 Drawing Posterior Samples:  42%|████▏     | 636/1508 [00:46<00:26, 33.47step/s]
[Origin 7/13] 🎲 Drawing Posterior Samples:  42%|████▏     | 640/1508 [00:46<00:28, 30.09step/s]
[Origin 7/13] 🎲 Drawing Posterior Samples:  43%|████▎     | 644/1508 [00:46<00:29, 28.94step/s]
[Origin 7/13] 🎲 Drawing Posterior Samples:  43%|████▎     | 649/1508 [00:46<00:26, 31.96step/s]
[Origin 7/13] 🎲 Drawing Posterior Samples:  43%|████▎     | 653/1508 [00:46<00:27, 30.81step/s]
[Origin 7/13] 🎲 Drawing Posterior Samples:  44%|████▎     | 657/1508 [00:46<00:29, 28.71step/s]
[Origin 7/13] 🎲 Drawing Posterior Samples:  44%|████▍     | 662/1508 [00:46<00:27, 30.99step/s]
[Origin 7/13] 🎲 Drawing Posterior Samples:  44%|████▍     | 666/1508 [00:47<00:26, 31.91step/s]
[Origin 7/13] 🎲 Drawing Posterior Samples:  44%|████▍     | 670/1508 [00:47<00:27, 30.39step/s]
[Origin 7/13] 🎲 Drawing Posterior Samples:  45%|████▍     | 674/1508 [00:47<00:28, 29.70step/s]
[Origin 7/13] 🎲 Drawing Posterior Samples:  45%|████▍     | 678/1508 [00:47<00:27, 30.15step/s]
[Origin 7/13] 🎲 Drawing Posterior Samples:  45%|████▌     | 682/1508 [00:47<00:27, 29.68step/s]
[Origin 7/13] 🎲 Drawing Posterior Samples:  45%|████▌     | 686/1508 [00:47<00:27, 29.86step/s]
[Origin 7/13] 🎲 Drawing Posterior Samples:  46%|████▌     | 690/1508 [00:47<00:27, 30.25step/s]
[Origin 7/13] 🎲 Drawing Posterior Samples:  46%|████▌     | 694/1508 [00:48<00:26, 30.59step/s]
[Origin 7/13] 🎲 Drawing Posterior Samples:  46%|████▋     | 700/1508 [00:48<00:23, 34.91step/s]
[Origin 7/13] 🎲 Drawing Posterior Samples:  47%|████▋     | 704/1508 [00:48<00:27, 28.84step/s]
[Origin 7/13] 🎲 Drawing Posterior Samples:  47%|████▋     | 708/1508 [00:48<00:27, 28.82step/s]
[Origin 7/13] 🎲 Drawing Posterior Samples:  47%|████▋     | 712/1508 [00:48<00:25, 31.12step/s]
[Origin 7/13] 🎲 Drawing Posterior Samples:  47%|████▋     | 716/1508 [00:48<00:26, 29.87step/s]
[Origin 7/13] 🎲 Drawing Posterior Samples:  48%|████▊     | 720/1508 [00:49<00:47, 16.77step/s]
[Origin 7/13] 🎲 Drawing Posterior Samples:  48%|████▊     | 723/1508 [00:49<01:13, 10.73step/s]
[Origin 7/13] 🎲 Drawing Posterior Samples:  48%|████▊     | 725/1508 [00:50<01:19,  9.88step/s]
[Origin 7/13] 🎲 Drawing Posterior Samples:  48%|████▊     | 727/1508 [00:50<01:25,  9.10step/s]
[Origin 7/13] 🎲 Drawing Posterior Samples:  48%|████▊     | 729/1508 [00:50<01:35,  8.18step/s]
[Origin 7/13] 🎲 Drawing Posterior Samples:  48%|████▊     | 731/1508 [00:51<01:41,  7.67step/s]
[Origin 7/13] 🎲 Drawing Posterior Samples:  49%|████▊     | 732/1508 [00:51<01:45,  7.33step/s]
[Origin 7/13] 🎲 Drawing Posterior Samples:  49%|████▊     | 733/1508 [00:51<01:49,  7.08step/s]
[Origin 7/13] 🎲 Drawing Posterior Samples:  49%|████▊     | 734/1508 [00:51<01:52,  6.87step/s]
[Origin 7/13] 🎲 Drawing Posterior Samples:  49%|████▊     | 735/1508 [00:51<01:51,  6.93step/s]
[Origin 7/13] 🎲 Drawing Posterior Samples:  49%|████▉     | 736/1508 [00:51<01:51,  6.92step/s]
[Origin 7/13] 🎲 Drawing Posterior Samples:  49%|████▉     | 737/1508 [00:51<01:53,  6.77step/s]
[Origin 7/13] 🎲 Drawing Posterior Samples:  49%|████▉     | 738/1508 [00:52<01:52,  6.87step/s]
[Origin 7/13] 🎲 Drawing Posterior Samples:  49%|████▉     | 739/1508 [00:52<01:57,  6.54step/s]
[Origin 7/13] 🎲 Drawing Posterior Samples:  49%|████▉     | 740/1508 [00:52<01:59,  6.41step/s]
[Origin 7/13] 🎲 Drawing Posterior Samples:  49%|████▉     | 741/1508 [00:52<02:20,  5.47step/s]
[Origin 7/13] 🎲 Drawing Posterior Samples:  49%|████▉     | 742/1508 [00:52<02:18,  5.51step/s]
[Origin 7/13] 🎲 Drawing Posterior Samples:  49%|████▉     | 743/1508 [00:53<02:12,  5.76step/s]
[Origin 7/13] 🎲 Drawing Posterior Samples:  49%|████▉     | 744/1508 [00:53<02:13,  5.74step/s]
[Origin 7/13] 🎲 Drawing Posterior Samples:  49%|████▉     | 745/1508 [00:53<02:10,  5.84step/s]
[Origin 7/13] 🎲 Drawing Posterior Samples:  49%|████▉     | 746/1508 [00:53<02:11,  5.80step/s]
[Origin 7/13] 🎲 Drawing Posterior Samples:  50%|████▉     | 747/1508 [00:53<02:12,  5.74step/s]
[Origin 7/13] 🎲 Drawing Posterior Samples:  50%|████▉     | 748/1508 [00:53<02:27,  5.17step/s]
[Origin 7/13] 🎲 Drawing Posterior Samples:  50%|████▉     | 749/1508 [00:54<02:20,  5.42step/s]
[Origin 7/13] 🎲 Drawing Posterior Samples:  50%|████▉     | 750/1508 [00:54<02:11,  5.77step/s]
[Origin 7/13] 🎲 Drawing Posterior Samples:  50%|████▉     | 751/1508 [00:54<02:06,  5.99step/s]
[Origin 7/13] 🎲 Drawing Posterior Samples:  50%|████▉     | 752/1508 [00:54<02:00,  6.27step/s]
[Origin 7/13] 🎲 Drawing Posterior Samples:  50%|████▉     | 753/1508 [00:54<02:00,  6.28step/s]
[Origin 7/13] 🎲 Drawing Posterior Samples:  50%|█████     | 754/1508 [00:54<01:58,  6.35step/s]
[Origin 7/13] 🎲 Drawing Posterior Samples:  50%|█████     | 755/1508 [01:16<1:20:57,  6.45s/step]
[Origin 7/13] 🎲 Drawing Posterior Samples:  50%|█████     | 760/1508 [01:16<25:48,  2.07s/step]  
[Origin 7/13] 🎲 Drawing Posterior Samples:  51%|█████     | 764/1508 [01:16<14:35,  1.18s/step]
[Origin 7/13] 🎲 Drawing Posterior Samples:  51%|█████     | 768/1508 [01:16<09:04,  1.36step/s]
[Origin 7/13] 🎲 Drawing Posterior Samples:  51%|█████     | 771/1508 [01:16<06:32,  1.88step/s]
[Origin 7/13] 🎲 Drawing Posterior Samples:  51%|█████▏    | 774/1508 [01:16<04:44,  2.58step/s]
[Origin 7/13] 🎲 Drawing Posterior Samples:  52%|█████▏    | 778/1508 [01:16<03:09,  3.85step/s]
[Origin 7/13] 🎲 Drawing Posterior Samples:  52%|█████▏    | 781/1508 [01:16<02:23,  5.08step/s]
[Origin 7/13] 🎲 Drawing Posterior Samples:  52%|█████▏    | 785/1508 [01:17<01:40,  7.20step/s]
[Origin 7/13] 🎲 Drawing Posterior Samples:  52%|█████▏    | 788/1508 [01:17<01:19,  9.01step/s]
[Origin 7/13] 🎲 Drawing Posterior Samples:  53%|█████▎    | 792/1508 [01:17<00:59, 12.02step/s]
[Origin 7/13] 🎲 Drawing Posterior Samples:  53%|█████▎    | 796/1508 [01:17<00:47, 15.00step/s]
[Origin 7/13] 🎲 Drawing Posterior Samples:  53%|█████▎    | 801/1508 [01:17<00:35, 19.76step/s]
[Origin 7/13] 🎲 Drawing Posterior Samples:  53%|█████▎    | 805/1508 [01:17<00:31, 22.42step/s]
[Origin 7/13] 🎲 Drawing Posterior Samples:  54%|█████▎    | 809/1508 [01:17<00:29, 23.75step/s]
[Origin 7/13] 🎲 Drawing Posterior Samples:  54%|█████▍    | 813/1508 [01:17<00:27, 25.06step/s]
[Origin 7/13] 🎲 Drawing Posterior Samples:  54%|█████▍    | 817/1508 [01:18<00:27, 25.38step/s]
[Origin 7/13] 🎲 Drawing Posterior Samples:  54%|█████▍    | 820/1508 [01:18<00:26, 25.74step/s]
[Origin 7/13] 🎲 Drawing Posterior Samples:  55%|█████▍    | 824/1508 [01:18<00:23, 28.78step/s]
[Origin 7/13] 🎲 Drawing Posterior Samples:  55%|█████▍    | 828/1508 [01:18<00:23, 29.46step/s]
[Origin 7/13] 🎲 Drawing Posterior Samples:  55%|█████▌    | 832/1508 [01:18<00:21, 30.84step/s]
[Origin 7/13] 🎲 Drawing Posterior Samples:  55%|█████▌    | 836/1508 [01:18<00:20, 32.51step/s]
[Origin 7/13] 🎲 Drawing Posterior Samples:  56%|█████▌    | 840/1508 [01:18<00:19, 34.20step/s]
[Origin 7/13] 🎲 Drawing Posterior Samples:  56%|█████▌    | 844/1508 [01:18<00:19, 33.55step/s]
[Origin 7/13] 🎲 Drawing Posterior Samples:  56%|█████▌    | 848/1508 [01:18<00:19, 33.97step/s]
[Origin 7/13] 🎲 Drawing Posterior Samples:  56%|█████▋    | 852/1508 [01:19<00:22, 29.78step/s]
[Origin 7/13] 🎲 Drawing Posterior Samples:  57%|█████▋    | 856/1508 [01:19<00:22, 29.04step/s]
[Origin 7/13] 🎲 Drawing Posterior Samples:  57%|█████▋    | 860/1508 [01:19<00:21, 30.20step/s]
[Origin 7/13] 🎲 Drawing Posterior Samples:  57%|█████▋    | 864/1508 [01:19<00:20, 32.09step/s]
[Origin 7/13] 🎲 Drawing Posterior Samples:  58%|█████▊    | 868/1508 [01:19<00:22, 28.97step/s]
[Origin 7/13] 🎲 Drawing Posterior Samples:  58%|█████▊    | 872/1508 [01:19<00:20, 31.23step/s]
[Origin 7/13] 🎲 Drawing Posterior Samples:  58%|█████▊    | 876/1508 [01:19<00:20, 30.11step/s]
[Origin 7/13] 🎲 Drawing Posterior Samples:  58%|█████▊    | 880/1508 [01:20<00:21, 29.61step/s]
[Origin 7/13] 🎲 Drawing Posterior Samples:  59%|█████▊    | 884/1508 [01:20<00:19, 31.26step/s]
[Origin 7/13] 🎲 Drawing Posterior Samples:  59%|█████▉    | 888/1508 [01:20<00:19, 31.41step/s]
[Origin 7/13] 🎲 Drawing Posterior Samples:  59%|█████▉    | 892/1508 [01:20<00:19, 31.90step/s]
[Origin 7/13] 🎲 Drawing Posterior Samples:  59%|█████▉    | 896/1508 [01:20<00:20, 29.96step/s]
[Origin 7/13] 🎲 Drawing Posterior Samples:  60%|█████▉    | 900/1508 [01:20<00:19, 30.63step/s]
[Origin 7/13] 🎲 Drawing Posterior Samples:  60%|█████▉    | 904/1508 [01:20<00:18, 32.71step/s]
[Origin 7/13] 🎲 Drawing Posterior Samples:  60%|██████    | 908/1508 [01:20<00:21, 28.16step/s]
[Origin 7/13] 🎲 Drawing Posterior Samples:  60%|██████    | 911/1508 [01:21<00:22, 26.72step/s]
[Origin 7/13] 🎲 Drawing Posterior Samples:  61%|██████    | 916/1508 [01:21<00:19, 31.06step/s]
[Origin 7/13] 🎲 Drawing Posterior Samples:  61%|██████    | 920/1508 [01:21<00:19, 30.44step/s]
[Origin 7/13] 🎲 Drawing Posterior Samples:  61%|██████▏   | 924/1508 [01:21<00:18, 32.35step/s]
[Origin 7/13] 🎲 Drawing Posterior Samples:  62%|██████▏   | 928/1508 [01:21<00:17, 32.48step/s]
[Origin 7/13] 🎲 Drawing Posterior Samples:  62%|██████▏   | 932/1508 [01:21<00:17, 32.21step/s]
[Origin 7/13] 🎲 Drawing Posterior Samples:  62%|██████▏   | 936/1508 [01:21<00:16, 33.95step/s]
[Origin 7/13] 🎲 Drawing Posterior Samples:  62%|██████▏   | 940/1508 [01:21<00:17, 31.89step/s]
[Origin 7/13] 🎲 Drawing Posterior Samples:  63%|██████▎   | 944/1508 [01:22<00:18, 29.89step/s]
[Origin 7/13] 🎲 Drawing Posterior Samples:  63%|██████▎   | 948/1508 [01:22<00:17, 31.77step/s]
[Origin 7/13] 🎲 Drawing Posterior Samples:  63%|██████▎   | 952/1508 [01:22<00:16, 33.19step/s]
[Origin 7/13] 🎲 Drawing Posterior Samples:  63%|██████▎   | 957/1508 [01:22<00:16, 33.79step/s]
[Origin 7/13] 🎲 Drawing Posterior Samples:  64%|██████▎   | 961/1508 [01:22<00:16, 32.52step/s]
[Origin 7/13] 🎲 Drawing Posterior Samples:  64%|██████▍   | 965/1508 [01:22<00:16, 32.65step/s]
[Origin 7/13] 🎲 Drawing Posterior Samples:  64%|██████▍   | 969/1508 [01:22<00:15, 34.36step/s]
[Origin 7/13] 🎲 Drawing Posterior Samples:  65%|██████▍   | 973/1508 [01:22<00:17, 30.09step/s]
[Origin 7/13] 🎲 Drawing Posterior Samples:  65%|██████▍   | 977/1508 [01:23<00:16, 31.84step/s]
[Origin 7/13] 🎲 Drawing Posterior Samples:  65%|██████▌   | 982/1508 [01:23<00:15, 33.20step/s]
[Origin 7/13] 🎲 Drawing Posterior Samples:  65%|██████▌   | 986/1508 [01:23<00:17, 29.94step/s]
[Origin 7/13] 🎲 Drawing Posterior Samples:  66%|██████▌   | 991/1508 [01:23<00:16, 31.99step/s]
[Origin 7/13] 🎲 Drawing Posterior Samples:  66%|██████▌   | 995/1508 [01:23<00:15, 32.31step/s]
[Origin 7/13] 🎲 Drawing Posterior Samples:  66%|██████▌   | 999/1508 [01:23<00:17, 29.11step/s]
[Origin 7/13] 🎲 Drawing Posterior Samples:  67%|██████▋   | 1003/1508 [01:23<00:17, 28.64step/s]
[Origin 7/13] 🎲 Drawing Posterior Samples:  67%|██████▋   | 1007/1508 [01:24<00:16, 30.05step/s]
[Origin 7/13] 🎲 Drawing Posterior Samples:  67%|██████▋   | 1011/1508 [01:24<00:17, 28.44step/s]
[Origin 7/13] 🎲 Drawing Posterior Samples:  67%|██████▋   | 1016/1508 [01:24<00:15, 31.13step/s]
[Origin 7/13] 🎲 Drawing Posterior Samples:  68%|██████▊   | 1020/1508 [01:24<00:15, 30.80step/s]
[Origin 7/13] 🎲 Drawing Posterior Samples:  68%|██████▊   | 1024/1508 [01:24<00:15, 30.98step/s]
[Origin 7/13] 🎲 Drawing Posterior Samples:  68%|██████▊   | 1028/1508 [01:24<00:15, 31.38step/s]
[Origin 7/13] 🎲 Drawing Posterior Samples:  68%|██████▊   | 1032/1508 [01:24<00:16, 29.64step/s]
[Origin 7/13] 🎲 Drawing Posterior Samples:  69%|██████▊   | 1036/1508 [01:25<00:15, 30.20step/s]
[Origin 7/13] 🎲 Drawing Posterior Samples:  69%|██████▉   | 1040/1508 [01:25<00:15, 30.10step/s]
[Origin 7/13] 🎲 Drawing Posterior Samples:  69%|██████▉   | 1044/1508 [01:25<00:15, 29.75step/s]
[Origin 7/13] 🎲 Drawing Posterior Samples:  69%|██████▉   | 1047/1508 [01:25<00:15, 29.25step/s]
[Origin 7/13] 🎲 Drawing Posterior Samples:  70%|██████▉   | 1051/1508 [01:25<00:14, 30.94step/s]
[Origin 7/13] 🎲 Drawing Posterior Samples:  70%|██████▉   | 1055/1508 [01:25<00:15, 28.54step/s]
[Origin 7/13] 🎲 Drawing Posterior Samples:  70%|███████   | 1060/1508 [01:25<00:14, 31.13step/s]
[Origin 7/13] 🎲 Drawing Posterior Samples:  71%|███████   | 1064/1508 [01:25<00:15, 29.58step/s]
[Origin 7/13] 🎲 Drawing Posterior Samples:  71%|███████   | 1067/1508 [01:26<00:15, 29.25step/s]
[Origin 7/13] 🎲 Drawing Posterior Samples:  71%|███████   | 1071/1508 [01:26<00:13, 31.89step/s]
[Origin 7/13] 🎲 Drawing Posterior Samples:  71%|███████▏  | 1075/1508 [01:26<00:15, 28.33step/s]
[Origin 7/13] 🎲 Drawing Posterior Samples:  72%|███████▏  | 1079/1508 [01:26<00:14, 29.34step/s]
[Origin 7/13] 🎲 Drawing Posterior Samples:  72%|███████▏  | 1084/1508 [01:26<00:13, 31.68step/s]
[Origin 7/13] 🎲 Drawing Posterior Samples:  72%|███████▏  | 1088/1508 [01:26<00:13, 30.37step/s]
[Origin 7/13] 🎲 Drawing Posterior Samples:  72%|███████▏  | 1092/1508 [01:26<00:14, 28.23step/s]
[Origin 7/13] 🎲 Drawing Posterior Samples:  73%|███████▎  | 1096/1508 [01:27<00:19, 21.22step/s]
[Origin 7/13] 🎲 Drawing Posterior Samples:  73%|███████▎  | 1099/1508 [01:27<00:32, 12.43step/s]
[Origin 7/13] 🎲 Drawing Posterior Samples:  73%|███████▎  | 1101/1508 [01:28<00:35, 11.32step/s]
[Origin 7/13] 🎲 Drawing Posterior Samples:  73%|███████▎  | 1103/1508 [01:28<00:39, 10.19step/s]
[Origin 7/13] 🎲 Drawing Posterior Samples:  73%|███████▎  | 1105/1508 [01:28<00:43,  9.19step/s]
[Origin 7/13] 🎲 Drawing Posterior Samples:  73%|███████▎  | 1107/1508 [01:28<00:46,  8.54step/s]
[Origin 7/13] 🎲 Drawing Posterior Samples:  73%|███████▎  | 1108/1508 [01:29<00:49,  8.03step/s]
[Origin 7/13] 🎲 Drawing Posterior Samples:  74%|███████▎  | 1109/1508 [01:29<00:50,  7.95step/s]
[Origin 7/13] 🎲 Drawing Posterior Samples:  74%|███████▎  | 1110/1508 [01:29<00:55,  7.12step/s]
[Origin 7/13] 🎲 Drawing Posterior Samples:  74%|███████▎  | 1111/1508 [01:29<00:55,  7.11step/s]
[Origin 7/13] 🎲 Drawing Posterior Samples:  74%|███████▎  | 1112/1508 [01:29<00:55,  7.16step/s]
[Origin 7/13] 🎲 Drawing Posterior Samples:  74%|███████▍  | 1113/1508 [01:29<00:53,  7.34step/s]
[Origin 7/13] 🎲 Drawing Posterior Samples:  74%|███████▍  | 1114/1508 [01:29<00:53,  7.31step/s]
[Origin 7/13] 🎲 Drawing Posterior Samples:  74%|███████▍  | 1115/1508 [01:30<00:51,  7.61step/s]
[Origin 7/13] 🎲 Drawing Posterior Samples:  74%|███████▍  | 1116/1508 [01:30<00:51,  7.59step/s]
[Origin 7/13] 🎲 Drawing Posterior Samples:  74%|███████▍  | 1117/1508 [01:30<00:54,  7.15step/s]
[Origin 7/13] 🎲 Drawing Posterior Samples:  74%|███████▍  | 1118/1508 [01:30<00:56,  6.86step/s]
[Origin 7/13] 🎲 Drawing Posterior Samples:  74%|███████▍  | 1119/1508 [01:30<01:14,  5.21step/s]
[Origin 7/13] 🎲 Drawing Posterior Samples:  74%|███████▍  | 1120/1508 [01:30<01:10,  5.51step/s]
[Origin 7/13] 🎲 Drawing Posterior Samples:  74%|███████▍  | 1121/1508 [01:31<01:07,  5.74step/s]
[Origin 7/13] 🎲 Drawing Posterior Samples:  74%|███████▍  | 1122/1508 [01:31<01:06,  5.82step/s]
[Origin 7/13] 🎲 Drawing Posterior Samples:  74%|███████▍  | 1123/1508 [01:31<01:02,  6.11step/s]
[Origin 7/13] 🎲 Drawing Posterior Samples:  75%|███████▍  | 1124/1508 [01:31<01:00,  6.38step/s]
[Origin 7/13] 🎲 Drawing Posterior Samples:  75%|███████▍  | 1125/1508 [01:31<01:10,  5.45step/s]
[Origin 7/13] 🎲 Drawing Posterior Samples:  75%|███████▍  | 1126/1508 [01:32<01:17,  4.95step/s]
[Origin 7/13] 🎲 Drawing Posterior Samples:  75%|███████▍  | 1127/1508 [01:32<01:22,  4.62step/s]
[Origin 7/13] 🎲 Drawing Posterior Samples:  75%|███████▍  | 1128/1508 [01:32<01:22,  4.61step/s]
[Origin 7/13] 🎲 Drawing Posterior Samples:  75%|███████▍  | 1129/1508 [01:32<01:24,  4.46step/s]
[Origin 7/13] 🎲 Drawing Posterior Samples:  75%|███████▍  | 1130/1508 [01:32<01:22,  4.58step/s]
[Origin 7/13] 🎲 Drawing Posterior Samples:  75%|███████▌  | 1131/1508 [01:33<01:18,  4.79step/s]
[Origin 7/13] 🎲 Drawing Posterior Samples:  75%|███████▌  | 1132/1508 [01:53<38:33,  6.15s/step]
[Origin 7/13] 🎲 Drawing Posterior Samples:  75%|███████▌  | 1135/1508 [01:53<16:53,  2.72s/step]
[Origin 7/13] 🎲 Drawing Posterior Samples:  75%|███████▌  | 1138/1508 [01:53<09:23,  1.52s/step]
[Origin 7/13] 🎲 Drawing Posterior Samples:  76%|███████▌  | 1141/1508 [01:53<05:46,  1.06step/s]
[Origin 7/13] 🎲 Drawing Posterior Samples:  76%|███████▌  | 1144/1508 [01:53<03:45,  1.61step/s]
[Origin 7/13] 🎲 Drawing Posterior Samples:  76%|███████▌  | 1147/1508 [01:53<02:32,  2.37step/s]
[Origin 7/13] 🎲 Drawing Posterior Samples:  76%|███████▋  | 1151/1508 [01:53<01:35,  3.72step/s]
[Origin 7/13] 🎲 Drawing Posterior Samples:  77%|███████▋  | 1154/1508 [01:53<01:10,  5.01step/s]
[Origin 7/13] 🎲 Drawing Posterior Samples:  77%|███████▋  | 1157/1508 [01:54<00:53,  6.53step/s]
[Origin 7/13] 🎲 Drawing Posterior Samples:  77%|███████▋  | 1161/1508 [01:54<00:37,  9.26step/s]
[Origin 7/13] 🎲 Drawing Posterior Samples:  77%|███████▋  | 1164/1508 [01:54<00:30, 11.17step/s]
[Origin 7/13] 🎲 Drawing Posterior Samples:  77%|███████▋  | 1167/1508 [01:54<00:26, 13.08step/s]
[Origin 7/13] 🎲 Drawing Posterior Samples:  78%|███████▊  | 1171/1508 [01:54<00:20, 16.14step/s]
[Origin 7/13] 🎲 Drawing Posterior Samples:  78%|███████▊  | 1174/1508 [01:54<00:19, 17.04step/s]
[Origin 7/13] 🎲 Drawing Posterior Samples:  78%|███████▊  | 1178/1508 [01:54<00:17, 19.19step/s]
[Origin 7/13] 🎲 Drawing Posterior Samples:  78%|███████▊  | 1181/1508 [01:55<00:16, 19.99step/s]
[Origin 7/13] 🎲 Drawing Posterior Samples:  79%|███████▊  | 1184/1508 [01:55<00:16, 20.11step/s]
[Origin 7/13] 🎲 Drawing Posterior Samples:  79%|███████▊  | 1187/1508 [01:55<00:14, 21.48step/s]
[Origin 7/13] 🎲 Drawing Posterior Samples:  79%|███████▉  | 1191/1508 [01:55<00:12, 24.64step/s]
[Origin 7/13] 🎲 Drawing Posterior Samples:  79%|███████▉  | 1194/1508 [01:55<00:12, 24.35step/s]
[Origin 7/13] 🎲 Drawing Posterior Samples:  79%|███████▉  | 1197/1508 [01:55<00:12, 25.59step/s]
[Origin 7/13] 🎲 Drawing Posterior Samples:  80%|███████▉  | 1201/1508 [01:55<00:10, 29.18step/s]
[Origin 7/13] 🎲 Drawing Posterior Samples:  80%|███████▉  | 1205/1508 [01:55<00:11, 27.26step/s]
[Origin 7/13] 🎲 Drawing Posterior Samples:  80%|████████  | 1209/1508 [01:56<00:10, 29.32step/s]
[Origin 7/13] 🎲 Drawing Posterior Samples:  80%|████████  | 1213/1508 [01:56<00:09, 31.32step/s]
[Origin 7/13] 🎲 Drawing Posterior Samples:  81%|████████  | 1217/1508 [01:56<00:09, 31.29step/s]
[Origin 7/13] 🎲 Drawing Posterior Samples:  81%|████████  | 1221/1508 [01:56<00:10, 26.76step/s]
[Origin 7/13] 🎲 Drawing Posterior Samples:  81%|████████  | 1224/1508 [01:56<00:11, 25.04step/s]
[Origin 7/13] 🎲 Drawing Posterior Samples:  81%|████████▏ | 1227/1508 [01:56<00:11, 23.85step/s]
[Origin 7/13] 🎲 Drawing Posterior Samples:  82%|████████▏ | 1230/1508 [01:56<00:11, 23.76step/s]
[Origin 7/13] 🎲 Drawing Posterior Samples:  82%|████████▏ | 1233/1508 [01:57<00:11, 23.51step/s]
[Origin 7/13] 🎲 Drawing Posterior Samples:  82%|████████▏ | 1237/1508 [01:57<00:10, 26.06step/s]
[Origin 7/13] 🎲 Drawing Posterior Samples:  82%|████████▏ | 1240/1508 [01:57<00:10, 25.32step/s]
[Origin 7/13] 🎲 Drawing Posterior Samples:  83%|████████▎ | 1245/1508 [01:57<00:08, 29.90step/s]
[Origin 7/13] 🎲 Drawing Posterior Samples:  83%|████████▎ | 1249/1508 [01:57<00:09, 28.55step/s]
[Origin 7/13] 🎲 Drawing Posterior Samples:  83%|████████▎ | 1252/1508 [01:57<00:09, 27.19step/s]
[Origin 7/13] 🎲 Drawing Posterior Samples:  83%|████████▎ | 1255/1508 [01:57<00:09, 26.35step/s]
[Origin 7/13] 🎲 Drawing Posterior Samples:  83%|████████▎ | 1258/1508 [01:57<00:10, 24.25step/s]
[Origin 7/13] 🎲 Drawing Posterior Samples:  84%|████████▎ | 1261/1508 [01:58<00:10, 23.34step/s]
[Origin 7/13] 🎲 Drawing Posterior Samples:  84%|████████▍ | 1264/1508 [01:58<00:09, 24.71step/s]
[Origin 7/13] 🎲 Drawing Posterior Samples:  84%|████████▍ | 1268/1508 [01:58<00:08, 26.80step/s]
[Origin 7/13] 🎲 Drawing Posterior Samples:  84%|████████▍ | 1273/1508 [01:58<00:07, 30.85step/s]
[Origin 7/13] 🎲 Drawing Posterior Samples:  85%|████████▍ | 1277/1508 [01:58<00:07, 30.43step/s]
[Origin 7/13] 🎲 Drawing Posterior Samples:  85%|████████▍ | 1281/1508 [01:58<00:07, 31.68step/s]
[Origin 7/13] 🎲 Drawing Posterior Samples:  85%|████████▌ | 1285/1508 [01:58<00:08, 27.25step/s]
[Origin 7/13] 🎲 Drawing Posterior Samples:  85%|████████▌ | 1288/1508 [01:59<00:08, 25.17step/s]
[Origin 7/13] 🎲 Drawing Posterior Samples:  86%|████████▌ | 1291/1508 [01:59<00:09, 23.53step/s]
[Origin 7/13] 🎲 Drawing Posterior Samples:  86%|████████▌ | 1294/1508 [01:59<00:09, 21.92step/s]
[Origin 7/13] 🎲 Drawing Posterior Samples:  86%|████████▌ | 1297/1508 [01:59<00:09, 22.11step/s]
[Origin 7/13] 🎲 Drawing Posterior Samples:  86%|████████▌ | 1300/1508 [01:59<00:08, 23.24step/s]
[Origin 7/13] 🎲 Drawing Posterior Samples:  86%|████████▋ | 1304/1508 [01:59<00:07, 26.23step/s]
[Origin 7/13] 🎲 Drawing Posterior Samples:  87%|████████▋ | 1307/1508 [01:59<00:08, 24.81step/s]
[Origin 7/13] 🎲 Drawing Posterior Samples:  87%|████████▋ | 1310/1508 [02:00<00:08, 23.07step/s]
[Origin 7/13] 🎲 Drawing Posterior Samples:  87%|████████▋ | 1313/1508 [02:00<00:08, 23.92step/s]
[Origin 7/13] 🎲 Drawing Posterior Samples:  87%|████████▋ | 1316/1508 [02:00<00:08, 23.67step/s]
[Origin 7/13] 🎲 Drawing Posterior Samples:  87%|████████▋ | 1319/1508 [02:00<00:07, 24.20step/s]
[Origin 7/13] 🎲 Drawing Posterior Samples:  88%|████████▊ | 1322/1508 [02:00<00:07, 23.26step/s]
[Origin 7/13] 🎲 Drawing Posterior Samples:  88%|████████▊ | 1325/1508 [02:00<00:08, 22.31step/s]
[Origin 7/13] 🎲 Drawing Posterior Samples:  88%|████████▊ | 1329/1508 [02:00<00:07, 24.79step/s]
[Origin 7/13] 🎲 Drawing Posterior Samples:  88%|████████▊ | 1332/1508 [02:00<00:07, 24.10step/s]
[Origin 7/13] 🎲 Drawing Posterior Samples:  89%|████████▊ | 1335/1508 [02:01<00:07, 23.53step/s]
[Origin 7/13] 🎲 Drawing Posterior Samples:  89%|████████▊ | 1338/1508 [02:01<00:06, 24.61step/s]
[Origin 7/13] 🎲 Drawing Posterior Samples:  89%|████████▉ | 1341/1508 [02:01<00:06, 24.62step/s]
[Origin 7/13] 🎲 Drawing Posterior Samples:  89%|████████▉ | 1344/1508 [02:01<00:06, 23.51step/s]
[Origin 7/13] 🎲 Drawing Posterior Samples:  89%|████████▉ | 1347/1508 [02:01<00:06, 23.90step/s]
[Origin 7/13] 🎲 Drawing Posterior Samples:  90%|████████▉ | 1350/1508 [02:01<00:07, 22.50step/s]
[Origin 7/13] 🎲 Drawing Posterior Samples:  90%|████████▉ | 1353/1508 [02:01<00:06, 23.79step/s]
[Origin 7/13] 🎲 Drawing Posterior Samples:  90%|████████▉ | 1356/1508 [02:01<00:06, 24.24step/s]
[Origin 7/13] 🎲 Drawing Posterior Samples:  90%|█████████ | 1359/1508 [02:02<00:06, 23.93step/s]
[Origin 7/13] 🎲 Drawing Posterior Samples:  90%|█████████ | 1362/1508 [02:02<00:06, 23.55step/s]
[Origin 7/13] 🎲 Drawing Posterior Samples:  91%|█████████ | 1365/1508 [02:02<00:05, 24.02step/s]
[Origin 7/13] 🎲 Drawing Posterior Samples:  91%|█████████ | 1368/1508 [02:02<00:06, 22.68step/s]
[Origin 7/13] 🎲 Drawing Posterior Samples:  91%|█████████ | 1371/1508 [02:02<00:06, 20.99step/s]
[Origin 7/13] 🎲 Drawing Posterior Samples:  91%|█████████ | 1374/1508 [02:02<00:06, 20.24step/s]
[Origin 7/13] 🎲 Drawing Posterior Samples:  91%|█████████▏| 1377/1508 [02:02<00:06, 19.75step/s]
[Origin 7/13] 🎲 Drawing Posterior Samples:  92%|█████████▏| 1380/1508 [02:03<00:06, 20.70step/s]
[Origin 7/13] 🎲 Drawing Posterior Samples:  92%|█████████▏| 1383/1508 [02:03<00:05, 22.26step/s]
[Origin 7/13] 🎲 Drawing Posterior Samples:  92%|█████████▏| 1386/1508 [02:03<00:05, 23.43step/s]
[Origin 7/13] 🎲 Drawing Posterior Samples:  92%|█████████▏| 1389/1508 [02:03<00:04, 24.69step/s]
[Origin 7/13] 🎲 Drawing Posterior Samples:  92%|█████████▏| 1392/1508 [02:03<00:04, 24.37step/s]
[Origin 7/13] 🎲 Drawing Posterior Samples:  93%|█████████▎| 1395/1508 [02:03<00:04, 23.54step/s]
[Origin 7/13] 🎲 Drawing Posterior Samples:  93%|█████████▎| 1398/1508 [02:03<00:04, 22.38step/s]
[Origin 7/13] 🎲 Drawing Posterior Samples:  93%|█████████▎| 1401/1508 [02:03<00:04, 22.90step/s]
[Origin 7/13] 🎲 Drawing Posterior Samples:  93%|█████████▎| 1404/1508 [02:04<00:04, 23.65step/s]
[Origin 7/13] 🎲 Drawing Posterior Samples:  93%|█████████▎| 1407/1508 [02:04<00:04, 22.53step/s]
[Origin 7/13] 🎲 Drawing Posterior Samples:  94%|█████████▎| 1410/1508 [02:04<00:04, 23.60step/s]
[Origin 7/13] 🎲 Drawing Posterior Samples:  94%|█████████▎| 1413/1508 [02:04<00:04, 23.30step/s]
[Origin 7/13] 🎲 Drawing Posterior Samples:  94%|█████████▍| 1416/1508 [02:04<00:04, 22.08step/s]
[Origin 7/13] 🎲 Drawing Posterior Samples:  94%|█████████▍| 1419/1508 [02:04<00:04, 21.83step/s]
[Origin 7/13] 🎲 Drawing Posterior Samples:  94%|█████████▍| 1422/1508 [02:04<00:04, 21.34step/s]
[Origin 7/13] 🎲 Drawing Posterior Samples:  94%|█████████▍| 1425/1508 [02:05<00:03, 21.59step/s]
[Origin 7/13] 🎲 Drawing Posterior Samples:  95%|█████████▍| 1428/1508 [02:05<00:03, 23.28step/s]
[Origin 7/13] 🎲 Drawing Posterior Samples:  95%|█████████▍| 1432/1508 [02:05<00:02, 26.91step/s]
[Origin 7/13] 🎲 Drawing Posterior Samples:  95%|█████████▌| 1435/1508 [02:05<00:02, 26.55step/s]
[Origin 7/13] 🎲 Drawing Posterior Samples:  95%|█████████▌| 1439/1508 [02:05<00:02, 29.09step/s]
[Origin 7/13] 🎲 Drawing Posterior Samples:  96%|█████████▌| 1442/1508 [02:05<00:02, 27.81step/s]
[Origin 7/13] 🎲 Drawing Posterior Samples:  96%|█████████▌| 1446/1508 [02:05<00:02, 29.34step/s]
[Origin 7/13] 🎲 Drawing Posterior Samples:  96%|█████████▌| 1450/1508 [02:05<00:01, 30.75step/s]
[Origin 7/13] 🎲 Drawing Posterior Samples:  96%|█████████▋| 1454/1508 [02:05<00:01, 29.92step/s]
[Origin 7/13] 🎲 Drawing Posterior Samples:  97%|█████████▋| 1458/1508 [02:06<00:01, 30.96step/s]
[Origin 7/13] 🎲 Drawing Posterior Samples:  97%|█████████▋| 1462/1508 [02:06<00:01, 31.52step/s]
[Origin 7/13] 🎲 Drawing Posterior Samples:  97%|█████████▋| 1466/1508 [02:06<00:01, 30.40step/s]
[Origin 7/13] 🎲 Drawing Posterior Samples:  97%|█████████▋| 1470/1508 [02:06<00:01, 30.45step/s]
[Origin 7/13] 🎲 Drawing Posterior Samples:  98%|█████████▊| 1474/1508 [02:06<00:01, 18.81step/s]
[Origin 7/13] 🎲 Drawing Posterior Samples:  98%|█████████▊| 1477/1508 [02:07<00:02, 10.72step/s]
[Origin 7/13] 🎲 Drawing Posterior Samples:  98%|█████████▊| 1479/1508 [02:07<00:03,  9.34step/s]
[Origin 7/13] 🎲 Drawing Posterior Samples:  98%|█████████▊| 1481/1508 [02:08<00:03,  7.22step/s]
[Origin 7/13] 🎲 Drawing Posterior Samples:  98%|█████████▊| 1483/1508 [02:08<00:04,  6.24step/s]
[Origin 7/13] 🎲 Drawing Posterior Samples:  98%|█████████▊| 1484/1508 [02:09<00:03,  6.08step/s]
[Origin 7/13] 🎲 Drawing Posterior Samples:  98%|█████████▊| 1485/1508 [02:09<00:03,  5.98step/s]
[Origin 7/13] 🎲 Drawing Posterior Samples:  99%|█████████▊| 1486/1508 [02:09<00:03,  5.83step/s]
[Origin 7/13] 🎲 Drawing Posterior Samples:  99%|█████████▊| 1487/1508 [02:09<00:03,  5.88step/s]
[Origin 7/13] 🎲 Drawing Posterior Samples:  99%|█████████▊| 1488/1508 [02:09<00:03,  5.75step/s]
[Origin 7/13] 🎲 Drawing Posterior Samples:  99%|█████████▊| 1489/1508 [02:09<00:03,  5.24step/s]
[Origin 7/13] 🎲 Drawing Posterior Samples:  99%|█████████▉| 1490/1508 [02:10<00:03,  5.13step/s]
[Origin 7/13] 🎲 Drawing Posterior Samples:  99%|█████████▉| 1491/1508 [02:10<00:03,  4.93step/s]
[Origin 7/13] 🎲 Drawing Posterior Samples:  99%|█████████▉| 1492/1508 [02:10<00:03,  4.51step/s]
[Origin 7/13] 🎲 Drawing Posterior Samples:  99%|█████████▉| 1493/1508 [02:10<00:03,  4.54step/s]
[Origin 7/13] 🎲 Drawing Posterior Samples:  99%|█████████▉| 1494/1508 [02:11<00:02,  4.81step/s]
[Origin 7/13] 🎲 Drawing Posterior Samples:  99%|█████████▉| 1495/1508 [02:11<00:02,  4.88step/s]
[Origin 7/13] 🎲 Drawing Posterior Samples:  99%|█████████▉| 1496/1508 [02:11<00:02,  4.79step/s]
[Origin 7/13] 🎲 Drawing Posterior Samples:  99%|█████████▉| 1497/1508 [02:11<00:02,  4.86step/s]
[Origin 7/13] 🎲 Drawing Posterior Samples:  99%|█████████▉| 1498/1508 [02:11<00:02,  4.68step/s]
[Origin 7/13] 🎲 Drawing Posterior Samples:  99%|█████████▉| 1499/1508 [02:12<00:01,  5.03step/s]
[Origin 7/13] 🎲 Drawing Posterior Samples:  99%|█████████▉| 1500/1508 [02:12<00:01,  4.91step/s]
[Origin 7/13] 🎲 Drawing Posterior Samples: 100%|█████████▉| 1501/1508 [02:12<00:01,  4.89step/s]
[Origin 7/13] 🎲 Drawing Posterior Samples: 100%|█████████▉| 1502/1508 [02:12<00:01,  4.96step/s]
[Origin 7/13] 🎲 Drawing Posterior Samples: 100%|█████████▉| 1503/1508 [02:12<00:01,  4.89step/s]
[Origin 7/13] 🎲 Drawing Posterior Samples: 100%|█████████▉| 1504/1508 [02:13<00:00,  4.84step/s]
[Origin 7/13] 🎲 Drawing Posterior Samples: 100%|█████████▉| 1505/1508 [02:13<00:00,  4.90step/s]
[Origin 7/13] 🎲 Drawing Posterior Samples: 100%|█████████▉| 1506/1508 [02:13<00:00,  4.49step/s]
[Origin 7/13] 🎲 Drawing Posterior Samples: 100%|█████████▉| 1507/1508 [02:13<00:00,  4.00step/s]
[Origin 7/13] 🎲 Drawing Posterior Samples: 100%|██████████| 1508/1508 [02:14<00:00,  4.24step/s]
                                                                                                 

[Origin 8/13] 🎲 Drawing Posterior Samples:   0%|          | 0/1512 [00:00<?, ?step/s]
[Origin 8/13] 🎲 Drawing Posterior Samples:   0%|          | 4/1512 [00:00<00:39, 37.82step/s]
[Origin 8/13] 🎲 Drawing Posterior Samples:   1%|          | 8/1512 [00:00<00:41, 35.87step/s]
[Origin 8/13] 🎲 Drawing Posterior Samples:   1%|          | 12/1512 [00:00<00:43, 34.14step/s]
[Origin 8/13] 🎲 Drawing Posterior Samples:   1%|          | 16/1512 [00:00<00:45, 32.61step/s]
[Origin 8/13] 🎲 Drawing Posterior Samples:   1%|▏         | 20/1512 [00:00<00:45, 32.65step/s]
[Origin 8/13] 🎲 Drawing Posterior Samples:   2%|▏         | 24/1512 [00:00<00:49, 30.26step/s]
[Origin 8/13] 🎲 Drawing Posterior Samples:   2%|▏         | 28/1512 [00:00<00:52, 28.53step/s]
[Origin 8/13] 🎲 Drawing Posterior Samples:   2%|▏         | 31/1512 [00:01<00:53, 27.72step/s]
[Origin 8/13] 🎲 Drawing Posterior Samples:   2%|▏         | 35/1512 [00:01<00:48, 30.15step/s]
[Origin 8/13] 🎲 Drawing Posterior Samples:   3%|▎         | 39/1512 [00:01<00:53, 27.50step/s]
[Origin 8/13] 🎲 Drawing Posterior Samples:   3%|▎         | 43/1512 [00:01<00:48, 30.17step/s]
[Origin 8/13] 🎲 Drawing Posterior Samples:   3%|▎         | 47/1512 [00:01<00:48, 30.21step/s]
[Origin 8/13] 🎲 Drawing Posterior Samples:   3%|▎         | 51/1512 [00:01<00:45, 32.35step/s]
[Origin 8/13] 🎲 Drawing Posterior Samples:   4%|▎         | 55/1512 [00:01<00:51, 28.53step/s]
[Origin 8/13] 🎲 Drawing Posterior Samples:   4%|▍         | 59/1512 [00:01<00:47, 30.60step/s]
[Origin 8/13] 🎲 Drawing Posterior Samples:   4%|▍         | 63/1512 [00:02<00:44, 32.44step/s]
[Origin 8/13] 🎲 Drawing Posterior Samples:   4%|▍         | 67/1512 [00:02<00:51, 27.93step/s]
[Origin 8/13] 🎲 Drawing Posterior Samples:   5%|▍         | 70/1512 [00:02<00:53, 26.77step/s]
[Origin 8/13] 🎲 Drawing Posterior Samples:   5%|▍         | 73/1512 [00:02<00:53, 26.87step/s]
[Origin 8/13] 🎲 Drawing Posterior Samples:   5%|▌         | 76/1512 [00:02<00:59, 24.06step/s]
[Origin 8/13] 🎲 Drawing Posterior Samples:   5%|▌         | 79/1512 [00:02<00:57, 24.94step/s]
[Origin 8/13] 🎲 Drawing Posterior Samples:   5%|▌         | 83/1512 [00:02<00:51, 27.60step/s]
[Origin 8/13] 🎲 Drawing Posterior Samples:   6%|▌         | 87/1512 [00:02<00:51, 27.76step/s]
[Origin 8/13] 🎲 Drawing Posterior Samples:   6%|▌         | 91/1512 [00:03<00:48, 29.16step/s]
[Origin 8/13] 🎲 Drawing Posterior Samples:   6%|▋         | 96/1512 [00:03<00:46, 30.72step/s]
[Origin 8/13] 🎲 Drawing Posterior Samples:   7%|▋         | 100/1512 [00:03<00:47, 29.50step/s]
[Origin 8/13] 🎲 Drawing Posterior Samples:   7%|▋         | 103/1512 [00:03<00:54, 26.09step/s]
[Origin 8/13] 🎲 Drawing Posterior Samples:   7%|▋         | 107/1512 [00:03<00:50, 27.69step/s]
[Origin 8/13] 🎲 Drawing Posterior Samples:   7%|▋         | 110/1512 [00:03<00:52, 26.91step/s]
[Origin 8/13] 🎲 Drawing Posterior Samples:   7%|▋         | 113/1512 [00:03<00:55, 25.39step/s]
[Origin 8/13] 🎲 Drawing Posterior Samples:   8%|▊         | 118/1512 [00:04<00:46, 29.86step/s]
[Origin 8/13] 🎲 Drawing Posterior Samples:   8%|▊         | 122/1512 [00:04<00:49, 28.33step/s]
[Origin 8/13] 🎲 Drawing Posterior Samples:   8%|▊         | 126/1512 [00:04<00:45, 30.28step/s]
[Origin 8/13] 🎲 Drawing Posterior Samples:   9%|▊         | 130/1512 [00:04<00:52, 26.57step/s]
[Origin 8/13] 🎲 Drawing Posterior Samples:   9%|▉         | 134/1512 [00:04<00:50, 27.28step/s]
[Origin 8/13] 🎲 Drawing Posterior Samples:   9%|▉         | 138/1512 [00:04<00:47, 28.68step/s]
[Origin 8/13] 🎲 Drawing Posterior Samples:   9%|▉         | 142/1512 [00:04<00:45, 29.91step/s]
[Origin 8/13] 🎲 Drawing Posterior Samples:  10%|▉         | 146/1512 [00:05<00:52, 26.02step/s]
[Origin 8/13] 🎲 Drawing Posterior Samples:  10%|▉         | 149/1512 [00:05<00:53, 25.24step/s]
[Origin 8/13] 🎲 Drawing Posterior Samples:  10%|█         | 152/1512 [00:05<00:52, 25.97step/s]
[Origin 8/13] 🎲 Drawing Posterior Samples:  10%|█         | 155/1512 [00:05<00:50, 26.85step/s]
[Origin 8/13] 🎲 Drawing Posterior Samples:  11%|█         | 159/1512 [00:05<00:46, 28.96step/s]
[Origin 8/13] 🎲 Drawing Posterior Samples:  11%|█         | 162/1512 [00:05<00:48, 27.87step/s]
[Origin 8/13] 🎲 Drawing Posterior Samples:  11%|█         | 166/1512 [00:05<00:44, 30.22step/s]
[Origin 8/13] 🎲 Drawing Posterior Samples:  11%|█         | 170/1512 [00:05<00:48, 27.76step/s]
[Origin 8/13] 🎲 Drawing Posterior Samples:  11%|█▏        | 173/1512 [00:06<00:50, 26.35step/s]
[Origin 8/13] 🎲 Drawing Posterior Samples:  12%|█▏        | 176/1512 [00:06<00:50, 26.54step/s]
[Origin 8/13] 🎲 Drawing Posterior Samples:  12%|█▏        | 179/1512 [00:06<00:56, 23.65step/s]
[Origin 8/13] 🎲 Drawing Posterior Samples:  12%|█▏        | 182/1512 [00:06<00:57, 23.13step/s]
[Origin 8/13] 🎲 Drawing Posterior Samples:  12%|█▏        | 187/1512 [00:06<00:48, 27.49step/s]
[Origin 8/13] 🎲 Drawing Posterior Samples:  13%|█▎        | 190/1512 [00:06<00:47, 28.06step/s]
[Origin 8/13] 🎲 Drawing Posterior Samples:  13%|█▎        | 194/1512 [00:06<00:45, 28.79step/s]
[Origin 8/13] 🎲 Drawing Posterior Samples:  13%|█▎        | 197/1512 [00:07<00:49, 26.37step/s]
[Origin 8/13] 🎲 Drawing Posterior Samples:  13%|█▎        | 200/1512 [00:07<00:49, 26.63step/s]
[Origin 8/13] 🎲 Drawing Posterior Samples:  13%|█▎        | 203/1512 [00:07<00:51, 25.52step/s]
[Origin 8/13] 🎲 Drawing Posterior Samples:  14%|█▎        | 206/1512 [00:07<00:49, 26.45step/s]
[Origin 8/13] 🎲 Drawing Posterior Samples:  14%|█▍        | 210/1512 [00:07<00:47, 27.67step/s]
[Origin 8/13] 🎲 Drawing Posterior Samples:  14%|█▍        | 216/1512 [00:07<00:37, 34.42step/s]
[Origin 8/13] 🎲 Drawing Posterior Samples:  15%|█▍        | 220/1512 [00:07<00:40, 31.80step/s]
[Origin 8/13] 🎲 Drawing Posterior Samples:  15%|█▍        | 224/1512 [00:07<00:44, 29.10step/s]
[Origin 8/13] 🎲 Drawing Posterior Samples:  15%|█▌        | 227/1512 [00:08<00:44, 29.08step/s]
[Origin 8/13] 🎲 Drawing Posterior Samples:  15%|█▌        | 230/1512 [00:08<00:45, 28.01step/s]
[Origin 8/13] 🎲 Drawing Posterior Samples:  16%|█▌        | 235/1512 [00:08<00:39, 32.27step/s]
[Origin 8/13] 🎲 Drawing Posterior Samples:  16%|█▌        | 239/1512 [00:08<00:42, 30.11step/s]
[Origin 8/13] 🎲 Drawing Posterior Samples:  16%|█▌        | 243/1512 [00:08<00:40, 31.67step/s]
[Origin 8/13] 🎲 Drawing Posterior Samples:  16%|█▋        | 247/1512 [00:08<00:41, 30.36step/s]
[Origin 8/13] 🎲 Drawing Posterior Samples:  17%|█▋        | 251/1512 [00:08<00:44, 28.18step/s]
[Origin 8/13] 🎲 Drawing Posterior Samples:  17%|█▋        | 254/1512 [00:08<00:44, 28.11step/s]
[Origin 8/13] 🎲 Drawing Posterior Samples:  17%|█▋        | 258/1512 [00:09<00:43, 29.15step/s]
[Origin 8/13] 🎲 Drawing Posterior Samples:  17%|█▋        | 261/1512 [00:09<00:43, 29.02step/s]
[Origin 8/13] 🎲 Drawing Posterior Samples:  17%|█▋        | 264/1512 [00:09<00:43, 28.65step/s]
[Origin 8/13] 🎲 Drawing Posterior Samples:  18%|█▊        | 267/1512 [00:09<00:45, 27.47step/s]
[Origin 8/13] 🎲 Drawing Posterior Samples:  18%|█▊        | 271/1512 [00:09<00:42, 29.52step/s]
[Origin 8/13] 🎲 Drawing Posterior Samples:  18%|█▊        | 274/1512 [00:09<00:43, 28.62step/s]
[Origin 8/13] 🎲 Drawing Posterior Samples:  18%|█▊        | 277/1512 [00:09<00:45, 27.06step/s]
[Origin 8/13] 🎲 Drawing Posterior Samples:  19%|█▊        | 281/1512 [00:09<00:42, 29.18step/s]
[Origin 8/13] 🎲 Drawing Posterior Samples:  19%|█▉        | 284/1512 [00:10<00:46, 26.50step/s]
[Origin 8/13] 🎲 Drawing Posterior Samples:  19%|█▉        | 289/1512 [00:10<00:41, 29.57step/s]
[Origin 8/13] 🎲 Drawing Posterior Samples:  19%|█▉        | 292/1512 [00:10<00:41, 29.11step/s]
[Origin 8/13] 🎲 Drawing Posterior Samples:  20%|█▉        | 295/1512 [00:10<00:41, 29.18step/s]
[Origin 8/13] 🎲 Drawing Posterior Samples:  20%|█▉        | 299/1512 [00:10<00:40, 29.96step/s]
[Origin 8/13] 🎲 Drawing Posterior Samples:  20%|█▉        | 302/1512 [00:10<00:44, 27.06step/s]
[Origin 8/13] 🎲 Drawing Posterior Samples:  20%|██        | 305/1512 [00:10<00:44, 26.98step/s]
[Origin 8/13] 🎲 Drawing Posterior Samples:  20%|██        | 309/1512 [00:10<00:41, 29.26step/s]
[Origin 8/13] 🎲 Drawing Posterior Samples:  21%|██        | 313/1512 [00:10<00:38, 30.94step/s]
[Origin 8/13] 🎲 Drawing Posterior Samples:  21%|██        | 317/1512 [00:11<00:42, 28.19step/s]
[Origin 8/13] 🎲 Drawing Posterior Samples:  21%|██        | 320/1512 [00:11<00:41, 28.50step/s]
[Origin 8/13] 🎲 Drawing Posterior Samples:  21%|██▏       | 324/1512 [00:11<00:38, 30.83step/s]
[Origin 8/13] 🎲 Drawing Posterior Samples:  22%|██▏       | 328/1512 [00:11<00:36, 32.60step/s]
[Origin 8/13] 🎲 Drawing Posterior Samples:  22%|██▏       | 332/1512 [00:11<00:39, 29.77step/s]
[Origin 8/13] 🎲 Drawing Posterior Samples:  22%|██▏       | 336/1512 [00:11<00:37, 31.30step/s]
[Origin 8/13] 🎲 Drawing Posterior Samples:  22%|██▏       | 340/1512 [00:11<00:38, 30.08step/s]
[Origin 8/13] 🎲 Drawing Posterior Samples:  23%|██▎       | 344/1512 [00:12<01:15, 15.46step/s]
[Origin 8/13] 🎲 Drawing Posterior Samples:  23%|██▎       | 347/1512 [00:12<01:46, 10.96step/s]
[Origin 8/13] 🎲 Drawing Posterior Samples:  23%|██▎       | 349/1512 [00:13<02:24,  8.04step/s]
[Origin 8/13] 🎲 Drawing Posterior Samples:  23%|██▎       | 351/1512 [00:13<02:47,  6.94step/s]
[Origin 8/13] 🎲 Drawing Posterior Samples:  23%|██▎       | 353/1512 [00:14<02:55,  6.61step/s]
[Origin 8/13] 🎲 Drawing Posterior Samples:  23%|██▎       | 354/1512 [00:14<03:18,  5.83step/s]
[Origin 8/13] 🎲 Drawing Posterior Samples:  23%|██▎       | 355/1512 [00:14<03:58,  4.85step/s]
[Origin 8/13] 🎲 Drawing Posterior Samples:  24%|██▎       | 356/1512 [00:15<04:34,  4.21step/s]
[Origin 8/13] 🎲 Drawing Posterior Samples:  24%|██▎       | 357/1512 [00:15<04:22,  4.41step/s]
[Origin 8/13] 🎲 Drawing Posterior Samples:  24%|██▎       | 358/1512 [00:15<04:08,  4.64step/s]
[Origin 8/13] 🎲 Drawing Posterior Samples:  24%|██▎       | 359/1512 [00:15<03:57,  4.85step/s]
[Origin 8/13] 🎲 Drawing Posterior Samples:  24%|██▍       | 360/1512 [00:16<03:49,  5.01step/s]
[Origin 8/13] 🎲 Drawing Posterior Samples:  24%|██▍       | 361/1512 [00:16<03:44,  5.14step/s]
[Origin 8/13] 🎲 Drawing Posterior Samples:  24%|██▍       | 362/1512 [00:16<03:37,  5.29step/s]
[Origin 8/13] 🎲 Drawing Posterior Samples:  24%|██▍       | 363/1512 [00:16<04:24,  4.34step/s]
[Origin 8/13] 🎲 Drawing Posterior Samples:  24%|██▍       | 364/1512 [00:16<04:18,  4.44step/s]
[Origin 8/13] 🎲 Drawing Posterior Samples:  24%|██▍       | 365/1512 [00:17<03:59,  4.79step/s]
[Origin 8/13] 🎲 Drawing Posterior Samples:  24%|██▍       | 366/1512 [00:17<03:47,  5.05step/s]
[Origin 8/13] 🎲 Drawing Posterior Samples:  24%|██▍       | 367/1512 [00:17<03:41,  5.17step/s]
[Origin 8/13] 🎲 Drawing Posterior Samples:  24%|██▍       | 368/1512 [00:17<03:58,  4.79step/s]
[Origin 8/13] 🎲 Drawing Posterior Samples:  24%|██▍       | 369/1512 [00:18<05:00,  3.80step/s]
[Origin 8/13] 🎲 Drawing Posterior Samples:  24%|██▍       | 370/1512 [00:18<05:13,  3.64step/s]
[Origin 8/13] 🎲 Drawing Posterior Samples:  25%|██▍       | 371/1512 [00:18<05:04,  3.74step/s]
[Origin 8/13] 🎲 Drawing Posterior Samples:  25%|██▍       | 372/1512 [00:18<04:52,  3.90step/s]
[Origin 8/13] 🎲 Drawing Posterior Samples:  25%|██▍       | 373/1512 [00:19<05:08,  3.70step/s]
[Origin 8/13] 🎲 Drawing Posterior Samples:  25%|██▍       | 374/1512 [00:19<04:58,  3.81step/s]
[Origin 8/13] 🎲 Drawing Posterior Samples:  25%|██▍       | 375/1512 [00:19<05:05,  3.73step/s]
[Origin 8/13] 🎲 Drawing Posterior Samples:  25%|██▍       | 376/1512 [00:19<05:05,  3.72step/s]
[Origin 8/13] 🎲 Drawing Posterior Samples:  25%|██▍       | 377/1512 [00:20<04:44,  3.99step/s]
[Origin 8/13] 🎲 Drawing Posterior Samples:  25%|██▌       | 378/1512 [00:20<04:34,  4.13step/s]
[Origin 8/13] 🎲 Drawing Posterior Samples:  25%|██▌       | 379/1512 [00:38<1:47:35,  5.70s/step]
[Origin 8/13] 🎲 Drawing Posterior Samples:  26%|██▌       | 388/1512 [00:38<22:10,  1.18s/step]  
[Origin 8/13] 🎲 Drawing Posterior Samples:  26%|██▌       | 393/1512 [00:39<13:41,  1.36step/s]
[Origin 8/13] 🎲 Drawing Posterior Samples:  26%|██▋       | 399/1512 [00:39<08:20,  2.23step/s]
[Origin 8/13] 🎲 Drawing Posterior Samples:  27%|██▋       | 405/1512 [00:39<05:25,  3.40step/s]
[Origin 8/13] 🎲 Drawing Posterior Samples:  27%|██▋       | 410/1512 [00:39<03:58,  4.62step/s]
[Origin 8/13] 🎲 Drawing Posterior Samples:  27%|██▋       | 414/1512 [00:39<03:08,  5.83step/s]
[Origin 8/13] 🎲 Drawing Posterior Samples:  28%|██▊       | 418/1512 [00:39<02:26,  7.48step/s]
[Origin 8/13] 🎲 Drawing Posterior Samples:  28%|██▊       | 422/1512 [00:39<01:53,  9.62step/s]
[Origin 8/13] 🎲 Drawing Posterior Samples:  28%|██▊       | 426/1512 [00:39<01:30, 11.98step/s]
[Origin 8/13] 🎲 Drawing Posterior Samples:  28%|██▊       | 430/1512 [00:40<01:15, 14.28step/s]
[Origin 8/13] 🎲 Drawing Posterior Samples:  29%|██▊       | 434/1512 [00:40<01:02, 17.27step/s]
[Origin 8/13] 🎲 Drawing Posterior Samples:  29%|██▉       | 438/1512 [00:40<00:54, 19.79step/s]
[Origin 8/13] 🎲 Drawing Posterior Samples:  29%|██▉       | 442/1512 [00:40<00:47, 22.32step/s]
[Origin 8/13] 🎲 Drawing Posterior Samples:  29%|██▉       | 446/1512 [00:40<00:45, 23.36step/s]
[Origin 8/13] 🎲 Drawing Posterior Samples:  30%|██▉       | 450/1512 [00:40<00:42, 25.04step/s]
[Origin 8/13] 🎲 Drawing Posterior Samples:  30%|███       | 454/1512 [00:40<00:41, 25.28step/s]
[Origin 8/13] 🎲 Drawing Posterior Samples:  30%|███       | 458/1512 [00:41<00:38, 27.08step/s]
[Origin 8/13] 🎲 Drawing Posterior Samples:  31%|███       | 462/1512 [00:41<00:41, 25.32step/s]
[Origin 8/13] 🎲 Drawing Posterior Samples:  31%|███       | 465/1512 [00:41<00:40, 25.75step/s]
[Origin 8/13] 🎲 Drawing Posterior Samples:  31%|███       | 469/1512 [00:41<00:37, 28.06step/s]
[Origin 8/13] 🎲 Drawing Posterior Samples:  31%|███       | 472/1512 [00:41<00:37, 27.93step/s]
[Origin 8/13] 🎲 Drawing Posterior Samples:  31%|███▏      | 476/1512 [00:41<00:35, 29.34step/s]
[Origin 8/13] 🎲 Drawing Posterior Samples:  32%|███▏      | 480/1512 [00:41<00:34, 29.76step/s]
[Origin 8/13] 🎲 Drawing Posterior Samples:  32%|███▏      | 484/1512 [00:42<00:37, 27.36step/s]
[Origin 8/13] 🎲 Drawing Posterior Samples:  32%|███▏      | 488/1512 [00:42<00:34, 29.55step/s]
[Origin 8/13] 🎲 Drawing Posterior Samples:  33%|███▎      | 492/1512 [00:42<00:34, 29.86step/s]
[Origin 8/13] 🎲 Drawing Posterior Samples:  33%|███▎      | 496/1512 [00:42<00:35, 28.33step/s]
[Origin 8/13] 🎲 Drawing Posterior Samples:  33%|███▎      | 500/1512 [00:42<00:35, 28.25step/s]
[Origin 8/13] 🎲 Drawing Posterior Samples:  33%|███▎      | 503/1512 [00:42<00:37, 26.73step/s]
[Origin 8/13] 🎲 Drawing Posterior Samples:  33%|███▎      | 506/1512 [00:42<00:40, 24.87step/s]
[Origin 8/13] 🎲 Drawing Posterior Samples:  34%|███▎      | 509/1512 [00:42<00:41, 24.17step/s]
[Origin 8/13] 🎲 Drawing Posterior Samples:  34%|███▍      | 512/1512 [00:43<00:39, 25.16step/s]
[Origin 8/13] 🎲 Drawing Posterior Samples:  34%|███▍      | 515/1512 [00:43<00:40, 24.69step/s]
[Origin 8/13] 🎲 Drawing Posterior Samples:  34%|███▍      | 518/1512 [00:43<00:39, 25.02step/s]
[Origin 8/13] 🎲 Drawing Posterior Samples:  34%|███▍      | 521/1512 [00:43<00:40, 24.35step/s]
[Origin 8/13] 🎲 Drawing Posterior Samples:  35%|███▍      | 525/1512 [00:43<00:38, 25.90step/s]
[Origin 8/13] 🎲 Drawing Posterior Samples:  35%|███▍      | 529/1512 [00:43<00:36, 27.00step/s]
[Origin 8/13] 🎲 Drawing Posterior Samples:  35%|███▌      | 532/1512 [00:43<00:35, 27.68step/s]
[Origin 8/13] 🎲 Drawing Posterior Samples:  35%|███▌      | 535/1512 [00:43<00:35, 27.55step/s]
[Origin 8/13] 🎲 Drawing Posterior Samples:  36%|███▌      | 538/1512 [00:44<00:38, 25.38step/s]
[Origin 8/13] 🎲 Drawing Posterior Samples:  36%|███▌      | 542/1512 [00:44<00:36, 26.53step/s]
[Origin 8/13] 🎲 Drawing Posterior Samples:  36%|███▌      | 545/1512 [00:44<00:38, 24.82step/s]
[Origin 8/13] 🎲 Drawing Posterior Samples:  36%|███▋      | 549/1512 [00:44<00:36, 26.22step/s]
[Origin 8/13] 🎲 Drawing Posterior Samples:  37%|███▋      | 553/1512 [00:44<00:33, 28.72step/s]
[Origin 8/13] 🎲 Drawing Posterior Samples:  37%|███▋      | 556/1512 [00:44<00:33, 28.54step/s]
[Origin 8/13] 🎲 Drawing Posterior Samples:  37%|███▋      | 559/1512 [00:44<00:33, 28.74step/s]
[Origin 8/13] 🎲 Drawing Posterior Samples:  37%|███▋      | 562/1512 [00:44<00:34, 27.80step/s]
[Origin 8/13] 🎲 Drawing Posterior Samples:  37%|███▋      | 566/1512 [00:45<00:30, 30.89step/s]
[Origin 8/13] 🎲 Drawing Posterior Samples:  38%|███▊      | 570/1512 [00:45<00:31, 29.55step/s]
[Origin 8/13] 🎲 Drawing Posterior Samples:  38%|███▊      | 574/1512 [00:45<00:35, 26.40step/s]
[Origin 8/13] 🎲 Drawing Posterior Samples:  38%|███▊      | 578/1512 [00:45<00:34, 27.46step/s]
[Origin 8/13] 🎲 Drawing Posterior Samples:  38%|███▊      | 582/1512 [00:45<00:30, 30.10step/s]
[Origin 8/13] 🎲 Drawing Posterior Samples:  39%|███▉      | 586/1512 [00:45<00:32, 28.70step/s]
[Origin 8/13] 🎲 Drawing Posterior Samples:  39%|███▉      | 589/1512 [00:45<00:34, 26.76step/s]
[Origin 8/13] 🎲 Drawing Posterior Samples:  39%|███▉      | 593/1512 [00:46<00:32, 28.12step/s]
[Origin 8/13] 🎲 Drawing Posterior Samples:  39%|███▉      | 597/1512 [00:46<00:30, 29.64step/s]
[Origin 8/13] 🎲 Drawing Posterior Samples:  40%|███▉      | 601/1512 [00:46<00:30, 29.45step/s]
[Origin 8/13] 🎲 Drawing Posterior Samples:  40%|███▉      | 604/1512 [00:46<00:34, 26.63step/s]
[Origin 8/13] 🎲 Drawing Posterior Samples:  40%|████      | 608/1512 [00:46<00:31, 28.61step/s]
[Origin 8/13] 🎲 Drawing Posterior Samples:  40%|████      | 611/1512 [00:46<00:33, 27.02step/s]
[Origin 8/13] 🎲 Drawing Posterior Samples:  41%|████      | 615/1512 [00:46<00:32, 27.72step/s]
[Origin 8/13] 🎲 Drawing Posterior Samples:  41%|████      | 618/1512 [00:46<00:33, 26.45step/s]
[Origin 8/13] 🎲 Drawing Posterior Samples:  41%|████      | 621/1512 [00:47<00:34, 25.67step/s]
[Origin 8/13] 🎲 Drawing Posterior Samples:  41%|████▏     | 624/1512 [00:47<00:34, 26.10step/s]
[Origin 8/13] 🎲 Drawing Posterior Samples:  42%|████▏     | 628/1512 [00:47<00:33, 26.57step/s]
[Origin 8/13] 🎲 Drawing Posterior Samples:  42%|████▏     | 631/1512 [00:47<00:35, 24.83step/s]
[Origin 8/13] 🎲 Drawing Posterior Samples:  42%|████▏     | 634/1512 [00:47<00:34, 25.79step/s]
[Origin 8/13] 🎲 Drawing Posterior Samples:  42%|████▏     | 637/1512 [00:47<00:36, 24.26step/s]
[Origin 8/13] 🎲 Drawing Posterior Samples:  42%|████▏     | 641/1512 [00:47<00:32, 26.80step/s]
[Origin 8/13] 🎲 Drawing Posterior Samples:  43%|████▎     | 645/1512 [00:47<00:29, 29.41step/s]
[Origin 8/13] 🎲 Drawing Posterior Samples:  43%|████▎     | 649/1512 [00:48<00:27, 31.95step/s]
[Origin 8/13] 🎲 Drawing Posterior Samples:  43%|████▎     | 653/1512 [00:48<00:28, 30.15step/s]
[Origin 8/13] 🎲 Drawing Posterior Samples:  43%|████▎     | 657/1512 [00:48<00:30, 28.30step/s]
[Origin 8/13] 🎲 Drawing Posterior Samples:  44%|████▎     | 660/1512 [00:48<00:33, 25.75step/s]
[Origin 8/13] 🎲 Drawing Posterior Samples:  44%|████▍     | 664/1512 [00:48<00:30, 28.16step/s]
[Origin 8/13] 🎲 Drawing Posterior Samples:  44%|████▍     | 668/1512 [00:48<00:29, 28.30step/s]
[Origin 8/13] 🎲 Drawing Posterior Samples:  44%|████▍     | 671/1512 [00:48<00:31, 27.03step/s]
[Origin 8/13] 🎲 Drawing Posterior Samples:  45%|████▍     | 674/1512 [00:48<00:31, 26.68step/s]
[Origin 8/13] 🎲 Drawing Posterior Samples:  45%|████▍     | 679/1512 [00:49<00:27, 30.68step/s]
[Origin 8/13] 🎲 Drawing Posterior Samples:  45%|████▌     | 683/1512 [00:49<00:30, 27.13step/s]
[Origin 8/13] 🎲 Drawing Posterior Samples:  45%|████▌     | 686/1512 [00:49<00:32, 25.42step/s]
[Origin 8/13] 🎲 Drawing Posterior Samples:  46%|████▌     | 689/1512 [00:49<00:31, 26.14step/s]
[Origin 8/13] 🎲 Drawing Posterior Samples:  46%|████▌     | 693/1512 [00:49<00:28, 28.98step/s]
[Origin 8/13] 🎲 Drawing Posterior Samples:  46%|████▌     | 696/1512 [00:49<00:29, 27.87step/s]
[Origin 8/13] 🎲 Drawing Posterior Samples:  46%|████▌     | 699/1512 [00:49<00:28, 28.26step/s]
[Origin 8/13] 🎲 Drawing Posterior Samples:  46%|████▋     | 702/1512 [00:49<00:28, 28.20step/s]
[Origin 8/13] 🎲 Drawing Posterior Samples:  47%|████▋     | 705/1512 [00:50<00:29, 27.74step/s]
[Origin 8/13] 🎲 Drawing Posterior Samples:  47%|████▋     | 708/1512 [00:50<00:28, 28.13step/s]
[Origin 8/13] 🎲 Drawing Posterior Samples:  47%|████▋     | 711/1512 [00:50<00:30, 26.28step/s]
[Origin 8/13] 🎲 Drawing Posterior Samples:  47%|████▋     | 714/1512 [00:50<00:33, 24.04step/s]
[Origin 8/13] 🎲 Drawing Posterior Samples:  47%|████▋     | 717/1512 [00:50<00:33, 23.78step/s]
[Origin 8/13] 🎲 Drawing Posterior Samples:  48%|████▊     | 721/1512 [00:50<00:43, 18.17step/s]
[Origin 8/13] 🎲 Drawing Posterior Samples:  48%|████▊     | 724/1512 [00:51<01:15, 10.41step/s]
[Origin 8/13] 🎲 Drawing Posterior Samples:  48%|████▊     | 726/1512 [00:51<01:24,  9.28step/s]
[Origin 8/13] 🎲 Drawing Posterior Samples:  48%|████▊     | 728/1512 [00:52<01:31,  8.53step/s]
[Origin 8/13] 🎲 Drawing Posterior Samples:  48%|████▊     | 730/1512 [00:52<01:44,  7.48step/s]
[Origin 8/13] 🎲 Drawing Posterior Samples:  48%|████▊     | 731/1512 [00:52<01:59,  6.53step/s]
[Origin 8/13] 🎲 Drawing Posterior Samples:  48%|████▊     | 732/1512 [00:52<01:57,  6.65step/s]
[Origin 8/13] 🎲 Drawing Posterior Samples:  48%|████▊     | 733/1512 [00:53<02:01,  6.40step/s]
[Origin 8/13] 🎲 Drawing Posterior Samples:  49%|████▊     | 734/1512 [00:53<02:02,  6.34step/s]
[Origin 8/13] 🎲 Drawing Posterior Samples:  49%|████▊     | 735/1512 [00:53<02:03,  6.29step/s]
[Origin 8/13] 🎲 Drawing Posterior Samples:  49%|████▊     | 736/1512 [00:53<02:03,  6.26step/s]
[Origin 8/13] 🎲 Drawing Posterior Samples:  49%|████▊     | 737/1512 [00:53<02:00,  6.45step/s]
[Origin 8/13] 🎲 Drawing Posterior Samples:  49%|████▉     | 738/1512 [00:53<01:57,  6.58step/s]
[Origin 8/13] 🎲 Drawing Posterior Samples:  49%|████▉     | 739/1512 [00:53<01:58,  6.53step/s]
[Origin 8/13] 🎲 Drawing Posterior Samples:  49%|████▉     | 740/1512 [00:54<01:58,  6.53step/s]
[Origin 8/13] 🎲 Drawing Posterior Samples:  49%|████▉     | 741/1512 [00:54<02:01,  6.36step/s]
[Origin 8/13] 🎲 Drawing Posterior Samples:  49%|████▉     | 742/1512 [00:54<02:03,  6.26step/s]
[Origin 8/13] 🎲 Drawing Posterior Samples:  49%|████▉     | 743/1512 [00:54<02:12,  5.79step/s]
[Origin 8/13] 🎲 Drawing Posterior Samples:  49%|████▉     | 744/1512 [00:54<02:19,  5.49step/s]
[Origin 8/13] 🎲 Drawing Posterior Samples:  49%|████▉     | 745/1512 [00:55<02:39,  4.80step/s]
[Origin 8/13] 🎲 Drawing Posterior Samples:  49%|████▉     | 746/1512 [00:55<02:46,  4.60step/s]
[Origin 8/13] 🎲 Drawing Posterior Samples:  49%|████▉     | 747/1512 [00:55<03:11,  3.99step/s]
[Origin 8/13] 🎲 Drawing Posterior Samples:  49%|████▉     | 748/1512 [00:55<02:52,  4.42step/s]
[Origin 8/13] 🎲 Drawing Posterior Samples:  50%|████▉     | 749/1512 [00:56<02:37,  4.84step/s]
[Origin 8/13] 🎲 Drawing Posterior Samples:  50%|████▉     | 750/1512 [00:56<02:30,  5.07step/s]
[Origin 8/13] 🎲 Drawing Posterior Samples:  50%|████▉     | 751/1512 [00:56<02:18,  5.49step/s]
[Origin 8/13] 🎲 Drawing Posterior Samples:  50%|████▉     | 752/1512 [00:56<02:06,  6.03step/s]
[Origin 8/13] 🎲 Drawing Posterior Samples:  50%|████▉     | 753/1512 [00:56<01:59,  6.36step/s]
[Origin 8/13] 🎲 Drawing Posterior Samples:  50%|████▉     | 754/1512 [00:56<01:59,  6.36step/s]
[Origin 8/13] 🎲 Drawing Posterior Samples:  50%|████▉     | 755/1512 [00:56<01:56,  6.47step/s]
[Origin 8/13] 🎲 Drawing Posterior Samples:  50%|█████     | 756/1512 [00:57<02:00,  6.27step/s]
[Origin 8/13] 🎲 Drawing Posterior Samples:  50%|█████     | 757/1512 [01:16<1:15:06,  5.97s/step]
[Origin 8/13] 🎲 Drawing Posterior Samples:  50%|█████     | 761/1512 [01:16<27:47,  2.22s/step]  
[Origin 8/13] 🎲 Drawing Posterior Samples:  51%|█████     | 765/1512 [01:16<14:43,  1.18s/step]
[Origin 8/13] 🎲 Drawing Posterior Samples:  51%|█████     | 770/1512 [01:17<08:03,  1.53step/s]
[Origin 8/13] 🎲 Drawing Posterior Samples:  51%|█████     | 773/1512 [01:17<05:53,  2.09step/s]
[Origin 8/13] 🎲 Drawing Posterior Samples:  51%|█████▏    | 777/1512 [01:17<03:55,  3.12step/s]
[Origin 8/13] 🎲 Drawing Posterior Samples:  52%|█████▏    | 780/1512 [01:17<02:57,  4.13step/s]
[Origin 8/13] 🎲 Drawing Posterior Samples:  52%|█████▏    | 785/1512 [01:17<01:52,  6.44step/s]
[Origin 8/13] 🎲 Drawing Posterior Samples:  52%|█████▏    | 789/1512 [01:17<01:23,  8.64step/s]
[Origin 8/13] 🎲 Drawing Posterior Samples:  52%|█████▏    | 793/1512 [01:17<01:04, 11.20step/s]
[Origin 8/13] 🎲 Drawing Posterior Samples:  53%|█████▎    | 798/1512 [01:17<00:47, 15.15step/s]
[Origin 8/13] 🎲 Drawing Posterior Samples:  53%|█████▎    | 802/1512 [01:17<00:39, 18.18step/s]
[Origin 8/13] 🎲 Drawing Posterior Samples:  53%|█████▎    | 806/1512 [01:18<00:32, 21.47step/s]
[Origin 8/13] 🎲 Drawing Posterior Samples:  54%|█████▎    | 810/1512 [01:18<00:28, 24.42step/s]
[Origin 8/13] 🎲 Drawing Posterior Samples:  54%|█████▍    | 815/1512 [01:18<00:25, 27.10step/s]
[Origin 8/13] 🎲 Drawing Posterior Samples:  54%|█████▍    | 819/1512 [01:18<00:24, 27.77step/s]
[Origin 8/13] 🎲 Drawing Posterior Samples:  54%|█████▍    | 823/1512 [01:18<00:22, 30.36step/s]
[Origin 8/13] 🎲 Drawing Posterior Samples:  55%|█████▍    | 828/1512 [01:18<00:20, 33.58step/s]
[Origin 8/13] 🎲 Drawing Posterior Samples:  55%|█████▌    | 832/1512 [01:18<00:20, 33.43step/s]
[Origin 8/13] 🎲 Drawing Posterior Samples:  55%|█████▌    | 836/1512 [01:18<00:20, 33.22step/s]
[Origin 8/13] 🎲 Drawing Posterior Samples:  56%|█████▌    | 841/1512 [01:19<00:19, 34.56step/s]
[Origin 8/13] 🎲 Drawing Posterior Samples:  56%|█████▌    | 846/1512 [01:19<00:18, 36.69step/s]
[Origin 8/13] 🎲 Drawing Posterior Samples:  56%|█████▌    | 850/1512 [01:19<00:19, 34.79step/s]
[Origin 8/13] 🎲 Drawing Posterior Samples:  56%|█████▋    | 854/1512 [01:19<00:19, 34.43step/s]
[Origin 8/13] 🎲 Drawing Posterior Samples:  57%|█████▋    | 858/1512 [01:19<00:19, 33.78step/s]
[Origin 8/13] 🎲 Drawing Posterior Samples:  57%|█████▋    | 862/1512 [01:19<00:19, 33.25step/s]
[Origin 8/13] 🎲 Drawing Posterior Samples:  57%|█████▋    | 867/1512 [01:19<00:17, 35.94step/s]
[Origin 8/13] 🎲 Drawing Posterior Samples:  58%|█████▊    | 871/1512 [01:19<00:17, 36.85step/s]
[Origin 8/13] 🎲 Drawing Posterior Samples:  58%|█████▊    | 875/1512 [01:19<00:17, 36.72step/s]
[Origin 8/13] 🎲 Drawing Posterior Samples:  58%|█████▊    | 879/1512 [01:20<00:18, 34.31step/s]
[Origin 8/13] 🎲 Drawing Posterior Samples:  58%|█████▊    | 884/1512 [01:20<00:17, 36.72step/s]
[Origin 8/13] 🎲 Drawing Posterior Samples:  59%|█████▊    | 888/1512 [01:20<00:18, 34.52step/s]
[Origin 8/13] 🎲 Drawing Posterior Samples:  59%|█████▉    | 892/1512 [01:20<00:17, 35.24step/s]
[Origin 8/13] 🎲 Drawing Posterior Samples:  59%|█████▉    | 897/1512 [01:20<00:17, 35.97step/s]
[Origin 8/13] 🎲 Drawing Posterior Samples:  60%|█████▉    | 901/1512 [01:20<00:16, 36.23step/s]
[Origin 8/13] 🎲 Drawing Posterior Samples:  60%|█████▉    | 905/1512 [01:20<00:18, 33.20step/s]
[Origin 8/13] 🎲 Drawing Posterior Samples:  60%|██████    | 910/1512 [01:20<00:16, 36.06step/s]
[Origin 8/13] 🎲 Drawing Posterior Samples:  60%|██████    | 914/1512 [01:21<00:16, 36.92step/s]
[Origin 8/13] 🎲 Drawing Posterior Samples:  61%|██████    | 918/1512 [01:21<00:16, 36.73step/s]
[Origin 8/13] 🎲 Drawing Posterior Samples:  61%|██████    | 922/1512 [01:21<00:16, 35.04step/s]
[Origin 8/13] 🎲 Drawing Posterior Samples:  61%|██████    | 926/1512 [01:21<00:16, 35.78step/s]
[Origin 8/13] 🎲 Drawing Posterior Samples:  62%|██████▏   | 930/1512 [01:21<00:15, 36.83step/s]
[Origin 8/13] 🎲 Drawing Posterior Samples:  62%|██████▏   | 934/1512 [01:21<00:16, 35.20step/s]
[Origin 8/13] 🎲 Drawing Posterior Samples:  62%|██████▏   | 939/1512 [01:21<00:15, 37.57step/s]
[Origin 8/13] 🎲 Drawing Posterior Samples:  62%|██████▏   | 944/1512 [01:21<00:15, 36.96step/s]
[Origin 8/13] 🎲 Drawing Posterior Samples:  63%|██████▎   | 948/1512 [01:21<00:15, 35.87step/s]
[Origin 8/13] 🎲 Drawing Posterior Samples:  63%|██████▎   | 952/1512 [01:22<00:15, 36.65step/s]
[Origin 8/13] 🎲 Drawing Posterior Samples:  63%|██████▎   | 957/1512 [01:22<00:14, 38.30step/s]
[Origin 8/13] 🎲 Drawing Posterior Samples:  64%|██████▎   | 961/1512 [01:22<00:14, 38.69step/s]
[Origin 8/13] 🎲 Drawing Posterior Samples:  64%|██████▍   | 965/1512 [01:22<00:15, 34.51step/s]
[Origin 8/13] 🎲 Drawing Posterior Samples:  64%|██████▍   | 970/1512 [01:22<00:14, 37.21step/s]
[Origin 8/13] 🎲 Drawing Posterior Samples:  64%|██████▍   | 974/1512 [01:22<00:14, 37.88step/s]
[Origin 8/13] 🎲 Drawing Posterior Samples:  65%|██████▍   | 978/1512 [01:22<00:15, 34.46step/s]
[Origin 8/13] 🎲 Drawing Posterior Samples:  65%|██████▌   | 983/1512 [01:22<00:13, 37.86step/s]
[Origin 8/13] 🎲 Drawing Posterior Samples:  65%|██████▌   | 987/1512 [01:23<00:13, 37.53step/s]
[Origin 8/13] 🎲 Drawing Posterior Samples:  66%|██████▌   | 992/1512 [01:23<00:13, 38.09step/s]
[Origin 8/13] 🎲 Drawing Posterior Samples:  66%|██████▌   | 997/1512 [01:23<00:13, 38.38step/s]
[Origin 8/13] 🎲 Drawing Posterior Samples:  66%|██████▋   | 1002/1512 [01:23<00:13, 38.72step/s]
[Origin 8/13] 🎲 Drawing Posterior Samples:  67%|██████▋   | 1006/1512 [01:23<00:13, 38.87step/s]
[Origin 8/13] 🎲 Drawing Posterior Samples:  67%|██████▋   | 1010/1512 [01:23<00:14, 35.21step/s]
[Origin 8/13] 🎲 Drawing Posterior Samples:  67%|██████▋   | 1015/1512 [01:23<00:13, 37.23step/s]
[Origin 8/13] 🎲 Drawing Posterior Samples:  67%|██████▋   | 1019/1512 [01:23<00:12, 37.93step/s]
[Origin 8/13] 🎲 Drawing Posterior Samples:  68%|██████▊   | 1023/1512 [01:23<00:13, 37.24step/s]
[Origin 8/13] 🎲 Drawing Posterior Samples:  68%|██████▊   | 1027/1512 [01:24<00:13, 36.78step/s]
[Origin 8/13] 🎲 Drawing Posterior Samples:  68%|██████▊   | 1032/1512 [01:24<00:12, 37.61step/s]
[Origin 8/13] 🎲 Drawing Posterior Samples:  69%|██████▊   | 1036/1512 [01:24<00:12, 37.10step/s]
[Origin 8/13] 🎲 Drawing Posterior Samples:  69%|██████▉   | 1041/1512 [01:24<00:12, 38.71step/s]
[Origin 8/13] 🎲 Drawing Posterior Samples:  69%|██████▉   | 1045/1512 [01:24<00:12, 38.57step/s]
[Origin 8/13] 🎲 Drawing Posterior Samples:  69%|██████▉   | 1049/1512 [01:24<00:12, 36.32step/s]
[Origin 8/13] 🎲 Drawing Posterior Samples:  70%|██████▉   | 1053/1512 [01:24<00:12, 35.41step/s]
[Origin 8/13] 🎲 Drawing Posterior Samples:  70%|██████▉   | 1057/1512 [01:24<00:12, 35.82step/s]
[Origin 8/13] 🎲 Drawing Posterior Samples:  70%|███████   | 1062/1512 [01:25<00:11, 38.19step/s]
[Origin 8/13] 🎲 Drawing Posterior Samples:  71%|███████   | 1066/1512 [01:25<00:11, 38.35step/s]
[Origin 8/13] 🎲 Drawing Posterior Samples:  71%|███████   | 1070/1512 [01:25<00:12, 36.45step/s]
[Origin 8/13] 🎲 Drawing Posterior Samples:  71%|███████   | 1074/1512 [01:25<00:11, 37.21step/s]
[Origin 8/13] 🎲 Drawing Posterior Samples:  71%|███████▏  | 1079/1512 [01:25<00:11, 37.42step/s]
[Origin 8/13] 🎲 Drawing Posterior Samples:  72%|███████▏  | 1083/1512 [01:25<00:11, 36.27step/s]
[Origin 8/13] 🎲 Drawing Posterior Samples:  72%|███████▏  | 1087/1512 [01:25<00:11, 35.97step/s]
[Origin 8/13] 🎲 Drawing Posterior Samples:  72%|███████▏  | 1092/1512 [01:25<00:10, 39.15step/s]
[Origin 8/13] 🎲 Drawing Posterior Samples:  72%|███████▏  | 1096/1512 [01:25<00:10, 39.33step/s]
[Origin 8/13] 🎲 Drawing Posterior Samples:  73%|███████▎  | 1100/1512 [01:26<00:20, 19.89step/s]
[Origin 8/13] 🎲 Drawing Posterior Samples:  73%|███████▎  | 1104/1512 [01:27<00:34, 11.87step/s]
[Origin 8/13] 🎲 Drawing Posterior Samples:  73%|███████▎  | 1107/1512 [01:27<00:38, 10.46step/s]
[Origin 8/13] 🎲 Drawing Posterior Samples:  73%|███████▎  | 1109/1512 [01:27<00:43,  9.17step/s]
[Origin 8/13] 🎲 Drawing Posterior Samples:  73%|███████▎  | 1111/1512 [01:28<00:50,  7.96step/s]
[Origin 8/13] 🎲 Drawing Posterior Samples:  74%|███████▎  | 1113/1512 [01:28<00:57,  6.99step/s]
[Origin 8/13] 🎲 Drawing Posterior Samples:  74%|███████▎  | 1114/1512 [01:28<01:01,  6.44step/s]
[Origin 8/13] 🎲 Drawing Posterior Samples:  74%|███████▎  | 1115/1512 [01:28<01:03,  6.22step/s]
[Origin 8/13] 🎲 Drawing Posterior Samples:  74%|███████▍  | 1116/1512 [01:29<01:04,  6.16step/s]
[Origin 8/13] 🎲 Drawing Posterior Samples:  74%|███████▍  | 1117/1512 [01:29<01:04,  6.16step/s]
[Origin 8/13] 🎲 Drawing Posterior Samples:  74%|███████▍  | 1118/1512 [01:29<01:05,  6.00step/s]
[Origin 8/13] 🎲 Drawing Posterior Samples:  74%|███████▍  | 1119/1512 [01:29<01:08,  5.78step/s]
[Origin 8/13] 🎲 Drawing Posterior Samples:  74%|███████▍  | 1120/1512 [01:29<01:11,  5.48step/s]
[Origin 8/13] 🎲 Drawing Posterior Samples:  74%|███████▍  | 1121/1512 [01:30<01:13,  5.29step/s]
[Origin 8/13] 🎲 Drawing Posterior Samples:  74%|███████▍  | 1122/1512 [01:30<01:14,  5.22step/s]
[Origin 8/13] 🎲 Drawing Posterior Samples:  74%|███████▍  | 1123/1512 [01:30<01:14,  5.22step/s]
[Origin 8/13] 🎲 Drawing Posterior Samples:  74%|███████▍  | 1124/1512 [01:30<01:12,  5.35step/s]
[Origin 8/13] 🎲 Drawing Posterior Samples:  74%|███████▍  | 1125/1512 [01:30<01:13,  5.24step/s]
[Origin 8/13] 🎲 Drawing Posterior Samples:  74%|███████▍  | 1126/1512 [01:31<01:15,  5.10step/s]
[Origin 8/13] 🎲 Drawing Posterior Samples:  75%|███████▍  | 1127/1512 [01:31<01:28,  4.36step/s]
[Origin 8/13] 🎲 Drawing Posterior Samples:  75%|███████▍  | 1128/1512 [01:31<01:32,  4.15step/s]
[Origin 8/13] 🎲 Drawing Posterior Samples:  75%|███████▍  | 1129/1512 [01:31<01:23,  4.60step/s]
[Origin 8/13] 🎲 Drawing Posterior Samples:  75%|███████▍  | 1130/1512 [01:31<01:15,  5.05step/s]
[Origin 8/13] 🎲 Drawing Posterior Samples:  75%|███████▍  | 1131/1512 [01:32<01:13,  5.17step/s]
[Origin 8/13] 🎲 Drawing Posterior Samples:  75%|███████▍  | 1132/1512 [01:32<01:13,  5.15step/s]
[Origin 8/13] 🎲 Drawing Posterior Samples:  75%|███████▍  | 1133/1512 [01:32<01:10,  5.37step/s]
[Origin 8/13] 🎲 Drawing Posterior Samples:  75%|███████▌  | 1134/1512 [01:32<01:16,  4.91step/s]
[Origin 8/13] 🎲 Drawing Posterior Samples:  75%|███████▌  | 1135/1512 [01:49<32:26,  5.16s/step]
[Origin 8/13] 🎲 Drawing Posterior Samples:  75%|███████▌  | 1140/1512 [01:49<10:17,  1.66s/step]
[Origin 8/13] 🎲 Drawing Posterior Samples:  76%|███████▌  | 1145/1512 [01:49<05:12,  1.17step/s]
[Origin 8/13] 🎲 Drawing Posterior Samples:  76%|███████▌  | 1149/1512 [01:49<03:21,  1.80step/s]
[Origin 8/13] 🎲 Drawing Posterior Samples:  76%|███████▋  | 1153/1512 [01:49<02:14,  2.67step/s]
[Origin 8/13] 🎲 Drawing Posterior Samples:  77%|███████▋  | 1157/1512 [01:50<01:32,  3.83step/s]
[Origin 8/13] 🎲 Drawing Posterior Samples:  77%|███████▋  | 1161/1512 [01:50<01:05,  5.38step/s]
[Origin 8/13] 🎲 Drawing Posterior Samples:  77%|███████▋  | 1166/1512 [01:50<00:44,  7.85step/s]
[Origin 8/13] 🎲 Drawing Posterior Samples:  77%|███████▋  | 1170/1512 [01:50<00:34,  9.80step/s]
[Origin 8/13] 🎲 Drawing Posterior Samples:  78%|███████▊  | 1174/1512 [01:50<00:28, 11.89step/s]
[Origin 8/13] 🎲 Drawing Posterior Samples:  78%|███████▊  | 1179/1512 [01:50<00:21, 15.81step/s]
[Origin 8/13] 🎲 Drawing Posterior Samples:  78%|███████▊  | 1184/1512 [01:50<00:16, 19.64step/s]
[Origin 8/13] 🎲 Drawing Posterior Samples:  79%|███████▊  | 1188/1512 [01:50<00:14, 22.14step/s]
[Origin 8/13] 🎲 Drawing Posterior Samples:  79%|███████▉  | 1192/1512 [01:51<00:12, 25.25step/s]
[Origin 8/13] 🎲 Drawing Posterior Samples:  79%|███████▉  | 1196/1512 [01:51<00:11, 28.14step/s]
[Origin 8/13] 🎲 Drawing Posterior Samples:  79%|███████▉  | 1201/1512 [01:51<00:09, 32.50step/s]
[Origin 8/13] 🎲 Drawing Posterior Samples:  80%|███████▉  | 1206/1512 [01:51<00:08, 34.40step/s]
[Origin 8/13] 🎲 Drawing Posterior Samples:  80%|████████  | 1210/1512 [01:51<00:08, 33.98step/s]
[Origin 8/13] 🎲 Drawing Posterior Samples:  80%|████████  | 1214/1512 [01:51<00:08, 35.17step/s]
[Origin 8/13] 🎲 Drawing Posterior Samples:  81%|████████  | 1218/1512 [01:51<00:08, 35.13step/s]
[Origin 8/13] 🎲 Drawing Posterior Samples:  81%|████████  | 1223/1512 [01:51<00:07, 37.18step/s]
[Origin 8/13] 🎲 Drawing Posterior Samples:  81%|████████  | 1227/1512 [01:51<00:07, 37.86step/s]
[Origin 8/13] 🎲 Drawing Posterior Samples:  81%|████████▏ | 1231/1512 [01:52<00:07, 36.51step/s]
[Origin 8/13] 🎲 Drawing Posterior Samples:  82%|████████▏ | 1235/1512 [01:52<00:07, 36.34step/s]
[Origin 8/13] 🎲 Drawing Posterior Samples:  82%|████████▏ | 1239/1512 [01:52<00:07, 35.70step/s]
[Origin 8/13] 🎲 Drawing Posterior Samples:  82%|████████▏ | 1245/1512 [01:52<00:06, 40.49step/s]
[Origin 8/13] 🎲 Drawing Posterior Samples:  83%|████████▎ | 1250/1512 [01:52<00:07, 36.25step/s]
[Origin 8/13] 🎲 Drawing Posterior Samples:  83%|████████▎ | 1255/1512 [01:52<00:06, 38.89step/s]
[Origin 8/13] 🎲 Drawing Posterior Samples:  83%|████████▎ | 1260/1512 [01:52<00:06, 37.32step/s]
[Origin 8/13] 🎲 Drawing Posterior Samples:  84%|████████▎ | 1264/1512 [01:52<00:06, 36.97step/s]
[Origin 8/13] 🎲 Drawing Posterior Samples:  84%|████████▍ | 1269/1512 [01:53<00:06, 38.40step/s]
[Origin 8/13] 🎲 Drawing Posterior Samples:  84%|████████▍ | 1273/1512 [01:53<00:06, 38.68step/s]
[Origin 8/13] 🎲 Drawing Posterior Samples:  84%|████████▍ | 1277/1512 [01:53<00:06, 38.05step/s]
[Origin 8/13] 🎲 Drawing Posterior Samples:  85%|████████▍ | 1282/1512 [01:53<00:05, 39.82step/s]
[Origin 8/13] 🎲 Drawing Posterior Samples:  85%|████████▌ | 1287/1512 [01:53<00:05, 37.96step/s]
[Origin 8/13] 🎲 Drawing Posterior Samples:  85%|████████▌ | 1291/1512 [01:53<00:05, 38.35step/s]
[Origin 8/13] 🎲 Drawing Posterior Samples:  86%|████████▌ | 1295/1512 [01:53<00:05, 38.71step/s]
[Origin 8/13] 🎲 Drawing Posterior Samples:  86%|████████▌ | 1300/1512 [01:53<00:05, 37.79step/s]
[Origin 8/13] 🎲 Drawing Posterior Samples:  86%|████████▌ | 1304/1512 [01:54<00:05, 37.99step/s]
[Origin 8/13] 🎲 Drawing Posterior Samples:  87%|████████▋ | 1308/1512 [01:54<00:05, 36.56step/s]
[Origin 8/13] 🎲 Drawing Posterior Samples:  87%|████████▋ | 1313/1512 [01:54<00:05, 38.53step/s]
[Origin 8/13] 🎲 Drawing Posterior Samples:  87%|████████▋ | 1317/1512 [01:54<00:05, 37.11step/s]
[Origin 8/13] 🎲 Drawing Posterior Samples:  87%|████████▋ | 1321/1512 [01:54<00:05, 37.47step/s]
[Origin 8/13] 🎲 Drawing Posterior Samples:  88%|████████▊ | 1326/1512 [01:54<00:04, 39.06step/s]
[Origin 8/13] 🎲 Drawing Posterior Samples:  88%|████████▊ | 1330/1512 [01:54<00:04, 37.17step/s]
[Origin 8/13] 🎲 Drawing Posterior Samples:  88%|████████▊ | 1335/1512 [01:54<00:04, 38.67step/s]
[Origin 8/13] 🎲 Drawing Posterior Samples:  89%|████████▊ | 1339/1512 [01:54<00:04, 38.70step/s]
[Origin 8/13] 🎲 Drawing Posterior Samples:  89%|████████▉ | 1343/1512 [01:55<00:04, 38.90step/s]
[Origin 8/13] 🎲 Drawing Posterior Samples:  89%|████████▉ | 1347/1512 [01:55<00:04, 37.02step/s]
[Origin 8/13] 🎲 Drawing Posterior Samples:  89%|████████▉ | 1351/1512 [01:55<00:04, 35.92step/s]
[Origin 8/13] 🎲 Drawing Posterior Samples:  90%|████████▉ | 1355/1512 [01:55<00:04, 34.65step/s]
[Origin 8/13] 🎲 Drawing Posterior Samples:  90%|████████▉ | 1359/1512 [01:55<00:04, 34.68step/s]
[Origin 8/13] 🎲 Drawing Posterior Samples:  90%|█████████ | 1363/1512 [01:55<00:04, 35.91step/s]
[Origin 8/13] 🎲 Drawing Posterior Samples:  90%|█████████ | 1367/1512 [01:55<00:04, 31.36step/s]
[Origin 8/13] 🎲 Drawing Posterior Samples:  91%|█████████ | 1371/1512 [01:55<00:04, 32.33step/s]
[Origin 8/13] 🎲 Drawing Posterior Samples:  91%|█████████ | 1375/1512 [01:56<00:04, 31.11step/s]
[Origin 8/13] 🎲 Drawing Posterior Samples:  91%|█████████ | 1379/1512 [01:56<00:04, 31.81step/s]
[Origin 8/13] 🎲 Drawing Posterior Samples:  92%|█████████▏| 1384/1512 [01:56<00:03, 34.33step/s]
[Origin 8/13] 🎲 Drawing Posterior Samples:  92%|█████████▏| 1388/1512 [01:56<00:03, 34.72step/s]
[Origin 8/13] 🎲 Drawing Posterior Samples:  92%|█████████▏| 1392/1512 [01:56<00:03, 35.68step/s]
[Origin 8/13] 🎲 Drawing Posterior Samples:  92%|█████████▏| 1396/1512 [01:56<00:03, 33.97step/s]
[Origin 8/13] 🎲 Drawing Posterior Samples:  93%|█████████▎| 1400/1512 [01:56<00:03, 32.55step/s]
[Origin 8/13] 🎲 Drawing Posterior Samples:  93%|█████████▎| 1404/1512 [01:56<00:03, 34.04step/s]
[Origin 8/13] 🎲 Drawing Posterior Samples:  93%|█████████▎| 1408/1512 [01:57<00:03, 31.43step/s]
[Origin 8/13] 🎲 Drawing Posterior Samples:  93%|█████████▎| 1412/1512 [01:57<00:03, 31.57step/s]
[Origin 8/13] 🎲 Drawing Posterior Samples:  94%|█████████▎| 1416/1512 [01:57<00:02, 33.23step/s]
[Origin 8/13] 🎲 Drawing Posterior Samples:  94%|█████████▍| 1420/1512 [01:57<00:02, 33.44step/s]
[Origin 8/13] 🎲 Drawing Posterior Samples:  94%|█████████▍| 1424/1512 [01:57<00:02, 34.35step/s]
[Origin 8/13] 🎲 Drawing Posterior Samples:  94%|█████████▍| 1428/1512 [01:57<00:02, 30.70step/s]
[Origin 8/13] 🎲 Drawing Posterior Samples:  95%|█████████▍| 1432/1512 [01:57<00:02, 30.07step/s]
[Origin 8/13] 🎲 Drawing Posterior Samples:  95%|█████████▍| 1436/1512 [01:57<00:02, 32.29step/s]
[Origin 8/13] 🎲 Drawing Posterior Samples:  95%|█████████▌| 1441/1512 [01:58<00:02, 32.73step/s]
[Origin 8/13] 🎲 Drawing Posterior Samples:  96%|█████████▌| 1445/1512 [01:58<00:01, 33.66step/s]
[Origin 8/13] 🎲 Drawing Posterior Samples:  96%|█████████▌| 1450/1512 [01:58<00:01, 36.12step/s]
[Origin 8/13] 🎲 Drawing Posterior Samples:  96%|█████████▌| 1454/1512 [01:58<00:01, 30.00step/s]
[Origin 8/13] 🎲 Drawing Posterior Samples:  96%|█████████▋| 1458/1512 [01:58<00:01, 31.83step/s]
[Origin 8/13] 🎲 Drawing Posterior Samples:  97%|█████████▋| 1463/1512 [01:58<00:01, 35.57step/s]
[Origin 8/13] 🎲 Drawing Posterior Samples:  97%|█████████▋| 1467/1512 [01:58<00:01, 36.10step/s]
[Origin 8/13] 🎲 Drawing Posterior Samples:  97%|█████████▋| 1471/1512 [01:58<00:01, 35.67step/s]
[Origin 8/13] 🎲 Drawing Posterior Samples:  98%|█████████▊| 1475/1512 [01:59<00:01, 33.56step/s]
[Origin 8/13] 🎲 Drawing Posterior Samples:  98%|█████████▊| 1479/1512 [01:59<00:02, 15.72step/s]
[Origin 8/13] 🎲 Drawing Posterior Samples:  98%|█████████▊| 1482/1512 [02:00<00:02, 11.21step/s]
[Origin 8/13] 🎲 Drawing Posterior Samples:  98%|█████████▊| 1485/1512 [02:00<00:02,  9.66step/s]
[Origin 8/13] 🎲 Drawing Posterior Samples:  98%|█████████▊| 1487/1512 [02:00<00:02,  8.77step/s]
[Origin 8/13] 🎲 Drawing Posterior Samples:  98%|█████████▊| 1489/1512 [02:01<00:02,  7.75step/s]
[Origin 8/13] 🎲 Drawing Posterior Samples:  99%|█████████▊| 1491/1512 [02:01<00:03,  6.98step/s]
[Origin 8/13] 🎲 Drawing Posterior Samples:  99%|█████████▊| 1492/1512 [02:01<00:03,  6.23step/s]
[Origin 8/13] 🎲 Drawing Posterior Samples:  99%|█████████▊| 1493/1512 [02:01<00:02,  6.50step/s]
[Origin 8/13] 🎲 Drawing Posterior Samples:  99%|█████████▉| 1494/1512 [02:02<00:02,  6.60step/s]
[Origin 8/13] 🎲 Drawing Posterior Samples:  99%|█████████▉| 1495/1512 [02:02<00:03,  5.26step/s]
[Origin 8/13] 🎲 Drawing Posterior Samples:  99%|█████████▉| 1496/1512 [02:02<00:03,  4.69step/s]
[Origin 8/13] 🎲 Drawing Posterior Samples:  99%|█████████▉| 1497/1512 [02:02<00:03,  4.95step/s]
[Origin 8/13] 🎲 Drawing Posterior Samples:  99%|█████████▉| 1498/1512 [02:03<00:02,  4.84step/s]
[Origin 8/13] 🎲 Drawing Posterior Samples:  99%|█████████▉| 1499/1512 [02:03<00:02,  4.79step/s]
[Origin 8/13] 🎲 Drawing Posterior Samples:  99%|█████████▉| 1500/1512 [02:03<00:02,  5.13step/s]
[Origin 8/13] 🎲 Drawing Posterior Samples:  99%|█████████▉| 1501/1512 [02:03<00:02,  5.19step/s]
[Origin 8/13] 🎲 Drawing Posterior Samples:  99%|█████████▉| 1502/1512 [02:03<00:01,  5.35step/s]
[Origin 8/13] 🎲 Drawing Posterior Samples:  99%|█████████▉| 1503/1512 [02:04<00:01,  5.33step/s]
[Origin 8/13] 🎲 Drawing Posterior Samples:  99%|█████████▉| 1504/1512 [02:04<00:01,  5.34step/s]
[Origin 8/13] 🎲 Drawing Posterior Samples: 100%|█████████▉| 1505/1512 [02:04<00:01,  5.24step/s]
[Origin 8/13] 🎲 Drawing Posterior Samples: 100%|█████████▉| 1506/1512 [02:04<00:01,  5.09step/s]
[Origin 8/13] 🎲 Drawing Posterior Samples: 100%|█████████▉| 1507/1512 [02:04<00:00,  5.07step/s]
[Origin 8/13] 🎲 Drawing Posterior Samples: 100%|█████████▉| 1508/1512 [02:05<00:00,  5.11step/s]
[Origin 8/13] 🎲 Drawing Posterior Samples: 100%|█████████▉| 1509/1512 [02:05<00:00,  5.07step/s]
[Origin 8/13] 🎲 Drawing Posterior Samples: 100%|█████████▉| 1510/1512 [02:05<00:00,  5.24step/s]
[Origin 8/13] 🎲 Drawing Posterior Samples: 100%|█████████▉| 1511/1512 [02:05<00:00,  5.05step/s]
[Origin 8/13] 🎲 Drawing Posterior Samples: 100%|██████████| 1512/1512 [02:05<00:00,  4.84step/s]
                                                                                                 

[Origin 9/13] 🎲 Drawing Posterior Samples:   0%|          | 0/1516 [00:00<?, ?step/s]
[Origin 9/13] 🎲 Drawing Posterior Samples:   0%|          | 5/1516 [00:00<00:37, 40.83step/s]
[Origin 9/13] 🎲 Drawing Posterior Samples:   1%|          | 10/1516 [00:00<00:47, 31.78step/s]
[Origin 9/13] 🎲 Drawing Posterior Samples:   1%|          | 14/1516 [00:00<00:47, 31.71step/s]
[Origin 9/13] 🎲 Drawing Posterior Samples:   1%|          | 18/1516 [00:00<00:46, 32.34step/s]
[Origin 9/13] 🎲 Drawing Posterior Samples:   1%|▏         | 22/1516 [00:00<00:43, 34.23step/s]
[Origin 9/13] 🎲 Drawing Posterior Samples:   2%|▏         | 26/1516 [00:00<00:48, 30.79step/s]
[Origin 9/13] 🎲 Drawing Posterior Samples:   2%|▏         | 30/1516 [00:00<00:53, 27.89step/s]
[Origin 9/13] 🎲 Drawing Posterior Samples:   2%|▏         | 34/1516 [00:01<00:48, 30.76step/s]
[Origin 9/13] 🎲 Drawing Posterior Samples:   3%|▎         | 38/1516 [00:01<00:44, 33.04step/s]
[Origin 9/13] 🎲 Drawing Posterior Samples:   3%|▎         | 42/1516 [00:01<00:43, 33.73step/s]
[Origin 9/13] 🎲 Drawing Posterior Samples:   3%|▎         | 46/1516 [00:01<00:41, 35.34step/s]
[Origin 9/13] 🎲 Drawing Posterior Samples:   3%|▎         | 50/1516 [00:01<00:44, 33.10step/s]
[Origin 9/13] 🎲 Drawing Posterior Samples:   4%|▎         | 54/1516 [00:01<00:45, 32.16step/s]
[Origin 9/13] 🎲 Drawing Posterior Samples:   4%|▍         | 58/1516 [00:01<00:43, 33.14step/s]
[Origin 9/13] 🎲 Drawing Posterior Samples:   4%|▍         | 62/1516 [00:01<00:43, 33.21step/s]
[Origin 9/13] 🎲 Drawing Posterior Samples:   4%|▍         | 67/1516 [00:02<00:41, 34.79step/s]
[Origin 9/13] 🎲 Drawing Posterior Samples:   5%|▍         | 71/1516 [00:02<00:41, 34.87step/s]
[Origin 9/13] 🎲 Drawing Posterior Samples:   5%|▍         | 75/1516 [00:02<00:44, 32.60step/s]
[Origin 9/13] 🎲 Drawing Posterior Samples:   5%|▌         | 80/1516 [00:02<00:40, 35.43step/s]
[Origin 9/13] 🎲 Drawing Posterior Samples:   6%|▌         | 84/1516 [00:02<00:39, 35.89step/s]
[Origin 9/13] 🎲 Drawing Posterior Samples:   6%|▌         | 88/1516 [00:02<00:38, 36.87step/s]
[Origin 9/13] 🎲 Drawing Posterior Samples:   6%|▌         | 93/1516 [00:02<00:38, 36.61step/s]
[Origin 9/13] 🎲 Drawing Posterior Samples:   6%|▋         | 98/1516 [00:02<00:38, 37.23step/s]
[Origin 9/13] 🎲 Drawing Posterior Samples:   7%|▋         | 102/1516 [00:03<00:40, 34.72step/s]
[Origin 9/13] 🎲 Drawing Posterior Samples:   7%|▋         | 106/1516 [00:03<00:40, 35.15step/s]
[Origin 9/13] 🎲 Drawing Posterior Samples:   7%|▋         | 111/1516 [00:03<00:37, 37.55step/s]
[Origin 9/13] 🎲 Drawing Posterior Samples:   8%|▊         | 115/1516 [00:03<00:43, 32.54step/s]
[Origin 9/13] 🎲 Drawing Posterior Samples:   8%|▊         | 120/1516 [00:03<00:40, 34.67step/s]
[Origin 9/13] 🎲 Drawing Posterior Samples:   8%|▊         | 124/1516 [00:03<00:38, 35.89step/s]
[Origin 9/13] 🎲 Drawing Posterior Samples:   8%|▊         | 128/1516 [00:03<00:37, 36.65step/s]
[Origin 9/13] 🎲 Drawing Posterior Samples:   9%|▉         | 133/1516 [00:03<00:37, 37.24step/s]
[Origin 9/13] 🎲 Drawing Posterior Samples:   9%|▉         | 137/1516 [00:04<00:40, 33.98step/s]
[Origin 9/13] 🎲 Drawing Posterior Samples:   9%|▉         | 142/1516 [00:04<00:37, 36.50step/s]
[Origin 9/13] 🎲 Drawing Posterior Samples:  10%|▉         | 146/1516 [00:04<00:43, 31.50step/s]
[Origin 9/13] 🎲 Drawing Posterior Samples:  10%|▉         | 150/1516 [00:04<00:42, 31.81step/s]
[Origin 9/13] 🎲 Drawing Posterior Samples:  10%|█         | 154/1516 [00:04<00:42, 31.76step/s]
[Origin 9/13] 🎲 Drawing Posterior Samples:  10%|█         | 158/1516 [00:04<00:42, 31.96step/s]
[Origin 9/13] 🎲 Drawing Posterior Samples:  11%|█         | 162/1516 [00:04<00:41, 32.62step/s]
[Origin 9/13] 🎲 Drawing Posterior Samples:  11%|█         | 167/1516 [00:04<00:38, 35.37step/s]
[Origin 9/13] 🎲 Drawing Posterior Samples:  11%|█▏        | 173/1516 [00:05<00:33, 39.67step/s]
[Origin 9/13] 🎲 Drawing Posterior Samples:  12%|█▏        | 178/1516 [00:05<00:38, 34.37step/s]
[Origin 9/13] 🎲 Drawing Posterior Samples:  12%|█▏        | 182/1516 [00:05<00:38, 34.29step/s]
[Origin 9/13] 🎲 Drawing Posterior Samples:  12%|█▏        | 186/1516 [00:05<00:37, 35.34step/s]
[Origin 9/13] 🎲 Drawing Posterior Samples:  13%|█▎        | 190/1516 [00:05<00:37, 35.54step/s]
[Origin 9/13] 🎲 Drawing Posterior Samples:  13%|█▎        | 194/1516 [00:05<00:36, 36.24step/s]
[Origin 9/13] 🎲 Drawing Posterior Samples:  13%|█▎        | 198/1516 [00:05<00:40, 32.42step/s]
[Origin 9/13] 🎲 Drawing Posterior Samples:  13%|█▎        | 202/1516 [00:05<00:45, 28.91step/s]
[Origin 9/13] 🎲 Drawing Posterior Samples:  14%|█▎        | 206/1516 [00:06<00:43, 29.93step/s]
[Origin 9/13] 🎲 Drawing Posterior Samples:  14%|█▍        | 211/1516 [00:06<00:39, 33.16step/s]
[Origin 9/13] 🎲 Drawing Posterior Samples:  14%|█▍        | 215/1516 [00:06<00:37, 34.58step/s]
[Origin 9/13] 🎲 Drawing Posterior Samples:  14%|█▍        | 219/1516 [00:06<00:40, 31.95step/s]
[Origin 9/13] 🎲 Drawing Posterior Samples:  15%|█▍        | 223/1516 [00:06<00:45, 28.34step/s]
[Origin 9/13] 🎲 Drawing Posterior Samples:  15%|█▍        | 227/1516 [00:06<00:43, 29.93step/s]
[Origin 9/13] 🎲 Drawing Posterior Samples:  15%|█▌        | 231/1516 [00:06<00:40, 32.01step/s]
[Origin 9/13] 🎲 Drawing Posterior Samples:  16%|█▌        | 236/1516 [00:07<00:40, 31.87step/s]
[Origin 9/13] 🎲 Drawing Posterior Samples:  16%|█▌        | 240/1516 [00:07<00:39, 32.27step/s]
[Origin 9/13] 🎲 Drawing Posterior Samples:  16%|█▌        | 244/1516 [00:07<00:37, 33.88step/s]
[Origin 9/13] 🎲 Drawing Posterior Samples:  16%|█▋        | 249/1516 [00:07<00:34, 36.48step/s]
[Origin 9/13] 🎲 Drawing Posterior Samples:  17%|█▋        | 253/1516 [00:07<00:34, 37.05step/s]
[Origin 9/13] 🎲 Drawing Posterior Samples:  17%|█▋        | 257/1516 [00:07<00:37, 33.32step/s]
[Origin 9/13] 🎲 Drawing Posterior Samples:  17%|█▋        | 261/1516 [00:07<00:41, 30.29step/s]
[Origin 9/13] 🎲 Drawing Posterior Samples:  17%|█▋        | 265/1516 [00:07<00:46, 27.19step/s]
[Origin 9/13] 🎲 Drawing Posterior Samples:  18%|█▊        | 269/1516 [00:08<00:45, 27.41step/s]
[Origin 9/13] 🎲 Drawing Posterior Samples:  18%|█▊        | 272/1516 [00:08<00:45, 27.28step/s]
[Origin 9/13] 🎲 Drawing Posterior Samples:  18%|█▊        | 276/1516 [00:08<00:41, 30.09step/s]
[Origin 9/13] 🎲 Drawing Posterior Samples:  18%|█▊        | 280/1516 [00:08<00:45, 27.37step/s]
[Origin 9/13] 🎲 Drawing Posterior Samples:  19%|█▊        | 284/1516 [00:08<00:40, 30.20step/s]
[Origin 9/13] 🎲 Drawing Posterior Samples:  19%|█▉        | 288/1516 [00:08<00:38, 32.21step/s]
[Origin 9/13] 🎲 Drawing Posterior Samples:  19%|█▉        | 292/1516 [00:08<00:38, 32.00step/s]
[Origin 9/13] 🎲 Drawing Posterior Samples:  20%|█▉        | 296/1516 [00:08<00:38, 31.36step/s]
[Origin 9/13] 🎲 Drawing Posterior Samples:  20%|█▉        | 300/1516 [00:09<00:37, 32.43step/s]
[Origin 9/13] 🎲 Drawing Posterior Samples:  20%|██        | 305/1516 [00:09<00:34, 35.59step/s]
[Origin 9/13] 🎲 Drawing Posterior Samples:  20%|██        | 309/1516 [00:09<00:33, 36.01step/s]
[Origin 9/13] 🎲 Drawing Posterior Samples:  21%|██        | 313/1516 [00:09<00:36, 32.71step/s]
[Origin 9/13] 🎲 Drawing Posterior Samples:  21%|██        | 317/1516 [00:09<00:37, 32.07step/s]
[Origin 9/13] 🎲 Drawing Posterior Samples:  21%|██        | 321/1516 [00:09<00:35, 33.53step/s]
[Origin 9/13] 🎲 Drawing Posterior Samples:  21%|██▏       | 325/1516 [00:09<00:36, 32.70step/s]
[Origin 9/13] 🎲 Drawing Posterior Samples:  22%|██▏       | 330/1516 [00:09<00:33, 35.45step/s]
[Origin 9/13] 🎲 Drawing Posterior Samples:  22%|██▏       | 334/1516 [00:10<00:32, 36.45step/s]
[Origin 9/13] 🎲 Drawing Posterior Samples:  22%|██▏       | 338/1516 [00:10<00:32, 36.58step/s]
[Origin 9/13] 🎲 Drawing Posterior Samples:  23%|██▎       | 342/1516 [00:10<00:31, 37.50step/s]
[Origin 9/13] 🎲 Drawing Posterior Samples:  23%|██▎       | 346/1516 [00:10<01:21, 14.41step/s]
[Origin 9/13] 🎲 Drawing Posterior Samples:  23%|██▎       | 349/1516 [00:11<02:00,  9.72step/s]
[Origin 9/13] 🎲 Drawing Posterior Samples:  23%|██▎       | 352/1516 [00:12<02:34,  7.52step/s]
[Origin 9/13] 🎲 Drawing Posterior Samples:  23%|██▎       | 354/1516 [00:12<02:51,  6.78step/s]
[Origin 9/13] 🎲 Drawing Posterior Samples:  23%|██▎       | 356/1516 [00:13<03:10,  6.08step/s]
[Origin 9/13] 🎲 Drawing Posterior Samples:  24%|██▎       | 358/1516 [00:13<03:15,  5.92step/s]
[Origin 9/13] 🎲 Drawing Posterior Samples:  24%|██▎       | 359/1516 [00:13<03:17,  5.85step/s]
[Origin 9/13] 🎲 Drawing Posterior Samples:  24%|██▎       | 360/1516 [00:13<03:27,  5.57step/s]
[Origin 9/13] 🎲 Drawing Posterior Samples:  24%|██▍       | 361/1516 [00:14<03:34,  5.39step/s]
[Origin 9/13] 🎲 Drawing Posterior Samples:  24%|██▍       | 362/1516 [00:14<03:35,  5.35step/s]
[Origin 9/13] 🎲 Drawing Posterior Samples:  24%|██▍       | 363/1516 [00:14<03:43,  5.15step/s]
[Origin 9/13] 🎲 Drawing Posterior Samples:  24%|██▍       | 364/1516 [00:14<04:01,  4.77step/s]
[Origin 9/13] 🎲 Drawing Posterior Samples:  24%|██▍       | 365/1516 [00:15<04:16,  4.49step/s]
[Origin 9/13] 🎲 Drawing Posterior Samples:  24%|██▍       | 366/1516 [00:15<04:01,  4.76step/s]
[Origin 9/13] 🎲 Drawing Posterior Samples:  24%|██▍       | 367/1516 [00:15<04:47,  4.00step/s]
[Origin 9/13] 🎲 Drawing Posterior Samples:  24%|██▍       | 368/1516 [00:15<04:25,  4.32step/s]
[Origin 9/13] 🎲 Drawing Posterior Samples:  24%|██▍       | 369/1516 [00:15<04:15,  4.49step/s]
[Origin 9/13] 🎲 Drawing Posterior Samples:  24%|██▍       | 370/1516 [00:16<04:08,  4.62step/s]
[Origin 9/13] 🎲 Drawing Posterior Samples:  24%|██▍       | 371/1516 [00:16<04:05,  4.66step/s]
[Origin 9/13] 🎲 Drawing Posterior Samples:  25%|██▍       | 372/1516 [00:16<03:56,  4.83step/s]
[Origin 9/13] 🎲 Drawing Posterior Samples:  25%|██▍       | 373/1516 [00:16<03:51,  4.93step/s]
[Origin 9/13] 🎲 Drawing Posterior Samples:  25%|██▍       | 374/1516 [00:16<03:55,  4.85step/s]
[Origin 9/13] 🎲 Drawing Posterior Samples:  25%|██▍       | 375/1516 [00:17<03:47,  5.02step/s]
[Origin 9/13] 🎲 Drawing Posterior Samples:  25%|██▍       | 376/1516 [00:17<03:55,  4.85step/s]
[Origin 9/13] 🎲 Drawing Posterior Samples:  25%|██▍       | 377/1516 [00:17<03:48,  4.99step/s]
[Origin 9/13] 🎲 Drawing Posterior Samples:  25%|██▍       | 378/1516 [00:17<03:46,  5.03step/s]
[Origin 9/13] 🎲 Drawing Posterior Samples:  25%|██▌       | 379/1516 [00:17<03:45,  5.04step/s]
[Origin 9/13] 🎲 Drawing Posterior Samples:  25%|██▌       | 380/1516 [00:46<2:43:05,  8.61s/step]
[Origin 9/13] 🎲 Drawing Posterior Samples:  25%|██▌       | 384/1516 [00:46<1:00:12,  3.19s/step]
[Origin 9/13] 🎲 Drawing Posterior Samples:  26%|██▌       | 388/1516 [00:46<31:46,  1.69s/step]  
[Origin 9/13] 🎲 Drawing Posterior Samples:  26%|██▌       | 392/1516 [00:46<19:04,  1.02s/step]
[Origin 9/13] 🎲 Drawing Posterior Samples:  26%|██▌       | 396/1516 [00:46<12:14,  1.53step/s]
[Origin 9/13] 🎲 Drawing Posterior Samples:  26%|██▋       | 400/1516 [00:46<08:11,  2.27step/s]
[Origin 9/13] 🎲 Drawing Posterior Samples:  27%|██▋       | 404/1516 [00:46<05:39,  3.27step/s]
[Origin 9/13] 🎲 Drawing Posterior Samples:  27%|██▋       | 408/1516 [00:46<03:59,  4.63step/s]
[Origin 9/13] 🎲 Drawing Posterior Samples:  27%|██▋       | 412/1516 [00:47<02:52,  6.38step/s]
[Origin 9/13] 🎲 Drawing Posterior Samples:  27%|██▋       | 416/1516 [00:47<02:07,  8.60step/s]
[Origin 9/13] 🎲 Drawing Posterior Samples:  28%|██▊       | 420/1516 [00:47<01:37, 11.25step/s]
[Origin 9/13] 🎲 Drawing Posterior Samples:  28%|██▊       | 424/1516 [00:47<01:16, 14.27step/s]
[Origin 9/13] 🎲 Drawing Posterior Samples:  28%|██▊       | 428/1516 [00:47<01:02, 17.50step/s]
[Origin 9/13] 🎲 Drawing Posterior Samples:  28%|██▊       | 432/1516 [00:47<00:52, 20.80step/s]
[Origin 9/13] 🎲 Drawing Posterior Samples:  29%|██▉       | 436/1516 [00:47<00:44, 24.01step/s]
[Origin 9/13] 🎲 Drawing Posterior Samples:  29%|██▉       | 440/1516 [00:47<00:40, 26.83step/s]
[Origin 9/13] 🎲 Drawing Posterior Samples:  29%|██▉       | 444/1516 [00:47<00:37, 28.69step/s]
[Origin 9/13] 🎲 Drawing Posterior Samples:  30%|██▉       | 448/1516 [00:48<00:35, 30.37step/s]
[Origin 9/13] 🎲 Drawing Posterior Samples:  30%|██▉       | 452/1516 [00:48<00:33, 32.20step/s]
[Origin 9/13] 🎲 Drawing Posterior Samples:  30%|███       | 456/1516 [00:48<00:31, 33.87step/s]
[Origin 9/13] 🎲 Drawing Posterior Samples:  30%|███       | 460/1516 [00:48<00:29, 35.30step/s]
[Origin 9/13] 🎲 Drawing Posterior Samples:  31%|███       | 464/1516 [00:48<00:28, 36.58step/s]
[Origin 9/13] 🎲 Drawing Posterior Samples:  31%|███       | 468/1516 [00:48<00:30, 33.94step/s]
[Origin 9/13] 🎲 Drawing Posterior Samples:  31%|███       | 472/1516 [00:48<00:30, 34.72step/s]
[Origin 9/13] 🎲 Drawing Posterior Samples:  31%|███▏      | 476/1516 [00:48<00:28, 35.96step/s]
[Origin 9/13] 🎲 Drawing Posterior Samples:  32%|███▏      | 480/1516 [00:48<00:28, 36.98step/s]
[Origin 9/13] 🎲 Drawing Posterior Samples:  32%|███▏      | 484/1516 [00:49<00:27, 37.10step/s]
[Origin 9/13] 🎲 Drawing Posterior Samples:  32%|███▏      | 489/1516 [00:49<00:27, 37.72step/s]
[Origin 9/13] 🎲 Drawing Posterior Samples:  33%|███▎      | 494/1516 [00:49<00:25, 40.36step/s]
[Origin 9/13] 🎲 Drawing Posterior Samples:  33%|███▎      | 499/1516 [00:49<00:26, 38.35step/s]
[Origin 9/13] 🎲 Drawing Posterior Samples:  33%|███▎      | 503/1516 [00:49<00:26, 38.18step/s]
[Origin 9/13] 🎲 Drawing Posterior Samples:  34%|███▎      | 509/1516 [00:49<00:23, 42.26step/s]
[Origin 9/13] 🎲 Drawing Posterior Samples:  34%|███▍      | 514/1516 [00:49<00:26, 37.16step/s]
[Origin 9/13] 🎲 Drawing Posterior Samples:  34%|███▍      | 519/1516 [00:49<00:27, 36.70step/s]
[Origin 9/13] 🎲 Drawing Posterior Samples:  34%|███▍      | 523/1516 [00:50<00:26, 37.19step/s]
[Origin 9/13] 🎲 Drawing Posterior Samples:  35%|███▍      | 528/1516 [00:50<00:24, 39.84step/s]
[Origin 9/13] 🎲 Drawing Posterior Samples:  35%|███▌      | 533/1516 [00:50<00:26, 37.54step/s]
[Origin 9/13] 🎲 Drawing Posterior Samples:  35%|███▌      | 537/1516 [00:50<00:26, 36.69step/s]
[Origin 9/13] 🎲 Drawing Posterior Samples:  36%|███▌      | 541/1516 [00:50<00:26, 36.96step/s]
[Origin 9/13] 🎲 Drawing Posterior Samples:  36%|███▌      | 545/1516 [00:50<00:26, 37.05step/s]
[Origin 9/13] 🎲 Drawing Posterior Samples:  36%|███▌      | 549/1516 [00:50<00:25, 37.32step/s]
[Origin 9/13] 🎲 Drawing Posterior Samples:  36%|███▋      | 553/1516 [00:50<00:25, 37.37step/s]
[Origin 9/13] 🎲 Drawing Posterior Samples:  37%|███▋      | 557/1516 [00:50<00:26, 36.86step/s]
[Origin 9/13] 🎲 Drawing Posterior Samples:  37%|███▋      | 561/1516 [00:51<00:26, 35.65step/s]
[Origin 9/13] 🎲 Drawing Posterior Samples:  37%|███▋      | 565/1516 [00:51<00:26, 35.97step/s]
[Origin 9/13] 🎲 Drawing Posterior Samples:  38%|███▊      | 569/1516 [00:51<00:25, 36.81step/s]
[Origin 9/13] 🎲 Drawing Posterior Samples:  38%|███▊      | 573/1516 [00:51<00:25, 37.57step/s]
[Origin 9/13] 🎲 Drawing Posterior Samples:  38%|███▊      | 577/1516 [00:51<00:25, 36.73step/s]
[Origin 9/13] 🎲 Drawing Posterior Samples:  38%|███▊      | 581/1516 [00:51<00:27, 34.43step/s]
[Origin 9/13] 🎲 Drawing Posterior Samples:  39%|███▊      | 585/1516 [00:51<00:26, 35.27step/s]
[Origin 9/13] 🎲 Drawing Posterior Samples:  39%|███▉      | 590/1516 [00:51<00:25, 36.74step/s]
[Origin 9/13] 🎲 Drawing Posterior Samples:  39%|███▉      | 594/1516 [00:51<00:25, 36.81step/s]
[Origin 9/13] 🎲 Drawing Posterior Samples:  39%|███▉      | 598/1516 [00:52<00:24, 37.05step/s]
[Origin 9/13] 🎲 Drawing Posterior Samples:  40%|███▉      | 602/1516 [00:52<00:24, 37.83step/s]
[Origin 9/13] 🎲 Drawing Posterior Samples:  40%|███▉      | 606/1516 [00:52<00:24, 37.08step/s]
[Origin 9/13] 🎲 Drawing Posterior Samples:  40%|████      | 610/1516 [00:52<00:24, 37.48step/s]
[Origin 9/13] 🎲 Drawing Posterior Samples:  41%|████      | 615/1516 [00:52<00:23, 37.98step/s]
[Origin 9/13] 🎲 Drawing Posterior Samples:  41%|████      | 619/1516 [00:52<00:23, 37.78step/s]
[Origin 9/13] 🎲 Drawing Posterior Samples:  41%|████      | 623/1516 [00:52<00:24, 36.75step/s]
[Origin 9/13] 🎲 Drawing Posterior Samples:  41%|████▏     | 628/1516 [00:52<00:22, 39.73step/s]
[Origin 9/13] 🎲 Drawing Posterior Samples:  42%|████▏     | 632/1516 [00:52<00:22, 39.48step/s]
[Origin 9/13] 🎲 Drawing Posterior Samples:  42%|████▏     | 637/1516 [00:53<00:22, 38.42step/s]
[Origin 9/13] 🎲 Drawing Posterior Samples:  42%|████▏     | 641/1516 [00:53<00:23, 37.00step/s]
[Origin 9/13] 🎲 Drawing Posterior Samples:  43%|████▎     | 645/1516 [00:53<00:23, 37.30step/s]
[Origin 9/13] 🎲 Drawing Posterior Samples:  43%|████▎     | 649/1516 [00:53<00:24, 34.95step/s]
[Origin 9/13] 🎲 Drawing Posterior Samples:  43%|████▎     | 653/1516 [00:53<00:24, 35.89step/s]
[Origin 9/13] 🎲 Drawing Posterior Samples:  43%|████▎     | 657/1516 [00:53<00:23, 36.43step/s]
[Origin 9/13] 🎲 Drawing Posterior Samples:  44%|████▎     | 663/1516 [00:53<00:20, 40.96step/s]
[Origin 9/13] 🎲 Drawing Posterior Samples:  44%|████▍     | 668/1516 [00:53<00:20, 40.87step/s]
[Origin 9/13] 🎲 Drawing Posterior Samples:  44%|████▍     | 673/1516 [00:54<00:20, 41.08step/s]
[Origin 9/13] 🎲 Drawing Posterior Samples:  45%|████▍     | 678/1516 [00:54<00:20, 40.30step/s]
[Origin 9/13] 🎲 Drawing Posterior Samples:  45%|████▌     | 683/1516 [00:54<00:19, 42.77step/s]
[Origin 9/13] 🎲 Drawing Posterior Samples:  45%|████▌     | 688/1516 [00:54<00:22, 37.24step/s]
[Origin 9/13] 🎲 Drawing Posterior Samples:  46%|████▌     | 692/1516 [00:54<00:22, 36.81step/s]
[Origin 9/13] 🎲 Drawing Posterior Samples:  46%|████▌     | 696/1516 [00:54<00:22, 35.75step/s]
[Origin 9/13] 🎲 Drawing Posterior Samples:  46%|████▋     | 702/1516 [00:54<00:20, 40.44step/s]
[Origin 9/13] 🎲 Drawing Posterior Samples:  47%|████▋     | 707/1516 [00:54<00:19, 41.15step/s]
[Origin 9/13] 🎲 Drawing Posterior Samples:  47%|████▋     | 712/1516 [00:54<00:18, 43.32step/s]
[Origin 9/13] 🎲 Drawing Posterior Samples:  47%|████▋     | 717/1516 [00:55<00:20, 39.86step/s]
[Origin 9/13] 🎲 Drawing Posterior Samples:  48%|████▊     | 722/1516 [00:55<00:20, 38.71step/s]
[Origin 9/13] 🎲 Drawing Posterior Samples:  48%|████▊     | 726/1516 [00:56<00:57, 13.68step/s]
[Origin 9/13] 🎲 Drawing Posterior Samples:  48%|████▊     | 729/1516 [00:56<01:15, 10.44step/s]
[Origin 9/13] 🎲 Drawing Posterior Samples:  48%|████▊     | 732/1516 [00:57<01:33,  8.40step/s]
[Origin 9/13] 🎲 Drawing Posterior Samples:  48%|████▊     | 734/1516 [00:57<02:05,  6.25step/s]
[Origin 9/13] 🎲 Drawing Posterior Samples:  49%|████▊     | 736/1516 [00:58<02:03,  6.31step/s]
[Origin 9/13] 🎲 Drawing Posterior Samples:  49%|████▊     | 738/1516 [00:58<02:09,  6.01step/s]
[Origin 9/13] 🎲 Drawing Posterior Samples:  49%|████▊     | 739/1516 [00:58<02:31,  5.13step/s]
[Origin 9/13] 🎲 Drawing Posterior Samples:  49%|████▉     | 740/1516 [00:59<02:28,  5.22step/s]
[Origin 9/13] 🎲 Drawing Posterior Samples:  49%|████▉     | 741/1516 [00:59<02:59,  4.31step/s]
[Origin 9/13] 🎲 Drawing Posterior Samples:  49%|████▉     | 742/1516 [00:59<03:03,  4.21step/s]
[Origin 9/13] 🎲 Drawing Posterior Samples:  49%|████▉     | 743/1516 [00:59<02:49,  4.55step/s]
[Origin 9/13] 🎲 Drawing Posterior Samples:  49%|████▉     | 744/1516 [01:00<02:50,  4.54step/s]
[Origin 9/13] 🎲 Drawing Posterior Samples:  49%|████▉     | 745/1516 [01:00<03:01,  4.25step/s]
[Origin 9/13] 🎲 Drawing Posterior Samples:  49%|████▉     | 746/1516 [01:00<02:44,  4.68step/s]
[Origin 9/13] 🎲 Drawing Posterior Samples:  49%|████▉     | 747/1516 [01:00<02:33,  5.02step/s]
[Origin 9/13] 🎲 Drawing Posterior Samples:  49%|████▉     | 748/1516 [01:00<02:24,  5.31step/s]
[Origin 9/13] 🎲 Drawing Posterior Samples:  49%|████▉     | 749/1516 [01:01<02:34,  4.96step/s]
[Origin 9/13] 🎲 Drawing Posterior Samples:  49%|████▉     | 750/1516 [01:01<02:37,  4.88step/s]
[Origin 9/13] 🎲 Drawing Posterior Samples:  50%|████▉     | 751/1516 [01:01<02:33,  4.98step/s]
[Origin 9/13] 🎲 Drawing Posterior Samples:  50%|████▉     | 752/1516 [01:01<02:35,  4.91step/s]
[Origin 9/13] 🎲 Drawing Posterior Samples:  50%|████▉     | 753/1516 [01:01<02:35,  4.89step/s]
[Origin 9/13] 🎲 Drawing Posterior Samples:  50%|████▉     | 754/1516 [01:02<02:28,  5.12step/s]
[Origin 9/13] 🎲 Drawing Posterior Samples:  50%|████▉     | 755/1516 [01:02<02:29,  5.08step/s]
[Origin 9/13] 🎲 Drawing Posterior Samples:  50%|████▉     | 756/1516 [01:02<02:27,  5.14step/s]
[Origin 9/13] 🎲 Drawing Posterior Samples:  50%|████▉     | 757/1516 [01:02<02:30,  5.03step/s]
[Origin 9/13] 🎲 Drawing Posterior Samples:  50%|█████     | 758/1516 [01:02<02:37,  4.82step/s]
[Origin 9/13] 🎲 Drawing Posterior Samples:  50%|█████     | 759/1516 [01:26<1:31:49,  7.28s/step]
[Origin 9/13] 🎲 Drawing Posterior Samples:  50%|█████     | 762/1516 [01:26<40:16,  3.20s/step]  
[Origin 9/13] 🎲 Drawing Posterior Samples:  51%|█████     | 767/1516 [01:27<17:16,  1.38s/step]
[Origin 9/13] 🎲 Drawing Posterior Samples:  51%|█████     | 771/1516 [01:27<10:31,  1.18step/s]
[Origin 9/13] 🎲 Drawing Posterior Samples:  51%|█████     | 776/1516 [01:27<06:14,  1.97step/s]
[Origin 9/13] 🎲 Drawing Posterior Samples:  51%|█████▏    | 780/1516 [01:27<04:19,  2.84step/s]
[Origin 9/13] 🎲 Drawing Posterior Samples:  52%|█████▏    | 784/1516 [01:27<03:03,  3.98step/s]
[Origin 9/13] 🎲 Drawing Posterior Samples:  52%|█████▏    | 788/1516 [01:27<02:11,  5.52step/s]
[Origin 9/13] 🎲 Drawing Posterior Samples:  52%|█████▏    | 792/1516 [01:27<01:37,  7.41step/s]
[Origin 9/13] 🎲 Drawing Posterior Samples:  53%|█████▎    | 797/1516 [01:27<01:09, 10.38step/s]
[Origin 9/13] 🎲 Drawing Posterior Samples:  53%|█████▎    | 802/1516 [01:27<00:51, 13.98step/s]
[Origin 9/13] 🎲 Drawing Posterior Samples:  53%|█████▎    | 806/1516 [01:28<00:43, 16.16step/s]
[Origin 9/13] 🎲 Drawing Posterior Samples:  53%|█████▎    | 811/1516 [01:28<00:34, 20.27step/s]
[Origin 9/13] 🎲 Drawing Posterior Samples:  54%|█████▍    | 815/1516 [01:28<00:30, 22.78step/s]
[Origin 9/13] 🎲 Drawing Posterior Samples:  54%|█████▍    | 819/1516 [01:28<00:26, 25.92step/s]
[Origin 9/13] 🎲 Drawing Posterior Samples:  54%|█████▍    | 823/1516 [01:28<00:25, 26.81step/s]
[Origin 9/13] 🎲 Drawing Posterior Samples:  55%|█████▍    | 827/1516 [01:28<00:23, 29.20step/s]
[Origin 9/13] 🎲 Drawing Posterior Samples:  55%|█████▍    | 831/1516 [01:28<00:22, 31.00step/s]
[Origin 9/13] 🎲 Drawing Posterior Samples:  55%|█████▌    | 836/1516 [01:28<00:21, 32.17step/s]
[Origin 9/13] 🎲 Drawing Posterior Samples:  55%|█████▌    | 840/1516 [01:29<00:20, 33.09step/s]
[Origin 9/13] 🎲 Drawing Posterior Samples:  56%|█████▌    | 845/1516 [01:29<00:18, 35.65step/s]
[Origin 9/13] 🎲 Drawing Posterior Samples:  56%|█████▌    | 849/1516 [01:29<00:19, 34.37step/s]
[Origin 9/13] 🎲 Drawing Posterior Samples:  56%|█████▋    | 854/1516 [01:29<00:18, 36.15step/s]
[Origin 9/13] 🎲 Drawing Posterior Samples:  57%|█████▋    | 858/1516 [01:29<00:19, 33.36step/s]
[Origin 9/13] 🎲 Drawing Posterior Samples:  57%|█████▋    | 863/1516 [01:29<00:18, 35.78step/s]
[Origin 9/13] 🎲 Drawing Posterior Samples:  57%|█████▋    | 867/1516 [01:29<00:17, 36.59step/s]
[Origin 9/13] 🎲 Drawing Posterior Samples:  57%|█████▋    | 871/1516 [01:29<00:17, 36.68step/s]
[Origin 9/13] 🎲 Drawing Posterior Samples:  58%|█████▊    | 876/1516 [01:29<00:16, 39.44step/s]
[Origin 9/13] 🎲 Drawing Posterior Samples:  58%|█████▊    | 880/1516 [01:30<00:16, 38.31step/s]
[Origin 9/13] 🎲 Drawing Posterior Samples:  58%|█████▊    | 884/1516 [01:30<00:17, 35.93step/s]
[Origin 9/13] 🎲 Drawing Posterior Samples:  59%|█████▊    | 888/1516 [01:30<00:18, 34.76step/s]
[Origin 9/13] 🎲 Drawing Posterior Samples:  59%|█████▉    | 892/1516 [01:30<00:17, 35.54step/s]
[Origin 9/13] 🎲 Drawing Posterior Samples:  59%|█████▉    | 896/1516 [01:30<00:17, 34.97step/s]
[Origin 9/13] 🎲 Drawing Posterior Samples:  59%|█████▉    | 900/1516 [01:30<00:17, 35.18step/s]
[Origin 9/13] 🎲 Drawing Posterior Samples:  60%|█████▉    | 904/1516 [01:30<00:17, 35.52step/s]
[Origin 9/13] 🎲 Drawing Posterior Samples:  60%|█████▉    | 908/1516 [01:30<00:17, 34.67step/s]
[Origin 9/13] 🎲 Drawing Posterior Samples:  60%|██████    | 912/1516 [01:31<00:16, 35.98step/s]
[Origin 9/13] 🎲 Drawing Posterior Samples:  60%|██████    | 916/1516 [01:31<00:17, 35.16step/s]
[Origin 9/13] 🎲 Drawing Posterior Samples:  61%|██████    | 921/1516 [01:31<00:15, 37.31step/s]
[Origin 9/13] 🎲 Drawing Posterior Samples:  61%|██████    | 925/1516 [01:31<00:16, 35.82step/s]
[Origin 9/13] 🎲 Drawing Posterior Samples:  61%|██████▏   | 929/1516 [01:31<00:15, 36.75step/s]
[Origin 9/13] 🎲 Drawing Posterior Samples:  62%|██████▏   | 933/1516 [01:31<00:15, 37.50step/s]
[Origin 9/13] 🎲 Drawing Posterior Samples:  62%|██████▏   | 937/1516 [01:31<00:16, 35.98step/s]
[Origin 9/13] 🎲 Drawing Posterior Samples:  62%|██████▏   | 941/1516 [01:31<00:15, 36.91step/s]
[Origin 9/13] 🎲 Drawing Posterior Samples:  62%|██████▏   | 945/1516 [01:31<00:15, 37.50step/s]
[Origin 9/13] 🎲 Drawing Posterior Samples:  63%|██████▎   | 949/1516 [01:32<00:16, 34.48step/s]
[Origin 9/13] 🎲 Drawing Posterior Samples:  63%|██████▎   | 954/1516 [01:32<00:15, 36.84step/s]
[Origin 9/13] 🎲 Drawing Posterior Samples:  63%|██████▎   | 958/1516 [01:32<00:15, 36.49step/s]
[Origin 9/13] 🎲 Drawing Posterior Samples:  63%|██████▎   | 962/1516 [01:32<00:15, 35.74step/s]
[Origin 9/13] 🎲 Drawing Posterior Samples:  64%|██████▎   | 966/1516 [01:32<00:15, 35.06step/s]
[Origin 9/13] 🎲 Drawing Posterior Samples:  64%|██████▍   | 971/1516 [01:32<00:14, 36.60step/s]
[Origin 9/13] 🎲 Drawing Posterior Samples:  64%|██████▍   | 976/1516 [01:32<00:14, 36.94step/s]
[Origin 9/13] 🎲 Drawing Posterior Samples:  65%|██████▍   | 981/1516 [01:32<00:13, 39.43step/s]
[Origin 9/13] 🎲 Drawing Posterior Samples:  65%|██████▍   | 985/1516 [01:33<00:14, 36.24step/s]
[Origin 9/13] 🎲 Drawing Posterior Samples:  65%|██████▌   | 989/1516 [01:33<00:14, 35.49step/s]
[Origin 9/13] 🎲 Drawing Posterior Samples:  66%|██████▌   | 993/1516 [01:33<00:14, 36.63step/s]
[Origin 9/13] 🎲 Drawing Posterior Samples:  66%|██████▌   | 997/1516 [01:33<00:14, 35.98step/s]
[Origin 9/13] 🎲 Drawing Posterior Samples:  66%|██████▌   | 1001/1516 [01:33<00:14, 36.12step/s]
[Origin 9/13] 🎲 Drawing Posterior Samples:  66%|██████▋   | 1005/1516 [01:33<00:13, 36.84step/s]
[Origin 9/13] 🎲 Drawing Posterior Samples:  67%|██████▋   | 1009/1516 [01:33<00:13, 36.55step/s]
[Origin 9/13] 🎲 Drawing Posterior Samples:  67%|██████▋   | 1014/1516 [01:33<00:13, 37.16step/s]
[Origin 9/13] 🎲 Drawing Posterior Samples:  67%|██████▋   | 1019/1516 [01:33<00:12, 38.76step/s]
[Origin 9/13] 🎲 Drawing Posterior Samples:  68%|██████▊   | 1024/1516 [01:34<00:12, 39.64step/s]
[Origin 9/13] 🎲 Drawing Posterior Samples:  68%|██████▊   | 1028/1516 [01:34<00:12, 39.14step/s]
[Origin 9/13] 🎲 Drawing Posterior Samples:  68%|██████▊   | 1033/1516 [01:34<00:12, 38.69step/s]
[Origin 9/13] 🎲 Drawing Posterior Samples:  68%|██████▊   | 1037/1516 [01:34<00:12, 38.00step/s]
[Origin 9/13] 🎲 Drawing Posterior Samples:  69%|██████▊   | 1042/1516 [01:34<00:12, 39.37step/s]
[Origin 9/13] 🎲 Drawing Posterior Samples:  69%|██████▉   | 1046/1516 [01:34<00:11, 39.27step/s]
[Origin 9/13] 🎲 Drawing Posterior Samples:  69%|██████▉   | 1051/1516 [01:34<00:11, 40.00step/s]
[Origin 9/13] 🎲 Drawing Posterior Samples:  70%|██████▉   | 1055/1516 [01:34<00:11, 38.78step/s]
[Origin 9/13] 🎲 Drawing Posterior Samples:  70%|██████▉   | 1059/1516 [01:34<00:12, 36.73step/s]
[Origin 9/13] 🎲 Drawing Posterior Samples:  70%|███████   | 1063/1516 [01:35<00:12, 35.98step/s]
[Origin 9/13] 🎲 Drawing Posterior Samples:  70%|███████   | 1067/1516 [01:35<00:12, 36.62step/s]
[Origin 9/13] 🎲 Drawing Posterior Samples:  71%|███████   | 1071/1516 [01:35<00:11, 37.33step/s]
[Origin 9/13] 🎲 Drawing Posterior Samples:  71%|███████   | 1077/1516 [01:35<00:10, 41.10step/s]
[Origin 9/13] 🎲 Drawing Posterior Samples:  71%|███████▏  | 1082/1516 [01:35<00:11, 37.63step/s]
[Origin 9/13] 🎲 Drawing Posterior Samples:  72%|███████▏  | 1087/1516 [01:35<00:10, 39.83step/s]
[Origin 9/13] 🎲 Drawing Posterior Samples:  72%|███████▏  | 1092/1516 [01:35<00:10, 40.01step/s]
[Origin 9/13] 🎲 Drawing Posterior Samples:  72%|███████▏  | 1097/1516 [01:35<00:10, 40.80step/s]
[Origin 9/13] 🎲 Drawing Posterior Samples:  73%|███████▎  | 1102/1516 [01:36<00:14, 27.69step/s]
[Origin 9/13] 🎲 Drawing Posterior Samples:  73%|███████▎  | 1106/1516 [01:36<00:30, 13.41step/s]
[Origin 9/13] 🎲 Drawing Posterior Samples:  73%|███████▎  | 1109/1516 [01:37<00:40, 10.09step/s]
[Origin 9/13] 🎲 Drawing Posterior Samples:  73%|███████▎  | 1111/1516 [01:37<00:48,  8.39step/s]
[Origin 9/13] 🎲 Drawing Posterior Samples:  73%|███████▎  | 1113/1516 [01:38<01:05,  6.20step/s]
[Origin 9/13] 🎲 Drawing Posterior Samples:  74%|███████▎  | 1115/1516 [01:39<01:08,  5.85step/s]
[Origin 9/13] 🎲 Drawing Posterior Samples:  74%|███████▎  | 1116/1516 [01:39<01:09,  5.72step/s]
[Origin 9/13] 🎲 Drawing Posterior Samples:  74%|███████▎  | 1117/1516 [01:39<01:15,  5.25step/s]
[Origin 9/13] 🎲 Drawing Posterior Samples:  74%|███████▎  | 1118/1516 [01:39<01:14,  5.33step/s]
[Origin 9/13] 🎲 Drawing Posterior Samples:  74%|███████▍  | 1119/1516 [01:40<01:29,  4.45step/s]
[Origin 9/13] 🎲 Drawing Posterior Samples:  74%|███████▍  | 1120/1516 [01:40<01:37,  4.05step/s]
[Origin 9/13] 🎲 Drawing Posterior Samples:  74%|███████▍  | 1121/1516 [01:40<01:39,  3.97step/s]
[Origin 9/13] 🎲 Drawing Posterior Samples:  74%|███████▍  | 1122/1516 [01:40<01:36,  4.09step/s]
[Origin 9/13] 🎲 Drawing Posterior Samples:  74%|███████▍  | 1123/1516 [01:41<01:26,  4.54step/s]
[Origin 9/13] 🎲 Drawing Posterior Samples:  74%|███████▍  | 1124/1516 [01:41<01:20,  4.84step/s]
[Origin 9/13] 🎲 Drawing Posterior Samples:  74%|███████▍  | 1125/1516 [01:41<01:15,  5.15step/s]
[Origin 9/13] 🎲 Drawing Posterior Samples:  74%|███████▍  | 1126/1516 [01:41<01:17,  5.04step/s]
[Origin 9/13] 🎲 Drawing Posterior Samples:  74%|███████▍  | 1127/1516 [01:41<01:24,  4.62step/s]
[Origin 9/13] 🎲 Drawing Posterior Samples:  74%|███████▍  | 1128/1516 [01:42<01:21,  4.78step/s]
[Origin 9/13] 🎲 Drawing Posterior Samples:  74%|███████▍  | 1129/1516 [01:42<01:29,  4.34step/s]
[Origin 9/13] 🎲 Drawing Posterior Samples:  75%|███████▍  | 1130/1516 [01:42<01:42,  3.78step/s]
[Origin 9/13] 🎲 Drawing Posterior Samples:  75%|███████▍  | 1131/1516 [01:42<01:36,  4.00step/s]
[Origin 9/13] 🎲 Drawing Posterior Samples:  75%|███████▍  | 1132/1516 [01:43<01:42,  3.76step/s]
[Origin 9/13] 🎲 Drawing Posterior Samples:  75%|███████▍  | 1133/1516 [01:43<01:41,  3.78step/s]
[Origin 9/13] 🎲 Drawing Posterior Samples:  75%|███████▍  | 1134/1516 [01:43<01:30,  4.24step/s]
[Origin 9/13] 🎲 Drawing Posterior Samples:  75%|███████▍  | 1135/1516 [01:43<01:28,  4.29step/s]
[Origin 9/13] 🎲 Drawing Posterior Samples:  75%|███████▍  | 1136/1516 [01:44<01:27,  4.32step/s]
[Origin 9/13] 🎲 Drawing Posterior Samples:  75%|███████▌  | 1137/1516 [01:44<01:23,  4.54step/s]
[Origin 9/13] 🎲 Drawing Posterior Samples:  75%|███████▌  | 1138/1516 [02:08<46:17,  7.35s/step]
[Origin 9/13] 🎲 Drawing Posterior Samples:  75%|███████▌  | 1142/1516 [02:08<16:59,  2.73s/step]
[Origin 9/13] 🎲 Drawing Posterior Samples:  76%|███████▌  | 1147/1516 [02:08<07:57,  1.29s/step]
[Origin 9/13] 🎲 Drawing Posterior Samples:  76%|███████▌  | 1151/1516 [02:08<04:58,  1.22step/s]
[Origin 9/13] 🎲 Drawing Posterior Samples:  76%|███████▋  | 1156/1516 [02:08<02:58,  2.01step/s]
[Origin 9/13] 🎲 Drawing Posterior Samples:  77%|███████▋  | 1161/1516 [02:08<01:55,  3.08step/s]
[Origin 9/13] 🎲 Drawing Posterior Samples:  77%|███████▋  | 1165/1516 [02:08<01:23,  4.18step/s]
[Origin 9/13] 🎲 Drawing Posterior Samples:  77%|███████▋  | 1170/1516 [02:09<00:57,  6.07step/s]
[Origin 9/13] 🎲 Drawing Posterior Samples:  77%|███████▋  | 1174/1516 [02:09<00:43,  7.89step/s]
[Origin 9/13] 🎲 Drawing Posterior Samples:  78%|███████▊  | 1178/1516 [02:09<00:33, 10.13step/s]
[Origin 9/13] 🎲 Drawing Posterior Samples:  78%|███████▊  | 1183/1516 [02:09<00:24, 13.45step/s]
[Origin 9/13] 🎲 Drawing Posterior Samples:  78%|███████▊  | 1187/1516 [02:09<00:20, 16.30step/s]
[Origin 9/13] 🎲 Drawing Posterior Samples:  79%|███████▊  | 1192/1516 [02:09<00:15, 20.47step/s]
[Origin 9/13] 🎲 Drawing Posterior Samples:  79%|███████▉  | 1196/1516 [02:09<00:14, 22.85step/s]
[Origin 9/13] 🎲 Drawing Posterior Samples:  79%|███████▉  | 1202/1516 [02:09<00:10, 28.89step/s]
[Origin 9/13] 🎲 Drawing Posterior Samples:  80%|███████▉  | 1207/1516 [02:10<00:10, 28.60step/s]
[Origin 9/13] 🎲 Drawing Posterior Samples:  80%|███████▉  | 1211/1516 [02:10<00:10, 29.33step/s]
[Origin 9/13] 🎲 Drawing Posterior Samples:  80%|████████  | 1216/1516 [02:10<00:09, 32.61step/s]
[Origin 9/13] 🎲 Drawing Posterior Samples:  80%|████████  | 1220/1516 [02:10<00:08, 33.96step/s]
[Origin 9/13] 🎲 Drawing Posterior Samples:  81%|████████  | 1226/1516 [02:10<00:07, 38.84step/s]
[Origin 9/13] 🎲 Drawing Posterior Samples:  81%|████████  | 1231/1516 [02:10<00:07, 37.91step/s]
[Origin 9/13] 🎲 Drawing Posterior Samples:  82%|████████▏ | 1236/1516 [02:10<00:07, 38.70step/s]
[Origin 9/13] 🎲 Drawing Posterior Samples:  82%|████████▏ | 1241/1516 [02:10<00:07, 35.79step/s]
[Origin 9/13] 🎲 Drawing Posterior Samples:  82%|████████▏ | 1245/1516 [02:11<00:07, 36.03step/s]
[Origin 9/13] 🎲 Drawing Posterior Samples:  82%|████████▏ | 1250/1516 [02:11<00:07, 37.73step/s]
[Origin 9/13] 🎲 Drawing Posterior Samples:  83%|████████▎ | 1254/1516 [02:11<00:07, 35.82step/s]
[Origin 9/13] 🎲 Drawing Posterior Samples:  83%|████████▎ | 1258/1516 [02:11<00:07, 36.81step/s]
[Origin 9/13] 🎲 Drawing Posterior Samples:  83%|████████▎ | 1262/1516 [02:11<00:07, 36.09step/s]
[Origin 9/13] 🎲 Drawing Posterior Samples:  84%|████████▎ | 1267/1516 [02:11<00:07, 35.40step/s]
[Origin 9/13] 🎲 Drawing Posterior Samples:  84%|████████▍ | 1271/1516 [02:11<00:07, 34.01step/s]
[Origin 9/13] 🎲 Drawing Posterior Samples:  84%|████████▍ | 1276/1516 [02:11<00:06, 37.02step/s]
[Origin 9/13] 🎲 Drawing Posterior Samples:  85%|████████▍ | 1282/1516 [02:12<00:06, 37.97step/s]
[Origin 9/13] 🎲 Drawing Posterior Samples:  85%|████████▍ | 1286/1516 [02:12<00:06, 37.10step/s]
[Origin 9/13] 🎲 Drawing Posterior Samples:  85%|████████▌ | 1290/1516 [02:12<00:05, 37.79step/s]
[Origin 9/13] 🎲 Drawing Posterior Samples:  85%|████████▌ | 1295/1516 [02:12<00:05, 39.46step/s]
[Origin 9/13] 🎲 Drawing Posterior Samples:  86%|████████▌ | 1299/1516 [02:12<00:05, 36.98step/s]
[Origin 9/13] 🎲 Drawing Posterior Samples:  86%|████████▌ | 1303/1516 [02:12<00:05, 36.41step/s]
[Origin 9/13] 🎲 Drawing Posterior Samples:  86%|████████▌ | 1307/1516 [02:12<00:06, 33.86step/s]
[Origin 9/13] 🎲 Drawing Posterior Samples:  86%|████████▋ | 1311/1516 [02:12<00:06, 33.34step/s]
[Origin 9/13] 🎲 Drawing Posterior Samples:  87%|████████▋ | 1315/1516 [02:13<00:06, 31.87step/s]
[Origin 9/13] 🎲 Drawing Posterior Samples:  87%|████████▋ | 1319/1516 [02:13<00:06, 32.08step/s]
[Origin 9/13] 🎲 Drawing Posterior Samples:  87%|████████▋ | 1323/1516 [02:13<00:06, 30.42step/s]
[Origin 9/13] 🎲 Drawing Posterior Samples:  88%|████████▊ | 1327/1516 [02:13<00:06, 29.31step/s]
[Origin 9/13] 🎲 Drawing Posterior Samples:  88%|████████▊ | 1331/1516 [02:13<00:05, 31.11step/s]
[Origin 9/13] 🎲 Drawing Posterior Samples:  88%|████████▊ | 1335/1516 [02:13<00:05, 31.98step/s]
[Origin 9/13] 🎲 Drawing Posterior Samples:  88%|████████▊ | 1339/1516 [02:13<00:05, 31.70step/s]
[Origin 9/13] 🎲 Drawing Posterior Samples:  89%|████████▊ | 1343/1516 [02:13<00:05, 32.42step/s]
[Origin 9/13] 🎲 Drawing Posterior Samples:  89%|████████▉ | 1348/1516 [02:14<00:04, 34.15step/s]
[Origin 9/13] 🎲 Drawing Posterior Samples:  89%|████████▉ | 1353/1516 [02:14<00:04, 36.51step/s]
[Origin 9/13] 🎲 Drawing Posterior Samples:  90%|████████▉ | 1357/1516 [02:14<00:04, 35.87step/s]
[Origin 9/13] 🎲 Drawing Posterior Samples:  90%|████████▉ | 1361/1516 [02:14<00:04, 33.06step/s]
[Origin 9/13] 🎲 Drawing Posterior Samples:  90%|█████████ | 1365/1516 [02:14<00:04, 31.99step/s]
[Origin 9/13] 🎲 Drawing Posterior Samples:  90%|█████████ | 1369/1516 [02:14<00:04, 32.23step/s]
[Origin 9/13] 🎲 Drawing Posterior Samples:  91%|█████████ | 1373/1516 [02:14<00:04, 33.90step/s]
[Origin 9/13] 🎲 Drawing Posterior Samples:  91%|█████████ | 1377/1516 [02:14<00:03, 35.39step/s]
[Origin 9/13] 🎲 Drawing Posterior Samples:  91%|█████████ | 1381/1516 [02:15<00:03, 36.54step/s]
[Origin 9/13] 🎲 Drawing Posterior Samples:  91%|█████████▏| 1385/1516 [02:15<00:03, 35.46step/s]
[Origin 9/13] 🎲 Drawing Posterior Samples:  92%|█████████▏| 1389/1516 [02:15<00:03, 36.49step/s]
[Origin 9/13] 🎲 Drawing Posterior Samples:  92%|█████████▏| 1393/1516 [02:15<00:03, 33.89step/s]
[Origin 9/13] 🎲 Drawing Posterior Samples:  92%|█████████▏| 1398/1516 [02:15<00:03, 34.14step/s]
[Origin 9/13] 🎲 Drawing Posterior Samples:  92%|█████████▏| 1402/1516 [02:15<00:03, 32.27step/s]
[Origin 9/13] 🎲 Drawing Posterior Samples:  93%|█████████▎| 1407/1516 [02:15<00:03, 34.96step/s]
[Origin 9/13] 🎲 Drawing Posterior Samples:  93%|█████████▎| 1411/1516 [02:15<00:02, 35.74step/s]
[Origin 9/13] 🎲 Drawing Posterior Samples:  93%|█████████▎| 1415/1516 [02:16<00:03, 32.33step/s]
[Origin 9/13] 🎲 Drawing Posterior Samples:  94%|█████████▎| 1421/1516 [02:16<00:02, 37.68step/s]
[Origin 9/13] 🎲 Drawing Posterior Samples:  94%|█████████▍| 1425/1516 [02:16<00:02, 37.76step/s]
[Origin 9/13] 🎲 Drawing Posterior Samples:  94%|█████████▍| 1429/1516 [02:16<00:02, 32.71step/s]
[Origin 9/13] 🎲 Drawing Posterior Samples:  95%|█████████▍| 1433/1516 [02:16<00:02, 29.85step/s]
[Origin 9/13] 🎲 Drawing Posterior Samples:  95%|█████████▍| 1438/1516 [02:16<00:02, 32.47step/s]
[Origin 9/13] 🎲 Drawing Posterior Samples:  95%|█████████▌| 1442/1516 [02:16<00:02, 33.10step/s]
[Origin 9/13] 🎲 Drawing Posterior Samples:  95%|█████████▌| 1446/1516 [02:16<00:02, 33.13step/s]
[Origin 9/13] 🎲 Drawing Posterior Samples:  96%|█████████▌| 1450/1516 [02:17<00:01, 34.03step/s]
[Origin 9/13] 🎲 Drawing Posterior Samples:  96%|█████████▌| 1454/1516 [02:17<00:01, 32.49step/s]
[Origin 9/13] 🎲 Drawing Posterior Samples:  96%|█████████▌| 1458/1516 [02:17<00:01, 31.53step/s]
[Origin 9/13] 🎲 Drawing Posterior Samples:  97%|█████████▋| 1463/1516 [02:17<00:01, 32.77step/s]
[Origin 9/13] 🎲 Drawing Posterior Samples:  97%|█████████▋| 1467/1516 [02:17<00:01, 30.26step/s]
[Origin 9/13] 🎲 Drawing Posterior Samples:  97%|█████████▋| 1472/1516 [02:17<00:01, 34.19step/s]
[Origin 9/13] 🎲 Drawing Posterior Samples:  97%|█████████▋| 1477/1516 [02:17<00:01, 37.47step/s]
[Origin 9/13] 🎲 Drawing Posterior Samples:  98%|█████████▊| 1481/1516 [02:18<00:01, 25.80step/s]
[Origin 9/13] 🎲 Drawing Posterior Samples:  98%|█████████▊| 1485/1516 [02:18<00:02, 13.89step/s]
[Origin 9/13] 🎲 Drawing Posterior Samples:  98%|█████████▊| 1488/1516 [02:19<00:02,  9.96step/s]
[Origin 9/13] 🎲 Drawing Posterior Samples:  98%|█████████▊| 1490/1516 [02:19<00:02,  8.93step/s]
[Origin 9/13] 🎲 Drawing Posterior Samples:  98%|█████████▊| 1492/1516 [02:20<00:03,  6.95step/s]
[Origin 9/13] 🎲 Drawing Posterior Samples:  99%|█████████▊| 1494/1516 [02:20<00:03,  6.86step/s]
[Origin 9/13] 🎲 Drawing Posterior Samples:  99%|█████████▊| 1495/1516 [02:20<00:03,  6.76step/s]
[Origin 9/13] 🎲 Drawing Posterior Samples:  99%|█████████▊| 1496/1516 [02:21<00:03,  5.77step/s]
[Origin 9/13] 🎲 Drawing Posterior Samples:  99%|█████████▊| 1497/1516 [02:21<00:03,  5.55step/s]
[Origin 9/13] 🎲 Drawing Posterior Samples:  99%|█████████▉| 1498/1516 [02:21<00:03,  5.15step/s]
[Origin 9/13] 🎲 Drawing Posterior Samples:  99%|█████████▉| 1499/1516 [02:21<00:03,  5.59step/s]
[Origin 9/13] 🎲 Drawing Posterior Samples:  99%|█████████▉| 1500/1516 [02:21<00:02,  5.84step/s]
[Origin 9/13] 🎲 Drawing Posterior Samples:  99%|█████████▉| 1501/1516 [02:21<00:02,  5.30step/s]
[Origin 9/13] 🎲 Drawing Posterior Samples:  99%|█████████▉| 1502/1516 [02:22<00:02,  4.70step/s]
[Origin 9/13] 🎲 Drawing Posterior Samples:  99%|█████████▉| 1503/1516 [02:22<00:02,  4.90step/s]
[Origin 9/13] 🎲 Drawing Posterior Samples:  99%|█████████▉| 1504/1516 [02:22<00:02,  4.92step/s]
[Origin 9/13] 🎲 Drawing Posterior Samples:  99%|█████████▉| 1505/1516 [02:22<00:02,  5.06step/s]
[Origin 9/13] 🎲 Drawing Posterior Samples:  99%|█████████▉| 1506/1516 [02:22<00:01,  5.26step/s]
[Origin 9/13] 🎲 Drawing Posterior Samples:  99%|█████████▉| 1507/1516 [02:23<00:01,  5.15step/s]
[Origin 9/13] 🎲 Drawing Posterior Samples:  99%|█████████▉| 1508/1516 [02:23<00:01,  5.16step/s]
[Origin 9/13] 🎲 Drawing Posterior Samples: 100%|█████████▉| 1509/1516 [02:23<00:01,  5.47step/s]
[Origin 9/13] 🎲 Drawing Posterior Samples: 100%|█████████▉| 1510/1516 [02:23<00:01,  5.36step/s]
[Origin 9/13] 🎲 Drawing Posterior Samples: 100%|█████████▉| 1511/1516 [02:23<00:00,  5.33step/s]
[Origin 9/13] 🎲 Drawing Posterior Samples: 100%|█████████▉| 1512/1516 [02:24<00:00,  5.24step/s]
[Origin 9/13] 🎲 Drawing Posterior Samples: 100%|█████████▉| 1513/1516 [02:24<00:00,  4.85step/s]
[Origin 9/13] 🎲 Drawing Posterior Samples: 100%|█████████▉| 1514/1516 [02:24<00:00,  4.77step/s]
[Origin 9/13] 🎲 Drawing Posterior Samples: 100%|█████████▉| 1515/1516 [02:24<00:00,  4.57step/s]
[Origin 9/13] 🎲 Drawing Posterior Samples: 100%|██████████| 1516/1516 [02:24<00:00,  5.02step/s]
                                                                                                 

[Origin 10/13] 🎲 Drawing Posterior Samples:   0%|          | 0/1520 [00:00<?, ?step/s]
[Origin 10/13] 🎲 Drawing Posterior Samples:   0%|          | 6/1520 [00:00<00:27, 55.00step/s]
[Origin 10/13] 🎲 Drawing Posterior Samples:   1%|          | 12/1520 [00:00<00:45, 33.49step/s]
[Origin 10/13] 🎲 Drawing Posterior Samples:   1%|          | 16/1520 [00:00<00:42, 35.56step/s]
[Origin 10/13] 🎲 Drawing Posterior Samples:   1%|▏         | 21/1520 [00:00<00:39, 37.96step/s]
[Origin 10/13] 🎲 Drawing Posterior Samples:   2%|▏         | 26/1520 [00:00<00:44, 33.82step/s]
[Origin 10/13] 🎲 Drawing Posterior Samples:   2%|▏         | 30/1520 [00:00<00:45, 32.71step/s]
[Origin 10/13] 🎲 Drawing Posterior Samples:   2%|▏         | 34/1520 [00:00<00:44, 33.22step/s]
[Origin 10/13] 🎲 Drawing Posterior Samples:   2%|▎         | 38/1520 [00:01<00:42, 34.91step/s]
[Origin 10/13] 🎲 Drawing Posterior Samples:   3%|▎         | 42/1520 [00:01<00:43, 34.12step/s]
[Origin 10/13] 🎲 Drawing Posterior Samples:   3%|▎         | 46/1520 [00:01<00:41, 35.12step/s]
[Origin 10/13] 🎲 Drawing Posterior Samples:   3%|▎         | 50/1520 [00:01<00:40, 36.34step/s]
[Origin 10/13] 🎲 Drawing Posterior Samples:   4%|▎         | 54/1520 [00:01<00:39, 37.01step/s]
[Origin 10/13] 🎲 Drawing Posterior Samples:   4%|▍         | 60/1520 [00:01<00:35, 40.92step/s]
[Origin 10/13] 🎲 Drawing Posterior Samples:   4%|▍         | 65/1520 [00:01<00:41, 34.70step/s]
[Origin 10/13] 🎲 Drawing Posterior Samples:   5%|▍         | 69/1520 [00:01<00:40, 35.71step/s]
[Origin 10/13] 🎲 Drawing Posterior Samples:   5%|▍         | 75/1520 [00:02<00:35, 40.35step/s]
[Origin 10/13] 🎲 Drawing Posterior Samples:   5%|▌         | 80/1520 [00:02<00:36, 39.46step/s]
[Origin 10/13] 🎲 Drawing Posterior Samples:   6%|▌         | 85/1520 [00:02<00:39, 36.24step/s]
[Origin 10/13] 🎲 Drawing Posterior Samples:   6%|▌         | 90/1520 [00:02<00:38, 37.25step/s]
[Origin 10/13] 🎲 Drawing Posterior Samples:   6%|▋         | 96/1520 [00:02<00:36, 38.83step/s]
[Origin 10/13] 🎲 Drawing Posterior Samples:   7%|▋         | 100/1520 [00:02<00:36, 38.48step/s]
[Origin 10/13] 🎲 Drawing Posterior Samples:   7%|▋         | 104/1520 [00:02<00:38, 36.87step/s]
[Origin 10/13] 🎲 Drawing Posterior Samples:   7%|▋         | 109/1520 [00:02<00:36, 38.39step/s]
[Origin 10/13] 🎲 Drawing Posterior Samples:   7%|▋         | 113/1520 [00:03<00:38, 36.86step/s]
[Origin 10/13] 🎲 Drawing Posterior Samples:   8%|▊         | 117/1520 [00:03<00:38, 36.21step/s]
[Origin 10/13] 🎲 Drawing Posterior Samples:   8%|▊         | 123/1520 [00:03<00:34, 40.94step/s]
[Origin 10/13] 🎲 Drawing Posterior Samples:   8%|▊         | 128/1520 [00:03<00:37, 37.43step/s]
[Origin 10/13] 🎲 Drawing Posterior Samples:   9%|▉         | 134/1520 [00:03<00:33, 41.26step/s]
[Origin 10/13] 🎲 Drawing Posterior Samples:   9%|▉         | 139/1520 [00:03<00:33, 41.46step/s]
[Origin 10/13] 🎲 Drawing Posterior Samples:   9%|▉         | 144/1520 [00:03<00:34, 39.37step/s]
[Origin 10/13] 🎲 Drawing Posterior Samples:  10%|▉         | 148/1520 [00:03<00:36, 37.63step/s]
[Origin 10/13] 🎲 Drawing Posterior Samples:  10%|█         | 152/1520 [00:04<00:36, 37.41step/s]
[Origin 10/13] 🎲 Drawing Posterior Samples:  10%|█         | 156/1520 [00:04<00:36, 36.87step/s]
[Origin 10/13] 🎲 Drawing Posterior Samples:  11%|█         | 161/1520 [00:04<00:35, 38.71step/s]
[Origin 10/13] 🎲 Drawing Posterior Samples:  11%|█         | 165/1520 [00:04<00:36, 36.83step/s]
[Origin 10/13] 🎲 Drawing Posterior Samples:  11%|█         | 170/1520 [00:04<00:35, 38.43step/s]
[Origin 10/13] 🎲 Drawing Posterior Samples:  11%|█▏        | 174/1520 [00:04<00:38, 35.40step/s]
[Origin 10/13] 🎲 Drawing Posterior Samples:  12%|█▏        | 179/1520 [00:04<00:36, 36.54step/s]
[Origin 10/13] 🎲 Drawing Posterior Samples:  12%|█▏        | 184/1520 [00:04<00:34, 38.32step/s]
[Origin 10/13] 🎲 Drawing Posterior Samples:  12%|█▏        | 188/1520 [00:05<00:34, 38.21step/s]
[Origin 10/13] 🎲 Drawing Posterior Samples:  13%|█▎        | 192/1520 [00:05<00:37, 35.30step/s]
[Origin 10/13] 🎲 Drawing Posterior Samples:  13%|█▎        | 196/1520 [00:05<00:37, 35.30step/s]
[Origin 10/13] 🎲 Drawing Posterior Samples:  13%|█▎        | 202/1520 [00:05<00:33, 39.71step/s]
[Origin 10/13] 🎲 Drawing Posterior Samples:  14%|█▎        | 206/1520 [00:05<00:34, 37.99step/s]
[Origin 10/13] 🎲 Drawing Posterior Samples:  14%|█▍        | 210/1520 [00:05<00:34, 38.44step/s]
[Origin 10/13] 🎲 Drawing Posterior Samples:  14%|█▍        | 214/1520 [00:05<00:33, 38.78step/s]
[Origin 10/13] 🎲 Drawing Posterior Samples:  14%|█▍        | 218/1520 [00:05<00:36, 35.36step/s]
[Origin 10/13] 🎲 Drawing Posterior Samples:  15%|█▍        | 222/1520 [00:05<00:35, 36.16step/s]
[Origin 10/13] 🎲 Drawing Posterior Samples:  15%|█▍        | 226/1520 [00:06<00:37, 34.15step/s]
[Origin 10/13] 🎲 Drawing Posterior Samples:  15%|█▌        | 232/1520 [00:06<00:34, 37.27step/s]
[Origin 10/13] 🎲 Drawing Posterior Samples:  16%|█▌        | 236/1520 [00:06<00:35, 36.56step/s]
[Origin 10/13] 🎲 Drawing Posterior Samples:  16%|█▌        | 240/1520 [00:06<00:36, 34.63step/s]
[Origin 10/13] 🎲 Drawing Posterior Samples:  16%|█▌        | 244/1520 [00:06<00:41, 30.59step/s]
[Origin 10/13] 🎲 Drawing Posterior Samples:  16%|█▋        | 248/1520 [00:06<00:40, 31.69step/s]
[Origin 10/13] 🎲 Drawing Posterior Samples:  17%|█▋        | 252/1520 [00:06<00:38, 33.26step/s]
[Origin 10/13] 🎲 Drawing Posterior Samples:  17%|█▋        | 257/1520 [00:07<00:36, 34.69step/s]
[Origin 10/13] 🎲 Drawing Posterior Samples:  17%|█▋        | 261/1520 [00:07<00:35, 35.15step/s]
[Origin 10/13] 🎲 Drawing Posterior Samples:  17%|█▋        | 265/1520 [00:07<00:34, 36.20step/s]
[Origin 10/13] 🎲 Drawing Posterior Samples:  18%|█▊        | 270/1520 [00:07<00:33, 36.85step/s]
[Origin 10/13] 🎲 Drawing Posterior Samples:  18%|█▊        | 274/1520 [00:07<00:39, 31.60step/s]
[Origin 10/13] 🎲 Drawing Posterior Samples:  18%|█▊        | 279/1520 [00:07<00:36, 34.43step/s]
[Origin 10/13] 🎲 Drawing Posterior Samples:  19%|█▊        | 283/1520 [00:07<00:34, 35.64step/s]
[Origin 10/13] 🎲 Drawing Posterior Samples:  19%|█▉        | 288/1520 [00:07<00:32, 37.37step/s]
[Origin 10/13] 🎲 Drawing Posterior Samples:  19%|█▉        | 292/1520 [00:07<00:34, 35.73step/s]
[Origin 10/13] 🎲 Drawing Posterior Samples:  20%|█▉        | 297/1520 [00:08<00:33, 36.94step/s]
[Origin 10/13] 🎲 Drawing Posterior Samples:  20%|█▉        | 301/1520 [00:08<00:34, 35.73step/s]
[Origin 10/13] 🎲 Drawing Posterior Samples:  20%|██        | 305/1520 [00:08<00:38, 31.64step/s]
[Origin 10/13] 🎲 Drawing Posterior Samples:  20%|██        | 310/1520 [00:08<00:35, 34.04step/s]
[Origin 10/13] 🎲 Drawing Posterior Samples:  21%|██        | 314/1520 [00:08<00:34, 35.29step/s]
[Origin 10/13] 🎲 Drawing Posterior Samples:  21%|██        | 318/1520 [00:08<00:35, 33.64step/s]
[Origin 10/13] 🎲 Drawing Posterior Samples:  21%|██▏       | 323/1520 [00:08<00:32, 37.17step/s]
[Origin 10/13] 🎲 Drawing Posterior Samples:  22%|██▏       | 327/1520 [00:08<00:32, 36.15step/s]
[Origin 10/13] 🎲 Drawing Posterior Samples:  22%|██▏       | 331/1520 [00:09<00:34, 34.78step/s]
[Origin 10/13] 🎲 Drawing Posterior Samples:  22%|██▏       | 335/1520 [00:09<00:35, 33.06step/s]
[Origin 10/13] 🎲 Drawing Posterior Samples:  22%|██▏       | 339/1520 [00:09<00:36, 32.06step/s]
[Origin 10/13] 🎲 Drawing Posterior Samples:  23%|██▎       | 343/1520 [00:09<00:37, 31.47step/s]
[Origin 10/13] 🎲 Drawing Posterior Samples:  23%|██▎       | 347/1520 [00:10<01:23, 13.97step/s]
[Origin 10/13] 🎲 Drawing Posterior Samples:  23%|██▎       | 350/1520 [00:10<02:20,  8.32step/s]
[Origin 10/13] 🎲 Drawing Posterior Samples:  23%|██▎       | 352/1520 [00:11<02:36,  7.44step/s]
[Origin 10/13] 🎲 Drawing Posterior Samples:  23%|██▎       | 354/1520 [00:11<03:01,  6.41step/s]
[Origin 10/13] 🎲 Drawing Posterior Samples:  23%|██▎       | 356/1520 [00:12<03:21,  5.79step/s]
[Origin 10/13] 🎲 Drawing Posterior Samples:  23%|██▎       | 357/1520 [00:12<03:16,  5.93step/s]
[Origin 10/13] 🎲 Drawing Posterior Samples:  24%|██▎       | 358/1520 [00:12<03:19,  5.84step/s]
[Origin 10/13] 🎲 Drawing Posterior Samples:  24%|██▎       | 359/1520 [00:12<03:35,  5.39step/s]
[Origin 10/13] 🎲 Drawing Posterior Samples:  24%|██▎       | 360/1520 [00:13<03:54,  4.95step/s]
[Origin 10/13] 🎲 Drawing Posterior Samples:  24%|██▍       | 361/1520 [00:13<03:43,  5.19step/s]
[Origin 10/13] 🎲 Drawing Posterior Samples:  24%|██▍       | 362/1520 [00:13<03:51,  5.00step/s]
[Origin 10/13] 🎲 Drawing Posterior Samples:  24%|██▍       | 363/1520 [00:13<04:11,  4.60step/s]
[Origin 10/13] 🎲 Drawing Posterior Samples:  24%|██▍       | 364/1520 [00:14<04:23,  4.39step/s]
[Origin 10/13] 🎲 Drawing Posterior Samples:  24%|██▍       | 365/1520 [00:14<04:45,  4.05step/s]
[Origin 10/13] 🎲 Drawing Posterior Samples:  24%|██▍       | 366/1520 [00:14<04:32,  4.24step/s]
[Origin 10/13] 🎲 Drawing Posterior Samples:  24%|██▍       | 367/1520 [00:14<05:24,  3.55step/s]
[Origin 10/13] 🎲 Drawing Posterior Samples:  24%|██▍       | 368/1520 [00:15<05:28,  3.51step/s]
[Origin 10/13] 🎲 Drawing Posterior Samples:  24%|██▍       | 369/1520 [00:15<04:44,  4.05step/s]
[Origin 10/13] 🎲 Drawing Posterior Samples:  24%|██▍       | 370/1520 [00:15<04:20,  4.42step/s]
[Origin 10/13] 🎲 Drawing Posterior Samples:  24%|██▍       | 371/1520 [00:15<03:58,  4.82step/s]
[Origin 10/13] 🎲 Drawing Posterior Samples:  24%|██▍       | 372/1520 [00:15<03:43,  5.13step/s]
[Origin 10/13] 🎲 Drawing Posterior Samples:  25%|██▍       | 373/1520 [00:16<03:27,  5.54step/s]
[Origin 10/13] 🎲 Drawing Posterior Samples:  25%|██▍       | 374/1520 [00:16<03:19,  5.75step/s]
[Origin 10/13] 🎲 Drawing Posterior Samples:  25%|██▍       | 375/1520 [00:16<03:25,  5.56step/s]
[Origin 10/13] 🎲 Drawing Posterior Samples:  25%|██▍       | 376/1520 [00:16<03:32,  5.38step/s]
[Origin 10/13] 🎲 Drawing Posterior Samples:  25%|██▍       | 377/1520 [00:16<03:25,  5.57step/s]
[Origin 10/13] 🎲 Drawing Posterior Samples:  25%|██▍       | 378/1520 [00:16<03:30,  5.43step/s]
[Origin 10/13] 🎲 Drawing Posterior Samples:  25%|██▍       | 379/1520 [00:17<03:34,  5.31step/s]
[Origin 10/13] 🎲 Drawing Posterior Samples:  25%|██▌       | 380/1520 [00:17<03:35,  5.28step/s]
[Origin 10/13] 🎲 Drawing Posterior Samples:  25%|██▌       | 381/1520 [00:43<2:29:05,  7.85s/step]
[Origin 10/13] 🎲 Drawing Posterior Samples:  25%|██▌       | 385/1520 [00:43<55:05,  2.91s/step]  
[Origin 10/13] 🎲 Drawing Posterior Samples:  26%|██▌       | 390/1520 [00:43<26:00,  1.38s/step]
[Origin 10/13] 🎲 Drawing Posterior Samples:  26%|██▌       | 395/1520 [00:43<14:57,  1.25step/s]
[Origin 10/13] 🎲 Drawing Posterior Samples:  26%|██▋       | 399/1520 [00:43<10:09,  1.84step/s]
[Origin 10/13] 🎲 Drawing Posterior Samples:  27%|██▋       | 403/1520 [00:43<07:03,  2.64step/s]
[Origin 10/13] 🎲 Drawing Posterior Samples:  27%|██▋       | 407/1520 [00:43<04:58,  3.73step/s]
[Origin 10/13] 🎲 Drawing Posterior Samples:  27%|██▋       | 411/1520 [00:43<03:35,  5.14step/s]
[Origin 10/13] 🎲 Drawing Posterior Samples:  27%|██▋       | 416/1520 [00:44<02:27,  7.49step/s]
[Origin 10/13] 🎲 Drawing Posterior Samples:  28%|██▊       | 420/1520 [00:44<01:53,  9.67step/s]
[Origin 10/13] 🎲 Drawing Posterior Samples:  28%|██▊       | 424/1520 [00:44<01:30, 12.06step/s]
[Origin 10/13] 🎲 Drawing Posterior Samples:  28%|██▊       | 428/1520 [00:44<01:12, 15.13step/s]
[Origin 10/13] 🎲 Drawing Posterior Samples:  28%|██▊       | 432/1520 [00:44<00:58, 18.53step/s]
[Origin 10/13] 🎲 Drawing Posterior Samples:  29%|██▊       | 436/1520 [00:44<00:49, 22.00step/s]
[Origin 10/13] 🎲 Drawing Posterior Samples:  29%|██▉       | 440/1520 [00:44<00:44, 24.53step/s]
[Origin 10/13] 🎲 Drawing Posterior Samples:  29%|██▉       | 444/1520 [00:44<00:39, 27.31step/s]
[Origin 10/13] 🎲 Drawing Posterior Samples:  29%|██▉       | 448/1520 [00:44<00:36, 29.50step/s]
[Origin 10/13] 🎲 Drawing Posterior Samples:  30%|██▉       | 452/1520 [00:45<00:33, 31.84step/s]
[Origin 10/13] 🎲 Drawing Posterior Samples:  30%|███       | 456/1520 [00:45<00:35, 30.13step/s]
[Origin 10/13] 🎲 Drawing Posterior Samples:  30%|███       | 461/1520 [00:45<00:31, 33.61step/s]
[Origin 10/13] 🎲 Drawing Posterior Samples:  31%|███       | 466/1520 [00:45<00:29, 35.64step/s]
[Origin 10/13] 🎲 Drawing Posterior Samples:  31%|███       | 470/1520 [00:45<00:29, 35.09step/s]
[Origin 10/13] 🎲 Drawing Posterior Samples:  31%|███▏      | 475/1520 [00:45<00:28, 36.81step/s]
[Origin 10/13] 🎲 Drawing Posterior Samples:  32%|███▏      | 480/1520 [00:45<00:27, 37.52step/s]
[Origin 10/13] 🎲 Drawing Posterior Samples:  32%|███▏      | 484/1520 [00:45<00:29, 35.46step/s]
[Origin 10/13] 🎲 Drawing Posterior Samples:  32%|███▏      | 488/1520 [00:46<00:29, 35.47step/s]
[Origin 10/13] 🎲 Drawing Posterior Samples:  32%|███▏      | 492/1520 [00:46<00:29, 34.90step/s]
[Origin 10/13] 🎲 Drawing Posterior Samples:  33%|███▎      | 497/1520 [00:46<00:28, 35.42step/s]
[Origin 10/13] 🎲 Drawing Posterior Samples:  33%|███▎      | 501/1520 [00:46<00:28, 35.99step/s]
[Origin 10/13] 🎲 Drawing Posterior Samples:  33%|███▎      | 505/1520 [00:46<00:27, 37.01step/s]
[Origin 10/13] 🎲 Drawing Posterior Samples:  33%|███▎      | 509/1520 [00:46<00:26, 37.76step/s]
[Origin 10/13] 🎲 Drawing Posterior Samples:  34%|███▍      | 513/1520 [00:46<00:28, 34.97step/s]
[Origin 10/13] 🎲 Drawing Posterior Samples:  34%|███▍      | 517/1520 [00:46<00:27, 36.00step/s]
[Origin 10/13] 🎲 Drawing Posterior Samples:  34%|███▍      | 521/1520 [00:46<00:27, 36.86step/s]
[Origin 10/13] 🎲 Drawing Posterior Samples:  35%|███▍      | 525/1520 [00:47<00:27, 35.94step/s]
[Origin 10/13] 🎲 Drawing Posterior Samples:  35%|███▍      | 529/1520 [00:47<00:28, 34.97step/s]
[Origin 10/13] 🎲 Drawing Posterior Samples:  35%|███▌      | 534/1520 [00:47<00:26, 37.33step/s]
[Origin 10/13] 🎲 Drawing Posterior Samples:  35%|███▌      | 538/1520 [00:47<00:25, 37.93step/s]
[Origin 10/13] 🎲 Drawing Posterior Samples:  36%|███▌      | 542/1520 [00:47<00:26, 37.55step/s]
[Origin 10/13] 🎲 Drawing Posterior Samples:  36%|███▌      | 546/1520 [00:47<00:26, 36.86step/s]
[Origin 10/13] 🎲 Drawing Posterior Samples:  36%|███▋      | 551/1520 [00:47<00:25, 38.51step/s]
[Origin 10/13] 🎲 Drawing Posterior Samples:  37%|███▋      | 555/1520 [00:47<00:26, 37.05step/s]
[Origin 10/13] 🎲 Drawing Posterior Samples:  37%|███▋      | 559/1520 [00:47<00:28, 34.31step/s]
[Origin 10/13] 🎲 Drawing Posterior Samples:  37%|███▋      | 564/1520 [00:48<00:26, 36.33step/s]
[Origin 10/13] 🎲 Drawing Posterior Samples:  37%|███▋      | 569/1520 [00:48<00:25, 38.03step/s]
[Origin 10/13] 🎲 Drawing Posterior Samples:  38%|███▊      | 573/1520 [00:48<00:27, 34.39step/s]
[Origin 10/13] 🎲 Drawing Posterior Samples:  38%|███▊      | 577/1520 [00:48<00:27, 34.17step/s]
[Origin 10/13] 🎲 Drawing Posterior Samples:  38%|███▊      | 582/1520 [00:48<00:25, 36.53step/s]
[Origin 10/13] 🎲 Drawing Posterior Samples:  39%|███▊      | 587/1520 [00:48<00:24, 38.28step/s]
[Origin 10/13] 🎲 Drawing Posterior Samples:  39%|███▉      | 591/1520 [00:48<00:24, 38.55step/s]
[Origin 10/13] 🎲 Drawing Posterior Samples:  39%|███▉      | 596/1520 [00:48<00:23, 39.61step/s]
[Origin 10/13] 🎲 Drawing Posterior Samples:  39%|███▉      | 600/1520 [00:49<00:24, 38.21step/s]
[Origin 10/13] 🎲 Drawing Posterior Samples:  40%|███▉      | 604/1520 [00:49<00:25, 36.53step/s]
[Origin 10/13] 🎲 Drawing Posterior Samples:  40%|████      | 609/1520 [00:49<00:23, 38.34step/s]
[Origin 10/13] 🎲 Drawing Posterior Samples:  40%|████      | 614/1520 [00:49<00:22, 39.47step/s]
[Origin 10/13] 🎲 Drawing Posterior Samples:  41%|████      | 618/1520 [00:49<00:23, 37.72step/s]
[Origin 10/13] 🎲 Drawing Posterior Samples:  41%|████      | 622/1520 [00:49<00:24, 36.50step/s]
[Origin 10/13] 🎲 Drawing Posterior Samples:  41%|████▏     | 627/1520 [00:49<00:23, 38.33step/s]
[Origin 10/13] 🎲 Drawing Posterior Samples:  42%|████▏     | 631/1520 [00:49<00:24, 36.52step/s]
[Origin 10/13] 🎲 Drawing Posterior Samples:  42%|████▏     | 636/1520 [00:50<00:24, 36.67step/s]
[Origin 10/13] 🎲 Drawing Posterior Samples:  42%|████▏     | 641/1520 [00:50<00:22, 38.71step/s]
[Origin 10/13] 🎲 Drawing Posterior Samples:  42%|████▏     | 645/1520 [00:50<00:24, 35.45step/s]
[Origin 10/13] 🎲 Drawing Posterior Samples:  43%|████▎     | 649/1520 [00:50<00:25, 34.43step/s]
[Origin 10/13] 🎲 Drawing Posterior Samples:  43%|████▎     | 654/1520 [00:50<00:23, 36.74step/s]
[Origin 10/13] 🎲 Drawing Posterior Samples:  43%|████▎     | 658/1520 [00:50<00:22, 37.57step/s]
[Origin 10/13] 🎲 Drawing Posterior Samples:  44%|████▎     | 662/1520 [00:50<00:23, 36.90step/s]
[Origin 10/13] 🎲 Drawing Posterior Samples:  44%|████▍     | 666/1520 [00:50<00:24, 34.78step/s]
[Origin 10/13] 🎲 Drawing Posterior Samples:  44%|████▍     | 670/1520 [00:50<00:24, 35.19step/s]
[Origin 10/13] 🎲 Drawing Posterior Samples:  44%|████▍     | 675/1520 [00:51<00:22, 37.31step/s]
[Origin 10/13] 🎲 Drawing Posterior Samples:  45%|████▍     | 679/1520 [00:51<00:23, 35.88step/s]
[Origin 10/13] 🎲 Drawing Posterior Samples:  45%|████▌     | 684/1520 [00:51<00:22, 37.74step/s]
[Origin 10/13] 🎲 Drawing Posterior Samples:  45%|████▌     | 688/1520 [00:51<00:22, 36.35step/s]
[Origin 10/13] 🎲 Drawing Posterior Samples:  46%|████▌     | 692/1520 [00:51<00:24, 34.06step/s]
[Origin 10/13] 🎲 Drawing Posterior Samples:  46%|████▌     | 697/1520 [00:51<00:23, 35.38step/s]
[Origin 10/13] 🎲 Drawing Posterior Samples:  46%|████▌     | 701/1520 [00:51<00:23, 34.97step/s]
[Origin 10/13] 🎲 Drawing Posterior Samples:  46%|████▋     | 705/1520 [00:51<00:22, 36.24step/s]
[Origin 10/13] 🎲 Drawing Posterior Samples:  47%|████▋     | 709/1520 [00:52<00:22, 35.90step/s]
[Origin 10/13] 🎲 Drawing Posterior Samples:  47%|████▋     | 714/1520 [00:52<00:20, 39.58step/s]
[Origin 10/13] 🎲 Drawing Posterior Samples:  47%|████▋     | 720/1520 [00:52<00:18, 43.14step/s]
[Origin 10/13] 🎲 Drawing Posterior Samples:  48%|████▊     | 725/1520 [00:52<00:27, 28.47step/s]
[Origin 10/13] 🎲 Drawing Posterior Samples:  48%|████▊     | 729/1520 [00:53<00:56, 14.08step/s]
[Origin 10/13] 🎲 Drawing Posterior Samples:  48%|████▊     | 732/1520 [00:53<01:07, 11.59step/s]
[Origin 10/13] 🎲 Drawing Posterior Samples:  48%|████▊     | 735/1520 [00:54<01:29,  8.81step/s]
[Origin 10/13] 🎲 Drawing Posterior Samples:  48%|████▊     | 737/1520 [00:54<01:40,  7.78step/s]
[Origin 10/13] 🎲 Drawing Posterior Samples:  49%|████▊     | 739/1520 [00:55<01:57,  6.63step/s]
[Origin 10/13] 🎲 Drawing Posterior Samples:  49%|████▉     | 741/1520 [00:55<02:08,  6.06step/s]
[Origin 10/13] 🎲 Drawing Posterior Samples:  49%|████▉     | 742/1520 [00:55<02:08,  6.06step/s]
[Origin 10/13] 🎲 Drawing Posterior Samples:  49%|████▉     | 743/1520 [00:55<02:06,  6.12step/s]
[Origin 10/13] 🎲 Drawing Posterior Samples:  49%|████▉     | 744/1520 [00:56<02:09,  5.99step/s]
[Origin 10/13] 🎲 Drawing Posterior Samples:  49%|████▉     | 745/1520 [00:56<02:13,  5.79step/s]
[Origin 10/13] 🎲 Drawing Posterior Samples:  49%|████▉     | 746/1520 [00:56<02:14,  5.77step/s]
[Origin 10/13] 🎲 Drawing Posterior Samples:  49%|████▉     | 747/1520 [00:56<02:15,  5.71step/s]
[Origin 10/13] 🎲 Drawing Posterior Samples:  49%|████▉     | 748/1520 [00:56<02:31,  5.09step/s]
[Origin 10/13] 🎲 Drawing Posterior Samples:  49%|████▉     | 749/1520 [00:57<02:46,  4.62step/s]
[Origin 10/13] 🎲 Drawing Posterior Samples:  49%|████▉     | 750/1520 [00:57<03:25,  3.75step/s]
[Origin 10/13] 🎲 Drawing Posterior Samples:  49%|████▉     | 751/1520 [00:57<03:41,  3.48step/s]
[Origin 10/13] 🎲 Drawing Posterior Samples:  49%|████▉     | 752/1520 [00:58<03:35,  3.57step/s]
[Origin 10/13] 🎲 Drawing Posterior Samples:  50%|████▉     | 753/1520 [00:58<03:06,  4.10step/s]
[Origin 10/13] 🎲 Drawing Posterior Samples:  50%|████▉     | 754/1520 [00:58<02:44,  4.65step/s]
[Origin 10/13] 🎲 Drawing Posterior Samples:  50%|████▉     | 755/1520 [00:58<03:31,  3.62step/s]
[Origin 10/13] 🎲 Drawing Posterior Samples:  50%|████▉     | 756/1520 [00:59<03:43,  3.42step/s]
[Origin 10/13] 🎲 Drawing Posterior Samples:  50%|████▉     | 757/1520 [00:59<03:08,  4.04step/s]
[Origin 10/13] 🎲 Drawing Posterior Samples:  50%|████▉     | 758/1520 [00:59<02:54,  4.37step/s]
[Origin 10/13] 🎲 Drawing Posterior Samples:  50%|████▉     | 759/1520 [00:59<02:39,  4.77step/s]
[Origin 10/13] 🎲 Drawing Posterior Samples:  50%|█████     | 760/1520 [00:59<02:29,  5.07step/s]
[Origin 10/13] 🎲 Drawing Posterior Samples:  50%|█████     | 761/1520 [01:23<1:30:00,  7.12s/step]
[Origin 10/13] 🎲 Drawing Posterior Samples:  50%|█████     | 765/1520 [01:23<33:15,  2.64s/step]  
[Origin 10/13] 🎲 Drawing Posterior Samples:  51%|█████     | 770/1520 [01:23<15:41,  1.26s/step]
[Origin 10/13] 🎲 Drawing Posterior Samples:  51%|█████     | 773/1520 [01:23<10:55,  1.14step/s]
[Origin 10/13] 🎲 Drawing Posterior Samples:  51%|█████     | 778/1520 [01:23<06:21,  1.95step/s]
[Origin 10/13] 🎲 Drawing Posterior Samples:  51%|█████▏    | 782/1520 [01:23<04:21,  2.82step/s]
[Origin 10/13] 🎲 Drawing Posterior Samples:  52%|█████▏    | 786/1520 [01:23<03:04,  3.97step/s]
[Origin 10/13] 🎲 Drawing Posterior Samples:  52%|█████▏    | 792/1520 [01:24<01:54,  6.36step/s]
[Origin 10/13] 🎲 Drawing Posterior Samples:  52%|█████▏    | 797/1520 [01:24<01:22,  8.80step/s]
[Origin 10/13] 🎲 Drawing Posterior Samples:  53%|█████▎    | 801/1520 [01:24<01:05, 10.97step/s]
[Origin 10/13] 🎲 Drawing Posterior Samples:  53%|█████▎    | 805/1520 [01:24<00:52, 13.74step/s]
[Origin 10/13] 🎲 Drawing Posterior Samples:  53%|█████▎    | 809/1520 [01:24<00:42, 16.54step/s]
[Origin 10/13] 🎲 Drawing Posterior Samples:  54%|█████▎    | 815/1520 [01:24<00:32, 21.85step/s]
[Origin 10/13] 🎲 Drawing Posterior Samples:  54%|█████▍    | 819/1520 [01:24<00:29, 23.82step/s]
[Origin 10/13] 🎲 Drawing Posterior Samples:  54%|█████▍    | 824/1520 [01:24<00:25, 27.30step/s]
[Origin 10/13] 🎲 Drawing Posterior Samples:  55%|█████▍    | 830/1520 [01:25<00:21, 31.73step/s]
[Origin 10/13] 🎲 Drawing Posterior Samples:  55%|█████▍    | 834/1520 [01:25<00:21, 32.22step/s]
[Origin 10/13] 🎲 Drawing Posterior Samples:  55%|█████▌    | 838/1520 [01:25<00:20, 33.95step/s]
[Origin 10/13] 🎲 Drawing Posterior Samples:  55%|█████▌    | 843/1520 [01:25<00:18, 36.25step/s]
[Origin 10/13] 🎲 Drawing Posterior Samples:  56%|█████▌    | 847/1520 [01:25<00:18, 37.05step/s]
[Origin 10/13] 🎲 Drawing Posterior Samples:  56%|█████▌    | 851/1520 [01:25<00:20, 32.42step/s]
[Origin 10/13] 🎲 Drawing Posterior Samples:  56%|█████▋    | 855/1520 [01:25<00:19, 34.05step/s]
[Origin 10/13] 🎲 Drawing Posterior Samples:  57%|█████▋    | 860/1520 [01:25<00:18, 36.35step/s]
[Origin 10/13] 🎲 Drawing Posterior Samples:  57%|█████▋    | 864/1520 [01:25<00:18, 35.47step/s]
[Origin 10/13] 🎲 Drawing Posterior Samples:  57%|█████▋    | 868/1520 [01:26<00:18, 35.57step/s]
[Origin 10/13] 🎲 Drawing Posterior Samples:  57%|█████▋    | 873/1520 [01:26<00:16, 38.22step/s]
[Origin 10/13] 🎲 Drawing Posterior Samples:  58%|█████▊    | 877/1520 [01:26<00:17, 36.77step/s]
[Origin 10/13] 🎲 Drawing Posterior Samples:  58%|█████▊    | 881/1520 [01:26<00:17, 36.10step/s]
[Origin 10/13] 🎲 Drawing Posterior Samples:  58%|█████▊    | 885/1520 [01:26<00:17, 35.87step/s]
[Origin 10/13] 🎲 Drawing Posterior Samples:  59%|█████▊    | 890/1520 [01:26<00:16, 37.59step/s]
[Origin 10/13] 🎲 Drawing Posterior Samples:  59%|█████▉    | 894/1520 [01:26<00:19, 31.92step/s]
[Origin 10/13] 🎲 Drawing Posterior Samples:  59%|█████▉    | 899/1520 [01:26<00:17, 34.81step/s]
[Origin 10/13] 🎲 Drawing Posterior Samples:  59%|█████▉    | 903/1520 [01:27<00:17, 36.09step/s]
[Origin 10/13] 🎲 Drawing Posterior Samples:  60%|█████▉    | 907/1520 [01:27<00:17, 35.39step/s]
[Origin 10/13] 🎲 Drawing Posterior Samples:  60%|█████▉    | 911/1520 [01:27<00:16, 36.47step/s]
[Origin 10/13] 🎲 Drawing Posterior Samples:  60%|██████    | 915/1520 [01:27<00:18, 32.94step/s]
[Origin 10/13] 🎲 Drawing Posterior Samples:  60%|██████    | 919/1520 [01:27<00:18, 32.92step/s]
[Origin 10/13] 🎲 Drawing Posterior Samples:  61%|██████    | 923/1520 [01:27<00:17, 34.32step/s]
[Origin 10/13] 🎲 Drawing Posterior Samples:  61%|██████    | 928/1520 [01:27<00:16, 36.32step/s]
[Origin 10/13] 🎲 Drawing Posterior Samples:  61%|██████▏   | 933/1520 [01:27<00:16, 36.14step/s]
[Origin 10/13] 🎲 Drawing Posterior Samples:  62%|██████▏   | 937/1520 [01:28<00:17, 33.76step/s]
[Origin 10/13] 🎲 Drawing Posterior Samples:  62%|██████▏   | 941/1520 [01:28<00:17, 32.19step/s]
[Origin 10/13] 🎲 Drawing Posterior Samples:  62%|██████▏   | 946/1520 [01:28<00:16, 34.89step/s]
[Origin 10/13] 🎲 Drawing Posterior Samples:  62%|██████▎   | 950/1520 [01:28<00:16, 34.15step/s]
[Origin 10/13] 🎲 Drawing Posterior Samples:  63%|██████▎   | 954/1520 [01:28<00:17, 33.10step/s]
[Origin 10/13] 🎲 Drawing Posterior Samples:  63%|██████▎   | 958/1520 [01:28<00:16, 33.10step/s]
[Origin 10/13] 🎲 Drawing Posterior Samples:  63%|██████▎   | 962/1520 [01:28<00:17, 32.45step/s]
[Origin 10/13] 🎲 Drawing Posterior Samples:  64%|██████▎   | 967/1520 [01:28<00:15, 35.05step/s]
[Origin 10/13] 🎲 Drawing Posterior Samples:  64%|██████▍   | 972/1520 [01:29<00:14, 37.09step/s]
[Origin 10/13] 🎲 Drawing Posterior Samples:  64%|██████▍   | 976/1520 [01:29<00:15, 34.15step/s]
[Origin 10/13] 🎲 Drawing Posterior Samples:  64%|██████▍   | 980/1520 [01:29<00:16, 32.55step/s]
[Origin 10/13] 🎲 Drawing Posterior Samples:  65%|██████▍   | 985/1520 [01:29<00:15, 35.03step/s]
[Origin 10/13] 🎲 Drawing Posterior Samples:  65%|██████▌   | 989/1520 [01:29<00:15, 35.24step/s]
[Origin 10/13] 🎲 Drawing Posterior Samples:  65%|██████▌   | 993/1520 [01:29<00:14, 36.16step/s]
[Origin 10/13] 🎲 Drawing Posterior Samples:  66%|██████▌   | 998/1520 [01:29<00:14, 36.81step/s]
[Origin 10/13] 🎲 Drawing Posterior Samples:  66%|██████▌   | 1002/1520 [01:29<00:14, 35.73step/s]
[Origin 10/13] 🎲 Drawing Posterior Samples:  66%|██████▌   | 1006/1520 [01:30<00:14, 34.40step/s]
[Origin 10/13] 🎲 Drawing Posterior Samples:  66%|██████▋   | 1010/1520 [01:30<00:15, 33.95step/s]
[Origin 10/13] 🎲 Drawing Posterior Samples:  67%|██████▋   | 1015/1520 [01:30<00:14, 35.01step/s]
[Origin 10/13] 🎲 Drawing Posterior Samples:  67%|██████▋   | 1019/1520 [01:30<00:15, 32.13step/s]
[Origin 10/13] 🎲 Drawing Posterior Samples:  67%|██████▋   | 1024/1520 [01:30<00:14, 34.50step/s]
[Origin 10/13] 🎲 Drawing Posterior Samples:  68%|██████▊   | 1029/1520 [01:30<00:13, 37.64step/s]
[Origin 10/13] 🎲 Drawing Posterior Samples:  68%|██████▊   | 1033/1520 [01:30<00:12, 38.16step/s]
[Origin 10/13] 🎲 Drawing Posterior Samples:  68%|██████▊   | 1037/1520 [01:30<00:12, 37.89step/s]
[Origin 10/13] 🎲 Drawing Posterior Samples:  68%|██████▊   | 1041/1520 [01:31<00:14, 33.57step/s]
[Origin 10/13] 🎲 Drawing Posterior Samples:  69%|██████▉   | 1045/1520 [01:31<00:15, 31.36step/s]
[Origin 10/13] 🎲 Drawing Posterior Samples:  69%|██████▉   | 1049/1520 [01:31<00:14, 31.94step/s]
[Origin 10/13] 🎲 Drawing Posterior Samples:  69%|██████▉   | 1054/1520 [01:31<00:13, 34.86step/s]
[Origin 10/13] 🎲 Drawing Posterior Samples:  70%|██████▉   | 1058/1520 [01:31<00:12, 36.01step/s]
[Origin 10/13] 🎲 Drawing Posterior Samples:  70%|██████▉   | 1062/1520 [01:31<00:14, 30.99step/s]
[Origin 10/13] 🎲 Drawing Posterior Samples:  70%|███████   | 1067/1520 [01:31<00:12, 35.11step/s]
[Origin 10/13] 🎲 Drawing Posterior Samples:  71%|███████   | 1073/1520 [01:31<00:11, 38.19step/s]
[Origin 10/13] 🎲 Drawing Posterior Samples:  71%|███████   | 1077/1520 [01:32<00:12, 34.91step/s]
[Origin 10/13] 🎲 Drawing Posterior Samples:  71%|███████   | 1081/1520 [01:32<00:13, 32.18step/s]
[Origin 10/13] 🎲 Drawing Posterior Samples:  71%|███████▏  | 1085/1520 [01:32<00:12, 33.91step/s]
[Origin 10/13] 🎲 Drawing Posterior Samples:  72%|███████▏  | 1089/1520 [01:32<00:12, 34.04step/s]
[Origin 10/13] 🎲 Drawing Posterior Samples:  72%|███████▏  | 1093/1520 [01:32<00:12, 35.44step/s]
[Origin 10/13] 🎲 Drawing Posterior Samples:  72%|███████▏  | 1098/1520 [01:32<00:11, 37.48step/s]
[Origin 10/13] 🎲 Drawing Posterior Samples:  72%|███████▎  | 1102/1520 [01:32<00:10, 38.11step/s]
[Origin 10/13] 🎲 Drawing Posterior Samples:  73%|███████▎  | 1106/1520 [01:33<00:22, 18.18step/s]
[Origin 10/13] 🎲 Drawing Posterior Samples:  73%|███████▎  | 1109/1520 [01:33<00:37, 10.92step/s]
[Origin 10/13] 🎲 Drawing Posterior Samples:  73%|███████▎  | 1112/1520 [01:34<00:49,  8.29step/s]
[Origin 10/13] 🎲 Drawing Posterior Samples:  73%|███████▎  | 1114/1520 [01:35<01:01,  6.58step/s]
[Origin 10/13] 🎲 Drawing Posterior Samples:  73%|███████▎  | 1116/1520 [01:35<01:13,  5.47step/s]
[Origin 10/13] 🎲 Drawing Posterior Samples:  74%|███████▎  | 1118/1520 [01:36<01:19,  5.09step/s]
[Origin 10/13] 🎲 Drawing Posterior Samples:  74%|███████▎  | 1119/1520 [01:36<01:17,  5.14step/s]
[Origin 10/13] 🎲 Drawing Posterior Samples:  74%|███████▎  | 1120/1520 [01:36<01:16,  5.21step/s]
[Origin 10/13] 🎲 Drawing Posterior Samples:  74%|███████▍  | 1121/1520 [01:36<01:18,  5.05step/s]
[Origin 10/13] 🎲 Drawing Posterior Samples:  74%|███████▍  | 1122/1520 [01:36<01:20,  4.97step/s]
[Origin 10/13] 🎲 Drawing Posterior Samples:  74%|███████▍  | 1123/1520 [01:37<01:21,  4.86step/s]
[Origin 10/13] 🎲 Drawing Posterior Samples:  74%|███████▍  | 1124/1520 [01:37<01:18,  5.02step/s]
[Origin 10/13] 🎲 Drawing Posterior Samples:  74%|███████▍  | 1125/1520 [01:37<01:17,  5.08step/s]
[Origin 10/13] 🎲 Drawing Posterior Samples:  74%|███████▍  | 1126/1520 [01:37<01:15,  5.21step/s]
[Origin 10/13] 🎲 Drawing Posterior Samples:  74%|███████▍  | 1127/1520 [01:37<01:10,  5.54step/s]
[Origin 10/13] 🎲 Drawing Posterior Samples:  74%|███████▍  | 1128/1520 [01:38<01:11,  5.45step/s]
[Origin 10/13] 🎲 Drawing Posterior Samples:  74%|███████▍  | 1129/1520 [01:38<01:10,  5.53step/s]
[Origin 10/13] 🎲 Drawing Posterior Samples:  74%|███████▍  | 1130/1520 [01:38<01:12,  5.41step/s]
[Origin 10/13] 🎲 Drawing Posterior Samples:  74%|███████▍  | 1131/1520 [01:38<01:14,  5.22step/s]
[Origin 10/13] 🎲 Drawing Posterior Samples:  74%|███████▍  | 1132/1520 [01:38<01:13,  5.28step/s]
[Origin 10/13] 🎲 Drawing Posterior Samples:  75%|███████▍  | 1133/1520 [01:39<01:10,  5.52step/s]
[Origin 10/13] 🎲 Drawing Posterior Samples:  75%|███████▍  | 1134/1520 [01:39<01:08,  5.61step/s]
[Origin 10/13] 🎲 Drawing Posterior Samples:  75%|███████▍  | 1135/1520 [01:39<01:18,  4.92step/s]
[Origin 10/13] 🎲 Drawing Posterior Samples:  75%|███████▍  | 1136/1520 [01:39<01:27,  4.39step/s]
[Origin 10/13] 🎲 Drawing Posterior Samples:  75%|███████▍  | 1137/1520 [01:39<01:22,  4.65step/s]
[Origin 10/13] 🎲 Drawing Posterior Samples:  75%|███████▍  | 1138/1520 [01:40<01:22,  4.65step/s]
[Origin 10/13] 🎲 Drawing Posterior Samples:  75%|███████▍  | 1139/1520 [01:40<01:19,  4.76step/s]
[Origin 10/13] 🎲 Drawing Posterior Samples:  75%|███████▌  | 1140/1520 [01:40<01:15,  5.06step/s]
[Origin 10/13] 🎲 Drawing Posterior Samples:  75%|███████▌  | 1141/1520 [01:59<37:43,  5.97s/step]
[Origin 10/13] 🎲 Drawing Posterior Samples:  75%|███████▌  | 1144/1520 [02:00<16:32,  2.64s/step]
[Origin 10/13] 🎲 Drawing Posterior Samples:  76%|███████▌  | 1148/1520 [02:00<07:58,  1.29s/step]
[Origin 10/13] 🎲 Drawing Posterior Samples:  76%|███████▌  | 1152/1520 [02:00<04:37,  1.33step/s]
[Origin 10/13] 🎲 Drawing Posterior Samples:  76%|███████▌  | 1156/1520 [02:00<02:54,  2.09step/s]
[Origin 10/13] 🎲 Drawing Posterior Samples:  76%|███████▋  | 1160/1520 [02:00<01:55,  3.11step/s]
[Origin 10/13] 🎲 Drawing Posterior Samples:  77%|███████▋  | 1165/1520 [02:00<01:13,  4.84step/s]
[Origin 10/13] 🎲 Drawing Posterior Samples:  77%|███████▋  | 1169/1520 [02:00<00:53,  6.54step/s]
[Origin 10/13] 🎲 Drawing Posterior Samples:  77%|███████▋  | 1174/1520 [02:00<00:37,  9.34step/s]
[Origin 10/13] 🎲 Drawing Posterior Samples:  78%|███████▊  | 1179/1520 [02:01<00:27, 12.59step/s]
[Origin 10/13] 🎲 Drawing Posterior Samples:  78%|███████▊  | 1183/1520 [02:01<00:22, 15.04step/s]
[Origin 10/13] 🎲 Drawing Posterior Samples:  78%|███████▊  | 1189/1520 [02:01<00:16, 19.96step/s]
[Origin 10/13] 🎲 Drawing Posterior Samples:  78%|███████▊  | 1193/1520 [02:01<00:14, 22.75step/s]
[Origin 10/13] 🎲 Drawing Posterior Samples:  79%|███████▉  | 1198/1520 [02:01<00:12, 26.15step/s]
[Origin 10/13] 🎲 Drawing Posterior Samples:  79%|███████▉  | 1202/1520 [02:01<00:11, 28.62step/s]
[Origin 10/13] 🎲 Drawing Posterior Samples:  79%|███████▉  | 1206/1520 [02:01<00:10, 29.41step/s]
[Origin 10/13] 🎲 Drawing Posterior Samples:  80%|███████▉  | 1211/1520 [02:01<00:09, 32.63step/s]
[Origin 10/13] 🎲 Drawing Posterior Samples:  80%|███████▉  | 1215/1520 [02:01<00:09, 33.21step/s]
[Origin 10/13] 🎲 Drawing Posterior Samples:  80%|████████  | 1219/1520 [02:02<00:08, 33.65step/s]
[Origin 10/13] 🎲 Drawing Posterior Samples:  81%|████████  | 1224/1520 [02:02<00:07, 37.22step/s]
[Origin 10/13] 🎲 Drawing Posterior Samples:  81%|████████  | 1228/1520 [02:02<00:08, 36.11step/s]
[Origin 10/13] 🎲 Drawing Posterior Samples:  81%|████████  | 1233/1520 [02:02<00:07, 39.55step/s]
[Origin 10/13] 🎲 Drawing Posterior Samples:  81%|████████▏ | 1238/1520 [02:02<00:07, 39.99step/s]
[Origin 10/13] 🎲 Drawing Posterior Samples:  82%|████████▏ | 1243/1520 [02:02<00:06, 40.35step/s]
[Origin 10/13] 🎲 Drawing Posterior Samples:  82%|████████▏ | 1248/1520 [02:02<00:07, 38.62step/s]
[Origin 10/13] 🎲 Drawing Posterior Samples:  82%|████████▏ | 1252/1520 [02:02<00:07, 36.16step/s]
[Origin 10/13] 🎲 Drawing Posterior Samples:  83%|████████▎ | 1257/1520 [02:03<00:06, 38.04step/s]
[Origin 10/13] 🎲 Drawing Posterior Samples:  83%|████████▎ | 1261/1520 [02:03<00:06, 37.73step/s]
[Origin 10/13] 🎲 Drawing Posterior Samples:  83%|████████▎ | 1267/1520 [02:03<00:06, 40.23step/s]
[Origin 10/13] 🎲 Drawing Posterior Samples:  84%|████████▎ | 1272/1520 [02:03<00:06, 40.56step/s]
[Origin 10/13] 🎲 Drawing Posterior Samples:  84%|████████▍ | 1277/1520 [02:03<00:06, 36.79step/s]
[Origin 10/13] 🎲 Drawing Posterior Samples:  84%|████████▍ | 1282/1520 [02:03<00:06, 38.44step/s]
[Origin 10/13] 🎲 Drawing Posterior Samples:  85%|████████▍ | 1287/1520 [02:03<00:05, 39.61step/s]
[Origin 10/13] 🎲 Drawing Posterior Samples:  85%|████████▌ | 1292/1520 [02:03<00:06, 36.85step/s]
[Origin 10/13] 🎲 Drawing Posterior Samples:  85%|████████▌ | 1297/1520 [02:04<00:05, 37.71step/s]
[Origin 10/13] 🎲 Drawing Posterior Samples:  86%|████████▌ | 1303/1520 [02:04<00:05, 41.37step/s]
[Origin 10/13] 🎲 Drawing Posterior Samples:  86%|████████▌ | 1308/1520 [02:04<00:05, 39.13step/s]
[Origin 10/13] 🎲 Drawing Posterior Samples:  86%|████████▋ | 1312/1520 [02:04<00:05, 39.15step/s]
[Origin 10/13] 🎲 Drawing Posterior Samples:  87%|████████▋ | 1318/1520 [02:04<00:04, 42.70step/s]
[Origin 10/13] 🎲 Drawing Posterior Samples:  87%|████████▋ | 1323/1520 [02:04<00:05, 37.90step/s]
[Origin 10/13] 🎲 Drawing Posterior Samples:  87%|████████▋ | 1328/1520 [02:04<00:05, 37.79step/s]
[Origin 10/13] 🎲 Drawing Posterior Samples:  88%|████████▊ | 1332/1520 [02:05<00:05, 36.54step/s]
[Origin 10/13] 🎲 Drawing Posterior Samples:  88%|████████▊ | 1336/1520 [02:05<00:05, 34.24step/s]
[Origin 10/13] 🎲 Drawing Posterior Samples:  88%|████████▊ | 1340/1520 [02:05<00:05, 33.61step/s]
[Origin 10/13] 🎲 Drawing Posterior Samples:  88%|████████▊ | 1345/1520 [02:05<00:04, 36.16step/s]
[Origin 10/13] 🎲 Drawing Posterior Samples:  89%|████████▉ | 1350/1520 [02:05<00:04, 37.92step/s]
[Origin 10/13] 🎲 Drawing Posterior Samples:  89%|████████▉ | 1355/1520 [02:05<00:04, 38.28step/s]
[Origin 10/13] 🎲 Drawing Posterior Samples:  89%|████████▉ | 1360/1520 [02:05<00:04, 39.35step/s]
[Origin 10/13] 🎲 Drawing Posterior Samples:  90%|████████▉ | 1364/1520 [02:05<00:04, 36.19step/s]
[Origin 10/13] 🎲 Drawing Posterior Samples:  90%|█████████ | 1369/1520 [02:06<00:03, 38.01step/s]
[Origin 10/13] 🎲 Drawing Posterior Samples:  90%|█████████ | 1374/1520 [02:06<00:03, 38.84step/s]
[Origin 10/13] 🎲 Drawing Posterior Samples:  91%|█████████ | 1379/1520 [02:06<00:03, 39.81step/s]
[Origin 10/13] 🎲 Drawing Posterior Samples:  91%|█████████ | 1384/1520 [02:06<00:03, 38.55step/s]
[Origin 10/13] 🎲 Drawing Posterior Samples:  91%|█████████▏| 1388/1520 [02:06<00:03, 37.10step/s]
[Origin 10/13] 🎲 Drawing Posterior Samples:  92%|█████████▏| 1394/1520 [02:06<00:03, 41.31step/s]
[Origin 10/13] 🎲 Drawing Posterior Samples:  92%|█████████▏| 1399/1520 [02:06<00:03, 37.89step/s]
[Origin 10/13] 🎲 Drawing Posterior Samples:  92%|█████████▏| 1403/1520 [02:06<00:03, 36.16step/s]
[Origin 10/13] 🎲 Drawing Posterior Samples:  93%|█████████▎| 1408/1520 [02:07<00:02, 39.44step/s]
[Origin 10/13] 🎲 Drawing Posterior Samples:  93%|█████████▎| 1413/1520 [02:07<00:02, 36.54step/s]
[Origin 10/13] 🎲 Drawing Posterior Samples:  93%|█████████▎| 1417/1520 [02:07<00:02, 37.07step/s]
[Origin 10/13] 🎲 Drawing Posterior Samples:  94%|█████████▎| 1422/1520 [02:07<00:02, 38.60step/s]
[Origin 10/13] 🎲 Drawing Posterior Samples:  94%|█████████▍| 1427/1520 [02:07<00:02, 39.89step/s]
[Origin 10/13] 🎲 Drawing Posterior Samples:  94%|█████████▍| 1432/1520 [02:07<00:02, 37.39step/s]
[Origin 10/13] 🎲 Drawing Posterior Samples:  94%|█████████▍| 1436/1520 [02:07<00:02, 36.07step/s]
[Origin 10/13] 🎲 Drawing Posterior Samples:  95%|█████████▍| 1441/1520 [02:07<00:02, 37.45step/s]
[Origin 10/13] 🎲 Drawing Posterior Samples:  95%|█████████▌| 1445/1520 [02:08<00:02, 35.29step/s]
[Origin 10/13] 🎲 Drawing Posterior Samples:  95%|█████████▌| 1450/1520 [02:08<00:01, 37.26step/s]
[Origin 10/13] 🎲 Drawing Posterior Samples:  96%|█████████▌| 1454/1520 [02:08<00:01, 37.14step/s]
[Origin 10/13] 🎲 Drawing Posterior Samples:  96%|█████████▌| 1458/1520 [02:08<00:01, 34.61step/s]
[Origin 10/13] 🎲 Drawing Posterior Samples:  96%|█████████▌| 1462/1520 [02:08<00:01, 35.66step/s]
[Origin 10/13] 🎲 Drawing Posterior Samples:  97%|█████████▋| 1467/1520 [02:08<00:01, 37.65step/s]
[Origin 10/13] 🎲 Drawing Posterior Samples:  97%|█████████▋| 1471/1520 [02:08<00:01, 36.23step/s]
[Origin 10/13] 🎲 Drawing Posterior Samples:  97%|█████████▋| 1475/1520 [02:08<00:01, 34.07step/s]
[Origin 10/13] 🎲 Drawing Posterior Samples:  97%|█████████▋| 1479/1520 [02:08<00:01, 34.90step/s]
[Origin 10/13] 🎲 Drawing Posterior Samples:  98%|█████████▊| 1484/1520 [02:09<00:00, 37.37step/s]
[Origin 10/13] 🎲 Drawing Posterior Samples:  98%|█████████▊| 1488/1520 [02:09<00:02, 15.58step/s]
[Origin 10/13] 🎲 Drawing Posterior Samples:  98%|█████████▊| 1491/1520 [02:10<00:02, 12.16step/s]
[Origin 10/13] 🎲 Drawing Posterior Samples:  98%|█████████▊| 1494/1520 [02:10<00:02,  9.88step/s]
[Origin 10/13] 🎲 Drawing Posterior Samples:  98%|█████████▊| 1496/1520 [02:10<00:02,  8.70step/s]
[Origin 10/13] 🎲 Drawing Posterior Samples:  99%|█████████▊| 1498/1520 [02:11<00:02,  7.73step/s]
[Origin 10/13] 🎲 Drawing Posterior Samples:  99%|█████████▊| 1500/1520 [02:11<00:02,  6.77step/s]
[Origin 10/13] 🎲 Drawing Posterior Samples:  99%|█████████▉| 1501/1520 [02:11<00:02,  6.48step/s]
[Origin 10/13] 🎲 Drawing Posterior Samples:  99%|█████████▉| 1502/1520 [02:12<00:03,  5.69step/s]
[Origin 10/13] 🎲 Drawing Posterior Samples:  99%|█████████▉| 1503/1520 [02:12<00:03,  5.53step/s]
[Origin 10/13] 🎲 Drawing Posterior Samples:  99%|█████████▉| 1504/1520 [02:12<00:03,  5.31step/s]
[Origin 10/13] 🎲 Drawing Posterior Samples:  99%|█████████▉| 1505/1520 [02:12<00:02,  5.41step/s]
[Origin 10/13] 🎲 Drawing Posterior Samples:  99%|█████████▉| 1506/1520 [02:13<00:02,  5.44step/s]
[Origin 10/13] 🎲 Drawing Posterior Samples:  99%|█████████▉| 1507/1520 [02:13<00:02,  5.34step/s]
[Origin 10/13] 🎲 Drawing Posterior Samples:  99%|█████████▉| 1508/1520 [02:13<00:02,  5.37step/s]
[Origin 10/13] 🎲 Drawing Posterior Samples:  99%|█████████▉| 1509/1520 [02:13<00:02,  5.43step/s]
[Origin 10/13] 🎲 Drawing Posterior Samples:  99%|█████████▉| 1510/1520 [02:13<00:02,  4.96step/s]
[Origin 10/13] 🎲 Drawing Posterior Samples:  99%|█████████▉| 1511/1520 [02:14<00:01,  4.81step/s]
[Origin 10/13] 🎲 Drawing Posterior Samples:  99%|█████████▉| 1512/1520 [02:14<00:01,  4.70step/s]
[Origin 10/13] 🎲 Drawing Posterior Samples: 100%|█████████▉| 1513/1520 [02:14<00:01,  4.85step/s]
[Origin 10/13] 🎲 Drawing Posterior Samples: 100%|█████████▉| 1514/1520 [02:14<00:01,  4.84step/s]
[Origin 10/13] 🎲 Drawing Posterior Samples: 100%|█████████▉| 1515/1520 [02:14<00:01,  4.21step/s]
[Origin 10/13] 🎲 Drawing Posterior Samples: 100%|█████████▉| 1516/1520 [02:15<00:00,  4.55step/s]
[Origin 10/13] 🎲 Drawing Posterior Samples: 100%|█████████▉| 1517/1520 [02:15<00:00,  4.70step/s]
[Origin 10/13] 🎲 Drawing Posterior Samples: 100%|█████████▉| 1518/1520 [02:15<00:00,  4.78step/s]
[Origin 10/13] 🎲 Drawing Posterior Samples: 100%|█████████▉| 1519/1520 [02:15<00:00,  5.08step/s]
[Origin 10/13] 🎲 Drawing Posterior Samples: 100%|██████████| 1520/1520 [02:15<00:00,  5.26step/s]
                                                                                                  

[Origin 11/13] 🎲 Drawing Posterior Samples:   0%|          | 0/1524 [00:00<?, ?step/s]
[Origin 11/13] 🎲 Drawing Posterior Samples:   0%|          | 4/1524 [00:00<00:38, 39.86step/s]
[Origin 11/13] 🎲 Drawing Posterior Samples:   1%|          | 9/1524 [00:00<00:38, 39.10step/s]
[Origin 11/13] 🎲 Drawing Posterior Samples:   1%|          | 14/1524 [00:00<00:37, 40.60step/s]
[Origin 11/13] 🎲 Drawing Posterior Samples:   1%|          | 19/1524 [00:00<00:38, 38.63step/s]
[Origin 11/13] 🎲 Drawing Posterior Samples:   2%|▏         | 23/1524 [00:00<00:40, 37.48step/s]
[Origin 11/13] 🎲 Drawing Posterior Samples:   2%|▏         | 27/1524 [00:00<00:39, 37.47step/s]
[Origin 11/13] 🎲 Drawing Posterior Samples:   2%|▏         | 32/1524 [00:00<00:38, 39.09step/s]
[Origin 11/13] 🎲 Drawing Posterior Samples:   2%|▏         | 36/1524 [00:00<00:39, 37.34step/s]
[Origin 11/13] 🎲 Drawing Posterior Samples:   3%|▎         | 40/1524 [00:01<00:41, 35.96step/s]
[Origin 11/13] 🎲 Drawing Posterior Samples:   3%|▎         | 45/1524 [00:01<00:39, 37.87step/s]
[Origin 11/13] 🎲 Drawing Posterior Samples:   3%|▎         | 49/1524 [00:01<00:41, 35.14step/s]
[Origin 11/13] 🎲 Drawing Posterior Samples:   4%|▎         | 54/1524 [00:01<00:40, 36.02step/s]
[Origin 11/13] 🎲 Drawing Posterior Samples:   4%|▍         | 59/1524 [00:01<00:40, 36.27step/s]
[Origin 11/13] 🎲 Drawing Posterior Samples:   4%|▍         | 63/1524 [00:01<00:43, 33.87step/s]
[Origin 11/13] 🎲 Drawing Posterior Samples:   4%|▍         | 67/1524 [00:01<00:41, 35.34step/s]
[Origin 11/13] 🎲 Drawing Posterior Samples:   5%|▍         | 72/1524 [00:01<00:38, 37.42step/s]
[Origin 11/13] 🎲 Drawing Posterior Samples:   5%|▌         | 77/1524 [00:02<00:39, 36.77step/s]
[Origin 11/13] 🎲 Drawing Posterior Samples:   5%|▌         | 81/1524 [00:02<00:39, 36.45step/s]
[Origin 11/13] 🎲 Drawing Posterior Samples:   6%|▌         | 85/1524 [00:02<00:39, 36.59step/s]
[Origin 11/13] 🎲 Drawing Posterior Samples:   6%|▌         | 90/1524 [00:02<00:38, 37.61step/s]
[Origin 11/13] 🎲 Drawing Posterior Samples:   6%|▌         | 94/1524 [00:02<00:42, 33.79step/s]
[Origin 11/13] 🎲 Drawing Posterior Samples:   6%|▋         | 99/1524 [00:02<00:39, 36.13step/s]
[Origin 11/13] 🎲 Drawing Posterior Samples:   7%|▋         | 103/1524 [00:02<00:38, 36.74step/s]
[Origin 11/13] 🎲 Drawing Posterior Samples:   7%|▋         | 107/1524 [00:02<00:41, 34.24step/s]
[Origin 11/13] 🎲 Drawing Posterior Samples:   7%|▋         | 112/1524 [00:03<00:38, 36.60step/s]
[Origin 11/13] 🎲 Drawing Posterior Samples:   8%|▊         | 118/1524 [00:03<00:34, 40.96step/s]
[Origin 11/13] 🎲 Drawing Posterior Samples:   8%|▊         | 123/1524 [00:03<00:39, 35.47step/s]
[Origin 11/13] 🎲 Drawing Posterior Samples:   8%|▊         | 127/1524 [00:03<00:41, 33.83step/s]
[Origin 11/13] 🎲 Drawing Posterior Samples:   9%|▊         | 132/1524 [00:03<00:38, 36.24step/s]
[Origin 11/13] 🎲 Drawing Posterior Samples:   9%|▉         | 136/1524 [00:03<00:39, 35.37step/s]
[Origin 11/13] 🎲 Drawing Posterior Samples:   9%|▉         | 141/1524 [00:03<00:37, 37.28step/s]
[Origin 11/13] 🎲 Drawing Posterior Samples:  10%|▉         | 145/1524 [00:03<00:36, 37.79step/s]
[Origin 11/13] 🎲 Drawing Posterior Samples:  10%|▉         | 149/1524 [00:04<00:37, 36.38step/s]
[Origin 11/13] 🎲 Drawing Posterior Samples:  10%|█         | 153/1524 [00:04<00:38, 35.81step/s]
[Origin 11/13] 🎲 Drawing Posterior Samples:  10%|█         | 158/1524 [00:04<00:36, 37.69step/s]
[Origin 11/13] 🎲 Drawing Posterior Samples:  11%|█         | 164/1524 [00:04<00:33, 40.42step/s]
[Origin 11/13] 🎲 Drawing Posterior Samples:  11%|█         | 169/1524 [00:04<00:37, 35.76step/s]
[Origin 11/13] 🎲 Drawing Posterior Samples:  11%|█▏        | 174/1524 [00:04<00:34, 38.58step/s]
[Origin 11/13] 🎲 Drawing Posterior Samples:  12%|█▏        | 178/1524 [00:04<00:34, 38.92step/s]
[Origin 11/13] 🎲 Drawing Posterior Samples:  12%|█▏        | 182/1524 [00:04<00:36, 36.80step/s]
[Origin 11/13] 🎲 Drawing Posterior Samples:  12%|█▏        | 187/1524 [00:05<00:34, 38.71step/s]
[Origin 11/13] 🎲 Drawing Posterior Samples:  13%|█▎        | 193/1524 [00:05<00:31, 42.32step/s]
[Origin 11/13] 🎲 Drawing Posterior Samples:  13%|█▎        | 198/1524 [00:05<00:33, 39.36step/s]
[Origin 11/13] 🎲 Drawing Posterior Samples:  13%|█▎        | 203/1524 [00:05<00:36, 36.21step/s]
[Origin 11/13] 🎲 Drawing Posterior Samples:  14%|█▎        | 208/1524 [00:05<00:34, 37.79step/s]
[Origin 11/13] 🎲 Drawing Posterior Samples:  14%|█▍        | 212/1524 [00:05<00:35, 36.83step/s]
[Origin 11/13] 🎲 Drawing Posterior Samples:  14%|█▍        | 216/1524 [00:05<00:36, 36.25step/s]
[Origin 11/13] 🎲 Drawing Posterior Samples:  14%|█▍        | 220/1524 [00:05<00:35, 36.60step/s]
[Origin 11/13] 🎲 Drawing Posterior Samples:  15%|█▍        | 225/1524 [00:06<00:33, 38.41step/s]
[Origin 11/13] 🎲 Drawing Posterior Samples:  15%|█▌        | 230/1524 [00:06<00:32, 39.51step/s]
[Origin 11/13] 🎲 Drawing Posterior Samples:  15%|█▌        | 234/1524 [00:06<00:32, 39.12step/s]
[Origin 11/13] 🎲 Drawing Posterior Samples:  16%|█▌        | 239/1524 [00:06<00:33, 38.89step/s]
[Origin 11/13] 🎲 Drawing Posterior Samples:  16%|█▌        | 243/1524 [00:06<00:34, 36.83step/s]
[Origin 11/13] 🎲 Drawing Posterior Samples:  16%|█▌        | 247/1524 [00:06<00:39, 32.52step/s]
[Origin 11/13] 🎲 Drawing Posterior Samples:  17%|█▋        | 253/1524 [00:06<00:33, 37.95step/s]
[Origin 11/13] 🎲 Drawing Posterior Samples:  17%|█▋        | 258/1524 [00:06<00:33, 37.71step/s]
[Origin 11/13] 🎲 Drawing Posterior Samples:  17%|█▋        | 262/1524 [00:07<00:33, 37.77step/s]
[Origin 11/13] 🎲 Drawing Posterior Samples:  18%|█▊        | 267/1524 [00:07<00:32, 39.12step/s]
[Origin 11/13] 🎲 Drawing Posterior Samples:  18%|█▊        | 272/1524 [00:07<00:31, 39.72step/s]
[Origin 11/13] 🎲 Drawing Posterior Samples:  18%|█▊        | 277/1524 [00:07<00:34, 36.29step/s]
[Origin 11/13] 🎲 Drawing Posterior Samples:  19%|█▊        | 282/1524 [00:07<00:34, 36.52step/s]
[Origin 11/13] 🎲 Drawing Posterior Samples:  19%|█▉        | 286/1524 [00:07<00:33, 36.57step/s]
[Origin 11/13] 🎲 Drawing Posterior Samples:  19%|█▉        | 290/1524 [00:07<00:33, 36.75step/s]
[Origin 11/13] 🎲 Drawing Posterior Samples:  19%|█▉        | 295/1524 [00:07<00:31, 38.88step/s]
[Origin 11/13] 🎲 Drawing Posterior Samples:  20%|█▉        | 300/1524 [00:08<00:31, 39.09step/s]
[Origin 11/13] 🎲 Drawing Posterior Samples:  20%|█▉        | 304/1524 [00:08<00:31, 38.92step/s]
[Origin 11/13] 🎲 Drawing Posterior Samples:  20%|██        | 308/1524 [00:08<00:35, 34.29step/s]
[Origin 11/13] 🎲 Drawing Posterior Samples:  20%|██        | 312/1524 [00:08<00:35, 33.77step/s]
[Origin 11/13] 🎲 Drawing Posterior Samples:  21%|██        | 316/1524 [00:08<00:35, 34.46step/s]
[Origin 11/13] 🎲 Drawing Posterior Samples:  21%|██        | 320/1524 [00:08<00:34, 34.56step/s]
[Origin 11/13] 🎲 Drawing Posterior Samples:  21%|██▏       | 324/1524 [00:08<00:33, 35.76step/s]
[Origin 11/13] 🎲 Drawing Posterior Samples:  22%|██▏       | 329/1524 [00:08<00:32, 36.60step/s]
[Origin 11/13] 🎲 Drawing Posterior Samples:  22%|██▏       | 333/1524 [00:09<00:34, 34.73step/s]
[Origin 11/13] 🎲 Drawing Posterior Samples:  22%|██▏       | 337/1524 [00:09<00:32, 36.03step/s]
[Origin 11/13] 🎲 Drawing Posterior Samples:  22%|██▏       | 341/1524 [00:09<00:32, 36.25step/s]
[Origin 11/13] 🎲 Drawing Posterior Samples:  23%|██▎       | 345/1524 [00:09<00:34, 33.87step/s]
[Origin 11/13] 🎲 Drawing Posterior Samples:  23%|██▎       | 349/1524 [00:10<01:24, 13.84step/s]
[Origin 11/13] 🎲 Drawing Posterior Samples:  23%|██▎       | 352/1524 [00:10<01:47, 10.95step/s]
[Origin 11/13] 🎲 Drawing Posterior Samples:  23%|██▎       | 355/1524 [00:11<02:09,  9.03step/s]
[Origin 11/13] 🎲 Drawing Posterior Samples:  23%|██▎       | 357/1524 [00:11<02:25,  7.99step/s]
[Origin 11/13] 🎲 Drawing Posterior Samples:  24%|██▎       | 359/1524 [00:11<02:42,  7.18step/s]
[Origin 11/13] 🎲 Drawing Posterior Samples:  24%|██▎       | 361/1524 [00:12<02:55,  6.62step/s]
[Origin 11/13] 🎲 Drawing Posterior Samples:  24%|██▍       | 362/1524 [00:12<03:04,  6.29step/s]
[Origin 11/13] 🎲 Drawing Posterior Samples:  24%|██▍       | 363/1524 [00:12<03:10,  6.08step/s]
[Origin 11/13] 🎲 Drawing Posterior Samples:  24%|██▍       | 364/1524 [00:12<03:28,  5.55step/s]
[Origin 11/13] 🎲 Drawing Posterior Samples:  24%|██▍       | 365/1524 [00:12<03:29,  5.53step/s]
[Origin 11/13] 🎲 Drawing Posterior Samples:  24%|██▍       | 366/1524 [00:13<03:48,  5.08step/s]
[Origin 11/13] 🎲 Drawing Posterior Samples:  24%|██▍       | 367/1524 [00:13<03:49,  5.05step/s]
[Origin 11/13] 🎲 Drawing Posterior Samples:  24%|██▍       | 368/1524 [00:13<03:43,  5.17step/s]
[Origin 11/13] 🎲 Drawing Posterior Samples:  24%|██▍       | 369/1524 [00:13<03:31,  5.46step/s]
[Origin 11/13] 🎲 Drawing Posterior Samples:  24%|██▍       | 370/1524 [00:13<03:28,  5.52step/s]
[Origin 11/13] 🎲 Drawing Posterior Samples:  24%|██▍       | 371/1524 [00:14<03:25,  5.61step/s]
[Origin 11/13] 🎲 Drawing Posterior Samples:  24%|██▍       | 372/1524 [00:14<03:25,  5.62step/s]
[Origin 11/13] 🎲 Drawing Posterior Samples:  24%|██▍       | 373/1524 [00:14<03:25,  5.59step/s]
[Origin 11/13] 🎲 Drawing Posterior Samples:  25%|██▍       | 374/1524 [00:14<03:25,  5.58step/s]
[Origin 11/13] 🎲 Drawing Posterior Samples:  25%|██▍       | 375/1524 [00:14<03:39,  5.23step/s]
[Origin 11/13] 🎲 Drawing Posterior Samples:  25%|██▍       | 376/1524 [00:15<03:40,  5.22step/s]
[Origin 11/13] 🎲 Drawing Posterior Samples:  25%|██▍       | 377/1524 [00:15<03:39,  5.22step/s]
[Origin 11/13] 🎲 Drawing Posterior Samples:  25%|██▍       | 378/1524 [00:15<03:36,  5.30step/s]
[Origin 11/13] 🎲 Drawing Posterior Samples:  25%|██▍       | 379/1524 [00:15<03:27,  5.51step/s]
[Origin 11/13] 🎲 Drawing Posterior Samples:  25%|██▍       | 380/1524 [00:15<03:32,  5.38step/s]
[Origin 11/13] 🎲 Drawing Posterior Samples:  25%|██▌       | 381/1524 [00:15<03:34,  5.34step/s]
[Origin 11/13] 🎲 Drawing Posterior Samples:  25%|██▌       | 382/1524 [00:32<1:39:08,  5.21s/step]
[Origin 11/13] 🎲 Drawing Posterior Samples:  25%|██▌       | 388/1524 [00:33<27:52,  1.47s/step]  
[Origin 11/13] 🎲 Drawing Posterior Samples:  26%|██▌       | 397/1524 [00:33<11:01,  1.70step/s]
[Origin 11/13] 🎲 Drawing Posterior Samples:  26%|██▋       | 402/1524 [00:33<07:31,  2.48step/s]
[Origin 11/13] 🎲 Drawing Posterior Samples:  27%|██▋       | 408/1524 [00:33<04:56,  3.77step/s]
[Origin 11/13] 🎲 Drawing Posterior Samples:  27%|██▋       | 414/1524 [00:33<03:21,  5.50step/s]
[Origin 11/13] 🎲 Drawing Posterior Samples:  28%|██▊       | 420/1524 [00:33<02:22,  7.76step/s]
[Origin 11/13] 🎲 Drawing Posterior Samples:  28%|██▊       | 425/1524 [00:33<01:50,  9.98step/s]
[Origin 11/13] 🎲 Drawing Posterior Samples:  28%|██▊       | 430/1524 [00:33<01:26, 12.72step/s]
[Origin 11/13] 🎲 Drawing Posterior Samples:  29%|██▊       | 435/1524 [00:33<01:08, 15.89step/s]
[Origin 11/13] 🎲 Drawing Posterior Samples:  29%|██▉       | 440/1524 [00:34<00:58, 18.57step/s]
[Origin 11/13] 🎲 Drawing Posterior Samples:  29%|██▉       | 445/1524 [00:34<00:47, 22.69step/s]
[Origin 11/13] 🎲 Drawing Posterior Samples:  30%|██▉       | 450/1524 [00:34<00:41, 25.94step/s]
[Origin 11/13] 🎲 Drawing Posterior Samples:  30%|██▉       | 455/1524 [00:34<00:38, 28.06step/s]
[Origin 11/13] 🎲 Drawing Posterior Samples:  30%|███       | 460/1524 [00:34<00:34, 31.10step/s]
[Origin 11/13] 🎲 Drawing Posterior Samples:  31%|███       | 465/1524 [00:34<00:32, 32.55step/s]
[Origin 11/13] 🎲 Drawing Posterior Samples:  31%|███       | 470/1524 [00:34<00:30, 34.91step/s]
[Origin 11/13] 🎲 Drawing Posterior Samples:  31%|███       | 474/1524 [00:34<00:29, 35.93step/s]
[Origin 11/13] 🎲 Drawing Posterior Samples:  31%|███▏      | 479/1524 [00:35<00:27, 37.62step/s]
[Origin 11/13] 🎲 Drawing Posterior Samples:  32%|███▏      | 484/1524 [00:35<00:26, 38.89step/s]
[Origin 11/13] 🎲 Drawing Posterior Samples:  32%|███▏      | 489/1524 [00:35<00:27, 37.67step/s]
[Origin 11/13] 🎲 Drawing Posterior Samples:  32%|███▏      | 495/1524 [00:35<00:25, 41.06step/s]
[Origin 11/13] 🎲 Drawing Posterior Samples:  33%|███▎      | 500/1524 [00:35<00:25, 39.74step/s]
[Origin 11/13] 🎲 Drawing Posterior Samples:  33%|███▎      | 505/1524 [00:35<00:26, 38.34step/s]
[Origin 11/13] 🎲 Drawing Posterior Samples:  34%|███▎      | 511/1524 [00:35<00:24, 42.16step/s]
[Origin 11/13] 🎲 Drawing Posterior Samples:  34%|███▍      | 516/1524 [00:35<00:23, 42.08step/s]
[Origin 11/13] 🎲 Drawing Posterior Samples:  34%|███▍      | 521/1524 [00:36<00:24, 40.28step/s]
[Origin 11/13] 🎲 Drawing Posterior Samples:  35%|███▍      | 526/1524 [00:36<00:24, 40.61step/s]
[Origin 11/13] 🎲 Drawing Posterior Samples:  35%|███▍      | 531/1524 [00:36<00:24, 41.19step/s]
[Origin 11/13] 🎲 Drawing Posterior Samples:  35%|███▌      | 536/1524 [00:36<00:24, 40.71step/s]
[Origin 11/13] 🎲 Drawing Posterior Samples:  35%|███▌      | 541/1524 [00:36<00:25, 39.19step/s]
[Origin 11/13] 🎲 Drawing Posterior Samples:  36%|███▌      | 546/1524 [00:36<00:24, 39.85step/s]
[Origin 11/13] 🎲 Drawing Posterior Samples:  36%|███▌      | 551/1524 [00:36<00:25, 38.74step/s]
[Origin 11/13] 🎲 Drawing Posterior Samples:  37%|███▋      | 557/1524 [00:36<00:22, 42.43step/s]
[Origin 11/13] 🎲 Drawing Posterior Samples:  37%|███▋      | 562/1524 [00:37<00:23, 40.32step/s]
[Origin 11/13] 🎲 Drawing Posterior Samples:  37%|███▋      | 568/1524 [00:37<00:23, 40.08step/s]
[Origin 11/13] 🎲 Drawing Posterior Samples:  38%|███▊      | 573/1524 [00:37<00:22, 41.75step/s]
[Origin 11/13] 🎲 Drawing Posterior Samples:  38%|███▊      | 578/1524 [00:37<00:22, 41.74step/s]
[Origin 11/13] 🎲 Drawing Posterior Samples:  38%|███▊      | 583/1524 [00:37<00:22, 41.66step/s]
[Origin 11/13] 🎲 Drawing Posterior Samples:  39%|███▊      | 588/1524 [00:37<00:23, 39.27step/s]
[Origin 11/13] 🎲 Drawing Posterior Samples:  39%|███▉      | 593/1524 [00:37<00:23, 40.20step/s]
[Origin 11/13] 🎲 Drawing Posterior Samples:  39%|███▉      | 599/1524 [00:38<00:21, 43.21step/s]
[Origin 11/13] 🎲 Drawing Posterior Samples:  40%|███▉      | 604/1524 [00:38<00:23, 38.95step/s]
[Origin 11/13] 🎲 Drawing Posterior Samples:  40%|███▉      | 609/1524 [00:38<00:22, 39.82step/s]
[Origin 11/13] 🎲 Drawing Posterior Samples:  40%|████      | 615/1524 [00:38<00:21, 43.26step/s]
[Origin 11/13] 🎲 Drawing Posterior Samples:  41%|████      | 620/1524 [00:38<00:22, 40.34step/s]
[Origin 11/13] 🎲 Drawing Posterior Samples:  41%|████      | 625/1524 [00:38<00:21, 41.06step/s]
[Origin 11/13] 🎲 Drawing Posterior Samples:  41%|████▏     | 630/1524 [00:38<00:22, 39.48step/s]
[Origin 11/13] 🎲 Drawing Posterior Samples:  42%|████▏     | 635/1524 [00:38<00:23, 38.16step/s]
[Origin 11/13] 🎲 Drawing Posterior Samples:  42%|████▏     | 639/1524 [00:39<00:23, 38.11step/s]
[Origin 11/13] 🎲 Drawing Posterior Samples:  42%|████▏     | 644/1524 [00:39<00:22, 38.54step/s]
[Origin 11/13] 🎲 Drawing Posterior Samples:  43%|████▎     | 648/1524 [00:39<00:24, 36.19step/s]
[Origin 11/13] 🎲 Drawing Posterior Samples:  43%|████▎     | 652/1524 [00:39<00:24, 36.29step/s]
[Origin 11/13] 🎲 Drawing Posterior Samples:  43%|████▎     | 658/1524 [00:39<00:21, 40.88step/s]
[Origin 11/13] 🎲 Drawing Posterior Samples:  44%|████▎     | 663/1524 [00:39<00:20, 41.13step/s]
[Origin 11/13] 🎲 Drawing Posterior Samples:  44%|████▍     | 668/1524 [00:39<00:22, 38.90step/s]
[Origin 11/13] 🎲 Drawing Posterior Samples:  44%|████▍     | 673/1524 [00:39<00:21, 39.78step/s]
[Origin 11/13] 🎲 Drawing Posterior Samples:  44%|████▍     | 678/1524 [00:40<00:20, 40.46step/s]
[Origin 11/13] 🎲 Drawing Posterior Samples:  45%|████▍     | 683/1524 [00:40<00:21, 38.90step/s]
[Origin 11/13] 🎲 Drawing Posterior Samples:  45%|████▌     | 688/1524 [00:40<00:20, 41.19step/s]
[Origin 11/13] 🎲 Drawing Posterior Samples:  45%|████▌     | 693/1524 [00:40<00:20, 39.65step/s]
[Origin 11/13] 🎲 Drawing Posterior Samples:  46%|████▌     | 699/1524 [00:40<00:19, 42.80step/s]
[Origin 11/13] 🎲 Drawing Posterior Samples:  46%|████▌     | 704/1524 [00:40<00:19, 42.63step/s]
[Origin 11/13] 🎲 Drawing Posterior Samples:  47%|████▋     | 709/1524 [00:40<00:20, 39.91step/s]
[Origin 11/13] 🎲 Drawing Posterior Samples:  47%|████▋     | 714/1524 [00:40<00:20, 40.49step/s]
[Origin 11/13] 🎲 Drawing Posterior Samples:  47%|████▋     | 719/1524 [00:41<00:19, 41.22step/s]
[Origin 11/13] 🎲 Drawing Posterior Samples:  48%|████▊     | 724/1524 [00:41<00:21, 37.68step/s]
[Origin 11/13] 🎲 Drawing Posterior Samples:  48%|████▊     | 728/1524 [00:41<00:41, 19.08step/s]
[Origin 11/13] 🎲 Drawing Posterior Samples:  48%|████▊     | 731/1524 [00:42<00:55, 14.38step/s]
[Origin 11/13] 🎲 Drawing Posterior Samples:  48%|████▊     | 734/1524 [00:42<01:06, 11.92step/s]
[Origin 11/13] 🎲 Drawing Posterior Samples:  48%|████▊     | 736/1524 [00:42<01:19,  9.93step/s]
[Origin 11/13] 🎲 Drawing Posterior Samples:  48%|████▊     | 738/1524 [00:43<01:33,  8.41step/s]
[Origin 11/13] 🎲 Drawing Posterior Samples:  49%|████▊     | 740/1524 [00:43<01:46,  7.39step/s]
[Origin 11/13] 🎲 Drawing Posterior Samples:  49%|████▊     | 741/1524 [00:43<01:55,  6.80step/s]
[Origin 11/13] 🎲 Drawing Posterior Samples:  49%|████▊     | 742/1524 [00:44<02:21,  5.52step/s]
[Origin 11/13] 🎲 Drawing Posterior Samples:  49%|████▉     | 743/1524 [00:44<02:26,  5.34step/s]
[Origin 11/13] 🎲 Drawing Posterior Samples:  49%|████▉     | 744/1524 [00:44<02:32,  5.11step/s]
[Origin 11/13] 🎲 Drawing Posterior Samples:  49%|████▉     | 745/1524 [00:44<02:33,  5.08step/s]
[Origin 11/13] 🎲 Drawing Posterior Samples:  49%|████▉     | 746/1524 [00:44<02:26,  5.30step/s]
[Origin 11/13] 🎲 Drawing Posterior Samples:  49%|████▉     | 747/1524 [00:45<02:24,  5.39step/s]
[Origin 11/13] 🎲 Drawing Posterior Samples:  49%|████▉     | 748/1524 [00:45<02:17,  5.66step/s]
[Origin 11/13] 🎲 Drawing Posterior Samples:  49%|████▉     | 749/1524 [00:45<02:10,  5.94step/s]
[Origin 11/13] 🎲 Drawing Posterior Samples:  49%|████▉     | 750/1524 [00:45<02:16,  5.66step/s]
[Origin 11/13] 🎲 Drawing Posterior Samples:  49%|████▉     | 751/1524 [00:45<02:23,  5.39step/s]
[Origin 11/13] 🎲 Drawing Posterior Samples:  49%|████▉     | 752/1524 [00:46<02:21,  5.44step/s]
[Origin 11/13] 🎲 Drawing Posterior Samples:  49%|████▉     | 753/1524 [00:46<02:24,  5.34step/s]
[Origin 11/13] 🎲 Drawing Posterior Samples:  49%|████▉     | 754/1524 [00:46<02:18,  5.56step/s]
[Origin 11/13] 🎲 Drawing Posterior Samples:  50%|████▉     | 755/1524 [00:46<02:28,  5.18step/s]
[Origin 11/13] 🎲 Drawing Posterior Samples:  50%|████▉     | 756/1524 [00:46<02:25,  5.28step/s]
[Origin 11/13] 🎲 Drawing Posterior Samples:  50%|████▉     | 757/1524 [00:46<02:25,  5.29step/s]
[Origin 11/13] 🎲 Drawing Posterior Samples:  50%|████▉     | 758/1524 [00:47<02:20,  5.47step/s]
[Origin 11/13] 🎲 Drawing Posterior Samples:  50%|████▉     | 759/1524 [00:47<02:20,  5.45step/s]
[Origin 11/13] 🎲 Drawing Posterior Samples:  50%|████▉     | 760/1524 [00:47<02:16,  5.62step/s]
[Origin 11/13] 🎲 Drawing Posterior Samples:  50%|████▉     | 761/1524 [00:47<02:19,  5.47step/s]
[Origin 11/13] 🎲 Drawing Posterior Samples:  50%|█████     | 762/1524 [00:47<02:28,  5.13step/s]
[Origin 11/13] 🎲 Drawing Posterior Samples:  50%|█████     | 763/1524 [01:09<1:25:16,  6.72s/step]
[Origin 11/13] 🎲 Drawing Posterior Samples:  50%|█████     | 768/1524 [01:10<27:09,  2.16s/step]  
[Origin 11/13] 🎲 Drawing Posterior Samples:  51%|█████     | 772/1524 [01:10<15:20,  1.22s/step]
[Origin 11/13] 🎲 Drawing Posterior Samples:  51%|█████     | 776/1524 [01:10<09:30,  1.31step/s]
[Origin 11/13] 🎲 Drawing Posterior Samples:  51%|█████     | 781/1524 [01:10<05:43,  2.17step/s]
[Origin 11/13] 🎲 Drawing Posterior Samples:  52%|█████▏    | 785/1524 [01:10<03:58,  3.10step/s]
[Origin 11/13] 🎲 Drawing Posterior Samples:  52%|█████▏    | 789/1524 [01:10<02:49,  4.34step/s]
[Origin 11/13] 🎲 Drawing Posterior Samples:  52%|█████▏    | 793/1524 [01:10<02:02,  5.96step/s]
[Origin 11/13] 🎲 Drawing Posterior Samples:  52%|█████▏    | 797/1524 [01:10<01:30,  8.01step/s]
[Origin 11/13] 🎲 Drawing Posterior Samples:  53%|█████▎    | 801/1524 [01:10<01:08, 10.55step/s]
[Origin 11/13] 🎲 Drawing Posterior Samples:  53%|█████▎    | 805/1524 [01:10<00:52, 13.58step/s]
[Origin 11/13] 🎲 Drawing Posterior Samples:  53%|█████▎    | 810/1524 [01:11<00:39, 18.02step/s]
[Origin 11/13] 🎲 Drawing Posterior Samples:  53%|█████▎    | 815/1524 [01:11<00:33, 21.23step/s]
[Origin 11/13] 🎲 Drawing Posterior Samples:  54%|█████▎    | 819/1524 [01:11<00:30, 23.47step/s]
[Origin 11/13] 🎲 Drawing Posterior Samples:  54%|█████▍    | 823/1524 [01:11<00:26, 26.48step/s]
[Origin 11/13] 🎲 Drawing Posterior Samples:  54%|█████▍    | 829/1524 [01:11<00:21, 32.55step/s]
[Origin 11/13] 🎲 Drawing Posterior Samples:  55%|█████▍    | 834/1524 [01:11<00:20, 34.41step/s]
[Origin 11/13] 🎲 Drawing Posterior Samples:  55%|█████▌    | 839/1524 [01:11<00:20, 34.09step/s]
[Origin 11/13] 🎲 Drawing Posterior Samples:  55%|█████▌    | 844/1524 [01:11<00:19, 35.25step/s]
[Origin 11/13] 🎲 Drawing Posterior Samples:  56%|█████▌    | 849/1524 [01:12<00:17, 37.84step/s]
[Origin 11/13] 🎲 Drawing Posterior Samples:  56%|█████▌    | 854/1524 [01:12<00:17, 39.18step/s]
[Origin 11/13] 🎲 Drawing Posterior Samples:  56%|█████▋    | 859/1524 [01:12<00:16, 39.95step/s]
[Origin 11/13] 🎲 Drawing Posterior Samples:  57%|█████▋    | 864/1524 [01:12<00:17, 38.15step/s]
[Origin 11/13] 🎲 Drawing Posterior Samples:  57%|█████▋    | 868/1524 [01:12<00:17, 38.56step/s]
[Origin 11/13] 🎲 Drawing Posterior Samples:  57%|█████▋    | 873/1524 [01:12<00:17, 37.80step/s]
[Origin 11/13] 🎲 Drawing Posterior Samples:  58%|█████▊    | 877/1524 [01:12<00:17, 37.87step/s]
[Origin 11/13] 🎲 Drawing Posterior Samples:  58%|█████▊    | 881/1524 [01:12<00:16, 38.37step/s]
[Origin 11/13] 🎲 Drawing Posterior Samples:  58%|█████▊    | 885/1524 [01:13<00:18, 35.11step/s]
[Origin 11/13] 🎲 Drawing Posterior Samples:  58%|█████▊    | 891/1524 [01:13<00:15, 39.96step/s]
[Origin 11/13] 🎲 Drawing Posterior Samples:  59%|█████▉    | 896/1524 [01:13<00:15, 40.13step/s]
[Origin 11/13] 🎲 Drawing Posterior Samples:  59%|█████▉    | 901/1524 [01:13<00:15, 40.90step/s]
[Origin 11/13] 🎲 Drawing Posterior Samples:  59%|█████▉    | 906/1524 [01:13<00:15, 40.96step/s]
[Origin 11/13] 🎲 Drawing Posterior Samples:  60%|█████▉    | 911/1524 [01:13<00:16, 37.67step/s]
[Origin 11/13] 🎲 Drawing Posterior Samples:  60%|██████    | 915/1524 [01:13<00:16, 36.36step/s]
[Origin 11/13] 🎲 Drawing Posterior Samples:  60%|██████    | 919/1524 [01:13<00:16, 37.19step/s]
[Origin 11/13] 🎲 Drawing Posterior Samples:  61%|██████    | 924/1524 [01:14<00:15, 38.75step/s]
[Origin 11/13] 🎲 Drawing Posterior Samples:  61%|██████    | 930/1524 [01:14<00:14, 40.71step/s]
[Origin 11/13] 🎲 Drawing Posterior Samples:  61%|██████▏   | 935/1524 [01:14<00:14, 40.34step/s]
[Origin 11/13] 🎲 Drawing Posterior Samples:  62%|██████▏   | 941/1524 [01:14<00:13, 43.66step/s]
[Origin 11/13] 🎲 Drawing Posterior Samples:  62%|██████▏   | 946/1524 [01:14<00:13, 43.22step/s]
[Origin 11/13] 🎲 Drawing Posterior Samples:  62%|██████▏   | 951/1524 [01:14<00:14, 38.98step/s]
[Origin 11/13] 🎲 Drawing Posterior Samples:  63%|██████▎   | 955/1524 [01:14<00:14, 38.85step/s]
[Origin 11/13] 🎲 Drawing Posterior Samples:  63%|██████▎   | 959/1524 [01:14<00:14, 37.87step/s]
[Origin 11/13] 🎲 Drawing Posterior Samples:  63%|██████▎   | 963/1524 [01:15<00:15, 37.00step/s]
[Origin 11/13] 🎲 Drawing Posterior Samples:  64%|██████▎   | 968/1524 [01:15<00:14, 39.60step/s]
[Origin 11/13] 🎲 Drawing Posterior Samples:  64%|██████▍   | 973/1524 [01:15<00:13, 41.39step/s]
[Origin 11/13] 🎲 Drawing Posterior Samples:  64%|██████▍   | 978/1524 [01:15<00:13, 41.48step/s]
[Origin 11/13] 🎲 Drawing Posterior Samples:  65%|██████▍   | 983/1524 [01:15<00:13, 38.64step/s]
[Origin 11/13] 🎲 Drawing Posterior Samples:  65%|██████▍   | 987/1524 [01:15<00:14, 37.54step/s]
[Origin 11/13] 🎲 Drawing Posterior Samples:  65%|██████▌   | 991/1524 [01:15<00:13, 38.09step/s]
[Origin 11/13] 🎲 Drawing Posterior Samples:  65%|██████▌   | 995/1524 [01:15<00:14, 36.75step/s]
[Origin 11/13] 🎲 Drawing Posterior Samples:  66%|██████▌   | 999/1524 [01:15<00:14, 37.35step/s]
[Origin 11/13] 🎲 Drawing Posterior Samples:  66%|██████▌   | 1003/1524 [01:16<00:14, 36.36step/s]
[Origin 11/13] 🎲 Drawing Posterior Samples:  66%|██████▌   | 1009/1524 [01:16<00:13, 38.89step/s]
[Origin 11/13] 🎲 Drawing Posterior Samples:  66%|██████▋   | 1013/1524 [01:16<00:13, 38.70step/s]
[Origin 11/13] 🎲 Drawing Posterior Samples:  67%|██████▋   | 1019/1524 [01:16<00:11, 42.56step/s]
[Origin 11/13] 🎲 Drawing Posterior Samples:  67%|██████▋   | 1024/1524 [01:16<00:15, 32.55step/s]
[Origin 11/13] 🎲 Drawing Posterior Samples:  67%|██████▋   | 1028/1524 [01:16<00:14, 34.14step/s]
[Origin 11/13] 🎲 Drawing Posterior Samples:  68%|██████▊   | 1032/1524 [01:16<00:13, 35.49step/s]
[Origin 11/13] 🎲 Drawing Posterior Samples:  68%|██████▊   | 1037/1524 [01:16<00:13, 36.92step/s]
[Origin 11/13] 🎲 Drawing Posterior Samples:  68%|██████▊   | 1041/1524 [01:17<00:13, 36.28step/s]
[Origin 11/13] 🎲 Drawing Posterior Samples:  69%|██████▊   | 1045/1524 [01:17<00:13, 35.54step/s]
[Origin 11/13] 🎲 Drawing Posterior Samples:  69%|██████▉   | 1049/1524 [01:17<00:12, 36.56step/s]
[Origin 11/13] 🎲 Drawing Posterior Samples:  69%|██████▉   | 1053/1524 [01:17<00:13, 35.42step/s]
[Origin 11/13] 🎲 Drawing Posterior Samples:  69%|██████▉   | 1057/1524 [01:17<00:13, 34.65step/s]
[Origin 11/13] 🎲 Drawing Posterior Samples:  70%|██████▉   | 1062/1524 [01:17<00:12, 36.97step/s]
[Origin 11/13] 🎲 Drawing Posterior Samples:  70%|██████▉   | 1066/1524 [01:17<00:13, 34.13step/s]
[Origin 11/13] 🎲 Drawing Posterior Samples:  70%|███████   | 1071/1524 [01:17<00:12, 36.96step/s]
[Origin 11/13] 🎲 Drawing Posterior Samples:  71%|███████   | 1075/1524 [01:18<00:12, 36.26step/s]
[Origin 11/13] 🎲 Drawing Posterior Samples:  71%|███████   | 1080/1524 [01:18<00:11, 37.86step/s]
[Origin 11/13] 🎲 Drawing Posterior Samples:  71%|███████   | 1084/1524 [01:18<00:12, 34.76step/s]
[Origin 11/13] 🎲 Drawing Posterior Samples:  71%|███████▏  | 1089/1524 [01:18<00:12, 35.46step/s]
[Origin 11/13] 🎲 Drawing Posterior Samples:  72%|███████▏  | 1093/1524 [01:18<00:11, 36.57step/s]
[Origin 11/13] 🎲 Drawing Posterior Samples:  72%|███████▏  | 1097/1524 [01:18<00:11, 35.71step/s]
[Origin 11/13] 🎲 Drawing Posterior Samples:  72%|███████▏  | 1101/1524 [01:18<00:11, 36.54step/s]
[Origin 11/13] 🎲 Drawing Posterior Samples:  73%|███████▎  | 1106/1524 [01:18<00:10, 38.28step/s]
[Origin 11/13] 🎲 Drawing Posterior Samples:  73%|███████▎  | 1110/1524 [01:19<00:28, 14.74step/s]
[Origin 11/13] 🎲 Drawing Posterior Samples:  73%|███████▎  | 1113/1524 [01:20<00:37, 11.00step/s]
[Origin 11/13] 🎲 Drawing Posterior Samples:  73%|███████▎  | 1116/1524 [01:20<00:44,  9.17step/s]
[Origin 11/13] 🎲 Drawing Posterior Samples:  73%|███████▎  | 1118/1524 [01:21<00:52,  7.67step/s]
[Origin 11/13] 🎲 Drawing Posterior Samples:  73%|███████▎  | 1120/1524 [01:21<00:58,  6.90step/s]
[Origin 11/13] 🎲 Drawing Posterior Samples:  74%|███████▎  | 1122/1524 [01:21<01:02,  6.48step/s]
[Origin 11/13] 🎲 Drawing Posterior Samples:  74%|███████▎  | 1123/1524 [01:21<01:03,  6.31step/s]
[Origin 11/13] 🎲 Drawing Posterior Samples:  74%|███████▍  | 1124/1524 [01:22<01:07,  5.94step/s]
[Origin 11/13] 🎲 Drawing Posterior Samples:  74%|███████▍  | 1125/1524 [01:22<01:07,  5.95step/s]
[Origin 11/13] 🎲 Drawing Posterior Samples:  74%|███████▍  | 1126/1524 [01:22<01:11,  5.59step/s]
[Origin 11/13] 🎲 Drawing Posterior Samples:  74%|███████▍  | 1127/1524 [01:22<01:12,  5.48step/s]
[Origin 11/13] 🎲 Drawing Posterior Samples:  74%|███████▍  | 1128/1524 [01:22<01:12,  5.49step/s]
[Origin 11/13] 🎲 Drawing Posterior Samples:  74%|███████▍  | 1129/1524 [01:23<01:11,  5.52step/s]
[Origin 11/13] 🎲 Drawing Posterior Samples:  74%|███████▍  | 1130/1524 [01:23<01:14,  5.28step/s]
[Origin 11/13] 🎲 Drawing Posterior Samples:  74%|███████▍  | 1131/1524 [01:23<01:13,  5.37step/s]
[Origin 11/13] 🎲 Drawing Posterior Samples:  74%|███████▍  | 1132/1524 [01:23<01:13,  5.34step/s]
[Origin 11/13] 🎲 Drawing Posterior Samples:  74%|███████▍  | 1133/1524 [01:23<01:14,  5.26step/s]
[Origin 11/13] 🎲 Drawing Posterior Samples:  74%|███████▍  | 1134/1524 [01:24<01:11,  5.43step/s]
[Origin 11/13] 🎲 Drawing Posterior Samples:  74%|███████▍  | 1135/1524 [01:24<01:14,  5.25step/s]
[Origin 11/13] 🎲 Drawing Posterior Samples:  75%|███████▍  | 1136/1524 [01:24<01:10,  5.47step/s]
[Origin 11/13] 🎲 Drawing Posterior Samples:  75%|███████▍  | 1137/1524 [01:24<01:10,  5.48step/s]
[Origin 11/13] 🎲 Drawing Posterior Samples:  75%|███████▍  | 1138/1524 [01:24<01:19,  4.87step/s]
[Origin 11/13] 🎲 Drawing Posterior Samples:  75%|███████▍  | 1139/1524 [01:25<01:21,  4.74step/s]
[Origin 11/13] 🎲 Drawing Posterior Samples:  75%|███████▍  | 1140/1524 [01:25<01:28,  4.33step/s]
[Origin 11/13] 🎲 Drawing Posterior Samples:  75%|███████▍  | 1141/1524 [01:25<01:32,  4.14step/s]
[Origin 11/13] 🎲 Drawing Posterior Samples:  75%|███████▍  | 1142/1524 [01:25<01:34,  4.04step/s]
[Origin 11/13] 🎲 Drawing Posterior Samples:  75%|███████▌  | 1143/1524 [01:26<01:28,  4.32step/s]
[Origin 11/13] 🎲 Drawing Posterior Samples:  75%|███████▌  | 1144/1524 [01:42<32:49,  5.18s/step]
[Origin 11/13] 🎲 Drawing Posterior Samples:  75%|███████▌  | 1149/1524 [01:42<10:24,  1.66s/step]
[Origin 11/13] 🎲 Drawing Posterior Samples:  76%|███████▌  | 1158/1524 [01:43<03:44,  1.63step/s]
[Origin 11/13] 🎲 Drawing Posterior Samples:  76%|███████▋  | 1164/1524 [01:43<02:19,  2.58step/s]
[Origin 11/13] 🎲 Drawing Posterior Samples:  77%|███████▋  | 1170/1524 [01:43<01:31,  3.88step/s]
[Origin 11/13] 🎲 Drawing Posterior Samples:  77%|███████▋  | 1176/1524 [01:43<01:01,  5.63step/s]
[Origin 11/13] 🎲 Drawing Posterior Samples:  78%|███████▊  | 1183/1524 [01:43<00:41,  8.32step/s]
[Origin 11/13] 🎲 Drawing Posterior Samples:  78%|███████▊  | 1189/1524 [01:43<00:30, 11.10step/s]
[Origin 11/13] 🎲 Drawing Posterior Samples:  78%|███████▊  | 1195/1524 [01:43<00:23, 14.06step/s]
[Origin 11/13] 🎲 Drawing Posterior Samples:  79%|███████▊  | 1200/1524 [01:43<00:18, 17.36step/s]
[Origin 11/13] 🎲 Drawing Posterior Samples:  79%|███████▉  | 1205/1524 [01:43<00:15, 21.13step/s]
[Origin 11/13] 🎲 Drawing Posterior Samples:  79%|███████▉  | 1210/1524 [01:44<00:12, 25.24step/s]
[Origin 11/13] 🎲 Drawing Posterior Samples:  80%|███████▉  | 1215/1524 [01:44<00:10, 28.58step/s]
[Origin 11/13] 🎲 Drawing Posterior Samples:  80%|████████  | 1220/1524 [01:44<00:09, 32.32step/s]
[Origin 11/13] 🎲 Drawing Posterior Samples:  80%|████████  | 1225/1524 [01:44<00:08, 33.84step/s]
[Origin 11/13] 🎲 Drawing Posterior Samples:  81%|████████  | 1231/1524 [01:44<00:07, 38.34step/s]
[Origin 11/13] 🎲 Drawing Posterior Samples:  81%|████████  | 1237/1524 [01:44<00:06, 41.81step/s]
[Origin 11/13] 🎲 Drawing Posterior Samples:  81%|████████▏ | 1242/1524 [01:44<00:06, 41.71step/s]
[Origin 11/13] 🎲 Drawing Posterior Samples:  82%|████████▏ | 1247/1524 [01:44<00:06, 42.68step/s]
[Origin 11/13] 🎲 Drawing Posterior Samples:  82%|████████▏ | 1252/1524 [01:45<00:06, 41.13step/s]
[Origin 11/13] 🎲 Drawing Posterior Samples:  83%|████████▎ | 1258/1524 [01:45<00:06, 43.72step/s]
[Origin 11/13] 🎲 Drawing Posterior Samples:  83%|████████▎ | 1263/1524 [01:45<00:05, 44.98step/s]
[Origin 11/13] 🎲 Drawing Posterior Samples:  83%|████████▎ | 1268/1524 [01:45<00:05, 43.73step/s]
[Origin 11/13] 🎲 Drawing Posterior Samples:  84%|████████▎ | 1274/1524 [01:45<00:05, 45.90step/s]
[Origin 11/13] 🎲 Drawing Posterior Samples:  84%|████████▍ | 1279/1524 [01:45<00:05, 42.55step/s]
[Origin 11/13] 🎲 Drawing Posterior Samples:  84%|████████▍ | 1285/1524 [01:45<00:05, 45.13step/s]
[Origin 11/13] 🎲 Drawing Posterior Samples:  85%|████████▍ | 1291/1524 [01:45<00:04, 47.07step/s]
[Origin 11/13] 🎲 Drawing Posterior Samples:  85%|████████▌ | 1296/1524 [01:45<00:05, 45.58step/s]
[Origin 11/13] 🎲 Drawing Posterior Samples:  85%|████████▌ | 1301/1524 [01:46<00:04, 46.48step/s]
[Origin 11/13] 🎲 Drawing Posterior Samples:  86%|████████▌ | 1306/1524 [01:46<00:05, 42.50step/s]
[Origin 11/13] 🎲 Drawing Posterior Samples:  86%|████████▌ | 1312/1524 [01:46<00:04, 44.78step/s]
[Origin 11/13] 🎲 Drawing Posterior Samples:  86%|████████▋ | 1317/1524 [01:46<00:04, 46.13step/s]
[Origin 11/13] 🎲 Drawing Posterior Samples:  87%|████████▋ | 1322/1524 [01:46<00:04, 44.32step/s]
[Origin 11/13] 🎲 Drawing Posterior Samples:  87%|████████▋ | 1327/1524 [01:46<00:04, 45.83step/s]
[Origin 11/13] 🎲 Drawing Posterior Samples:  87%|████████▋ | 1332/1524 [01:46<00:04, 42.19step/s]
[Origin 11/13] 🎲 Drawing Posterior Samples:  88%|████████▊ | 1338/1524 [01:46<00:04, 45.11step/s]
[Origin 11/13] 🎲 Drawing Posterior Samples:  88%|████████▊ | 1344/1524 [01:47<00:03, 47.12step/s]
[Origin 11/13] 🎲 Drawing Posterior Samples:  89%|████████▊ | 1349/1524 [01:47<00:03, 45.71step/s]
[Origin 11/13] 🎲 Drawing Posterior Samples:  89%|████████▉ | 1354/1524 [01:47<00:03, 46.75step/s]
[Origin 11/13] 🎲 Drawing Posterior Samples:  89%|████████▉ | 1359/1524 [01:47<00:03, 42.85step/s]
[Origin 11/13] 🎲 Drawing Posterior Samples:  90%|████████▉ | 1365/1524 [01:47<00:03, 45.36step/s]
[Origin 11/13] 🎲 Drawing Posterior Samples:  90%|████████▉ | 1371/1524 [01:47<00:03, 46.82step/s]
[Origin 11/13] 🎲 Drawing Posterior Samples:  90%|█████████ | 1376/1524 [01:47<00:03, 44.85step/s]
[Origin 11/13] 🎲 Drawing Posterior Samples:  91%|█████████ | 1381/1524 [01:47<00:03, 46.07step/s]
[Origin 11/13] 🎲 Drawing Posterior Samples:  91%|█████████ | 1386/1524 [01:48<00:03, 42.37step/s]
[Origin 11/13] 🎲 Drawing Posterior Samples:  91%|█████████▏| 1392/1524 [01:48<00:02, 45.11step/s]
[Origin 11/13] 🎲 Drawing Posterior Samples:  92%|█████████▏| 1398/1524 [01:48<00:02, 47.07step/s]
[Origin 11/13] 🎲 Drawing Posterior Samples:  92%|█████████▏| 1403/1524 [01:48<00:02, 46.42step/s]
[Origin 11/13] 🎲 Drawing Posterior Samples:  92%|█████████▏| 1408/1524 [01:48<00:02, 46.63step/s]
[Origin 11/13] 🎲 Drawing Posterior Samples:  93%|█████████▎| 1413/1524 [01:48<00:02, 42.57step/s]
[Origin 11/13] 🎲 Drawing Posterior Samples:  93%|█████████▎| 1419/1524 [01:48<00:02, 45.27step/s]
[Origin 11/13] 🎲 Drawing Posterior Samples:  94%|█████████▎| 1425/1524 [01:48<00:02, 46.86step/s]
[Origin 11/13] 🎲 Drawing Posterior Samples:  94%|█████████▍| 1430/1524 [01:48<00:02, 45.69step/s]
[Origin 11/13] 🎲 Drawing Posterior Samples:  94%|█████████▍| 1435/1524 [01:49<00:01, 45.72step/s]
[Origin 11/13] 🎲 Drawing Posterior Samples:  94%|█████████▍| 1440/1524 [01:49<00:02, 41.81step/s]
[Origin 11/13] 🎲 Drawing Posterior Samples:  95%|█████████▍| 1446/1524 [01:49<00:01, 44.39step/s]
[Origin 11/13] 🎲 Drawing Posterior Samples:  95%|█████████▌| 1452/1524 [01:49<00:01, 46.58step/s]
[Origin 11/13] 🎲 Drawing Posterior Samples:  96%|█████████▌| 1458/1524 [01:49<00:01, 45.90step/s]
[Origin 11/13] 🎲 Drawing Posterior Samples:  96%|█████████▌| 1463/1524 [01:49<00:01, 46.81step/s]
[Origin 11/13] 🎲 Drawing Posterior Samples:  96%|█████████▋| 1468/1524 [01:49<00:01, 42.78step/s]
[Origin 11/13] 🎲 Drawing Posterior Samples:  97%|█████████▋| 1474/1524 [01:49<00:01, 45.37step/s]
[Origin 11/13] 🎲 Drawing Posterior Samples:  97%|█████████▋| 1480/1524 [01:50<00:00, 46.94step/s]
[Origin 11/13] 🎲 Drawing Posterior Samples:  97%|█████████▋| 1485/1524 [01:50<00:00, 46.24step/s]
[Origin 11/13] 🎲 Drawing Posterior Samples:  98%|█████████▊| 1490/1524 [01:50<00:01, 27.92step/s]
[Origin 11/13] 🎲 Drawing Posterior Samples:  98%|█████████▊| 1494/1524 [01:51<00:01, 15.75step/s]
[Origin 11/13] 🎲 Drawing Posterior Samples:  98%|█████████▊| 1497/1524 [01:51<00:02, 12.75step/s]
[Origin 11/13] 🎲 Drawing Posterior Samples:  98%|█████████▊| 1500/1524 [01:52<00:02, 10.44step/s]
[Origin 11/13] 🎲 Drawing Posterior Samples:  99%|█████████▊| 1502/1524 [01:52<00:02,  9.15step/s]
[Origin 11/13] 🎲 Drawing Posterior Samples:  99%|█████████▊| 1504/1524 [01:52<00:02,  8.60step/s]
[Origin 11/13] 🎲 Drawing Posterior Samples:  99%|█████████▉| 1506/1524 [01:52<00:02,  7.93step/s]
[Origin 11/13] 🎲 Drawing Posterior Samples:  99%|█████████▉| 1508/1524 [01:53<00:02,  7.13step/s]
[Origin 11/13] 🎲 Drawing Posterior Samples:  99%|█████████▉| 1509/1524 [01:53<00:02,  6.85step/s]
[Origin 11/13] 🎲 Drawing Posterior Samples:  99%|█████████▉| 1510/1524 [01:53<00:02,  6.56step/s]
[Origin 11/13] 🎲 Drawing Posterior Samples:  99%|█████████▉| 1511/1524 [01:53<00:02,  6.07step/s]
[Origin 11/13] 🎲 Drawing Posterior Samples:  99%|█████████▉| 1512/1524 [01:54<00:02,  5.92step/s]
[Origin 11/13] 🎲 Drawing Posterior Samples:  99%|█████████▉| 1513/1524 [01:54<00:01,  5.66step/s]
[Origin 11/13] 🎲 Drawing Posterior Samples:  99%|█████████▉| 1514/1524 [01:54<00:01,  5.64step/s]
[Origin 11/13] 🎲 Drawing Posterior Samples:  99%|█████████▉| 1515/1524 [01:54<00:01,  5.39step/s]
[Origin 11/13] 🎲 Drawing Posterior Samples:  99%|█████████▉| 1516/1524 [01:54<00:01,  4.62step/s]
[Origin 11/13] 🎲 Drawing Posterior Samples: 100%|█████████▉| 1517/1524 [01:55<00:01,  4.92step/s]
[Origin 11/13] 🎲 Drawing Posterior Samples: 100%|█████████▉| 1518/1524 [01:55<00:01,  4.90step/s]
[Origin 11/13] 🎲 Drawing Posterior Samples: 100%|█████████▉| 1519/1524 [01:55<00:01,  4.71step/s]
[Origin 11/13] 🎲 Drawing Posterior Samples: 100%|█████████▉| 1520/1524 [01:55<00:00,  4.87step/s]
[Origin 11/13] 🎲 Drawing Posterior Samples: 100%|█████████▉| 1521/1524 [01:55<00:00,  4.94step/s]
[Origin 11/13] 🎲 Drawing Posterior Samples: 100%|█████████▉| 1522/1524 [01:56<00:00,  5.18step/s]
[Origin 11/13] 🎲 Drawing Posterior Samples: 100%|█████████▉| 1523/1524 [01:56<00:00,  5.09step/s]
[Origin 11/13] 🎲 Drawing Posterior Samples: 100%|██████████| 1524/1524 [01:56<00:00,  5.26step/s]
                                                                                                  

[Origin 12/13] 🎲 Drawing Posterior Samples:   0%|          | 0/1528 [00:00<?, ?step/s]
[Origin 12/13] 🎲 Drawing Posterior Samples:   0%|          | 6/1528 [00:00<00:30, 50.73step/s]
[Origin 12/13] 🎲 Drawing Posterior Samples:   1%|          | 12/1528 [00:00<00:29, 51.81step/s]
[Origin 12/13] 🎲 Drawing Posterior Samples:   1%|          | 18/1528 [00:00<00:31, 47.61step/s]
[Origin 12/13] 🎲 Drawing Posterior Samples:   2%|▏         | 23/1528 [00:00<00:32, 46.22step/s]
[Origin 12/13] 🎲 Drawing Posterior Samples:   2%|▏         | 29/1528 [00:00<00:31, 48.15step/s]
[Origin 12/13] 🎲 Drawing Posterior Samples:   2%|▏         | 34/1528 [00:00<00:32, 46.24step/s]
[Origin 12/13] 🎲 Drawing Posterior Samples:   3%|▎         | 40/1528 [00:00<00:30, 48.23step/s]
[Origin 12/13] 🎲 Drawing Posterior Samples:   3%|▎         | 45/1528 [00:00<00:32, 46.28step/s]
[Origin 12/13] 🎲 Drawing Posterior Samples:   3%|▎         | 51/1528 [00:01<00:31, 46.63step/s]
[Origin 12/13] 🎲 Drawing Posterior Samples:   4%|▎         | 56/1528 [00:01<00:31, 47.07step/s]
[Origin 12/13] 🎲 Drawing Posterior Samples:   4%|▍         | 61/1528 [00:01<00:31, 46.36step/s]
[Origin 12/13] 🎲 Drawing Posterior Samples:   4%|▍         | 66/1528 [00:01<00:31, 46.40step/s]
[Origin 12/13] 🎲 Drawing Posterior Samples:   5%|▍         | 71/1528 [00:01<00:32, 44.56step/s]
[Origin 12/13] 🎲 Drawing Posterior Samples:   5%|▌         | 77/1528 [00:01<00:31, 46.57step/s]
[Origin 12/13] 🎲 Drawing Posterior Samples:   5%|▌         | 82/1528 [00:01<00:31, 45.30step/s]
[Origin 12/13] 🎲 Drawing Posterior Samples:   6%|▌         | 88/1528 [00:01<00:31, 45.78step/s]
[Origin 12/13] 🎲 Drawing Posterior Samples:   6%|▌         | 93/1528 [00:01<00:30, 46.51step/s]
[Origin 12/13] 🎲 Drawing Posterior Samples:   6%|▋         | 98/1528 [00:02<00:31, 45.26step/s]
[Origin 12/13] 🎲 Drawing Posterior Samples:   7%|▋         | 104/1528 [00:02<00:30, 47.43step/s]
[Origin 12/13] 🎲 Drawing Posterior Samples:   7%|▋         | 109/1528 [00:02<00:30, 45.90step/s]
[Origin 12/13] 🎲 Drawing Posterior Samples:   8%|▊         | 115/1528 [00:02<00:29, 47.58step/s]
[Origin 12/13] 🎲 Drawing Posterior Samples:   8%|▊         | 120/1528 [00:02<00:30, 45.67step/s]
[Origin 12/13] 🎲 Drawing Posterior Samples:   8%|▊         | 125/1528 [00:02<00:31, 44.14step/s]
[Origin 12/13] 🎲 Drawing Posterior Samples:   9%|▊         | 131/1528 [00:02<00:30, 46.22step/s]
[Origin 12/13] 🎲 Drawing Posterior Samples:   9%|▉         | 136/1528 [00:02<00:31, 44.76step/s]
[Origin 12/13] 🎲 Drawing Posterior Samples:   9%|▉         | 142/1528 [00:03<00:29, 46.52step/s]
[Origin 12/13] 🎲 Drawing Posterior Samples:  10%|▉         | 147/1528 [00:03<00:30, 45.40step/s]
[Origin 12/13] 🎲 Drawing Posterior Samples:  10%|▉         | 152/1528 [00:03<00:30, 44.48step/s]
[Origin 12/13] 🎲 Drawing Posterior Samples:  10%|█         | 158/1528 [00:03<00:29, 46.58step/s]
[Origin 12/13] 🎲 Drawing Posterior Samples:  11%|█         | 163/1528 [00:03<00:30, 45.49step/s]
[Origin 12/13] 🎲 Drawing Posterior Samples:  11%|█         | 169/1528 [00:03<00:28, 47.19step/s]
[Origin 12/13] 🎲 Drawing Posterior Samples:  11%|█▏        | 174/1528 [00:03<00:29, 45.74step/s]
[Origin 12/13] 🎲 Drawing Posterior Samples:  12%|█▏        | 179/1528 [00:03<00:29, 45.17step/s]
[Origin 12/13] 🎲 Drawing Posterior Samples:  12%|█▏        | 184/1528 [00:03<00:29, 45.94step/s]
[Origin 12/13] 🎲 Drawing Posterior Samples:  12%|█▏        | 190/1528 [00:04<00:28, 46.20step/s]
[Origin 12/13] 🎲 Drawing Posterior Samples:  13%|█▎        | 195/1528 [00:04<00:29, 45.86step/s]
[Origin 12/13] 🎲 Drawing Posterior Samples:  13%|█▎        | 200/1528 [00:04<00:29, 44.82step/s]
[Origin 12/13] 🎲 Drawing Posterior Samples:  13%|█▎        | 205/1528 [00:04<00:28, 46.22step/s]
[Origin 12/13] 🎲 Drawing Posterior Samples:  14%|█▎        | 210/1528 [00:04<00:29, 44.86step/s]
[Origin 12/13] 🎲 Drawing Posterior Samples:  14%|█▍        | 216/1528 [00:04<00:27, 47.10step/s]
[Origin 12/13] 🎲 Drawing Posterior Samples:  14%|█▍        | 221/1528 [00:04<00:28, 45.71step/s]
[Origin 12/13] 🎲 Drawing Posterior Samples:  15%|█▍        | 227/1528 [00:04<00:27, 47.50step/s]
[Origin 12/13] 🎲 Drawing Posterior Samples:  15%|█▌        | 232/1528 [00:05<00:28, 45.66step/s]
[Origin 12/13] 🎲 Drawing Posterior Samples:  16%|█▌        | 237/1528 [00:05<00:28, 44.53step/s]
[Origin 12/13] 🎲 Drawing Posterior Samples:  16%|█▌        | 243/1528 [00:05<00:27, 46.65step/s]
[Origin 12/13] 🎲 Drawing Posterior Samples:  16%|█▌        | 248/1528 [00:05<00:28, 44.45step/s]
[Origin 12/13] 🎲 Drawing Posterior Samples:  17%|█▋        | 253/1528 [00:05<00:27, 45.85step/s]
[Origin 12/13] 🎲 Drawing Posterior Samples:  17%|█▋        | 258/1528 [00:05<00:28, 44.40step/s]
[Origin 12/13] 🎲 Drawing Posterior Samples:  17%|█▋        | 263/1528 [00:05<00:28, 43.74step/s]
[Origin 12/13] 🎲 Drawing Posterior Samples:  18%|█▊        | 269/1528 [00:05<00:27, 46.22step/s]
[Origin 12/13] 🎲 Drawing Posterior Samples:  18%|█▊        | 274/1528 [00:05<00:27, 45.25step/s]
[Origin 12/13] 🎲 Drawing Posterior Samples:  18%|█▊        | 280/1528 [00:06<00:26, 47.00step/s]
[Origin 12/13] 🎲 Drawing Posterior Samples:  19%|█▊        | 285/1528 [00:06<00:27, 45.69step/s]
[Origin 12/13] 🎲 Drawing Posterior Samples:  19%|█▉        | 290/1528 [00:06<00:27, 44.63step/s]
[Origin 12/13] 🎲 Drawing Posterior Samples:  19%|█▉        | 296/1528 [00:06<00:26, 46.69step/s]
[Origin 12/13] 🎲 Drawing Posterior Samples:  20%|█▉        | 301/1528 [00:06<00:26, 46.37step/s]
[Origin 12/13] 🎲 Drawing Posterior Samples:  20%|██        | 306/1528 [00:06<00:26, 45.63step/s]
[Origin 12/13] 🎲 Drawing Posterior Samples:  20%|██        | 311/1528 [00:06<00:27, 44.04step/s]
[Origin 12/13] 🎲 Drawing Posterior Samples:  21%|██        | 316/1528 [00:06<00:28, 43.07step/s]
[Origin 12/13] 🎲 Drawing Posterior Samples:  21%|██        | 322/1528 [00:07<00:26, 45.66step/s]
[Origin 12/13] 🎲 Drawing Posterior Samples:  21%|██▏       | 328/1528 [00:07<00:25, 46.94step/s]
[Origin 12/13] 🎲 Drawing Posterior Samples:  22%|██▏       | 333/1528 [00:07<00:25, 46.31step/s]
[Origin 12/13] 🎲 Drawing Posterior Samples:  22%|██▏       | 338/1528 [00:07<00:25, 46.05step/s]
[Origin 12/13] 🎲 Drawing Posterior Samples:  22%|██▏       | 343/1528 [00:07<00:26, 44.40step/s]
[Origin 12/13] 🎲 Drawing Posterior Samples:  23%|██▎       | 348/1528 [00:07<00:48, 24.13step/s]
[Origin 12/13] 🎲 Drawing Posterior Samples:  23%|██▎       | 352/1528 [00:08<01:18, 14.96step/s]
[Origin 12/13] 🎲 Drawing Posterior Samples:  23%|██▎       | 355/1528 [00:09<01:44, 11.19step/s]
[Origin 12/13] 🎲 Drawing Posterior Samples:  23%|██▎       | 358/1528 [00:09<02:00,  9.68step/s]
[Origin 12/13] 🎲 Drawing Posterior Samples:  24%|██▎       | 360/1528 [00:09<02:09,  9.00step/s]
[Origin 12/13] 🎲 Drawing Posterior Samples:  24%|██▎       | 362/1528 [00:10<02:21,  8.22step/s]
[Origin 12/13] 🎲 Drawing Posterior Samples:  24%|██▍       | 364/1528 [00:10<02:25,  7.98step/s]
[Origin 12/13] 🎲 Drawing Posterior Samples:  24%|██▍       | 365/1528 [00:10<02:34,  7.53step/s]
[Origin 12/13] 🎲 Drawing Posterior Samples:  24%|██▍       | 366/1528 [00:10<02:38,  7.31step/s]
[Origin 12/13] 🎲 Drawing Posterior Samples:  24%|██▍       | 367/1528 [00:10<02:46,  6.98step/s]
[Origin 12/13] 🎲 Drawing Posterior Samples:  24%|██▍       | 368/1528 [00:11<02:51,  6.78step/s]
[Origin 12/13] 🎲 Drawing Posterior Samples:  24%|██▍       | 369/1528 [00:11<03:00,  6.43step/s]
[Origin 12/13] 🎲 Drawing Posterior Samples:  24%|██▍       | 370/1528 [00:11<03:08,  6.14step/s]
[Origin 12/13] 🎲 Drawing Posterior Samples:  24%|██▍       | 371/1528 [00:11<03:16,  5.88step/s]
[Origin 12/13] 🎲 Drawing Posterior Samples:  24%|██▍       | 372/1528 [00:11<03:31,  5.47step/s]
[Origin 12/13] 🎲 Drawing Posterior Samples:  24%|██▍       | 373/1528 [00:11<03:33,  5.40step/s]
[Origin 12/13] 🎲 Drawing Posterior Samples:  24%|██▍       | 374/1528 [00:12<03:48,  5.05step/s]
[Origin 12/13] 🎲 Drawing Posterior Samples:  25%|██▍       | 375/1528 [00:12<03:41,  5.22step/s]
[Origin 12/13] 🎲 Drawing Posterior Samples:  25%|██▍       | 376/1528 [00:12<03:47,  5.06step/s]
[Origin 12/13] 🎲 Drawing Posterior Samples:  25%|██▍       | 377/1528 [00:12<04:00,  4.78step/s]
[Origin 12/13] 🎲 Drawing Posterior Samples:  25%|██▍       | 378/1528 [00:13<03:45,  5.10step/s]
[Origin 12/13] 🎲 Drawing Posterior Samples:  25%|██▍       | 379/1528 [00:13<03:46,  5.07step/s]
[Origin 12/13] 🎲 Drawing Posterior Samples:  25%|██▍       | 380/1528 [00:13<03:39,  5.24step/s]
[Origin 12/13] 🎲 Drawing Posterior Samples:  25%|██▍       | 381/1528 [00:13<03:34,  5.36step/s]
[Origin 12/13] 🎲 Drawing Posterior Samples:  25%|██▌       | 382/1528 [00:13<03:28,  5.49step/s]
[Origin 12/13] 🎲 Drawing Posterior Samples:  25%|██▌       | 383/1528 [00:30<1:38:05,  5.14s/step]
[Origin 12/13] 🎲 Drawing Posterior Samples:  25%|██▌       | 389/1528 [00:30<27:36,  1.45s/step]  
[Origin 12/13] 🎲 Drawing Posterior Samples:  26%|██▌       | 397/1528 [00:30<11:42,  1.61step/s]
[Origin 12/13] 🎲 Drawing Posterior Samples:  26%|██▋       | 404/1528 [00:30<06:52,  2.73step/s]
[Origin 12/13] 🎲 Drawing Posterior Samples:  27%|██▋       | 410/1528 [00:30<04:37,  4.03step/s]
[Origin 12/13] 🎲 Drawing Posterior Samples:  27%|██▋       | 417/1528 [00:30<03:02,  6.08step/s]
[Origin 12/13] 🎲 Drawing Posterior Samples:  28%|██▊       | 423/1528 [00:31<02:11,  8.39step/s]
[Origin 12/13] 🎲 Drawing Posterior Samples:  28%|██▊       | 429/1528 [00:31<01:38, 11.21step/s]
[Origin 12/13] 🎲 Drawing Posterior Samples:  28%|██▊       | 435/1528 [00:31<01:15, 14.43step/s]
[Origin 12/13] 🎲 Drawing Posterior Samples:  29%|██▉       | 440/1528 [00:31<01:02, 17.49step/s]
[Origin 12/13] 🎲 Drawing Posterior Samples:  29%|██▉       | 446/1528 [00:31<00:49, 22.00step/s]
[Origin 12/13] 🎲 Drawing Posterior Samples:  30%|██▉       | 451/1528 [00:31<00:42, 25.32step/s]
[Origin 12/13] 🎲 Drawing Posterior Samples:  30%|██▉       | 457/1528 [00:31<00:35, 30.23step/s]
[Origin 12/13] 🎲 Drawing Posterior Samples:  30%|███       | 462/1528 [00:31<00:32, 32.95step/s]
[Origin 12/13] 🎲 Drawing Posterior Samples:  31%|███       | 467/1528 [00:32<00:29, 36.02step/s]
[Origin 12/13] 🎲 Drawing Posterior Samples:  31%|███       | 472/1528 [00:32<00:27, 38.62step/s]
[Origin 12/13] 🎲 Drawing Posterior Samples:  31%|███       | 477/1528 [00:32<00:26, 39.71step/s]
[Origin 12/13] 🎲 Drawing Posterior Samples:  32%|███▏      | 483/1528 [00:32<00:24, 43.07step/s]
[Origin 12/13] 🎲 Drawing Posterior Samples:  32%|███▏      | 488/1528 [00:32<00:24, 42.89step/s]
[Origin 12/13] 🎲 Drawing Posterior Samples:  32%|███▏      | 494/1528 [00:32<00:22, 45.08step/s]
[Origin 12/13] 🎲 Drawing Posterior Samples:  33%|███▎      | 499/1528 [00:32<00:23, 43.94step/s]
[Origin 12/13] 🎲 Drawing Posterior Samples:  33%|███▎      | 504/1528 [00:32<00:22, 45.51step/s]
[Origin 12/13] 🎲 Drawing Posterior Samples:  33%|███▎      | 509/1528 [00:32<00:22, 44.49step/s]
[Origin 12/13] 🎲 Drawing Posterior Samples:  34%|███▎      | 514/1528 [00:33<00:22, 45.01step/s]
[Origin 12/13] 🎲 Drawing Posterior Samples:  34%|███▍      | 519/1528 [00:33<00:21, 46.00step/s]
[Origin 12/13] 🎲 Drawing Posterior Samples:  34%|███▍      | 524/1528 [00:33<00:22, 44.88step/s]
[Origin 12/13] 🎲 Drawing Posterior Samples:  35%|███▍      | 530/1528 [00:33<00:21, 46.95step/s]
[Origin 12/13] 🎲 Drawing Posterior Samples:  35%|███▌      | 535/1528 [00:33<00:21, 45.56step/s]
[Origin 12/13] 🎲 Drawing Posterior Samples:  35%|███▌      | 541/1528 [00:33<00:20, 47.31step/s]
[Origin 12/13] 🎲 Drawing Posterior Samples:  36%|███▌      | 546/1528 [00:33<00:21, 45.71step/s]
[Origin 12/13] 🎲 Drawing Posterior Samples:  36%|███▌      | 552/1528 [00:33<00:21, 44.81step/s]
[Origin 12/13] 🎲 Drawing Posterior Samples:  37%|███▋      | 558/1528 [00:34<00:20, 46.35step/s]
[Origin 12/13] 🎲 Drawing Posterior Samples:  37%|███▋      | 563/1528 [00:34<00:21, 44.77step/s]
[Origin 12/13] 🎲 Drawing Posterior Samples:  37%|███▋      | 569/1528 [00:34<00:20, 46.67step/s]
[Origin 12/13] 🎲 Drawing Posterior Samples:  38%|███▊      | 574/1528 [00:34<00:20, 45.73step/s]
[Origin 12/13] 🎲 Drawing Posterior Samples:  38%|███▊      | 579/1528 [00:34<00:20, 46.08step/s]
[Origin 12/13] 🎲 Drawing Posterior Samples:  38%|███▊      | 584/1528 [00:34<00:20, 46.45step/s]
[Origin 12/13] 🎲 Drawing Posterior Samples:  39%|███▊      | 589/1528 [00:34<00:20, 45.23step/s]
[Origin 12/13] 🎲 Drawing Posterior Samples:  39%|███▉      | 595/1528 [00:34<00:19, 47.37step/s]
[Origin 12/13] 🎲 Drawing Posterior Samples:  39%|███▉      | 600/1528 [00:34<00:20, 45.88step/s]
[Origin 12/13] 🎲 Drawing Posterior Samples:  40%|███▉      | 606/1528 [00:35<00:19, 47.60step/s]
[Origin 12/13] 🎲 Drawing Posterior Samples:  40%|███▉      | 611/1528 [00:35<00:19, 45.89step/s]
[Origin 12/13] 🎲 Drawing Posterior Samples:  40%|████      | 616/1528 [00:35<00:19, 46.98step/s]
[Origin 12/13] 🎲 Drawing Posterior Samples:  41%|████      | 621/1528 [00:35<00:20, 45.19step/s]
[Origin 12/13] 🎲 Drawing Posterior Samples:  41%|████      | 627/1528 [00:35<00:20, 44.85step/s]
[Origin 12/13] 🎲 Drawing Posterior Samples:  41%|████▏     | 633/1528 [00:35<00:19, 46.50step/s]
[Origin 12/13] 🎲 Drawing Posterior Samples:  42%|████▏     | 638/1528 [00:35<00:19, 45.34step/s]
[Origin 12/13] 🎲 Drawing Posterior Samples:  42%|████▏     | 644/1528 [00:35<00:18, 47.25step/s]
[Origin 12/13] 🎲 Drawing Posterior Samples:  42%|████▏     | 649/1528 [00:36<00:19, 45.90step/s]
[Origin 12/13] 🎲 Drawing Posterior Samples:  43%|████▎     | 655/1528 [00:36<00:19, 44.87step/s]
[Origin 12/13] 🎲 Drawing Posterior Samples:  43%|████▎     | 661/1528 [00:36<00:18, 46.60step/s]
[Origin 12/13] 🎲 Drawing Posterior Samples:  44%|████▎     | 666/1528 [00:36<00:19, 45.03step/s]
[Origin 12/13] 🎲 Drawing Posterior Samples:  44%|████▍     | 672/1528 [00:36<00:18, 46.49step/s]
[Origin 12/13] 🎲 Drawing Posterior Samples:  44%|████▍     | 677/1528 [00:36<00:18, 44.86step/s]
[Origin 12/13] 🎲 Drawing Posterior Samples:  45%|████▍     | 682/1528 [00:36<00:18, 45.26step/s]
[Origin 12/13] 🎲 Drawing Posterior Samples:  45%|████▍     | 687/1528 [00:36<00:20, 41.87step/s]
[Origin 12/13] 🎲 Drawing Posterior Samples:  45%|████▌     | 693/1528 [00:36<00:18, 44.94step/s]
[Origin 12/13] 🎲 Drawing Posterior Samples:  46%|████▌     | 699/1528 [00:37<00:17, 46.85step/s]
[Origin 12/13] 🎲 Drawing Posterior Samples:  46%|████▌     | 704/1528 [00:37<00:18, 45.45step/s]
[Origin 12/13] 🎲 Drawing Posterior Samples:  46%|████▋     | 709/1528 [00:37<00:17, 46.52step/s]
[Origin 12/13] 🎲 Drawing Posterior Samples:  47%|████▋     | 714/1528 [00:37<00:17, 45.36step/s]
[Origin 12/13] 🎲 Drawing Posterior Samples:  47%|████▋     | 719/1528 [00:37<00:18, 44.09step/s]
[Origin 12/13] 🎲 Drawing Posterior Samples:  47%|████▋     | 725/1528 [00:37<00:17, 45.88step/s]
[Origin 12/13] 🎲 Drawing Posterior Samples:  48%|████▊     | 730/1528 [00:38<00:31, 25.05step/s]
[Origin 12/13] 🎲 Drawing Posterior Samples:  48%|████▊     | 734/1528 [00:38<00:59, 13.46step/s]
[Origin 12/13] 🎲 Drawing Posterior Samples:  48%|████▊     | 737/1528 [00:39<01:10, 11.21step/s]
[Origin 12/13] 🎲 Drawing Posterior Samples:  48%|████▊     | 740/1528 [00:39<01:21,  9.73step/s]
[Origin 12/13] 🎲 Drawing Posterior Samples:  49%|████▊     | 742/1528 [00:40<01:27,  8.95step/s]
[Origin 12/13] 🎲 Drawing Posterior Samples:  49%|████▊     | 744/1528 [00:40<01:37,  8.05step/s]
[Origin 12/13] 🎲 Drawing Posterior Samples:  49%|████▉     | 746/1528 [00:40<01:47,  7.25step/s]
[Origin 12/13] 🎲 Drawing Posterior Samples:  49%|████▉     | 747/1528 [00:40<02:00,  6.50step/s]
[Origin 12/13] 🎲 Drawing Posterior Samples:  49%|████▉     | 748/1528 [00:41<02:22,  5.47step/s]
[Origin 12/13] 🎲 Drawing Posterior Samples:  49%|████▉     | 749/1528 [00:41<02:19,  5.58step/s]
[Origin 12/13] 🎲 Drawing Posterior Samples:  49%|████▉     | 750/1528 [00:41<02:32,  5.09step/s]
[Origin 12/13] 🎲 Drawing Posterior Samples:  49%|████▉     | 751/1528 [00:41<02:38,  4.89step/s]
[Origin 12/13] 🎲 Drawing Posterior Samples:  49%|████▉     | 752/1528 [00:42<02:29,  5.20step/s]
[Origin 12/13] 🎲 Drawing Posterior Samples:  49%|████▉     | 753/1528 [00:42<02:23,  5.42step/s]
[Origin 12/13] 🎲 Drawing Posterior Samples:  49%|████▉     | 754/1528 [00:42<02:21,  5.49step/s]
[Origin 12/13] 🎲 Drawing Posterior Samples:  49%|████▉     | 755/1528 [00:42<02:27,  5.25step/s]
[Origin 12/13] 🎲 Drawing Posterior Samples:  49%|████▉     | 756/1528 [00:42<02:20,  5.50step/s]
[Origin 12/13] 🎲 Drawing Posterior Samples:  50%|████▉     | 757/1528 [00:43<02:24,  5.32step/s]
[Origin 12/13] 🎲 Drawing Posterior Samples:  50%|████▉     | 758/1528 [00:43<02:21,  5.44step/s]
[Origin 12/13] 🎲 Drawing Posterior Samples:  50%|████▉     | 759/1528 [00:43<02:18,  5.55step/s]
[Origin 12/13] 🎲 Drawing Posterior Samples:  50%|████▉     | 760/1528 [00:43<02:22,  5.39step/s]
[Origin 12/13] 🎲 Drawing Posterior Samples:  50%|████▉     | 761/1528 [00:43<02:30,  5.10step/s]
[Origin 12/13] 🎲 Drawing Posterior Samples:  50%|████▉     | 762/1528 [00:43<02:21,  5.41step/s]
[Origin 12/13] 🎲 Drawing Posterior Samples:  50%|████▉     | 763/1528 [00:44<02:21,  5.40step/s]
[Origin 12/13] 🎲 Drawing Posterior Samples:  50%|█████     | 764/1528 [00:44<02:24,  5.28step/s]
[Origin 12/13] 🎲 Drawing Posterior Samples:  50%|█████     | 765/1528 [01:00<1:02:25,  4.91s/step]
[Origin 12/13] 🎲 Drawing Posterior Samples:  50%|█████     | 771/1528 [01:00<17:32,  1.39s/step]  
[Origin 12/13] 🎲 Drawing Posterior Samples:  51%|█████     | 776/1528 [01:00<09:30,  1.32step/s]
[Origin 12/13] 🎲 Drawing Posterior Samples:  51%|█████     | 781/1528 [01:00<05:48,  2.14step/s]
[Origin 12/13] 🎲 Drawing Posterior Samples:  52%|█████▏    | 787/1528 [01:00<03:31,  3.50step/s]
[Origin 12/13] 🎲 Drawing Posterior Samples:  52%|█████▏    | 792/1528 [01:00<02:27,  5.00step/s]
[Origin 12/13] 🎲 Drawing Posterior Samples:  52%|█████▏    | 798/1528 [01:00<01:38,  7.39step/s]
[Origin 12/13] 🎲 Drawing Posterior Samples:  53%|█████▎    | 803/1528 [01:01<01:13,  9.82step/s]
[Origin 12/13] 🎲 Drawing Posterior Samples:  53%|█████▎    | 809/1528 [01:01<00:53, 13.56step/s]
[Origin 12/13] 🎲 Drawing Posterior Samples:  53%|█████▎    | 814/1528 [01:01<00:42, 16.85step/s]
[Origin 12/13] 🎲 Drawing Posterior Samples:  54%|█████▎    | 819/1528 [01:01<00:34, 20.67step/s]
[Origin 12/13] 🎲 Drawing Posterior Samples:  54%|█████▍    | 824/1528 [01:01<00:28, 24.77step/s]
[Origin 12/13] 🎲 Drawing Posterior Samples:  54%|█████▍    | 829/1528 [01:01<00:24, 28.22step/s]
[Origin 12/13] 🎲 Drawing Posterior Samples:  55%|█████▍    | 835/1528 [01:01<00:20, 33.24step/s]
[Origin 12/13] 🎲 Drawing Posterior Samples:  55%|█████▍    | 840/1528 [01:01<00:19, 35.35step/s]
[Origin 12/13] 🎲 Drawing Posterior Samples:  55%|█████▌    | 846/1528 [01:02<00:17, 39.43step/s]
[Origin 12/13] 🎲 Drawing Posterior Samples:  56%|█████▌    | 851/1528 [01:02<00:16, 40.41step/s]
[Origin 12/13] 🎲 Drawing Posterior Samples:  56%|█████▌    | 857/1528 [01:02<00:15, 42.01step/s]
[Origin 12/13] 🎲 Drawing Posterior Samples:  56%|█████▋    | 863/1528 [01:02<00:14, 44.40step/s]
[Origin 12/13] 🎲 Drawing Posterior Samples:  57%|█████▋    | 868/1528 [01:02<00:15, 43.89step/s]
[Origin 12/13] 🎲 Drawing Posterior Samples:  57%|█████▋    | 874/1528 [01:02<00:14, 46.32step/s]
[Origin 12/13] 🎲 Drawing Posterior Samples:  58%|█████▊    | 879/1528 [01:02<00:14, 45.23step/s]
[Origin 12/13] 🎲 Drawing Posterior Samples:  58%|█████▊    | 885/1528 [01:02<00:13, 46.11step/s]
[Origin 12/13] 🎲 Drawing Posterior Samples:  58%|█████▊    | 890/1528 [01:02<00:13, 46.43step/s]
[Origin 12/13] 🎲 Drawing Posterior Samples:  59%|█████▊    | 895/1528 [01:03<00:14, 45.07step/s]
[Origin 12/13] 🎲 Drawing Posterior Samples:  59%|█████▉    | 901/1528 [01:03<00:13, 46.85step/s]
[Origin 12/13] 🎲 Drawing Posterior Samples:  59%|█████▉    | 906/1528 [01:03<00:13, 45.25step/s]
[Origin 12/13] 🎲 Drawing Posterior Samples:  60%|█████▉    | 912/1528 [01:03<00:13, 47.09step/s]
[Origin 12/13] 🎲 Drawing Posterior Samples:  60%|██████    | 917/1528 [01:03<00:13, 45.79step/s]
[Origin 12/13] 🎲 Drawing Posterior Samples:  60%|██████    | 922/1528 [01:03<00:13, 45.89step/s]
[Origin 12/13] 🎲 Drawing Posterior Samples:  61%|██████    | 927/1528 [01:03<00:12, 46.64step/s]
[Origin 12/13] 🎲 Drawing Posterior Samples:  61%|██████    | 932/1528 [01:03<00:12, 46.88step/s]
[Origin 12/13] 🎲 Drawing Posterior Samples:  61%|██████▏   | 937/1528 [01:03<00:12, 46.68step/s]
[Origin 12/13] 🎲 Drawing Posterior Samples:  62%|██████▏   | 942/1528 [01:04<00:12, 45.35step/s]
[Origin 12/13] 🎲 Drawing Posterior Samples:  62%|██████▏   | 948/1528 [01:04<00:12, 47.10step/s]
[Origin 12/13] 🎲 Drawing Posterior Samples:  62%|██████▏   | 953/1528 [01:04<00:12, 45.58step/s]
[Origin 12/13] 🎲 Drawing Posterior Samples:  63%|██████▎   | 959/1528 [01:04<00:12, 47.14step/s]
[Origin 12/13] 🎲 Drawing Posterior Samples:  63%|██████▎   | 964/1528 [01:04<00:12, 45.56step/s]
[Origin 12/13] 🎲 Drawing Posterior Samples:  63%|██████▎   | 969/1528 [01:04<00:12, 45.72step/s]
[Origin 12/13] 🎲 Drawing Posterior Samples:  64%|██████▎   | 974/1528 [01:04<00:11, 46.18step/s]
[Origin 12/13] 🎲 Drawing Posterior Samples:  64%|██████▍   | 979/1528 [01:04<00:12, 45.47step/s]
[Origin 12/13] 🎲 Drawing Posterior Samples:  64%|██████▍   | 985/1528 [01:05<00:11, 47.53step/s]
[Origin 12/13] 🎲 Drawing Posterior Samples:  65%|██████▍   | 990/1528 [01:05<00:11, 46.36step/s]
[Origin 12/13] 🎲 Drawing Posterior Samples:  65%|██████▌   | 996/1528 [01:05<00:11, 48.11step/s]
[Origin 12/13] 🎲 Drawing Posterior Samples:  66%|██████▌   | 1001/1528 [01:05<00:11, 45.92step/s]
[Origin 12/13] 🎲 Drawing Posterior Samples:  66%|██████▌   | 1007/1528 [01:05<00:11, 45.82step/s]
[Origin 12/13] 🎲 Drawing Posterior Samples:  66%|██████▌   | 1012/1528 [01:05<00:11, 46.20step/s]
[Origin 12/13] 🎲 Drawing Posterior Samples:  67%|██████▋   | 1017/1528 [01:05<00:11, 44.82step/s]
[Origin 12/13] 🎲 Drawing Posterior Samples:  67%|██████▋   | 1023/1528 [01:05<00:10, 46.54step/s]
[Origin 12/13] 🎲 Drawing Posterior Samples:  67%|██████▋   | 1028/1528 [01:05<00:11, 45.07step/s]
[Origin 12/13] 🎲 Drawing Posterior Samples:  68%|██████▊   | 1034/1528 [01:06<00:10, 46.17step/s]
[Origin 12/13] 🎲 Drawing Posterior Samples:  68%|██████▊   | 1039/1528 [01:06<00:10, 46.22step/s]
[Origin 12/13] 🎲 Drawing Posterior Samples:  68%|██████▊   | 1044/1528 [01:06<00:10, 45.80step/s]
[Origin 12/13] 🎲 Drawing Posterior Samples:  69%|██████▊   | 1049/1528 [01:06<00:10, 46.91step/s]
[Origin 12/13] 🎲 Drawing Posterior Samples:  69%|██████▉   | 1054/1528 [01:06<00:10, 45.55step/s]
[Origin 12/13] 🎲 Drawing Posterior Samples:  69%|██████▉   | 1060/1528 [01:06<00:09, 47.36step/s]
[Origin 12/13] 🎲 Drawing Posterior Samples:  70%|██████▉   | 1065/1528 [01:06<00:10, 45.74step/s]
[Origin 12/13] 🎲 Drawing Posterior Samples:  70%|███████   | 1070/1528 [01:06<00:09, 46.87step/s]
[Origin 12/13] 🎲 Drawing Posterior Samples:  70%|███████   | 1075/1528 [01:06<00:10, 45.07step/s]
[Origin 12/13] 🎲 Drawing Posterior Samples:  71%|███████   | 1081/1528 [01:07<00:09, 45.37step/s]
[Origin 12/13] 🎲 Drawing Posterior Samples:  71%|███████   | 1086/1528 [01:07<00:09, 45.47step/s]
[Origin 12/13] 🎲 Drawing Posterior Samples:  71%|███████▏  | 1091/1528 [01:07<00:09, 44.23step/s]
[Origin 12/13] 🎲 Drawing Posterior Samples:  72%|███████▏  | 1097/1528 [01:07<00:09, 46.54step/s]
[Origin 12/13] 🎲 Drawing Posterior Samples:  72%|███████▏  | 1102/1528 [01:07<00:09, 45.56step/s]
[Origin 12/13] 🎲 Drawing Posterior Samples:  73%|███████▎  | 1108/1528 [01:07<00:08, 47.42step/s]
[Origin 12/13] 🎲 Drawing Posterior Samples:  73%|███████▎  | 1113/1528 [01:08<00:20, 20.17step/s]
[Origin 12/13] 🎲 Drawing Posterior Samples:  73%|███████▎  | 1117/1528 [01:09<00:41,  9.97step/s]
[Origin 12/13] 🎲 Drawing Posterior Samples:  73%|███████▎  | 1120/1528 [01:09<00:44,  9.23step/s]
[Origin 12/13] 🎲 Drawing Posterior Samples:  73%|███████▎  | 1123/1528 [01:10<00:46,  8.64step/s]
[Origin 12/13] 🎲 Drawing Posterior Samples:  74%|███████▎  | 1125/1528 [01:10<00:48,  8.34step/s]
[Origin 12/13] 🎲 Drawing Posterior Samples:  74%|███████▍  | 1127/1528 [01:10<00:49,  8.11step/s]
[Origin 12/13] 🎲 Drawing Posterior Samples:  74%|███████▍  | 1129/1528 [01:11<00:51,  7.82step/s]
[Origin 12/13] 🎲 Drawing Posterior Samples:  74%|███████▍  | 1131/1528 [01:11<00:52,  7.53step/s]
[Origin 12/13] 🎲 Drawing Posterior Samples:  74%|███████▍  | 1132/1528 [01:11<00:54,  7.26step/s]
[Origin 12/13] 🎲 Drawing Posterior Samples:  74%|███████▍  | 1133/1528 [01:11<00:56,  6.97step/s]
[Origin 12/13] 🎲 Drawing Posterior Samples:  74%|███████▍  | 1134/1528 [01:12<01:13,  5.37step/s]
[Origin 12/13] 🎲 Drawing Posterior Samples:  74%|███████▍  | 1135/1528 [01:12<01:15,  5.20step/s]
[Origin 12/13] 🎲 Drawing Posterior Samples:  74%|███████▍  | 1136/1528 [01:12<01:24,  4.63step/s]
[Origin 12/13] 🎲 Drawing Posterior Samples:  74%|███████▍  | 1137/1528 [01:12<01:17,  5.05step/s]
[Origin 12/13] 🎲 Drawing Posterior Samples:  74%|███████▍  | 1138/1528 [01:12<01:12,  5.41step/s]
[Origin 12/13] 🎲 Drawing Posterior Samples:  75%|███████▍  | 1139/1528 [01:12<01:08,  5.69step/s]
[Origin 12/13] 🎲 Drawing Posterior Samples:  75%|███████▍  | 1140/1528 [01:13<01:11,  5.46step/s]
[Origin 12/13] 🎲 Drawing Posterior Samples:  75%|███████▍  | 1141/1528 [01:13<01:12,  5.36step/s]
[Origin 12/13] 🎲 Drawing Posterior Samples:  75%|███████▍  | 1142/1528 [01:13<01:10,  5.47step/s]
[Origin 12/13] 🎲 Drawing Posterior Samples:  75%|███████▍  | 1143/1528 [01:13<01:15,  5.10step/s]
[Origin 12/13] 🎲 Drawing Posterior Samples:  75%|███████▍  | 1144/1528 [01:13<01:13,  5.25step/s]
[Origin 12/13] 🎲 Drawing Posterior Samples:  75%|███████▍  | 1145/1528 [01:14<01:09,  5.50step/s]
[Origin 12/13] 🎲 Drawing Posterior Samples:  75%|███████▌  | 1146/1528 [01:14<01:10,  5.42step/s]
[Origin 12/13] 🎲 Drawing Posterior Samples:  75%|███████▌  | 1147/1528 [01:29<30:29,  4.80s/step]
[Origin 12/13] 🎲 Drawing Posterior Samples:  75%|███████▌  | 1152/1528 [01:30<09:41,  1.55s/step]
[Origin 12/13] 🎲 Drawing Posterior Samples:  76%|███████▌  | 1157/1528 [01:30<04:54,  1.26step/s]
[Origin 12/13] 🎲 Drawing Posterior Samples:  76%|███████▌  | 1162/1528 [01:30<02:54,  2.10step/s]
[Origin 12/13] 🎲 Drawing Posterior Samples:  76%|███████▋  | 1168/1528 [01:30<01:43,  3.49step/s]
[Origin 12/13] 🎲 Drawing Posterior Samples:  77%|███████▋  | 1173/1528 [01:30<01:10,  5.01step/s]
[Origin 12/13] 🎲 Drawing Posterior Samples:  77%|███████▋  | 1179/1528 [01:30<00:46,  7.45step/s]
[Origin 12/13] 🎲 Drawing Posterior Samples:  77%|███████▋  | 1184/1528 [01:30<00:34,  9.94step/s]
[Origin 12/13] 🎲 Drawing Posterior Samples:  78%|███████▊  | 1190/1528 [01:30<00:24, 13.69step/s]
[Origin 12/13] 🎲 Drawing Posterior Samples:  78%|███████▊  | 1195/1528 [01:30<00:19, 17.15step/s]
[Origin 12/13] 🎲 Drawing Posterior Samples:  79%|███████▊  | 1200/1528 [01:31<00:15, 21.07step/s]
[Origin 12/13] 🎲 Drawing Posterior Samples:  79%|███████▉  | 1205/1528 [01:31<00:12, 25.07step/s]
[Origin 12/13] 🎲 Drawing Posterior Samples:  79%|███████▉  | 1210/1528 [01:31<00:11, 28.53step/s]
[Origin 12/13] 🎲 Drawing Posterior Samples:  80%|███████▉  | 1216/1528 [01:31<00:09, 33.42step/s]
[Origin 12/13] 🎲 Drawing Posterior Samples:  80%|███████▉  | 1221/1528 [01:31<00:08, 35.61step/s]
[Origin 12/13] 🎲 Drawing Posterior Samples:  80%|████████  | 1227/1528 [01:31<00:07, 39.55step/s]
[Origin 12/13] 🎲 Drawing Posterior Samples:  81%|████████  | 1232/1528 [01:31<00:07, 40.67step/s]
[Origin 12/13] 🎲 Drawing Posterior Samples:  81%|████████  | 1237/1528 [01:31<00:06, 42.39step/s]
[Origin 12/13] 🎲 Drawing Posterior Samples:  81%|████████▏ | 1242/1528 [01:31<00:06, 43.66step/s]
[Origin 12/13] 🎲 Drawing Posterior Samples:  82%|████████▏ | 1247/1528 [01:32<00:06, 43.44step/s]
[Origin 12/13] 🎲 Drawing Posterior Samples:  82%|████████▏ | 1253/1528 [01:32<00:05, 46.09step/s]
[Origin 12/13] 🎲 Drawing Posterior Samples:  82%|████████▏ | 1258/1528 [01:32<00:05, 45.28step/s]
[Origin 12/13] 🎲 Drawing Posterior Samples:  83%|████████▎ | 1264/1528 [01:32<00:05, 47.18step/s]
[Origin 12/13] 🎲 Drawing Posterior Samples:  83%|████████▎ | 1269/1528 [01:32<00:05, 45.63step/s]
[Origin 12/13] 🎲 Drawing Posterior Samples:  83%|████████▎ | 1275/1528 [01:32<00:05, 46.29step/s]
[Origin 12/13] 🎲 Drawing Posterior Samples:  84%|████████▍ | 1280/1528 [01:32<00:05, 46.25step/s]
[Origin 12/13] 🎲 Drawing Posterior Samples:  84%|████████▍ | 1285/1528 [01:32<00:05, 45.11step/s]
[Origin 12/13] 🎲 Drawing Posterior Samples:  84%|████████▍ | 1291/1528 [01:33<00:05, 47.25step/s]
[Origin 12/13] 🎲 Drawing Posterior Samples:  85%|████████▍ | 1296/1528 [01:33<00:05, 45.75step/s]
[Origin 12/13] 🎲 Drawing Posterior Samples:  85%|████████▌ | 1302/1528 [01:33<00:04, 47.75step/s]
[Origin 12/13] 🎲 Drawing Posterior Samples:  86%|████████▌ | 1307/1528 [01:33<00:04, 46.08step/s]
[Origin 12/13] 🎲 Drawing Posterior Samples:  86%|████████▌ | 1313/1528 [01:33<00:04, 46.82step/s]
[Origin 12/13] 🎲 Drawing Posterior Samples:  86%|████████▋ | 1318/1528 [01:33<00:04, 46.64step/s]
[Origin 12/13] 🎲 Drawing Posterior Samples:  87%|████████▋ | 1323/1528 [01:33<00:04, 46.11step/s]
[Origin 12/13] 🎲 Drawing Posterior Samples:  87%|████████▋ | 1328/1528 [01:33<00:04, 46.80step/s]
[Origin 12/13] 🎲 Drawing Posterior Samples:  87%|████████▋ | 1333/1528 [01:33<00:04, 45.22step/s]
[Origin 12/13] 🎲 Drawing Posterior Samples:  88%|████████▊ | 1338/1528 [01:34<00:04, 46.51step/s]
[Origin 12/13] 🎲 Drawing Posterior Samples:  88%|████████▊ | 1343/1528 [01:34<00:04, 44.83step/s]
[Origin 12/13] 🎲 Drawing Posterior Samples:  88%|████████▊ | 1349/1528 [01:34<00:03, 46.83step/s]
[Origin 12/13] 🎲 Drawing Posterior Samples:  89%|████████▊ | 1354/1528 [01:34<00:03, 45.46step/s]
[Origin 12/13] 🎲 Drawing Posterior Samples:  89%|████████▉ | 1360/1528 [01:34<00:03, 45.40step/s]
[Origin 12/13] 🎲 Drawing Posterior Samples:  89%|████████▉ | 1366/1528 [01:34<00:03, 47.39step/s]
[Origin 12/13] 🎲 Drawing Posterior Samples:  90%|████████▉ | 1371/1528 [01:34<00:03, 46.06step/s]
[Origin 12/13] 🎲 Drawing Posterior Samples:  90%|█████████ | 1377/1528 [01:34<00:03, 47.69step/s]
[Origin 12/13] 🎲 Drawing Posterior Samples:  90%|█████████ | 1382/1528 [01:34<00:03, 46.09step/s]
[Origin 12/13] 🎲 Drawing Posterior Samples:  91%|█████████ | 1388/1528 [01:35<00:03, 46.25step/s]
[Origin 12/13] 🎲 Drawing Posterior Samples:  91%|█████████ | 1393/1528 [01:35<00:02, 45.93step/s]
[Origin 12/13] 🎲 Drawing Posterior Samples:  91%|█████████▏| 1398/1528 [01:35<00:02, 44.86step/s]
[Origin 12/13] 🎲 Drawing Posterior Samples:  92%|█████████▏| 1403/1528 [01:35<00:02, 45.95step/s]
[Origin 12/13] 🎲 Drawing Posterior Samples:  92%|█████████▏| 1408/1528 [01:35<00:02, 44.94step/s]
[Origin 12/13] 🎲 Drawing Posterior Samples:  93%|█████████▎| 1414/1528 [01:35<00:02, 47.20step/s]
[Origin 12/13] 🎲 Drawing Posterior Samples:  93%|█████████▎| 1419/1528 [01:35<00:02, 45.88step/s]
[Origin 12/13] 🎲 Drawing Posterior Samples:  93%|█████████▎| 1425/1528 [01:35<00:02, 47.77step/s]
[Origin 12/13] 🎲 Drawing Posterior Samples:  94%|█████████▎| 1430/1528 [01:36<00:02, 46.36step/s]
[Origin 12/13] 🎲 Drawing Posterior Samples:  94%|█████████▍| 1435/1528 [01:36<00:02, 46.36step/s]
[Origin 12/13] 🎲 Drawing Posterior Samples:  94%|█████████▍| 1440/1528 [01:36<00:01, 46.12step/s]
[Origin 12/13] 🎲 Drawing Posterior Samples:  95%|█████████▍| 1445/1528 [01:36<00:01, 44.88step/s]
[Origin 12/13] 🎲 Drawing Posterior Samples:  95%|█████████▍| 1450/1528 [01:36<00:01, 46.15step/s]
[Origin 12/13] 🎲 Drawing Posterior Samples:  95%|█████████▌| 1455/1528 [01:36<00:01, 44.40step/s]
[Origin 12/13] 🎲 Drawing Posterior Samples:  96%|█████████▌| 1460/1528 [01:36<00:01, 45.82step/s]
[Origin 12/13] 🎲 Drawing Posterior Samples:  96%|█████████▌| 1465/1528 [01:36<00:01, 44.60step/s]
[Origin 12/13] 🎲 Drawing Posterior Samples:  96%|█████████▋| 1471/1528 [01:36<00:01, 46.82step/s]
[Origin 12/13] 🎲 Drawing Posterior Samples:  97%|█████████▋| 1476/1528 [01:37<00:01, 45.56step/s]
[Origin 12/13] 🎲 Drawing Posterior Samples:  97%|█████████▋| 1481/1528 [01:37<00:01, 46.17step/s]
[Origin 12/13] 🎲 Drawing Posterior Samples:  97%|█████████▋| 1486/1528 [01:37<00:00, 46.18step/s]
[Origin 12/13] 🎲 Drawing Posterior Samples:  98%|█████████▊| 1491/1528 [01:37<00:00, 44.87step/s]
[Origin 12/13] 🎲 Drawing Posterior Samples:  98%|█████████▊| 1496/1528 [01:38<00:01, 18.48step/s]
[Origin 12/13] 🎲 Drawing Posterior Samples:  98%|█████████▊| 1500/1528 [01:38<00:02, 12.34step/s]
[Origin 12/13] 🎲 Drawing Posterior Samples:  98%|█████████▊| 1503/1528 [01:39<00:02, 10.85step/s]
[Origin 12/13] 🎲 Drawing Posterior Samples:  99%|█████████▊| 1506/1528 [01:39<00:02,  9.43step/s]
[Origin 12/13] 🎲 Drawing Posterior Samples:  99%|█████████▊| 1508/1528 [01:39<00:02,  8.49step/s]
[Origin 12/13] 🎲 Drawing Posterior Samples:  99%|█████████▉| 1510/1528 [01:40<00:02,  8.11step/s]
[Origin 12/13] 🎲 Drawing Posterior Samples:  99%|█████████▉| 1512/1528 [01:40<00:02,  7.75step/s]
[Origin 12/13] 🎲 Drawing Posterior Samples:  99%|█████████▉| 1513/1528 [01:40<00:01,  7.61step/s]
[Origin 12/13] 🎲 Drawing Posterior Samples:  99%|█████████▉| 1514/1528 [01:40<00:01,  7.42step/s]
[Origin 12/13] 🎲 Drawing Posterior Samples:  99%|█████████▉| 1515/1528 [01:40<00:01,  7.18step/s]
[Origin 12/13] 🎲 Drawing Posterior Samples:  99%|█████████▉| 1516/1528 [01:41<00:01,  6.96step/s]
[Origin 12/13] 🎲 Drawing Posterior Samples:  99%|█████████▉| 1517/1528 [01:41<00:01,  6.67step/s]
[Origin 12/13] 🎲 Drawing Posterior Samples:  99%|█████████▉| 1518/1528 [01:41<00:01,  6.36step/s]
[Origin 12/13] 🎲 Drawing Posterior Samples:  99%|█████████▉| 1519/1528 [01:41<00:01,  5.82step/s]
[Origin 12/13] 🎲 Drawing Posterior Samples:  99%|█████████▉| 1520/1528 [01:41<00:01,  5.77step/s]
[Origin 12/13] 🎲 Drawing Posterior Samples: 100%|█████████▉| 1521/1528 [01:41<00:01,  5.81step/s]
[Origin 12/13] 🎲 Drawing Posterior Samples: 100%|█████████▉| 1522/1528 [01:42<00:01,  5.63step/s]
[Origin 12/13] 🎲 Drawing Posterior Samples: 100%|█████████▉| 1523/1528 [01:42<00:00,  5.61step/s]
[Origin 12/13] 🎲 Drawing Posterior Samples: 100%|█████████▉| 1524/1528 [01:42<00:00,  5.69step/s]
[Origin 12/13] 🎲 Drawing Posterior Samples: 100%|█████████▉| 1525/1528 [01:42<00:00,  5.31step/s]
[Origin 12/13] 🎲 Drawing Posterior Samples: 100%|█████████▉| 1526/1528 [01:42<00:00,  5.54step/s]
[Origin 12/13] 🎲 Drawing Posterior Samples: 100%|█████████▉| 1527/1528 [01:43<00:00,  5.48step/s]
[Origin 12/13] 🎲 Drawing Posterior Samples: 100%|██████████| 1528/1528 [01:43<00:00,  5.19step/s]
                                                                                                  

[Origin 13/13] 🎲 Drawing Posterior Samples:   0%|          | 0/1532 [00:00<?, ?step/s]
[Origin 13/13] 🎲 Drawing Posterior Samples:   0%|          | 6/1532 [00:00<00:29, 50.97step/s]
[Origin 13/13] 🎲 Drawing Posterior Samples:   1%|          | 15/1532 [00:00<00:21, 71.78step/s]
[Origin 13/13] 🎲 Drawing Posterior Samples:   2%|▏         | 23/1532 [00:00<00:22, 66.76step/s]
[Origin 13/13] 🎲 Drawing Posterior Samples:   2%|▏         | 30/1532 [00:00<00:23, 63.68step/s]
[Origin 13/13] 🎲 Drawing Posterior Samples:   2%|▏         | 37/1532 [00:00<00:23, 63.75step/s]
[Origin 13/13] 🎲 Drawing Posterior Samples:   3%|▎         | 44/1532 [00:00<00:23, 62.15step/s]
[Origin 13/13] 🎲 Drawing Posterior Samples:   3%|▎         | 51/1532 [00:00<00:26, 56.31step/s]
[Origin 13/13] 🎲 Drawing Posterior Samples:   4%|▎         | 57/1532 [00:00<00:28, 51.90step/s]
[Origin 13/13] 🎲 Drawing Posterior Samples:   4%|▍         | 63/1532 [00:01<00:30, 48.95step/s]
[Origin 13/13] 🎲 Drawing Posterior Samples:   5%|▍         | 69/1532 [00:01<00:29, 49.54step/s]
[Origin 13/13] 🎲 Drawing Posterior Samples:   5%|▍         | 75/1532 [00:01<00:30, 47.97step/s]
[Origin 13/13] 🎲 Drawing Posterior Samples:   5%|▌         | 80/1532 [00:01<00:31, 46.50step/s]
[Origin 13/13] 🎲 Drawing Posterior Samples:   6%|▌         | 86/1532 [00:01<00:30, 47.89step/s]
[Origin 13/13] 🎲 Drawing Posterior Samples:   6%|▌         | 91/1532 [00:01<00:31, 46.09step/s]
[Origin 13/13] 🎲 Drawing Posterior Samples:   6%|▋         | 97/1532 [00:01<00:29, 47.95step/s]
[Origin 13/13] 🎲 Drawing Posterior Samples:   7%|▋         | 102/1532 [00:01<00:30, 46.75step/s]
[Origin 13/13] 🎲 Drawing Posterior Samples:   7%|▋         | 108/1532 [00:02<00:30, 46.90step/s]
[Origin 13/13] 🎲 Drawing Posterior Samples:   7%|▋         | 113/1532 [00:02<00:30, 47.08step/s]
[Origin 13/13] 🎲 Drawing Posterior Samples:   8%|▊         | 118/1532 [00:02<00:31, 45.46step/s]
[Origin 13/13] 🎲 Drawing Posterior Samples:   8%|▊         | 124/1532 [00:02<00:29, 47.03step/s]
[Origin 13/13] 🎲 Drawing Posterior Samples:   8%|▊         | 129/1532 [00:02<00:30, 45.84step/s]
[Origin 13/13] 🎲 Drawing Posterior Samples:   9%|▉         | 135/1532 [00:02<00:29, 47.71step/s]
[Origin 13/13] 🎲 Drawing Posterior Samples:   9%|▉         | 140/1532 [00:02<00:29, 46.47step/s]
[Origin 13/13] 🎲 Drawing Posterior Samples:   9%|▉         | 145/1532 [00:02<00:29, 46.66step/s]
[Origin 13/13] 🎲 Drawing Posterior Samples:  10%|▉         | 150/1532 [00:02<00:29, 46.66step/s]
[Origin 13/13] 🎲 Drawing Posterior Samples:  10%|█         | 155/1532 [00:03<00:30, 45.25step/s]
[Origin 13/13] 🎲 Drawing Posterior Samples:  11%|█         | 161/1532 [00:03<00:28, 47.46step/s]
[Origin 13/13] 🎲 Drawing Posterior Samples:  11%|█         | 166/1532 [00:03<00:29, 46.05step/s]
[Origin 13/13] 🎲 Drawing Posterior Samples:  11%|█         | 172/1532 [00:03<00:28, 47.62step/s]
[Origin 13/13] 🎲 Drawing Posterior Samples:  12%|█▏        | 177/1532 [00:03<00:29, 45.82step/s]
[Origin 13/13] 🎲 Drawing Posterior Samples:  12%|█▏        | 183/1532 [00:03<00:29, 45.10step/s]
[Origin 13/13] 🎲 Drawing Posterior Samples:  12%|█▏        | 188/1532 [00:03<00:29, 46.26step/s]
[Origin 13/13] 🎲 Drawing Posterior Samples:  13%|█▎        | 193/1532 [00:03<00:29, 45.06step/s]
[Origin 13/13] 🎲 Drawing Posterior Samples:  13%|█▎        | 199/1532 [00:04<00:28, 47.09step/s]
[Origin 13/13] 🎲 Drawing Posterior Samples:  13%|█▎        | 204/1532 [00:04<00:28, 45.81step/s]
[Origin 13/13] 🎲 Drawing Posterior Samples:  14%|█▎        | 210/1532 [00:04<00:27, 47.74step/s]
[Origin 13/13] 🎲 Drawing Posterior Samples:  14%|█▍        | 215/1532 [00:04<00:28, 46.15step/s]
[Origin 13/13] 🎲 Drawing Posterior Samples:  14%|█▍        | 220/1532 [00:04<00:28, 46.62step/s]
[Origin 13/13] 🎲 Drawing Posterior Samples:  15%|█▍        | 225/1532 [00:04<00:28, 46.62step/s]
[Origin 13/13] 🎲 Drawing Posterior Samples:  15%|█▌        | 230/1532 [00:04<00:28, 45.33step/s]
[Origin 13/13] 🎲 Drawing Posterior Samples:  15%|█▌        | 236/1532 [00:04<00:27, 46.98step/s]
[Origin 13/13] 🎲 Drawing Posterior Samples:  16%|█▌        | 241/1532 [00:04<00:28, 45.28step/s]
[Origin 13/13] 🎲 Drawing Posterior Samples:  16%|█▌        | 247/1532 [00:05<00:27, 46.88step/s]
[Origin 13/13] 🎲 Drawing Posterior Samples:  16%|█▋        | 252/1532 [00:05<00:28, 45.20step/s]
[Origin 13/13] 🎲 Drawing Posterior Samples:  17%|█▋        | 257/1532 [00:05<00:27, 45.78step/s]
[Origin 13/13] 🎲 Drawing Posterior Samples:  17%|█▋        | 262/1532 [00:05<00:27, 45.93step/s]
[Origin 13/13] 🎲 Drawing Posterior Samples:  17%|█▋        | 267/1532 [00:05<00:28, 44.54step/s]
[Origin 13/13] 🎲 Drawing Posterior Samples:  18%|█▊        | 273/1532 [00:05<00:26, 46.84step/s]
[Origin 13/13] 🎲 Drawing Posterior Samples:  18%|█▊        | 278/1532 [00:05<00:27, 45.44step/s]
[Origin 13/13] 🎲 Drawing Posterior Samples:  19%|█▊        | 284/1532 [00:05<00:26, 47.25step/s]
[Origin 13/13] 🎲 Drawing Posterior Samples:  19%|█▉        | 289/1532 [00:06<00:27, 45.57step/s]
[Origin 13/13] 🎲 Drawing Posterior Samples:  19%|█▉        | 294/1532 [00:06<00:27, 45.52step/s]
[Origin 13/13] 🎲 Drawing Posterior Samples:  20%|█▉        | 299/1532 [00:06<00:27, 45.44step/s]
[Origin 13/13] 🎲 Drawing Posterior Samples:  20%|█▉        | 304/1532 [00:06<00:27, 44.35step/s]
[Origin 13/13] 🎲 Drawing Posterior Samples:  20%|██        | 310/1532 [00:06<00:26, 46.40step/s]
[Origin 13/13] 🎲 Drawing Posterior Samples:  21%|██        | 315/1532 [00:06<00:26, 45.16step/s]
[Origin 13/13] 🎲 Drawing Posterior Samples:  21%|██        | 321/1532 [00:06<00:25, 47.08step/s]
[Origin 13/13] 🎲 Drawing Posterior Samples:  21%|██▏       | 326/1532 [00:06<00:26, 45.59step/s]
[Origin 13/13] 🎲 Drawing Posterior Samples:  22%|██▏       | 332/1532 [00:06<00:26, 45.68step/s]
[Origin 13/13] 🎲 Drawing Posterior Samples:  22%|██▏       | 337/1532 [00:07<00:25, 46.72step/s]
[Origin 13/13] 🎲 Drawing Posterior Samples:  22%|██▏       | 342/1532 [00:07<00:26, 45.13step/s]
[Origin 13/13] 🎲 Drawing Posterior Samples:  23%|██▎       | 348/1532 [00:07<00:33, 35.54step/s]
[Origin 13/13] 🎲 Drawing Posterior Samples:  23%|██▎       | 352/1532 [00:08<01:14, 15.93step/s]
[Origin 13/13] 🎲 Drawing Posterior Samples:  23%|██▎       | 355/1532 [00:08<01:35, 12.39step/s]
[Origin 13/13] 🎲 Drawing Posterior Samples:  23%|██▎       | 358/1532 [00:08<01:50, 10.59step/s]
[Origin 13/13] 🎲 Drawing Posterior Samples:  23%|██▎       | 360/1532 [00:09<02:03,  9.52step/s]
[Origin 13/13] 🎲 Drawing Posterior Samples:  24%|██▎       | 362/1532 [00:09<02:12,  8.83step/s]
[Origin 13/13] 🎲 Drawing Posterior Samples:  24%|██▍       | 364/1532 [00:09<02:21,  8.25step/s]
[Origin 13/13] 🎲 Drawing Posterior Samples:  24%|██▍       | 366/1532 [00:10<02:23,  8.10step/s]
[Origin 13/13] 🎲 Drawing Posterior Samples:  24%|██▍       | 367/1532 [00:10<02:29,  7.79step/s]
[Origin 13/13] 🎲 Drawing Posterior Samples:  24%|██▍       | 368/1532 [00:10<02:31,  7.70step/s]
[Origin 13/13] 🎲 Drawing Posterior Samples:  24%|██▍       | 369/1532 [00:10<02:30,  7.73step/s]
[Origin 13/13] 🎲 Drawing Posterior Samples:  24%|██▍       | 370/1532 [00:10<02:34,  7.54step/s]
[Origin 13/13] 🎲 Drawing Posterior Samples:  24%|██▍       | 371/1532 [00:10<02:36,  7.40step/s]
[Origin 13/13] 🎲 Drawing Posterior Samples:  24%|██▍       | 372/1532 [00:10<02:39,  7.29step/s]
[Origin 13/13] 🎲 Drawing Posterior Samples:  24%|██▍       | 373/1532 [00:11<02:51,  6.74step/s]
[Origin 13/13] 🎲 Drawing Posterior Samples:  24%|██▍       | 374/1532 [00:11<03:02,  6.36step/s]
[Origin 13/13] 🎲 Drawing Posterior Samples:  24%|██▍       | 375/1532 [00:11<03:18,  5.83step/s]
[Origin 13/13] 🎲 Drawing Posterior Samples:  25%|██▍       | 376/1532 [00:11<03:26,  5.59step/s]
[Origin 13/13] 🎲 Drawing Posterior Samples:  25%|██▍       | 377/1532 [00:11<03:28,  5.55step/s]
[Origin 13/13] 🎲 Drawing Posterior Samples:  25%|██▍       | 378/1532 [00:12<03:30,  5.48step/s]
[Origin 13/13] 🎲 Drawing Posterior Samples:  25%|██▍       | 379/1532 [00:12<03:30,  5.47step/s]
[Origin 13/13] 🎲 Drawing Posterior Samples:  25%|██▍       | 380/1532 [00:12<03:31,  5.46step/s]
[Origin 13/13] 🎲 Drawing Posterior Samples:  25%|██▍       | 381/1532 [00:12<03:31,  5.44step/s]
[Origin 13/13] 🎲 Drawing Posterior Samples:  25%|██▍       | 382/1532 [00:12<03:23,  5.64step/s]
[Origin 13/13] 🎲 Drawing Posterior Samples:  25%|██▌       | 383/1532 [00:13<03:17,  5.81step/s]
[Origin 13/13] 🎲 Drawing Posterior Samples:  25%|██▌       | 384/1532 [00:29<1:38:17,  5.14s/step]
[Origin 13/13] 🎲 Drawing Posterior Samples:  25%|██▌       | 389/1532 [00:29<31:28,  1.65s/step]  
[Origin 13/13] 🎲 Drawing Posterior Samples:  26%|██▌       | 395/1532 [00:29<14:38,  1.29step/s]
[Origin 13/13] 🎲 Drawing Posterior Samples:  26%|██▌       | 400/1532 [00:30<09:02,  2.09step/s]
[Origin 13/13] 🎲 Drawing Posterior Samples:  27%|██▋       | 406/1532 [00:30<05:31,  3.39step/s]
[Origin 13/13] 🎲 Drawing Posterior Samples:  27%|██▋       | 411/1532 [00:30<03:52,  4.83step/s]
[Origin 13/13] 🎲 Drawing Posterior Samples:  27%|██▋       | 417/1532 [00:30<02:37,  7.08step/s]
[Origin 13/13] 🎲 Drawing Posterior Samples:  28%|██▊       | 423/1532 [00:30<01:50, 10.00step/s]
[Origin 13/13] 🎲 Drawing Posterior Samples:  28%|██▊       | 428/1532 [00:30<01:26, 12.82step/s]
[Origin 13/13] 🎲 Drawing Posterior Samples:  28%|██▊       | 434/1532 [00:30<01:04, 17.07step/s]
[Origin 13/13] 🎲 Drawing Posterior Samples:  29%|██▊       | 439/1532 [00:30<00:53, 20.58step/s]
[Origin 13/13] 🎲 Drawing Posterior Samples:  29%|██▉       | 445/1532 [00:31<00:43, 25.07step/s]
[Origin 13/13] 🎲 Drawing Posterior Samples:  29%|██▉       | 450/1532 [00:31<00:37, 28.96step/s]
[Origin 13/13] 🎲 Drawing Posterior Samples:  30%|██▉       | 455/1532 [00:31<00:33, 31.85step/s]
[Origin 13/13] 🎲 Drawing Posterior Samples:  30%|███       | 461/1532 [00:31<00:29, 36.37step/s]
[Origin 13/13] 🎲 Drawing Posterior Samples:  30%|███       | 466/1532 [00:31<00:28, 37.65step/s]
[Origin 13/13] 🎲 Drawing Posterior Samples:  31%|███       | 472/1532 [00:31<00:25, 41.46step/s]
[Origin 13/13] 🎲 Drawing Posterior Samples:  31%|███       | 477/1532 [00:31<00:25, 41.80step/s]
[Origin 13/13] 🎲 Drawing Posterior Samples:  32%|███▏      | 483/1532 [00:31<00:24, 42.67step/s]
[Origin 13/13] 🎲 Drawing Posterior Samples:  32%|███▏      | 489/1532 [00:32<00:23, 45.11step/s]
[Origin 13/13] 🎲 Drawing Posterior Samples:  32%|███▏      | 494/1532 [00:32<00:23, 44.53step/s]
[Origin 13/13] 🎲 Drawing Posterior Samples:  33%|███▎      | 500/1532 [00:32<00:22, 46.65step/s]
[Origin 13/13] 🎲 Drawing Posterior Samples:  33%|███▎      | 505/1532 [00:32<00:22, 45.33step/s]
[Origin 13/13] 🎲 Drawing Posterior Samples:  33%|███▎      | 511/1532 [00:32<00:22, 44.71step/s]
[Origin 13/13] 🎲 Drawing Posterior Samples:  34%|███▎      | 517/1532 [00:32<00:21, 46.47step/s]
[Origin 13/13] 🎲 Drawing Posterior Samples:  34%|███▍      | 522/1532 [00:32<00:22, 45.34step/s]
[Origin 13/13] 🎲 Drawing Posterior Samples:  34%|███▍      | 528/1532 [00:32<00:21, 47.17step/s]
[Origin 13/13] 🎲 Drawing Posterior Samples:  35%|███▍      | 533/1532 [00:32<00:21, 45.83step/s]
[Origin 13/13] 🎲 Drawing Posterior Samples:  35%|███▌      | 539/1532 [00:33<00:21, 45.74step/s]
[Origin 13/13] 🎲 Drawing Posterior Samples:  36%|███▌      | 545/1532 [00:33<00:20, 47.64step/s]
[Origin 13/13] 🎲 Drawing Posterior Samples:  36%|███▌      | 550/1532 [00:33<00:21, 46.04step/s]
[Origin 13/13] 🎲 Drawing Posterior Samples:  36%|███▋      | 556/1532 [00:33<00:20, 47.87step/s]
[Origin 13/13] 🎲 Drawing Posterior Samples:  37%|███▋      | 561/1532 [00:33<00:21, 45.95step/s]
[Origin 13/13] 🎲 Drawing Posterior Samples:  37%|███▋      | 567/1532 [00:33<00:21, 45.91step/s]
[Origin 13/13] 🎲 Drawing Posterior Samples:  37%|███▋      | 572/1532 [00:33<00:20, 46.03step/s]
[Origin 13/13] 🎲 Drawing Posterior Samples:  38%|███▊      | 577/1532 [00:33<00:21, 44.74step/s]
[Origin 13/13] 🎲 Drawing Posterior Samples:  38%|███▊      | 583/1532 [00:34<00:20, 46.62step/s]
[Origin 13/13] 🎲 Drawing Posterior Samples:  38%|███▊      | 588/1532 [00:34<00:20, 45.23step/s]
[Origin 13/13] 🎲 Drawing Posterior Samples:  39%|███▉      | 594/1532 [00:34<00:19, 47.31step/s]
[Origin 13/13] 🎲 Drawing Posterior Samples:  39%|███▉      | 599/1532 [00:34<00:20, 45.69step/s]
[Origin 13/13] 🎲 Drawing Posterior Samples:  39%|███▉      | 604/1532 [00:34<00:20, 45.19step/s]
[Origin 13/13] 🎲 Drawing Posterior Samples:  40%|███▉      | 610/1532 [00:34<00:19, 47.01step/s]
[Origin 13/13] 🎲 Drawing Posterior Samples:  40%|████      | 615/1532 [00:34<00:20, 45.64step/s]
[Origin 13/13] 🎲 Drawing Posterior Samples:  41%|████      | 621/1532 [00:34<00:19, 47.41step/s]
[Origin 13/13] 🎲 Drawing Posterior Samples:  41%|████      | 626/1532 [00:34<00:19, 45.77step/s]
[Origin 13/13] 🎲 Drawing Posterior Samples:  41%|████▏     | 632/1532 [00:35<00:19, 46.10step/s]
[Origin 13/13] 🎲 Drawing Posterior Samples:  42%|████▏     | 637/1532 [00:35<00:19, 46.06step/s]
[Origin 13/13] 🎲 Drawing Posterior Samples:  42%|████▏     | 642/1532 [00:35<00:19, 45.28step/s]
[Origin 13/13] 🎲 Drawing Posterior Samples:  42%|████▏     | 648/1532 [00:35<00:18, 47.22step/s]
[Origin 13/13] 🎲 Drawing Posterior Samples:  43%|████▎     | 653/1532 [00:35<00:19, 45.75step/s]
[Origin 13/13] 🎲 Drawing Posterior Samples:  43%|████▎     | 659/1532 [00:35<00:18, 47.71step/s]
[Origin 13/13] 🎲 Drawing Posterior Samples:  43%|████▎     | 664/1532 [00:35<00:18, 46.09step/s]
[Origin 13/13] 🎲 Drawing Posterior Samples:  44%|████▎     | 670/1532 [00:35<00:18, 45.45step/s]
[Origin 13/13] 🎲 Drawing Posterior Samples:  44%|████▍     | 676/1532 [00:36<00:18, 47.08step/s]
[Origin 13/13] 🎲 Drawing Posterior Samples:  44%|████▍     | 681/1532 [00:36<00:18, 45.43step/s]
[Origin 13/13] 🎲 Drawing Posterior Samples:  45%|████▍     | 686/1532 [00:36<00:18, 46.61step/s]
[Origin 13/13] 🎲 Drawing Posterior Samples:  45%|████▌     | 691/1532 [00:36<00:18, 44.92step/s]
[Origin 13/13] 🎲 Drawing Posterior Samples:  45%|████▌     | 696/1532 [00:36<00:18, 46.28step/s]
[Origin 13/13] 🎲 Drawing Posterior Samples:  46%|████▌     | 701/1532 [00:36<00:18, 44.99step/s]
[Origin 13/13] 🎲 Drawing Posterior Samples:  46%|████▌     | 707/1532 [00:36<00:18, 44.99step/s]
[Origin 13/13] 🎲 Drawing Posterior Samples:  47%|████▋     | 713/1532 [00:36<00:17, 46.90step/s]
[Origin 13/13] 🎲 Drawing Posterior Samples:  47%|████▋     | 718/1532 [00:36<00:17, 45.63step/s]
[Origin 13/13] 🎲 Drawing Posterior Samples:  47%|████▋     | 724/1532 [00:37<00:16, 47.60step/s]
[Origin 13/13] 🎲 Drawing Posterior Samples:  48%|████▊     | 729/1532 [00:37<00:17, 46.49step/s]
[Origin 13/13] 🎲 Drawing Posterior Samples:  48%|████▊     | 734/1532 [00:37<00:39, 20.22step/s]
[Origin 13/13] 🎲 Drawing Posterior Samples:  48%|████▊     | 738/1532 [00:38<00:57, 13.87step/s]
[Origin 13/13] 🎲 Drawing Posterior Samples:  48%|████▊     | 741/1532 [00:38<01:06, 11.95step/s]
[Origin 13/13] 🎲 Drawing Posterior Samples:  49%|████▊     | 744/1532 [00:39<01:12, 10.87step/s]
[Origin 13/13] 🎲 Drawing Posterior Samples:  49%|████▊     | 746/1532 [00:39<01:17, 10.11step/s]
[Origin 13/13] 🎲 Drawing Posterior Samples:  49%|████▉     | 748/1532 [00:39<01:28,  8.82step/s]
[Origin 13/13] 🎲 Drawing Posterior Samples:  49%|████▉     | 750/1532 [00:40<01:35,  8.16step/s]
[Origin 13/13] 🎲 Drawing Posterior Samples:  49%|████▉     | 752/1532 [00:40<01:44,  7.44step/s]
[Origin 13/13] 🎲 Drawing Posterior Samples:  49%|████▉     | 753/1532 [00:40<01:50,  7.07step/s]
[Origin 13/13] 🎲 Drawing Posterior Samples:  49%|████▉     | 754/1532 [00:40<01:58,  6.55step/s]
[Origin 13/13] 🎲 Drawing Posterior Samples:  49%|████▉     | 755/1532 [00:40<02:04,  6.26step/s]
[Origin 13/13] 🎲 Drawing Posterior Samples:  49%|████▉     | 756/1532 [00:41<02:08,  6.02step/s]
[Origin 13/13] 🎲 Drawing Posterior Samples:  49%|████▉     | 757/1532 [00:41<02:13,  5.81step/s]
[Origin 13/13] 🎲 Drawing Posterior Samples:  49%|████▉     | 758/1532 [00:41<02:42,  4.75step/s]
[Origin 13/13] 🎲 Drawing Posterior Samples:  50%|████▉     | 759/1532 [00:41<02:47,  4.62step/s]
[Origin 13/13] 🎲 Drawing Posterior Samples:  50%|████▉     | 760/1532 [00:42<02:35,  4.98step/s]
[Origin 13/13] 🎲 Drawing Posterior Samples:  50%|████▉     | 761/1532 [00:42<02:25,  5.30step/s]
[Origin 13/13] 🎲 Drawing Posterior Samples:  50%|████▉     | 762/1532 [00:42<02:19,  5.52step/s]
[Origin 13/13] 🎲 Drawing Posterior Samples:  50%|████▉     | 763/1532 [00:42<02:20,  5.47step/s]
[Origin 13/13] 🎲 Drawing Posterior Samples:  50%|████▉     | 764/1532 [00:42<02:19,  5.52step/s]
[Origin 13/13] 🎲 Drawing Posterior Samples:  50%|████▉     | 765/1532 [00:42<02:15,  5.65step/s]
[Origin 13/13] 🎲 Drawing Posterior Samples:  50%|█████     | 766/1532 [00:43<02:16,  5.60step/s]
[Origin 13/13] 🎲 Drawing Posterior Samples:  50%|█████     | 767/1532 [00:58<1:00:33,  4.75s/step]
[Origin 13/13] 🎲 Drawing Posterior Samples:  50%|█████     | 772/1532 [00:58<19:25,  1.53s/step]  
[Origin 13/13] 🎲 Drawing Posterior Samples:  51%|█████     | 780/1532 [00:58<07:37,  1.64step/s]
[Origin 13/13] 🎲 Drawing Posterior Samples:  51%|█████▏    | 787/1532 [00:58<04:22,  2.84step/s]
[Origin 13/13] 🎲 Drawing Posterior Samples:  52%|█████▏    | 793/1532 [00:59<02:54,  4.24step/s]
[Origin 13/13] 🎲 Drawing Posterior Samples:  52%|█████▏    | 800/1532 [00:59<01:53,  6.42step/s]
[Origin 13/13] 🎲 Drawing Posterior Samples:  53%|█████▎    | 806/1532 [00:59<01:21,  8.86step/s]
[Origin 13/13] 🎲 Drawing Posterior Samples:  53%|█████▎    | 812/1532 [00:59<01:00, 11.94step/s]
[Origin 13/13] 🎲 Drawing Posterior Samples:  53%|█████▎    | 818/1532 [00:59<00:46, 15.22step/s]
[Origin 13/13] 🎲 Drawing Posterior Samples:  54%|█████▍    | 824/1532 [00:59<00:37, 18.98step/s]
[Origin 13/13] 🎲 Drawing Posterior Samples:  54%|█████▍    | 829/1532 [00:59<00:31, 22.62step/s]
[Origin 13/13] 🎲 Drawing Posterior Samples:  54%|█████▍    | 834/1532 [00:59<00:26, 25.99step/s]
[Origin 13/13] 🎲 Drawing Posterior Samples:  55%|█████▍    | 840/1532 [00:59<00:22, 31.00step/s]
[Origin 13/13] 🎲 Drawing Posterior Samples:  55%|█████▌    | 845/1532 [01:00<00:20, 33.67step/s]
[Origin 13/13] 🎲 Drawing Posterior Samples:  56%|█████▌    | 851/1532 [01:00<00:17, 38.01step/s]
[Origin 13/13] 🎲 Drawing Posterior Samples:  56%|█████▌    | 856/1532 [01:00<00:17, 39.37step/s]
[Origin 13/13] 🎲 Drawing Posterior Samples:  56%|█████▌    | 861/1532 [01:00<00:16, 41.42step/s]
[Origin 13/13] 🎲 Drawing Posterior Samples:  57%|█████▋    | 866/1532 [01:00<00:15, 42.69step/s]
[Origin 13/13] 🎲 Drawing Posterior Samples:  57%|█████▋    | 871/1532 [01:00<00:15, 44.03step/s]
[Origin 13/13] 🎲 Drawing Posterior Samples:  57%|█████▋    | 876/1532 [01:00<00:14, 44.66step/s]
[Origin 13/13] 🎲 Drawing Posterior Samples:  58%|█████▊    | 881/1532 [01:00<00:14, 43.68step/s]
[Origin 13/13] 🎲 Drawing Posterior Samples:  58%|█████▊    | 887/1532 [01:00<00:13, 46.08step/s]
[Origin 13/13] 🎲 Drawing Posterior Samples:  58%|█████▊    | 892/1532 [01:01<00:14, 45.05step/s]
[Origin 13/13] 🎲 Drawing Posterior Samples:  59%|█████▊    | 898/1532 [01:01<00:13, 47.16step/s]
[Origin 13/13] 🎲 Drawing Posterior Samples:  59%|█████▉    | 903/1532 [01:01<00:13, 45.86step/s]
[Origin 13/13] 🎲 Drawing Posterior Samples:  59%|█████▉    | 909/1532 [01:01<00:13, 45.14step/s]
[Origin 13/13] 🎲 Drawing Posterior Samples:  60%|█████▉    | 915/1532 [01:01<00:13, 47.03step/s]
[Origin 13/13] 🎲 Drawing Posterior Samples:  60%|██████    | 920/1532 [01:01<00:13, 45.92step/s]
[Origin 13/13] 🎲 Drawing Posterior Samples:  60%|██████    | 926/1532 [01:01<00:12, 47.73step/s]
[Origin 13/13] 🎲 Drawing Posterior Samples:  61%|██████    | 931/1532 [01:01<00:12, 46.24step/s]
[Origin 13/13] 🎲 Drawing Posterior Samples:  61%|██████    | 937/1532 [01:02<00:12, 46.67step/s]
[Origin 13/13] 🎲 Drawing Posterior Samples:  61%|██████▏   | 942/1532 [01:02<00:12, 46.33step/s]
[Origin 13/13] 🎲 Drawing Posterior Samples:  62%|██████▏   | 947/1532 [01:02<00:12, 45.55step/s]
[Origin 13/13] 🎲 Drawing Posterior Samples:  62%|██████▏   | 953/1532 [01:02<00:12, 47.54step/s]
[Origin 13/13] 🎲 Drawing Posterior Samples:  63%|██████▎   | 958/1532 [01:02<00:12, 46.19step/s]
[Origin 13/13] 🎲 Drawing Posterior Samples:  63%|██████▎   | 964/1532 [01:02<00:11, 48.07step/s]
[Origin 13/13] 🎲 Drawing Posterior Samples:  63%|██████▎   | 969/1532 [01:02<00:12, 46.89step/s]
[Origin 13/13] 🎲 Drawing Posterior Samples:  64%|██████▎   | 975/1532 [01:02<00:11, 46.87step/s]
[Origin 13/13] 🎲 Drawing Posterior Samples:  64%|██████▍   | 980/1532 [01:02<00:11, 47.29step/s]
[Origin 13/13] 🎲 Drawing Posterior Samples:  64%|██████▍   | 985/1532 [01:03<00:11, 45.85step/s]
[Origin 13/13] 🎲 Drawing Posterior Samples:  65%|██████▍   | 991/1532 [01:03<00:11, 47.56step/s]
[Origin 13/13] 🎲 Drawing Posterior Samples:  65%|██████▌   | 996/1532 [01:03<00:11, 45.95step/s]
[Origin 13/13] 🎲 Drawing Posterior Samples:  65%|██████▌   | 1002/1532 [01:03<00:11, 47.61step/s]
[Origin 13/13] 🎲 Drawing Posterior Samples:  66%|██████▌   | 1007/1532 [01:03<00:11, 45.92step/s]
[Origin 13/13] 🎲 Drawing Posterior Samples:  66%|██████▌   | 1013/1532 [01:03<00:11, 45.78step/s]
[Origin 13/13] 🎲 Drawing Posterior Samples:  67%|██████▋   | 1019/1532 [01:03<00:10, 47.43step/s]
[Origin 13/13] 🎲 Drawing Posterior Samples:  67%|██████▋   | 1024/1532 [01:03<00:11, 46.11step/s]
[Origin 13/13] 🎲 Drawing Posterior Samples:  67%|██████▋   | 1030/1532 [01:04<00:10, 47.99step/s]
[Origin 13/13] 🎲 Drawing Posterior Samples:  68%|██████▊   | 1035/1532 [01:04<00:10, 46.10step/s]
[Origin 13/13] 🎲 Drawing Posterior Samples:  68%|██████▊   | 1041/1532 [01:04<00:10, 46.54step/s]
[Origin 13/13] 🎲 Drawing Posterior Samples:  68%|██████▊   | 1046/1532 [01:04<00:10, 46.84step/s]
[Origin 13/13] 🎲 Drawing Posterior Samples:  69%|██████▊   | 1051/1532 [01:04<00:10, 45.58step/s]
[Origin 13/13] 🎲 Drawing Posterior Samples:  69%|██████▉   | 1057/1532 [01:04<00:10, 47.29step/s]
[Origin 13/13] 🎲 Drawing Posterior Samples:  69%|██████▉   | 1062/1532 [01:04<00:10, 45.52step/s]
[Origin 13/13] 🎲 Drawing Posterior Samples:  70%|██████▉   | 1068/1532 [01:04<00:09, 47.21step/s]
[Origin 13/13] 🎲 Drawing Posterior Samples:  70%|███████   | 1073/1532 [01:04<00:10, 45.61step/s]
[Origin 13/13] 🎲 Drawing Posterior Samples:  70%|███████   | 1078/1532 [01:05<00:09, 46.71step/s]
[Origin 13/13] 🎲 Drawing Posterior Samples:  71%|███████   | 1083/1532 [01:05<00:09, 45.96step/s]
[Origin 13/13] 🎲 Drawing Posterior Samples:  71%|███████   | 1088/1532 [01:05<00:09, 46.40step/s]
[Origin 13/13] 🎲 Drawing Posterior Samples:  71%|███████▏  | 1093/1532 [01:05<00:09, 46.34step/s]
[Origin 13/13] 🎲 Drawing Posterior Samples:  72%|███████▏  | 1098/1532 [01:05<00:09, 44.66step/s]
[Origin 13/13] 🎲 Drawing Posterior Samples:  72%|███████▏  | 1104/1532 [01:05<00:09, 46.90step/s]
[Origin 13/13] 🎲 Drawing Posterior Samples:  72%|███████▏  | 1109/1532 [01:05<00:09, 45.53step/s]
[Origin 13/13] 🎲 Drawing Posterior Samples:  73%|███████▎  | 1114/1532 [01:06<00:13, 31.55step/s]
[Origin 13/13] 🎲 Drawing Posterior Samples:  73%|███████▎  | 1118/1532 [01:06<00:24, 16.76step/s]
[Origin 13/13] 🎲 Drawing Posterior Samples:  73%|███████▎  | 1121/1532 [01:07<00:31, 12.97step/s]
[Origin 13/13] 🎲 Drawing Posterior Samples:  73%|███████▎  | 1124/1532 [01:07<00:36, 11.15step/s]
[Origin 13/13] 🎲 Drawing Posterior Samples:  73%|███████▎  | 1126/1532 [01:07<00:39, 10.27step/s]
[Origin 13/13] 🎲 Drawing Posterior Samples:  74%|███████▎  | 1128/1532 [01:08<00:44,  9.01step/s]
[Origin 13/13] 🎲 Drawing Posterior Samples:  74%|███████▍  | 1130/1532 [01:08<00:48,  8.36step/s]
[Origin 13/13] 🎲 Drawing Posterior Samples:  74%|███████▍  | 1132/1532 [01:08<00:53,  7.42step/s]
[Origin 13/13] 🎲 Drawing Posterior Samples:  74%|███████▍  | 1133/1532 [01:08<00:56,  7.08step/s]
[Origin 13/13] 🎲 Drawing Posterior Samples:  74%|███████▍  | 1134/1532 [01:09<00:57,  6.89step/s]
[Origin 13/13] 🎲 Drawing Posterior Samples:  74%|███████▍  | 1135/1532 [01:09<00:59,  6.65step/s]
[Origin 13/13] 🎲 Drawing Posterior Samples:  74%|███████▍  | 1136/1532 [01:09<01:02,  6.34step/s]
[Origin 13/13] 🎲 Drawing Posterior Samples:  74%|███████▍  | 1137/1532 [01:09<01:04,  6.08step/s]
[Origin 13/13] 🎲 Drawing Posterior Samples:  74%|███████▍  | 1138/1532 [01:09<01:06,  5.93step/s]
[Origin 13/13] 🎲 Drawing Posterior Samples:  74%|███████▍  | 1139/1532 [01:09<01:08,  5.71step/s]
[Origin 13/13] 🎲 Drawing Posterior Samples:  74%|███████▍  | 1140/1532 [01:10<01:09,  5.66step/s]
[Origin 13/13] 🎲 Drawing Posterior Samples:  74%|███████▍  | 1141/1532 [01:10<01:09,  5.60step/s]
[Origin 13/13] 🎲 Drawing Posterior Samples:  75%|███████▍  | 1142/1532 [01:10<01:09,  5.59step/s]
[Origin 13/13] 🎲 Drawing Posterior Samples:  75%|███████▍  | 1143/1532 [01:10<01:11,  5.47step/s]
[Origin 13/13] 🎲 Drawing Posterior Samples:  75%|███████▍  | 1144/1532 [01:10<01:09,  5.59step/s]
[Origin 13/13] 🎲 Drawing Posterior Samples:  75%|███████▍  | 1145/1532 [01:11<01:10,  5.51step/s]
[Origin 13/13] 🎲 Drawing Posterior Samples:  75%|███████▍  | 1146/1532 [01:11<01:10,  5.46step/s]
[Origin 13/13] 🎲 Drawing Posterior Samples:  75%|███████▍  | 1147/1532 [01:11<01:08,  5.62step/s]
[Origin 13/13] 🎲 Drawing Posterior Samples:  75%|███████▍  | 1148/1532 [01:11<01:08,  5.62step/s]
[Origin 13/13] 🎲 Drawing Posterior Samples:  75%|███████▌  | 1149/1532 [01:11<01:07,  5.72step/s]
[Origin 13/13] 🎲 Drawing Posterior Samples:  75%|███████▌  | 1150/1532 [01:27<30:36,  4.81s/step]
[Origin 13/13] 🎲 Drawing Posterior Samples:  75%|███████▌  | 1156/1532 [01:27<08:32,  1.36s/step]
[Origin 13/13] 🎲 Drawing Posterior Samples:  76%|███████▌  | 1161/1532 [01:27<04:36,  1.34step/s]
[Origin 13/13] 🎲 Drawing Posterior Samples:  76%|███████▌  | 1167/1532 [01:27<02:34,  2.36step/s]
[Origin 13/13] 🎲 Drawing Posterior Samples:  76%|███████▋  | 1171/1532 [01:27<01:50,  3.25step/s]
[Origin 13/13] 🎲 Drawing Posterior Samples:  77%|███████▋  | 1177/1532 [01:27<01:09,  5.12step/s]
[Origin 13/13] 🎲 Drawing Posterior Samples:  77%|███████▋  | 1183/1532 [01:28<00:46,  7.55step/s]
[Origin 13/13] 🎲 Drawing Posterior Samples:  78%|███████▊  | 1188/1532 [01:28<00:34, 10.02step/s]
[Origin 13/13] 🎲 Drawing Posterior Samples:  78%|███████▊  | 1194/1532 [01:28<00:24, 13.79step/s]
[Origin 13/13] 🎲 Drawing Posterior Samples:  78%|███████▊  | 1199/1532 [01:28<00:19, 17.13step/s]
[Origin 13/13] 🎲 Drawing Posterior Samples:  79%|███████▊  | 1205/1532 [01:28<00:14, 21.96step/s]
[Origin 13/13] 🎲 Drawing Posterior Samples:  79%|███████▉  | 1210/1532 [01:28<00:12, 25.46step/s]
[Origin 13/13] 🎲 Drawing Posterior Samples:  79%|███████▉  | 1216/1532 [01:28<00:10, 29.44step/s]
[Origin 13/13] 🎲 Drawing Posterior Samples:  80%|███████▉  | 1222/1532 [01:28<00:09, 33.98step/s]
[Origin 13/13] 🎲 Drawing Posterior Samples:  80%|████████  | 1227/1532 [01:29<00:08, 36.01step/s]
[Origin 13/13] 🎲 Drawing Posterior Samples:  80%|████████  | 1233/1532 [01:29<00:07, 39.98step/s]
[Origin 13/13] 🎲 Drawing Posterior Samples:  81%|████████  | 1238/1532 [01:29<00:07, 40.63step/s]
[Origin 13/13] 🎲 Drawing Posterior Samples:  81%|████████  | 1244/1532 [01:29<00:06, 41.75step/s]
[Origin 13/13] 🎲 Drawing Posterior Samples:  82%|████████▏ | 1250/1532 [01:29<00:06, 44.57step/s]
[Origin 13/13] 🎲 Drawing Posterior Samples:  82%|████████▏ | 1255/1532 [01:29<00:06, 43.80step/s]
[Origin 13/13] 🎲 Drawing Posterior Samples:  82%|████████▏ | 1261/1532 [01:29<00:05, 46.14step/s]
[Origin 13/13] 🎲 Drawing Posterior Samples:  83%|████████▎ | 1266/1532 [01:29<00:05, 45.05step/s]
[Origin 13/13] 🎲 Drawing Posterior Samples:  83%|████████▎ | 1272/1532 [01:29<00:05, 45.68step/s]
[Origin 13/13] 🎲 Drawing Posterior Samples:  83%|████████▎ | 1277/1532 [01:30<00:05, 45.84step/s]
[Origin 13/13] 🎲 Drawing Posterior Samples:  84%|████████▎ | 1282/1532 [01:30<00:05, 44.83step/s]
[Origin 13/13] 🎲 Drawing Posterior Samples:  84%|████████▍ | 1288/1532 [01:30<00:05, 46.99step/s]
[Origin 13/13] 🎲 Drawing Posterior Samples:  84%|████████▍ | 1293/1532 [01:30<00:05, 45.81step/s]
[Origin 13/13] 🎲 Drawing Posterior Samples:  85%|████████▍ | 1299/1532 [01:30<00:04, 47.72step/s]
[Origin 13/13] 🎲 Drawing Posterior Samples:  85%|████████▌ | 1304/1532 [01:30<00:04, 46.07step/s]
[Origin 13/13] 🎲 Drawing Posterior Samples:  86%|████████▌ | 1310/1532 [01:30<00:04, 45.27step/s]
[Origin 13/13] 🎲 Drawing Posterior Samples:  86%|████████▌ | 1316/1532 [01:30<00:04, 47.29step/s]
[Origin 13/13] 🎲 Drawing Posterior Samples:  86%|████████▌ | 1321/1532 [01:31<00:04, 46.12step/s]
[Origin 13/13] 🎲 Drawing Posterior Samples:  87%|████████▋ | 1327/1532 [01:31<00:04, 47.65step/s]
[Origin 13/13] 🎲 Drawing Posterior Samples:  87%|████████▋ | 1332/1532 [01:31<00:04, 45.88step/s]
[Origin 13/13] 🎲 Drawing Posterior Samples:  87%|████████▋ | 1338/1532 [01:31<00:04, 46.20step/s]
[Origin 13/13] 🎲 Drawing Posterior Samples:  88%|████████▊ | 1343/1532 [01:31<00:04, 45.99step/s]
[Origin 13/13] 🎲 Drawing Posterior Samples:  88%|████████▊ | 1348/1532 [01:31<00:04, 45.13step/s]
[Origin 13/13] 🎲 Drawing Posterior Samples:  88%|████████▊ | 1354/1532 [01:31<00:03, 47.24step/s]
[Origin 13/13] 🎲 Drawing Posterior Samples:  89%|████████▊ | 1359/1532 [01:31<00:03, 46.14step/s]
[Origin 13/13] 🎲 Drawing Posterior Samples:  89%|████████▉ | 1365/1532 [01:31<00:03, 47.96step/s]
[Origin 13/13] 🎲 Drawing Posterior Samples:  89%|████████▉ | 1370/1532 [01:32<00:03, 46.35step/s]
[Origin 13/13] 🎲 Drawing Posterior Samples:  90%|████████▉ | 1375/1532 [01:32<00:03, 46.64step/s]
[Origin 13/13] 🎲 Drawing Posterior Samples:  90%|█████████ | 1380/1532 [01:32<00:03, 46.58step/s]
[Origin 13/13] 🎲 Drawing Posterior Samples:  90%|█████████ | 1385/1532 [01:32<00:03, 45.49step/s]
[Origin 13/13] 🎲 Drawing Posterior Samples:  91%|█████████ | 1391/1532 [01:32<00:02, 47.41step/s]
[Origin 13/13] 🎲 Drawing Posterior Samples:  91%|█████████ | 1396/1532 [01:32<00:02, 45.77step/s]
[Origin 13/13] 🎲 Drawing Posterior Samples:  92%|█████████▏| 1402/1532 [01:32<00:02, 47.45step/s]
[Origin 13/13] 🎲 Drawing Posterior Samples:  92%|█████████▏| 1407/1532 [01:32<00:02, 46.21step/s]
[Origin 13/13] 🎲 Drawing Posterior Samples:  92%|█████████▏| 1413/1532 [01:33<00:02, 47.05step/s]
[Origin 13/13] 🎲 Drawing Posterior Samples:  93%|█████████▎| 1418/1532 [01:33<00:02, 47.05step/s]
[Origin 13/13] 🎲 Drawing Posterior Samples:  93%|█████████▎| 1423/1532 [01:33<00:02, 47.22step/s]
[Origin 13/13] 🎲 Drawing Posterior Samples:  93%|█████████▎| 1428/1532 [01:33<00:02, 46.45step/s]
[Origin 13/13] 🎲 Drawing Posterior Samples:  94%|█████████▎| 1433/1532 [01:33<00:02, 45.78step/s]
[Origin 13/13] 🎲 Drawing Posterior Samples:  94%|█████████▍| 1439/1532 [01:33<00:01, 47.67step/s]
[Origin 13/13] 🎲 Drawing Posterior Samples:  94%|█████████▍| 1444/1532 [01:33<00:01, 46.10step/s]
[Origin 13/13] 🎲 Drawing Posterior Samples:  95%|█████████▍| 1450/1532 [01:33<00:01, 47.67step/s]
[Origin 13/13] 🎲 Drawing Posterior Samples:  95%|█████████▍| 1455/1532 [01:33<00:01, 46.28step/s]
[Origin 13/13] 🎲 Drawing Posterior Samples:  95%|█████████▌| 1460/1532 [01:34<00:01, 46.46step/s]
[Origin 13/13] 🎲 Drawing Posterior Samples:  96%|█████████▌| 1465/1532 [01:34<00:01, 46.55step/s]
[Origin 13/13] 🎲 Drawing Posterior Samples:  96%|█████████▌| 1470/1532 [01:34<00:01, 46.67step/s]
[Origin 13/13] 🎲 Drawing Posterior Samples:  96%|█████████▋| 1475/1532 [01:34<00:01, 46.71step/s]
[Origin 13/13] 🎲 Drawing Posterior Samples:  97%|█████████▋| 1480/1532 [01:34<00:01, 45.63step/s]
[Origin 13/13] 🎲 Drawing Posterior Samples:  97%|█████████▋| 1486/1532 [01:34<00:00, 47.45step/s]
[Origin 13/13] 🎲 Drawing Posterior Samples:  97%|█████████▋| 1491/1532 [01:34<00:00, 46.02step/s]
[Origin 13/13] 🎲 Drawing Posterior Samples:  98%|█████████▊| 1497/1532 [01:34<00:00, 35.19step/s]
[Origin 13/13] 🎲 Drawing Posterior Samples:  98%|█████████▊| 1501/1532 [01:35<00:01, 18.08step/s]
[Origin 13/13] 🎲 Drawing Posterior Samples:  98%|█████████▊| 1504/1532 [01:35<00:02, 13.08step/s]
[Origin 13/13] 🎲 Drawing Posterior Samples:  98%|█████████▊| 1507/1532 [01:36<00:02, 11.32step/s]
[Origin 13/13] 🎲 Drawing Posterior Samples:  98%|█████████▊| 1509/1532 [01:36<00:02, 10.15step/s]
[Origin 13/13] 🎲 Drawing Posterior Samples:  99%|█████████▊| 1511/1532 [01:36<00:02,  9.25step/s]
[Origin 13/13] 🎲 Drawing Posterior Samples:  99%|█████████▉| 1513/1532 [01:37<00:02,  8.70step/s]
[Origin 13/13] 🎲 Drawing Posterior Samples:  99%|█████████▉| 1515/1532 [01:37<00:02,  8.31step/s]
[Origin 13/13] 🎲 Drawing Posterior Samples:  99%|█████████▉| 1516/1532 [01:37<00:01,  8.19step/s]
[Origin 13/13] 🎲 Drawing Posterior Samples:  99%|█████████▉| 1517/1532 [01:37<00:01,  7.85step/s]
[Origin 13/13] 🎲 Drawing Posterior Samples:  99%|█████████▉| 1518/1532 [01:37<00:01,  7.61step/s]
[Origin 13/13] 🎲 Drawing Posterior Samples:  99%|█████████▉| 1519/1532 [01:38<00:01,  7.53step/s]
[Origin 13/13] 🎲 Drawing Posterior Samples:  99%|█████████▉| 1520/1532 [01:38<00:01,  7.29step/s]
[Origin 13/13] 🎲 Drawing Posterior Samples:  99%|█████████▉| 1521/1532 [01:38<00:01,  7.05step/s]
[Origin 13/13] 🎲 Drawing Posterior Samples:  99%|█████████▉| 1522/1532 [01:38<00:01,  6.67step/s]
[Origin 13/13] 🎲 Drawing Posterior Samples:  99%|█████████▉| 1523/1532 [01:38<00:01,  5.83step/s]
[Origin 13/13] 🎲 Drawing Posterior Samples:  99%|█████████▉| 1524/1532 [01:38<00:01,  5.96step/s]
[Origin 13/13] 🎲 Drawing Posterior Samples: 100%|█████████▉| 1525/1532 [01:39<00:01,  5.86step/s]
[Origin 13/13] 🎲 Drawing Posterior Samples: 100%|█████████▉| 1526/1532 [01:39<00:01,  5.91step/s]
[Origin 13/13] 🎲 Drawing Posterior Samples: 100%|█████████▉| 1527/1532 [01:39<00:00,  5.89step/s]
[Origin 13/13] 🎲 Drawing Posterior Samples: 100%|█████████▉| 1528/1532 [01:39<00:00,  5.43step/s]
[Origin 13/13] 🎲 Drawing Posterior Samples: 100%|█████████▉| 1529/1532 [01:39<00:00,  5.07step/s]
[Origin 13/13] 🎲 Drawing Posterior Samples: 100%|█████████▉| 1530/1532 [01:40<00:00,  5.22step/s]
[Origin 13/13] 🎲 Drawing Posterior Samples: 100%|█████████▉| 1531/1532 [01:40<00:00,  5.12step/s]
[Origin 13/13] 🎲 Drawing Posterior Samples: 100%|██████████| 1532/1532 [01:40<00:00,  5.12step/s]
                                                                                                  
wandb: WARNING Saving files without folders. If you want to preserve subdirectories pass base_path to wandb.save, i.e. wandb.save("/mnt/folder/file.h5", base_path="/mnt")
wandb: - 0.136 MB of 0.136 MB uploaded
wandb: \ 0.153 MB of 0.153 MB uploaded
wandb: | 0.153 MB of 0.153 MB uploaded
wandb:                                                                                
wandb: 
wandb: Run history:
wandb:            month-wise/by_ns_best/Brier_cls_sample █▄▅▅▆▅▃▃▄▃▅▅▅▅▅▃▃▂▅▂▄▄▄▅▆▅▁▃▃▃▁▃▃▅▄▂▃▁▂▃
wandb:       month-wise/by_ns_best/Brier_cls_sample_mean ▁
wandb:            month-wise/by_os_best/Brier_cls_sample ▃▃▂▄▄▄▂▁▄▅▇▄▄▅▇▇▅▁▂▆▆▇▆██▄▄▅▅▆▆▂▆▇▅▇▂▂▄▆
wandb:       month-wise/by_os_best/Brier_cls_sample_mean ▁
wandb:            month-wise/by_sb_best/Brier_cls_sample ▄▃▃▄▃▄▂▁▁▁▂▃▁▂▂▄▂▂▂▃▄▄▅▅▅▂▂▃▁▃▅▅▄▄█▅▄▄▅▆
wandb:       month-wise/by_sb_best/Brier_cls_sample_mean ▁
wandb:                        month-wise/lr_ns_best/CRPS ▂▃▃▂▁▂▁▂▂█▂▂▂▁▁▁▁▁▂▂▁▁▁▁▂▁▁▁▁▁▁▁▁▂▁▁▁▁▁▁
wandb:                   month-wise/lr_ns_best/CRPS_mean ▁
wandb:                  month-wise/lr_ns_best/MCR_sample ▁▁▁▁▁▁▁▁▁█▁▁▁▁▁▁▁▁▁▁▁▁▁▁▁▁▁▁▁▁▁▁▁▁▁▁▁▁▁▁
wandb:             month-wise/lr_ns_best/MCR_sample_mean ▁
wandb:                   month-wise/lr_ns_best/QS_sample ▂▂▂▁▁▁▁▁▂█▂▁▁▁▁▁▁▁▂▁▁▁▁▁▁▁▁▁▁▁▁▁▁▁▁▁▁▁▁▁
wandb:              month-wise/lr_ns_best/QS_sample_mean ▁
wandb:                        month-wise/lr_os_best/CRPS ▁▁▁▁▂▁▁▁▂▁▂▁▁▁▂▁▁▁▁▃▂▂▂▂▂▂▂▁▂█▅▄▅▅▂▂▂▂▁▄
wandb:                   month-wise/lr_os_best/CRPS_mean ▁
wandb:                  month-wise/lr_os_best/MCR_sample ▂▅▃▃▃▅▄▄█▃▂▅▃▅▂▃▅▄▄▁▂▂▂▃▂▃▃▃▃▁▁▁▁▁▃▃▃▂▃▁
wandb:             month-wise/lr_os_best/MCR_sample_mean ▁
wandb:                   month-wise/lr_os_best/QS_sample ▁▁▁▁▂▁▁▁▂▁▂▁▁▂▂▁▁▁▁▂▂▂▂▂▂▂▂▁▂█▅▄▅▅▂▂▂▂▁▄
wandb:              month-wise/lr_os_best/QS_sample_mean ▁
wandb:                        month-wise/lr_sb_best/CRPS ▁▁▁▁▁▁▁▁▁▁▁▁▁▁▁▁▁▁▁▁▁▁▁▁▁▁▁▁▁▁▁▁▁▁▁▁▁▁▁█
wandb:                   month-wise/lr_sb_best/CRPS_mean ▁
wandb:                  month-wise/lr_sb_best/MCR_sample ▂▂▂▂▃▃▄▄▆▃▃▅▄▄▃▅▃▄▄▄▂▃▂▄▃▄▃▄▆▃█▃▂▂▄▇▂▃▁▁
wandb:             month-wise/lr_sb_best/MCR_sample_mean ▁
wandb:                   month-wise/lr_sb_best/QS_sample ▁▁▁▁▁▁▁▁▁▁▁▁▁▁▁▁▁▁▁▁▁▁▁▁▁▁▁▁▁▁▁▁▁▁▁▁▁▁▁█
wandb:              month-wise/lr_sb_best/QS_sample_mean ▁
wandb:                                  month-wise/month ▁▃▃▄▅▇▇▇▁▁▂▅▅▆▇▇▇▇▂▃██▅▅▇▇██▂▄█▁▃▄▅▅▆▆▇█
wandb:             step-wise/by_ns_best/Brier_cls_sample █▇▇▇█▇▆▆▆▇▆▆▆▆▆▆▆▇▇▆▆▆▆▆▅▅▅▅▄▃▂▂▂▁▁▁
wandb:        step-wise/by_ns_best/Brier_cls_sample_mean ▁
wandb:             step-wise/by_os_best/Brier_cls_sample ▁▁▂▂▃▄▄▅▄▄▅▃▃▃▄▅▆▅▅▄▄▅▆▇█▇▆▇▆▅▆▆▅▅▅▅
wandb:        step-wise/by_os_best/Brier_cls_sample_mean ▁
wandb:             step-wise/by_sb_best/Brier_cls_sample ▂▂▂▂▁▁▁▁▁▁▁▂▂▂▃▄▄▄▄▄▄▄▄▅▅▅▅▅▆▆▆▆▆▇██
wandb:        step-wise/by_sb_best/Brier_cls_sample_mean ▁
wandb:                         step-wise/lr_ns_best/CRPS ▂▂▂▂▂▂▂█▂▂▂▂▁▁▁▁▁▁▁▁▁▁▁▁▁▁▁▁▁▁▁▁▁▁▁▁
wandb:                    step-wise/lr_ns_best/CRPS_mean ▁
wandb:                   step-wise/lr_ns_best/MCR_sample ▁▁▁▁▁▁▁█▁▁▁▁▁▁▁▁▁▁▁▁▁▁▁▁▁▁▁▁▁▁▁▁▁▁▁▁
wandb:              step-wise/lr_ns_best/MCR_sample_mean ▁
wandb:                    step-wise/lr_ns_best/QS_sample ▁▂▁▁▁▁▁█▁▁▁▁▁▁▁▁▁▁▁▁▁▁▁▁▁▁▁▁▁▁▁▁▁▁▁▁
wandb:               step-wise/lr_ns_best/QS_sample_mean ▁
wandb:                         step-wise/lr_os_best/CRPS ▁▁▁▁▁▁▂▁▁▁▂▂▁▁▁▂▂▂▂▂▂▂▄▄▅▇▇████████▇
wandb:                    step-wise/lr_os_best/CRPS_mean ▁
wandb:                   step-wise/lr_os_best/MCR_sample ▃▂▂▃▂▃▇▃▅▄▃▃▂▃▂▃▂▂▂▃▂▂▂▂▂█▂▂▁▁▁▁▁▁▂▁
wandb:              step-wise/lr_os_best/MCR_sample_mean ▁
wandb:                    step-wise/lr_os_best/QS_sample ▁▁▁▁▁▁▂▁▂▁▁▂▁▁▁▂▂▂▂▂▂▂▄▄▅▇▇████▇███▇
wandb:               step-wise/lr_os_best/QS_sample_mean ▁
wandb:                         step-wise/lr_sb_best/CRPS ▁▁▁▁▁▁▁▁▁▁▁▁▁▁▁▁▁▁▁▁▁▁▁▂▂▁▁▁▁▂▂▂▂▂▂█
wandb:                    step-wise/lr_sb_best/CRPS_mean ▁
wandb:                   step-wise/lr_sb_best/MCR_sample ▂▂▂▂▂▄▄▂▅▂▂▃▂▃▂▂▂▂▃▂▂▂▂▇█▃▂▂▂▂▂▂▃▂▂▁
wandb:              step-wise/lr_sb_best/MCR_sample_mean ▁
wandb:                    step-wise/lr_sb_best/QS_sample ▁▁▁▁▁▁▁▁▁▁▁▁▁▁▁▁▁▁▁▁▁▁▁▂▂▂▁▁▁▂▂▂▂▂▂█
wandb:               step-wise/lr_sb_best/QS_sample_mean ▁
wandb:                                    step-wise/step ▂▃▃▃▄▅▆▇█▁▂▃▄▅▆██▂▄▅▆▇██▃▄▆▆▇▁▄▅▆▆▇▇▁▃▆▇
wandb:      time-series-wise/by_ns_best/Brier_cls_sample █▆▅▆▅▅▄▄▃▃▂▁▁
wandb: time-series-wise/by_ns_best/Brier_cls_sample_mean ▁
wandb:      time-series-wise/by_os_best/Brier_cls_sample ▁▂▃▄▄▅▅▆█▇█▆▇
wandb: time-series-wise/by_os_best/Brier_cls_sample_mean ▁
wandb:      time-series-wise/by_sb_best/Brier_cls_sample ▁▂▂▂▂▃▄▃▄▅▆▆█
wandb: time-series-wise/by_sb_best/Brier_cls_sample_mean ▁
wandb:                  time-series-wise/lr_ns_best/CRPS ▂▂▂█▂▂▁▁▁▁▁▁▁
wandb:             time-series-wise/lr_ns_best/CRPS_mean ▁
wandb:            time-series-wise/lr_ns_best/MCR_sample ▁▁▁█▁▁▁▁▁▁▁▁▁
wandb:       time-series-wise/lr_ns_best/MCR_sample_mean ▁
wandb:             time-series-wise/lr_ns_best/QS_sample ▁▁▁█▁▁▁▁▁▁▁▁▁
wandb:        time-series-wise/lr_ns_best/QS_sample_mean ▁
wandb:                  time-series-wise/lr_os_best/CRPS ▁▂▃▅▆▆▆▇▇▇█▇█
wandb:             time-series-wise/lr_os_best/CRPS_mean ▁
wandb:            time-series-wise/lr_os_best/MCR_sample ▂▂▂▄▂▂▂▃▁▁█▁▂
wandb:       time-series-wise/lr_os_best/MCR_sample_mean ▁
wandb:             time-series-wise/lr_os_best/QS_sample ▁▂▃▅▅▅▆▆▆▆█▇▇
wandb:        time-series-wise/lr_os_best/QS_sample_mean ▁
wandb:                  time-series-wise/lr_sb_best/CRPS ▁▁▁▁▁▁▁▁▁▁▁▂█
wandb:             time-series-wise/lr_sb_best/CRPS_mean ▁
wandb:            time-series-wise/lr_sb_best/MCR_sample ▄▃▄█▅▃▄▇▁▅▅▃▅
wandb:       time-series-wise/lr_sb_best/MCR_sample_mean ▁
wandb:             time-series-wise/lr_sb_best/QS_sample ▁▁▁▁▁▁▁▁▁▁▂▂█
wandb:        time-series-wise/lr_sb_best/QS_sample_mean ▁
wandb:                      time-series-wise/time-series ▁▂▃▅▆███▃▃▆▇██▂▄▇███▁▂▂▃▆▂▂▅▆█▁▂▂▃▄▅▆▆▇█
wandb: 
wandb: Run summary:
wandb:            month-wise/by_ns_best/Brier_cls_sample 0.00219
wandb:       month-wise/by_ns_best/Brier_cls_sample_mean 0.00281
wandb:            month-wise/by_os_best/Brier_cls_sample 0.00449
wandb:       month-wise/by_os_best/Brier_cls_sample_mean 0.00418
wandb:            month-wise/by_sb_best/Brier_cls_sample 0.01002
wandb:       month-wise/by_sb_best/Brier_cls_sample_mean 0.00805
wandb:                        month-wise/lr_ns_best/CRPS 0.02198
wandb:                   month-wise/lr_ns_best/CRPS_mean 0.05501
wandb:                  month-wise/lr_ns_best/MCR_sample 0.76841
wandb:             month-wise/lr_ns_best/MCR_sample_mean 2.03928
wandb:                   month-wise/lr_ns_best/QS_sample 0.02271
wandb:              month-wise/lr_ns_best/QS_sample_mean 0.06228
wandb:                        month-wise/lr_os_best/CRPS 0.08888
wandb:                   month-wise/lr_os_best/CRPS_mean 0.0443
wandb:                  month-wise/lr_os_best/MCR_sample 0.23008
wandb:             month-wise/lr_os_best/MCR_sample_mean 0.59803
wandb:                   month-wise/lr_os_best/QS_sample 0.0879
wandb:              month-wise/lr_os_best/QS_sample_mean 0.04353
wandb:                        month-wise/lr_sb_best/CRPS 8.81062
wandb:                   month-wise/lr_sb_best/CRPS_mean 0.34842
wandb:                  month-wise/lr_sb_best/MCR_sample 0.01931
wandb:             month-wise/lr_sb_best/MCR_sample_mean 1.84918
wandb:                   month-wise/lr_sb_best/QS_sample 8.71121
wandb:              month-wise/lr_sb_best/QS_sample_mean 0.34385
wandb:                                  month-wise/month 504
wandb:             step-wise/by_ns_best/Brier_cls_sample 0.00224
wandb:        step-wise/by_ns_best/Brier_cls_sample_mean 0.00282
wandb:             step-wise/by_os_best/Brier_cls_sample 0.00424
wandb:        step-wise/by_os_best/Brier_cls_sample_mean 0.00425
wandb:             step-wise/by_sb_best/Brier_cls_sample 0.00948
wandb:        step-wise/by_sb_best/Brier_cls_sample_mean 0.00787
wandb:                         step-wise/lr_ns_best/CRPS 0.02834
wandb:                    step-wise/lr_ns_best/CRPS_mean 0.05284
wandb:                   step-wise/lr_ns_best/MCR_sample 0.62277
wandb:              step-wise/lr_ns_best/MCR_sample_mean 2.86451
wandb:                    step-wise/lr_ns_best/QS_sample 0.02807
wandb:               step-wise/lr_ns_best/QS_sample_mean 0.06143
wandb:                         step-wise/lr_os_best/CRPS 0.06764
wandb:                    step-wise/lr_os_best/CRPS_mean 0.04589
wandb:                   step-wise/lr_os_best/MCR_sample 0.24392
wandb:              step-wise/lr_os_best/MCR_sample_mean 0.5067
wandb:                    step-wise/lr_os_best/QS_sample 0.06669
wandb:               step-wise/lr_os_best/QS_sample_mean 0.04509
wandb:                         step-wise/lr_sb_best/CRPS 0.88759
wandb:                    step-wise/lr_sb_best/CRPS_mean 0.17447
wandb:                   step-wise/lr_sb_best/MCR_sample 0.22596
wandb:              step-wise/lr_sb_best/MCR_sample_mean 1.8326
wandb:                    step-wise/lr_sb_best/QS_sample 0.87048
wandb:               step-wise/lr_sb_best/QS_sample_mean 0.173
wandb:                                    step-wise/step 36
wandb:      time-series-wise/by_ns_best/Brier_cls_sample 0.0027
wandb: time-series-wise/by_ns_best/Brier_cls_sample_mean 0.00282
wandb:      time-series-wise/by_os_best/Brier_cls_sample 0.0043
wandb: time-series-wise/by_os_best/Brier_cls_sample_mean 0.00425
wandb:      time-series-wise/by_sb_best/Brier_cls_sample 0.00832
wandb: time-series-wise/by_sb_best/Brier_cls_sample_mean 0.00787
wandb:                  time-series-wise/lr_ns_best/CRPS 0.03574
wandb:             time-series-wise/lr_ns_best/CRPS_mean 0.05284
wandb:            time-series-wise/lr_ns_best/MCR_sample 0.79435
wandb:       time-series-wise/lr_ns_best/MCR_sample_mean 3.54621
wandb:             time-series-wise/lr_ns_best/QS_sample 0.03581
wandb:        time-series-wise/lr_ns_best/QS_sample_mean 0.06143
wandb:                  time-series-wise/lr_os_best/CRPS 0.05018
wandb:             time-series-wise/lr_os_best/CRPS_mean 0.04589
wandb:            time-series-wise/lr_os_best/MCR_sample 0.38115
wandb:       time-series-wise/lr_os_best/MCR_sample_mean 0.45977
wandb:             time-series-wise/lr_os_best/QS_sample 0.04916
wandb:        time-series-wise/lr_os_best/QS_sample_mean 0.04509
wandb:                  time-series-wise/lr_sb_best/CRPS 0.43736
wandb:             time-series-wise/lr_sb_best/CRPS_mean 0.17447
wandb:            time-series-wise/lr_sb_best/MCR_sample 1.66942
wandb:       time-series-wise/lr_sb_best/MCR_sample_mean 1.57404
wandb:             time-series-wise/lr_sb_best/QS_sample 0.46291
wandb:        time-series-wise/lr_sb_best/QS_sample_mean 0.173
wandb:                      time-series-wise/time-series 12
wandb: 
wandb: 🚀 View run misty-wind-34 at: https://wandb.ai/views_pipeline/truncated_smoke_calibration/runs/d2rj17t5
wandb: ⭐️ View project at: https://wandb.ai/views_pipeline/truncated_smoke_calibration
wandb: Synced 5 W&B file(s), 0 media file(s), 36 artifact file(s) and 36 other file(s)
wandb: Find logs at: ./wandb/run-20260816_004923-d2rj17t5/logs
