[32m [0m[36m [0m[33m [0m[35m [0m[34m [0m[33m [0m[35m [0m[33m [0m[34m [0m[35m [0m[33m [0m[32m [0m[35m [0m[34m [0m[36m [0m[32m [0m[32m [0m[32m [0m[35m [0m[33m [0m[36m [0m[31m [0m[32m [0m[36m [0m[33m [0m[31m [0m[31m [0m[32m [0m[34m [0m[33m [0m[31m [0m[34m [0m[32m [0m[34m [0m[31m [0m[31m [0m[36m [0m[31m [0m[33m [0m[31m [0m[34m [0m[33m [0m[36m [0m[31m [0m[35m [0m[33m [0m[34m [0m[36m [0m[36m [0m[34m [0m[33m [0m[32m [0m[34m [0m[35m [0m[36m [0m[34m [0m[36m [0m[32m [0m[32m [0m[36m [0m[36m [0m[31m [0m[35m [0m[36m [0m[33m [0m[31m [0m[33m [0m[33m [0m[31m [0m[34m [0m[35m [0m[34m [0m[35m [0m[35m [0m[31m [0m[33m [0m[32m [0m[33m [0m[35m [0m[36m [0m[36m [0m[31m [0m[36m [0m[36m [0m[32m [0m[31m [0m[35m [0m[33m [0m[34m [0m[33m [0m[31m [0m[34m [0m[33m [0m[32m [0m[32m [0m[33m [0m[33m [0m[35m [0m[32m [0m[35m [0m[36m [0m[35m [0m[32m [0m[32m [0m[35m [0m[33m [0m[32m [0m[34m [0m[32m [0m[32m [0m[33m [0m[34m [0m[36m [0m[33m [0m[35m [0m[35m [0m[31m [0m[34m [0m[32m [0m[36m [0m[31m [0m[33m [0m[35m [0m[34m [0m[31m [0m[34m [0m[32m [0m[34m [0m[35m [0m[31m [0m[33m [0m[34m [0m[32m [0m[34m [0m[32m [0m[32m
[0m[32m [0m[31m#[0m[32m#[0m[34m#[0m[35m#[0m[31m#[0m[35m#[0m[36m [0m[36m [0m[31m [0m[36m#[0m[32m#[0m[35m#[0m[34m#[0m[33m#[0m[35m#[0m[32m [0m[33m [0m[31m [0m[32m#[0m[34m#[0m[31m [0m[32m [0m[34m#[0m[31m#[0m[34m [0m[33m [0m[31m [0m[31m#[0m[34m#[0m[35m [0m[31m [0m[31m#[0m[33m#[0m[36m [0m[32m [0m[34m [0m[35m#[0m[36m#[0m[31m#[0m[35m#[0m[33m#[0m[32m#[0m[33m [0m[34m [0m[31m [0m[33m [0m[35m#[0m[33m#[0m[36m#[0m[31m#[0m[36m [0m[35m [0m[32m [0m[36m [0m[32m#[0m[32m#[0m[36m#[0m[33m#[0m[35m#[0m[31m#[0m[32m [0m[35m [0m[36m [0m[35m#[0m[36m#[0m[32m#[0m[31m#[0m[34m#[0m[34m#[0m[34m [0m[32m [0m[34m [0m[36m#[0m[35m#[0m[36m#[0m[31m#[0m[35m#[0m[31m [0m[36m [0m[33m [0m[35m [0m[34m [0m[36m [0m[34m#[0m[36m [0m[31m [0m[34m [0m[31m [0m[36m [0m[36m [0m[32m#[0m[34m#[0m[32m#[0m[31m#[0m[36m#[0m[35m#[0m[36m [0m[35m [0m[36m [0m[31m#[0m[35m#[0m[31m [0m[32m [0m[36m#[0m[34m#[0m[32m [0m[36m [0m[32m [0m[36m#[0m[36m#[0m[34m#[0m[33m#[0m[33m#[0m[36m#[0m[31m [0m[36m [0m[34m [0m[32m#[0m[34m#[0m[31m [0m[34m [0m[34m#[0m[32m#[0m[31m [0m[33m [0m[34m [0m[35m#[0m[35m#[0m[36m#[0m[35m#[0m[31m#[0m[36m#[0m[35m [0m[34m [0m[33m
[0m[36m [0m[31m#[0m[36m#[0m[34m#[0m[33m#[0m[31m#[0m[32m#[0m[32m [0m[33m [0m[31m [0m[36m#[0m[34m#[0m[31m [0m[36m#[0m[34m#[0m[33m#[0m[35m [0m[33m [0m[35m [0m[32m#[0m[34m#[0m[33m [0m[31m [0m[34m#[0m[36m#[0m[34m [0m[31m [0m[31m [0m[32m#[0m[34m#[0m[32m#[0m[32m [0m[31m#[0m[32m#[0m[33m [0m[33m [0m[31m [0m[34m#[0m[36m#[0m[31m [0m[33m#[0m[33m#[0m[31m#[0m[36m [0m[33m [0m[36m [0m[36m [0m[35m#[0m[31m#[0m[32m#[0m[33m#[0m[35m [0m[36m [0m[34m [0m[31m [0m[34m#[0m[31m#[0m[32m#[0m[34m#[0m[34m#[0m[32m#[0m[35m [0m[34m [0m[32m [0m[35m#[0m[36m#[0m[32m [0m[31m [0m[36m [0m[36m [0m[31m [0m[35m [0m[33m [0m[32m#[0m[31m#[0m[36m [0m[36m [0m[33m#[0m[33m#[0m[35m [0m[32m [0m[34m [0m[33m [0m[31m#[0m[36m#[0m[32m [0m[33m [0m[36m [0m[32m [0m[34m [0m[36m [0m[36m#[0m[31m#[0m[34m#[0m[35m [0m[31m#[0m[33m#[0m[31m [0m[33m [0m[36m [0m[32m#[0m[36m#[0m[35m#[0m[32m#[0m[32m#[0m[31m#[0m[32m [0m[35m [0m[33m [0m[33m#[0m[31m#[0m[35m [0m[36m [0m[34m#[0m[33m#[0m[32m [0m[31m [0m[33m [0m[36m#[0m[36m#[0m[31m [0m[33m#[0m[35m#[0m[32m [0m[31m [0m[35m [0m[34m [0m[32m#[0m[31m#[0m[32m [0m[36m [0m[36m [0m[31m [0m[31m [0m[32m [0m[33m
[0m[31m [0m[35m [0m[36m [0m[32m#[0m[32m#[0m[31m [0m[33m [0m[35m [0m[34m [0m[32m [0m[32m#[0m[36m#[0m[31m [0m[33m#[0m[33m#[0m[33m#[0m[35m [0m[33m [0m[31m [0m[31m#[0m[32m#[0m[33m [0m[34m [0m[33m#[0m[32m#[0m[32m [0m[32m [0m[36m [0m[35m#[0m[34m#[0m[35m#[0m[35m#[0m[34m#[0m[33m#[0m[34m [0m[31m [0m[35m [0m[35m#[0m[36m#[0m[31m [0m[33m [0m[31m [0m[36m [0m[36m [0m[33m [0m[35m [0m[36m#[0m[36m#[0m[33m [0m[32m [0m[35m#[0m[32m#[0m[33m [0m[35m [0m[36m [0m[34m [0m[31m [0m[34m#[0m[31m#[0m[36m [0m[32m [0m[33m [0m[34m [0m[35m [0m[32m#[0m[36m#[0m[34m#[0m[36m#[0m[33m [0m[36m [0m[33m [0m[33m [0m[31m [0m[35m#[0m[35m#[0m[31m [0m[33m [0m[31m#[0m[35m#[0m[34m [0m[35m [0m[31m [0m[32m#[0m[33m#[0m[32m#[0m[31m#[0m[35m#[0m[36m#[0m[33m#[0m[35m [0m[34m [0m[33m#[0m[36m#[0m[35m#[0m[35m [0m[33m [0m[33m [0m[32m [0m[31m [0m[31m [0m[35m#[0m[34m#[0m[31m#[0m[32m#[0m[36m#[0m[35m#[0m[33m [0m[36m [0m[36m [0m[36m#[0m[31m#[0m[32m [0m[36m [0m[34m#[0m[31m#[0m[35m [0m[33m [0m[36m [0m[31m#[0m[31m#[0m[33m#[0m[32m#[0m[32m [0m[34m [0m[36m [0m[33m [0m[36m [0m[31m#[0m[31m#[0m[36m#[0m[31m#[0m[34m [0m[36m [0m[32m [0m[33m [0m[32m
[0m[36m [0m[32m [0m[32m [0m[33m#[0m[32m#[0m[34m [0m[34m [0m[33m [0m[32m [0m[35m [0m[36m#[0m[34m#[0m[36m#[0m[34m#[0m[32m#[0m[33m [0m[36m [0m[34m [0m[34m [0m[31m#[0m[31m#[0m[36m#[0m[35m [0m[35m#[0m[36m#[0m[34m [0m[35m [0m[34m [0m[35m#[0m[33m#[0m[36m#[0m[35m#[0m[32m#[0m[36m#[0m[36m [0m[34m [0m[36m [0m[34m#[0m[33m#[0m[36m [0m[33m [0m[31m [0m[31m [0m[35m [0m[31m [0m[32m [0m[33m#[0m[36m#[0m[33m#[0m[32m#[0m[31m#[0m[36m#[0m[32m [0m[35m [0m[33m [0m[35m [0m[35m [0m[32m#[0m[36m#[0m[32m [0m[33m [0m[35m [0m[32m [0m[36m [0m[36m#[0m[33m#[0m[36m#[0m[33m [0m[34m [0m[35m [0m[34m [0m[33m [0m[34m [0m[36m#[0m[32m#[0m[33m#[0m[31m [0m[32m#[0m[36m#[0m[35m [0m[36m [0m[34m [0m[32m#[0m[34m#[0m[34m#[0m[33m#[0m[31m#[0m[32m#[0m[34m#[0m[33m [0m[31m [0m[31m#[0m[35m#[0m[36m#[0m[33m#[0m[31m#[0m[35m#[0m[34m [0m[31m [0m[36m [0m[33m#[0m[36m#[0m[36m [0m[36m#[0m[33m#[0m[33m#[0m[35m [0m[35m [0m[35m [0m[36m#[0m[36m#[0m[35m [0m[35m [0m[31m#[0m[33m#[0m[31m [0m[36m [0m[33m [0m[36m#[0m[33m#[0m[35m#[0m[31m#[0m[34m#[0m[32m [0m[35m [0m[34m [0m[36m [0m[34m#[0m[33m#[0m[34m#[0m[33m [0m[33m [0m[36m [0m[34m [0m[32m [0m[33m
[0m[34m [0m[36m [0m[32m [0m[34m#[0m[35m#[0m[31m [0m[32m [0m[35m [0m[33m [0m[35m [0m[32m#[0m[36m#[0m[35m [0m[35m#[0m[34m#[0m[31m#[0m[35m [0m[35m [0m[36m [0m[31m#[0m[32m#[0m[34m#[0m[32m [0m[31m#[0m[33m#[0m[34m [0m[35m [0m[33m [0m[34m#[0m[36m#[0m[36m#[0m[31m [0m[34m#[0m[34m#[0m[33m [0m[36m [0m[35m [0m[33m#[0m[31m#[0m[32m [0m[36m [0m[33m#[0m[31m#[0m[36m [0m[33m [0m[36m [0m[32m#[0m[35m#[0m[36m [0m[31m [0m[32m#[0m[36m#[0m[34m [0m[35m [0m[35m [0m[35m [0m[33m [0m[33m#[0m[32m#[0m[35m [0m[35m [0m[34m [0m[34m [0m[32m [0m[34m#[0m[32m#[0m[35m#[0m[36m [0m[32m [0m[33m [0m[35m [0m[31m [0m[31m [0m[33m#[0m[33m#[0m[31m#[0m[34m [0m[33m#[0m[32m#[0m[34m [0m[31m [0m[33m [0m[32m [0m[36m#[0m[35m#[0m[32m [0m[31m [0m[34m [0m[32m [0m[35m [0m[35m [0m[35m [0m[34m [0m[31m [0m[36m#[0m[31m#[0m[36m#[0m[36m [0m[31m [0m[31m [0m[36m#[0m[32m#[0m[33m [0m[34m#[0m[31m#[0m[31m#[0m[33m [0m[36m [0m[33m [0m[32m#[0m[36m#[0m[35m [0m[32m#[0m[32m#[0m[33m#[0m[33m [0m[34m [0m[35m [0m[35m#[0m[36m#[0m[36m#[0m[33m [0m[31m#[0m[36m#[0m[36m [0m[32m [0m[34m [0m[32m#[0m[36m#[0m[33m#[0m[32m [0m[31m [0m[33m [0m[35m [0m[34m [0m[32m
[0m[34m [0m[32m [0m[35m [0m[33m#[0m[36m#[0m[35m [0m[35m [0m[33m [0m[33m [0m[36m [0m[35m#[0m[31m#[0m[36m [0m[31m [0m[32m#[0m[31m#[0m[35m [0m[35m [0m[34m [0m[36m#[0m[31m#[0m[33m#[0m[32m#[0m[36m#[0m[34m#[0m[34m [0m[36m [0m[31m [0m[32m#[0m[33m#[0m[31m#[0m[35m [0m[35m#[0m[31m#[0m[36m [0m[34m [0m[32m [0m[35m#[0m[35m#[0m[32m#[0m[34m#[0m[35m#[0m[32m#[0m[35m [0m[32m [0m[34m [0m[35m#[0m[33m#[0m[35m [0m[31m [0m[32m#[0m[32m#[0m[32m [0m[32m [0m[33m [0m[31m [0m[33m [0m[33m#[0m[34m#[0m[32m [0m[36m [0m[36m [0m[32m [0m[36m [0m[36m#[0m[35m#[0m[36m#[0m[33m#[0m[34m#[0m[31m#[0m[31m [0m[34m [0m[33m [0m[31m#[0m[34m#[0m[32m#[0m[33m#[0m[32m#[0m[36m [0m[34m [0m[34m [0m[31m [0m[36m [0m[36m [0m[33m#[0m[35m [0m[31m [0m[33m [0m[36m [0m[33m [0m[33m [0m[32m#[0m[31m#[0m[33m#[0m[31m#[0m[36m#[0m[33m#[0m[33m [0m[36m [0m[35m [0m[34m#[0m[36m#[0m[31m [0m[36m#[0m[35m#[0m[36m#[0m[34m [0m[33m [0m[36m [0m[36m#[0m[35m#[0m[33m#[0m[31m#[0m[34m#[0m[32m#[0m[33m [0m[35m [0m[34m [0m[32m#[0m[32m#[0m[36m#[0m[36m [0m[32m#[0m[32m#[0m[34m [0m[33m [0m[36m [0m[33m#[0m[34m#[0m[33m#[0m[31m#[0m[36m#[0m[34m#[0m[34m [0m[31m [0m[31m
[0m[31m [0m[36m [0m[31m [0m[32m [0m[35m [0m[36m [0m[35m [0m[36m [0m[31m [0m[35m [0m[36m [0m[31m [0m[34m [0m[32m [0m[35m [0m[35m [0m[33m [0m[34m [0m[33m [0m[35m [0m[36m [0m[35m [0m[35m [0m[34m [0m[35m [0m[33m [0m[33m [0m[36m [0m[33m [0m[36m [0m[34m [0m[34m [0m[31m [0m[33m [0m[36m [0m[32m [0m[31m [0m[36m [0m[35m [0m[33m [0m[35m [0m[35m [0m[36m [0m[31m [0m[32m [0m[34m [0m[33m [0m[33m [0m[31m [0m[32m [0m[35m [0m[32m [0m[35m [0m[31m [0m[32m [0m[31m [0m[34m [0m[32m [0m[33m [0m[31m [0m[31m [0m[34m [0m[31m [0m[33m [0m[31m [0m[32m [0m[31m [0m[32m [0m[33m [0m[36m [0m[34m [0m[35m [0m[31m [0m[34m [0m[32m [0m[35m [0m[33m [0m[33m [0m[36m [0m[31m [0m[34m [0m[36m [0m[36m [0m[33m [0m[33m [0m[35m [0m[33m [0m[36m [0m[35m [0m[33m [0m[36m [0m[34m [0m[34m [0m[35m [0m[32m [0m[34m [0m[33m [0m[34m [0m[34m [0m[31m [0m[32m [0m[31m [0m[33m [0m[35m [0m[35m [0m[31m [0m[32m [0m[32m [0m[35m [0m[36m [0m[35m [0m[31m [0m[33m [0m[34m [0m[35m [0m[33m [0m[32m [0m[33m [0m[34m [0m[36m [0m[33m [0m[34m [0m[34m [0m[33m [0m[35m [0m[33m [0m[31m [0m[32m [0m[31m [0m[36m [0m[33m [0m[33m [0m[33m [0m[32m [0m[36m [0m[36m
[0m[34m[0m[36mv[0m[36mi[0m[34me[0m[35mw[0m[31ms[0m[36m-[0m[35mp[0m[34mi[0m[36mp[0m[35me[0m[34ml[0m[35mi[0m[31mn[0m[35me[0m[36m-[0m[31mc[0m[34mo[0m[35mr[0m[35me[0m[35m [0m[32mv[0m[33m3[0m[31m.[0m[31m1[0m[36m.[0m[33m2[0m[35m[0m[33m
[0m
2026-08-16 04:06:39,996 /home/simon/Documents/scripts/views_platform/views-hydranet/views_hydranet/manager/hydranet_manager.py [hydranet_manager.py:175] [2814528] [MainThread] - INFO - 🕒 HydranetManager: Initialized run with timestamp 160826_0406
2026-08-16 04:06:39,997 /home/simon/Documents/scripts/views_platform/views-pipeline-core/views_pipeline_core/modules/validation/core_config_sniffer.py [core_config_sniffer.py:465] [2814528] [MainThread] - WARNING - Model 'truncated_smoke' uses the legacy deployment_status='shadow'. This is accepted during the ADR-057 transition window and reads as maturity='candidate'. Rename config_deployment.py to config_maturity.py and replace the key. The window closes when views-models reports no configs on the legacy vocabulary; after that this becomes an error.
2026-08-16 04:06:39,997 /home/simon/Documents/scripts/views_platform/views-pipeline-core/views_pipeline_core/modules/validation/core_config_sniffer.py [core_config_sniffer.py:648] [2814528] [MainThread] - INFO - CoreConfigSniffer: Evaluation contract verified — 13 rolling-origin sequence(s), stride=1.
2026-08-16 04:06:39,997 /home/simon/Documents/scripts/views_platform/views-pipeline-core/views_pipeline_core/modules/validation/core_config_sniffer.py [core_config_sniffer.py:652] [2814528] [MainThread] - INFO -   Seq   0: origin 456, months 457..492
2026-08-16 04:06:39,997 /home/simon/Documents/scripts/views_platform/views-pipeline-core/views_pipeline_core/modules/validation/core_config_sniffer.py [core_config_sniffer.py:658] [2814528] [MainThread] - INFO -   Seq  12: origin 468, months 469..504
2026-08-16 04:06:39,997 /home/simon/Documents/scripts/views_platform/views-pipeline-core/views_pipeline_core/modules/validation/core_config_sniffer.py [core_config_sniffer.py:235] [2814528] [MainThread] - INFO - CoreConfigSniffer: Config audited (run_type='calibration').
2026-08-16 04:06:42,427 /home/simon/Documents/scripts/views_platform/views-pipeline-core/views_pipeline_core/modules/dataloaders/dataloaders.py [dataloaders.py:1071] [2814528] [MainThread] - INFO - Reading saved data from /home/simon/Documents/scripts/views_platform/views-models/models/truncated_smoke/data/raw/calibration_datafactory_df.parquet
2026-08-16 04:06:42,485 /home/simon/Documents/scripts/views_platform/views-pipeline-core/views_pipeline_core/modules/validation/core_data_sniffer.py [core_data_sniffer.py:130] [2814528] [MainThread] - INFO - CoreDataSniffer: Loaded data audited (partition='calibration', level='pgm').
2026-08-16 04:06:42,485 /home/simon/Documents/scripts/views_platform/views-pipeline-core/views_pipeline_core/modules/wandb/wandb.py [wandb.py:254] [2814528] [MainThread] - INFO - WandB alert sent: Queryset Fetch Complete (calibration)
2026-08-16 04:06:45,922 /home/simon/Documents/scripts/views_platform/views-pipeline-core/views_pipeline_core/managers/model/model.py [model.py:1414] [2814528] [MainThread] - INFO - Evaluating model truncated_smoke...
2026-08-16 04:06:45,922 /home/simon/Documents/scripts/views_platform/views-pipeline-core/views_pipeline_core/managers/model/model.py [model.py:1424] [2814528] [MainThread] - INFO - Declared temporal window: base_origin=456, step 1 → month 457, step 36 → month 492 (36 steps total). Model inference starting.
2026-08-16 04:06:45,922 /home/simon/Documents/scripts/views_platform/views-pipeline-core/views_pipeline_core/data/model_path.py [model_path.py:795] [2814528] [MainThread] - INFO - Artifact used (named): /home/simon/Documents/scripts/views_platform/views-models/models/truncated_smoke/artifacts/calibration_model_20260814_003058.pt
2026-08-16 04:06:45,922 /home/simon/Documents/scripts/views_platform/views-pipeline-core/views_pipeline_core/data/model_path.py [model_path.py:766] [2814528] [MainThread] - INFO - Artifact used: /home/simon/Documents/scripts/views_platform/views-models/models/truncated_smoke/artifacts/calibration_model_20260814_095322.pt
2026-08-16 04:06:45,922 /home/simon/Documents/scripts/views_platform/views-hydranet/views_hydranet/utils/model_artifact_fetcher.py [model_artifact_fetcher.py:61] [2814528] [MainThread] - INFO - Retriever: Using specific model artifact: calibration_model_20260814_003058.pt
2026-08-16 04:06:45,925 /home/simon/Documents/scripts/views_platform/views-hydranet/views_hydranet/utils/model_artifact_fetcher.py [model_artifact_fetcher.py:98] [2814528] [MainThread] - INFO - Retriever: SHA-256 verified for calibration_model_20260814_003058.pt
2026-08-16 04:06:46,035 /home/simon/Documents/scripts/views_platform/views-hydranet/views_hydranet/utils/model_artifact_fetcher.py [model_artifact_fetcher.py:120] [2814528] [MainThread] - INFO - Retriever: Loaded state_dict artifact (weights_only=True)

👾====================================================================================================
  DEVICE REPORT — STANDARD
  --------------------------------------------------------------------------------------------------
  Device:    cuda  (GPU)
  GPU Name:  NVIDIA GeForce RTX 4070 Laptop GPU
  VRAM:      7,942 MiB
  GPU Count: 1
👾====================================================================================================

2026-08-16 04:06:46,097 /home/simon/Documents/scripts/views_platform/views-hydranet/views_hydranet/utils/config_initializer.py [config_initializer.py:426] [2814528] [MainThread] - WARNING - 
╔══════════════════════════════════════════════════════════════╗
║  HydraNetConfig WARNING: aggregate_method is IGNORED         ║
║                                                              ║
║  evaluation_mode='stochastic' preserves the full posterior.  ║
║  The aggregate_method='arithmetic_mean' setting has NO effect.       ║
║                                                              ║
║  To activate aggregation, set evaluation_mode='point'.       ║
╚══════════════════════════════════════════════════════════════╝
2026-08-16 04:06:46,097 /home/simon/Documents/scripts/views_platform/views-hydranet/views_hydranet/infrastructure/reproducibility_gate.py [reproducibility_gate.py:82] [2814528] [MainThread] - INFO - Entropy locked: numpy/random seed=42, torch seed=42, deterministic_algorithms=True
2026-08-16 04:06:46,097 /home/simon/Documents/scripts/views_platform/views-hydranet/views_hydranet/utils/disk_guard.py [disk_guard.py:52] [2814528] [MainThread] - INFO - disk-headroom check: 77.5 GB free at '.' (budget 10.0 GB)
2026-08-16 04:06:46,097 /home/simon/Documents/scripts/views_platform/views-hydranet/views_hydranet/manager/hydranet_manager.py [hydranet_manager.py:190] [2814528] [MainThread] - INFO - 🛡️  Running Pre-Flight Validation...
2026-08-16 04:06:46,098 /home/simon/Documents/scripts/views_platform/views-hydranet/views_hydranet/manager/hydranet_manager.py [hydranet_manager.py:205] [2814528] [MainThread] - INFO - ✅ Architecture: Head Count Aligned (3+3)
2026-08-16 04:06:46,098 /home/simon/Documents/scripts/views_platform/views-hydranet/views_hydranet/utils/data_fetcher.py [data_fetcher.py:58] [2814528] [MainThread] - INFO - DataFetcher: Loading calibration from /home/simon/Documents/scripts/views_platform/views-models/models/truncated_smoke/data/raw/calibration_datafactory_df.parquet

👾====================================================================================================
  DATA LOAD COMPLETE: CALIBRATION
  --------------------------------------------------------------------------------------------------
  Source Path: /home/simon/Documents/scripts/views_platform/views-models/models/truncated_smoke/data/raw/calibration_datafactory_df.parquet
  Rows Loaded: 5,034,240
  Columns:     ['lr_sb_best', 'lr_ns_best', 'lr_os_best', 'c_id', 'row', 'col']
👾====================================================================================================

2026-08-16 04:06:46,620 /home/simon/Documents/scripts/views_platform/views-hydranet/views_hydranet/utils/data_sniffer.py [data_sniffer.py:51] [2814528] [MainThread] - INFO - DataSniffer: Starting Ingestion Suite (Raw Space)
2026-08-16 04:06:46,868 /home/simon/Documents/scripts/views_platform/views-hydranet/views_hydranet/utils/data_sniffer.py [data_sniffer.py:59] [2814528] [MainThread] - INFO - DataSniffer: Ingestion Suite Passed.
2026-08-16 04:06:47,051 /home/simon/Documents/scripts/views_platform/views-hydranet/views_hydranet/utils/feature_scaler.py [feature_scaler.py:99] [2814528] [MainThread] - INFO - 💫 FeatureScaler: Entering Semantic Space (3 features to transform)
2026-08-16 04:06:47,051 /home/simon/Documents/scripts/views_platform/views-hydranet/views_hydranet/utils/feature_scaler.py [feature_scaler.py:108] [2814528] [MainThread] - INFO -   → Applying [log1p] to 3 features
2026-08-16 04:06:47,295 /home/simon/Documents/scripts/views_platform/views-hydranet/views_hydranet/utils/feature_scaler.py [feature_scaler.py:153] [2814528] [MainThread] - INFO - 

➡️==============================================================================
  FEATURE SCALER: SEMANTIC SPACE REPORT
  ----------------------------------------------------------------------------
  [  log1p   ] lr_sb_best.................... min:     0.0000 | max:    11.6386
  [  log1p   ] lr_ns_best.................... min:     0.0000 | max:     7.6014
  [  log1p   ] lr_os_best.................... min:     0.0000 | max:    12.0921
➡️==============================================================================

2026-08-16 04:06:48,935 /home/simon/Documents/scripts/views_platform/views-hydranet/views_hydranet/utils/data_sniffer.py [data_sniffer.py:68] [2814528] [MainThread] - INFO - DataSniffer: Starting History Alignment Suite
2026-08-16 04:06:49,005 /home/simon/Documents/scripts/views_platform/views-hydranet/views_hydranet/utils/data_sniffer.py [data_sniffer.py:158] [2814528] [MainThread] - INFO - DataSniffer: Temporal and Geographic Alignment Passed.
2026-08-16 04:06:49,110 /home/simon/Documents/scripts/views_platform/views-hydranet/reports/2026-08-16_feedback_realism_dossier/tools/realism_arm_entry.py [realism_arm_entry.py:53] [2814528] [MainThread] - INFO - 🧪 RealismArmManager: feedback arm = 'inject:0.01' (None = production, the model's own field)
2026-08-16 04:06:49,110 /home/simon/Documents/scripts/views_platform/views-hydranet/views_hydranet/utils/inference_orchestrator.py [inference_orchestrator.py:225] [2814528] [MainThread] - INFO - 💠 InferenceOrchestrator: Initiating BACKTEST streaming pass (13 origins) [pandas-free PredictionFrame path].
2026-08-16 04:06:49,110 /home/simon/Documents/scripts/views_platform/views-hydranet/views_hydranet/utils/hydranet_inference.py [hydranet_inference.py:149] [2814528] [MainThread] - INFO - Using device: cuda
2026-08-16 04:06:49,111 /home/simon/Documents/scripts/views_platform/views-hydranet/views_hydranet/utils/hydranet_inference.py [hydranet_inference.py:255] [2814528] [MainThread] - INFO - HydraNetInference initialized successfully.
2026-08-16 04:06:49,480 /home/simon/Documents/scripts/views_platform/views-hydranet/views_hydranet/utils/disk_guard.py [disk_guard.py:109] [2814528] [MainThread] - INFO - cube-fit check: 0.42 GB needed vs 7.94 GB available RAM (headroom 0.85)
2026-08-16 04:09:06,152 /home/simon/Documents/scripts/views_platform/views-hydranet/views_hydranet/utils/feature_scaler.py [feature_scaler.py:210] [2814528] [MainThread] - INFO - 🔙 FeatureScaler: Inverting Volume (36, 180, 180, 11, 16) to Raw Space
2026-08-16 04:09:07,976 /home/simon/Documents/scripts/views_platform/views-hydranet/views_hydranet/utils/disk_guard.py [disk_guard.py:109] [2814528] [MainThread] - INFO - cube-fit check: 0.42 GB needed vs 7.36 GB available RAM (headroom 0.85)
2026-08-16 04:11:14,351 /home/simon/Documents/scripts/views_platform/views-hydranet/views_hydranet/utils/feature_scaler.py [feature_scaler.py:210] [2814528] [MainThread] - INFO - 🔙 FeatureScaler: Inverting Volume (36, 180, 180, 11, 16) to Raw Space
2026-08-16 04:11:16,202 /home/simon/Documents/scripts/views_platform/views-hydranet/views_hydranet/utils/disk_guard.py [disk_guard.py:109] [2814528] [MainThread] - INFO - cube-fit check: 0.42 GB needed vs 6.94 GB available RAM (headroom 0.85)
2026-08-16 04:13:32,308 /home/simon/Documents/scripts/views_platform/views-hydranet/views_hydranet/utils/feature_scaler.py [feature_scaler.py:210] [2814528] [MainThread] - INFO - 🔙 FeatureScaler: Inverting Volume (36, 180, 180, 11, 16) to Raw Space
2026-08-16 04:13:34,127 /home/simon/Documents/scripts/views_platform/views-hydranet/views_hydranet/utils/disk_guard.py [disk_guard.py:109] [2814528] [MainThread] - INFO - cube-fit check: 0.42 GB needed vs 6.68 GB available RAM (headroom 0.85)
2026-08-16 04:15:41,303 /home/simon/Documents/scripts/views_platform/views-hydranet/views_hydranet/utils/feature_scaler.py [feature_scaler.py:210] [2814528] [MainThread] - INFO - 🔙 FeatureScaler: Inverting Volume (36, 180, 180, 11, 16) to Raw Space
2026-08-16 04:15:43,149 /home/simon/Documents/scripts/views_platform/views-hydranet/views_hydranet/utils/disk_guard.py [disk_guard.py:109] [2814528] [MainThread] - INFO - cube-fit check: 0.42 GB needed vs 6.16 GB available RAM (headroom 0.85)
2026-08-16 04:17:48,721 /home/simon/Documents/scripts/views_platform/views-hydranet/views_hydranet/utils/feature_scaler.py [feature_scaler.py:210] [2814528] [MainThread] - INFO - 🔙 FeatureScaler: Inverting Volume (36, 180, 180, 11, 16) to Raw Space
2026-08-16 04:17:50,551 /home/simon/Documents/scripts/views_platform/views-hydranet/views_hydranet/utils/disk_guard.py [disk_guard.py:109] [2814528] [MainThread] - INFO - cube-fit check: 0.42 GB needed vs 5.77 GB available RAM (headroom 0.85)
2026-08-16 04:19:57,781 /home/simon/Documents/scripts/views_platform/views-hydranet/views_hydranet/utils/feature_scaler.py [feature_scaler.py:210] [2814528] [MainThread] - INFO - 🔙 FeatureScaler: Inverting Volume (36, 180, 180, 11, 16) to Raw Space
2026-08-16 04:19:59,600 /home/simon/Documents/scripts/views_platform/views-hydranet/views_hydranet/utils/disk_guard.py [disk_guard.py:109] [2814528] [MainThread] - INFO - cube-fit check: 0.42 GB needed vs 5.06 GB available RAM (headroom 0.85)
2026-08-16 04:22:14,757 /home/simon/Documents/scripts/views_platform/views-hydranet/views_hydranet/utils/feature_scaler.py [feature_scaler.py:210] [2814528] [MainThread] - INFO - 🔙 FeatureScaler: Inverting Volume (36, 180, 180, 11, 16) to Raw Space
2026-08-16 04:22:16,575 /home/simon/Documents/scripts/views_platform/views-hydranet/views_hydranet/utils/disk_guard.py [disk_guard.py:109] [2814528] [MainThread] - INFO - cube-fit check: 0.42 GB needed vs 4.46 GB available RAM (headroom 0.85)
2026-08-16 04:24:26,677 /home/simon/Documents/scripts/views_platform/views-hydranet/views_hydranet/utils/feature_scaler.py [feature_scaler.py:210] [2814528] [MainThread] - INFO - 🔙 FeatureScaler: Inverting Volume (36, 180, 180, 11, 16) to Raw Space
2026-08-16 04:24:28,525 /home/simon/Documents/scripts/views_platform/views-hydranet/views_hydranet/utils/disk_guard.py [disk_guard.py:109] [2814528] [MainThread] - INFO - cube-fit check: 0.42 GB needed vs 3.92 GB available RAM (headroom 0.85)
2026-08-16 04:26:28,982 /home/simon/Documents/scripts/views_platform/views-hydranet/views_hydranet/utils/feature_scaler.py [feature_scaler.py:210] [2814528] [MainThread] - INFO - 🔙 FeatureScaler: Inverting Volume (36, 180, 180, 11, 16) to Raw Space
2026-08-16 04:26:30,801 /home/simon/Documents/scripts/views_platform/views-hydranet/views_hydranet/utils/disk_guard.py [disk_guard.py:109] [2814528] [MainThread] - INFO - cube-fit check: 0.42 GB needed vs 3.49 GB available RAM (headroom 0.85)
2026-08-16 04:28:55,082 /home/simon/Documents/scripts/views_platform/views-hydranet/views_hydranet/utils/feature_scaler.py [feature_scaler.py:210] [2814528] [MainThread] - INFO - 🔙 FeatureScaler: Inverting Volume (36, 180, 180, 11, 16) to Raw Space
2026-08-16 04:28:56,898 /home/simon/Documents/scripts/views_platform/views-hydranet/views_hydranet/utils/disk_guard.py [disk_guard.py:109] [2814528] [MainThread] - INFO - cube-fit check: 0.42 GB needed vs 3.14 GB available RAM (headroom 0.85)
2026-08-16 04:31:10,744 /home/simon/Documents/scripts/views_platform/views-hydranet/views_hydranet/utils/feature_scaler.py [feature_scaler.py:210] [2814528] [MainThread] - INFO - 🔙 FeatureScaler: Inverting Volume (36, 180, 180, 11, 16) to Raw Space
2026-08-16 04:31:12,556 /home/simon/Documents/scripts/views_platform/views-hydranet/views_hydranet/utils/disk_guard.py [disk_guard.py:109] [2814528] [MainThread] - INFO - cube-fit check: 0.42 GB needed vs 2.53 GB available RAM (headroom 0.85)
2026-08-16 04:33:11,059 /home/simon/Documents/scripts/views_platform/views-hydranet/views_hydranet/utils/feature_scaler.py [feature_scaler.py:210] [2814528] [MainThread] - INFO - 🔙 FeatureScaler: Inverting Volume (36, 180, 180, 11, 16) to Raw Space
2026-08-16 04:33:12,901 /home/simon/Documents/scripts/views_platform/views-hydranet/views_hydranet/utils/disk_guard.py [disk_guard.py:109] [2814528] [MainThread] - INFO - cube-fit check: 0.42 GB needed vs 2.13 GB available RAM (headroom 0.85)
2026-08-16 04:35:11,470 /home/simon/Documents/scripts/views_platform/views-hydranet/views_hydranet/utils/feature_scaler.py [feature_scaler.py:210] [2814528] [MainThread] - INFO - 🔙 FeatureScaler: Inverting Volume (36, 180, 180, 11, 16) to Raw Space
2026-08-16 04:35:12,888 /home/simon/Documents/scripts/views_platform/views-hydranet/views_hydranet/utils/inference_orchestrator.py [inference_orchestrator.py:271] [2814528] [MainThread] - INFO - ✅ InferenceOrchestrator: Streamed 13 origin(s) [pandas-free PredictionFrame streaming path].
2026-08-16 04:35:12,888 /home/simon/Documents/scripts/views_platform/views-pipeline-core/views_pipeline_core/modules/wandb/wandb.py [wandb.py:254] [2814528] [MainThread] - INFO - WandB alert sent: Evaluation Predictions Saved
2026-08-16 04:35:12,898 /home/simon/Documents/scripts/views_platform/views-pipeline-core/views_pipeline_core/files/utils.py [utils.py:147] [2814528] [MainThread] - INFO - Log file created at /home/simon/Documents/scripts/views_platform/views-models/models/truncated_smoke/data/generated/calibration_log.txt
2026-08-16 04:35:13,414 /home/simon/Documents/scripts/views_platform/views-pipeline-core/views_pipeline_core/managers/evaluation/stage.py [stage.py:289] [2814528] [MainThread] - INFO - Raw data read from /home/simon/Documents/scripts/views_platform/views-models/models/truncated_smoke/data/raw/calibration_datafactory_df.parquet
2026-08-16 04:35:13,415 /home/simon/Documents/scripts/views_platform/views-hydranet/views_hydranet/manager/hydranet_manager.py [hydranet_manager.py:183] [2814528] [MainThread] - INFO - 🛠️ HydranetManager: Manufacturing derived signals for evaluation.
2026-08-16 04:35:14,399 /home/simon/Documents/scripts/views_platform/views-pipeline-core/views_pipeline_core/managers/evaluation/stage.py [stage.py:128] [2814528] [MainThread] - INFO - Processing regression tasks for evaluation...
2026-08-16 04:35:14,399 /home/simon/Documents/scripts/views_platform/views-pipeline-core/views_pipeline_core/managers/evaluation/stage.py [stage.py:131] [2814528] [MainThread] - INFO - Calculating regression evaluation metrics for lr_sb_best
2026-08-16 04:35:24,180 /home/simon/Documents/scripts/views_platform/views-pipeline-core/views_pipeline_core/managers/evaluation/stage.py [stage.py:446] [2814528] [MainThread] - INFO - Persisted MetricFrame (evaluation-of-record) for 'lr_sb_best' -> /home/simon/Documents/scripts/views_platform/views-models/models/truncated_smoke/data/generated/truncated_smoke/calibration/metricframe_lr_sb_best
2026-08-16 04:35:25,384 /home/simon/Documents/scripts/views_platform/views-pipeline-core/views_pipeline_core/modules/wandb/wandb.py [wandb.py:254] [2814528] [MainThread] - INFO - WandB alert sent: Model Outputs Saved
2026-08-16 04:35:25,384 /home/simon/Documents/scripts/views_platform/views-pipeline-core/views_pipeline_core/managers/evaluation/stage.py [stage.py:131] [2814528] [MainThread] - INFO - Calculating regression evaluation metrics for lr_ns_best
2026-08-16 04:35:34,866 /home/simon/Documents/scripts/views_platform/views-pipeline-core/views_pipeline_core/managers/evaluation/stage.py [stage.py:446] [2814528] [MainThread] - INFO - Persisted MetricFrame (evaluation-of-record) for 'lr_ns_best' -> /home/simon/Documents/scripts/views_platform/views-models/models/truncated_smoke/data/generated/truncated_smoke/calibration/metricframe_lr_ns_best
2026-08-16 04:35:35,667 /home/simon/Documents/scripts/views_platform/views-pipeline-core/views_pipeline_core/modules/wandb/wandb.py [wandb.py:254] [2814528] [MainThread] - INFO - WandB alert sent: Model Outputs Saved
2026-08-16 04:35:35,667 /home/simon/Documents/scripts/views_platform/views-pipeline-core/views_pipeline_core/managers/evaluation/stage.py [stage.py:131] [2814528] [MainThread] - INFO - Calculating regression evaluation metrics for lr_os_best
2026-08-16 04:35:44,496 /home/simon/Documents/scripts/views_platform/views-pipeline-core/views_pipeline_core/managers/evaluation/stage.py [stage.py:446] [2814528] [MainThread] - INFO - Persisted MetricFrame (evaluation-of-record) for 'lr_os_best' -> /home/simon/Documents/scripts/views_platform/views-models/models/truncated_smoke/data/generated/truncated_smoke/calibration/metricframe_lr_os_best
2026-08-16 04:35:45,345 /home/simon/Documents/scripts/views_platform/views-pipeline-core/views_pipeline_core/modules/wandb/wandb.py [wandb.py:254] [2814528] [MainThread] - INFO - WandB alert sent: Model Outputs Saved
2026-08-16 04:35:45,345 /home/simon/Documents/scripts/views_platform/views-pipeline-core/views_pipeline_core/managers/evaluation/stage.py [stage.py:128] [2814528] [MainThread] - INFO - Processing classification tasks for evaluation...
2026-08-16 04:35:45,345 /home/simon/Documents/scripts/views_platform/views-pipeline-core/views_pipeline_core/managers/evaluation/stage.py [stage.py:131] [2814528] [MainThread] - INFO - Calculating classification evaluation metrics for by_sb_best
2026-08-16 04:35:50,810 /home/simon/Documents/scripts/views_platform/views-pipeline-core/views_pipeline_core/managers/evaluation/stage.py [stage.py:446] [2814528] [MainThread] - INFO - Persisted MetricFrame (evaluation-of-record) for 'by_sb_best' -> /home/simon/Documents/scripts/views_platform/views-models/models/truncated_smoke/data/generated/truncated_smoke/calibration/metricframe_by_sb_best
2026-08-16 04:35:51,643 /home/simon/Documents/scripts/views_platform/views-pipeline-core/views_pipeline_core/modules/wandb/wandb.py [wandb.py:254] [2814528] [MainThread] - INFO - WandB alert sent: Model Outputs Saved
2026-08-16 04:35:51,643 /home/simon/Documents/scripts/views_platform/views-pipeline-core/views_pipeline_core/managers/evaluation/stage.py [stage.py:131] [2814528] [MainThread] - INFO - Calculating classification evaluation metrics for by_ns_best
2026-08-16 04:35:56,922 /home/simon/Documents/scripts/views_platform/views-pipeline-core/views_pipeline_core/managers/evaluation/stage.py [stage.py:446] [2814528] [MainThread] - INFO - Persisted MetricFrame (evaluation-of-record) for 'by_ns_best' -> /home/simon/Documents/scripts/views_platform/views-models/models/truncated_smoke/data/generated/truncated_smoke/calibration/metricframe_by_ns_best
2026-08-16 04:35:57,718 /home/simon/Documents/scripts/views_platform/views-pipeline-core/views_pipeline_core/modules/wandb/wandb.py [wandb.py:254] [2814528] [MainThread] - INFO - WandB alert sent: Model Outputs Saved
2026-08-16 04:35:57,718 /home/simon/Documents/scripts/views_platform/views-pipeline-core/views_pipeline_core/managers/evaluation/stage.py [stage.py:131] [2814528] [MainThread] - INFO - Calculating classification evaluation metrics for by_os_best
2026-08-16 04:36:02,706 /home/simon/Documents/scripts/views_platform/views-pipeline-core/views_pipeline_core/managers/evaluation/stage.py [stage.py:446] [2814528] [MainThread] - INFO - Persisted MetricFrame (evaluation-of-record) for 'by_os_best' -> /home/simon/Documents/scripts/views_platform/views-models/models/truncated_smoke/data/generated/truncated_smoke/calibration/metricframe_by_os_best
2026-08-16 04:36:03,572 /home/simon/Documents/scripts/views_platform/views-pipeline-core/views_pipeline_core/modules/wandb/wandb.py [wandb.py:254] [2814528] [MainThread] - INFO - WandB alert sent: Model Outputs Saved
2026-08-16 04:36:03,578 /home/simon/Documents/scripts/views_platform/views-pipeline-core/views_pipeline_core/managers/prediction/io.py [io.py:258] [2814528] [MainThread] - INFO - Evaluation metrics:
+----+---------------------------------------------------+--------------+
|    | Metric                                            |        Value |
+====+===================================================+==============+
| 27 | month-wise/by_ns_best/Brier_cls_sample            |   0.00222957 |
+----+---------------------------------------------------+--------------+
| 56 | month-wise/by_ns_best/Brier_cls_sample_mean       |   0.00282852 |
+----+---------------------------------------------------+--------------+
| 64 | month-wise/by_os_best/Brier_cls_sample            |   0.00449685 |
+----+---------------------------------------------------+--------------+
| 23 | month-wise/by_os_best/Brier_cls_sample_mean       |   0.00420165 |
+----+---------------------------------------------------+--------------+
| 55 | month-wise/by_sb_best/Brier_cls_sample            |   0.0107844  |
+----+---------------------------------------------------+--------------+
| 51 | month-wise/by_sb_best/Brier_cls_sample_mean       |   0.00887709 |
+----+---------------------------------------------------+--------------+
| 29 | month-wise/lr_ns_best/CRPS                        |   0.0240966  |
+----+---------------------------------------------------+--------------+
|  5 | month-wise/lr_ns_best/CRPS_mean                   |   0.048795   |
+----+---------------------------------------------------+--------------+
| 67 | month-wise/lr_ns_best/MCR_sample                  |   2.30182    |
+----+---------------------------------------------------+--------------+
| 68 | month-wise/lr_ns_best/MCR_sample_mean             |   1.35277    |
+----+---------------------------------------------------+--------------+
| 72 | month-wise/lr_ns_best/QS_sample                   |   0.0270182  |
+----+---------------------------------------------------+--------------+
| 35 | month-wise/lr_ns_best/QS_sample_mean              |   0.0485403  |
+----+---------------------------------------------------+--------------+
| 47 | month-wise/lr_os_best/CRPS                        |   0.091038   |
+----+---------------------------------------------------+--------------+
| 32 | month-wise/lr_os_best/CRPS_mean                   |   0.0476086  |
+----+---------------------------------------------------+--------------+
| 31 | month-wise/lr_os_best/MCR_sample                  |   0.620035   |
+----+---------------------------------------------------+--------------+
| 42 | month-wise/lr_os_best/MCR_sample_mean             |   1.98129    |
+----+---------------------------------------------------+--------------+
| 60 | month-wise/lr_os_best/QS_sample                   |   0.0923921  |
+----+---------------------------------------------------+--------------+
| 50 | month-wise/lr_os_best/QS_sample_mean              |   0.05013    |
+----+---------------------------------------------------+--------------+
| 39 | month-wise/lr_sb_best/CRPS                        |   8.82813    |
+----+---------------------------------------------------+--------------+
| 40 | month-wise/lr_sb_best/CRPS_mean                   |   0.363396   |
+----+---------------------------------------------------+--------------+
| 66 | month-wise/lr_sb_best/MCR_sample                  |   0.0436456  |
+----+---------------------------------------------------+--------------+
| 34 | month-wise/lr_sb_best/MCR_sample_mean             |   3.41461    |
+----+---------------------------------------------------+--------------+
| 58 | month-wise/lr_sb_best/QS_sample                   |   8.74139    |
+----+---------------------------------------------------+--------------+
| 70 | month-wise/lr_sb_best/QS_sample_mean              |   0.368879   |
+----+---------------------------------------------------+--------------+
| 62 | month-wise/month                                  | 504          |
+----+---------------------------------------------------+--------------+
|  4 | step-wise/by_ns_best/Brier_cls_sample             |   0.00225922 |
+----+---------------------------------------------------+--------------+
| 18 | step-wise/by_ns_best/Brier_cls_sample_mean        |   0.00283762 |
+----+---------------------------------------------------+--------------+
| 20 | step-wise/by_os_best/Brier_cls_sample             |   0.00426862 |
+----+---------------------------------------------------+--------------+
| 38 | step-wise/by_os_best/Brier_cls_sample_mean        |   0.00427433 |
+----+---------------------------------------------------+--------------+
| 36 | step-wise/by_sb_best/Brier_cls_sample             |   0.0104193  |
+----+---------------------------------------------------+--------------+
| 43 | step-wise/by_sb_best/Brier_cls_sample_mean        |   0.00870117 |
+----+---------------------------------------------------+--------------+
| 71 | step-wise/lr_ns_best/CRPS                         |   0.0297436  |
+----+---------------------------------------------------+--------------+
| 63 | step-wise/lr_ns_best/CRPS_mean                    |   0.0460037  |
+----+---------------------------------------------------+--------------+
| 25 | step-wise/lr_ns_best/MCR_sample                   |   1.43182    |
+----+---------------------------------------------------+--------------+
| 46 | step-wise/lr_ns_best/MCR_sample_mean              |   1.18005    |
+----+---------------------------------------------------+--------------+
| 11 | step-wise/lr_ns_best/QS_sample                    |   0.0310054  |
+----+---------------------------------------------------+--------------+
| 45 | step-wise/lr_ns_best/QS_sample_mean               |   0.0461958  |
+----+---------------------------------------------------+--------------+
| 17 | step-wise/lr_os_best/CRPS                         |   0.0702293  |
+----+---------------------------------------------------+--------------+
| 49 | step-wise/lr_os_best/CRPS_mean                    |   0.0494328  |
+----+---------------------------------------------------+--------------+
| 30 | step-wise/lr_os_best/MCR_sample                   |   0.819241   |
+----+---------------------------------------------------+--------------+
| 22 | step-wise/lr_os_best/MCR_sample_mean              |   1.75826    |
+----+---------------------------------------------------+--------------+
| 16 | step-wise/lr_os_best/QS_sample                    |   0.0715466  |
+----+---------------------------------------------------+--------------+
| 74 | step-wise/lr_os_best/QS_sample_mean               |   0.0522087  |
+----+---------------------------------------------------+--------------+
|  6 | step-wise/lr_sb_best/CRPS                         |   0.905952   |
+----+---------------------------------------------------+--------------+
| 24 | step-wise/lr_sb_best/CRPS_mean                    |   0.189344   |
+----+---------------------------------------------------+--------------+
| 44 | step-wise/lr_sb_best/MCR_sample                   |   0.524229   |
+----+---------------------------------------------------+--------------+
|  9 | step-wise/lr_sb_best/MCR_sample_mean              |   3.25102    |
+----+---------------------------------------------------+--------------+
|  0 | step-wise/lr_sb_best/QS_sample                    |   0.904135   |
+----+---------------------------------------------------+--------------+
|  8 | step-wise/lr_sb_best/QS_sample_mean               |   0.197684   |
+----+---------------------------------------------------+--------------+
| 57 | step-wise/step                                    |  36          |
+----+---------------------------------------------------+--------------+
| 28 | time-series-wise/by_ns_best/Brier_cls_sample      |   0.00270818 |
+----+---------------------------------------------------+--------------+
| 19 | time-series-wise/by_ns_best/Brier_cls_sample_mean |   0.00283762 |
+----+---------------------------------------------------+--------------+
| 65 | time-series-wise/by_os_best/Brier_cls_sample      |   0.00431957 |
+----+---------------------------------------------------+--------------+
| 33 | time-series-wise/by_os_best/Brier_cls_sample_mean |   0.00427433 |
+----+---------------------------------------------------+--------------+
| 37 | time-series-wise/by_sb_best/Brier_cls_sample      |   0.00914194 |
+----+---------------------------------------------------+--------------+
|  1 | time-series-wise/by_sb_best/Brier_cls_sample_mean |   0.00870117 |
+----+---------------------------------------------------+--------------+
| 59 | time-series-wise/lr_ns_best/CRPS                  |   0.0367159  |
+----+---------------------------------------------------+--------------+
| 15 | time-series-wise/lr_ns_best/CRPS_mean             |   0.0460037  |
+----+---------------------------------------------------+--------------+
| 12 | time-series-wise/lr_ns_best/MCR_sample            |   1.23671    |
+----+---------------------------------------------------+--------------+
| 26 | time-series-wise/lr_ns_best/MCR_sample_mean       |   1.07898    |
+----+---------------------------------------------------+--------------+
| 73 | time-series-wise/lr_ns_best/QS_sample             |   0.0373115  |
+----+---------------------------------------------------+--------------+
| 13 | time-series-wise/lr_ns_best/QS_sample_mean        |   0.0461958  |
+----+---------------------------------------------------+--------------+
| 14 | time-series-wise/lr_os_best/CRPS                  |   0.0526661  |
+----+---------------------------------------------------+--------------+
| 54 | time-series-wise/lr_os_best/CRPS_mean             |   0.0494328  |
+----+---------------------------------------------------+--------------+
| 53 | time-series-wise/lr_os_best/MCR_sample            |   1.11699    |
+----+---------------------------------------------------+--------------+
| 61 | time-series-wise/lr_os_best/MCR_sample_mean       |   1.65973    |
+----+---------------------------------------------------+--------------+
| 48 | time-series-wise/lr_os_best/QS_sample             |   0.053873   |
+----+---------------------------------------------------+--------------+
|  3 | time-series-wise/lr_os_best/QS_sample_mean        |   0.0522087  |
+----+---------------------------------------------------+--------------+
| 69 | time-series-wise/lr_sb_best/CRPS                  |   0.446873   |
+----+---------------------------------------------------+--------------+
| 21 | time-series-wise/lr_sb_best/CRPS_mean             |   0.189344   |
+----+---------------------------------------------------+--------------+
| 52 | time-series-wise/lr_sb_best/MCR_sample            |   1.93276    |
+----+---------------------------------------------------+--------------+
| 41 | time-series-wise/lr_sb_best/MCR_sample_mean       |   2.97114    |
+----+---------------------------------------------------+--------------+
|  7 | time-series-wise/lr_sb_best/QS_sample             |   0.47491    |
+----+---------------------------------------------------+--------------+
| 10 | time-series-wise/lr_sb_best/QS_sample_mean        |   0.197684   |
+----+---------------------------------------------------+--------------+
|  2 | time-series-wise/time-series                      |  12          |
+----+---------------------------------------------------+--------------+
2026-08-16 04:36:03,578 /home/simon/Documents/scripts/views_platform/views-pipeline-core/views_pipeline_core/modules/wandb/wandb.py [wandb.py:254] [2814528] [MainThread] - INFO - WandB alert sent: Metrics for truncated_smoke
2026-08-16 04:36:03,892 /home/simon/Documents/scripts/views_platform/views-pipeline-core/views_pipeline_core/modules/wandb/wandb.py [wandb.py:254] [2814528] [MainThread] - INFO - WandB alert sent: Evaluation for model truncated_smoke completed successfully.
2026-08-16 04:36:08,726 /home/simon/Documents/scripts/views_platform/views-pipeline-core/views_pipeline_core/managers/model/model.py [model.py:1235] [2814528] [MainThread] - INFO - Done. Runtime: 29.390 minutes.

wrote /home/simon/Documents/scripts/views_platform/views-hydranet/reports/2026-08-16_feedback_realism_dossier/results/fedfield_truncated_smoke_inject_0.01.csv (5460 field records)
wandb: Using wandb-core as the SDK backend.  Please refer to https://wandb.me/wandb-core for more information.
wandb: Currently logged in as: simpol (nornir). Use `wandb login --relogin` to force relogin
wandb: Currently logged in as: simpol (views_pipeline). Use `wandb login --relogin` to force relogin
wandb: Tracking run with wandb version 0.18.7
wandb: Run data is saved locally in /home/simon/Documents/scripts/views_platform/views-models/models/truncated_smoke/wandb/run-20260816_040641-yihhsou3
wandb: Run `wandb offline` to turn off syncing.
wandb: Syncing run whole-pyramid-47
wandb: ⭐️ View project at https://wandb.ai/views_pipeline/truncated_smoke_calibration
wandb: 🚀 View run at https://wandb.ai/views_pipeline/truncated_smoke_calibration/runs/yihhsou3
wandb:                                                                                
wandb: 🚀 View run whole-pyramid-47 at: https://wandb.ai/views_pipeline/truncated_smoke_calibration/runs/yihhsou3
wandb: ⭐️ View project at: https://wandb.ai/views_pipeline/truncated_smoke_calibration
wandb: Synced 5 W&B file(s), 0 media file(s), 0 artifact file(s) and 0 other file(s)
wandb: Find logs at: ./wandb/run-20260816_040641-yihhsou3/logs
wandb: Tracking run with wandb version 0.18.7
wandb: Run data is saved locally in /home/simon/Documents/scripts/views_platform/views-models/models/truncated_smoke/wandb/run-20260816_040645-mgxej50d
wandb: Run `wandb offline` to turn off syncing.
wandb: Syncing run eternal-brook-48
wandb: ⭐️ View project at https://wandb.ai/views_pipeline/truncated_smoke_calibration
wandb: 🚀 View run at https://wandb.ai/views_pipeline/truncated_smoke_calibration/runs/mgxej50d

[Origin 1/13] 🎲 Drawing Posterior Samples:   0%|          | 0/1484 [00:00<?, ?step/s]
[Origin 1/13] 🎲 Drawing Posterior Samples:   0%|          | 1/1484 [00:00<06:29,  3.81step/s]
[Origin 1/13] 🎲 Drawing Posterior Samples:   0%|          | 7/1484 [00:00<01:04, 22.99step/s]
[Origin 1/13] 🎲 Drawing Posterior Samples:   1%|          | 13/1484 [00:00<00:44, 33.35step/s]
[Origin 1/13] 🎲 Drawing Posterior Samples:   1%|▏         | 19/1484 [00:00<00:37, 39.58step/s]
[Origin 1/13] 🎲 Drawing Posterior Samples:   2%|▏         | 25/1484 [00:00<00:33, 43.48step/s]
[Origin 1/13] 🎲 Drawing Posterior Samples:   2%|▏         | 31/1484 [00:00<00:31, 46.07step/s]
[Origin 1/13] 🎲 Drawing Posterior Samples:   2%|▏         | 37/1484 [00:00<00:30, 47.74step/s]
[Origin 1/13] 🎲 Drawing Posterior Samples:   3%|▎         | 43/1484 [00:01<00:29, 48.95step/s]
[Origin 1/13] 🎲 Drawing Posterior Samples:   3%|▎         | 49/1484 [00:01<00:28, 49.64step/s]
[Origin 1/13] 🎲 Drawing Posterior Samples:   4%|▎         | 55/1484 [00:01<00:28, 50.00step/s]
[Origin 1/13] 🎲 Drawing Posterior Samples:   4%|▍         | 61/1484 [00:01<00:28, 50.28step/s]
[Origin 1/13] 🎲 Drawing Posterior Samples:   5%|▍         | 67/1484 [00:01<00:28, 50.42step/s]
[Origin 1/13] 🎲 Drawing Posterior Samples:   5%|▍         | 73/1484 [00:01<00:27, 50.59step/s]
[Origin 1/13] 🎲 Drawing Posterior Samples:   5%|▌         | 79/1484 [00:01<00:27, 50.74step/s]
[Origin 1/13] 🎲 Drawing Posterior Samples:   6%|▌         | 85/1484 [00:01<00:27, 50.93step/s]
[Origin 1/13] 🎲 Drawing Posterior Samples:   6%|▌         | 91/1484 [00:02<00:27, 51.10step/s]
[Origin 1/13] 🎲 Drawing Posterior Samples:   7%|▋         | 97/1484 [00:02<00:27, 51.20step/s]
[Origin 1/13] 🎲 Drawing Posterior Samples:   7%|▋         | 103/1484 [00:02<00:27, 51.00step/s]
[Origin 1/13] 🎲 Drawing Posterior Samples:   7%|▋         | 109/1484 [00:02<00:26, 51.34step/s]
[Origin 1/13] 🎲 Drawing Posterior Samples:   8%|▊         | 115/1484 [00:02<00:26, 51.24step/s]
[Origin 1/13] 🎲 Drawing Posterior Samples:   8%|▊         | 121/1484 [00:02<00:26, 51.14step/s]
[Origin 1/13] 🎲 Drawing Posterior Samples:   9%|▊         | 127/1484 [00:02<00:26, 51.05step/s]
[Origin 1/13] 🎲 Drawing Posterior Samples:   9%|▉         | 133/1484 [00:02<00:26, 51.05step/s]
[Origin 1/13] 🎲 Drawing Posterior Samples:   9%|▉         | 139/1484 [00:02<00:26, 51.06step/s]
[Origin 1/13] 🎲 Drawing Posterior Samples:  10%|▉         | 145/1484 [00:03<00:26, 51.14step/s]
[Origin 1/13] 🎲 Drawing Posterior Samples:  10%|█         | 151/1484 [00:03<00:26, 51.18step/s]
[Origin 1/13] 🎲 Drawing Posterior Samples:  11%|█         | 157/1484 [00:03<00:25, 51.22step/s]
[Origin 1/13] 🎲 Drawing Posterior Samples:  11%|█         | 163/1484 [00:03<00:25, 51.26step/s]
[Origin 1/13] 🎲 Drawing Posterior Samples:  11%|█▏        | 169/1484 [00:03<00:25, 51.20step/s]
[Origin 1/13] 🎲 Drawing Posterior Samples:  12%|█▏        | 175/1484 [00:03<00:25, 51.16step/s]
[Origin 1/13] 🎲 Drawing Posterior Samples:  12%|█▏        | 181/1484 [00:03<00:25, 51.07step/s]
[Origin 1/13] 🎲 Drawing Posterior Samples:  13%|█▎        | 187/1484 [00:03<00:25, 51.04step/s]
[Origin 1/13] 🎲 Drawing Posterior Samples:  13%|█▎        | 193/1484 [00:04<00:25, 51.05step/s]
[Origin 1/13] 🎲 Drawing Posterior Samples:  13%|█▎        | 199/1484 [00:04<00:25, 51.04step/s]
[Origin 1/13] 🎲 Drawing Posterior Samples:  14%|█▍        | 205/1484 [00:04<00:25, 51.08step/s]
[Origin 1/13] 🎲 Drawing Posterior Samples:  14%|█▍        | 211/1484 [00:04<00:24, 51.14step/s]
[Origin 1/13] 🎲 Drawing Posterior Samples:  15%|█▍        | 217/1484 [00:04<00:24, 51.19step/s]
[Origin 1/13] 🎲 Drawing Posterior Samples:  15%|█▌        | 223/1484 [00:04<00:24, 51.23step/s]
[Origin 1/13] 🎲 Drawing Posterior Samples:  15%|█▌        | 229/1484 [00:04<00:24, 51.13step/s]
[Origin 1/13] 🎲 Drawing Posterior Samples:  16%|█▌        | 235/1484 [00:04<00:24, 51.09step/s]
[Origin 1/13] 🎲 Drawing Posterior Samples:  16%|█▌        | 241/1484 [00:04<00:24, 51.03step/s]
[Origin 1/13] 🎲 Drawing Posterior Samples:  17%|█▋        | 247/1484 [00:05<00:24, 50.99step/s]
[Origin 1/13] 🎲 Drawing Posterior Samples:  17%|█▋        | 253/1484 [00:05<00:24, 51.02step/s]
[Origin 1/13] 🎲 Drawing Posterior Samples:  17%|█▋        | 259/1484 [00:05<00:24, 50.97step/s]
[Origin 1/13] 🎲 Drawing Posterior Samples:  18%|█▊        | 265/1484 [00:05<00:23, 51.02step/s]
[Origin 1/13] 🎲 Drawing Posterior Samples:  18%|█▊        | 271/1484 [00:05<00:23, 51.13step/s]
[Origin 1/13] 🎲 Drawing Posterior Samples:  19%|█▊        | 277/1484 [00:05<00:23, 51.17step/s]
[Origin 1/13] 🎲 Drawing Posterior Samples:  19%|█▉        | 283/1484 [00:05<00:23, 51.25step/s]
[Origin 1/13] 🎲 Drawing Posterior Samples:  19%|█▉        | 289/1484 [00:05<00:23, 51.20step/s]
[Origin 1/13] 🎲 Drawing Posterior Samples:  20%|█▉        | 295/1484 [00:05<00:23, 51.16step/s]
[Origin 1/13] 🎲 Drawing Posterior Samples:  20%|██        | 301/1484 [00:06<00:23, 51.03step/s]
[Origin 1/13] 🎲 Drawing Posterior Samples:  21%|██        | 307/1484 [00:06<00:23, 51.02step/s]
[Origin 1/13] 🎲 Drawing Posterior Samples:  21%|██        | 313/1484 [00:06<00:22, 51.01step/s]
[Origin 1/13] 🎲 Drawing Posterior Samples:  21%|██▏       | 319/1484 [00:06<00:22, 50.98step/s]
[Origin 1/13] 🎲 Drawing Posterior Samples:  22%|██▏       | 325/1484 [00:06<00:22, 51.07step/s]
[Origin 1/13] 🎲 Drawing Posterior Samples:  22%|██▏       | 331/1484 [00:06<00:22, 51.11step/s]
[Origin 1/13] 🎲 Drawing Posterior Samples:  23%|██▎       | 337/1484 [00:07<00:41, 27.74step/s]
[Origin 1/13] 🎲 Drawing Posterior Samples:  23%|██▎       | 341/1484 [00:07<01:18, 14.55step/s]
[Origin 1/13] 🎲 Drawing Posterior Samples:  23%|██▎       | 344/1484 [00:08<01:36, 11.79step/s]
[Origin 1/13] 🎲 Drawing Posterior Samples:  23%|██▎       | 347/1484 [00:08<01:55,  9.86step/s]
[Origin 1/13] 🎲 Drawing Posterior Samples:  24%|██▎       | 349/1484 [00:09<02:06,  8.98step/s]
[Origin 1/13] 🎲 Drawing Posterior Samples:  24%|██▎       | 351/1484 [00:09<02:16,  8.29step/s]
[Origin 1/13] 🎲 Drawing Posterior Samples:  24%|██▍       | 353/1484 [00:09<02:26,  7.74step/s]
[Origin 1/13] 🎲 Drawing Posterior Samples:  24%|██▍       | 355/1484 [00:10<02:31,  7.45step/s]
[Origin 1/13] 🎲 Drawing Posterior Samples:  24%|██▍       | 356/1484 [00:10<02:34,  7.28step/s]
[Origin 1/13] 🎲 Drawing Posterior Samples:  24%|██▍       | 357/1484 [00:10<02:38,  7.11step/s]
[Origin 1/13] 🎲 Drawing Posterior Samples:  24%|██▍       | 358/1484 [00:10<02:42,  6.94step/s]
[Origin 1/13] 🎲 Drawing Posterior Samples:  24%|██▍       | 359/1484 [00:10<02:47,  6.73step/s]
[Origin 1/13] 🎲 Drawing Posterior Samples:  24%|██▍       | 360/1484 [00:10<02:51,  6.56step/s]
[Origin 1/13] 🎲 Drawing Posterior Samples:  24%|██▍       | 361/1484 [00:11<02:56,  6.36step/s]
[Origin 1/13] 🎲 Drawing Posterior Samples:  24%|██▍       | 362/1484 [00:11<02:57,  6.32step/s]
[Origin 1/13] 🎲 Drawing Posterior Samples:  24%|██▍       | 363/1484 [00:11<02:58,  6.27step/s]
[Origin 1/13] 🎲 Drawing Posterior Samples:  25%|██▍       | 364/1484 [00:11<02:59,  6.25step/s]
[Origin 1/13] 🎲 Drawing Posterior Samples:  25%|██▍       | 365/1484 [00:11<02:59,  6.23step/s]
[Origin 1/13] 🎲 Drawing Posterior Samples:  25%|██▍       | 366/1484 [00:11<03:00,  6.20step/s]
[Origin 1/13] 🎲 Drawing Posterior Samples:  25%|██▍       | 367/1484 [00:12<02:57,  6.30step/s]
[Origin 1/13] 🎲 Drawing Posterior Samples:  25%|██▍       | 368/1484 [00:12<02:56,  6.32step/s]
[Origin 1/13] 🎲 Drawing Posterior Samples:  25%|██▍       | 369/1484 [00:12<02:57,  6.30step/s]
[Origin 1/13] 🎲 Drawing Posterior Samples:  25%|██▍       | 370/1484 [00:12<02:54,  6.40step/s]
[Origin 1/13] 🎲 Drawing Posterior Samples:  25%|██▌       | 371/1484 [00:12<02:56,  6.32step/s]
[Origin 1/13] 🎲 Drawing Posterior Samples:  25%|██▌       | 372/1484 [00:27<1:22:08,  4.43s/step]
[Origin 1/13] 🎲 Drawing Posterior Samples:  25%|██▌       | 378/1484 [00:27<23:11,  1.26s/step]  
[Origin 1/13] 🎲 Drawing Posterior Samples:  26%|██▌       | 384/1484 [00:27<11:33,  1.59step/s]
[Origin 1/13] 🎲 Drawing Posterior Samples:  26%|██▋       | 390/1484 [00:27<06:48,  2.68step/s]
[Origin 1/13] 🎲 Drawing Posterior Samples:  27%|██▋       | 396/1484 [00:27<04:21,  4.16step/s]
[Origin 1/13] 🎲 Drawing Posterior Samples:  27%|██▋       | 402/1484 [00:27<02:56,  6.12step/s]
[Origin 1/13] 🎲 Drawing Posterior Samples:  27%|██▋       | 408/1484 [00:27<02:04,  8.66step/s]
[Origin 1/13] 🎲 Drawing Posterior Samples:  28%|██▊       | 414/1484 [00:27<01:30, 11.84step/s]
[Origin 1/13] 🎲 Drawing Posterior Samples:  28%|██▊       | 420/1484 [00:28<01:07, 15.65step/s]
[Origin 1/13] 🎲 Drawing Posterior Samples:  29%|██▊       | 426/1484 [00:28<00:52, 19.96step/s]
[Origin 1/13] 🎲 Drawing Posterior Samples:  29%|██▉       | 432/1484 [00:28<00:42, 24.57step/s]
[Origin 1/13] 🎲 Drawing Posterior Samples:  30%|██▉       | 438/1484 [00:28<00:35, 29.23step/s]
[Origin 1/13] 🎲 Drawing Posterior Samples:  30%|██▉       | 444/1484 [00:28<00:30, 33.63step/s]
[Origin 1/13] 🎲 Drawing Posterior Samples:  30%|███       | 450/1484 [00:28<00:27, 37.55step/s]
[Origin 1/13] 🎲 Drawing Posterior Samples:  31%|███       | 456/1484 [00:28<00:25, 40.88step/s]
[Origin 1/13] 🎲 Drawing Posterior Samples:  31%|███       | 462/1484 [00:28<00:23, 43.68step/s]
[Origin 1/13] 🎲 Drawing Posterior Samples:  32%|███▏      | 468/1484 [00:28<00:22, 45.90step/s]
[Origin 1/13] 🎲 Drawing Posterior Samples:  32%|███▏      | 474/1484 [00:29<00:21, 47.60step/s]
[Origin 1/13] 🎲 Drawing Posterior Samples:  32%|███▏      | 480/1484 [00:29<00:20, 48.83step/s]
[Origin 1/13] 🎲 Drawing Posterior Samples:  33%|███▎      | 486/1484 [00:29<00:20, 49.59step/s]
[Origin 1/13] 🎲 Drawing Posterior Samples:  33%|███▎      | 492/1484 [00:29<00:19, 50.18step/s]
[Origin 1/13] 🎲 Drawing Posterior Samples:  34%|███▎      | 498/1484 [00:29<00:19, 50.54step/s]
[Origin 1/13] 🎲 Drawing Posterior Samples:  34%|███▍      | 504/1484 [00:29<00:19, 50.80step/s]
[Origin 1/13] 🎲 Drawing Posterior Samples:  34%|███▍      | 510/1484 [00:29<00:19, 50.99step/s]
[Origin 1/13] 🎲 Drawing Posterior Samples:  35%|███▍      | 516/1484 [00:29<00:18, 51.12step/s]
[Origin 1/13] 🎲 Drawing Posterior Samples:  35%|███▌      | 522/1484 [00:30<00:18, 51.28step/s]
[Origin 1/13] 🎲 Drawing Posterior Samples:  36%|███▌      | 528/1484 [00:30<00:18, 51.51step/s]
[Origin 1/13] 🎲 Drawing Posterior Samples:  36%|███▌      | 534/1484 [00:30<00:18, 51.65step/s]
[Origin 1/13] 🎲 Drawing Posterior Samples:  36%|███▋      | 540/1484 [00:30<00:18, 51.69step/s]
[Origin 1/13] 🎲 Drawing Posterior Samples:  37%|███▋      | 546/1484 [00:30<00:18, 51.62step/s]
[Origin 1/13] 🎲 Drawing Posterior Samples:  37%|███▋      | 552/1484 [00:30<00:18, 51.63step/s]
[Origin 1/13] 🎲 Drawing Posterior Samples:  38%|███▊      | 558/1484 [00:30<00:17, 51.59step/s]
[Origin 1/13] 🎲 Drawing Posterior Samples:  38%|███▊      | 564/1484 [00:30<00:17, 51.58step/s]
[Origin 1/13] 🎲 Drawing Posterior Samples:  38%|███▊      | 570/1484 [00:30<00:17, 51.54step/s]
[Origin 1/13] 🎲 Drawing Posterior Samples:  39%|███▉      | 576/1484 [00:31<00:17, 51.54step/s]
[Origin 1/13] 🎲 Drawing Posterior Samples:  39%|███▉      | 582/1484 [00:31<00:17, 51.60step/s]
[Origin 1/13] 🎲 Drawing Posterior Samples:  40%|███▉      | 588/1484 [00:31<00:17, 51.70step/s]
[Origin 1/13] 🎲 Drawing Posterior Samples:  40%|████      | 594/1484 [00:31<00:17, 51.75step/s]
[Origin 1/13] 🎲 Drawing Posterior Samples:  40%|████      | 600/1484 [00:31<00:17, 51.71step/s]
[Origin 1/13] 🎲 Drawing Posterior Samples:  41%|████      | 606/1484 [00:31<00:16, 51.69step/s]
[Origin 1/13] 🎲 Drawing Posterior Samples:  41%|████      | 612/1484 [00:31<00:16, 51.70step/s]
[Origin 1/13] 🎲 Drawing Posterior Samples:  42%|████▏     | 618/1484 [00:31<00:16, 51.66step/s]
[Origin 1/13] 🎲 Drawing Posterior Samples:  42%|████▏     | 624/1484 [00:31<00:16, 51.66step/s]
[Origin 1/13] 🎲 Drawing Posterior Samples:  42%|████▏     | 630/1484 [00:32<00:16, 51.62step/s]
[Origin 1/13] 🎲 Drawing Posterior Samples:  43%|████▎     | 636/1484 [00:32<00:16, 51.62step/s]
[Origin 1/13] 🎲 Drawing Posterior Samples:  43%|████▎     | 642/1484 [00:32<00:16, 51.68step/s]
[Origin 1/13] 🎲 Drawing Posterior Samples:  44%|████▎     | 648/1484 [00:32<00:16, 51.76step/s]
[Origin 1/13] 🎲 Drawing Posterior Samples:  44%|████▍     | 654/1484 [00:32<00:16, 51.75step/s]
[Origin 1/13] 🎲 Drawing Posterior Samples:  44%|████▍     | 660/1484 [00:32<00:15, 51.72step/s]
[Origin 1/13] 🎲 Drawing Posterior Samples:  45%|████▍     | 666/1484 [00:32<00:15, 51.70step/s]
[Origin 1/13] 🎲 Drawing Posterior Samples:  45%|████▌     | 672/1484 [00:32<00:15, 51.67step/s]
[Origin 1/13] 🎲 Drawing Posterior Samples:  46%|████▌     | 678/1484 [00:33<00:15, 51.65step/s]
[Origin 1/13] 🎲 Drawing Posterior Samples:  46%|████▌     | 684/1484 [00:33<00:15, 51.61step/s]
[Origin 1/13] 🎲 Drawing Posterior Samples:  46%|████▋     | 690/1484 [00:33<00:15, 51.60step/s]
[Origin 1/13] 🎲 Drawing Posterior Samples:  47%|████▋     | 696/1484 [00:33<00:15, 51.60step/s]
[Origin 1/13] 🎲 Drawing Posterior Samples:  47%|████▋     | 702/1484 [00:33<00:15, 51.68step/s]
[Origin 1/13] 🎲 Drawing Posterior Samples:  48%|████▊     | 708/1484 [00:33<00:24, 31.30step/s]
[Origin 1/13] 🎲 Drawing Posterior Samples:  48%|████▊     | 713/1484 [00:34<00:52, 14.80step/s]
[Origin 1/13] 🎲 Drawing Posterior Samples:  48%|████▊     | 717/1484 [00:35<01:07, 11.38step/s]
[Origin 1/13] 🎲 Drawing Posterior Samples:  49%|████▊     | 720/1484 [00:35<01:18,  9.75step/s]
[Origin 1/13] 🎲 Drawing Posterior Samples:  49%|████▊     | 722/1484 [00:36<01:25,  8.96step/s]
[Origin 1/13] 🎲 Drawing Posterior Samples:  49%|████▉     | 724/1484 [00:36<01:31,  8.29step/s]
[Origin 1/13] 🎲 Drawing Posterior Samples:  49%|████▉     | 726/1484 [00:36<01:42,  7.36step/s]
[Origin 1/13] 🎲 Drawing Posterior Samples:  49%|████▉     | 728/1484 [00:37<01:46,  7.08step/s]
[Origin 1/13] 🎲 Drawing Posterior Samples:  49%|████▉     | 729/1484 [00:37<01:50,  6.82step/s]
[Origin 1/13] 🎲 Drawing Posterior Samples:  49%|████▉     | 730/1484 [00:37<01:52,  6.68step/s]
[Origin 1/13] 🎲 Drawing Posterior Samples:  49%|████▉     | 731/1484 [00:37<01:59,  6.32step/s]
[Origin 1/13] 🎲 Drawing Posterior Samples:  49%|████▉     | 732/1484 [00:37<02:04,  6.02step/s]
[Origin 1/13] 🎲 Drawing Posterior Samples:  49%|████▉     | 733/1484 [00:38<02:10,  5.74step/s]
[Origin 1/13] 🎲 Drawing Posterior Samples:  49%|████▉     | 734/1484 [00:38<02:15,  5.54step/s]
[Origin 1/13] 🎲 Drawing Posterior Samples:  50%|████▉     | 735/1484 [00:38<02:19,  5.36step/s]
[Origin 1/13] 🎲 Drawing Posterior Samples:  50%|████▉     | 736/1484 [00:38<02:24,  5.16step/s]
[Origin 1/13] 🎲 Drawing Posterior Samples:  50%|████▉     | 737/1484 [00:38<02:23,  5.19step/s]
[Origin 1/13] 🎲 Drawing Posterior Samples:  50%|████▉     | 738/1484 [00:39<02:22,  5.23step/s]
[Origin 1/13] 🎲 Drawing Posterior Samples:  50%|████▉     | 739/1484 [00:39<02:21,  5.28step/s]
[Origin 1/13] 🎲 Drawing Posterior Samples:  50%|████▉     | 740/1484 [00:39<02:23,  5.20step/s]
[Origin 1/13] 🎲 Drawing Posterior Samples:  50%|████▉     | 741/1484 [00:39<02:22,  5.21step/s]
[Origin 1/13] 🎲 Drawing Posterior Samples:  50%|█████     | 742/1484 [00:39<02:23,  5.16step/s]
[Origin 1/13] 🎲 Drawing Posterior Samples:  50%|█████     | 743/1484 [00:59<1:15:03,  6.08s/step]
[Origin 1/13] 🎲 Drawing Posterior Samples:  50%|█████     | 749/1484 [00:59<21:07,  1.72s/step]  
[Origin 1/13] 🎲 Drawing Posterior Samples:  51%|█████     | 755/1484 [01:00<10:27,  1.16step/s]
[Origin 1/13] 🎲 Drawing Posterior Samples:  51%|█████▏    | 761/1484 [01:00<06:06,  1.97step/s]
[Origin 1/13] 🎲 Drawing Posterior Samples:  52%|█████▏    | 767/1484 [01:00<03:52,  3.08step/s]
[Origin 1/13] 🎲 Drawing Posterior Samples:  52%|█████▏    | 773/1484 [01:00<02:35,  4.58step/s]
[Origin 1/13] 🎲 Drawing Posterior Samples:  52%|█████▏    | 778/1484 [01:00<01:53,  6.24step/s]
[Origin 1/13] 🎲 Drawing Posterior Samples:  53%|█████▎    | 784/1484 [01:00<01:19,  8.85step/s]
[Origin 1/13] 🎲 Drawing Posterior Samples:  53%|█████▎    | 790/1484 [01:00<00:57, 12.10step/s]
[Origin 1/13] 🎲 Drawing Posterior Samples:  54%|█████▎    | 796/1484 [01:00<00:43, 15.97step/s]
[Origin 1/13] 🎲 Drawing Posterior Samples:  54%|█████▍    | 802/1484 [01:00<00:33, 20.32step/s]
[Origin 1/13] 🎲 Drawing Posterior Samples:  54%|█████▍    | 808/1484 [01:01<00:27, 24.96step/s]
[Origin 1/13] 🎲 Drawing Posterior Samples:  55%|█████▍    | 814/1484 [01:01<00:22, 29.59step/s]
[Origin 1/13] 🎲 Drawing Posterior Samples:  55%|█████▌    | 820/1484 [01:01<00:19, 33.98step/s]
[Origin 1/13] 🎲 Drawing Posterior Samples:  56%|█████▌    | 826/1484 [01:01<00:17, 37.03step/s]
[Origin 1/13] 🎲 Drawing Posterior Samples:  56%|█████▌    | 832/1484 [01:01<00:16, 40.55step/s]
[Origin 1/13] 🎲 Drawing Posterior Samples:  56%|█████▋    | 838/1484 [01:01<00:14, 43.44step/s]
[Origin 1/13] 🎲 Drawing Posterior Samples:  57%|█████▋    | 844/1484 [01:01<00:13, 45.73step/s]
[Origin 1/13] 🎲 Drawing Posterior Samples:  57%|█████▋    | 850/1484 [01:01<00:13, 47.42step/s]
[Origin 1/13] 🎲 Drawing Posterior Samples:  58%|█████▊    | 856/1484 [01:01<00:12, 48.49step/s]
[Origin 1/13] 🎲 Drawing Posterior Samples:  58%|█████▊    | 862/1484 [01:02<00:12, 49.31step/s]
[Origin 1/13] 🎲 Drawing Posterior Samples:  58%|█████▊    | 868/1484 [01:02<00:12, 49.95step/s]
[Origin 1/13] 🎲 Drawing Posterior Samples:  59%|█████▉    | 874/1484 [01:02<00:12, 50.20step/s]
[Origin 1/13] 🎲 Drawing Posterior Samples:  59%|█████▉    | 880/1484 [01:02<00:12, 49.05step/s]
[Origin 1/13] 🎲 Drawing Posterior Samples:  60%|█████▉    | 886/1484 [01:02<00:11, 50.04step/s]
[Origin 1/13] 🎲 Drawing Posterior Samples:  60%|██████    | 892/1484 [01:02<00:11, 50.60step/s]
[Origin 1/13] 🎲 Drawing Posterior Samples:  61%|██████    | 898/1484 [01:02<00:11, 50.94step/s]
[Origin 1/13] 🎲 Drawing Posterior Samples:  61%|██████    | 904/1484 [01:02<00:11, 51.20step/s]
[Origin 1/13] 🎲 Drawing Posterior Samples:  61%|██████▏   | 910/1484 [01:03<00:11, 51.28step/s]
[Origin 1/13] 🎲 Drawing Posterior Samples:  62%|██████▏   | 916/1484 [01:03<00:11, 51.36step/s]
[Origin 1/13] 🎲 Drawing Posterior Samples:  62%|██████▏   | 922/1484 [01:03<00:10, 51.35step/s]
[Origin 1/13] 🎲 Drawing Posterior Samples:  63%|██████▎   | 928/1484 [01:03<00:11, 49.85step/s]
[Origin 1/13] 🎲 Drawing Posterior Samples:  63%|██████▎   | 934/1484 [01:03<00:10, 50.41step/s]
[Origin 1/13] 🎲 Drawing Posterior Samples:  63%|██████▎   | 940/1484 [01:03<00:10, 50.13step/s]
[Origin 1/13] 🎲 Drawing Posterior Samples:  64%|██████▎   | 946/1484 [01:03<00:10, 51.14step/s]
[Origin 1/13] 🎲 Drawing Posterior Samples:  64%|██████▍   | 952/1484 [01:03<00:10, 51.39step/s]
[Origin 1/13] 🎲 Drawing Posterior Samples:  65%|██████▍   | 958/1484 [01:03<00:10, 51.58step/s]
[Origin 1/13] 🎲 Drawing Posterior Samples:  65%|██████▍   | 964/1484 [01:04<00:10, 51.62step/s]
[Origin 1/13] 🎲 Drawing Posterior Samples:  65%|██████▌   | 970/1484 [01:04<00:10, 51.20step/s]
[Origin 1/13] 🎲 Drawing Posterior Samples:  66%|██████▌   | 976/1484 [01:04<00:09, 51.32step/s]
[Origin 1/13] 🎲 Drawing Posterior Samples:  66%|██████▌   | 982/1484 [01:04<00:10, 49.98step/s]
[Origin 1/13] 🎲 Drawing Posterior Samples:  67%|██████▋   | 988/1484 [01:04<00:09, 50.37step/s]
[Origin 1/13] 🎲 Drawing Posterior Samples:  67%|██████▋   | 994/1484 [01:04<00:09, 50.72step/s]
[Origin 1/13] 🎲 Drawing Posterior Samples:  67%|██████▋   | 1000/1484 [01:04<00:09, 50.99step/s]
[Origin 1/13] 🎲 Drawing Posterior Samples:  68%|██████▊   | 1006/1484 [01:04<00:09, 51.19step/s]
[Origin 1/13] 🎲 Drawing Posterior Samples:  68%|██████▊   | 1012/1484 [01:05<00:09, 51.28step/s]
[Origin 1/13] 🎲 Drawing Posterior Samples:  69%|██████▊   | 1018/1484 [01:05<00:09, 51.49step/s]
[Origin 1/13] 🎲 Drawing Posterior Samples:  69%|██████▉   | 1024/1484 [01:05<00:08, 51.52step/s]
[Origin 1/13] 🎲 Drawing Posterior Samples:  69%|██████▉   | 1030/1484 [01:05<00:09, 49.81step/s]
[Origin 1/13] 🎲 Drawing Posterior Samples:  70%|██████▉   | 1036/1484 [01:05<00:08, 50.35step/s]
[Origin 1/13] 🎲 Drawing Posterior Samples:  70%|███████   | 1042/1484 [01:05<00:08, 50.67step/s]
[Origin 1/13] 🎲 Drawing Posterior Samples:  71%|███████   | 1048/1484 [01:05<00:08, 50.89step/s]
[Origin 1/13] 🎲 Drawing Posterior Samples:  71%|███████   | 1054/1484 [01:05<00:08, 51.08step/s]
[Origin 1/13] 🎲 Drawing Posterior Samples:  71%|███████▏  | 1060/1484 [01:06<00:08, 51.30step/s]
[Origin 1/13] 🎲 Drawing Posterior Samples:  72%|███████▏  | 1066/1484 [01:06<00:08, 51.44step/s]
[Origin 1/13] 🎲 Drawing Posterior Samples:  72%|███████▏  | 1072/1484 [01:06<00:08, 51.29step/s]
[Origin 1/13] 🎲 Drawing Posterior Samples:  73%|███████▎  | 1078/1484 [01:06<00:10, 38.92step/s]
[Origin 1/13] 🎲 Drawing Posterior Samples:  73%|███████▎  | 1083/1484 [01:07<00:25, 15.87step/s]
[Origin 1/13] 🎲 Drawing Posterior Samples:  73%|███████▎  | 1087/1484 [01:08<00:34, 11.35step/s]
[Origin 1/13] 🎲 Drawing Posterior Samples:  73%|███████▎  | 1090/1484 [01:08<00:43,  9.14step/s]
[Origin 1/13] 🎲 Drawing Posterior Samples:  74%|███████▎  | 1092/1484 [01:08<00:46,  8.40step/s]
[Origin 1/13] 🎲 Drawing Posterior Samples:  74%|███████▎  | 1094/1484 [01:09<00:49,  7.88step/s]
[Origin 1/13] 🎲 Drawing Posterior Samples:  74%|███████▍  | 1096/1484 [01:09<00:52,  7.38step/s]
[Origin 1/13] 🎲 Drawing Posterior Samples:  74%|███████▍  | 1098/1484 [01:09<00:54,  7.02step/s]
[Origin 1/13] 🎲 Drawing Posterior Samples:  74%|███████▍  | 1099/1484 [01:10<00:55,  6.92step/s]
[Origin 1/13] 🎲 Drawing Posterior Samples:  74%|███████▍  | 1100/1484 [01:10<00:56,  6.78step/s]
[Origin 1/13] 🎲 Drawing Posterior Samples:  74%|███████▍  | 1101/1484 [01:10<00:59,  6.48step/s]
[Origin 1/13] 🎲 Drawing Posterior Samples:  74%|███████▍  | 1102/1484 [01:10<01:02,  6.12step/s]
[Origin 1/13] 🎲 Drawing Posterior Samples:  74%|███████▍  | 1103/1484 [01:10<01:05,  5.83step/s]
[Origin 1/13] 🎲 Drawing Posterior Samples:  74%|███████▍  | 1104/1484 [01:11<01:07,  5.64step/s]
[Origin 1/13] 🎲 Drawing Posterior Samples:  74%|███████▍  | 1105/1484 [01:11<01:10,  5.39step/s]
[Origin 1/13] 🎲 Drawing Posterior Samples:  75%|███████▍  | 1106/1484 [01:11<01:13,  5.16step/s]
[Origin 1/13] 🎲 Drawing Posterior Samples:  75%|███████▍  | 1107/1484 [01:11<01:13,  5.10step/s]
[Origin 1/13] 🎲 Drawing Posterior Samples:  75%|███████▍  | 1108/1484 [01:11<01:13,  5.09step/s]
[Origin 1/13] 🎲 Drawing Posterior Samples:  75%|███████▍  | 1109/1484 [01:12<01:16,  4.91step/s]
[Origin 1/13] 🎲 Drawing Posterior Samples:  75%|███████▍  | 1110/1484 [01:12<01:17,  4.81step/s]
[Origin 1/13] 🎲 Drawing Posterior Samples:  75%|███████▍  | 1111/1484 [01:12<01:16,  4.90step/s]
[Origin 1/13] 🎲 Drawing Posterior Samples:  75%|███████▍  | 1112/1484 [01:12<01:14,  4.96step/s]
[Origin 1/13] 🎲 Drawing Posterior Samples:  75%|███████▌  | 1113/1484 [01:12<01:16,  4.87step/s]
[Origin 1/13] 🎲 Drawing Posterior Samples:  75%|███████▌  | 1114/1484 [01:41<53:49,  8.73s/step]
[Origin 1/13] 🎲 Drawing Posterior Samples:  75%|███████▌  | 1120/1484 [01:41<14:57,  2.47s/step]
[Origin 1/13] 🎲 Drawing Posterior Samples:  76%|███████▌  | 1126/1484 [01:41<07:19,  1.23s/step]
[Origin 1/13] 🎲 Drawing Posterior Samples:  76%|███████▋  | 1132/1484 [01:41<04:13,  1.39step/s]
[Origin 1/13] 🎲 Drawing Posterior Samples:  77%|███████▋  | 1138/1484 [01:42<02:38,  2.19step/s]
[Origin 1/13] 🎲 Drawing Posterior Samples:  77%|███████▋  | 1144/1484 [01:42<01:43,  3.29step/s]
[Origin 1/13] 🎲 Drawing Posterior Samples:  77%|███████▋  | 1150/1484 [01:42<01:09,  4.77step/s]
[Origin 1/13] 🎲 Drawing Posterior Samples:  78%|███████▊  | 1156/1484 [01:42<00:48,  6.75step/s]
[Origin 1/13] 🎲 Drawing Posterior Samples:  78%|███████▊  | 1162/1484 [01:42<00:34,  9.29step/s]
[Origin 1/13] 🎲 Drawing Posterior Samples:  79%|███████▊  | 1168/1484 [01:42<00:25, 12.47step/s]
[Origin 1/13] 🎲 Drawing Posterior Samples:  79%|███████▉  | 1174/1484 [01:42<00:19, 16.26step/s]
[Origin 1/13] 🎲 Drawing Posterior Samples:  80%|███████▉  | 1180/1484 [01:42<00:14, 20.55step/s]
[Origin 1/13] 🎲 Drawing Posterior Samples:  80%|███████▉  | 1186/1484 [01:43<00:11, 25.13step/s]
[Origin 1/13] 🎲 Drawing Posterior Samples:  80%|████████  | 1192/1484 [01:43<00:09, 29.73step/s]
[Origin 1/13] 🎲 Drawing Posterior Samples:  81%|████████  | 1198/1484 [01:43<00:08, 34.10step/s]
[Origin 1/13] 🎲 Drawing Posterior Samples:  81%|████████  | 1204/1484 [01:43<00:07, 38.00step/s]
[Origin 1/13] 🎲 Drawing Posterior Samples:  82%|████████▏ | 1210/1484 [01:43<00:06, 41.37step/s]
[Origin 1/13] 🎲 Drawing Posterior Samples:  82%|████████▏ | 1216/1484 [01:43<00:06, 44.10step/s]
[Origin 1/13] 🎲 Drawing Posterior Samples:  82%|████████▏ | 1222/1484 [01:43<00:05, 46.20step/s]
[Origin 1/13] 🎲 Drawing Posterior Samples:  83%|████████▎ | 1228/1484 [01:43<00:05, 47.81step/s]
[Origin 1/13] 🎲 Drawing Posterior Samples:  83%|████████▎ | 1234/1484 [01:43<00:05, 48.92step/s]
[Origin 1/13] 🎲 Drawing Posterior Samples:  84%|████████▎ | 1240/1484 [01:44<00:04, 49.67step/s]
[Origin 1/13] 🎲 Drawing Posterior Samples:  84%|████████▍ | 1246/1484 [01:44<00:04, 50.22step/s]
[Origin 1/13] 🎲 Drawing Posterior Samples:  84%|████████▍ | 1252/1484 [01:44<00:04, 50.60step/s]
[Origin 1/13] 🎲 Drawing Posterior Samples:  85%|████████▍ | 1258/1484 [01:44<00:04, 50.94step/s]
[Origin 1/13] 🎲 Drawing Posterior Samples:  85%|████████▌ | 1264/1484 [01:44<00:04, 51.17step/s]
[Origin 1/13] 🎲 Drawing Posterior Samples:  86%|████████▌ | 1270/1484 [01:44<00:04, 51.37step/s]
[Origin 1/13] 🎲 Drawing Posterior Samples:  86%|████████▌ | 1276/1484 [01:44<00:04, 51.54step/s]
[Origin 1/13] 🎲 Drawing Posterior Samples:  86%|████████▋ | 1282/1484 [01:44<00:03, 51.68step/s]
[Origin 1/13] 🎲 Drawing Posterior Samples:  87%|████████▋ | 1288/1484 [01:44<00:03, 51.70step/s]
[Origin 1/13] 🎲 Drawing Posterior Samples:  87%|████████▋ | 1294/1484 [01:45<00:03, 51.68step/s]
[Origin 1/13] 🎲 Drawing Posterior Samples:  88%|████████▊ | 1300/1484 [01:45<00:03, 51.65step/s]
[Origin 1/13] 🎲 Drawing Posterior Samples:  88%|████████▊ | 1306/1484 [01:45<00:03, 51.64step/s]
[Origin 1/13] 🎲 Drawing Posterior Samples:  88%|████████▊ | 1312/1484 [01:45<00:03, 51.59step/s]
[Origin 1/13] 🎲 Drawing Posterior Samples:  89%|████████▉ | 1318/1484 [01:45<00:03, 51.65step/s]
[Origin 1/13] 🎲 Drawing Posterior Samples:  89%|████████▉ | 1324/1484 [01:45<00:03, 51.68step/s]
[Origin 1/13] 🎲 Drawing Posterior Samples:  90%|████████▉ | 1330/1484 [01:45<00:02, 51.76step/s]
[Origin 1/13] 🎲 Drawing Posterior Samples:  90%|█████████ | 1336/1484 [01:45<00:02, 51.81step/s]
[Origin 1/13] 🎲 Drawing Posterior Samples:  90%|█████████ | 1342/1484 [01:46<00:02, 51.84step/s]
[Origin 1/13] 🎲 Drawing Posterior Samples:  91%|█████████ | 1348/1484 [01:46<00:02, 51.84step/s]
[Origin 1/13] 🎲 Drawing Posterior Samples:  91%|█████████ | 1354/1484 [01:46<00:02, 51.76step/s]
[Origin 1/13] 🎲 Drawing Posterior Samples:  92%|█████████▏| 1360/1484 [01:46<00:02, 51.70step/s]
[Origin 1/13] 🎲 Drawing Posterior Samples:  92%|█████████▏| 1366/1484 [01:46<00:02, 51.63step/s]
[Origin 1/13] 🎲 Drawing Posterior Samples:  92%|█████████▏| 1372/1484 [01:46<00:02, 51.63step/s]
[Origin 1/13] 🎲 Drawing Posterior Samples:  93%|█████████▎| 1378/1484 [01:46<00:02, 51.62step/s]
[Origin 1/13] 🎲 Drawing Posterior Samples:  93%|█████████▎| 1384/1484 [01:46<00:01, 51.65step/s]
[Origin 1/13] 🎲 Drawing Posterior Samples:  94%|█████████▎| 1390/1484 [01:46<00:01, 51.68step/s]
[Origin 1/13] 🎲 Drawing Posterior Samples:  94%|█████████▍| 1396/1484 [01:47<00:01, 51.76step/s]
[Origin 1/13] 🎲 Drawing Posterior Samples:  94%|█████████▍| 1402/1484 [01:47<00:01, 51.81step/s]
[Origin 1/13] 🎲 Drawing Posterior Samples:  95%|█████████▍| 1408/1484 [01:47<00:01, 51.76step/s]
[Origin 1/13] 🎲 Drawing Posterior Samples:  95%|█████████▌| 1414/1484 [01:47<00:01, 51.75step/s]
[Origin 1/13] 🎲 Drawing Posterior Samples:  96%|█████████▌| 1420/1484 [01:47<00:01, 51.75step/s]
[Origin 1/13] 🎲 Drawing Posterior Samples:  96%|█████████▌| 1426/1484 [01:47<00:01, 51.70step/s]
[Origin 1/13] 🎲 Drawing Posterior Samples:  96%|█████████▋| 1432/1484 [01:47<00:01, 51.71step/s]
[Origin 1/13] 🎲 Drawing Posterior Samples:  97%|█████████▋| 1438/1484 [01:47<00:00, 51.70step/s]
[Origin 1/13] 🎲 Drawing Posterior Samples:  97%|█████████▋| 1444/1484 [01:48<00:00, 51.69step/s]
[Origin 1/13] 🎲 Drawing Posterior Samples:  98%|█████████▊| 1450/1484 [01:48<00:01, 31.92step/s]
[Origin 1/13] 🎲 Drawing Posterior Samples:  98%|█████████▊| 1455/1484 [01:49<00:01, 15.09step/s]
[Origin 1/13] 🎲 Drawing Posterior Samples:  98%|█████████▊| 1459/1484 [01:49<00:02, 11.26step/s]
[Origin 1/13] 🎲 Drawing Posterior Samples:  99%|█████████▊| 1462/1484 [01:50<00:02,  9.74step/s]
[Origin 1/13] 🎲 Drawing Posterior Samples:  99%|█████████▊| 1464/1484 [01:50<00:02,  8.83step/s]
[Origin 1/13] 🎲 Drawing Posterior Samples:  99%|█████████▉| 1466/1484 [01:50<00:02,  8.16step/s]
[Origin 1/13] 🎲 Drawing Posterior Samples:  99%|█████████▉| 1468/1484 [01:51<00:02,  7.51step/s]
[Origin 1/13] 🎲 Drawing Posterior Samples:  99%|█████████▉| 1470/1484 [01:51<00:02,  6.90step/s]
[Origin 1/13] 🎲 Drawing Posterior Samples:  99%|█████████▉| 1471/1484 [01:51<00:01,  6.64step/s]
[Origin 1/13] 🎲 Drawing Posterior Samples:  99%|█████████▉| 1472/1484 [01:52<00:01,  6.34step/s]
[Origin 1/13] 🎲 Drawing Posterior Samples:  99%|█████████▉| 1473/1484 [01:52<00:01,  6.01step/s]
[Origin 1/13] 🎲 Drawing Posterior Samples:  99%|█████████▉| 1474/1484 [01:52<00:01,  5.51step/s]
[Origin 1/13] 🎲 Drawing Posterior Samples:  99%|█████████▉| 1475/1484 [01:52<00:01,  5.50step/s]
[Origin 1/13] 🎲 Drawing Posterior Samples:  99%|█████████▉| 1476/1484 [01:52<00:01,  5.45step/s]
[Origin 1/13] 🎲 Drawing Posterior Samples: 100%|█████████▉| 1477/1484 [01:53<00:01,  5.34step/s]
[Origin 1/13] 🎲 Drawing Posterior Samples: 100%|█████████▉| 1478/1484 [01:53<00:01,  5.33step/s]
[Origin 1/13] 🎲 Drawing Posterior Samples: 100%|█████████▉| 1479/1484 [01:53<00:00,  5.19step/s]
[Origin 1/13] 🎲 Drawing Posterior Samples: 100%|█████████▉| 1480/1484 [01:53<00:00,  5.11step/s]
[Origin 1/13] 🎲 Drawing Posterior Samples: 100%|█████████▉| 1481/1484 [01:53<00:00,  5.14step/s]
[Origin 1/13] 🎲 Drawing Posterior Samples: 100%|█████████▉| 1482/1484 [01:54<00:00,  5.15step/s]
[Origin 1/13] 🎲 Drawing Posterior Samples: 100%|█████████▉| 1483/1484 [01:54<00:00,  5.16step/s]
[Origin 1/13] 🎲 Drawing Posterior Samples: 100%|██████████| 1484/1484 [01:54<00:00,  5.09step/s]
                                                                                                 

[Origin 2/13] 🎲 Drawing Posterior Samples:   0%|          | 0/1488 [00:00<?, ?step/s]
[Origin 2/13] 🎲 Drawing Posterior Samples:   0%|          | 6/1488 [00:00<00:25, 58.75step/s]
[Origin 2/13] 🎲 Drawing Posterior Samples:   1%|          | 14/1488 [00:00<00:21, 69.78step/s]
[Origin 2/13] 🎲 Drawing Posterior Samples:   1%|▏         | 22/1488 [00:00<00:20, 72.56step/s]
[Origin 2/13] 🎲 Drawing Posterior Samples:   2%|▏         | 30/1488 [00:00<00:20, 70.92step/s]
[Origin 2/13] 🎲 Drawing Posterior Samples:   3%|▎         | 38/1488 [00:00<00:20, 69.31step/s]
[Origin 2/13] 🎲 Drawing Posterior Samples:   3%|▎         | 45/1488 [00:00<00:20, 68.71step/s]
[Origin 2/13] 🎲 Drawing Posterior Samples:   3%|▎         | 52/1488 [00:00<00:22, 64.43step/s]
[Origin 2/13] 🎲 Drawing Posterior Samples:   4%|▍         | 59/1488 [00:00<00:24, 57.83step/s]
[Origin 2/13] 🎲 Drawing Posterior Samples:   4%|▍         | 65/1488 [00:01<00:25, 55.07step/s]
[Origin 2/13] 🎲 Drawing Posterior Samples:   5%|▍         | 71/1488 [00:01<00:26, 53.24step/s]
[Origin 2/13] 🎲 Drawing Posterior Samples:   5%|▌         | 77/1488 [00:01<00:27, 52.12step/s]
[Origin 2/13] 🎲 Drawing Posterior Samples:   6%|▌         | 83/1488 [00:01<00:27, 51.34step/s]
[Origin 2/13] 🎲 Drawing Posterior Samples:   6%|▌         | 89/1488 [00:01<00:27, 50.78step/s]
[Origin 2/13] 🎲 Drawing Posterior Samples:   6%|▋         | 95/1488 [00:01<00:27, 50.42step/s]
[Origin 2/13] 🎲 Drawing Posterior Samples:   7%|▋         | 101/1488 [00:01<00:27, 50.14step/s]
[Origin 2/13] 🎲 Drawing Posterior Samples:   7%|▋         | 107/1488 [00:01<00:27, 49.93step/s]
[Origin 2/13] 🎲 Drawing Posterior Samples:   8%|▊         | 112/1488 [00:01<00:27, 49.66step/s]
[Origin 2/13] 🎲 Drawing Posterior Samples:   8%|▊         | 117/1488 [00:02<00:27, 49.47step/s]
[Origin 2/13] 🎲 Drawing Posterior Samples:   8%|▊         | 122/1488 [00:02<00:27, 49.35step/s]
[Origin 2/13] 🎲 Drawing Posterior Samples:   9%|▊         | 127/1488 [00:02<00:27, 49.14step/s]
[Origin 2/13] 🎲 Drawing Posterior Samples:   9%|▉         | 132/1488 [00:02<00:27, 49.16step/s]
[Origin 2/13] 🎲 Drawing Posterior Samples:   9%|▉         | 137/1488 [00:02<00:27, 49.23step/s]
[Origin 2/13] 🎲 Drawing Posterior Samples:  10%|▉         | 142/1488 [00:02<00:27, 49.30step/s]
[Origin 2/13] 🎲 Drawing Posterior Samples:  10%|▉         | 147/1488 [00:02<00:27, 49.35step/s]
[Origin 2/13] 🎲 Drawing Posterior Samples:  10%|█         | 152/1488 [00:02<00:27, 49.38step/s]
[Origin 2/13] 🎲 Drawing Posterior Samples:  11%|█         | 157/1488 [00:02<00:26, 49.42step/s]
[Origin 2/13] 🎲 Drawing Posterior Samples:  11%|█         | 162/1488 [00:03<00:26, 49.41step/s]
[Origin 2/13] 🎲 Drawing Posterior Samples:  11%|█         | 167/1488 [00:03<00:26, 49.30step/s]
[Origin 2/13] 🎲 Drawing Posterior Samples:  12%|█▏        | 172/1488 [00:03<00:26, 49.21step/s]
[Origin 2/13] 🎲 Drawing Posterior Samples:  12%|█▏        | 177/1488 [00:03<00:28, 45.95step/s]
[Origin 2/13] 🎲 Drawing Posterior Samples:  12%|█▏        | 182/1488 [00:03<00:29, 44.27step/s]
[Origin 2/13] 🎲 Drawing Posterior Samples:  13%|█▎        | 187/1488 [00:03<00:28, 45.59step/s]
[Origin 2/13] 🎲 Drawing Posterior Samples:  13%|█▎        | 192/1488 [00:03<00:27, 46.61step/s]
[Origin 2/13] 🎲 Drawing Posterior Samples:  13%|█▎        | 197/1488 [00:03<00:27, 47.37step/s]
[Origin 2/13] 🎲 Drawing Posterior Samples:  14%|█▎        | 202/1488 [00:03<00:26, 48.03step/s]
[Origin 2/13] 🎲 Drawing Posterior Samples:  14%|█▍        | 207/1488 [00:03<00:26, 48.44step/s]
[Origin 2/13] 🎲 Drawing Posterior Samples:  14%|█▍        | 212/1488 [00:04<00:26, 48.75step/s]
[Origin 2/13] 🎲 Drawing Posterior Samples:  15%|█▍        | 217/1488 [00:04<00:25, 48.90step/s]
[Origin 2/13] 🎲 Drawing Posterior Samples:  15%|█▍        | 222/1488 [00:04<00:25, 49.00step/s]
[Origin 2/13] 🎲 Drawing Posterior Samples:  15%|█▌        | 227/1488 [00:04<00:25, 49.03step/s]
[Origin 2/13] 🎲 Drawing Posterior Samples:  16%|█▌        | 232/1488 [00:04<00:25, 49.03step/s]
[Origin 2/13] 🎲 Drawing Posterior Samples:  16%|█▌        | 237/1488 [00:04<00:25, 48.97step/s]
[Origin 2/13] 🎲 Drawing Posterior Samples:  16%|█▋        | 242/1488 [00:04<00:25, 49.07step/s]
[Origin 2/13] 🎲 Drawing Posterior Samples:  17%|█▋        | 247/1488 [00:04<00:25, 49.14step/s]
[Origin 2/13] 🎲 Drawing Posterior Samples:  17%|█▋        | 252/1488 [00:04<00:25, 49.12step/s]
[Origin 2/13] 🎲 Drawing Posterior Samples:  17%|█▋        | 257/1488 [00:04<00:24, 49.25step/s]
[Origin 2/13] 🎲 Drawing Posterior Samples:  18%|█▊        | 262/1488 [00:05<00:24, 49.41step/s]
[Origin 2/13] 🎲 Drawing Posterior Samples:  18%|█▊        | 267/1488 [00:05<00:24, 49.45step/s]
[Origin 2/13] 🎲 Drawing Posterior Samples:  18%|█▊        | 272/1488 [00:05<00:24, 49.42step/s]
[Origin 2/13] 🎲 Drawing Posterior Samples:  19%|█▊        | 277/1488 [00:05<00:24, 49.38step/s]
[Origin 2/13] 🎲 Drawing Posterior Samples:  19%|█▉        | 282/1488 [00:05<00:24, 49.28step/s]
[Origin 2/13] 🎲 Drawing Posterior Samples:  19%|█▉        | 287/1488 [00:05<00:24, 49.17step/s]
[Origin 2/13] 🎲 Drawing Posterior Samples:  20%|█▉        | 292/1488 [00:05<00:24, 49.17step/s]
[Origin 2/13] 🎲 Drawing Posterior Samples:  20%|█▉        | 297/1488 [00:05<00:24, 49.21step/s]
[Origin 2/13] 🎲 Drawing Posterior Samples:  20%|██        | 302/1488 [00:05<00:24, 49.19step/s]
[Origin 2/13] 🎲 Drawing Posterior Samples:  21%|██        | 307/1488 [00:06<00:24, 49.18step/s]
[Origin 2/13] 🎲 Drawing Posterior Samples:  21%|██        | 312/1488 [00:06<00:23, 49.24step/s]
[Origin 2/13] 🎲 Drawing Posterior Samples:  21%|██▏       | 317/1488 [00:06<00:23, 49.33step/s]
[Origin 2/13] 🎲 Drawing Posterior Samples:  22%|██▏       | 322/1488 [00:06<00:23, 49.41step/s]
[Origin 2/13] 🎲 Drawing Posterior Samples:  22%|██▏       | 327/1488 [00:06<00:23, 49.44step/s]
[Origin 2/13] 🎲 Drawing Posterior Samples:  22%|██▏       | 332/1488 [00:06<00:23, 49.36step/s]
[Origin 2/13] 🎲 Drawing Posterior Samples:  23%|██▎       | 337/1488 [00:06<00:34, 33.65step/s]
[Origin 2/13] 🎲 Drawing Posterior Samples:  23%|██▎       | 342/1488 [00:07<01:36, 11.88step/s]
[Origin 2/13] 🎲 Drawing Posterior Samples:  23%|██▎       | 345/1488 [00:08<01:53, 10.05step/s]
[Origin 2/13] 🎲 Drawing Posterior Samples:  23%|██▎       | 348/1488 [00:08<02:12,  8.62step/s]
[Origin 2/13] 🎲 Drawing Posterior Samples:  24%|██▎       | 350/1488 [00:09<02:24,  7.88step/s]
[Origin 2/13] 🎲 Drawing Posterior Samples:  24%|██▎       | 352/1488 [00:09<02:34,  7.35step/s]
[Origin 2/13] 🎲 Drawing Posterior Samples:  24%|██▍       | 354/1488 [00:09<02:45,  6.86step/s]
[Origin 2/13] 🎲 Drawing Posterior Samples:  24%|██▍       | 355/1488 [00:10<02:48,  6.72step/s]
[Origin 2/13] 🎲 Drawing Posterior Samples:  24%|██▍       | 356/1488 [00:10<02:52,  6.56step/s]
[Origin 2/13] 🎲 Drawing Posterior Samples:  24%|██▍       | 357/1488 [00:10<02:55,  6.45step/s]
[Origin 2/13] 🎲 Drawing Posterior Samples:  24%|██▍       | 358/1488 [00:10<02:58,  6.32step/s]
[Origin 2/13] 🎲 Drawing Posterior Samples:  24%|██▍       | 359/1488 [00:10<03:26,  5.47step/s]
[Origin 2/13] 🎲 Drawing Posterior Samples:  24%|██▍       | 360/1488 [00:10<03:21,  5.61step/s]
[Origin 2/13] 🎲 Drawing Posterior Samples:  24%|██▍       | 361/1488 [00:11<03:16,  5.74step/s]
[Origin 2/13] 🎲 Drawing Posterior Samples:  24%|██▍       | 362/1488 [00:11<03:09,  5.95step/s]
[Origin 2/13] 🎲 Drawing Posterior Samples:  24%|██▍       | 363/1488 [00:11<03:10,  5.92step/s]
[Origin 2/13] 🎲 Drawing Posterior Samples:  24%|██▍       | 364/1488 [00:11<03:10,  5.90step/s]
[Origin 2/13] 🎲 Drawing Posterior Samples:  25%|██▍       | 365/1488 [00:11<03:04,  6.07step/s]
[Origin 2/13] 🎲 Drawing Posterior Samples:  25%|██▍       | 366/1488 [00:11<02:59,  6.27step/s]
[Origin 2/13] 🎲 Drawing Posterior Samples:  25%|██▍       | 367/1488 [00:12<02:55,  6.40step/s]
[Origin 2/13] 🎲 Drawing Posterior Samples:  25%|██▍       | 368/1488 [00:12<02:51,  6.51step/s]
[Origin 2/13] 🎲 Drawing Posterior Samples:  25%|██▍       | 369/1488 [00:12<02:48,  6.64step/s]
[Origin 2/13] 🎲 Drawing Posterior Samples:  25%|██▍       | 370/1488 [00:12<02:54,  6.42step/s]
[Origin 2/13] 🎲 Drawing Posterior Samples:  25%|██▍       | 371/1488 [00:12<03:06,  5.98step/s]
[Origin 2/13] 🎲 Drawing Posterior Samples:  25%|██▌       | 372/1488 [00:12<03:22,  5.51step/s]
[Origin 2/13] 🎲 Drawing Posterior Samples:  25%|██▌       | 373/1488 [00:35<2:07:16,  6.85s/step]
[Origin 2/13] 🎲 Drawing Posterior Samples:  25%|██▌       | 379/1488 [00:35<35:43,  1.93s/step]  
[Origin 2/13] 🎲 Drawing Posterior Samples:  26%|██▌       | 385/1488 [00:35<17:42,  1.04step/s]
[Origin 2/13] 🎲 Drawing Posterior Samples:  26%|██▋       | 391/1488 [00:35<10:21,  1.77step/s]
[Origin 2/13] 🎲 Drawing Posterior Samples:  27%|██▋       | 397/1488 [00:35<06:34,  2.77step/s]
[Origin 2/13] 🎲 Drawing Posterior Samples:  27%|██▋       | 403/1488 [00:35<04:22,  4.13step/s]
[Origin 2/13] 🎲 Drawing Posterior Samples:  27%|██▋       | 409/1488 [00:36<03:01,  5.96step/s]
[Origin 2/13] 🎲 Drawing Posterior Samples:  28%|██▊       | 415/1488 [00:36<02:08,  8.34step/s]
[Origin 2/13] 🎲 Drawing Posterior Samples:  28%|██▊       | 421/1488 [00:36<01:34, 11.35step/s]
[Origin 2/13] 🎲 Drawing Posterior Samples:  29%|██▊       | 427/1488 [00:36<01:10, 14.99step/s]
[Origin 2/13] 🎲 Drawing Posterior Samples:  29%|██▉       | 433/1488 [00:36<00:55, 19.17step/s]
[Origin 2/13] 🎲 Drawing Posterior Samples:  30%|██▉       | 439/1488 [00:36<00:44, 23.72step/s]
[Origin 2/13] 🎲 Drawing Posterior Samples:  30%|██▉       | 445/1488 [00:36<00:36, 28.36step/s]
[Origin 2/13] 🎲 Drawing Posterior Samples:  30%|███       | 451/1488 [00:36<00:31, 32.86step/s]
[Origin 2/13] 🎲 Drawing Posterior Samples:  31%|███       | 457/1488 [00:37<00:27, 36.92step/s]
[Origin 2/13] 🎲 Drawing Posterior Samples:  31%|███       | 463/1488 [00:37<00:25, 40.49step/s]
[Origin 2/13] 🎲 Drawing Posterior Samples:  32%|███▏      | 469/1488 [00:37<00:23, 43.45step/s]
[Origin 2/13] 🎲 Drawing Posterior Samples:  32%|███▏      | 475/1488 [00:37<00:22, 45.76step/s]
[Origin 2/13] 🎲 Drawing Posterior Samples:  32%|███▏      | 481/1488 [00:37<00:21, 47.52step/s]
[Origin 2/13] 🎲 Drawing Posterior Samples:  33%|███▎      | 487/1488 [00:37<00:20, 48.74step/s]
[Origin 2/13] 🎲 Drawing Posterior Samples:  33%|███▎      | 493/1488 [00:37<00:20, 49.63step/s]
[Origin 2/13] 🎲 Drawing Posterior Samples:  34%|███▎      | 499/1488 [00:37<00:19, 50.21step/s]
[Origin 2/13] 🎲 Drawing Posterior Samples:  34%|███▍      | 505/1488 [00:37<00:19, 50.68step/s]
[Origin 2/13] 🎲 Drawing Posterior Samples:  34%|███▍      | 511/1488 [00:38<00:19, 50.96step/s]
[Origin 2/13] 🎲 Drawing Posterior Samples:  35%|███▍      | 517/1488 [00:38<00:19, 51.04step/s]
[Origin 2/13] 🎲 Drawing Posterior Samples:  35%|███▌      | 523/1488 [00:38<00:18, 51.38step/s]
[Origin 2/13] 🎲 Drawing Posterior Samples:  36%|███▌      | 529/1488 [00:38<00:18, 51.61step/s]
[Origin 2/13] 🎲 Drawing Posterior Samples:  36%|███▌      | 535/1488 [00:38<00:18, 51.79step/s]
[Origin 2/13] 🎲 Drawing Posterior Samples:  36%|███▋      | 541/1488 [00:38<00:18, 51.87step/s]
[Origin 2/13] 🎲 Drawing Posterior Samples:  37%|███▋      | 547/1488 [00:38<00:18, 51.88step/s]
[Origin 2/13] 🎲 Drawing Posterior Samples:  37%|███▋      | 553/1488 [00:38<00:18, 51.90step/s]
[Origin 2/13] 🎲 Drawing Posterior Samples:  38%|███▊      | 559/1488 [00:38<00:17, 51.87step/s]
[Origin 2/13] 🎲 Drawing Posterior Samples:  38%|███▊      | 565/1488 [00:39<00:17, 51.86step/s]
[Origin 2/13] 🎲 Drawing Posterior Samples:  38%|███▊      | 571/1488 [00:39<00:17, 51.84step/s]
[Origin 2/13] 🎲 Drawing Posterior Samples:  39%|███▉      | 577/1488 [00:39<00:17, 51.81step/s]
[Origin 2/13] 🎲 Drawing Posterior Samples:  39%|███▉      | 583/1488 [00:39<00:17, 51.92step/s]
[Origin 2/13] 🎲 Drawing Posterior Samples:  40%|███▉      | 589/1488 [00:39<00:17, 52.01step/s]
[Origin 2/13] 🎲 Drawing Posterior Samples:  40%|███▉      | 595/1488 [00:39<00:17, 52.06step/s]
[Origin 2/13] 🎲 Drawing Posterior Samples:  40%|████      | 601/1488 [00:39<00:17, 52.07step/s]
[Origin 2/13] 🎲 Drawing Posterior Samples:  41%|████      | 607/1488 [00:39<00:16, 52.05step/s]
[Origin 2/13] 🎲 Drawing Posterior Samples:  41%|████      | 613/1488 [00:40<00:16, 52.01step/s]
[Origin 2/13] 🎲 Drawing Posterior Samples:  42%|████▏     | 619/1488 [00:40<00:16, 51.96step/s]
[Origin 2/13] 🎲 Drawing Posterior Samples:  42%|████▏     | 625/1488 [00:40<00:16, 51.88step/s]
[Origin 2/13] 🎲 Drawing Posterior Samples:  42%|████▏     | 631/1488 [00:40<00:16, 51.85step/s]
[Origin 2/13] 🎲 Drawing Posterior Samples:  43%|████▎     | 637/1488 [00:40<00:16, 51.88step/s]
[Origin 2/13] 🎲 Drawing Posterior Samples:  43%|████▎     | 643/1488 [00:40<00:16, 51.94step/s]
[Origin 2/13] 🎲 Drawing Posterior Samples:  44%|████▎     | 649/1488 [00:40<00:16, 52.03step/s]
[Origin 2/13] 🎲 Drawing Posterior Samples:  44%|████▍     | 655/1488 [00:40<00:16, 52.06step/s]
[Origin 2/13] 🎲 Drawing Posterior Samples:  44%|████▍     | 661/1488 [00:40<00:15, 51.96step/s]
[Origin 2/13] 🎲 Drawing Posterior Samples:  45%|████▍     | 667/1488 [00:41<00:15, 51.96step/s]
[Origin 2/13] 🎲 Drawing Posterior Samples:  45%|████▌     | 673/1488 [00:41<00:15, 51.89step/s]
[Origin 2/13] 🎲 Drawing Posterior Samples:  46%|████▌     | 679/1488 [00:41<00:15, 51.87step/s]
[Origin 2/13] 🎲 Drawing Posterior Samples:  46%|████▌     | 685/1488 [00:41<00:15, 51.85step/s]
[Origin 2/13] 🎲 Drawing Posterior Samples:  46%|████▋     | 691/1488 [00:41<00:15, 51.82step/s]
[Origin 2/13] 🎲 Drawing Posterior Samples:  47%|████▋     | 697/1488 [00:41<00:15, 51.83step/s]
[Origin 2/13] 🎲 Drawing Posterior Samples:  47%|████▋     | 703/1488 [00:41<00:15, 51.88step/s]
[Origin 2/13] 🎲 Drawing Posterior Samples:  48%|████▊     | 709/1488 [00:42<00:23, 33.72step/s]
[Origin 2/13] 🎲 Drawing Posterior Samples:  48%|████▊     | 714/1488 [00:42<00:54, 14.26step/s]
[Origin 2/13] 🎲 Drawing Posterior Samples:  48%|████▊     | 718/1488 [00:43<01:09, 11.07step/s]
[Origin 2/13] 🎲 Drawing Posterior Samples:  48%|████▊     | 721/1488 [00:44<01:21,  9.45step/s]
[Origin 2/13] 🎲 Drawing Posterior Samples:  49%|████▊     | 723/1488 [00:44<01:28,  8.67step/s]
[Origin 2/13] 🎲 Drawing Posterior Samples:  49%|████▊     | 725/1488 [00:44<01:34,  8.09step/s]
[Origin 2/13] 🎲 Drawing Posterior Samples:  49%|████▉     | 727/1488 [00:45<01:40,  7.55step/s]
[Origin 2/13] 🎲 Drawing Posterior Samples:  49%|████▉     | 729/1488 [00:45<01:44,  7.23step/s]
[Origin 2/13] 🎲 Drawing Posterior Samples:  49%|████▉     | 730/1488 [00:45<01:45,  7.16step/s]
[Origin 2/13] 🎲 Drawing Posterior Samples:  49%|████▉     | 731/1488 [00:45<01:47,  7.02step/s]
[Origin 2/13] 🎲 Drawing Posterior Samples:  49%|████▉     | 732/1488 [00:45<01:50,  6.83step/s]
[Origin 2/13] 🎲 Drawing Posterior Samples:  49%|████▉     | 733/1488 [00:46<01:54,  6.58step/s]
[Origin 2/13] 🎲 Drawing Posterior Samples:  49%|████▉     | 734/1488 [00:46<01:57,  6.42step/s]
[Origin 2/13] 🎲 Drawing Posterior Samples:  49%|████▉     | 735/1488 [00:46<02:05,  6.01step/s]
[Origin 2/13] 🎲 Drawing Posterior Samples:  49%|████▉     | 736/1488 [00:46<02:08,  5.87step/s]
[Origin 2/13] 🎲 Drawing Posterior Samples:  50%|████▉     | 737/1488 [00:46<02:13,  5.63step/s]
[Origin 2/13] 🎲 Drawing Posterior Samples:  50%|████▉     | 738/1488 [00:47<02:18,  5.41step/s]
[Origin 2/13] 🎲 Drawing Posterior Samples:  50%|████▉     | 739/1488 [00:47<02:24,  5.17step/s]
[Origin 2/13] 🎲 Drawing Posterior Samples:  50%|████▉     | 740/1488 [00:47<02:36,  4.79step/s]
[Origin 2/13] 🎲 Drawing Posterior Samples:  50%|████▉     | 741/1488 [00:47<02:33,  4.87step/s]
[Origin 2/13] 🎲 Drawing Posterior Samples:  50%|████▉     | 742/1488 [00:47<02:30,  4.95step/s]
[Origin 2/13] 🎲 Drawing Posterior Samples:  50%|████▉     | 743/1488 [00:48<02:32,  4.87step/s]
[Origin 2/13] 🎲 Drawing Posterior Samples:  50%|█████     | 744/1488 [00:48<02:33,  4.83step/s]
[Origin 2/13] 🎲 Drawing Posterior Samples:  50%|█████     | 745/1488 [01:05<1:04:50,  5.24s/step]
[Origin 2/13] 🎲 Drawing Posterior Samples:  50%|█████     | 751/1488 [01:05<18:13,  1.48s/step]  
[Origin 2/13] 🎲 Drawing Posterior Samples:  51%|█████     | 757/1488 [01:05<09:02,  1.35step/s]
[Origin 2/13] 🎲 Drawing Posterior Samples:  51%|█████▏    | 763/1488 [01:05<05:17,  2.28step/s]
[Origin 2/13] 🎲 Drawing Posterior Samples:  52%|█████▏    | 769/1488 [01:05<03:22,  3.56step/s]
[Origin 2/13] 🎲 Drawing Posterior Samples:  52%|█████▏    | 775/1488 [01:05<02:15,  5.27step/s]
[Origin 2/13] 🎲 Drawing Posterior Samples:  52%|█████▏    | 781/1488 [01:06<01:34,  7.52step/s]
[Origin 2/13] 🎲 Drawing Posterior Samples:  53%|█████▎    | 787/1488 [01:06<01:07, 10.38step/s]
[Origin 2/13] 🎲 Drawing Posterior Samples:  53%|█████▎    | 793/1488 [01:06<00:50, 13.89step/s]
[Origin 2/13] 🎲 Drawing Posterior Samples:  54%|█████▎    | 799/1488 [01:06<00:38, 17.96step/s]
[Origin 2/13] 🎲 Drawing Posterior Samples:  54%|█████▍    | 805/1488 [01:06<00:30, 22.46step/s]
[Origin 2/13] 🎲 Drawing Posterior Samples:  55%|█████▍    | 811/1488 [01:06<00:24, 27.11step/s]
[Origin 2/13] 🎲 Drawing Posterior Samples:  55%|█████▍    | 817/1488 [01:06<00:21, 31.67step/s]
[Origin 2/13] 🎲 Drawing Posterior Samples:  55%|█████▌    | 823/1488 [01:06<00:18, 35.79step/s]
[Origin 2/13] 🎲 Drawing Posterior Samples:  56%|█████▌    | 829/1488 [01:06<00:16, 39.48step/s]
[Origin 2/13] 🎲 Drawing Posterior Samples:  56%|█████▌    | 835/1488 [01:07<00:15, 42.62step/s]
[Origin 2/13] 🎲 Drawing Posterior Samples:  57%|█████▋    | 841/1488 [01:07<00:14, 45.09step/s]
[Origin 2/13] 🎲 Drawing Posterior Samples:  57%|█████▋    | 847/1488 [01:07<00:13, 47.03step/s]
[Origin 2/13] 🎲 Drawing Posterior Samples:  57%|█████▋    | 853/1488 [01:07<00:13, 48.49step/s]
[Origin 2/13] 🎲 Drawing Posterior Samples:  58%|█████▊    | 859/1488 [01:07<00:12, 49.43step/s]
[Origin 2/13] 🎲 Drawing Posterior Samples:  58%|█████▊    | 865/1488 [01:07<00:12, 50.13step/s]
[Origin 2/13] 🎲 Drawing Posterior Samples:  59%|█████▊    | 871/1488 [01:07<00:12, 50.52step/s]
[Origin 2/13] 🎲 Drawing Posterior Samples:  59%|█████▉    | 877/1488 [01:07<00:11, 50.98step/s]
[Origin 2/13] 🎲 Drawing Posterior Samples:  59%|█████▉    | 883/1488 [01:07<00:11, 51.20step/s]
[Origin 2/13] 🎲 Drawing Posterior Samples:  60%|█████▉    | 889/1488 [01:08<00:11, 51.42step/s]
[Origin 2/13] 🎲 Drawing Posterior Samples:  60%|██████    | 895/1488 [01:08<00:11, 51.56step/s]
[Origin 2/13] 🎲 Drawing Posterior Samples:  61%|██████    | 901/1488 [01:08<00:11, 51.65step/s]
[Origin 2/13] 🎲 Drawing Posterior Samples:  61%|██████    | 907/1488 [01:08<00:11, 51.76step/s]
[Origin 2/13] 🎲 Drawing Posterior Samples:  61%|██████▏   | 913/1488 [01:08<00:11, 51.82step/s]
[Origin 2/13] 🎲 Drawing Posterior Samples:  62%|██████▏   | 919/1488 [01:08<00:10, 51.81step/s]
[Origin 2/13] 🎲 Drawing Posterior Samples:  62%|██████▏   | 925/1488 [01:08<00:10, 51.84step/s]
[Origin 2/13] 🎲 Drawing Posterior Samples:  63%|██████▎   | 931/1488 [01:08<00:10, 51.81step/s]
[Origin 2/13] 🎲 Drawing Posterior Samples:  63%|██████▎   | 937/1488 [01:09<00:10, 51.82step/s]
[Origin 2/13] 🎲 Drawing Posterior Samples:  63%|██████▎   | 943/1488 [01:09<00:10, 51.78step/s]
[Origin 2/13] 🎲 Drawing Posterior Samples:  64%|██████▍   | 949/1488 [01:09<00:10, 51.75step/s]
[Origin 2/13] 🎲 Drawing Posterior Samples:  64%|██████▍   | 955/1488 [01:09<00:10, 51.81step/s]
[Origin 2/13] 🎲 Drawing Posterior Samples:  65%|██████▍   | 961/1488 [01:09<00:10, 51.90step/s]
[Origin 2/13] 🎲 Drawing Posterior Samples:  65%|██████▍   | 967/1488 [01:09<00:10, 51.98step/s]
[Origin 2/13] 🎲 Drawing Posterior Samples:  65%|██████▌   | 973/1488 [01:09<00:09, 51.95step/s]
[Origin 2/13] 🎲 Drawing Posterior Samples:  66%|██████▌   | 979/1488 [01:09<00:09, 51.94step/s]
[Origin 2/13] 🎲 Drawing Posterior Samples:  66%|██████▌   | 985/1488 [01:09<00:09, 51.90step/s]
[Origin 2/13] 🎲 Drawing Posterior Samples:  67%|██████▋   | 991/1488 [01:10<00:09, 51.89step/s]
[Origin 2/13] 🎲 Drawing Posterior Samples:  67%|██████▋   | 997/1488 [01:10<00:09, 51.84step/s]
[Origin 2/13] 🎲 Drawing Posterior Samples:  67%|██████▋   | 1003/1488 [01:10<00:09, 51.81step/s]
[Origin 2/13] 🎲 Drawing Posterior Samples:  68%|██████▊   | 1009/1488 [01:10<00:09, 51.81step/s]
[Origin 2/13] 🎲 Drawing Posterior Samples:  68%|██████▊   | 1015/1488 [01:10<00:09, 51.80step/s]
[Origin 2/13] 🎲 Drawing Posterior Samples:  69%|██████▊   | 1021/1488 [01:10<00:08, 51.92step/s]
[Origin 2/13] 🎲 Drawing Posterior Samples:  69%|██████▉   | 1027/1488 [01:10<00:08, 51.95step/s]
[Origin 2/13] 🎲 Drawing Posterior Samples:  69%|██████▉   | 1033/1488 [01:10<00:08, 51.97step/s]
[Origin 2/13] 🎲 Drawing Posterior Samples:  70%|██████▉   | 1039/1488 [01:10<00:08, 51.98step/s]
[Origin 2/13] 🎲 Drawing Posterior Samples:  70%|███████   | 1045/1488 [01:11<00:08, 51.95step/s]
[Origin 2/13] 🎲 Drawing Posterior Samples:  71%|███████   | 1051/1488 [01:11<00:08, 51.90step/s]
[Origin 2/13] 🎲 Drawing Posterior Samples:  71%|███████   | 1057/1488 [01:11<00:08, 51.89step/s]
[Origin 2/13] 🎲 Drawing Posterior Samples:  71%|███████▏  | 1063/1488 [01:11<00:08, 51.88step/s]
[Origin 2/13] 🎲 Drawing Posterior Samples:  72%|███████▏  | 1069/1488 [01:11<00:08, 51.85step/s]
[Origin 2/13] 🎲 Drawing Posterior Samples:  72%|███████▏  | 1075/1488 [01:11<00:07, 51.87step/s]
[Origin 2/13] 🎲 Drawing Posterior Samples:  73%|███████▎  | 1081/1488 [01:11<00:10, 40.53step/s]
[Origin 2/13] 🎲 Drawing Posterior Samples:  73%|███████▎  | 1086/1488 [01:13<00:37, 10.70step/s]
[Origin 2/13] 🎲 Drawing Posterior Samples:  73%|███████▎  | 1090/1488 [01:14<01:00,  6.58step/s]
[Origin 2/13] 🎲 Drawing Posterior Samples:  73%|███████▎  | 1093/1488 [01:15<01:00,  6.52step/s]
[Origin 2/13] 🎲 Drawing Posterior Samples:  74%|███████▎  | 1095/1488 [01:15<01:00,  6.47step/s]
[Origin 2/13] 🎲 Drawing Posterior Samples:  74%|███████▎  | 1097/1488 [01:15<01:01,  6.39step/s]
[Origin 2/13] 🎲 Drawing Posterior Samples:  74%|███████▍  | 1099/1488 [01:16<01:01,  6.33step/s]
[Origin 2/13] 🎲 Drawing Posterior Samples:  74%|███████▍  | 1101/1488 [01:16<01:01,  6.32step/s]
[Origin 2/13] 🎲 Drawing Posterior Samples:  74%|███████▍  | 1102/1488 [01:16<01:01,  6.29step/s]
[Origin 2/13] 🎲 Drawing Posterior Samples:  74%|███████▍  | 1103/1488 [01:16<01:01,  6.21step/s]
[Origin 2/13] 🎲 Drawing Posterior Samples:  74%|███████▍  | 1104/1488 [01:16<01:00,  6.33step/s]
[Origin 2/13] 🎲 Drawing Posterior Samples:  74%|███████▍  | 1105/1488 [01:17<01:01,  6.24step/s]
[Origin 2/13] 🎲 Drawing Posterior Samples:  74%|███████▍  | 1106/1488 [01:17<00:59,  6.39step/s]
[Origin 2/13] 🎲 Drawing Posterior Samples:  74%|███████▍  | 1107/1488 [01:17<00:59,  6.39step/s]
[Origin 2/13] 🎲 Drawing Posterior Samples:  74%|███████▍  | 1108/1488 [01:17<01:01,  6.22step/s]
[Origin 2/13] 🎲 Drawing Posterior Samples:  75%|███████▍  | 1109/1488 [01:17<01:02,  6.02step/s]
[Origin 2/13] 🎲 Drawing Posterior Samples:  75%|███████▍  | 1110/1488 [01:17<01:03,  5.95step/s]
[Origin 2/13] 🎲 Drawing Posterior Samples:  75%|███████▍  | 1111/1488 [01:18<01:04,  5.87step/s]
[Origin 2/13] 🎲 Drawing Posterior Samples:  75%|███████▍  | 1112/1488 [01:18<01:06,  5.68step/s]
[Origin 2/13] 🎲 Drawing Posterior Samples:  75%|███████▍  | 1113/1488 [01:18<01:07,  5.54step/s]
[Origin 2/13] 🎲 Drawing Posterior Samples:  75%|███████▍  | 1114/1488 [01:18<01:09,  5.36step/s]
[Origin 2/13] 🎲 Drawing Posterior Samples:  75%|███████▍  | 1115/1488 [01:18<01:12,  5.18step/s]
[Origin 2/13] 🎲 Drawing Posterior Samples:  75%|███████▌  | 1116/1488 [01:19<01:11,  5.21step/s]
[Origin 2/13] 🎲 Drawing Posterior Samples:  75%|███████▌  | 1117/1488 [01:35<31:10,  5.04s/step]
[Origin 2/13] 🎲 Drawing Posterior Samples:  75%|███████▌  | 1123/1488 [01:35<08:41,  1.43s/step]
[Origin 2/13] 🎲 Drawing Posterior Samples:  76%|███████▌  | 1132/1488 [01:35<03:22,  1.75step/s]
[Origin 2/13] 🎲 Drawing Posterior Samples:  77%|███████▋  | 1140/1488 [01:35<01:54,  3.05step/s]
[Origin 2/13] 🎲 Drawing Posterior Samples:  77%|███████▋  | 1147/1488 [01:36<01:14,  4.59step/s]
[Origin 2/13] 🎲 Drawing Posterior Samples:  78%|███████▊  | 1154/1488 [01:36<00:49,  6.68step/s]
[Origin 2/13] 🎲 Drawing Posterior Samples:  78%|███████▊  | 1161/1488 [01:36<00:34,  9.43step/s]
[Origin 2/13] 🎲 Drawing Posterior Samples:  78%|███████▊  | 1168/1488 [01:36<00:24, 12.86step/s]
[Origin 2/13] 🎲 Drawing Posterior Samples:  79%|███████▉  | 1175/1488 [01:36<00:18, 16.66step/s]
[Origin 2/13] 🎲 Drawing Posterior Samples:  79%|███████▉  | 1181/1488 [01:36<00:15, 20.43step/s]
[Origin 2/13] 🎲 Drawing Posterior Samples:  80%|███████▉  | 1187/1488 [01:36<00:12, 24.60step/s]
[Origin 2/13] 🎲 Drawing Posterior Samples:  80%|████████  | 1193/1488 [01:36<00:10, 28.96step/s]
[Origin 2/13] 🎲 Drawing Posterior Samples:  81%|████████  | 1199/1488 [01:36<00:08, 33.28step/s]
[Origin 2/13] 🎲 Drawing Posterior Samples:  81%|████████  | 1205/1488 [01:37<00:07, 37.25step/s]
[Origin 2/13] 🎲 Drawing Posterior Samples:  81%|████████▏ | 1211/1488 [01:37<00:06, 40.70step/s]
[Origin 2/13] 🎲 Drawing Posterior Samples:  82%|████████▏ | 1217/1488 [01:37<00:06, 43.55step/s]
[Origin 2/13] 🎲 Drawing Posterior Samples:  82%|████████▏ | 1223/1488 [01:37<00:05, 45.82step/s]
[Origin 2/13] 🎲 Drawing Posterior Samples:  83%|████████▎ | 1229/1488 [01:37<00:05, 47.46step/s]
[Origin 2/13] 🎲 Drawing Posterior Samples:  83%|████████▎ | 1235/1488 [01:37<00:05, 48.62step/s]
[Origin 2/13] 🎲 Drawing Posterior Samples:  83%|████████▎ | 1241/1488 [01:37<00:05, 49.34step/s]
[Origin 2/13] 🎲 Drawing Posterior Samples:  84%|████████▍ | 1247/1488 [01:37<00:04, 49.87step/s]
[Origin 2/13] 🎲 Drawing Posterior Samples:  84%|████████▍ | 1253/1488 [01:37<00:04, 50.26step/s]
[Origin 2/13] 🎲 Drawing Posterior Samples:  85%|████████▍ | 1259/1488 [01:38<00:04, 50.66step/s]
[Origin 2/13] 🎲 Drawing Posterior Samples:  85%|████████▌ | 1265/1488 [01:38<00:04, 51.01step/s]
[Origin 2/13] 🎲 Drawing Posterior Samples:  85%|████████▌ | 1271/1488 [01:38<00:04, 51.34step/s]
[Origin 2/13] 🎲 Drawing Posterior Samples:  86%|████████▌ | 1277/1488 [01:38<00:04, 51.59step/s]
[Origin 2/13] 🎲 Drawing Posterior Samples:  86%|████████▌ | 1283/1488 [01:38<00:03, 51.77step/s]
[Origin 2/13] 🎲 Drawing Posterior Samples:  87%|████████▋ | 1289/1488 [01:38<00:03, 51.82step/s]
[Origin 2/13] 🎲 Drawing Posterior Samples:  87%|████████▋ | 1295/1488 [01:38<00:03, 51.79step/s]
[Origin 2/13] 🎲 Drawing Posterior Samples:  87%|████████▋ | 1301/1488 [01:38<00:03, 51.79step/s]
[Origin 2/13] 🎲 Drawing Posterior Samples:  88%|████████▊ | 1307/1488 [01:39<00:03, 51.76step/s]
[Origin 2/13] 🎲 Drawing Posterior Samples:  88%|████████▊ | 1313/1488 [01:39<00:03, 51.72step/s]
[Origin 2/13] 🎲 Drawing Posterior Samples:  89%|████████▊ | 1319/1488 [01:39<00:03, 51.70step/s]
[Origin 2/13] 🎲 Drawing Posterior Samples:  89%|████████▉ | 1325/1488 [01:39<00:03, 51.78step/s]
[Origin 2/13] 🎲 Drawing Posterior Samples:  89%|████████▉ | 1331/1488 [01:39<00:03, 51.82step/s]
[Origin 2/13] 🎲 Drawing Posterior Samples:  90%|████████▉ | 1337/1488 [01:39<00:02, 51.80step/s]
[Origin 2/13] 🎲 Drawing Posterior Samples:  90%|█████████ | 1343/1488 [01:39<00:02, 51.87step/s]
[Origin 2/13] 🎲 Drawing Posterior Samples:  91%|█████████ | 1349/1488 [01:39<00:02, 51.91step/s]
[Origin 2/13] 🎲 Drawing Posterior Samples:  91%|█████████ | 1355/1488 [01:39<00:02, 51.98step/s]
[Origin 2/13] 🎲 Drawing Posterior Samples:  91%|█████████▏| 1361/1488 [01:40<00:02, 51.92step/s]
[Origin 2/13] 🎲 Drawing Posterior Samples:  92%|█████████▏| 1367/1488 [01:40<00:02, 51.86step/s]
[Origin 2/13] 🎲 Drawing Posterior Samples:  92%|█████████▏| 1373/1488 [01:40<00:02, 51.85step/s]
[Origin 2/13] 🎲 Drawing Posterior Samples:  93%|█████████▎| 1379/1488 [01:40<00:02, 51.86step/s]
[Origin 2/13] 🎲 Drawing Posterior Samples:  93%|█████████▎| 1385/1488 [01:40<00:01, 51.84step/s]
[Origin 2/13] 🎲 Drawing Posterior Samples:  93%|█████████▎| 1391/1488 [01:40<00:01, 51.86step/s]
[Origin 2/13] 🎲 Drawing Posterior Samples:  94%|█████████▍| 1397/1488 [01:40<00:01, 51.92step/s]
[Origin 2/13] 🎲 Drawing Posterior Samples:  94%|█████████▍| 1403/1488 [01:40<00:01, 51.97step/s]
[Origin 2/13] 🎲 Drawing Posterior Samples:  95%|█████████▍| 1409/1488 [01:40<00:01, 51.96step/s]
[Origin 2/13] 🎲 Drawing Posterior Samples:  95%|█████████▌| 1415/1488 [01:41<00:01, 51.99step/s]
[Origin 2/13] 🎲 Drawing Posterior Samples:  95%|█████████▌| 1421/1488 [01:41<00:01, 51.94step/s]
[Origin 2/13] 🎲 Drawing Posterior Samples:  96%|█████████▌| 1427/1488 [01:41<00:01, 51.87step/s]
[Origin 2/13] 🎲 Drawing Posterior Samples:  96%|█████████▋| 1433/1488 [01:41<00:01, 51.85step/s]
[Origin 2/13] 🎲 Drawing Posterior Samples:  97%|█████████▋| 1439/1488 [01:41<00:00, 51.84step/s]
[Origin 2/13] 🎲 Drawing Posterior Samples:  97%|█████████▋| 1445/1488 [01:41<00:00, 51.81step/s]
[Origin 2/13] 🎲 Drawing Posterior Samples:  98%|█████████▊| 1451/1488 [01:41<00:00, 51.81step/s]
[Origin 2/13] 🎲 Drawing Posterior Samples:  98%|█████████▊| 1457/1488 [01:42<00:01, 18.34step/s]
[Origin 2/13] 🎲 Drawing Posterior Samples:  98%|█████████▊| 1461/1488 [01:43<00:02, 12.72step/s]
[Origin 2/13] 🎲 Drawing Posterior Samples:  98%|█████████▊| 1464/1488 [01:43<00:02, 10.67step/s]
[Origin 2/13] 🎲 Drawing Posterior Samples:  99%|█████████▊| 1467/1488 [01:44<00:02,  9.03step/s]
[Origin 2/13] 🎲 Drawing Posterior Samples:  99%|█████████▊| 1469/1488 [01:44<00:02,  7.94step/s]
[Origin 2/13] 🎲 Drawing Posterior Samples:  99%|█████████▉| 1471/1488 [01:44<00:02,  7.58step/s]
[Origin 2/13] 🎲 Drawing Posterior Samples:  99%|█████████▉| 1473/1488 [01:45<00:02,  7.20step/s]
[Origin 2/13] 🎲 Drawing Posterior Samples:  99%|█████████▉| 1474/1488 [01:45<00:02,  6.96step/s]
[Origin 2/13] 🎲 Drawing Posterior Samples:  99%|█████████▉| 1475/1488 [01:45<00:01,  6.86step/s]
[Origin 2/13] 🎲 Drawing Posterior Samples:  99%|█████████▉| 1476/1488 [01:45<00:01,  6.62step/s]
[Origin 2/13] 🎲 Drawing Posterior Samples:  99%|█████████▉| 1477/1488 [01:45<00:01,  6.42step/s]
[Origin 2/13] 🎲 Drawing Posterior Samples:  99%|█████████▉| 1478/1488 [01:46<00:01,  6.29step/s]
[Origin 2/13] 🎲 Drawing Posterior Samples:  99%|█████████▉| 1479/1488 [01:46<00:01,  6.12step/s]
[Origin 2/13] 🎲 Drawing Posterior Samples:  99%|█████████▉| 1480/1488 [01:46<00:01,  5.28step/s]
[Origin 2/13] 🎲 Drawing Posterior Samples: 100%|█████████▉| 1481/1488 [01:46<00:01,  5.37step/s]
[Origin 2/13] 🎲 Drawing Posterior Samples: 100%|█████████▉| 1482/1488 [01:46<00:01,  5.40step/s]
[Origin 2/13] 🎲 Drawing Posterior Samples: 100%|█████████▉| 1483/1488 [01:47<00:01,  4.64step/s]
[Origin 2/13] 🎲 Drawing Posterior Samples: 100%|█████████▉| 1484/1488 [01:47<00:00,  4.67step/s]
[Origin 2/13] 🎲 Drawing Posterior Samples: 100%|█████████▉| 1485/1488 [01:47<00:00,  5.10step/s]
[Origin 2/13] 🎲 Drawing Posterior Samples: 100%|█████████▉| 1486/1488 [01:47<00:00,  5.21step/s]
[Origin 2/13] 🎲 Drawing Posterior Samples: 100%|█████████▉| 1487/1488 [01:47<00:00,  5.33step/s]
[Origin 2/13] 🎲 Drawing Posterior Samples: 100%|██████████| 1488/1488 [01:48<00:00,  5.27step/s]
                                                                                                 

[Origin 3/13] 🎲 Drawing Posterior Samples:   0%|          | 0/1492 [00:00<?, ?step/s]
[Origin 3/13] 🎲 Drawing Posterior Samples:   0%|          | 6/1492 [00:00<00:25, 58.90step/s]
[Origin 3/13] 🎲 Drawing Posterior Samples:   1%|          | 12/1492 [00:00<00:27, 54.63step/s]
[Origin 3/13] 🎲 Drawing Posterior Samples:   1%|          | 18/1492 [00:00<00:27, 53.33step/s]
[Origin 3/13] 🎲 Drawing Posterior Samples:   2%|▏         | 24/1492 [00:00<00:27, 52.73step/s]
[Origin 3/13] 🎲 Drawing Posterior Samples:   2%|▏         | 30/1492 [00:00<00:27, 52.43step/s]
[Origin 3/13] 🎲 Drawing Posterior Samples:   2%|▏         | 36/1492 [00:00<00:27, 52.29step/s]
[Origin 3/13] 🎲 Drawing Posterior Samples:   3%|▎         | 42/1492 [00:00<00:27, 52.19step/s]
[Origin 3/13] 🎲 Drawing Posterior Samples:   3%|▎         | 48/1492 [00:00<00:27, 52.05step/s]
[Origin 3/13] 🎲 Drawing Posterior Samples:   4%|▎         | 54/1492 [00:01<00:27, 51.79step/s]
[Origin 3/13] 🎲 Drawing Posterior Samples:   4%|▍         | 60/1492 [00:01<00:27, 51.56step/s]
[Origin 3/13] 🎲 Drawing Posterior Samples:   4%|▍         | 66/1492 [00:01<00:27, 51.43step/s]
[Origin 3/13] 🎲 Drawing Posterior Samples:   5%|▍         | 72/1492 [00:01<00:27, 51.30step/s]
[Origin 3/13] 🎲 Drawing Posterior Samples:   5%|▌         | 78/1492 [00:01<00:27, 51.15step/s]
[Origin 3/13] 🎲 Drawing Posterior Samples:   6%|▌         | 84/1492 [00:01<00:27, 51.22step/s]
[Origin 3/13] 🎲 Drawing Posterior Samples:   6%|▌         | 90/1492 [00:01<00:27, 51.34step/s]
[Origin 3/13] 🎲 Drawing Posterior Samples:   6%|▋         | 96/1492 [00:01<00:27, 51.46step/s]
[Origin 3/13] 🎲 Drawing Posterior Samples:   7%|▋         | 102/1492 [00:01<00:26, 51.54step/s]
[Origin 3/13] 🎲 Drawing Posterior Samples:   7%|▋         | 108/1492 [00:02<00:26, 51.55step/s]
[Origin 3/13] 🎲 Drawing Posterior Samples:   8%|▊         | 114/1492 [00:02<00:26, 51.53step/s]
[Origin 3/13] 🎲 Drawing Posterior Samples:   8%|▊         | 120/1492 [00:02<00:26, 51.48step/s]
[Origin 3/13] 🎲 Drawing Posterior Samples:   8%|▊         | 126/1492 [00:02<00:26, 51.43step/s]
[Origin 3/13] 🎲 Drawing Posterior Samples:   9%|▉         | 132/1492 [00:02<00:26, 51.41step/s]
[Origin 3/13] 🎲 Drawing Posterior Samples:   9%|▉         | 138/1492 [00:02<00:26, 51.39step/s]
[Origin 3/13] 🎲 Drawing Posterior Samples:  10%|▉         | 144/1492 [00:02<00:26, 51.41step/s]
[Origin 3/13] 🎲 Drawing Posterior Samples:  10%|█         | 150/1492 [00:02<00:26, 51.45step/s]
[Origin 3/13] 🎲 Drawing Posterior Samples:  10%|█         | 156/1492 [00:03<00:25, 51.51step/s]
[Origin 3/13] 🎲 Drawing Posterior Samples:  11%|█         | 162/1492 [00:03<00:25, 51.41step/s]
[Origin 3/13] 🎲 Drawing Posterior Samples:  11%|█▏        | 168/1492 [00:03<00:25, 51.47step/s]
[Origin 3/13] 🎲 Drawing Posterior Samples:  12%|█▏        | 174/1492 [00:03<00:25, 51.49step/s]
[Origin 3/13] 🎲 Drawing Posterior Samples:  12%|█▏        | 180/1492 [00:03<00:25, 51.43step/s]
[Origin 3/13] 🎲 Drawing Posterior Samples:  12%|█▏        | 186/1492 [00:03<00:25, 51.39step/s]
[Origin 3/13] 🎲 Drawing Posterior Samples:  13%|█▎        | 192/1492 [00:03<00:25, 51.39step/s]
[Origin 3/13] 🎲 Drawing Posterior Samples:  13%|█▎        | 198/1492 [00:03<00:25, 51.37step/s]
[Origin 3/13] 🎲 Drawing Posterior Samples:  14%|█▎        | 204/1492 [00:03<00:25, 51.36step/s]
[Origin 3/13] 🎲 Drawing Posterior Samples:  14%|█▍        | 210/1492 [00:04<00:24, 51.41step/s]
[Origin 3/13] 🎲 Drawing Posterior Samples:  14%|█▍        | 216/1492 [00:04<00:24, 51.45step/s]
[Origin 3/13] 🎲 Drawing Posterior Samples:  15%|█▍        | 222/1492 [00:04<00:24, 51.56step/s]
[Origin 3/13] 🎲 Drawing Posterior Samples:  15%|█▌        | 228/1492 [00:04<00:24, 51.58step/s]
[Origin 3/13] 🎲 Drawing Posterior Samples:  16%|█▌        | 234/1492 [00:04<00:24, 51.47step/s]
[Origin 3/13] 🎲 Drawing Posterior Samples:  16%|█▌        | 240/1492 [00:04<00:24, 51.42step/s]
[Origin 3/13] 🎲 Drawing Posterior Samples:  16%|█▋        | 246/1492 [00:04<00:24, 51.38step/s]
[Origin 3/13] 🎲 Drawing Posterior Samples:  17%|█▋        | 252/1492 [00:04<00:24, 51.40step/s]
[Origin 3/13] 🎲 Drawing Posterior Samples:  17%|█▋        | 258/1492 [00:04<00:24, 51.37step/s]
[Origin 3/13] 🎲 Drawing Posterior Samples:  18%|█▊        | 264/1492 [00:05<00:23, 51.36step/s]
[Origin 3/13] 🎲 Drawing Posterior Samples:  18%|█▊        | 270/1492 [00:05<00:23, 51.36step/s]
[Origin 3/13] 🎲 Drawing Posterior Samples:  18%|█▊        | 276/1492 [00:05<00:23, 51.38step/s]
[Origin 3/13] 🎲 Drawing Posterior Samples:  19%|█▉        | 282/1492 [00:05<00:23, 51.48step/s]
[Origin 3/13] 🎲 Drawing Posterior Samples:  19%|█▉        | 288/1492 [00:05<00:23, 51.50step/s]
[Origin 3/13] 🎲 Drawing Posterior Samples:  20%|█▉        | 294/1492 [00:05<00:23, 51.47step/s]
[Origin 3/13] 🎲 Drawing Posterior Samples:  20%|██        | 300/1492 [00:05<00:23, 51.48step/s]
[Origin 3/13] 🎲 Drawing Posterior Samples:  21%|██        | 306/1492 [00:05<00:23, 51.38step/s]
[Origin 3/13] 🎲 Drawing Posterior Samples:  21%|██        | 312/1492 [00:06<00:22, 51.40step/s]
[Origin 3/13] 🎲 Drawing Posterior Samples:  21%|██▏       | 318/1492 [00:06<00:22, 51.34step/s]
[Origin 3/13] 🎲 Drawing Posterior Samples:  22%|██▏       | 324/1492 [00:06<00:22, 51.35step/s]
[Origin 3/13] 🎲 Drawing Posterior Samples:  22%|██▏       | 330/1492 [00:06<00:22, 51.33step/s]
[Origin 3/13] 🎲 Drawing Posterior Samples:  23%|██▎       | 336/1492 [00:06<00:22, 51.38step/s]
[Origin 3/13] 🎲 Drawing Posterior Samples:  23%|██▎       | 342/1492 [00:07<01:05, 17.43step/s]
[Origin 3/13] 🎲 Drawing Posterior Samples:  23%|██▎       | 346/1492 [00:08<01:33, 12.27step/s]
[Origin 3/13] 🎲 Drawing Posterior Samples:  23%|██▎       | 349/1492 [00:08<01:51, 10.24step/s]
[Origin 3/13] 🎲 Drawing Posterior Samples:  24%|██▎       | 352/1492 [00:09<02:07,  8.95step/s]
[Origin 3/13] 🎲 Drawing Posterior Samples:  24%|██▎       | 354/1492 [00:09<02:24,  7.86step/s]
[Origin 3/13] 🎲 Drawing Posterior Samples:  24%|██▍       | 356/1492 [00:09<02:55,  6.47step/s]
[Origin 3/13] 🎲 Drawing Posterior Samples:  24%|██▍       | 358/1492 [00:10<03:03,  6.19step/s]
[Origin 3/13] 🎲 Drawing Posterior Samples:  24%|██▍       | 359/1492 [00:10<03:04,  6.14step/s]
[Origin 3/13] 🎲 Drawing Posterior Samples:  24%|██▍       | 360/1492 [00:10<03:04,  6.15step/s]
[Origin 3/13] 🎲 Drawing Posterior Samples:  24%|██▍       | 361/1492 [00:10<03:05,  6.11step/s]
[Origin 3/13] 🎲 Drawing Posterior Samples:  24%|██▍       | 362/1492 [00:11<03:08,  6.00step/s]
[Origin 3/13] 🎲 Drawing Posterior Samples:  24%|██▍       | 363/1492 [00:11<03:11,  5.88step/s]
[Origin 3/13] 🎲 Drawing Posterior Samples:  24%|██▍       | 364/1492 [00:11<03:09,  5.96step/s]
[Origin 3/13] 🎲 Drawing Posterior Samples:  24%|██▍       | 365/1492 [00:11<03:08,  5.97step/s]
[Origin 3/13] 🎲 Drawing Posterior Samples:  25%|██▍       | 366/1492 [00:11<03:08,  5.98step/s]
[Origin 3/13] 🎲 Drawing Posterior Samples:  25%|██▍       | 367/1492 [00:11<03:10,  5.91step/s]
[Origin 3/13] 🎲 Drawing Posterior Samples:  25%|██▍       | 368/1492 [00:12<03:13,  5.81step/s]
[Origin 3/13] 🎲 Drawing Posterior Samples:  25%|██▍       | 369/1492 [00:12<03:06,  6.03step/s]
[Origin 3/13] 🎲 Drawing Posterior Samples:  25%|██▍       | 370/1492 [00:12<03:01,  6.17step/s]
[Origin 3/13] 🎲 Drawing Posterior Samples:  25%|██▍       | 371/1492 [00:12<02:59,  6.26step/s]
[Origin 3/13] 🎲 Drawing Posterior Samples:  25%|██▍       | 372/1492 [00:12<03:32,  5.26step/s]
[Origin 3/13] 🎲 Drawing Posterior Samples:  25%|██▌       | 373/1492 [00:13<03:47,  4.91step/s]
[Origin 3/13] 🎲 Drawing Posterior Samples:  25%|██▌       | 374/1492 [00:30<1:37:52,  5.25s/step]
[Origin 3/13] 🎲 Drawing Posterior Samples:  25%|██▌       | 380/1492 [00:30<27:36,  1.49s/step]  
[Origin 3/13] 🎲 Drawing Posterior Samples:  26%|██▌       | 386/1492 [00:30<13:43,  1.34step/s]
[Origin 3/13] 🎲 Drawing Posterior Samples:  26%|██▋       | 392/1492 [00:30<08:04,  2.27step/s]
[Origin 3/13] 🎲 Drawing Posterior Samples:  27%|██▋       | 398/1492 [00:30<05:08,  3.54step/s]
[Origin 3/13] 🎲 Drawing Posterior Samples:  27%|██▋       | 404/1492 [00:30<03:27,  5.25step/s]
[Origin 3/13] 🎲 Drawing Posterior Samples:  27%|██▋       | 410/1492 [00:30<02:24,  7.50step/s]
[Origin 3/13] 🎲 Drawing Posterior Samples:  28%|██▊       | 416/1492 [00:30<01:43, 10.36step/s]
[Origin 3/13] 🎲 Drawing Posterior Samples:  28%|██▊       | 422/1492 [00:31<01:17, 13.88step/s]
[Origin 3/13] 🎲 Drawing Posterior Samples:  29%|██▊       | 428/1492 [00:31<00:59, 17.98step/s]
[Origin 3/13] 🎲 Drawing Posterior Samples:  29%|██▉       | 434/1492 [00:31<00:47, 22.50step/s]
[Origin 3/13] 🎲 Drawing Posterior Samples:  29%|██▉       | 440/1492 [00:31<00:38, 27.21step/s]
[Origin 3/13] 🎲 Drawing Posterior Samples:  30%|██▉       | 446/1492 [00:31<00:32, 31.80step/s]
[Origin 3/13] 🎲 Drawing Posterior Samples:  30%|███       | 452/1492 [00:31<00:28, 36.02step/s]
[Origin 3/13] 🎲 Drawing Posterior Samples:  31%|███       | 458/1492 [00:31<00:26, 39.71step/s]
[Origin 3/13] 🎲 Drawing Posterior Samples:  31%|███       | 464/1492 [00:31<00:24, 42.83step/s]
[Origin 3/13] 🎲 Drawing Posterior Samples:  32%|███▏      | 470/1492 [00:31<00:22, 45.39step/s]
[Origin 3/13] 🎲 Drawing Posterior Samples:  32%|███▏      | 476/1492 [00:32<00:21, 47.37step/s]
[Origin 3/13] 🎲 Drawing Posterior Samples:  32%|███▏      | 482/1492 [00:32<00:20, 48.88step/s]
[Origin 3/13] 🎲 Drawing Posterior Samples:  33%|███▎      | 488/1492 [00:32<00:20, 49.97step/s]
[Origin 3/13] 🎲 Drawing Posterior Samples:  33%|███▎      | 494/1492 [00:32<00:19, 50.70step/s]
[Origin 3/13] 🎲 Drawing Posterior Samples:  34%|███▎      | 500/1492 [00:32<00:19, 51.11step/s]
[Origin 3/13] 🎲 Drawing Posterior Samples:  34%|███▍      | 506/1492 [00:32<00:19, 51.42step/s]
[Origin 3/13] 🎲 Drawing Posterior Samples:  34%|███▍      | 512/1492 [00:32<00:18, 51.61step/s]
[Origin 3/13] 🎲 Drawing Posterior Samples:  35%|███▍      | 518/1492 [00:32<00:18, 51.65step/s]
[Origin 3/13] 🎲 Drawing Posterior Samples:  35%|███▌      | 524/1492 [00:33<00:18, 51.78step/s]
[Origin 3/13] 🎲 Drawing Posterior Samples:  36%|███▌      | 530/1492 [00:33<00:18, 51.97step/s]
[Origin 3/13] 🎲 Drawing Posterior Samples:  36%|███▌      | 536/1492 [00:33<00:18, 52.21step/s]
[Origin 3/13] 🎲 Drawing Posterior Samples:  36%|███▋      | 542/1492 [00:33<00:18, 52.37step/s]
[Origin 3/13] 🎲 Drawing Posterior Samples:  37%|███▋      | 548/1492 [00:33<00:17, 52.47step/s]
[Origin 3/13] 🎲 Drawing Posterior Samples:  37%|███▋      | 554/1492 [00:33<00:17, 52.44step/s]
[Origin 3/13] 🎲 Drawing Posterior Samples:  38%|███▊      | 560/1492 [00:33<00:17, 52.38step/s]
[Origin 3/13] 🎲 Drawing Posterior Samples:  38%|███▊      | 566/1492 [00:33<00:17, 52.39step/s]
[Origin 3/13] 🎲 Drawing Posterior Samples:  38%|███▊      | 572/1492 [00:33<00:17, 52.33step/s]
[Origin 3/13] 🎲 Drawing Posterior Samples:  39%|███▊      | 578/1492 [00:34<00:17, 52.28step/s]
[Origin 3/13] 🎲 Drawing Posterior Samples:  39%|███▉      | 584/1492 [00:34<00:17, 52.23step/s]
[Origin 3/13] 🎲 Drawing Posterior Samples:  40%|███▉      | 590/1492 [00:34<00:17, 52.19step/s]
[Origin 3/13] 🎲 Drawing Posterior Samples:  40%|███▉      | 596/1492 [00:34<00:17, 52.24step/s]
[Origin 3/13] 🎲 Drawing Posterior Samples:  40%|████      | 602/1492 [00:34<00:17, 52.33step/s]
[Origin 3/13] 🎲 Drawing Posterior Samples:  41%|████      | 608/1492 [00:34<00:16, 52.45step/s]
[Origin 3/13] 🎲 Drawing Posterior Samples:  41%|████      | 614/1492 [00:34<00:16, 52.47step/s]
[Origin 3/13] 🎲 Drawing Posterior Samples:  42%|████▏     | 620/1492 [00:34<00:16, 52.51step/s]
[Origin 3/13] 🎲 Drawing Posterior Samples:  42%|████▏     | 626/1492 [00:34<00:16, 52.45step/s]
[Origin 3/13] 🎲 Drawing Posterior Samples:  42%|████▏     | 632/1492 [00:35<00:16, 52.40step/s]
[Origin 3/13] 🎲 Drawing Posterior Samples:  43%|████▎     | 638/1492 [00:35<00:16, 52.38step/s]
[Origin 3/13] 🎲 Drawing Posterior Samples:  43%|████▎     | 644/1492 [00:35<00:16, 52.32step/s]
[Origin 3/13] 🎲 Drawing Posterior Samples:  44%|████▎     | 650/1492 [00:35<00:16, 52.28step/s]
[Origin 3/13] 🎲 Drawing Posterior Samples:  44%|████▍     | 656/1492 [00:35<00:15, 52.32step/s]
[Origin 3/13] 🎲 Drawing Posterior Samples:  44%|████▍     | 662/1492 [00:35<00:15, 52.35step/s]
[Origin 3/13] 🎲 Drawing Posterior Samples:  45%|████▍     | 668/1492 [00:35<00:15, 52.41step/s]
[Origin 3/13] 🎲 Drawing Posterior Samples:  45%|████▌     | 674/1492 [00:35<00:15, 52.46step/s]
[Origin 3/13] 🎲 Drawing Posterior Samples:  46%|████▌     | 680/1492 [00:35<00:15, 52.45step/s]
[Origin 3/13] 🎲 Drawing Posterior Samples:  46%|████▌     | 686/1492 [00:36<00:15, 52.39step/s]
[Origin 3/13] 🎲 Drawing Posterior Samples:  46%|████▋     | 692/1492 [00:36<00:15, 52.37step/s]
[Origin 3/13] 🎲 Drawing Posterior Samples:  47%|████▋     | 698/1492 [00:36<00:15, 52.34step/s]
[Origin 3/13] 🎲 Drawing Posterior Samples:  47%|████▋     | 704/1492 [00:36<00:15, 52.32step/s]
[Origin 3/13] 🎲 Drawing Posterior Samples:  48%|████▊     | 710/1492 [00:36<00:14, 52.36step/s]
[Origin 3/13] 🎲 Drawing Posterior Samples:  48%|████▊     | 716/1492 [00:38<01:08, 11.30step/s]
[Origin 3/13] 🎲 Drawing Posterior Samples:  48%|████▊     | 720/1492 [00:39<01:47,  7.16step/s]
[Origin 3/13] 🎲 Drawing Posterior Samples:  48%|████▊     | 723/1492 [00:40<02:06,  6.09step/s]
[Origin 3/13] 🎲 Drawing Posterior Samples:  49%|████▊     | 726/1492 [00:41<02:26,  5.22step/s]
[Origin 3/13] 🎲 Drawing Posterior Samples:  49%|████▉     | 728/1492 [00:41<02:47,  4.56step/s]
[Origin 3/13] 🎲 Drawing Posterior Samples:  49%|████▉     | 730/1492 [00:42<02:43,  4.65step/s]
[Origin 3/13] 🎲 Drawing Posterior Samples:  49%|████▉     | 731/1492 [00:42<02:38,  4.80step/s]
[Origin 3/13] 🎲 Drawing Posterior Samples:  49%|████▉     | 732/1492 [00:42<02:33,  4.94step/s]
[Origin 3/13] 🎲 Drawing Posterior Samples:  49%|████▉     | 733/1492 [00:42<02:28,  5.10step/s]
[Origin 3/13] 🎲 Drawing Posterior Samples:  49%|████▉     | 734/1492 [00:42<02:25,  5.22step/s]
[Origin 3/13] 🎲 Drawing Posterior Samples:  49%|████▉     | 735/1492 [00:42<02:19,  5.44step/s]
[Origin 3/13] 🎲 Drawing Posterior Samples:  49%|████▉     | 736/1492 [00:43<02:16,  5.55step/s]
[Origin 3/13] 🎲 Drawing Posterior Samples:  49%|████▉     | 737/1492 [00:43<02:13,  5.67step/s]
[Origin 3/13] 🎲 Drawing Posterior Samples:  49%|████▉     | 738/1492 [00:43<02:15,  5.58step/s]
[Origin 3/13] 🎲 Drawing Posterior Samples:  50%|████▉     | 739/1492 [00:43<02:28,  5.06step/s]
[Origin 3/13] 🎲 Drawing Posterior Samples:  50%|████▉     | 740/1492 [00:43<02:18,  5.42step/s]
[Origin 3/13] 🎲 Drawing Posterior Samples:  50%|████▉     | 741/1492 [00:44<02:11,  5.73step/s]
[Origin 3/13] 🎲 Drawing Posterior Samples:  50%|████▉     | 742/1492 [00:44<02:07,  5.87step/s]
[Origin 3/13] 🎲 Drawing Posterior Samples:  50%|████▉     | 743/1492 [00:44<02:05,  5.96step/s]
[Origin 3/13] 🎲 Drawing Posterior Samples:  50%|████▉     | 744/1492 [00:44<02:03,  6.08step/s]
[Origin 3/13] 🎲 Drawing Posterior Samples:  50%|████▉     | 745/1492 [00:44<02:12,  5.65step/s]
[Origin 3/13] 🎲 Drawing Posterior Samples:  50%|█████     | 746/1492 [00:44<02:19,  5.33step/s]
[Origin 3/13] 🎲 Drawing Posterior Samples:  50%|█████     | 747/1492 [01:00<1:00:08,  4.84s/step]
[Origin 3/13] 🎲 Drawing Posterior Samples:  50%|█████     | 753/1492 [01:00<16:55,  1.37s/step]  
[Origin 3/13] 🎲 Drawing Posterior Samples:  51%|█████     | 759/1492 [01:00<08:23,  1.45step/s]
[Origin 3/13] 🎲 Drawing Posterior Samples:  51%|█████▏    | 765/1492 [01:01<04:55,  2.46step/s]
[Origin 3/13] 🎲 Drawing Posterior Samples:  52%|█████▏    | 771/1492 [01:01<03:08,  3.83step/s]
[Origin 3/13] 🎲 Drawing Posterior Samples:  52%|█████▏    | 777/1492 [01:01<02:06,  5.66step/s]
[Origin 3/13] 🎲 Drawing Posterior Samples:  52%|█████▏    | 783/1492 [01:01<01:28,  8.04step/s]
[Origin 3/13] 🎲 Drawing Posterior Samples:  53%|█████▎    | 789/1492 [01:01<01:03, 11.07step/s]
[Origin 3/13] 🎲 Drawing Posterior Samples:  53%|█████▎    | 795/1492 [01:01<00:47, 14.74step/s]
[Origin 3/13] 🎲 Drawing Posterior Samples:  54%|█████▎    | 801/1492 [01:01<00:36, 18.97step/s]
[Origin 3/13] 🎲 Drawing Posterior Samples:  54%|█████▍    | 807/1492 [01:01<00:29, 23.57step/s]
[Origin 3/13] 🎲 Drawing Posterior Samples:  54%|█████▍    | 813/1492 [01:01<00:24, 28.28step/s]
[Origin 3/13] 🎲 Drawing Posterior Samples:  55%|█████▍    | 819/1492 [01:02<00:20, 32.81step/s]
[Origin 3/13] 🎲 Drawing Posterior Samples:  55%|█████▌    | 825/1492 [01:02<00:18, 36.94step/s]
[Origin 3/13] 🎲 Drawing Posterior Samples:  56%|█████▌    | 831/1492 [01:02<00:16, 40.56step/s]
[Origin 3/13] 🎲 Drawing Posterior Samples:  56%|█████▌    | 837/1492 [01:02<00:15, 43.58step/s]
[Origin 3/13] 🎲 Drawing Posterior Samples:  57%|█████▋    | 843/1492 [01:02<00:14, 45.96step/s]
[Origin 3/13] 🎲 Drawing Posterior Samples:  57%|█████▋    | 849/1492 [01:02<00:13, 47.81step/s]
[Origin 3/13] 🎲 Drawing Posterior Samples:  57%|█████▋    | 855/1492 [01:02<00:12, 49.16step/s]
[Origin 3/13] 🎲 Drawing Posterior Samples:  58%|█████▊    | 861/1492 [01:02<00:12, 50.02step/s]
[Origin 3/13] 🎲 Drawing Posterior Samples:  58%|█████▊    | 867/1492 [01:02<00:12, 50.59step/s]
[Origin 3/13] 🎲 Drawing Posterior Samples:  59%|█████▊    | 873/1492 [01:03<00:12, 50.88step/s]
[Origin 3/13] 🎲 Drawing Posterior Samples:  59%|█████▉    | 879/1492 [01:03<00:11, 51.11step/s]
[Origin 3/13] 🎲 Drawing Posterior Samples:  59%|█████▉    | 885/1492 [01:03<00:11, 51.33step/s]
[Origin 3/13] 🎲 Drawing Posterior Samples:  60%|█████▉    | 891/1492 [01:03<00:11, 51.62step/s]
[Origin 3/13] 🎲 Drawing Posterior Samples:  60%|██████    | 897/1492 [01:03<00:11, 51.86step/s]
[Origin 3/13] 🎲 Drawing Posterior Samples:  61%|██████    | 903/1492 [01:03<00:11, 52.03step/s]
[Origin 3/13] 🎲 Drawing Posterior Samples:  61%|██████    | 909/1492 [01:03<00:11, 52.22step/s]
[Origin 3/13] 🎲 Drawing Posterior Samples:  61%|██████▏   | 915/1492 [01:03<00:11, 52.36step/s]
[Origin 3/13] 🎲 Drawing Posterior Samples:  62%|██████▏   | 921/1492 [01:04<00:10, 52.36step/s]
[Origin 3/13] 🎲 Drawing Posterior Samples:  62%|██████▏   | 927/1492 [01:04<00:10, 52.33step/s]
[Origin 3/13] 🎲 Drawing Posterior Samples:  63%|██████▎   | 933/1492 [01:04<00:10, 52.26step/s]
[Origin 3/13] 🎲 Drawing Posterior Samples:  63%|██████▎   | 939/1492 [01:04<00:10, 52.16step/s]
[Origin 3/13] 🎲 Drawing Posterior Samples:  63%|██████▎   | 945/1492 [01:04<00:10, 51.96step/s]
[Origin 3/13] 🎲 Drawing Posterior Samples:  64%|██████▎   | 951/1492 [01:04<00:10, 52.11step/s]
[Origin 3/13] 🎲 Drawing Posterior Samples:  64%|██████▍   | 957/1492 [01:04<00:10, 52.15step/s]
[Origin 3/13] 🎲 Drawing Posterior Samples:  65%|██████▍   | 963/1492 [01:04<00:10, 52.27step/s]
[Origin 3/13] 🎲 Drawing Posterior Samples:  65%|██████▍   | 969/1492 [01:04<00:09, 52.33step/s]
[Origin 3/13] 🎲 Drawing Posterior Samples:  65%|██████▌   | 975/1492 [01:05<00:09, 52.41step/s]
[Origin 3/13] 🎲 Drawing Posterior Samples:  66%|██████▌   | 981/1492 [01:05<00:09, 52.36step/s]
[Origin 3/13] 🎲 Drawing Posterior Samples:  66%|██████▌   | 987/1492 [01:05<00:09, 52.29step/s]
[Origin 3/13] 🎲 Drawing Posterior Samples:  67%|██████▋   | 993/1492 [01:05<00:09, 52.34step/s]
[Origin 3/13] 🎲 Drawing Posterior Samples:  67%|██████▋   | 999/1492 [01:05<00:09, 52.32step/s]
[Origin 3/13] 🎲 Drawing Posterior Samples:  67%|██████▋   | 1005/1492 [01:05<00:09, 52.31step/s]
[Origin 3/13] 🎲 Drawing Posterior Samples:  68%|██████▊   | 1011/1492 [01:05<00:09, 52.29step/s]
[Origin 3/13] 🎲 Drawing Posterior Samples:  68%|██████▊   | 1017/1492 [01:05<00:09, 52.30step/s]
[Origin 3/13] 🎲 Drawing Posterior Samples:  69%|██████▊   | 1023/1492 [01:05<00:08, 52.34step/s]
[Origin 3/13] 🎲 Drawing Posterior Samples:  69%|██████▉   | 1029/1492 [01:06<00:08, 52.37step/s]
[Origin 3/13] 🎲 Drawing Posterior Samples:  69%|██████▉   | 1035/1492 [01:06<00:08, 52.39step/s]
[Origin 3/13] 🎲 Drawing Posterior Samples:  70%|██████▉   | 1041/1492 [01:06<00:08, 52.41step/s]
[Origin 3/13] 🎲 Drawing Posterior Samples:  70%|███████   | 1047/1492 [01:06<00:08, 52.38step/s]
[Origin 3/13] 🎲 Drawing Posterior Samples:  71%|███████   | 1053/1492 [01:06<00:08, 52.33step/s]
[Origin 3/13] 🎲 Drawing Posterior Samples:  71%|███████   | 1059/1492 [01:06<00:08, 52.32step/s]
[Origin 3/13] 🎲 Drawing Posterior Samples:  71%|███████▏  | 1065/1492 [01:06<00:08, 52.32step/s]
[Origin 3/13] 🎲 Drawing Posterior Samples:  72%|███████▏  | 1071/1492 [01:06<00:08, 52.32step/s]
[Origin 3/13] 🎲 Drawing Posterior Samples:  72%|███████▏  | 1077/1492 [01:06<00:07, 52.34step/s]
[Origin 3/13] 🎲 Drawing Posterior Samples:  73%|███████▎  | 1083/1492 [01:07<00:07, 52.32step/s]
[Origin 3/13] 🎲 Drawing Posterior Samples:  73%|███████▎  | 1089/1492 [01:08<00:25, 15.94step/s]
[Origin 3/13] 🎲 Drawing Posterior Samples:  73%|███████▎  | 1093/1492 [01:08<00:34, 11.65step/s]
[Origin 3/13] 🎲 Drawing Posterior Samples:  73%|███████▎  | 1096/1492 [01:09<00:40,  9.77step/s]
[Origin 3/13] 🎲 Drawing Posterior Samples:  74%|███████▎  | 1099/1492 [01:09<00:45,  8.64step/s]
[Origin 3/13] 🎲 Drawing Posterior Samples:  74%|███████▍  | 1101/1492 [01:10<00:50,  7.68step/s]
[Origin 3/13] 🎲 Drawing Posterior Samples:  74%|███████▍  | 1103/1492 [01:10<00:52,  7.41step/s]
[Origin 3/13] 🎲 Drawing Posterior Samples:  74%|███████▍  | 1105/1492 [01:10<00:57,  6.71step/s]
[Origin 3/13] 🎲 Drawing Posterior Samples:  74%|███████▍  | 1106/1492 [01:11<01:01,  6.25step/s]
[Origin 3/13] 🎲 Drawing Posterior Samples:  74%|███████▍  | 1107/1492 [01:11<01:04,  5.94step/s]
[Origin 3/13] 🎲 Drawing Posterior Samples:  74%|███████▍  | 1108/1492 [01:11<01:08,  5.62step/s]
[Origin 3/13] 🎲 Drawing Posterior Samples:  74%|███████▍  | 1109/1492 [01:11<01:10,  5.40step/s]
[Origin 3/13] 🎲 Drawing Posterior Samples:  74%|███████▍  | 1110/1492 [01:11<01:12,  5.26step/s]
[Origin 3/13] 🎲 Drawing Posterior Samples:  74%|███████▍  | 1111/1492 [01:12<01:14,  5.09step/s]
[Origin 3/13] 🎲 Drawing Posterior Samples:  75%|███████▍  | 1112/1492 [01:12<01:14,  5.13step/s]
[Origin 3/13] 🎲 Drawing Posterior Samples:  75%|███████▍  | 1113/1492 [01:12<01:14,  5.08step/s]
[Origin 3/13] 🎲 Drawing Posterior Samples:  75%|███████▍  | 1114/1492 [01:12<01:15,  5.02step/s]
[Origin 3/13] 🎲 Drawing Posterior Samples:  75%|███████▍  | 1115/1492 [01:12<01:15,  5.02step/s]
[Origin 3/13] 🎲 Drawing Posterior Samples:  75%|███████▍  | 1116/1492 [01:13<01:16,  4.89step/s]
[Origin 3/13] 🎲 Drawing Posterior Samples:  75%|███████▍  | 1117/1492 [01:13<01:18,  4.81step/s]
[Origin 3/13] 🎲 Drawing Posterior Samples:  75%|███████▍  | 1118/1492 [01:13<01:30,  4.12step/s]
[Origin 3/13] 🎲 Drawing Posterior Samples:  75%|███████▌  | 1119/1492 [01:13<01:31,  4.07step/s]
[Origin 3/13] 🎲 Drawing Posterior Samples:  75%|███████▌  | 1120/1492 [01:45<58:26,  9.43s/step]
[Origin 3/13] 🎲 Drawing Posterior Samples:  75%|███████▌  | 1126/1492 [01:45<16:16,  2.67s/step]
[Origin 3/13] 🎲 Drawing Posterior Samples:  76%|███████▌  | 1132/1492 [01:45<07:57,  1.33s/step]
[Origin 3/13] 🎲 Drawing Posterior Samples:  76%|███████▋  | 1138/1492 [01:45<04:35,  1.29step/s]
[Origin 3/13] 🎲 Drawing Posterior Samples:  77%|███████▋  | 1144/1492 [01:45<02:51,  2.03step/s]
[Origin 3/13] 🎲 Drawing Posterior Samples:  77%|███████▋  | 1150/1492 [01:45<01:52,  3.05step/s]
[Origin 3/13] 🎲 Drawing Posterior Samples:  77%|███████▋  | 1156/1492 [01:45<01:15,  4.44step/s]
[Origin 3/13] 🎲 Drawing Posterior Samples:  78%|███████▊  | 1162/1492 [01:45<00:52,  6.30step/s]
[Origin 3/13] 🎲 Drawing Posterior Samples:  78%|███████▊  | 1168/1492 [01:45<00:37,  8.72step/s]
[Origin 3/13] 🎲 Drawing Posterior Samples:  79%|███████▊  | 1174/1492 [01:46<00:27, 11.77step/s]
[Origin 3/13] 🎲 Drawing Posterior Samples:  79%|███████▉  | 1180/1492 [01:46<00:20, 15.43step/s]
[Origin 3/13] 🎲 Drawing Posterior Samples:  79%|███████▉  | 1186/1492 [01:46<00:15, 19.65step/s]
[Origin 3/13] 🎲 Drawing Posterior Samples:  80%|███████▉  | 1192/1492 [01:46<00:12, 24.23step/s]
[Origin 3/13] 🎲 Drawing Posterior Samples:  80%|████████  | 1198/1492 [01:46<00:10, 28.89step/s]
[Origin 3/13] 🎲 Drawing Posterior Samples:  81%|████████  | 1204/1492 [01:46<00:08, 33.44step/s]
[Origin 3/13] 🎲 Drawing Posterior Samples:  81%|████████  | 1210/1492 [01:46<00:07, 37.59step/s]
[Origin 3/13] 🎲 Drawing Posterior Samples:  82%|████████▏ | 1216/1492 [01:46<00:06, 41.12step/s]
[Origin 3/13] 🎲 Drawing Posterior Samples:  82%|████████▏ | 1222/1492 [01:47<00:06, 44.05step/s]
[Origin 3/13] 🎲 Drawing Posterior Samples:  82%|████████▏ | 1228/1492 [01:47<00:05, 46.29step/s]
[Origin 3/13] 🎲 Drawing Posterior Samples:  83%|████████▎ | 1234/1492 [01:47<00:05, 47.93step/s]
[Origin 3/13] 🎲 Drawing Posterior Samples:  83%|████████▎ | 1240/1492 [01:47<00:05, 49.17step/s]
[Origin 3/13] 🎲 Drawing Posterior Samples:  84%|████████▎ | 1246/1492 [01:47<00:04, 50.02step/s]
[Origin 3/13] 🎲 Drawing Posterior Samples:  84%|████████▍ | 1252/1492 [01:47<00:04, 50.64step/s]
[Origin 3/13] 🎲 Drawing Posterior Samples:  84%|████████▍ | 1258/1492 [01:47<00:04, 51.06step/s]
[Origin 3/13] 🎲 Drawing Posterior Samples:  85%|████████▍ | 1264/1492 [01:47<00:04, 51.47step/s]
[Origin 3/13] 🎲 Drawing Posterior Samples:  85%|████████▌ | 1270/1492 [01:47<00:04, 51.75step/s]
[Origin 3/13] 🎲 Drawing Posterior Samples:  86%|████████▌ | 1276/1492 [01:48<00:04, 52.04step/s]
[Origin 3/13] 🎲 Drawing Posterior Samples:  86%|████████▌ | 1282/1492 [01:48<00:04, 52.23step/s]
[Origin 3/13] 🎲 Drawing Posterior Samples:  86%|████████▋ | 1288/1492 [01:48<00:03, 52.35step/s]
[Origin 3/13] 🎲 Drawing Posterior Samples:  87%|████████▋ | 1294/1492 [01:48<00:03, 52.37step/s]
[Origin 3/13] 🎲 Drawing Posterior Samples:  87%|████████▋ | 1300/1492 [01:48<00:03, 52.35step/s]
[Origin 3/13] 🎲 Drawing Posterior Samples:  88%|████████▊ | 1306/1492 [01:48<00:03, 52.32step/s]
[Origin 3/13] 🎲 Drawing Posterior Samples:  88%|████████▊ | 1312/1492 [01:48<00:03, 52.32step/s]
[Origin 3/13] 🎲 Drawing Posterior Samples:  88%|████████▊ | 1318/1492 [01:48<00:03, 52.32step/s]
[Origin 3/13] 🎲 Drawing Posterior Samples:  89%|████████▊ | 1324/1492 [01:48<00:03, 52.39step/s]
[Origin 3/13] 🎲 Drawing Posterior Samples:  89%|████████▉ | 1330/1492 [01:49<00:03, 52.39step/s]
[Origin 3/13] 🎲 Drawing Posterior Samples:  90%|████████▉ | 1336/1492 [01:49<00:02, 52.48step/s]
[Origin 3/13] 🎲 Drawing Posterior Samples:  90%|████████▉ | 1342/1492 [01:49<00:02, 52.53step/s]
[Origin 3/13] 🎲 Drawing Posterior Samples:  90%|█████████ | 1348/1492 [01:49<00:02, 52.50step/s]
[Origin 3/13] 🎲 Drawing Posterior Samples:  91%|█████████ | 1354/1492 [01:49<00:02, 52.48step/s]
[Origin 3/13] 🎲 Drawing Posterior Samples:  91%|█████████ | 1360/1492 [01:49<00:02, 52.44step/s]
[Origin 3/13] 🎲 Drawing Posterior Samples:  92%|█████████▏| 1366/1492 [01:49<00:02, 52.42step/s]
[Origin 3/13] 🎲 Drawing Posterior Samples:  92%|█████████▏| 1372/1492 [01:49<00:02, 52.37step/s]
[Origin 3/13] 🎲 Drawing Posterior Samples:  92%|█████████▏| 1378/1492 [01:49<00:02, 52.34step/s]
[Origin 3/13] 🎲 Drawing Posterior Samples:  93%|█████████▎| 1384/1492 [01:50<00:02, 52.36step/s]
[Origin 3/13] 🎲 Drawing Posterior Samples:  93%|█████████▎| 1390/1492 [01:50<00:01, 52.40step/s]
[Origin 3/13] 🎲 Drawing Posterior Samples:  94%|█████████▎| 1396/1492 [01:50<00:01, 52.42step/s]
[Origin 3/13] 🎲 Drawing Posterior Samples:  94%|█████████▍| 1402/1492 [01:50<00:01, 52.49step/s]
[Origin 3/13] 🎲 Drawing Posterior Samples:  94%|█████████▍| 1408/1492 [01:50<00:01, 52.49step/s]
[Origin 3/13] 🎲 Drawing Posterior Samples:  95%|█████████▍| 1414/1492 [01:50<00:01, 52.44step/s]
[Origin 3/13] 🎲 Drawing Posterior Samples:  95%|█████████▌| 1420/1492 [01:50<00:01, 52.41step/s]
[Origin 3/13] 🎲 Drawing Posterior Samples:  96%|█████████▌| 1426/1492 [01:50<00:01, 52.33step/s]
[Origin 3/13] 🎲 Drawing Posterior Samples:  96%|█████████▌| 1432/1492 [01:51<00:01, 52.32step/s]
[Origin 3/13] 🎲 Drawing Posterior Samples:  96%|█████████▋| 1438/1492 [01:51<00:01, 52.28step/s]
[Origin 3/13] 🎲 Drawing Posterior Samples:  97%|█████████▋| 1444/1492 [01:51<00:00, 52.28step/s]
[Origin 3/13] 🎲 Drawing Posterior Samples:  97%|█████████▋| 1450/1492 [01:51<00:00, 52.30step/s]
[Origin 3/13] 🎲 Drawing Posterior Samples:  98%|█████████▊| 1456/1492 [01:51<00:00, 52.33step/s]
[Origin 3/13] 🎲 Drawing Posterior Samples:  98%|█████████▊| 1462/1492 [01:52<00:01, 15.45step/s]
[Origin 3/13] 🎲 Drawing Posterior Samples:  98%|█████████▊| 1466/1492 [01:53<00:02, 11.51step/s]
[Origin 3/13] 🎲 Drawing Posterior Samples:  98%|█████████▊| 1469/1492 [01:53<00:02,  9.75step/s]
[Origin 3/13] 🎲 Drawing Posterior Samples:  99%|█████████▊| 1472/1492 [01:54<00:02,  8.34step/s]
[Origin 3/13] 🎲 Drawing Posterior Samples:  99%|█████████▉| 1474/1492 [01:54<00:02,  7.84step/s]
[Origin 3/13] 🎲 Drawing Posterior Samples:  99%|█████████▉| 1476/1492 [01:54<00:02,  7.38step/s]
[Origin 3/13] 🎲 Drawing Posterior Samples:  99%|█████████▉| 1478/1492 [01:55<00:01,  7.07step/s]
[Origin 3/13] 🎲 Drawing Posterior Samples:  99%|█████████▉| 1479/1492 [01:55<00:02,  6.02step/s]
[Origin 3/13] 🎲 Drawing Posterior Samples:  99%|█████████▉| 1480/1492 [01:55<00:01,  6.00step/s]
[Origin 3/13] 🎲 Drawing Posterior Samples:  99%|█████████▉| 1481/1492 [01:55<00:01,  6.00step/s]
[Origin 3/13] 🎲 Drawing Posterior Samples:  99%|█████████▉| 1482/1492 [01:56<00:01,  5.40step/s]
[Origin 3/13] 🎲 Drawing Posterior Samples:  99%|█████████▉| 1483/1492 [01:56<00:01,  5.55step/s]
[Origin 3/13] 🎲 Drawing Posterior Samples:  99%|█████████▉| 1484/1492 [01:56<00:01,  5.69step/s]
[Origin 3/13] 🎲 Drawing Posterior Samples: 100%|█████████▉| 1485/1492 [01:56<00:01,  5.67step/s]
[Origin 3/13] 🎲 Drawing Posterior Samples: 100%|█████████▉| 1486/1492 [01:56<00:01,  5.04step/s]
[Origin 3/13] 🎲 Drawing Posterior Samples: 100%|█████████▉| 1487/1492 [01:57<00:00,  5.43step/s]
[Origin 3/13] 🎲 Drawing Posterior Samples: 100%|█████████▉| 1488/1492 [01:57<00:00,  5.63step/s]
[Origin 3/13] 🎲 Drawing Posterior Samples: 100%|█████████▉| 1489/1492 [01:57<00:00,  5.67step/s]
[Origin 3/13] 🎲 Drawing Posterior Samples: 100%|█████████▉| 1490/1492 [01:57<00:00,  5.73step/s]
[Origin 3/13] 🎲 Drawing Posterior Samples: 100%|█████████▉| 1491/1492 [01:57<00:00,  4.83step/s]
[Origin 3/13] 🎲 Drawing Posterior Samples: 100%|██████████| 1492/1492 [01:57<00:00,  5.22step/s]
                                                                                                 

[Origin 4/13] 🎲 Drawing Posterior Samples:   0%|          | 0/1496 [00:00<?, ?step/s]
[Origin 4/13] 🎲 Drawing Posterior Samples:   0%|          | 7/1496 [00:00<00:24, 59.57step/s]
[Origin 4/13] 🎲 Drawing Posterior Samples:   1%|          | 13/1496 [00:00<00:26, 55.71step/s]
[Origin 4/13] 🎲 Drawing Posterior Samples:   1%|▏         | 19/1496 [00:00<00:27, 54.36step/s]
[Origin 4/13] 🎲 Drawing Posterior Samples:   2%|▏         | 25/1496 [00:00<00:27, 53.76step/s]
[Origin 4/13] 🎲 Drawing Posterior Samples:   2%|▏         | 31/1496 [00:00<00:27, 53.41step/s]
[Origin 4/13] 🎲 Drawing Posterior Samples:   2%|▏         | 37/1496 [00:00<00:27, 53.16step/s]
[Origin 4/13] 🎲 Drawing Posterior Samples:   3%|▎         | 43/1496 [00:00<00:27, 53.01step/s]
[Origin 4/13] 🎲 Drawing Posterior Samples:   3%|▎         | 49/1496 [00:00<00:27, 52.91step/s]
[Origin 4/13] 🎲 Drawing Posterior Samples:   4%|▎         | 55/1496 [00:01<00:27, 52.68step/s]
[Origin 4/13] 🎲 Drawing Posterior Samples:   4%|▍         | 61/1496 [00:01<00:27, 52.49step/s]
[Origin 4/13] 🎲 Drawing Posterior Samples:   4%|▍         | 67/1496 [00:01<00:27, 52.36step/s]
[Origin 4/13] 🎲 Drawing Posterior Samples:   5%|▍         | 73/1496 [00:01<00:27, 52.12step/s]
[Origin 4/13] 🎲 Drawing Posterior Samples:   5%|▌         | 79/1496 [00:01<00:27, 52.08step/s]
[Origin 4/13] 🎲 Drawing Posterior Samples:   6%|▌         | 85/1496 [00:01<00:27, 52.08step/s]
[Origin 4/13] 🎲 Drawing Posterior Samples:   6%|▌         | 91/1496 [00:01<00:26, 52.17step/s]
[Origin 4/13] 🎲 Drawing Posterior Samples:   6%|▋         | 97/1496 [00:01<00:26, 52.31step/s]
[Origin 4/13] 🎲 Drawing Posterior Samples:   7%|▋         | 103/1496 [00:01<00:26, 52.41step/s]
[Origin 4/13] 🎲 Drawing Posterior Samples:   7%|▋         | 109/1496 [00:02<00:26, 52.50step/s]
[Origin 4/13] 🎲 Drawing Posterior Samples:   8%|▊         | 115/1496 [00:02<00:26, 52.46step/s]
[Origin 4/13] 🎲 Drawing Posterior Samples:   8%|▊         | 121/1496 [00:02<00:26, 52.32step/s]
[Origin 4/13] 🎲 Drawing Posterior Samples:   8%|▊         | 127/1496 [00:02<00:26, 52.32step/s]
[Origin 4/13] 🎲 Drawing Posterior Samples:   9%|▉         | 133/1496 [00:02<00:26, 52.27step/s]
[Origin 4/13] 🎲 Drawing Posterior Samples:   9%|▉         | 139/1496 [00:02<00:25, 52.22step/s]
[Origin 4/13] 🎲 Drawing Posterior Samples:  10%|▉         | 145/1496 [00:02<00:25, 52.20step/s]
[Origin 4/13] 🎲 Drawing Posterior Samples:  10%|█         | 151/1496 [00:02<00:25, 52.23step/s]
[Origin 4/13] 🎲 Drawing Posterior Samples:  10%|█         | 157/1496 [00:02<00:25, 52.26step/s]
[Origin 4/13] 🎲 Drawing Posterior Samples:  11%|█         | 163/1496 [00:03<00:25, 52.38step/s]
[Origin 4/13] 🎲 Drawing Posterior Samples:  11%|█▏        | 169/1496 [00:03<00:25, 52.45step/s]
[Origin 4/13] 🎲 Drawing Posterior Samples:  12%|█▏        | 175/1496 [00:03<00:25, 52.41step/s]
[Origin 4/13] 🎲 Drawing Posterior Samples:  12%|█▏        | 181/1496 [00:03<00:25, 52.42step/s]
[Origin 4/13] 🎲 Drawing Posterior Samples:  12%|█▎        | 187/1496 [00:03<00:25, 52.36step/s]
[Origin 4/13] 🎲 Drawing Posterior Samples:  13%|█▎        | 193/1496 [00:03<00:24, 52.29step/s]
[Origin 4/13] 🎲 Drawing Posterior Samples:  13%|█▎        | 199/1496 [00:03<00:24, 52.22step/s]
[Origin 4/13] 🎲 Drawing Posterior Samples:  14%|█▎        | 205/1496 [00:03<00:24, 52.22step/s]
[Origin 4/13] 🎲 Drawing Posterior Samples:  14%|█▍        | 211/1496 [00:04<00:24, 52.28step/s]
[Origin 4/13] 🎲 Drawing Posterior Samples:  15%|█▍        | 217/1496 [00:04<00:24, 52.32step/s]
[Origin 4/13] 🎲 Drawing Posterior Samples:  15%|█▍        | 223/1496 [00:04<00:24, 52.39step/s]
[Origin 4/13] 🎲 Drawing Posterior Samples:  15%|█▌        | 229/1496 [00:04<00:24, 52.42step/s]
[Origin 4/13] 🎲 Drawing Posterior Samples:  16%|█▌        | 235/1496 [00:04<00:24, 52.44step/s]
[Origin 4/13] 🎲 Drawing Posterior Samples:  16%|█▌        | 241/1496 [00:04<00:23, 52.37step/s]
[Origin 4/13] 🎲 Drawing Posterior Samples:  17%|█▋        | 247/1496 [00:04<00:23, 52.34step/s]
[Origin 4/13] 🎲 Drawing Posterior Samples:  17%|█▋        | 253/1496 [00:04<00:23, 52.32step/s]
[Origin 4/13] 🎲 Drawing Posterior Samples:  17%|█▋        | 259/1496 [00:04<00:23, 52.25step/s]
[Origin 4/13] 🎲 Drawing Posterior Samples:  18%|█▊        | 265/1496 [00:05<00:23, 52.25step/s]
[Origin 4/13] 🎲 Drawing Posterior Samples:  18%|█▊        | 271/1496 [00:05<00:23, 52.21step/s]
[Origin 4/13] 🎲 Drawing Posterior Samples:  19%|█▊        | 277/1496 [00:05<00:23, 52.30step/s]
[Origin 4/13] 🎲 Drawing Posterior Samples:  19%|█▉        | 283/1496 [00:05<00:23, 52.34step/s]
[Origin 4/13] 🎲 Drawing Posterior Samples:  19%|█▉        | 289/1496 [00:05<00:23, 52.41step/s]
[Origin 4/13] 🎲 Drawing Posterior Samples:  20%|█▉        | 295/1496 [00:05<00:22, 52.39step/s]
[Origin 4/13] 🎲 Drawing Posterior Samples:  20%|██        | 301/1496 [00:05<00:22, 52.36step/s]
[Origin 4/13] 🎲 Drawing Posterior Samples:  21%|██        | 307/1496 [00:05<00:22, 52.34step/s]
[Origin 4/13] 🎲 Drawing Posterior Samples:  21%|██        | 313/1496 [00:05<00:22, 52.30step/s]
[Origin 4/13] 🎲 Drawing Posterior Samples:  21%|██▏       | 319/1496 [00:06<00:22, 52.24step/s]
[Origin 4/13] 🎲 Drawing Posterior Samples:  22%|██▏       | 325/1496 [00:06<00:22, 52.23step/s]
[Origin 4/13] 🎲 Drawing Posterior Samples:  22%|██▏       | 331/1496 [00:06<00:22, 52.22step/s]
[Origin 4/13] 🎲 Drawing Posterior Samples:  23%|██▎       | 337/1496 [00:06<00:22, 52.25step/s]
[Origin 4/13] 🎲 Drawing Posterior Samples:  23%|██▎       | 343/1496 [00:07<01:14, 15.45step/s]
[Origin 4/13] 🎲 Drawing Posterior Samples:  23%|██▎       | 347/1496 [00:08<01:52, 10.23step/s]
[Origin 4/13] 🎲 Drawing Posterior Samples:  23%|██▎       | 350/1496 [00:08<02:10,  8.79step/s]
[Origin 4/13] 🎲 Drawing Posterior Samples:  24%|██▎       | 353/1496 [00:09<02:22,  8.00step/s]
[Origin 4/13] 🎲 Drawing Posterior Samples:  24%|██▎       | 355/1496 [00:09<02:29,  7.62step/s]
[Origin 4/13] 🎲 Drawing Posterior Samples:  24%|██▍       | 357/1496 [00:10<02:38,  7.19step/s]
[Origin 4/13] 🎲 Drawing Posterior Samples:  24%|██▍       | 359/1496 [00:10<02:44,  6.91step/s]
[Origin 4/13] 🎲 Drawing Posterior Samples:  24%|██▍       | 360/1496 [00:10<02:44,  6.90step/s]
[Origin 4/13] 🎲 Drawing Posterior Samples:  24%|██▍       | 361/1496 [00:10<02:49,  6.71step/s]
[Origin 4/13] 🎲 Drawing Posterior Samples:  24%|██▍       | 362/1496 [00:10<02:51,  6.63step/s]
[Origin 4/13] 🎲 Drawing Posterior Samples:  24%|██▍       | 363/1496 [00:10<02:54,  6.49step/s]
[Origin 4/13] 🎲 Drawing Posterior Samples:  24%|██▍       | 364/1496 [00:11<03:07,  6.03step/s]
[Origin 4/13] 🎲 Drawing Posterior Samples:  24%|██▍       | 365/1496 [00:11<03:21,  5.60step/s]
[Origin 4/13] 🎲 Drawing Posterior Samples:  24%|██▍       | 366/1496 [00:11<03:21,  5.62step/s]
[Origin 4/13] 🎲 Drawing Posterior Samples:  25%|██▍       | 367/1496 [00:11<03:19,  5.65step/s]
[Origin 4/13] 🎲 Drawing Posterior Samples:  25%|██▍       | 368/1496 [00:11<03:20,  5.64step/s]
[Origin 4/13] 🎲 Drawing Posterior Samples:  25%|██▍       | 369/1496 [00:12<03:20,  5.61step/s]
[Origin 4/13] 🎲 Drawing Posterior Samples:  25%|██▍       | 370/1496 [00:12<03:25,  5.49step/s]
[Origin 4/13] 🎲 Drawing Posterior Samples:  25%|██▍       | 371/1496 [00:12<03:38,  5.14step/s]
[Origin 4/13] 🎲 Drawing Posterior Samples:  25%|██▍       | 372/1496 [00:12<03:41,  5.08step/s]
[Origin 4/13] 🎲 Drawing Posterior Samples:  25%|██▍       | 373/1496 [00:12<03:48,  4.92step/s]
[Origin 4/13] 🎲 Drawing Posterior Samples:  25%|██▌       | 374/1496 [00:13<03:44,  4.99step/s]
[Origin 4/13] 🎲 Drawing Posterior Samples:  25%|██▌       | 375/1496 [00:30<1:36:39,  5.17s/step]
[Origin 4/13] 🎲 Drawing Posterior Samples:  25%|██▌       | 381/1496 [00:30<27:16,  1.47s/step]  
[Origin 4/13] 🎲 Drawing Posterior Samples:  26%|██▌       | 387/1496 [00:30<13:33,  1.36step/s]
[Origin 4/13] 🎲 Drawing Posterior Samples:  26%|██▋       | 393/1496 [00:30<07:58,  2.31step/s]
[Origin 4/13] 🎲 Drawing Posterior Samples:  27%|██▋       | 399/1496 [00:30<05:05,  3.59step/s]
[Origin 4/13] 🎲 Drawing Posterior Samples:  27%|██▋       | 405/1496 [00:30<03:24,  5.33step/s]
[Origin 4/13] 🎲 Drawing Posterior Samples:  27%|██▋       | 411/1496 [00:30<02:22,  7.60step/s]
[Origin 4/13] 🎲 Drawing Posterior Samples:  28%|██▊       | 417/1496 [00:30<01:42, 10.49step/s]
[Origin 4/13] 🎲 Drawing Posterior Samples:  28%|██▊       | 423/1496 [00:30<01:16, 14.03step/s]
[Origin 4/13] 🎲 Drawing Posterior Samples:  29%|██▊       | 429/1496 [00:31<00:58, 18.17step/s]
[Origin 4/13] 🎲 Drawing Posterior Samples:  29%|██▉       | 435/1496 [00:31<00:46, 22.72step/s]
[Origin 4/13] 🎲 Drawing Posterior Samples:  29%|██▉       | 441/1496 [00:31<00:38, 27.43step/s]
[Origin 4/13] 🎲 Drawing Posterior Samples:  30%|██▉       | 447/1496 [00:31<00:32, 32.04step/s]
[Origin 4/13] 🎲 Drawing Posterior Samples:  30%|███       | 453/1496 [00:31<00:28, 36.26step/s]
[Origin 4/13] 🎲 Drawing Posterior Samples:  31%|███       | 459/1496 [00:31<00:25, 39.91step/s]
[Origin 4/13] 🎲 Drawing Posterior Samples:  31%|███       | 465/1496 [00:31<00:23, 43.02step/s]
[Origin 4/13] 🎲 Drawing Posterior Samples:  31%|███▏      | 471/1496 [00:31<00:22, 45.56step/s]
[Origin 4/13] 🎲 Drawing Posterior Samples:  32%|███▏      | 477/1496 [00:31<00:21, 47.50step/s]
[Origin 4/13] 🎲 Drawing Posterior Samples:  32%|███▏      | 483/1496 [00:32<00:20, 49.02step/s]
[Origin 4/13] 🎲 Drawing Posterior Samples:  33%|███▎      | 489/1496 [00:32<00:20, 50.02step/s]
[Origin 4/13] 🎲 Drawing Posterior Samples:  33%|███▎      | 495/1496 [00:32<00:19, 50.67step/s]
[Origin 4/13] 🎲 Drawing Posterior Samples:  33%|███▎      | 501/1496 [00:32<00:19, 51.16step/s]
[Origin 4/13] 🎲 Drawing Posterior Samples:  34%|███▍      | 507/1496 [00:32<00:19, 51.51step/s]
[Origin 4/13] 🎲 Drawing Posterior Samples:  34%|███▍      | 513/1496 [00:32<00:19, 51.72step/s]
[Origin 4/13] 🎲 Drawing Posterior Samples:  35%|███▍      | 519/1496 [00:32<00:18, 51.85step/s]
[Origin 4/13] 🎲 Drawing Posterior Samples:  35%|███▌      | 525/1496 [00:32<00:18, 52.03step/s]
[Origin 4/13] 🎲 Drawing Posterior Samples:  35%|███▌      | 531/1496 [00:32<00:18, 52.19step/s]
[Origin 4/13] 🎲 Drawing Posterior Samples:  36%|███▌      | 537/1496 [00:33<00:18, 52.37step/s]
[Origin 4/13] 🎲 Drawing Posterior Samples:  36%|███▋      | 543/1496 [00:33<00:18, 52.50step/s]
[Origin 4/13] 🎲 Drawing Posterior Samples:  37%|███▋      | 549/1496 [00:33<00:18, 52.50step/s]
[Origin 4/13] 🎲 Drawing Posterior Samples:  37%|███▋      | 555/1496 [00:33<00:17, 52.47step/s]
[Origin 4/13] 🎲 Drawing Posterior Samples:  38%|███▊      | 561/1496 [00:33<00:17, 52.40step/s]
[Origin 4/13] 🎲 Drawing Posterior Samples:  38%|███▊      | 567/1496 [00:33<00:17, 52.40step/s]
[Origin 4/13] 🎲 Drawing Posterior Samples:  38%|███▊      | 573/1496 [00:33<00:17, 52.40step/s]
[Origin 4/13] 🎲 Drawing Posterior Samples:  39%|███▊      | 579/1496 [00:33<00:17, 52.38step/s]
[Origin 4/13] 🎲 Drawing Posterior Samples:  39%|███▉      | 585/1496 [00:34<00:17, 52.38step/s]
[Origin 4/13] 🎲 Drawing Posterior Samples:  40%|███▉      | 591/1496 [00:34<00:17, 52.43step/s]
[Origin 4/13] 🎲 Drawing Posterior Samples:  40%|███▉      | 597/1496 [00:34<00:17, 52.54step/s]
[Origin 4/13] 🎲 Drawing Posterior Samples:  40%|████      | 603/1496 [00:34<00:16, 52.60step/s]
[Origin 4/13] 🎲 Drawing Posterior Samples:  41%|████      | 609/1496 [00:34<00:16, 52.57step/s]
[Origin 4/13] 🎲 Drawing Posterior Samples:  41%|████      | 615/1496 [00:34<00:16, 52.47step/s]
[Origin 4/13] 🎲 Drawing Posterior Samples:  42%|████▏     | 621/1496 [00:34<00:16, 52.45step/s]
[Origin 4/13] 🎲 Drawing Posterior Samples:  42%|████▏     | 627/1496 [00:34<00:16, 52.43step/s]
[Origin 4/13] 🎲 Drawing Posterior Samples:  42%|████▏     | 633/1496 [00:34<00:16, 52.39step/s]
[Origin 4/13] 🎲 Drawing Posterior Samples:  43%|████▎     | 639/1496 [00:35<00:16, 52.42step/s]
[Origin 4/13] 🎲 Drawing Posterior Samples:  43%|████▎     | 645/1496 [00:35<00:16, 52.41step/s]
[Origin 4/13] 🎲 Drawing Posterior Samples:  44%|████▎     | 651/1496 [00:35<00:16, 52.37step/s]
[Origin 4/13] 🎲 Drawing Posterior Samples:  44%|████▍     | 657/1496 [00:35<00:15, 52.47step/s]
[Origin 4/13] 🎲 Drawing Posterior Samples:  44%|████▍     | 663/1496 [00:35<00:15, 52.47step/s]
[Origin 4/13] 🎲 Drawing Posterior Samples:  45%|████▍     | 669/1496 [00:35<00:15, 52.51step/s]
[Origin 4/13] 🎲 Drawing Posterior Samples:  45%|████▌     | 675/1496 [00:35<00:15, 52.51step/s]
[Origin 4/13] 🎲 Drawing Posterior Samples:  46%|████▌     | 681/1496 [00:35<00:15, 52.48step/s]
[Origin 4/13] 🎲 Drawing Posterior Samples:  46%|████▌     | 687/1496 [00:35<00:15, 52.42step/s]
[Origin 4/13] 🎲 Drawing Posterior Samples:  46%|████▋     | 693/1496 [00:36<00:15, 52.40step/s]
[Origin 4/13] 🎲 Drawing Posterior Samples:  47%|████▋     | 699/1496 [00:36<00:15, 52.40step/s]
[Origin 4/13] 🎲 Drawing Posterior Samples:  47%|████▋     | 705/1496 [00:36<00:15, 52.38step/s]
[Origin 4/13] 🎲 Drawing Posterior Samples:  48%|████▊     | 711/1496 [00:36<00:14, 52.38step/s]
[Origin 4/13] 🎲 Drawing Posterior Samples:  48%|████▊     | 717/1496 [00:37<00:42, 18.47step/s]
[Origin 4/13] 🎲 Drawing Posterior Samples:  48%|████▊     | 721/1496 [00:37<01:03, 12.21step/s]
[Origin 4/13] 🎲 Drawing Posterior Samples:  48%|████▊     | 724/1496 [00:38<01:14, 10.40step/s]
[Origin 4/13] 🎲 Drawing Posterior Samples:  49%|████▊     | 727/1496 [00:38<01:24,  9.08step/s]
[Origin 4/13] 🎲 Drawing Posterior Samples:  49%|████▊     | 729/1496 [00:39<01:36,  7.96step/s]
[Origin 4/13] 🎲 Drawing Posterior Samples:  49%|████▉     | 731/1496 [00:39<01:42,  7.48step/s]
[Origin 4/13] 🎲 Drawing Posterior Samples:  49%|████▉     | 733/1496 [00:39<01:48,  7.03step/s]
[Origin 4/13] 🎲 Drawing Posterior Samples:  49%|████▉     | 734/1496 [00:40<01:53,  6.69step/s]
[Origin 4/13] 🎲 Drawing Posterior Samples:  49%|████▉     | 735/1496 [00:40<01:59,  6.35step/s]
[Origin 4/13] 🎲 Drawing Posterior Samples:  49%|████▉     | 736/1496 [00:40<02:05,  6.05step/s]
[Origin 4/13] 🎲 Drawing Posterior Samples:  49%|████▉     | 737/1496 [00:40<02:14,  5.66step/s]
[Origin 4/13] 🎲 Drawing Posterior Samples:  49%|████▉     | 738/1496 [00:41<02:19,  5.44step/s]
[Origin 4/13] 🎲 Drawing Posterior Samples:  49%|████▉     | 739/1496 [00:41<02:24,  5.22step/s]
[Origin 4/13] 🎲 Drawing Posterior Samples:  49%|████▉     | 740/1496 [00:41<02:31,  4.98step/s]
[Origin 4/13] 🎲 Drawing Posterior Samples:  50%|████▉     | 741/1496 [00:41<03:08,  4.00step/s]
[Origin 4/13] 🎲 Drawing Posterior Samples:  50%|████▉     | 742/1496 [00:42<03:39,  3.44step/s]
[Origin 4/13] 🎲 Drawing Posterior Samples:  50%|████▉     | 743/1496 [00:42<03:26,  3.64step/s]
[Origin 4/13] 🎲 Drawing Posterior Samples:  50%|████▉     | 744/1496 [00:42<03:09,  3.97step/s]
[Origin 4/13] 🎲 Drawing Posterior Samples:  50%|████▉     | 745/1496 [00:42<02:50,  4.41step/s]
[Origin 4/13] 🎲 Drawing Posterior Samples:  50%|████▉     | 746/1496 [00:42<02:40,  4.67step/s]
[Origin 4/13] 🎲 Drawing Posterior Samples:  50%|████▉     | 747/1496 [00:43<02:35,  4.80step/s]
[Origin 4/13] 🎲 Drawing Posterior Samples:  50%|█████     | 748/1496 [00:43<02:45,  4.52step/s]
[Origin 4/13] 🎲 Drawing Posterior Samples:  50%|█████     | 749/1496 [01:00<1:04:39,  5.19s/step]
[Origin 4/13] 🎲 Drawing Posterior Samples:  50%|█████     | 755/1496 [01:00<18:11,  1.47s/step]  
[Origin 4/13] 🎲 Drawing Posterior Samples:  51%|█████     | 761/1496 [01:00<09:01,  1.36step/s]
[Origin 4/13] 🎲 Drawing Posterior Samples:  51%|█████▏    | 767/1496 [01:00<05:17,  2.30step/s]
[Origin 4/13] 🎲 Drawing Posterior Samples:  52%|█████▏    | 773/1496 [01:00<03:21,  3.58step/s]
[Origin 4/13] 🎲 Drawing Posterior Samples:  52%|█████▏    | 779/1496 [01:00<02:15,  5.31step/s]
[Origin 4/13] 🎲 Drawing Posterior Samples:  52%|█████▏    | 785/1496 [01:01<01:33,  7.58step/s]
[Origin 4/13] 🎲 Drawing Posterior Samples:  53%|█████▎    | 791/1496 [01:01<01:07, 10.46step/s]
[Origin 4/13] 🎲 Drawing Posterior Samples:  53%|█████▎    | 797/1496 [01:01<00:49, 14.00step/s]
[Origin 4/13] 🎲 Drawing Posterior Samples:  54%|█████▎    | 803/1496 [01:01<00:38, 18.13step/s]
[Origin 4/13] 🎲 Drawing Posterior Samples:  54%|█████▍    | 809/1496 [01:01<00:30, 22.66step/s]
[Origin 4/13] 🎲 Drawing Posterior Samples:  54%|█████▍    | 815/1496 [01:01<00:24, 27.37step/s]
[Origin 4/13] 🎲 Drawing Posterior Samples:  55%|█████▍    | 821/1496 [01:01<00:21, 31.96step/s]
[Origin 4/13] 🎲 Drawing Posterior Samples:  55%|█████▌    | 827/1496 [01:01<00:18, 36.16step/s]
[Origin 4/13] 🎲 Drawing Posterior Samples:  56%|█████▌    | 833/1496 [01:01<00:16, 39.84step/s]
[Origin 4/13] 🎲 Drawing Posterior Samples:  56%|█████▌    | 839/1496 [01:02<00:15, 43.00step/s]
[Origin 4/13] 🎲 Drawing Posterior Samples:  56%|█████▋    | 845/1496 [01:02<00:14, 45.54step/s]
[Origin 4/13] 🎲 Drawing Posterior Samples:  57%|█████▋    | 851/1496 [01:02<00:13, 47.48step/s]
[Origin 4/13] 🎲 Drawing Posterior Samples:  57%|█████▋    | 857/1496 [01:02<00:13, 48.92step/s]
[Origin 4/13] 🎲 Drawing Posterior Samples:  58%|█████▊    | 863/1496 [01:02<00:12, 49.96step/s]
[Origin 4/13] 🎲 Drawing Posterior Samples:  58%|█████▊    | 869/1496 [01:02<00:12, 50.62step/s]
[Origin 4/13] 🎲 Drawing Posterior Samples:  58%|█████▊    | 875/1496 [01:02<00:12, 51.08step/s]
[Origin 4/13] 🎲 Drawing Posterior Samples:  59%|█████▉    | 881/1496 [01:02<00:11, 51.33step/s]
[Origin 4/13] 🎲 Drawing Posterior Samples:  59%|█████▉    | 887/1496 [01:02<00:11, 51.46step/s]
[Origin 4/13] 🎲 Drawing Posterior Samples:  60%|█████▉    | 893/1496 [01:03<00:11, 51.59step/s]
[Origin 4/13] 🎲 Drawing Posterior Samples:  60%|██████    | 899/1496 [01:03<00:11, 51.82step/s]
[Origin 4/13] 🎲 Drawing Posterior Samples:  60%|██████    | 905/1496 [01:03<00:11, 51.97step/s]
[Origin 4/13] 🎲 Drawing Posterior Samples:  61%|██████    | 911/1496 [01:03<00:11, 52.10step/s]
[Origin 4/13] 🎲 Drawing Posterior Samples:  61%|██████▏   | 917/1496 [01:03<00:11, 52.22step/s]
[Origin 4/13] 🎲 Drawing Posterior Samples:  62%|██████▏   | 923/1496 [01:03<00:10, 52.20step/s]
[Origin 4/13] 🎲 Drawing Posterior Samples:  62%|██████▏   | 929/1496 [01:03<00:10, 52.29step/s]
[Origin 4/13] 🎲 Drawing Posterior Samples:  62%|██████▎   | 935/1496 [01:03<00:10, 52.24step/s]
[Origin 4/13] 🎲 Drawing Posterior Samples:  63%|██████▎   | 941/1496 [01:03<00:10, 52.23step/s]
[Origin 4/13] 🎲 Drawing Posterior Samples:  63%|██████▎   | 947/1496 [01:04<00:10, 52.10step/s]
[Origin 4/13] 🎲 Drawing Posterior Samples:  64%|██████▎   | 953/1496 [01:04<00:10, 51.84step/s]
[Origin 4/13] 🎲 Drawing Posterior Samples:  64%|██████▍   | 959/1496 [01:04<00:10, 52.10step/s]
[Origin 4/13] 🎲 Drawing Posterior Samples:  65%|██████▍   | 965/1496 [01:04<00:10, 52.23step/s]
[Origin 4/13] 🎲 Drawing Posterior Samples:  65%|██████▍   | 971/1496 [01:04<00:10, 52.38step/s]
[Origin 4/13] 🎲 Drawing Posterior Samples:  65%|██████▌   | 977/1496 [01:04<00:09, 52.37step/s]
[Origin 4/13] 🎲 Drawing Posterior Samples:  66%|██████▌   | 983/1496 [01:04<00:09, 52.37step/s]
[Origin 4/13] 🎲 Drawing Posterior Samples:  66%|██████▌   | 989/1496 [01:04<00:09, 52.32step/s]
[Origin 4/13] 🎲 Drawing Posterior Samples:  67%|██████▋   | 995/1496 [01:05<00:09, 52.35step/s]
[Origin 4/13] 🎲 Drawing Posterior Samples:  67%|██████▋   | 1001/1496 [01:05<00:09, 52.30step/s]
[Origin 4/13] 🎲 Drawing Posterior Samples:  67%|██████▋   | 1007/1496 [01:05<00:09, 52.25step/s]
[Origin 4/13] 🎲 Drawing Posterior Samples:  68%|██████▊   | 1013/1496 [01:05<00:09, 52.26step/s]
[Origin 4/13] 🎲 Drawing Posterior Samples:  68%|██████▊   | 1019/1496 [01:05<00:09, 52.27step/s]
[Origin 4/13] 🎲 Drawing Posterior Samples:  69%|██████▊   | 1025/1496 [01:05<00:08, 52.35step/s]
[Origin 4/13] 🎲 Drawing Posterior Samples:  69%|██████▉   | 1031/1496 [01:05<00:08, 52.40step/s]
[Origin 4/13] 🎲 Drawing Posterior Samples:  69%|██████▉   | 1037/1496 [01:05<00:08, 52.43step/s]
[Origin 4/13] 🎲 Drawing Posterior Samples:  70%|██████▉   | 1043/1496 [01:05<00:08, 52.23step/s]
[Origin 4/13] 🎲 Drawing Posterior Samples:  70%|███████   | 1049/1496 [01:06<00:08, 52.27step/s]
[Origin 4/13] 🎲 Drawing Posterior Samples:  71%|███████   | 1055/1496 [01:06<00:08, 52.25step/s]
[Origin 4/13] 🎲 Drawing Posterior Samples:  71%|███████   | 1061/1496 [01:06<00:08, 52.30step/s]
[Origin 4/13] 🎲 Drawing Posterior Samples:  71%|███████▏  | 1067/1496 [01:06<00:08, 52.32step/s]
[Origin 4/13] 🎲 Drawing Posterior Samples:  72%|███████▏  | 1073/1496 [01:06<00:08, 52.27step/s]
[Origin 4/13] 🎲 Drawing Posterior Samples:  72%|███████▏  | 1079/1496 [01:06<00:07, 52.32step/s]
[Origin 4/13] 🎲 Drawing Posterior Samples:  73%|███████▎  | 1085/1496 [01:06<00:07, 52.33step/s]
[Origin 4/13] 🎲 Drawing Posterior Samples:  73%|███████▎  | 1091/1496 [01:07<00:26, 15.25step/s]
[Origin 4/13] 🎲 Drawing Posterior Samples:  73%|███████▎  | 1095/1496 [01:08<00:38, 10.43step/s]
[Origin 4/13] 🎲 Drawing Posterior Samples:  73%|███████▎  | 1098/1496 [01:09<00:47,  8.46step/s]
[Origin 4/13] 🎲 Drawing Posterior Samples:  74%|███████▎  | 1101/1496 [01:09<00:56,  7.02step/s]
[Origin 4/13] 🎲 Drawing Posterior Samples:  74%|███████▎  | 1103/1496 [01:10<00:58,  6.70step/s]
[Origin 4/13] 🎲 Drawing Posterior Samples:  74%|███████▍  | 1105/1496 [01:10<01:00,  6.45step/s]
[Origin 4/13] 🎲 Drawing Posterior Samples:  74%|███████▍  | 1107/1496 [01:11<01:03,  6.15step/s]
[Origin 4/13] 🎲 Drawing Posterior Samples:  74%|███████▍  | 1108/1496 [01:11<01:04,  6.05step/s]
[Origin 4/13] 🎲 Drawing Posterior Samples:  74%|███████▍  | 1109/1496 [01:11<01:07,  5.76step/s]
[Origin 4/13] 🎲 Drawing Posterior Samples:  74%|███████▍  | 1110/1496 [01:11<01:09,  5.57step/s]
[Origin 4/13] 🎲 Drawing Posterior Samples:  74%|███████▍  | 1111/1496 [01:11<01:11,  5.39step/s]
[Origin 4/13] 🎲 Drawing Posterior Samples:  74%|███████▍  | 1112/1496 [01:12<01:11,  5.36step/s]
[Origin 4/13] 🎲 Drawing Posterior Samples:  74%|███████▍  | 1113/1496 [01:12<01:12,  5.28step/s]
[Origin 4/13] 🎲 Drawing Posterior Samples:  74%|███████▍  | 1114/1496 [01:12<01:12,  5.26step/s]
[Origin 4/13] 🎲 Drawing Posterior Samples:  75%|███████▍  | 1115/1496 [01:12<01:19,  4.79step/s]
[Origin 4/13] 🎲 Drawing Posterior Samples:  75%|███████▍  | 1116/1496 [01:12<01:17,  4.91step/s]
[Origin 4/13] 🎲 Drawing Posterior Samples:  75%|███████▍  | 1117/1496 [01:13<01:17,  4.92step/s]
[Origin 4/13] 🎲 Drawing Posterior Samples:  75%|███████▍  | 1118/1496 [01:13<01:16,  4.96step/s]
[Origin 4/13] 🎲 Drawing Posterior Samples:  75%|███████▍  | 1119/1496 [01:13<01:17,  4.89step/s]
[Origin 4/13] 🎲 Drawing Posterior Samples:  75%|███████▍  | 1120/1496 [01:13<01:16,  4.92step/s]
[Origin 4/13] 🎲 Drawing Posterior Samples:  75%|███████▍  | 1121/1496 [01:13<01:16,  4.88step/s]
[Origin 4/13] 🎲 Drawing Posterior Samples:  75%|███████▌  | 1122/1496 [01:14<01:16,  4.90step/s]
[Origin 4/13] 🎲 Drawing Posterior Samples:  75%|███████▌  | 1123/1496 [01:34<39:19,  6.33s/step]
[Origin 4/13] 🎲 Drawing Posterior Samples:  75%|███████▌  | 1129/1496 [01:34<10:57,  1.79s/step]
[Origin 4/13] 🎲 Drawing Posterior Samples:  76%|███████▌  | 1135/1496 [01:35<05:22,  1.12step/s]
[Origin 4/13] 🎲 Drawing Posterior Samples:  76%|███████▋  | 1141/1496 [01:35<03:06,  1.90step/s]
[Origin 4/13] 🎲 Drawing Posterior Samples:  77%|███████▋  | 1147/1496 [01:35<01:57,  2.97step/s]
[Origin 4/13] 🎲 Drawing Posterior Samples:  77%|███████▋  | 1153/1496 [01:35<01:17,  4.43step/s]
[Origin 4/13] 🎲 Drawing Posterior Samples:  77%|███████▋  | 1159/1496 [01:35<00:52,  6.38step/s]
[Origin 4/13] 🎲 Drawing Posterior Samples:  78%|███████▊  | 1165/1496 [01:35<00:37,  8.90step/s]
[Origin 4/13] 🎲 Drawing Posterior Samples:  78%|███████▊  | 1171/1496 [01:35<00:26, 12.06step/s]
[Origin 4/13] 🎲 Drawing Posterior Samples:  79%|███████▊  | 1177/1496 [01:35<00:20, 15.84step/s]
[Origin 4/13] 🎲 Drawing Posterior Samples:  79%|███████▉  | 1183/1496 [01:35<00:15, 20.14step/s]
[Origin 4/13] 🎲 Drawing Posterior Samples:  79%|███████▉  | 1189/1496 [01:36<00:12, 24.78step/s]
[Origin 4/13] 🎲 Drawing Posterior Samples:  80%|███████▉  | 1195/1496 [01:36<00:10, 29.46step/s]
[Origin 4/13] 🎲 Drawing Posterior Samples:  80%|████████  | 1201/1496 [01:36<00:08, 33.93step/s]
[Origin 4/13] 🎲 Drawing Posterior Samples:  81%|████████  | 1207/1496 [01:36<00:07, 37.99step/s]
[Origin 4/13] 🎲 Drawing Posterior Samples:  81%|████████  | 1213/1496 [01:36<00:06, 41.45step/s]
[Origin 4/13] 🎲 Drawing Posterior Samples:  81%|████████▏ | 1219/1496 [01:36<00:06, 44.29step/s]
[Origin 4/13] 🎲 Drawing Posterior Samples:  82%|████████▏ | 1225/1496 [01:36<00:05, 46.54step/s]
[Origin 4/13] 🎲 Drawing Posterior Samples:  82%|████████▏ | 1231/1496 [01:36<00:05, 48.23step/s]
[Origin 4/13] 🎲 Drawing Posterior Samples:  83%|████████▎ | 1237/1496 [01:36<00:05, 49.39step/s]
[Origin 4/13] 🎲 Drawing Posterior Samples:  83%|████████▎ | 1243/1496 [01:37<00:05, 50.25step/s]
[Origin 4/13] 🎲 Drawing Posterior Samples:  83%|████████▎ | 1249/1496 [01:37<00:05, 45.88step/s]
[Origin 4/13] 🎲 Drawing Posterior Samples:  84%|████████▍ | 1255/1496 [01:37<00:05, 47.69step/s]
[Origin 4/13] 🎲 Drawing Posterior Samples:  84%|████████▍ | 1261/1496 [01:37<00:04, 48.90step/s]
[Origin 4/13] 🎲 Drawing Posterior Samples:  85%|████████▍ | 1267/1496 [01:37<00:04, 49.87step/s]
[Origin 4/13] 🎲 Drawing Posterior Samples:  85%|████████▌ | 1273/1496 [01:37<00:04, 50.63step/s]
[Origin 4/13] 🎲 Drawing Posterior Samples:  85%|████████▌ | 1279/1496 [01:37<00:04, 51.25step/s]
[Origin 4/13] 🎲 Drawing Posterior Samples:  86%|████████▌ | 1285/1496 [01:37<00:04, 51.64step/s]
[Origin 4/13] 🎲 Drawing Posterior Samples:  86%|████████▋ | 1291/1496 [01:38<00:03, 51.87step/s]
[Origin 4/13] 🎲 Drawing Posterior Samples:  87%|████████▋ | 1297/1496 [01:38<00:03, 51.98step/s]
[Origin 4/13] 🎲 Drawing Posterior Samples:  87%|████████▋ | 1303/1496 [01:38<00:03, 52.00step/s]
[Origin 4/13] 🎲 Drawing Posterior Samples:  88%|████████▊ | 1309/1496 [01:38<00:03, 52.14step/s]
[Origin 4/13] 🎲 Drawing Posterior Samples:  88%|████████▊ | 1315/1496 [01:38<00:03, 52.18step/s]
[Origin 4/13] 🎲 Drawing Posterior Samples:  88%|████████▊ | 1321/1496 [01:38<00:03, 52.22step/s]
[Origin 4/13] 🎲 Drawing Posterior Samples:  89%|████████▊ | 1327/1496 [01:38<00:03, 52.28step/s]
[Origin 4/13] 🎲 Drawing Posterior Samples:  89%|████████▉ | 1333/1496 [01:38<00:03, 52.40step/s]
[Origin 4/13] 🎲 Drawing Posterior Samples:  90%|████████▉ | 1339/1496 [01:38<00:02, 52.47step/s]
[Origin 4/13] 🎲 Drawing Posterior Samples:  90%|████████▉ | 1345/1496 [01:39<00:02, 52.47step/s]
[Origin 4/13] 🎲 Drawing Posterior Samples:  90%|█████████ | 1351/1496 [01:39<00:02, 52.42step/s]
[Origin 4/13] 🎲 Drawing Posterior Samples:  91%|█████████ | 1357/1496 [01:39<00:02, 52.40step/s]
[Origin 4/13] 🎲 Drawing Posterior Samples:  91%|█████████ | 1363/1496 [01:39<00:02, 52.41step/s]
[Origin 4/13] 🎲 Drawing Posterior Samples:  92%|█████████▏| 1369/1496 [01:39<00:02, 52.38step/s]
[Origin 4/13] 🎲 Drawing Posterior Samples:  92%|█████████▏| 1375/1496 [01:39<00:02, 52.36step/s]
[Origin 4/13] 🎲 Drawing Posterior Samples:  92%|█████████▏| 1381/1496 [01:39<00:02, 52.35step/s]
[Origin 4/13] 🎲 Drawing Posterior Samples:  93%|█████████▎| 1387/1496 [01:39<00:02, 52.37step/s]
[Origin 4/13] 🎲 Drawing Posterior Samples:  93%|█████████▎| 1393/1496 [01:40<00:01, 52.43step/s]
[Origin 4/13] 🎲 Drawing Posterior Samples:  94%|█████████▎| 1399/1496 [01:40<00:01, 52.47step/s]
[Origin 4/13] 🎲 Drawing Posterior Samples:  94%|█████████▍| 1405/1496 [01:40<00:01, 52.44step/s]
[Origin 4/13] 🎲 Drawing Posterior Samples:  94%|█████████▍| 1411/1496 [01:40<00:01, 52.43step/s]
[Origin 4/13] 🎲 Drawing Posterior Samples:  95%|█████████▍| 1417/1496 [01:40<00:01, 52.38step/s]
[Origin 4/13] 🎲 Drawing Posterior Samples:  95%|█████████▌| 1423/1496 [01:40<00:01, 52.35step/s]
[Origin 4/13] 🎲 Drawing Posterior Samples:  96%|█████████▌| 1429/1496 [01:40<00:01, 52.33step/s]
[Origin 4/13] 🎲 Drawing Posterior Samples:  96%|█████████▌| 1435/1496 [01:40<00:01, 52.33step/s]
[Origin 4/13] 🎲 Drawing Posterior Samples:  96%|█████████▋| 1441/1496 [01:40<00:01, 52.35step/s]
[Origin 4/13] 🎲 Drawing Posterior Samples:  97%|█████████▋| 1447/1496 [01:41<00:00, 52.37step/s]
[Origin 4/13] 🎲 Drawing Posterior Samples:  97%|█████████▋| 1453/1496 [01:41<00:00, 52.41step/s]
[Origin 4/13] 🎲 Drawing Posterior Samples:  98%|█████████▊| 1459/1496 [01:41<00:00, 52.42step/s]
[Origin 4/13] 🎲 Drawing Posterior Samples:  98%|█████████▊| 1465/1496 [01:42<00:02, 15.28step/s]
[Origin 4/13] 🎲 Drawing Posterior Samples:  98%|█████████▊| 1469/1496 [01:43<00:02, 10.41step/s]
[Origin 4/13] 🎲 Drawing Posterior Samples:  98%|█████████▊| 1472/1496 [01:43<00:02,  8.50step/s]
[Origin 4/13] 🎲 Drawing Posterior Samples:  99%|█████████▊| 1475/1496 [01:44<00:02,  7.37step/s]
[Origin 4/13] 🎲 Drawing Posterior Samples:  99%|█████████▊| 1477/1496 [01:44<00:02,  6.68step/s]
[Origin 4/13] 🎲 Drawing Posterior Samples:  99%|█████████▉| 1479/1496 [01:45<00:02,  6.25step/s]
[Origin 4/13] 🎲 Drawing Posterior Samples:  99%|█████████▉| 1481/1496 [01:45<00:02,  6.11step/s]
[Origin 4/13] 🎲 Drawing Posterior Samples:  99%|█████████▉| 1482/1496 [01:45<00:02,  6.14step/s]
[Origin 4/13] 🎲 Drawing Posterior Samples:  99%|█████████▉| 1483/1496 [01:45<00:02,  6.06step/s]
[Origin 4/13] 🎲 Drawing Posterior Samples:  99%|█████████▉| 1484/1496 [01:46<00:02,  5.89step/s]
[Origin 4/13] 🎲 Drawing Posterior Samples:  99%|█████████▉| 1485/1496 [01:46<00:01,  5.54step/s]
[Origin 4/13] 🎲 Drawing Posterior Samples:  99%|█████████▉| 1486/1496 [01:46<00:01,  5.37step/s]
[Origin 4/13] 🎲 Drawing Posterior Samples:  99%|█████████▉| 1487/1496 [01:46<00:01,  5.12step/s]
[Origin 4/13] 🎲 Drawing Posterior Samples:  99%|█████████▉| 1488/1496 [01:46<00:01,  5.06step/s]
[Origin 4/13] 🎲 Drawing Posterior Samples: 100%|█████████▉| 1489/1496 [01:47<00:01,  4.99step/s]
[Origin 4/13] 🎲 Drawing Posterior Samples: 100%|█████████▉| 1490/1496 [01:47<00:01,  4.91step/s]
[Origin 4/13] 🎲 Drawing Posterior Samples: 100%|█████████▉| 1491/1496 [01:47<00:01,  4.86step/s]
[Origin 4/13] 🎲 Drawing Posterior Samples: 100%|█████████▉| 1492/1496 [01:47<00:00,  4.81step/s]
[Origin 4/13] 🎲 Drawing Posterior Samples: 100%|█████████▉| 1493/1496 [01:47<00:00,  4.81step/s]
[Origin 4/13] 🎲 Drawing Posterior Samples: 100%|█████████▉| 1494/1496 [01:48<00:00,  4.86step/s]
[Origin 4/13] 🎲 Drawing Posterior Samples: 100%|█████████▉| 1495/1496 [01:48<00:00,  4.89step/s]
[Origin 4/13] 🎲 Drawing Posterior Samples: 100%|██████████| 1496/1496 [01:48<00:00,  4.83step/s]
                                                                                                 

[Origin 5/13] 🎲 Drawing Posterior Samples:   0%|          | 0/1500 [00:00<?, ?step/s]
[Origin 5/13] 🎲 Drawing Posterior Samples:   0%|          | 7/1500 [00:00<00:25, 59.42step/s]
[Origin 5/13] 🎲 Drawing Posterior Samples:   1%|          | 13/1500 [00:00<00:26, 55.54step/s]
[Origin 5/13] 🎲 Drawing Posterior Samples:   1%|▏         | 19/1500 [00:00<00:27, 54.30step/s]
[Origin 5/13] 🎲 Drawing Posterior Samples:   2%|▏         | 25/1500 [00:00<00:27, 53.73step/s]
[Origin 5/13] 🎲 Drawing Posterior Samples:   2%|▏         | 31/1500 [00:00<00:27, 53.43step/s]
[Origin 5/13] 🎲 Drawing Posterior Samples:   2%|▏         | 37/1500 [00:00<00:27, 53.23step/s]
[Origin 5/13] 🎲 Drawing Posterior Samples:   3%|▎         | 43/1500 [00:00<00:27, 53.09step/s]
[Origin 5/13] 🎲 Drawing Posterior Samples:   3%|▎         | 49/1500 [00:00<00:27, 53.03step/s]
[Origin 5/13] 🎲 Drawing Posterior Samples:   4%|▎         | 55/1500 [00:01<00:27, 52.86step/s]
[Origin 5/13] 🎲 Drawing Posterior Samples:   4%|▍         | 61/1500 [00:01<00:27, 52.56step/s]
[Origin 5/13] 🎲 Drawing Posterior Samples:   4%|▍         | 67/1500 [00:01<00:27, 52.40step/s]
[Origin 5/13] 🎲 Drawing Posterior Samples:   5%|▍         | 73/1500 [00:01<00:27, 52.19step/s]
[Origin 5/13] 🎲 Drawing Posterior Samples:   5%|▌         | 79/1500 [00:01<00:27, 52.26step/s]
[Origin 5/13] 🎲 Drawing Posterior Samples:   6%|▌         | 85/1500 [00:01<00:27, 52.34step/s]
[Origin 5/13] 🎲 Drawing Posterior Samples:   6%|▌         | 91/1500 [00:01<00:26, 52.37step/s]
[Origin 5/13] 🎲 Drawing Posterior Samples:   6%|▋         | 97/1500 [00:01<00:26, 52.50step/s]
[Origin 5/13] 🎲 Drawing Posterior Samples:   7%|▋         | 103/1500 [00:01<00:26, 52.56step/s]
[Origin 5/13] 🎲 Drawing Posterior Samples:   7%|▋         | 109/1500 [00:02<00:26, 52.57step/s]
[Origin 5/13] 🎲 Drawing Posterior Samples:   8%|▊         | 115/1500 [00:02<00:26, 52.52step/s]
[Origin 5/13] 🎲 Drawing Posterior Samples:   8%|▊         | 121/1500 [00:02<00:26, 52.44step/s]
[Origin 5/13] 🎲 Drawing Posterior Samples:   8%|▊         | 127/1500 [00:02<00:26, 52.40step/s]
[Origin 5/13] 🎲 Drawing Posterior Samples:   9%|▉         | 133/1500 [00:02<00:26, 52.35step/s]
[Origin 5/13] 🎲 Drawing Posterior Samples:   9%|▉         | 139/1500 [00:02<00:26, 52.34step/s]
[Origin 5/13] 🎲 Drawing Posterior Samples:  10%|▉         | 145/1500 [00:02<00:25, 52.36step/s]
[Origin 5/13] 🎲 Drawing Posterior Samples:  10%|█         | 151/1500 [00:02<00:25, 52.37step/s]
[Origin 5/13] 🎲 Drawing Posterior Samples:  10%|█         | 157/1500 [00:02<00:25, 52.43step/s]
[Origin 5/13] 🎲 Drawing Posterior Samples:  11%|█         | 163/1500 [00:03<00:25, 52.52step/s]
[Origin 5/13] 🎲 Drawing Posterior Samples:  11%|█▏        | 169/1500 [00:03<00:25, 52.49step/s]
[Origin 5/13] 🎲 Drawing Posterior Samples:  12%|█▏        | 175/1500 [00:03<00:25, 52.44step/s]
[Origin 5/13] 🎲 Drawing Posterior Samples:  12%|█▏        | 181/1500 [00:03<00:25, 52.39step/s]
[Origin 5/13] 🎲 Drawing Posterior Samples:  12%|█▏        | 187/1500 [00:03<00:25, 52.35step/s]
[Origin 5/13] 🎲 Drawing Posterior Samples:  13%|█▎        | 193/1500 [00:03<00:24, 52.35step/s]
[Origin 5/13] 🎲 Drawing Posterior Samples:  13%|█▎        | 199/1500 [00:03<00:24, 52.32step/s]
[Origin 5/13] 🎲 Drawing Posterior Samples:  14%|█▎        | 205/1500 [00:03<00:24, 52.35step/s]
[Origin 5/13] 🎲 Drawing Posterior Samples:  14%|█▍        | 211/1500 [00:04<00:24, 52.37step/s]
[Origin 5/13] 🎲 Drawing Posterior Samples:  14%|█▍        | 217/1500 [00:04<00:24, 52.40step/s]
[Origin 5/13] 🎲 Drawing Posterior Samples:  15%|█▍        | 223/1500 [00:04<00:24, 52.49step/s]
[Origin 5/13] 🎲 Drawing Posterior Samples:  15%|█▌        | 229/1500 [00:04<00:24, 52.48step/s]
[Origin 5/13] 🎲 Drawing Posterior Samples:  16%|█▌        | 235/1500 [00:04<00:24, 52.40step/s]
[Origin 5/13] 🎲 Drawing Posterior Samples:  16%|█▌        | 241/1500 [00:04<00:24, 52.33step/s]
[Origin 5/13] 🎲 Drawing Posterior Samples:  16%|█▋        | 247/1500 [00:04<00:23, 52.34step/s]
[Origin 5/13] 🎲 Drawing Posterior Samples:  17%|█▋        | 253/1500 [00:04<00:23, 52.28step/s]
[Origin 5/13] 🎲 Drawing Posterior Samples:  17%|█▋        | 259/1500 [00:04<00:23, 52.30step/s]
[Origin 5/13] 🎲 Drawing Posterior Samples:  18%|█▊        | 265/1500 [00:05<00:23, 52.35step/s]
[Origin 5/13] 🎲 Drawing Posterior Samples:  18%|█▊        | 271/1500 [00:05<00:23, 52.40step/s]
[Origin 5/13] 🎲 Drawing Posterior Samples:  18%|█▊        | 277/1500 [00:05<00:23, 52.41step/s]
[Origin 5/13] 🎲 Drawing Posterior Samples:  19%|█▉        | 283/1500 [00:05<00:23, 52.46step/s]
[Origin 5/13] 🎲 Drawing Posterior Samples:  19%|█▉        | 289/1500 [00:05<00:23, 52.49step/s]
[Origin 5/13] 🎲 Drawing Posterior Samples:  20%|█▉        | 295/1500 [00:05<00:22, 52.50step/s]
[Origin 5/13] 🎲 Drawing Posterior Samples:  20%|██        | 301/1500 [00:05<00:22, 52.46step/s]
[Origin 5/13] 🎲 Drawing Posterior Samples:  20%|██        | 307/1500 [00:05<00:22, 52.40step/s]
[Origin 5/13] 🎲 Drawing Posterior Samples:  21%|██        | 313/1500 [00:05<00:22, 52.42step/s]
[Origin 5/13] 🎲 Drawing Posterior Samples:  21%|██▏       | 319/1500 [00:06<00:22, 52.37step/s]
[Origin 5/13] 🎲 Drawing Posterior Samples:  22%|██▏       | 325/1500 [00:06<00:22, 52.41step/s]
[Origin 5/13] 🎲 Drawing Posterior Samples:  22%|██▏       | 331/1500 [00:06<00:22, 52.40step/s]
[Origin 5/13] 🎲 Drawing Posterior Samples:  22%|██▏       | 337/1500 [00:06<00:22, 52.45step/s]
[Origin 5/13] 🎲 Drawing Posterior Samples:  23%|██▎       | 343/1500 [00:07<00:54, 21.35step/s]
[Origin 5/13] 🎲 Drawing Posterior Samples:  23%|██▎       | 347/1500 [00:07<01:24, 13.60step/s]
[Origin 5/13] 🎲 Drawing Posterior Samples:  23%|██▎       | 350/1500 [00:08<01:43, 11.08step/s]
[Origin 5/13] 🎲 Drawing Posterior Samples:  24%|██▎       | 353/1500 [00:08<02:00,  9.54step/s]
[Origin 5/13] 🎲 Drawing Posterior Samples:  24%|██▎       | 355/1500 [00:09<02:34,  7.39step/s]
[Origin 5/13] 🎲 Drawing Posterior Samples:  24%|██▍       | 357/1500 [00:09<02:37,  7.25step/s]
[Origin 5/13] 🎲 Drawing Posterior Samples:  24%|██▍       | 359/1500 [00:09<02:43,  6.97step/s]
[Origin 5/13] 🎲 Drawing Posterior Samples:  24%|██▍       | 360/1500 [00:10<02:45,  6.90step/s]
[Origin 5/13] 🎲 Drawing Posterior Samples:  24%|██▍       | 361/1500 [00:10<02:48,  6.77step/s]
[Origin 5/13] 🎲 Drawing Posterior Samples:  24%|██▍       | 362/1500 [00:10<02:52,  6.60step/s]
[Origin 5/13] 🎲 Drawing Posterior Samples:  24%|██▍       | 363/1500 [00:10<02:55,  6.47step/s]
[Origin 5/13] 🎲 Drawing Posterior Samples:  24%|██▍       | 364/1500 [00:10<02:57,  6.42step/s]
[Origin 5/13] 🎲 Drawing Posterior Samples:  24%|██▍       | 365/1500 [00:10<03:00,  6.30step/s]
[Origin 5/13] 🎲 Drawing Posterior Samples:  24%|██▍       | 366/1500 [00:11<03:02,  6.22step/s]
[Origin 5/13] 🎲 Drawing Posterior Samples:  24%|██▍       | 367/1500 [00:11<03:04,  6.15step/s]
[Origin 5/13] 🎲 Drawing Posterior Samples:  25%|██▍       | 368/1500 [00:11<03:01,  6.25step/s]
[Origin 5/13] 🎲 Drawing Posterior Samples:  25%|██▍       | 369/1500 [00:11<02:59,  6.30step/s]
[Origin 5/13] 🎲 Drawing Posterior Samples:  25%|██▍       | 370/1500 [00:11<03:02,  6.18step/s]
[Origin 5/13] 🎲 Drawing Posterior Samples:  25%|██▍       | 371/1500 [00:11<03:04,  6.13step/s]
[Origin 5/13] 🎲 Drawing Posterior Samples:  25%|██▍       | 372/1500 [00:12<03:06,  6.06step/s]
[Origin 5/13] 🎲 Drawing Posterior Samples:  25%|██▍       | 373/1500 [00:12<03:10,  5.91step/s]
[Origin 5/13] 🎲 Drawing Posterior Samples:  25%|██▍       | 374/1500 [00:12<03:13,  5.82step/s]
[Origin 5/13] 🎲 Drawing Posterior Samples:  25%|██▌       | 375/1500 [00:12<03:09,  5.95step/s]
[Origin 5/13] 🎲 Drawing Posterior Samples:  25%|██▌       | 376/1500 [00:29<1:35:07,  5.08s/step]
[Origin 5/13] 🎲 Drawing Posterior Samples:  25%|██▌       | 382/1500 [00:29<26:49,  1.44s/step]  
[Origin 5/13] 🎲 Drawing Posterior Samples:  26%|██▌       | 392/1500 [00:29<09:54,  1.86step/s]
[Origin 5/13] 🎲 Drawing Posterior Samples:  27%|██▋       | 400/1500 [00:29<05:49,  3.15step/s]
[Origin 5/13] 🎲 Drawing Posterior Samples:  27%|██▋       | 407/1500 [00:29<03:53,  4.68step/s]
[Origin 5/13] 🎲 Drawing Posterior Samples:  28%|██▊       | 414/1500 [00:29<02:40,  6.76step/s]
[Origin 5/13] 🎲 Drawing Posterior Samples:  28%|██▊       | 421/1500 [00:29<01:53,  9.50step/s]
[Origin 5/13] 🎲 Drawing Posterior Samples:  29%|██▊       | 428/1500 [00:29<01:23, 12.81step/s]
[Origin 5/13] 🎲 Drawing Posterior Samples:  29%|██▉       | 435/1500 [00:30<01:03, 16.66step/s]
[Origin 5/13] 🎲 Drawing Posterior Samples:  29%|██▉       | 441/1500 [00:30<00:51, 20.48step/s]
[Origin 5/13] 🎲 Drawing Posterior Samples:  30%|██▉       | 447/1500 [00:30<00:42, 24.69step/s]
[Origin 5/13] 🎲 Drawing Posterior Samples:  30%|███       | 453/1500 [00:30<00:35, 29.12step/s]
[Origin 5/13] 🎲 Drawing Posterior Samples:  31%|███       | 459/1500 [00:30<00:31, 33.43step/s]
[Origin 5/13] 🎲 Drawing Posterior Samples:  31%|███       | 465/1500 [00:30<00:27, 37.43step/s]
[Origin 5/13] 🎲 Drawing Posterior Samples:  31%|███▏      | 471/1500 [00:30<00:25, 40.91step/s]
[Origin 5/13] 🎲 Drawing Posterior Samples:  32%|███▏      | 477/1500 [00:30<00:23, 43.83step/s]
[Origin 5/13] 🎲 Drawing Posterior Samples:  32%|███▏      | 483/1500 [00:30<00:22, 46.15step/s]
[Origin 5/13] 🎲 Drawing Posterior Samples:  33%|███▎      | 489/1500 [00:31<00:21, 47.85step/s]
[Origin 5/13] 🎲 Drawing Posterior Samples:  33%|███▎      | 495/1500 [00:31<00:20, 49.04step/s]
[Origin 5/13] 🎲 Drawing Posterior Samples:  33%|███▎      | 501/1500 [00:31<00:20, 49.81step/s]
[Origin 5/13] 🎲 Drawing Posterior Samples:  34%|███▍      | 507/1500 [00:31<00:19, 50.35step/s]
[Origin 5/13] 🎲 Drawing Posterior Samples:  34%|███▍      | 513/1500 [00:31<00:19, 50.78step/s]
[Origin 5/13] 🎲 Drawing Posterior Samples:  35%|███▍      | 519/1500 [00:31<00:19, 51.19step/s]
[Origin 5/13] 🎲 Drawing Posterior Samples:  35%|███▌      | 525/1500 [00:31<00:18, 51.63step/s]
[Origin 5/13] 🎲 Drawing Posterior Samples:  35%|███▌      | 531/1500 [00:31<00:18, 51.94step/s]
[Origin 5/13] 🎲 Drawing Posterior Samples:  36%|███▌      | 537/1500 [00:31<00:18, 52.17step/s]
[Origin 5/13] 🎲 Drawing Posterior Samples:  36%|███▌      | 543/1500 [00:32<00:18, 52.32step/s]
[Origin 5/13] 🎲 Drawing Posterior Samples:  37%|███▋      | 549/1500 [00:32<00:18, 52.35step/s]
[Origin 5/13] 🎲 Drawing Posterior Samples:  37%|███▋      | 555/1500 [00:32<00:18, 52.31step/s]
[Origin 5/13] 🎲 Drawing Posterior Samples:  37%|███▋      | 561/1500 [00:32<00:17, 52.31step/s]
[Origin 5/13] 🎲 Drawing Posterior Samples:  38%|███▊      | 567/1500 [00:32<00:17, 52.28step/s]
[Origin 5/13] 🎲 Drawing Posterior Samples:  38%|███▊      | 573/1500 [00:32<00:17, 52.21step/s]
[Origin 5/13] 🎲 Drawing Posterior Samples:  39%|███▊      | 579/1500 [00:32<00:17, 52.23step/s]
[Origin 5/13] 🎲 Drawing Posterior Samples:  39%|███▉      | 585/1500 [00:32<00:17, 52.30step/s]
[Origin 5/13] 🎲 Drawing Posterior Samples:  39%|███▉      | 591/1500 [00:33<00:17, 52.41step/s]
[Origin 5/13] 🎲 Drawing Posterior Samples:  40%|███▉      | 597/1500 [00:33<00:17, 52.53step/s]
[Origin 5/13] 🎲 Drawing Posterior Samples:  40%|████      | 603/1500 [00:33<00:17, 52.56step/s]
[Origin 5/13] 🎲 Drawing Posterior Samples:  41%|████      | 609/1500 [00:33<00:16, 52.50step/s]
[Origin 5/13] 🎲 Drawing Posterior Samples:  41%|████      | 615/1500 [00:33<00:16, 52.42step/s]
[Origin 5/13] 🎲 Drawing Posterior Samples:  41%|████▏     | 621/1500 [00:33<00:16, 52.37step/s]
[Origin 5/13] 🎲 Drawing Posterior Samples:  42%|████▏     | 627/1500 [00:33<00:16, 52.37step/s]
[Origin 5/13] 🎲 Drawing Posterior Samples:  42%|████▏     | 633/1500 [00:33<00:16, 52.32step/s]
[Origin 5/13] 🎲 Drawing Posterior Samples:  43%|████▎     | 639/1500 [00:33<00:16, 52.28step/s]
[Origin 5/13] 🎲 Drawing Posterior Samples:  43%|████▎     | 645/1500 [00:34<00:16, 52.35step/s]
[Origin 5/13] 🎲 Drawing Posterior Samples:  43%|████▎     | 651/1500 [00:34<00:16, 52.42step/s]
[Origin 5/13] 🎲 Drawing Posterior Samples:  44%|████▍     | 657/1500 [00:34<00:16, 52.45step/s]
[Origin 5/13] 🎲 Drawing Posterior Samples:  44%|████▍     | 663/1500 [00:34<00:15, 52.47step/s]
[Origin 5/13] 🎲 Drawing Posterior Samples:  45%|████▍     | 669/1500 [00:34<00:15, 52.45step/s]
[Origin 5/13] 🎲 Drawing Posterior Samples:  45%|████▌     | 675/1500 [00:34<00:15, 52.42step/s]
[Origin 5/13] 🎲 Drawing Posterior Samples:  45%|████▌     | 681/1500 [00:34<00:15, 52.36step/s]
[Origin 5/13] 🎲 Drawing Posterior Samples:  46%|████▌     | 687/1500 [00:34<00:15, 52.35step/s]
[Origin 5/13] 🎲 Drawing Posterior Samples:  46%|████▌     | 693/1500 [00:34<00:15, 52.32step/s]
[Origin 5/13] 🎲 Drawing Posterior Samples:  47%|████▋     | 699/1500 [00:35<00:15, 52.27step/s]
[Origin 5/13] 🎲 Drawing Posterior Samples:  47%|████▋     | 705/1500 [00:35<00:15, 52.30step/s]
[Origin 5/13] 🎲 Drawing Posterior Samples:  47%|████▋     | 711/1500 [00:35<00:15, 52.30step/s]
[Origin 5/13] 🎲 Drawing Posterior Samples:  48%|████▊     | 717/1500 [00:35<00:31, 25.23step/s]
[Origin 5/13] 🎲 Drawing Posterior Samples:  48%|████▊     | 722/1500 [00:36<00:56, 13.88step/s]
[Origin 5/13] 🎲 Drawing Posterior Samples:  48%|████▊     | 725/1500 [00:37<01:09, 11.09step/s]
[Origin 5/13] 🎲 Drawing Posterior Samples:  49%|████▊     | 728/1500 [00:37<01:27,  8.82step/s]
[Origin 5/13] 🎲 Drawing Posterior Samples:  49%|████▊     | 730/1500 [00:38<01:35,  8.07step/s]
[Origin 5/13] 🎲 Drawing Posterior Samples:  49%|████▉     | 732/1500 [00:38<02:02,  6.28step/s]
[Origin 5/13] 🎲 Drawing Posterior Samples:  49%|████▉     | 734/1500 [00:39<02:09,  5.94step/s]
[Origin 5/13] 🎲 Drawing Posterior Samples:  49%|████▉     | 735/1500 [00:39<02:08,  5.95step/s]
[Origin 5/13] 🎲 Drawing Posterior Samples:  49%|████▉     | 736/1500 [00:39<02:09,  5.88step/s]
[Origin 5/13] 🎲 Drawing Posterior Samples:  49%|████▉     | 737/1500 [00:39<02:10,  5.86step/s]
[Origin 5/13] 🎲 Drawing Posterior Samples:  49%|████▉     | 738/1500 [00:39<02:09,  5.90step/s]
[Origin 5/13] 🎲 Drawing Posterior Samples:  49%|████▉     | 739/1500 [00:39<02:08,  5.93step/s]
[Origin 5/13] 🎲 Drawing Posterior Samples:  49%|████▉     | 740/1500 [00:40<02:11,  5.79step/s]
[Origin 5/13] 🎲 Drawing Posterior Samples:  49%|████▉     | 741/1500 [00:40<02:13,  5.70step/s]
[Origin 5/13] 🎲 Drawing Posterior Samples:  49%|████▉     | 742/1500 [00:40<02:16,  5.54step/s]
[Origin 5/13] 🎲 Drawing Posterior Samples:  50%|████▉     | 743/1500 [00:40<02:15,  5.58step/s]
[Origin 5/13] 🎲 Drawing Posterior Samples:  50%|████▉     | 744/1500 [00:40<02:21,  5.36step/s]
[Origin 5/13] 🎲 Drawing Posterior Samples:  50%|████▉     | 745/1500 [00:41<02:24,  5.24step/s]
[Origin 5/13] 🎲 Drawing Posterior Samples:  50%|████▉     | 746/1500 [00:41<02:26,  5.14step/s]
[Origin 5/13] 🎲 Drawing Posterior Samples:  50%|████▉     | 747/1500 [00:41<02:30,  4.99step/s]
[Origin 5/13] 🎲 Drawing Posterior Samples:  50%|████▉     | 748/1500 [00:41<02:33,  4.90step/s]
[Origin 5/13] 🎲 Drawing Posterior Samples:  50%|████▉     | 749/1500 [00:41<02:31,  4.97step/s]
[Origin 5/13] 🎲 Drawing Posterior Samples:  50%|█████     | 750/1500 [00:42<02:34,  4.87step/s]
[Origin 5/13] 🎲 Drawing Posterior Samples:  50%|█████     | 751/1500 [00:59<1:05:14,  5.23s/step]
[Origin 5/13] 🎲 Drawing Posterior Samples:  50%|█████     | 757/1500 [00:59<18:20,  1.48s/step]  
[Origin 5/13] 🎲 Drawing Posterior Samples:  51%|█████     | 763/1500 [00:59<09:05,  1.35step/s]
[Origin 5/13] 🎲 Drawing Posterior Samples:  51%|█████▏    | 769/1500 [00:59<05:19,  2.29step/s]
[Origin 5/13] 🎲 Drawing Posterior Samples:  52%|█████▏    | 775/1500 [00:59<03:23,  3.57step/s]
[Origin 5/13] 🎲 Drawing Posterior Samples:  52%|█████▏    | 781/1500 [00:59<02:16,  5.28step/s]
[Origin 5/13] 🎲 Drawing Posterior Samples:  52%|█████▏    | 787/1500 [00:59<01:34,  7.54step/s]
[Origin 5/13] 🎲 Drawing Posterior Samples:  53%|█████▎    | 793/1500 [00:59<01:07, 10.42step/s]
[Origin 5/13] 🎲 Drawing Posterior Samples:  53%|█████▎    | 799/1500 [01:00<00:50, 13.95step/s]
[Origin 5/13] 🎲 Drawing Posterior Samples:  54%|█████▎    | 805/1500 [01:00<00:38, 18.06step/s]
[Origin 5/13] 🎲 Drawing Posterior Samples:  54%|█████▍    | 811/1500 [01:00<00:30, 22.60step/s]
[Origin 5/13] 🎲 Drawing Posterior Samples:  54%|█████▍    | 817/1500 [01:00<00:25, 27.29step/s]
[Origin 5/13] 🎲 Drawing Posterior Samples:  55%|█████▍    | 823/1500 [01:00<00:21, 31.86step/s]
[Origin 5/13] 🎲 Drawing Posterior Samples:  55%|█████▌    | 829/1500 [01:00<00:18, 36.06step/s]
[Origin 5/13] 🎲 Drawing Posterior Samples:  56%|█████▌    | 835/1500 [01:00<00:16, 39.74step/s]
[Origin 5/13] 🎲 Drawing Posterior Samples:  56%|█████▌    | 841/1500 [01:00<00:15, 42.84step/s]
[Origin 5/13] 🎲 Drawing Posterior Samples:  56%|█████▋    | 847/1500 [01:01<00:14, 45.38step/s]
[Origin 5/13] 🎲 Drawing Posterior Samples:  57%|█████▋    | 853/1500 [01:01<00:13, 47.34step/s]
[Origin 5/13] 🎲 Drawing Posterior Samples:  57%|█████▋    | 859/1500 [01:01<00:13, 48.81step/s]
[Origin 5/13] 🎲 Drawing Posterior Samples:  58%|█████▊    | 865/1500 [01:01<00:12, 49.94step/s]
[Origin 5/13] 🎲 Drawing Posterior Samples:  58%|█████▊    | 871/1500 [01:01<00:12, 50.69step/s]
[Origin 5/13] 🎲 Drawing Posterior Samples:  58%|█████▊    | 877/1500 [01:01<00:12, 51.15step/s]
[Origin 5/13] 🎲 Drawing Posterior Samples:  59%|█████▉    | 883/1500 [01:01<00:11, 51.46step/s]
[Origin 5/13] 🎲 Drawing Posterior Samples:  59%|█████▉    | 889/1500 [01:01<00:11, 51.61step/s]
[Origin 5/13] 🎲 Drawing Posterior Samples:  60%|█████▉    | 895/1500 [01:01<00:11, 51.68step/s]
[Origin 5/13] 🎲 Drawing Posterior Samples:  60%|██████    | 901/1500 [01:02<00:11, 51.81step/s]
[Origin 5/13] 🎲 Drawing Posterior Samples:  60%|██████    | 907/1500 [01:02<00:11, 52.01step/s]
[Origin 5/13] 🎲 Drawing Posterior Samples:  61%|██████    | 913/1500 [01:02<00:11, 52.15step/s]
[Origin 5/13] 🎲 Drawing Posterior Samples:  61%|██████▏   | 919/1500 [01:02<00:11, 52.24step/s]
[Origin 5/13] 🎲 Drawing Posterior Samples:  62%|██████▏   | 925/1500 [01:02<00:11, 52.24step/s]
[Origin 5/13] 🎲 Drawing Posterior Samples:  62%|██████▏   | 931/1500 [01:02<00:10, 52.27step/s]
[Origin 5/13] 🎲 Drawing Posterior Samples:  62%|██████▏   | 937/1500 [01:02<00:10, 52.34step/s]
[Origin 5/13] 🎲 Drawing Posterior Samples:  63%|██████▎   | 943/1500 [01:02<00:10, 52.35step/s]
[Origin 5/13] 🎲 Drawing Posterior Samples:  63%|██████▎   | 949/1500 [01:02<00:10, 52.43step/s]
[Origin 5/13] 🎲 Drawing Posterior Samples:  64%|██████▎   | 955/1500 [01:03<00:10, 52.35step/s]
[Origin 5/13] 🎲 Drawing Posterior Samples:  64%|██████▍   | 961/1500 [01:03<00:10, 52.34step/s]
[Origin 5/13] 🎲 Drawing Posterior Samples:  64%|██████▍   | 967/1500 [01:03<00:10, 52.32step/s]
[Origin 5/13] 🎲 Drawing Posterior Samples:  65%|██████▍   | 973/1500 [01:03<00:10, 52.31step/s]
[Origin 5/13] 🎲 Drawing Posterior Samples:  65%|██████▌   | 979/1500 [01:03<00:09, 52.35step/s]
[Origin 5/13] 🎲 Drawing Posterior Samples:  66%|██████▌   | 985/1500 [01:03<00:09, 52.35step/s]
[Origin 5/13] 🎲 Drawing Posterior Samples:  66%|██████▌   | 991/1500 [01:03<00:09, 52.36step/s]
[Origin 5/13] 🎲 Drawing Posterior Samples:  66%|██████▋   | 997/1500 [01:03<00:09, 52.39step/s]
[Origin 5/13] 🎲 Drawing Posterior Samples:  67%|██████▋   | 1003/1500 [01:03<00:09, 52.46step/s]
[Origin 5/13] 🎲 Drawing Posterior Samples:  67%|██████▋   | 1009/1500 [01:04<00:09, 52.45step/s]
[Origin 5/13] 🎲 Drawing Posterior Samples:  68%|██████▊   | 1015/1500 [01:04<00:09, 52.43step/s]
[Origin 5/13] 🎲 Drawing Posterior Samples:  68%|██████▊   | 1021/1500 [01:04<00:09, 52.39step/s]
[Origin 5/13] 🎲 Drawing Posterior Samples:  68%|██████▊   | 1027/1500 [01:04<00:09, 52.35step/s]
[Origin 5/13] 🎲 Drawing Posterior Samples:  69%|██████▉   | 1033/1500 [01:04<00:08, 52.35step/s]
[Origin 5/13] 🎲 Drawing Posterior Samples:  69%|██████▉   | 1039/1500 [01:04<00:08, 52.34step/s]
[Origin 5/13] 🎲 Drawing Posterior Samples:  70%|██████▉   | 1045/1500 [01:04<00:08, 52.29step/s]
[Origin 5/13] 🎲 Drawing Posterior Samples:  70%|███████   | 1051/1500 [01:04<00:08, 52.17step/s]
[Origin 5/13] 🎲 Drawing Posterior Samples:  70%|███████   | 1057/1500 [01:05<00:08, 51.93step/s]
[Origin 5/13] 🎲 Drawing Posterior Samples:  71%|███████   | 1063/1500 [01:05<00:08, 51.85step/s]
[Origin 5/13] 🎲 Drawing Posterior Samples:  71%|███████▏  | 1069/1500 [01:05<00:08, 51.99step/s]
[Origin 5/13] 🎲 Drawing Posterior Samples:  72%|███████▏  | 1075/1500 [01:05<00:08, 52.06step/s]
[Origin 5/13] 🎲 Drawing Posterior Samples:  72%|███████▏  | 1081/1500 [01:05<00:08, 52.14step/s]
[Origin 5/13] 🎲 Drawing Posterior Samples:  72%|███████▏  | 1087/1500 [01:05<00:07, 52.12step/s]
[Origin 5/13] 🎲 Drawing Posterior Samples:  73%|███████▎  | 1093/1500 [01:06<00:22, 17.97step/s]
[Origin 5/13] 🎲 Drawing Posterior Samples:  73%|███████▎  | 1097/1500 [01:07<00:34, 11.54step/s]
[Origin 5/13] 🎲 Drawing Posterior Samples:  73%|███████▎  | 1100/1500 [01:07<00:44,  9.01step/s]
[Origin 5/13] 🎲 Drawing Posterior Samples:  74%|███████▎  | 1103/1500 [01:08<00:51,  7.66step/s]
[Origin 5/13] 🎲 Drawing Posterior Samples:  74%|███████▎  | 1105/1500 [01:08<00:57,  6.89step/s]
[Origin 5/13] 🎲 Drawing Posterior Samples:  74%|███████▍  | 1107/1500 [01:09<01:03,  6.16step/s]
[Origin 5/13] 🎲 Drawing Posterior Samples:  74%|███████▍  | 1109/1500 [01:09<01:10,  5.56step/s]
[Origin 5/13] 🎲 Drawing Posterior Samples:  74%|███████▍  | 1110/1500 [01:10<01:13,  5.28step/s]
[Origin 5/13] 🎲 Drawing Posterior Samples:  74%|███████▍  | 1111/1500 [01:10<01:16,  5.09step/s]
[Origin 5/13] 🎲 Drawing Posterior Samples:  74%|███████▍  | 1112/1500 [01:10<01:20,  4.83step/s]
[Origin 5/13] 🎲 Drawing Posterior Samples:  74%|███████▍  | 1113/1500 [01:10<01:23,  4.61step/s]
[Origin 5/13] 🎲 Drawing Posterior Samples:  74%|███████▍  | 1114/1500 [01:11<01:27,  4.41step/s]
[Origin 5/13] 🎲 Drawing Posterior Samples:  74%|███████▍  | 1115/1500 [01:11<01:28,  4.34step/s]
[Origin 5/13] 🎲 Drawing Posterior Samples:  74%|███████▍  | 1116/1500 [01:11<01:29,  4.27step/s]
[Origin 5/13] 🎲 Drawing Posterior Samples:  74%|███████▍  | 1117/1500 [01:11<01:29,  4.26step/s]
[Origin 5/13] 🎲 Drawing Posterior Samples:  75%|███████▍  | 1118/1500 [01:12<01:31,  4.15step/s]
[Origin 5/13] 🎲 Drawing Posterior Samples:  75%|███████▍  | 1119/1500 [01:12<01:31,  4.16step/s]
[Origin 5/13] 🎲 Drawing Posterior Samples:  75%|███████▍  | 1120/1500 [01:12<01:32,  4.09step/s]
[Origin 5/13] 🎲 Drawing Posterior Samples:  75%|███████▍  | 1121/1500 [01:12<01:34,  4.01step/s]
[Origin 5/13] 🎲 Drawing Posterior Samples:  75%|███████▍  | 1122/1500 [01:13<01:33,  4.06step/s]
[Origin 5/13] 🎲 Drawing Posterior Samples:  75%|███████▍  | 1123/1500 [01:13<01:33,  4.01step/s]
[Origin 5/13] 🎲 Drawing Posterior Samples:  75%|███████▍  | 1124/1500 [01:13<01:32,  4.08step/s]
[Origin 5/13] 🎲 Drawing Posterior Samples:  75%|███████▌  | 1125/1500 [01:13<01:33,  4.02step/s]
[Origin 5/13] 🎲 Drawing Posterior Samples:  75%|███████▌  | 1126/1500 [01:34<39:28,  6.33s/step]
[Origin 5/13] 🎲 Drawing Posterior Samples:  75%|███████▌  | 1132/1500 [01:34<10:59,  1.79s/step]
[Origin 5/13] 🎲 Drawing Posterior Samples:  76%|███████▌  | 1138/1500 [01:34<05:23,  1.12step/s]
[Origin 5/13] 🎲 Drawing Posterior Samples:  76%|███████▋  | 1144/1500 [01:34<03:07,  1.90step/s]
[Origin 5/13] 🎲 Drawing Posterior Samples:  77%|███████▋  | 1150/1500 [01:34<01:57,  2.98step/s]
[Origin 5/13] 🎲 Drawing Posterior Samples:  77%|███████▋  | 1156/1500 [01:35<01:17,  4.44step/s]
[Origin 5/13] 🎲 Drawing Posterior Samples:  77%|███████▋  | 1162/1500 [01:35<00:52,  6.38step/s]
[Origin 5/13] 🎲 Drawing Posterior Samples:  78%|███████▊  | 1168/1500 [01:35<00:37,  8.90step/s]
[Origin 5/13] 🎲 Drawing Posterior Samples:  78%|███████▊  | 1174/1500 [01:35<00:27, 12.04step/s]
[Origin 5/13] 🎲 Drawing Posterior Samples:  79%|███████▊  | 1180/1500 [01:35<00:20, 15.85step/s]
[Origin 5/13] 🎲 Drawing Posterior Samples:  79%|███████▉  | 1186/1500 [01:35<00:15, 20.16step/s]
[Origin 5/13] 🎲 Drawing Posterior Samples:  79%|███████▉  | 1192/1500 [01:35<00:12, 24.78step/s]
[Origin 5/13] 🎲 Drawing Posterior Samples:  80%|███████▉  | 1198/1500 [01:35<00:10, 29.47step/s]
[Origin 5/13] 🎲 Drawing Posterior Samples:  80%|████████  | 1204/1500 [01:35<00:08, 33.90step/s]
[Origin 5/13] 🎲 Drawing Posterior Samples:  81%|████████  | 1210/1500 [01:36<00:07, 37.79step/s]
[Origin 5/13] 🎲 Drawing Posterior Samples:  81%|████████  | 1216/1500 [01:36<00:06, 41.43step/s]
[Origin 5/13] 🎲 Drawing Posterior Samples:  81%|████████▏ | 1222/1500 [01:36<00:06, 44.30step/s]
[Origin 5/13] 🎲 Drawing Posterior Samples:  82%|████████▏ | 1228/1500 [01:36<00:05, 46.53step/s]
[Origin 5/13] 🎲 Drawing Posterior Samples:  82%|████████▏ | 1234/1500 [01:36<00:05, 48.18step/s]
[Origin 5/13] 🎲 Drawing Posterior Samples:  83%|████████▎ | 1240/1500 [01:36<00:05, 49.39step/s]
[Origin 5/13] 🎲 Drawing Posterior Samples:  83%|████████▎ | 1246/1500 [01:36<00:05, 50.21step/s]
[Origin 5/13] 🎲 Drawing Posterior Samples:  83%|████████▎ | 1252/1500 [01:36<00:04, 50.78step/s]
[Origin 5/13] 🎲 Drawing Posterior Samples:  84%|████████▍ | 1258/1500 [01:36<00:04, 51.18step/s]
[Origin 5/13] 🎲 Drawing Posterior Samples:  84%|████████▍ | 1264/1500 [01:37<00:04, 51.45step/s]
[Origin 5/13] 🎲 Drawing Posterior Samples:  85%|████████▍ | 1270/1500 [01:37<00:04, 51.75step/s]
[Origin 5/13] 🎲 Drawing Posterior Samples:  85%|████████▌ | 1276/1500 [01:37<00:04, 51.96step/s]
[Origin 5/13] 🎲 Drawing Posterior Samples:  85%|████████▌ | 1282/1500 [01:37<00:04, 52.09step/s]
[Origin 5/13] 🎲 Drawing Posterior Samples:  86%|████████▌ | 1288/1500 [01:37<00:04, 52.27step/s]
[Origin 5/13] 🎲 Drawing Posterior Samples:  86%|████████▋ | 1294/1500 [01:37<00:03, 52.38step/s]
[Origin 5/13] 🎲 Drawing Posterior Samples:  87%|████████▋ | 1300/1500 [01:37<00:03, 52.40step/s]
[Origin 5/13] 🎲 Drawing Posterior Samples:  87%|████████▋ | 1306/1500 [01:37<00:03, 52.32step/s]
[Origin 5/13] 🎲 Drawing Posterior Samples:  87%|████████▋ | 1312/1500 [01:37<00:03, 52.33step/s]
[Origin 5/13] 🎲 Drawing Posterior Samples:  88%|████████▊ | 1318/1500 [01:38<00:03, 52.30step/s]
[Origin 5/13] 🎲 Drawing Posterior Samples:  88%|████████▊ | 1324/1500 [01:38<00:03, 52.24step/s]
[Origin 5/13] 🎲 Drawing Posterior Samples:  89%|████████▊ | 1330/1500 [01:38<00:03, 52.29step/s]
[Origin 5/13] 🎲 Drawing Posterior Samples:  89%|████████▉ | 1336/1500 [01:38<00:03, 52.27step/s]
[Origin 5/13] 🎲 Drawing Posterior Samples:  89%|████████▉ | 1342/1500 [01:38<00:03, 52.35step/s]
[Origin 5/13] 🎲 Drawing Posterior Samples:  90%|████████▉ | 1348/1500 [01:38<00:02, 52.40step/s]
[Origin 5/13] 🎲 Drawing Posterior Samples:  90%|█████████ | 1354/1500 [01:38<00:02, 52.49step/s]
[Origin 5/13] 🎲 Drawing Posterior Samples:  91%|█████████ | 1360/1500 [01:38<00:02, 52.48step/s]
[Origin 5/13] 🎲 Drawing Posterior Samples:  91%|█████████ | 1366/1500 [01:39<00:02, 52.39step/s]
[Origin 5/13] 🎲 Drawing Posterior Samples:  91%|█████████▏| 1372/1500 [01:39<00:02, 52.34step/s]
[Origin 5/13] 🎲 Drawing Posterior Samples:  92%|█████████▏| 1378/1500 [01:39<00:02, 52.32step/s]
[Origin 5/13] 🎲 Drawing Posterior Samples:  92%|█████████▏| 1384/1500 [01:39<00:02, 52.33step/s]
[Origin 5/13] 🎲 Drawing Posterior Samples:  93%|█████████▎| 1390/1500 [01:39<00:02, 52.29step/s]
[Origin 5/13] 🎲 Drawing Posterior Samples:  93%|█████████▎| 1396/1500 [01:39<00:01, 52.33step/s]
[Origin 5/13] 🎲 Drawing Posterior Samples:  93%|█████████▎| 1402/1500 [01:39<00:01, 52.40step/s]
[Origin 5/13] 🎲 Drawing Posterior Samples:  94%|█████████▍| 1408/1500 [01:39<00:01, 52.37step/s]
[Origin 5/13] 🎲 Drawing Posterior Samples:  94%|█████████▍| 1414/1500 [01:39<00:01, 52.38step/s]
[Origin 5/13] 🎲 Drawing Posterior Samples:  95%|█████████▍| 1420/1500 [01:40<00:01, 52.43step/s]
[Origin 5/13] 🎲 Drawing Posterior Samples:  95%|█████████▌| 1426/1500 [01:40<00:01, 52.42step/s]
[Origin 5/13] 🎲 Drawing Posterior Samples:  95%|█████████▌| 1432/1500 [01:40<00:01, 52.37step/s]
[Origin 5/13] 🎲 Drawing Posterior Samples:  96%|█████████▌| 1438/1500 [01:40<00:01, 52.35step/s]
[Origin 5/13] 🎲 Drawing Posterior Samples:  96%|█████████▋| 1444/1500 [01:40<00:01, 52.34step/s]
[Origin 5/13] 🎲 Drawing Posterior Samples:  97%|█████████▋| 1450/1500 [01:40<00:00, 52.36step/s]
[Origin 5/13] 🎲 Drawing Posterior Samples:  97%|█████████▋| 1456/1500 [01:40<00:00, 52.33step/s]
[Origin 5/13] 🎲 Drawing Posterior Samples:  97%|█████████▋| 1462/1500 [01:40<00:00, 52.28step/s]
[Origin 5/13] 🎲 Drawing Posterior Samples:  98%|█████████▊| 1468/1500 [01:41<00:01, 21.52step/s]
[Origin 5/13] 🎲 Drawing Posterior Samples:  98%|█████████▊| 1472/1500 [01:42<00:01, 14.28step/s]
[Origin 5/13] 🎲 Drawing Posterior Samples:  98%|█████████▊| 1475/1500 [01:42<00:02, 11.23step/s]
[Origin 5/13] 🎲 Drawing Posterior Samples:  99%|█████████▊| 1478/1500 [01:43<00:02,  9.53step/s]
[Origin 5/13] 🎲 Drawing Posterior Samples:  99%|█████████▊| 1480/1500 [01:43<00:02,  8.65step/s]
[Origin 5/13] 🎲 Drawing Posterior Samples:  99%|█████████▉| 1482/1500 [01:43<00:02,  8.19step/s]
[Origin 5/13] 🎲 Drawing Posterior Samples:  99%|█████████▉| 1484/1500 [01:44<00:02,  7.57step/s]
[Origin 5/13] 🎲 Drawing Posterior Samples:  99%|█████████▉| 1486/1500 [01:44<00:01,  7.31step/s]
[Origin 5/13] 🎲 Drawing Posterior Samples:  99%|█████████▉| 1487/1500 [01:44<00:01,  7.13step/s]
[Origin 5/13] 🎲 Drawing Posterior Samples:  99%|█████████▉| 1488/1500 [01:44<00:01,  6.88step/s]
[Origin 5/13] 🎲 Drawing Posterior Samples:  99%|█████████▉| 1489/1500 [01:44<00:01,  6.48step/s]
[Origin 5/13] 🎲 Drawing Posterior Samples:  99%|█████████▉| 1490/1500 [01:45<00:01,  5.76step/s]
[Origin 5/13] 🎲 Drawing Posterior Samples:  99%|█████████▉| 1491/1500 [01:45<00:01,  5.57step/s]
[Origin 5/13] 🎲 Drawing Posterior Samples:  99%|█████████▉| 1492/1500 [01:45<00:01,  5.33step/s]
[Origin 5/13] 🎲 Drawing Posterior Samples: 100%|█████████▉| 1493/1500 [01:45<00:01,  5.09step/s]
[Origin 5/13] 🎲 Drawing Posterior Samples: 100%|█████████▉| 1494/1500 [01:45<00:01,  5.27step/s]
[Origin 5/13] 🎲 Drawing Posterior Samples: 100%|█████████▉| 1495/1500 [01:46<00:00,  5.29step/s]
[Origin 5/13] 🎲 Drawing Posterior Samples: 100%|█████████▉| 1496/1500 [01:46<00:00,  5.20step/s]
[Origin 5/13] 🎲 Drawing Posterior Samples: 100%|█████████▉| 1497/1500 [01:46<00:00,  5.12step/s]
[Origin 5/13] 🎲 Drawing Posterior Samples: 100%|█████████▉| 1498/1500 [01:46<00:00,  5.02step/s]
[Origin 5/13] 🎲 Drawing Posterior Samples: 100%|█████████▉| 1499/1500 [01:46<00:00,  5.03step/s]
[Origin 5/13] 🎲 Drawing Posterior Samples: 100%|██████████| 1500/1500 [01:47<00:00,  5.00step/s]
                                                                                                 

[Origin 6/13] 🎲 Drawing Posterior Samples:   0%|          | 0/1504 [00:00<?, ?step/s]
[Origin 6/13] 🎲 Drawing Posterior Samples:   0%|          | 7/1504 [00:00<00:25, 59.66step/s]
[Origin 6/13] 🎲 Drawing Posterior Samples:   1%|          | 13/1504 [00:00<00:26, 55.63step/s]
[Origin 6/13] 🎲 Drawing Posterior Samples:   1%|▏         | 19/1504 [00:00<00:27, 54.35step/s]
[Origin 6/13] 🎲 Drawing Posterior Samples:   2%|▏         | 25/1504 [00:00<00:27, 53.74step/s]
[Origin 6/13] 🎲 Drawing Posterior Samples:   2%|▏         | 31/1504 [00:00<00:27, 53.45step/s]
[Origin 6/13] 🎲 Drawing Posterior Samples:   2%|▏         | 37/1504 [00:00<00:27, 53.24step/s]
[Origin 6/13] 🎲 Drawing Posterior Samples:   3%|▎         | 43/1504 [00:00<00:27, 53.06step/s]
[Origin 6/13] 🎲 Drawing Posterior Samples:   3%|▎         | 49/1504 [00:00<00:27, 53.02step/s]
[Origin 6/13] 🎲 Drawing Posterior Samples:   4%|▎         | 55/1504 [00:01<00:27, 52.93step/s]
[Origin 6/13] 🎲 Drawing Posterior Samples:   4%|▍         | 61/1504 [00:01<00:27, 52.67step/s]
[Origin 6/13] 🎲 Drawing Posterior Samples:   4%|▍         | 67/1504 [00:01<00:27, 52.42step/s]
[Origin 6/13] 🎲 Drawing Posterior Samples:   5%|▍         | 73/1504 [00:01<00:27, 52.31step/s]
[Origin 6/13] 🎲 Drawing Posterior Samples:   5%|▌         | 79/1504 [00:01<00:27, 52.21step/s]
[Origin 6/13] 🎲 Drawing Posterior Samples:   6%|▌         | 85/1504 [00:01<00:27, 52.22step/s]
[Origin 6/13] 🎲 Drawing Posterior Samples:   6%|▌         | 91/1504 [00:01<00:27, 52.32step/s]
[Origin 6/13] 🎲 Drawing Posterior Samples:   6%|▋         | 97/1504 [00:01<00:26, 52.44step/s]
[Origin 6/13] 🎲 Drawing Posterior Samples:   7%|▋         | 103/1504 [00:01<00:26, 52.52step/s]
[Origin 6/13] 🎲 Drawing Posterior Samples:   7%|▋         | 109/1504 [00:02<00:26, 52.56step/s]
[Origin 6/13] 🎲 Drawing Posterior Samples:   8%|▊         | 115/1504 [00:02<00:26, 52.52step/s]
[Origin 6/13] 🎲 Drawing Posterior Samples:   8%|▊         | 121/1504 [00:02<00:26, 52.37step/s]
[Origin 6/13] 🎲 Drawing Posterior Samples:   8%|▊         | 127/1504 [00:02<00:26, 52.35step/s]
[Origin 6/13] 🎲 Drawing Posterior Samples:   9%|▉         | 133/1504 [00:02<00:26, 52.32step/s]
[Origin 6/13] 🎲 Drawing Posterior Samples:   9%|▉         | 139/1504 [00:02<00:26, 52.28step/s]
[Origin 6/13] 🎲 Drawing Posterior Samples:  10%|▉         | 145/1504 [00:02<00:25, 52.30step/s]
[Origin 6/13] 🎲 Drawing Posterior Samples:  10%|█         | 151/1504 [00:02<00:25, 52.35step/s]
[Origin 6/13] 🎲 Drawing Posterior Samples:  10%|█         | 157/1504 [00:02<00:25, 52.43step/s]
[Origin 6/13] 🎲 Drawing Posterior Samples:  11%|█         | 163/1504 [00:03<00:25, 52.47step/s]
[Origin 6/13] 🎲 Drawing Posterior Samples:  11%|█         | 169/1504 [00:03<00:25, 52.51step/s]
[Origin 6/13] 🎲 Drawing Posterior Samples:  12%|█▏        | 175/1504 [00:03<00:25, 52.48step/s]
[Origin 6/13] 🎲 Drawing Posterior Samples:  12%|█▏        | 181/1504 [00:03<00:25, 52.40step/s]
[Origin 6/13] 🎲 Drawing Posterior Samples:  12%|█▏        | 187/1504 [00:03<00:25, 52.34step/s]
[Origin 6/13] 🎲 Drawing Posterior Samples:  13%|█▎        | 193/1504 [00:03<00:25, 52.30step/s]
[Origin 6/13] 🎲 Drawing Posterior Samples:  13%|█▎        | 199/1504 [00:03<00:24, 52.27step/s]
[Origin 6/13] 🎲 Drawing Posterior Samples:  14%|█▎        | 205/1504 [00:03<00:24, 52.26step/s]
[Origin 6/13] 🎲 Drawing Posterior Samples:  14%|█▍        | 211/1504 [00:04<00:24, 52.30step/s]
[Origin 6/13] 🎲 Drawing Posterior Samples:  14%|█▍        | 217/1504 [00:04<00:24, 52.37step/s]
[Origin 6/13] 🎲 Drawing Posterior Samples:  15%|█▍        | 223/1504 [00:04<00:24, 52.51step/s]
[Origin 6/13] 🎲 Drawing Posterior Samples:  15%|█▌        | 229/1504 [00:04<00:24, 52.57step/s]
[Origin 6/13] 🎲 Drawing Posterior Samples:  16%|█▌        | 235/1504 [00:04<00:24, 52.49step/s]
[Origin 6/13] 🎲 Drawing Posterior Samples:  16%|█▌        | 241/1504 [00:04<00:24, 52.44step/s]
[Origin 6/13] 🎲 Drawing Posterior Samples:  16%|█▋        | 247/1504 [00:04<00:23, 52.42step/s]
[Origin 6/13] 🎲 Drawing Posterior Samples:  17%|█▋        | 253/1504 [00:04<00:23, 52.35step/s]
[Origin 6/13] 🎲 Drawing Posterior Samples:  17%|█▋        | 259/1504 [00:04<00:23, 52.32step/s]
[Origin 6/13] 🎲 Drawing Posterior Samples:  18%|█▊        | 265/1504 [00:05<00:23, 52.30step/s]
[Origin 6/13] 🎲 Drawing Posterior Samples:  18%|█▊        | 271/1504 [00:05<00:23, 52.34step/s]
[Origin 6/13] 🎲 Drawing Posterior Samples:  18%|█▊        | 277/1504 [00:05<00:23, 52.37step/s]
[Origin 6/13] 🎲 Drawing Posterior Samples:  19%|█▉        | 283/1504 [00:05<00:23, 52.43step/s]
[Origin 6/13] 🎲 Drawing Posterior Samples:  19%|█▉        | 289/1504 [00:05<00:23, 52.47step/s]
[Origin 6/13] 🎲 Drawing Posterior Samples:  20%|█▉        | 295/1504 [00:05<00:23, 52.53step/s]
[Origin 6/13] 🎲 Drawing Posterior Samples:  20%|██        | 301/1504 [00:05<00:22, 52.47step/s]
[Origin 6/13] 🎲 Drawing Posterior Samples:  20%|██        | 307/1504 [00:05<00:22, 52.40step/s]
[Origin 6/13] 🎲 Drawing Posterior Samples:  21%|██        | 313/1504 [00:05<00:22, 52.34step/s]
[Origin 6/13] 🎲 Drawing Posterior Samples:  21%|██        | 319/1504 [00:06<00:22, 52.38step/s]
[Origin 6/13] 🎲 Drawing Posterior Samples:  22%|██▏       | 325/1504 [00:06<00:22, 52.35step/s]
[Origin 6/13] 🎲 Drawing Posterior Samples:  22%|██▏       | 331/1504 [00:06<00:22, 52.33step/s]
[Origin 6/13] 🎲 Drawing Posterior Samples:  22%|██▏       | 337/1504 [00:06<00:22, 52.33step/s]
[Origin 6/13] 🎲 Drawing Posterior Samples:  23%|██▎       | 343/1504 [00:06<00:45, 25.46step/s]
[Origin 6/13] 🎲 Drawing Posterior Samples:  23%|██▎       | 348/1504 [00:07<01:23, 13.86step/s]
[Origin 6/13] 🎲 Drawing Posterior Samples:  23%|██▎       | 351/1504 [00:08<01:42, 11.22step/s]
[Origin 6/13] 🎲 Drawing Posterior Samples:  24%|██▎       | 354/1504 [00:08<02:00,  9.51step/s]
[Origin 6/13] 🎲 Drawing Posterior Samples:  24%|██▎       | 356/1504 [00:09<02:11,  8.76step/s]
[Origin 6/13] 🎲 Drawing Posterior Samples:  24%|██▍       | 358/1504 [00:09<02:20,  8.18step/s]
[Origin 6/13] 🎲 Drawing Posterior Samples:  24%|██▍       | 360/1504 [00:09<02:31,  7.56step/s]
[Origin 6/13] 🎲 Drawing Posterior Samples:  24%|██▍       | 362/1504 [00:10<02:38,  7.22step/s]
[Origin 6/13] 🎲 Drawing Posterior Samples:  24%|██▍       | 363/1504 [00:10<02:43,  6.99step/s]
[Origin 6/13] 🎲 Drawing Posterior Samples:  24%|██▍       | 364/1504 [00:10<02:48,  6.77step/s]
[Origin 6/13] 🎲 Drawing Posterior Samples:  24%|██▍       | 365/1504 [00:10<02:52,  6.60step/s]
[Origin 6/13] 🎲 Drawing Posterior Samples:  24%|██▍       | 366/1504 [00:10<02:56,  6.46step/s]
[Origin 6/13] 🎲 Drawing Posterior Samples:  24%|██▍       | 367/1504 [00:10<02:58,  6.37step/s]
[Origin 6/13] 🎲 Drawing Posterior Samples:  24%|██▍       | 368/1504 [00:11<03:00,  6.28step/s]
[Origin 6/13] 🎲 Drawing Posterior Samples:  25%|██▍       | 369/1504 [00:11<03:02,  6.20step/s]
[Origin 6/13] 🎲 Drawing Posterior Samples:  25%|██▍       | 370/1504 [00:11<03:05,  6.11step/s]
[Origin 6/13] 🎲 Drawing Posterior Samples:  25%|██▍       | 371/1504 [00:11<03:04,  6.15step/s]
[Origin 6/13] 🎲 Drawing Posterior Samples:  25%|██▍       | 372/1504 [00:11<03:08,  6.02step/s]
[Origin 6/13] 🎲 Drawing Posterior Samples:  25%|██▍       | 373/1504 [00:11<03:10,  5.94step/s]
[Origin 6/13] 🎲 Drawing Posterior Samples:  25%|██▍       | 374/1504 [00:12<03:11,  5.89step/s]
[Origin 6/13] 🎲 Drawing Posterior Samples:  25%|██▍       | 375/1504 [00:12<03:09,  5.94step/s]
[Origin 6/13] 🎲 Drawing Posterior Samples:  25%|██▌       | 376/1504 [00:12<03:08,  6.00step/s]
[Origin 6/13] 🎲 Drawing Posterior Samples:  25%|██▌       | 377/1504 [00:28<1:34:18,  5.02s/step]
[Origin 6/13] 🎲 Drawing Posterior Samples:  25%|██▌       | 383/1504 [00:28<26:39,  1.43s/step]  
[Origin 6/13] 🎲 Drawing Posterior Samples:  26%|██▌       | 389/1504 [00:29<13:15,  1.40step/s]
[Origin 6/13] 🎲 Drawing Posterior Samples:  26%|██▋       | 395/1504 [00:29<07:47,  2.37step/s]
[Origin 6/13] 🎲 Drawing Posterior Samples:  27%|██▋       | 401/1504 [00:29<04:58,  3.69step/s]
[Origin 6/13] 🎲 Drawing Posterior Samples:  27%|██▋       | 407/1504 [00:29<03:20,  5.47step/s]
[Origin 6/13] 🎲 Drawing Posterior Samples:  27%|██▋       | 413/1504 [00:29<02:20,  7.79step/s]
[Origin 6/13] 🎲 Drawing Posterior Samples:  28%|██▊       | 419/1504 [00:29<01:41, 10.73step/s]
[Origin 6/13] 🎲 Drawing Posterior Samples:  28%|██▊       | 425/1504 [00:29<01:15, 14.33step/s]
[Origin 6/13] 🎲 Drawing Posterior Samples:  29%|██▊       | 431/1504 [00:29<00:57, 18.50step/s]
[Origin 6/13] 🎲 Drawing Posterior Samples:  29%|██▉       | 437/1504 [00:29<00:46, 23.07step/s]
[Origin 6/13] 🎲 Drawing Posterior Samples:  29%|██▉       | 443/1504 [00:30<00:38, 27.77step/s]
[Origin 6/13] 🎲 Drawing Posterior Samples:  30%|██▉       | 449/1504 [00:30<00:32, 32.33step/s]
[Origin 6/13] 🎲 Drawing Posterior Samples:  30%|███       | 455/1504 [00:30<00:28, 36.49step/s]
[Origin 6/13] 🎲 Drawing Posterior Samples:  31%|███       | 461/1504 [00:30<00:25, 40.14step/s]
[Origin 6/13] 🎲 Drawing Posterior Samples:  31%|███       | 467/1504 [00:30<00:24, 43.19step/s]
[Origin 6/13] 🎲 Drawing Posterior Samples:  31%|███▏      | 473/1504 [00:30<00:22, 45.55step/s]
[Origin 6/13] 🎲 Drawing Posterior Samples:  32%|███▏      | 479/1504 [00:30<00:21, 47.44step/s]
[Origin 6/13] 🎲 Drawing Posterior Samples:  32%|███▏      | 485/1504 [00:30<00:20, 48.90step/s]
[Origin 6/13] 🎲 Drawing Posterior Samples:  33%|███▎      | 491/1504 [00:31<00:20, 49.94step/s]
[Origin 6/13] 🎲 Drawing Posterior Samples:  33%|███▎      | 497/1504 [00:31<00:19, 50.66step/s]
[Origin 6/13] 🎲 Drawing Posterior Samples:  33%|███▎      | 503/1504 [00:31<00:19, 51.13step/s]
[Origin 6/13] 🎲 Drawing Posterior Samples:  34%|███▍      | 509/1504 [00:31<00:19, 51.45step/s]
[Origin 6/13] 🎲 Drawing Posterior Samples:  34%|███▍      | 515/1504 [00:31<00:19, 51.62step/s]
[Origin 6/13] 🎲 Drawing Posterior Samples:  35%|███▍      | 521/1504 [00:31<00:19, 51.73step/s]
[Origin 6/13] 🎲 Drawing Posterior Samples:  35%|███▌      | 527/1504 [00:31<00:18, 51.81step/s]
[Origin 6/13] 🎲 Drawing Posterior Samples:  35%|███▌      | 533/1504 [00:31<00:18, 52.00step/s]
[Origin 6/13] 🎲 Drawing Posterior Samples:  36%|███▌      | 539/1504 [00:31<00:18, 52.18step/s]
[Origin 6/13] 🎲 Drawing Posterior Samples:  36%|███▌      | 545/1504 [00:32<00:18, 52.26step/s]
[Origin 6/13] 🎲 Drawing Posterior Samples:  37%|███▋      | 551/1504 [00:32<00:18, 52.44step/s]
[Origin 6/13] 🎲 Drawing Posterior Samples:  37%|███▋      | 557/1504 [00:32<00:18, 52.45step/s]
[Origin 6/13] 🎲 Drawing Posterior Samples:  37%|███▋      | 563/1504 [00:32<00:17, 52.33step/s]
[Origin 6/13] 🎲 Drawing Posterior Samples:  38%|███▊      | 569/1504 [00:32<00:17, 52.26step/s]
[Origin 6/13] 🎲 Drawing Posterior Samples:  38%|███▊      | 575/1504 [00:32<00:17, 52.18step/s]
[Origin 6/13] 🎲 Drawing Posterior Samples:  39%|███▊      | 581/1504 [00:32<00:17, 52.22step/s]
[Origin 6/13] 🎲 Drawing Posterior Samples:  39%|███▉      | 587/1504 [00:32<00:17, 52.23step/s]
[Origin 6/13] 🎲 Drawing Posterior Samples:  39%|███▉      | 593/1504 [00:32<00:17, 52.26step/s]
[Origin 6/13] 🎲 Drawing Posterior Samples:  40%|███▉      | 599/1504 [00:33<00:17, 52.32step/s]
[Origin 6/13] 🎲 Drawing Posterior Samples:  40%|████      | 605/1504 [00:33<00:17, 52.41step/s]
[Origin 6/13] 🎲 Drawing Posterior Samples:  41%|████      | 611/1504 [00:33<00:17, 52.44step/s]
[Origin 6/13] 🎲 Drawing Posterior Samples:  41%|████      | 617/1504 [00:33<00:16, 52.42step/s]
[Origin 6/13] 🎲 Drawing Posterior Samples:  41%|████▏     | 623/1504 [00:33<00:16, 52.43step/s]
[Origin 6/13] 🎲 Drawing Posterior Samples:  42%|████▏     | 629/1504 [00:33<00:16, 52.35step/s]
[Origin 6/13] 🎲 Drawing Posterior Samples:  42%|████▏     | 635/1504 [00:33<00:16, 52.34step/s]
[Origin 6/13] 🎲 Drawing Posterior Samples:  43%|████▎     | 641/1504 [00:33<00:16, 52.33step/s]
[Origin 6/13] 🎲 Drawing Posterior Samples:  43%|████▎     | 647/1504 [00:33<00:16, 52.33step/s]
[Origin 6/13] 🎲 Drawing Posterior Samples:  43%|████▎     | 653/1504 [00:34<00:16, 52.30step/s]
[Origin 6/13] 🎲 Drawing Posterior Samples:  44%|████▍     | 659/1504 [00:34<00:16, 52.35step/s]
[Origin 6/13] 🎲 Drawing Posterior Samples:  44%|████▍     | 665/1504 [00:34<00:15, 52.46step/s]
[Origin 6/13] 🎲 Drawing Posterior Samples:  45%|████▍     | 671/1504 [00:34<00:15, 52.45step/s]
[Origin 6/13] 🎲 Drawing Posterior Samples:  45%|████▌     | 677/1504 [00:34<00:15, 52.47step/s]
[Origin 6/13] 🎲 Drawing Posterior Samples:  45%|████▌     | 683/1504 [00:34<00:15, 52.44step/s]
[Origin 6/13] 🎲 Drawing Posterior Samples:  46%|████▌     | 689/1504 [00:34<00:15, 52.38step/s]
[Origin 6/13] 🎲 Drawing Posterior Samples:  46%|████▌     | 695/1504 [00:34<00:15, 52.34step/s]
[Origin 6/13] 🎲 Drawing Posterior Samples:  47%|████▋     | 701/1504 [00:35<00:15, 52.30step/s]
[Origin 6/13] 🎲 Drawing Posterior Samples:  47%|████▋     | 707/1504 [00:35<00:15, 52.32step/s]
[Origin 6/13] 🎲 Drawing Posterior Samples:  47%|████▋     | 713/1504 [00:35<00:15, 52.33step/s]
[Origin 6/13] 🎲 Drawing Posterior Samples:  48%|████▊     | 719/1504 [00:35<00:36, 21.34step/s]
[Origin 6/13] 🎲 Drawing Posterior Samples:  48%|████▊     | 723/1504 [00:36<01:03, 12.30step/s]
[Origin 6/13] 🎲 Drawing Posterior Samples:  48%|████▊     | 726/1504 [00:37<01:22,  9.38step/s]
[Origin 6/13] 🎲 Drawing Posterior Samples:  48%|████▊     | 729/1504 [00:38<01:40,  7.73step/s]
[Origin 6/13] 🎲 Drawing Posterior Samples:  49%|████▊     | 731/1504 [00:38<01:49,  7.07step/s]
[Origin 6/13] 🎲 Drawing Posterior Samples:  49%|████▊     | 733/1504 [00:38<02:02,  6.32step/s]
[Origin 6/13] 🎲 Drawing Posterior Samples:  49%|████▉     | 735/1504 [00:39<02:15,  5.68step/s]
[Origin 6/13] 🎲 Drawing Posterior Samples:  49%|████▉     | 736/1504 [00:39<02:21,  5.44step/s]
[Origin 6/13] 🎲 Drawing Posterior Samples:  49%|████▉     | 737/1504 [00:39<02:27,  5.18step/s]
[Origin 6/13] 🎲 Drawing Posterior Samples:  49%|████▉     | 738/1504 [00:40<02:34,  4.94step/s]
[Origin 6/13] 🎲 Drawing Posterior Samples:  49%|████▉     | 739/1504 [00:40<02:42,  4.72step/s]
[Origin 6/13] 🎲 Drawing Posterior Samples:  49%|████▉     | 740/1504 [00:40<02:50,  4.48step/s]
[Origin 6/13] 🎲 Drawing Posterior Samples:  49%|████▉     | 741/1504 [00:40<02:57,  4.29step/s]
[Origin 6/13] 🎲 Drawing Posterior Samples:  49%|████▉     | 742/1504 [00:41<02:56,  4.31step/s]
[Origin 6/13] 🎲 Drawing Posterior Samples:  49%|████▉     | 743/1504 [00:41<03:02,  4.16step/s]
[Origin 6/13] 🎲 Drawing Posterior Samples:  49%|████▉     | 744/1504 [00:41<03:06,  4.08step/s]
[Origin 6/13] 🎲 Drawing Posterior Samples:  50%|████▉     | 745/1504 [00:41<03:04,  4.11step/s]
[Origin 6/13] 🎲 Drawing Posterior Samples:  50%|████▉     | 746/1504 [00:42<03:11,  3.96step/s]
[Origin 6/13] 🎲 Drawing Posterior Samples:  50%|████▉     | 747/1504 [00:42<03:08,  4.03step/s]
[Origin 6/13] 🎲 Drawing Posterior Samples:  50%|████▉     | 748/1504 [00:42<02:58,  4.24step/s]
[Origin 6/13] 🎲 Drawing Posterior Samples:  50%|████▉     | 749/1504 [00:42<02:53,  4.35step/s]
[Origin 6/13] 🎲 Drawing Posterior Samples:  50%|████▉     | 750/1504 [00:43<03:11,  3.93step/s]
[Origin 6/13] 🎲 Drawing Posterior Samples:  50%|████▉     | 751/1504 [00:43<02:58,  4.23step/s]
[Origin 6/13] 🎲 Drawing Posterior Samples:  50%|█████     | 752/1504 [00:43<02:49,  4.45step/s]
[Origin 6/13] 🎲 Drawing Posterior Samples:  50%|█████     | 753/1504 [01:00<1:04:04,  5.12s/step]
[Origin 6/13] 🎲 Drawing Posterior Samples:  50%|█████     | 759/1504 [01:00<18:00,  1.45s/step]  
[Origin 6/13] 🎲 Drawing Posterior Samples:  51%|█████     | 768/1504 [01:00<07:05,  1.73step/s]
[Origin 6/13] 🎲 Drawing Posterior Samples:  52%|█████▏    | 776/1504 [01:00<04:01,  3.01step/s]
[Origin 6/13] 🎲 Drawing Posterior Samples:  52%|█████▏    | 783/1504 [01:00<02:38,  4.54step/s]
[Origin 6/13] 🎲 Drawing Posterior Samples:  53%|█████▎    | 790/1504 [01:00<01:48,  6.60step/s]
[Origin 6/13] 🎲 Drawing Posterior Samples:  53%|█████▎    | 797/1504 [01:00<01:15,  9.33step/s]
[Origin 6/13] 🎲 Drawing Posterior Samples:  53%|█████▎    | 804/1504 [01:00<00:54, 12.78step/s]
[Origin 6/13] 🎲 Drawing Posterior Samples:  54%|█████▍    | 811/1504 [01:00<00:41, 16.56step/s]
[Origin 6/13] 🎲 Drawing Posterior Samples:  54%|█████▍    | 817/1504 [01:01<00:33, 20.35step/s]
[Origin 6/13] 🎲 Drawing Posterior Samples:  55%|█████▍    | 823/1504 [01:01<00:27, 24.56step/s]
[Origin 6/13] 🎲 Drawing Posterior Samples:  55%|█████▌    | 829/1504 [01:01<00:23, 28.94step/s]
[Origin 6/13] 🎲 Drawing Posterior Samples:  56%|█████▌    | 835/1504 [01:01<00:20, 33.29step/s]
[Origin 6/13] 🎲 Drawing Posterior Samples:  56%|█████▌    | 841/1504 [01:01<00:17, 37.34step/s]
[Origin 6/13] 🎲 Drawing Posterior Samples:  56%|█████▋    | 847/1504 [01:01<00:16, 40.85step/s]
[Origin 6/13] 🎲 Drawing Posterior Samples:  57%|█████▋    | 853/1504 [01:01<00:14, 43.79step/s]
[Origin 6/13] 🎲 Drawing Posterior Samples:  57%|█████▋    | 859/1504 [01:01<00:13, 46.10step/s]
[Origin 6/13] 🎲 Drawing Posterior Samples:  58%|█████▊    | 865/1504 [01:01<00:13, 47.77step/s]
[Origin 6/13] 🎲 Drawing Posterior Samples:  58%|█████▊    | 871/1504 [01:02<00:12, 48.91step/s]
[Origin 6/13] 🎲 Drawing Posterior Samples:  58%|█████▊    | 877/1504 [01:02<00:12, 49.73step/s]
[Origin 6/13] 🎲 Drawing Posterior Samples:  59%|█████▊    | 883/1504 [01:02<00:12, 50.29step/s]
[Origin 6/13] 🎲 Drawing Posterior Samples:  59%|█████▉    | 889/1504 [01:02<00:12, 50.74step/s]
[Origin 6/13] 🎲 Drawing Posterior Samples:  60%|█████▉    | 895/1504 [01:02<00:11, 51.17step/s]
[Origin 6/13] 🎲 Drawing Posterior Samples:  60%|█████▉    | 901/1504 [01:02<00:11, 51.57step/s]
[Origin 6/13] 🎲 Drawing Posterior Samples:  60%|██████    | 907/1504 [01:02<00:11, 51.91step/s]
[Origin 6/13] 🎲 Drawing Posterior Samples:  61%|██████    | 913/1504 [01:02<00:11, 52.18step/s]
[Origin 6/13] 🎲 Drawing Posterior Samples:  61%|██████    | 919/1504 [01:03<00:11, 52.27step/s]
[Origin 6/13] 🎲 Drawing Posterior Samples:  62%|██████▏   | 925/1504 [01:03<00:11, 52.31step/s]
[Origin 6/13] 🎲 Drawing Posterior Samples:  62%|██████▏   | 931/1504 [01:03<00:10, 52.25step/s]
[Origin 6/13] 🎲 Drawing Posterior Samples:  62%|██████▏   | 937/1504 [01:03<00:10, 52.19step/s]
[Origin 6/13] 🎲 Drawing Posterior Samples:  63%|██████▎   | 943/1504 [01:03<00:10, 52.09step/s]
[Origin 6/13] 🎲 Drawing Posterior Samples:  63%|██████▎   | 949/1504 [01:03<00:10, 52.03step/s]
[Origin 6/13] 🎲 Drawing Posterior Samples:  63%|██████▎   | 955/1504 [01:03<00:10, 52.10step/s]
[Origin 6/13] 🎲 Drawing Posterior Samples:  64%|██████▍   | 961/1504 [01:03<00:10, 52.19step/s]
[Origin 6/13] 🎲 Drawing Posterior Samples:  64%|██████▍   | 967/1504 [01:03<00:10, 52.32step/s]
[Origin 6/13] 🎲 Drawing Posterior Samples:  65%|██████▍   | 973/1504 [01:04<00:10, 52.43step/s]
[Origin 6/13] 🎲 Drawing Posterior Samples:  65%|██████▌   | 979/1504 [01:04<00:09, 52.51step/s]
[Origin 6/13] 🎲 Drawing Posterior Samples:  65%|██████▌   | 985/1504 [01:04<00:09, 52.46step/s]
[Origin 6/13] 🎲 Drawing Posterior Samples:  66%|██████▌   | 991/1504 [01:04<00:09, 52.38step/s]
[Origin 6/13] 🎲 Drawing Posterior Samples:  66%|██████▋   | 997/1504 [01:04<00:09, 52.37step/s]
[Origin 6/13] 🎲 Drawing Posterior Samples:  67%|██████▋   | 1003/1504 [01:04<00:09, 52.33step/s]
[Origin 6/13] 🎲 Drawing Posterior Samples:  67%|██████▋   | 1009/1504 [01:04<00:09, 52.30step/s]
[Origin 6/13] 🎲 Drawing Posterior Samples:  67%|██████▋   | 1015/1504 [01:04<00:09, 52.30step/s]
[Origin 6/13] 🎲 Drawing Posterior Samples:  68%|██████▊   | 1021/1504 [01:04<00:09, 52.37step/s]
[Origin 6/13] 🎲 Drawing Posterior Samples:  68%|██████▊   | 1027/1504 [01:05<00:09, 52.41step/s]
[Origin 6/13] 🎲 Drawing Posterior Samples:  69%|██████▊   | 1033/1504 [01:05<00:08, 52.43step/s]
[Origin 6/13] 🎲 Drawing Posterior Samples:  69%|██████▉   | 1039/1504 [01:05<00:08, 52.49step/s]
[Origin 6/13] 🎲 Drawing Posterior Samples:  69%|██████▉   | 1045/1504 [01:05<00:08, 52.43step/s]
[Origin 6/13] 🎲 Drawing Posterior Samples:  70%|██████▉   | 1051/1504 [01:05<00:08, 52.37step/s]
[Origin 6/13] 🎲 Drawing Posterior Samples:  70%|███████   | 1057/1504 [01:05<00:08, 52.35step/s]
[Origin 6/13] 🎲 Drawing Posterior Samples:  71%|███████   | 1063/1504 [01:05<00:08, 52.33step/s]
[Origin 6/13] 🎲 Drawing Posterior Samples:  71%|███████   | 1069/1504 [01:05<00:08, 52.34step/s]
[Origin 6/13] 🎲 Drawing Posterior Samples:  71%|███████▏  | 1075/1504 [01:05<00:08, 52.30step/s]
[Origin 6/13] 🎲 Drawing Posterior Samples:  72%|███████▏  | 1081/1504 [01:06<00:08, 52.31step/s]
[Origin 6/13] 🎲 Drawing Posterior Samples:  72%|███████▏  | 1087/1504 [01:06<00:07, 52.34step/s]
[Origin 6/13] 🎲 Drawing Posterior Samples:  73%|███████▎  | 1093/1504 [01:06<00:11, 36.76step/s]
[Origin 6/13] 🎲 Drawing Posterior Samples:  73%|███████▎  | 1098/1504 [01:07<00:30, 13.50step/s]
[Origin 6/13] 🎲 Drawing Posterior Samples:  73%|███████▎  | 1102/1504 [01:08<00:44,  9.11step/s]
[Origin 6/13] 🎲 Drawing Posterior Samples:  73%|███████▎  | 1105/1504 [01:09<00:52,  7.64step/s]
[Origin 6/13] 🎲 Drawing Posterior Samples:  74%|███████▎  | 1107/1504 [01:09<00:56,  7.00step/s]
[Origin 6/13] 🎲 Drawing Posterior Samples:  74%|███████▎  | 1109/1504 [01:09<01:00,  6.57step/s]
[Origin 6/13] 🎲 Drawing Posterior Samples:  74%|███████▍  | 1111/1504 [01:10<01:06,  5.95step/s]
[Origin 6/13] 🎲 Drawing Posterior Samples:  74%|███████▍  | 1112/1504 [01:10<01:08,  5.72step/s]
[Origin 6/13] 🎲 Drawing Posterior Samples:  74%|███████▍  | 1113/1504 [01:10<01:13,  5.30step/s]
[Origin 6/13] 🎲 Drawing Posterior Samples:  74%|███████▍  | 1114/1504 [01:11<01:17,  5.04step/s]
[Origin 6/13] 🎲 Drawing Posterior Samples:  74%|███████▍  | 1115/1504 [01:11<01:21,  4.78step/s]
[Origin 6/13] 🎲 Drawing Posterior Samples:  74%|███████▍  | 1116/1504 [01:11<01:23,  4.64step/s]
[Origin 6/13] 🎲 Drawing Posterior Samples:  74%|███████▍  | 1117/1504 [01:11<01:25,  4.55step/s]
[Origin 6/13] 🎲 Drawing Posterior Samples:  74%|███████▍  | 1118/1504 [01:12<01:27,  4.43step/s]
[Origin 6/13] 🎲 Drawing Posterior Samples:  74%|███████▍  | 1119/1504 [01:12<01:28,  4.33step/s]
[Origin 6/13] 🎲 Drawing Posterior Samples:  74%|███████▍  | 1120/1504 [01:12<01:28,  4.32step/s]
[Origin 6/13] 🎲 Drawing Posterior Samples:  75%|███████▍  | 1121/1504 [01:12<01:30,  4.23step/s]
[Origin 6/13] 🎲 Drawing Posterior Samples:  75%|███████▍  | 1122/1504 [01:12<01:31,  4.18step/s]
[Origin 6/13] 🎲 Drawing Posterior Samples:  75%|███████▍  | 1123/1504 [01:13<01:34,  4.04step/s]
[Origin 6/13] 🎲 Drawing Posterior Samples:  75%|███████▍  | 1124/1504 [01:13<01:33,  4.08step/s]
[Origin 6/13] 🎲 Drawing Posterior Samples:  75%|███████▍  | 1125/1504 [01:13<01:33,  4.06step/s]
[Origin 6/13] 🎲 Drawing Posterior Samples:  75%|███████▍  | 1126/1504 [01:14<01:35,  3.94step/s]
[Origin 6/13] 🎲 Drawing Posterior Samples:  75%|███████▍  | 1127/1504 [01:14<01:35,  3.97step/s]
[Origin 6/13] 🎲 Drawing Posterior Samples:  75%|███████▌  | 1128/1504 [01:14<01:35,  3.95step/s]
[Origin 6/13] 🎲 Drawing Posterior Samples:  75%|███████▌  | 1129/1504 [01:30<30:50,  4.93s/step]
[Origin 6/13] 🎲 Drawing Posterior Samples:  75%|███████▌  | 1135/1504 [01:30<08:35,  1.40s/step]
[Origin 6/13] 🎲 Drawing Posterior Samples:  76%|███████▌  | 1144/1504 [01:30<03:20,  1.79step/s]
[Origin 6/13] 🎲 Drawing Posterior Samples:  77%|███████▋  | 1152/1504 [01:30<01:52,  3.12step/s]
[Origin 6/13] 🎲 Drawing Posterior Samples:  77%|███████▋  | 1159/1504 [01:30<01:13,  4.70step/s]
[Origin 6/13] 🎲 Drawing Posterior Samples:  78%|███████▊  | 1166/1504 [01:30<00:49,  6.83step/s]
[Origin 6/13] 🎲 Drawing Posterior Samples:  78%|███████▊  | 1173/1504 [01:31<00:34,  9.62step/s]
[Origin 6/13] 🎲 Drawing Posterior Samples:  78%|███████▊  | 1180/1504 [01:31<00:24, 13.16step/s]
[Origin 6/13] 🎲 Drawing Posterior Samples:  79%|███████▉  | 1187/1504 [01:31<00:18, 16.98step/s]
[Origin 6/13] 🎲 Drawing Posterior Samples:  79%|███████▉  | 1193/1504 [01:31<00:14, 20.79step/s]
[Origin 6/13] 🎲 Drawing Posterior Samples:  80%|███████▉  | 1199/1504 [01:31<00:12, 25.00step/s]
[Origin 6/13] 🎲 Drawing Posterior Samples:  80%|████████  | 1205/1504 [01:31<00:10, 29.38step/s]
[Origin 6/13] 🎲 Drawing Posterior Samples:  81%|████████  | 1211/1504 [01:31<00:08, 33.69step/s]
[Origin 6/13] 🎲 Drawing Posterior Samples:  81%|████████  | 1217/1504 [01:31<00:07, 37.67step/s]
[Origin 6/13] 🎲 Drawing Posterior Samples:  81%|████████▏ | 1223/1504 [01:32<00:06, 41.13step/s]
[Origin 6/13] 🎲 Drawing Posterior Samples:  82%|████████▏ | 1229/1504 [01:32<00:06, 44.00step/s]
[Origin 6/13] 🎲 Drawing Posterior Samples:  82%|████████▏ | 1235/1504 [01:32<00:05, 46.23step/s]
[Origin 6/13] 🎲 Drawing Posterior Samples:  83%|████████▎ | 1241/1504 [01:32<00:05, 47.96step/s]
[Origin 6/13] 🎲 Drawing Posterior Samples:  83%|████████▎ | 1247/1504 [01:32<00:05, 49.13step/s]
[Origin 6/13] 🎲 Drawing Posterior Samples:  83%|████████▎ | 1253/1504 [01:32<00:05, 49.93step/s]
[Origin 6/13] 🎲 Drawing Posterior Samples:  84%|████████▎ | 1259/1504 [01:32<00:04, 50.45step/s]
[Origin 6/13] 🎲 Drawing Posterior Samples:  84%|████████▍ | 1265/1504 [01:32<00:04, 50.81step/s]
[Origin 6/13] 🎲 Drawing Posterior Samples:  85%|████████▍ | 1271/1504 [01:32<00:04, 51.16step/s]
[Origin 6/13] 🎲 Drawing Posterior Samples:  85%|████████▍ | 1277/1504 [01:33<00:04, 51.52step/s]
[Origin 6/13] 🎲 Drawing Posterior Samples:  85%|████████▌ | 1283/1504 [01:33<00:04, 51.84step/s]
[Origin 6/13] 🎲 Drawing Posterior Samples:  86%|████████▌ | 1289/1504 [01:33<00:04, 52.15step/s]
[Origin 6/13] 🎲 Drawing Posterior Samples:  86%|████████▌ | 1295/1504 [01:33<00:03, 52.29step/s]
[Origin 6/13] 🎲 Drawing Posterior Samples:  87%|████████▋ | 1301/1504 [01:33<00:03, 52.29step/s]
[Origin 6/13] 🎲 Drawing Posterior Samples:  87%|████████▋ | 1307/1504 [01:33<00:03, 52.25step/s]
[Origin 6/13] 🎲 Drawing Posterior Samples:  87%|████████▋ | 1313/1504 [01:33<00:03, 52.26step/s]
[Origin 6/13] 🎲 Drawing Posterior Samples:  88%|████████▊ | 1319/1504 [01:33<00:03, 52.18step/s]
[Origin 6/13] 🎲 Drawing Posterior Samples:  88%|████████▊ | 1325/1504 [01:33<00:03, 52.11step/s]
[Origin 6/13] 🎲 Drawing Posterior Samples:  88%|████████▊ | 1331/1504 [01:34<00:03, 52.05step/s]
[Origin 6/13] 🎲 Drawing Posterior Samples:  89%|████████▉ | 1337/1504 [01:34<00:03, 51.99step/s]
[Origin 6/13] 🎲 Drawing Posterior Samples:  89%|████████▉ | 1343/1504 [01:34<00:03, 51.94step/s]
[Origin 6/13] 🎲 Drawing Posterior Samples:  90%|████████▉ | 1349/1504 [01:34<00:02, 52.09step/s]
[Origin 6/13] 🎲 Drawing Posterior Samples:  90%|█████████ | 1355/1504 [01:34<00:02, 52.29step/s]
[Origin 6/13] 🎲 Drawing Posterior Samples:  90%|█████████ | 1361/1504 [01:34<00:02, 52.27step/s]
[Origin 6/13] 🎲 Drawing Posterior Samples:  91%|█████████ | 1367/1504 [01:34<00:02, 52.27step/s]
[Origin 6/13] 🎲 Drawing Posterior Samples:  91%|█████████▏| 1373/1504 [01:34<00:02, 52.27step/s]
[Origin 6/13] 🎲 Drawing Posterior Samples:  92%|█████████▏| 1379/1504 [01:35<00:02, 52.26step/s]
[Origin 6/13] 🎲 Drawing Posterior Samples:  92%|█████████▏| 1385/1504 [01:35<00:02, 52.25step/s]
[Origin 6/13] 🎲 Drawing Posterior Samples:  92%|█████████▏| 1391/1504 [01:35<00:02, 52.22step/s]
[Origin 6/13] 🎲 Drawing Posterior Samples:  93%|█████████▎| 1397/1504 [01:35<00:02, 52.28step/s]
[Origin 6/13] 🎲 Drawing Posterior Samples:  93%|█████████▎| 1403/1504 [01:35<00:01, 52.33step/s]
[Origin 6/13] 🎲 Drawing Posterior Samples:  94%|█████████▎| 1409/1504 [01:35<00:01, 52.40step/s]
[Origin 6/13] 🎲 Drawing Posterior Samples:  94%|█████████▍| 1415/1504 [01:35<00:01, 52.44step/s]
[Origin 6/13] 🎲 Drawing Posterior Samples:  94%|█████████▍| 1421/1504 [01:35<00:01, 52.43step/s]
[Origin 6/13] 🎲 Drawing Posterior Samples:  95%|█████████▍| 1427/1504 [01:35<00:01, 52.42step/s]
[Origin 6/13] 🎲 Drawing Posterior Samples:  95%|█████████▌| 1433/1504 [01:36<00:01, 52.39step/s]
[Origin 6/13] 🎲 Drawing Posterior Samples:  96%|█████████▌| 1439/1504 [01:36<00:01, 52.39step/s]
[Origin 6/13] 🎲 Drawing Posterior Samples:  96%|█████████▌| 1445/1504 [01:36<00:01, 52.23step/s]
[Origin 6/13] 🎲 Drawing Posterior Samples:  96%|█████████▋| 1451/1504 [01:36<00:01, 52.22step/s]
[Origin 6/13] 🎲 Drawing Posterior Samples:  97%|█████████▋| 1457/1504 [01:36<00:00, 52.28step/s]
[Origin 6/13] 🎲 Drawing Posterior Samples:  97%|█████████▋| 1463/1504 [01:36<00:00, 52.30step/s]
[Origin 6/13] 🎲 Drawing Posterior Samples:  98%|█████████▊| 1469/1504 [01:36<00:00, 35.07step/s]
[Origin 6/13] 🎲 Drawing Posterior Samples:  98%|█████████▊| 1474/1504 [01:37<00:02, 13.41step/s]
[Origin 6/13] 🎲 Drawing Posterior Samples:  98%|█████████▊| 1478/1504 [01:38<00:02,  9.03step/s]
[Origin 6/13] 🎲 Drawing Posterior Samples:  98%|█████████▊| 1481/1504 [01:39<00:03,  7.29step/s]
[Origin 6/13] 🎲 Drawing Posterior Samples:  99%|█████████▊| 1483/1504 [01:40<00:03,  6.49step/s]
[Origin 6/13] 🎲 Drawing Posterior Samples:  99%|█████████▊| 1485/1504 [01:40<00:03,  5.87step/s]
[Origin 6/13] 🎲 Drawing Posterior Samples:  99%|█████████▉| 1487/1504 [01:41<00:03,  5.44step/s]
[Origin 6/13] 🎲 Drawing Posterior Samples:  99%|█████████▉| 1488/1504 [01:41<00:03,  5.29step/s]
[Origin 6/13] 🎲 Drawing Posterior Samples:  99%|█████████▉| 1489/1504 [01:41<00:02,  5.25step/s]
[Origin 6/13] 🎲 Drawing Posterior Samples:  99%|█████████▉| 1490/1504 [01:41<00:02,  4.82step/s]
[Origin 6/13] 🎲 Drawing Posterior Samples:  99%|█████████▉| 1491/1504 [01:41<00:02,  4.84step/s]
[Origin 6/13] 🎲 Drawing Posterior Samples:  99%|█████████▉| 1492/1504 [01:42<00:02,  4.60step/s]
[Origin 6/13] 🎲 Drawing Posterior Samples:  99%|█████████▉| 1493/1504 [01:42<00:02,  4.46step/s]
[Origin 6/13] 🎲 Drawing Posterior Samples:  99%|█████████▉| 1494/1504 [01:42<00:02,  4.75step/s]
[Origin 6/13] 🎲 Drawing Posterior Samples:  99%|█████████▉| 1495/1504 [01:42<00:01,  4.91step/s]
[Origin 6/13] 🎲 Drawing Posterior Samples:  99%|█████████▉| 1496/1504 [01:42<00:01,  5.02step/s]
[Origin 6/13] 🎲 Drawing Posterior Samples: 100%|█████████▉| 1497/1504 [01:43<00:01,  5.18step/s]
[Origin 6/13] 🎲 Drawing Posterior Samples: 100%|█████████▉| 1498/1504 [01:43<00:01,  5.20step/s]
[Origin 6/13] 🎲 Drawing Posterior Samples: 100%|█████████▉| 1499/1504 [01:43<00:00,  5.02step/s]
[Origin 6/13] 🎲 Drawing Posterior Samples: 100%|█████████▉| 1500/1504 [01:43<00:00,  5.12step/s]
[Origin 6/13] 🎲 Drawing Posterior Samples: 100%|█████████▉| 1501/1504 [01:43<00:00,  5.01step/s]
[Origin 6/13] 🎲 Drawing Posterior Samples: 100%|█████████▉| 1502/1504 [01:44<00:00,  4.96step/s]
[Origin 6/13] 🎲 Drawing Posterior Samples: 100%|█████████▉| 1503/1504 [01:44<00:00,  5.06step/s]
[Origin 6/13] 🎲 Drawing Posterior Samples: 100%|██████████| 1504/1504 [01:44<00:00,  4.98step/s]
                                                                                                 

[Origin 7/13] 🎲 Drawing Posterior Samples:   0%|          | 0/1508 [00:00<?, ?step/s]
[Origin 7/13] 🎲 Drawing Posterior Samples:   0%|          | 7/1508 [00:00<00:25, 59.03step/s]
[Origin 7/13] 🎲 Drawing Posterior Samples:   1%|          | 13/1508 [00:00<00:26, 55.47step/s]
[Origin 7/13] 🎲 Drawing Posterior Samples:   1%|▏         | 19/1508 [00:00<00:27, 54.24step/s]
[Origin 7/13] 🎲 Drawing Posterior Samples:   2%|▏         | 25/1508 [00:00<00:28, 51.72step/s]
[Origin 7/13] 🎲 Drawing Posterior Samples:   2%|▏         | 31/1508 [00:00<00:28, 52.20step/s]
[Origin 7/13] 🎲 Drawing Posterior Samples:   2%|▏         | 37/1508 [00:00<00:28, 52.39step/s]
[Origin 7/13] 🎲 Drawing Posterior Samples:   3%|▎         | 43/1508 [00:00<00:27, 52.51step/s]
[Origin 7/13] 🎲 Drawing Posterior Samples:   3%|▎         | 49/1508 [00:00<00:27, 52.62step/s]
[Origin 7/13] 🎲 Drawing Posterior Samples:   4%|▎         | 55/1508 [00:01<00:27, 52.59step/s]
[Origin 7/13] 🎲 Drawing Posterior Samples:   4%|▍         | 61/1508 [00:01<00:27, 52.40step/s]
[Origin 7/13] 🎲 Drawing Posterior Samples:   4%|▍         | 67/1508 [00:01<00:27, 52.29step/s]
[Origin 7/13] 🎲 Drawing Posterior Samples:   5%|▍         | 73/1508 [00:01<00:27, 52.20step/s]
[Origin 7/13] 🎲 Drawing Posterior Samples:   5%|▌         | 79/1508 [00:01<00:27, 52.18step/s]
[Origin 7/13] 🎲 Drawing Posterior Samples:   6%|▌         | 85/1508 [00:01<00:27, 52.18step/s]
[Origin 7/13] 🎲 Drawing Posterior Samples:   6%|▌         | 91/1508 [00:01<00:27, 52.26step/s]
[Origin 7/13] 🎲 Drawing Posterior Samples:   6%|▋         | 97/1508 [00:01<00:26, 52.38step/s]
[Origin 7/13] 🎲 Drawing Posterior Samples:   7%|▋         | 103/1508 [00:01<00:26, 52.47step/s]
[Origin 7/13] 🎲 Drawing Posterior Samples:   7%|▋         | 109/1508 [00:02<00:26, 52.59step/s]
[Origin 7/13] 🎲 Drawing Posterior Samples:   8%|▊         | 115/1508 [00:02<00:26, 52.62step/s]
[Origin 7/13] 🎲 Drawing Posterior Samples:   8%|▊         | 121/1508 [00:02<00:26, 52.60step/s]
[Origin 7/13] 🎲 Drawing Posterior Samples:   8%|▊         | 127/1508 [00:02<00:26, 52.48step/s]
[Origin 7/13] 🎲 Drawing Posterior Samples:   9%|▉         | 133/1508 [00:02<00:26, 52.41step/s]
[Origin 7/13] 🎲 Drawing Posterior Samples:   9%|▉         | 139/1508 [00:02<00:26, 52.41step/s]
[Origin 7/13] 🎲 Drawing Posterior Samples:  10%|▉         | 145/1508 [00:02<00:26, 52.37step/s]
[Origin 7/13] 🎲 Drawing Posterior Samples:  10%|█         | 151/1508 [00:02<00:25, 52.39step/s]
[Origin 7/13] 🎲 Drawing Posterior Samples:  10%|█         | 157/1508 [00:02<00:25, 52.41step/s]
[Origin 7/13] 🎲 Drawing Posterior Samples:  11%|█         | 163/1508 [00:03<00:25, 52.54step/s]
[Origin 7/13] 🎲 Drawing Posterior Samples:  11%|█         | 169/1508 [00:03<00:25, 52.57step/s]
[Origin 7/13] 🎲 Drawing Posterior Samples:  12%|█▏        | 175/1508 [00:03<00:25, 52.57step/s]
[Origin 7/13] 🎲 Drawing Posterior Samples:  12%|█▏        | 181/1508 [00:03<00:25, 52.55step/s]
[Origin 7/13] 🎲 Drawing Posterior Samples:  12%|█▏        | 187/1508 [00:03<00:25, 52.51step/s]
[Origin 7/13] 🎲 Drawing Posterior Samples:  13%|█▎        | 193/1508 [00:03<00:25, 52.42step/s]
[Origin 7/13] 🎲 Drawing Posterior Samples:  13%|█▎        | 199/1508 [00:03<00:24, 52.37step/s]
[Origin 7/13] 🎲 Drawing Posterior Samples:  14%|█▎        | 205/1508 [00:03<00:24, 52.36step/s]
[Origin 7/13] 🎲 Drawing Posterior Samples:  14%|█▍        | 211/1508 [00:04<00:24, 52.36step/s]
[Origin 7/13] 🎲 Drawing Posterior Samples:  14%|█▍        | 217/1508 [00:04<00:24, 52.41step/s]
[Origin 7/13] 🎲 Drawing Posterior Samples:  15%|█▍        | 223/1508 [00:04<00:24, 52.44step/s]
[Origin 7/13] 🎲 Drawing Posterior Samples:  15%|█▌        | 229/1508 [00:04<00:24, 52.46step/s]
[Origin 7/13] 🎲 Drawing Posterior Samples:  16%|█▌        | 235/1508 [00:04<00:24, 52.54step/s]
[Origin 7/13] 🎲 Drawing Posterior Samples:  16%|█▌        | 241/1508 [00:04<00:24, 52.53step/s]
[Origin 7/13] 🎲 Drawing Posterior Samples:  16%|█▋        | 247/1508 [00:04<00:24, 52.49step/s]
[Origin 7/13] 🎲 Drawing Posterior Samples:  17%|█▋        | 253/1508 [00:04<00:23, 52.42step/s]
[Origin 7/13] 🎲 Drawing Posterior Samples:  17%|█▋        | 259/1508 [00:04<00:23, 52.36step/s]
[Origin 7/13] 🎲 Drawing Posterior Samples:  18%|█▊        | 265/1508 [00:05<00:23, 52.35step/s]
[Origin 7/13] 🎲 Drawing Posterior Samples:  18%|█▊        | 271/1508 [00:05<00:23, 52.33step/s]
[Origin 7/13] 🎲 Drawing Posterior Samples:  18%|█▊        | 277/1508 [00:05<00:23, 52.39step/s]
[Origin 7/13] 🎲 Drawing Posterior Samples:  19%|█▉        | 283/1508 [00:05<00:23, 52.43step/s]
[Origin 7/13] 🎲 Drawing Posterior Samples:  19%|█▉        | 289/1508 [00:05<00:23, 52.47step/s]
[Origin 7/13] 🎲 Drawing Posterior Samples:  20%|█▉        | 295/1508 [00:05<00:23, 52.54step/s]
[Origin 7/13] 🎲 Drawing Posterior Samples:  20%|█▉        | 301/1508 [00:05<00:23, 52.47step/s]
[Origin 7/13] 🎲 Drawing Posterior Samples:  20%|██        | 307/1508 [00:05<00:22, 52.43step/s]
[Origin 7/13] 🎲 Drawing Posterior Samples:  21%|██        | 313/1508 [00:05<00:22, 52.36step/s]
[Origin 7/13] 🎲 Drawing Posterior Samples:  21%|██        | 319/1508 [00:06<00:22, 52.36step/s]
[Origin 7/13] 🎲 Drawing Posterior Samples:  22%|██▏       | 325/1508 [00:06<00:22, 52.31step/s]
[Origin 7/13] 🎲 Drawing Posterior Samples:  22%|██▏       | 331/1508 [00:06<00:22, 52.31step/s]
[Origin 7/13] 🎲 Drawing Posterior Samples:  22%|██▏       | 337/1508 [00:06<00:22, 52.36step/s]
[Origin 7/13] 🎲 Drawing Posterior Samples:  23%|██▎       | 343/1508 [00:06<00:37, 31.15step/s]
[Origin 7/13] 🎲 Drawing Posterior Samples:  23%|██▎       | 348/1508 [00:07<01:16, 15.19step/s]
[Origin 7/13] 🎲 Drawing Posterior Samples:  23%|██▎       | 352/1508 [00:08<01:40, 11.54step/s]
[Origin 7/13] 🎲 Drawing Posterior Samples:  24%|██▎       | 355/1508 [00:08<01:57,  9.83step/s]
[Origin 7/13] 🎲 Drawing Posterior Samples:  24%|██▎       | 357/1508 [00:09<02:08,  8.98step/s]
[Origin 7/13] 🎲 Drawing Posterior Samples:  24%|██▍       | 359/1508 [00:09<02:17,  8.35step/s]
[Origin 7/13] 🎲 Drawing Posterior Samples:  24%|██▍       | 361/1508 [00:09<02:26,  7.82step/s]
[Origin 7/13] 🎲 Drawing Posterior Samples:  24%|██▍       | 363/1508 [00:09<02:34,  7.40step/s]
[Origin 7/13] 🎲 Drawing Posterior Samples:  24%|██▍       | 364/1508 [00:10<02:39,  7.17step/s]
[Origin 7/13] 🎲 Drawing Posterior Samples:  24%|██▍       | 365/1508 [00:10<02:45,  6.91step/s]
[Origin 7/13] 🎲 Drawing Posterior Samples:  24%|██▍       | 366/1508 [00:10<02:50,  6.70step/s]
[Origin 7/13] 🎲 Drawing Posterior Samples:  24%|██▍       | 367/1508 [00:10<02:54,  6.55step/s]
[Origin 7/13] 🎲 Drawing Posterior Samples:  24%|██▍       | 368/1508 [00:10<02:54,  6.52step/s]
[Origin 7/13] 🎲 Drawing Posterior Samples:  24%|██▍       | 369/1508 [00:10<02:58,  6.37step/s]
[Origin 7/13] 🎲 Drawing Posterior Samples:  25%|██▍       | 370/1508 [00:11<02:59,  6.34step/s]
[Origin 7/13] 🎲 Drawing Posterior Samples:  25%|██▍       | 371/1508 [00:11<03:02,  6.21step/s]
[Origin 7/13] 🎲 Drawing Posterior Samples:  25%|██▍       | 372/1508 [00:11<03:07,  6.05step/s]
[Origin 7/13] 🎲 Drawing Posterior Samples:  25%|██▍       | 373/1508 [00:11<03:11,  5.94step/s]
[Origin 7/13] 🎲 Drawing Posterior Samples:  25%|██▍       | 374/1508 [00:11<03:56,  4.80step/s]
[Origin 7/13] 🎲 Drawing Posterior Samples:  25%|██▍       | 375/1508 [00:12<03:41,  5.11step/s]
[Origin 7/13] 🎲 Drawing Posterior Samples:  25%|██▍       | 376/1508 [00:12<03:29,  5.40step/s]
[Origin 7/13] 🎲 Drawing Posterior Samples:  25%|██▌       | 377/1508 [00:12<03:22,  5.58step/s]
[Origin 7/13] 🎲 Drawing Posterior Samples:  25%|██▌       | 378/1508 [00:39<2:33:13,  8.14s/step]
[Origin 7/13] 🎲 Drawing Posterior Samples:  25%|██▌       | 384/1508 [00:39<43:09,  2.30s/step]  
[Origin 7/13] 🎲 Drawing Posterior Samples:  26%|██▌       | 390/1508 [00:39<21:21,  1.15s/step]
[Origin 7/13] 🎲 Drawing Posterior Samples:  26%|██▋       | 396/1508 [00:39<12:28,  1.49step/s]
[Origin 7/13] 🎲 Drawing Posterior Samples:  27%|██▋       | 402/1508 [00:39<07:53,  2.34step/s]
[Origin 7/13] 🎲 Drawing Posterior Samples:  27%|██▋       | 408/1508 [00:39<05:13,  3.51step/s]
[Origin 7/13] 🎲 Drawing Posterior Samples:  27%|██▋       | 414/1508 [00:40<03:35,  5.09step/s]
[Origin 7/13] 🎲 Drawing Posterior Samples:  28%|██▊       | 420/1508 [00:40<02:31,  7.17step/s]
[Origin 7/13] 🎲 Drawing Posterior Samples:  28%|██▊       | 426/1508 [00:40<01:49,  9.86step/s]
[Origin 7/13] 🎲 Drawing Posterior Samples:  29%|██▊       | 432/1508 [00:40<01:21, 13.18step/s]
[Origin 7/13] 🎲 Drawing Posterior Samples:  29%|██▉       | 438/1508 [00:40<01:02, 17.11step/s]
[Origin 7/13] 🎲 Drawing Posterior Samples:  29%|██▉       | 444/1508 [00:40<00:49, 21.51step/s]
[Origin 7/13] 🎲 Drawing Posterior Samples:  30%|██▉       | 450/1508 [00:40<00:40, 26.17step/s]
[Origin 7/13] 🎲 Drawing Posterior Samples:  30%|███       | 456/1508 [00:40<00:34, 30.81step/s]
[Origin 7/13] 🎲 Drawing Posterior Samples:  31%|███       | 462/1508 [00:40<00:29, 35.20step/s]
[Origin 7/13] 🎲 Drawing Posterior Samples:  31%|███       | 468/1508 [00:41<00:26, 39.10step/s]
[Origin 7/13] 🎲 Drawing Posterior Samples:  31%|███▏      | 474/1508 [00:41<00:24, 42.40step/s]
[Origin 7/13] 🎲 Drawing Posterior Samples:  32%|███▏      | 480/1508 [00:41<00:22, 45.01step/s]
[Origin 7/13] 🎲 Drawing Posterior Samples:  32%|███▏      | 486/1508 [00:41<00:21, 47.12step/s]
[Origin 7/13] 🎲 Drawing Posterior Samples:  33%|███▎      | 492/1508 [00:41<00:20, 48.60step/s]
[Origin 7/13] 🎲 Drawing Posterior Samples:  33%|███▎      | 498/1508 [00:41<00:20, 49.64step/s]
[Origin 7/13] 🎲 Drawing Posterior Samples:  33%|███▎      | 504/1508 [00:41<00:22, 44.68step/s]
[Origin 7/13] 🎲 Drawing Posterior Samples:  34%|███▍      | 510/1508 [00:41<00:21, 46.78step/s]
[Origin 7/13] 🎲 Drawing Posterior Samples:  34%|███▍      | 516/1508 [00:42<00:20, 48.30step/s]
[Origin 7/13] 🎲 Drawing Posterior Samples:  35%|███▍      | 522/1508 [00:42<00:19, 49.47step/s]
[Origin 7/13] 🎲 Drawing Posterior Samples:  35%|███▌      | 528/1508 [00:42<00:19, 50.39step/s]
[Origin 7/13] 🎲 Drawing Posterior Samples:  35%|███▌      | 534/1508 [00:42<00:19, 51.06step/s]
[Origin 7/13] 🎲 Drawing Posterior Samples:  36%|███▌      | 540/1508 [00:42<00:18, 51.53step/s]
[Origin 7/13] 🎲 Drawing Posterior Samples:  36%|███▌      | 546/1508 [00:42<00:18, 51.88step/s]
[Origin 7/13] 🎲 Drawing Posterior Samples:  37%|███▋      | 552/1508 [00:42<00:18, 52.04step/s]
[Origin 7/13] 🎲 Drawing Posterior Samples:  37%|███▋      | 558/1508 [00:42<00:18, 52.07step/s]
[Origin 7/13] 🎲 Drawing Posterior Samples:  37%|███▋      | 564/1508 [00:42<00:18, 52.07step/s]
[Origin 7/13] 🎲 Drawing Posterior Samples:  38%|███▊      | 570/1508 [00:43<00:17, 52.13step/s]
[Origin 7/13] 🎲 Drawing Posterior Samples:  38%|███▊      | 576/1508 [00:43<00:17, 52.18step/s]
[Origin 7/13] 🎲 Drawing Posterior Samples:  39%|███▊      | 582/1508 [00:43<00:17, 52.23step/s]
[Origin 7/13] 🎲 Drawing Posterior Samples:  39%|███▉      | 588/1508 [00:43<00:17, 52.24step/s]
[Origin 7/13] 🎲 Drawing Posterior Samples:  39%|███▉      | 594/1508 [00:43<00:17, 52.29step/s]
[Origin 7/13] 🎲 Drawing Posterior Samples:  40%|███▉      | 600/1508 [00:43<00:17, 52.38step/s]
[Origin 7/13] 🎲 Drawing Posterior Samples:  40%|████      | 606/1508 [00:43<00:17, 52.39step/s]
[Origin 7/13] 🎲 Drawing Posterior Samples:  41%|████      | 612/1508 [00:43<00:17, 52.46step/s]
[Origin 7/13] 🎲 Drawing Posterior Samples:  41%|████      | 618/1508 [00:43<00:16, 52.38step/s]
[Origin 7/13] 🎲 Drawing Posterior Samples:  41%|████▏     | 624/1508 [00:44<00:16, 52.39step/s]
[Origin 7/13] 🎲 Drawing Posterior Samples:  42%|████▏     | 630/1508 [00:44<00:16, 52.37step/s]
[Origin 7/13] 🎲 Drawing Posterior Samples:  42%|████▏     | 636/1508 [00:44<00:16, 52.35step/s]
[Origin 7/13] 🎲 Drawing Posterior Samples:  43%|████▎     | 642/1508 [00:44<00:16, 52.38step/s]
[Origin 7/13] 🎲 Drawing Posterior Samples:  43%|████▎     | 648/1508 [00:44<00:16, 52.44step/s]
[Origin 7/13] 🎲 Drawing Posterior Samples:  43%|████▎     | 654/1508 [00:44<00:16, 52.48step/s]
[Origin 7/13] 🎲 Drawing Posterior Samples:  44%|████▍     | 660/1508 [00:44<00:16, 52.52step/s]
[Origin 7/13] 🎲 Drawing Posterior Samples:  44%|████▍     | 666/1508 [00:44<00:16, 52.49step/s]
[Origin 7/13] 🎲 Drawing Posterior Samples:  45%|████▍     | 672/1508 [00:45<00:15, 52.34step/s]
[Origin 7/13] 🎲 Drawing Posterior Samples:  45%|████▍     | 678/1508 [00:45<00:15, 52.35step/s]
[Origin 7/13] 🎲 Drawing Posterior Samples:  45%|████▌     | 684/1508 [00:45<00:15, 52.35step/s]
[Origin 7/13] 🎲 Drawing Posterior Samples:  46%|████▌     | 690/1508 [00:45<00:15, 52.30step/s]
[Origin 7/13] 🎲 Drawing Posterior Samples:  46%|████▌     | 696/1508 [00:45<00:15, 52.34step/s]
[Origin 7/13] 🎲 Drawing Posterior Samples:  47%|████▋     | 702/1508 [00:45<00:15, 52.31step/s]
[Origin 7/13] 🎲 Drawing Posterior Samples:  47%|████▋     | 708/1508 [00:45<00:15, 52.33step/s]
[Origin 7/13] 🎲 Drawing Posterior Samples:  47%|████▋     | 714/1508 [00:45<00:15, 52.34step/s]
[Origin 7/13] 🎲 Drawing Posterior Samples:  48%|████▊     | 720/1508 [00:46<00:28, 27.34step/s]
[Origin 7/13] 🎲 Drawing Posterior Samples:  48%|████▊     | 725/1508 [00:47<01:07, 11.64step/s]
[Origin 7/13] 🎲 Drawing Posterior Samples:  48%|████▊     | 728/1508 [00:47<01:18,  9.94step/s]
[Origin 7/13] 🎲 Drawing Posterior Samples:  48%|████▊     | 731/1508 [00:48<01:27,  8.83step/s]
[Origin 7/13] 🎲 Drawing Posterior Samples:  49%|████▊     | 733/1508 [00:48<01:33,  8.26step/s]
[Origin 7/13] 🎲 Drawing Posterior Samples:  49%|████▊     | 735/1508 [00:49<01:39,  7.74step/s]
[Origin 7/13] 🎲 Drawing Posterior Samples:  49%|████▉     | 737/1508 [00:49<01:46,  7.22step/s]
[Origin 7/13] 🎲 Drawing Posterior Samples:  49%|████▉     | 739/1508 [00:49<01:54,  6.71step/s]
[Origin 7/13] 🎲 Drawing Posterior Samples:  49%|████▉     | 740/1508 [00:49<01:59,  6.45step/s]
[Origin 7/13] 🎲 Drawing Posterior Samples:  49%|████▉     | 741/1508 [00:50<02:03,  6.20step/s]
[Origin 7/13] 🎲 Drawing Posterior Samples:  49%|████▉     | 742/1508 [00:50<02:07,  6.02step/s]
[Origin 7/13] 🎲 Drawing Posterior Samples:  49%|████▉     | 743/1508 [00:50<02:11,  5.80step/s]
[Origin 7/13] 🎲 Drawing Posterior Samples:  49%|████▉     | 744/1508 [00:50<02:15,  5.64step/s]
[Origin 7/13] 🎲 Drawing Posterior Samples:  49%|████▉     | 745/1508 [00:50<02:20,  5.45step/s]
[Origin 7/13] 🎲 Drawing Posterior Samples:  49%|████▉     | 746/1508 [00:51<02:19,  5.45step/s]
[Origin 7/13] 🎲 Drawing Posterior Samples:  50%|████▉     | 747/1508 [00:51<02:21,  5.36step/s]
[Origin 7/13] 🎲 Drawing Posterior Samples:  50%|████▉     | 748/1508 [00:51<02:29,  5.08step/s]
[Origin 7/13] 🎲 Drawing Posterior Samples:  50%|████▉     | 749/1508 [00:51<02:37,  4.83step/s]
[Origin 7/13] 🎲 Drawing Posterior Samples:  50%|████▉     | 750/1508 [00:52<02:53,  4.37step/s]
[Origin 7/13] 🎲 Drawing Posterior Samples:  50%|████▉     | 751/1508 [00:52<02:44,  4.60step/s]
[Origin 7/13] 🎲 Drawing Posterior Samples:  50%|████▉     | 752/1508 [00:52<02:36,  4.84step/s]
[Origin 7/13] 🎲 Drawing Posterior Samples:  50%|████▉     | 753/1508 [00:52<02:30,  5.01step/s]
[Origin 7/13] 🎲 Drawing Posterior Samples:  50%|█████     | 754/1508 [00:52<02:32,  4.95step/s]
[Origin 7/13] 🎲 Drawing Posterior Samples:  50%|█████     | 755/1508 [01:09<1:05:27,  5.22s/step]
[Origin 7/13] 🎲 Drawing Posterior Samples:  50%|█████     | 761/1508 [01:09<18:24,  1.48s/step]  
[Origin 7/13] 🎲 Drawing Posterior Samples:  51%|█████     | 767/1508 [01:09<09:07,  1.35step/s]
[Origin 7/13] 🎲 Drawing Posterior Samples:  51%|█████▏    | 773/1508 [01:10<05:20,  2.29step/s]
[Origin 7/13] 🎲 Drawing Posterior Samples:  52%|█████▏    | 779/1508 [01:10<03:24,  3.57step/s]
[Origin 7/13] 🎲 Drawing Posterior Samples:  52%|█████▏    | 785/1508 [01:10<02:16,  5.29step/s]
[Origin 7/13] 🎲 Drawing Posterior Samples:  52%|█████▏    | 791/1508 [01:10<01:34,  7.55step/s]
[Origin 7/13] 🎲 Drawing Posterior Samples:  53%|█████▎    | 797/1508 [01:10<01:08, 10.43step/s]
[Origin 7/13] 🎲 Drawing Posterior Samples:  53%|█████▎    | 803/1508 [01:10<00:50, 13.97step/s]
[Origin 7/13] 🎲 Drawing Posterior Samples:  54%|█████▎    | 809/1508 [01:10<00:38, 18.08step/s]
[Origin 7/13] 🎲 Drawing Posterior Samples:  54%|█████▍    | 815/1508 [01:10<00:30, 22.62step/s]
[Origin 7/13] 🎲 Drawing Posterior Samples:  54%|█████▍    | 821/1508 [01:11<00:25, 27.34step/s]
[Origin 7/13] 🎲 Drawing Posterior Samples:  55%|█████▍    | 827/1508 [01:11<00:21, 31.94step/s]
[Origin 7/13] 🎲 Drawing Posterior Samples:  55%|█████▌    | 833/1508 [01:11<00:18, 36.15step/s]
[Origin 7/13] 🎲 Drawing Posterior Samples:  56%|█████▌    | 839/1508 [01:11<00:16, 39.81step/s]
[Origin 7/13] 🎲 Drawing Posterior Samples:  56%|█████▌    | 845/1508 [01:11<00:15, 42.95step/s]
[Origin 7/13] 🎲 Drawing Posterior Samples:  56%|█████▋    | 851/1508 [01:11<00:14, 45.50step/s]
[Origin 7/13] 🎲 Drawing Posterior Samples:  57%|█████▋    | 857/1508 [01:11<00:14, 44.94step/s]
[Origin 7/13] 🎲 Drawing Posterior Samples:  57%|█████▋    | 862/1508 [01:11<00:14, 44.97step/s]
[Origin 7/13] 🎲 Drawing Posterior Samples:  58%|█████▊    | 868/1508 [01:11<00:13, 47.09step/s]
[Origin 7/13] 🎲 Drawing Posterior Samples:  58%|█████▊    | 874/1508 [01:12<00:13, 48.59step/s]
[Origin 7/13] 🎲 Drawing Posterior Samples:  58%|█████▊    | 880/1508 [01:12<00:12, 49.64step/s]
[Origin 7/13] 🎲 Drawing Posterior Samples:  59%|█████▉    | 886/1508 [01:12<00:12, 50.38step/s]
[Origin 7/13] 🎲 Drawing Posterior Samples:  59%|█████▉    | 892/1508 [01:12<00:12, 50.88step/s]
[Origin 7/13] 🎲 Drawing Posterior Samples:  60%|█████▉    | 898/1508 [01:12<00:11, 51.21step/s]
[Origin 7/13] 🎲 Drawing Posterior Samples:  60%|█████▉    | 904/1508 [01:12<00:11, 51.54step/s]
[Origin 7/13] 🎲 Drawing Posterior Samples:  60%|██████    | 910/1508 [01:12<00:11, 51.87step/s]
[Origin 7/13] 🎲 Drawing Posterior Samples:  61%|██████    | 916/1508 [01:12<00:11, 52.03step/s]
[Origin 7/13] 🎲 Drawing Posterior Samples:  61%|██████    | 922/1508 [01:12<00:11, 52.22step/s]
[Origin 7/13] 🎲 Drawing Posterior Samples:  62%|██████▏   | 928/1508 [01:13<00:11, 52.36step/s]
[Origin 7/13] 🎲 Drawing Posterior Samples:  62%|██████▏   | 934/1508 [01:13<00:10, 52.44step/s]
[Origin 7/13] 🎲 Drawing Posterior Samples:  62%|██████▏   | 940/1508 [01:13<00:10, 52.40step/s]
[Origin 7/13] 🎲 Drawing Posterior Samples:  63%|██████▎   | 946/1508 [01:13<00:10, 52.40step/s]
[Origin 7/13] 🎲 Drawing Posterior Samples:  63%|██████▎   | 952/1508 [01:13<00:10, 52.35step/s]
[Origin 7/13] 🎲 Drawing Posterior Samples:  64%|██████▎   | 958/1508 [01:13<00:10, 52.32step/s]
[Origin 7/13] 🎲 Drawing Posterior Samples:  64%|██████▍   | 964/1508 [01:13<00:10, 52.36step/s]
[Origin 7/13] 🎲 Drawing Posterior Samples:  64%|██████▍   | 970/1508 [01:13<00:10, 52.37step/s]
[Origin 7/13] 🎲 Drawing Posterior Samples:  65%|██████▍   | 976/1508 [01:14<00:10, 52.44step/s]
[Origin 7/13] 🎲 Drawing Posterior Samples:  65%|██████▌   | 982/1508 [01:14<00:10, 52.47step/s]
[Origin 7/13] 🎲 Drawing Posterior Samples:  66%|██████▌   | 988/1508 [01:14<00:09, 52.57step/s]
[Origin 7/13] 🎲 Drawing Posterior Samples:  66%|██████▌   | 994/1508 [01:14<00:09, 52.48step/s]
[Origin 7/13] 🎲 Drawing Posterior Samples:  66%|██████▋   | 1000/1508 [01:14<00:09, 52.45step/s]
[Origin 7/13] 🎲 Drawing Posterior Samples:  67%|██████▋   | 1006/1508 [01:14<00:09, 52.39step/s]
[Origin 7/13] 🎲 Drawing Posterior Samples:  67%|██████▋   | 1012/1508 [01:14<00:09, 52.27step/s]
[Origin 7/13] 🎲 Drawing Posterior Samples:  68%|██████▊   | 1018/1508 [01:14<00:09, 52.33step/s]
[Origin 7/13] 🎲 Drawing Posterior Samples:  68%|██████▊   | 1024/1508 [01:14<00:09, 52.33step/s]
[Origin 7/13] 🎲 Drawing Posterior Samples:  68%|██████▊   | 1030/1508 [01:15<00:09, 52.32step/s]
[Origin 7/13] 🎲 Drawing Posterior Samples:  69%|██████▊   | 1036/1508 [01:15<00:09, 52.32step/s]
[Origin 7/13] 🎲 Drawing Posterior Samples:  69%|██████▉   | 1042/1508 [01:15<00:08, 52.44step/s]
[Origin 7/13] 🎲 Drawing Posterior Samples:  69%|██████▉   | 1048/1508 [01:15<00:08, 52.51step/s]
[Origin 7/13] 🎲 Drawing Posterior Samples:  70%|██████▉   | 1054/1508 [01:15<00:08, 52.46step/s]
[Origin 7/13] 🎲 Drawing Posterior Samples:  70%|███████   | 1060/1508 [01:15<00:08, 52.44step/s]
[Origin 7/13] 🎲 Drawing Posterior Samples:  71%|███████   | 1066/1508 [01:15<00:08, 52.34step/s]
[Origin 7/13] 🎲 Drawing Posterior Samples:  71%|███████   | 1072/1508 [01:15<00:08, 52.32step/s]
[Origin 7/13] 🎲 Drawing Posterior Samples:  71%|███████▏  | 1078/1508 [01:15<00:08, 52.30step/s]
[Origin 7/13] 🎲 Drawing Posterior Samples:  72%|███████▏  | 1084/1508 [01:16<00:08, 52.33step/s]
[Origin 7/13] 🎲 Drawing Posterior Samples:  72%|███████▏  | 1090/1508 [01:16<00:07, 52.36step/s]
[Origin 7/13] 🎲 Drawing Posterior Samples:  73%|███████▎  | 1096/1508 [01:16<00:11, 36.81step/s]
[Origin 7/13] 🎲 Drawing Posterior Samples:  73%|███████▎  | 1101/1508 [01:17<00:29, 13.59step/s]
[Origin 7/13] 🎲 Drawing Posterior Samples:  73%|███████▎  | 1105/1508 [01:18<00:41,  9.63step/s]
[Origin 7/13] 🎲 Drawing Posterior Samples:  73%|███████▎  | 1108/1508 [01:18<00:49,  8.12step/s]
[Origin 7/13] 🎲 Drawing Posterior Samples:  74%|███████▎  | 1110/1508 [01:19<00:51,  7.66step/s]
[Origin 7/13] 🎲 Drawing Posterior Samples:  74%|███████▎  | 1112/1508 [01:19<00:53,  7.34step/s]
[Origin 7/13] 🎲 Drawing Posterior Samples:  74%|███████▍  | 1114/1508 [01:19<00:56,  6.98step/s]
[Origin 7/13] 🎲 Drawing Posterior Samples:  74%|███████▍  | 1116/1508 [01:20<00:58,  6.75step/s]
[Origin 7/13] 🎲 Drawing Posterior Samples:  74%|███████▍  | 1117/1508 [01:20<00:58,  6.66step/s]
[Origin 7/13] 🎲 Drawing Posterior Samples:  74%|███████▍  | 1118/1508 [01:20<00:59,  6.55step/s]
[Origin 7/13] 🎲 Drawing Posterior Samples:  74%|███████▍  | 1119/1508 [01:20<01:00,  6.44step/s]
[Origin 7/13] 🎲 Drawing Posterior Samples:  74%|███████▍  | 1120/1508 [01:20<01:00,  6.39step/s]
[Origin 7/13] 🎲 Drawing Posterior Samples:  74%|███████▍  | 1121/1508 [01:21<01:01,  6.29step/s]
[Origin 7/13] 🎲 Drawing Posterior Samples:  74%|███████▍  | 1122/1508 [01:21<01:02,  6.16step/s]
[Origin 7/13] 🎲 Drawing Posterior Samples:  74%|███████▍  | 1123/1508 [01:21<01:03,  6.05step/s]
[Origin 7/13] 🎲 Drawing Posterior Samples:  75%|███████▍  | 1124/1508 [01:21<01:04,  5.95step/s]
[Origin 7/13] 🎲 Drawing Posterior Samples:  75%|███████▍  | 1125/1508 [01:21<01:06,  5.77step/s]
[Origin 7/13] 🎲 Drawing Posterior Samples:  75%|███████▍  | 1126/1508 [01:21<01:08,  5.57step/s]
[Origin 7/13] 🎲 Drawing Posterior Samples:  75%|███████▍  | 1127/1508 [01:22<01:12,  5.29step/s]
[Origin 7/13] 🎲 Drawing Posterior Samples:  75%|███████▍  | 1128/1508 [01:22<01:18,  4.83step/s]
[Origin 7/13] 🎲 Drawing Posterior Samples:  75%|███████▍  | 1129/1508 [01:22<01:19,  4.79step/s]
[Origin 7/13] 🎲 Drawing Posterior Samples:  75%|███████▍  | 1130/1508 [01:22<01:19,  4.78step/s]
[Origin 7/13] 🎲 Drawing Posterior Samples:  75%|███████▌  | 1131/1508 [01:23<01:19,  4.72step/s]
[Origin 7/13] 🎲 Drawing Posterior Samples:  75%|███████▌  | 1132/1508 [01:40<33:15,  5.31s/step]
[Origin 7/13] 🎲 Drawing Posterior Samples:  75%|███████▌  | 1138/1508 [01:40<09:16,  1.50s/step]
[Origin 7/13] 🎲 Drawing Posterior Samples:  76%|███████▌  | 1144/1508 [01:40<04:33,  1.33step/s]
[Origin 7/13] 🎲 Drawing Posterior Samples:  76%|███████▋  | 1150/1508 [01:40<02:39,  2.25step/s]
[Origin 7/13] 🎲 Drawing Posterior Samples:  77%|███████▋  | 1156/1508 [01:40<01:40,  3.51step/s]
[Origin 7/13] 🎲 Drawing Posterior Samples:  77%|███████▋  | 1162/1508 [01:40<01:06,  5.21step/s]
[Origin 7/13] 🎲 Drawing Posterior Samples:  77%|███████▋  | 1168/1508 [01:41<00:45,  7.44step/s]
[Origin 7/13] 🎲 Drawing Posterior Samples:  78%|███████▊  | 1174/1508 [01:41<00:32, 10.28step/s]
[Origin 7/13] 🎲 Drawing Posterior Samples:  78%|███████▊  | 1180/1508 [01:41<00:23, 13.78step/s]
[Origin 7/13] 🎲 Drawing Posterior Samples:  79%|███████▊  | 1186/1508 [01:41<00:18, 17.87step/s]
[Origin 7/13] 🎲 Drawing Posterior Samples:  79%|███████▉  | 1192/1508 [01:41<00:14, 22.39step/s]
[Origin 7/13] 🎲 Drawing Posterior Samples:  79%|███████▉  | 1198/1508 [01:41<00:11, 27.09step/s]
[Origin 7/13] 🎲 Drawing Posterior Samples:  80%|███████▉  | 1204/1508 [01:41<00:10, 29.55step/s]
[Origin 7/13] 🎲 Drawing Posterior Samples:  80%|████████  | 1210/1508 [01:41<00:08, 33.92step/s]
[Origin 7/13] 🎲 Drawing Posterior Samples:  81%|████████  | 1216/1508 [01:41<00:07, 38.03step/s]
[Origin 7/13] 🎲 Drawing Posterior Samples:  81%|████████  | 1222/1508 [01:42<00:06, 41.50step/s]
[Origin 7/13] 🎲 Drawing Posterior Samples:  81%|████████▏ | 1228/1508 [01:42<00:06, 44.34step/s]
[Origin 7/13] 🎲 Drawing Posterior Samples:  82%|████████▏ | 1234/1508 [01:42<00:05, 46.57step/s]
[Origin 7/13] 🎲 Drawing Posterior Samples:  82%|████████▏ | 1240/1508 [01:42<00:05, 48.26step/s]
[Origin 7/13] 🎲 Drawing Posterior Samples:  83%|████████▎ | 1246/1508 [01:42<00:05, 49.44step/s]
[Origin 7/13] 🎲 Drawing Posterior Samples:  83%|████████▎ | 1252/1508 [01:42<00:05, 50.19step/s]
[Origin 7/13] 🎲 Drawing Posterior Samples:  83%|████████▎ | 1258/1508 [01:42<00:04, 50.77step/s]
[Origin 7/13] 🎲 Drawing Posterior Samples:  84%|████████▍ | 1264/1508 [01:42<00:04, 51.12step/s]
[Origin 7/13] 🎲 Drawing Posterior Samples:  84%|████████▍ | 1270/1508 [01:43<00:04, 51.34step/s]
[Origin 7/13] 🎲 Drawing Posterior Samples:  85%|████████▍ | 1276/1508 [01:43<00:04, 51.61step/s]
[Origin 7/13] 🎲 Drawing Posterior Samples:  85%|████████▌ | 1282/1508 [01:43<00:04, 51.94step/s]
[Origin 7/13] 🎲 Drawing Posterior Samples:  85%|████████▌ | 1288/1508 [01:43<00:04, 52.03step/s]
[Origin 7/13] 🎲 Drawing Posterior Samples:  86%|████████▌ | 1294/1508 [01:43<00:04, 52.26step/s]
[Origin 7/13] 🎲 Drawing Posterior Samples:  86%|████████▌ | 1300/1508 [01:43<00:03, 52.38step/s]
[Origin 7/13] 🎲 Drawing Posterior Samples:  87%|████████▋ | 1306/1508 [01:43<00:03, 52.39step/s]
[Origin 7/13] 🎲 Drawing Posterior Samples:  87%|████████▋ | 1312/1508 [01:43<00:03, 52.37step/s]
[Origin 7/13] 🎲 Drawing Posterior Samples:  87%|████████▋ | 1318/1508 [01:43<00:03, 52.32step/s]
[Origin 7/13] 🎲 Drawing Posterior Samples:  88%|████████▊ | 1324/1508 [01:44<00:03, 52.26step/s]
[Origin 7/13] 🎲 Drawing Posterior Samples:  88%|████████▊ | 1330/1508 [01:44<00:03, 52.25step/s]
[Origin 7/13] 🎲 Drawing Posterior Samples:  89%|████████▊ | 1336/1508 [01:44<00:03, 52.21step/s]
[Origin 7/13] 🎲 Drawing Posterior Samples:  89%|████████▉ | 1342/1508 [01:44<00:03, 52.29step/s]
[Origin 7/13] 🎲 Drawing Posterior Samples:  89%|████████▉ | 1348/1508 [01:44<00:03, 52.39step/s]
[Origin 7/13] 🎲 Drawing Posterior Samples:  90%|████████▉ | 1354/1508 [01:44<00:02, 52.48step/s]
[Origin 7/13] 🎲 Drawing Posterior Samples:  90%|█████████ | 1360/1508 [01:44<00:02, 52.53step/s]
[Origin 7/13] 🎲 Drawing Posterior Samples:  91%|█████████ | 1366/1508 [01:44<00:02, 52.47step/s]
[Origin 7/13] 🎲 Drawing Posterior Samples:  91%|█████████ | 1372/1508 [01:44<00:02, 52.48step/s]
[Origin 7/13] 🎲 Drawing Posterior Samples:  91%|█████████▏| 1378/1508 [01:45<00:02, 52.40step/s]
[Origin 7/13] 🎲 Drawing Posterior Samples:  92%|█████████▏| 1384/1508 [01:45<00:02, 52.39step/s]
[Origin 7/13] 🎲 Drawing Posterior Samples:  92%|█████████▏| 1390/1508 [01:45<00:02, 52.38step/s]
[Origin 7/13] 🎲 Drawing Posterior Samples:  93%|█████████▎| 1396/1508 [01:45<00:02, 52.37step/s]
[Origin 7/13] 🎲 Drawing Posterior Samples:  93%|█████████▎| 1402/1508 [01:45<00:02, 52.37step/s]
[Origin 7/13] 🎲 Drawing Posterior Samples:  93%|█████████▎| 1408/1508 [01:45<00:01, 52.44step/s]
[Origin 7/13] 🎲 Drawing Posterior Samples:  94%|█████████▍| 1414/1508 [01:45<00:01, 52.42step/s]
[Origin 7/13] 🎲 Drawing Posterior Samples:  94%|█████████▍| 1420/1508 [01:45<00:01, 52.44step/s]
[Origin 7/13] 🎲 Drawing Posterior Samples:  95%|█████████▍| 1426/1508 [01:45<00:01, 52.50step/s]
[Origin 7/13] 🎲 Drawing Posterior Samples:  95%|█████████▍| 1432/1508 [01:46<00:01, 52.49step/s]
[Origin 7/13] 🎲 Drawing Posterior Samples:  95%|█████████▌| 1438/1508 [01:46<00:01, 52.46step/s]
[Origin 7/13] 🎲 Drawing Posterior Samples:  96%|█████████▌| 1444/1508 [01:46<00:01, 52.39step/s]
[Origin 7/13] 🎲 Drawing Posterior Samples:  96%|█████████▌| 1450/1508 [01:46<00:01, 52.35step/s]
[Origin 7/13] 🎲 Drawing Posterior Samples:  97%|█████████▋| 1456/1508 [01:46<00:00, 52.35step/s]
[Origin 7/13] 🎲 Drawing Posterior Samples:  97%|█████████▋| 1462/1508 [01:46<00:00, 52.35step/s]
[Origin 7/13] 🎲 Drawing Posterior Samples:  97%|█████████▋| 1468/1508 [01:46<00:00, 52.38step/s]
[Origin 7/13] 🎲 Drawing Posterior Samples:  98%|█████████▊| 1474/1508 [01:47<00:01, 31.40step/s]
[Origin 7/13] 🎲 Drawing Posterior Samples:  98%|█████████▊| 1479/1508 [01:47<00:01, 14.92step/s]
[Origin 7/13] 🎲 Drawing Posterior Samples:  98%|█████████▊| 1483/1508 [01:48<00:02, 11.13step/s]
[Origin 7/13] 🎲 Drawing Posterior Samples:  99%|█████████▊| 1486/1508 [01:49<00:02,  9.63step/s]
[Origin 7/13] 🎲 Drawing Posterior Samples:  99%|█████████▊| 1488/1508 [01:49<00:02,  8.75step/s]
[Origin 7/13] 🎲 Drawing Posterior Samples:  99%|█████████▉| 1490/1508 [01:49<00:02,  8.05step/s]
[Origin 7/13] 🎲 Drawing Posterior Samples:  99%|█████████▉| 1492/1508 [01:50<00:02,  7.45step/s]
[Origin 7/13] 🎲 Drawing Posterior Samples:  99%|█████████▉| 1494/1508 [01:50<00:01,  7.08step/s]
[Origin 7/13] 🎲 Drawing Posterior Samples:  99%|█████████▉| 1495/1508 [01:50<00:01,  6.80step/s]
[Origin 7/13] 🎲 Drawing Posterior Samples:  99%|█████████▉| 1496/1508 [01:51<00:02,  5.53step/s]
[Origin 7/13] 🎲 Drawing Posterior Samples:  99%|█████████▉| 1497/1508 [01:51<00:02,  5.11step/s]
[Origin 7/13] 🎲 Drawing Posterior Samples:  99%|█████████▉| 1498/1508 [01:51<00:01,  5.35step/s]
[Origin 7/13] 🎲 Drawing Posterior Samples:  99%|█████████▉| 1499/1508 [01:51<00:01,  5.55step/s]
[Origin 7/13] 🎲 Drawing Posterior Samples:  99%|█████████▉| 1500/1508 [01:51<00:01,  5.67step/s]
[Origin 7/13] 🎲 Drawing Posterior Samples: 100%|█████████▉| 1501/1508 [01:51<00:01,  5.74step/s]
[Origin 7/13] 🎲 Drawing Posterior Samples: 100%|█████████▉| 1502/1508 [01:52<00:01,  5.71step/s]
[Origin 7/13] 🎲 Drawing Posterior Samples: 100%|█████████▉| 1503/1508 [01:52<00:01,  4.33step/s]
[Origin 7/13] 🎲 Drawing Posterior Samples: 100%|█████████▉| 1504/1508 [01:52<00:01,  3.71step/s]
[Origin 7/13] 🎲 Drawing Posterior Samples: 100%|█████████▉| 1505/1508 [01:53<00:00,  3.44step/s]
[Origin 7/13] 🎲 Drawing Posterior Samples: 100%|█████████▉| 1506/1508 [01:53<00:00,  3.96step/s]
[Origin 7/13] 🎲 Drawing Posterior Samples: 100%|█████████▉| 1507/1508 [01:53<00:00,  3.77step/s]
[Origin 7/13] 🎲 Drawing Posterior Samples: 100%|██████████| 1508/1508 [01:54<00:00,  3.23step/s]
                                                                                                 

[Origin 8/13] 🎲 Drawing Posterior Samples:   0%|          | 0/1512 [00:00<?, ?step/s]
[Origin 8/13] 🎲 Drawing Posterior Samples:   0%|          | 7/1512 [00:00<00:25, 59.22step/s]
[Origin 8/13] 🎲 Drawing Posterior Samples:   1%|          | 13/1512 [00:00<00:26, 55.53step/s]
[Origin 8/13] 🎲 Drawing Posterior Samples:   1%|▏         | 19/1512 [00:00<00:27, 54.29step/s]
[Origin 8/13] 🎲 Drawing Posterior Samples:   2%|▏         | 25/1512 [00:00<00:27, 53.72step/s]
[Origin 8/13] 🎲 Drawing Posterior Samples:   2%|▏         | 31/1512 [00:00<00:27, 53.41step/s]
[Origin 8/13] 🎲 Drawing Posterior Samples:   2%|▏         | 37/1512 [00:00<00:27, 53.25step/s]
[Origin 8/13] 🎲 Drawing Posterior Samples:   3%|▎         | 43/1512 [00:00<00:27, 53.09step/s]
[Origin 8/13] 🎲 Drawing Posterior Samples:   3%|▎         | 49/1512 [00:00<00:27, 52.98step/s]
[Origin 8/13] 🎲 Drawing Posterior Samples:   4%|▎         | 55/1512 [00:01<00:27, 52.87step/s]
[Origin 8/13] 🎲 Drawing Posterior Samples:   4%|▍         | 61/1512 [00:01<00:27, 52.61step/s]
[Origin 8/13] 🎲 Drawing Posterior Samples:   4%|▍         | 67/1512 [00:01<00:27, 52.47step/s]
[Origin 8/13] 🎲 Drawing Posterior Samples:   5%|▍         | 73/1512 [00:01<00:27, 52.35step/s]
[Origin 8/13] 🎲 Drawing Posterior Samples:   5%|▌         | 79/1512 [00:01<00:27, 52.36step/s]
[Origin 8/13] 🎲 Drawing Posterior Samples:   6%|▌         | 85/1512 [00:01<00:27, 52.38step/s]
[Origin 8/13] 🎲 Drawing Posterior Samples:   6%|▌         | 91/1512 [00:01<00:27, 52.47step/s]
[Origin 8/13] 🎲 Drawing Posterior Samples:   6%|▋         | 97/1512 [00:01<00:26, 52.53step/s]
[Origin 8/13] 🎲 Drawing Posterior Samples:   7%|▋         | 103/1512 [00:01<00:26, 52.60step/s]
[Origin 8/13] 🎲 Drawing Posterior Samples:   7%|▋         | 109/1512 [00:02<00:26, 52.63step/s]
[Origin 8/13] 🎲 Drawing Posterior Samples:   8%|▊         | 115/1512 [00:02<00:26, 52.57step/s]
[Origin 8/13] 🎲 Drawing Posterior Samples:   8%|▊         | 121/1512 [00:02<00:26, 52.40step/s]
[Origin 8/13] 🎲 Drawing Posterior Samples:   8%|▊         | 127/1512 [00:02<00:26, 52.34step/s]
[Origin 8/13] 🎲 Drawing Posterior Samples:   9%|▉         | 133/1512 [00:02<00:26, 52.33step/s]
[Origin 8/13] 🎲 Drawing Posterior Samples:   9%|▉         | 139/1512 [00:02<00:26, 52.28step/s]
[Origin 8/13] 🎲 Drawing Posterior Samples:  10%|▉         | 145/1512 [00:02<00:26, 52.29step/s]
[Origin 8/13] 🎲 Drawing Posterior Samples:  10%|▉         | 151/1512 [00:02<00:25, 52.38step/s]
[Origin 8/13] 🎲 Drawing Posterior Samples:  10%|█         | 157/1512 [00:02<00:25, 52.43step/s]
[Origin 8/13] 🎲 Drawing Posterior Samples:  11%|█         | 163/1512 [00:03<00:25, 52.52step/s]
[Origin 8/13] 🎲 Drawing Posterior Samples:  11%|█         | 169/1512 [00:03<00:25, 52.60step/s]
[Origin 8/13] 🎲 Drawing Posterior Samples:  12%|█▏        | 175/1512 [00:03<00:25, 52.51step/s]
[Origin 8/13] 🎲 Drawing Posterior Samples:  12%|█▏        | 181/1512 [00:03<00:25, 52.51step/s]
[Origin 8/13] 🎲 Drawing Posterior Samples:  12%|█▏        | 187/1512 [00:03<00:25, 52.43step/s]
[Origin 8/13] 🎲 Drawing Posterior Samples:  13%|█▎        | 193/1512 [00:03<00:25, 52.41step/s]
[Origin 8/13] 🎲 Drawing Posterior Samples:  13%|█▎        | 199/1512 [00:03<00:25, 52.35step/s]
[Origin 8/13] 🎲 Drawing Posterior Samples:  14%|█▎        | 205/1512 [00:03<00:24, 52.37step/s]
[Origin 8/13] 🎲 Drawing Posterior Samples:  14%|█▍        | 211/1512 [00:04<00:24, 52.42step/s]
[Origin 8/13] 🎲 Drawing Posterior Samples:  14%|█▍        | 217/1512 [00:04<00:24, 52.45step/s]
[Origin 8/13] 🎲 Drawing Posterior Samples:  15%|█▍        | 223/1512 [00:04<00:24, 52.47step/s]
[Origin 8/13] 🎲 Drawing Posterior Samples:  15%|█▌        | 229/1512 [00:04<00:24, 52.51step/s]
[Origin 8/13] 🎲 Drawing Posterior Samples:  16%|█▌        | 235/1512 [00:04<00:24, 52.52step/s]
[Origin 8/13] 🎲 Drawing Posterior Samples:  16%|█▌        | 241/1512 [00:04<00:24, 52.48step/s]
[Origin 8/13] 🎲 Drawing Posterior Samples:  16%|█▋        | 247/1512 [00:04<00:24, 52.46step/s]
[Origin 8/13] 🎲 Drawing Posterior Samples:  17%|█▋        | 253/1512 [00:04<00:24, 52.45step/s]
[Origin 8/13] 🎲 Drawing Posterior Samples:  17%|█▋        | 259/1512 [00:04<00:24, 51.96step/s]
[Origin 8/13] 🎲 Drawing Posterior Samples:  18%|█▊        | 265/1512 [00:05<00:23, 52.45step/s]
[Origin 8/13] 🎲 Drawing Posterior Samples:  18%|█▊        | 271/1512 [00:05<00:23, 52.45step/s]
[Origin 8/13] 🎲 Drawing Posterior Samples:  18%|█▊        | 277/1512 [00:05<00:23, 52.48step/s]
[Origin 8/13] 🎲 Drawing Posterior Samples:  19%|█▊        | 283/1512 [00:05<00:23, 52.53step/s]
[Origin 8/13] 🎲 Drawing Posterior Samples:  19%|█▉        | 289/1512 [00:05<00:23, 52.60step/s]
[Origin 8/13] 🎲 Drawing Posterior Samples:  20%|█▉        | 295/1512 [00:05<00:23, 52.60step/s]
[Origin 8/13] 🎲 Drawing Posterior Samples:  20%|█▉        | 301/1512 [00:05<00:23, 52.45step/s]
[Origin 8/13] 🎲 Drawing Posterior Samples:  20%|██        | 307/1512 [00:05<00:22, 52.43step/s]
[Origin 8/13] 🎲 Drawing Posterior Samples:  21%|██        | 313/1512 [00:05<00:22, 52.39step/s]
[Origin 8/13] 🎲 Drawing Posterior Samples:  21%|██        | 319/1512 [00:06<00:22, 52.36step/s]
[Origin 8/13] 🎲 Drawing Posterior Samples:  21%|██▏       | 325/1512 [00:06<00:22, 52.34step/s]
[Origin 8/13] 🎲 Drawing Posterior Samples:  22%|██▏       | 331/1512 [00:06<00:22, 52.31step/s]
[Origin 8/13] 🎲 Drawing Posterior Samples:  22%|██▏       | 337/1512 [00:06<00:22, 52.32step/s]
[Origin 8/13] 🎲 Drawing Posterior Samples:  23%|██▎       | 343/1512 [00:06<00:33, 35.20step/s]
[Origin 8/13] 🎲 Drawing Posterior Samples:  23%|██▎       | 348/1512 [00:07<01:17, 14.99step/s]
[Origin 8/13] 🎲 Drawing Posterior Samples:  23%|██▎       | 352/1512 [00:08<01:45, 10.98step/s]
[Origin 8/13] 🎲 Drawing Posterior Samples:  23%|██▎       | 355/1512 [00:08<02:01,  9.54step/s]
[Origin 8/13] 🎲 Drawing Posterior Samples:  24%|██▎       | 357/1512 [00:09<02:12,  8.74step/s]
[Origin 8/13] 🎲 Drawing Posterior Samples:  24%|██▎       | 359/1512 [00:09<02:22,  8.11step/s]
[Origin 8/13] 🎲 Drawing Posterior Samples:  24%|██▍       | 361/1512 [00:09<02:33,  7.50step/s]
[Origin 8/13] 🎲 Drawing Posterior Samples:  24%|██▍       | 363/1512 [00:10<02:40,  7.16step/s]
[Origin 8/13] 🎲 Drawing Posterior Samples:  24%|██▍       | 364/1512 [00:10<02:43,  7.00step/s]
[Origin 8/13] 🎲 Drawing Posterior Samples:  24%|██▍       | 365/1512 [00:10<03:07,  6.13step/s]
[Origin 8/13] 🎲 Drawing Posterior Samples:  24%|██▍       | 366/1512 [00:10<03:19,  5.76step/s]
[Origin 8/13] 🎲 Drawing Posterior Samples:  24%|██▍       | 367/1512 [00:10<03:17,  5.80step/s]
[Origin 8/13] 🎲 Drawing Posterior Samples:  24%|██▍       | 368/1512 [00:11<03:15,  5.85step/s]
[Origin 8/13] 🎲 Drawing Posterior Samples:  24%|██▍       | 369/1512 [00:11<03:11,  5.96step/s]
[Origin 8/13] 🎲 Drawing Posterior Samples:  24%|██▍       | 370/1512 [00:11<03:11,  5.97step/s]
[Origin 8/13] 🎲 Drawing Posterior Samples:  25%|██▍       | 371/1512 [00:11<03:11,  5.94step/s]
[Origin 8/13] 🎲 Drawing Posterior Samples:  25%|██▍       | 372/1512 [00:11<03:10,  6.00step/s]
[Origin 8/13] 🎲 Drawing Posterior Samples:  25%|██▍       | 373/1512 [00:11<03:10,  5.98step/s]
[Origin 8/13] 🎲 Drawing Posterior Samples:  25%|██▍       | 374/1512 [00:12<03:12,  5.91step/s]
[Origin 8/13] 🎲 Drawing Posterior Samples:  25%|██▍       | 375/1512 [00:12<03:11,  5.94step/s]
[Origin 8/13] 🎲 Drawing Posterior Samples:  25%|██▍       | 376/1512 [00:12<03:10,  5.98step/s]
[Origin 8/13] 🎲 Drawing Posterior Samples:  25%|██▍       | 377/1512 [00:12<03:04,  6.14step/s]
[Origin 8/13] 🎲 Drawing Posterior Samples:  25%|██▌       | 378/1512 [00:12<03:06,  6.07step/s]
[Origin 8/13] 🎲 Drawing Posterior Samples:  25%|██▌       | 379/1512 [00:29<1:36:04,  5.09s/step]
[Origin 8/13] 🎲 Drawing Posterior Samples:  25%|██▌       | 385/1512 [00:29<27:06,  1.44s/step]  
[Origin 8/13] 🎲 Drawing Posterior Samples:  26%|██▌       | 391/1512 [00:29<13:28,  1.39step/s]
[Origin 8/13] 🎲 Drawing Posterior Samples:  26%|██▋       | 397/1512 [00:29<07:55,  2.34step/s]
[Origin 8/13] 🎲 Drawing Posterior Samples:  27%|██▋       | 403/1512 [00:29<05:03,  3.65step/s]
[Origin 8/13] 🎲 Drawing Posterior Samples:  27%|██▋       | 409/1512 [00:29<03:23,  5.41step/s]
[Origin 8/13] 🎲 Drawing Posterior Samples:  27%|██▋       | 415/1512 [00:30<02:22,  7.71step/s]
[Origin 8/13] 🎲 Drawing Posterior Samples:  28%|██▊       | 421/1512 [00:30<01:42, 10.64step/s]
[Origin 8/13] 🎲 Drawing Posterior Samples:  28%|██▊       | 427/1512 [00:30<01:16, 14.21step/s]
[Origin 8/13] 🎲 Drawing Posterior Samples:  29%|██▊       | 433/1512 [00:30<00:58, 18.36step/s]
[Origin 8/13] 🎲 Drawing Posterior Samples:  29%|██▉       | 439/1512 [00:30<00:46, 22.92step/s]
[Origin 8/13] 🎲 Drawing Posterior Samples:  29%|██▉       | 445/1512 [00:30<00:38, 27.63step/s]
[Origin 8/13] 🎲 Drawing Posterior Samples:  30%|██▉       | 451/1512 [00:30<00:32, 32.23step/s]
[Origin 8/13] 🎲 Drawing Posterior Samples:  30%|███       | 457/1512 [00:30<00:28, 36.50step/s]
[Origin 8/13] 🎲 Drawing Posterior Samples:  31%|███       | 463/1512 [00:30<00:26, 40.20step/s]
[Origin 8/13] 🎲 Drawing Posterior Samples:  31%|███       | 469/1512 [00:31<00:24, 43.28step/s]
[Origin 8/13] 🎲 Drawing Posterior Samples:  31%|███▏      | 475/1512 [00:31<00:22, 45.70step/s]
[Origin 8/13] 🎲 Drawing Posterior Samples:  32%|███▏      | 481/1512 [00:31<00:21, 47.56step/s]
[Origin 8/13] 🎲 Drawing Posterior Samples:  32%|███▏      | 487/1512 [00:31<00:20, 48.95step/s]
[Origin 8/13] 🎲 Drawing Posterior Samples:  33%|███▎      | 493/1512 [00:31<00:20, 49.88step/s]
[Origin 8/13] 🎲 Drawing Posterior Samples:  33%|███▎      | 499/1512 [00:31<00:20, 50.57step/s]
[Origin 8/13] 🎲 Drawing Posterior Samples:  33%|███▎      | 505/1512 [00:31<00:19, 50.98step/s]
[Origin 8/13] 🎲 Drawing Posterior Samples:  34%|███▍      | 511/1512 [00:31<00:19, 51.28step/s]
[Origin 8/13] 🎲 Drawing Posterior Samples:  34%|███▍      | 517/1512 [00:31<00:19, 51.52step/s]
[Origin 8/13] 🎲 Drawing Posterior Samples:  35%|███▍      | 523/1512 [00:32<00:19, 51.82step/s]
[Origin 8/13] 🎲 Drawing Posterior Samples:  35%|███▍      | 529/1512 [00:32<00:18, 52.05step/s]
[Origin 8/13] 🎲 Drawing Posterior Samples:  35%|███▌      | 535/1512 [00:32<00:18, 52.19step/s]
[Origin 8/13] 🎲 Drawing Posterior Samples:  36%|███▌      | 541/1512 [00:32<00:18, 52.37step/s]
[Origin 8/13] 🎲 Drawing Posterior Samples:  36%|███▌      | 547/1512 [00:32<00:18, 52.43step/s]
[Origin 8/13] 🎲 Drawing Posterior Samples:  37%|███▋      | 553/1512 [00:32<00:18, 52.42step/s]
[Origin 8/13] 🎲 Drawing Posterior Samples:  37%|███▋      | 559/1512 [00:32<00:18, 52.39step/s]
[Origin 8/13] 🎲 Drawing Posterior Samples:  37%|███▋      | 565/1512 [00:32<00:18, 52.36step/s]
[Origin 8/13] 🎲 Drawing Posterior Samples:  38%|███▊      | 571/1512 [00:33<00:17, 52.37step/s]
[Origin 8/13] 🎲 Drawing Posterior Samples:  38%|███▊      | 577/1512 [00:33<00:17, 52.37step/s]
[Origin 8/13] 🎲 Drawing Posterior Samples:  39%|███▊      | 583/1512 [00:33<00:17, 52.44step/s]
[Origin 8/13] 🎲 Drawing Posterior Samples:  39%|███▉      | 589/1512 [00:33<00:17, 52.46step/s]
[Origin 8/13] 🎲 Drawing Posterior Samples:  39%|███▉      | 595/1512 [00:33<00:17, 52.51step/s]
[Origin 8/13] 🎲 Drawing Posterior Samples:  40%|███▉      | 601/1512 [00:33<00:17, 52.54step/s]
[Origin 8/13] 🎲 Drawing Posterior Samples:  40%|████      | 607/1512 [00:33<00:17, 52.54step/s]
[Origin 8/13] 🎲 Drawing Posterior Samples:  41%|████      | 613/1512 [00:33<00:17, 52.51step/s]
[Origin 8/13] 🎲 Drawing Posterior Samples:  41%|████      | 619/1512 [00:33<00:17, 52.42step/s]
[Origin 8/13] 🎲 Drawing Posterior Samples:  41%|████▏     | 625/1512 [00:34<00:16, 52.40step/s]
[Origin 8/13] 🎲 Drawing Posterior Samples:  42%|████▏     | 631/1512 [00:34<00:16, 52.38step/s]
[Origin 8/13] 🎲 Drawing Posterior Samples:  42%|████▏     | 637/1512 [00:34<00:16, 52.36step/s]
[Origin 8/13] 🎲 Drawing Posterior Samples:  43%|████▎     | 643/1512 [00:34<00:16, 52.38step/s]
[Origin 8/13] 🎲 Drawing Posterior Samples:  43%|████▎     | 649/1512 [00:34<00:16, 52.42step/s]
[Origin 8/13] 🎲 Drawing Posterior Samples:  43%|████▎     | 655/1512 [00:34<00:16, 52.44step/s]
[Origin 8/13] 🎲 Drawing Posterior Samples:  44%|████▎     | 661/1512 [00:34<00:16, 52.38step/s]
[Origin 8/13] 🎲 Drawing Posterior Samples:  44%|████▍     | 667/1512 [00:34<00:16, 52.36step/s]
[Origin 8/13] 🎲 Drawing Posterior Samples:  45%|████▍     | 673/1512 [00:34<00:16, 52.36step/s]
[Origin 8/13] 🎲 Drawing Posterior Samples:  45%|████▍     | 679/1512 [00:35<00:15, 52.39step/s]
[Origin 8/13] 🎲 Drawing Posterior Samples:  45%|████▌     | 685/1512 [00:35<00:15, 52.36step/s]
[Origin 8/13] 🎲 Drawing Posterior Samples:  46%|████▌     | 691/1512 [00:35<00:15, 52.36step/s]
[Origin 8/13] 🎲 Drawing Posterior Samples:  46%|████▌     | 697/1512 [00:35<00:15, 52.44step/s]
[Origin 8/13] 🎲 Drawing Posterior Samples:  46%|████▋     | 703/1512 [00:35<00:15, 52.45step/s]
[Origin 8/13] 🎲 Drawing Posterior Samples:  47%|████▋     | 709/1512 [00:35<00:15, 52.44step/s]
[Origin 8/13] 🎲 Drawing Posterior Samples:  47%|████▋     | 715/1512 [00:35<00:15, 52.41step/s]
[Origin 8/13] 🎲 Drawing Posterior Samples:  48%|████▊     | 721/1512 [00:35<00:19, 40.22step/s]
[Origin 8/13] 🎲 Drawing Posterior Samples:  48%|████▊     | 726/1512 [00:36<00:51, 15.23step/s]
[Origin 8/13] 🎲 Drawing Posterior Samples:  48%|████▊     | 730/1512 [00:37<01:08, 11.41step/s]
[Origin 8/13] 🎲 Drawing Posterior Samples:  48%|████▊     | 733/1512 [00:38<01:19,  9.80step/s]
[Origin 8/13] 🎲 Drawing Posterior Samples:  49%|████▊     | 735/1512 [00:38<01:38,  7.92step/s]
[Origin 8/13] 🎲 Drawing Posterior Samples:  49%|████▊     | 737/1512 [00:38<01:43,  7.50step/s]
[Origin 8/13] 🎲 Drawing Posterior Samples:  49%|████▉     | 739/1512 [00:39<01:47,  7.21step/s]
[Origin 8/13] 🎲 Drawing Posterior Samples:  49%|████▉     | 741/1512 [00:39<01:51,  6.90step/s]
[Origin 8/13] 🎲 Drawing Posterior Samples:  49%|████▉     | 742/1512 [00:39<02:05,  6.15step/s]
[Origin 8/13] 🎲 Drawing Posterior Samples:  49%|████▉     | 743/1512 [00:39<02:06,  6.08step/s]
[Origin 8/13] 🎲 Drawing Posterior Samples:  49%|████▉     | 744/1512 [00:40<02:04,  6.19step/s]
[Origin 8/13] 🎲 Drawing Posterior Samples:  49%|████▉     | 745/1512 [00:40<02:06,  6.08step/s]
[Origin 8/13] 🎲 Drawing Posterior Samples:  49%|████▉     | 746/1512 [00:40<02:05,  6.10step/s]
[Origin 8/13] 🎲 Drawing Posterior Samples:  49%|████▉     | 747/1512 [00:40<02:04,  6.14step/s]
[Origin 8/13] 🎲 Drawing Posterior Samples:  49%|████▉     | 748/1512 [00:40<02:02,  6.25step/s]
[Origin 8/13] 🎲 Drawing Posterior Samples:  50%|████▉     | 749/1512 [00:40<02:09,  5.89step/s]
[Origin 8/13] 🎲 Drawing Posterior Samples:  50%|████▉     | 750/1512 [00:41<02:12,  5.75step/s]
[Origin 8/13] 🎲 Drawing Posterior Samples:  50%|████▉     | 751/1512 [00:41<02:14,  5.64step/s]
[Origin 8/13] 🎲 Drawing Posterior Samples:  50%|████▉     | 752/1512 [00:41<02:16,  5.58step/s]
[Origin 8/13] 🎲 Drawing Posterior Samples:  50%|████▉     | 753/1512 [00:41<02:18,  5.47step/s]
[Origin 8/13] 🎲 Drawing Posterior Samples:  50%|████▉     | 754/1512 [00:41<02:22,  5.34step/s]
[Origin 8/13] 🎲 Drawing Posterior Samples:  50%|████▉     | 755/1512 [00:42<02:23,  5.26step/s]
[Origin 8/13] 🎲 Drawing Posterior Samples:  50%|█████     | 756/1512 [00:42<02:25,  5.20step/s]
[Origin 8/13] 🎲 Drawing Posterior Samples:  50%|█████     | 757/1512 [00:58<1:02:05,  4.93s/step]
[Origin 8/13] 🎲 Drawing Posterior Samples:  50%|█████     | 763/1512 [00:58<17:28,  1.40s/step]  
[Origin 8/13] 🎲 Drawing Posterior Samples:  51%|█████     | 773/1512 [00:58<06:26,  1.91step/s]
[Origin 8/13] 🎲 Drawing Posterior Samples:  52%|█████▏    | 781/1512 [00:58<03:46,  3.23step/s]
[Origin 8/13] 🎲 Drawing Posterior Samples:  52%|█████▏    | 788/1512 [00:58<02:30,  4.80step/s]
[Origin 8/13] 🎲 Drawing Posterior Samples:  53%|█████▎    | 795/1512 [00:58<01:43,  6.92step/s]
[Origin 8/13] 🎲 Drawing Posterior Samples:  53%|█████▎    | 802/1512 [00:59<01:13,  9.71step/s]
[Origin 8/13] 🎲 Drawing Posterior Samples:  54%|█████▎    | 809/1512 [00:59<00:53, 13.12step/s]
[Origin 8/13] 🎲 Drawing Posterior Samples:  54%|█████▍    | 816/1512 [00:59<00:40, 17.00step/s]
[Origin 8/13] 🎲 Drawing Posterior Samples:  54%|█████▍    | 822/1512 [00:59<00:33, 20.84step/s]
[Origin 8/13] 🎲 Drawing Posterior Samples:  55%|█████▍    | 828/1512 [00:59<00:27, 25.05step/s]
[Origin 8/13] 🎲 Drawing Posterior Samples:  55%|█████▌    | 834/1512 [00:59<00:23, 29.42step/s]
[Origin 8/13] 🎲 Drawing Posterior Samples:  56%|█████▌    | 840/1512 [00:59<00:19, 33.76step/s]
[Origin 8/13] 🎲 Drawing Posterior Samples:  56%|█████▌    | 846/1512 [00:59<00:17, 37.76step/s]
[Origin 8/13] 🎲 Drawing Posterior Samples:  56%|█████▋    | 852/1512 [00:59<00:16, 41.15step/s]
[Origin 8/13] 🎲 Drawing Posterior Samples:  57%|█████▋    | 858/1512 [01:00<00:14, 43.99step/s]
[Origin 8/13] 🎲 Drawing Posterior Samples:  57%|█████▋    | 864/1512 [01:00<00:14, 46.24step/s]
[Origin 8/13] 🎲 Drawing Posterior Samples:  58%|█████▊    | 870/1512 [01:00<00:13, 47.90step/s]
[Origin 8/13] 🎲 Drawing Posterior Samples:  58%|█████▊    | 876/1512 [01:00<00:12, 49.07step/s]
[Origin 8/13] 🎲 Drawing Posterior Samples:  58%|█████▊    | 882/1512 [01:00<00:12, 49.88step/s]
[Origin 8/13] 🎲 Drawing Posterior Samples:  59%|█████▊    | 888/1512 [01:00<00:12, 50.38step/s]
[Origin 8/13] 🎲 Drawing Posterior Samples:  59%|█████▉    | 894/1512 [01:00<00:12, 50.83step/s]
[Origin 8/13] 🎲 Drawing Posterior Samples:  60%|█████▉    | 900/1512 [01:00<00:11, 51.29step/s]
[Origin 8/13] 🎲 Drawing Posterior Samples:  60%|█████▉    | 906/1512 [01:00<00:11, 51.74step/s]
[Origin 8/13] 🎲 Drawing Posterior Samples:  60%|██████    | 912/1512 [01:01<00:11, 52.03step/s]
[Origin 8/13] 🎲 Drawing Posterior Samples:  61%|██████    | 918/1512 [01:01<00:11, 52.20step/s]
[Origin 8/13] 🎲 Drawing Posterior Samples:  61%|██████    | 924/1512 [01:01<00:11, 52.21step/s]
[Origin 8/13] 🎲 Drawing Posterior Samples:  62%|██████▏   | 930/1512 [01:01<00:11, 52.24step/s]
[Origin 8/13] 🎲 Drawing Posterior Samples:  62%|██████▏   | 936/1512 [01:01<00:11, 52.22step/s]
[Origin 8/13] 🎲 Drawing Posterior Samples:  62%|██████▏   | 942/1512 [01:01<00:10, 52.23step/s]
[Origin 8/13] 🎲 Drawing Posterior Samples:  63%|██████▎   | 948/1512 [01:01<00:10, 52.24step/s]
[Origin 8/13] 🎲 Drawing Posterior Samples:  63%|██████▎   | 954/1512 [01:01<00:10, 52.23step/s]
[Origin 8/13] 🎲 Drawing Posterior Samples:  63%|██████▎   | 960/1512 [01:02<00:10, 52.30step/s]
[Origin 8/13] 🎲 Drawing Posterior Samples:  64%|██████▍   | 966/1512 [01:02<00:10, 52.36step/s]
[Origin 8/13] 🎲 Drawing Posterior Samples:  64%|██████▍   | 972/1512 [01:02<00:10, 52.38step/s]
[Origin 8/13] 🎲 Drawing Posterior Samples:  65%|██████▍   | 978/1512 [01:02<00:10, 52.47step/s]
[Origin 8/13] 🎲 Drawing Posterior Samples:  65%|██████▌   | 984/1512 [01:02<00:10, 52.48step/s]
[Origin 8/13] 🎲 Drawing Posterior Samples:  65%|██████▌   | 990/1512 [01:02<00:09, 52.30step/s]
[Origin 8/13] 🎲 Drawing Posterior Samples:  66%|██████▌   | 996/1512 [01:02<00:09, 51.92step/s]
[Origin 8/13] 🎲 Drawing Posterior Samples:  66%|██████▋   | 1002/1512 [01:02<00:09, 51.47step/s]
[Origin 8/13] 🎲 Drawing Posterior Samples:  67%|██████▋   | 1008/1512 [01:02<00:09, 51.24step/s]
[Origin 8/13] 🎲 Drawing Posterior Samples:  67%|██████▋   | 1014/1512 [01:03<00:09, 51.27step/s]
[Origin 8/13] 🎲 Drawing Posterior Samples:  67%|██████▋   | 1020/1512 [01:03<00:09, 51.54step/s]
[Origin 8/13] 🎲 Drawing Posterior Samples:  68%|██████▊   | 1026/1512 [01:03<00:09, 51.79step/s]
[Origin 8/13] 🎲 Drawing Posterior Samples:  68%|██████▊   | 1032/1512 [01:03<00:09, 52.05step/s]
[Origin 8/13] 🎲 Drawing Posterior Samples:  69%|██████▊   | 1038/1512 [01:03<00:09, 52.19step/s]
[Origin 8/13] 🎲 Drawing Posterior Samples:  69%|██████▉   | 1044/1512 [01:03<00:08, 52.31step/s]
[Origin 8/13] 🎲 Drawing Posterior Samples:  69%|██████▉   | 1050/1512 [01:03<00:08, 52.32step/s]
[Origin 8/13] 🎲 Drawing Posterior Samples:  70%|██████▉   | 1056/1512 [01:03<00:08, 52.37step/s]
[Origin 8/13] 🎲 Drawing Posterior Samples:  70%|███████   | 1062/1512 [01:03<00:08, 52.32step/s]
[Origin 8/13] 🎲 Drawing Posterior Samples:  71%|███████   | 1068/1512 [01:04<00:08, 52.27step/s]
[Origin 8/13] 🎲 Drawing Posterior Samples:  71%|███████   | 1074/1512 [01:04<00:08, 52.20step/s]
[Origin 8/13] 🎲 Drawing Posterior Samples:  71%|███████▏  | 1080/1512 [01:04<00:08, 52.24step/s]
[Origin 8/13] 🎲 Drawing Posterior Samples:  72%|███████▏  | 1086/1512 [01:04<00:08, 52.28step/s]
[Origin 8/13] 🎲 Drawing Posterior Samples:  72%|███████▏  | 1092/1512 [01:04<00:08, 52.27step/s]
[Origin 8/13] 🎲 Drawing Posterior Samples:  73%|███████▎  | 1098/1512 [01:04<00:07, 52.27step/s]
[Origin 8/13] 🎲 Drawing Posterior Samples:  73%|███████▎  | 1104/1512 [01:05<00:25, 16.16step/s]
[Origin 8/13] 🎲 Drawing Posterior Samples:  73%|███████▎  | 1108/1512 [01:06<00:34, 11.67step/s]
[Origin 8/13] 🎲 Drawing Posterior Samples:  73%|███████▎  | 1111/1512 [01:06<00:40,  9.87step/s]
[Origin 8/13] 🎲 Drawing Posterior Samples:  74%|███████▎  | 1114/1512 [01:07<00:46,  8.62step/s]
[Origin 8/13] 🎲 Drawing Posterior Samples:  74%|███████▍  | 1116/1512 [01:07<00:51,  7.68step/s]
[Origin 8/13] 🎲 Drawing Posterior Samples:  74%|███████▍  | 1118/1512 [01:08<00:58,  6.73step/s]
[Origin 8/13] 🎲 Drawing Posterior Samples:  74%|███████▍  | 1120/1512 [01:08<01:05,  5.96step/s]
[Origin 8/13] 🎲 Drawing Posterior Samples:  74%|███████▍  | 1121/1512 [01:08<01:08,  5.72step/s]
[Origin 8/13] 🎲 Drawing Posterior Samples:  74%|███████▍  | 1122/1512 [01:09<01:10,  5.55step/s]
[Origin 8/13] 🎲 Drawing Posterior Samples:  74%|███████▍  | 1123/1512 [01:09<01:11,  5.43step/s]
[Origin 8/13] 🎲 Drawing Posterior Samples:  74%|███████▍  | 1124/1512 [01:09<01:13,  5.31step/s]
[Origin 8/13] 🎲 Drawing Posterior Samples:  74%|███████▍  | 1125/1512 [01:09<01:14,  5.20step/s]
[Origin 8/13] 🎲 Drawing Posterior Samples:  74%|███████▍  | 1126/1512 [01:09<01:14,  5.16step/s]
[Origin 8/13] 🎲 Drawing Posterior Samples:  75%|███████▍  | 1127/1512 [01:10<01:15,  5.11step/s]
[Origin 8/13] 🎲 Drawing Posterior Samples:  75%|███████▍  | 1128/1512 [01:10<01:15,  5.08step/s]
[Origin 8/13] 🎲 Drawing Posterior Samples:  75%|███████▍  | 1129/1512 [01:10<01:19,  4.83step/s]
[Origin 8/13] 🎲 Drawing Posterior Samples:  75%|███████▍  | 1130/1512 [01:10<01:18,  4.90step/s]
[Origin 8/13] 🎲 Drawing Posterior Samples:  75%|███████▍  | 1131/1512 [01:10<01:18,  4.84step/s]
[Origin 8/13] 🎲 Drawing Posterior Samples:  75%|███████▍  | 1132/1512 [01:11<01:18,  4.82step/s]
[Origin 8/13] 🎲 Drawing Posterior Samples:  75%|███████▍  | 1133/1512 [01:11<01:17,  4.89step/s]
[Origin 8/13] 🎲 Drawing Posterior Samples:  75%|███████▌  | 1134/1512 [01:11<01:18,  4.83step/s]
[Origin 8/13] 🎲 Drawing Posterior Samples:  75%|███████▌  | 1135/1512 [01:27<31:24,  5.00s/step]
[Origin 8/13] 🎲 Drawing Posterior Samples:  75%|███████▌  | 1141/1512 [01:27<08:47,  1.42s/step]
[Origin 8/13] 🎲 Drawing Posterior Samples:  76%|███████▌  | 1147/1512 [01:28<04:19,  1.41step/s]
[Origin 8/13] 🎲 Drawing Posterior Samples:  76%|███████▋  | 1153/1512 [01:28<02:30,  2.38step/s]
[Origin 8/13] 🎲 Drawing Posterior Samples:  77%|███████▋  | 1159/1512 [01:28<01:35,  3.70step/s]
[Origin 8/13] 🎲 Drawing Posterior Samples:  77%|███████▋  | 1165/1512 [01:28<01:03,  5.48step/s]
[Origin 8/13] 🎲 Drawing Posterior Samples:  77%|███████▋  | 1171/1512 [01:28<00:43,  7.81step/s]
[Origin 8/13] 🎲 Drawing Posterior Samples:  78%|███████▊  | 1177/1512 [01:28<00:31, 10.76step/s]
[Origin 8/13] 🎲 Drawing Posterior Samples:  78%|███████▊  | 1183/1512 [01:28<00:22, 14.35step/s]
[Origin 8/13] 🎲 Drawing Posterior Samples:  79%|███████▊  | 1189/1512 [01:28<00:17, 18.53step/s]
[Origin 8/13] 🎲 Drawing Posterior Samples:  79%|███████▉  | 1195/1512 [01:28<00:13, 23.10step/s]
[Origin 8/13] 🎲 Drawing Posterior Samples:  79%|███████▉  | 1201/1512 [01:29<00:11, 27.82step/s]
[Origin 8/13] 🎲 Drawing Posterior Samples:  80%|███████▉  | 1207/1512 [01:29<00:09, 32.37step/s]
[Origin 8/13] 🎲 Drawing Posterior Samples:  80%|████████  | 1213/1512 [01:29<00:08, 36.51step/s]
[Origin 8/13] 🎲 Drawing Posterior Samples:  81%|████████  | 1219/1512 [01:29<00:07, 40.13step/s]
[Origin 8/13] 🎲 Drawing Posterior Samples:  81%|████████  | 1225/1512 [01:29<00:06, 43.21step/s]
[Origin 8/13] 🎲 Drawing Posterior Samples:  81%|████████▏ | 1231/1512 [01:29<00:06, 45.66step/s]
[Origin 8/13] 🎲 Drawing Posterior Samples:  82%|████████▏ | 1237/1512 [01:29<00:05, 47.57step/s]
[Origin 8/13] 🎲 Drawing Posterior Samples:  82%|████████▏ | 1243/1512 [01:29<00:05, 49.01step/s]
[Origin 8/13] 🎲 Drawing Posterior Samples:  83%|████████▎ | 1249/1512 [01:30<00:05, 50.07step/s]
[Origin 8/13] 🎲 Drawing Posterior Samples:  83%|████████▎ | 1255/1512 [01:30<00:05, 50.73step/s]
[Origin 8/13] 🎲 Drawing Posterior Samples:  83%|████████▎ | 1261/1512 [01:30<00:04, 51.16step/s]
[Origin 8/13] 🎲 Drawing Posterior Samples:  84%|████████▍ | 1267/1512 [01:30<00:04, 51.51step/s]
[Origin 8/13] 🎲 Drawing Posterior Samples:  84%|████████▍ | 1273/1512 [01:30<00:04, 51.70step/s]
[Origin 8/13] 🎲 Drawing Posterior Samples:  85%|████████▍ | 1279/1512 [01:30<00:04, 51.79step/s]
[Origin 8/13] 🎲 Drawing Posterior Samples:  85%|████████▍ | 1285/1512 [01:30<00:04, 51.99step/s]
[Origin 8/13] 🎲 Drawing Posterior Samples:  85%|████████▌ | 1291/1512 [01:30<00:04, 52.15step/s]
[Origin 8/13] 🎲 Drawing Posterior Samples:  86%|████████▌ | 1297/1512 [01:30<00:04, 52.28step/s]
[Origin 8/13] 🎲 Drawing Posterior Samples:  86%|████████▌ | 1303/1512 [01:31<00:03, 52.35step/s]
[Origin 8/13] 🎲 Drawing Posterior Samples:  87%|████████▋ | 1309/1512 [01:31<00:03, 52.42step/s]
[Origin 8/13] 🎲 Drawing Posterior Samples:  87%|████████▋ | 1315/1512 [01:31<00:03, 52.41step/s]
[Origin 8/13] 🎲 Drawing Posterior Samples:  87%|████████▋ | 1321/1512 [01:31<00:03, 52.39step/s]
[Origin 8/13] 🎲 Drawing Posterior Samples:  88%|████████▊ | 1327/1512 [01:31<00:03, 52.38step/s]
[Origin 8/13] 🎲 Drawing Posterior Samples:  88%|████████▊ | 1333/1512 [01:31<00:03, 52.36step/s]
[Origin 8/13] 🎲 Drawing Posterior Samples:  89%|████████▊ | 1339/1512 [01:31<00:03, 52.34step/s]
[Origin 8/13] 🎲 Drawing Posterior Samples:  89%|████████▉ | 1345/1512 [01:31<00:03, 52.33step/s]
[Origin 8/13] 🎲 Drawing Posterior Samples:  89%|████████▉ | 1351/1512 [01:31<00:03, 52.37step/s]
[Origin 8/13] 🎲 Drawing Posterior Samples:  90%|████████▉ | 1357/1512 [01:32<00:02, 52.37step/s]
[Origin 8/13] 🎲 Drawing Posterior Samples:  90%|█████████ | 1363/1512 [01:32<00:02, 52.41step/s]
[Origin 8/13] 🎲 Drawing Posterior Samples:  91%|█████████ | 1369/1512 [01:32<00:02, 52.48step/s]
[Origin 8/13] 🎲 Drawing Posterior Samples:  91%|█████████ | 1375/1512 [01:32<00:02, 52.51step/s]
[Origin 8/13] 🎲 Drawing Posterior Samples:  91%|█████████▏| 1381/1512 [01:32<00:02, 52.45step/s]
[Origin 8/13] 🎲 Drawing Posterior Samples:  92%|█████████▏| 1387/1512 [01:32<00:02, 52.41step/s]
[Origin 8/13] 🎲 Drawing Posterior Samples:  92%|█████████▏| 1393/1512 [01:32<00:02, 52.36step/s]
[Origin 8/13] 🎲 Drawing Posterior Samples:  93%|█████████▎| 1399/1512 [01:32<00:02, 52.34step/s]
[Origin 8/13] 🎲 Drawing Posterior Samples:  93%|█████████▎| 1405/1512 [01:33<00:02, 52.35step/s]
[Origin 8/13] 🎲 Drawing Posterior Samples:  93%|█████████▎| 1411/1512 [01:33<00:01, 52.33step/s]
[Origin 8/13] 🎲 Drawing Posterior Samples:  94%|█████████▎| 1417/1512 [01:33<00:01, 52.35step/s]
[Origin 8/13] 🎲 Drawing Posterior Samples:  94%|█████████▍| 1423/1512 [01:33<00:01, 52.40step/s]
[Origin 8/13] 🎲 Drawing Posterior Samples:  95%|█████████▍| 1429/1512 [01:33<00:01, 52.45step/s]
[Origin 8/13] 🎲 Drawing Posterior Samples:  95%|█████████▍| 1435/1512 [01:33<00:01, 52.49step/s]
[Origin 8/13] 🎲 Drawing Posterior Samples:  95%|█████████▌| 1441/1512 [01:33<00:01, 52.46step/s]
[Origin 8/13] 🎲 Drawing Posterior Samples:  96%|█████████▌| 1447/1512 [01:33<00:01, 52.40step/s]
[Origin 8/13] 🎲 Drawing Posterior Samples:  96%|█████████▌| 1453/1512 [01:33<00:01, 52.38step/s]
[Origin 8/13] 🎲 Drawing Posterior Samples:  96%|█████████▋| 1459/1512 [01:34<00:01, 52.38step/s]
[Origin 8/13] 🎲 Drawing Posterior Samples:  97%|█████████▋| 1465/1512 [01:34<00:00, 52.31step/s]
[Origin 8/13] 🎲 Drawing Posterior Samples:  97%|█████████▋| 1471/1512 [01:34<00:00, 52.30step/s]
[Origin 8/13] 🎲 Drawing Posterior Samples:  98%|█████████▊| 1477/1512 [01:34<00:00, 36.38step/s]
[Origin 8/13] 🎲 Drawing Posterior Samples:  98%|█████████▊| 1482/1512 [01:35<00:02, 14.92step/s]
[Origin 8/13] 🎲 Drawing Posterior Samples:  98%|█████████▊| 1486/1512 [01:36<00:02, 11.17step/s]
[Origin 8/13] 🎲 Drawing Posterior Samples:  98%|█████████▊| 1489/1512 [01:36<00:02,  9.66step/s]
[Origin 8/13] 🎲 Drawing Posterior Samples:  99%|█████████▊| 1491/1512 [01:36<00:02,  8.76step/s]
[Origin 8/13] 🎲 Drawing Posterior Samples:  99%|█████████▊| 1493/1512 [01:37<00:02,  8.08step/s]
[Origin 8/13] 🎲 Drawing Posterior Samples:  99%|█████████▉| 1495/1512 [01:37<00:02,  7.61step/s]
[Origin 8/13] 🎲 Drawing Posterior Samples:  99%|█████████▉| 1497/1512 [01:38<00:02,  6.43step/s]
[Origin 8/13] 🎲 Drawing Posterior Samples:  99%|█████████▉| 1498/1512 [01:38<00:02,  6.39step/s]
[Origin 8/13] 🎲 Drawing Posterior Samples:  99%|█████████▉| 1499/1512 [01:38<00:02,  6.37step/s]
[Origin 8/13] 🎲 Drawing Posterior Samples:  99%|█████████▉| 1500/1512 [01:38<00:01,  6.47step/s]
[Origin 8/13] 🎲 Drawing Posterior Samples:  99%|█████████▉| 1501/1512 [01:38<00:01,  6.31step/s]
[Origin 8/13] 🎲 Drawing Posterior Samples:  99%|█████████▉| 1502/1512 [01:38<00:01,  6.30step/s]
[Origin 8/13] 🎲 Drawing Posterior Samples:  99%|█████████▉| 1503/1512 [01:39<00:01,  6.30step/s]
[Origin 8/13] 🎲 Drawing Posterior Samples:  99%|█████████▉| 1504/1512 [01:39<00:01,  6.26step/s]
[Origin 8/13] 🎲 Drawing Posterior Samples: 100%|█████████▉| 1505/1512 [01:39<00:01,  6.11step/s]
[Origin 8/13] 🎲 Drawing Posterior Samples: 100%|█████████▉| 1506/1512 [01:39<00:01,  5.99step/s]
[Origin 8/13] 🎲 Drawing Posterior Samples: 100%|█████████▉| 1507/1512 [01:39<00:00,  5.71step/s]
[Origin 8/13] 🎲 Drawing Posterior Samples: 100%|█████████▉| 1508/1512 [01:39<00:00,  5.50step/s]
[Origin 8/13] 🎲 Drawing Posterior Samples: 100%|█████████▉| 1509/1512 [01:40<00:00,  5.27step/s]
[Origin 8/13] 🎲 Drawing Posterior Samples: 100%|█████████▉| 1510/1512 [01:40<00:00,  5.18step/s]
[Origin 8/13] 🎲 Drawing Posterior Samples: 100%|█████████▉| 1511/1512 [01:40<00:00,  5.15step/s]
[Origin 8/13] 🎲 Drawing Posterior Samples: 100%|██████████| 1512/1512 [01:40<00:00,  5.19step/s]
                                                                                                 

[Origin 9/13] 🎲 Drawing Posterior Samples:   0%|          | 0/1516 [00:00<?, ?step/s]
[Origin 9/13] 🎲 Drawing Posterior Samples:   0%|          | 7/1516 [00:00<00:25, 59.76step/s]
[Origin 9/13] 🎲 Drawing Posterior Samples:   1%|          | 13/1516 [00:00<00:26, 55.76step/s]
[Origin 9/13] 🎲 Drawing Posterior Samples:   1%|▏         | 19/1516 [00:00<00:27, 54.49step/s]
[Origin 9/13] 🎲 Drawing Posterior Samples:   2%|▏         | 25/1516 [00:00<00:27, 53.94step/s]
[Origin 9/13] 🎲 Drawing Posterior Samples:   2%|▏         | 31/1516 [00:00<00:27, 53.56step/s]
[Origin 9/13] 🎲 Drawing Posterior Samples:   2%|▏         | 37/1516 [00:00<00:27, 53.35step/s]
[Origin 9/13] 🎲 Drawing Posterior Samples:   3%|▎         | 43/1516 [00:00<00:27, 53.23step/s]
[Origin 9/13] 🎲 Drawing Posterior Samples:   3%|▎         | 49/1516 [00:00<00:27, 53.06step/s]
[Origin 9/13] 🎲 Drawing Posterior Samples:   4%|▎         | 55/1516 [00:01<00:27, 52.88step/s]
[Origin 9/13] 🎲 Drawing Posterior Samples:   4%|▍         | 61/1516 [00:01<00:27, 52.65step/s]
[Origin 9/13] 🎲 Drawing Posterior Samples:   4%|▍         | 67/1516 [00:01<00:27, 52.51step/s]
[Origin 9/13] 🎲 Drawing Posterior Samples:   5%|▍         | 73/1516 [00:01<00:27, 52.39step/s]
[Origin 9/13] 🎲 Drawing Posterior Samples:   5%|▌         | 79/1516 [00:01<00:27, 52.31step/s]
[Origin 9/13] 🎲 Drawing Posterior Samples:   6%|▌         | 85/1516 [00:01<00:27, 52.30step/s]
[Origin 9/13] 🎲 Drawing Posterior Samples:   6%|▌         | 91/1516 [00:01<00:27, 52.44step/s]
[Origin 9/13] 🎲 Drawing Posterior Samples:   6%|▋         | 97/1516 [00:01<00:27, 52.52step/s]
[Origin 9/13] 🎲 Drawing Posterior Samples:   7%|▋         | 103/1516 [00:01<00:26, 52.58step/s]
[Origin 9/13] 🎲 Drawing Posterior Samples:   7%|▋         | 109/1516 [00:02<00:26, 52.68step/s]
[Origin 9/13] 🎲 Drawing Posterior Samples:   8%|▊         | 115/1516 [00:02<00:26, 52.67step/s]
[Origin 9/13] 🎲 Drawing Posterior Samples:   8%|▊         | 121/1516 [00:02<00:26, 52.58step/s]
[Origin 9/13] 🎲 Drawing Posterior Samples:   8%|▊         | 127/1516 [00:02<00:26, 52.51step/s]
[Origin 9/13] 🎲 Drawing Posterior Samples:   9%|▉         | 133/1516 [00:02<00:26, 52.42step/s]
[Origin 9/13] 🎲 Drawing Posterior Samples:   9%|▉         | 139/1516 [00:02<00:26, 52.36step/s]
[Origin 9/13] 🎲 Drawing Posterior Samples:  10%|▉         | 145/1516 [00:02<00:26, 52.39step/s]
[Origin 9/13] 🎲 Drawing Posterior Samples:  10%|▉         | 151/1516 [00:02<00:26, 52.49step/s]
[Origin 9/13] 🎲 Drawing Posterior Samples:  10%|█         | 157/1516 [00:02<00:25, 52.55step/s]
[Origin 9/13] 🎲 Drawing Posterior Samples:  11%|█         | 163/1516 [00:03<00:25, 52.64step/s]
[Origin 9/13] 🎲 Drawing Posterior Samples:  11%|█         | 169/1516 [00:03<00:25, 52.65step/s]
[Origin 9/13] 🎲 Drawing Posterior Samples:  12%|█▏        | 175/1516 [00:03<00:25, 52.53step/s]
[Origin 9/13] 🎲 Drawing Posterior Samples:  12%|█▏        | 181/1516 [00:03<00:25, 52.42step/s]
[Origin 9/13] 🎲 Drawing Posterior Samples:  12%|█▏        | 187/1516 [00:03<00:25, 52.40step/s]
[Origin 9/13] 🎲 Drawing Posterior Samples:  13%|█▎        | 193/1516 [00:03<00:25, 52.35step/s]
[Origin 9/13] 🎲 Drawing Posterior Samples:  13%|█▎        | 199/1516 [00:03<00:25, 52.34step/s]
[Origin 9/13] 🎲 Drawing Posterior Samples:  14%|█▎        | 205/1516 [00:03<00:25, 52.36step/s]
[Origin 9/13] 🎲 Drawing Posterior Samples:  14%|█▍        | 211/1516 [00:03<00:24, 52.43step/s]
[Origin 9/13] 🎲 Drawing Posterior Samples:  14%|█▍        | 217/1516 [00:04<00:24, 52.54step/s]
[Origin 9/13] 🎲 Drawing Posterior Samples:  15%|█▍        | 223/1516 [00:04<00:24, 52.62step/s]
[Origin 9/13] 🎲 Drawing Posterior Samples:  15%|█▌        | 229/1516 [00:04<00:24, 52.60step/s]
[Origin 9/13] 🎲 Drawing Posterior Samples:  16%|█▌        | 235/1516 [00:04<00:24, 52.53step/s]
[Origin 9/13] 🎲 Drawing Posterior Samples:  16%|█▌        | 241/1516 [00:04<00:24, 52.44step/s]
[Origin 9/13] 🎲 Drawing Posterior Samples:  16%|█▋        | 247/1516 [00:04<00:24, 52.40step/s]
[Origin 9/13] 🎲 Drawing Posterior Samples:  17%|█▋        | 253/1516 [00:04<00:24, 52.35step/s]
[Origin 9/13] 🎲 Drawing Posterior Samples:  17%|█▋        | 259/1516 [00:04<00:24, 52.34step/s]
[Origin 9/13] 🎲 Drawing Posterior Samples:  17%|█▋        | 265/1516 [00:05<00:23, 52.38step/s]
[Origin 9/13] 🎲 Drawing Posterior Samples:  18%|█▊        | 271/1516 [00:05<00:23, 52.42step/s]
[Origin 9/13] 🎲 Drawing Posterior Samples:  18%|█▊        | 277/1516 [00:05<00:23, 52.52step/s]
[Origin 9/13] 🎲 Drawing Posterior Samples:  19%|█▊        | 283/1516 [00:05<00:23, 52.57step/s]
[Origin 9/13] 🎲 Drawing Posterior Samples:  19%|█▉        | 289/1516 [00:05<00:23, 52.54step/s]
[Origin 9/13] 🎲 Drawing Posterior Samples:  19%|█▉        | 295/1516 [00:05<00:23, 52.41step/s]
[Origin 9/13] 🎲 Drawing Posterior Samples:  20%|█▉        | 301/1516 [00:05<00:23, 52.40step/s]
[Origin 9/13] 🎲 Drawing Posterior Samples:  20%|██        | 307/1516 [00:05<00:23, 52.37step/s]
[Origin 9/13] 🎲 Drawing Posterior Samples:  21%|██        | 313/1516 [00:05<00:22, 52.37step/s]
[Origin 9/13] 🎲 Drawing Posterior Samples:  21%|██        | 319/1516 [00:06<00:22, 52.37step/s]
[Origin 9/13] 🎲 Drawing Posterior Samples:  21%|██▏       | 325/1516 [00:06<00:22, 52.35step/s]
[Origin 9/13] 🎲 Drawing Posterior Samples:  22%|██▏       | 331/1516 [00:06<00:22, 52.35step/s]
[Origin 9/13] 🎲 Drawing Posterior Samples:  22%|██▏       | 337/1516 [00:06<00:22, 52.46step/s]
[Origin 9/13] 🎲 Drawing Posterior Samples:  23%|██▎       | 343/1516 [00:06<00:22, 52.50step/s]
[Origin 9/13] 🎲 Drawing Posterior Samples:  23%|██▎       | 349/1516 [00:07<01:16, 15.16step/s]
[Origin 9/13] 🎲 Drawing Posterior Samples:  23%|██▎       | 353/1516 [00:08<01:41, 11.43step/s]
[Origin 9/13] 🎲 Drawing Posterior Samples:  23%|██▎       | 356/1516 [00:08<01:58,  9.82step/s]
[Origin 9/13] 🎲 Drawing Posterior Samples:  24%|██▎       | 359/1516 [00:09<02:19,  8.28step/s]
[Origin 9/13] 🎲 Drawing Posterior Samples:  24%|██▍       | 361/1516 [00:09<02:28,  7.77step/s]
[Origin 9/13] 🎲 Drawing Posterior Samples:  24%|██▍       | 363/1516 [00:09<02:38,  7.29step/s]
[Origin 9/13] 🎲 Drawing Posterior Samples:  24%|██▍       | 365/1516 [00:10<02:45,  6.96step/s]
[Origin 9/13] 🎲 Drawing Posterior Samples:  24%|██▍       | 366/1516 [00:10<02:48,  6.84step/s]
[Origin 9/13] 🎲 Drawing Posterior Samples:  24%|██▍       | 367/1516 [00:10<02:51,  6.72step/s]
[Origin 9/13] 🎲 Drawing Posterior Samples:  24%|██▍       | 368/1516 [00:10<02:55,  6.55step/s]
[Origin 9/13] 🎲 Drawing Posterior Samples:  24%|██▍       | 369/1516 [00:10<02:57,  6.47step/s]
[Origin 9/13] 🎲 Drawing Posterior Samples:  24%|██▍       | 370/1516 [00:11<03:01,  6.32step/s]
[Origin 9/13] 🎲 Drawing Posterior Samples:  24%|██▍       | 371/1516 [00:11<03:03,  6.23step/s]
[Origin 9/13] 🎲 Drawing Posterior Samples:  25%|██▍       | 372/1516 [00:11<03:02,  6.27step/s]
[Origin 9/13] 🎲 Drawing Posterior Samples:  25%|██▍       | 373/1516 [00:11<03:04,  6.19step/s]
[Origin 9/13] 🎲 Drawing Posterior Samples:  25%|██▍       | 374/1516 [00:11<03:06,  6.12step/s]
[Origin 9/13] 🎲 Drawing Posterior Samples:  25%|██▍       | 375/1516 [00:11<03:08,  6.06step/s]
[Origin 9/13] 🎲 Drawing Posterior Samples:  25%|██▍       | 376/1516 [00:12<03:12,  5.92step/s]
[Origin 9/13] 🎲 Drawing Posterior Samples:  25%|██▍       | 377/1516 [00:12<03:09,  6.00step/s]
[Origin 9/13] 🎲 Drawing Posterior Samples:  25%|██▍       | 378/1516 [00:12<03:15,  5.81step/s]
[Origin 9/13] 🎲 Drawing Posterior Samples:  25%|██▌       | 379/1516 [00:12<03:08,  6.04step/s]
[Origin 9/13] 🎲 Drawing Posterior Samples:  25%|██▌       | 380/1516 [00:29<1:35:16,  5.03s/step]
[Origin 9/13] 🎲 Drawing Posterior Samples:  25%|██▌       | 386/1516 [00:29<26:56,  1.43s/step]  
[Origin 9/13] 🎲 Drawing Posterior Samples:  26%|██▌       | 392/1516 [00:29<13:24,  1.40step/s]
[Origin 9/13] 🎲 Drawing Posterior Samples:  26%|██▋       | 398/1516 [00:29<07:53,  2.36step/s]
[Origin 9/13] 🎲 Drawing Posterior Samples:  27%|██▋       | 404/1516 [00:29<05:02,  3.68step/s]
[Origin 9/13] 🎲 Drawing Posterior Samples:  27%|██▋       | 410/1516 [00:29<03:22,  5.45step/s]
[Origin 9/13] 🎲 Drawing Posterior Samples:  27%|██▋       | 416/1516 [00:29<02:21,  7.77step/s]
[Origin 9/13] 🎲 Drawing Posterior Samples:  28%|██▊       | 422/1516 [00:29<01:42, 10.71step/s]
[Origin 9/13] 🎲 Drawing Posterior Samples:  28%|██▊       | 428/1516 [00:30<01:16, 14.30step/s]
[Origin 9/13] 🎲 Drawing Posterior Samples:  29%|██▊       | 434/1516 [00:30<00:58, 18.47step/s]
[Origin 9/13] 🎲 Drawing Posterior Samples:  29%|██▉       | 440/1516 [00:30<00:46, 23.05step/s]
[Origin 9/13] 🎲 Drawing Posterior Samples:  29%|██▉       | 446/1516 [00:30<00:38, 27.78step/s]
[Origin 9/13] 🎲 Drawing Posterior Samples:  30%|██▉       | 452/1516 [00:30<00:32, 32.35step/s]
[Origin 9/13] 🎲 Drawing Posterior Samples:  30%|███       | 458/1516 [00:30<00:28, 36.58step/s]
[Origin 9/13] 🎲 Drawing Posterior Samples:  31%|███       | 464/1516 [00:30<00:26, 40.26step/s]
[Origin 9/13] 🎲 Drawing Posterior Samples:  31%|███       | 470/1516 [00:30<00:24, 43.31step/s]
[Origin 9/13] 🎲 Drawing Posterior Samples:  31%|███▏      | 476/1516 [00:30<00:22, 45.76step/s]
[Origin 9/13] 🎲 Drawing Posterior Samples:  32%|███▏      | 482/1516 [00:31<00:21, 47.68step/s]
[Origin 9/13] 🎲 Drawing Posterior Samples:  32%|███▏      | 488/1516 [00:31<00:20, 49.08step/s]
[Origin 9/13] 🎲 Drawing Posterior Samples:  33%|███▎      | 494/1516 [00:31<00:20, 50.01step/s]
[Origin 9/13] 🎲 Drawing Posterior Samples:  33%|███▎      | 500/1516 [00:31<00:20, 50.69step/s]
[Origin 9/13] 🎲 Drawing Posterior Samples:  33%|███▎      | 506/1516 [00:31<00:20, 49.63step/s]
[Origin 9/13] 🎲 Drawing Posterior Samples:  34%|███▍      | 512/1516 [00:31<00:19, 50.44step/s]
[Origin 9/13] 🎲 Drawing Posterior Samples:  34%|███▍      | 518/1516 [00:31<00:19, 50.98step/s]
[Origin 9/13] 🎲 Drawing Posterior Samples:  35%|███▍      | 524/1516 [00:31<00:19, 51.42step/s]
[Origin 9/13] 🎲 Drawing Posterior Samples:  35%|███▍      | 530/1516 [00:32<00:19, 51.45step/s]
[Origin 9/13] 🎲 Drawing Posterior Samples:  35%|███▌      | 536/1516 [00:32<00:18, 52.06step/s]
[Origin 9/13] 🎲 Drawing Posterior Samples:  36%|███▌      | 542/1516 [00:32<00:18, 52.23step/s]
[Origin 9/13] 🎲 Drawing Posterior Samples:  36%|███▌      | 548/1516 [00:32<00:18, 52.39step/s]
[Origin 9/13] 🎲 Drawing Posterior Samples:  37%|███▋      | 554/1516 [00:32<00:18, 52.42step/s]
[Origin 9/13] 🎲 Drawing Posterior Samples:  37%|███▋      | 560/1516 [00:32<00:18, 52.35step/s]
[Origin 9/13] 🎲 Drawing Posterior Samples:  37%|███▋      | 566/1516 [00:32<00:18, 52.29step/s]
[Origin 9/13] 🎲 Drawing Posterior Samples:  38%|███▊      | 572/1516 [00:32<00:18, 52.25step/s]
[Origin 9/13] 🎲 Drawing Posterior Samples:  38%|███▊      | 578/1516 [00:32<00:17, 52.27step/s]
[Origin 9/13] 🎲 Drawing Posterior Samples:  39%|███▊      | 584/1516 [00:33<00:17, 52.27step/s]
[Origin 9/13] 🎲 Drawing Posterior Samples:  39%|███▉      | 590/1516 [00:33<00:17, 52.37step/s]
[Origin 9/13] 🎲 Drawing Posterior Samples:  39%|███▉      | 596/1516 [00:33<00:17, 52.42step/s]
[Origin 9/13] 🎲 Drawing Posterior Samples:  40%|███▉      | 602/1516 [00:33<00:17, 52.45step/s]
[Origin 9/13] 🎲 Drawing Posterior Samples:  40%|████      | 608/1516 [00:33<00:17, 52.38step/s]
[Origin 9/13] 🎲 Drawing Posterior Samples:  41%|████      | 614/1516 [00:33<00:17, 52.39step/s]
[Origin 9/13] 🎲 Drawing Posterior Samples:  41%|████      | 620/1516 [00:33<00:17, 52.34step/s]
[Origin 9/13] 🎲 Drawing Posterior Samples:  41%|████▏     | 626/1516 [00:33<00:17, 52.32step/s]
[Origin 9/13] 🎲 Drawing Posterior Samples:  42%|████▏     | 632/1516 [00:33<00:16, 52.32step/s]
[Origin 9/13] 🎲 Drawing Posterior Samples:  42%|████▏     | 638/1516 [00:34<00:16, 52.34step/s]
[Origin 9/13] 🎲 Drawing Posterior Samples:  42%|████▏     | 644/1516 [00:34<00:16, 52.32step/s]
[Origin 9/13] 🎲 Drawing Posterior Samples:  43%|████▎     | 650/1516 [00:34<00:16, 52.31step/s]
[Origin 9/13] 🎲 Drawing Posterior Samples:  43%|████▎     | 656/1516 [00:34<00:16, 52.38step/s]
[Origin 9/13] 🎲 Drawing Posterior Samples:  44%|████▎     | 662/1516 [00:34<00:16, 52.42step/s]
[Origin 9/13] 🎲 Drawing Posterior Samples:  44%|████▍     | 668/1516 [00:34<00:16, 52.41step/s]
[Origin 9/13] 🎲 Drawing Posterior Samples:  44%|████▍     | 674/1516 [00:34<00:16, 52.48step/s]
[Origin 9/13] 🎲 Drawing Posterior Samples:  45%|████▍     | 680/1516 [00:34<00:15, 52.47step/s]
[Origin 9/13] 🎲 Drawing Posterior Samples:  45%|████▌     | 686/1516 [00:34<00:15, 52.40step/s]
[Origin 9/13] 🎲 Drawing Posterior Samples:  46%|████▌     | 692/1516 [00:35<00:15, 52.22step/s]
[Origin 9/13] 🎲 Drawing Posterior Samples:  46%|████▌     | 698/1516 [00:35<00:15, 52.13step/s]
[Origin 9/13] 🎲 Drawing Posterior Samples:  46%|████▋     | 704/1516 [00:35<00:15, 51.84step/s]
[Origin 9/13] 🎲 Drawing Posterior Samples:  47%|████▋     | 710/1516 [00:35<00:15, 51.73step/s]
[Origin 9/13] 🎲 Drawing Posterior Samples:  47%|████▋     | 716/1516 [00:35<00:15, 51.73step/s]
[Origin 9/13] 🎲 Drawing Posterior Samples:  48%|████▊     | 722/1516 [00:35<00:15, 51.92step/s]
[Origin 9/13] 🎲 Drawing Posterior Samples:  48%|████▊     | 728/1516 [00:36<00:49, 16.00step/s]
[Origin 9/13] 🎲 Drawing Posterior Samples:  48%|████▊     | 732/1516 [00:37<01:06, 11.88step/s]
[Origin 9/13] 🎲 Drawing Posterior Samples:  48%|████▊     | 735/1516 [00:37<01:17, 10.02step/s]
[Origin 9/13] 🎲 Drawing Posterior Samples:  49%|████▊     | 738/1516 [00:38<01:28,  8.75step/s]
[Origin 9/13] 🎲 Drawing Posterior Samples:  49%|████▉     | 740/1516 [00:38<01:37,  7.95step/s]
[Origin 9/13] 🎲 Drawing Posterior Samples:  49%|████▉     | 742/1516 [00:39<01:49,  7.05step/s]
[Origin 9/13] 🎲 Drawing Posterior Samples:  49%|████▉     | 744/1516 [00:39<01:56,  6.62step/s]
[Origin 9/13] 🎲 Drawing Posterior Samples:  49%|████▉     | 745/1516 [00:39<02:01,  6.37step/s]
[Origin 9/13] 🎲 Drawing Posterior Samples:  49%|████▉     | 746/1516 [00:39<02:05,  6.15step/s]
[Origin 9/13] 🎲 Drawing Posterior Samples:  49%|████▉     | 747/1516 [00:40<02:09,  5.96step/s]
[Origin 9/13] 🎲 Drawing Posterior Samples:  49%|████▉     | 748/1516 [00:40<02:11,  5.83step/s]
[Origin 9/13] 🎲 Drawing Posterior Samples:  49%|████▉     | 749/1516 [00:40<02:15,  5.64step/s]
[Origin 9/13] 🎲 Drawing Posterior Samples:  49%|████▉     | 750/1516 [00:40<02:21,  5.41step/s]
[Origin 9/13] 🎲 Drawing Posterior Samples:  50%|████▉     | 751/1516 [00:40<02:26,  5.22step/s]
[Origin 9/13] 🎲 Drawing Posterior Samples:  50%|████▉     | 752/1516 [00:41<02:34,  4.95step/s]
[Origin 9/13] 🎲 Drawing Posterior Samples:  50%|████▉     | 753/1516 [00:41<02:34,  4.93step/s]
[Origin 9/13] 🎲 Drawing Posterior Samples:  50%|████▉     | 754/1516 [00:41<02:35,  4.91step/s]
[Origin 9/13] 🎲 Drawing Posterior Samples:  50%|████▉     | 755/1516 [00:41<02:37,  4.83step/s]
[Origin 9/13] 🎲 Drawing Posterior Samples:  50%|████▉     | 756/1516 [00:41<02:35,  4.89step/s]
[Origin 9/13] 🎲 Drawing Posterior Samples:  50%|████▉     | 757/1516 [00:42<02:30,  5.04step/s]
[Origin 9/13] 🎲 Drawing Posterior Samples:  50%|█████     | 758/1516 [00:42<02:31,  5.01step/s]
[Origin 9/13] 🎲 Drawing Posterior Samples:  50%|█████     | 759/1516 [00:58<1:03:18,  5.02s/step]
[Origin 9/13] 🎲 Drawing Posterior Samples:  50%|█████     | 765/1516 [00:58<17:51,  1.43s/step]  
[Origin 9/13] 🎲 Drawing Posterior Samples:  51%|█████     | 771/1516 [00:58<08:51,  1.40step/s]
[Origin 9/13] 🎲 Drawing Posterior Samples:  51%|█████▏    | 777/1516 [00:58<05:11,  2.37step/s]
[Origin 9/13] 🎲 Drawing Posterior Samples:  52%|█████▏    | 783/1516 [00:59<03:18,  3.69step/s]
[Origin 9/13] 🎲 Drawing Posterior Samples:  52%|█████▏    | 789/1516 [00:59<02:13,  5.46step/s]
[Origin 9/13] 🎲 Drawing Posterior Samples:  52%|█████▏    | 795/1516 [00:59<01:32,  7.78step/s]
[Origin 9/13] 🎲 Drawing Posterior Samples:  53%|█████▎    | 801/1516 [00:59<01:06, 10.73step/s]
[Origin 9/13] 🎲 Drawing Posterior Samples:  53%|█████▎    | 807/1516 [00:59<00:49, 14.33step/s]
[Origin 9/13] 🎲 Drawing Posterior Samples:  54%|█████▎    | 813/1516 [00:59<00:37, 18.50step/s]
[Origin 9/13] 🎲 Drawing Posterior Samples:  54%|█████▍    | 819/1516 [00:59<00:30, 23.07step/s]
[Origin 9/13] 🎲 Drawing Posterior Samples:  54%|█████▍    | 825/1516 [00:59<00:24, 27.79step/s]
[Origin 9/13] 🎲 Drawing Posterior Samples:  55%|█████▍    | 831/1516 [01:00<00:21, 32.38step/s]
[Origin 9/13] 🎲 Drawing Posterior Samples:  55%|█████▌    | 837/1516 [01:00<00:18, 36.55step/s]
[Origin 9/13] 🎲 Drawing Posterior Samples:  56%|█████▌    | 843/1516 [01:00<00:16, 40.23step/s]
[Origin 9/13] 🎲 Drawing Posterior Samples:  56%|█████▌    | 849/1516 [01:00<00:15, 43.25step/s]
[Origin 9/13] 🎲 Drawing Posterior Samples:  56%|█████▋    | 855/1516 [01:00<00:14, 45.73step/s]
[Origin 9/13] 🎲 Drawing Posterior Samples:  57%|█████▋    | 861/1516 [01:00<00:13, 47.61step/s]
[Origin 9/13] 🎲 Drawing Posterior Samples:  57%|█████▋    | 867/1516 [01:00<00:13, 49.07step/s]
[Origin 9/13] 🎲 Drawing Posterior Samples:  58%|█████▊    | 873/1516 [01:00<00:12, 50.01step/s]
[Origin 9/13] 🎲 Drawing Posterior Samples:  58%|█████▊    | 879/1516 [01:00<00:12, 50.62step/s]
[Origin 9/13] 🎲 Drawing Posterior Samples:  58%|█████▊    | 885/1516 [01:01<00:12, 51.10step/s]
[Origin 9/13] 🎲 Drawing Posterior Samples:  59%|█████▉    | 891/1516 [01:01<00:12, 51.35step/s]
[Origin 9/13] 🎲 Drawing Posterior Samples:  59%|█████▉    | 897/1516 [01:01<00:12, 51.27step/s]
[Origin 9/13] 🎲 Drawing Posterior Samples:  60%|█████▉    | 903/1516 [01:01<00:12, 51.01step/s]
[Origin 9/13] 🎲 Drawing Posterior Samples:  60%|█████▉    | 909/1516 [01:01<00:11, 51.15step/s]
[Origin 9/13] 🎲 Drawing Posterior Samples:  60%|██████    | 915/1516 [01:01<00:11, 51.55step/s]
[Origin 9/13] 🎲 Drawing Posterior Samples:  61%|██████    | 921/1516 [01:01<00:11, 51.81step/s]
[Origin 9/13] 🎲 Drawing Posterior Samples:  61%|██████    | 927/1516 [01:01<00:11, 52.07step/s]
[Origin 9/13] 🎲 Drawing Posterior Samples:  62%|██████▏   | 933/1516 [01:01<00:11, 52.23step/s]
[Origin 9/13] 🎲 Drawing Posterior Samples:  62%|██████▏   | 939/1516 [01:02<00:11, 52.30step/s]
[Origin 9/13] 🎲 Drawing Posterior Samples:  62%|██████▏   | 945/1516 [01:02<00:10, 52.30step/s]
[Origin 9/13] 🎲 Drawing Posterior Samples:  63%|██████▎   | 951/1516 [01:02<00:10, 52.33step/s]
[Origin 9/13] 🎲 Drawing Posterior Samples:  63%|██████▎   | 957/1516 [01:02<00:10, 52.33step/s]
[Origin 9/13] 🎲 Drawing Posterior Samples:  64%|██████▎   | 963/1516 [01:02<00:10, 52.29step/s]
[Origin 9/13] 🎲 Drawing Posterior Samples:  64%|██████▍   | 969/1516 [01:02<00:10, 52.29step/s]
[Origin 9/13] 🎲 Drawing Posterior Samples:  64%|██████▍   | 975/1516 [01:02<00:10, 52.30step/s]
[Origin 9/13] 🎲 Drawing Posterior Samples:  65%|██████▍   | 981/1516 [01:02<00:10, 52.35step/s]
[Origin 9/13] 🎲 Drawing Posterior Samples:  65%|██████▌   | 987/1516 [01:03<00:10, 52.41step/s]
[Origin 9/13] 🎲 Drawing Posterior Samples:  66%|██████▌   | 993/1516 [01:03<00:09, 52.50step/s]
[Origin 9/13] 🎲 Drawing Posterior Samples:  66%|██████▌   | 999/1516 [01:03<00:09, 52.46step/s]
[Origin 9/13] 🎲 Drawing Posterior Samples:  66%|██████▋   | 1005/1516 [01:03<00:09, 52.45step/s]
[Origin 9/13] 🎲 Drawing Posterior Samples:  67%|██████▋   | 1011/1516 [01:03<00:09, 52.41step/s]
[Origin 9/13] 🎲 Drawing Posterior Samples:  67%|██████▋   | 1017/1516 [01:03<00:09, 52.38step/s]
[Origin 9/13] 🎲 Drawing Posterior Samples:  67%|██████▋   | 1023/1516 [01:03<00:09, 52.32step/s]
[Origin 9/13] 🎲 Drawing Posterior Samples:  68%|██████▊   | 1029/1516 [01:03<00:09, 52.31step/s]
[Origin 9/13] 🎲 Drawing Posterior Samples:  68%|██████▊   | 1035/1516 [01:03<00:09, 52.30step/s]
[Origin 9/13] 🎲 Drawing Posterior Samples:  69%|██████▊   | 1041/1516 [01:04<00:09, 52.32step/s]
[Origin 9/13] 🎲 Drawing Posterior Samples:  69%|██████▉   | 1047/1516 [01:04<00:08, 52.37step/s]
[Origin 9/13] 🎲 Drawing Posterior Samples:  69%|██████▉   | 1053/1516 [01:04<00:08, 52.44step/s]
[Origin 9/13] 🎲 Drawing Posterior Samples:  70%|██████▉   | 1059/1516 [01:04<00:08, 52.45step/s]
[Origin 9/13] 🎲 Drawing Posterior Samples:  70%|███████   | 1065/1516 [01:04<00:08, 52.44step/s]
[Origin 9/13] 🎲 Drawing Posterior Samples:  71%|███████   | 1071/1516 [01:04<00:08, 52.42step/s]
[Origin 9/13] 🎲 Drawing Posterior Samples:  71%|███████   | 1077/1516 [01:04<00:08, 52.39step/s]
[Origin 9/13] 🎲 Drawing Posterior Samples:  71%|███████▏  | 1083/1516 [01:04<00:08, 52.37step/s]
[Origin 9/13] 🎲 Drawing Posterior Samples:  72%|███████▏  | 1089/1516 [01:04<00:08, 52.32step/s]
[Origin 9/13] 🎲 Drawing Posterior Samples:  72%|███████▏  | 1095/1516 [01:05<00:08, 52.31step/s]
[Origin 9/13] 🎲 Drawing Posterior Samples:  73%|███████▎  | 1101/1516 [01:05<00:07, 52.35step/s]
[Origin 9/13] 🎲 Drawing Posterior Samples:  73%|███████▎  | 1107/1516 [01:06<00:26, 15.20step/s]
[Origin 9/13] 🎲 Drawing Posterior Samples:  73%|███████▎  | 1111/1516 [01:06<00:35, 11.37step/s]
[Origin 9/13] 🎲 Drawing Posterior Samples:  73%|███████▎  | 1114/1516 [01:07<00:42,  9.52step/s]
[Origin 9/13] 🎲 Drawing Posterior Samples:  74%|███████▎  | 1117/1516 [01:07<00:47,  8.43step/s]
[Origin 9/13] 🎲 Drawing Posterior Samples:  74%|███████▍  | 1119/1516 [01:08<00:50,  7.83step/s]
[Origin 9/13] 🎲 Drawing Posterior Samples:  74%|███████▍  | 1121/1516 [01:08<00:52,  7.45step/s]
[Origin 9/13] 🎲 Drawing Posterior Samples:  74%|███████▍  | 1123/1516 [01:08<00:56,  6.93step/s]
[Origin 9/13] 🎲 Drawing Posterior Samples:  74%|███████▍  | 1124/1516 [01:09<00:58,  6.75step/s]
[Origin 9/13] 🎲 Drawing Posterior Samples:  74%|███████▍  | 1125/1516 [01:09<01:00,  6.50step/s]
[Origin 9/13] 🎲 Drawing Posterior Samples:  74%|███████▍  | 1126/1516 [01:09<01:03,  6.15step/s]
[Origin 9/13] 🎲 Drawing Posterior Samples:  74%|███████▍  | 1127/1516 [01:09<01:06,  5.86step/s]
[Origin 9/13] 🎲 Drawing Posterior Samples:  74%|███████▍  | 1128/1516 [01:09<01:08,  5.65step/s]
[Origin 9/13] 🎲 Drawing Posterior Samples:  74%|███████▍  | 1129/1516 [01:10<01:11,  5.41step/s]
[Origin 9/13] 🎲 Drawing Posterior Samples:  75%|███████▍  | 1130/1516 [01:10<01:12,  5.35step/s]
[Origin 9/13] 🎲 Drawing Posterior Samples:  75%|███████▍  | 1131/1516 [01:10<01:12,  5.34step/s]
[Origin 9/13] 🎲 Drawing Posterior Samples:  75%|███████▍  | 1132/1516 [01:10<01:12,  5.33step/s]
[Origin 9/13] 🎲 Drawing Posterior Samples:  75%|███████▍  | 1133/1516 [01:10<01:13,  5.25step/s]
[Origin 9/13] 🎲 Drawing Posterior Samples:  75%|███████▍  | 1134/1516 [01:11<01:14,  5.12step/s]
[Origin 9/13] 🎲 Drawing Posterior Samples:  75%|███████▍  | 1135/1516 [01:11<01:14,  5.13step/s]
[Origin 9/13] 🎲 Drawing Posterior Samples:  75%|███████▍  | 1136/1516 [01:11<01:16,  4.96step/s]
[Origin 9/13] 🎲 Drawing Posterior Samples:  75%|███████▌  | 1137/1516 [01:11<01:15,  5.01step/s]
[Origin 9/13] 🎲 Drawing Posterior Samples:  75%|███████▌  | 1138/1516 [01:28<31:40,  5.03s/step]
[Origin 9/13] 🎲 Drawing Posterior Samples:  75%|███████▌  | 1144/1516 [01:28<08:51,  1.43s/step]
[Origin 9/13] 🎲 Drawing Posterior Samples:  76%|███████▌  | 1150/1516 [01:28<04:21,  1.40step/s]
[Origin 9/13] 🎲 Drawing Posterior Samples:  76%|███████▋  | 1156/1516 [01:28<02:32,  2.36step/s]
[Origin 9/13] 🎲 Drawing Posterior Samples:  77%|███████▋  | 1162/1516 [01:28<01:36,  3.68step/s]
[Origin 9/13] 🎲 Drawing Posterior Samples:  77%|███████▋  | 1168/1516 [01:28<01:03,  5.45step/s]
[Origin 9/13] 🎲 Drawing Posterior Samples:  77%|███████▋  | 1174/1516 [01:28<00:44,  7.77step/s]
[Origin 9/13] 🎲 Drawing Posterior Samples:  78%|███████▊  | 1180/1516 [01:28<00:31, 10.71step/s]
[Origin 9/13] 🎲 Drawing Posterior Samples:  78%|███████▊  | 1186/1516 [01:29<00:23, 14.30step/s]
[Origin 9/13] 🎲 Drawing Posterior Samples:  79%|███████▊  | 1192/1516 [01:29<00:17, 18.48step/s]
[Origin 9/13] 🎲 Drawing Posterior Samples:  79%|███████▉  | 1198/1516 [01:29<00:13, 23.04step/s]
[Origin 9/13] 🎲 Drawing Posterior Samples:  79%|███████▉  | 1204/1516 [01:29<00:11, 27.75step/s]
[Origin 9/13] 🎲 Drawing Posterior Samples:  80%|███████▉  | 1210/1516 [01:29<00:09, 32.30step/s]
[Origin 9/13] 🎲 Drawing Posterior Samples:  80%|████████  | 1216/1516 [01:29<00:08, 36.47step/s]
[Origin 9/13] 🎲 Drawing Posterior Samples:  81%|████████  | 1222/1516 [01:29<00:07, 40.11step/s]
[Origin 9/13] 🎲 Drawing Posterior Samples:  81%|████████  | 1228/1516 [01:29<00:06, 43.19step/s]
[Origin 9/13] 🎲 Drawing Posterior Samples:  81%|████████▏ | 1234/1516 [01:29<00:06, 45.68step/s]
[Origin 9/13] 🎲 Drawing Posterior Samples:  82%|████████▏ | 1240/1516 [01:30<00:05, 47.60step/s]
[Origin 9/13] 🎲 Drawing Posterior Samples:  82%|████████▏ | 1246/1516 [01:30<00:05, 49.04step/s]
[Origin 9/13] 🎲 Drawing Posterior Samples:  83%|████████▎ | 1252/1516 [01:30<00:05, 50.02step/s]
[Origin 9/13] 🎲 Drawing Posterior Samples:  83%|████████▎ | 1258/1516 [01:30<00:05, 50.67step/s]
[Origin 9/13] 🎲 Drawing Posterior Samples:  83%|████████▎ | 1264/1516 [01:30<00:04, 51.08step/s]
[Origin 9/13] 🎲 Drawing Posterior Samples:  84%|████████▍ | 1270/1516 [01:30<00:04, 51.35step/s]
[Origin 9/13] 🎲 Drawing Posterior Samples:  84%|████████▍ | 1276/1516 [01:30<00:04, 51.47step/s]
[Origin 9/13] 🎲 Drawing Posterior Samples:  85%|████████▍ | 1282/1516 [01:30<00:04, 51.65step/s]
[Origin 9/13] 🎲 Drawing Posterior Samples:  85%|████████▍ | 1288/1516 [01:30<00:04, 51.89step/s]
[Origin 9/13] 🎲 Drawing Posterior Samples:  85%|████████▌ | 1294/1516 [01:31<00:04, 52.07step/s]
[Origin 9/13] 🎲 Drawing Posterior Samples:  86%|████████▌ | 1300/1516 [01:31<00:04, 52.30step/s]
[Origin 9/13] 🎲 Drawing Posterior Samples:  86%|████████▌ | 1306/1516 [01:31<00:04, 52.43step/s]
[Origin 9/13] 🎲 Drawing Posterior Samples:  87%|████████▋ | 1312/1516 [01:31<00:03, 52.45step/s]
[Origin 9/13] 🎲 Drawing Posterior Samples:  87%|████████▋ | 1318/1516 [01:31<00:03, 50.78step/s]
[Origin 9/13] 🎲 Drawing Posterior Samples:  87%|████████▋ | 1324/1516 [01:31<00:03, 51.23step/s]
[Origin 9/13] 🎲 Drawing Posterior Samples:  88%|████████▊ | 1330/1516 [01:31<00:03, 51.58step/s]
[Origin 9/13] 🎲 Drawing Posterior Samples:  88%|████████▊ | 1336/1516 [01:31<00:03, 51.75step/s]
[Origin 9/13] 🎲 Drawing Posterior Samples:  89%|████████▊ | 1342/1516 [01:32<00:03, 51.93step/s]
[Origin 9/13] 🎲 Drawing Posterior Samples:  89%|████████▉ | 1348/1516 [01:32<00:03, 52.02step/s]
[Origin 9/13] 🎲 Drawing Posterior Samples:  89%|████████▉ | 1354/1516 [01:32<00:03, 52.19step/s]
[Origin 9/13] 🎲 Drawing Posterior Samples:  90%|████████▉ | 1360/1516 [01:32<00:02, 52.32step/s]
[Origin 9/13] 🎲 Drawing Posterior Samples:  90%|█████████ | 1366/1516 [01:32<00:02, 52.25step/s]
[Origin 9/13] 🎲 Drawing Posterior Samples:  91%|█████████ | 1372/1516 [01:32<00:02, 52.37step/s]
[Origin 9/13] 🎲 Drawing Posterior Samples:  91%|█████████ | 1378/1516 [01:32<00:02, 52.38step/s]
[Origin 9/13] 🎲 Drawing Posterior Samples:  91%|█████████▏| 1384/1516 [01:32<00:02, 52.43step/s]
[Origin 9/13] 🎲 Drawing Posterior Samples:  92%|█████████▏| 1390/1516 [01:32<00:02, 52.39step/s]
[Origin 9/13] 🎲 Drawing Posterior Samples:  92%|█████████▏| 1396/1516 [01:33<00:02, 52.37step/s]
[Origin 9/13] 🎲 Drawing Posterior Samples:  92%|█████████▏| 1402/1516 [01:33<00:02, 52.31step/s]
[Origin 9/13] 🎲 Drawing Posterior Samples:  93%|█████████▎| 1408/1516 [01:33<00:02, 52.33step/s]
[Origin 9/13] 🎲 Drawing Posterior Samples:  93%|█████████▎| 1414/1516 [01:33<00:01, 52.34step/s]
[Origin 9/13] 🎲 Drawing Posterior Samples:  94%|█████████▎| 1420/1516 [01:33<00:01, 52.39step/s]
[Origin 9/13] 🎲 Drawing Posterior Samples:  94%|█████████▍| 1426/1516 [01:33<00:01, 52.46step/s]
[Origin 9/13] 🎲 Drawing Posterior Samples:  94%|█████████▍| 1432/1516 [01:33<00:01, 52.48step/s]
[Origin 9/13] 🎲 Drawing Posterior Samples:  95%|█████████▍| 1438/1516 [01:33<00:01, 52.49step/s]
[Origin 9/13] 🎲 Drawing Posterior Samples:  95%|█████████▌| 1444/1516 [01:33<00:01, 52.45step/s]
[Origin 9/13] 🎲 Drawing Posterior Samples:  96%|█████████▌| 1450/1516 [01:34<00:01, 52.42step/s]
[Origin 9/13] 🎲 Drawing Posterior Samples:  96%|█████████▌| 1456/1516 [01:34<00:01, 52.36step/s]
[Origin 9/13] 🎲 Drawing Posterior Samples:  96%|█████████▋| 1462/1516 [01:34<00:01, 52.34step/s]
[Origin 9/13] 🎲 Drawing Posterior Samples:  97%|█████████▋| 1468/1516 [01:34<00:00, 52.34step/s]
[Origin 9/13] 🎲 Drawing Posterior Samples:  97%|█████████▋| 1474/1516 [01:34<00:00, 52.34step/s]
[Origin 9/13] 🎲 Drawing Posterior Samples:  98%|█████████▊| 1480/1516 [01:34<00:00, 52.35step/s]
[Origin 9/13] 🎲 Drawing Posterior Samples:  98%|█████████▊| 1486/1516 [01:35<00:02, 13.82step/s]
[Origin 9/13] 🎲 Drawing Posterior Samples:  98%|█████████▊| 1490/1516 [01:36<00:02,  9.64step/s]
[Origin 9/13] 🎲 Drawing Posterior Samples:  98%|█████████▊| 1493/1516 [01:37<00:02,  8.15step/s]
[Origin 9/13] 🎲 Drawing Posterior Samples:  99%|█████████▊| 1496/1516 [01:37<00:02,  7.07step/s]
[Origin 9/13] 🎲 Drawing Posterior Samples:  99%|█████████▉| 1498/1516 [01:38<00:02,  6.59step/s]
[Origin 9/13] 🎲 Drawing Posterior Samples:  99%|█████████▉| 1500/1516 [01:38<00:02,  6.17step/s]
[Origin 9/13] 🎲 Drawing Posterior Samples:  99%|█████████▉| 1502/1516 [01:39<00:02,  5.81step/s]
[Origin 9/13] 🎲 Drawing Posterior Samples:  99%|█████████▉| 1503/1516 [01:39<00:02,  5.65step/s]
[Origin 9/13] 🎲 Drawing Posterior Samples:  99%|█████████▉| 1504/1516 [01:39<00:02,  5.53step/s]
[Origin 9/13] 🎲 Drawing Posterior Samples:  99%|█████████▉| 1505/1516 [01:39<00:02,  5.47step/s]
[Origin 9/13] 🎲 Drawing Posterior Samples:  99%|█████████▉| 1506/1516 [01:39<00:01,  5.39step/s]
[Origin 9/13] 🎲 Drawing Posterior Samples:  99%|█████████▉| 1507/1516 [01:40<00:01,  5.17step/s]
[Origin 9/13] 🎲 Drawing Posterior Samples:  99%|█████████▉| 1508/1516 [01:40<00:01,  4.82step/s]
[Origin 9/13] 🎲 Drawing Posterior Samples: 100%|█████████▉| 1509/1516 [01:40<00:01,  4.70step/s]
[Origin 9/13] 🎲 Drawing Posterior Samples: 100%|█████████▉| 1510/1516 [01:40<00:01,  4.86step/s]
[Origin 9/13] 🎲 Drawing Posterior Samples: 100%|█████████▉| 1511/1516 [01:41<00:01,  4.79step/s]
[Origin 9/13] 🎲 Drawing Posterior Samples: 100%|█████████▉| 1512/1516 [01:41<00:00,  4.90step/s]
[Origin 9/13] 🎲 Drawing Posterior Samples: 100%|█████████▉| 1513/1516 [01:41<00:00,  5.08step/s]
[Origin 9/13] 🎲 Drawing Posterior Samples: 100%|█████████▉| 1514/1516 [01:41<00:00,  5.16step/s]
[Origin 9/13] 🎲 Drawing Posterior Samples: 100%|█████████▉| 1515/1516 [01:41<00:00,  5.20step/s]
[Origin 9/13] 🎲 Drawing Posterior Samples: 100%|██████████| 1516/1516 [01:42<00:00,  4.48step/s]
                                                                                                 

[Origin 10/13] 🎲 Drawing Posterior Samples:   0%|          | 0/1520 [00:00<?, ?step/s]
[Origin 10/13] 🎲 Drawing Posterior Samples:   0%|          | 7/1520 [00:00<00:25, 59.47step/s]
[Origin 10/13] 🎲 Drawing Posterior Samples:   1%|          | 13/1520 [00:00<00:27, 55.46step/s]
[Origin 10/13] 🎲 Drawing Posterior Samples:   1%|▏         | 19/1520 [00:00<00:27, 54.34step/s]
[Origin 10/13] 🎲 Drawing Posterior Samples:   2%|▏         | 25/1520 [00:00<00:27, 53.75step/s]
[Origin 10/13] 🎲 Drawing Posterior Samples:   2%|▏         | 31/1520 [00:00<00:27, 53.44step/s]
[Origin 10/13] 🎲 Drawing Posterior Samples:   2%|▏         | 37/1520 [00:00<00:27, 53.27step/s]
[Origin 10/13] 🎲 Drawing Posterior Samples:   3%|▎         | 43/1520 [00:00<00:27, 53.12step/s]
[Origin 10/13] 🎲 Drawing Posterior Samples:   3%|▎         | 49/1520 [00:00<00:27, 52.89step/s]
[Origin 10/13] 🎲 Drawing Posterior Samples:   4%|▎         | 55/1520 [00:01<00:27, 52.93step/s]
[Origin 10/13] 🎲 Drawing Posterior Samples:   4%|▍         | 61/1520 [00:01<00:27, 52.70step/s]
[Origin 10/13] 🎲 Drawing Posterior Samples:   4%|▍         | 67/1520 [00:01<00:27, 52.46step/s]
[Origin 10/13] 🎲 Drawing Posterior Samples:   5%|▍         | 73/1520 [00:01<00:27, 52.34step/s]
[Origin 10/13] 🎲 Drawing Posterior Samples:   5%|▌         | 79/1520 [00:01<00:27, 52.19step/s]
[Origin 10/13] 🎲 Drawing Posterior Samples:   6%|▌         | 85/1520 [00:01<00:27, 52.26step/s]
[Origin 10/13] 🎲 Drawing Posterior Samples:   6%|▌         | 91/1520 [00:01<00:27, 52.35step/s]
[Origin 10/13] 🎲 Drawing Posterior Samples:   6%|▋         | 97/1520 [00:01<00:27, 52.46step/s]
[Origin 10/13] 🎲 Drawing Posterior Samples:   7%|▋         | 103/1520 [00:01<00:26, 52.52step/s]
[Origin 10/13] 🎲 Drawing Posterior Samples:   7%|▋         | 109/1520 [00:02<00:26, 52.58step/s]
[Origin 10/13] 🎲 Drawing Posterior Samples:   8%|▊         | 115/1520 [00:02<00:26, 52.59step/s]
[Origin 10/13] 🎲 Drawing Posterior Samples:   8%|▊         | 121/1520 [00:02<00:26, 52.51step/s]
[Origin 10/13] 🎲 Drawing Posterior Samples:   8%|▊         | 127/1520 [00:02<00:26, 52.39step/s]
[Origin 10/13] 🎲 Drawing Posterior Samples:   9%|▉         | 133/1520 [00:02<00:26, 52.34step/s]
[Origin 10/13] 🎲 Drawing Posterior Samples:   9%|▉         | 139/1520 [00:02<00:26, 52.35step/s]
[Origin 10/13] 🎲 Drawing Posterior Samples:  10%|▉         | 145/1520 [00:02<00:26, 52.35step/s]
[Origin 10/13] 🎲 Drawing Posterior Samples:  10%|▉         | 151/1520 [00:02<00:26, 52.40step/s]
[Origin 10/13] 🎲 Drawing Posterior Samples:  10%|█         | 157/1520 [00:02<00:25, 52.43step/s]
[Origin 10/13] 🎲 Drawing Posterior Samples:  11%|█         | 163/1520 [00:03<00:25, 52.45step/s]
[Origin 10/13] 🎲 Drawing Posterior Samples:  11%|█         | 169/1520 [00:03<00:25, 52.49step/s]
[Origin 10/13] 🎲 Drawing Posterior Samples:  12%|█▏        | 175/1520 [00:03<00:25, 52.52step/s]
[Origin 10/13] 🎲 Drawing Posterior Samples:  12%|█▏        | 181/1520 [00:03<00:25, 52.48step/s]
[Origin 10/13] 🎲 Drawing Posterior Samples:  12%|█▏        | 187/1520 [00:03<00:25, 52.41step/s]
[Origin 10/13] 🎲 Drawing Posterior Samples:  13%|█▎        | 193/1520 [00:03<00:25, 52.37step/s]
[Origin 10/13] 🎲 Drawing Posterior Samples:  13%|█▎        | 199/1520 [00:03<00:25, 52.34step/s]
[Origin 10/13] 🎲 Drawing Posterior Samples:  13%|█▎        | 205/1520 [00:03<00:25, 52.33step/s]
[Origin 10/13] 🎲 Drawing Posterior Samples:  14%|█▍        | 211/1520 [00:04<00:25, 52.32step/s]
[Origin 10/13] 🎲 Drawing Posterior Samples:  14%|█▍        | 217/1520 [00:04<00:24, 52.36step/s]
[Origin 10/13] 🎲 Drawing Posterior Samples:  15%|█▍        | 223/1520 [00:04<00:24, 52.38step/s]
[Origin 10/13] 🎲 Drawing Posterior Samples:  15%|█▌        | 229/1520 [00:04<00:24, 52.42step/s]
[Origin 10/13] 🎲 Drawing Posterior Samples:  15%|█▌        | 235/1520 [00:04<00:24, 52.46step/s]
[Origin 10/13] 🎲 Drawing Posterior Samples:  16%|█▌        | 241/1520 [00:04<00:24, 52.45step/s]
[Origin 10/13] 🎲 Drawing Posterior Samples:  16%|█▋        | 247/1520 [00:04<00:24, 52.47step/s]
[Origin 10/13] 🎲 Drawing Posterior Samples:  17%|█▋        | 253/1520 [00:04<00:24, 52.43step/s]
[Origin 10/13] 🎲 Drawing Posterior Samples:  17%|█▋        | 259/1520 [00:04<00:24, 52.38step/s]
[Origin 10/13] 🎲 Drawing Posterior Samples:  17%|█▋        | 265/1520 [00:05<00:23, 52.32step/s]
[Origin 10/13] 🎲 Drawing Posterior Samples:  18%|█▊        | 271/1520 [00:05<00:23, 52.36step/s]
[Origin 10/13] 🎲 Drawing Posterior Samples:  18%|█▊        | 277/1520 [00:05<00:23, 52.33step/s]
[Origin 10/13] 🎲 Drawing Posterior Samples:  19%|█▊        | 283/1520 [00:05<00:23, 52.39step/s]
[Origin 10/13] 🎲 Drawing Posterior Samples:  19%|█▉        | 289/1520 [00:05<00:23, 52.44step/s]
[Origin 10/13] 🎲 Drawing Posterior Samples:  19%|█▉        | 295/1520 [00:05<00:23, 52.47step/s]
[Origin 10/13] 🎲 Drawing Posterior Samples:  20%|█▉        | 301/1520 [00:05<00:23, 52.50step/s]
[Origin 10/13] 🎲 Drawing Posterior Samples:  20%|██        | 307/1520 [00:05<00:23, 52.46step/s]
[Origin 10/13] 🎲 Drawing Posterior Samples:  21%|██        | 313/1520 [00:05<00:23, 52.43step/s]
[Origin 10/13] 🎲 Drawing Posterior Samples:  21%|██        | 319/1520 [00:06<00:22, 52.37step/s]
[Origin 10/13] 🎲 Drawing Posterior Samples:  21%|██▏       | 325/1520 [00:06<00:22, 52.35step/s]
[Origin 10/13] 🎲 Drawing Posterior Samples:  22%|██▏       | 331/1520 [00:06<00:22, 52.35step/s]
[Origin 10/13] 🎲 Drawing Posterior Samples:  22%|██▏       | 337/1520 [00:06<00:22, 52.37step/s]
[Origin 10/13] 🎲 Drawing Posterior Samples:  23%|██▎       | 343/1520 [00:06<00:22, 52.35step/s]
[Origin 10/13] 🎲 Drawing Posterior Samples:  23%|██▎       | 349/1520 [00:07<01:15, 15.44step/s]
[Origin 10/13] 🎲 Drawing Posterior Samples:  23%|██▎       | 353/1520 [00:08<01:48, 10.71step/s]
[Origin 10/13] 🎲 Drawing Posterior Samples:  23%|██▎       | 356/1520 [00:08<02:03,  9.46step/s]
[Origin 10/13] 🎲 Drawing Posterior Samples:  24%|██▎       | 359/1520 [00:09<02:15,  8.59step/s]
[Origin 10/13] 🎲 Drawing Posterior Samples:  24%|██▍       | 361/1520 [00:09<02:24,  8.02step/s]
[Origin 10/13] 🎲 Drawing Posterior Samples:  24%|██▍       | 363/1520 [00:09<02:33,  7.55step/s]
[Origin 10/13] 🎲 Drawing Posterior Samples:  24%|██▍       | 365/1520 [00:10<02:53,  6.67step/s]
[Origin 10/13] 🎲 Drawing Posterior Samples:  24%|██▍       | 366/1520 [00:10<02:58,  6.47step/s]
[Origin 10/13] 🎲 Drawing Posterior Samples:  24%|██▍       | 367/1520 [00:10<03:00,  6.40step/s]
[Origin 10/13] 🎲 Drawing Posterior Samples:  24%|██▍       | 368/1520 [00:10<02:57,  6.48step/s]
[Origin 10/13] 🎲 Drawing Posterior Samples:  24%|██▍       | 369/1520 [00:11<02:58,  6.46step/s]
[Origin 10/13] 🎲 Drawing Posterior Samples:  24%|██▍       | 370/1520 [00:11<03:02,  6.29step/s]
[Origin 10/13] 🎲 Drawing Posterior Samples:  24%|██▍       | 371/1520 [00:11<03:01,  6.34step/s]
[Origin 10/13] 🎲 Drawing Posterior Samples:  24%|██▍       | 372/1520 [00:11<02:59,  6.39step/s]
[Origin 10/13] 🎲 Drawing Posterior Samples:  25%|██▍       | 373/1520 [00:11<02:58,  6.44step/s]
[Origin 10/13] 🎲 Drawing Posterior Samples:  25%|██▍       | 374/1520 [00:11<02:59,  6.40step/s]
[Origin 10/13] 🎲 Drawing Posterior Samples:  25%|██▍       | 375/1520 [00:11<02:57,  6.47step/s]
[Origin 10/13] 🎲 Drawing Posterior Samples:  25%|██▍       | 376/1520 [00:12<02:53,  6.61step/s]
[Origin 10/13] 🎲 Drawing Posterior Samples:  25%|██▍       | 377/1520 [00:12<02:53,  6.60step/s]
[Origin 10/13] 🎲 Drawing Posterior Samples:  25%|██▍       | 378/1520 [00:12<02:54,  6.56step/s]
[Origin 10/13] 🎲 Drawing Posterior Samples:  25%|██▍       | 379/1520 [00:12<02:54,  6.53step/s]
[Origin 10/13] 🎲 Drawing Posterior Samples:  25%|██▌       | 380/1520 [00:12<03:05,  6.14step/s]
[Origin 10/13] 🎲 Drawing Posterior Samples:  25%|██▌       | 381/1520 [00:38<2:30:41,  7.94s/step]
[Origin 10/13] 🎲 Drawing Posterior Samples:  25%|██▌       | 387/1520 [00:39<42:24,  2.25s/step]  
[Origin 10/13] 🎲 Drawing Posterior Samples:  26%|██▌       | 393/1520 [00:39<20:59,  1.12s/step]
[Origin 10/13] 🎲 Drawing Posterior Samples:  26%|██▋       | 399/1520 [00:39<12:15,  1.52step/s]
[Origin 10/13] 🎲 Drawing Posterior Samples:  27%|██▋       | 405/1520 [00:39<07:45,  2.40step/s]
[Origin 10/13] 🎲 Drawing Posterior Samples:  27%|██▋       | 411/1520 [00:39<05:08,  3.59step/s]
[Origin 10/13] 🎲 Drawing Posterior Samples:  27%|██▋       | 417/1520 [00:39<03:31,  5.21step/s]
[Origin 10/13] 🎲 Drawing Posterior Samples:  28%|██▊       | 423/1520 [00:39<02:29,  7.34step/s]
[Origin 10/13] 🎲 Drawing Posterior Samples:  28%|██▊       | 429/1520 [00:39<01:48, 10.07step/s]
[Origin 10/13] 🎲 Drawing Posterior Samples:  29%|██▊       | 435/1520 [00:39<01:20, 13.44step/s]
[Origin 10/13] 🎲 Drawing Posterior Samples:  29%|██▉       | 441/1520 [00:40<01:01, 17.41step/s]
[Origin 10/13] 🎲 Drawing Posterior Samples:  29%|██▉       | 447/1520 [00:40<00:49, 21.84step/s]
[Origin 10/13] 🎲 Drawing Posterior Samples:  30%|██▉       | 453/1520 [00:40<00:40, 26.51step/s]
[Origin 10/13] 🎲 Drawing Posterior Samples:  30%|███       | 459/1520 [00:40<00:34, 31.12step/s]
[Origin 10/13] 🎲 Drawing Posterior Samples:  31%|███       | 465/1520 [00:40<00:32, 32.90step/s]
[Origin 10/13] 🎲 Drawing Posterior Samples:  31%|███       | 471/1520 [00:40<00:28, 37.17step/s]
[Origin 10/13] 🎲 Drawing Posterior Samples:  31%|███▏      | 477/1520 [00:40<00:25, 40.78step/s]
[Origin 10/13] 🎲 Drawing Posterior Samples:  32%|███▏      | 483/1520 [00:40<00:23, 43.78step/s]
[Origin 10/13] 🎲 Drawing Posterior Samples:  32%|███▏      | 489/1520 [00:41<00:22, 46.15step/s]
[Origin 10/13] 🎲 Drawing Posterior Samples:  33%|███▎      | 495/1520 [00:41<00:21, 47.96step/s]
[Origin 10/13] 🎲 Drawing Posterior Samples:  33%|███▎      | 501/1520 [00:41<00:20, 49.18step/s]
[Origin 10/13] 🎲 Drawing Posterior Samples:  33%|███▎      | 507/1520 [00:41<00:20, 50.04step/s]
[Origin 10/13] 🎲 Drawing Posterior Samples:  34%|███▍      | 513/1520 [00:41<00:19, 50.57step/s]
[Origin 10/13] 🎲 Drawing Posterior Samples:  34%|███▍      | 519/1520 [00:41<00:19, 50.97step/s]
[Origin 10/13] 🎲 Drawing Posterior Samples:  35%|███▍      | 525/1520 [00:41<00:19, 51.29step/s]
[Origin 10/13] 🎲 Drawing Posterior Samples:  35%|███▍      | 531/1520 [00:41<00:19, 51.56step/s]
[Origin 10/13] 🎲 Drawing Posterior Samples:  35%|███▌      | 537/1520 [00:41<00:18, 51.92step/s]
[Origin 10/13] 🎲 Drawing Posterior Samples:  36%|███▌      | 543/1520 [00:42<00:18, 52.13step/s]
[Origin 10/13] 🎲 Drawing Posterior Samples:  36%|███▌      | 549/1520 [00:42<00:18, 52.32step/s]
[Origin 10/13] 🎲 Drawing Posterior Samples:  37%|███▋      | 555/1520 [00:42<00:18, 52.43step/s]
[Origin 10/13] 🎲 Drawing Posterior Samples:  37%|███▋      | 561/1520 [00:42<00:18, 52.35step/s]
[Origin 10/13] 🎲 Drawing Posterior Samples:  37%|███▋      | 567/1520 [00:42<00:18, 52.32step/s]
[Origin 10/13] 🎲 Drawing Posterior Samples:  38%|███▊      | 573/1520 [00:42<00:18, 52.29step/s]
[Origin 10/13] 🎲 Drawing Posterior Samples:  38%|███▊      | 579/1520 [00:42<00:18, 52.25step/s]
[Origin 10/13] 🎲 Drawing Posterior Samples:  38%|███▊      | 585/1520 [00:42<00:17, 52.23step/s]
[Origin 10/13] 🎲 Drawing Posterior Samples:  39%|███▉      | 591/1520 [00:43<00:17, 52.29step/s]
[Origin 10/13] 🎲 Drawing Posterior Samples:  39%|███▉      | 597/1520 [00:43<00:17, 52.37step/s]
[Origin 10/13] 🎲 Drawing Posterior Samples:  40%|███▉      | 603/1520 [00:43<00:17, 52.42step/s]
[Origin 10/13] 🎲 Drawing Posterior Samples:  40%|████      | 609/1520 [00:43<00:17, 52.46step/s]
[Origin 10/13] 🎲 Drawing Posterior Samples:  40%|████      | 615/1520 [00:43<00:17, 52.37step/s]
[Origin 10/13] 🎲 Drawing Posterior Samples:  41%|████      | 621/1520 [00:43<00:17, 52.18step/s]
[Origin 10/13] 🎲 Drawing Posterior Samples:  41%|████▏     | 627/1520 [00:43<00:17, 52.07step/s]
[Origin 10/13] 🎲 Drawing Posterior Samples:  42%|████▏     | 633/1520 [00:43<00:17, 52.09step/s]
[Origin 10/13] 🎲 Drawing Posterior Samples:  42%|████▏     | 639/1520 [00:43<00:16, 52.07step/s]
[Origin 10/13] 🎲 Drawing Posterior Samples:  42%|████▏     | 645/1520 [00:44<00:16, 52.06step/s]
[Origin 10/13] 🎲 Drawing Posterior Samples:  43%|████▎     | 651/1520 [00:44<00:16, 52.16step/s]
[Origin 10/13] 🎲 Drawing Posterior Samples:  43%|████▎     | 657/1520 [00:44<00:16, 52.27step/s]
[Origin 10/13] 🎲 Drawing Posterior Samples:  44%|████▎     | 663/1520 [00:44<00:16, 52.35step/s]
[Origin 10/13] 🎲 Drawing Posterior Samples:  44%|████▍     | 669/1520 [00:44<00:16, 52.48step/s]
[Origin 10/13] 🎲 Drawing Posterior Samples:  44%|████▍     | 675/1520 [00:44<00:16, 52.49step/s]
[Origin 10/13] 🎲 Drawing Posterior Samples:  45%|████▍     | 681/1520 [00:44<00:16, 52.40step/s]
[Origin 10/13] 🎲 Drawing Posterior Samples:  45%|████▌     | 687/1520 [00:44<00:15, 52.35step/s]
[Origin 10/13] 🎲 Drawing Posterior Samples:  46%|████▌     | 693/1520 [00:44<00:15, 52.37step/s]
[Origin 10/13] 🎲 Drawing Posterior Samples:  46%|████▌     | 699/1520 [00:45<00:15, 52.32step/s]
[Origin 10/13] 🎲 Drawing Posterior Samples:  46%|████▋     | 705/1520 [00:45<00:15, 52.35step/s]
[Origin 10/13] 🎲 Drawing Posterior Samples:  47%|████▋     | 711/1520 [00:45<00:15, 52.30step/s]
[Origin 10/13] 🎲 Drawing Posterior Samples:  47%|████▋     | 717/1520 [00:45<00:15, 52.28step/s]
[Origin 10/13] 🎲 Drawing Posterior Samples:  48%|████▊     | 723/1520 [00:45<00:15, 52.38step/s]
[Origin 10/13] 🎲 Drawing Posterior Samples:  48%|████▊     | 729/1520 [00:46<00:50, 15.66step/s]
[Origin 10/13] 🎲 Drawing Posterior Samples:  48%|████▊     | 733/1520 [00:47<01:13, 10.71step/s]
[Origin 10/13] 🎲 Drawing Posterior Samples:  48%|████▊     | 736/1520 [00:47<01:29,  8.76step/s]
[Origin 10/13] 🎲 Drawing Posterior Samples:  49%|████▊     | 739/1520 [00:48<01:45,  7.37step/s]
[Origin 10/13] 🎲 Drawing Posterior Samples:  49%|████▉     | 741/1520 [00:48<01:55,  6.77step/s]
[Origin 10/13] 🎲 Drawing Posterior Samples:  49%|████▉     | 743/1520 [00:49<02:04,  6.26step/s]
[Origin 10/13] 🎲 Drawing Posterior Samples:  49%|████▉     | 745/1520 [00:49<02:17,  5.65step/s]
[Origin 10/13] 🎲 Drawing Posterior Samples:  49%|████▉     | 746/1520 [00:50<02:33,  5.05step/s]
[Origin 10/13] 🎲 Drawing Posterior Samples:  49%|████▉     | 747/1520 [00:50<02:29,  5.17step/s]
[Origin 10/13] 🎲 Drawing Posterior Samples:  49%|████▉     | 748/1520 [00:50<02:27,  5.25step/s]
[Origin 10/13] 🎲 Drawing Posterior Samples:  49%|████▉     | 749/1520 [00:50<02:24,  5.33step/s]
[Origin 10/13] 🎲 Drawing Posterior Samples:  49%|████▉     | 750/1520 [00:50<02:22,  5.40step/s]
[Origin 10/13] 🎲 Drawing Posterior Samples:  49%|████▉     | 751/1520 [00:51<02:51,  4.48step/s]
[Origin 10/13] 🎲 Drawing Posterior Samples:  49%|████▉     | 752/1520 [00:51<02:42,  4.73step/s]
[Origin 10/13] 🎲 Drawing Posterior Samples:  50%|████▉     | 753/1520 [00:51<02:38,  4.83step/s]
[Origin 10/13] 🎲 Drawing Posterior Samples:  50%|████▉     | 754/1520 [00:51<02:42,  4.72step/s]
[Origin 10/13] 🎲 Drawing Posterior Samples:  50%|████▉     | 755/1520 [00:52<02:37,  4.86step/s]
[Origin 10/13] 🎲 Drawing Posterior Samples:  50%|████▉     | 756/1520 [00:52<02:35,  4.93step/s]
[Origin 10/13] 🎲 Drawing Posterior Samples:  50%|████▉     | 757/1520 [00:52<02:31,  5.03step/s]
[Origin 10/13] 🎲 Drawing Posterior Samples:  50%|████▉     | 758/1520 [00:52<02:29,  5.09step/s]
[Origin 10/13] 🎲 Drawing Posterior Samples:  50%|████▉     | 759/1520 [00:52<02:30,  5.04step/s]
[Origin 10/13] 🎲 Drawing Posterior Samples:  50%|█████     | 760/1520 [00:53<02:26,  5.17step/s]
[Origin 10/13] 🎲 Drawing Posterior Samples:  50%|█████     | 761/1520 [01:20<1:47:16,  8.48s/step]
[Origin 10/13] 🎲 Drawing Posterior Samples:  50%|█████     | 767/1520 [01:21<30:05,  2.40s/step]  
[Origin 10/13] 🎲 Drawing Posterior Samples:  51%|█████     | 773/1520 [01:21<14:50,  1.19s/step]
[Origin 10/13] 🎲 Drawing Posterior Samples:  51%|█████▏    | 779/1520 [01:21<08:38,  1.43step/s]
[Origin 10/13] 🎲 Drawing Posterior Samples:  52%|█████▏    | 785/1520 [01:21<05:26,  2.25step/s]
[Origin 10/13] 🎲 Drawing Posterior Samples:  52%|█████▏    | 791/1520 [01:21<03:35,  3.38step/s]
[Origin 10/13] 🎲 Drawing Posterior Samples:  52%|█████▏    | 797/1520 [01:21<02:27,  4.91step/s]
[Origin 10/13] 🎲 Drawing Posterior Samples:  53%|█████▎    | 803/1520 [01:21<01:43,  6.93step/s]
[Origin 10/13] 🎲 Drawing Posterior Samples:  53%|█████▎    | 809/1520 [01:21<01:14,  9.55step/s]
[Origin 10/13] 🎲 Drawing Posterior Samples:  54%|█████▎    | 815/1520 [01:21<00:55, 12.79step/s]
[Origin 10/13] 🎲 Drawing Posterior Samples:  54%|█████▍    | 821/1520 [01:22<00:41, 16.65step/s]
[Origin 10/13] 🎲 Drawing Posterior Samples:  54%|█████▍    | 827/1520 [01:22<00:32, 21.02step/s]
[Origin 10/13] 🎲 Drawing Posterior Samples:  55%|█████▍    | 833/1520 [01:22<00:26, 25.67step/s]
[Origin 10/13] 🎲 Drawing Posterior Samples:  55%|█████▌    | 839/1520 [01:22<00:22, 30.32step/s]
[Origin 10/13] 🎲 Drawing Posterior Samples:  56%|█████▌    | 845/1520 [01:22<00:19, 34.74step/s]
[Origin 10/13] 🎲 Drawing Posterior Samples:  56%|█████▌    | 851/1520 [01:22<00:17, 38.73step/s]
[Origin 10/13] 🎲 Drawing Posterior Samples:  56%|█████▋    | 857/1520 [01:22<00:15, 42.09step/s]
[Origin 10/13] 🎲 Drawing Posterior Samples:  57%|█████▋    | 863/1520 [01:22<00:14, 44.85step/s]
[Origin 10/13] 🎲 Drawing Posterior Samples:  57%|█████▋    | 869/1520 [01:23<00:13, 47.00step/s]
[Origin 10/13] 🎲 Drawing Posterior Samples:  58%|█████▊    | 875/1520 [01:23<00:13, 48.59step/s]
[Origin 10/13] 🎲 Drawing Posterior Samples:  58%|█████▊    | 881/1520 [01:23<00:12, 49.71step/s]
[Origin 10/13] 🎲 Drawing Posterior Samples:  58%|█████▊    | 887/1520 [01:23<00:12, 50.45step/s]
[Origin 10/13] 🎲 Drawing Posterior Samples:  59%|█████▉    | 893/1520 [01:23<00:12, 51.00step/s]
[Origin 10/13] 🎲 Drawing Posterior Samples:  59%|█████▉    | 899/1520 [01:23<00:12, 51.36step/s]
[Origin 10/13] 🎲 Drawing Posterior Samples:  60%|█████▉    | 905/1520 [01:23<00:11, 51.68step/s]
[Origin 10/13] 🎲 Drawing Posterior Samples:  60%|█████▉    | 911/1520 [01:23<00:11, 51.93step/s]
[Origin 10/13] 🎲 Drawing Posterior Samples:  60%|██████    | 917/1520 [01:23<00:11, 52.11step/s]
[Origin 10/13] 🎲 Drawing Posterior Samples:  61%|██████    | 923/1520 [01:24<00:11, 52.22step/s]
[Origin 10/13] 🎲 Drawing Posterior Samples:  61%|██████    | 929/1520 [01:24<00:11, 52.37step/s]
[Origin 10/13] 🎲 Drawing Posterior Samples:  62%|██████▏   | 935/1520 [01:24<00:11, 52.51step/s]
[Origin 10/13] 🎲 Drawing Posterior Samples:  62%|██████▏   | 941/1520 [01:24<00:11, 52.57step/s]
[Origin 10/13] 🎲 Drawing Posterior Samples:  62%|██████▏   | 947/1520 [01:24<00:10, 52.54step/s]
[Origin 10/13] 🎲 Drawing Posterior Samples:  63%|██████▎   | 953/1520 [01:24<00:10, 52.47step/s]
[Origin 10/13] 🎲 Drawing Posterior Samples:  63%|██████▎   | 959/1520 [01:24<00:10, 52.42step/s]
[Origin 10/13] 🎲 Drawing Posterior Samples:  63%|██████▎   | 965/1520 [01:24<00:10, 52.20step/s]
[Origin 10/13] 🎲 Drawing Posterior Samples:  64%|██████▍   | 971/1520 [01:24<00:10, 52.27step/s]
[Origin 10/13] 🎲 Drawing Posterior Samples:  64%|██████▍   | 977/1520 [01:25<00:10, 52.33step/s]
[Origin 10/13] 🎲 Drawing Posterior Samples:  65%|██████▍   | 983/1520 [01:25<00:10, 52.45step/s]
[Origin 10/13] 🎲 Drawing Posterior Samples:  65%|██████▌   | 989/1520 [01:25<00:10, 52.56step/s]
[Origin 10/13] 🎲 Drawing Posterior Samples:  65%|██████▌   | 995/1520 [01:25<00:09, 52.58step/s]
[Origin 10/13] 🎲 Drawing Posterior Samples:  66%|██████▌   | 1001/1520 [01:25<00:09, 52.55step/s]
[Origin 10/13] 🎲 Drawing Posterior Samples:  66%|██████▋   | 1007/1520 [01:25<00:09, 52.46step/s]
[Origin 10/13] 🎲 Drawing Posterior Samples:  67%|██████▋   | 1013/1520 [01:25<00:09, 52.39step/s]
[Origin 10/13] 🎲 Drawing Posterior Samples:  67%|██████▋   | 1019/1520 [01:25<00:09, 52.39step/s]
[Origin 10/13] 🎲 Drawing Posterior Samples:  67%|██████▋   | 1025/1520 [01:25<00:09, 52.35step/s]
[Origin 10/13] 🎲 Drawing Posterior Samples:  68%|██████▊   | 1031/1520 [01:26<00:09, 52.35step/s]
[Origin 10/13] 🎲 Drawing Posterior Samples:  68%|██████▊   | 1037/1520 [01:26<00:09, 52.35step/s]
[Origin 10/13] 🎲 Drawing Posterior Samples:  69%|██████▊   | 1043/1520 [01:26<00:09, 52.47step/s]
[Origin 10/13] 🎲 Drawing Posterior Samples:  69%|██████▉   | 1049/1520 [01:26<00:08, 52.53step/s]
[Origin 10/13] 🎲 Drawing Posterior Samples:  69%|██████▉   | 1055/1520 [01:26<00:08, 52.57step/s]
[Origin 10/13] 🎲 Drawing Posterior Samples:  70%|██████▉   | 1061/1520 [01:26<00:08, 52.61step/s]
[Origin 10/13] 🎲 Drawing Posterior Samples:  70%|███████   | 1067/1520 [01:26<00:08, 52.54step/s]
[Origin 10/13] 🎲 Drawing Posterior Samples:  71%|███████   | 1073/1520 [01:26<00:08, 52.48step/s]
[Origin 10/13] 🎲 Drawing Posterior Samples:  71%|███████   | 1079/1520 [01:27<00:08, 52.43step/s]
[Origin 10/13] 🎲 Drawing Posterior Samples:  71%|███████▏  | 1085/1520 [01:27<00:08, 52.40step/s]
[Origin 10/13] 🎲 Drawing Posterior Samples:  72%|███████▏  | 1091/1520 [01:27<00:08, 52.37step/s]
[Origin 10/13] 🎲 Drawing Posterior Samples:  72%|███████▏  | 1097/1520 [01:27<00:08, 52.32step/s]
[Origin 10/13] 🎲 Drawing Posterior Samples:  73%|███████▎  | 1103/1520 [01:27<00:07, 52.39step/s]
[Origin 10/13] 🎲 Drawing Posterior Samples:  73%|███████▎  | 1109/1520 [01:28<00:25, 16.01step/s]
[Origin 10/13] 🎲 Drawing Posterior Samples:  73%|███████▎  | 1113/1520 [01:29<00:37, 10.78step/s]
[Origin 10/13] 🎲 Drawing Posterior Samples:  73%|███████▎  | 1116/1520 [01:29<00:45,  8.82step/s]
[Origin 10/13] 🎲 Drawing Posterior Samples:  74%|███████▎  | 1119/1520 [01:30<00:53,  7.44step/s]
[Origin 10/13] 🎲 Drawing Posterior Samples:  74%|███████▍  | 1121/1520 [01:30<00:59,  6.68step/s]
[Origin 10/13] 🎲 Drawing Posterior Samples:  74%|███████▍  | 1123/1520 [01:31<01:03,  6.27step/s]
[Origin 10/13] 🎲 Drawing Posterior Samples:  74%|███████▍  | 1125/1520 [01:31<01:07,  5.89step/s]
[Origin 10/13] 🎲 Drawing Posterior Samples:  74%|███████▍  | 1126/1520 [01:31<01:09,  5.69step/s]
[Origin 10/13] 🎲 Drawing Posterior Samples:  74%|███████▍  | 1127/1520 [01:32<01:09,  5.63step/s]
[Origin 10/13] 🎲 Drawing Posterior Samples:  74%|███████▍  | 1128/1520 [01:32<01:11,  5.48step/s]
[Origin 10/13] 🎲 Drawing Posterior Samples:  74%|███████▍  | 1129/1520 [01:32<01:13,  5.35step/s]
[Origin 10/13] 🎲 Drawing Posterior Samples:  74%|███████▍  | 1130/1520 [01:32<01:13,  5.28step/s]
[Origin 10/13] 🎲 Drawing Posterior Samples:  74%|███████▍  | 1131/1520 [01:32<01:16,  5.11step/s]
[Origin 10/13] 🎲 Drawing Posterior Samples:  74%|███████▍  | 1132/1520 [01:33<01:15,  5.11step/s]
[Origin 10/13] 🎲 Drawing Posterior Samples:  75%|███████▍  | 1133/1520 [01:33<01:18,  4.96step/s]
[Origin 10/13] 🎲 Drawing Posterior Samples:  75%|███████▍  | 1134/1520 [01:33<01:19,  4.87step/s]
[Origin 10/13] 🎲 Drawing Posterior Samples:  75%|███████▍  | 1135/1520 [01:33<01:22,  4.65step/s]
[Origin 10/13] 🎲 Drawing Posterior Samples:  75%|███████▍  | 1136/1520 [01:34<01:24,  4.57step/s]
[Origin 10/13] 🎲 Drawing Posterior Samples:  75%|███████▍  | 1137/1520 [01:34<01:25,  4.49step/s]
[Origin 10/13] 🎲 Drawing Posterior Samples:  75%|███████▍  | 1138/1520 [01:34<01:30,  4.24step/s]
[Origin 10/13] 🎲 Drawing Posterior Samples:  75%|███████▍  | 1139/1520 [01:34<01:22,  4.60step/s]
[Origin 10/13] 🎲 Drawing Posterior Samples:  75%|███████▌  | 1140/1520 [01:34<01:18,  4.82step/s]
[Origin 10/13] 🎲 Drawing Posterior Samples:  75%|███████▌  | 1141/1520 [01:53<35:00,  5.54s/step]
[Origin 10/13] 🎲 Drawing Posterior Samples:  75%|███████▌  | 1147/1520 [01:53<09:45,  1.57s/step]
[Origin 10/13] 🎲 Drawing Posterior Samples:  76%|███████▌  | 1153/1520 [01:53<04:47,  1.27step/s]
[Origin 10/13] 🎲 Drawing Posterior Samples:  76%|███████▋  | 1159/1520 [01:53<02:47,  2.16step/s]
[Origin 10/13] 🎲 Drawing Posterior Samples:  77%|███████▋  | 1165/1520 [01:53<01:45,  3.37step/s]
[Origin 10/13] 🎲 Drawing Posterior Samples:  77%|███████▋  | 1171/1520 [01:53<01:09,  5.01step/s]
[Origin 10/13] 🎲 Drawing Posterior Samples:  77%|███████▋  | 1177/1520 [01:53<00:47,  7.16step/s]
[Origin 10/13] 🎲 Drawing Posterior Samples:  78%|███████▊  | 1183/1520 [01:53<00:33,  9.93step/s]
[Origin 10/13] 🎲 Drawing Posterior Samples:  78%|███████▊  | 1189/1520 [01:53<00:24, 13.34step/s]
[Origin 10/13] 🎲 Drawing Posterior Samples:  79%|███████▊  | 1195/1520 [01:54<00:18, 17.36step/s]
[Origin 10/13] 🎲 Drawing Posterior Samples:  79%|███████▉  | 1201/1520 [01:54<00:14, 21.83step/s]
[Origin 10/13] 🎲 Drawing Posterior Samples:  79%|███████▉  | 1207/1520 [01:54<00:11, 26.52step/s]
[Origin 10/13] 🎲 Drawing Posterior Samples:  80%|███████▉  | 1213/1520 [01:54<00:09, 31.16step/s]
[Origin 10/13] 🎲 Drawing Posterior Samples:  80%|████████  | 1219/1520 [01:54<00:08, 35.46step/s]
[Origin 10/13] 🎲 Drawing Posterior Samples:  81%|████████  | 1225/1520 [01:54<00:07, 39.28step/s]
[Origin 10/13] 🎲 Drawing Posterior Samples:  81%|████████  | 1231/1520 [01:54<00:06, 42.50step/s]
[Origin 10/13] 🎲 Drawing Posterior Samples:  81%|████████▏ | 1237/1520 [01:54<00:06, 45.11step/s]
[Origin 10/13] 🎲 Drawing Posterior Samples:  82%|████████▏ | 1243/1520 [01:54<00:05, 47.13step/s]
[Origin 10/13] 🎲 Drawing Posterior Samples:  82%|████████▏ | 1249/1520 [01:55<00:05, 48.68step/s]
[Origin 10/13] 🎲 Drawing Posterior Samples:  83%|████████▎ | 1255/1520 [01:55<00:05, 49.80step/s]
[Origin 10/13] 🎲 Drawing Posterior Samples:  83%|████████▎ | 1261/1520 [01:55<00:05, 50.61step/s]
[Origin 10/13] 🎲 Drawing Posterior Samples:  83%|████████▎ | 1267/1520 [01:55<00:04, 51.12step/s]
[Origin 10/13] 🎲 Drawing Posterior Samples:  84%|████████▍ | 1273/1520 [01:55<00:04, 51.39step/s]
[Origin 10/13] 🎲 Drawing Posterior Samples:  84%|████████▍ | 1279/1520 [01:55<00:04, 49.08step/s]
[Origin 10/13] 🎲 Drawing Posterior Samples:  84%|████████▍ | 1284/1520 [01:55<00:04, 48.75step/s]
[Origin 10/13] 🎲 Drawing Posterior Samples:  85%|████████▍ | 1290/1520 [01:55<00:04, 49.48step/s]
[Origin 10/13] 🎲 Drawing Posterior Samples:  85%|████████▌ | 1296/1520 [01:55<00:04, 50.43step/s]
[Origin 10/13] 🎲 Drawing Posterior Samples:  86%|████████▌ | 1302/1520 [01:56<00:04, 51.05step/s]
[Origin 10/13] 🎲 Drawing Posterior Samples:  86%|████████▌ | 1308/1520 [01:56<00:04, 51.53step/s]
[Origin 10/13] 🎲 Drawing Posterior Samples:  86%|████████▋ | 1314/1520 [01:56<00:03, 51.82step/s]
[Origin 10/13] 🎲 Drawing Posterior Samples:  87%|████████▋ | 1320/1520 [01:56<00:03, 51.85step/s]
[Origin 10/13] 🎲 Drawing Posterior Samples:  87%|████████▋ | 1326/1520 [01:56<00:03, 52.02step/s]
[Origin 10/13] 🎲 Drawing Posterior Samples:  88%|████████▊ | 1332/1520 [01:56<00:03, 52.03step/s]
[Origin 10/13] 🎲 Drawing Posterior Samples:  88%|████████▊ | 1338/1520 [01:56<00:03, 51.98step/s]
[Origin 10/13] 🎲 Drawing Posterior Samples:  88%|████████▊ | 1344/1520 [01:56<00:03, 51.79step/s]
[Origin 10/13] 🎲 Drawing Posterior Samples:  89%|████████▉ | 1350/1520 [01:57<00:03, 52.04step/s]
[Origin 10/13] 🎲 Drawing Posterior Samples:  89%|████████▉ | 1356/1520 [01:57<00:03, 52.24step/s]
[Origin 10/13] 🎲 Drawing Posterior Samples:  90%|████████▉ | 1362/1520 [01:57<00:03, 52.36step/s]
[Origin 10/13] 🎲 Drawing Posterior Samples:  90%|█████████ | 1368/1520 [01:57<00:02, 52.46step/s]
[Origin 10/13] 🎲 Drawing Posterior Samples:  90%|█████████ | 1374/1520 [01:57<00:02, 52.46step/s]
[Origin 10/13] 🎲 Drawing Posterior Samples:  91%|█████████ | 1380/1520 [01:57<00:02, 52.39step/s]
[Origin 10/13] 🎲 Drawing Posterior Samples:  91%|█████████ | 1386/1520 [01:57<00:02, 52.34step/s]
[Origin 10/13] 🎲 Drawing Posterior Samples:  92%|█████████▏| 1392/1520 [01:57<00:02, 52.28step/s]
[Origin 10/13] 🎲 Drawing Posterior Samples:  92%|█████████▏| 1398/1520 [01:57<00:02, 52.31step/s]
[Origin 10/13] 🎲 Drawing Posterior Samples:  92%|█████████▏| 1404/1520 [01:58<00:02, 52.29step/s]
[Origin 10/13] 🎲 Drawing Posterior Samples:  93%|█████████▎| 1410/1520 [01:58<00:02, 52.36step/s]
[Origin 10/13] 🎲 Drawing Posterior Samples:  93%|█████████▎| 1416/1520 [01:58<00:01, 52.43step/s]
[Origin 10/13] 🎲 Drawing Posterior Samples:  94%|█████████▎| 1422/1520 [01:58<00:01, 52.45step/s]
[Origin 10/13] 🎲 Drawing Posterior Samples:  94%|█████████▍| 1428/1520 [01:58<00:01, 52.50step/s]
[Origin 10/13] 🎲 Drawing Posterior Samples:  94%|█████████▍| 1434/1520 [01:58<00:01, 52.52step/s]
[Origin 10/13] 🎲 Drawing Posterior Samples:  95%|█████████▍| 1440/1520 [01:58<00:01, 52.49step/s]
[Origin 10/13] 🎲 Drawing Posterior Samples:  95%|█████████▌| 1446/1520 [01:58<00:01, 52.43step/s]
[Origin 10/13] 🎲 Drawing Posterior Samples:  96%|█████████▌| 1452/1520 [01:58<00:01, 52.37step/s]
[Origin 10/13] 🎲 Drawing Posterior Samples:  96%|█████████▌| 1458/1520 [01:59<00:01, 52.38step/s]
[Origin 10/13] 🎲 Drawing Posterior Samples:  96%|█████████▋| 1464/1520 [01:59<00:01, 52.33step/s]
[Origin 10/13] 🎲 Drawing Posterior Samples:  97%|█████████▋| 1470/1520 [01:59<00:00, 52.34step/s]
[Origin 10/13] 🎲 Drawing Posterior Samples:  97%|█████████▋| 1476/1520 [01:59<00:00, 52.37step/s]
[Origin 10/13] 🎲 Drawing Posterior Samples:  98%|█████████▊| 1482/1520 [01:59<00:00, 52.38step/s]
[Origin 10/13] 🎲 Drawing Posterior Samples:  98%|█████████▊| 1488/1520 [02:00<00:02, 15.31step/s]
[Origin 10/13] 🎲 Drawing Posterior Samples:  98%|█████████▊| 1492/1520 [02:01<00:02, 10.92step/s]
[Origin 10/13] 🎲 Drawing Posterior Samples:  98%|█████████▊| 1495/1520 [02:02<00:02,  8.48step/s]
[Origin 10/13] 🎲 Drawing Posterior Samples:  99%|█████████▊| 1498/1520 [02:02<00:02,  7.89step/s]
[Origin 10/13] 🎲 Drawing Posterior Samples:  99%|█████████▊| 1500/1520 [02:02<00:02,  7.48step/s]
[Origin 10/13] 🎲 Drawing Posterior Samples:  99%|█████████▉| 1502/1520 [02:03<00:02,  7.17step/s]
[Origin 10/13] 🎲 Drawing Posterior Samples:  99%|█████████▉| 1504/1520 [02:03<00:02,  6.92step/s]
[Origin 10/13] 🎲 Drawing Posterior Samples:  99%|█████████▉| 1505/1520 [02:03<00:02,  6.84step/s]
[Origin 10/13] 🎲 Drawing Posterior Samples:  99%|█████████▉| 1506/1520 [02:03<00:02,  6.65step/s]
[Origin 10/13] 🎲 Drawing Posterior Samples:  99%|█████████▉| 1507/1520 [02:03<00:01,  6.60step/s]
[Origin 10/13] 🎲 Drawing Posterior Samples:  99%|█████████▉| 1508/1520 [02:04<00:01,  6.52step/s]
[Origin 10/13] 🎲 Drawing Posterior Samples:  99%|█████████▉| 1509/1520 [02:04<00:01,  6.55step/s]
[Origin 10/13] 🎲 Drawing Posterior Samples:  99%|█████████▉| 1510/1520 [02:04<00:01,  6.40step/s]
[Origin 10/13] 🎲 Drawing Posterior Samples:  99%|█████████▉| 1511/1520 [02:04<00:01,  6.26step/s]
[Origin 10/13] 🎲 Drawing Posterior Samples:  99%|█████████▉| 1512/1520 [02:04<00:01,  6.26step/s]
[Origin 10/13] 🎲 Drawing Posterior Samples: 100%|█████████▉| 1513/1520 [02:04<00:01,  6.14step/s]
[Origin 10/13] 🎲 Drawing Posterior Samples: 100%|█████████▉| 1514/1520 [02:05<00:00,  6.06step/s]
[Origin 10/13] 🎲 Drawing Posterior Samples: 100%|█████████▉| 1515/1520 [02:05<00:00,  5.94step/s]
[Origin 10/13] 🎲 Drawing Posterior Samples: 100%|█████████▉| 1516/1520 [02:05<00:00,  6.13step/s]
[Origin 10/13] 🎲 Drawing Posterior Samples: 100%|█████████▉| 1517/1520 [02:05<00:00,  5.46step/s]
[Origin 10/13] 🎲 Drawing Posterior Samples: 100%|█████████▉| 1518/1520 [02:05<00:00,  5.53step/s]
[Origin 10/13] 🎲 Drawing Posterior Samples: 100%|█████████▉| 1519/1520 [02:06<00:00,  5.58step/s]
[Origin 10/13] 🎲 Drawing Posterior Samples: 100%|██████████| 1520/1520 [02:06<00:00,  5.49step/s]
                                                                                                  

[Origin 11/13] 🎲 Drawing Posterior Samples:   0%|          | 0/1524 [00:00<?, ?step/s]
[Origin 11/13] 🎲 Drawing Posterior Samples:   0%|          | 7/1524 [00:00<00:25, 59.65step/s]
[Origin 11/13] 🎲 Drawing Posterior Samples:   1%|          | 13/1524 [00:00<00:27, 55.81step/s]
[Origin 11/13] 🎲 Drawing Posterior Samples:   1%|          | 19/1524 [00:00<00:27, 54.51step/s]
[Origin 11/13] 🎲 Drawing Posterior Samples:   2%|▏         | 25/1524 [00:00<00:27, 53.86step/s]
[Origin 11/13] 🎲 Drawing Posterior Samples:   2%|▏         | 31/1524 [00:00<00:27, 53.57step/s]
[Origin 11/13] 🎲 Drawing Posterior Samples:   2%|▏         | 37/1524 [00:00<00:27, 53.34step/s]
[Origin 11/13] 🎲 Drawing Posterior Samples:   3%|▎         | 43/1524 [00:00<00:27, 53.24step/s]
[Origin 11/13] 🎲 Drawing Posterior Samples:   3%|▎         | 49/1524 [00:00<00:27, 53.08step/s]
[Origin 11/13] 🎲 Drawing Posterior Samples:   4%|▎         | 55/1524 [00:01<00:27, 52.78step/s]
[Origin 11/13] 🎲 Drawing Posterior Samples:   4%|▍         | 61/1524 [00:01<00:27, 52.49step/s]
[Origin 11/13] 🎲 Drawing Posterior Samples:   4%|▍         | 67/1524 [00:01<00:27, 52.36step/s]
[Origin 11/13] 🎲 Drawing Posterior Samples:   5%|▍         | 73/1524 [00:01<00:27, 52.30step/s]
[Origin 11/13] 🎲 Drawing Posterior Samples:   5%|▌         | 79/1524 [00:01<00:27, 52.25step/s]
[Origin 11/13] 🎲 Drawing Posterior Samples:   6%|▌         | 85/1524 [00:01<00:27, 52.38step/s]
[Origin 11/13] 🎲 Drawing Posterior Samples:   6%|▌         | 91/1524 [00:01<00:27, 52.35step/s]
[Origin 11/13] 🎲 Drawing Posterior Samples:   6%|▋         | 97/1524 [00:01<00:27, 52.40step/s]
[Origin 11/13] 🎲 Drawing Posterior Samples:   7%|▋         | 103/1524 [00:01<00:27, 52.40step/s]
[Origin 11/13] 🎲 Drawing Posterior Samples:   7%|▋         | 109/1524 [00:02<00:26, 52.46step/s]
[Origin 11/13] 🎲 Drawing Posterior Samples:   8%|▊         | 115/1524 [00:02<00:26, 52.54step/s]
[Origin 11/13] 🎲 Drawing Posterior Samples:   8%|▊         | 121/1524 [00:02<00:26, 52.46step/s]
[Origin 11/13] 🎲 Drawing Posterior Samples:   8%|▊         | 127/1524 [00:02<00:26, 52.38step/s]
[Origin 11/13] 🎲 Drawing Posterior Samples:   9%|▊         | 133/1524 [00:02<00:26, 52.30step/s]
[Origin 11/13] 🎲 Drawing Posterior Samples:   9%|▉         | 139/1524 [00:02<00:26, 52.32step/s]
[Origin 11/13] 🎲 Drawing Posterior Samples:  10%|▉         | 145/1524 [00:02<00:26, 52.33step/s]
[Origin 11/13] 🎲 Drawing Posterior Samples:  10%|▉         | 151/1524 [00:02<00:26, 52.37step/s]
[Origin 11/13] 🎲 Drawing Posterior Samples:  10%|█         | 157/1524 [00:02<00:26, 52.50step/s]
[Origin 11/13] 🎲 Drawing Posterior Samples:  11%|█         | 163/1524 [00:03<00:25, 52.57step/s]
[Origin 11/13] 🎲 Drawing Posterior Samples:  11%|█         | 169/1524 [00:03<00:26, 51.07step/s]
[Origin 11/13] 🎲 Drawing Posterior Samples:  11%|█▏        | 175/1524 [00:03<00:26, 51.44step/s]
[Origin 11/13] 🎲 Drawing Posterior Samples:  12%|█▏        | 181/1524 [00:03<00:25, 51.66step/s]
[Origin 11/13] 🎲 Drawing Posterior Samples:  12%|█▏        | 187/1524 [00:03<00:25, 51.87step/s]
[Origin 11/13] 🎲 Drawing Posterior Samples:  13%|█▎        | 193/1524 [00:03<00:25, 51.96step/s]
[Origin 11/13] 🎲 Drawing Posterior Samples:  13%|█▎        | 199/1524 [00:03<00:25, 52.05step/s]
[Origin 11/13] 🎲 Drawing Posterior Samples:  13%|█▎        | 205/1524 [00:03<00:25, 52.14step/s]
[Origin 11/13] 🎲 Drawing Posterior Samples:  14%|█▍        | 211/1524 [00:04<00:25, 52.25step/s]
[Origin 11/13] 🎲 Drawing Posterior Samples:  14%|█▍        | 217/1524 [00:04<00:24, 52.35step/s]
[Origin 11/13] 🎲 Drawing Posterior Samples:  15%|█▍        | 223/1524 [00:04<00:24, 52.45step/s]
[Origin 11/13] 🎲 Drawing Posterior Samples:  15%|█▌        | 229/1524 [00:04<00:24, 52.54step/s]
[Origin 11/13] 🎲 Drawing Posterior Samples:  15%|█▌        | 235/1524 [00:04<00:24, 52.42step/s]
[Origin 11/13] 🎲 Drawing Posterior Samples:  16%|█▌        | 241/1524 [00:04<00:24, 52.39step/s]
[Origin 11/13] 🎲 Drawing Posterior Samples:  16%|█▌        | 247/1524 [00:04<00:24, 52.35step/s]
[Origin 11/13] 🎲 Drawing Posterior Samples:  17%|█▋        | 253/1524 [00:04<00:24, 52.05step/s]
[Origin 11/13] 🎲 Drawing Posterior Samples:  17%|█▋        | 259/1524 [00:04<00:24, 52.40step/s]
[Origin 11/13] 🎲 Drawing Posterior Samples:  17%|█▋        | 265/1524 [00:05<00:24, 52.35step/s]
[Origin 11/13] 🎲 Drawing Posterior Samples:  18%|█▊        | 271/1524 [00:05<00:23, 52.39step/s]
[Origin 11/13] 🎲 Drawing Posterior Samples:  18%|█▊        | 277/1524 [00:05<00:23, 52.40step/s]
[Origin 11/13] 🎲 Drawing Posterior Samples:  19%|█▊        | 283/1524 [00:05<00:23, 52.49step/s]
[Origin 11/13] 🎲 Drawing Posterior Samples:  19%|█▉        | 289/1524 [00:05<00:23, 52.57step/s]
[Origin 11/13] 🎲 Drawing Posterior Samples:  19%|█▉        | 295/1524 [00:05<00:23, 52.49step/s]
[Origin 11/13] 🎲 Drawing Posterior Samples:  20%|█▉        | 301/1524 [00:05<00:23, 52.42step/s]
[Origin 11/13] 🎲 Drawing Posterior Samples:  20%|██        | 307/1524 [00:05<00:23, 52.38step/s]
[Origin 11/13] 🎲 Drawing Posterior Samples:  21%|██        | 313/1524 [00:05<00:23, 52.36step/s]
[Origin 11/13] 🎲 Drawing Posterior Samples:  21%|██        | 319/1524 [00:06<00:23, 52.33step/s]
[Origin 11/13] 🎲 Drawing Posterior Samples:  21%|██▏       | 325/1524 [00:06<00:22, 52.34step/s]
[Origin 11/13] 🎲 Drawing Posterior Samples:  22%|██▏       | 331/1524 [00:06<00:22, 52.33step/s]
[Origin 11/13] 🎲 Drawing Posterior Samples:  22%|██▏       | 337/1524 [00:06<00:22, 52.37step/s]
[Origin 11/13] 🎲 Drawing Posterior Samples:  23%|██▎       | 343/1524 [00:06<00:22, 52.38step/s]
[Origin 11/13] 🎲 Drawing Posterior Samples:  23%|██▎       | 349/1524 [00:07<00:58, 19.92step/s]
[Origin 11/13] 🎲 Drawing Posterior Samples:  23%|██▎       | 353/1524 [00:08<01:38, 11.86step/s]
[Origin 11/13] 🎲 Drawing Posterior Samples:  23%|██▎       | 356/1524 [00:08<02:01,  9.63step/s]
[Origin 11/13] 🎲 Drawing Posterior Samples:  24%|██▎       | 359/1524 [00:09<02:16,  8.55step/s]
[Origin 11/13] 🎲 Drawing Posterior Samples:  24%|██▎       | 361/1524 [00:09<02:24,  8.04step/s]
[Origin 11/13] 🎲 Drawing Posterior Samples:  24%|██▍       | 363/1524 [00:09<02:30,  7.70step/s]
[Origin 11/13] 🎲 Drawing Posterior Samples:  24%|██▍       | 365/1524 [00:10<02:40,  7.24step/s]
[Origin 11/13] 🎲 Drawing Posterior Samples:  24%|██▍       | 366/1524 [00:10<02:43,  7.10step/s]
[Origin 11/13] 🎲 Drawing Posterior Samples:  24%|██▍       | 367/1524 [00:10<02:46,  6.93step/s]
[Origin 11/13] 🎲 Drawing Posterior Samples:  24%|██▍       | 368/1524 [00:10<02:52,  6.72step/s]
[Origin 11/13] 🎲 Drawing Posterior Samples:  24%|██▍       | 369/1524 [00:10<02:54,  6.60step/s]
[Origin 11/13] 🎲 Drawing Posterior Samples:  24%|██▍       | 370/1524 [00:10<02:57,  6.52step/s]
[Origin 11/13] 🎲 Drawing Posterior Samples:  24%|██▍       | 371/1524 [00:11<03:02,  6.32step/s]
[Origin 11/13] 🎲 Drawing Posterior Samples:  24%|██▍       | 372/1524 [00:11<03:08,  6.12step/s]
[Origin 11/13] 🎲 Drawing Posterior Samples:  24%|██▍       | 373/1524 [00:11<03:07,  6.14step/s]
[Origin 11/13] 🎲 Drawing Posterior Samples:  25%|██▍       | 374/1524 [00:11<03:11,  6.02step/s]
[Origin 11/13] 🎲 Drawing Posterior Samples:  25%|██▍       | 375/1524 [00:11<03:13,  5.94step/s]
[Origin 11/13] 🎲 Drawing Posterior Samples:  25%|██▍       | 376/1524 [00:11<03:12,  5.98step/s]
[Origin 11/13] 🎲 Drawing Posterior Samples:  25%|██▍       | 377/1524 [00:12<03:13,  5.92step/s]
[Origin 11/13] 🎲 Drawing Posterior Samples:  25%|██▍       | 378/1524 [00:12<03:10,  6.03step/s]
[Origin 11/13] 🎲 Drawing Posterior Samples:  25%|██▍       | 379/1524 [00:12<03:06,  6.13step/s]
[Origin 11/13] 🎲 Drawing Posterior Samples:  25%|██▍       | 380/1524 [00:12<03:12,  5.94step/s]
[Origin 11/13] 🎲 Drawing Posterior Samples:  25%|██▌       | 381/1524 [00:12<03:15,  5.85step/s]
[Origin 11/13] 🎲 Drawing Posterior Samples:  25%|██▌       | 382/1524 [00:34<2:08:01,  6.73s/step]
[Origin 11/13] 🎲 Drawing Posterior Samples:  25%|██▌       | 388/1524 [00:35<36:00,  1.90s/step]  
[Origin 11/13] 🎲 Drawing Posterior Samples:  26%|██▌       | 394/1524 [00:35<17:51,  1.06step/s]
[Origin 11/13] 🎲 Drawing Posterior Samples:  26%|██▌       | 400/1524 [00:35<10:26,  1.79step/s]
[Origin 11/13] 🎲 Drawing Posterior Samples:  27%|██▋       | 406/1524 [00:35<06:37,  2.81step/s]
[Origin 11/13] 🎲 Drawing Posterior Samples:  27%|██▋       | 412/1524 [00:35<04:24,  4.20step/s]
[Origin 11/13] 🎲 Drawing Posterior Samples:  27%|██▋       | 418/1524 [00:35<03:02,  6.05step/s]
[Origin 11/13] 🎲 Drawing Posterior Samples:  28%|██▊       | 424/1524 [00:35<02:09,  8.47step/s]
[Origin 11/13] 🎲 Drawing Posterior Samples:  28%|██▊       | 430/1524 [00:35<01:35, 11.51step/s]
[Origin 11/13] 🎲 Drawing Posterior Samples:  29%|██▊       | 436/1524 [00:35<01:11, 15.20step/s]
[Origin 11/13] 🎲 Drawing Posterior Samples:  29%|██▉       | 442/1524 [00:36<00:55, 19.43step/s]
[Origin 11/13] 🎲 Drawing Posterior Samples:  29%|██▉       | 448/1524 [00:36<00:44, 24.03step/s]
[Origin 11/13] 🎲 Drawing Posterior Samples:  30%|██▉       | 454/1524 [00:36<00:37, 28.72step/s]
[Origin 11/13] 🎲 Drawing Posterior Samples:  30%|███       | 460/1524 [00:36<00:32, 33.23step/s]
[Origin 11/13] 🎲 Drawing Posterior Samples:  31%|███       | 466/1524 [00:36<00:28, 37.32step/s]
[Origin 11/13] 🎲 Drawing Posterior Samples:  31%|███       | 472/1524 [00:36<00:25, 40.91step/s]
[Origin 11/13] 🎲 Drawing Posterior Samples:  31%|███▏      | 478/1524 [00:36<00:23, 43.87step/s]
[Origin 11/13] 🎲 Drawing Posterior Samples:  32%|███▏      | 484/1524 [00:36<00:22, 46.20step/s]
[Origin 11/13] 🎲 Drawing Posterior Samples:  32%|███▏      | 490/1524 [00:36<00:21, 48.01step/s]
[Origin 11/13] 🎲 Drawing Posterior Samples:  33%|███▎      | 496/1524 [00:37<00:20, 49.26step/s]
[Origin 11/13] 🎲 Drawing Posterior Samples:  33%|███▎      | 502/1524 [00:37<00:20, 50.12step/s]
[Origin 11/13] 🎲 Drawing Posterior Samples:  33%|███▎      | 508/1524 [00:37<00:20, 50.77step/s]
[Origin 11/13] 🎲 Drawing Posterior Samples:  34%|███▎      | 514/1524 [00:37<00:19, 51.20step/s]
[Origin 11/13] 🎲 Drawing Posterior Samples:  34%|███▍      | 520/1524 [00:37<00:19, 51.51step/s]
[Origin 11/13] 🎲 Drawing Posterior Samples:  35%|███▍      | 526/1524 [00:37<00:19, 51.71step/s]
[Origin 11/13] 🎲 Drawing Posterior Samples:  35%|███▍      | 532/1524 [00:37<00:19, 52.00step/s]
[Origin 11/13] 🎲 Drawing Posterior Samples:  35%|███▌      | 538/1524 [00:37<00:18, 52.17step/s]
[Origin 11/13] 🎲 Drawing Posterior Samples:  36%|███▌      | 544/1524 [00:37<00:18, 52.34step/s]
[Origin 11/13] 🎲 Drawing Posterior Samples:  36%|███▌      | 550/1524 [00:38<00:18, 52.42step/s]
[Origin 11/13] 🎲 Drawing Posterior Samples:  36%|███▋      | 556/1524 [00:38<00:18, 52.46step/s]
[Origin 11/13] 🎲 Drawing Posterior Samples:  37%|███▋      | 562/1524 [00:38<00:18, 52.34step/s]
[Origin 11/13] 🎲 Drawing Posterior Samples:  37%|███▋      | 568/1524 [00:38<00:18, 52.35step/s]
[Origin 11/13] 🎲 Drawing Posterior Samples:  38%|███▊      | 574/1524 [00:38<00:18, 52.35step/s]
[Origin 11/13] 🎲 Drawing Posterior Samples:  38%|███▊      | 580/1524 [00:38<00:18, 52.29step/s]
[Origin 11/13] 🎲 Drawing Posterior Samples:  38%|███▊      | 586/1524 [00:38<00:17, 52.33step/s]
[Origin 11/13] 🎲 Drawing Posterior Samples:  39%|███▉      | 592/1524 [00:38<00:17, 52.38step/s]
[Origin 11/13] 🎲 Drawing Posterior Samples:  39%|███▉      | 598/1524 [00:39<00:17, 52.46step/s]
[Origin 11/13] 🎲 Drawing Posterior Samples:  40%|███▉      | 604/1524 [00:39<00:17, 52.50step/s]
[Origin 11/13] 🎲 Drawing Posterior Samples:  40%|████      | 610/1524 [00:39<00:17, 52.57step/s]
[Origin 11/13] 🎲 Drawing Posterior Samples:  40%|████      | 616/1524 [00:39<00:17, 52.54step/s]
[Origin 11/13] 🎲 Drawing Posterior Samples:  41%|████      | 622/1524 [00:39<00:17, 52.47step/s]
[Origin 11/13] 🎲 Drawing Posterior Samples:  41%|████      | 628/1524 [00:39<00:17, 52.44step/s]
[Origin 11/13] 🎲 Drawing Posterior Samples:  42%|████▏     | 634/1524 [00:39<00:16, 52.39step/s]
[Origin 11/13] 🎲 Drawing Posterior Samples:  42%|████▏     | 640/1524 [00:39<00:16, 52.38step/s]
[Origin 11/13] 🎲 Drawing Posterior Samples:  42%|████▏     | 646/1524 [00:39<00:16, 52.39step/s]
[Origin 11/13] 🎲 Drawing Posterior Samples:  43%|████▎     | 652/1524 [00:40<00:16, 52.40step/s]
[Origin 11/13] 🎲 Drawing Posterior Samples:  43%|████▎     | 658/1524 [00:40<00:16, 52.41step/s]
[Origin 11/13] 🎲 Drawing Posterior Samples:  44%|████▎     | 664/1524 [00:40<00:16, 52.49step/s]
[Origin 11/13] 🎲 Drawing Posterior Samples:  44%|████▍     | 670/1524 [00:40<00:16, 52.56step/s]
[Origin 11/13] 🎲 Drawing Posterior Samples:  44%|████▍     | 676/1524 [00:40<00:16, 52.50step/s]
[Origin 11/13] 🎲 Drawing Posterior Samples:  45%|████▍     | 682/1524 [00:40<00:16, 52.48step/s]
[Origin 11/13] 🎲 Drawing Posterior Samples:  45%|████▌     | 688/1524 [00:40<00:15, 52.43step/s]
[Origin 11/13] 🎲 Drawing Posterior Samples:  46%|████▌     | 694/1524 [00:40<00:15, 52.38step/s]
[Origin 11/13] 🎲 Drawing Posterior Samples:  46%|████▌     | 700/1524 [00:40<00:15, 52.36step/s]
[Origin 11/13] 🎲 Drawing Posterior Samples:  46%|████▋     | 706/1524 [00:41<00:15, 52.34step/s]
[Origin 11/13] 🎲 Drawing Posterior Samples:  47%|████▋     | 712/1524 [00:41<00:15, 52.36step/s]
[Origin 11/13] 🎲 Drawing Posterior Samples:  47%|████▋     | 718/1524 [00:41<00:15, 52.41step/s]
[Origin 11/13] 🎲 Drawing Posterior Samples:  48%|████▊     | 724/1524 [00:41<00:15, 52.44step/s]
[Origin 11/13] 🎲 Drawing Posterior Samples:  48%|████▊     | 730/1524 [00:42<00:42, 18.70step/s]
[Origin 11/13] 🎲 Drawing Posterior Samples:  48%|████▊     | 734/1524 [00:42<01:04, 12.30step/s]
[Origin 11/13] 🎲 Drawing Posterior Samples:  48%|████▊     | 737/1524 [00:43<01:17, 10.19step/s]
[Origin 11/13] 🎲 Drawing Posterior Samples:  49%|████▊     | 740/1524 [00:43<01:27,  8.97step/s]
[Origin 11/13] 🎲 Drawing Posterior Samples:  49%|████▊     | 742/1524 [00:44<01:33,  8.36step/s]
[Origin 11/13] 🎲 Drawing Posterior Samples:  49%|████▉     | 744/1524 [00:44<01:41,  7.70step/s]
[Origin 11/13] 🎲 Drawing Posterior Samples:  49%|████▉     | 746/1524 [00:44<01:44,  7.48step/s]
[Origin 11/13] 🎲 Drawing Posterior Samples:  49%|████▉     | 748/1524 [00:45<01:46,  7.28step/s]
[Origin 11/13] 🎲 Drawing Posterior Samples:  49%|████▉     | 749/1524 [00:45<01:48,  7.16step/s]
[Origin 11/13] 🎲 Drawing Posterior Samples:  49%|████▉     | 750/1524 [00:45<01:48,  7.13step/s]
[Origin 11/13] 🎲 Drawing Posterior Samples:  49%|████▉     | 751/1524 [00:45<01:50,  6.97step/s]
[Origin 11/13] 🎲 Drawing Posterior Samples:  49%|████▉     | 752/1524 [00:45<01:54,  6.77step/s]
[Origin 11/13] 🎲 Drawing Posterior Samples:  49%|████▉     | 753/1524 [00:45<01:56,  6.65step/s]
[Origin 11/13] 🎲 Drawing Posterior Samples:  49%|████▉     | 754/1524 [00:46<02:00,  6.40step/s]
[Origin 11/13] 🎲 Drawing Posterior Samples:  50%|████▉     | 755/1524 [00:46<01:59,  6.45step/s]
[Origin 11/13] 🎲 Drawing Posterior Samples:  50%|████▉     | 756/1524 [00:46<01:59,  6.42step/s]
[Origin 11/13] 🎲 Drawing Posterior Samples:  50%|████▉     | 757/1524 [00:46<02:00,  6.37step/s]
[Origin 11/13] 🎲 Drawing Posterior Samples:  50%|████▉     | 758/1524 [00:46<02:02,  6.23step/s]
[Origin 11/13] 🎲 Drawing Posterior Samples:  50%|████▉     | 759/1524 [00:46<02:03,  6.19step/s]
[Origin 11/13] 🎲 Drawing Posterior Samples:  50%|████▉     | 760/1524 [00:47<02:09,  5.88step/s]
[Origin 11/13] 🎲 Drawing Posterior Samples:  50%|████▉     | 761/1524 [00:47<02:10,  5.83step/s]
[Origin 11/13] 🎲 Drawing Posterior Samples:  50%|█████     | 762/1524 [00:47<02:16,  5.59step/s]
[Origin 11/13] 🎲 Drawing Posterior Samples:  50%|█████     | 763/1524 [01:03<1:02:22,  4.92s/step]
[Origin 11/13] 🎲 Drawing Posterior Samples:  51%|█████     | 771/1524 [01:03<14:08,  1.13s/step]  
[Origin 11/13] 🎲 Drawing Posterior Samples:  51%|█████     | 780/1524 [01:03<06:19,  1.96step/s]
[Origin 11/13] 🎲 Drawing Posterior Samples:  52%|█████▏    | 788/1524 [01:03<03:44,  3.28step/s]
[Origin 11/13] 🎲 Drawing Posterior Samples:  52%|█████▏    | 796/1524 [01:04<02:23,  5.07step/s]
[Origin 11/13] 🎲 Drawing Posterior Samples:  53%|█████▎    | 803/1524 [01:04<01:40,  7.18step/s]
[Origin 11/13] 🎲 Drawing Posterior Samples:  53%|█████▎    | 810/1524 [01:04<01:11,  9.97step/s]
[Origin 11/13] 🎲 Drawing Posterior Samples:  54%|█████▎    | 817/1524 [01:04<00:53, 13.20step/s]
[Origin 11/13] 🎲 Drawing Posterior Samples:  54%|█████▍    | 823/1524 [01:04<00:42, 16.57step/s]
[Origin 11/13] 🎲 Drawing Posterior Samples:  54%|█████▍    | 829/1524 [01:04<00:33, 20.50step/s]
[Origin 11/13] 🎲 Drawing Posterior Samples:  55%|█████▍    | 835/1524 [01:04<00:27, 24.84step/s]
[Origin 11/13] 🎲 Drawing Posterior Samples:  55%|█████▌    | 841/1524 [01:04<00:23, 29.24step/s]
[Origin 11/13] 🎲 Drawing Posterior Samples:  56%|█████▌    | 847/1524 [01:04<00:20, 33.70step/s]
[Origin 11/13] 🎲 Drawing Posterior Samples:  56%|█████▌    | 853/1524 [01:05<00:17, 37.71step/s]
[Origin 11/13] 🎲 Drawing Posterior Samples:  56%|█████▋    | 859/1524 [01:05<00:16, 41.22step/s]
[Origin 11/13] 🎲 Drawing Posterior Samples:  57%|█████▋    | 865/1524 [01:05<00:14, 44.07step/s]
[Origin 11/13] 🎲 Drawing Posterior Samples:  57%|█████▋    | 871/1524 [01:05<00:14, 46.25step/s]
[Origin 11/13] 🎲 Drawing Posterior Samples:  58%|█████▊    | 877/1524 [01:05<00:13, 47.82step/s]
[Origin 11/13] 🎲 Drawing Posterior Samples:  58%|█████▊    | 883/1524 [01:05<00:13, 48.97step/s]
[Origin 11/13] 🎲 Drawing Posterior Samples:  58%|█████▊    | 889/1524 [01:05<00:12, 49.78step/s]
[Origin 11/13] 🎲 Drawing Posterior Samples:  59%|█████▊    | 895/1524 [01:05<00:12, 50.43step/s]
[Origin 11/13] 🎲 Drawing Posterior Samples:  59%|█████▉    | 901/1524 [01:05<00:12, 50.96step/s]
[Origin 11/13] 🎲 Drawing Posterior Samples:  60%|█████▉    | 907/1524 [01:06<00:12, 51.40step/s]
[Origin 11/13] 🎲 Drawing Posterior Samples:  60%|█████▉    | 913/1524 [01:06<00:11, 51.77step/s]
[Origin 11/13] 🎲 Drawing Posterior Samples:  60%|██████    | 919/1524 [01:06<00:11, 52.06step/s]
[Origin 11/13] 🎲 Drawing Posterior Samples:  61%|██████    | 925/1524 [01:06<00:11, 52.27step/s]
[Origin 11/13] 🎲 Drawing Posterior Samples:  61%|██████    | 931/1524 [01:06<00:11, 52.30step/s]
[Origin 11/13] 🎲 Drawing Posterior Samples:  61%|██████▏   | 937/1524 [01:06<00:11, 52.31step/s]
[Origin 11/13] 🎲 Drawing Posterior Samples:  62%|██████▏   | 943/1524 [01:06<00:11, 52.32step/s]
[Origin 11/13] 🎲 Drawing Posterior Samples:  62%|██████▏   | 949/1524 [01:06<00:10, 52.30step/s]
[Origin 11/13] 🎲 Drawing Posterior Samples:  63%|██████▎   | 955/1524 [01:06<00:10, 52.28step/s]
[Origin 11/13] 🎲 Drawing Posterior Samples:  63%|██████▎   | 961/1524 [01:07<00:10, 52.29step/s]
[Origin 11/13] 🎲 Drawing Posterior Samples:  63%|██████▎   | 967/1524 [01:07<00:10, 52.30step/s]
[Origin 11/13] 🎲 Drawing Posterior Samples:  64%|██████▍   | 973/1524 [01:07<00:10, 52.38step/s]
[Origin 11/13] 🎲 Drawing Posterior Samples:  64%|██████▍   | 979/1524 [01:07<00:10, 52.44step/s]
[Origin 11/13] 🎲 Drawing Posterior Samples:  65%|██████▍   | 985/1524 [01:07<00:10, 52.55step/s]
[Origin 11/13] 🎲 Drawing Posterior Samples:  65%|██████▌   | 991/1524 [01:07<00:10, 52.56step/s]
[Origin 11/13] 🎲 Drawing Posterior Samples:  65%|██████▌   | 997/1524 [01:07<00:10, 52.35step/s]
[Origin 11/13] 🎲 Drawing Posterior Samples:  66%|██████▌   | 1003/1524 [01:07<00:09, 52.28step/s]
[Origin 11/13] 🎲 Drawing Posterior Samples:  66%|██████▌   | 1009/1524 [01:08<00:09, 52.30step/s]
[Origin 11/13] 🎲 Drawing Posterior Samples:  67%|██████▋   | 1015/1524 [01:08<00:09, 52.29step/s]
[Origin 11/13] 🎲 Drawing Posterior Samples:  67%|██████▋   | 1021/1524 [01:08<00:09, 52.34step/s]
[Origin 11/13] 🎲 Drawing Posterior Samples:  67%|██████▋   | 1027/1524 [01:08<00:09, 52.35step/s]
[Origin 11/13] 🎲 Drawing Posterior Samples:  68%|██████▊   | 1033/1524 [01:08<00:09, 52.37step/s]
[Origin 11/13] 🎲 Drawing Posterior Samples:  68%|██████▊   | 1039/1524 [01:08<00:09, 52.46step/s]
[Origin 11/13] 🎲 Drawing Posterior Samples:  69%|██████▊   | 1045/1524 [01:08<00:09, 52.49step/s]
[Origin 11/13] 🎲 Drawing Posterior Samples:  69%|██████▉   | 1051/1524 [01:08<00:09, 52.51step/s]
[Origin 11/13] 🎲 Drawing Posterior Samples:  69%|██████▉   | 1057/1524 [01:08<00:08, 52.42step/s]
[Origin 11/13] 🎲 Drawing Posterior Samples:  70%|██████▉   | 1063/1524 [01:09<00:08, 52.38step/s]
[Origin 11/13] 🎲 Drawing Posterior Samples:  70%|███████   | 1069/1524 [01:09<00:08, 52.35step/s]
[Origin 11/13] 🎲 Drawing Posterior Samples:  71%|███████   | 1075/1524 [01:09<00:08, 52.35step/s]
[Origin 11/13] 🎲 Drawing Posterior Samples:  71%|███████   | 1081/1524 [01:09<00:08, 52.32step/s]
[Origin 11/13] 🎲 Drawing Posterior Samples:  71%|███████▏  | 1087/1524 [01:09<00:08, 52.31step/s]
[Origin 11/13] 🎲 Drawing Posterior Samples:  72%|███████▏  | 1093/1524 [01:09<00:08, 52.36step/s]
[Origin 11/13] 🎲 Drawing Posterior Samples:  72%|███████▏  | 1099/1524 [01:09<00:08, 52.44step/s]
[Origin 11/13] 🎲 Drawing Posterior Samples:  73%|███████▎  | 1105/1524 [01:09<00:07, 52.50step/s]
[Origin 11/13] 🎲 Drawing Posterior Samples:  73%|███████▎  | 1111/1524 [01:10<00:19, 21.02step/s]
[Origin 11/13] 🎲 Drawing Posterior Samples:  73%|███████▎  | 1115/1524 [01:11<00:30, 13.53step/s]
[Origin 11/13] 🎲 Drawing Posterior Samples:  73%|███████▎  | 1118/1524 [01:11<00:36, 10.98step/s]
[Origin 11/13] 🎲 Drawing Posterior Samples:  74%|███████▎  | 1121/1524 [01:12<00:42,  9.45step/s]
[Origin 11/13] 🎲 Drawing Posterior Samples:  74%|███████▎  | 1123/1524 [01:12<00:45,  8.75step/s]
[Origin 11/13] 🎲 Drawing Posterior Samples:  74%|███████▍  | 1125/1524 [01:12<00:49,  8.07step/s]
[Origin 11/13] 🎲 Drawing Posterior Samples:  74%|███████▍  | 1127/1524 [01:13<00:53,  7.47step/s]
[Origin 11/13] 🎲 Drawing Posterior Samples:  74%|███████▍  | 1129/1524 [01:13<00:56,  7.00step/s]
[Origin 11/13] 🎲 Drawing Posterior Samples:  74%|███████▍  | 1130/1524 [01:13<00:58,  6.78step/s]
[Origin 11/13] 🎲 Drawing Posterior Samples:  74%|███████▍  | 1131/1524 [01:13<00:59,  6.62step/s]
[Origin 11/13] 🎲 Drawing Posterior Samples:  74%|███████▍  | 1132/1524 [01:14<01:00,  6.48step/s]
[Origin 11/13] 🎲 Drawing Posterior Samples:  74%|███████▍  | 1133/1524 [01:14<01:02,  6.30step/s]
[Origin 11/13] 🎲 Drawing Posterior Samples:  74%|███████▍  | 1134/1524 [01:14<01:02,  6.22step/s]
[Origin 11/13] 🎲 Drawing Posterior Samples:  74%|███████▍  | 1135/1524 [01:14<01:06,  5.87step/s]
[Origin 11/13] 🎲 Drawing Posterior Samples:  75%|███████▍  | 1136/1524 [01:14<01:06,  5.79step/s]
[Origin 11/13] 🎲 Drawing Posterior Samples:  75%|███████▍  | 1137/1524 [01:14<01:10,  5.51step/s]
[Origin 11/13] 🎲 Drawing Posterior Samples:  75%|███████▍  | 1138/1524 [01:15<01:12,  5.36step/s]
[Origin 11/13] 🎲 Drawing Posterior Samples:  75%|███████▍  | 1139/1524 [01:15<01:10,  5.44step/s]
[Origin 11/13] 🎲 Drawing Posterior Samples:  75%|███████▍  | 1140/1524 [01:15<01:12,  5.28step/s]
[Origin 11/13] 🎲 Drawing Posterior Samples:  75%|███████▍  | 1141/1524 [01:15<01:15,  5.08step/s]
[Origin 11/13] 🎲 Drawing Posterior Samples:  75%|███████▍  | 1142/1524 [01:15<01:17,  4.96step/s]
[Origin 11/13] 🎲 Drawing Posterior Samples:  75%|███████▌  | 1143/1524 [01:16<01:36,  3.96step/s]
[Origin 11/13] 🎲 Drawing Posterior Samples:  75%|███████▌  | 1144/1524 [01:32<31:49,  5.03s/step]
[Origin 11/13] 🎲 Drawing Posterior Samples:  75%|███████▌  | 1150/1524 [01:32<08:53,  1.43s/step]
[Origin 11/13] 🎲 Drawing Posterior Samples:  76%|███████▌  | 1156/1524 [01:32<04:22,  1.40step/s]
[Origin 11/13] 🎲 Drawing Posterior Samples:  76%|███████▌  | 1162/1524 [01:32<02:32,  2.37step/s]
[Origin 11/13] 🎲 Drawing Posterior Samples:  77%|███████▋  | 1168/1524 [01:33<01:36,  3.69step/s]
[Origin 11/13] 🎲 Drawing Posterior Samples:  77%|███████▋  | 1174/1524 [01:33<01:04,  5.46step/s]
[Origin 11/13] 🎲 Drawing Posterior Samples:  77%|███████▋  | 1180/1524 [01:33<00:44,  7.78step/s]
[Origin 11/13] 🎲 Drawing Posterior Samples:  78%|███████▊  | 1186/1524 [01:33<00:31, 10.73step/s]
[Origin 11/13] 🎲 Drawing Posterior Samples:  78%|███████▊  | 1192/1524 [01:33<00:23, 14.33step/s]
[Origin 11/13] 🎲 Drawing Posterior Samples:  79%|███████▊  | 1198/1524 [01:33<00:17, 18.49step/s]
[Origin 11/13] 🎲 Drawing Posterior Samples:  79%|███████▉  | 1204/1524 [01:33<00:13, 23.06step/s]
[Origin 11/13] 🎲 Drawing Posterior Samples:  79%|███████▉  | 1210/1524 [01:33<00:11, 27.77step/s]
[Origin 11/13] 🎲 Drawing Posterior Samples:  80%|███████▉  | 1216/1524 [01:33<00:09, 32.34step/s]
[Origin 11/13] 🎲 Drawing Posterior Samples:  80%|████████  | 1222/1524 [01:34<00:08, 36.55step/s]
[Origin 11/13] 🎲 Drawing Posterior Samples:  81%|████████  | 1228/1524 [01:34<00:07, 40.25step/s]
[Origin 11/13] 🎲 Drawing Posterior Samples:  81%|████████  | 1234/1524 [01:34<00:06, 43.33step/s]
[Origin 11/13] 🎲 Drawing Posterior Samples:  81%|████████▏ | 1240/1524 [01:34<00:06, 45.78step/s]
[Origin 11/13] 🎲 Drawing Posterior Samples:  82%|████████▏ | 1246/1524 [01:34<00:05, 47.69step/s]
[Origin 11/13] 🎲 Drawing Posterior Samples:  82%|████████▏ | 1252/1524 [01:34<00:05, 49.01step/s]
[Origin 11/13] 🎲 Drawing Posterior Samples:  83%|████████▎ | 1258/1524 [01:34<00:05, 50.00step/s]
[Origin 11/13] 🎲 Drawing Posterior Samples:  83%|████████▎ | 1264/1524 [01:34<00:05, 50.62step/s]
[Origin 11/13] 🎲 Drawing Posterior Samples:  83%|████████▎ | 1270/1524 [01:34<00:04, 51.09step/s]
[Origin 11/13] 🎲 Drawing Posterior Samples:  84%|████████▎ | 1276/1524 [01:35<00:04, 51.36step/s]
[Origin 11/13] 🎲 Drawing Posterior Samples:  84%|████████▍ | 1282/1524 [01:35<00:04, 51.59step/s]
[Origin 11/13] 🎲 Drawing Posterior Samples:  85%|████████▍ | 1288/1524 [01:35<00:04, 51.83step/s]
[Origin 11/13] 🎲 Drawing Posterior Samples:  85%|████████▍ | 1294/1524 [01:35<00:04, 52.10step/s]
[Origin 11/13] 🎲 Drawing Posterior Samples:  85%|████████▌ | 1300/1524 [01:35<00:04, 52.29step/s]
[Origin 11/13] 🎲 Drawing Posterior Samples:  86%|████████▌ | 1306/1524 [01:35<00:04, 52.38step/s]
[Origin 11/13] 🎲 Drawing Posterior Samples:  86%|████████▌ | 1312/1524 [01:35<00:04, 52.40step/s]
[Origin 11/13] 🎲 Drawing Posterior Samples:  86%|████████▋ | 1318/1524 [01:35<00:03, 52.36step/s]
[Origin 11/13] 🎲 Drawing Posterior Samples:  87%|████████▋ | 1324/1524 [01:36<00:03, 52.31step/s]
[Origin 11/13] 🎲 Drawing Posterior Samples:  87%|████████▋ | 1330/1524 [01:36<00:03, 52.34step/s]
[Origin 11/13] 🎲 Drawing Posterior Samples:  88%|████████▊ | 1336/1524 [01:36<00:03, 52.27step/s]
[Origin 11/13] 🎲 Drawing Posterior Samples:  88%|████████▊ | 1342/1524 [01:36<00:03, 52.27step/s]
[Origin 11/13] 🎲 Drawing Posterior Samples:  88%|████████▊ | 1348/1524 [01:36<00:03, 52.13step/s]
[Origin 11/13] 🎲 Drawing Posterior Samples:  89%|████████▉ | 1354/1524 [01:36<00:03, 52.24step/s]
[Origin 11/13] 🎲 Drawing Posterior Samples:  89%|████████▉ | 1360/1524 [01:36<00:03, 52.39step/s]
[Origin 11/13] 🎲 Drawing Posterior Samples:  90%|████████▉ | 1366/1524 [01:36<00:03, 52.38step/s]
[Origin 11/13] 🎲 Drawing Posterior Samples:  90%|█████████ | 1372/1524 [01:36<00:02, 52.32step/s]
[Origin 11/13] 🎲 Drawing Posterior Samples:  90%|█████████ | 1378/1524 [01:37<00:02, 52.37step/s]
[Origin 11/13] 🎲 Drawing Posterior Samples:  91%|█████████ | 1384/1524 [01:37<00:02, 52.39step/s]
[Origin 11/13] 🎲 Drawing Posterior Samples:  91%|█████████ | 1390/1524 [01:37<00:02, 52.38step/s]
[Origin 11/13] 🎲 Drawing Posterior Samples:  92%|█████████▏| 1396/1524 [01:37<00:02, 52.33step/s]
[Origin 11/13] 🎲 Drawing Posterior Samples:  92%|█████████▏| 1402/1524 [01:37<00:02, 52.30step/s]
[Origin 11/13] 🎲 Drawing Posterior Samples:  92%|█████████▏| 1408/1524 [01:37<00:02, 52.33step/s]
[Origin 11/13] 🎲 Drawing Posterior Samples:  93%|█████████▎| 1414/1524 [01:37<00:02, 52.40step/s]
[Origin 11/13] 🎲 Drawing Posterior Samples:  93%|█████████▎| 1420/1524 [01:37<00:01, 52.44step/s]
[Origin 11/13] 🎲 Drawing Posterior Samples:  94%|█████████▎| 1426/1524 [01:37<00:01, 52.43step/s]
[Origin 11/13] 🎲 Drawing Posterior Samples:  94%|█████████▍| 1432/1524 [01:38<00:01, 52.39step/s]
[Origin 11/13] 🎲 Drawing Posterior Samples:  94%|█████████▍| 1438/1524 [01:38<00:01, 52.38step/s]
[Origin 11/13] 🎲 Drawing Posterior Samples:  95%|█████████▍| 1444/1524 [01:38<00:01, 52.37step/s]
[Origin 11/13] 🎲 Drawing Posterior Samples:  95%|█████████▌| 1450/1524 [01:38<00:01, 52.37step/s]
[Origin 11/13] 🎲 Drawing Posterior Samples:  96%|█████████▌| 1456/1524 [01:38<00:01, 52.35step/s]
[Origin 11/13] 🎲 Drawing Posterior Samples:  96%|█████████▌| 1462/1524 [01:38<00:01, 52.31step/s]
[Origin 11/13] 🎲 Drawing Posterior Samples:  96%|█████████▋| 1468/1524 [01:38<00:01, 52.36step/s]
[Origin 11/13] 🎲 Drawing Posterior Samples:  97%|█████████▋| 1474/1524 [01:38<00:00, 52.41step/s]
[Origin 11/13] 🎲 Drawing Posterior Samples:  97%|█████████▋| 1480/1524 [01:38<00:00, 52.43step/s]
[Origin 11/13] 🎲 Drawing Posterior Samples:  98%|█████████▊| 1486/1524 [01:39<00:00, 52.42step/s]
[Origin 11/13] 🎲 Drawing Posterior Samples:  98%|█████████▊| 1492/1524 [01:39<00:01, 18.98step/s]
[Origin 11/13] 🎲 Drawing Posterior Samples:  98%|█████████▊| 1496/1524 [01:40<00:02, 13.11step/s]
[Origin 11/13] 🎲 Drawing Posterior Samples:  98%|█████████▊| 1499/1524 [01:41<00:02, 10.79step/s]
[Origin 11/13] 🎲 Drawing Posterior Samples:  99%|█████████▊| 1502/1524 [01:41<00:02,  9.24step/s]
[Origin 11/13] 🎲 Drawing Posterior Samples:  99%|█████████▊| 1504/1524 [01:41<00:02,  8.16step/s]
[Origin 11/13] 🎲 Drawing Posterior Samples:  99%|█████████▉| 1506/1524 [01:42<00:02,  7.70step/s]
[Origin 11/13] 🎲 Drawing Posterior Samples:  99%|█████████▉| 1508/1524 [01:42<00:02,  7.11step/s]
[Origin 11/13] 🎲 Drawing Posterior Samples:  99%|█████████▉| 1509/1524 [01:42<00:02,  6.98step/s]
[Origin 11/13] 🎲 Drawing Posterior Samples:  99%|█████████▉| 1510/1524 [01:42<00:02,  6.22step/s]
[Origin 11/13] 🎲 Drawing Posterior Samples:  99%|█████████▉| 1511/1524 [01:43<00:02,  6.19step/s]
[Origin 11/13] 🎲 Drawing Posterior Samples:  99%|█████████▉| 1512/1524 [01:43<00:01,  6.22step/s]
[Origin 11/13] 🎲 Drawing Posterior Samples:  99%|█████████▉| 1513/1524 [01:43<00:01,  6.14step/s]
[Origin 11/13] 🎲 Drawing Posterior Samples:  99%|█████████▉| 1514/1524 [01:43<00:01,  6.06step/s]
[Origin 11/13] 🎲 Drawing Posterior Samples:  99%|█████████▉| 1515/1524 [01:43<00:01,  6.07step/s]
[Origin 11/13] 🎲 Drawing Posterior Samples:  99%|█████████▉| 1516/1524 [01:43<00:01,  6.14step/s]
[Origin 11/13] 🎲 Drawing Posterior Samples: 100%|█████████▉| 1517/1524 [01:44<00:01,  6.16step/s]
[Origin 11/13] 🎲 Drawing Posterior Samples: 100%|█████████▉| 1518/1524 [01:44<00:00,  6.01step/s]
[Origin 11/13] 🎲 Drawing Posterior Samples: 100%|█████████▉| 1519/1524 [01:44<00:00,  5.80step/s]
[Origin 11/13] 🎲 Drawing Posterior Samples: 100%|█████████▉| 1520/1524 [01:44<00:00,  5.78step/s]
[Origin 11/13] 🎲 Drawing Posterior Samples: 100%|█████████▉| 1521/1524 [01:44<00:00,  5.43step/s]
[Origin 11/13] 🎲 Drawing Posterior Samples: 100%|█████████▉| 1522/1524 [01:45<00:00,  5.59step/s]
[Origin 11/13] 🎲 Drawing Posterior Samples: 100%|█████████▉| 1523/1524 [01:45<00:00,  3.98step/s]
[Origin 11/13] 🎲 Drawing Posterior Samples: 100%|██████████| 1524/1524 [01:45<00:00,  3.76step/s]
                                                                                                  

[Origin 12/13] 🎲 Drawing Posterior Samples:   0%|          | 0/1528 [00:00<?, ?step/s]
[Origin 12/13] 🎲 Drawing Posterior Samples:   0%|          | 7/1528 [00:00<00:25, 59.47step/s]
[Origin 12/13] 🎲 Drawing Posterior Samples:   1%|          | 13/1528 [00:00<00:27, 55.52step/s]
[Origin 12/13] 🎲 Drawing Posterior Samples:   1%|          | 19/1528 [00:00<00:27, 54.31step/s]
[Origin 12/13] 🎲 Drawing Posterior Samples:   2%|▏         | 25/1528 [00:00<00:27, 53.70step/s]
[Origin 12/13] 🎲 Drawing Posterior Samples:   2%|▏         | 31/1528 [00:00<00:28, 53.34step/s]
[Origin 12/13] 🎲 Drawing Posterior Samples:   2%|▏         | 37/1528 [00:00<00:28, 53.18step/s]
[Origin 12/13] 🎲 Drawing Posterior Samples:   3%|▎         | 43/1528 [00:00<00:28, 53.03step/s]
[Origin 12/13] 🎲 Drawing Posterior Samples:   3%|▎         | 49/1528 [00:00<00:27, 52.97step/s]
[Origin 12/13] 🎲 Drawing Posterior Samples:   4%|▎         | 55/1528 [00:01<00:27, 52.93step/s]
[Origin 12/13] 🎲 Drawing Posterior Samples:   4%|▍         | 61/1528 [00:01<00:27, 52.83step/s]
[Origin 12/13] 🎲 Drawing Posterior Samples:   4%|▍         | 67/1528 [00:01<00:27, 52.65step/s]
[Origin 12/13] 🎲 Drawing Posterior Samples:   5%|▍         | 73/1528 [00:01<00:27, 52.49step/s]
[Origin 12/13] 🎲 Drawing Posterior Samples:   5%|▌         | 79/1528 [00:01<00:27, 52.36step/s]
[Origin 12/13] 🎲 Drawing Posterior Samples:   6%|▌         | 85/1528 [00:01<00:27, 52.30step/s]
[Origin 12/13] 🎲 Drawing Posterior Samples:   6%|▌         | 91/1528 [00:01<00:27, 52.40step/s]
[Origin 12/13] 🎲 Drawing Posterior Samples:   6%|▋         | 97/1528 [00:01<00:27, 52.42step/s]
[Origin 12/13] 🎲 Drawing Posterior Samples:   7%|▋         | 103/1528 [00:01<00:27, 52.48step/s]
[Origin 12/13] 🎲 Drawing Posterior Samples:   7%|▋         | 109/1528 [00:02<00:27, 52.52step/s]
[Origin 12/13] 🎲 Drawing Posterior Samples:   8%|▊         | 115/1528 [00:02<00:26, 52.63step/s]
[Origin 12/13] 🎲 Drawing Posterior Samples:   8%|▊         | 121/1528 [00:02<00:26, 52.73step/s]
[Origin 12/13] 🎲 Drawing Posterior Samples:   8%|▊         | 127/1528 [00:02<00:26, 52.67step/s]
[Origin 12/13] 🎲 Drawing Posterior Samples:   9%|▊         | 133/1528 [00:02<00:26, 52.58step/s]
[Origin 12/13] 🎲 Drawing Posterior Samples:   9%|▉         | 139/1528 [00:02<00:26, 52.47step/s]
[Origin 12/13] 🎲 Drawing Posterior Samples:   9%|▉         | 145/1528 [00:02<00:26, 52.44step/s]
[Origin 12/13] 🎲 Drawing Posterior Samples:  10%|▉         | 151/1528 [00:02<00:26, 52.41step/s]
[Origin 12/13] 🎲 Drawing Posterior Samples:  10%|█         | 157/1528 [00:02<00:26, 52.43step/s]
[Origin 12/13] 🎲 Drawing Posterior Samples:  11%|█         | 163/1528 [00:03<00:26, 52.50step/s]
[Origin 12/13] 🎲 Drawing Posterior Samples:  11%|█         | 169/1528 [00:03<00:25, 52.49step/s]
[Origin 12/13] 🎲 Drawing Posterior Samples:  11%|█▏        | 175/1528 [00:03<00:25, 52.62step/s]
[Origin 12/13] 🎲 Drawing Posterior Samples:  12%|█▏        | 181/1528 [00:03<00:25, 52.62step/s]
[Origin 12/13] 🎲 Drawing Posterior Samples:  12%|█▏        | 187/1528 [00:03<00:25, 52.64step/s]
[Origin 12/13] 🎲 Drawing Posterior Samples:  13%|█▎        | 193/1528 [00:03<00:25, 52.57step/s]
[Origin 12/13] 🎲 Drawing Posterior Samples:  13%|█▎        | 199/1528 [00:03<00:25, 52.52step/s]
[Origin 12/13] 🎲 Drawing Posterior Samples:  13%|█▎        | 205/1528 [00:03<00:25, 52.41step/s]
[Origin 12/13] 🎲 Drawing Posterior Samples:  14%|█▍        | 211/1528 [00:04<00:25, 52.36step/s]
[Origin 12/13] 🎲 Drawing Posterior Samples:  14%|█▍        | 217/1528 [00:04<00:25, 52.38step/s]
[Origin 12/13] 🎲 Drawing Posterior Samples:  15%|█▍        | 223/1528 [00:04<00:24, 52.40step/s]
[Origin 12/13] 🎲 Drawing Posterior Samples:  15%|█▍        | 229/1528 [00:04<00:24, 52.46step/s]
[Origin 12/13] 🎲 Drawing Posterior Samples:  15%|█▌        | 235/1528 [00:04<00:24, 52.52step/s]
[Origin 12/13] 🎲 Drawing Posterior Samples:  16%|█▌        | 241/1528 [00:04<00:24, 52.58step/s]
[Origin 12/13] 🎲 Drawing Posterior Samples:  16%|█▌        | 247/1528 [00:04<00:24, 52.56step/s]
[Origin 12/13] 🎲 Drawing Posterior Samples:  17%|█▋        | 253/1528 [00:04<00:24, 52.43step/s]
[Origin 12/13] 🎲 Drawing Posterior Samples:  17%|█▋        | 259/1528 [00:04<00:24, 52.37step/s]
[Origin 12/13] 🎲 Drawing Posterior Samples:  17%|█▋        | 265/1528 [00:05<00:24, 52.33step/s]
[Origin 12/13] 🎲 Drawing Posterior Samples:  18%|█▊        | 271/1528 [00:05<00:24, 52.34step/s]
[Origin 12/13] 🎲 Drawing Posterior Samples:  18%|█▊        | 277/1528 [00:05<00:23, 52.36step/s]
[Origin 12/13] 🎲 Drawing Posterior Samples:  19%|█▊        | 283/1528 [00:05<00:23, 52.35step/s]
[Origin 12/13] 🎲 Drawing Posterior Samples:  19%|█▉        | 289/1528 [00:05<00:23, 52.42step/s]
[Origin 12/13] 🎲 Drawing Posterior Samples:  19%|█▉        | 295/1528 [00:05<00:23, 52.42step/s]
[Origin 12/13] 🎲 Drawing Posterior Samples:  20%|█▉        | 301/1528 [00:05<00:23, 52.58step/s]
[Origin 12/13] 🎲 Drawing Posterior Samples:  20%|██        | 307/1528 [00:05<00:23, 52.50step/s]
[Origin 12/13] 🎲 Drawing Posterior Samples:  20%|██        | 313/1528 [00:05<00:23, 52.49step/s]
[Origin 12/13] 🎲 Drawing Posterior Samples:  21%|██        | 319/1528 [00:06<00:23, 52.47step/s]
[Origin 12/13] 🎲 Drawing Posterior Samples:  21%|██▏       | 325/1528 [00:06<00:22, 52.46step/s]
[Origin 12/13] 🎲 Drawing Posterior Samples:  22%|██▏       | 331/1528 [00:06<00:22, 52.45step/s]
[Origin 12/13] 🎲 Drawing Posterior Samples:  22%|██▏       | 337/1528 [00:06<00:22, 52.46step/s]
[Origin 12/13] 🎲 Drawing Posterior Samples:  22%|██▏       | 343/1528 [00:06<00:22, 52.45step/s]
[Origin 12/13] 🎲 Drawing Posterior Samples:  23%|██▎       | 349/1528 [00:07<00:48, 24.53step/s]
[Origin 12/13] 🎲 Drawing Posterior Samples:  23%|██▎       | 353/1528 [00:07<01:20, 14.61step/s]
[Origin 12/13] 🎲 Drawing Posterior Samples:  23%|██▎       | 356/1528 [00:08<01:40, 11.69step/s]
[Origin 12/13] 🎲 Drawing Posterior Samples:  23%|██▎       | 359/1528 [00:08<02:00,  9.69step/s]
[Origin 12/13] 🎲 Drawing Posterior Samples:  24%|██▎       | 361/1528 [00:09<02:12,  8.78step/s]
[Origin 12/13] 🎲 Drawing Posterior Samples:  24%|██▍       | 363/1528 [00:09<02:25,  8.02step/s]
[Origin 12/13] 🎲 Drawing Posterior Samples:  24%|██▍       | 365/1528 [00:09<02:36,  7.43step/s]
[Origin 12/13] 🎲 Drawing Posterior Samples:  24%|██▍       | 366/1528 [00:09<02:41,  7.20step/s]
[Origin 12/13] 🎲 Drawing Posterior Samples:  24%|██▍       | 367/1528 [00:10<02:45,  7.03step/s]
[Origin 12/13] 🎲 Drawing Posterior Samples:  24%|██▍       | 368/1528 [00:10<02:50,  6.82step/s]
[Origin 12/13] 🎲 Drawing Posterior Samples:  24%|██▍       | 369/1528 [00:10<02:56,  6.57step/s]
[Origin 12/13] 🎲 Drawing Posterior Samples:  24%|██▍       | 370/1528 [00:10<03:00,  6.41step/s]
[Origin 12/13] 🎲 Drawing Posterior Samples:  24%|██▍       | 371/1528 [00:10<03:06,  6.21step/s]
[Origin 12/13] 🎲 Drawing Posterior Samples:  24%|██▍       | 372/1528 [00:11<03:42,  5.20step/s]
[Origin 12/13] 🎲 Drawing Posterior Samples:  24%|██▍       | 373/1528 [00:11<03:55,  4.90step/s]
[Origin 12/13] 🎲 Drawing Posterior Samples:  24%|██▍       | 374/1528 [00:11<03:45,  5.11step/s]
[Origin 12/13] 🎲 Drawing Posterior Samples:  25%|██▍       | 375/1528 [00:11<03:36,  5.31step/s]
[Origin 12/13] 🎲 Drawing Posterior Samples:  25%|██▍       | 376/1528 [00:11<03:29,  5.49step/s]
[Origin 12/13] 🎲 Drawing Posterior Samples:  25%|██▍       | 377/1528 [00:11<03:25,  5.60step/s]
[Origin 12/13] 🎲 Drawing Posterior Samples:  25%|██▍       | 378/1528 [00:12<03:16,  5.84step/s]
[Origin 12/13] 🎲 Drawing Posterior Samples:  25%|██▍       | 379/1528 [00:12<03:12,  5.96step/s]
[Origin 12/13] 🎲 Drawing Posterior Samples:  25%|██▍       | 380/1528 [00:12<03:09,  6.05step/s]
[Origin 12/13] 🎲 Drawing Posterior Samples:  25%|██▍       | 381/1528 [00:12<03:07,  6.13step/s]
[Origin 12/13] 🎲 Drawing Posterior Samples:  25%|██▌       | 382/1528 [00:12<03:05,  6.16step/s]
[Origin 12/13] 🎲 Drawing Posterior Samples:  25%|██▌       | 383/1528 [00:29<1:36:45,  5.07s/step]
[Origin 12/13] 🎲 Drawing Posterior Samples:  25%|██▌       | 389/1528 [00:29<27:14,  1.44s/step]  
[Origin 12/13] 🎲 Drawing Posterior Samples:  26%|██▌       | 399/1528 [00:29<10:04,  1.87step/s]
[Origin 12/13] 🎲 Drawing Posterior Samples:  27%|██▋       | 407/1528 [00:29<05:55,  3.16step/s]
[Origin 12/13] 🎲 Drawing Posterior Samples:  27%|██▋       | 414/1528 [00:29<03:57,  4.69step/s]
[Origin 12/13] 🎲 Drawing Posterior Samples:  28%|██▊       | 421/1528 [00:29<02:43,  6.77step/s]
[Origin 12/13] 🎲 Drawing Posterior Samples:  28%|██▊       | 428/1528 [00:29<01:55,  9.50step/s]
[Origin 12/13] 🎲 Drawing Posterior Samples:  28%|██▊       | 435/1528 [00:30<01:25, 12.75step/s]
[Origin 12/13] 🎲 Drawing Posterior Samples:  29%|██▉       | 441/1528 [00:30<01:07, 16.11step/s]
[Origin 12/13] 🎲 Drawing Posterior Samples:  29%|██▉       | 447/1528 [00:30<00:53, 20.04step/s]
[Origin 12/13] 🎲 Drawing Posterior Samples:  30%|██▉       | 453/1528 [00:30<00:44, 24.36step/s]
[Origin 12/13] 🎲 Drawing Posterior Samples:  30%|███       | 459/1528 [00:30<00:36, 28.90step/s]
[Origin 12/13] 🎲 Drawing Posterior Samples:  30%|███       | 465/1528 [00:30<00:31, 33.33step/s]
[Origin 12/13] 🎲 Drawing Posterior Samples:  31%|███       | 471/1528 [00:30<00:28, 37.42step/s]
[Origin 12/13] 🎲 Drawing Posterior Samples:  31%|███       | 477/1528 [00:30<00:25, 40.96step/s]
[Origin 12/13] 🎲 Drawing Posterior Samples:  32%|███▏      | 483/1528 [00:30<00:23, 43.89step/s]
[Origin 12/13] 🎲 Drawing Posterior Samples:  32%|███▏      | 489/1528 [00:31<00:22, 46.11step/s]
[Origin 12/13] 🎲 Drawing Posterior Samples:  32%|███▏      | 495/1528 [00:31<00:21, 47.72step/s]
[Origin 12/13] 🎲 Drawing Posterior Samples:  33%|███▎      | 501/1528 [00:31<00:20, 48.95step/s]
[Origin 12/13] 🎲 Drawing Posterior Samples:  33%|███▎      | 507/1528 [00:31<00:20, 49.79step/s]
[Origin 12/13] 🎲 Drawing Posterior Samples:  34%|███▎      | 513/1528 [00:31<00:20, 50.38step/s]
[Origin 12/13] 🎲 Drawing Posterior Samples:  34%|███▍      | 519/1528 [00:31<00:19, 50.94step/s]
[Origin 12/13] 🎲 Drawing Posterior Samples:  34%|███▍      | 525/1528 [00:31<00:19, 51.39step/s]
[Origin 12/13] 🎲 Drawing Posterior Samples:  35%|███▍      | 531/1528 [00:31<00:19, 51.74step/s]
[Origin 12/13] 🎲 Drawing Posterior Samples:  35%|███▌      | 537/1528 [00:31<00:19, 52.08step/s]
[Origin 12/13] 🎲 Drawing Posterior Samples:  36%|███▌      | 543/1528 [00:32<00:18, 52.28step/s]
[Origin 12/13] 🎲 Drawing Posterior Samples:  36%|███▌      | 549/1528 [00:32<00:18, 52.36step/s]
[Origin 12/13] 🎲 Drawing Posterior Samples:  36%|███▋      | 555/1528 [00:32<00:18, 52.34step/s]
[Origin 12/13] 🎲 Drawing Posterior Samples:  37%|███▋      | 561/1528 [00:32<00:18, 52.32step/s]
[Origin 12/13] 🎲 Drawing Posterior Samples:  37%|███▋      | 567/1528 [00:32<00:18, 52.07step/s]
[Origin 12/13] 🎲 Drawing Posterior Samples:  38%|███▊      | 573/1528 [00:32<00:18, 52.07step/s]
[Origin 12/13] 🎲 Drawing Posterior Samples:  38%|███▊      | 579/1528 [00:32<00:18, 52.09step/s]
[Origin 12/13] 🎲 Drawing Posterior Samples:  38%|███▊      | 585/1528 [00:32<00:18, 52.22step/s]
[Origin 12/13] 🎲 Drawing Posterior Samples:  39%|███▊      | 591/1528 [00:33<00:17, 52.27step/s]
[Origin 12/13] 🎲 Drawing Posterior Samples:  39%|███▉      | 597/1528 [00:33<00:17, 52.33step/s]
[Origin 12/13] 🎲 Drawing Posterior Samples:  39%|███▉      | 603/1528 [00:33<00:17, 52.42step/s]
[Origin 12/13] 🎲 Drawing Posterior Samples:  40%|███▉      | 609/1528 [00:33<00:17, 52.50step/s]
[Origin 12/13] 🎲 Drawing Posterior Samples:  40%|████      | 615/1528 [00:33<00:17, 52.51step/s]
[Origin 12/13] 🎲 Drawing Posterior Samples:  41%|████      | 621/1528 [00:33<00:17, 52.49step/s]
[Origin 12/13] 🎲 Drawing Posterior Samples:  41%|████      | 627/1528 [00:33<00:17, 52.45step/s]
[Origin 12/13] 🎲 Drawing Posterior Samples:  41%|████▏     | 633/1528 [00:33<00:17, 52.41step/s]
[Origin 12/13] 🎲 Drawing Posterior Samples:  42%|████▏     | 639/1528 [00:33<00:16, 52.38step/s]
[Origin 12/13] 🎲 Drawing Posterior Samples:  42%|████▏     | 645/1528 [00:34<00:16, 52.39step/s]
[Origin 12/13] 🎲 Drawing Posterior Samples:  43%|████▎     | 651/1528 [00:34<00:16, 52.36step/s]
[Origin 12/13] 🎲 Drawing Posterior Samples:  43%|████▎     | 657/1528 [00:34<00:16, 52.40step/s]
[Origin 12/13] 🎲 Drawing Posterior Samples:  43%|████▎     | 663/1528 [00:34<00:16, 52.41step/s]
[Origin 12/13] 🎲 Drawing Posterior Samples:  44%|████▍     | 669/1528 [00:34<00:16, 52.49step/s]
[Origin 12/13] 🎲 Drawing Posterior Samples:  44%|████▍     | 675/1528 [00:34<00:16, 52.51step/s]
[Origin 12/13] 🎲 Drawing Posterior Samples:  45%|████▍     | 681/1528 [00:34<00:16, 52.46step/s]
[Origin 12/13] 🎲 Drawing Posterior Samples:  45%|████▍     | 687/1528 [00:34<00:16, 52.42step/s]
[Origin 12/13] 🎲 Drawing Posterior Samples:  45%|████▌     | 693/1528 [00:34<00:15, 52.37step/s]
[Origin 12/13] 🎲 Drawing Posterior Samples:  46%|████▌     | 699/1528 [00:35<00:15, 52.35step/s]
[Origin 12/13] 🎲 Drawing Posterior Samples:  46%|████▌     | 705/1528 [00:35<00:15, 52.33step/s]
[Origin 12/13] 🎲 Drawing Posterior Samples:  47%|████▋     | 711/1528 [00:35<00:15, 52.34step/s]
[Origin 12/13] 🎲 Drawing Posterior Samples:  47%|████▋     | 717/1528 [00:35<00:15, 52.35step/s]
[Origin 12/13] 🎲 Drawing Posterior Samples:  47%|████▋     | 723/1528 [00:35<00:15, 52.39step/s]
[Origin 12/13] 🎲 Drawing Posterior Samples:  48%|████▊     | 729/1528 [00:35<00:19, 40.52step/s]
[Origin 12/13] 🎲 Drawing Posterior Samples:  48%|████▊     | 734/1528 [00:36<00:48, 16.53step/s]
[Origin 12/13] 🎲 Drawing Posterior Samples:  48%|████▊     | 738/1528 [00:37<01:07, 11.79step/s]
[Origin 12/13] 🎲 Drawing Posterior Samples:  48%|████▊     | 741/1528 [00:37<01:17, 10.10step/s]
[Origin 12/13] 🎲 Drawing Posterior Samples:  49%|████▊     | 743/1528 [00:38<01:26,  9.11step/s]
[Origin 12/13] 🎲 Drawing Posterior Samples:  49%|████▉     | 745/1528 [00:38<01:33,  8.40step/s]
[Origin 12/13] 🎲 Drawing Posterior Samples:  49%|████▉     | 747/1528 [00:38<01:39,  7.84step/s]
[Origin 12/13] 🎲 Drawing Posterior Samples:  49%|████▉     | 749/1528 [00:38<01:44,  7.48step/s]
[Origin 12/13] 🎲 Drawing Posterior Samples:  49%|████▉     | 750/1528 [00:39<01:47,  7.22step/s]
[Origin 12/13] 🎲 Drawing Posterior Samples:  49%|████▉     | 751/1528 [00:39<01:48,  7.14step/s]
[Origin 12/13] 🎲 Drawing Posterior Samples:  49%|████▉     | 752/1528 [00:39<01:50,  7.04step/s]
[Origin 12/13] 🎲 Drawing Posterior Samples:  49%|████▉     | 753/1528 [00:39<01:54,  6.76step/s]
[Origin 12/13] 🎲 Drawing Posterior Samples:  49%|████▉     | 754/1528 [00:39<01:56,  6.65step/s]
[Origin 12/13] 🎲 Drawing Posterior Samples:  49%|████▉     | 755/1528 [00:39<01:59,  6.48step/s]
[Origin 12/13] 🎲 Drawing Posterior Samples:  49%|████▉     | 756/1528 [00:40<02:03,  6.25step/s]
[Origin 12/13] 🎲 Drawing Posterior Samples:  50%|████▉     | 757/1528 [00:40<02:21,  5.45step/s]
[Origin 12/13] 🎲 Drawing Posterior Samples:  50%|████▉     | 758/1528 [00:40<02:20,  5.47step/s]
[Origin 12/13] 🎲 Drawing Posterior Samples:  50%|████▉     | 759/1528 [00:40<02:38,  4.85step/s]
[Origin 12/13] 🎲 Drawing Posterior Samples:  50%|████▉     | 760/1528 [00:40<02:30,  5.09step/s]
[Origin 12/13] 🎲 Drawing Posterior Samples:  50%|████▉     | 761/1528 [00:41<02:25,  5.27step/s]
[Origin 12/13] 🎲 Drawing Posterior Samples:  50%|████▉     | 762/1528 [00:41<02:21,  5.40step/s]
[Origin 12/13] 🎲 Drawing Posterior Samples:  50%|████▉     | 763/1528 [00:41<02:21,  5.41step/s]
[Origin 12/13] 🎲 Drawing Posterior Samples:  50%|█████     | 764/1528 [00:41<02:46,  4.60step/s]
[Origin 12/13] 🎲 Drawing Posterior Samples:  50%|█████     | 765/1528 [00:58<1:04:32,  5.08s/step]
[Origin 12/13] 🎲 Drawing Posterior Samples:  50%|█████     | 771/1528 [00:58<18:10,  1.44s/step]  
[Origin 12/13] 🎲 Drawing Posterior Samples:  51%|█████     | 777/1528 [00:58<09:00,  1.39step/s]
[Origin 12/13] 🎲 Drawing Posterior Samples:  51%|█████     | 783/1528 [00:58<05:17,  2.35step/s]
[Origin 12/13] 🎲 Drawing Posterior Samples:  52%|█████▏    | 788/1528 [00:58<03:36,  3.41step/s]
[Origin 12/13] 🎲 Drawing Posterior Samples:  52%|█████▏    | 794/1528 [00:58<02:21,  5.17step/s]
[Origin 12/13] 🎲 Drawing Posterior Samples:  52%|█████▏    | 800/1528 [00:59<01:37,  7.48step/s]
[Origin 12/13] 🎲 Drawing Posterior Samples:  53%|█████▎    | 806/1528 [00:59<01:09, 10.41step/s]
[Origin 12/13] 🎲 Drawing Posterior Samples:  53%|█████▎    | 812/1528 [00:59<00:51, 14.00step/s]
[Origin 12/13] 🎲 Drawing Posterior Samples:  54%|█████▎    | 818/1528 [00:59<00:39, 18.17step/s]
[Origin 12/13] 🎲 Drawing Posterior Samples:  54%|█████▍    | 824/1528 [00:59<00:30, 22.75step/s]
[Origin 12/13] 🎲 Drawing Posterior Samples:  54%|█████▍    | 830/1528 [00:59<00:25, 27.48step/s]
[Origin 12/13] 🎲 Drawing Posterior Samples:  55%|█████▍    | 836/1528 [00:59<00:21, 32.06step/s]
[Origin 12/13] 🎲 Drawing Posterior Samples:  55%|█████▌    | 842/1528 [00:59<00:18, 36.29step/s]
[Origin 12/13] 🎲 Drawing Posterior Samples:  55%|█████▌    | 848/1528 [00:59<00:17, 39.96step/s]
[Origin 12/13] 🎲 Drawing Posterior Samples:  56%|█████▌    | 854/1528 [01:00<00:15, 43.05step/s]
[Origin 12/13] 🎲 Drawing Posterior Samples:  56%|█████▋    | 860/1528 [01:00<00:14, 45.59step/s]
[Origin 12/13] 🎲 Drawing Posterior Samples:  57%|█████▋    | 866/1528 [01:00<00:13, 47.53step/s]
[Origin 12/13] 🎲 Drawing Posterior Samples:  57%|█████▋    | 872/1528 [01:00<00:13, 49.01step/s]
[Origin 12/13] 🎲 Drawing Posterior Samples:  57%|█████▋    | 878/1528 [01:00<00:13, 49.95step/s]
[Origin 12/13] 🎲 Drawing Posterior Samples:  58%|█████▊    | 884/1528 [01:00<00:12, 50.64step/s]
[Origin 12/13] 🎲 Drawing Posterior Samples:  58%|█████▊    | 890/1528 [01:00<00:12, 51.04step/s]
[Origin 12/13] 🎲 Drawing Posterior Samples:  59%|█████▊    | 896/1528 [01:00<00:12, 51.37step/s]
[Origin 12/13] 🎲 Drawing Posterior Samples:  59%|█████▉    | 902/1528 [01:00<00:12, 51.54step/s]
[Origin 12/13] 🎲 Drawing Posterior Samples:  59%|█████▉    | 908/1528 [01:01<00:11, 51.68step/s]
[Origin 12/13] 🎲 Drawing Posterior Samples:  60%|█████▉    | 914/1528 [01:01<00:11, 51.67step/s]
[Origin 12/13] 🎲 Drawing Posterior Samples:  60%|██████    | 920/1528 [01:01<00:11, 51.95step/s]
[Origin 12/13] 🎲 Drawing Posterior Samples:  61%|██████    | 926/1528 [01:01<00:11, 52.22step/s]
[Origin 12/13] 🎲 Drawing Posterior Samples:  61%|██████    | 932/1528 [01:01<00:11, 52.36step/s]
[Origin 12/13] 🎲 Drawing Posterior Samples:  61%|██████▏   | 938/1528 [01:01<00:11, 52.39step/s]
[Origin 12/13] 🎲 Drawing Posterior Samples:  62%|██████▏   | 944/1528 [01:01<00:11, 52.32step/s]
[Origin 12/13] 🎲 Drawing Posterior Samples:  62%|██████▏   | 950/1528 [01:01<00:11, 52.33step/s]
[Origin 12/13] 🎲 Drawing Posterior Samples:  63%|██████▎   | 956/1528 [01:01<00:10, 52.33step/s]
[Origin 12/13] 🎲 Drawing Posterior Samples:  63%|██████▎   | 962/1528 [01:02<00:10, 52.31step/s]
[Origin 12/13] 🎲 Drawing Posterior Samples:  63%|██████▎   | 968/1528 [01:02<00:10, 52.24step/s]
[Origin 12/13] 🎲 Drawing Posterior Samples:  64%|██████▎   | 974/1528 [01:02<00:10, 52.22step/s]
[Origin 12/13] 🎲 Drawing Posterior Samples:  64%|██████▍   | 980/1528 [01:02<00:10, 52.32step/s]
[Origin 12/13] 🎲 Drawing Posterior Samples:  65%|██████▍   | 986/1528 [01:02<00:10, 52.40step/s]
[Origin 12/13] 🎲 Drawing Posterior Samples:  65%|██████▍   | 992/1528 [01:02<00:10, 52.46step/s]
[Origin 12/13] 🎲 Drawing Posterior Samples:  65%|██████▌   | 998/1528 [01:02<00:10, 52.30step/s]
[Origin 12/13] 🎲 Drawing Posterior Samples:  66%|██████▌   | 1004/1528 [01:02<00:09, 52.53step/s]
[Origin 12/13] 🎲 Drawing Posterior Samples:  66%|██████▌   | 1010/1528 [01:03<00:09, 52.49step/s]
[Origin 12/13] 🎲 Drawing Posterior Samples:  66%|██████▋   | 1016/1528 [01:03<00:09, 52.41step/s]
[Origin 12/13] 🎲 Drawing Posterior Samples:  67%|██████▋   | 1022/1528 [01:03<00:09, 52.39step/s]
[Origin 12/13] 🎲 Drawing Posterior Samples:  67%|██████▋   | 1028/1528 [01:03<00:09, 52.31step/s]
[Origin 12/13] 🎲 Drawing Posterior Samples:  68%|██████▊   | 1034/1528 [01:03<00:09, 52.34step/s]
[Origin 12/13] 🎲 Drawing Posterior Samples:  68%|██████▊   | 1040/1528 [01:03<00:09, 52.29step/s]
[Origin 12/13] 🎲 Drawing Posterior Samples:  68%|██████▊   | 1046/1528 [01:03<00:09, 52.39step/s]
[Origin 12/13] 🎲 Drawing Posterior Samples:  69%|██████▉   | 1052/1528 [01:03<00:09, 52.34step/s]
[Origin 12/13] 🎲 Drawing Posterior Samples:  69%|██████▉   | 1058/1528 [01:03<00:08, 52.33step/s]
[Origin 12/13] 🎲 Drawing Posterior Samples:  70%|██████▉   | 1064/1528 [01:04<00:08, 52.35step/s]
[Origin 12/13] 🎲 Drawing Posterior Samples:  70%|███████   | 1070/1528 [01:04<00:08, 52.38step/s]
[Origin 12/13] 🎲 Drawing Posterior Samples:  70%|███████   | 1076/1528 [01:04<00:08, 52.43step/s]
[Origin 12/13] 🎲 Drawing Posterior Samples:  71%|███████   | 1082/1528 [01:04<00:08, 52.40step/s]
[Origin 12/13] 🎲 Drawing Posterior Samples:  71%|███████   | 1088/1528 [01:04<00:08, 52.43step/s]
[Origin 12/13] 🎲 Drawing Posterior Samples:  72%|███████▏  | 1094/1528 [01:04<00:08, 52.43step/s]
[Origin 12/13] 🎲 Drawing Posterior Samples:  72%|███████▏  | 1100/1528 [01:04<00:08, 52.44step/s]
[Origin 12/13] 🎲 Drawing Posterior Samples:  72%|███████▏  | 1106/1528 [01:04<00:08, 52.25step/s]
[Origin 12/13] 🎲 Drawing Posterior Samples:  73%|███████▎  | 1112/1528 [01:05<00:13, 30.63step/s]
[Origin 12/13] 🎲 Drawing Posterior Samples:  73%|███████▎  | 1117/1528 [01:06<00:29, 13.71step/s]
[Origin 12/13] 🎲 Drawing Posterior Samples:  73%|███████▎  | 1121/1528 [01:06<00:39, 10.22step/s]
[Origin 12/13] 🎲 Drawing Posterior Samples:  74%|███████▎  | 1124/1528 [01:07<00:44,  9.12step/s]
[Origin 12/13] 🎲 Drawing Posterior Samples:  74%|███████▎  | 1126/1528 [01:07<00:47,  8.48step/s]
[Origin 12/13] 🎲 Drawing Posterior Samples:  74%|███████▍  | 1128/1528 [01:08<00:50,  7.92step/s]
[Origin 12/13] 🎲 Drawing Posterior Samples:  74%|███████▍  | 1130/1528 [01:08<00:53,  7.48step/s]
[Origin 12/13] 🎲 Drawing Posterior Samples:  74%|███████▍  | 1132/1528 [01:08<00:55,  7.09step/s]
[Origin 12/13] 🎲 Drawing Posterior Samples:  74%|███████▍  | 1133/1528 [01:08<00:57,  6.93step/s]
[Origin 12/13] 🎲 Drawing Posterior Samples:  74%|███████▍  | 1134/1528 [01:09<01:01,  6.40step/s]
[Origin 12/13] 🎲 Drawing Posterior Samples:  74%|███████▍  | 1135/1528 [01:09<01:01,  6.34step/s]
[Origin 12/13] 🎲 Drawing Posterior Samples:  74%|███████▍  | 1136/1528 [01:09<01:01,  6.36step/s]
[Origin 12/13] 🎲 Drawing Posterior Samples:  74%|███████▍  | 1137/1528 [01:09<01:02,  6.29step/s]
[Origin 12/13] 🎲 Drawing Posterior Samples:  74%|███████▍  | 1138/1528 [01:09<01:02,  6.22step/s]
[Origin 12/13] 🎲 Drawing Posterior Samples:  75%|███████▍  | 1139/1528 [01:09<01:03,  6.12step/s]
[Origin 12/13] 🎲 Drawing Posterior Samples:  75%|███████▍  | 1140/1528 [01:10<01:04,  5.98step/s]
[Origin 12/13] 🎲 Drawing Posterior Samples:  75%|███████▍  | 1141/1528 [01:10<01:03,  6.05step/s]
[Origin 12/13] 🎲 Drawing Posterior Samples:  75%|███████▍  | 1142/1528 [01:10<01:02,  6.15step/s]
[Origin 12/13] 🎲 Drawing Posterior Samples:  75%|███████▍  | 1143/1528 [01:10<01:02,  6.14step/s]
[Origin 12/13] 🎲 Drawing Posterior Samples:  75%|███████▍  | 1144/1528 [01:10<01:18,  4.91step/s]
[Origin 12/13] 🎲 Drawing Posterior Samples:  75%|███████▍  | 1145/1528 [01:11<01:24,  4.51step/s]
[Origin 12/13] 🎲 Drawing Posterior Samples:  75%|███████▌  | 1146/1528 [01:11<01:18,  4.88step/s]
[Origin 12/13] 🎲 Drawing Posterior Samples:  75%|███████▌  | 1147/1528 [01:28<32:33,  5.13s/step]
[Origin 12/13] 🎲 Drawing Posterior Samples:  75%|███████▌  | 1153/1528 [01:28<09:06,  1.46s/step]
[Origin 12/13] 🎲 Drawing Posterior Samples:  76%|███████▌  | 1159/1528 [01:28<04:28,  1.37step/s]
[Origin 12/13] 🎲 Drawing Posterior Samples:  76%|███████▌  | 1165/1528 [01:28<02:36,  2.32step/s]
[Origin 12/13] 🎲 Drawing Posterior Samples:  77%|███████▋  | 1171/1528 [01:28<01:38,  3.62step/s]
[Origin 12/13] 🎲 Drawing Posterior Samples:  77%|███████▋  | 1177/1528 [01:28<01:05,  5.36step/s]
[Origin 12/13] 🎲 Drawing Posterior Samples:  77%|███████▋  | 1183/1528 [01:28<00:45,  7.65step/s]
[Origin 12/13] 🎲 Drawing Posterior Samples:  78%|███████▊  | 1188/1528 [01:28<00:34,  9.84step/s]
[Origin 12/13] 🎲 Drawing Posterior Samples:  78%|███████▊  | 1194/1528 [01:28<00:24, 13.41step/s]
[Origin 12/13] 🎲 Drawing Posterior Samples:  79%|███████▊  | 1200/1528 [01:29<00:18, 17.58step/s]
[Origin 12/13] 🎲 Drawing Posterior Samples:  79%|███████▉  | 1206/1528 [01:29<00:14, 22.17step/s]
[Origin 12/13] 🎲 Drawing Posterior Samples:  79%|███████▉  | 1212/1528 [01:29<00:11, 26.94step/s]
[Origin 12/13] 🎲 Drawing Posterior Samples:  80%|███████▉  | 1218/1528 [01:29<00:09, 31.60step/s]
[Origin 12/13] 🎲 Drawing Posterior Samples:  80%|████████  | 1224/1528 [01:29<00:08, 35.90step/s]
[Origin 12/13] 🎲 Drawing Posterior Samples:  80%|████████  | 1230/1528 [01:29<00:07, 39.71step/s]
[Origin 12/13] 🎲 Drawing Posterior Samples:  81%|████████  | 1236/1528 [01:29<00:06, 42.90step/s]
[Origin 12/13] 🎲 Drawing Posterior Samples:  81%|████████▏ | 1242/1528 [01:29<00:06, 45.29step/s]
[Origin 12/13] 🎲 Drawing Posterior Samples:  82%|████████▏ | 1248/1528 [01:29<00:05, 47.28step/s]
[Origin 12/13] 🎲 Drawing Posterior Samples:  82%|████████▏ | 1254/1528 [01:30<00:05, 48.83step/s]
[Origin 12/13] 🎲 Drawing Posterior Samples:  82%|████████▏ | 1260/1528 [01:30<00:05, 49.91step/s]
[Origin 12/13] 🎲 Drawing Posterior Samples:  83%|████████▎ | 1266/1528 [01:30<00:05, 50.57step/s]
[Origin 12/13] 🎲 Drawing Posterior Samples:  83%|████████▎ | 1272/1528 [01:30<00:05, 51.06step/s]
[Origin 12/13] 🎲 Drawing Posterior Samples:  84%|████████▎ | 1278/1528 [01:30<00:04, 51.37step/s]
[Origin 12/13] 🎲 Drawing Posterior Samples:  84%|████████▍ | 1284/1528 [01:30<00:04, 51.61step/s]
[Origin 12/13] 🎲 Drawing Posterior Samples:  84%|████████▍ | 1290/1528 [01:30<00:04, 51.88step/s]
[Origin 12/13] 🎲 Drawing Posterior Samples:  85%|████████▍ | 1296/1528 [01:30<00:04, 52.10step/s]
[Origin 12/13] 🎲 Drawing Posterior Samples:  85%|████████▌ | 1302/1528 [01:31<00:04, 52.20step/s]
[Origin 12/13] 🎲 Drawing Posterior Samples:  86%|████████▌ | 1308/1528 [01:31<00:04, 52.26step/s]
[Origin 12/13] 🎲 Drawing Posterior Samples:  86%|████████▌ | 1314/1528 [01:31<00:04, 52.32step/s]
[Origin 12/13] 🎲 Drawing Posterior Samples:  86%|████████▋ | 1320/1528 [01:31<00:03, 52.39step/s]
[Origin 12/13] 🎲 Drawing Posterior Samples:  87%|████████▋ | 1326/1528 [01:31<00:03, 52.45step/s]
[Origin 12/13] 🎲 Drawing Posterior Samples:  87%|████████▋ | 1332/1528 [01:31<00:03, 52.42step/s]
[Origin 12/13] 🎲 Drawing Posterior Samples:  88%|████████▊ | 1338/1528 [01:31<00:03, 52.37step/s]
[Origin 12/13] 🎲 Drawing Posterior Samples:  88%|████████▊ | 1344/1528 [01:31<00:03, 52.34step/s]
[Origin 12/13] 🎲 Drawing Posterior Samples:  88%|████████▊ | 1350/1528 [01:31<00:03, 52.34step/s]
[Origin 12/13] 🎲 Drawing Posterior Samples:  89%|████████▊ | 1356/1528 [01:32<00:03, 52.33step/s]
[Origin 12/13] 🎲 Drawing Posterior Samples:  89%|████████▉ | 1362/1528 [01:32<00:03, 52.36step/s]
[Origin 12/13] 🎲 Drawing Posterior Samples:  90%|████████▉ | 1368/1528 [01:32<00:03, 52.46step/s]
[Origin 12/13] 🎲 Drawing Posterior Samples:  90%|████████▉ | 1374/1528 [01:32<00:02, 52.46step/s]
[Origin 12/13] 🎲 Drawing Posterior Samples:  90%|█████████ | 1380/1528 [01:32<00:02, 52.44step/s]
[Origin 12/13] 🎲 Drawing Posterior Samples:  91%|█████████ | 1386/1528 [01:32<00:02, 52.50step/s]
[Origin 12/13] 🎲 Drawing Posterior Samples:  91%|█████████ | 1392/1528 [01:32<00:02, 52.43step/s]
[Origin 12/13] 🎲 Drawing Posterior Samples:  91%|█████████▏| 1398/1528 [01:32<00:02, 52.43step/s]
[Origin 12/13] 🎲 Drawing Posterior Samples:  92%|█████████▏| 1404/1528 [01:32<00:02, 52.38step/s]
[Origin 12/13] 🎲 Drawing Posterior Samples:  92%|█████████▏| 1410/1528 [01:33<00:02, 52.39step/s]
[Origin 12/13] 🎲 Drawing Posterior Samples:  93%|█████████▎| 1416/1528 [01:33<00:02, 52.35step/s]
[Origin 12/13] 🎲 Drawing Posterior Samples:  93%|█████████▎| 1422/1528 [01:33<00:02, 52.36step/s]
[Origin 12/13] 🎲 Drawing Posterior Samples:  93%|█████████▎| 1428/1528 [01:33<00:01, 52.31step/s]
[Origin 12/13] 🎲 Drawing Posterior Samples:  94%|█████████▍| 1434/1528 [01:33<00:01, 52.35step/s]
[Origin 12/13] 🎲 Drawing Posterior Samples:  94%|█████████▍| 1440/1528 [01:33<00:01, 52.41step/s]
[Origin 12/13] 🎲 Drawing Posterior Samples:  95%|█████████▍| 1446/1528 [01:33<00:01, 52.44step/s]
[Origin 12/13] 🎲 Drawing Posterior Samples:  95%|█████████▌| 1452/1528 [01:33<00:01, 52.48step/s]
[Origin 12/13] 🎲 Drawing Posterior Samples:  95%|█████████▌| 1458/1528 [01:33<00:01, 52.50step/s]
[Origin 12/13] 🎲 Drawing Posterior Samples:  96%|█████████▌| 1464/1528 [01:34<00:01, 52.45step/s]
[Origin 12/13] 🎲 Drawing Posterior Samples:  96%|█████████▌| 1470/1528 [01:34<00:01, 52.45step/s]
[Origin 12/13] 🎲 Drawing Posterior Samples:  97%|█████████▋| 1476/1528 [01:34<00:00, 52.40step/s]
[Origin 12/13] 🎲 Drawing Posterior Samples:  97%|█████████▋| 1482/1528 [01:34<00:00, 52.39step/s]
[Origin 12/13] 🎲 Drawing Posterior Samples:  97%|█████████▋| 1488/1528 [01:34<00:00, 52.33step/s]
[Origin 12/13] 🎲 Drawing Posterior Samples:  98%|█████████▊| 1494/1528 [01:34<00:01, 30.97step/s]
[Origin 12/13] 🎲 Drawing Posterior Samples:  98%|█████████▊| 1499/1528 [01:35<00:01, 15.19step/s]
[Origin 12/13] 🎲 Drawing Posterior Samples:  98%|█████████▊| 1503/1528 [01:36<00:02, 11.55step/s]
[Origin 12/13] 🎲 Drawing Posterior Samples:  99%|█████████▊| 1506/1528 [01:36<00:02,  9.88step/s]
[Origin 12/13] 🎲 Drawing Posterior Samples:  99%|█████████▊| 1508/1528 [01:37<00:02,  8.92step/s]
[Origin 12/13] 🎲 Drawing Posterior Samples:  99%|█████████▉| 1510/1528 [01:37<00:02,  8.19step/s]
[Origin 12/13] 🎲 Drawing Posterior Samples:  99%|█████████▉| 1512/1528 [01:37<00:02,  7.68step/s]
[Origin 12/13] 🎲 Drawing Posterior Samples:  99%|█████████▉| 1514/1528 [01:38<00:01,  7.33step/s]
[Origin 12/13] 🎲 Drawing Posterior Samples:  99%|█████████▉| 1515/1528 [01:38<00:01,  7.24step/s]
[Origin 12/13] 🎲 Drawing Posterior Samples:  99%|█████████▉| 1516/1528 [01:38<00:01,  7.13step/s]
[Origin 12/13] 🎲 Drawing Posterior Samples:  99%|█████████▉| 1517/1528 [01:38<00:01,  6.91step/s]
[Origin 12/13] 🎲 Drawing Posterior Samples:  99%|█████████▉| 1518/1528 [01:38<00:01,  6.57step/s]
[Origin 12/13] 🎲 Drawing Posterior Samples:  99%|█████████▉| 1519/1528 [01:38<00:01,  6.22step/s]
[Origin 12/13] 🎲 Drawing Posterior Samples:  99%|█████████▉| 1520/1528 [01:39<00:01,  5.99step/s]
[Origin 12/13] 🎲 Drawing Posterior Samples: 100%|█████████▉| 1521/1528 [01:39<00:01,  5.74step/s]
[Origin 12/13] 🎲 Drawing Posterior Samples: 100%|█████████▉| 1522/1528 [01:39<00:01,  5.60step/s]
[Origin 12/13] 🎲 Drawing Posterior Samples: 100%|█████████▉| 1523/1528 [01:39<00:00,  5.45step/s]
[Origin 12/13] 🎲 Drawing Posterior Samples: 100%|█████████▉| 1524/1528 [01:39<00:00,  5.31step/s]
[Origin 12/13] 🎲 Drawing Posterior Samples: 100%|█████████▉| 1525/1528 [01:40<00:00,  5.31step/s]
[Origin 12/13] 🎲 Drawing Posterior Samples: 100%|█████████▉| 1526/1528 [01:40<00:00,  5.16step/s]
[Origin 12/13] 🎲 Drawing Posterior Samples: 100%|█████████▉| 1527/1528 [01:40<00:00,  5.01step/s]
[Origin 12/13] 🎲 Drawing Posterior Samples: 100%|██████████| 1528/1528 [01:40<00:00,  4.88step/s]
                                                                                                  

[Origin 13/13] 🎲 Drawing Posterior Samples:   0%|          | 0/1532 [00:00<?, ?step/s]
[Origin 13/13] 🎲 Drawing Posterior Samples:   0%|          | 7/1532 [00:00<00:25, 59.54step/s]
[Origin 13/13] 🎲 Drawing Posterior Samples:   1%|          | 13/1532 [00:00<00:27, 55.56step/s]
[Origin 13/13] 🎲 Drawing Posterior Samples:   1%|          | 19/1532 [00:00<00:27, 54.39step/s]
[Origin 13/13] 🎲 Drawing Posterior Samples:   2%|▏         | 25/1532 [00:00<00:28, 53.75step/s]
[Origin 13/13] 🎲 Drawing Posterior Samples:   2%|▏         | 31/1532 [00:00<00:28, 53.45step/s]
[Origin 13/13] 🎲 Drawing Posterior Samples:   2%|▏         | 37/1532 [00:00<00:28, 53.28step/s]
[Origin 13/13] 🎲 Drawing Posterior Samples:   3%|▎         | 43/1532 [00:00<00:28, 53.13step/s]
[Origin 13/13] 🎲 Drawing Posterior Samples:   3%|▎         | 49/1532 [00:00<00:27, 53.04step/s]
[Origin 13/13] 🎲 Drawing Posterior Samples:   4%|▎         | 55/1532 [00:01<00:27, 52.94step/s]
[Origin 13/13] 🎲 Drawing Posterior Samples:   4%|▍         | 61/1532 [00:01<00:27, 52.70step/s]
[Origin 13/13] 🎲 Drawing Posterior Samples:   4%|▍         | 67/1532 [00:01<00:27, 52.50step/s]
[Origin 13/13] 🎲 Drawing Posterior Samples:   5%|▍         | 73/1532 [00:01<00:27, 52.36step/s]
[Origin 13/13] 🎲 Drawing Posterior Samples:   5%|▌         | 79/1532 [00:01<00:27, 52.26step/s]
[Origin 13/13] 🎲 Drawing Posterior Samples:   6%|▌         | 85/1532 [00:01<00:27, 52.18step/s]
[Origin 13/13] 🎲 Drawing Posterior Samples:   6%|▌         | 91/1532 [00:01<00:27, 52.25step/s]
[Origin 13/13] 🎲 Drawing Posterior Samples:   6%|▋         | 97/1532 [00:01<00:27, 52.35step/s]
[Origin 13/13] 🎲 Drawing Posterior Samples:   7%|▋         | 103/1532 [00:01<00:27, 52.43step/s]
[Origin 13/13] 🎲 Drawing Posterior Samples:   7%|▋         | 109/1532 [00:02<00:27, 52.51step/s]
[Origin 13/13] 🎲 Drawing Posterior Samples:   8%|▊         | 115/1532 [00:02<00:26, 52.55step/s]
[Origin 13/13] 🎲 Drawing Posterior Samples:   8%|▊         | 121/1532 [00:02<00:26, 52.56step/s]
[Origin 13/13] 🎲 Drawing Posterior Samples:   8%|▊         | 127/1532 [00:02<00:26, 52.51step/s]
[Origin 13/13] 🎲 Drawing Posterior Samples:   9%|▊         | 133/1532 [00:02<00:26, 52.45step/s]
[Origin 13/13] 🎲 Drawing Posterior Samples:   9%|▉         | 139/1532 [00:02<00:26, 52.36step/s]
[Origin 13/13] 🎲 Drawing Posterior Samples:   9%|▉         | 145/1532 [00:02<00:26, 52.32step/s]
[Origin 13/13] 🎲 Drawing Posterior Samples:  10%|▉         | 151/1532 [00:02<00:26, 52.33step/s]
[Origin 13/13] 🎲 Drawing Posterior Samples:  10%|█         | 157/1532 [00:02<00:26, 52.36step/s]
[Origin 13/13] 🎲 Drawing Posterior Samples:  11%|█         | 163/1532 [00:03<00:26, 52.36step/s]
[Origin 13/13] 🎲 Drawing Posterior Samples:  11%|█         | 169/1532 [00:03<00:26, 52.41step/s]
[Origin 13/13] 🎲 Drawing Posterior Samples:  11%|█▏        | 175/1532 [00:03<00:25, 52.49step/s]
[Origin 13/13] 🎲 Drawing Posterior Samples:  12%|█▏        | 181/1532 [00:03<00:25, 52.55step/s]
[Origin 13/13] 🎲 Drawing Posterior Samples:  12%|█▏        | 187/1532 [00:03<00:25, 52.51step/s]
[Origin 13/13] 🎲 Drawing Posterior Samples:  13%|█▎        | 193/1532 [00:03<00:25, 52.48step/s]
[Origin 13/13] 🎲 Drawing Posterior Samples:  13%|█▎        | 199/1532 [00:03<00:25, 52.41step/s]
[Origin 13/13] 🎲 Drawing Posterior Samples:  13%|█▎        | 205/1532 [00:03<00:25, 52.38step/s]
[Origin 13/13] 🎲 Drawing Posterior Samples:  14%|█▍        | 211/1532 [00:04<00:25, 52.37step/s]
[Origin 13/13] 🎲 Drawing Posterior Samples:  14%|█▍        | 217/1532 [00:04<00:25, 52.35step/s]
[Origin 13/13] 🎲 Drawing Posterior Samples:  15%|█▍        | 223/1532 [00:04<00:24, 52.41step/s]
[Origin 13/13] 🎲 Drawing Posterior Samples:  15%|█▍        | 229/1532 [00:04<00:24, 52.44step/s]
[Origin 13/13] 🎲 Drawing Posterior Samples:  15%|█▌        | 235/1532 [00:04<00:24, 52.49step/s]
[Origin 13/13] 🎲 Drawing Posterior Samples:  16%|█▌        | 241/1532 [00:04<00:24, 52.54step/s]
[Origin 13/13] 🎲 Drawing Posterior Samples:  16%|█▌        | 247/1532 [00:04<00:24, 52.55step/s]
[Origin 13/13] 🎲 Drawing Posterior Samples:  17%|█▋        | 253/1532 [00:04<00:24, 52.49step/s]
[Origin 13/13] 🎲 Drawing Posterior Samples:  17%|█▋        | 259/1532 [00:04<00:24, 52.43step/s]
[Origin 13/13] 🎲 Drawing Posterior Samples:  17%|█▋        | 265/1532 [00:05<00:24, 52.33step/s]
[Origin 13/13] 🎲 Drawing Posterior Samples:  18%|█▊        | 271/1532 [00:05<00:24, 52.37step/s]
[Origin 13/13] 🎲 Drawing Posterior Samples:  18%|█▊        | 277/1532 [00:05<00:23, 52.41step/s]
[Origin 13/13] 🎲 Drawing Posterior Samples:  18%|█▊        | 283/1532 [00:05<00:23, 52.31step/s]
[Origin 13/13] 🎲 Drawing Posterior Samples:  19%|█▉        | 289/1532 [00:05<00:23, 52.41step/s]
[Origin 13/13] 🎲 Drawing Posterior Samples:  19%|█▉        | 295/1532 [00:05<00:23, 52.45step/s]
[Origin 13/13] 🎲 Drawing Posterior Samples:  20%|█▉        | 301/1532 [00:05<00:23, 52.53step/s]
[Origin 13/13] 🎲 Drawing Posterior Samples:  20%|██        | 307/1532 [00:05<00:23, 52.47step/s]
[Origin 13/13] 🎲 Drawing Posterior Samples:  20%|██        | 313/1532 [00:05<00:23, 52.47step/s]
[Origin 13/13] 🎲 Drawing Posterior Samples:  21%|██        | 319/1532 [00:06<00:23, 52.43step/s]
[Origin 13/13] 🎲 Drawing Posterior Samples:  21%|██        | 325/1532 [00:06<00:23, 52.38step/s]
[Origin 13/13] 🎲 Drawing Posterior Samples:  22%|██▏       | 331/1532 [00:06<00:22, 52.40step/s]
[Origin 13/13] 🎲 Drawing Posterior Samples:  22%|██▏       | 337/1532 [00:06<00:22, 52.40step/s]
[Origin 13/13] 🎲 Drawing Posterior Samples:  22%|██▏       | 343/1532 [00:06<00:22, 52.42step/s]
[Origin 13/13] 🎲 Drawing Posterior Samples:  23%|██▎       | 349/1532 [00:07<00:44, 26.49step/s]
[Origin 13/13] 🎲 Drawing Posterior Samples:  23%|██▎       | 354/1532 [00:07<01:27, 13.48step/s]
[Origin 13/13] 🎲 Drawing Posterior Samples:  23%|██▎       | 357/1532 [00:08<01:45, 11.11step/s]
[Origin 13/13] 🎲 Drawing Posterior Samples:  23%|██▎       | 360/1532 [00:08<02:01,  9.66step/s]
[Origin 13/13] 🎲 Drawing Posterior Samples:  24%|██▎       | 362/1532 [00:09<02:15,  8.65step/s]
[Origin 13/13] 🎲 Drawing Posterior Samples:  24%|██▍       | 364/1532 [00:09<02:24,  8.08step/s]
[Origin 13/13] 🎲 Drawing Posterior Samples:  24%|██▍       | 366/1532 [00:09<02:33,  7.60step/s]
[Origin 13/13] 🎲 Drawing Posterior Samples:  24%|██▍       | 368/1532 [00:10<02:42,  7.18step/s]
[Origin 13/13] 🎲 Drawing Posterior Samples:  24%|██▍       | 369/1532 [00:10<02:46,  7.00step/s]
[Origin 13/13] 🎲 Drawing Posterior Samples:  24%|██▍       | 370/1532 [00:10<02:50,  6.82step/s]
[Origin 13/13] 🎲 Drawing Posterior Samples:  24%|██▍       | 371/1532 [00:10<02:56,  6.56step/s]
[Origin 13/13] 🎲 Drawing Posterior Samples:  24%|██▍       | 372/1532 [00:10<02:59,  6.48step/s]
[Origin 13/13] 🎲 Drawing Posterior Samples:  24%|██▍       | 373/1532 [00:10<03:01,  6.38step/s]
[Origin 13/13] 🎲 Drawing Posterior Samples:  24%|██▍       | 374/1532 [00:11<03:07,  6.18step/s]
[Origin 13/13] 🎲 Drawing Posterior Samples:  24%|██▍       | 375/1532 [00:11<03:10,  6.09step/s]
[Origin 13/13] 🎲 Drawing Posterior Samples:  25%|██▍       | 376/1532 [00:11<03:11,  6.05step/s]
[Origin 13/13] 🎲 Drawing Posterior Samples:  25%|██▍       | 377/1532 [00:11<03:11,  6.04step/s]
[Origin 13/13] 🎲 Drawing Posterior Samples:  25%|██▍       | 378/1532 [00:11<03:11,  6.01step/s]
[Origin 13/13] 🎲 Drawing Posterior Samples:  25%|██▍       | 379/1532 [00:11<03:09,  6.10step/s]
[Origin 13/13] 🎲 Drawing Posterior Samples:  25%|██▍       | 380/1532 [00:12<03:10,  6.06step/s]
[Origin 13/13] 🎲 Drawing Posterior Samples:  25%|██▍       | 381/1532 [00:12<03:09,  6.06step/s]
[Origin 13/13] 🎲 Drawing Posterior Samples:  25%|██▍       | 382/1532 [00:12<03:08,  6.10step/s]
[Origin 13/13] 🎲 Drawing Posterior Samples:  25%|██▌       | 383/1532 [00:12<03:12,  5.97step/s]
[Origin 13/13] 🎲 Drawing Posterior Samples:  25%|██▌       | 384/1532 [00:29<1:36:39,  5.05s/step]
[Origin 13/13] 🎲 Drawing Posterior Samples:  25%|██▌       | 390/1532 [00:29<27:16,  1.43s/step]  
[Origin 13/13] 🎲 Drawing Posterior Samples:  26%|██▌       | 396/1532 [00:29<13:34,  1.40step/s]
[Origin 13/13] 🎲 Drawing Posterior Samples:  26%|██▌       | 402/1532 [00:29<07:58,  2.36step/s]
[Origin 13/13] 🎲 Drawing Posterior Samples:  27%|██▋       | 408/1532 [00:29<05:05,  3.68step/s]
[Origin 13/13] 🎲 Drawing Posterior Samples:  27%|██▋       | 414/1532 [00:29<03:25,  5.44step/s]
[Origin 13/13] 🎲 Drawing Posterior Samples:  27%|██▋       | 420/1532 [00:29<02:23,  7.76step/s]
[Origin 13/13] 🎲 Drawing Posterior Samples:  28%|██▊       | 426/1532 [00:29<01:43, 10.70step/s]
[Origin 13/13] 🎲 Drawing Posterior Samples:  28%|██▊       | 432/1532 [00:30<01:16, 14.29step/s]
[Origin 13/13] 🎲 Drawing Posterior Samples:  29%|██▊       | 438/1532 [00:30<00:59, 18.46step/s]
[Origin 13/13] 🎲 Drawing Posterior Samples:  29%|██▉       | 444/1532 [00:30<00:47, 23.02step/s]
[Origin 13/13] 🎲 Drawing Posterior Samples:  29%|██▉       | 450/1532 [00:30<00:39, 27.73step/s]
[Origin 13/13] 🎲 Drawing Posterior Samples:  30%|██▉       | 456/1532 [00:30<00:33, 32.29step/s]
[Origin 13/13] 🎲 Drawing Posterior Samples:  30%|███       | 462/1532 [00:30<00:29, 36.50step/s]
[Origin 13/13] 🎲 Drawing Posterior Samples:  31%|███       | 468/1532 [00:30<00:26, 40.19step/s]
[Origin 13/13] 🎲 Drawing Posterior Samples:  31%|███       | 474/1532 [00:30<00:24, 43.31step/s]
[Origin 13/13] 🎲 Drawing Posterior Samples:  31%|███▏      | 480/1532 [00:31<00:22, 45.75step/s]
[Origin 13/13] 🎲 Drawing Posterior Samples:  32%|███▏      | 486/1532 [00:31<00:21, 47.66step/s]
[Origin 13/13] 🎲 Drawing Posterior Samples:  32%|███▏      | 492/1532 [00:31<00:21, 49.04step/s]
[Origin 13/13] 🎲 Drawing Posterior Samples:  33%|███▎      | 498/1532 [00:31<00:20, 49.98step/s]
[Origin 13/13] 🎲 Drawing Posterior Samples:  33%|███▎      | 504/1532 [00:31<00:20, 50.67step/s]
[Origin 13/13] 🎲 Drawing Posterior Samples:  33%|███▎      | 510/1532 [00:31<00:20, 51.04step/s]
[Origin 13/13] 🎲 Drawing Posterior Samples:  34%|███▎      | 516/1532 [00:31<00:19, 51.27step/s]
[Origin 13/13] 🎲 Drawing Posterior Samples:  34%|███▍      | 522/1532 [00:31<00:19, 51.44step/s]
[Origin 13/13] 🎲 Drawing Posterior Samples:  34%|███▍      | 528/1532 [00:31<00:19, 51.74step/s]
[Origin 13/13] 🎲 Drawing Posterior Samples:  35%|███▍      | 534/1532 [00:32<00:19, 51.93step/s]
[Origin 13/13] 🎲 Drawing Posterior Samples:  35%|███▌      | 540/1532 [00:32<00:19, 52.16step/s]
[Origin 13/13] 🎲 Drawing Posterior Samples:  36%|███▌      | 546/1532 [00:32<00:18, 52.29step/s]
[Origin 13/13] 🎲 Drawing Posterior Samples:  36%|███▌      | 552/1532 [00:32<00:18, 52.38step/s]
[Origin 13/13] 🎲 Drawing Posterior Samples:  36%|███▋      | 558/1532 [00:32<00:18, 52.43step/s]
[Origin 13/13] 🎲 Drawing Posterior Samples:  37%|███▋      | 564/1532 [00:32<00:18, 52.37step/s]
[Origin 13/13] 🎲 Drawing Posterior Samples:  37%|███▋      | 570/1532 [00:32<00:18, 52.37step/s]
[Origin 13/13] 🎲 Drawing Posterior Samples:  38%|███▊      | 576/1532 [00:32<00:18, 52.32step/s]
[Origin 13/13] 🎲 Drawing Posterior Samples:  38%|███▊      | 582/1532 [00:32<00:18, 52.13step/s]
[Origin 13/13] 🎲 Drawing Posterior Samples:  38%|███▊      | 588/1532 [00:33<00:18, 51.80step/s]
[Origin 13/13] 🎲 Drawing Posterior Samples:  39%|███▉      | 594/1532 [00:33<00:18, 51.65step/s]
[Origin 13/13] 🎲 Drawing Posterior Samples:  39%|███▉      | 600/1532 [00:33<00:17, 51.85step/s]
[Origin 13/13] 🎲 Drawing Posterior Samples:  40%|███▉      | 606/1532 [00:33<00:17, 52.01step/s]
[Origin 13/13] 🎲 Drawing Posterior Samples:  40%|███▉      | 612/1532 [00:33<00:17, 52.07step/s]
[Origin 13/13] 🎲 Drawing Posterior Samples:  40%|████      | 618/1532 [00:33<00:17, 52.18step/s]
[Origin 13/13] 🎲 Drawing Posterior Samples:  41%|████      | 624/1532 [00:33<00:17, 52.28step/s]
[Origin 13/13] 🎲 Drawing Posterior Samples:  41%|████      | 630/1532 [00:33<00:17, 52.36step/s]
[Origin 13/13] 🎲 Drawing Posterior Samples:  42%|████▏     | 636/1532 [00:34<00:17, 52.26step/s]
[Origin 13/13] 🎲 Drawing Posterior Samples:  42%|████▏     | 642/1532 [00:34<00:17, 52.30step/s]
[Origin 13/13] 🎲 Drawing Posterior Samples:  42%|████▏     | 648/1532 [00:34<00:16, 52.34step/s]
[Origin 13/13] 🎲 Drawing Posterior Samples:  43%|████▎     | 654/1532 [00:34<00:16, 52.39step/s]
[Origin 13/13] 🎲 Drawing Posterior Samples:  43%|████▎     | 660/1532 [00:34<00:16, 52.36step/s]
[Origin 13/13] 🎲 Drawing Posterior Samples:  43%|████▎     | 666/1532 [00:34<00:16, 52.38step/s]
[Origin 13/13] 🎲 Drawing Posterior Samples:  44%|████▍     | 672/1532 [00:34<00:16, 52.42step/s]
[Origin 13/13] 🎲 Drawing Posterior Samples:  44%|████▍     | 678/1532 [00:34<00:16, 52.42step/s]
[Origin 13/13] 🎲 Drawing Posterior Samples:  45%|████▍     | 684/1532 [00:34<00:16, 52.51step/s]
[Origin 13/13] 🎲 Drawing Posterior Samples:  45%|████▌     | 690/1532 [00:35<00:16, 52.48step/s]
[Origin 13/13] 🎲 Drawing Posterior Samples:  45%|████▌     | 696/1532 [00:35<00:15, 52.44step/s]
[Origin 13/13] 🎲 Drawing Posterior Samples:  46%|████▌     | 702/1532 [00:35<00:15, 52.46step/s]
[Origin 13/13] 🎲 Drawing Posterior Samples:  46%|████▌     | 708/1532 [00:35<00:15, 52.44step/s]
[Origin 13/13] 🎲 Drawing Posterior Samples:  47%|████▋     | 714/1532 [00:35<00:15, 52.48step/s]
[Origin 13/13] 🎲 Drawing Posterior Samples:  47%|████▋     | 720/1532 [00:35<00:15, 52.42step/s]
[Origin 13/13] 🎲 Drawing Posterior Samples:  47%|████▋     | 726/1532 [00:35<00:15, 52.43step/s]
[Origin 13/13] 🎲 Drawing Posterior Samples:  48%|████▊     | 732/1532 [00:36<00:27, 29.05step/s]
[Origin 13/13] 🎲 Drawing Posterior Samples:  48%|████▊     | 737/1532 [00:36<00:54, 14.51step/s]
[Origin 13/13] 🎲 Drawing Posterior Samples:  48%|████▊     | 741/1532 [00:37<01:11, 11.00step/s]
[Origin 13/13] 🎲 Drawing Posterior Samples:  49%|████▊     | 744/1532 [00:38<01:22,  9.53step/s]
[Origin 13/13] 🎲 Drawing Posterior Samples:  49%|████▊     | 746/1532 [00:38<01:29,  8.78step/s]
[Origin 13/13] 🎲 Drawing Posterior Samples:  49%|████▉     | 748/1532 [00:38<01:35,  8.19step/s]
[Origin 13/13] 🎲 Drawing Posterior Samples:  49%|████▉     | 750/1532 [00:39<01:42,  7.66step/s]
[Origin 13/13] 🎲 Drawing Posterior Samples:  49%|████▉     | 752/1532 [00:39<01:48,  7.17step/s]
[Origin 13/13] 🎲 Drawing Posterior Samples:  49%|████▉     | 753/1532 [00:39<01:50,  7.02step/s]
[Origin 13/13] 🎲 Drawing Posterior Samples:  49%|████▉     | 754/1532 [00:39<01:55,  6.73step/s]
[Origin 13/13] 🎲 Drawing Posterior Samples:  49%|████▉     | 755/1532 [00:39<02:00,  6.43step/s]
[Origin 13/13] 🎲 Drawing Posterior Samples:  49%|████▉     | 756/1532 [00:40<02:07,  6.08step/s]
[Origin 13/13] 🎲 Drawing Posterior Samples:  49%|████▉     | 757/1532 [00:40<02:12,  5.83step/s]
[Origin 13/13] 🎲 Drawing Posterior Samples:  49%|████▉     | 758/1532 [00:40<02:16,  5.67step/s]
[Origin 13/13] 🎲 Drawing Posterior Samples:  50%|████▉     | 759/1532 [00:40<02:21,  5.46step/s]
[Origin 13/13] 🎲 Drawing Posterior Samples:  50%|████▉     | 760/1532 [00:40<02:30,  5.14step/s]
[Origin 13/13] 🎲 Drawing Posterior Samples:  50%|████▉     | 761/1532 [00:41<02:27,  5.23step/s]
[Origin 13/13] 🎲 Drawing Posterior Samples:  50%|████▉     | 762/1532 [00:41<02:26,  5.25step/s]
[Origin 13/13] 🎲 Drawing Posterior Samples:  50%|████▉     | 763/1532 [00:41<02:30,  5.13step/s]
[Origin 13/13] 🎲 Drawing Posterior Samples:  50%|████▉     | 764/1532 [00:41<02:29,  5.15step/s]
[Origin 13/13] 🎲 Drawing Posterior Samples:  50%|████▉     | 765/1532 [00:41<02:27,  5.22step/s]
[Origin 13/13] 🎲 Drawing Posterior Samples:  50%|█████     | 766/1532 [00:42<02:28,  5.15step/s]
[Origin 13/13] 🎲 Drawing Posterior Samples:  50%|█████     | 767/1532 [00:58<1:04:18,  5.04s/step]
[Origin 13/13] 🎲 Drawing Posterior Samples:  50%|█████     | 773/1532 [00:58<18:08,  1.43s/step]  
[Origin 13/13] 🎲 Drawing Posterior Samples:  51%|█████     | 779/1532 [00:58<08:59,  1.39step/s]
[Origin 13/13] 🎲 Drawing Posterior Samples:  51%|█████     | 785/1532 [00:58<05:16,  2.36step/s]
[Origin 13/13] 🎲 Drawing Posterior Samples:  52%|█████▏    | 791/1532 [00:59<03:21,  3.67step/s]
[Origin 13/13] 🎲 Drawing Posterior Samples:  52%|█████▏    | 797/1532 [00:59<02:15,  5.44step/s]
[Origin 13/13] 🎲 Drawing Posterior Samples:  52%|█████▏    | 803/1532 [00:59<01:34,  7.75step/s]
[Origin 13/13] 🎲 Drawing Posterior Samples:  53%|█████▎    | 809/1532 [00:59<01:07, 10.69step/s]
[Origin 13/13] 🎲 Drawing Posterior Samples:  53%|█████▎    | 815/1532 [00:59<00:50, 14.28step/s]
[Origin 13/13] 🎲 Drawing Posterior Samples:  54%|█████▎    | 821/1532 [00:59<00:38, 18.45step/s]
[Origin 13/13] 🎲 Drawing Posterior Samples:  54%|█████▍    | 827/1532 [00:59<00:30, 23.02step/s]
[Origin 13/13] 🎲 Drawing Posterior Samples:  54%|█████▍    | 833/1532 [00:59<00:25, 27.74step/s]
[Origin 13/13] 🎲 Drawing Posterior Samples:  55%|█████▍    | 839/1532 [00:59<00:21, 32.24step/s]
[Origin 13/13] 🎲 Drawing Posterior Samples:  55%|█████▌    | 845/1532 [01:00<00:18, 36.52step/s]
[Origin 13/13] 🎲 Drawing Posterior Samples:  56%|█████▌    | 851/1532 [01:00<00:16, 40.17step/s]
[Origin 13/13] 🎲 Drawing Posterior Samples:  56%|█████▌    | 857/1532 [01:00<00:15, 43.22step/s]
[Origin 13/13] 🎲 Drawing Posterior Samples:  56%|█████▋    | 863/1532 [01:00<00:14, 45.69step/s]
[Origin 13/13] 🎲 Drawing Posterior Samples:  57%|█████▋    | 869/1532 [01:00<00:13, 47.62step/s]
[Origin 13/13] 🎲 Drawing Posterior Samples:  57%|█████▋    | 875/1532 [01:00<00:13, 49.00step/s]
[Origin 13/13] 🎲 Drawing Posterior Samples:  58%|█████▊    | 881/1532 [01:00<00:13, 49.96step/s]
[Origin 13/13] 🎲 Drawing Posterior Samples:  58%|█████▊    | 887/1532 [01:00<00:12, 50.60step/s]
[Origin 13/13] 🎲 Drawing Posterior Samples:  58%|█████▊    | 893/1532 [01:00<00:12, 51.05step/s]
[Origin 13/13] 🎲 Drawing Posterior Samples:  59%|█████▊    | 899/1532 [01:01<00:12, 51.36step/s]
[Origin 13/13] 🎲 Drawing Posterior Samples:  59%|█████▉    | 905/1532 [01:01<00:12, 51.60step/s]
[Origin 13/13] 🎲 Drawing Posterior Samples:  59%|█████▉    | 911/1532 [01:01<00:11, 51.81step/s]
[Origin 13/13] 🎲 Drawing Posterior Samples:  60%|█████▉    | 917/1532 [01:01<00:11, 51.98step/s]
[Origin 13/13] 🎲 Drawing Posterior Samples:  60%|██████    | 923/1532 [01:01<00:11, 52.16step/s]
[Origin 13/13] 🎲 Drawing Posterior Samples:  61%|██████    | 929/1532 [01:01<00:11, 52.36step/s]
[Origin 13/13] 🎲 Drawing Posterior Samples:  61%|██████    | 935/1532 [01:01<00:11, 52.43step/s]
[Origin 13/13] 🎲 Drawing Posterior Samples:  61%|██████▏   | 941/1532 [01:01<00:11, 52.45step/s]
[Origin 13/13] 🎲 Drawing Posterior Samples:  62%|██████▏   | 947/1532 [01:02<00:11, 52.36step/s]
[Origin 13/13] 🎲 Drawing Posterior Samples:  62%|██████▏   | 953/1532 [01:02<00:11, 52.31step/s]
[Origin 13/13] 🎲 Drawing Posterior Samples:  63%|██████▎   | 959/1532 [01:02<00:10, 52.21step/s]
[Origin 13/13] 🎲 Drawing Posterior Samples:  63%|██████▎   | 965/1532 [01:02<00:10, 52.17step/s]
[Origin 13/13] 🎲 Drawing Posterior Samples:  63%|██████▎   | 971/1532 [01:02<00:10, 52.19step/s]
[Origin 13/13] 🎲 Drawing Posterior Samples:  64%|██████▍   | 977/1532 [01:02<00:10, 52.28step/s]
[Origin 13/13] 🎲 Drawing Posterior Samples:  64%|██████▍   | 983/1532 [01:02<00:10, 52.31step/s]
[Origin 13/13] 🎲 Drawing Posterior Samples:  65%|██████▍   | 989/1532 [01:02<00:10, 52.36step/s]
[Origin 13/13] 🎲 Drawing Posterior Samples:  65%|██████▍   | 995/1532 [01:02<00:10, 52.43step/s]
[Origin 13/13] 🎲 Drawing Posterior Samples:  65%|██████▌   | 1001/1532 [01:03<00:10, 52.42step/s]
[Origin 13/13] 🎲 Drawing Posterior Samples:  66%|██████▌   | 1007/1532 [01:03<00:10, 52.39step/s]
[Origin 13/13] 🎲 Drawing Posterior Samples:  66%|██████▌   | 1013/1532 [01:03<00:09, 52.36step/s]
[Origin 13/13] 🎲 Drawing Posterior Samples:  67%|██████▋   | 1019/1532 [01:03<00:09, 52.32step/s]
[Origin 13/13] 🎲 Drawing Posterior Samples:  67%|██████▋   | 1025/1532 [01:03<00:09, 52.34step/s]
[Origin 13/13] 🎲 Drawing Posterior Samples:  67%|██████▋   | 1031/1532 [01:03<00:09, 52.34step/s]
[Origin 13/13] 🎲 Drawing Posterior Samples:  68%|██████▊   | 1037/1532 [01:03<00:09, 52.31step/s]
[Origin 13/13] 🎲 Drawing Posterior Samples:  68%|██████▊   | 1043/1532 [01:03<00:09, 52.38step/s]
[Origin 13/13] 🎲 Drawing Posterior Samples:  68%|██████▊   | 1049/1532 [01:03<00:09, 52.43step/s]
[Origin 13/13] 🎲 Drawing Posterior Samples:  69%|██████▉   | 1055/1532 [01:04<00:09, 52.50step/s]
[Origin 13/13] 🎲 Drawing Posterior Samples:  69%|██████▉   | 1061/1532 [01:04<00:08, 52.48step/s]
[Origin 13/13] 🎲 Drawing Posterior Samples:  70%|██████▉   | 1067/1532 [01:04<00:08, 52.51step/s]
[Origin 13/13] 🎲 Drawing Posterior Samples:  70%|███████   | 1073/1532 [01:04<00:08, 52.45step/s]
[Origin 13/13] 🎲 Drawing Posterior Samples:  70%|███████   | 1079/1532 [01:04<00:08, 52.38step/s]
[Origin 13/13] 🎲 Drawing Posterior Samples:  71%|███████   | 1085/1532 [01:04<00:08, 52.34step/s]
[Origin 13/13] 🎲 Drawing Posterior Samples:  71%|███████   | 1091/1532 [01:04<00:08, 52.31step/s]
[Origin 13/13] 🎲 Drawing Posterior Samples:  72%|███████▏  | 1097/1532 [01:04<00:08, 52.31step/s]
[Origin 13/13] 🎲 Drawing Posterior Samples:  72%|███████▏  | 1103/1532 [01:04<00:08, 52.34step/s]
[Origin 13/13] 🎲 Drawing Posterior Samples:  72%|███████▏  | 1109/1532 [01:05<00:08, 52.42step/s]
[Origin 13/13] 🎲 Drawing Posterior Samples:  73%|███████▎  | 1115/1532 [01:05<00:14, 27.86step/s]
[Origin 13/13] 🎲 Drawing Posterior Samples:  73%|███████▎  | 1120/1532 [01:06<00:29, 14.12step/s]
[Origin 13/13] 🎲 Drawing Posterior Samples:  73%|███████▎  | 1124/1532 [01:07<00:37, 10.88step/s]
[Origin 13/13] 🎲 Drawing Posterior Samples:  74%|███████▎  | 1127/1532 [01:07<00:42,  9.43step/s]
[Origin 13/13] 🎲 Drawing Posterior Samples:  74%|███████▎  | 1129/1532 [01:07<00:46,  8.72step/s]
[Origin 13/13] 🎲 Drawing Posterior Samples:  74%|███████▍  | 1131/1532 [01:08<00:49,  8.04step/s]
[Origin 13/13] 🎲 Drawing Posterior Samples:  74%|███████▍  | 1133/1532 [01:08<00:52,  7.60step/s]
[Origin 13/13] 🎲 Drawing Posterior Samples:  74%|███████▍  | 1135/1532 [01:08<01:00,  6.58step/s]
[Origin 13/13] 🎲 Drawing Posterior Samples:  74%|███████▍  | 1136/1532 [01:09<01:08,  5.77step/s]
[Origin 13/13] 🎲 Drawing Posterior Samples:  74%|███████▍  | 1137/1532 [01:09<01:06,  5.96step/s]
[Origin 13/13] 🎲 Drawing Posterior Samples:  74%|███████▍  | 1138/1532 [01:09<01:05,  6.03step/s]
[Origin 13/13] 🎲 Drawing Posterior Samples:  74%|███████▍  | 1139/1532 [01:09<01:05,  6.02step/s]
[Origin 13/13] 🎲 Drawing Posterior Samples:  74%|███████▍  | 1140/1532 [01:09<01:04,  6.07step/s]
[Origin 13/13] 🎲 Drawing Posterior Samples:  74%|███████▍  | 1141/1532 [01:10<01:03,  6.15step/s]
[Origin 13/13] 🎲 Drawing Posterior Samples:  75%|███████▍  | 1142/1532 [01:10<01:02,  6.26step/s]
[Origin 13/13] 🎲 Drawing Posterior Samples:  75%|███████▍  | 1143/1532 [01:10<01:03,  6.16step/s]
[Origin 13/13] 🎲 Drawing Posterior Samples:  75%|███████▍  | 1144/1532 [01:10<01:02,  6.19step/s]
[Origin 13/13] 🎲 Drawing Posterior Samples:  75%|███████▍  | 1145/1532 [01:10<01:05,  5.95step/s]
[Origin 13/13] 🎲 Drawing Posterior Samples:  75%|███████▍  | 1146/1532 [01:10<01:08,  5.65step/s]
[Origin 13/13] 🎲 Drawing Posterior Samples:  75%|███████▍  | 1147/1532 [01:11<01:07,  5.70step/s]
[Origin 13/13] 🎲 Drawing Posterior Samples:  75%|███████▍  | 1148/1532 [01:11<01:09,  5.52step/s]
[Origin 13/13] 🎲 Drawing Posterior Samples:  75%|███████▌  | 1149/1532 [01:11<01:13,  5.24step/s]
[Origin 13/13] 🎲 Drawing Posterior Samples:  75%|███████▌  | 1150/1532 [01:27<32:00,  5.03s/step]
[Origin 13/13] 🎲 Drawing Posterior Samples:  75%|███████▌  | 1156/1532 [01:28<08:57,  1.43s/step]
[Origin 13/13] 🎲 Drawing Posterior Samples:  76%|███████▌  | 1162/1532 [01:28<04:24,  1.40step/s]
[Origin 13/13] 🎲 Drawing Posterior Samples:  76%|███████▌  | 1168/1532 [01:28<02:33,  2.37step/s]
[Origin 13/13] 🎲 Drawing Posterior Samples:  77%|███████▋  | 1174/1532 [01:28<01:37,  3.68step/s]
[Origin 13/13] 🎲 Drawing Posterior Samples:  77%|███████▋  | 1179/1532 [01:28<01:09,  5.10step/s]
[Origin 13/13] 🎲 Drawing Posterior Samples:  77%|███████▋  | 1185/1532 [01:28<00:46,  7.41step/s]
[Origin 13/13] 🎲 Drawing Posterior Samples:  78%|███████▊  | 1191/1532 [01:28<00:32, 10.36step/s]
[Origin 13/13] 🎲 Drawing Posterior Samples:  78%|███████▊  | 1197/1532 [01:28<00:24, 13.95step/s]
[Origin 13/13] 🎲 Drawing Posterior Samples:  79%|███████▊  | 1203/1532 [01:28<00:18, 18.13step/s]
[Origin 13/13] 🎲 Drawing Posterior Samples:  79%|███████▉  | 1209/1532 [01:29<00:14, 22.72step/s]
[Origin 13/13] 🎲 Drawing Posterior Samples:  79%|███████▉  | 1215/1532 [01:29<00:11, 27.46step/s]
[Origin 13/13] 🎲 Drawing Posterior Samples:  80%|███████▉  | 1221/1532 [01:29<00:09, 32.06step/s]
[Origin 13/13] 🎲 Drawing Posterior Samples:  80%|████████  | 1227/1532 [01:29<00:08, 36.29step/s]
[Origin 13/13] 🎲 Drawing Posterior Samples:  80%|████████  | 1233/1532 [01:29<00:07, 39.96step/s]
[Origin 13/13] 🎲 Drawing Posterior Samples:  81%|████████  | 1239/1532 [01:29<00:06, 43.12step/s]
[Origin 13/13] 🎲 Drawing Posterior Samples:  81%|████████▏ | 1245/1532 [01:29<00:06, 45.62step/s]
[Origin 13/13] 🎲 Drawing Posterior Samples:  82%|████████▏ | 1251/1532 [01:29<00:05, 47.54step/s]
[Origin 13/13] 🎲 Drawing Posterior Samples:  82%|████████▏ | 1257/1532 [01:30<00:05, 48.99step/s]
[Origin 13/13] 🎲 Drawing Posterior Samples:  82%|████████▏ | 1263/1532 [01:30<00:05, 49.96step/s]
[Origin 13/13] 🎲 Drawing Posterior Samples:  83%|████████▎ | 1269/1532 [01:30<00:05, 50.65step/s]
[Origin 13/13] 🎲 Drawing Posterior Samples:  83%|████████▎ | 1275/1532 [01:30<00:05, 51.07step/s]
[Origin 13/13] 🎲 Drawing Posterior Samples:  84%|████████▎ | 1281/1532 [01:30<00:04, 51.33step/s]
[Origin 13/13] 🎲 Drawing Posterior Samples:  84%|████████▍ | 1287/1532 [01:30<00:04, 51.48step/s]
[Origin 13/13] 🎲 Drawing Posterior Samples:  84%|████████▍ | 1293/1532 [01:30<00:04, 51.65step/s]
[Origin 13/13] 🎲 Drawing Posterior Samples:  85%|████████▍ | 1299/1532 [01:30<00:04, 51.90step/s]
[Origin 13/13] 🎲 Drawing Posterior Samples:  85%|████████▌ | 1305/1532 [01:30<00:04, 52.14step/s]
[Origin 13/13] 🎲 Drawing Posterior Samples:  86%|████████▌ | 1311/1532 [01:31<00:04, 52.32step/s]
[Origin 13/13] 🎲 Drawing Posterior Samples:  86%|████████▌ | 1317/1532 [01:31<00:04, 52.38step/s]
[Origin 13/13] 🎲 Drawing Posterior Samples:  86%|████████▋ | 1323/1532 [01:31<00:03, 52.35step/s]
[Origin 13/13] 🎲 Drawing Posterior Samples:  87%|████████▋ | 1329/1532 [01:31<00:03, 52.29step/s]
[Origin 13/13] 🎲 Drawing Posterior Samples:  87%|████████▋ | 1335/1532 [01:31<00:03, 52.35step/s]
[Origin 13/13] 🎲 Drawing Posterior Samples:  88%|████████▊ | 1341/1532 [01:31<00:03, 52.28step/s]
[Origin 13/13] 🎲 Drawing Posterior Samples:  88%|████████▊ | 1347/1532 [01:31<00:03, 52.24step/s]
[Origin 13/13] 🎲 Drawing Posterior Samples:  88%|████████▊ | 1353/1532 [01:31<00:03, 52.22step/s]
[Origin 13/13] 🎲 Drawing Posterior Samples:  89%|████████▊ | 1359/1532 [01:31<00:03, 52.28step/s]
[Origin 13/13] 🎲 Drawing Posterior Samples:  89%|████████▉ | 1365/1532 [01:32<00:03, 52.32step/s]
[Origin 13/13] 🎲 Drawing Posterior Samples:  89%|████████▉ | 1371/1532 [01:32<00:03, 52.36step/s]
[Origin 13/13] 🎲 Drawing Posterior Samples:  90%|████████▉ | 1377/1532 [01:32<00:02, 52.51step/s]
[Origin 13/13] 🎲 Drawing Posterior Samples:  90%|█████████ | 1383/1532 [01:32<00:02, 52.51step/s]
[Origin 13/13] 🎲 Drawing Posterior Samples:  91%|█████████ | 1389/1532 [01:32<00:02, 52.43step/s]
[Origin 13/13] 🎲 Drawing Posterior Samples:  91%|█████████ | 1395/1532 [01:32<00:02, 52.39step/s]
[Origin 13/13] 🎲 Drawing Posterior Samples:  91%|█████████▏| 1401/1532 [01:32<00:02, 52.37step/s]
[Origin 13/13] 🎲 Drawing Posterior Samples:  92%|█████████▏| 1407/1532 [01:32<00:02, 52.32step/s]
[Origin 13/13] 🎲 Drawing Posterior Samples:  92%|█████████▏| 1413/1532 [01:32<00:02, 52.33step/s]
[Origin 13/13] 🎲 Drawing Posterior Samples:  93%|█████████▎| 1419/1532 [01:33<00:02, 52.32step/s]
[Origin 13/13] 🎲 Drawing Posterior Samples:  93%|█████████▎| 1425/1532 [01:33<00:02, 52.33step/s]
[Origin 13/13] 🎲 Drawing Posterior Samples:  93%|█████████▎| 1431/1532 [01:33<00:01, 52.38step/s]
[Origin 13/13] 🎲 Drawing Posterior Samples:  94%|█████████▍| 1437/1532 [01:33<00:01, 52.43step/s]
[Origin 13/13] 🎲 Drawing Posterior Samples:  94%|█████████▍| 1443/1532 [01:33<00:01, 52.49step/s]
[Origin 13/13] 🎲 Drawing Posterior Samples:  95%|█████████▍| 1449/1532 [01:33<00:01, 52.47step/s]
[Origin 13/13] 🎲 Drawing Posterior Samples:  95%|█████████▍| 1455/1532 [01:33<00:01, 52.40step/s]
[Origin 13/13] 🎲 Drawing Posterior Samples:  95%|█████████▌| 1461/1532 [01:33<00:01, 52.37step/s]
[Origin 13/13] 🎲 Drawing Posterior Samples:  96%|█████████▌| 1467/1532 [01:34<00:01, 52.29step/s]
[Origin 13/13] 🎲 Drawing Posterior Samples:  96%|█████████▌| 1473/1532 [01:34<00:01, 52.38step/s]
[Origin 13/13] 🎲 Drawing Posterior Samples:  97%|█████████▋| 1479/1532 [01:34<00:01, 52.37step/s]
[Origin 13/13] 🎲 Drawing Posterior Samples:  97%|█████████▋| 1485/1532 [01:34<00:00, 52.34step/s]
[Origin 13/13] 🎲 Drawing Posterior Samples:  97%|█████████▋| 1491/1532 [01:34<00:00, 52.44step/s]
[Origin 13/13] 🎲 Drawing Posterior Samples:  98%|█████████▊| 1497/1532 [01:34<00:00, 38.19step/s]
[Origin 13/13] 🎲 Drawing Posterior Samples:  98%|█████████▊| 1502/1532 [01:35<00:01, 16.02step/s]
[Origin 13/13] 🎲 Drawing Posterior Samples:  98%|█████████▊| 1506/1532 [01:36<00:02, 11.77step/s]
[Origin 13/13] 🎲 Drawing Posterior Samples:  98%|█████████▊| 1509/1532 [01:36<00:02,  9.93step/s]
[Origin 13/13] 🎲 Drawing Posterior Samples:  99%|█████████▊| 1511/1532 [01:37<00:02,  9.07step/s]
[Origin 13/13] 🎲 Drawing Posterior Samples:  99%|█████████▉| 1513/1532 [01:37<00:02,  8.41step/s]
[Origin 13/13] 🎲 Drawing Posterior Samples:  99%|█████████▉| 1515/1532 [01:37<00:02,  7.80step/s]
[Origin 13/13] 🎲 Drawing Posterior Samples:  99%|█████████▉| 1517/1532 [01:37<00:02,  7.33step/s]
[Origin 13/13] 🎲 Drawing Posterior Samples:  99%|█████████▉| 1518/1532 [01:38<00:01,  7.13step/s]
[Origin 13/13] 🎲 Drawing Posterior Samples:  99%|█████████▉| 1519/1532 [01:38<00:01,  6.99step/s]
[Origin 13/13] 🎲 Drawing Posterior Samples:  99%|█████████▉| 1520/1532 [01:38<00:01,  6.73step/s]
[Origin 13/13] 🎲 Drawing Posterior Samples:  99%|█████████▉| 1521/1532 [01:38<00:01,  6.63step/s]
[Origin 13/13] 🎲 Drawing Posterior Samples:  99%|█████████▉| 1522/1532 [01:38<00:01,  6.54step/s]
[Origin 13/13] 🎲 Drawing Posterior Samples:  99%|█████████▉| 1523/1532 [01:38<00:01,  6.31step/s]
[Origin 13/13] 🎲 Drawing Posterior Samples:  99%|█████████▉| 1524/1532 [01:39<00:01,  6.11step/s]
[Origin 13/13] 🎲 Drawing Posterior Samples: 100%|█████████▉| 1525/1532 [01:39<00:01,  5.70step/s]
[Origin 13/13] 🎲 Drawing Posterior Samples: 100%|█████████▉| 1526/1532 [01:39<00:01,  5.59step/s]
[Origin 13/13] 🎲 Drawing Posterior Samples: 100%|█████████▉| 1527/1532 [01:39<00:00,  5.61step/s]
[Origin 13/13] 🎲 Drawing Posterior Samples: 100%|█████████▉| 1528/1532 [01:39<00:00,  5.46step/s]
[Origin 13/13] 🎲 Drawing Posterior Samples: 100%|█████████▉| 1529/1532 [01:40<00:00,  5.25step/s]
[Origin 13/13] 🎲 Drawing Posterior Samples: 100%|█████████▉| 1530/1532 [01:40<00:00,  5.12step/s]
[Origin 13/13] 🎲 Drawing Posterior Samples: 100%|█████████▉| 1531/1532 [01:40<00:00,  5.05step/s]
[Origin 13/13] 🎲 Drawing Posterior Samples: 100%|██████████| 1532/1532 [01:40<00:00,  5.05step/s]
                                                                                                  
wandb: WARNING Saving files without folders. If you want to preserve subdirectories pass base_path to wandb.save, i.e. wandb.save("/mnt/folder/file.h5", base_path="/mnt")
wandb: - 0.136 MB of 0.136 MB uploaded
wandb: \ 0.153 MB of 0.153 MB uploaded
wandb: | 0.153 MB of 0.153 MB uploaded
wandb:                                                                                
wandb: 
wandb: Run history:
wandb:            month-wise/by_ns_best/Brier_cls_sample █▄▅▅▆▅▃▃▄▃▅▅▅▅▅▃▃▂▅▂▄▄▄▅▆▅▁▃▃▃▁▃▃▅▄▂▃▁▂▃
wandb:       month-wise/by_ns_best/Brier_cls_sample_mean ▁
wandb:            month-wise/by_os_best/Brier_cls_sample ▃▄▃▄▄▄▃▁▄▅▇▄▄▅▇▇▅▁▂▇▆▇▆██▄▄▅▅▆▆▃▆▇▅▇▃▂▄▆
wandb:       month-wise/by_os_best/Brier_cls_sample_mean ▁
wandb:            month-wise/by_sb_best/Brier_cls_sample ▃▃▃▄▃▄▃▁▂▁▂▃▁▂▂▄▂▂▂▃▄▄▄▅▅▂▂▃▁▃▅▅▄▄█▅▄▄▄▅
wandb:       month-wise/by_sb_best/Brier_cls_sample_mean ▁
wandb:                        month-wise/lr_ns_best/CRPS ▅█▇▃▂▃▂▃▅▅▄▃▄▂▂▁▂▂▄▃▂▁▃▂▃▂▁▂▂▁▂▁▁▃▂▁▂▁▂▁
wandb:                   month-wise/lr_ns_best/CRPS_mean ▁
wandb:                  month-wise/lr_ns_best/MCR_sample ▁▁▁▂▃▃▄▂▂▁▁▃▂▃▂▅▃▄▁▂▃▅█▃▂▃▇▃▄▄▃▅▅▂▃▅▂▆▄▅
wandb:             month-wise/lr_ns_best/MCR_sample_mean ▁
wandb:                   month-wise/lr_ns_best/QS_sample ▅██▃▂▃▂▃▅▅▄▃▄▂▂▁▂▂▅▃▂▁▃▂▃▂▁▂▂▁▂▁▁▃▂▁▂▁▂▂
wandb:              month-wise/lr_ns_best/QS_sample_mean ▁
wandb:                        month-wise/lr_os_best/CRPS ▁▁▁▁▂▁▁▁▂▁▃▁▁▂▂▁▁▁▁▃▂▂▂▂▂▂▂▂▂█▅▆▅▆▂▂▂▂▂▄
wandb:                   month-wise/lr_os_best/CRPS_mean ▁
wandb:                  month-wise/lr_os_best/MCR_sample ▁▃▃▃▃▄▄▅▃▄▂▃▃▃▂▄▅▅▆▂▂▂▂▃▂▂▃▄▂▁▁█▁▁▃▂▃▂▃▁
wandb:             month-wise/lr_os_best/MCR_sample_mean ▁
wandb:                   month-wise/lr_os_best/QS_sample ▁▁▁▁▂▁▁▁▂▁▃▂▂▂▂▁▁▁▁▃▂▂▂▂▂▂▂▂▂█▅█▅▆▂▂▂▂▂▄
wandb:              month-wise/lr_os_best/QS_sample_mean ▁
wandb:                        month-wise/lr_sb_best/CRPS ▁▁▁▁▁▁▁▁▁▁▁▁▁▁▁▁▁▁▁▁▁▁▁▁▁▁▁▁▁▁▁▁▁▁▁▁▁▁▁█
wandb:                   month-wise/lr_sb_best/CRPS_mean ▁
wandb:                  month-wise/lr_sb_best/MCR_sample ▂▂▂▃▄▃▅▃▇▃▄▆▄▄▃▅▃▅▅▄▃▃▃▄▃▇▃▅▄▂▆▂▃▂▅█▃▄▂▁
wandb:             month-wise/lr_sb_best/MCR_sample_mean ▁
wandb:                   month-wise/lr_sb_best/QS_sample ▁▁▁▁▁▁▁▁▁▁▁▁▁▁▁▁▁▁▁▁▁▁▁▁▁▁▁▁▁▁▁▁▁▁▁▁▁▁▁█
wandb:              month-wise/lr_sb_best/QS_sample_mean ▁
wandb:                                  month-wise/month ▁▂▂▃▃▄▅▇▇█▁▂▃▄▅▅▆▇██▃▃▅▆▇█▁▂▂▃▆▃▄▅▆▇█▂▄▆
wandb:             step-wise/by_ns_best/Brier_cls_sample █▇▇▇█▇▇▆▆▇▆▆▆▆▆▆▆▇▇▆▆▆▆▆▅▅▅▅▄▄▂▂▂▁▁▁
wandb:        step-wise/by_ns_best/Brier_cls_sample_mean ▁
wandb:             step-wise/by_os_best/Brier_cls_sample ▁▂▂▃▃▄▄▅▄▄▅▃▄▄▄▅▆▅▆▄▄▅▆▆█▇▆▇▆▅▇▆▅▆▅▅
wandb:        step-wise/by_os_best/Brier_cls_sample_mean ▁
wandb:             step-wise/by_sb_best/Brier_cls_sample ▁▃▃▃▂▂▂▂▂▂▂▂▃▃▃▄▄▄▅▄▄▄▄▅▅▅▆▅▆▆▆▆▇▇██
wandb:        step-wise/by_sb_best/Brier_cls_sample_mean ▁
wandb:                         step-wise/lr_ns_best/CRPS ██▇▆▆▆▅▅▅▅▅▄▃▃▃▂▃▂▂▂▂▂▂▂▂▂▂▂▂▁▁▁▁▁▁▁
wandb:                    step-wise/lr_ns_best/CRPS_mean ▁
wandb:                   step-wise/lr_ns_best/MCR_sample ▁▂▂▂▂▂▂▂▂▂▂▂▂▃▃▃█▃▃▃▃▃▃▃▃▃▃▃▃▃▃▃▃▃▃▃
wandb:              step-wise/lr_ns_best/MCR_sample_mean ▁
wandb:                    step-wise/lr_ns_best/QS_sample ▇█▇▆▆▆▆▅▅▅▅▄▃▃▃▂▄▂▂▂▂▂▂▁▂▂▂▂▂▁▁▁▁▁▁▁
wandb:               step-wise/lr_ns_best/QS_sample_mean ▁
wandb:                         step-wise/lr_os_best/CRPS ▁▁▁▁▂▁▁▁▁▁▂▂▁▁▂▂▂▂▂▂▂▂▃▃▄▄▅▅▆█▅▅▅▆▅▅
wandb:                    step-wise/lr_os_best/CRPS_mean ▁
wandb:                   step-wise/lr_os_best/MCR_sample ▁▂▂▂▃▃▂▂▂▂▂▆▃▂▃▂▂▂▂▂▂▂▂▂▁▁▁▁▂█▁▁▁▂▁▁
wandb:              step-wise/lr_os_best/MCR_sample_mean ▁
wandb:                    step-wise/lr_os_best/QS_sample ▁▁▁▁▂▂▁▁▁▁▂▃▁▁▂▂▂▂▂▂▂▂▃▃▃▃▄▄▄█▄▄▄▄▄▄
wandb:               step-wise/lr_os_best/QS_sample_mean ▁
wandb:                         step-wise/lr_sb_best/CRPS ▁▁▁▁▁▁▁▁▁▁▁▁▁▁▁▁▁▁▁▁▁▁▁▁▂▁▁▁▁▂▂▂▂▂▂█
wandb:                    step-wise/lr_sb_best/CRPS_mean ▁
wandb:                   step-wise/lr_sb_best/MCR_sample ▁▃▄▄▄▅▅▄▆▄▄▄▄▅▃▃▃▃▄▆▃▃▃▆█▄▃▃▃▃▃▃▅▃▂▁
wandb:              step-wise/lr_sb_best/MCR_sample_mean ▁
wandb:                    step-wise/lr_sb_best/QS_sample ▁▁▁▁▁▁▁▁▁▁▁▁▁▁▁▁▁▁▁▂▁▁▁▂▂▁▁▁▁▂▂▂▂▂▂█
wandb:               step-wise/lr_sb_best/QS_sample_mean ▁
wandb:                                    step-wise/step ▄▅▇██▂▃▃▄▄▆▇▇▇▇▆▇██▁▃▄▅▆▇▃▄▅▆▆▁▂▃▄▄▅▆▆▇█
wandb:      time-series-wise/by_ns_best/Brier_cls_sample █▆▅▆▅▅▄▄▃▃▂▁▁
wandb: time-series-wise/by_ns_best/Brier_cls_sample_mean ▁
wandb:      time-series-wise/by_os_best/Brier_cls_sample ▁▂▂▄▃▄▄▆█▇█▆▇
wandb: time-series-wise/by_os_best/Brier_cls_sample_mean ▁
wandb:      time-series-wise/by_sb_best/Brier_cls_sample ▁▁▂▂▂▄▄▃▄▅▅▆█
wandb: time-series-wise/by_sb_best/Brier_cls_sample_mean ▁
wandb:                  time-series-wise/lr_ns_best/CRPS █▇▆▅▅▅▄▄▄▃▄▂▁
wandb:             time-series-wise/lr_ns_best/CRPS_mean ▁
wandb:            time-series-wise/lr_ns_best/MCR_sample ▁▁▂▂▂▂▂▁▂▂█▂▃
wandb:       time-series-wise/lr_ns_best/MCR_sample_mean ▁
wandb:             time-series-wise/lr_ns_best/QS_sample █▇▇▆▅▅▅▄▄▃▅▂▁
wandb:        time-series-wise/lr_ns_best/QS_sample_mean ▁
wandb:                  time-series-wise/lr_os_best/CRPS ▁▂▂▃▄▄▅▅█▅▅▅▅
wandb:             time-series-wise/lr_os_best/CRPS_mean ▁
wandb:            time-series-wise/lr_os_best/MCR_sample ▂▂▁▁▁▂▃▂█▁▁▁▁
wandb:       time-series-wise/lr_os_best/MCR_sample_mean ▁
wandb:             time-series-wise/lr_os_best/QS_sample ▁▂▂▂▃▃▄▄█▄▃▄▄
wandb:        time-series-wise/lr_os_best/QS_sample_mean ▁
wandb:                  time-series-wise/lr_sb_best/CRPS ▁▁▁▁▁▁▁▁▁▁▂▂█
wandb:             time-series-wise/lr_sb_best/CRPS_mean ▁
wandb:            time-series-wise/lr_sb_best/MCR_sample ▆▆▅█▇▆▄▅▄▆▆▅▁
wandb:       time-series-wise/lr_sb_best/MCR_sample_mean ▁
wandb:             time-series-wise/lr_sb_best/QS_sample ▁▁▁▁▁▁▁▁▁▁▂▂█
wandb:        time-series-wise/lr_sb_best/QS_sample_mean ▁
wandb:                      time-series-wise/time-series ▃▅██▂▃▄▅▆▆███▁▂▃▅▆▆▇███▁▂▃▅▆▆▇▂▃▅▆▇█▃▄▅█
wandb: 
wandb: Run summary:
wandb:            month-wise/by_ns_best/Brier_cls_sample 0.00223
wandb:       month-wise/by_ns_best/Brier_cls_sample_mean 0.00283
wandb:            month-wise/by_os_best/Brier_cls_sample 0.0045
wandb:       month-wise/by_os_best/Brier_cls_sample_mean 0.0042
wandb:            month-wise/by_sb_best/Brier_cls_sample 0.01078
wandb:       month-wise/by_sb_best/Brier_cls_sample_mean 0.00888
wandb:                        month-wise/lr_ns_best/CRPS 0.0241
wandb:                   month-wise/lr_ns_best/CRPS_mean 0.04879
wandb:                  month-wise/lr_ns_best/MCR_sample 2.30182
wandb:             month-wise/lr_ns_best/MCR_sample_mean 1.35277
wandb:                   month-wise/lr_ns_best/QS_sample 0.02702
wandb:              month-wise/lr_ns_best/QS_sample_mean 0.04854
wandb:                        month-wise/lr_os_best/CRPS 0.09104
wandb:                   month-wise/lr_os_best/CRPS_mean 0.04761
wandb:                  month-wise/lr_os_best/MCR_sample 0.62003
wandb:             month-wise/lr_os_best/MCR_sample_mean 1.98129
wandb:                   month-wise/lr_os_best/QS_sample 0.09239
wandb:              month-wise/lr_os_best/QS_sample_mean 0.05013
wandb:                        month-wise/lr_sb_best/CRPS 8.82813
wandb:                   month-wise/lr_sb_best/CRPS_mean 0.3634
wandb:                  month-wise/lr_sb_best/MCR_sample 0.04365
wandb:             month-wise/lr_sb_best/MCR_sample_mean 3.41461
wandb:                   month-wise/lr_sb_best/QS_sample 8.74139
wandb:              month-wise/lr_sb_best/QS_sample_mean 0.36888
wandb:                                  month-wise/month 504
wandb:             step-wise/by_ns_best/Brier_cls_sample 0.00226
wandb:        step-wise/by_ns_best/Brier_cls_sample_mean 0.00284
wandb:             step-wise/by_os_best/Brier_cls_sample 0.00427
wandb:        step-wise/by_os_best/Brier_cls_sample_mean 0.00427
wandb:             step-wise/by_sb_best/Brier_cls_sample 0.01042
wandb:        step-wise/by_sb_best/Brier_cls_sample_mean 0.0087
wandb:                         step-wise/lr_ns_best/CRPS 0.02974
wandb:                    step-wise/lr_ns_best/CRPS_mean 0.046
wandb:                   step-wise/lr_ns_best/MCR_sample 1.43182
wandb:              step-wise/lr_ns_best/MCR_sample_mean 1.18005
wandb:                    step-wise/lr_ns_best/QS_sample 0.03101
wandb:               step-wise/lr_ns_best/QS_sample_mean 0.0462
wandb:                         step-wise/lr_os_best/CRPS 0.07023
wandb:                    step-wise/lr_os_best/CRPS_mean 0.04943
wandb:                   step-wise/lr_os_best/MCR_sample 0.81924
wandb:              step-wise/lr_os_best/MCR_sample_mean 1.75826
wandb:                    step-wise/lr_os_best/QS_sample 0.07155
wandb:               step-wise/lr_os_best/QS_sample_mean 0.05221
wandb:                         step-wise/lr_sb_best/CRPS 0.90595
wandb:                    step-wise/lr_sb_best/CRPS_mean 0.18934
wandb:                   step-wise/lr_sb_best/MCR_sample 0.52423
wandb:              step-wise/lr_sb_best/MCR_sample_mean 3.25102
wandb:                    step-wise/lr_sb_best/QS_sample 0.90413
wandb:               step-wise/lr_sb_best/QS_sample_mean 0.19768
wandb:                                    step-wise/step 36
wandb:      time-series-wise/by_ns_best/Brier_cls_sample 0.00271
wandb: time-series-wise/by_ns_best/Brier_cls_sample_mean 0.00284
wandb:      time-series-wise/by_os_best/Brier_cls_sample 0.00432
wandb: time-series-wise/by_os_best/Brier_cls_sample_mean 0.00427
wandb:      time-series-wise/by_sb_best/Brier_cls_sample 0.00914
wandb: time-series-wise/by_sb_best/Brier_cls_sample_mean 0.0087
wandb:                  time-series-wise/lr_ns_best/CRPS 0.03672
wandb:             time-series-wise/lr_ns_best/CRPS_mean 0.046
wandb:            time-series-wise/lr_ns_best/MCR_sample 1.23671
wandb:       time-series-wise/lr_ns_best/MCR_sample_mean 1.07898
wandb:             time-series-wise/lr_ns_best/QS_sample 0.03731
wandb:        time-series-wise/lr_ns_best/QS_sample_mean 0.0462
wandb:                  time-series-wise/lr_os_best/CRPS 0.05267
wandb:             time-series-wise/lr_os_best/CRPS_mean 0.04943
wandb:            time-series-wise/lr_os_best/MCR_sample 1.11699
wandb:       time-series-wise/lr_os_best/MCR_sample_mean 1.65973
wandb:             time-series-wise/lr_os_best/QS_sample 0.05387
wandb:        time-series-wise/lr_os_best/QS_sample_mean 0.05221
wandb:                  time-series-wise/lr_sb_best/CRPS 0.44687
wandb:             time-series-wise/lr_sb_best/CRPS_mean 0.18934
wandb:            time-series-wise/lr_sb_best/MCR_sample 1.93276
wandb:       time-series-wise/lr_sb_best/MCR_sample_mean 2.97114
wandb:             time-series-wise/lr_sb_best/QS_sample 0.47491
wandb:        time-series-wise/lr_sb_best/QS_sample_mean 0.19768
wandb:                      time-series-wise/time-series 12
wandb: 
wandb: 🚀 View run eternal-brook-48 at: https://wandb.ai/views_pipeline/truncated_smoke_calibration/runs/mgxej50d
wandb: ⭐️ View project at: https://wandb.ai/views_pipeline/truncated_smoke_calibration
wandb: Synced 5 W&B file(s), 0 media file(s), 36 artifact file(s) and 36 other file(s)
wandb: Find logs at: ./wandb/run-20260816_040645-mgxej50d/logs
