origin,sample_idx,step,target_idx,n_cells,n_active,active_fraction,mean_magnitude_on_active,persistence,neighbour_pairs_per_active
335,0,1,0,32400,110,0.0033950617283950617,25.60909080505371,-1.0,0.43636363636363634
335,0,1,1,32400,65,0.002006172839506173,19.09230613708496,-1.0,0.5076923076923077
335,0,1,2,32400,45,0.001388888888888889,37.44444274902344,-1.0,0.2222222222222222
335,0,2,0,32400,98,0.0030246913580246914,33.01020431518555,0.38181818181818183,0.336734693877551
335,0,2,1,32400,48,0.0014814814814814814,27.979167938232422,0.3384615384615385,0.4166666666666667
335,0,2,2,32400,54,0.0016666666666666668,16.092592239379883,0.3111111111111111,0.2222222222222222
335,0,3,0,32400,107,0.0033024691358024692,18.355138778686523,0.42857142857142855,0.4392523364485981
335,0,3,1,32400,52,0.0016049382716049382,14.269230842590332,0.375,0.46153846153846156
335,0,3,2,32400,47,0.0014506172839506173,25.744680404663086,0.24074074074074073,0.2553191489361702
335,0,4,0,32400,132,0.004074074074074074,45.31060791015625,0.411214953271028,0.5833333333333334
335,0,4,1,32400,49,0.0015123456790123457,46.63264846801758,0.4230769230769231,0.5102040816326531
335,0,4,2,32400,54,0.0016666666666666668,25.425926208496094,0.3191489361702128,0.2777777777777778
335,0,5,0,32400,99,0.0030555555555555557,16.434343338012695,0.3939393939393939,0.5151515151515151
335,0,5,1,32400,53,0.0016358024691358025,17.471698760986328,0.5306122448979592,0.37735849056603776
335,0,5,2,32400,55,0.0016975308641975309,19.12727165222168,0.3333333333333333,0.21818181818181817
335,0,6,0,32400,118,0.0036419753086419752,20.127119064331055,0.40404040404040403,0.576271186440678
335,0,6,1,32400,51,0.001574074074074074,21.13725471496582,0.5094339622641509,0.43137254901960786
335,0,6,2,32400,61,0.001882716049382716,27.147539138793945,0.2545454545454545,0.26229508196721313
335,0,7,0,32400,109,0.0033641975308641974,34.57798385620117,0.4152542372881356,0.47706422018348627
335,0,7,1,32400,44,0.0013580246913580246,18.795455932617188,0.29411764705882354,0.3181818181818182
335,0,7,2,32400,51,0.001574074074074074,34.490203857421875,0.19672131147540983,0.11764705882352941
335,0,8,0,32400,91,0.002808641975308642,27.626375198364258,0.3211009174311927,0.3956043956043956
335,0,8,1,32400,33,0.0010185185185185184,34.84848403930664,0.22727272727272727,0.30303030303030304
335,0,8,2,32400,48,0.0014814814814814814,38.5,0.23529411764705882,0.2708333333333333
335,0,9,0,32400,100,0.0030864197530864196,95.42998504638672,0.46153846153846156,0.42
335,0,9,1,32400,35,0.0010802469135802468,96.85713958740234,0.36363636363636365,0.4
335,0,9,2,32400,44,0.0013580246913580246,78.86363220214844,0.25,0.1590909090909091
335,0,10,0,32400,89,0.0027469135802469136,25.47191047668457,0.37,0.43820224719101125
335,0,10,1,32400,42,0.0012962962962962963,23.619047164916992,0.4,0.2619047619047619
335,0,10,2,32400,56,0.0017283950617283952,18.73214340209961,0.3409090909090909,0.23214285714285715
335,0,11,0,32400,97,0.002993827160493827,21.484535217285156,0.42696629213483145,0.44329896907216493
335,0,11,1,32400,35,0.0010802469135802468,19.628572463989258,0.38095238095238093,0.2571428571428571
335,0,11,2,32400,63,0.0019444444444444444,16.15873146057129,0.25,0.25396825396825395
335,0,12,0,32400,92,0.002839506172839506,31.032609939575195,0.35051546391752575,0.32608695652173914
335,0,12,1,32400,41,0.0012654320987654322,22.58536720275879,0.42857142857142855,0.34146341463414637
335,0,12,2,32400,62,0.0019135802469135803,23.338708877563477,0.25396825396825395,0.3064516129032258
335,0,13,0,32400,101,0.003117283950617284,24.198020935058594,0.32608695652173914,0.46534653465346537
335,0,13,1,32400,47,0.0014506172839506173,19.765958786010742,0.43902439024390244,0.44680851063829785
335,0,13,2,32400,69,0.0021296296296296298,23.681163787841797,0.27419354838709675,0.2898550724637681
335,0,14,0,32400,108,0.0033333333333333335,27.50926399230957,0.42574257425742573,0.4074074074074074
335,0,14,1,32400,46,0.001419753086419753,28.630435943603516,0.3617021276595745,0.2826086956521739
335,0,14,2,32400,56,0.0017283950617283952,34.53571701049805,0.2608695652173913,0.375
335,0,15,0,32400,94,0.0029012345679012346,25.436168670654297,0.37037037037037035,0.3617021276595745
335,0,15,1,32400,48,0.0014814814814814814,23.520832061767578,0.2391304347826087,0.3541666666666667
335,0,15,2,32400,55,0.0016975308641975309,17.781818389892578,0.30357142857142855,0.21818181818181817
335,0,16,0,32400,104,0.0032098765432098763,29.490385055541992,0.4574468085106383,0.4230769230769231
335,0,16,1,32400,48,0.0014814814814814814,23.52083396911621,0.4583333333333333,0.4791666666666667
335,0,16,2,32400,62,0.0019135802469135803,21.61290168762207,0.32727272727272727,0.24193548387096775
335,0,17,0,32400,114,0.0035185185185185185,16.552631378173828,0.4423076923076923,0.4473684210526316
335,0,17,1,32400,50,0.0015432098765432098,14.639999389648438,0.3125,0.24
335,0,17,2,32400,67,0.002067901234567901,13.835820198059082,0.3709677419354839,0.31343283582089554
335,0,18,0,32400,119,0.0036728395061728395,26.000001907348633,0.4298245614035088,0.5546218487394958
335,0,18,1,32400,39,0.0012037037037037038,28.33333396911621,0.26,0.28205128205128205
335,0,18,2,32400,58,0.0017901234567901235,25.775861740112305,0.22388059701492538,0.3103448275862069
335,0,19,0,32400,122,0.003765432098765432,21.368850708007812,0.47058823529411764,0.5491803278688525
335,0,19,1,32400,35,0.0010802469135802468,17.999998092651367,0.3333333333333333,0.37142857142857144
335,0,19,2,32400,70,0.0021604938271604936,26.371429443359375,0.3448275862068966,0.32857142857142857
335,0,20,0,32400,102,0.003148148148148148,43.176475524902344,0.3770491803278688,0.47058823529411764
335,0,20,1,32400,36,0.0011111111111111111,35.33333206176758,0.2857142857142857,0.4166666666666667
335,0,20,2,32400,60,0.001851851851851852,37.1833381652832,0.21428571428571427,0.36666666666666664
335,0,21,0,32400,114,0.0035185185185185185,24.657894134521484,0.5,0.5
335,0,21,1,32400,30,0.000925925925925926,54.59999465942383,0.3611111111111111,0.3333333333333333
335,0,21,2,32400,42,0.0012962962962962963,26.69047737121582,0.26666666666666666,0.30952380952380953
335,0,22,0,32400,103,0.0031790123456790125,15.378641128540039,0.41228070175438597,0.36893203883495146
335,0,22,1,32400,47,0.0014506172839506173,30.106382369995117,0.4,0.48936170212765956
335,0,22,2,32400,45,0.001388888888888889,22.822223663330078,0.23809523809523808,0.2222222222222222
335,0,23,0,32400,99,0.0030555555555555557,20.676767349243164,0.36893203883495146,0.31313131313131315
335,0,23,1,32400,34,0.0010493827160493827,30.941177368164062,0.3617021276595745,0.4411764705882353
335,0,23,2,32400,65,0.002006172839506173,26.738462448120117,0.28888888888888886,0.38461538461538464
335,0,24,0,32400,107,0.0033024691358024692,32.3831787109375,0.42424242424242425,0.4672897196261682
335,0,24,1,32400,39,0.0012037037037037038,28.33333396911621,0.4117647058823529,0.3333333333333333
335,0,24,2,32400,39,0.0012037037037037038,17.0,0.16923076923076924,0.3333333333333333
335,0,25,0,32400,119,0.0036728395061728395,31.97479248046875,0.3925233644859813,0.3025210084033613
335,0,25,1,32400,40,0.0012345679012345679,18.450000762939453,0.3076923076923077,0.325
335,0,25,2,32400,64,0.0019753086419753087,32.59375,0.4358974358974359,0.296875
335,0,26,0,32400,126,0.0038888888888888888,30.230159759521484,0.42016806722689076,0.47619047619047616
335,0,26,1,32400,41,0.0012654320987654322,24.731706619262695,0.375,0.36585365853658536
335,0,26,2,32400,73,0.0022530864197530865,32.80821990966797,0.359375,0.3972602739726027
335,0,27,0,32400,121,0.0037345679012345677,28.495866775512695,0.4523809523809524,0.39669421487603307
335,0,27,1,32400,42,0.0012962962962962963,25.119047164916992,0.36585365853658536,0.40476190476190477
335,0,27,2,32400,66,0.002037037037037037,27.30303192138672,0.2876712328767123,0.42424242424242425
335,0,28,0,32400,137,0.004228395061728395,25.47445297241211,0.4297520661157025,0.4233576642335766
335,0,28,1,32400,49,0.0015123456790123457,14.73469352722168,0.42857142857142855,0.3469387755102041
335,0,28,2,32400,72,0.0022222222222222222,18.13888931274414,0.2727272727272727,0.2916666666666667
335,0,29,0,32400,147,0.004537037037037037,30.80952262878418,0.49635036496350365,0.4489795918367347
335,0,29,1,32400,50,0.0015432098765432098,20.020000457763672,0.2857142857142857,0.32
335,0,29,2,32400,80,0.0024691358024691358,35.60000228881836,0.4027777777777778,0.375
335,0,30,0,32400,131,0.00404320987654321,24.167938232421875,0.4217687074829932,0.4351145038167939
335,0,30,1,32400,60,0.001851851851851852,26.55000114440918,0.36,0.38333333333333336
335,0,30,2,32400,63,0.0019444444444444444,26.238096237182617,0.35,0.3968253968253968
335,0,31,0,32400,110,0.0033950617283950617,24.42727279663086,0.3893129770992366,0.36363636363636365
335,0,31,1,32400,45,0.001388888888888889,26.111112594604492,0.3333333333333333,0.4222222222222222
335,0,31,2,32400,60,0.001851851851851852,22.51666831970215,0.38095238095238093,0.31666666666666665
335,0,32,0,32400,115,0.0035493827160493828,30.521738052368164,0.4636363636363636,0.5391304347826087
335,0,32,1,32400,22,0.0006790123456790123,24.999998092651367,0.17777777777777778,0.09090909090909091
335,0,32,2,32400,59,0.0018209876543209876,35.23728942871094,0.35,0.4067796610169492
335,0,33,0,32400,130,0.004012345679012346,21.63846206665039,0.48695652173913045,0.5307692307692308
335,0,33,1,32400,31,0.0009567901234567902,12.354838371276855,0.36363636363636365,0.22580645161290322
335,0,33,2,32400,62,0.0019135802469135803,20.548385620117188,0.3559322033898305,0.532258064516129
335,0,34,0,32400,106,0.003271604938271605,25.858491897583008,0.45384615384615384,0.5377358490566038
335,0,34,1,32400,35,0.0010802469135802468,18.65714454650879,0.3225806451612903,0.14285714285714285
335,0,34,2,32400,66,0.002037037037037037,21.181819915771484,0.41935483870967744,0.5151515151515151
335,0,35,0,32400,129,0.003981481481481482,23.744186401367188,0.4811320754716981,0.5271317829457365
335,0,35,1,32400,32,0.0009876543209876543,21.6875,0.2857142857142857,0.28125
335,0,35,2,32400,68,0.0020987654320987655,31.382352828979492,0.30303030303030304,0.4117647058823529
335,1,1,0,32400,110,0.0033950617283950617,33.236358642578125,-1.0,0.43636363636363634
335,1,1,1,32400,65,0.002006172839506173,32.16923141479492,-1.0,0.5076923076923077
335,1,1,2,32400,45,0.001388888888888889,24.488889694213867,-1.0,0.2222222222222222
335,1,2,0,32400,98,0.0030246913580246914,32.306121826171875,0.38181818181818183,0.336734693877551
335,1,2,1,32400,48,0.0014814814814814814,39.8125,0.3384615384615385,0.4166666666666667
335,1,2,2,32400,54,0.0016666666666666668,54.296295166015625,0.3111111111111111,0.2222222222222222
335,1,3,0,32400,107,0.0033024691358024692,17.429906845092773,0.42857142857142855,0.4392523364485981
335,1,3,1,32400,52,0.0016049382716049382,21.25,0.375,0.46153846153846156
335,1,3,2,32400,47,0.0014506172839506173,25.4255313873291,0.24074074074074073,0.2553191489361702
335,1,4,0,32400,132,0.004074074074074074,17.50757598876953,0.411214953271028,0.5833333333333334
335,1,4,1,32400,49,0.0015123456790123457,17.306121826171875,0.4230769230769231,0.5102040816326531
335,1,4,2,32400,54,0.0016666666666666668,16.33333396911621,0.3191489361702128,0.2777777777777778
335,1,5,0,32400,99,0.0030555555555555557,26.83838653564453,0.3939393939393939,0.5151515151515151
335,1,5,1,32400,53,0.0016358024691358025,35.660377502441406,0.5306122448979592,0.37735849056603776
335,1,5,2,32400,55,0.0016975308641975309,22.545454025268555,0.3333333333333333,0.21818181818181817
335,1,6,0,32400,118,0.0036419753086419752,39.62711715698242,0.40404040404040403,0.576271186440678
335,1,6,1,32400,51,0.001574074074074074,29.5294132232666,0.5094339622641509,0.43137254901960786
335,1,6,2,32400,61,0.001882716049382716,29.999998092651367,0.2545454545454545,0.26229508196721313
335,1,7,0,32400,109,0.0033641975308641974,19.770641326904297,0.4152542372881356,0.47706422018348627
335,1,7,1,32400,44,0.0013580246913580246,14.227272987365723,0.29411764705882354,0.3181818181818182
335,1,7,2,32400,51,0.001574074074074074,18.764705657958984,0.19672131147540983,0.11764705882352941
335,1,8,0,32400,91,0.002808641975308642,23.010990142822266,0.3211009174311927,0.3956043956043956
335,1,8,1,32400,33,0.0010185185185185184,16.878787994384766,0.22727272727272727,0.30303030303030304
335,1,8,2,32400,48,0.0014814814814814814,18.104167938232422,0.23529411764705882,0.2708333333333333
335,1,9,0,32400,100,0.0030864197530864196,30.69999885559082,0.46153846153846156,0.42
335,1,9,1,32400,35,0.0010802469135802468,37.4571418762207,0.36363636363636365,0.4
335,1,9,2,32400,44,0.0013580246913580246,35.681819915771484,0.25,0.1590909090909091
335,1,10,0,32400,89,0.0027469135802469136,27.539325714111328,0.37,0.43820224719101125
335,1,10,1,32400,42,0.0012962962962962963,33.761905670166016,0.4,0.2619047619047619
335,1,10,2,32400,56,0.0017283950617283952,33.375,0.3409090909090909,0.23214285714285715
335,1,11,0,32400,97,0.002993827160493827,26.412370681762695,0.42696629213483145,0.44329896907216493
335,1,11,1,32400,35,0.0010802469135802468,35.02857208251953,0.38095238095238093,0.2571428571428571
335,1,11,2,32400,63,0.0019444444444444444,14.158730506896973,0.25,0.25396825396825395
335,1,12,0,32400,92,0.002839506172839506,42.184783935546875,0.35051546391752575,0.32608695652173914
335,1,12,1,32400,41,0.0012654320987654322,35.04877853393555,0.42857142857142855,0.34146341463414637
335,1,12,2,32400,62,0.0019135802469135803,43.193546295166016,0.25396825396825395,0.3064516129032258
335,1,13,0,32400,101,0.003117283950617284,35.633663177490234,0.32608695652173914,0.46534653465346537
335,1,13,1,32400,47,0.0014506172839506173,44.808509826660156,0.43902439024390244,0.44680851063829785
335,1,13,2,32400,69,0.0021296296296296298,39.60869598388672,0.27419354838709675,0.2898550724637681
335,1,14,0,32400,108,0.0033333333333333335,23.953704833984375,0.42574257425742573,0.4074074074074074
335,1,14,1,32400,46,0.001419753086419753,42.80435562133789,0.3617021276595745,0.2826086956521739
335,1,14,2,32400,56,0.0017283950617283952,26.660717010498047,0.2608695652173913,0.375
335,1,15,0,32400,94,0.0029012345679012346,18.659574508666992,0.37037037037037035,0.3617021276595745
335,1,15,1,32400,48,0.0014814814814814814,17.625,0.2391304347826087,0.3541666666666667
335,1,15,2,32400,55,0.0016975308641975309,17.454544067382812,0.30357142857142855,0.21818181818181817
335,1,16,0,32400,104,0.0032098765432098763,29.173078536987305,0.4574468085106383,0.4230769230769231
335,1,16,1,32400,48,0.0014814814814814814,25.39583396911621,0.4583333333333333,0.4791666666666667
335,1,16,2,32400,62,0.0019135802469135803,34.193546295166016,0.32727272727272727,0.24193548387096775
335,1,17,0,32400,114,0.0035185185185185185,32.28070068359375,0.4423076923076923,0.4473684210526316
335,1,17,1,32400,50,0.0015432098765432098,37.159996032714844,0.3125,0.24
335,1,17,2,32400,67,0.002067901234567901,26.134326934814453,0.3709677419354839,0.31343283582089554
335,1,18,0,32400,119,0.0036728395061728395,26.58823585510254,0.4298245614035088,0.5546218487394958
335,1,18,1,32400,39,0.0012037037037037038,34.153846740722656,0.26,0.28205128205128205
335,1,18,2,32400,58,0.0017901234567901235,13.948275566101074,0.22388059701492538,0.3103448275862069
335,1,19,0,32400,122,0.003765432098765432,14.811474800109863,0.47058823529411764,0.5491803278688525
335,1,19,1,32400,35,0.0010802469135802468,6.971428394317627,0.3333333333333333,0.37142857142857144
335,1,19,2,32400,70,0.0021604938271604936,22.742856979370117,0.3448275862068966,0.32857142857142857
335,1,20,0,32400,102,0.003148148148148148,42.53921890258789,0.3770491803278688,0.47058823529411764
335,1,20,1,32400,36,0.0011111111111111111,45.027774810791016,0.2857142857142857,0.4166666666666667
335,1,20,2,32400,60,0.001851851851851852,26.916667938232422,0.21428571428571427,0.36666666666666664
335,1,21,0,32400,114,0.0035185185185185185,17.01754379272461,0.5,0.5
335,1,21,1,32400,30,0.000925925925925926,13.80000114440918,0.3611111111111111,0.3333333333333333
335,1,21,2,32400,42,0.0012962962962962963,14.880952835083008,0.26666666666666666,0.30952380952380953
335,1,22,0,32400,103,0.0031790123456790125,30.718448638916016,0.41228070175438597,0.36893203883495146
335,1,22,1,32400,47,0.0014506172839506173,6.48936128616333,0.4,0.48936170212765956
335,1,22,2,32400,45,0.001388888888888889,15.533333778381348,0.23809523809523808,0.2222222222222222
335,1,23,0,32400,99,0.0030555555555555557,18.24242401123047,0.36893203883495146,0.31313131313131315
335,1,23,1,32400,34,0.0010493827160493827,27.55882453918457,0.3617021276595745,0.4411764705882353
335,1,23,2,32400,65,0.002006172839506173,19.461538314819336,0.28888888888888886,0.38461538461538464
335,1,24,0,32400,107,0.0033024691358024692,24.775699615478516,0.42424242424242425,0.4672897196261682
335,1,24,1,32400,39,0.0012037037037037038,34.487178802490234,0.4117647058823529,0.3333333333333333
335,1,24,2,32400,39,0.0012037037037037038,30.35897445678711,0.16923076923076924,0.3333333333333333
335,1,25,0,32400,119,0.0036728395061728395,31.336139678955078,0.3925233644859813,0.3025210084033613
335,1,25,1,32400,40,0.0012345679012345679,21.42500114440918,0.3076923076923077,0.325
335,1,25,2,32400,64,0.0019753086419753087,29.062501907348633,0.4358974358974359,0.296875
335,1,26,0,32400,126,0.0038888888888888888,13.857145309448242,0.42016806722689076,0.47619047619047616
335,1,26,1,32400,41,0.0012654320987654322,13.560975074768066,0.375,0.36585365853658536
335,1,26,2,32400,73,0.0022530864197530865,16.698631286621094,0.359375,0.3972602739726027
335,1,27,0,32400,121,0.0037345679012345677,41.84297180175781,0.4523809523809524,0.39669421487603307
335,1,27,1,32400,42,0.0012962962962962963,20.619049072265625,0.36585365853658536,0.40476190476190477
335,1,27,2,32400,66,0.002037037037037037,35.48484802246094,0.2876712328767123,0.42424242424242425
335,1,28,0,32400,137,0.004228395061728395,29.583940505981445,0.4297520661157025,0.4233576642335766
335,1,28,1,32400,49,0.0015123456790123457,25.959182739257812,0.42857142857142855,0.3469387755102041
335,1,28,2,32400,72,0.0022222222222222222,23.61111068725586,0.2727272727272727,0.2916666666666667
335,1,29,0,32400,147,0.004537037037037037,34.40816116333008,0.49635036496350365,0.4489795918367347
335,1,29,1,32400,50,0.0015432098765432098,33.13999938964844,0.2857142857142857,0.32
335,1,29,2,32400,80,0.0024691358024691358,40.9375,0.4027777777777778,0.375
335,1,30,0,32400,131,0.00404320987654321,42.99237060546875,0.4217687074829932,0.4351145038167939
335,1,30,1,32400,60,0.001851851851851852,35.850006103515625,0.36,0.38333333333333336
335,1,30,2,32400,63,0.0019444444444444444,32.73016357421875,0.35,0.3968253968253968
335,1,31,0,32400,110,0.0033950617283950617,36.081817626953125,0.3893129770992366,0.36363636363636365
335,1,31,1,32400,45,0.001388888888888889,49.86667251586914,0.3333333333333333,0.4222222222222222
335,1,31,2,32400,60,0.001851851851851852,34.68333435058594,0.38095238095238093,0.31666666666666665
335,1,32,0,32400,115,0.0035493827160493828,34.147823333740234,0.4636363636363636,0.5391304347826087
335,1,32,1,32400,22,0.0006790123456790123,24.454545974731445,0.17777777777777778,0.09090909090909091
335,1,32,2,32400,59,0.0018209876543209876,33.033897399902344,0.35,0.4067796610169492
335,1,33,0,32400,130,0.004012345679012346,36.72307586669922,0.48695652173913045,0.5307692307692308
335,1,33,1,32400,31,0.0009567901234567902,30.645164489746094,0.36363636363636365,0.22580645161290322
335,1,33,2,32400,62,0.0019135802469135803,43.75806427001953,0.3559322033898305,0.532258064516129
335,1,34,0,32400,106,0.003271604938271605,13.301886558532715,0.45384615384615384,0.5377358490566038
335,1,34,1,32400,35,0.0010802469135802468,16.742856979370117,0.3225806451612903,0.14285714285714285
335,1,34,2,32400,66,0.002037037037037037,16.0,0.41935483870967744,0.5151515151515151
335,1,35,0,32400,129,0.003981481481481482,17.457365036010742,0.4811320754716981,0.5271317829457365
335,1,35,1,32400,32,0.0009876543209876543,23.0625,0.2857142857142857,0.28125
335,1,35,2,32400,68,0.0020987654320987655,14.867647171020508,0.30303030303030304,0.4117647058823529
335,2,1,0,32400,110,0.0033950617283950617,21.145456314086914,-1.0,0.43636363636363634
335,2,1,1,32400,65,0.002006172839506173,33.061546325683594,-1.0,0.5076923076923077
335,2,1,2,32400,45,0.001388888888888889,43.22222900390625,-1.0,0.2222222222222222
335,2,2,0,32400,98,0.0030246913580246914,50.1530647277832,0.38181818181818183,0.336734693877551
335,2,2,1,32400,48,0.0014814814814814814,39.66667556762695,0.3384615384615385,0.4166666666666667
335,2,2,2,32400,54,0.0016666666666666668,19.66666603088379,0.3111111111111111,0.2222222222222222
335,2,3,0,32400,107,0.0033024691358024692,41.56074905395508,0.42857142857142855,0.4392523364485981
335,2,3,1,32400,52,0.0016049382716049382,45.134620666503906,0.375,0.46153846153846156
335,2,3,2,32400,47,0.0014506172839506173,40.97872543334961,0.24074074074074073,0.2553191489361702
335,2,4,0,32400,132,0.004074074074074074,20.98484992980957,0.411214953271028,0.5833333333333334
335,2,4,1,32400,49,0.0015123456790123457,16.06122398376465,0.4230769230769231,0.5102040816326531
335,2,4,2,32400,54,0.0016666666666666668,19.629629135131836,0.3191489361702128,0.2777777777777778
335,2,5,0,32400,99,0.0030555555555555557,29.414140701293945,0.3939393939393939,0.5151515151515151
335,2,5,1,32400,53,0.0016358024691358025,25.528303146362305,0.5306122448979592,0.37735849056603776
335,2,5,2,32400,55,0.0016975308641975309,32.01818084716797,0.3333333333333333,0.21818181818181817
335,2,6,0,32400,118,0.0036419753086419752,51.6016960144043,0.40404040404040403,0.576271186440678
335,2,6,1,32400,51,0.001574074074074074,95.74510192871094,0.5094339622641509,0.43137254901960786
335,2,6,2,32400,61,0.001882716049382716,81.86885070800781,0.2545454545454545,0.26229508196721313
335,2,7,0,32400,109,0.0033641975308641974,25.211009979248047,0.4152542372881356,0.47706422018348627
335,2,7,1,32400,44,0.0013580246913580246,18.000003814697266,0.29411764705882354,0.3181818181818182
335,2,7,2,32400,51,0.001574074074074074,33.725494384765625,0.19672131147540983,0.11764705882352941
335,2,8,0,32400,91,0.002808641975308642,26.252748489379883,0.3211009174311927,0.3956043956043956
335,2,8,1,32400,33,0.0010185185185185184,25.181819915771484,0.22727272727272727,0.30303030303030304
335,2,8,2,32400,48,0.0014814814814814814,37.500003814697266,0.23529411764705882,0.2708333333333333
335,2,9,0,32400,100,0.0030864197530864196,20.619998931884766,0.46153846153846156,0.42
335,2,9,1,32400,35,0.0010802469135802468,30.71428680419922,0.36363636363636365,0.4
335,2,9,2,32400,44,0.0013580246913580246,22.363637924194336,0.25,0.1590909090909091
335,2,10,0,32400,89,0.0027469135802469136,25.674158096313477,0.37,0.43820224719101125
335,2,10,1,32400,42,0.0012962962962962963,17.547618865966797,0.4,0.2619047619047619
335,2,10,2,32400,56,0.0017283950617283952,21.71428680419922,0.3409090909090909,0.23214285714285715
335,2,11,0,32400,97,0.002993827160493827,24.4329891204834,0.42696629213483145,0.44329896907216493
335,2,11,1,32400,35,0.0010802469135802468,38.34286117553711,0.38095238095238093,0.2571428571428571
335,2,11,2,32400,63,0.0019444444444444444,24.190479278564453,0.25,0.25396825396825395
335,2,12,0,32400,92,0.002839506172839506,11.836956977844238,0.35051546391752575,0.32608695652173914
335,2,12,1,32400,41,0.0012654320987654322,21.390243530273438,0.42857142857142855,0.34146341463414637
335,2,12,2,32400,62,0.0019135802469135803,14.838708877563477,0.25396825396825395,0.3064516129032258
335,2,13,0,32400,101,0.003117283950617284,45.58415603637695,0.32608695652173914,0.46534653465346537
335,2,13,1,32400,47,0.0014506172839506173,55.89361572265625,0.43902439024390244,0.44680851063829785
335,2,13,2,32400,69,0.0021296296296296298,34.159420013427734,0.27419354838709675,0.2898550724637681
335,2,14,0,32400,108,0.0033333333333333335,24.38888931274414,0.42574257425742573,0.4074074074074074
335,2,14,1,32400,46,0.001419753086419753,24.500003814697266,0.3617021276595745,0.2826086956521739
335,2,14,2,32400,56,0.0017283950617283952,9.714285850524902,0.2608695652173913,0.375
335,2,15,0,32400,94,0.0029012345679012346,30.436174392700195,0.37037037037037035,0.3617021276595745
335,2,15,1,32400,48,0.0014814814814814814,23.020835876464844,0.2391304347826087,0.3541666666666667
335,2,15,2,32400,55,0.0016975308641975309,37.81818389892578,0.30357142857142855,0.21818181818181817
335,2,16,0,32400,104,0.0032098765432098763,32.221153259277344,0.4574468085106383,0.4230769230769231
335,2,16,1,32400,48,0.0014814814814814814,24.33333396911621,0.4583333333333333,0.4791666666666667
335,2,16,2,32400,62,0.0019135802469135803,39.58064270019531,0.32727272727272727,0.24193548387096775
335,2,17,0,32400,114,0.0035185185185185185,33.614036560058594,0.4423076923076923,0.4473684210526316
335,2,17,1,32400,50,0.0015432098765432098,44.36000061035156,0.3125,0.24
335,2,17,2,32400,67,0.002067901234567901,26.149253845214844,0.3709677419354839,0.31343283582089554
335,2,18,0,32400,119,0.0036728395061728395,14.252100944519043,0.4298245614035088,0.5546218487394958
335,2,18,1,32400,39,0.0012037037037037038,15.410256385803223,0.26,0.28205128205128205
335,2,18,2,32400,58,0.0017901234567901235,13.379310607910156,0.22388059701492538,0.3103448275862069
335,2,19,0,32400,122,0.003765432098765432,28.836063385009766,0.47058823529411764,0.5491803278688525
335,2,19,1,32400,35,0.0010802469135802468,26.571426391601562,0.3333333333333333,0.37142857142857144
335,2,19,2,32400,70,0.0021604938271604936,32.67142868041992,0.3448275862068966,0.32857142857142857
335,2,20,0,32400,102,0.003148148148148148,41.656864166259766,0.3770491803278688,0.47058823529411764
335,2,20,1,32400,36,0.0011111111111111111,55.72221755981445,0.2857142857142857,0.4166666666666667
335,2,20,2,32400,60,0.001851851851851852,30.683332443237305,0.21428571428571427,0.36666666666666664
335,2,21,0,32400,114,0.0035185185185185185,18.61403465270996,0.5,0.5
335,2,21,1,32400,30,0.000925925925925926,18.96666717529297,0.3611111111111111,0.3333333333333333
335,2,21,2,32400,42,0.0012962962962962963,27.380952835083008,0.26666666666666666,0.30952380952380953
335,2,22,0,32400,103,0.0031790123456790125,36.05825424194336,0.41228070175438597,0.36893203883495146
335,2,22,1,32400,47,0.0014506172839506173,13.042552947998047,0.4,0.48936170212765956
335,2,22,2,32400,45,0.001388888888888889,17.644445419311523,0.23809523809523808,0.2222222222222222
335,2,23,0,32400,99,0.0030555555555555557,34.90909194946289,0.36893203883495146,0.31313131313131315
335,2,23,1,32400,34,0.0010493827160493827,19.647058486938477,0.3617021276595745,0.4411764705882353
335,2,23,2,32400,65,0.002006172839506173,14.44615364074707,0.28888888888888886,0.38461538461538464
335,2,24,0,32400,107,0.0033024691358024692,13.635513305664062,0.42424242424242425,0.4672897196261682
335,2,24,1,32400,39,0.0012037037037037038,25.487180709838867,0.4117647058823529,0.3333333333333333
335,2,24,2,32400,39,0.0012037037037037038,30.871795654296875,0.16923076923076924,0.3333333333333333
335,2,25,0,32400,119,0.0036728395061728395,27.8403377532959,0.3925233644859813,0.3025210084033613
335,2,25,1,32400,40,0.0012345679012345679,17.350000381469727,0.3076923076923077,0.325
335,2,25,2,32400,64,0.0019753086419753087,20.75,0.4358974358974359,0.296875
335,2,26,0,32400,126,0.0038888888888888888,33.46825408935547,0.42016806722689076,0.47619047619047616
335,2,26,1,32400,41,0.0012654320987654322,18.56097412109375,0.375,0.36585365853658536
335,2,26,2,32400,73,0.0022530864197530865,29.068492889404297,0.359375,0.3972602739726027
335,2,27,0,32400,121,0.0037345679012345677,45.7520637512207,0.4523809523809524,0.39669421487603307
335,2,27,1,32400,42,0.0012962962962962963,34.45238494873047,0.36585365853658536,0.40476190476190477
335,2,27,2,32400,66,0.002037037037037037,33.772727966308594,0.2876712328767123,0.42424242424242425
335,2,28,0,32400,137,0.004228395061728395,16.934307098388672,0.4297520661157025,0.4233576642335766
335,2,28,1,32400,49,0.0015123456790123457,15.408163070678711,0.42857142857142855,0.3469387755102041
335,2,28,2,32400,72,0.0022222222222222222,19.08333396911621,0.2727272727272727,0.2916666666666667
335,2,29,0,32400,147,0.004537037037037037,17.163265228271484,0.49635036496350365,0.4489795918367347
335,2,29,1,32400,50,0.0015432098765432098,21.020000457763672,0.2857142857142857,0.32
335,2,29,2,32400,80,0.0024691358024691358,18.0625,0.4027777777777778,0.375
335,2,30,0,32400,131,0.00404320987654321,12.83969497680664,0.4217687074829932,0.4351145038167939
335,2,30,1,32400,60,0.001851851851851852,12.983333587646484,0.36,0.38333333333333336
335,2,30,2,32400,63,0.0019444444444444444,14.936509132385254,0.35,0.3968253968253968
335,2,31,0,32400,110,0.0033950617283950617,24.254545211791992,0.3893129770992366,0.36363636363636365
335,2,31,1,32400,45,0.001388888888888889,18.822221755981445,0.3333333333333333,0.4222222222222222
335,2,31,2,32400,60,0.001851851851851852,19.033334732055664,0.38095238095238093,0.31666666666666665
335,2,32,0,32400,115,0.0035493827160493828,16.956520080566406,0.4636363636363636,0.5391304347826087
335,2,32,1,32400,22,0.0006790123456790123,19.772729873657227,0.17777777777777778,0.09090909090909091
335,2,32,2,32400,59,0.0018209876543209876,16.152542114257812,0.35,0.4067796610169492
335,2,33,0,32400,130,0.004012345679012346,14.623077392578125,0.48695652173913045,0.5307692307692308
335,2,33,1,32400,31,0.0009567901234567902,13.838708877563477,0.36363636363636365,0.22580645161290322
335,2,33,2,32400,62,0.0019135802469135803,14.516128540039062,0.3559322033898305,0.532258064516129
335,2,34,0,32400,106,0.003271604938271605,17.61320686340332,0.45384615384615384,0.5377358490566038
335,2,34,1,32400,35,0.0010802469135802468,10.885714530944824,0.3225806451612903,0.14285714285714285
335,2,34,2,32400,66,0.002037037037037037,23.30303192138672,0.41935483870967744,0.5151515151515151
335,2,35,0,32400,129,0.003981481481481482,29.620155334472656,0.4811320754716981,0.5271317829457365
335,2,35,1,32400,32,0.0009876543209876543,33.15625,0.2857142857142857,0.28125
335,2,35,2,32400,68,0.0020987654320987655,32.911766052246094,0.30303030303030304,0.4117647058823529
335,3,1,0,32400,110,0.0033950617283950617,37.62726974487305,-1.0,0.43636363636363634
335,3,1,1,32400,65,0.002006172839506173,21.03076934814453,-1.0,0.5076923076923077
335,3,1,2,32400,45,0.001388888888888889,18.088890075683594,-1.0,0.2222222222222222
335,3,2,0,32400,98,0.0030246913580246914,19.61224365234375,0.38181818181818183,0.336734693877551
335,3,2,1,32400,48,0.0014814814814814814,20.604167938232422,0.3384615384615385,0.4166666666666667
335,3,2,2,32400,54,0.0016666666666666668,23.55555534362793,0.3111111111111111,0.2222222222222222
335,3,3,0,32400,107,0.0033024691358024692,44.878501892089844,0.42857142857142855,0.4392523364485981
335,3,3,1,32400,52,0.0016049382716049382,50.980770111083984,0.375,0.46153846153846156
335,3,3,2,32400,47,0.0014506172839506173,32.042545318603516,0.24074074074074073,0.2553191489361702
335,3,4,0,32400,132,0.004074074074074074,31.272727966308594,0.411214953271028,0.5833333333333334
335,3,4,1,32400,49,0.0015123456790123457,29.93877410888672,0.4230769230769231,0.5102040816326531
335,3,4,2,32400,54,0.0016666666666666668,21.740741729736328,0.3191489361702128,0.2777777777777778
335,3,5,0,32400,99,0.0030555555555555557,32.121212005615234,0.3939393939393939,0.5151515151515151
335,3,5,1,32400,53,0.0016358024691358025,28.962265014648438,0.5306122448979592,0.37735849056603776
335,3,5,2,32400,55,0.0016975308641975309,28.83636474609375,0.3333333333333333,0.21818181818181817
335,3,6,0,32400,118,0.0036419753086419752,26.940677642822266,0.40404040404040403,0.576271186440678
335,3,6,1,32400,51,0.001574074074074074,47.94117736816406,0.5094339622641509,0.43137254901960786
335,3,6,2,32400,61,0.001882716049382716,13.63934326171875,0.2545454545454545,0.26229508196721313
335,3,7,0,32400,109,0.0033641975308641974,41.85321044921875,0.4152542372881356,0.47706422018348627
335,3,7,1,32400,44,0.0013580246913580246,43.20454788208008,0.29411764705882354,0.3181818181818182
335,3,7,2,32400,51,0.001574074074074074,33.09804153442383,0.19672131147540983,0.11764705882352941
335,3,8,0,32400,91,0.002808641975308642,16.956045150756836,0.3211009174311927,0.3956043956043956
335,3,8,1,32400,33,0.0010185185185185184,20.454545974731445,0.22727272727272727,0.30303030303030304
335,3,8,2,32400,48,0.0014814814814814814,12.979166984558105,0.23529411764705882,0.2708333333333333
335,3,9,0,32400,100,0.0030864197530864196,21.059999465942383,0.46153846153846156,0.42
335,3,9,1,32400,35,0.0010802469135802468,17.828571319580078,0.36363636363636365,0.4
335,3,9,2,32400,44,0.0013580246913580246,20.272727966308594,0.25,0.1590909090909091
335,3,10,0,32400,89,0.0027469135802469136,20.247190475463867,0.37,0.43820224719101125
335,3,10,1,32400,42,0.0012962962962962963,18.619050979614258,0.4,0.2619047619047619
335,3,10,2,32400,56,0.0017283950617283952,18.785715103149414,0.3409090909090909,0.23214285714285715
335,3,11,0,32400,97,0.002993827160493827,20.927833557128906,0.42696629213483145,0.44329896907216493
335,3,11,1,32400,35,0.0010802469135802468,90.77143096923828,0.38095238095238093,0.2571428571428571
335,3,11,2,32400,63,0.0019444444444444444,24.14285659790039,0.25,0.25396825396825395
335,3,12,0,32400,92,0.002839506172839506,26.130435943603516,0.35051546391752575,0.32608695652173914
335,3,12,1,32400,41,0.0012654320987654322,26.024389266967773,0.42857142857142855,0.34146341463414637
335,3,12,2,32400,62,0.0019135802469135803,24.887096405029297,0.25396825396825395,0.3064516129032258
335,3,13,0,32400,101,0.003117283950617284,40.03960418701172,0.32608695652173914,0.46534653465346537
335,3,13,1,32400,47,0.0014506172839506173,36.553192138671875,0.43902439024390244,0.44680851063829785
335,3,13,2,32400,69,0.0021296296296296298,45.0579719543457,0.27419354838709675,0.2898550724637681
335,3,14,0,32400,108,0.0033333333333333335,45.91666793823242,0.42574257425742573,0.4074074074074074
335,3,14,1,32400,46,0.001419753086419753,16.934782028198242,0.3617021276595745,0.2826086956521739
335,3,14,2,32400,56,0.0017283950617283952,44.21428680419922,0.2608695652173913,0.375
335,3,15,0,32400,94,0.0029012345679012346,20.404254913330078,0.37037037037037035,0.3617021276595745
335,3,15,1,32400,48,0.0014814814814814814,33.583335876464844,0.2391304347826087,0.3541666666666667
335,3,15,2,32400,55,0.0016975308641975309,28.436363220214844,0.30357142857142855,0.21818181818181817
335,3,16,0,32400,104,0.0032098765432098763,25.865385055541992,0.4574468085106383,0.4230769230769231
335,3,16,1,32400,48,0.0014814814814814814,25.45833396911621,0.4583333333333333,0.4791666666666667
335,3,16,2,32400,62,0.0019135802469135803,12.016128540039062,0.32727272727272727,0.24193548387096775
335,3,17,0,32400,114,0.0035185185185185185,17.456140518188477,0.4423076923076923,0.4473684210526316
335,3,17,1,32400,50,0.0015432098765432098,17.8799991607666,0.3125,0.24
335,3,17,2,32400,67,0.002067901234567901,18.298507690429688,0.3709677419354839,0.31343283582089554
335,3,18,0,32400,119,0.0036728395061728395,23.7394962310791,0.4298245614035088,0.5546218487394958
335,3,18,1,32400,39,0.0012037037037037038,20.69230842590332,0.26,0.28205128205128205
335,3,18,2,32400,58,0.0017901234567901235,20.844829559326172,0.22388059701492538,0.3103448275862069
335,3,19,0,32400,122,0.003765432098765432,18.967212677001953,0.47058823529411764,0.5491803278688525
335,3,19,1,32400,35,0.0010802469135802468,12.742856979370117,0.3333333333333333,0.37142857142857144
335,3,19,2,32400,70,0.0021604938271604936,23.257143020629883,0.3448275862068966,0.32857142857142857
335,3,20,0,32400,102,0.003148148148148148,18.156864166259766,0.3770491803278688,0.47058823529411764
335,3,20,1,32400,36,0.0011111111111111111,18.05555534362793,0.2857142857142857,0.4166666666666667
335,3,20,2,32400,60,0.001851851851851852,17.916667938232422,0.21428571428571427,0.36666666666666664
335,3,21,0,32400,114,0.0035185185185185185,34.57017517089844,0.5,0.5
335,3,21,1,32400,30,0.000925925925925926,41.400001525878906,0.3611111111111111,0.3333333333333333
335,3,21,2,32400,42,0.0012962962962962963,30.738096237182617,0.26666666666666666,0.30952380952380953
335,3,22,0,32400,103,0.0031790123456790125,24.95145606994629,0.41228070175438597,0.36893203883495146
335,3,22,1,32400,47,0.0014506172839506173,14.723403930664062,0.4,0.48936170212765956
335,3,22,2,32400,45,0.001388888888888889,26.400001525878906,0.23809523809523808,0.2222222222222222
335,3,23,0,32400,99,0.0030555555555555557,26.939393997192383,0.36893203883495146,0.31313131313131315
335,3,23,1,32400,34,0.0010493827160493827,37.97059631347656,0.3617021276595745,0.4411764705882353
335,3,23,2,32400,65,0.002006172839506173,29.923080444335938,0.28888888888888886,0.38461538461538464
335,3,24,0,32400,107,0.0033024691358024692,30.29906463623047,0.42424242424242425,0.4672897196261682
335,3,24,1,32400,39,0.0012037037037037038,31.435897827148438,0.4117647058823529,0.3333333333333333
335,3,24,2,32400,39,0.0012037037037037038,40.461544036865234,0.16923076923076924,0.3333333333333333
335,3,25,0,32400,119,0.0036728395061728395,28.075632095336914,0.3925233644859813,0.3025210084033613
335,3,25,1,32400,40,0.0012345679012345679,30.30000114440918,0.3076923076923077,0.325
335,3,25,2,32400,64,0.0019753086419753087,24.453125,0.4358974358974359,0.296875
335,3,26,0,32400,126,0.0038888888888888888,51.43650817871094,0.42016806722689076,0.47619047619047616
335,3,26,1,32400,41,0.0012654320987654322,43.07316970825195,0.375,0.36585365853658536
335,3,26,2,32400,73,0.0022530864197530865,34.917808532714844,0.359375,0.3972602739726027
335,3,27,0,32400,121,0.0037345679012345677,29.396692276000977,0.4523809523809524,0.39669421487603307
335,3,27,1,32400,42,0.0012962962962962963,25.309524536132812,0.36585365853658536,0.40476190476190477
335,3,27,2,32400,66,0.002037037037037037,23.65151596069336,0.2876712328767123,0.42424242424242425
335,3,28,0,32400,137,0.004228395061728395,29.934307098388672,0.4297520661157025,0.4233576642335766
335,3,28,1,32400,49,0.0015123456790123457,32.20408248901367,0.42857142857142855,0.3469387755102041
335,3,28,2,32400,72,0.0022222222222222222,27.06944465637207,0.2727272727272727,0.2916666666666667
335,3,29,0,32400,147,0.004537037037037037,29.156461715698242,0.49635036496350365,0.4489795918367347
335,3,29,1,32400,50,0.0015432098765432098,21.639999389648438,0.2857142857142857,0.32
335,3,29,2,32400,80,0.0024691358024691358,32.25,0.4027777777777778,0.375
335,3,30,0,32400,131,0.00404320987654321,35.8015251159668,0.4217687074829932,0.4351145038167939
335,3,30,1,32400,60,0.001851851851851852,27.250001907348633,0.36,0.38333333333333336
335,3,30,2,32400,63,0.0019444444444444444,29.38095474243164,0.35,0.3968253968253968
335,3,31,0,32400,110,0.0033950617283950617,42.35454559326172,0.3893129770992366,0.36363636363636365
335,3,31,1,32400,45,0.001388888888888889,55.93333435058594,0.3333333333333333,0.4222222222222222
335,3,31,2,32400,60,0.001851851851851852,49.716670989990234,0.38095238095238093,0.31666666666666665
335,3,32,0,32400,115,0.0035493827160493828,26.565216064453125,0.4636363636363636,0.5391304347826087
335,3,32,1,32400,22,0.0006790123456790123,36.1363639831543,0.17777777777777778,0.09090909090909091
335,3,32,2,32400,59,0.0018209876543209876,44.18643569946289,0.35,0.4067796610169492
335,3,33,0,32400,130,0.004012345679012346,14.130769729614258,0.48695652173913045,0.5307692307692308
335,3,33,1,32400,31,0.0009567901234567902,7.161290168762207,0.36363636363636365,0.22580645161290322
335,3,33,2,32400,62,0.0019135802469135803,11.903225898742676,0.3559322033898305,0.532258064516129
335,3,34,0,32400,106,0.003271604938271605,19.39622688293457,0.45384615384615384,0.5377358490566038
335,3,34,1,32400,35,0.0010802469135802468,17.285715103149414,0.3225806451612903,0.14285714285714285
335,3,34,2,32400,66,0.002037037037037037,20.25757598876953,0.41935483870967744,0.5151515151515151
335,3,35,0,32400,129,0.003981481481481482,24.387596130371094,0.4811320754716981,0.5271317829457365
335,3,35,1,32400,32,0.0009876543209876543,29.21875,0.2857142857142857,0.28125
335,3,35,2,32400,68,0.0020987654320987655,20.382352828979492,0.30303030303030304,0.4117647058823529
336,0,1,0,32400,98,0.0030246913580246914,25.32653045654297,-1.0,0.336734693877551
336,0,1,1,32400,48,0.0014814814814814814,23.75,-1.0,0.4166666666666667
336,0,1,2,32400,54,0.0016666666666666668,18.83333396911621,-1.0,0.2222222222222222
336,0,2,0,32400,107,0.0033024691358024692,21.728971481323242,0.42857142857142855,0.4392523364485981
336,0,2,1,32400,52,0.0016049382716049382,24.153846740722656,0.375,0.46153846153846156
336,0,2,2,32400,47,0.0014506172839506173,27.787233352661133,0.24074074074074073,0.2553191489361702
336,0,3,0,32400,132,0.004074074074074074,11.606060981750488,0.411214953271028,0.5833333333333334
336,0,3,1,32400,49,0.0015123456790123457,25.673471450805664,0.4230769230769231,0.5102040816326531
336,0,3,2,32400,54,0.0016666666666666668,17.648149490356445,0.3191489361702128,0.2777777777777778
336,0,4,0,32400,99,0.0030555555555555557,21.44444465637207,0.3939393939393939,0.5151515151515151
336,0,4,1,32400,53,0.0016358024691358025,15.754719734191895,0.5306122448979592,0.37735849056603776
336,0,4,2,32400,55,0.0016975308641975309,14.963635444641113,0.3333333333333333,0.21818181818181817
336,0,5,0,32400,118,0.0036419753086419752,23.211864471435547,0.40404040404040403,0.576271186440678
336,0,5,1,32400,51,0.001574074074074074,28.41176414489746,0.5094339622641509,0.43137254901960786
336,0,5,2,32400,61,0.001882716049382716,22.426227569580078,0.2545454545454545,0.26229508196721313
336,0,6,0,32400,109,0.0033641975308641974,37.35779571533203,0.4152542372881356,0.47706422018348627
336,0,6,1,32400,44,0.0013580246913580246,31.249998092651367,0.29411764705882354,0.3181818181818182
336,0,6,2,32400,51,0.001574074074074074,29.274507522583008,0.19672131147540983,0.11764705882352941
336,0,7,0,32400,91,0.002808641975308642,45.67033004760742,0.3211009174311927,0.3956043956043956
336,0,7,1,32400,33,0.0010185185185185184,63.8787956237793,0.22727272727272727,0.30303030303030304
336,0,7,2,32400,48,0.0014814814814814814,34.22916793823242,0.23529411764705882,0.2708333333333333
336,0,8,0,32400,100,0.0030864197530864196,15.199999809265137,0.46153846153846156,0.42
336,0,8,1,32400,35,0.0010802469135802468,13.628571510314941,0.36363636363636365,0.4
336,0,8,2,32400,44,0.0013580246913580246,22.63636589050293,0.25,0.1590909090909091
336,0,9,0,32400,89,0.0027469135802469136,35.70786666870117,0.37,0.43820224719101125
336,0,9,1,32400,42,0.0012962962962962963,48.833335876464844,0.4,0.2619047619047619
336,0,9,2,32400,56,0.0017283950617283952,25.678571701049805,0.3409090909090909,0.23214285714285715
336,0,10,0,32400,97,0.002993827160493827,18.07216453552246,0.42696629213483145,0.44329896907216493
336,0,10,1,32400,35,0.0010802469135802468,18.02857208251953,0.38095238095238093,0.2571428571428571
336,0,10,2,32400,63,0.0019444444444444444,23.428573608398438,0.25,0.25396825396825395
336,0,11,0,32400,92,0.002839506172839506,39.85869598388672,0.35051546391752575,0.32608695652173914
336,0,11,1,32400,41,0.0012654320987654322,57.439022064208984,0.42857142857142855,0.34146341463414637
336,0,11,2,32400,62,0.0019135802469135803,20.725805282592773,0.25396825396825395,0.3064516129032258
336,0,12,0,32400,101,0.003117283950617284,34.53464889526367,0.32608695652173914,0.46534653465346537
336,0,12,1,32400,47,0.0014506172839506173,27.82978630065918,0.43902439024390244,0.44680851063829785
336,0,12,2,32400,69,0.0021296296296296298,29.478260040283203,0.27419354838709675,0.2898550724637681
336,0,13,0,32400,108,0.0033333333333333335,28.074073791503906,0.42574257425742573,0.4074074074074074
336,0,13,1,32400,46,0.001419753086419753,26.521739959716797,0.3617021276595745,0.2826086956521739
336,0,13,2,32400,56,0.0017283950617283952,25.96428680419922,0.2608695652173913,0.375
336,0,14,0,32400,94,0.0029012345679012346,19.170211791992188,0.37037037037037035,0.3617021276595745
336,0,14,1,32400,48,0.0014814814814814814,37.145835876464844,0.2391304347826087,0.3541666666666667
336,0,14,2,32400,55,0.0016975308641975309,24.490907669067383,0.30357142857142855,0.21818181818181817
336,0,15,0,32400,104,0.0032098765432098763,22.076923370361328,0.4574468085106383,0.4230769230769231
336,0,15,1,32400,48,0.0014814814814814814,40.395835876464844,0.4583333333333333,0.4791666666666667
336,0,15,2,32400,62,0.0019135802469135803,34.75806427001953,0.32727272727272727,0.24193548387096775
336,0,16,0,32400,114,0.0035185185185185185,22.070175170898438,0.4423076923076923,0.4473684210526316
336,0,16,1,32400,50,0.0015432098765432098,19.3799991607666,0.3125,0.24
336,0,16,2,32400,67,0.002067901234567901,17.865671157836914,0.3709677419354839,0.31343283582089554
336,0,17,0,32400,119,0.0036728395061728395,16.65546226501465,0.4298245614035088,0.5546218487394958
336,0,17,1,32400,39,0.0012037037037037038,15.20512866973877,0.26,0.28205128205128205
336,0,17,2,32400,58,0.0017901234567901235,15.620689392089844,0.22388059701492538,0.3103448275862069
336,0,18,0,32400,122,0.003765432098765432,24.75409698486328,0.47058823529411764,0.5491803278688525
336,0,18,1,32400,35,0.0010802469135802468,17.828571319580078,0.3333333333333333,0.37142857142857144
336,0,18,2,32400,70,0.0021604938271604936,18.22857093811035,0.3448275862068966,0.32857142857142857
336,0,19,0,32400,102,0.003148148148148148,38.94117736816406,0.3770491803278688,0.47058823529411764
336,0,19,1,32400,36,0.0011111111111111111,34.1944465637207,0.2857142857142857,0.4166666666666667
336,0,19,2,32400,60,0.001851851851851852,25.46666717529297,0.21428571428571427,0.36666666666666664
336,0,20,0,32400,114,0.0035185185185185185,30.53508758544922,0.5,0.5
336,0,20,1,32400,30,0.000925925925925926,22.433334350585938,0.3611111111111111,0.3333333333333333
336,0,20,2,32400,42,0.0012962962962962963,28.547618865966797,0.26666666666666666,0.30952380952380953
336,0,21,0,32400,103,0.0031790123456790125,29.42718505859375,0.41228070175438597,0.36893203883495146
336,0,21,1,32400,47,0.0014506172839506173,38.29787063598633,0.4,0.48936170212765956
336,0,21,2,32400,45,0.001388888888888889,37.53333282470703,0.23809523809523808,0.2222222222222222
336,0,22,0,32400,99,0.0030555555555555557,22.68686866760254,0.36893203883495146,0.31313131313131315
336,0,22,1,32400,34,0.0010493827160493827,23.91176414489746,0.3617021276595745,0.4411764705882353
336,0,22,2,32400,65,0.002006172839506173,40.738460540771484,0.28888888888888886,0.38461538461538464
336,0,23,0,32400,107,0.0033024691358024692,19.831775665283203,0.42424242424242425,0.4672897196261682
336,0,23,1,32400,39,0.0012037037037037038,32.128204345703125,0.4117647058823529,0.3333333333333333
336,0,23,2,32400,39,0.0012037037037037038,39.4871826171875,0.16923076923076924,0.3333333333333333
336,0,24,0,32400,119,0.0036728395061728395,27.546220779418945,0.3925233644859813,0.3025210084033613
336,0,24,1,32400,40,0.0012345679012345679,31.450000762939453,0.3076923076923077,0.325
336,0,24,2,32400,64,0.0019753086419753087,22.359375,0.4358974358974359,0.296875
336,0,25,0,32400,126,0.0038888888888888888,16.13492202758789,0.42016806722689076,0.47619047619047616
336,0,25,1,32400,41,0.0012654320987654322,59.146331787109375,0.375,0.36585365853658536
336,0,25,2,32400,73,0.0022530864197530865,16.79452133178711,0.359375,0.3972602739726027
336,0,26,0,32400,121,0.0037345679012345677,32.958675384521484,0.4523809523809524,0.39669421487603307
336,0,26,1,32400,42,0.0012962962962962963,17.857145309448242,0.36585365853658536,0.40476190476190477
336,0,26,2,32400,66,0.002037037037037037,14.257575988769531,0.2876712328767123,0.42424242424242425
336,0,27,0,32400,137,0.004228395061728395,24.941606521606445,0.4297520661157025,0.4233576642335766
336,0,27,1,32400,49,0.0015123456790123457,34.061222076416016,0.42857142857142855,0.3469387755102041
336,0,27,2,32400,72,0.0022222222222222222,29.40277862548828,0.2727272727272727,0.2916666666666667
336,0,28,0,32400,147,0.004537037037037037,18.40135955810547,0.49635036496350365,0.4489795918367347
336,0,28,1,32400,50,0.0015432098765432098,23.920000076293945,0.2857142857142857,0.32
336,0,28,2,32400,80,0.0024691358024691358,22.8125,0.4027777777777778,0.375
336,0,29,0,32400,131,0.00404320987654321,21.41984748840332,0.4217687074829932,0.4351145038167939
336,0,29,1,32400,60,0.001851851851851852,33.96666717529297,0.36,0.38333333333333336
336,0,29,2,32400,63,0.0019444444444444444,33.4444465637207,0.35,0.3968253968253968
336,0,30,0,32400,110,0.0033950617283950617,14.918181419372559,0.3893129770992366,0.36363636363636365
336,0,30,1,32400,45,0.001388888888888889,11.777777671813965,0.3333333333333333,0.4222222222222222
336,0,30,2,32400,60,0.001851851851851852,13.450000762939453,0.38095238095238093,0.31666666666666665
336,0,31,0,32400,115,0.0035493827160493828,23.399999618530273,0.4636363636363636,0.5391304347826087
336,0,31,1,32400,22,0.0006790123456790123,22.863637924194336,0.17777777777777778,0.09090909090909091
336,0,31,2,32400,59,0.0018209876543209876,20.220338821411133,0.35,0.4067796610169492
336,0,32,0,32400,130,0.004012345679012346,19.19230842590332,0.48695652173913045,0.5307692307692308
336,0,32,1,32400,31,0.0009567901234567902,11.387096405029297,0.36363636363636365,0.22580645161290322
336,0,32,2,32400,62,0.0019135802469135803,14.032258033752441,0.3559322033898305,0.532258064516129
336,0,33,0,32400,106,0.003271604938271605,25.79245376586914,0.45384615384615384,0.5377358490566038
336,0,33,1,32400,35,0.0010802469135802468,16.314285278320312,0.3225806451612903,0.14285714285714285
336,0,33,2,32400,66,0.002037037037037037,17.666667938232422,0.41935483870967744,0.5151515151515151
336,0,34,0,32400,129,0.003981481481481482,19.410856246948242,0.4811320754716981,0.5271317829457365
336,0,34,1,32400,32,0.0009876543209876543,20.281251907348633,0.2857142857142857,0.28125
336,0,34,2,32400,68,0.0020987654320987655,12.132354736328125,0.30303030303030304,0.4117647058823529
336,0,35,0,32400,112,0.0034567901234567903,19.40178680419922,0.3875968992248062,0.4375
336,0,35,1,32400,29,0.0008950617283950618,21.620689392089844,0.28125,0.10344827586206896
336,0,35,2,32400,70,0.0021604938271604936,21.457143783569336,0.38235294117647056,0.4857142857142857
336,1,1,0,32400,98,0.0030246913580246914,26.846939086914062,-1.0,0.336734693877551
336,1,1,1,32400,48,0.0014814814814814814,24.979167938232422,-1.0,0.4166666666666667
336,1,1,2,32400,54,0.0016666666666666668,25.351852416992188,-1.0,0.2222222222222222
336,1,2,0,32400,107,0.0033024691358024692,43.570091247558594,0.42857142857142855,0.4392523364485981
336,1,2,1,32400,52,0.0016049382716049382,47.44231033325195,0.375,0.46153846153846156
336,1,2,2,32400,47,0.0014506172839506173,27.68085289001465,0.24074074074074073,0.2553191489361702
336,1,3,0,32400,132,0.004074074074074074,29.25,0.411214953271028,0.5833333333333334
336,1,3,1,32400,49,0.0015123456790123457,44.18367385864258,0.4230769230769231,0.5102040816326531
336,1,3,2,32400,54,0.0016666666666666668,24.77777862548828,0.3191489361702128,0.2777777777777778
336,1,4,0,32400,99,0.0030555555555555557,22.1616153717041,0.3939393939393939,0.5151515151515151
336,1,4,1,32400,53,0.0016358024691358025,17.641510009765625,0.5306122448979592,0.37735849056603776
336,1,4,2,32400,55,0.0016975308641975309,17.581817626953125,0.3333333333333333,0.21818181818181817
336,1,5,0,32400,118,0.0036419753086419752,20.25423812866211,0.40404040404040403,0.576271186440678
336,1,5,1,32400,51,0.001574074074074074,14.352941513061523,0.5094339622641509,0.43137254901960786
336,1,5,2,32400,61,0.001882716049382716,28.344261169433594,0.2545454545454545,0.26229508196721313
336,1,6,0,32400,109,0.0033641975308641974,24.50458526611328,0.4152542372881356,0.47706422018348627
336,1,6,1,32400,44,0.0013580246913580246,22.090909957885742,0.29411764705882354,0.3181818181818182
336,1,6,2,32400,51,0.001574074074074074,25.39215850830078,0.19672131147540983,0.11764705882352941
336,1,7,0,32400,91,0.002808641975308642,32.37362289428711,0.3211009174311927,0.3956043956043956
336,1,7,1,32400,33,0.0010185185185185184,36.69696807861328,0.22727272727272727,0.30303030303030304
336,1,7,2,32400,48,0.0014814814814814814,22.89583396911621,0.23529411764705882,0.2708333333333333
336,1,8,0,32400,100,0.0030864197530864196,24.029998779296875,0.46153846153846156,0.42
336,1,8,1,32400,35,0.0010802469135802468,19.428571701049805,0.36363636363636365,0.4
336,1,8,2,32400,44,0.0013580246913580246,15.068181991577148,0.25,0.1590909090909091
336,1,9,0,32400,89,0.0027469135802469136,33.66292190551758,0.37,0.43820224719101125
336,1,9,1,32400,42,0.0012962962962962963,26.59524154663086,0.4,0.2619047619047619
336,1,9,2,32400,56,0.0017283950617283952,22.750001907348633,0.3409090909090909,0.23214285714285715
336,1,10,0,32400,97,0.002993827160493827,37.41236877441406,0.42696629213483145,0.44329896907216493
336,1,10,1,32400,35,0.0010802469135802468,21.885717391967773,0.38095238095238093,0.2571428571428571
336,1,10,2,32400,63,0.0019444444444444444,17.031747817993164,0.25,0.25396825396825395
336,1,11,0,32400,92,0.002839506172839506,22.2391300201416,0.35051546391752575,0.32608695652173914
336,1,11,1,32400,41,0.0012654320987654322,18.80487823486328,0.42857142857142855,0.34146341463414637
336,1,11,2,32400,62,0.0019135802469135803,28.725805282592773,0.25396825396825395,0.3064516129032258
336,1,12,0,32400,101,0.003117283950617284,21.534652709960938,0.32608695652173914,0.46534653465346537
336,1,12,1,32400,47,0.0014506172839506173,13.468084335327148,0.43902439024390244,0.44680851063829785
336,1,12,2,32400,69,0.0021296296296296298,17.724637985229492,0.27419354838709675,0.2898550724637681
336,1,13,0,32400,108,0.0033333333333333335,34.76852035522461,0.42574257425742573,0.4074074074074074
336,1,13,1,32400,46,0.001419753086419753,42.913047790527344,0.3617021276595745,0.2826086956521739
336,1,13,2,32400,56,0.0017283950617283952,14.125000953674316,0.2608695652173913,0.375
336,1,14,0,32400,94,0.0029012345679012346,21.06382942199707,0.37037037037037035,0.3617021276595745
336,1,14,1,32400,48,0.0014814814814814814,37.520835876464844,0.2391304347826087,0.3541666666666667
336,1,14,2,32400,55,0.0016975308641975309,31.745452880859375,0.30357142857142855,0.21818181818181817
336,1,15,0,32400,104,0.0032098765432098763,40.75961685180664,0.4574468085106383,0.4230769230769231
336,1,15,1,32400,48,0.0014814814814814814,16.354167938232422,0.4583333333333333,0.4791666666666667
336,1,15,2,32400,62,0.0019135802469135803,130.48388671875,0.32727272727272727,0.24193548387096775
336,1,16,0,32400,114,0.0035185185185185185,31.087718963623047,0.4423076923076923,0.4473684210526316
336,1,16,1,32400,50,0.0015432098765432098,32.58000183105469,0.3125,0.24
336,1,16,2,32400,67,0.002067901234567901,34.86567306518555,0.3709677419354839,0.31343283582089554
336,1,17,0,32400,119,0.0036728395061728395,19.65546226501465,0.4298245614035088,0.5546218487394958
336,1,17,1,32400,39,0.0012037037037037038,30.28205108642578,0.26,0.28205128205128205
336,1,17,2,32400,58,0.0017901234567901235,28.34482765197754,0.22388059701492538,0.3103448275862069
336,1,18,0,32400,122,0.003765432098765432,20.51639175415039,0.47058823529411764,0.5491803278688525
336,1,18,1,32400,35,0.0010802469135802468,18.371429443359375,0.3333333333333333,0.37142857142857144
336,1,18,2,32400,70,0.0021604938271604936,14.600000381469727,0.3448275862068966,0.32857142857142857
336,1,19,0,32400,102,0.003148148148148148,31.166667938232422,0.3770491803278688,0.47058823529411764
336,1,19,1,32400,36,0.0011111111111111111,44.63888931274414,0.2857142857142857,0.4166666666666667
336,1,19,2,32400,60,0.001851851851851852,24.033334732055664,0.21428571428571427,0.36666666666666664
336,1,20,0,32400,114,0.0035185185185185185,35.3684196472168,0.5,0.5
336,1,20,1,32400,30,0.000925925925925926,17.13333511352539,0.3611111111111111,0.3333333333333333
336,1,20,2,32400,42,0.0012962962962962963,21.5238094329834,0.26666666666666666,0.30952380952380953
336,1,21,0,32400,103,0.0031790123456790125,15.932039260864258,0.41228070175438597,0.36893203883495146
336,1,21,1,32400,47,0.0014506172839506173,18.914892196655273,0.4,0.48936170212765956
336,1,21,2,32400,45,0.001388888888888889,23.55555534362793,0.23809523809523808,0.2222222222222222
336,1,22,0,32400,99,0.0030555555555555557,36.808082580566406,0.36893203883495146,0.31313131313131315
336,1,22,1,32400,34,0.0010493827160493827,21.147058486938477,0.3617021276595745,0.4411764705882353
336,1,22,2,32400,65,0.002006172839506173,30.184616088867188,0.28888888888888886,0.38461538461538464
336,1,23,0,32400,107,0.0033024691358024692,32.14018630981445,0.42424242424242425,0.4672897196261682
336,1,23,1,32400,39,0.0012037037037037038,33.61538314819336,0.4117647058823529,0.3333333333333333
336,1,23,2,32400,39,0.0012037037037037038,29.487180709838867,0.16923076923076924,0.3333333333333333
336,1,24,0,32400,119,0.0036728395061728395,21.873950958251953,0.3925233644859813,0.3025210084033613
336,1,24,1,32400,40,0.0012345679012345679,31.050003051757812,0.3076923076923077,0.325
336,1,24,2,32400,64,0.0019753086419753087,31.40625,0.4358974358974359,0.296875
336,1,25,0,32400,126,0.0038888888888888888,21.88888931274414,0.42016806722689076,0.47619047619047616
336,1,25,1,32400,41,0.0012654320987654322,20.70731544494629,0.375,0.36585365853658536
336,1,25,2,32400,73,0.0022530864197530865,20.643835067749023,0.359375,0.3972602739726027
336,1,26,0,32400,121,0.0037345679012345677,18.95041275024414,0.4523809523809524,0.39669421487603307
336,1,26,1,32400,42,0.0012962962962962963,20.285715103149414,0.36585365853658536,0.40476190476190477
336,1,26,2,32400,66,0.002037037037037037,21.439393997192383,0.2876712328767123,0.42424242424242425
336,1,27,0,32400,137,0.004228395061728395,21.029197692871094,0.4297520661157025,0.4233576642335766
336,1,27,1,32400,49,0.0015123456790123457,34.26530456542969,0.42857142857142855,0.3469387755102041
336,1,27,2,32400,72,0.0022222222222222222,38.61111068725586,0.2727272727272727,0.2916666666666667
336,1,28,0,32400,147,0.004537037037037037,29.625850677490234,0.49635036496350365,0.4489795918367347
336,1,28,1,32400,50,0.0015432098765432098,22.51999855041504,0.2857142857142857,0.32
336,1,28,2,32400,80,0.0024691358024691358,26.512500762939453,0.4027777777777778,0.375
336,1,29,0,32400,131,0.00404320987654321,34.450382232666016,0.4217687074829932,0.4351145038167939
336,1,29,1,32400,60,0.001851851851851852,45.20000076293945,0.36,0.38333333333333336
336,1,29,2,32400,63,0.0019444444444444444,34.68254089355469,0.35,0.3968253968253968
336,1,30,0,32400,110,0.0033950617283950617,26.51818084716797,0.3893129770992366,0.36363636363636365
336,1,30,1,32400,45,0.001388888888888889,24.91111183166504,0.3333333333333333,0.4222222222222222
336,1,30,2,32400,60,0.001851851851851852,27.433334350585938,0.38095238095238093,0.31666666666666665
336,1,31,0,32400,115,0.0035493827160493828,39.77391052246094,0.4636363636363636,0.5391304347826087
336,1,31,1,32400,22,0.0006790123456790123,28.954545974731445,0.17777777777777778,0.09090909090909091
336,1,31,2,32400,59,0.0018209876543209876,29.525423049926758,0.35,0.4067796610169492
336,1,32,0,32400,130,0.004012345679012346,44.5538444519043,0.48695652173913045,0.5307692307692308
336,1,32,1,32400,31,0.0009567901234567902,23.16128921508789,0.36363636363636365,0.22580645161290322
336,1,32,2,32400,62,0.0019135802469135803,23.532257080078125,0.3559322033898305,0.532258064516129
336,1,33,0,32400,106,0.003271604938271605,33.415096282958984,0.45384615384615384,0.5377358490566038
336,1,33,1,32400,35,0.0010802469135802468,16.91428565979004,0.3225806451612903,0.14285714285714285
336,1,33,2,32400,66,0.002037037037037037,30.30303382873535,0.41935483870967744,0.5151515151515151
336,1,34,0,32400,129,0.003981481481481482,47.496124267578125,0.4811320754716981,0.5271317829457365
336,1,34,1,32400,32,0.0009876543209876543,109.65625,0.2857142857142857,0.28125
336,1,34,2,32400,68,0.0020987654320987655,47.220584869384766,0.30303030303030304,0.4117647058823529
336,1,35,0,32400,112,0.0034567901234567903,40.392860412597656,0.3875968992248062,0.4375
336,1,35,1,32400,29,0.0008950617283950618,17.275861740112305,0.28125,0.10344827586206896
336,1,35,2,32400,70,0.0021604938271604936,20.14285659790039,0.38235294117647056,0.4857142857142857
336,2,1,0,32400,98,0.0030246913580246914,42.43877410888672,-1.0,0.336734693877551
336,2,1,1,32400,48,0.0014814814814814814,27.229167938232422,-1.0,0.4166666666666667
336,2,1,2,32400,54,0.0016666666666666668,31.037036895751953,-1.0,0.2222222222222222
336,2,2,0,32400,107,0.0033024691358024692,32.80373764038086,0.42857142857142855,0.4392523364485981
336,2,2,1,32400,52,0.0016049382716049382,47.84615707397461,0.375,0.46153846153846156
336,2,2,2,32400,47,0.0014506172839506173,24.340425491333008,0.24074074074074073,0.2553191489361702
336,2,3,0,32400,132,0.004074074074074074,17.81818199157715,0.411214953271028,0.5833333333333334
336,2,3,1,32400,49,0.0015123456790123457,13.591836929321289,0.4230769230769231,0.5102040816326531
336,2,3,2,32400,54,0.0016666666666666668,22.407407760620117,0.3191489361702128,0.2777777777777778
336,2,4,0,32400,99,0.0030555555555555557,20.22222137451172,0.3939393939393939,0.5151515151515151
336,2,4,1,32400,53,0.0016358024691358025,15.45283031463623,0.5306122448979592,0.37735849056603776
336,2,4,2,32400,55,0.0016975308641975309,20.454544067382812,0.3333333333333333,0.21818181818181817
336,2,5,0,32400,118,0.0036419753086419752,16.525423049926758,0.40404040404040403,0.576271186440678
336,2,5,1,32400,51,0.001574074074074074,27.843137741088867,0.5094339622641509,0.43137254901960786
336,2,5,2,32400,61,0.001882716049382716,15.90163803100586,0.2545454545454545,0.26229508196721313
336,2,6,0,32400,109,0.0033641975308641974,22.211008071899414,0.4152542372881356,0.47706422018348627
336,2,6,1,32400,44,0.0013580246913580246,30.863637924194336,0.29411764705882354,0.3181818181818182
336,2,6,2,32400,51,0.001574074074074074,27.431373596191406,0.19672131147540983,0.11764705882352941
336,2,7,0,32400,91,0.002808641975308642,46.4945068359375,0.3211009174311927,0.3956043956043956
336,2,7,1,32400,33,0.0010185185185185184,43.939395904541016,0.22727272727272727,0.30303030303030304
336,2,7,2,32400,48,0.0014814814814814814,37.958335876464844,0.23529411764705882,0.2708333333333333
336,2,8,0,32400,100,0.0030864197530864196,18.100000381469727,0.46153846153846156,0.42
336,2,8,1,32400,35,0.0010802469135802468,16.314285278320312,0.36363636363636365,0.4
336,2,8,2,32400,44,0.0013580246913580246,15.61363697052002,0.25,0.1590909090909091
336,2,9,0,32400,89,0.0027469135802469136,61.69662857055664,0.37,0.43820224719101125
336,2,9,1,32400,42,0.0012962962962962963,52.595237731933594,0.4,0.2619047619047619
336,2,9,2,32400,56,0.0017283950617283952,30.696430206298828,0.3409090909090909,0.23214285714285715
336,2,10,0,32400,97,0.002993827160493827,17.484535217285156,0.42696629213483145,0.44329896907216493
336,2,10,1,32400,35,0.0010802469135802468,26.77142906188965,0.38095238095238093,0.2571428571428571
336,2,10,2,32400,63,0.0019444444444444444,19.33333396911621,0.25,0.25396825396825395
336,2,11,0,32400,92,0.002839506172839506,40.16304397583008,0.35051546391752575,0.32608695652173914
336,2,11,1,32400,41,0.0012654320987654322,26.756093978881836,0.42857142857142855,0.34146341463414637
336,2,11,2,32400,62,0.0019135802469135803,48.096771240234375,0.25396825396825395,0.3064516129032258
336,2,12,0,32400,101,0.003117283950617284,25.554454803466797,0.32608695652173914,0.46534653465346537
336,2,12,1,32400,47,0.0014506172839506173,24.680850982666016,0.43902439024390244,0.44680851063829785
336,2,12,2,32400,69,0.0021296296296296298,30.97101593017578,0.27419354838709675,0.2898550724637681
336,2,13,0,32400,108,0.0033333333333333335,20.231481552124023,0.42574257425742573,0.4074074074074074
336,2,13,1,32400,46,0.001419753086419753,17.586956024169922,0.3617021276595745,0.2826086956521739
336,2,13,2,32400,56,0.0017283950617283952,10.875000953674316,0.2608695652173913,0.375
336,2,14,0,32400,94,0.0029012345679012346,27.712764739990234,0.37037037037037035,0.3617021276595745
336,2,14,1,32400,48,0.0014814814814814814,22.916669845581055,0.2391304347826087,0.3541666666666667
336,2,14,2,32400,55,0.0016975308641975309,25.763635635375977,0.30357142857142855,0.21818181818181817
336,2,15,0,32400,104,0.0032098765432098763,38.98076629638672,0.4574468085106383,0.4230769230769231
336,2,15,1,32400,48,0.0014814814814814814,19.958332061767578,0.4583333333333333,0.4791666666666667
336,2,15,2,32400,62,0.0019135802469135803,29.8709659576416,0.32727272727272727,0.24193548387096775
336,2,16,0,32400,114,0.0035185185185185185,18.263158798217773,0.4423076923076923,0.4473684210526316
336,2,16,1,32400,50,0.0015432098765432098,20.8799991607666,0.3125,0.24
336,2,16,2,32400,67,0.002067901234567901,13.731342315673828,0.3709677419354839,0.31343283582089554
336,2,17,0,32400,119,0.0036728395061728395,25.899160385131836,0.4298245614035088,0.5546218487394958
336,2,17,1,32400,39,0.0012037037037037038,39.82051467895508,0.26,0.28205128205128205
336,2,17,2,32400,58,0.0017901234567901235,27.20689582824707,0.22388059701492538,0.3103448275862069
336,2,18,0,32400,122,0.003765432098765432,39.26229476928711,0.47058823529411764,0.5491803278688525
336,2,18,1,32400,35,0.0010802469135802468,46.42856979370117,0.3333333333333333,0.37142857142857144
336,2,18,2,32400,70,0.0021604938271604936,23.342859268188477,0.3448275862068966,0.32857142857142857
336,2,19,0,32400,102,0.003148148148148148,42.28431701660156,0.3770491803278688,0.47058823529411764
336,2,19,1,32400,36,0.0011111111111111111,64.97222137451172,0.2857142857142857,0.4166666666666667
336,2,19,2,32400,60,0.001851851851851852,28.250001907348633,0.21428571428571427,0.36666666666666664
336,2,20,0,32400,114,0.0035185185185185185,29.543859481811523,0.5,0.5
336,2,20,1,32400,30,0.000925925925925926,67.86666870117188,0.3611111111111111,0.3333333333333333
336,2,20,2,32400,42,0.0012962962962962963,40.16666793823242,0.26666666666666666,0.30952380952380953
336,2,21,0,32400,103,0.0031790123456790125,35.514564514160156,0.41228070175438597,0.36893203883495146
336,2,21,1,32400,47,0.0014506172839506173,37.53191375732422,0.4,0.48936170212765956
336,2,21,2,32400,45,0.001388888888888889,36.93333435058594,0.23809523809523808,0.2222222222222222
336,2,22,0,32400,99,0.0030555555555555557,18.30303192138672,0.36893203883495146,0.31313131313131315
336,2,22,1,32400,34,0.0010493827160493827,15.029412269592285,0.3617021276595745,0.4411764705882353
336,2,22,2,32400,65,0.002006172839506173,14.046154022216797,0.28888888888888886,0.38461538461538464
336,2,23,0,32400,107,0.0033024691358024692,22.52336311340332,0.42424242424242425,0.4672897196261682
336,2,23,1,32400,39,0.0012037037037037038,14.051281929016113,0.4117647058823529,0.3333333333333333
336,2,23,2,32400,39,0.0012037037037037038,22.435897827148438,0.16923076923076924,0.3333333333333333
336,2,24,0,32400,119,0.0036728395061728395,18.705883026123047,0.3925233644859813,0.3025210084033613
336,2,24,1,32400,40,0.0012345679012345679,24.875,0.3076923076923077,0.325
336,2,24,2,32400,64,0.0019753086419753087,12.84375,0.4358974358974359,0.296875
336,2,25,0,32400,126,0.0038888888888888888,24.230159759521484,0.42016806722689076,0.47619047619047616
336,2,25,1,32400,41,0.0012654320987654322,21.073169708251953,0.375,0.36585365853658536
336,2,25,2,32400,73,0.0022530864197530865,29.150684356689453,0.359375,0.3972602739726027
336,2,26,0,32400,121,0.0037345679012345677,19.95041275024414,0.4523809523809524,0.39669421487603307
336,2,26,1,32400,42,0.0012962962962962963,13.809524536132812,0.36585365853658536,0.40476190476190477
336,2,26,2,32400,66,0.002037037037037037,13.696969985961914,0.2876712328767123,0.42424242424242425
336,2,27,0,32400,137,0.004228395061728395,24.65693473815918,0.4297520661157025,0.4233576642335766
336,2,27,1,32400,49,0.0015123456790123457,28.000001907348633,0.42857142857142855,0.3469387755102041
336,2,27,2,32400,72,0.0022222222222222222,21.29166603088379,0.2727272727272727,0.2916666666666667
336,2,28,0,32400,147,0.004537037037037037,34.28571319580078,0.49635036496350365,0.4489795918367347
336,2,28,1,32400,50,0.0015432098765432098,36.86000061035156,0.2857142857142857,0.32
336,2,28,2,32400,80,0.0024691358024691358,40.625,0.4027777777777778,0.375
336,2,29,0,32400,131,0.00404320987654321,25.290077209472656,0.4217687074829932,0.4351145038167939
336,2,29,1,32400,60,0.001851851851851852,32.6833381652832,0.36,0.38333333333333336
336,2,29,2,32400,63,0.0019444444444444444,22.634923934936523,0.35,0.3968253968253968
336,2,30,0,32400,110,0.0033950617283950617,21.55454444885254,0.3893129770992366,0.36363636363636365
336,2,30,1,32400,45,0.001388888888888889,28.46666717529297,0.3333333333333333,0.4222222222222222
336,2,30,2,32400,60,0.001851851851851852,23.76667022705078,0.38095238095238093,0.31666666666666665
336,2,31,0,32400,115,0.0035493827160493828,30.60869598388672,0.4636363636363636,0.5391304347826087
336,2,31,1,32400,22,0.0006790123456790123,30.818187713623047,0.17777777777777778,0.09090909090909091
336,2,31,2,32400,59,0.0018209876543209876,21.20339012145996,0.35,0.4067796610169492
336,2,32,0,32400,130,0.004012345679012346,27.092308044433594,0.48695652173913045,0.5307692307692308
336,2,32,1,32400,31,0.0009567901234567902,23.1290340423584,0.36363636363636365,0.22580645161290322
336,2,32,2,32400,62,0.0019135802469135803,24.241933822631836,0.3559322033898305,0.532258064516129
336,2,33,0,32400,106,0.003271604938271605,21.830188751220703,0.45384615384615384,0.5377358490566038
336,2,33,1,32400,35,0.0010802469135802468,14.942856788635254,0.3225806451612903,0.14285714285714285
336,2,33,2,32400,66,0.002037037037037037,26.848485946655273,0.41935483870967744,0.5151515151515151
336,2,34,0,32400,129,0.003981481481481482,16.813953399658203,0.4811320754716981,0.5271317829457365
336,2,34,1,32400,32,0.0009876543209876543,26.09375,0.2857142857142857,0.28125
336,2,34,2,32400,68,0.0020987654320987655,24.544116973876953,0.30303030303030304,0.4117647058823529
336,2,35,0,32400,112,0.0034567901234567903,34.85714340209961,0.3875968992248062,0.4375
336,2,35,1,32400,29,0.0008950617283950618,46.37931442260742,0.28125,0.10344827586206896
336,2,35,2,32400,70,0.0021604938271604936,29.928571701049805,0.38235294117647056,0.4857142857142857
336,3,1,0,32400,98,0.0030246913580246914,26.683673858642578,-1.0,0.336734693877551
336,3,1,1,32400,48,0.0014814814814814814,24.1875,-1.0,0.4166666666666667
336,3,1,2,32400,54,0.0016666666666666668,23.092592239379883,-1.0,0.2222222222222222
336,3,2,0,32400,107,0.0033024691358024692,19.80373764038086,0.42857142857142855,0.4392523364485981
336,3,2,1,32400,52,0.0016049382716049382,17.057693481445312,0.375,0.46153846153846156
336,3,2,2,32400,47,0.0014506172839506173,18.659574508666992,0.24074074074074073,0.2553191489361702
336,3,3,0,32400,132,0.004074074074074074,24.962121963500977,0.411214953271028,0.5833333333333334
336,3,3,1,32400,49,0.0015123456790123457,30.836734771728516,0.4230769230769231,0.5102040816326531
336,3,3,2,32400,54,0.0016666666666666668,39.092594146728516,0.3191489361702128,0.2777777777777778
336,3,4,0,32400,99,0.0030555555555555557,46.252525329589844,0.3939393939393939,0.5151515151515151
336,3,4,1,32400,53,0.0016358024691358025,51.18867874145508,0.5306122448979592,0.37735849056603776
336,3,4,2,32400,55,0.0016975308641975309,42.418182373046875,0.3333333333333333,0.21818181818181817
336,3,5,0,32400,118,0.0036419753086419752,35.10169219970703,0.40404040404040403,0.576271186440678
336,3,5,1,32400,51,0.001574074074074074,18.117647171020508,0.5094339622641509,0.43137254901960786
336,3,5,2,32400,61,0.001882716049382716,31.163930892944336,0.2545454545454545,0.26229508196721313
336,3,6,0,32400,109,0.0033641975308641974,41.95412826538086,0.4152542372881356,0.47706422018348627
336,3,6,1,32400,44,0.0013580246913580246,30.75,0.29411764705882354,0.3181818181818182
336,3,6,2,32400,51,0.001574074074074074,66.35295104980469,0.19672131147540983,0.11764705882352941
336,3,7,0,32400,91,0.002808641975308642,27.010990142822266,0.3211009174311927,0.3956043956043956
336,3,7,1,32400,33,0.0010185185185185184,23.1212158203125,0.22727272727272727,0.30303030303030304
336,3,7,2,32400,48,0.0014814814814814814,17.979167938232422,0.23529411764705882,0.2708333333333333
336,3,8,0,32400,100,0.0030864197530864196,19.869998931884766,0.46153846153846156,0.42
336,3,8,1,32400,35,0.0010802469135802468,13.999999046325684,0.36363636363636365,0.4
336,3,8,2,32400,44,0.0013580246913580246,27.545455932617188,0.25,0.1590909090909091
336,3,9,0,32400,89,0.0027469135802469136,25.056180953979492,0.37,0.43820224719101125
336,3,9,1,32400,42,0.0012962962962962963,27.738096237182617,0.4,0.2619047619047619
336,3,9,2,32400,56,0.0017283950617283952,28.250003814697266,0.3409090909090909,0.23214285714285715
336,3,10,0,32400,97,0.002993827160493827,19.288660049438477,0.42696629213483145,0.44329896907216493
336,3,10,1,32400,35,0.0010802469135802468,15.514286041259766,0.38095238095238093,0.2571428571428571
336,3,10,2,32400,63,0.0019444444444444444,14.666667938232422,0.25,0.25396825396825395
336,3,11,0,32400,92,0.002839506172839506,17.826086044311523,0.35051546391752575,0.32608695652173914
336,3,11,1,32400,41,0.0012654320987654322,21.853656768798828,0.42857142857142855,0.34146341463414637
336,3,11,2,32400,62,0.0019135802469135803,22.35483741760254,0.25396825396825395,0.3064516129032258
336,3,12,0,32400,101,0.003117283950617284,29.059406280517578,0.32608695652173914,0.46534653465346537
336,3,12,1,32400,47,0.0014506172839506173,26.638296127319336,0.43902439024390244,0.44680851063829785
336,3,12,2,32400,69,0.0021296296296296298,28.65217399597168,0.27419354838709675,0.2898550724637681
336,3,13,0,32400,108,0.0033333333333333335,24.11111068725586,0.42574257425742573,0.4074074074074074
336,3,13,1,32400,46,0.001419753086419753,22.89130401611328,0.3617021276595745,0.2826086956521739
336,3,13,2,32400,56,0.0017283950617283952,20.83928680419922,0.2608695652173913,0.375
336,3,14,0,32400,94,0.0029012345679012346,41.75531768798828,0.37037037037037035,0.3617021276595745
336,3,14,1,32400,48,0.0014814814814814814,44.625,0.2391304347826087,0.3541666666666667
336,3,14,2,32400,55,0.0016975308641975309,46.6363639831543,0.30357142857142855,0.21818181818181817
336,3,15,0,32400,104,0.0032098765432098763,37.528846740722656,0.4574468085106383,0.4230769230769231
336,3,15,1,32400,48,0.0014814814814814814,44.10416793823242,0.4583333333333333,0.4791666666666667
336,3,15,2,32400,62,0.0019135802469135803,23.080644607543945,0.32727272727272727,0.24193548387096775
336,3,16,0,32400,114,0.0035185185185185185,41.885963439941406,0.4423076923076923,0.4473684210526316
336,3,16,1,32400,50,0.0015432098765432098,34.79999923706055,0.3125,0.24
336,3,16,2,32400,67,0.002067901234567901,20.388059616088867,0.3709677419354839,0.31343283582089554
336,3,17,0,32400,119,0.0036728395061728395,17.52100944519043,0.4298245614035088,0.5546218487394958
336,3,17,1,32400,39,0.0012037037037037038,30.5384578704834,0.26,0.28205128205128205
336,3,17,2,32400,58,0.0017901234567901235,33.55172348022461,0.22388059701492538,0.3103448275862069
336,3,18,0,32400,122,0.003765432098765432,29.20491600036621,0.47058823529411764,0.5491803278688525
336,3,18,1,32400,35,0.0010802469135802468,36.97142791748047,0.3333333333333333,0.37142857142857144
336,3,18,2,32400,70,0.0021604938271604936,23.214284896850586,0.3448275862068966,0.32857142857142857
336,3,19,0,32400,102,0.003148148148148148,36.98039245605469,0.3770491803278688,0.47058823529411764
336,3,19,1,32400,36,0.0011111111111111111,30.36111068725586,0.2857142857142857,0.4166666666666667
336,3,19,2,32400,60,0.001851851851851852,30.9666690826416,0.21428571428571427,0.36666666666666664
336,3,20,0,32400,114,0.0035185185185185185,35.105262756347656,0.5,0.5
336,3,20,1,32400,30,0.000925925925925926,16.933334350585938,0.3611111111111111,0.3333333333333333
336,3,20,2,32400,42,0.0012962962962962963,32.80952453613281,0.26666666666666666,0.30952380952380953
336,3,21,0,32400,103,0.0031790123456790125,25.60194206237793,0.41228070175438597,0.36893203883495146
336,3,21,1,32400,47,0.0014506172839506173,20.042552947998047,0.4,0.48936170212765956
336,3,21,2,32400,45,0.001388888888888889,24.377779006958008,0.23809523809523808,0.2222222222222222
336,3,22,0,32400,99,0.0030555555555555557,26.171716690063477,0.36893203883495146,0.31313131313131315
336,3,22,1,32400,34,0.0010493827160493827,32.35293960571289,0.3617021276595745,0.4411764705882353
336,3,22,2,32400,65,0.002006172839506173,25.55384635925293,0.28888888888888886,0.38461538461538464
336,3,23,0,32400,107,0.0033024691358024692,29.233644485473633,0.42424242424242425,0.4672897196261682
336,3,23,1,32400,39,0.0012037037037037038,20.794872283935547,0.4117647058823529,0.3333333333333333
336,3,23,2,32400,39,0.0012037037037037038,20.35897445678711,0.16923076923076924,0.3333333333333333
336,3,24,0,32400,119,0.0036728395061728395,28.092437744140625,0.3925233644859813,0.3025210084033613
336,3,24,1,32400,40,0.0012345679012345679,20.475000381469727,0.3076923076923077,0.325
336,3,24,2,32400,64,0.0019753086419753087,31.328125,0.4358974358974359,0.296875
336,3,25,0,32400,126,0.0038888888888888888,37.38095474243164,0.42016806722689076,0.47619047619047616
336,3,25,1,32400,41,0.0012654320987654322,53.29268264770508,0.375,0.36585365853658536
336,3,25,2,32400,73,0.0022530864197530865,42.60274124145508,0.359375,0.3972602739726027
336,3,26,0,32400,121,0.0037345679012345677,39.33884048461914,0.4523809523809524,0.39669421487603307
336,3,26,1,32400,42,0.0012962962962962963,26.619047164916992,0.36585365853658536,0.40476190476190477
336,3,26,2,32400,66,0.002037037037037037,22.106063842773438,0.2876712328767123,0.42424242424242425
336,3,27,0,32400,137,0.004228395061728395,18.759124755859375,0.4297520661157025,0.4233576642335766
336,3,27,1,32400,49,0.0015123456790123457,16.448978424072266,0.42857142857142855,0.3469387755102041
336,3,27,2,32400,72,0.0022222222222222222,20.31944465637207,0.2727272727272727,0.2916666666666667
336,3,28,0,32400,147,0.004537037037037037,31.251699447631836,0.49635036496350365,0.4489795918367347
336,3,28,1,32400,50,0.0015432098765432098,39.47999954223633,0.2857142857142857,0.32
336,3,28,2,32400,80,0.0024691358024691358,39.462501525878906,0.4027777777777778,0.375
336,3,29,0,32400,131,0.00404320987654321,19.671754837036133,0.4217687074829932,0.4351145038167939
336,3,29,1,32400,60,0.001851851851851852,12.850000381469727,0.36,0.38333333333333336
336,3,29,2,32400,63,0.0019444444444444444,22.650794982910156,0.35,0.3968253968253968
336,3,30,0,32400,110,0.0033950617283950617,34.3454475402832,0.3893129770992366,0.36363636363636365
336,3,30,1,32400,45,0.001388888888888889,18.155555725097656,0.3333333333333333,0.4222222222222222
336,3,30,2,32400,60,0.001851851851851852,28.616668701171875,0.38095238095238093,0.31666666666666665
336,3,31,0,32400,115,0.0035493827160493828,26.530433654785156,0.4636363636363636,0.5391304347826087
336,3,31,1,32400,22,0.0006790123456790123,24.68181800842285,0.17777777777777778,0.09090909090909091
336,3,31,2,32400,59,0.0018209876543209876,18.966102600097656,0.35,0.4067796610169492
336,3,32,0,32400,130,0.004012345679012346,25.70769500732422,0.48695652173913045,0.5307692307692308
336,3,32,1,32400,31,0.0009567901234567902,44.51613235473633,0.36363636363636365,0.22580645161290322
336,3,32,2,32400,62,0.0019135802469135803,30.725805282592773,0.3559322033898305,0.532258064516129
336,3,33,0,32400,106,0.003271604938271605,24.339622497558594,0.45384615384615384,0.5377358490566038
336,3,33,1,32400,35,0.0010802469135802468,23.14285659790039,0.3225806451612903,0.14285714285714285
336,3,33,2,32400,66,0.002037037037037037,20.287879943847656,0.41935483870967744,0.5151515151515151
336,3,34,0,32400,129,0.003981481481481482,27.15503692626953,0.4811320754716981,0.5271317829457365
336,3,34,1,32400,32,0.0009876543209876543,21.875,0.2857142857142857,0.28125
336,3,34,2,32400,68,0.0020987654320987655,27.426469802856445,0.30303030303030304,0.4117647058823529
336,3,35,0,32400,112,0.0034567901234567903,17.508930206298828,0.3875968992248062,0.4375
336,3,35,1,32400,29,0.0008950617283950618,24.37931251525879,0.28125,0.10344827586206896
336,3,35,2,32400,70,0.0021604938271604936,13.842857360839844,0.38235294117647056,0.4857142857142857
337,0,1,0,32400,107,0.0033024691358024692,24.21495246887207,-1.0,0.4392523364485981
337,0,1,1,32400,52,0.0016049382716049382,25.250003814697266,-1.0,0.46153846153846156
337,0,1,2,32400,47,0.0014506172839506173,18.340425491333008,-1.0,0.2553191489361702
337,0,2,0,32400,132,0.004074074074074074,24.765151977539062,0.411214953271028,0.5833333333333334
337,0,2,1,32400,49,0.0015123456790123457,21.183673858642578,0.4230769230769231,0.5102040816326531
337,0,2,2,32400,54,0.0016666666666666668,33.42593002319336,0.3191489361702128,0.2777777777777778
337,0,3,0,32400,99,0.0030555555555555557,36.47474670410156,0.3939393939393939,0.5151515151515151
337,0,3,1,32400,53,0.0016358024691358025,29.924528121948242,0.5306122448979592,0.37735849056603776
337,0,3,2,32400,55,0.0016975308641975309,48.436363220214844,0.3333333333333333,0.21818181818181817
337,0,4,0,32400,118,0.0036419753086419752,25.966102600097656,0.40404040404040403,0.576271186440678
337,0,4,1,32400,51,0.001574074074074074,23.098041534423828,0.5094339622641509,0.43137254901960786
337,0,4,2,32400,61,0.001882716049382716,37.14754104614258,0.2545454545454545,0.26229508196721313
337,0,5,0,32400,109,0.0033641975308641974,25.2385311126709,0.4152542372881356,0.47706422018348627
337,0,5,1,32400,44,0.0013580246913580246,28.0,0.29411764705882354,0.3181818181818182
337,0,5,2,32400,51,0.001574074074074074,22.764707565307617,0.19672131147540983,0.11764705882352941
337,0,6,0,32400,91,0.002808641975308642,29.21978187561035,0.3211009174311927,0.3956043956043956
337,0,6,1,32400,33,0.0010185185185185184,47.30303192138672,0.22727272727272727,0.30303030303030304
337,0,6,2,32400,48,0.0014814814814814814,25.58333396911621,0.23529411764705882,0.2708333333333333
337,0,7,0,32400,100,0.0030864197530864196,61.54999923706055,0.46153846153846156,0.42
337,0,7,1,32400,35,0.0010802469135802468,64.02857971191406,0.36363636363636365,0.4
337,0,7,2,32400,44,0.0013580246913580246,36.95454788208008,0.25,0.1590909090909091
337,0,8,0,32400,89,0.0027469135802469136,34.460670471191406,0.37,0.43820224719101125
337,0,8,1,32400,42,0.0012962962962962963,56.5476188659668,0.4,0.2619047619047619
337,0,8,2,32400,56,0.0017283950617283952,44.142860412597656,0.3409090909090909,0.23214285714285715
337,0,9,0,32400,97,0.002993827160493827,41.649478912353516,0.42696629213483145,0.44329896907216493
337,0,9,1,32400,35,0.0010802469135802468,30.428571701049805,0.38095238095238093,0.2571428571428571
337,0,9,2,32400,63,0.0019444444444444444,43.04762268066406,0.25,0.25396825396825395
337,0,10,0,32400,92,0.002839506172839506,26.326087951660156,0.35051546391752575,0.32608695652173914
337,0,10,1,32400,41,0.0012654320987654322,28.463411331176758,0.42857142857142855,0.34146341463414637
337,0,10,2,32400,62,0.0019135802469135803,27.61290168762207,0.25396825396825395,0.3064516129032258
337,0,11,0,32400,101,0.003117283950617284,19.50494956970215,0.32608695652173914,0.46534653465346537
337,0,11,1,32400,47,0.0014506172839506173,22.446807861328125,0.43902439024390244,0.44680851063829785
337,0,11,2,32400,69,0.0021296296296296298,19.753623962402344,0.27419354838709675,0.2898550724637681
337,0,12,0,32400,108,0.0033333333333333335,28.694442749023438,0.42574257425742573,0.4074074074074074
337,0,12,1,32400,46,0.001419753086419753,25.69565200805664,0.3617021276595745,0.2826086956521739
337,0,12,2,32400,56,0.0017283950617283952,30.375001907348633,0.2608695652173913,0.375
337,0,13,0,32400,94,0.0029012345679012346,28.648935317993164,0.37037037037037035,0.3617021276595745
337,0,13,1,32400,48,0.0014814814814814814,30.83333396911621,0.2391304347826087,0.3541666666666667
337,0,13,2,32400,55,0.0016975308641975309,21.18181610107422,0.30357142857142855,0.21818181818181817
337,0,14,0,32400,104,0.0032098765432098763,33.55769348144531,0.4574468085106383,0.4230769230769231
337,0,14,1,32400,48,0.0014814814814814814,33.270835876464844,0.4583333333333333,0.4791666666666667
337,0,14,2,32400,62,0.0019135802469135803,28.516128540039062,0.32727272727272727,0.24193548387096775
337,0,15,0,32400,114,0.0035185185185185185,31.59649085998535,0.4423076923076923,0.4473684210526316
337,0,15,1,32400,50,0.0015432098765432098,30.15999984741211,0.3125,0.24
337,0,15,2,32400,67,0.002067901234567901,29.850746154785156,0.3709677419354839,0.31343283582089554
337,0,16,0,32400,119,0.0036728395061728395,24.58823585510254,0.4298245614035088,0.5546218487394958
337,0,16,1,32400,39,0.0012037037037037038,50.82051086425781,0.26,0.28205128205128205
337,0,16,2,32400,58,0.0017901234567901235,38.7931022644043,0.22388059701492538,0.3103448275862069
337,0,17,0,32400,122,0.003765432098765432,21.934425354003906,0.47058823529411764,0.5491803278688525
337,0,17,1,32400,35,0.0010802469135802468,13.571428298950195,0.3333333333333333,0.37142857142857144
337,0,17,2,32400,70,0.0021604938271604936,27.614286422729492,0.3448275862068966,0.32857142857142857
337,0,18,0,32400,102,0.003148148148148148,51.13725662231445,0.3770491803278688,0.47058823529411764
337,0,18,1,32400,36,0.0011111111111111111,24.72222328186035,0.2857142857142857,0.4166666666666667
337,0,18,2,32400,60,0.001851851851851852,46.85000228881836,0.21428571428571427,0.36666666666666664
337,0,19,0,32400,114,0.0035185185185185185,33.824562072753906,0.5,0.5
337,0,19,1,32400,30,0.000925925925925926,12.966667175292969,0.3611111111111111,0.3333333333333333
337,0,19,2,32400,42,0.0012962962962962963,24.04762077331543,0.26666666666666666,0.30952380952380953
337,0,20,0,32400,103,0.0031790123456790125,25.135923385620117,0.41228070175438597,0.36893203883495146
337,0,20,1,32400,47,0.0014506172839506173,23.212764739990234,0.4,0.48936170212765956
337,0,20,2,32400,45,0.001388888888888889,19.311111450195312,0.23809523809523808,0.2222222222222222
337,0,21,0,32400,99,0.0030555555555555557,21.959596633911133,0.36893203883495146,0.31313131313131315
337,0,21,1,32400,34,0.0010493827160493827,20.617647171020508,0.3617021276595745,0.4411764705882353
337,0,21,2,32400,65,0.002006172839506173,19.015384674072266,0.28888888888888886,0.38461538461538464
337,0,22,0,32400,107,0.0033024691358024692,22.887849807739258,0.42424242424242425,0.4672897196261682
337,0,22,1,32400,39,0.0012037037037037038,32.410255432128906,0.4117647058823529,0.3333333333333333
337,0,22,2,32400,39,0.0012037037037037038,28.538461685180664,0.16923076923076924,0.3333333333333333
337,0,23,0,32400,119,0.0036728395061728395,12.848740577697754,0.3925233644859813,0.3025210084033613
337,0,23,1,32400,40,0.0012345679012345679,25.0,0.3076923076923077,0.325
337,0,23,2,32400,64,0.0019753086419753087,20.109375,0.4358974358974359,0.296875
337,0,24,0,32400,126,0.0038888888888888888,22.22222328186035,0.42016806722689076,0.47619047619047616
337,0,24,1,32400,41,0.0012654320987654322,37.341461181640625,0.375,0.36585365853658536
337,0,24,2,32400,73,0.0022530864197530865,51.397254943847656,0.359375,0.3972602739726027
337,0,25,0,32400,121,0.0037345679012345677,40.471073150634766,0.4523809523809524,0.39669421487603307
337,0,25,1,32400,42,0.0012962962962962963,30.5238094329834,0.36585365853658536,0.40476190476190477
337,0,25,2,32400,66,0.002037037037037037,38.96969985961914,0.2876712328767123,0.42424242424242425
337,0,26,0,32400,137,0.004228395061728395,10.204379081726074,0.4297520661157025,0.4233576642335766
337,0,26,1,32400,49,0.0015123456790123457,8.77550983428955,0.42857142857142855,0.3469387755102041
337,0,26,2,32400,72,0.0022222222222222222,7.666666507720947,0.2727272727272727,0.2916666666666667
337,0,27,0,32400,147,0.004537037037037037,22.53741455078125,0.49635036496350365,0.4489795918367347
337,0,27,1,32400,50,0.0015432098765432098,19.059999465942383,0.2857142857142857,0.32
337,0,27,2,32400,80,0.0024691358024691358,34.51250076293945,0.4027777777777778,0.375
337,0,28,0,32400,131,0.00404320987654321,16.251909255981445,0.4217687074829932,0.4351145038167939
337,0,28,1,32400,60,0.001851851851851852,26.983335494995117,0.36,0.38333333333333336
337,0,28,2,32400,63,0.0019444444444444444,20.698413848876953,0.35,0.3968253968253968
337,0,29,0,32400,110,0.0033950617283950617,23.027271270751953,0.3893129770992366,0.36363636363636365
337,0,29,1,32400,45,0.001388888888888889,18.55555534362793,0.3333333333333333,0.4222222222222222
337,0,29,2,32400,60,0.001851851851851852,26.400001525878906,0.38095238095238093,0.31666666666666665
337,0,30,0,32400,115,0.0035493827160493828,17.68695640563965,0.4636363636363636,0.5391304347826087
337,0,30,1,32400,22,0.0006790123456790123,14.227272033691406,0.17777777777777778,0.09090909090909091
337,0,30,2,32400,59,0.0018209876543209876,19.06779670715332,0.35,0.4067796610169492
337,0,31,0,32400,130,0.004012345679012346,41.27692413330078,0.48695652173913045,0.5307692307692308
337,0,31,1,32400,31,0.0009567901234567902,51.999996185302734,0.36363636363636365,0.22580645161290322
337,0,31,2,32400,62,0.0019135802469135803,31.45161247253418,0.3559322033898305,0.532258064516129
337,0,32,0,32400,106,0.003271604938271605,21.688678741455078,0.45384615384615384,0.5377358490566038
337,0,32,1,32400,35,0.0010802469135802468,31.428571701049805,0.3225806451612903,0.14285714285714285
337,0,32,2,32400,66,0.002037037037037037,28.07575798034668,0.41935483870967744,0.5151515151515151
337,0,33,0,32400,129,0.003981481481481482,26.55038833618164,0.4811320754716981,0.5271317829457365
337,0,33,1,32400,32,0.0009876543209876543,26.562498092651367,0.2857142857142857,0.28125
337,0,33,2,32400,68,0.0020987654320987655,31.352941513061523,0.30303030303030304,0.4117647058823529
337,0,34,0,32400,112,0.0034567901234567903,23.21428680419922,0.3875968992248062,0.4375
337,0,34,1,32400,29,0.0008950617283950618,22.620689392089844,0.28125,0.10344827586206896
337,0,34,2,32400,70,0.0021604938271604936,34.41428756713867,0.38235294117647056,0.4857142857142857
337,0,35,0,32400,144,0.0044444444444444444,54.048614501953125,0.45535714285714285,0.4583333333333333
337,0,35,1,32400,23,0.0007098765432098765,56.78260803222656,0.27586206896551724,0.13043478260869565
337,0,35,2,32400,71,0.002191358024691358,38.28168869018555,0.35714285714285715,0.43661971830985913
337,1,1,0,32400,107,0.0033024691358024692,17.289718627929688,-1.0,0.4392523364485981
337,1,1,1,32400,52,0.0016049382716049382,17.63461685180664,-1.0,0.46153846153846156
337,1,1,2,32400,47,0.0014506172839506173,25.446807861328125,-1.0,0.2553191489361702
337,1,2,0,32400,132,0.004074074074074074,16.969697952270508,0.411214953271028,0.5833333333333334
337,1,2,1,32400,49,0.0015123456790123457,23.755102157592773,0.4230769230769231,0.5102040816326531
337,1,2,2,32400,54,0.0016666666666666668,18.94444465637207,0.3191489361702128,0.2777777777777778
337,1,3,0,32400,99,0.0030555555555555557,23.494949340820312,0.3939393939393939,0.5151515151515151
337,1,3,1,32400,53,0.0016358024691358025,28.41509437561035,0.5306122448979592,0.37735849056603776
337,1,3,2,32400,55,0.0016975308641975309,25.490907669067383,0.3333333333333333,0.21818181818181817
337,1,4,0,32400,118,0.0036419753086419752,30.906780242919922,0.40404040404040403,0.576271186440678
337,1,4,1,32400,51,0.001574074074074074,24.901962280273438,0.5094339622641509,0.43137254901960786
337,1,4,2,32400,61,0.001882716049382716,21.508195877075195,0.2545454545454545,0.26229508196721313
337,1,5,0,32400,109,0.0033641975308641974,18.972476959228516,0.4152542372881356,0.47706422018348627
337,1,5,1,32400,44,0.0013580246913580246,32.31818389892578,0.29411764705882354,0.3181818181818182
337,1,5,2,32400,51,0.001574074074074074,22.5294132232666,0.19672131147540983,0.11764705882352941
337,1,6,0,32400,91,0.002808641975308642,39.17582702636719,0.3211009174311927,0.3956043956043956
337,1,6,1,32400,33,0.0010185185185185184,43.51515197753906,0.22727272727272727,0.30303030303030304
337,1,6,2,32400,48,0.0014814814814814814,44.5,0.23529411764705882,0.2708333333333333
337,1,7,0,32400,100,0.0030864197530864196,22.729999542236328,0.46153846153846156,0.42
337,1,7,1,32400,35,0.0010802469135802468,24.885713577270508,0.36363636363636365,0.4
337,1,7,2,32400,44,0.0013580246913580246,23.97727394104004,0.25,0.1590909090909091
337,1,8,0,32400,89,0.0027469135802469136,23.573034286499023,0.37,0.43820224719101125
337,1,8,1,32400,42,0.0012962962962962963,21.928573608398438,0.4,0.2619047619047619
337,1,8,2,32400,56,0.0017283950617283952,17.410715103149414,0.3409090909090909,0.23214285714285715
337,1,9,0,32400,97,0.002993827160493827,21.8865966796875,0.42696629213483145,0.44329896907216493
337,1,9,1,32400,35,0.0010802469135802468,14.514286041259766,0.38095238095238093,0.2571428571428571
337,1,9,2,32400,63,0.0019444444444444444,24.206350326538086,0.25,0.25396825396825395
337,1,10,0,32400,92,0.002839506172839506,17.05434799194336,0.35051546391752575,0.32608695652173914
337,1,10,1,32400,41,0.0012654320987654322,18.780487060546875,0.42857142857142855,0.34146341463414637
337,1,10,2,32400,62,0.0019135802469135803,18.596773147583008,0.25396825396825395,0.3064516129032258
337,1,11,0,32400,101,0.003117283950617284,50.851478576660156,0.32608695652173914,0.46534653465346537
337,1,11,1,32400,47,0.0014506172839506173,28.59574317932129,0.43902439024390244,0.44680851063829785
337,1,11,2,32400,69,0.0021296296296296298,42.59420394897461,0.27419354838709675,0.2898550724637681
337,1,12,0,32400,108,0.0033333333333333335,15.953703880310059,0.42574257425742573,0.4074074074074074
337,1,12,1,32400,46,0.001419753086419753,22.413043975830078,0.3617021276595745,0.2826086956521739
337,1,12,2,32400,56,0.0017283950617283952,14.285715103149414,0.2608695652173913,0.375
337,1,13,0,32400,94,0.0029012345679012346,20.223403930664062,0.37037037037037035,0.3617021276595745
337,1,13,1,32400,48,0.0014814814814814814,17.8125,0.2391304347826087,0.3541666666666667
337,1,13,2,32400,55,0.0016975308641975309,18.872726440429688,0.30357142857142855,0.21818181818181817
337,1,14,0,32400,104,0.0032098765432098763,25.88461685180664,0.4574468085106383,0.4230769230769231
337,1,14,1,32400,48,0.0014814814814814814,20.0625,0.4583333333333333,0.4791666666666667
337,1,14,2,32400,62,0.0019135802469135803,10.306450843811035,0.32727272727272727,0.24193548387096775
337,1,15,0,32400,114,0.0035185185185185185,19.807018280029297,0.4423076923076923,0.4473684210526316
337,1,15,1,32400,50,0.0015432098765432098,24.5,0.3125,0.24
337,1,15,2,32400,67,0.002067901234567901,22.492536544799805,0.3709677419354839,0.31343283582089554
337,1,16,0,32400,119,0.0036728395061728395,19.571430206298828,0.4298245614035088,0.5546218487394958
337,1,16,1,32400,39,0.0012037037037037038,27.205127716064453,0.26,0.28205128205128205
337,1,16,2,32400,58,0.0017901234567901235,24.84482765197754,0.22388059701492538,0.3103448275862069
337,1,17,0,32400,122,0.003765432098765432,13.999999046325684,0.47058823529411764,0.5491803278688525
337,1,17,1,32400,35,0.0010802469135802468,17.685714721679688,0.3333333333333333,0.37142857142857144
337,1,17,2,32400,70,0.0021604938271604936,13.300000190734863,0.3448275862068966,0.32857142857142857
337,1,18,0,32400,102,0.003148148148148148,29.14705467224121,0.3770491803278688,0.47058823529411764
337,1,18,1,32400,36,0.0011111111111111111,20.0,0.2857142857142857,0.4166666666666667
337,1,18,2,32400,60,0.001851851851851852,20.28333282470703,0.21428571428571427,0.36666666666666664
337,1,19,0,32400,114,0.0035185185185185185,52.07017517089844,0.5,0.5
337,1,19,1,32400,30,0.000925925925925926,74.60001373291016,0.3611111111111111,0.3333333333333333
337,1,19,2,32400,42,0.0012962962962962963,18.69047737121582,0.26666666666666666,0.30952380952380953
337,1,20,0,32400,103,0.0031790123456790125,31.213592529296875,0.41228070175438597,0.36893203883495146
337,1,20,1,32400,47,0.0014506172839506173,34.659576416015625,0.4,0.48936170212765956
337,1,20,2,32400,45,0.001388888888888889,33.13333511352539,0.23809523809523808,0.2222222222222222
337,1,21,0,32400,99,0.0030555555555555557,29.000001907348633,0.36893203883495146,0.31313131313131315
337,1,21,1,32400,34,0.0010493827160493827,53.58824157714844,0.3617021276595745,0.4411764705882353
337,1,21,2,32400,65,0.002006172839506173,30.73846435546875,0.28888888888888886,0.38461538461538464
337,1,22,0,32400,107,0.0033024691358024692,26.52336311340332,0.42424242424242425,0.4672897196261682
337,1,22,1,32400,39,0.0012037037037037038,15.948718070983887,0.4117647058823529,0.3333333333333333
337,1,22,2,32400,39,0.0012037037037037038,17.28205108642578,0.16923076923076924,0.3333333333333333
337,1,23,0,32400,119,0.0036728395061728395,48.605045318603516,0.3925233644859813,0.3025210084033613
337,1,23,1,32400,40,0.0012345679012345679,29.899999618530273,0.3076923076923077,0.325
337,1,23,2,32400,64,0.0019753086419753087,40.828125,0.4358974358974359,0.296875
337,1,24,0,32400,126,0.0038888888888888888,19.952383041381836,0.42016806722689076,0.47619047619047616
337,1,24,1,32400,41,0.0012654320987654322,28.536584854125977,0.375,0.36585365853658536
337,1,24,2,32400,73,0.0022530864197530865,16.931507110595703,0.359375,0.3972602739726027
337,1,25,0,32400,121,0.0037345679012345677,22.958677291870117,0.4523809523809524,0.39669421487603307
337,1,25,1,32400,42,0.0012962962962962963,13.809524536132812,0.36585365853658536,0.40476190476190477
337,1,25,2,32400,66,0.002037037037037037,18.106061935424805,0.2876712328767123,0.42424242424242425
337,1,26,0,32400,137,0.004228395061728395,32.72992706298828,0.4297520661157025,0.4233576642335766
337,1,26,1,32400,49,0.0015123456790123457,38.1224479675293,0.42857142857142855,0.3469387755102041
337,1,26,2,32400,72,0.0022222222222222222,20.875,0.2727272727272727,0.2916666666666667
337,1,27,0,32400,147,0.004537037037037037,19.836734771728516,0.49635036496350365,0.4489795918367347
337,1,27,1,32400,50,0.0015432098765432098,36.73999786376953,0.2857142857142857,0.32
337,1,27,2,32400,80,0.0024691358024691358,26.600000381469727,0.4027777777777778,0.375
337,1,28,0,32400,131,0.00404320987654321,50.90076446533203,0.4217687074829932,0.4351145038167939
337,1,28,1,32400,60,0.001851851851851852,33.083335876464844,0.36,0.38333333333333336
337,1,28,2,32400,63,0.0019444444444444444,30.52381134033203,0.35,0.3968253968253968
337,1,29,0,32400,110,0.0033950617283950617,18.918180465698242,0.3893129770992366,0.36363636363636365
337,1,29,1,32400,45,0.001388888888888889,17.733333587646484,0.3333333333333333,0.4222222222222222
337,1,29,2,32400,60,0.001851851851851852,19.100000381469727,0.38095238095238093,0.31666666666666665
337,1,30,0,32400,115,0.0035493827160493828,27.860868453979492,0.4636363636363636,0.5391304347826087
337,1,30,1,32400,22,0.0006790123456790123,21.136363983154297,0.17777777777777778,0.09090909090909091
337,1,30,2,32400,59,0.0018209876543209876,26.79660987854004,0.35,0.4067796610169492
337,1,31,0,32400,130,0.004012345679012346,30.884614944458008,0.48695652173913045,0.5307692307692308
337,1,31,1,32400,31,0.0009567901234567902,33.6129035949707,0.36363636363636365,0.22580645161290322
337,1,31,2,32400,62,0.0019135802469135803,27.032257080078125,0.3559322033898305,0.532258064516129
337,1,32,0,32400,106,0.003271604938271605,26.943397521972656,0.45384615384615384,0.5377358490566038
337,1,32,1,32400,35,0.0010802469135802468,46.94285583496094,0.3225806451612903,0.14285714285714285
337,1,32,2,32400,66,0.002037037037037037,29.121213912963867,0.41935483870967744,0.5151515151515151
337,1,33,0,32400,129,0.003981481481481482,22.813953399658203,0.4811320754716981,0.5271317829457365
337,1,33,1,32400,32,0.0009876543209876543,22.1875,0.2857142857142857,0.28125
337,1,33,2,32400,68,0.0020987654320987655,28.205883026123047,0.30303030303030304,0.4117647058823529
337,1,34,0,32400,112,0.0034567901234567903,35.205360412597656,0.3875968992248062,0.4375
337,1,34,1,32400,29,0.0008950617283950618,17.44827651977539,0.28125,0.10344827586206896
337,1,34,2,32400,70,0.0021604938271604936,28.842857360839844,0.38235294117647056,0.4857142857142857
337,1,35,0,32400,144,0.0044444444444444444,26.66666603088379,0.45535714285714285,0.4583333333333333
337,1,35,1,32400,23,0.0007098765432098765,27.69565200805664,0.27586206896551724,0.13043478260869565
337,1,35,2,32400,71,0.002191358024691358,28.971830368041992,0.35714285714285715,0.43661971830985913
337,2,1,0,32400,107,0.0033024691358024692,21.560747146606445,-1.0,0.4392523364485981
337,2,1,1,32400,52,0.0016049382716049382,24.69230842590332,-1.0,0.46153846153846156
337,2,1,2,32400,47,0.0014506172839506173,20.851062774658203,-1.0,0.2553191489361702
337,2,2,0,32400,132,0.004074074074074074,18.2424259185791,0.411214953271028,0.5833333333333334
337,2,2,1,32400,49,0.0015123456790123457,20.979591369628906,0.4230769230769231,0.5102040816326531
337,2,2,2,32400,54,0.0016666666666666668,14.333333015441895,0.3191489361702128,0.2777777777777778
337,2,3,0,32400,99,0.0030555555555555557,30.86868667602539,0.3939393939393939,0.5151515151515151
337,2,3,1,32400,53,0.0016358024691358025,33.0,0.5306122448979592,0.37735849056603776
337,2,3,2,32400,55,0.0016975308641975309,34.418182373046875,0.3333333333333333,0.21818181818181817
337,2,4,0,32400,118,0.0036419753086419752,31.79660987854004,0.40404040404040403,0.576271186440678
337,2,4,1,32400,51,0.001574074074074074,20.274511337280273,0.5094339622641509,0.43137254901960786
337,2,4,2,32400,61,0.001882716049382716,34.737701416015625,0.2545454545454545,0.26229508196721313
337,2,5,0,32400,109,0.0033641975308641974,30.623851776123047,0.4152542372881356,0.47706422018348627
337,2,5,1,32400,44,0.0013580246913580246,32.590911865234375,0.29411764705882354,0.3181818181818182
337,2,5,2,32400,51,0.001574074074074074,15.882353782653809,0.19672131147540983,0.11764705882352941
337,2,6,0,32400,91,0.002808641975308642,23.307695388793945,0.3211009174311927,0.3956043956043956
337,2,6,1,32400,33,0.0010185185185185184,58.90909957885742,0.22727272727272727,0.30303030303030304
337,2,6,2,32400,48,0.0014814814814814814,19.479167938232422,0.23529411764705882,0.2708333333333333
337,2,7,0,32400,100,0.0030864197530864196,22.369998931884766,0.46153846153846156,0.42
337,2,7,1,32400,35,0.0010802469135802468,48.79999542236328,0.36363636363636365,0.4
337,2,7,2,32400,44,0.0013580246913580246,51.931819915771484,0.25,0.1590909090909091
337,2,8,0,32400,89,0.0027469135802469136,24.70786476135254,0.37,0.43820224719101125
337,2,8,1,32400,42,0.0012962962962962963,29.19047737121582,0.4,0.2619047619047619
337,2,8,2,32400,56,0.0017283950617283952,16.196430206298828,0.3409090909090909,0.23214285714285715
337,2,9,0,32400,97,0.002993827160493827,31.36082649230957,0.42696629213483145,0.44329896907216493
337,2,9,1,32400,35,0.0010802469135802468,33.0,0.38095238095238093,0.2571428571428571
337,2,9,2,32400,63,0.0019444444444444444,38.650794982910156,0.25,0.25396825396825395
337,2,10,0,32400,92,0.002839506172839506,23.10869598388672,0.35051546391752575,0.32608695652173914
337,2,10,1,32400,41,0.0012654320987654322,16.7560977935791,0.42857142857142855,0.34146341463414637
337,2,10,2,32400,62,0.0019135802469135803,30.5,0.25396825396825395,0.3064516129032258
337,2,11,0,32400,101,0.003117283950617284,40.37623596191406,0.32608695652173914,0.46534653465346537
337,2,11,1,32400,47,0.0014506172839506173,10.638297080993652,0.43902439024390244,0.44680851063829785
337,2,11,2,32400,69,0.0021296296296296298,21.797101974487305,0.27419354838709675,0.2898550724637681
337,2,12,0,32400,108,0.0033333333333333335,19.72222328186035,0.42574257425742573,0.4074074074074074
337,2,12,1,32400,46,0.001419753086419753,31.021739959716797,0.3617021276595745,0.2826086956521739
337,2,12,2,32400,56,0.0017283950617283952,22.375001907348633,0.2608695652173913,0.375
337,2,13,0,32400,94,0.0029012345679012346,29.297870635986328,0.37037037037037035,0.3617021276595745
337,2,13,1,32400,48,0.0014814814814814814,39.770835876464844,0.2391304347826087,0.3541666666666667
337,2,13,2,32400,55,0.0016975308641975309,36.30908966064453,0.30357142857142855,0.21818181818181817
337,2,14,0,32400,104,0.0032098765432098763,23.00961685180664,0.4574468085106383,0.4230769230769231
337,2,14,1,32400,48,0.0014814814814814814,26.854169845581055,0.4583333333333333,0.4791666666666667
337,2,14,2,32400,62,0.0019135802469135803,21.838708877563477,0.32727272727272727,0.24193548387096775
337,2,15,0,32400,114,0.0035185185185185185,35.26315689086914,0.4423076923076923,0.4473684210526316
337,2,15,1,32400,50,0.0015432098765432098,34.540000915527344,0.3125,0.24
337,2,15,2,32400,67,0.002067901234567901,59.641788482666016,0.3709677419354839,0.31343283582089554
337,2,16,0,32400,119,0.0036728395061728395,26.008403778076172,0.4298245614035088,0.5546218487394958
337,2,16,1,32400,39,0.0012037037037037038,34.71794509887695,0.26,0.28205128205128205
337,2,16,2,32400,58,0.0017901234567901235,28.344825744628906,0.22388059701492538,0.3103448275862069
337,2,17,0,32400,122,0.003765432098765432,21.786884307861328,0.47058823529411764,0.5491803278688525
337,2,17,1,32400,35,0.0010802469135802468,13.628573417663574,0.3333333333333333,0.37142857142857144
337,2,17,2,32400,70,0.0021604938271604936,19.47142791748047,0.3448275862068966,0.32857142857142857
337,2,18,0,32400,102,0.003148148148148148,48.735294342041016,0.3770491803278688,0.47058823529411764
337,2,18,1,32400,36,0.0011111111111111111,19.08333396911621,0.2857142857142857,0.4166666666666667
337,2,18,2,32400,60,0.001851851851851852,24.400001525878906,0.21428571428571427,0.36666666666666664
337,2,19,0,32400,114,0.0035185185185185185,28.622806549072266,0.5,0.5
337,2,19,1,32400,30,0.000925925925925926,35.93333435058594,0.3611111111111111,0.3333333333333333
337,2,19,2,32400,42,0.0012962962962962963,22.880952835083008,0.26666666666666666,0.30952380952380953
337,2,20,0,32400,103,0.0031790123456790125,30.165048599243164,0.41228070175438597,0.36893203883495146
337,2,20,1,32400,47,0.0014506172839506173,31.446807861328125,0.4,0.48936170212765956
337,2,20,2,32400,45,0.001388888888888889,30.311111450195312,0.23809523809523808,0.2222222222222222
337,2,21,0,32400,99,0.0030555555555555557,16.929292678833008,0.36893203883495146,0.31313131313131315
337,2,21,1,32400,34,0.0010493827160493827,26.735294342041016,0.3617021276595745,0.4411764705882353
337,2,21,2,32400,65,0.002006172839506173,21.630769729614258,0.28888888888888886,0.38461538461538464
337,2,22,0,32400,107,0.0033024691358024692,24.925230026245117,0.42424242424242425,0.4672897196261682
337,2,22,1,32400,39,0.0012037037037037038,11.871794700622559,0.4117647058823529,0.3333333333333333
337,2,22,2,32400,39,0.0012037037037037038,9.743589401245117,0.16923076923076924,0.3333333333333333
337,2,23,0,32400,119,0.0036728395061728395,20.042016983032227,0.3925233644859813,0.3025210084033613
337,2,23,1,32400,40,0.0012345679012345679,27.475000381469727,0.3076923076923077,0.325
337,2,23,2,32400,64,0.0019753086419753087,22.78125,0.4358974358974359,0.296875
337,2,24,0,32400,126,0.0038888888888888888,31.84920883178711,0.42016806722689076,0.47619047619047616
337,2,24,1,32400,41,0.0012654320987654322,62.73170471191406,0.375,0.36585365853658536
337,2,24,2,32400,73,0.0022530864197530865,41.41095733642578,0.359375,0.3972602739726027
337,2,25,0,32400,121,0.0037345679012345677,21.595041275024414,0.4523809523809524,0.39669421487603307
337,2,25,1,32400,42,0.0012962962962962963,13.523809432983398,0.36585365853658536,0.40476190476190477
337,2,25,2,32400,66,0.002037037037037037,41.151519775390625,0.2876712328767123,0.42424242424242425
337,2,26,0,32400,137,0.004228395061728395,20.16058349609375,0.4297520661157025,0.4233576642335766
337,2,26,1,32400,49,0.0015123456790123457,16.387754440307617,0.42857142857142855,0.3469387755102041
337,2,26,2,32400,72,0.0022222222222222222,15.583333015441895,0.2727272727272727,0.2916666666666667
337,2,27,0,32400,147,0.004537037037037037,19.251699447631836,0.49635036496350365,0.4489795918367347
337,2,27,1,32400,50,0.0015432098765432098,13.15999984741211,0.2857142857142857,0.32
337,2,27,2,32400,80,0.0024691358024691358,14.0,0.4027777777777778,0.375
337,2,28,0,32400,131,0.00404320987654321,66.03053283691406,0.4217687074829932,0.4351145038167939
337,2,28,1,32400,60,0.001851851851851852,43.51667404174805,0.36,0.38333333333333336
337,2,28,2,32400,63,0.0019444444444444444,84.09525299072266,0.35,0.3968253968253968
337,2,29,0,32400,110,0.0033950617283950617,31.790908813476562,0.3893129770992366,0.36363636363636365
337,2,29,1,32400,45,0.001388888888888889,24.666667938232422,0.3333333333333333,0.4222222222222222
337,2,29,2,32400,60,0.001851851851851852,24.58333396911621,0.38095238095238093,0.31666666666666665
337,2,30,0,32400,115,0.0035493827160493828,21.5913028717041,0.4636363636363636,0.5391304347826087
337,2,30,1,32400,22,0.0006790123456790123,43.95454788208008,0.17777777777777778,0.09090909090909091
337,2,30,2,32400,59,0.0018209876543209876,14.86440658569336,0.35,0.4067796610169492
337,2,31,0,32400,130,0.004012345679012346,37.20769119262695,0.48695652173913045,0.5307692307692308
337,2,31,1,32400,31,0.0009567901234567902,15.709676742553711,0.36363636363636365,0.22580645161290322
337,2,31,2,32400,62,0.0019135802469135803,31.774192810058594,0.3559322033898305,0.532258064516129
337,2,32,0,32400,106,0.003271604938271605,20.716981887817383,0.45384615384615384,0.5377358490566038
337,2,32,1,32400,35,0.0010802469135802468,20.91428565979004,0.3225806451612903,0.14285714285714285
337,2,32,2,32400,66,0.002037037037037037,24.07575798034668,0.41935483870967744,0.5151515151515151
337,2,33,0,32400,129,0.003981481481481482,32.34108352661133,0.4811320754716981,0.5271317829457365
337,2,33,1,32400,32,0.0009876543209876543,33.34375,0.2857142857142857,0.28125
337,2,33,2,32400,68,0.0020987654320987655,37.89706039428711,0.30303030303030304,0.4117647058823529
337,2,34,0,32400,112,0.0034567901234567903,35.00893020629883,0.3875968992248062,0.4375
337,2,34,1,32400,29,0.0008950617283950618,36.75862121582031,0.28125,0.10344827586206896
337,2,34,2,32400,70,0.0021604938271604936,19.08571434020996,0.38235294117647056,0.4857142857142857
337,2,35,0,32400,144,0.0044444444444444444,22.53472328186035,0.45535714285714285,0.4583333333333333
337,2,35,1,32400,23,0.0007098765432098765,15.391305923461914,0.27586206896551724,0.13043478260869565
337,2,35,2,32400,71,0.002191358024691358,19.18309783935547,0.35714285714285715,0.43661971830985913
337,3,1,0,32400,107,0.0033024691358024692,24.635513305664062,-1.0,0.4392523364485981
337,3,1,1,32400,52,0.0016049382716049382,32.48077392578125,-1.0,0.46153846153846156
337,3,1,2,32400,47,0.0014506172839506173,27.12765884399414,-1.0,0.2553191489361702
337,3,2,0,32400,132,0.004074074074074074,19.106061935424805,0.411214953271028,0.5833333333333334
337,3,2,1,32400,49,0.0015123456790123457,26.102039337158203,0.4230769230769231,0.5102040816326531
337,3,2,2,32400,54,0.0016666666666666668,25.833335876464844,0.3191489361702128,0.2777777777777778
337,3,3,0,32400,99,0.0030555555555555557,13.21212100982666,0.3939393939393939,0.5151515151515151
337,3,3,1,32400,53,0.0016358024691358025,24.01886749267578,0.5306122448979592,0.37735849056603776
337,3,3,2,32400,55,0.0016975308641975309,19.909090042114258,0.3333333333333333,0.21818181818181817
337,3,4,0,32400,118,0.0036419753086419752,19.855932235717773,0.40404040404040403,0.576271186440678
337,3,4,1,32400,51,0.001574074074074074,27.901962280273438,0.5094339622641509,0.43137254901960786
337,3,4,2,32400,61,0.001882716049382716,37.213111877441406,0.2545454545454545,0.26229508196721313
337,3,5,0,32400,109,0.0033641975308641974,38.39448547363281,0.4152542372881356,0.47706422018348627
337,3,5,1,32400,44,0.0013580246913580246,31.022727966308594,0.29411764705882354,0.3181818181818182
337,3,5,2,32400,51,0.001574074074074074,52.82353210449219,0.19672131147540983,0.11764705882352941
337,3,6,0,32400,91,0.002808641975308642,19.373626708984375,0.3211009174311927,0.3956043956043956
337,3,6,1,32400,33,0.0010185185185185184,59.030296325683594,0.22727272727272727,0.30303030303030304
337,3,6,2,32400,48,0.0014814814814814814,40.999996185302734,0.23529411764705882,0.2708333333333333
337,3,7,0,32400,100,0.0030864197530864196,20.06999969482422,0.46153846153846156,0.42
337,3,7,1,32400,35,0.0010802469135802468,29.828571319580078,0.36363636363636365,0.4
337,3,7,2,32400,44,0.0013580246913580246,9.818181991577148,0.25,0.1590909090909091
337,3,8,0,32400,89,0.0027469135802469136,18.426965713500977,0.37,0.43820224719101125
337,3,8,1,32400,42,0.0012962962962962963,37.738094329833984,0.4,0.2619047619047619
337,3,8,2,32400,56,0.0017283950617283952,19.625,0.3409090909090909,0.23214285714285715
337,3,9,0,32400,97,0.002993827160493827,40.29896926879883,0.42696629213483145,0.44329896907216493
337,3,9,1,32400,35,0.0010802469135802468,52.05714797973633,0.38095238095238093,0.2571428571428571
337,3,9,2,32400,63,0.0019444444444444444,30.920637130737305,0.25,0.25396825396825395
337,3,10,0,32400,92,0.002839506172839506,29.69565200805664,0.35051546391752575,0.32608695652173914
337,3,10,1,32400,41,0.0012654320987654322,70.43901824951172,0.42857142857142855,0.34146341463414637
337,3,10,2,32400,62,0.0019135802469135803,31.43548011779785,0.25396825396825395,0.3064516129032258
337,3,11,0,32400,101,0.003117283950617284,17.356435775756836,0.32608695652173914,0.46534653465346537
337,3,11,1,32400,47,0.0014506172839506173,104.63831329345703,0.43902439024390244,0.44680851063829785
337,3,11,2,32400,69,0.0021296296296296298,67.76813507080078,0.27419354838709675,0.2898550724637681
337,3,12,0,32400,108,0.0033333333333333335,29.240741729736328,0.42574257425742573,0.4074074074074074
337,3,12,1,32400,46,0.001419753086419753,25.60869789123535,0.3617021276595745,0.2826086956521739
337,3,12,2,32400,56,0.0017283950617283952,32.69643020629883,0.2608695652173913,0.375
337,3,13,0,32400,94,0.0029012345679012346,22.872339248657227,0.37037037037037035,0.3617021276595745
337,3,13,1,32400,48,0.0014814814814814814,20.895835876464844,0.2391304347826087,0.3541666666666667
337,3,13,2,32400,55,0.0016975308641975309,50.01818084716797,0.30357142857142855,0.21818181818181817
337,3,14,0,32400,104,0.0032098765432098763,36.230770111083984,0.4574468085106383,0.4230769230769231
337,3,14,1,32400,48,0.0014814814814814814,32.625,0.4583333333333333,0.4791666666666667
337,3,14,2,32400,62,0.0019135802469135803,37.75806427001953,0.32727272727272727,0.24193548387096775
337,3,15,0,32400,114,0.0035185185185185185,22.289474487304688,0.4423076923076923,0.4473684210526316
337,3,15,1,32400,50,0.0015432098765432098,40.52000045776367,0.3125,0.24
337,3,15,2,32400,67,0.002067901234567901,23.955223083496094,0.3709677419354839,0.31343283582089554
337,3,16,0,32400,119,0.0036728395061728395,29.605043411254883,0.4298245614035088,0.5546218487394958
337,3,16,1,32400,39,0.0012037037037037038,25.46154022216797,0.26,0.28205128205128205
337,3,16,2,32400,58,0.0017901234567901235,25.534482955932617,0.22388059701492538,0.3103448275862069
337,3,17,0,32400,122,0.003765432098765432,34.79507827758789,0.47058823529411764,0.5491803278688525
337,3,17,1,32400,35,0.0010802469135802468,21.714284896850586,0.3333333333333333,0.37142857142857144
337,3,17,2,32400,70,0.0021604938271604936,27.957143783569336,0.3448275862068966,0.32857142857142857
337,3,18,0,32400,102,0.003148148148148148,22.117647171020508,0.3770491803278688,0.47058823529411764
337,3,18,1,32400,36,0.0011111111111111111,21.58333396911621,0.2857142857142857,0.4166666666666667
337,3,18,2,32400,60,0.001851851851851852,21.650001525878906,0.21428571428571427,0.36666666666666664
337,3,19,0,32400,114,0.0035185185185185185,12.008771896362305,0.5,0.5
337,3,19,1,32400,30,0.000925925925925926,14.933334350585938,0.3611111111111111,0.3333333333333333
337,3,19,2,32400,42,0.0012962962962962963,10.404762268066406,0.26666666666666666,0.30952380952380953
337,3,20,0,32400,103,0.0031790123456790125,24.708738327026367,0.41228070175438597,0.36893203883495146
337,3,20,1,32400,47,0.0014506172839506173,41.446807861328125,0.4,0.48936170212765956
337,3,20,2,32400,45,0.001388888888888889,34.155555725097656,0.23809523809523808,0.2222222222222222
337,3,21,0,32400,99,0.0030555555555555557,21.676767349243164,0.36893203883495146,0.31313131313131315
337,3,21,1,32400,34,0.0010493827160493827,13.117647171020508,0.3617021276595745,0.4411764705882353
337,3,21,2,32400,65,0.002006172839506173,15.415384292602539,0.28888888888888886,0.38461538461538464
337,3,22,0,32400,107,0.0033024691358024692,20.364484786987305,0.42424242424242425,0.4672897196261682
337,3,22,1,32400,39,0.0012037037037037038,23.230770111083984,0.4117647058823529,0.3333333333333333
337,3,22,2,32400,39,0.0012037037037037038,20.307693481445312,0.16923076923076924,0.3333333333333333
337,3,23,0,32400,119,0.0036728395061728395,21.495800018310547,0.3925233644859813,0.3025210084033613
337,3,23,1,32400,40,0.0012345679012345679,65.1500015258789,0.3076923076923077,0.325
337,3,23,2,32400,64,0.0019753086419753087,74.359375,0.4358974358974359,0.296875
337,3,24,0,32400,126,0.0038888888888888888,24.71428680419922,0.42016806722689076,0.47619047619047616
337,3,24,1,32400,41,0.0012654320987654322,12.317072868347168,0.375,0.36585365853658536
337,3,24,2,32400,73,0.0022530864197530865,18.30137062072754,0.359375,0.3972602739726027
337,3,25,0,32400,121,0.0037345679012345677,22.76859474182129,0.4523809523809524,0.39669421487603307
337,3,25,1,32400,42,0.0012962962962962963,25.71428680419922,0.36585365853658536,0.40476190476190477
337,3,25,2,32400,66,0.002037037037037037,15.909090995788574,0.2876712328767123,0.42424242424242425
337,3,26,0,32400,137,0.004228395061728395,21.094892501831055,0.4297520661157025,0.4233576642335766
337,3,26,1,32400,49,0.0015123456790123457,21.428571701049805,0.42857142857142855,0.3469387755102041
337,3,26,2,32400,72,0.0022222222222222222,22.38888931274414,0.2727272727272727,0.2916666666666667
337,3,27,0,32400,147,0.004537037037037037,34.56462478637695,0.49635036496350365,0.4489795918367347
337,3,27,1,32400,50,0.0015432098765432098,57.65999221801758,0.2857142857142857,0.32
337,3,27,2,32400,80,0.0024691358024691358,23.8125,0.4027777777777778,0.375
337,3,28,0,32400,131,0.00404320987654321,44.77862548828125,0.4217687074829932,0.4351145038167939
337,3,28,1,32400,60,0.001851851851851852,43.5333366394043,0.36,0.38333333333333336
337,3,28,2,32400,63,0.0019444444444444444,23.380952835083008,0.35,0.3968253968253968
337,3,29,0,32400,110,0.0033950617283950617,28.0,0.3893129770992366,0.36363636363636365
337,3,29,1,32400,45,0.001388888888888889,24.822223663330078,0.3333333333333333,0.4222222222222222
337,3,29,2,32400,60,0.001851851851851852,32.01667022705078,0.38095238095238093,0.31666666666666665
337,3,30,0,32400,115,0.0035493827160493828,34.52173614501953,0.4636363636363636,0.5391304347826087
337,3,30,1,32400,22,0.0006790123456790123,25.72727394104004,0.17777777777777778,0.09090909090909091
337,3,30,2,32400,59,0.0018209876543209876,43.050846099853516,0.35,0.4067796610169492
337,3,31,0,32400,130,0.004012345679012346,21.984615325927734,0.48695652173913045,0.5307692307692308
337,3,31,1,32400,31,0.0009567901234567902,15.709676742553711,0.36363636363636365,0.22580645161290322
337,3,31,2,32400,62,0.0019135802469135803,19.112903594970703,0.3559322033898305,0.532258064516129
337,3,32,0,32400,106,0.003271604938271605,20.858489990234375,0.45384615384615384,0.5377358490566038
337,3,32,1,32400,35,0.0010802469135802468,23.657142639160156,0.3225806451612903,0.14285714285714285
337,3,32,2,32400,66,0.002037037037037037,21.893939971923828,0.41935483870967744,0.5151515151515151
337,3,33,0,32400,129,0.003981481481481482,44.28682327270508,0.4811320754716981,0.5271317829457365
337,3,33,1,32400,32,0.0009876543209876543,18.03125,0.2857142857142857,0.28125
337,3,33,2,32400,68,0.0020987654320987655,29.117647171020508,0.30303030303030304,0.4117647058823529
337,3,34,0,32400,112,0.0034567901234567903,15.312500953674316,0.3875968992248062,0.4375
337,3,34,1,32400,29,0.0008950617283950618,23.65517234802246,0.28125,0.10344827586206896
337,3,34,2,32400,70,0.0021604938271604936,20.05714225769043,0.38235294117647056,0.4857142857142857
337,3,35,0,32400,144,0.0044444444444444444,35.29861068725586,0.45535714285714285,0.4583333333333333
337,3,35,1,32400,23,0.0007098765432098765,30.565217971801758,0.27586206896551724,0.13043478260869565
337,3,35,2,32400,71,0.002191358024691358,21.957746505737305,0.35714285714285715,0.43661971830985913
338,0,1,0,32400,132,0.004074074074074074,26.598485946655273,-1.0,0.5833333333333334
338,0,1,1,32400,49,0.0015123456790123457,50.591835021972656,-1.0,0.5102040816326531
338,0,1,2,32400,54,0.0016666666666666668,28.27777862548828,-1.0,0.2777777777777778
338,0,2,0,32400,99,0.0030555555555555557,42.35353469848633,0.3939393939393939,0.5151515151515151
338,0,2,1,32400,53,0.0016358024691358025,37.132076263427734,0.5306122448979592,0.37735849056603776
338,0,2,2,32400,55,0.0016975308641975309,47.3272705078125,0.3333333333333333,0.21818181818181817
338,0,3,0,32400,118,0.0036419753086419752,24.110170364379883,0.40404040404040403,0.576271186440678
338,0,3,1,32400,51,0.001574074074074074,15.372550010681152,0.5094339622641509,0.43137254901960786
338,0,3,2,32400,61,0.001882716049382716,32.622947692871094,0.2545454545454545,0.26229508196721313
338,0,4,0,32400,109,0.0033641975308641974,54.11009216308594,0.4152542372881356,0.47706422018348627
338,0,4,1,32400,44,0.0013580246913580246,33.977272033691406,0.29411764705882354,0.3181818181818182
338,0,4,2,32400,51,0.001574074074074074,43.62745666503906,0.19672131147540983,0.11764705882352941
338,0,5,0,32400,91,0.002808641975308642,26.0219783782959,0.3211009174311927,0.3956043956043956
338,0,5,1,32400,33,0.0010185185185185184,22.18181610107422,0.22727272727272727,0.30303030303030304
338,0,5,2,32400,48,0.0014814814814814814,32.125,0.23529411764705882,0.2708333333333333
338,0,6,0,32400,100,0.0030864197530864196,31.189998626708984,0.46153846153846156,0.42
338,0,6,1,32400,35,0.0010802469135802468,36.0285758972168,0.36363636363636365,0.4
338,0,6,2,32400,44,0.0013580246913580246,20.136362075805664,0.25,0.1590909090909091
338,0,7,0,32400,89,0.0027469135802469136,28.325843811035156,0.37,0.43820224719101125
338,0,7,1,32400,42,0.0012962962962962963,16.761905670166016,0.4,0.2619047619047619
338,0,7,2,32400,56,0.0017283950617283952,52.05357360839844,0.3409090909090909,0.23214285714285715
338,0,8,0,32400,97,0.002993827160493827,31.103092193603516,0.42696629213483145,0.44329896907216493
338,0,8,1,32400,35,0.0010802469135802468,30.08571434020996,0.38095238095238093,0.2571428571428571
338,0,8,2,32400,63,0.0019444444444444444,29.873018264770508,0.25,0.25396825396825395
338,0,9,0,32400,92,0.002839506172839506,66.34782409667969,0.35051546391752575,0.32608695652173914
338,0,9,1,32400,41,0.0012654320987654322,30.439023971557617,0.42857142857142855,0.34146341463414637
338,0,9,2,32400,62,0.0019135802469135803,55.06450653076172,0.25396825396825395,0.3064516129032258
338,0,10,0,32400,101,0.003117283950617284,20.524751663208008,0.32608695652173914,0.46534653465346537
338,0,10,1,32400,47,0.0014506172839506173,14.702127456665039,0.43902439024390244,0.44680851063829785
338,0,10,2,32400,69,0.0021296296296296298,22.24637794494629,0.27419354838709675,0.2898550724637681
338,0,11,0,32400,108,0.0033333333333333335,21.91666603088379,0.42574257425742573,0.4074074074074074
338,0,11,1,32400,46,0.001419753086419753,19.34782600402832,0.3617021276595745,0.2826086956521739
338,0,11,2,32400,56,0.0017283950617283952,18.10714340209961,0.2608695652173913,0.375
338,0,12,0,32400,94,0.0029012345679012346,43.64893341064453,0.37037037037037035,0.3617021276595745
338,0,12,1,32400,48,0.0014814814814814814,62.79166793823242,0.2391304347826087,0.3541666666666667
338,0,12,2,32400,55,0.0016975308641975309,33.6363639831543,0.30357142857142855,0.21818181818181817
338,0,13,0,32400,104,0.0032098765432098763,34.4134635925293,0.4574468085106383,0.4230769230769231
338,0,13,1,32400,48,0.0014814814814814814,29.291667938232422,0.4583333333333333,0.4791666666666667
338,0,13,2,32400,62,0.0019135802469135803,31.145160675048828,0.32727272727272727,0.24193548387096775
338,0,14,0,32400,114,0.0035185185185185185,21.552631378173828,0.4423076923076923,0.4473684210526316
338,0,14,1,32400,50,0.0015432098765432098,18.239999771118164,0.3125,0.24
338,0,14,2,32400,67,0.002067901234567901,21.507465362548828,0.3709677419354839,0.31343283582089554
338,0,15,0,32400,119,0.0036728395061728395,24.54622459411621,0.4298245614035088,0.5546218487394958
338,0,15,1,32400,39,0.0012037037037037038,27.153846740722656,0.26,0.28205128205128205
338,0,15,2,32400,58,0.0017901234567901235,20.586206436157227,0.22388059701492538,0.3103448275862069
338,0,16,0,32400,122,0.003765432098765432,22.983604431152344,0.47058823529411764,0.5491803278688525
338,0,16,1,32400,35,0.0010802469135802468,21.685712814331055,0.3333333333333333,0.37142857142857144
338,0,16,2,32400,70,0.0021604938271604936,24.02857208251953,0.3448275862068966,0.32857142857142857
338,0,17,0,32400,102,0.003148148148148148,30.382354736328125,0.3770491803278688,0.47058823529411764
338,0,17,1,32400,36,0.0011111111111111111,22.72222328186035,0.2857142857142857,0.4166666666666667
338,0,17,2,32400,60,0.001851851851851852,24.183334350585938,0.21428571428571427,0.36666666666666664
338,0,18,0,32400,114,0.0035185185185185185,16.21929931640625,0.5,0.5
338,0,18,1,32400,30,0.000925925925925926,17.033334732055664,0.3611111111111111,0.3333333333333333
338,0,18,2,32400,42,0.0012962962962962963,19.404762268066406,0.26666666666666666,0.30952380952380953
338,0,19,0,32400,103,0.0031790123456790125,38.73786926269531,0.41228070175438597,0.36893203883495146
338,0,19,1,32400,47,0.0014506172839506173,39.44681167602539,0.4,0.48936170212765956
338,0,19,2,32400,45,0.001388888888888889,96.44445037841797,0.23809523809523808,0.2222222222222222
338,0,20,0,32400,99,0.0030555555555555557,24.676767349243164,0.36893203883495146,0.31313131313131315
338,0,20,1,32400,34,0.0010493827160493827,15.470588684082031,0.3617021276595745,0.4411764705882353
338,0,20,2,32400,65,0.002006172839506173,28.69230842590332,0.28888888888888886,0.38461538461538464
338,0,21,0,32400,107,0.0033024691358024692,28.018693923950195,0.42424242424242425,0.4672897196261682
338,0,21,1,32400,39,0.0012037037037037038,32.79487609863281,0.4117647058823529,0.3333333333333333
338,0,21,2,32400,39,0.0012037037037037038,11.84615421295166,0.16923076923076924,0.3333333333333333
338,0,22,0,32400,119,0.0036728395061728395,19.235294342041016,0.3925233644859813,0.3025210084033613
338,0,22,1,32400,40,0.0012345679012345679,10.15000057220459,0.3076923076923077,0.325
338,0,22,2,32400,64,0.0019753086419753087,16.796875,0.4358974358974359,0.296875
338,0,23,0,32400,126,0.0038888888888888888,12.309524536132812,0.42016806722689076,0.47619047619047616
338,0,23,1,32400,41,0.0012654320987654322,16.097562789916992,0.375,0.36585365853658536
338,0,23,2,32400,73,0.0022530864197530865,14.98630142211914,0.359375,0.3972602739726027
338,0,24,0,32400,121,0.0037345679012345677,21.991735458374023,0.4523809523809524,0.39669421487603307
338,0,24,1,32400,42,0.0012962962962962963,16.404762268066406,0.36585365853658536,0.40476190476190477
338,0,24,2,32400,66,0.002037037037037037,41.54545593261719,0.2876712328767123,0.42424242424242425
338,0,25,0,32400,137,0.004228395061728395,29.781021118164062,0.4297520661157025,0.4233576642335766
338,0,25,1,32400,49,0.0015123456790123457,44.34693908691406,0.42857142857142855,0.3469387755102041
338,0,25,2,32400,72,0.0022222222222222222,31.79166603088379,0.2727272727272727,0.2916666666666667
338,0,26,0,32400,147,0.004537037037037037,18.578231811523438,0.49635036496350365,0.4489795918367347
338,0,26,1,32400,50,0.0015432098765432098,22.420000076293945,0.2857142857142857,0.32
338,0,26,2,32400,80,0.0024691358024691358,23.825002670288086,0.4027777777777778,0.375
338,0,27,0,32400,131,0.00404320987654321,26.748090744018555,0.4217687074829932,0.4351145038167939
338,0,27,1,32400,60,0.001851851851851852,35.95000076293945,0.36,0.38333333333333336
338,0,27,2,32400,63,0.0019444444444444444,24.539684295654297,0.35,0.3968253968253968
338,0,28,0,32400,110,0.0033950617283950617,15.809090614318848,0.3893129770992366,0.36363636363636365
338,0,28,1,32400,45,0.001388888888888889,13.622222900390625,0.3333333333333333,0.4222222222222222
338,0,28,2,32400,60,0.001851851851851852,25.46666717529297,0.38095238095238093,0.31666666666666665
338,0,29,0,32400,115,0.0035493827160493828,26.61739158630371,0.4636363636363636,0.5391304347826087
338,0,29,1,32400,22,0.0006790123456790123,83.2272720336914,0.17777777777777778,0.09090909090909091
338,0,29,2,32400,59,0.0018209876543209876,42.84745788574219,0.35,0.4067796610169492
338,0,30,0,32400,130,0.004012345679012346,25.438459396362305,0.48695652173913045,0.5307692307692308
338,0,30,1,32400,31,0.0009567901234567902,23.548385620117188,0.36363636363636365,0.22580645161290322
338,0,30,2,32400,62,0.0019135802469135803,25.45161247253418,0.3559322033898305,0.532258064516129
338,0,31,0,32400,106,0.003271604938271605,26.08490562438965,0.45384615384615384,0.5377358490566038
338,0,31,1,32400,35,0.0010802469135802468,23.399999618530273,0.3225806451612903,0.14285714285714285
338,0,31,2,32400,66,0.002037037037037037,23.772727966308594,0.41935483870967744,0.5151515151515151
338,0,32,0,32400,129,0.003981481481481482,32.7984504699707,0.4811320754716981,0.5271317829457365
338,0,32,1,32400,32,0.0009876543209876543,27.0625,0.2857142857142857,0.28125
338,0,32,2,32400,68,0.0020987654320987655,41.014705657958984,0.30303030303030304,0.4117647058823529
338,0,33,0,32400,112,0.0034567901234567903,36.24107360839844,0.3875968992248062,0.4375
338,0,33,1,32400,29,0.0008950617283950618,35.86206817626953,0.28125,0.10344827586206896
338,0,33,2,32400,70,0.0021604938271604936,27.428571701049805,0.38235294117647056,0.4857142857142857
338,0,34,0,32400,144,0.0044444444444444444,49.5625,0.45535714285714285,0.4583333333333333
338,0,34,1,32400,23,0.0007098765432098765,43.95652389526367,0.27586206896551724,0.13043478260869565
338,0,34,2,32400,71,0.002191358024691358,25.91549301147461,0.35714285714285715,0.43661971830985913
338,0,35,0,32400,114,0.0035185185185185185,24.947368621826172,0.3541666666666667,0.40350877192982454
338,0,35,1,32400,29,0.0008950617283950618,28.034482955932617,0.21739130434782608,0.3103448275862069
338,0,35,2,32400,51,0.001574074074074074,27.117647171020508,0.22535211267605634,0.39215686274509803
338,1,1,0,32400,132,0.004074074074074074,16.75757598876953,-1.0,0.5833333333333334
338,1,1,1,32400,49,0.0015123456790123457,16.122447967529297,-1.0,0.5102040816326531
338,1,1,2,32400,54,0.0016666666666666668,10.481481552124023,-1.0,0.2777777777777778
338,1,2,0,32400,99,0.0030555555555555557,21.484848022460938,0.3939393939393939,0.5151515151515151
338,1,2,1,32400,53,0.0016358024691358025,18.622642517089844,0.5306122448979592,0.37735849056603776
338,1,2,2,32400,55,0.0016975308641975309,25.000001907348633,0.3333333333333333,0.21818181818181817
338,1,3,0,32400,118,0.0036419753086419752,28.533899307250977,0.40404040404040403,0.576271186440678
338,1,3,1,32400,51,0.001574074074074074,21.509803771972656,0.5094339622641509,0.43137254901960786
338,1,3,2,32400,61,0.001882716049382716,31.967214584350586,0.2545454545454545,0.26229508196721313
338,1,4,0,32400,109,0.0033641975308641974,104.55964660644531,0.4152542372881356,0.47706422018348627
338,1,4,1,32400,44,0.0013580246913580246,34.181819915771484,0.29411764705882354,0.3181818181818182
338,1,4,2,32400,51,0.001574074074074074,26.117645263671875,0.19672131147540983,0.11764705882352941
338,1,5,0,32400,91,0.002808641975308642,26.934066772460938,0.3211009174311927,0.3956043956043956
338,1,5,1,32400,33,0.0010185185185185184,25.666667938232422,0.22727272727272727,0.30303030303030304
338,1,5,2,32400,48,0.0014814814814814814,29.791667938232422,0.23529411764705882,0.2708333333333333
338,1,6,0,32400,100,0.0030864197530864196,30.399999618530273,0.46153846153846156,0.42
338,1,6,1,32400,35,0.0010802469135802468,36.54286193847656,0.36363636363636365,0.4
338,1,6,2,32400,44,0.0013580246913580246,38.340911865234375,0.25,0.1590909090909091
338,1,7,0,32400,89,0.0027469135802469136,26.51685333251953,0.37,0.43820224719101125
338,1,7,1,32400,42,0.0012962962962962963,27.880956649780273,0.4,0.2619047619047619
338,1,7,2,32400,56,0.0017283950617283952,25.750001907348633,0.3409090909090909,0.23214285714285715
338,1,8,0,32400,97,0.002993827160493827,19.020618438720703,0.42696629213483145,0.44329896907216493
338,1,8,1,32400,35,0.0010802469135802468,21.885713577270508,0.38095238095238093,0.2571428571428571
338,1,8,2,32400,63,0.0019444444444444444,20.60317611694336,0.25,0.25396825396825395
338,1,9,0,32400,92,0.002839506172839506,21.75,0.35051546391752575,0.32608695652173914
338,1,9,1,32400,41,0.0012654320987654322,17.80487823486328,0.42857142857142855,0.34146341463414637
338,1,9,2,32400,62,0.0019135802469135803,43.354835510253906,0.25396825396825395,0.3064516129032258
338,1,10,0,32400,101,0.003117283950617284,18.871286392211914,0.32608695652173914,0.46534653465346537
338,1,10,1,32400,47,0.0014506172839506173,15.446807861328125,0.43902439024390244,0.44680851063829785
338,1,10,2,32400,69,0.0021296296296296298,27.362319946289062,0.27419354838709675,0.2898550724637681
338,1,11,0,32400,108,0.0033333333333333335,26.16666603088379,0.42574257425742573,0.4074074074074074
338,1,11,1,32400,46,0.001419753086419753,19.04347801208496,0.3617021276595745,0.2826086956521739
338,1,11,2,32400,56,0.0017283950617283952,21.660715103149414,0.2608695652173913,0.375
338,1,12,0,32400,94,0.0029012345679012346,21.89361572265625,0.37037037037037035,0.3617021276595745
338,1,12,1,32400,48,0.0014814814814814814,27.77083396911621,0.2391304347826087,0.3541666666666667
338,1,12,2,32400,55,0.0016975308641975309,20.18181800842285,0.30357142857142855,0.21818181818181817
338,1,13,0,32400,104,0.0032098765432098763,17.788461685180664,0.4574468085106383,0.4230769230769231
338,1,13,1,32400,48,0.0014814814814814814,26.854167938232422,0.4583333333333333,0.4791666666666667
338,1,13,2,32400,62,0.0019135802469135803,26.564516067504883,0.32727272727272727,0.24193548387096775
338,1,14,0,32400,114,0.0035185185185185185,32.675437927246094,0.4423076923076923,0.4473684210526316
338,1,14,1,32400,50,0.0015432098765432098,33.320003509521484,0.3125,0.24
338,1,14,2,32400,67,0.002067901234567901,24.208955764770508,0.3709677419354839,0.31343283582089554
338,1,15,0,32400,119,0.0036728395061728395,16.66386604309082,0.4298245614035088,0.5546218487394958
338,1,15,1,32400,39,0.0012037037037037038,9.076923370361328,0.26,0.28205128205128205
338,1,15,2,32400,58,0.0017901234567901235,21.36206817626953,0.22388059701492538,0.3103448275862069
338,1,16,0,32400,122,0.003765432098765432,16.278688430786133,0.47058823529411764,0.5491803278688525
338,1,16,1,32400,35,0.0010802469135802468,16.200000762939453,0.3333333333333333,0.37142857142857144
338,1,16,2,32400,70,0.0021604938271604936,15.985713958740234,0.3448275862068966,0.32857142857142857
338,1,17,0,32400,102,0.003148148148148148,39.960784912109375,0.3770491803278688,0.47058823529411764
338,1,17,1,32400,36,0.0011111111111111111,31.19444465637207,0.2857142857142857,0.4166666666666667
338,1,17,2,32400,60,0.001851851851851852,35.91667175292969,0.21428571428571427,0.36666666666666664
338,1,18,0,32400,114,0.0035185185185185185,41.3684196472168,0.5,0.5
338,1,18,1,32400,30,0.000925925925925926,27.200000762939453,0.3611111111111111,0.3333333333333333
338,1,18,2,32400,42,0.0012962962962962963,28.880952835083008,0.26666666666666666,0.30952380952380953
338,1,19,0,32400,103,0.0031790123456790125,35.786407470703125,0.41228070175438597,0.36893203883495146
338,1,19,1,32400,47,0.0014506172839506173,23.25531768798828,0.4,0.48936170212765956
338,1,19,2,32400,45,0.001388888888888889,32.53333282470703,0.23809523809523808,0.2222222222222222
338,1,20,0,32400,99,0.0030555555555555557,22.393939971923828,0.36893203883495146,0.31313131313131315
338,1,20,1,32400,34,0.0010493827160493827,30.47058868408203,0.3617021276595745,0.4411764705882353
338,1,20,2,32400,65,0.002006172839506173,28.584617614746094,0.28888888888888886,0.38461538461538464
338,1,21,0,32400,107,0.0033024691358024692,10.915887832641602,0.42424242424242425,0.4672897196261682
338,1,21,1,32400,39,0.0012037037037037038,19.076923370361328,0.4117647058823529,0.3333333333333333
338,1,21,2,32400,39,0.0012037037037037038,13.948718070983887,0.16923076923076924,0.3333333333333333
338,1,22,0,32400,119,0.0036728395061728395,20.605043411254883,0.3925233644859813,0.3025210084033613
338,1,22,1,32400,40,0.0012345679012345679,14.475000381469727,0.3076923076923077,0.325
338,1,22,2,32400,64,0.0019753086419753087,20.125,0.4358974358974359,0.296875
338,1,23,0,32400,126,0.0038888888888888888,20.674604415893555,0.42016806722689076,0.47619047619047616
338,1,23,1,32400,41,0.0012654320987654322,30.219511032104492,0.375,0.36585365853658536
338,1,23,2,32400,73,0.0022530864197530865,27.260272979736328,0.359375,0.3972602739726027
338,1,24,0,32400,121,0.0037345679012345677,35.958675384521484,0.4523809523809524,0.39669421487603307
338,1,24,1,32400,42,0.0012962962962962963,21.119047164916992,0.36585365853658536,0.40476190476190477
338,1,24,2,32400,66,0.002037037037037037,20.090909957885742,0.2876712328767123,0.42424242424242425
338,1,25,0,32400,137,0.004228395061728395,26.364967346191406,0.4297520661157025,0.4233576642335766
338,1,25,1,32400,49,0.0015123456790123457,25.224491119384766,0.42857142857142855,0.3469387755102041
338,1,25,2,32400,72,0.0022222222222222222,17.01388931274414,0.2727272727272727,0.2916666666666667
338,1,26,0,32400,147,0.004537037037037037,25.0748291015625,0.49635036496350365,0.4489795918367347
338,1,26,1,32400,50,0.0015432098765432098,20.559999465942383,0.2857142857142857,0.32
338,1,26,2,32400,80,0.0024691358024691358,27.0,0.4027777777777778,0.375
338,1,27,0,32400,131,0.00404320987654321,17.770992279052734,0.4217687074829932,0.4351145038167939
338,1,27,1,32400,60,0.001851851851851852,28.51666831970215,0.36,0.38333333333333336
338,1,27,2,32400,63,0.0019444444444444444,24.000001907348633,0.35,0.3968253968253968
338,1,28,0,32400,110,0.0033950617283950617,24.436363220214844,0.3893129770992366,0.36363636363636365
338,1,28,1,32400,45,0.001388888888888889,23.577781677246094,0.3333333333333333,0.4222222222222222
338,1,28,2,32400,60,0.001851851851851852,27.20000457763672,0.38095238095238093,0.31666666666666665
338,1,29,0,32400,115,0.0035493827160493828,37.69565200805664,0.4636363636363636,0.5391304347826087
338,1,29,1,32400,22,0.0006790123456790123,23.72727394104004,0.17777777777777778,0.09090909090909091
338,1,29,2,32400,59,0.0018209876543209876,30.50847625732422,0.35,0.4067796610169492
338,1,30,0,32400,130,0.004012345679012346,33.79230880737305,0.48695652173913045,0.5307692307692308
338,1,30,1,32400,31,0.0009567901234567902,22.096773147583008,0.36363636363636365,0.22580645161290322
338,1,30,2,32400,62,0.0019135802469135803,31.596773147583008,0.3559322033898305,0.532258064516129
338,1,31,0,32400,106,0.003271604938271605,34.31132125854492,0.45384615384615384,0.5377358490566038
338,1,31,1,32400,35,0.0010802469135802468,38.85714340209961,0.3225806451612903,0.14285714285714285
338,1,31,2,32400,66,0.002037037037037037,48.40909194946289,0.41935483870967744,0.5151515151515151
338,1,32,0,32400,129,0.003981481481481482,54.66666793823242,0.4811320754716981,0.5271317829457365
338,1,32,1,32400,32,0.0009876543209876543,38.6875,0.2857142857142857,0.28125
338,1,32,2,32400,68,0.0020987654320987655,35.04411697387695,0.30303030303030304,0.4117647058823529
338,1,33,0,32400,112,0.0034567901234567903,24.285715103149414,0.3875968992248062,0.4375
338,1,33,1,32400,29,0.0008950617283950618,17.310344696044922,0.28125,0.10344827586206896
338,1,33,2,32400,70,0.0021604938271604936,26.4857120513916,0.38235294117647056,0.4857142857142857
338,1,34,0,32400,144,0.0044444444444444444,30.59027862548828,0.45535714285714285,0.4583333333333333
338,1,34,1,32400,23,0.0007098765432098765,27.39130401611328,0.27586206896551724,0.13043478260869565
338,1,34,2,32400,71,0.002191358024691358,29.8873233795166,0.35714285714285715,0.43661971830985913
338,1,35,0,32400,114,0.0035185185185185185,24.86842155456543,0.3541666666666667,0.40350877192982454
338,1,35,1,32400,29,0.0008950617283950618,60.517250061035156,0.21739130434782608,0.3103448275862069
338,1,35,2,32400,51,0.001574074074074074,34.39216232299805,0.22535211267605634,0.39215686274509803
338,2,1,0,32400,132,0.004074074074074074,27.106061935424805,-1.0,0.5833333333333334
338,2,1,1,32400,49,0.0015123456790123457,34.51020431518555,-1.0,0.5102040816326531
338,2,1,2,32400,54,0.0016666666666666668,29.296297073364258,-1.0,0.2777777777777778
338,2,2,0,32400,99,0.0030555555555555557,51.17171859741211,0.3939393939393939,0.5151515151515151
338,2,2,1,32400,53,0.0016358024691358025,46.622642517089844,0.5306122448979592,0.37735849056603776
338,2,2,2,32400,55,0.0016975308641975309,46.94545364379883,0.3333333333333333,0.21818181818181817
338,2,3,0,32400,118,0.0036419753086419752,41.440677642822266,0.40404040404040403,0.576271186440678
338,2,3,1,32400,51,0.001574074074074074,32.27450942993164,0.5094339622641509,0.43137254901960786
338,2,3,2,32400,61,0.001882716049382716,36.622947692871094,0.2545454545454545,0.26229508196721313
338,2,4,0,32400,109,0.0033641975308641974,49.532108306884766,0.4152542372881356,0.47706422018348627
338,2,4,1,32400,44,0.0013580246913580246,57.75,0.29411764705882354,0.3181818181818182
338,2,4,2,32400,51,0.001574074074074074,65.686279296875,0.19672131147540983,0.11764705882352941
338,2,5,0,32400,91,0.002808641975308642,33.263736724853516,0.3211009174311927,0.3956043956043956
338,2,5,1,32400,33,0.0010185185185185184,26.424245834350586,0.22727272727272727,0.30303030303030304
338,2,5,2,32400,48,0.0014814814814814814,16.02083396911621,0.23529411764705882,0.2708333333333333
338,2,6,0,32400,100,0.0030864197530864196,24.31999969482422,0.46153846153846156,0.42
338,2,6,1,32400,35,0.0010802469135802468,38.02857208251953,0.36363636363636365,0.4
338,2,6,2,32400,44,0.0013580246913580246,30.022727966308594,0.25,0.1590909090909091
338,2,7,0,32400,89,0.0027469135802469136,11.955056190490723,0.37,0.43820224719101125
338,2,7,1,32400,42,0.0012962962962962963,13.142857551574707,0.4,0.2619047619047619
338,2,7,2,32400,56,0.0017283950617283952,21.875001907348633,0.3409090909090909,0.23214285714285715
338,2,8,0,32400,97,0.002993827160493827,44.494842529296875,0.42696629213483145,0.44329896907216493
338,2,8,1,32400,35,0.0010802469135802468,33.20000076293945,0.38095238095238093,0.2571428571428571
338,2,8,2,32400,63,0.0019444444444444444,27.365081787109375,0.25,0.25396825396825395
338,2,9,0,32400,92,0.002839506172839506,33.14130401611328,0.35051546391752575,0.32608695652173914
338,2,9,1,32400,41,0.0012654320987654322,31.51219367980957,0.42857142857142855,0.34146341463414637
338,2,9,2,32400,62,0.0019135802469135803,38.16128921508789,0.25396825396825395,0.3064516129032258
338,2,10,0,32400,101,0.003117283950617284,32.5445556640625,0.32608695652173914,0.46534653465346537
338,2,10,1,32400,47,0.0014506172839506173,22.574466705322266,0.43902439024390244,0.44680851063829785
338,2,10,2,32400,69,0.0021296296296296298,42.82608413696289,0.27419354838709675,0.2898550724637681
338,2,11,0,32400,108,0.0033333333333333335,39.10185241699219,0.42574257425742573,0.4074074074074074
338,2,11,1,32400,46,0.001419753086419753,26.913043975830078,0.3617021276595745,0.2826086956521739
338,2,11,2,32400,56,0.0017283950617283952,51.25000762939453,0.2608695652173913,0.375
338,2,12,0,32400,94,0.0029012345679012346,32.52127456665039,0.37037037037037035,0.3617021276595745
338,2,12,1,32400,48,0.0014814814814814814,16.479167938232422,0.2391304347826087,0.3541666666666667
338,2,12,2,32400,55,0.0016975308641975309,25.92727279663086,0.30357142857142855,0.21818181818181817
338,2,13,0,32400,104,0.0032098765432098763,24.951923370361328,0.4574468085106383,0.4230769230769231
338,2,13,1,32400,48,0.0014814814814814814,36.47916793823242,0.4583333333333333,0.4791666666666667
338,2,13,2,32400,62,0.0019135802469135803,29.838708877563477,0.32727272727272727,0.24193548387096775
338,2,14,0,32400,114,0.0035185185185185185,18.456140518188477,0.4423076923076923,0.4473684210526316
338,2,14,1,32400,50,0.0015432098765432098,84.48001098632812,0.3125,0.24
338,2,14,2,32400,67,0.002067901234567901,64.02984619140625,0.3709677419354839,0.31343283582089554
338,2,15,0,32400,119,0.0036728395061728395,69.21009063720703,0.4298245614035088,0.5546218487394958
338,2,15,1,32400,39,0.0012037037037037038,69.30769348144531,0.26,0.28205128205128205
338,2,15,2,32400,58,0.0017901234567901235,24.551721572875977,0.22388059701492538,0.3103448275862069
338,2,16,0,32400,122,0.003765432098765432,29.368850708007812,0.47058823529411764,0.5491803278688525
338,2,16,1,32400,35,0.0010802469135802468,28.71428680419922,0.3333333333333333,0.37142857142857144
338,2,16,2,32400,70,0.0021604938271604936,20.685714721679688,0.3448275862068966,0.32857142857142857
338,2,17,0,32400,102,0.003148148148148148,15.715686798095703,0.3770491803278688,0.47058823529411764
338,2,17,1,32400,36,0.0011111111111111111,13.361111640930176,0.2857142857142857,0.4166666666666667
338,2,17,2,32400,60,0.001851851851851852,11.300000190734863,0.21428571428571427,0.36666666666666664
338,2,18,0,32400,114,0.0035185185185185185,15.85087776184082,0.5,0.5
338,2,18,1,32400,30,0.000925925925925926,18.166667938232422,0.3611111111111111,0.3333333333333333
338,2,18,2,32400,42,0.0012962962962962963,27.642858505249023,0.26666666666666666,0.30952380952380953
338,2,19,0,32400,103,0.0031790123456790125,37.12621307373047,0.41228070175438597,0.36893203883495146
338,2,19,1,32400,47,0.0014506172839506173,24.4255313873291,0.4,0.48936170212765956
338,2,19,2,32400,45,0.001388888888888889,35.60000228881836,0.23809523809523808,0.2222222222222222
338,2,20,0,32400,99,0.0030555555555555557,27.26262664794922,0.36893203883495146,0.31313131313131315
338,2,20,1,32400,34,0.0010493827160493827,20.794116973876953,0.3617021276595745,0.4411764705882353
338,2,20,2,32400,65,0.002006172839506173,23.33846092224121,0.28888888888888886,0.38461538461538464
338,2,21,0,32400,107,0.0033024691358024692,20.962615966796875,0.42424242424242425,0.4672897196261682
338,2,21,1,32400,39,0.0012037037037037038,28.71794891357422,0.4117647058823529,0.3333333333333333
338,2,21,2,32400,39,0.0012037037037037038,20.076923370361328,0.16923076923076924,0.3333333333333333
338,2,22,0,32400,119,0.0036728395061728395,20.907564163208008,0.3925233644859813,0.3025210084033613
338,2,22,1,32400,40,0.0012345679012345679,13.725000381469727,0.3076923076923077,0.325
338,2,22,2,32400,64,0.0019753086419753087,17.265625,0.4358974358974359,0.296875
338,2,23,0,32400,126,0.0038888888888888888,24.54762077331543,0.42016806722689076,0.47619047619047616
338,2,23,1,32400,41,0.0012654320987654322,11.390243530273438,0.375,0.36585365853658536
338,2,23,2,32400,73,0.0022530864197530865,33.17808151245117,0.359375,0.3972602739726027
338,2,24,0,32400,121,0.0037345679012345677,27.355371475219727,0.4523809523809524,0.39669421487603307
338,2,24,1,32400,42,0.0012962962962962963,31.095237731933594,0.36585365853658536,0.40476190476190477
338,2,24,2,32400,66,0.002037037037037037,40.24242401123047,0.2876712328767123,0.42424242424242425
338,2,25,0,32400,137,0.004228395061728395,55.598541259765625,0.4297520661157025,0.4233576642335766
338,2,25,1,32400,49,0.0015123456790123457,60.020408630371094,0.42857142857142855,0.3469387755102041
338,2,25,2,32400,72,0.0022222222222222222,41.23611068725586,0.2727272727272727,0.2916666666666667
338,2,26,0,32400,147,0.004537037037037037,31.34013557434082,0.49635036496350365,0.4489795918367347
338,2,26,1,32400,50,0.0015432098765432098,54.13999938964844,0.2857142857142857,0.32
338,2,26,2,32400,80,0.0024691358024691358,25.899999618530273,0.4027777777777778,0.375
338,2,27,0,32400,131,0.00404320987654321,35.885498046875,0.4217687074829932,0.4351145038167939
338,2,27,1,32400,60,0.001851851851851852,28.166667938232422,0.36,0.38333333333333336
338,2,27,2,32400,63,0.0019444444444444444,32.222225189208984,0.35,0.3968253968253968
338,2,28,0,32400,110,0.0033950617283950617,16.954544067382812,0.3893129770992366,0.36363636363636365
338,2,28,1,32400,45,0.001388888888888889,18.488889694213867,0.3333333333333333,0.4222222222222222
338,2,28,2,32400,60,0.001851851851851852,15.766667366027832,0.38095238095238093,0.31666666666666665
338,2,29,0,32400,115,0.0035493827160493828,49.173912048339844,0.4636363636363636,0.5391304347826087
338,2,29,1,32400,22,0.0006790123456790123,96.68182373046875,0.17777777777777778,0.09090909090909091
338,2,29,2,32400,59,0.0018209876543209876,11.423728942871094,0.35,0.4067796610169492
338,2,30,0,32400,130,0.004012345679012346,25.69230842590332,0.48695652173913045,0.5307692307692308
338,2,30,1,32400,31,0.0009567901234567902,27.774192810058594,0.36363636363636365,0.22580645161290322
338,2,30,2,32400,62,0.0019135802469135803,18.645160675048828,0.3559322033898305,0.532258064516129
338,2,31,0,32400,106,0.003271604938271605,39.54716873168945,0.45384615384615384,0.5377358490566038
338,2,31,1,32400,35,0.0010802469135802468,52.628570556640625,0.3225806451612903,0.14285714285714285
338,2,31,2,32400,66,0.002037037037037037,32.07575988769531,0.41935483870967744,0.5151515151515151
338,2,32,0,32400,129,0.003981481481481482,20.612403869628906,0.4811320754716981,0.5271317829457365
338,2,32,1,32400,32,0.0009876543209876543,10.437500953674316,0.2857142857142857,0.28125
338,2,32,2,32400,68,0.0020987654320987655,36.82353210449219,0.30303030303030304,0.4117647058823529
338,2,33,0,32400,112,0.0034567901234567903,18.580358505249023,0.3875968992248062,0.4375
338,2,33,1,32400,29,0.0008950617283950618,14.689655303955078,0.28125,0.10344827586206896
338,2,33,2,32400,70,0.0021604938271604936,15.585714340209961,0.38235294117647056,0.4857142857142857
338,2,34,0,32400,144,0.0044444444444444444,21.39583396911621,0.45535714285714285,0.4583333333333333
338,2,34,1,32400,23,0.0007098765432098765,5.4782609939575195,0.27586206896551724,0.13043478260869565
338,2,34,2,32400,71,0.002191358024691358,12.788732528686523,0.35714285714285715,0.43661971830985913
338,2,35,0,32400,114,0.0035185185185185185,26.473684310913086,0.3541666666666667,0.40350877192982454
338,2,35,1,32400,29,0.0008950617283950618,30.86206817626953,0.21739130434782608,0.3103448275862069
338,2,35,2,32400,51,0.001574074074074074,26.78431510925293,0.22535211267605634,0.39215686274509803
338,3,1,0,32400,132,0.004074074074074074,20.340909957885742,-1.0,0.5833333333333334
338,3,1,1,32400,49,0.0015123456790123457,33.28571701049805,-1.0,0.5102040816326531
338,3,1,2,32400,54,0.0016666666666666668,19.425926208496094,-1.0,0.2777777777777778
338,3,2,0,32400,99,0.0030555555555555557,21.828283309936523,0.3939393939393939,0.5151515151515151
338,3,2,1,32400,53,0.0016358024691358025,17.056604385375977,0.5306122448979592,0.37735849056603776
338,3,2,2,32400,55,0.0016975308641975309,22.763635635375977,0.3333333333333333,0.21818181818181817
338,3,3,0,32400,118,0.0036419753086419752,33.110172271728516,0.40404040404040403,0.576271186440678
338,3,3,1,32400,51,0.001574074074074074,21.764707565307617,0.5094339622641509,0.43137254901960786
338,3,3,2,32400,61,0.001882716049382716,29.131147384643555,0.2545454545454545,0.26229508196721313
338,3,4,0,32400,109,0.0033641975308641974,32.412841796875,0.4152542372881356,0.47706422018348627
338,3,4,1,32400,44,0.0013580246913580246,31.636363983154297,0.29411764705882354,0.3181818181818182
338,3,4,2,32400,51,0.001574074074074074,39.03921890258789,0.19672131147540983,0.11764705882352941
338,3,5,0,32400,91,0.002808641975308642,28.16483497619629,0.3211009174311927,0.3956043956043956
338,3,5,1,32400,33,0.0010185185185185184,21.636363983154297,0.22727272727272727,0.30303030303030304
338,3,5,2,32400,48,0.0014814814814814814,23.354167938232422,0.23529411764705882,0.2708333333333333
338,3,6,0,32400,100,0.0030864197530864196,39.1300048828125,0.46153846153846156,0.42
338,3,6,1,32400,35,0.0010802469135802468,21.228572845458984,0.36363636363636365,0.4
338,3,6,2,32400,44,0.0013580246913580246,29.181819915771484,0.25,0.1590909090909091
338,3,7,0,32400,89,0.0027469135802469136,31.314607620239258,0.37,0.43820224719101125
338,3,7,1,32400,42,0.0012962962962962963,20.14285659790039,0.4,0.2619047619047619
338,3,7,2,32400,56,0.0017283950617283952,40.625,0.3409090909090909,0.23214285714285715
338,3,8,0,32400,97,0.002993827160493827,21.072166442871094,0.42696629213483145,0.44329896907216493
338,3,8,1,32400,35,0.0010802469135802468,13.88571548461914,0.38095238095238093,0.2571428571428571
338,3,8,2,32400,63,0.0019444444444444444,18.44444465637207,0.25,0.25396825396825395
338,3,9,0,32400,92,0.002839506172839506,13.717391967773438,0.35051546391752575,0.32608695652173914
338,3,9,1,32400,41,0.0012654320987654322,22.219511032104492,0.42857142857142855,0.34146341463414637
338,3,9,2,32400,62,0.0019135802469135803,29.548385620117188,0.25396825396825395,0.3064516129032258
338,3,10,0,32400,101,0.003117283950617284,18.297029495239258,0.32608695652173914,0.46534653465346537
338,3,10,1,32400,47,0.0014506172839506173,54.36170196533203,0.43902439024390244,0.44680851063829785
338,3,10,2,32400,69,0.0021296296296296298,45.27536392211914,0.27419354838709675,0.2898550724637681
338,3,11,0,32400,108,0.0033333333333333335,33.66667175292969,0.42574257425742573,0.4074074074074074
338,3,11,1,32400,46,0.001419753086419753,79.84783935546875,0.3617021276595745,0.2826086956521739
338,3,11,2,32400,56,0.0017283950617283952,27.19643211364746,0.2608695652173913,0.375
338,3,12,0,32400,94,0.0029012345679012346,26.946807861328125,0.37037037037037035,0.3617021276595745
338,3,12,1,32400,48,0.0014814814814814814,24.64583396911621,0.2391304347826087,0.3541666666666667
338,3,12,2,32400,55,0.0016975308641975309,20.92727279663086,0.30357142857142855,0.21818181818181817
338,3,13,0,32400,104,0.0032098765432098763,29.16346549987793,0.4574468085106383,0.4230769230769231
338,3,13,1,32400,48,0.0014814814814814814,29.354167938232422,0.4583333333333333,0.4791666666666667
338,3,13,2,32400,62,0.0019135802469135803,21.790321350097656,0.32727272727272727,0.24193548387096775
338,3,14,0,32400,114,0.0035185185185185185,14.8421049118042,0.4423076923076923,0.4473684210526316
338,3,14,1,32400,50,0.0015432098765432098,23.3799991607666,0.3125,0.24
338,3,14,2,32400,67,0.002067901234567901,20.53731346130371,0.3709677419354839,0.31343283582089554
338,3,15,0,32400,119,0.0036728395061728395,28.428573608398438,0.4298245614035088,0.5546218487394958
338,3,15,1,32400,39,0.0012037037037037038,29.256410598754883,0.26,0.28205128205128205
338,3,15,2,32400,58,0.0017901234567901235,38.67241287231445,0.22388059701492538,0.3103448275862069
338,3,16,0,32400,122,0.003765432098765432,22.770490646362305,0.47058823529411764,0.5491803278688525
338,3,16,1,32400,35,0.0010802469135802468,19.571430206298828,0.3333333333333333,0.37142857142857144
338,3,16,2,32400,70,0.0021604938271604936,23.185714721679688,0.3448275862068966,0.32857142857142857
338,3,17,0,32400,102,0.003148148148148148,24.794118881225586,0.3770491803278688,0.47058823529411764
338,3,17,1,32400,36,0.0011111111111111111,41.80555725097656,0.2857142857142857,0.4166666666666667
338,3,17,2,32400,60,0.001851851851851852,53.400001525878906,0.21428571428571427,0.36666666666666664
338,3,18,0,32400,114,0.0035185185185185185,25.83333396911621,0.5,0.5
338,3,18,1,32400,30,0.000925925925925926,27.13333511352539,0.3611111111111111,0.3333333333333333
338,3,18,2,32400,42,0.0012962962962962963,37.92857360839844,0.26666666666666666,0.30952380952380953
338,3,19,0,32400,103,0.0031790123456790125,33.76698684692383,0.41228070175438597,0.36893203883495146
338,3,19,1,32400,47,0.0014506172839506173,29.0,0.4,0.48936170212765956
338,3,19,2,32400,45,0.001388888888888889,18.44444465637207,0.23809523809523808,0.2222222222222222
338,3,20,0,32400,99,0.0030555555555555557,40.30303192138672,0.36893203883495146,0.31313131313131315
338,3,20,1,32400,34,0.0010493827160493827,15.61764907836914,0.3617021276595745,0.4411764705882353
338,3,20,2,32400,65,0.002006172839506173,24.015384674072266,0.28888888888888886,0.38461538461538464
338,3,21,0,32400,107,0.0033024691358024692,25.747663497924805,0.42424242424242425,0.4672897196261682
338,3,21,1,32400,39,0.0012037037037037038,34.153846740722656,0.4117647058823529,0.3333333333333333
338,3,21,2,32400,39,0.0012037037037037038,36.92307662963867,0.16923076923076924,0.3333333333333333
338,3,22,0,32400,119,0.0036728395061728395,44.815128326416016,0.3925233644859813,0.3025210084033613
338,3,22,1,32400,40,0.0012345679012345679,67.77500915527344,0.3076923076923077,0.325
338,3,22,2,32400,64,0.0019753086419753087,58.875003814697266,0.4358974358974359,0.296875
338,3,23,0,32400,126,0.0038888888888888888,15.968255043029785,0.42016806722689076,0.47619047619047616
338,3,23,1,32400,41,0.0012654320987654322,14.463414192199707,0.375,0.36585365853658536
338,3,23,2,32400,73,0.0022530864197530865,15.315068244934082,0.359375,0.3972602739726027
338,3,24,0,32400,121,0.0037345679012345677,36.90082550048828,0.4523809523809524,0.39669421487603307
338,3,24,1,32400,42,0.0012962962962962963,35.761905670166016,0.36585365853658536,0.40476190476190477
338,3,24,2,32400,66,0.002037037037037037,31.863637924194336,0.2876712328767123,0.42424242424242425
338,3,25,0,32400,137,0.004228395061728395,22.70802879333496,0.4297520661157025,0.4233576642335766
338,3,25,1,32400,49,0.0015123456790123457,24.0,0.42857142857142855,0.3469387755102041
338,3,25,2,32400,72,0.0022222222222222222,25.18055534362793,0.2727272727272727,0.2916666666666667
338,3,26,0,32400,147,0.004537037037037037,33.0748291015625,0.49635036496350365,0.4489795918367347
338,3,26,1,32400,50,0.0015432098765432098,42.91999816894531,0.2857142857142857,0.32
338,3,26,2,32400,80,0.0024691358024691358,31.537500381469727,0.4027777777777778,0.375
338,3,27,0,32400,131,0.00404320987654321,21.01526641845703,0.4217687074829932,0.4351145038167939
338,3,27,1,32400,60,0.001851851851851852,23.13333511352539,0.36,0.38333333333333336
338,3,27,2,32400,63,0.0019444444444444444,27.333337783813477,0.35,0.3968253968253968
338,3,28,0,32400,110,0.0033950617283950617,18.899999618530273,0.3893129770992366,0.36363636363636365
338,3,28,1,32400,45,0.001388888888888889,24.666667938232422,0.3333333333333333,0.4222222222222222
338,3,28,2,32400,60,0.001851851851851852,10.783333778381348,0.38095238095238093,0.31666666666666665
338,3,29,0,32400,115,0.0035493827160493828,48.3304328918457,0.4636363636363636,0.5391304347826087
338,3,29,1,32400,22,0.0006790123456790123,25.818180084228516,0.17777777777777778,0.09090909090909091
338,3,29,2,32400,59,0.0018209876543209876,22.237289428710938,0.35,0.4067796610169492
338,3,30,0,32400,130,0.004012345679012346,43.153846740722656,0.48695652173913045,0.5307692307692308
338,3,30,1,32400,31,0.0009567901234567902,30.903226852416992,0.36363636363636365,0.22580645161290322
338,3,30,2,32400,62,0.0019135802469135803,48.24193572998047,0.3559322033898305,0.532258064516129
338,3,31,0,32400,106,0.003271604938271605,32.2358512878418,0.45384615384615384,0.5377358490566038
338,3,31,1,32400,35,0.0010802469135802468,24.257143020629883,0.3225806451612903,0.14285714285714285
338,3,31,2,32400,66,0.002037037037037037,21.166667938232422,0.41935483870967744,0.5151515151515151
338,3,32,0,32400,129,0.003981481481481482,37.99224853515625,0.4811320754716981,0.5271317829457365
338,3,32,1,32400,32,0.0009876543209876543,32.96875,0.2857142857142857,0.28125
338,3,32,2,32400,68,0.0020987654320987655,30.705883026123047,0.30303030303030304,0.4117647058823529
338,3,33,0,32400,112,0.0034567901234567903,26.973215103149414,0.3875968992248062,0.4375
338,3,33,1,32400,29,0.0008950617283950618,34.413795471191406,0.28125,0.10344827586206896
338,3,33,2,32400,70,0.0021604938271604936,23.957143783569336,0.38235294117647056,0.4857142857142857
338,3,34,0,32400,144,0.0044444444444444444,21.30555534362793,0.45535714285714285,0.4583333333333333
338,3,34,1,32400,23,0.0007098765432098765,18.782609939575195,0.27586206896551724,0.13043478260869565
338,3,34,2,32400,71,0.002191358024691358,33.140846252441406,0.35714285714285715,0.43661971830985913
338,3,35,0,32400,114,0.0035185185185185185,15.464912414550781,0.3541666666666667,0.40350877192982454
338,3,35,1,32400,29,0.0008950617283950618,14.17241382598877,0.21739130434782608,0.3103448275862069
338,3,35,2,32400,51,0.001574074074074074,15.254902839660645,0.22535211267605634,0.39215686274509803
339,0,1,0,32400,99,0.0030555555555555557,18.81818199157715,-1.0,0.5151515151515151
339,0,1,1,32400,53,0.0016358024691358025,23.132076263427734,-1.0,0.37735849056603776
339,0,1,2,32400,55,0.0016975308641975309,24.254545211791992,-1.0,0.21818181818181817
339,0,2,0,32400,118,0.0036419753086419752,38.449153900146484,0.40404040404040403,0.576271186440678
339,0,2,1,32400,51,0.001574074074074074,42.01960754394531,0.5094339622641509,0.43137254901960786
339,0,2,2,32400,61,0.001882716049382716,45.540985107421875,0.2545454545454545,0.26229508196721313
339,0,3,0,32400,109,0.0033641975308641974,34.47706604003906,0.4152542372881356,0.47706422018348627
339,0,3,1,32400,44,0.0013580246913580246,35.61363983154297,0.29411764705882354,0.3181818181818182
339,0,3,2,32400,51,0.001574074074074074,42.411766052246094,0.19672131147540983,0.11764705882352941
339,0,4,0,32400,91,0.002808641975308642,24.16483497619629,0.3211009174311927,0.3956043956043956
339,0,4,1,32400,33,0.0010185185185185184,31.969697952270508,0.22727272727272727,0.30303030303030304
339,0,4,2,32400,48,0.0014814814814814814,27.104167938232422,0.23529411764705882,0.2708333333333333
339,0,5,0,32400,100,0.0030864197530864196,23.810001373291016,0.46153846153846156,0.42
339,0,5,1,32400,35,0.0010802469135802468,28.51428985595703,0.36363636363636365,0.4
339,0,5,2,32400,44,0.0013580246913580246,16.363636016845703,0.25,0.1590909090909091
339,0,6,0,32400,89,0.0027469135802469136,17.69662857055664,0.37,0.43820224719101125
339,0,6,1,32400,42,0.0012962962962962963,17.833335876464844,0.4,0.2619047619047619
339,0,6,2,32400,56,0.0017283950617283952,16.892858505249023,0.3409090909090909,0.23214285714285715
339,0,7,0,32400,97,0.002993827160493827,45.051551818847656,0.42696629213483145,0.44329896907216493
339,0,7,1,32400,35,0.0010802469135802468,29.22857093811035,0.38095238095238093,0.2571428571428571
339,0,7,2,32400,63,0.0019444444444444444,23.79365348815918,0.25,0.25396825396825395
339,0,8,0,32400,92,0.002839506172839506,21.7608699798584,0.35051546391752575,0.32608695652173914
339,0,8,1,32400,41,0.0012654320987654322,26.14634132385254,0.42857142857142855,0.34146341463414637
339,0,8,2,32400,62,0.0019135802469135803,31.69354820251465,0.25396825396825395,0.3064516129032258
339,0,9,0,32400,101,0.003117283950617284,23.25742530822754,0.32608695652173914,0.46534653465346537
339,0,9,1,32400,47,0.0014506172839506173,26.36170196533203,0.43902439024390244,0.44680851063829785
339,0,9,2,32400,69,0.0021296296296296298,26.69565200805664,0.27419354838709675,0.2898550724637681
339,0,10,0,32400,108,0.0033333333333333335,43.407405853271484,0.42574257425742573,0.4074074074074074
339,0,10,1,32400,46,0.001419753086419753,45.28260803222656,0.3617021276595745,0.2826086956521739
339,0,10,2,32400,56,0.0017283950617283952,57.46428680419922,0.2608695652173913,0.375
339,0,11,0,32400,94,0.0029012345679012346,28.70212745666504,0.37037037037037035,0.3617021276595745
339,0,11,1,32400,48,0.0014814814814814814,23.458332061767578,0.2391304347826087,0.3541666666666667
339,0,11,2,32400,55,0.0016975308641975309,31.763633728027344,0.30357142857142855,0.21818181818181817
339,0,12,0,32400,104,0.0032098765432098763,43.44231414794922,0.4574468085106383,0.4230769230769231
339,0,12,1,32400,48,0.0014814814814814814,25.291667938232422,0.4583333333333333,0.4791666666666667
339,0,12,2,32400,62,0.0019135802469135803,19.467741012573242,0.32727272727272727,0.24193548387096775
339,0,13,0,32400,114,0.0035185185185185185,57.78947830200195,0.4423076923076923,0.4473684210526316
339,0,13,1,32400,50,0.0015432098765432098,141.94000244140625,0.3125,0.24
339,0,13,2,32400,67,0.002067901234567901,52.417911529541016,0.3709677419354839,0.31343283582089554
339,0,14,0,32400,119,0.0036728395061728395,17.949581146240234,0.4298245614035088,0.5546218487394958
339,0,14,1,32400,39,0.0012037037037037038,20.948719024658203,0.26,0.28205128205128205
339,0,14,2,32400,58,0.0017901234567901235,23.017240524291992,0.22388059701492538,0.3103448275862069
339,0,15,0,32400,122,0.003765432098765432,18.147537231445312,0.47058823529411764,0.5491803278688525
339,0,15,1,32400,35,0.0010802469135802468,12.714284896850586,0.3333333333333333,0.37142857142857144
339,0,15,2,32400,70,0.0021604938271604936,18.4857120513916,0.3448275862068966,0.32857142857142857
339,0,16,0,32400,102,0.003148148148148148,23.882354736328125,0.3770491803278688,0.47058823529411764
339,0,16,1,32400,36,0.0011111111111111111,28.41666603088379,0.2857142857142857,0.4166666666666667
339,0,16,2,32400,60,0.001851851851851852,27.033334732055664,0.21428571428571427,0.36666666666666664
339,0,17,0,32400,114,0.0035185185185185185,17.421052932739258,0.5,0.5
339,0,17,1,32400,30,0.000925925925925926,11.066667556762695,0.3611111111111111,0.3333333333333333
339,0,17,2,32400,42,0.0012962962962962963,22.904762268066406,0.26666666666666666,0.30952380952380953
339,0,18,0,32400,103,0.0031790123456790125,36.67961120605469,0.41228070175438597,0.36893203883495146
339,0,18,1,32400,47,0.0014506172839506173,19.617021560668945,0.4,0.48936170212765956
339,0,18,2,32400,45,0.001388888888888889,54.11111068725586,0.23809523809523808,0.2222222222222222
339,0,19,0,32400,99,0.0030555555555555557,29.191919326782227,0.36893203883495146,0.31313131313131315
339,0,19,1,32400,34,0.0010493827160493827,31.382352828979492,0.3617021276595745,0.4411764705882353
339,0,19,2,32400,65,0.002006172839506173,22.630769729614258,0.28888888888888886,0.38461538461538464
339,0,20,0,32400,107,0.0033024691358024692,24.065420150756836,0.42424242424242425,0.4672897196261682
339,0,20,1,32400,39,0.0012037037037037038,18.153846740722656,0.4117647058823529,0.3333333333333333
339,0,20,2,32400,39,0.0012037037037037038,18.102563858032227,0.16923076923076924,0.3333333333333333
339,0,21,0,32400,119,0.0036728395061728395,31.966388702392578,0.3925233644859813,0.3025210084033613
339,0,21,1,32400,40,0.0012345679012345679,31.17500114440918,0.3076923076923077,0.325
339,0,21,2,32400,64,0.0019753086419753087,27.0625,0.4358974358974359,0.296875
339,0,22,0,32400,126,0.0038888888888888888,34.21428680419922,0.42016806722689076,0.47619047619047616
339,0,22,1,32400,41,0.0012654320987654322,65.95122528076172,0.375,0.36585365853658536
339,0,22,2,32400,73,0.0022530864197530865,56.95891189575195,0.359375,0.3972602739726027
339,0,23,0,32400,121,0.0037345679012345677,22.380163192749023,0.4523809523809524,0.39669421487603307
339,0,23,1,32400,42,0.0012962962962962963,34.04761505126953,0.36585365853658536,0.40476190476190477
339,0,23,2,32400,66,0.002037037037037037,34.60605239868164,0.2876712328767123,0.42424242424242425
339,0,24,0,32400,137,0.004228395061728395,21.401458740234375,0.4297520661157025,0.4233576642335766
339,0,24,1,32400,49,0.0015123456790123457,29.367345809936523,0.42857142857142855,0.3469387755102041
339,0,24,2,32400,72,0.0022222222222222222,17.54166603088379,0.2727272727272727,0.2916666666666667
339,0,25,0,32400,147,0.004537037037037037,29.952381134033203,0.49635036496350365,0.4489795918367347
339,0,25,1,32400,50,0.0015432098765432098,29.959999084472656,0.2857142857142857,0.32
339,0,25,2,32400,80,0.0024691358024691358,24.024999618530273,0.4027777777777778,0.375
339,0,26,0,32400,131,0.00404320987654321,33.90076446533203,0.4217687074829932,0.4351145038167939
339,0,26,1,32400,60,0.001851851851851852,39.51667022705078,0.36,0.38333333333333336
339,0,26,2,32400,63,0.0019444444444444444,28.714290618896484,0.35,0.3968253968253968
339,0,27,0,32400,110,0.0033950617283950617,16.42727279663086,0.3893129770992366,0.36363636363636365
339,0,27,1,32400,45,0.001388888888888889,12.555556297302246,0.3333333333333333,0.4222222222222222
339,0,27,2,32400,60,0.001851851851851852,19.616666793823242,0.38095238095238093,0.31666666666666665
339,0,28,0,32400,115,0.0035493827160493828,25.139129638671875,0.4636363636363636,0.5391304347826087
339,0,28,1,32400,22,0.0006790123456790123,30.909093856811523,0.17777777777777778,0.09090909090909091
339,0,28,2,32400,59,0.0018209876543209876,26.830509185791016,0.35,0.4067796610169492
339,0,29,0,32400,130,0.004012345679012346,35.623077392578125,0.48695652173913045,0.5307692307692308
339,0,29,1,32400,31,0.0009567901234567902,24.741931915283203,0.36363636363636365,0.22580645161290322
339,0,29,2,32400,62,0.0019135802469135803,20.20967674255371,0.3559322033898305,0.532258064516129
339,0,30,0,32400,106,0.003271604938271605,12.764151573181152,0.45384615384615384,0.5377358490566038
339,0,30,1,32400,35,0.0010802469135802468,27.14285659790039,0.3225806451612903,0.14285714285714285
339,0,30,2,32400,66,0.002037037037037037,23.848485946655273,0.41935483870967744,0.5151515151515151
339,0,31,0,32400,129,0.003981481481481482,39.627906799316406,0.4811320754716981,0.5271317829457365
339,0,31,1,32400,32,0.0009876543209876543,35.937503814697266,0.2857142857142857,0.28125
339,0,31,2,32400,68,0.0020987654320987655,27.632352828979492,0.30303030303030304,0.4117647058823529
339,0,32,0,32400,112,0.0034567901234567903,18.473215103149414,0.3875968992248062,0.4375
339,0,32,1,32400,29,0.0008950617283950618,22.000001907348633,0.28125,0.10344827586206896
339,0,32,2,32400,70,0.0021604938271604936,26.885713577270508,0.38235294117647056,0.4857142857142857
339,0,33,0,32400,144,0.0044444444444444444,39.79861068725586,0.45535714285714285,0.4583333333333333
339,0,33,1,32400,23,0.0007098765432098765,41.65217590332031,0.27586206896551724,0.13043478260869565
339,0,33,2,32400,71,0.002191358024691358,35.056339263916016,0.35714285714285715,0.43661971830985913
339,0,34,0,32400,114,0.0035185185185185185,70.3245620727539,0.3541666666666667,0.40350877192982454
339,0,34,1,32400,29,0.0008950617283950618,35.10344696044922,0.21739130434782608,0.3103448275862069
339,0,34,2,32400,51,0.001574074074074074,36.90196228027344,0.22535211267605634,0.39215686274509803
339,0,35,0,32400,136,0.004197530864197531,30.632352828979492,0.4473684210526316,0.4485294117647059
339,0,35,1,32400,33,0.0010185185185185184,13.484848976135254,0.20689655172413793,0.2727272727272727
339,0,35,2,32400,68,0.0020987654320987655,53.32352828979492,0.43137254901960786,0.4117647058823529
339,1,1,0,32400,99,0.0030555555555555557,24.75757598876953,-1.0,0.5151515151515151
339,1,1,1,32400,53,0.0016358024691358025,32.9622688293457,-1.0,0.37735849056603776
339,1,1,2,32400,55,0.0016975308641975309,16.09090805053711,-1.0,0.21818181818181817
339,1,2,0,32400,118,0.0036419753086419752,36.220340728759766,0.40404040404040403,0.576271186440678
339,1,2,1,32400,51,0.001574074074074074,26.803922653198242,0.5094339622641509,0.43137254901960786
339,1,2,2,32400,61,0.001882716049382716,27.508195877075195,0.2545454545454545,0.26229508196721313
339,1,3,0,32400,109,0.0033641975308641974,77.73394012451172,0.4152542372881356,0.47706422018348627
339,1,3,1,32400,44,0.0013580246913580246,58.20454788208008,0.29411764705882354,0.3181818181818182
339,1,3,2,32400,51,0.001574074074074074,22.372549057006836,0.19672131147540983,0.11764705882352941
339,1,4,0,32400,91,0.002808641975308642,21.725276947021484,0.3211009174311927,0.3956043956043956
339,1,4,1,32400,33,0.0010185185185185184,21.8787899017334,0.22727272727272727,0.30303030303030304
339,1,4,2,32400,48,0.0014814814814814814,17.020835876464844,0.23529411764705882,0.2708333333333333
339,1,5,0,32400,100,0.0030864197530864196,26.60999870300293,0.46153846153846156,0.42
339,1,5,1,32400,35,0.0010802469135802468,30.94285774230957,0.36363636363636365,0.4
339,1,5,2,32400,44,0.0013580246913580246,30.727279663085938,0.25,0.1590909090909091
339,1,6,0,32400,89,0.0027469135802469136,31.089887619018555,0.37,0.43820224719101125
339,1,6,1,32400,42,0.0012962962962962963,21.119047164916992,0.4,0.2619047619047619
339,1,6,2,32400,56,0.0017283950617283952,39.62500762939453,0.3409090909090909,0.23214285714285715
339,1,7,0,32400,97,0.002993827160493827,48.89690399169922,0.42696629213483145,0.44329896907216493
339,1,7,1,32400,35,0.0010802469135802468,94.85714721679688,0.38095238095238093,0.2571428571428571
339,1,7,2,32400,63,0.0019444444444444444,31.396827697753906,0.25,0.25396825396825395
339,1,8,0,32400,92,0.002839506172839506,20.565217971801758,0.35051546391752575,0.32608695652173914
339,1,8,1,32400,41,0.0012654320987654322,21.634145736694336,0.42857142857142855,0.34146341463414637
339,1,8,2,32400,62,0.0019135802469135803,22.74193572998047,0.25396825396825395,0.3064516129032258
339,1,9,0,32400,101,0.003117283950617284,43.23762130737305,0.32608695652173914,0.46534653465346537
339,1,9,1,32400,47,0.0014506172839506173,18.489360809326172,0.43902439024390244,0.44680851063829785
339,1,9,2,32400,69,0.0021296296296296298,49.01449203491211,0.27419354838709675,0.2898550724637681
339,1,10,0,32400,108,0.0033333333333333335,17.564815521240234,0.42574257425742573,0.4074074074074074
339,1,10,1,32400,46,0.001419753086419753,39.34782791137695,0.3617021276595745,0.2826086956521739
339,1,10,2,32400,56,0.0017283950617283952,31.35714340209961,0.2608695652173913,0.375
339,1,11,0,32400,94,0.0029012345679012346,31.39361572265625,0.37037037037037035,0.3617021276595745
339,1,11,1,32400,48,0.0014814814814814814,30.666667938232422,0.2391304347826087,0.3541666666666667
339,1,11,2,32400,55,0.0016975308641975309,39.23636245727539,0.30357142857142855,0.21818181818181817
339,1,12,0,32400,104,0.0032098765432098763,23.46154022216797,0.4574468085106383,0.4230769230769231
339,1,12,1,32400,48,0.0014814814814814814,21.64583396911621,0.4583333333333333,0.4791666666666667
339,1,12,2,32400,62,0.0019135802469135803,18.580644607543945,0.32727272727272727,0.24193548387096775
339,1,13,0,32400,114,0.0035185185185185185,24.263158798217773,0.4423076923076923,0.4473684210526316
339,1,13,1,32400,50,0.0015432098765432098,20.579999923706055,0.3125,0.24
339,1,13,2,32400,67,0.002067901234567901,40.656715393066406,0.3709677419354839,0.31343283582089554
339,1,14,0,32400,119,0.0036728395061728395,38.235294342041016,0.4298245614035088,0.5546218487394958
339,1,14,1,32400,39,0.0012037037037037038,33.769229888916016,0.26,0.28205128205128205
339,1,14,2,32400,58,0.0017901234567901235,26.189655303955078,0.22388059701492538,0.3103448275862069
339,1,15,0,32400,122,0.003765432098765432,21.87704849243164,0.47058823529411764,0.5491803278688525
339,1,15,1,32400,35,0.0010802469135802468,32.085716247558594,0.3333333333333333,0.37142857142857144
339,1,15,2,32400,70,0.0021604938271604936,24.342857360839844,0.3448275862068966,0.32857142857142857
339,1,16,0,32400,102,0.003148148148148148,18.166667938232422,0.3770491803278688,0.47058823529411764
339,1,16,1,32400,36,0.0011111111111111111,33.88888931274414,0.2857142857142857,0.4166666666666667
339,1,16,2,32400,60,0.001851851851851852,16.5,0.21428571428571427,0.36666666666666664
339,1,17,0,32400,114,0.0035185185185185185,77.92105102539062,0.5,0.5
339,1,17,1,32400,30,0.000925925925925926,24.26666831970215,0.3611111111111111,0.3333333333333333
339,1,17,2,32400,42,0.0012962962962962963,33.85714340209961,0.26666666666666666,0.30952380952380953
339,1,18,0,32400,103,0.0031790123456790125,28.786407470703125,0.41228070175438597,0.36893203883495146
339,1,18,1,32400,47,0.0014506172839506173,24.63829803466797,0.4,0.48936170212765956
339,1,18,2,32400,45,0.001388888888888889,24.866666793823242,0.23809523809523808,0.2222222222222222
339,1,19,0,32400,99,0.0030555555555555557,43.43434524536133,0.36893203883495146,0.31313131313131315
339,1,19,1,32400,34,0.0010493827160493827,16.852941513061523,0.3617021276595745,0.4411764705882353
339,1,19,2,32400,65,0.002006172839506173,45.30769348144531,0.28888888888888886,0.38461538461538464
339,1,20,0,32400,107,0.0033024691358024692,34.14018630981445,0.42424242424242425,0.4672897196261682
339,1,20,1,32400,39,0.0012037037037037038,26.564102172851562,0.4117647058823529,0.3333333333333333
339,1,20,2,32400,39,0.0012037037037037038,40.76923370361328,0.16923076923076924,0.3333333333333333
339,1,21,0,32400,119,0.0036728395061728395,18.58823585510254,0.3925233644859813,0.3025210084033613
339,1,21,1,32400,40,0.0012345679012345679,25.200000762939453,0.3076923076923077,0.325
339,1,21,2,32400,64,0.0019753086419753087,27.500001907348633,0.4358974358974359,0.296875
339,1,22,0,32400,126,0.0038888888888888888,25.46031951904297,0.42016806722689076,0.47619047619047616
339,1,22,1,32400,41,0.0012654320987654322,14.12195110321045,0.375,0.36585365853658536
339,1,22,2,32400,73,0.0022530864197530865,31.178081512451172,0.359375,0.3972602739726027
339,1,23,0,32400,121,0.0037345679012345677,31.446279525756836,0.4523809523809524,0.39669421487603307
339,1,23,1,32400,42,0.0012962962962962963,31.928571701049805,0.36585365853658536,0.40476190476190477
339,1,23,2,32400,66,0.002037037037037037,25.7424259185791,0.2876712328767123,0.42424242424242425
339,1,24,0,32400,137,0.004228395061728395,27.664234161376953,0.4297520661157025,0.4233576642335766
339,1,24,1,32400,49,0.0015123456790123457,28.67346954345703,0.42857142857142855,0.3469387755102041
339,1,24,2,32400,72,0.0022222222222222222,32.34722137451172,0.2727272727272727,0.2916666666666667
339,1,25,0,32400,147,0.004537037037037037,34.47618865966797,0.49635036496350365,0.4489795918367347
339,1,25,1,32400,50,0.0015432098765432098,35.959999084472656,0.2857142857142857,0.32
339,1,25,2,32400,80,0.0024691358024691358,24.5,0.4027777777777778,0.375
339,1,26,0,32400,131,0.00404320987654321,19.45801544189453,0.4217687074829932,0.4351145038167939
339,1,26,1,32400,60,0.001851851851851852,22.76666831970215,0.36,0.38333333333333336
339,1,26,2,32400,63,0.0019444444444444444,42.26984405517578,0.35,0.3968253968253968
339,1,27,0,32400,110,0.0033950617283950617,24.781816482543945,0.3893129770992366,0.36363636363636365
339,1,27,1,32400,45,0.001388888888888889,20.844446182250977,0.3333333333333333,0.4222222222222222
339,1,27,2,32400,60,0.001851851851851852,26.48333740234375,0.38095238095238093,0.31666666666666665
339,1,28,0,32400,115,0.0035493827160493828,19.991302490234375,0.4636363636363636,0.5391304347826087
339,1,28,1,32400,22,0.0006790123456790123,17.5,0.17777777777777778,0.09090909090909091
339,1,28,2,32400,59,0.0018209876543209876,17.050846099853516,0.35,0.4067796610169492
339,1,29,0,32400,130,0.004012345679012346,12.576923370361328,0.48695652173913045,0.5307692307692308
339,1,29,1,32400,31,0.0009567901234567902,19.80645179748535,0.36363636363636365,0.22580645161290322
339,1,29,2,32400,62,0.0019135802469135803,13.419354438781738,0.3559322033898305,0.532258064516129
339,1,30,0,32400,106,0.003271604938271605,29.141510009765625,0.45384615384615384,0.5377358490566038
339,1,30,1,32400,35,0.0010802469135802468,27.05714225769043,0.3225806451612903,0.14285714285714285
339,1,30,2,32400,66,0.002037037037037037,20.33333396911621,0.41935483870967744,0.5151515151515151
339,1,31,0,32400,129,0.003981481481481482,36.2170524597168,0.4811320754716981,0.5271317829457365
339,1,31,1,32400,32,0.0009876543209876543,46.53125,0.2857142857142857,0.28125
339,1,31,2,32400,68,0.0020987654320987655,29.426469802856445,0.30303030303030304,0.4117647058823529
339,1,32,0,32400,112,0.0034567901234567903,45.30357360839844,0.3875968992248062,0.4375
339,1,32,1,32400,29,0.0008950617283950618,73.03448486328125,0.28125,0.10344827586206896
339,1,32,2,32400,70,0.0021604938271604936,55.52857208251953,0.38235294117647056,0.4857142857142857
339,1,33,0,32400,144,0.0044444444444444444,16.45138931274414,0.45535714285714285,0.4583333333333333
339,1,33,1,32400,23,0.0007098765432098765,6.4782609939575195,0.27586206896551724,0.13043478260869565
339,1,33,2,32400,71,0.002191358024691358,17.239437103271484,0.35714285714285715,0.43661971830985913
339,1,34,0,32400,114,0.0035185185185185185,18.842105865478516,0.3541666666666667,0.40350877192982454
339,1,34,1,32400,29,0.0008950617283950618,12.206896781921387,0.21739130434782608,0.3103448275862069
339,1,34,2,32400,51,0.001574074074074074,32.19607925415039,0.22535211267605634,0.39215686274509803
339,1,35,0,32400,136,0.004197530864197531,27.382356643676758,0.4473684210526316,0.4485294117647059
339,1,35,1,32400,33,0.0010185185185185184,39.242427825927734,0.20689655172413793,0.2727272727272727
339,1,35,2,32400,68,0.0020987654320987655,42.23530197143555,0.43137254901960786,0.4117647058823529
339,2,1,0,32400,99,0.0030555555555555557,34.37373733520508,-1.0,0.5151515151515151
339,2,1,1,32400,53,0.0016358024691358025,27.264150619506836,-1.0,0.37735849056603776
339,2,1,2,32400,55,0.0016975308641975309,24.509090423583984,-1.0,0.21818181818181817
339,2,2,0,32400,118,0.0036419753086419752,18.508474349975586,0.40404040404040403,0.576271186440678
339,2,2,1,32400,51,0.001574074074074074,11.43137264251709,0.5094339622641509,0.43137254901960786
339,2,2,2,32400,61,0.001882716049382716,15.229507446289062,0.2545454545454545,0.26229508196721313
339,2,3,0,32400,109,0.0033641975308641974,19.192659378051758,0.4152542372881356,0.47706422018348627
339,2,3,1,32400,44,0.0013580246913580246,24.886363983154297,0.29411764705882354,0.3181818181818182
339,2,3,2,32400,51,0.001574074074074074,17.803922653198242,0.19672131147540983,0.11764705882352941
339,2,4,0,32400,91,0.002808641975308642,18.27472496032715,0.3211009174311927,0.3956043956043956
339,2,4,1,32400,33,0.0010185185185185184,27.54545783996582,0.22727272727272727,0.30303030303030304
339,2,4,2,32400,48,0.0014814814814814814,15.583333969116211,0.23529411764705882,0.2708333333333333
339,2,5,0,32400,100,0.0030864197530864196,22.85999870300293,0.46153846153846156,0.42
339,2,5,1,32400,35,0.0010802469135802468,26.685714721679688,0.36363636363636365,0.4
339,2,5,2,32400,44,0.0013580246913580246,13.977272987365723,0.25,0.1590909090909091
339,2,6,0,32400,89,0.0027469135802469136,18.35955047607422,0.37,0.43820224719101125
339,2,6,1,32400,42,0.0012962962962962963,22.21428680419922,0.4,0.2619047619047619
339,2,6,2,32400,56,0.0017283950617283952,16.73214340209961,0.3409090909090909,0.23214285714285715
339,2,7,0,32400,97,0.002993827160493827,28.175256729125977,0.42696629213483145,0.44329896907216493
339,2,7,1,32400,35,0.0010802469135802468,48.28571319580078,0.38095238095238093,0.2571428571428571
339,2,7,2,32400,63,0.0019444444444444444,23.380952835083008,0.25,0.25396825396825395
339,2,8,0,32400,92,0.002839506172839506,21.065217971801758,0.35051546391752575,0.32608695652173914
339,2,8,1,32400,41,0.0012654320987654322,15.146341323852539,0.42857142857142855,0.34146341463414637
339,2,8,2,32400,62,0.0019135802469135803,16.774192810058594,0.25396825396825395,0.3064516129032258
339,2,9,0,32400,101,0.003117283950617284,40.7128791809082,0.32608695652173914,0.46534653465346537
339,2,9,1,32400,47,0.0014506172839506173,47.2765998840332,0.43902439024390244,0.44680851063829785
339,2,9,2,32400,69,0.0021296296296296298,36.1014518737793,0.27419354838709675,0.2898550724637681
339,2,10,0,32400,108,0.0033333333333333335,29.851852416992188,0.42574257425742573,0.4074074074074074
339,2,10,1,32400,46,0.001419753086419753,20.80434799194336,0.3617021276595745,0.2826086956521739
339,2,10,2,32400,56,0.0017283950617283952,38.73214340209961,0.2608695652173913,0.375
339,2,11,0,32400,94,0.0029012345679012346,19.20212745666504,0.37037037037037035,0.3617021276595745
339,2,11,1,32400,48,0.0014814814814814814,19.5,0.2391304347826087,0.3541666666666667
339,2,11,2,32400,55,0.0016975308641975309,19.30908966064453,0.30357142857142855,0.21818181818181817
339,2,12,0,32400,104,0.0032098765432098763,26.75961685180664,0.4574468085106383,0.4230769230769231
339,2,12,1,32400,48,0.0014814814814814814,24.166667938232422,0.4583333333333333,0.4791666666666667
339,2,12,2,32400,62,0.0019135802469135803,22.435483932495117,0.32727272727272727,0.24193548387096775
339,2,13,0,32400,114,0.0035185185185185185,74.71054077148438,0.4423076923076923,0.4473684210526316
339,2,13,1,32400,50,0.0015432098765432098,128.5800323486328,0.3125,0.24
339,2,13,2,32400,67,0.002067901234567901,16.059701919555664,0.3709677419354839,0.31343283582089554
339,2,14,0,32400,119,0.0036728395061728395,29.890758514404297,0.4298245614035088,0.5546218487394958
339,2,14,1,32400,39,0.0012037037037037038,18.743589401245117,0.26,0.28205128205128205
339,2,14,2,32400,58,0.0017901234567901235,11.879310607910156,0.22388059701492538,0.3103448275862069
339,2,15,0,32400,122,0.003765432098765432,22.606555938720703,0.47058823529411764,0.5491803278688525
339,2,15,1,32400,35,0.0010802469135802468,23.91428565979004,0.3333333333333333,0.37142857142857144
339,2,15,2,32400,70,0.0021604938271604936,28.34285545349121,0.3448275862068966,0.32857142857142857
339,2,16,0,32400,102,0.003148148148148148,26.519609451293945,0.3770491803278688,0.47058823529411764
339,2,16,1,32400,36,0.0011111111111111111,43.72222137451172,0.2857142857142857,0.4166666666666667
339,2,16,2,32400,60,0.001851851851851852,30.80000114440918,0.21428571428571427,0.36666666666666664
339,2,17,0,32400,114,0.0035185185185185185,22.894737243652344,0.5,0.5
339,2,17,1,32400,30,0.000925925925925926,25.96666717529297,0.3611111111111111,0.3333333333333333
339,2,17,2,32400,42,0.0012962962962962963,25.0,0.26666666666666666,0.30952380952380953
339,2,18,0,32400,103,0.0031790123456790125,30.922330856323242,0.41228070175438597,0.36893203883495146
339,2,18,1,32400,47,0.0014506172839506173,23.0,0.4,0.48936170212765956
339,2,18,2,32400,45,0.001388888888888889,21.688888549804688,0.23809523809523808,0.2222222222222222
339,2,19,0,32400,99,0.0030555555555555557,27.2020206451416,0.36893203883495146,0.31313131313131315
339,2,19,1,32400,34,0.0010493827160493827,17.58823585510254,0.3617021276595745,0.4411764705882353
339,2,19,2,32400,65,0.002006172839506173,22.600000381469727,0.28888888888888886,0.38461538461538464
339,2,20,0,32400,107,0.0033024691358024692,15.570093154907227,0.42424242424242425,0.4672897196261682
339,2,20,1,32400,39,0.0012037037037037038,22.25641441345215,0.4117647058823529,0.3333333333333333
339,2,20,2,32400,39,0.0012037037037037038,16.205127716064453,0.16923076923076924,0.3333333333333333
339,2,21,0,32400,119,0.0036728395061728395,25.38655662536621,0.3925233644859813,0.3025210084033613
339,2,21,1,32400,40,0.0012345679012345679,36.29999923706055,0.3076923076923077,0.325
339,2,21,2,32400,64,0.0019753086419753087,30.171875,0.4358974358974359,0.296875
339,2,22,0,32400,126,0.0038888888888888888,25.738096237182617,0.42016806722689076,0.47619047619047616
339,2,22,1,32400,41,0.0012654320987654322,27.53658103942871,0.375,0.36585365853658536
339,2,22,2,32400,73,0.0022530864197530865,20.20547866821289,0.359375,0.3972602739726027
339,2,23,0,32400,121,0.0037345679012345677,21.842973709106445,0.4523809523809524,0.39669421487603307
339,2,23,1,32400,42,0.0012962962962962963,20.809526443481445,0.36585365853658536,0.40476190476190477
339,2,23,2,32400,66,0.002037037037037037,42.060611724853516,0.2876712328767123,0.42424242424242425
339,2,24,0,32400,137,0.004228395061728395,30.832117080688477,0.4297520661157025,0.4233576642335766
339,2,24,1,32400,49,0.0015123456790123457,37.591835021972656,0.42857142857142855,0.3469387755102041
339,2,24,2,32400,72,0.0022222222222222222,28.0,0.2727272727272727,0.2916666666666667
339,2,25,0,32400,147,0.004537037037037037,48.93197250366211,0.49635036496350365,0.4489795918367347
339,2,25,1,32400,50,0.0015432098765432098,37.86000061035156,0.2857142857142857,0.32
339,2,25,2,32400,80,0.0024691358024691358,38.875,0.4027777777777778,0.375
339,2,26,0,32400,131,0.00404320987654321,30.48091697692871,0.4217687074829932,0.4351145038167939
339,2,26,1,32400,60,0.001851851851851852,30.200000762939453,0.36,0.38333333333333336
339,2,26,2,32400,63,0.0019444444444444444,15.666667938232422,0.35,0.3968253968253968
339,2,27,0,32400,110,0.0033950617283950617,24.654544830322266,0.3893129770992366,0.36363636363636365
339,2,27,1,32400,45,0.001388888888888889,27.577777862548828,0.3333333333333333,0.4222222222222222
339,2,27,2,32400,60,0.001851851851851852,22.666667938232422,0.38095238095238093,0.31666666666666665
339,2,28,0,32400,115,0.0035493827160493828,32.99130630493164,0.4636363636363636,0.5391304347826087
339,2,28,1,32400,22,0.0006790123456790123,61.40909957885742,0.17777777777777778,0.09090909090909091
339,2,28,2,32400,59,0.0018209876543209876,54.18645095825195,0.35,0.4067796610169492
339,2,29,0,32400,130,0.004012345679012346,30.39230728149414,0.48695652173913045,0.5307692307692308
339,2,29,1,32400,31,0.0009567901234567902,20.032255172729492,0.36363636363636365,0.22580645161290322
339,2,29,2,32400,62,0.0019135802469135803,18.096773147583008,0.3559322033898305,0.532258064516129
339,2,30,0,32400,106,0.003271604938271605,35.82075500488281,0.45384615384615384,0.5377358490566038
339,2,30,1,32400,35,0.0010802469135802468,20.600004196166992,0.3225806451612903,0.14285714285714285
339,2,30,2,32400,66,0.002037037037037037,25.96969985961914,0.41935483870967744,0.5151515151515151
339,2,31,0,32400,129,0.003981481481481482,26.33333396911621,0.4811320754716981,0.5271317829457365
339,2,31,1,32400,32,0.0009876543209876543,26.8125,0.2857142857142857,0.28125
339,2,31,2,32400,68,0.0020987654320987655,24.455883026123047,0.30303030303030304,0.4117647058823529
339,2,32,0,32400,112,0.0034567901234567903,19.3125,0.3875968992248062,0.4375
339,2,32,1,32400,29,0.0008950617283950618,20.310344696044922,0.28125,0.10344827586206896
339,2,32,2,32400,70,0.0021604938271604936,24.285715103149414,0.38235294117647056,0.4857142857142857
339,2,33,0,32400,144,0.0044444444444444444,23.73611068725586,0.45535714285714285,0.4583333333333333
339,2,33,1,32400,23,0.0007098765432098765,22.04347801208496,0.27586206896551724,0.13043478260869565
339,2,33,2,32400,71,0.002191358024691358,18.577465057373047,0.35714285714285715,0.43661971830985913
339,2,34,0,32400,114,0.0035185185185185185,22.36842155456543,0.3541666666666667,0.40350877192982454
339,2,34,1,32400,29,0.0008950617283950618,21.655174255371094,0.21739130434782608,0.3103448275862069
339,2,34,2,32400,51,0.001574074074074074,44.29412078857422,0.22535211267605634,0.39215686274509803
339,2,35,0,32400,136,0.004197530864197531,26.02941131591797,0.4473684210526316,0.4485294117647059
339,2,35,1,32400,33,0.0010185185185185184,14.878787994384766,0.20689655172413793,0.2727272727272727
339,2,35,2,32400,68,0.0020987654320987655,25.735294342041016,0.43137254901960786,0.4117647058823529
339,3,1,0,32400,99,0.0030555555555555557,33.3636360168457,-1.0,0.5151515151515151
339,3,1,1,32400,53,0.0016358024691358025,17.339622497558594,-1.0,0.37735849056603776
339,3,1,2,32400,55,0.0016975308641975309,29.3454532623291,-1.0,0.21818181818181817
339,3,2,0,32400,118,0.0036419753086419752,23.957626342773438,0.40404040404040403,0.576271186440678
339,3,2,1,32400,51,0.001574074074074074,24.764707565307617,0.5094339622641509,0.43137254901960786
339,3,2,2,32400,61,0.001882716049382716,23.786884307861328,0.2545454545454545,0.26229508196721313
339,3,3,0,32400,109,0.0033641975308641974,21.18348503112793,0.4152542372881356,0.47706422018348627
339,3,3,1,32400,44,0.0013580246913580246,21.454545974731445,0.29411764705882354,0.3181818181818182
339,3,3,2,32400,51,0.001574074074074074,25.64706039428711,0.19672131147540983,0.11764705882352941
339,3,4,0,32400,91,0.002808641975308642,37.80220413208008,0.3211009174311927,0.3956043956043956
339,3,4,1,32400,33,0.0010185185185185184,41.8787956237793,0.22727272727272727,0.30303030303030304
339,3,4,2,32400,48,0.0014814814814814814,39.437503814697266,0.23529411764705882,0.2708333333333333
339,3,5,0,32400,100,0.0030864197530864196,19.869998931884766,0.46153846153846156,0.42
339,3,5,1,32400,35,0.0010802469135802468,17.0,0.36363636363636365,0.4
339,3,5,2,32400,44,0.0013580246913580246,10.818181037902832,0.25,0.1590909090909091
339,3,6,0,32400,89,0.0027469135802469136,24.76404571533203,0.37,0.43820224719101125
339,3,6,1,32400,42,0.0012962962962962963,29.904762268066406,0.4,0.2619047619047619
339,3,6,2,32400,56,0.0017283950617283952,27.910715103149414,0.3409090909090909,0.23214285714285715
339,3,7,0,32400,97,0.002993827160493827,20.51546287536621,0.42696629213483145,0.44329896907216493
339,3,7,1,32400,35,0.0010802469135802468,7.4571428298950195,0.38095238095238093,0.2571428571428571
339,3,7,2,32400,63,0.0019444444444444444,24.17460823059082,0.25,0.25396825396825395
339,3,8,0,32400,92,0.002839506172839506,46.543479919433594,0.35051546391752575,0.32608695652173914
339,3,8,1,32400,41,0.0012654320987654322,24.80487823486328,0.42857142857142855,0.34146341463414637
339,3,8,2,32400,62,0.0019135802469135803,33.06451416015625,0.25396825396825395,0.3064516129032258
339,3,9,0,32400,101,0.003117283950617284,21.603960037231445,0.32608695652173914,0.46534653465346537
339,3,9,1,32400,47,0.0014506172839506173,24.936168670654297,0.43902439024390244,0.44680851063829785
339,3,9,2,32400,69,0.0021296296296296298,25.98550796508789,0.27419354838709675,0.2898550724637681
339,3,10,0,32400,108,0.0033333333333333335,29.33333396911621,0.42574257425742573,0.4074074074074074
339,3,10,1,32400,46,0.001419753086419753,31.54347801208496,0.3617021276595745,0.2826086956521739
339,3,10,2,32400,56,0.0017283950617283952,24.125001907348633,0.2608695652173913,0.375
339,3,11,0,32400,94,0.0029012345679012346,40.90425491333008,0.37037037037037035,0.3617021276595745
339,3,11,1,32400,48,0.0014814814814814814,43.833335876464844,0.2391304347826087,0.3541666666666667
339,3,11,2,32400,55,0.0016975308641975309,28.399999618530273,0.30357142857142855,0.21818181818181817
339,3,12,0,32400,104,0.0032098765432098763,21.528846740722656,0.4574468085106383,0.4230769230769231
339,3,12,1,32400,48,0.0014814814814814814,17.125,0.4583333333333333,0.4791666666666667
339,3,12,2,32400,62,0.0019135802469135803,20.25806427001953,0.32727272727272727,0.24193548387096775
339,3,13,0,32400,114,0.0035185185185185185,8.289473533630371,0.4423076923076923,0.4473684210526316
339,3,13,1,32400,50,0.0015432098765432098,18.279998779296875,0.3125,0.24
339,3,13,2,32400,67,0.002067901234567901,11.08955192565918,0.3709677419354839,0.31343283582089554
339,3,14,0,32400,119,0.0036728395061728395,18.226892471313477,0.4298245614035088,0.5546218487394958
339,3,14,1,32400,39,0.0012037037037037038,14.256410598754883,0.26,0.28205128205128205
339,3,14,2,32400,58,0.0017901234567901235,24.29310417175293,0.22388059701492538,0.3103448275862069
339,3,15,0,32400,122,0.003765432098765432,33.94261932373047,0.47058823529411764,0.5491803278688525
339,3,15,1,32400,35,0.0010802469135802468,34.91428756713867,0.3333333333333333,0.37142857142857144
339,3,15,2,32400,70,0.0021604938271604936,23.299999237060547,0.3448275862068966,0.32857142857142857
339,3,16,0,32400,102,0.003148148148148148,54.343143463134766,0.3770491803278688,0.47058823529411764
339,3,16,1,32400,36,0.0011111111111111111,147.50001525878906,0.2857142857142857,0.4166666666666667
339,3,16,2,32400,60,0.001851851851851852,68.13334655761719,0.21428571428571427,0.36666666666666664
339,3,17,0,32400,114,0.0035185185185185185,33.824562072753906,0.5,0.5
339,3,17,1,32400,30,0.000925925925925926,14.533333778381348,0.3611111111111111,0.3333333333333333
339,3,17,2,32400,42,0.0012962962962962963,17.595237731933594,0.26666666666666666,0.30952380952380953
339,3,18,0,32400,103,0.0031790123456790125,22.611650466918945,0.41228070175438597,0.36893203883495146
339,3,18,1,32400,47,0.0014506172839506173,31.893613815307617,0.4,0.48936170212765956
339,3,18,2,32400,45,0.001388888888888889,22.600000381469727,0.23809523809523808,0.2222222222222222
339,3,19,0,32400,99,0.0030555555555555557,16.070707321166992,0.36893203883495146,0.31313131313131315
339,3,19,1,32400,34,0.0010493827160493827,13.029412269592285,0.3617021276595745,0.4411764705882353
339,3,19,2,32400,65,0.002006172839506173,23.41538429260254,0.28888888888888886,0.38461538461538464
339,3,20,0,32400,107,0.0033024691358024692,35.925235748291016,0.42424242424242425,0.4672897196261682
339,3,20,1,32400,39,0.0012037037037037038,31.538461685180664,0.4117647058823529,0.3333333333333333
339,3,20,2,32400,39,0.0012037037037037038,38.0512809753418,0.16923076923076924,0.3333333333333333
339,3,21,0,32400,119,0.0036728395061728395,20.117650985717773,0.3925233644859813,0.3025210084033613
339,3,21,1,32400,40,0.0012345679012345679,15.425000190734863,0.3076923076923077,0.325
339,3,21,2,32400,64,0.0019753086419753087,17.484375,0.4358974358974359,0.296875
339,3,22,0,32400,126,0.0038888888888888888,23.253969192504883,0.42016806722689076,0.47619047619047616
339,3,22,1,32400,41,0.0012654320987654322,31.51219367980957,0.375,0.36585365853658536
339,3,22,2,32400,73,0.0022530864197530865,21.260272979736328,0.359375,0.3972602739726027
339,3,23,0,32400,121,0.0037345679012345677,55.958683013916016,0.4523809523809524,0.39669421487603307
339,3,23,1,32400,42,0.0012962962962962963,22.21428680419922,0.36585365853658536,0.40476190476190477
339,3,23,2,32400,66,0.002037037037037037,20.666667938232422,0.2876712328767123,0.42424242424242425
339,3,24,0,32400,137,0.004228395061728395,20.058393478393555,0.4297520661157025,0.4233576642335766
339,3,24,1,32400,49,0.0015123456790123457,22.755102157592773,0.42857142857142855,0.3469387755102041
339,3,24,2,32400,72,0.0022222222222222222,27.48611068725586,0.2727272727272727,0.2916666666666667
339,3,25,0,32400,147,0.004537037037037037,18.544218063354492,0.49635036496350365,0.4489795918367347
339,3,25,1,32400,50,0.0015432098765432098,29.639999389648438,0.2857142857142857,0.32
339,3,25,2,32400,80,0.0024691358024691358,30.912500381469727,0.4027777777777778,0.375
339,3,26,0,32400,131,0.00404320987654321,31.625953674316406,0.4217687074829932,0.4351145038167939
339,3,26,1,32400,60,0.001851851851851852,27.000001907348633,0.36,0.38333333333333336
339,3,26,2,32400,63,0.0019444444444444444,34.69841766357422,0.35,0.3968253968253968
339,3,27,0,32400,110,0.0033950617283950617,15.918180465698242,0.3893129770992366,0.36363636363636365
339,3,27,1,32400,45,0.001388888888888889,29.86666488647461,0.3333333333333333,0.4222222222222222
339,3,27,2,32400,60,0.001851851851851852,12.300000190734863,0.38095238095238093,0.31666666666666665
339,3,28,0,32400,115,0.0035493827160493828,26.565216064453125,0.4636363636363636,0.5391304347826087
339,3,28,1,32400,22,0.0006790123456790123,37.13637161254883,0.17777777777777778,0.09090909090909091
339,3,28,2,32400,59,0.0018209876543209876,26.694915771484375,0.35,0.4067796610169492
339,3,29,0,32400,130,0.004012345679012346,42.661537170410156,0.48695652173913045,0.5307692307692308
339,3,29,1,32400,31,0.0009567901234567902,35.87096405029297,0.36363636363636365,0.22580645161290322
339,3,29,2,32400,62,0.0019135802469135803,39.5161247253418,0.3559322033898305,0.532258064516129
339,3,30,0,32400,106,0.003271604938271605,23.169811248779297,0.45384615384615384,0.5377358490566038
339,3,30,1,32400,35,0.0010802469135802468,20.14285659790039,0.3225806451612903,0.14285714285714285
339,3,30,2,32400,66,0.002037037037037037,25.2424259185791,0.41935483870967744,0.5151515151515151
339,3,31,0,32400,129,0.003981481481481482,21.038759231567383,0.4811320754716981,0.5271317829457365
339,3,31,1,32400,32,0.0009876543209876543,24.0,0.2857142857142857,0.28125
339,3,31,2,32400,68,0.0020987654320987655,29.16176414489746,0.30303030303030304,0.4117647058823529
339,3,32,0,32400,112,0.0034567901234567903,36.57143020629883,0.3875968992248062,0.4375
339,3,32,1,32400,29,0.0008950617283950618,21.413793563842773,0.28125,0.10344827586206896
339,3,32,2,32400,70,0.0021604938271604936,28.22857093811035,0.38235294117647056,0.4857142857142857
339,3,33,0,32400,144,0.0044444444444444444,25.84722328186035,0.45535714285714285,0.4583333333333333
339,3,33,1,32400,23,0.0007098765432098765,24.478261947631836,0.27586206896551724,0.13043478260869565
339,3,33,2,32400,71,0.002191358024691358,59.8873291015625,0.35714285714285715,0.43661971830985913
339,3,34,0,32400,114,0.0035185185185185185,22.842105865478516,0.3541666666666667,0.40350877192982454
339,3,34,1,32400,29,0.0008950617283950618,10.551724433898926,0.21739130434782608,0.3103448275862069
339,3,34,2,32400,51,0.001574074074074074,13.686274528503418,0.22535211267605634,0.39215686274509803
339,3,35,0,32400,136,0.004197530864197531,29.169116973876953,0.4473684210526316,0.4485294117647059
339,3,35,1,32400,33,0.0010185185185185184,25.72727394104004,0.20689655172413793,0.2727272727272727
339,3,35,2,32400,68,0.0020987654320987655,27.41176414489746,0.43137254901960786,0.4117647058823529
340,0,1,0,32400,118,0.0036419753086419752,31.85593605041504,-1.0,0.576271186440678
340,0,1,1,32400,51,0.001574074074074074,29.215686798095703,-1.0,0.43137254901960786
340,0,1,2,32400,61,0.001882716049382716,36.21311569213867,-1.0,0.26229508196721313
340,0,2,0,32400,109,0.0033641975308641974,26.623851776123047,0.4152542372881356,0.47706422018348627
340,0,2,1,32400,44,0.0013580246913580246,21.84090805053711,0.29411764705882354,0.3181818181818182
340,0,2,2,32400,51,0.001574074074074074,34.82352828979492,0.19672131147540983,0.11764705882352941
340,0,3,0,32400,91,0.002808641975308642,31.52747344970703,0.3211009174311927,0.3956043956043956
340,0,3,1,32400,33,0.0010185185185185184,19.696971893310547,0.22727272727272727,0.30303030303030304
340,0,3,2,32400,48,0.0014814814814814814,30.27083396911621,0.23529411764705882,0.2708333333333333
340,0,4,0,32400,100,0.0030864197530864196,14.380000114440918,0.46153846153846156,0.42
340,0,4,1,32400,35,0.0010802469135802468,17.828571319580078,0.36363636363636365,0.4
340,0,4,2,32400,44,0.0013580246913580246,15.590909957885742,0.25,0.1590909090909091
340,0,5,0,32400,89,0.0027469135802469136,27.022472381591797,0.37,0.43820224719101125
340,0,5,1,32400,42,0.0012962962962962963,32.30952453613281,0.4,0.2619047619047619
340,0,5,2,32400,56,0.0017283950617283952,16.375,0.3409090909090909,0.23214285714285715
340,0,6,0,32400,97,0.002993827160493827,34.08247375488281,0.42696629213483145,0.44329896907216493
340,0,6,1,32400,35,0.0010802469135802468,45.25714111328125,0.38095238095238093,0.2571428571428571
340,0,6,2,32400,63,0.0019444444444444444,42.079368591308594,0.25,0.25396825396825395
340,0,7,0,32400,92,0.002839506172839506,17.69565200805664,0.35051546391752575,0.32608695652173914
340,0,7,1,32400,41,0.0012654320987654322,19.829267501831055,0.42857142857142855,0.34146341463414637
340,0,7,2,32400,62,0.0019135802469135803,23.35483741760254,0.25396825396825395,0.3064516129032258
340,0,8,0,32400,101,0.003117283950617284,28.623762130737305,0.32608695652173914,0.46534653465346537
340,0,8,1,32400,47,0.0014506172839506173,25.702123641967773,0.43902439024390244,0.44680851063829785
340,0,8,2,32400,69,0.0021296296296296298,28.724641799926758,0.27419354838709675,0.2898550724637681
340,0,9,0,32400,108,0.0033333333333333335,30.620370864868164,0.42574257425742573,0.4074074074074074
340,0,9,1,32400,46,0.001419753086419753,22.7391300201416,0.3617021276595745,0.2826086956521739
340,0,9,2,32400,56,0.0017283950617283952,59.142860412597656,0.2608695652173913,0.375
340,0,10,0,32400,94,0.0029012345679012346,22.45745086669922,0.37037037037037035,0.3617021276595745
340,0,10,1,32400,48,0.0014814814814814814,26.729171752929688,0.2391304347826087,0.3541666666666667
340,0,10,2,32400,55,0.0016975308641975309,27.27273178100586,0.30357142857142855,0.21818181818181817
340,0,11,0,32400,104,0.0032098765432098763,22.75,0.4574468085106383,0.4230769230769231
340,0,11,1,32400,48,0.0014814814814814814,28.416667938232422,0.4583333333333333,0.4791666666666667
340,0,11,2,32400,62,0.0019135802469135803,25.40322494506836,0.32727272727272727,0.24193548387096775
340,0,12,0,32400,114,0.0035185185185185185,23.75438690185547,0.4423076923076923,0.4473684210526316
340,0,12,1,32400,50,0.0015432098765432098,46.84000015258789,0.3125,0.24
340,0,12,2,32400,67,0.002067901234567901,23.373136520385742,0.3709677419354839,0.31343283582089554
340,0,13,0,32400,119,0.0036728395061728395,23.151262283325195,0.4298245614035088,0.5546218487394958
340,0,13,1,32400,39,0.0012037037037037038,22.76923179626465,0.26,0.28205128205128205
340,0,13,2,32400,58,0.0017901234567901235,19.86206817626953,0.22388059701492538,0.3103448275862069
340,0,14,0,32400,122,0.003765432098765432,24.336063385009766,0.47058823529411764,0.5491803278688525
340,0,14,1,32400,35,0.0010802469135802468,24.91428565979004,0.3333333333333333,0.37142857142857144
340,0,14,2,32400,70,0.0021604938271604936,27.114286422729492,0.3448275862068966,0.32857142857142857
340,0,15,0,32400,102,0.003148148148148148,31.078432083129883,0.3770491803278688,0.47058823529411764
340,0,15,1,32400,36,0.0011111111111111111,12.69444465637207,0.2857142857142857,0.4166666666666667
340,0,15,2,32400,60,0.001851851851851852,28.816667556762695,0.21428571428571427,0.36666666666666664
340,0,16,0,32400,114,0.0035185185185185185,32.3070182800293,0.5,0.5
340,0,16,1,32400,30,0.000925925925925926,40.70000076293945,0.3611111111111111,0.3333333333333333
340,0,16,2,32400,42,0.0012962962962962963,49.66666793823242,0.26666666666666666,0.30952380952380953
340,0,17,0,32400,103,0.0031790123456790125,30.466020584106445,0.41228070175438597,0.36893203883495146
340,0,17,1,32400,47,0.0014506172839506173,22.95744514465332,0.4,0.48936170212765956
340,0,17,2,32400,45,0.001388888888888889,45.66666793823242,0.23809523809523808,0.2222222222222222
340,0,18,0,32400,99,0.0030555555555555557,49.232322692871094,0.36893203883495146,0.31313131313131315
340,0,18,1,32400,34,0.0010493827160493827,45.11764144897461,0.3617021276595745,0.4411764705882353
340,0,18,2,32400,65,0.002006172839506173,40.0,0.28888888888888886,0.38461538461538464
340,0,19,0,32400,107,0.0033024691358024692,22.579439163208008,0.42424242424242425,0.4672897196261682
340,0,19,1,32400,39,0.0012037037037037038,25.102563858032227,0.4117647058823529,0.3333333333333333
340,0,19,2,32400,39,0.0012037037037037038,40.10256576538086,0.16923076923076924,0.3333333333333333
340,0,20,0,32400,119,0.0036728395061728395,24.067228317260742,0.3925233644859813,0.3025210084033613
340,0,20,1,32400,40,0.0012345679012345679,14.300000190734863,0.3076923076923077,0.325
340,0,20,2,32400,64,0.0019753086419753087,20.5625,0.4358974358974359,0.296875
340,0,21,0,32400,126,0.0038888888888888888,18.317461013793945,0.42016806722689076,0.47619047619047616
340,0,21,1,32400,41,0.0012654320987654322,9.170731544494629,0.375,0.36585365853658536
340,0,21,2,32400,73,0.0022530864197530865,22.69862937927246,0.359375,0.3972602739726027
340,0,22,0,32400,121,0.0037345679012345677,21.190082550048828,0.4523809523809524,0.39669421487603307
340,0,22,1,32400,42,0.0012962962962962963,16.380952835083008,0.36585365853658536,0.40476190476190477
340,0,22,2,32400,66,0.002037037037037037,18.515151977539062,0.2876712328767123,0.42424242424242425
340,0,23,0,32400,137,0.004228395061728395,26.131385803222656,0.4297520661157025,0.4233576642335766
340,0,23,1,32400,49,0.0015123456790123457,41.08163070678711,0.42857142857142855,0.3469387755102041
340,0,23,2,32400,72,0.0022222222222222222,34.29166793823242,0.2727272727272727,0.2916666666666667
340,0,24,0,32400,147,0.004537037037037037,37.89115524291992,0.49635036496350365,0.4489795918367347
340,0,24,1,32400,50,0.0015432098765432098,26.279998779296875,0.2857142857142857,0.32
340,0,24,2,32400,80,0.0024691358024691358,34.78750228881836,0.4027777777777778,0.375
340,0,25,0,32400,131,0.00404320987654321,26.870229721069336,0.4217687074829932,0.4351145038167939
340,0,25,1,32400,60,0.001851851851851852,30.01667022705078,0.36,0.38333333333333336
340,0,25,2,32400,63,0.0019444444444444444,23.77777862548828,0.35,0.3968253968253968
340,0,26,0,32400,110,0.0033950617283950617,23.9818172454834,0.3893129770992366,0.36363636363636365
340,0,26,1,32400,45,0.001388888888888889,35.28889083862305,0.3333333333333333,0.4222222222222222
340,0,26,2,32400,60,0.001851851851851852,39.88333511352539,0.38095238095238093,0.31666666666666665
340,0,27,0,32400,115,0.0035493827160493828,33.04347229003906,0.4636363636363636,0.5391304347826087
340,0,27,1,32400,22,0.0006790123456790123,12.909090995788574,0.17777777777777778,0.09090909090909091
340,0,27,2,32400,59,0.0018209876543209876,31.406776428222656,0.35,0.4067796610169492
340,0,28,0,32400,130,0.004012345679012346,21.05384635925293,0.48695652173913045,0.5307692307692308
340,0,28,1,32400,31,0.0009567901234567902,28.25806427001953,0.36363636363636365,0.22580645161290322
340,0,28,2,32400,62,0.0019135802469135803,31.774192810058594,0.3559322033898305,0.532258064516129
340,0,29,0,32400,106,0.003271604938271605,23.85849380493164,0.45384615384615384,0.5377358490566038
340,0,29,1,32400,35,0.0010802469135802468,16.399999618530273,0.3225806451612903,0.14285714285714285
340,0,29,2,32400,66,0.002037037037037037,21.151517868041992,0.41935483870967744,0.5151515151515151
340,0,30,0,32400,129,0.003981481481481482,30.1085262298584,0.4811320754716981,0.5271317829457365
340,0,30,1,32400,32,0.0009876543209876543,29.71875,0.2857142857142857,0.28125
340,0,30,2,32400,68,0.0020987654320987655,25.58823585510254,0.30303030303030304,0.4117647058823529
340,0,31,0,32400,112,0.0034567901234567903,23.02678680419922,0.3875968992248062,0.4375
340,0,31,1,32400,29,0.0008950617283950618,30.689655303955078,0.28125,0.10344827586206896
340,0,31,2,32400,70,0.0021604938271604936,23.985713958740234,0.38235294117647056,0.4857142857142857
340,0,32,0,32400,144,0.0044444444444444444,31.57638931274414,0.45535714285714285,0.4583333333333333
340,0,32,1,32400,23,0.0007098765432098765,24.52174186706543,0.27586206896551724,0.13043478260869565
340,0,32,2,32400,71,0.002191358024691358,20.056337356567383,0.35714285714285715,0.43661971830985913
340,0,33,0,32400,114,0.0035185185185185185,31.798246383666992,0.3541666666666667,0.40350877192982454
340,0,33,1,32400,29,0.0008950617283950618,24.20690155029297,0.21739130434782608,0.3103448275862069
340,0,33,2,32400,51,0.001574074074074074,32.64706039428711,0.22535211267605634,0.39215686274509803
340,0,34,0,32400,136,0.004197530864197531,16.867647171020508,0.4473684210526316,0.4485294117647059
340,0,34,1,32400,33,0.0010185185185185184,33.030303955078125,0.20689655172413793,0.2727272727272727
340,0,34,2,32400,68,0.0020987654320987655,22.323530197143555,0.43137254901960786,0.4117647058823529
340,0,35,0,32400,138,0.0042592592592592595,25.101449966430664,0.45588235294117646,0.572463768115942
340,0,35,1,32400,46,0.001419753086419753,20.804349899291992,0.45454545454545453,0.391304347826087
340,0,35,2,32400,71,0.002191358024691358,29.211271286010742,0.27941176470588236,0.43661971830985913
340,1,1,0,32400,118,0.0036419753086419752,23.601694107055664,-1.0,0.576271186440678
340,1,1,1,32400,51,0.001574074074074074,28.90196418762207,-1.0,0.43137254901960786
340,1,1,2,32400,61,0.001882716049382716,28.770490646362305,-1.0,0.26229508196721313
340,1,2,0,32400,109,0.0033641975308641974,77.16513061523438,0.4152542372881356,0.47706422018348627
340,1,2,1,32400,44,0.0013580246913580246,112.65909576416016,0.29411764705882354,0.3181818181818182
340,1,2,2,32400,51,0.001574074074074074,23.882354736328125,0.19672131147540983,0.11764705882352941
340,1,3,0,32400,91,0.002808641975308642,20.16483497619629,0.3211009174311927,0.3956043956043956
340,1,3,1,32400,33,0.0010185185185185184,18.969697952270508,0.22727272727272727,0.30303030303030304
340,1,3,2,32400,48,0.0014814814814814814,28.77083396911621,0.23529411764705882,0.2708333333333333
340,1,4,0,32400,100,0.0030864197530864196,24.479999542236328,0.46153846153846156,0.42
340,1,4,1,32400,35,0.0010802469135802468,32.0,0.36363636363636365,0.4
340,1,4,2,32400,44,0.0013580246913580246,27.431819915771484,0.25,0.1590909090909091
340,1,5,0,32400,89,0.0027469135802469136,53.449440002441406,0.37,0.43820224719101125
340,1,5,1,32400,42,0.0012962962962962963,97.64286041259766,0.4,0.2619047619047619
340,1,5,2,32400,56,0.0017283950617283952,24.946430206298828,0.3409090909090909,0.23214285714285715
340,1,6,0,32400,97,0.002993827160493827,30.556699752807617,0.42696629213483145,0.44329896907216493
340,1,6,1,32400,35,0.0010802469135802468,21.742856979370117,0.38095238095238093,0.2571428571428571
340,1,6,2,32400,63,0.0019444444444444444,28.07936668395996,0.25,0.25396825396825395
340,1,7,0,32400,92,0.002839506172839506,42.793479919433594,0.35051546391752575,0.32608695652173914
340,1,7,1,32400,41,0.0012654320987654322,50.707313537597656,0.42857142857142855,0.34146341463414637
340,1,7,2,32400,62,0.0019135802469135803,36.032257080078125,0.25396825396825395,0.3064516129032258
340,1,8,0,32400,101,0.003117283950617284,41.118812561035156,0.32608695652173914,0.46534653465346537
340,1,8,1,32400,47,0.0014506172839506173,31.744680404663086,0.43902439024390244,0.44680851063829785
340,1,8,2,32400,69,0.0021296296296296298,28.95652198791504,0.27419354838709675,0.2898550724637681
340,1,9,0,32400,108,0.0033333333333333335,29.58333396911621,0.42574257425742573,0.4074074074074074
340,1,9,1,32400,46,0.001419753086419753,32.84782791137695,0.3617021276595745,0.2826086956521739
340,1,9,2,32400,56,0.0017283950617283952,30.160715103149414,0.2608695652173913,0.375
340,1,10,0,32400,94,0.0029012345679012346,17.978723526000977,0.37037037037037035,0.3617021276595745
340,1,10,1,32400,48,0.0014814814814814814,21.625,0.2391304347826087,0.3541666666666667
340,1,10,2,32400,55,0.0016975308641975309,16.472726821899414,0.30357142857142855,0.21818181818181817
340,1,11,0,32400,104,0.0032098765432098763,47.22115707397461,0.4574468085106383,0.4230769230769231
340,1,11,1,32400,48,0.0014814814814814814,44.958335876464844,0.4583333333333333,0.4791666666666667
340,1,11,2,32400,62,0.0019135802469135803,56.56451416015625,0.32727272727272727,0.24193548387096775
340,1,12,0,32400,114,0.0035185185185185185,23.105262756347656,0.4423076923076923,0.4473684210526316
340,1,12,1,32400,50,0.0015432098765432098,21.3799991607666,0.3125,0.24
340,1,12,2,32400,67,0.002067901234567901,29.88059425354004,0.3709677419354839,0.31343283582089554
340,1,13,0,32400,119,0.0036728395061728395,22.05882453918457,0.4298245614035088,0.5546218487394958
340,1,13,1,32400,39,0.0012037037037037038,23.74359130859375,0.26,0.28205128205128205
340,1,13,2,32400,58,0.0017901234567901235,17.120689392089844,0.22388059701492538,0.3103448275862069
340,1,14,0,32400,122,0.003765432098765432,22.270492553710938,0.47058823529411764,0.5491803278688525
340,1,14,1,32400,35,0.0010802469135802468,14.028571128845215,0.3333333333333333,0.37142857142857144
340,1,14,2,32400,70,0.0021604938271604936,24.0,0.3448275862068966,0.32857142857142857
340,1,15,0,32400,102,0.003148148148148148,21.5,0.3770491803278688,0.47058823529411764
340,1,15,1,32400,36,0.0011111111111111111,13.36111068725586,0.2857142857142857,0.4166666666666667
340,1,15,2,32400,60,0.001851851851851852,24.750003814697266,0.21428571428571427,0.36666666666666664
340,1,16,0,32400,114,0.0035185185185185185,26.83333396911621,0.5,0.5
340,1,16,1,32400,30,0.000925925925925926,57.500003814697266,0.3611111111111111,0.3333333333333333
340,1,16,2,32400,42,0.0012962962962962963,29.85714340209961,0.26666666666666666,0.30952380952380953
340,1,17,0,32400,103,0.0031790123456790125,46.048545837402344,0.41228070175438597,0.36893203883495146
340,1,17,1,32400,47,0.0014506172839506173,34.42552947998047,0.4,0.48936170212765956
340,1,17,2,32400,45,0.001388888888888889,25.288888931274414,0.23809523809523808,0.2222222222222222
340,1,18,0,32400,99,0.0030555555555555557,34.52525329589844,0.36893203883495146,0.31313131313131315
340,1,18,1,32400,34,0.0010493827160493827,37.0,0.3617021276595745,0.4411764705882353
340,1,18,2,32400,65,0.002006172839506173,32.38461685180664,0.28888888888888886,0.38461538461538464
340,1,19,0,32400,107,0.0033024691358024692,26.51401710510254,0.42424242424242425,0.4672897196261682
340,1,19,1,32400,39,0.0012037037037037038,48.743595123291016,0.4117647058823529,0.3333333333333333
340,1,19,2,32400,39,0.0012037037037037038,32.17948913574219,0.16923076923076924,0.3333333333333333
340,1,20,0,32400,119,0.0036728395061728395,23.436975479125977,0.3925233644859813,0.3025210084033613
340,1,20,1,32400,40,0.0012345679012345679,44.875,0.3076923076923077,0.325
340,1,20,2,32400,64,0.0019753086419753087,33.96875,0.4358974358974359,0.296875
340,1,21,0,32400,126,0.0038888888888888888,37.79365158081055,0.42016806722689076,0.47619047619047616
340,1,21,1,32400,41,0.0012654320987654322,79.6341552734375,0.375,0.36585365853658536
340,1,21,2,32400,73,0.0022530864197530865,17.602739334106445,0.359375,0.3972602739726027
340,1,22,0,32400,121,0.0037345679012345677,26.917354583740234,0.4523809523809524,0.39669421487603307
340,1,22,1,32400,42,0.0012962962962962963,25.666667938232422,0.36585365853658536,0.40476190476190477
340,1,22,2,32400,66,0.002037037037037037,24.545455932617188,0.2876712328767123,0.42424242424242425
340,1,23,0,32400,137,0.004228395061728395,24.832117080688477,0.4297520661157025,0.4233576642335766
340,1,23,1,32400,49,0.0015123456790123457,22.122447967529297,0.42857142857142855,0.3469387755102041
340,1,23,2,32400,72,0.0022222222222222222,18.47222328186035,0.2727272727272727,0.2916666666666667
340,1,24,0,32400,147,0.004537037037037037,22.782312393188477,0.49635036496350365,0.4489795918367347
340,1,24,1,32400,50,0.0015432098765432098,30.240001678466797,0.2857142857142857,0.32
340,1,24,2,32400,80,0.0024691358024691358,14.58750057220459,0.4027777777777778,0.375
340,1,25,0,32400,131,0.00404320987654321,17.503816604614258,0.4217687074829932,0.4351145038167939
340,1,25,1,32400,60,0.001851851851851852,14.766667366027832,0.36,0.38333333333333336
340,1,25,2,32400,63,0.0019444444444444444,14.428572654724121,0.35,0.3968253968253968
340,1,26,0,32400,110,0.0033950617283950617,28.045454025268555,0.3893129770992366,0.36363636363636365
340,1,26,1,32400,45,0.001388888888888889,29.755556106567383,0.3333333333333333,0.4222222222222222
340,1,26,2,32400,60,0.001851851851851852,14.716667175292969,0.38095238095238093,0.31666666666666665
340,1,27,0,32400,115,0.0035493827160493828,21.62608528137207,0.4636363636363636,0.5391304347826087
340,1,27,1,32400,22,0.0006790123456790123,21.954545974731445,0.17777777777777778,0.09090909090909091
340,1,27,2,32400,59,0.0018209876543209876,24.152542114257812,0.35,0.4067796610169492
340,1,28,0,32400,130,0.004012345679012346,26.315385818481445,0.48695652173913045,0.5307692307692308
340,1,28,1,32400,31,0.0009567901234567902,20.290321350097656,0.36363636363636365,0.22580645161290322
340,1,28,2,32400,62,0.0019135802469135803,21.870969772338867,0.3559322033898305,0.532258064516129
340,1,29,0,32400,106,0.003271604938271605,26.660377502441406,0.45384615384615384,0.5377358490566038
340,1,29,1,32400,35,0.0010802469135802468,22.91428565979004,0.3225806451612903,0.14285714285714285
340,1,29,2,32400,66,0.002037037037037037,17.92424201965332,0.41935483870967744,0.5151515151515151
340,1,30,0,32400,129,0.003981481481481482,20.472867965698242,0.4811320754716981,0.5271317829457365
340,1,30,1,32400,32,0.0009876543209876543,16.09375,0.2857142857142857,0.28125
340,1,30,2,32400,68,0.0020987654320987655,15.411765098571777,0.30303030303030304,0.4117647058823529
340,1,31,0,32400,112,0.0034567901234567903,21.517858505249023,0.3875968992248062,0.4375
340,1,31,1,32400,29,0.0008950617283950618,16.241378784179688,0.28125,0.10344827586206896
340,1,31,2,32400,70,0.0021604938271604936,23.742855072021484,0.38235294117647056,0.4857142857142857
340,1,32,0,32400,144,0.0044444444444444444,22.70833396911621,0.45535714285714285,0.4583333333333333
340,1,32,1,32400,23,0.0007098765432098765,21.95652198791504,0.27586206896551724,0.13043478260869565
340,1,32,2,32400,71,0.002191358024691358,13.098590850830078,0.35714285714285715,0.43661971830985913
340,1,33,0,32400,114,0.0035185185185185185,31.798246383666992,0.3541666666666667,0.40350877192982454
340,1,33,1,32400,29,0.0008950617283950618,12.724138259887695,0.21739130434782608,0.3103448275862069
340,1,33,2,32400,51,0.001574074074074074,39.70588302612305,0.22535211267605634,0.39215686274509803
340,1,34,0,32400,136,0.004197530864197531,42.669124603271484,0.4473684210526316,0.4485294117647059
340,1,34,1,32400,33,0.0010185185185185184,30.484848022460938,0.20689655172413793,0.2727272727272727
340,1,34,2,32400,68,0.0020987654320987655,27.235294342041016,0.43137254901960786,0.4117647058823529
340,1,35,0,32400,138,0.0042592592592592595,21.47101402282715,0.45588235294117646,0.572463768115942
340,1,35,1,32400,46,0.001419753086419753,38.04347610473633,0.45454545454545453,0.391304347826087
340,1,35,2,32400,71,0.002191358024691358,26.323944091796875,0.27941176470588236,0.43661971830985913
340,2,1,0,32400,118,0.0036419753086419752,31.81355857849121,-1.0,0.576271186440678
340,2,1,1,32400,51,0.001574074074074074,19.882352828979492,-1.0,0.43137254901960786
340,2,1,2,32400,61,0.001882716049382716,28.21311378479004,-1.0,0.26229508196721313
340,2,2,0,32400,109,0.0033641975308641974,49.9357795715332,0.4152542372881356,0.47706422018348627
340,2,2,1,32400,44,0.0013580246913580246,61.72727584838867,0.29411764705882354,0.3181818181818182
340,2,2,2,32400,51,0.001574074074074074,43.45098114013672,0.19672131147540983,0.11764705882352941
340,2,3,0,32400,91,0.002808641975308642,41.78022003173828,0.3211009174311927,0.3956043956043956
340,2,3,1,32400,33,0.0010185185185185184,32.030303955078125,0.22727272727272727,0.30303030303030304
340,2,3,2,32400,48,0.0014814814814814814,39.375,0.23529411764705882,0.2708333333333333
340,2,4,0,32400,100,0.0030864197530864196,24.31999969482422,0.46153846153846156,0.42
340,2,4,1,32400,35,0.0010802469135802468,25.94285774230957,0.36363636363636365,0.4
340,2,4,2,32400,44,0.0013580246913580246,22.386363983154297,0.25,0.1590909090909091
340,2,5,0,32400,89,0.0027469135802469136,32.78651809692383,0.37,0.43820224719101125
340,2,5,1,32400,42,0.0012962962962962963,19.35714340209961,0.4,0.2619047619047619
340,2,5,2,32400,56,0.0017283950617283952,34.857147216796875,0.3409090909090909,0.23214285714285715
340,2,6,0,32400,97,0.002993827160493827,23.95876121520996,0.42696629213483145,0.44329896907216493
340,2,6,1,32400,35,0.0010802469135802468,25.257143020629883,0.38095238095238093,0.2571428571428571
340,2,6,2,32400,63,0.0019444444444444444,42.222225189208984,0.25,0.25396825396825395
340,2,7,0,32400,92,0.002839506172839506,29.021739959716797,0.35051546391752575,0.32608695652173914
340,2,7,1,32400,41,0.0012654320987654322,22.926828384399414,0.42857142857142855,0.34146341463414637
340,2,7,2,32400,62,0.0019135802469135803,26.435483932495117,0.25396825396825395,0.3064516129032258
340,2,8,0,32400,101,0.003117283950617284,20.2772274017334,0.32608695652173914,0.46534653465346537
340,2,8,1,32400,47,0.0014506172839506173,41.76595687866211,0.43902439024390244,0.44680851063829785
340,2,8,2,32400,69,0.0021296296296296298,48.37681579589844,0.27419354838709675,0.2898550724637681
340,2,9,0,32400,108,0.0033333333333333335,24.648147583007812,0.42574257425742573,0.4074074074074074
340,2,9,1,32400,46,0.001419753086419753,28.89130401611328,0.3617021276595745,0.2826086956521739
340,2,9,2,32400,56,0.0017283950617283952,26.642860412597656,0.2608695652173913,0.375
340,2,10,0,32400,94,0.0029012345679012346,25.414892196655273,0.37037037037037035,0.3617021276595745
340,2,10,1,32400,48,0.0014814814814814814,18.604167938232422,0.2391304347826087,0.3541666666666667
340,2,10,2,32400,55,0.0016975308641975309,18.30908966064453,0.30357142857142855,0.21818181818181817
340,2,11,0,32400,104,0.0032098765432098763,39.9134635925293,0.4574468085106383,0.4230769230769231
340,2,11,1,32400,48,0.0014814814814814814,110.58333587646484,0.4583333333333333,0.4791666666666667
340,2,11,2,32400,62,0.0019135802469135803,21.0,0.32727272727272727,0.24193548387096775
340,2,12,0,32400,114,0.0035185185185185185,20.324562072753906,0.4423076923076923,0.4473684210526316
340,2,12,1,32400,50,0.0015432098765432098,20.880001068115234,0.3125,0.24
340,2,12,2,32400,67,0.002067901234567901,21.731342315673828,0.3709677419354839,0.31343283582089554
340,2,13,0,32400,119,0.0036728395061728395,23.24370002746582,0.4298245614035088,0.5546218487394958
340,2,13,1,32400,39,0.0012037037037037038,21.076921463012695,0.26,0.28205128205128205
340,2,13,2,32400,58,0.0017901234567901235,18.32758903503418,0.22388059701492538,0.3103448275862069
340,2,14,0,32400,122,0.003765432098765432,63.95901107788086,0.47058823529411764,0.5491803278688525
340,2,14,1,32400,35,0.0010802469135802468,74.22856903076172,0.3333333333333333,0.37142857142857144
340,2,14,2,32400,70,0.0021604938271604936,72.5999984741211,0.3448275862068966,0.32857142857142857
340,2,15,0,32400,102,0.003148148148148148,17.862747192382812,0.3770491803278688,0.47058823529411764
340,2,15,1,32400,36,0.0011111111111111111,11.44444465637207,0.2857142857142857,0.4166666666666667
340,2,15,2,32400,60,0.001851851851851852,20.38333511352539,0.21428571428571427,0.36666666666666664
340,2,16,0,32400,114,0.0035185185185185185,28.16666603088379,0.5,0.5
340,2,16,1,32400,30,0.000925925925925926,32.70000076293945,0.3611111111111111,0.3333333333333333
340,2,16,2,32400,42,0.0012962962962962963,27.0238094329834,0.26666666666666666,0.30952380952380953
340,2,17,0,32400,103,0.0031790123456790125,51.28155517578125,0.41228070175438597,0.36893203883495146
340,2,17,1,32400,47,0.0014506172839506173,62.74468231201172,0.4,0.48936170212765956
340,2,17,2,32400,45,0.001388888888888889,49.9333381652832,0.23809523809523808,0.2222222222222222
340,2,18,0,32400,99,0.0030555555555555557,27.272727966308594,0.36893203883495146,0.31313131313131315
340,2,18,1,32400,34,0.0010493827160493827,57.73529815673828,0.3617021276595745,0.4411764705882353
340,2,18,2,32400,65,0.002006172839506173,34.69230651855469,0.28888888888888886,0.38461538461538464
340,2,19,0,32400,107,0.0033024691358024692,27.327102661132812,0.42424242424242425,0.4672897196261682
340,2,19,1,32400,39,0.0012037037037037038,22.461538314819336,0.4117647058823529,0.3333333333333333
340,2,19,2,32400,39,0.0012037037037037038,32.28205490112305,0.16923076923076924,0.3333333333333333
340,2,20,0,32400,119,0.0036728395061728395,41.19327163696289,0.3925233644859813,0.3025210084033613
340,2,20,1,32400,40,0.0012345679012345679,35.374996185302734,0.3076923076923077,0.325
340,2,20,2,32400,64,0.0019753086419753087,25.625,0.4358974358974359,0.296875
340,2,21,0,32400,126,0.0038888888888888888,30.992067337036133,0.42016806722689076,0.47619047619047616
340,2,21,1,32400,41,0.0012654320987654322,21.0,0.375,0.36585365853658536
340,2,21,2,32400,73,0.0022530864197530865,26.945209503173828,0.359375,0.3972602739726027
340,2,22,0,32400,121,0.0037345679012345677,46.28925323486328,0.4523809523809524,0.39669421487603307
340,2,22,1,32400,42,0.0012962962962962963,36.80952453613281,0.36585365853658536,0.40476190476190477
340,2,22,2,32400,66,0.002037037037037037,29.48484992980957,0.2876712328767123,0.42424242424242425
340,2,23,0,32400,137,0.004228395061728395,31.95620346069336,0.4297520661157025,0.4233576642335766
340,2,23,1,32400,49,0.0015123456790123457,29.28571319580078,0.42857142857142855,0.3469387755102041
340,2,23,2,32400,72,0.0022222222222222222,18.26388931274414,0.2727272727272727,0.2916666666666667
340,2,24,0,32400,147,0.004537037037037037,34.591835021972656,0.49635036496350365,0.4489795918367347
340,2,24,1,32400,50,0.0015432098765432098,24.439998626708984,0.2857142857142857,0.32
340,2,24,2,32400,80,0.0024691358024691358,30.92500114440918,0.4027777777777778,0.375
340,2,25,0,32400,131,0.00404320987654321,19.885498046875,0.4217687074829932,0.4351145038167939
340,2,25,1,32400,60,0.001851851851851852,24.250001907348633,0.36,0.38333333333333336
340,2,25,2,32400,63,0.0019444444444444444,27.873018264770508,0.35,0.3968253968253968
340,2,26,0,32400,110,0.0033950617283950617,20.59090805053711,0.3893129770992366,0.36363636363636365
340,2,26,1,32400,45,0.001388888888888889,32.977779388427734,0.3333333333333333,0.4222222222222222
340,2,26,2,32400,60,0.001851851851851852,21.250001907348633,0.38095238095238093,0.31666666666666665
340,2,27,0,32400,115,0.0035493827160493828,23.373912811279297,0.4636363636363636,0.5391304347826087
340,2,27,1,32400,22,0.0006790123456790123,18.31818199157715,0.17777777777777778,0.09090909090909091
340,2,27,2,32400,59,0.0018209876543209876,18.288135528564453,0.35,0.4067796610169492
340,2,28,0,32400,130,0.004012345679012346,13.769230842590332,0.48695652173913045,0.5307692307692308
340,2,28,1,32400,31,0.0009567901234567902,23.483869552612305,0.36363636363636365,0.22580645161290322
340,2,28,2,32400,62,0.0019135802469135803,14.596774101257324,0.3559322033898305,0.532258064516129
340,2,29,0,32400,106,0.003271604938271605,35.01886749267578,0.45384615384615384,0.5377358490566038
340,2,29,1,32400,35,0.0010802469135802468,32.228572845458984,0.3225806451612903,0.14285714285714285
340,2,29,2,32400,66,0.002037037037037037,32.90909194946289,0.41935483870967744,0.5151515151515151
340,2,30,0,32400,129,0.003981481481481482,20.054264068603516,0.4811320754716981,0.5271317829457365
340,2,30,1,32400,32,0.0009876543209876543,18.625001907348633,0.2857142857142857,0.28125
340,2,30,2,32400,68,0.0020987654320987655,16.735294342041016,0.30303030303030304,0.4117647058823529
340,2,31,0,32400,112,0.0034567901234567903,19.116071701049805,0.3875968992248062,0.4375
340,2,31,1,32400,29,0.0008950617283950618,27.34482765197754,0.28125,0.10344827586206896
340,2,31,2,32400,70,0.0021604938271604936,21.571428298950195,0.38235294117647056,0.4857142857142857
340,2,32,0,32400,144,0.0044444444444444444,27.44444465637207,0.45535714285714285,0.4583333333333333
340,2,32,1,32400,23,0.0007098765432098765,61.5217399597168,0.27586206896551724,0.13043478260869565
340,2,32,2,32400,71,0.002191358024691358,22.46478843688965,0.35714285714285715,0.43661971830985913
340,2,33,0,32400,114,0.0035185185185185185,25.2456111907959,0.3541666666666667,0.40350877192982454
340,2,33,1,32400,29,0.0008950617283950618,14.310344696044922,0.21739130434782608,0.3103448275862069
340,2,33,2,32400,51,0.001574074074074074,19.705883026123047,0.22535211267605634,0.39215686274509803
340,2,34,0,32400,136,0.004197530864197531,27.97058868408203,0.4473684210526316,0.4485294117647059
340,2,34,1,32400,33,0.0010185185185185184,19.393939971923828,0.20689655172413793,0.2727272727272727
340,2,34,2,32400,68,0.0020987654320987655,14.779412269592285,0.43137254901960786,0.4117647058823529
340,2,35,0,32400,138,0.0042592592592592595,30.362319946289062,0.45588235294117646,0.572463768115942
340,2,35,1,32400,46,0.001419753086419753,43.239131927490234,0.45454545454545453,0.391304347826087
340,2,35,2,32400,71,0.002191358024691358,48.30985641479492,0.27941176470588236,0.43661971830985913
340,3,1,0,32400,118,0.0036419753086419752,22.983051300048828,-1.0,0.576271186440678
340,3,1,1,32400,51,0.001574074074074074,30.92156982421875,-1.0,0.43137254901960786
340,3,1,2,32400,61,0.001882716049382716,28.918031692504883,-1.0,0.26229508196721313
340,3,2,0,32400,109,0.0033641975308641974,18.165136337280273,0.4152542372881356,0.47706422018348627
340,3,2,1,32400,44,0.0013580246913580246,21.590909957885742,0.29411764705882354,0.3181818181818182
340,3,2,2,32400,51,0.001574074074074074,14.000000953674316,0.19672131147540983,0.11764705882352941
340,3,3,0,32400,91,0.002808641975308642,25.659343719482422,0.3211009174311927,0.3956043956043956
340,3,3,1,32400,33,0.0010185185185185184,33.272727966308594,0.22727272727272727,0.30303030303030304
340,3,3,2,32400,48,0.0014814814814814814,20.479167938232422,0.23529411764705882,0.2708333333333333
340,3,4,0,32400,100,0.0030864197530864196,20.10999870300293,0.46153846153846156,0.42
340,3,4,1,32400,35,0.0010802469135802468,37.257144927978516,0.36363636363636365,0.4
340,3,4,2,32400,44,0.0013580246913580246,33.02273178100586,0.25,0.1590909090909091
340,3,5,0,32400,89,0.0027469135802469136,22.157302856445312,0.37,0.43820224719101125
340,3,5,1,32400,42,0.0012962962962962963,24.35714340209961,0.4,0.2619047619047619
340,3,5,2,32400,56,0.0017283950617283952,24.23214340209961,0.3409090909090909,0.23214285714285715
340,3,6,0,32400,97,0.002993827160493827,35.8659782409668,0.42696629213483145,0.44329896907216493
340,3,6,1,32400,35,0.0010802469135802468,25.799999237060547,0.38095238095238093,0.2571428571428571
340,3,6,2,32400,63,0.0019444444444444444,27.507938385009766,0.25,0.25396825396825395
340,3,7,0,32400,92,0.002839506172839506,36.95652389526367,0.35051546391752575,0.32608695652173914
340,3,7,1,32400,41,0.0012654320987654322,34.1219482421875,0.42857142857142855,0.34146341463414637
340,3,7,2,32400,62,0.0019135802469135803,32.0,0.25396825396825395,0.3064516129032258
340,3,8,0,32400,101,0.003117283950617284,25.574256896972656,0.32608695652173914,0.46534653465346537
340,3,8,1,32400,47,0.0014506172839506173,35.914894104003906,0.43902439024390244,0.44680851063829785
340,3,8,2,32400,69,0.0021296296296296298,35.07246398925781,0.27419354838709675,0.2898550724637681
340,3,9,0,32400,108,0.0033333333333333335,28.16666603088379,0.42574257425742573,0.4074074074074074
340,3,9,1,32400,46,0.001419753086419753,19.586956024169922,0.3617021276595745,0.2826086956521739
340,3,9,2,32400,56,0.0017283950617283952,32.625,0.2608695652173913,0.375
340,3,10,0,32400,94,0.0029012345679012346,31.808509826660156,0.37037037037037035,0.3617021276595745
340,3,10,1,32400,48,0.0014814814814814814,43.9375,0.2391304347826087,0.3541666666666667
340,3,10,2,32400,55,0.0016975308641975309,25.836362838745117,0.30357142857142855,0.21818181818181817
340,3,11,0,32400,104,0.0032098765432098763,15.086539268493652,0.4574468085106383,0.4230769230769231
340,3,11,1,32400,48,0.0014814814814814814,24.20833396911621,0.4583333333333333,0.4791666666666667
340,3,11,2,32400,62,0.0019135802469135803,22.419353485107422,0.32727272727272727,0.24193548387096775
340,3,12,0,32400,114,0.0035185185185185185,25.66666603088379,0.4423076923076923,0.4473684210526316
340,3,12,1,32400,50,0.0015432098765432098,25.420000076293945,0.3125,0.24
340,3,12,2,32400,67,0.002067901234567901,26.104476928710938,0.3709677419354839,0.31343283582089554
340,3,13,0,32400,119,0.0036728395061728395,28.60504722595215,0.4298245614035088,0.5546218487394958
340,3,13,1,32400,39,0.0012037037037037038,26.794872283935547,0.26,0.28205128205128205
340,3,13,2,32400,58,0.0017901234567901235,21.60344886779785,0.22388059701492538,0.3103448275862069
340,3,14,0,32400,122,0.003765432098765432,19.040983200073242,0.47058823529411764,0.5491803278688525
340,3,14,1,32400,35,0.0010802469135802468,17.514286041259766,0.3333333333333333,0.37142857142857144
340,3,14,2,32400,70,0.0021604938271604936,28.757143020629883,0.3448275862068966,0.32857142857142857
340,3,15,0,32400,102,0.003148148148148148,23.686277389526367,0.3770491803278688,0.47058823529411764
340,3,15,1,32400,36,0.0011111111111111111,36.77778244018555,0.2857142857142857,0.4166666666666667
340,3,15,2,32400,60,0.001851851851851852,32.63333511352539,0.21428571428571427,0.36666666666666664
340,3,16,0,32400,114,0.0035185185185185185,26.947368621826172,0.5,0.5
340,3,16,1,32400,30,0.000925925925925926,33.73332977294922,0.3611111111111111,0.3333333333333333
340,3,16,2,32400,42,0.0012962962962962963,17.571428298950195,0.26666666666666666,0.30952380952380953
340,3,17,0,32400,103,0.0031790123456790125,44.64077377319336,0.41228070175438597,0.36893203883495146
340,3,17,1,32400,47,0.0014506172839506173,22.723403930664062,0.4,0.48936170212765956
340,3,17,2,32400,45,0.001388888888888889,25.377779006958008,0.23809523809523808,0.2222222222222222
340,3,18,0,32400,99,0.0030555555555555557,18.646465301513672,0.36893203883495146,0.31313131313131315
340,3,18,1,32400,34,0.0010493827160493827,17.176469802856445,0.3617021276595745,0.4411764705882353
340,3,18,2,32400,65,0.002006172839506173,17.353845596313477,0.28888888888888886,0.38461538461538464
340,3,19,0,32400,107,0.0033024691358024692,25.476634979248047,0.42424242424242425,0.4672897196261682
340,3,19,1,32400,39,0.0012037037037037038,32.153846740722656,0.4117647058823529,0.3333333333333333
340,3,19,2,32400,39,0.0012037037037037038,19.487178802490234,0.16923076923076924,0.3333333333333333
340,3,20,0,32400,119,0.0036728395061728395,27.98319435119629,0.3925233644859813,0.3025210084033613
340,3,20,1,32400,40,0.0012345679012345679,56.95000076293945,0.3076923076923077,0.325
340,3,20,2,32400,64,0.0019753086419753087,48.3125,0.4358974358974359,0.296875
340,3,21,0,32400,126,0.0038888888888888888,13.396825790405273,0.42016806722689076,0.47619047619047616
340,3,21,1,32400,41,0.0012654320987654322,9.95121955871582,0.375,0.36585365853658536
340,3,21,2,32400,73,0.0022530864197530865,15.301369667053223,0.359375,0.3972602739726027
340,3,22,0,32400,121,0.0037345679012345677,17.42148780822754,0.4523809523809524,0.39669421487603307
340,3,22,1,32400,42,0.0012962962962962963,19.380952835083008,0.36585365853658536,0.40476190476190477
340,3,22,2,32400,66,0.002037037037037037,15.742424964904785,0.2876712328767123,0.42424242424242425
340,3,23,0,32400,137,0.004228395061728395,37.927005767822266,0.4297520661157025,0.4233576642335766
340,3,23,1,32400,49,0.0015123456790123457,24.183673858642578,0.42857142857142855,0.3469387755102041
340,3,23,2,32400,72,0.0022222222222222222,30.66666603088379,0.2727272727272727,0.2916666666666667
340,3,24,0,32400,147,0.004537037037037037,42.56462860107422,0.49635036496350365,0.4489795918367347
340,3,24,1,32400,50,0.0015432098765432098,44.28001022338867,0.2857142857142857,0.32
340,3,24,2,32400,80,0.0024691358024691358,41.91250228881836,0.4027777777777778,0.375
340,3,25,0,32400,131,0.00404320987654321,31.534351348876953,0.4217687074829932,0.4351145038167939
340,3,25,1,32400,60,0.001851851851851852,35.75,0.36,0.38333333333333336
340,3,25,2,32400,63,0.0019444444444444444,31.571430206298828,0.35,0.3968253968253968
340,3,26,0,32400,110,0.0033950617283950617,27.918180465698242,0.3893129770992366,0.36363636363636365
340,3,26,1,32400,45,0.001388888888888889,26.533334732055664,0.3333333333333333,0.4222222222222222
340,3,26,2,32400,60,0.001851851851851852,29.416669845581055,0.38095238095238093,0.31666666666666665
340,3,27,0,32400,115,0.0035493827160493828,18.304346084594727,0.4636363636363636,0.5391304347826087
340,3,27,1,32400,22,0.0006790123456790123,20.772727966308594,0.17777777777777778,0.09090909090909091
340,3,27,2,32400,59,0.0018209876543209876,9.423728942871094,0.35,0.4067796610169492
340,3,28,0,32400,130,0.004012345679012346,17.184616088867188,0.48695652173913045,0.5307692307692308
340,3,28,1,32400,31,0.0009567901234567902,8.129032135009766,0.36363636363636365,0.22580645161290322
340,3,28,2,32400,62,0.0019135802469135803,21.45161247253418,0.3559322033898305,0.532258064516129
340,3,29,0,32400,106,0.003271604938271605,16.311321258544922,0.45384615384615384,0.5377358490566038
340,3,29,1,32400,35,0.0010802469135802468,15.857144355773926,0.3225806451612903,0.14285714285714285
340,3,29,2,32400,66,0.002037037037037037,26.090909957885742,0.41935483870967744,0.5151515151515151
340,3,30,0,32400,129,0.003981481481481482,32.68992233276367,0.4811320754716981,0.5271317829457365
340,3,30,1,32400,32,0.0009876543209876543,15.531250953674316,0.2857142857142857,0.28125
340,3,30,2,32400,68,0.0020987654320987655,36.05882263183594,0.30303030303030304,0.4117647058823529
340,3,31,0,32400,112,0.0034567901234567903,28.098215103149414,0.3875968992248062,0.4375
340,3,31,1,32400,29,0.0008950617283950618,26.586206436157227,0.28125,0.10344827586206896
340,3,31,2,32400,70,0.0021604938271604936,23.91428565979004,0.38235294117647056,0.4857142857142857
340,3,32,0,32400,144,0.0044444444444444444,20.86805534362793,0.45535714285714285,0.4583333333333333
340,3,32,1,32400,23,0.0007098765432098765,25.565217971801758,0.27586206896551724,0.13043478260869565
340,3,32,2,32400,71,0.002191358024691358,26.71830940246582,0.35714285714285715,0.43661971830985913
340,3,33,0,32400,114,0.0035185185185185185,19.938596725463867,0.3541666666666667,0.40350877192982454
340,3,33,1,32400,29,0.0008950617283950618,31.379310607910156,0.21739130434782608,0.3103448275862069
340,3,33,2,32400,51,0.001574074074074074,22.19607925415039,0.22535211267605634,0.39215686274509803
340,3,34,0,32400,136,0.004197530864197531,44.963233947753906,0.4473684210526316,0.4485294117647059
340,3,34,1,32400,33,0.0010185185185185184,41.24242401123047,0.20689655172413793,0.2727272727272727
340,3,34,2,32400,68,0.0020987654320987655,33.92647171020508,0.43137254901960786,0.4117647058823529
340,3,35,0,32400,138,0.0042592592592592595,24.59420394897461,0.45588235294117646,0.572463768115942
340,3,35,1,32400,46,0.001419753086419753,38.934783935546875,0.45454545454545453,0.391304347826087
340,3,35,2,32400,71,0.002191358024691358,26.619718551635742,0.27941176470588236,0.43661971830985913
341,0,1,0,32400,109,0.0033641975308641974,27.724769592285156,-1.0,0.47706422018348627
341,0,1,1,32400,44,0.0013580246913580246,22.863636016845703,-1.0,0.3181818181818182
341,0,1,2,32400,51,0.001574074074074074,20.60784339904785,-1.0,0.11764705882352941
341,0,2,0,32400,91,0.002808641975308642,28.307693481445312,0.3211009174311927,0.3956043956043956
341,0,2,1,32400,33,0.0010185185185185184,35.3636360168457,0.22727272727272727,0.30303030303030304
341,0,2,2,32400,48,0.0014814814814814814,34.75,0.23529411764705882,0.2708333333333333
341,0,3,0,32400,100,0.0030864197530864196,17.69999885559082,0.46153846153846156,0.42
341,0,3,1,32400,35,0.0010802469135802468,8.857142448425293,0.36363636363636365,0.4
341,0,3,2,32400,44,0.0013580246913580246,17.93181800842285,0.25,0.1590909090909091
341,0,4,0,32400,89,0.0027469135802469136,34.82023239135742,0.37,0.43820224719101125
341,0,4,1,32400,42,0.0012962962962962963,42.61905288696289,0.4,0.2619047619047619
341,0,4,2,32400,56,0.0017283950617283952,39.28572082519531,0.3409090909090909,0.23214285714285715
341,0,5,0,32400,97,0.002993827160493827,18.154638290405273,0.42696629213483145,0.44329896907216493
341,0,5,1,32400,35,0.0010802469135802468,33.028568267822266,0.38095238095238093,0.2571428571428571
341,0,5,2,32400,63,0.0019444444444444444,21.571430206298828,0.25,0.25396825396825395
341,0,6,0,32400,92,0.002839506172839506,17.836956024169922,0.35051546391752575,0.32608695652173914
341,0,6,1,32400,41,0.0012654320987654322,12.292682647705078,0.42857142857142855,0.34146341463414637
341,0,6,2,32400,62,0.0019135802469135803,13.080645561218262,0.25396825396825395,0.3064516129032258
341,0,7,0,32400,101,0.003117283950617284,24.702970504760742,0.32608695652173914,0.46534653465346537
341,0,7,1,32400,47,0.0014506172839506173,24.936168670654297,0.43902439024390244,0.44680851063829785
341,0,7,2,32400,69,0.0021296296296296298,12.101449966430664,0.27419354838709675,0.2898550724637681
341,0,8,0,32400,108,0.0033333333333333335,15.69444465637207,0.42574257425742573,0.4074074074074074
341,0,8,1,32400,46,0.001419753086419753,24.15217399597168,0.3617021276595745,0.2826086956521739
341,0,8,2,32400,56,0.0017283950617283952,20.946430206298828,0.2608695652173913,0.375
341,0,9,0,32400,94,0.0029012345679012346,111.03192138671875,0.37037037037037035,0.3617021276595745
341,0,9,1,32400,48,0.0014814814814814814,120.85417175292969,0.2391304347826087,0.3541666666666667
341,0,9,2,32400,55,0.0016975308641975309,44.54545211791992,0.30357142857142855,0.21818181818181817
341,0,10,0,32400,104,0.0032098765432098763,24.855770111083984,0.4574468085106383,0.4230769230769231
341,0,10,1,32400,48,0.0014814814814814814,14.208333969116211,0.4583333333333333,0.4791666666666667
341,0,10,2,32400,62,0.0019135802469135803,16.66128921508789,0.32727272727272727,0.24193548387096775
341,0,11,0,32400,114,0.0035185185185185185,24.289474487304688,0.4423076923076923,0.4473684210526316
341,0,11,1,32400,50,0.0015432098765432098,27.839996337890625,0.3125,0.24
341,0,11,2,32400,67,0.002067901234567901,31.97014808654785,0.3709677419354839,0.31343283582089554
341,0,12,0,32400,119,0.0036728395061728395,59.605045318603516,0.4298245614035088,0.5546218487394958
341,0,12,1,32400,39,0.0012037037037037038,58.82050704956055,0.26,0.28205128205128205
341,0,12,2,32400,58,0.0017901234567901235,41.94827651977539,0.22388059701492538,0.3103448275862069
341,0,13,0,32400,122,0.003765432098765432,25.270490646362305,0.47058823529411764,0.5491803278688525
341,0,13,1,32400,35,0.0010802469135802468,14.54285717010498,0.3333333333333333,0.37142857142857144
341,0,13,2,32400,70,0.0021604938271604936,20.328571319580078,0.3448275862068966,0.32857142857142857
341,0,14,0,32400,102,0.003148148148148148,32.36274719238281,0.3770491803278688,0.47058823529411764
341,0,14,1,32400,36,0.0011111111111111111,21.61111068725586,0.2857142857142857,0.4166666666666667
341,0,14,2,32400,60,0.001851851851851852,27.88333511352539,0.21428571428571427,0.36666666666666664
341,0,15,0,32400,114,0.0035185185185185185,34.6315803527832,0.5,0.5
341,0,15,1,32400,30,0.000925925925925926,32.73332977294922,0.3611111111111111,0.3333333333333333
341,0,15,2,32400,42,0.0012962962962962963,35.21427917480469,0.26666666666666666,0.30952380952380953
341,0,16,0,32400,103,0.0031790123456790125,28.747573852539062,0.41228070175438597,0.36893203883495146
341,0,16,1,32400,47,0.0014506172839506173,40.42552947998047,0.4,0.48936170212765956
341,0,16,2,32400,45,0.001388888888888889,26.577777862548828,0.23809523809523808,0.2222222222222222
341,0,17,0,32400,99,0.0030555555555555557,16.747474670410156,0.36893203883495146,0.31313131313131315
341,0,17,1,32400,34,0.0010493827160493827,23.088237762451172,0.3617021276595745,0.4411764705882353
341,0,17,2,32400,65,0.002006172839506173,21.769229888916016,0.28888888888888886,0.38461538461538464
341,0,18,0,32400,107,0.0033024691358024692,20.943923950195312,0.42424242424242425,0.4672897196261682
341,0,18,1,32400,39,0.0012037037037037038,19.948719024658203,0.4117647058823529,0.3333333333333333
341,0,18,2,32400,39,0.0012037037037037038,16.897436141967773,0.16923076923076924,0.3333333333333333
341,0,19,0,32400,119,0.0036728395061728395,32.621849060058594,0.3925233644859813,0.3025210084033613
341,0,19,1,32400,40,0.0012345679012345679,26.274999618530273,0.3076923076923077,0.325
341,0,19,2,32400,64,0.0019753086419753087,37.515625,0.4358974358974359,0.296875
341,0,20,0,32400,126,0.0038888888888888888,39.20635223388672,0.42016806722689076,0.47619047619047616
341,0,20,1,32400,41,0.0012654320987654322,14.829267501831055,0.375,0.36585365853658536
341,0,20,2,32400,73,0.0022530864197530865,38.876712799072266,0.359375,0.3972602739726027
341,0,21,0,32400,121,0.0037345679012345677,22.64462661743164,0.4523809523809524,0.39669421487603307
341,0,21,1,32400,42,0.0012962962962962963,20.21428680419922,0.36585365853658536,0.40476190476190477
341,0,21,2,32400,66,0.002037037037037037,41.51515197753906,0.2876712328767123,0.42424242424242425
341,0,22,0,32400,137,0.004228395061728395,25.08759117126465,0.4297520661157025,0.4233576642335766
341,0,22,1,32400,49,0.0015123456790123457,37.67346954345703,0.42857142857142855,0.3469387755102041
341,0,22,2,32400,72,0.0022222222222222222,21.52777862548828,0.2727272727272727,0.2916666666666667
341,0,23,0,32400,147,0.004537037037037037,21.80272102355957,0.49635036496350365,0.4489795918367347
341,0,23,1,32400,50,0.0015432098765432098,13.15999984741211,0.2857142857142857,0.32
341,0,23,2,32400,80,0.0024691358024691358,23.950000762939453,0.4027777777777778,0.375
341,0,24,0,32400,131,0.00404320987654321,40.23664093017578,0.4217687074829932,0.4351145038167939
341,0,24,1,32400,60,0.001851851851851852,48.35000228881836,0.36,0.38333333333333336
341,0,24,2,32400,63,0.0019444444444444444,23.4920654296875,0.35,0.3968253968253968
341,0,25,0,32400,110,0.0033950617283950617,13.845454216003418,0.3893129770992366,0.36363636363636365
341,0,25,1,32400,45,0.001388888888888889,18.111112594604492,0.3333333333333333,0.4222222222222222
341,0,25,2,32400,60,0.001851851851851852,19.51666831970215,0.38095238095238093,0.31666666666666665
341,0,26,0,32400,115,0.0035493827160493828,44.64348220825195,0.4636363636363636,0.5391304347826087
341,0,26,1,32400,22,0.0006790123456790123,34.86363983154297,0.17777777777777778,0.09090909090909091
341,0,26,2,32400,59,0.0018209876543209876,121.5593490600586,0.35,0.4067796610169492
341,0,27,0,32400,130,0.004012345679012346,33.407691955566406,0.48695652173913045,0.5307692307692308
341,0,27,1,32400,31,0.0009567901234567902,31.16128921508789,0.36363636363636365,0.22580645161290322
341,0,27,2,32400,62,0.0019135802469135803,51.64516067504883,0.3559322033898305,0.532258064516129
341,0,28,0,32400,106,0.003271604938271605,29.216981887817383,0.45384615384615384,0.5377358490566038
341,0,28,1,32400,35,0.0010802469135802468,13.85714340209961,0.3225806451612903,0.14285714285714285
341,0,28,2,32400,66,0.002037037037037037,18.15151596069336,0.41935483870967744,0.5151515151515151
341,0,29,0,32400,129,0.003981481481481482,19.55038833618164,0.4811320754716981,0.5271317829457365
341,0,29,1,32400,32,0.0009876543209876543,24.40625,0.2857142857142857,0.28125
341,0,29,2,32400,68,0.0020987654320987655,12.661765098571777,0.30303030303030304,0.4117647058823529
341,0,30,0,32400,112,0.0034567901234567903,42.294647216796875,0.3875968992248062,0.4375
341,0,30,1,32400,29,0.0008950617283950618,25.413793563842773,0.28125,0.10344827586206896
341,0,30,2,32400,70,0.0021604938271604936,32.9571418762207,0.38235294117647056,0.4857142857142857
341,0,31,0,32400,144,0.0044444444444444444,28.34027862548828,0.45535714285714285,0.4583333333333333
341,0,31,1,32400,23,0.0007098765432098765,38.0,0.27586206896551724,0.13043478260869565
341,0,31,2,32400,71,0.002191358024691358,21.661972045898438,0.35714285714285715,0.43661971830985913
341,0,32,0,32400,114,0.0035185185185185185,29.271930694580078,0.3541666666666667,0.40350877192982454
341,0,32,1,32400,29,0.0008950617283950618,18.37931251525879,0.21739130434782608,0.3103448275862069
341,0,32,2,32400,51,0.001574074074074074,29.254905700683594,0.22535211267605634,0.39215686274509803
341,0,33,0,32400,136,0.004197530864197531,26.294116973876953,0.4473684210526316,0.4485294117647059
341,0,33,1,32400,33,0.0010185185185185184,38.39393997192383,0.20689655172413793,0.2727272727272727
341,0,33,2,32400,68,0.0020987654320987655,40.235294342041016,0.43137254901960786,0.4117647058823529
341,0,34,0,32400,138,0.0042592592592592595,12.934782981872559,0.45588235294117646,0.572463768115942
341,0,34,1,32400,46,0.001419753086419753,10.84782600402832,0.45454545454545453,0.391304347826087
341,0,34,2,32400,71,0.002191358024691358,20.929576873779297,0.27941176470588236,0.43661971830985913
341,0,35,0,32400,148,0.004567901234567902,36.10135269165039,0.42028985507246375,0.44594594594594594
341,0,35,1,32400,36,0.0011111111111111111,30.55555534362793,0.2826086956521739,0.3055555555555556
341,0,35,2,32400,63,0.0019444444444444444,36.761905670166016,0.36619718309859156,0.36507936507936506
341,1,1,0,32400,109,0.0033641975308641974,31.981647491455078,-1.0,0.47706422018348627
341,1,1,1,32400,44,0.0013580246913580246,30.5,-1.0,0.3181818181818182
341,1,1,2,32400,51,0.001574074074074074,43.333335876464844,-1.0,0.11764705882352941
341,1,2,0,32400,91,0.002808641975308642,48.9450569152832,0.3211009174311927,0.3956043956043956
341,1,2,1,32400,33,0.0010185185185185184,31.333337783813477,0.22727272727272727,0.30303030303030304
341,1,2,2,32400,48,0.0014814814814814814,24.583332061767578,0.23529411764705882,0.2708333333333333
341,1,3,0,32400,100,0.0030864197530864196,20.520002365112305,0.46153846153846156,0.42
341,1,3,1,32400,35,0.0010802469135802468,32.571434020996094,0.36363636363636365,0.4
341,1,3,2,32400,44,0.0013580246913580246,12.681818962097168,0.25,0.1590909090909091
341,1,4,0,32400,89,0.0027469135802469136,17.101123809814453,0.37,0.43820224719101125
341,1,4,1,32400,42,0.0012962962962962963,24.047618865966797,0.4,0.2619047619047619
341,1,4,2,32400,56,0.0017283950617283952,15.125000953674316,0.3409090909090909,0.23214285714285715
341,1,5,0,32400,97,0.002993827160493827,21.371135711669922,0.42696629213483145,0.44329896907216493
341,1,5,1,32400,35,0.0010802469135802468,12.54285717010498,0.38095238095238093,0.2571428571428571
341,1,5,2,32400,63,0.0019444444444444444,15.857144355773926,0.25,0.25396825396825395
341,1,6,0,32400,92,0.002839506172839506,29.80434799194336,0.35051546391752575,0.32608695652173914
341,1,6,1,32400,41,0.0012654320987654322,14.365853309631348,0.42857142857142855,0.34146341463414637
341,1,6,2,32400,62,0.0019135802469135803,26.129032135009766,0.25396825396825395,0.3064516129032258
341,1,7,0,32400,101,0.003117283950617284,22.47524642944336,0.32608695652173914,0.46534653465346537
341,1,7,1,32400,47,0.0014506172839506173,27.829788208007812,0.43902439024390244,0.44680851063829785
341,1,7,2,32400,69,0.0021296296296296298,23.492753982543945,0.27419354838709675,0.2898550724637681
341,1,8,0,32400,108,0.0033333333333333335,17.898147583007812,0.42574257425742573,0.4074074074074074
341,1,8,1,32400,46,0.001419753086419753,30.826087951660156,0.3617021276595745,0.2826086956521739
341,1,8,2,32400,56,0.0017283950617283952,27.517858505249023,0.2608695652173913,0.375
341,1,9,0,32400,94,0.0029012345679012346,20.09574317932129,0.37037037037037035,0.3617021276595745
341,1,9,1,32400,48,0.0014814814814814814,17.041667938232422,0.2391304347826087,0.3541666666666667
341,1,9,2,32400,55,0.0016975308641975309,17.636363983154297,0.30357142857142855,0.21818181818181817
341,1,10,0,32400,104,0.0032098765432098763,37.865386962890625,0.4574468085106383,0.4230769230769231
341,1,10,1,32400,48,0.0014814814814814814,42.29166793823242,0.4583333333333333,0.4791666666666667
341,1,10,2,32400,62,0.0019135802469135803,29.580644607543945,0.32727272727272727,0.24193548387096775
341,1,11,0,32400,114,0.0035185185185185185,19.728071212768555,0.4423076923076923,0.4473684210526316
341,1,11,1,32400,50,0.0015432098765432098,22.68000030517578,0.3125,0.24
341,1,11,2,32400,67,0.002067901234567901,19.208953857421875,0.3709677419354839,0.31343283582089554
341,1,12,0,32400,119,0.0036728395061728395,34.45378875732422,0.4298245614035088,0.5546218487394958
341,1,12,1,32400,39,0.0012037037037037038,15.589743614196777,0.26,0.28205128205128205
341,1,12,2,32400,58,0.0017901234567901235,28.275861740112305,0.22388059701492538,0.3103448275862069
341,1,13,0,32400,122,0.003765432098765432,29.7786865234375,0.47058823529411764,0.5491803278688525
341,1,13,1,32400,35,0.0010802469135802468,33.74285888671875,0.3333333333333333,0.37142857142857144
341,1,13,2,32400,70,0.0021604938271604936,25.671428680419922,0.3448275862068966,0.32857142857142857
341,1,14,0,32400,102,0.003148148148148148,29.941177368164062,0.3770491803278688,0.47058823529411764
341,1,14,1,32400,36,0.0011111111111111111,23.22222328186035,0.2857142857142857,0.4166666666666667
341,1,14,2,32400,60,0.001851851851851852,38.750003814697266,0.21428571428571427,0.36666666666666664
341,1,15,0,32400,114,0.0035185185185185185,20.728071212768555,0.5,0.5
341,1,15,1,32400,30,0.000925925925925926,24.400001525878906,0.3611111111111111,0.3333333333333333
341,1,15,2,32400,42,0.0012962962962962963,33.45237731933594,0.26666666666666666,0.30952380952380953
341,1,16,0,32400,103,0.0031790123456790125,34.271846771240234,0.41228070175438597,0.36893203883495146
341,1,16,1,32400,47,0.0014506172839506173,22.70212745666504,0.4,0.48936170212765956
341,1,16,2,32400,45,0.001388888888888889,43.79999923706055,0.23809523809523808,0.2222222222222222
341,1,17,0,32400,99,0.0030555555555555557,29.050504684448242,0.36893203883495146,0.31313131313131315
341,1,17,1,32400,34,0.0010493827160493827,33.500003814697266,0.3617021276595745,0.4411764705882353
341,1,17,2,32400,65,0.002006172839506173,59.06153869628906,0.28888888888888886,0.38461538461538464
341,1,18,0,32400,107,0.0033024691358024692,35.28971862792969,0.42424242424242425,0.4672897196261682
341,1,18,1,32400,39,0.0012037037037037038,17.256410598754883,0.4117647058823529,0.3333333333333333
341,1,18,2,32400,39,0.0012037037037037038,19.846153259277344,0.16923076923076924,0.3333333333333333
341,1,19,0,32400,119,0.0036728395061728395,22.823530197143555,0.3925233644859813,0.3025210084033613
341,1,19,1,32400,40,0.0012345679012345679,12.125,0.3076923076923077,0.325
341,1,19,2,32400,64,0.0019753086419753087,24.062496185302734,0.4358974358974359,0.296875
341,1,20,0,32400,126,0.0038888888888888888,29.9682559967041,0.42016806722689076,0.47619047619047616
341,1,20,1,32400,41,0.0012654320987654322,32.26829147338867,0.375,0.36585365853658536
341,1,20,2,32400,73,0.0022530864197530865,31.452054977416992,0.359375,0.3972602739726027
341,1,21,0,32400,121,0.0037345679012345677,42.84297180175781,0.4523809523809524,0.39669421487603307
341,1,21,1,32400,42,0.0012962962962962963,33.35714340209961,0.36585365853658536,0.40476190476190477
341,1,21,2,32400,66,0.002037037037037037,44.57575988769531,0.2876712328767123,0.42424242424242425
341,1,22,0,32400,137,0.004228395061728395,42.75182342529297,0.4297520661157025,0.4233576642335766
341,1,22,1,32400,49,0.0015123456790123457,36.8775520324707,0.42857142857142855,0.3469387755102041
341,1,22,2,32400,72,0.0022222222222222222,31.26388931274414,0.2727272727272727,0.2916666666666667
341,1,23,0,32400,147,0.004537037037037037,22.40816307067871,0.49635036496350365,0.4489795918367347
341,1,23,1,32400,50,0.0015432098765432098,26.779998779296875,0.2857142857142857,0.32
341,1,23,2,32400,80,0.0024691358024691358,17.98750114440918,0.4027777777777778,0.375
341,1,24,0,32400,131,0.00404320987654321,21.893129348754883,0.4217687074829932,0.4351145038167939
341,1,24,1,32400,60,0.001851851851851852,18.733333587646484,0.36,0.38333333333333336
341,1,24,2,32400,63,0.0019444444444444444,21.476192474365234,0.35,0.3968253968253968
341,1,25,0,32400,110,0.0033950617283950617,42.390907287597656,0.3893129770992366,0.36363636363636365
341,1,25,1,32400,45,0.001388888888888889,29.088890075683594,0.3333333333333333,0.4222222222222222
341,1,25,2,32400,60,0.001851851851851852,50.216670989990234,0.38095238095238093,0.31666666666666665
341,1,26,0,32400,115,0.0035493827160493828,54.52173614501953,0.4636363636363636,0.5391304347826087
341,1,26,1,32400,22,0.0006790123456790123,22.590909957885742,0.17777777777777778,0.09090909090909091
341,1,26,2,32400,59,0.0018209876543209876,43.966102600097656,0.35,0.4067796610169492
341,1,27,0,32400,130,0.004012345679012346,25.938461303710938,0.48695652173913045,0.5307692307692308
341,1,27,1,32400,31,0.0009567901234567902,16.54838752746582,0.36363636363636365,0.22580645161290322
341,1,27,2,32400,62,0.0019135802469135803,15.629032135009766,0.3559322033898305,0.532258064516129
341,1,28,0,32400,106,0.003271604938271605,19.90566062927246,0.45384615384615384,0.5377358490566038
341,1,28,1,32400,35,0.0010802469135802468,30.285715103149414,0.3225806451612903,0.14285714285714285
341,1,28,2,32400,66,0.002037037037037037,26.39394187927246,0.41935483870967744,0.5151515151515151
341,1,29,0,32400,129,0.003981481481481482,27.395349502563477,0.4811320754716981,0.5271317829457365
341,1,29,1,32400,32,0.0009876543209876543,26.5,0.2857142857142857,0.28125
341,1,29,2,32400,68,0.0020987654320987655,20.66176414489746,0.30303030303030304,0.4117647058823529
341,1,30,0,32400,112,0.0034567901234567903,24.053571701049805,0.3875968992248062,0.4375
341,1,30,1,32400,29,0.0008950617283950618,23.241378784179688,0.28125,0.10344827586206896
341,1,30,2,32400,70,0.0021604938271604936,21.52857208251953,0.38235294117647056,0.4857142857142857
341,1,31,0,32400,144,0.0044444444444444444,31.24305534362793,0.45535714285714285,0.4583333333333333
341,1,31,1,32400,23,0.0007098765432098765,28.521739959716797,0.27586206896551724,0.13043478260869565
341,1,31,2,32400,71,0.002191358024691358,38.46479034423828,0.35714285714285715,0.43661971830985913
341,1,32,0,32400,114,0.0035185185185185185,20.894737243652344,0.3541666666666667,0.40350877192982454
341,1,32,1,32400,29,0.0008950617283950618,15.965517044067383,0.21739130434782608,0.3103448275862069
341,1,32,2,32400,51,0.001574074074074074,30.235294342041016,0.22535211267605634,0.39215686274509803
341,1,33,0,32400,136,0.004197530864197531,33.536766052246094,0.4473684210526316,0.4485294117647059
341,1,33,1,32400,33,0.0010185185185185184,22.81818199157715,0.20689655172413793,0.2727272727272727
341,1,33,2,32400,68,0.0020987654320987655,29.91176414489746,0.43137254901960786,0.4117647058823529
341,1,34,0,32400,138,0.0042592592592592595,18.326087951660156,0.45588235294117646,0.572463768115942
341,1,34,1,32400,46,0.001419753086419753,16.2391300201416,0.45454545454545453,0.391304347826087
341,1,34,2,32400,71,0.002191358024691358,23.746479034423828,0.27941176470588236,0.43661971830985913
341,1,35,0,32400,148,0.004567901234567902,18.864866256713867,0.42028985507246375,0.44594594594594594
341,1,35,1,32400,36,0.0011111111111111111,20.555553436279297,0.2826086956521739,0.3055555555555556
341,1,35,2,32400,63,0.0019444444444444444,35.142860412597656,0.36619718309859156,0.36507936507936506
341,2,1,0,32400,109,0.0033641975308641974,28.733945846557617,-1.0,0.47706422018348627
341,2,1,1,32400,44,0.0013580246913580246,31.886363983154297,-1.0,0.3181818181818182
341,2,1,2,32400,51,0.001574074074074074,21.764707565307617,-1.0,0.11764705882352941
341,2,2,0,32400,91,0.002808641975308642,24.241758346557617,0.3211009174311927,0.3956043956043956
341,2,2,1,32400,33,0.0010185185185185184,23.181819915771484,0.22727272727272727,0.30303030303030304
341,2,2,2,32400,48,0.0014814814814814814,29.4375,0.23529411764705882,0.2708333333333333
341,2,3,0,32400,100,0.0030864197530864196,23.469999313354492,0.46153846153846156,0.42
341,2,3,1,32400,35,0.0010802469135802468,23.314287185668945,0.36363636363636365,0.4
341,2,3,2,32400,44,0.0013580246913580246,25.47727394104004,0.25,0.1590909090909091
341,2,4,0,32400,89,0.0027469135802469136,28.573034286499023,0.37,0.43820224719101125
341,2,4,1,32400,42,0.0012962962962962963,18.071428298950195,0.4,0.2619047619047619
341,2,4,2,32400,56,0.0017283950617283952,25.375001907348633,0.3409090909090909,0.23214285714285715
341,2,5,0,32400,97,0.002993827160493827,58.24741744995117,0.42696629213483145,0.44329896907216493
341,2,5,1,32400,35,0.0010802469135802468,17.657142639160156,0.38095238095238093,0.2571428571428571
341,2,5,2,32400,63,0.0019444444444444444,18.238096237182617,0.25,0.25396825396825395
341,2,6,0,32400,92,0.002839506172839506,23.923913955688477,0.35051546391752575,0.32608695652173914
341,2,6,1,32400,41,0.0012654320987654322,47.58536148071289,0.42857142857142855,0.34146341463414637
341,2,6,2,32400,62,0.0019135802469135803,29.241933822631836,0.25396825396825395,0.3064516129032258
341,2,7,0,32400,101,0.003117283950617284,27.831682205200195,0.32608695652173914,0.46534653465346537
341,2,7,1,32400,47,0.0014506172839506173,27.70212745666504,0.43902439024390244,0.44680851063829785
341,2,7,2,32400,69,0.0021296296296296298,18.202898025512695,0.27419354838709675,0.2898550724637681
341,2,8,0,32400,108,0.0033333333333333335,49.796295166015625,0.42574257425742573,0.4074074074074074
341,2,8,1,32400,46,0.001419753086419753,48.80434799194336,0.3617021276595745,0.2826086956521739
341,2,8,2,32400,56,0.0017283950617283952,47.46428680419922,0.2608695652173913,0.375
341,2,9,0,32400,94,0.0029012345679012346,14.12765884399414,0.37037037037037035,0.3617021276595745
341,2,9,1,32400,48,0.0014814814814814814,22.5,0.2391304347826087,0.3541666666666667
341,2,9,2,32400,55,0.0016975308641975309,41.9636344909668,0.30357142857142855,0.21818181818181817
341,2,10,0,32400,104,0.0032098765432098763,26.875001907348633,0.4574468085106383,0.4230769230769231
341,2,10,1,32400,48,0.0014814814814814814,20.0625,0.4583333333333333,0.4791666666666667
341,2,10,2,32400,62,0.0019135802469135803,34.67741775512695,0.32727272727272727,0.24193548387096775
341,2,11,0,32400,114,0.0035185185185185185,27.86842155456543,0.4423076923076923,0.4473684210526316
341,2,11,1,32400,50,0.0015432098765432098,20.479999542236328,0.3125,0.24
341,2,11,2,32400,67,0.002067901234567901,21.25373077392578,0.3709677419354839,0.31343283582089554
341,2,12,0,32400,119,0.0036728395061728395,50.94957733154297,0.4298245614035088,0.5546218487394958
341,2,12,1,32400,39,0.0012037037037037038,41.43589782714844,0.26,0.28205128205128205
341,2,12,2,32400,58,0.0017901234567901235,19.5,0.22388059701492538,0.3103448275862069
341,2,13,0,32400,122,0.003765432098765432,53.96721649169922,0.47058823529411764,0.5491803278688525
341,2,13,1,32400,35,0.0010802469135802468,26.371431350708008,0.3333333333333333,0.37142857142857144
341,2,13,2,32400,70,0.0021604938271604936,36.085716247558594,0.3448275862068966,0.32857142857142857
341,2,14,0,32400,102,0.003148148148148148,20.372549057006836,0.3770491803278688,0.47058823529411764
341,2,14,1,32400,36,0.0011111111111111111,20.27777862548828,0.2857142857142857,0.4166666666666667
341,2,14,2,32400,60,0.001851851851851852,29.400005340576172,0.21428571428571427,0.36666666666666664
341,2,15,0,32400,114,0.0035185185185185185,39.596492767333984,0.5,0.5
341,2,15,1,32400,30,0.000925925925925926,57.20000457763672,0.3611111111111111,0.3333333333333333
341,2,15,2,32400,42,0.0012962962962962963,34.476192474365234,0.26666666666666666,0.30952380952380953
341,2,16,0,32400,103,0.0031790123456790125,22.592233657836914,0.41228070175438597,0.36893203883495146
341,2,16,1,32400,47,0.0014506172839506173,22.723403930664062,0.4,0.48936170212765956
341,2,16,2,32400,45,0.001388888888888889,16.755558013916016,0.23809523809523808,0.2222222222222222
341,2,17,0,32400,99,0.0030555555555555557,19.636363983154297,0.36893203883495146,0.31313131313131315
341,2,17,1,32400,34,0.0010493827160493827,21.794116973876953,0.3617021276595745,0.4411764705882353
341,2,17,2,32400,65,0.002006172839506173,15.615385055541992,0.28888888888888886,0.38461538461538464
341,2,18,0,32400,107,0.0033024691358024692,18.90654182434082,0.42424242424242425,0.4672897196261682
341,2,18,1,32400,39,0.0012037037037037038,18.102563858032227,0.4117647058823529,0.3333333333333333
341,2,18,2,32400,39,0.0012037037037037038,17.307693481445312,0.16923076923076924,0.3333333333333333
341,2,19,0,32400,119,0.0036728395061728395,32.71428680419922,0.3925233644859813,0.3025210084033613
341,2,19,1,32400,40,0.0012345679012345679,16.725000381469727,0.3076923076923077,0.325
341,2,19,2,32400,64,0.0019753086419753087,45.578125,0.4358974358974359,0.296875
341,2,20,0,32400,126,0.0038888888888888888,24.76984214782715,0.42016806722689076,0.47619047619047616
341,2,20,1,32400,41,0.0012654320987654322,22.2439022064209,0.375,0.36585365853658536
341,2,20,2,32400,73,0.0022530864197530865,40.27397537231445,0.359375,0.3972602739726027
341,2,21,0,32400,121,0.0037345679012345677,26.59503936767578,0.4523809523809524,0.39669421487603307
341,2,21,1,32400,42,0.0012962962962962963,36.833335876464844,0.36585365853658536,0.40476190476190477
341,2,21,2,32400,66,0.002037037037037037,23.2424259185791,0.2876712328767123,0.42424242424242425
341,2,22,0,32400,137,0.004228395061728395,20.386863708496094,0.4297520661157025,0.4233576642335766
341,2,22,1,32400,49,0.0015123456790123457,34.571434020996094,0.42857142857142855,0.3469387755102041
341,2,22,2,32400,72,0.0022222222222222222,19.80555534362793,0.2727272727272727,0.2916666666666667
341,2,23,0,32400,147,0.004537037037037037,20.850339889526367,0.49635036496350365,0.4489795918367347
341,2,23,1,32400,50,0.0015432098765432098,16.279998779296875,0.2857142857142857,0.32
341,2,23,2,32400,80,0.0024691358024691358,24.98750114440918,0.4027777777777778,0.375
341,2,24,0,32400,131,0.00404320987654321,23.3435115814209,0.4217687074829932,0.4351145038167939
341,2,24,1,32400,60,0.001851851851851852,31.733333587646484,0.36,0.38333333333333336
341,2,24,2,32400,63,0.0019444444444444444,18.285715103149414,0.35,0.3968253968253968
341,2,25,0,32400,110,0.0033950617283950617,14.727272033691406,0.3893129770992366,0.36363636363636365
341,2,25,1,32400,45,0.001388888888888889,40.35555648803711,0.3333333333333333,0.4222222222222222
341,2,25,2,32400,60,0.001851851851851852,32.7833366394043,0.38095238095238093,0.31666666666666665
341,2,26,0,32400,115,0.0035493827160493828,51.40000534057617,0.4636363636363636,0.5391304347826087
341,2,26,1,32400,22,0.0006790123456790123,123.59093475341797,0.17777777777777778,0.09090909090909091
341,2,26,2,32400,59,0.0018209876543209876,49.338985443115234,0.35,0.4067796610169492
341,2,27,0,32400,130,0.004012345679012346,26.876922607421875,0.48695652173913045,0.5307692307692308
341,2,27,1,32400,31,0.0009567901234567902,26.290321350097656,0.36363636363636365,0.22580645161290322
341,2,27,2,32400,62,0.0019135802469135803,37.274192810058594,0.3559322033898305,0.532258064516129
341,2,28,0,32400,106,0.003271604938271605,36.99056625366211,0.45384615384615384,0.5377358490566038
341,2,28,1,32400,35,0.0010802469135802468,43.62857437133789,0.3225806451612903,0.14285714285714285
341,2,28,2,32400,66,0.002037037037037037,18.515151977539062,0.41935483870967744,0.5151515151515151
341,2,29,0,32400,129,0.003981481481481482,30.201549530029297,0.4811320754716981,0.5271317829457365
341,2,29,1,32400,32,0.0009876543209876543,17.78125,0.2857142857142857,0.28125
341,2,29,2,32400,68,0.0020987654320987655,13.117647171020508,0.30303030303030304,0.4117647058823529
341,2,30,0,32400,112,0.0034567901234567903,16.928571701049805,0.3875968992248062,0.4375
341,2,30,1,32400,29,0.0008950617283950618,12.137930870056152,0.28125,0.10344827586206896
341,2,30,2,32400,70,0.0021604938271604936,11.385714530944824,0.38235294117647056,0.4857142857142857
341,2,31,0,32400,144,0.0044444444444444444,35.10416793823242,0.45535714285714285,0.4583333333333333
341,2,31,1,32400,23,0.0007098765432098765,45.2608757019043,0.27586206896551724,0.13043478260869565
341,2,31,2,32400,71,0.002191358024691358,20.43661880493164,0.35714285714285715,0.43661971830985913
341,2,32,0,32400,114,0.0035185185185185185,38.02631759643555,0.3541666666666667,0.40350877192982454
341,2,32,1,32400,29,0.0008950617283950618,31.448278427124023,0.21739130434782608,0.3103448275862069
341,2,32,2,32400,51,0.001574074074074074,25.176471710205078,0.22535211267605634,0.39215686274509803
341,2,33,0,32400,136,0.004197530864197531,28.02941131591797,0.4473684210526316,0.4485294117647059
341,2,33,1,32400,33,0.0010185185185185184,20.393939971923828,0.20689655172413793,0.2727272727272727
341,2,33,2,32400,68,0.0020987654320987655,37.0294189453125,0.43137254901960786,0.4117647058823529
341,2,34,0,32400,138,0.0042592592592592595,22.130435943603516,0.45588235294117646,0.572463768115942
341,2,34,1,32400,46,0.001419753086419753,14.34782600402832,0.45454545454545453,0.391304347826087
341,2,34,2,32400,71,0.002191358024691358,23.676055908203125,0.27941176470588236,0.43661971830985913
341,2,35,0,32400,148,0.004567901234567902,23.804054260253906,0.42028985507246375,0.44594594594594594
341,2,35,1,32400,36,0.0011111111111111111,57.72221755981445,0.2826086956521739,0.3055555555555556
341,2,35,2,32400,63,0.0019444444444444444,27.619047164916992,0.36619718309859156,0.36507936507936506
341,3,1,0,32400,109,0.0033641975308641974,27.412843704223633,-1.0,0.47706422018348627
341,3,1,1,32400,44,0.0013580246913580246,39.022727966308594,-1.0,0.3181818181818182
341,3,1,2,32400,51,0.001574074074074074,55.352943420410156,-1.0,0.11764705882352941
341,3,2,0,32400,91,0.002808641975308642,27.10988998413086,0.3211009174311927,0.3956043956043956
341,3,2,1,32400,33,0.0010185185185185184,31.848485946655273,0.22727272727272727,0.30303030303030304
341,3,2,2,32400,48,0.0014814814814814814,25.6875,0.23529411764705882,0.2708333333333333
341,3,3,0,32400,100,0.0030864197530864196,38.2599983215332,0.46153846153846156,0.42
341,3,3,1,32400,35,0.0010802469135802468,65.05714416503906,0.36363636363636365,0.4
341,3,3,2,32400,44,0.0013580246913580246,24.613637924194336,0.25,0.1590909090909091
341,3,4,0,32400,89,0.0027469135802469136,19.05617904663086,0.37,0.43820224719101125
341,3,4,1,32400,42,0.0012962962962962963,17.047618865966797,0.4,0.2619047619047619
341,3,4,2,32400,56,0.0017283950617283952,23.178571701049805,0.3409090909090909,0.23214285714285715
341,3,5,0,32400,97,0.002993827160493827,24.278348922729492,0.42696629213483145,0.44329896907216493
341,3,5,1,32400,35,0.0010802469135802468,21.514286041259766,0.38095238095238093,0.2571428571428571
341,3,5,2,32400,63,0.0019444444444444444,22.04762077331543,0.25,0.25396825396825395
341,3,6,0,32400,92,0.002839506172839506,19.413043975830078,0.35051546391752575,0.32608695652173914
341,3,6,1,32400,41,0.0012654320987654322,11.487804412841797,0.42857142857142855,0.34146341463414637
341,3,6,2,32400,62,0.0019135802469135803,14.67741870880127,0.25396825396825395,0.3064516129032258
341,3,7,0,32400,101,0.003117283950617284,37.53465270996094,0.32608695652173914,0.46534653465346537
341,3,7,1,32400,47,0.0014506172839506173,19.510637283325195,0.43902439024390244,0.44680851063829785
341,3,7,2,32400,69,0.0021296296296296298,21.507246017456055,0.27419354838709675,0.2898550724637681
341,3,8,0,32400,108,0.0033333333333333335,23.361108779907227,0.42574257425742573,0.4074074074074074
341,3,8,1,32400,46,0.001419753086419753,15.413043975830078,0.3617021276595745,0.2826086956521739
341,3,8,2,32400,56,0.0017283950617283952,29.321428298950195,0.2608695652173913,0.375
341,3,9,0,32400,94,0.0029012345679012346,33.08510208129883,0.37037037037037035,0.3617021276595745
341,3,9,1,32400,48,0.0014814814814814814,37.749996185302734,0.2391304347826087,0.3541666666666667
341,3,9,2,32400,55,0.0016975308641975309,30.67272186279297,0.30357142857142855,0.21818181818181817
341,3,10,0,32400,104,0.0032098765432098763,36.6634635925293,0.4574468085106383,0.4230769230769231
341,3,10,1,32400,48,0.0014814814814814814,40.10416793823242,0.4583333333333333,0.4791666666666667
341,3,10,2,32400,62,0.0019135802469135803,21.74193572998047,0.32727272727272727,0.24193548387096775
341,3,11,0,32400,114,0.0035185185185185185,22.63157844543457,0.4423076923076923,0.4473684210526316
341,3,11,1,32400,50,0.0015432098765432098,20.34000015258789,0.3125,0.24
341,3,11,2,32400,67,0.002067901234567901,33.68656539916992,0.3709677419354839,0.31343283582089554
341,3,12,0,32400,119,0.0036728395061728395,11.647059440612793,0.4298245614035088,0.5546218487394958
341,3,12,1,32400,39,0.0012037037037037038,17.923076629638672,0.26,0.28205128205128205
341,3,12,2,32400,58,0.0017901234567901235,15.551724433898926,0.22388059701492538,0.3103448275862069
341,3,13,0,32400,122,0.003765432098765432,22.61475372314453,0.47058823529411764,0.5491803278688525
341,3,13,1,32400,35,0.0010802469135802468,16.399999618530273,0.3333333333333333,0.37142857142857144
341,3,13,2,32400,70,0.0021604938271604936,16.314285278320312,0.3448275862068966,0.32857142857142857
341,3,14,0,32400,102,0.003148148148148148,29.89215850830078,0.3770491803278688,0.47058823529411764
341,3,14,1,32400,36,0.0011111111111111111,44.58333206176758,0.2857142857142857,0.4166666666666667
341,3,14,2,32400,60,0.001851851851851852,41.5333366394043,0.21428571428571427,0.36666666666666664
341,3,15,0,32400,114,0.0035185185185185185,26.938596725463867,0.5,0.5
341,3,15,1,32400,30,0.000925925925925926,24.33333396911621,0.3611111111111111,0.3333333333333333
341,3,15,2,32400,42,0.0012962962962962963,20.64285659790039,0.26666666666666666,0.30952380952380953
341,3,16,0,32400,103,0.0031790123456790125,26.281553268432617,0.41228070175438597,0.36893203883495146
341,3,16,1,32400,47,0.0014506172839506173,23.404254913330078,0.4,0.48936170212765956
341,3,16,2,32400,45,0.001388888888888889,13.155555725097656,0.23809523809523808,0.2222222222222222
341,3,17,0,32400,99,0.0030555555555555557,24.323232650756836,0.36893203883495146,0.31313131313131315
341,3,17,1,32400,34,0.0010493827160493827,18.52941131591797,0.3617021276595745,0.4411764705882353
341,3,17,2,32400,65,0.002006172839506173,26.569231033325195,0.28888888888888886,0.38461538461538464
341,3,18,0,32400,107,0.0033024691358024692,16.99065399169922,0.42424242424242425,0.4672897196261682
341,3,18,1,32400,39,0.0012037037037037038,19.64102554321289,0.4117647058823529,0.3333333333333333
341,3,18,2,32400,39,0.0012037037037037038,16.564102172851562,0.16923076923076924,0.3333333333333333
341,3,19,0,32400,119,0.0036728395061728395,21.966386795043945,0.3925233644859813,0.3025210084033613
341,3,19,1,32400,40,0.0012345679012345679,27.600000381469727,0.3076923076923077,0.325
341,3,19,2,32400,64,0.0019753086419753087,42.40625,0.4358974358974359,0.296875
341,3,20,0,32400,126,0.0038888888888888888,33.119049072265625,0.42016806722689076,0.47619047619047616
341,3,20,1,32400,41,0.0012654320987654322,18.536584854125977,0.375,0.36585365853658536
341,3,20,2,32400,73,0.0022530864197530865,35.109588623046875,0.359375,0.3972602739726027
341,3,21,0,32400,121,0.0037345679012345677,41.652889251708984,0.4523809523809524,0.39669421487603307
341,3,21,1,32400,42,0.0012962962962962963,24.5238094329834,0.36585365853658536,0.40476190476190477
341,3,21,2,32400,66,0.002037037037037037,38.212127685546875,0.2876712328767123,0.42424242424242425
341,3,22,0,32400,137,0.004228395061728395,15.919708251953125,0.4297520661157025,0.4233576642335766
341,3,22,1,32400,49,0.0015123456790123457,42.59183120727539,0.42857142857142855,0.3469387755102041
341,3,22,2,32400,72,0.0022222222222222222,22.069442749023438,0.2727272727272727,0.2916666666666667
341,3,23,0,32400,147,0.004537037037037037,36.81632614135742,0.49635036496350365,0.4489795918367347
341,3,23,1,32400,50,0.0015432098765432098,24.85999870300293,0.2857142857142857,0.32
341,3,23,2,32400,80,0.0024691358024691358,30.024999618530273,0.4027777777777778,0.375
341,3,24,0,32400,131,0.00404320987654321,37.53435134887695,0.4217687074829932,0.4351145038167939
341,3,24,1,32400,60,0.001851851851851852,39.333335876464844,0.36,0.38333333333333336
341,3,24,2,32400,63,0.0019444444444444444,54.682552337646484,0.35,0.3968253968253968
341,3,25,0,32400,110,0.0033950617283950617,47.64545440673828,0.3893129770992366,0.36363636363636365
341,3,25,1,32400,45,0.001388888888888889,29.622222900390625,0.3333333333333333,0.4222222222222222
341,3,25,2,32400,60,0.001851851851851852,43.43333435058594,0.38095238095238093,0.31666666666666665
341,3,26,0,32400,115,0.0035493827160493828,30.58260726928711,0.4636363636363636,0.5391304347826087
341,3,26,1,32400,22,0.0006790123456790123,21.31818199157715,0.17777777777777778,0.09090909090909091
341,3,26,2,32400,59,0.0018209876543209876,32.220340728759766,0.35,0.4067796610169492
341,3,27,0,32400,130,0.004012345679012346,24.538461685180664,0.48695652173913045,0.5307692307692308
341,3,27,1,32400,31,0.0009567901234567902,20.064516067504883,0.36363636363636365,0.22580645161290322
341,3,27,2,32400,62,0.0019135802469135803,22.66128921508789,0.3559322033898305,0.532258064516129
341,3,28,0,32400,106,0.003271604938271605,33.5660400390625,0.45384615384615384,0.5377358490566038
341,3,28,1,32400,35,0.0010802469135802468,12.171428680419922,0.3225806451612903,0.14285714285714285
341,3,28,2,32400,66,0.002037037037037037,41.681819915771484,0.41935483870967744,0.5151515151515151
341,3,29,0,32400,129,0.003981481481481482,22.860464096069336,0.4811320754716981,0.5271317829457365
341,3,29,1,32400,32,0.0009876543209876543,29.84375,0.2857142857142857,0.28125
341,3,29,2,32400,68,0.0020987654320987655,13.323529243469238,0.30303030303030304,0.4117647058823529
341,3,30,0,32400,112,0.0034567901234567903,19.08928680419922,0.3875968992248062,0.4375
341,3,30,1,32400,29,0.0008950617283950618,19.65517234802246,0.28125,0.10344827586206896
341,3,30,2,32400,70,0.0021604938271604936,42.40000534057617,0.38235294117647056,0.4857142857142857
341,3,31,0,32400,144,0.0044444444444444444,27.86805534362793,0.45535714285714285,0.4583333333333333
341,3,31,1,32400,23,0.0007098765432098765,24.521739959716797,0.27586206896551724,0.13043478260869565
341,3,31,2,32400,71,0.002191358024691358,40.76056671142578,0.35714285714285715,0.43661971830985913
341,3,32,0,32400,114,0.0035185185185185185,26.421052932739258,0.3541666666666667,0.40350877192982454
341,3,32,1,32400,29,0.0008950617283950618,23.310344696044922,0.21739130434782608,0.3103448275862069
341,3,32,2,32400,51,0.001574074074074074,23.549020767211914,0.22535211267605634,0.39215686274509803
341,3,33,0,32400,136,0.004197530864197531,31.58823585510254,0.4473684210526316,0.4485294117647059
341,3,33,1,32400,33,0.0010185185185185184,20.666667938232422,0.20689655172413793,0.2727272727272727
341,3,33,2,32400,68,0.0020987654320987655,33.70588302612305,0.43137254901960786,0.4117647058823529
341,3,34,0,32400,138,0.0042592592592592595,22.978261947631836,0.45588235294117646,0.572463768115942
341,3,34,1,32400,46,0.001419753086419753,29.97825813293457,0.45454545454545453,0.391304347826087
341,3,34,2,32400,71,0.002191358024691358,28.25351905822754,0.27941176470588236,0.43661971830985913
341,3,35,0,32400,148,0.004567901234567902,21.66216278076172,0.42028985507246375,0.44594594594594594
341,3,35,1,32400,36,0.0011111111111111111,15.05555534362793,0.2826086956521739,0.3055555555555556
341,3,35,2,32400,63,0.0019444444444444444,23.619049072265625,0.36619718309859156,0.36507936507936506
342,0,1,0,32400,91,0.002808641975308642,17.406593322753906,-1.0,0.3956043956043956
342,0,1,1,32400,33,0.0010185185185185184,24.87879180908203,-1.0,0.30303030303030304
342,0,1,2,32400,48,0.0014814814814814814,14.791666984558105,-1.0,0.2708333333333333
342,0,2,0,32400,100,0.0030864197530864196,45.32000732421875,0.46153846153846156,0.42
342,0,2,1,32400,35,0.0010802469135802468,25.5142822265625,0.36363636363636365,0.4
342,0,2,2,32400,44,0.0013580246913580246,60.40910339355469,0.25,0.1590909090909091
342,0,3,0,32400,89,0.0027469135802469136,40.55056381225586,0.37,0.43820224719101125
342,0,3,1,32400,42,0.0012962962962962963,42.09524154663086,0.4,0.2619047619047619
342,0,3,2,32400,56,0.0017283950617283952,33.142860412597656,0.3409090909090909,0.23214285714285715
342,0,4,0,32400,97,0.002993827160493827,35.37113571166992,0.42696629213483145,0.44329896907216493
342,0,4,1,32400,35,0.0010802469135802468,56.000003814697266,0.38095238095238093,0.2571428571428571
342,0,4,2,32400,63,0.0019444444444444444,53.825401306152344,0.25,0.25396825396825395
342,0,5,0,32400,92,0.002839506172839506,24.619565963745117,0.35051546391752575,0.32608695652173914
342,0,5,1,32400,41,0.0012654320987654322,19.780487060546875,0.42857142857142855,0.34146341463414637
342,0,5,2,32400,62,0.0019135802469135803,21.11290168762207,0.25396825396825395,0.3064516129032258
342,0,6,0,32400,101,0.003117283950617284,42.0990104675293,0.32608695652173914,0.46534653465346537
342,0,6,1,32400,47,0.0014506172839506173,34.106380462646484,0.43902439024390244,0.44680851063829785
342,0,6,2,32400,69,0.0021296296296296298,22.65217399597168,0.27419354838709675,0.2898550724637681
342,0,7,0,32400,108,0.0033333333333333335,12.990740776062012,0.42574257425742573,0.4074074074074074
342,0,7,1,32400,46,0.001419753086419753,17.95652198791504,0.3617021276595745,0.2826086956521739
342,0,7,2,32400,56,0.0017283950617283952,21.785715103149414,0.2608695652173913,0.375
342,0,8,0,32400,94,0.0029012345679012346,39.914894104003906,0.37037037037037035,0.3617021276595745
342,0,8,1,32400,48,0.0014814814814814814,43.72916793823242,0.2391304347826087,0.3541666666666667
342,0,8,2,32400,55,0.0016975308641975309,23.327274322509766,0.30357142857142855,0.21818181818181817
342,0,9,0,32400,104,0.0032098765432098763,31.057693481445312,0.4574468085106383,0.4230769230769231
342,0,9,1,32400,48,0.0014814814814814814,28.729167938232422,0.4583333333333333,0.4791666666666667
342,0,9,2,32400,62,0.0019135802469135803,68.54838562011719,0.32727272727272727,0.24193548387096775
342,0,10,0,32400,114,0.0035185185185185185,18.228071212768555,0.4423076923076923,0.4473684210526316
342,0,10,1,32400,50,0.0015432098765432098,19.85999870300293,0.3125,0.24
342,0,10,2,32400,67,0.002067901234567901,12.402984619140625,0.3709677419354839,0.31343283582089554
342,0,11,0,32400,119,0.0036728395061728395,25.689077377319336,0.4298245614035088,0.5546218487394958
342,0,11,1,32400,39,0.0012037037037037038,14.076923370361328,0.26,0.28205128205128205
342,0,11,2,32400,58,0.0017901234567901235,21.155176162719727,0.22388059701492538,0.3103448275862069
342,0,12,0,32400,122,0.003765432098765432,19.90163803100586,0.47058823529411764,0.5491803278688525
342,0,12,1,32400,35,0.0010802469135802468,23.828571319580078,0.3333333333333333,0.37142857142857144
342,0,12,2,32400,70,0.0021604938271604936,21.299999237060547,0.3448275862068966,0.32857142857142857
342,0,13,0,32400,102,0.003148148148148148,27.186275482177734,0.3770491803278688,0.47058823529411764
342,0,13,1,32400,36,0.0011111111111111111,29.11111068725586,0.2857142857142857,0.4166666666666667
342,0,13,2,32400,60,0.001851851851851852,27.81666374206543,0.21428571428571427,0.36666666666666664
342,0,14,0,32400,114,0.0035185185185185185,14.964912414550781,0.5,0.5
342,0,14,1,32400,30,0.000925925925925926,17.833335876464844,0.3611111111111111,0.3333333333333333
342,0,14,2,32400,42,0.0012962962962962963,17.595237731933594,0.26666666666666666,0.30952380952380953
342,0,15,0,32400,103,0.0031790123456790125,23.291261672973633,0.41228070175438597,0.36893203883495146
342,0,15,1,32400,47,0.0014506172839506173,34.085105895996094,0.4,0.48936170212765956
342,0,15,2,32400,45,0.001388888888888889,46.955562591552734,0.23809523809523808,0.2222222222222222
342,0,16,0,32400,99,0.0030555555555555557,18.55555534362793,0.36893203883495146,0.31313131313131315
342,0,16,1,32400,34,0.0010493827160493827,40.05882263183594,0.3617021276595745,0.4411764705882353
342,0,16,2,32400,65,0.002006172839506173,13.076924324035645,0.28888888888888886,0.38461538461538464
342,0,17,0,32400,107,0.0033024691358024692,17.981307983398438,0.42424242424242425,0.4672897196261682
342,0,17,1,32400,39,0.0012037037037037038,22.205127716064453,0.4117647058823529,0.3333333333333333
342,0,17,2,32400,39,0.0012037037037037038,23.923076629638672,0.16923076923076924,0.3333333333333333
342,0,18,0,32400,119,0.0036728395061728395,20.773109436035156,0.3925233644859813,0.3025210084033613
342,0,18,1,32400,40,0.0012345679012345679,11.550000190734863,0.3076923076923077,0.325
342,0,18,2,32400,64,0.0019753086419753087,20.296875,0.4358974358974359,0.296875
342,0,19,0,32400,126,0.0038888888888888888,28.9841251373291,0.42016806722689076,0.47619047619047616
342,0,19,1,32400,41,0.0012654320987654322,31.146339416503906,0.375,0.36585365853658536
342,0,19,2,32400,73,0.0022530864197530865,20.931507110595703,0.359375,0.3972602739726027
342,0,20,0,32400,121,0.0037345679012345677,34.87602996826172,0.4523809523809524,0.39669421487603307
342,0,20,1,32400,42,0.0012962962962962963,36.38095474243164,0.36585365853658536,0.40476190476190477
342,0,20,2,32400,66,0.002037037037037037,24.545459747314453,0.2876712328767123,0.42424242424242425
342,0,21,0,32400,137,0.004228395061728395,36.41605758666992,0.4297520661157025,0.4233576642335766
342,0,21,1,32400,49,0.0015123456790123457,21.67346954345703,0.42857142857142855,0.3469387755102041
342,0,21,2,32400,72,0.0022222222222222222,47.83333206176758,0.2727272727272727,0.2916666666666667
342,0,22,0,32400,147,0.004537037037037037,21.020408630371094,0.49635036496350365,0.4489795918367347
342,0,22,1,32400,50,0.0015432098765432098,45.81999969482422,0.2857142857142857,0.32
342,0,22,2,32400,80,0.0024691358024691358,31.850000381469727,0.4027777777777778,0.375
342,0,23,0,32400,131,0.00404320987654321,25.442750930786133,0.4217687074829932,0.4351145038167939
342,0,23,1,32400,60,0.001851851851851852,28.58333396911621,0.36,0.38333333333333336
342,0,23,2,32400,63,0.0019444444444444444,30.158735275268555,0.35,0.3968253968253968
342,0,24,0,32400,110,0.0033950617283950617,27.299999237060547,0.3893129770992366,0.36363636363636365
342,0,24,1,32400,45,0.001388888888888889,43.93333435058594,0.3333333333333333,0.4222222222222222
342,0,24,2,32400,60,0.001851851851851852,38.05000305175781,0.38095238095238093,0.31666666666666665
342,0,25,0,32400,115,0.0035493827160493828,23.74782943725586,0.4636363636363636,0.5391304347826087
342,0,25,1,32400,22,0.0006790123456790123,14.590909957885742,0.17777777777777778,0.09090909090909091
342,0,25,2,32400,59,0.0018209876543209876,32.52542495727539,0.35,0.4067796610169492
342,0,26,0,32400,130,0.004012345679012346,27.461538314819336,0.48695652173913045,0.5307692307692308
342,0,26,1,32400,31,0.0009567901234567902,19.419353485107422,0.36363636363636365,0.22580645161290322
342,0,26,2,32400,62,0.0019135802469135803,37.661285400390625,0.3559322033898305,0.532258064516129
342,0,27,0,32400,106,0.003271604938271605,19.509431838989258,0.45384615384615384,0.5377358490566038
342,0,27,1,32400,35,0.0010802469135802468,31.142854690551758,0.3225806451612903,0.14285714285714285
342,0,27,2,32400,66,0.002037037037037037,28.469697952270508,0.41935483870967744,0.5151515151515151
342,0,28,0,32400,129,0.003981481481481482,26.23255729675293,0.4811320754716981,0.5271317829457365
342,0,28,1,32400,32,0.0009876543209876543,50.656246185302734,0.2857142857142857,0.28125
342,0,28,2,32400,68,0.0020987654320987655,41.5,0.30303030303030304,0.4117647058823529
342,0,29,0,32400,112,0.0034567901234567903,29.321430206298828,0.3875968992248062,0.4375
342,0,29,1,32400,29,0.0008950617283950618,21.310346603393555,0.28125,0.10344827586206896
342,0,29,2,32400,70,0.0021604938271604936,38.114288330078125,0.38235294117647056,0.4857142857142857
342,0,30,0,32400,144,0.0044444444444444444,34.42361068725586,0.45535714285714285,0.4583333333333333
342,0,30,1,32400,23,0.0007098765432098765,15.65217399597168,0.27586206896551724,0.13043478260869565
342,0,30,2,32400,71,0.002191358024691358,22.45070457458496,0.35714285714285715,0.43661971830985913
342,0,31,0,32400,114,0.0035185185185185185,19.271930694580078,0.3541666666666667,0.40350877192982454
342,0,31,1,32400,29,0.0008950617283950618,19.482759475708008,0.21739130434782608,0.3103448275862069
342,0,31,2,32400,51,0.001574074074074074,24.05882453918457,0.22535211267605634,0.39215686274509803
342,0,32,0,32400,136,0.004197530864197531,20.330883026123047,0.4473684210526316,0.4485294117647059
342,0,32,1,32400,33,0.0010185185185185184,20.848485946655273,0.20689655172413793,0.2727272727272727
342,0,32,2,32400,68,0.0020987654320987655,29.63235092163086,0.43137254901960786,0.4117647058823529
342,0,33,0,32400,138,0.0042592592592592595,30.89130401611328,0.45588235294117646,0.572463768115942
342,0,33,1,32400,46,0.001419753086419753,43.7608757019043,0.45454545454545453,0.391304347826087
342,0,33,2,32400,71,0.002191358024691358,51.08451461791992,0.27941176470588236,0.43661971830985913
342,0,34,0,32400,148,0.004567901234567902,29.95270347595215,0.42028985507246375,0.44594594594594594
342,0,34,1,32400,36,0.0011111111111111111,25.500001907348633,0.2826086956521739,0.3055555555555556
342,0,34,2,32400,63,0.0019444444444444444,51.49207305908203,0.36619718309859156,0.36507936507936506
342,0,35,0,32400,142,0.004382716049382716,39.78168869018555,0.3581081081081081,0.38028169014084506
342,0,35,1,32400,31,0.0009567901234567902,50.22580337524414,0.3333333333333333,0.16129032258064516
342,0,35,2,32400,67,0.002067901234567901,37.014923095703125,0.2857142857142857,0.29850746268656714
342,1,1,0,32400,91,0.002808641975308642,18.670330047607422,-1.0,0.3956043956043956
342,1,1,1,32400,33,0.0010185185185185184,28.333337783813477,-1.0,0.30303030303030304
342,1,1,2,32400,48,0.0014814814814814814,13.333333969116211,-1.0,0.2708333333333333
342,1,2,0,32400,100,0.0030864197530864196,28.010000228881836,0.46153846153846156,0.42
342,1,2,1,32400,35,0.0010802469135802468,43.54285430908203,0.36363636363636365,0.4
342,1,2,2,32400,44,0.0013580246913580246,34.8863639831543,0.25,0.1590909090909091
342,1,3,0,32400,89,0.0027469135802469136,26.13483238220215,0.37,0.43820224719101125
342,1,3,1,32400,42,0.0012962962962962963,20.666667938232422,0.4,0.2619047619047619
342,1,3,2,32400,56,0.0017283950617283952,21.285715103149414,0.3409090909090909,0.23214285714285715
342,1,4,0,32400,97,0.002993827160493827,28.474225997924805,0.42696629213483145,0.44329896907216493
342,1,4,1,32400,35,0.0010802469135802468,14.657142639160156,0.38095238095238093,0.2571428571428571
342,1,4,2,32400,63,0.0019444444444444444,41.34920883178711,0.25,0.25396825396825395
342,1,5,0,32400,92,0.002839506172839506,18.934782028198242,0.35051546391752575,0.32608695652173914
342,1,5,1,32400,41,0.0012654320987654322,37.17073059082031,0.42857142857142855,0.34146341463414637
342,1,5,2,32400,62,0.0019135802469135803,29.564516067504883,0.25396825396825395,0.3064516129032258
342,1,6,0,32400,101,0.003117283950617284,32.16831588745117,0.32608695652173914,0.46534653465346537
342,1,6,1,32400,47,0.0014506172839506173,22.19148826599121,0.43902439024390244,0.44680851063829785
342,1,6,2,32400,69,0.0021296296296296298,16.231884002685547,0.27419354838709675,0.2898550724637681
342,1,7,0,32400,108,0.0033333333333333335,17.842592239379883,0.42574257425742573,0.4074074074074074
342,1,7,1,32400,46,0.001419753086419753,18.60869598388672,0.3617021276595745,0.2826086956521739
342,1,7,2,32400,56,0.0017283950617283952,16.303571701049805,0.2608695652173913,0.375
342,1,8,0,32400,94,0.0029012345679012346,22.744680404663086,0.37037037037037035,0.3617021276595745
342,1,8,1,32400,48,0.0014814814814814814,21.375,0.2391304347826087,0.3541666666666667
342,1,8,2,32400,55,0.0016975308641975309,23.181819915771484,0.30357142857142855,0.21818181818181817
342,1,9,0,32400,104,0.0032098765432098763,82.97115325927734,0.4574468085106383,0.4230769230769231
342,1,9,1,32400,48,0.0014814814814814814,43.0,0.4583333333333333,0.4791666666666667
342,1,9,2,32400,62,0.0019135802469135803,44.90322494506836,0.32727272727272727,0.24193548387096775
342,1,10,0,32400,114,0.0035185185185185185,32.28070068359375,0.4423076923076923,0.4473684210526316
342,1,10,1,32400,50,0.0015432098765432098,26.68000030517578,0.3125,0.24
342,1,10,2,32400,67,0.002067901234567901,29.985071182250977,0.3709677419354839,0.31343283582089554
342,1,11,0,32400,119,0.0036728395061728395,40.91596984863281,0.4298245614035088,0.5546218487394958
342,1,11,1,32400,39,0.0012037037037037038,16.512821197509766,0.26,0.28205128205128205
342,1,11,2,32400,58,0.0017901234567901235,18.44827651977539,0.22388059701492538,0.3103448275862069
342,1,12,0,32400,122,0.003765432098765432,34.04917907714844,0.47058823529411764,0.5491803278688525
342,1,12,1,32400,35,0.0010802469135802468,26.200000762939453,0.3333333333333333,0.37142857142857144
342,1,12,2,32400,70,0.0021604938271604936,27.485713958740234,0.3448275862068966,0.32857142857142857
342,1,13,0,32400,102,0.003148148148148148,19.215686798095703,0.3770491803278688,0.47058823529411764
342,1,13,1,32400,36,0.0011111111111111111,134.11111450195312,0.2857142857142857,0.4166666666666667
342,1,13,2,32400,60,0.001851851851851852,153.83334350585938,0.21428571428571427,0.36666666666666664
342,1,14,0,32400,114,0.0035185185185185185,37.24561309814453,0.5,0.5
342,1,14,1,32400,30,0.000925925925925926,42.233341217041016,0.3611111111111111,0.3333333333333333
342,1,14,2,32400,42,0.0012962962962962963,33.28572082519531,0.26666666666666666,0.30952380952380953
342,1,15,0,32400,103,0.0031790123456790125,19.485437393188477,0.41228070175438597,0.36893203883495146
342,1,15,1,32400,47,0.0014506172839506173,18.70212745666504,0.4,0.48936170212765956
342,1,15,2,32400,45,0.001388888888888889,20.77777862548828,0.23809523809523808,0.2222222222222222
342,1,16,0,32400,99,0.0030555555555555557,26.080808639526367,0.36893203883495146,0.31313131313131315
342,1,16,1,32400,34,0.0010493827160493827,13.852941513061523,0.3617021276595745,0.4411764705882353
342,1,16,2,32400,65,0.002006172839506173,27.75384521484375,0.28888888888888886,0.38461538461538464
342,1,17,0,32400,107,0.0033024691358024692,25.757007598876953,0.42424242424242425,0.4672897196261682
342,1,17,1,32400,39,0.0012037037037037038,13.48717975616455,0.4117647058823529,0.3333333333333333
342,1,17,2,32400,39,0.0012037037037037038,23.615385055541992,0.16923076923076924,0.3333333333333333
342,1,18,0,32400,119,0.0036728395061728395,29.638656616210938,0.3925233644859813,0.3025210084033613
342,1,18,1,32400,40,0.0012345679012345679,19.274999618530273,0.3076923076923077,0.325
342,1,18,2,32400,64,0.0019753086419753087,31.40625,0.4358974358974359,0.296875
342,1,19,0,32400,126,0.0038888888888888888,30.531747817993164,0.42016806722689076,0.47619047619047616
342,1,19,1,32400,41,0.0012654320987654322,41.09756088256836,0.375,0.36585365853658536
342,1,19,2,32400,73,0.0022530864197530865,15.958904266357422,0.359375,0.3972602739726027
342,1,20,0,32400,121,0.0037345679012345677,23.826444625854492,0.4523809523809524,0.39669421487603307
342,1,20,1,32400,42,0.0012962962962962963,26.9761905670166,0.36585365853658536,0.40476190476190477
342,1,20,2,32400,66,0.002037037037037037,23.833332061767578,0.2876712328767123,0.42424242424242425
342,1,21,0,32400,137,0.004228395061728395,14.007299423217773,0.4297520661157025,0.4233576642335766
342,1,21,1,32400,49,0.0015123456790123457,17.59183692932129,0.42857142857142855,0.3469387755102041
342,1,21,2,32400,72,0.0022222222222222222,12.527777671813965,0.2727272727272727,0.2916666666666667
342,1,22,0,32400,147,0.004537037037037037,37.2244873046875,0.49635036496350365,0.4489795918367347
342,1,22,1,32400,50,0.0015432098765432098,30.15999984741211,0.2857142857142857,0.32
342,1,22,2,32400,80,0.0024691358024691358,36.92499923706055,0.4027777777777778,0.375
342,1,23,0,32400,131,0.00404320987654321,33.5572509765625,0.4217687074829932,0.4351145038167939
342,1,23,1,32400,60,0.001851851851851852,42.400001525878906,0.36,0.38333333333333336
342,1,23,2,32400,63,0.0019444444444444444,24.587303161621094,0.35,0.3968253968253968
342,1,24,0,32400,110,0.0033950617283950617,23.81818199157715,0.3893129770992366,0.36363636363636365
342,1,24,1,32400,45,0.001388888888888889,23.044445037841797,0.3333333333333333,0.4222222222222222
342,1,24,2,32400,60,0.001851851851851852,21.950000762939453,0.38095238095238093,0.31666666666666665
342,1,25,0,32400,115,0.0035493827160493828,14.14782428741455,0.4636363636363636,0.5391304347826087
342,1,25,1,32400,22,0.0006790123456790123,35.0,0.17777777777777778,0.09090909090909091
342,1,25,2,32400,59,0.0018209876543209876,21.305084228515625,0.35,0.4067796610169492
342,1,26,0,32400,130,0.004012345679012346,22.146154403686523,0.48695652173913045,0.5307692307692308
342,1,26,1,32400,31,0.0009567901234567902,26.419353485107422,0.36363636363636365,0.22580645161290322
342,1,26,2,32400,62,0.0019135802469135803,21.90322494506836,0.3559322033898305,0.532258064516129
342,1,27,0,32400,106,0.003271604938271605,16.88679313659668,0.45384615384615384,0.5377358490566038
342,1,27,1,32400,35,0.0010802469135802468,18.171428680419922,0.3225806451612903,0.14285714285714285
342,1,27,2,32400,66,0.002037037037037037,13.333333969116211,0.41935483870967744,0.5151515151515151
342,1,28,0,32400,129,0.003981481481481482,70.89148712158203,0.4811320754716981,0.5271317829457365
342,1,28,1,32400,32,0.0009876543209876543,410.00006103515625,0.2857142857142857,0.28125
342,1,28,2,32400,68,0.0020987654320987655,67.76471710205078,0.30303030303030304,0.4117647058823529
342,1,29,0,32400,112,0.0034567901234567903,33.46428680419922,0.3875968992248062,0.4375
342,1,29,1,32400,29,0.0008950617283950618,30.13793182373047,0.28125,0.10344827586206896
342,1,29,2,32400,70,0.0021604938271604936,22.5,0.38235294117647056,0.4857142857142857
342,1,30,0,32400,144,0.0044444444444444444,18.48611068725586,0.45535714285714285,0.4583333333333333
342,1,30,1,32400,23,0.0007098765432098765,12.17391300201416,0.27586206896551724,0.13043478260869565
342,1,30,2,32400,71,0.002191358024691358,14.112675666809082,0.35714285714285715,0.43661971830985913
342,1,31,0,32400,114,0.0035185185185185185,34.00877380371094,0.3541666666666667,0.40350877192982454
342,1,31,1,32400,29,0.0008950617283950618,17.275861740112305,0.21739130434782608,0.3103448275862069
342,1,31,2,32400,51,0.001574074074074074,31.666669845581055,0.22535211267605634,0.39215686274509803
342,1,32,0,32400,136,0.004197530864197531,29.97058868408203,0.4473684210526316,0.4485294117647059
342,1,32,1,32400,33,0.0010185185185185184,46.939395904541016,0.20689655172413793,0.2727272727272727
342,1,32,2,32400,68,0.0020987654320987655,41.67647171020508,0.43137254901960786,0.4117647058823529
342,1,33,0,32400,138,0.0042592592592592595,21.449275970458984,0.45588235294117646,0.572463768115942
342,1,33,1,32400,46,0.001419753086419753,23.39130401611328,0.45454545454545453,0.391304347826087
342,1,33,2,32400,71,0.002191358024691358,21.140844345092773,0.27941176470588236,0.43661971830985913
342,1,34,0,32400,148,0.004567901234567902,20.29054069519043,0.42028985507246375,0.44594594594594594
342,1,34,1,32400,36,0.0011111111111111111,25.80555534362793,0.2826086956521739,0.3055555555555556
342,1,34,2,32400,63,0.0019444444444444444,23.396827697753906,0.36619718309859156,0.36507936507936506
342,1,35,0,32400,142,0.004382716049382716,37.28168869018555,0.3581081081081081,0.38028169014084506
342,1,35,1,32400,31,0.0009567901234567902,28.80644989013672,0.3333333333333333,0.16129032258064516
342,1,35,2,32400,67,0.002067901234567901,27.8358211517334,0.2857142857142857,0.29850746268656714
342,2,1,0,32400,91,0.002808641975308642,24.54945182800293,-1.0,0.3956043956043956
342,2,1,1,32400,33,0.0010185185185185184,33.21212387084961,-1.0,0.30303030303030304
342,2,1,2,32400,48,0.0014814814814814814,17.8125,-1.0,0.2708333333333333
342,2,2,0,32400,100,0.0030864197530864196,22.26999855041504,0.46153846153846156,0.42
342,2,2,1,32400,35,0.0010802469135802468,13.828571319580078,0.36363636363636365,0.4
342,2,2,2,32400,44,0.0013580246913580246,23.0,0.25,0.1590909090909091
342,2,3,0,32400,89,0.0027469135802469136,50.921348571777344,0.37,0.43820224719101125
342,2,3,1,32400,42,0.0012962962962962963,45.38095474243164,0.4,0.2619047619047619
342,2,3,2,32400,56,0.0017283950617283952,41.98214340209961,0.3409090909090909,0.23214285714285715
342,2,4,0,32400,97,0.002993827160493827,19.82474136352539,0.42696629213483145,0.44329896907216493
342,2,4,1,32400,35,0.0010802469135802468,17.714284896850586,0.38095238095238093,0.2571428571428571
342,2,4,2,32400,63,0.0019444444444444444,19.33333396911621,0.25,0.25396825396825395
342,2,5,0,32400,92,0.002839506172839506,30.84782600402832,0.35051546391752575,0.32608695652173914
342,2,5,1,32400,41,0.0012654320987654322,31.292682647705078,0.42857142857142855,0.34146341463414637
342,2,5,2,32400,62,0.0019135802469135803,25.419353485107422,0.25396825396825395,0.3064516129032258
342,2,6,0,32400,101,0.003117283950617284,19.346534729003906,0.32608695652173914,0.46534653465346537
342,2,6,1,32400,47,0.0014506172839506173,13.234042167663574,0.43902439024390244,0.44680851063829785
342,2,6,2,32400,69,0.0021296296296296298,13.318840980529785,0.27419354838709675,0.2898550724637681
342,2,7,0,32400,108,0.0033333333333333335,18.620370864868164,0.42574257425742573,0.4074074074074074
342,2,7,1,32400,46,0.001419753086419753,32.10869598388672,0.3617021276595745,0.2826086956521739
342,2,7,2,32400,56,0.0017283950617283952,33.53571701049805,0.2608695652173913,0.375
342,2,8,0,32400,94,0.0029012345679012346,27.0,0.37037037037037035,0.3617021276595745
342,2,8,1,32400,48,0.0014814814814814814,13.625,0.2391304347826087,0.3541666666666667
342,2,8,2,32400,55,0.0016975308641975309,16.10909080505371,0.30357142857142855,0.21818181818181817
342,2,9,0,32400,104,0.0032098765432098763,24.278846740722656,0.4574468085106383,0.4230769230769231
342,2,9,1,32400,48,0.0014814814814814814,23.937503814697266,0.4583333333333333,0.4791666666666667
342,2,9,2,32400,62,0.0019135802469135803,18.38709831237793,0.32727272727272727,0.24193548387096775
342,2,10,0,32400,114,0.0035185185185185185,21.66666603088379,0.4423076923076923,0.4473684210526316
342,2,10,1,32400,50,0.0015432098765432098,13.380000114440918,0.3125,0.24
342,2,10,2,32400,67,0.002067901234567901,21.43283462524414,0.3709677419354839,0.31343283582089554
342,2,11,0,32400,119,0.0036728395061728395,30.781511306762695,0.4298245614035088,0.5546218487394958
342,2,11,1,32400,39,0.0012037037037037038,20.64102554321289,0.26,0.28205128205128205
342,2,11,2,32400,58,0.0017901234567901235,30.58620262145996,0.22388059701492538,0.3103448275862069
342,2,12,0,32400,122,0.003765432098765432,20.295080184936523,0.47058823529411764,0.5491803278688525
342,2,12,1,32400,35,0.0010802469135802468,11.800000190734863,0.3333333333333333,0.37142857142857144
342,2,12,2,32400,70,0.0021604938271604936,13.399999618530273,0.3448275862068966,0.32857142857142857
342,2,13,0,32400,102,0.003148148148148148,33.578433990478516,0.3770491803278688,0.47058823529411764
342,2,13,1,32400,36,0.0011111111111111111,33.02777862548828,0.2857142857142857,0.4166666666666667
342,2,13,2,32400,60,0.001851851851851852,52.4666748046875,0.21428571428571427,0.36666666666666664
342,2,14,0,32400,114,0.0035185185185185185,26.552631378173828,0.5,0.5
342,2,14,1,32400,30,0.000925925925925926,26.60000228881836,0.3611111111111111,0.3333333333333333
342,2,14,2,32400,42,0.0012962962962962963,31.761905670166016,0.26666666666666666,0.30952380952380953
342,2,15,0,32400,103,0.0031790123456790125,22.82524299621582,0.41228070175438597,0.36893203883495146
342,2,15,1,32400,47,0.0014506172839506173,23.787233352661133,0.4,0.48936170212765956
342,2,15,2,32400,45,0.001388888888888889,27.288888931274414,0.23809523809523808,0.2222222222222222
342,2,16,0,32400,99,0.0030555555555555557,15.939393997192383,0.36893203883495146,0.31313131313131315
342,2,16,1,32400,34,0.0010493827160493827,12.411765098571777,0.3617021276595745,0.4411764705882353
342,2,16,2,32400,65,0.002006172839506173,16.092308044433594,0.28888888888888886,0.38461538461538464
342,2,17,0,32400,107,0.0033024691358024692,23.355138778686523,0.42424242424242425,0.4672897196261682
342,2,17,1,32400,39,0.0012037037037037038,28.461538314819336,0.4117647058823529,0.3333333333333333
342,2,17,2,32400,39,0.0012037037037037038,21.743589401245117,0.16923076923076924,0.3333333333333333
342,2,18,0,32400,119,0.0036728395061728395,21.504201889038086,0.3925233644859813,0.3025210084033613
342,2,18,1,32400,40,0.0012345679012345679,38.25000762939453,0.3076923076923077,0.325
342,2,18,2,32400,64,0.0019753086419753087,27.171875,0.4358974358974359,0.296875
342,2,19,0,32400,126,0.0038888888888888888,22.007938385009766,0.42016806722689076,0.47619047619047616
342,2,19,1,32400,41,0.0012654320987654322,27.31707191467285,0.375,0.36585365853658536
342,2,19,2,32400,73,0.0022530864197530865,26.904109954833984,0.359375,0.3972602739726027
342,2,20,0,32400,121,0.0037345679012345677,26.884296417236328,0.4523809523809524,0.39669421487603307
342,2,20,1,32400,42,0.0012962962962962963,33.83333206176758,0.36585365853658536,0.40476190476190477
342,2,20,2,32400,66,0.002037037037037037,41.22727584838867,0.2876712328767123,0.42424242424242425
342,2,21,0,32400,137,0.004228395061728395,14.63503646850586,0.4297520661157025,0.4233576642335766
342,2,21,1,32400,49,0.0015123456790123457,24.897958755493164,0.42857142857142855,0.3469387755102041
342,2,21,2,32400,72,0.0022222222222222222,21.66666603088379,0.2727272727272727,0.2916666666666667
342,2,22,0,32400,147,0.004537037037037037,28.238094329833984,0.49635036496350365,0.4489795918367347
342,2,22,1,32400,50,0.0015432098765432098,25.68000030517578,0.2857142857142857,0.32
342,2,22,2,32400,80,0.0024691358024691358,25.262500762939453,0.4027777777777778,0.375
342,2,23,0,32400,131,0.00404320987654321,27.312976837158203,0.4217687074829932,0.4351145038167939
342,2,23,1,32400,60,0.001851851851851852,24.366668701171875,0.36,0.38333333333333336
342,2,23,2,32400,63,0.0019444444444444444,23.07936668395996,0.35,0.3968253968253968
342,2,24,0,32400,110,0.0033950617283950617,24.109092712402344,0.3893129770992366,0.36363636363636365
342,2,24,1,32400,45,0.001388888888888889,18.822221755981445,0.3333333333333333,0.4222222222222222
342,2,24,2,32400,60,0.001851851851851852,23.000001907348633,0.38095238095238093,0.31666666666666665
342,2,25,0,32400,115,0.0035493827160493828,14.165216445922852,0.4636363636363636,0.5391304347826087
342,2,25,1,32400,22,0.0006790123456790123,20.272727966308594,0.17777777777777778,0.09090909090909091
342,2,25,2,32400,59,0.0018209876543209876,17.423728942871094,0.35,0.4067796610169492
342,2,26,0,32400,130,0.004012345679012346,47.18461227416992,0.48695652173913045,0.5307692307692308
342,2,26,1,32400,31,0.0009567901234567902,17.45161247253418,0.36363636363636365,0.22580645161290322
342,2,26,2,32400,62,0.0019135802469135803,78.1612777709961,0.3559322033898305,0.532258064516129
342,2,27,0,32400,106,0.003271604938271605,34.11320877075195,0.45384615384615384,0.5377358490566038
342,2,27,1,32400,35,0.0010802469135802468,17.314287185668945,0.3225806451612903,0.14285714285714285
342,2,27,2,32400,66,0.002037037037037037,44.01515197753906,0.41935483870967744,0.5151515151515151
342,2,28,0,32400,129,0.003981481481481482,13.22480583190918,0.4811320754716981,0.5271317829457365
342,2,28,1,32400,32,0.0009876543209876543,10.40625,0.2857142857142857,0.28125
342,2,28,2,32400,68,0.0020987654320987655,16.397058486938477,0.30303030303030304,0.4117647058823529
342,2,29,0,32400,112,0.0034567901234567903,24.187501907348633,0.3875968992248062,0.4375
342,2,29,1,32400,29,0.0008950617283950618,14.482758522033691,0.28125,0.10344827586206896
342,2,29,2,32400,70,0.0021604938271604936,17.0,0.38235294117647056,0.4857142857142857
342,2,30,0,32400,144,0.0044444444444444444,26.19444465637207,0.45535714285714285,0.4583333333333333
342,2,30,1,32400,23,0.0007098765432098765,30.0,0.27586206896551724,0.13043478260869565
342,2,30,2,32400,71,0.002191358024691358,26.098590850830078,0.35714285714285715,0.43661971830985913
342,2,31,0,32400,114,0.0035185185185185185,69.8245620727539,0.3541666666666667,0.40350877192982454
342,2,31,1,32400,29,0.0008950617283950618,18.206897735595703,0.21739130434782608,0.3103448275862069
342,2,31,2,32400,51,0.001574074074074074,65.39215850830078,0.22535211267605634,0.39215686274509803
342,2,32,0,32400,136,0.004197530864197531,18.90441131591797,0.4473684210526316,0.4485294117647059
342,2,32,1,32400,33,0.0010185185185185184,23.66666603088379,0.20689655172413793,0.2727272727272727
342,2,32,2,32400,68,0.0020987654320987655,19.264705657958984,0.43137254901960786,0.4117647058823529
342,2,33,0,32400,138,0.0042592592592592595,26.753623962402344,0.45588235294117646,0.572463768115942
342,2,33,1,32400,46,0.001419753086419753,28.086957931518555,0.45454545454545453,0.391304347826087
342,2,33,2,32400,71,0.002191358024691358,30.380281448364258,0.27941176470588236,0.43661971830985913
342,2,34,0,32400,148,0.004567901234567902,28.418920516967773,0.42028985507246375,0.44594594594594594
342,2,34,1,32400,36,0.0011111111111111111,39.58333206176758,0.2826086956521739,0.3055555555555556
342,2,34,2,32400,63,0.0019444444444444444,51.4920654296875,0.36619718309859156,0.36507936507936506
342,2,35,0,32400,142,0.004382716049382716,19.28169059753418,0.3581081081081081,0.38028169014084506
342,2,35,1,32400,31,0.0009567901234567902,10.419354438781738,0.3333333333333333,0.16129032258064516
342,2,35,2,32400,67,0.002067901234567901,29.044775009155273,0.2857142857142857,0.29850746268656714
342,3,1,0,32400,91,0.002808641975308642,16.10988998413086,-1.0,0.3956043956043956
342,3,1,1,32400,33,0.0010185185185185184,37.72727584838867,-1.0,0.30303030303030304
342,3,1,2,32400,48,0.0014814814814814814,26.7500057220459,-1.0,0.2708333333333333
342,3,2,0,32400,100,0.0030864197530864196,18.149999618530273,0.46153846153846156,0.42
342,3,2,1,32400,35,0.0010802469135802468,22.97142791748047,0.36363636363636365,0.4
342,3,2,2,32400,44,0.0013580246913580246,25.40909194946289,0.25,0.1590909090909091
342,3,3,0,32400,89,0.0027469135802469136,16.37078857421875,0.37,0.43820224719101125
342,3,3,1,32400,42,0.0012962962962962963,35.452388763427734,0.4,0.2619047619047619
342,3,3,2,32400,56,0.0017283950617283952,22.375001907348633,0.3409090909090909,0.23214285714285715
342,3,4,0,32400,97,0.002993827160493827,18.56700897216797,0.42696629213483145,0.44329896907216493
342,3,4,1,32400,35,0.0010802469135802468,16.94285774230957,0.38095238095238093,0.2571428571428571
342,3,4,2,32400,63,0.0019444444444444444,16.88888931274414,0.25,0.25396825396825395
342,3,5,0,32400,92,0.002839506172839506,28.184785842895508,0.35051546391752575,0.32608695652173914
342,3,5,1,32400,41,0.0012654320987654322,19.585365295410156,0.42857142857142855,0.34146341463414637
342,3,5,2,32400,62,0.0019135802469135803,21.85483741760254,0.25396825396825395,0.3064516129032258
342,3,6,0,32400,101,0.003117283950617284,12.524752616882324,0.32608695652173914,0.46534653465346537
342,3,6,1,32400,47,0.0014506172839506173,25.36170196533203,0.43902439024390244,0.44680851063829785
342,3,6,2,32400,69,0.0021296296296296298,19.362319946289062,0.27419354838709675,0.2898550724637681
342,3,7,0,32400,108,0.0033333333333333335,29.472219467163086,0.42574257425742573,0.4074074074074074
342,3,7,1,32400,46,0.001419753086419753,56.65217590332031,0.3617021276595745,0.2826086956521739
342,3,7,2,32400,56,0.0017283950617283952,48.82143020629883,0.2608695652173913,0.375
342,3,8,0,32400,94,0.0029012345679012346,34.65957260131836,0.37037037037037035,0.3617021276595745
342,3,8,1,32400,48,0.0014814814814814814,34.66666793823242,0.2391304347826087,0.3541666666666667
342,3,8,2,32400,55,0.0016975308641975309,20.290908813476562,0.30357142857142855,0.21818181818181817
342,3,9,0,32400,104,0.0032098765432098763,32.05768966674805,0.4574468085106383,0.4230769230769231
342,3,9,1,32400,48,0.0014814814814814814,24.770832061767578,0.4583333333333333,0.4791666666666667
342,3,9,2,32400,62,0.0019135802469135803,34.919349670410156,0.32727272727272727,0.24193548387096775
342,3,10,0,32400,114,0.0035185185185185185,39.017547607421875,0.4423076923076923,0.4473684210526316
342,3,10,1,32400,50,0.0015432098765432098,34.959999084472656,0.3125,0.24
342,3,10,2,32400,67,0.002067901234567901,28.98507308959961,0.3709677419354839,0.31343283582089554
342,3,11,0,32400,119,0.0036728395061728395,50.62185287475586,0.4298245614035088,0.5546218487394958
342,3,11,1,32400,39,0.0012037037037037038,44.0,0.26,0.28205128205128205
342,3,11,2,32400,58,0.0017901234567901235,50.22413635253906,0.22388059701492538,0.3103448275862069
342,3,12,0,32400,122,0.003765432098765432,26.180326461791992,0.47058823529411764,0.5491803278688525
342,3,12,1,32400,35,0.0010802469135802468,44.17142868041992,0.3333333333333333,0.37142857142857144
342,3,12,2,32400,70,0.0021604938271604936,29.47142791748047,0.3448275862068966,0.32857142857142857
342,3,13,0,32400,102,0.003148148148148148,13.62745189666748,0.3770491803278688,0.47058823529411764
342,3,13,1,32400,36,0.0011111111111111111,10.861111640930176,0.2857142857142857,0.4166666666666667
342,3,13,2,32400,60,0.001851851851851852,11.100000381469727,0.21428571428571427,0.36666666666666664
342,3,14,0,32400,114,0.0035185185185185185,25.122806549072266,0.5,0.5
342,3,14,1,32400,30,0.000925925925925926,27.200000762939453,0.3611111111111111,0.3333333333333333
342,3,14,2,32400,42,0.0012962962962962963,31.76190757751465,0.26666666666666666,0.30952380952380953
342,3,15,0,32400,103,0.0031790123456790125,17.94174575805664,0.41228070175438597,0.36893203883495146
342,3,15,1,32400,47,0.0014506172839506173,14.978721618652344,0.4,0.48936170212765956
342,3,15,2,32400,45,0.001388888888888889,24.844444274902344,0.23809523809523808,0.2222222222222222
342,3,16,0,32400,99,0.0030555555555555557,19.86868667602539,0.36893203883495146,0.31313131313131315
342,3,16,1,32400,34,0.0010493827160493827,22.764705657958984,0.3617021276595745,0.4411764705882353
342,3,16,2,32400,65,0.002006172839506173,27.076923370361328,0.28888888888888886,0.38461538461538464
342,3,17,0,32400,107,0.0033024691358024692,24.280372619628906,0.42424242424242425,0.4672897196261682
342,3,17,1,32400,39,0.0012037037037037038,20.230770111083984,0.4117647058823529,0.3333333333333333
342,3,17,2,32400,39,0.0012037037037037038,33.71794891357422,0.16923076923076924,0.3333333333333333
342,3,18,0,32400,119,0.0036728395061728395,14.890756607055664,0.3925233644859813,0.3025210084033613
342,3,18,1,32400,40,0.0012345679012345679,62.80000686645508,0.3076923076923077,0.325
342,3,18,2,32400,64,0.0019753086419753087,41.171878814697266,0.4358974358974359,0.296875
342,3,19,0,32400,126,0.0038888888888888888,24.69047737121582,0.42016806722689076,0.47619047619047616
342,3,19,1,32400,41,0.0012654320987654322,18.2439022064209,0.375,0.36585365853658536
342,3,19,2,32400,73,0.0022530864197530865,19.01369857788086,0.359375,0.3972602739726027
342,3,20,0,32400,121,0.0037345679012345677,12.669421195983887,0.4523809523809524,0.39669421487603307
342,3,20,1,32400,42,0.0012962962962962963,16.738096237182617,0.36585365853658536,0.40476190476190477
342,3,20,2,32400,66,0.002037037037037037,17.606061935424805,0.2876712328767123,0.42424242424242425
342,3,21,0,32400,137,0.004228395061728395,23.197080612182617,0.4297520661157025,0.4233576642335766
342,3,21,1,32400,49,0.0015123456790123457,14.224489212036133,0.42857142857142855,0.3469387755102041
342,3,21,2,32400,72,0.0022222222222222222,26.430551528930664,0.2727272727272727,0.2916666666666667
342,3,22,0,32400,147,0.004537037037037037,43.11564636230469,0.49635036496350365,0.4489795918367347
342,3,22,1,32400,50,0.0015432098765432098,39.23999786376953,0.2857142857142857,0.32
342,3,22,2,32400,80,0.0024691358024691358,42.79999923706055,0.4027777777777778,0.375
342,3,23,0,32400,131,0.00404320987654321,19.786258697509766,0.4217687074829932,0.4351145038167939
342,3,23,1,32400,60,0.001851851851851852,24.76666831970215,0.36,0.38333333333333336
342,3,23,2,32400,63,0.0019444444444444444,11.841270446777344,0.35,0.3968253968253968
342,3,24,0,32400,110,0.0033950617283950617,22.936363220214844,0.3893129770992366,0.36363636363636365
342,3,24,1,32400,45,0.001388888888888889,33.377777099609375,0.3333333333333333,0.4222222222222222
342,3,24,2,32400,60,0.001851851851851852,25.83333396911621,0.38095238095238093,0.31666666666666665
342,3,25,0,32400,115,0.0035493827160493828,20.765216827392578,0.4636363636363636,0.5391304347826087
342,3,25,1,32400,22,0.0006790123456790123,14.36363697052002,0.17777777777777778,0.09090909090909091
342,3,25,2,32400,59,0.0018209876543209876,21.830509185791016,0.35,0.4067796610169492
342,3,26,0,32400,130,0.004012345679012346,19.0230770111084,0.48695652173913045,0.5307692307692308
342,3,26,1,32400,31,0.0009567901234567902,24.45161247253418,0.36363636363636365,0.22580645161290322
342,3,26,2,32400,62,0.0019135802469135803,29.70967674255371,0.3559322033898305,0.532258064516129
342,3,27,0,32400,106,0.003271604938271605,33.01886749267578,0.45384615384615384,0.5377358490566038
342,3,27,1,32400,35,0.0010802469135802468,21.828571319580078,0.3225806451612903,0.14285714285714285
342,3,27,2,32400,66,0.002037037037037037,29.0,0.41935483870967744,0.5151515151515151
342,3,28,0,32400,129,0.003981481481481482,25.77519416809082,0.4811320754716981,0.5271317829457365
342,3,28,1,32400,32,0.0009876543209876543,15.65625,0.2857142857142857,0.28125
342,3,28,2,32400,68,0.0020987654320987655,25.5,0.30303030303030304,0.4117647058823529
342,3,29,0,32400,112,0.0034567901234567903,25.79464340209961,0.3875968992248062,0.4375
342,3,29,1,32400,29,0.0008950617283950618,21.0,0.28125,0.10344827586206896
342,3,29,2,32400,70,0.0021604938271604936,39.114288330078125,0.38235294117647056,0.4857142857142857
342,3,30,0,32400,144,0.0044444444444444444,30.19444465637207,0.45535714285714285,0.4583333333333333
342,3,30,1,32400,23,0.0007098765432098765,32.173912048339844,0.27586206896551724,0.13043478260869565
342,3,30,2,32400,71,0.002191358024691358,30.014087677001953,0.35714285714285715,0.43661971830985913
342,3,31,0,32400,114,0.0035185185185185185,46.096492767333984,0.3541666666666667,0.40350877192982454
342,3,31,1,32400,29,0.0008950617283950618,18.34482765197754,0.21739130434782608,0.3103448275862069
342,3,31,2,32400,51,0.001574074074074074,36.235294342041016,0.22535211267605634,0.39215686274509803
342,3,32,0,32400,136,0.004197530864197531,26.176469802856445,0.4473684210526316,0.4485294117647059
342,3,32,1,32400,33,0.0010185185185185184,36.1212158203125,0.20689655172413793,0.2727272727272727
342,3,32,2,32400,68,0.0020987654320987655,19.97058868408203,0.43137254901960786,0.4117647058823529
342,3,33,0,32400,138,0.0042592592592592595,37.630435943603516,0.45588235294117646,0.572463768115942
342,3,33,1,32400,46,0.001419753086419753,24.95652198791504,0.45454545454545453,0.391304347826087
342,3,33,2,32400,71,0.002191358024691358,29.929576873779297,0.27941176470588236,0.43661971830985913
342,3,34,0,32400,148,0.004567901234567902,28.412166595458984,0.42028985507246375,0.44594594594594594
342,3,34,1,32400,36,0.0011111111111111111,31.94444465637207,0.2826086956521739,0.3055555555555556
342,3,34,2,32400,63,0.0019444444444444444,31.603178024291992,0.36619718309859156,0.36507936507936506
342,3,35,0,32400,142,0.004382716049382716,20.014083862304688,0.3581081081081081,0.38028169014084506
342,3,35,1,32400,31,0.0009567901234567902,14.290322303771973,0.3333333333333333,0.16129032258064516
342,3,35,2,32400,67,0.002067901234567901,19.388059616088867,0.2857142857142857,0.29850746268656714
343,0,1,0,32400,100,0.0030864197530864196,22.799999237060547,-1.0,0.42
343,0,1,1,32400,35,0.0010802469135802468,23.65714454650879,-1.0,0.4
343,0,1,2,32400,44,0.0013580246913580246,21.454545974731445,-1.0,0.1590909090909091
343,0,2,0,32400,89,0.0027469135802469136,28.662921905517578,0.37,0.43820224719101125
343,0,2,1,32400,42,0.0012962962962962963,38.976192474365234,0.4,0.2619047619047619
343,0,2,2,32400,56,0.0017283950617283952,35.78571701049805,0.3409090909090909,0.23214285714285715
343,0,3,0,32400,97,0.002993827160493827,27.412370681762695,0.42696629213483145,0.44329896907216493
343,0,3,1,32400,35,0.0010802469135802468,41.42856979370117,0.38095238095238093,0.2571428571428571
343,0,3,2,32400,63,0.0019444444444444444,27.9682559967041,0.25,0.25396825396825395
343,0,4,0,32400,92,0.002839506172839506,32.39130401611328,0.35051546391752575,0.32608695652173914
343,0,4,1,32400,41,0.0012654320987654322,14.243902206420898,0.42857142857142855,0.34146341463414637
343,0,4,2,32400,62,0.0019135802469135803,38.40322494506836,0.25396825396825395,0.3064516129032258
343,0,5,0,32400,101,0.003117283950617284,35.0990104675293,0.32608695652173914,0.46534653465346537
343,0,5,1,32400,47,0.0014506172839506173,41.63829803466797,0.43902439024390244,0.44680851063829785
343,0,5,2,32400,69,0.0021296296296296298,59.56521987915039,0.27419354838709675,0.2898550724637681
343,0,6,0,32400,108,0.0033333333333333335,33.481483459472656,0.42574257425742573,0.4074074074074074
343,0,6,1,32400,46,0.001419753086419753,44.195648193359375,0.3617021276595745,0.2826086956521739
343,0,6,2,32400,56,0.0017283950617283952,19.160715103149414,0.2608695652173913,0.375
343,0,7,0,32400,94,0.0029012345679012346,24.117019653320312,0.37037037037037035,0.3617021276595745
343,0,7,1,32400,48,0.0014814814814814814,26.375,0.2391304347826087,0.3541666666666667
343,0,7,2,32400,55,0.0016975308641975309,15.854544639587402,0.30357142857142855,0.21818181818181817
343,0,8,0,32400,104,0.0032098765432098763,26.105770111083984,0.4574468085106383,0.4230769230769231
343,0,8,1,32400,48,0.0014814814814814814,26.875,0.4583333333333333,0.4791666666666667
343,0,8,2,32400,62,0.0019135802469135803,22.19354820251465,0.32727272727272727,0.24193548387096775
343,0,9,0,32400,114,0.0035185185185185185,57.91228103637695,0.4423076923076923,0.4473684210526316
343,0,9,1,32400,50,0.0015432098765432098,44.34000015258789,0.3125,0.24
343,0,9,2,32400,67,0.002067901234567901,38.29850769042969,0.3709677419354839,0.31343283582089554
343,0,10,0,32400,119,0.0036728395061728395,26.025211334228516,0.4298245614035088,0.5546218487394958
343,0,10,1,32400,39,0.0012037037037037038,45.17948913574219,0.26,0.28205128205128205
343,0,10,2,32400,58,0.0017901234567901235,20.517240524291992,0.22388059701492538,0.3103448275862069
343,0,11,0,32400,122,0.003765432098765432,54.64753723144531,0.47058823529411764,0.5491803278688525
343,0,11,1,32400,35,0.0010802469135802468,31.371429443359375,0.3333333333333333,0.37142857142857144
343,0,11,2,32400,70,0.0021604938271604936,58.21428680419922,0.3448275862068966,0.32857142857142857
343,0,12,0,32400,102,0.003148148148148148,17.862747192382812,0.3770491803278688,0.47058823529411764
343,0,12,1,32400,36,0.0011111111111111111,25.194446563720703,0.2857142857142857,0.4166666666666667
343,0,12,2,32400,60,0.001851851851851852,21.416667938232422,0.21428571428571427,0.36666666666666664
343,0,13,0,32400,114,0.0035185185185185185,27.438596725463867,0.5,0.5
343,0,13,1,32400,30,0.000925925925925926,45.10000228881836,0.3611111111111111,0.3333333333333333
343,0,13,2,32400,42,0.0012962962962962963,49.9523811340332,0.26666666666666666,0.30952380952380953
343,0,14,0,32400,103,0.0031790123456790125,29.77669906616211,0.41228070175438597,0.36893203883495146
343,0,14,1,32400,47,0.0014506172839506173,14.319148063659668,0.4,0.48936170212765956
343,0,14,2,32400,45,0.001388888888888889,27.955556869506836,0.23809523809523808,0.2222222222222222
343,0,15,0,32400,99,0.0030555555555555557,22.303030014038086,0.36893203883495146,0.31313131313131315
343,0,15,1,32400,34,0.0010493827160493827,33.911766052246094,0.3617021276595745,0.4411764705882353
343,0,15,2,32400,65,0.002006172839506173,36.03076934814453,0.28888888888888886,0.38461538461538464
343,0,16,0,32400,107,0.0033024691358024692,35.32710266113281,0.42424242424242425,0.4672897196261682
343,0,16,1,32400,39,0.0012037037037037038,62.69231033325195,0.4117647058823529,0.3333333333333333
343,0,16,2,32400,39,0.0012037037037037038,23.205129623413086,0.16923076923076924,0.3333333333333333
343,0,17,0,32400,119,0.0036728395061728395,24.25210189819336,0.3925233644859813,0.3025210084033613
343,0,17,1,32400,40,0.0012345679012345679,24.92500114440918,0.3076923076923077,0.325
343,0,17,2,32400,64,0.0019753086419753087,28.28125,0.4358974358974359,0.296875
343,0,18,0,32400,126,0.0038888888888888888,33.27777862548828,0.42016806722689076,0.47619047619047616
343,0,18,1,32400,41,0.0012654320987654322,38.439022064208984,0.375,0.36585365853658536
343,0,18,2,32400,73,0.0022530864197530865,35.863014221191406,0.359375,0.3972602739726027
343,0,19,0,32400,121,0.0037345679012345677,25.603303909301758,0.4523809523809524,0.39669421487603307
343,0,19,1,32400,42,0.0012962962962962963,21.785715103149414,0.36585365853658536,0.40476190476190477
343,0,19,2,32400,66,0.002037037037037037,30.363637924194336,0.2876712328767123,0.42424242424242425
343,0,20,0,32400,137,0.004228395061728395,23.802919387817383,0.4297520661157025,0.4233576642335766
343,0,20,1,32400,49,0.0015123456790123457,26.387754440307617,0.42857142857142855,0.3469387755102041
343,0,20,2,32400,72,0.0022222222222222222,25.375,0.2727272727272727,0.2916666666666667
343,0,21,0,32400,147,0.004537037037037037,47.768707275390625,0.49635036496350365,0.4489795918367347
343,0,21,1,32400,50,0.0015432098765432098,40.439998626708984,0.2857142857142857,0.32
343,0,21,2,32400,80,0.0024691358024691358,64.73750305175781,0.4027777777777778,0.375
343,0,22,0,32400,131,0.00404320987654321,42.20610809326172,0.4217687074829932,0.4351145038167939
343,0,22,1,32400,60,0.001851851851851852,31.983335494995117,0.36,0.38333333333333336
343,0,22,2,32400,63,0.0019444444444444444,36.93650817871094,0.35,0.3968253968253968
343,0,23,0,32400,110,0.0033950617283950617,29.18181800842285,0.3893129770992366,0.36363636363636365
343,0,23,1,32400,45,0.001388888888888889,23.377779006958008,0.3333333333333333,0.4222222222222222
343,0,23,2,32400,60,0.001851851851851852,23.333335876464844,0.38095238095238093,0.31666666666666665
343,0,24,0,32400,115,0.0035493827160493828,18.24347686767578,0.4636363636363636,0.5391304347826087
343,0,24,1,32400,22,0.0006790123456790123,21.500001907348633,0.17777777777777778,0.09090909090909091
343,0,24,2,32400,59,0.0018209876543209876,20.27118682861328,0.35,0.4067796610169492
343,0,25,0,32400,130,0.004012345679012346,19.89230728149414,0.48695652173913045,0.5307692307692308
343,0,25,1,32400,31,0.0009567901234567902,10.935483932495117,0.36363636363636365,0.22580645161290322
343,0,25,2,32400,62,0.0019135802469135803,30.3709659576416,0.3559322033898305,0.532258064516129
343,0,26,0,32400,106,0.003271604938271605,16.28302001953125,0.45384615384615384,0.5377358490566038
343,0,26,1,32400,35,0.0010802469135802468,17.685714721679688,0.3225806451612903,0.14285714285714285
343,0,26,2,32400,66,0.002037037037037037,19.439393997192383,0.41935483870967744,0.5151515151515151
343,0,27,0,32400,129,0.003981481481481482,24.829456329345703,0.4811320754716981,0.5271317829457365
343,0,27,1,32400,32,0.0009876543209876543,30.437501907348633,0.2857142857142857,0.28125
343,0,27,2,32400,68,0.0020987654320987655,21.926469802856445,0.30303030303030304,0.4117647058823529
343,0,28,0,32400,112,0.0034567901234567903,21.21428680419922,0.3875968992248062,0.4375
343,0,28,1,32400,29,0.0008950617283950618,16.689655303955078,0.28125,0.10344827586206896
343,0,28,2,32400,70,0.0021604938271604936,22.114286422729492,0.38235294117647056,0.4857142857142857
343,0,29,0,32400,144,0.0044444444444444444,39.8819465637207,0.45535714285714285,0.4583333333333333
343,0,29,1,32400,23,0.0007098765432098765,41.56521224975586,0.27586206896551724,0.13043478260869565
343,0,29,2,32400,71,0.002191358024691358,43.154930114746094,0.35714285714285715,0.43661971830985913
343,0,30,0,32400,114,0.0035185185185185185,32.49123001098633,0.3541666666666667,0.40350877192982454
343,0,30,1,32400,29,0.0008950617283950618,34.10344314575195,0.21739130434782608,0.3103448275862069
343,0,30,2,32400,51,0.001574074074074074,30.176471710205078,0.22535211267605634,0.39215686274509803
343,0,31,0,32400,136,0.004197530864197531,39.67647171020508,0.4473684210526316,0.4485294117647059
343,0,31,1,32400,33,0.0010185185185185184,35.333335876464844,0.20689655172413793,0.2727272727272727
343,0,31,2,32400,68,0.0020987654320987655,42.57352828979492,0.43137254901960786,0.4117647058823529
343,0,32,0,32400,138,0.0042592592592592595,31.326091766357422,0.45588235294117646,0.572463768115942
343,0,32,1,32400,46,0.001419753086419753,21.36956787109375,0.45454545454545453,0.391304347826087
343,0,32,2,32400,71,0.002191358024691358,28.46479034423828,0.27941176470588236,0.43661971830985913
343,0,33,0,32400,148,0.004567901234567902,27.85135269165039,0.42028985507246375,0.44594594594594594
343,0,33,1,32400,36,0.0011111111111111111,11.222222328186035,0.2826086956521739,0.3055555555555556
343,0,33,2,32400,63,0.0019444444444444444,18.666667938232422,0.36619718309859156,0.36507936507936506
343,0,34,0,32400,142,0.004382716049382716,19.58450698852539,0.3581081081081081,0.38028169014084506
343,0,34,1,32400,31,0.0009567901234567902,55.38710021972656,0.3333333333333333,0.16129032258064516
343,0,34,2,32400,67,0.002067901234567901,16.597015380859375,0.2857142857142857,0.29850746268656714
343,0,35,0,32400,136,0.004197530864197531,29.5955867767334,0.38028169014084506,0.375
343,0,35,1,32400,27,0.0008333333333333334,14.074073791503906,0.25806451612903225,0.18518518518518517
343,0,35,2,32400,72,0.0022222222222222222,23.75,0.29850746268656714,0.4722222222222222
343,1,1,0,32400,100,0.0030864197530864196,12.889999389648438,-1.0,0.42
343,1,1,1,32400,35,0.0010802469135802468,14.19999885559082,-1.0,0.4
343,1,1,2,32400,44,0.0013580246913580246,16.43181800842285,-1.0,0.1590909090909091
343,1,2,0,32400,89,0.0027469135802469136,19.34831428527832,0.37,0.43820224719101125
343,1,2,1,32400,42,0.0012962962962962963,17.0238094329834,0.4,0.2619047619047619
343,1,2,2,32400,56,0.0017283950617283952,26.035715103149414,0.3409090909090909,0.23214285714285715
343,1,3,0,32400,97,0.002993827160493827,32.68041229248047,0.42696629213483145,0.44329896907216493
343,1,3,1,32400,35,0.0010802469135802468,13.0,0.38095238095238093,0.2571428571428571
343,1,3,2,32400,63,0.0019444444444444444,55.222232818603516,0.25,0.25396825396825395
343,1,4,0,32400,92,0.002839506172839506,17.684782028198242,0.35051546391752575,0.32608695652173914
343,1,4,1,32400,41,0.0012654320987654322,20.31707191467285,0.42857142857142855,0.34146341463414637
343,1,4,2,32400,62,0.0019135802469135803,18.25806427001953,0.25396825396825395,0.3064516129032258
343,1,5,0,32400,101,0.003117283950617284,19.25742530822754,0.32608695652173914,0.46534653465346537
343,1,5,1,32400,47,0.0014506172839506173,13.744680404663086,0.43902439024390244,0.44680851063829785
343,1,5,2,32400,69,0.0021296296296296298,15.159421920776367,0.27419354838709675,0.2898550724637681
343,1,6,0,32400,108,0.0033333333333333335,20.425926208496094,0.42574257425742573,0.4074074074074074
343,1,6,1,32400,46,0.001419753086419753,12.30434799194336,0.3617021276595745,0.2826086956521739
343,1,6,2,32400,56,0.0017283950617283952,25.803571701049805,0.2608695652173913,0.375
343,1,7,0,32400,94,0.0029012345679012346,17.82978630065918,0.37037037037037035,0.3617021276595745
343,1,7,1,32400,48,0.0014814814814814814,22.291667938232422,0.2391304347826087,0.3541666666666667
343,1,7,2,32400,55,0.0016975308641975309,15.963635444641113,0.30357142857142855,0.21818181818181817
343,1,8,0,32400,104,0.0032098765432098763,12.134615898132324,0.4574468085106383,0.4230769230769231
343,1,8,1,32400,48,0.0014814814814814814,10.1875,0.4583333333333333,0.4791666666666667
343,1,8,2,32400,62,0.0019135802469135803,14.5,0.32727272727272727,0.24193548387096775
343,1,9,0,32400,114,0.0035185185185185185,37.64912414550781,0.4423076923076923,0.4473684210526316
343,1,9,1,32400,50,0.0015432098765432098,18.260000228881836,0.3125,0.24
343,1,9,2,32400,67,0.002067901234567901,24.97014808654785,0.3709677419354839,0.31343283582089554
343,1,10,0,32400,119,0.0036728395061728395,44.11764907836914,0.4298245614035088,0.5546218487394958
343,1,10,1,32400,39,0.0012037037037037038,27.25641441345215,0.26,0.28205128205128205
343,1,10,2,32400,58,0.0017901234567901235,30.948280334472656,0.22388059701492538,0.3103448275862069
343,1,11,0,32400,122,0.003765432098765432,27.295080184936523,0.47058823529411764,0.5491803278688525
343,1,11,1,32400,35,0.0010802469135802468,22.285715103149414,0.3333333333333333,0.37142857142857144
343,1,11,2,32400,70,0.0021604938271604936,23.328571319580078,0.3448275862068966,0.32857142857142857
343,1,12,0,32400,102,0.003148148148148148,35.51960754394531,0.3770491803278688,0.47058823529411764
343,1,12,1,32400,36,0.0011111111111111111,30.69444465637207,0.2857142857142857,0.4166666666666667
343,1,12,2,32400,60,0.001851851851851852,29.733333587646484,0.21428571428571427,0.36666666666666664
343,1,13,0,32400,114,0.0035185185185185185,33.052635192871094,0.5,0.5
343,1,13,1,32400,30,0.000925925925925926,34.76667404174805,0.3611111111111111,0.3333333333333333
343,1,13,2,32400,42,0.0012962962962962963,28.42857551574707,0.26666666666666666,0.30952380952380953
343,1,14,0,32400,103,0.0031790123456790125,16.058252334594727,0.41228070175438597,0.36893203883495146
343,1,14,1,32400,47,0.0014506172839506173,26.851062774658203,0.4,0.48936170212765956
343,1,14,2,32400,45,0.001388888888888889,9.222222328186035,0.23809523809523808,0.2222222222222222
343,1,15,0,32400,99,0.0030555555555555557,17.090909957885742,0.36893203883495146,0.31313131313131315
343,1,15,1,32400,34,0.0010493827160493827,23.352941513061523,0.3617021276595745,0.4411764705882353
343,1,15,2,32400,65,0.002006172839506173,22.86153793334961,0.28888888888888886,0.38461538461538464
343,1,16,0,32400,107,0.0033024691358024692,39.074764251708984,0.42424242424242425,0.4672897196261682
343,1,16,1,32400,39,0.0012037037037037038,34.0512809753418,0.4117647058823529,0.3333333333333333
343,1,16,2,32400,39,0.0012037037037037038,24.307693481445312,0.16923076923076924,0.3333333333333333
343,1,17,0,32400,119,0.0036728395061728395,31.546220779418945,0.3925233644859813,0.3025210084033613
343,1,17,1,32400,40,0.0012345679012345679,34.79999923706055,0.3076923076923077,0.325
343,1,17,2,32400,64,0.0019753086419753087,46.734375,0.4358974358974359,0.296875
343,1,18,0,32400,126,0.0038888888888888888,20.563493728637695,0.42016806722689076,0.47619047619047616
343,1,18,1,32400,41,0.0012654320987654322,25.121950149536133,0.375,0.36585365853658536
343,1,18,2,32400,73,0.0022530864197530865,17.041095733642578,0.359375,0.3972602739726027
343,1,19,0,32400,121,0.0037345679012345677,22.033056259155273,0.4523809523809524,0.39669421487603307
343,1,19,1,32400,42,0.0012962962962962963,17.5,0.36585365853658536,0.40476190476190477
343,1,19,2,32400,66,0.002037037037037037,12.878787994384766,0.2876712328767123,0.42424242424242425
343,1,20,0,32400,137,0.004228395061728395,18.029197692871094,0.4297520661157025,0.4233576642335766
343,1,20,1,32400,49,0.0015123456790123457,17.387754440307617,0.42857142857142855,0.3469387755102041
343,1,20,2,32400,72,0.0022222222222222222,22.27777862548828,0.2727272727272727,0.2916666666666667
343,1,21,0,32400,147,0.004537037037037037,33.42176818847656,0.49635036496350365,0.4489795918367347
343,1,21,1,32400,50,0.0015432098765432098,24.899999618530273,0.2857142857142857,0.32
343,1,21,2,32400,80,0.0024691358024691358,28.59999656677246,0.4027777777777778,0.375
343,1,22,0,32400,131,0.00404320987654321,30.694656372070312,0.4217687074829932,0.4351145038167939
343,1,22,1,32400,60,0.001851851851851852,29.08333396911621,0.36,0.38333333333333336
343,1,22,2,32400,63,0.0019444444444444444,28.30158805847168,0.35,0.3968253968253968
343,1,23,0,32400,110,0.0033950617283950617,20.718181610107422,0.3893129770992366,0.36363636363636365
343,1,23,1,32400,45,0.001388888888888889,22.133333206176758,0.3333333333333333,0.4222222222222222
343,1,23,2,32400,60,0.001851851851851852,23.983335494995117,0.38095238095238093,0.31666666666666665
343,1,24,0,32400,115,0.0035493827160493828,28.27825927734375,0.4636363636363636,0.5391304347826087
343,1,24,1,32400,22,0.0006790123456790123,22.86363983154297,0.17777777777777778,0.09090909090909091
343,1,24,2,32400,59,0.0018209876543209876,19.74576187133789,0.35,0.4067796610169492
343,1,25,0,32400,130,0.004012345679012346,26.753847122192383,0.48695652173913045,0.5307692307692308
343,1,25,1,32400,31,0.0009567901234567902,37.41935348510742,0.36363636363636365,0.22580645161290322
343,1,25,2,32400,62,0.0019135802469135803,28.483869552612305,0.3559322033898305,0.532258064516129
343,1,26,0,32400,106,0.003271604938271605,67.39622497558594,0.45384615384615384,0.5377358490566038
343,1,26,1,32400,35,0.0010802469135802468,92.17143249511719,0.3225806451612903,0.14285714285714285
343,1,26,2,32400,66,0.002037037037037037,29.530303955078125,0.41935483870967744,0.5151515151515151
343,1,27,0,32400,129,0.003981481481481482,28.503875732421875,0.4811320754716981,0.5271317829457365
343,1,27,1,32400,32,0.0009876543209876543,29.625,0.2857142857142857,0.28125
343,1,27,2,32400,68,0.0020987654320987655,20.77941131591797,0.30303030303030304,0.4117647058823529
343,1,28,0,32400,112,0.0034567901234567903,36.517860412597656,0.3875968992248062,0.4375
343,1,28,1,32400,29,0.0008950617283950618,31.79309844970703,0.28125,0.10344827586206896
343,1,28,2,32400,70,0.0021604938271604936,28.542858123779297,0.38235294117647056,0.4857142857142857
343,1,29,0,32400,144,0.0044444444444444444,42.21527862548828,0.45535714285714285,0.4583333333333333
343,1,29,1,32400,23,0.0007098765432098765,57.60869598388672,0.27586206896551724,0.13043478260869565
343,1,29,2,32400,71,0.002191358024691358,31.54929542541504,0.35714285714285715,0.43661971830985913
343,1,30,0,32400,114,0.0035185185185185185,33.75438690185547,0.3541666666666667,0.40350877192982454
343,1,30,1,32400,29,0.0008950617283950618,25.1379337310791,0.21739130434782608,0.3103448275862069
343,1,30,2,32400,51,0.001574074074074074,31.78431510925293,0.22535211267605634,0.39215686274509803
343,1,31,0,32400,136,0.004197530864197531,29.40441131591797,0.4473684210526316,0.4485294117647059
343,1,31,1,32400,33,0.0010185185185185184,14.12121295928955,0.20689655172413793,0.2727272727272727
343,1,31,2,32400,68,0.0020987654320987655,25.691177368164062,0.43137254901960786,0.4117647058823529
343,1,32,0,32400,138,0.0042592592592592595,31.68115997314453,0.45588235294117646,0.572463768115942
343,1,32,1,32400,46,0.001419753086419753,35.71739196777344,0.45454545454545453,0.391304347826087
343,1,32,2,32400,71,0.002191358024691358,19.63380241394043,0.27941176470588236,0.43661971830985913
343,1,33,0,32400,148,0.004567901234567902,12.108108520507812,0.42028985507246375,0.44594594594594594
343,1,33,1,32400,36,0.0011111111111111111,24.194440841674805,0.2826086956521739,0.3055555555555556
343,1,33,2,32400,63,0.0019444444444444444,12.95238208770752,0.36619718309859156,0.36507936507936506
343,1,34,0,32400,142,0.004382716049382716,25.647886276245117,0.3581081081081081,0.38028169014084506
343,1,34,1,32400,31,0.0009567901234567902,15.967741012573242,0.3333333333333333,0.16129032258064516
343,1,34,2,32400,67,0.002067901234567901,23.35820770263672,0.2857142857142857,0.29850746268656714
343,1,35,0,32400,136,0.004197530864197531,31.705883026123047,0.38028169014084506,0.375
343,1,35,1,32400,27,0.0008333333333333334,32.74074172973633,0.25806451612903225,0.18518518518518517
343,1,35,2,32400,72,0.0022222222222222222,31.09722328186035,0.29850746268656714,0.4722222222222222
343,2,1,0,32400,100,0.0030864197530864196,26.10999870300293,-1.0,0.42
343,2,1,1,32400,35,0.0010802469135802468,21.142854690551758,-1.0,0.4
343,2,1,2,32400,44,0.0013580246913580246,33.65909194946289,-1.0,0.1590909090909091
343,2,2,0,32400,89,0.0027469135802469136,26.876401901245117,0.37,0.43820224719101125
343,2,2,1,32400,42,0.0012962962962962963,31.35714340209961,0.4,0.2619047619047619
343,2,2,2,32400,56,0.0017283950617283952,31.303569793701172,0.3409090909090909,0.23214285714285715
343,2,3,0,32400,97,0.002993827160493827,14.309277534484863,0.42696629213483145,0.44329896907216493
343,2,3,1,32400,35,0.0010802469135802468,24.457143783569336,0.38095238095238093,0.2571428571428571
343,2,3,2,32400,63,0.0019444444444444444,23.253969192504883,0.25,0.25396825396825395
343,2,4,0,32400,92,0.002839506172839506,29.076087951660156,0.35051546391752575,0.32608695652173914
343,2,4,1,32400,41,0.0012654320987654322,40.53657913208008,0.42857142857142855,0.34146341463414637
343,2,4,2,32400,62,0.0019135802469135803,27.016128540039062,0.25396825396825395,0.3064516129032258
343,2,5,0,32400,101,0.003117283950617284,30.2772274017334,0.32608695652173914,0.46534653465346537
343,2,5,1,32400,47,0.0014506172839506173,42.17021560668945,0.43902439024390244,0.44680851063829785
343,2,5,2,32400,69,0.0021296296296296298,29.5797119140625,0.27419354838709675,0.2898550724637681
343,2,6,0,32400,108,0.0033333333333333335,20.509260177612305,0.42574257425742573,0.4074074074074074
343,2,6,1,32400,46,0.001419753086419753,17.95652198791504,0.3617021276595745,0.2826086956521739
343,2,6,2,32400,56,0.0017283950617283952,22.767854690551758,0.2608695652173913,0.375
343,2,7,0,32400,94,0.0029012345679012346,18.212764739990234,0.37037037037037035,0.3617021276595745
343,2,7,1,32400,48,0.0014814814814814814,19.916667938232422,0.2391304347826087,0.3541666666666667
343,2,7,2,32400,55,0.0016975308641975309,20.3454532623291,0.30357142857142855,0.21818181818181817
343,2,8,0,32400,104,0.0032098765432098763,31.298078536987305,0.4574468085106383,0.4230769230769231
343,2,8,1,32400,48,0.0014814814814814814,35.687503814697266,0.4583333333333333,0.4791666666666667
343,2,8,2,32400,62,0.0019135802469135803,16.967741012573242,0.32727272727272727,0.24193548387096775
343,2,9,0,32400,114,0.0035185185185185185,22.771930694580078,0.4423076923076923,0.4473684210526316
343,2,9,1,32400,50,0.0015432098765432098,20.900001525878906,0.3125,0.24
343,2,9,2,32400,67,0.002067901234567901,35.149253845214844,0.3709677419354839,0.31343283582089554
343,2,10,0,32400,119,0.0036728395061728395,23.100841522216797,0.4298245614035088,0.5546218487394958
343,2,10,1,32400,39,0.0012037037037037038,22.28205108642578,0.26,0.28205128205128205
343,2,10,2,32400,58,0.0017901234567901235,26.086206436157227,0.22388059701492538,0.3103448275862069
343,2,11,0,32400,122,0.003765432098765432,27.35245704650879,0.47058823529411764,0.5491803278688525
343,2,11,1,32400,35,0.0010802469135802468,24.428571701049805,0.3333333333333333,0.37142857142857144
343,2,11,2,32400,70,0.0021604938271604936,21.27142906188965,0.3448275862068966,0.32857142857142857
343,2,12,0,32400,102,0.003148148148148148,21.72549057006836,0.3770491803278688,0.47058823529411764
343,2,12,1,32400,36,0.0011111111111111111,34.47222137451172,0.2857142857142857,0.4166666666666667
343,2,12,2,32400,60,0.001851851851851852,32.44999694824219,0.21428571428571427,0.36666666666666664
343,2,13,0,32400,114,0.0035185185185185185,31.289474487304688,0.5,0.5
343,2,13,1,32400,30,0.000925925925925926,26.63333511352539,0.3611111111111111,0.3333333333333333
343,2,13,2,32400,42,0.0012962962962962963,63.38095474243164,0.26666666666666666,0.30952380952380953
343,2,14,0,32400,103,0.0031790123456790125,39.90291213989258,0.41228070175438597,0.36893203883495146
343,2,14,1,32400,47,0.0014506172839506173,40.06382751464844,0.4,0.48936170212765956
343,2,14,2,32400,45,0.001388888888888889,50.4444465637207,0.23809523809523808,0.2222222222222222
343,2,15,0,32400,99,0.0030555555555555557,33.98989486694336,0.36893203883495146,0.31313131313131315
343,2,15,1,32400,34,0.0010493827160493827,43.55881881713867,0.3617021276595745,0.4411764705882353
343,2,15,2,32400,65,0.002006172839506173,48.06153869628906,0.28888888888888886,0.38461538461538464
343,2,16,0,32400,107,0.0033024691358024692,31.467288970947266,0.42424242424242425,0.4672897196261682
343,2,16,1,32400,39,0.0012037037037037038,38.0512809753418,0.4117647058823529,0.3333333333333333
343,2,16,2,32400,39,0.0012037037037037038,23.28205108642578,0.16923076923076924,0.3333333333333333
343,2,17,0,32400,119,0.0036728395061728395,37.22689437866211,0.3925233644859813,0.3025210084033613
343,2,17,1,32400,40,0.0012345679012345679,43.30000305175781,0.3076923076923077,0.325
343,2,17,2,32400,64,0.0019753086419753087,31.156253814697266,0.4358974358974359,0.296875
343,2,18,0,32400,126,0.0038888888888888888,20.976192474365234,0.42016806722689076,0.47619047619047616
343,2,18,1,32400,41,0.0012654320987654322,15.048779487609863,0.375,0.36585365853658536
343,2,18,2,32400,73,0.0022530864197530865,14.643835067749023,0.359375,0.3972602739726027
343,2,19,0,32400,121,0.0037345679012345677,23.6942138671875,0.4523809523809524,0.39669421487603307
343,2,19,1,32400,42,0.0012962962962962963,35.714290618896484,0.36585365853658536,0.40476190476190477
343,2,19,2,32400,66,0.002037037037037037,30.72727394104004,0.2876712328767123,0.42424242424242425
343,2,20,0,32400,137,0.004228395061728395,20.61313819885254,0.4297520661157025,0.4233576642335766
343,2,20,1,32400,49,0.0015123456790123457,29.81632423400879,0.42857142857142855,0.3469387755102041
343,2,20,2,32400,72,0.0022222222222222222,18.98611068725586,0.2727272727272727,0.2916666666666667
343,2,21,0,32400,147,0.004537037037037037,16.448978424072266,0.49635036496350365,0.4489795918367347
343,2,21,1,32400,50,0.0015432098765432098,13.679999351501465,0.2857142857142857,0.32
343,2,21,2,32400,80,0.0024691358024691358,12.0,0.4027777777777778,0.375
343,2,22,0,32400,131,0.00404320987654321,27.832061767578125,0.4217687074829932,0.4351145038167939
343,2,22,1,32400,60,0.001851851851851852,26.783334732055664,0.36,0.38333333333333336
343,2,22,2,32400,63,0.0019444444444444444,27.063493728637695,0.35,0.3968253968253968
343,2,23,0,32400,110,0.0033950617283950617,33.554542541503906,0.3893129770992366,0.36363636363636365
343,2,23,1,32400,45,0.001388888888888889,37.4444465637207,0.3333333333333333,0.4222222222222222
343,2,23,2,32400,60,0.001851851851851852,29.900001525878906,0.38095238095238093,0.31666666666666665
343,2,24,0,32400,115,0.0035493827160493828,31.034780502319336,0.4636363636363636,0.5391304347826087
343,2,24,1,32400,22,0.0006790123456790123,36.999996185302734,0.17777777777777778,0.09090909090909091
343,2,24,2,32400,59,0.0018209876543209876,34.3220329284668,0.35,0.4067796610169492
343,2,25,0,32400,130,0.004012345679012346,38.423072814941406,0.48695652173913045,0.5307692307692308
343,2,25,1,32400,31,0.0009567901234567902,45.96773147583008,0.36363636363636365,0.22580645161290322
343,2,25,2,32400,62,0.0019135802469135803,35.999996185302734,0.3559322033898305,0.532258064516129
343,2,26,0,32400,106,0.003271604938271605,41.50943374633789,0.45384615384615384,0.5377358490566038
343,2,26,1,32400,35,0.0010802469135802468,76.25714874267578,0.3225806451612903,0.14285714285714285
343,2,26,2,32400,66,0.002037037037037037,16.31818199157715,0.41935483870967744,0.5151515151515151
343,2,27,0,32400,129,0.003981481481481482,18.976743698120117,0.4811320754716981,0.5271317829457365
343,2,27,1,32400,32,0.0009876543209876543,18.59375,0.2857142857142857,0.28125
343,2,27,2,32400,68,0.0020987654320987655,14.75,0.30303030303030304,0.4117647058823529
343,2,28,0,32400,112,0.0034567901234567903,20.946430206298828,0.3875968992248062,0.4375
343,2,28,1,32400,29,0.0008950617283950618,42.55172348022461,0.28125,0.10344827586206896
343,2,28,2,32400,70,0.0021604938271604936,20.41428565979004,0.38235294117647056,0.4857142857142857
343,2,29,0,32400,144,0.0044444444444444444,56.83333206176758,0.45535714285714285,0.4583333333333333
343,2,29,1,32400,23,0.0007098765432098765,44.26087188720703,0.27586206896551724,0.13043478260869565
343,2,29,2,32400,71,0.002191358024691358,65.54930114746094,0.35714285714285715,0.43661971830985913
343,2,30,0,32400,114,0.0035185185185185185,30.929824829101562,0.3541666666666667,0.40350877192982454
343,2,30,1,32400,29,0.0008950617283950618,23.965517044067383,0.21739130434782608,0.3103448275862069
343,2,30,2,32400,51,0.001574074074074074,16.352941513061523,0.22535211267605634,0.39215686274509803
343,2,31,0,32400,136,0.004197530864197531,15.985294342041016,0.4473684210526316,0.4485294117647059
343,2,31,1,32400,33,0.0010185185185185184,14.0,0.20689655172413793,0.2727272727272727
343,2,31,2,32400,68,0.0020987654320987655,21.191177368164062,0.43137254901960786,0.4117647058823529
343,2,32,0,32400,138,0.0042592592592592595,29.144927978515625,0.45588235294117646,0.572463768115942
343,2,32,1,32400,46,0.001419753086419753,30.282609939575195,0.45454545454545453,0.391304347826087
343,2,32,2,32400,71,0.002191358024691358,29.53521156311035,0.27941176470588236,0.43661971830985913
343,2,33,0,32400,148,0.004567901234567902,32.77027130126953,0.42028985507246375,0.44594594594594594
343,2,33,1,32400,36,0.0011111111111111111,20.19444465637207,0.2826086956521739,0.3055555555555556
343,2,33,2,32400,63,0.0019444444444444444,24.761905670166016,0.36619718309859156,0.36507936507936506
343,2,34,0,32400,142,0.004382716049382716,38.6338005065918,0.3581081081081081,0.38028169014084506
343,2,34,1,32400,31,0.0009567901234567902,26.677419662475586,0.3333333333333333,0.16129032258064516
343,2,34,2,32400,67,0.002067901234567901,38.71641540527344,0.2857142857142857,0.29850746268656714
343,2,35,0,32400,136,0.004197530864197531,22.522058486938477,0.38028169014084506,0.375
343,2,35,1,32400,27,0.0008333333333333334,14.629630088806152,0.25806451612903225,0.18518518518518517
343,2,35,2,32400,72,0.0022222222222222222,16.45833396911621,0.29850746268656714,0.4722222222222222
343,3,1,0,32400,100,0.0030864197530864196,23.60999870300293,-1.0,0.42
343,3,1,1,32400,35,0.0010802469135802468,32.71428680419922,-1.0,0.4
343,3,1,2,32400,44,0.0013580246913580246,19.318180084228516,-1.0,0.1590909090909091
343,3,2,0,32400,89,0.0027469135802469136,22.426965713500977,0.37,0.43820224719101125
343,3,2,1,32400,42,0.0012962962962962963,19.595237731933594,0.4,0.2619047619047619
343,3,2,2,32400,56,0.0017283950617283952,21.33928680419922,0.3409090909090909,0.23214285714285715
343,3,3,0,32400,97,0.002993827160493827,19.98969078063965,0.42696629213483145,0.44329896907216493
343,3,3,1,32400,35,0.0010802469135802468,21.114286422729492,0.38095238095238093,0.2571428571428571
343,3,3,2,32400,63,0.0019444444444444444,13.98412799835205,0.25,0.25396825396825395
343,3,4,0,32400,92,0.002839506172839506,31.130435943603516,0.35051546391752575,0.32608695652173914
343,3,4,1,32400,41,0.0012654320987654322,24.658538818359375,0.42857142857142855,0.34146341463414637
343,3,4,2,32400,62,0.0019135802469135803,30.822580337524414,0.25396825396825395,0.3064516129032258
343,3,5,0,32400,101,0.003117283950617284,34.029701232910156,0.32608695652173914,0.46534653465346537
343,3,5,1,32400,47,0.0014506172839506173,49.59573745727539,0.43902439024390244,0.44680851063829785
343,3,5,2,32400,69,0.0021296296296296298,33.246376037597656,0.27419354838709675,0.2898550724637681
343,3,6,0,32400,108,0.0033333333333333335,33.91666793823242,0.42574257425742573,0.4074074074074074
343,3,6,1,32400,46,0.001419753086419753,57.304344177246094,0.3617021276595745,0.2826086956521739
343,3,6,2,32400,56,0.0017283950617283952,30.982141494750977,0.2608695652173913,0.375
343,3,7,0,32400,94,0.0029012345679012346,36.968082427978516,0.37037037037037035,0.3617021276595745
343,3,7,1,32400,48,0.0014814814814814814,37.229164123535156,0.2391304347826087,0.3541666666666667
343,3,7,2,32400,55,0.0016975308641975309,29.690908432006836,0.30357142857142855,0.21818181818181817
343,3,8,0,32400,104,0.0032098765432098763,43.1634635925293,0.4574468085106383,0.4230769230769231
343,3,8,1,32400,48,0.0014814814814814814,89.35417175292969,0.4583333333333333,0.4791666666666667
343,3,8,2,32400,62,0.0019135802469135803,22.70967674255371,0.32727272727272727,0.24193548387096775
343,3,9,0,32400,114,0.0035185185185185185,21.38596534729004,0.4423076923076923,0.4473684210526316
343,3,9,1,32400,50,0.0015432098765432098,26.279996871948242,0.3125,0.24
343,3,9,2,32400,67,0.002067901234567901,15.731343269348145,0.3709677419354839,0.31343283582089554
343,3,10,0,32400,119,0.0036728395061728395,38.83193588256836,0.4298245614035088,0.5546218487394958
343,3,10,1,32400,39,0.0012037037037037038,30.0256404876709,0.26,0.28205128205128205
343,3,10,2,32400,58,0.0017901234567901235,19.258621215820312,0.22388059701492538,0.3103448275862069
343,3,11,0,32400,122,0.003765432098765432,24.54098129272461,0.47058823529411764,0.5491803278688525
343,3,11,1,32400,35,0.0010802469135802468,19.371429443359375,0.3333333333333333,0.37142857142857144
343,3,11,2,32400,70,0.0021604938271604936,24.44285774230957,0.3448275862068966,0.32857142857142857
343,3,12,0,32400,102,0.003148148148148148,24.382354736328125,0.3770491803278688,0.47058823529411764
343,3,12,1,32400,36,0.0011111111111111111,21.19444465637207,0.2857142857142857,0.4166666666666667
343,3,12,2,32400,60,0.001851851851851852,28.500001907348633,0.21428571428571427,0.36666666666666664
343,3,13,0,32400,114,0.0035185185185185185,26.894737243652344,0.5,0.5
343,3,13,1,32400,30,0.000925925925925926,30.13333511352539,0.3611111111111111,0.3333333333333333
343,3,13,2,32400,42,0.0012962962962962963,26.261905670166016,0.26666666666666666,0.30952380952380953
343,3,14,0,32400,103,0.0031790123456790125,43.514564514160156,0.41228070175438597,0.36893203883495146
343,3,14,1,32400,47,0.0014506172839506173,40.5106315612793,0.4,0.48936170212765956
343,3,14,2,32400,45,0.001388888888888889,71.57776641845703,0.23809523809523808,0.2222222222222222
343,3,15,0,32400,99,0.0030555555555555557,34.7575798034668,0.36893203883495146,0.31313131313131315
343,3,15,1,32400,34,0.0010493827160493827,30.382352828979492,0.3617021276595745,0.4411764705882353
343,3,15,2,32400,65,0.002006172839506173,20.553850173950195,0.28888888888888886,0.38461538461538464
343,3,16,0,32400,107,0.0033024691358024692,19.280372619628906,0.42424242424242425,0.4672897196261682
343,3,16,1,32400,39,0.0012037037037037038,14.076923370361328,0.4117647058823529,0.3333333333333333
343,3,16,2,32400,39,0.0012037037037037038,18.0256404876709,0.16923076923076924,0.3333333333333333
343,3,17,0,32400,119,0.0036728395061728395,22.218488693237305,0.3925233644859813,0.3025210084033613
343,3,17,1,32400,40,0.0012345679012345679,17.149999618530273,0.3076923076923077,0.325
343,3,17,2,32400,64,0.0019753086419753087,19.234375,0.4358974358974359,0.296875
343,3,18,0,32400,126,0.0038888888888888888,17.484127044677734,0.42016806722689076,0.47619047619047616
343,3,18,1,32400,41,0.0012654320987654322,26.121950149536133,0.375,0.36585365853658536
343,3,18,2,32400,73,0.0022530864197530865,25.20547866821289,0.359375,0.3972602739726027
343,3,19,0,32400,121,0.0037345679012345677,30.570249557495117,0.4523809523809524,0.39669421487603307
343,3,19,1,32400,42,0.0012962962962962963,21.761905670166016,0.36585365853658536,0.40476190476190477
343,3,19,2,32400,66,0.002037037037037037,28.424243927001953,0.2876712328767123,0.42424242424242425
343,3,20,0,32400,137,0.004228395061728395,36.58393859863281,0.4297520661157025,0.4233576642335766
343,3,20,1,32400,49,0.0015123456790123457,11.73469352722168,0.42857142857142855,0.3469387755102041
343,3,20,2,32400,72,0.0022222222222222222,19.97222328186035,0.2727272727272727,0.2916666666666667
343,3,21,0,32400,147,0.004537037037037037,59.73469161987305,0.49635036496350365,0.4489795918367347
343,3,21,1,32400,50,0.0015432098765432098,37.880001068115234,0.2857142857142857,0.32
343,3,21,2,32400,80,0.0024691358024691358,38.38750076293945,0.4027777777777778,0.375
343,3,22,0,32400,131,0.00404320987654321,20.35877799987793,0.4217687074829932,0.4351145038167939
343,3,22,1,32400,60,0.001851851851851852,6.883333683013916,0.36,0.38333333333333336
343,3,22,2,32400,63,0.0019444444444444444,24.60317611694336,0.35,0.3968253968253968
343,3,23,0,32400,110,0.0033950617283950617,33.599998474121094,0.3893129770992366,0.36363636363636365
343,3,23,1,32400,45,0.001388888888888889,45.82222366333008,0.3333333333333333,0.4222222222222222
343,3,23,2,32400,60,0.001851851851851852,39.500003814697266,0.38095238095238093,0.31666666666666665
343,3,24,0,32400,115,0.0035493827160493828,14.634781837463379,0.4636363636363636,0.5391304347826087
343,3,24,1,32400,22,0.0006790123456790123,22.727275848388672,0.17777777777777778,0.09090909090909091
343,3,24,2,32400,59,0.0018209876543209876,12.406779289245605,0.35,0.4067796610169492
343,3,25,0,32400,130,0.004012345679012346,19.507692337036133,0.48695652173913045,0.5307692307692308
343,3,25,1,32400,31,0.0009567901234567902,20.677419662475586,0.36363636363636365,0.22580645161290322
343,3,25,2,32400,62,0.0019135802469135803,31.5,0.3559322033898305,0.532258064516129
343,3,26,0,32400,106,0.003271604938271605,17.0,0.45384615384615384,0.5377358490566038
343,3,26,1,32400,35,0.0010802469135802468,11.314285278320312,0.3225806451612903,0.14285714285714285
343,3,26,2,32400,66,0.002037037037037037,14.909090995788574,0.41935483870967744,0.5151515151515151
343,3,27,0,32400,129,0.003981481481481482,29.837209701538086,0.4811320754716981,0.5271317829457365
343,3,27,1,32400,32,0.0009876543209876543,23.1875,0.2857142857142857,0.28125
343,3,27,2,32400,68,0.0020987654320987655,19.397058486938477,0.30303030303030304,0.4117647058823529
343,3,28,0,32400,112,0.0034567901234567903,24.000001907348633,0.3875968992248062,0.4375
343,3,28,1,32400,29,0.0008950617283950618,18.689653396606445,0.28125,0.10344827586206896
343,3,28,2,32400,70,0.0021604938271604936,27.55714225769043,0.38235294117647056,0.4857142857142857
343,3,29,0,32400,144,0.0044444444444444444,29.52083396911621,0.45535714285714285,0.4583333333333333
343,3,29,1,32400,23,0.0007098765432098765,20.2608699798584,0.27586206896551724,0.13043478260869565
343,3,29,2,32400,71,0.002191358024691358,22.35211181640625,0.35714285714285715,0.43661971830985913
343,3,30,0,32400,114,0.0035185185185185185,30.13157844543457,0.3541666666666667,0.40350877192982454
343,3,30,1,32400,29,0.0008950617283950618,20.0,0.21739130434782608,0.3103448275862069
343,3,30,2,32400,51,0.001574074074074074,17.13725471496582,0.22535211267605634,0.39215686274509803
343,3,31,0,32400,136,0.004197530864197531,19.05882453918457,0.4473684210526316,0.4485294117647059
343,3,31,1,32400,33,0.0010185185185185184,11.333333969116211,0.20689655172413793,0.2727272727272727
343,3,31,2,32400,68,0.0020987654320987655,14.117646217346191,0.43137254901960786,0.4117647058823529
343,3,32,0,32400,138,0.0042592592592592595,43.91304397583008,0.45588235294117646,0.572463768115942
343,3,32,1,32400,46,0.001419753086419753,41.93478775024414,0.45454545454545453,0.391304347826087
343,3,32,2,32400,71,0.002191358024691358,77.0,0.27941176470588236,0.43661971830985913
343,3,33,0,32400,148,0.004567901234567902,42.283782958984375,0.42028985507246375,0.44594594594594594
343,3,33,1,32400,36,0.0011111111111111111,24.69444465637207,0.2826086956521739,0.3055555555555556
343,3,33,2,32400,63,0.0019444444444444444,32.34920883178711,0.36619718309859156,0.36507936507936506
343,3,34,0,32400,142,0.004382716049382716,58.0,0.3581081081081081,0.38028169014084506
343,3,34,1,32400,31,0.0009567901234567902,163.1935577392578,0.3333333333333333,0.16129032258064516
343,3,34,2,32400,67,0.002067901234567901,129.37313842773438,0.2857142857142857,0.29850746268656714
343,3,35,0,32400,136,0.004197530864197531,45.93382263183594,0.38028169014084506,0.375
343,3,35,1,32400,27,0.0008333333333333334,38.77777862548828,0.25806451612903225,0.18518518518518517
343,3,35,2,32400,72,0.0022222222222222222,41.65277862548828,0.29850746268656714,0.4722222222222222
344,0,1,0,32400,89,0.0027469135802469136,33.34831619262695,-1.0,0.43820224719101125
344,0,1,1,32400,42,0.0012962962962962963,24.642858505249023,-1.0,0.2619047619047619
344,0,1,2,32400,56,0.0017283950617283952,24.535715103149414,-1.0,0.23214285714285715
344,0,2,0,32400,97,0.002993827160493827,30.587627410888672,0.42696629213483145,0.44329896907216493
344,0,2,1,32400,35,0.0010802469135802468,23.685714721679688,0.38095238095238093,0.2571428571428571
344,0,2,2,32400,63,0.0019444444444444444,34.15873336791992,0.25,0.25396825396825395
344,0,3,0,32400,92,0.002839506172839506,14.510869979858398,0.35051546391752575,0.32608695652173914
344,0,3,1,32400,41,0.0012654320987654322,18.853656768798828,0.42857142857142855,0.34146341463414637
344,0,3,2,32400,62,0.0019135802469135803,18.435483932495117,0.25396825396825395,0.3064516129032258
344,0,4,0,32400,101,0.003117283950617284,33.95049285888672,0.32608695652173914,0.46534653465346537
344,0,4,1,32400,47,0.0014506172839506173,18.936168670654297,0.43902439024390244,0.44680851063829785
344,0,4,2,32400,69,0.0021296296296296298,36.826087951660156,0.27419354838709675,0.2898550724637681
344,0,5,0,32400,108,0.0033333333333333335,34.35185241699219,0.42574257425742573,0.4074074074074074
344,0,5,1,32400,46,0.001419753086419753,22.282609939575195,0.3617021276595745,0.2826086956521739
344,0,5,2,32400,56,0.0017283950617283952,34.42857360839844,0.2608695652173913,0.375
344,0,6,0,32400,94,0.0029012345679012346,10.968084335327148,0.37037037037037035,0.3617021276595745
344,0,6,1,32400,48,0.0014814814814814814,31.20833396911621,0.2391304347826087,0.3541666666666667
344,0,6,2,32400,55,0.0016975308641975309,20.563634872436523,0.30357142857142855,0.21818181818181817
344,0,7,0,32400,104,0.0032098765432098763,23.778852462768555,0.4574468085106383,0.4230769230769231
344,0,7,1,32400,48,0.0014814814814814814,20.875003814697266,0.4583333333333333,0.4791666666666667
344,0,7,2,32400,62,0.0019135802469135803,16.080646514892578,0.32727272727272727,0.24193548387096775
344,0,8,0,32400,114,0.0035185185185185185,20.14912223815918,0.4423076923076923,0.4473684210526316
344,0,8,1,32400,50,0.0015432098765432098,19.600000381469727,0.3125,0.24
344,0,8,2,32400,67,0.002067901234567901,19.55223846435547,0.3709677419354839,0.31343283582089554
344,0,9,0,32400,119,0.0036728395061728395,38.697479248046875,0.4298245614035088,0.5546218487394958
344,0,9,1,32400,39,0.0012037037037037038,49.25640869140625,0.26,0.28205128205128205
344,0,9,2,32400,58,0.0017901234567901235,24.586206436157227,0.22388059701492538,0.3103448275862069
344,0,10,0,32400,122,0.003765432098765432,19.21311378479004,0.47058823529411764,0.5491803278688525
344,0,10,1,32400,35,0.0010802469135802468,29.685714721679688,0.3333333333333333,0.37142857142857144
344,0,10,2,32400,70,0.0021604938271604936,21.342857360839844,0.3448275862068966,0.32857142857142857
344,0,11,0,32400,102,0.003148148148148148,30.225486755371094,0.3770491803278688,0.47058823529411764
344,0,11,1,32400,36,0.0011111111111111111,28.861108779907227,0.2857142857142857,0.4166666666666667
344,0,11,2,32400,60,0.001851851851851852,24.76666831970215,0.21428571428571427,0.36666666666666664
344,0,12,0,32400,114,0.0035185185185185185,23.078947067260742,0.5,0.5
344,0,12,1,32400,30,0.000925925925925926,55.56666564941406,0.3611111111111111,0.3333333333333333
344,0,12,2,32400,42,0.0012962962962962963,58.30952072143555,0.26666666666666666,0.30952380952380953
344,0,13,0,32400,103,0.0031790123456790125,28.1456356048584,0.41228070175438597,0.36893203883495146
344,0,13,1,32400,47,0.0014506172839506173,25.042552947998047,0.4,0.48936170212765956
344,0,13,2,32400,45,0.001388888888888889,15.822222709655762,0.23809523809523808,0.2222222222222222
344,0,14,0,32400,99,0.0030555555555555557,23.353534698486328,0.36893203883495146,0.31313131313131315
344,0,14,1,32400,34,0.0010493827160493827,22.294116973876953,0.3617021276595745,0.4411764705882353
344,0,14,2,32400,65,0.002006172839506173,25.44615364074707,0.28888888888888886,0.38461538461538464
344,0,15,0,32400,107,0.0033024691358024692,16.560747146606445,0.42424242424242425,0.4672897196261682
344,0,15,1,32400,39,0.0012037037037037038,42.794864654541016,0.4117647058823529,0.3333333333333333
344,0,15,2,32400,39,0.0012037037037037038,20.282052993774414,0.16923076923076924,0.3333333333333333
344,0,16,0,32400,119,0.0036728395061728395,18.285715103149414,0.3925233644859813,0.3025210084033613
344,0,16,1,32400,40,0.0012345679012345679,14.449999809265137,0.3076923076923077,0.325
344,0,16,2,32400,64,0.0019753086419753087,27.765623092651367,0.4358974358974359,0.296875
344,0,17,0,32400,126,0.0038888888888888888,19.72222328186035,0.42016806722689076,0.47619047619047616
344,0,17,1,32400,41,0.0012654320987654322,24.341463088989258,0.375,0.36585365853658536
344,0,17,2,32400,73,0.0022530864197530865,10.671233177185059,0.359375,0.3972602739726027
344,0,18,0,32400,121,0.0037345679012345677,15.388428688049316,0.4523809523809524,0.39669421487603307
344,0,18,1,32400,42,0.0012962962962962963,24.428571701049805,0.36585365853658536,0.40476190476190477
344,0,18,2,32400,66,0.002037037037037037,9.015151977539062,0.2876712328767123,0.42424242424242425
344,0,19,0,32400,137,0.004228395061728395,28.635040283203125,0.4297520661157025,0.4233576642335766
344,0,19,1,32400,49,0.0015123456790123457,23.489797592163086,0.42857142857142855,0.3469387755102041
344,0,19,2,32400,72,0.0022222222222222222,25.97222328186035,0.2727272727272727,0.2916666666666667
344,0,20,0,32400,147,0.004537037037037037,13.394556999206543,0.49635036496350365,0.4489795918367347
344,0,20,1,32400,50,0.0015432098765432098,25.31999397277832,0.2857142857142857,0.32
344,0,20,2,32400,80,0.0024691358024691358,8.574999809265137,0.4027777777777778,0.375
344,0,21,0,32400,131,0.00404320987654321,43.656490325927734,0.4217687074829932,0.4351145038167939
344,0,21,1,32400,60,0.001851851851851852,21.183334350585938,0.36,0.38333333333333336
344,0,21,2,32400,63,0.0019444444444444444,26.952383041381836,0.35,0.3968253968253968
344,0,22,0,32400,110,0.0033950617283950617,34.9636344909668,0.3893129770992366,0.36363636363636365
344,0,22,1,32400,45,0.001388888888888889,22.422225952148438,0.3333333333333333,0.4222222222222222
344,0,22,2,32400,60,0.001851851851851852,45.10000228881836,0.38095238095238093,0.31666666666666665
344,0,23,0,32400,115,0.0035493827160493828,15.59999942779541,0.4636363636363636,0.5391304347826087
344,0,23,1,32400,22,0.0006790123456790123,21.22727394104004,0.17777777777777778,0.09090909090909091
344,0,23,2,32400,59,0.0018209876543209876,17.13559341430664,0.35,0.4067796610169492
344,0,24,0,32400,130,0.004012345679012346,25.546154022216797,0.48695652173913045,0.5307692307692308
344,0,24,1,32400,31,0.0009567901234567902,43.45161056518555,0.36363636363636365,0.22580645161290322
344,0,24,2,32400,62,0.0019135802469135803,30.75806427001953,0.3559322033898305,0.532258064516129
344,0,25,0,32400,106,0.003271604938271605,26.320755004882812,0.45384615384615384,0.5377358490566038
344,0,25,1,32400,35,0.0010802469135802468,34.54286193847656,0.3225806451612903,0.14285714285714285
344,0,25,2,32400,66,0.002037037037037037,20.363636016845703,0.41935483870967744,0.5151515151515151
344,0,26,0,32400,129,0.003981481481481482,30.83721160888672,0.4811320754716981,0.5271317829457365
344,0,26,1,32400,32,0.0009876543209876543,35.78125,0.2857142857142857,0.28125
344,0,26,2,32400,68,0.0020987654320987655,17.514705657958984,0.30303030303030304,0.4117647058823529
344,0,27,0,32400,112,0.0034567901234567903,30.696430206298828,0.3875968992248062,0.4375
344,0,27,1,32400,29,0.0008950617283950618,29.034482955932617,0.28125,0.10344827586206896
344,0,27,2,32400,70,0.0021604938271604936,44.85714340209961,0.38235294117647056,0.4857142857142857
344,0,28,0,32400,144,0.0044444444444444444,24.71527862548828,0.45535714285714285,0.4583333333333333
344,0,28,1,32400,23,0.0007098765432098765,17.434782028198242,0.27586206896551724,0.13043478260869565
344,0,28,2,32400,71,0.002191358024691358,26.23943519592285,0.35714285714285715,0.43661971830985913
344,0,29,0,32400,114,0.0035185185185185185,31.21929931640625,0.3541666666666667,0.40350877192982454
344,0,29,1,32400,29,0.0008950617283950618,59.310340881347656,0.21739130434782608,0.3103448275862069
344,0,29,2,32400,51,0.001574074074074074,35.999996185302734,0.22535211267605634,0.39215686274509803
344,0,30,0,32400,136,0.004197530864197531,45.889705657958984,0.4473684210526316,0.4485294117647059
344,0,30,1,32400,33,0.0010185185185185184,34.454551696777344,0.20689655172413793,0.2727272727272727
344,0,30,2,32400,68,0.0020987654320987655,20.5294132232666,0.43137254901960786,0.4117647058823529
344,0,31,0,32400,138,0.0042592592592592595,27.405797958374023,0.45588235294117646,0.572463768115942
344,0,31,1,32400,46,0.001419753086419753,19.89130401611328,0.45454545454545453,0.391304347826087
344,0,31,2,32400,71,0.002191358024691358,28.042253494262695,0.27941176470588236,0.43661971830985913
344,0,32,0,32400,148,0.004567901234567902,30.445945739746094,0.42028985507246375,0.44594594594594594
344,0,32,1,32400,36,0.0011111111111111111,23.583335876464844,0.2826086956521739,0.3055555555555556
344,0,32,2,32400,63,0.0019444444444444444,31.26984214782715,0.36619718309859156,0.36507936507936506
344,0,33,0,32400,142,0.004382716049382716,26.880281448364258,0.3581081081081081,0.38028169014084506
344,0,33,1,32400,31,0.0009567901234567902,36.67741775512695,0.3333333333333333,0.16129032258064516
344,0,33,2,32400,67,0.002067901234567901,46.776119232177734,0.2857142857142857,0.29850746268656714
344,0,34,0,32400,136,0.004197530864197531,23.852941513061523,0.38028169014084506,0.375
344,0,34,1,32400,27,0.0008333333333333334,23.33333396911621,0.25806451612903225,0.18518518518518517
344,0,34,2,32400,72,0.0022222222222222222,25.05555534362793,0.29850746268656714,0.4722222222222222
344,0,35,0,32400,142,0.004382716049382716,18.140844345092773,0.4411764705882353,0.5704225352112676
344,0,35,1,32400,32,0.0009876543209876543,17.125,0.2962962962962963,0.3125
344,0,35,2,32400,50,0.0015432098765432098,23.439998626708984,0.2916666666666667,0.22
344,1,1,0,32400,89,0.0027469135802469136,13.550561904907227,-1.0,0.43820224719101125
344,1,1,1,32400,42,0.0012962962962962963,17.761903762817383,-1.0,0.2619047619047619
344,1,1,2,32400,56,0.0017283950617283952,8.25,-1.0,0.23214285714285715
344,1,2,0,32400,97,0.002993827160493827,23.865978240966797,0.42696629213483145,0.44329896907216493
344,1,2,1,32400,35,0.0010802469135802468,14.428571701049805,0.38095238095238093,0.2571428571428571
344,1,2,2,32400,63,0.0019444444444444444,20.63492202758789,0.25,0.25396825396825395
344,1,3,0,32400,92,0.002839506172839506,29.989131927490234,0.35051546391752575,0.32608695652173914
344,1,3,1,32400,41,0.0012654320987654322,27.780487060546875,0.42857142857142855,0.34146341463414637
344,1,3,2,32400,62,0.0019135802469135803,29.548385620117188,0.25396825396825395,0.3064516129032258
344,1,4,0,32400,101,0.003117283950617284,16.554454803466797,0.32608695652173914,0.46534653465346537
344,1,4,1,32400,47,0.0014506172839506173,30.19148826599121,0.43902439024390244,0.44680851063829785
344,1,4,2,32400,69,0.0021296296296296298,27.04347801208496,0.27419354838709675,0.2898550724637681
344,1,5,0,32400,108,0.0033333333333333335,28.351850509643555,0.42574257425742573,0.4074074074074074
344,1,5,1,32400,46,0.001419753086419753,27.630435943603516,0.3617021276595745,0.2826086956521739
344,1,5,2,32400,56,0.0017283950617283952,36.96428298950195,0.2608695652173913,0.375
344,1,6,0,32400,94,0.0029012345679012346,40.14893341064453,0.37037037037037035,0.3617021276595745
344,1,6,1,32400,48,0.0014814814814814814,18.375,0.2391304347826087,0.3541666666666667
344,1,6,2,32400,55,0.0016975308641975309,25.16363525390625,0.30357142857142855,0.21818181818181817
344,1,7,0,32400,104,0.0032098765432098763,50.105770111083984,0.4574468085106383,0.4230769230769231
344,1,7,1,32400,48,0.0014814814814814814,50.54167938232422,0.4583333333333333,0.4791666666666667
344,1,7,2,32400,62,0.0019135802469135803,40.774192810058594,0.32727272727272727,0.24193548387096775
344,1,8,0,32400,114,0.0035185185185185185,18.824562072753906,0.4423076923076923,0.4473684210526316
344,1,8,1,32400,50,0.0015432098765432098,26.81999969482422,0.3125,0.24
344,1,8,2,32400,67,0.002067901234567901,13.373133659362793,0.3709677419354839,0.31343283582089554
344,1,9,0,32400,119,0.0036728395061728395,14.52100944519043,0.4298245614035088,0.5546218487394958
344,1,9,1,32400,39,0.0012037037037037038,19.897436141967773,0.26,0.28205128205128205
344,1,9,2,32400,58,0.0017901234567901235,32.18965148925781,0.22388059701492538,0.3103448275862069
344,1,10,0,32400,122,0.003765432098765432,28.262292861938477,0.47058823529411764,0.5491803278688525
344,1,10,1,32400,35,0.0010802469135802468,31.285715103149414,0.3333333333333333,0.37142857142857144
344,1,10,2,32400,70,0.0021604938271604936,32.74285888671875,0.3448275862068966,0.32857142857142857
344,1,11,0,32400,102,0.003148148148148148,15.950981140136719,0.3770491803278688,0.47058823529411764
344,1,11,1,32400,36,0.0011111111111111111,33.138885498046875,0.2857142857142857,0.4166666666666667
344,1,11,2,32400,60,0.001851851851851852,34.01666259765625,0.21428571428571427,0.36666666666666664
344,1,12,0,32400,114,0.0035185185185185185,34.04386520385742,0.5,0.5
344,1,12,1,32400,30,0.000925925925925926,39.80000686645508,0.3611111111111111,0.3333333333333333
344,1,12,2,32400,42,0.0012962962962962963,23.500001907348633,0.26666666666666666,0.30952380952380953
344,1,13,0,32400,103,0.0031790123456790125,33.32038879394531,0.41228070175438597,0.36893203883495146
344,1,13,1,32400,47,0.0014506172839506173,19.29787254333496,0.4,0.48936170212765956
344,1,13,2,32400,45,0.001388888888888889,29.377779006958008,0.23809523809523808,0.2222222222222222
344,1,14,0,32400,99,0.0030555555555555557,45.949493408203125,0.36893203883495146,0.31313131313131315
344,1,14,1,32400,34,0.0010493827160493827,36.0,0.3617021276595745,0.4411764705882353
344,1,14,2,32400,65,0.002006172839506173,75.18461608886719,0.28888888888888886,0.38461538461538464
344,1,15,0,32400,107,0.0033024691358024692,32.70093536376953,0.42424242424242425,0.4672897196261682
344,1,15,1,32400,39,0.0012037037037037038,20.69230842590332,0.4117647058823529,0.3333333333333333
344,1,15,2,32400,39,0.0012037037037037038,35.43589782714844,0.16923076923076924,0.3333333333333333
344,1,16,0,32400,119,0.0036728395061728395,22.352941513061523,0.3925233644859813,0.3025210084033613
344,1,16,1,32400,40,0.0012345679012345679,21.80000114440918,0.3076923076923077,0.325
344,1,16,2,32400,64,0.0019753086419753087,27.6875,0.4358974358974359,0.296875
344,1,17,0,32400,126,0.0038888888888888888,31.444446563720703,0.42016806722689076,0.47619047619047616
344,1,17,1,32400,41,0.0012654320987654322,34.36585235595703,0.375,0.36585365853658536
344,1,17,2,32400,73,0.0022530864197530865,28.863014221191406,0.359375,0.3972602739726027
344,1,18,0,32400,121,0.0037345679012345677,37.355369567871094,0.4523809523809524,0.39669421487603307
344,1,18,1,32400,42,0.0012962962962962963,35.66666793823242,0.36585365853658536,0.40476190476190477
344,1,18,2,32400,66,0.002037037037037037,35.90909194946289,0.2876712328767123,0.42424242424242425
344,1,19,0,32400,137,0.004228395061728395,24.299270629882812,0.4297520661157025,0.4233576642335766
344,1,19,1,32400,49,0.0015123456790123457,16.816326141357422,0.42857142857142855,0.3469387755102041
344,1,19,2,32400,72,0.0022222222222222222,13.666666984558105,0.2727272727272727,0.2916666666666667
344,1,20,0,32400,147,0.004537037037037037,16.149660110473633,0.49635036496350365,0.4489795918367347
344,1,20,1,32400,50,0.0015432098765432098,16.239999771118164,0.2857142857142857,0.32
344,1,20,2,32400,80,0.0024691358024691358,17.23750114440918,0.4027777777777778,0.375
344,1,21,0,32400,131,0.00404320987654321,27.56488609313965,0.4217687074829932,0.4351145038167939
344,1,21,1,32400,60,0.001851851851851852,53.01667022705078,0.36,0.38333333333333336
344,1,21,2,32400,63,0.0019444444444444444,18.88888931274414,0.35,0.3968253968253968
344,1,22,0,32400,110,0.0033950617283950617,29.327272415161133,0.3893129770992366,0.36363636363636365
344,1,22,1,32400,45,0.001388888888888889,18.955556869506836,0.3333333333333333,0.4222222222222222
344,1,22,2,32400,60,0.001851851851851852,34.35000228881836,0.38095238095238093,0.31666666666666665
344,1,23,0,32400,115,0.0035493827160493828,23.66086769104004,0.4636363636363636,0.5391304347826087
344,1,23,1,32400,22,0.0006790123456790123,18.272727966308594,0.17777777777777778,0.09090909090909091
344,1,23,2,32400,59,0.0018209876543209876,19.542373657226562,0.35,0.4067796610169492
344,1,24,0,32400,130,0.004012345679012346,36.06922912597656,0.48695652173913045,0.5307692307692308
344,1,24,1,32400,31,0.0009567901234567902,37.32257843017578,0.36363636363636365,0.22580645161290322
344,1,24,2,32400,62,0.0019135802469135803,44.54838562011719,0.3559322033898305,0.532258064516129
344,1,25,0,32400,106,0.003271604938271605,50.74528503417969,0.45384615384615384,0.5377358490566038
344,1,25,1,32400,35,0.0010802469135802468,38.11428451538086,0.3225806451612903,0.14285714285714285
344,1,25,2,32400,66,0.002037037037037037,39.89393997192383,0.41935483870967744,0.5151515151515151
344,1,26,0,32400,129,0.003981481481481482,41.24806213378906,0.4811320754716981,0.5271317829457365
344,1,26,1,32400,32,0.0009876543209876543,33.65625,0.2857142857142857,0.28125
344,1,26,2,32400,68,0.0020987654320987655,61.882354736328125,0.30303030303030304,0.4117647058823529
344,1,27,0,32400,112,0.0034567901234567903,42.19643020629883,0.3875968992248062,0.4375
344,1,27,1,32400,29,0.0008950617283950618,34.413795471191406,0.28125,0.10344827586206896
344,1,27,2,32400,70,0.0021604938271604936,20.842857360839844,0.38235294117647056,0.4857142857142857
344,1,28,0,32400,144,0.0044444444444444444,16.08333396911621,0.45535714285714285,0.4583333333333333
344,1,28,1,32400,23,0.0007098765432098765,20.478261947631836,0.27586206896551724,0.13043478260869565
344,1,28,2,32400,71,0.002191358024691358,16.225351333618164,0.35714285714285715,0.43661971830985913
344,1,29,0,32400,114,0.0035185185185185185,31.894737243652344,0.3541666666666667,0.40350877192982454
344,1,29,1,32400,29,0.0008950617283950618,35.0,0.21739130434782608,0.3103448275862069
344,1,29,2,32400,51,0.001574074074074074,19.25490379333496,0.22535211267605634,0.39215686274509803
344,1,30,0,32400,136,0.004197530864197531,29.507352828979492,0.4473684210526316,0.4485294117647059
344,1,30,1,32400,33,0.0010185185185185184,23.333335876464844,0.20689655172413793,0.2727272727272727
344,1,30,2,32400,68,0.0020987654320987655,33.147064208984375,0.43137254901960786,0.4117647058823529
344,1,31,0,32400,138,0.0042592592592592595,19.45652198791504,0.45588235294117646,0.572463768115942
344,1,31,1,32400,46,0.001419753086419753,17.7391300201416,0.45454545454545453,0.391304347826087
344,1,31,2,32400,71,0.002191358024691358,26.8169002532959,0.27941176470588236,0.43661971830985913
344,1,32,0,32400,148,0.004567901234567902,35.067569732666016,0.42028985507246375,0.44594594594594594
344,1,32,1,32400,36,0.0011111111111111111,42.22222137451172,0.2826086956521739,0.3055555555555556
344,1,32,2,32400,63,0.0019444444444444444,47.44445037841797,0.36619718309859156,0.36507936507936506
344,1,33,0,32400,142,0.004382716049382716,26.014083862304688,0.3581081081081081,0.38028169014084506
344,1,33,1,32400,31,0.0009567901234567902,14.387097358703613,0.3333333333333333,0.16129032258064516
344,1,33,2,32400,67,0.002067901234567901,42.0597038269043,0.2857142857142857,0.29850746268656714
344,1,34,0,32400,136,0.004197530864197531,26.5,0.38028169014084506,0.375
344,1,34,1,32400,27,0.0008333333333333334,42.55554962158203,0.25806451612903225,0.18518518518518517
344,1,34,2,32400,72,0.0022222222222222222,46.72222137451172,0.29850746268656714,0.4722222222222222
344,1,35,0,32400,142,0.004382716049382716,43.795772552490234,0.4411764705882353,0.5704225352112676
344,1,35,1,32400,32,0.0009876543209876543,49.96875,0.2962962962962963,0.3125
344,1,35,2,32400,50,0.0015432098765432098,40.6400032043457,0.2916666666666667,0.22
344,2,1,0,32400,89,0.0027469135802469136,31.94382095336914,-1.0,0.43820224719101125
344,2,1,1,32400,42,0.0012962962962962963,31.83333396911621,-1.0,0.2619047619047619
344,2,1,2,32400,56,0.0017283950617283952,19.803571701049805,-1.0,0.23214285714285715
344,2,2,0,32400,97,0.002993827160493827,28.164949417114258,0.42696629213483145,0.44329896907216493
344,2,2,1,32400,35,0.0010802469135802468,16.80000114440918,0.38095238095238093,0.2571428571428571
344,2,2,2,32400,63,0.0019444444444444444,11.95238208770752,0.25,0.25396825396825395
344,2,3,0,32400,92,0.002839506172839506,34.684783935546875,0.35051546391752575,0.32608695652173914
344,2,3,1,32400,41,0.0012654320987654322,31.170730590820312,0.42857142857142855,0.34146341463414637
344,2,3,2,32400,62,0.0019135802469135803,67.6290283203125,0.25396825396825395,0.3064516129032258
344,2,4,0,32400,101,0.003117283950617284,16.425743103027344,0.32608695652173914,0.46534653465346537
344,2,4,1,32400,47,0.0014506172839506173,27.4255313873291,0.43902439024390244,0.44680851063829785
344,2,4,2,32400,69,0.0021296296296296298,16.057971954345703,0.27419354838709675,0.2898550724637681
344,2,5,0,32400,108,0.0033333333333333335,21.72222328186035,0.42574257425742573,0.4074074074074074
344,2,5,1,32400,46,0.001419753086419753,20.130435943603516,0.3617021276595745,0.2826086956521739
344,2,5,2,32400,56,0.0017283950617283952,30.71428680419922,0.2608695652173913,0.375
344,2,6,0,32400,94,0.0029012345679012346,13.21276569366455,0.37037037037037035,0.3617021276595745
344,2,6,1,32400,48,0.0014814814814814814,18.541667938232422,0.2391304347826087,0.3541666666666667
344,2,6,2,32400,55,0.0016975308641975309,27.818180084228516,0.30357142857142855,0.21818181818181817
344,2,7,0,32400,104,0.0032098765432098763,26.798078536987305,0.4574468085106383,0.4230769230769231
344,2,7,1,32400,48,0.0014814814814814814,18.20833396911621,0.4583333333333333,0.4791666666666667
344,2,7,2,32400,62,0.0019135802469135803,26.64516258239746,0.32727272727272727,0.24193548387096775
344,2,8,0,32400,114,0.0035185185185185185,29.210527420043945,0.4423076923076923,0.4473684210526316
344,2,8,1,32400,50,0.0015432098765432098,17.020000457763672,0.3125,0.24
344,2,8,2,32400,67,0.002067901234567901,22.134326934814453,0.3709677419354839,0.31343283582089554
344,2,9,0,32400,119,0.0036728395061728395,21.39495849609375,0.4298245614035088,0.5546218487394958
344,2,9,1,32400,39,0.0012037037037037038,16.28205108642578,0.26,0.28205128205128205
344,2,9,2,32400,58,0.0017901234567901235,32.91379165649414,0.22388059701492538,0.3103448275862069
344,2,10,0,32400,122,0.003765432098765432,35.99180221557617,0.47058823529411764,0.5491803278688525
344,2,10,1,32400,35,0.0010802469135802468,35.82857131958008,0.3333333333333333,0.37142857142857144
344,2,10,2,32400,70,0.0021604938271604936,30.35714340209961,0.3448275862068966,0.32857142857142857
344,2,11,0,32400,102,0.003148148148148148,21.294118881225586,0.3770491803278688,0.47058823529411764
344,2,11,1,32400,36,0.0011111111111111111,23.47222328186035,0.2857142857142857,0.4166666666666667
344,2,11,2,32400,60,0.001851851851851852,22.150005340576172,0.21428571428571427,0.36666666666666664
344,2,12,0,32400,114,0.0035185185185185185,29.912281036376953,0.5,0.5
344,2,12,1,32400,30,0.000925925925925926,21.433334350585938,0.3611111111111111,0.3333333333333333
344,2,12,2,32400,42,0.0012962962962962963,24.142858505249023,0.26666666666666666,0.30952380952380953
344,2,13,0,32400,103,0.0031790123456790125,27.02912712097168,0.41228070175438597,0.36893203883495146
344,2,13,1,32400,47,0.0014506172839506173,13.723403930664062,0.4,0.48936170212765956
344,2,13,2,32400,45,0.001388888888888889,25.377779006958008,0.23809523809523808,0.2222222222222222
344,2,14,0,32400,99,0.0030555555555555557,25.26262664794922,0.36893203883495146,0.31313131313131315
344,2,14,1,32400,34,0.0010493827160493827,18.441177368164062,0.3617021276595745,0.4411764705882353
344,2,14,2,32400,65,0.002006172839506173,42.07692337036133,0.28888888888888886,0.38461538461538464
344,2,15,0,32400,107,0.0033024691358024692,27.850465774536133,0.42424242424242425,0.4672897196261682
344,2,15,1,32400,39,0.0012037037037037038,27.487180709838867,0.4117647058823529,0.3333333333333333
344,2,15,2,32400,39,0.0012037037037037038,24.871795654296875,0.16923076923076924,0.3333333333333333
344,2,16,0,32400,119,0.0036728395061728395,24.5294132232666,0.3925233644859813,0.3025210084033613
344,2,16,1,32400,40,0.0012345679012345679,23.92500114440918,0.3076923076923077,0.325
344,2,16,2,32400,64,0.0019753086419753087,27.234375,0.4358974358974359,0.296875
344,2,17,0,32400,126,0.0038888888888888888,42.69047927856445,0.42016806722689076,0.47619047619047616
344,2,17,1,32400,41,0.0012654320987654322,36.60975646972656,0.375,0.36585365853658536
344,2,17,2,32400,73,0.0022530864197530865,25.178081512451172,0.359375,0.3972602739726027
344,2,18,0,32400,121,0.0037345679012345677,29.363636016845703,0.4523809523809524,0.39669421487603307
344,2,18,1,32400,42,0.0012962962962962963,30.071428298950195,0.36585365853658536,0.40476190476190477
344,2,18,2,32400,66,0.002037037037037037,27.560606002807617,0.2876712328767123,0.42424242424242425
344,2,19,0,32400,137,0.004228395061728395,28.788320541381836,0.4297520661157025,0.4233576642335766
344,2,19,1,32400,49,0.0015123456790123457,24.18367576599121,0.42857142857142855,0.3469387755102041
344,2,19,2,32400,72,0.0022222222222222222,28.27777862548828,0.2727272727272727,0.2916666666666667
344,2,20,0,32400,147,0.004537037037037037,39.782310485839844,0.49635036496350365,0.4489795918367347
344,2,20,1,32400,50,0.0015432098765432098,20.139997482299805,0.2857142857142857,0.32
344,2,20,2,32400,80,0.0024691358024691358,32.962501525878906,0.4027777777777778,0.375
344,2,21,0,32400,131,0.00404320987654321,36.41221237182617,0.4217687074829932,0.4351145038167939
344,2,21,1,32400,60,0.001851851851851852,37.05000305175781,0.36,0.38333333333333336
344,2,21,2,32400,63,0.0019444444444444444,40.96826171875,0.35,0.3968253968253968
344,2,22,0,32400,110,0.0033950617283950617,18.4818172454834,0.3893129770992366,0.36363636363636365
344,2,22,1,32400,45,0.001388888888888889,25.111114501953125,0.3333333333333333,0.4222222222222222
344,2,22,2,32400,60,0.001851851851851852,17.400001525878906,0.38095238095238093,0.31666666666666665
344,2,23,0,32400,115,0.0035493827160493828,15.90434741973877,0.4636363636363636,0.5391304347826087
344,2,23,1,32400,22,0.0006790123456790123,9.272727966308594,0.17777777777777778,0.09090909090909091
344,2,23,2,32400,59,0.0018209876543209876,10.96610164642334,0.35,0.4067796610169492
344,2,24,0,32400,130,0.004012345679012346,26.407691955566406,0.48695652173913045,0.5307692307692308
344,2,24,1,32400,31,0.0009567901234567902,18.80644989013672,0.36363636363636365,0.22580645161290322
344,2,24,2,32400,62,0.0019135802469135803,24.145160675048828,0.3559322033898305,0.532258064516129
344,2,25,0,32400,106,0.003271604938271605,16.716981887817383,0.45384615384615384,0.5377358490566038
344,2,25,1,32400,35,0.0010802469135802468,27.91428565979004,0.3225806451612903,0.14285714285714285
344,2,25,2,32400,66,0.002037037037037037,22.83333396911621,0.41935483870967744,0.5151515151515151
344,2,26,0,32400,129,0.003981481481481482,31.829456329345703,0.4811320754716981,0.5271317829457365
344,2,26,1,32400,32,0.0009876543209876543,31.46875,0.2857142857142857,0.28125
344,2,26,2,32400,68,0.0020987654320987655,26.367647171020508,0.30303030303030304,0.4117647058823529
344,2,27,0,32400,112,0.0034567901234567903,34.267860412597656,0.3875968992248062,0.4375
344,2,27,1,32400,29,0.0008950617283950618,38.10344696044922,0.28125,0.10344827586206896
344,2,27,2,32400,70,0.0021604938271604936,31.542858123779297,0.38235294117647056,0.4857142857142857
344,2,28,0,32400,144,0.0044444444444444444,36.78472137451172,0.45535714285714285,0.4583333333333333
344,2,28,1,32400,23,0.0007098765432098765,41.39130783081055,0.27586206896551724,0.13043478260869565
344,2,28,2,32400,71,0.002191358024691358,31.71830940246582,0.35714285714285715,0.43661971830985913
344,2,29,0,32400,114,0.0035185185185185185,23.421052932739258,0.3541666666666667,0.40350877192982454
344,2,29,1,32400,29,0.0008950617283950618,19.172412872314453,0.21739130434782608,0.3103448275862069
344,2,29,2,32400,51,0.001574074074074074,9.509804725646973,0.22535211267605634,0.39215686274509803
344,2,30,0,32400,136,0.004197530864197531,24.47058868408203,0.4473684210526316,0.4485294117647059
344,2,30,1,32400,33,0.0010185185185185184,48.787879943847656,0.20689655172413793,0.2727272727272727
344,2,30,2,32400,68,0.0020987654320987655,44.22058868408203,0.43137254901960786,0.4117647058823529
344,2,31,0,32400,138,0.0042592592592592595,42.40579605102539,0.45588235294117646,0.572463768115942
344,2,31,1,32400,46,0.001419753086419753,49.34782791137695,0.45454545454545453,0.391304347826087
344,2,31,2,32400,71,0.002191358024691358,74.71830749511719,0.27941176470588236,0.43661971830985913
344,2,32,0,32400,148,0.004567901234567902,21.10135269165039,0.42028985507246375,0.44594594594594594
344,2,32,1,32400,36,0.0011111111111111111,14.527777671813965,0.2826086956521739,0.3055555555555556
344,2,32,2,32400,63,0.0019444444444444444,20.93651008605957,0.36619718309859156,0.36507936507936506
344,2,33,0,32400,142,0.004382716049382716,24.556337356567383,0.3581081081081081,0.38028169014084506
344,2,33,1,32400,31,0.0009567901234567902,52.41935348510742,0.3333333333333333,0.16129032258064516
344,2,33,2,32400,67,0.002067901234567901,23.238805770874023,0.2857142857142857,0.29850746268656714
344,2,34,0,32400,136,0.004197530864197531,27.330883026123047,0.38028169014084506,0.375
344,2,34,1,32400,27,0.0008333333333333334,25.000001907348633,0.25806451612903225,0.18518518518518517
344,2,34,2,32400,72,0.0022222222222222222,26.02777862548828,0.29850746268656714,0.4722222222222222
344,2,35,0,32400,142,0.004382716049382716,35.112674713134766,0.4411764705882353,0.5704225352112676
344,2,35,1,32400,32,0.0009876543209876543,42.0625,0.2962962962962963,0.3125
344,2,35,2,32400,50,0.0015432098765432098,26.719999313354492,0.2916666666666667,0.22
344,3,1,0,32400,89,0.0027469135802469136,23.47191047668457,-1.0,0.43820224719101125
344,3,1,1,32400,42,0.0012962962962962963,50.21428680419922,-1.0,0.2619047619047619
344,3,1,2,32400,56,0.0017283950617283952,53.16071701049805,-1.0,0.23214285714285715
344,3,2,0,32400,97,0.002993827160493827,16.216495513916016,0.42696629213483145,0.44329896907216493
344,3,2,1,32400,35,0.0010802469135802468,12.657143592834473,0.38095238095238093,0.2571428571428571
344,3,2,2,32400,63,0.0019444444444444444,25.333335876464844,0.25,0.25396825396825395
344,3,3,0,32400,92,0.002839506172839506,16.79347801208496,0.35051546391752575,0.32608695652173914
344,3,3,1,32400,41,0.0012654320987654322,14.829266548156738,0.42857142857142855,0.34146341463414637
344,3,3,2,32400,62,0.0019135802469135803,24.8709659576416,0.25396825396825395,0.3064516129032258
344,3,4,0,32400,101,0.003117283950617284,39.564353942871094,0.32608695652173914,0.46534653465346537
344,3,4,1,32400,47,0.0014506172839506173,37.06382751464844,0.43902439024390244,0.44680851063829785
344,3,4,2,32400,69,0.0021296296296296298,40.5217399597168,0.27419354838709675,0.2898550724637681
344,3,5,0,32400,108,0.0033333333333333335,28.212963104248047,0.42574257425742573,0.4074074074074074
344,3,5,1,32400,46,0.001419753086419753,34.7173957824707,0.3617021276595745,0.2826086956521739
344,3,5,2,32400,56,0.0017283950617283952,53.07143783569336,0.2608695652173913,0.375
344,3,6,0,32400,94,0.0029012345679012346,16.425533294677734,0.37037037037037035,0.3617021276595745
344,3,6,1,32400,48,0.0014814814814814814,16.229167938232422,0.2391304347826087,0.3541666666666667
344,3,6,2,32400,55,0.0016975308641975309,16.83636474609375,0.30357142857142855,0.21818181818181817
344,3,7,0,32400,104,0.0032098765432098763,32.83654022216797,0.4574468085106383,0.4230769230769231
344,3,7,1,32400,48,0.0014814814814814814,17.9375,0.4583333333333333,0.4791666666666667
344,3,7,2,32400,62,0.0019135802469135803,22.483871459960938,0.32727272727272727,0.24193548387096775
344,3,8,0,32400,114,0.0035185185185185185,26.649126052856445,0.4423076923076923,0.4473684210526316
344,3,8,1,32400,50,0.0015432098765432098,11.859999656677246,0.3125,0.24
344,3,8,2,32400,67,0.002067901234567901,23.17910385131836,0.3709677419354839,0.31343283582089554
344,3,9,0,32400,119,0.0036728395061728395,37.65546417236328,0.4298245614035088,0.5546218487394958
344,3,9,1,32400,39,0.0012037037037037038,38.871795654296875,0.26,0.28205128205128205
344,3,9,2,32400,58,0.0017901234567901235,40.620689392089844,0.22388059701492538,0.3103448275862069
344,3,10,0,32400,122,0.003765432098765432,32.2786865234375,0.47058823529411764,0.5491803278688525
344,3,10,1,32400,35,0.0010802469135802468,19.485713958740234,0.3333333333333333,0.37142857142857144
344,3,10,2,32400,70,0.0021604938271604936,27.928571701049805,0.3448275862068966,0.32857142857142857
344,3,11,0,32400,102,0.003148148148148148,50.06863021850586,0.3770491803278688,0.47058823529411764
344,3,11,1,32400,36,0.0011111111111111111,66.47222137451172,0.2857142857142857,0.4166666666666667
344,3,11,2,32400,60,0.001851851851851852,59.63333511352539,0.21428571428571427,0.36666666666666664
344,3,12,0,32400,114,0.0035185185185185185,31.228071212768555,0.5,0.5
344,3,12,1,32400,30,0.000925925925925926,24.700000762939453,0.3611111111111111,0.3333333333333333
344,3,12,2,32400,42,0.0012962962962962963,38.28572082519531,0.26666666666666666,0.30952380952380953
344,3,13,0,32400,103,0.0031790123456790125,37.33980941772461,0.41228070175438597,0.36893203883495146
344,3,13,1,32400,47,0.0014506172839506173,17.89361572265625,0.4,0.48936170212765956
344,3,13,2,32400,45,0.001388888888888889,32.13333511352539,0.23809523809523808,0.2222222222222222
344,3,14,0,32400,99,0.0030555555555555557,29.060606002807617,0.36893203883495146,0.31313131313131315
344,3,14,1,32400,34,0.0010493827160493827,41.55882263183594,0.3617021276595745,0.4411764705882353
344,3,14,2,32400,65,0.002006172839506173,26.753847122192383,0.28888888888888886,0.38461538461538464
344,3,15,0,32400,107,0.0033024691358024692,20.383176803588867,0.42424242424242425,0.4672897196261682
344,3,15,1,32400,39,0.0012037037037037038,30.256410598754883,0.4117647058823529,0.3333333333333333
344,3,15,2,32400,39,0.0012037037037037038,17.487178802490234,0.16923076923076924,0.3333333333333333
344,3,16,0,32400,119,0.0036728395061728395,31.680673599243164,0.3925233644859813,0.3025210084033613
344,3,16,1,32400,40,0.0012345679012345679,33.42499923706055,0.3076923076923077,0.325
344,3,16,2,32400,64,0.0019753086419753087,20.921875,0.4358974358974359,0.296875
344,3,17,0,32400,126,0.0038888888888888888,24.412702560424805,0.42016806722689076,0.47619047619047616
344,3,17,1,32400,41,0.0012654320987654322,18.512195587158203,0.375,0.36585365853658536
344,3,17,2,32400,73,0.0022530864197530865,20.50684928894043,0.359375,0.3972602739726027
344,3,18,0,32400,121,0.0037345679012345677,17.18181800842285,0.4523809523809524,0.39669421487603307
344,3,18,1,32400,42,0.0012962962962962963,19.85714340209961,0.36585365853658536,0.40476190476190477
344,3,18,2,32400,66,0.002037037037037037,17.696969985961914,0.2876712328767123,0.42424242424242425
344,3,19,0,32400,137,0.004228395061728395,24.83941650390625,0.4297520661157025,0.4233576642335766
344,3,19,1,32400,49,0.0015123456790123457,19.020408630371094,0.42857142857142855,0.3469387755102041
344,3,19,2,32400,72,0.0022222222222222222,19.11111068725586,0.2727272727272727,0.2916666666666667
344,3,20,0,32400,147,0.004537037037037037,23.768707275390625,0.49635036496350365,0.4489795918367347
344,3,20,1,32400,50,0.0015432098765432098,20.65999984741211,0.2857142857142857,0.32
344,3,20,2,32400,80,0.0024691358024691358,21.337499618530273,0.4027777777777778,0.375
344,3,21,0,32400,131,0.00404320987654321,45.85496139526367,0.4217687074829932,0.4351145038167939
344,3,21,1,32400,60,0.001851851851851852,32.91666793823242,0.36,0.38333333333333336
344,3,21,2,32400,63,0.0019444444444444444,35.34920883178711,0.35,0.3968253968253968
344,3,22,0,32400,110,0.0033950617283950617,31.763635635375977,0.3893129770992366,0.36363636363636365
344,3,22,1,32400,45,0.001388888888888889,20.88888931274414,0.3333333333333333,0.4222222222222222
344,3,22,2,32400,60,0.001851851851851852,41.833335876464844,0.38095238095238093,0.31666666666666665
344,3,23,0,32400,115,0.0035493827160493828,28.391305923461914,0.4636363636363636,0.5391304347826087
344,3,23,1,32400,22,0.0006790123456790123,16.72727394104004,0.17777777777777778,0.09090909090909091
344,3,23,2,32400,59,0.0018209876543209876,25.559322357177734,0.35,0.4067796610169492
344,3,24,0,32400,130,0.004012345679012346,38.123077392578125,0.48695652173913045,0.5307692307692308
344,3,24,1,32400,31,0.0009567901234567902,25.129032135009766,0.36363636363636365,0.22580645161290322
344,3,24,2,32400,62,0.0019135802469135803,42.1129035949707,0.3559322033898305,0.532258064516129
344,3,25,0,32400,106,0.003271604938271605,18.254716873168945,0.45384615384615384,0.5377358490566038
344,3,25,1,32400,35,0.0010802469135802468,28.600000381469727,0.3225806451612903,0.14285714285714285
344,3,25,2,32400,66,0.002037037037037037,27.378787994384766,0.41935483870967744,0.5151515151515151
344,3,26,0,32400,129,0.003981481481481482,12.22480583190918,0.4811320754716981,0.5271317829457365
344,3,26,1,32400,32,0.0009876543209876543,22.0,0.2857142857142857,0.28125
344,3,26,2,32400,68,0.0020987654320987655,23.044116973876953,0.30303030303030304,0.4117647058823529
344,3,27,0,32400,112,0.0034567901234567903,25.79464340209961,0.3875968992248062,0.4375
344,3,27,1,32400,29,0.0008950617283950618,34.31034851074219,0.28125,0.10344827586206896
344,3,27,2,32400,70,0.0021604938271604936,28.014286041259766,0.38235294117647056,0.4857142857142857
344,3,28,0,32400,144,0.0044444444444444444,26.618059158325195,0.45535714285714285,0.4583333333333333
344,3,28,1,32400,23,0.0007098765432098765,30.17391586303711,0.27586206896551724,0.13043478260869565
344,3,28,2,32400,71,0.002191358024691358,22.422536849975586,0.35714285714285715,0.43661971830985913
344,3,29,0,32400,114,0.0035185185185185185,19.90350914001465,0.3541666666666667,0.40350877192982454
344,3,29,1,32400,29,0.0008950617283950618,33.79310607910156,0.21739130434782608,0.3103448275862069
344,3,29,2,32400,51,0.001574074074074074,16.274511337280273,0.22535211267605634,0.39215686274509803
344,3,30,0,32400,136,0.004197530864197531,33.838233947753906,0.4473684210526316,0.4485294117647059
344,3,30,1,32400,33,0.0010185185185185184,52.81818389892578,0.20689655172413793,0.2727272727272727
344,3,30,2,32400,68,0.0020987654320987655,35.82352828979492,0.43137254901960786,0.4117647058823529
344,3,31,0,32400,138,0.0042592592592592595,26.3985538482666,0.45588235294117646,0.572463768115942
344,3,31,1,32400,46,0.001419753086419753,23.543481826782227,0.45454545454545453,0.391304347826087
344,3,31,2,32400,71,0.002191358024691358,18.577465057373047,0.27941176470588236,0.43661971830985913
344,3,32,0,32400,148,0.004567901234567902,26.858108520507812,0.42028985507246375,0.44594594594594594
344,3,32,1,32400,36,0.0011111111111111111,31.75,0.2826086956521739,0.3055555555555556
344,3,32,2,32400,63,0.0019444444444444444,25.38095474243164,0.36619718309859156,0.36507936507936506
344,3,33,0,32400,142,0.004382716049382716,24.08450698852539,0.3581081081081081,0.38028169014084506
344,3,33,1,32400,31,0.0009567901234567902,33.80644989013672,0.3333333333333333,0.16129032258064516
344,3,33,2,32400,67,0.002067901234567901,43.029850006103516,0.2857142857142857,0.29850746268656714
344,3,34,0,32400,136,0.004197530864197531,30.911767959594727,0.38028169014084506,0.375
344,3,34,1,32400,27,0.0008333333333333334,31.259260177612305,0.25806451612903225,0.18518518518518517
344,3,34,2,32400,72,0.0022222222222222222,30.91666603088379,0.29850746268656714,0.4722222222222222
344,3,35,0,32400,142,0.004382716049382716,46.450706481933594,0.4411764705882353,0.5704225352112676
344,3,35,1,32400,32,0.0009876543209876543,29.65625,0.2962962962962963,0.3125
344,3,35,2,32400,50,0.0015432098765432098,44.97999954223633,0.2916666666666667,0.22
345,0,1,0,32400,97,0.002993827160493827,40.164947509765625,-1.0,0.44329896907216493
345,0,1,1,32400,35,0.0010802469135802468,18.08571434020996,-1.0,0.2571428571428571
345,0,1,2,32400,63,0.0019444444444444444,29.07936668395996,-1.0,0.25396825396825395
345,0,2,0,32400,92,0.002839506172839506,28.576087951660156,0.35051546391752575,0.32608695652173914
345,0,2,1,32400,41,0.0012654320987654322,24.41463279724121,0.42857142857142855,0.34146341463414637
345,0,2,2,32400,62,0.0019135802469135803,32.98387145996094,0.25396825396825395,0.3064516129032258
345,0,3,0,32400,101,0.003117283950617284,28.26732635498047,0.32608695652173914,0.46534653465346537
345,0,3,1,32400,47,0.0014506172839506173,25.297870635986328,0.43902439024390244,0.44680851063829785
345,0,3,2,32400,69,0.0021296296296296298,25.855072021484375,0.27419354838709675,0.2898550724637681
345,0,4,0,32400,108,0.0033333333333333335,49.296295166015625,0.42574257425742573,0.4074074074074074
345,0,4,1,32400,46,0.001419753086419753,41.26087188720703,0.3617021276595745,0.2826086956521739
345,0,4,2,32400,56,0.0017283950617283952,49.83928680419922,0.2608695652173913,0.375
345,0,5,0,32400,94,0.0029012345679012346,20.712764739990234,0.37037037037037035,0.3617021276595745
345,0,5,1,32400,48,0.0014814814814814814,19.666667938232422,0.2391304347826087,0.3541666666666667
345,0,5,2,32400,55,0.0016975308641975309,19.96363639831543,0.30357142857142855,0.21818181818181817
345,0,6,0,32400,104,0.0032098765432098763,12.759615898132324,0.4574468085106383,0.4230769230769231
345,0,6,1,32400,48,0.0014814814814814814,16.354167938232422,0.4583333333333333,0.4791666666666667
345,0,6,2,32400,62,0.0019135802469135803,12.306450843811035,0.32727272727272727,0.24193548387096775
345,0,7,0,32400,114,0.0035185185185185185,43.394737243652344,0.4423076923076923,0.4473684210526316
345,0,7,1,32400,50,0.0015432098765432098,55.99999237060547,0.3125,0.24
345,0,7,2,32400,67,0.002067901234567901,27.611940383911133,0.3709677419354839,0.31343283582089554
345,0,8,0,32400,119,0.0036728395061728395,14.621849060058594,0.4298245614035088,0.5546218487394958
345,0,8,1,32400,39,0.0012037037037037038,23.84615707397461,0.26,0.28205128205128205
345,0,8,2,32400,58,0.0017901234567901235,15.310344696044922,0.22388059701492538,0.3103448275862069
345,0,9,0,32400,122,0.003765432098765432,18.909835815429688,0.47058823529411764,0.5491803278688525
345,0,9,1,32400,35,0.0010802469135802468,15.571428298950195,0.3333333333333333,0.37142857142857144
345,0,9,2,32400,70,0.0021604938271604936,18.39999771118164,0.3448275862068966,0.32857142857142857
345,0,10,0,32400,102,0.003148148148148148,26.960784912109375,0.3770491803278688,0.47058823529411764
345,0,10,1,32400,36,0.0011111111111111111,20.41666603088379,0.2857142857142857,0.4166666666666667
345,0,10,2,32400,60,0.001851851851851852,21.933334350585938,0.21428571428571427,0.36666666666666664
345,0,11,0,32400,114,0.0035185185185185185,24.043859481811523,0.5,0.5
345,0,11,1,32400,30,0.000925925925925926,25.000001907348633,0.3611111111111111,0.3333333333333333
345,0,11,2,32400,42,0.0012962962962962963,38.4761962890625,0.26666666666666666,0.30952380952380953
345,0,12,0,32400,103,0.0031790123456790125,27.543689727783203,0.41228070175438597,0.36893203883495146
345,0,12,1,32400,47,0.0014506172839506173,31.276594161987305,0.4,0.48936170212765956
345,0,12,2,32400,45,0.001388888888888889,23.755556106567383,0.23809523809523808,0.2222222222222222
345,0,13,0,32400,99,0.0030555555555555557,28.383838653564453,0.36893203883495146,0.31313131313131315
345,0,13,1,32400,34,0.0010493827160493827,57.70588302612305,0.3617021276595745,0.4411764705882353
345,0,13,2,32400,65,0.002006172839506173,26.076923370361328,0.28888888888888886,0.38461538461538464
345,0,14,0,32400,107,0.0033024691358024692,41.59812927246094,0.42424242424242425,0.4672897196261682
345,0,14,1,32400,39,0.0012037037037037038,42.897438049316406,0.4117647058823529,0.3333333333333333
345,0,14,2,32400,39,0.0012037037037037038,14.948718070983887,0.16923076923076924,0.3333333333333333
345,0,15,0,32400,119,0.0036728395061728395,20.966386795043945,0.3925233644859813,0.3025210084033613
345,0,15,1,32400,40,0.0012345679012345679,24.875001907348633,0.3076923076923077,0.325
345,0,15,2,32400,64,0.0019753086419753087,17.984375,0.4358974358974359,0.296875
345,0,16,0,32400,126,0.0038888888888888888,26.25397300720215,0.42016806722689076,0.47619047619047616
345,0,16,1,32400,41,0.0012654320987654322,19.65853500366211,0.375,0.36585365853658536
345,0,16,2,32400,73,0.0022530864197530865,17.53424835205078,0.359375,0.3972602739726027
345,0,17,0,32400,121,0.0037345679012345677,75.47932434082031,0.4523809523809524,0.39669421487603307
345,0,17,1,32400,42,0.0012962962962962963,35.14285659790039,0.36585365853658536,0.40476190476190477
345,0,17,2,32400,66,0.002037037037037037,14.848484992980957,0.2876712328767123,0.42424242424242425
345,0,18,0,32400,137,0.004228395061728395,28.61313819885254,0.4297520661157025,0.4233576642335766
345,0,18,1,32400,49,0.0015123456790123457,17.306121826171875,0.42857142857142855,0.3469387755102041
345,0,18,2,32400,72,0.0022222222222222222,28.75,0.2727272727272727,0.2916666666666667
345,0,19,0,32400,147,0.004537037037037037,15.965986251831055,0.49635036496350365,0.4489795918367347
345,0,19,1,32400,50,0.0015432098765432098,21.020000457763672,0.2857142857142857,0.32
345,0,19,2,32400,80,0.0024691358024691358,22.4375,0.4027777777777778,0.375
345,0,20,0,32400,131,0.00404320987654321,25.557252883911133,0.4217687074829932,0.4351145038167939
345,0,20,1,32400,60,0.001851851851851852,29.200000762939453,0.36,0.38333333333333336
345,0,20,2,32400,63,0.0019444444444444444,19.07936668395996,0.35,0.3968253968253968
345,0,21,0,32400,110,0.0033950617283950617,22.77272605895996,0.3893129770992366,0.36363636363636365
345,0,21,1,32400,45,0.001388888888888889,16.46666717529297,0.3333333333333333,0.4222222222222222
345,0,21,2,32400,60,0.001851851851851852,24.783334732055664,0.38095238095238093,0.31666666666666665
345,0,22,0,32400,115,0.0035493827160493828,24.1130428314209,0.4636363636363636,0.5391304347826087
345,0,22,1,32400,22,0.0006790123456790123,17.454544067382812,0.17777777777777778,0.09090909090909091
345,0,22,2,32400,59,0.0018209876543209876,15.86440658569336,0.35,0.4067796610169492
345,0,23,0,32400,130,0.004012345679012346,37.96154022216797,0.48695652173913045,0.5307692307692308
345,0,23,1,32400,31,0.0009567901234567902,52.61290740966797,0.36363636363636365,0.22580645161290322
345,0,23,2,32400,62,0.0019135802469135803,30.838708877563477,0.3559322033898305,0.532258064516129
345,0,24,0,32400,106,0.003271604938271605,27.30188751220703,0.45384615384615384,0.5377358490566038
345,0,24,1,32400,35,0.0010802469135802468,22.91428565979004,0.3225806451612903,0.14285714285714285
345,0,24,2,32400,66,0.002037037037037037,25.272727966308594,0.41935483870967744,0.5151515151515151
345,0,25,0,32400,129,0.003981481481481482,38.70542526245117,0.4811320754716981,0.5271317829457365
345,0,25,1,32400,32,0.0009876543209876543,39.406253814697266,0.2857142857142857,0.28125
345,0,25,2,32400,68,0.0020987654320987655,52.72058868408203,0.30303030303030304,0.4117647058823529
345,0,26,0,32400,112,0.0034567901234567903,28.30357551574707,0.3875968992248062,0.4375
345,0,26,1,32400,29,0.0008950617283950618,26.620689392089844,0.28125,0.10344827586206896
345,0,26,2,32400,70,0.0021604938271604936,33.599998474121094,0.38235294117647056,0.4857142857142857
345,0,27,0,32400,144,0.0044444444444444444,27.95138931274414,0.45535714285714285,0.4583333333333333
345,0,27,1,32400,23,0.0007098765432098765,8.434782981872559,0.27586206896551724,0.13043478260869565
345,0,27,2,32400,71,0.002191358024691358,38.57746124267578,0.35714285714285715,0.43661971830985913
345,0,28,0,32400,114,0.0035185185185185185,18.877193450927734,0.3541666666666667,0.40350877192982454
345,0,28,1,32400,29,0.0008950617283950618,18.413795471191406,0.21739130434782608,0.3103448275862069
345,0,28,2,32400,51,0.001574074074074074,14.666666984558105,0.22535211267605634,0.39215686274509803
345,0,29,0,32400,136,0.004197530864197531,17.83823585510254,0.4473684210526316,0.4485294117647059
345,0,29,1,32400,33,0.0010185185185185184,24.33333396911621,0.20689655172413793,0.2727272727272727
345,0,29,2,32400,68,0.0020987654320987655,20.441177368164062,0.43137254901960786,0.4117647058823529
345,0,30,0,32400,138,0.0042592592592592595,26.492753982543945,0.45588235294117646,0.572463768115942
345,0,30,1,32400,46,0.001419753086419753,51.782615661621094,0.45454545454545453,0.391304347826087
345,0,30,2,32400,71,0.002191358024691358,59.97183609008789,0.27941176470588236,0.43661971830985913
345,0,31,0,32400,148,0.004567901234567902,29.128379821777344,0.42028985507246375,0.44594594594594594
345,0,31,1,32400,36,0.0011111111111111111,20.75,0.2826086956521739,0.3055555555555556
345,0,31,2,32400,63,0.0019444444444444444,29.333337783813477,0.36619718309859156,0.36507936507936506
345,0,32,0,32400,142,0.004382716049382716,56.05633544921875,0.3581081081081081,0.38028169014084506
345,0,32,1,32400,31,0.0009567901234567902,37.16128921508789,0.3333333333333333,0.16129032258064516
345,0,32,2,32400,67,0.002067901234567901,54.85074996948242,0.2857142857142857,0.29850746268656714
345,0,33,0,32400,136,0.004197530864197531,25.41176414489746,0.38028169014084506,0.375
345,0,33,1,32400,27,0.0008333333333333334,30.22222328186035,0.25806451612903225,0.18518518518518517
345,0,33,2,32400,72,0.0022222222222222222,20.38888931274414,0.29850746268656714,0.4722222222222222
345,0,34,0,32400,142,0.004382716049382716,18.359153747558594,0.4411764705882353,0.5704225352112676
345,0,34,1,32400,32,0.0009876543209876543,16.625,0.2962962962962963,0.3125
345,0,34,2,32400,50,0.0015432098765432098,17.760000228881836,0.2916666666666667,0.22
345,0,35,0,32400,130,0.004012345679012346,14.569231033325195,0.4014084507042254,0.43846153846153846
345,0,35,1,32400,22,0.0006790123456790123,8.772727966308594,0.34375,0.18181818181818182
345,0,35,2,32400,47,0.0014506172839506173,8.446807861328125,0.36,0.3829787234042553
345,1,1,0,32400,97,0.002993827160493827,18.154638290405273,-1.0,0.44329896907216493
345,1,1,1,32400,35,0.0010802469135802468,12.314286231994629,-1.0,0.2571428571428571
345,1,1,2,32400,63,0.0019444444444444444,22.666667938232422,-1.0,0.25396825396825395
345,1,2,0,32400,92,0.002839506172839506,26.30434799194336,0.35051546391752575,0.32608695652173914
345,1,2,1,32400,41,0.0012654320987654322,21.36585235595703,0.42857142857142855,0.34146341463414637
345,1,2,2,32400,62,0.0019135802469135803,23.35483741760254,0.25396825396825395,0.3064516129032258
345,1,3,0,32400,101,0.003117283950617284,70.72277069091797,0.32608695652173914,0.46534653465346537
345,1,3,1,32400,47,0.0014506172839506173,49.106380462646484,0.43902439024390244,0.44680851063829785
345,1,3,2,32400,69,0.0021296296296296298,77.26087188720703,0.27419354838709675,0.2898550724637681
345,1,4,0,32400,108,0.0033333333333333335,19.462963104248047,0.42574257425742573,0.4074074074074074
345,1,4,1,32400,46,0.001419753086419753,25.521739959716797,0.3617021276595745,0.2826086956521739
345,1,4,2,32400,56,0.0017283950617283952,11.500000953674316,0.2608695652173913,0.375
345,1,5,0,32400,94,0.0029012345679012346,15.41489315032959,0.37037037037037035,0.3617021276595745
345,1,5,1,32400,48,0.0014814814814814814,18.291667938232422,0.2391304347826087,0.3541666666666667
345,1,5,2,32400,55,0.0016975308641975309,20.290908813476562,0.30357142857142855,0.21818181818181817
345,1,6,0,32400,104,0.0032098765432098763,26.576923370361328,0.4574468085106383,0.4230769230769231
345,1,6,1,32400,48,0.0014814814814814814,18.125,0.4583333333333333,0.4791666666666667
345,1,6,2,32400,62,0.0019135802469135803,14.241936683654785,0.32727272727272727,0.24193548387096775
345,1,7,0,32400,114,0.0035185185185185185,20.026315689086914,0.4423076923076923,0.4473684210526316
345,1,7,1,32400,50,0.0015432098765432098,17.959999084472656,0.3125,0.24
345,1,7,2,32400,67,0.002067901234567901,16.761194229125977,0.3709677419354839,0.31343283582089554
345,1,8,0,32400,119,0.0036728395061728395,28.630252838134766,0.4298245614035088,0.5546218487394958
345,1,8,1,32400,39,0.0012037037037037038,19.871795654296875,0.26,0.28205128205128205
345,1,8,2,32400,58,0.0017901234567901235,32.58620834350586,0.22388059701492538,0.3103448275862069
345,1,9,0,32400,122,0.003765432098765432,25.360654830932617,0.47058823529411764,0.5491803278688525
345,1,9,1,32400,35,0.0010802469135802468,13.714285850524902,0.3333333333333333,0.37142857142857144
345,1,9,2,32400,70,0.0021604938271604936,18.700000762939453,0.3448275862068966,0.32857142857142857
345,1,10,0,32400,102,0.003148148148148148,26.60784339904785,0.3770491803278688,0.47058823529411764
345,1,10,1,32400,36,0.0011111111111111111,27.66666603088379,0.2857142857142857,0.4166666666666667
345,1,10,2,32400,60,0.001851851851851852,36.983333587646484,0.21428571428571427,0.36666666666666664
345,1,11,0,32400,114,0.0035185185185185185,15.894737243652344,0.5,0.5
345,1,11,1,32400,30,0.000925925925925926,30.400001525878906,0.3611111111111111,0.3333333333333333
345,1,11,2,32400,42,0.0012962962962962963,28.452381134033203,0.26666666666666666,0.30952380952380953
345,1,12,0,32400,103,0.0031790123456790125,32.92232894897461,0.41228070175438597,0.36893203883495146
345,1,12,1,32400,47,0.0014506172839506173,27.510637283325195,0.4,0.48936170212765956
345,1,12,2,32400,45,0.001388888888888889,23.77777862548828,0.23809523809523808,0.2222222222222222
345,1,13,0,32400,99,0.0030555555555555557,43.17171859741211,0.36893203883495146,0.31313131313131315
345,1,13,1,32400,34,0.0010493827160493827,35.97058868408203,0.3617021276595745,0.4411764705882353
345,1,13,2,32400,65,0.002006172839506173,38.369232177734375,0.28888888888888886,0.38461538461538464
345,1,14,0,32400,107,0.0033024691358024692,30.046730041503906,0.42424242424242425,0.4672897196261682
345,1,14,1,32400,39,0.0012037037037037038,14.025641441345215,0.4117647058823529,0.3333333333333333
345,1,14,2,32400,39,0.0012037037037037038,29.205127716064453,0.16923076923076924,0.3333333333333333
345,1,15,0,32400,119,0.0036728395061728395,19.689077377319336,0.3925233644859813,0.3025210084033613
345,1,15,1,32400,40,0.0012345679012345679,24.250001907348633,0.3076923076923077,0.325
345,1,15,2,32400,64,0.0019753086419753087,25.125001907348633,0.4358974358974359,0.296875
345,1,16,0,32400,126,0.0038888888888888888,21.74603271484375,0.42016806722689076,0.47619047619047616
345,1,16,1,32400,41,0.0012654320987654322,14.926828384399414,0.375,0.36585365853658536
345,1,16,2,32400,73,0.0022530864197530865,15.808218955993652,0.359375,0.3972602739726027
345,1,17,0,32400,121,0.0037345679012345677,23.34710693359375,0.4523809523809524,0.39669421487603307
345,1,17,1,32400,42,0.0012962962962962963,16.261905670166016,0.36585365853658536,0.40476190476190477
345,1,17,2,32400,66,0.002037037037037037,29.060606002807617,0.2876712328767123,0.42424242424242425
345,1,18,0,32400,137,0.004228395061728395,30.627737045288086,0.4297520661157025,0.4233576642335766
345,1,18,1,32400,49,0.0015123456790123457,18.020408630371094,0.42857142857142855,0.3469387755102041
345,1,18,2,32400,72,0.0022222222222222222,31.02777862548828,0.2727272727272727,0.2916666666666667
345,1,19,0,32400,147,0.004537037037037037,19.34013557434082,0.49635036496350365,0.4489795918367347
345,1,19,1,32400,50,0.0015432098765432098,28.059999465942383,0.2857142857142857,0.32
345,1,19,2,32400,80,0.0024691358024691358,29.075000762939453,0.4027777777777778,0.375
345,1,20,0,32400,131,0.00404320987654321,19.053434371948242,0.4217687074829932,0.4351145038167939
345,1,20,1,32400,60,0.001851851851851852,29.30000114440918,0.36,0.38333333333333336
345,1,20,2,32400,63,0.0019444444444444444,14.30158805847168,0.35,0.3968253968253968
345,1,21,0,32400,110,0.0033950617283950617,19.581817626953125,0.3893129770992366,0.36363636363636365
345,1,21,1,32400,45,0.001388888888888889,32.13333511352539,0.3333333333333333,0.4222222222222222
345,1,21,2,32400,60,0.001851851851851852,18.066667556762695,0.38095238095238093,0.31666666666666665
345,1,22,0,32400,115,0.0035493827160493828,23.704347610473633,0.4636363636363636,0.5391304347826087
345,1,22,1,32400,22,0.0006790123456790123,26.136367797851562,0.17777777777777778,0.09090909090909091
345,1,22,2,32400,59,0.0018209876543209876,16.05084800720215,0.35,0.4067796610169492
345,1,23,0,32400,130,0.004012345679012346,16.653846740722656,0.48695652173913045,0.5307692307692308
345,1,23,1,32400,31,0.0009567901234567902,25.645160675048828,0.36363636363636365,0.22580645161290322
345,1,23,2,32400,62,0.0019135802469135803,25.677417755126953,0.3559322033898305,0.532258064516129
345,1,24,0,32400,106,0.003271604938271605,33.849056243896484,0.45384615384615384,0.5377358490566038
345,1,24,1,32400,35,0.0010802469135802468,30.97142791748047,0.3225806451612903,0.14285714285714285
345,1,24,2,32400,66,0.002037037037037037,33.92424392700195,0.41935483870967744,0.5151515151515151
345,1,25,0,32400,129,0.003981481481481482,23.34883689880371,0.4811320754716981,0.5271317829457365
345,1,25,1,32400,32,0.0009876543209876543,42.90625,0.2857142857142857,0.28125
345,1,25,2,32400,68,0.0020987654320987655,19.441177368164062,0.30303030303030304,0.4117647058823529
345,1,26,0,32400,112,0.0034567901234567903,46.12500762939453,0.3875968992248062,0.4375
345,1,26,1,32400,29,0.0008950617283950618,45.55172348022461,0.28125,0.10344827586206896
345,1,26,2,32400,70,0.0021604938271604936,46.62857437133789,0.38235294117647056,0.4857142857142857
345,1,27,0,32400,144,0.0044444444444444444,30.73611068725586,0.45535714285714285,0.4583333333333333
345,1,27,1,32400,23,0.0007098765432098765,21.39130401611328,0.27586206896551724,0.13043478260869565
345,1,27,2,32400,71,0.002191358024691358,32.35211181640625,0.35714285714285715,0.43661971830985913
345,1,28,0,32400,114,0.0035185185185185185,23.25438690185547,0.3541666666666667,0.40350877192982454
345,1,28,1,32400,29,0.0008950617283950618,35.413787841796875,0.21739130434782608,0.3103448275862069
345,1,28,2,32400,51,0.001574074074074074,24.274511337280273,0.22535211267605634,0.39215686274509803
345,1,29,0,32400,136,0.004197530864197531,32.036766052246094,0.4473684210526316,0.4485294117647059
345,1,29,1,32400,33,0.0010185185185185184,14.78787899017334,0.20689655172413793,0.2727272727272727
345,1,29,2,32400,68,0.0020987654320987655,20.705883026123047,0.43137254901960786,0.4117647058823529
345,1,30,0,32400,138,0.0042592592592592595,27.347827911376953,0.45588235294117646,0.572463768115942
345,1,30,1,32400,46,0.001419753086419753,29.34783172607422,0.45454545454545453,0.391304347826087
345,1,30,2,32400,71,0.002191358024691358,16.98591423034668,0.27941176470588236,0.43661971830985913
345,1,31,0,32400,148,0.004567901234567902,27.2297306060791,0.42028985507246375,0.44594594594594594
345,1,31,1,32400,36,0.0011111111111111111,23.30555534362793,0.2826086956521739,0.3055555555555556
345,1,31,2,32400,63,0.0019444444444444444,23.4920654296875,0.36619718309859156,0.36507936507936506
345,1,32,0,32400,142,0.004382716049382716,29.823942184448242,0.3581081081081081,0.38028169014084506
345,1,32,1,32400,31,0.0009567901234567902,31.67741584777832,0.3333333333333333,0.16129032258064516
345,1,32,2,32400,67,0.002067901234567901,40.3283576965332,0.2857142857142857,0.29850746268656714
345,1,33,0,32400,136,0.004197530864197531,17.59558868408203,0.38028169014084506,0.375
345,1,33,1,32400,27,0.0008333333333333334,13.851852416992188,0.25806451612903225,0.18518518518518517
345,1,33,2,32400,72,0.0022222222222222222,18.76388931274414,0.29850746268656714,0.4722222222222222
345,1,34,0,32400,142,0.004382716049382716,27.690139770507812,0.4411764705882353,0.5704225352112676
345,1,34,1,32400,32,0.0009876543209876543,36.468753814697266,0.2962962962962963,0.3125
345,1,34,2,32400,50,0.0015432098765432098,29.15999984741211,0.2916666666666667,0.22
345,1,35,0,32400,130,0.004012345679012346,25.738462448120117,0.4014084507042254,0.43846153846153846
345,1,35,1,32400,22,0.0006790123456790123,23.454545974731445,0.34375,0.18181818181818182
345,1,35,2,32400,47,0.0014506172839506173,36.27659606933594,0.36,0.3829787234042553
345,2,1,0,32400,97,0.002993827160493827,34.30927658081055,-1.0,0.44329896907216493
345,2,1,1,32400,35,0.0010802469135802468,19.571428298950195,-1.0,0.2571428571428571
345,2,1,2,32400,63,0.0019444444444444444,27.555557250976562,-1.0,0.25396825396825395
345,2,2,0,32400,92,0.002839506172839506,21.80434799194336,0.35051546391752575,0.32608695652173914
345,2,2,1,32400,41,0.0012654320987654322,42.65853500366211,0.42857142857142855,0.34146341463414637
345,2,2,2,32400,62,0.0019135802469135803,46.25806427001953,0.25396825396825395,0.3064516129032258
345,2,3,0,32400,101,0.003117283950617284,22.49504852294922,0.32608695652173914,0.46534653465346537
345,2,3,1,32400,47,0.0014506172839506173,37.319149017333984,0.43902439024390244,0.44680851063829785
345,2,3,2,32400,69,0.0021296296296296298,19.159420013427734,0.27419354838709675,0.2898550724637681
345,2,4,0,32400,108,0.0033333333333333335,40.87963104248047,0.42574257425742573,0.4074074074074074
345,2,4,1,32400,46,0.001419753086419753,38.34782791137695,0.3617021276595745,0.2826086956521739
345,2,4,2,32400,56,0.0017283950617283952,28.08928871154785,0.2608695652173913,0.375
345,2,5,0,32400,94,0.0029012345679012346,41.085105895996094,0.37037037037037035,0.3617021276595745
345,2,5,1,32400,48,0.0014814814814814814,32.60416793823242,0.2391304347826087,0.3541666666666667
345,2,5,2,32400,55,0.0016975308641975309,44.45454406738281,0.30357142857142855,0.21818181818181817
345,2,6,0,32400,104,0.0032098765432098763,17.076923370361328,0.4574468085106383,0.4230769230769231
345,2,6,1,32400,48,0.0014814814814814814,17.0,0.4583333333333333,0.4791666666666667
345,2,6,2,32400,62,0.0019135802469135803,15.693548202514648,0.32727272727272727,0.24193548387096775
345,2,7,0,32400,114,0.0035185185185185185,22.73684310913086,0.4423076923076923,0.4473684210526316
345,2,7,1,32400,50,0.0015432098765432098,23.8799991607666,0.3125,0.24
345,2,7,2,32400,67,0.002067901234567901,27.582088470458984,0.3709677419354839,0.31343283582089554
345,2,8,0,32400,119,0.0036728395061728395,21.873950958251953,0.4298245614035088,0.5546218487394958
345,2,8,1,32400,39,0.0012037037037037038,25.153844833374023,0.26,0.28205128205128205
345,2,8,2,32400,58,0.0017901234567901235,25.94827651977539,0.22388059701492538,0.3103448275862069
345,2,9,0,32400,122,0.003765432098765432,26.229507446289062,0.47058823529411764,0.5491803278688525
345,2,9,1,32400,35,0.0010802469135802468,19.457143783569336,0.3333333333333333,0.37142857142857144
345,2,9,2,32400,70,0.0021604938271604936,31.299999237060547,0.3448275862068966,0.32857142857142857
345,2,10,0,32400,102,0.003148148148148148,23.31372833251953,0.3770491803278688,0.47058823529411764
345,2,10,1,32400,36,0.0011111111111111111,15.083333015441895,0.2857142857142857,0.4166666666666667
345,2,10,2,32400,60,0.001851851851851852,23.800003051757812,0.21428571428571427,0.36666666666666664
345,2,11,0,32400,114,0.0035185185185185185,34.33333206176758,0.5,0.5
345,2,11,1,32400,30,0.000925925925925926,21.366670608520508,0.3611111111111111,0.3333333333333333
345,2,11,2,32400,42,0.0012962962962962963,24.02381134033203,0.26666666666666666,0.30952380952380953
345,2,12,0,32400,103,0.0031790123456790125,35.61165237426758,0.41228070175438597,0.36893203883495146
345,2,12,1,32400,47,0.0014506172839506173,44.085105895996094,0.4,0.48936170212765956
345,2,12,2,32400,45,0.001388888888888889,53.266666412353516,0.23809523809523808,0.2222222222222222
345,2,13,0,32400,99,0.0030555555555555557,27.97979736328125,0.36893203883495146,0.31313131313131315
345,2,13,1,32400,34,0.0010493827160493827,20.558822631835938,0.3617021276595745,0.4411764705882353
345,2,13,2,32400,65,0.002006172839506173,26.446151733398438,0.28888888888888886,0.38461538461538464
345,2,14,0,32400,107,0.0033024691358024692,12.570093154907227,0.42424242424242425,0.4672897196261682
345,2,14,1,32400,39,0.0012037037037037038,17.615385055541992,0.4117647058823529,0.3333333333333333
345,2,14,2,32400,39,0.0012037037037037038,19.9743595123291,0.16923076923076924,0.3333333333333333
345,2,15,0,32400,119,0.0036728395061728395,14.890756607055664,0.3925233644859813,0.3025210084033613
345,2,15,1,32400,40,0.0012345679012345679,19.649999618530273,0.3076923076923077,0.325
345,2,15,2,32400,64,0.0019753086419753087,23.921875,0.4358974358974359,0.296875
345,2,16,0,32400,126,0.0038888888888888888,23.174604415893555,0.42016806722689076,0.47619047619047616
345,2,16,1,32400,41,0.0012654320987654322,13.02439022064209,0.375,0.36585365853658536
345,2,16,2,32400,73,0.0022530864197530865,22.643836975097656,0.359375,0.3972602739726027
345,2,17,0,32400,121,0.0037345679012345677,14.272727012634277,0.4523809523809524,0.39669421487603307
345,2,17,1,32400,42,0.0012962962962962963,16.071428298950195,0.36585365853658536,0.40476190476190477
345,2,17,2,32400,66,0.002037037037037037,11.681818962097168,0.2876712328767123,0.42424242424242425
345,2,18,0,32400,137,0.004228395061728395,33.73722457885742,0.4297520661157025,0.4233576642335766
345,2,18,1,32400,49,0.0015123456790123457,18.367347717285156,0.42857142857142855,0.3469387755102041
345,2,18,2,32400,72,0.0022222222222222222,25.30555534362793,0.2727272727272727,0.2916666666666667
345,2,19,0,32400,147,0.004537037037037037,32.70747756958008,0.49635036496350365,0.4489795918367347
345,2,19,1,32400,50,0.0015432098765432098,27.860002517700195,0.2857142857142857,0.32
345,2,19,2,32400,80,0.0024691358024691358,31.450000762939453,0.4027777777777778,0.375
345,2,20,0,32400,131,0.00404320987654321,21.656490325927734,0.4217687074829932,0.4351145038167939
345,2,20,1,32400,60,0.001851851851851852,20.26666831970215,0.36,0.38333333333333336
345,2,20,2,32400,63,0.0019444444444444444,31.587308883666992,0.35,0.3968253968253968
345,2,21,0,32400,110,0.0033950617283950617,25.40909194946289,0.3893129770992366,0.36363636363636365
345,2,21,1,32400,45,0.001388888888888889,41.11111831665039,0.3333333333333333,0.4222222222222222
345,2,21,2,32400,60,0.001851851851851852,14.166666984558105,0.38095238095238093,0.31666666666666665
345,2,22,0,32400,115,0.0035493827160493828,40.704345703125,0.4636363636363636,0.5391304347826087
345,2,22,1,32400,22,0.0006790123456790123,25.954545974731445,0.17777777777777778,0.09090909090909091
345,2,22,2,32400,59,0.0018209876543209876,30.084745407104492,0.35,0.4067796610169492
345,2,23,0,32400,130,0.004012345679012346,20.407695770263672,0.48695652173913045,0.5307692307692308
345,2,23,1,32400,31,0.0009567901234567902,17.64516258239746,0.36363636363636365,0.22580645161290322
345,2,23,2,32400,62,0.0019135802469135803,17.20967674255371,0.3559322033898305,0.532258064516129
345,2,24,0,32400,106,0.003271604938271605,16.952831268310547,0.45384615384615384,0.5377358490566038
345,2,24,1,32400,35,0.0010802469135802468,19.342857360839844,0.3225806451612903,0.14285714285714285
345,2,24,2,32400,66,0.002037037037037037,21.74242401123047,0.41935483870967744,0.5151515151515151
345,2,25,0,32400,129,0.003981481481481482,22.57364273071289,0.4811320754716981,0.5271317829457365
345,2,25,1,32400,32,0.0009876543209876543,18.218753814697266,0.2857142857142857,0.28125
345,2,25,2,32400,68,0.0020987654320987655,24.64706039428711,0.30303030303030304,0.4117647058823529
345,2,26,0,32400,112,0.0034567901234567903,22.053571701049805,0.3875968992248062,0.4375
345,2,26,1,32400,29,0.0008950617283950618,18.586206436157227,0.28125,0.10344827586206896
345,2,26,2,32400,70,0.0021604938271604936,16.785715103149414,0.38235294117647056,0.4857142857142857
345,2,27,0,32400,144,0.0044444444444444444,22.180557250976562,0.45535714285714285,0.4583333333333333
345,2,27,1,32400,23,0.0007098765432098765,22.565217971801758,0.27586206896551724,0.13043478260869565
345,2,27,2,32400,71,0.002191358024691358,27.126760482788086,0.35714285714285715,0.43661971830985913
345,2,28,0,32400,114,0.0035185185185185185,26.157894134521484,0.3541666666666667,0.40350877192982454
345,2,28,1,32400,29,0.0008950617283950618,34.344825744628906,0.21739130434782608,0.3103448275862069
345,2,28,2,32400,51,0.001574074074074074,32.17647171020508,0.22535211267605634,0.39215686274509803
345,2,29,0,32400,136,0.004197530864197531,21.08823585510254,0.4473684210526316,0.4485294117647059
345,2,29,1,32400,33,0.0010185185185185184,41.878787994384766,0.20689655172413793,0.2727272727272727
345,2,29,2,32400,68,0.0020987654320987655,23.176469802856445,0.43137254901960786,0.4117647058823529
345,2,30,0,32400,138,0.0042592592592592595,41.06521987915039,0.45588235294117646,0.572463768115942
345,2,30,1,32400,46,0.001419753086419753,22.434783935546875,0.45454545454545453,0.391304347826087
345,2,30,2,32400,71,0.002191358024691358,43.14084243774414,0.27941176470588236,0.43661971830985913
345,2,31,0,32400,148,0.004567901234567902,50.0,0.42028985507246375,0.44594594594594594
345,2,31,1,32400,36,0.0011111111111111111,47.97222137451172,0.2826086956521739,0.3055555555555556
345,2,31,2,32400,63,0.0019444444444444444,93.15873718261719,0.36619718309859156,0.36507936507936506
345,2,32,0,32400,142,0.004382716049382716,25.66901397705078,0.3581081081081081,0.38028169014084506
345,2,32,1,32400,31,0.0009567901234567902,11.193548202514648,0.3333333333333333,0.16129032258064516
345,2,32,2,32400,67,0.002067901234567901,21.761194229125977,0.2857142857142857,0.29850746268656714
345,2,33,0,32400,136,0.004197530864197531,24.75,0.38028169014084506,0.375
345,2,33,1,32400,27,0.0008333333333333334,16.148147583007812,0.25806451612903225,0.18518518518518517
345,2,33,2,32400,72,0.0022222222222222222,29.83333396911621,0.29850746268656714,0.4722222222222222
345,2,34,0,32400,142,0.004382716049382716,15.809859275817871,0.4411764705882353,0.5704225352112676
345,2,34,1,32400,32,0.0009876543209876543,10.03125,0.2962962962962963,0.3125
345,2,34,2,32400,50,0.0015432098765432098,27.0,0.2916666666666667,0.22
345,2,35,0,32400,130,0.004012345679012346,18.253847122192383,0.4014084507042254,0.43846153846153846
345,2,35,1,32400,22,0.0006790123456790123,17.18181800842285,0.34375,0.18181818181818182
345,2,35,2,32400,47,0.0014506172839506173,68.2978744506836,0.36,0.3829787234042553
345,3,1,0,32400,97,0.002993827160493827,32.7525749206543,-1.0,0.44329896907216493
345,3,1,1,32400,35,0.0010802469135802468,22.200000762939453,-1.0,0.2571428571428571
345,3,1,2,32400,63,0.0019444444444444444,16.04762077331543,-1.0,0.25396825396825395
345,3,2,0,32400,92,0.002839506172839506,22.282609939575195,0.35051546391752575,0.32608695652173914
345,3,2,1,32400,41,0.0012654320987654322,13.195121765136719,0.42857142857142855,0.34146341463414637
345,3,2,2,32400,62,0.0019135802469135803,25.935483932495117,0.25396825396825395,0.3064516129032258
345,3,3,0,32400,101,0.003117283950617284,31.574256896972656,0.32608695652173914,0.46534653465346537
345,3,3,1,32400,47,0.0014506172839506173,31.76595687866211,0.43902439024390244,0.44680851063829785
345,3,3,2,32400,69,0.0021296296296296298,28.449275970458984,0.27419354838709675,0.2898550724637681
345,3,4,0,32400,108,0.0033333333333333335,31.86111068725586,0.42574257425742573,0.4074074074074074
345,3,4,1,32400,46,0.001419753086419753,24.086956024169922,0.3617021276595745,0.2826086956521739
345,3,4,2,32400,56,0.0017283950617283952,23.303571701049805,0.2608695652173913,0.375
345,3,5,0,32400,94,0.0029012345679012346,21.351062774658203,0.37037037037037035,0.3617021276595745
345,3,5,1,32400,48,0.0014814814814814814,34.812496185302734,0.2391304347826087,0.3541666666666667
345,3,5,2,32400,55,0.0016975308641975309,35.72726821899414,0.30357142857142855,0.21818181818181817
345,3,6,0,32400,104,0.0032098765432098763,21.346155166625977,0.4574468085106383,0.4230769230769231
345,3,6,1,32400,48,0.0014814814814814814,25.833332061767578,0.4583333333333333,0.4791666666666667
345,3,6,2,32400,62,0.0019135802469135803,29.725805282592773,0.32727272727272727,0.24193548387096775
345,3,7,0,32400,114,0.0035185185185185185,40.23684310913086,0.4423076923076923,0.4473684210526316
345,3,7,1,32400,50,0.0015432098765432098,37.119998931884766,0.3125,0.24
345,3,7,2,32400,67,0.002067901234567901,28.716413497924805,0.3709677419354839,0.31343283582089554
345,3,8,0,32400,119,0.0036728395061728395,29.77311134338379,0.4298245614035088,0.5546218487394958
345,3,8,1,32400,39,0.0012037037037037038,42.871795654296875,0.26,0.28205128205128205
345,3,8,2,32400,58,0.0017901234567901235,26.9310359954834,0.22388059701492538,0.3103448275862069
345,3,9,0,32400,122,0.003765432098765432,28.926227569580078,0.47058823529411764,0.5491803278688525
345,3,9,1,32400,35,0.0010802469135802468,24.628572463989258,0.3333333333333333,0.37142857142857144
345,3,9,2,32400,70,0.0021604938271604936,25.58571434020996,0.3448275862068966,0.32857142857142857
345,3,10,0,32400,102,0.003148148148148148,28.598039627075195,0.3770491803278688,0.47058823529411764
345,3,10,1,32400,36,0.0011111111111111111,19.91666603088379,0.2857142857142857,0.4166666666666667
345,3,10,2,32400,60,0.001851851851851852,31.166667938232422,0.21428571428571427,0.36666666666666664
345,3,11,0,32400,114,0.0035185185185185185,25.11403465270996,0.5,0.5
345,3,11,1,32400,30,0.000925925925925926,21.33333396911621,0.3611111111111111,0.3333333333333333
345,3,11,2,32400,42,0.0012962962962962963,14.7380952835083,0.26666666666666666,0.30952380952380953
345,3,12,0,32400,103,0.0031790123456790125,22.60194206237793,0.41228070175438597,0.36893203883495146
345,3,12,1,32400,47,0.0014506172839506173,18.319149017333984,0.4,0.48936170212765956
345,3,12,2,32400,45,0.001388888888888889,28.822223663330078,0.23809523809523808,0.2222222222222222
345,3,13,0,32400,99,0.0030555555555555557,28.06060791015625,0.36893203883495146,0.31313131313131315
345,3,13,1,32400,34,0.0010493827160493827,19.264705657958984,0.3617021276595745,0.4411764705882353
345,3,13,2,32400,65,0.002006172839506173,46.56922912597656,0.28888888888888886,0.38461538461538464
345,3,14,0,32400,107,0.0033024691358024692,27.130840301513672,0.42424242424242425,0.4672897196261682
345,3,14,1,32400,39,0.0012037037037037038,18.256410598754883,0.4117647058823529,0.3333333333333333
345,3,14,2,32400,39,0.0012037037037037038,24.666667938232422,0.16923076923076924,0.3333333333333333
345,3,15,0,32400,119,0.0036728395061728395,14.571429252624512,0.3925233644859813,0.3025210084033613
345,3,15,1,32400,40,0.0012345679012345679,18.875,0.3076923076923077,0.325
345,3,15,2,32400,64,0.0019753086419753087,15.984375,0.4358974358974359,0.296875
345,3,16,0,32400,126,0.0038888888888888888,41.261905670166016,0.42016806722689076,0.47619047619047616
345,3,16,1,32400,41,0.0012654320987654322,34.4878044128418,0.375,0.36585365853658536
345,3,16,2,32400,73,0.0022530864197530865,15.095890045166016,0.359375,0.3972602739726027
345,3,17,0,32400,121,0.0037345679012345677,20.471071243286133,0.4523809523809524,0.39669421487603307
345,3,17,1,32400,42,0.0012962962962962963,15.214285850524902,0.36585365853658536,0.40476190476190477
345,3,17,2,32400,66,0.002037037037037037,17.196969985961914,0.2876712328767123,0.42424242424242425
345,3,18,0,32400,137,0.004228395061728395,16.605838775634766,0.4297520661157025,0.4233576642335766
345,3,18,1,32400,49,0.0015123456790123457,21.32653045654297,0.42857142857142855,0.3469387755102041
345,3,18,2,32400,72,0.0022222222222222222,16.45833396911621,0.2727272727272727,0.2916666666666667
345,3,19,0,32400,147,0.004537037037037037,16.374149322509766,0.49635036496350365,0.4489795918367347
345,3,19,1,32400,50,0.0015432098765432098,19.34000015258789,0.2857142857142857,0.32
345,3,19,2,32400,80,0.0024691358024691358,13.475000381469727,0.4027777777777778,0.375
345,3,20,0,32400,131,0.00404320987654321,20.106870651245117,0.4217687074829932,0.4351145038167939
345,3,20,1,32400,60,0.001851851851851852,28.900001525878906,0.36,0.38333333333333336
345,3,20,2,32400,63,0.0019444444444444444,17.4920654296875,0.35,0.3968253968253968
345,3,21,0,32400,110,0.0033950617283950617,21.263635635375977,0.3893129770992366,0.36363636363636365
345,3,21,1,32400,45,0.001388888888888889,30.33333396911621,0.3333333333333333,0.4222222222222222
345,3,21,2,32400,60,0.001851851851851852,15.616668701171875,0.38095238095238093,0.31666666666666665
345,3,22,0,32400,115,0.0035493827160493828,13.886956214904785,0.4636363636363636,0.5391304347826087
345,3,22,1,32400,22,0.0006790123456790123,10.454545974731445,0.17777777777777778,0.09090909090909091
345,3,22,2,32400,59,0.0018209876543209876,16.610170364379883,0.35,0.4067796610169492
345,3,23,0,32400,130,0.004012345679012346,14.146153450012207,0.48695652173913045,0.5307692307692308
345,3,23,1,32400,31,0.0009567901234567902,12.064516067504883,0.36363636363636365,0.22580645161290322
345,3,23,2,32400,62,0.0019135802469135803,10.67741870880127,0.3559322033898305,0.532258064516129
345,3,24,0,32400,106,0.003271604938271605,29.669811248779297,0.45384615384615384,0.5377358490566038
345,3,24,1,32400,35,0.0010802469135802468,20.02857208251953,0.3225806451612903,0.14285714285714285
345,3,24,2,32400,66,0.002037037037037037,31.22727394104004,0.41935483870967744,0.5151515151515151
345,3,25,0,32400,129,0.003981481481481482,21.031007766723633,0.4811320754716981,0.5271317829457365
345,3,25,1,32400,32,0.0009876543209876543,32.375,0.2857142857142857,0.28125
345,3,25,2,32400,68,0.0020987654320987655,13.838234901428223,0.30303030303030304,0.4117647058823529
345,3,26,0,32400,112,0.0034567901234567903,23.96428680419922,0.3875968992248062,0.4375
345,3,26,1,32400,29,0.0008950617283950618,33.68965530395508,0.28125,0.10344827586206896
345,3,26,2,32400,70,0.0021604938271604936,22.785715103149414,0.38235294117647056,0.4857142857142857
345,3,27,0,32400,144,0.0044444444444444444,25.875,0.45535714285714285,0.4583333333333333
345,3,27,1,32400,23,0.0007098765432098765,29.173913955688477,0.27586206896551724,0.13043478260869565
345,3,27,2,32400,71,0.002191358024691358,23.63380241394043,0.35714285714285715,0.43661971830985913
345,3,28,0,32400,114,0.0035185185185185185,16.570175170898438,0.3541666666666667,0.40350877192982454
345,3,28,1,32400,29,0.0008950617283950618,11.275861740112305,0.21739130434782608,0.3103448275862069
345,3,28,2,32400,51,0.001574074074074074,22.941177368164062,0.22535211267605634,0.39215686274509803
345,3,29,0,32400,136,0.004197530864197531,18.014705657958984,0.4473684210526316,0.4485294117647059
345,3,29,1,32400,33,0.0010185185185185184,14.181818962097168,0.20689655172413793,0.2727272727272727
345,3,29,2,32400,68,0.0020987654320987655,15.882352828979492,0.43137254901960786,0.4117647058823529
345,3,30,0,32400,138,0.0042592592592592595,22.855072021484375,0.45588235294117646,0.572463768115942
345,3,30,1,32400,46,0.001419753086419753,27.84782600402832,0.45454545454545453,0.391304347826087
345,3,30,2,32400,71,0.002191358024691358,22.591548919677734,0.27941176470588236,0.43661971830985913
345,3,31,0,32400,148,0.004567901234567902,29.77027130126953,0.42028985507246375,0.44594594594594594
345,3,31,1,32400,36,0.0011111111111111111,31.80555534362793,0.2826086956521739,0.3055555555555556
345,3,31,2,32400,63,0.0019444444444444444,34.761905670166016,0.36619718309859156,0.36507936507936506
345,3,32,0,32400,142,0.004382716049382716,22.30281639099121,0.3581081081081081,0.38028169014084506
345,3,32,1,32400,31,0.0009567901234567902,28.129032135009766,0.3333333333333333,0.16129032258064516
345,3,32,2,32400,67,0.002067901234567901,20.104476928710938,0.2857142857142857,0.29850746268656714
345,3,33,0,32400,136,0.004197530864197531,21.15441131591797,0.38028169014084506,0.375
345,3,33,1,32400,27,0.0008333333333333334,16.370370864868164,0.25806451612903225,0.18518518518518517
345,3,33,2,32400,72,0.0022222222222222222,19.88888931274414,0.29850746268656714,0.4722222222222222
345,3,34,0,32400,142,0.004382716049382716,27.957746505737305,0.4411764705882353,0.5704225352112676
345,3,34,1,32400,32,0.0009876543209876543,23.3125,0.2962962962962963,0.3125
345,3,34,2,32400,50,0.0015432098765432098,22.84000015258789,0.2916666666666667,0.22
345,3,35,0,32400,130,0.004012345679012346,19.5230770111084,0.4014084507042254,0.43846153846153846
345,3,35,1,32400,22,0.0006790123456790123,32.04545974731445,0.34375,0.18181818181818182
345,3,35,2,32400,47,0.0014506172839506173,13.91489315032959,0.36,0.3829787234042553
346,0,1,0,32400,92,0.002839506172839506,33.20652389526367,-1.0,0.32608695652173914
346,0,1,1,32400,41,0.0012654320987654322,26.2439022064209,-1.0,0.34146341463414637
346,0,1,2,32400,62,0.0019135802469135803,26.225805282592773,-1.0,0.3064516129032258
346,0,2,0,32400,101,0.003117283950617284,21.554454803466797,0.32608695652173914,0.46534653465346537
346,0,2,1,32400,47,0.0014506172839506173,33.65957260131836,0.43902439024390244,0.44680851063829785
346,0,2,2,32400,69,0.0021296296296296298,29.913043975830078,0.27419354838709675,0.2898550724637681
346,0,3,0,32400,108,0.0033333333333333335,27.40740966796875,0.42574257425742573,0.4074074074074074
346,0,3,1,32400,46,0.001419753086419753,29.239133834838867,0.3617021276595745,0.2826086956521739
346,0,3,2,32400,56,0.0017283950617283952,21.500001907348633,0.2608695652173913,0.375
346,0,4,0,32400,94,0.0029012345679012346,34.29787063598633,0.37037037037037035,0.3617021276595745
346,0,4,1,32400,48,0.0014814814814814814,27.666667938232422,0.2391304347826087,0.3541666666666667
346,0,4,2,32400,55,0.0016975308641975309,32.981815338134766,0.30357142857142855,0.21818181818181817
346,0,5,0,32400,104,0.0032098765432098763,26.855770111083984,0.4574468085106383,0.4230769230769231
346,0,5,1,32400,48,0.0014814814814814814,38.625,0.4583333333333333,0.4791666666666667
346,0,5,2,32400,62,0.0019135802469135803,27.435483932495117,0.32727272727272727,0.24193548387096775
346,0,6,0,32400,114,0.0035185185185185185,23.921052932739258,0.4423076923076923,0.4473684210526316
346,0,6,1,32400,50,0.0015432098765432098,24.5,0.3125,0.24
346,0,6,2,32400,67,0.002067901234567901,26.149253845214844,0.3709677419354839,0.31343283582089554
346,0,7,0,32400,119,0.0036728395061728395,22.008403778076172,0.4298245614035088,0.5546218487394958
346,0,7,1,32400,39,0.0012037037037037038,32.69230651855469,0.26,0.28205128205128205
346,0,7,2,32400,58,0.0017901234567901235,28.517240524291992,0.22388059701492538,0.3103448275862069
346,0,8,0,32400,122,0.003765432098765432,30.745899200439453,0.47058823529411764,0.5491803278688525
346,0,8,1,32400,35,0.0010802469135802468,27.571430206298828,0.3333333333333333,0.37142857142857144
346,0,8,2,32400,70,0.0021604938271604936,21.47142791748047,0.3448275862068966,0.32857142857142857
346,0,9,0,32400,102,0.003148148148148148,19.960784912109375,0.3770491803278688,0.47058823529411764
346,0,9,1,32400,36,0.0011111111111111111,13.19444465637207,0.2857142857142857,0.4166666666666667
346,0,9,2,32400,60,0.001851851851851852,18.066667556762695,0.21428571428571427,0.36666666666666664
346,0,10,0,32400,114,0.0035185185185185185,24.692981719970703,0.5,0.5
346,0,10,1,32400,30,0.000925925925925926,18.700000762939453,0.3611111111111111,0.3333333333333333
346,0,10,2,32400,42,0.0012962962962962963,31.428571701049805,0.26666666666666666,0.30952380952380953
346,0,11,0,32400,103,0.0031790123456790125,34.475730895996094,0.41228070175438597,0.36893203883495146
346,0,11,1,32400,47,0.0014506172839506173,24.851062774658203,0.4,0.48936170212765956
346,0,11,2,32400,45,0.001388888888888889,50.80000305175781,0.23809523809523808,0.2222222222222222
346,0,12,0,32400,99,0.0030555555555555557,39.14141082763672,0.36893203883495146,0.31313131313131315
346,0,12,1,32400,34,0.0010493827160493827,60.588233947753906,0.3617021276595745,0.4411764705882353
346,0,12,2,32400,65,0.002006172839506173,47.66153335571289,0.28888888888888886,0.38461538461538464
346,0,13,0,32400,107,0.0033024691358024692,29.11214828491211,0.42424242424242425,0.4672897196261682
346,0,13,1,32400,39,0.0012037037037037038,28.820512771606445,0.4117647058823529,0.3333333333333333
346,0,13,2,32400,39,0.0012037037037037038,41.256412506103516,0.16923076923076924,0.3333333333333333
346,0,14,0,32400,119,0.0036728395061728395,25.75630760192871,0.3925233644859813,0.3025210084033613
346,0,14,1,32400,40,0.0012345679012345679,21.675003051757812,0.3076923076923077,0.325
346,0,14,2,32400,64,0.0019753086419753087,24.453125,0.4358974358974359,0.296875
346,0,15,0,32400,126,0.0038888888888888888,31.230159759521484,0.42016806722689076,0.47619047619047616
346,0,15,1,32400,41,0.0012654320987654322,32.1219482421875,0.375,0.36585365853658536
346,0,15,2,32400,73,0.0022530864197530865,24.438356399536133,0.359375,0.3972602739726027
346,0,16,0,32400,121,0.0037345679012345677,21.661155700683594,0.4523809523809524,0.39669421487603307
346,0,16,1,32400,42,0.0012962962962962963,25.119047164916992,0.36585365853658536,0.40476190476190477
346,0,16,2,32400,66,0.002037037037037037,33.07575988769531,0.2876712328767123,0.42424242424242425
346,0,17,0,32400,137,0.004228395061728395,8.846714973449707,0.4297520661157025,0.4233576642335766
346,0,17,1,32400,49,0.0015123456790123457,12.979591369628906,0.42857142857142855,0.3469387755102041
346,0,17,2,32400,72,0.0022222222222222222,10.13888931274414,0.2727272727272727,0.2916666666666667
346,0,18,0,32400,147,0.004537037037037037,28.979591369628906,0.49635036496350365,0.4489795918367347
346,0,18,1,32400,50,0.0015432098765432098,50.459999084472656,0.2857142857142857,0.32
346,0,18,2,32400,80,0.0024691358024691358,21.200002670288086,0.4027777777777778,0.375
346,0,19,0,32400,131,0.00404320987654321,29.068700790405273,0.4217687074829932,0.4351145038167939
346,0,19,1,32400,60,0.001851851851851852,19.000001907348633,0.36,0.38333333333333336
346,0,19,2,32400,63,0.0019444444444444444,32.95237731933594,0.35,0.3968253968253968
346,0,20,0,32400,110,0.0033950617283950617,29.581815719604492,0.3893129770992366,0.36363636363636365
346,0,20,1,32400,45,0.001388888888888889,26.46666717529297,0.3333333333333333,0.4222222222222222
346,0,20,2,32400,60,0.001851851851851852,43.666664123535156,0.38095238095238093,0.31666666666666665
346,0,21,0,32400,115,0.0035493827160493828,23.07826042175293,0.4636363636363636,0.5391304347826087
346,0,21,1,32400,22,0.0006790123456790123,16.18181800842285,0.17777777777777778,0.09090909090909091
346,0,21,2,32400,59,0.0018209876543209876,22.084745407104492,0.35,0.4067796610169492
346,0,22,0,32400,130,0.004012345679012346,26.323074340820312,0.48695652173913045,0.5307692307692308
346,0,22,1,32400,31,0.0009567901234567902,10.354838371276855,0.36363636363636365,0.22580645161290322
346,0,22,2,32400,62,0.0019135802469135803,17.580646514892578,0.3559322033898305,0.532258064516129
346,0,23,0,32400,106,0.003271604938271605,18.773584365844727,0.45384615384615384,0.5377358490566038
346,0,23,1,32400,35,0.0010802469135802468,12.571429252624512,0.3225806451612903,0.14285714285714285
346,0,23,2,32400,66,0.002037037037037037,20.5,0.41935483870967744,0.5151515151515151
346,0,24,0,32400,129,0.003981481481481482,18.193798065185547,0.4811320754716981,0.5271317829457365
346,0,24,1,32400,32,0.0009876543209876543,15.375,0.2857142857142857,0.28125
346,0,24,2,32400,68,0.0020987654320987655,18.044116973876953,0.30303030303030304,0.4117647058823529
346,0,25,0,32400,112,0.0034567901234567903,28.29464340209961,0.3875968992248062,0.4375
346,0,25,1,32400,29,0.0008950617283950618,13.793103218078613,0.28125,0.10344827586206896
346,0,25,2,32400,70,0.0021604938271604936,21.30000114440918,0.38235294117647056,0.4857142857142857
346,0,26,0,32400,144,0.0044444444444444444,26.375,0.45535714285714285,0.4583333333333333
346,0,26,1,32400,23,0.0007098765432098765,20.7391300201416,0.27586206896551724,0.13043478260869565
346,0,26,2,32400,71,0.002191358024691358,22.873241424560547,0.35714285714285715,0.43661971830985913
346,0,27,0,32400,114,0.0035185185185185185,32.85087585449219,0.3541666666666667,0.40350877192982454
346,0,27,1,32400,29,0.0008950617283950618,22.275861740112305,0.21739130434782608,0.3103448275862069
346,0,27,2,32400,51,0.001574074074074074,34.82353210449219,0.22535211267605634,0.39215686274509803
346,0,28,0,32400,136,0.004197530864197531,54.625,0.4473684210526316,0.4485294117647059
346,0,28,1,32400,33,0.0010185185185185184,101.66667175292969,0.20689655172413793,0.2727272727272727
346,0,28,2,32400,68,0.0020987654320987655,90.10293579101562,0.43137254901960786,0.4117647058823529
346,0,29,0,32400,138,0.0042592592592592595,25.949275970458984,0.45588235294117646,0.572463768115942
346,0,29,1,32400,46,0.001419753086419753,26.021739959716797,0.45454545454545453,0.391304347826087
346,0,29,2,32400,71,0.002191358024691358,27.647886276245117,0.27941176470588236,0.43661971830985913
346,0,30,0,32400,148,0.004567901234567902,26.57432746887207,0.42028985507246375,0.44594594594594594
346,0,30,1,32400,36,0.0011111111111111111,28.305557250976562,0.2826086956521739,0.3055555555555556
346,0,30,2,32400,63,0.0019444444444444444,20.19047737121582,0.36619718309859156,0.36507936507936506
346,0,31,0,32400,142,0.004382716049382716,19.63380241394043,0.3581081081081081,0.38028169014084506
346,0,31,1,32400,31,0.0009567901234567902,27.096773147583008,0.3333333333333333,0.16129032258064516
346,0,31,2,32400,67,0.002067901234567901,31.46268653869629,0.2857142857142857,0.29850746268656714
346,0,32,0,32400,136,0.004197530864197531,30.323530197143555,0.38028169014084506,0.375
346,0,32,1,32400,27,0.0008333333333333334,28.0,0.25806451612903225,0.18518518518518517
346,0,32,2,32400,72,0.0022222222222222222,25.86111068725586,0.29850746268656714,0.4722222222222222
346,0,33,0,32400,142,0.004382716049382716,50.119712829589844,0.4411764705882353,0.5704225352112676
346,0,33,1,32400,32,0.0009876543209876543,103.24998474121094,0.2962962962962963,0.3125
346,0,33,2,32400,50,0.0015432098765432098,44.13999938964844,0.2916666666666667,0.22
346,0,34,0,32400,130,0.004012345679012346,15.538461685180664,0.4014084507042254,0.43846153846153846
346,0,34,1,32400,22,0.0006790123456790123,15.954546928405762,0.34375,0.18181818181818182
346,0,34,2,32400,47,0.0014506172839506173,14.510638236999512,0.36,0.3829787234042553
346,0,35,0,32400,144,0.0044444444444444444,24.27083396911621,0.4230769230769231,0.4444444444444444
346,0,35,1,32400,26,0.0008024691358024691,35.0384635925293,0.2727272727272727,0.3076923076923077
346,0,35,2,32400,57,0.0017592592592592592,23.03508758544922,0.3617021276595745,0.2982456140350877
346,1,1,0,32400,92,0.002839506172839506,22.90217399597168,-1.0,0.32608695652173914
346,1,1,1,32400,41,0.0012654320987654322,22.75609588623047,-1.0,0.34146341463414637
346,1,1,2,32400,62,0.0019135802469135803,24.822580337524414,-1.0,0.3064516129032258
346,1,2,0,32400,101,0.003117283950617284,12.643564224243164,0.32608695652173914,0.46534653465346537
346,1,2,1,32400,47,0.0014506172839506173,12.531914710998535,0.43902439024390244,0.44680851063829785
346,1,2,2,32400,69,0.0021296296296296298,15.17391300201416,0.27419354838709675,0.2898550724637681
346,1,3,0,32400,108,0.0033333333333333335,21.60185432434082,0.42574257425742573,0.4074074074074074
346,1,3,1,32400,46,0.001419753086419753,19.630435943603516,0.3617021276595745,0.2826086956521739
346,1,3,2,32400,56,0.0017283950617283952,17.10714340209961,0.2608695652173913,0.375
346,1,4,0,32400,94,0.0029012345679012346,39.86170196533203,0.37037037037037035,0.3617021276595745
346,1,4,1,32400,48,0.0014814814814814814,37.708335876464844,0.2391304347826087,0.3541666666666667
346,1,4,2,32400,55,0.0016975308641975309,47.45454025268555,0.30357142857142855,0.21818181818181817
346,1,5,0,32400,104,0.0032098765432098763,30.701923370361328,0.4574468085106383,0.4230769230769231
346,1,5,1,32400,48,0.0014814814814814814,36.020835876464844,0.4583333333333333,0.4791666666666667
346,1,5,2,32400,62,0.0019135802469135803,34.935482025146484,0.32727272727272727,0.24193548387096775
346,1,6,0,32400,114,0.0035185185185185185,44.72806930541992,0.4423076923076923,0.4473684210526316
346,1,6,1,32400,50,0.0015432098765432098,43.10000228881836,0.3125,0.24
346,1,6,2,32400,67,0.002067901234567901,26.686567306518555,0.3709677419354839,0.31343283582089554
346,1,7,0,32400,119,0.0036728395061728395,26.39495849609375,0.4298245614035088,0.5546218487394958
346,1,7,1,32400,39,0.0012037037037037038,20.615385055541992,0.26,0.28205128205128205
346,1,7,2,32400,58,0.0017901234567901235,29.051727294921875,0.22388059701492538,0.3103448275862069
346,1,8,0,32400,122,0.003765432098765432,22.614755630493164,0.47058823529411764,0.5491803278688525
346,1,8,1,32400,35,0.0010802469135802468,19.114286422729492,0.3333333333333333,0.37142857142857144
346,1,8,2,32400,70,0.0021604938271604936,35.142860412597656,0.3448275862068966,0.32857142857142857
346,1,9,0,32400,102,0.003148148148148148,25.960784912109375,0.3770491803278688,0.47058823529411764
346,1,9,1,32400,36,0.0011111111111111111,48.88888931274414,0.2857142857142857,0.4166666666666667
346,1,9,2,32400,60,0.001851851851851852,26.166667938232422,0.21428571428571427,0.36666666666666664
346,1,10,0,32400,114,0.0035185185185185185,24.5,0.5,0.5
346,1,10,1,32400,30,0.000925925925925926,42.73333740234375,0.3611111111111111,0.3333333333333333
346,1,10,2,32400,42,0.0012962962962962963,24.928571701049805,0.26666666666666666,0.30952380952380953
346,1,11,0,32400,103,0.0031790123456790125,29.902912139892578,0.41228070175438597,0.36893203883495146
346,1,11,1,32400,47,0.0014506172839506173,36.02127456665039,0.4,0.48936170212765956
346,1,11,2,32400,45,0.001388888888888889,38.64444351196289,0.23809523809523808,0.2222222222222222
346,1,12,0,32400,99,0.0030555555555555557,23.050504684448242,0.36893203883495146,0.31313131313131315
346,1,12,1,32400,34,0.0010493827160493827,17.41176414489746,0.3617021276595745,0.4411764705882353
346,1,12,2,32400,65,0.002006172839506173,40.56922912597656,0.28888888888888886,0.38461538461538464
346,1,13,0,32400,107,0.0033024691358024692,26.971961975097656,0.42424242424242425,0.4672897196261682
346,1,13,1,32400,39,0.0012037037037037038,32.615386962890625,0.4117647058823529,0.3333333333333333
346,1,13,2,32400,39,0.0012037037037037038,33.128204345703125,0.16923076923076924,0.3333333333333333
346,1,14,0,32400,119,0.0036728395061728395,22.13445472717285,0.3925233644859813,0.3025210084033613
346,1,14,1,32400,40,0.0012345679012345679,15.02500057220459,0.3076923076923077,0.325
346,1,14,2,32400,64,0.0019753086419753087,19.015625,0.4358974358974359,0.296875
346,1,15,0,32400,126,0.0038888888888888888,19.587303161621094,0.42016806722689076,0.47619047619047616
346,1,15,1,32400,41,0.0012654320987654322,17.51219367980957,0.375,0.36585365853658536
346,1,15,2,32400,73,0.0022530864197530865,20.780820846557617,0.359375,0.3972602739726027
346,1,16,0,32400,121,0.0037345679012345677,31.20660972595215,0.4523809523809524,0.39669421487603307
346,1,16,1,32400,42,0.0012962962962962963,22.333335876464844,0.36585365853658536,0.40476190476190477
346,1,16,2,32400,66,0.002037037037037037,29.98484992980957,0.2876712328767123,0.42424242424242425
346,1,17,0,32400,137,0.004228395061728395,40.61314010620117,0.4297520661157025,0.4233576642335766
346,1,17,1,32400,49,0.0015123456790123457,33.85714340209961,0.42857142857142855,0.3469387755102041
346,1,17,2,32400,72,0.0022222222222222222,29.52777862548828,0.2727272727272727,0.2916666666666667
346,1,18,0,32400,147,0.004537037037037037,32.93877410888672,0.49635036496350365,0.4489795918367347
346,1,18,1,32400,50,0.0015432098765432098,41.779998779296875,0.2857142857142857,0.32
346,1,18,2,32400,80,0.0024691358024691358,25.6875,0.4027777777777778,0.375
346,1,19,0,32400,131,0.00404320987654321,38.5572509765625,0.4217687074829932,0.4351145038167939
346,1,19,1,32400,60,0.001851851851851852,53.066673278808594,0.36,0.38333333333333336
346,1,19,2,32400,63,0.0019444444444444444,20.095239639282227,0.35,0.3968253968253968
346,1,20,0,32400,110,0.0033950617283950617,35.172725677490234,0.3893129770992366,0.36363636363636365
346,1,20,1,32400,45,0.001388888888888889,43.866668701171875,0.3333333333333333,0.4222222222222222
346,1,20,2,32400,60,0.001851851851851852,48.91666793823242,0.38095238095238093,0.31666666666666665
346,1,21,0,32400,115,0.0035493827160493828,33.573909759521484,0.4636363636363636,0.5391304347826087
346,1,21,1,32400,22,0.0006790123456790123,90.09091186523438,0.17777777777777778,0.09090909090909091
346,1,21,2,32400,59,0.0018209876543209876,28.81355857849121,0.35,0.4067796610169492
346,1,22,0,32400,130,0.004012345679012346,28.4615421295166,0.48695652173913045,0.5307692307692308
346,1,22,1,32400,31,0.0009567901234567902,17.612903594970703,0.36363636363636365,0.22580645161290322
346,1,22,2,32400,62,0.0019135802469135803,27.500001907348633,0.3559322033898305,0.532258064516129
346,1,23,0,32400,106,0.003271604938271605,26.30188751220703,0.45384615384615384,0.5377358490566038
346,1,23,1,32400,35,0.0010802469135802468,31.399999618530273,0.3225806451612903,0.14285714285714285
346,1,23,2,32400,66,0.002037037037037037,28.07575798034668,0.41935483870967744,0.5151515151515151
346,1,24,0,32400,129,0.003981481481481482,24.744186401367188,0.4811320754716981,0.5271317829457365
346,1,24,1,32400,32,0.0009876543209876543,43.625003814697266,0.2857142857142857,0.28125
346,1,24,2,32400,68,0.0020987654320987655,24.764705657958984,0.30303030303030304,0.4117647058823529
346,1,25,0,32400,112,0.0034567901234567903,14.241071701049805,0.3875968992248062,0.4375
346,1,25,1,32400,29,0.0008950617283950618,14.068965911865234,0.28125,0.10344827586206896
346,1,25,2,32400,70,0.0021604938271604936,25.457141876220703,0.38235294117647056,0.4857142857142857
346,1,26,0,32400,144,0.0044444444444444444,16.11805534362793,0.45535714285714285,0.4583333333333333
346,1,26,1,32400,23,0.0007098765432098765,17.7391300201416,0.27586206896551724,0.13043478260869565
346,1,26,2,32400,71,0.002191358024691358,17.19718360900879,0.35714285714285715,0.43661971830985913
346,1,27,0,32400,114,0.0035185185185185185,26.25438690185547,0.3541666666666667,0.40350877192982454
346,1,27,1,32400,29,0.0008950617283950618,30.758621215820312,0.21739130434782608,0.3103448275862069
346,1,27,2,32400,51,0.001574074074074074,38.11764907836914,0.22535211267605634,0.39215686274509803
346,1,28,0,32400,136,0.004197530864197531,27.71323585510254,0.4473684210526316,0.4485294117647059
346,1,28,1,32400,33,0.0010185185185185184,27.90909194946289,0.20689655172413793,0.2727272727272727
346,1,28,2,32400,68,0.0020987654320987655,29.941177368164062,0.43137254901960786,0.4117647058823529
346,1,29,0,32400,138,0.0042592592592592595,22.724637985229492,0.45588235294117646,0.572463768115942
346,1,29,1,32400,46,0.001419753086419753,33.76087188720703,0.45454545454545453,0.391304347826087
346,1,29,2,32400,71,0.002191358024691358,23.422534942626953,0.27941176470588236,0.43661971830985913
346,1,30,0,32400,148,0.004567901234567902,16.9797306060791,0.42028985507246375,0.44594594594594594
346,1,30,1,32400,36,0.0011111111111111111,17.888891220092773,0.2826086956521739,0.3055555555555556
346,1,30,2,32400,63,0.0019444444444444444,12.412698745727539,0.36619718309859156,0.36507936507936506
346,1,31,0,32400,142,0.004382716049382716,25.73943519592285,0.3581081081081081,0.38028169014084506
346,1,31,1,32400,31,0.0009567901234567902,56.83870315551758,0.3333333333333333,0.16129032258064516
346,1,31,2,32400,67,0.002067901234567901,43.55223846435547,0.2857142857142857,0.29850746268656714
346,1,32,0,32400,136,0.004197530864197531,28.25,0.38028169014084506,0.375
346,1,32,1,32400,27,0.0008333333333333334,34.703704833984375,0.25806451612903225,0.18518518518518517
346,1,32,2,32400,72,0.0022222222222222222,27.94444465637207,0.29850746268656714,0.4722222222222222
346,1,33,0,32400,142,0.004382716049382716,19.556337356567383,0.4411764705882353,0.5704225352112676
346,1,33,1,32400,32,0.0009876543209876543,15.75,0.2962962962962963,0.3125
346,1,33,2,32400,50,0.0015432098765432098,20.19999885559082,0.2916666666666667,0.22
346,1,34,0,32400,130,0.004012345679012346,34.853851318359375,0.4014084507042254,0.43846153846153846
346,1,34,1,32400,22,0.0006790123456790123,20.045455932617188,0.34375,0.18181818181818182
346,1,34,2,32400,47,0.0014506172839506173,53.82978439331055,0.36,0.3829787234042553
346,1,35,0,32400,144,0.0044444444444444444,29.875,0.4230769230769231,0.4444444444444444
346,1,35,1,32400,26,0.0008024691358024691,15.923077583312988,0.2727272727272727,0.3076923076923077
346,1,35,2,32400,57,0.0017592592592592592,20.666664123535156,0.3617021276595745,0.2982456140350877
346,2,1,0,32400,92,0.002839506172839506,29.34782600402832,-1.0,0.32608695652173914
346,2,1,1,32400,41,0.0012654320987654322,32.17073059082031,-1.0,0.34146341463414637
346,2,1,2,32400,62,0.0019135802469135803,24.95161247253418,-1.0,0.3064516129032258
346,2,2,0,32400,101,0.003117283950617284,33.0098991394043,0.32608695652173914,0.46534653465346537
346,2,2,1,32400,47,0.0014506172839506173,18.808509826660156,0.43902439024390244,0.44680851063829785
346,2,2,2,32400,69,0.0021296296296296298,25.869564056396484,0.27419354838709675,0.2898550724637681
346,2,3,0,32400,108,0.0033333333333333335,26.898147583007812,0.42574257425742573,0.4074074074074074
346,2,3,1,32400,46,0.001419753086419753,22.282609939575195,0.3617021276595745,0.2826086956521739
346,2,3,2,32400,56,0.0017283950617283952,31.375001907348633,0.2608695652173913,0.375
346,2,4,0,32400,94,0.0029012345679012346,31.478721618652344,0.37037037037037035,0.3617021276595745
346,2,4,1,32400,48,0.0014814814814814814,48.333335876464844,0.2391304347826087,0.3541666666666667
346,2,4,2,32400,55,0.0016975308641975309,48.836360931396484,0.30357142857142855,0.21818181818181817
346,2,5,0,32400,104,0.0032098765432098763,12.711539268493652,0.4574468085106383,0.4230769230769231
346,2,5,1,32400,48,0.0014814814814814814,16.33333396911621,0.4583333333333333,0.4791666666666667
346,2,5,2,32400,62,0.0019135802469135803,18.85483741760254,0.32727272727272727,0.24193548387096775
346,2,6,0,32400,114,0.0035185185185185185,12.421052932739258,0.4423076923076923,0.4473684210526316
346,2,6,1,32400,50,0.0015432098765432098,10.559999465942383,0.3125,0.24
346,2,6,2,32400,67,0.002067901234567901,10.970149040222168,0.3709677419354839,0.31343283582089554
346,2,7,0,32400,119,0.0036728395061728395,67.98320007324219,0.4298245614035088,0.5546218487394958
346,2,7,1,32400,39,0.0012037037037037038,44.10256576538086,0.26,0.28205128205128205
346,2,7,2,32400,58,0.0017901234567901235,124.48275756835938,0.22388059701492538,0.3103448275862069
346,2,8,0,32400,122,0.003765432098765432,28.21311378479004,0.47058823529411764,0.5491803278688525
346,2,8,1,32400,35,0.0010802469135802468,32.14285659790039,0.3333333333333333,0.37142857142857144
346,2,8,2,32400,70,0.0021604938271604936,41.128570556640625,0.3448275862068966,0.32857142857142857
346,2,9,0,32400,102,0.003148148148148148,18.8137264251709,0.3770491803278688,0.47058823529411764
346,2,9,1,32400,36,0.0011111111111111111,12.5,0.2857142857142857,0.4166666666666667
346,2,9,2,32400,60,0.001851851851851852,12.850000381469727,0.21428571428571427,0.36666666666666664
346,2,10,0,32400,114,0.0035185185185185185,28.59649085998535,0.5,0.5
346,2,10,1,32400,30,0.000925925925925926,43.06666946411133,0.3611111111111111,0.3333333333333333
346,2,10,2,32400,42,0.0012962962962962963,20.5,0.26666666666666666,0.30952380952380953
346,2,11,0,32400,103,0.0031790123456790125,22.39805793762207,0.41228070175438597,0.36893203883495146
346,2,11,1,32400,47,0.0014506172839506173,20.510637283325195,0.4,0.48936170212765956
346,2,11,2,32400,45,0.001388888888888889,18.399999618530273,0.23809523809523808,0.2222222222222222
346,2,12,0,32400,99,0.0030555555555555557,42.050506591796875,0.36893203883495146,0.31313131313131315
346,2,12,1,32400,34,0.0010493827160493827,58.529415130615234,0.3617021276595745,0.4411764705882353
346,2,12,2,32400,65,0.002006172839506173,42.70769119262695,0.28888888888888886,0.38461538461538464
346,2,13,0,32400,107,0.0033024691358024692,43.205604553222656,0.42424242424242425,0.4672897196261682
346,2,13,1,32400,39,0.0012037037037037038,51.74359130859375,0.4117647058823529,0.3333333333333333
346,2,13,2,32400,39,0.0012037037037037038,29.512821197509766,0.16923076923076924,0.3333333333333333
346,2,14,0,32400,119,0.0036728395061728395,28.226892471313477,0.3925233644859813,0.3025210084033613
346,2,14,1,32400,40,0.0012345679012345679,40.249996185302734,0.3076923076923077,0.325
346,2,14,2,32400,64,0.0019753086419753087,33.09375,0.4358974358974359,0.296875
346,2,15,0,32400,126,0.0038888888888888888,21.76984214782715,0.42016806722689076,0.47619047619047616
346,2,15,1,32400,41,0.0012654320987654322,23.36585235595703,0.375,0.36585365853658536
346,2,15,2,32400,73,0.0022530864197530865,21.821918487548828,0.359375,0.3972602739726027
346,2,16,0,32400,121,0.0037345679012345677,30.27272605895996,0.4523809523809524,0.39669421487603307
346,2,16,1,32400,42,0.0012962962962962963,25.904762268066406,0.36585365853658536,0.40476190476190477
346,2,16,2,32400,66,0.002037037037037037,45.15151596069336,0.2876712328767123,0.42424242424242425
346,2,17,0,32400,137,0.004228395061728395,11.401459693908691,0.4297520661157025,0.4233576642335766
346,2,17,1,32400,49,0.0015123456790123457,11.714285850524902,0.42857142857142855,0.3469387755102041
346,2,17,2,32400,72,0.0022222222222222222,16.06944465637207,0.2727272727272727,0.2916666666666667
346,2,18,0,32400,147,0.004537037037037037,19.455781936645508,0.49635036496350365,0.4489795918367347
346,2,18,1,32400,50,0.0015432098765432098,26.0,0.2857142857142857,0.32
346,2,18,2,32400,80,0.0024691358024691358,25.774999618530273,0.4027777777777778,0.375
346,2,19,0,32400,131,0.00404320987654321,42.96183395385742,0.4217687074829932,0.4351145038167939
346,2,19,1,32400,60,0.001851851851851852,36.816673278808594,0.36,0.38333333333333336
346,2,19,2,32400,63,0.0019444444444444444,34.396827697753906,0.35,0.3968253968253968
346,2,20,0,32400,110,0.0033950617283950617,18.099998474121094,0.3893129770992366,0.36363636363636365
346,2,20,1,32400,45,0.001388888888888889,25.422222137451172,0.3333333333333333,0.4222222222222222
346,2,20,2,32400,60,0.001851851851851852,20.88333511352539,0.38095238095238093,0.31666666666666665
346,2,21,0,32400,115,0.0035493827160493828,13.113042831420898,0.4636363636363636,0.5391304347826087
346,2,21,1,32400,22,0.0006790123456790123,11.772726058959961,0.17777777777777778,0.09090909090909091
346,2,21,2,32400,59,0.0018209876543209876,24.542373657226562,0.35,0.4067796610169492
346,2,22,0,32400,130,0.004012345679012346,16.923076629638672,0.48695652173913045,0.5307692307692308
346,2,22,1,32400,31,0.0009567901234567902,12.741934776306152,0.36363636363636365,0.22580645161290322
346,2,22,2,32400,62,0.0019135802469135803,14.45161247253418,0.3559322033898305,0.532258064516129
346,2,23,0,32400,106,0.003271604938271605,26.641510009765625,0.45384615384615384,0.5377358490566038
346,2,23,1,32400,35,0.0010802469135802468,25.257143020629883,0.3225806451612903,0.14285714285714285
346,2,23,2,32400,66,0.002037037037037037,20.893939971923828,0.41935483870967744,0.5151515151515151
346,2,24,0,32400,129,0.003981481481481482,23.728683471679688,0.4811320754716981,0.5271317829457365
346,2,24,1,32400,32,0.0009876543209876543,21.718751907348633,0.2857142857142857,0.28125
346,2,24,2,32400,68,0.0020987654320987655,18.897058486938477,0.30303030303030304,0.4117647058823529
346,2,25,0,32400,112,0.0034567901234567903,23.866069793701172,0.3875968992248062,0.4375
346,2,25,1,32400,29,0.0008950617283950618,18.79310417175293,0.28125,0.10344827586206896
346,2,25,2,32400,70,0.0021604938271604936,39.9714241027832,0.38235294117647056,0.4857142857142857
346,2,26,0,32400,144,0.0044444444444444444,33.01388931274414,0.45535714285714285,0.4583333333333333
346,2,26,1,32400,23,0.0007098765432098765,48.86956787109375,0.27586206896551724,0.13043478260869565
346,2,26,2,32400,71,0.002191358024691358,20.661972045898438,0.35714285714285715,0.43661971830985913
346,2,27,0,32400,114,0.0035185185185185185,21.491228103637695,0.3541666666666667,0.40350877192982454
346,2,27,1,32400,29,0.0008950617283950618,20.34482765197754,0.21739130434782608,0.3103448275862069
346,2,27,2,32400,51,0.001574074074074074,25.215686798095703,0.22535211267605634,0.39215686274509803
346,2,28,0,32400,136,0.004197530864197531,62.33088302612305,0.4473684210526316,0.4485294117647059
346,2,28,1,32400,33,0.0010185185185185184,67.69696807861328,0.20689655172413793,0.2727272727272727
346,2,28,2,32400,68,0.0020987654320987655,37.94117736816406,0.43137254901960786,0.4117647058823529
346,2,29,0,32400,138,0.0042592592592592595,25.355072021484375,0.45588235294117646,0.572463768115942
346,2,29,1,32400,46,0.001419753086419753,33.19565200805664,0.45454545454545453,0.391304347826087
346,2,29,2,32400,71,0.002191358024691358,20.873239517211914,0.27941176470588236,0.43661971830985913
346,2,30,0,32400,148,0.004567901234567902,22.45270347595215,0.42028985507246375,0.44594594594594594
346,2,30,1,32400,36,0.0011111111111111111,24.69444465637207,0.2826086956521739,0.3055555555555556
346,2,30,2,32400,63,0.0019444444444444444,21.04762077331543,0.36619718309859156,0.36507936507936506
346,2,31,0,32400,142,0.004382716049382716,16.619718551635742,0.3581081081081081,0.38028169014084506
346,2,31,1,32400,31,0.0009567901234567902,10.193548202514648,0.3333333333333333,0.16129032258064516
346,2,31,2,32400,67,0.002067901234567901,10.656716346740723,0.2857142857142857,0.29850746268656714
346,2,32,0,32400,136,0.004197530864197531,19.198530197143555,0.38028169014084506,0.375
346,2,32,1,32400,27,0.0008333333333333334,13.185185432434082,0.25806451612903225,0.18518518518518517
346,2,32,2,32400,72,0.0022222222222222222,18.33333396911621,0.29850746268656714,0.4722222222222222
346,2,33,0,32400,142,0.004382716049382716,20.35211181640625,0.4411764705882353,0.5704225352112676
346,2,33,1,32400,32,0.0009876543209876543,17.03125,0.2962962962962963,0.3125
346,2,33,2,32400,50,0.0015432098765432098,18.69999885559082,0.2916666666666667,0.22
346,2,34,0,32400,130,0.004012345679012346,15.169230461120605,0.4014084507042254,0.43846153846153846
346,2,34,1,32400,22,0.0006790123456790123,14.545454025268555,0.34375,0.18181818181818182
346,2,34,2,32400,47,0.0014506172839506173,29.89361572265625,0.36,0.3829787234042553
346,2,35,0,32400,144,0.0044444444444444444,18.10416603088379,0.4230769230769231,0.4444444444444444
346,2,35,1,32400,26,0.0008024691358024691,15.384615898132324,0.2727272727272727,0.3076923076923077
346,2,35,2,32400,57,0.0017592592592592592,25.61403465270996,0.3617021276595745,0.2982456140350877
346,3,1,0,32400,92,0.002839506172839506,33.4782600402832,-1.0,0.32608695652173914
346,3,1,1,32400,41,0.0012654320987654322,17.487804412841797,-1.0,0.34146341463414637
346,3,1,2,32400,62,0.0019135802469135803,29.596773147583008,-1.0,0.3064516129032258
346,3,2,0,32400,101,0.003117283950617284,21.594058990478516,0.32608695652173914,0.46534653465346537
346,3,2,1,32400,47,0.0014506172839506173,27.06382942199707,0.43902439024390244,0.44680851063829785
346,3,2,2,32400,69,0.0021296296296296298,13.739130973815918,0.27419354838709675,0.2898550724637681
346,3,3,0,32400,108,0.0033333333333333335,21.55555534362793,0.42574257425742573,0.4074074074074074
346,3,3,1,32400,46,0.001419753086419753,15.19565200805664,0.3617021276595745,0.2826086956521739
346,3,3,2,32400,56,0.0017283950617283952,18.96428680419922,0.2608695652173913,0.375
346,3,4,0,32400,94,0.0029012345679012346,14.861701965332031,0.37037037037037035,0.3617021276595745
346,3,4,1,32400,48,0.0014814814814814814,22.312498092651367,0.2391304347826087,0.3541666666666667
346,3,4,2,32400,55,0.0016975308641975309,18.672727584838867,0.30357142857142855,0.21818181818181817
346,3,5,0,32400,104,0.0032098765432098763,30.44230842590332,0.4574468085106383,0.4230769230769231
346,3,5,1,32400,48,0.0014814814814814814,18.25,0.4583333333333333,0.4791666666666667
346,3,5,2,32400,62,0.0019135802469135803,27.0,0.32727272727272727,0.24193548387096775
346,3,6,0,32400,114,0.0035185185185185185,21.09649085998535,0.4423076923076923,0.4473684210526316
346,3,6,1,32400,50,0.0015432098765432098,20.339998245239258,0.3125,0.24
346,3,6,2,32400,67,0.002067901234567901,16.313432693481445,0.3709677419354839,0.31343283582089554
346,3,7,0,32400,119,0.0036728395061728395,17.210084915161133,0.4298245614035088,0.5546218487394958
346,3,7,1,32400,39,0.0012037037037037038,16.256410598754883,0.26,0.28205128205128205
346,3,7,2,32400,58,0.0017901234567901235,22.948274612426758,0.22388059701492538,0.3103448275862069
346,3,8,0,32400,122,0.003765432098765432,16.237703323364258,0.47058823529411764,0.5491803278688525
346,3,8,1,32400,35,0.0010802469135802468,27.485713958740234,0.3333333333333333,0.37142857142857144
346,3,8,2,32400,70,0.0021604938271604936,16.428571701049805,0.3448275862068966,0.32857142857142857
346,3,9,0,32400,102,0.003148148148148148,29.72549057006836,0.3770491803278688,0.47058823529411764
346,3,9,1,32400,36,0.0011111111111111111,17.94444465637207,0.2857142857142857,0.4166666666666667
346,3,9,2,32400,60,0.001851851851851852,23.866668701171875,0.21428571428571427,0.36666666666666664
346,3,10,0,32400,114,0.0035185185185185185,32.98245620727539,0.5,0.5
346,3,10,1,32400,30,0.000925925925925926,40.09999465942383,0.3611111111111111,0.3333333333333333
346,3,10,2,32400,42,0.0012962962962962963,16.238094329833984,0.26666666666666666,0.30952380952380953
346,3,11,0,32400,103,0.0031790123456790125,15.815534591674805,0.41228070175438597,0.36893203883495146
346,3,11,1,32400,47,0.0014506172839506173,11.021276473999023,0.4,0.48936170212765956
346,3,11,2,32400,45,0.001388888888888889,16.399999618530273,0.23809523809523808,0.2222222222222222
346,3,12,0,32400,99,0.0030555555555555557,33.66666793823242,0.36893203883495146,0.31313131313131315
346,3,12,1,32400,34,0.0010493827160493827,12.147058486938477,0.3617021276595745,0.4411764705882353
346,3,12,2,32400,65,0.002006172839506173,20.923076629638672,0.28888888888888886,0.38461538461538464
346,3,13,0,32400,107,0.0033024691358024692,27.971961975097656,0.42424242424242425,0.4672897196261682
346,3,13,1,32400,39,0.0012037037037037038,15.487177848815918,0.4117647058823529,0.3333333333333333
346,3,13,2,32400,39,0.0012037037037037038,35.33333206176758,0.16923076923076924,0.3333333333333333
346,3,14,0,32400,119,0.0036728395061728395,16.03361701965332,0.3925233644859813,0.3025210084033613
346,3,14,1,32400,40,0.0012345679012345679,15.0,0.3076923076923077,0.325
346,3,14,2,32400,64,0.0019753086419753087,23.984375,0.4358974358974359,0.296875
346,3,15,0,32400,126,0.0038888888888888888,17.02381134033203,0.42016806722689076,0.47619047619047616
346,3,15,1,32400,41,0.0012654320987654322,10.853657722473145,0.375,0.36585365853658536
346,3,15,2,32400,73,0.0022530864197530865,15.931507110595703,0.359375,0.3972602739726027
346,3,16,0,32400,121,0.0037345679012345677,17.909090042114258,0.4523809523809524,0.39669421487603307
346,3,16,1,32400,42,0.0012962962962962963,16.880952835083008,0.36585365853658536,0.40476190476190477
346,3,16,2,32400,66,0.002037037037037037,17.939393997192383,0.2876712328767123,0.42424242424242425
346,3,17,0,32400,137,0.004228395061728395,34.452552795410156,0.4297520661157025,0.4233576642335766
346,3,17,1,32400,49,0.0015123456790123457,29.857141494750977,0.42857142857142855,0.3469387755102041
346,3,17,2,32400,72,0.0022222222222222222,34.4444465637207,0.2727272727272727,0.2916666666666667
346,3,18,0,32400,147,0.004537037037037037,33.74829864501953,0.49635036496350365,0.4489795918367347
346,3,18,1,32400,50,0.0015432098765432098,32.20000076293945,0.2857142857142857,0.32
346,3,18,2,32400,80,0.0024691358024691358,56.225006103515625,0.4027777777777778,0.375
346,3,19,0,32400,131,0.00404320987654321,20.335878372192383,0.4217687074829932,0.4351145038167939
346,3,19,1,32400,60,0.001851851851851852,44.0333366394043,0.36,0.38333333333333336
346,3,19,2,32400,63,0.0019444444444444444,43.888893127441406,0.35,0.3968253968253968
346,3,20,0,32400,110,0.0033950617283950617,22.909090042114258,0.3893129770992366,0.36363636363636365
346,3,20,1,32400,45,0.001388888888888889,24.577777862548828,0.3333333333333333,0.4222222222222222
346,3,20,2,32400,60,0.001851851851851852,21.700000762939453,0.38095238095238093,0.31666666666666665
346,3,21,0,32400,115,0.0035493827160493828,27.9652156829834,0.4636363636363636,0.5391304347826087
346,3,21,1,32400,22,0.0006790123456790123,40.22727966308594,0.17777777777777778,0.09090909090909091
346,3,21,2,32400,59,0.0018209876543209876,28.32203483581543,0.35,0.4067796610169492
346,3,22,0,32400,130,0.004012345679012346,22.96923065185547,0.48695652173913045,0.5307692307692308
346,3,22,1,32400,31,0.0009567901234567902,13.0,0.36363636363636365,0.22580645161290322
346,3,22,2,32400,62,0.0019135802469135803,29.854839324951172,0.3559322033898305,0.532258064516129
346,3,23,0,32400,106,0.003271604938271605,50.7358512878418,0.45384615384615384,0.5377358490566038
346,3,23,1,32400,35,0.0010802469135802468,68.5999984741211,0.3225806451612903,0.14285714285714285
346,3,23,2,32400,66,0.002037037037037037,26.000001907348633,0.41935483870967744,0.5151515151515151
346,3,24,0,32400,129,0.003981481481481482,25.527132034301758,0.4811320754716981,0.5271317829457365
346,3,24,1,32400,32,0.0009876543209876543,27.281248092651367,0.2857142857142857,0.28125
346,3,24,2,32400,68,0.0020987654320987655,37.588233947753906,0.30303030303030304,0.4117647058823529
346,3,25,0,32400,112,0.0034567901234567903,15.526786804199219,0.3875968992248062,0.4375
346,3,25,1,32400,29,0.0008950617283950618,26.413793563842773,0.28125,0.10344827586206896
346,3,25,2,32400,70,0.0021604938271604936,18.0,0.38235294117647056,0.4857142857142857
346,3,26,0,32400,144,0.0044444444444444444,24.79166603088379,0.45535714285714285,0.4583333333333333
346,3,26,1,32400,23,0.0007098765432098765,23.217391967773438,0.27586206896551724,0.13043478260869565
346,3,26,2,32400,71,0.002191358024691358,24.014083862304688,0.35714285714285715,0.43661971830985913
346,3,27,0,32400,114,0.0035185185185185185,17.780702590942383,0.3541666666666667,0.40350877192982454
346,3,27,1,32400,29,0.0008950617283950618,17.034482955932617,0.21739130434782608,0.3103448275862069
346,3,27,2,32400,51,0.001574074074074074,36.803924560546875,0.22535211267605634,0.39215686274509803
346,3,28,0,32400,136,0.004197530864197531,26.080883026123047,0.4473684210526316,0.4485294117647059
346,3,28,1,32400,33,0.0010185185185185184,19.57575798034668,0.20689655172413793,0.2727272727272727
346,3,28,2,32400,68,0.0020987654320987655,17.205883026123047,0.43137254901960786,0.4117647058823529
346,3,29,0,32400,138,0.0042592592592592595,23.94202995300293,0.45588235294117646,0.572463768115942
346,3,29,1,32400,46,0.001419753086419753,24.804351806640625,0.45454545454545453,0.391304347826087
346,3,29,2,32400,71,0.002191358024691358,31.140844345092773,0.27941176470588236,0.43661971830985913
346,3,30,0,32400,148,0.004567901234567902,17.000001907348633,0.42028985507246375,0.44594594594594594
346,3,30,1,32400,36,0.0011111111111111111,18.05555534362793,0.2826086956521739,0.3055555555555556
346,3,30,2,32400,63,0.0019444444444444444,29.063493728637695,0.36619718309859156,0.36507936507936506
346,3,31,0,32400,142,0.004382716049382716,24.81690216064453,0.3581081081081081,0.38028169014084506
346,3,31,1,32400,31,0.0009567901234567902,22.225807189941406,0.3333333333333333,0.16129032258064516
346,3,31,2,32400,67,0.002067901234567901,28.059701919555664,0.2857142857142857,0.29850746268656714
346,3,32,0,32400,136,0.004197530864197531,15.389705657958984,0.38028169014084506,0.375
346,3,32,1,32400,27,0.0008333333333333334,17.333335876464844,0.25806451612903225,0.18518518518518517
346,3,32,2,32400,72,0.0022222222222222222,18.72222328186035,0.29850746268656714,0.4722222222222222
346,3,33,0,32400,142,0.004382716049382716,18.190139770507812,0.4411764705882353,0.5704225352112676
346,3,33,1,32400,32,0.0009876543209876543,21.906251907348633,0.2962962962962963,0.3125
346,3,33,2,32400,50,0.0015432098765432098,21.68000030517578,0.2916666666666667,0.22
346,3,34,0,32400,130,0.004012345679012346,26.307695388793945,0.4014084507042254,0.43846153846153846
346,3,34,1,32400,22,0.0006790123456790123,25.18181800842285,0.34375,0.18181818181818182
346,3,34,2,32400,47,0.0014506172839506173,23.25531768798828,0.36,0.3829787234042553
346,3,35,0,32400,144,0.0044444444444444444,23.77777862548828,0.4230769230769231,0.4444444444444444
346,3,35,1,32400,26,0.0008024691358024691,15.307692527770996,0.2727272727272727,0.3076923076923077
346,3,35,2,32400,57,0.0017592592592592592,17.61403465270996,0.3617021276595745,0.2982456140350877
347,0,1,0,32400,101,0.003117283950617284,23.861385345458984,-1.0,0.46534653465346537
347,0,1,1,32400,47,0.0014506172839506173,26.510637283325195,-1.0,0.44680851063829785
347,0,1,2,32400,69,0.0021296296296296298,24.840578079223633,-1.0,0.2898550724637681
347,0,2,0,32400,108,0.0033333333333333335,27.925926208496094,0.42574257425742573,0.4074074074074074
347,0,2,1,32400,46,0.001419753086419753,28.956520080566406,0.3617021276595745,0.2826086956521739
347,0,2,2,32400,56,0.0017283950617283952,21.142858505249023,0.2608695652173913,0.375
347,0,3,0,32400,94,0.0029012345679012346,16.106382369995117,0.37037037037037035,0.3617021276595745
347,0,3,1,32400,48,0.0014814814814814814,20.041667938232422,0.2391304347826087,0.3541666666666667
347,0,3,2,32400,55,0.0016975308641975309,20.89090919494629,0.30357142857142855,0.21818181818181817
347,0,4,0,32400,104,0.0032098765432098763,30.951923370361328,0.4574468085106383,0.4230769230769231
347,0,4,1,32400,48,0.0014814814814814814,29.229167938232422,0.4583333333333333,0.4791666666666667
347,0,4,2,32400,62,0.0019135802469135803,25.548385620117188,0.32727272727272727,0.24193548387096775
347,0,5,0,32400,114,0.0035185185185185185,22.98245620727539,0.4423076923076923,0.4473684210526316
347,0,5,1,32400,50,0.0015432098765432098,33.86000061035156,0.3125,0.24
347,0,5,2,32400,67,0.002067901234567901,37.53731155395508,0.3709677419354839,0.31343283582089554
347,0,6,0,32400,119,0.0036728395061728395,34.70588302612305,0.4298245614035088,0.5546218487394958
347,0,6,1,32400,39,0.0012037037037037038,16.615385055541992,0.26,0.28205128205128205
347,0,6,2,32400,58,0.0017901234567901235,26.913793563842773,0.22388059701492538,0.3103448275862069
347,0,7,0,32400,122,0.003765432098765432,15.163933753967285,0.47058823529411764,0.5491803278688525
347,0,7,1,32400,35,0.0010802469135802468,24.71428680419922,0.3333333333333333,0.37142857142857144
347,0,7,2,32400,70,0.0021604938271604936,15.385714530944824,0.3448275862068966,0.32857142857142857
347,0,8,0,32400,102,0.003148148148148148,17.72549057006836,0.3770491803278688,0.47058823529411764
347,0,8,1,32400,36,0.0011111111111111111,19.750001907348633,0.2857142857142857,0.4166666666666667
347,0,8,2,32400,60,0.001851851851851852,30.76667022705078,0.21428571428571427,0.36666666666666664
347,0,9,0,32400,114,0.0035185185185185185,37.76315689086914,0.5,0.5
347,0,9,1,32400,30,0.000925925925925926,24.80000114440918,0.3611111111111111,0.3333333333333333
347,0,9,2,32400,42,0.0012962962962962963,54.0,0.26666666666666666,0.30952380952380953
347,0,10,0,32400,103,0.0031790123456790125,24.533981323242188,0.41228070175438597,0.36893203883495146
347,0,10,1,32400,47,0.0014506172839506173,16.659574508666992,0.4,0.48936170212765956
347,0,10,2,32400,45,0.001388888888888889,27.733333587646484,0.23809523809523808,0.2222222222222222
347,0,11,0,32400,99,0.0030555555555555557,18.070707321166992,0.36893203883495146,0.31313131313131315
347,0,11,1,32400,34,0.0010493827160493827,18.441177368164062,0.3617021276595745,0.4411764705882353
347,0,11,2,32400,65,0.002006172839506173,17.169231414794922,0.28888888888888886,0.38461538461538464
347,0,12,0,32400,107,0.0033024691358024692,20.99065399169922,0.42424242424242425,0.4672897196261682
347,0,12,1,32400,39,0.0012037037037037038,42.53846740722656,0.4117647058823529,0.3333333333333333
347,0,12,2,32400,39,0.0012037037037037038,29.589746475219727,0.16923076923076924,0.3333333333333333
347,0,13,0,32400,119,0.0036728395061728395,45.067230224609375,0.3925233644859813,0.3025210084033613
347,0,13,1,32400,40,0.0012345679012345679,35.85000228881836,0.3076923076923077,0.325
347,0,13,2,32400,64,0.0019753086419753087,34.171875,0.4358974358974359,0.296875
347,0,14,0,32400,126,0.0038888888888888888,26.976192474365234,0.42016806722689076,0.47619047619047616
347,0,14,1,32400,41,0.0012654320987654322,30.292682647705078,0.375,0.36585365853658536
347,0,14,2,32400,73,0.0022530864197530865,26.3150691986084,0.359375,0.3972602739726027
347,0,15,0,32400,121,0.0037345679012345677,17.074378967285156,0.4523809523809524,0.39669421487603307
347,0,15,1,32400,42,0.0012962962962962963,28.142860412597656,0.36585365853658536,0.40476190476190477
347,0,15,2,32400,66,0.002037037037037037,21.015153884887695,0.2876712328767123,0.42424242424242425
347,0,16,0,32400,137,0.004228395061728395,21.47445297241211,0.4297520661157025,0.4233576642335766
347,0,16,1,32400,49,0.0015123456790123457,13.14285659790039,0.42857142857142855,0.3469387755102041
347,0,16,2,32400,72,0.0022222222222222222,22.25,0.2727272727272727,0.2916666666666667
347,0,17,0,32400,147,0.004537037037037037,19.979591369628906,0.49635036496350365,0.4489795918367347
347,0,17,1,32400,50,0.0015432098765432098,18.100000381469727,0.2857142857142857,0.32
347,0,17,2,32400,80,0.0024691358024691358,15.58750057220459,0.4027777777777778,0.375
347,0,18,0,32400,131,0.00404320987654321,28.725191116333008,0.4217687074829932,0.4351145038167939
347,0,18,1,32400,60,0.001851851851851852,30.33333396911621,0.36,0.38333333333333336
347,0,18,2,32400,63,0.0019444444444444444,38.650794982910156,0.35,0.3968253968253968
347,0,19,0,32400,110,0.0033950617283950617,54.672725677490234,0.3893129770992366,0.36363636363636365
347,0,19,1,32400,45,0.001388888888888889,53.622230529785156,0.3333333333333333,0.4222222222222222
347,0,19,2,32400,60,0.001851851851851852,31.366668701171875,0.38095238095238093,0.31666666666666665
347,0,20,0,32400,115,0.0035493827160493828,25.87826156616211,0.4636363636363636,0.5391304347826087
347,0,20,1,32400,22,0.0006790123456790123,20.18181800842285,0.17777777777777778,0.09090909090909091
347,0,20,2,32400,59,0.0018209876543209876,31.18644142150879,0.35,0.4067796610169492
347,0,21,0,32400,130,0.004012345679012346,18.88461685180664,0.48695652173913045,0.5307692307692308
347,0,21,1,32400,31,0.0009567901234567902,11.064516067504883,0.36363636363636365,0.22580645161290322
347,0,21,2,32400,62,0.0019135802469135803,26.580644607543945,0.3559322033898305,0.532258064516129
347,0,22,0,32400,106,0.003271604938271605,19.962265014648438,0.45384615384615384,0.5377358490566038
347,0,22,1,32400,35,0.0010802469135802468,17.399999618530273,0.3225806451612903,0.14285714285714285
347,0,22,2,32400,66,0.002037037037037037,34.24242401123047,0.41935483870967744,0.5151515151515151
347,0,23,0,32400,129,0.003981481481481482,31.984495162963867,0.4811320754716981,0.5271317829457365
347,0,23,1,32400,32,0.0009876543209876543,50.468753814697266,0.2857142857142857,0.28125
347,0,23,2,32400,68,0.0020987654320987655,37.985294342041016,0.30303030303030304,0.4117647058823529
347,0,24,0,32400,112,0.0034567901234567903,18.98214340209961,0.3875968992248062,0.4375
347,0,24,1,32400,29,0.0008950617283950618,14.068964004516602,0.28125,0.10344827586206896
347,0,24,2,32400,70,0.0021604938271604936,23.05714225769043,0.38235294117647056,0.4857142857142857
347,0,25,0,32400,144,0.0044444444444444444,22.58333396911621,0.45535714285714285,0.4583333333333333
347,0,25,1,32400,23,0.0007098765432098765,34.56521987915039,0.27586206896551724,0.13043478260869565
347,0,25,2,32400,71,0.002191358024691358,26.112674713134766,0.35714285714285715,0.43661971830985913
347,0,26,0,32400,114,0.0035185185185185185,13.771929740905762,0.3541666666666667,0.40350877192982454
347,0,26,1,32400,29,0.0008950617283950618,8.0,0.21739130434782608,0.3103448275862069
347,0,26,2,32400,51,0.001574074074074074,16.39215660095215,0.22535211267605634,0.39215686274509803
347,0,27,0,32400,136,0.004197530864197531,13.558823585510254,0.4473684210526316,0.4485294117647059
347,0,27,1,32400,33,0.0010185185185185184,30.48484992980957,0.20689655172413793,0.2727272727272727
347,0,27,2,32400,68,0.0020987654320987655,16.691177368164062,0.43137254901960786,0.4117647058823529
347,0,28,0,32400,138,0.0042592592592592595,17.159420013427734,0.45588235294117646,0.572463768115942
347,0,28,1,32400,46,0.001419753086419753,22.2391300201416,0.45454545454545453,0.391304347826087
347,0,28,2,32400,71,0.002191358024691358,16.90140724182129,0.27941176470588236,0.43661971830985913
347,0,29,0,32400,148,0.004567901234567902,34.31757354736328,0.42028985507246375,0.44594594594594594
347,0,29,1,32400,36,0.0011111111111111111,20.5,0.2826086956521739,0.3055555555555556
347,0,29,2,32400,63,0.0019444444444444444,37.126991271972656,0.36619718309859156,0.36507936507936506
347,0,30,0,32400,142,0.004382716049382716,30.65492820739746,0.3581081081081081,0.38028169014084506
347,0,30,1,32400,31,0.0009567901234567902,20.580644607543945,0.3333333333333333,0.16129032258064516
347,0,30,2,32400,67,0.002067901234567901,33.08955001831055,0.2857142857142857,0.29850746268656714
347,0,31,0,32400,136,0.004197530864197531,23.71323585510254,0.38028169014084506,0.375
347,0,31,1,32400,27,0.0008333333333333334,19.185184478759766,0.25806451612903225,0.18518518518518517
347,0,31,2,32400,72,0.0022222222222222222,24.84722328186035,0.29850746268656714,0.4722222222222222
347,0,32,0,32400,142,0.004382716049382716,21.873239517211914,0.4411764705882353,0.5704225352112676
347,0,32,1,32400,32,0.0009876543209876543,25.562503814697266,0.2962962962962963,0.3125
347,0,32,2,32400,50,0.0015432098765432098,24.69999885559082,0.2916666666666667,0.22
347,0,33,0,32400,130,0.004012345679012346,25.600000381469727,0.4014084507042254,0.43846153846153846
347,0,33,1,32400,22,0.0006790123456790123,25.86363983154297,0.34375,0.18181818181818182
347,0,33,2,32400,47,0.0014506172839506173,19.808509826660156,0.36,0.3829787234042553
347,0,34,0,32400,144,0.0044444444444444444,23.0625,0.4230769230769231,0.4444444444444444
347,0,34,1,32400,26,0.0008024691358024691,27.538461685180664,0.2727272727272727,0.3076923076923077
347,0,34,2,32400,57,0.0017592592592592592,22.17543601989746,0.3617021276595745,0.2982456140350877
347,0,35,0,32400,143,0.00441358024691358,44.6363639831543,0.3680555555555556,0.5454545454545454
347,0,35,1,32400,28,0.0008641975308641976,31.107149124145508,0.2692307692307692,0.25
347,0,35,2,32400,59,0.0018209876543209876,46.47457504272461,0.2807017543859649,0.4406779661016949
347,1,1,0,32400,101,0.003117283950617284,25.47524642944336,-1.0,0.46534653465346537
347,1,1,1,32400,47,0.0014506172839506173,25.659576416015625,-1.0,0.44680851063829785
347,1,1,2,32400,69,0.0021296296296296298,22.521739959716797,-1.0,0.2898550724637681
347,1,2,0,32400,108,0.0033333333333333335,39.41666793823242,0.42574257425742573,0.4074074074074074
347,1,2,1,32400,46,0.001419753086419753,29.978261947631836,0.3617021276595745,0.2826086956521739
347,1,2,2,32400,56,0.0017283950617283952,35.19643020629883,0.2608695652173913,0.375
347,1,3,0,32400,94,0.0029012345679012346,28.31914710998535,0.37037037037037035,0.3617021276595745
347,1,3,1,32400,48,0.0014814814814814814,30.70833396911621,0.2391304347826087,0.3541666666666667
347,1,3,2,32400,55,0.0016975308641975309,34.39999771118164,0.30357142857142855,0.21818181818181817
347,1,4,0,32400,104,0.0032098765432098763,20.355770111083984,0.4574468085106383,0.4230769230769231
347,1,4,1,32400,48,0.0014814814814814814,30.33333396911621,0.4583333333333333,0.4791666666666667
347,1,4,2,32400,62,0.0019135802469135803,31.580644607543945,0.32727272727272727,0.24193548387096775
347,1,5,0,32400,114,0.0035185185185185185,23.552631378173828,0.4423076923076923,0.4473684210526316
347,1,5,1,32400,50,0.0015432098765432098,23.119998931884766,0.3125,0.24
347,1,5,2,32400,67,0.002067901234567901,22.597013473510742,0.3709677419354839,0.31343283582089554
347,1,6,0,32400,119,0.0036728395061728395,26.882354736328125,0.4298245614035088,0.5546218487394958
347,1,6,1,32400,39,0.0012037037037037038,51.974361419677734,0.26,0.28205128205128205
347,1,6,2,32400,58,0.0017901234567901235,32.39655303955078,0.22388059701492538,0.3103448275862069
347,1,7,0,32400,122,0.003765432098765432,43.999996185302734,0.47058823529411764,0.5491803278688525
347,1,7,1,32400,35,0.0010802469135802468,31.657142639160156,0.3333333333333333,0.37142857142857144
347,1,7,2,32400,70,0.0021604938271604936,25.671428680419922,0.3448275862068966,0.32857142857142857
347,1,8,0,32400,102,0.003148148148148148,17.333332061767578,0.3770491803278688,0.47058823529411764
347,1,8,1,32400,36,0.0011111111111111111,18.72222137451172,0.2857142857142857,0.4166666666666667
347,1,8,2,32400,60,0.001851851851851852,12.533332824707031,0.21428571428571427,0.36666666666666664
347,1,9,0,32400,114,0.0035185185185185185,26.98245620727539,0.5,0.5
347,1,9,1,32400,30,0.000925925925925926,25.46666717529297,0.3611111111111111,0.3333333333333333
347,1,9,2,32400,42,0.0012962962962962963,18.21428680419922,0.26666666666666666,0.30952380952380953
347,1,10,0,32400,103,0.0031790123456790125,22.01941680908203,0.41228070175438597,0.36893203883495146
347,1,10,1,32400,47,0.0014506172839506173,27.89361572265625,0.4,0.48936170212765956
347,1,10,2,32400,45,0.001388888888888889,24.133333206176758,0.23809523809523808,0.2222222222222222
347,1,11,0,32400,99,0.0030555555555555557,25.949495315551758,0.36893203883495146,0.31313131313131315
347,1,11,1,32400,34,0.0010493827160493827,11.735294342041016,0.3617021276595745,0.4411764705882353
347,1,11,2,32400,65,0.002006172839506173,24.615385055541992,0.28888888888888886,0.38461538461538464
347,1,12,0,32400,107,0.0033024691358024692,28.0,0.42424242424242425,0.4672897196261682
347,1,12,1,32400,39,0.0012037037037037038,28.9743595123291,0.4117647058823529,0.3333333333333333
347,1,12,2,32400,39,0.0012037037037037038,16.179487228393555,0.16923076923076924,0.3333333333333333
347,1,13,0,32400,119,0.0036728395061728395,30.23529624938965,0.3925233644859813,0.3025210084033613
347,1,13,1,32400,40,0.0012345679012345679,25.92500114440918,0.3076923076923077,0.325
347,1,13,2,32400,64,0.0019753086419753087,33.4375,0.4358974358974359,0.296875
347,1,14,0,32400,126,0.0038888888888888888,28.111112594604492,0.42016806722689076,0.47619047619047616
347,1,14,1,32400,41,0.0012654320987654322,50.878047943115234,0.375,0.36585365853658536
347,1,14,2,32400,73,0.0022530864197530865,47.46575164794922,0.359375,0.3972602739726027
347,1,15,0,32400,121,0.0037345679012345677,24.61983299255371,0.4523809523809524,0.39669421487603307
347,1,15,1,32400,42,0.0012962962962962963,23.071428298950195,0.36585365853658536,0.40476190476190477
347,1,15,2,32400,66,0.002037037037037037,23.893938064575195,0.2876712328767123,0.42424242424242425
347,1,16,0,32400,137,0.004228395061728395,36.77372360229492,0.4297520661157025,0.4233576642335766
347,1,16,1,32400,49,0.0015123456790123457,29.59183692932129,0.42857142857142855,0.3469387755102041
347,1,16,2,32400,72,0.0022222222222222222,21.69444465637207,0.2727272727272727,0.2916666666666667
347,1,17,0,32400,147,0.004537037037037037,21.258502960205078,0.49635036496350365,0.4489795918367347
347,1,17,1,32400,50,0.0015432098765432098,12.519999504089355,0.2857142857142857,0.32
347,1,17,2,32400,80,0.0024691358024691358,24.5625,0.4027777777777778,0.375
347,1,18,0,32400,131,0.00404320987654321,15.67175579071045,0.4217687074829932,0.4351145038167939
347,1,18,1,32400,60,0.001851851851851852,18.05000114440918,0.36,0.38333333333333336
347,1,18,2,32400,63,0.0019444444444444444,23.317461013793945,0.35,0.3968253968253968
347,1,19,0,32400,110,0.0033950617283950617,23.836362838745117,0.3893129770992366,0.36363636363636365
347,1,19,1,32400,45,0.001388888888888889,30.88888931274414,0.3333333333333333,0.4222222222222222
347,1,19,2,32400,60,0.001851851851851852,30.88333511352539,0.38095238095238093,0.31666666666666665
347,1,20,0,32400,115,0.0035493827160493828,15.182607650756836,0.4636363636363636,0.5391304347826087
347,1,20,1,32400,22,0.0006790123456790123,36.772727966308594,0.17777777777777778,0.09090909090909091
347,1,20,2,32400,59,0.0018209876543209876,15.423728942871094,0.35,0.4067796610169492
347,1,21,0,32400,130,0.004012345679012346,25.561538696289062,0.48695652173913045,0.5307692307692308
347,1,21,1,32400,31,0.0009567901234567902,11.580644607543945,0.36363636363636365,0.22580645161290322
347,1,21,2,32400,62,0.0019135802469135803,24.19354820251465,0.3559322033898305,0.532258064516129
347,1,22,0,32400,106,0.003271604938271605,32.49056625366211,0.45384615384615384,0.5377358490566038
347,1,22,1,32400,35,0.0010802469135802468,25.62857437133789,0.3225806451612903,0.14285714285714285
347,1,22,2,32400,66,0.002037037037037037,22.772727966308594,0.41935483870967744,0.5151515151515151
347,1,23,0,32400,129,0.003981481481481482,38.12403106689453,0.4811320754716981,0.5271317829457365
347,1,23,1,32400,32,0.0009876543209876543,46.6875,0.2857142857142857,0.28125
347,1,23,2,32400,68,0.0020987654320987655,37.44117736816406,0.30303030303030304,0.4117647058823529
347,1,24,0,32400,112,0.0034567901234567903,36.24107360839844,0.3875968992248062,0.4375
347,1,24,1,32400,29,0.0008950617283950618,52.0,0.28125,0.10344827586206896
347,1,24,2,32400,70,0.0021604938271604936,43.985713958740234,0.38235294117647056,0.4857142857142857
347,1,25,0,32400,144,0.0044444444444444444,28.59027862548828,0.45535714285714285,0.4583333333333333
347,1,25,1,32400,23,0.0007098765432098765,23.521739959716797,0.27586206896551724,0.13043478260869565
347,1,25,2,32400,71,0.002191358024691358,39.0422477722168,0.35714285714285715,0.43661971830985913
347,1,26,0,32400,114,0.0035185185185185185,25.894737243652344,0.3541666666666667,0.40350877192982454
347,1,26,1,32400,29,0.0008950617283950618,43.931034088134766,0.21739130434782608,0.3103448275862069
347,1,26,2,32400,51,0.001574074074074074,18.352941513061523,0.22535211267605634,0.39215686274509803
347,1,27,0,32400,136,0.004197530864197531,19.27941131591797,0.4473684210526316,0.4485294117647059
347,1,27,1,32400,33,0.0010185185185185184,12.0,0.20689655172413793,0.2727272727272727
347,1,27,2,32400,68,0.0020987654320987655,18.617647171020508,0.43137254901960786,0.4117647058823529
347,1,28,0,32400,138,0.0042592592592592595,28.60869598388672,0.45588235294117646,0.572463768115942
347,1,28,1,32400,46,0.001419753086419753,30.34782600402832,0.45454545454545453,0.391304347826087
347,1,28,2,32400,71,0.002191358024691358,30.929576873779297,0.27941176470588236,0.43661971830985913
347,1,29,0,32400,148,0.004567901234567902,40.817569732666016,0.42028985507246375,0.44594594594594594
347,1,29,1,32400,36,0.0011111111111111111,32.91667175292969,0.2826086956521739,0.3055555555555556
347,1,29,2,32400,63,0.0019444444444444444,34.85714340209961,0.36619718309859156,0.36507936507936506
347,1,30,0,32400,142,0.004382716049382716,22.098590850830078,0.3581081081081081,0.38028169014084506
347,1,30,1,32400,31,0.0009567901234567902,23.80645179748535,0.3333333333333333,0.16129032258064516
347,1,30,2,32400,67,0.002067901234567901,23.388059616088867,0.2857142857142857,0.29850746268656714
347,1,31,0,32400,136,0.004197530864197531,39.47058868408203,0.38028169014084506,0.375
347,1,31,1,32400,27,0.0008333333333333334,33.51852035522461,0.25806451612903225,0.18518518518518517
347,1,31,2,32400,72,0.0022222222222222222,33.8194465637207,0.29850746268656714,0.4722222222222222
347,1,32,0,32400,142,0.004382716049382716,28.007041931152344,0.4411764705882353,0.5704225352112676
347,1,32,1,32400,32,0.0009876543209876543,29.843746185302734,0.2962962962962963,0.3125
347,1,32,2,32400,50,0.0015432098765432098,29.639999389648438,0.2916666666666667,0.22
347,1,33,0,32400,130,0.004012345679012346,19.86153793334961,0.4014084507042254,0.43846153846153846
347,1,33,1,32400,22,0.0006790123456790123,22.409093856811523,0.34375,0.18181818181818182
347,1,33,2,32400,47,0.0014506172839506173,10.85106372833252,0.36,0.3829787234042553
347,1,34,0,32400,144,0.0044444444444444444,36.89583206176758,0.4230769230769231,0.4444444444444444
347,1,34,1,32400,26,0.0008024691358024691,32.26923370361328,0.2727272727272727,0.3076923076923077
347,1,34,2,32400,57,0.0017592592592592592,34.96491241455078,0.3617021276595745,0.2982456140350877
347,1,35,0,32400,143,0.00441358024691358,25.419580459594727,0.3680555555555556,0.5454545454545454
347,1,35,1,32400,28,0.0008641975308641976,23.750001907348633,0.2692307692307692,0.25
347,1,35,2,32400,59,0.0018209876543209876,16.423728942871094,0.2807017543859649,0.4406779661016949
347,2,1,0,32400,101,0.003117283950617284,21.623762130737305,-1.0,0.46534653465346537
347,2,1,1,32400,47,0.0014506172839506173,41.74467468261719,-1.0,0.44680851063829785
347,2,1,2,32400,69,0.0021296296296296298,29.376811981201172,-1.0,0.2898550724637681
347,2,2,0,32400,108,0.0033333333333333335,29.018518447875977,0.42574257425742573,0.4074074074074074
347,2,2,1,32400,46,0.001419753086419753,27.60869598388672,0.3617021276595745,0.2826086956521739
347,2,2,2,32400,56,0.0017283950617283952,18.321430206298828,0.2608695652173913,0.375
347,2,3,0,32400,94,0.0029012345679012346,22.670211791992188,0.37037037037037035,0.3617021276595745
347,2,3,1,32400,48,0.0014814814814814814,26.791664123535156,0.2391304347826087,0.3541666666666667
347,2,3,2,32400,55,0.0016975308641975309,15.927271842956543,0.30357142857142855,0.21818181818181817
347,2,4,0,32400,104,0.0032098765432098763,19.730770111083984,0.4574468085106383,0.4230769230769231
347,2,4,1,32400,48,0.0014814814814814814,38.04167175292969,0.4583333333333333,0.4791666666666667
347,2,4,2,32400,62,0.0019135802469135803,24.435483932495117,0.32727272727272727,0.24193548387096775
347,2,5,0,32400,114,0.0035185185185185185,18.46491241455078,0.4423076923076923,0.4473684210526316
347,2,5,1,32400,50,0.0015432098765432098,17.119998931884766,0.3125,0.24
347,2,5,2,32400,67,0.002067901234567901,24.029850006103516,0.3709677419354839,0.31343283582089554
347,2,6,0,32400,119,0.0036728395061728395,23.05882453918457,0.4298245614035088,0.5546218487394958
347,2,6,1,32400,39,0.0012037037037037038,17.076923370361328,0.26,0.28205128205128205
347,2,6,2,32400,58,0.0017901234567901235,23.60344886779785,0.22388059701492538,0.3103448275862069
347,2,7,0,32400,122,0.003765432098765432,26.59016227722168,0.47058823529411764,0.5491803278688525
347,2,7,1,32400,35,0.0010802469135802468,24.71428680419922,0.3333333333333333,0.37142857142857144
347,2,7,2,32400,70,0.0021604938271604936,27.58571434020996,0.3448275862068966,0.32857142857142857
347,2,8,0,32400,102,0.003148148148148148,17.323530197143555,0.3770491803278688,0.47058823529411764
347,2,8,1,32400,36,0.0011111111111111111,26.444448471069336,0.2857142857142857,0.4166666666666667
347,2,8,2,32400,60,0.001851851851851852,16.08333396911621,0.21428571428571427,0.36666666666666664
347,2,9,0,32400,114,0.0035185185185185185,24.043859481811523,0.5,0.5
347,2,9,1,32400,30,0.000925925925925926,17.933334350585938,0.3611111111111111,0.3333333333333333
347,2,9,2,32400,42,0.0012962962962962963,39.47618865966797,0.26666666666666666,0.30952380952380953
347,2,10,0,32400,103,0.0031790123456790125,63.05825424194336,0.41228070175438597,0.36893203883495146
347,2,10,1,32400,47,0.0014506172839506173,15.553191184997559,0.4,0.48936170212765956
347,2,10,2,32400,45,0.001388888888888889,38.4888916015625,0.23809523809523808,0.2222222222222222
347,2,11,0,32400,99,0.0030555555555555557,15.272727012634277,0.36893203883495146,0.31313131313131315
347,2,11,1,32400,34,0.0010493827160493827,32.61764907836914,0.3617021276595745,0.4411764705882353
347,2,11,2,32400,65,0.002006172839506173,17.55384635925293,0.28888888888888886,0.38461538461538464
347,2,12,0,32400,107,0.0033024691358024692,37.31775665283203,0.42424242424242425,0.4672897196261682
347,2,12,1,32400,39,0.0012037037037037038,49.07692337036133,0.4117647058823529,0.3333333333333333
347,2,12,2,32400,39,0.0012037037037037038,38.79487228393555,0.16923076923076924,0.3333333333333333
347,2,13,0,32400,119,0.0036728395061728395,31.201683044433594,0.3925233644859813,0.3025210084033613
347,2,13,1,32400,40,0.0012345679012345679,18.149999618530273,0.3076923076923077,0.325
347,2,13,2,32400,64,0.0019753086419753087,23.140625,0.4358974358974359,0.296875
347,2,14,0,32400,126,0.0038888888888888888,28.34920883178711,0.42016806722689076,0.47619047619047616
347,2,14,1,32400,41,0.0012654320987654322,20.46341323852539,0.375,0.36585365853658536
347,2,14,2,32400,73,0.0022530864197530865,30.98630142211914,0.359375,0.3972602739726027
347,2,15,0,32400,121,0.0037345679012345677,21.107437133789062,0.4523809523809524,0.39669421487603307
347,2,15,1,32400,42,0.0012962962962962963,30.809524536132812,0.36585365853658536,0.40476190476190477
347,2,15,2,32400,66,0.002037037037037037,23.924243927001953,0.2876712328767123,0.42424242424242425
347,2,16,0,32400,137,0.004228395061728395,20.131385803222656,0.4297520661157025,0.4233576642335766
347,2,16,1,32400,49,0.0015123456790123457,20.183673858642578,0.42857142857142855,0.3469387755102041
347,2,16,2,32400,72,0.0022222222222222222,27.45833396911621,0.2727272727272727,0.2916666666666667
347,2,17,0,32400,147,0.004537037037037037,25.918367385864258,0.49635036496350365,0.4489795918367347
347,2,17,1,32400,50,0.0015432098765432098,17.65999984741211,0.2857142857142857,0.32
347,2,17,2,32400,80,0.0024691358024691358,20.287500381469727,0.4027777777777778,0.375
347,2,18,0,32400,131,0.00404320987654321,25.335878372192383,0.4217687074829932,0.4351145038167939
347,2,18,1,32400,60,0.001851851851851852,17.533334732055664,0.36,0.38333333333333336
347,2,18,2,32400,63,0.0019444444444444444,32.5396842956543,0.35,0.3968253968253968
347,2,19,0,32400,110,0.0033950617283950617,32.763633728027344,0.3893129770992366,0.36363636363636365
347,2,19,1,32400,45,0.001388888888888889,31.422225952148438,0.3333333333333333,0.4222222222222222
347,2,19,2,32400,60,0.001851851851851852,16.200000762939453,0.38095238095238093,0.31666666666666665
347,2,20,0,32400,115,0.0035493827160493828,16.826086044311523,0.4636363636363636,0.5391304347826087
347,2,20,1,32400,22,0.0006790123456790123,18.090909957885742,0.17777777777777778,0.09090909090909091
347,2,20,2,32400,59,0.0018209876543209876,28.084745407104492,0.35,0.4067796610169492
347,2,21,0,32400,130,0.004012345679012346,15.915384292602539,0.48695652173913045,0.5307692307692308
347,2,21,1,32400,31,0.0009567901234567902,17.419353485107422,0.36363636363636365,0.22580645161290322
347,2,21,2,32400,62,0.0019135802469135803,15.983868598937988,0.3559322033898305,0.532258064516129
347,2,22,0,32400,106,0.003271604938271605,24.28302001953125,0.45384615384615384,0.5377358490566038
347,2,22,1,32400,35,0.0010802469135802468,48.342857360839844,0.3225806451612903,0.14285714285714285
347,2,22,2,32400,66,0.002037037037037037,24.863637924194336,0.41935483870967744,0.5151515151515151
347,2,23,0,32400,129,0.003981481481481482,25.66666603088379,0.4811320754716981,0.5271317829457365
347,2,23,1,32400,32,0.0009876543209876543,15.656249046325684,0.2857142857142857,0.28125
347,2,23,2,32400,68,0.0020987654320987655,29.794116973876953,0.30303030303030304,0.4117647058823529
347,2,24,0,32400,112,0.0034567901234567903,26.71428680419922,0.3875968992248062,0.4375
347,2,24,1,32400,29,0.0008950617283950618,18.068965911865234,0.28125,0.10344827586206896
347,2,24,2,32400,70,0.0021604938271604936,23.100000381469727,0.38235294117647056,0.4857142857142857
347,2,25,0,32400,144,0.0044444444444444444,28.60416603088379,0.45535714285714285,0.4583333333333333
347,2,25,1,32400,23,0.0007098765432098765,62.521751403808594,0.27586206896551724,0.13043478260869565
347,2,25,2,32400,71,0.002191358024691358,33.140846252441406,0.35714285714285715,0.43661971830985913
347,2,26,0,32400,114,0.0035185185185185185,19.245615005493164,0.3541666666666667,0.40350877192982454
347,2,26,1,32400,29,0.0008950617283950618,33.86206817626953,0.21739130434782608,0.3103448275862069
347,2,26,2,32400,51,0.001574074074074074,26.117647171020508,0.22535211267605634,0.39215686274509803
347,2,27,0,32400,136,0.004197530864197531,16.323530197143555,0.4473684210526316,0.4485294117647059
347,2,27,1,32400,33,0.0010185185185185184,26.81818199157715,0.20689655172413793,0.2727272727272727
347,2,27,2,32400,68,0.0020987654320987655,20.27941131591797,0.43137254901960786,0.4117647058823529
347,2,28,0,32400,138,0.0042592592592592595,29.48550796508789,0.45588235294117646,0.572463768115942
347,2,28,1,32400,46,0.001419753086419753,27.630435943603516,0.45454545454545453,0.391304347826087
347,2,28,2,32400,71,0.002191358024691358,17.225351333618164,0.27941176470588236,0.43661971830985913
347,2,29,0,32400,148,0.004567901234567902,32.43918228149414,0.42028985507246375,0.44594594594594594
347,2,29,1,32400,36,0.0011111111111111111,73.77776336669922,0.2826086956521739,0.3055555555555556
347,2,29,2,32400,63,0.0019444444444444444,34.76190185546875,0.36619718309859156,0.36507936507936506
347,2,30,0,32400,142,0.004382716049382716,30.03521156311035,0.3581081081081081,0.38028169014084506
347,2,30,1,32400,31,0.0009567901234567902,23.45161247253418,0.3333333333333333,0.16129032258064516
347,2,30,2,32400,67,0.002067901234567901,28.686567306518555,0.2857142857142857,0.29850746268656714
347,2,31,0,32400,136,0.004197530864197531,21.830883026123047,0.38028169014084506,0.375
347,2,31,1,32400,27,0.0008333333333333334,41.59259796142578,0.25806451612903225,0.18518518518518517
347,2,31,2,32400,72,0.0022222222222222222,14.125,0.29850746268656714,0.4722222222222222
347,2,32,0,32400,142,0.004382716049382716,28.33098602294922,0.4411764705882353,0.5704225352112676
347,2,32,1,32400,32,0.0009876543209876543,21.40625,0.2962962962962963,0.3125
347,2,32,2,32400,50,0.0015432098765432098,14.460000038146973,0.2916666666666667,0.22
347,2,33,0,32400,130,0.004012345679012346,26.538461685180664,0.4014084507042254,0.43846153846153846
347,2,33,1,32400,22,0.0006790123456790123,11.86363697052002,0.34375,0.18181818181818182
347,2,33,2,32400,47,0.0014506172839506173,20.63829803466797,0.36,0.3829787234042553
347,2,34,0,32400,144,0.0044444444444444444,13.666666984558105,0.4230769230769231,0.4444444444444444
347,2,34,1,32400,26,0.0008024691358024691,11.576923370361328,0.2727272727272727,0.3076923076923077
347,2,34,2,32400,57,0.0017592592592592592,18.105262756347656,0.3617021276595745,0.2982456140350877
347,2,35,0,32400,143,0.00441358024691358,19.195804595947266,0.3680555555555556,0.5454545454545454
347,2,35,1,32400,28,0.0008641975308641976,18.75,0.2692307692307692,0.25
347,2,35,2,32400,59,0.0018209876543209876,32.28813552856445,0.2807017543859649,0.4406779661016949
347,3,1,0,32400,101,0.003117283950617284,17.821781158447266,-1.0,0.46534653465346537
347,3,1,1,32400,47,0.0014506172839506173,19.234041213989258,-1.0,0.44680851063829785
347,3,1,2,32400,69,0.0021296296296296298,24.65217399597168,-1.0,0.2898550724637681
347,3,2,0,32400,108,0.0033333333333333335,21.55555534362793,0.42574257425742573,0.4074074074074074
347,3,2,1,32400,46,0.001419753086419753,22.717391967773438,0.3617021276595745,0.2826086956521739
347,3,2,2,32400,56,0.0017283950617283952,23.625001907348633,0.2608695652173913,0.375
347,3,3,0,32400,94,0.0029012345679012346,23.978723526000977,0.37037037037037035,0.3617021276595745
347,3,3,1,32400,48,0.0014814814814814814,31.9375,0.2391304347826087,0.3541666666666667
347,3,3,2,32400,55,0.0016975308641975309,22.16363525390625,0.30357142857142855,0.21818181818181817
347,3,4,0,32400,104,0.0032098765432098763,24.63461685180664,0.4574468085106383,0.4230769230769231
347,3,4,1,32400,48,0.0014814814814814814,23.8125,0.4583333333333333,0.4791666666666667
347,3,4,2,32400,62,0.0019135802469135803,24.30645179748535,0.32727272727272727,0.24193548387096775
347,3,5,0,32400,114,0.0035185185185185185,16.13157844543457,0.4423076923076923,0.4473684210526316
347,3,5,1,32400,50,0.0015432098765432098,20.100000381469727,0.3125,0.24
347,3,5,2,32400,67,0.002067901234567901,12.08955192565918,0.3709677419354839,0.31343283582089554
347,3,6,0,32400,119,0.0036728395061728395,17.907564163208008,0.4298245614035088,0.5546218487394958
347,3,6,1,32400,39,0.0012037037037037038,12.51282024383545,0.26,0.28205128205128205
347,3,6,2,32400,58,0.0017901234567901235,16.931034088134766,0.22388059701492538,0.3103448275862069
347,3,7,0,32400,122,0.003765432098765432,22.549179077148438,0.47058823529411764,0.5491803278688525
347,3,7,1,32400,35,0.0010802469135802468,21.485713958740234,0.3333333333333333,0.37142857142857144
347,3,7,2,32400,70,0.0021604938271604936,33.92856979370117,0.3448275862068966,0.32857142857142857
347,3,8,0,32400,102,0.003148148148148148,41.85294723510742,0.3770491803278688,0.47058823529411764
347,3,8,1,32400,36,0.0011111111111111111,15.416668891906738,0.2857142857142857,0.4166666666666667
347,3,8,2,32400,60,0.001851851851851852,29.050003051757812,0.21428571428571427,0.36666666666666664
347,3,9,0,32400,114,0.0035185185185185185,16.824562072753906,0.5,0.5
347,3,9,1,32400,30,0.000925925925925926,18.100000381469727,0.3611111111111111,0.3333333333333333
347,3,9,2,32400,42,0.0012962962962962963,38.52381134033203,0.26666666666666666,0.30952380952380953
347,3,10,0,32400,103,0.0031790123456790125,22.04854393005371,0.41228070175438597,0.36893203883495146
347,3,10,1,32400,47,0.0014506172839506173,33.5106315612793,0.4,0.48936170212765956
347,3,10,2,32400,45,0.001388888888888889,17.377779006958008,0.23809523809523808,0.2222222222222222
347,3,11,0,32400,99,0.0030555555555555557,36.88888931274414,0.36893203883495146,0.31313131313131315
347,3,11,1,32400,34,0.0010493827160493827,37.264705657958984,0.3617021276595745,0.4411764705882353
347,3,11,2,32400,65,0.002006172839506173,34.43077087402344,0.28888888888888886,0.38461538461538464
347,3,12,0,32400,107,0.0033024691358024692,31.6168212890625,0.42424242424242425,0.4672897196261682
347,3,12,1,32400,39,0.0012037037037037038,37.38461685180664,0.4117647058823529,0.3333333333333333
347,3,12,2,32400,39,0.0012037037037037038,38.410255432128906,0.16923076923076924,0.3333333333333333
347,3,13,0,32400,119,0.0036728395061728395,21.949581146240234,0.3925233644859813,0.3025210084033613
347,3,13,1,32400,40,0.0012345679012345679,26.850000381469727,0.3076923076923077,0.325
347,3,13,2,32400,64,0.0019753086419753087,30.328125,0.4358974358974359,0.296875
347,3,14,0,32400,126,0.0038888888888888888,21.650794982910156,0.42016806722689076,0.47619047619047616
347,3,14,1,32400,41,0.0012654320987654322,34.09756088256836,0.375,0.36585365853658536
347,3,14,2,32400,73,0.0022530864197530865,28.98630142211914,0.359375,0.3972602739726027
347,3,15,0,32400,121,0.0037345679012345677,24.595043182373047,0.4523809523809524,0.39669421487603307
347,3,15,1,32400,42,0.0012962962962962963,14.0,0.36585365853658536,0.40476190476190477
347,3,15,2,32400,66,0.002037037037037037,23.924243927001953,0.2876712328767123,0.42424242424242425
347,3,16,0,32400,137,0.004228395061728395,42.30656814575195,0.4297520661157025,0.4233576642335766
347,3,16,1,32400,49,0.0015123456790123457,53.87754821777344,0.42857142857142855,0.3469387755102041
347,3,16,2,32400,72,0.0022222222222222222,38.54166793823242,0.2727272727272727,0.2916666666666667
347,3,17,0,32400,147,0.004537037037037037,29.00680160522461,0.49635036496350365,0.4489795918367347
347,3,17,1,32400,50,0.0015432098765432098,42.439998626708984,0.2857142857142857,0.32
347,3,17,2,32400,80,0.0024691358024691358,37.02500534057617,0.4027777777777778,0.375
347,3,18,0,32400,131,0.00404320987654321,34.53435134887695,0.4217687074829932,0.4351145038167939
347,3,18,1,32400,60,0.001851851851851852,27.63333511352539,0.36,0.38333333333333336
347,3,18,2,32400,63,0.0019444444444444444,26.809526443481445,0.35,0.3968253968253968
347,3,19,0,32400,110,0.0033950617283950617,28.890907287597656,0.3893129770992366,0.36363636363636365
347,3,19,1,32400,45,0.001388888888888889,37.844451904296875,0.3333333333333333,0.4222222222222222
347,3,19,2,32400,60,0.001851851851851852,32.95000076293945,0.38095238095238093,0.31666666666666665
347,3,20,0,32400,115,0.0035493827160493828,19.913042068481445,0.4636363636363636,0.5391304347826087
347,3,20,1,32400,22,0.0006790123456790123,22.863637924194336,0.17777777777777778,0.09090909090909091
347,3,20,2,32400,59,0.0018209876543209876,60.813560485839844,0.35,0.4067796610169492
347,3,21,0,32400,130,0.004012345679012346,27.600000381469727,0.48695652173913045,0.5307692307692308
347,3,21,1,32400,31,0.0009567901234567902,32.90322494506836,0.36363636363636365,0.22580645161290322
347,3,21,2,32400,62,0.0019135802469135803,32.09677505493164,0.3559322033898305,0.532258064516129
347,3,22,0,32400,106,0.003271604938271605,52.20754623413086,0.45384615384615384,0.5377358490566038
347,3,22,1,32400,35,0.0010802469135802468,42.400001525878906,0.3225806451612903,0.14285714285714285
347,3,22,2,32400,66,0.002037037037037037,50.621212005615234,0.41935483870967744,0.5151515151515151
347,3,23,0,32400,129,0.003981481481481482,22.9224796295166,0.4811320754716981,0.5271317829457365
347,3,23,1,32400,32,0.0009876543209876543,11.65625,0.2857142857142857,0.28125
347,3,23,2,32400,68,0.0020987654320987655,27.22058868408203,0.30303030303030304,0.4117647058823529
347,3,24,0,32400,112,0.0034567901234567903,25.660717010498047,0.3875968992248062,0.4375
347,3,24,1,32400,29,0.0008950617283950618,31.172412872314453,0.28125,0.10344827586206896
347,3,24,2,32400,70,0.0021604938271604936,23.85714340209961,0.38235294117647056,0.4857142857142857
347,3,25,0,32400,144,0.0044444444444444444,26.55555534362793,0.45535714285714285,0.4583333333333333
347,3,25,1,32400,23,0.0007098765432098765,26.173913955688477,0.27586206896551724,0.13043478260869565
347,3,25,2,32400,71,0.002191358024691358,29.126760482788086,0.35714285714285715,0.43661971830985913
347,3,26,0,32400,114,0.0035185185185185185,30.526315689086914,0.3541666666666667,0.40350877192982454
347,3,26,1,32400,29,0.0008950617283950618,32.862064361572266,0.21739130434782608,0.3103448275862069
347,3,26,2,32400,51,0.001574074074074074,24.294118881225586,0.22535211267605634,0.39215686274509803
347,3,27,0,32400,136,0.004197530864197531,34.25,0.4473684210526316,0.4485294117647059
347,3,27,1,32400,33,0.0010185185185185184,22.57575798034668,0.20689655172413793,0.2727272727272727
347,3,27,2,32400,68,0.0020987654320987655,35.92647171020508,0.43137254901960786,0.4117647058823529
347,3,28,0,32400,138,0.0042592592592592595,33.369564056396484,0.45588235294117646,0.572463768115942
347,3,28,1,32400,46,0.001419753086419753,40.41304397583008,0.45454545454545453,0.391304347826087
347,3,28,2,32400,71,0.002191358024691358,37.0,0.27941176470588236,0.43661971830985913
347,3,29,0,32400,148,0.004567901234567902,21.364866256713867,0.42028985507246375,0.44594594594594594
347,3,29,1,32400,36,0.0011111111111111111,24.277774810791016,0.2826086956521739,0.3055555555555556
347,3,29,2,32400,63,0.0019444444444444444,21.619049072265625,0.36619718309859156,0.36507936507936506
347,3,30,0,32400,142,0.004382716049382716,27.33098793029785,0.3581081081081081,0.38028169014084506
347,3,30,1,32400,31,0.0009567901234567902,16.258066177368164,0.3333333333333333,0.16129032258064516
347,3,30,2,32400,67,0.002067901234567901,18.298507690429688,0.2857142857142857,0.29850746268656714
347,3,31,0,32400,136,0.004197530864197531,25.919116973876953,0.38028169014084506,0.375
347,3,31,1,32400,27,0.0008333333333333334,41.37036895751953,0.25806451612903225,0.18518518518518517
347,3,31,2,32400,72,0.0022222222222222222,35.0,0.29850746268656714,0.4722222222222222
347,3,32,0,32400,142,0.004382716049382716,20.8873233795166,0.4411764705882353,0.5704225352112676
347,3,32,1,32400,32,0.0009876543209876543,27.593753814697266,0.2962962962962963,0.3125
347,3,32,2,32400,50,0.0015432098765432098,10.800000190734863,0.2916666666666667,0.22
347,3,33,0,32400,130,0.004012345679012346,25.892305374145508,0.4014084507042254,0.43846153846153846
347,3,33,1,32400,22,0.0006790123456790123,30.40909194946289,0.34375,0.18181818181818182
347,3,33,2,32400,47,0.0014506172839506173,22.276594161987305,0.36,0.3829787234042553
347,3,34,0,32400,144,0.0044444444444444444,16.91666603088379,0.4230769230769231,0.4444444444444444
347,3,34,1,32400,26,0.0008024691358024691,14.076923370361328,0.2727272727272727,0.3076923076923077
347,3,34,2,32400,57,0.0017592592592592592,16.771928787231445,0.3617021276595745,0.2982456140350877
347,3,35,0,32400,143,0.00441358024691358,30.57342529296875,0.3680555555555556,0.5454545454545454
347,3,35,1,32400,28,0.0008641975308641976,58.85715103149414,0.2692307692307692,0.25
347,3,35,2,32400,59,0.0018209876543209876,51.54237747192383,0.2807017543859649,0.4406779661016949
