origin,sample_idx,step,target_idx,n_cells,n_active,active_fraction,mean_magnitude_on_active,persistence,neighbour_pairs_per_active
335,0,1,0,32400,24,0.0007407407407407407,32.04167175292969,-1.0,0.08333333333333333
335,0,1,1,32400,17,0.0005246913580246914,28.64706039428711,-1.0,0.0
335,0,1,2,32400,8,0.0002469135802469136,5.375,-1.0,0.0
335,0,2,0,32400,27,0.0008333333333333334,58.51850891113281,0.16666666666666666,0.1111111111111111
335,0,2,1,32400,7,0.0002160493827160494,22.285715103149414,0.058823529411764705,0.0
335,0,2,2,32400,13,0.00040123456790123454,1.9230769872665405,0.0,0.0
335,0,3,0,32400,32,0.0009876543209876543,8.5,0.1111111111111111,0.125
335,0,3,1,32400,21,0.0006481481481481481,67.14286804199219,0.0,0.047619047619047616
335,0,3,2,32400,12,0.00037037037037037035,3.0833334922790527,0.0,0.0
335,0,4,0,32400,33,0.0010185185185185184,10.424242973327637,0.03125,0.15151515151515152
335,0,4,1,32400,9,0.0002777777777777778,18.55555534362793,0.0,0.1111111111111111
335,0,4,2,32400,18,0.0005555555555555556,7.5,0.0,0.1111111111111111
335,0,5,0,32400,24,0.0007407407407407407,9.958333969116211,0.09090909090909091,0.125
335,0,5,1,32400,12,0.00037037037037037035,8.0,0.1111111111111111,0.16666666666666666
335,0,5,2,32400,19,0.0005864197530864197,5.4210524559021,0.1111111111111111,0.05263157894736842
335,0,6,0,32400,30,0.000925925925925926,12.333334922790527,0.041666666666666664,0.1
335,0,6,1,32400,10,0.00030864197530864197,20.90000343322754,0.16666666666666666,0.0
335,0,6,2,32400,14,0.0004320987654320988,5.357142925262451,0.05263157894736842,0.0
335,0,7,0,32400,31,0.0009567901234567902,13.870966911315918,0.06666666666666667,0.12903225806451613
335,0,7,1,32400,12,0.00037037037037037035,8.583333969116211,0.1,0.08333333333333333
335,0,7,2,32400,10,0.00030864197530864197,3.0,0.0,0.0
335,0,8,0,32400,32,0.0009876543209876543,10.0625,0.03225806451612903,0.21875
335,0,8,1,32400,3,9.259259259259259e-05,21.666669845581055,0.0,0.0
335,0,8,2,32400,8,0.0002469135802469136,6.75,0.1,0.0
335,0,9,0,32400,22,0.0006790123456790123,21.136367797851562,0.125,0.09090909090909091
335,0,9,1,32400,8,0.0002469135802469136,38.375003814697266,0.0,0.125
335,0,9,2,32400,8,0.0002469135802469136,6.5,0.0,0.0
335,0,10,0,32400,20,0.0006172839506172839,5.0,0.09090909090909091,0.05
335,0,10,1,32400,8,0.0002469135802469136,24.250003814697266,0.125,0.0
335,0,10,2,32400,12,0.00037037037037037035,9.916666984558105,0.0,0.16666666666666666
335,0,11,0,32400,31,0.0009567901234567902,31.290321350097656,0.2,0.03225806451612903
335,0,11,1,32400,10,0.00030864197530864197,9.600000381469727,0.125,0.1
335,0,11,2,32400,21,0.0006481481481481481,2.952380895614624,0.08333333333333333,0.14285714285714285
335,0,12,0,32400,17,0.0005246913580246914,11.176471710205078,0.0,0.0
335,0,12,1,32400,6,0.00018518518518518518,32.0,0.0,0.0
335,0,12,2,32400,16,0.0004938271604938272,42.937496185302734,0.047619047619047616,0.0
335,0,13,0,32400,34,0.0010493827160493827,11.382352828979492,0.058823529411764705,0.058823529411764705
335,0,13,1,32400,12,0.00037037037037037035,29.166669845581055,0.16666666666666666,0.08333333333333333
335,0,13,2,32400,16,0.0004938271604938272,5.0625,0.0625,0.0
335,0,14,0,32400,39,0.0012037037037037038,12.615385055541992,0.11764705882352941,0.1794871794871795
335,0,14,1,32400,12,0.00037037037037037035,20.0,0.0,0.08333333333333333
335,0,14,2,32400,15,0.000462962962962963,10.000000953674316,0.0,0.3333333333333333
335,0,15,0,32400,30,0.000925925925925926,23.23333740234375,0.1794871794871795,0.13333333333333333
335,0,15,1,32400,10,0.00030864197530864197,5.700000286102295,0.08333333333333333,0.0
335,0,15,2,32400,14,0.0004320987654320988,2.4285714626312256,0.06666666666666667,0.0
335,0,16,0,32400,22,0.0006790123456790123,13.636363983154297,0.16666666666666666,0.13636363636363635
335,0,16,1,32400,16,0.0004938271604938272,14.4375,0.3,0.125
335,0,16,2,32400,14,0.0004320987654320988,5.7857136726379395,0.07142857142857142,0.0
335,0,17,0,32400,22,0.0006790123456790123,15.818181991577148,0.09090909090909091,0.18181818181818182
335,0,17,1,32400,16,0.0004938271604938272,8.8125,0.1875,0.0
335,0,17,2,32400,18,0.0005555555555555556,5.277777671813965,0.0,0.16666666666666666
335,0,18,0,32400,28,0.0008641975308641976,18.71428871154785,0.0,0.07142857142857142
335,0,18,1,32400,8,0.0002469135802469136,9.5,0.125,0.0
335,0,18,2,32400,16,0.0004938271604938272,3.5,0.05555555555555555,0.125
335,0,19,0,32400,36,0.0011111111111111111,12.111111640930176,0.14285714285714285,0.027777777777777776
335,0,19,1,32400,5,0.00015432098765432098,6.200000286102295,0.125,0.0
335,0,19,2,32400,24,0.0007407407407407407,4.1666669845581055,0.25,0.08333333333333333
335,0,20,0,32400,26,0.0008024691358024691,7.115385055541992,0.05555555555555555,0.11538461538461539
335,0,20,1,32400,9,0.0002777777777777778,18.111112594604492,0.2,0.1111111111111111
335,0,20,2,32400,14,0.0004320987654320988,2.2142858505249023,0.125,0.14285714285714285
335,0,21,0,32400,20,0.0006172839506172839,15.949999809265137,0.038461538461538464,0.1
335,0,21,1,32400,8,0.0002469135802469136,12.25,0.0,0.125
335,0,21,2,32400,10,0.00030864197530864197,5.099999904632568,0.0,0.0
335,0,22,0,32400,21,0.0006481481481481481,12.7619047164917,0.0,0.09523809523809523
335,0,22,1,32400,8,0.0002469135802469136,11.874999046325684,0.125,0.0
335,0,22,2,32400,10,0.00030864197530864197,5.599999904632568,0.0,0.0
335,0,23,0,32400,22,0.0006790123456790123,13.727274894714355,0.047619047619047616,0.09090909090909091
335,0,23,1,32400,5,0.00015432098765432098,25.999998092651367,0.0,0.2
335,0,23,2,32400,15,0.000462962962962963,22.400001525878906,0.0,0.0
335,0,24,0,32400,40,0.0012345679012345679,9.02500057220459,0.13636363636363635,0.1
335,0,24,1,32400,12,0.00037037037037037035,8.583333969116211,0.0,0.08333333333333333
335,0,24,2,32400,8,0.0002469135802469136,32.75,0.06666666666666667,0.125
335,0,25,0,32400,27,0.0008333333333333334,44.925926208496094,0.075,0.07407407407407407
335,0,25,1,32400,16,0.0004938271604938272,10.375,0.16666666666666666,0.125
335,0,25,2,32400,18,0.0005555555555555556,13.333333015441895,0.125,0.1111111111111111
335,0,26,0,32400,31,0.0009567901234567902,27.967741012573242,0.18518518518518517,0.0967741935483871
335,0,26,1,32400,8,0.0002469135802469136,8.25,0.125,0.0
335,0,26,2,32400,18,0.0005555555555555556,17.88888931274414,0.16666666666666666,0.1111111111111111
335,0,27,0,32400,41,0.0012654320987654322,16.85365867614746,0.0967741935483871,0.12195121951219512
335,0,27,1,32400,9,0.0002777777777777778,12.88888931274414,0.125,0.1111111111111111
335,0,27,2,32400,17,0.0005246913580246914,4.882352828979492,0.1111111111111111,0.17647058823529413
335,0,28,0,32400,41,0.0012654320987654322,12.07317066192627,0.12195121951219512,0.24390243902439024
335,0,28,1,32400,12,0.00037037037037037035,8.166666984558105,0.2222222222222222,0.08333333333333333
335,0,28,2,32400,17,0.0005246913580246914,10.058823585510254,0.17647058823529413,0.17647058823529413
335,0,29,0,32400,28,0.0008641975308641976,9.214285850524902,0.07317073170731707,0.07142857142857142
335,0,29,1,32400,21,0.0006481481481481481,9.809523582458496,0.0,0.09523809523809523
335,0,29,2,32400,19,0.0005864197530864197,8.315789222717285,0.0,0.15789473684210525
335,0,30,0,32400,33,0.0010185185185185184,11.212121963500977,0.10714285714285714,0.18181818181818182
335,0,30,1,32400,12,0.00037037037037037035,7.0,0.047619047619047616,0.0
335,0,30,2,32400,15,0.000462962962962963,8.666666984558105,0.05263157894736842,0.0
335,0,31,0,32400,29,0.0008950617283950618,5.413793087005615,0.06060606060606061,0.10344827586206896
335,0,31,1,32400,10,0.00030864197530864197,9.100000381469727,0.0,0.1
335,0,31,2,32400,11,0.00033950617283950616,9.909090995788574,0.0,0.0
335,0,32,0,32400,30,0.000925925925925926,25.033334732055664,0.1724137931034483,0.13333333333333333
335,0,32,1,32400,5,0.00015432098765432098,4.800000190734863,0.0,0.0
335,0,32,2,32400,16,0.0004938271604938272,6.6875,0.09090909090909091,0.125
335,0,33,0,32400,35,0.0010802469135802468,10.171428680419922,0.13333333333333333,0.22857142857142856
335,0,33,1,32400,4,0.0001234567901234568,11.75,0.0,0.0
335,0,33,2,32400,13,0.00040123456790123454,7.615385055541992,0.1875,0.07692307692307693
335,0,34,0,32400,27,0.0008333333333333334,8.925926208496094,0.17142857142857143,0.07407407407407407
335,0,34,1,32400,8,0.0002469135802469136,3.125,0.0,0.125
335,0,34,2,32400,13,0.00040123456790123454,7.153846263885498,0.0,0.07692307692307693
335,0,35,0,32400,26,0.0008024691358024691,22.576923370361328,0.1111111111111111,0.038461538461538464
335,0,35,1,32400,5,0.00015432098765432098,12.200000762939453,0.0,0.0
335,0,35,2,32400,17,0.0005246913580246914,41.882354736328125,0.0,0.11764705882352941
335,1,1,0,32400,28,0.0008641975308641976,17.321430206298828,-1.0,0.07142857142857142
335,1,1,1,32400,13,0.00040123456790123454,11.461539268493652,-1.0,0.0
335,1,1,2,32400,12,0.00037037037037037035,2.5833334922790527,-1.0,0.0
335,1,2,0,32400,28,0.0008641975308641976,59.24999237060547,0.10714285714285714,0.10714285714285714
335,1,2,1,32400,11,0.00033950617283950616,15.272727966308594,0.0,0.0
335,1,2,2,32400,15,0.000462962962962963,3.266666889190674,0.16666666666666666,0.13333333333333333
335,1,3,0,32400,21,0.0006481481481481481,129.71426391601562,0.10714285714285714,0.0
335,1,3,1,32400,11,0.00033950617283950616,12.090909004211426,0.18181818181818182,0.09090909090909091
335,1,3,2,32400,15,0.000462962962962963,7.600000381469727,0.3333333333333333,0.06666666666666667
335,1,4,0,32400,36,0.0011111111111111111,10.583333015441895,0.0,0.1388888888888889
335,1,4,1,32400,7,0.0002160493827160494,15.0,0.09090909090909091,0.0
335,1,4,2,32400,17,0.0005246913580246914,6.235294342041016,0.13333333333333333,0.11764705882352941
335,1,5,0,32400,20,0.0006172839506172839,18.950000762939453,0.027777777777777776,0.15
335,1,5,1,32400,10,0.00030864197530864197,7.099999904632568,0.14285714285714285,0.0
335,1,5,2,32400,17,0.0005246913580246914,6.941176414489746,0.11764705882352941,0.058823529411764705
335,1,6,0,32400,37,0.0011419753086419754,28.8648681640625,0.0,0.24324324324324326
335,1,6,1,32400,15,0.000462962962962963,8.200000762939453,0.2,0.26666666666666666
335,1,6,2,32400,20,0.0006172839506172839,5.550000190734863,0.11764705882352941,0.15
335,1,7,0,32400,26,0.0008024691358024691,48.961544036865234,0.10810810810810811,0.2692307692307692
335,1,7,1,32400,11,0.00033950617283950616,25.81818199157715,0.13333333333333333,0.0
335,1,7,2,32400,10,0.00030864197530864197,7.200000286102295,0.0,0.0
335,1,8,0,32400,21,0.0006481481481481481,12.285714149475098,0.11538461538461539,0.23809523809523808
335,1,8,1,32400,6,0.00018518518518518518,5.833333492279053,0.0,0.0
335,1,8,2,32400,12,0.00037037037037037035,5.333333492279053,0.0,0.08333333333333333
335,1,9,0,32400,24,0.0007407407407407407,8.458333969116211,0.047619047619047616,0.041666666666666664
335,1,9,1,32400,9,0.0002777777777777778,9.666666984558105,0.0,0.1111111111111111
335,1,9,2,32400,8,0.0002469135802469136,7.5,0.08333333333333333,0.0
335,1,10,0,32400,22,0.0006790123456790123,6.590909481048584,0.0,0.13636363636363635
335,1,10,1,32400,17,0.0005246913580246914,24.823532104492188,0.3333333333333333,0.0
335,1,10,2,32400,17,0.0005246913580246914,10.117647171020508,0.375,0.11764705882352941
335,1,11,0,32400,28,0.0008641975308641976,12.035715103149414,0.22727272727272727,0.25
335,1,11,1,32400,7,0.0002160493827160494,126.57144165039062,0.058823529411764705,0.14285714285714285
335,1,11,2,32400,19,0.0005864197530864197,2.8947367668151855,0.058823529411764705,0.10526315789473684
335,1,12,0,32400,29,0.0008950617283950618,7.551723957061768,0.10714285714285714,0.0
335,1,12,1,32400,10,0.00030864197530864197,64.70000457763672,0.2857142857142857,0.0
335,1,12,2,32400,17,0.0005246913580246914,41.823524475097656,0.05263157894736842,0.11764705882352941
335,1,13,0,32400,19,0.0005864197530864197,13.947368621826172,0.13793103448275862,0.05263157894736842
335,1,13,1,32400,11,0.00033950617283950616,8.90909194946289,0.2,0.0
335,1,13,2,32400,20,0.0006172839506172839,11.850000381469727,0.058823529411764705,0.1
335,1,14,0,32400,27,0.0008333333333333334,13.666666984558105,0.21052631578947367,0.14814814814814814
335,1,14,1,32400,7,0.0002160493827160494,6.285714626312256,0.09090909090909091,0.0
335,1,14,2,32400,15,0.000462962962962963,7.6666669845581055,0.05,0.2
335,1,15,0,32400,25,0.0007716049382716049,11.199999809265137,0.14814814814814814,0.04
335,1,15,1,32400,13,0.00040123456790123454,6.538461685180664,0.0,0.15384615384615385
335,1,15,2,32400,11,0.00033950617283950616,2.8181819915771484,0.0,0.0
335,1,16,0,32400,28,0.0008641975308641976,13.214287757873535,0.16,0.10714285714285714
335,1,16,1,32400,13,0.00040123456790123454,10.538461685180664,0.07692307692307693,0.15384615384615385
335,1,16,2,32400,18,0.0005555555555555556,3.3333332538604736,0.09090909090909091,0.0
335,1,17,0,32400,20,0.0006172839506172839,15.25,0.03571428571428571,0.05
335,1,17,1,32400,11,0.00033950617283950616,13.090909957885742,0.07692307692307693,0.0
335,1,17,2,32400,19,0.0005864197530864197,6.0,0.1111111111111111,0.05263157894736842
335,1,18,0,32400,33,0.0010185185185185184,23.363637924194336,0.1,0.18181818181818182
335,1,18,1,32400,9,0.0002777777777777778,9.0,0.09090909090909091,0.0
335,1,18,2,32400,10,0.00030864197530864197,4.599999904632568,0.0,0.0
335,1,19,0,32400,29,0.0008950617283950618,26.275861740112305,0.15151515151515152,0.13793103448275862
335,1,19,1,32400,8,0.0002469135802469136,8.75,0.2222222222222222,0.125
335,1,19,2,32400,20,0.0006172839506172839,2.6000001430511475,0.1,0.15
335,1,20,0,32400,27,0.0008333333333333334,15.44444465637207,0.1724137931034483,0.14814814814814814
335,1,20,1,32400,12,0.00037037037037037035,14.583333969116211,0.0,0.16666666666666666
335,1,20,2,32400,13,0.00040123456790123454,3.0,0.0,0.15384615384615385
335,1,21,0,32400,27,0.0008333333333333334,10.074073791503906,0.037037037037037035,0.07407407407407407
335,1,21,1,32400,12,0.00037037037037037035,8.583333969116211,0.08333333333333333,0.25
335,1,21,2,32400,8,0.0002469135802469136,1.75,0.07692307692307693,0.125
335,1,22,0,32400,29,0.0008950617283950618,12.793103218078613,0.1111111111111111,0.06896551724137931
335,1,22,1,32400,12,0.00037037037037037035,14.833332061767578,0.08333333333333333,0.25
335,1,22,2,32400,9,0.0002777777777777778,2.3333332538604736,0.125,0.0
335,1,23,0,32400,23,0.0007098765432098765,10.782608985900879,0.06896551724137931,0.08695652173913043
335,1,23,1,32400,7,0.0002160493827160494,56.28571701049805,0.08333333333333333,0.14285714285714285
335,1,23,2,32400,14,0.0004320987654320988,6.142857551574707,0.1111111111111111,0.07142857142857142
335,1,24,0,32400,29,0.0008950617283950618,13.551724433898926,0.13043478260869565,0.06896551724137931
335,1,24,1,32400,11,0.00033950617283950616,5.2727274894714355,0.0,0.09090909090909091
335,1,24,2,32400,9,0.0002777777777777778,2.555555582046509,0.07142857142857142,0.0
335,1,25,0,32400,29,0.0008950617283950618,30.931034088134766,0.10344827586206896,0.06896551724137931
335,1,25,1,32400,10,0.00030864197530864197,8.600000381469727,0.0,0.0
335,1,25,2,32400,21,0.0006481481481481481,9.85714340209961,0.2222222222222222,0.09523809523809523
335,1,26,0,32400,35,0.0010802469135802468,22.657140731811523,0.2413793103448276,0.08571428571428572
335,1,26,1,32400,5,0.00015432098765432098,6.599999904632568,0.0,0.0
335,1,26,2,32400,19,0.0005864197530864197,7.4210524559021,0.19047619047619047,0.0
335,1,27,0,32400,40,0.0012345679012345679,22.599998474121094,0.14285714285714285,0.075
335,1,27,1,32400,14,0.0004320987654320988,14.14285659790039,0.0,0.07142857142857142
335,1,27,2,32400,18,0.0005555555555555556,5.611111164093018,0.10526315789473684,0.05555555555555555
335,1,28,0,32400,28,0.0008641975308641976,8.071429252624512,0.05,0.07142857142857142
335,1,28,1,32400,14,0.0004320987654320988,14.000000953674316,0.07142857142857142,0.14285714285714285
335,1,28,2,32400,24,0.0007407407407407407,13.083333969116211,0.2777777777777778,0.125
335,1,29,0,32400,35,0.0010802469135802468,16.77142906188965,0.10714285714285714,0.11428571428571428
335,1,29,1,32400,6,0.00018518518518518518,4.0,0.0,0.16666666666666666
335,1,29,2,32400,16,0.0004938271604938272,11.5625,0.041666666666666664,0.125
335,1,30,0,32400,29,0.0008950617283950618,7.344827651977539,0.02857142857142857,0.1724137931034483
335,1,30,1,32400,11,0.00033950617283950616,1.9090909957885742,0.16666666666666666,0.09090909090909091
335,1,30,2,32400,12,0.00037037037037037035,7.999999523162842,0.0,0.08333333333333333
335,1,31,0,32400,37,0.0011419753086419754,6.243243217468262,0.1724137931034483,0.10810810810810811
335,1,31,1,32400,5,0.00015432098765432098,10.600000381469727,0.0,0.0
335,1,31,2,32400,15,0.000462962962962963,4.266666889190674,0.08333333333333333,0.0
335,1,32,0,32400,31,0.0009567901234567902,28.290321350097656,0.16216216216216217,0.0967741935483871
335,1,32,1,32400,5,0.00015432098765432098,13.0,0.0,0.0
335,1,32,2,32400,21,0.0006481481481481481,5.190476417541504,0.13333333333333333,0.09523809523809523
335,1,33,0,32400,30,0.000925925925925926,7.766666889190674,0.16129032258064516,0.13333333333333333
335,1,33,1,32400,5,0.00015432098765432098,9.600000381469727,0.0,0.0
335,1,33,2,32400,15,0.000462962962962963,4.400000095367432,0.047619047619047616,0.06666666666666667
335,1,34,0,32400,23,0.0007098765432098765,7.17391300201416,0.1,0.08695652173913043
335,1,34,1,32400,5,0.00015432098765432098,4.800000190734863,0.0,0.0
335,1,34,2,32400,13,0.00040123456790123454,3.769230842590332,0.06666666666666667,0.07692307692307693
335,1,35,0,32400,32,0.0009876543209876543,27.031253814697266,0.08695652173913043,0.15625
335,1,35,1,32400,7,0.0002160493827160494,11.571430206298828,0.0,0.0
335,1,35,2,32400,17,0.0005246913580246914,65.9411849975586,0.0,0.0
335,2,1,0,32400,29,0.0008950617283950618,26.724138259887695,-1.0,0.10344827586206896
335,2,1,1,32400,19,0.0005864197530864197,12.894737243652344,-1.0,0.05263157894736842
335,2,1,2,32400,13,0.00040123456790123454,7.000000476837158,-1.0,0.0
335,2,2,0,32400,25,0.0007716049382716049,9.359999656677246,0.10344827586206896,0.12
335,2,2,1,32400,11,0.00033950617283950616,37.45454788208008,0.05263157894736842,0.09090909090909091
335,2,2,2,32400,14,0.0004320987654320988,2.0714287757873535,0.0,0.14285714285714285
335,2,3,0,32400,23,0.0007098765432098765,7.434782981872559,0.08,0.0
335,2,3,1,32400,13,0.00040123456790123454,30.461544036865234,0.2727272727272727,0.07692307692307693
335,2,3,2,32400,12,0.00037037037037037035,3.9166667461395264,0.07142857142857142,0.08333333333333333
335,2,4,0,32400,40,0.0012345679012345679,23.825002670288086,0.08695652173913043,0.2
335,2,4,1,32400,10,0.00030864197530864197,9.40000057220459,0.3076923076923077,0.0
335,2,4,2,32400,10,0.00030864197530864197,4.5,0.08333333333333333,0.1
335,2,5,0,32400,29,0.0008950617283950618,15.758620262145996,0.125,0.20689655172413793
335,2,5,1,32400,12,0.00037037037037037035,7.333333492279053,0.2,0.25
335,2,5,2,32400,14,0.0004320987654320988,7.285714626312256,0.2,0.0
335,2,6,0,32400,36,0.0011111111111111111,19.16666603088379,0.20689655172413793,0.16666666666666666
335,2,6,1,32400,11,0.00033950617283950616,13.090909957885742,0.3333333333333333,0.0
335,2,6,2,32400,13,0.00040123456790123454,3.461538553237915,0.0,0.0
335,2,7,0,32400,24,0.0007407407407407407,42.91667175292969,0.1111111111111111,0.125
335,2,7,1,32400,11,0.00033950617283950616,10.36363697052002,0.09090909090909091,0.0
335,2,7,2,32400,13,0.00040123456790123454,4.0,0.15384615384615385,0.07692307692307693
335,2,8,0,32400,22,0.0006790123456790123,13.090909957885742,0.08333333333333333,0.045454545454545456
335,2,8,1,32400,8,0.0002469135802469136,17.000001907348633,0.0,0.0
335,2,8,2,32400,9,0.0002777777777777778,5.222222328186035,0.15384615384615385,0.0
335,2,9,0,32400,26,0.0008024691358024691,14.961538314819336,0.13636363636363635,0.07692307692307693
335,2,9,1,32400,9,0.0002777777777777778,18.88888931274414,0.125,0.0
335,2,9,2,32400,12,0.00037037037037037035,5.083333492279053,0.1111111111111111,0.16666666666666666
335,2,10,0,32400,21,0.0006481481481481481,11.571428298950195,0.11538461538461539,0.19047619047619047
335,2,10,1,32400,11,0.00033950617283950616,23.090911865234375,0.1111111111111111,0.09090909090909091
335,2,10,2,32400,20,0.0006172839506172839,3.6500000953674316,0.25,0.1
335,2,11,0,32400,17,0.0005246913580246914,8.941176414489746,0.047619047619047616,0.0
335,2,11,1,32400,6,0.00018518518518518518,141.00001525878906,0.09090909090909091,0.0
335,2,11,2,32400,19,0.0005864197530864197,3.1052632331848145,0.0,0.10526315789473684
335,2,12,0,32400,18,0.0005555555555555556,8.222222328186035,0.11764705882352941,0.05555555555555555
335,2,12,1,32400,17,0.0005246913580246914,9.823529243469238,0.3333333333333333,0.17647058823529413
335,2,12,2,32400,17,0.0005246913580246914,4.0,0.05263157894736842,0.17647058823529413
335,2,13,0,32400,22,0.0006790123456790123,13.681818962097168,0.16666666666666666,0.0
335,2,13,1,32400,13,0.00040123456790123454,9.692309379577637,0.058823529411764705,0.07692307692307693
335,2,13,2,32400,24,0.0007407407407407407,11.708334922790527,0.058823529411764705,0.08333333333333333
335,2,14,0,32400,30,0.000925925925925926,11.166666984558105,0.18181818181818182,0.1
335,2,14,1,32400,10,0.00030864197530864197,19.100000381469727,0.23076923076923078,0.0
335,2,14,2,32400,18,0.0005555555555555556,4.555555820465088,0.08333333333333333,0.0
335,2,15,0,32400,31,0.0009567901234567902,25.38709831237793,0.16666666666666666,0.06451612903225806
335,2,15,1,32400,9,0.0002777777777777778,65.77777099609375,0.2,0.0
335,2,15,2,32400,13,0.00040123456790123454,3.230769395828247,0.0,0.15384615384615385
335,2,16,0,32400,23,0.0007098765432098765,7.869565486907959,0.06451612903225806,0.08695652173913043
335,2,16,1,32400,12,0.00037037037037037035,12.416666984558105,0.3333333333333333,0.08333333333333333
335,2,16,2,32400,14,0.0004320987654320988,4.714285850524902,0.0,0.07142857142857142
335,2,17,0,32400,27,0.0008333333333333334,19.851850509643555,0.0,0.037037037037037035
335,2,17,1,32400,18,0.0005555555555555556,4.722222328186035,0.16666666666666666,0.1111111111111111
335,2,17,2,32400,16,0.0004938271604938272,6.625,0.14285714285714285,0.0625
335,2,18,0,32400,38,0.0011728395061728395,26.763158798217773,0.14814814814814814,0.2631578947368421
335,2,18,1,32400,8,0.0002469135802469136,17.125,0.0,0.0
335,2,18,2,32400,17,0.0005246913580246914,9.411765098571777,0.0,0.11764705882352941
335,2,19,0,32400,31,0.0009567901234567902,17.74193572998047,0.15789473684210525,0.0967741935483871
335,2,19,1,32400,8,0.0002469135802469136,6.75,0.0,0.0
335,2,19,2,32400,25,0.0007716049382716049,4.119999885559082,0.058823529411764705,0.04
335,2,20,0,32400,22,0.0006790123456790123,9.045454978942871,0.06451612903225806,0.045454545454545456
335,2,20,1,32400,10,0.00030864197530864197,23.500001907348633,0.0,0.1
335,2,20,2,32400,14,0.0004320987654320988,2.2857143878936768,0.08,0.0
335,2,21,0,32400,30,0.000925925925925926,8.233333587646484,0.13636363636363635,0.13333333333333333
335,2,21,1,32400,2,6.17283950617284e-05,6.5,0.0,0.0
335,2,21,2,32400,10,0.00030864197530864197,4.599999904632568,0.07142857142857142,0.0
335,2,22,0,32400,32,0.0009876543209876543,13.84375,0.13333333333333333,0.0625
335,2,22,1,32400,9,0.0002777777777777778,18.888887405395508,0.0,0.0
335,2,22,2,32400,11,0.00033950617283950616,5.2727274894714355,0.1,0.09090909090909091
335,2,23,0,32400,29,0.0008950617283950618,15.79310417175293,0.09375,0.10344827586206896
335,2,23,1,32400,5,0.00015432098765432098,64.80000305175781,0.1111111111111111,0.2
335,2,23,2,32400,8,0.0002469135802469136,6.875,0.18181818181818182,0.375
335,2,24,0,32400,30,0.000925925925925926,8.5,0.13793103448275862,0.2
335,2,24,1,32400,10,0.00030864197530864197,3.700000047683716,0.0,0.0
335,2,24,2,32400,9,0.0002777777777777778,1.888888955116272,0.0,0.0
335,2,25,0,32400,27,0.0008333333333333334,19.66666603088379,0.13333333333333333,0.037037037037037035
335,2,25,1,32400,14,0.0004320987654320988,14.571430206298828,0.1,0.07142857142857142
335,2,25,2,32400,10,0.00030864197530864197,13.100000381469727,0.0,0.0
335,2,26,0,32400,40,0.0012345679012345679,22.700000762939453,0.1111111111111111,0.225
335,2,26,1,32400,13,0.00040123456790123454,8.923077583312988,0.07142857142857142,0.23076923076923078
335,2,26,2,32400,19,0.0005864197530864197,5.315789699554443,0.1,0.15789473684210525
335,2,27,0,32400,32,0.0009876543209876543,23.25,0.175,0.21875
335,2,27,1,32400,15,0.000462962962962963,17.666667938232422,0.07692307692307693,0.13333333333333333
335,2,27,2,32400,13,0.00040123456790123454,10.153846740722656,0.05263157894736842,0.0
335,2,28,0,32400,41,0.0012654320987654322,14.731705665588379,0.25,0.12195121951219512
335,2,28,1,32400,10,0.00030864197530864197,3.799999952316284,0.06666666666666667,0.0
335,2,28,2,32400,24,0.0007407407407407407,8.875,0.07692307692307693,0.20833333333333334
335,2,29,0,32400,36,0.0011111111111111111,10.19444465637207,0.17073170731707318,0.1111111111111111
335,2,29,1,32400,11,0.00033950617283950616,9.0,0.0,0.09090909090909091
335,2,29,2,32400,21,0.0006481481481481481,7.952381134033203,0.16666666666666666,0.047619047619047616
335,2,30,0,32400,30,0.000925925925925926,9.033333778381348,0.1388888888888889,0.03333333333333333
335,2,30,1,32400,14,0.0004320987654320988,5.428571701049805,0.09090909090909091,0.21428571428571427
335,2,30,2,32400,13,0.00040123456790123454,4.615384578704834,0.09523809523809523,0.0
335,2,31,0,32400,16,0.0004938271604938272,12.562500953674316,0.03333333333333333,0.0625
335,2,31,1,32400,9,0.0002777777777777778,12.44444465637207,0.07142857142857142,0.0
335,2,31,2,32400,20,0.0006172839506172839,8.40000057220459,0.0,0.1
335,2,32,0,32400,29,0.0008950617283950618,26.689655303955078,0.1875,0.1724137931034483
335,2,32,1,32400,3,9.259259259259259e-05,6.6666669845581055,0.1111111111111111,0.0
335,2,32,2,32400,11,0.00033950617283950616,7.909090995788574,0.05,0.09090909090909091
335,2,33,0,32400,32,0.0009876543209876543,4.6875,0.06896551724137931,0.125
335,2,33,1,32400,6,0.00018518518518518518,5.0,0.3333333333333333,0.0
335,2,33,2,32400,11,0.00033950617283950616,8.090909004211426,0.09090909090909091,0.09090909090909091
335,2,34,0,32400,24,0.0007407407407407407,7.083333492279053,0.0625,0.041666666666666664
335,2,34,1,32400,8,0.0002469135802469136,8.75,0.0,0.0
335,2,34,2,32400,14,0.0004320987654320988,5.714285850524902,0.0,0.0
335,2,35,0,32400,29,0.0008950617283950618,17.931034088134766,0.08333333333333333,0.034482758620689655
335,2,35,1,32400,7,0.0002160493827160494,6.5714287757873535,0.0,0.0
335,2,35,2,32400,15,0.000462962962962963,6.866666793823242,0.14285714285714285,0.0
335,3,1,0,32400,24,0.0007407407407407407,13.958333969116211,-1.0,0.041666666666666664
335,3,1,1,32400,16,0.0004938271604938272,16.1875,-1.0,0.375
335,3,1,2,32400,14,0.0004320987654320988,7.428571701049805,-1.0,0.0
335,3,2,0,32400,23,0.0007098765432098765,68.82608032226562,0.08333333333333333,0.08695652173913043
335,3,2,1,32400,16,0.0004938271604938272,67.37498474121094,0.1875,0.125
335,3,2,2,32400,15,0.000462962962962963,2.7333335876464844,0.0,0.06666666666666667
335,3,3,0,32400,23,0.0007098765432098765,11.086956977844238,0.043478260869565216,0.21739130434782608
335,3,3,1,32400,13,0.00040123456790123454,11.69230842590332,0.0,0.0
335,3,3,2,32400,13,0.00040123456790123454,4.769230842590332,0.13333333333333333,0.07692307692307693
335,3,4,0,32400,39,0.0012037037037037038,13.153846740722656,0.13043478260869565,0.15384615384615385
335,3,4,1,32400,14,0.0004320987654320988,14.85714340209961,0.07692307692307693,0.14285714285714285
335,3,4,2,32400,12,0.00037037037037037035,5.4166669845581055,0.07692307692307693,0.0
335,3,5,0,32400,20,0.0006172839506172839,15.449999809265137,0.15384615384615385,0.15
335,3,5,1,32400,16,0.0004938271604938272,9.0,0.2857142857142857,0.1875
335,3,5,2,32400,12,0.00037037037037037035,6.1666669845581055,0.0,0.0
335,3,6,0,32400,29,0.0008950617283950618,11.82758617401123,0.05,0.1724137931034483
335,3,6,1,32400,12,0.00037037037037037035,9.25,0.1875,0.16666666666666666
335,3,6,2,32400,14,0.0004320987654320988,3.0714287757873535,0.0,0.07142857142857142
335,3,7,0,32400,25,0.0007716049382716049,18.920000076293945,0.10344827586206896,0.12
335,3,7,1,32400,8,0.0002469135802469136,18.5,0.16666666666666666,0.0
335,3,7,2,32400,15,0.000462962962962963,4.400000095367432,0.07142857142857142,0.13333333333333333
335,3,8,0,32400,23,0.0007098765432098765,19.0,0.0,0.13043478260869565
335,3,8,1,32400,10,0.00030864197530864197,7.099999904632568,0.0,0.0
335,3,8,2,32400,8,0.0002469135802469136,11.625,0.0,0.125
335,3,9,0,32400,28,0.0008641975308641976,10.571429252624512,0.17391304347826086,0.10714285714285714
335,3,9,1,32400,7,0.0002160493827160494,44.85715103149414,0.0,0.2857142857142857
335,3,9,2,32400,12,0.00037037037037037035,5.5,0.125,0.0
335,3,10,0,32400,20,0.0006172839506172839,4.75,0.03571428571428571,0.1
335,3,10,1,32400,7,0.0002160493827160494,8.0,0.0,0.14285714285714285
335,3,10,2,32400,16,0.0004938271604938272,6.3125,0.0,0.0
335,3,11,0,32400,23,0.0007098765432098765,41.08695602416992,0.05,0.043478260869565216
335,3,11,1,32400,7,0.0002160493827160494,4.857142925262451,0.0,0.0
335,3,11,2,32400,13,0.00040123456790123454,5.461538791656494,0.0625,0.0
335,3,12,0,32400,27,0.0008333333333333334,7.592592716217041,0.08695652173913043,0.07407407407407407
335,3,12,1,32400,10,0.00030864197530864197,5.599999904632568,0.0,0.0
335,3,12,2,32400,20,0.0006172839506172839,4.800000190734863,0.07692307692307693,0.15
335,3,13,0,32400,21,0.0006481481481481481,15.619048118591309,0.0,0.09523809523809523
335,3,13,1,32400,10,0.00030864197530864197,8.800000190734863,0.2,0.0
335,3,13,2,32400,16,0.0004938271604938272,18.125,0.15,0.0625
335,3,14,0,32400,35,0.0010802469135802468,9.514286041259766,0.09523809523809523,0.11428571428571428
335,3,14,1,32400,9,0.0002777777777777778,20.11111068725586,0.1,0.1111111111111111
335,3,14,2,32400,14,0.0004320987654320988,7.142857551574707,0.0,0.07142857142857142
335,3,15,0,32400,18,0.0005555555555555556,11.999999046325684,0.08571428571428572,0.0
335,3,15,1,32400,13,0.00040123456790123454,6.769230842590332,0.1111111111111111,0.07692307692307693
335,3,15,2,32400,17,0.0005246913580246914,3.588235378265381,0.2857142857142857,0.0
335,3,16,0,32400,23,0.0007098765432098765,6.4347825050354,0.05555555555555555,0.0
335,3,16,1,32400,8,0.0002469135802469136,8.5,0.07692307692307693,0.125
335,3,16,2,32400,13,0.00040123456790123454,3.307692527770996,0.0,0.07692307692307693
335,3,17,0,32400,31,0.0009567901234567902,9.774192810058594,0.13043478260869565,0.1935483870967742
335,3,17,1,32400,11,0.00033950617283950616,6.454545497894287,0.125,0.0
335,3,17,2,32400,24,0.0007407407407407407,5.375,0.07692307692307693,0.20833333333333334
335,3,18,0,32400,35,0.0010802469135802468,14.45714282989502,0.12903225806451613,0.14285714285714285
335,3,18,1,32400,12,0.00037037037037037035,29.250003814697266,0.0,0.16666666666666666
335,3,18,2,32400,17,0.0005246913580246914,4.823529243469238,0.08333333333333333,0.23529411764705882
335,3,19,0,32400,30,0.000925925925925926,16.666669845581055,0.08571428571428572,0.1
335,3,19,1,32400,12,0.00037037037037037035,4.4166669845581055,0.16666666666666666,0.16666666666666666
335,3,19,2,32400,10,0.00030864197530864197,2.700000047683716,0.058823529411764705,0.0
335,3,20,0,32400,27,0.0008333333333333334,17.592592239379883,0.03333333333333333,0.14814814814814814
335,3,20,1,32400,11,0.00033950617283950616,24.545455932617188,0.0,0.09090909090909091
335,3,20,2,32400,20,0.0006172839506172839,4.450000286102295,0.0,0.15
335,3,21,0,32400,29,0.0008950617283950618,5.724137783050537,0.2222222222222222,0.10344827586206896
335,3,21,1,32400,7,0.0002160493827160494,2.7142858505249023,0.18181818181818182,0.0
335,3,21,2,32400,10,0.00030864197530864197,3.9000000953674316,0.0,0.0
335,3,22,0,32400,27,0.0008333333333333334,12.259259223937988,0.06896551724137931,0.037037037037037035
335,3,22,1,32400,12,0.00037037037037037035,43.75,0.0,0.08333333333333333
335,3,22,2,32400,10,0.00030864197530864197,3.1000001430511475,0.0,0.1
335,3,23,0,32400,26,0.0008024691358024691,7.230769634246826,0.037037037037037035,0.0
335,3,23,1,32400,9,0.0002777777777777778,6.44444465637207,0.08333333333333333,0.0
335,3,23,2,32400,15,0.000462962962962963,10.666666984558105,0.1,0.0
335,3,24,0,32400,33,0.0010185185185185184,32.212127685546875,0.07692307692307693,0.06060606060606061
335,3,24,1,32400,17,0.0005246913580246914,7.235294342041016,0.3333333333333333,0.17647058823529413
335,3,24,2,32400,8,0.0002469135802469136,9.625,0.0,0.125
335,3,25,0,32400,28,0.0008641975308641976,12.678571701049805,0.06060606060606061,0.10714285714285714
335,3,25,1,32400,8,0.0002469135802469136,10.125,0.058823529411764705,0.125
335,3,25,2,32400,17,0.0005246913580246914,6.882352828979492,0.0,0.11764705882352941
335,3,26,0,32400,37,0.0011419753086419754,8.432432174682617,0.10714285714285714,0.1891891891891892
335,3,26,1,32400,12,0.00037037037037037035,6.0,0.125,0.0
335,3,26,2,32400,16,0.0004938271604938272,6.6875,0.058823529411764705,0.0
335,3,27,0,32400,33,0.0010185185185185184,17.15151596069336,0.21621621621621623,0.09090909090909091
335,3,27,1,32400,14,0.0004320987654320988,15.285714149475098,0.16666666666666666,0.14285714285714285
335,3,27,2,32400,16,0.0004938271604938272,6.125,0.0625,0.1875
335,3,28,0,32400,36,0.0011111111111111111,13.333333015441895,0.24242424242424243,0.1388888888888889
335,3,28,1,32400,14,0.0004320987654320988,10.071429252624512,0.14285714285714285,0.14285714285714285
335,3,28,2,32400,10,0.00030864197530864197,9.0,0.0,0.0
335,3,29,0,32400,38,0.0011728395061728395,11.552631378173828,0.08333333333333333,0.10526315789473684
335,3,29,1,32400,15,0.000462962962962963,31.333337783813477,0.07142857142857142,0.0
335,3,29,2,32400,21,0.0006481481481481481,10.09523868560791,0.2,0.19047619047619047
335,3,30,0,32400,30,0.000925925925925926,12.833333969116211,0.02631578947368421,0.03333333333333333
335,3,30,1,32400,11,0.00033950617283950616,10.818181991577148,0.06666666666666667,0.0
335,3,30,2,32400,18,0.0005555555555555556,3.444444417953491,0.047619047619047616,0.1111111111111111
335,3,31,0,32400,32,0.0009876543209876543,8.6875,0.1,0.0625
335,3,31,1,32400,8,0.0002469135802469136,16.375,0.0,0.25
335,3,31,2,32400,20,0.0006172839506172839,4.300000190734863,0.05555555555555555,0.2
335,3,32,0,32400,27,0.0008333333333333334,7.0,0.125,0.14814814814814814
335,3,32,1,32400,6,0.00018518518518518518,3.1666667461395264,0.0,0.0
335,3,32,2,32400,17,0.0005246913580246914,5.352941036224365,0.1,0.058823529411764705
335,3,33,0,32400,34,0.0010493827160493827,11.529412269592285,0.1111111111111111,0.14705882352941177
335,3,33,1,32400,6,0.00018518518518518518,6.1666669845581055,0.16666666666666666,0.0
335,3,33,2,32400,12,0.00037037037037037035,5.333333492279053,0.11764705882352941,0.08333333333333333
335,3,34,0,32400,25,0.0007716049382716049,13.399999618530273,0.11764705882352941,0.04
335,3,34,1,32400,11,0.00033950617283950616,2.2727272510528564,0.0,0.09090909090909091
335,3,34,2,32400,18,0.0005555555555555556,6.333333492279053,0.08333333333333333,0.16666666666666666
335,3,35,0,32400,31,0.0009567901234567902,12.580644607543945,0.08,0.0967741935483871
335,3,35,1,32400,8,0.0002469135802469136,6.875,0.18181818181818182,0.0
335,3,35,2,32400,14,0.0004320987654320988,26.71428680419922,0.1111111111111111,0.0
336,0,1,0,32400,19,0.0005864197530864197,76.89472198486328,-1.0,0.05263157894736842
336,0,1,1,32400,10,0.00030864197530864197,118.69998931884766,-1.0,0.0
336,0,1,2,32400,11,0.00033950617283950616,4.0,-1.0,0.0
336,0,2,0,32400,29,0.0008950617283950618,92.82756805419922,0.15789473684210525,0.2413793103448276
336,0,2,1,32400,12,0.00037037037037037035,3.0833334922790527,0.1,0.0
336,0,2,2,32400,15,0.000462962962962963,7.466667175292969,0.09090909090909091,0.06666666666666667
336,0,3,0,32400,36,0.0011111111111111111,15.5,0.10344827586206896,0.1388888888888889
336,0,3,1,32400,15,0.000462962962962963,13.866667747497559,0.16666666666666666,0.2
336,0,3,2,32400,13,0.00040123456790123454,8.84615421295166,0.0,0.0
336,0,4,0,32400,18,0.0005555555555555556,12.88888931274414,0.05555555555555555,0.2222222222222222
336,0,4,1,32400,13,0.00040123456790123454,4.538461685180664,0.0,0.0
336,0,4,2,32400,17,0.0005246913580246914,5.705882549285889,0.07692307692307693,0.058823529411764705
336,0,5,0,32400,33,0.0010185185185185184,25.69697380065918,0.1111111111111111,0.09090909090909091
336,0,5,1,32400,15,0.000462962962962963,15.20000171661377,0.15384615384615385,0.06666666666666667
336,0,5,2,32400,19,0.0005864197530864197,6.4210524559021,0.11764705882352941,0.15789473684210525
336,0,6,0,32400,24,0.0007407407407407407,20.166669845581055,0.15151515151515152,0.041666666666666664
336,0,6,1,32400,12,0.00037037037037037035,19.666667938232422,0.0,0.08333333333333333
336,0,6,2,32400,12,0.00037037037037037035,6.1666669845581055,0.0,0.08333333333333333
336,0,7,0,32400,25,0.0007716049382716049,19.19999885559082,0.08333333333333333,0.04
336,0,7,1,32400,7,0.0002160493827160494,15.714288711547852,0.0,0.0
336,0,7,2,32400,9,0.0002777777777777778,4.777777671813965,0.0,0.0
336,0,8,0,32400,23,0.0007098765432098765,23.13043785095215,0.04,0.17391304347826086
336,0,8,1,32400,9,0.0002777777777777778,11.111111640930176,0.0,0.0
336,0,8,2,32400,11,0.00033950617283950616,5.0,0.0,0.18181818181818182
336,0,9,0,32400,22,0.0006790123456790123,13.318181037902832,0.21739130434782608,0.09090909090909091
336,0,9,1,32400,7,0.0002160493827160494,88.00000762939453,0.0,0.0
336,0,9,2,32400,15,0.000462962962962963,3.866666793823242,0.0,0.13333333333333333
336,0,10,0,32400,23,0.0007098765432098765,8.913043975830078,0.09090909090909091,0.08695652173913043
336,0,10,1,32400,11,0.00033950617283950616,5.0,0.2857142857142857,0.0
336,0,10,2,32400,18,0.0005555555555555556,3.555555582046509,0.0,0.0
336,0,11,0,32400,24,0.0007407407407407407,8.875,0.21739130434782608,0.125
336,0,11,1,32400,15,0.000462962962962963,30.466670989990234,0.09090909090909091,0.13333333333333333
336,0,11,2,32400,17,0.0005246913580246914,42.76470184326172,0.05555555555555555,0.11764705882352941
336,0,12,0,32400,20,0.0006172839506172839,15.100000381469727,0.041666666666666664,0.1
336,0,12,1,32400,11,0.00033950617283950616,7.818181991577148,0.06666666666666667,0.0
336,0,12,2,32400,22,0.0006790123456790123,4.18181848526001,0.0,0.045454545454545456
336,0,13,0,32400,31,0.0009567901234567902,6.709677219390869,0.2,0.12903225806451613
336,0,13,1,32400,16,0.0004938271604938272,13.875,0.0,0.0625
336,0,13,2,32400,10,0.00030864197530864197,5.200000286102295,0.0,0.1
336,0,14,0,32400,32,0.0009876543209876543,24.500001907348633,0.06451612903225806,0.21875
336,0,14,1,32400,14,0.0004320987654320988,41.142852783203125,0.0,0.07142857142857142
336,0,14,2,32400,14,0.0004320987654320988,5.285714626312256,0.2,0.0
336,0,15,0,32400,27,0.0008333333333333334,16.44444465637207,0.25,0.14814814814814814
336,0,15,1,32400,9,0.0002777777777777778,11.333333015441895,0.21428571428571427,0.0
336,0,15,2,32400,13,0.00040123456790123454,4.461538791656494,0.07142857142857142,0.07692307692307693
336,0,16,0,32400,29,0.0008950617283950618,16.034482955932617,0.18518518518518517,0.06896551724137931
336,0,16,1,32400,20,0.0006172839506172839,14.350000381469727,0.1111111111111111,0.1
336,0,16,2,32400,18,0.0005555555555555556,5.611111164093018,0.07692307692307693,0.05555555555555555
336,0,17,0,32400,28,0.0008641975308641976,16.892858505249023,0.06896551724137931,0.10714285714285714
336,0,17,1,32400,10,0.00030864197530864197,5.800000190734863,0.1,0.1
336,0,17,2,32400,13,0.00040123456790123454,4.384615421295166,0.05555555555555555,0.07692307692307693
336,0,18,0,32400,24,0.0007407407407407407,18.666667938232422,0.10714285714285714,0.041666666666666664
336,0,18,1,32400,13,0.00040123456790123454,8.153846740722656,0.3,0.15384615384615385
336,0,18,2,32400,23,0.0007098765432098765,3.5652174949645996,0.07692307692307693,0.13043478260869565
336,0,19,0,32400,29,0.0008950617283950618,10.448275566101074,0.16666666666666666,0.0
336,0,19,1,32400,7,0.0002160493827160494,8.85714340209961,0.0,0.14285714285714285
336,0,19,2,32400,13,0.00040123456790123454,2.92307710647583,0.08695652173913043,0.07692307692307693
336,0,20,0,32400,30,0.000925925925925926,12.466667175292969,0.06896551724137931,0.0
336,0,20,1,32400,8,0.0002469135802469136,12.625,0.2857142857142857,0.0
336,0,20,2,32400,10,0.00030864197530864197,2.299999952316284,0.0,0.1
336,0,21,0,32400,19,0.0005864197530864197,21.263158798217773,0.06666666666666667,0.05263157894736842
336,0,21,1,32400,16,0.0004938271604938272,41.875,0.0,0.25
336,0,21,2,32400,13,0.00040123456790123454,4.538461685180664,0.0,0.23076923076923078
336,0,22,0,32400,24,0.0007407407407407407,18.708335876464844,0.05263157894736842,0.0
336,0,22,1,32400,4,0.0001234567901234568,2.25,0.0625,0.0
336,0,22,2,32400,27,0.0008333333333333334,9.037036895751953,0.0,0.037037037037037035
336,0,23,0,32400,26,0.0008024691358024691,13.000000953674316,0.125,0.07692307692307693
336,0,23,1,32400,10,0.00030864197530864197,10.100000381469727,0.0,0.2
336,0,23,2,32400,6,0.00018518518518518518,22.166667938232422,0.0,0.16666666666666666
336,0,24,0,32400,43,0.0013271604938271606,16.65116310119629,0.15384615384615385,0.06976744186046512
336,0,24,1,32400,13,0.00040123456790123454,4.84615421295166,0.2,0.07692307692307693
336,0,24,2,32400,15,0.000462962962962963,9.133334159851074,0.16666666666666666,0.06666666666666667
336,0,25,0,32400,32,0.0009876543209876543,26.374998092651367,0.06976744186046512,0.09375
336,0,25,1,32400,16,0.0004938271604938272,9.6875,0.23076923076923078,0.1875
336,0,25,2,32400,24,0.0007407407407407407,7.1666669845581055,0.2,0.041666666666666664
336,0,26,0,32400,22,0.0006790123456790123,23.863637924194336,0.125,0.045454545454545456
336,0,26,1,32400,11,0.00033950617283950616,10.090909004211426,0.125,0.0
336,0,26,2,32400,23,0.0007098765432098765,6.4347825050354,0.16666666666666666,0.0
336,0,27,0,32400,36,0.0011111111111111111,11.222222328186035,0.09090909090909091,0.1388888888888889
336,0,27,1,32400,17,0.0005246913580246914,8.882352828979492,0.18181818181818182,0.11764705882352941
336,0,27,2,32400,20,0.0006172839506172839,7.700000286102295,0.043478260869565216,0.1
336,0,28,0,32400,42,0.0012962962962962963,17.666667938232422,0.19444444444444445,0.09523809523809523
336,0,28,1,32400,7,0.0002160493827160494,5.0,0.0,0.14285714285714285
336,0,28,2,32400,23,0.0007098765432098765,6.608695983886719,0.2,0.13043478260869565
336,0,29,0,32400,21,0.0006481481481481481,5.476190567016602,0.023809523809523808,0.09523809523809523
336,0,29,1,32400,14,0.0004320987654320988,5.142857551574707,0.14285714285714285,0.14285714285714285
336,0,29,2,32400,13,0.00040123456790123454,5.538461685180664,0.043478260869565216,0.15384615384615385
336,0,30,0,32400,25,0.0007716049382716049,7.639999866485596,0.14285714285714285,0.12
336,0,30,1,32400,9,0.0002777777777777778,19.0,0.14285714285714285,0.0
336,0,30,2,32400,15,0.000462962962962963,3.866666793823242,0.0,0.06666666666666667
336,0,31,0,32400,34,0.0010493827160493827,22.176469802856445,0.16,0.11764705882352941
336,0,31,1,32400,4,0.0001234567901234568,5.75,0.0,0.0
336,0,31,2,32400,15,0.000462962962962963,5.866666793823242,0.0,0.0
336,0,32,0,32400,37,0.0011419753086419754,8.027027130126953,0.14705882352941177,0.10810810810810811
336,0,32,1,32400,8,0.0002469135802469136,22.500001907348633,0.0,0.0
336,0,32,2,32400,21,0.0006481481481481481,5.380951881408691,0.06666666666666667,0.047619047619047616
336,0,33,0,32400,33,0.0010185185185185184,12.424242973327637,0.16216216216216217,0.06060606060606061
336,0,33,1,32400,7,0.0002160493827160494,5.142857551574707,0.0,0.0
336,0,33,2,32400,20,0.0006172839506172839,3.9000000953674316,0.23809523809523808,0.1
336,0,34,0,32400,44,0.0013580246913580246,10.36363697052002,0.15151515151515152,0.18181818181818182
336,0,34,1,32400,11,0.00033950617283950616,2.3636364936828613,0.0,0.2727272727272727
336,0,34,2,32400,10,0.00030864197530864197,9.69999885559082,0.05,0.0
336,0,35,0,32400,25,0.0007716049382716049,10.15999984741211,0.09090909090909091,0.0
336,0,35,1,32400,8,0.0002469135802469136,32.75,0.0,0.0
336,0,35,2,32400,15,0.000462962962962963,18.53333282470703,0.0,0.06666666666666667
336,1,1,0,32400,26,0.0008024691358024691,10.692309379577637,-1.0,0.07692307692307693
336,1,1,1,32400,9,0.0002777777777777778,15.111111640930176,-1.0,0.0
336,1,1,2,32400,12,0.00037037037037037035,2.25,-1.0,0.0
336,1,2,0,32400,31,0.0009567901234567902,88.83869171142578,0.11538461538461539,0.0967741935483871
336,1,2,1,32400,16,0.0004938271604938272,5.625,0.0,0.1875
336,1,2,2,32400,13,0.00040123456790123454,4.384615421295166,0.16666666666666666,0.07692307692307693
336,1,3,0,32400,28,0.0008641975308641976,31.42857551574707,0.12903225806451613,0.14285714285714285
336,1,3,1,32400,11,0.00033950617283950616,17.18181800842285,0.125,0.2727272727272727
336,1,3,2,32400,17,0.0005246913580246914,7.470588207244873,0.23076923076923078,0.11764705882352941
336,1,4,0,32400,27,0.0008333333333333334,14.111111640930176,0.03571428571428571,0.07407407407407407
336,1,4,1,32400,9,0.0002777777777777778,15.666666984558105,0.18181818181818182,0.1111111111111111
336,1,4,2,32400,14,0.0004320987654320988,4.285714626312256,0.058823529411764705,0.07142857142857142
336,1,5,0,32400,21,0.0006481481481481481,18.666667938232422,0.037037037037037035,0.19047619047619047
336,1,5,1,32400,6,0.00018518518518518518,4.833333492279053,0.0,0.0
336,1,5,2,32400,13,0.00040123456790123454,5.538461685180664,0.14285714285714285,0.07692307692307693
336,1,6,0,32400,25,0.0007716049382716049,37.60000228881836,0.19047619047619047,0.08
336,1,6,1,32400,15,0.000462962962962963,13.533333778381348,0.16666666666666666,0.13333333333333333
336,1,6,2,32400,11,0.00033950617283950616,5.0,0.0,0.09090909090909091
336,1,7,0,32400,27,0.0008333333333333334,11.259259223937988,0.24,0.07407407407407407
336,1,7,1,32400,6,0.00018518518518518518,17.666667938232422,0.0,0.0
336,1,7,2,32400,7,0.0002160493827160494,4.5714287757873535,0.09090909090909091,0.0
336,1,8,0,32400,22,0.0006790123456790123,8.5,0.1111111111111111,0.045454545454545456
336,1,8,1,32400,8,0.0002469135802469136,3.125,0.0,0.375
336,1,8,2,32400,12,0.00037037037037037035,5.5,0.14285714285714285,0.0
336,1,9,0,32400,18,0.0005555555555555556,8.333333015441895,0.09090909090909091,0.1111111111111111
336,1,9,1,32400,10,0.00030864197530864197,8.800000190734863,0.0,0.1
336,1,9,2,32400,19,0.0005864197530864197,5.1052632331848145,0.16666666666666666,0.15789473684210525
336,1,10,0,32400,20,0.0006172839506172839,12.949999809265137,0.05555555555555555,0.1
336,1,10,1,32400,10,0.00030864197530864197,11.300000190734863,0.4,0.0
336,1,10,2,32400,20,0.0006172839506172839,5.400000095367432,0.21052631578947367,0.2
336,1,11,0,32400,29,0.0008950617283950618,7.655172348022461,0.2,0.10344827586206896
336,1,11,1,32400,7,0.0002160493827160494,91.14286804199219,0.1,0.14285714285714285
336,1,11,2,32400,15,0.000462962962962963,5.733333587646484,0.0,0.0
336,1,12,0,32400,25,0.0007716049382716049,7.359999656677246,0.06896551724137931,0.12
336,1,12,1,32400,12,0.00037037037037037035,25.500003814697266,0.2857142857142857,0.0
336,1,12,2,32400,19,0.0005864197530864197,12.26315975189209,0.26666666666666666,0.05263157894736842
336,1,13,0,32400,27,0.0008333333333333334,12.037036895751953,0.12,0.1111111111111111
336,1,13,1,32400,8,0.0002469135802469136,2.125,0.08333333333333333,0.0
336,1,13,2,32400,11,0.00033950617283950616,4.545454502105713,0.0,0.09090909090909091
336,1,14,0,32400,33,0.0010185185185185184,13.909090995788574,0.07407407407407407,0.12121212121212122
336,1,14,1,32400,13,0.00040123456790123454,4.92307710647583,0.0,0.15384615384615385
336,1,14,2,32400,9,0.0002777777777777778,3.555555582046509,0.0,0.0
336,1,15,0,32400,28,0.0008641975308641976,12.750000953674316,0.12121212121212122,0.14285714285714285
336,1,15,1,32400,13,0.00040123456790123454,8.307692527770996,0.15384615384615385,0.07692307692307693
336,1,15,2,32400,15,0.000462962962962963,8.600000381469727,0.0,0.0
336,1,16,0,32400,30,0.000925925925925926,24.433332443237305,0.17857142857142858,0.03333333333333333
336,1,16,1,32400,17,0.0005246913580246914,9.176470756530762,0.07692307692307693,0.11764705882352941
336,1,16,2,32400,17,0.0005246913580246914,4.647058963775635,0.13333333333333333,0.0
336,1,17,0,32400,24,0.0007407407407407407,12.458333969116211,0.0,0.16666666666666666
336,1,17,1,32400,9,0.0002777777777777778,4.222222328186035,0.0,0.2222222222222222
336,1,17,2,32400,18,0.0005555555555555556,4.055555820465088,0.11764705882352941,0.1111111111111111
336,1,18,0,32400,34,0.0010493827160493827,16.441179275512695,0.08333333333333333,0.14705882352941177
336,1,18,1,32400,10,0.00030864197530864197,5.800000190734863,0.1111111111111111,0.0
336,1,18,2,32400,9,0.0002777777777777778,3.777777910232544,0.05555555555555555,0.0
336,1,19,0,32400,23,0.0007098765432098765,23.30434799194336,0.14705882352941177,0.13043478260869565
336,1,19,1,32400,4,0.0001234567901234568,3.75,0.0,0.0
336,1,19,2,32400,12,0.00037037037037037035,5.083333492279053,0.0,0.25
336,1,20,0,32400,32,0.0009876543209876543,11.375000953674316,0.21739130434782608,0.125
336,1,20,1,32400,7,0.0002160493827160494,14.285715103149414,0.0,0.0
336,1,20,2,32400,9,0.0002777777777777778,2.555555582046509,0.0,0.2222222222222222
336,1,21,0,32400,25,0.0007716049382716049,18.079999923706055,0.03125,0.12
336,1,21,1,32400,12,0.00037037037037037035,8.25,0.0,0.08333333333333333
336,1,21,2,32400,6,0.00018518518518518518,2.8333334922790527,0.0,0.0
336,1,22,0,32400,20,0.0006172839506172839,8.199999809265137,0.16,0.0
336,1,22,1,32400,10,0.00030864197530864197,18.799999237060547,0.0,0.2
336,1,22,2,32400,19,0.0005864197530864197,10.789473533630371,0.16666666666666666,0.05263157894736842
336,1,23,0,32400,23,0.0007098765432098765,13.217391967773438,0.1,0.08695652173913043
336,1,23,1,32400,7,0.0002160493827160494,19.71428680419922,0.0,0.0
336,1,23,2,32400,7,0.0002160493827160494,2.142857313156128,0.0,0.0
336,1,24,0,32400,29,0.0008950617283950618,20.10344886779785,0.13043478260869565,0.0
336,1,24,1,32400,13,0.00040123456790123454,8.615385055541992,0.0,0.15384615384615385
336,1,24,2,32400,16,0.0004938271604938272,9.75,0.14285714285714285,0.0625
336,1,25,0,32400,33,0.0010185185185185184,14.212122917175293,0.1724137931034483,0.12121212121212122
336,1,25,1,32400,7,0.0002160493827160494,5.428571701049805,0.07692307692307693,0.0
336,1,25,2,32400,14,0.0004320987654320988,13.357144355773926,0.1875,0.07142857142857142
336,1,26,0,32400,30,0.000925925925925926,36.5,0.18181818181818182,0.1
336,1,26,1,32400,5,0.00015432098765432098,5.400000095367432,0.0,0.0
336,1,26,2,32400,18,0.0005555555555555556,7.833333492279053,0.14285714285714285,0.1111111111111111
336,1,27,0,32400,38,0.0011728395061728395,15.815788269042969,0.16666666666666666,0.07894736842105263
336,1,27,1,32400,12,0.00037037037037037035,16.75,0.0,0.08333333333333333
336,1,27,2,32400,21,0.0006481481481481481,6.61904764175415,0.16666666666666666,0.0
336,1,28,0,32400,28,0.0008641975308641976,15.60714340209961,0.07894736842105263,0.10714285714285714
336,1,28,1,32400,9,0.0002777777777777778,9.55555534362793,0.16666666666666666,0.0
336,1,28,2,32400,30,0.000925925925925926,6.90000057220459,0.23809523809523808,0.1
336,1,29,0,32400,37,0.0011419753086419754,10.45945930480957,0.10714285714285714,0.10810810810810811
336,1,29,1,32400,11,0.00033950617283950616,7.545454978942871,0.0,0.0
336,1,29,2,32400,14,0.0004320987654320988,3.9285717010498047,0.0,0.14285714285714285
336,1,30,0,32400,24,0.0007407407407407407,7.458333492279053,0.05405405405405406,0.16666666666666666
336,1,30,1,32400,10,0.00030864197530864197,4.800000190734863,0.09090909090909091,0.2
336,1,30,2,32400,11,0.00033950617283950616,3.909090995788574,0.07142857142857142,0.09090909090909091
336,1,31,0,32400,36,0.0011111111111111111,9.472222328186035,0.20833333333333334,0.1388888888888889
336,1,31,1,32400,6,0.00018518518518518518,12.833333969116211,0.0,0.0
336,1,31,2,32400,13,0.00040123456790123454,5.0,0.0,0.15384615384615385
336,1,32,0,32400,35,0.0010802469135802468,7.857142925262451,0.16666666666666666,0.17142857142857143
336,1,32,1,32400,6,0.00018518518518518518,24.666669845581055,0.0,0.0
336,1,32,2,32400,20,0.0006172839506172839,6.75,0.07692307692307693,0.05
336,1,33,0,32400,28,0.0008641975308641976,8.321429252624512,0.11428571428571428,0.07142857142857142
336,1,33,1,32400,4,0.0001234567901234568,10.75,0.0,0.0
336,1,33,2,32400,15,0.000462962962962963,5.333333492279053,0.0,0.06666666666666667
336,1,34,0,32400,23,0.0007098765432098765,33.869571685791016,0.07142857142857142,0.13043478260869565
336,1,34,1,32400,6,0.00018518518518518518,3.3333334922790527,0.0,0.16666666666666666
336,1,34,2,32400,14,0.0004320987654320988,20.07143211364746,0.0,0.0
336,1,35,0,32400,23,0.0007098765432098765,15.0,0.043478260869565216,0.08695652173913043
336,1,35,1,32400,8,0.0002469135802469136,6.625,0.16666666666666666,0.0
336,1,35,2,32400,15,0.000462962962962963,9.133334159851074,0.0,0.0
336,2,1,0,32400,30,0.000925925925925926,15.866667747497559,-1.0,0.1
336,2,1,1,32400,10,0.00030864197530864197,47.90000534057617,-1.0,0.1
336,2,1,2,32400,12,0.00037037037037037035,2.5,-1.0,0.0
336,2,2,0,32400,34,0.0010493827160493827,11.088234901428223,0.06666666666666667,0.11764705882352941
336,2,2,1,32400,17,0.0005246913580246914,27.23529815673828,0.1,0.17647058823529413
336,2,2,2,32400,13,0.00040123456790123454,9.153846740722656,0.08333333333333333,0.0
336,2,3,0,32400,34,0.0010493827160493827,9.529412269592285,0.029411764705882353,0.11764705882352941
336,2,3,1,32400,17,0.0005246913580246914,12.529412269592285,0.11764705882352941,0.11764705882352941
336,2,3,2,32400,13,0.00040123456790123454,4.076923370361328,0.0,0.07692307692307693
336,2,4,0,32400,27,0.0008333333333333334,21.88888931274414,0.08823529411764706,0.1111111111111111
336,2,4,1,32400,13,0.00040123456790123454,5.153846263885498,0.17647058823529413,0.07692307692307693
336,2,4,2,32400,14,0.0004320987654320988,7.928571701049805,0.07692307692307693,0.07142857142857142
336,2,5,0,32400,34,0.0010493827160493827,33.82353591918945,0.14814814814814814,0.14705882352941177
336,2,5,1,32400,16,0.0004938271604938272,17.25,0.15384615384615385,0.1875
336,2,5,2,32400,9,0.0002777777777777778,3.3333332538604736,0.0,0.0
336,2,6,0,32400,27,0.0008333333333333334,9.55555534362793,0.20588235294117646,0.1111111111111111
336,2,6,1,32400,9,0.0002777777777777778,10.0,0.125,0.1111111111111111
336,2,6,2,32400,14,0.0004320987654320988,4.714285850524902,0.0,0.14285714285714285
336,2,7,0,32400,28,0.0008641975308641976,16.571430206298828,0.14814814814814814,0.21428571428571427
336,2,7,1,32400,4,0.0001234567901234568,11.25,0.1111111111111111,0.0
336,2,7,2,32400,14,0.0004320987654320988,4.214285850524902,0.07142857142857142,0.07142857142857142
336,2,8,0,32400,23,0.0007098765432098765,10.52173900604248,0.03571428571428571,0.08695652173913043
336,2,8,1,32400,7,0.0002160493827160494,9.85714340209961,0.0,0.0
336,2,8,2,32400,11,0.00033950617283950616,7.363636493682861,0.07142857142857142,0.0
336,2,9,0,32400,23,0.0007098765432098765,13.82608699798584,0.08695652173913043,0.043478260869565216
336,2,9,1,32400,9,0.0002777777777777778,15.222224235534668,0.14285714285714285,0.1111111111111111
336,2,9,2,32400,16,0.0004938271604938272,9.125,0.09090909090909091,0.125
336,2,10,0,32400,30,0.000925925925925926,32.76667022705078,0.13043478260869565,0.1
336,2,10,1,32400,8,0.0002469135802469136,9.875,0.2222222222222222,0.125
336,2,10,2,32400,14,0.0004320987654320988,4.214285850524902,0.125,0.0
336,2,11,0,32400,20,0.0006172839506172839,11.100000381469727,0.06666666666666667,0.1
336,2,11,1,32400,12,0.00037037037037037035,52.08333969116211,0.125,0.08333333333333333
336,2,11,2,32400,19,0.0005864197530864197,4.0,0.07142857142857142,0.05263157894736842
336,2,12,0,32400,20,0.0006172839506172839,11.65000057220459,0.05,0.05
336,2,12,1,32400,15,0.000462962962962963,35.33333969116211,0.08333333333333333,0.3333333333333333
336,2,12,2,32400,22,0.0006790123456790123,4.090909004211426,0.05263157894736842,0.09090909090909091
336,2,13,0,32400,20,0.0006172839506172839,12.90000057220459,0.1,0.05
336,2,13,1,32400,14,0.0004320987654320988,8.142857551574707,0.06666666666666667,0.14285714285714285
336,2,13,2,32400,11,0.00033950617283950616,4.727272987365723,0.045454545454545456,0.2727272727272727
336,2,14,0,32400,21,0.0006481481481481481,17.33333396911621,0.15,0.047619047619047616
336,2,14,1,32400,13,0.00040123456790123454,8.153846740722656,0.14285714285714285,0.15384615384615385
336,2,14,2,32400,9,0.0002777777777777778,3.0,0.09090909090909091,0.0
336,2,15,0,32400,25,0.0007716049382716049,15.319999694824219,0.19047619047619047,0.08
336,2,15,1,32400,11,0.00033950617283950616,12.090909004211426,0.3076923076923077,0.09090909090909091
336,2,15,2,32400,15,0.000462962962962963,8.333333969116211,0.0,0.06666666666666667
336,2,16,0,32400,23,0.0007098765432098765,16.434782028198242,0.12,0.08695652173913043
336,2,16,1,32400,15,0.000462962962962963,12.866667747497559,0.18181818181818182,0.06666666666666667
336,2,16,2,32400,15,0.000462962962962963,5.133333683013916,0.0,0.0
336,2,17,0,32400,32,0.0009876543209876543,16.78125,0.0,0.03125
336,2,17,1,32400,12,0.00037037037037037035,12.833333969116211,0.06666666666666667,0.08333333333333333
336,2,17,2,32400,13,0.00040123456790123454,3.461538553237915,0.06666666666666667,0.07692307692307693
336,2,18,0,32400,34,0.0010493827160493827,22.41176414489746,0.15625,0.17647058823529413
336,2,18,1,32400,9,0.0002777777777777778,7.222222328186035,0.08333333333333333,0.0
336,2,18,2,32400,22,0.0006790123456790123,3.7727274894714355,0.0,0.0
336,2,19,0,32400,24,0.0007407407407407407,49.75000762939453,0.058823529411764705,0.08333333333333333
336,2,19,1,32400,5,0.00015432098765432098,4.200000286102295,0.0,0.0
336,2,19,2,32400,18,0.0005555555555555556,4.666666507720947,0.045454545454545456,0.1111111111111111
336,2,20,0,32400,23,0.0007098765432098765,17.434782028198242,0.08333333333333333,0.08695652173913043
336,2,20,1,32400,8,0.0002469135802469136,10.5,0.2,0.25
336,2,20,2,32400,12,0.00037037037037037035,7.833333492279053,0.2222222222222222,0.08333333333333333
336,2,21,0,32400,23,0.0007098765432098765,11.869564056396484,0.08695652173913043,0.043478260869565216
336,2,21,1,32400,14,0.0004320987654320988,50.78571319580078,0.0,0.5714285714285714
336,2,21,2,32400,10,0.00030864197530864197,3.0,0.0,0.0
336,2,22,0,32400,25,0.0007716049382716049,12.119999885559082,0.043478260869565216,0.04
336,2,22,1,32400,4,0.0001234567901234568,13.000000953674316,0.14285714285714285,0.0
336,2,22,2,32400,20,0.0006172839506172839,12.149998664855957,0.1,0.35
336,2,23,0,32400,29,0.0008950617283950618,35.10345458984375,0.16,0.06896551724137931
336,2,23,1,32400,4,0.0001234567901234568,19.25,0.25,0.0
336,2,23,2,32400,5,0.00015432098765432098,4.200000286102295,0.1,0.0
336,2,24,0,32400,32,0.0009876543209876543,14.812499046325684,0.06896551724137931,0.03125
336,2,24,1,32400,12,0.00037037037037037035,8.000000953674316,0.0,0.0
336,2,24,2,32400,15,0.000462962962962963,4.733333587646484,0.2,0.0
336,2,25,0,32400,35,0.0010802469135802468,11.942856788635254,0.09375,0.05714285714285714
336,2,25,1,32400,15,0.000462962962962963,6.466667175292969,0.08333333333333333,0.0
336,2,25,2,32400,22,0.0006790123456790123,7.454545497894287,0.0,0.045454545454545456
336,2,26,0,32400,36,0.0011111111111111111,15.083333015441895,0.14285714285714285,0.2222222222222222
336,2,26,1,32400,14,0.0004320987654320988,15.071429252624512,0.13333333333333333,0.2857142857142857
336,2,26,2,32400,15,0.000462962962962963,6.333333492279053,0.09090909090909091,0.06666666666666667
336,2,27,0,32400,32,0.0009876543209876543,11.09375,0.2222222222222222,0.1875
336,2,27,1,32400,12,0.00037037037037037035,7.083333492279053,0.07142857142857142,0.0
336,2,27,2,32400,17,0.0005246913580246914,8.29411792755127,0.06666666666666667,0.058823529411764705
336,2,28,0,32400,47,0.0014506172839506173,17.25531768798828,0.15625,0.1276595744680851
336,2,28,1,32400,19,0.0005864197530864197,23.84210777282715,0.08333333333333333,0.10526315789473684
336,2,28,2,32400,23,0.0007098765432098765,5.4347825050354,0.17647058823529413,0.21739130434782608
336,2,29,0,32400,37,0.0011419753086419754,7.756756782531738,0.14893617021276595,0.1891891891891892
336,2,29,1,32400,18,0.0005555555555555556,10.44444465637207,0.05263157894736842,0.2777777777777778
336,2,29,2,32400,17,0.0005246913580246914,14.235294342041016,0.13043478260869565,0.11764705882352941
336,2,30,0,32400,31,0.0009567901234567902,8.612902641296387,0.05405405405405406,0.06451612903225806
336,2,30,1,32400,9,0.0002777777777777778,20.888891220092773,0.16666666666666666,0.1111111111111111
336,2,30,2,32400,15,0.000462962962962963,9.066667556762695,0.11764705882352941,0.0
336,2,31,0,32400,24,0.0007407407407407407,6.2916669845581055,0.06451612903225806,0.16666666666666666
336,2,31,1,32400,10,0.00030864197530864197,9.100000381469727,0.1111111111111111,0.0
336,2,31,2,32400,18,0.0005555555555555556,3.8888888359069824,0.0,0.16666666666666666
336,2,32,0,32400,29,0.0008950617283950618,7.344827651977539,0.20833333333333334,0.06896551724137931
336,2,32,1,32400,8,0.0002469135802469136,3.75,0.1,0.0
336,2,32,2,32400,11,0.00033950617283950616,6.909090995788574,0.05555555555555555,0.09090909090909091
336,2,33,0,32400,30,0.000925925925925926,15.2333345413208,0.06896551724137931,0.13333333333333333
336,2,33,1,32400,11,0.00033950617283950616,3.8181819915771484,0.0,0.09090909090909091
336,2,33,2,32400,11,0.00033950617283950616,9.0,0.0,0.09090909090909091
336,2,34,0,32400,29,0.0008950617283950618,18.10344886779785,0.06666666666666667,0.06896551724137931
336,2,34,1,32400,6,0.00018518518518518518,11.166666984558105,0.0,0.0
336,2,34,2,32400,14,0.0004320987654320988,11.500001907348633,0.0,0.0
336,2,35,0,32400,21,0.0006481481481481481,9.952381134033203,0.0,0.09523809523809523
336,2,35,1,32400,7,0.0002160493827160494,6.142857551574707,0.0,0.0
336,2,35,2,32400,13,0.00040123456790123454,11.307692527770996,0.0,0.07692307692307693
336,3,1,0,32400,30,0.000925925925925926,7.833333969116211,-1.0,0.0
336,3,1,1,32400,13,0.00040123456790123454,32.92308044433594,-1.0,0.23076923076923078
336,3,1,2,32400,14,0.0004320987654320988,4.142857551574707,-1.0,0.07142857142857142
336,3,2,0,32400,24,0.0007407407407407407,116.58331298828125,0.06666666666666667,0.125
336,3,2,1,32400,19,0.0005864197530864197,74.26316833496094,0.07692307692307693,0.10526315789473684
336,3,2,2,32400,12,0.00037037037037037035,4.9166669845581055,0.07142857142857142,0.08333333333333333
336,3,3,0,32400,26,0.0008024691358024691,8.961539268493652,0.125,0.038461538461538464
336,3,3,1,32400,12,0.00037037037037037035,11.0,0.10526315789473684,0.0
336,3,3,2,32400,11,0.00033950617283950616,5.2727274894714355,0.0,0.09090909090909091
336,3,4,0,32400,31,0.0009567901234567902,14.483870506286621,0.11538461538461539,0.22580645161290322
336,3,4,1,32400,21,0.0006481481481481481,8.90476131439209,0.16666666666666666,0.09523809523809523
336,3,4,2,32400,13,0.00040123456790123454,6.153846263885498,0.0,0.0
336,3,5,0,32400,20,0.0006172839506172839,10.65000057220459,0.06451612903225806,0.1
336,3,5,1,32400,16,0.0004938271604938272,16.8125,0.14285714285714285,0.125
336,3,5,2,32400,15,0.000462962962962963,2.8000001907348633,0.07692307692307693,0.06666666666666667
336,3,6,0,32400,28,0.0008641975308641976,20.035717010498047,0.05,0.07142857142857142
336,3,6,1,32400,13,0.00040123456790123454,4.84615421295166,0.125,0.23076923076923078
336,3,6,2,32400,13,0.00040123456790123454,4.615384578704834,0.0,0.0
336,3,7,0,32400,27,0.0008333333333333334,14.44444465637207,0.03571428571428571,0.07407407407407407
336,3,7,1,32400,8,0.0002469135802469136,10.5,0.0,0.125
336,3,7,2,32400,17,0.0005246913580246914,5.176470756530762,0.15384615384615385,0.058823529411764705
336,3,8,0,32400,22,0.0006790123456790123,21.772727966308594,0.0,0.09090909090909091
336,3,8,1,32400,3,9.259259259259259e-05,38.66667175292969,0.0,0.0
336,3,8,2,32400,6,0.00018518518518518518,6.1666669845581055,0.11764705882352941,0.0
336,3,9,0,32400,18,0.0005555555555555556,10.55555534362793,0.13636363636363635,0.05555555555555555
336,3,9,1,32400,9,0.0002777777777777778,76.77777862548828,0.3333333333333333,0.1111111111111111
336,3,9,2,32400,12,0.00037037037037037035,4.583333492279053,0.3333333333333333,0.08333333333333333
336,3,10,0,32400,24,0.0007407407407407407,12.0,0.05555555555555555,0.125
336,3,10,1,32400,6,0.00018518518518518518,3.5,0.0,0.16666666666666666
336,3,10,2,32400,15,0.000462962962962963,4.866666793823242,0.08333333333333333,0.0
336,3,11,0,32400,23,0.0007098765432098765,11.17391300201416,0.041666666666666664,0.08695652173913043
336,3,11,1,32400,12,0.00037037037037037035,34.583335876464844,0.0,0.08333333333333333
336,3,11,2,32400,21,0.0006481481481481481,6.38095235824585,0.0,0.047619047619047616
336,3,12,0,32400,22,0.0006790123456790123,9.181818008422852,0.13043478260869565,0.045454545454545456
336,3,12,1,32400,9,0.0002777777777777778,9.222222328186035,0.0,0.0
336,3,12,2,32400,22,0.0006790123456790123,9.772727012634277,0.14285714285714285,0.09090909090909091
336,3,13,0,32400,22,0.0006790123456790123,14.0,0.09090909090909091,0.09090909090909091
336,3,13,1,32400,11,0.00033950617283950616,6.81818151473999,0.1111111111111111,0.09090909090909091
336,3,13,2,32400,10,0.00030864197530864197,7.099999904632568,0.045454545454545456,0.0
336,3,14,0,32400,19,0.0005864197530864197,7.4210524559021,0.09090909090909091,0.10526315789473684
336,3,14,1,32400,12,0.00037037037037037035,8.5,0.0,0.08333333333333333
336,3,14,2,32400,7,0.0002160493827160494,3.4285717010498047,0.1,0.0
336,3,15,0,32400,23,0.0007098765432098765,5.695652484893799,0.10526315789473684,0.043478260869565216
336,3,15,1,32400,9,0.0002777777777777778,6.333333492279053,0.08333333333333333,0.1111111111111111
336,3,15,2,32400,13,0.00040123456790123454,2.538461685180664,0.2857142857142857,0.0
336,3,16,0,32400,24,0.0007407407407407407,8.125,0.08695652173913043,0.08333333333333333
336,3,16,1,32400,13,0.00040123456790123454,13.84615421295166,0.0,0.0
336,3,16,2,32400,11,0.00033950617283950616,4.2727274894714355,0.0,0.0
336,3,17,0,32400,33,0.0010185185185185184,16.272729873657227,0.08333333333333333,0.21212121212121213
336,3,17,1,32400,5,0.00015432098765432098,3.0,0.07692307692307693,0.0
336,3,17,2,32400,19,0.0005864197530864197,3.263157844543457,0.09090909090909091,0.05263157894736842
336,3,18,0,32400,35,0.0010802469135802468,13.457141876220703,0.12121212121212122,0.2
336,3,18,1,32400,9,0.0002777777777777778,9.666666984558105,0.0,0.0
336,3,18,2,32400,21,0.0006481481481481481,5.38095235824585,0.15789473684210525,0.09523809523809523
336,3,19,0,32400,23,0.0007098765432098765,50.30435562133789,0.11428571428571428,0.08695652173913043
336,3,19,1,32400,8,0.0002469135802469136,6.0,0.0,0.0
336,3,19,2,32400,6,0.00018518518518518518,2.1666667461395264,0.0,0.0
336,3,20,0,32400,29,0.0008950617283950618,8.206896781921387,0.043478260869565216,0.1724137931034483
336,3,20,1,32400,8,0.0002469135802469136,12.625,0.125,0.125
336,3,20,2,32400,16,0.0004938271604938272,7.1875,0.16666666666666666,0.0625
336,3,21,0,32400,25,0.0007716049382716049,9.999998092651367,0.13793103448275862,0.08
336,3,21,1,32400,8,0.0002469135802469136,5.625,0.125,0.125
336,3,21,2,32400,10,0.00030864197530864197,5.0,0.0,0.1
336,3,22,0,32400,27,0.0008333333333333334,9.407407760620117,0.04,0.14814814814814814
336,3,22,1,32400,9,0.0002777777777777778,34.4444465637207,0.0,0.0
336,3,22,2,32400,15,0.000462962962962963,9.333333969116211,0.2,0.0
336,3,23,0,32400,29,0.0008950617283950618,15.724139213562012,0.1111111111111111,0.034482758620689655
336,3,23,1,32400,9,0.0002777777777777778,10.55555534362793,0.2222222222222222,0.0
336,3,23,2,32400,6,0.00018518518518518518,11.333332061767578,0.0,0.0
336,3,24,0,32400,31,0.0009567901234567902,38.48387145996094,0.10344827586206896,0.03225806451612903
336,3,24,1,32400,12,0.00037037037037037035,5.0,0.3333333333333333,0.25
336,3,24,2,32400,18,0.0005555555555555556,4.388888835906982,0.16666666666666666,0.16666666666666666
336,3,25,0,32400,25,0.0007716049382716049,12.0,0.0967741935483871,0.08
336,3,25,1,32400,5,0.00015432098765432098,7.800000190734863,0.08333333333333333,0.0
336,3,25,2,32400,15,0.000462962962962963,6.266666889190674,0.1111111111111111,0.0
336,3,26,0,32400,35,0.0010802469135802468,21.257143020629883,0.2,0.14285714285714285
336,3,26,1,32400,7,0.0002160493827160494,5.142857551574707,0.0,0.0
336,3,26,2,32400,18,0.0005555555555555556,7.666666507720947,0.06666666666666667,0.0
336,3,27,0,32400,32,0.0009876543209876543,10.46875,0.17142857142857143,0.125
336,3,27,1,32400,15,0.000462962962962963,8.266667366027832,0.14285714285714285,0.06666666666666667
336,3,27,2,32400,14,0.0004320987654320988,10.285715103149414,0.1111111111111111,0.07142857142857142
336,3,28,0,32400,36,0.0011111111111111111,13.69444465637207,0.1875,0.08333333333333333
336,3,28,1,32400,12,0.00037037037037037035,31.250003814697266,0.06666666666666667,0.0
336,3,28,2,32400,17,0.0005246913580246914,4.941176414489746,0.0,0.058823529411764705
336,3,29,0,32400,24,0.0007407407407407407,16.458332061767578,0.027777777777777776,0.041666666666666664
336,3,29,1,32400,11,0.00033950617283950616,18.000003814697266,0.0,0.09090909090909091
336,3,29,2,32400,18,0.0005555555555555556,9.611111640930176,0.058823529411764705,0.16666666666666666
336,3,30,0,32400,20,0.0006172839506172839,11.90000057220459,0.08333333333333333,0.05
336,3,30,1,32400,13,0.00040123456790123454,13.923077583312988,0.18181818181818182,0.07692307692307693
336,3,30,2,32400,15,0.000462962962962963,12.733333587646484,0.05555555555555555,0.0
336,3,31,0,32400,28,0.0008641975308641976,51.67857360839844,0.15,0.14285714285714285
336,3,31,1,32400,9,0.0002777777777777778,7.0,0.07692307692307693,0.0
336,3,31,2,32400,18,0.0005555555555555556,4.277777671813965,0.0,0.05555555555555555
336,3,32,0,32400,27,0.0008333333333333334,8.777777671813965,0.14285714285714285,0.07407407407407407
336,3,32,1,32400,7,0.0002160493827160494,4.285714626312256,0.1111111111111111,0.14285714285714285
336,3,32,2,32400,15,0.000462962962962963,6.266666889190674,0.1111111111111111,0.2
336,3,33,0,32400,34,0.0010493827160493827,9.088234901428223,0.07407407407407407,0.35294117647058826
336,3,33,1,32400,9,0.0002777777777777778,6.0,0.14285714285714285,0.0
336,3,33,2,32400,15,0.000462962962962963,3.6000001430511475,0.13333333333333333,0.06666666666666667
336,3,34,0,32400,32,0.0009876543209876543,15.46875,0.08823529411764706,0.125
336,3,34,1,32400,11,0.00033950617283950616,5.3636369705200195,0.0,0.09090909090909091
336,3,34,2,32400,19,0.0005864197530864197,18.63157844543457,0.06666666666666667,0.0
336,3,35,0,32400,31,0.0009567901234567902,8.096774101257324,0.03125,0.0967741935483871
336,3,35,1,32400,7,0.0002160493827160494,38.142860412597656,0.09090909090909091,0.0
336,3,35,2,32400,16,0.0004938271604938272,5.875,0.15789473684210525,0.125
337,0,1,0,32400,21,0.0006481481481481481,125.09521484375,-1.0,0.047619047619047616
337,0,1,1,32400,14,0.0004320987654320988,83.50001525878906,-1.0,0.0
337,0,1,2,32400,13,0.00040123456790123454,2.769230842590332,-1.0,0.0
337,0,2,0,32400,25,0.0007716049382716049,28.40000343322754,0.09523809523809523,0.2
337,0,2,1,32400,5,0.00015432098765432098,2.6000001430511475,0.0,0.0
337,0,2,2,32400,16,0.0004938271604938272,5.8125,0.07692307692307693,0.0
337,0,3,0,32400,28,0.0008641975308641976,10.428571701049805,0.12,0.17857142857142858
337,0,3,1,32400,15,0.000462962962962963,18.266666412353516,0.6,0.2
337,0,3,2,32400,15,0.000462962962962963,8.133334159851074,0.0625,0.13333333333333333
337,0,4,0,32400,25,0.0007716049382716049,32.320003509521484,0.07142857142857142,0.16
337,0,4,1,32400,15,0.000462962962962963,14.800002098083496,0.13333333333333333,0.0
337,0,4,2,32400,15,0.000462962962962963,4.800000190734863,0.2,0.06666666666666667
337,0,5,0,32400,24,0.0007407407407407407,35.00000762939453,0.08,0.08333333333333333
337,0,5,1,32400,13,0.00040123456790123454,14.923077583312988,0.06666666666666667,0.07692307692307693
337,0,5,2,32400,17,0.0005246913580246914,7.058823585510254,0.0,0.058823529411764705
337,0,6,0,32400,24,0.0007407407407407407,9.166666984558105,0.16666666666666666,0.125
337,0,6,1,32400,5,0.00015432098765432098,22.200002670288086,0.0,0.0
337,0,6,2,32400,7,0.0002160493827160494,5.714285850524902,0.0,0.14285714285714285
337,0,7,0,32400,31,0.0009567901234567902,10.290322303771973,0.125,0.22580645161290322
337,0,7,1,32400,6,0.00018518518518518518,11.166666984558105,0.2,0.0
337,0,7,2,32400,11,0.00033950617283950616,6.454545497894287,0.0,0.0
337,0,8,0,32400,28,0.0008641975308641976,9.678571701049805,0.06451612903225806,0.10714285714285714
337,0,8,1,32400,8,0.0002469135802469136,20.750003814697266,0.0,0.0
337,0,8,2,32400,18,0.0005555555555555556,5.611111164093018,0.18181818181818182,0.05555555555555555
337,0,9,0,32400,29,0.0008950617283950618,32.0,0.17857142857142858,0.10344827586206896
337,0,9,1,32400,13,0.00040123456790123454,68.15385437011719,0.125,0.0
337,0,9,2,32400,17,0.0005246913580246914,4.882352828979492,0.0,0.0
337,0,10,0,32400,18,0.0005555555555555556,5.222222328186035,0.06896551724137931,0.05555555555555555
337,0,10,1,32400,10,0.00030864197530864197,3.200000047683716,0.15384615384615385,0.1
337,0,10,2,32400,15,0.000462962962962963,3.000000238418579,0.0,0.06666666666666667
337,0,11,0,32400,30,0.000925925925925926,12.533333778381348,0.2222222222222222,0.13333333333333333
337,0,11,1,32400,9,0.0002777777777777778,14.111112594604492,0.1,0.2222222222222222
337,0,11,2,32400,16,0.0004938271604938272,15.187500953674316,0.06666666666666667,0.125
337,0,12,0,32400,27,0.0008333333333333334,9.962963104248047,0.1,0.07407407407407407
337,0,12,1,32400,4,0.0001234567901234568,2.0,0.0,0.0
337,0,12,2,32400,17,0.0005246913580246914,3.7647058963775635,0.0,0.11764705882352941
337,0,13,0,32400,29,0.0008950617283950618,8.862069129943848,0.1111111111111111,0.06896551724137931
337,0,13,1,32400,9,0.0002777777777777778,6.777777671813965,0.0,0.1111111111111111
337,0,13,2,32400,16,0.0004938271604938272,2.5,0.058823529411764705,0.0
337,0,14,0,32400,35,0.0010802469135802468,13.514286041259766,0.13793103448275862,0.22857142857142856
337,0,14,1,32400,17,0.0005246913580246914,12.176470756530762,0.1111111111111111,0.17647058823529413
337,0,14,2,32400,19,0.0005864197530864197,2.6315789222717285,0.0625,0.10526315789473684
337,0,15,0,32400,42,0.0012962962962962963,24.452381134033203,0.2571428571428571,0.21428571428571427
337,0,15,1,32400,8,0.0002469135802469136,8.125,0.17647058823529413,0.0
337,0,15,2,32400,15,0.000462962962962963,3.8000001907348633,0.05263157894736842,0.0
337,0,16,0,32400,30,0.000925925925925926,23.833335876464844,0.14285714285714285,0.06666666666666667
337,0,16,1,32400,14,0.0004320987654320988,24.000003814697266,0.125,0.14285714285714285
337,0,16,2,32400,15,0.000462962962962963,4.800000190734863,0.06666666666666667,0.06666666666666667
337,0,17,0,32400,29,0.0008950617283950618,12.103446960449219,0.13333333333333333,0.20689655172413793
337,0,17,1,32400,13,0.00040123456790123454,7.615385055541992,0.14285714285714285,0.07692307692307693
337,0,17,2,32400,14,0.0004320987654320988,2.857142925262451,0.13333333333333333,0.07142857142857142
337,0,18,0,32400,21,0.0006481481481481481,55.952388763427734,0.06896551724137931,0.09523809523809523
337,0,18,1,32400,9,0.0002777777777777778,5.666666507720947,0.07692307692307693,0.0
337,0,18,2,32400,18,0.0005555555555555556,2.8333332538604736,0.0,0.1111111111111111
337,0,19,0,32400,27,0.0008333333333333334,6.592592716217041,0.09523809523809523,0.14814814814814814
337,0,19,1,32400,7,0.0002160493827160494,6.142857551574707,0.1111111111111111,0.14285714285714285
337,0,19,2,32400,12,0.00037037037037037035,3.0833334922790527,0.0,0.0
337,0,20,0,32400,23,0.0007098765432098765,10.69565200805664,0.037037037037037035,0.0
337,0,20,1,32400,8,0.0002469135802469136,69.125,0.14285714285714285,0.125
337,0,20,2,32400,9,0.0002777777777777778,3.777777910232544,0.0,0.1111111111111111
337,0,21,0,32400,23,0.0007098765432098765,7.34782600402832,0.0,0.0
337,0,21,1,32400,13,0.00040123456790123454,36.46154022216797,0.125,0.15384615384615385
337,0,21,2,32400,18,0.0005555555555555556,15.88888931274414,0.3333333333333333,0.16666666666666666
337,0,22,0,32400,24,0.0007407407407407407,36.50000762939453,0.043478260869565216,0.041666666666666664
337,0,22,1,32400,7,0.0002160493827160494,14.85714340209961,0.07692307692307693,0.0
337,0,22,2,32400,13,0.00040123456790123454,11.769230842590332,0.05555555555555555,0.07692307692307693
337,0,23,0,32400,29,0.0008950617283950618,27.517240524291992,0.125,0.06896551724137931
337,0,23,1,32400,7,0.0002160493827160494,13.000000953674316,0.14285714285714285,0.0
337,0,23,2,32400,9,0.0002777777777777778,10.000000953674316,0.0,0.1111111111111111
337,0,24,0,32400,34,0.0010493827160493827,10.529412269592285,0.10344827586206896,0.08823529411764706
337,0,24,1,32400,12,0.00037037037037037035,8.666666984558105,0.14285714285714285,0.0
337,0,24,2,32400,18,0.0005555555555555556,14.55555534362793,0.1111111111111111,0.16666666666666666
337,0,25,0,32400,30,0.000925925925925926,24.366668701171875,0.08823529411764706,0.06666666666666667
337,0,25,1,32400,12,0.00037037037037037035,9.083333969116211,0.16666666666666666,0.16666666666666666
337,0,25,2,32400,21,0.0006481481481481481,4.857142925262451,0.2222222222222222,0.047619047619047616
337,0,26,0,32400,26,0.0008024691358024691,18.269229888916016,0.13333333333333333,0.11538461538461539
337,0,26,1,32400,11,0.00033950617283950616,6.818181991577148,0.08333333333333333,0.18181818181818182
337,0,26,2,32400,21,0.0006481481481481481,5.761904716491699,0.14285714285714285,0.047619047619047616
337,0,27,0,32400,40,0.0012345679012345679,18.375,0.11538461538461539,0.075
337,0,27,1,32400,15,0.000462962962962963,11.800000190734863,0.09090909090909091,0.13333333333333333
337,0,27,2,32400,24,0.0007407407407407407,8.666666984558105,0.09523809523809523,0.125
337,0,28,0,32400,41,0.0012654320987654322,10.560975074768066,0.15,0.3170731707317073
337,0,28,1,32400,13,0.00040123456790123454,8.615385055541992,0.06666666666666667,0.15384615384615385
337,0,28,2,32400,13,0.00040123456790123454,12.538463592529297,0.16666666666666666,0.0
337,0,29,0,32400,21,0.0006481481481481481,4.476190567016602,0.04878048780487805,0.09523809523809523
337,0,29,1,32400,15,0.000462962962962963,11.133334159851074,0.0,0.2
337,0,29,2,32400,15,0.000462962962962963,8.533333778381348,0.0,0.26666666666666666
337,0,30,0,32400,31,0.0009567901234567902,9.032258033752441,0.19047619047619047,0.16129032258064516
337,0,30,1,32400,5,0.00015432098765432098,5.200000286102295,0.06666666666666667,0.0
337,0,30,2,32400,12,0.00037037037037037035,3.75,0.0,0.0
337,0,31,0,32400,39,0.0012037037037037038,6.410256385803223,0.12903225806451613,0.1794871794871795
337,0,31,1,32400,5,0.00015432098765432098,32.40000534057617,0.0,0.0
337,0,31,2,32400,9,0.0002777777777777778,8.333333015441895,0.08333333333333333,0.0
337,0,32,0,32400,33,0.0010185185185185184,12.727272987365723,0.15384615384615385,0.24242424242424243
337,0,32,1,32400,12,0.00037037037037037035,7.1666669845581055,0.2,0.0
337,0,32,2,32400,20,0.0006172839506172839,5.25,0.2222222222222222,0.05
337,0,33,0,32400,37,0.0011419753086419754,7.351351737976074,0.15151515151515152,0.10810810810810811
337,0,33,1,32400,5,0.00015432098765432098,12.000000953674316,0.0,0.0
337,0,33,2,32400,16,0.0004938271604938272,18.0625,0.1,0.0625
337,0,34,0,32400,36,0.0011111111111111111,12.194445610046387,0.16216216216216217,0.1388888888888889
337,0,34,1,32400,7,0.0002160493827160494,9.85714340209961,0.2,0.14285714285714285
337,0,34,2,32400,8,0.0002469135802469136,14.625,0.0625,0.125
337,0,35,0,32400,34,0.0010493827160493827,7.352941036224365,0.16666666666666666,0.0
337,0,35,1,32400,4,0.0001234567901234568,3.5,0.0,0.0
337,0,35,2,32400,19,0.0005864197530864197,17.36842155456543,0.0,0.21052631578947367
337,1,1,0,32400,35,0.0010802469135802468,9.657142639160156,-1.0,0.17142857142857143
337,1,1,1,32400,9,0.0002777777777777778,37.22222900390625,-1.0,0.0
337,1,1,2,32400,10,0.00030864197530864197,7.5,-1.0,0.1
337,1,2,0,32400,34,0.0010493827160493827,23.647062301635742,0.08571428571428572,0.17647058823529413
337,1,2,1,32400,14,0.0004320987654320988,5.785714626312256,0.0,0.0
337,1,2,2,32400,17,0.0005246913580246914,3.2941176891326904,0.2,0.23529411764705882
337,1,3,0,32400,15,0.000462962962962963,27.466670989990234,0.11764705882352941,0.13333333333333333
337,1,3,1,32400,15,0.000462962962962963,12.59999942779541,0.2857142857142857,0.26666666666666666
337,1,3,2,32400,17,0.0005246913580246914,4.764706134796143,0.058823529411764705,0.058823529411764705
337,1,4,0,32400,28,0.0008641975308641976,16.857145309448242,0.0,0.14285714285714285
337,1,4,1,32400,10,0.00030864197530864197,18.899999618530273,0.13333333333333333,0.1
337,1,4,2,32400,17,0.0005246913580246914,6.176470756530762,0.058823529411764705,0.058823529411764705
337,1,5,0,32400,32,0.0009876543209876543,12.46875,0.07142857142857142,0.15625
337,1,5,1,32400,10,0.00030864197530864197,14.0,0.0,0.1
337,1,5,2,32400,10,0.00030864197530864197,7.0,0.0,0.0
337,1,6,0,32400,28,0.0008641975308641976,11.928571701049805,0.125,0.21428571428571427
337,1,6,1,32400,6,0.00018518518518518518,4.0,0.0,0.0
337,1,6,2,32400,14,0.0004320987654320988,4.0,0.0,0.0
337,1,7,0,32400,29,0.0008950617283950618,10.517241477966309,0.25,0.06896551724137931
337,1,7,1,32400,7,0.0002160493827160494,45.571434020996094,0.0,0.0
337,1,7,2,32400,12,0.00037037037037037035,5.083333492279053,0.07142857142857142,0.0
337,1,8,0,32400,21,0.0006481481481481481,6.190476417541504,0.1724137931034483,0.047619047619047616
337,1,8,1,32400,6,0.00018518518518518518,12.166666030883789,0.0,0.16666666666666666
337,1,8,2,32400,10,0.00030864197530864197,6.000000476837158,0.0,0.1
337,1,9,0,32400,20,0.0006172839506172839,6.599999904632568,0.09523809523809523,0.1
337,1,9,1,32400,11,0.00033950617283950616,9.545454978942871,0.3333333333333333,0.09090909090909091
337,1,9,2,32400,19,0.0005864197530864197,3.1578948497772217,0.2,0.10526315789473684
337,1,10,0,32400,20,0.0006172839506172839,6.550000190734863,0.1,0.0
337,1,10,1,32400,12,0.00037037037037037035,20.75,0.18181818181818182,0.08333333333333333
337,1,10,2,32400,22,0.0006790123456790123,32.5,0.10526315789473684,0.0
337,1,11,0,32400,25,0.0007716049382716049,9.800000190734863,0.15,0.2
337,1,11,1,32400,12,0.00037037037037037035,32.83333969116211,0.08333333333333333,0.08333333333333333
337,1,11,2,32400,14,0.0004320987654320988,10.214285850524902,0.13636363636363635,0.07142857142857142
337,1,12,0,32400,25,0.0007716049382716049,11.0,0.04,0.16
337,1,12,1,32400,12,0.00037037037037037035,6.4166669845581055,0.16666666666666666,0.0
337,1,12,2,32400,13,0.00040123456790123454,4.307692527770996,0.07142857142857142,0.15384615384615385
337,1,13,0,32400,22,0.0006790123456790123,16.272727966308594,0.16,0.13636363636363635
337,1,13,1,32400,7,0.0002160493827160494,12.428571701049805,0.08333333333333333,0.0
337,1,13,2,32400,10,0.00030864197530864197,3.9000000953674316,0.0,0.0
337,1,14,0,32400,25,0.0007716049382716049,17.19999885559082,0.18181818181818182,0.08
337,1,14,1,32400,11,0.00033950617283950616,9.272727966308594,0.14285714285714285,0.09090909090909091
337,1,14,2,32400,12,0.00037037037037037035,7.999999046325684,0.0,0.08333333333333333
337,1,15,0,32400,27,0.0008333333333333334,23.88888931274414,0.16,0.1111111111111111
337,1,15,1,32400,10,0.00030864197530864197,8.699999809265137,0.0,0.1
337,1,15,2,32400,17,0.0005246913580246914,6.647058963775635,0.08333333333333333,0.058823529411764705
337,1,16,0,32400,31,0.0009567901234567902,12.0,0.2222222222222222,0.0967741935483871
337,1,16,1,32400,14,0.0004320987654320988,22.07143211364746,0.1,0.14285714285714285
337,1,16,2,32400,16,0.0004938271604938272,9.5,0.058823529411764705,0.125
337,1,17,0,32400,21,0.0006481481481481481,11.761903762817383,0.03225806451612903,0.14285714285714285
337,1,17,1,32400,7,0.0002160493827160494,5.285714626312256,0.07142857142857142,0.0
337,1,17,2,32400,22,0.0006790123456790123,2.8181819915771484,0.125,0.09090909090909091
337,1,18,0,32400,25,0.0007716049382716049,13.039999961853027,0.14285714285714285,0.16
337,1,18,1,32400,8,0.0002469135802469136,6.625,0.14285714285714285,0.125
337,1,18,2,32400,16,0.0004938271604938272,2.125,0.0,0.125
337,1,19,0,32400,29,0.0008950617283950618,15.0,0.2,0.2413793103448276
337,1,19,1,32400,5,0.00015432098765432098,4.0,0.0,0.0
337,1,19,2,32400,8,0.0002469135802469136,7.75,0.0625,0.125
337,1,20,0,32400,25,0.0007716049382716049,18.439998626708984,0.20689655172413793,0.04
337,1,20,1,32400,17,0.0005246913580246914,9.529412269592285,0.0,0.17647058823529413
337,1,20,2,32400,9,0.0002777777777777778,5.0,0.0,0.1111111111111111
337,1,21,0,32400,23,0.0007098765432098765,18.347827911376953,0.04,0.043478260869565216
337,1,21,1,32400,9,0.0002777777777777778,10.55555534362793,0.058823529411764705,0.0
337,1,21,2,32400,16,0.0004938271604938272,5.8125,0.0,0.0
337,1,22,0,32400,27,0.0008333333333333334,12.666666984558105,0.13043478260869565,0.1111111111111111
337,1,22,1,32400,6,0.00018518518518518518,3.5,0.0,0.0
337,1,22,2,32400,9,0.0002777777777777778,14.222222328186035,0.0625,0.0
337,1,23,0,32400,34,0.0010493827160493827,17.382352828979492,0.07407407407407407,0.058823529411764705
337,1,23,1,32400,9,0.0002777777777777778,10.55555534362793,0.0,0.2222222222222222
337,1,23,2,32400,15,0.000462962962962963,5.466667175292969,0.1111111111111111,0.06666666666666667
337,1,24,0,32400,32,0.0009876543209876543,20.15625,0.08823529411764706,0.0625
337,1,24,1,32400,11,0.00033950617283950616,8.818181991577148,0.0,0.09090909090909091
337,1,24,2,32400,18,0.0005555555555555556,7.888888835906982,0.06666666666666667,0.0
337,1,25,0,32400,29,0.0008950617283950618,22.55172348022461,0.15625,0.13793103448275862
337,1,25,1,32400,12,0.00037037037037037035,19.08333396911621,0.0,0.08333333333333333
337,1,25,2,32400,11,0.00033950617283950616,6.363636493682861,0.1111111111111111,0.0
337,1,26,0,32400,34,0.0010493827160493827,13.352941513061523,0.13793103448275862,0.11764705882352941
337,1,26,1,32400,5,0.00015432098765432098,5.800000190734863,0.0,0.2
337,1,26,2,32400,21,0.0006481481481481481,8.142857551574707,0.09090909090909091,0.09523809523809523
337,1,27,0,32400,36,0.0011111111111111111,16.05555534362793,0.17647058823529413,0.05555555555555555
337,1,27,1,32400,12,0.00037037037037037035,6.9166669845581055,0.0,0.0
337,1,27,2,32400,20,0.0006172839506172839,7.200000286102295,0.09523809523809523,0.1
337,1,28,0,32400,30,0.000925925925925926,9.600000381469727,0.027777777777777776,0.2
337,1,28,1,32400,21,0.0006481481481481481,7.190476417541504,0.08333333333333333,0.09523809523809523
337,1,28,2,32400,23,0.0007098765432098765,9.47826099395752,0.15,0.08695652173913043
337,1,29,0,32400,31,0.0009567901234567902,11.258064270019531,0.1,0.12903225806451613
337,1,29,1,32400,14,0.0004320987654320988,8.0,0.09523809523809523,0.07142857142857142
337,1,29,2,32400,16,0.0004938271604938272,10.125,0.08695652173913043,0.125
337,1,30,0,32400,30,0.000925925925925926,27.833335876464844,0.0967741935483871,0.2
337,1,30,1,32400,6,0.00018518518518518518,5.0,0.0,0.0
337,1,30,2,32400,10,0.00030864197530864197,8.100000381469727,0.0,0.0
337,1,31,0,32400,42,0.0012962962962962963,8.952381134033203,0.13333333333333333,0.14285714285714285
337,1,31,1,32400,7,0.0002160493827160494,4.0,0.3333333333333333,0.0
337,1,31,2,32400,14,0.0004320987654320988,3.000000238418579,0.0,0.21428571428571427
337,1,32,0,32400,26,0.0008024691358024691,10.269230842590332,0.07142857142857142,0.19230769230769232
337,1,32,1,32400,7,0.0002160493827160494,8.85714340209961,0.14285714285714285,0.0
337,1,32,2,32400,21,0.0006481481481481481,7.0,0.0,0.19047619047619047
337,1,33,0,32400,35,0.0010802469135802468,23.314285278320312,0.19230769230769232,0.08571428571428572
337,1,33,1,32400,3,9.259259259259259e-05,1.6666667461395264,0.0,0.0
337,1,33,2,32400,10,0.00030864197530864197,12.0,0.0,0.0
337,1,34,0,32400,24,0.0007407407407407407,13.791667938232422,0.05714285714285714,0.0
337,1,34,1,32400,4,0.0001234567901234568,3.0,0.0,0.25
337,1,34,2,32400,13,0.00040123456790123454,18.307695388793945,0.1,0.07692307692307693
337,1,35,0,32400,37,0.0011419753086419754,9.918919563293457,0.041666666666666664,0.08108108108108109
337,1,35,1,32400,5,0.00015432098765432098,38.20000457763672,0.0,0.0
337,1,35,2,32400,19,0.0005864197530864197,22.052631378173828,0.0,0.05263157894736842
337,2,1,0,32400,37,0.0011419753086419754,11.513513565063477,-1.0,0.13513513513513514
337,2,1,1,32400,12,0.00037037037037037035,17.249998092651367,-1.0,0.08333333333333333
337,2,1,2,32400,11,0.00033950617283950616,8.545454978942871,-1.0,0.0
337,2,2,0,32400,25,0.0007716049382716049,12.15999984741211,0.02702702702702703,0.04
337,2,2,1,32400,15,0.000462962962962963,15.80000114440918,0.0,0.26666666666666666
337,2,2,2,32400,17,0.0005246913580246914,8.588234901428223,0.18181818181818182,0.0
337,2,3,0,32400,24,0.0007407407407407407,10.375,0.08,0.041666666666666664
337,2,3,1,32400,18,0.0005555555555555556,7.055555820465088,0.26666666666666666,0.1111111111111111
337,2,3,2,32400,13,0.00040123456790123454,7.230769634246826,0.0,0.07692307692307693
337,2,4,0,32400,25,0.0007716049382716049,38.6400032043457,0.041666666666666664,0.24
337,2,4,1,32400,12,0.00037037037037037035,19.416667938232422,0.16666666666666666,0.0
337,2,4,2,32400,10,0.00030864197530864197,2.6000001430511475,0.07692307692307693,0.1
337,2,5,0,32400,32,0.0009876543209876543,23.46875,0.24,0.125
337,2,5,1,32400,12,0.00037037037037037035,17.83333396911621,0.0,0.16666666666666666
337,2,5,2,32400,11,0.00033950617283950616,4.909090995788574,0.0,0.0
337,2,6,0,32400,28,0.0008641975308641976,8.071429252624512,0.15625,0.03571428571428571
337,2,6,1,32400,12,0.00037037037037037035,13.583333969116211,0.3333333333333333,0.08333333333333333
337,2,6,2,32400,12,0.00037037037037037035,6.583333969116211,0.0,0.25
337,2,7,0,32400,22,0.0006790123456790123,24.818185806274414,0.07142857142857142,0.22727272727272727
337,2,7,1,32400,5,0.00015432098765432098,18.200002670288086,0.08333333333333333,0.0
337,2,7,2,32400,11,0.00033950617283950616,4.909090995788574,0.0,0.0
337,2,8,0,32400,21,0.0006481481481481481,10.428570747375488,0.09090909090909091,0.19047619047619047
337,2,8,1,32400,8,0.0002469135802469136,6.875,0.0,0.0
337,2,8,2,32400,9,0.0002777777777777778,11.111111640930176,0.09090909090909091,0.0
337,2,9,0,32400,24,0.0007407407407407407,13.458332061767578,0.09523809523809523,0.0
337,2,9,1,32400,8,0.0002469135802469136,10.25,0.125,0.0
337,2,9,2,32400,13,0.00040123456790123454,5.84615421295166,0.1111111111111111,0.07692307692307693
337,2,10,0,32400,19,0.0005864197530864197,9.526315689086914,0.041666666666666664,0.05263157894736842
337,2,10,1,32400,11,0.00033950617283950616,5.545454502105713,0.125,0.0
337,2,10,2,32400,22,0.0006790123456790123,5.590909481048584,0.07692307692307693,0.09090909090909091
337,2,11,0,32400,22,0.0006790123456790123,14.909090995788574,0.05263157894736842,0.09090909090909091
337,2,11,1,32400,12,0.00037037037037037035,30.666671752929688,0.18181818181818182,0.0
337,2,11,2,32400,17,0.0005246913580246914,3.1764705181121826,0.09090909090909091,0.058823529411764705
337,2,12,0,32400,21,0.0006481481481481481,8.190476417541504,0.13636363636363635,0.0
337,2,12,1,32400,11,0.00033950617283950616,21.72727394104004,0.08333333333333333,0.18181818181818182
337,2,12,2,32400,14,0.0004320987654320988,3.857142925262451,0.11764705882352941,0.07142857142857142
337,2,13,0,32400,19,0.0005864197530864197,9.578948020935059,0.047619047619047616,0.0
337,2,13,1,32400,10,0.00030864197530864197,5.099999904632568,0.09090909090909091,0.2
337,2,13,2,32400,13,0.00040123456790123454,15.538464546203613,0.0,0.0
337,2,14,0,32400,25,0.0007716049382716049,9.359999656677246,0.10526315789473684,0.16
337,2,14,1,32400,14,0.0004320987654320988,11.500000953674316,0.4,0.14285714285714285
337,2,14,2,32400,17,0.0005246913580246914,7.823529243469238,0.15384615384615385,0.058823529411764705
337,2,15,0,32400,31,0.0009567901234567902,21.19354820251465,0.2,0.03225806451612903
337,2,15,1,32400,11,0.00033950617283950616,19.636363983154297,0.14285714285714285,0.09090909090909091
337,2,15,2,32400,12,0.00037037037037037035,6.4166669845581055,0.11764705882352941,0.0
337,2,16,0,32400,32,0.0009876543209876543,5.59375,0.0967741935483871,0.0625
337,2,16,1,32400,9,0.0002777777777777778,8.44444465637207,0.0,0.0
337,2,16,2,32400,22,0.0006790123456790123,4.7727274894714355,0.0,0.2727272727272727
337,2,17,0,32400,34,0.0010493827160493827,17.55882453918457,0.15625,0.14705882352941177
337,2,17,1,32400,11,0.00033950617283950616,6.0,0.1111111111111111,0.2727272727272727
337,2,17,2,32400,20,0.0006172839506172839,4.349999904632568,0.045454545454545456,0.0
337,2,18,0,32400,30,0.000925925925925926,19.066667556762695,0.14705882352941177,0.16666666666666666
337,2,18,1,32400,7,0.0002160493827160494,27.142858505249023,0.09090909090909091,0.0
337,2,18,2,32400,14,0.0004320987654320988,3.7857143878936768,0.05,0.07142857142857142
337,2,19,0,32400,27,0.0008333333333333334,11.703703880310059,0.06666666666666667,0.07407407407407407
337,2,19,1,32400,5,0.00015432098765432098,14.0,0.0,0.0
337,2,19,2,32400,12,0.00037037037037037035,7.833333492279053,0.07142857142857142,0.16666666666666666
337,2,20,0,32400,18,0.0005555555555555556,10.722222328186035,0.037037037037037035,0.05555555555555555
337,2,20,1,32400,11,0.00033950617283950616,13.272727966308594,0.0,0.18181818181818182
337,2,20,2,32400,15,0.000462962962962963,6.600000381469727,0.08333333333333333,0.06666666666666667
337,2,21,0,32400,19,0.0005864197530864197,12.26315975189209,0.05555555555555555,0.10526315789473684
337,2,21,1,32400,10,0.00030864197530864197,48.5,0.18181818181818182,0.4
337,2,21,2,32400,14,0.0004320987654320988,17.642858505249023,0.0,0.0
337,2,22,0,32400,29,0.0008950617283950618,10.689655303955078,0.10526315789473684,0.10344827586206896
337,2,22,1,32400,6,0.00018518518518518518,2.8333334922790527,0.1,0.0
337,2,22,2,32400,9,0.0002777777777777778,8.555554389953613,0.07142857142857142,0.0
337,2,23,0,32400,29,0.0008950617283950618,46.517242431640625,0.10344827586206896,0.10344827586206896
337,2,23,1,32400,10,0.00030864197530864197,14.5,0.0,0.1
337,2,23,2,32400,16,0.0004938271604938272,5.625,0.2222222222222222,0.0625
337,2,24,0,32400,37,0.0011419753086419754,24.324325561523438,0.034482758620689655,0.10810810810810811
337,2,24,1,32400,11,0.00033950617283950616,5.0,0.0,0.0
337,2,24,2,32400,15,0.000462962962962963,5.800000190734863,0.0625,0.06666666666666667
337,2,25,0,32400,28,0.0008641975308641976,9.75,0.13513513513513514,0.0
337,2,25,1,32400,11,0.00033950617283950616,19.0,0.0,0.09090909090909091
337,2,25,2,32400,16,0.0004938271604938272,3.1875,0.06666666666666667,0.0625
337,2,26,0,32400,38,0.0011728395061728395,15.631577491760254,0.21428571428571427,0.18421052631578946
337,2,26,1,32400,14,0.0004320987654320988,13.500000953674316,0.09090909090909091,0.14285714285714285
337,2,26,2,32400,17,0.0005246913580246914,9.941176414489746,0.125,0.0
337,2,27,0,32400,36,0.0011111111111111111,13.416666984558105,0.15789473684210525,0.1111111111111111
337,2,27,1,32400,13,0.00040123456790123454,29.15384864807129,0.07142857142857142,0.07692307692307693
337,2,27,2,32400,19,0.0005864197530864197,8.789473533630371,0.0,0.10526315789473684
337,2,28,0,32400,42,0.0012962962962962963,11.952381134033203,0.1111111111111111,0.11904761904761904
337,2,28,1,32400,16,0.0004938271604938272,14.562500953674316,0.23076923076923078,0.0
337,2,28,2,32400,12,0.00037037037037037035,7.333333969116211,0.15789473684210525,0.08333333333333333
337,2,29,0,32400,23,0.0007098765432098765,7.695652484893799,0.11904761904761904,0.043478260869565216
337,2,29,1,32400,14,0.0004320987654320988,12.928571701049805,0.125,0.2857142857142857
337,2,29,2,32400,15,0.000462962962962963,5.6666669845581055,0.25,0.06666666666666667
337,2,30,0,32400,33,0.0010185185185185184,8.606060981750488,0.17391304347826086,0.09090909090909091
337,2,30,1,32400,5,0.00015432098765432098,14.0,0.14285714285714285,0.2
337,2,30,2,32400,12,0.00037037037037037035,11.583333969116211,0.2,0.16666666666666666
337,2,31,0,32400,35,0.0010802469135802468,6.914285659790039,0.12121212121212122,0.14285714285714285
337,2,31,1,32400,6,0.00018518518518518518,28.833335876464844,0.2,0.0
337,2,31,2,32400,13,0.00040123456790123454,4.615384578704834,0.0,0.23076923076923078
337,2,32,0,32400,29,0.0008950617283950618,11.517241477966309,0.11428571428571428,0.13793103448275862
337,2,32,1,32400,3,9.259259259259259e-05,3.3333334922790527,0.0,0.0
337,2,32,2,32400,18,0.0005555555555555556,6.44444465637207,0.07692307692307693,0.05555555555555555
337,2,33,0,32400,37,0.0011419753086419754,32.02703094482422,0.06896551724137931,0.13513513513513514
337,2,33,1,32400,9,0.0002777777777777778,4.555555820465088,0.0,0.0
337,2,33,2,32400,15,0.000462962962962963,10.600000381469727,0.0,0.06666666666666667
337,2,34,0,32400,25,0.0007716049382716049,9.520000457763672,0.05405405405405406,0.04
337,2,34,1,32400,7,0.0002160493827160494,11.14285659790039,0.2222222222222222,0.0
337,2,34,2,32400,12,0.00037037037037037035,8.916666984558105,0.0,0.08333333333333333
337,2,35,0,32400,37,0.0011419753086419754,25.189189910888672,0.04,0.08108108108108109
337,2,35,1,32400,5,0.00015432098765432098,37.20000457763672,0.0,0.0
337,2,35,2,32400,17,0.0005246913580246914,14.294116973876953,0.16666666666666666,0.058823529411764705
337,3,1,0,32400,27,0.0008333333333333334,5.111111164093018,-1.0,0.037037037037037035
337,3,1,1,32400,12,0.00037037037037037035,41.91667175292969,-1.0,0.16666666666666666
337,3,1,2,32400,8,0.0002469135802469136,9.75,-1.0,0.0
337,3,2,0,32400,36,0.0011111111111111111,27.833337783813477,0.07407407407407407,0.1111111111111111
337,3,2,1,32400,20,0.0006172839506172839,9.15000057220459,0.16666666666666666,0.1
337,3,2,2,32400,12,0.00037037037037037035,2.3333334922790527,0.0,0.25
337,3,3,0,32400,22,0.0006790123456790123,8.772727966308594,0.05555555555555555,0.09090909090909091
337,3,3,1,32400,9,0.0002777777777777778,7.0,0.1,0.0
337,3,3,2,32400,13,0.00040123456790123454,4.153846263885498,0.08333333333333333,0.0
337,3,4,0,32400,29,0.0008950617283950618,34.8620719909668,0.045454545454545456,0.13793103448275862
337,3,4,1,32400,15,0.000462962962962963,20.800003051757812,0.2222222222222222,0.0
337,3,4,2,32400,18,0.0005555555555555556,7.666666507720947,0.0,0.05555555555555555
337,3,5,0,32400,23,0.0007098765432098765,12.30434799194336,0.034482758620689655,0.0
337,3,5,1,32400,18,0.0005555555555555556,12.05555534362793,0.2,0.16666666666666666
337,3,5,2,32400,11,0.00033950617283950616,8.090909004211426,0.05555555555555555,0.09090909090909091
337,3,6,0,32400,23,0.0007098765432098765,8.608695983886719,0.043478260869565216,0.08695652173913043
337,3,6,1,32400,11,0.00033950617283950616,13.909092903137207,0.1111111111111111,0.18181818181818182
337,3,6,2,32400,15,0.000462962962962963,5.600000381469727,0.09090909090909091,0.06666666666666667
337,3,7,0,32400,28,0.0008641975308641976,18.035717010498047,0.13043478260869565,0.14285714285714285
337,3,7,1,32400,9,0.0002777777777777778,22.88888931274414,0.0,0.0
337,3,7,2,32400,18,0.0005555555555555556,5.5,0.13333333333333333,0.1111111111111111
337,3,8,0,32400,25,0.0007716049382716049,12.239999771118164,0.10714285714285714,0.12
337,3,8,1,32400,9,0.0002777777777777778,4.666666507720947,0.1111111111111111,0.1111111111111111
337,3,8,2,32400,10,0.00030864197530864197,4.900000095367432,0.05555555555555555,0.2
337,3,9,0,32400,25,0.0007716049382716049,10.399999618530273,0.12,0.12
337,3,9,1,32400,7,0.0002160493827160494,126.71430206298828,0.0,0.0
337,3,9,2,32400,13,0.00040123456790123454,2.0,0.1,0.0
337,3,10,0,32400,18,0.0005555555555555556,8.166666984558105,0.04,0.1111111111111111
337,3,10,1,32400,9,0.0002777777777777778,82.22223663330078,0.0,0.1111111111111111
337,3,10,2,32400,13,0.00040123456790123454,2.615384817123413,0.07692307692307693,0.0
337,3,11,0,32400,25,0.0007716049382716049,14.799999237060547,0.05555555555555555,0.16
337,3,11,1,32400,16,0.0004938271604938272,28.625001907348633,0.0,0.1875
337,3,11,2,32400,18,0.0005555555555555556,5.94444465637207,0.0,0.0
337,3,12,0,32400,27,0.0008333333333333334,11.629630088806152,0.08,0.14814814814814814
337,3,12,1,32400,11,0.00033950617283950616,9.272727012634277,0.0,0.09090909090909091
337,3,12,2,32400,11,0.00033950617283950616,9.36363697052002,0.1111111111111111,0.09090909090909091
337,3,13,0,32400,19,0.0005864197530864197,15.105263710021973,0.07407407407407407,0.0
337,3,13,1,32400,11,0.00033950617283950616,8.454545974731445,0.0,0.09090909090909091
337,3,13,2,32400,14,0.0004320987654320988,2.142857313156128,0.09090909090909091,0.0
337,3,14,0,32400,25,0.0007716049382716049,11.559998512268066,0.10526315789473684,0.16
337,3,14,1,32400,8,0.0002469135802469136,6.5,0.0,0.125
337,3,14,2,32400,9,0.0002777777777777778,3.0,0.0,0.0
337,3,15,0,32400,27,0.0008333333333333334,7.111111164093018,0.12,0.037037037037037035
337,3,15,1,32400,12,0.00037037037037037035,8.5,0.0,0.0
337,3,15,2,32400,17,0.0005246913580246914,5.117647171020508,0.2222222222222222,0.0
337,3,16,0,32400,30,0.000925925925925926,7.966667175292969,0.1111111111111111,0.06666666666666667
337,3,16,1,32400,16,0.0004938271604938272,7.9375,0.08333333333333333,0.1875
337,3,16,2,32400,12,0.00037037037037037035,5.0,0.058823529411764705,0.25
337,3,17,0,32400,39,0.0012037037037037038,11.589744567871094,0.13333333333333333,0.3076923076923077
337,3,17,1,32400,8,0.0002469135802469136,4.0,0.0625,0.0
337,3,17,2,32400,19,0.0005864197530864197,7.526315689086914,0.08333333333333333,0.15789473684210525
337,3,18,0,32400,25,0.0007716049382716049,15.880000114440918,0.07692307692307693,0.12
337,3,18,1,32400,10,0.00030864197530864197,14.199999809265137,0.0,0.3
337,3,18,2,32400,19,0.0005864197530864197,3.78947377204895,0.10526315789473684,0.15789473684210525
337,3,19,0,32400,23,0.0007098765432098765,12.608695983886719,0.2,0.08695652173913043
337,3,19,1,32400,11,0.00033950617283950616,11.272727966308594,0.0,0.09090909090909091
337,3,19,2,32400,12,0.00037037037037037035,4.083333492279053,0.05263157894736842,0.08333333333333333
337,3,20,0,32400,26,0.0008024691358024691,13.615384101867676,0.0,0.11538461538461539
337,3,20,1,32400,14,0.0004320987654320988,50.28571319580078,0.09090909090909091,0.0
337,3,20,2,32400,20,0.0006172839506172839,5.450000286102295,0.16666666666666666,0.05
337,3,21,0,32400,23,0.0007098765432098765,12.434783935546875,0.23076923076923078,0.043478260869565216
337,3,21,1,32400,9,0.0002777777777777778,4.777777671813965,0.07142857142857142,0.1111111111111111
337,3,21,2,32400,15,0.000462962962962963,17.0,0.05,0.0
337,3,22,0,32400,29,0.0008950617283950618,10.0,0.043478260869565216,0.06896551724137931
337,3,22,1,32400,11,0.00033950617283950616,8.909090995788574,0.0,0.09090909090909091
337,3,22,2,32400,11,0.00033950617283950616,5.090909004211426,0.06666666666666667,0.0
337,3,23,0,32400,28,0.0008641975308641976,25.321430206298828,0.06896551724137931,0.10714285714285714
337,3,23,1,32400,11,0.00033950617283950616,8.454545974731445,0.18181818181818182,0.18181818181818182
337,3,23,2,32400,15,0.000462962962962963,8.0,0.09090909090909091,0.0
337,3,24,0,32400,30,0.000925925925925926,33.20000076293945,0.07142857142857142,0.06666666666666667
337,3,24,1,32400,15,0.000462962962962963,9.133334159851074,0.45454545454545453,0.26666666666666666
337,3,24,2,32400,19,0.0005864197530864197,10.0,0.13333333333333333,0.15789473684210525
337,3,25,0,32400,28,0.0008641975308641976,13.964287757873535,0.1,0.07142857142857142
337,3,25,1,32400,10,0.00030864197530864197,7.800000190734863,0.06666666666666667,0.0
337,3,25,2,32400,10,0.00030864197530864197,8.90000057220459,0.10526315789473684,0.1
337,3,26,0,32400,36,0.0011111111111111111,11.666666984558105,0.10714285714285714,0.19444444444444445
337,3,26,1,32400,15,0.000462962962962963,5.266666889190674,0.0,0.13333333333333333
337,3,26,2,32400,17,0.0005246913580246914,5.647058963775635,0.1,0.058823529411764705
337,3,27,0,32400,38,0.0011728395061728395,8.631579399108887,0.1111111111111111,0.10526315789473684
337,3,27,1,32400,16,0.0004938271604938272,8.8125,0.13333333333333333,0.1875
337,3,27,2,32400,16,0.0004938271604938272,5.75,0.058823529411764705,0.0625
337,3,28,0,32400,37,0.0011419753086419754,14.756756782531738,0.10526315789473684,0.2972972972972973
337,3,28,1,32400,17,0.0005246913580246914,6.588234901428223,0.0625,0.058823529411764705
337,3,28,2,32400,9,0.0002777777777777778,19.88888931274414,0.0,0.1111111111111111
337,3,29,0,32400,23,0.0007098765432098765,5.869565486907959,0.10810810810810811,0.13043478260869565
337,3,29,1,32400,10,0.00030864197530864197,14.70000171661377,0.0,0.2
337,3,29,2,32400,17,0.0005246913580246914,8.529412269592285,0.1111111111111111,0.11764705882352941
337,3,30,0,32400,23,0.0007098765432098765,11.913043975830078,0.08695652173913043,0.043478260869565216
337,3,30,1,32400,8,0.0002469135802469136,9.125,0.1,0.0
337,3,30,2,32400,14,0.0004320987654320988,9.000000953674316,0.058823529411764705,0.07142857142857142
337,3,31,0,32400,40,0.0012345679012345679,10.699999809265137,0.08695652173913043,0.25
337,3,31,1,32400,7,0.0002160493827160494,22.57143211364746,0.125,0.2857142857142857
337,3,31,2,32400,18,0.0005555555555555556,3.8333332538604736,0.07142857142857142,0.1111111111111111
337,3,32,0,32400,21,0.0006481481481481481,9.285714149475098,0.075,0.09523809523809523
337,3,32,1,32400,8,0.0002469135802469136,4.5,0.14285714285714285,0.0
337,3,32,2,32400,13,0.00040123456790123454,6.307692527770996,0.1111111111111111,0.3076923076923077
337,3,33,0,32400,29,0.0008950617283950618,13.034482955932617,0.23809523809523808,0.13793103448275862
337,3,33,1,32400,4,0.0001234567901234568,19.75,0.125,0.0
337,3,33,2,32400,18,0.0005555555555555556,63.94445037841797,0.15384615384615385,0.05555555555555555
337,3,34,0,32400,25,0.0007716049382716049,10.679999351501465,0.06896551724137931,0.12
337,3,34,1,32400,9,0.0002777777777777778,9.222222328186035,0.0,0.0
337,3,34,2,32400,17,0.0005246913580246914,10.529412269592285,0.05555555555555555,0.11764705882352941
337,3,35,0,32400,32,0.0009876543209876543,34.28125762939453,0.0,0.03125
337,3,35,1,32400,4,0.0001234567901234568,36.000003814697266,0.0,0.25
337,3,35,2,32400,15,0.000462962962962963,24.466665267944336,0.11764705882352941,0.0
338,0,1,0,32400,31,0.0009567901234567902,25.548389434814453,-1.0,0.16129032258064516
338,0,1,1,32400,14,0.0004320987654320988,10.642857551574707,-1.0,0.07142857142857142
338,0,1,2,32400,10,0.00030864197530864197,2.4000000953674316,-1.0,0.1
338,0,2,0,32400,23,0.0007098765432098765,20.826087951660156,0.0967741935483871,0.08695652173913043
338,0,2,1,32400,10,0.00030864197530864197,17.299999237060547,0.0,0.0
338,0,2,2,32400,13,0.00040123456790123454,13.38461685180664,0.1,0.07692307692307693
338,0,3,0,32400,35,0.0010802469135802468,18.9714298248291,0.08695652173913043,0.17142857142857143
338,0,3,1,32400,16,0.0004938271604938272,22.8125,0.2,0.1875
338,0,3,2,32400,15,0.000462962962962963,4.333333492279053,0.07692307692307693,0.06666666666666667
338,0,4,0,32400,20,0.0006172839506172839,11.050000190734863,0.0,0.0
338,0,4,1,32400,6,0.00018518518518518518,8.333333969116211,0.125,0.0
338,0,4,2,32400,10,0.00030864197530864197,5.700000286102295,0.06666666666666667,0.0
338,0,5,0,32400,20,0.0006172839506172839,10.25,0.05,0.05
338,0,5,1,32400,9,0.0002777777777777778,5.333333492279053,0.16666666666666666,0.1111111111111111
338,0,5,2,32400,17,0.0005246913580246914,4.941176414489746,0.1,0.0
338,0,6,0,32400,21,0.0006481481481481481,7.095238208770752,0.2,0.047619047619047616
338,0,6,1,32400,9,0.0002777777777777778,10.666666984558105,0.0,0.1111111111111111
338,0,6,2,32400,9,0.0002777777777777778,5.333333492279053,0.0,0.0
338,0,7,0,32400,29,0.0008950617283950618,9.103447914123535,0.14285714285714285,0.034482758620689655
338,0,7,1,32400,10,0.00030864197530864197,6.200000286102295,0.1111111111111111,0.0
338,0,7,2,32400,14,0.0004320987654320988,2.5714287757873535,0.1111111111111111,0.0
338,0,8,0,32400,29,0.0008950617283950618,37.379310607910156,0.034482758620689655,0.06896551724137931
338,0,8,1,32400,11,0.00033950617283950616,15.545454978942871,0.0,0.0
338,0,8,2,32400,9,0.0002777777777777778,4.333333492279053,0.07142857142857142,0.0
338,0,9,0,32400,23,0.0007098765432098765,6.34782600402832,0.06896551724137931,0.08695652173913043
338,0,9,1,32400,11,0.00033950617283950616,55.09091567993164,0.18181818181818182,0.09090909090909091
338,0,9,2,32400,13,0.00040123456790123454,4.307692527770996,0.0,0.15384615384615385
338,0,10,0,32400,23,0.0007098765432098765,11.217391967773438,0.043478260869565216,0.043478260869565216
338,0,10,1,32400,14,0.0004320987654320988,31.500003814697266,0.09090909090909091,0.07142857142857142
338,0,10,2,32400,17,0.0005246913580246914,5.352941036224365,0.07692307692307693,0.11764705882352941
338,0,11,0,32400,32,0.0009876543209876543,9.75,0.30434782608695654,0.125
338,0,11,1,32400,14,0.0004320987654320988,9.285715103149414,0.0,0.07142857142857142
338,0,11,2,32400,12,0.00037037037037037035,7.6666669845581055,0.11764705882352941,0.16666666666666666
338,0,12,0,32400,27,0.0008333333333333334,10.592592239379883,0.0625,0.1111111111111111
338,0,12,1,32400,8,0.0002469135802469136,9.625,0.0,0.0
338,0,12,2,32400,12,0.00037037037037037035,2.6666667461395264,0.0,0.0
338,0,13,0,32400,30,0.000925925925925926,12.199999809265137,0.14814814814814814,0.13333333333333333
338,0,13,1,32400,12,0.00037037037037037035,9.333333969116211,0.0,0.08333333333333333
338,0,13,2,32400,17,0.0005246913580246914,6.117646217346191,0.08333333333333333,0.0
338,0,14,0,32400,35,0.0010802469135802468,27.200002670288086,0.2,0.2857142857142857
338,0,14,1,32400,16,0.0004938271604938272,9.9375,0.16666666666666666,0.0
338,0,14,2,32400,21,0.0006481481481481481,9.285714149475098,0.058823529411764705,0.19047619047619047
338,0,15,0,32400,39,0.0012037037037037038,27.589744567871094,0.2857142857142857,0.1794871794871795
338,0,15,1,32400,6,0.00018518518518518518,8.833333969116211,0.125,0.0
338,0,15,2,32400,9,0.0002777777777777778,5.666666507720947,0.0,0.0
338,0,16,0,32400,32,0.0009876543209876543,17.90625,0.1794871794871795,0.03125
338,0,16,1,32400,15,0.000462962962962963,7.8666672706604,0.0,0.2
338,0,16,2,32400,19,0.0005864197530864197,5.947368621826172,0.1111111111111111,0.10526315789473684
338,0,17,0,32400,27,0.0008333333333333334,13.962963104248047,0.09375,0.1111111111111111
338,0,17,1,32400,8,0.0002469135802469136,5.875,0.06666666666666667,0.0
338,0,17,2,32400,16,0.0004938271604938272,3.875,0.0,0.1875
338,0,18,0,32400,27,0.0008333333333333334,8.481481552124023,0.07407407407407407,0.14814814814814814
338,0,18,1,32400,9,0.0002777777777777778,4.44444465637207,0.125,0.1111111111111111
338,0,18,2,32400,13,0.00040123456790123454,2.307692289352417,0.0,0.0
338,0,19,0,32400,28,0.0008641975308641976,6.500000476837158,0.07407407407407407,0.03571428571428571
338,0,19,1,32400,11,0.00033950617283950616,6.545454978942871,0.1111111111111111,0.09090909090909091
338,0,19,2,32400,8,0.0002469135802469136,3.875,0.0,0.0
338,0,20,0,32400,25,0.0007716049382716049,8.880000114440918,0.07142857142857142,0.04
338,0,20,1,32400,9,0.0002777777777777778,36.77777862548828,0.18181818181818182,0.1111111111111111
338,0,20,2,32400,20,0.0006172839506172839,9.59999942779541,0.375,0.25
338,0,21,0,32400,17,0.0005246913580246914,5.294117450714111,0.04,0.11764705882352941
338,0,21,1,32400,10,0.00030864197530864197,5.0,0.1111111111111111,0.1
338,0,21,2,32400,7,0.0002160493827160494,7.999999046325684,0.1,0.0
338,0,22,0,32400,29,0.0008950617283950618,42.344825744628906,0.17647058823529413,0.034482758620689655
338,0,22,1,32400,2,6.17283950617284e-05,2.0,0.0,0.0
338,0,22,2,32400,21,0.0006481481481481481,5.952381134033203,0.0,0.09523809523809523
338,0,23,0,32400,25,0.0007716049382716049,33.39999771118164,0.10344827586206896,0.2
338,0,23,1,32400,9,0.0002777777777777778,6.888888835906982,0.0,0.0
338,0,23,2,32400,18,0.0005555555555555556,9.833333015441895,0.0,0.05555555555555555
338,0,24,0,32400,37,0.0011419753086419754,10.054054260253906,0.12,0.02702702702702703
338,0,24,1,32400,13,0.00040123456790123454,13.461539268493652,0.0,0.0
338,0,24,2,32400,17,0.0005246913580246914,8.764705657958984,0.05555555555555555,0.058823529411764705
338,0,25,0,32400,36,0.0011111111111111111,15.416665077209473,0.10810810810810811,0.1111111111111111
338,0,25,1,32400,14,0.0004320987654320988,6.142857551574707,0.07692307692307693,0.0
338,0,25,2,32400,25,0.0007716049382716049,6.319999694824219,0.11764705882352941,0.12
338,0,26,0,32400,29,0.0008950617283950618,11.137930870056152,0.19444444444444445,0.06896551724137931
338,0,26,1,32400,15,0.000462962962962963,10.600000381469727,0.07142857142857142,0.0
338,0,26,2,32400,25,0.0007716049382716049,4.71999979019165,0.16,0.12
338,0,27,0,32400,33,0.0010185185185185184,10.424242973327637,0.06896551724137931,0.12121212121212122
338,0,27,1,32400,15,0.000462962962962963,13.733336448669434,0.2,0.06666666666666667
338,0,27,2,32400,20,0.0006172839506172839,7.5,0.12,0.15
338,0,28,0,32400,33,0.0010185185185185184,8.57575798034668,0.15151515151515152,0.15151515151515152
338,0,28,1,32400,8,0.0002469135802469136,9.125,0.0,0.0
338,0,28,2,32400,17,0.0005246913580246914,11.647058486938477,0.15,0.058823529411764705
338,0,29,0,32400,22,0.0006790123456790123,55.5,0.09090909090909091,0.22727272727272727
338,0,29,1,32400,6,0.00018518518518518518,6.1666669845581055,0.0,0.16666666666666666
338,0,29,2,32400,19,0.0005864197530864197,6.0,0.0,0.15789473684210525
338,0,30,0,32400,35,0.0010802469135802468,6.599999904632568,0.13636363636363635,0.2857142857142857
338,0,30,1,32400,6,0.00018518518518518518,12.5,0.16666666666666666,0.0
338,0,30,2,32400,14,0.0004320987654320988,2.4285714626312256,0.05263157894736842,0.21428571428571427
338,0,31,0,32400,29,0.0008950617283950618,13.689655303955078,0.11428571428571428,0.1724137931034483
338,0,31,1,32400,7,0.0002160493827160494,11.142857551574707,0.0,0.0
338,0,31,2,32400,16,0.0004938271604938272,4.5,0.0,0.1875
338,0,32,0,32400,40,0.0012345679012345679,35.22500228881836,0.13793103448275862,0.375
338,0,32,1,32400,8,0.0002469135802469136,18.375,0.0,0.125
338,0,32,2,32400,22,0.0006790123456790123,18.0,0.1875,0.09090909090909091
338,0,33,0,32400,34,0.0010493827160493827,5.882352828979492,0.1,0.14705882352941177
338,0,33,1,32400,8,0.0002469135802469136,11.125,0.125,0.0
338,0,33,2,32400,17,0.0005246913580246914,7.823529243469238,0.045454545454545456,0.11764705882352941
338,0,34,0,32400,57,0.0017592592592592592,18.298246383666992,0.23529411764705882,0.14035087719298245
338,0,34,1,32400,3,9.259259259259259e-05,56.00000762939453,0.0,0.0
338,0,34,2,32400,13,0.00040123456790123454,11.0,0.11764705882352941,0.0
338,0,35,0,32400,26,0.0008024691358024691,15.999998092651367,0.08771929824561403,0.11538461538461539
338,0,35,1,32400,3,9.259259259259259e-05,4.333333969116211,0.0,0.0
338,0,35,2,32400,8,0.0002469135802469136,17.375001907348633,0.0,0.125
338,1,1,0,32400,40,0.0012345679012345679,14.300000190734863,-1.0,0.175
338,1,1,1,32400,9,0.0002777777777777778,15.333333015441895,-1.0,0.1111111111111111
338,1,1,2,32400,14,0.0004320987654320988,3.857142925262451,-1.0,0.07142857142857142
338,1,2,0,32400,31,0.0009567901234567902,21.35483741760254,0.075,0.1935483870967742
338,1,2,1,32400,14,0.0004320987654320988,12.714284896850586,0.0,0.0
338,1,2,2,32400,13,0.00040123456790123454,5.84615421295166,0.21428571428571427,0.0
338,1,3,0,32400,23,0.0007098765432098765,5.5217390060424805,0.0967741935483871,0.0
338,1,3,1,32400,13,0.00040123456790123454,11.307692527770996,0.14285714285714285,0.15384615384615385
338,1,3,2,32400,16,0.0004938271604938272,2.5,0.07692307692307693,0.125
338,1,4,0,32400,27,0.0008333333333333334,24.481481552124023,0.043478260869565216,0.07407407407407407
338,1,4,1,32400,12,0.00037037037037037035,27.916667938232422,0.0,0.16666666666666666
338,1,4,2,32400,10,0.00030864197530864197,4.800000190734863,0.125,0.0
338,1,5,0,32400,20,0.0006172839506172839,12.100000381469727,0.07407407407407407,0.2
338,1,5,1,32400,7,0.0002160493827160494,10.142857551574707,0.16666666666666666,0.0
338,1,5,2,32400,6,0.00018518518518518518,1.8333333730697632,0.0,0.0
338,1,6,0,32400,30,0.000925925925925926,18.166669845581055,0.15,0.13333333333333333
338,1,6,1,32400,7,0.0002160493827160494,5.142857551574707,0.0,0.0
338,1,6,2,32400,10,0.00030864197530864197,5.900000095367432,0.0,0.0
338,1,7,0,32400,28,0.0008641975308641976,7.464285850524902,0.2,0.14285714285714285
338,1,7,1,32400,10,0.00030864197530864197,66.80000305175781,0.0,0.0
338,1,7,2,32400,12,0.00037037037037037035,3.75,0.0,0.08333333333333333
338,1,8,0,32400,19,0.0005864197530864197,12.052632331848145,0.14285714285714285,0.05263157894736842
338,1,8,1,32400,9,0.0002777777777777778,4.333333492279053,0.0,0.1111111111111111
338,1,8,2,32400,12,0.00037037037037037035,4.1666669845581055,0.0,0.0
338,1,9,0,32400,23,0.0007098765432098765,6.0,0.15789473684210525,0.043478260869565216
338,1,9,1,32400,12,0.00037037037037037035,19.0,0.1111111111111111,0.25
338,1,9,2,32400,16,0.0004938271604938272,5.0625,0.16666666666666666,0.0625
338,1,10,0,32400,21,0.0006481481481481481,9.142857551574707,0.08695652173913043,0.0
338,1,10,1,32400,15,0.000462962962962963,32.466670989990234,0.25,0.13333333333333333
338,1,10,2,32400,22,0.0006790123456790123,11.954545974731445,0.125,0.09090909090909091
338,1,11,0,32400,28,0.0008641975308641976,13.214285850524902,0.047619047619047616,0.21428571428571427
338,1,11,1,32400,10,0.00030864197530864197,6.800000190734863,0.06666666666666667,0.1
338,1,11,2,32400,13,0.00040123456790123454,5.307692527770996,0.045454545454545456,0.0
338,1,12,0,32400,27,0.0008333333333333334,14.629630088806152,0.14285714285714285,0.18518518518518517
338,1,12,1,32400,14,0.0004320987654320988,8.071429252624512,0.2,0.0
338,1,12,2,32400,11,0.00033950617283950616,3.1818182468414307,0.07692307692307693,0.0
338,1,13,0,32400,22,0.0006790123456790123,13.63636302947998,0.18518518518518517,0.045454545454545456
338,1,13,1,32400,11,0.00033950617283950616,11.454545974731445,0.14285714285714285,0.0
338,1,13,2,32400,16,0.0004938271604938272,2.0625,0.0,0.125
338,1,14,0,32400,32,0.0009876543209876543,19.40625,0.13636363636363635,0.09375
338,1,14,1,32400,10,0.00030864197530864197,7.099999904632568,0.0,0.0
338,1,14,2,32400,17,0.0005246913580246914,9.0,0.0625,0.058823529411764705
338,1,15,0,32400,28,0.0008641975308641976,28.82143211364746,0.15625,0.14285714285714285
338,1,15,1,32400,7,0.0002160493827160494,11.571429252624512,0.0,0.0
338,1,15,2,32400,16,0.0004938271604938272,5.25,0.058823529411764705,0.125
338,1,16,0,32400,28,0.0008641975308641976,17.285715103149414,0.21428571428571427,0.07142857142857142
338,1,16,1,32400,13,0.00040123456790123454,8.615385055541992,0.14285714285714285,0.15384615384615385
338,1,16,2,32400,21,0.0006481481481481481,2.904762029647827,0.0,0.14285714285714285
338,1,17,0,32400,26,0.0008024691358024691,12.538461685180664,0.07142857142857142,0.07692307692307693
338,1,17,1,32400,8,0.0002469135802469136,16.875,0.07692307692307693,0.0
338,1,17,2,32400,18,0.0005555555555555556,4.277777671813965,0.14285714285714285,0.0
338,1,18,0,32400,31,0.0009567901234567902,10.193548202514648,0.19230769230769232,0.12903225806451613
338,1,18,1,32400,8,0.0002469135802469136,14.5,0.125,0.0
338,1,18,2,32400,7,0.0002160493827160494,8.142858505249023,0.05555555555555555,0.0
338,1,19,0,32400,25,0.0007716049382716049,13.439998626708984,0.16129032258064516,0.08
338,1,19,1,32400,9,0.0002777777777777778,62.88888168334961,0.0,0.0
338,1,19,2,32400,17,0.0005246913580246914,4.176470756530762,0.0,0.11764705882352941
338,1,20,0,32400,21,0.0006481481481481481,11.142858505249023,0.12,0.0
338,1,20,1,32400,12,0.00037037037037037035,13.666666030883789,0.1111111111111111,0.16666666666666666
338,1,20,2,32400,14,0.0004320987654320988,11.35714340209961,0.058823529411764705,0.14285714285714285
338,1,21,0,32400,27,0.0008333333333333334,36.74074935913086,0.047619047619047616,0.2222222222222222
338,1,21,1,32400,9,0.0002777777777777778,9.111111640930176,0.08333333333333333,0.1111111111111111
338,1,21,2,32400,8,0.0002469135802469136,2.125,0.0,0.0
338,1,22,0,32400,30,0.000925925925925926,16.76666831970215,0.14814814814814814,0.06666666666666667
338,1,22,1,32400,11,0.00033950617283950616,6.636363983154297,0.1111111111111111,0.0
338,1,22,2,32400,15,0.000462962962962963,7.80000114440918,0.25,0.0
338,1,23,0,32400,29,0.0008950617283950618,13.827587127685547,0.06666666666666667,0.034482758620689655
338,1,23,1,32400,13,0.00040123456790123454,8.615385055541992,0.09090909090909091,0.15384615384615385
338,1,23,2,32400,18,0.0005555555555555556,7.833333492279053,0.13333333333333333,0.1111111111111111
338,1,24,0,32400,34,0.0010493827160493827,18.05882453918457,0.13793103448275862,0.058823529411764705
338,1,24,1,32400,11,0.00033950617283950616,5.727272987365723,0.0,0.09090909090909091
338,1,24,2,32400,21,0.0006481481481481481,5.38095235824585,0.1111111111111111,0.0
338,1,25,0,32400,27,0.0008333333333333334,20.555553436279297,0.08823529411764706,0.037037037037037035
338,1,25,1,32400,8,0.0002469135802469136,4.125,0.0,0.0
338,1,25,2,32400,21,0.0006481481481481481,4.714285850524902,0.19047619047619047,0.047619047619047616
338,1,26,0,32400,44,0.0013580246913580246,15.840909957885742,0.18518518518518517,0.06818181818181818
338,1,26,1,32400,9,0.0002777777777777778,6.111111164093018,0.0,0.0
338,1,26,2,32400,25,0.0007716049382716049,4.400000095367432,0.047619047619047616,0.04
338,1,27,0,32400,37,0.0011419753086419754,10.513513565063477,0.11363636363636363,0.16216216216216217
338,1,27,1,32400,26,0.0008024691358024691,5.807692527770996,0.0,0.15384615384615385
338,1,27,2,32400,15,0.000462962962962963,7.066667079925537,0.04,0.0
338,1,28,0,32400,29,0.0008950617283950618,8.137930870056152,0.08108108108108109,0.06896551724137931
338,1,28,1,32400,9,0.0002777777777777778,23.22222328186035,0.11538461538461539,0.1111111111111111
338,1,28,2,32400,17,0.0005246913580246914,9.176470756530762,0.26666666666666666,0.11764705882352941
338,1,29,0,32400,32,0.0009876543209876543,11.15625,0.10344827586206896,0.1875
338,1,29,1,32400,2,6.17283950617284e-05,5.5,0.1111111111111111,0.0
338,1,29,2,32400,11,0.00033950617283950616,11.000000953674316,0.11764705882352941,0.36363636363636365
338,1,30,0,32400,28,0.0008641975308641976,8.75,0.0625,0.17857142857142858
338,1,30,1,32400,8,0.0002469135802469136,21.000001907348633,0.5,0.0
338,1,30,2,32400,13,0.00040123456790123454,5.384615421295166,0.09090909090909091,0.07692307692307693
338,1,31,0,32400,32,0.0009876543209876543,9.0,0.10714285714285714,0.1875
338,1,31,1,32400,7,0.0002160493827160494,3.2857143878936768,0.25,0.0
338,1,31,2,32400,18,0.0005555555555555556,3.8888888359069824,0.0,0.05555555555555555
338,1,32,0,32400,27,0.0008333333333333334,8.666666984558105,0.09375,0.2222222222222222
338,1,32,1,32400,7,0.0002160493827160494,8.571429252624512,0.0,0.0
338,1,32,2,32400,30,0.000925925925925926,51.100006103515625,0.05555555555555555,0.2
338,1,33,0,32400,35,0.0010802469135802468,8.942856788635254,0.1111111111111111,0.02857142857142857
338,1,33,1,32400,5,0.00015432098765432098,13.199999809265137,0.0,0.0
338,1,33,2,32400,20,0.0006172839506172839,6.550000190734863,0.0,0.05
338,1,34,0,32400,35,0.0010802469135802468,28.31429100036621,0.11428571428571428,0.02857142857142857
338,1,34,1,32400,3,9.259259259259259e-05,59.00000762939453,0.0,0.0
338,1,34,2,32400,19,0.0005864197530864197,28.15789222717285,0.05,0.05263157894736842
338,1,35,0,32400,26,0.0008024691358024691,16.307689666748047,0.14285714285714285,0.19230769230769232
338,1,35,1,32400,8,0.0002469135802469136,3.375,0.0,0.0
338,1,35,2,32400,11,0.00033950617283950616,19.727275848388672,0.0,0.0
338,2,1,0,32400,40,0.0012345679012345679,13.449999809265137,-1.0,0.125
338,2,1,1,32400,7,0.0002160493827160494,16.71428680419922,-1.0,0.0
338,2,1,2,32400,10,0.00030864197530864197,4.900000095367432,-1.0,0.0
338,2,2,0,32400,28,0.0008641975308641976,11.785715103149414,0.025,0.10714285714285714
338,2,2,1,32400,22,0.0006790123456790123,9.727272987365723,0.14285714285714285,0.22727272727272727
338,2,2,2,32400,16,0.0004938271604938272,5.5,0.1,0.0
338,2,3,0,32400,28,0.0008641975308641976,17.428571701049805,0.07142857142857142,0.14285714285714285
338,2,3,1,32400,15,0.000462962962962963,16.866666793823242,0.045454545454545456,0.13333333333333333
338,2,3,2,32400,15,0.000462962962962963,5.200000286102295,0.0625,0.06666666666666667
338,2,4,0,32400,33,0.0010185185185185184,16.18181800842285,0.07142857142857142,0.18181818181818182
338,2,4,1,32400,8,0.0002469135802469136,22.125,0.13333333333333333,0.0
338,2,4,2,32400,11,0.00033950617283950616,5.2727274894714355,0.13333333333333333,0.09090909090909091
338,2,5,0,32400,28,0.0008641975308641976,13.678571701049805,0.15151515151515152,0.14285714285714285
338,2,5,1,32400,10,0.00030864197530864197,15.600000381469727,0.125,0.2
338,2,5,2,32400,9,0.0002777777777777778,6.888888835906982,0.18181818181818182,0.0
338,2,6,0,32400,34,0.0010493827160493827,11.882352828979492,0.21428571428571427,0.058823529411764705
338,2,6,1,32400,11,0.00033950617283950616,9.818181991577148,0.5,0.18181818181818182
338,2,6,2,32400,12,0.00037037037037037035,3.8333334922790527,0.0,0.08333333333333333
338,2,7,0,32400,24,0.0007407407407407407,13.124999046325684,0.08823529411764706,0.125
338,2,7,1,32400,11,0.00033950617283950616,23.000003814697266,0.09090909090909091,0.0
338,2,7,2,32400,17,0.0005246913580246914,2.529411792755127,0.0,0.058823529411764705
338,2,8,0,32400,22,0.0006790123456790123,7.909090995788574,0.16666666666666666,0.13636363636363635
338,2,8,1,32400,9,0.0002777777777777778,7.777777671813965,0.09090909090909091,0.0
338,2,8,2,32400,12,0.00037037037037037035,6.4166669845581055,0.058823529411764705,0.16666666666666666
338,2,9,0,32400,18,0.0005555555555555556,6.055555820465088,0.09090909090909091,0.05555555555555555
338,2,9,1,32400,9,0.0002777777777777778,21.77777862548828,0.1111111111111111,0.0
338,2,9,2,32400,14,0.0004320987654320988,4.285714626312256,0.08333333333333333,0.07142857142857142
338,2,10,0,32400,20,0.0006172839506172839,14.65000057220459,0.05555555555555555,0.05
338,2,10,1,32400,14,0.0004320987654320988,36.357147216796875,0.2222222222222222,0.14285714285714285
338,2,10,2,32400,13,0.00040123456790123454,8.230770111083984,0.07142857142857142,0.0
338,2,11,0,32400,19,0.0005864197530864197,18.210525512695312,0.05,0.05263157894736842
338,2,11,1,32400,11,0.00033950617283950616,8.818181991577148,0.07142857142857142,0.0
338,2,11,2,32400,17,0.0005246913580246914,3.8235294818878174,0.15384615384615385,0.11764705882352941
338,2,12,0,32400,22,0.0006790123456790123,7.0,0.10526315789473684,0.045454545454545456
338,2,12,1,32400,18,0.0005555555555555556,37.277774810791016,0.09090909090909091,0.2777777777777778
338,2,12,2,32400,15,0.000462962962962963,3.266666889190674,0.11764705882352941,0.0
338,2,13,0,32400,18,0.0005555555555555556,8.333333015441895,0.09090909090909091,0.0
338,2,13,1,32400,14,0.0004320987654320988,6.500000476837158,0.1111111111111111,0.14285714285714285
338,2,13,2,32400,16,0.0004938271604938272,6.812499046325684,0.06666666666666667,0.0625
338,2,14,0,32400,37,0.0011419753086419754,16.216217041015625,0.16666666666666666,0.16216216216216217
338,2,14,1,32400,12,0.00037037037037037035,10.416666030883789,0.21428571428571427,0.08333333333333333
338,2,14,2,32400,18,0.0005555555555555556,8.38888931274414,0.125,0.05555555555555555
338,2,15,0,32400,29,0.0008950617283950618,13.17241382598877,0.13513513513513514,0.10344827586206896
338,2,15,1,32400,5,0.00015432098765432098,7.400000095367432,0.08333333333333333,0.0
338,2,15,2,32400,16,0.0004938271604938272,4.75,0.0,0.0625
338,2,16,0,32400,29,0.0008950617283950618,4.1724138259887695,0.2413793103448276,0.10344827586206896
338,2,16,1,32400,11,0.00033950617283950616,7.363636493682861,0.0,0.09090909090909091
338,2,16,2,32400,14,0.0004320987654320988,5.500000476837158,0.0,0.07142857142857142
338,2,17,0,32400,30,0.000925925925925926,14.533333778381348,0.13793103448275862,0.06666666666666667
338,2,17,1,32400,9,0.0002777777777777778,9.0,0.09090909090909091,0.1111111111111111
338,2,17,2,32400,18,0.0005555555555555556,2.944444417953491,0.0,0.1111111111111111
338,2,18,0,32400,34,0.0010493827160493827,10.79411792755127,0.2,0.23529411764705882
338,2,18,1,32400,7,0.0002160493827160494,8.571429252624512,0.1111111111111111,0.14285714285714285
338,2,18,2,32400,8,0.0002469135802469136,3.25,0.0,0.0
338,2,19,0,32400,33,0.0010185185185185184,7.818181991577148,0.17647058823529413,0.12121212121212122
338,2,19,1,32400,5,0.00015432098765432098,20.399999618530273,0.14285714285714285,0.0
338,2,19,2,32400,11,0.00033950617283950616,7.18181848526001,0.0,0.0
338,2,20,0,32400,16,0.0004938271604938272,8.9375,0.030303030303030304,0.0625
338,2,20,1,32400,9,0.0002777777777777778,17.444442749023438,0.2,0.2222222222222222
338,2,20,2,32400,19,0.0005864197530864197,8.789472579956055,0.18181818181818182,0.15789473684210525
338,2,21,0,32400,20,0.0006172839506172839,10.90000057220459,0.0625,0.15
338,2,21,1,32400,13,0.00040123456790123454,6.615385055541992,0.1111111111111111,0.15384615384615385
338,2,21,2,32400,8,0.0002469135802469136,8.374999046325684,0.0,0.0
338,2,22,0,32400,33,0.0010185185185185184,25.424243927001953,0.05,0.06060606060606061
338,2,22,1,32400,7,0.0002160493827160494,4.5714287757873535,0.07692307692307693,0.0
338,2,22,2,32400,14,0.0004320987654320988,11.285715103149414,0.125,0.07142857142857142
338,2,23,0,32400,36,0.0011111111111111111,22.47222137451172,0.18181818181818182,0.08333333333333333
338,2,23,1,32400,7,0.0002160493827160494,8.571429252624512,0.0,0.0
338,2,23,2,32400,17,0.0005246913580246914,5.647058963775635,0.07142857142857142,0.11764705882352941
338,2,24,0,32400,32,0.0009876543209876543,31.437498092651367,0.05555555555555555,0.1875
338,2,24,1,32400,13,0.00040123456790123454,9.769230842590332,0.0,0.0
338,2,24,2,32400,9,0.0002777777777777778,7.777777671813965,0.058823529411764705,0.0
338,2,25,0,32400,32,0.0009876543209876543,10.6875,0.1875,0.0
338,2,25,1,32400,9,0.0002777777777777778,11.44444465637207,0.0,0.1111111111111111
338,2,25,2,32400,19,0.0005864197530864197,3.3684210777282715,0.1111111111111111,0.15789473684210525
338,2,26,0,32400,44,0.0013580246913580246,12.704545974731445,0.15625,0.18181818181818182
338,2,26,1,32400,15,0.000462962962962963,9.333333969116211,0.1111111111111111,0.13333333333333333
338,2,26,2,32400,14,0.0004320987654320988,5.214285850524902,0.10526315789473684,0.14285714285714285
338,2,27,0,32400,31,0.0009567901234567902,15.612902641296387,0.09090909090909091,0.0967741935483871
338,2,27,1,32400,11,0.00033950617283950616,8.545454978942871,0.13333333333333333,0.18181818181818182
338,2,27,2,32400,15,0.000462962962962963,10.40000057220459,0.0,0.06666666666666667
338,2,28,0,32400,27,0.0008333333333333334,8.481481552124023,0.16129032258064516,0.1111111111111111
338,2,28,1,32400,13,0.00040123456790123454,7.076923370361328,0.18181818181818182,0.07692307692307693
338,2,28,2,32400,17,0.0005246913580246914,6.058823585510254,0.2,0.058823529411764705
338,2,29,0,32400,33,0.0010185185185185184,10.333333969116211,0.18518518518518517,0.09090909090909091
338,2,29,1,32400,8,0.0002469135802469136,14.75,0.0,0.125
338,2,29,2,32400,18,0.0005555555555555556,8.777777671813965,0.11764705882352941,0.1111111111111111
338,2,30,0,32400,35,0.0010802469135802468,9.771429061889648,0.18181818181818182,0.11428571428571428
338,2,30,1,32400,6,0.00018518518518518518,6.333333492279053,0.25,0.16666666666666666
338,2,30,2,32400,13,0.00040123456790123454,6.384614944458008,0.16666666666666666,0.0
338,2,31,0,32400,26,0.0008024691358024691,10.69230842590332,0.11428571428571428,0.038461538461538464
338,2,31,1,32400,7,0.0002160493827160494,7.285714626312256,0.0,0.0
338,2,31,2,32400,12,0.00037037037037037035,6.833333492279053,0.0,0.25
338,2,32,0,32400,31,0.0009567901234567902,14.9354829788208,0.15384615384615385,0.0967741935483871
338,2,32,1,32400,5,0.00015432098765432098,12.200000762939453,0.0,0.0
338,2,32,2,32400,22,0.0006790123456790123,56.13637161254883,0.08333333333333333,0.18181818181818182
338,2,33,0,32400,30,0.000925925925925926,7.533333778381348,0.06451612903225806,0.03333333333333333
338,2,33,1,32400,8,0.0002469135802469136,6.875,0.0,0.0
338,2,33,2,32400,17,0.0005246913580246914,6.411764621734619,0.0,0.17647058823529413
338,2,34,0,32400,33,0.0010185185185185184,7.969696998596191,0.1,0.15151515151515152
338,2,34,1,32400,8,0.0002469135802469136,4.375,0.125,0.0
338,2,34,2,32400,10,0.00030864197530864197,20.500001907348633,0.058823529411764705,0.0
338,2,35,0,32400,24,0.0007407407407407407,106.08332824707031,0.030303030303030304,0.08333333333333333
338,2,35,1,32400,8,0.0002469135802469136,7.0,0.0,0.0
338,2,35,2,32400,16,0.0004938271604938272,16.687501907348633,0.1,0.0
338,3,1,0,32400,32,0.0009876543209876543,14.59375,-1.0,0.03125
338,3,1,1,32400,12,0.00037037037037037035,27.33333396911621,-1.0,0.25
338,3,1,2,32400,20,0.0006172839506172839,3.799999952316284,-1.0,0.05
338,3,2,0,32400,29,0.0008950617283950618,19.20689582824707,0.15625,0.20689655172413793
338,3,2,1,32400,19,0.0005864197530864197,12.368420600891113,0.25,0.10526315789473684
338,3,2,2,32400,14,0.0004320987654320988,4.5,0.05,0.14285714285714285
338,3,3,0,32400,28,0.0008641975308641976,14.392857551574707,0.06896551724137931,0.03571428571428571
338,3,3,1,32400,12,0.00037037037037037035,21.25,0.15789473684210525,0.0
338,3,3,2,32400,18,0.0005555555555555556,8.277777671813965,0.0,0.1111111111111111
338,3,4,0,32400,24,0.0007407407407407407,34.958335876464844,0.07142857142857142,0.08333333333333333
338,3,4,1,32400,16,0.0004938271604938272,10.6875,0.0,0.125
338,3,4,2,32400,13,0.00040123456790123454,3.615384817123413,0.0,0.0
338,3,5,0,32400,24,0.0007407407407407407,14.541666984558105,0.08333333333333333,0.08333333333333333
338,3,5,1,32400,12,0.00037037037037037035,11.083333969116211,0.125,0.16666666666666666
338,3,5,2,32400,13,0.00040123456790123454,5.461538791656494,0.0,0.07692307692307693
338,3,6,0,32400,24,0.0007407407407407407,10.791666984558105,0.125,0.25
338,3,6,1,32400,11,0.00033950617283950616,9.909090995788574,0.16666666666666666,0.45454545454545453
338,3,6,2,32400,14,0.0004320987654320988,7.142857551574707,0.07692307692307693,0.14285714285714285
338,3,7,0,32400,23,0.0007098765432098765,10.52173900604248,0.125,0.08695652173913043
338,3,7,1,32400,9,0.0002777777777777778,23.444448471069336,0.09090909090909091,0.0
338,3,7,2,32400,18,0.0005555555555555556,7.5,0.21428571428571427,0.05555555555555555
338,3,8,0,32400,23,0.0007098765432098765,13.69565200805664,0.043478260869565216,0.043478260869565216
338,3,8,1,32400,9,0.0002777777777777778,20.44444465637207,0.1111111111111111,0.1111111111111111
338,3,8,2,32400,17,0.0005246913580246914,3.1764705181121826,0.0,0.058823529411764705
338,3,9,0,32400,20,0.0006172839506172839,8.350000381469727,0.08695652173913043,0.0
338,3,9,1,32400,13,0.00040123456790123454,62.461544036865234,0.0,0.07692307692307693
338,3,9,2,32400,14,0.0004320987654320988,7.000000476837158,0.058823529411764705,0.0
338,3,10,0,32400,26,0.0008024691358024691,10.615385055541992,0.05,0.11538461538461539
338,3,10,1,32400,13,0.00040123456790123454,10.923077583312988,0.07692307692307693,0.15384615384615385
338,3,10,2,32400,15,0.000462962962962963,7.400001049041748,0.07142857142857142,0.06666666666666667
338,3,11,0,32400,28,0.0008641975308641976,11.214285850524902,0.11538461538461539,0.10714285714285714
338,3,11,1,32400,12,0.00037037037037037035,18.5,0.0,0.0
338,3,11,2,32400,19,0.0005864197530864197,6.8947367668151855,0.0,0.05263157894736842
338,3,12,0,32400,25,0.0007716049382716049,12.639999389648438,0.07142857142857142,0.12
338,3,12,1,32400,4,0.0001234567901234568,11.25,0.0,0.0
338,3,12,2,32400,9,0.0002777777777777778,2.1111111640930176,0.05263157894736842,0.1111111111111111
338,3,13,0,32400,19,0.0005864197530864197,13.947368621826172,0.0,0.0
338,3,13,1,32400,10,0.00030864197530864197,13.199999809265137,0.0,0.0
338,3,13,2,32400,17,0.0005246913580246914,6.941176414489746,0.0,0.0
338,3,14,0,32400,36,0.0011111111111111111,9.63888931274414,0.10526315789473684,0.25
338,3,14,1,32400,18,0.0005555555555555556,8.166666984558105,0.0,0.16666666666666666
338,3,14,2,32400,18,0.0005555555555555556,7.611111164093018,0.058823529411764705,0.0
338,3,15,0,32400,30,0.000925925925925926,9.366666793823242,0.1388888888888889,0.13333333333333333
338,3,15,1,32400,9,0.0002777777777777778,4.111111164093018,0.05555555555555555,0.1111111111111111
338,3,15,2,32400,11,0.00033950617283950616,4.818181991577148,0.05555555555555555,0.0
338,3,16,0,32400,29,0.0008950617283950618,4.517241477966309,0.13333333333333333,0.13793103448275862
338,3,16,1,32400,12,0.00037037037037037035,8.583333969116211,0.0,0.08333333333333333
338,3,16,2,32400,18,0.0005555555555555556,4.777777671813965,0.09090909090909091,0.1111111111111111
338,3,17,0,32400,25,0.0007716049382716049,44.72000503540039,0.10344827586206896,0.16
338,3,17,1,32400,9,0.0002777777777777778,3.555555582046509,0.16666666666666666,0.3333333333333333
338,3,17,2,32400,17,0.0005246913580246914,4.411764621734619,0.0,0.23529411764705882
338,3,18,0,32400,29,0.0008950617283950618,10.689655303955078,0.12,0.034482758620689655
338,3,18,1,32400,8,0.0002469135802469136,6.875,0.1111111111111111,0.375
338,3,18,2,32400,8,0.0002469135802469136,8.5,0.058823529411764705,0.25
338,3,19,0,32400,26,0.0008024691358024691,9.769230842590332,0.10344827586206896,0.07692307692307693
338,3,19,1,32400,9,0.0002777777777777778,3.3333332538604736,0.0,0.0
338,3,19,2,32400,5,0.00015432098765432098,9.40000057220459,0.125,0.0
338,3,20,0,32400,34,0.0010493827160493827,19.000001907348633,0.07692307692307693,0.17647058823529413
338,3,20,1,32400,11,0.00033950617283950616,37.0,0.2222222222222222,0.0
338,3,20,2,32400,20,0.0006172839506172839,13.15000057220459,0.2,0.1
338,3,21,0,32400,21,0.0006481481481481481,14.904762268066406,0.08823529411764706,0.19047619047619047
338,3,21,1,32400,10,0.00030864197530864197,2.799999952316284,0.09090909090909091,0.0
338,3,21,2,32400,7,0.0002160493827160494,7.5714287757873535,0.0,0.14285714285714285
338,3,22,0,32400,28,0.0008641975308641976,14.535715103149414,0.0,0.0
338,3,22,1,32400,12,0.00037037037037037035,9.916666984558105,0.1,0.08333333333333333
338,3,22,2,32400,13,0.00040123456790123454,6.076923370361328,0.14285714285714285,0.0
338,3,23,0,32400,31,0.0009567901234567902,9.806451797485352,0.03571428571428571,0.03225806451612903
338,3,23,1,32400,6,0.00018518518518518518,5.1666669845581055,0.16666666666666666,0.16666666666666666
338,3,23,2,32400,21,0.0006481481481481481,13.333333969116211,0.07692307692307693,0.19047619047619047
338,3,24,0,32400,30,0.000925925925925926,16.76666831970215,0.0967741935483871,0.1
338,3,24,1,32400,15,0.000462962962962963,7.40000057220459,0.5,0.26666666666666666
338,3,24,2,32400,21,0.0006481481481481481,8.0,0.14285714285714285,0.09523809523809523
338,3,25,0,32400,42,0.0012962962962962963,8.2380952835083,0.06666666666666667,0.14285714285714285
338,3,25,1,32400,12,0.00037037037037037035,11.0,0.06666666666666667,0.0
338,3,25,2,32400,16,0.0004938271604938272,11.5625,0.09523809523809523,0.0625
338,3,26,0,32400,35,0.0010802469135802468,11.657142639160156,0.047619047619047616,0.2
338,3,26,1,32400,14,0.0004320987654320988,6.642857551574707,0.08333333333333333,0.14285714285714285
338,3,26,2,32400,21,0.0006481481481481481,3.857142925262451,0.0625,0.047619047619047616
338,3,27,0,32400,36,0.0011111111111111111,6.5,0.08571428571428572,0.1111111111111111
338,3,27,1,32400,19,0.0005864197530864197,8.894737243652344,0.2857142857142857,0.15789473684210525
338,3,27,2,32400,13,0.00040123456790123454,3.692307949066162,0.047619047619047616,0.0
338,3,28,0,32400,32,0.0009876543209876543,9.25,0.16666666666666666,0.1875
338,3,28,1,32400,11,0.00033950617283950616,5.545454502105713,0.05263157894736842,0.18181818181818182
338,3,28,2,32400,11,0.00033950617283950616,13.818181991577148,0.0,0.09090909090909091
338,3,29,0,32400,32,0.0009876543209876543,13.34375,0.0625,0.15625
338,3,29,1,32400,5,0.00015432098765432098,9.200000762939453,0.0,0.0
338,3,29,2,32400,17,0.0005246913580246914,9.176470756530762,0.09090909090909091,0.058823529411764705
338,3,30,0,32400,28,0.0008641975308641976,3.2857143878936768,0.0625,0.07142857142857142
338,3,30,1,32400,7,0.0002160493827160494,28.285717010498047,0.2,0.0
338,3,30,2,32400,17,0.0005246913580246914,5.0,0.0,0.058823529411764705
338,3,31,0,32400,34,0.0010493827160493827,8.79411792755127,0.07142857142857142,0.23529411764705882
338,3,31,1,32400,6,0.00018518518518518518,9.333333969116211,0.14285714285714285,0.0
338,3,31,2,32400,19,0.0005864197530864197,4.947368621826172,0.058823529411764705,0.10526315789473684
338,3,32,0,32400,27,0.0008333333333333334,18.33333396911621,0.11764705882352941,0.14814814814814814
338,3,32,1,32400,10,0.00030864197530864197,9.5,0.16666666666666666,0.1
338,3,32,2,32400,13,0.00040123456790123454,79.61539459228516,0.05263157894736842,0.07692307692307693
338,3,33,0,32400,33,0.0010185185185185184,13.030303001403809,0.14814814814814814,0.09090909090909091
338,3,33,1,32400,6,0.00018518518518518518,12.166666030883789,0.1,0.0
338,3,33,2,32400,18,0.0005555555555555556,11.777777671813965,0.15384615384615385,0.16666666666666666
338,3,34,0,32400,40,0.0012345679012345679,19.024999618530273,0.09090909090909091,0.1
338,3,34,1,32400,5,0.00015432098765432098,4.800000190734863,0.16666666666666666,0.0
338,3,34,2,32400,19,0.0005864197530864197,10.736842155456543,0.1111111111111111,0.0
338,3,35,0,32400,30,0.000925925925925926,71.26666259765625,0.025,0.13333333333333333
338,3,35,1,32400,8,0.0002469135802469136,5.75,0.0,0.125
338,3,35,2,32400,11,0.00033950617283950616,52.272735595703125,0.05263157894736842,0.0
339,0,1,0,32400,22,0.0006790123456790123,19.681819915771484,-1.0,0.13636363636363635
339,0,1,1,32400,14,0.0004320987654320988,11.285715103149414,-1.0,0.07142857142857142
339,0,1,2,32400,10,0.00030864197530864197,9.80000114440918,-1.0,0.0
339,0,2,0,32400,30,0.000925925925925926,9.90000057220459,0.13636363636363635,0.16666666666666666
339,0,2,1,32400,7,0.0002160493827160494,18.142858505249023,0.07142857142857142,0.0
339,0,2,2,32400,12,0.00037037037037037035,6.083333492279053,0.1,0.0
339,0,3,0,32400,26,0.0008024691358024691,28.076927185058594,0.06666666666666667,0.11538461538461539
339,0,3,1,32400,11,0.00033950617283950616,19.0,0.14285714285714285,0.09090909090909091
339,0,3,2,32400,19,0.0005864197530864197,4.263157844543457,0.08333333333333333,0.10526315789473684
339,0,4,0,32400,15,0.000462962962962963,10.733332633972168,0.0,0.0
339,0,4,1,32400,6,0.00018518518518518518,6.5,0.0,0.0
339,0,4,2,32400,12,0.00037037037037037035,1.5,0.0,0.0
339,0,5,0,32400,25,0.0007716049382716049,20.76000213623047,0.06666666666666667,0.08
339,0,5,1,32400,8,0.0002469135802469136,9.125,0.0,0.125
339,0,5,2,32400,9,0.0002777777777777778,7.222222328186035,0.08333333333333333,0.1111111111111111
339,0,6,0,32400,20,0.0006172839506172839,8.40000057220459,0.08,0.15
339,0,6,1,32400,9,0.0002777777777777778,7.0,0.0,0.0
339,0,6,2,32400,14,0.0004320987654320988,7.571429252624512,0.1111111111111111,0.0
339,0,7,0,32400,27,0.0008333333333333334,8.88888931274414,0.1,0.07407407407407407
339,0,7,1,32400,8,0.0002469135802469136,11.375000953674316,0.2222222222222222,0.125
339,0,7,2,32400,12,0.00037037037037037035,3.3333334922790527,0.07142857142857142,0.0
339,0,8,0,32400,23,0.0007098765432098765,12.52173900604248,0.07407407407407407,0.08695652173913043
339,0,8,1,32400,8,0.0002469135802469136,5.75,0.0,0.0
339,0,8,2,32400,18,0.0005555555555555556,6.222222328186035,0.0,0.05555555555555555
339,0,9,0,32400,19,0.0005864197530864197,9.8421049118042,0.08695652173913043,0.05263157894736842
339,0,9,1,32400,12,0.00037037037037037035,27.750003814697266,0.0,0.08333333333333333
339,0,9,2,32400,17,0.0005246913580246914,13.7647066116333,0.1111111111111111,0.17647058823529413
339,0,10,0,32400,28,0.0008641975308641976,12.321429252624512,0.10526315789473684,0.07142857142857142
339,0,10,1,32400,9,0.0002777777777777778,21.77777862548828,0.08333333333333333,0.0
339,0,10,2,32400,14,0.0004320987654320988,6.714285850524902,0.0,0.2857142857142857
339,0,11,0,32400,26,0.0008024691358024691,9.500000953674316,0.17857142857142858,0.038461538461538464
339,0,11,1,32400,14,0.0004320987654320988,10.214285850524902,0.0,0.14285714285714285
339,0,11,2,32400,9,0.0002777777777777778,4.333333492279053,0.0,0.0
339,0,12,0,32400,25,0.0007716049382716049,11.15999984741211,0.07692307692307693,0.04
339,0,12,1,32400,5,0.00015432098765432098,3.4000000953674316,0.0,0.0
339,0,12,2,32400,17,0.0005246913580246914,5.823529243469238,0.0,0.0
339,0,13,0,32400,36,0.0011111111111111111,8.80555534362793,0.16,0.08333333333333333
339,0,13,1,32400,9,0.0002777777777777778,8.0,0.0,0.0
339,0,13,2,32400,14,0.0004320987654320988,4.0714287757873535,0.058823529411764705,0.14285714285714285
339,0,14,0,32400,43,0.0013271604938271606,29.88372039794922,0.16666666666666666,0.23255813953488372
339,0,14,1,32400,10,0.00030864197530864197,15.0,0.3333333333333333,0.1
339,0,14,2,32400,18,0.0005555555555555556,6.388888835906982,0.07142857142857142,0.1111111111111111
339,0,15,0,32400,40,0.0012345679012345679,13.82500171661377,0.20930232558139536,0.175
339,0,15,1,32400,7,0.0002160493827160494,5.5714287757873535,0.2,0.0
339,0,15,2,32400,16,0.0004938271604938272,3.625,0.0,0.0625
339,0,16,0,32400,28,0.0008641975308641976,41.857147216796875,0.125,0.0
339,0,16,1,32400,11,0.00033950617283950616,5.18181848526001,0.14285714285714285,0.09090909090909091
339,0,16,2,32400,13,0.00040123456790123454,3.769230842590332,0.0,0.15384615384615385
339,0,17,0,32400,31,0.0009567901234567902,7.709677219390869,0.14285714285714285,0.16129032258064516
339,0,17,1,32400,6,0.00018518518518518518,18.166667938232422,0.09090909090909091,0.16666666666666666
339,0,17,2,32400,9,0.0002777777777777778,7.44444465637207,0.0,0.0
339,0,18,0,32400,26,0.0008024691358024691,12.038461685180664,0.06451612903225806,0.11538461538461539
339,0,18,1,32400,18,0.0005555555555555556,11.222222328186035,0.16666666666666666,0.16666666666666666
339,0,18,2,32400,13,0.00040123456790123454,2.692307710647583,0.1111111111111111,0.07692307692307693
339,0,19,0,32400,33,0.0010185185185185184,7.57575798034668,0.19230769230769232,0.12121212121212122
339,0,19,1,32400,6,0.00018518518518518518,11.5,0.1111111111111111,0.16666666666666666
339,0,19,2,32400,15,0.000462962962962963,3.4000000953674316,0.15384615384615385,0.0
339,0,20,0,32400,23,0.0007098765432098765,6.3913044929504395,0.09090909090909091,0.043478260869565216
339,0,20,1,32400,10,0.00030864197530864197,3.200000047683716,0.16666666666666666,0.0
339,0,20,2,32400,6,0.00018518518518518518,3.5,0.2,0.16666666666666666
339,0,21,0,32400,23,0.0007098765432098765,18.565217971801758,0.043478260869565216,0.08695652173913043
339,0,21,1,32400,9,0.0002777777777777778,9.666666984558105,0.1,0.1111111111111111
339,0,21,2,32400,16,0.0004938271604938272,5.9375,0.3333333333333333,0.0
339,0,22,0,32400,31,0.0009567901234567902,17.580642700195312,0.08695652173913043,0.0967741935483871
339,0,22,1,32400,4,0.0001234567901234568,3.5,0.0,0.0
339,0,22,2,32400,18,0.0005555555555555556,5.222222328186035,0.1875,0.0
339,0,23,0,32400,28,0.0008641975308641976,19.178571701049805,0.06451612903225806,0.07142857142857142
339,0,23,1,32400,9,0.0002777777777777778,16.22222137451172,0.0,0.1111111111111111
339,0,23,2,32400,13,0.00040123456790123454,9.076923370361328,0.05555555555555555,0.23076923076923078
339,0,24,0,32400,40,0.0012345679012345679,10.574999809265137,0.10714285714285714,0.1
339,0,24,1,32400,12,0.00037037037037037035,13.5,0.0,0.08333333333333333
339,0,24,2,32400,14,0.0004320987654320988,5.0714287757873535,0.07692307692307693,0.14285714285714285
339,0,25,0,32400,39,0.0012037037037037038,14.025641441345215,0.175,0.07692307692307693
339,0,25,1,32400,15,0.000462962962962963,27.73333740234375,0.08333333333333333,0.13333333333333333
339,0,25,2,32400,22,0.0006790123456790123,10.590909004211426,0.2857142857142857,0.18181818181818182
339,0,26,0,32400,25,0.0007716049382716049,9.399999618530273,0.1282051282051282,0.08
339,0,26,1,32400,18,0.0005555555555555556,17.888891220092773,0.06666666666666667,0.05555555555555555
339,0,26,2,32400,19,0.0005864197530864197,3.9473683834075928,0.22727272727272727,0.15789473684210525
339,0,27,0,32400,27,0.0008333333333333334,6.259259223937988,0.04,0.07407407407407407
339,0,27,1,32400,10,0.00030864197530864197,9.90000057220459,0.2222222222222222,0.1
339,0,27,2,32400,20,0.0006172839506172839,11.199999809265137,0.15789473684210525,0.1
339,0,28,0,32400,37,0.0011419753086419754,8.810811042785645,0.14814814814814814,0.13513513513513514
339,0,28,1,32400,4,0.0001234567901234568,17.5,0.1,0.0
339,0,28,2,32400,16,0.0004938271604938272,6.25,0.1,0.0
339,0,29,0,32400,26,0.0008024691358024691,10.115385055541992,0.05405405405405406,0.07692307692307693
339,0,29,1,32400,9,0.0002777777777777778,22.666667938232422,0.0,0.2222222222222222
339,0,29,2,32400,14,0.0004320987654320988,6.142857551574707,0.0625,0.21428571428571427
339,0,30,0,32400,23,0.0007098765432098765,8.434782981872559,0.07692307692307693,0.13043478260869565
339,0,30,1,32400,8,0.0002469135802469136,10.125,0.1111111111111111,0.0
339,0,30,2,32400,6,0.00018518518518518518,2.3333334922790527,0.0,0.0
339,0,31,0,32400,36,0.0011111111111111111,12.63888931274414,0.08695652173913043,0.2777777777777778
339,0,31,1,32400,8,0.0002469135802469136,5.375,0.0,0.0
339,0,31,2,32400,18,0.0005555555555555556,40.66667175292969,0.0,0.2222222222222222
339,0,32,0,32400,36,0.0011111111111111111,9.333333969116211,0.08333333333333333,0.19444444444444445
339,0,32,1,32400,8,0.0002469135802469136,39.375,0.0,0.0
339,0,32,2,32400,17,0.0005246913580246914,8.470587730407715,0.05555555555555555,0.0
339,0,33,0,32400,39,0.0012037037037037038,10.076923370361328,0.08333333333333333,0.15384615384615385
339,0,33,1,32400,5,0.00015432098765432098,18.800003051757812,0.0,0.0
339,0,33,2,32400,12,0.00037037037037037035,8.5,0.11764705882352941,0.08333333333333333
339,0,34,0,32400,36,0.0011111111111111111,64.55554962158203,0.1282051282051282,0.08333333333333333
339,0,34,1,32400,5,0.00015432098765432098,1.8000000715255737,0.0,0.2
339,0,34,2,32400,8,0.0002469135802469136,31.500003814697266,0.08333333333333333,0.0
339,0,35,0,32400,23,0.0007098765432098765,11.173914909362793,0.027777777777777776,0.043478260869565216
339,0,35,1,32400,6,0.00018518518518518518,3.0,0.0,0.0
339,0,35,2,32400,18,0.0005555555555555556,33.61111068725586,0.0,0.0
339,1,1,0,32400,23,0.0007098765432098765,17.782609939575195,-1.0,0.13043478260869565
339,1,1,1,32400,10,0.00030864197530864197,4.900000095367432,-1.0,0.1
339,1,1,2,32400,14,0.0004320987654320988,10.142858505249023,-1.0,0.0
339,1,2,0,32400,29,0.0008950617283950618,13.82758617401123,0.043478260869565216,0.10344827586206896
339,1,2,1,32400,12,0.00037037037037037035,23.416667938232422,0.1,0.08333333333333333
339,1,2,2,32400,16,0.0004938271604938272,5.75,0.14285714285714285,0.0625
339,1,3,0,32400,18,0.0005555555555555556,11.88888931274414,0.034482758620689655,0.05555555555555555
339,1,3,1,32400,8,0.0002469135802469136,13.5,0.0,0.125
339,1,3,2,32400,16,0.0004938271604938272,4.0,0.1875,0.0625
339,1,4,0,32400,21,0.0006481481481481481,12.904762268066406,0.05555555555555555,0.047619047619047616
339,1,4,1,32400,9,0.0002777777777777778,11.111111640930176,0.125,0.1111111111111111
339,1,4,2,32400,9,0.0002777777777777778,4.222222328186035,0.0625,0.0
339,1,5,0,32400,24,0.0007407407407407407,10.333333969116211,0.047619047619047616,0.20833333333333334
339,1,5,1,32400,8,0.0002469135802469136,15.750000953674316,0.0,0.0
339,1,5,2,32400,11,0.00033950617283950616,2.2727272510528564,0.0,0.18181818181818182
339,1,6,0,32400,27,0.0008333333333333334,11.148148536682129,0.125,0.18518518518518517
339,1,6,1,32400,15,0.000462962962962963,9.0,0.0,0.06666666666666667
339,1,6,2,32400,15,0.000462962962962963,6.733333587646484,0.0,0.06666666666666667
339,1,7,0,32400,25,0.0007716049382716049,13.799999237060547,0.14814814814814814,0.08
339,1,7,1,32400,6,0.00018518518518518518,142.66668701171875,0.06666666666666667,0.0
339,1,7,2,32400,17,0.0005246913580246914,3.470588207244873,0.06666666666666667,0.058823529411764705
339,1,8,0,32400,27,0.0008333333333333334,9.074073791503906,0.08,0.07407407407407407
339,1,8,1,32400,11,0.00033950617283950616,7.2727274894714355,0.16666666666666666,0.0
339,1,8,2,32400,15,0.000462962962962963,46.133331298828125,0.058823529411764705,0.0
339,1,9,0,32400,20,0.0006172839506172839,9.0,0.037037037037037035,0.2
339,1,9,1,32400,17,0.0005246913580246914,7.705882549285889,0.36363636363636365,0.35294117647058826
339,1,9,2,32400,22,0.0006790123456790123,4.136363983154297,0.13333333333333333,0.045454545454545456
339,1,10,0,32400,26,0.0008024691358024691,14.19230842590332,0.05,0.15384615384615385
339,1,10,1,32400,16,0.0004938271604938272,24.375,0.17647058823529413,0.125
339,1,10,2,32400,23,0.0007098765432098765,5.869565486907959,0.13636363636363635,0.17391304347826086
339,1,11,0,32400,27,0.0008333333333333334,12.370370864868164,0.07692307692307693,0.2222222222222222
339,1,11,1,32400,8,0.0002469135802469136,3.0,0.0625,0.125
339,1,11,2,32400,15,0.000462962962962963,12.333335876464844,0.08695652173913043,0.06666666666666667
339,1,12,0,32400,24,0.0007407407407407407,10.916666984558105,0.18518518518518517,0.08333333333333333
339,1,12,1,32400,16,0.0004938271604938272,13.5625,0.375,0.0625
339,1,12,2,32400,15,0.000462962962962963,4.133333683013916,0.06666666666666667,0.06666666666666667
339,1,13,0,32400,32,0.0009876543209876543,23.0,0.125,0.09375
339,1,13,1,32400,15,0.000462962962962963,9.933333396911621,0.1875,0.0
339,1,13,2,32400,20,0.0006172839506172839,5.900000095367432,0.0,0.0
339,1,14,0,32400,40,0.0012345679012345679,16.275001525878906,0.0625,0.225
339,1,14,1,32400,6,0.00018518518518518518,48.00000762939453,0.0,0.0
339,1,14,2,32400,13,0.00040123456790123454,6.307692527770996,0.0,0.07692307692307693
339,1,15,0,32400,36,0.0011111111111111111,22.861112594604492,0.175,0.25
339,1,15,1,32400,6,0.00018518518518518518,5.6666669845581055,0.0,0.16666666666666666
339,1,15,2,32400,17,0.0005246913580246914,4.058823585510254,0.07692307692307693,0.17647058823529413
339,1,16,0,32400,24,0.0007407407407407407,17.08333396911621,0.1111111111111111,0.041666666666666664
339,1,16,1,32400,8,0.0002469135802469136,16.25,0.16666666666666666,0.125
339,1,16,2,32400,16,0.0004938271604938272,3.1875,0.058823529411764705,0.0625
339,1,17,0,32400,31,0.0009567901234567902,13.419354438781738,0.08333333333333333,0.1935483870967742
339,1,17,1,32400,5,0.00015432098765432098,2.0,0.25,0.0
339,1,17,2,32400,13,0.00040123456790123454,7.538461685180664,0.25,0.07692307692307693
339,1,18,0,32400,24,0.0007407407407407407,15.624999046325684,0.0967741935483871,0.16666666666666666
339,1,18,1,32400,11,0.00033950617283950616,17.454544067382812,0.2,0.09090909090909091
339,1,18,2,32400,8,0.0002469135802469136,4.125,0.0,0.125
339,1,19,0,32400,24,0.0007407407407407407,18.125003814697266,0.20833333333333334,0.08333333333333333
339,1,19,1,32400,7,0.0002160493827160494,43.57143020629883,0.0,0.0
339,1,19,2,32400,21,0.0006481481481481481,6.047619342803955,0.0,0.14285714285714285
339,1,20,0,32400,32,0.0009876543209876543,14.59375,0.16666666666666666,0.15625
339,1,20,1,32400,9,0.0002777777777777778,4.111111164093018,0.0,0.2222222222222222
339,1,20,2,32400,8,0.0002469135802469136,17.875,0.0,0.125
339,1,21,0,32400,28,0.0008641975308641976,35.46428680419922,0.125,0.03571428571428571
339,1,21,1,32400,11,0.00033950617283950616,3.6363637447357178,0.0,0.18181818181818182
339,1,21,2,32400,13,0.00040123456790123454,2.615384817123413,0.125,0.0
339,1,22,0,32400,32,0.0009876543209876543,5.125,0.14285714285714285,0.0
339,1,22,1,32400,13,0.00040123456790123454,5.384615421295166,0.0,0.23076923076923078
339,1,22,2,32400,13,0.00040123456790123454,6.692307949066162,0.15384615384615385,0.15384615384615385
339,1,23,0,32400,31,0.0009567901234567902,19.516128540039062,0.15625,0.06451612903225806
339,1,23,1,32400,8,0.0002469135802469136,15.75,0.07692307692307693,0.125
339,1,23,2,32400,18,0.0005555555555555556,5.055555820465088,0.15384615384615385,0.1111111111111111
339,1,24,0,32400,33,0.0010185185185185184,7.4242424964904785,0.12903225806451613,0.09090909090909091
339,1,24,1,32400,13,0.00040123456790123454,13.69230842590332,0.0,0.07692307692307693
339,1,24,2,32400,18,0.0005555555555555556,8.833333015441895,0.1111111111111111,0.16666666666666666
339,1,25,0,32400,35,0.0010802469135802468,9.600000381469727,0.15151515151515152,0.14285714285714285
339,1,25,1,32400,9,0.0002777777777777778,6.222222328186035,0.0,0.0
339,1,25,2,32400,15,0.000462962962962963,4.200000286102295,0.1111111111111111,0.2
339,1,26,0,32400,33,0.0010185185185185184,12.848484992980957,0.2571428571428571,0.06060606060606061
339,1,26,1,32400,11,0.00033950617283950616,6.18181848526001,0.0,0.0
339,1,26,2,32400,19,0.0005864197530864197,5.4210524559021,0.06666666666666667,0.05263157894736842
339,1,27,0,32400,34,0.0010493827160493827,8.382352828979492,0.12121212121212122,0.029411764705882353
339,1,27,1,32400,17,0.0005246913580246914,8.882352828979492,0.09090909090909091,0.11764705882352941
339,1,27,2,32400,13,0.00040123456790123454,3.307692527770996,0.05263157894736842,0.07692307692307693
339,1,28,0,32400,26,0.0008024691358024691,7.576923370361328,0.058823529411764705,0.19230769230769232
339,1,28,1,32400,3,9.259259259259259e-05,4.6666669845581055,0.058823529411764705,0.0
339,1,28,2,32400,18,0.0005555555555555556,4.611111164093018,0.15384615384615385,0.16666666666666666
339,1,29,0,32400,32,0.0009876543209876543,4.3125,0.07692307692307693,0.125
339,1,29,1,32400,8,0.0002469135802469136,4.25,0.6666666666666666,0.0
339,1,29,2,32400,21,0.0006481481481481481,7.714285850524902,0.05555555555555555,0.2857142857142857
339,1,30,0,32400,27,0.0008333333333333334,10.518518447875977,0.0625,0.25925925925925924
339,1,30,1,32400,8,0.0002469135802469136,10.0,0.125,0.0
339,1,30,2,32400,12,0.00037037037037037035,8.25,0.047619047619047616,0.08333333333333333
339,1,31,0,32400,39,0.0012037037037037038,8.64102554321289,0.18518518518518517,0.1794871794871795
339,1,31,1,32400,5,0.00015432098765432098,16.0,0.125,0.0
339,1,31,2,32400,19,0.0005864197530864197,28.0,0.0,0.21052631578947367
339,1,32,0,32400,36,0.0011111111111111111,10.250000953674316,0.07692307692307693,0.19444444444444445
339,1,32,1,32400,2,6.17283950617284e-05,114.0,0.0,0.0
339,1,32,2,32400,21,0.0006481481481481481,15.095239639282227,0.10526315789473684,0.23809523809523808
339,1,33,0,32400,38,0.0011728395061728395,8.184210777282715,0.16666666666666666,0.05263157894736842
339,1,33,1,32400,5,0.00015432098765432098,48.200008392333984,0.0,0.0
339,1,33,2,32400,15,0.000462962962962963,9.733332633972168,0.047619047619047616,0.06666666666666667
339,1,34,0,32400,34,0.0010493827160493827,21.26470184326172,0.18421052631578946,0.029411764705882353
339,1,34,1,32400,6,0.00018518518518518518,1.5,0.0,0.16666666666666666
339,1,34,2,32400,15,0.000462962962962963,19.800003051757812,0.0,0.13333333333333333
339,1,35,0,32400,32,0.0009876543209876543,14.03125,0.08823529411764706,0.1875
339,1,35,1,32400,6,0.00018518518518518518,8.333333969116211,0.0,0.3333333333333333
339,1,35,2,32400,14,0.0004320987654320988,26.500003814697266,0.0,0.0
339,2,1,0,32400,24,0.0007407407407407407,10.416666984558105,-1.0,0.08333333333333333
339,2,1,1,32400,8,0.0002469135802469136,4.875,-1.0,0.125
339,2,1,2,32400,9,0.0002777777777777778,3.3333332538604736,-1.0,0.0
339,2,2,0,32400,31,0.0009567901234567902,17.064516067504883,0.0,0.16129032258064516
339,2,2,1,32400,14,0.0004320987654320988,24.500001907348633,0.125,0.14285714285714285
339,2,2,2,32400,14,0.0004320987654320988,8.714286804199219,0.1111111111111111,0.0
339,2,3,0,32400,30,0.000925925925925926,20.066667556762695,0.12903225806451613,0.13333333333333333
339,2,3,1,32400,15,0.000462962962962963,7.000000476837158,0.07142857142857142,0.2
339,2,3,2,32400,18,0.0005555555555555556,4.0,0.14285714285714285,0.0
339,2,4,0,32400,23,0.0007098765432098765,17.69565200805664,0.06666666666666667,0.21739130434782608
339,2,4,1,32400,8,0.0002469135802469136,8.875,0.0,0.0
339,2,4,2,32400,8,0.0002469135802469136,4.875,0.1111111111111111,0.0
339,2,5,0,32400,30,0.000925925925925926,18.90000343322754,0.21739130434782608,0.06666666666666667
339,2,5,1,32400,8,0.0002469135802469136,11.375,0.125,0.25
339,2,5,2,32400,9,0.0002777777777777778,3.3333332538604736,0.125,0.0
339,2,6,0,32400,29,0.0008950617283950618,7.103448390960693,0.26666666666666666,0.06896551724137931
339,2,6,1,32400,17,0.0005246913580246914,22.17647361755371,0.625,0.058823529411764705
339,2,6,2,32400,16,0.0004938271604938272,3.1875,0.2222222222222222,0.0625
339,2,7,0,32400,26,0.0008024691358024691,39.57692337036133,0.10344827586206896,0.038461538461538464
339,2,7,1,32400,4,0.0001234567901234568,9.25,0.0,0.0
339,2,7,2,32400,20,0.0006172839506172839,4.0,0.125,0.0
339,2,8,0,32400,26,0.0008024691358024691,8.0,0.07692307692307693,0.15384615384615385
339,2,8,1,32400,10,0.00030864197530864197,7.0,0.25,0.1
339,2,8,2,32400,13,0.00040123456790123454,3.538461685180664,0.05,0.23076923076923078
339,2,9,0,32400,18,0.0005555555555555556,16.72222328186035,0.07692307692307693,0.0
339,2,9,1,32400,11,0.00033950617283950616,5.0,0.1,0.09090909090909091
339,2,9,2,32400,13,0.00040123456790123454,9.153846740722656,0.07692307692307693,0.07692307692307693
339,2,10,0,32400,22,0.0006790123456790123,9.636363983154297,0.1111111111111111,0.045454545454545456
339,2,10,1,32400,9,0.0002777777777777778,22.77777862548828,0.09090909090909091,0.0
339,2,10,2,32400,11,0.00033950617283950616,4.727272987365723,0.07692307692307693,0.09090909090909091
339,2,11,0,32400,21,0.0006481481481481481,26.666669845581055,0.0,0.09523809523809523
339,2,11,1,32400,14,0.0004320987654320988,7.428571701049805,0.0,0.07142857142857142
339,2,11,2,32400,15,0.000462962962962963,3.3333334922790527,0.18181818181818182,0.06666666666666667
339,2,12,0,32400,19,0.0005864197530864197,9.473684310913086,0.14285714285714285,0.05263157894736842
339,2,12,1,32400,17,0.0005246913580246914,11.941176414489746,0.21428571428571427,0.29411764705882354
339,2,12,2,32400,15,0.000462962962962963,3.4666669368743896,0.13333333333333333,0.06666666666666667
339,2,13,0,32400,22,0.0006790123456790123,14.409090995788574,0.05263157894736842,0.09090909090909091
339,2,13,1,32400,12,0.00037037037037037035,14.416666984558105,0.11764705882352941,0.0
339,2,13,2,32400,21,0.0006481481481481481,6.761904716491699,0.06666666666666667,0.19047619047619047
339,2,14,0,32400,40,0.0012345679012345679,20.42500114440918,0.18181818181818182,0.125
339,2,14,1,32400,12,0.00037037037037037035,10.166666984558105,0.08333333333333333,0.08333333333333333
339,2,14,2,32400,17,0.0005246913580246914,8.352941513061523,0.14285714285714285,0.17647058823529413
339,2,15,0,32400,30,0.000925925925925926,11.533332824707031,0.2,0.2
339,2,15,1,32400,11,0.00033950617283950616,6.0,0.08333333333333333,0.09090909090909091
339,2,15,2,32400,18,0.0005555555555555556,3.277777910232544,0.0,0.05555555555555555
339,2,16,0,32400,22,0.0006790123456790123,7.909090995788574,0.16666666666666666,0.045454545454545456
339,2,16,1,32400,8,0.0002469135802469136,9.875,0.0,0.125
339,2,16,2,32400,9,0.0002777777777777778,4.666666507720947,0.0,0.0
339,2,17,0,32400,30,0.000925925925925926,17.5,0.13636363636363635,0.06666666666666667
339,2,17,1,32400,11,0.00033950617283950616,10.818181991577148,0.125,0.2727272727272727
339,2,17,2,32400,14,0.0004320987654320988,2.357142925262451,0.0,0.07142857142857142
339,2,18,0,32400,25,0.0007716049382716049,18.279998779296875,0.2,0.2
339,2,18,1,32400,13,0.00040123456790123454,15.615385055541992,0.18181818181818182,0.07692307692307693
339,2,18,2,32400,11,0.00033950617283950616,4.727272987365723,0.0,0.0
339,2,19,0,32400,28,0.0008641975308641976,11.285715103149414,0.12,0.03571428571428571
339,2,19,1,32400,6,0.00018518518518518518,20.833332061767578,0.15384615384615385,0.0
339,2,19,2,32400,17,0.0005246913580246914,10.941176414489746,0.18181818181818182,0.058823529411764705
339,2,20,0,32400,20,0.0006172839506172839,4.5,0.03571428571428571,0.1
339,2,20,1,32400,14,0.0004320987654320988,5.500000476837158,0.16666666666666666,0.14285714285714285
339,2,20,2,32400,9,0.0002777777777777778,16.666667938232422,0.0,0.0
339,2,21,0,32400,24,0.0007407407407407407,10.166666984558105,0.05,0.0
339,2,21,1,32400,10,0.00030864197530864197,10.800000190734863,0.07142857142857142,0.0
339,2,21,2,32400,15,0.000462962962962963,7.333333492279053,0.0,0.06666666666666667
339,2,22,0,32400,35,0.0010802469135802468,15.714287757873535,0.125,0.17142857142857143
339,2,22,1,32400,11,0.00033950617283950616,4.2727274894714355,0.0,0.09090909090909091
339,2,22,2,32400,9,0.0002777777777777778,21.44444465637207,0.06666666666666667,0.2222222222222222
339,2,23,0,32400,32,0.0009876543209876543,21.59375,0.11428571428571428,0.15625
339,2,23,1,32400,6,0.00018518518518518518,12.333333969116211,0.09090909090909091,0.0
339,2,23,2,32400,14,0.0004320987654320988,8.142857551574707,0.2222222222222222,0.07142857142857142
339,2,24,0,32400,38,0.0011728395061728395,17.842103958129883,0.09375,0.10526315789473684
339,2,24,1,32400,8,0.0002469135802469136,3.125,0.0,0.0
339,2,24,2,32400,20,0.0006172839506172839,8.5,0.07142857142857142,0.0
339,2,25,0,32400,40,0.0012345679012345679,10.699999809265137,0.15789473684210525,0.075
339,2,25,1,32400,12,0.00037037037037037035,9.333333969116211,0.0,0.0
339,2,25,2,32400,18,0.0005555555555555556,8.55555534362793,0.05,0.2222222222222222
339,2,26,0,32400,33,0.0010185185185185184,8.57575798034668,0.15,0.2727272727272727
339,2,26,1,32400,22,0.0006790123456790123,7.454545497894287,0.08333333333333333,0.2727272727272727
339,2,26,2,32400,15,0.000462962962962963,5.933333873748779,0.1111111111111111,0.06666666666666667
339,2,27,0,32400,29,0.0008950617283950618,8.896552085876465,0.09090909090909091,0.13793103448275862
339,2,27,1,32400,10,0.00030864197530864197,5.599999904632568,0.09090909090909091,0.0
339,2,27,2,32400,19,0.0005864197530864197,8.684210777282715,0.13333333333333333,0.05263157894736842
339,2,28,0,32400,36,0.0011111111111111111,13.972222328186035,0.20689655172413793,0.1388888888888889
339,2,28,1,32400,5,0.00015432098765432098,12.000000953674316,0.0,0.0
339,2,28,2,32400,13,0.00040123456790123454,5.307692527770996,0.15789473684210525,0.3076923076923077
339,2,29,0,32400,31,0.0009567901234567902,6.096774101257324,0.19444444444444445,0.0967741935483871
339,2,29,1,32400,10,0.00030864197530864197,21.000001907348633,0.0,0.2
339,2,29,2,32400,17,0.0005246913580246914,6.411764621734619,0.23076923076923078,0.11764705882352941
339,2,30,0,32400,29,0.0008950617283950618,8.275861740112305,0.12903225806451613,0.13793103448275862
339,2,30,1,32400,6,0.00018518518518518518,8.333333969116211,0.0,0.0
339,2,30,2,32400,17,0.0005246913580246914,8.117647171020508,0.11764705882352941,0.0
339,2,31,0,32400,34,0.0010493827160493827,29.911766052246094,0.13793103448275862,0.08823529411764706
339,2,31,1,32400,10,0.00030864197530864197,5.700000286102295,0.0,0.0
339,2,31,2,32400,10,0.00030864197530864197,14.79999828338623,0.0,0.0
339,2,32,0,32400,30,0.000925925925925926,8.433333396911621,0.11764705882352941,0.13333333333333333
339,2,32,1,32400,3,9.259259259259259e-05,7.333333492279053,0.0,0.0
339,2,32,2,32400,12,0.00037037037037037035,5.4166669845581055,0.0,0.0
339,2,33,0,32400,42,0.0012962962962962963,25.71428680419922,0.13333333333333333,0.14285714285714285
339,2,33,1,32400,6,0.00018518518518518518,25.000003814697266,0.0,0.0
339,2,33,2,32400,14,0.0004320987654320988,9.428571701049805,0.0,0.07142857142857142
339,2,34,0,32400,24,0.0007407407407407407,15.541664123535156,0.047619047619047616,0.125
339,2,34,1,32400,8,0.0002469135802469136,4.75,0.16666666666666666,0.0
339,2,34,2,32400,11,0.00033950617283950616,58.18182373046875,0.0,0.0
339,2,35,0,32400,29,0.0008950617283950618,8.0,0.08333333333333333,0.10344827586206896
339,2,35,1,32400,6,0.00018518518518518518,3.5,0.125,0.0
339,2,35,2,32400,13,0.00040123456790123454,2.769230842590332,0.0,0.0
339,3,1,0,32400,25,0.0007716049382716049,11.319999694824219,-1.0,0.04
339,3,1,1,32400,12,0.00037037037037037035,4.9166669845581055,-1.0,0.16666666666666666
339,3,1,2,32400,12,0.00037037037037037035,4.9166669845581055,-1.0,0.08333333333333333
339,3,2,0,32400,24,0.0007407407407407407,19.750003814697266,0.12,0.25
339,3,2,1,32400,19,0.0005864197530864197,23.000001907348633,0.3333333333333333,0.10526315789473684
339,3,2,2,32400,17,0.0005246913580246914,5.941176414489746,0.08333333333333333,0.058823529411764705
339,3,3,0,32400,26,0.0008024691358024691,15.500001907348633,0.125,0.07692307692307693
339,3,3,1,32400,9,0.0002777777777777778,23.88888931274414,0.10526315789473684,0.1111111111111111
339,3,3,2,32400,11,0.00033950617283950616,3.7272727489471436,0.0,0.18181818181818182
339,3,4,0,32400,20,0.0006172839506172839,14.5,0.07692307692307693,0.15
339,3,4,1,32400,12,0.00037037037037037035,15.666667938232422,0.1111111111111111,0.08333333333333333
339,3,4,2,32400,12,0.00037037037037037035,9.0,0.0,0.0
339,3,5,0,32400,30,0.000925925925925926,13.366666793823242,0.2,0.03333333333333333
339,3,5,1,32400,11,0.00033950617283950616,9.545454978942871,0.08333333333333333,0.36363636363636365
339,3,5,2,32400,10,0.00030864197530864197,2.200000047683716,0.0,0.1
339,3,6,0,32400,22,0.0006790123456790123,6.590909481048584,0.1,0.09090909090909091
339,3,6,1,32400,12,0.00037037037037037035,6.0,0.09090909090909091,0.08333333333333333
339,3,6,2,32400,18,0.0005555555555555556,10.222222328186035,0.1,0.16666666666666666
339,3,7,0,32400,26,0.0008024691358024691,38.26923370361328,0.13636363636363635,0.07692307692307693
339,3,7,1,32400,5,0.00015432098765432098,8.0,0.0,0.0
339,3,7,2,32400,14,0.0004320987654320988,7.0714287757873535,0.1111111111111111,0.07142857142857142
339,3,8,0,32400,30,0.000925925925925926,6.766666889190674,0.0,0.1
339,3,8,1,32400,9,0.0002777777777777778,46.66667556762695,0.0,0.1111111111111111
339,3,8,2,32400,18,0.0005555555555555556,7.777777671813965,0.07142857142857142,0.1111111111111111
339,3,9,0,32400,24,0.0007407407407407407,8.5,0.06666666666666667,0.125
339,3,9,1,32400,9,0.0002777777777777778,40.77778625488281,0.1111111111111111,0.1111111111111111
339,3,9,2,32400,14,0.0004320987654320988,13.214288711547852,0.05555555555555555,0.07142857142857142
339,3,10,0,32400,24,0.0007407407407407407,9.416667938232422,0.08333333333333333,0.08333333333333333
339,3,10,1,32400,10,0.00030864197530864197,4.200000286102295,0.0,0.0
339,3,10,2,32400,12,0.00037037037037037035,6.4166669845581055,0.07142857142857142,0.0
339,3,11,0,32400,21,0.0006481481481481481,31.71428871154785,0.20833333333333334,0.19047619047619047
339,3,11,1,32400,17,0.0005246913580246914,35.58823013305664,0.0,0.058823529411764705
339,3,11,2,32400,17,0.0005246913580246914,2.8235294818878174,0.08333333333333333,0.0
339,3,12,0,32400,25,0.0007716049382716049,10.559999465942383,0.09523809523809523,0.08
339,3,12,1,32400,7,0.0002160493827160494,11.571429252624512,0.0,0.14285714285714285
339,3,12,2,32400,18,0.0005555555555555556,3.055555582046509,0.058823529411764705,0.1111111111111111
339,3,13,0,32400,27,0.0008333333333333334,20.66666603088379,0.04,0.18518518518518517
339,3,13,1,32400,13,0.00040123456790123454,8.615385055541992,0.0,0.07692307692307693
339,3,13,2,32400,19,0.0005864197530864197,6.789473533630371,0.16666666666666666,0.05263157894736842
339,3,14,0,32400,31,0.0009567901234567902,11.064516067504883,0.1111111111111111,0.16129032258064516
339,3,14,1,32400,15,0.000462962962962963,20.533336639404297,0.0,0.2
339,3,14,2,32400,17,0.0005246913580246914,6.0,0.0,0.11764705882352941
339,3,15,0,32400,25,0.0007716049382716049,7.039999961853027,0.12903225806451613,0.0
339,3,15,1,32400,5,0.00015432098765432098,1.8000000715255737,0.0,0.0
339,3,15,2,32400,18,0.0005555555555555556,2.0,0.058823529411764705,0.0
339,3,16,0,32400,23,0.0007098765432098765,11.47826099395752,0.0,0.0
339,3,16,1,32400,10,0.00030864197530864197,10.700000762939453,0.2,0.1
339,3,16,2,32400,10,0.00030864197530864197,3.700000047683716,0.0,0.0
339,3,17,0,32400,35,0.0010802469135802468,6.285714149475098,0.13043478260869565,0.22857142857142856
339,3,17,1,32400,6,0.00018518518518518518,11.0,0.2,0.16666666666666666
339,3,17,2,32400,15,0.000462962962962963,7.133333683013916,0.1,0.3333333333333333
339,3,18,0,32400,25,0.0007716049382716049,7.87999963760376,0.11428571428571428,0.16
339,3,18,1,32400,10,0.00030864197530864197,10.600000381469727,0.16666666666666666,0.4
339,3,18,2,32400,9,0.0002777777777777778,7.777777671813965,0.13333333333333333,0.0
339,3,19,0,32400,28,0.0008641975308641976,9.60714340209961,0.08,0.10714285714285714
339,3,19,1,32400,5,0.00015432098765432098,11.0,0.0,0.0
339,3,19,2,32400,14,0.0004320987654320988,4.5,0.1111111111111111,0.0
339,3,20,0,32400,25,0.0007716049382716049,41.96001052856445,0.10714285714285714,0.16
339,3,20,1,32400,14,0.0004320987654320988,4.642857551574707,0.2,0.07142857142857142
339,3,20,2,32400,13,0.00040123456790123454,9.0,0.0,0.07692307692307693
339,3,21,0,32400,30,0.000925925925925926,23.033334732055664,0.12,0.06666666666666667
339,3,21,1,32400,9,0.0002777777777777778,11.0,0.07142857142857142,0.1111111111111111
339,3,21,2,32400,15,0.000462962962962963,7.266666889190674,0.0,0.13333333333333333
339,3,22,0,32400,31,0.0009567901234567902,20.322580337524414,0.03333333333333333,0.0
339,3,22,1,32400,14,0.0004320987654320988,10.214285850524902,0.0,0.14285714285714285
339,3,22,2,32400,23,0.0007098765432098765,6.782608985900879,0.2,0.08695652173913043
339,3,23,0,32400,30,0.000925925925925926,16.066665649414062,0.0967741935483871,0.0
339,3,23,1,32400,12,0.00037037037037037035,12.833333969116211,0.07142857142857142,0.08333333333333333
339,3,23,2,32400,12,0.00037037037037037035,10.916666984558105,0.08695652173913043,0.08333333333333333
339,3,24,0,32400,42,0.0012962962962962963,13.976190567016602,0.1,0.07142857142857142
339,3,24,1,32400,15,0.000462962962962963,5.333333492279053,0.08333333333333333,0.06666666666666667
339,3,24,2,32400,14,0.0004320987654320988,5.142857551574707,0.16666666666666666,0.0
339,3,25,0,32400,37,0.0011419753086419754,7.864864826202393,0.09523809523809523,0.16216216216216217
339,3,25,1,32400,8,0.0002469135802469136,5.625,0.06666666666666667,0.125
339,3,25,2,32400,20,0.0006172839506172839,5.25,0.07142857142857142,0.05
339,3,26,0,32400,34,0.0010493827160493827,7.264706134796143,0.08108108108108109,0.23529411764705882
339,3,26,1,32400,17,0.0005246913580246914,9.941176414489746,0.125,0.11764705882352941
339,3,26,2,32400,13,0.00040123456790123454,4.538461685180664,0.05,0.07692307692307693
339,3,27,0,32400,26,0.0008024691358024691,4.0,0.14705882352941177,0.038461538461538464
339,3,27,1,32400,9,0.0002777777777777778,24.22222328186035,0.17647058823529413,0.1111111111111111
339,3,27,2,32400,11,0.00033950617283950616,5.818181991577148,0.07692307692307693,0.09090909090909091
339,3,28,0,32400,34,0.0010493827160493827,18.58823585510254,0.19230769230769232,0.23529411764705882
339,3,28,1,32400,4,0.0001234567901234568,7.75,0.0,0.0
339,3,28,2,32400,16,0.0004938271604938272,5.0,0.0,0.125
339,3,29,0,32400,27,0.0008333333333333334,9.962963104248047,0.08823529411764706,0.07407407407407407
339,3,29,1,32400,9,0.0002777777777777778,22.777780532836914,0.0,0.0
339,3,29,2,32400,9,0.0002777777777777778,8.0,0.0,0.2222222222222222
339,3,30,0,32400,18,0.0005555555555555556,8.0,0.037037037037037035,0.1111111111111111
339,3,30,1,32400,10,0.00030864197530864197,7.099999904632568,0.2222222222222222,0.0
339,3,30,2,32400,18,0.0005555555555555556,11.666666984558105,0.0,0.0
339,3,31,0,32400,40,0.0012345679012345679,16.75,0.1111111111111111,0.225
339,3,31,1,32400,5,0.00015432098765432098,8.800000190734863,0.0,0.2
339,3,31,2,32400,17,0.0005246913580246914,18.176469802856445,0.0,0.058823529411764705
339,3,32,0,32400,21,0.0006481481481481481,10.523810386657715,0.1,0.09523809523809523
339,3,32,1,32400,8,0.0002469135802469136,13.874999046325684,0.2,0.0
339,3,32,2,32400,18,0.0005555555555555556,9.666666984558105,0.058823529411764705,0.05555555555555555
339,3,33,0,32400,40,0.0012345679012345679,6.625,0.09523809523809523,0.05
339,3,33,1,32400,7,0.0002160493827160494,4.5714287757873535,0.125,0.0
339,3,33,2,32400,21,0.0006481481481481481,21.33333396911621,0.2222222222222222,0.047619047619047616
339,3,34,0,32400,27,0.0008333333333333334,7.851851940155029,0.1,0.1111111111111111
339,3,34,1,32400,8,0.0002469135802469136,9.5,0.14285714285714285,0.0
339,3,34,2,32400,12,0.00037037037037037035,46.50000762939453,0.047619047619047616,0.0
339,3,35,0,32400,35,0.0010802469135802468,21.628570556640625,0.037037037037037035,0.14285714285714285
339,3,35,1,32400,7,0.0002160493827160494,4.428571701049805,0.0,0.0
339,3,35,2,32400,16,0.0004938271604938272,29.250001907348633,0.08333333333333333,0.125
340,0,1,0,32400,26,0.0008024691358024691,38.26923751831055,-1.0,0.15384615384615385
340,0,1,1,32400,13,0.00040123456790123454,22.38461685180664,-1.0,0.0
340,0,1,2,32400,13,0.00040123456790123454,8.076924324035645,-1.0,0.23076923076923078
340,0,2,0,32400,32,0.0009876543209876543,7.53125,0.11538461538461539,0.0625
340,0,2,1,32400,7,0.0002160493827160494,14.714286804199219,0.07692307692307693,0.0
340,0,2,2,32400,12,0.00037037037037037035,3.6666667461395264,0.07692307692307693,0.0
340,0,3,0,32400,21,0.0006481481481481481,6.095238208770752,0.0625,0.2857142857142857
340,0,3,1,32400,15,0.000462962962962963,15.866669654846191,0.2857142857142857,0.26666666666666666
340,0,3,2,32400,15,0.000462962962962963,4.0,0.0,0.0
340,0,4,0,32400,23,0.0007098765432098765,20.13043785095215,0.047619047619047616,0.08695652173913043
340,0,4,1,32400,9,0.0002777777777777778,16.77777862548828,0.06666666666666667,0.1111111111111111
340,0,4,2,32400,14,0.0004320987654320988,5.285714626312256,0.2,0.07142857142857142
340,0,5,0,32400,23,0.0007098765432098765,12.391303062438965,0.08695652173913043,0.08695652173913043
340,0,5,1,32400,14,0.0004320987654320988,20.71428871154785,0.0,0.14285714285714285
340,0,5,2,32400,12,0.00037037037037037035,3.8333334922790527,0.07142857142857142,0.08333333333333333
340,0,6,0,32400,21,0.0006481481481481481,10.666666984558105,0.13043478260869565,0.09523809523809523
340,0,6,1,32400,7,0.0002160493827160494,8.142857551574707,0.0,0.0
340,0,6,2,32400,9,0.0002777777777777778,3.3333332538604736,0.0,0.0
340,0,7,0,32400,23,0.0007098765432098765,9.956521987915039,0.14285714285714285,0.21739130434782608
340,0,7,1,32400,10,0.00030864197530864197,10.600000381469727,0.2857142857142857,0.0
340,0,7,2,32400,15,0.000462962962962963,6.000000476837158,0.0,0.06666666666666667
340,0,8,0,32400,34,0.0010493827160493827,13.558823585510254,0.08695652173913043,0.11764705882352941
340,0,8,1,32400,6,0.00018518518518518518,69.16667175292969,0.0,0.0
340,0,8,2,32400,18,0.0005555555555555556,10.88888931274414,0.06666666666666667,0.0
340,0,9,0,32400,23,0.0007098765432098765,8.782608985900879,0.058823529411764705,0.08695652173913043
340,0,9,1,32400,12,0.00037037037037037035,19.166667938232422,0.0,0.08333333333333333
340,0,9,2,32400,13,0.00040123456790123454,6.538461685180664,0.05555555555555555,0.07692307692307693
340,0,10,0,32400,20,0.0006172839506172839,13.5,0.08695652173913043,0.05
340,0,10,1,32400,15,0.000462962962962963,44.06666564941406,0.08333333333333333,0.0
340,0,10,2,32400,13,0.00040123456790123454,4.307692527770996,0.0,0.0
340,0,11,0,32400,29,0.0008950617283950618,10.793103218078613,0.1,0.0
340,0,11,1,32400,13,0.00040123456790123454,8.84615421295166,0.0,0.15384615384615385
340,0,11,2,32400,16,0.0004938271604938272,3.0625,0.0,0.0625
340,0,12,0,32400,29,0.0008950617283950618,20.37931251525879,0.034482758620689655,0.06896551724137931
340,0,12,1,32400,8,0.0002469135802469136,5.625,0.0,0.0
340,0,12,2,32400,19,0.0005864197530864197,4.473684310913086,0.0625,0.10526315789473684
340,0,13,0,32400,36,0.0011111111111111111,5.638888835906982,0.13793103448275862,0.08333333333333333
340,0,13,1,32400,9,0.0002777777777777778,7.222222328186035,0.125,0.1111111111111111
340,0,13,2,32400,20,0.0006172839506172839,4.200000286102295,0.10526315789473684,0.0
340,0,14,0,32400,39,0.0012037037037037038,21.923078536987305,0.19444444444444445,0.20512820512820512
340,0,14,1,32400,11,0.00033950617283950616,8.272727966308594,0.2222222222222222,0.09090909090909091
340,0,14,2,32400,18,0.0005555555555555556,5.5,0.05,0.2222222222222222
340,0,15,0,32400,32,0.0009876543209876543,39.062503814697266,0.20512820512820512,0.1875
340,0,15,1,32400,6,0.00018518518518518518,22.833335876464844,0.09090909090909091,0.0
340,0,15,2,32400,17,0.0005246913580246914,4.470588207244873,0.05555555555555555,0.0
340,0,16,0,32400,28,0.0008641975308641976,10.535715103149414,0.15625,0.0
340,0,16,1,32400,10,0.00030864197530864197,11.600000381469727,0.5,0.1
340,0,16,2,32400,10,0.00030864197530864197,7.900000095367432,0.058823529411764705,0.0
340,0,17,0,32400,18,0.0005555555555555556,11.666666984558105,0.03571428571428571,0.05555555555555555
340,0,17,1,32400,11,0.00033950617283950616,24.81818199157715,0.1,0.36363636363636365
340,0,17,2,32400,14,0.0004320987654320988,5.714285850524902,0.1,0.07142857142857142
340,0,18,0,32400,24,0.0007407407407407407,5.958333492279053,0.05555555555555555,0.08333333333333333
340,0,18,1,32400,10,0.00030864197530864197,7.900000095367432,0.18181818181818182,0.1
340,0,18,2,32400,17,0.0005246913580246914,11.647058486938477,0.0,0.17647058823529413
340,0,19,0,32400,32,0.0009876543209876543,7.78125,0.25,0.1875
340,0,19,1,32400,6,0.00018518518518518518,4.5,0.0,0.0
340,0,19,2,32400,14,0.0004320987654320988,10.285715103149414,0.058823529411764705,0.07142857142857142
340,0,20,0,32400,34,0.0010493827160493827,21.382352828979492,0.125,0.029411764705882353
340,0,20,1,32400,8,0.0002469135802469136,14.5,0.0,0.0
340,0,20,2,32400,18,0.0005555555555555556,7.5,0.21428571428571427,0.1111111111111111
340,0,21,0,32400,30,0.000925925925925926,7.533333778381348,0.058823529411764705,0.06666666666666667
340,0,21,1,32400,13,0.00040123456790123454,10.384615898132324,0.125,0.07692307692307693
340,0,21,2,32400,20,0.0006172839506172839,14.300000190734863,0.16666666666666666,0.15
340,0,22,0,32400,29,0.0008950617283950618,24.79310417175293,0.06666666666666667,0.034482758620689655
340,0,22,1,32400,7,0.0002160493827160494,10.428571701049805,0.0,0.0
340,0,22,2,32400,12,0.00037037037037037035,6.9166669845581055,0.05,0.0
340,0,23,0,32400,40,0.0012345679012345679,10.675000190734863,0.06896551724137931,0.1
340,0,23,1,32400,15,0.000462962962962963,10.666666030883789,0.0,0.2
340,0,23,2,32400,16,0.0004938271604938272,8.9375,0.08333333333333333,0.1875
340,0,24,0,32400,46,0.001419753086419753,17.39130401611328,0.15,0.10869565217391304
340,0,24,1,32400,15,0.000462962962962963,29.600004196166992,0.06666666666666667,0.06666666666666667
340,0,24,2,32400,26,0.0008024691358024691,8.34615421295166,0.125,0.11538461538461539
340,0,25,0,32400,28,0.0008641975308641976,7.000000476837158,0.10869565217391304,0.10714285714285714
340,0,25,1,32400,20,0.0006172839506172839,9.0,0.13333333333333333,0.2
340,0,25,2,32400,22,0.0006790123456790123,12.181818962097168,0.15384615384615385,0.045454545454545456
340,0,26,0,32400,19,0.0005864197530864197,5.473684310913086,0.17857142857142858,0.0
340,0,26,1,32400,15,0.000462962962962963,7.933333873748779,0.15,0.2
340,0,26,2,32400,21,0.0006481481481481481,10.380952835083008,0.13636363636363635,0.047619047619047616
340,0,27,0,32400,39,0.0012037037037037038,36.410255432128906,0.05263157894736842,0.28205128205128205
340,0,27,1,32400,8,0.0002469135802469136,13.25,0.06666666666666667,0.0
340,0,27,2,32400,13,0.00040123456790123454,5.84615421295166,0.09523809523809523,0.3076923076923077
340,0,28,0,32400,35,0.0010802469135802468,5.942857265472412,0.15384615384615385,0.17142857142857143
340,0,28,1,32400,9,0.0002777777777777778,25.22222328186035,0.125,0.0
340,0,28,2,32400,18,0.0005555555555555556,6.222222328186035,0.23076923076923078,0.05555555555555555
340,0,29,0,32400,17,0.0005246913580246914,12.0,0.02857142857142857,0.17647058823529413
340,0,29,1,32400,11,0.00033950617283950616,5.818181991577148,0.1111111111111111,0.0
340,0,29,2,32400,18,0.0005555555555555556,4.44444465637207,0.0,0.1111111111111111
340,0,30,0,32400,21,0.0006481481481481481,9.571428298950195,0.0,0.14285714285714285
340,0,30,1,32400,7,0.0002160493827160494,3.7142858505249023,0.09090909090909091,0.0
340,0,30,2,32400,14,0.0004320987654320988,41.78571701049805,0.0,0.07142857142857142
340,0,31,0,32400,29,0.0008950617283950618,8.758620262145996,0.09523809523809523,0.1724137931034483
340,0,31,1,32400,9,0.0002777777777777778,34.4444465637207,0.0,0.0
340,0,31,2,32400,16,0.0004938271604938272,16.3125,0.14285714285714285,0.0625
340,0,32,0,32400,38,0.0011728395061728395,13.684210777282715,0.06896551724137931,0.15789473684210525
340,0,32,1,32400,7,0.0002160493827160494,22.142860412597656,0.1111111111111111,0.0
340,0,32,2,32400,22,0.0006790123456790123,19.499998092651367,0.0625,0.0
340,0,33,0,32400,27,0.0008333333333333334,16.66666603088379,0.05263157894736842,0.07407407407407407
340,0,33,1,32400,6,0.00018518518518518518,11.333333969116211,0.0,0.0
340,0,33,2,32400,15,0.000462962962962963,41.40000534057617,0.045454545454545456,0.06666666666666667
340,0,34,0,32400,44,0.0013580246913580246,16.113636016845703,0.18518518518518517,0.1590909090909091
340,0,34,1,32400,3,9.259259259259259e-05,8.0,0.0,0.3333333333333333
340,0,34,2,32400,15,0.000462962962962963,7.933333873748779,0.13333333333333333,0.0
340,0,35,0,32400,23,0.0007098765432098765,39.65217971801758,0.022727272727272728,0.13043478260869565
340,0,35,1,32400,9,0.0002777777777777778,6.4444451332092285,0.0,0.0
340,0,35,2,32400,15,0.000462962962962963,55.26667785644531,0.06666666666666667,0.0
340,1,1,0,32400,33,0.0010185185185185184,25.000003814697266,-1.0,0.09090909090909091
340,1,1,1,32400,12,0.00037037037037037035,11.416666984558105,-1.0,0.08333333333333333
340,1,1,2,32400,15,0.000462962962962963,5.333333492279053,-1.0,0.0
340,1,2,0,32400,29,0.0008950617283950618,12.586206436157227,0.06060606060606061,0.13793103448275862
340,1,2,1,32400,13,0.00040123456790123454,15.000000953674316,0.0,0.0
340,1,2,2,32400,18,0.0005555555555555556,5.388888835906982,0.0,0.1111111111111111
340,1,3,0,32400,16,0.0004938271604938272,7.375,0.034482758620689655,0.0
340,1,3,1,32400,9,0.0002777777777777778,16.111112594604492,0.15384615384615385,0.0
340,1,3,2,32400,12,0.00037037037037037035,7.583333492279053,0.05555555555555555,0.08333333333333333
340,1,4,0,32400,15,0.000462962962962963,9.333333969116211,0.0625,0.06666666666666667
340,1,4,1,32400,6,0.00018518518518518518,48.66667175292969,0.0,0.0
340,1,4,2,32400,10,0.00030864197530864197,9.0,0.08333333333333333,0.1
340,1,5,0,32400,22,0.0006790123456790123,7.2727274894714355,0.0,0.13636363636363635
340,1,5,1,32400,11,0.00033950617283950616,9.636363983154297,0.0,0.0
340,1,5,2,32400,13,0.00040123456790123454,7.000000476837158,0.0,0.07692307692307693
340,1,6,0,32400,30,0.000925925925925926,29.700000762939453,0.13636363636363635,0.16666666666666666
340,1,6,1,32400,12,0.00037037037037037035,13.333333969116211,0.18181818181818182,0.08333333333333333
340,1,6,2,32400,24,0.0007407407407407407,4.583333492279053,0.07692307692307693,0.08333333333333333
340,1,7,0,32400,18,0.0005555555555555556,7.777777671813965,0.06666666666666667,0.0
340,1,7,1,32400,4,0.0001234567901234568,148.75001525878906,0.0,0.0
340,1,7,2,32400,15,0.000462962962962963,7.200000286102295,0.16666666666666666,0.13333333333333333
340,1,8,0,32400,23,0.0007098765432098765,13.565217971801758,0.1111111111111111,0.08695652173913043
340,1,8,1,32400,13,0.00040123456790123454,8.384615898132324,0.25,0.23076923076923078
340,1,8,2,32400,12,0.00037037037037037035,10.083333969116211,0.0,0.0
340,1,9,0,32400,20,0.0006172839506172839,10.699999809265137,0.0,0.0
340,1,9,1,32400,12,0.00037037037037037035,8.083333015441895,0.07692307692307693,0.0
340,1,9,2,32400,17,0.0005246913580246914,4.823529243469238,0.16666666666666666,0.17647058823529413
340,1,10,0,32400,23,0.0007098765432098765,10.434782981872559,0.0,0.08695652173913043
340,1,10,1,32400,11,0.00033950617283950616,55.81817626953125,0.16666666666666666,0.18181818181818182
340,1,10,2,32400,14,0.0004320987654320988,2.0,0.11764705882352941,0.0
340,1,11,0,32400,31,0.0009567901234567902,9.483870506286621,0.2608695652173913,0.16129032258064516
340,1,11,1,32400,12,0.00037037037037037035,6.75,0.18181818181818182,0.16666666666666666
340,1,11,2,32400,22,0.0006790123456790123,4.863636016845703,0.2857142857142857,0.045454545454545456
340,1,12,0,32400,24,0.0007407407407407407,42.41666793823242,0.0967741935483871,0.25
340,1,12,1,32400,14,0.0004320987654320988,11.428571701049805,0.08333333333333333,0.07142857142857142
340,1,12,2,32400,13,0.00040123456790123454,7.461538791656494,0.0,0.07692307692307693
340,1,13,0,32400,29,0.0008950617283950618,23.517244338989258,0.16666666666666666,0.1724137931034483
340,1,13,1,32400,8,0.0002469135802469136,8.75,0.07142857142857142,0.0
340,1,13,2,32400,11,0.00033950617283950616,5.636363983154297,0.0,0.0
340,1,14,0,32400,31,0.0009567901234567902,20.645160675048828,0.10344827586206896,0.12903225806451613
340,1,14,1,32400,4,0.0001234567901234568,3.0,0.0,0.0
340,1,14,2,32400,19,0.0005864197530864197,5.5789475440979,0.0,0.05263157894736842
340,1,15,0,32400,28,0.0008641975308641976,47.00000762939453,0.1935483870967742,0.17857142857142858
340,1,15,1,32400,12,0.00037037037037037035,5.9166669845581055,0.25,0.25
340,1,15,2,32400,9,0.0002777777777777778,2.444444417953491,0.10526315789473684,0.0
340,1,16,0,32400,28,0.0008641975308641976,8.321429252624512,0.14285714285714285,0.03571428571428571
340,1,16,1,32400,12,0.00037037037037037035,6.333333492279053,0.0,0.0
340,1,16,2,32400,13,0.00040123456790123454,5.230769634246826,0.1111111111111111,0.0
340,1,17,0,32400,26,0.0008024691358024691,7.384615898132324,0.03571428571428571,0.038461538461538464
340,1,17,1,32400,12,0.00037037037037037035,13.833332061767578,0.08333333333333333,0.08333333333333333
340,1,17,2,32400,13,0.00040123456790123454,5.230769634246826,0.3076923076923077,0.07692307692307693
340,1,18,0,32400,29,0.0008950617283950618,12.103450775146484,0.15384615384615385,0.10344827586206896
340,1,18,1,32400,7,0.0002160493827160494,23.857141494750977,0.08333333333333333,0.14285714285714285
340,1,18,2,32400,13,0.00040123456790123454,4.615384578704834,0.0,0.07692307692307693
340,1,19,0,32400,25,0.0007716049382716049,43.60000991821289,0.1724137931034483,0.2
340,1,19,1,32400,6,0.00018518518518518518,5.0,0.0,0.0
340,1,19,2,32400,12,0.00037037037037037035,11.0,0.0,0.0
340,1,20,0,32400,32,0.0009876543209876543,25.09375,0.2,0.0
340,1,20,1,32400,12,0.00037037037037037035,5.1666669845581055,0.0,0.08333333333333333
340,1,20,2,32400,15,0.000462962962962963,7.333334445953369,0.0,0.06666666666666667
340,1,21,0,32400,31,0.0009567901234567902,20.999998092651367,0.09375,0.03225806451612903
340,1,21,1,32400,11,0.00033950617283950616,6.090909481048584,0.0,0.18181818181818182
340,1,21,2,32400,15,0.000462962962962963,8.066666603088379,0.0,0.13333333333333333
340,1,22,0,32400,26,0.0008024691358024691,7.653846263885498,0.06451612903225806,0.038461538461538464
340,1,22,1,32400,8,0.0002469135802469136,11.125,0.0,0.125
340,1,22,2,32400,15,0.000462962962962963,5.266666889190674,0.13333333333333333,0.0
340,1,23,0,32400,36,0.0011111111111111111,7.916666507720947,0.23076923076923078,0.05555555555555555
340,1,23,1,32400,9,0.0002777777777777778,10.55555534362793,0.125,0.0
340,1,23,2,32400,17,0.0005246913580246914,9.176470756530762,0.0,0.0
340,1,24,0,32400,38,0.0011728395061728395,10.815789222717285,0.16666666666666666,0.07894736842105263
340,1,24,1,32400,9,0.0002777777777777778,7.777777671813965,0.0,0.0
340,1,24,2,32400,27,0.0008333333333333334,7.296296119689941,0.17647058823529413,0.2222222222222222
340,1,25,0,32400,33,0.0010185185185185184,6.757575988769531,0.13157894736842105,0.18181818181818182
340,1,25,1,32400,14,0.0004320987654320988,4.857142925262451,0.0,0.07142857142857142
340,1,25,2,32400,12,0.00037037037037037035,2.5833334922790527,0.07407407407407407,0.0
340,1,26,0,32400,31,0.0009567901234567902,8.354838371276855,0.06060606060606061,0.12903225806451613
340,1,26,1,32400,8,0.0002469135802469136,15.500000953674316,0.07142857142857142,0.0
340,1,26,2,32400,25,0.0007716049382716049,11.399999618530273,0.16666666666666666,0.0
340,1,27,0,32400,36,0.0011111111111111111,22.94444465637207,0.12903225806451613,0.2222222222222222
340,1,27,1,32400,9,0.0002777777777777778,9.44444465637207,0.0,0.0
340,1,27,2,32400,10,0.00030864197530864197,6.700000286102295,0.04,0.0
340,1,28,0,32400,31,0.0009567901234567902,6.612903118133545,0.1111111111111111,0.12903225806451613
340,1,28,1,32400,10,0.00030864197530864197,17.60000228881836,0.1111111111111111,0.1
340,1,28,2,32400,23,0.0007098765432098765,4.08695650100708,0.2,0.13043478260869565
340,1,29,0,32400,26,0.0008024691358024691,10.038461685180664,0.0967741935483871,0.11538461538461539
340,1,29,1,32400,9,0.0002777777777777778,13.888887405395508,0.1,0.0
340,1,29,2,32400,21,0.0006481481481481481,5.857142925262451,0.08695652173913043,0.14285714285714285
340,1,30,0,32400,29,0.0008950617283950618,8.620689392089844,0.15384615384615385,0.1724137931034483
340,1,30,1,32400,9,0.0002777777777777778,10.777777671813965,0.1111111111111111,0.0
340,1,30,2,32400,15,0.000462962962962963,71.66667938232422,0.09523809523809523,0.13333333333333333
340,1,31,0,32400,35,0.0010802469135802468,13.85714340209961,0.06896551724137931,0.11428571428571428
340,1,31,1,32400,11,0.00033950617283950616,12.272727966308594,0.1111111111111111,0.0
340,1,31,2,32400,12,0.00037037037037037035,21.75,0.0,0.16666666666666666
340,1,32,0,32400,41,0.0012654320987654322,27.487810134887695,0.14285714285714285,0.21951219512195122
340,1,32,1,32400,5,0.00015432098765432098,28.600004196166992,0.0,0.0
340,1,32,2,32400,20,0.0006172839506172839,22.25,0.16666666666666666,0.15
340,1,33,0,32400,32,0.0009876543209876543,15.656248092651367,0.1951219512195122,0.125
340,1,33,1,32400,4,0.0001234567901234568,22.0,0.0,0.0
340,1,33,2,32400,10,0.00030864197530864197,10.0,0.0,0.1
340,1,34,0,32400,33,0.0010185185185185184,27.93939781188965,0.1875,0.12121212121212122
340,1,34,1,32400,9,0.0002777777777777778,12.111111640930176,0.0,0.0
340,1,34,2,32400,16,0.0004938271604938272,18.4375,0.1,0.0625
340,1,35,0,32400,35,0.0010802469135802468,18.457141876220703,0.09090909090909091,0.2571428571428571
340,1,35,1,32400,11,0.00033950617283950616,21.454547882080078,0.0,0.0
340,1,35,2,32400,15,0.000462962962962963,19.600000381469727,0.0,0.0
340,2,1,0,32400,32,0.0009876543209876543,28.593753814697266,-1.0,0.125
340,2,1,1,32400,10,0.00030864197530864197,5.800000190734863,-1.0,0.0
340,2,1,2,32400,8,0.0002469135802469136,6.0,-1.0,0.0
340,2,2,0,32400,35,0.0010802469135802468,34.80000305175781,0.09375,0.14285714285714285
340,2,2,1,32400,13,0.00040123456790123454,18.076923370361328,0.1,0.15384615384615385
340,2,2,2,32400,13,0.00040123456790123454,4.84615421295166,0.125,0.0
340,2,3,0,32400,18,0.0005555555555555556,4.333333492279053,0.05714285714285714,0.1111111111111111
340,2,3,1,32400,11,0.00033950617283950616,10.36363697052002,0.07692307692307693,0.18181818181818182
340,2,3,2,32400,14,0.0004320987654320988,9.642857551574707,0.0,0.14285714285714285
340,2,4,0,32400,20,0.0006172839506172839,21.100004196166992,0.1111111111111111,0.15
340,2,4,1,32400,8,0.0002469135802469136,13.000000953674316,0.09090909090909091,0.0
340,2,4,2,32400,9,0.0002777777777777778,7.555555820465088,0.21428571428571427,0.0
340,2,5,0,32400,25,0.0007716049382716049,10.920000076293945,0.15,0.12
340,2,5,1,32400,9,0.0002777777777777778,30.444448471069336,0.25,0.2222222222222222
340,2,5,2,32400,11,0.00033950617283950616,7.727272987365723,0.1111111111111111,0.09090909090909091
340,2,6,0,32400,32,0.0009876543209876543,7.03125,0.28,0.0625
340,2,6,1,32400,12,0.00037037037037037035,5.0,0.4444444444444444,0.08333333333333333
340,2,6,2,32400,17,0.0005246913580246914,2.7647058963775635,0.09090909090909091,0.11764705882352941
340,2,7,0,32400,19,0.0005864197530864197,11.684210777282715,0.09375,0.05263157894736842
340,2,7,1,32400,10,0.00030864197530864197,4.400000095367432,0.0,0.1
340,2,7,2,32400,10,0.00030864197530864197,2.9000000953674316,0.0,0.0
340,2,8,0,32400,21,0.0006481481481481481,13.428571701049805,0.0,0.14285714285714285
340,2,8,1,32400,6,0.00018518518518518518,10.333333969116211,0.1,0.0
340,2,8,2,32400,23,0.0007098765432098765,10.782608985900879,0.1,0.17391304347826086
340,2,9,0,32400,20,0.0006172839506172839,11.65000057220459,0.047619047619047616,0.0
340,2,9,1,32400,10,0.00030864197530864197,10.799999237060547,0.16666666666666666,0.0
340,2,9,2,32400,10,0.00030864197530864197,9.0,0.043478260869565216,0.2
340,2,10,0,32400,21,0.0006481481481481481,14.333333969116211,0.1,0.19047619047619047
340,2,10,1,32400,12,0.00037037037037037035,51.33332824707031,0.1,0.0
340,2,10,2,32400,20,0.0006172839506172839,4.400000095367432,0.0,0.1
340,2,11,0,32400,25,0.0007716049382716049,9.800000190734863,0.047619047619047616,0.04
340,2,11,1,32400,18,0.0005555555555555556,9.611111640930176,0.08333333333333333,0.05555555555555555
340,2,11,2,32400,19,0.0005864197530864197,2.5789473056793213,0.1,0.10526315789473684
340,2,12,0,32400,20,0.0006172839506172839,10.449999809265137,0.2,0.05
340,2,12,1,32400,19,0.0005864197530864197,9.473684310913086,0.2222222222222222,0.2631578947368421
340,2,12,2,32400,17,0.0005246913580246914,3.8823530673980713,0.10526315789473684,0.058823529411764705
340,2,13,0,32400,21,0.0006481481481481481,11.809523582458496,0.1,0.047619047619047616
340,2,13,1,32400,10,0.00030864197530864197,8.300000190734863,0.05263157894736842,0.1
340,2,13,2,32400,19,0.0005864197530864197,5.4210524559021,0.17647058823529413,0.21052631578947367
340,2,14,0,32400,30,0.000925925925925926,20.33333396911621,0.19047619047619047,0.06666666666666667
340,2,14,1,32400,8,0.0002469135802469136,8.0,0.2,0.25
340,2,14,2,32400,18,0.0005555555555555556,4.277777671813965,0.15789473684210525,0.05555555555555555
340,2,15,0,32400,31,0.0009567901234567902,14.258064270019531,0.13333333333333333,0.12903225806451613
340,2,15,1,32400,4,0.0001234567901234568,4.5,0.0,0.0
340,2,15,2,32400,14,0.0004320987654320988,2.357142925262451,0.0,0.0
340,2,16,0,32400,27,0.0008333333333333334,11.703703880310059,0.0967741935483871,0.1111111111111111
340,2,16,1,32400,11,0.00033950617283950616,19.090909957885742,0.0,0.0
340,2,16,2,32400,13,0.00040123456790123454,8.769230842590332,0.07142857142857142,0.0
340,2,17,0,32400,28,0.0008641975308641976,12.107142448425293,0.1111111111111111,0.07142857142857142
340,2,17,1,32400,14,0.0004320987654320988,48.78571319580078,0.0,0.21428571428571427
340,2,17,2,32400,13,0.00040123456790123454,3.230769395828247,0.0,0.0
340,2,18,0,32400,32,0.0009876543209876543,16.843751907348633,0.10714285714285714,0.1875
340,2,18,1,32400,8,0.0002469135802469136,23.624998092651367,0.07142857142857142,0.0
340,2,18,2,32400,18,0.0005555555555555556,18.61111068725586,0.0,0.0
340,2,19,0,32400,23,0.0007098765432098765,16.04347801208496,0.09375,0.21739130434782608
340,2,19,1,32400,7,0.0002160493827160494,4.142857551574707,0.0,0.0
340,2,19,2,32400,13,0.00040123456790123454,6.769230842590332,0.05555555555555555,0.15384615384615385
340,2,20,0,32400,26,0.0008024691358024691,16.69230842590332,0.043478260869565216,0.0
340,2,20,1,32400,10,0.00030864197530864197,6.599999904632568,0.0,0.0
340,2,20,2,32400,15,0.000462962962962963,5.333333492279053,0.0,0.0
340,2,21,0,32400,25,0.0007716049382716049,10.960000038146973,0.07692307692307693,0.12
340,2,21,1,32400,9,0.0002777777777777778,9.0,0.2,0.2222222222222222
340,2,21,2,32400,18,0.0005555555555555556,13.88888931274414,0.13333333333333333,0.0
340,2,22,0,32400,28,0.0008641975308641976,14.071429252624512,0.08,0.07142857142857142
340,2,22,1,32400,7,0.0002160493827160494,18.428569793701172,0.1111111111111111,0.0
340,2,22,2,32400,13,0.00040123456790123454,7.615385055541992,0.05555555555555555,0.07692307692307693
340,2,23,0,32400,32,0.0009876543209876543,8.53125,0.14285714285714285,0.03125
340,2,23,1,32400,10,0.00030864197530864197,17.5,0.0,0.1
340,2,23,2,32400,16,0.0004938271604938272,13.125,0.07692307692307693,0.125
340,2,24,0,32400,35,0.0010802469135802468,14.800000190734863,0.0625,0.14285714285714285
340,2,24,1,32400,8,0.0002469135802469136,6.875,0.0,0.0
340,2,24,2,32400,19,0.0005864197530864197,5.947368621826172,0.125,0.05263157894736842
340,2,25,0,32400,36,0.0011111111111111111,8.44444465637207,0.11428571428571428,0.05555555555555555
340,2,25,1,32400,15,0.000462962962962963,11.666668891906738,0.0,0.13333333333333333
340,2,25,2,32400,20,0.0006172839506172839,5.900000095367432,0.10526315789473684,0.1
340,2,26,0,32400,32,0.0009876543209876543,7.75,0.05555555555555555,0.09375
340,2,26,1,32400,21,0.0006481481481481481,12.85714340209961,0.2,0.23809523809523808
340,2,26,2,32400,15,0.000462962962962963,6.266666889190674,0.2,0.0
340,2,27,0,32400,35,0.0010802469135802468,29.77142906188965,0.125,0.2857142857142857
340,2,27,1,32400,4,0.0001234567901234568,5.0,0.0,0.0
340,2,27,2,32400,13,0.00040123456790123454,4.615385055541992,0.06666666666666667,0.07692307692307693
340,2,28,0,32400,40,0.0012345679012345679,9.925000190734863,0.14285714285714285,0.2
340,2,28,1,32400,6,0.00018518518518518518,12.166666984558105,0.0,0.16666666666666666
340,2,28,2,32400,19,0.0005864197530864197,5.684210777282715,0.23076923076923078,0.21052631578947367
340,2,29,0,32400,24,0.0007407407407407407,10.5,0.175,0.16666666666666666
340,2,29,1,32400,11,0.00033950617283950616,7.727272987365723,0.0,0.09090909090909091
340,2,29,2,32400,13,0.00040123456790123454,6.461538791656494,0.10526315789473684,0.0
340,2,30,0,32400,37,0.0011419753086419754,16.972972869873047,0.08333333333333333,0.16216216216216217
340,2,30,1,32400,8,0.0002469135802469136,8.5,0.09090909090909091,0.0
340,2,30,2,32400,19,0.0005864197530864197,24.368425369262695,0.15384615384615385,0.05263157894736842
340,2,31,0,32400,23,0.0007098765432098765,11.000000953674316,0.10810810810810811,0.043478260869565216
340,2,31,1,32400,12,0.00037037037037037035,23.416667938232422,0.0,0.0
340,2,31,2,32400,13,0.00040123456790123454,14.846152305603027,0.0,0.0
340,2,32,0,32400,39,0.0012037037037037038,15.717948913574219,0.13043478260869565,0.15384615384615385
340,2,32,1,32400,3,9.259259259259259e-05,4.6666669845581055,0.0,0.0
340,2,32,2,32400,13,0.00040123456790123454,19.692306518554688,0.0,0.07692307692307693
340,2,33,0,32400,33,0.0010185185185185184,67.8787841796875,0.10256410256410256,0.09090909090909091
340,2,33,1,32400,9,0.0002777777777777778,9.55555534362793,0.0,0.1111111111111111
340,2,33,2,32400,8,0.0002469135802469136,5.875,0.07692307692307693,0.125
340,2,34,0,32400,26,0.0008024691358024691,7.076923370361328,0.09090909090909091,0.07692307692307693
340,2,34,1,32400,11,0.00033950617283950616,11.0,0.2222222222222222,0.09090909090909091
340,2,34,2,32400,15,0.000462962962962963,29.73333740234375,0.0,0.0
340,2,35,0,32400,28,0.0008641975308641976,44.28571701049805,0.038461538461538464,0.07142857142857142
340,2,35,1,32400,9,0.0002777777777777778,18.666667938232422,0.0,0.0
340,2,35,2,32400,15,0.000462962962962963,13.600001335144043,0.0,0.06666666666666667
340,3,1,0,32400,24,0.0007407407407407407,27.583335876464844,-1.0,0.0
340,3,1,1,32400,14,0.0004320987654320988,18.500003814697266,-1.0,0.21428571428571427
340,3,1,2,32400,16,0.0004938271604938272,4.625,-1.0,0.0625
340,3,2,0,32400,17,0.0005246913580246914,12.058823585510254,0.08333333333333333,0.0
340,3,2,1,32400,9,0.0002777777777777778,8.0,0.07142857142857142,0.0
340,3,2,2,32400,15,0.000462962962962963,3.3333334922790527,0.0625,0.06666666666666667
340,3,3,0,32400,20,0.0006172839506172839,22.950000762939453,0.11764705882352941,0.05
340,3,3,1,32400,12,0.00037037037037037035,8.333333969116211,0.0,0.0
340,3,3,2,32400,14,0.0004320987654320988,3.500000238418579,0.06666666666666667,0.07142857142857142
340,3,4,0,32400,25,0.0007716049382716049,17.080001831054688,0.05,0.12
340,3,4,1,32400,6,0.00018518518518518518,18.166667938232422,0.0,0.0
340,3,4,2,32400,10,0.00030864197530864197,7.599999904632568,0.0,0.0
340,3,5,0,32400,27,0.0008333333333333334,12.518518447875977,0.12,0.037037037037037035
340,3,5,1,32400,13,0.00040123456790123454,17.307695388793945,0.0,0.07692307692307693
340,3,5,2,32400,12,0.00037037037037037035,7.5,0.1,0.0
340,3,6,0,32400,25,0.0007716049382716049,9.719999313354492,0.037037037037037035,0.12
340,3,6,1,32400,11,0.00033950617283950616,6.909090995788574,0.07692307692307693,0.0
340,3,6,2,32400,20,0.0006172839506172839,5.200000286102295,0.08333333333333333,0.15
340,3,7,0,32400,26,0.0008024691358024691,9.730769157409668,0.16,0.11538461538461539
340,3,7,1,32400,8,0.0002469135802469136,48.875003814697266,0.0,0.0
340,3,7,2,32400,18,0.0005555555555555556,5.666666507720947,0.15,0.2222222222222222
340,3,8,0,32400,30,0.000925925925925926,9.166666984558105,0.038461538461538464,0.13333333333333333
340,3,8,1,32400,13,0.00040123456790123454,9.230770111083984,0.125,0.07692307692307693
340,3,8,2,32400,13,0.00040123456790123454,14.538461685180664,0.0,0.07692307692307693
340,3,9,0,32400,19,0.0005864197530864197,13.0,0.13333333333333333,0.0
340,3,9,1,32400,11,0.00033950617283950616,7.090909481048584,0.0,0.18181818181818182
340,3,9,2,32400,13,0.00040123456790123454,5.92307710647583,0.07692307692307693,0.07692307692307693
340,3,10,0,32400,25,0.0007716049382716049,12.199999809265137,0.05263157894736842,0.08
340,3,10,1,32400,7,0.0002160493827160494,10.571429252624512,0.0,0.0
340,3,10,2,32400,8,0.0002469135802469136,1.625,0.0,0.0
340,3,11,0,32400,35,0.0010802469135802468,11.257143020629883,0.12,0.2571428571428571
340,3,11,1,32400,12,0.00037037037037037035,7.9166669845581055,0.14285714285714285,0.08333333333333333
340,3,11,2,32400,16,0.0004938271604938272,4.4375,0.0,0.0
340,3,12,0,32400,27,0.0008333333333333334,26.222225189208984,0.11428571428571428,0.1111111111111111
340,3,12,1,32400,8,0.0002469135802469136,4.625,0.0,0.0
340,3,12,2,32400,22,0.0006790123456790123,6.818181991577148,0.125,0.045454545454545456
340,3,13,0,32400,28,0.0008641975308641976,12.892857551574707,0.07407407407407407,0.07142857142857142
340,3,13,1,32400,11,0.00033950617283950616,28.36363983154297,0.0,0.09090909090909091
340,3,13,2,32400,20,0.0006172839506172839,5.400000095367432,0.045454545454545456,0.2
340,3,14,0,32400,33,0.0010185185185185184,7.242424488067627,0.10714285714285714,0.09090909090909091
340,3,14,1,32400,12,0.00037037037037037035,6.4166669845581055,0.09090909090909091,0.16666666666666666
340,3,14,2,32400,17,0.0005246913580246914,2.588235378265381,0.1,0.11764705882352941
340,3,15,0,32400,25,0.0007716049382716049,11.84000015258789,0.030303030303030304,0.04
340,3,15,1,32400,12,0.00037037037037037035,14.333333969116211,0.08333333333333333,0.08333333333333333
340,3,15,2,32400,13,0.00040123456790123454,3.230769395828247,0.0,0.0
340,3,16,0,32400,24,0.0007407407407407407,8.083333969116211,0.12,0.08333333333333333
340,3,16,1,32400,11,0.00033950617283950616,7.454545497894287,0.16666666666666666,0.18181818181818182
340,3,16,2,32400,8,0.0002469135802469136,4.5,0.07692307692307693,0.0
340,3,17,0,32400,33,0.0010185185185185184,9.030303001403809,0.125,0.15151515151515152
340,3,17,1,32400,12,0.00037037037037037035,54.166664123535156,0.18181818181818182,0.25
340,3,17,2,32400,15,0.000462962962962963,3.266666889190674,0.0,0.06666666666666667
340,3,18,0,32400,27,0.0008333333333333334,13.000000953674316,0.06060606060606061,0.037037037037037035
340,3,18,1,32400,12,0.00037037037037037035,16.333332061767578,0.16666666666666666,0.25
340,3,18,2,32400,11,0.00033950617283950616,12.36363697052002,0.06666666666666667,0.0
340,3,19,0,32400,28,0.0008641975308641976,12.535715103149414,0.07407407407407407,0.03571428571428571
340,3,19,1,32400,12,0.00037037037037037035,8.083333969116211,0.0,0.0
340,3,19,2,32400,5,0.00015432098765432098,4.800000190734863,0.0,0.0
340,3,20,0,32400,32,0.0009876543209876543,38.28125,0.07142857142857142,0.09375
340,3,20,1,32400,12,0.00037037037037037035,13.0,0.08333333333333333,0.08333333333333333
340,3,20,2,32400,18,0.0005555555555555556,5.5,0.2,0.0
340,3,21,0,32400,28,0.0008641975308641976,23.678571701049805,0.125,0.07142857142857142
340,3,21,1,32400,9,0.0002777777777777778,5.555555820465088,0.08333333333333333,0.0
340,3,21,2,32400,21,0.0006481481481481481,8.0,0.0,0.09523809523809523
340,3,22,0,32400,37,0.0011419753086419754,12.567567825317383,0.07142857142857142,0.05405405405405406
340,3,22,1,32400,14,0.0004320987654320988,5.642857551574707,0.1111111111111111,0.2857142857142857
340,3,22,2,32400,10,0.00030864197530864197,10.600000381469727,0.047619047619047616,0.1
340,3,23,0,32400,30,0.000925925925925926,15.90000057220459,0.02702702702702703,0.03333333333333333
340,3,23,1,32400,16,0.0004938271604938272,8.75,0.0,0.125
340,3,23,2,32400,15,0.000462962962962963,8.800000190734863,0.2,0.06666666666666667
340,3,24,0,32400,44,0.0013580246913580246,11.227272987365723,0.2,0.06818181818181818
340,3,24,1,32400,16,0.0004938271604938272,11.9375,0.0625,0.1875
340,3,24,2,32400,14,0.0004320987654320988,3.2142858505249023,0.06666666666666667,0.07142857142857142
340,3,25,0,32400,32,0.0009876543209876543,8.53125,0.11363636363636363,0.09375
340,3,25,1,32400,16,0.0004938271604938272,3.8125,0.125,0.0625
340,3,25,2,32400,10,0.00030864197530864197,7.0,0.14285714285714285,0.0
340,3,26,0,32400,29,0.0008950617283950618,9.517241477966309,0.03125,0.10344827586206896
340,3,26,1,32400,14,0.0004320987654320988,6.714285850524902,0.125,0.07142857142857142
340,3,26,2,32400,13,0.00040123456790123454,12.384615898132324,0.0,0.07692307692307693
340,3,27,0,32400,33,0.0010185185185185184,40.69697189331055,0.10344827586206896,0.18181818181818182
340,3,27,1,32400,6,0.00018518518518518518,7.5,0.0,0.0
340,3,27,2,32400,9,0.0002777777777777778,7.0,0.07692307692307693,0.0
340,3,28,0,32400,38,0.0011728395061728395,8.710526466369629,0.18181818181818182,0.2894736842105263
340,3,28,1,32400,10,0.00030864197530864197,5.900000095367432,0.0,0.1
340,3,28,2,32400,10,0.00030864197530864197,2.9000000953674316,0.0,0.0
340,3,29,0,32400,25,0.0007716049382716049,13.079999923706055,0.07894736842105263,0.12
340,3,29,1,32400,10,0.00030864197530864197,7.599999904632568,0.0,0.0
340,3,29,2,32400,16,0.0004938271604938272,2.5625,0.1,0.3125
340,3,30,0,32400,29,0.0008950617283950618,27.620689392089844,0.0,0.10344827586206896
340,3,30,1,32400,7,0.0002160493827160494,5.857142925262451,0.1,0.0
340,3,30,2,32400,12,0.00037037037037037035,37.583335876464844,0.0,0.16666666666666666
340,3,31,0,32400,35,0.0010802469135802468,8.54285717010498,0.1724137931034483,0.14285714285714285
340,3,31,1,32400,8,0.0002469135802469136,42.25,0.14285714285714285,0.125
340,3,31,2,32400,20,0.0006172839506172839,13.250001907348633,0.0,0.0
340,3,32,0,32400,29,0.0008950617283950618,9.206896781921387,0.02857142857142857,0.10344827586206896
340,3,32,1,32400,6,0.00018518518518518518,63.16667938232422,0.125,0.0
340,3,32,2,32400,19,0.0005864197530864197,12.578948020935059,0.15,0.15789473684210525
340,3,33,0,32400,31,0.0009567901234567902,7.516129016876221,0.06896551724137931,0.0
340,3,33,1,32400,7,0.0002160493827160494,22.142858505249023,0.16666666666666666,0.0
340,3,33,2,32400,14,0.0004320987654320988,57.4285774230957,0.10526315789473684,0.14285714285714285
340,3,34,0,32400,27,0.0008333333333333334,12.185185432434082,0.0967741935483871,0.1111111111111111
340,3,34,1,32400,13,0.00040123456790123454,5.92307710647583,0.14285714285714285,0.23076923076923078
340,3,34,2,32400,13,0.00040123456790123454,25.307695388793945,0.07142857142857142,0.0
340,3,35,0,32400,38,0.0011728395061728395,18.421051025390625,0.0,0.10526315789473684
340,3,35,1,32400,16,0.0004938271604938272,6.6875,0.23076923076923078,0.0625
340,3,35,2,32400,16,0.0004938271604938272,8.375,0.07692307692307693,0.0
341,0,1,0,32400,22,0.0006790123456790123,11.545455932617188,-1.0,0.13636363636363635
341,0,1,1,32400,15,0.000462962962962963,13.933335304260254,-1.0,0.13333333333333333
341,0,1,2,32400,11,0.00033950617283950616,4.545454502105713,-1.0,0.0
341,0,2,0,32400,26,0.0008024691358024691,19.461538314819336,0.09090909090909091,0.11538461538461539
341,0,2,1,32400,8,0.0002469135802469136,19.500001907348633,0.0,0.0
341,0,2,2,32400,10,0.00030864197530864197,8.199999809265137,0.0,0.1
341,0,3,0,32400,24,0.0007407407407407407,8.333333969116211,0.038461538461538464,0.041666666666666664
341,0,3,1,32400,17,0.0005246913580246914,30.82353401184082,0.25,0.29411764705882354
341,0,3,2,32400,17,0.0005246913580246914,3.058823585510254,0.0,0.11764705882352941
341,0,4,0,32400,23,0.0007098765432098765,15.304347038269043,0.041666666666666664,0.08695652173913043
341,0,4,1,32400,9,0.0002777777777777778,23.11111068725586,0.058823529411764705,0.0
341,0,4,2,32400,14,0.0004320987654320988,8.5,0.11764705882352941,0.14285714285714285
341,0,5,0,32400,22,0.0006790123456790123,40.8636360168457,0.13043478260869565,0.045454545454545456
341,0,5,1,32400,9,0.0002777777777777778,4.222222328186035,0.1111111111111111,0.2222222222222222
341,0,5,2,32400,13,0.00040123456790123454,4.692307949066162,0.0,0.0
341,0,6,0,32400,25,0.0007716049382716049,8.84000015258789,0.13636363636363635,0.08
341,0,6,1,32400,10,0.00030864197530864197,4.099999904632568,0.1111111111111111,0.0
341,0,6,2,32400,12,0.00037037037037037035,2.5,0.0,0.0
341,0,7,0,32400,25,0.0007716049382716049,11.039999961853027,0.16,0.24
341,0,7,1,32400,11,0.00033950617283950616,9.0,0.2,0.09090909090909091
341,0,7,2,32400,21,0.0006481481481481481,9.761906623840332,0.0,0.047619047619047616
341,0,8,0,32400,27,0.0008333333333333334,12.666666984558105,0.08,0.18518518518518517
341,0,8,1,32400,10,0.00030864197530864197,18.700000762939453,0.0,0.1
341,0,8,2,32400,13,0.00040123456790123454,7.307692527770996,0.09523809523809523,0.0
341,0,9,0,32400,24,0.0007407407407407407,9.791666984558105,0.1111111111111111,0.125
341,0,9,1,32400,13,0.00040123456790123454,9.615385055541992,0.0,0.0
341,0,9,2,32400,14,0.0004320987654320988,4.5714287757873535,0.15384615384615385,0.0
341,0,10,0,32400,22,0.0006790123456790123,13.454545974731445,0.041666666666666664,0.09090909090909091
341,0,10,1,32400,13,0.00040123456790123454,7.000000476837158,0.07692307692307693,0.0
341,0,10,2,32400,11,0.00033950617283950616,5.818181991577148,0.0,0.09090909090909091
341,0,11,0,32400,29,0.0008950617283950618,14.448275566101074,0.18181818181818182,0.10344827586206896
341,0,11,1,32400,11,0.00033950617283950616,11.0,0.0,0.0
341,0,11,2,32400,15,0.000462962962962963,7.8666672706604,0.09090909090909091,0.06666666666666667
341,0,12,0,32400,28,0.0008641975308641976,21.0,0.0,0.17857142857142858
341,0,12,1,32400,6,0.00018518518518518518,8.833333969116211,0.0,0.0
341,0,12,2,32400,17,0.0005246913580246914,6.117647171020508,0.06666666666666667,0.058823529411764705
341,0,13,0,32400,40,0.0012345679012345679,5.099999904632568,0.10714285714285714,0.125
341,0,13,1,32400,8,0.0002469135802469136,5.375,0.0,0.125
341,0,13,2,32400,18,0.0005555555555555556,2.3888888359069824,0.11764705882352941,0.05555555555555555
341,0,14,0,32400,26,0.0008024691358024691,48.76923751831055,0.05,0.19230769230769232
341,0,14,1,32400,12,0.00037037037037037035,9.166666984558105,0.25,0.25
341,0,14,2,32400,22,0.0006790123456790123,4.18181848526001,0.05555555555555555,0.18181818181818182
341,0,15,0,32400,34,0.0010493827160493827,9.441176414489746,0.34615384615384615,0.14705882352941177
341,0,15,1,32400,5,0.00015432098765432098,4.200000286102295,0.08333333333333333,0.0
341,0,15,2,32400,15,0.000462962962962963,2.133333444595337,0.09090909090909091,0.0
341,0,16,0,32400,22,0.0006790123456790123,9.545454978942871,0.14705882352941177,0.0
341,0,16,1,32400,16,0.0004938271604938272,38.6875,0.6,0.125
341,0,16,2,32400,13,0.00040123456790123454,2.153846263885498,0.0,0.07692307692307693
341,0,17,0,32400,21,0.0006481481481481481,17.809526443481445,0.09090909090909091,0.19047619047619047
341,0,17,1,32400,11,0.00033950617283950616,21.636362075805664,0.125,0.36363636363636365
341,0,17,2,32400,20,0.0006172839506172839,7.200000286102295,0.0,0.2
341,0,18,0,32400,31,0.0009567901234567902,7.774193286895752,0.09523809523809523,0.16129032258064516
341,0,18,1,32400,10,0.00030864197530864197,4.599999904632568,0.0,0.0
341,0,18,2,32400,9,0.0002777777777777778,12.666667938232422,0.0,0.2222222222222222
341,0,19,0,32400,33,0.0010185185185185184,25.030303955078125,0.12903225806451613,0.030303030303030304
341,0,19,1,32400,7,0.0002160493827160494,9.142857551574707,0.0,0.0
341,0,19,2,32400,19,0.0005864197530864197,6.263157844543457,0.1111111111111111,0.05263157894736842
341,0,20,0,32400,35,0.0010802469135802468,19.600000381469727,0.06060606060606061,0.05714285714285714
341,0,20,1,32400,11,0.00033950617283950616,5.454545497894287,0.0,0.0
341,0,20,2,32400,23,0.0007098765432098765,7.304347991943359,0.15789473684210525,0.21739130434782608
341,0,21,0,32400,21,0.0006481481481481481,10.09523868560791,0.05714285714285714,0.19047619047619047
341,0,21,1,32400,13,0.00040123456790123454,9.461539268493652,0.18181818181818182,0.07692307692307693
341,0,21,2,32400,15,0.000462962962962963,9.066667556762695,0.13043478260869565,0.06666666666666667
341,0,22,0,32400,30,0.000925925925925926,11.466667175292969,0.09523809523809523,0.1
341,0,22,1,32400,9,0.0002777777777777778,8.111111640930176,0.0,0.0
341,0,22,2,32400,17,0.0005246913580246914,4.882352828979492,0.06666666666666667,0.0
341,0,23,0,32400,36,0.0011111111111111111,14.916666984558105,0.03333333333333333,0.19444444444444445
341,0,23,1,32400,13,0.00040123456790123454,8.153846740722656,0.0,0.07692307692307693
341,0,23,2,32400,11,0.00033950617283950616,14.0,0.0,0.2727272727272727
341,0,24,0,32400,38,0.0011728395061728395,12.105263710021973,0.1111111111111111,0.10526315789473684
341,0,24,1,32400,16,0.0004938271604938272,7.749999523162842,0.07692307692307693,0.1875
341,0,24,2,32400,21,0.0006481481481481481,3.5714285373687744,0.2727272727272727,0.14285714285714285
341,0,25,0,32400,26,0.0008024691358024691,8.461539268493652,0.13157894736842105,0.11538461538461539
341,0,25,1,32400,14,0.0004320987654320988,10.071429252624512,0.25,0.07142857142857142
341,0,25,2,32400,15,0.000462962962962963,7.40000057220459,0.14285714285714285,0.13333333333333333
341,0,26,0,32400,26,0.0008024691358024691,7.000000476837158,0.15384615384615385,0.07692307692307693
341,0,26,1,32400,4,0.0001234567901234568,2.75,0.07142857142857142,0.0
341,0,26,2,32400,21,0.0006481481481481481,6.857142925262451,0.13333333333333333,0.19047619047619047
341,0,27,0,32400,35,0.0010802469135802468,10.742856979370117,0.07692307692307693,0.22857142857142856
341,0,27,1,32400,6,0.00018518518518518518,4.333333492279053,0.25,0.0
341,0,27,2,32400,20,0.0006172839506172839,4.550000190734863,0.14285714285714285,0.2
341,0,28,0,32400,34,0.0010493827160493827,7.617647171020508,0.22857142857142856,0.3235294117647059
341,0,28,1,32400,5,0.00015432098765432098,26.39999771118164,0.0,0.0
341,0,28,2,32400,10,0.00030864197530864197,10.600000381469727,0.15,0.0
341,0,29,0,32400,18,0.0005555555555555556,4.555555820465088,0.0,0.05555555555555555
341,0,29,1,32400,8,0.0002469135802469136,10.875,0.0,0.0
341,0,29,2,32400,19,0.0005864197530864197,23.73684310913086,0.0,0.10526315789473684
341,0,30,0,32400,28,0.0008641975308641976,8.535715103149414,0.05555555555555555,0.14285714285714285
341,0,30,1,32400,6,0.00018518518518518518,12.333333969116211,0.125,0.0
341,0,30,2,32400,12,0.00037037037037037035,21.083335876464844,0.05263157894736842,0.08333333333333333
341,0,31,0,32400,39,0.0012037037037037038,32.743595123291016,0.07142857142857142,0.1282051282051282
341,0,31,1,32400,8,0.0002469135802469136,12.125001907348633,0.16666666666666666,0.0
341,0,31,2,32400,18,0.0005555555555555556,16.944442749023438,0.16666666666666666,0.1111111111111111
341,0,32,0,32400,31,0.0009567901234567902,27.16128921508789,0.1282051282051282,0.0967741935483871
341,0,32,1,32400,8,0.0002469135802469136,11.125,0.0,0.0
341,0,32,2,32400,11,0.00033950617283950616,15.727274894714355,0.1111111111111111,0.0
341,0,33,0,32400,37,0.0011419753086419754,30.594594955444336,0.03225806451612903,0.13513513513513514
341,0,33,1,32400,7,0.0002160493827160494,12.000000953674316,0.0,0.14285714285714285
341,0,33,2,32400,19,0.0005864197530864197,25.78947639465332,0.09090909090909091,0.10526315789473684
341,0,34,0,32400,44,0.0013580246913580246,24.068185806274414,0.1891891891891892,0.18181818181818182
341,0,34,1,32400,11,0.00033950617283950616,16.90909194946289,0.0,0.18181818181818182
341,0,34,2,32400,17,0.0005246913580246914,47.23529815673828,0.05263157894736842,0.0
341,0,35,0,32400,27,0.0008333333333333334,13.407407760620117,0.06818181818181818,0.037037037037037035
341,0,35,1,32400,6,0.00018518518518518518,7.6666669845581055,0.0,0.16666666666666666
341,0,35,2,32400,15,0.000462962962962963,6.466667652130127,0.058823529411764705,0.0
341,1,1,0,32400,27,0.0008333333333333334,23.814815521240234,-1.0,0.1111111111111111
341,1,1,1,32400,11,0.00033950617283950616,13.545454978942871,-1.0,0.09090909090909091
341,1,1,2,32400,10,0.00030864197530864197,3.700000047683716,-1.0,0.0
341,1,2,0,32400,22,0.0006790123456790123,7.545454978942871,0.07407407407407407,0.13636363636363635
341,1,2,1,32400,9,0.0002777777777777778,18.000001907348633,0.0,0.0
341,1,2,2,32400,9,0.0002777777777777778,4.111111164093018,0.0,0.2222222222222222
341,1,3,0,32400,15,0.000462962962962963,13.40000057220459,0.09090909090909091,0.06666666666666667
341,1,3,1,32400,9,0.0002777777777777778,12.111111640930176,0.2222222222222222,0.1111111111111111
341,1,3,2,32400,10,0.00030864197530864197,3.6000001430511475,0.1111111111111111,0.2
341,1,4,0,32400,18,0.0005555555555555556,7.611111164093018,0.0,0.16666666666666666
341,1,4,1,32400,7,0.0002160493827160494,97.5714340209961,0.0,0.0
341,1,4,2,32400,11,0.00033950617283950616,6.727272987365723,0.3,0.09090909090909091
341,1,5,0,32400,19,0.0005864197530864197,15.947368621826172,0.05555555555555555,0.15789473684210525
341,1,5,1,32400,7,0.0002160493827160494,6.000000476837158,0.0,0.0
341,1,5,2,32400,13,0.00040123456790123454,3.846153974533081,0.0,0.15384615384615385
341,1,6,0,32400,28,0.0008641975308641976,9.821429252624512,0.21052631578947367,0.07142857142857142
341,1,6,1,32400,8,0.0002469135802469136,50.250003814697266,0.14285714285714285,0.0
341,1,6,2,32400,14,0.0004320987654320988,3.7142858505249023,0.3076923076923077,0.07142857142857142
341,1,7,0,32400,29,0.0008950617283950618,11.034482955932617,0.10714285714285714,0.13793103448275862
341,1,7,1,32400,7,0.0002160493827160494,35.4285774230957,0.0,0.0
341,1,7,2,32400,14,0.0004320987654320988,9.142857551574707,0.14285714285714285,0.0
341,1,8,0,32400,29,0.0008950617283950618,6.1724138259887695,0.10344827586206896,0.06896551724137931
341,1,8,1,32400,14,0.0004320987654320988,12.428571701049805,0.0,0.0
341,1,8,2,32400,14,0.0004320987654320988,5.357142925262451,0.0,0.07142857142857142
341,1,9,0,32400,19,0.0005864197530864197,9.736842155456543,0.034482758620689655,0.05263157894736842
341,1,9,1,32400,19,0.0005864197530864197,9.789473533630371,0.0,0.10526315789473684
341,1,9,2,32400,13,0.00040123456790123454,4.76923131942749,0.2857142857142857,0.07692307692307693
341,1,10,0,32400,30,0.000925925925925926,7.700000286102295,0.15789473684210525,0.06666666666666667
341,1,10,1,32400,13,0.00040123456790123454,14.461539268493652,0.15789473684210525,0.0
341,1,10,2,32400,22,0.0006790123456790123,3.3181819915771484,0.23076923076923078,0.13636363636363635
341,1,11,0,32400,34,0.0010493827160493827,27.411766052246094,0.16666666666666666,0.17647058823529413
341,1,11,1,32400,12,0.00037037037037037035,7.1666669845581055,0.0,0.0
341,1,11,2,32400,11,0.00033950617283950616,5.18181848526001,0.045454545454545456,0.0
341,1,12,0,32400,36,0.0011111111111111111,28.52777862548828,0.14705882352941177,0.19444444444444445
341,1,12,1,32400,10,0.00030864197530864197,29.40000343322754,0.16666666666666666,0.0
341,1,12,2,32400,22,0.0006790123456790123,5.454545497894287,0.09090909090909091,0.13636363636363635
341,1,13,0,32400,26,0.0008024691358024691,28.26923179626465,0.1388888888888889,0.07692307692307693
341,1,13,1,32400,5,0.00015432098765432098,9.800000190734863,0.0,0.0
341,1,13,2,32400,20,0.0006172839506172839,2.1500000953674316,0.045454545454545456,0.1
341,1,14,0,32400,34,0.0010493827160493827,39.61764907836914,0.15384615384615385,0.20588235294117646
341,1,14,1,32400,8,0.0002469135802469136,18.375,0.2,0.25
341,1,14,2,32400,14,0.0004320987654320988,3.5714287757873535,0.05,0.07142857142857142
341,1,15,0,32400,34,0.0010493827160493827,11.382352828979492,0.20588235294117646,0.14705882352941177
341,1,15,1,32400,5,0.00015432098765432098,10.199999809265137,0.125,0.4
341,1,15,2,32400,7,0.0002160493827160494,6.428571701049805,0.0,0.14285714285714285
341,1,16,0,32400,28,0.0008641975308641976,14.678569793701172,0.14705882352941177,0.07142857142857142
341,1,16,1,32400,10,0.00030864197530864197,13.199999809265137,0.0,0.1
341,1,16,2,32400,16,0.0004938271604938272,4.875,0.14285714285714285,0.125
341,1,17,0,32400,29,0.0008950617283950618,13.379311561584473,0.03571428571428571,0.10344827586206896
341,1,17,1,32400,6,0.00018518518518518518,9.333333969116211,0.2,0.0
341,1,17,2,32400,19,0.0005864197530864197,13.052630424499512,0.1875,0.10526315789473684
341,1,18,0,32400,25,0.0007716049382716049,15.239999771118164,0.1724137931034483,0.12
341,1,18,1,32400,7,0.0002160493827160494,4.5714287757873535,0.16666666666666666,0.0
341,1,18,2,32400,8,0.0002469135802469136,8.0,0.0,0.0
341,1,19,0,32400,21,0.0006481481481481481,45.14285659790039,0.08,0.09523809523809523
341,1,19,1,32400,9,0.0002777777777777778,14.666666984558105,0.0,0.1111111111111111
341,1,19,2,32400,18,0.0005555555555555556,6.388888835906982,0.0,0.1111111111111111
341,1,20,0,32400,31,0.0009567901234567902,13.612902641296387,0.19047619047619047,0.0967741935483871
341,1,20,1,32400,10,0.00030864197530864197,7.5,0.0,0.1
341,1,20,2,32400,17,0.0005246913580246914,7.588235378265381,0.05555555555555555,0.23529411764705882
341,1,21,0,32400,24,0.0007407407407407407,29.416667938232422,0.06451612903225806,0.041666666666666664
341,1,21,1,32400,15,0.000462962962962963,13.000000953674316,0.0,0.06666666666666667
341,1,21,2,32400,13,0.00040123456790123454,2.692307710647583,0.0,0.07692307692307693
341,1,22,0,32400,36,0.0011111111111111111,9.13888931274414,0.16666666666666666,0.1388888888888889
341,1,22,1,32400,11,0.00033950617283950616,10.545454978942871,0.0,0.18181818181818182
341,1,22,2,32400,16,0.0004938271604938272,3.6875,0.15384615384615385,0.0
341,1,23,0,32400,39,0.0012037037037037038,11.923076629638672,0.16666666666666666,0.20512820512820512
341,1,23,1,32400,12,0.00037037037037037035,5.75,0.0,0.08333333333333333
341,1,23,2,32400,21,0.0006481481481481481,4.238095283508301,0.0625,0.09523809523809523
341,1,24,0,32400,37,0.0011419753086419754,10.162162780761719,0.10256410256410256,0.10810810810810811
341,1,24,1,32400,14,0.0004320987654320988,6.642857551574707,0.0,0.07142857142857142
341,1,24,2,32400,18,0.0005555555555555556,9.888890266418457,0.09523809523809523,0.1111111111111111
341,1,25,0,32400,26,0.0008024691358024691,6.500000476837158,0.05405405405405406,0.038461538461538464
341,1,25,1,32400,9,0.0002777777777777778,2.777777910232544,0.07142857142857142,0.1111111111111111
341,1,25,2,32400,17,0.0005246913580246914,6.823529243469238,0.1111111111111111,0.0
341,1,26,0,32400,29,0.0008950617283950618,53.24137878417969,0.19230769230769232,0.10344827586206896
341,1,26,1,32400,4,0.0001234567901234568,11.250000953674316,0.0,0.0
341,1,26,2,32400,17,0.0005246913580246914,5.882352828979492,0.17647058823529413,0.0
341,1,27,0,32400,36,0.0011111111111111111,6.333333492279053,0.10344827586206896,0.16666666666666666
341,1,27,1,32400,10,0.00030864197530864197,9.100000381469727,0.0,0.0
341,1,27,2,32400,11,0.00033950617283950616,4.2727274894714355,0.058823529411764705,0.0
341,1,28,0,32400,27,0.0008333333333333334,8.111111640930176,0.1388888888888889,0.18518518518518517
341,1,28,1,32400,7,0.0002160493827160494,5.5714287757873535,0.0,0.0
341,1,28,2,32400,14,0.0004320987654320988,4.785714626312256,0.18181818181818182,0.07142857142857142
341,1,29,0,32400,35,0.0010802469135802468,13.714285850524902,0.1111111111111111,0.17142857142857143
341,1,29,1,32400,7,0.0002160493827160494,8.571429252624512,0.14285714285714285,0.14285714285714285
341,1,29,2,32400,16,0.0004938271604938272,17.4375,0.14285714285714285,0.3125
341,1,30,0,32400,27,0.0008333333333333334,14.000000953674316,0.05714285714285714,0.037037037037037035
341,1,30,1,32400,6,0.00018518518518518518,50.5,0.14285714285714285,0.0
341,1,30,2,32400,16,0.0004938271604938272,7.625,0.0,0.125
341,1,31,0,32400,40,0.0012345679012345679,12.324999809265137,0.18518518518518517,0.1
341,1,31,1,32400,7,0.0002160493827160494,21.142860412597656,0.16666666666666666,0.0
341,1,31,2,32400,15,0.000462962962962963,33.80000305175781,0.0625,0.13333333333333333
341,1,32,0,32400,27,0.0008333333333333334,33.481483459472656,0.1,0.18518518518518517
341,1,32,1,32400,7,0.0002160493827160494,4.0,0.0,0.14285714285714285
341,1,32,2,32400,18,0.0005555555555555556,14.333333015441895,0.06666666666666667,0.16666666666666666
341,1,33,0,32400,28,0.0008641975308641976,8.392857551574707,0.18518518518518517,0.07142857142857142
341,1,33,1,32400,7,0.0002160493827160494,4.5714287757873535,0.0,0.0
341,1,33,2,32400,15,0.000462962962962963,12.133334159851074,0.05555555555555555,0.06666666666666667
341,1,34,0,32400,47,0.0014506172839506173,43.42552947998047,0.2857142857142857,0.06382978723404255
341,1,34,1,32400,10,0.00030864197530864197,34.400001525878906,0.0,0.2
341,1,34,2,32400,15,0.000462962962962963,59.00000762939453,0.0,0.13333333333333333
341,1,35,0,32400,30,0.000925925925925926,12.233333587646484,0.0851063829787234,0.13333333333333333
341,1,35,1,32400,13,0.00040123456790123454,5.0,0.1,0.07692307692307693
341,1,35,2,32400,13,0.00040123456790123454,7.307693004608154,0.06666666666666667,0.0
341,2,1,0,32400,31,0.0009567901234567902,20.967741012573242,-1.0,0.06451612903225806
341,2,1,1,32400,10,0.00030864197530864197,23.5,-1.0,0.0
341,2,1,2,32400,14,0.0004320987654320988,7.142857551574707,-1.0,0.0
341,2,2,0,32400,20,0.0006172839506172839,12.550000190734863,0.03225806451612903,0.1
341,2,2,1,32400,15,0.000462962962962963,13.40000057220459,0.1,0.26666666666666666
341,2,2,2,32400,10,0.00030864197530864197,6.700000286102295,0.07142857142857142,0.0
341,2,3,0,32400,24,0.0007407407407407407,8.291666984558105,0.15,0.16666666666666666
341,2,3,1,32400,8,0.0002469135802469136,22.750001907348633,0.13333333333333333,0.0
341,2,3,2,32400,11,0.00033950617283950616,9.0,0.1,0.0
341,2,4,0,32400,18,0.0005555555555555556,12.222221374511719,0.08333333333333333,0.1111111111111111
341,2,4,1,32400,15,0.000462962962962963,10.200000762939453,0.375,0.0
341,2,4,2,32400,10,0.00030864197530864197,14.100000381469727,0.18181818181818182,0.0
341,2,5,0,32400,38,0.0011728395061728395,28.3157901763916,0.2222222222222222,0.15789473684210525
341,2,5,1,32400,8,0.0002469135802469136,8.375,0.06666666666666667,0.25
341,2,5,2,32400,12,0.00037037037037037035,4.083333492279053,0.1,0.08333333333333333
341,2,6,0,32400,26,0.0008024691358024691,7.615385055541992,0.10526315789473684,0.0
341,2,6,1,32400,9,0.0002777777777777778,9.333333015441895,0.25,0.0
341,2,6,2,32400,14,0.0004320987654320988,2.9285714626312256,0.08333333333333333,0.07142857142857142
341,2,7,0,32400,27,0.0008333333333333334,10.518518447875977,0.07692307692307693,0.1111111111111111
341,2,7,1,32400,10,0.00030864197530864197,40.500003814697266,0.1111111111111111,0.0
341,2,7,2,32400,16,0.0004938271604938272,11.25,0.0,0.0625
341,2,8,0,32400,27,0.0008333333333333334,15.148148536682129,0.0,0.2222222222222222
341,2,8,1,32400,13,0.00040123456790123454,7.461538314819336,0.1,0.07692307692307693
341,2,8,2,32400,14,0.0004320987654320988,10.571429252624512,0.125,0.14285714285714285
341,2,9,0,32400,23,0.0007098765432098765,7.695652484893799,0.037037037037037035,0.08695652173913043
341,2,9,1,32400,7,0.0002160493827160494,10.714285850524902,0.0,0.0
341,2,9,2,32400,8,0.0002469135802469136,2.875,0.07142857142857142,0.0
341,2,10,0,32400,28,0.0008641975308641976,11.60714340209961,0.043478260869565216,0.17857142857142858
341,2,10,1,32400,14,0.0004320987654320988,9.142857551574707,0.2857142857142857,0.07142857142857142
341,2,10,2,32400,16,0.0004938271604938272,9.3125,0.125,0.125
341,2,11,0,32400,32,0.0009876543209876543,13.9375,0.03571428571428571,0.09375
341,2,11,1,32400,11,0.00033950617283950616,7.2727274894714355,0.07142857142857142,0.0
341,2,11,2,32400,19,0.0005864197530864197,5.526315689086914,0.1875,0.10526315789473684
341,2,12,0,32400,28,0.0008641975308641976,9.035715103149414,0.125,0.03571428571428571
341,2,12,1,32400,11,0.00033950617283950616,5.454545497894287,0.2727272727272727,0.2727272727272727
341,2,12,2,32400,12,0.00037037037037037035,5.083333492279053,0.0,0.25
341,2,13,0,32400,27,0.0008333333333333334,11.259258270263672,0.10714285714285714,0.07407407407407407
341,2,13,1,32400,9,0.0002777777777777778,8.44444465637207,0.09090909090909091,0.0
341,2,13,2,32400,22,0.0006790123456790123,5.318181991577148,0.4166666666666667,0.13636363636363635
341,2,14,0,32400,17,0.0005246913580246914,72.64706420898438,0.14814814814814814,0.11764705882352941
341,2,14,1,32400,8,0.0002469135802469136,7.875,0.1111111111111111,0.0
341,2,14,2,32400,20,0.0006172839506172839,4.050000190734863,0.045454545454545456,0.05
341,2,15,0,32400,32,0.0009876543209876543,12.96875,0.29411764705882354,0.15625
341,2,15,1,32400,5,0.00015432098765432098,16.600000381469727,0.0,0.0
341,2,15,2,32400,6,0.00018518518518518518,3.0,0.0,0.0
341,2,16,0,32400,21,0.0006481481481481481,10.09523868560791,0.125,0.047619047619047616
341,2,16,1,32400,14,0.0004320987654320988,37.35714340209961,0.0,0.0
341,2,16,2,32400,13,0.00040123456790123454,6.0,0.0,0.07692307692307693
341,2,17,0,32400,24,0.0007407407407407407,13.291667938232422,0.047619047619047616,0.041666666666666664
341,2,17,1,32400,10,0.00030864197530864197,43.29999923706055,0.07142857142857142,0.3
341,2,17,2,32400,14,0.0004320987654320988,22.428571701049805,0.0,0.07142857142857142
341,2,18,0,32400,25,0.0007716049382716049,45.12001037597656,0.125,0.16
341,2,18,1,32400,10,0.00030864197530864197,4.599999904632568,0.2,0.0
341,2,18,2,32400,10,0.00030864197530864197,12.799999237060547,0.0,0.0
341,2,19,0,32400,31,0.0009567901234567902,10.580644607543945,0.08,0.0967741935483871
341,2,19,1,32400,7,0.0002160493827160494,6.428571701049805,0.0,0.0
341,2,19,2,32400,20,0.0006172839506172839,9.300000190734863,0.1,0.1
341,2,20,0,32400,20,0.0006172839506172839,7.599999904632568,0.06451612903225806,0.05
341,2,20,1,32400,9,0.0002777777777777778,5.222222328186035,0.14285714285714285,0.1111111111111111
341,2,20,2,32400,20,0.0006172839506172839,5.900000095367432,0.05,0.15
341,2,21,0,32400,21,0.0006481481481481481,7.952381134033203,0.05,0.047619047619047616
341,2,21,1,32400,16,0.0004938271604938272,12.75,0.2222222222222222,0.1875
341,2,21,2,32400,18,0.0005555555555555556,5.888888835906982,0.25,0.05555555555555555
341,2,22,0,32400,39,0.0012037037037037038,14.435895919799805,0.047619047619047616,0.1282051282051282
341,2,22,1,32400,13,0.00040123456790123454,7.153846263885498,0.0,0.0
341,2,22,2,32400,17,0.0005246913580246914,12.058823585510254,0.0,0.058823529411764705
341,2,23,0,32400,38,0.0011728395061728395,10.763157844543457,0.10256410256410256,0.07894736842105263
341,2,23,1,32400,14,0.0004320987654320988,8.0,0.0,0.07142857142857142
341,2,23,2,32400,14,0.0004320987654320988,12.428571701049805,0.11764705882352941,0.2857142857142857
341,2,24,0,32400,37,0.0011419753086419754,11.270270347595215,0.02631578947368421,0.10810810810810811
341,2,24,1,32400,13,0.00040123456790123454,3.153846263885498,0.0,0.0
341,2,24,2,32400,17,0.0005246913580246914,11.941176414489746,0.14285714285714285,0.0
341,2,25,0,32400,25,0.0007716049382716049,5.920000076293945,0.05405405405405406,0.04
341,2,25,1,32400,11,0.00033950617283950616,7.2727274894714355,0.0,0.09090909090909091
341,2,25,2,32400,12,0.00037037037037037035,11.083333969116211,0.058823529411764705,0.16666666666666666
341,2,26,0,32400,28,0.0008641975308641976,26.892860412597656,0.08,0.17857142857142858
341,2,26,1,32400,6,0.00018518518518518518,5.5,0.09090909090909091,0.0
341,2,26,2,32400,10,0.00030864197530864197,6.200000286102295,0.16666666666666666,0.1
341,2,27,0,32400,30,0.000925925925925926,7.833333969116211,0.10714285714285714,0.23333333333333334
341,2,27,1,32400,9,0.0002777777777777778,18.888891220092773,0.0,0.0
341,2,27,2,32400,21,0.0006481481481481481,4.5714287757873535,0.1,0.09523809523809523
341,2,28,0,32400,35,0.0010802469135802468,13.85714340209961,0.16666666666666666,0.17142857142857143
341,2,28,1,32400,12,0.00037037037037037035,7.1666669845581055,0.0,0.0
341,2,28,2,32400,19,0.0005864197530864197,3.3157894611358643,0.14285714285714285,0.21052631578947367
341,2,29,0,32400,28,0.0008641975308641976,8.071429252624512,0.05714285714285714,0.10714285714285714
341,2,29,1,32400,9,0.0002777777777777778,5.666666507720947,0.0,0.1111111111111111
341,2,29,2,32400,15,0.000462962962962963,21.33333396911621,0.0,0.06666666666666667
341,2,30,0,32400,32,0.0009876543209876543,11.8125,0.10714285714285714,0.125
341,2,30,1,32400,4,0.0001234567901234568,2.5,0.0,0.0
341,2,30,2,32400,11,0.00033950617283950616,9.545454978942871,0.26666666666666666,0.09090909090909091
341,2,31,0,32400,35,0.0010802469135802468,6.742856979370117,0.125,0.17142857142857143
341,2,31,1,32400,6,0.00018518518518518518,24.333335876464844,0.0,0.0
341,2,31,2,32400,17,0.0005246913580246914,11.176470756530762,0.0,0.058823529411764705
341,2,32,0,32400,28,0.0008641975308641976,91.03571319580078,0.11428571428571428,0.03571428571428571
341,2,32,1,32400,3,9.259259259259259e-05,28.0,0.0,0.0
341,2,32,2,32400,13,0.00040123456790123454,14.461539268493652,0.0,0.0
341,2,33,0,32400,38,0.0011728395061728395,8.210526466369629,0.14285714285714285,0.15789473684210525
341,2,33,1,32400,14,0.0004320987654320988,9.285715103149414,0.3333333333333333,0.07142857142857142
341,2,33,2,32400,17,0.0005246913580246914,7.705882549285889,0.0,0.058823529411764705
341,2,34,0,32400,29,0.0008950617283950618,30.89655113220215,0.02631578947368421,0.10344827586206896
341,2,34,1,32400,14,0.0004320987654320988,7.714285850524902,0.21428571428571427,0.21428571428571427
341,2,34,2,32400,15,0.000462962962962963,10.533333778381348,0.058823529411764705,0.06666666666666667
341,2,35,0,32400,35,0.0010802469135802468,8.342857360839844,0.06896551724137931,0.05714285714285714
341,2,35,1,32400,10,0.00030864197530864197,15.0,0.0,0.2
341,2,35,2,32400,18,0.0005555555555555556,5.94444465637207,0.13333333333333333,0.1111111111111111
341,3,1,0,32400,25,0.0007716049382716049,23.399999618530273,-1.0,0.08
341,3,1,1,32400,10,0.00030864197530864197,7.0,-1.0,0.1
341,3,1,2,32400,14,0.0004320987654320988,5.214285850524902,-1.0,0.0
341,3,2,0,32400,20,0.0006172839506172839,7.099999904632568,0.04,0.1
341,3,2,1,32400,12,0.00037037037037037035,18.333335876464844,0.0,0.16666666666666666
341,3,2,2,32400,15,0.000462962962962963,7.8666672706604,0.0,0.06666666666666667
341,3,3,0,32400,26,0.0008024691358024691,17.269229888916016,0.0,0.038461538461538464
341,3,3,1,32400,8,0.0002469135802469136,20.875001907348633,0.0,0.0
341,3,3,2,32400,16,0.0004938271604938272,4.375,0.0,0.0625
341,3,4,0,32400,17,0.0005246913580246914,10.058822631835938,0.0,0.058823529411764705
341,3,4,1,32400,10,0.00030864197530864197,11.600000381469727,0.0,0.0
341,3,4,2,32400,14,0.0004320987654320988,8.071429252624512,0.0625,0.21428571428571427
341,3,5,0,32400,27,0.0008333333333333334,10.88888931274414,0.17647058823529413,0.1111111111111111
341,3,5,1,32400,8,0.0002469135802469136,7.500000476837158,0.0,0.25
341,3,5,2,32400,17,0.0005246913580246914,3.7647058963775635,0.0,0.058823529411764705
341,3,6,0,32400,21,0.0006481481481481481,10.09523868560791,0.07407407407407407,0.047619047619047616
341,3,6,1,32400,12,0.00037037037037037035,63.5000114440918,0.25,0.16666666666666666
341,3,6,2,32400,17,0.0005246913580246914,6.352941036224365,0.11764705882352941,0.11764705882352941
341,3,7,0,32400,26,0.0008024691358024691,9.538461685180664,0.14285714285714285,0.15384615384615385
341,3,7,1,32400,8,0.0002469135802469136,52.500003814697266,0.0,0.0
341,3,7,2,32400,20,0.0006172839506172839,8.049999237060547,0.17647058823529413,0.0
341,3,8,0,32400,29,0.0008950617283950618,10.034482955932617,0.07692307692307693,0.20689655172413793
341,3,8,1,32400,15,0.000462962962962963,4.133333683013916,0.0,0.06666666666666667
341,3,8,2,32400,15,0.000462962962962963,5.800000190734863,0.0,0.13333333333333333
341,3,9,0,32400,20,0.0006172839506172839,7.450000286102295,0.06896551724137931,0.0
341,3,9,1,32400,11,0.00033950617283950616,7.818181991577148,0.0,0.0
341,3,9,2,32400,12,0.00037037037037037035,2.5833334922790527,0.06666666666666667,0.0
341,3,10,0,32400,21,0.0006481481481481481,6.38095235824585,0.15,0.0
341,3,10,1,32400,11,0.00033950617283950616,6.636363983154297,0.0,0.09090909090909091
341,3,10,2,32400,10,0.00030864197530864197,10.5,0.0,0.1
341,3,11,0,32400,33,0.0010185185185185184,18.030303955078125,0.14285714285714285,0.18181818181818182
341,3,11,1,32400,14,0.0004320987654320988,8.928571701049805,0.0,0.07142857142857142
341,3,11,2,32400,16,0.0004938271604938272,6.8125,0.0,0.0625
341,3,12,0,32400,29,0.0008950617283950618,30.206897735595703,0.09090909090909091,0.06896551724137931
341,3,12,1,32400,5,0.00015432098765432098,12.40000057220459,0.0,0.0
341,3,12,2,32400,18,0.0005555555555555556,7.555555820465088,0.0625,0.16666666666666666
341,3,13,0,32400,27,0.0008333333333333334,16.48147964477539,0.10344827586206896,0.07407407407407407
341,3,13,1,32400,4,0.0001234567901234568,5.0,0.0,0.0
341,3,13,2,32400,17,0.0005246913580246914,5.470588207244873,0.1111111111111111,0.0
341,3,14,0,32400,24,0.0007407407407407407,12.458333969116211,0.07407407407407407,0.20833333333333334
341,3,14,1,32400,13,0.00040123456790123454,9.384615898132324,0.0,0.15384615384615385
341,3,14,2,32400,13,0.00040123456790123454,4.307692527770996,0.11764705882352941,0.07692307692307693
341,3,15,0,32400,25,0.0007716049382716049,11.84000015258789,0.16666666666666666,0.12
341,3,15,1,32400,7,0.0002160493827160494,8.0,0.15384615384615385,0.0
341,3,15,2,32400,14,0.0004320987654320988,3.357142925262451,0.07692307692307693,0.0
341,3,16,0,32400,19,0.0005864197530864197,8.684211730957031,0.2,0.10526315789473684
341,3,16,1,32400,16,0.0004938271604938272,14.499999046325684,0.14285714285714285,0.1875
341,3,16,2,32400,11,0.00033950617283950616,5.545454502105713,0.07142857142857142,0.09090909090909091
341,3,17,0,32400,34,0.0010493827160493827,10.147058486938477,0.05263157894736842,0.20588235294117646
341,3,17,1,32400,10,0.00030864197530864197,47.400001525878906,0.0625,0.3
341,3,17,2,32400,16,0.0004938271604938272,14.5,0.0,0.125
341,3,18,0,32400,18,0.0005555555555555556,47.611122131347656,0.08823529411764706,0.1111111111111111
341,3,18,1,32400,10,0.00030864197530864197,4.900000095367432,0.0,0.3
341,3,18,2,32400,14,0.0004320987654320988,15.85714340209961,0.0625,0.07142857142857142
341,3,19,0,32400,31,0.0009567901234567902,15.741934776306152,0.05555555555555555,0.03225806451612903
341,3,19,1,32400,10,0.00030864197530864197,8.600000381469727,0.0,0.1
341,3,19,2,32400,11,0.00033950617283950616,7.818181991577148,0.0,0.0
341,3,20,0,32400,33,0.0010185185185185184,22.545454025268555,0.03225806451612903,0.09090909090909091
341,3,20,1,32400,13,0.00040123456790123454,9.615385055541992,0.1,0.07692307692307693
341,3,20,2,32400,20,0.0006172839506172839,12.800000190734863,0.0,0.1
341,3,21,0,32400,31,0.0009567901234567902,13.90322494506836,0.15151515151515152,0.03225806451612903
341,3,21,1,32400,9,0.0002777777777777778,13.0,0.0,0.0
341,3,21,2,32400,12,0.00037037037037037035,6.999999523162842,0.0,0.0
341,3,22,0,32400,40,0.0012345679012345679,10.125,0.06451612903225806,0.1
341,3,22,1,32400,20,0.0006172839506172839,11.449999809265137,0.2222222222222222,0.15
341,3,22,2,32400,15,0.000462962962962963,10.733333587646484,0.08333333333333333,0.0
341,3,23,0,32400,35,0.0010802469135802468,17.257143020629883,0.0,0.02857142857142857
341,3,23,1,32400,9,0.0002777777777777778,7.222222328186035,0.1,0.1111111111111111
341,3,23,2,32400,14,0.0004320987654320988,7.142857551574707,0.2,0.0
341,3,24,0,32400,35,0.0010802469135802468,6.142857074737549,0.08571428571428572,0.08571428571428572
341,3,24,1,32400,24,0.0007407407407407407,10.625001907348633,0.1111111111111111,0.20833333333333334
341,3,24,2,32400,15,0.000462962962962963,7.866666793823242,0.21428571428571427,0.0
341,3,25,0,32400,23,0.0007098765432098765,11.34782600402832,0.05714285714285714,0.0
341,3,25,1,32400,7,0.0002160493827160494,10.0,0.125,0.0
341,3,25,2,32400,7,0.0002160493827160494,5.285714626312256,0.06666666666666667,0.0
341,3,26,0,32400,27,0.0008333333333333334,49.51852035522461,0.13043478260869565,0.25925925925925924
341,3,26,1,32400,5,0.00015432098765432098,3.200000047683716,0.0,0.0
341,3,26,2,32400,16,0.0004938271604938272,6.4375,0.14285714285714285,0.125
341,3,27,0,32400,35,0.0010802469135802468,6.314285755157471,0.18518518518518517,0.14285714285714285
341,3,27,1,32400,12,0.00037037037037037035,9.333333969116211,0.2,0.08333333333333333
341,3,27,2,32400,15,0.000462962962962963,3.266666889190674,0.0625,0.06666666666666667
341,3,28,0,32400,28,0.0008641975308641976,14.285715103149414,0.17142857142857143,0.25
341,3,28,1,32400,3,9.259259259259259e-05,4.6666669845581055,0.08333333333333333,0.0
341,3,28,2,32400,16,0.0004938271604938272,5.0625,0.0,0.125
341,3,29,0,32400,28,0.0008641975308641976,40.071434020996094,0.03571428571428571,0.14285714285714285
341,3,29,1,32400,9,0.0002777777777777778,12.333333015441895,0.0,0.0
341,3,29,2,32400,14,0.0004320987654320988,35.357147216796875,0.0,0.2857142857142857
341,3,30,0,32400,22,0.0006790123456790123,11.590909004211426,0.03571428571428571,0.09090909090909091
341,3,30,1,32400,9,0.0002777777777777778,34.11111068725586,0.1111111111111111,0.0
341,3,30,2,32400,21,0.0006481481481481481,12.142858505249023,0.0,0.09523809523809523
341,3,31,0,32400,40,0.0012345679012345679,13.050000190734863,0.13636363636363635,0.175
341,3,31,1,32400,5,0.00015432098765432098,4.0,0.0,0.0
341,3,31,2,32400,23,0.0007098765432098765,15.52173900604248,0.047619047619047616,0.13043478260869565
341,3,32,0,32400,24,0.0007407407407407407,7.833333492279053,0.025,0.125
341,3,32,1,32400,9,0.0002777777777777778,3.444444417953491,0.2,0.0
341,3,32,2,32400,12,0.00037037037037037035,32.833335876464844,0.043478260869565216,0.16666666666666666
341,3,33,0,32400,33,0.0010185185185185184,17.363636016845703,0.041666666666666664,0.09090909090909091
341,3,33,1,32400,7,0.0002160493827160494,7.857143878936768,0.1111111111111111,0.0
341,3,33,2,32400,20,0.0006172839506172839,15.650001525878906,0.08333333333333333,0.15
341,3,34,0,32400,31,0.0009567901234567902,61.19355010986328,0.030303030303030304,0.12903225806451613
341,3,34,1,32400,15,0.000462962962962963,8.466667175292969,0.0,0.06666666666666667
341,3,34,2,32400,18,0.0005555555555555556,9.111111640930176,0.05,0.0
341,3,35,0,32400,37,0.0011419753086419754,8.837838172912598,0.0967741935483871,0.10810810810810811
341,3,35,1,32400,8,0.0002469135802469136,8.0,0.13333333333333333,0.25
341,3,35,2,32400,14,0.0004320987654320988,6.642857551574707,0.1111111111111111,0.07142857142857142
342,0,1,0,32400,19,0.0005864197530864197,14.0,-1.0,0.05263157894736842
342,0,1,1,32400,8,0.0002469135802469136,13.000000953674316,-1.0,0.0
342,0,1,2,32400,9,0.0002777777777777778,2.777777910232544,-1.0,0.0
342,0,2,0,32400,27,0.0008333333333333334,17.962963104248047,0.10526315789473684,0.037037037037037035
342,0,2,1,32400,9,0.0002777777777777778,13.777777671813965,0.0,0.0
342,0,2,2,32400,7,0.0002160493827160494,7.142857551574707,0.0,0.0
342,0,3,0,32400,21,0.0006481481481481481,5.095238208770752,0.037037037037037035,0.09523809523809523
342,0,3,1,32400,11,0.00033950617283950616,54.72727584838867,0.2222222222222222,0.18181818181818182
342,0,3,2,32400,18,0.0005555555555555556,8.0,0.14285714285714285,0.1111111111111111
342,0,4,0,32400,20,0.0006172839506172839,42.70000076293945,0.0,0.05
342,0,4,1,32400,10,0.00030864197530864197,3.5,0.09090909090909091,0.0
342,0,4,2,32400,22,0.0006790123456790123,2.3636364936828613,0.1111111111111111,0.0
342,0,5,0,32400,24,0.0007407407407407407,7.5,0.1,0.125
342,0,5,1,32400,13,0.00040123456790123454,32.615386962890625,0.1,0.15384615384615385
342,0,5,2,32400,14,0.0004320987654320988,8.285715103149414,0.0,0.07142857142857142
342,0,6,0,32400,23,0.0007098765432098765,16.39130401611328,0.16666666666666666,0.13043478260869565
342,0,6,1,32400,10,0.00030864197530864197,10.100000381469727,0.07692307692307693,0.0
342,0,6,2,32400,10,0.00030864197530864197,18.299999237060547,0.0,0.0
342,0,7,0,32400,29,0.0008950617283950618,16.20689582824707,0.17391304347826086,0.1724137931034483
342,0,7,1,32400,10,0.00030864197530864197,9.199999809265137,0.3,0.0
342,0,7,2,32400,12,0.00037037037037037035,3.6666667461395264,0.0,0.08333333333333333
342,0,8,0,32400,25,0.0007716049382716049,15.0,0.034482758620689655,0.16
342,0,8,1,32400,8,0.0002469135802469136,70.74999237060547,0.0,0.0
342,0,8,2,32400,14,0.0004320987654320988,3.642857313156128,0.08333333333333333,0.0
342,0,9,0,32400,26,0.0008024691358024691,12.80769157409668,0.08,0.07692307692307693
342,0,9,1,32400,11,0.00033950617283950616,18.72727394104004,0.125,0.2727272727272727
342,0,9,2,32400,19,0.0005864197530864197,4.315789699554443,0.14285714285714285,0.05263157894736842
342,0,10,0,32400,30,0.000925925925925926,21.366668701171875,0.11538461538461539,0.1
342,0,10,1,32400,15,0.000462962962962963,7.133333683013916,0.09090909090909091,0.0
342,0,10,2,32400,20,0.0006172839506172839,6.650000095367432,0.10526315789473684,0.1
342,0,11,0,32400,32,0.0009876543209876543,11.9375,0.1,0.0625
342,0,11,1,32400,8,0.0002469135802469136,10.125,0.0,0.0
342,0,11,2,32400,13,0.00040123456790123454,7.461538791656494,0.05,0.15384615384615385
342,0,12,0,32400,29,0.0008950617283950618,9.17241382598877,0.03125,0.10344827586206896
342,0,12,1,32400,4,0.0001234567901234568,3.5,0.0,0.0
342,0,12,2,32400,16,0.0004938271604938272,5.5625,0.07692307692307693,0.1875
342,0,13,0,32400,31,0.0009567901234567902,7.161290168762207,0.034482758620689655,0.06451612903225806
342,0,13,1,32400,10,0.00030864197530864197,16.100000381469727,0.0,0.2
342,0,13,2,32400,17,0.0005246913580246914,4.117647171020508,0.0,0.058823529411764705
342,0,14,0,32400,40,0.0012345679012345679,9.0,0.0967741935483871,0.225
342,0,14,1,32400,15,0.000462962962962963,7.533333778381348,0.3,0.2
342,0,14,2,32400,12,0.00037037037037037035,9.916666984558105,0.058823529411764705,0.16666666666666666
342,0,15,0,32400,33,0.0010185185185185184,10.545454978942871,0.225,0.21212121212121213
342,0,15,1,32400,14,0.0004320987654320988,9.214285850524902,0.06666666666666667,0.07142857142857142
342,0,15,2,32400,5,0.00015432098765432098,10.0,0.0,0.0
342,0,16,0,32400,26,0.0008024691358024691,7.538461685180664,0.12121212121212122,0.038461538461538464
342,0,16,1,32400,10,0.00030864197530864197,46.5,0.07142857142857142,0.1
342,0,16,2,32400,21,0.0006481481481481481,9.190476417541504,0.0,0.047619047619047616
342,0,17,0,32400,21,0.0006481481481481481,42.42858123779297,0.07692307692307693,0.0
342,0,17,1,32400,12,0.00037037037037037035,3.4166667461395264,0.0,0.0
342,0,17,2,32400,6,0.00018518518518518518,12.5,0.0,0.16666666666666666
342,0,18,0,32400,24,0.0007407407407407407,20.625,0.09523809523809523,0.041666666666666664
342,0,18,1,32400,11,0.00033950617283950616,7.727272987365723,0.0,0.0
342,0,18,2,32400,18,0.0005555555555555556,5.777777671813965,0.0,0.1111111111111111
342,0,19,0,32400,34,0.0010493827160493827,14.058823585510254,0.08333333333333333,0.029411764705882353
342,0,19,1,32400,10,0.00030864197530864197,5.900000095367432,0.09090909090909091,0.3
342,0,19,2,32400,20,0.0006172839506172839,7.450000286102295,0.05555555555555555,0.15
342,0,20,0,32400,31,0.0009567901234567902,15.451611518859863,0.11764705882352941,0.06451612903225806
342,0,20,1,32400,8,0.0002469135802469136,4.625,0.2,0.0
342,0,20,2,32400,17,0.0005246913580246914,8.0,0.2,0.11764705882352941
342,0,21,0,32400,30,0.000925925925925926,8.266667366027832,0.0967741935483871,0.06666666666666667
342,0,21,1,32400,9,0.0002777777777777778,16.0,0.25,0.1111111111111111
342,0,21,2,32400,23,0.0007098765432098765,8.34782600402832,0.11764705882352941,0.043478260869565216
342,0,22,0,32400,29,0.0008950617283950618,15.034482955932617,0.03333333333333333,0.10344827586206896
342,0,22,1,32400,6,0.00018518518518518518,7.0,0.0,0.0
342,0,22,2,32400,16,0.0004938271604938272,4.125,0.043478260869565216,0.0625
342,0,23,0,32400,30,0.000925925925925926,9.166666984558105,0.034482758620689655,0.13333333333333333
342,0,23,1,32400,16,0.0004938271604938272,12.750001907348633,0.0,0.0625
342,0,23,2,32400,15,0.000462962962962963,7.3333330154418945,0.0625,0.13333333333333333
342,0,24,0,32400,31,0.0009567901234567902,10.838708877563477,0.1,0.06451612903225806
342,0,24,1,32400,7,0.0002160493827160494,20.71428680419922,0.125,0.14285714285714285
342,0,24,2,32400,21,0.0006481481481481481,6.333333492279053,0.2,0.14285714285714285
342,0,25,0,32400,26,0.0008024691358024691,28.923080444335938,0.12903225806451613,0.11538461538461539
342,0,25,1,32400,7,0.0002160493827160494,10.85714340209961,0.2857142857142857,0.14285714285714285
342,0,25,2,32400,13,0.00040123456790123454,6.92307710647583,0.047619047619047616,0.07692307692307693
342,0,26,0,32400,27,0.0008333333333333334,9.481481552124023,0.19230769230769232,0.14814814814814814
342,0,26,1,32400,6,0.00018518518518518518,30.666669845581055,0.14285714285714285,0.16666666666666666
342,0,26,2,32400,25,0.0007716049382716049,5.359999656677246,0.23076923076923078,0.32
342,0,27,0,32400,31,0.0009567901234567902,13.548386573791504,0.07407407407407407,0.22580645161290322
342,0,27,1,32400,7,0.0002160493827160494,6.000000476837158,0.0,0.0
342,0,27,2,32400,17,0.0005246913580246914,9.941176414489746,0.16,0.11764705882352941
342,0,28,0,32400,42,0.0012962962962962963,20.166667938232422,0.16129032258064516,0.21428571428571427
342,0,28,1,32400,4,0.0001234567901234568,3.25,0.0,0.0
342,0,28,2,32400,18,0.0005555555555555556,41.722225189208984,0.11764705882352941,0.16666666666666666
342,0,29,0,32400,18,0.0005555555555555556,9.666666984558105,0.0,0.16666666666666666
342,0,29,1,32400,9,0.0002777777777777778,34.22222137451172,0.0,0.0
342,0,29,2,32400,13,0.00040123456790123454,14.076922416687012,0.05555555555555555,0.07692307692307693
342,0,30,0,32400,38,0.0011728395061728395,13.763157844543457,0.16666666666666666,0.10526315789473684
342,0,30,1,32400,9,0.0002777777777777778,33.222225189208984,0.2222222222222222,0.0
342,0,30,2,32400,20,0.0006172839506172839,20.100000381469727,0.07692307692307693,0.05
342,0,31,0,32400,37,0.0011419753086419754,23.000001907348633,0.05263157894736842,0.10810810810810811
342,0,31,1,32400,7,0.0002160493827160494,4.714285850524902,0.0,0.0
342,0,31,2,32400,14,0.0004320987654320988,20.07143211364746,0.05,0.07142857142857142
342,0,32,0,32400,36,0.0011111111111111111,11.69444465637207,0.16216216216216217,0.1388888888888889
342,0,32,1,32400,6,0.00018518518518518518,9.500000953674316,0.0,0.0
342,0,32,2,32400,20,0.0006172839506172839,26.850000381469727,0.07142857142857142,0.2
342,0,33,0,32400,35,0.0010802469135802468,16.94285774230957,0.16666666666666666,0.14285714285714285
342,0,33,1,32400,8,0.0002469135802469136,23.625,0.0,0.0
342,0,33,2,32400,18,0.0005555555555555556,6.999999523162842,0.05,0.0
342,0,34,0,32400,46,0.001419753086419753,10.391304969787598,0.22857142857142856,0.08695652173913043
342,0,34,1,32400,8,0.0002469135802469136,10.875,0.125,0.25
342,0,34,2,32400,15,0.000462962962962963,3.200000286102295,0.05555555555555555,0.06666666666666667
342,0,35,0,32400,30,0.000925925925925926,10.40000057220459,0.10869565217391304,0.03333333333333333
342,0,35,1,32400,5,0.00015432098765432098,11.199999809265137,0.0,0.0
342,0,35,2,32400,12,0.00037037037037037035,4.4166669845581055,0.06666666666666667,0.0
342,1,1,0,32400,26,0.0008024691358024691,11.423077583312988,-1.0,0.038461538461538464
342,1,1,1,32400,9,0.0002777777777777778,10.88888931274414,-1.0,0.1111111111111111
342,1,1,2,32400,14,0.0004320987654320988,5.785714626312256,-1.0,0.0
342,1,2,0,32400,29,0.0008950617283950618,9.724138259887695,0.07692307692307693,0.1724137931034483
342,1,2,1,32400,10,0.00030864197530864197,6.200000286102295,0.0,0.2
342,1,2,2,32400,12,0.00037037037037037035,4.083333492279053,0.0,0.08333333333333333
342,1,3,0,32400,18,0.0005555555555555556,4.666666507720947,0.034482758620689655,0.0
342,1,3,1,32400,13,0.00040123456790123454,4.384615421295166,0.2,0.0
342,1,3,2,32400,17,0.0005246913580246914,7.882352828979492,0.16666666666666666,0.058823529411764705
342,1,4,0,32400,18,0.0005555555555555556,11.166666984558105,0.0,0.16666666666666666
342,1,4,1,32400,3,9.259259259259259e-05,280.0000305175781,0.0,0.0
342,1,4,2,32400,15,0.000462962962962963,3.6000001430511475,0.17647058823529413,0.0
342,1,5,0,32400,29,0.0008950617283950618,8.931034088134766,0.1111111111111111,0.2413793103448276
342,1,5,1,32400,7,0.0002160493827160494,8.714285850524902,0.0,0.0
342,1,5,2,32400,20,0.0006172839506172839,6.5,0.13333333333333333,0.2
342,1,6,0,32400,34,0.0010493827160493827,10.911765098571777,0.13793103448275862,0.23529411764705882
342,1,6,1,32400,15,0.000462962962962963,11.266667366027832,0.14285714285714285,0.2
342,1,6,2,32400,21,0.0006481481481481481,6.142857074737549,0.2,0.09523809523809523
342,1,7,0,32400,21,0.0006481481481481481,12.380952835083008,0.08823529411764706,0.047619047619047616
342,1,7,1,32400,5,0.00015432098765432098,31.80000114440918,0.0,0.0
342,1,7,2,32400,17,0.0005246913580246914,6.117647171020508,0.09523809523809523,0.058823529411764705
342,1,8,0,32400,22,0.0006790123456790123,12.227272987365723,0.14285714285714285,0.09090909090909091
342,1,8,1,32400,14,0.0004320987654320988,13.500000953674316,0.2,0.07142857142857142
342,1,8,2,32400,17,0.0005246913580246914,12.588236808776855,0.058823529411764705,0.0
342,1,9,0,32400,20,0.0006172839506172839,18.649999618530273,0.09090909090909091,0.05
342,1,9,1,32400,19,0.0005864197530864197,10.1578950881958,0.07142857142857142,0.10526315789473684
342,1,9,2,32400,16,0.0004938271604938272,8.374999046325684,0.17647058823529413,0.125
342,1,10,0,32400,28,0.0008641975308641976,13.285715103149414,0.15,0.03571428571428571
342,1,10,1,32400,11,0.00033950617283950616,8.36363697052002,0.10526315789473684,0.09090909090909091
342,1,10,2,32400,19,0.0005864197530864197,8.526315689086914,0.125,0.15789473684210525
342,1,11,0,32400,35,0.0010802469135802468,28.71428680419922,0.25,0.2
342,1,11,1,32400,11,0.00033950617283950616,10.636363983154297,0.0,0.09090909090909091
342,1,11,2,32400,11,0.00033950617283950616,11.36363697052002,0.05263157894736842,0.0
342,1,12,0,32400,30,0.000925925925925926,28.066667556762695,0.17142857142857143,0.2
342,1,12,1,32400,9,0.0002777777777777778,5.111111164093018,0.18181818181818182,0.0
342,1,12,2,32400,21,0.0006481481481481481,4.476190567016602,0.18181818181818182,0.0
342,1,13,0,32400,24,0.0007407407407407407,50.20833969116211,0.16666666666666666,0.125
342,1,13,1,32400,9,0.0002777777777777778,5.888888835906982,0.0,0.0
342,1,13,2,32400,17,0.0005246913580246914,3.941176414489746,0.0,0.058823529411764705
342,1,14,0,32400,37,0.0011419753086419754,9.702702522277832,0.16666666666666666,0.13513513513513514
342,1,14,1,32400,6,0.00018518518518518518,9.5,0.1111111111111111,0.0
342,1,14,2,32400,9,0.0002777777777777778,6.6666669845581055,0.0,0.0
342,1,15,0,32400,30,0.000925925925925926,10.566666603088379,0.1891891891891892,0.1
342,1,15,1,32400,12,0.00037037037037037035,10.833333969116211,0.16666666666666666,0.25
342,1,15,2,32400,12,0.00037037037037037035,6.083333492279053,0.0,0.08333333333333333
342,1,16,0,32400,27,0.0008333333333333334,13.851853370666504,0.2,0.07407407407407407
342,1,16,1,32400,6,0.00018518518518518518,3.8333334922790527,0.16666666666666666,0.0
342,1,16,2,32400,19,0.0005864197530864197,13.210524559020996,0.08333333333333333,0.05263157894736842
342,1,17,0,32400,28,0.0008641975308641976,31.392864227294922,0.1111111111111111,0.14285714285714285
342,1,17,1,32400,8,0.0002469135802469136,3.75,0.16666666666666666,0.0
342,1,17,2,32400,11,0.00033950617283950616,7.181817531585693,0.10526315789473684,0.18181818181818182
342,1,18,0,32400,31,0.0009567901234567902,14.516128540039062,0.10714285714285714,0.03225806451612903
342,1,18,1,32400,9,0.0002777777777777778,8.55555534362793,0.125,0.0
342,1,18,2,32400,9,0.0002777777777777778,4.111111164093018,0.0,0.0
342,1,19,0,32400,26,0.0008024691358024691,24.461536407470703,0.0967741935483871,0.11538461538461539
342,1,19,1,32400,11,0.00033950617283950616,5.818181991577148,0.0,0.09090909090909091
342,1,19,2,32400,21,0.0006481481481481481,6.38095235824585,0.2222222222222222,0.047619047619047616
342,1,20,0,32400,31,0.0009567901234567902,20.741933822631836,0.07692307692307693,0.06451612903225806
342,1,20,1,32400,10,0.00030864197530864197,16.599998474121094,0.0,0.1
342,1,20,2,32400,15,0.000462962962962963,3.7333335876464844,0.0,0.06666666666666667
342,1,21,0,32400,34,0.0010493827160493827,12.823528289794922,0.06451612903225806,0.0
342,1,21,1,32400,12,0.00037037037037037035,11.5,0.0,0.0
342,1,21,2,32400,14,0.0004320987654320988,7.642857551574707,0.13333333333333333,0.07142857142857142
342,1,22,0,32400,38,0.0011728395061728395,15.605263710021973,0.29411764705882354,0.13157894736842105
342,1,22,1,32400,11,0.00033950617283950616,5.818181991577148,0.08333333333333333,0.09090909090909091
342,1,22,2,32400,25,0.0007716049382716049,8.239999771118164,0.14285714285714285,0.08
342,1,23,0,32400,37,0.0011419753086419754,9.54054069519043,0.10526315789473684,0.02702702702702703
342,1,23,1,32400,11,0.00033950617283950616,6.909090995788574,0.0,0.0
342,1,23,2,32400,17,0.0005246913580246914,9.764705657958984,0.04,0.0
342,1,24,0,32400,29,0.0008950617283950618,7.448276042938232,0.10810810810810811,0.06896551724137931
342,1,24,1,32400,13,0.00040123456790123454,6.307692527770996,0.0,0.0
342,1,24,2,32400,17,0.0005246913580246914,6.647058963775635,0.23529411764705882,0.11764705882352941
342,1,25,0,32400,28,0.0008641975308641976,25.250001907348633,0.06896551724137931,0.17857142857142858
342,1,25,1,32400,8,0.0002469135802469136,8.125,0.0,0.0
342,1,25,2,32400,14,0.0004320987654320988,8.0,0.11764705882352941,0.07142857142857142
342,1,26,0,32400,44,0.0013580246913580246,10.454545974731445,0.17857142857142858,0.18181818181818182
342,1,26,1,32400,5,0.00015432098765432098,2.200000047683716,0.125,0.0
342,1,26,2,32400,19,0.0005864197530864197,3.526315927505493,0.14285714285714285,0.15789473684210525
342,1,27,0,32400,34,0.0010493827160493827,11.147058486938477,0.11363636363636363,0.08823529411764706
342,1,27,1,32400,9,0.0002777777777777778,6.111111164093018,0.0,0.0
342,1,27,2,32400,15,0.000462962962962963,4.200000286102295,0.05263157894736842,0.13333333333333333
342,1,28,0,32400,36,0.0011111111111111111,10.416666984558105,0.11764705882352941,0.08333333333333333
342,1,28,1,32400,6,0.00018518518518518518,7.5,0.0,0.16666666666666666
342,1,28,2,32400,20,0.0006172839506172839,19.0,0.26666666666666666,0.1
342,1,29,0,32400,26,0.0008024691358024691,17.07692527770996,0.08333333333333333,0.15384615384615385
342,1,29,1,32400,8,0.0002469135802469136,11.749999046325684,0.16666666666666666,0.0
342,1,29,2,32400,16,0.0004938271604938272,19.312501907348633,0.05,0.1875
342,1,30,0,32400,43,0.0013271604938271606,12.023255348205566,0.038461538461538464,0.16279069767441862
342,1,30,1,32400,6,0.00018518518518518518,37.33333969116211,0.25,0.0
342,1,30,2,32400,14,0.0004320987654320988,31.571430206298828,0.0,0.14285714285714285
342,1,31,0,32400,28,0.0008641975308641976,83.64285278320312,0.06976744186046512,0.03571428571428571
342,1,31,1,32400,9,0.0002777777777777778,3.444444417953491,0.16666666666666666,0.0
342,1,31,2,32400,12,0.00037037037037037035,14.083334922790527,0.0,0.08333333333333333
342,1,32,0,32400,37,0.0011419753086419754,10.972972869873047,0.10714285714285714,0.21621621621621623
342,1,32,1,32400,3,9.259259259259259e-05,2.0,0.0,0.0
342,1,32,2,32400,23,0.0007098765432098765,15.30434799194336,0.16666666666666666,0.043478260869565216
342,1,33,0,32400,37,0.0011419753086419754,26.16216278076172,0.13513513513513514,0.13513513513513514
342,1,33,1,32400,13,0.00040123456790123454,15.2307710647583,0.3333333333333333,0.07692307692307693
342,1,33,2,32400,10,0.00030864197530864197,18.90000343322754,0.043478260869565216,0.0
342,1,34,0,32400,44,0.0013580246913580246,9.545454978942871,0.21621621621621623,0.045454545454545456
342,1,34,1,32400,11,0.00033950617283950616,8.36363697052002,0.0,0.09090909090909091
342,1,34,2,32400,16,0.0004938271604938272,2.9375,0.0,0.0625
342,1,35,0,32400,31,0.0009567901234567902,11.258064270019531,0.022727272727272728,0.16129032258064516
342,1,35,1,32400,7,0.0002160493827160494,6.000000476837158,0.09090909090909091,0.0
342,1,35,2,32400,16,0.0004938271604938272,12.812498092651367,0.0625,0.0
342,2,1,0,32400,24,0.0007407407407407407,13.291666984558105,-1.0,0.16666666666666666
342,2,1,1,32400,6,0.00018518518518518518,2.3333334922790527,-1.0,0.0
342,2,1,2,32400,12,0.00037037037037037035,8.666666984558105,-1.0,0.0
342,2,2,0,32400,28,0.0008641975308641976,12.714285850524902,0.08333333333333333,0.14285714285714285
342,2,2,1,32400,12,0.00037037037037037035,30.916669845581055,0.3333333333333333,0.25
342,2,2,2,32400,14,0.0004320987654320988,4.142857551574707,0.08333333333333333,0.07142857142857142
342,2,3,0,32400,23,0.0007098765432098765,7.304347515106201,0.07142857142857142,0.043478260869565216
342,2,3,1,32400,13,0.00040123456790123454,12.153846740722656,0.16666666666666666,0.15384615384615385
342,2,3,2,32400,17,0.0005246913580246914,8.529412269592285,0.14285714285714285,0.11764705882352941
342,2,4,0,32400,30,0.000925925925925926,30.80000114440918,0.043478260869565216,0.16666666666666666
342,2,4,1,32400,4,0.0001234567901234568,7.5,0.07692307692307693,0.0
342,2,4,2,32400,12,0.00037037037037037035,5.1666669845581055,0.11764705882352941,0.0
342,2,5,0,32400,21,0.0006481481481481481,11.571429252624512,0.1,0.14285714285714285
342,2,5,1,32400,12,0.00037037037037037035,36.083335876464844,0.25,0.08333333333333333
342,2,5,2,32400,18,0.0005555555555555556,3.722222328186035,0.16666666666666666,0.1111111111111111
342,2,6,0,32400,24,0.0007407407407407407,11.166666984558105,0.23809523809523808,0.08333333333333333
342,2,6,1,32400,13,0.00040123456790123454,37.461544036865234,0.25,0.15384615384615385
342,2,6,2,32400,16,0.0004938271604938272,15.187498092651367,0.05555555555555555,0.0625
342,2,7,0,32400,27,0.0008333333333333334,11.55555534362793,0.041666666666666664,0.1111111111111111
342,2,7,1,32400,14,0.0004320987654320988,14.285715103149414,0.07692307692307693,0.07142857142857142
342,2,7,2,32400,18,0.0005555555555555556,5.777777671813965,0.0625,0.1111111111111111
342,2,8,0,32400,23,0.0007098765432098765,28.434785842895508,0.037037037037037035,0.0
342,2,8,1,32400,12,0.00037037037037037035,7.75,0.0,0.0
342,2,8,2,32400,13,0.00040123456790123454,5.076923370361328,0.05555555555555555,0.0
342,2,9,0,32400,15,0.000462962962962963,13.400001525878906,0.13043478260869565,0.0
342,2,9,1,32400,15,0.000462962962962963,14.133334159851074,0.0,0.13333333333333333
342,2,9,2,32400,13,0.00040123456790123454,2.846153974533081,0.07692307692307693,0.07692307692307693
342,2,10,0,32400,28,0.0008641975308641976,27.82143211364746,0.13333333333333333,0.07142857142857142
342,2,10,1,32400,16,0.0004938271604938272,15.4375,0.06666666666666667,0.0
342,2,10,2,32400,18,0.0005555555555555556,7.5,0.07692307692307693,0.1111111111111111
342,2,11,0,32400,32,0.0009876543209876543,22.500001907348633,0.03571428571428571,0.125
342,2,11,1,32400,8,0.0002469135802469136,9.5,0.0625,0.0
342,2,11,2,32400,14,0.0004320987654320988,4.214285850524902,0.05555555555555555,0.0
342,2,12,0,32400,25,0.0007716049382716049,6.519999980926514,0.125,0.0
342,2,12,1,32400,14,0.0004320987654320988,6.5714287757873535,0.375,0.2857142857142857
342,2,12,2,32400,19,0.0005864197530864197,3.0,0.07142857142857142,0.21052631578947367
342,2,13,0,32400,19,0.0005864197530864197,19.36842155456543,0.12,0.05263157894736842
342,2,13,1,32400,10,0.00030864197530864197,10.40000057220459,0.07142857142857142,0.2
342,2,13,2,32400,19,0.0005864197530864197,3.9473683834075928,0.05263157894736842,0.15789473684210525
342,2,14,0,32400,25,0.0007716049382716049,16.31999969482422,0.21052631578947367,0.16
342,2,14,1,32400,7,0.0002160493827160494,21.142858505249023,0.2,0.0
342,2,14,2,32400,13,0.00040123456790123454,5.0,0.10526315789473684,0.07692307692307693
342,2,15,0,32400,26,0.0008024691358024691,10.5,0.16,0.15384615384615385
342,2,15,1,32400,10,0.00030864197530864197,12.90000057220459,0.0,0.1
342,2,15,2,32400,13,0.00040123456790123454,6.076923370361328,0.0,0.07692307692307693
342,2,16,0,32400,18,0.0005555555555555556,10.111111640930176,0.07692307692307693,0.1111111111111111
342,2,16,1,32400,14,0.0004320987654320988,26.85714340209961,0.0,0.07142857142857142
342,2,16,2,32400,19,0.0005864197530864197,9.894737243652344,0.0,0.0
342,2,17,0,32400,29,0.0008950617283950618,15.551724433898926,0.16666666666666666,0.06896551724137931
342,2,17,1,32400,13,0.00040123456790123454,7.84615421295166,0.07142857142857142,0.07692307692307693
342,2,17,2,32400,11,0.00033950617283950616,10.272727966308594,0.0,0.18181818181818182
342,2,18,0,32400,30,0.000925925925925926,32.733333587646484,0.10344827586206896,0.1
342,2,18,1,32400,6,0.00018518518518518518,7.333333492279053,0.0,0.16666666666666666
342,2,18,2,32400,14,0.0004320987654320988,7.857143402099609,0.09090909090909091,0.0
342,2,19,0,32400,37,0.0011419753086419754,22.054054260253906,0.2,0.13513513513513514
342,2,19,1,32400,8,0.0002469135802469136,9.5,0.16666666666666666,0.25
342,2,19,2,32400,22,0.0006790123456790123,4.863636493682861,0.14285714285714285,0.09090909090909091
342,2,20,0,32400,27,0.0008333333333333334,20.222219467163086,0.10810810810810811,0.1111111111111111
342,2,20,1,32400,11,0.00033950617283950616,12.818181991577148,0.125,0.18181818181818182
342,2,20,2,32400,20,0.0006172839506172839,6.700000286102295,0.045454545454545456,0.25
342,2,21,0,32400,24,0.0007407407407407407,6.2916669845581055,0.0,0.0
342,2,21,1,32400,15,0.000462962962962963,13.866667747497559,0.09090909090909091,0.06666666666666667
342,2,21,2,32400,22,0.0006790123456790123,3.909090995788574,0.1,0.045454545454545456
342,2,22,0,32400,43,0.0013271604938271606,9.581395149230957,0.08333333333333333,0.2558139534883721
342,2,22,1,32400,10,0.00030864197530864197,38.20000457763672,0.0,0.0
342,2,22,2,32400,18,0.0005555555555555556,6.5,0.0,0.16666666666666666
342,2,23,0,32400,25,0.0007716049382716049,12.319999694824219,0.06976744186046512,0.08
342,2,23,1,32400,14,0.0004320987654320988,5.214285850524902,0.2,0.0
342,2,23,2,32400,13,0.00040123456790123454,16.538461685180664,0.16666666666666666,0.23076923076923078
342,2,24,0,32400,26,0.0008024691358024691,7.115385055541992,0.04,0.11538461538461539
342,2,24,1,32400,4,0.0001234567901234568,23.25,0.0,0.0
342,2,24,2,32400,13,0.00040123456790123454,8.923077583312988,0.15384615384615385,0.0
342,2,25,0,32400,26,0.0008024691358024691,8.0,0.15384615384615385,0.07692307692307693
342,2,25,1,32400,5,0.00015432098765432098,11.80000114440918,0.0,0.0
342,2,25,2,32400,19,0.0005864197530864197,7.157894611358643,0.07692307692307693,0.21052631578947367
342,2,26,0,32400,37,0.0011419753086419754,7.891891956329346,0.11538461538461539,0.21621621621621623
342,2,26,1,32400,8,0.0002469135802469136,8.375,0.2,0.0
342,2,26,2,32400,14,0.0004320987654320988,4.5,0.10526315789473684,0.14285714285714285
342,2,27,0,32400,33,0.0010185185185185184,10.818181991577148,0.08108108108108109,0.24242424242424243
342,2,27,1,32400,8,0.0002469135802469136,19.624998092651367,0.0,0.0
342,2,27,2,32400,14,0.0004320987654320988,7.357143402099609,0.07142857142857142,0.0
342,2,28,0,32400,39,0.0012037037037037038,21.333335876464844,0.15151515151515152,0.1282051282051282
342,2,28,1,32400,10,0.00030864197530864197,11.0,0.0,0.0
342,2,28,2,32400,18,0.0005555555555555556,19.611112594604492,0.0,0.1111111111111111
342,2,29,0,32400,22,0.0006790123456790123,8.681818962097168,0.07692307692307693,0.09090909090909091
342,2,29,1,32400,6,0.00018518518518518518,42.0,0.0,0.16666666666666666
342,2,29,2,32400,14,0.0004320987654320988,16.71428680419922,0.05555555555555555,0.07142857142857142
342,2,30,0,32400,45,0.001388888888888889,9.600000381469727,0.09090909090909091,0.13333333333333333
342,2,30,1,32400,5,0.00015432098765432098,36.000003814697266,0.16666666666666666,0.0
342,2,30,2,32400,17,0.0005246913580246914,27.117643356323242,0.14285714285714285,0.0
342,2,31,0,32400,25,0.0007716049382716049,13.079997062683105,0.08888888888888889,0.08
342,2,31,1,32400,6,0.00018518518518518518,5.0,0.0,0.0
342,2,31,2,32400,6,0.00018518518518518518,8.333333969116211,0.0,0.16666666666666666
342,2,32,0,32400,31,0.0009567901234567902,11.0,0.16,0.0967741935483871
342,2,32,1,32400,7,0.0002160493827160494,7.000000476837158,0.0,0.0
342,2,32,2,32400,15,0.000462962962962963,27.80000114440918,0.0,0.06666666666666667
342,2,33,0,32400,35,0.0010802469135802468,13.342857360839844,0.16129032258064516,0.14285714285714285
342,2,33,1,32400,12,0.00037037037037037035,6.0,0.14285714285714285,0.08333333333333333
342,2,33,2,32400,15,0.000462962962962963,6.133333683013916,0.06666666666666667,0.06666666666666667
342,2,34,0,32400,35,0.0010802469135802468,7.342857360839844,0.05714285714285714,0.0
342,2,34,1,32400,10,0.00030864197530864197,25.100000381469727,0.0,0.1
342,2,34,2,32400,17,0.0005246913580246914,7.588235378265381,0.0,0.11764705882352941
342,2,35,0,32400,31,0.0009567901234567902,31.61290168762207,0.11428571428571428,0.06451612903225806
342,2,35,1,32400,6,0.00018518518518518518,6.1666669845581055,0.0,0.0
342,2,35,2,32400,6,0.00018518518518518518,4.5,0.0,0.0
342,3,1,0,32400,22,0.0006790123456790123,17.22727394104004,-1.0,0.09090909090909091
342,3,1,1,32400,5,0.00015432098765432098,14.600000381469727,-1.0,0.0
342,3,1,2,32400,14,0.0004320987654320988,4.642857551574707,-1.0,0.0
342,3,2,0,32400,22,0.0006790123456790123,11.181818962097168,0.09090909090909091,0.18181818181818182
342,3,2,1,32400,10,0.00030864197530864197,14.699999809265137,0.4,0.1
342,3,2,2,32400,11,0.00033950617283950616,6.18181848526001,0.0,0.0
342,3,3,0,32400,21,0.0006481481481481481,8.285715103149414,0.045454545454545456,0.047619047619047616
342,3,3,1,32400,7,0.0002160493827160494,18.57143211364746,0.1,0.0
342,3,3,2,32400,11,0.00033950617283950616,7.818181991577148,0.0,0.18181818181818182
342,3,4,0,32400,20,0.0006172839506172839,42.95000076293945,0.047619047619047616,0.1
342,3,4,1,32400,5,0.00015432098765432098,5.800000190734863,0.0,0.0
342,3,4,2,32400,15,0.000462962962962963,5.200000286102295,0.18181818181818182,0.06666666666666667
342,3,5,0,32400,25,0.0007716049382716049,7.87999963760376,0.2,0.0
342,3,5,1,32400,11,0.00033950617283950616,8.818181991577148,0.2,0.09090909090909091
342,3,5,2,32400,12,0.00037037037037037035,57.83332824707031,0.06666666666666667,0.0
342,3,6,0,32400,26,0.0008024691358024691,10.307692527770996,0.08,0.15384615384615385
342,3,6,1,32400,11,0.00033950617283950616,6.727272987365723,0.18181818181818182,0.09090909090909091
342,3,6,2,32400,17,0.0005246913580246914,7.705881595611572,0.08333333333333333,0.0
342,3,7,0,32400,24,0.0007407407407407407,11.875,0.19230769230769232,0.125
342,3,7,1,32400,10,0.00030864197530864197,19.399999618530273,0.0,0.0
342,3,7,2,32400,19,0.0005864197530864197,6.736842155456543,0.058823529411764705,0.10526315789473684
342,3,8,0,32400,23,0.0007098765432098765,22.82608985900879,0.08333333333333333,0.08695652173913043
342,3,8,1,32400,9,0.0002777777777777778,9.88888931274414,0.0,0.1111111111111111
342,3,8,2,32400,16,0.0004938271604938272,5.0625,0.15789473684210525,0.0625
342,3,9,0,32400,29,0.0008950617283950618,8.137930870056152,0.17391304347826086,0.034482758620689655
342,3,9,1,32400,12,0.00037037037037037035,6.0,0.0,0.16666666666666666
342,3,9,2,32400,12,0.00037037037037037035,2.75,0.125,0.0
342,3,10,0,32400,33,0.0010185185185185184,7.969696998596191,0.034482758620689655,0.09090909090909091
342,3,10,1,32400,11,0.00033950617283950616,9.0,0.0,0.0
342,3,10,2,32400,15,0.000462962962962963,6.866666793823242,0.0,0.06666666666666667
342,3,11,0,32400,35,0.0010802469135802468,9.45714282989502,0.12121212121212122,0.2
342,3,11,1,32400,15,0.000462962962962963,7.600000381469727,0.0,0.13333333333333333
342,3,11,2,32400,16,0.0004938271604938272,1.9375,0.0,0.125
342,3,12,0,32400,26,0.0008024691358024691,19.03846549987793,0.05714285714285714,0.07692307692307693
342,3,12,1,32400,9,0.0002777777777777778,7.44444465637207,0.06666666666666667,0.2222222222222222
342,3,12,2,32400,15,0.000462962962962963,6.333333492279053,0.0625,0.13333333333333333
342,3,13,0,32400,22,0.0006790123456790123,20.90909194946289,0.11538461538461539,0.09090909090909091
342,3,13,1,32400,7,0.0002160493827160494,24.142858505249023,0.0,0.2857142857142857
342,3,13,2,32400,16,0.0004938271604938272,2.5625,0.26666666666666666,0.0625
342,3,14,0,32400,32,0.0009876543209876543,11.75,0.18181818181818182,0.09375
342,3,14,1,32400,7,0.0002160493827160494,18.285715103149414,0.0,0.14285714285714285
342,3,14,2,32400,8,0.0002469135802469136,3.5,0.0625,0.0
342,3,15,0,32400,28,0.0008641975308641976,7.357143402099609,0.125,0.0
342,3,15,1,32400,10,0.00030864197530864197,14.100000381469727,0.14285714285714285,0.0
342,3,15,2,32400,11,0.00033950617283950616,4.818181991577148,0.125,0.0
342,3,16,0,32400,25,0.0007716049382716049,7.359999656677246,0.07142857142857142,0.08
342,3,16,1,32400,7,0.0002160493827160494,11.571429252624512,0.2,0.14285714285714285
342,3,16,2,32400,15,0.000462962962962963,4.400000095367432,0.0,0.13333333333333333
342,3,17,0,32400,35,0.0010802469135802468,10.742856979370117,0.12,0.2
342,3,17,1,32400,10,0.00030864197530864197,4.599999904632568,0.14285714285714285,0.0
342,3,17,2,32400,13,0.00040123456790123454,15.076923370361328,0.0,0.23076923076923078
342,3,18,0,32400,20,0.0006172839506172839,44.29999923706055,0.05714285714285714,0.05
342,3,18,1,32400,14,0.0004320987654320988,12.571429252624512,0.0,0.14285714285714285
342,3,18,2,32400,17,0.0005246913580246914,11.470588684082031,0.3076923076923077,0.17647058823529413
342,3,19,0,32400,34,0.0010493827160493827,9.0,0.1,0.20588235294117646
342,3,19,1,32400,11,0.00033950617283950616,5.363636493682861,0.0,0.09090909090909091
342,3,19,2,32400,14,0.0004320987654320988,3.357142925262451,0.058823529411764705,0.07142857142857142
342,3,20,0,32400,29,0.0008950617283950618,28.758621215820312,0.029411764705882353,0.10344827586206896
342,3,20,1,32400,11,0.00033950617283950616,7.0,0.0,0.0
342,3,20,2,32400,15,0.000462962962962963,9.466667175292969,0.07142857142857142,0.0
342,3,21,0,32400,32,0.0009876543209876543,4.75,0.1724137931034483,0.0625
342,3,21,1,32400,10,0.00030864197530864197,6.900000095367432,0.09090909090909091,0.1
342,3,21,2,32400,18,0.0005555555555555556,6.5,0.0,0.0
342,3,22,0,32400,35,0.0010802469135802468,10.371428489685059,0.0625,0.14285714285714285
342,3,22,1,32400,20,0.0006172839506172839,9.300000190734863,0.2,0.2
342,3,22,2,32400,17,0.0005246913580246914,5.176470756530762,0.16666666666666666,0.11764705882352941
342,3,23,0,32400,29,0.0008950617283950618,6.931034564971924,0.0,0.034482758620689655
342,3,23,1,32400,14,0.0004320987654320988,4.5,0.05,0.14285714285714285
342,3,23,2,32400,17,0.0005246913580246914,6.235293865203857,0.11764705882352941,0.17647058823529413
342,3,24,0,32400,37,0.0011419753086419754,6.756756782531738,0.06896551724137931,0.08108108108108109
342,3,24,1,32400,14,0.0004320987654320988,7.928571701049805,0.21428571428571427,0.14285714285714285
342,3,24,2,32400,12,0.00037037037037037035,6.833333492279053,0.058823529411764705,0.08333333333333333
342,3,25,0,32400,31,0.0009567901234567902,8.161290168762207,0.08108108108108109,0.06451612903225806
342,3,25,1,32400,4,0.0001234567901234568,6.5,0.07142857142857142,0.0
342,3,25,2,32400,13,0.00040123456790123454,4.769230842590332,0.08333333333333333,0.07692307692307693
342,3,26,0,32400,37,0.0011419753086419754,8.243243217468262,0.0967741935483871,0.1891891891891892
342,3,26,1,32400,9,0.0002777777777777778,12.44444465637207,0.25,0.0
342,3,26,2,32400,14,0.0004320987654320988,4.214285850524902,0.07692307692307693,0.07142857142857142
342,3,27,0,32400,30,0.000925925925925926,13.80000114440918,0.13513513513513514,0.23333333333333334
342,3,27,1,32400,8,0.0002469135802469136,10.5,0.2222222222222222,0.0
342,3,27,2,32400,16,0.0004938271604938272,8.9375,0.07142857142857142,0.1875
342,3,28,0,32400,38,0.0011728395061728395,14.86842155456543,0.16666666666666666,0.18421052631578946
342,3,28,1,32400,5,0.00015432098765432098,12.000000953674316,0.0,0.0
342,3,28,2,32400,12,0.00037037037037037035,87.00001525878906,0.0,0.0
342,3,29,0,32400,24,0.0007407407407407407,13.291667938232422,0.05263157894736842,0.125
342,3,29,1,32400,9,0.0002777777777777778,39.88888931274414,0.0,0.0
342,3,29,2,32400,14,0.0004320987654320988,35.28571701049805,0.08333333333333333,0.35714285714285715
342,3,30,0,32400,29,0.0008950617283950618,7.8275861740112305,0.08333333333333333,0.06896551724137931
342,3,30,1,32400,6,0.00018518518518518518,31.000003814697266,0.1111111111111111,0.0
342,3,30,2,32400,18,0.0005555555555555556,17.05555534362793,0.0,0.05555555555555555
342,3,31,0,32400,27,0.0008333333333333334,32.51852035522461,0.06896551724137931,0.18518518518518517
342,3,31,1,32400,7,0.0002160493827160494,10.571429252624512,0.0,0.0
342,3,31,2,32400,12,0.00037037037037037035,8.75,0.05555555555555555,0.0
342,3,32,0,32400,20,0.0006172839506172839,12.700000762939453,0.037037037037037035,0.1
342,3,32,1,32400,9,0.0002777777777777778,9.0,0.14285714285714285,0.0
342,3,32,2,32400,15,0.000462962962962963,4.533333778381348,0.08333333333333333,0.06666666666666667
342,3,33,0,32400,29,0.0008950617283950618,30.206893920898438,0.15,0.06896551724137931
342,3,33,1,32400,10,0.00030864197530864197,14.699999809265137,0.1111111111111111,0.0
342,3,33,2,32400,17,0.0005246913580246914,15.823529243469238,0.06666666666666667,0.11764705882352941
342,3,34,0,32400,42,0.0012962962962962963,7.238095283508301,0.10344827586206896,0.14285714285714285
342,3,34,1,32400,12,0.00037037037037037035,17.166667938232422,0.0,0.16666666666666666
342,3,34,2,32400,17,0.0005246913580246914,7.352941513061523,0.11764705882352941,0.0
342,3,35,0,32400,35,0.0010802469135802468,30.285715103149414,0.047619047619047616,0.14285714285714285
342,3,35,1,32400,10,0.00030864197530864197,11.19999885559082,0.08333333333333333,0.1
342,3,35,2,32400,12,0.00037037037037037035,6.9166669845581055,0.11764705882352941,0.08333333333333333
343,0,1,0,32400,21,0.0006481481481481481,22.42857551574707,-1.0,0.19047619047619047
343,0,1,1,32400,12,0.00037037037037037035,27.333335876464844,-1.0,0.08333333333333333
343,0,1,2,32400,9,0.0002777777777777778,6.888888835906982,-1.0,0.0
343,0,2,0,32400,21,0.0006481481481481481,12.714285850524902,0.09523809523809523,0.14285714285714285
343,0,2,1,32400,10,0.00030864197530864197,31.900007247924805,0.0,0.0
343,0,2,2,32400,10,0.00030864197530864197,6.099999904632568,0.0,0.0
343,0,3,0,32400,25,0.0007716049382716049,7.559999942779541,0.047619047619047616,0.12
343,0,3,1,32400,14,0.0004320987654320988,74.85714721679688,0.2,0.14285714285714285
343,0,3,2,32400,12,0.00037037037037037035,7.333333492279053,0.1,0.0
343,0,4,0,32400,19,0.0005864197530864197,7.736842155456543,0.0,0.0
343,0,4,1,32400,12,0.00037037037037037035,5.9166669845581055,0.14285714285714285,0.0
343,0,4,2,32400,18,0.0005555555555555556,41.33333206176758,0.16666666666666666,0.05555555555555555
343,0,5,0,32400,29,0.0008950617283950618,9.103447914123535,0.10526315789473684,0.13793103448275862
343,0,5,1,32400,14,0.0004320987654320988,39.00000762939453,0.16666666666666666,0.2857142857142857
343,0,5,2,32400,13,0.00040123456790123454,7.384615898132324,0.05555555555555555,0.0
343,0,6,0,32400,29,0.0008950617283950618,17.13793182373047,0.10344827586206896,0.06896551724137931
343,0,6,1,32400,12,0.00037037037037037035,9.5,0.0,0.08333333333333333
343,0,6,2,32400,12,0.00037037037037037035,7.833333492279053,0.07692307692307693,0.0
343,0,7,0,32400,28,0.0008641975308641976,27.92857551574707,0.10344827586206896,0.03571428571428571
343,0,7,1,32400,14,0.0004320987654320988,9.928571701049805,0.08333333333333333,0.07142857142857142
343,0,7,2,32400,14,0.0004320987654320988,3.4285717010498047,0.0,0.14285714285714285
343,0,8,0,32400,23,0.0007098765432098765,13.1304349899292,0.03571428571428571,0.043478260869565216
343,0,8,1,32400,12,0.00037037037037037035,10.833333969116211,0.0,0.08333333333333333
343,0,8,2,32400,17,0.0005246913580246914,3.2941176891326904,0.07142857142857142,0.058823529411764705
343,0,9,0,32400,36,0.0011111111111111111,19.805557250976562,0.17391304347826086,0.2222222222222222
343,0,9,1,32400,10,0.00030864197530864197,8.0,0.0,0.0
343,0,9,2,32400,20,0.0006172839506172839,5.450000286102295,0.058823529411764705,0.2
343,0,10,0,32400,26,0.0008024691358024691,13.307692527770996,0.05555555555555555,0.07692307692307693
343,0,10,1,32400,15,0.000462962962962963,22.800003051757812,0.1,0.06666666666666667
343,0,10,2,32400,10,0.00030864197530864197,8.100000381469727,0.0,0.1
343,0,11,0,32400,33,0.0010185185185185184,14.242424011230469,0.15384615384615385,0.18181818181818182
343,0,11,1,32400,11,0.00033950617283950616,8.181818008422852,0.0,0.09090909090909091
343,0,11,2,32400,17,0.0005246913580246914,3.529411792755127,0.1,0.058823529411764705
343,0,12,0,32400,27,0.0008333333333333334,11.074073791503906,0.030303030303030304,0.07407407407407407
343,0,12,1,32400,8,0.0002469135802469136,5.875,0.09090909090909091,0.0
343,0,12,2,32400,13,0.00040123456790123454,4.076923370361328,0.0,0.07692307692307693
343,0,13,0,32400,34,0.0010493827160493827,6.794117450714111,0.14814814814814814,0.11764705882352941
343,0,13,1,32400,8,0.0002469135802469136,10.625,0.125,0.25
343,0,13,2,32400,11,0.00033950617283950616,5.545454502105713,0.0,0.09090909090909091
343,0,14,0,32400,32,0.0009876543209876543,8.8125,0.08823529411764706,0.15625
343,0,14,1,32400,12,0.00037037037037037035,8.0,0.125,0.08333333333333333
343,0,14,2,32400,10,0.00030864197530864197,3.799999952316284,0.09090909090909091,0.1
343,0,15,0,32400,28,0.0008641975308641976,9.071429252624512,0.15625,0.10714285714285714
343,0,15,1,32400,9,0.0002777777777777778,11.88888931274414,0.16666666666666666,0.1111111111111111
343,0,15,2,32400,17,0.0005246913580246914,9.588234901428223,0.0,0.0
343,0,16,0,32400,24,0.0007407407407407407,7.25,0.07142857142857142,0.25
343,0,16,1,32400,13,0.00040123456790123454,9.230769157409668,0.0,0.07692307692307693
343,0,16,2,32400,9,0.0002777777777777778,10.333333015441895,0.0,0.2222222222222222
343,0,17,0,32400,24,0.0007407407407407407,46.04166793823242,0.041666666666666664,0.041666666666666664
343,0,17,1,32400,12,0.00037037037037037035,9.083333969116211,0.07692307692307693,0.0
343,0,17,2,32400,8,0.0002469135802469136,9.25,0.0,0.125
343,0,18,0,32400,27,0.0008333333333333334,7.148148059844971,0.041666666666666664,0.14814814814814814
343,0,18,1,32400,9,0.0002777777777777778,5.333333492279053,0.0,0.0
343,0,18,2,32400,21,0.0006481481481481481,3.904762029647827,0.0,0.23809523809523808
343,0,19,0,32400,32,0.0009876543209876543,16.5,0.07407407407407407,0.09375
343,0,19,1,32400,8,0.0002469135802469136,22.375,0.1111111111111111,0.125
343,0,19,2,32400,15,0.000462962962962963,10.800000190734863,0.09523809523809523,0.0
343,0,20,0,32400,34,0.0010493827160493827,14.235292434692383,0.09375,0.058823529411764705
343,0,20,1,32400,14,0.0004320987654320988,12.500000953674316,0.125,0.07142857142857142
343,0,20,2,32400,17,0.0005246913580246914,9.764705657958984,0.2,0.058823529411764705
343,0,21,0,32400,33,0.0010185185185185184,7.151515483856201,0.058823529411764705,0.06060606060606061
343,0,21,1,32400,14,0.0004320987654320988,13.500000953674316,0.2857142857142857,0.07142857142857142
343,0,21,2,32400,21,0.0006481481481481481,7.761904716491699,0.17647058823529413,0.19047619047619047
343,0,22,0,32400,33,0.0010185185185185184,8.303030967712402,0.030303030303030304,0.18181818181818182
343,0,22,1,32400,12,0.00037037037037037035,6.500000953674316,0.0,0.0
343,0,22,2,32400,14,0.0004320987654320988,7.571428298950195,0.047619047619047616,0.07142857142857142
343,0,23,0,32400,30,0.000925925925925926,6.066667079925537,0.0,0.16666666666666666
343,0,23,1,32400,10,0.00030864197530864197,10.100000381469727,0.08333333333333333,0.1
343,0,23,2,32400,13,0.00040123456790123454,18.38461685180664,0.0,0.15384615384615385
343,0,24,0,32400,37,0.0011419753086419754,7.135135173797607,0.06666666666666667,0.08108108108108109
343,0,24,1,32400,7,0.0002160493827160494,7.428571701049805,0.1,0.14285714285714285
343,0,24,2,32400,15,0.000462962962962963,9.0,0.15384615384615385,0.06666666666666667
343,0,25,0,32400,31,0.0009567901234567902,7.935483455657959,0.08108108108108109,0.12903225806451613
343,0,25,1,32400,12,0.00037037037037037035,13.583333969116211,0.2857142857142857,0.08333333333333333
343,0,25,2,32400,19,0.0005864197530864197,6.0,0.13333333333333333,0.21052631578947367
343,0,26,0,32400,25,0.0007716049382716049,12.079999923706055,0.16129032258064516,0.04
343,0,26,1,32400,8,0.0002469135802469136,6.25,0.08333333333333333,0.0
343,0,26,2,32400,23,0.0007098765432098765,7.5652174949646,0.15789473684210525,0.21739130434782608
343,0,27,0,32400,36,0.0011111111111111111,11.25,0.08,0.16666666666666666
343,0,27,1,32400,7,0.0002160493827160494,15.571430206298828,0.125,0.14285714285714285
343,0,27,2,32400,20,0.0006172839506172839,62.00000762939453,0.08695652173913043,0.1
343,0,28,0,32400,31,0.0009567901234567902,7.870967388153076,0.1388888888888889,0.22580645161290322
343,0,28,1,32400,8,0.0002469135802469136,38.0,0.14285714285714285,0.0
343,0,28,2,32400,19,0.0005864197530864197,11.1578950881958,0.1,0.10526315789473684
343,0,29,0,32400,23,0.0007098765432098765,11.391304969787598,0.0967741935483871,0.08695652173913043
343,0,29,1,32400,5,0.00015432098765432098,18.40000343322754,0.0,0.0
343,0,29,2,32400,15,0.000462962962962963,13.40000057220459,0.10526315789473684,0.06666666666666667
343,0,30,0,32400,26,0.0008024691358024691,16.307689666748047,0.08695652173913043,0.15384615384615385
343,0,30,1,32400,5,0.00015432098765432098,4.200000286102295,0.2,0.0
343,0,30,2,32400,10,0.00030864197530864197,16.30000114440918,0.06666666666666667,0.0
343,0,31,0,32400,43,0.0013271604938271606,14.186046600341797,0.11538461538461539,0.20930232558139536
343,0,31,1,32400,9,0.0002777777777777778,13.111112594604492,0.0,0.0
343,0,31,2,32400,19,0.0005864197530864197,22.6842098236084,0.2,0.05263157894736842
343,0,32,0,32400,41,0.0012654320987654322,60.4878044128418,0.11627906976744186,0.3170731707317073
343,0,32,1,32400,8,0.0002469135802469136,2.875,0.1111111111111111,0.0
343,0,32,2,32400,21,0.0006481481481481481,15.142858505249023,0.10526315789473684,0.047619047619047616
343,0,33,0,32400,36,0.0011111111111111111,13.13888931274414,0.04878048780487805,0.027777777777777776
343,0,33,1,32400,6,0.00018518518518518518,11.333333969116211,0.0,0.16666666666666666
343,0,33,2,32400,17,0.0005246913580246914,4.941176414489746,0.09523809523809523,0.058823529411764705
343,0,34,0,32400,43,0.0013271604938271606,23.279067993164062,0.19444444444444445,0.09302325581395349
343,0,34,1,32400,4,0.0001234567901234568,12.499999046325684,0.16666666666666666,0.0
343,0,34,2,32400,7,0.0002160493827160494,6.142857551574707,0.0,0.14285714285714285
343,0,35,0,32400,27,0.0008333333333333334,9.962963104248047,0.09302325581395349,0.07407407407407407
343,0,35,1,32400,3,9.259259259259259e-05,4.0,0.0,0.0
343,0,35,2,32400,18,0.0005555555555555556,6.777778148651123,0.14285714285714285,0.05555555555555555
343,1,1,0,32400,28,0.0008641975308641976,18.107145309448242,-1.0,0.07142857142857142
343,1,1,1,32400,6,0.00018518518518518518,5.6666669845581055,-1.0,0.16666666666666666
343,1,1,2,32400,7,0.0002160493827160494,4.714285850524902,-1.0,0.0
343,1,2,0,32400,23,0.0007098765432098765,9.913043975830078,0.07142857142857142,0.08695652173913043
343,1,2,1,32400,10,0.00030864197530864197,4.400000095367432,0.0,0.0
343,1,2,2,32400,15,0.000462962962962963,2.6666667461395264,0.14285714285714285,0.13333333333333333
343,1,3,0,32400,19,0.0005864197530864197,6.315789222717285,0.08695652173913043,0.05263157894736842
343,1,3,1,32400,9,0.0002777777777777778,18.77777862548828,0.2,0.0
343,1,3,2,32400,15,0.000462962962962963,4.733333587646484,0.2,0.0
343,1,4,0,32400,23,0.0007098765432098765,7.5652174949646,0.0,0.17391304347826086
343,1,4,1,32400,5,0.00015432098765432098,257.8000183105469,0.0,0.2
343,1,4,2,32400,16,0.0004938271604938272,44.062496185302734,0.06666666666666667,0.125
343,1,5,0,32400,27,0.0008333333333333334,12.814814567565918,0.08695652173913043,0.14814814814814814
343,1,5,1,32400,10,0.00030864197530864197,9.100000381469727,0.0,0.0
343,1,5,2,32400,21,0.0006481481481481481,9.666666030883789,0.25,0.047619047619047616
343,1,6,0,32400,27,0.0008333333333333334,14.851852416992188,0.1111111111111111,0.07407407407407407
343,1,6,1,32400,12,0.00037037037037037035,17.83333396911621,0.1,0.08333333333333333
343,1,6,2,32400,19,0.0005864197530864197,6.526315689086914,0.19047619047619047,0.21052631578947367
343,1,7,0,32400,27,0.0008333333333333334,23.40740966796875,0.14814814814814814,0.07407407407407407
343,1,7,1,32400,11,0.00033950617283950616,6.363636493682861,0.08333333333333333,0.0
343,1,7,2,32400,11,0.00033950617283950616,2.2727272510528564,0.10526315789473684,0.0
343,1,8,0,32400,28,0.0008641975308641976,11.035715103149414,0.14814814814814814,0.10714285714285714
343,1,8,1,32400,10,0.00030864197530864197,7.099999904632568,0.09090909090909091,0.1
343,1,8,2,32400,14,0.0004320987654320988,4.214285850524902,0.09090909090909091,0.0
343,1,9,0,32400,27,0.0008333333333333334,19.407407760620117,0.03571428571428571,0.1111111111111111
343,1,9,1,32400,13,0.00040123456790123454,7.692307949066162,0.1,0.07692307692307693
343,1,9,2,32400,19,0.0005864197530864197,6.210526943206787,0.21428571428571427,0.10526315789473684
343,1,10,0,32400,31,0.0009567901234567902,17.38709831237793,0.1111111111111111,0.16129032258064516
343,1,10,1,32400,4,0.0001234567901234568,13.0,0.07692307692307693,0.0
343,1,10,2,32400,22,0.0006790123456790123,7.045454978942871,0.05263157894736842,0.09090909090909091
343,1,11,0,32400,37,0.0011419753086419754,19.405405044555664,0.1935483870967742,0.24324324324324326
343,1,11,1,32400,8,0.0002469135802469136,9.25,0.0,0.0
343,1,11,2,32400,19,0.0005864197530864197,4.473684310913086,0.045454545454545456,0.0
343,1,12,0,32400,27,0.0008333333333333334,49.111114501953125,0.16216216216216217,0.14814814814814814
343,1,12,1,32400,13,0.00040123456790123454,11.307692527770996,0.375,0.07692307692307693
343,1,12,2,32400,18,0.0005555555555555556,3.1666667461395264,0.05263157894736842,0.16666666666666666
343,1,13,0,32400,26,0.0008024691358024691,6.653846263885498,0.1111111111111111,0.15384615384615385
343,1,13,1,32400,6,0.00018518518518518518,6.0,0.07692307692307693,0.0
343,1,13,2,32400,9,0.0002777777777777778,5.888888835906982,0.0,0.0
343,1,14,0,32400,28,0.0008641975308641976,7.857143402099609,0.15384615384615385,0.10714285714285714
343,1,14,1,32400,11,0.00033950617283950616,55.54545211791992,0.16666666666666666,0.09090909090909091
343,1,14,2,32400,11,0.00033950617283950616,2.090909242630005,0.0,0.0
343,1,15,0,32400,30,0.000925925925925926,10.500001907348633,0.21428571428571427,0.06666666666666667
343,1,15,1,32400,12,0.00037037037037037035,9.083333969116211,0.09090909090909091,0.25
343,1,15,2,32400,14,0.0004320987654320988,10.35714340209961,0.09090909090909091,0.14285714285714285
343,1,16,0,32400,20,0.0006172839506172839,14.75,0.1,0.05
343,1,16,1,32400,10,0.00030864197530864197,10.0,0.08333333333333333,0.0
343,1,16,2,32400,12,0.00037037037037037035,7.8333330154418945,0.07142857142857142,0.08333333333333333
343,1,17,0,32400,29,0.0008950617283950618,38.20689392089844,0.1,0.034482758620689655
343,1,17,1,32400,11,0.00033950617283950616,7.363636493682861,0.1,0.18181818181818182
343,1,17,2,32400,22,0.0006790123456790123,8.409090995788574,0.25,0.18181818181818182
343,1,18,0,32400,32,0.0009876543209876543,10.9375,0.06896551724137931,0.125
343,1,18,1,32400,14,0.0004320987654320988,11.000000953674316,0.09090909090909091,0.14285714285714285
343,1,18,2,32400,13,0.00040123456790123454,5.769230842590332,0.045454545454545456,0.0
343,1,19,0,32400,23,0.0007098765432098765,21.826087951660156,0.125,0.13043478260869565
343,1,19,1,32400,6,0.00018518518518518518,4.333333492279053,0.07142857142857142,0.16666666666666666
343,1,19,2,32400,21,0.0006481481481481481,9.85714340209961,0.0,0.14285714285714285
343,1,20,0,32400,28,0.0008641975308641976,14.535715103149414,0.13043478260869565,0.03571428571428571
343,1,20,1,32400,17,0.0005246913580246914,10.588234901428223,0.0,0.11764705882352941
343,1,20,2,32400,18,0.0005555555555555556,4.055555820465088,0.047619047619047616,0.16666666666666666
343,1,21,0,32400,37,0.0011419753086419754,14.297297477722168,0.17857142857142858,0.02702702702702703
343,1,21,1,32400,17,0.0005246913580246914,6.705882549285889,0.058823529411764705,0.0
343,1,21,2,32400,13,0.00040123456790123454,5.153846263885498,0.1111111111111111,0.15384615384615385
343,1,22,0,32400,28,0.0008641975308641976,7.142857551574707,0.13513513513513514,0.10714285714285714
343,1,22,1,32400,13,0.00040123456790123454,4.384615421295166,0.0,0.07692307692307693
343,1,22,2,32400,12,0.00037037037037037035,3.25,0.23076923076923078,0.16666666666666666
343,1,23,0,32400,27,0.0008333333333333334,8.037036895751953,0.17857142857142858,0.07407407407407407
343,1,23,1,32400,6,0.00018518518518518518,19.333335876464844,0.0,0.0
343,1,23,2,32400,15,0.000462962962962963,4.0,0.08333333333333333,0.06666666666666667
343,1,24,0,32400,34,0.0010493827160493827,27.0,0.18518518518518517,0.14705882352941177
343,1,24,1,32400,5,0.00015432098765432098,14.0,0.0,0.0
343,1,24,2,32400,17,0.0005246913580246914,6.823529243469238,0.2,0.11764705882352941
343,1,25,0,32400,32,0.0009876543209876543,10.25,0.08823529411764706,0.125
343,1,25,1,32400,11,0.00033950617283950616,16.81818389892578,0.0,0.09090909090909091
343,1,25,2,32400,12,0.00037037037037037035,7.583333492279053,0.17647058823529413,0.0
343,1,26,0,32400,32,0.0009876543209876543,12.1875,0.0625,0.125
343,1,26,1,32400,6,0.00018518518518518518,8.5,0.09090909090909091,0.0
343,1,26,2,32400,18,0.0005555555555555556,3.3333332538604736,0.08333333333333333,0.16666666666666666
343,1,27,0,32400,29,0.0008950617283950618,10.793103218078613,0.125,0.06896551724137931
343,1,27,1,32400,5,0.00015432098765432098,4.200000286102295,0.0,0.0
343,1,27,2,32400,17,0.0005246913580246914,22.11764907836914,0.1111111111111111,0.17647058823529413
343,1,28,0,32400,30,0.000925925925925926,9.966667175292969,0.13793103448275862,0.13333333333333333
343,1,28,1,32400,9,0.0002777777777777778,37.0,0.0,0.0
343,1,28,2,32400,20,0.0006172839506172839,13.69999885559082,0.17647058823529413,0.1
343,1,29,0,32400,35,0.0010802469135802468,12.028571128845215,0.03333333333333333,0.08571428571428572
343,1,29,1,32400,6,0.00018518518518518518,13.833335876464844,0.2222222222222222,0.0
343,1,29,2,32400,21,0.0006481481481481481,14.476190567016602,0.05,0.19047619047619047
343,1,30,0,32400,31,0.0009567901234567902,16.548383712768555,0.08571428571428572,0.06451612903225806
343,1,30,1,32400,8,0.0002469135802469136,5.625,0.16666666666666666,0.125
343,1,30,2,32400,11,0.00033950617283950616,30.090911865234375,0.0,0.09090909090909091
343,1,31,0,32400,38,0.0011728395061728395,16.473684310913086,0.0967741935483871,0.13157894736842105
343,1,31,1,32400,14,0.0004320987654320988,5.642857551574707,0.25,0.14285714285714285
343,1,31,2,32400,14,0.0004320987654320988,8.642857551574707,0.0,0.14285714285714285
343,1,32,0,32400,36,0.0011111111111111111,45.750003814697266,0.10526315789473684,0.3055555555555556
343,1,32,1,32400,8,0.0002469135802469136,28.125,0.07142857142857142,0.25
343,1,32,2,32400,18,0.0005555555555555556,25.33333396911621,0.07142857142857142,0.16666666666666666
343,1,33,0,32400,41,0.0012654320987654322,5.7317070960998535,0.1111111111111111,0.04878048780487805
343,1,33,1,32400,6,0.00018518518518518518,10.666666030883789,0.0,0.0
343,1,33,2,32400,17,0.0005246913580246914,3.1764705181121826,0.05555555555555555,0.058823529411764705
343,1,34,0,32400,34,0.0010493827160493827,20.676471710205078,0.04878048780487805,0.058823529411764705
343,1,34,1,32400,7,0.0002160493827160494,16.85714340209961,0.0,0.0
343,1,34,2,32400,14,0.0004320987654320988,2.7142858505249023,0.0,0.0
343,1,35,0,32400,36,0.0011111111111111111,10.80555534362793,0.058823529411764705,0.16666666666666666
343,1,35,1,32400,9,0.0002777777777777778,15.666666984558105,0.14285714285714285,0.0
343,1,35,2,32400,14,0.0004320987654320988,8.571429252624512,0.14285714285714285,0.0
343,2,1,0,32400,27,0.0008333333333333334,17.777780532836914,-1.0,0.1111111111111111
343,2,1,1,32400,7,0.0002160493827160494,7.5714287757873535,-1.0,0.14285714285714285
343,2,1,2,32400,9,0.0002777777777777778,7.111111164093018,-1.0,0.0
343,2,2,0,32400,20,0.0006172839506172839,9.050000190734863,0.1111111111111111,0.25
343,2,2,1,32400,10,0.00030864197530864197,70.0999984741211,0.14285714285714285,0.3
343,2,2,2,32400,15,0.000462962962962963,7.800000190734863,0.1111111111111111,0.13333333333333333
343,2,3,0,32400,24,0.0007407407407407407,9.166666984558105,0.05,0.041666666666666664
343,2,3,1,32400,13,0.00040123456790123454,5.307692527770996,0.2,0.23076923076923078
343,2,3,2,32400,16,0.0004938271604938272,4.8125,0.13333333333333333,0.0
343,2,4,0,32400,27,0.0008333333333333334,8.0,0.041666666666666664,0.14814814814814814
343,2,4,1,32400,10,0.00030864197530864197,75.30001068115234,0.07692307692307693,0.1
343,2,4,2,32400,16,0.0004938271604938272,45.312496185302734,0.1875,0.0625
343,2,5,0,32400,35,0.0010802469135802468,14.742856979370117,0.1111111111111111,0.14285714285714285
343,2,5,1,32400,17,0.0005246913580246914,34.4705924987793,0.1,0.11764705882352941
343,2,5,2,32400,18,0.0005555555555555556,6.611110210418701,0.0625,0.05555555555555555
343,2,6,0,32400,32,0.0009876543209876543,7.25,0.14285714285714285,0.125
343,2,6,1,32400,14,0.0004320987654320988,18.142858505249023,0.29411764705882354,0.14285714285714285
343,2,6,2,32400,11,0.00033950617283950616,2.3636364936828613,0.0,0.18181818181818182
343,2,7,0,32400,27,0.0008333333333333334,12.333333015441895,0.03125,0.14814814814814814
343,2,7,1,32400,12,0.00037037037037037035,51.416664123535156,0.07142857142857142,0.0
343,2,7,2,32400,20,0.0006172839506172839,3.950000047683716,0.09090909090909091,0.05
343,2,8,0,32400,32,0.0009876543209876543,7.96875,0.14814814814814814,0.0625
343,2,8,1,32400,14,0.0004320987654320988,6.357142925262451,0.16666666666666666,0.07142857142857142
343,2,8,2,32400,20,0.0006172839506172839,5.649999141693115,0.1,0.05
343,2,9,0,32400,27,0.0008333333333333334,23.333335876464844,0.09375,0.0
343,2,9,1,32400,12,0.00037037037037037035,12.166666984558105,0.0,0.0
343,2,9,2,32400,20,0.0006172839506172839,7.849999904632568,0.1,0.05
343,2,10,0,32400,29,0.0008950617283950618,25.517240524291992,0.14814814814814814,0.06896551724137931
343,2,10,1,32400,12,0.00037037037037037035,8.75,0.0,0.0
343,2,10,2,32400,15,0.000462962962962963,5.400000095367432,0.05,0.06666666666666667
343,2,11,0,32400,33,0.0010185185185185184,19.303030014038086,0.10344827586206896,0.15151515151515152
343,2,11,1,32400,8,0.0002469135802469136,8.0,0.0,0.125
343,2,11,2,32400,15,0.000462962962962963,6.533333778381348,0.06666666666666667,0.06666666666666667
343,2,12,0,32400,15,0.000462962962962963,9.799999237060547,0.06060606060606061,0.0
343,2,12,1,32400,11,0.00033950617283950616,8.181818008422852,0.125,0.2727272727272727
343,2,12,2,32400,14,0.0004320987654320988,4.285714626312256,0.06666666666666667,0.07142857142857142
343,2,13,0,32400,28,0.0008641975308641976,13.85714340209961,0.2,0.07142857142857142
343,2,13,1,32400,11,0.00033950617283950616,16.90909194946289,0.09090909090909091,0.18181818181818182
343,2,13,2,32400,13,0.00040123456790123454,6.0,0.0,0.15384615384615385
343,2,14,0,32400,22,0.0006790123456790123,10.227272987365723,0.10714285714285714,0.18181818181818182
343,2,14,1,32400,9,0.0002777777777777778,72.33332824707031,0.09090909090909091,0.1111111111111111
343,2,14,2,32400,10,0.00030864197530864197,3.5,0.23076923076923078,0.0
343,2,15,0,32400,26,0.0008024691358024691,17.57692527770996,0.09090909090909091,0.11538461538461539
343,2,15,1,32400,3,9.259259259259259e-05,36.999996185302734,0.0,0.0
343,2,15,2,32400,12,0.00037037037037037035,4.0,0.0,0.08333333333333333
343,2,16,0,32400,26,0.0008024691358024691,7.769230842590332,0.07692307692307693,0.11538461538461539
343,2,16,1,32400,13,0.00040123456790123454,9.307692527770996,0.0,0.0
343,2,16,2,32400,10,0.00030864197530864197,19.5,0.08333333333333333,0.1
343,2,17,0,32400,30,0.000925925925925926,17.433334350585938,0.11538461538461539,0.06666666666666667
343,2,17,1,32400,11,0.00033950617283950616,9.636364936828613,0.07692307692307693,0.0
343,2,17,2,32400,15,0.000462962962962963,6.8000006675720215,0.0,0.0
343,2,18,0,32400,40,0.0012345679012345679,22.649999618530273,0.13333333333333333,0.175
343,2,18,1,32400,9,0.0002777777777777778,3.777777910232544,0.0,0.1111111111111111
343,2,18,2,32400,16,0.0004938271604938272,13.375,0.13333333333333333,0.125
343,2,19,0,32400,39,0.0012037037037037038,15.871794700622559,0.175,0.15384615384615385
343,2,19,1,32400,10,0.00030864197530864197,5.5,0.1111111111111111,0.1
343,2,19,2,32400,20,0.0006172839506172839,8.0,0.125,0.1
343,2,20,0,32400,23,0.0007098765432098765,11.913043975830078,0.1282051282051282,0.08695652173913043
343,2,20,1,32400,11,0.00033950617283950616,11.36363697052002,0.1,0.0
343,2,20,2,32400,24,0.0007407407407407407,4.6666669845581055,0.05,0.20833333333333334
343,2,21,0,32400,33,0.0010185185185185184,10.424242973327637,0.043478260869565216,0.030303030303030304
343,2,21,1,32400,15,0.000462962962962963,7.066667079925537,0.0,0.13333333333333333
343,2,21,2,32400,24,0.0007407407407407407,5.0416669845581055,0.125,0.0
343,2,22,0,32400,34,0.0010493827160493827,9.0,0.09090909090909091,0.11764705882352941
343,2,22,1,32400,13,0.00040123456790123454,8.230769157409668,0.13333333333333333,0.15384615384615385
343,2,22,2,32400,13,0.00040123456790123454,11.615385055541992,0.041666666666666664,0.07692307692307693
343,2,23,0,32400,25,0.0007716049382716049,9.880000114440918,0.08823529411764706,0.04
343,2,23,1,32400,7,0.0002160493827160494,13.142857551574707,0.15384615384615385,0.0
343,2,23,2,32400,16,0.0004938271604938272,9.8125,0.23076923076923078,0.1875
343,2,24,0,32400,32,0.0009876543209876543,32.21875,0.12,0.125
343,2,24,1,32400,8,0.0002469135802469136,9.75,0.0,0.0
343,2,24,2,32400,18,0.0005555555555555556,5.94444465637207,0.125,0.05555555555555555
343,2,25,0,32400,36,0.0011111111111111111,6.388888835906982,0.0625,0.16666666666666666
343,2,25,1,32400,9,0.0002777777777777778,21.444446563720703,0.0,0.0
343,2,25,2,32400,18,0.0005555555555555556,5.555555820465088,0.1111111111111111,0.2222222222222222
343,2,26,0,32400,24,0.0007407407407407407,5.5,0.1388888888888889,0.25
343,2,26,1,32400,5,0.00015432098765432098,5.800000190734863,0.1111111111111111,0.0
343,2,26,2,32400,18,0.0005555555555555556,5.666666507720947,0.2222222222222222,0.16666666666666666
343,2,27,0,32400,32,0.0009876543209876543,31.968753814697266,0.25,0.1875
343,2,27,1,32400,5,0.00015432098765432098,3.799999952316284,0.0,0.0
343,2,27,2,32400,14,0.0004320987654320988,12.785715103149414,0.0,0.0
343,2,28,0,32400,37,0.0011419753086419754,10.081082344055176,0.125,0.16216216216216217
343,2,28,1,32400,7,0.0002160493827160494,17.85714340209961,0.0,0.0
343,2,28,2,32400,17,0.0005246913580246914,17.23529624938965,0.0,0.35294117647058826
343,2,29,0,32400,30,0.000925925925925926,11.200000762939453,0.13513513513513514,0.16666666666666666
343,2,29,1,32400,8,0.0002469135802469136,19.375001907348633,0.0,0.0
343,2,29,2,32400,13,0.00040123456790123454,16.076923370361328,0.11764705882352941,0.07692307692307693
343,2,30,0,32400,35,0.0010802469135802468,13.11428451538086,0.03333333333333333,0.08571428571428572
343,2,30,1,32400,4,0.0001234567901234568,19.75,0.0,0.0
343,2,30,2,32400,10,0.00030864197530864197,9.40000057220459,0.15384615384615385,0.0
343,2,31,0,32400,35,0.0010802469135802468,17.02857208251953,0.05714285714285714,0.08571428571428572
343,2,31,1,32400,8,0.0002469135802469136,10.0,0.0,0.0
343,2,31,2,32400,14,0.0004320987654320988,4.0714287757873535,0.1,0.14285714285714285
343,2,32,0,32400,30,0.000925925925925926,75.96666717529297,0.11428571428571428,0.03333333333333333
343,2,32,1,32400,8,0.0002469135802469136,6.625,0.0,0.125
343,2,32,2,32400,17,0.0005246913580246914,25.70588493347168,0.07142857142857142,0.0
343,2,33,0,32400,39,0.0012037037037037038,6.564102649688721,0.1,0.1282051282051282
343,2,33,1,32400,13,0.00040123456790123454,18.076923370361328,0.125,0.0
343,2,33,2,32400,11,0.00033950617283950616,6.363637447357178,0.11764705882352941,0.0
343,2,34,0,32400,25,0.0007716049382716049,25.920000076293945,0.05128205128205128,0.04
343,2,34,1,32400,8,0.0002469135802469136,9.875,0.07692307692307693,0.0
343,2,34,2,32400,10,0.00030864197530864197,9.90000057220459,0.0,0.0
343,2,35,0,32400,30,0.000925925925925926,10.566667556762695,0.0,0.06666666666666667
343,2,35,1,32400,6,0.00018518518518518518,8.666666030883789,0.0,0.0
343,2,35,2,32400,23,0.0007098765432098765,6.17391300201416,0.0,0.043478260869565216
343,3,1,0,32400,21,0.0006481481481481481,22.80952262878418,-1.0,0.047619047619047616
343,3,1,1,32400,8,0.0002469135802469136,21.375,-1.0,0.0
343,3,1,2,32400,12,0.00037037037037037035,4.9166669845581055,-1.0,0.08333333333333333
343,3,2,0,32400,18,0.0005555555555555556,9.5,0.09523809523809523,0.05555555555555555
343,3,2,1,32400,13,0.00040123456790123454,23.000003814697266,0.25,0.07692307692307693
343,3,2,2,32400,13,0.00040123456790123454,7.384615898132324,0.0,0.07692307692307693
343,3,3,0,32400,26,0.0008024691358024691,10.615385055541992,0.2222222222222222,0.07692307692307693
343,3,3,1,32400,6,0.00018518518518518518,4.333333492279053,0.0,0.0
343,3,3,2,32400,15,0.000462962962962963,4.866666793823242,0.07692307692307693,0.2
343,3,4,0,32400,23,0.0007098765432098765,7.5652174949646,0.07692307692307693,0.08695652173913043
343,3,4,1,32400,9,0.0002777777777777778,9.0,0.16666666666666666,0.1111111111111111
343,3,4,2,32400,16,0.0004938271604938272,2.625,0.06666666666666667,0.0625
343,3,5,0,32400,22,0.0006790123456790123,11.454545974731445,0.21739130434782608,0.09090909090909091
343,3,5,1,32400,16,0.0004938271604938272,27.750001907348633,0.1111111111111111,0.0625
343,3,5,2,32400,14,0.0004320987654320988,4.714285850524902,0.125,0.0
343,3,6,0,32400,37,0.0011419753086419754,9.621622085571289,0.18181818181818182,0.10810810810810811
343,3,6,1,32400,15,0.000462962962962963,9.466667175292969,0.125,0.06666666666666667
343,3,6,2,32400,19,0.0005864197530864197,4.789473533630371,0.07142857142857142,0.0
343,3,7,0,32400,28,0.0008641975308641976,11.714285850524902,0.10810810810810811,0.14285714285714285
343,3,7,1,32400,6,0.00018518518518518518,95.99999237060547,0.0,0.0
343,3,7,2,32400,24,0.0007407407407407407,3.9166667461395264,0.05263157894736842,0.041666666666666664
343,3,8,0,32400,31,0.0009567901234567902,9.935483932495117,0.03571428571428571,0.22580645161290322
343,3,8,1,32400,9,0.0002777777777777778,6.666666507720947,0.0,0.2222222222222222
343,3,8,2,32400,15,0.000462962962962963,8.866665840148926,0.08333333333333333,0.06666666666666667
343,3,9,0,32400,26,0.0008024691358024691,20.65384864807129,0.12903225806451613,0.15384615384615385
343,3,9,1,32400,10,0.00030864197530864197,6.700000286102295,0.0,0.0
343,3,9,2,32400,10,0.00030864197530864197,4.200000286102295,0.06666666666666667,0.0
343,3,10,0,32400,25,0.0007716049382716049,9.319999694824219,0.038461538461538464,0.12
343,3,10,1,32400,11,0.00033950617283950616,26.727275848388672,0.0,0.18181818181818182
343,3,10,2,32400,11,0.00033950617283950616,8.36363697052002,0.0,0.09090909090909091
343,3,11,0,32400,31,0.0009567901234567902,11.387096405029297,0.12,0.0967741935483871
343,3,11,1,32400,9,0.0002777777777777778,9.666666984558105,0.18181818181818182,0.0
343,3,11,2,32400,16,0.0004938271604938272,4.125,0.09090909090909091,0.0
343,3,12,0,32400,24,0.0007407407407407407,42.87500762939453,0.03225806451612903,0.08333333333333333
343,3,12,1,32400,5,0.00015432098765432098,16.400001525878906,0.0,0.0
343,3,12,2,32400,17,0.0005246913580246914,3.8235294818878174,0.125,0.17647058823529413
343,3,13,0,32400,25,0.0007716049382716049,13.799999237060547,0.08333333333333333,0.04
343,3,13,1,32400,3,9.259259259259259e-05,5.0,0.0,0.0
343,3,13,2,32400,11,0.00033950617283950616,2.7272727489471436,0.11764705882352941,0.0
343,3,14,0,32400,23,0.0007098765432098765,10.47826099395752,0.04,0.17391304347826086
343,3,14,1,32400,13,0.00040123456790123454,44.76923370361328,0.0,0.15384615384615385
343,3,14,2,32400,9,0.0002777777777777778,6.555555820465088,0.0,0.0
343,3,15,0,32400,30,0.000925925925925926,10.000000953674316,0.08695652173913043,0.03333333333333333
343,3,15,1,32400,12,0.00037037037037037035,4.0,0.23076923076923078,0.0
343,3,15,2,32400,11,0.00033950617283950616,1.9090909957885742,0.1111111111111111,0.0
343,3,16,0,32400,27,0.0008333333333333334,8.037036895751953,0.06666666666666667,0.07407407407407407
343,3,16,1,32400,8,0.0002469135802469136,3.875,0.16666666666666666,0.25
343,3,16,2,32400,9,0.0002777777777777778,2.777777910232544,0.0,0.1111111111111111
343,3,17,0,32400,35,0.0010802469135802468,11.942856788635254,0.07407407407407407,0.14285714285714285
343,3,17,1,32400,15,0.000462962962962963,9.600000381469727,0.0,0.13333333333333333
343,3,17,2,32400,19,0.0005864197530864197,11.105263710021973,0.0,0.10526315789473684
343,3,18,0,32400,33,0.0010185185185185184,27.545454025268555,0.05714285714285714,0.21212121212121213
343,3,18,1,32400,11,0.00033950617283950616,5.909090995788574,0.13333333333333333,0.2727272727272727
343,3,18,2,32400,20,0.0006172839506172839,9.050000190734863,0.15789473684210525,0.1
343,3,19,0,32400,23,0.0007098765432098765,22.0,0.12121212121212122,0.17391304347826086
343,3,19,1,32400,7,0.0002160493827160494,20.85714340209961,0.0,0.0
343,3,19,2,32400,12,0.00037037037037037035,6.0,0.05,0.0
343,3,20,0,32400,36,0.0011111111111111111,11.722222328186035,0.043478260869565216,0.1111111111111111
343,3,20,1,32400,9,0.0002777777777777778,9.55555534362793,0.0,0.0
343,3,20,2,32400,19,0.0005864197530864197,11.1578950881958,0.0,0.0
343,3,21,0,32400,38,0.0011728395061728395,7.973684310913086,0.1388888888888889,0.10526315789473684
343,3,21,1,32400,13,0.00040123456790123454,32.076927185058594,0.2222222222222222,0.15384615384615385
343,3,21,2,32400,19,0.0005864197530864197,5.8947367668151855,0.10526315789473684,0.0
343,3,22,0,32400,32,0.0009876543209876543,12.03125,0.02631578947368421,0.0625
343,3,22,1,32400,20,0.0006172839506172839,10.5,0.15384615384615385,0.15
343,3,22,2,32400,10,0.00030864197530864197,9.299999237060547,0.10526315789473684,0.0
343,3,23,0,32400,29,0.0008950617283950618,5.068965435028076,0.03125,0.10344827586206896
343,3,23,1,32400,10,0.00030864197530864197,6.700000286102295,0.0,0.1
343,3,23,2,32400,12,0.00037037037037037035,5.4166669845581055,0.2,0.0
343,3,24,0,32400,34,0.0010493827160493827,23.000001907348633,0.20689655172413793,0.11764705882352941
343,3,24,1,32400,4,0.0001234567901234568,6.75,0.1,0.0
343,3,24,2,32400,9,0.0002777777777777778,8.777777671813965,0.08333333333333333,0.0
343,3,25,0,32400,36,0.0011111111111111111,6.972222328186035,0.08823529411764706,0.08333333333333333
343,3,25,1,32400,4,0.0001234567901234568,2.5,0.0,0.0
343,3,25,2,32400,13,0.00040123456790123454,6.307692527770996,0.1111111111111111,0.0
343,3,26,0,32400,29,0.0008950617283950618,12.344827651977539,0.027777777777777776,0.13793103448275862
343,3,26,1,32400,13,0.00040123456790123454,6.92307710647583,0.25,0.0
343,3,26,2,32400,11,0.00033950617283950616,6.2727274894714355,0.15384615384615385,0.18181818181818182
343,3,27,0,32400,31,0.0009567901234567902,28.516132354736328,0.20689655172413793,0.0967741935483871
343,3,27,1,32400,7,0.0002160493827160494,2.857142925262451,0.07692307692307693,0.14285714285714285
343,3,27,2,32400,18,0.0005555555555555556,34.72222137451172,0.09090909090909091,0.1111111111111111
343,3,28,0,32400,38,0.0011728395061728395,10.0,0.16129032258064516,0.15789473684210525
343,3,28,1,32400,6,0.00018518518518518518,9.833333969116211,0.14285714285714285,0.0
343,3,28,2,32400,20,0.0006172839506172839,12.899998664855957,0.05555555555555555,0.1
343,3,29,0,32400,36,0.0011111111111111111,11.333333015441895,0.13157894736842105,0.1388888888888889
343,3,29,1,32400,10,0.00030864197530864197,21.10000228881836,0.0,0.1
343,3,29,2,32400,15,0.000462962962962963,37.80000305175781,0.05,0.26666666666666666
343,3,30,0,32400,19,0.0005864197530864197,107.4210433959961,0.05555555555555555,0.05263157894736842
343,3,30,1,32400,7,0.0002160493827160494,6.000000476837158,0.0,0.14285714285714285
343,3,30,2,32400,19,0.0005864197530864197,7.0,0.0,0.10526315789473684
343,3,31,0,32400,31,0.0009567901234567902,24.03226089477539,0.05263157894736842,0.22580645161290322
343,3,31,1,32400,9,0.0002777777777777778,8.666666984558105,0.14285714285714285,0.1111111111111111
343,3,31,2,32400,15,0.000462962962962963,25.73333740234375,0.15789473684210525,0.0
343,3,32,0,32400,36,0.0011111111111111111,29.33333396911621,0.06451612903225806,0.08333333333333333
343,3,32,1,32400,13,0.00040123456790123454,19.923078536987305,0.1111111111111111,0.0
343,3,32,2,32400,20,0.0006172839506172839,19.200002670288086,0.06666666666666667,0.1
343,3,33,0,32400,37,0.0011419753086419754,12.162162780761719,0.08333333333333333,0.05405405405405406
343,3,33,1,32400,5,0.00015432098765432098,6.200000286102295,0.0,0.0
343,3,33,2,32400,17,0.0005246913580246914,4.588235378265381,0.05,0.058823529411764705
343,3,34,0,32400,35,0.0010802469135802468,9.657142639160156,0.10810810810810811,0.05714285714285714
343,3,34,1,32400,6,0.00018518518518518518,3.5,0.0,0.0
343,3,34,2,32400,23,0.0007098765432098765,13.086955070495605,0.11764705882352941,0.0
343,3,35,0,32400,28,0.0008641975308641976,8.321429252624512,0.02857142857142857,0.14285714285714285
343,3,35,1,32400,5,0.00015432098765432098,5.400000095367432,0.16666666666666666,0.0
343,3,35,2,32400,16,0.0004938271604938272,5.5,0.043478260869565216,0.1875
344,0,1,0,32400,18,0.0005555555555555556,9.333333015441895,-1.0,0.16666666666666666
344,0,1,1,32400,13,0.00040123456790123454,59.076927185058594,-1.0,0.0
344,0,1,2,32400,10,0.00030864197530864197,6.900000095367432,-1.0,0.1
344,0,2,0,32400,23,0.0007098765432098765,14.30434799194336,0.05555555555555555,0.08695652173913043
344,0,2,1,32400,9,0.0002777777777777778,16.33333396911621,0.0,0.0
344,0,2,2,32400,11,0.00033950617283950616,2.3636364936828613,0.0,0.0
344,0,3,0,32400,17,0.0005246913580246914,7.647058963775635,0.043478260869565216,0.0
344,0,3,1,32400,11,0.00033950617283950616,59.90909957885742,0.3333333333333333,0.18181818181818182
344,0,3,2,32400,20,0.0006172839506172839,33.94999694824219,0.0,0.1
344,0,4,0,32400,28,0.0008641975308641976,10.071429252624512,0.0,0.17857142857142858
344,0,4,1,32400,13,0.00040123456790123454,7.538461685180664,0.36363636363636365,0.15384615384615385
344,0,4,2,32400,21,0.0006481481481481481,6.476190567016602,0.1,0.09523809523809523
344,0,5,0,32400,21,0.0006481481481481481,12.09523868560791,0.03571428571428571,0.047619047619047616
344,0,5,1,32400,14,0.0004320987654320988,18.642858505249023,0.0,0.0
344,0,5,2,32400,13,0.00040123456790123454,4.692307949066162,0.047619047619047616,0.07692307692307693
344,0,6,0,32400,27,0.0008333333333333334,23.000001907348633,0.09523809523809523,0.037037037037037035
344,0,6,1,32400,10,0.00030864197530864197,5.300000190734863,0.0,0.0
344,0,6,2,32400,13,0.00040123456790123454,3.92307710647583,0.07692307692307693,0.0
344,0,7,0,32400,29,0.0008950617283950618,10.206896781921387,0.1111111111111111,0.10344827586206896
344,0,7,1,32400,11,0.00033950617283950616,4.0,0.2,0.09090909090909091
344,0,7,2,32400,15,0.000462962962962963,6.40000057220459,0.15384615384615385,0.0
344,0,8,0,32400,34,0.0010493827160493827,14.823528289794922,0.06896551724137931,0.20588235294117646
344,0,8,1,32400,15,0.000462962962962963,7.40000057220459,0.0,0.06666666666666667
344,0,8,2,32400,16,0.0004938271604938272,7.625,0.06666666666666667,0.125
344,0,9,0,32400,28,0.0008641975308641976,17.46428680419922,0.14705882352941177,0.10714285714285714
344,0,9,1,32400,9,0.0002777777777777778,30.777780532836914,0.0,0.1111111111111111
344,0,9,2,32400,19,0.0005864197530864197,4.736842155456543,0.125,0.2631578947368421
344,0,10,0,32400,29,0.0008950617283950618,13.068964004516602,0.0,0.034482758620689655
344,0,10,1,32400,11,0.00033950617283950616,9.454545974731445,0.2222222222222222,0.0
344,0,10,2,32400,16,0.0004938271604938272,4.875,0.0,0.0625
344,0,11,0,32400,24,0.0007407407407407407,15.125,0.10344827586206896,0.041666666666666664
344,0,11,1,32400,12,0.00037037037037037035,6.6666669845581055,0.09090909090909091,0.16666666666666666
344,0,11,2,32400,13,0.00040123456790123454,4.692307949066162,0.0625,0.15384615384615385
344,0,12,0,32400,25,0.0007716049382716049,10.24000072479248,0.0,0.12
344,0,12,1,32400,4,0.0001234567901234568,8.0,0.08333333333333333,0.0
344,0,12,2,32400,14,0.0004320987654320988,4.0714287757873535,0.07692307692307693,0.14285714285714285
344,0,13,0,32400,27,0.0008333333333333334,5.666666507720947,0.12,0.037037037037037035
344,0,13,1,32400,12,0.00037037037037037035,15.249999046325684,0.25,0.0
344,0,13,2,32400,8,0.0002469135802469136,5.0,0.07142857142857142,0.0
344,0,14,0,32400,31,0.0009567901234567902,19.064516067504883,0.14814814814814814,0.16129032258064516
344,0,14,1,32400,12,0.00037037037037037035,6.083333492279053,0.08333333333333333,0.08333333333333333
344,0,14,2,32400,17,0.0005246913580246914,17.05882453918457,0.125,0.23529411764705882
344,0,15,0,32400,32,0.0009876543209876543,6.9375,0.0967741935483871,0.15625
344,0,15,1,32400,3,9.259259259259259e-05,8.666666984558105,0.08333333333333333,0.0
344,0,15,2,32400,10,0.00030864197530864197,3.700000047683716,0.058823529411764705,0.1
344,0,16,0,32400,24,0.0007407407407407407,37.29166793823242,0.125,0.0
344,0,16,1,32400,15,0.000462962962962963,10.866666793823242,0.0,0.06666666666666667
344,0,16,2,32400,16,0.0004938271604938272,8.5,0.1,0.0625
344,0,17,0,32400,21,0.0006481481481481481,26.23809242248535,0.08333333333333333,0.09523809523809523
344,0,17,1,32400,15,0.000462962962962963,7.533333778381348,0.13333333333333333,0.2
344,0,17,2,32400,15,0.000462962962962963,7.600000381469727,0.0,0.13333333333333333
344,0,18,0,32400,28,0.0008641975308641976,12.428571701049805,0.047619047619047616,0.14285714285714285
344,0,18,1,32400,11,0.00033950617283950616,19.818180084228516,0.06666666666666667,0.0
344,0,18,2,32400,15,0.000462962962962963,5.400000095367432,0.13333333333333333,0.26666666666666666
344,0,19,0,32400,35,0.0010802469135802468,9.857142448425293,0.10714285714285714,0.17142857142857143
344,0,19,1,32400,12,0.00037037037037037035,10.416666030883789,0.0,0.25
344,0,19,2,32400,19,0.0005864197530864197,5.8947367668151855,0.13333333333333333,0.0
344,0,20,0,32400,40,0.0012345679012345679,7.450000286102295,0.05714285714285714,0.025
344,0,20,1,32400,14,0.0004320987654320988,5.714285850524902,0.08333333333333333,0.07142857142857142
344,0,20,2,32400,16,0.0004938271604938272,8.5,0.10526315789473684,0.1875
344,0,21,0,32400,27,0.0008333333333333334,9.11111068725586,0.125,0.07407407407407407
344,0,21,1,32400,23,0.0007098765432098765,10.869566917419434,0.14285714285714285,0.13043478260869565
344,0,21,2,32400,18,0.0005555555555555556,6.888888835906982,0.1875,0.1111111111111111
344,0,22,0,32400,24,0.0007407407407407407,7.458333492279053,0.0,0.041666666666666664
344,0,22,1,32400,12,0.00037037037037037035,19.5,0.13043478260869565,0.08333333333333333
344,0,22,2,32400,12,0.00037037037037037035,6.333333492279053,0.05555555555555555,0.0
344,0,23,0,32400,29,0.0008950617283950618,45.379310607910156,0.0,0.20689655172413793
344,0,23,1,32400,8,0.0002469135802469136,9.75,0.08333333333333333,0.0
344,0,23,2,32400,13,0.00040123456790123454,7.92307710647583,0.0,0.23076923076923078
344,0,24,0,32400,35,0.0010802469135802468,8.714285850524902,0.1724137931034483,0.11428571428571428
344,0,24,1,32400,10,0.00030864197530864197,6.900000095367432,0.125,0.1
344,0,24,2,32400,20,0.0006172839506172839,6.550000190734863,0.15384615384615385,0.1
344,0,25,0,32400,30,0.000925925925925926,11.500000953674316,0.14285714285714285,0.13333333333333333
344,0,25,1,32400,13,0.00040123456790123454,7.84615421295166,0.0,0.15384615384615385
344,0,25,2,32400,16,0.0004938271604938272,5.25,0.1,0.125
344,0,26,0,32400,27,0.0008333333333333334,22.037036895751953,0.16666666666666666,0.18518518518518517
344,0,26,1,32400,9,0.0002777777777777778,8.55555534362793,0.07692307692307693,0.0
344,0,26,2,32400,26,0.0008024691358024691,51.846160888671875,0.125,0.11538461538461539
344,0,27,0,32400,33,0.0010185185185185184,7.878787994384766,0.07407407407407407,0.18181818181818182
344,0,27,1,32400,7,0.0002160493827160494,11.428571701049805,0.1111111111111111,0.0
344,0,27,2,32400,19,0.0005864197530864197,15.36842155456543,0.11538461538461539,0.15789473684210525
344,0,28,0,32400,48,0.0014814814814814814,8.541666984558105,0.15151515151515152,0.2916666666666667
344,0,28,1,32400,2,6.17283950617284e-05,24.5,0.0,0.0
344,0,28,2,32400,20,0.0006172839506172839,9.25,0.21052631578947367,0.15
344,0,29,0,32400,10,0.00030864197530864197,71.5,0.041666666666666664,0.1
344,0,29,1,32400,7,0.0002160493827160494,16.0,0.0,0.0
344,0,29,2,32400,15,0.000462962962962963,14.066667556762695,0.05,0.06666666666666667
344,0,30,0,32400,35,0.0010802469135802468,7.857142925262451,0.0,0.02857142857142857
344,0,30,1,32400,8,0.0002469135802469136,6.75,0.14285714285714285,0.0
344,0,30,2,32400,18,0.0005555555555555556,29.44444465637207,0.06666666666666667,0.05555555555555555
344,0,31,0,32400,30,0.000925925925925926,69.13333892822266,0.02857142857142857,0.16666666666666666
344,0,31,1,32400,12,0.00037037037037037035,9.666666984558105,0.25,0.0
344,0,31,2,32400,21,0.0006481481481481481,14.285714149475098,0.1111111111111111,0.0
344,0,32,0,32400,36,0.0011111111111111111,9.972222328186035,0.16666666666666666,0.1111111111111111
344,0,32,1,32400,9,0.0002777777777777778,8.88888931274414,0.16666666666666666,0.0
344,0,32,2,32400,23,0.0007098765432098765,10.956522941589355,0.09523809523809523,0.13043478260869565
344,0,33,0,32400,36,0.0011111111111111111,23.25,0.08333333333333333,0.027777777777777776
344,0,33,1,32400,5,0.00015432098765432098,4.400000095367432,0.0,0.0
344,0,33,2,32400,23,0.0007098765432098765,6.0,0.043478260869565216,0.0
344,0,34,0,32400,40,0.0012345679012345679,10.27500057220459,0.16666666666666666,0.225
344,0,34,1,32400,6,0.00018518518518518518,14.0,0.2,0.16666666666666666
344,0,34,2,32400,12,0.00037037037037037035,4.9166669845581055,0.0,0.16666666666666666
344,0,35,0,32400,34,0.0010493827160493827,7.882352828979492,0.125,0.11764705882352941
344,0,35,1,32400,4,0.0001234567901234568,13.75,0.0,0.25
344,0,35,2,32400,15,0.000462962962962963,5.000000476837158,0.0,0.0
344,1,1,0,32400,18,0.0005555555555555556,10.166666030883789,-1.0,0.05555555555555555
344,1,1,1,32400,9,0.0002777777777777778,9.333333015441895,-1.0,0.0
344,1,1,2,32400,12,0.00037037037037037035,4.833333492279053,-1.0,0.16666666666666666
344,1,2,0,32400,23,0.0007098765432098765,11.913043975830078,0.16666666666666666,0.043478260869565216
344,1,2,1,32400,9,0.0002777777777777778,3.8888888359069824,0.2222222222222222,0.1111111111111111
344,1,2,2,32400,15,0.000462962962962963,4.933333396911621,0.08333333333333333,0.0
344,1,3,0,32400,12,0.00037037037037037035,13.416666984558105,0.08695652173913043,0.0
344,1,3,1,32400,9,0.0002777777777777778,5.555555820465088,0.2222222222222222,0.0
344,1,3,2,32400,11,0.00033950617283950616,57.999996185302734,0.0,0.09090909090909091
344,1,4,0,32400,21,0.0006481481481481481,14.190476417541504,0.08333333333333333,0.14285714285714285
344,1,4,1,32400,8,0.0002469135802469136,35.000003814697266,0.0,0.0
344,1,4,2,32400,20,0.0006172839506172839,9.75,0.09090909090909091,0.05
344,1,5,0,32400,24,0.0007407407407407407,16.0,0.09523809523809523,0.16666666666666666
344,1,5,1,32400,10,0.00030864197530864197,6.599999904632568,0.0,0.0
344,1,5,2,32400,14,0.0004320987654320988,4.928571701049805,0.05,0.14285714285714285
344,1,6,0,32400,24,0.0007407407407407407,20.375003814697266,0.08333333333333333,0.08333333333333333
344,1,6,1,32400,17,0.0005246913580246914,9.29411792755127,0.0,0.11764705882352941
344,1,6,2,32400,17,0.0005246913580246914,12.764707565307617,0.14285714285714285,0.058823529411764705
344,1,7,0,32400,27,0.0008333333333333334,10.851851463317871,0.25,0.14814814814814814
344,1,7,1,32400,9,0.0002777777777777778,16.33333396911621,0.17647058823529413,0.0
344,1,7,2,32400,17,0.0005246913580246914,6.941175937652588,0.058823529411764705,0.0
344,1,8,0,32400,24,0.0007407407407407407,25.125,0.1111111111111111,0.125
344,1,8,1,32400,11,0.00033950617283950616,6.2727274894714355,0.0,0.18181818181818182
344,1,8,2,32400,16,0.0004938271604938272,4.4375,0.058823529411764705,0.0625
344,1,9,0,32400,21,0.0006481481481481481,9.7619047164917,0.08333333333333333,0.14285714285714285
344,1,9,1,32400,12,0.00037037037037037035,25.083335876464844,0.09090909090909091,0.08333333333333333
344,1,9,2,32400,9,0.0002777777777777778,5.111111164093018,0.0,0.0
344,1,10,0,32400,25,0.0007716049382716049,15.160000801086426,0.14285714285714285,0.16
344,1,10,1,32400,7,0.0002160493827160494,5.857142925262451,0.08333333333333333,0.0
344,1,10,2,32400,21,0.0006481481481481481,4.333333492279053,0.1111111111111111,0.19047619047619047
344,1,11,0,32400,29,0.0008950617283950618,42.103450775146484,0.16,0.20689655172413793
344,1,11,1,32400,14,0.0004320987654320988,20.571430206298828,0.14285714285714285,0.2857142857142857
344,1,11,2,32400,15,0.000462962962962963,4.0,0.19047619047619047,0.13333333333333333
344,1,12,0,32400,22,0.0006790123456790123,17.40909194946289,0.06896551724137931,0.18181818181818182
344,1,12,1,32400,8,0.0002469135802469136,8.375,0.2857142857142857,0.0
344,1,12,2,32400,6,0.00018518518518518518,7.999999523162842,0.06666666666666667,0.0
344,1,13,0,32400,27,0.0008333333333333334,8.62962818145752,0.18181818181818182,0.1111111111111111
344,1,13,1,32400,12,0.00037037037037037035,46.0,0.125,0.08333333333333333
344,1,13,2,32400,8,0.0002469135802469136,3.125,0.0,0.0
344,1,14,0,32400,27,0.0008333333333333334,16.148149490356445,0.18518518518518517,0.1111111111111111
344,1,14,1,32400,7,0.0002160493827160494,50.142860412597656,0.25,0.14285714285714285
344,1,14,2,32400,18,0.0005555555555555556,12.0,0.0,0.0
344,1,15,0,32400,24,0.0007407407407407407,12.166666984558105,0.07407407407407407,0.08333333333333333
344,1,15,1,32400,10,0.00030864197530864197,4.099999904632568,0.2857142857142857,0.2
344,1,15,2,32400,9,0.0002777777777777778,5.666666507720947,0.05555555555555555,0.1111111111111111
344,1,16,0,32400,33,0.0010185185185185184,24.81818199157715,0.08333333333333333,0.09090909090909091
344,1,16,1,32400,7,0.0002160493827160494,2.4285714626312256,0.1,0.14285714285714285
344,1,16,2,32400,20,0.0006172839506172839,5.75,0.1111111111111111,0.1
344,1,17,0,32400,24,0.0007407407407407407,21.916664123535156,0.030303030303030304,0.041666666666666664
344,1,17,1,32400,11,0.00033950617283950616,4.18181848526001,0.14285714285714285,0.18181818181818182
344,1,17,2,32400,26,0.0008024691358024691,10.5,0.15,0.07692307692307693
344,1,18,0,32400,25,0.0007716049382716049,11.59999942779541,0.125,0.08
344,1,18,1,32400,9,0.0002777777777777778,9.222222328186035,0.18181818181818182,0.2222222222222222
344,1,18,2,32400,13,0.00040123456790123454,4.769230842590332,0.0,0.07692307692307693
344,1,19,0,32400,29,0.0008950617283950618,10.068965911865234,0.16,0.13793103448275862
344,1,19,1,32400,7,0.0002160493827160494,15.85714340209961,0.1111111111111111,0.0
344,1,19,2,32400,25,0.0007716049382716049,11.039999961853027,0.0,0.12
344,1,20,0,32400,40,0.0012345679012345679,15.350000381469727,0.20689655172413793,0.1
344,1,20,1,32400,9,0.0002777777777777778,39.333335876464844,0.0,0.0
344,1,20,2,32400,17,0.0005246913580246914,11.823529243469238,0.04,0.23529411764705882
344,1,21,0,32400,27,0.0008333333333333334,12.0,0.15,0.037037037037037035
344,1,21,1,32400,13,0.00040123456790123454,12.230772018432617,0.1111111111111111,0.23076923076923078
344,1,21,2,32400,17,0.0005246913580246914,3.7058825492858887,0.058823529411764705,0.058823529411764705
344,1,22,0,32400,34,0.0010493827160493827,10.264705657958984,0.18518518518518517,0.14705882352941177
344,1,22,1,32400,9,0.0002777777777777778,5.777777671813965,0.0,0.1111111111111111
344,1,22,2,32400,15,0.000462962962962963,8.133334159851074,0.058823529411764705,0.0
344,1,23,0,32400,35,0.0010802469135802468,31.485713958740234,0.11764705882352941,0.08571428571428572
344,1,23,1,32400,4,0.0001234567901234568,2.5,0.0,0.0
344,1,23,2,32400,17,0.0005246913580246914,3.7647058963775635,0.13333333333333333,0.058823529411764705
344,1,24,0,32400,38,0.0011728395061728395,6.6315789222717285,0.17142857142857143,0.10526315789473684
344,1,24,1,32400,3,9.259259259259259e-05,3.6666667461395264,0.0,0.0
344,1,24,2,32400,21,0.0006481481481481481,6.238095283508301,0.23529411764705882,0.14285714285714285
344,1,25,0,32400,25,0.0007716049382716049,11.4399995803833,0.10526315789473684,0.12
344,1,25,1,32400,10,0.00030864197530864197,7.200000286102295,0.0,0.0
344,1,25,2,32400,18,0.0005555555555555556,7.5,0.14285714285714285,0.05555555555555555
344,1,26,0,32400,39,0.0012037037037037038,22.871797561645508,0.12,0.23076923076923078
344,1,26,1,32400,5,0.00015432098765432098,7.800000190734863,0.0,0.0
344,1,26,2,32400,21,0.0006481481481481481,18.476194381713867,0.1111111111111111,0.0
344,1,27,0,32400,27,0.0008333333333333334,11.88888931274414,0.05128205128205128,0.14814814814814814
344,1,27,1,32400,7,0.0002160493827160494,6.285714626312256,0.0,0.0
344,1,27,2,32400,16,0.0004938271604938272,5.375,0.09523809523809523,0.125
344,1,28,0,32400,38,0.0011728395061728395,21.0,0.25925925925925924,0.10526315789473684
344,1,28,1,32400,11,0.00033950617283950616,30.636367797851562,0.14285714285714285,0.09090909090909091
344,1,28,2,32400,19,0.0005864197530864197,21.684207916259766,0.25,0.10526315789473684
344,1,29,0,32400,28,0.0008641975308641976,78.03570556640625,0.05263157894736842,0.03571428571428571
344,1,29,1,32400,9,0.0002777777777777778,4.666666507720947,0.09090909090909091,0.1111111111111111
344,1,29,2,32400,13,0.00040123456790123454,7.692307949066162,0.05263157894736842,0.15384615384615385
344,1,30,0,32400,34,0.0010493827160493827,21.29412078857422,0.07142857142857142,0.14705882352941177
344,1,30,1,32400,8,0.0002469135802469136,14.25,0.1111111111111111,0.0
344,1,30,2,32400,13,0.00040123456790123454,16.538461685180664,0.0,0.07692307692307693
344,1,31,0,32400,32,0.0009876543209876543,15.625,0.11764705882352941,0.09375
344,1,31,1,32400,13,0.00040123456790123454,4.615384578704834,0.125,0.07692307692307693
344,1,31,2,32400,16,0.0004938271604938272,12.4375,0.0,0.0625
344,1,32,0,32400,35,0.0010802469135802468,14.028571128845215,0.125,0.08571428571428572
344,1,32,1,32400,7,0.0002160493827160494,6.000000476837158,0.0,0.0
344,1,32,2,32400,18,0.0005555555555555556,9.166667938232422,0.0625,0.05555555555555555
344,1,33,0,32400,33,0.0010185185185185184,9.030303001403809,0.14285714285714285,0.09090909090909091
344,1,33,1,32400,7,0.0002160493827160494,3.2857143878936768,0.14285714285714285,0.0
344,1,33,2,32400,15,0.000462962962962963,6.6666669845581055,0.0,0.06666666666666667
344,1,34,0,32400,39,0.0012037037037037038,13.615385055541992,0.06060606060606061,0.05128205128205128
344,1,34,1,32400,9,0.0002777777777777778,8.111111640930176,0.0,0.1111111111111111
344,1,34,2,32400,18,0.0005555555555555556,2.3888888359069824,0.06666666666666667,0.16666666666666666
344,1,35,0,32400,34,0.0010493827160493827,17.617647171020508,0.10256410256410256,0.17647058823529413
344,1,35,1,32400,11,0.00033950617283950616,6.363636493682861,0.1111111111111111,0.09090909090909091
344,1,35,2,32400,6,0.00018518518518518518,5.6666669845581055,0.05555555555555555,0.0
344,2,1,0,32400,26,0.0008024691358024691,11.076923370361328,-1.0,0.15384615384615385
344,2,1,1,32400,6,0.00018518518518518518,19.500003814697266,-1.0,0.0
344,2,1,2,32400,15,0.000462962962962963,6.866666793823242,-1.0,0.0
344,2,2,0,32400,26,0.0008024691358024691,12.65384578704834,0.15384615384615385,0.11538461538461539
344,2,2,1,32400,10,0.00030864197530864197,97.90000915527344,0.16666666666666666,0.3
344,2,2,2,32400,14,0.0004320987654320988,4.0714287757873535,0.06666666666666667,0.07142857142857142
344,2,3,0,32400,24,0.0007407407407407407,6.0,0.07692307692307693,0.125
344,2,3,1,32400,12,0.00037037037037037035,37.00000762939453,0.2,0.08333333333333333
344,2,3,2,32400,20,0.0006172839506172839,35.849998474121094,0.07142857142857142,0.15
344,2,4,0,32400,22,0.0006790123456790123,9.0,0.08333333333333333,0.22727272727272727
344,2,4,1,32400,7,0.0002160493827160494,17.57143211364746,0.08333333333333333,0.0
344,2,4,2,32400,16,0.0004938271604938272,7.5,0.05,0.0
344,2,5,0,32400,30,0.000925925925925926,14.433334350585938,0.13636363636363635,0.2
344,2,5,1,32400,14,0.0004320987654320988,25.71428680419922,0.14285714285714285,0.14285714285714285
344,2,5,2,32400,8,0.0002469135802469136,6.5,0.125,0.0
344,2,6,0,32400,24,0.0007407407407407407,10.291666984558105,0.16666666666666666,0.041666666666666664
344,2,6,1,32400,11,0.00033950617283950616,52.909088134765625,0.35714285714285715,0.18181818181818182
344,2,6,2,32400,14,0.0004320987654320988,2.0,0.0,0.21428571428571427
344,2,7,0,32400,28,0.0008641975308641976,12.857142448425293,0.08333333333333333,0.10714285714285714
344,2,7,1,32400,14,0.0004320987654320988,11.571429252624512,0.09090909090909091,0.21428571428571427
344,2,7,2,32400,16,0.0004938271604938272,4.125,0.14285714285714285,0.0625
344,2,8,0,32400,30,0.000925925925925926,14.533333778381348,0.07142857142857142,0.1
344,2,8,1,32400,6,0.00018518518518518518,18.83333396911621,0.0,0.0
344,2,8,2,32400,26,0.0008024691358024691,8.115385055541992,0.25,0.19230769230769232
344,2,9,0,32400,27,0.0008333333333333334,21.740741729736328,0.1,0.037037037037037035
344,2,9,1,32400,9,0.0002777777777777778,6.0,0.0,0.0
344,2,9,2,32400,14,0.0004320987654320988,5.214285850524902,0.07692307692307693,0.07142857142857142
344,2,10,0,32400,32,0.0009876543209876543,13.15625,0.14814814814814814,0.1875
344,2,10,1,32400,10,0.00030864197530864197,9.199999809265137,0.0,0.0
344,2,10,2,32400,19,0.0005864197530864197,4.736842155456543,0.14285714285714285,0.05263157894736842
344,2,11,0,32400,23,0.0007098765432098765,48.869571685791016,0.09375,0.17391304347826086
344,2,11,1,32400,10,0.00030864197530864197,10.40000057220459,0.0,0.1
344,2,11,2,32400,18,0.0005555555555555556,2.944444417953491,0.10526315789473684,0.05555555555555555
344,2,12,0,32400,23,0.0007098765432098765,8.260869979858398,0.13043478260869565,0.13043478260869565
344,2,12,1,32400,12,0.00037037037037037035,6.0,0.2,0.08333333333333333
344,2,12,2,32400,12,0.00037037037037037035,4.583333492279053,0.0,0.08333333333333333
344,2,13,0,32400,16,0.0004938271604938272,10.375,0.13043478260869565,0.0
344,2,13,1,32400,10,0.00030864197530864197,13.90000057220459,0.08333333333333333,0.2
344,2,13,2,32400,13,0.00040123456790123454,7.076923370361328,0.25,0.07692307692307693
344,2,14,0,32400,24,0.0007407407407407407,16.750001907348633,0.1875,0.08333333333333333
344,2,14,1,32400,15,0.000462962962962963,30.000001907348633,0.0,0.13333333333333333
344,2,14,2,32400,23,0.0007098765432098765,18.39130401611328,0.07692307692307693,0.21739130434782608
344,2,15,0,32400,23,0.0007098765432098765,35.91305160522461,0.08333333333333333,0.13043478260869565
344,2,15,1,32400,6,0.00018518518518518518,2.6666667461395264,0.0,0.16666666666666666
344,2,15,2,32400,10,0.00030864197530864197,7.599999904632568,0.043478260869565216,0.1
344,2,16,0,32400,33,0.0010185185185185184,8.818181991577148,0.13043478260869565,0.06060606060606061
344,2,16,1,32400,11,0.00033950617283950616,14.272727966308594,0.16666666666666666,0.09090909090909091
344,2,16,2,32400,25,0.0007716049382716049,8.59999942779541,0.1,0.16
344,2,17,0,32400,31,0.0009567901234567902,10.612902641296387,0.09090909090909091,0.03225806451612903
344,2,17,1,32400,13,0.00040123456790123454,6.538461685180664,0.09090909090909091,0.15384615384615385
344,2,17,2,32400,19,0.0005864197530864197,9.578947067260742,0.04,0.10526315789473684
344,2,18,0,32400,35,0.0010802469135802468,24.08571434020996,0.06451612903225806,0.14285714285714285
344,2,18,1,32400,10,0.00030864197530864197,17.599998474121094,0.07692307692307693,0.0
344,2,18,2,32400,18,0.0005555555555555556,6.44444465637207,0.05263157894736842,0.2222222222222222
344,2,19,0,32400,36,0.0011111111111111111,14.694442749023438,0.2,0.1388888888888889
344,2,19,1,32400,12,0.00037037037037037035,7.083333492279053,0.1,0.08333333333333333
344,2,19,2,32400,20,0.0006172839506172839,13.550000190734863,0.05555555555555555,0.0
344,2,20,0,32400,36,0.0011111111111111111,14.05555534362793,0.1388888888888889,0.1111111111111111
344,2,20,1,32400,13,0.00040123456790123454,5.84615421295166,0.0,0.15384615384615385
344,2,20,2,32400,20,0.0006172839506172839,7.349999904632568,0.05,0.25
344,2,21,0,32400,29,0.0008950617283950618,8.965517044067383,0.0,0.10344827586206896
344,2,21,1,32400,14,0.0004320987654320988,5.0,0.0,0.21428571428571427
344,2,21,2,32400,19,0.0005864197530864197,5.8947367668151855,0.2,0.0
344,2,22,0,32400,31,0.0009567901234567902,7.548387050628662,0.06896551724137931,0.06451612903225806
344,2,22,1,32400,10,0.00030864197530864197,12.600000381469727,0.07142857142857142,0.0
344,2,22,2,32400,13,0.00040123456790123454,12.307692527770996,0.05263157894736842,0.07692307692307693
344,2,23,0,32400,27,0.0008333333333333334,7.0740742683410645,0.12903225806451613,0.18518518518518517
344,2,23,1,32400,5,0.00015432098765432098,13.199999809265137,0.1,0.0
344,2,23,2,32400,12,0.00037037037037037035,9.75,0.23076923076923078,0.3333333333333333
344,2,24,0,32400,40,0.0012345679012345679,8.675000190734863,0.1111111111111111,0.275
344,2,24,1,32400,7,0.0002160493827160494,4.428571701049805,0.0,0.0
344,2,24,2,32400,15,0.000462962962962963,5.066667079925537,0.08333333333333333,0.13333333333333333
344,2,25,0,32400,26,0.0008024691358024691,7.653846263885498,0.125,0.15384615384615385
344,2,25,1,32400,8,0.0002469135802469136,3.75,0.0,0.0
344,2,25,2,32400,16,0.0004938271604938272,6.25,0.2,0.25
344,2,26,0,32400,40,0.0012345679012345679,17.950000762939453,0.19230769230769232,0.15
344,2,26,1,32400,6,0.00018518518518518518,4.5,0.125,0.0
344,2,26,2,32400,26,0.0008024691358024691,59.961544036865234,0.1875,0.11538461538461539
344,2,27,0,32400,35,0.0010802469135802468,10.428571701049805,0.125,0.17142857142857143
344,2,27,1,32400,7,0.0002160493827160494,38.0,0.0,0.0
344,2,27,2,32400,14,0.0004320987654320988,5.5714287757873535,0.0,0.07142857142857142
344,2,28,0,32400,36,0.0011111111111111111,17.72222328186035,0.14285714285714285,0.0
344,2,28,1,32400,4,0.0001234567901234568,14.5,0.0,0.0
344,2,28,2,32400,18,0.0005555555555555556,26.888887405395508,0.14285714285714285,0.2777777777777778
344,2,29,0,32400,22,0.0006790123456790123,94.09090423583984,0.1111111111111111,0.045454545454545456
344,2,29,1,32400,10,0.00030864197530864197,10.600000381469727,0.0,0.2
344,2,29,2,32400,17,0.0005246913580246914,11.588234901428223,0.05555555555555555,0.0
344,2,30,0,32400,36,0.0011111111111111111,8.277777671813965,0.13636363636363635,0.1111111111111111
344,2,30,1,32400,6,0.00018518518518518518,5.0,0.0,0.0
344,2,30,2,32400,15,0.000462962962962963,15.133334159851074,0.23529411764705882,0.2
344,2,31,0,32400,37,0.0011419753086419754,33.567569732666016,0.1388888888888889,0.21621621621621623
344,2,31,1,32400,9,0.0002777777777777778,4.888888835906982,0.16666666666666666,0.0
344,2,31,2,32400,13,0.00040123456790123454,5.615385055541992,0.0,0.07692307692307693
344,2,32,0,32400,35,0.0010802469135802468,11.885714530944824,0.08108108108108109,0.08571428571428572
344,2,32,1,32400,11,0.00033950617283950616,12.0,0.0,0.09090909090909091
344,2,32,2,32400,17,0.0005246913580246914,6.588235378265381,0.23076923076923078,0.058823529411764705
344,2,33,0,32400,44,0.0013580246913580246,23.68181800842285,0.08571428571428572,0.1590909090909091
344,2,33,1,32400,9,0.0002777777777777778,7.666666507720947,0.09090909090909091,0.0
344,2,33,2,32400,11,0.00033950617283950616,5.909090995788574,0.0,0.0
344,2,34,0,32400,28,0.0008641975308641976,15.250000953674316,0.045454545454545456,0.03571428571428571
344,2,34,1,32400,10,0.00030864197530864197,8.800000190734863,0.0,0.1
344,2,34,2,32400,21,0.0006481481481481481,4.904761791229248,0.0,0.09523809523809523
344,2,35,0,32400,45,0.001388888888888889,14.488889694213867,0.07142857142857142,0.08888888888888889
344,2,35,1,32400,10,0.00030864197530864197,19.799999237060547,0.1,0.2
344,2,35,2,32400,9,0.0002777777777777778,2.444444417953491,0.09523809523809523,0.0
344,3,1,0,32400,22,0.0006790123456790123,14.0,-1.0,0.09090909090909091
344,3,1,1,32400,9,0.0002777777777777778,24.777780532836914,-1.0,0.0
344,3,1,2,32400,19,0.0005864197530864197,6.6315789222717285,-1.0,0.0
344,3,2,0,32400,25,0.0007716049382716049,8.039999961853027,0.13636363636363635,0.0
344,3,2,1,32400,13,0.00040123456790123454,17.615386962890625,0.1111111111111111,0.07692307692307693
344,3,2,2,32400,21,0.0006481481481481481,6.761904716491699,0.05263157894736842,0.09523809523809523
344,3,3,0,32400,19,0.0005864197530864197,6.6315789222717285,0.16,0.05263157894736842
344,3,3,1,32400,4,0.0001234567901234568,13.0,0.0,0.0
344,3,3,2,32400,13,0.00040123456790123454,6.615385055541992,0.047619047619047616,0.0
344,3,4,0,32400,30,0.000925925925925926,8.366666793823242,0.15789473684210525,0.1
344,3,4,1,32400,12,0.00037037037037037035,9.833333969116211,0.25,0.08333333333333333
344,3,4,2,32400,16,0.0004938271604938272,10.750001907348633,0.07692307692307693,0.0625
344,3,5,0,32400,22,0.0006790123456790123,7.409090995788574,0.2,0.0
344,3,5,1,32400,14,0.0004320987654320988,17.928571701049805,0.08333333333333333,0.21428571428571427
344,3,5,2,32400,14,0.0004320987654320988,4.0,0.125,0.0
344,3,6,0,32400,24,0.0007407407407407407,9.875,0.13636363636363635,0.125
344,3,6,1,32400,11,0.00033950617283950616,10.181818008422852,0.07142857142857142,0.09090909090909091
344,3,6,2,32400,12,0.00037037037037037035,3.75,0.0,0.08333333333333333
344,3,7,0,32400,27,0.0008333333333333334,13.370368957519531,0.08333333333333333,0.1111111111111111
344,3,7,1,32400,10,0.00030864197530864197,14.600000381469727,0.0,0.1
344,3,7,2,32400,11,0.00033950617283950616,5.727272987365723,0.08333333333333333,0.0
344,3,8,0,32400,27,0.0008333333333333334,17.66666603088379,0.037037037037037035,0.14814814814814814
344,3,8,1,32400,12,0.00037037037037037035,11.416666984558105,0.0,0.0
344,3,8,2,32400,14,0.0004320987654320988,4.285714626312256,0.2727272727272727,0.14285714285714285
344,3,9,0,32400,36,0.0011111111111111111,16.33333396911621,0.1111111111111111,0.2222222222222222
344,3,9,1,32400,7,0.0002160493827160494,6.142857551574707,0.0,0.0
344,3,9,2,32400,13,0.00040123456790123454,7.153846263885498,0.07142857142857142,0.0
344,3,10,0,32400,31,0.0009567901234567902,8.516128540039062,0.1111111111111111,0.06451612903225806
344,3,10,1,32400,8,0.0002469135802469136,7.75,0.0,0.125
344,3,10,2,32400,16,0.0004938271604938272,3.1875,0.0,0.0
344,3,11,0,32400,27,0.0008333333333333334,15.111111640930176,0.06451612903225806,0.2222222222222222
344,3,11,1,32400,9,0.0002777777777777778,20.66666603088379,0.0,0.2222222222222222
344,3,11,2,32400,16,0.0004938271604938272,4.4375,0.0625,0.0
344,3,12,0,32400,24,0.0007407407407407407,6.083333492279053,0.037037037037037035,0.125
344,3,12,1,32400,13,0.00040123456790123454,8.769230842590332,0.1111111111111111,0.15384615384615385
344,3,12,2,32400,8,0.0002469135802469136,8.0,0.125,0.125
344,3,13,0,32400,22,0.0006790123456790123,15.727272987365723,0.041666666666666664,0.13636363636363635
344,3,13,1,32400,8,0.0002469135802469136,9.75,0.0,0.0
344,3,13,2,32400,11,0.00033950617283950616,5.454545497894287,0.125,0.09090909090909091
344,3,14,0,32400,25,0.0007716049382716049,8.359999656677246,0.045454545454545456,0.08
344,3,14,1,32400,7,0.0002160493827160494,44.000003814697266,0.0,0.0
344,3,14,2,32400,21,0.0006481481481481481,3.047619104385376,0.0,0.047619047619047616
344,3,15,0,32400,25,0.0007716049382716049,14.639999389648438,0.12,0.12
344,3,15,1,32400,8,0.0002469135802469136,9.500000953674316,0.2857142857142857,0.0
344,3,15,2,32400,8,0.0002469135802469136,3.25,0.047619047619047616,0.0
344,3,16,0,32400,24,0.0007407407407407407,16.291667938232422,0.2,0.041666666666666664
344,3,16,1,32400,6,0.00018518518518518518,3.8333334922790527,0.25,0.16666666666666666
344,3,16,2,32400,11,0.00033950617283950616,7.363636493682861,0.0,0.18181818181818182
344,3,17,0,32400,33,0.0010185185185185184,7.0,0.08333333333333333,0.24242424242424243
344,3,17,1,32400,9,0.0002777777777777778,8.44444465637207,0.3333333333333333,0.2222222222222222
344,3,17,2,32400,22,0.0006790123456790123,13.636363983154297,0.09090909090909091,0.2727272727272727
344,3,18,0,32400,30,0.000925925925925926,24.166667938232422,0.12121212121212122,0.1
344,3,18,1,32400,16,0.0004938271604938272,9.4375,0.2222222222222222,0.25
344,3,18,2,32400,20,0.0006172839506172839,4.900000095367432,0.13636363636363635,0.1
344,3,19,0,32400,31,0.0009567901234567902,7.0,0.06666666666666667,0.16129032258064516
344,3,19,1,32400,13,0.00040123456790123454,10.230768203735352,0.0,0.15384615384615385
344,3,19,2,32400,18,0.0005555555555555556,9.111111640930176,0.0,0.0
344,3,20,0,32400,34,0.0010493827160493827,16.147058486938477,0.0967741935483871,0.17647058823529413
344,3,20,1,32400,13,0.00040123456790123454,12.0,0.07692307692307693,0.0
344,3,20,2,32400,24,0.0007407407407407407,7.6666669845581055,0.1111111111111111,0.041666666666666664
344,3,21,0,32400,31,0.0009567901234567902,7.258064270019531,0.14705882352941177,0.0967741935483871
344,3,21,1,32400,16,0.0004938271604938272,16.625001907348633,0.23076923076923078,0.0625
344,3,21,2,32400,15,0.000462962962962963,6.3333330154418945,0.08333333333333333,0.0
344,3,22,0,32400,25,0.0007716049382716049,9.0,0.0,0.08
344,3,22,1,32400,14,0.0004320987654320988,10.35714340209961,0.0,0.07142857142857142
344,3,22,2,32400,13,0.00040123456790123454,6.076923370361328,0.13333333333333333,0.0
344,3,23,0,32400,34,0.0010493827160493827,9.0,0.08,0.08823529411764706
344,3,23,1,32400,4,0.0001234567901234568,2.75,0.0,0.0
344,3,23,2,32400,15,0.000462962962962963,9.333333969116211,0.15384615384615385,0.06666666666666667
344,3,24,0,32400,30,0.000925925925925926,9.0,0.14705882352941177,0.1
344,3,24,1,32400,5,0.00015432098765432098,3.200000047683716,0.0,0.0
344,3,24,2,32400,16,0.0004938271604938272,2.9375,0.0,0.0625
344,3,25,0,32400,24,0.0007407407407407407,7.083333492279053,0.1,0.20833333333333334
344,3,25,1,32400,6,0.00018518518518518518,18.166664123535156,0.0,0.0
344,3,25,2,32400,19,0.0005864197530864197,7.473684310913086,0.1875,0.05263157894736842
344,3,26,0,32400,37,0.0011419753086419754,16.243244171142578,0.041666666666666664,0.16216216216216217
344,3,26,1,32400,12,0.00037037037037037035,7.4166669845581055,0.0,0.0
344,3,26,2,32400,11,0.00033950617283950616,16.090906143188477,0.10526315789473684,0.0
344,3,27,0,32400,30,0.000925925925925926,11.100001335144043,0.13513513513513514,0.1
344,3,27,1,32400,7,0.0002160493827160494,11.85714340209961,0.16666666666666666,0.0
344,3,27,2,32400,13,0.00040123456790123454,11.538461685180664,0.18181818181818182,0.0
344,3,28,0,32400,42,0.0012962962962962963,12.904762268066406,0.2,0.21428571428571427
344,3,28,1,32400,1,3.08641975308642e-05,10.000000953674316,0.0,0.0
344,3,28,2,32400,14,0.0004320987654320988,21.142858505249023,0.07692307692307693,0.0
344,3,29,0,32400,26,0.0008024691358024691,10.269230842590332,0.047619047619047616,0.15384615384615385
344,3,29,1,32400,8,0.0002469135802469136,4.625,0.0,0.0
344,3,29,2,32400,11,0.00033950617283950616,23.000001907348633,0.0,0.09090909090909091
344,3,30,0,32400,30,0.000925925925925926,9.100000381469727,0.038461538461538464,0.16666666666666666
344,3,30,1,32400,9,0.0002777777777777778,10.444445610046387,0.0,0.0
344,3,30,2,32400,22,0.0006790123456790123,21.090909957885742,0.0,0.045454545454545456
344,3,31,0,32400,38,0.0011728395061728395,53.07895278930664,0.1,0.2631578947368421
344,3,31,1,32400,14,0.0004320987654320988,14.85714340209961,0.0,0.0
344,3,31,2,32400,14,0.0004320987654320988,3.9285717010498047,0.09090909090909091,0.07142857142857142
344,3,32,0,32400,39,0.0012037037037037038,7.102564334869385,0.07894736842105263,0.10256410256410256
344,3,32,1,32400,6,0.00018518518518518518,11.5,0.07142857142857142,0.0
344,3,32,2,32400,16,0.0004938271604938272,2.6875,0.07142857142857142,0.0625
344,3,33,0,32400,31,0.0009567901234567902,12.580644607543945,0.15384615384615385,0.03225806451612903
344,3,33,1,32400,7,0.0002160493827160494,3.857142925262451,0.0,0.0
344,3,33,2,32400,17,0.0005246913580246914,7.294117450714111,0.0,0.17647058823529413
344,3,34,0,32400,31,0.0009567901234567902,8.516128540039062,0.12903225806451613,0.12903225806451613
344,3,34,1,32400,5,0.00015432098765432098,3.799999952316284,0.0,0.0
344,3,34,2,32400,14,0.0004320987654320988,6.928571701049805,0.058823529411764705,0.0
344,3,35,0,32400,38,0.0011728395061728395,11.5,0.03225806451612903,0.15789473684210525
344,3,35,1,32400,14,0.0004320987654320988,20.71428680419922,0.4,0.14285714285714285
344,3,35,2,32400,8,0.0002469135802469136,4.75,0.07142857142857142,0.0
345,0,1,0,32400,23,0.0007098765432098765,39.39130401611328,-1.0,0.043478260869565216
345,0,1,1,32400,17,0.0005246913580246914,63.17647171020508,-1.0,0.0
345,0,1,2,32400,14,0.0004320987654320988,7.642857551574707,-1.0,0.0
345,0,2,0,32400,27,0.0008333333333333334,10.55555534362793,0.13043478260869565,0.037037037037037035
345,0,2,1,32400,11,0.00033950617283950616,53.0000114440918,0.058823529411764705,0.0
345,0,2,2,32400,11,0.00033950617283950616,7.636364459991455,0.0,0.0
345,0,3,0,32400,27,0.0008333333333333334,12.111111640930176,0.0,0.07407407407407407
345,0,3,1,32400,17,0.0005246913580246914,23.705886840820312,0.2727272727272727,0.11764705882352941
345,0,3,2,32400,19,0.0005864197530864197,10.210526466369629,0.09090909090909091,0.05263157894736842
345,0,4,0,32400,23,0.0007098765432098765,11.043478012084961,0.07407407407407407,0.17391304347826086
345,0,4,1,32400,10,0.00030864197530864197,14.90000057220459,0.058823529411764705,0.2
345,0,4,2,32400,14,0.0004320987654320988,4.5,0.0,0.07142857142857142
345,0,5,0,32400,21,0.0006481481481481481,10.761903762817383,0.08695652173913043,0.047619047619047616
345,0,5,1,32400,16,0.0004938271604938272,42.499996185302734,0.0,0.1875
345,0,5,2,32400,13,0.00040123456790123454,13.923079490661621,0.07142857142857142,0.07692307692307693
345,0,6,0,32400,26,0.0008024691358024691,12.38461685180664,0.09523809523809523,0.038461538461538464
345,0,6,1,32400,12,0.00037037037037037035,16.75,0.0,0.0
345,0,6,2,32400,12,0.00037037037037037035,4.833333492279053,0.07692307692307693,0.0
345,0,7,0,32400,34,0.0010493827160493827,27.676469802856445,0.15384615384615385,0.11764705882352941
345,0,7,1,32400,15,0.000462962962962963,10.800000190734863,0.16666666666666666,0.06666666666666667
345,0,7,2,32400,15,0.000462962962962963,5.466667175292969,0.08333333333333333,0.06666666666666667
345,0,8,0,32400,28,0.0008641975308641976,13.750000953674316,0.029411764705882353,0.21428571428571427
345,0,8,1,32400,8,0.0002469135802469136,34.750003814697266,0.06666666666666667,0.0
345,0,8,2,32400,17,0.0005246913580246914,7.294117450714111,0.06666666666666667,0.058823529411764705
345,0,9,0,32400,31,0.0009567901234567902,10.806450843811035,0.14285714285714285,0.22580645161290322
345,0,9,1,32400,12,0.00037037037037037035,7.333333492279053,0.125,0.16666666666666666
345,0,9,2,32400,21,0.0006481481481481481,6.142857074737549,0.17647058823529413,0.19047619047619047
345,0,10,0,32400,21,0.0006481481481481481,22.5238094329834,0.03225806451612903,0.09523809523809523
345,0,10,1,32400,10,0.00030864197530864197,9.5,0.08333333333333333,0.1
345,0,10,2,32400,15,0.000462962962962963,3.9333336353302,0.047619047619047616,0.26666666666666666
345,0,11,0,32400,25,0.0007716049382716049,11.039999961853027,0.19047619047619047,0.04
345,0,11,1,32400,12,0.00037037037037037035,14.833333969116211,0.2,0.25
345,0,11,2,32400,11,0.00033950617283950616,5.0,0.06666666666666667,0.09090909090909091
345,0,12,0,32400,18,0.0005555555555555556,8.888890266418457,0.0,0.16666666666666666
345,0,12,1,32400,9,0.0002777777777777778,58.77777862548828,0.08333333333333333,0.0
345,0,12,2,32400,12,0.00037037037037037035,5.1666669845581055,0.0,0.16666666666666666
345,0,13,0,32400,29,0.0008950617283950618,8.689655303955078,0.1111111111111111,0.06896551724137931
345,0,13,1,32400,7,0.0002160493827160494,8.428572654724121,0.0,0.0
345,0,13,2,32400,10,0.00030864197530864197,4.0,0.0,0.1
345,0,14,0,32400,24,0.0007407407407407407,39.25000762939453,0.13793103448275862,0.20833333333333334
345,0,14,1,32400,10,0.00030864197530864197,3.5,0.14285714285714285,0.1
345,0,14,2,32400,11,0.00033950617283950616,21.81818199157715,0.1,0.09090909090909091
345,0,15,0,32400,40,0.0012345679012345679,14.949999809265137,0.16666666666666666,0.15
345,0,15,1,32400,4,0.0001234567901234568,2.5,0.1,0.0
345,0,15,2,32400,11,0.00033950617283950616,3.0,0.09090909090909091,0.0
345,0,16,0,32400,33,0.0010185185185185184,14.333333969116211,0.1,0.15151515151515152
345,0,16,1,32400,14,0.0004320987654320988,12.642857551574707,0.25,0.07142857142857142
345,0,16,2,32400,17,0.0005246913580246914,17.117647171020508,0.09090909090909091,0.11764705882352941
345,0,17,0,32400,29,0.0008950617283950618,25.517240524291992,0.12121212121212122,0.06896551724137931
345,0,17,1,32400,14,0.0004320987654320988,14.285714149475098,0.2857142857142857,0.21428571428571427
345,0,17,2,32400,17,0.0005246913580246914,9.29411792755127,0.058823529411764705,0.058823529411764705
345,0,18,0,32400,34,0.0010493827160493827,7.323529243469238,0.06896551724137931,0.14705882352941177
345,0,18,1,32400,20,0.0006172839506172839,6.25,0.14285714285714285,0.1
345,0,18,2,32400,24,0.0007407407407407407,7.2916669845581055,0.11764705882352941,0.25
345,0,19,0,32400,38,0.0011728395061728395,10.578947067260742,0.11764705882352941,0.13157894736842105
345,0,19,1,32400,12,0.00037037037037037035,7.75,0.0,0.08333333333333333
345,0,19,2,32400,19,0.0005864197530864197,5.157894611358643,0.041666666666666664,0.0
345,0,20,0,32400,39,0.0012037037037037038,5.717948913574219,0.07894736842105263,0.07692307692307693
345,0,20,1,32400,14,0.0004320987654320988,4.928571701049805,0.08333333333333333,0.0
345,0,20,2,32400,16,0.0004938271604938272,15.125,0.05263157894736842,0.3125
345,0,21,0,32400,27,0.0008333333333333334,5.333333492279053,0.05128205128205128,0.07407407407407407
345,0,21,1,32400,17,0.0005246913580246914,15.176470756530762,0.14285714285714285,0.17647058823529413
345,0,21,2,32400,16,0.0004938271604938272,9.25,0.1875,0.0
345,0,22,0,32400,26,0.0008024691358024691,9.153846740722656,0.037037037037037035,0.19230769230769232
345,0,22,1,32400,5,0.00015432098765432098,3.200000047683716,0.11764705882352941,0.0
345,0,22,2,32400,8,0.0002469135802469136,7.125,0.0625,0.0
345,0,23,0,32400,25,0.0007716049382716049,10.039999961853027,0.11538461538461539,0.12
345,0,23,1,32400,11,0.00033950617283950616,4.545454502105713,0.2,0.09090909090909091
345,0,23,2,32400,19,0.0005864197530864197,4.947368621826172,0.0,0.21052631578947367
345,0,24,0,32400,36,0.0011111111111111111,7.0,0.2,0.1111111111111111
345,0,24,1,32400,10,0.00030864197530864197,4.900000095367432,0.09090909090909091,0.0
345,0,24,2,32400,19,0.0005864197530864197,6.526315689086914,0.10526315789473684,0.15789473684210525
345,0,25,0,32400,33,0.0010185185185185184,17.33333396911621,0.1388888888888889,0.12121212121212122
345,0,25,1,32400,8,0.0002469135802469136,7.5,0.0,0.25
345,0,25,2,32400,17,0.0005246913580246914,17.647058486938477,0.10526315789473684,0.11764705882352941
345,0,26,0,32400,20,0.0006172839506172839,13.15000057220459,0.18181818181818182,0.1
345,0,26,1,32400,9,0.0002777777777777778,37.55555725097656,0.125,0.0
345,0,26,2,32400,27,0.0008333333333333334,15.074073791503906,0.23529411764705882,0.14814814814814814
345,0,27,0,32400,36,0.0011111111111111111,13.30555534362793,0.1,0.1388888888888889
345,0,27,1,32400,2,6.17283950617284e-05,38.00000762939453,0.1111111111111111,0.0
345,0,27,2,32400,19,0.0005864197530864197,23.210527420043945,0.14814814814814814,0.05263157894736842
345,0,28,0,32400,34,0.0010493827160493827,11.823529243469238,0.16666666666666666,0.17647058823529413
345,0,28,1,32400,3,9.259259259259259e-05,11.666666984558105,0.0,0.0
345,0,28,2,32400,10,0.00030864197530864197,10.300000190734863,0.10526315789473684,0.2
345,0,29,0,32400,10,0.00030864197530864197,53.80001449584961,0.0,0.1
345,0,29,1,32400,8,0.0002469135802469136,7.875,0.0,0.0
345,0,29,2,32400,19,0.0005864197530864197,36.105262756347656,0.1,0.10526315789473684
345,0,30,0,32400,25,0.0007716049382716049,10.079999923706055,0.0,0.12
345,0,30,1,32400,9,0.0002777777777777778,40.22222137451172,0.125,0.0
345,0,30,2,32400,21,0.0006481481481481481,17.333335876464844,0.0,0.14285714285714285
345,0,31,0,32400,39,0.0012037037037037038,10.666666984558105,0.08,0.1282051282051282
345,0,31,1,32400,6,0.00018518518518518518,12.333333969116211,0.0,0.0
345,0,31,2,32400,16,0.0004938271604938272,6.875,0.14285714285714285,0.0625
345,0,32,0,32400,44,0.0013580246913580246,13.36363697052002,0.1282051282051282,0.06818181818181818
345,0,32,1,32400,7,0.0002160493827160494,14.857142448425293,0.16666666666666666,0.0
345,0,32,2,32400,19,0.0005864197530864197,5.526315689086914,0.0625,0.0
345,0,33,0,32400,35,0.0010802469135802468,7.028571605682373,0.06818181818181818,0.05714285714285714
345,0,33,1,32400,3,9.259259259259259e-05,13.999999046325684,0.0,0.0
345,0,33,2,32400,13,0.00040123456790123454,6.461538791656494,0.05263157894736842,0.0
345,0,34,0,32400,43,0.0013271604938271606,16.9069766998291,0.17142857142857143,0.2558139534883721
345,0,34,1,32400,4,0.0001234567901234568,17.25,0.0,0.0
345,0,34,2,32400,8,0.0002469135802469136,4.5,0.0,0.0
345,0,35,0,32400,28,0.0008641975308641976,6.107142925262451,0.13953488372093023,0.0
345,0,35,1,32400,3,9.259259259259259e-05,8.666666984558105,0.0,0.0
345,0,35,2,32400,11,0.00033950617283950616,6.0,0.0,0.0
345,1,1,0,32400,28,0.0008641975308641976,35.78571701049805,-1.0,0.21428571428571427
345,1,1,1,32400,7,0.0002160493827160494,2.857142925262451,-1.0,0.0
345,1,1,2,32400,12,0.00037037037037037035,3.0833334922790527,-1.0,0.08333333333333333
345,1,2,0,32400,21,0.0006481481481481481,8.85714340209961,0.10714285714285714,0.09523809523809523
345,1,2,1,32400,9,0.0002777777777777778,9.88888931274414,0.2857142857142857,0.0
345,1,2,2,32400,19,0.0005864197530864197,5.684210777282715,0.08333333333333333,0.10526315789473684
345,1,3,0,32400,21,0.0006481481481481481,17.571428298950195,0.047619047619047616,0.0
345,1,3,1,32400,10,0.00030864197530864197,6.599999904632568,0.3333333333333333,0.1
345,1,3,2,32400,16,0.0004938271604938272,3.1875,0.05263157894736842,0.0625
345,1,4,0,32400,26,0.0008024691358024691,11.269230842590332,0.0,0.15384615384615385
345,1,4,1,32400,10,0.00030864197530864197,5.899999618530273,0.0,0.1
345,1,4,2,32400,19,0.0005864197530864197,5.526315689086914,0.0625,0.2631578947368421
345,1,5,0,32400,20,0.0006172839506172839,29.250003814697266,0.11538461538461539,0.1
345,1,5,1,32400,6,0.00018518518518518518,7.5,0.0,0.0
345,1,5,2,32400,16,0.0004938271604938272,4.875,0.15789473684210525,0.0
345,1,6,0,32400,30,0.000925925925925926,8.166666984558105,0.15,0.23333333333333334
345,1,6,1,32400,17,0.0005246913580246914,12.058823585510254,0.0,0.11764705882352941
345,1,6,2,32400,15,0.000462962962962963,7.933333396911621,0.125,0.06666666666666667
345,1,7,0,32400,32,0.0009876543209876543,20.249998092651367,0.3333333333333333,0.1875
345,1,7,1,32400,15,0.000462962962962963,9.266667366027832,0.11764705882352941,0.0
345,1,7,2,32400,19,0.0005864197530864197,6.0,0.06666666666666667,0.15789473684210525
345,1,8,0,32400,40,0.0012345679012345679,11.40000057220459,0.125,0.15
345,1,8,1,32400,9,0.0002777777777777778,10.666666984558105,0.0,0.1111111111111111
345,1,8,2,32400,11,0.00033950617283950616,7.454545497894287,0.0,0.0
345,1,9,0,32400,26,0.0008024691358024691,10.84615421295166,0.1,0.19230769230769232
345,1,9,1,32400,13,0.00040123456790123454,6.384615421295166,0.1111111111111111,0.07692307692307693
345,1,9,2,32400,14,0.0004320987654320988,5.928571701049805,0.0,0.07142857142857142
345,1,10,0,32400,24,0.0007407407407407407,50.37500762939453,0.07692307692307693,0.08333333333333333
345,1,10,1,32400,12,0.00037037037037037035,5.75,0.15384615384615385,0.08333333333333333
345,1,10,2,32400,17,0.0005246913580246914,4.764706134796143,0.21428571428571427,0.23529411764705882
345,1,11,0,32400,28,0.0008641975308641976,7.392857551574707,0.125,0.10714285714285714
345,1,11,1,32400,10,0.00030864197530864197,14.90000057220459,0.16666666666666666,0.1
345,1,11,2,32400,14,0.0004320987654320988,7.428571701049805,0.17647058823529413,0.14285714285714285
345,1,12,0,32400,26,0.0008024691358024691,13.615384101867676,0.10714285714285714,0.07692307692307693
345,1,12,1,32400,15,0.000462962962962963,39.80000305175781,0.2,0.2
345,1,12,2,32400,11,0.00033950617283950616,7.090909481048584,0.14285714285714285,0.09090909090909091
345,1,13,0,32400,21,0.0006481481481481481,12.428572654724121,0.11538461538461539,0.0
345,1,13,1,32400,9,0.0002777777777777778,39.4444465637207,0.2,0.2222222222222222
345,1,13,2,32400,17,0.0005246913580246914,8.352941513061523,0.0,0.0
345,1,14,0,32400,25,0.0007716049382716049,44.200008392333984,0.09523809523809523,0.04
345,1,14,1,32400,13,0.00040123456790123454,7.538461685180664,0.3333333333333333,0.15384615384615385
345,1,14,2,32400,6,0.00018518518518518518,23.0,0.0,0.0
345,1,15,0,32400,33,0.0010185185185185184,21.272727966308594,0.12,0.09090909090909091
345,1,15,1,32400,11,0.00033950617283950616,11.272727966308594,0.0,0.09090909090909091
345,1,15,2,32400,12,0.00037037037037037035,10.083333969116211,0.3333333333333333,0.16666666666666666
345,1,16,0,32400,33,0.0010185185185185184,10.909090995788574,0.21212121212121213,0.06060606060606061
345,1,16,1,32400,9,0.0002777777777777778,5.0,0.09090909090909091,0.1111111111111111
345,1,16,2,32400,22,0.0006790123456790123,11.727272987365723,0.16666666666666666,0.0
345,1,17,0,32400,32,0.0009876543209876543,23.03125,0.030303030303030304,0.09375
345,1,17,1,32400,10,0.00030864197530864197,9.100000381469727,0.0,0.0
345,1,17,2,32400,15,0.000462962962962963,5.866666793823242,0.18181818181818182,0.06666666666666667
345,1,18,0,32400,26,0.0008024691358024691,7.115385055541992,0.0625,0.11538461538461539
345,1,18,1,32400,13,0.00040123456790123454,7.461538791656494,0.1,0.07692307692307693
345,1,18,2,32400,15,0.000462962962962963,2.933333396911621,0.0,0.0
345,1,19,0,32400,27,0.0008333333333333334,10.925926208496094,0.11538461538461539,0.14814814814814814
345,1,19,1,32400,10,0.00030864197530864197,12.0,0.07692307692307693,0.0
345,1,19,2,32400,26,0.0008024691358024691,5.84615421295166,0.13333333333333333,0.15384615384615385
345,1,20,0,32400,39,0.0012037037037037038,15.974359512329102,0.25925925925925924,0.05128205128205128
345,1,20,1,32400,13,0.00040123456790123454,13.153846740722656,0.0,0.0
345,1,20,2,32400,20,0.0006172839506172839,6.800000190734863,0.0,0.25
345,1,21,0,32400,26,0.0008024691358024691,8.230769157409668,0.10256410256410256,0.0
345,1,21,1,32400,10,0.00030864197530864197,10.300000190734863,0.15384615384615385,0.2
345,1,21,2,32400,10,0.00030864197530864197,5.599999904632568,0.1,0.0
345,1,22,0,32400,31,0.0009567901234567902,8.258064270019531,0.15384615384615385,0.0967741935483871
345,1,22,1,32400,6,0.00018518518518518518,10.000000953674316,0.0,0.0
345,1,22,2,32400,13,0.00040123456790123454,6.230769634246826,0.1,0.07692307692307693
345,1,23,0,32400,41,0.0012654320987654322,10.95121955871582,0.1935483870967742,0.1951219512195122
345,1,23,1,32400,8,0.0002469135802469136,10.0,0.16666666666666666,0.0
345,1,23,2,32400,12,0.00037037037037037035,5.1666669845581055,0.0,0.08333333333333333
345,1,24,0,32400,30,0.000925925925925926,11.466667175292969,0.12195121951219512,0.13333333333333333
345,1,24,1,32400,9,0.0002777777777777778,14.888887405395508,0.0,0.0
345,1,24,2,32400,19,0.0005864197530864197,5.1052632331848145,0.16666666666666666,0.10526315789473684
345,1,25,0,32400,22,0.0006790123456790123,17.68181800842285,0.16666666666666666,0.3181818181818182
345,1,25,1,32400,7,0.0002160493827160494,3.2857143878936768,0.0,0.0
345,1,25,2,32400,16,0.0004938271604938272,72.56250762939453,0.15789473684210525,0.125
345,1,26,0,32400,35,0.0010802469135802468,8.571428298950195,0.18181818181818182,0.08571428571428572
345,1,26,1,32400,6,0.00018518518518518518,14.666666030883789,0.0,0.0
345,1,26,2,32400,20,0.0006172839506172839,6.550000190734863,0.125,0.0
345,1,27,0,32400,48,0.0014814814814814814,19.854167938232422,0.11428571428571428,0.14583333333333334
345,1,27,1,32400,8,0.0002469135802469136,20.375001907348633,0.0,0.0
345,1,27,2,32400,14,0.0004320987654320988,10.5,0.05,0.14285714285714285
345,1,28,0,32400,27,0.0008333333333333334,81.2592544555664,0.10416666666666667,0.07407407407407407
345,1,28,1,32400,7,0.0002160493827160494,10.142857551574707,0.125,0.14285714285714285
345,1,28,2,32400,14,0.0004320987654320988,44.64286422729492,0.21428571428571427,0.14285714285714285
345,1,29,0,32400,34,0.0010493827160493827,9.852941513061523,0.1111111111111111,0.058823529411764705
345,1,29,1,32400,7,0.0002160493827160494,11.571429252624512,0.14285714285714285,0.0
345,1,29,2,32400,17,0.0005246913580246914,12.352941513061523,0.14285714285714285,0.35294117647058826
345,1,30,0,32400,35,0.0010802469135802468,23.200000762939453,0.08823529411764706,0.11428571428571428
345,1,30,1,32400,10,0.00030864197530864197,6.3000006675720215,0.14285714285714285,0.2
345,1,30,2,32400,21,0.0006481481481481481,22.23809814453125,0.0,0.2857142857142857
345,1,31,0,32400,40,0.0012345679012345679,12.449999809265137,0.11428571428571428,0.175
345,1,31,1,32400,8,0.0002469135802469136,4.625,0.0,0.0
345,1,31,2,32400,16,0.0004938271604938272,4.0625,0.047619047619047616,0.0625
345,1,32,0,32400,30,0.000925925925925926,16.0,0.125,0.06666666666666667
345,1,32,1,32400,3,9.259259259259259e-05,5.0,0.0,0.0
345,1,32,2,32400,17,0.0005246913580246914,6.882352828979492,0.0,0.058823529411764705
345,1,33,0,32400,27,0.0008333333333333334,6.851851940155029,0.13333333333333333,0.0
345,1,33,1,32400,7,0.0002160493827160494,4.285714626312256,0.3333333333333333,0.0
345,1,33,2,32400,15,0.000462962962962963,6.266666889190674,0.0,0.06666666666666667
345,1,34,0,32400,38,0.0011728395061728395,11.078947067260742,0.14814814814814814,0.21052631578947367
345,1,34,1,32400,5,0.00015432098765432098,16.80000114440918,0.0,0.0
345,1,34,2,32400,8,0.0002469135802469136,15.250001907348633,0.06666666666666667,0.0
345,1,35,0,32400,33,0.0010185185185185184,22.272729873657227,0.10526315789473684,0.24242424242424243
345,1,35,1,32400,8,0.0002469135802469136,16.0,0.0,0.0
345,1,35,2,32400,8,0.0002469135802469136,1.125,0.0,0.0
345,2,1,0,32400,35,0.0010802469135802468,26.799999237060547,-1.0,0.2
345,2,1,1,32400,9,0.0002777777777777778,16.0,-1.0,0.0
345,2,1,2,32400,14,0.0004320987654320988,4.142857551574707,-1.0,0.07142857142857142
345,2,2,0,32400,24,0.0007407407407407407,8.958333969116211,0.05714285714285714,0.041666666666666664
345,2,2,1,32400,11,0.00033950617283950616,124.45455932617188,0.0,0.2727272727272727
345,2,2,2,32400,16,0.0004938271604938272,40.499996185302734,0.07142857142857142,0.0625
345,2,3,0,32400,18,0.0005555555555555556,9.777777671813965,0.125,0.05555555555555555
345,2,3,1,32400,13,0.00040123456790123454,12.846155166625977,0.18181818181818182,0.15384615384615385
345,2,3,2,32400,13,0.00040123456790123454,5.230769634246826,0.0625,0.15384615384615385
345,2,4,0,32400,23,0.0007098765432098765,9.739130973815918,0.1111111111111111,0.21739130434782608
345,2,4,1,32400,13,0.00040123456790123454,7.84615421295166,0.07692307692307693,0.07692307692307693
345,2,4,2,32400,13,0.00040123456790123454,9.615385055541992,0.07692307692307693,0.07692307692307693
345,2,5,0,32400,27,0.0008333333333333334,25.40740966796875,0.21739130434782608,0.14814814814814814
345,2,5,1,32400,14,0.0004320987654320988,47.07142639160156,0.07692307692307693,0.14285714285714285
345,2,5,2,32400,9,0.0002777777777777778,3.222222328186035,0.0,0.1111111111111111
345,2,6,0,32400,26,0.0008024691358024691,10.84615421295166,0.1111111111111111,0.0
345,2,6,1,32400,12,0.00037037037037037035,10.75,0.35714285714285715,0.08333333333333333
345,2,6,2,32400,17,0.0005246913580246914,2.058823585510254,0.0,0.11764705882352941
345,2,7,0,32400,27,0.0008333333333333334,24.148147583007812,0.11538461538461539,0.037037037037037035
345,2,7,1,32400,16,0.0004938271604938272,10.125,0.16666666666666666,0.125
345,2,7,2,32400,18,0.0005555555555555556,5.44444465637207,0.17647058823529413,0.0
345,2,8,0,32400,31,0.0009567901234567902,11.67741870880127,0.1111111111111111,0.12903225806451613
345,2,8,1,32400,8,0.0002469135802469136,6.625,0.0,0.0
345,2,8,2,32400,20,0.0006172839506172839,5.900000095367432,0.16666666666666666,0.15
345,2,9,0,32400,24,0.0007407407407407407,9.000000953674316,0.16129032258064516,0.08333333333333333
345,2,9,1,32400,9,0.0002777777777777778,6.666666507720947,0.125,0.1111111111111111
345,2,9,2,32400,21,0.0006481481481481481,5.428571701049805,0.15,0.09523809523809523
345,2,10,0,32400,29,0.0008950617283950618,11.034482955932617,0.20833333333333334,0.13793103448275862
345,2,10,1,32400,6,0.00018518518518518518,5.0,0.0,0.0
345,2,10,2,32400,19,0.0005864197530864197,4.473684310913086,0.14285714285714285,0.15789473684210525
345,2,11,0,32400,33,0.0010185185185185184,8.242424011230469,0.06896551724137931,0.18181818181818182
345,2,11,1,32400,9,0.0002777777777777778,8.0,0.0,0.2222222222222222
345,2,11,2,32400,8,0.0002469135802469136,1.25,0.05263157894736842,0.0
345,2,12,0,32400,26,0.0008024691358024691,7.038462162017822,0.15151515151515152,0.038461538461538464
345,2,12,1,32400,14,0.0004320987654320988,7.500000476837158,0.2222222222222222,0.21428571428571427
345,2,12,2,32400,12,0.00037037037037037035,5.333333492279053,0.0,0.08333333333333333
345,2,13,0,32400,27,0.0008333333333333334,14.185186386108398,0.07692307692307693,0.07407407407407407
345,2,13,1,32400,5,0.00015432098765432098,22.59999656677246,0.0,0.0
345,2,13,2,32400,16,0.0004938271604938272,14.375,0.0,0.25
345,2,14,0,32400,25,0.0007716049382716049,48.44001007080078,0.14814814814814814,0.12
345,2,14,1,32400,15,0.000462962962962963,12.133334159851074,0.0,0.06666666666666667
345,2,14,2,32400,11,0.00033950617283950616,12.0,0.125,0.0
345,2,15,0,32400,28,0.0008641975308641976,47.250003814697266,0.04,0.03571428571428571
345,2,15,1,32400,12,0.00037037037037037035,10.666666984558105,0.06666666666666667,0.08333333333333333
345,2,15,2,32400,15,0.000462962962962963,4.866666793823242,0.09090909090909091,0.06666666666666667
345,2,16,0,32400,28,0.0008641975308641976,13.178572654724121,0.10714285714285714,0.07142857142857142
345,2,16,1,32400,14,0.0004320987654320988,10.0,0.25,0.21428571428571427
345,2,16,2,32400,18,0.0005555555555555556,16.33333396911621,0.2,0.1111111111111111
345,2,17,0,32400,33,0.0010185185185185184,26.636363983154297,0.07142857142857142,0.12121212121212122
345,2,17,1,32400,12,0.00037037037037037035,9.583332061767578,0.07142857142857142,0.08333333333333333
345,2,17,2,32400,13,0.00040123456790123454,8.769231796264648,0.05555555555555555,0.0
345,2,18,0,32400,39,0.0012037037037037038,16.92307472229004,0.09090909090909091,0.1794871794871795
345,2,18,1,32400,7,0.0002160493827160494,11.428571701049805,0.08333333333333333,0.0
345,2,18,2,32400,14,0.0004320987654320988,3.0714287757873535,0.07692307692307693,0.14285714285714285
345,2,19,0,32400,41,0.0012654320987654322,14.804877281188965,0.1282051282051282,0.0975609756097561
345,2,19,1,32400,10,0.00030864197530864197,11.90000057220459,0.0,0.2
345,2,19,2,32400,20,0.0006172839506172839,7.950000286102295,0.14285714285714285,0.0
345,2,20,0,32400,29,0.0008950617283950618,8.068965911865234,0.04878048780487805,0.06896551724137931
345,2,20,1,32400,15,0.000462962962962963,5.866666793823242,0.0,0.2
345,2,20,2,32400,15,0.000462962962962963,7.066666603088379,0.05,0.06666666666666667
345,2,21,0,32400,26,0.0008024691358024691,6.884615421295166,0.0,0.038461538461538464
345,2,21,1,32400,9,0.0002777777777777778,11.888890266418457,0.06666666666666667,0.3333333333333333
345,2,21,2,32400,17,0.0005246913580246914,7.058823585510254,0.13333333333333333,0.0
345,2,22,0,32400,31,0.0009567901234567902,26.09677505493164,0.11538461538461539,0.12903225806451613
345,2,22,1,32400,1,3.08641975308642e-05,29.000001907348633,0.1111111111111111,0.0
345,2,22,2,32400,16,0.0004938271604938272,10.125,0.058823529411764705,0.125
345,2,23,0,32400,38,0.0011728395061728395,7.789473533630371,0.0967741935483871,0.13157894736842105
345,2,23,1,32400,7,0.0002160493827160494,8.428571701049805,1.0,0.0
345,2,23,2,32400,14,0.0004320987654320988,5.5714287757873535,0.125,0.21428571428571427
345,2,24,0,32400,40,0.0012345679012345679,8.02500057220459,0.13157894736842105,0.15
345,2,24,1,32400,12,0.00037037037037037035,7.6666669845581055,0.0,0.0
345,2,24,2,32400,18,0.0005555555555555556,9.111111640930176,0.14285714285714285,0.16666666666666666
345,2,25,0,32400,36,0.0011111111111111111,30.638893127441406,0.15,0.1388888888888889
345,2,25,1,32400,11,0.00033950617283950616,9.181818008422852,0.08333333333333333,0.0
345,2,25,2,32400,25,0.0007716049382716049,46.40000534057617,0.16666666666666666,0.2
345,2,26,0,32400,35,0.0010802469135802468,7.199999809265137,0.1388888888888889,0.14285714285714285
345,2,26,1,32400,9,0.0002777777777777778,6.44444465637207,0.09090909090909091,0.0
345,2,26,2,32400,18,0.0005555555555555556,16.16666603088379,0.2,0.16666666666666666
345,2,27,0,32400,31,0.0009567901234567902,11.645160675048828,0.14285714285714285,0.16129032258064516
345,2,27,1,32400,6,0.00018518518518518518,14.50000286102295,0.1111111111111111,0.0
345,2,27,2,32400,23,0.0007098765432098765,12.391304969787598,0.0,0.0
345,2,28,0,32400,38,0.0011728395061728395,62.86841583251953,0.16129032258064516,0.13157894736842105
345,2,28,1,32400,7,0.0002160493827160494,4.5714287757873535,0.0,0.0
345,2,28,2,32400,11,0.00033950617283950616,14.727274894714355,0.043478260869565216,0.18181818181818182
345,2,29,0,32400,34,0.0010493827160493827,7.088235378265381,0.21052631578947367,0.11764705882352941
345,2,29,1,32400,12,0.00037037037037037035,8.416666984558105,0.0,0.08333333333333333
345,2,29,2,32400,13,0.00040123456790123454,30.923080444335938,0.09090909090909091,0.15384615384615385
345,2,30,0,32400,35,0.0010802469135802468,21.25714111328125,0.029411764705882353,0.11428571428571428
345,2,30,1,32400,11,0.00033950617283950616,22.272729873657227,0.16666666666666666,0.09090909090909091
345,2,30,2,32400,18,0.0005555555555555556,7.611111164093018,0.23076923076923078,0.0
345,2,31,0,32400,39,0.0012037037037037038,10.435897827148438,0.2,0.1282051282051282
345,2,31,1,32400,12,0.00037037037037037035,22.25,0.09090909090909091,0.0
345,2,31,2,32400,9,0.0002777777777777778,4.666666507720947,0.0,0.3333333333333333
345,2,32,0,32400,34,0.0010493827160493827,25.794116973876953,0.10256410256410256,0.058823529411764705
345,2,32,1,32400,7,0.0002160493827160494,10.857142448425293,0.0,0.0
345,2,32,2,32400,19,0.0005864197530864197,6.947368621826172,0.1111111111111111,0.05263157894736842
345,2,33,0,32400,45,0.001388888888888889,10.644444465637207,0.14705882352941177,0.17777777777777778
345,2,33,1,32400,2,6.17283950617284e-05,18.499998092651367,0.0,0.0
345,2,33,2,32400,13,0.00040123456790123454,2.538461685180664,0.0,0.15384615384615385
345,2,34,0,32400,26,0.0008024691358024691,19.807693481445312,0.06666666666666667,0.11538461538461539
345,2,34,1,32400,10,0.00030864197530864197,25.499998092651367,0.0,0.1
345,2,34,2,32400,9,0.0002777777777777778,17.444446563720703,0.0,0.0
345,2,35,0,32400,29,0.0008950617283950618,17.724138259887695,0.0,0.06896551724137931
345,2,35,1,32400,6,0.00018518518518518518,2.1666667461395264,0.2,0.0
345,2,35,2,32400,11,0.00033950617283950616,7.727272987365723,0.1111111111111111,0.0
345,3,1,0,32400,23,0.0007098765432098765,14.347824096679688,-1.0,0.043478260869565216
345,3,1,1,32400,5,0.00015432098765432098,3.4000000953674316,-1.0,0.0
345,3,1,2,32400,21,0.0006481481481481481,4.428571701049805,-1.0,0.09523809523809523
345,3,2,0,32400,21,0.0006481481481481481,10.619048118591309,0.17391304347826086,0.14285714285714285
345,3,2,1,32400,16,0.0004938271604938272,29.000001907348633,0.2,0.0625
345,3,2,2,32400,12,0.00037037037037037035,7.083333492279053,0.047619047619047616,0.0
345,3,3,0,32400,26,0.0008024691358024691,10.730769157409668,0.047619047619047616,0.07692307692307693
345,3,3,1,32400,12,0.00037037037037037035,2.9166667461395264,0.0625,0.0
345,3,3,2,32400,19,0.0005864197530864197,8.947368621826172,0.16666666666666666,0.15789473684210525
345,3,4,0,32400,30,0.000925925925925926,9.366666793823242,0.07692307692307693,0.06666666666666667
345,3,4,1,32400,11,0.00033950617283950616,6.545454025268555,0.0,0.18181818181818182
345,3,4,2,32400,19,0.0005864197530864197,6.789473533630371,0.05263157894736842,0.0
345,3,5,0,32400,19,0.0005864197530864197,10.210526466369629,0.16666666666666666,0.0
345,3,5,1,32400,11,0.00033950617283950616,56.81817626953125,0.0,0.2727272727272727
345,3,5,2,32400,13,0.00040123456790123454,2.230769395828247,0.10526315789473684,0.0
345,3,6,0,32400,25,0.0007716049382716049,10.15999984741211,0.10526315789473684,0.12
345,3,6,1,32400,8,0.0002469135802469136,10.0,0.2727272727272727,0.25
345,3,6,2,32400,17,0.0005246913580246914,7.647058010101318,0.0,0.11764705882352941
345,3,7,0,32400,21,0.0006481481481481481,14.904762268066406,0.12,0.14285714285714285
345,3,7,1,32400,15,0.000462962962962963,8.600000381469727,0.0,0.06666666666666667
345,3,7,2,32400,24,0.0007407407407407407,8.25,0.11764705882352941,0.125
345,3,8,0,32400,33,0.0010185185185185184,17.454545974731445,0.09523809523809523,0.12121212121212122
345,3,8,1,32400,10,0.00030864197530864197,4.800000190734863,0.0,0.1
345,3,8,2,32400,12,0.00037037037037037035,8.833333969116211,0.08333333333333333,0.0
345,3,9,0,32400,36,0.0011111111111111111,6.6666669845581055,0.18181818181818182,0.1111111111111111
345,3,9,1,32400,8,0.0002469135802469136,9.0,0.0,0.0
345,3,9,2,32400,11,0.00033950617283950616,2.7272727489471436,0.08333333333333333,0.0
345,3,10,0,32400,25,0.0007716049382716049,12.559999465942383,0.05555555555555555,0.08
345,3,10,1,32400,6,0.00018518518518518518,27.5,0.0,0.0
345,3,10,2,32400,13,0.00040123456790123454,4.307692527770996,0.09090909090909091,0.07692307692307693
345,3,11,0,32400,29,0.0008950617283950618,18.482759475708008,0.08,0.034482758620689655
345,3,11,1,32400,5,0.00015432098765432098,3.200000047683716,0.0,0.0
345,3,11,2,32400,9,0.0002777777777777778,2.555555582046509,0.07692307692307693,0.0
345,3,12,0,32400,26,0.0008024691358024691,6.692307949066162,0.034482758620689655,0.038461538461538464
345,3,12,1,32400,11,0.00033950617283950616,11.181818962097168,0.4,0.0
345,3,12,2,32400,14,0.0004320987654320988,3.642857313156128,0.1111111111111111,0.07142857142857142
345,3,13,0,32400,19,0.0005864197530864197,20.10526466369629,0.038461538461538464,0.05263157894736842
345,3,13,1,32400,10,0.00030864197530864197,13.499999046325684,0.09090909090909091,0.0
345,3,13,2,32400,18,0.0005555555555555556,12.722222328186035,0.14285714285714285,0.1111111111111111
345,3,14,0,32400,35,0.0010802469135802468,13.428571701049805,0.10526315789473684,0.14285714285714285
345,3,14,1,32400,6,0.00018518518518518518,13.0,0.0,0.0
345,3,14,2,32400,9,0.0002777777777777778,14.111111640930176,0.05555555555555555,0.0
345,3,15,0,32400,31,0.0009567901234567902,18.838708877563477,0.14285714285714285,0.0
345,3,15,1,32400,15,0.000462962962962963,7.066667079925537,0.3333333333333333,0.06666666666666667
345,3,15,2,32400,12,0.00037037037037037035,8.166666984558105,0.0,0.0
345,3,16,0,32400,29,0.0008950617283950618,8.931034088134766,0.03225806451612903,0.06896551724137931
345,3,16,1,32400,15,0.000462962962962963,3.4666669368743896,0.13333333333333333,0.13333333333333333
345,3,16,2,32400,14,0.0004320987654320988,9.428571701049805,0.0,0.21428571428571427
345,3,17,0,32400,41,0.0012654320987654322,14.829267501831055,0.13793103448275862,0.1951219512195122
345,3,17,1,32400,15,0.000462962962962963,13.466666221618652,0.2,0.13333333333333333
345,3,17,2,32400,18,0.0005555555555555556,6.94444465637207,0.0,0.0
345,3,18,0,32400,34,0.0010493827160493827,8.852941513061523,0.0975609756097561,0.058823529411764705
345,3,18,1,32400,12,0.00037037037037037035,9.833333969116211,0.06666666666666667,0.0
345,3,18,2,32400,20,0.0006172839506172839,8.199999809265137,0.05555555555555555,0.15
345,3,19,0,32400,39,0.0012037037037037038,12.974359512329102,0.11764705882352941,0.07692307692307693
345,3,19,1,32400,16,0.0004938271604938272,25.687501907348633,0.0,0.0
345,3,19,2,32400,16,0.0004938271604938272,5.5625,0.05,0.0
345,3,20,0,32400,30,0.000925925925925926,9.033333778381348,0.07692307692307693,0.03333333333333333
345,3,20,1,32400,24,0.0007407407407407407,10.458333969116211,0.1875,0.125
345,3,20,2,32400,19,0.0005864197530864197,10.1578950881958,0.0,0.15789473684210525
345,3,21,0,32400,29,0.0008950617283950618,5.724137783050537,0.16666666666666666,0.06896551724137931
345,3,21,1,32400,11,0.00033950617283950616,16.454545974731445,0.08333333333333333,0.09090909090909091
345,3,21,2,32400,18,0.0005555555555555556,5.777777671813965,0.10526315789473684,0.0
345,3,22,0,32400,31,0.0009567901234567902,28.74193572998047,0.06896551724137931,0.16129032258064516
345,3,22,1,32400,5,0.00015432098765432098,11.199999809265137,0.0,0.0
345,3,22,2,32400,12,0.00037037037037037035,7.75,0.16666666666666666,0.0
345,3,23,0,32400,32,0.0009876543209876543,8.28125,0.06451612903225806,0.09375
345,3,23,1,32400,6,0.00018518518518518518,4.166666507720947,0.0,0.0
345,3,23,2,32400,16,0.0004938271604938272,6.3125,0.08333333333333333,0.1875
345,3,24,0,32400,31,0.0009567901234567902,7.0,0.15625,0.12903225806451613
345,3,24,1,32400,10,0.00030864197530864197,4.5,0.16666666666666666,0.2
345,3,24,2,32400,14,0.0004320987654320988,6.428571701049805,0.1875,0.07142857142857142
345,3,25,0,32400,30,0.000925925925925926,18.63333511352539,0.0,0.13333333333333333
345,3,25,1,32400,3,9.259259259259259e-05,4.6666669845581055,0.0,0.0
345,3,25,2,32400,14,0.0004320987654320988,28.785715103149414,0.14285714285714285,0.07142857142857142
345,3,26,0,32400,26,0.0008024691358024691,8.230769157409668,0.0,0.23076923076923078
345,3,26,1,32400,7,0.0002160493827160494,13.714286804199219,0.0,0.0
345,3,26,2,32400,19,0.0005864197530864197,21.052631378173828,0.14285714285714285,0.10526315789473684
345,3,27,0,32400,41,0.0012654320987654322,38.82926940917969,0.19230769230769232,0.12195121951219512
345,3,27,1,32400,4,0.0001234567901234568,87.00000762939453,0.14285714285714285,0.0
345,3,27,2,32400,18,0.0005555555555555556,21.77777671813965,0.05263157894736842,0.05555555555555555
345,3,28,0,32400,31,0.0009567901234567902,73.64514923095703,0.12195121951219512,0.06451612903225806
345,3,28,1,32400,8,0.0002469135802469136,15.5,0.0,0.0
345,3,28,2,32400,15,0.000462962962962963,13.933334350585938,0.0,0.13333333333333333
345,3,29,0,32400,28,0.0008641975308641976,11.071429252624512,0.03225806451612903,0.07142857142857142
345,3,29,1,32400,10,0.00030864197530864197,14.199999809265137,0.0,0.0
345,3,29,2,32400,21,0.0006481481481481481,34.57143020629883,0.0,0.14285714285714285
345,3,30,0,32400,39,0.0012037037037037038,27.410259246826172,0.03571428571428571,0.15384615384615385
345,3,30,1,32400,10,0.00030864197530864197,19.200002670288086,0.2,0.0
345,3,30,2,32400,23,0.0007098765432098765,10.34782600402832,0.0,0.13043478260869565
345,3,31,0,32400,42,0.0012962962962962963,9.571428298950195,0.10256410256410256,0.16666666666666666
345,3,31,1,32400,7,0.0002160493827160494,14.571429252624512,0.0,0.0
345,3,31,2,32400,11,0.00033950617283950616,6.363636493682861,0.0,0.09090909090909091
345,3,32,0,32400,34,0.0010493827160493827,10.176470756530762,0.09523809523809523,0.058823529411764705
345,3,32,1,32400,4,0.0001234567901234568,4.25,0.14285714285714285,0.0
345,3,32,2,32400,17,0.0005246913580246914,4.352941036224365,0.09090909090909091,0.058823529411764705
345,3,33,0,32400,31,0.0009567901234567902,10.096774101257324,0.14705882352941177,0.06451612903225806
345,3,33,1,32400,5,0.00015432098765432098,4.200000286102295,0.0,0.0
345,3,33,2,32400,11,0.00033950617283950616,5.18181848526001,0.058823529411764705,0.18181818181818182
345,3,34,0,32400,26,0.0008024691358024691,21.115385055541992,0.12903225806451613,0.11538461538461539
345,3,34,1,32400,9,0.0002777777777777778,18.11111068725586,0.0,0.1111111111111111
345,3,34,2,32400,13,0.00040123456790123454,5.615385055541992,0.09090909090909091,0.0
345,3,35,0,32400,35,0.0010802469135802468,7.028571605682373,0.11538461538461539,0.11428571428571428
345,3,35,1,32400,6,0.00018518518518518518,4.333333492279053,0.0,0.16666666666666666
345,3,35,2,32400,13,0.00040123456790123454,7.076923370361328,0.07692307692307693,0.0
346,0,1,0,32400,21,0.0006481481481481481,8.809523582458496,-1.0,0.09523809523809523
346,0,1,1,32400,13,0.00040123456790123454,52.30769729614258,-1.0,0.07692307692307693
346,0,1,2,32400,15,0.000462962962962963,4.733333587646484,-1.0,0.2
346,0,2,0,32400,28,0.0008641975308641976,12.821429252624512,0.09523809523809523,0.14285714285714285
346,0,2,1,32400,13,0.00040123456790123454,32.84615707397461,0.07692307692307693,0.15384615384615385
346,0,2,2,32400,14,0.0004320987654320988,10.642857551574707,0.06666666666666667,0.07142857142857142
346,0,3,0,32400,32,0.0009876543209876543,10.1875,0.10714285714285714,0.09375
346,0,3,1,32400,15,0.000462962962962963,10.666666984558105,0.3076923076923077,0.2
346,0,3,2,32400,15,0.000462962962962963,6.066667079925537,0.0,0.06666666666666667
346,0,4,0,32400,23,0.0007098765432098765,7.73913049697876,0.09375,0.13043478260869565
346,0,4,1,32400,15,0.000462962962962963,10.40000057220459,0.06666666666666667,0.06666666666666667
346,0,4,2,32400,13,0.00040123456790123454,4.692307949066162,0.06666666666666667,0.23076923076923078
346,0,5,0,32400,27,0.0008333333333333334,14.333334922790527,0.08695652173913043,0.1111111111111111
346,0,5,1,32400,17,0.0005246913580246914,7.529411792755127,0.2,0.17647058823529413
346,0,5,2,32400,13,0.00040123456790123454,4.615384578704834,0.0,0.0
346,0,6,0,32400,31,0.0009567901234567902,21.19354820251465,0.14814814814814814,0.12903225806451613
346,0,6,1,32400,14,0.0004320987654320988,7.928571701049805,0.0,0.0
346,0,6,2,32400,14,0.0004320987654320988,7.0714287757873535,0.07692307692307693,0.0
346,0,7,0,32400,27,0.0008333333333333334,30.07407569885254,0.16129032258064516,0.25925925925925924
346,0,7,1,32400,6,0.00018518518518518518,4.0,0.07142857142857142,0.16666666666666666
346,0,7,2,32400,13,0.00040123456790123454,7.769230842590332,0.0,0.07692307692307693
346,0,8,0,32400,31,0.0009567901234567902,19.45161247253418,0.037037037037037035,0.16129032258064516
346,0,8,1,32400,6,0.00018518518518518518,4.0,0.0,0.0
346,0,8,2,32400,22,0.0006790123456790123,5.409090995788574,0.07692307692307693,0.0
346,0,9,0,32400,30,0.000925925925925926,8.233333587646484,0.16129032258064516,0.16666666666666666
346,0,9,1,32400,11,0.00033950617283950616,6.2727274894714355,0.0,0.09090909090909091
346,0,9,2,32400,17,0.0005246913580246914,3.7058823108673096,0.0,0.058823529411764705
346,0,10,0,32400,28,0.0008641975308641976,17.71428680419922,0.0,0.03571428571428571
346,0,10,1,32400,9,0.0002777777777777778,8.222222328186035,0.18181818181818182,0.1111111111111111
346,0,10,2,32400,11,0.00033950617283950616,3.090909242630005,0.058823529411764705,0.0
346,0,11,0,32400,28,0.0008641975308641976,12.285715103149414,0.14285714285714285,0.07142857142857142
346,0,11,1,32400,15,0.000462962962962963,48.20000076293945,0.0,0.26666666666666666
346,0,11,2,32400,7,0.0002160493827160494,1.4285714626312256,0.0,0.0
346,0,12,0,32400,21,0.0006481481481481481,11.333333969116211,0.03571428571428571,0.0
346,0,12,1,32400,5,0.00015432098765432098,72.80000305175781,0.13333333333333333,0.0
346,0,12,2,32400,22,0.0006790123456790123,13.409090995788574,0.0,0.13636363636363635
346,0,13,0,32400,29,0.0008950617283950618,6.586206912994385,0.047619047619047616,0.1724137931034483
346,0,13,1,32400,8,0.0002469135802469136,4.25,0.0,0.0
346,0,13,2,32400,6,0.00018518518518518518,2.6666667461395264,0.0,0.0
346,0,14,0,32400,32,0.0009876543209876543,42.249996185302734,0.13793103448275862,0.125
346,0,14,1,32400,12,0.00037037037037037035,7.833333492279053,0.25,0.08333333333333333
346,0,14,2,32400,18,0.0005555555555555556,10.44444465637207,0.16666666666666666,0.1111111111111111
346,0,15,0,32400,37,0.0011419753086419754,19.648649215698242,0.1875,0.1891891891891892
346,0,15,1,32400,8,0.0002469135802469136,6.0,0.16666666666666666,0.0
346,0,15,2,32400,14,0.0004320987654320988,7.428571701049805,0.05555555555555555,0.07142857142857142
346,0,16,0,32400,24,0.0007407407407407407,23.75,0.10810810810810811,0.041666666666666664
346,0,16,1,32400,13,0.00040123456790123454,11.84615421295166,0.25,0.07692307692307693
346,0,16,2,32400,15,0.000462962962962963,9.666666984558105,0.07142857142857142,0.13333333333333333
346,0,17,0,32400,27,0.0008333333333333334,18.740737915039062,0.16666666666666666,0.1111111111111111
346,0,17,1,32400,16,0.0004938271604938272,8.625,0.3076923076923077,0.125
346,0,17,2,32400,16,0.0004938271604938272,9.75,0.0,0.125
346,0,18,0,32400,28,0.0008641975308641976,13.785715103149414,0.14814814814814814,0.07142857142857142
346,0,18,1,32400,15,0.000462962962962963,7.200000286102295,0.0,0.13333333333333333
346,0,18,2,32400,21,0.0006481481481481481,4.857142925262451,0.1875,0.14285714285714285
346,0,19,0,32400,33,0.0010185185185185184,11.636363983154297,0.07142857142857142,0.030303030303030304
346,0,19,1,32400,12,0.00037037037037037035,4.0,0.0,0.08333333333333333
346,0,19,2,32400,13,0.00040123456790123454,3.692307949066162,0.09523809523809523,0.0
346,0,20,0,32400,32,0.0009876543209876543,10.25,0.09090909090909091,0.03125
346,0,20,1,32400,12,0.00037037037037037035,11.833333969116211,0.16666666666666666,0.0
346,0,20,2,32400,20,0.0006172839506172839,4.450000286102295,0.15384615384615385,0.1
346,0,21,0,32400,24,0.0007407407407407407,12.041666984558105,0.0625,0.08333333333333333
346,0,21,1,32400,7,0.0002160493827160494,6.285714626312256,0.08333333333333333,0.14285714285714285
346,0,21,2,32400,17,0.0005246913580246914,7.411765098571777,0.1,0.17647058823529413
346,0,22,0,32400,33,0.0010185185185185184,8.36363697052002,0.125,0.18181818181818182
346,0,22,1,32400,6,0.00018518518518518518,27.500003814697266,0.2857142857142857,0.0
346,0,22,2,32400,8,0.0002469135802469136,4.0,0.058823529411764705,0.0
346,0,23,0,32400,27,0.0008333333333333334,8.518518447875977,0.12121212121212122,0.14814814814814814
346,0,23,1,32400,9,0.0002777777777777778,11.777777671813965,0.0,0.0
346,0,23,2,32400,15,0.000462962962962963,4.600000381469727,0.0,0.3333333333333333
346,0,24,0,32400,41,0.0012654320987654322,10.341463088989258,0.14814814814814814,0.0975609756097561
346,0,24,1,32400,8,0.0002469135802469136,7.375000476837158,0.1111111111111111,0.0
346,0,24,2,32400,21,0.0006481481481481481,26.619047164916992,0.06666666666666667,0.23809523809523808
346,0,25,0,32400,30,0.000925925925925926,10.000000953674316,0.12195121951219512,0.16666666666666666
346,0,25,1,32400,8,0.0002469135802469136,15.999999046325684,0.0,0.0
346,0,25,2,32400,16,0.0004938271604938272,18.562501907348633,0.09523809523809523,0.125
346,0,26,0,32400,23,0.0007098765432098765,13.69565200805664,0.13333333333333333,0.13043478260869565
346,0,26,1,32400,6,0.00018518518518518518,35.33333969116211,0.0,0.0
346,0,26,2,32400,23,0.0007098765432098765,20.69565200805664,0.25,0.17391304347826086
346,0,27,0,32400,30,0.000925925925925926,31.166667938232422,0.08695652173913043,0.13333333333333333
346,0,27,1,32400,6,0.00018518518518518518,6.6666669845581055,0.0,0.16666666666666666
346,0,27,2,32400,11,0.00033950617283950616,24.818185806274414,0.13043478260869565,0.09090909090909091
346,0,28,0,32400,44,0.0013580246913580246,10.545454978942871,0.16666666666666666,0.20454545454545456
346,0,28,1,32400,7,0.0002160493827160494,3.5714287757873535,0.0,0.14285714285714285
346,0,28,2,32400,11,0.00033950617283950616,27.727270126342773,0.09090909090909091,0.0
346,0,29,0,32400,16,0.0004938271604938272,62.187496185302734,0.0,0.125
346,0,29,1,32400,17,0.0005246913580246914,4.058823585510254,0.2857142857142857,0.0
346,0,29,2,32400,10,0.00030864197530864197,9.199999809265137,0.0,0.1
346,0,30,0,32400,34,0.0010493827160493827,7.941176414489746,0.0625,0.11764705882352941
346,0,30,1,32400,5,0.00015432098765432098,41.400001525878906,0.058823529411764705,0.0
346,0,30,2,32400,15,0.000462962962962963,3.6000003814697266,0.0,0.13333333333333333
346,0,31,0,32400,32,0.0009876543209876543,23.218748092651367,0.058823529411764705,0.125
346,0,31,1,32400,9,0.0002777777777777778,8.222222328186035,0.0,0.0
346,0,31,2,32400,16,0.0004938271604938272,17.999998092651367,0.06666666666666667,0.0625
346,0,32,0,32400,35,0.0010802469135802468,20.314285278320312,0.15625,0.08571428571428572
346,0,32,1,32400,4,0.0001234567901234568,4.25,0.0,0.0
346,0,32,2,32400,23,0.0007098765432098765,8.913043975830078,0.0625,0.13043478260869565
346,0,33,0,32400,31,0.0009567901234567902,15.419353485107422,0.08571428571428572,0.0967741935483871
346,0,33,1,32400,4,0.0001234567901234568,8.25,0.0,0.0
346,0,33,2,32400,10,0.00030864197530864197,8.40000057220459,0.08695652173913043,0.0
346,0,34,0,32400,41,0.0012654320987654322,18.97561264038086,0.16129032258064516,0.17073170731707318
346,0,34,1,32400,1,3.08641975308642e-05,2.0,0.0,0.0
346,0,34,2,32400,8,0.0002469135802469136,8.125,0.0,0.0
346,0,35,0,32400,35,0.0010802469135802468,11.857142448425293,0.0975609756097561,0.08571428571428572
346,0,35,1,32400,6,0.00018518518518518518,26.333332061767578,0.0,0.16666666666666666
346,0,35,2,32400,17,0.0005246913580246914,4.411764621734619,0.125,0.058823529411764705
346,1,1,0,32400,27,0.0008333333333333334,10.88888931274414,-1.0,0.14814814814814814
346,1,1,1,32400,9,0.0002777777777777778,24.33333396911621,-1.0,0.0
346,1,1,2,32400,17,0.0005246913580246914,7.294117450714111,-1.0,0.058823529411764705
346,1,2,0,32400,34,0.0010493827160493827,9.676470756530762,0.07407407407407407,0.08823529411764706
346,1,2,1,32400,19,0.0005864197530864197,7.842105388641357,0.2222222222222222,0.15789473684210525
346,1,2,2,32400,16,0.0004938271604938272,11.812499046325684,0.058823529411764705,0.0
346,1,3,0,32400,15,0.000462962962962963,10.066667556762695,0.029411764705882353,0.06666666666666667
346,1,3,1,32400,13,0.00040123456790123454,8.461538314819336,0.10526315789473684,0.07692307692307693
346,1,3,2,32400,14,0.0004320987654320988,2.142857313156128,0.125,0.07142857142857142
346,1,4,0,32400,24,0.0007407407407407407,26.625003814697266,0.0,0.125
346,1,4,1,32400,9,0.0002777777777777778,6.0,0.0,0.1111111111111111
346,1,4,2,32400,16,0.0004938271604938272,3.625,0.14285714285714285,0.125
346,1,5,0,32400,29,0.0008950617283950618,10.241379737854004,0.08333333333333333,0.1724137931034483
346,1,5,1,32400,10,0.00030864197530864197,10.0,0.1111111111111111,0.0
346,1,5,2,32400,16,0.0004938271604938272,8.25,0.125,0.0
346,1,6,0,32400,32,0.0009876543209876543,9.4375,0.2413793103448276,0.15625
346,1,6,1,32400,17,0.0005246913580246914,10.882352828979492,0.0,0.0
346,1,6,2,32400,16,0.0004938271604938272,4.25,0.1875,0.0625
346,1,7,0,32400,30,0.000925925925925926,15.933334350585938,0.25,0.13333333333333333
346,1,7,1,32400,5,0.00015432098765432098,8.199999809265137,0.0,0.0
346,1,7,2,32400,15,0.000462962962962963,7.333333492279053,0.0625,0.06666666666666667
346,1,8,0,32400,31,0.0009567901234567902,19.645160675048828,0.13333333333333333,0.22580645161290322
346,1,8,1,32400,9,0.0002777777777777778,6.777777671813965,0.0,0.0
346,1,8,2,32400,17,0.0005246913580246914,2.117647171020508,0.0,0.058823529411764705
346,1,9,0,32400,23,0.0007098765432098765,11.782608985900879,0.0967741935483871,0.13043478260869565
346,1,9,1,32400,13,0.00040123456790123454,8.538461685180664,0.1111111111111111,0.23076923076923078
346,1,9,2,32400,19,0.0005864197530864197,4.0,0.11764705882352941,0.10526315789473684
346,1,10,0,32400,28,0.0008641975308641976,5.785714626312256,0.13043478260869565,0.07142857142857142
346,1,10,1,32400,8,0.0002469135802469136,13.375,0.23076923076923078,0.125
346,1,10,2,32400,17,0.0005246913580246914,6.117647171020508,0.10526315789473684,0.17647058823529413
346,1,11,0,32400,25,0.0007716049382716049,8.0,0.14285714285714285,0.2
346,1,11,1,32400,15,0.000462962962962963,40.400001525878906,0.125,0.2
346,1,11,2,32400,16,0.0004938271604938272,4.875,0.058823529411764705,0.0
346,1,12,0,32400,30,0.000925925925925926,12.166667938232422,0.12,0.1
346,1,12,1,32400,7,0.0002160493827160494,45.142860412597656,0.2,0.0
346,1,12,2,32400,15,0.000462962962962963,18.33333396911621,0.0625,0.06666666666666667
346,1,13,0,32400,29,0.0008950617283950618,16.241378784179688,0.13333333333333333,0.034482758620689655
346,1,13,1,32400,14,0.0004320987654320988,7.0714287757873535,0.2857142857142857,0.0
346,1,13,2,32400,11,0.00033950617283950616,6.181817531585693,0.0,0.09090909090909091
346,1,14,0,32400,28,0.0008641975308641976,33.5,0.06896551724137931,0.03571428571428571
346,1,14,1,32400,5,0.00015432098765432098,9.199999809265137,0.14285714285714285,0.2
346,1,14,2,32400,19,0.0005864197530864197,9.684210777282715,0.09090909090909091,0.05263157894736842
346,1,15,0,32400,37,0.0011419753086419754,15.810811042785645,0.21428571428571427,0.16216216216216217
346,1,15,1,32400,12,0.00037037037037037035,4.583333492279053,0.0,0.3333333333333333
346,1,15,2,32400,14,0.0004320987654320988,2.357142925262451,0.15789473684210525,0.07142857142857142
346,1,16,0,32400,30,0.000925925925925926,13.40000057220459,0.10810810810810811,0.1
346,1,16,1,32400,12,0.00037037037037037035,10.999999046325684,0.08333333333333333,0.25
346,1,16,2,32400,16,0.0004938271604938272,5.9375,0.07142857142857142,0.0625
346,1,17,0,32400,31,0.0009567901234567902,8.096774101257324,0.1,0.0967741935483871
346,1,17,1,32400,11,0.00033950617283950616,8.090909004211426,0.0,0.09090909090909091
346,1,17,2,32400,17,0.0005246913580246914,7.235294818878174,0.0625,0.23529411764705882
346,1,18,0,32400,31,0.0009567901234567902,9.258064270019531,0.03225806451612903,0.12903225806451613
346,1,18,1,32400,17,0.0005246913580246914,27.23529624938965,0.0,0.058823529411764705
346,1,18,2,32400,16,0.0004938271604938272,6.25,0.0,0.0
346,1,19,0,32400,35,0.0010802469135802468,7.685714244842529,0.06451612903225806,0.2
346,1,19,1,32400,15,0.000462962962962963,15.533336639404297,0.11764705882352941,0.13333333333333333
346,1,19,2,32400,17,0.0005246913580246914,17.117647171020508,0.0,0.11764705882352941
346,1,20,0,32400,35,0.0010802469135802468,9.657142639160156,0.14285714285714285,0.02857142857142857
346,1,20,1,32400,14,0.0004320987654320988,13.500000953674316,0.0,0.14285714285714285
346,1,20,2,32400,12,0.00037037037037037035,12.166666984558105,0.058823529411764705,0.25
346,1,21,0,32400,24,0.0007407407407407407,40.04167175292969,0.14285714285714285,0.125
346,1,21,1,32400,2,6.17283950617284e-05,2.0,0.07142857142857142,0.0
346,1,21,2,32400,14,0.0004320987654320988,3.9285717010498047,0.08333333333333333,0.07142857142857142
346,1,22,0,32400,31,0.0009567901234567902,7.516129016876221,0.20833333333333334,0.12903225806451613
346,1,22,1,32400,9,0.0002777777777777778,3.777777910232544,0.0,0.1111111111111111
346,1,22,2,32400,14,0.0004320987654320988,6.000000476837158,0.07142857142857142,0.14285714285714285
346,1,23,0,32400,27,0.0008333333333333334,14.44444465637207,0.1935483870967742,0.07407407407407407
346,1,23,1,32400,9,0.0002777777777777778,5.111111164093018,0.1111111111111111,0.0
346,1,23,2,32400,16,0.0004938271604938272,1.875,0.0,0.0625
346,1,24,0,32400,36,0.0011111111111111111,10.222222328186035,0.2222222222222222,0.1388888888888889
346,1,24,1,32400,7,0.0002160493827160494,3.000000238418579,0.0,0.0
346,1,24,2,32400,19,0.0005864197530864197,10.263155937194824,0.125,0.15789473684210525
346,1,25,0,32400,23,0.0007098765432098765,4.4347825050354,0.08333333333333333,0.13043478260869565
346,1,25,1,32400,2,6.17283950617284e-05,111.5,0.0,0.0
346,1,25,2,32400,18,0.0005555555555555556,14.88888931274414,0.21052631578947367,0.1111111111111111
346,1,26,0,32400,37,0.0011419753086419754,28.675682067871094,0.08695652173913043,0.08108108108108109
346,1,26,1,32400,3,9.259259259259259e-05,56.66667175292969,0.0,0.0
346,1,26,2,32400,22,0.0006790123456790123,21.499998092651367,0.05555555555555555,0.045454545454545456
346,1,27,0,32400,32,0.0009876543209876543,28.75,0.13513513513513514,0.0625
346,1,27,1,32400,4,0.0001234567901234568,11.5,0.0,0.0
346,1,27,2,32400,14,0.0004320987654320988,42.714290618896484,0.09090909090909091,0.2857142857142857
346,1,28,0,32400,39,0.0012037037037037038,7.589743614196777,0.09375,0.1282051282051282
346,1,28,1,32400,8,0.0002469135802469136,12.500000953674316,0.0,0.0
346,1,28,2,32400,25,0.0007716049382716049,23.119998931884766,0.2857142857142857,0.2
346,1,29,0,32400,31,0.0009567901234567902,40.32257843017578,0.07692307692307693,0.0967741935483871
346,1,29,1,32400,12,0.00037037037037037035,6.083333492279053,0.125,0.16666666666666666
346,1,29,2,32400,16,0.0004938271604938272,57.187503814697266,0.08,0.125
346,1,30,0,32400,39,0.0012037037037037038,8.717948913574219,0.0967741935483871,0.15384615384615385
346,1,30,1,32400,6,0.00018518518518518518,17.0,0.08333333333333333,0.0
346,1,30,2,32400,12,0.00037037037037037035,3.75,0.0625,0.08333333333333333
346,1,31,0,32400,36,0.0011111111111111111,22.58333396911621,0.10256410256410256,0.08333333333333333
346,1,31,1,32400,6,0.00018518518518518518,9.666666984558105,0.0,0.0
346,1,31,2,32400,10,0.00030864197530864197,7.800000190734863,0.0,0.0
346,1,32,0,32400,38,0.0011728395061728395,19.13157844543457,0.08333333333333333,0.13157894736842105
346,1,32,1,32400,5,0.00015432098765432098,4.800000190734863,0.0,0.0
346,1,32,2,32400,25,0.0007716049382716049,9.079999923706055,0.1,0.12
346,1,33,0,32400,34,0.0010493827160493827,9.70588207244873,0.10526315789473684,0.11764705882352941
346,1,33,1,32400,9,0.0002777777777777778,26.444442749023438,0.0,0.1111111111111111
346,1,33,2,32400,15,0.000462962962962963,8.466668128967285,0.04,0.0
346,1,34,0,32400,32,0.0009876543209876543,14.71875,0.08823529411764706,0.0625
346,1,34,1,32400,1,3.08641975308642e-05,2.0,0.0,0.0
346,1,34,2,32400,10,0.00030864197530864197,9.199999809265137,0.0,0.1
346,1,35,0,32400,31,0.0009567901234567902,55.77419662475586,0.0625,0.0967741935483871
346,1,35,1,32400,9,0.0002777777777777778,10.55555534362793,0.0,0.0
346,1,35,2,32400,11,0.00033950617283950616,7.909090995788574,0.0,0.0
346,2,1,0,32400,26,0.0008024691358024691,8.269230842590332,-1.0,0.07692307692307693
346,2,1,1,32400,11,0.00033950617283950616,35.45454788208008,-1.0,0.0
346,2,1,2,32400,10,0.00030864197530864197,2.9000000953674316,-1.0,0.0
346,2,2,0,32400,27,0.0008333333333333334,9.851851463317871,0.11538461538461539,0.07407407407407407
346,2,2,1,32400,10,0.00030864197530864197,34.600006103515625,0.0,0.3
346,2,2,2,32400,18,0.0005555555555555556,11.333333015441895,0.2,0.0
346,2,3,0,32400,22,0.0006790123456790123,11.0,0.14814814814814814,0.09090909090909091
346,2,3,1,32400,11,0.00033950617283950616,8.090909004211426,0.2,0.0
346,2,3,2,32400,14,0.0004320987654320988,6.357142925262451,0.0,0.07142857142857142
346,2,4,0,32400,30,0.000925925925925926,11.100000381469727,0.09090909090909091,0.16666666666666666
346,2,4,1,32400,10,0.00030864197530864197,8.40000057220459,0.09090909090909091,0.0
346,2,4,2,32400,14,0.0004320987654320988,12.714288711547852,0.07142857142857142,0.21428571428571427
346,2,5,0,32400,24,0.0007407407407407407,10.416667938232422,0.16666666666666666,0.0
346,2,5,1,32400,14,0.0004320987654320988,8.642857551574707,0.1,0.21428571428571427
346,2,5,2,32400,12,0.00037037037037037035,2.5,0.07142857142857142,0.0
346,2,6,0,32400,31,0.0009567901234567902,25.70967674255371,0.16666666666666666,0.06451612903225806
346,2,6,1,32400,21,0.0006481481481481481,9.571428298950195,0.35714285714285715,0.047619047619047616
346,2,6,2,32400,15,0.000462962962962963,4.600000381469727,0.0,0.13333333333333333
346,2,7,0,32400,31,0.0009567901234567902,22.29032325744629,0.16129032258064516,0.16129032258064516
346,2,7,1,32400,8,0.0002469135802469136,9.5,0.047619047619047616,0.125
346,2,7,2,32400,9,0.0002777777777777778,7.666666507720947,0.06666666666666667,0.1111111111111111
346,2,8,0,32400,32,0.0009876543209876543,11.749999046325684,0.16129032258064516,0.15625
346,2,8,1,32400,10,0.00030864197530864197,5.300000190734863,0.0,0.1
346,2,8,2,32400,21,0.0006481481481481481,3.190476179122925,0.3333333333333333,0.19047619047619047
346,2,9,0,32400,21,0.0006481481481481481,10.809523582458496,0.09375,0.047619047619047616
346,2,9,1,32400,10,0.00030864197530864197,7.300000190734863,0.0,0.2
346,2,9,2,32400,19,0.0005864197530864197,4.5789475440979,0.047619047619047616,0.10526315789473684
346,2,10,0,32400,30,0.000925925925925926,8.0,0.23809523809523808,0.1
346,2,10,1,32400,9,0.0002777777777777778,21.33333396911621,0.0,0.0
346,2,10,2,32400,15,0.000462962962962963,5.000000476837158,0.05263157894736842,0.13333333333333333
346,2,11,0,32400,24,0.0007407407407407407,8.75,0.06666666666666667,0.08333333333333333
346,2,11,1,32400,9,0.0002777777777777778,9.44444465637207,0.0,0.0
346,2,11,2,32400,11,0.00033950617283950616,3.3636364936828613,0.0,0.0
346,2,12,0,32400,20,0.0006172839506172839,7.700000286102295,0.16666666666666666,0.0
346,2,12,1,32400,7,0.0002160493827160494,5.714285850524902,0.1111111111111111,0.2857142857142857
346,2,12,2,32400,23,0.0007098765432098765,9.0,0.0,0.21739130434782608
346,2,13,0,32400,29,0.0008950617283950618,31.137937545776367,0.3,0.10344827586206896
346,2,13,1,32400,7,0.0002160493827160494,13.714286804199219,0.0,0.0
346,2,13,2,32400,15,0.000462962962962963,17.13333511352539,0.0,0.2
346,2,14,0,32400,26,0.0008024691358024691,53.230770111083984,0.10344827586206896,0.07692307692307693
346,2,14,1,32400,13,0.00040123456790123454,12.538461685180664,0.2857142857142857,0.15384615384615385
346,2,14,2,32400,19,0.0005864197530864197,11.36842155456543,0.13333333333333333,0.10526315789473684
346,2,15,0,32400,30,0.000925925925925926,23.53333282470703,0.07692307692307693,0.03333333333333333
346,2,15,1,32400,7,0.0002160493827160494,10.714285850524902,0.15384615384615385,0.14285714285714285
346,2,15,2,32400,17,0.0005246913580246914,5.470588207244873,0.05263157894736842,0.11764705882352941
346,2,16,0,32400,29,0.0008950617283950618,16.0689640045166,0.06666666666666667,0.0
346,2,16,1,32400,11,0.00033950617283950616,16.636363983154297,0.2857142857142857,0.09090909090909091
346,2,16,2,32400,13,0.00040123456790123454,10.69230842590332,0.058823529411764705,0.07692307692307693
346,2,17,0,32400,32,0.0009876543209876543,13.6875,0.10344827586206896,0.09375
346,2,17,1,32400,8,0.0002469135802469136,14.0,0.09090909090909091,0.0
346,2,17,2,32400,18,0.0005555555555555556,4.722222328186035,0.07692307692307693,0.1111111111111111
346,2,18,0,32400,38,0.0011728395061728395,15.763157844543457,0.125,0.07894736842105263
346,2,18,1,32400,14,0.0004320987654320988,6.357142925262451,0.0,0.0
346,2,18,2,32400,20,0.0006172839506172839,4.650000095367432,0.1111111111111111,0.15
346,2,19,0,32400,36,0.0011111111111111111,10.527777671813965,0.15789473684210525,0.1111111111111111
346,2,19,1,32400,17,0.0005246913580246914,11.058823585510254,0.14285714285714285,0.11764705882352941
346,2,19,2,32400,15,0.000462962962962963,8.533334732055664,0.1,0.06666666666666667
346,2,20,0,32400,18,0.0005555555555555556,10.500000953674316,0.08333333333333333,0.0
346,2,20,1,32400,10,0.00030864197530864197,17.600000381469727,0.058823529411764705,0.0
346,2,20,2,32400,20,0.0006172839506172839,4.550000190734863,0.06666666666666667,0.1
346,2,21,0,32400,27,0.0008333333333333334,7.962963104248047,0.05555555555555555,0.1111111111111111
346,2,21,1,32400,5,0.00015432098765432098,8.0,0.0,0.0
346,2,21,2,32400,17,0.0005246913580246914,6.0,0.05,0.058823529411764705
346,2,22,0,32400,31,0.0009567901234567902,7.838709354400635,0.07407407407407407,0.12903225806451613
346,2,22,1,32400,6,0.00018518518518518518,5.5,0.2,0.0
346,2,22,2,32400,12,0.00037037037037037035,10.166666984558105,0.058823529411764705,0.16666666666666666
346,2,23,0,32400,25,0.0007716049382716049,8.800000190734863,0.12903225806451613,0.08
346,2,23,1,32400,6,0.00018518518518518518,4.333333492279053,0.16666666666666666,0.0
346,2,23,2,32400,15,0.000462962962962963,6.133333683013916,0.08333333333333333,0.13333333333333333
346,2,24,0,32400,38,0.0011728395061728395,27.47368812561035,0.08,0.21052631578947367
346,2,24,1,32400,12,0.00037037037037037035,4.9166669845581055,0.0,0.0
346,2,24,2,32400,16,0.0004938271604938272,21.625001907348633,0.06666666666666667,0.125
346,2,25,0,32400,30,0.000925925925925926,12.100001335144043,0.15789473684210525,0.1
346,2,25,1,32400,7,0.0002160493827160494,41.28571701049805,0.0,0.0
346,2,25,2,32400,20,0.0006172839506172839,14.40000057220459,0.0625,0.15
346,2,26,0,32400,41,0.0012654320987654322,10.268292427062988,0.16666666666666666,0.14634146341463414
346,2,26,1,32400,8,0.0002469135802469136,24.000001907348633,0.0,0.125
346,2,26,2,32400,20,0.0006172839506172839,28.700000762939453,0.2,0.2
346,2,27,0,32400,37,0.0011419753086419754,20.324321746826172,0.07317073170731707,0.16216216216216217
346,2,27,1,32400,7,0.0002160493827160494,14.714286804199219,0.125,0.14285714285714285
346,2,27,2,32400,10,0.00030864197530864197,3.799999952316284,0.05,0.0
346,2,28,0,32400,46,0.001419753086419753,12.608695983886719,0.1891891891891892,0.15217391304347827
346,2,28,1,32400,12,0.00037037037037037035,6.1666669845581055,0.0,0.16666666666666666
346,2,28,2,32400,25,0.0007716049382716049,11.639999389648438,0.0,0.16
346,2,29,0,32400,30,0.000925925925925926,27.133333206176758,0.17391304347826086,0.13333333333333333
346,2,29,1,32400,14,0.0004320987654320988,4.857142925262451,0.08333333333333333,0.07142857142857142
346,2,29,2,32400,15,0.000462962962962963,10.933334350585938,0.04,0.0
346,2,30,0,32400,40,0.0012345679012345679,9.15000057220459,0.1,0.1
346,2,30,1,32400,8,0.0002469135802469136,8.875,0.14285714285714285,0.125
346,2,30,2,32400,15,0.000462962962962963,13.266668319702148,0.2,0.06666666666666667
346,2,31,0,32400,32,0.0009876543209876543,12.65625,0.05,0.15625
346,2,31,1,32400,8,0.0002469135802469136,8.125,0.0,0.0
346,2,31,2,32400,18,0.0005555555555555556,3.944444417953491,0.06666666666666667,0.1111111111111111
346,2,32,0,32400,37,0.0011419753086419754,11.40540599822998,0.15625,0.10810810810810811
346,2,32,1,32400,8,0.0002469135802469136,5.25,0.0,0.0
346,2,32,2,32400,17,0.0005246913580246914,12.529412269592285,0.05555555555555555,0.23529411764705882
346,2,33,0,32400,43,0.0013271604938271606,13.674420356750488,0.08108108108108109,0.23255813953488372
346,2,33,1,32400,8,0.0002469135802469136,14.25,0.0,0.0
346,2,33,2,32400,11,0.00033950617283950616,6.090909481048584,0.058823529411764705,0.0
346,2,34,0,32400,22,0.0006790123456790123,27.90909767150879,0.046511627906976744,0.09090909090909091
346,2,34,1,32400,9,0.0002777777777777778,4.333333492279053,0.375,0.0
346,2,34,2,32400,12,0.00037037037037037035,6.583333492279053,0.0,0.0
346,2,35,0,32400,33,0.0010185185185185184,43.848487854003906,0.045454545454545456,0.06060606060606061
346,2,35,1,32400,3,9.259259259259259e-05,10.666666030883789,0.0,0.0
346,2,35,2,32400,14,0.0004320987654320988,7.285714626312256,0.0,0.0
346,3,1,0,32400,27,0.0008333333333333334,8.666666984558105,-1.0,0.07407407407407407
346,3,1,1,32400,8,0.0002469135802469136,5.0,-1.0,0.125
346,3,1,2,32400,23,0.0007098765432098765,30.043476104736328,-1.0,0.17391304347826086
346,3,2,0,32400,24,0.0007407407407407407,12.083333969116211,0.07407407407407407,0.125
346,3,2,1,32400,13,0.00040123456790123454,35.384620666503906,0.125,0.07692307692307693
346,3,2,2,32400,20,0.0006172839506172839,6.0500006675720215,0.0,0.15
346,3,3,0,32400,24,0.0007407407407407407,8.375,0.041666666666666664,0.0
346,3,3,1,32400,13,0.00040123456790123454,6.384615421295166,0.0,0.07692307692307693
346,3,3,2,32400,20,0.0006172839506172839,6.400000095367432,0.15,0.15
346,3,4,0,32400,27,0.0008333333333333334,11.074073791503906,0.0,0.07407407407407407
346,3,4,1,32400,11,0.00033950617283950616,9.0,0.0,0.09090909090909091
346,3,4,2,32400,17,0.0005246913580246914,11.764707565307617,0.15,0.11764705882352941
346,3,5,0,32400,27,0.0008333333333333334,16.44444465637207,0.1111111111111111,0.1111111111111111
346,3,5,1,32400,12,0.00037037037037037035,8.666666984558105,0.09090909090909091,0.25
346,3,5,2,32400,13,0.00040123456790123454,3.846153974533081,0.11764705882352941,0.0
346,3,6,0,32400,33,0.0010185185185185184,24.939393997192383,0.07407407407407407,0.21212121212121213
346,3,6,1,32400,11,0.00033950617283950616,10.818181991577148,0.0,0.0
346,3,6,2,32400,15,0.000462962962962963,6.933333873748779,0.07692307692307693,0.0
346,3,7,0,32400,38,0.0011728395061728395,9.736842155456543,0.18181818181818182,0.23684210526315788
346,3,7,1,32400,8,0.0002469135802469136,7.5,0.09090909090909091,0.0
346,3,7,2,32400,18,0.0005555555555555556,5.5,0.2,0.1111111111111111
346,3,8,0,32400,37,0.0011419753086419754,13.810811996459961,0.02631578947368421,0.1891891891891892
346,3,8,1,32400,4,0.0001234567901234568,9.5,0.125,0.0
346,3,8,2,32400,15,0.000462962962962963,3.6000001430511475,0.1111111111111111,0.06666666666666667
346,3,9,0,32400,25,0.0007716049382716049,6.960000038146973,0.08108108108108109,0.04
346,3,9,1,32400,8,0.0002469135802469136,10.875000953674316,0.0,0.125
346,3,9,2,32400,16,0.0004938271604938272,4.1875,0.0,0.0625
346,3,10,0,32400,29,0.0008950617283950618,11.17241382598877,0.12,0.13793103448275862
346,3,10,1,32400,4,0.0001234567901234568,6.0,0.0,0.25
346,3,10,2,32400,10,0.00030864197530864197,4.900000095367432,0.125,0.0
346,3,11,0,32400,31,0.0009567901234567902,14.193548202514648,0.06896551724137931,0.16129032258064516
346,3,11,1,32400,13,0.00040123456790123454,11.538461685180664,0.0,0.15384615384615385
346,3,11,2,32400,11,0.00033950617283950616,3.1818182468414307,0.0,0.0
346,3,12,0,32400,20,0.0006172839506172839,9.65000057220459,0.06451612903225806,0.15
346,3,12,1,32400,7,0.0002160493827160494,19.999998092651367,0.07692307692307693,0.0
346,3,12,2,32400,22,0.0006790123456790123,8.954545974731445,0.18181818181818182,0.13636363636363635
346,3,13,0,32400,25,0.0007716049382716049,37.96000671386719,0.0,0.08
346,3,13,1,32400,8,0.0002469135802469136,11.5,0.0,0.125
346,3,13,2,32400,12,0.00037037037037037035,13.0,0.13636363636363635,0.0
346,3,14,0,32400,36,0.0011111111111111111,16.52777862548828,0.16,0.1388888888888889
346,3,14,1,32400,14,0.0004320987654320988,10.5,0.0,0.14285714285714285
346,3,14,2,32400,17,0.0005246913580246914,3.7647058963775635,0.08333333333333333,0.0
346,3,15,0,32400,32,0.0009876543209876543,24.71875,0.1388888888888889,0.125
346,3,15,1,32400,10,0.00030864197530864197,6.5,0.21428571428571427,0.1
346,3,15,2,32400,16,0.0004938271604938272,3.4375,0.11764705882352941,0.0625
346,3,16,0,32400,23,0.0007098765432098765,20.82608413696289,0.1875,0.17391304347826086
346,3,16,1,32400,13,0.00040123456790123454,15.69230842590332,0.1,0.23076923076923078
346,3,16,2,32400,16,0.0004938271604938272,5.3125,0.0625,0.0625
346,3,17,0,32400,44,0.0013580246913580246,10.909090995788574,0.08695652173913043,0.20454545454545456
346,3,17,1,32400,15,0.000462962962962963,6.800000190734863,0.15384615384615385,0.0
346,3,17,2,32400,22,0.0006790123456790123,4.909090995788574,0.125,0.045454545454545456
346,3,18,0,32400,36,0.0011111111111111111,9.611111640930176,0.13636363636363635,0.1111111111111111
346,3,18,1,32400,13,0.00040123456790123454,9.615385055541992,0.0,0.23076923076923078
346,3,18,2,32400,24,0.0007407407407407407,9.458333969116211,0.09090909090909091,0.16666666666666666
346,3,19,0,32400,35,0.0010802469135802468,11.942856788635254,0.1111111111111111,0.02857142857142857
346,3,19,1,32400,17,0.0005246913580246914,12.176471710205078,0.07692307692307693,0.17647058823529413
346,3,19,2,32400,11,0.00033950617283950616,14.454545974731445,0.0,0.09090909090909091
346,3,20,0,32400,26,0.0008024691358024691,7.269230842590332,0.05714285714285714,0.038461538461538464
346,3,20,1,32400,13,0.00040123456790123454,13.153846740722656,0.058823529411764705,0.15384615384615385
346,3,20,2,32400,20,0.0006172839506172839,5.450000286102295,0.0,0.05
346,3,21,0,32400,25,0.0007716049382716049,8.920000076293945,0.15384615384615385,0.08
346,3,21,1,32400,7,0.0002160493827160494,10.714285850524902,0.07692307692307693,0.0
346,3,21,2,32400,17,0.0005246913580246914,8.764705657958984,0.1,0.0
346,3,22,0,32400,40,0.0012345679012345679,8.574999809265137,0.08,0.025
346,3,22,1,32400,9,0.0002777777777777778,8.44444465637207,0.0,0.0
346,3,22,2,32400,12,0.00037037037037037035,3.75,0.058823529411764705,0.0
346,3,23,0,32400,29,0.0008950617283950618,9.482758522033691,0.075,0.10344827586206896
346,3,23,1,32400,12,0.00037037037037037035,8.583333969116211,0.1111111111111111,0.16666666666666666
346,3,23,2,32400,16,0.0004938271604938272,8.0,0.25,0.25
346,3,24,0,32400,28,0.0008641975308641976,10.750000953674316,0.10344827586206896,0.07142857142857142
346,3,24,1,32400,10,0.00030864197530864197,7.700000286102295,0.16666666666666666,0.1
346,3,24,2,32400,18,0.0005555555555555556,12.0,0.0625,0.05555555555555555
346,3,25,0,32400,28,0.0008641975308641976,15.571430206298828,0.07142857142857142,0.10714285714285714
346,3,25,1,32400,4,0.0001234567901234568,7.0,0.0,0.0
346,3,25,2,32400,12,0.00037037037037037035,9.833333015441895,0.0,0.0
346,3,26,0,32400,34,0.0010493827160493827,35.55883026123047,0.03571428571428571,0.17647058823529413
346,3,26,1,32400,5,0.00015432098765432098,25.200002670288086,0.0,0.0
346,3,26,2,32400,20,0.0006172839506172839,12.350000381469727,0.16666666666666666,0.1
346,3,27,0,32400,30,0.000925925925925926,33.366668701171875,0.11764705882352941,0.1
346,3,27,1,32400,9,0.0002777777777777778,12.88888931274414,0.0,0.0
346,3,27,2,32400,11,0.00033950617283950616,4.727272987365723,0.0,0.0
346,3,28,0,32400,34,0.0010493827160493827,22.235294342041016,0.13333333333333333,0.14705882352941177
346,3,28,1,32400,6,0.00018518518518518518,10.0,0.0,0.0
346,3,28,2,32400,14,0.0004320987654320988,12.571429252624512,0.0,0.2857142857142857
346,3,29,0,32400,35,0.0010802469135802468,30.91428565979004,0.029411764705882353,0.14285714285714285
346,3,29,1,32400,16,0.0004938271604938272,16.4375,0.0,0.125
346,3,29,2,32400,14,0.0004320987654320988,12.928571701049805,0.0,0.07142857142857142
346,3,30,0,32400,26,0.0008024691358024691,8.423077583312988,0.05714285714285714,0.038461538461538464
346,3,30,1,32400,12,0.00037037037037037035,10.833333969116211,0.0625,0.0
346,3,30,2,32400,19,0.0005864197530864197,7.5789475440979,0.14285714285714285,0.05263157894736842
346,3,31,0,32400,30,0.000925925925925926,20.80000114440918,0.23076923076923078,0.1
346,3,31,1,32400,11,0.00033950617283950616,11.818181991577148,0.0,0.0
346,3,31,2,32400,18,0.0005555555555555556,5.166666507720947,0.0,0.0
346,3,32,0,32400,29,0.0008950617283950618,12.862069129943848,0.13333333333333333,0.13793103448275862
346,3,32,1,32400,2,6.17283950617284e-05,43.000003814697266,0.0,0.0
346,3,32,2,32400,16,0.0004938271604938272,5.9375,0.0,0.0625
346,3,33,0,32400,41,0.0012654320987654322,13.780487060546875,0.1724137931034483,0.21951219512195122
346,3,33,1,32400,4,0.0001234567901234568,13.000000953674316,0.0,0.0
346,3,33,2,32400,15,0.000462962962962963,5.466667175292969,0.0625,0.0
346,3,34,0,32400,32,0.0009876543209876543,22.750003814697266,0.04878048780487805,0.125
346,3,34,1,32400,2,6.17283950617284e-05,51.5,0.0,0.0
346,3,34,2,32400,8,0.0002469135802469136,5.0,0.06666666666666667,0.125
346,3,35,0,32400,32,0.0009876543209876543,13.59375,0.125,0.15625
346,3,35,1,32400,7,0.0002160493827160494,26.28571319580078,0.0,0.0
346,3,35,2,32400,17,0.0005246913580246914,6.588235378265381,0.125,0.0
347,0,1,0,32400,19,0.0005864197530864197,7.1052632331848145,-1.0,0.05263157894736842
347,0,1,1,32400,13,0.00040123456790123454,24.076927185058594,-1.0,0.07692307692307693
347,0,1,2,32400,12,0.00037037037037037035,12.833333969116211,-1.0,0.0
347,0,2,0,32400,30,0.000925925925925926,13.266667366027832,0.10526315789473684,0.03333333333333333
347,0,2,1,32400,13,0.00040123456790123454,21.230770111083984,0.07692307692307693,0.07692307692307693
347,0,2,2,32400,5,0.00015432098765432098,4.599999904632568,0.0,0.0
347,0,3,0,32400,21,0.0006481481481481481,22.523813247680664,0.03333333333333333,0.09523809523809523
347,0,3,1,32400,17,0.0005246913580246914,8.0,0.07692307692307693,0.17647058823529413
347,0,3,2,32400,18,0.0005555555555555556,3.055555582046509,0.0,0.16666666666666666
347,0,4,0,32400,25,0.0007716049382716049,7.039999961853027,0.09523809523809523,0.08
347,0,4,1,32400,17,0.0005246913580246914,7.705882549285889,0.11764705882352941,0.11764705882352941
347,0,4,2,32400,20,0.0006172839506172839,2.3500001430511475,0.2222222222222222,0.1
347,0,5,0,32400,33,0.0010185185185185184,8.333333969116211,0.16,0.09090909090909091
347,0,5,1,32400,18,0.0005555555555555556,11.38888931274414,0.17647058823529413,0.1111111111111111
347,0,5,2,32400,19,0.0005864197530864197,7.6315789222717285,0.1,0.15789473684210525
347,0,6,0,32400,28,0.0008641975308641976,26.000003814697266,0.09090909090909091,0.07142857142857142
347,0,6,1,32400,8,0.0002469135802469136,13.25,0.05555555555555555,0.125
347,0,6,2,32400,9,0.0002777777777777778,8.222222328186035,0.0,0.0
347,0,7,0,32400,36,0.0011111111111111111,14.861112594604492,0.10714285714285714,0.16666666666666666
347,0,7,1,32400,6,0.00018518518518518518,4.1666669845581055,0.0,0.0
347,0,7,2,32400,18,0.0005555555555555556,4.44444465637207,0.0,0.16666666666666666
347,0,8,0,32400,31,0.0009567901234567902,14.290322303771973,0.08333333333333333,0.1935483870967742
347,0,8,1,32400,7,0.0002160493827160494,16.428573608398438,0.0,0.0
347,0,8,2,32400,18,0.0005555555555555556,3.1111111640930176,0.05555555555555555,0.16666666666666666
347,0,9,0,32400,35,0.0010802469135802468,7.6571431159973145,0.16129032258064516,0.14285714285714285
347,0,9,1,32400,6,0.00018518518518518518,8.333333969116211,0.0,0.0
347,0,9,2,32400,10,0.00030864197530864197,9.100000381469727,0.05555555555555555,0.3
347,0,10,0,32400,24,0.0007407407407407407,17.58333396911621,0.02857142857142857,0.0
347,0,10,1,32400,10,0.00030864197530864197,10.09999942779541,0.3333333333333333,0.0
347,0,10,2,32400,8,0.0002469135802469136,4.25,0.0,0.0
347,0,11,0,32400,31,0.0009567901234567902,14.677419662475586,0.25,0.0
347,0,11,1,32400,8,0.0002469135802469136,45.375,0.0,0.25
347,0,11,2,32400,15,0.000462962962962963,14.933334350585938,0.0,0.06666666666666667
347,0,12,0,32400,24,0.0007407407407407407,13.708333969116211,0.06451612903225806,0.041666666666666664
347,0,12,1,32400,7,0.0002160493827160494,12.571429252624512,0.25,0.0
347,0,12,2,32400,14,0.0004320987654320988,22.000001907348633,0.06666666666666667,0.07142857142857142
347,0,13,0,32400,44,0.0013580246913580246,9.727272987365723,0.08333333333333333,0.13636363636363635
347,0,13,1,32400,7,0.0002160493827160494,7.142857551574707,0.0,0.0
347,0,13,2,32400,16,0.0004938271604938272,6.5,0.0,0.125
347,0,14,0,32400,37,0.0011419753086419754,18.72972869873047,0.13636363636363635,0.16216216216216217
347,0,14,1,32400,9,0.0002777777777777778,4.0,0.14285714285714285,0.1111111111111111
347,0,14,2,32400,20,0.0006172839506172839,8.25,0.125,0.0
347,0,15,0,32400,33,0.0010185185185185184,11.454545974731445,0.13513513513513514,0.21212121212121213
347,0,15,1,32400,9,0.0002777777777777778,23.0,0.2222222222222222,0.1111111111111111
347,0,15,2,32400,14,0.0004320987654320988,6.928571701049805,0.05,0.14285714285714285
347,0,16,0,32400,34,0.0010493827160493827,11.264705657958984,0.09090909090909091,0.0
347,0,16,1,32400,13,0.00040123456790123454,13.769230842590332,0.1111111111111111,0.07692307692307693
347,0,16,2,32400,19,0.0005864197530864197,7.263157844543457,0.0,0.10526315789473684
347,0,17,0,32400,30,0.000925925925925926,12.633334159851074,0.11764705882352941,0.06666666666666667
347,0,17,1,32400,18,0.0005555555555555556,9.44444465637207,0.07692307692307693,0.1111111111111111
347,0,17,2,32400,15,0.000462962962962963,6.600000381469727,0.05263157894736842,0.06666666666666667
347,0,18,0,32400,33,0.0010185185185185184,10.606060981750488,0.06666666666666667,0.09090909090909091
347,0,18,1,32400,18,0.0005555555555555556,5.166666507720947,0.05555555555555555,0.05555555555555555
347,0,18,2,32400,20,0.0006172839506172839,3.1500000953674316,0.06666666666666667,0.15
347,0,19,0,32400,20,0.0006172839506172839,6.800000190734863,0.0,0.05
347,0,19,1,32400,11,0.00033950617283950616,12.727272987365723,0.05555555555555555,0.0
347,0,19,2,32400,18,0.0005555555555555556,9.94444465637207,0.05,0.0
347,0,20,0,32400,30,0.000925925925925926,7.633333683013916,0.2,0.13333333333333333
347,0,20,1,32400,4,0.0001234567901234568,3.5,0.0,0.0
347,0,20,2,32400,16,0.0004938271604938272,5.125,0.1111111111111111,0.125
347,0,21,0,32400,24,0.0007407407407407407,7.125,0.03333333333333333,0.20833333333333334
347,0,21,1,32400,10,0.00030864197530864197,9.300000190734863,0.5,0.1
347,0,21,2,32400,16,0.0004938271604938272,5.875,0.25,0.125
347,0,22,0,32400,21,0.0006481481481481481,11.0,0.125,0.14285714285714285
347,0,22,1,32400,5,0.00015432098765432098,21.199996948242188,0.1,0.0
347,0,22,2,32400,13,0.00040123456790123454,5.84615421295166,0.0625,0.07692307692307693
347,0,23,0,32400,34,0.0010493827160493827,22.911766052246094,0.14285714285714285,0.23529411764705882
347,0,23,1,32400,10,0.00030864197530864197,10.90000057220459,0.0,0.0
347,0,23,2,32400,18,0.0005555555555555556,57.44445037841797,0.0,0.2222222222222222
347,0,24,0,32400,36,0.0011111111111111111,8.722222328186035,0.11764705882352941,0.08333333333333333
347,0,24,1,32400,5,0.00015432098765432098,5.800000190734863,0.0,0.0
347,0,24,2,32400,24,0.0007407407407407407,15.791666984558105,0.2222222222222222,0.20833333333333334
347,0,25,0,32400,29,0.0008950617283950618,7.482758522033691,0.1388888888888889,0.034482758620689655
347,0,25,1,32400,7,0.0002160493827160494,10.0,0.0,0.14285714285714285
347,0,25,2,32400,15,0.000462962962962963,17.73333168029785,0.041666666666666664,0.0
347,0,26,0,32400,22,0.0006790123456790123,6.363636493682861,0.13793103448275862,0.045454545454545456
347,0,26,1,32400,4,0.0001234567901234568,19.25,0.14285714285714285,0.0
347,0,26,2,32400,17,0.0005246913580246914,47.11764907836914,0.13333333333333333,0.058823529411764705
347,0,27,0,32400,29,0.0008950617283950618,25.96552085876465,0.13636363636363635,0.06896551724137931
347,0,27,1,32400,11,0.00033950617283950616,8.272727966308594,0.0,0.0
347,0,27,2,32400,14,0.0004320987654320988,7.571429252624512,0.11764705882352941,0.21428571428571427
347,0,28,0,32400,36,0.0011111111111111111,37.1944465637207,0.20689655172413793,0.2222222222222222
347,0,28,1,32400,9,0.0002777777777777778,9.44444465637207,0.09090909090909091,0.0
347,0,28,2,32400,18,0.0005555555555555556,52.388893127441406,0.07142857142857142,0.2222222222222222
347,0,29,0,32400,29,0.0008950617283950618,12.068965911865234,0.027777777777777776,0.10344827586206896
347,0,29,1,32400,12,0.00037037037037037035,19.416667938232422,0.1111111111111111,0.0
347,0,29,2,32400,12,0.00037037037037037035,8.750000953674316,0.0,0.08333333333333333
347,0,30,0,32400,34,0.0010493827160493827,58.41176223754883,0.06896551724137931,0.058823529411764705
347,0,30,1,32400,9,0.0002777777777777778,10.333333015441895,0.08333333333333333,0.0
347,0,30,2,32400,19,0.0005864197530864197,15.157893180847168,0.0,0.0
347,0,31,0,32400,33,0.0010185185185185184,12.606060981750488,0.14705882352941177,0.09090909090909091
347,0,31,1,32400,5,0.00015432098765432098,16.200002670288086,0.1111111111111111,0.0
347,0,31,2,32400,17,0.0005246913580246914,15.11764907836914,0.05263157894736842,0.058823529411764705
347,0,32,0,32400,35,0.0010802469135802468,18.457143783569336,0.18181818181818182,0.14285714285714285
347,0,32,1,32400,3,9.259259259259259e-05,22.33333396911621,0.0,0.0
347,0,32,2,32400,18,0.0005555555555555556,4.833333492279053,0.11764705882352941,0.05555555555555555
347,0,33,0,32400,36,0.0011111111111111111,23.027780532836914,0.05714285714285714,0.1111111111111111
347,0,33,1,32400,2,6.17283950617284e-05,3.5,0.0,0.0
347,0,33,2,32400,9,0.0002777777777777778,11.444445610046387,0.05555555555555555,0.0
347,0,34,0,32400,43,0.0013271604938271606,58.44186782836914,0.19444444444444445,0.11627906976744186
347,0,34,1,32400,6,0.00018518518518518518,28.999998092651367,0.0,0.16666666666666666
347,0,34,2,32400,13,0.00040123456790123454,5.307692527770996,0.0,0.07692307692307693
347,0,35,0,32400,36,0.0011111111111111111,10.472222328186035,0.09302325581395349,0.1111111111111111
347,0,35,1,32400,6,0.00018518518518518518,7.333333492279053,0.0,0.0
347,0,35,2,32400,16,0.0004938271604938272,14.124999046325684,0.07692307692307693,0.0625
347,1,1,0,32400,28,0.0008641975308641976,11.214285850524902,-1.0,0.03571428571428571
347,1,1,1,32400,12,0.00037037037037037035,12.916667938232422,-1.0,0.0
347,1,1,2,32400,21,0.0006481481481481481,10.2380952835083,-1.0,0.14285714285714285
347,1,2,0,32400,30,0.000925925925925926,7.90000057220459,0.07142857142857142,0.13333333333333333
347,1,2,1,32400,12,0.00037037037037037035,10.083333015441895,0.16666666666666666,0.0
347,1,2,2,32400,17,0.0005246913580246914,6.176470756530762,0.0,0.17647058823529413
347,1,3,0,32400,17,0.0005246913580246914,9.764705657958984,0.03333333333333333,0.11764705882352941
347,1,3,1,32400,9,0.0002777777777777778,15.222222328186035,0.08333333333333333,0.1111111111111111
347,1,3,2,32400,12,0.00037037037037037035,2.3333334922790527,0.17647058823529413,0.0
347,1,4,0,32400,28,0.0008641975308641976,16.75,0.0,0.17857142857142858
347,1,4,1,32400,6,0.00018518518518518518,24.0,0.1111111111111111,0.16666666666666666
347,1,4,2,32400,17,0.0005246913580246914,6.0,0.08333333333333333,0.0
347,1,5,0,32400,29,0.0008950617283950618,14.482758522033691,0.07142857142857142,0.2413793103448276
347,1,5,1,32400,6,0.00018518518518518518,12.333333969116211,0.0,0.0
347,1,5,2,32400,14,0.0004320987654320988,3.5714287757873535,0.17647058823529413,0.14285714285714285
347,1,6,0,32400,44,0.0013580246913580246,9.840909004211426,0.20689655172413793,0.22727272727272727
347,1,6,1,32400,12,0.00037037037037037035,8.916666984558105,0.0,0.0
347,1,6,2,32400,14,0.0004320987654320988,8.571429252624512,0.07142857142857142,0.07142857142857142
347,1,7,0,32400,32,0.0009876543209876543,16.03125,0.18181818181818182,0.1875
347,1,7,1,32400,6,0.00018518518518518518,4.833333492279053,0.0,0.0
347,1,7,2,32400,13,0.00040123456790123454,6.230769634246826,0.07142857142857142,0.0
347,1,8,0,32400,26,0.0008024691358024691,16.076923370361328,0.09375,0.15384615384615385
347,1,8,1,32400,6,0.00018518518518518518,10.833333969116211,0.0,0.0
347,1,8,2,32400,19,0.0005864197530864197,2.4210526943206787,0.07692307692307693,0.0
347,1,9,0,32400,27,0.0008333333333333334,7.481481552124023,0.07692307692307693,0.07407407407407407
347,1,9,1,32400,6,0.00018518518518518518,9.666666984558105,0.16666666666666666,0.16666666666666666
347,1,9,2,32400,17,0.0005246913580246914,3.588235378265381,0.15789473684210525,0.11764705882352941
347,1,10,0,32400,33,0.0010185185185185184,4.909090995788574,0.18518518518518517,0.0
347,1,10,1,32400,14,0.0004320987654320988,44.35714340209961,0.5,0.2857142857142857
347,1,10,2,32400,14,0.0004320987654320988,3.500000238418579,0.11764705882352941,0.14285714285714285
347,1,11,0,32400,31,0.0009567901234567902,13.870967864990234,0.18181818181818182,0.12903225806451613
347,1,11,1,32400,8,0.0002469135802469136,39.375,0.2857142857142857,0.0
347,1,11,2,32400,12,0.00037037037037037035,11.333332061767578,0.21428571428571427,0.08333333333333333
347,1,12,0,32400,29,0.0008950617283950618,18.20689582824707,0.12903225806451613,0.06896551724137931
347,1,12,1,32400,11,0.00033950617283950616,9.909090995788574,0.125,0.18181818181818182
347,1,12,2,32400,10,0.00030864197530864197,12.100000381469727,0.08333333333333333,0.2
347,1,13,0,32400,27,0.0008333333333333334,16.259260177612305,0.06896551724137931,0.1111111111111111
347,1,13,1,32400,8,0.0002469135802469136,10.625,0.09090909090909091,0.125
347,1,13,2,32400,18,0.0005555555555555556,7.166666507720947,0.1,0.05555555555555555
347,1,14,0,32400,36,0.0011111111111111111,21.97222137451172,0.14814814814814814,0.1388888888888889
347,1,14,1,32400,10,0.00030864197530864197,5.700000286102295,0.125,0.0
347,1,14,2,32400,19,0.0005864197530864197,7.5789475440979,0.05555555555555555,0.10526315789473684
347,1,15,0,32400,31,0.0009567901234567902,13.806449890136719,0.1111111111111111,0.16129032258064516
347,1,15,1,32400,10,0.00030864197530864197,21.200000762939453,0.2,0.2
347,1,15,2,32400,6,0.00018518518518518518,5.833333492279053,0.05263157894736842,0.16666666666666666
347,1,16,0,32400,34,0.0010493827160493827,7.088235378265381,0.12903225806451613,0.08823529411764706
347,1,16,1,32400,7,0.0002160493827160494,2.5714287757873535,0.0,0.14285714285714285
347,1,16,2,32400,18,0.0005555555555555556,5.333333492279053,0.16666666666666666,0.05555555555555555
347,1,17,0,32400,28,0.0008641975308641976,14.000000953674316,0.029411764705882353,0.07142857142857142
347,1,17,1,32400,13,0.00040123456790123454,7.84615421295166,0.14285714285714285,0.15384615384615385
347,1,17,2,32400,21,0.0006481481481481481,9.047618865966797,0.1111111111111111,0.047619047619047616
347,1,18,0,32400,31,0.0009567901234567902,6.774193286895752,0.03571428571428571,0.1935483870967742
347,1,18,1,32400,15,0.000462962962962963,5.600000381469727,0.23076923076923078,0.2
347,1,18,2,32400,9,0.0002777777777777778,11.333333015441895,0.0,0.0
347,1,19,0,32400,26,0.0008024691358024691,10.538461685180664,0.1935483870967742,0.11538461538461539
347,1,19,1,32400,11,0.00033950617283950616,10.818181991577148,0.13333333333333333,0.09090909090909091
347,1,19,2,32400,18,0.0005555555555555556,8.5,0.0,0.16666666666666666
347,1,20,0,32400,37,0.0011419753086419754,16.135135650634766,0.19230769230769232,0.13513513513513514
347,1,20,1,32400,7,0.0002160493827160494,6.285714626312256,0.09090909090909091,0.0
347,1,20,2,32400,15,0.000462962962962963,6.6666669845581055,0.0,0.2
347,1,21,0,32400,33,0.0010185185185185184,10.818181991577148,0.16216216216216217,0.06060606060606061
347,1,21,1,32400,3,9.259259259259259e-05,3.3333334922790527,0.0,0.0
347,1,21,2,32400,11,0.00033950617283950616,7.636363983154297,0.2,0.09090909090909091
347,1,22,0,32400,27,0.0008333333333333334,11.44444465637207,0.15151515151515152,0.1111111111111111
347,1,22,1,32400,7,0.0002160493827160494,4.5714287757873535,0.0,0.0
347,1,22,2,32400,13,0.00040123456790123454,2.230769395828247,0.18181818181818182,0.07692307692307693
347,1,23,0,32400,39,0.0012037037037037038,11.179487228393555,0.14814814814814814,0.07692307692307693
347,1,23,1,32400,8,0.0002469135802469136,11.375,0.14285714285714285,0.0
347,1,23,2,32400,9,0.0002777777777777778,17.33333396911621,0.07692307692307693,0.0
347,1,24,0,32400,29,0.0008950617283950618,12.862070083618164,0.1282051282051282,0.034482758620689655
347,1,24,1,32400,6,0.00018518518518518518,10.5,0.0,0.0
347,1,24,2,32400,19,0.0005864197530864197,16.368423461914062,0.3333333333333333,0.05263157894736842
347,1,25,0,32400,33,0.0010185185185185184,25.636362075805664,0.1724137931034483,0.06060606060606061
347,1,25,1,32400,4,0.0001234567901234568,3.5,0.0,0.0
347,1,25,2,32400,15,0.000462962962962963,26.066669464111328,0.15789473684210525,0.06666666666666667
347,1,26,0,32400,28,0.0008641975308641976,30.785715103149414,0.06060606060606061,0.14285714285714285
347,1,26,1,32400,5,0.00015432098765432098,5.400000095367432,0.0,0.0
347,1,26,2,32400,14,0.0004320987654320988,43.85715103149414,0.06666666666666667,0.07142857142857142
347,1,27,0,32400,37,0.0011419753086419754,15.675676345825195,0.14285714285714285,0.16216216216216217
347,1,27,1,32400,10,0.00030864197530864197,11.90000057220459,0.0,0.2
347,1,27,2,32400,16,0.0004938271604938272,19.75,0.14285714285714285,0.1875
347,1,28,0,32400,32,0.0009876543209876543,9.21875,0.08108108108108109,0.09375
347,1,28,1,32400,11,0.00033950617283950616,21.81818389892578,0.0,0.0
347,1,28,2,32400,23,0.0007098765432098765,8.82608699798584,0.1875,0.17391304347826086
347,1,29,0,32400,36,0.0011111111111111111,8.611111640930176,0.125,0.16666666666666666
347,1,29,1,32400,6,0.00018518518518518518,8.833333969116211,0.18181818181818182,0.16666666666666666
347,1,29,2,32400,20,0.0006172839506172839,10.850000381469727,0.08695652173913043,0.25
347,1,30,0,32400,34,0.0010493827160493827,64.17646789550781,0.1388888888888889,0.11764705882352941
347,1,30,1,32400,6,0.00018518518518518518,9.5,0.16666666666666666,0.16666666666666666
347,1,30,2,32400,10,0.00030864197530864197,2.700000047683716,0.0,0.0
347,1,31,0,32400,41,0.0012654320987654322,6.243902206420898,0.058823529411764705,0.0975609756097561
347,1,31,1,32400,9,0.0002777777777777778,7.666666507720947,0.0,0.0
347,1,31,2,32400,14,0.0004320987654320988,4.857142925262451,0.0,0.07142857142857142
347,1,32,0,32400,36,0.0011111111111111111,17.27777862548828,0.07317073170731707,0.19444444444444445
347,1,32,1,32400,6,0.00018518518518518518,14.5,0.1111111111111111,0.0
347,1,32,2,32400,9,0.0002777777777777778,4.333333492279053,0.0,0.0
347,1,33,0,32400,33,0.0010185185185185184,9.121212005615234,0.08333333333333333,0.030303030303030304
347,1,33,1,32400,6,0.00018518518518518518,5.333333492279053,0.16666666666666666,0.16666666666666666
347,1,33,2,32400,6,0.00018518518518518518,12.5,0.1111111111111111,0.0
347,1,34,0,32400,45,0.001388888888888889,39.48889923095703,0.030303030303030304,0.1111111111111111
347,1,34,1,32400,5,0.00015432098765432098,9.600001335144043,0.0,0.0
347,1,34,2,32400,13,0.00040123456790123454,5.307692527770996,0.0,0.07692307692307693
347,1,35,0,32400,36,0.0011111111111111111,12.63888931274414,0.06666666666666667,0.2222222222222222
347,1,35,1,32400,8,0.0002469135802469136,9.5,0.2,0.125
347,1,35,2,32400,10,0.00030864197530864197,18.0,0.07692307692307693,0.0
347,2,1,0,32400,35,0.0010802469135802468,12.742856979370117,-1.0,0.2
347,2,1,1,32400,9,0.0002777777777777778,9.111111640930176,-1.0,0.0
347,2,1,2,32400,18,0.0005555555555555556,19.055557250976562,-1.0,0.1111111111111111
347,2,2,0,32400,29,0.0008950617283950618,10.137930870056152,0.05714285714285714,0.1724137931034483
347,2,2,1,32400,10,0.00030864197530864197,10.40000057220459,0.1111111111111111,0.2
347,2,2,2,32400,11,0.00033950617283950616,4.727272987365723,0.05555555555555555,0.0
347,2,3,0,32400,24,0.0007407407407407407,7.125,0.13793103448275862,0.041666666666666664
347,2,3,1,32400,15,0.000462962962962963,9.266667366027832,0.2,0.13333333333333333
347,2,3,2,32400,13,0.00040123456790123454,2.230769395828247,0.0,0.0
347,2,4,0,32400,32,0.0009876543209876543,11.5,0.08333333333333333,0.125
347,2,4,1,32400,10,0.00030864197530864197,5.700000286102295,0.06666666666666667,0.1
347,2,4,2,32400,13,0.00040123456790123454,3.0,0.0,0.07692307692307693
347,2,5,0,32400,35,0.0010802469135802468,12.199999809265137,0.15625,0.17142857142857143
347,2,5,1,32400,18,0.0005555555555555556,12.0,0.1,0.0
347,2,5,2,32400,16,0.0004938271604938272,8.5,0.15384615384615385,0.0625
347,2,6,0,32400,34,0.0010493827160493827,19.441177368164062,0.14285714285714285,0.08823529411764706
347,2,6,1,32400,10,0.00030864197530864197,8.600000381469727,0.2777777777777778,0.1
347,2,6,2,32400,13,0.00040123456790123454,2.846153974533081,0.0625,0.15384615384615385
347,2,7,0,32400,29,0.0008950617283950618,23.827585220336914,0.17647058823529413,0.06896551724137931
347,2,7,1,32400,10,0.00030864197530864197,8.5,0.1,0.3
347,2,7,2,32400,12,0.00037037037037037035,1.75,0.07692307692307693,0.0
347,2,8,0,32400,29,0.0008950617283950618,14.517241477966309,0.06896551724137931,0.10344827586206896
347,2,8,1,32400,5,0.00015432098765432098,8.199999809265137,0.1,0.0
347,2,8,2,32400,18,0.0005555555555555556,3.444444417953491,0.0,0.1111111111111111
347,2,9,0,32400,21,0.0006481481481481481,9.333333015441895,0.13793103448275862,0.047619047619047616
347,2,9,1,32400,9,0.0002777777777777778,15.44444465637207,0.0,0.2222222222222222
347,2,9,2,32400,14,0.0004320987654320988,4.5714287757873535,0.1111111111111111,0.14285714285714285
347,2,10,0,32400,27,0.0008333333333333334,12.185185432434082,0.14285714285714285,0.14814814814814814
347,2,10,1,32400,8,0.0002469135802469136,16.124998092651367,0.0,0.0
347,2,10,2,32400,9,0.0002777777777777778,5.111111164093018,0.07142857142857142,0.1111111111111111
347,2,11,0,32400,19,0.0005864197530864197,10.789473533630371,0.037037037037037035,0.15789473684210525
347,2,11,1,32400,8,0.0002469135802469136,8.125,0.0,0.0
347,2,11,2,32400,16,0.0004938271604938272,13.1875,0.1111111111111111,0.25
347,2,12,0,32400,27,0.0008333333333333334,10.148148536682129,0.2631578947368421,0.0
347,2,12,1,32400,10,0.00030864197530864197,4.200000286102295,0.125,0.3
347,2,12,2,32400,8,0.0002469135802469136,2.0,0.0625,0.0
347,2,13,0,32400,29,0.0008950617283950618,32.931034088134766,0.1111111111111111,0.13793103448275862
347,2,13,1,32400,12,0.00037037037037037035,8.25,0.0,0.08333333333333333
347,2,13,2,32400,16,0.0004938271604938272,11.0,0.25,0.125
347,2,14,0,32400,32,0.0009876543209876543,23.437498092651367,0.1724137931034483,0.1875
347,2,14,1,32400,10,0.00030864197530864197,11.5,0.25,0.0
347,2,14,2,32400,23,0.0007098765432098765,6.521739482879639,0.1875,0.043478260869565216
347,2,15,0,32400,30,0.000925925925925926,28.76667022705078,0.15625,0.03333333333333333
347,2,15,1,32400,11,0.00033950617283950616,11.454545974731445,0.1,0.18181818181818182
347,2,15,2,32400,15,0.000462962962962963,7.400000095367432,0.08695652173913043,0.06666666666666667
347,2,16,0,32400,38,0.0011728395061728395,14.131577491760254,0.1,0.07894736842105263
347,2,16,1,32400,13,0.00040123456790123454,9.076923370361328,0.2727272727272727,0.23076923076923078
347,2,16,2,32400,22,0.0006790123456790123,6.818181991577148,0.06666666666666667,0.18181818181818182
347,2,17,0,32400,38,0.0011728395061728395,14.684210777282715,0.18421052631578946,0.07894736842105263
347,2,17,1,32400,18,0.0005555555555555556,8.833333015441895,0.07692307692307693,0.2222222222222222
347,2,17,2,32400,29,0.0008950617283950618,8.517241477966309,0.09090909090909091,0.13793103448275862
347,2,18,0,32400,42,0.0012962962962962963,7.428571701049805,0.10526315789473684,0.07142857142857142
347,2,18,1,32400,15,0.000462962962962963,6.733333587646484,0.0,0.06666666666666667
347,2,18,2,32400,18,0.0005555555555555556,3.0,0.06896551724137931,0.0
347,2,19,0,32400,34,0.0010493827160493827,8.588234901428223,0.023809523809523808,0.17647058823529413
347,2,19,1,32400,8,0.0002469135802469136,10.0,0.0,0.125
347,2,19,2,32400,17,0.0005246913580246914,10.176470756530762,0.16666666666666666,0.058823529411764705
347,2,20,0,32400,31,0.0009567901234567902,26.64516258239746,0.11764705882352941,0.12903225806451613
347,2,20,1,32400,7,0.0002160493827160494,6.142857551574707,0.0,0.0
347,2,20,2,32400,15,0.000462962962962963,2.8000001907348633,0.11764705882352941,0.13333333333333333
347,2,21,0,32400,38,0.0011728395061728395,7.6315789222717285,0.06451612903225806,0.10526315789473684
347,2,21,1,32400,7,0.0002160493827160494,7.000000476837158,0.14285714285714285,0.14285714285714285
347,2,21,2,32400,17,0.0005246913580246914,5.352941036224365,0.13333333333333333,0.058823529411764705
347,2,22,0,32400,33,0.0010185185185185184,10.0,0.07894736842105263,0.15151515151515152
347,2,22,1,32400,4,0.0001234567901234568,6.25,0.0,0.0
347,2,22,2,32400,15,0.000462962962962963,8.266667366027832,0.058823529411764705,0.0
347,2,23,0,32400,37,0.0011419753086419754,12.675676345825195,0.12121212121212122,0.21621621621621623
347,2,23,1,32400,8,0.0002469135802469136,5.5,0.25,0.125
347,2,23,2,32400,15,0.000462962962962963,9.600000381469727,0.0,0.06666666666666667
347,2,24,0,32400,34,0.0010493827160493827,9.70588207244873,0.13513513513513514,0.058823529411764705
347,2,24,1,32400,4,0.0001234567901234568,15.249998092651367,0.0,0.0
347,2,24,2,32400,17,0.0005246913580246914,4.117647171020508,0.0,0.058823529411764705
347,2,25,0,32400,46,0.001419753086419753,9.260869979858398,0.14705882352941177,0.06521739130434782
347,2,25,1,32400,5,0.00015432098765432098,3.4000000953674316,0.0,0.0
347,2,25,2,32400,15,0.000462962962962963,30.066667556762695,0.0,0.06666666666666667
347,2,26,0,32400,33,0.0010185185185185184,76.30302429199219,0.10869565217391304,0.15151515151515152
347,2,26,1,32400,7,0.0002160493827160494,16.0,0.0,0.14285714285714285
347,2,26,2,32400,16,0.0004938271604938272,60.50000762939453,0.3333333333333333,0.1875
347,2,27,0,32400,36,0.0011111111111111111,26.694448471069336,0.18181818181818182,0.08333333333333333
347,2,27,1,32400,6,0.00018518518518518518,4.5,0.0,0.0
347,2,27,2,32400,16,0.0004938271604938272,8.3125,0.0625,0.0625
347,2,28,0,32400,49,0.0015123456790123457,20.122447967529297,0.2222222222222222,0.20408163265306123
347,2,28,1,32400,13,0.00040123456790123454,12.2307710647583,0.0,0.15384615384615385
347,2,28,2,32400,14,0.0004320987654320988,64.85714721679688,0.0625,0.14285714285714285
347,2,29,0,32400,33,0.0010185185185185184,14.515151977539062,0.10204081632653061,0.09090909090909091
347,2,29,1,32400,11,0.00033950617283950616,4.454545497894287,0.0,0.09090909090909091
347,2,29,2,32400,13,0.00040123456790123454,12.307693481445312,0.14285714285714285,0.0
347,2,30,0,32400,33,0.0010185185185185184,26.121212005615234,0.09090909090909091,0.06060606060606061
347,2,30,1,32400,4,0.0001234567901234568,5.75,0.09090909090909091,0.0
347,2,30,2,32400,17,0.0005246913580246914,16.76470375061035,0.23076923076923078,0.058823529411764705
347,2,31,0,32400,38,0.0011728395061728395,10.710526466369629,0.06060606060606061,0.10526315789473684
347,2,31,1,32400,6,0.00018518518518518518,14.666667938232422,0.0,0.0
347,2,31,2,32400,18,0.0005555555555555556,4.44444465637207,0.0,0.16666666666666666
347,2,32,0,32400,28,0.0008641975308641976,12.714285850524902,0.10526315789473684,0.10714285714285714
347,2,32,1,32400,6,0.00018518518518518518,31.499998092651367,0.0,0.16666666666666666
347,2,32,2,32400,16,0.0004938271604938272,8.375000953674316,0.1111111111111111,0.0625
347,2,33,0,32400,35,0.0010802469135802468,11.914285659790039,0.10714285714285714,0.14285714285714285
347,2,33,1,32400,5,0.00015432098765432098,7.200000286102295,0.16666666666666666,0.0
347,2,33,2,32400,10,0.00030864197530864197,4.599999904632568,0.0625,0.0
347,2,34,0,32400,26,0.0008024691358024691,61.346160888671875,0.02857142857142857,0.038461538461538464
347,2,34,1,32400,10,0.00030864197530864197,18.499998092651367,0.6,0.1
347,2,34,2,32400,15,0.000462962962962963,6.866667747497559,0.0,0.06666666666666667
347,2,35,0,32400,31,0.0009567901234567902,74.70968627929688,0.038461538461538464,0.12903225806451613
347,2,35,1,32400,7,0.0002160493827160494,8.142857551574707,0.0,0.0
347,2,35,2,32400,9,0.0002777777777777778,6.0,0.0,0.0
347,3,1,0,32400,26,0.0008024691358024691,12.461539268493652,-1.0,0.07692307692307693
347,3,1,1,32400,8,0.0002469135802469136,10.750001907348633,-1.0,0.0
347,3,1,2,32400,20,0.0006172839506172839,14.65000057220459,-1.0,0.05
347,3,2,0,32400,18,0.0005555555555555556,9.277777671813965,0.038461538461538464,0.05555555555555555
347,3,2,1,32400,17,0.0005246913580246914,14.823529243469238,0.125,0.058823529411764705
347,3,2,2,32400,19,0.0005864197530864197,6.842105388641357,0.05,0.15789473684210525
347,3,3,0,32400,21,0.0006481481481481481,29.09524154663086,0.0,0.0
347,3,3,1,32400,9,0.0002777777777777778,14.666666984558105,0.0,0.0
347,3,3,2,32400,17,0.0005246913580246914,5.0,0.15789473684210525,0.058823529411764705
347,3,4,0,32400,26,0.0008024691358024691,11.538463592529297,0.09523809523809523,0.11538461538461539
347,3,4,1,32400,8,0.0002469135802469136,6.5,0.1111111111111111,0.0
347,3,4,2,32400,11,0.00033950617283950616,11.63636302947998,0.17647058823529413,0.09090909090909091
347,3,5,0,32400,29,0.0008950617283950618,11.413792610168457,0.15384615384615385,0.034482758620689655
347,3,5,1,32400,11,0.00033950617283950616,11.636363983154297,0.0,0.0
347,3,5,2,32400,15,0.000462962962962963,6.200000286102295,0.09090909090909091,0.06666666666666667
347,3,6,0,32400,35,0.0010802469135802468,18.171428680419922,0.034482758620689655,0.2
347,3,6,1,32400,11,0.00033950617283950616,10.272727966308594,0.0,0.09090909090909091
347,3,6,2,32400,17,0.0005246913580246914,5.764706134796143,0.06666666666666667,0.058823529411764705
347,3,7,0,32400,34,0.0010493827160493827,8.970588684082031,0.17142857142857143,0.08823529411764706
347,3,7,1,32400,12,0.00037037037037037035,7.333333492279053,0.09090909090909091,0.16666666666666666
347,3,7,2,32400,25,0.0007716049382716049,4.599999904632568,0.17647058823529413,0.12
347,3,8,0,32400,30,0.000925925925925926,11.833333969116211,0.058823529411764705,0.1
347,3,8,1,32400,11,0.00033950617283950616,7.363636493682861,0.0,0.0
347,3,8,2,32400,16,0.0004938271604938272,3.3125,0.04,0.0
347,3,9,0,32400,24,0.0007407407407407407,4.875,0.13333333333333333,0.125
347,3,9,1,32400,7,0.0002160493827160494,9.571429252624512,0.09090909090909091,0.0
347,3,9,2,32400,12,0.00037037037037037035,3.1666667461395264,0.1875,0.08333333333333333
347,3,10,0,32400,23,0.0007098765432098765,9.695652961730957,0.08333333333333333,0.043478260869565216
347,3,10,1,32400,11,0.00033950617283950616,15.181817054748535,0.0,0.0
347,3,10,2,32400,11,0.00033950617283950616,7.18181848526001,0.08333333333333333,0.09090909090909091
347,3,11,0,32400,30,0.000925925925925926,9.266667366027832,0.17391304347826086,0.0
347,3,11,1,32400,11,0.00033950617283950616,7.090909481048584,0.0,0.18181818181818182
347,3,11,2,32400,23,0.0007098765432098765,12.565217971801758,0.2727272727272727,0.08695652173913043
347,3,12,0,32400,21,0.0006481481481481481,17.666667938232422,0.03333333333333333,0.09523809523809523
347,3,12,1,32400,4,0.0001234567901234568,3.0,0.09090909090909091,0.0
347,3,12,2,32400,11,0.00033950617283950616,12.818181991577148,0.08695652173913043,0.2727272727272727
347,3,13,0,32400,29,0.0008950617283950618,37.55172348022461,0.09523809523809523,0.0
347,3,13,1,32400,7,0.0002160493827160494,13.428572654724121,0.0,0.0
347,3,13,2,32400,13,0.00040123456790123454,7.769231796264648,0.18181818181818182,0.0
347,3,14,0,32400,33,0.0010185185185185184,12.545454978942871,0.10344827586206896,0.09090909090909091
347,3,14,1,32400,12,0.00037037037037037035,7.6666669845581055,0.2857142857142857,0.08333333333333333
347,3,14,2,32400,19,0.0005864197530864197,6.526315689086914,0.07692307692307693,0.0
347,3,15,0,32400,35,0.0010802469135802468,19.799999237060547,0.09090909090909091,0.08571428571428572
347,3,15,1,32400,12,0.00037037037037037035,15.833332061767578,0.08333333333333333,0.08333333333333333
347,3,15,2,32400,15,0.000462962962962963,10.800000190734863,0.05263157894736842,0.2
347,3,16,0,32400,32,0.0009876543209876543,16.999996185302734,0.08571428571428572,0.125
347,3,16,1,32400,13,0.00040123456790123454,14.923077583312988,0.08333333333333333,0.0
347,3,16,2,32400,18,0.0005555555555555556,9.88888931274414,0.2,0.16666666666666666
347,3,17,0,32400,47,0.0014506172839506173,16.12765884399414,0.15625,0.1702127659574468
347,3,17,1,32400,15,0.000462962962962963,7.133333683013916,0.0,0.2
347,3,17,2,32400,20,0.0006172839506172839,11.800000190734863,0.0,0.1
347,3,18,0,32400,34,0.0010493827160493827,9.470588684082031,0.10638297872340426,0.058823529411764705
347,3,18,1,32400,15,0.000462962962962963,13.066669464111328,0.0,0.2
347,3,18,2,32400,17,0.0005246913580246914,13.529412269592285,0.1,0.11764705882352941
347,3,19,0,32400,28,0.0008641975308641976,9.5,0.08823529411764706,0.0
347,3,19,1,32400,5,0.00015432098765432098,3.799999952316284,0.0,0.0
347,3,19,2,32400,6,0.00018518518518518518,3.6666667461395264,0.0,0.0
347,3,20,0,32400,27,0.0008333333333333334,31.29629898071289,0.03571428571428571,0.14814814814814814
347,3,20,1,32400,6,0.00018518518518518518,11.166666984558105,0.0,0.16666666666666666
347,3,20,2,32400,21,0.0006481481481481481,6.904762268066406,0.0,0.09523809523809523
347,3,21,0,32400,30,0.000925925925925926,6.733333587646484,0.1111111111111111,0.16666666666666666
347,3,21,1,32400,6,0.00018518518518518518,10.0,0.16666666666666666,0.16666666666666666
347,3,21,2,32400,13,0.00040123456790123454,3.0,0.047619047619047616,0.0
347,3,22,0,32400,30,0.000925925925925926,7.200000286102295,0.06666666666666667,0.03333333333333333
347,3,22,1,32400,7,0.0002160493827160494,3.7142858505249023,0.0,0.0
347,3,22,2,32400,15,0.000462962962962963,6.40000057220459,0.07692307692307693,0.0
347,3,23,0,32400,33,0.0010185185185185184,10.212121963500977,0.13333333333333333,0.09090909090909091
347,3,23,1,32400,9,0.0002777777777777778,8.333333015441895,0.14285714285714285,0.1111111111111111
347,3,23,2,32400,9,0.0002777777777777778,26.88888931274414,0.06666666666666667,0.0
347,3,24,0,32400,35,0.0010802469135802468,12.914286613464355,0.06060606060606061,0.08571428571428572
347,3,24,1,32400,9,0.0002777777777777778,7.666666507720947,0.1111111111111111,0.1111111111111111
347,3,24,2,32400,14,0.0004320987654320988,12.428569793701172,0.1111111111111111,0.14285714285714285
347,3,25,0,32400,41,0.0012654320987654322,8.268292427062988,0.14285714285714285,0.1951219512195122
347,3,25,1,32400,6,0.00018518518518518518,5.0,0.0,0.0
347,3,25,2,32400,12,0.00037037037037037035,23.75,0.07142857142857142,0.08333333333333333
347,3,26,0,32400,33,0.0010185185185185184,37.48484802246094,0.07317073170731707,0.09090909090909091
347,3,26,1,32400,6,0.00018518518518518518,4.333333492279053,0.0,0.0
347,3,26,2,32400,14,0.0004320987654320988,22.142860412597656,0.08333333333333333,0.0
347,3,27,0,32400,38,0.0011728395061728395,26.631582260131836,0.12121212121212122,0.18421052631578946
347,3,27,1,32400,6,0.00018518518518518518,5.000000476837158,0.0,0.0
347,3,27,2,32400,15,0.000462962962962963,7.733333587646484,0.0,0.06666666666666667
347,3,28,0,32400,39,0.0012037037037037038,49.20512771606445,0.21052631578947367,0.15384615384615385
347,3,28,1,32400,9,0.0002777777777777778,22.88888931274414,0.0,0.1111111111111111
347,3,28,2,32400,14,0.0004320987654320988,30.285720825195312,0.0,0.14285714285714285
347,3,29,0,32400,38,0.0011728395061728395,8.289473533630371,0.05128205128205128,0.10526315789473684
347,3,29,1,32400,8,0.0002469135802469136,25.75,0.0,0.125
347,3,29,2,32400,16,0.0004938271604938272,8.4375,0.0,0.1875
347,3,30,0,32400,35,0.0010802469135802468,30.714282989501953,0.05263157894736842,0.11428571428571428
347,3,30,1,32400,11,0.00033950617283950616,7.727272987365723,0.5,0.09090909090909091
347,3,30,2,32400,18,0.0005555555555555556,5.166666507720947,0.0,0.05555555555555555
347,3,31,0,32400,33,0.0010185185185185184,8.727272987365723,0.11428571428571428,0.15151515151515152
347,3,31,1,32400,4,0.0001234567901234568,3.75,0.0,0.0
347,3,31,2,32400,14,0.0004320987654320988,5.5714287757873535,0.0,0.14285714285714285
347,3,32,0,32400,33,0.0010185185185185184,13.242424964904785,0.09090909090909091,0.21212121212121213
347,3,32,1,32400,6,0.00018518518518518518,13.833333969116211,0.0,0.0
347,3,32,2,32400,12,0.00037037037037037035,8.666666984558105,0.07142857142857142,0.0
347,3,33,0,32400,35,0.0010802469135802468,16.828575134277344,0.030303030303030304,0.08571428571428572
347,3,33,1,32400,7,0.0002160493827160494,5.142857551574707,0.0,0.0
347,3,33,2,32400,10,0.00030864197530864197,5.200000286102295,0.08333333333333333,0.0
347,3,34,0,32400,37,0.0011419753086419754,62.675682067871094,0.05714285714285714,0.08108108108108109
347,3,34,1,32400,8,0.0002469135802469136,9.875000953674316,0.0,0.25
347,3,34,2,32400,16,0.0004938271604938272,6.0625,0.1,0.125
347,3,35,0,32400,43,0.0013271604938271606,10.976743698120117,0.08108108108108109,0.13953488372093023
347,3,35,1,32400,6,0.00018518518518518518,5.6666669845581055,0.0,0.0
347,3,35,2,32400,16,0.0004938271604938272,10.1875,0.125,0.125
