corr_ls1.0_clustering,corr_ls1.0_n_active,corr_ls2.0_clustering,corr_ls2.0_n_active,corr_ls3.0_clustering,corr_ls3.0_n_active,corr_ls5.0_clustering,corr_ls5.0_n_active,corr_ls8.0_clustering,corr_ls8.0_n_active,gate_mass,gate_mean,gate_moran_i,indep_n_active,indep_clustering,topk_n_active,topk_clustering,origin,sample_idx,step,target_idx
0.8658536585365854,246,1.2113564668769716,317,1.1868131868131868,273,1.3276231263383298,467,1.0193236714975846,207,278.8902587890625,0.008607723750174046,0.6579990173216427,287,0.4250871080139373,279,1.014336917562724,335,0,1,0
0.65,80,0.7906976744186046,43,1.0380952380952382,105,1.5465116279069768,172,0.8055555555555556,36,55.855316162109375,0.0017239295411854982,0.5212547820515019,49,0.32653061224489793,56,0.7321428571428571,335,0,1,1
0.6521739130434783,92,0.8020833333333334,96,1.0227272727272727,88,0.8767123287671232,73,0.7283950617283951,81,111.67941284179688,0.003446895396336913,0.5414693881571033,122,0.3114754098360656,112,0.9196428571428571,335,0,1,2
0.9050847457627119,295,1.0680851063829788,235,1.2148760330578512,242,1.4233449477351916,574,0.8411214953271028,107,229.3938446044922,0.007080056704580784,0.6466531868633787,243,0.40329218106995884,229,0.982532751091703,335,0,2,0
0.6829268292682927,41,1.3142857142857143,70,0.9032258064516129,31,1.0,48,0.8461538461538461,26,47.58727264404297,0.0014687429647892714,0.6315734443873547,48,0.3125,48,0.9166666666666666,335,0,2,1
0.6136363636363636,88,0.7424242424242424,66,1.2166666666666666,60,0.5384615384615384,26,1.345679012345679,81,79.83491516113281,0.0024640406481921673,0.45312307235238647,77,0.18181818181818182,80,0.7875,335,0,2,2
0.8104575163398693,153,0.7730061349693251,163,0.9711538461538461,104,1.0833333333333333,168,0.9026548672566371,113,183.31735229492188,0.005657942965626717,0.6245254134296979,179,0.3128491620111732,183,0.9890710382513661,335,0,3,0
0.4375,16,1.0,46,1.1666666666666667,36,0.8421052631578947,19,0.6363636363636364,11,35.30747604370117,0.0010897369356825948,0.4787178236703318,36,0.08333333333333333,35,0.8571428571428571,335,0,3,1
0.6219512195121951,82,0.6976744186046512,43,0.6486486486486487,37,0.9180327868852459,61,1.5618556701030928,194,68.83236694335938,0.0021244557574391365,0.4265200896605895,72,0.16666666666666666,69,0.6956521739130435,335,0,3,2
0.7654320987654321,162,1.0258064516129033,155,0.8955223880597015,67,1.04,75,0.8588235294117647,85,138.8979949951172,0.004286975134164095,0.5735045445355853,140,0.2642857142857143,139,0.8992805755395683,335,0,4,0
0.6363636363636364,22,0.84,25,1.1538461538461537,13,0.6666666666666666,15,0.8888888888888888,9,32.2400016784668,0.0009950618259608746,0.5863055958755089,38,0.18421052631578946,32,1.0,335,0,4,1
0.5517241379310345,58,0.8571428571428571,42,0.9736842105263158,38,0.7272727272727273,22,0.625,8,56.5088996887207,0.0017441018717363477,0.420515383268501,60,0.05,57,0.8421052631578947,335,0,4,2
0.6923076923076923,117,0.8970588235294118,136,0.9156626506024096,83,1.1156462585034013,147,0.7428571428571429,35,116.45304107666016,0.003594229696318507,0.571017664012912,114,0.2807017543859649,116,0.9396551724137931,335,0,5,0
0.5769230769230769,26,0.5789473684210527,19,0.5,6,0.6,5,1.7521739130434784,230,25.596887588500977,0.0007900273776613176,0.40506922267689,28,0.03571428571428571,26,0.7307692307692307,335,0,5,1
0.589041095890411,73,0.7543859649122807,57,1.2121212121212122,99,0.25,4,0.5,8,52.96562576293945,0.0016347415512427688,0.5041328478995198,45,0.1111111111111111,53,0.8301886792452831,335,0,5,2
0.7473684210526316,95,1.0238095238095237,84,1.2331288343558282,163,1.105263157894737,57,0.6111111111111112,18,99.74590301513672,0.0030785773415118456,0.5655299076089865,91,0.21978021978021978,100,0.94,335,0,6,0
0.16666666666666666,18,0.9210526315789473,38,0.3333333333333333,3,-1.0,0,0.0,1,22.68730354309082,0.0007002254133112729,0.18164681052469347,15,0.0,23,0.6956521739130435,335,0,6,1
0.3684210526315789,38,0.9259259259259259,27,0.6428571428571429,14,1.453125,64,0.8333333333333334,12,46.873619079589844,0.0014467166038230062,0.4860985712822591,43,0.11627906976744186,47,0.8085106382978723,335,0,6,2
0.5,62,0.7857142857142857,56,1.1454545454545455,55,0.5769230769230769,26,1.3097345132743363,113,89.00944519042969,0.0027472050860524178,0.564289054200257,95,0.2631578947368421,89,1.0112359550561798,335,0,7,0
0.3333333333333333,24,1.0909090909090908,33,0.5,4,0.3333333333333333,6,1.34375,64,20.432727813720703,0.0006306397262960672,0.38814472644972753,18,0.0,20,0.7,335,0,7,1
0.4594594594594595,37,0.8205128205128205,39,1.0943396226415094,53,0.625,8,0.0,2,42.753021240234375,0.0013195376377552748,0.3105664900370038,46,0.043478260869565216,43,0.7674418604651163,335,0,7,2
0.5512820512820513,78,0.9833333333333333,60,1.2698412698412698,63,1.25503355704698,149,1.5214285714285714,140,75.06991577148438,0.0023169727064669132,0.4403792485465771,76,0.14473684210526316,75,0.92,335,0,8,0
0.21428571428571427,14,1.0,23,0.0,1,-1.0,0,1.4078947368421053,76,18.697572708129883,0.0005770855932496488,0.4513126090361875,20,0.0,19,0.5263157894736842,335,0,8,1
0.5660377358490566,53,1.0,59,1.2897196261682242,107,0.0,2,0.4,5,41.96622085571289,0.0012952537508681417,0.4196321181880597,33,0.030303030303030304,42,0.7380952380952381,335,0,8,2
0.49206349206349204,63,1.1313131313131313,99,0.8709677419354839,62,0.52,25,0.7777777777777778,27,66.96473693847656,0.0020668129436671734,0.4616891299189911,63,0.15873015873015872,67,0.8805970149253731,335,0,9,0
0.5882352941176471,17,0.5,4,1.5476190476190477,42,1.35,40,1.5357142857142858,112,18.176557540893555,0.0005610048538073897,0.4397518455927235,16,0.0,18,0.4444444444444444,335,0,9,1
0.48484848484848486,33,0.6666666666666666,21,0.6,15,0.5555555555555556,18,0.0,2,38.40842819213867,0.0011854453478008509,0.3409753526525512,36,0.05555555555555555,38,0.7105263157894737,335,0,9,2
0.46153846153846156,52,0.8627450980392157,51,0.6538461538461539,52,1.1147540983606556,61,1.4585987261146496,157,64.58323669433594,0.0019933097064495087,0.4520139433448885,61,0.14754098360655737,65,1.0307692307692307,335,0,10,0
0.3333333333333333,18,0.25,4,0.8125,16,0.3333333333333333,3,0.0,1,20.032039642333984,0.0006182728102430701,0.3443108509496041,20,0.05,20,0.95,335,0,10,1
0.43902439024390244,41,0.8787878787878788,33,1.263157894736842,38,1.25,64,0.65,20,40.323204040527344,0.0012445433530956507,0.4657423218107203,48,0.0625,40,0.875,335,0,10,2
0.36585365853658536,41,0.5217391304347826,23,0.9787234042553191,47,0.7142857142857143,14,1.5705882352941176,170,57.20646286010742,0.0017656316049396992,0.32566681676106546,55,0.03636363636363636,57,0.9298245614035088,335,0,11,0
0.14285714285714285,14,0.0,1,1.0,12,-1.0,0,1.5714285714285714,98,17.539783477783203,0.000541351328138262,0.1678333195017602,23,0.0,18,0.5,335,0,11,1
0.6341463414634146,41,0.6875,32,0.5882352941176471,17,1.1612903225806452,62,0.15384615384615385,13,36.1065559387207,0.0011143998708575964,0.16081075126863092,34,0.0,36,0.75,335,0,11,2
0.47368421052631576,57,0.47368421052631576,38,1.2989690721649485,97,1.3445378151260505,119,0.0,5,52.277400970458984,0.0016135000623762608,0.27754365078885124,55,0.03636363636363636,52,1.0192307692307692,335,0,12,0
0.45454545454545453,22,0.6666666666666666,15,-1.0,0,-1.0,0,-1.0,0,17.13617706298828,0.0005288943648338318,0.17075112583526347,18,0.0,17,0.8235294117647058,335,0,12,1
0.2413793103448276,29,0.6764705882352942,34,1.2307692307692308,26,0.3333333333333333,3,0.0,2,34.91480255126953,0.00107761740218848,0.12962255042269,33,0.030303030303030304,35,0.8857142857142857,335,0,12,2
0.5892857142857143,56,1.0483870967741935,62,1.1538461538461537,39,1.0217391304347827,46,0.4,5,48.086395263671875,0.001484147971495986,0.22966450179206385,50,0.0,48,1.0,335,0,13,0
0.4375,32,1.25,28,0.0,1,-1.0,0,-1.0,0,16.879528045654297,0.0005209730588831007,0.09173397847809743,16,0.0,17,0.7647058823529411,335,0,13,1
0.4634146341463415,41,0.9047619047619048,42,0.5,2,1.024390243902439,41,1.4662921348314606,178,34.11333465576172,0.00105288065969944,0.10666664943618447,40,0.0,34,1.0588235294117647,335,0,13,2
0.5116279069767442,43,1.2133333333333334,75,0.9565217391304348,23,1.3859649122807018,57,0.4,5,44.9598388671875,0.0013876493321731687,0.1879249682819773,56,0.0,45,1.0222222222222221,335,0,14,0
0.38461538461538464,13,0.25,4,1.25,12,-1.0,0,0.7,10,16.68550682067871,0.000514984771143645,0.06496828619027045,19,0.0,17,0.8235294117647058,335,0,14,1
0.29411764705882354,17,0.7037037037037037,27,0.9166666666666666,36,1.5714285714285714,42,0.0,1,33.688385009765625,0.001039764960296452,0.0993971552611137,42,0.023809523809523808,34,1.0,335,0,14,2
0.16129032258064516,31,0.825,40,1.4588235294117646,85,1.2894736842105263,38,0.6842105263157895,19,42.982418060302734,0.0013266177847981453,0.180990156659991,46,0.043478260869565216,43,0.9069767441860465,335,0,15,0
0.25,12,1.0,17,1.1428571428571428,21,0.0,1,-1.0,0,16.45888900756836,0.000507990422192961,0.09545575691240817,17,0.0,16,0.8125,335,0,15,1
0.20833333333333334,24,0.8125,16,1.0,11,0.9166666666666666,24,1.5064935064935066,154,33.515567779541016,0.0010344311594963074,0.09337636534613222,46,0.0,34,1.0588235294117647,335,0,15,2
0.35,40,0.8717948717948718,39,1.1111111111111112,45,0.07692307692307693,13,0.0,4,41.32514572143555,0.0012754674535244703,0.18397875481860754,41,0.0,41,0.9024390243902439,335,0,16,0
0.4,25,0.9166666666666666,12,1.2307692307692308,65,0.0,1,-1.0,0,16.361705780029297,0.0005049909232184291,0.10731117285316545,26,0.0,16,1.0,335,0,16,1
0.20833333333333334,24,0.6551724137931034,29,1.4125,80,1.5070422535211268,71,1.6200873362445414,458,32.78834915161133,0.0010119860526174307,0.09998636056382308,22,0.0,33,1.1515151515151516,335,0,16,2
0.48148148148148145,27,0.8461538461538461,52,1.0930232558139534,43,0.14285714285714285,7,0.6666666666666666,12,40.80536651611328,0.0012594248401001096,0.15054566040965348,35,0.0,41,1.0,335,0,17,0
0.5714285714285714,7,1.0476190476190477,21,1.25,12,0.6363636363636364,11,0.0,3,16.36097526550293,0.0005049683968536556,0.05337114029415342,20,0.0,16,0.875,335,0,17,1
0.3076923076923077,26,1.125,80,1.4787234042553192,94,1.0,30,0.0,1,33.08875274658203,0.001021257834509015,0.09223837194662174,35,0.02857142857142857,33,1.3333333333333333,335,0,17,2
0.5490196078431373,51,0.803030303030303,66,1.2142857142857142,56,0.6774193548387096,31,0.125,8,40.51203155517578,0.0012503713369369507,0.1550845808238749,39,0.05128205128205128,41,0.926829268292683,335,0,18,0
0.47058823529411764,34,1.0,26,1.3214285714285714,28,1.3,20,0.0,1,16.314437866210938,0.0005035320064052939,0.06675047322943214,16,0.0,16,1.125,335,0,18,1
0.5714285714285714,42,1.0,34,0.6875,16,0.75,8,1.2307692307692308,52,32.84208297729492,0.0010136445052921772,0.08875720126250465,29,0.0,33,1.2727272727272727,335,0,18,2
0.46875,32,0.8823529411764706,34,1.2,35,1.0476190476190477,21,1.2857142857142858,42,40.34172821044922,0.0012451150687411427,0.15730910626703287,40,0.0,40,0.925,335,0,19,0
0.5185185185185185,27,0.9166666666666666,12,-1.0,0,1.5348837209302326,43,-1.0,0,16.243484497070312,0.0005013421177864075,0.12544697289388915,10,0.0,16,1.125,335,0,19,1
0.5689655172413793,58,1.0333333333333334,30,1.2142857142857142,56,-1.0,0,-1.0,0,32.565589904785156,0.0010051107965409756,0.11167614657771886,25,0.0,33,1.121212121212121,335,0,19,2
0.6428571428571429,70,0.6521739130434783,23,1.1886792452830188,53,0.8181818181818182,33,0.0,1,39.79487609863281,0.00122823694255203,0.19004886539359186,35,0.0,40,0.825,335,0,20,0
0.3076923076923077,13,0.972972972972973,37,0.6666666666666666,3,1.6764705882352942,68,1.6161616161616161,198,16.184362411499023,0.0004995173658244312,0.250840585223224,15,0.0,16,0.875,335,0,20,1
0.5476190476190477,42,0.9354838709677419,31,0.3333333333333333,6,0.25,4,0.2222222222222222,9,32.248069763183594,0.0009953108383342624,0.15600162337582565,26,0.0,32,0.9375,335,0,20,2
0.3235294117647059,34,0.8461538461538461,52,1.1590909090909092,44,1.5034013605442176,147,0.0,7,39.398616790771484,0.0012160066980868578,0.2845687415611632,36,0.027777777777777776,39,0.8205128205128205,335,0,21,0
0.35714285714285715,14,-1.0,0,-1.0,0,-1.0,0,-1.0,0,16.1682071685791,0.0004990187590010464,0.23926003968310697,11,0.0,16,0.75,335,0,21,1
0.375,32,0.8333333333333334,24,0.9090909090909091,22,1.4166666666666667,36,0.5,12,32.16844940185547,0.0009928534273058176,0.15327186917529728,30,0.0,32,0.84375,335,0,21,2
0.41025641025641024,39,1.0,23,1.0,15,-1.0,0,1.297872340425532,47,38.94146728515625,0.0012018971610814333,0.37879343651616093,40,0.0,39,0.6153846153846154,335,0,22,0
0.35714285714285715,14,1.0526315789473684,38,1.375,32,1.2380952380952381,21,-1.0,0,16.151172637939453,0.0004984929692000151,0.2175921230041377,20,0.0,16,0.75,335,0,22,1
0.3333333333333333,18,0.8260869565217391,23,1.4404761904761905,84,0.0,2,0.3333333333333333,3,32.11507034301758,0.0009912059176713228,0.0853115793804737,33,0.0,32,0.6875,335,0,22,2
0.5,42,0.9245283018867925,53,0.3333333333333333,6,1.654867256637168,113,0.46153846153846156,13,38.50111389160156,0.0011883060215041041,0.43901390806517837,35,0.0,39,0.41025641025641024,335,0,23,0
0.25,12,1.2105263157894737,38,0.6666666666666666,3,-1.0,0,-1.0,0,16.135173797607422,0.0004979991936124861,0.19695893432649603,15,0.0,16,0.5,335,0,23,1
0.575,40,1.0,35,-1.0,0,0.8888888888888888,18,1.4095238095238096,105,32.075477600097656,0.0009899839060381055,0.03008296638351451,33,0.0,32,0.4375,335,0,23,2
0.5660377358490566,53,1.2903225806451613,31,1.368421052631579,19,0.4,5,-1.0,0,38.144981384277344,0.0011773142032325268,0.4336193765046038,40,0.0,38,0.34210526315789475,335,0,24,0
0.3333333333333333,12,0.6666666666666666,3,1.2692307692307692,26,0.0,1,-1.0,0,16.1168155670166,0.0004974326002411544,0.17099277252630712,22,0.0,16,0.375,335,0,24,1
0.5,32,0.6896551724137931,29,1.1481481481481481,27,-1.0,0,1.6233766233766234,231,32.045562744140625,0.000989060616120696,0.0009882130468126225,25,0.0,32,0.3125,335,0,24,2
0.5454545454545454,44,0.7352941176470589,34,1.4333333333333333,90,0.9166666666666666,60,0.8309859154929577,71,37.920654296875,0.0011703905183821917,0.396835929373123,35,0.0,38,0.2894736842105263,335,0,25,0
0.4,15,1.0,38,1.5625,32,0.3333333333333333,3,-1.0,0,16.09944725036621,0.0004968965076841414,0.14883352524660082,10,0.0,16,0.25,335,0,25,1
0.3888888888888889,18,1.0,66,1.1176470588235294,17,1.5175438596491229,114,-1.0,0,32.02861022949219,0.000988537329249084,-0.009565538526997576,38,0.0,32,0.0625,335,0,25,2
0.4117647058823529,51,0.0,2,1.297872340425532,47,0.7692307692307693,26,0.4,5,37.79736328125,0.0011665852507576346,0.3794999628747495,43,0.0,38,0.21052631578947367,335,0,26,0
0.4,15,1.0,11,-1.0,0,0.0,3,-1.0,0,16.085540771484375,0.0004964672843925655,0.1342581127883738,17,0.0,16,0.0625,335,0,26,1
0.47368421052631576,38,0.4,20,1.2,40,1.5135135135135136,37,1.1666666666666667,30,32.02284622192383,0.0009883594466373324,-0.01248487331901485,36,0.0,32,0.0625,335,0,26,2
0.3055555555555556,36,0.6153846153846154,26,1.1538461538461537,13,0.2222222222222222,9,0.0,2,37.725887298583984,0.0011643791804090142,0.3731682443535153,31,0.0,38,0.21052631578947367,335,0,27,0
0.2,10,0.6923076923076923,26,1.4871794871794872,39,1.375,24,-1.0,0,16.07430648803711,0.0004961205995641649,0.12422634203314423,17,0.0,16,0.0625,335,0,27,1
0.6333333333333333,30,0.9,20,0.0,3,-1.0,0,-1.0,0,32.023597717285156,0.000988382613286376,-0.013358566145776254,39,0.0,32,0.0625,335,0,27,2
0.4418604651162791,43,0.8979591836734694,49,0.631578947368421,19,1.0256410256410255,39,0.4,5,37.685672760009766,0.0011631380766630173,0.3709230957382415,47,0.02127659574468085,38,0.21052631578947367,335,0,28,0
0.4666666666666667,15,1.0,19,1.0,8,0.0,1,-1.0,0,16.06639289855957,0.0004958763020113111,0.11867554974503614,13,0.0,16,0.0,335,0,28,1
0.5,38,1.1724137931034482,29,1.2,10,1.0,34,0.0,2,32.028194427490234,0.000988524523563683,-0.013725399043123135,26,0.0,32,0.0625,335,0,28,2
0.48148148148148145,27,0.7777777777777778,45,0.0,9,1.3529411764705883,17,-1.0,0,37.663028717041016,0.0011624391190707684,0.3700949996585375,50,0.0,38,0.21052631578947367,335,0,29,0
0.5,10,0.5,6,0.75,4,1.671641791044776,67,-1.0,0,16.061609268188477,0.0004957286873832345,0.11600906011449993,16,0.0,16,0.0,335,0,29,1
0.6326530612244898,49,0.5,10,1.0655737704918034,61,1.4938271604938271,81,1.5757575757575757,66,32.0340461730957,0.0009887050837278366,-0.013971717886662021,39,0.0,32,0.0625,335,0,29,2
0.5172413793103449,29,1.196078431372549,51,0.2857142857142857,7,1.5476190476190477,42,-1.0,0,37.64771270751953,0.001161966472864151,0.3696569907417377,24,0.0,38,0.21052631578947367,335,0,30,0
0.3125,16,1.3478260869565217,23,-1.0,0,1.5632183908045978,87,1.6725663716814159,113,16.058778762817383,0.0004956413176842034,0.1146292816954908,14,0.0,16,0.0,335,0,30,1
0.2916666666666667,24,1.0285714285714285,35,1.2,45,-1.0,0,-1.0,0,32.03989028930664,0.0009888855274766684,-0.014156155938026578,35,0.0,32,0.0625,335,0,30,2
0.46153846153846156,52,1.0,14,1.135135135135135,37,1.0,17,1.2424242424242424,66,37.636844635009766,0.0011616309639066458,0.36936868787962246,55,0.0,38,0.21052631578947367,335,0,31,0
0.25,8,0.9285714285714286,14,0.6666666666666666,3,-1.0,0,-1.0,0,16.057077407836914,0.0004955888143740594,0.11381372943243293,21,0.0,16,0.0,335,0,31,1
0.5185185185185185,27,0.92,25,1.5909090909090908,66,1.3142857142857143,35,1.6097560975609757,82,32.045265197753906,0.0009890514193102717,-0.014312240651085394,28,0.0,32,0.0625,335,0,31,2
0.2222222222222222,18,1.2535211267605635,71,1.346938775510204,49,1.1428571428571428,21,1.4615384615384615,78,37.62910461425781,0.001161392079666257,0.3691775024833799,38,0.0,38,0.21052631578947367,335,0,32,0
0.5789473684210527,19,0.9285714285714286,28,1.4651162790697674,43,1.4545454545454546,22,-1.0,0,16.05620002746582,0.0004955617478117347,0.11330774669775306,17,0.0,16,0.0,335,0,32,1
0.5675675675675675,37,0.7142857142857143,14,0.9,10,1.391304347826087,23,-1.0,0,32.0504035949707,0.0009892099769786,-0.014445180497553589,40,0.0,32,0.0625,335,0,32,2
0.391304347826087,23,0.9753086419753086,81,1.1071428571428572,28,0.4,5,-1.0,0,37.623451232910156,0.0011612175730988383,0.36904404180431455,35,0.0,38,0.21052631578947367,335,0,33,0
0.43333333333333335,30,0.8947368421052632,19,1.0,10,0.9655172413793104,29,-1.0,0,16.055686950683594,0.0004955459153279662,0.11293040255971627,16,0.0,16,0.0,335,0,33,1
0.5142857142857142,35,0.8823529411764706,17,1.26,50,0.75,12,-1.0,0,32.05514144897461,0.0009893561946228147,-0.01454879521119522,25,0.0,32,0.0625,335,0,33,2
0.48717948717948717,39,0.8214285714285714,28,1.24,25,0.8571428571428571,7,0.5714285714285714,7,37.61882400512695,0.0011610748479142785,0.36892371673716085,38,0.0,38,0.21052631578947367,335,0,34,0
0.6875,16,0.0,1,1.5,26,1.2,10,-1.0,0,16.05533218383789,0.0004955349722877145,0.11264866787567068,14,0.0,16,0.0,335,0,34,1
0.425,40,1.0588235294117647,34,1.4444444444444444,27,1.1785714285714286,28,0.0,3,32.059478759765625,0.0009894900722429156,-0.014639888880898877,29,0.0,32,0.0625,335,0,34,2
0.48,25,1.048780487804878,41,0.0,1,1.3975903614457832,83,0.0,6,37.6148681640625,0.001160952728241682,0.3688258251581737,35,0.0,38,0.21052631578947367,335,0,35,0
0.3,10,1.0,18,0.5,2,-1.0,0,-1.0,0,16.05506134033203,0.0004955265903845429,0.11241821655867944,15,0.0,16,0.0,335,0,35,1
0.5142857142857142,35,1.0476190476190477,21,-1.0,0,1.5405405405405406,74,0.6666666666666666,18,32.063533782958984,0.0009896152187138796,-0.01471871325787104,28,0.0,32,0.09375,335,0,35,2
NA,NA,NA,NA,NA,NA,NA,NA,NA,NA,299.5632629394531,0.009245779365301132,0.7143062488264378,305,0.6262295081967213,300,1.0866666666666667,335,1,1,0
NA,NA,NA,NA,NA,NA,NA,NA,NA,NA,58.847930908203125,0.0018162941560149193,0.5851295993090205,58,0.39655172413793105,59,0.9322033898305084,335,1,1,1
NA,NA,NA,NA,NA,NA,NA,NA,NA,NA,107.24658966064453,0.0033100799191743135,0.5328216844549439,111,0.24324324324324326,107,0.8691588785046729,335,1,1,2
NA,NA,NA,NA,NA,NA,NA,NA,NA,NA,240.786376953125,0.007431678473949432,0.6481025509430508,224,0.38392857142857145,241,1.0,335,1,2,0
NA,NA,NA,NA,NA,NA,NA,NA,NA,NA,34.88020324707031,0.0010765495244413614,0.43057978025580673,26,0.07692307692307693,35,0.7428571428571429,335,1,2,1
NA,NA,NA,NA,NA,NA,NA,NA,NA,NA,80.78895568847656,0.002493486274033785,0.41519148608522666,77,0.12987012987012986,81,0.8024691358024691,335,1,2,2
NA,NA,NA,NA,NA,NA,NA,NA,NA,NA,195.0047607421875,0.006018665619194508,0.5992169462084688,178,0.398876404494382,195,0.9435897435897436,335,1,3,0
NA,NA,NA,NA,NA,NA,NA,NA,NA,NA,31.2265625,0.0009637827752158046,0.26827279541068466,31,0.03225806451612903,31,0.6774193548387096,335,1,3,1
NA,NA,NA,NA,NA,NA,NA,NA,NA,NA,73.12957763671875,0.0022570856381207705,0.46080482573907655,80,0.1625,73,0.8767123287671232,335,1,3,2
NA,NA,NA,NA,NA,NA,NA,NA,NA,NA,171.84902954101562,0.005303982179611921,0.6462980638697297,159,0.41509433962264153,172,1.0930232558139534,335,1,4,0
NA,NA,NA,NA,NA,NA,NA,NA,NA,NA,29.818187713623047,0.0009203144581988454,0.31815658835105154,30,0.0,30,0.6666666666666666,335,1,4,1
NA,NA,NA,NA,NA,NA,NA,NA,NA,NA,62.14485168457031,0.0019180509261786938,0.39095573036717873,59,0.11864406779661017,62,0.7258064516129032,335,1,4,2
NA,NA,NA,NA,NA,NA,NA,NA,NA,NA,146.6188201904297,0.00452527217566967,0.6456637656269529,151,0.3973509933774834,147,1.08843537414966,335,1,5,0
NA,NA,NA,NA,NA,NA,NA,NA,NA,NA,23.941333770751953,0.0007389300735667348,0.14577187185957888,18,0.0,24,0.4583333333333333,335,1,5,1
NA,NA,NA,NA,NA,NA,NA,NA,NA,NA,59.54899597167969,0.0018379319226369262,0.37271411527028114,53,0.09433962264150944,60,0.85,335,1,5,2
NA,NA,NA,NA,NA,NA,NA,NA,NA,NA,127.04867553710938,0.003921255469322205,0.5233388534845868,127,0.29133858267716534,127,1.015748031496063,335,1,6,0
NA,NA,NA,NA,NA,NA,NA,NA,NA,NA,22.096694946289062,0.0006819967529736459,0.1808296340499269,20,0.0,22,0.18181818181818182,335,1,6,1
NA,NA,NA,NA,NA,NA,NA,NA,NA,NA,53.95723342895508,0.0016653466736897826,0.33017868211055124,37,0.08108108108108109,54,0.6851851851851852,335,1,6,2
NA,NA,NA,NA,NA,NA,NA,NA,NA,NA,130.3502960205078,0.004023157060146332,0.6005302690693747,132,0.42424242424242425,130,1.1307692307692307,335,1,7,0
NA,NA,NA,NA,NA,NA,NA,NA,NA,NA,21.11220932006836,0.0006516114226542413,0.3515319108028372,21,0.0,21,0.5238095238095238,335,1,7,1
NA,NA,NA,NA,NA,NA,NA,NA,NA,NA,53.109073638916016,0.001639168942347169,0.2877641987311371,48,0.020833333333333332,53,0.6415094339622641,335,1,7,2
NA,NA,NA,NA,NA,NA,NA,NA,NA,NA,120.71658325195312,0.003725820453837514,0.5947130632724557,138,0.42028985507246375,121,1.1487603305785123,335,1,8,0
NA,NA,NA,NA,NA,NA,NA,NA,NA,NA,21.08169937133789,0.0006506697391159832,0.2905281107178572,22,0.0,21,0.5714285714285714,335,1,8,1
NA,NA,NA,NA,NA,NA,NA,NA,NA,NA,54.116676330566406,0.0016702677821740508,0.3732447392541008,50,0.14,54,0.7407407407407407,335,1,8,2
NA,NA,NA,NA,NA,NA,NA,NA,NA,NA,113.78396606445312,0.0035118507221341133,0.5672724580771851,118,0.3728813559322034,114,1.105263157894737,335,1,9,0
NA,NA,NA,NA,NA,NA,NA,NA,NA,NA,20.577978134155273,0.0006351227639243007,0.34613129461723796,24,0.0,21,0.42857142857142855,335,1,9,1
NA,NA,NA,NA,NA,NA,NA,NA,NA,NA,49.901222229003906,0.0015401612035930157,0.26595138496802884,44,0.09090909090909091,50,0.82,335,1,9,2
NA,NA,NA,NA,NA,NA,NA,NA,NA,NA,108.03150939941406,0.0033343059476464987,0.5900642730425398,111,0.36036036036036034,108,1.1759259259259258,335,1,10,0
NA,NA,NA,NA,NA,NA,NA,NA,NA,NA,18.737905502319336,0.0005783304222859442,0.25266788088864145,22,0.0,19,0.47368421052631576,335,1,10,1
NA,NA,NA,NA,NA,NA,NA,NA,NA,NA,47.60398483276367,0.0014692588010802865,0.3076491154029633,51,0.0392156862745098,48,0.9166666666666666,335,1,10,2
NA,NA,NA,NA,NA,NA,NA,NA,NA,NA,97.14720153808594,0.0029983704444020987,0.5093675197206123,88,0.19318181818181818,97,1.1134020618556701,335,1,11,0
NA,NA,NA,NA,NA,NA,NA,NA,NA,NA,18.996536254882812,0.0005863128462806344,0.11984093952046922,27,0.0,19,0.42105263157894735,335,1,11,1
NA,NA,NA,NA,NA,NA,NA,NA,NA,NA,46.266883850097656,0.001427990267984569,0.2945425513222434,42,0.14285714285714285,46,0.8043478260869565,335,1,11,2
NA,NA,NA,NA,NA,NA,NA,NA,NA,NA,88.37551879882812,0.0027276393957436085,0.507411311242578,87,0.3333333333333333,88,1.0681818181818181,335,1,12,0
NA,NA,NA,NA,NA,NA,NA,NA,NA,NA,19.031904220581055,0.0005874044727534056,0.06912694749774159,19,0.0,19,0.3157894736842105,335,1,12,1
NA,NA,NA,NA,NA,NA,NA,NA,NA,NA,42.85418701171875,0.0013226601295173168,0.2171129060458851,35,0.02857142857142857,43,0.8837209302325582,335,1,12,2
NA,NA,NA,NA,NA,NA,NA,NA,NA,NA,83.95809936523438,0.00259129935875535,0.5069196785141054,98,0.22448979591836735,84,1.0833333333333333,335,1,13,0
NA,NA,NA,NA,NA,NA,NA,NA,NA,NA,17.98641014099121,0.0005551361246034503,0.2726075307847656,6,0.0,18,0.2222222222222222,335,1,13,1
NA,NA,NA,NA,NA,NA,NA,NA,NA,NA,47.490726470947266,0.0014657631982117891,0.48941542387398246,44,0.11363636363636363,47,0.9787234042553191,335,1,13,2
NA,NA,NA,NA,NA,NA,NA,NA,NA,NA,75.7627944946289,0.0023383579682558775,0.44380585811736406,76,0.17105263157894737,76,1.0263157894736843,335,1,14,0
NA,NA,NA,NA,NA,NA,NA,NA,NA,NA,17.851152420043945,0.0005509614711627364,0.09047605331646755,17,0.0,18,0.3888888888888889,335,1,14,1
NA,NA,NA,NA,NA,NA,NA,NA,NA,NA,46.10700225830078,0.001423055655322969,0.41928594357160665,42,0.14285714285714285,46,1.0434782608695652,335,1,14,2
NA,NA,NA,NA,NA,NA,NA,NA,NA,NA,73.46543884277344,0.002267451724037528,0.4603552709054556,74,0.1891891891891892,73,1.0547945205479452,335,1,15,0
NA,NA,NA,NA,NA,NA,NA,NA,NA,NA,18.226486206054688,0.0005625458434224129,0.08373267765515523,20,0.0,18,0.3888888888888889,335,1,15,1
NA,NA,NA,NA,NA,NA,NA,NA,NA,NA,40.332733154296875,0.0012448374181985855,0.20986881868437732,35,0.02857142857142857,40,0.825,335,1,15,2
NA,NA,NA,NA,NA,NA,NA,NA,NA,NA,74.90716552734375,0.0023119496181607246,0.5072878131715483,80,0.2125,75,1.1066666666666667,335,1,16,0
NA,NA,NA,NA,NA,NA,NA,NA,NA,NA,18.030473709106445,0.0005564960883930326,0.1532932800767982,13,0.0,18,0.2777777777777778,335,1,16,1
NA,NA,NA,NA,NA,NA,NA,NA,NA,NA,45.26544952392578,0.0013970817672088742,0.3974414554602441,53,0.1509433962264151,45,1.0222222222222221,335,1,16,2
NA,NA,NA,NA,NA,NA,NA,NA,NA,NA,76.5239028930664,0.0023618489503860474,0.5907799433524815,70,0.34285714285714286,77,1.1818181818181819,335,1,17,0
NA,NA,NA,NA,NA,NA,NA,NA,NA,NA,18.843542098999023,0.0005815908079966903,0.2305540372164408,18,0.0,19,0.5789473684210527,335,1,17,1
NA,NA,NA,NA,NA,NA,NA,NA,NA,NA,41.87855529785156,0.00129254802595824,0.23919120336080907,48,0.08333333333333333,42,0.8571428571428571,335,1,17,2
NA,NA,NA,NA,NA,NA,NA,NA,NA,NA,76.02084350585938,0.0023463224060833454,0.5794756488329721,82,0.2682926829268293,76,1.131578947368421,335,1,18,0
NA,NA,NA,NA,NA,NA,NA,NA,NA,NA,18.650495529174805,0.0005756325554102659,0.15307649982346777,22,0.0,19,0.631578947368421,335,1,18,1
NA,NA,NA,NA,NA,NA,NA,NA,NA,NA,45.97386932373047,0.0014189465437084436,0.4359271258507776,41,0.12195121951219512,46,1.108695652173913,335,1,18,2
NA,NA,NA,NA,NA,NA,NA,NA,NA,NA,70.32796478271484,0.0021706162951886654,0.53616142245263,64,0.234375,70,1.042857142857143,335,1,19,0
NA,NA,NA,NA,NA,NA,NA,NA,NA,NA,18.242015838623047,0.0005630251835100353,0.12406160378309325,22,0.0,18,0.5,335,1,19,1
NA,NA,NA,NA,NA,NA,NA,NA,NA,NA,40.46852111816406,0.001249028486199677,0.287814338454956,43,0.023255813953488372,40,0.8,335,1,19,2
NA,NA,NA,NA,NA,NA,NA,NA,NA,NA,67.99494934082031,0.002098609460517764,0.5078042070567033,54,0.18518518518518517,68,1.088235294117647,335,1,20,0
NA,NA,NA,NA,NA,NA,NA,NA,NA,NA,17.997577667236328,0.0005554807721637189,0.07512862610142687,16,0.0,18,0.2777777777777778,335,1,20,1
NA,NA,NA,NA,NA,NA,NA,NA,NA,NA,39.6453742980957,0.0012236227048560977,0.1520976362410765,36,0.027777777777777776,40,0.875,335,1,20,2
NA,NA,NA,NA,NA,NA,NA,NA,NA,NA,64.91481018066406,0.002003543544560671,0.5229921592180753,66,0.10606060606060606,65,1.0461538461538462,335,1,21,0
NA,NA,NA,NA,NA,NA,NA,NA,NA,NA,17.57671356201172,0.0005424911505542696,0.1135189207206586,15,0.0,18,0.3888888888888889,335,1,21,1
NA,NA,NA,NA,NA,NA,NA,NA,NA,NA,38.9666748046875,0.0012026751646772027,0.1467050369605823,41,0.024390243902439025,39,0.8974358974358975,335,1,21,2
NA,NA,NA,NA,NA,NA,NA,NA,NA,NA,66.79656982421875,0.0020616224501281977,0.5991810303878033,66,0.2727272727272727,67,1.1492537313432836,335,1,22,0
NA,NA,NA,NA,NA,NA,NA,NA,NA,NA,18.140029907226562,0.0005598774878308177,0.1019532999682226,21,0.0,18,0.6111111111111112,335,1,22,1
NA,NA,NA,NA,NA,NA,NA,NA,NA,NA,40.699134826660156,0.0012561461189761758,0.2493918345642218,54,0.037037037037037035,41,0.926829268292683,335,1,22,2
NA,NA,NA,NA,NA,NA,NA,NA,NA,NA,66.34993743896484,0.0020478374790400267,0.5699594011050926,65,0.3384615384615385,66,1.1666666666666667,335,1,23,0
NA,NA,NA,NA,NA,NA,NA,NA,NA,NA,17.790443420410156,0.0005490877665579319,0.13443105889798815,16,0.0,18,0.7222222222222222,335,1,23,1
NA,NA,NA,NA,NA,NA,NA,NA,NA,NA,46.22317123413086,0.0014266411308199167,0.5210177020312885,40,0.2,46,1.1304347826086956,335,1,23,2
NA,NA,NA,NA,NA,NA,NA,NA,NA,NA,67.03307342529297,0.00206892192363739,0.6119190167625834,69,0.2608695652173913,67,1.2537313432835822,335,1,24,0
NA,NA,NA,NA,NA,NA,NA,NA,NA,NA,17.660728454589844,0.0005450841854326427,0.27033537587009665,11,0.0,18,0.7222222222222222,335,1,24,1
NA,NA,NA,NA,NA,NA,NA,NA,NA,NA,43.141944885253906,0.0013315414544194937,0.383756901566643,50,0.16,43,1.0232558139534884,335,1,24,2
NA,NA,NA,NA,NA,NA,NA,NA,NA,NA,68.93931579589844,0.0021277565974742174,0.605223583553881,64,0.359375,69,1.2463768115942029,335,1,25,0
NA,NA,NA,NA,NA,NA,NA,NA,NA,NA,17.11843490600586,0.0005283467471599579,0.27773517117008917,14,0.0,17,0.5882352941176471,335,1,25,1
NA,NA,NA,NA,NA,NA,NA,NA,NA,NA,41.01754379272461,0.0012659735511988401,0.3514922807657631,44,0.022727272727272728,41,1.0,335,1,25,2
NA,NA,NA,NA,NA,NA,NA,NA,NA,NA,64.78564453125,0.0019995570182800293,0.5618274294418169,63,0.2698412698412698,65,1.2461538461538462,335,1,26,0
NA,NA,NA,NA,NA,NA,NA,NA,NA,NA,17.07134437561035,0.0005268933600746095,0.3427772159078603,17,0.0,17,0.29411764705882354,335,1,26,1
NA,NA,NA,NA,NA,NA,NA,NA,NA,NA,40.8781852722168,0.0012616723543033004,0.3024068617535321,44,0.06818181818181818,41,0.975609756097561,335,1,26,2
NA,NA,NA,NA,NA,NA,NA,NA,NA,NA,63.529579162597656,0.0019607895519584417,0.5383643510252072,53,0.24528301886792453,64,1.203125,335,1,27,0
NA,NA,NA,NA,NA,NA,NA,NA,NA,NA,17.21973991394043,0.0005314734298735857,0.17646893427754448,17,0.0,17,0.4117647058823529,335,1,27,1
NA,NA,NA,NA,NA,NA,NA,NA,NA,NA,40.280914306640625,0.001243238104507327,0.2974405777997662,30,0.0,40,1.025,335,1,27,2
NA,NA,NA,NA,NA,NA,NA,NA,NA,NA,64.72621154785156,0.0019977225456386805,0.5450672884615795,73,0.2602739726027397,65,1.2769230769230768,335,1,28,0
NA,NA,NA,NA,NA,NA,NA,NA,NA,NA,17.06865119934082,0.0005268102395348251,0.27378843171897965,12,0.0,17,0.4117647058823529,335,1,28,1
NA,NA,NA,NA,NA,NA,NA,NA,NA,NA,40.1532096862793,0.0012392966309562325,0.21833494002808504,32,0.09375,40,0.975,335,1,28,2
NA,NA,NA,NA,NA,NA,NA,NA,NA,NA,64.49380493164062,0.001990549499168992,0.5313867771965493,71,0.23943661971830985,64,1.234375,335,1,29,0
NA,NA,NA,NA,NA,NA,NA,NA,NA,NA,17.03870964050293,0.000525886076502502,0.3095780126396659,9,0.0,17,0.4117647058823529,335,1,29,1
NA,NA,NA,NA,NA,NA,NA,NA,NA,NA,42.830955505371094,0.0013219431275501847,0.4080980465267584,44,0.11363636363636363,43,1.1162790697674418,335,1,29,2
NA,NA,NA,NA,NA,NA,NA,NA,NA,NA,61.8841667175293,0.0019100051140412688,0.5067584389906249,58,0.1206896551724138,62,1.1290322580645162,335,1,30,0
NA,NA,NA,NA,NA,NA,NA,NA,NA,NA,17.075374603271484,0.0005270177498459816,0.36969570958377407,18,0.0,17,0.4117647058823529,335,1,30,1
NA,NA,NA,NA,NA,NA,NA,NA,NA,NA,39.549739837646484,0.0012206709943711758,0.27999574196649224,28,0.03571428571428571,40,1.05,335,1,30,2
NA,NA,NA,NA,NA,NA,NA,NA,NA,NA,63.75629425048828,0.0019677868112921715,0.5479441740330285,61,0.29508196721311475,64,1.25,335,1,31,0
NA,NA,NA,NA,NA,NA,NA,NA,NA,NA,16.970455169677734,0.0005237794830463827,0.3560407923595667,13,0.0,17,0.29411764705882354,335,1,31,1
NA,NA,NA,NA,NA,NA,NA,NA,NA,NA,38.3797607421875,0.0011845604749396443,0.20546892661523072,44,0.022727272727272728,38,0.9210526315789473,335,1,31,2
NA,NA,NA,NA,NA,NA,NA,NA,NA,NA,64.59107971191406,0.0019935518503189087,0.5639006436066255,61,0.29508196721311475,65,1.2307692307692308,335,1,32,0
NA,NA,NA,NA,NA,NA,NA,NA,NA,NA,17.115034103393555,0.0005282417987473309,0.19642748278227923,17,0.0,17,0.47058823529411764,335,1,32,1
NA,NA,NA,NA,NA,NA,NA,NA,NA,NA,41.223106384277344,0.0012723180698230863,0.26986429353030617,41,0.04878048780487805,41,0.9512195121951219,335,1,32,2
NA,NA,NA,NA,NA,NA,NA,NA,NA,NA,65.24773406982422,0.002013819059357047,0.5494486638268663,62,0.3548387096774194,65,1.2615384615384615,335,1,33,0
NA,NA,NA,NA,NA,NA,NA,NA,NA,NA,17.645517349243164,0.0005446147406473756,0.2390172151246121,17,0.0,18,0.6666666666666666,335,1,33,1
NA,NA,NA,NA,NA,NA,NA,NA,NA,NA,39.5814208984375,0.0012216487666592002,0.29856661325297895,35,0.02857142857142857,40,1.05,335,1,33,2
NA,NA,NA,NA,NA,NA,NA,NA,NA,NA,64.0621337890625,0.0019772264640778303,0.5715252540741373,71,0.29577464788732394,64,1.234375,335,1,34,0
NA,NA,NA,NA,NA,NA,NA,NA,NA,NA,17.451900482177734,0.0005386389093473554,0.2964317282451396,16,0.0,17,0.5294117647058824,335,1,34,1
NA,NA,NA,NA,NA,NA,NA,NA,NA,NA,38.737545013427734,0.001195603283122182,0.2641542396187904,43,0.023255813953488372,39,1.0,335,1,34,2
NA,NA,NA,NA,NA,NA,NA,NA,NA,NA,59.30323028564453,0.0018303466495126486,0.5128709805802827,53,0.1320754716981132,59,1.2372881355932204,335,1,35,0
NA,NA,NA,NA,NA,NA,NA,NA,NA,NA,16.936914443969727,0.0005227442597970366,0.3254508717890741,15,0.0,17,0.5882352941176471,335,1,35,1
NA,NA,NA,NA,NA,NA,NA,NA,NA,NA,38.41583251953125,0.0011856738710775971,0.2799690994557912,40,0.025,38,1.131578947368421,335,1,35,2
NA,NA,NA,NA,NA,NA,NA,NA,NA,NA,291.2232360839844,0.00898837111890316,0.67468514851875,300,0.5,291,1.0721649484536082,335,2,1,0
NA,NA,NA,NA,NA,NA,NA,NA,NA,NA,61.61779022216797,0.001901783631183207,0.5815968578415079,70,0.4714285714285714,62,0.9193548387096774,335,2,1,1
NA,NA,NA,NA,NA,NA,NA,NA,NA,NA,106.9770278930664,0.00330176018178463,0.5035369377420073,96,0.2604166666666667,107,0.794392523364486,335,2,1,2
NA,NA,NA,NA,NA,NA,NA,NA,NA,NA,240.1234130859375,0.007411216385662556,0.6684698184870814,240,0.49583333333333335,240,1.0583333333333333,335,2,2,0
NA,NA,NA,NA,NA,NA,NA,NA,NA,NA,40.495582580566406,0.0012498636497184634,0.6265580667957243,44,0.22727272727272727,40,0.775,335,2,2,1
NA,NA,NA,NA,NA,NA,NA,NA,NA,NA,84.75634002685547,0.0026159363333135843,0.45686232162692675,89,0.25842696629213485,85,0.6941176470588235,335,2,2,2
NA,NA,NA,NA,NA,NA,NA,NA,NA,NA,198.10281372070312,0.006114284507930279,0.6445646099180926,198,0.3888888888888889,198,1.0252525252525253,335,2,3,0
NA,NA,NA,NA,NA,NA,NA,NA,NA,NA,34.724609375,0.0010717471595853567,0.37453321188184346,41,0.17073170731707318,35,0.8285714285714286,335,2,3,1
NA,NA,NA,NA,NA,NA,NA,NA,NA,NA,66.67927551269531,0.0020580023992806673,0.3891693859207772,65,0.16923076923076924,67,0.6865671641791045,335,2,3,2
NA,NA,NA,NA,NA,NA,NA,NA,NA,NA,168.63751220703125,0.005204861517995596,0.6294303320231466,166,0.42168674698795183,169,0.9881656804733728,335,2,4,0
NA,NA,NA,NA,NA,NA,NA,NA,NA,NA,30.424907684326172,0.0009390403865836561,0.25865271637278875,40,0.025,30,0.3333333333333333,335,2,4,1
NA,NA,NA,NA,NA,NA,NA,NA,NA,NA,61.00027847290039,0.0018827246967703104,0.3783589022249885,64,0.03125,61,0.7049180327868853,335,2,4,2
NA,NA,NA,NA,NA,NA,NA,NA,NA,NA,138.2056884765625,0.004265607800334692,0.639564420083055,149,0.2953020134228188,138,1.0144927536231885,335,2,5,0
NA,NA,NA,NA,NA,NA,NA,NA,NA,NA,25.049083709716797,0.0007731198566034436,0.2875146093184671,30,0.06666666666666667,25,0.6,335,2,5,1
NA,NA,NA,NA,NA,NA,NA,NA,NA,NA,60.30641174316406,0.0018613090505823493,0.5130903517530558,56,0.08928571428571429,60,0.9333333333333333,335,2,5,2
NA,NA,NA,NA,NA,NA,NA,NA,NA,NA,118.19011688232422,0.0036478431429713964,0.6119557074876844,117,0.3333333333333333,118,0.9322033898305084,335,2,6,0
NA,NA,NA,NA,NA,NA,NA,NA,NA,NA,23.506202697753906,0.000725500111002475,0.2305891947929862,23,0.17391304347826086,24,0.625,335,2,6,1
NA,NA,NA,NA,NA,NA,NA,NA,NA,NA,47.652584075927734,0.0014707588125020266,0.3181717547777308,46,0.08695652173913043,48,0.7291666666666666,335,2,6,2
NA,NA,NA,NA,NA,NA,NA,NA,NA,NA,107.03833770751953,0.003303652396425605,0.5911786197258514,99,0.24242424242424243,107,0.9906542056074766,335,2,7,0
NA,NA,NA,NA,NA,NA,NA,NA,NA,NA,20.847105026245117,0.0006434291717596352,0.32666300886236116,29,0.0,21,0.47619047619047616,335,2,7,1
NA,NA,NA,NA,NA,NA,NA,NA,NA,NA,44.80223083496094,0.0013827849179506302,0.2992323814281239,38,0.02631578947368421,45,0.7111111111111111,335,2,7,2
NA,NA,NA,NA,NA,NA,NA,NA,NA,NA,90.16120147705078,0.0027827532030642033,0.5516342064370688,88,0.22727272727272727,90,1.011111111111111,335,2,8,0
NA,NA,NA,NA,NA,NA,NA,NA,NA,NA,19.442087173461914,0.0006000644061714411,0.5474706265767657,21,0.0,19,0.42105263157894735,335,2,8,1
NA,NA,NA,NA,NA,NA,NA,NA,NA,NA,41.7974853515625,0.001290045795030892,0.3170736097182297,53,0.03773584905660377,42,0.8095238095238095,335,2,8,2
NA,NA,NA,NA,NA,NA,NA,NA,NA,NA,89.47105407714844,0.0027614522259682417,0.6685786005577993,99,0.3838383838383838,89,1.0898876404494382,335,2,9,0
NA,NA,NA,NA,NA,NA,NA,NA,NA,NA,19.462322235107422,0.0006006889743730426,0.24314512955810708,23,0.0,19,0.47368421052631576,335,2,9,1
NA,NA,NA,NA,NA,NA,NA,NA,NA,NA,41.84668731689453,0.0012915644329041243,0.5221219925138373,41,0.07317073170731707,42,0.9047619047619048,335,2,9,2
NA,NA,NA,NA,NA,NA,NA,NA,NA,NA,76.9583740234375,0.0023752583656460047,0.5803624173111769,72,0.1388888888888889,77,1.0909090909090908,335,2,10,0
NA,NA,NA,NA,NA,NA,NA,NA,NA,NA,18.330944061279297,0.000565769849345088,0.44183900883545235,20,0.0,18,0.3888888888888889,335,2,10,1
NA,NA,NA,NA,NA,NA,NA,NA,NA,NA,38.8758544921875,0.001199872000142932,0.38385883525258413,45,0.044444444444444446,39,0.8205128205128205,335,2,10,2
NA,NA,NA,NA,NA,NA,NA,NA,NA,NA,70.07723999023438,0.0021628777030855417,0.6021173332280386,81,0.20987654320987653,70,1.0,335,2,11,0
NA,NA,NA,NA,NA,NA,NA,NA,NA,NA,18.610366821289062,0.0005743940128013492,0.1750428001572528,25,0.0,19,0.5789473684210527,335,2,11,1
NA,NA,NA,NA,NA,NA,NA,NA,NA,NA,38.30402755737305,0.0011822230881080031,0.4161718005161241,44,0.045454545454545456,38,0.8157894736842105,335,2,11,2
NA,NA,NA,NA,NA,NA,NA,NA,NA,NA,65.62747192382812,0.0020255392882972956,0.6890508658756368,71,0.2676056338028169,66,1.0303030303030303,335,2,12,0
NA,NA,NA,NA,NA,NA,NA,NA,NA,NA,17.664772033691406,0.0005452090408653021,0.4171456847921607,24,0.0,18,0.7777777777777778,335,2,12,1
NA,NA,NA,NA,NA,NA,NA,NA,NA,NA,37.46110153198242,0.0011562068248167634,0.3328748464930516,32,0.0,37,1.2162162162162162,335,2,12,2
NA,NA,NA,NA,NA,NA,NA,NA,NA,NA,61.92279052734375,0.0019111972069367766,0.6746419264448785,63,0.31746031746031744,62,1.2419354838709677,335,2,13,0
NA,NA,NA,NA,NA,NA,NA,NA,NA,NA,17.392192840576172,0.000536796054802835,0.34291460145923064,13,0.0,17,0.7647058823529411,335,2,13,1
NA,NA,NA,NA,NA,NA,NA,NA,NA,NA,36.709197998046875,0.0011329998960718513,0.4199592154856191,38,0.10526315789473684,37,1.2432432432432432,335,2,13,2
NA,NA,NA,NA,NA,NA,NA,NA,NA,NA,58.932037353515625,0.0018188899848610163,0.6509334191623732,64,0.28125,59,1.2372881355932204,335,2,14,0
NA,NA,NA,NA,NA,NA,NA,NA,NA,NA,16.967998504638672,0.0005237036384642124,0.34440933624298525,20,0.0,17,0.8235294117647058,335,2,14,1
NA,NA,NA,NA,NA,NA,NA,NA,NA,NA,36.41071701049805,0.0011237876024097204,0.41970961358328307,28,0.10714285714285714,36,1.1111111111111112,335,2,14,2
NA,NA,NA,NA,NA,NA,NA,NA,NA,NA,56.208045959472656,0.0017348162364214659,0.6208749507399169,59,0.1694915254237288,56,1.3035714285714286,335,2,15,0
NA,NA,NA,NA,NA,NA,NA,NA,NA,NA,17.109535217285156,0.0005280720652081072,0.2286039532030115,19,0.0,17,0.9411764705882353,335,2,15,1
NA,NA,NA,NA,NA,NA,NA,NA,NA,NA,36.56731414794922,0.0011286208173260093,0.43029654794400257,31,0.03225806451612903,37,1.162162162162162,335,2,15,2
NA,NA,NA,NA,NA,NA,NA,NA,NA,NA,56.495479583740234,0.0017436876660212874,0.6268027212182502,59,0.2542372881355932,56,1.3392857142857142,335,2,16,0
NA,NA,NA,NA,NA,NA,NA,NA,NA,NA,16.80122947692871,0.0005185564514249563,0.1576174448875961,14,0.0,17,0.7058823529411765,335,2,16,1
NA,NA,NA,NA,NA,NA,NA,NA,NA,NA,36.31146240234375,0.0011207241332158446,0.43837221017670397,38,0.07894736842105263,36,1.1944444444444444,335,2,16,2
NA,NA,NA,NA,NA,NA,NA,NA,NA,NA,53.68064880371094,0.0016568101709708571,0.5983795571543452,56,0.17857142857142858,54,1.2777777777777777,335,2,17,0
NA,NA,NA,NA,NA,NA,NA,NA,NA,NA,16.461029052734375,0.0005080564296804368,0.382154501264269,21,0.0,16,0.75,335,2,17,1
NA,NA,NA,NA,NA,NA,NA,NA,NA,NA,35.16565704345703,0.0010853598359972239,0.3801151804759734,35,0.0,35,1.2,335,2,17,2
NA,NA,NA,NA,NA,NA,NA,NA,NA,NA,53.89371109008789,0.0016633861232548952,0.6340714765233155,58,0.2413793103448276,54,1.1851851851851851,335,2,18,0
NA,NA,NA,NA,NA,NA,NA,NA,NA,NA,16.82356071472168,0.0005192456883378327,0.23469867674790518,22,0.0,17,0.8823529411764706,335,2,18,1
NA,NA,NA,NA,NA,NA,NA,NA,NA,NA,35.52257537841797,0.0010963757522404194,0.4704067679381592,47,0.06382978723404255,36,1.25,335,2,18,2
NA,NA,NA,NA,NA,NA,NA,NA,NA,NA,49.394752502441406,0.0015245294198393822,0.5517271407177288,43,0.16279069767441862,49,1.163265306122449,335,2,19,0
NA,NA,NA,NA,NA,NA,NA,NA,NA,NA,16.369264602661133,0.0005052242195233703,0.28524657975486184,15,0.0,16,0.75,335,2,19,1
NA,NA,NA,NA,NA,NA,NA,NA,NA,NA,33.956024169921875,0.0010480254422873259,0.3075349318739552,33,0.0,34,1.3529411764705883,335,2,19,2
NA,NA,NA,NA,NA,NA,NA,NA,NA,NA,48.94319534301758,0.0015105924103409052,0.5499899747867912,54,0.12962962962962962,49,1.1428571428571428,335,2,20,0
NA,NA,NA,NA,NA,NA,NA,NA,NA,NA,16.353857040405273,0.0005047486629337072,0.3293195109625695,15,0.0,16,0.5,335,2,20,1
NA,NA,NA,NA,NA,NA,NA,NA,NA,NA,33.97862243652344,0.001048722886480391,0.33923174270050666,26,0.038461538461538464,34,1.2941176470588236,335,2,20,2
NA,NA,NA,NA,NA,NA,NA,NA,NA,NA,47.1275520324707,0.0014545540325343609,0.43775288886661307,40,0.05,47,1.148936170212766,335,2,21,0
NA,NA,NA,NA,NA,NA,NA,NA,NA,NA,16.30632972717285,0.0005032817716710269,0.25041794918315013,14,0.0,16,0.625,335,2,21,1
NA,NA,NA,NA,NA,NA,NA,NA,NA,NA,33.689395904541016,0.0010397961596027017,0.1796904371123577,23,0.0,34,1.2647058823529411,335,2,21,2
NA,NA,NA,NA,NA,NA,NA,NA,NA,NA,49.69001388549805,0.0015336424112319946,0.5267015326839097,50,0.14,50,1.26,335,2,22,0
NA,NA,NA,NA,NA,NA,NA,NA,NA,NA,16.28596305847168,0.0005026531871408224,0.2617198568165237,11,0.0,16,0.75,335,2,22,1
NA,NA,NA,NA,NA,NA,NA,NA,NA,NA,34.57192611694336,0.0010670347837731242,0.3028865810077517,36,0.027777777777777776,35,1.1714285714285715,335,2,22,2
NA,NA,NA,NA,NA,NA,NA,NA,NA,NA,52.92209243774414,0.0016333978855982423,0.6456535935883345,55,0.16363636363636364,53,1.2830188679245282,335,2,23,0
NA,NA,NA,NA,NA,NA,NA,NA,NA,NA,16.430320739746094,0.0005071086925454438,0.3465925636766111,18,0.0,16,0.6875,335,2,23,1
NA,NA,NA,NA,NA,NA,NA,NA,NA,NA,36.499534606933594,0.0011265288339927793,0.3868309539998421,39,0.07692307692307693,36,1.3611111111111112,335,2,23,2
NA,NA,NA,NA,NA,NA,NA,NA,NA,NA,54.62596893310547,0.0016859866445884109,0.685877718536047,43,0.27906976744186046,55,1.2545454545454546,335,2,24,0
NA,NA,NA,NA,NA,NA,NA,NA,NA,NA,16.59706687927246,0.000512255122885108,0.5164892522241025,16,0.0,17,1.0,335,2,24,1
NA,NA,NA,NA,NA,NA,NA,NA,NA,NA,36.833656311035156,0.0011368412524461746,0.3547277023258051,41,0.024390243902439025,37,1.2702702702702702,335,2,24,2
NA,NA,NA,NA,NA,NA,NA,NA,NA,NA,52.7253303527832,0.0016273249639198184,0.6137066783235162,65,0.15384615384615385,53,1.2452830188679245,335,2,25,0
NA,NA,NA,NA,NA,NA,NA,NA,NA,NA,17.130653381347656,0.0005287238745950162,0.307306233958706,18,0.05555555555555555,17,0.9411764705882353,335,2,25,1
NA,NA,NA,NA,NA,NA,NA,NA,NA,NA,36.07263946533203,0.0011133530642837286,0.40544296303313804,40,0.075,36,1.2777777777777777,335,2,25,2
NA,NA,NA,NA,NA,NA,NA,NA,NA,NA,54.29369354248047,0.0016757312696427107,0.6374260443338683,49,0.22448979591836735,54,1.2037037037037037,335,2,26,0
NA,NA,NA,NA,NA,NA,NA,NA,NA,NA,17.396879196166992,0.000536940700840205,0.3423356537566919,11,0.0,17,1.0588235294117647,335,2,26,1
NA,NA,NA,NA,NA,NA,NA,NA,NA,NA,36.93849182128906,0.0011400768999010324,0.4717526482326984,41,0.0975609756097561,37,1.2972972972972974,335,2,26,2
NA,NA,NA,NA,NA,NA,NA,NA,NA,NA,53.43434524536133,0.0016492081340402365,0.5394556843045999,56,0.23214285714285715,53,1.150943396226415,335,2,27,0
NA,NA,NA,NA,NA,NA,NA,NA,NA,NA,16.534465789794922,0.0005103230359964073,0.43074013313847115,18,0.0,17,0.8235294117647058,335,2,27,1
NA,NA,NA,NA,NA,NA,NA,NA,NA,NA,36.33903503417969,0.0011215751292183995,0.3952576933977669,39,0.02564102564102564,36,1.3333333333333333,335,2,27,2
NA,NA,NA,NA,NA,NA,NA,NA,NA,NA,53.047603607177734,0.0016372717218473554,0.6002090687220497,58,0.20689655172413793,53,1.169811320754717,335,2,28,0
NA,NA,NA,NA,NA,NA,NA,NA,NA,NA,16.556264877319336,0.000510995858348906,0.37860730216960264,22,0.0,17,0.8235294117647058,335,2,28,1
NA,NA,NA,NA,NA,NA,NA,NA,NA,NA,35.751808166503906,0.0011034508934244514,0.4272936301435613,35,0.02857142857142857,36,1.4166666666666667,335,2,28,2
NA,NA,NA,NA,NA,NA,NA,NA,NA,NA,50.95047378540039,0.0015725455014035106,0.5815186893351442,60,0.08333333333333333,51,1.2745098039215685,335,2,29,0
NA,NA,NA,NA,NA,NA,NA,NA,NA,NA,16.583133697509766,0.0005118251428939402,0.22874371325527143,8,0.0,17,0.6470588235294118,335,2,29,1
NA,NA,NA,NA,NA,NA,NA,NA,NA,NA,35.78135681152344,0.0011043628910556436,0.4309459869937066,30,0.03333333333333333,36,1.3888888888888888,335,2,29,2
NA,NA,NA,NA,NA,NA,NA,NA,NA,NA,48.83207702636719,0.0015071628149598837,0.5521156899602778,43,0.20930232558139536,49,1.2040816326530612,335,2,30,0
NA,NA,NA,NA,NA,NA,NA,NA,NA,NA,16.502944946289062,0.0005093501531518996,0.3920481632073135,21,0.0,17,0.8823529411764706,335,2,30,1
NA,NA,NA,NA,NA,NA,NA,NA,NA,NA,35.30794906616211,0.0010897514875978231,0.4374643335237445,34,0.029411764705882353,35,1.3714285714285714,335,2,30,2
NA,NA,NA,NA,NA,NA,NA,NA,NA,NA,47.444374084472656,0.001464332570321858,0.5381917101955245,55,0.10909090909090909,47,1.1063829787234043,335,2,31,0
NA,NA,NA,NA,NA,NA,NA,NA,NA,NA,16.563764572143555,0.000511227292008698,0.28562675873932886,18,0.0,17,0.8823529411764706,335,2,31,1
NA,NA,NA,NA,NA,NA,NA,NA,NA,NA,34.96596908569336,0.0010791965760290623,0.38874495151290184,34,0.029411764705882353,35,1.3714285714285714,335,2,31,2
NA,NA,NA,NA,NA,NA,NA,NA,NA,NA,46.78120422363281,0.0014438643120229244,0.5813020301678112,50,0.16,47,1.0851063829787233,335,2,32,0
NA,NA,NA,NA,NA,NA,NA,NA,NA,NA,16.451154708862305,0.0005077517125755548,0.4502186881964177,11,0.0,16,0.9375,335,2,32,1
NA,NA,NA,NA,NA,NA,NA,NA,NA,NA,34.58778381347656,0.0010675241937860847,0.3829191064354247,27,0.037037037037037035,35,1.2285714285714286,335,2,32,2
NA,NA,NA,NA,NA,NA,NA,NA,NA,NA,44.61876678466797,0.001377122476696968,0.5321811128239069,44,0.022727272727272728,45,1.1333333333333333,335,2,33,0
NA,NA,NA,NA,NA,NA,NA,NA,NA,NA,16.373933792114258,0.000505368341691792,0.22850788057154037,9,0.0,16,0.875,335,2,33,1
NA,NA,NA,NA,NA,NA,NA,NA,NA,NA,34.198692321777344,0.0010555151384323835,0.3187989885331604,41,0.04878048780487805,34,1.1470588235294117,335,2,33,2
NA,NA,NA,NA,NA,NA,NA,NA,NA,NA,43.329654693603516,0.001337334979325533,0.5101130615004377,43,0.13953488372093023,43,1.0232558139534884,335,2,34,0
NA,NA,NA,NA,NA,NA,NA,NA,NA,NA,16.385692596435547,0.0005057312664575875,0.3459283789418029,12,0.0,16,1.0,335,2,34,1
NA,NA,NA,NA,NA,NA,NA,NA,NA,NA,34.13743591308594,0.0010536245536059141,0.3366672419237658,34,0.029411764705882353,34,1.1764705882352942,335,2,34,2
NA,NA,NA,NA,NA,NA,NA,NA,NA,NA,42.958335876464844,0.0013258745893836021,0.5341238233531571,52,0.057692307692307696,43,1.0465116279069768,335,2,35,0
NA,NA,NA,NA,NA,NA,NA,NA,NA,NA,16.37105941772461,0.0005052796332165599,0.3005970717973638,12,0.0,16,0.9375,335,2,35,1
NA,NA,NA,NA,NA,NA,NA,NA,NA,NA,34.057857513427734,0.0010511684231460094,0.31761303459276136,41,0.024390243902439025,34,1.1470588235294117,335,2,35,2
NA,NA,NA,NA,NA,NA,NA,NA,NA,NA,288.6538391113281,0.008909069001674652,0.686585821991865,286,0.493006993006993,289,1.0795847750865053,335,3,1,0
NA,NA,NA,NA,NA,NA,NA,NA,NA,NA,47.9601936340332,0.0014802529476583004,0.45517199759580856,61,0.16393442622950818,48,0.7291666666666666,335,3,1,1
NA,NA,NA,NA,NA,NA,NA,NA,NA,NA,102.97215270996094,0.0031781529542058706,0.5391760514462022,90,0.3111111111111111,103,0.8543689320388349,335,3,1,2
NA,NA,NA,NA,NA,NA,NA,NA,NA,NA,248.41725158691406,0.007667199242860079,0.6928676723730649,251,0.5258964143426295,248,1.1330645161290323,335,3,2,0
NA,NA,NA,NA,NA,NA,NA,NA,NA,NA,38.915855407714844,0.0012011067010462284,0.45141602182681256,36,0.1388888888888889,39,0.7435897435897436,335,3,2,1
NA,NA,NA,NA,NA,NA,NA,NA,NA,NA,89.95762634277344,0.00277647003531456,0.4541141078872732,84,0.2857142857142857,90,0.8444444444444444,335,3,2,2
NA,NA,NA,NA,NA,NA,NA,NA,NA,NA,209.5686492919922,0.006468167994171381,0.6862463683332308,203,0.4729064039408867,210,1.1523809523809523,335,3,3,0
NA,NA,NA,NA,NA,NA,NA,NA,NA,NA,31.17193603515625,0.000962096790317446,0.2871264738219175,28,0.07142857142857142,31,0.4838709677419355,335,3,3,1
NA,NA,NA,NA,NA,NA,NA,NA,NA,NA,75.78498077392578,0.0023390427231788635,0.4196279512225807,71,0.18309859154929578,76,0.9078947368421053,335,3,3,2
NA,NA,NA,NA,NA,NA,NA,NA,NA,NA,159.3913116455078,0.004919484723359346,0.6023328820695556,124,0.3467741935483871,159,0.9937106918238994,335,3,4,0
NA,NA,NA,NA,NA,NA,NA,NA,NA,NA,25.423343658447266,0.0007846711087040603,0.22502881002108838,25,0.04,25,0.64,335,3,4,1
NA,NA,NA,NA,NA,NA,NA,NA,NA,NA,52.9697380065918,0.0016348684439435601,0.3261178171446691,53,0.0,53,0.6037735849056604,335,3,4,2
NA,NA,NA,NA,NA,NA,NA,NA,NA,NA,139.55252075195312,0.004307176452130079,0.5917123199926504,134,0.417910447761194,140,1.0142857142857142,335,3,5,0
NA,NA,NA,NA,NA,NA,NA,NA,NA,NA,22.83660888671875,0.0007048335974104702,0.3599087267641297,25,0.0,23,0.43478260869565216,335,3,5,1
NA,NA,NA,NA,NA,NA,NA,NA,NA,NA,53.491485595703125,0.0016509718261659145,0.317216146663519,56,0.05357142857142857,53,0.5660377358490566,335,3,5,2
NA,NA,NA,NA,NA,NA,NA,NA,NA,NA,128.31686401367188,0.003960397094488144,0.630512159935383,124,0.31451612903225806,128,1.0703125,335,3,6,0
NA,NA,NA,NA,NA,NA,NA,NA,NA,NA,22.1435604095459,0.0006834432133473456,0.24109441978952081,24,0.0,22,0.45454545454545453,335,3,6,1
NA,NA,NA,NA,NA,NA,NA,NA,NA,NA,49.87741470336914,0.001539426390081644,0.29045128698168227,53,0.09433962264150944,50,0.78,335,3,6,2
NA,NA,NA,NA,NA,NA,NA,NA,NA,NA,112.01392364501953,0.0034572198055684566,0.6196953552854374,103,0.34951456310679613,112,0.9732142857142857,335,3,7,0
NA,NA,NA,NA,NA,NA,NA,NA,NA,NA,20.452068328857422,0.0006312367040663958,0.2549260303418971,15,0.0,20,0.7,335,3,7,1
NA,NA,NA,NA,NA,NA,NA,NA,NA,NA,49.20010757446289,0.0015185218071565032,0.35819945905043654,48,0.16666666666666666,49,0.8163265306122449,335,3,7,2
NA,NA,NA,NA,NA,NA,NA,NA,NA,NA,105.52101135253906,0.003256821306422353,0.6110736754295213,101,0.48514851485148514,106,1.0660377358490567,335,3,8,0
NA,NA,NA,NA,NA,NA,NA,NA,NA,NA,20.094467163085938,0.0006201996002346277,0.2620615188356042,18,0.0,20,0.65,335,3,8,1
NA,NA,NA,NA,NA,NA,NA,NA,NA,NA,45.099246978759766,0.0013919520424678922,0.3417138666873176,48,0.020833333333333332,45,0.7333333333333333,335,3,8,2
NA,NA,NA,NA,NA,NA,NA,NA,NA,NA,96.74169921875,0.0029858548659831285,0.6025596950790616,99,0.35353535353535354,97,0.9896907216494846,335,3,9,0
NA,NA,NA,NA,NA,NA,NA,NA,NA,NA,18.916213989257812,0.0005838337820023298,0.2490038475402096,16,0.0,19,0.5789473684210527,335,3,9,1
NA,NA,NA,NA,NA,NA,NA,NA,NA,NA,48.260398864746094,0.0014895184431225061,0.33547078071567416,55,0.09090909090909091,48,0.9166666666666666,335,3,9,2
NA,NA,NA,NA,NA,NA,NA,NA,NA,NA,82.65860748291016,0.0025511914864182472,0.4929557376198666,91,0.17582417582417584,83,0.9879518072289156,335,3,10,0
NA,NA,NA,NA,NA,NA,NA,NA,NA,NA,18.04181480407715,0.0005568461492657661,0.2822714996713321,9,0.0,18,0.3888888888888889,335,3,10,1
NA,NA,NA,NA,NA,NA,NA,NA,NA,NA,47.46586990356445,0.0014649960212409496,0.41739293064728084,47,0.10638297872340426,47,0.9148936170212766,335,3,10,2
NA,NA,NA,NA,NA,NA,NA,NA,NA,NA,77.2989273071289,0.002385769272223115,0.5150010356350525,69,0.18840579710144928,77,0.948051948051948,335,3,11,0
NA,NA,NA,NA,NA,NA,NA,NA,NA,NA,18.099838256835938,0.0005586369661614299,0.1713342582130749,24,0.0,18,0.7777777777777778,335,3,11,1
NA,NA,NA,NA,NA,NA,NA,NA,NA,NA,41.47667694091797,0.0012801443226635456,0.21590770471685886,39,0.10256410256410256,41,0.926829268292683,335,3,11,2
NA,NA,NA,NA,NA,NA,NA,NA,NA,NA,75.51103210449219,0.0023305874783545732,0.5677329535491842,85,0.2,76,1.118421052631579,335,3,12,0
NA,NA,NA,NA,NA,NA,NA,NA,NA,NA,19.15228843688965,0.0005911200423724949,0.15465210514225028,23,0.0,19,0.8421052631578947,335,3,12,1
NA,NA,NA,NA,NA,NA,NA,NA,NA,NA,42.92771530151367,0.001324929529801011,0.30931773381257904,42,0.09523809523809523,43,0.8837209302325582,335,3,12,2
NA,NA,NA,NA,NA,NA,NA,NA,NA,NA,70.74526977539062,0.00218349602073431,0.5226230648673584,68,0.3088235294117647,71,1.0845070422535212,335,3,13,0
NA,NA,NA,NA,NA,NA,NA,NA,NA,NA,17.912912368774414,0.0005528676556423306,0.1129374097080811,12,0.0,18,0.8333333333333334,335,3,13,1
NA,NA,NA,NA,NA,NA,NA,NA,NA,NA,39.55459213256836,0.0012208207044750452,0.22463837862187483,33,0.0,40,0.825,335,3,13,2
NA,NA,NA,NA,NA,NA,NA,NA,NA,NA,69.10394287109375,0.002132837660610676,0.5731906369058044,74,0.2702702702702703,69,1.1159420289855073,335,3,14,0
NA,NA,NA,NA,NA,NA,NA,NA,NA,NA,17.835874557495117,0.0005504899309016764,0.2322287949957466,14,0.0,18,0.7777777777777778,335,3,14,1
NA,NA,NA,NA,NA,NA,NA,NA,NA,NA,39.958099365234375,0.0012332746991887689,0.2733118679465087,27,0.0,40,0.9,335,3,14,2
NA,NA,NA,NA,NA,NA,NA,NA,NA,NA,72.36761474609375,0.0022335683461278677,0.6519496142805115,80,0.4125,72,1.1388888888888888,335,3,15,0
NA,NA,NA,NA,NA,NA,NA,NA,NA,NA,17.47005271911621,0.0005391991580836475,0.09456434818223253,14,0.0,17,0.47058823529411764,335,3,15,1
NA,NA,NA,NA,NA,NA,NA,NA,NA,NA,40.75641632080078,0.0012579141184687614,0.2317746350275495,48,0.020833333333333332,41,1.1219512195121952,335,3,15,2
NA,NA,NA,NA,NA,NA,NA,NA,NA,NA,64.05223083496094,0.001976920757442713,0.5254513607928111,61,0.2786885245901639,64,1.1875,335,3,16,0
NA,NA,NA,NA,NA,NA,NA,NA,NA,NA,17.52952766418457,0.0005410347948782146,0.0969243844591511,19,0.0,18,0.7222222222222222,335,3,16,1
NA,NA,NA,NA,NA,NA,NA,NA,NA,NA,38.31266403198242,0.0011824896791949868,0.2070041868595265,38,0.02631578947368421,38,0.9210526315789473,335,3,16,2
NA,NA,NA,NA,NA,NA,NA,NA,NA,NA,71.92984008789062,0.0022200567182153463,0.6120881663718479,63,0.3333333333333333,72,1.2361111111111112,335,3,17,0
NA,NA,NA,NA,NA,NA,NA,NA,NA,NA,17.736162185668945,0.0005474124336615205,0.34389444893677007,17,0.0,18,0.8333333333333334,335,3,17,1
NA,NA,NA,NA,NA,NA,NA,NA,NA,NA,40.69541549682617,0.0012560313334688544,0.38841895656495024,48,0.0625,41,1.048780487804878,335,3,17,2
NA,NA,NA,NA,NA,NA,NA,NA,NA,NA,73.45856475830078,0.0022672396153211594,0.62974292280517,73,0.3698630136986301,73,1.2191780821917808,335,3,18,0
NA,NA,NA,NA,NA,NA,NA,NA,NA,NA,17.652833938598633,0.0005448405281640589,0.13478251445033004,22,0.0,18,0.6111111111111112,335,3,18,1
NA,NA,NA,NA,NA,NA,NA,NA,NA,NA,42.03668212890625,0.0012974285054951906,0.3010628377999981,36,0.1111111111111111,42,1.0476190476190477,335,3,18,2
NA,NA,NA,NA,NA,NA,NA,NA,NA,NA,68.76115417480469,0.002122257836163044,0.5437383373258188,73,0.3013698630136986,69,1.144927536231884,335,3,19,0
NA,NA,NA,NA,NA,NA,NA,NA,NA,NA,17.1147403717041,0.0005282327183522284,0.18430317335845978,20,0.0,17,0.7647058823529411,335,3,19,1
NA,NA,NA,NA,NA,NA,NA,NA,NA,NA,37.29509353637695,0.0011510831536725163,0.23788591457787528,38,0.0,37,0.8108108108108109,335,3,19,2
NA,NA,NA,NA,NA,NA,NA,NA,NA,NA,67.04026794433594,0.002069144044071436,0.587177365253931,60,0.4,67,1.2238805970149254,335,3,20,0
NA,NA,NA,NA,NA,NA,NA,NA,NA,NA,17.15089225769043,0.0005293485010042787,0.1759110500940375,13,0.0,17,0.8235294117647058,335,3,20,1
NA,NA,NA,NA,NA,NA,NA,NA,NA,NA,37.365440368652344,0.0011532542994245887,0.2622013126097554,32,0.0,37,0.9459459459459459,335,3,20,2
NA,NA,NA,NA,NA,NA,NA,NA,NA,NA,65.3762435913086,0.0020177853293716908,0.6013770465951505,70,0.34285714285714286,65,1.1846153846153846,335,3,21,0
NA,NA,NA,NA,NA,NA,NA,NA,NA,NA,17.315258026123047,0.000534421531483531,0.42770766846071945,28,0.0,17,0.8235294117647058,335,3,21,1
NA,NA,NA,NA,NA,NA,NA,NA,NA,NA,36.780067443847656,0.0011351872235536575,0.31489963817297884,42,0.0,37,1.054054054054054,335,3,21,2
NA,NA,NA,NA,NA,NA,NA,NA,NA,NA,61.74629592895508,0.0019057499011978507,0.5559997967280395,55,0.2727272727272727,62,1.1451612903225807,335,3,22,0
NA,NA,NA,NA,NA,NA,NA,NA,NA,NA,16.806270599365234,0.000518712040502578,0.27605392810954155,15,0.0,17,0.7058823529411765,335,3,22,1
NA,NA,NA,NA,NA,NA,NA,NA,NA,NA,36.49746322631836,0.0011264649219810963,0.22688574536974337,43,0.0,36,1.0277777777777777,335,3,22,2
NA,NA,NA,NA,NA,NA,NA,NA,NA,NA,58.50559997558594,0.0018057284178212285,0.5021027623166052,55,0.16363636363636364,59,1.1016949152542372,335,3,23,0
NA,NA,NA,NA,NA,NA,NA,NA,NA,NA,17.103567123413086,0.000527887896168977,0.2730112313601224,19,0.0,17,0.8235294117647058,335,3,23,1
NA,NA,NA,NA,NA,NA,NA,NA,NA,NA,37.343143463134766,0.0011525661684572697,0.18366899503772585,31,0.06451612903225806,37,1.0,335,3,23,2
NA,NA,NA,NA,NA,NA,NA,NA,NA,NA,56.9326171875,0.0017571795033290982,0.47932294773862055,49,0.14285714285714285,57,1.0701754385964912,335,3,24,0
NA,NA,NA,NA,NA,NA,NA,NA,NA,NA,17.315153121948242,0.0005344183300621808,0.13803473627887305,22,0.0,17,0.8235294117647058,335,3,24,1
NA,NA,NA,NA,NA,NA,NA,NA,NA,NA,36.84489822387695,0.0011371881701052189,0.18413188239036007,43,0.0,37,0.8918918918918919,335,3,24,2
NA,NA,NA,NA,NA,NA,NA,NA,NA,NA,53.977352142333984,0.0016659676330164075,0.4492028911868448,47,0.19148936170212766,54,1.1111111111111112,335,3,25,0
NA,NA,NA,NA,NA,NA,NA,NA,NA,NA,16.67641830444336,0.000514704268425703,0.21126064638945552,12,0.0,17,0.7647058823529411,335,3,25,1
NA,NA,NA,NA,NA,NA,NA,NA,NA,NA,37.00172805786133,0.001142028602771461,0.24040495845739984,37,0.02702702702702703,37,1.135135135135135,335,3,25,2
NA,NA,NA,NA,NA,NA,NA,NA,NA,NA,54.313194274902344,0.001676333136856556,0.484645516162255,64,0.125,54,1.0740740740740742,335,3,26,0
NA,NA,NA,NA,NA,NA,NA,NA,NA,NA,16.883501052856445,0.0005210957024246454,0.1729766360030729,18,0.0,17,0.7058823529411765,335,3,26,1
NA,NA,NA,NA,NA,NA,NA,NA,NA,NA,36.22110366821289,0.0011179352877661586,0.21839523735136238,34,0.029411764705882353,36,0.8888888888888888,335,3,26,2
NA,NA,NA,NA,NA,NA,NA,NA,NA,NA,56.81446075439453,0.0017535327933728695,0.5626061568401917,55,0.14545454545454545,57,1.1754385964912282,335,3,27,0
NA,NA,NA,NA,NA,NA,NA,NA,NA,NA,16.929548263549805,0.0005225169006735086,0.1586859051171694,16,0.0,17,0.8823529411764706,335,3,27,1
NA,NA,NA,NA,NA,NA,NA,NA,NA,NA,40.54071807861328,0.0012512566754594445,0.39394761972256076,42,0.11904761904761904,41,1.2195121951219512,335,3,27,2
NA,NA,NA,NA,NA,NA,NA,NA,NA,NA,55.213356018066406,0.0017041158862411976,0.5246937334216966,51,0.17647058823529413,55,1.0909090909090908,335,3,28,0
NA,NA,NA,NA,NA,NA,NA,NA,NA,NA,17.626333236694336,0.0005440226523205638,0.2143569712017056,18,0.0,18,0.8888888888888888,335,3,28,1
NA,NA,NA,NA,NA,NA,NA,NA,NA,NA,38.274818420410156,0.0011813215678557754,0.2501786581655574,43,0.023255813953488372,38,1.0789473684210527,335,3,28,2
NA,NA,NA,NA,NA,NA,NA,NA,NA,NA,52.987125396728516,0.0016354051185771823,0.5023606046481871,45,0.15555555555555556,53,1.1320754716981132,335,3,29,0
NA,NA,NA,NA,NA,NA,NA,NA,NA,NA,16.715648651123047,0.000515915104188025,0.3110696985503791,25,0.0,17,1.0,335,3,29,1
NA,NA,NA,NA,NA,NA,NA,NA,NA,NA,36.17377471923828,0.0011164745083078742,0.24567925528795667,34,0.029411764705882353,36,1.2222222222222223,335,3,29,2
NA,NA,NA,NA,NA,NA,NA,NA,NA,NA,59.57267379760742,0.0018386627780273557,0.6542899950940979,61,0.3114754098360656,60,1.2333333333333334,335,3,30,0
NA,NA,NA,NA,NA,NA,NA,NA,NA,NA,17.428152084350586,0.0005379059002734721,0.4139957172462349,15,0.0,17,1.0588235294117647,335,3,30,1
NA,NA,NA,NA,NA,NA,NA,NA,NA,NA,38.518009185791016,0.001188827445730567,0.3681258182863564,41,0.0975609756097561,39,1.1538461538461537,335,3,30,2
NA,NA,NA,NA,NA,NA,NA,NA,NA,NA,57.26991271972656,0.0017675899434834719,0.592057466661426,51,0.27450980392156865,57,1.1929824561403508,335,3,31,0
NA,NA,NA,NA,NA,NA,NA,NA,NA,NA,17.266916275024414,0.0005329294945113361,0.14120944362042315,20,0.0,17,1.0,335,3,31,1
NA,NA,NA,NA,NA,NA,NA,NA,NA,NA,36.56171417236328,0.0011284479405730963,0.24763442679869335,31,0.03225806451612903,37,1.0810810810810811,335,3,31,2
NA,NA,NA,NA,NA,NA,NA,NA,NA,NA,59.81233596801758,0.0018460598075762391,0.6043788930757178,63,0.2222222222222222,60,1.35,335,3,32,0
NA,NA,NA,NA,NA,NA,NA,NA,NA,NA,17.293128967285156,0.0005337385227903724,0.3001654681176816,23,0.0,17,0.7647058823529411,335,3,32,1
NA,NA,NA,NA,NA,NA,NA,NA,NA,NA,38.27457046508789,0.0011813138844445348,0.33868363228896337,40,0.075,38,1.1578947368421053,335,3,32,2
NA,NA,NA,NA,NA,NA,NA,NA,NA,NA,60.54218673706055,0.0018685860559344292,0.6238928016589657,65,0.2153846153846154,61,1.2950819672131149,335,3,33,0
NA,NA,NA,NA,NA,NA,NA,NA,NA,NA,18.428997039794922,0.000568796182051301,0.2332905828130226,21,0.047619047619047616,18,0.9444444444444444,335,3,33,1
NA,NA,NA,NA,NA,NA,NA,NA,NA,NA,38.21467590332031,0.0011794653255492449,0.3518004285123088,55,0.10909090909090909,38,1.236842105263158,335,3,33,2
NA,NA,NA,NA,NA,NA,NA,NA,NA,NA,54.500762939453125,0.0016821223543956876,0.5467540937392567,63,0.12698412698412698,55,1.2363636363636363,335,3,34,0
NA,NA,NA,NA,NA,NA,NA,NA,NA,NA,16.51321029663086,0.0005096669774502516,0.32332191181274345,8,0.0,17,0.8823529411764706,335,3,34,1
NA,NA,NA,NA,NA,NA,NA,NA,NA,NA,35.69348907470703,0.0011016508797183633,0.3234070589678506,36,0.05555555555555555,36,1.1388888888888888,335,3,34,2
NA,NA,NA,NA,NA,NA,NA,NA,NA,NA,55.53350067138672,0.0017139969859272242,0.5771374395659603,62,0.2903225806451613,56,1.1785714285714286,335,3,35,0
NA,NA,NA,NA,NA,NA,NA,NA,NA,NA,16.543357849121094,0.0005105974851176143,0.23922004488741241,16,0.0,17,0.7058823529411765,335,3,35,1
NA,NA,NA,NA,NA,NA,NA,NA,NA,NA,36.52484893798828,0.0011273100972175598,0.3037715415610165,34,0.029411764705882353,37,1.135135135135135,335,3,35,2
0.8618421052631579,304,1.2140672782874617,327,1.1554054054054055,296,1.307843137254902,510,1.0133928571428572,224,315.94140625,0.009751277975738049,0.6773468296727112,313,0.5175718849840255,316,1.0664556962025316,336,0,1,0
0.7526881720430108,93,0.8688524590163934,61,1.24,125,1.4409937888198758,161,0.5897435897435898,39,73.3198471069336,0.002262958325445652,0.5325879726057091,70,0.32857142857142857,73,0.9041095890410958,336,0,1,1
0.46835443037974683,79,0.7710843373493976,83,0.9620253164556962,79,0.46808510638297873,47,0.703125,64,105.97105407714844,0.0032707115169614553,0.5224958852308924,110,0.21818181818181817,106,0.7169811320754716,336,0,1,2
0.920265780730897,301,1.1594202898550725,276,1.1012658227848102,237,1.4594155844155845,616,0.959349593495935,123,258.8003845214844,0.007987665943801403,0.6562733625612449,260,0.4153846153846154,259,1.0154440154440154,336,0,2,0
0.5862068965517241,58,1.09375,64,0.7804878048780488,41,0.42424242424242425,33,0.3333333333333333,18,48.438011169433594,0.0014950003242120147,0.4050951947036074,44,0.09090909090909091,48,0.7708333333333334,336,0,2,1
0.5909090909090909,88,0.7971014492753623,69,1.1791044776119404,67,0.15,20,1.1818181818181819,88,81.58409118652344,0.0025180275551974773,0.4309039548520893,79,0.21518987341772153,82,0.7073170731707317,336,0,2,2
0.8166666666666667,180,0.9560975609756097,205,0.8347107438016529,121,1.070754716981132,212,0.9354838709677419,155,207.83277893066406,0.006414591800421476,0.6205300677909888,208,0.34134615384615385,208,1.0048076923076923,336,0,3,0
0.6818181818181818,22,1.048780487804878,41,1.2105263157894737,38,0.72,25,0.2,5,33.29857635498047,0.0010277337860316038,0.40591390626010604,29,0.0,33,0.6666666666666666,336,0,3,1
0.6486486486486487,74,0.8863636363636364,44,0.6571428571428571,35,1.4343434343434343,99,1.603960396039604,202,65.37003326416016,0.0020175937097519636,0.2984843089972669,67,0.029850746268656716,65,0.5538461538461539,336,0,3,2
0.845,200,1.011173184357542,179,0.967391304347826,92,1.1238095238095238,105,0.9813084112149533,107,176.72938537597656,0.00545461056753993,0.6027892435657557,167,0.2694610778443114,177,1.0112994350282485,336,0,4,0
0.8461538461538461,26,0.8,20,0.625,8,0.4,5,0.5,6,29.87708282470703,0.0009221321670338511,0.38785560509637607,39,0.02564102564102564,30,0.5666666666666667,336,0,4,1
0.5538461538461539,65,1.0,55,0.9433962264150944,53,0.2631578947368421,19,0.3,10,62.586238861083984,0.0019316740799695253,0.34512533178883087,73,0.0958904109589041,63,0.6666666666666666,336,0,4,2
0.8024691358024691,162,0.954248366013072,153,1.0234375,128,1.1,170,0.6140350877192983,57,148.49488830566406,0.0045831757597625256,0.5430429961248743,138,0.2536231884057971,148,0.9527027027027027,336,0,5,0
0.5185185185185185,27,0.5384615384615384,13,0.0,1,0.0,2,1.737991266375546,229,24.67780303955078,0.0007616605726070702,0.3734719657516858,23,0.0,25,0.4,336,0,5,1
0.5733333333333334,75,0.859375,64,1.21875,96,0.0,6,0.125,8,53.02393341064453,0.0016365410992875695,0.2630606562560906,49,0.08163265306122448,53,0.6415094339622641,336,0,5,2
0.7851239669421488,121,1.0819672131147542,122,1.2621359223300972,206,1.0677966101694916,59,0.5526315789473685,38,125.52244567871094,0.003874149639159441,0.5187705077695255,126,0.30158730158730157,126,0.8968253968253969,336,0,6,0
0.17647058823529413,17,0.8787878787878788,33,0.0,2,0.0,1,-1.0,0,21.80307960510254,0.0006729345768690109,0.47046638564293486,13,0.0,22,0.4090909090909091,336,0,6,1
0.32432432432432434,37,0.875,32,0.47368421052631576,19,1.3484848484848484,66,0.21428571428571427,14,54.22471618652344,0.0016736023826524615,0.4506325353357753,58,0.1896551724137931,54,0.7777777777777778,336,0,6,2
0.525,80,0.8279569892473119,93,1.0588235294117647,85,0.5405405405405406,37,1.2142857142857142,126,113.30670928955078,0.0034971206914633512,0.5051087109539418,119,0.33613445378151263,113,0.9203539823008849,336,0,7,0
0.3333333333333333,18,1.0571428571428572,35,0.5714285714285714,7,0.4,5,1.378787878787879,66,20.761045455932617,0.000640772981569171,0.40131986008493453,22,0.0,21,0.38095238095238093,336,0,7,1
0.42857142857142855,49,0.7906976744186046,43,1.1111111111111112,54,0.5,14,0.0,2,44.48958206176758,0.0013731352519243956,0.16824438080559656,54,0.018518518518518517,44,0.5681818181818182,336,0,7,2
0.49514563106796117,103,0.7285714285714285,70,1.2435897435897436,78,1.2994350282485876,177,1.4807692307692308,156,100.01924133300781,0.003087013727054,0.47486232624132874,101,0.2376237623762376,100,0.93,336,0,8,0
0.2857142857142857,14,1.05,20,0.0,1,0.5,2,1.378787878787879,66,19.698184967041016,0.0006079686572775245,0.2922976235939844,21,0.0,20,0.4,336,0,8,1
0.5789473684210527,57,0.9807692307692307,52,1.3,110,0.0,4,0.3333333333333333,6,43.0028190612793,0.0013272474752739072,0.16285259354126339,38,0.0,43,0.6046511627906976,336,0,8,2
0.5760869565217391,92,1.0975609756097562,123,0.9354838709677419,93,0.4888888888888889,45,0.6530612244897959,49,90.28365325927734,0.002786532510071993,0.43373714374032957,88,0.1590909090909091,90,0.9444444444444444,336,0,9,0
0.5,16,0.5714285714285714,7,1.511111111111111,45,1.1290322580645162,31,1.5092592592592593,108,18.81932258605957,0.0005808433052152395,0.3313165764145749,17,0.0,19,0.42105263157894735,336,0,9,1
0.3409090909090909,44,0.6875,16,0.5454545454545454,22,0.7222222222222222,18,0.0,4,41.25864028930664,0.0012734148185700178,0.13224265025930465,36,0.027777777777777776,41,0.5853658536585366,336,0,9,2
0.4714285714285714,70,0.8615384615384616,65,0.684931506849315,73,1.25,116,1.4484536082474226,194,86.03479766845703,0.0026553950738161802,0.4325226275725453,89,0.1797752808988764,86,0.9883720930232558,336,0,10,0
0.3333333333333333,18,0.25,4,0.9565217391304348,23,-1.0,0,-1.0,0,18.615833282470703,0.0005745627568103373,0.24343488553169002,24,0.0,19,0.42105263157894735,336,0,10,1
0.5,42,0.8604651162790697,43,1.1818181818181819,44,1.3333333333333333,72,0.34782608695652173,23,41.89921188354492,0.0012931855162605643,0.17360760230271013,45,0.0,42,0.7142857142857143,336,0,10,2
0.43103448275862066,58,0.6938775510204082,49,0.8524590163934426,61,0.34782608695652173,23,1.4052631578947368,190,79.60380554199219,0.0024569076485931873,0.4181294839321941,75,0.21333333333333335,80,0.9125,336,0,11,0
0.23529411764705882,17,-1.0,0,1.0769230769230769,13,0.0,1,1.6285714285714286,105,18.24309730529785,0.0005630585364997387,0.46295050007068905,19,0.0,18,0.3333333333333333,336,0,11,1
0.52,50,0.5833333333333334,36,0.5714285714285714,21,1.2435897435897436,78,0.25,8,39.85066223144531,0.0012299587251618505,0.16354028889196326,35,0.0,40,0.7,336,0,11,2
0.49295774647887325,71,0.6071428571428571,56,1.3793103448275863,116,1.251908396946565,131,0.25,12,69.00621032714844,0.00212982133962214,0.40318524882750384,72,0.125,69,1.0434782608695652,336,0,12,0
0.4,20,0.7857142857142857,14,0.0,1,-1.0,0,0.0,1,17.736827850341797,0.0005474329809658229,0.5471715102336872,16,0.0,18,0.2777777777777778,336,0,12,1
0.2222222222222222,18,0.6153846153846154,26,1.1666666666666667,24,-1.0,0,-1.0,0,36.31398391723633,0.0011208020150661469,0.28561762551984654,45,0.022222222222222223,36,0.75,336,0,12,2
0.64,75,1.0357142857142858,84,1.0784313725490196,51,0.9722222222222222,72,0.45454545454545453,11,64.58753967285156,0.001993442652747035,0.40945922093085085,63,0.14285714285714285,65,1.0,336,0,13,0
0.47058823529411764,34,1.2692307692307692,26,0.0,2,-1.0,0,-1.0,0,17.721216201782227,0.0005469511379487813,0.12216894131803564,16,0.0,18,0.3333333333333333,336,0,13,1
0.5128205128205128,39,0.8571428571428571,42,0.0,1,0.8275862068965517,29,1.4855491329479769,173,35.93043899536133,0.0011089642066508532,0.23735911898832251,41,0.0,36,0.5277777777777778,336,0,13,2
0.6818181818181818,66,1.1111111111111112,90,1.2714285714285714,70,0.8947368421052632,38,0.7333333333333333,15,60.273704528808594,0.0018602994969114661,0.4169448860635258,71,0.1267605633802817,60,0.9833333333333333,336,0,14,0
0.16666666666666666,12,0.625,8,1.3571428571428572,14,0.0,1,0.0,6,17.24169158935547,0.0005321509670466185,0.43281862329674226,20,0.0,17,0.35294117647058826,336,0,14,1
0.23809523809523808,21,0.75,36,0.8709677419354839,31,1.5348837209302326,43,0.0,1,35.329376220703125,0.001090412843041122,0.21210165371035763,42,0.023809523809523808,35,0.7714285714285715,336,0,14,2
0.391304347826087,46,1.0517241379310345,58,1.4339622641509433,106,0.5,6,0.7,10,55.055450439453125,0.0016992422752082348,0.4551675535857928,63,0.1111111111111111,55,1.1090909090909091,336,0,15,0
0.15384615384615385,13,1.0625,16,0.9473684210526315,19,0.0,1,-1.0,0,17.00988006591797,0.0005249963141977787,0.42581722354581003,20,0.0,17,0.23529411764705882,336,0,15,1
0.2857142857142857,28,0.9166666666666666,12,0.8333333333333334,12,1.0909090909090908,22,1.5555555555555556,153,34.460723876953125,0.0010636026272550225,0.21044798851287486,50,0.0,34,0.8823529411764706,336,0,15,2
0.4888888888888889,45,0.9574468085106383,47,1.0869565217391304,46,0.4827586206896552,29,0.0,4,51.231109619140625,0.0015812070341780782,0.47566632056849567,55,0.16363636363636364,51,1.1176470588235294,336,0,16,0
0.42857142857142855,28,0.8181818181818182,11,1.2131147540983607,61,-1.0,0,-1.0,0,16.839115142822266,0.000519725785125047,0.36236845104846,27,0.0,17,0.7058823529411765,336,0,16,1
0.27586206896551724,29,0.5483870967741935,31,1.4047619047619047,84,1.5,68,1.6488222698072805,467,34.19450378417969,0.0010553859174251556,0.14186245542804618,25,0.0,34,1.0294117647058822,336,0,16,2
0.5,32,0.6666666666666666,54,0.8571428571428571,28,0.5833333333333334,12,0.6,5,48.9117546081543,0.0015096220886334777,0.4430797072795704,46,0.10869565217391304,49,1.2040816326530612,336,0,17,0
0.6,5,1.0454545454545454,22,1.2727272727272727,11,0.6428571428571429,14,0.0,1,16.83521270751953,0.000519605353474617,0.3164134423191279,21,0.0,17,0.5294117647058824,336,0,17,1
0.3333333333333333,30,1.1566265060240963,83,1.443298969072165,97,1.0588235294117647,34,-1.0,0,34.18863296508789,0.001055204775184393,0.2723707495489578,32,0.03125,34,1.0294117647058822,336,0,17,2
0.559322033898305,59,0.855072463768116,69,1.3166666666666667,60,1.1574074074074074,108,0.25,8,47.68851089477539,0.0014718676684424281,0.41612691727563667,46,0.08695652173913043,48,1.1041666666666667,336,0,18,0
0.5675675675675675,37,1.032258064516129,31,1.375,32,1.1818181818181819,22,0.0,1,16.571969985961914,0.0005114805535413325,0.10358800260802258,16,0.0,17,0.6470588235294118,336,0,18,1
0.5952380952380952,42,0.9736842105263158,38,0.5882352941176471,17,-1.0,0,1.2258064516129032,62,33.388587951660156,0.0010305119212716818,0.12770814220668453,28,0.0,33,1.1515151515151516,336,0,18,2
0.5806451612903226,31,0.8260869565217391,46,1.2916666666666667,24,0.8095238095238095,21,1.4090909090909092,88,45.34883499145508,0.0013996553607285023,0.36902752588002763,47,0.0425531914893617,45,0.9777777777777777,336,0,19,0
0.45454545454545453,33,0.8571428571428571,14,0.0,1,1.5909090909090908,44,-1.0,0,16.382349014282227,0.0005056280642747879,0.1661253400896815,12,0.0,16,0.5,336,0,19,1
0.5178571428571429,56,1.0909090909090908,33,1.1111111111111112,54,0.5,2,0.0,1,34.23664093017578,0.0010566863929852843,0.212564863885023,30,0.0,34,1.2941176470588236,336,0,19,2
0.691358024691358,81,0.75,28,1.0555555555555556,54,1.1,40,0.0,2,44.12466812133789,0.001361872418783605,0.2783311954467004,38,0.02631578947368421,44,1.0681818181818181,336,0,20,0
0.35294117647058826,17,1.0555555555555556,36,0.5714285714285714,7,1.661764705882353,68,1.6497695852534562,217,16.329051971435547,0.0005039830575697124,0.1670202698584091,17,0.0,16,0.5,336,0,20,1
0.4489795918367347,49,0.8648648648648649,37,0.14285714285714285,7,0.5,6,0.375,8,35.054664611816406,0.0010819340823218226,0.3036907632354928,34,0.058823529411764705,35,1.2285714285714286,336,0,20,2
0.2894736842105263,38,0.7884615384615384,52,1.1395348837209303,43,1.4513888888888888,144,0.0,9,44.17136764526367,0.0013633138732984662,0.23989109775733494,42,0.047619047619047616,44,1.0227272727272727,336,0,21,0
0.5,14,-1.0,0,-1.0,0,-1.0,0,-1.0,0,16.507686614990234,0.000509496487211436,0.03890818458212367,12,0.0,17,0.5294117647058824,336,0,21,1
0.39285714285714285,28,0.7058823529411765,17,0.625,24,1.2424242424242424,33,0.2222222222222222,9,35.83116149902344,0.0011059000389650464,0.2408283453294428,32,0.03125,36,1.4444444444444444,336,0,21,2
0.4166666666666667,36,1.0,21,0.8928571428571429,28,0.0,2,1.3137254901960784,51,43.77824401855469,0.001351180369965732,0.28011259017063556,53,0.05660377358490566,44,1.2045454545454546,336,0,22,0
0.4,15,1.064516129032258,31,1.3636363636363635,33,1.25,20,0.0,1,16.513975143432617,0.0005096906097605824,0.16928156308360737,22,0.0,17,0.7647058823529411,336,0,22,1
0.32,25,0.8636363636363636,22,1.3924050632911393,79,0.0,3,0.0,2,33.544830322265625,0.0010353343095630407,0.12379660160205015,33,0.030303030303030304,34,1.2352941176470589,336,0,22,2
0.5714285714285714,49,0.9552238805970149,67,0.45454545454545453,11,1.5669291338582678,127,0.3333333333333333,24,45.164024353027344,0.001393951359204948,0.37821132330150486,46,0.021739130434782608,45,1.1555555555555554,336,0,23,0
0.23076923076923078,13,1.1794871794871795,39,0.5,4,0.6666666666666666,3,-1.0,0,16.599637985229492,0.000512334518134594,0.3664033717334233,16,0.0,17,0.7058823529411765,336,0,23,1
0.5,44,0.9375,32,0.5,2,0.625,16,1.2843137254901962,102,34.658084869384766,0.001069693942554295,0.30076441651353797,38,0.0,35,1.1714285714285715,336,0,23,2
0.5423728813559322,59,1.1935483870967742,31,1.25,16,0.16666666666666666,6,0.5,2,43.774932861328125,0.001351078157313168,0.3864246963178379,43,0.06976744186046512,44,1.2954545454545454,336,0,24,0
0.36363636363636365,11,-1.0,0,1.2903225806451613,31,-1.0,0,0.0,1,16.402034759521484,0.0005062356358394027,0.3380220927953172,19,0.0,16,0.875,336,0,24,1
0.5161290322580645,31,0.72,25,1.1153846153846154,26,-1.0,0,1.6208333333333333,240,33.268184661865234,0.0010267958277836442,0.2500091262670514,29,0.0,33,1.2727272727272727,336,0,24,2
0.48,50,0.7083333333333334,48,1.3736263736263736,91,0.8923076923076924,65,0.8382352941176471,68,44.49560546875,0.0013733211671933532,0.40680996621336524,44,0.09090909090909091,44,1.0681818181818181,336,0,25,0
0.3076923076923077,13,1.0,38,1.5588235294117647,34,0.6666666666666666,6,0.0,1,16.35247230529785,0.0005047059385105968,0.2623893789820053,12,0.0,16,0.625,336,0,25,1
0.5,18,0.9666666666666667,60,1.0588235294117647,17,1.5178571428571428,112,-1.0,0,32.71281051635742,0.0010096546029672027,0.30766989039276577,42,0.0,33,1.2727272727272727,336,0,25,2
0.45614035087719296,57,0.5555555555555556,9,1.4361702127659575,94,1.1111111111111112,36,0.42857142857142855,7,45.40715026855469,0.0014014552580192685,0.4283995738234377,53,0.07547169811320754,45,1.0444444444444445,336,0,26,0
0.35294117647058826,17,0.8461538461538461,13,-1.0,0,0.4,5,-1.0,0,16.498046875,0.0005091989878565073,0.2060714365666684,21,0.0,16,0.8125,336,0,26,1
0.42105263157894735,38,0.43478260869565216,23,1.2380952380952381,42,1.3235294117647058,34,1.0512820512820513,39,33.63508605957031,0.0010381198953837156,0.25759366914335574,42,0.0,34,1.2647058823529411,336,0,26,2
0.3333333333333333,39,0.6571428571428571,35,0.875,16,0.5,12,0.14285714285714285,7,45.096134185791016,0.001391855999827385,0.38695137911080685,37,0.10810810810810811,45,1.1777777777777778,336,0,27,0
0.2,10,0.8928571428571429,28,1.435897435897436,39,1.3636363636363635,22,-1.0,0,16.451271057128906,0.0005077552632428706,0.30203756915798174,19,0.0,16,0.75,336,0,27,1
0.6363636363636364,33,0.9523809523809523,21,0.8,10,-1.0,0,-1.0,0,33.404598236083984,0.0010310061043128371,0.26389094347023984,38,0.02631578947368421,33,1.1818181818181819,336,0,27,2
0.4,50,0.8867924528301887,53,0.4782608695652174,23,0.7105263157894737,38,0.5454545454545454,11,44.043025970458984,0.001359352609142661,0.37547334889298056,50,0.06,44,1.0681818181818181,336,0,28,0
0.4666666666666667,15,0.875,16,1.0,6,0.0,1,-1.0,0,16.404640197753906,0.0005063160788267851,0.10676159393395998,11,0.0,16,0.625,336,0,28,1
0.4594594594594595,37,1.0769230769230769,26,0.6666666666666666,6,1.146341463414634,41,0.0,1,32.98897171020508,0.0010181781835854053,0.14526385452854285,29,0.0,33,1.2121212121212122,336,0,28,2
0.45454545454545453,33,0.7142857142857143,49,0.5,14,1.3461538461538463,26,0.7777777777777778,9,43.412506103515625,0.0013398921582847834,0.3632813915235258,53,0.018867924528301886,43,1.186046511627907,336,0,29,0
0.4,10,0.8571428571428571,7,0.0,3,1.5522388059701493,67,-1.0,0,16.39952850341797,0.0005061582778580487,0.3051885077811358,19,0.0,16,0.6875,336,0,29,1
0.6923076923076923,52,0.7692307692307693,13,0.9821428571428571,56,1.5172413793103448,87,1.5571428571428572,70,33.02161407470703,0.0010191856417804956,0.27776840063608926,41,0.0,33,1.2424242424242424,336,0,29,2
0.5714285714285714,28,1.1666666666666667,54,0.5333333333333333,15,1.3125,48,0.0,3,43.06755447387695,0.0013292455114424229,0.3625256571412536,30,0.03333333333333333,43,1.2093023255813953,336,0,30,0
0.3,20,1.2857142857142858,21,-1.0,0,1.5777777777777777,90,1.7142857142857142,112,16.35771369934082,0.0005048676976002753,0.38701573335698913,16,0.0,16,0.8125,336,0,30,1
0.34615384615384615,26,0.9428571428571428,35,1.2727272727272727,44,-1.0,0,-1.0,0,32.84754180908203,0.0010138130746781826,0.2952085765189127,30,0.0,33,1.1515151515151516,336,0,30,2
0.4827586206896552,58,0.8125,16,1.2258064516129032,62,0.9473684210526315,19,1.2463768115942029,69,41.507659912109375,0.001281100558117032,0.35499577207408695,53,0.0,42,0.9523809523809523,336,0,31,0
0.0,5,1.0,13,0.6666666666666666,3,-1.0,0,-1.0,0,16.296567916870117,0.0005029804888181388,0.3675872227146378,24,0.0,16,0.9375,336,0,31,1
0.5,30,0.92,25,1.6153846153846154,65,1.2857142857142858,35,1.5802469135802468,81,32.5119514465332,0.0010034552542492747,0.22141930724839656,30,0.0,33,1.0303030303030303,336,0,31,2
0.2857142857142857,21,1.2134831460674158,89,1.25,52,1.0833333333333333,24,1.5569620253164558,79,41.069061279296875,0.0012675636680796742,0.29740226793267194,43,0.023255813953488372,41,0.975609756097561,336,0,32,0
0.5294117647058824,17,0.7727272727272727,22,1.435897435897436,39,1.5416666666666667,24,-1.0,0,16.33323097229004,0.0005041120457462966,0.3077969638286751,18,0.0,16,0.6875,336,0,32,1
0.5135135135135135,37,0.5833333333333334,12,1.2,10,1.3333333333333333,24,-1.0,0,32.62913513183594,0.001007072045467794,0.20402082155733542,37,0.0,33,1.0,336,0,32,2
0.39285714285714285,28,1.024390243902439,82,0.8709677419354839,31,0.5555555555555556,9,0.5,2,40.251861572265625,0.0012423413572832942,0.29261976999290296,39,0.0,40,1.025,336,0,33,0
0.4074074074074074,27,1.05,20,1.1666666666666667,12,0.9375,32,-1.0,0,16.25204086303711,0.0005016062059439719,0.3161326517246692,18,0.0,16,0.875,336,0,33,1
0.4722222222222222,36,0.9444444444444444,18,1.3333333333333333,51,0.5384615384615384,13,-1.0,0,32.414093017578125,0.0010004349751397967,0.14665607258205088,24,0.0,32,0.78125,336,0,33,2
0.38636363636363635,44,0.875,32,1.25,28,0.625,8,0.7692307692307693,13,39.58169937133789,0.0012216573813930154,0.2955635595925609,44,0.0,40,0.825,336,0,34,0
0.6111111111111112,18,0.0,1,1.5161290322580645,31,1.0,9,-1.0,0,16.227758407592773,0.0005008567241020501,0.29430648803930987,13,0.0,16,0.8125,336,0,34,1
0.42857142857142855,42,1.0731707317073171,41,1.4333333333333333,30,1.1428571428571428,28,0.4,5,32.364036560058594,0.0009988900274038315,0.09754444881296918,32,0.0,32,0.59375,336,0,34,2
0.4838709677419355,31,0.95,40,0.0,1,1.367816091954023,87,0.0,3,38.89406967163086,0.001200434286147356,0.3402355203776509,38,0.0,39,0.6410256410256411,336,0,35,0
0.26666666666666666,15,0.8,15,0.5,2,-1.0,0,0.0,2,16.202585220336914,0.0005000797682441771,0.26155104461375905,19,0.05263157894736842,16,0.9375,336,0,35,1
0.5333333333333333,30,1.0,19,-1.0,0,1.5365853658536586,82,0.8947368421052632,19,32.32039260864258,0.000997542985714972,0.05139966859810911,34,0.0,32,0.53125,336,0,35,2
NA,NA,NA,NA,NA,NA,NA,NA,NA,NA,300.59149169921875,0.00927751511335373,0.6961100866503656,325,0.5784615384615385,301,1.06312292358804,336,1,1,0
NA,NA,NA,NA,NA,NA,NA,NA,NA,NA,61.895591735839844,0.0019103577360510826,0.5022887776919281,60,0.2833333333333333,62,0.7903225806451613,336,1,1,1
NA,NA,NA,NA,NA,NA,NA,NA,NA,NA,103.01872253417969,0.003179590217769146,0.47682380022256465,102,0.18627450980392157,103,0.7864077669902912,336,1,1,2
NA,NA,NA,NA,NA,NA,NA,NA,NA,NA,239.727783203125,0.007399005815386772,0.6446893075501164,238,0.40336134453781514,240,1.0,336,1,2,0
NA,NA,NA,NA,NA,NA,NA,NA,NA,NA,41.8196907043457,0.0012907312484458089,0.4315997740439309,34,0.11764705882352941,42,0.6904761904761905,336,1,2,1
NA,NA,NA,NA,NA,NA,NA,NA,NA,NA,80.18276977539062,0.0024747769348323345,0.4369320641687292,77,0.11688311688311688,80,0.6875,336,1,2,2
NA,NA,NA,NA,NA,NA,NA,NA,NA,NA,193.87306213378906,0.005983736366033554,0.6238429922371638,190,0.38421052631578945,194,0.9742268041237113,336,1,3,0
NA,NA,NA,NA,NA,NA,NA,NA,NA,NA,31.866722106933594,0.000983540783636272,0.29161136003974186,31,0.03225806451612903,32,0.5625,336,1,3,1
NA,NA,NA,NA,NA,NA,NA,NA,NA,NA,63.48544692993164,0.001959427259862423,0.3728520086192711,63,0.07936507936507936,63,0.6825396825396826,336,1,3,2
NA,NA,NA,NA,NA,NA,NA,NA,NA,NA,156.80538940429688,0.004839672707021236,0.5983270572748722,146,0.3904109589041096,157,0.9490445859872612,336,1,4,0
NA,NA,NA,NA,NA,NA,NA,NA,NA,NA,25.79833984375,0.0007962450617924333,0.3612445239682989,22,0.0,26,0.46153846153846156,336,1,4,1
NA,NA,NA,NA,NA,NA,NA,NA,NA,NA,55.97560119628906,0.0017276420257985592,0.38989179631778015,51,0.11764705882352941,56,0.6607142857142857,336,1,4,2
NA,NA,NA,NA,NA,NA,NA,NA,NA,NA,131.8486328125,0.004069402348250151,0.5825387572955429,136,0.35294117647058826,132,0.8863636363636364,336,1,5,0
NA,NA,NA,NA,NA,NA,NA,NA,NA,NA,23.166467666625977,0.0007150144083425403,0.49219550517103833,19,0.0,23,0.5652173913043478,336,1,5,1
NA,NA,NA,NA,NA,NA,NA,NA,NA,NA,48.70823287963867,0.00150334055069834,0.3527287652111868,44,0.022727272727272728,49,0.5918367346938775,336,1,5,2
NA,NA,NA,NA,NA,NA,NA,NA,NA,NA,115.12062072753906,0.003553105518221855,0.6208537205338741,111,0.36936936936936937,115,1.008695652173913,336,1,6,0
NA,NA,NA,NA,NA,NA,NA,NA,NA,NA,21.189035415649414,0.0006539825699292123,0.2335070872646306,18,0.0,21,0.3333333333333333,336,1,6,1
NA,NA,NA,NA,NA,NA,NA,NA,NA,NA,49.95328140258789,0.001541767967864871,0.4741908608810175,35,0.2571428571428571,50,0.76,336,1,6,2
NA,NA,NA,NA,NA,NA,NA,NA,NA,NA,101.81922149658203,0.003142568515613675,0.5496893483323321,99,0.29292929292929293,102,0.9313725490196079,336,1,7,0
NA,NA,NA,NA,NA,NA,NA,NA,NA,NA,20.015993118286133,0.0006177775794640183,0.3909747323846959,15,0.0,20,0.4,336,1,7,1
NA,NA,NA,NA,NA,NA,NA,NA,NA,NA,46.583526611328125,0.0014377632178366184,0.34530964487787774,49,0.04081632653061224,47,0.7659574468085106,336,1,7,2
NA,NA,NA,NA,NA,NA,NA,NA,NA,NA,94.05453491210938,0.0029029177967458963,0.5364224169638969,106,0.20754716981132076,94,0.9148936170212766,336,1,8,0
NA,NA,NA,NA,NA,NA,NA,NA,NA,NA,19.618764877319336,0.0006055174162611365,0.16677214410874502,19,0.0,20,0.45,336,1,8,1
NA,NA,NA,NA,NA,NA,NA,NA,NA,NA,45.836273193359375,0.0014146998291835189,0.4570871290641295,45,0.08888888888888889,46,1.0,336,1,8,2
NA,NA,NA,NA,NA,NA,NA,NA,NA,NA,89.10151672363281,0.0027500467840582132,0.633007483689723,99,0.3939393939393939,89,1.0898876404494382,336,1,9,0
NA,NA,NA,NA,NA,NA,NA,NA,NA,NA,18.55987548828125,0.0005728356773033738,0.3246660737028545,25,0.0,19,0.3157894736842105,336,1,9,1
NA,NA,NA,NA,NA,NA,NA,NA,NA,NA,42.75824737548828,0.001319698989391327,0.3043516279636455,35,0.11428571428571428,43,1.0930232558139534,336,1,9,2
NA,NA,NA,NA,NA,NA,NA,NA,NA,NA,74.96856689453125,0.0023138446267694235,0.5714288580884347,76,0.27631578947368424,75,1.08,336,1,10,0
NA,NA,NA,NA,NA,NA,NA,NA,NA,NA,17.85232162475586,0.0005509975599125028,0.222202314075992,24,0.0,18,0.2777777777777778,336,1,10,1
NA,NA,NA,NA,NA,NA,NA,NA,NA,NA,39.72336959838867,0.001226029940880835,0.2625040154761532,44,0.045454545454545456,40,0.925,336,1,10,2
NA,NA,NA,NA,NA,NA,NA,NA,NA,NA,76.43524169921875,0.0023591124918311834,0.6092249390590901,79,0.3291139240506329,76,1.2236842105263157,336,1,11,0
NA,NA,NA,NA,NA,NA,NA,NA,NA,NA,18.34539222717285,0.000566215836443007,0.23947952777946876,26,0.0,18,0.2777777777777778,336,1,11,1
NA,NA,NA,NA,NA,NA,NA,NA,NA,NA,42.91238021850586,0.0013244561851024628,0.39015387988923783,47,0.19148936170212766,43,1.069767441860465,336,1,11,2
NA,NA,NA,NA,NA,NA,NA,NA,NA,NA,71.63784790039062,0.0022110447753220797,0.6080382910350322,72,0.3055555555555556,72,1.2361111111111112,336,1,12,0
NA,NA,NA,NA,NA,NA,NA,NA,NA,NA,17.598472595214844,0.0005431627505458891,0.3615052214455727,21,0.0,18,0.2777777777777778,336,1,12,1
NA,NA,NA,NA,NA,NA,NA,NA,NA,NA,38.843441009521484,0.001198871643282473,0.3833124457048757,25,0.0,39,1.0512820512820513,336,1,12,2
NA,NA,NA,NA,NA,NA,NA,NA,NA,NA,64.37633514404297,0.001986923860386014,0.563746916805539,70,0.22857142857142856,64,1.1875,336,1,13,0
NA,NA,NA,NA,NA,NA,NA,NA,NA,NA,17.244792938232422,0.0005322467186488211,0.3136067158691842,8,0.0,17,0.7058823529411765,336,1,13,1
NA,NA,NA,NA,NA,NA,NA,NA,NA,NA,36.40458297729492,0.001123598194681108,0.19109187283034554,34,0.0,36,0.9444444444444444,336,1,13,2
NA,NA,NA,NA,NA,NA,NA,NA,NA,NA,60.743309020996094,0.0018747934373095632,0.5247792609584012,59,0.15254237288135594,61,1.1967213114754098,336,1,14,0
NA,NA,NA,NA,NA,NA,NA,NA,NA,NA,16.96870994567871,0.0005237256409600377,0.42825852116684704,16,0.0,17,0.5294117647058824,336,1,14,1
NA,NA,NA,NA,NA,NA,NA,NA,NA,NA,36.604248046875,0.0011297607561573386,0.2812919887167476,33,0.09090909090909091,37,1.135135135135135,336,1,14,2
NA,NA,NA,NA,NA,NA,NA,NA,NA,NA,59.77952194213867,0.0018450469942763448,0.5647911254514754,76,0.2236842105263158,60,1.1833333333333333,336,1,15,0
NA,NA,NA,NA,NA,NA,NA,NA,NA,NA,16.94597625732422,0.0005230239476077259,0.11459623450806657,15,0.0,17,0.6470588235294118,336,1,15,1
NA,NA,NA,NA,NA,NA,NA,NA,NA,NA,36.95564651489258,0.0011406063567847013,0.17624918511584517,35,0.0,37,0.9459459459459459,336,1,15,2
NA,NA,NA,NA,NA,NA,NA,NA,NA,NA,56.024658203125,0.0017291561234742403,0.5197410355127662,60,0.18333333333333332,56,1.2142857142857142,336,1,16,0
NA,NA,NA,NA,NA,NA,NA,NA,NA,NA,16.663978576660156,0.0005143203306943178,0.1692494054081621,10,0.0,17,0.6470588235294118,336,1,16,1
NA,NA,NA,NA,NA,NA,NA,NA,NA,NA,37.504188537597656,0.0011575366370379925,0.2807521560653012,37,0.02702702702702703,38,1.263157894736842,336,1,16,2
NA,NA,NA,NA,NA,NA,NA,NA,NA,NA,57.56746292114258,0.0017767735989764333,0.6175050932967506,59,0.288135593220339,58,1.1896551724137931,336,1,17,0
NA,NA,NA,NA,NA,NA,NA,NA,NA,NA,16.962100982666016,0.000523521623108536,0.41001175834956166,17,0.0,17,0.8823529411764706,336,1,17,1
NA,NA,NA,NA,NA,NA,NA,NA,NA,NA,36.15818405151367,0.0011159933637827635,0.4089986654255637,35,0.02857142857142857,36,1.3055555555555556,336,1,17,2
NA,NA,NA,NA,NA,NA,NA,NA,NA,NA,53.95918655395508,0.001665406976826489,0.5652389567337424,54,0.2037037037037037,54,1.1481481481481481,336,1,18,0
NA,NA,NA,NA,NA,NA,NA,NA,NA,NA,16.62390899658203,0.0005130835925228894,0.36238847922629047,19,0.0,17,0.9411764705882353,336,1,18,1
NA,NA,NA,NA,NA,NA,NA,NA,NA,NA,34.836822509765625,0.001075210515409708,0.36313722111469715,33,0.06060606060606061,35,1.1714285714285715,336,1,18,2
NA,NA,NA,NA,NA,NA,NA,NA,NA,NA,55.800315856933594,0.0017222319729626179,0.5884901621401456,53,0.3018867924528302,56,1.2678571428571428,336,1,19,0
NA,NA,NA,NA,NA,NA,NA,NA,NA,NA,16.698923110961914,0.0005153988604433835,0.37034676524738036,20,0.0,17,0.8235294117647058,336,1,19,1
NA,NA,NA,NA,NA,NA,NA,NA,NA,NA,35.71500015258789,0.0011023147962987423,0.301368254190001,42,0.047619047619047616,36,1.1944444444444444,336,1,19,2
NA,NA,NA,NA,NA,NA,NA,NA,NA,NA,54.10828399658203,0.0016700087580829859,0.5756006717521883,43,0.20930232558139536,54,1.1851851851851851,336,1,20,0
NA,NA,NA,NA,NA,NA,NA,NA,NA,NA,17.307479858398438,0.0005341814830899239,0.3327861982356635,15,0.0,17,0.8823529411764706,336,1,20,1
NA,NA,NA,NA,NA,NA,NA,NA,NA,NA,36.080848693847656,0.001113606384024024,0.37363552096444275,29,0.0,36,1.2777777777777777,336,1,20,2
NA,NA,NA,NA,NA,NA,NA,NA,NA,NA,57.03303527832031,0.0017602788284420967,0.6810799313361494,64,0.25,57,1.1403508771929824,336,1,21,0
NA,NA,NA,NA,NA,NA,NA,NA,NA,NA,17.285175323486328,0.0005334930610843003,0.2844655295952537,15,0.06666666666666667,17,0.8823529411764706,336,1,21,1
NA,NA,NA,NA,NA,NA,NA,NA,NA,NA,38.98381042480469,0.0012032040394842625,0.44874804181878103,42,0.07142857142857142,39,1.2820512820512822,336,1,21,2
NA,NA,NA,NA,NA,NA,NA,NA,NA,NA,52.09390640258789,0.0016078365733847022,0.5703997114848652,56,0.16071428571428573,52,1.1346153846153846,336,1,22,0
NA,NA,NA,NA,NA,NA,NA,NA,NA,NA,16.881563186645508,0.0005210359231568873,0.28719355735332086,22,0.0,17,0.9411764705882353,336,1,22,1
NA,NA,NA,NA,NA,NA,NA,NA,NA,NA,35.25546646118164,0.0010881316848099232,0.24587795678368526,43,0.0,35,1.2571428571428571,336,1,22,2
NA,NA,NA,NA,NA,NA,NA,NA,NA,NA,50.39434051513672,0.0015553808771073818,0.5473673906689387,45,0.17777777777777778,50,1.16,336,1,23,0
NA,NA,NA,NA,NA,NA,NA,NA,NA,NA,16.742206573486328,0.0005167347844690084,0.17051806910508308,14,0.0,17,1.0,336,1,23,1
NA,NA,NA,NA,NA,NA,NA,NA,NA,NA,35.48456954956055,0.0010952027514576912,0.19869520954578457,29,0.034482758620689655,35,1.2857142857142858,336,1,23,2
NA,NA,NA,NA,NA,NA,NA,NA,NA,NA,50.27378845214844,0.0015516601270064712,0.5391292293456251,58,0.13793103448275862,50,1.18,336,1,24,0
NA,NA,NA,NA,NA,NA,NA,NA,NA,NA,16.648326873779297,0.000513837265316397,0.19413701274069492,12,0.0,17,1.0,336,1,24,1
NA,NA,NA,NA,NA,NA,NA,NA,NA,NA,34.84064865112305,0.0010753286769613624,0.12052451429083812,35,0.0,35,1.1714285714285715,336,1,24,2
NA,NA,NA,NA,NA,NA,NA,NA,NA,NA,49.970638275146484,0.0015423035947605968,0.49715618158998526,56,0.16071428571428573,50,1.16,336,1,25,0
NA,NA,NA,NA,NA,NA,NA,NA,NA,NA,16.683332443237305,0.0005149176577106118,0.17549545411150894,9,0.0,17,0.7058823529411765,336,1,25,1
NA,NA,NA,NA,NA,NA,NA,NA,NA,NA,34.65731430053711,0.0010696701938286424,0.12351383451683517,46,0.021739130434782608,35,1.2571428571428571,336,1,25,2
NA,NA,NA,NA,NA,NA,NA,NA,NA,NA,53.54505157470703,0.0016526250401511788,0.48258963240246067,55,0.09090909090909091,54,1.2407407407407407,336,1,26,0
NA,NA,NA,NA,NA,NA,NA,NA,NA,NA,16.862743377685547,0.0005204550689086318,0.36645827776544576,17,0.0,17,0.8823529411764706,336,1,26,1
NA,NA,NA,NA,NA,NA,NA,NA,NA,NA,34.947750091552734,0.0010786342900246382,0.193983873465447,34,0.0,35,1.2,336,1,26,2
NA,NA,NA,NA,NA,NA,NA,NA,NA,NA,51.928688049316406,0.001602737233042717,0.4296159453102635,39,0.07692307692307693,52,1.1538461538461537,336,1,27,0
NA,NA,NA,NA,NA,NA,NA,NA,NA,NA,16.608535766601562,0.0005126091418787837,0.21920854187288163,16,0.0,17,0.6470588235294118,336,1,27,1
NA,NA,NA,NA,NA,NA,NA,NA,NA,NA,35.04776382446289,0.0010817211586982012,0.09952726129793012,35,0.0,35,1.0285714285714285,336,1,27,2
NA,NA,NA,NA,NA,NA,NA,NA,NA,NA,51.852970123291016,0.001600400311872363,0.437738552105334,65,0.18461538461538463,52,1.1730769230769231,336,1,28,0
NA,NA,NA,NA,NA,NA,NA,NA,NA,NA,16.715606689453125,0.000515913765411824,0.08715720486226014,10,0.0,17,0.5294117647058824,336,1,28,1
NA,NA,NA,NA,NA,NA,NA,NA,NA,NA,35.38877868652344,0.0010922462679445744,0.12203503079452459,28,0.0,35,1.1428571428571428,336,1,28,2
NA,NA,NA,NA,NA,NA,NA,NA,NA,NA,50.33830261230469,0.001553651294670999,0.37485800905927197,47,0.10638297872340426,50,0.94,336,1,29,0
NA,NA,NA,NA,NA,NA,NA,NA,NA,NA,16.42745590209961,0.0005070202169008553,0.26949493290429444,10,0.0,16,0.75,336,1,29,1
NA,NA,NA,NA,NA,NA,NA,NA,NA,NA,36.914939880371094,0.001139350002631545,0.27695656707410177,36,0.08333333333333333,37,1.2702702702702702,336,1,29,2
NA,NA,NA,NA,NA,NA,NA,NA,NA,NA,50.57019805908203,0.0015608086250722408,0.46277347365831495,54,0.14814814814814814,51,1.1764705882352942,336,1,30,0
NA,NA,NA,NA,NA,NA,NA,NA,NA,NA,16.84255027770996,0.0005198317812755704,0.22749750438785876,18,0.0,17,0.6470588235294118,336,1,30,1
NA,NA,NA,NA,NA,NA,NA,NA,NA,NA,35.400455474853516,0.0010926066897809505,0.1842660568547873,23,0.0,35,1.0857142857142856,336,1,30,2
NA,NA,NA,NA,NA,NA,NA,NA,NA,NA,51.08012771606445,0.0015765471616759896,0.4310367618084731,40,0.075,51,1.0980392156862746,336,1,31,0
NA,NA,NA,NA,NA,NA,NA,NA,NA,NA,16.58115577697754,0.000511764083057642,0.14794485430346152,12,0.0,17,0.6470588235294118,336,1,31,1
NA,NA,NA,NA,NA,NA,NA,NA,NA,NA,35.77532958984375,0.0011041768593713641,0.10896909728133507,42,0.0,36,1.0833333333333333,336,1,31,2
NA,NA,NA,NA,NA,NA,NA,NA,NA,NA,49.59741973876953,0.0015307845314964652,0.4179771560874166,44,0.13636363636363635,50,1.0,336,1,32,0
NA,NA,NA,NA,NA,NA,NA,NA,NA,NA,16.574623107910156,0.0005115624517202377,0.07522979375331511,13,0.0,17,0.5294117647058824,336,1,32,1
NA,NA,NA,NA,NA,NA,NA,NA,NA,NA,35.33917236328125,0.0010907151736319065,0.14198052923551255,34,0.0,35,1.1428571428571428,336,1,32,2
NA,NA,NA,NA,NA,NA,NA,NA,NA,NA,48.51192855834961,0.0014972817152738571,0.4134957937962408,39,0.05128205128205128,49,1.0612244897959184,336,1,33,0
NA,NA,NA,NA,NA,NA,NA,NA,NA,NA,16.566112518310547,0.0005112997605465353,0.11510190924421579,15,0.0,17,0.7058823529411765,336,1,33,1
NA,NA,NA,NA,NA,NA,NA,NA,NA,NA,35.134422302246094,0.001084395800717175,0.10205166553158622,32,0.0,35,1.0571428571428572,336,1,33,2
NA,NA,NA,NA,NA,NA,NA,NA,NA,NA,46.767086029052734,0.0014434285694733262,0.4167324887141909,56,0.08928571428571429,47,0.8936170212765957,336,1,34,0
NA,NA,NA,NA,NA,NA,NA,NA,NA,NA,16.461503982543945,0.000508071098010987,0.17597740470428355,12,0.0,16,0.5625,336,1,34,1
NA,NA,NA,NA,NA,NA,NA,NA,NA,NA,34.47728729248047,0.0010641138069331646,0.09442700882257746,35,0.0,34,1.1764705882352942,336,1,34,2
NA,NA,NA,NA,NA,NA,NA,NA,NA,NA,45.681114196777344,0.001409910968504846,0.4310902198837055,43,0.13953488372093023,46,1.0869565217391304,336,1,35,0
NA,NA,NA,NA,NA,NA,NA,NA,NA,NA,16.39567756652832,0.0005060394178144634,0.2876952930637095,14,0.0,16,0.8125,336,1,35,1
NA,NA,NA,NA,NA,NA,NA,NA,NA,NA,33.91301345825195,0.0010466979583725333,0.0922094726606931,30,0.0,34,1.1470588235294117,336,1,35,2
NA,NA,NA,NA,NA,NA,NA,NA,NA,NA,287.49041748046875,0.008873160928487778,0.6638411034333833,290,0.4517241379310345,287,1.0139372822299653,336,2,1,0
NA,NA,NA,NA,NA,NA,NA,NA,NA,NA,59.05644607543945,0.0018227298278361559,0.49356554240607764,61,0.26229508196721313,59,0.7796610169491526,336,2,1,1
NA,NA,NA,NA,NA,NA,NA,NA,NA,NA,101.00245666503906,0.003117359708994627,0.5199205511654583,82,0.24390243902439024,101,0.7722772277227723,336,2,1,2
NA,NA,NA,NA,NA,NA,NA,NA,NA,NA,232.93658447265625,0.007189400959759951,0.6660147600110934,230,0.4043478260869565,233,1.0300429184549356,336,2,2,0
NA,NA,NA,NA,NA,NA,NA,NA,NA,NA,47.05472183227539,0.0014523062855005264,0.5358948660679531,45,0.24444444444444444,47,0.8936170212765957,336,2,2,1
NA,NA,NA,NA,NA,NA,NA,NA,NA,NA,75.4186019897461,0.0023277346044778824,0.42321893267303784,88,0.1590909090909091,75,0.7466666666666667,336,2,2,2
NA,NA,NA,NA,NA,NA,NA,NA,NA,NA,178.3106231689453,0.005503414198756218,0.5283451392725782,167,0.2275449101796407,178,0.9382022471910112,336,2,3,0
NA,NA,NA,NA,NA,NA,NA,NA,NA,NA,31.03638458251953,0.0009579131146892905,0.4172190458213261,39,0.02564102564102564,31,0.5161290322580645,336,2,3,1
NA,NA,NA,NA,NA,NA,NA,NA,NA,NA,56.129066467285156,0.0017323786159977317,0.2594393858561912,61,0.09836065573770492,56,0.4107142857142857,336,2,3,2
NA,NA,NA,NA,NA,NA,NA,NA,NA,NA,153.06356811523438,0.004724184051156044,0.5522759195788672,172,0.27906976744186046,153,0.8954248366013072,336,2,4,0
NA,NA,NA,NA,NA,NA,NA,NA,NA,NA,28.279172897338867,0.0008728139800950885,0.31565640871104506,38,0.07894736842105263,28,0.4642857142857143,336,2,4,1
NA,NA,NA,NA,NA,NA,NA,NA,NA,NA,54.75535583496094,0.001689980155788362,0.311124390504209,61,0.03278688524590164,55,0.5272727272727272,336,2,4,2
NA,NA,NA,NA,NA,NA,NA,NA,NA,NA,124.70396423339844,0.00384888774715364,0.469163488215329,139,0.1510791366906475,125,0.856,336,2,5,0
NA,NA,NA,NA,NA,NA,NA,NA,NA,NA,22.8320255279541,0.0007046921527944505,0.34844332193274924,28,0.03571428571428571,23,0.43478260869565216,336,2,5,1
NA,NA,NA,NA,NA,NA,NA,NA,NA,NA,50.70494842529297,0.001564967562444508,0.310481435822251,44,0.045454545454545456,51,0.5686274509803921,336,2,5,2
NA,NA,NA,NA,NA,NA,NA,NA,NA,NA,112.9332275390625,0.003485593479126692,0.5024658515994564,107,0.2616822429906542,113,0.8495575221238938,336,2,6,0
NA,NA,NA,NA,NA,NA,NA,NA,NA,NA,21.277692794799805,0.0006567189120687544,0.32190654234088456,18,0.0,21,0.47619047619047616,336,2,6,1
NA,NA,NA,NA,NA,NA,NA,NA,NA,NA,48.8548469543457,0.001507865614257753,0.2734120933594442,44,0.09090909090909091,49,0.6530612244897959,336,2,6,2
NA,NA,NA,NA,NA,NA,NA,NA,NA,NA,99.79818725585938,0.003080190857872367,0.48700748458606297,90,0.23333333333333334,100,0.83,336,2,7,0
NA,NA,NA,NA,NA,NA,NA,NA,NA,NA,20.567792892456055,0.000634808442555368,0.3808624244010291,26,0.0,21,0.6190476190476191,336,2,7,1
NA,NA,NA,NA,NA,NA,NA,NA,NA,NA,44.083927154541016,0.0013606150168925524,0.23075594430799734,38,0.05263157894736842,44,0.5909090909090909,336,2,7,2
NA,NA,NA,NA,NA,NA,NA,NA,NA,NA,92.68107604980469,0.0028605270199477673,0.4889750342228438,87,0.16091954022988506,93,0.8602150537634409,336,2,8,0
NA,NA,NA,NA,NA,NA,NA,NA,NA,NA,22.03133773803711,0.0006799795664846897,0.486539278732716,24,0.041666666666666664,22,0.7272727272727273,336,2,8,1
NA,NA,NA,NA,NA,NA,NA,NA,NA,NA,45.85735321044922,0.0014153503580018878,0.28940214004563225,53,0.018867924528301886,46,0.782608695652174,336,2,8,2
NA,NA,NA,NA,NA,NA,NA,NA,NA,NA,85.26405334472656,0.0026316065341234207,0.5098739372019255,104,0.23076923076923078,85,0.8941176470588236,336,2,9,0
NA,NA,NA,NA,NA,NA,NA,NA,NA,NA,19.147544860839844,0.0005909735918976367,0.45157014530936923,22,0.0,19,0.6842105263157895,336,2,9,1
NA,NA,NA,NA,NA,NA,NA,NA,NA,NA,42.98533630371094,0.0013267078902572393,0.3330209823563756,41,0.0975609756097561,43,0.8604651162790697,336,2,9,2
NA,NA,NA,NA,NA,NA,NA,NA,NA,NA,80.5823974609375,0.0024871111381798983,0.5487795844690968,84,0.21428571428571427,81,1.0123456790123457,336,2,10,0
NA,NA,NA,NA,NA,NA,NA,NA,NA,NA,18.87648582458496,0.0005826075794175267,0.2824900268621023,21,0.0,19,0.7894736842105263,336,2,10,1
NA,NA,NA,NA,NA,NA,NA,NA,NA,NA,40.93222427368164,0.0012633402366191149,0.47013916160931063,38,0.07894736842105263,41,0.8536585365853658,336,2,10,2
NA,NA,NA,NA,NA,NA,NA,NA,NA,NA,77.5193862915039,0.0023925737477838993,0.6137243664571594,73,0.2465753424657534,78,1.1153846153846154,336,2,11,0
NA,NA,NA,NA,NA,NA,NA,NA,NA,NA,18.743017196655273,0.0005784881650470197,0.34959839899894807,26,0.038461538461538464,19,0.631578947368421,336,2,11,1
NA,NA,NA,NA,NA,NA,NA,NA,NA,NA,43.748931884765625,0.001350275706499815,0.6116864075874342,50,0.12,44,0.9772727272727273,336,2,11,2
NA,NA,NA,NA,NA,NA,NA,NA,NA,NA,70.54962158203125,0.002177457557991147,0.554808087673442,75,0.14666666666666667,71,1.0985915492957747,336,2,12,0
NA,NA,NA,NA,NA,NA,NA,NA,NA,NA,17.578384399414062,0.0005425427225418389,0.29086202160780833,22,0.0,18,0.6111111111111112,336,2,12,1
NA,NA,NA,NA,NA,NA,NA,NA,NA,NA,42.785377502441406,0.001320536364801228,0.4321348739067255,40,0.1,43,1.0,336,2,12,2
NA,NA,NA,NA,NA,NA,NA,NA,NA,NA,62.72645568847656,0.0019360017031431198,0.5208626588824122,55,0.16363636363636364,63,1.0,336,2,13,0
NA,NA,NA,NA,NA,NA,NA,NA,NA,NA,17.72535514831543,0.0005470788455568254,0.22837082459586194,13,0.0,18,0.5,336,2,13,1
NA,NA,NA,NA,NA,NA,NA,NA,NA,NA,40.00159454345703,0.0012346170842647552,0.4479266865282265,44,0.11363636363636363,40,1.075,336,2,13,2
NA,NA,NA,NA,NA,NA,NA,NA,NA,NA,62.21958923339844,0.0019203576957806945,0.5686828255229156,58,0.2413793103448276,62,1.096774193548387,336,2,14,0
NA,NA,NA,NA,NA,NA,NA,NA,NA,NA,17.34587860107422,0.000535366649273783,0.10867374322376315,20,0.0,17,1.0588235294117647,336,2,14,1
NA,NA,NA,NA,NA,NA,NA,NA,NA,NA,36.303314208984375,0.0011204726761206985,0.2574420329996544,26,0.07692307692307693,36,1.0277777777777777,336,2,14,2
NA,NA,NA,NA,NA,NA,NA,NA,NA,NA,59.05208206176758,0.0018225951353088021,0.5182703196404325,66,0.13636363636363635,59,1.1694915254237288,336,2,15,0
NA,NA,NA,NA,NA,NA,NA,NA,NA,NA,17.184005737304688,0.0005303705693222582,0.46815069055917974,20,0.0,17,0.9411764705882353,336,2,15,1
NA,NA,NA,NA,NA,NA,NA,NA,NA,NA,36.81138610839844,0.0011361539363861084,0.2965112368280274,39,0.05128205128205128,37,0.918918918918919,336,2,15,2
NA,NA,NA,NA,NA,NA,NA,NA,NA,NA,55.50376892089844,0.0017130792839452624,0.5044015151819033,52,0.19230769230769232,56,1.0714285714285714,336,2,16,0
NA,NA,NA,NA,NA,NA,NA,NA,NA,NA,16.860198974609375,0.0005203764885663986,0.46553803339697475,16,0.0,17,0.7647058823529411,336,2,16,1
NA,NA,NA,NA,NA,NA,NA,NA,NA,NA,34.26299285888672,0.0010574997868388891,0.27831292261854057,35,0.02857142857142857,34,1.0294117647058822,336,2,16,2
NA,NA,NA,NA,NA,NA,NA,NA,NA,NA,52.07979202270508,0.0016074009472504258,0.48263200387964017,53,0.09433962264150944,52,1.0192307692307692,336,2,17,0
NA,NA,NA,NA,NA,NA,NA,NA,NA,NA,16.65017318725586,0.0005138942506164312,0.44930643533885034,21,0.0,17,0.5294117647058824,336,2,17,1
NA,NA,NA,NA,NA,NA,NA,NA,NA,NA,36.28681564331055,0.0011199634755030274,0.2752344970485934,29,0.0,36,1.1111111111111112,336,2,17,2
NA,NA,NA,NA,NA,NA,NA,NA,NA,NA,51.0656623840332,0.0015761007089167833,0.45940486529888347,60,0.13333333333333333,51,0.9607843137254902,336,2,18,0
NA,NA,NA,NA,NA,NA,NA,NA,NA,NA,16.59056854248047,0.0005120545974932611,0.3614229195493468,22,0.0,17,0.6470588235294118,336,2,18,1
NA,NA,NA,NA,NA,NA,NA,NA,NA,NA,36.37802505493164,0.0011227785144001245,0.49296622243303523,49,0.12244897959183673,36,1.1388888888888888,336,2,18,2
NA,NA,NA,NA,NA,NA,NA,NA,NA,NA,49.682518005371094,0.0015334110939875245,0.445205001279044,45,0.06666666666666667,50,1.02,336,2,19,0
NA,NA,NA,NA,NA,NA,NA,NA,NA,NA,16.65191078186035,0.0005139478598721325,0.3230043185412962,14,0.0,17,0.7647058823529411,336,2,19,1
NA,NA,NA,NA,NA,NA,NA,NA,NA,NA,34.55958557128906,0.0010666538728401065,0.28105832966704025,31,0.0,35,1.0571428571428572,336,2,19,2
NA,NA,NA,NA,NA,NA,NA,NA,NA,NA,48.91771697998047,0.0015098060248419642,0.4651342252017899,56,0.08928571428571429,49,1.0204081632653061,336,2,20,0
NA,NA,NA,NA,NA,NA,NA,NA,NA,NA,16.552196502685547,0.0005108702462166548,0.42398215328576827,15,0.0,17,0.8235294117647058,336,2,20,1
NA,NA,NA,NA,NA,NA,NA,NA,NA,NA,34.01903533935547,0.0010499702766537666,0.2116611254173328,23,0.0,34,1.0294117647058822,336,2,20,2
NA,NA,NA,NA,NA,NA,NA,NA,NA,NA,46.716339111328125,0.0014418623177334666,0.43798639580058657,35,0.14285714285714285,47,1.1063829787234043,336,2,21,0
NA,NA,NA,NA,NA,NA,NA,NA,NA,NA,16.482425689697266,0.000508716853801161,0.40580975572674605,13,0.0,16,0.6875,336,2,21,1
NA,NA,NA,NA,NA,NA,NA,NA,NA,NA,33.10136032104492,0.0010216468945145607,0.3661175706593939,22,0.0,33,1.0909090909090908,336,2,21,2
NA,NA,NA,NA,NA,NA,NA,NA,NA,NA,47.31986618041992,0.0014604897005483508,0.41276790216300385,46,0.06521739130434782,47,1.1063829787234043,336,2,22,0
NA,NA,NA,NA,NA,NA,NA,NA,NA,NA,16.49889373779297,0.0005092251230962574,0.28499714202497145,11,0.0,16,0.75,336,2,22,1
NA,NA,NA,NA,NA,NA,NA,NA,NA,NA,33.27973937988281,0.0010271524079144,0.26947178229595786,32,0.0,33,1.0909090909090908,336,2,22,2
NA,NA,NA,NA,NA,NA,NA,NA,NA,NA,47.663597106933594,0.0014710986288264394,0.45636765556259196,46,0.08695652173913043,48,1.1666666666666667,336,2,23,0
NA,NA,NA,NA,NA,NA,NA,NA,NA,NA,16.484024047851562,0.0005087661556899548,0.3198766441355644,18,0.0,16,0.8125,336,2,23,1
NA,NA,NA,NA,NA,NA,NA,NA,NA,NA,34.125831604003906,0.0010532664600759745,0.23827151081815492,38,0.02631578947368421,34,1.088235294117647,336,2,23,2
NA,NA,NA,NA,NA,NA,NA,NA,NA,NA,45.57480239868164,0.0014066296862438321,0.3653926327597822,34,0.058823529411764705,46,1.108695652173913,336,2,24,0
NA,NA,NA,NA,NA,NA,NA,NA,NA,NA,16.32674789428711,0.0005039119860157371,0.2706906647989924,18,0.0,16,0.5625,336,2,24,1
NA,NA,NA,NA,NA,NA,NA,NA,NA,NA,34.593505859375,0.0010677007958292961,0.2172607112382781,36,0.0,35,1.4285714285714286,336,2,24,2
NA,NA,NA,NA,NA,NA,NA,NA,NA,NA,47.765663146972656,0.0014742488274350762,0.4104225765990062,56,0.03571428571428571,48,1.25,336,2,25,0
NA,NA,NA,NA,NA,NA,NA,NA,NA,NA,16.391935348510742,0.0005059239338152111,0.34030243233164353,15,0.0,16,0.75,336,2,25,1
NA,NA,NA,NA,NA,NA,NA,NA,NA,NA,35.74668884277344,0.0011032929178327322,0.2369379956930863,38,0.0,36,1.3055555555555556,336,2,25,2
NA,NA,NA,NA,NA,NA,NA,NA,NA,NA,46.63946533203125,0.0014394896570593119,0.4057524165235645,38,0.10526315789473684,47,1.0,336,2,26,0
NA,NA,NA,NA,NA,NA,NA,NA,NA,NA,16.486724853515625,0.0005088495090603828,0.365423497712937,13,0.0,16,0.5,336,2,26,1
NA,NA,NA,NA,NA,NA,NA,NA,NA,NA,34.5811767578125,0.0010673202341422439,0.14394396581229904,34,0.0,35,1.2571428571428571,336,2,26,2
NA,NA,NA,NA,NA,NA,NA,NA,NA,NA,45.35652160644531,0.0013998926151543856,0.40815035223763657,46,0.06521739130434782,45,1.1777777777777778,336,2,27,0
NA,NA,NA,NA,NA,NA,NA,NA,NA,NA,16.4163761138916,0.0005066782468929887,0.3104025710768269,18,0.0,16,0.625,336,2,27,1
NA,NA,NA,NA,NA,NA,NA,NA,NA,NA,33.71919250488281,0.0010407158406451344,0.1217791267968068,31,0.0,34,1.3235294117647058,336,2,27,2
NA,NA,NA,NA,NA,NA,NA,NA,NA,NA,45.27796173095703,0.0013974679168313742,0.44591115429369765,42,0.11904761904761904,45,1.0888888888888888,336,2,28,0
NA,NA,NA,NA,NA,NA,NA,NA,NA,NA,16.432178497314453,0.0005071660270914435,0.39169364207693463,24,0.0,16,0.6875,336,2,28,1
NA,NA,NA,NA,NA,NA,NA,NA,NA,NA,32.996849060058594,0.00101842125877738,0.28650333090086566,28,0.0,33,1.3333333333333333,336,2,28,2
NA,NA,NA,NA,NA,NA,NA,NA,NA,NA,45.45833206176758,0.0014030348975211382,0.45331781619360867,54,0.05555555555555555,45,1.1555555555555554,336,2,29,0
NA,NA,NA,NA,NA,NA,NA,NA,NA,NA,16.404592514038086,0.0005063145654276013,0.21971516962325147,8,0.0,16,0.75,336,2,29,1
NA,NA,NA,NA,NA,NA,NA,NA,NA,NA,33.35945129394531,0.0010296127293258905,0.18169974081662124,27,0.037037037037037035,33,1.3333333333333333,336,2,29,2
NA,NA,NA,NA,NA,NA,NA,NA,NA,NA,43.26191329956055,0.001335244276560843,0.3856850802544635,39,0.02564102564102564,43,1.069767441860465,336,2,30,0
NA,NA,NA,NA,NA,NA,NA,NA,NA,NA,16.321691513061523,0.000503755931276828,0.28094605084216345,22,0.0,16,0.5,336,2,30,1
NA,NA,NA,NA,NA,NA,NA,NA,NA,NA,32.67321014404297,0.0010084323585033417,0.35908433852155996,34,0.0,33,1.2424242424242424,336,2,30,2
NA,NA,NA,NA,NA,NA,NA,NA,NA,NA,43.543190002441406,0.0013439255999401212,0.38960408973371086,56,0.017857142857142856,44,1.1818181818181819,336,2,31,0
NA,NA,NA,NA,NA,NA,NA,NA,NA,NA,16.325054168701172,0.0005038597155362368,0.3212575368299737,20,0.0,16,0.9375,336,2,31,1
NA,NA,NA,NA,NA,NA,NA,NA,NA,NA,32.6114501953125,0.0010065262904390693,0.28874513237526045,39,0.02564102564102564,33,1.2727272727272727,336,2,31,2
NA,NA,NA,NA,NA,NA,NA,NA,NA,NA,41.633419036865234,0.0012849820777773857,0.3826484725645359,43,0.023255813953488372,42,0.9285714285714286,336,2,32,0
NA,NA,NA,NA,NA,NA,NA,NA,NA,NA,16.302690505981445,0.0005031694890931249,0.26689281487252847,13,0.0,16,0.6875,336,2,32,1
NA,NA,NA,NA,NA,NA,NA,NA,NA,NA,32.451866149902344,0.0010016007581725717,0.25711658942394655,25,0.04,32,1.0625,336,2,32,2
NA,NA,NA,NA,NA,NA,NA,NA,NA,NA,41.11767578125,0.0012690640287473798,0.4348334857408193,40,0.0,41,0.975609756097561,336,2,33,0
NA,NA,NA,NA,NA,NA,NA,NA,NA,NA,16.317855834960938,0.0005036375368945301,0.31829587044499846,13,0.0,16,1.0,336,2,33,1
NA,NA,NA,NA,NA,NA,NA,NA,NA,NA,32.40031433105469,0.001000009709969163,0.2024477469849009,43,0.0,32,0.96875,336,2,33,2
NA,NA,NA,NA,NA,NA,NA,NA,NA,NA,39.42841339111328,0.0012169263791292906,0.44864854448362934,39,0.02564102564102564,39,0.5641025641025641,336,2,34,0
NA,NA,NA,NA,NA,NA,NA,NA,NA,NA,16.278514862060547,0.0005024233250878751,0.24174718874623774,14,0.0,16,0.875,336,2,34,1
NA,NA,NA,NA,NA,NA,NA,NA,NA,NA,32.271427154541016,0.0009960316820070148,0.06266283819390162,31,0.0,32,0.6875,336,2,34,2
NA,NA,NA,NA,NA,NA,NA,NA,NA,NA,38.54414367675781,0.0011896340874955058,0.4402885285730593,44,0.022727272727272728,39,0.3076923076923077,336,2,35,0
NA,NA,NA,NA,NA,NA,NA,NA,NA,NA,16.249801635742188,0.0005015371134504676,0.206359175070226,11,0.0,16,0.8125,336,2,35,1
NA,NA,NA,NA,NA,NA,NA,NA,NA,NA,32.20505142211914,0.0009939831215888262,0.009842278911408738,45,0.0,32,0.28125,336,2,35,2
NA,NA,NA,NA,NA,NA,NA,NA,NA,NA,297.04193115234375,0.009167960844933987,0.6761973513414606,300,0.49666666666666665,297,1.0168350168350169,336,3,1,0
NA,NA,NA,NA,NA,NA,NA,NA,NA,NA,67.00052642822266,0.0020679174922406673,0.5897672464292992,75,0.36,67,0.9104477611940298,336,3,1,1
NA,NA,NA,NA,NA,NA,NA,NA,NA,NA,123.63050079345703,0.003815756179392338,0.5227798274007494,119,0.3949579831932773,124,0.9516129032258065,336,3,1,2
NA,NA,NA,NA,NA,NA,NA,NA,NA,NA,241.34942626953125,0.00744905648753047,0.6168838328172825,225,0.3688888888888889,241,1.0,336,3,2,0
NA,NA,NA,NA,NA,NA,NA,NA,NA,NA,52.429256439208984,0.0016181869432330132,0.5883541627600881,56,0.2857142857142857,52,0.9038461538461539,336,3,2,1
NA,NA,NA,NA,NA,NA,NA,NA,NA,NA,94.85934448242188,0.002927757566794753,0.5520231536999837,103,0.24271844660194175,95,0.8,336,3,2,2
NA,NA,NA,NA,NA,NA,NA,NA,NA,NA,194.9187469482422,0.006016010884195566,0.5792972632703688,182,0.2967032967032967,195,0.8923076923076924,336,3,3,0
NA,NA,NA,NA,NA,NA,NA,NA,NA,NA,36.555747985839844,0.001128263771533966,0.42092389872179703,33,0.06060606060606061,37,0.7297297297297297,336,3,3,1
NA,NA,NA,NA,NA,NA,NA,NA,NA,NA,70.59518432617188,0.0021788636222481728,0.33177149467568634,71,0.11267605633802817,71,0.647887323943662,336,3,3,2
NA,NA,NA,NA,NA,NA,NA,NA,NA,NA,169.14369201660156,0.005220484454184771,0.5611587961671322,143,0.3146853146853147,169,0.9289940828402367,336,3,4,0
NA,NA,NA,NA,NA,NA,NA,NA,NA,NA,33.024620056152344,0.0010192784247919917,0.4384614173262687,33,0.030303030303030304,33,0.6363636363636364,336,3,4,1
NA,NA,NA,NA,NA,NA,NA,NA,NA,NA,62.7614631652832,0.0019370821537449956,0.2631585248140723,70,0.0,63,0.5555555555555556,336,3,4,2
NA,NA,NA,NA,NA,NA,NA,NA,NA,NA,142.17889404296875,0.004388237372040749,0.5267515727971551,139,0.2805755395683453,142,0.8591549295774648,336,3,5,0
NA,NA,NA,NA,NA,NA,NA,NA,NA,NA,26.352954864501953,0.0008133628289215267,0.27849078059558374,29,0.0,26,0.6538461538461539,336,3,5,1
NA,NA,NA,NA,NA,NA,NA,NA,NA,NA,53.60455322265625,0.0016544614918529987,0.26541152024008935,59,0.06779661016949153,54,0.5185185185185185,336,3,5,2
NA,NA,NA,NA,NA,NA,NA,NA,NA,NA,125.52613830566406,0.0038742634933441877,0.5671849233150773,121,0.2644628099173554,126,0.9920634920634921,336,3,6,0
NA,NA,NA,NA,NA,NA,NA,NA,NA,NA,24.577653884887695,0.0007585695711895823,0.39224264976155204,30,0.03333333333333333,25,0.56,336,3,6,1
NA,NA,NA,NA,NA,NA,NA,NA,NA,NA,51.289268493652344,0.0015830021584406495,0.247935477746766,53,0.11320754716981132,51,0.6470588235294118,336,3,6,2
NA,NA,NA,NA,NA,NA,NA,NA,NA,NA,111.34426879882812,0.0034365514293313026,0.6001613746269849,99,0.31313131313131315,111,0.963963963963964,336,3,7,0
NA,NA,NA,NA,NA,NA,NA,NA,NA,NA,22.2128963470459,0.0006855832180008292,0.22844759502794373,11,0.0,22,0.6363636363636364,336,3,7,1
NA,NA,NA,NA,NA,NA,NA,NA,NA,NA,47.091087341308594,0.00145342864561826,0.2256424706745953,52,0.0,47,0.8297872340425532,336,3,7,2
NA,NA,NA,NA,NA,NA,NA,NA,NA,NA,101.66698455810547,0.00313786999322474,0.589040811131046,103,0.3786407766990291,102,0.9803921568627451,336,3,8,0
NA,NA,NA,NA,NA,NA,NA,NA,NA,NA,20.11672592163086,0.0006208866252563894,0.4640543140016109,20,0.0,20,0.5,336,3,8,1
NA,NA,NA,NA,NA,NA,NA,NA,NA,NA,45.13815689086914,0.0013931529829278588,0.46413499427267346,44,0.045454545454545456,45,0.8,336,3,8,2
NA,NA,NA,NA,NA,NA,NA,NA,NA,NA,79.95203399658203,0.0024676553439348936,0.4528034287177993,74,0.17567567567567569,80,0.85,336,3,9,0
NA,NA,NA,NA,NA,NA,NA,NA,NA,NA,19.03782081604004,0.0005875870701856911,0.31825111064452505,17,0.0,19,0.6842105263157895,336,3,9,1
NA,NA,NA,NA,NA,NA,NA,NA,NA,NA,40.18168640136719,0.001240175450220704,0.288820623507267,47,0.0,40,0.65,336,3,9,2
NA,NA,NA,NA,NA,NA,NA,NA,NA,NA,72.28668212890625,0.002231070538982749,0.4123825012303127,79,0.08860759493670886,72,0.8611111111111112,336,3,10,0
NA,NA,NA,NA,NA,NA,NA,NA,NA,NA,18.43354606628418,0.0005689365789294243,0.23880737171636504,12,0.0,18,0.6666666666666666,336,3,10,1
NA,NA,NA,NA,NA,NA,NA,NA,NA,NA,40.05169677734375,0.0012361634289845824,0.27062744301897196,42,0.047619047619047616,40,0.975,336,3,10,2
NA,NA,NA,NA,NA,NA,NA,NA,NA,NA,64.94654083251953,0.002004522830247879,0.37586844040814243,63,0.06349206349206349,65,0.7846153846153846,336,3,11,0
NA,NA,NA,NA,NA,NA,NA,NA,NA,NA,18.206846237182617,0.0005619397270493209,0.1982547134655834,15,0.0,18,0.6666666666666666,336,3,11,1
NA,NA,NA,NA,NA,NA,NA,NA,NA,NA,37.71244430541992,0.001163964276202023,0.12029788455719453,32,0.0,38,0.9210526315789473,336,3,11,2
NA,NA,NA,NA,NA,NA,NA,NA,NA,NA,60.9721565246582,0.0018818567041307688,0.43289992057888466,84,0.10714285714285714,61,0.8688524590163934,336,3,12,0
NA,NA,NA,NA,NA,NA,NA,NA,NA,NA,17.94121551513672,0.00055374123621732,0.1597337179097362,15,0.0,18,0.6111111111111112,336,3,12,1
NA,NA,NA,NA,NA,NA,NA,NA,NA,NA,36.367889404296875,0.0011224657064303756,0.163491042084079,40,0.025,36,0.9722222222222222,336,3,12,2
NA,NA,NA,NA,NA,NA,NA,NA,NA,NA,56.11643600463867,0.0017319887410849333,0.38807775656225624,54,0.09259259259259259,56,0.8928571428571429,336,3,13,0
NA,NA,NA,NA,NA,NA,NA,NA,NA,NA,17.0748233795166,0.000527000695001334,0.4459771753575892,13,0.0,17,0.47058823529411764,336,3,13,1
NA,NA,NA,NA,NA,NA,NA,NA,NA,NA,37.683380126953125,0.0011630672961473465,0.38134615866428667,28,0.0,38,1.0263157894736843,336,3,13,2
NA,NA,NA,NA,NA,NA,NA,NA,NA,NA,52.01504135131836,0.0016054025618359447,0.3832970375041761,54,0.05555555555555555,52,0.9807692307692307,336,3,14,0
NA,NA,NA,NA,NA,NA,NA,NA,NA,NA,17.107629776000977,0.0005280132754705846,0.10062831675575573,16,0.0,17,0.4117647058823529,336,3,14,1
NA,NA,NA,NA,NA,NA,NA,NA,NA,NA,35.74663162231445,0.001103291055187583,0.15432051489435417,29,0.0,36,1.0,336,3,14,2
NA,NA,NA,NA,NA,NA,NA,NA,NA,NA,53.151702880859375,0.001640484668314457,0.564451147622023,59,0.1694915254237288,53,1.0754716981132075,336,3,15,0
NA,NA,NA,NA,NA,NA,NA,NA,NA,NA,17.10831642150879,0.0005280344630591571,0.1466958821961739,8,0.0,17,0.8823529411764706,336,3,15,1
NA,NA,NA,NA,NA,NA,NA,NA,NA,NA,36.09859848022461,0.0011141542345285416,0.34932406210643147,39,0.0,36,1.1388888888888888,336,3,15,2
NA,NA,NA,NA,NA,NA,NA,NA,NA,NA,47.7977294921875,0.0014752385905012488,0.4510727629133496,49,0.10204081632653061,48,1.125,336,3,16,0
NA,NA,NA,NA,NA,NA,NA,NA,NA,NA,16.965473175048828,0.0005236256984062493,0.05183159508966718,18,0.0,17,1.0588235294117647,336,3,16,1
NA,NA,NA,NA,NA,NA,NA,NA,NA,NA,34.29502487182617,0.0010584883857518435,0.1264191138585393,32,0.03125,34,1.0588235294117647,336,3,16,2
NA,NA,NA,NA,NA,NA,NA,NA,NA,NA,45.68410110473633,0.001410003169439733,0.4371283818894894,36,0.08333333333333333,46,1.0869565217391304,336,3,17,0
NA,NA,NA,NA,NA,NA,NA,NA,NA,NA,16.827993392944336,0.0005193825345486403,0.10849027644936912,17,0.0,17,1.0,336,3,17,1
NA,NA,NA,NA,NA,NA,NA,NA,NA,NA,33.87196350097656,0.0010454310104250908,0.22145389041773234,47,0.02127659574468085,34,1.0294117647058822,336,3,17,2
NA,NA,NA,NA,NA,NA,NA,NA,NA,NA,44.074676513671875,0.0013603295665234327,0.45790737715706975,40,0.05,44,1.1136363636363635,336,3,18,0
NA,NA,NA,NA,NA,NA,NA,NA,NA,NA,16.695446014404297,0.000515291525516659,0.04206739413158262,17,0.0,17,1.0588235294117647,336,3,18,1
NA,NA,NA,NA,NA,NA,NA,NA,NA,NA,33.57630157470703,0.0010363055625930429,0.12473943698547281,27,0.037037037037037035,34,1.2647058823529411,336,3,18,2
NA,NA,NA,NA,NA,NA,NA,NA,NA,NA,42.90211486816406,0.0013241393025964499,0.4580674810043253,41,0.024390243902439025,43,1.1162790697674418,336,3,19,0
NA,NA,NA,NA,NA,NA,NA,NA,NA,NA,16.628555297851562,0.0005132270161993802,0.02705664416974527,16,0.0,17,1.1176470588235294,336,3,19,1
NA,NA,NA,NA,NA,NA,NA,NA,NA,NA,33.686622619628906,0.0010397105943411589,0.11976085562277813,39,0.0,34,1.1176470588235294,336,3,19,2
NA,NA,NA,NA,NA,NA,NA,NA,NA,NA,45.300140380859375,0.0013981524389237165,0.6474469380279485,39,0.05128205128205128,45,1.1777777777777778,336,3,20,0
NA,NA,NA,NA,NA,NA,NA,NA,NA,NA,16.80810546875,0.0005187686765566468,0.2081971173085534,12,0.0,17,0.7647058823529411,336,3,20,1
NA,NA,NA,NA,NA,NA,NA,NA,NA,NA,34.86100769042969,0.0010759569704532623,0.3513095821146937,31,0.0,35,1.2,336,3,20,2
NA,NA,NA,NA,NA,NA,NA,NA,NA,NA,43.50544357299805,0.001342760631814599,0.5175232792899949,43,0.023255813953488372,44,1.1590909090909092,336,3,21,0
NA,NA,NA,NA,NA,NA,NA,NA,NA,NA,16.568401336669922,0.0005113704246468842,0.022108614561450867,25,0.0,17,0.5294117647058824,336,3,21,1
NA,NA,NA,NA,NA,NA,NA,NA,NA,NA,33.731876373291016,0.0010411073453724384,0.15769027185177725,37,0.0,34,1.1764705882352942,336,3,21,2
NA,NA,NA,NA,NA,NA,NA,NA,NA,NA,42.90886688232422,0.00132434768602252,0.4839822305220208,37,0.10810810810810811,43,1.069767441860465,336,3,22,0
NA,NA,NA,NA,NA,NA,NA,NA,NA,NA,16.44864273071289,0.0005076741799712181,0.12922044667307803,15,0.0,16,0.875,336,3,22,1
NA,NA,NA,NA,NA,NA,NA,NA,NA,NA,33.05851745605469,0.0010203246492892504,0.16613494696643505,40,0.0,33,1.0606060606060606,336,3,22,2
NA,NA,NA,NA,NA,NA,NA,NA,NA,NA,41.89320755004883,0.0012930001830682158,0.4504935369743036,45,0.044444444444444446,42,1.0476190476190477,336,3,23,0
NA,NA,NA,NA,NA,NA,NA,NA,NA,NA,16.40983009338379,0.000506476266309619,0.06179852755294022,16,0.0,16,0.875,336,3,23,1
NA,NA,NA,NA,NA,NA,NA,NA,NA,NA,33.09598159790039,0.0010214808862656355,0.15484692998415034,31,0.0,33,0.9696969696969697,336,3,23,2
NA,NA,NA,NA,NA,NA,NA,NA,NA,NA,40.861328125,0.0012611520942300558,0.40353608390589935,32,0.03125,41,1.0,336,3,24,0
NA,NA,NA,NA,NA,NA,NA,NA,NA,NA,16.246959686279297,0.000501449394505471,0.19811402657125216,20,0.0,16,0.625,336,3,24,1
NA,NA,NA,NA,NA,NA,NA,NA,NA,NA,32.60054397583008,0.0010061896173283458,0.23274644148385623,46,0.0,33,0.9090909090909091,336,3,24,2
NA,NA,NA,NA,NA,NA,NA,NA,NA,NA,40.259456634521484,0.0012425758177414536,0.3705202626004523,29,0.034482758620689655,40,0.925,336,3,25,0
NA,NA,NA,NA,NA,NA,NA,NA,NA,NA,16.216476440429688,0.0005005085258744657,0.2169528326950636,14,0.0,16,0.75,336,3,25,1
NA,NA,NA,NA,NA,NA,NA,NA,NA,NA,32.46598434448242,0.0010020365007221699,0.2542417808266926,31,0.0,32,0.875,336,3,25,2
NA,NA,NA,NA,NA,NA,NA,NA,NA,NA,39.7071533203125,0.001225529471412301,0.33891951798274345,47,0.0,40,0.85,336,3,26,0
NA,NA,NA,NA,NA,NA,NA,NA,NA,NA,16.20113754272461,0.0005000351229682565,0.2147710359098912,19,0.0,16,0.75,336,3,26,1
NA,NA,NA,NA,NA,NA,NA,NA,NA,NA,32.386898040771484,0.0009995956206694245,0.18828095880305792,31,0.0,32,0.75,336,3,26,2
NA,NA,NA,NA,NA,NA,NA,NA,NA,NA,39.20203399658203,0.0012099393643438816,0.31264387156664397,38,0.0,39,0.6666666666666666,336,3,27,0
NA,NA,NA,NA,NA,NA,NA,NA,NA,NA,16.190998077392578,0.0004997221403755248,0.20878056759637773,14,0.0,16,0.6875,336,3,27,1
NA,NA,NA,NA,NA,NA,NA,NA,NA,NA,32.32951736450195,0.0009978245943784714,0.10288491418027029,28,0.0,32,0.71875,336,3,27,2
NA,NA,NA,NA,NA,NA,NA,NA,NA,NA,38.6509895324707,0.0011929317843168974,0.31248549816772364,31,0.0,39,0.5384615384615384,336,3,28,0
NA,NA,NA,NA,NA,NA,NA,NA,NA,NA,16.176612854003906,0.0004992781905457377,0.19198422667912476,15,0.0,16,0.5,336,3,28,1
NA,NA,NA,NA,NA,NA,NA,NA,NA,NA,32.28563690185547,0.0009964702185243368,0.03985821337208499,34,0.0,32,0.53125,336,3,28,2
NA,NA,NA,NA,NA,NA,NA,NA,NA,NA,38.17799377441406,0.001178333186544478,0.3459722988955003,31,0.0,38,0.39473684210526316,336,3,29,0
NA,NA,NA,NA,NA,NA,NA,NA,NA,NA,16.157411575317383,0.0004986855201423168,0.16021568135261965,22,0.0,16,0.5625,336,3,29,1
NA,NA,NA,NA,NA,NA,NA,NA,NA,NA,32.25255584716797,0.0009954492561519146,0.0036619867955635177,34,0.0,32,0.21875,336,3,29,2
NA,NA,NA,NA,NA,NA,NA,NA,NA,NA,37.88739013671875,0.001169363851659,0.377968852604581,40,0.0,38,0.2631578947368421,336,3,30,0
NA,NA,NA,NA,NA,NA,NA,NA,NA,NA,16.139358520507812,0.0004981283564120531,0.13298930081323593,16,0.0,16,0.4375,336,3,30,1
NA,NA,NA,NA,NA,NA,NA,NA,NA,NA,32.232452392578125,0.000994828762486577,-0.010165103077016586,31,0.0,32,0.0625,336,3,30,2
NA,NA,NA,NA,NA,NA,NA,NA,NA,NA,37.7385368347168,0.0011647696373984218,0.3827592275620228,34,0.0,38,0.23684210526315788,336,3,31,0
NA,NA,NA,NA,NA,NA,NA,NA,NA,NA,16.12601661682129,0.0004977165372110903,0.11654974742353125,23,0.0,16,0.3125,336,3,31,1
NA,NA,NA,NA,NA,NA,NA,NA,NA,NA,32.22529220581055,0.0009946078062057495,-0.013505314636021644,34,0.0,32,0.0625,336,3,31,2
NA,NA,NA,NA,NA,NA,NA,NA,NA,NA,37.6715087890625,0.0011627009371295571,0.38105881371165373,34,0.0,38,0.21052631578947367,336,3,32,0
NA,NA,NA,NA,NA,NA,NA,NA,NA,NA,16.1159725189209,0.0004974065814167261,0.10750269737598847,17,0.0,16,0.1875,336,3,32,1
NA,NA,NA,NA,NA,NA,NA,NA,NA,NA,32.224735260009766,0.0009945905767381191,-0.014451967438703119,34,0.0,32,0.0625,336,3,32,2
NA,NA,NA,NA,NA,NA,NA,NA,NA,NA,37.638572692871094,0.0011616843985393643,0.3803596970761073,44,0.0,38,0.21052631578947367,336,3,33,0
NA,NA,NA,NA,NA,NA,NA,NA,NA,NA,16.109264373779297,0.0004971995367668569,0.10369690982969058,17,0.0,16,0.1875,336,3,33,1
NA,NA,NA,NA,NA,NA,NA,NA,NA,NA,32.22767639160156,0.0009946813806891441,-0.014818434738502374,44,0.0,32,0.0625,336,3,33,2
NA,NA,NA,NA,NA,NA,NA,NA,NA,NA,37.620277404785156,0.0011611196678131819,0.3800722221862825,46,0.0,38,0.21052631578947367,336,3,34,0
NA,NA,NA,NA,NA,NA,NA,NA,NA,NA,16.10466766357422,0.0004970576264895499,0.1020202830530526,10,0.0,16,0.1875,336,3,34,1
NA,NA,NA,NA,NA,NA,NA,NA,NA,NA,32.231689453125,0.000994805246591568,-0.015065448581006334,33,0.0,32,0.0625,336,3,34,2
NA,NA,NA,NA,NA,NA,NA,NA,NA,NA,37.60866165161133,0.001160761108621955,0.37993684643118164,42,0.0,38,0.21052631578947367,336,3,35,0
NA,NA,NA,NA,NA,NA,NA,NA,NA,NA,16.101743698120117,0.000496967404615134,0.10131543927543714,15,0.0,16,0.1875,336,3,35,1
NA,NA,NA,NA,NA,NA,NA,NA,NA,NA,32.23554992675781,0.000994924339465797,-0.015257576423138157,38,0.0,32,0.0625,336,3,35,2
0.8110236220472441,254,1.1885521885521886,297,1.1535433070866141,254,1.3529411764705883,459,0.9664804469273743,179,273.54901123046875,0.00844287034124136,0.6278765089798546,267,0.3857677902621723,274,0.9890510948905109,337,0,1,0
0.6865671641791045,67,1.0208333333333333,48,1.167832167832168,143,1.5304878048780488,164,0.9,50,65.79074096679688,0.0020305784419178963,0.5914811113444712,68,0.36764705882352944,66,0.9393939393939394,337,0,1,1
0.4225352112676056,71,0.75,76,0.828125,64,0.6304347826086957,46,0.9,80,103.18151092529297,0.003184614470228553,0.5091471937120287,111,0.1981981981981982,103,0.7766990291262136,337,0,1,2
0.8690909090909091,275,1.049792531120332,241,1.0446927374301676,179,1.458119658119658,585,0.6956521739130435,92,221.53924560546875,0.006837631110101938,0.598247441762867,223,0.31390134529147984,222,0.8918918918918919,337,0,2,0
0.5714285714285714,42,1.0833333333333333,72,0.8518518518518519,27,0.6571428571428571,35,0.5416666666666666,24,45.696651458740234,0.0014103904832154512,0.4935617427554793,42,0.19047619047619047,46,0.8043478260869565,337,0,2,1
0.5375,80,0.8333333333333334,66,1.1666666666666667,54,0.8378378378378378,37,1.1688311688311688,77,74.61389923095703,0.002302898094058037,0.3491049536165057,73,0.136986301369863,75,0.6533333333333333,337,0,2,2
0.8037974683544303,158,0.8385093167701864,161,0.8387096774193549,93,1.050314465408805,159,0.911504424778761,113,181.45504760742188,0.005600464530289173,0.5975875882288368,177,0.2711864406779661,181,0.9226519337016574,337,0,3,0
0.4,20,0.9791666666666666,48,0.9459459459459459,37,0.47058823529411764,17,0.1111111111111111,9,35.17033004760742,0.0010855039581656456,0.29663600326654505,32,0.0,35,0.6285714285714286,337,0,3,1
0.5555555555555556,72,0.7441860465116279,43,0.5714285714285714,28,1.4821428571428572,112,1.5904255319148937,188,63.55644607543945,0.001961618661880493,0.3121535481770717,70,0.05714285714285714,64,0.671875,337,0,3,2
0.8272251308900523,191,1.0063694267515924,157,0.9473684210526315,76,0.9146341463414634,82,0.8352941176470589,85,155.8751678466797,0.0048109618946909904,0.5639930885485389,152,0.27631578947368424,156,0.9102564102564102,337,0,4,0
0.6521739130434783,23,0.8421052631578947,19,0.0,6,0.75,12,0.5,4,29.465314865112305,0.0009094232809729874,0.31337280517094707,34,0.058823529411764705,29,0.5172413793103449,337,0,4,1
0.4423076923076923,52,1.0,51,0.86,50,0.5555555555555556,18,0.125,8,59.59651565551758,0.0018393986392766237,0.3418081387382509,61,0.03278688524590164,60,0.65,337,0,4,2
0.7299270072992701,137,0.9420289855072463,138,0.8775510204081632,98,1.0,152,0.875,48,135.7307891845703,0.004189222119748592,0.5495114820225792,133,0.3233082706766917,136,0.9338235294117647,337,0,5,0
0.8,35,0.55,20,0.9,10,0.0,2,1.7033898305084745,236,24.96420669555664,0.000770500220824033,0.17889756844199547,32,0.03125,25,0.52,337,0,5,1
0.5588235294117647,68,0.6,45,1.2358490566037736,106,0.16666666666666666,6,0.3,10,55.58162307739258,0.0017154822126030922,0.3512560909375326,50,0.12,56,0.7321428571428571,337,0,5,2
0.7984496124031008,129,1.079646017699115,113,1.1842105263157894,190,1.0666666666666667,60,0.5142857142857142,35,120.66487121582031,0.0037242243997752666,0.5441814795310892,107,0.27102803738317754,121,0.9421487603305785,337,0,6,0
0.21739130434782608,23,0.9,30,0.0,1,0.6,5,-1.0,0,22.991918563842773,0.0007096271147020161,0.22403071173072242,12,0.0,23,0.43478260869565216,337,0,6,1
0.4,35,0.7560975609756098,41,0.5833333333333334,12,1.5,58,0.5714285714285714,14,50.53921127319336,0.0015598521567881107,0.33900616143211687,53,0.07547169811320754,51,0.6666666666666666,337,0,6,2
0.6626506024096386,83,0.8045977011494253,87,1.0129870129870129,77,0.7868852459016393,61,1.3916666666666666,120,107.50811767578125,0.003318151691928506,0.5120894477822592,111,0.27927927927927926,108,0.8703703703703703,337,0,7,0
0.65,20,0.8928571428571429,28,0.0,3,0.0,4,1.353846153846154,65,21.57915496826172,0.0006660232902504504,0.238192184130041,18,0.0,22,0.5454545454545454,337,0,7,1
0.5208333333333334,48,0.86,50,1.0576923076923077,52,0.2727272727272727,11,0.0,3,47.97274398803711,0.0014806402614340186,0.2786127415883608,49,0.04081632653061224,48,0.8125,337,0,7,2
0.5631067961165048,103,0.6935483870967742,62,1.24,75,1.3953488372093024,172,1.4615384615384615,156,95.61636352539062,0.0029511223547160625,0.4801186301919738,91,0.2087912087912088,96,0.8958333333333334,337,0,8,0
0.26666666666666666,15,1.0,13,0.0,1,0.0,1,1.4375,80,19.860219955444336,0.0006129697430878878,0.43206769844586596,24,0.0,20,0.45,337,0,8,1
0.5737704918032787,61,0.9090909090909091,66,1.2685185185185186,108,0.0,2,0.0,2,43.66097640991211,0.0013475610176101327,0.2529828379407515,34,0.08823529411764706,44,0.6363636363636364,337,0,8,2
0.5,84,1.1370967741935485,124,0.8641975308641975,81,0.43243243243243246,37,0.5294117647058824,34,85.84637451171875,0.002649579429998994,0.46706953023683223,89,0.16853932584269662,86,0.8953488372093024,337,0,9,0
0.3333333333333333,12,0.3333333333333333,9,1.4523809523809523,42,1.0303030303030303,33,1.5963302752293578,109,18.867443084716797,0.0005823284736834466,0.3433030546677789,16,0.0,19,0.21052631578947367,337,0,9,1
0.5,46,0.375,16,0.6129032258064516,31,0.6666666666666666,18,0.2,5,46.47262954711914,0.0014343403745442629,0.4085088694629788,38,0.05263157894736842,46,0.8695652173913043,337,0,9,2
0.45614035087719296,57,0.9873417721518988,79,0.8666666666666667,60,1.0112359550561798,89,1.4743589743589745,156,76.4821548461914,0.002360560232773423,0.45592691625224463,72,0.1388888888888889,76,0.881578947368421,337,0,10,0
0.42105263157894735,19,0.5,4,1.0666666666666667,15,-1.0,0,-1.0,0,18.59014892578125,0.0005737700266763568,0.5003887808193728,23,0.0,19,0.5263157894736842,337,0,10,1
0.4358974358974359,39,0.90625,32,1.2222222222222223,45,1.3235294117647058,68,0.5,18,39.36385726928711,0.0012149338144809008,0.3391420010219238,41,0.0,39,0.6666666666666666,337,0,10,2
0.4827586206896552,58,0.5909090909090909,44,0.958904109589041,73,0.4,20,1.4875,160,72.49514770507812,0.00223750458098948,0.5564905866294743,72,0.2777777777777778,72,0.9583333333333334,337,0,11,0
0.21428571428571427,14,0.8181818181818182,11,0.8888888888888888,18,0.0,1,1.7063492063492063,126,18.334501266479492,0.0005658796872012317,0.20510663821470138,17,0.0,18,0.4444444444444444,337,0,11,1
0.5625,48,0.6285714285714286,35,0.6111111111111112,18,1.2463768115942029,69,0.18181818181818182,11,39.48419952392578,0.001218648161739111,0.41673520630569955,35,0.11428571428571428,39,0.8717948717948718,337,0,11,2
0.6031746031746031,63,0.6666666666666666,48,1.4220183486238531,109,1.3647058823529412,170,0.7777777777777778,9,64.20246887207031,0.0019815575797110796,0.6006510969475883,64,0.171875,64,0.953125,337,0,12,0
0.4444444444444444,18,0.7333333333333333,15,-1.0,0,-1.0,0,0.0,1,17.563119888305664,0.0005420715897344053,0.3549516426830341,19,0.0,18,0.5,337,0,12,1
0.19230769230769232,26,0.7777777777777778,27,1.1333333333333333,30,0.0,2,0.0,2,37.987396240234375,0.0011724504875019193,0.32685041407766724,40,0.025,38,0.8157894736842105,337,0,12,2
0.7027027027027027,74,0.971830985915493,71,1.1041666666666667,48,1.0263157894736843,76,0.4,5,59.87049102783203,0.0018478546990081668,0.5650546685836684,65,0.13846153846153847,60,1.0833333333333333,337,0,13,0
0.46153846153846156,26,1.2692307692307692,26,-1.0,0,0.0,2,-1.0,0,17.74659538269043,0.0005477344384416938,0.3235138132954464,18,0.0,18,0.6111111111111112,337,0,13,1
0.5319148936170213,47,1.098360655737705,61,0.4,5,0.7368421052631579,19,1.417989417989418,189,38.45379638671875,0.0011868455912917852,0.43008917491217263,46,0.06521739130434782,38,1.131578947368421,337,0,13,2
0.6065573770491803,61,1.3025210084033614,119,1.0909090909090908,44,0.96,25,0.7647058823529411,17,59.80459213256836,0.0018458206905052066,0.60301846210184,69,0.14492753623188406,60,1.2,337,0,14,0
0.375,16,0.5,8,0.8461538461538461,13,0.0,3,0.38461538461538464,13,17.567155838012695,0.0005421961541287601,0.22575423321078136,25,0.04,18,0.7222222222222222,337,0,14,1
0.4583333333333333,24,0.8571428571428571,42,0.85,40,1.4782608695652173,46,0.9230769230769231,13,42.77830505371094,0.0013203180860728025,0.5665631013684134,47,0.10638297872340426,43,1.1627906976744187,337,0,14,2
0.6666666666666666,54,0.9056603773584906,53,1.4444444444444444,99,0.5555555555555556,9,0.8888888888888888,9,59.164955139160156,0.0018260788638144732,0.6329289210463223,61,0.18032786885245902,59,1.2372881355932204,337,0,15,0
0.25,16,0.875,24,1.0,19,0.5,2,-1.0,0,17.874794006347656,0.0005516911623999476,0.27791718776653135,16,0.125,18,0.6666666666666666,337,0,15,1
0.3870967741935484,31,0.7916666666666666,24,0.8125,16,0.9375,32,1.5723270440251573,159,39.28811264038086,0.001212596078403294,0.4290111277860652,48,0.041666666666666664,39,1.0512820512820513,337,0,15,2
0.54,50,0.9333333333333333,45,1.2307692307692308,78,0.9787234042553191,47,0.6,10,54.43949890136719,0.0016802314203232527,0.5704715032423392,56,0.10714285714285714,54,1.1851851851851851,337,0,16,0
0.38461538461538464,26,0.8333333333333334,12,1.2878787878787878,66,-1.0,0,-1.0,0,16.861652374267578,0.0005204213666729629,0.29685280318158125,27,0.0,17,0.6470588235294118,337,0,16,1
0.4,40,0.6129032258064516,31,1.4608695652173913,115,1.5,68,1.6375545851528384,458,39.757022857666016,0.001227068598382175,0.46831688460833476,29,0.06896551724137931,40,1.25,337,0,16,2
0.46875,32,0.921875,64,0.6333333333333333,30,0.5,10,1.0,6,55.24590301513672,0.0017051204340532422,0.6148539193855082,52,0.15384615384615385,55,1.1454545454545455,337,0,17,0
0.5714285714285714,7,0.9,20,1.2142857142857142,14,0.6470588235294118,17,0.0,3,17.240123748779297,0.0005321025964803994,0.2388594832274781,20,0.0,17,0.8823529411764706,337,0,17,1
0.3076923076923077,26,1.1428571428571428,77,1.4653465346534653,101,1.121212121212121,33,0.6,5,37.20029830932617,0.0011481574038043618,0.422391152698524,41,0.024390243902439025,37,1.2432432432432432,337,0,17,2
0.5636363636363636,55,0.9166666666666666,72,1.280701754385965,57,1.0471698113207548,106,1.5714285714285714,84,50.59634017944336,0.0015616153832525015,0.6168149918900128,49,0.14285714285714285,51,1.1372549019607843,337,0,18,0
0.5172413793103449,29,1.1428571428571428,28,1.3928571428571428,28,1.3157894736842106,19,0.0,1,16.59137535095215,0.0005120795103721321,0.43262979593676204,13,0.0,17,0.7647058823529411,337,0,18,1
0.6363636363636364,44,1.0277777777777777,36,0.6875,16,0.0,2,1.0689655172413792,58,35.73252868652344,0.001102855778299272,0.46755518094121157,35,0.02857142857142857,36,1.3055555555555556,337,0,18,2
0.41935483870967744,31,1.0217391304347827,46,1.2222222222222223,36,0.8148148148148148,27,1.075,40,48.36568069458008,0.0014927679440006614,0.5960100678894434,47,0.1276595744680851,48,1.3125,337,0,19,0
0.4827586206896552,29,0.8333333333333334,12,-1.0,0,1.5909090909090908,44,-1.0,0,16.50794219970703,0.0005095044034533203,0.33758613819026123,10,0.0,17,0.6470588235294118,337,0,19,1
0.5789473684210527,57,0.896551724137931,29,1.14,50,0.0,1,0.0,1,33.921627044677734,0.001046963850967586,0.2713969360187052,26,0.0,34,1.2941176470588236,337,0,19,2
0.6710526315789473,76,0.7941176470588235,34,1.1666666666666667,54,1.088235294117647,34,1.35,20,47.31428527832031,0.001460317405872047,0.7120602515990827,50,0.14,47,1.2127659574468086,337,0,20,0
0.3157894736842105,19,1.0,35,0.0,6,1.7083333333333333,72,1.6045454545454545,220,16.389310836791992,0.0005058429087512195,0.3875983257676303,14,0.0,16,0.875,337,0,20,1
0.38095238095238093,42,0.9,40,0.25,8,0.0,6,0.2727272727272727,11,35.122745513916016,0.0010840353788807988,0.4081191357799929,30,0.0,35,1.3428571428571427,337,0,20,2
0.41304347826086957,46,0.8771929824561403,57,1.1818181818181819,44,1.4533333333333334,150,0.25,16,45.13558578491211,0.0013930735876783729,0.4786139783408907,40,0.05,45,1.3555555555555556,337,0,21,0
0.4166666666666667,12,0.0,2,-1.0,0,-1.0,0,-1.0,0,16.324073791503906,0.0005038294475525618,0.3654866880306849,14,0.0,16,0.8125,337,0,21,1
0.4827586206896552,29,0.8095238095238095,21,0.7307692307692307,26,1.3529411764705883,34,0.5,14,33.71263122558594,0.0010405132779851556,0.30543885055410946,26,0.0,34,1.2352941176470589,337,0,21,2
0.5,38,0.8695652173913043,23,1.0,36,0.0,1,1.263157894736842,57,42.90098190307617,0.0013241043779999018,0.4760785806891855,47,0.06382978723404255,43,1.255813953488372,337,0,22,0
0.35714285714285715,14,0.9411764705882353,34,1.303030303030303,33,1.1481481481481481,27,-1.0,0,16.26519203186035,0.0005020120879635215,0.3222430091791312,20,0.0,16,0.8125,337,0,22,1
0.3333333333333333,24,0.8181818181818182,22,1.4390243902439024,82,0.0,1,0.0,1,32.80228042602539,0.0010124160908162594,0.3428089485288383,32,0.0,33,1.1818181818181819,337,0,22,2
0.525,40,1.0172413793103448,58,0.42857142857142855,7,1.5666666666666667,120,0.25,20,41.682621002197266,0.0012865005992352962,0.48630978928383073,42,0.07142857142857142,42,1.2380952380952381,337,0,23,0
0.3,10,1.175,40,0.5,4,-1.0,0,-1.0,0,16.22023582458496,0.0005006245337426662,0.2809036611801273,19,0.0,16,0.8125,337,0,23,1
0.5882352941176471,34,0.9032258064516129,31,-1.0,0,0.8823529411764706,17,1.4519230769230769,104,32.58420181274414,0.0010056851897388697,0.4604484650667082,36,0.0,33,1.0909090909090908,337,0,23,2
0.5263157894736842,57,1.1470588235294117,34,1.411764705882353,17,0.14285714285714285,7,0.0,1,40.84152603149414,0.0012605409137904644,0.36542391159136367,40,0.025,41,1.048780487804878,337,0,24,0
0.3076923076923077,13,0.6666666666666666,3,1.24,25,-1.0,0,-1.0,0,16.18091583251953,0.0004994109622202814,0.2334046652017415,18,0.0,16,0.75,337,0,24,1
0.4375,32,0.7307692307692307,26,1.2083333333333333,24,0.0,1,1.646808510638298,235,32.4993896484375,0.001003067591227591,0.3784095245200287,26,0.0,32,1.0625,337,0,24,2
0.4878048780487805,41,0.868421052631579,38,1.3736263736263736,91,0.7288135593220338,59,0.9041095890410958,73,39.530723571777344,0.0012200840283185244,0.35575459684860683,38,0.0,40,0.775,337,0,25,0
0.35714285714285715,14,1.0,41,1.606060606060606,33,0.5,6,-1.0,0,16.128416061401367,0.0004977906355634332,0.15920303666266009,12,0.0,16,0.5625,337,0,25,1
0.4375,16,0.9206349206349206,63,1.3333333333333333,18,1.4954954954954955,111,-1.0,0,32.285789489746094,0.0009964749915525317,0.1760495873391658,37,0.0,32,0.71875,337,0,25,2
0.4339622641509434,53,0.0,3,1.3428571428571427,70,1.1724137931034482,29,0.2,5,38.67121887207031,0.0011935561196878552,0.38802496320475466,46,0.0,39,0.5128205128205128,337,0,26,0
0.2857142857142857,14,0.9090909090909091,11,0.0,1,0.0,3,-1.0,0,16.09992027282715,0.0004969111178070307,0.13358607802064215,22,0.045454545454545456,16,0.4375,337,0,26,1
0.5227272727272727,44,0.5909090909090909,22,1.1842105263157894,38,1.4523809523809523,42,1.032258064516129,31,32.195247650146484,0.0009936804417520761,0.05481409546862875,35,0.0,32,0.5,337,0,26,2
0.3783783783783784,37,0.8695652173913043,23,1.1,10,0.5454545454545454,11,0.0,1,38.165287017822266,0.001177940983325243,0.3958857140376843,35,0.0,38,0.21052631578947367,337,0,27,0
0.18181818181818182,11,0.6666666666666666,21,1.4102564102564104,39,1.15,20,-1.0,0,16.076772689819336,0.0004961966769769788,0.11686526727977253,15,0.0,16,0.375,337,0,27,1
0.6785714285714286,28,0.8,20,0.0,2,-1.0,0,-1.0,0,32.136680603027344,0.0009918728610500693,0.0026265509540903402,35,0.0,32,0.1875,337,0,27,2
0.4666666666666667,45,0.9038461538461539,52,0.5625,16,0.918918918918919,37,0.8571428571428571,7,37.951072692871094,0.0011713294079527259,0.37913703632444573,46,0.021739130434782608,38,0.15789473684210525,337,0,28,0
0.5,16,0.9444444444444444,18,1.0,6,0.0,2,-1.0,0,16.059066772460938,0.0004956502234563231,0.1075444264166625,14,0.0,16,0.1875,337,0,28,1
0.5517241379310345,29,0.9545454545454546,22,1.3,10,1.21875,32,-1.0,0,32.113948822021484,0.0009911712259054184,-0.006541535187723797,24,0.0,32,0.09375,337,0,28,2
0.46153846153846156,26,0.7027027027027027,37,0.5384615384615384,13,1.35,20,-1.0,0,37.87044906616211,0.0011688410304486752,0.3757700068807755,50,0.0,38,0.15789473684210525,337,0,29,0
0.5,14,0.6666666666666666,6,0.3333333333333333,6,1.6417910447761195,67,-1.0,0,16.048553466796875,0.0004953257157467306,0.1046634829022732,21,0.0,16,0.25,337,0,29,1
0.6086956521739131,46,0.6363636363636364,11,1.152542372881356,59,1.5058823529411764,85,1.6619718309859155,71,32.113800048828125,0.0009911666857078671,-0.007417155891117478,40,0.0,32,0.09375,337,0,29,2
0.4074074074074074,27,1.06,50,0.45454545454545453,11,1.6,45,-1.0,0,37.84279251098633,0.00116798747330904,0.3753349193328063,25,0.0,38,0.15789473684210525,337,0,30,0
0.35,20,1.3333333333333333,21,-1.0,0,1.5058823529411764,85,1.728,125,16.04440689086914,0.0004951977171003819,0.10364667420704862,16,0.0,16,0.25,337,0,30,1
0.32,25,1.0,42,1.2,45,0.0,1,-1.0,0,32.12171936035156,0.0009914110414683819,-0.00810901533540772,39,0.0,32,0.09375,337,0,30,2
0.44642857142857145,56,0.9230769230769231,13,0.9487179487179487,39,0.9545454545454546,22,1.203125,64,37.82916259765625,0.0011675667483359575,0.3751420630187043,50,0.0,38,0.15789473684210525,337,0,31,0
0.25,8,0.9166666666666666,12,0.0,1,-1.0,0,-1.0,0,16.043193817138672,0.0004951602895744145,0.10274612935634249,24,0.0,16,0.25,337,0,31,1
0.43478260869565216,23,1.0,25,1.5970149253731343,67,1.3095238095238095,42,1.6436781609195403,87,32.13001251220703,0.0009916670387610793,-0.0087610183620423,24,0.0,32,0.09375,337,0,31,2
0.4074074074074074,27,1.2253521126760563,71,1.3653846153846154,52,0.8947368421052632,19,1.527027027027027,74,37.82133483886719,0.0011673251865431666,0.3749734281813487,43,0.0,38,0.15789473684210525,337,0,32,0
0.6153846153846154,13,0.9230769230769231,26,1.4186046511627908,43,1.4736842105263157,19,-1.0,0,16.04218292236328,0.0004951290902681649,0.10201116077532518,15,0.0,16,0.1875,337,0,32,1
0.5135135135135135,37,0.75,16,1.0,8,1.2608695652173914,23,-1.0,0,32.137290954589844,0.0009918917203322053,-0.009271277485219607,41,0.0,32,0.09375,337,0,32,2
0.36363636363636365,22,1.0,78,0.8846153846153846,26,0.5,4,-1.0,0,37.81538009643555,0.001167141366750002,0.37481319587534007,40,0.0,38,0.15789473684210525,337,0,33,0
0.2962962962962963,27,0.8947368421052632,19,1.1538461538461537,13,0.9310344827586207,29,-1.0,0,16.04108428955078,0.0004950952134095132,0.10139753587371983,15,0.0,16,0.1875,337,0,33,1
0.5,40,0.8888888888888888,18,1.2352941176470589,51,0.4,10,-1.0,0,32.14374542236328,0.0009920909069478512,-0.00968283036759295,25,0.0,32,0.09375,337,0,33,2
0.475,40,0.8518518518518519,27,1.36,25,0.42857142857142855,7,0.5,8,37.809932708740234,0.0011669732630252838,0.3746909925630766,35,0.0,38,0.15789473684210525,337,0,34,0
0.7333333333333333,15,0.0,1,1.5,26,0.4,5,-1.0,0,16.040071487426758,0.0004950639558956027,0.10083751061705984,13,0.0,16,0.1875,337,0,34,1
0.4444444444444444,36,1.027027027027027,37,1.5172413793103448,29,1.21875,32,0.0,1,32.14952087402344,0.0009922691388055682,-0.010023953575071699,29,0.0,32,0.09375,337,0,34,2
0.48,25,1.146341463414634,41,-1.0,0,1.3258426966292134,89,0.0,2,37.80499267578125,0.0011668207589536905,0.3745995852755011,32,0.0,38,0.15789473684210525,337,0,35,0
0.23529411764705882,17,0.8333333333333334,18,0.0,1,-1.0,0,0.0,1,16.039411544799805,0.000495043583214283,0.10030858304101857,18,0.05555555555555555,16,0.1875,337,0,35,1
0.45454545454545453,33,1.1111111111111112,18,-1.0,0,1.5443037974683544,79,1.0833333333333333,24,32.154762268066406,0.0009924309561029077,-0.010310292169340849,33,0.0,32,0.09375,337,0,35,2
NA,NA,NA,NA,NA,NA,NA,NA,NA,NA,300.4127502441406,0.009271998889744282,0.6806498068739216,302,0.5165562913907285,300,1.0866666666666667,337,1,1,0
NA,NA,NA,NA,NA,NA,NA,NA,NA,NA,60.14442825317383,0.0018563094781711698,0.5346294791986419,50,0.28,60,0.8166666666666667,337,1,1,1
NA,NA,NA,NA,NA,NA,NA,NA,NA,NA,102.02726745605469,0.003148989751935005,0.4608814582483116,95,0.16842105263157894,102,0.8235294117647058,337,1,1,2
NA,NA,NA,NA,NA,NA,NA,NA,NA,NA,240.23123168945312,0.007414544001221657,0.6212899575046347,237,0.38396624472573837,240,1.0291666666666666,337,1,2,0
NA,NA,NA,NA,NA,NA,NA,NA,NA,NA,46.0091438293457,0.0014200352597981691,0.5663889939940162,36,0.25,46,0.8695652173913043,337,1,2,1
NA,NA,NA,NA,NA,NA,NA,NA,NA,NA,76.07167053222656,0.0023478909861296415,0.3620697873101014,85,0.08235294117647059,76,0.6578947368421053,337,1,2,2
NA,NA,NA,NA,NA,NA,NA,NA,NA,NA,202.82290649414062,0.006259966176003218,0.5951366495785533,185,0.34054054054054056,203,0.9950738916256158,337,1,3,0
NA,NA,NA,NA,NA,NA,NA,NA,NA,NA,32.94255447387695,0.0010167454602196813,0.429850159080044,40,0.125,33,0.5454545454545454,337,1,3,1
NA,NA,NA,NA,NA,NA,NA,NA,NA,NA,73.83565521240234,0.002278878353536129,0.36325582044300686,81,0.18518518518518517,74,0.7162162162162162,337,1,3,2
NA,NA,NA,NA,NA,NA,NA,NA,NA,NA,168.59751892089844,0.005203627049922943,0.5617096313559372,158,0.27848101265822783,169,1.017751479289941,337,1,4,0
NA,NA,NA,NA,NA,NA,NA,NA,NA,NA,28.582801818847656,0.000882185238879174,0.40653434187767956,21,0.0,29,0.7241379310344828,337,1,4,1
NA,NA,NA,NA,NA,NA,NA,NA,NA,NA,57.49552917480469,0.00177455332595855,0.29261978241852177,55,0.05454545454545454,57,0.5964912280701754,337,1,4,2
NA,NA,NA,NA,NA,NA,NA,NA,NA,NA,145.8248291015625,0.004500766284763813,0.5153186481281306,139,0.28776978417266186,146,0.9315068493150684,337,1,5,0
NA,NA,NA,NA,NA,NA,NA,NA,NA,NA,25.18281364440918,0.0007772473618388176,0.3370662811020165,21,0.047619047619047616,25,0.72,337,1,5,1
NA,NA,NA,NA,NA,NA,NA,NA,NA,NA,51.45845031738281,0.001588223734870553,0.23119057425876827,45,0.0,51,0.5490196078431373,337,1,5,2
NA,NA,NA,NA,NA,NA,NA,NA,NA,NA,132.26455688476562,0.004082239232957363,0.5520139889978594,128,0.359375,132,1.0454545454545454,337,1,6,0
NA,NA,NA,NA,NA,NA,NA,NA,NA,NA,21.93653106689453,0.0006770534091629088,0.30601399458884215,20,0.0,22,0.4090909090909091,337,1,6,1
NA,NA,NA,NA,NA,NA,NA,NA,NA,NA,49.45915985107422,0.001526517327874899,0.244518975364943,37,0.08108108108108109,49,0.46938775510204084,337,1,6,2
NA,NA,NA,NA,NA,NA,NA,NA,NA,NA,121.88151550292969,0.003761775093153119,0.5676279418504452,121,0.4049586776859504,122,1.1229508196721312,337,1,7,0
NA,NA,NA,NA,NA,NA,NA,NA,NA,NA,20.39255714416504,0.0006293999031186104,0.30062264788228793,17,0.0,20,0.4,337,1,7,1
NA,NA,NA,NA,NA,NA,NA,NA,NA,NA,49.47099304199219,0.00152688252273947,0.3300694118262626,46,0.10869565217391304,49,0.5306122448979592,337,1,7,2
NA,NA,NA,NA,NA,NA,NA,NA,NA,NA,108.60453033447266,0.0033519917633384466,0.5204668150287378,121,0.38016528925619836,109,1.1192660550458715,337,1,8,0
NA,NA,NA,NA,NA,NA,NA,NA,NA,NA,19.679210662841797,0.0006073830300010741,0.18299782482609725,20,0.0,20,0.3,337,1,8,1
NA,NA,NA,NA,NA,NA,NA,NA,NA,NA,45.24193572998047,0.0013963560340926051,0.14888915707844422,45,0.022222222222222223,45,0.5333333333333333,337,1,8,2
NA,NA,NA,NA,NA,NA,NA,NA,NA,NA,102.08867645263672,0.0031508849933743477,0.5030536739440293,106,0.29245283018867924,102,1.0,337,1,9,0
NA,NA,NA,NA,NA,NA,NA,NA,NA,NA,19.540754318237305,0.0006031097145751119,0.1478646795514491,27,0.0,20,0.45,337,1,9,1
NA,NA,NA,NA,NA,NA,NA,NA,NA,NA,45.7993278503418,0.001413559541106224,0.26963298360418975,37,0.05405405405405406,46,0.6956521739130435,337,1,9,2
NA,NA,NA,NA,NA,NA,NA,NA,NA,NA,92.21664428710938,0.0028461928013712168,0.47310999654757463,98,0.3469387755102041,92,0.9565217391304348,337,1,10,0
NA,NA,NA,NA,NA,NA,NA,NA,NA,NA,18.429168701171875,0.0005688014789484441,0.3869632745516944,21,0.0,18,0.3888888888888889,337,1,10,1
NA,NA,NA,NA,NA,NA,NA,NA,NA,NA,43.09100341796875,0.001329969265498221,0.22563500273762943,50,0.06,43,0.627906976744186,337,1,10,2
NA,NA,NA,NA,NA,NA,NA,NA,NA,NA,87.9845199584961,0.0027155715506523848,0.4643464173087258,77,0.22077922077922077,88,1.0113636363636365,337,1,11,0
NA,NA,NA,NA,NA,NA,NA,NA,NA,NA,18.21613311767578,0.0005622263415716588,0.433948895756009,25,0.0,18,0.4444444444444444,337,1,11,1
NA,NA,NA,NA,NA,NA,NA,NA,NA,NA,41.94192123413086,0.0012945036869496107,0.30585716977375316,34,0.08823529411764706,42,0.6666666666666666,337,1,11,2
NA,NA,NA,NA,NA,NA,NA,NA,NA,NA,91.04820251464844,0.002810129662975669,0.5425382501745672,99,0.3434343434343434,91,1.098901098901099,337,1,12,0
NA,NA,NA,NA,NA,NA,NA,NA,NA,NA,17.928876876831055,0.0005533603834919631,0.3178230615318414,21,0.0,18,0.3333333333333333,337,1,12,1
NA,NA,NA,NA,NA,NA,NA,NA,NA,NA,41.145408630371094,0.0012699200306087732,0.2392112151432565,30,0.03333333333333333,41,0.7073170731707317,337,1,12,2
NA,NA,NA,NA,NA,NA,NA,NA,NA,NA,84.76258850097656,0.0026161293499171734,0.5330939188744498,88,0.23863636363636365,85,1.0588235294117647,337,1,13,0
NA,NA,NA,NA,NA,NA,NA,NA,NA,NA,18.224720001220703,0.0005624913610517979,0.13740474036880224,11,0.0,18,0.5555555555555556,337,1,13,1
NA,NA,NA,NA,NA,NA,NA,NA,NA,NA,40.637325286865234,0.0012542384210973978,0.2663106866107577,35,0.02857142857142857,41,0.8536585365853658,337,1,13,2
NA,NA,NA,NA,NA,NA,NA,NA,NA,NA,82.837890625,0.002556724939495325,0.543134971726118,80,0.175,83,0.963855421686747,337,1,14,0
NA,NA,NA,NA,NA,NA,NA,NA,NA,NA,17.387481689453125,0.0005366506520658731,0.3951810824566467,13,0.0,17,0.29411764705882354,337,1,14,1
NA,NA,NA,NA,NA,NA,NA,NA,NA,NA,40.92769241333008,0.0012632004218176007,0.2862337551939899,37,0.02702702702702703,41,0.9024390243902439,337,1,14,2
NA,NA,NA,NA,NA,NA,NA,NA,NA,NA,83.57951354980469,0.002579614520072937,0.5827903225770505,89,0.33707865168539325,84,1.119047619047619,337,1,15,0
NA,NA,NA,NA,NA,NA,NA,NA,NA,NA,17.73299789428711,0.0005473147612065077,0.13478509433778008,16,0.0,18,0.6111111111111112,337,1,15,1
NA,NA,NA,NA,NA,NA,NA,NA,NA,NA,42.367855072021484,0.0013076498871669173,0.22288753286567256,42,0.07142857142857142,42,0.9285714285714286,337,1,15,2
NA,NA,NA,NA,NA,NA,NA,NA,NA,NA,79.17937469482422,0.0024438078980892897,0.5281700712407938,96,0.2708333333333333,79,1.0,337,1,16,0
NA,NA,NA,NA,NA,NA,NA,NA,NA,NA,17.474037170410156,0.0005393221508711576,0.12379269576300751,10,0.0,17,0.4117647058823529,337,1,16,1
NA,NA,NA,NA,NA,NA,NA,NA,NA,NA,43.25054168701172,0.0013348932843655348,0.2220150185078828,41,0.07317073170731707,43,0.9767441860465116,337,1,16,2
NA,NA,NA,NA,NA,NA,NA,NA,NA,NA,74.49432373046875,0.0022992074955254793,0.4660716756942227,62,0.3225806451612903,74,1.135135135135135,337,1,17,0
NA,NA,NA,NA,NA,NA,NA,NA,NA,NA,17.066967010498047,0.0005267582600936294,0.13050199397738485,16,0.0,17,0.4117647058823529,337,1,17,1
NA,NA,NA,NA,NA,NA,NA,NA,NA,NA,44.257328033447266,0.0013659668620675802,0.3430971461989842,40,0.1,44,0.9772727272727273,337,1,17,2
NA,NA,NA,NA,NA,NA,NA,NA,NA,NA,72.48802947998047,0.0022372847888618708,0.47862943404032193,72,0.2222222222222222,72,1.0138888888888888,337,1,18,0
NA,NA,NA,NA,NA,NA,NA,NA,NA,NA,18.567354202270508,0.0005730664706788957,0.3188285890380947,23,0.0,19,0.7894736842105263,337,1,18,1
NA,NA,NA,NA,NA,NA,NA,NA,NA,NA,40.384521484375,0.0012464358005672693,0.335839670803856,37,0.02702702702702703,40,0.875,337,1,18,2
NA,NA,NA,NA,NA,NA,NA,NA,NA,NA,73.31426239013672,0.0022627857979387045,0.5289784801418744,61,0.2459016393442623,73,1.082191780821918,337,1,19,0
NA,NA,NA,NA,NA,NA,NA,NA,NA,NA,17.756423950195312,0.0005480377585627139,0.1449302172480906,22,0.045454545454545456,18,0.6666666666666666,337,1,19,1
NA,NA,NA,NA,NA,NA,NA,NA,NA,NA,40.38451385498047,0.0012464355677366257,0.2691055633054925,40,0.025,40,0.9,337,1,19,2
NA,NA,NA,NA,NA,NA,NA,NA,NA,NA,75.30354309082031,0.0023241834715008736,0.5778500291147916,65,0.4153846153846154,75,1.08,337,1,20,0
NA,NA,NA,NA,NA,NA,NA,NA,NA,NA,17.38325309753418,0.0005365201504901052,0.26371050831566256,15,0.0,17,0.6470588235294118,337,1,20,1
NA,NA,NA,NA,NA,NA,NA,NA,NA,NA,44.49068069458008,0.0013731691287830472,0.40819497831559187,42,0.16666666666666666,44,0.9545454545454546,337,1,20,2
NA,NA,NA,NA,NA,NA,NA,NA,NA,NA,68.62429809570312,0.0021180338226258755,0.5001266890583863,68,0.14705882352941177,69,0.9855072463768116,337,1,21,0
NA,NA,NA,NA,NA,NA,NA,NA,NA,NA,17.589073181152344,0.0005428726435638964,0.073163078308454,16,0.0,18,0.4444444444444444,337,1,21,1
NA,NA,NA,NA,NA,NA,NA,NA,NA,NA,39.529998779296875,0.0012200616765767336,0.29457484258971367,42,0.07142857142857142,40,0.875,337,1,21,2
NA,NA,NA,NA,NA,NA,NA,NA,NA,NA,65.84228515625,0.002032169373705983,0.5050552299160403,67,0.22388059701492538,66,1.0454545454545454,337,1,22,0
NA,NA,NA,NA,NA,NA,NA,NA,NA,NA,17.862775802612305,0.000551320263184607,0.20052550306008302,22,0.0,18,0.5,337,1,22,1
NA,NA,NA,NA,NA,NA,NA,NA,NA,NA,37.73707962036133,0.0011647247010841966,0.22320662707640873,51,0.0196078431372549,38,0.9736842105263158,337,1,22,2
NA,NA,NA,NA,NA,NA,NA,NA,NA,NA,61.96511459350586,0.0019125035032629967,0.45291529884662,48,0.10416666666666667,62,0.9516129032258065,337,1,23,0
NA,NA,NA,NA,NA,NA,NA,NA,NA,NA,16.937158584594727,0.0005227518267929554,0.33228721958886304,14,0.0,17,0.47058823529411764,337,1,23,1
NA,NA,NA,NA,NA,NA,NA,NA,NA,NA,37.64433670043945,0.001161862281151116,0.33855876956285913,30,0.1,38,1.0263157894736843,337,1,23,2
NA,NA,NA,NA,NA,NA,NA,NA,NA,NA,61.92932891845703,0.0019113990711048245,0.45311777710610485,64,0.09375,62,1.096774193548387,337,1,24,0
NA,NA,NA,NA,NA,NA,NA,NA,NA,NA,17.081066131591797,0.0005271934205666184,0.17953405133996547,10,0.0,17,0.35294117647058826,337,1,24,1
NA,NA,NA,NA,NA,NA,NA,NA,NA,NA,37.362060546875,0.0011531499912962317,0.34942598165323024,40,0.025,37,1.027027027027027,337,1,24,2
NA,NA,NA,NA,NA,NA,NA,NA,NA,NA,58.95446014404297,0.0018195820739492774,0.4151622846123845,66,0.19696969696969696,59,1.0338983050847457,337,1,25,0
NA,NA,NA,NA,NA,NA,NA,NA,NA,NA,16.939842224121094,0.0005228346562944353,0.3069487383555965,11,0.0,17,0.29411764705882354,337,1,25,1
NA,NA,NA,NA,NA,NA,NA,NA,NA,NA,36.85588836669922,0.0011375274043530226,0.2252375775467228,40,0.125,37,1.0,337,1,25,2
NA,NA,NA,NA,NA,NA,NA,NA,NA,NA,60.72378921508789,0.0018741909880191088,0.41395309099576877,62,0.20967741935483872,61,1.180327868852459,337,1,26,0
NA,NA,NA,NA,NA,NA,NA,NA,NA,NA,17.020435333251953,0.0005253221024759114,0.09190258419999303,23,0.0,17,0.7058823529411765,337,1,26,1
NA,NA,NA,NA,NA,NA,NA,NA,NA,NA,36.85026931762695,0.0011373539455235004,0.14256153798623938,36,0.05555555555555555,37,0.972972972972973,337,1,26,2
NA,NA,NA,NA,NA,NA,NA,NA,NA,NA,59.65534973144531,0.0018412144854664803,0.4564871667997653,47,0.14893617021276595,60,1.15,337,1,27,0
NA,NA,NA,NA,NA,NA,NA,NA,NA,NA,17.151689529418945,0.0005293731228448451,0.053688281178321806,17,0.0,17,0.6470588235294118,337,1,27,1
NA,NA,NA,NA,NA,NA,NA,NA,NA,NA,35.425384521484375,0.0010933760786429048,0.2739434386320207,32,0.0,35,0.9714285714285714,337,1,27,2
NA,NA,NA,NA,NA,NA,NA,NA,NA,NA,55.19118118286133,0.001703431480564177,0.3484411155803681,59,0.11864406779661017,55,1.0909090909090908,337,1,28,0
NA,NA,NA,NA,NA,NA,NA,NA,NA,NA,16.59848976135254,0.0005122990696690977,0.36093897637306216,10,0.0,17,0.4117647058823529,337,1,28,1
NA,NA,NA,NA,NA,NA,NA,NA,NA,NA,34.518882751464844,0.001065397635102272,0.17820268455840002,27,0.0,35,0.9714285714285714,337,1,28,2
NA,NA,NA,NA,NA,NA,NA,NA,NA,NA,55.540653228759766,0.001714217709377408,0.4511397938704997,59,0.1864406779661017,56,1.1785714285714286,337,1,29,0
NA,NA,NA,NA,NA,NA,NA,NA,NA,NA,16.675533294677734,0.0005146769690327346,0.3219824221455839,14,0.0,17,0.6470588235294118,337,1,29,1
NA,NA,NA,NA,NA,NA,NA,NA,NA,NA,34.34117126464844,0.001059912727214396,0.1422416072477298,31,0.0,34,1.0294117647058822,337,1,29,2
NA,NA,NA,NA,NA,NA,NA,NA,NA,NA,53.16922378540039,0.001641025417484343,0.4044641099544649,51,0.0392156862745098,53,1.0754716981132075,337,1,30,0
NA,NA,NA,NA,NA,NA,NA,NA,NA,NA,16.582658767700195,0.00051181047456339,0.3060676599685637,18,0.0,17,0.5882352941176471,337,1,30,1
NA,NA,NA,NA,NA,NA,NA,NA,NA,NA,34.572364807128906,0.0010670482879504561,0.0920380003028459,28,0.0,35,1.0857142857142856,337,1,30,2
NA,NA,NA,NA,NA,NA,NA,NA,NA,NA,51.562965393066406,0.0015914496034383774,0.3666232295301958,43,0.023255813953488372,52,1.1730769230769231,337,1,31,0
NA,NA,NA,NA,NA,NA,NA,NA,NA,NA,16.63129234313965,0.0005133114755153656,0.1589372059919465,10,0.0,17,0.7647058823529411,337,1,31,1
NA,NA,NA,NA,NA,NA,NA,NA,NA,NA,35.24489212036133,0.0010878052562475204,0.07862755407456219,40,0.0,35,1.0571428571428572,337,1,31,2
NA,NA,NA,NA,NA,NA,NA,NA,NA,NA,49.475730895996094,0.0015270287403836846,0.3641569842267875,35,0.0,49,1.183673469387755,337,1,32,0
NA,NA,NA,NA,NA,NA,NA,NA,NA,NA,16.592247009277344,0.0005121064023114741,0.26105220412302776,13,0.0,17,0.7058823529411765,337,1,32,1
NA,NA,NA,NA,NA,NA,NA,NA,NA,NA,34.043006896972656,0.0010507100960239768,0.08727845933120303,35,0.0,34,1.0294117647058822,337,1,32,2
NA,NA,NA,NA,NA,NA,NA,NA,NA,NA,47.542381286621094,0.0014673573896288872,0.30030781403295354,43,0.06976744186046512,48,1.2083333333333333,337,1,33,0
NA,NA,NA,NA,NA,NA,NA,NA,NA,NA,16.556753158569336,0.0005110108759254217,0.15939054791638654,19,0.0,17,0.5882352941176471,337,1,33,1
NA,NA,NA,NA,NA,NA,NA,NA,NA,NA,33.80984878540039,0.0010435138829052448,0.08029486687653528,33,0.0,34,1.088235294117647,337,1,33,2
NA,NA,NA,NA,NA,NA,NA,NA,NA,NA,47.18239212036133,0.0014562467113137245,0.333115359134999,47,0.02127659574468085,47,1.2127659574468086,337,1,34,0
NA,NA,NA,NA,NA,NA,NA,NA,NA,NA,16.520490646362305,0.0005098916590213776,0.1159956743764184,14,0.0,17,0.6470588235294118,337,1,34,1
NA,NA,NA,NA,NA,NA,NA,NA,NA,NA,33.549564361572266,0.0010354804107919335,0.061514190302382,35,0.0,34,1.2058823529411764,337,1,34,2
NA,NA,NA,NA,NA,NA,NA,NA,NA,NA,48.261051177978516,0.0014895385829731822,0.42212812563335356,41,0.07317073170731707,48,1.2708333333333333,337,1,35,0
NA,NA,NA,NA,NA,NA,NA,NA,NA,NA,16.55626106262207,0.0005109956837259233,0.2107454182608854,13,0.0,17,0.7647058823529411,337,1,35,1
NA,NA,NA,NA,NA,NA,NA,NA,NA,NA,34.35166549682617,0.0010602365946397185,0.1608005718083768,34,0.0,34,1.1470588235294117,337,1,35,2
NA,NA,NA,NA,NA,NA,NA,NA,NA,NA,280.6230773925781,0.008661205880343914,0.6241105581898904,277,0.44765342960288806,281,0.9857651245551602,337,2,1,0
NA,NA,NA,NA,NA,NA,NA,NA,NA,NA,68.57209777832031,0.0021164228674024343,0.5599370868664877,76,0.4473684210526316,69,0.8985507246376812,337,2,1,1
NA,NA,NA,NA,NA,NA,NA,NA,NA,NA,107.43919372558594,0.003316024551168084,0.5525049062986759,98,0.21428571428571427,107,0.8317757009345794,337,2,1,2
NA,NA,NA,NA,NA,NA,NA,NA,NA,NA,226.94554138183594,0.007004491984844208,0.6039264784918392,242,0.43388429752066116,227,0.8810572687224669,337,2,2,0
NA,NA,NA,NA,NA,NA,NA,NA,NA,NA,48.381805419921875,0.0014932656195014715,0.4766044135077343,53,0.18867924528301888,48,0.6458333333333334,337,2,2,1
NA,NA,NA,NA,NA,NA,NA,NA,NA,NA,79.98426818847656,0.0024686502292752266,0.44523460973928075,90,0.2222222222222222,80,0.65,337,2,2,2
NA,NA,NA,NA,NA,NA,NA,NA,NA,NA,193.6548309326172,0.005977001041173935,0.5801377988809062,177,0.2937853107344633,194,0.8556701030927835,337,2,3,0
NA,NA,NA,NA,NA,NA,NA,NA,NA,NA,35.72500991821289,0.001102623762562871,0.4543728511424437,54,0.14814814814814814,36,0.6944444444444444,337,2,3,1
NA,NA,NA,NA,NA,NA,NA,NA,NA,NA,68.19384765625,0.002104748273268342,0.36192634004966673,67,0.07462686567164178,68,0.6764705882352942,337,2,3,2
NA,NA,NA,NA,NA,NA,NA,NA,NA,NA,159.15354919433594,0.004912146367132664,0.5458624074551542,160,0.2625,159,0.8930817610062893,337,2,4,0
NA,NA,NA,NA,NA,NA,NA,NA,NA,NA,34.08256149291992,0.0010519309435039759,0.43567652457123573,47,0.1276595744680851,34,0.7058823529411765,337,2,4,1
NA,NA,NA,NA,NA,NA,NA,NA,NA,NA,56.201805114746094,0.0017346235690638423,0.24225316529702645,66,0.030303030303030304,56,0.5357142857142857,337,2,4,2
NA,NA,NA,NA,NA,NA,NA,NA,NA,NA,139.6230010986328,0.004309352021664381,0.5303987206101782,154,0.2532467532467532,140,0.9428571428571428,337,2,5,0
NA,NA,NA,NA,NA,NA,NA,NA,NA,NA,26.79470443725586,0.0008269970421679318,0.31825806657295735,31,0.06451612903225806,27,0.6666666666666666,337,2,5,1
NA,NA,NA,NA,NA,NA,NA,NA,NA,NA,51.02226638793945,0.0015747613506391644,0.3439991085094957,47,0.0,51,0.5294117647058824,337,2,5,2
NA,NA,NA,NA,NA,NA,NA,NA,NA,NA,121.69792175292969,0.003756108693778515,0.5492293167064071,115,0.3652173913043478,122,0.860655737704918,337,2,6,0
NA,NA,NA,NA,NA,NA,NA,NA,NA,NA,24.82478904724121,0.0007661972194910049,0.33845366752177725,17,0.0,25,0.48,337,2,6,1
NA,NA,NA,NA,NA,NA,NA,NA,NA,NA,50.12189483642578,0.0015469720819965005,0.2591949567128156,49,0.061224489795918366,50,0.72,337,2,6,2
NA,NA,NA,NA,NA,NA,NA,NA,NA,NA,104.12725067138672,0.003213803982362151,0.5167241945145463,93,0.13978494623655913,104,0.9230769230769231,337,2,7,0
NA,NA,NA,NA,NA,NA,NA,NA,NA,NA,22.524303436279297,0.0006951945251785219,0.25322325284038216,28,0.03571428571428571,23,0.6086956521739131,337,2,7,1
NA,NA,NA,NA,NA,NA,NA,NA,NA,NA,46.81187438964844,0.0014448108850046992,0.3576073440744878,44,0.09090909090909091,47,0.7659574468085106,337,2,7,2
NA,NA,NA,NA,NA,NA,NA,NA,NA,NA,91.59102630615234,0.0028268834576010704,0.5175040625852373,94,0.1702127659574468,92,0.8804347826086957,337,2,8,0
NA,NA,NA,NA,NA,NA,NA,NA,NA,NA,22.687501907348633,0.0007002315251156688,0.40176485244882726,21,0.047619047619047616,23,0.9130434782608695,337,2,8,1
NA,NA,NA,NA,NA,NA,NA,NA,NA,NA,44.40373229980469,0.0013704855227842927,0.27067012307578175,59,0.0847457627118644,44,0.7727272727272727,337,2,8,2
NA,NA,NA,NA,NA,NA,NA,NA,NA,NA,81.15494537353516,0.002504782285541296,0.4497271026928007,91,0.23076923076923078,81,0.8641975308641975,337,2,9,0
NA,NA,NA,NA,NA,NA,NA,NA,NA,NA,19.879581451416016,0.0006135673029348254,0.22321673872690684,24,0.0,20,0.6,337,2,9,1
NA,NA,NA,NA,NA,NA,NA,NA,NA,NA,40.585994720458984,0.001252654124982655,0.17156174822593687,38,0.05263157894736842,41,0.7560975609756098,337,2,9,2
NA,NA,NA,NA,NA,NA,NA,NA,NA,NA,73.23104858398438,0.0022602174431085587,0.3896475046618225,72,0.1527777777777778,73,0.8904109589041096,337,2,10,0
NA,NA,NA,NA,NA,NA,NA,NA,NA,NA,18.417978286743164,0.0005684561328962445,0.48401677419106304,21,0.0,18,0.3888888888888889,337,2,10,1
NA,NA,NA,NA,NA,NA,NA,NA,NA,NA,39.68822479248047,0.0012249451829120517,0.2157005524616422,39,0.0,40,0.9,337,2,10,2
NA,NA,NA,NA,NA,NA,NA,NA,NA,NA,68.4806137084961,0.0021135990973562002,0.40792807214510457,67,0.11940298507462686,68,0.8382352941176471,337,2,11,0
NA,NA,NA,NA,NA,NA,NA,NA,NA,NA,18.27891731262207,0.0005641641328111291,0.6023957623646329,19,0.0,18,0.6666666666666666,337,2,11,1
NA,NA,NA,NA,NA,NA,NA,NA,NA,NA,37.27647018432617,0.001150508294813335,0.14782797145800503,42,0.0,37,0.7567567567567568,337,2,11,2
NA,NA,NA,NA,NA,NA,NA,NA,NA,NA,62.001461029052734,0.0019136253977194428,0.38322474742602264,59,0.1016949152542373,62,0.8709677419354839,337,2,12,0
NA,NA,NA,NA,NA,NA,NA,NA,NA,NA,17.717973709106445,0.0005468510207720101,0.512782412263566,21,0.0,18,0.6666666666666666,337,2,12,1
NA,NA,NA,NA,NA,NA,NA,NA,NA,NA,37.40726089477539,0.0011545451125130057,0.32159353914447897,30,0.0,37,0.8648648648648649,337,2,12,2
NA,NA,NA,NA,NA,NA,NA,NA,NA,NA,57.335941314697266,0.0017696277936920524,0.43809881948137974,48,0.0625,57,0.8245614035087719,337,2,13,0
NA,NA,NA,NA,NA,NA,NA,NA,NA,NA,17.30219268798828,0.0005340182688087225,0.3520013060497519,10,0.0,17,0.5294117647058824,337,2,13,1
NA,NA,NA,NA,NA,NA,NA,NA,NA,NA,37.212703704833984,0.0011485402937978506,0.21293747164825305,40,0.0,37,1.027027027027027,337,2,13,2
NA,NA,NA,NA,NA,NA,NA,NA,NA,NA,56.207763671875,0.0017348075052723289,0.5299182605517518,62,0.11290322580645161,56,0.9821428571428571,337,2,14,0
NA,NA,NA,NA,NA,NA,NA,NA,NA,NA,17.334007263183594,0.0005350002320483327,0.43272483778444015,18,0.0,17,0.8235294117647058,337,2,14,1
NA,NA,NA,NA,NA,NA,NA,NA,NA,NA,35.65906524658203,0.0011005884734913707,0.2567796777858977,28,0.0,36,1.1111111111111112,337,2,14,2
NA,NA,NA,NA,NA,NA,NA,NA,NA,NA,52.0989875793457,0.001607993501238525,0.48508807100793805,60,0.11666666666666667,52,1.0,337,2,15,0
NA,NA,NA,NA,NA,NA,NA,NA,NA,NA,16.857038497924805,0.0005202789907343686,0.2609460805860015,19,0.0,17,0.47058823529411764,337,2,15,1
NA,NA,NA,NA,NA,NA,NA,NA,NA,NA,35.448204040527344,0.0010940803913399577,0.3349519379252392,32,0.0,35,1.0285714285714285,337,2,15,2
NA,NA,NA,NA,NA,NA,NA,NA,NA,NA,48.672882080078125,0.001502249389886856,0.44518521627347296,53,0.11320754716981132,49,1.0204081632653061,337,2,16,0
NA,NA,NA,NA,NA,NA,NA,NA,NA,NA,16.636505126953125,0.0005134723614901304,0.21801775670568313,15,0.0,17,0.47058823529411764,337,2,16,1
NA,NA,NA,NA,NA,NA,NA,NA,NA,NA,34.49685287475586,0.001064717653207481,0.26531551424480493,38,0.02631578947368421,34,1.088235294117647,337,2,16,2
NA,NA,NA,NA,NA,NA,NA,NA,NA,NA,49.34381866455078,0.0015229573473334312,0.4218452426308829,54,0.07407407407407407,49,1.2448979591836735,337,2,17,0
NA,NA,NA,NA,NA,NA,NA,NA,NA,NA,16.79043197631836,0.0005182232125662267,0.22939244192570377,19,0.0,17,0.6470588235294118,337,2,17,1
NA,NA,NA,NA,NA,NA,NA,NA,NA,NA,35.17662048339844,0.001085698138922453,0.19774932792300104,33,0.06060606060606061,35,1.0857142857142856,337,2,17,2
NA,NA,NA,NA,NA,NA,NA,NA,NA,NA,47.36028289794922,0.0014617370907217264,0.39776408204929514,48,0.041666666666666664,47,1.3404255319148937,337,2,18,0
NA,NA,NA,NA,NA,NA,NA,NA,NA,NA,16.530481338500977,0.0005102000432088971,0.25937910024189714,26,0.0,17,0.6470588235294118,337,2,18,1
NA,NA,NA,NA,NA,NA,NA,NA,NA,NA,34.11275100708008,0.0010528627317398787,0.15266882741836468,34,0.0,34,1.1176470588235294,337,2,18,2
NA,NA,NA,NA,NA,NA,NA,NA,NA,NA,46.62101364135742,0.0014389201533049345,0.3960143873228791,42,0.047619047619047616,47,1.297872340425532,337,2,19,0
NA,NA,NA,NA,NA,NA,NA,NA,NA,NA,16.459400177001953,0.0005080061964690685,0.18090181326760305,17,0.0,16,0.5,337,2,19,1
NA,NA,NA,NA,NA,NA,NA,NA,NA,NA,33.737728118896484,0.001041287905536592,0.12941811316974478,34,0.0,34,1.1176470588235294,337,2,19,2
NA,NA,NA,NA,NA,NA,NA,NA,NA,NA,45.08793640136719,0.001391603029333055,0.34851223009789273,51,0.0784313725490196,45,1.3111111111111111,337,2,20,0
NA,NA,NA,NA,NA,NA,NA,NA,NA,NA,16.43069839477539,0.0005071203340776265,0.19377996259419852,12,0.0,16,0.4375,337,2,20,1
NA,NA,NA,NA,NA,NA,NA,NA,NA,NA,33.72584915161133,0.001040921313688159,0.1024291873588935,23,0.0,34,1.0294117647058822,337,2,20,2
NA,NA,NA,NA,NA,NA,NA,NA,NA,NA,46.91989517211914,0.0014481449034065008,0.4888355581152152,37,0.10810810810810811,47,1.3191489361702127,337,2,21,0
NA,NA,NA,NA,NA,NA,NA,NA,NA,NA,16.442995071411133,0.0005074998480267823,0.3634046615064096,14,0.0,16,0.6875,337,2,21,1
NA,NA,NA,NA,NA,NA,NA,NA,NA,NA,34.05376434326172,0.0010510421125218272,0.32913407119447735,24,0.0,34,1.1764705882352942,337,2,21,2
NA,NA,NA,NA,NA,NA,NA,NA,NA,NA,45.07422637939453,0.0013911798596382141,0.4568870872989337,45,0.1111111111111111,45,1.3333333333333333,337,2,22,0
NA,NA,NA,NA,NA,NA,NA,NA,NA,NA,16.359275817871094,0.0005049158935435116,0.32759551442069673,10,0.0,16,0.6875,337,2,22,1
NA,NA,NA,NA,NA,NA,NA,NA,NA,NA,33.85369110107422,0.0010448669781908393,0.2836130274186724,36,0.05555555555555555,34,1.1764705882352942,337,2,22,2
NA,NA,NA,NA,NA,NA,NA,NA,NA,NA,45.0628776550293,0.0013908295659348369,0.5195911931820797,42,0.023809523809523808,45,1.2666666666666666,337,2,23,0
NA,NA,NA,NA,NA,NA,NA,NA,NA,NA,16.38491439819336,0.0005057072266936302,0.38566727278479196,18,0.0,16,0.6875,337,2,23,1
NA,NA,NA,NA,NA,NA,NA,NA,NA,NA,34.4246711730957,0.0010624898131936789,0.30372618888020353,34,0.0,34,1.088235294117647,337,2,23,2
NA,NA,NA,NA,NA,NA,NA,NA,NA,NA,45.36898422241211,0.0014002772513777018,0.5760915607805748,32,0.1875,45,1.3111111111111111,337,2,24,0
NA,NA,NA,NA,NA,NA,NA,NA,NA,NA,16.410860061645508,0.0005065080476924777,0.3605382890001508,16,0.0,16,0.6875,337,2,24,1
NA,NA,NA,NA,NA,NA,NA,NA,NA,NA,34.61640930175781,0.0010684076696634293,0.33182284124015277,37,0.02702702702702703,35,1.2285714285714286,337,2,24,2
NA,NA,NA,NA,NA,NA,NA,NA,NA,NA,45.32322311401367,0.0013988649006932974,0.566443821989937,54,0.12962962962962962,45,1.3777777777777778,337,2,25,0
NA,NA,NA,NA,NA,NA,NA,NA,NA,NA,16.32278823852539,0.0005037897499278188,0.3267573552881211,15,0.0,16,0.625,337,2,25,1
NA,NA,NA,NA,NA,NA,NA,NA,NA,NA,33.801116943359375,0.0010432443814352155,0.35867720190460756,43,0.023255813953488372,34,1.1470588235294117,337,2,25,2
NA,NA,NA,NA,NA,NA,NA,NA,NA,NA,44.711143493652344,0.0013799736043438315,0.5439664803553944,45,0.06666666666666667,45,1.3111111111111111,337,2,26,0
NA,NA,NA,NA,NA,NA,NA,NA,NA,NA,16.285388946533203,0.0005026354338042438,0.25004569966435797,9,0.0,16,0.6875,337,2,26,1
NA,NA,NA,NA,NA,NA,NA,NA,NA,NA,33.870513916015625,0.0010453861905261874,0.20718769150968575,32,0.0,34,1.2941176470588236,337,2,26,2
NA,NA,NA,NA,NA,NA,NA,NA,NA,NA,44.2376594543457,0.0013653598725795746,0.532817890190126,40,0.05,44,1.4318181818181819,337,2,27,0
NA,NA,NA,NA,NA,NA,NA,NA,NA,NA,16.271373748779297,0.0005022028926759958,0.3489775043003499,14,0.0,16,0.8125,337,2,27,1
NA,NA,NA,NA,NA,NA,NA,NA,NA,NA,34.2939338684082,0.0010584547417238355,0.35450236408790403,35,0.02857142857142857,34,1.3235294117647058,337,2,27,2
NA,NA,NA,NA,NA,NA,NA,NA,NA,NA,43.28166961669922,0.0013358539436012506,0.4863675799161793,39,0.05128205128205128,43,1.441860465116279,337,2,28,0
NA,NA,NA,NA,NA,NA,NA,NA,NA,NA,16.23630142211914,0.0005011204048059881,0.27902748829349194,24,0.0,16,0.6875,337,2,28,1
NA,NA,NA,NA,NA,NA,NA,NA,NA,NA,33.830665588378906,0.0010441563790664077,0.312609865692654,33,0.030303030303030304,34,1.2352941176470589,337,2,28,2
NA,NA,NA,NA,NA,NA,NA,NA,NA,NA,42.957950592041016,0.0013258627150207758,0.4893139606779935,51,0.058823529411764705,43,1.372093023255814,337,2,29,0
NA,NA,NA,NA,NA,NA,NA,NA,NA,NA,16.258750915527344,0.000501813308801502,0.28057158126243975,9,0.0,16,0.8125,337,2,29,1
NA,NA,NA,NA,NA,NA,NA,NA,NA,NA,33.817100524902344,0.0010437376331537962,0.2887064006996302,29,0.034482758620689655,34,1.2058823529411764,337,2,29,2
NA,NA,NA,NA,NA,NA,NA,NA,NA,NA,45.786746978759766,0.0014131711795926094,0.642148907575806,44,0.06818181818181818,46,1.434782608695652,337,2,30,0
NA,NA,NA,NA,NA,NA,NA,NA,NA,NA,16.424779891967773,0.00050693767843768,0.46096271047533643,20,0.0,16,1.0,337,2,30,1
NA,NA,NA,NA,NA,NA,NA,NA,NA,NA,35.093162536621094,0.0010831223335117102,0.4204578097629982,32,0.03125,35,1.1714285714285715,337,2,30,2
NA,NA,NA,NA,NA,NA,NA,NA,NA,NA,43.244686126708984,0.0013347124913707376,0.4714998149117816,51,0.0392156862745098,43,1.372093023255814,337,2,31,0
NA,NA,NA,NA,NA,NA,NA,NA,NA,NA,16.218162536621094,0.0005005605635233223,0.23597881273225907,19,0.0,16,0.625,337,2,31,1
NA,NA,NA,NA,NA,NA,NA,NA,NA,NA,33.57936477661133,0.0010364000918343663,0.3675442855685273,41,0.04878048780487805,34,1.2058823529411764,337,2,31,2
NA,NA,NA,NA,NA,NA,NA,NA,NA,NA,43.02342987060547,0.0013278836850076914,0.5022369046491904,45,0.06666666666666667,43,1.441860465116279,337,2,32,0
NA,NA,NA,NA,NA,NA,NA,NA,NA,NA,16.26753044128418,0.0005020842654630542,0.24203751506584614,11,0.0,16,0.75,337,2,32,1
NA,NA,NA,NA,NA,NA,NA,NA,NA,NA,33.71833801269531,0.0010406894143670797,0.21464357810595328,29,0.034482758620689655,34,1.2058823529411764,337,2,32,2
NA,NA,NA,NA,NA,NA,NA,NA,NA,NA,44.28185272216797,0.001366723794490099,0.5441798063551121,39,0.1282051282051282,44,1.4090909090909092,337,2,33,0
NA,NA,NA,NA,NA,NA,NA,NA,NA,NA,16.42098617553711,0.0005068205646239221,0.43324513680329185,11,0.0,16,1.0625,337,2,33,1
NA,NA,NA,NA,NA,NA,NA,NA,NA,NA,34.2345085144043,0.0010566206183284521,0.33043386278261894,40,0.05,34,1.088235294117647,337,2,33,2
NA,NA,NA,NA,NA,NA,NA,NA,NA,NA,43.33667755126953,0.0013375517446547747,0.5298634783599555,38,0.0,43,1.3488372093023255,337,2,34,0
NA,NA,NA,NA,NA,NA,NA,NA,NA,NA,16.263813018798828,0.0005019695381633937,0.23612643795654129,14,0.0,16,0.875,337,2,34,1
NA,NA,NA,NA,NA,NA,NA,NA,NA,NA,33.9906120300293,0.0010490929707884789,0.20271755811389985,35,0.0,34,1.2058823529411764,337,2,34,2
NA,NA,NA,NA,NA,NA,NA,NA,NA,NA,43.23231887817383,0.0013343308819457889,0.46938976305125774,44,0.022727272727272728,43,1.4883720930232558,337,2,35,0
NA,NA,NA,NA,NA,NA,NA,NA,NA,NA,16.239946365356445,0.0005012329202145338,0.27302792775634305,13,0.0,16,0.875,337,2,35,1
NA,NA,NA,NA,NA,NA,NA,NA,NA,NA,33.052032470703125,0.001020124414935708,0.3407455689358358,42,0.0,33,1.121212121212121,337,2,35,2
NA,NA,NA,NA,NA,NA,NA,NA,NA,NA,297.3197937011719,0.009176536463201046,0.6592168411455237,296,0.49324324324324326,297,1.063973063973064,337,3,1,0
NA,NA,NA,NA,NA,NA,NA,NA,NA,NA,59.04890823364258,0.0018224971136078238,0.5038151739242761,70,0.2714285714285714,59,0.7457627118644068,337,3,1,1
NA,NA,NA,NA,NA,NA,NA,NA,NA,NA,108.98654174804688,0.003363782074302435,0.4896803046552772,102,0.28431372549019607,109,0.7522935779816514,337,3,1,2
NA,NA,NA,NA,NA,NA,NA,NA,NA,NA,234.4354248046875,0.007235661149024963,0.5980395799858425,235,0.4,234,1.0256410256410255,337,3,2,0
NA,NA,NA,NA,NA,NA,NA,NA,NA,NA,36.76744842529297,0.0011347978143021464,0.4459203924444856,35,0.0,37,0.5675675675675675,337,3,2,1
NA,NA,NA,NA,NA,NA,NA,NA,NA,NA,79.89662170410156,0.002465945202857256,0.4159605454962278,75,0.14666666666666667,80,0.75,337,3,2,2
NA,NA,NA,NA,NA,NA,NA,NA,NA,NA,195.60386657714844,0.006037156563252211,0.5533978882826938,195,0.3384615384615385,196,0.9897959183673469,337,3,3,0
NA,NA,NA,NA,NA,NA,NA,NA,NA,NA,31.725210189819336,0.000979173113591969,0.4915032833182626,26,0.038461538461538464,32,0.53125,337,3,3,1
NA,NA,NA,NA,NA,NA,NA,NA,NA,NA,65.54965209960938,0.0020231374073773623,0.32543690690100685,74,0.14864864864864866,66,0.6666666666666666,337,3,3,2
NA,NA,NA,NA,NA,NA,NA,NA,NA,NA,164.3326416015625,0.005071995314210653,0.5250104220968247,146,0.3219178082191781,164,0.9085365853658537,337,3,4,0
NA,NA,NA,NA,NA,NA,NA,NA,NA,NA,26.292526245117188,0.0008114977390505373,0.42389044939572845,27,0.0,26,0.2692307692307692,337,3,4,1
NA,NA,NA,NA,NA,NA,NA,NA,NA,NA,57.241764068603516,0.0017667211359366775,0.3021572970321118,69,0.043478260869565216,57,0.6140350877192983,337,3,4,2
NA,NA,NA,NA,NA,NA,NA,NA,NA,NA,145.35572814941406,0.004486287944018841,0.5245505758831488,134,0.40298507462686567,145,0.9448275862068966,337,3,5,0
NA,NA,NA,NA,NA,NA,NA,NA,NA,NA,23.644039154052734,0.0007297542761079967,0.4964142626414895,25,0.0,24,0.4166666666666667,337,3,5,1
NA,NA,NA,NA,NA,NA,NA,NA,NA,NA,57.737937927246094,0.0017820351058617234,0.34205488324340944,60,0.06666666666666667,58,0.7413793103448276,337,3,5,2
NA,NA,NA,NA,NA,NA,NA,NA,NA,NA,126.6455307006836,0.0039088125340640545,0.5131928304306075,116,0.2672413793103448,127,0.889763779527559,337,3,6,0
NA,NA,NA,NA,NA,NA,NA,NA,NA,NA,22.372554779052734,0.0006905109621584415,0.4119230443525456,26,0.0,22,0.2727272727272727,337,3,6,1
NA,NA,NA,NA,NA,NA,NA,NA,NA,NA,50.56895446777344,0.001560770208016038,0.33628644107941225,54,0.07407407407407407,51,0.7254901960784313,337,3,6,2
NA,NA,NA,NA,NA,NA,NA,NA,NA,NA,109.85372924804688,0.0033905471209436655,0.494734450110184,106,0.2830188679245283,110,0.8727272727272727,337,3,7,0
NA,NA,NA,NA,NA,NA,NA,NA,NA,NA,21.175140380859375,0.0006535536958836019,0.18047885082125714,14,0.0,21,0.2857142857142857,337,3,7,1
NA,NA,NA,NA,NA,NA,NA,NA,NA,NA,46.02602767944336,0.0014205564511939883,0.2598249743651541,51,0.0784313725490196,46,0.6521739130434783,337,3,7,2
NA,NA,NA,NA,NA,NA,NA,NA,NA,NA,100.11363220214844,0.003089926904067397,0.5113906519344429,94,0.2553191489361702,100,0.94,337,3,8,0
NA,NA,NA,NA,NA,NA,NA,NA,NA,NA,20.271942138671875,0.0006256772321648896,0.24363394322430615,19,0.0,20,0.3,337,3,8,1
NA,NA,NA,NA,NA,NA,NA,NA,NA,NA,46.30282974243164,0.0014290997060015798,0.2886514221647709,43,0.09302325581395349,46,0.6739130434782609,337,3,8,2
NA,NA,NA,NA,NA,NA,NA,NA,NA,NA,89.34732818603516,0.0027576335705816746,0.4994648270421513,92,0.1956521739130435,89,0.9438202247191011,337,3,9,0
NA,NA,NA,NA,NA,NA,NA,NA,NA,NA,19.47610855102539,0.00060111447237432,0.21092105486681476,17,0.0,19,0.3157894736842105,337,3,9,1
NA,NA,NA,NA,NA,NA,NA,NA,NA,NA,42.69883728027344,0.0013178653316572309,0.2632453548103083,53,0.0,43,0.6511627906976745,337,3,9,2
NA,NA,NA,NA,NA,NA,NA,NA,NA,NA,85.2021255493164,0.002629695227369666,0.48354546721658276,94,0.2765957446808511,85,0.8941176470588236,337,3,10,0
NA,NA,NA,NA,NA,NA,NA,NA,NA,NA,19.019792556762695,0.0005870306631550193,0.3666180337031084,9,0.0,19,0.3684210526315789,337,3,10,1
NA,NA,NA,NA,NA,NA,NA,NA,NA,NA,42.68672561645508,0.0013174915220588446,0.2149361056652057,44,0.06818181818181818,43,0.7906976744186046,337,3,10,2
NA,NA,NA,NA,NA,NA,NA,NA,NA,NA,78.07841491699219,0.0024098276626318693,0.4569398299795371,81,0.18518518518518517,78,0.9358974358974359,337,3,11,0
NA,NA,NA,NA,NA,NA,NA,NA,NA,NA,18.410110473632812,0.0005682132905349135,0.3180233055350572,23,0.0,18,0.3333333333333333,337,3,11,1
NA,NA,NA,NA,NA,NA,NA,NA,NA,NA,38.84028625488281,0.0011987743200734258,0.2807940008925755,42,0.0,39,0.7435897435897436,337,3,11,2
NA,NA,NA,NA,NA,NA,NA,NA,NA,NA,74.90853118896484,0.002311991760507226,0.44090461921888724,97,0.21649484536082475,75,0.9333333333333333,337,3,12,0
NA,NA,NA,NA,NA,NA,NA,NA,NA,NA,18.01348876953125,0.0005559718701988459,0.2136048183321613,18,0.0,18,0.1111111111111111,337,3,12,1
NA,NA,NA,NA,NA,NA,NA,NA,NA,NA,39.18195724487305,0.0012093196855857968,0.21855360832070544,40,0.05,39,0.7435897435897436,337,3,12,2
NA,NA,NA,NA,NA,NA,NA,NA,NA,NA,66.14459228515625,0.0020414998289197683,0.4254073926773801,60,0.11666666666666667,66,0.8939393939393939,337,3,13,0
NA,NA,NA,NA,NA,NA,NA,NA,NA,NA,17.53436279296875,0.0005411840393207967,0.3228714765262439,9,0.0,18,0.3333333333333333,337,3,13,1
NA,NA,NA,NA,NA,NA,NA,NA,NA,NA,38.77450180053711,0.0011967439204454422,0.4426349398752273,30,0.03333333333333333,39,0.7948717948717948,337,3,13,2
NA,NA,NA,NA,NA,NA,NA,NA,NA,NA,61.79305648803711,0.0019071931019425392,0.4246680908537792,62,0.12903225806451613,62,0.9193548387096774,337,3,14,0
NA,NA,NA,NA,NA,NA,NA,NA,NA,NA,17.225988388061523,0.0005316663300618529,0.310474418621884,18,0.0,17,0.23529411764705882,337,3,14,1
NA,NA,NA,NA,NA,NA,NA,NA,NA,NA,38.671966552734375,0.001193579169921577,0.5293001860223189,33,0.06060606060606061,39,0.9230769230769231,337,3,14,2
NA,NA,NA,NA,NA,NA,NA,NA,NA,NA,57.22877502441406,0.0017663202015683055,0.4513617222591898,61,0.06557377049180328,57,0.9649122807017544,337,3,15,0
NA,NA,NA,NA,NA,NA,NA,NA,NA,NA,17.21137237548828,0.0005312152206897736,0.2897515964374744,8,0.0,17,0.6470588235294118,337,3,15,1
NA,NA,NA,NA,NA,NA,NA,NA,NA,NA,35.725746154785156,0.0011026464635506272,0.32932786244640283,44,0.0,36,0.7222222222222222,337,3,15,2
NA,NA,NA,NA,NA,NA,NA,NA,NA,NA,53.16366195678711,0.0016408538212999701,0.434052794231349,53,0.07547169811320754,53,0.9433962264150944,337,3,16,0
NA,NA,NA,NA,NA,NA,NA,NA,NA,NA,17.050762176513672,0.0005262580816633999,0.3786144051509357,19,0.0,17,0.7058823529411765,337,3,16,1
NA,NA,NA,NA,NA,NA,NA,NA,NA,NA,35.22874069213867,0.0010873067658394575,0.31807873949828924,34,0.058823529411764705,35,0.9714285714285714,337,3,16,2
NA,NA,NA,NA,NA,NA,NA,NA,NA,NA,50.059295654296875,0.0015450399369001389,0.5237300499486504,40,0.025,50,0.94,337,3,17,0
NA,NA,NA,NA,NA,NA,NA,NA,NA,NA,17.018945693969727,0.0005252761184237897,0.2566042757429673,17,0.0,17,0.6470588235294118,337,3,17,1
NA,NA,NA,NA,NA,NA,NA,NA,NA,NA,36.35572052001953,0.0011220901506021619,0.27845992571845846,44,0.045454545454545456,36,1.1666666666666667,337,3,17,2
NA,NA,NA,NA,NA,NA,NA,NA,NA,NA,45.276268005371094,0.0013974156463518739,0.47508559732102196,44,0.06818181818181818,45,1.0444444444444445,337,3,18,0
NA,NA,NA,NA,NA,NA,NA,NA,NA,NA,16.757158279418945,0.0005171962548047304,0.37069797893020345,17,0.0,17,0.7647058823529411,337,3,18,1
NA,NA,NA,NA,NA,NA,NA,NA,NA,NA,33.643795013427734,0.001038388698361814,0.19994218521769608,29,0.0,34,1.1764705882352942,337,3,18,2
NA,NA,NA,NA,NA,NA,NA,NA,NA,NA,42.49222183227539,0.001311488333158195,0.37998110048514117,47,0.06382978723404255,42,1.0952380952380953,337,3,19,0
NA,NA,NA,NA,NA,NA,NA,NA,NA,NA,16.562511444091797,0.0005111886421218514,0.36071516408467885,16,0.0,17,0.6470588235294118,337,3,19,1
NA,NA,NA,NA,NA,NA,NA,NA,NA,NA,32.705970764160156,0.0010094435419887304,0.23275041394891233,37,0.0,33,1.1818181818181819,337,3,19,2
NA,NA,NA,NA,NA,NA,NA,NA,NA,NA,41.73752975463867,0.0012881953734904528,0.3688315957871963,38,0.02631578947368421,42,1.1428571428571428,337,3,20,0
NA,NA,NA,NA,NA,NA,NA,NA,NA,NA,16.520109176635742,0.000509879901073873,0.38254168678752093,9,0.0,17,0.8823529411764706,337,3,20,1
NA,NA,NA,NA,NA,NA,NA,NA,NA,NA,32.847835540771484,0.0010138220386579633,0.19392330414144487,29,0.0,33,1.303030303030303,337,3,20,2
NA,NA,NA,NA,NA,NA,NA,NA,NA,NA,41.18444061279297,0.0012711246963590384,0.3257296734916454,40,0.05,41,1.146341463414634,337,3,21,0
NA,NA,NA,NA,NA,NA,NA,NA,NA,NA,16.4220027923584,0.0005068519385531545,0.2010977074360243,26,0.0,16,0.9375,337,3,21,1
NA,NA,NA,NA,NA,NA,NA,NA,NA,NA,33.12080383300781,0.0010222470154985785,0.12148714070083218,41,0.0,33,1.2424242424242424,337,3,21,2
NA,NA,NA,NA,NA,NA,NA,NA,NA,NA,42.32660675048828,0.001306376769207418,0.35269318374936565,39,0.1282051282051282,42,1.1428571428571428,337,3,22,0
NA,NA,NA,NA,NA,NA,NA,NA,NA,NA,16.40563201904297,0.0005063466960564256,0.35451068651238654,12,0.0,16,1.0625,337,3,22,1
NA,NA,NA,NA,NA,NA,NA,NA,NA,NA,33.111297607421875,0.0010219536488875747,0.11015527889000112,42,0.0,33,1.303030303030303,337,3,22,2
NA,NA,NA,NA,NA,NA,NA,NA,NA,NA,43.004188537597656,0.0013272897340357304,0.5554658451384371,44,0.1590909090909091,43,1.186046511627907,337,3,23,0
NA,NA,NA,NA,NA,NA,NA,NA,NA,NA,16.45822525024414,0.0005079699330963194,0.3038739908683603,18,0.0,16,1.125,337,3,23,1
NA,NA,NA,NA,NA,NA,NA,NA,NA,NA,33.21227264404297,0.0010250700870528817,0.3216617857446033,32,0.03125,33,1.1515151515151516,337,3,23,2
NA,NA,NA,NA,NA,NA,NA,NA,NA,NA,41.329776763916016,0.0012756104115396738,0.4493883316910405,34,0.08823529411764706,41,1.024390243902439,337,3,24,0
NA,NA,NA,NA,NA,NA,NA,NA,NA,NA,16.296052932739258,0.0005029645981267095,0.22601063852974584,21,0.0,16,1.0,337,3,24,1
NA,NA,NA,NA,NA,NA,NA,NA,NA,NA,34.25172424316406,0.0010571519378572702,0.36672052135348343,47,0.02127659574468085,34,1.1764705882352942,337,3,24,2
NA,NA,NA,NA,NA,NA,NA,NA,NA,NA,43.77452850341797,0.0013510657008737326,0.5260989220825117,41,0.0975609756097561,44,1.25,337,3,25,0
NA,NA,NA,NA,NA,NA,NA,NA,NA,NA,16.27920150756836,0.0005024445126764476,0.13420406031026996,12,0.0,16,0.5625,337,3,25,1
NA,NA,NA,NA,NA,NA,NA,NA,NA,NA,35.66357421875,0.0011007275898009539,0.48631117383228895,37,0.0,36,1.3055555555555556,337,3,25,2
NA,NA,NA,NA,NA,NA,NA,NA,NA,NA,40.796539306640625,0.0012591524282470345,0.36423572608003657,47,0.02127659574468085,41,0.9512195121951219,337,3,26,0
NA,NA,NA,NA,NA,NA,NA,NA,NA,NA,16.25617027282715,0.0005017336225137115,0.18307144509876444,17,0.0,16,0.625,337,3,26,1
NA,NA,NA,NA,NA,NA,NA,NA,NA,NA,34.865936279296875,0.0010761091252788901,0.45678741980412024,28,0.03571428571428571,35,1.2857142857142858,337,3,26,2
NA,NA,NA,NA,NA,NA,NA,NA,NA,NA,42.088897705078125,0.0012990400427952409,0.5284762678619357,44,0.045454545454545456,42,1.1904761904761905,337,3,27,0
NA,NA,NA,NA,NA,NA,NA,NA,NA,NA,16.441423416137695,0.0005074513610452414,0.5132511925823487,12,0.0,16,1.3125,337,3,27,1
NA,NA,NA,NA,NA,NA,NA,NA,NA,NA,33.26665496826172,0.0010267485631629825,0.45280556709408404,30,0.0,33,1.2121212121212122,337,3,27,2
NA,NA,NA,NA,NA,NA,NA,NA,NA,NA,41.67421340942383,0.001286241109482944,0.37970095385360125,41,0.0,42,1.119047619047619,337,3,28,0
NA,NA,NA,NA,NA,NA,NA,NA,NA,NA,16.354660034179688,0.0005047734593972564,0.2860949508540479,15,0.0,16,1.0,337,3,28,1
NA,NA,NA,NA,NA,NA,NA,NA,NA,NA,32.92382049560547,0.0010161673417314887,0.18230787933103948,40,0.0,33,1.2424242424242424,337,3,28,2
NA,NA,NA,NA,NA,NA,NA,NA,NA,NA,41.636924743652344,0.001285090227611363,0.3511198103177392,33,0.0,42,1.0476190476190477,337,3,29,0
NA,NA,NA,NA,NA,NA,NA,NA,NA,NA,16.39649772644043,0.0005060647381469607,0.12864236934612414,28,0.0,16,0.875,337,3,29,1
NA,NA,NA,NA,NA,NA,NA,NA,NA,NA,33.26763153076172,0.0010267787147313356,0.10360936183223021,36,0.0,33,1.3333333333333333,337,3,29,2
NA,NA,NA,NA,NA,NA,NA,NA,NA,NA,41.55653381347656,0.0012826090678572655,0.4237338394957297,38,0.05263157894736842,42,1.119047619047619,337,3,30,0
NA,NA,NA,NA,NA,NA,NA,NA,NA,NA,16.351882934570312,0.0005046877195127308,0.26376591968362495,16,0.0,16,1.0,337,3,30,1
NA,NA,NA,NA,NA,NA,NA,NA,NA,NA,33.155723571777344,0.0010233247885480523,0.15659622359987307,35,0.0,33,1.2424242424242424,337,3,30,2
NA,NA,NA,NA,NA,NA,NA,NA,NA,NA,41.48689270019531,0.0012804596917703748,0.4335260736475003,35,0.02857142857142857,41,1.3170731707317074,337,3,31,0
NA,NA,NA,NA,NA,NA,NA,NA,NA,NA,16.344905853271484,0.0005044724093750119,0.36825506624238274,20,0.0,16,1.125,337,3,31,1
NA,NA,NA,NA,NA,NA,NA,NA,NA,NA,32.59647750854492,0.0010060641216114163,0.44409736736432937,30,0.0,33,1.1818181818181819,337,3,31,2
NA,NA,NA,NA,NA,NA,NA,NA,NA,NA,41.14847946166992,0.0012700147926807404,0.42052748499283776,39,0.05128205128205128,41,1.2682926829268293,337,3,32,0
NA,NA,NA,NA,NA,NA,NA,NA,NA,NA,16.31918716430664,0.000503678631503135,0.25598596609807905,23,0.0,16,0.9375,337,3,32,1
NA,NA,NA,NA,NA,NA,NA,NA,NA,NA,32.625205993652344,0.001006950857117772,0.2522009802717679,36,0.0,33,1.1515151515151516,337,3,32,2
NA,NA,NA,NA,NA,NA,NA,NA,NA,NA,41.124122619628906,0.0012692630989477038,0.4047189115710116,49,0.04081632653061224,41,1.0975609756097562,337,3,33,0
NA,NA,NA,NA,NA,NA,NA,NA,NA,NA,16.358417510986328,0.000504889409057796,0.35973372024821576,14,0.0,16,1.0,337,3,33,1
NA,NA,NA,NA,NA,NA,NA,NA,NA,NA,32.65468215942383,0.0010078605264425278,0.2442674638754026,47,0.0,33,1.1818181818181819,337,3,33,2
NA,NA,NA,NA,NA,NA,NA,NA,NA,NA,40.74958038330078,0.0012577030574902892,0.37913583095249753,48,0.020833333333333332,41,1.1219512195121952,337,3,34,0
NA,NA,NA,NA,NA,NA,NA,NA,NA,NA,16.323719024658203,0.00050381850451231,0.34291690981113704,11,0.0,16,1.1875,337,3,34,1
NA,NA,NA,NA,NA,NA,NA,NA,NA,NA,32.517608642578125,0.0010036298772320151,0.2716270545653902,32,0.0,33,1.1515151515151516,337,3,34,2
NA,NA,NA,NA,NA,NA,NA,NA,NA,NA,40.75065612792969,0.0012577363522723317,0.41331270230809897,46,0.021739130434782608,41,1.2439024390243902,337,3,35,0
NA,NA,NA,NA,NA,NA,NA,NA,NA,NA,16.314727783203125,0.0005035409703850746,0.33293764168414525,19,0.0,16,1.1875,337,3,35,1
NA,NA,NA,NA,NA,NA,NA,NA,NA,NA,32.43409729003906,0.0010010524420067668,0.341592482739069,36,0.0,32,1.03125,337,3,35,2
0.8407407407407408,270,1.1986754966887416,302,1.1733870967741935,248,1.3,460,0.9479166666666666,192,277.88165283203125,0.008576594293117523,0.6460587409244078,263,0.3916349809885932,278,0.9928057553956835,338,0,1,0
0.6842105263157895,76,1.0731707317073171,41,1.2201834862385321,109,1.5490196078431373,153,1.1333333333333333,45,53.60935974121094,0.001654609921388328,0.6532237669171961,55,0.32727272727272727,54,1.0185185185185186,338,0,1,1
0.5125,80,0.6987951807228916,83,0.7424242424242424,66,0.72,50,0.9054054054054054,74,94.66905975341797,0.002921884646639228,0.46074363143907693,98,0.21428571428571427,95,0.8,338,0,1,2
0.8365758754863813,257,1.105263157894737,247,1.0543478260869565,184,1.45863309352518,556,0.8111111111111111,90,218.93484497070312,0.006757248193025589,0.6099483824292468,221,0.34841628959276016,219,1.0182648401826484,338,0,2,0
0.4166666666666667,48,1.1746031746031746,63,1.0,22,0.8571428571428571,21,1.0952380952380953,21,43.320396423339844,0.0013370492961257696,0.6948328010254916,41,0.2682926829268293,43,1.069767441860465,338,0,2,1
0.5172413793103449,87,0.7285714285714285,70,1.1568627450980393,51,0.6206896551724138,29,1.2,80,72.861572265625,0.0022488138638436794,0.3696783209620942,69,0.15942028985507245,73,0.6301369863013698,338,0,2,2
0.8322147651006712,149,0.8662420382165605,157,0.8333333333333334,84,1.1176470588235294,153,0.9105691056910569,123,175.646728515625,0.005421195179224014,0.5878624338610022,170,0.27058823529411763,176,0.9659090909090909,338,0,3,0
0.75,20,1.027027027027027,37,1.2325581395348837,43,0.7,20,0.75,8,33.845157623291016,0.0010446036467328668,0.6567159025377381,34,0.14705882352941177,34,1.0,338,0,3,1
0.5421686746987951,83,0.6470588235294118,34,0.3333333333333333,24,1.4607843137254901,102,1.6275510204081634,196,64.16524505615234,0.0019804087933152914,0.3159240894289608,61,0.08196721311475409,64,0.734375,338,0,3,2
0.7678571428571429,168,1.0,152,1.072289156626506,83,1.0595238095238095,84,0.8059701492537313,67,142.05894470214844,0.004384535364806652,0.5335466750942083,129,0.18604651162790697,142,0.8802816901408451,338,0,4,0
0.56,25,1.0869565217391304,23,0.75,12,0.9,10,1.0,7,31.40796661376953,0.0009693817119114101,0.6713795862630096,33,0.24242424242424243,31,1.032258064516129,338,0,4,1
0.54,50,0.98,50,0.9166666666666666,36,0.2,10,0.0,5,53.414466857910156,0.0016485946252942085,0.2291045322892477,58,0.0,53,0.6415094339622641,338,0,4,2
0.6692913385826772,127,0.9193548387096774,124,0.925,80,1.03125,160,0.6521739130434783,46,121.89582824707031,0.003762217005714774,0.49010347330173304,117,0.20512820512820512,122,0.9590163934426229,338,0,5,0
0.6451612903225806,31,0.5,18,0.0,4,0.3333333333333333,3,1.7245762711864407,236,24.958703994750977,0.0007703303708694875,0.4545789808140861,27,0.0,25,0.88,338,0,5,1
0.5806451612903226,62,0.5581395348837209,43,1.25,96,0.0,2,0.0,2,47.43579864501953,0.0014640678418800235,0.22922796186044997,40,0.075,47,0.5531914893617021,338,0,5,2
0.8207547169811321,106,0.95,80,1.2038216560509554,157,1.0625,48,0.21052631578947367,19,101.94307708740234,0.003146391361951828,0.43432659161988824,94,0.1702127659574468,102,0.8137254901960784,338,0,6,0
0.22727272727272727,22,0.8918918918918919,37,0.5,4,0.5,6,0.5,4,26.062334060668945,0.0008043930283747613,0.47307972302430196,15,0.2,26,0.8461538461538461,338,0,6,1
0.35294117647058826,34,0.8148148148148148,27,0.18181818181818182,11,1.4736842105263157,57,0.0,8,45.56448745727539,0.0014063112903386354,0.30364489240508497,47,0.10638297872340426,46,0.5217391304347826,338,0,6,2
0.4626865671641791,67,0.8243243243243243,74,1.1756756756756757,74,0.36,25,1.3211009174311927,109,91.80315399169922,0.0028334306553006172,0.42266714008762646,91,0.14285714285714285,92,0.9130434782608695,338,0,7,0
0.47619047619047616,21,1.0303030303030303,33,-1.0,0,0.0,2,1.4477611940298507,67,20.42721939086914,0.0006304697599261999,0.3619557440649481,20,0.0,20,0.4,338,0,7,1
0.46808510638297873,47,0.8205128205128205,39,0.9056603773584906,53,0.4166666666666667,12,0.0,2,44.29063415527344,0.0013669949257746339,0.23945743912182443,51,0.09803921568627451,44,0.6363636363636364,338,0,7,2
0.47058823529411764,85,0.8333333333333334,48,1.452054794520548,73,1.3977272727272727,176,1.5902777777777777,144,77.53132629394531,0.0023929420858621597,0.4310448377228301,82,0.15853658536585366,78,0.7948717948717948,338,0,8,0
0.3333333333333333,12,0.9411764705882353,17,0.0,1,-1.0,0,1.3417721518987342,79,19.58579444885254,0.0006044998299330473,0.4146533956973755,19,0.0,20,0.5,338,0,8,1
0.5555555555555556,54,1.0,56,1.3592233009708738,103,0.0,3,0.0,1,39.482967376708984,0.0012186100939288735,0.15823698482770215,37,0.02702702702702703,39,0.46153846153846156,338,0,8,2
0.4666666666666667,60,1.0480769230769231,104,0.8367346938775511,49,0.39285714285714285,28,0.15789473684210525,19,67.50277709960938,0.0020834191236644983,0.38124250930578785,64,0.125,68,0.7794117647058824,338,0,9,0
0.2857142857142857,14,0.2,5,1.5121951219512195,41,1.15625,32,1.5636363636363637,110,18.764286041259766,0.0005791446310468018,0.32124562312150656,16,0.0,19,0.3157894736842105,338,0,9,1
0.47619047619047616,42,0.6666666666666666,15,0.6153846153846154,13,0.5263157894736842,19,0.0,1,38.1080436706543,0.0011761741479858756,0.14432038981351505,33,0.0,38,0.5526315789473685,338,0,9,2
0.47368421052631576,57,0.8793103448275862,58,0.74,50,0.98,50,1.5642857142857143,140,60.95976638793945,0.0018814742797985673,0.38474303983335123,63,0.07936507936507936,61,0.8032786885245902,338,0,10,0
0.35294117647058826,17,0.5,4,0.8571428571428571,14,-1.0,0,-1.0,0,18.126405715942383,0.0005594569374807179,0.17965435858647355,22,0.0,18,0.5555555555555556,338,0,10,1
0.4358974358974359,39,0.8275862068965517,29,1.2325581395348837,43,1.375,64,0.5,14,37.48808288574219,0.0011570395436137915,0.12101107329461981,40,0.0,37,0.7297297297297297,338,0,10,2
0.38461538461538464,39,0.6,30,0.8837209302325582,43,0.2857142857142857,7,1.4,140,56.99988555908203,0.0017592557705938816,0.3700035822384384,56,0.07142857142857142,57,0.8596491228070176,338,0,11,0
0.2,15,0.0,1,1.0,16,-1.0,0,1.6605504587155964,109,17.880067825317383,0.0005518539692275226,0.11935836420441785,19,0.0,18,0.5555555555555556,338,0,11,1
0.5365853658536586,41,0.6451612903225806,31,0.5,18,1.2857142857142858,77,0.18181818181818182,11,37.15073013305664,0.0011466274736449122,0.11114542932288408,31,0.0,37,0.7837837837837838,338,0,11,2
0.4727272727272727,55,0.6530612244897959,49,1.2528735632183907,87,1.3032786885245902,122,0.2,5,53.25611877441406,0.001643707393668592,0.2832560960353657,50,0.08,53,0.8490566037735849,338,0,12,0
0.42857142857142855,21,0.7692307692307693,13,0.0,2,0.0,1,-1.0,0,17.394567489624023,0.000536869338247925,0.2896836152200509,20,0.0,17,0.7058823529411765,338,0,12,1
0.25925925925925924,27,0.6451612903225806,31,1.064516129032258,31,0.0,4,0.0,2,36.801658630371094,0.0011358537012711167,0.14072953221481266,35,0.02857142857142857,37,1.0810810810810811,338,0,12,2
0.6721311475409836,61,1.0,74,1.0212765957446808,47,0.9622641509433962,53,0.2857142857142857,7,52.57223892211914,0.0016226000152528286,0.3034930568335828,56,0.08928571428571429,53,1.0188679245283019,338,0,13,0
0.4482758620689655,29,1.2857142857142858,28,-1.0,0,0.0,1,-1.0,0,17.22307014465332,0.0005315762246027589,0.24464325994413028,18,0.0,17,0.8235294117647058,338,0,13,1
0.47619047619047616,42,0.9807692307692307,52,0.0,1,0.6666666666666666,21,1.4331550802139037,187,36.04265594482422,0.0011124276788905263,0.16949015446956658,42,0.0,36,0.8888888888888888,338,0,13,2
0.5416666666666666,48,1.2048192771084338,83,1.2641509433962264,53,0.3,10,0.3333333333333333,6,49.87139129638672,0.0015392404748126864,0.23850756375776203,63,0.015873015873015872,50,1.04,338,0,14,0
0.26666666666666666,15,0.5555555555555556,9,0.7857142857142857,14,-1.0,0,0.7692307692307693,13,17.041637420654297,0.0005259764729999006,0.1878796673036189,20,0.0,17,0.47058823529411764,338,0,14,1
0.16666666666666666,18,0.9069767441860465,43,0.90625,32,1.4523809523809523,42,0.4,5,37.651161193847656,0.0011620728764683008,0.3827530214515113,40,0.075,38,1.1842105263157894,338,0,14,2
0.34146341463414637,41,0.7631578947368421,38,1.4408602150537635,93,0.3333333333333333,3,0.25,4,48.21394348144531,0.0014880846720188856,0.32997639470528184,50,0.04,48,1.125,338,0,15,0
0.21428571428571427,14,0.9375,16,1.0555555555555556,18,0.5,2,-1.0,0,16.867616653442383,0.0005206054775044322,0.46796499171361633,20,0.0,17,0.7058823529411765,338,0,15,1
0.2962962962962963,27,0.9411764705882353,17,1.0416666666666667,24,1.0333333333333334,30,1.5608108108108107,148,37.28472900390625,0.001150763244368136,0.5272492612070605,49,0.02040816326530612,37,1.162162162162162,338,0,15,2
0.4772727272727273,44,0.8222222222222222,45,1.0217391304347827,46,0.6956521739130435,23,0.2,5,47.422210693359375,0.0014636485138908029,0.2989868518307433,57,0.05263157894736842,47,0.9787234042553191,338,0,16,0
0.4230769230769231,26,0.9230769230769231,13,1.34375,64,-1.0,0,-1.0,0,16.87253761291504,0.0005207573412917554,0.24232840495013055,26,0.0,17,0.7647058823529411,338,0,16,1
0.3333333333333333,33,0.6333333333333333,30,1.3977272727272727,88,1.565217391304348,69,1.640256959314775,467,34.932716369628906,0.001078170258551836,0.32231259239517684,27,0.0,35,1.0285714285714285,338,0,16,2
0.5833333333333334,36,0.8125,48,0.65,20,0.0,5,0.0,1,44.42075729370117,0.0013710110215470195,0.2435756214971121,40,0.0,44,1.1136363636363635,338,0,17,0
0.7777777777777778,9,0.9375,16,1.1875,16,0.9333333333333333,15,0.3333333333333333,3,16.62295150756836,0.0005130540812388062,0.42077688150127535,18,0.0,17,0.8823529411764706,338,0,17,1
0.32,25,1.1604938271604939,81,1.5360824742268042,97,0.9696969696969697,33,-1.0,0,33.42863464355469,0.0010317480191588402,0.4045942107913669,33,0.0,33,1.1818181818181819,338,0,17,2
0.5084745762711864,59,0.8153846153846154,65,1.3454545454545455,55,1.1585365853658536,82,0.0,5,42.06507873535156,0.0012983048800379038,0.21776215015797976,44,0.06818181818181818,42,1.0952380952380953,338,0,18,0
0.5333333333333333,30,1.0,28,1.3,30,1.4090909090909092,22,-1.0,0,16.50010108947754,0.0005092623759992421,0.3571180488112084,13,0.0,17,0.6470588235294118,338,0,18,1
0.625,40,0.96875,32,0.7142857142857143,21,0.0,1,1.2950819672131149,61,32.74479293823242,0.001010641804896295,0.37136050562890244,26,0.0,33,1.1515151515151516,338,0,18,2
0.42857142857142855,28,0.875,32,1.4090909090909092,22,0.9523809523809523,21,1.1333333333333333,45,39.98751449584961,0.0012341825058683753,0.21366925739016804,49,0.04081632653061224,40,0.75,338,0,19,0
0.4375,32,0.6666666666666666,12,-1.0,0,1.6,50,-1.0,0,16.390483856201172,0.0005058791139163077,0.26422404502605895,13,0.0,16,0.8125,338,0,19,1
0.5344827586206896,58,1.0625,32,1.1636363636363636,55,-1.0,0,-1.0,0,32.35834503173828,0.0009987143566831946,0.13813593545397607,29,0.0,32,0.84375,338,0,19,2
0.7,70,0.8,20,1.1730769230769231,52,0.9354838709677419,31,-1.0,0,38.70229721069336,0.0011945153819397092,0.2544332868493804,42,0.0,39,0.2564102564102564,338,0,20,0
0.3157894736842105,19,0.9722222222222222,36,0.7142857142857143,7,1.6865671641791045,67,1.6084905660377358,212,16.301523208618164,0.0005031334585510194,0.1894918812611817,15,0.0,16,0.5,338,0,20,1
0.4888888888888889,45,0.8285714285714286,35,0.5,6,0.5,4,0.3333333333333333,9,32.18406677246094,0.0009933353867381811,0.017160476236152394,30,0.0,32,0.21875,338,0,20,2
0.23529411764705882,34,0.8888888888888888,54,1.1951219512195121,41,1.4333333333333333,150,0.3333333333333333,9,38.08047103881836,0.0011753231519833207,0.35212052024850105,32,0.0,38,0.21052631578947367,338,0,21,0
0.42857142857142855,14,-1.0,0,-1.0,0,-1.0,0,-1.0,0,16.239744186401367,0.0005012266919948161,0.1448156601746966,13,0.0,16,0.3125,338,0,21,1
0.36,25,0.9523809523809523,21,0.9545454545454546,22,1.34375,32,0.45454545454545453,11,32.118682861328125,0.0009913173271343112,-0.007657103190297168,28,0.0,32,0.03125,338,0,21,2
0.41935483870967744,31,1.0,22,0.8636363636363636,22,-1.0,0,1.2307692307692308,52,37.863731384277344,0.0011686336947605014,0.3621500729886791,44,0.0,38,0.18421052631578946,338,0,22,0
0.3333333333333333,15,0.918918918918919,37,1.3103448275862069,29,1.2,20,-1.0,0,16.206327438354492,0.0005001953104510903,0.1269054865208055,19,0.0,16,0.125,338,0,22,1
0.3333333333333333,24,0.8333333333333334,24,1.4430379746835442,79,0.0,4,0.0,1,32.105953216552734,0.0009909244254231453,-0.01030769368977816,31,0.0,32,0.03125,338,0,22,2
0.5909090909090909,44,0.9795918367346939,49,0.25,4,1.6422764227642277,123,0.11764705882352941,17,37.776466369628906,0.0011659403098747134,0.3607051181210197,37,0.0,38,0.18421052631578946,338,0,23,0
0.2222222222222222,9,1.25,36,0.6,5,-1.0,0,-1.0,0,16.19066619873047,0.000499711895827204,0.11933728894777178,17,0.0,16,0.0,338,0,23,1
0.4444444444444444,36,0.9090909090909091,33,0.0,2,0.6666666666666666,15,1.3789473684210527,95,32.11130142211914,0.0009910895023494959,-0.011107789627607953,38,0.0,32,0.03125,338,0,23,2
0.5272727272727272,55,1.3333333333333333,27,1.3125,16,0.0,4,-1.0,0,37.73497772216797,0.001164659857749939,0.3600637051961924,34,0.0,38,0.18421052631578946,338,0,24,0
0.3076923076923077,13,0.5,2,1.206896551724138,29,-1.0,0,-1.0,0,16.182964324951172,0.0004994742339476943,0.11589020347759765,19,0.0,16,0.0,338,0,24,1
0.4827586206896552,29,0.6875,32,1.0714285714285714,28,-1.0,0,1.66,250,32.12053298950195,0.0009913744870573282,-0.011864812634832536,28,0.0,32,0.03125,338,0,24,2
0.5,42,0.7435897435897436,39,1.4166666666666667,84,0.8363636363636363,55,0.8333333333333334,72,37.71220016479492,0.001163956825621426,0.3597363069083861,33,0.0,38,0.21052631578947367,338,0,25,0
0.35294117647058826,17,0.972972972972973,37,1.625,32,0.0,2,-1.0,0,16.179168701171875,0.0004993570619262755,0.11412085203099706,17,0.0,16,0.0,338,0,25,1
0.4444444444444444,18,0.9672131147540983,61,1.263157894736842,19,1.5178571428571428,112,-1.0,0,32.12983322143555,0.0009916615672409534,-0.012495546952165435,38,0.0,32,0.03125,338,0,25,2
0.46153846153846156,52,0.0,1,1.2881355932203389,59,0.7391304347826086,23,0.0,4,37.69684600830078,0.0011634828988462687,0.35952669119359426,48,0.0,38,0.21052631578947367,338,0,26,0
0.25,16,1.0,11,0.0,1,0.0,1,-1.0,0,16.176843643188477,0.0004992852918803692,0.11295127578332073,17,0.0,16,0.0,338,0,26,1
0.4883720930232558,43,0.5769230769230769,26,1.2564102564102564,39,1.4390243902439024,41,1.0740740740740742,27,32.1383171081543,0.0009919233852997422,-0.013016369523784278,35,0.0,32,0.03125,338,0,26,2
0.358974358974359,39,0.6818181818181818,22,0.7272727272727273,11,0.625,8,0.0,3,37.68547821044922,0.0011631320230662823,0.35936158117483685,27,0.0,38,0.21052631578947367,338,0,27,0
0.16666666666666666,12,0.6666666666666666,21,1.4054054054054055,37,1.1176470588235294,17,-1.0,0,16.17531967163086,0.0004992382600903511,0.11210764838244823,14,0.0,16,0.0,338,0,27,1
0.5333333333333333,30,1.0,20,0.0,1,-1.0,0,-1.0,0,32.146297454833984,0.000992169720120728,-0.013471667502546789,35,0.0,32,0.03125,338,0,27,2
0.4358974358974359,39,0.9795918367346939,49,0.65,20,1.0,33,0.8,5,37.67625427246094,0.0011628473876044154,0.359219204822445,50,0.02,38,0.21052631578947367,338,0,28,0
0.36363636363636365,11,0.8125,16,0.875,8,0.0,1,-1.0,0,16.174474716186523,0.0004992121830582619,0.11144948653736989,14,0.0,16,0.0,338,0,28,1
0.4722222222222222,36,1.1153846153846154,26,0.8571428571428571,7,1.1428571428571428,35,-1.0,0,32.15377426147461,0.000992400455288589,-0.01385929156076269,27,0.0,32,0.03125,338,0,28,2
0.4642857142857143,28,0.6923076923076923,39,0.4,10,1.434782608695652,23,-1.0,0,37.6682014465332,0.001162598840892315,0.3591059577424959,48,0.0,38,0.21052631578947367,338,0,29,0
0.4,15,0.5,6,0.75,4,1.6065573770491803,61,-1.0,0,16.173913955688477,0.0004991948953829706,0.11093107980415885,19,0.0,16,0.0,338,0,29,1
0.717391304347826,46,0.35714285714285715,14,1.125,56,1.4880952380952381,84,1.6056338028169015,71,32.16074752807617,0.000992615707218647,-0.014183862389279617,39,0.0,32,0.03125,338,0,29,2
0.42857142857142855,28,1.12,50,0.4,5,1.4666666666666666,45,-1.0,0,37.66123962402344,0.0011623839382082224,0.35901098483245436,24,0.0,38,0.21052631578947367,338,0,30,0
0.2777777777777778,18,1.2608695652173914,23,-1.0,0,1.6067415730337078,89,1.7355371900826446,121,16.173362731933594,0.0004991778405383229,0.11051467434122497,16,0.0,16,0.0,338,0,30,1
0.2857142857142857,21,1.0263157894736843,38,1.25,44,0.0,1,-1.0,0,32.16714096069336,0.0009928130311891437,-0.014453696385012002,32,0.0,32,0.03125,338,0,30,2
0.5254237288135594,59,0.75,16,1.0930232558139534,43,1.0526315789473684,19,1.3064516129032258,62,37.66814422607422,0.0011625970946624875,0.3591842622501459,48,0.0,38,0.21052631578947367,338,0,31,0
0.0,6,0.9166666666666666,12,0.0,1,-1.0,0,-1.0,0,16.202816009521484,0.0005000869277864695,0.1274035362838454,22,0.0,16,0.125,338,0,31,1
0.4838709677419355,31,1.0,27,1.5606060606060606,66,1.2162162162162162,37,1.6470588235294117,85,32.17213439941406,0.0009929671650752425,-0.013818673834692981,28,0.0,32,0.03125,338,0,31,2
0.2857142857142857,21,1.28,75,1.3846153846153846,52,0.85,20,1.5068493150684932,73,37.65150451660156,0.001162083470262587,0.3589485135815044,41,0.0,38,0.21052631578947367,338,0,32,0
0.5625,16,0.8,25,1.4523809523809523,42,1.5416666666666667,24,-1.0,0,16.177772521972656,0.0004993139882571995,0.110122248040183,17,0.0,16,0.0,338,0,32,1
0.5581395348837209,43,0.6153846153846154,13,1.1,10,1.380952380952381,21,-1.0,0,32.178131103515625,0.0009931521490216255,-0.014690824884162805,39,0.0,32,0.03125,338,0,32,2
0.36363636363636365,22,1.0125,80,0.9,30,0.3333333333333333,3,-1.0,0,37.64554977416992,0.0011618996504694223,0.3588707342829526,34,0.0,38,0.21052631578947367,338,0,33,0
0.2916666666666667,24,1.105263157894737,19,1.2307692307692308,13,1.032258064516129,31,-1.0,0,16.175376892089844,0.0004992400063201785,0.10974407783215526,14,0.0,16,0.0,338,0,33,1
0.5263157894736842,38,0.95,20,1.24,50,0.5,10,-1.0,0,32.18293380737305,0.000993300462141633,-0.014911614368653271,24,0.0,32,0.03125,338,0,33,2
0.42857142857142855,35,0.9230769230769231,26,1.3333333333333333,24,0.4,5,0.6,5,37.64033889770508,0.0011617388809099793,0.35880964839444524,39,0.0,38,0.21052631578947367,338,0,34,0
0.6,15,0.0,1,1.56,25,0.875,8,-1.0,0,16.173582077026367,0.0004991846508346498,0.10950730448376847,13,0.0,16,0.0,338,0,34,1
0.42105263157894735,38,1.0526315789473684,38,1.4444444444444444,27,1.1379310344827587,29,0.0,1,32.187156677246094,0.0009934307308867574,-0.01508456712433031,28,0.0,32,0.03125,338,0,34,2
0.4583333333333333,24,0.9545454545454546,44,0.0,1,1.3764705882352941,85,0.0,1,37.63557434082031,0.001161591848358512,0.3587564357931692,34,0.0,38,0.21052631578947367,338,0,35,0
0.25,12,0.75,12,0.6666666666666666,3,-1.0,0,0.5,2,16.172077178955078,0.0004991382011212409,0.1093072794662914,16,0.0625,16,0.0,338,0,35,1
0.5263157894736842,38,1.0869565217391304,23,-1.0,0,1.5542168674698795,83,0.8333333333333334,24,32.19099426269531,0.0009935492416843772,-0.015227427819493312,32,0.0,32,0.03125,338,0,35,2
NA,NA,NA,NA,NA,NA,NA,NA,NA,NA,282.21929931640625,0.008710471913218498,0.658258381462494,281,0.44483985765124556,282,1.0815602836879432,338,1,1,0
NA,NA,NA,NA,NA,NA,NA,NA,NA,NA,65.22525024414062,0.002013124991208315,0.575929584212754,61,0.4098360655737705,65,1.0461538461538462,338,1,1,1
NA,NA,NA,NA,NA,NA,NA,NA,NA,NA,94.35619354248047,0.0029122282285243273,0.452570436644812,103,0.18446601941747573,94,0.7553191489361702,338,1,1,2
NA,NA,NA,NA,NA,NA,NA,NA,NA,NA,235.0472869873047,0.007254546042531729,0.6601122990206856,223,0.39461883408071746,235,1.0297872340425531,338,1,2,0
NA,NA,NA,NA,NA,NA,NA,NA,NA,NA,42.79938507080078,0.0013209687313064933,0.4595147306663746,33,0.15151515151515152,43,0.6744186046511628,338,1,2,1
NA,NA,NA,NA,NA,NA,NA,NA,NA,NA,72.5048599243164,0.0022378042340278625,0.43282219843691505,75,0.10666666666666667,73,0.7534246575342466,338,1,2,2
NA,NA,NA,NA,NA,NA,NA,NA,NA,NA,175.12767028808594,0.005405175033956766,0.5790297106039177,163,0.26380368098159507,175,0.8857142857142857,338,1,3,0
NA,NA,NA,NA,NA,NA,NA,NA,NA,NA,31.177141189575195,0.0009622574434615672,0.3801905459580699,30,0.03333333333333333,31,0.5483870967741935,338,1,3,1
NA,NA,NA,NA,NA,NA,NA,NA,NA,NA,62.316646575927734,0.0019233532948419452,0.44757508271742075,61,0.11475409836065574,62,0.7096774193548387,338,1,3,2
NA,NA,NA,NA,NA,NA,NA,NA,NA,NA,154.76947021484375,0.0047768354415893555,0.5745536452434508,143,0.27972027972027974,155,0.9354838709677419,338,1,4,0
NA,NA,NA,NA,NA,NA,NA,NA,NA,NA,30.873517990112305,0.0009528863593004644,0.422690994436849,31,0.16129032258064516,31,0.8387096774193549,338,1,4,1
NA,NA,NA,NA,NA,NA,NA,NA,NA,NA,56.04879379272461,0.0017299010651186109,0.3055357047844282,52,0.07692307692307693,56,0.625,338,1,4,2
NA,NA,NA,NA,NA,NA,NA,NA,NA,NA,135.29656982421875,0.004175819922238588,0.534545292071899,148,0.2905405405405405,135,0.9037037037037037,338,1,5,0
NA,NA,NA,NA,NA,NA,NA,NA,NA,NA,25.439167022705078,0.0007851594709791243,0.3309189897589125,23,0.0,25,0.56,338,1,5,1
NA,NA,NA,NA,NA,NA,NA,NA,NA,NA,53.46675109863281,0.0016502083744853735,0.32298505440351094,48,0.041666666666666664,53,0.6792452830188679,338,1,5,2
NA,NA,NA,NA,NA,NA,NA,NA,NA,NA,119.49571228027344,0.0036881393752992153,0.5041764682034485,122,0.319672131147541,119,0.9243697478991597,338,1,6,0
NA,NA,NA,NA,NA,NA,NA,NA,NA,NA,21.897502899169922,0.0006758488598279655,0.4570250447615381,23,0.0,22,0.5454545454545454,338,1,6,1
NA,NA,NA,NA,NA,NA,NA,NA,NA,NA,51.30350112915039,0.0015834413934499025,0.2718789341174583,30,0.1,51,0.803921568627451,338,1,6,2
NA,NA,NA,NA,NA,NA,NA,NA,NA,NA,107.45194244384766,0.003316418034955859,0.5033535664287269,114,0.2543859649122807,107,0.9345794392523364,338,1,7,0
NA,NA,NA,NA,NA,NA,NA,NA,NA,NA,20.736610412597656,0.0006400188431143761,0.4934003145269701,14,0.0,21,0.5714285714285714,338,1,7,1
NA,NA,NA,NA,NA,NA,NA,NA,NA,NA,47.17119216918945,0.0014559009578078985,0.22661340979425332,41,0.07317073170731707,47,0.7446808510638298,338,1,7,2
NA,NA,NA,NA,NA,NA,NA,NA,NA,NA,97.37066650390625,0.0030052675865590572,0.5522800823891536,121,0.2644628099173554,97,0.9896907216494846,338,1,8,0
NA,NA,NA,NA,NA,NA,NA,NA,NA,NA,20.121732711791992,0.0006210411083884537,0.19798547160909183,21,0.0,20,0.45,338,1,8,1
NA,NA,NA,NA,NA,NA,NA,NA,NA,NA,44.72450637817383,0.0013803859474137425,0.2934372162212179,42,0.023809523809523808,45,0.8666666666666667,338,1,8,2
NA,NA,NA,NA,NA,NA,NA,NA,NA,NA,92.250732421875,0.002847244730219245,0.5754621605520519,99,0.26262626262626265,92,0.967391304347826,338,1,9,0
NA,NA,NA,NA,NA,NA,NA,NA,NA,NA,18.998626708984375,0.0005863773403689265,0.4479941430000775,27,0.0,19,0.5263157894736842,338,1,9,1
NA,NA,NA,NA,NA,NA,NA,NA,NA,NA,45.91986083984375,0.0014172797091305256,0.4034627500197059,38,0.10526315789473684,46,0.8913043478260869,338,1,9,2
NA,NA,NA,NA,NA,NA,NA,NA,NA,NA,88.55968475341797,0.0027333234902471304,0.5915036474757113,88,0.2840909090909091,89,1.1123595505617978,338,1,10,0
NA,NA,NA,NA,NA,NA,NA,NA,NA,NA,18.76754379272461,0.0005792451556771994,0.24317785499262032,26,0.0,19,0.631578947368421,338,1,10,1
NA,NA,NA,NA,NA,NA,NA,NA,NA,NA,45.07963943481445,0.0013913469156250358,0.46943951272571105,48,0.10416666666666667,45,0.8444444444444444,338,1,10,2
NA,NA,NA,NA,NA,NA,NA,NA,NA,NA,79.88479614257812,0.0024655801244080067,0.5168786046698582,74,0.13513513513513514,80,1.1,338,1,11,0
NA,NA,NA,NA,NA,NA,NA,NA,NA,NA,18.57185173034668,0.0005732052959501743,0.17267187478768659,27,0.0,19,0.5789473684210527,338,1,11,1
NA,NA,NA,NA,NA,NA,NA,NA,NA,NA,41.86248016357422,0.0012920518638566136,0.3864600664760185,43,0.09302325581395349,42,0.8571428571428571,338,1,11,2
NA,NA,NA,NA,NA,NA,NA,NA,NA,NA,67.80145263671875,0.0020926373545080423,0.42940649243500495,63,0.09523809523809523,68,0.9264705882352942,338,1,12,0
NA,NA,NA,NA,NA,NA,NA,NA,NA,NA,17.657629013061523,0.0005449885502457619,0.1569362194917748,27,0.0,18,0.3333333333333333,338,1,12,1
NA,NA,NA,NA,NA,NA,NA,NA,NA,NA,41.695777893066406,0.0012869067722931504,0.5128898558982986,33,0.24242424242424243,42,0.9285714285714286,338,1,12,2
NA,NA,NA,NA,NA,NA,NA,NA,NA,NA,63.978851318359375,0.0019746560137718916,0.3787219676422017,76,0.13157894736842105,64,0.96875,338,1,13,0
NA,NA,NA,NA,NA,NA,NA,NA,NA,NA,17.742626190185547,0.0005476119113154709,0.24046096519886306,9,0.0,18,0.6111111111111112,338,1,13,1
NA,NA,NA,NA,NA,NA,NA,NA,NA,NA,38.23091125488281,0.001179966377094388,0.32083959530156225,30,0.0,38,0.8947368421052632,338,1,13,2
NA,NA,NA,NA,NA,NA,NA,NA,NA,NA,58.64729690551758,0.001810101792216301,0.37147517659381857,56,0.08928571428571429,59,1.0338983050847457,338,1,14,0
NA,NA,NA,NA,NA,NA,NA,NA,NA,NA,17.474103927612305,0.0005393241881392896,0.39077176130463,17,0.0,17,0.7058823529411765,338,1,14,1
NA,NA,NA,NA,NA,NA,NA,NA,NA,NA,35.53852844238281,0.0010968681890517473,0.30680539715522814,31,0.0,36,0.9722222222222222,338,1,14,2
NA,NA,NA,NA,NA,NA,NA,NA,NA,NA,52.19430923461914,0.0016109354328364134,0.33549755379699914,58,0.06896551724137931,52,0.9423076923076923,338,1,15,0
NA,NA,NA,NA,NA,NA,NA,NA,NA,NA,16.933691024780273,0.0005226447829045355,0.46458290420219733,17,0.0,17,0.5882352941176471,338,1,15,1
NA,NA,NA,NA,NA,NA,NA,NA,NA,NA,33.940887451171875,0.0010475582676008344,0.4182314807301483,37,0.0,34,0.9705882352941176,338,1,15,2
NA,NA,NA,NA,NA,NA,NA,NA,NA,NA,50.473236083984375,0.0015578159363940358,0.3775662517480844,57,0.10526315789473684,50,1.04,338,1,16,0
NA,NA,NA,NA,NA,NA,NA,NA,NA,NA,16.757719039916992,0.0005172135424800217,0.44882065336119625,8,0.0,17,0.5294117647058824,338,1,16,1
NA,NA,NA,NA,NA,NA,NA,NA,NA,NA,33.842063903808594,0.0010445081861689687,0.3436071693469938,33,0.0,34,1.0588235294117647,338,1,16,2
NA,NA,NA,NA,NA,NA,NA,NA,NA,NA,47.4860725402832,0.0014656195417046547,0.3781211833522118,40,0.1,47,1.0851063829787233,338,1,17,0
NA,NA,NA,NA,NA,NA,NA,NA,NA,NA,16.57036781311035,0.000511431077029556,0.3535431192489527,18,0.0,17,0.4117647058823529,338,1,17,1
NA,NA,NA,NA,NA,NA,NA,NA,NA,NA,33.50339889526367,0.0010340554872527719,0.33315508783415204,33,0.0,34,1.1470588235294117,338,1,17,2
NA,NA,NA,NA,NA,NA,NA,NA,NA,NA,45.656612396240234,0.0014091547345742583,0.3286208794220273,46,0.021739130434782608,46,1.0434782608695652,338,1,18,0
NA,NA,NA,NA,NA,NA,NA,NA,NA,NA,16.4361629486084,0.0005072889616712928,0.31242927486899164,25,0.0,16,0.75,338,1,18,1
NA,NA,NA,NA,NA,NA,NA,NA,NA,NA,33.24797821044922,0.0010261721909046173,0.2507009984798215,33,0.0,33,1.2121212121212122,338,1,18,2
NA,NA,NA,NA,NA,NA,NA,NA,NA,NA,44.255958557128906,0.001365924603305757,0.341439328034201,32,0.03125,44,1.0909090909090908,338,1,19,0
NA,NA,NA,NA,NA,NA,NA,NA,NA,NA,16.383764266967773,0.000505671720020473,0.4038724334113088,19,0.0,16,0.9375,338,1,19,1
NA,NA,NA,NA,NA,NA,NA,NA,NA,NA,32.78871154785156,0.001011997228488326,0.37882161692637406,36,0.0,33,1.1818181818181819,338,1,19,2
NA,NA,NA,NA,NA,NA,NA,NA,NA,NA,43.851898193359375,0.0013534536119550467,0.255133147557444,35,0.02857142857142857,44,1.1136363636363635,338,1,20,0
NA,NA,NA,NA,NA,NA,NA,NA,NA,NA,16.315441131591797,0.0005035629728808999,0.21049173082343736,15,0.0,16,0.5625,338,1,20,1
NA,NA,NA,NA,NA,NA,NA,NA,NA,NA,33.01331329345703,0.0010189294116571546,0.16501276508061968,22,0.0,33,1.1515151515151516,338,1,20,2
NA,NA,NA,NA,NA,NA,NA,NA,NA,NA,42.75035858154297,0.0013194555649533868,0.2717976833000364,44,0.0,43,1.0,338,1,21,0
NA,NA,NA,NA,NA,NA,NA,NA,NA,NA,16.300148010253906,0.0005030909669585526,0.33058720566945815,10,0.0,16,0.75,338,1,21,1
NA,NA,NA,NA,NA,NA,NA,NA,NA,NA,32.59961700439453,0.0010061609791591763,0.27710774341882016,37,0.0,33,1.0606060606060606,338,1,21,2
NA,NA,NA,NA,NA,NA,NA,NA,NA,NA,41.75718688964844,0.001288802013732493,0.2668634871532922,48,0.020833333333333332,42,0.9047619047619048,338,1,22,0
NA,NA,NA,NA,NA,NA,NA,NA,NA,NA,16.281076431274414,0.0005025023710913956,0.31907254974591337,23,0.0,16,0.75,338,1,22,1
NA,NA,NA,NA,NA,NA,NA,NA,NA,NA,32.461875915527344,0.0010019097244367003,0.25901644196292506,41,0.0,32,0.96875,338,1,22,2
NA,NA,NA,NA,NA,NA,NA,NA,NA,NA,40.51618576049805,0.0012504995102062821,0.3038897769319617,31,0.0,41,0.7804878048780488,338,1,23,0
NA,NA,NA,NA,NA,NA,NA,NA,NA,NA,16.256643295288086,0.0005017482326366007,0.30368341597702087,11,0.0,16,0.6875,338,1,23,1
NA,NA,NA,NA,NA,NA,NA,NA,NA,NA,32.34040832519531,0.0009981608018279076,0.18506089229001102,25,0.04,32,0.875,338,1,23,2
NA,NA,NA,NA,NA,NA,NA,NA,NA,NA,39.401973724365234,0.0012161103077232838,0.34259427044912905,43,0.0,39,0.6666666666666666,338,1,24,0
NA,NA,NA,NA,NA,NA,NA,NA,NA,NA,16.227933883666992,0.000500862137414515,0.2772936196103172,9,0.0,16,0.625,338,1,24,1
NA,NA,NA,NA,NA,NA,NA,NA,NA,NA,32.24430465698242,0.0009951945394277573,0.08749708429119148,34,0.0,32,0.5,338,1,24,2
NA,NA,NA,NA,NA,NA,NA,NA,NA,NA,38.55952453613281,0.001190108829177916,0.3865958174566534,38,0.0,39,0.41025641025641024,338,1,25,0
NA,NA,NA,NA,NA,NA,NA,NA,NA,NA,16.193212509155273,0.0004997905343770981,0.23770109897769148,13,0.0,16,0.5,338,1,25,1
NA,NA,NA,NA,NA,NA,NA,NA,NA,NA,32.17760467529297,0.0009931359672918916,0.024151195599472652,40,0.025,32,0.3125,338,1,25,2
NA,NA,NA,NA,NA,NA,NA,NA,NA,NA,38.07334899902344,0.0011751033598557115,0.39889281071983107,36,0.0,38,0.2631578947368421,338,1,26,0
NA,NA,NA,NA,NA,NA,NA,NA,NA,NA,16.155725479125977,0.0004986334824934602,0.18712753013127004,24,0.0,16,0.4375,338,1,26,1
NA,NA,NA,NA,NA,NA,NA,NA,NA,NA,32.139095306396484,0.0009919473668560386,-0.0022503308609414393,34,0.0,32,0.125,338,1,26,2
NA,NA,NA,NA,NA,NA,NA,NA,NA,NA,37.83935546875,0.001167881302535534,0.38931092575749743,33,0.0,38,0.2894736842105263,338,1,27,0
NA,NA,NA,NA,NA,NA,NA,NA,NA,NA,16.125267028808594,0.0004976934287697077,0.1496152223207286,18,0.0,16,0.25,338,1,27,1
NA,NA,NA,NA,NA,NA,NA,NA,NA,NA,32.12721633911133,0.0009915807750076056,-0.007885871162322844,27,0.0,32,0.0625,338,1,27,2
NA,NA,NA,NA,NA,NA,NA,NA,NA,NA,37.746978759765625,0.0011650301748886704,0.38575710973664645,43,0.0,38,0.2631578947368421,338,1,28,0
NA,NA,NA,NA,NA,NA,NA,NA,NA,NA,16.105016708374023,0.0004970683949068189,0.13049845781596836,12,0.0,16,0.125,338,1,28,1
NA,NA,NA,NA,NA,NA,NA,NA,NA,NA,32.12812805175781,0.0009916089475154877,-0.009017207673477703,22,0.0,32,0.0625,338,1,28,2
NA,NA,NA,NA,NA,NA,NA,NA,NA,NA,37.704105377197266,0.0011637069983407855,0.3850539841899994,42,0.023809523809523808,38,0.2631578947368421,338,1,29,0
NA,NA,NA,NA,NA,NA,NA,NA,NA,NA,16.092580795288086,0.0004966845735907555,0.12250517710315495,11,0.0,16,0.0625,338,1,29,1
NA,NA,NA,NA,NA,NA,NA,NA,NA,NA,32.134220123291016,0.0009917969582602382,-0.009516626332519248,31,0.0,32,0.0625,338,1,29,2
NA,NA,NA,NA,NA,NA,NA,NA,NA,NA,37.68193054199219,0.001163022592663765,0.3848304644736301,40,0.0,38,0.2631578947368421,338,1,30,0
NA,NA,NA,NA,NA,NA,NA,NA,NA,NA,16.086244583129883,0.0004964890540577471,0.11971196784297992,17,0.0,16,0.1875,338,1,30,1
NA,NA,NA,NA,NA,NA,NA,NA,NA,NA,32.14098358154297,0.0009920056909322739,-0.00988641678180183,24,0.0,32,0.0625,338,1,30,2
NA,NA,NA,NA,NA,NA,NA,NA,NA,NA,37.66745376586914,0.0011625757906585932,0.3847003541353089,29,0.0,38,0.2631578947368421,338,1,31,0
NA,NA,NA,NA,NA,NA,NA,NA,NA,NA,16.082860946655273,0.0004963845713064075,0.11848730545581673,11,0.0,16,0.1875,338,1,31,1
NA,NA,NA,NA,NA,NA,NA,NA,NA,NA,32.14768981933594,0.0009922126773744822,-0.010192289909708914,34,0.0,32,0.0625,338,1,31,2
NA,NA,NA,NA,NA,NA,NA,NA,NA,NA,37.657447814941406,0.0011622669408097863,0.38460906379523324,37,0.0,38,0.2631578947368421,338,1,32,0
NA,NA,NA,NA,NA,NA,NA,NA,NA,NA,16.081079483032227,0.0004963296232745051,0.1178622418242882,15,0.0,16,0.1875,338,1,32,1
NA,NA,NA,NA,NA,NA,NA,NA,NA,NA,32.1539192199707,0.0009924048790708184,-0.010447394314718382,31,0.0,32,0.0625,338,1,32,2
NA,NA,NA,NA,NA,NA,NA,NA,NA,NA,37.64973831176758,0.001162028987891972,0.38452759073699244,27,0.0,38,0.2631578947368421,338,1,33,0
NA,NA,NA,NA,NA,NA,NA,NA,NA,NA,16.0799617767334,0.0004962951061315835,0.11743241468563213,14,0.0,16,0.1875,338,1,33,1
NA,NA,NA,NA,NA,NA,NA,NA,NA,NA,32.159645080566406,0.0009925815975293517,-0.010663760940508924,33,0.0,32,0.0625,338,1,33,2
NA,NA,NA,NA,NA,NA,NA,NA,NA,NA,37.643218994140625,0.0011618277058005333,0.38445254823297487,44,0.0,38,0.2631578947368421,338,1,34,0
NA,NA,NA,NA,NA,NA,NA,NA,NA,NA,16.078935623168945,0.0004962634411640465,0.11709564286454346,10,0.0,16,0.1875,338,1,34,1
NA,NA,NA,NA,NA,NA,NA,NA,NA,NA,32.16488265991211,0.0009927432984113693,-0.010846739421495626,35,0.0,32,0.0625,338,1,34,2
NA,NA,NA,NA,NA,NA,NA,NA,NA,NA,37.63768005371094,0.0011616568081080914,0.38438333404637803,34,0.0,38,0.2631578947368421,338,1,35,0
NA,NA,NA,NA,NA,NA,NA,NA,NA,NA,16.077938079833984,0.0004962326493114233,0.11683385347983595,12,0.0,16,0.1875,338,1,35,1
NA,NA,NA,NA,NA,NA,NA,NA,NA,NA,32.169551849365234,0.000992887420579791,-0.011003383880603818,32,0.0,32,0.0625,338,1,35,2
NA,NA,NA,NA,NA,NA,NA,NA,NA,NA,291.1379089355469,0.008985738269984722,0.6517766973587482,302,0.44039735099337746,291,1.006872852233677,338,2,1,0
NA,NA,NA,NA,NA,NA,NA,NA,NA,NA,63.492149353027344,0.0019596342463046312,0.5727726401116077,65,0.38461538461538464,63,0.873015873015873,338,2,1,1
NA,NA,NA,NA,NA,NA,NA,NA,NA,NA,109.17776489257812,0.003369684098288417,0.5110223575169813,97,0.26804123711340205,109,0.8165137614678899,338,2,1,2
NA,NA,NA,NA,NA,NA,NA,NA,NA,NA,234.74520874023438,0.007245222572237253,0.5876808514024441,237,0.37130801687763715,235,0.9148936170212766,338,2,2,0
NA,NA,NA,NA,NA,NA,NA,NA,NA,NA,44.4876823425293,0.0013730765786021948,0.6164009392432607,48,0.1875,44,0.7272727272727273,338,2,2,1
NA,NA,NA,NA,NA,NA,NA,NA,NA,NA,81.76930236816406,0.002523744013160467,0.4098884171757909,86,0.16279069767441862,82,0.6585365853658537,338,2,2,2
NA,NA,NA,NA,NA,NA,NA,NA,NA,NA,200.4720458984375,0.006187408696860075,0.5915225874450577,205,0.37073170731707317,200,0.945,338,2,3,0
NA,NA,NA,NA,NA,NA,NA,NA,NA,NA,41.102386474609375,0.0012685921974480152,0.6103417083674427,47,0.2127659574468085,41,0.9512195121951219,338,2,3,1
NA,NA,NA,NA,NA,NA,NA,NA,NA,NA,73.2341079711914,0.002260311972349882,0.42982085960064514,78,0.14102564102564102,73,0.7671232876712328,338,2,3,2
NA,NA,NA,NA,NA,NA,NA,NA,NA,NA,162.46685791015625,0.005014409311115742,0.5451426719684381,171,0.3567251461988304,162,0.8950617283950617,338,2,4,0
NA,NA,NA,NA,NA,NA,NA,NA,NA,NA,27.782394409179688,0.0008574813255108893,0.4873340940055366,37,0.02702702702702703,28,0.6071428571428571,338,2,4,1
NA,NA,NA,NA,NA,NA,NA,NA,NA,NA,61.30561065673828,0.0018921485170722008,0.35848206289019446,71,0.08450704225352113,61,0.7540983606557377,338,2,4,2
NA,NA,NA,NA,NA,NA,NA,NA,NA,NA,138.90548706054688,0.004287206567823887,0.5283878364069634,167,0.2634730538922156,139,0.8345323741007195,338,2,5,0
NA,NA,NA,NA,NA,NA,NA,NA,NA,NA,25.43309783935547,0.0007849721587263048,0.35906571172053947,30,0.06666666666666667,25,0.6,338,2,5,1
NA,NA,NA,NA,NA,NA,NA,NA,NA,NA,52.1859245300293,0.001610676641575992,0.37136783938727724,49,0.04081632653061224,52,0.6730769230769231,338,2,5,2
NA,NA,NA,NA,NA,NA,NA,NA,NA,NA,118.32257080078125,0.003651931183412671,0.500537307379551,109,0.24770642201834864,118,0.864406779661017,338,2,6,0
NA,NA,NA,NA,NA,NA,NA,NA,NA,NA,23.615989685058594,0.0007288885535672307,0.3575937952651699,15,0.0,24,0.625,338,2,6,1
NA,NA,NA,NA,NA,NA,NA,NA,NA,NA,48.640968322753906,0.0015012643998488784,0.3228536002567413,53,0.07547169811320754,49,0.5918367346938775,338,2,6,2
NA,NA,NA,NA,NA,NA,NA,NA,NA,NA,114.81810760498047,0.0035437687765806913,0.5198664861457027,99,0.23232323232323232,115,1.0434782608695652,338,2,7,0
NA,NA,NA,NA,NA,NA,NA,NA,NA,NA,23.588891983032227,0.000728052225895226,0.3747647996414164,29,0.10344827586206896,24,0.6666666666666666,338,2,7,1
NA,NA,NA,NA,NA,NA,NA,NA,NA,NA,50.593841552734375,0.001561538316309452,0.29048802374452576,46,0.08695652173913043,51,0.7254901960784313,338,2,7,2
NA,NA,NA,NA,NA,NA,NA,NA,NA,NA,104.3523178100586,0.0032207504846155643,0.46948177483367465,101,0.15841584158415842,104,0.9038461538461539,338,2,8,0
NA,NA,NA,NA,NA,NA,NA,NA,NA,NA,21.25640296936035,0.0006560618057847023,0.2743134075942415,15,0.0,21,0.38095238095238093,338,2,8,1
NA,NA,NA,NA,NA,NA,NA,NA,NA,NA,50.29855728149414,0.0015524246264249086,0.21858276534834264,62,0.04838709677419355,50,0.76,338,2,8,2
NA,NA,NA,NA,NA,NA,NA,NA,NA,NA,97.22405242919922,0.0030007422901690006,0.4620701350721133,104,0.2692307692307692,97,1.0206185567010309,338,2,9,0
NA,NA,NA,NA,NA,NA,NA,NA,NA,NA,19.974271774291992,0.0006164898513816297,0.19712844823000233,24,0.0,20,0.5,338,2,9,1
NA,NA,NA,NA,NA,NA,NA,NA,NA,NA,45.112552642822266,0.0013923627557232976,0.1840525736938803,40,0.025,45,0.6888888888888889,338,2,9,2
NA,NA,NA,NA,NA,NA,NA,NA,NA,NA,91.72087097167969,0.0028308911714702845,0.4815896908267016,97,0.21649484536082475,92,0.9347826086956522,338,2,10,0
NA,NA,NA,NA,NA,NA,NA,NA,NA,NA,19.46440887451172,0.0006007533520460129,0.35488498330249174,21,0.0,19,0.7368421052631579,338,2,10,1
NA,NA,NA,NA,NA,NA,NA,NA,NA,NA,48.54368591308594,0.00149826193228364,0.383285619866348,52,0.1346153846153846,49,0.7551020408163265,338,2,10,2
NA,NA,NA,NA,NA,NA,NA,NA,NA,NA,90.07398223876953,0.0027800612151622772,0.4808277271323513,97,0.26804123711340205,90,0.9333333333333333,338,2,11,0
NA,NA,NA,NA,NA,NA,NA,NA,NA,NA,20.341182708740234,0.0006278142682276666,0.26604331005929377,29,0.06896551724137931,20,0.55,338,2,11,1
NA,NA,NA,NA,NA,NA,NA,NA,NA,NA,50.48565673828125,0.001558199292048812,0.37312375650281593,56,0.08928571428571429,50,0.96,338,2,11,2
NA,NA,NA,NA,NA,NA,NA,NA,NA,NA,82.5784683227539,0.002548718126490712,0.48953517845218864,87,0.19540229885057472,83,0.9518072289156626,338,2,12,0
NA,NA,NA,NA,NA,NA,NA,NA,NA,NA,18.641155242919922,0.0005753443110734224,0.1306200757599964,20,0.0,19,0.5263157894736842,338,2,12,1
NA,NA,NA,NA,NA,NA,NA,NA,NA,NA,45.42905044555664,0.0014021311653777957,0.31116703418817065,39,0.05128205128205128,45,0.9111111111111111,338,2,12,2
NA,NA,NA,NA,NA,NA,NA,NA,NA,NA,80.05989074707031,0.0024709843564778566,0.50382273425696,69,0.21739130434782608,80,0.9625,338,2,13,0
NA,NA,NA,NA,NA,NA,NA,NA,NA,NA,18.33312225341797,0.0005658370791934431,0.19098179788209532,12,0.0,18,0.5555555555555556,338,2,13,1
NA,NA,NA,NA,NA,NA,NA,NA,NA,NA,42.55320358276367,0.001313370536081493,0.18264532678408316,45,0.044444444444444446,43,0.7441860465116279,338,2,13,2
NA,NA,NA,NA,NA,NA,NA,NA,NA,NA,79.29867553710938,0.002447489881888032,0.535555109392239,81,0.32098765432098764,79,1.1012658227848102,338,2,14,0
NA,NA,NA,NA,NA,NA,NA,NA,NA,NA,19.09962272644043,0.0005894945352338254,0.2428099926078441,21,0.0,19,0.47368421052631576,338,2,14,1
NA,NA,NA,NA,NA,NA,NA,NA,NA,NA,43.72853469848633,0.001349646132439375,0.35948618900694584,29,0.034482758620689655,44,0.9545454545454546,338,2,14,2
NA,NA,NA,NA,NA,NA,NA,NA,NA,NA,73.28168487548828,0.002261780435219407,0.5073325809811705,88,0.19318181818181818,73,1.0410958904109588,338,2,15,0
NA,NA,NA,NA,NA,NA,NA,NA,NA,NA,18.022254943847656,0.0005562424194067717,0.21974776234102486,20,0.0,18,0.5,338,2,15,1
NA,NA,NA,NA,NA,NA,NA,NA,NA,NA,40.59230041503906,0.0012528487714007497,0.21961017352906861,37,0.05405405405405406,41,0.7804878048780488,338,2,15,2
NA,NA,NA,NA,NA,NA,NA,NA,NA,NA,74.89115142822266,0.0023114553187042475,0.49491647041947967,73,0.2602739726027397,75,1.1866666666666668,338,2,16,0
NA,NA,NA,NA,NA,NA,NA,NA,NA,NA,17.87575340270996,0.0005517207900993526,0.2139832990152187,16,0.0,18,0.4444444444444444,338,2,16,1
NA,NA,NA,NA,NA,NA,NA,NA,NA,NA,40.23625946044922,0.001241859863512218,0.15763119175087,44,0.022727272727272728,40,0.825,338,2,16,2
NA,NA,NA,NA,NA,NA,NA,NA,NA,NA,68.8004379272461,0.0021234704181551933,0.45538660418525073,61,0.18032786885245902,69,1.1159420289855073,338,2,17,0
NA,NA,NA,NA,NA,NA,NA,NA,NA,NA,17.892702102661133,0.0005522439023479819,0.21226582263917204,21,0.0,18,0.6666666666666666,338,2,17,1
NA,NA,NA,NA,NA,NA,NA,NA,NA,NA,39.67157745361328,0.0012244314420968294,0.17671373711011687,39,0.05128205128205128,40,0.825,338,2,17,2
NA,NA,NA,NA,NA,NA,NA,NA,NA,NA,70.08699798583984,0.00216317898593843,0.5624824656661951,78,0.20512820512820512,70,1.2142857142857142,338,2,18,0
NA,NA,NA,NA,NA,NA,NA,NA,NA,NA,18.153593063354492,0.0005602960591204464,0.30137944400300065,21,0.0,18,0.6111111111111112,338,2,18,1
NA,NA,NA,NA,NA,NA,NA,NA,NA,NA,37.81415557861328,0.0011671035317704082,0.28702263663105976,42,0.0,38,0.9210526315789473,338,2,18,2
NA,NA,NA,NA,NA,NA,NA,NA,NA,NA,71.65202331542969,0.0022114822641015053,0.6167141661802912,75,0.25333333333333335,72,1.2222222222222223,338,2,19,0
NA,NA,NA,NA,NA,NA,NA,NA,NA,NA,18.546600341796875,0.0005724259535782039,0.4232526452418385,20,0.0,19,0.7894736842105263,338,2,19,1
NA,NA,NA,NA,NA,NA,NA,NA,NA,NA,40.04554748535156,0.0012359736720100045,0.2971515398465499,45,0.1111111111111111,40,0.925,338,2,19,2
NA,NA,NA,NA,NA,NA,NA,NA,NA,NA,67.56011199951172,0.0020851886365562677,0.5733931048596957,62,0.1935483870967742,68,1.1911764705882353,338,2,20,0
NA,NA,NA,NA,NA,NA,NA,NA,NA,NA,19.903018951416016,0.000614290707744658,0.4834768181448173,20,0.1,20,0.75,338,2,20,1
NA,NA,NA,NA,NA,NA,NA,NA,NA,NA,40.22799301147461,0.0012416046811267734,0.3484780712581654,34,0.08823529411764706,40,1.05,338,2,20,2
NA,NA,NA,NA,NA,NA,NA,NA,NA,NA,62.96282958984375,0.0019432972185313702,0.4747283171316482,49,0.24489795918367346,63,1.1587301587301588,338,2,21,0
NA,NA,NA,NA,NA,NA,NA,NA,NA,NA,17.283422470092773,0.0005334389861673117,0.2685763365902285,15,0.0,17,0.5294117647058824,338,2,21,1
NA,NA,NA,NA,NA,NA,NA,NA,NA,NA,37.25818634033203,0.0011499440297484398,0.20927007698172492,24,0.0,37,0.8648648648648649,338,2,21,2
NA,NA,NA,NA,NA,NA,NA,NA,NA,NA,59.49201583862305,0.0018361733527854085,0.4204992316209084,57,0.15789473684210525,59,1.1016949152542372,338,2,22,0
NA,NA,NA,NA,NA,NA,NA,NA,NA,NA,17.186431884765625,0.000530445424374193,0.14052781582831805,14,0.0,17,0.5294117647058824,338,2,22,1
NA,NA,NA,NA,NA,NA,NA,NA,NA,NA,36.26386642456055,0.0011192550882697105,0.21077673643510855,36,0.0,36,0.8888888888888888,338,2,22,2
NA,NA,NA,NA,NA,NA,NA,NA,NA,NA,58.869747161865234,0.0018169675022363663,0.46515039393867347,54,0.12962962962962962,59,1.2203389830508475,338,2,23,0
NA,NA,NA,NA,NA,NA,NA,NA,NA,NA,17.274234771728516,0.0005331553984433413,0.11208412118128257,19,0.0,17,0.4117647058823529,338,2,23,1
NA,NA,NA,NA,NA,NA,NA,NA,NA,NA,36.12828063964844,0.0011150704231113195,0.13600076081309553,39,0.02564102564102564,36,0.8888888888888888,338,2,23,2
NA,NA,NA,NA,NA,NA,NA,NA,NA,NA,66.88578033447266,0.0020643759053200483,0.6732796789732306,56,0.42857142857142855,67,1.3134328358208955,338,2,24,0
NA,NA,NA,NA,NA,NA,NA,NA,NA,NA,18.905555725097656,0.0005835047923028469,0.2103812105205794,15,0.0,19,0.8421052631578947,338,2,24,1
NA,NA,NA,NA,NA,NA,NA,NA,NA,NA,37.764984130859375,0.0011655859416350722,0.2404944543440991,41,0.0,38,0.9736842105263158,338,2,24,2
NA,NA,NA,NA,NA,NA,NA,NA,NA,NA,69.83235931396484,0.0021553197875618935,0.7356272788128114,76,0.40789473684210525,70,1.3285714285714285,338,2,25,0
NA,NA,NA,NA,NA,NA,NA,NA,NA,NA,18.015336990356445,0.0005560289137065411,0.19919563151647537,17,0.0,18,1.0,338,2,25,1
NA,NA,NA,NA,NA,NA,NA,NA,NA,NA,39.4039192199707,0.0012161703780293465,0.33778536479725163,43,0.046511627906976744,39,1.1794871794871795,338,2,25,2
NA,NA,NA,NA,NA,NA,NA,NA,NA,NA,61.26600646972656,0.001890926156193018,0.673149609706574,62,0.25806451612903225,61,1.2459016393442623,338,2,26,0
NA,NA,NA,NA,NA,NA,NA,NA,NA,NA,17.161008834838867,0.0005296607851050794,0.31973330752329965,14,0.0,17,0.8235294117647058,338,2,26,1
NA,NA,NA,NA,NA,NA,NA,NA,NA,NA,35.52861404418945,0.0010965621331706643,0.13416034045371364,38,0.0,36,1.0833333333333333,338,2,26,2
NA,NA,NA,NA,NA,NA,NA,NA,NA,NA,56.548614501953125,0.0017453276086598635,0.6300626970825761,51,0.13725490196078433,57,1.280701754385965,338,2,27,0
NA,NA,NA,NA,NA,NA,NA,NA,NA,NA,17.020376205444336,0.0005253202398307621,0.09618335994273762,16,0.0,17,0.7058823529411765,338,2,27,1
NA,NA,NA,NA,NA,NA,NA,NA,NA,NA,35.30120086669922,0.0010895432205870748,0.1525048864202592,32,0.0,35,1.2571428571428571,338,2,27,2
NA,NA,NA,NA,NA,NA,NA,NA,NA,NA,54.759254455566406,0.0016901004128158092,0.6708866246265515,50,0.3,55,1.3454545454545455,338,2,28,0
NA,NA,NA,NA,NA,NA,NA,NA,NA,NA,17.40641212463379,0.0005372349405661225,0.14331213413694976,25,0.0,17,0.8235294117647058,338,2,28,1
NA,NA,NA,NA,NA,NA,NA,NA,NA,NA,35.65742874145508,0.0011005379492416978,0.17215686238027703,30,0.0,36,1.2222222222222223,338,2,28,2
NA,NA,NA,NA,NA,NA,NA,NA,NA,NA,53.33574676513672,0.0016461650375276804,0.562969811325905,50,0.14,53,1.3396226415094339,338,2,29,0
NA,NA,NA,NA,NA,NA,NA,NA,NA,NA,17.076013565063477,0.0005270374822430313,0.05089745343595635,11,0.0,17,0.8235294117647058,338,2,29,1
NA,NA,NA,NA,NA,NA,NA,NA,NA,NA,35.647918701171875,0.0011002443498000503,0.1818863148756617,29,0.034482758620689655,36,1.2777777777777777,338,2,29,2
NA,NA,NA,NA,NA,NA,NA,NA,NA,NA,53.81629943847656,0.001660996931605041,0.6177555907929333,48,0.20833333333333334,54,1.3518518518518519,338,2,30,0
NA,NA,NA,NA,NA,NA,NA,NA,NA,NA,17.13551139831543,0.0005288738175295293,0.05323843266337615,24,0.0,17,0.9411764705882353,338,2,30,1
NA,NA,NA,NA,NA,NA,NA,NA,NA,NA,35.962650299072266,0.0011099583934992552,0.13155420036777063,34,0.0,36,1.4444444444444444,338,2,30,2
NA,NA,NA,NA,NA,NA,NA,NA,NA,NA,51.464988708496094,0.001588425599038601,0.5240750580138304,61,0.14754098360655737,51,1.196078431372549,338,2,31,0
NA,NA,NA,NA,NA,NA,NA,NA,NA,NA,16.774932861328125,0.0005177448620088398,0.10126849450237765,20,0.0,17,1.1176470588235294,338,2,31,1
NA,NA,NA,NA,NA,NA,NA,NA,NA,NA,34.33143615722656,0.0010596122592687607,0.22131440344376951,38,0.02631578947368421,34,1.2941176470588236,338,2,31,2
NA,NA,NA,NA,NA,NA,NA,NA,NA,NA,50.587440490722656,0.0015613407595083117,0.5045919920528358,50,0.02,51,1.2745098039215685,338,2,32,0
NA,NA,NA,NA,NA,NA,NA,NA,NA,NA,16.67192268371582,0.0005145655013620853,0.2966964738819476,13,0.0,17,1.0,338,2,32,1
NA,NA,NA,NA,NA,NA,NA,NA,NA,NA,34.70146560668945,0.0010710328351706266,0.20659926058441902,31,0.03225806451612903,35,1.3142857142857143,338,2,32,2
NA,NA,NA,NA,NA,NA,NA,NA,NA,NA,50.371421813964844,0.0015546735376119614,0.5332971531537947,48,0.125,50,1.3,338,2,33,0
NA,NA,NA,NA,NA,NA,NA,NA,NA,NA,16.88908576965332,0.0005212680553086102,0.1818249064721992,11,0.0,17,0.9411764705882353,338,2,33,1
NA,NA,NA,NA,NA,NA,NA,NA,NA,NA,34.66880798339844,0.001070024911314249,0.19410942713414656,41,0.024390243902439025,35,1.3714285714285714,338,2,33,2
NA,NA,NA,NA,NA,NA,NA,NA,NA,NA,51.059085845947266,0.0015758976805955172,0.5811619431980464,54,0.2222222222222222,51,1.392156862745098,338,2,34,0
NA,NA,NA,NA,NA,NA,NA,NA,NA,NA,17.043743133544922,0.00052604143274948,0.07614690582514565,10,0.0,17,1.0,338,2,34,1
NA,NA,NA,NA,NA,NA,NA,NA,NA,NA,35.25349426269531,0.0010880707995966077,0.15420237528681546,30,0.03333333333333333,35,1.2571428571428571,338,2,34,2
NA,NA,NA,NA,NA,NA,NA,NA,NA,NA,49.85828399658203,0.0015388359315693378,0.5521171865418224,55,0.10909090909090909,50,1.32,338,2,35,0
NA,NA,NA,NA,NA,NA,NA,NA,NA,NA,17.21231460571289,0.0005312442663125694,0.13669267279664563,14,0.0,17,0.9411764705882353,338,2,35,1
NA,NA,NA,NA,NA,NA,NA,NA,NA,NA,35.4659423828125,0.0010946278925985098,0.14585618136693881,47,0.02127659574468085,35,1.2857142857142858,338,2,35,2
NA,NA,NA,NA,NA,NA,NA,NA,NA,NA,271.630615234375,0.008383660577237606,0.6229755695262698,287,0.4250871080139373,272,0.9816176470588235,338,3,1,0
NA,NA,NA,NA,NA,NA,NA,NA,NA,NA,62.683536529541016,0.0019346770131960511,0.6278696673656132,67,0.40298507462686567,63,0.9682539682539683,338,3,1,1
NA,NA,NA,NA,NA,NA,NA,NA,NA,NA,96.11328125,0.0029664593748748302,0.5108715342358913,89,0.23595505617977527,96,0.78125,338,3,1,2
NA,NA,NA,NA,NA,NA,NA,NA,NA,NA,220.6658172607422,0.006810673512518406,0.5680159243353669,220,0.3409090909090909,221,0.9502262443438914,338,3,2,0
NA,NA,NA,NA,NA,NA,NA,NA,NA,NA,52.26869583129883,0.0016132313758134842,0.6232857363653638,57,0.5614035087719298,52,0.9807692307692307,338,3,2,1
NA,NA,NA,NA,NA,NA,NA,NA,NA,NA,76.3772201538086,0.002357321558520198,0.32504899965084805,72,0.06944444444444445,76,0.6710526315789473,338,3,2,2
NA,NA,NA,NA,NA,NA,NA,NA,NA,NA,186.6700439453125,0.005761421285569668,0.5385399789383639,192,0.2552083333333333,187,0.946524064171123,338,3,3,0
NA,NA,NA,NA,NA,NA,NA,NA,NA,NA,36.80066680908203,0.0011358230840414762,0.414938649220432,38,0.13157894736842105,37,0.7027027027027027,338,3,3,1
NA,NA,NA,NA,NA,NA,NA,NA,NA,NA,65.73495483398438,0.002028856659308076,0.28044175749564637,62,0.0967741935483871,66,0.6515151515151515,338,3,3,2
NA,NA,NA,NA,NA,NA,NA,NA,NA,NA,161.77175903320312,0.0049929553642869,0.5072170865490115,148,0.3310810810810811,162,0.8333333333333334,338,3,4,0
NA,NA,NA,NA,NA,NA,NA,NA,NA,NA,29.26241111755371,0.0009031608351506293,0.3210824958339946,28,0.03571428571428571,29,0.5172413793103449,338,3,4,1
NA,NA,NA,NA,NA,NA,NA,NA,NA,NA,59.831626892089844,0.001846655155532062,0.2497672616160112,59,0.01694915254237288,60,0.5666666666666667,338,3,4,2
NA,NA,NA,NA,NA,NA,NA,NA,NA,NA,135.14561462402344,0.004171160981059074,0.4554755210449157,131,0.2595419847328244,135,0.762962962962963,338,3,5,0
NA,NA,NA,NA,NA,NA,NA,NA,NA,NA,25.00827407836914,0.0007718603010289371,0.11710456663023217,27,0.037037037037037035,25,0.48,338,3,5,1
NA,NA,NA,NA,NA,NA,NA,NA,NA,NA,53.75003433227539,0.0016589516308158636,0.2854436767050707,55,0.09090909090909091,54,0.6481481481481481,338,3,5,2
NA,NA,NA,NA,NA,NA,NA,NA,NA,NA,122.49210357666016,0.0037806204054504633,0.43468584162820206,112,0.17857142857142858,122,0.8114754098360656,338,3,6,0
NA,NA,NA,NA,NA,NA,NA,NA,NA,NA,22.630054473876953,0.0006984584615565836,0.3955119021245452,27,0.0,23,0.43478260869565216,338,3,6,1
NA,NA,NA,NA,NA,NA,NA,NA,NA,NA,50.200531005859375,0.0015493991086259484,0.2504846439581042,55,0.07272727272727272,50,0.54,338,3,6,2
NA,NA,NA,NA,NA,NA,NA,NA,NA,NA,110.00498962402344,0.003395215841010213,0.45234130919788873,99,0.21212121212121213,110,0.8454545454545455,338,3,7,0
NA,NA,NA,NA,NA,NA,NA,NA,NA,NA,20.94295310974121,0.0006463874597102404,0.3330125860738029,15,0.0,21,0.6190476190476191,338,3,7,1
NA,NA,NA,NA,NA,NA,NA,NA,NA,NA,47.860084533691406,0.00147716305218637,0.33479471385590953,45,0.06666666666666667,48,0.6666666666666666,338,3,7,2
NA,NA,NA,NA,NA,NA,NA,NA,NA,NA,99.23371887207031,0.0030627690721303225,0.44350452322833456,93,0.16129032258064516,99,0.8080808080808081,338,3,8,0
NA,NA,NA,NA,NA,NA,NA,NA,NA,NA,19.970123291015625,0.000616361852735281,0.4123402137264171,21,0.0,20,0.5,338,3,8,1
NA,NA,NA,NA,NA,NA,NA,NA,NA,NA,47.248905181884766,0.0014582995790988207,0.4559173211587539,48,0.08333333333333333,47,0.7872340425531915,338,3,8,2
NA,NA,NA,NA,NA,NA,NA,NA,NA,NA,85.11710357666016,0.0026270709931850433,0.41816026936570067,79,0.16455696202531644,85,0.7294117647058823,338,3,9,0
NA,NA,NA,NA,NA,NA,NA,NA,NA,NA,19.121917724609375,0.0005901826662011445,0.29372174822273406,15,0.0,19,0.47368421052631576,338,3,9,1
NA,NA,NA,NA,NA,NA,NA,NA,NA,NA,41.481327056884766,0.0012802878627553582,0.26962412340078673,48,0.0,41,0.6585365853658537,338,3,9,2
NA,NA,NA,NA,NA,NA,NA,NA,NA,NA,78.93453979492188,0.0024362511467188597,0.4198599346181897,90,0.2,79,0.8227848101265823,338,3,10,0
NA,NA,NA,NA,NA,NA,NA,NA,NA,NA,18.532970428466797,0.0005720052868127823,0.4292341486106461,12,0.0,19,0.42105263157894735,338,3,10,1
NA,NA,NA,NA,NA,NA,NA,NA,NA,NA,40.24606704711914,0.001242162543348968,0.306632928653163,41,0.024390243902439025,40,0.75,338,3,10,2
NA,NA,NA,NA,NA,NA,NA,NA,NA,NA,74.7827377319336,0.002308109076693654,0.454739798268061,71,0.11267605633802817,75,0.9466666666666667,338,3,11,0
NA,NA,NA,NA,NA,NA,NA,NA,NA,NA,18.286819458007812,0.0005644080229103565,0.4647394974568257,23,0.0,18,0.6666666666666666,338,3,11,1
NA,NA,NA,NA,NA,NA,NA,NA,NA,NA,39.81561279296875,0.0012288769939914346,0.30749177271442324,39,0.02564102564102564,40,0.775,338,3,11,2
NA,NA,NA,NA,NA,NA,NA,NA,NA,NA,68.29449462890625,0.002107854699715972,0.4519421804530739,79,0.12658227848101267,68,0.8676470588235294,338,3,12,0
NA,NA,NA,NA,NA,NA,NA,NA,NA,NA,18.05712890625,0.0005573187954723835,0.1804641452340709,16,0.0625,18,0.5555555555555556,338,3,12,1
NA,NA,NA,NA,NA,NA,NA,NA,NA,NA,39.21574783325195,0.0012103625340387225,0.312828710005828,37,0.05405405405405406,39,0.7948717948717948,338,3,12,2
NA,NA,NA,NA,NA,NA,NA,NA,NA,NA,61.267234802246094,0.0018909639911726117,0.4005934959615057,55,0.12727272727272726,61,0.8360655737704918,338,3,13,0
NA,NA,NA,NA,NA,NA,NA,NA,NA,NA,17.337045669555664,0.0005350940045900643,0.24467986831810998,16,0.0,17,0.47058823529411764,338,3,13,1
NA,NA,NA,NA,NA,NA,NA,NA,NA,NA,38.05529022216797,0.001174545963294804,0.21460157857278625,32,0.03125,38,0.868421052631579,338,3,13,2
NA,NA,NA,NA,NA,NA,NA,NA,NA,NA,57.63138961791992,0.0017787466058507562,0.3947231670184206,68,0.10294117647058823,58,0.7931034482758621,338,3,14,0
NA,NA,NA,NA,NA,NA,NA,NA,NA,NA,17.00789451599121,0.0005249350215308368,0.25929674680041614,18,0.0,17,0.47058823529411764,338,3,14,1
NA,NA,NA,NA,NA,NA,NA,NA,NA,NA,36.64615249633789,0.0011310541303828359,0.15303724609115585,32,0.0,37,0.918918918918919,338,3,14,2
NA,NA,NA,NA,NA,NA,NA,NA,NA,NA,53.07869338989258,0.0016382313333451748,0.33029036858029104,55,0.0,53,0.7924528301886793,338,3,15,0
NA,NA,NA,NA,NA,NA,NA,NA,NA,NA,16.850650787353516,0.0005200818413868546,0.17611032144284744,10,0.0,17,0.47058823529411764,338,3,15,1
NA,NA,NA,NA,NA,NA,NA,NA,NA,NA,35.317447662353516,0.0010900447377935052,0.14198765435462127,47,0.0425531914893617,35,0.9142857142857143,338,3,15,2
NA,NA,NA,NA,NA,NA,NA,NA,NA,NA,50.42346954345703,0.0015562799526378512,0.2837883984694156,53,0.018867924528301886,50,0.76,338,3,16,0
NA,NA,NA,NA,NA,NA,NA,NA,NA,NA,16.691614151000977,0.0005151732475496829,0.1483108836758779,19,0.0,17,0.5882352941176471,338,3,16,1
NA,NA,NA,NA,NA,NA,NA,NA,NA,NA,34.6720085144043,0.00107012374792248,0.1318684883630576,35,0.02857142857142857,35,1.0285714285714285,338,3,16,2
NA,NA,NA,NA,NA,NA,NA,NA,NA,NA,49.6596565246582,0.0015327055007219315,0.2470596320336477,40,0.025,50,0.86,338,3,17,0
NA,NA,NA,NA,NA,NA,NA,NA,NA,NA,16.61351203918457,0.0005127626936882734,0.11821954149447138,16,0.0,17,0.47058823529411764,338,3,17,1
NA,NA,NA,NA,NA,NA,NA,NA,NA,NA,36.270687103271484,0.0011194656835868955,0.23959429187544456,49,0.061224489795918366,36,1.1111111111111112,338,3,17,2
NA,NA,NA,NA,NA,NA,NA,NA,NA,NA,46.823360443115234,0.001445165486074984,0.26140161873453144,44,0.0,47,0.8085106382978723,338,3,18,0
NA,NA,NA,NA,NA,NA,NA,NA,NA,NA,16.735490798950195,0.0005165275069884956,0.12130615768874621,20,0.0,17,0.9411764705882353,338,3,18,1
NA,NA,NA,NA,NA,NA,NA,NA,NA,NA,34.715538024902344,0.001071467180736363,0.1453814153037511,25,0.0,35,1.0285714285714285,338,3,18,2
NA,NA,NA,NA,NA,NA,NA,NA,NA,NA,46.88304138183594,0.0014470074092969298,0.4292139588502994,54,0.16666666666666666,47,1.0212765957446808,338,3,19,0
NA,NA,NA,NA,NA,NA,NA,NA,NA,NA,16.631546020507812,0.0005133193335495889,0.3297920649490693,16,0.0,17,0.8823529411764706,338,3,19,1
NA,NA,NA,NA,NA,NA,NA,NA,NA,NA,35.07748031616211,0.0010826382786035538,0.3113364177022054,39,0.05128205128205128,35,1.1714285714285715,338,3,19,2
NA,NA,NA,NA,NA,NA,NA,NA,NA,NA,43.8358268737793,0.001352957566268742,0.3104387956052008,44,0.06818181818181818,44,0.9318181818181818,338,3,20,0
NA,NA,NA,NA,NA,NA,NA,NA,NA,NA,16.48512077331543,0.0005088000325486064,0.14806387947036687,12,0.0,16,0.9375,338,3,20,1
NA,NA,NA,NA,NA,NA,NA,NA,NA,NA,33.934654235839844,0.0010473658330738544,0.15487874510441682,30,0.03333333333333333,34,1.088235294117647,338,3,20,2
NA,NA,NA,NA,NA,NA,NA,NA,NA,NA,42.55286407470703,0.0013133600587025285,0.3193385152482377,34,0.0,43,1.0930232558139534,338,3,21,0
NA,NA,NA,NA,NA,NA,NA,NA,NA,NA,16.439544677734375,0.0005073933280073106,0.14839396655498593,28,0.0,16,1.0,338,3,21,1
NA,NA,NA,NA,NA,NA,NA,NA,NA,NA,33.75901794433594,0.0010419449536129832,0.14603745583303174,39,0.02564102564102564,34,1.2352941176470589,338,3,21,2
NA,NA,NA,NA,NA,NA,NA,NA,NA,NA,42.30315399169922,0.001305652898736298,0.2019518022564777,38,0.02631578947368421,42,1.0952380952380953,338,3,22,0
NA,NA,NA,NA,NA,NA,NA,NA,NA,NA,16.393815994262695,0.0005059819668531418,0.272157560714223,16,0.0,16,0.75,338,3,22,1
NA,NA,NA,NA,NA,NA,NA,NA,NA,NA,33.80892562866211,0.0010434853611513972,0.15110665761551856,36,0.0,34,1.2647058823529411,338,3,22,2
NA,NA,NA,NA,NA,NA,NA,NA,NA,NA,42.28666305541992,0.0013051439309492707,0.1728975476564082,40,0.05,42,1.0,338,3,23,0
NA,NA,NA,NA,NA,NA,NA,NA,NA,NA,16.36202621459961,0.0005050008185207844,0.11990509454075848,16,0.0,16,1.0,338,3,23,1
NA,NA,NA,NA,NA,NA,NA,NA,NA,NA,34.56913757324219,0.0010669486364349723,0.36221421203115894,32,0.03125,35,1.1142857142857143,338,3,23,2
NA,NA,NA,NA,NA,NA,NA,NA,NA,NA,41.58122253417969,0.0012833711225539446,0.2463423489346967,28,0.0,42,0.9761904761904762,338,3,24,0
NA,NA,NA,NA,NA,NA,NA,NA,NA,NA,16.419517517089844,0.0005067752208560705,0.06775112385822768,21,0.0,16,0.8125,338,3,24,1
NA,NA,NA,NA,NA,NA,NA,NA,NA,NA,34.478759765625,0.001064159208908677,0.35445791291444184,44,0.045454545454545456,34,1.0588235294117647,338,3,24,2
NA,NA,NA,NA,NA,NA,NA,NA,NA,NA,40.908546447753906,0.0012626094976440072,0.2218497807601841,30,0.0,41,1.0,338,3,25,0
NA,NA,NA,NA,NA,NA,NA,NA,NA,NA,16.455028533935547,0.0005078712711110711,0.07339836278658968,12,0.0,16,0.875,338,3,25,1
NA,NA,NA,NA,NA,NA,NA,NA,NA,NA,33.69343185424805,0.0010399207239970565,0.15251690506213306,34,0.0,34,0.8235294117647058,338,3,25,2
NA,NA,NA,NA,NA,NA,NA,NA,NA,NA,40.527008056640625,0.0012508336221799254,0.1848412954024435,50,0.02,41,0.9512195121951219,338,3,26,0
NA,NA,NA,NA,NA,NA,NA,NA,NA,NA,16.363588333129883,0.0005050490144640207,0.07920946293197637,19,0.0,16,0.875,338,3,26,1
NA,NA,NA,NA,NA,NA,NA,NA,NA,NA,33.545162200927734,0.0010353445541113615,0.11987440476237064,32,0.03125,34,0.8529411764705882,338,3,26,2
NA,NA,NA,NA,NA,NA,NA,NA,NA,NA,40.371803283691406,0.0012460433645173907,0.19462176146064974,38,0.0,40,0.825,338,3,27,0
NA,NA,NA,NA,NA,NA,NA,NA,NA,NA,16.256662368774414,0.0005017488147132099,0.10473412980146667,14,0.0,16,0.6875,338,3,27,1
NA,NA,NA,NA,NA,NA,NA,NA,NA,NA,34.3239860534668,0.0010593823390081525,0.32571963462263587,32,0.0,34,1.1176470588235294,338,3,27,2
NA,NA,NA,NA,NA,NA,NA,NA,NA,NA,41.12840270996094,0.0012693951139226556,0.38595596170490987,38,0.05263157894736842,41,1.146341463414634,338,3,28,0
NA,NA,NA,NA,NA,NA,NA,NA,NA,NA,16.324417114257812,0.000503840041346848,0.28573964904107624,15,0.0,16,1.0625,338,3,28,1
NA,NA,NA,NA,NA,NA,NA,NA,NA,NA,33.34456253051758,0.0010291531216353178,0.12092036281307522,38,0.0,33,0.7575757575757576,338,3,28,2
NA,NA,NA,NA,NA,NA,NA,NA,NA,NA,40.38935852050781,0.0012465851614251733,0.23450253257818576,27,0.0,40,1.0,338,3,29,0
NA,NA,NA,NA,NA,NA,NA,NA,NA,NA,16.315269470214844,0.0005035576759837568,0.07896235356462951,23,0.0,16,0.6875,338,3,29,1
NA,NA,NA,NA,NA,NA,NA,NA,NA,NA,33.49698257446289,0.0010338574647903442,0.1246335372631296,36,0.0,33,0.8181818181818182,338,3,29,2
NA,NA,NA,NA,NA,NA,NA,NA,NA,NA,40.344505310058594,0.0012452007504180074,0.1900853991664267,38,0.0,40,0.925,338,3,30,0
NA,NA,NA,NA,NA,NA,NA,NA,NA,NA,16.26282501220703,0.0005019390373490751,0.07845945259304257,15,0.0,16,0.6875,338,3,30,1
NA,NA,NA,NA,NA,NA,NA,NA,NA,NA,33.511783599853516,0.0010343142785131931,0.11186051504018454,33,0.0,34,0.8529411764705882,338,3,30,2
NA,NA,NA,NA,NA,NA,NA,NA,NA,NA,40.24268341064453,0.0012420581188052893,0.1679170559296176,35,0.0,40,0.95,338,3,31,0
NA,NA,NA,NA,NA,NA,NA,NA,NA,NA,16.25267791748047,0.0005016258801333606,0.08776956150563917,19,0.0,16,0.5625,338,3,31,1
NA,NA,NA,NA,NA,NA,NA,NA,NA,NA,33.463253021240234,0.0010328164789825678,0.09747310086520407,37,0.02702702702702703,33,0.8181818181818182,338,3,31,2
NA,NA,NA,NA,NA,NA,NA,NA,NA,NA,40.16976547241211,0.001239807577803731,0.1522995358603028,40,0.0,40,0.85,338,3,32,0
NA,NA,NA,NA,NA,NA,NA,NA,NA,NA,16.245981216430664,0.0005014191847294569,0.09000196440098442,21,0.0,16,0.5625,338,3,32,1
NA,NA,NA,NA,NA,NA,NA,NA,NA,NA,33.43355941772461,0.0010318999411538243,0.09225897916540993,42,0.023809523809523808,33,0.8181818181818182,338,3,32,2
NA,NA,NA,NA,NA,NA,NA,NA,NA,NA,40.063934326171875,0.0012365411967039108,0.14753248087785692,45,0.0,40,0.725,338,3,33,0
NA,NA,NA,NA,NA,NA,NA,NA,NA,NA,16.24001121520996,0.0005012348992750049,0.10742352562158168,15,0.0,16,0.5625,338,3,33,1
NA,NA,NA,NA,NA,NA,NA,NA,NA,NA,33.33396911621094,0.0010288262274116278,0.08548887338518672,49,0.0,33,0.7878787878787878,338,3,33,2
NA,NA,NA,NA,NA,NA,NA,NA,NA,NA,40.176368713378906,0.00124001142103225,0.12751832197390348,52,0.0,40,0.85,338,3,34,0
NA,NA,NA,NA,NA,NA,NA,NA,NA,NA,16.231170654296875,0.0005009620799683034,0.07101344461327484,11,0.0,16,0.5625,338,3,34,1
NA,NA,NA,NA,NA,NA,NA,NA,NA,NA,33.500247955322266,0.0010339582804590464,0.09571735730288772,35,0.0,34,0.8529411764705882,338,3,34,2
NA,NA,NA,NA,NA,NA,NA,NA,NA,NA,40.09232711791992,0.0012374174548313022,0.16294772931539184,42,0.0,40,0.775,338,3,35,0
NA,NA,NA,NA,NA,NA,NA,NA,NA,NA,16.234216690063477,0.0005010560853406787,0.08369264615520612,17,0.0,16,0.375,338,3,35,1
NA,NA,NA,NA,NA,NA,NA,NA,NA,NA,33.881439208984375,0.00104572344571352,0.19607505174457984,37,0.0,34,0.9117647058823529,338,3,35,2
0.8515901060070671,283,1.1936507936507936,315,1.1902985074626866,268,1.2837837837837838,444,1.0141509433962264,212,281.50640869140625,0.008688469417393208,0.625329104882829,273,0.43223443223443225,282,1.0,339,0,1,0
0.7530864197530864,81,0.8076923076923077,52,1.1623931623931625,117,1.5380116959064327,171,1.0208333333333333,48,67.57462310791016,0.002085636602714658,0.626595567354516,70,0.6285714285714286,68,1.0147058823529411,339,0,1,1
0.5875,80,0.7294117647058823,85,0.835820895522388,67,0.43137254901960786,51,1.125,104,105.11970520019531,0.003244435414671898,0.44823605279941137,116,0.22413793103448276,105,0.780952380952381,339,0,1,2
0.8819444444444444,288,1.052,250,1.0494505494505495,182,1.3621323529411764,544,0.6777777777777778,90,220.50595092773438,0.006805739365518093,0.5730990522534347,217,0.29493087557603687,221,0.8597285067873304,339,0,2,0
0.4444444444444444,45,0.9583333333333334,72,0.8666666666666667,30,0.6060606060606061,33,0.5,24,48.47303009033203,0.001496081124059856,0.4829644381090237,48,0.2708333333333333,48,0.8125,339,0,2,1
0.5520833333333334,96,0.8783783783783784,74,1.106060606060606,66,0.3333333333333333,30,1.1411764705882352,85,81.90538024902344,0.0025279438123106956,0.3841497292965791,77,0.18181818181818182,82,0.5853658536585366,339,0,2,2
0.7839506172839507,162,0.8791208791208791,182,0.7816091954022989,87,1.0,141,0.9054054054054054,148,180.55441284179688,0.005572666879743338,0.5226832699389984,188,0.26595744680851063,181,0.8784530386740331,339,0,3,0
0.3888888888888889,18,0.9032258064516129,31,1.170731707317073,41,0.5,18,0.0,2,32.60319519042969,0.0010062714572995901,0.42809856444402905,29,0.0,33,0.6363636363636364,339,0,3,1
0.5384615384615384,78,0.7727272727272727,44,0.7,40,1.4201680672268908,119,1.6134020618556701,194,70.89872741699219,0.002188232261687517,0.42160130979909255,67,0.07462686567164178,71,0.7464788732394366,339,0,3,2
0.796875,192,1.0,159,1.065934065934066,91,0.9787234042553191,94,0.8461538461538461,117,158.44764709472656,0.0048903594724833965,0.506144291351343,151,0.2582781456953642,158,0.8291139240506329,339,0,4,0
0.6190476190476191,21,0.8823529411764706,17,0.2222222222222222,9,0.0,5,-1.0,0,27.529504776000977,0.0008496760856360197,0.406508118376595,28,0.03571428571428571,28,0.42857142857142855,339,0,4,1
0.4716981132075472,53,0.8823529411764706,51,1.0,52,0.4117647058823529,17,0.6923076923076923,13,58.90648651123047,0.0018181013874709606,0.3507735284873877,64,0.078125,59,0.6271186440677966,339,0,4,2
0.6573426573426573,143,0.8731343283582089,134,0.8048780487804879,82,1.0451612903225806,155,0.5777777777777777,45,132.43125915527344,0.004087384324520826,0.45628590843775896,123,0.21138211382113822,132,0.7878787878787878,339,0,5,0
0.5,26,0.8260869565217391,23,0.0,3,0.0,1,1.75,240,24.637821197509766,0.0007604265701957047,0.25591424218638986,30,0.0,25,0.32,339,0,5,1
0.618421052631579,76,0.6842105263157895,57,1.2894736842105263,114,0.0,2,0.0,6,54.83200454711914,0.0016923458315432072,0.2799030562643235,51,0.0784313725490196,55,0.7090909090909091,339,0,5,2
0.7394957983193278,119,0.8791208791208791,91,1.2035928143712575,167,0.9830508474576272,59,0.5185185185185185,27,123.04689025878906,0.0037977434694767,0.45473399740290926,113,0.20353982300884957,123,0.7967479674796748,339,0,6,0
0.46153846153846156,26,0.8518518518518519,27,0.0,1,0.4,5,0.0,2,22.63971710205078,0.0006987567176111042,0.24478297731723225,18,0.05555555555555555,23,0.43478260869565216,339,0,6,1
0.35555555555555557,45,0.775,40,0.14285714285714285,14,1.34375,64,0.45454545454545453,11,50.17597579956055,0.001548641244880855,0.2388285634108707,52,0.057692307692307696,50,0.68,339,0,6,2
0.5128205128205128,78,0.7848101265822784,79,0.9186046511627907,86,0.48148148148148145,27,1.361344537815126,119,109.63664245605469,0.003383846953511238,0.43049924333133444,112,0.16964285714285715,110,0.7363636363636363,339,0,7,0
0.29411764705882354,17,0.9722222222222222,36,0.0,2,0.0,1,1.4242424242424243,66,20.962900161743164,0.0006470030639320612,0.19909394292244809,20,0.0,21,0.19047619047619047,339,0,7,1
0.5238095238095238,42,0.875,40,1.0327868852459017,61,0.35714285714285715,14,0.0,1,46.878395080566406,0.0014468641020357609,0.19282050474338364,49,0.02040816326530612,47,0.6382978723404256,339,0,7,2
0.5135135135135135,111,0.8524590163934426,61,1.303370786516854,89,1.3374233128834356,163,1.5483870967741935,155,94.97264099121094,0.0029312544502317905,0.39295314591030983,93,0.17204301075268819,95,0.7052631578947368,339,0,8,0
0.2857142857142857,14,0.8421052631578947,19,0.0,1,0.0,1,1.3484848484848484,66,20.106605529785156,0.0006205742247402668,0.07719893846884669,16,0.0,20,0.3,339,0,8,1
0.5333333333333333,60,0.9393939393939394,66,1.236842105263158,114,0.0,3,0.5454545454545454,11,43.494659423828125,0.0013424278004094958,0.12509740566644098,34,0.0,43,0.5581395348837209,339,0,8,2
0.5128205128205128,78,1.009009009009009,111,0.9032258064516129,93,0.4634146341463415,41,0.5405405405405406,37,92.1998519897461,0.0028456745203584433,0.4625648795402387,81,0.2222222222222222,92,0.8043478260869565,339,0,9,0
0.5714285714285714,14,0.16666666666666666,6,1.4680851063829787,47,1.0333333333333334,30,1.5566037735849056,106,19.299724578857422,0.0005956704844720662,0.280738880488909,16,0.0,19,0.47368421052631576,339,0,9,1
0.46153846153846156,39,0.5,20,0.6666666666666666,12,0.6666666666666666,18,0.42857142857142855,7,43.04147720336914,0.0013284406159073114,0.251503644114491,39,0.0,43,0.5813953488372093,339,0,9,2
0.7526881720430108,93,0.84375,64,0.7894736842105263,76,1.3333333333333333,114,1.4718614718614718,231,82.00094604492188,0.002530893310904503,0.426697124981907,79,0.16455696202531644,82,0.7195121951219512,339,0,10,0
0.375,16,0.5,4,1.1,30,-1.0,0,-1.0,0,18.396480560302734,0.0005677926237694919,0.3411531407718267,17,0.0,18,0.3333333333333333,339,0,10,1
0.47619047619047616,42,0.8285714285714286,35,1.1041666666666667,48,1.1267605633802817,71,0.4,15,40.809906005859375,0.0012595650041475892,0.19242853500278706,47,0.06382978723404255,41,0.7804878048780488,339,0,10,2
0.40350877192982454,57,0.7636363636363637,55,0.7307692307692307,52,0.6363636363636364,22,1.3273809523809523,168,75.28538513183594,0.0023236230481415987,0.4039972426718782,70,0.14285714285714285,75,0.76,339,0,11,0
0.17647058823529413,17,0.5,2,0.8125,16,0.0,1,1.5054945054945055,91,18.147315979003906,0.0005601023440249264,0.11971763412911184,20,0.0,18,0.5,339,0,11,1
0.5609756097560976,41,0.7027027027027027,37,0.6,20,1.2337662337662338,77,0.5217391304347826,23,39.787654876708984,0.0012280140072107315,0.22099276518570554,35,0.0,40,0.85,339,0,11,2
0.5915492957746479,71,0.7076923076923077,65,1.3008849557522124,113,1.3015873015873016,126,0.5,14,69.33763885498047,0.002140050521120429,0.41445335990687465,70,0.12857142857142856,69,0.7101449275362319,339,0,12,0
0.38095238095238093,21,0.9230769230769231,13,0.0,2,-1.0,0,0.0,1,17.555404663085938,0.0005418334621936083,0.28486519991547493,20,0.0,18,0.5,339,0,12,1
0.25925925925925924,27,0.6756756756756757,37,1.131578947368421,38,0.42857142857142855,7,0.0,2,40.71725082397461,0.0012567052617669106,0.5325706754614767,41,0.14634146341463414,41,1.024390243902439,339,0,12,2
0.691358024691358,81,1.0,75,1.0625,48,1.0285714285714285,70,0.5789473684210527,19,64.45753479003906,0.0019894300494343042,0.40861403512167077,61,0.11475409836065574,64,0.9375,339,0,13,0
0.42857142857142855,28,1.2962962962962963,27,0.0,1,-1.0,0,-1.0,0,17.526973724365234,0.0005409559817053378,0.3778898278502003,18,0.0,18,0.6111111111111112,339,0,13,1
0.47368421052631576,38,0.803921568627451,51,0.42857142857142855,7,0.9444444444444444,18,1.4603174603174602,189,37.540931701660156,0.0011586707551032305,0.2819320823290403,44,0.0,38,0.868421052631579,339,0,13,2
0.4745762711864407,59,1.125,88,1.211111111111111,90,1.2407407407407407,54,0.4166666666666667,12,64.1510238647461,0.001979969907552004,0.46874076045612467,83,0.20481927710843373,64,1.03125,339,0,14,0
0.375,16,0.5714285714285714,7,1.2857142857142858,14,0.4,5,0.5384615384615384,13,17.894954681396484,0.0005523134022951126,0.2238486575206068,21,0.0,18,0.5555555555555556,339,0,14,1
0.2692307692307692,26,0.696969696969697,33,0.8235294117647058,34,1.4565217391304348,46,0.3333333333333333,3,38.39904022216797,0.0011851555900648236,0.3033426793606253,46,0.06521739130434782,38,0.9210526315789473,339,0,14,2
0.5166666666666667,60,1.0555555555555556,72,1.42,100,0.7058823529411765,17,0.75,20,64.0604248046875,0.001977173611521721,0.5095316577434659,81,0.2839506172839506,64,1.0,339,0,15,0
0.18181818181818182,11,1.0416666666666667,24,0.9473684210526315,19,0.0,2,0.0,2,17.85372543334961,0.0005510409246198833,0.15714591226804156,18,0.0,18,0.5555555555555556,339,0,15,1
0.2857142857142857,28,0.7777777777777778,18,0.85,20,0.94,50,1.4866666666666666,150,39.566226959228516,0.0012211798457428813,0.45162341316022847,52,0.057692307692307696,40,1.0,339,0,15,2
0.46153846153846156,52,0.8545454545454545,55,0.9482758620689655,58,0.7142857142857143,35,0.25,12,59.33226013183594,0.0018312425818294287,0.41777743803553413,62,0.1935483870967742,59,0.864406779661017,339,0,16,0
0.37037037037037035,27,0.8333333333333334,12,1.293103448275862,58,-1.0,0,-1.0,0,16.84796142578125,0.000519998837262392,0.28539801435579637,26,0.0,17,0.47058823529411764,339,0,16,1
0.25806451612903225,31,0.6666666666666666,30,1.302325581395349,86,1.527027027027027,74,1.6559139784946237,465,37.297691345214844,0.001151163363829255,0.32697276273455905,31,0.06451612903225806,37,1.054054054054054,339,0,16,2
0.48717948717948717,39,0.6964285714285714,56,0.6176470588235294,34,0.3333333333333333,15,0.6666666666666666,15,57.1796989440918,0.0017648055218160152,0.38325401916683915,55,0.10909090909090909,57,1.0,339,0,17,0
0.5714285714285714,7,0.95,20,1.1538461538461537,13,0.8125,16,0.0,6,16.80013656616211,0.0005185227491892874,0.1813550762874786,21,0.0,17,0.5294117647058824,339,0,17,1
0.4,30,1.1585365853658536,82,1.4851485148514851,101,1.1428571428571428,35,-1.0,0,35.035743713378906,0.0010813501430675387,0.1072848565568047,35,0.0,35,1.0571428571428572,339,0,17,2
0.5396825396825397,63,0.7941176470588235,68,1.1363636363636365,66,0.6296296296296297,54,0.5,18,55.43503189086914,0.0017109577311202884,0.3476143652778256,53,0.1320754716981132,55,0.9272727272727272,339,0,18,0
0.5641025641025641,39,1.0689655172413792,29,1.2903225806451613,31,1.3478260869565217,23,-1.0,0,16.78708839416504,0.0005181200103834271,0.3482031047645937,14,0.0,17,0.35294117647058826,339,0,18,1
0.6136363636363636,44,1.0263157894736843,38,0.631578947368421,19,0.3333333333333333,3,1.2063492063492063,63,34.402740478515625,0.001061812974512577,0.1847317233984483,30,0.0,34,0.9117647058823529,339,0,18,2
0.5319148936170213,47,0.7631578947368421,38,1.103448275862069,29,0.7741935483870968,31,1.3695652173913044,92,54.60590744018555,0.0016853675479069352,0.3503007373112922,57,0.08771929824561403,55,0.8909090909090909,339,0,19,0
0.5,30,1.0,19,0.3333333333333333,3,1.56,50,0.0,1,17.655977249145508,0.0005449375603348017,0.10960648860300969,11,0.09090909090909091,18,0.9444444444444444,339,0,19,1
0.5238095238095238,63,1.032258064516129,31,1.0408163265306123,49,0.0,3,0.0,3,34.53832244873047,0.001065997639670968,0.14144721085873643,27,0.0,35,0.9428571428571428,339,0,19,2
0.6973684210526315,76,0.6857142857142857,35,1.0869565217391304,69,0.98,50,0.5,10,51.2501106262207,0.0015817935345694423,0.34004362317943015,51,0.058823529411764705,51,0.9607843137254902,339,0,20,0
0.375,24,0.9333333333333333,30,0.25,4,1.7027027027027026,74,1.620408163265306,245,16.743244171142578,0.0005167667986825109,0.44981196325893685,14,0.0,17,0.4117647058823529,339,0,20,1
0.5192307692307693,52,1.0,32,0.16666666666666666,6,0.0,4,0.2,10,33.62239074707031,0.001037728157825768,0.21779825877082834,31,0.0,34,0.9705882352941176,339,0,20,2
0.34782608695652173,46,0.8181818181818182,66,0.9333333333333333,45,1.4482758620689655,174,0.2,10,50.7342529296875,0.0015658719930797815,0.29792552385130916,47,0.06382978723404255,51,0.9411764705882353,339,0,21,0
0.5,14,0.0,1,-1.0,0,-1.0,0,-1.0,0,16.8181209564209,0.0005190778174437582,0.10838867929951226,15,0.0,17,0.6470588235294118,339,0,21,1
0.4375,32,0.7407407407407407,27,0.8823529411764706,34,1.3636363636363635,33,0.3333333333333333,12,35.039573669433594,0.001081468304619193,0.08297118165309321,32,0.0,35,1.0,339,0,21,2
0.4318181818181818,44,0.9285714285714286,28,0.8518518518518519,27,0.3333333333333333,6,1.1818181818181819,55,48.8688850402832,0.0015082989120855927,0.3022200175044676,54,0.07407407407407407,49,0.8775510204081632,339,0,22,0
0.35714285714285715,14,1.0,35,1.3703703703703705,27,1.1071428571428572,28,-1.0,0,16.602924346923828,0.0005124359158799052,0.26227606456085456,22,0.0,17,0.5882352941176471,339,0,22,1
0.30434782608695654,23,0.75,24,1.4556962025316456,79,0.14285714285714285,7,0.25,4,34.123565673828125,0.0010531964944675565,0.19575309703663163,34,0.0,34,1.0588235294117647,339,0,22,2
0.5471698113207547,53,0.9193548387096774,62,0.45454545454545453,11,1.50354609929078,141,0.3684210526315789,19,47.399574279785156,0.0014629497891291976,0.35055948142570154,46,0.043478260869565216,47,0.9361702127659575,339,0,23,0
0.25,12,1.1176470588235294,34,0.6666666666666666,6,0.875,8,-1.0,0,16.875213623046875,0.0005208399379625916,0.24524884557264331,19,0.0,17,0.8823529411764706,339,0,23,1
0.5,36,1.0294117647058822,34,0.3333333333333333,3,0.75,20,1.4411764705882353,102,34.26787567138672,0.0010576504282653332,0.2556836429603041,45,0.0,34,0.9705882352941176,339,0,23,2
0.5645161290322581,62,1.1578947368421053,38,1.1304347826086956,23,0.2,5,0.3333333333333333,3,46.25696563720703,0.0014276840956881642,0.3423031750605397,46,0.021739130434782608,46,0.8478260869565217,339,0,24,0
0.3333333333333333,12,0.0,2,1.303030303030303,33,-1.0,0,-1.0,0,16.533334732055664,0.0005102881113998592,0.23109047647760061,20,0.0,17,0.6470588235294118,339,0,24,1
0.5142857142857142,35,0.8529411764705882,34,1.16,25,0.0,2,1.652,250,34.17393112182617,0.0010547509882599115,0.1952276927220494,32,0.0,34,1.088235294117647,339,0,24,2
0.4444444444444444,45,0.8148148148148148,54,1.3689320388349515,103,0.6428571428571429,56,1.0375,80,45.11266326904297,0.0013923661317676306,0.3485356618348097,48,0.041666666666666664,45,0.9333333333333333,339,0,25,0
0.3333333333333333,15,0.9090909090909091,33,1.4705882352941178,34,0.0,4,-1.0,0,16.573612213134766,0.0005115312524139881,0.11978393495154925,10,0.0,17,0.6470588235294118,339,0,25,1
0.5,16,1.032258064516129,62,0.9473684210526315,19,1.5042735042735043,117,0.0,1,33.84121322631836,0.0010444818763062358,0.10706708069384303,36,0.0,34,1.088235294117647,339,0,25,2
0.4925373134328358,67,0.7692307692307693,13,1.1724137931034482,58,0.8787878787878788,33,0.2222222222222222,9,46.45405197143555,0.0014337670290842652,0.3934855798685756,48,0.041666666666666664,46,1.108695652173913,339,0,26,0
0.35714285714285715,14,1.0,12,0.0,1,0.0,3,-1.0,0,16.605379104614258,0.0005125117022544146,0.23532251912052354,19,0.0,17,0.8235294117647058,339,0,26,1
0.4444444444444444,45,0.6923076923076923,26,1.2432432432432432,37,1.3888888888888888,36,0.9696969696969697,33,34.98450469970703,0.0010797686409205198,0.2424127238288355,43,0.0,35,1.2857142857142858,339,0,26,2
0.3695652173913043,46,0.6923076923076923,26,0.75,16,0.7058823529411765,17,0.25,4,44.716007232666016,0.0013801236636936665,0.4149395824681475,37,0.10810810810810811,45,0.9333333333333333,339,0,27,0
0.2,10,0.7692307692307693,26,1.4324324324324325,37,1.3076923076923077,26,-1.0,0,16.447879791259766,0.0005076506058685482,0.14460089985903984,21,0.0,16,0.75,339,0,27,1
0.5666666666666667,30,0.7368421052631579,19,0.3333333333333333,3,-1.0,0,0.5,2,34.053897857666016,0.0010510461870580912,0.15897214250281405,32,0.0,34,1.2352941176470589,339,0,27,2
0.4772727272727273,44,0.9482758620689655,58,0.6956521739130435,23,0.972972972972973,37,0.5,8,42.788692474365234,0.001320638693869114,0.3659980068802394,46,0.021739130434782608,43,0.9534883720930233,339,0,28,0
0.4375,16,1.0,21,0.8571428571428571,7,-1.0,0,-1.0,0,16.395076751708984,0.0005060209077782929,0.23236759893280892,11,0.0,16,0.6875,339,0,28,1
0.5135135135135135,37,1.0434782608695652,23,1.1538461538461537,13,1.131578947368421,38,0.0,2,32.99138259887695,0.0010182525729760528,0.1864097331227621,27,0.0,33,0.8787878787878788,339,0,28,2
0.41935483870967744,31,0.6444444444444445,45,0.3333333333333333,12,1.28,25,0.75,4,42.38178634643555,0.0013080798089504242,0.4015584852600754,50,0.0,42,0.9285714285714286,339,0,29,0
0.5833333333333334,12,0.5714285714285714,7,0.6666666666666666,3,1.6338028169014085,71,-1.0,0,16.41128921508789,0.0005065212608315051,0.2396911706319577,21,0.0,16,1.0625,339,0,29,1
0.6923076923076923,52,0.6666666666666666,12,1.0185185185185186,54,1.5783132530120483,83,1.5737704918032787,61,32.909786224365234,0.0010157341603189707,0.21746205395611815,42,0.0,33,0.9696969696969697,339,0,29,2
0.4482758620689655,29,1.0566037735849056,53,0.36363636363636365,11,1.4772727272727273,44,0.5,2,42.85539245605469,0.0013226972660049796,0.41747432819222624,26,0.07692307692307693,43,1.1627906976744187,339,0,30,0
0.2777777777777778,18,1.3478260869565217,23,-1.0,0,1.5058823529411764,85,1.7166666666666666,120,16.44538688659668,0.0005075736553408206,0.4030327772036728,17,0.0,16,1.0,339,0,30,1
0.36363636363636365,22,1.0526315789473684,38,1.1818181818181819,44,0.0,1,-1.0,0,33.2760009765625,0.0010270370403304696,0.19989404488522675,35,0.02857142857142857,33,1.1515151515151516,339,0,30,2
0.45901639344262296,61,0.8181818181818182,22,1.0666666666666667,45,0.9166666666666666,24,1.3137254901960784,102,43.4546012878418,0.001341191353276372,0.4405960495278172,58,0.06896551724137931,43,1.302325581395349,339,0,31,0
0.2,10,0.8666666666666667,15,0.0,2,0.0,1,-1.0,0,16.571908950805664,0.0005114786908961833,0.15825638354286645,23,0.0,17,0.9411764705882353,339,0,31,1
0.5454545454545454,33,0.8928571428571429,28,1.537313432835821,67,1.2820512820512822,39,1.6341463414634145,82,33.849918365478516,0.0010447505628690124,0.22598065043556595,31,0.0,34,1.0294117647058822,339,0,31,2
0.41379310344827586,29,1.1875,80,1.2857142857142858,49,1.1153846153846154,26,1.4473684210526316,76,42.22460174560547,0.0013032284332439303,0.4173227766537145,42,0.023809523809523808,42,1.0952380952380953,339,0,32,0
0.5789473684210527,19,0.84,25,1.4042553191489362,47,1.4166666666666667,24,-1.0,0,16.354833602905273,0.0005047788145020604,0.29204283175536977,18,0.0,16,0.9375,339,0,32,1
0.5365853658536586,41,0.7333333333333333,15,1.1,10,1.3846153846153846,26,0.5,2,33.03851318359375,0.0010197071824222803,0.2130937094793447,39,0.0,33,0.9393939393939394,339,0,32,2
0.38235294117647056,34,1.0357142857142858,84,1.0285714285714285,35,0.5,4,0.6666666666666666,3,43.02812576293945,0.001328028622083366,0.44198280135861207,38,0.05263157894736842,43,1.186046511627907,339,0,33,0
0.4,30,1.105263157894737,19,1.1666666666666667,24,0.9354838709677419,31,-1.0,0,16.33710479736328,0.0005042316042818129,0.21073214124258965,17,0.0,16,0.625,339,0,33,1
0.48717948717948717,39,0.9444444444444444,18,1.2727272727272727,55,0.5,16,-1.0,0,32.911048889160156,0.0010157731594517827,0.17658536394021607,27,0.0,33,0.9696969696969697,339,0,33,2
0.42857142857142855,42,0.8571428571428571,28,1.2142857142857142,28,0.9583333333333334,24,0.45454545454545453,11,42.84206771850586,0.0013222860870882869,0.4263600886718568,48,0.0625,43,0.9534883720930233,339,0,34,0
0.5625,16,0.0,2,1.4814814814814814,27,0.875,8,-1.0,0,16.238943099975586,0.0005012019537389278,0.1701434500833193,14,0.0,16,0.5,339,0,34,1
0.3783783783783784,37,0.972972972972973,37,1.4230769230769231,26,1.2121212121212122,33,0.0,4,32.4962043762207,0.0010029692202806473,0.2736426998529756,33,0.0,32,0.75,339,0,34,2
0.5172413793103449,29,1.0232558139534884,43,0.5,4,1.2934782608695652,92,0.3333333333333333,9,43.276737213134766,0.0013357017887756228,0.4432269061472833,38,0.07894736842105263,43,1.0930232558139534,339,0,35,0
0.25,12,0.8,15,0.5,2,-1.0,0,-1.0,0,16.27349853515625,0.0005022684927098453,0.22601711980549397,18,0.05555555555555555,16,0.625,339,0,35,1
0.5757575757575758,33,1.125,24,-1.0,0,1.5733333333333333,75,0.8636363636363636,22,32.81150817871094,0.001012700842693448,0.1653023088934903,36,0.0,33,1.0909090909090908,339,0,35,2
NA,NA,NA,NA,NA,NA,NA,NA,NA,NA,305.71258544921875,0.00943557359278202,0.66155229155513,315,0.4984126984126984,306,1.0588235294117647,339,1,1,0
NA,NA,NA,NA,NA,NA,NA,NA,NA,NA,65.7623062133789,0.002029700903221965,0.5462610241291805,48,0.2708333333333333,66,0.9696969696969697,339,1,1,1
NA,NA,NA,NA,NA,NA,NA,NA,NA,NA,115.58716583251953,0.0035675051622092724,0.5058414048781329,122,0.26229508196721313,116,0.8103448275862069,339,1,1,2
NA,NA,NA,NA,NA,NA,NA,NA,NA,NA,242.30174255371094,0.007478449027985334,0.6010242502653649,229,0.3231441048034934,242,0.9504132231404959,339,1,2,0
NA,NA,NA,NA,NA,NA,NA,NA,NA,NA,45.736480712890625,0.0014116198290139437,0.5312433876134561,43,0.20930232558139536,46,0.8478260869565217,339,1,2,1
NA,NA,NA,NA,NA,NA,NA,NA,NA,NA,87.74478912353516,0.0027081724256277084,0.43728560436472436,90,0.07777777777777778,88,0.8068181818181818,339,1,2,2
NA,NA,NA,NA,NA,NA,NA,NA,NA,NA,201.68777465820312,0.006224931217730045,0.6080072842710452,185,0.2810810810810811,202,0.8910891089108911,339,1,3,0
NA,NA,NA,NA,NA,NA,NA,NA,NA,NA,34.264644622802734,0.0010575507767498493,0.3650336567420526,36,0.08333333333333333,34,0.6470588235294118,339,1,3,1
NA,NA,NA,NA,NA,NA,NA,NA,NA,NA,72.10355377197266,0.0022254183422774076,0.3769374912961311,74,0.13513513513513514,72,0.6805555555555556,339,1,3,2
NA,NA,NA,NA,NA,NA,NA,NA,NA,NA,160.51889038085938,0.004954286850988865,0.5931016707770973,135,0.26666666666666666,161,0.8757763975155279,339,1,4,0
NA,NA,NA,NA,NA,NA,NA,NA,NA,NA,30.865177154541016,0.0009526289068162441,0.5459280009793944,30,0.06666666666666667,31,0.5161290322580645,339,1,4,1
NA,NA,NA,NA,NA,NA,NA,NA,NA,NA,57.86701202392578,0.0017860188381746411,0.3135136462201758,47,0.0851063829787234,58,0.5862068965517241,339,1,4,2
NA,NA,NA,NA,NA,NA,NA,NA,NA,NA,140.01344299316406,0.004321402404457331,0.5993547051712232,140,0.32142857142857145,140,0.85,339,1,5,0
NA,NA,NA,NA,NA,NA,NA,NA,NA,NA,25.97469711303711,0.0008016881765797734,0.3000205334176504,22,0.0,26,0.6538461538461539,339,1,5,1
NA,NA,NA,NA,NA,NA,NA,NA,NA,NA,52.05442810058594,0.0016066181706264615,0.28491313974981364,42,0.023809523809523808,52,0.5384615384615384,339,1,5,2
NA,NA,NA,NA,NA,NA,NA,NA,NA,NA,113.74176025390625,0.0035105482675135136,0.5164081419160891,117,0.19658119658119658,114,0.8333333333333334,339,1,6,0
NA,NA,NA,NA,NA,NA,NA,NA,NA,NA,21.620731353759766,0.0006673065363429487,0.49063063467482804,20,0.0,22,0.5909090909090909,339,1,6,1
NA,NA,NA,NA,NA,NA,NA,NA,NA,NA,48.76726531982422,0.0015051625669002533,0.3155759073716793,37,0.05405405405405406,49,0.673469387755102,339,1,6,2
NA,NA,NA,NA,NA,NA,NA,NA,NA,NA,95.91694641113281,0.002960399491712451,0.5061003495420613,89,0.15730337078651685,96,0.875,339,1,7,0
NA,NA,NA,NA,NA,NA,NA,NA,NA,NA,20.20839500427246,0.0006237158668227494,0.41813977570523814,16,0.0,20,0.35,339,1,7,1
NA,NA,NA,NA,NA,NA,NA,NA,NA,NA,43.70388412475586,0.001348885358311236,0.16491930308221495,46,0.021739130434782608,44,0.8409090909090909,339,1,7,2
NA,NA,NA,NA,NA,NA,NA,NA,NA,NA,86.67463684082031,0.0026751430705189705,0.5074305017547838,104,0.23076923076923078,87,0.9425287356321839,339,1,8,0
NA,NA,NA,NA,NA,NA,NA,NA,NA,NA,19.434423446655273,0.0005998279084451497,0.3553441013792537,20,0.0,19,0.5263157894736842,339,1,8,1
NA,NA,NA,NA,NA,NA,NA,NA,NA,NA,44.879878997802734,0.0013851814437657595,0.21563466346209778,45,0.022222222222222223,45,0.8888888888888888,339,1,8,2
NA,NA,NA,NA,NA,NA,NA,NA,NA,NA,76.7125015258789,0.002367669716477394,0.49068489352732825,75,0.14666666666666667,77,0.948051948051948,339,1,9,0
NA,NA,NA,NA,NA,NA,NA,NA,NA,NA,18.620159149169922,0.0005746962851844728,0.5768653631173764,22,0.0,19,0.5263157894736842,339,1,9,1
NA,NA,NA,NA,NA,NA,NA,NA,NA,NA,41.7923583984375,0.001289887586608529,0.42276213196298884,38,0.05263157894736842,42,0.9047619047619048,339,1,9,2
NA,NA,NA,NA,NA,NA,NA,NA,NA,NA,67.06233978271484,0.002069825306534767,0.4141132384944422,69,0.14492753623188406,67,0.9850746268656716,339,1,10,0
NA,NA,NA,NA,NA,NA,NA,NA,NA,NA,18.16105079650879,0.0005605262704193592,0.4835203929606708,20,0.0,18,0.5,339,1,10,1
NA,NA,NA,NA,NA,NA,NA,NA,NA,NA,37.55870819091797,0.0011592194205150008,0.1762704484778527,47,0.02127659574468085,38,0.7368421052631579,339,1,10,2
NA,NA,NA,NA,NA,NA,NA,NA,NA,NA,64.73845672607422,0.0019981004297733307,0.515049229658378,67,0.13432835820895522,65,0.8923076923076924,339,1,11,0
NA,NA,NA,NA,NA,NA,NA,NA,NA,NA,17.863265991210938,0.0005513353971764445,0.4310070657059156,26,0.0,18,0.3888888888888889,339,1,11,1
NA,NA,NA,NA,NA,NA,NA,NA,NA,NA,37.75355911254883,0.0011652333196252584,0.3143624152901135,29,0.06896551724137931,38,0.9210526315789473,339,1,11,2
NA,NA,NA,NA,NA,NA,NA,NA,NA,NA,58.506561279296875,0.0018057581037282944,0.5036732285838571,59,0.1016949152542373,59,0.864406779661017,339,1,12,0
NA,NA,NA,NA,NA,NA,NA,NA,NA,NA,17.306659698486328,0.0005341561627574265,0.2740422391198444,22,0.0,17,0.35294117647058826,339,1,12,1
NA,NA,NA,NA,NA,NA,NA,NA,NA,NA,36.3335075378418,0.001121404580771923,0.18096174074598995,27,0.037037037037037035,36,0.9166666666666666,339,1,12,2
NA,NA,NA,NA,NA,NA,NA,NA,NA,NA,54.28041076660156,0.001675321371294558,0.5244611245345282,57,0.07017543859649122,54,0.8888888888888888,339,1,13,0
NA,NA,NA,NA,NA,NA,NA,NA,NA,NA,17.221471786499023,0.0005315269227139652,0.5630547569801805,6,0.0,17,0.6470588235294118,339,1,13,1
NA,NA,NA,NA,NA,NA,NA,NA,NA,NA,34.69816970825195,0.0010709312045946717,0.19730253358846245,37,0.0,35,0.9714285714285714,339,1,13,2
NA,NA,NA,NA,NA,NA,NA,NA,NA,NA,49.1519660949707,0.001517035998404026,0.4624337165750382,50,0.04,49,0.9795918367346939,339,1,14,0
NA,NA,NA,NA,NA,NA,NA,NA,NA,NA,16.891342163085938,0.0005213377298787236,0.43834470113998764,17,0.0,17,0.5294117647058824,339,1,14,1
NA,NA,NA,NA,NA,NA,NA,NA,NA,NA,33.47052764892578,0.0010330409277230501,0.3254612325925442,27,0.0,33,1.0303030303030303,339,1,14,2
NA,NA,NA,NA,NA,NA,NA,NA,NA,NA,49.518280029296875,0.0015283420216292143,0.45382018054313034,57,0.07017543859649122,50,1.2,339,1,15,0
NA,NA,NA,NA,NA,NA,NA,NA,NA,NA,17.102678298950195,0.0005278604221530259,0.37228612884227585,16,0.0,17,0.7058823529411765,339,1,15,1
NA,NA,NA,NA,NA,NA,NA,NA,NA,NA,34.257930755615234,0.0010573435574769974,0.12606319387121523,33,0.0,34,1.0294117647058822,339,1,15,2
NA,NA,NA,NA,NA,NA,NA,NA,NA,NA,50.2352180480957,0.001550469663925469,0.5481693072970798,60,0.13333333333333333,50,1.14,339,1,16,0
NA,NA,NA,NA,NA,NA,NA,NA,NA,NA,16.906272888183594,0.0005217985599301755,0.17515512252826257,12,0.0,17,0.7058823529411765,339,1,16,1
NA,NA,NA,NA,NA,NA,NA,NA,NA,NA,33.91160583496094,0.0010466545354574919,0.24879584510910419,38,0.0,34,1.2058823529411764,339,1,16,2
NA,NA,NA,NA,NA,NA,NA,NA,NA,NA,48.13418197631836,0.0014856229536235332,0.5753216387461738,39,0.1282051282051282,48,1.125,339,1,17,0
NA,NA,NA,NA,NA,NA,NA,NA,NA,NA,16.779699325561523,0.0005178919527679682,0.14822052717784107,15,0.0,17,0.6470588235294118,339,1,17,1
NA,NA,NA,NA,NA,NA,NA,NA,NA,NA,33.290870666503906,0.0010274960659444332,0.40908702189503904,30,0.0,33,1.2727272727272727,339,1,17,2
NA,NA,NA,NA,NA,NA,NA,NA,NA,NA,45.91613006591797,0.001417164457961917,0.5759269641637011,42,0.14285714285714285,46,1.0869565217391304,339,1,18,0
NA,NA,NA,NA,NA,NA,NA,NA,NA,NA,16.46845054626465,0.0005082855350337923,0.33997843874606215,22,0.0,16,0.4375,339,1,18,1
NA,NA,NA,NA,NA,NA,NA,NA,NA,NA,33.435874938964844,0.001031971420161426,0.18093459716780613,28,0.0,33,1.3636363636363635,339,1,18,2
NA,NA,NA,NA,NA,NA,NA,NA,NA,NA,44.57676315307617,0.0013758260756731033,0.543634734497647,38,0.07894736842105263,45,1.1111111111111112,339,1,19,0
NA,NA,NA,NA,NA,NA,NA,NA,NA,NA,16.443687438964844,0.0005075212102383375,0.3682229962458385,19,0.0,16,0.6875,339,1,19,1
NA,NA,NA,NA,NA,NA,NA,NA,NA,NA,33.304542541503906,0.001027917955070734,0.18852713311671548,33,0.0,33,1.2727272727272727,339,1,19,2
NA,NA,NA,NA,NA,NA,NA,NA,NA,NA,44.021671295166016,0.0013586935820057988,0.5455038524583287,35,0.08571428571428572,44,1.0,339,1,20,0
NA,NA,NA,NA,NA,NA,NA,NA,NA,NA,16.399736404418945,0.0005061646807007492,0.35520172832602326,14,0.0,16,0.6875,339,1,20,1
NA,NA,NA,NA,NA,NA,NA,NA,NA,NA,33.525611877441406,0.0010347410570830107,0.23520291622246037,29,0.0,34,1.0588235294117647,339,1,20,2
NA,NA,NA,NA,NA,NA,NA,NA,NA,NA,44.712371826171875,0.0013800114393234253,0.6041804646805297,42,0.07142857142857142,45,1.1111111111111112,339,1,21,0
NA,NA,NA,NA,NA,NA,NA,NA,NA,NA,16.456998825073242,0.0005079320399090648,0.4139874271667036,13,0.0,16,0.8125,339,1,21,1
NA,NA,NA,NA,NA,NA,NA,NA,NA,NA,34.16279983520508,0.0010544074466452003,0.31156756297539295,39,0.02564102564102564,34,1.088235294117647,339,1,21,2
NA,NA,NA,NA,NA,NA,NA,NA,NA,NA,42.81443786621094,0.0013214332284405828,0.4188987830973184,40,0.075,43,0.9302325581395349,339,1,22,0
NA,NA,NA,NA,NA,NA,NA,NA,NA,NA,16.35810089111328,0.0005048796301707625,0.2898841922944015,18,0.0,16,0.625,339,1,22,1
NA,NA,NA,NA,NA,NA,NA,NA,NA,NA,32.80890655517578,0.0010126205161213875,0.2442735066764959,46,0.0,33,1.0909090909090908,339,1,22,2
NA,NA,NA,NA,NA,NA,NA,NA,NA,NA,41.673484802246094,0.0012862186413258314,0.38793240029269876,36,0.027777777777777776,42,0.8809523809523809,339,1,23,0
NA,NA,NA,NA,NA,NA,NA,NA,NA,NA,16.266965866088867,0.000502066861372441,0.2615743749229141,12,0.0,16,0.75,339,1,23,1
NA,NA,NA,NA,NA,NA,NA,NA,NA,NA,33.44371795654297,0.001032213564030826,0.23088398617423783,29,0.034482758620689655,33,1.0909090909090908,339,1,23,2
NA,NA,NA,NA,NA,NA,NA,NA,NA,NA,41.7068977355957,0.0012872499646618962,0.42506468708464223,41,0.0,42,0.7619047619047619,339,1,24,0
NA,NA,NA,NA,NA,NA,NA,NA,NA,NA,16.23541259765625,0.0005010929889976978,0.2655125159967355,12,0.0,16,0.8125,339,1,24,1
NA,NA,NA,NA,NA,NA,NA,NA,NA,NA,35.68666458129883,0.0011014402844011784,0.5194677533738411,32,0.0625,36,1.3055555555555556,339,1,24,2
NA,NA,NA,NA,NA,NA,NA,NA,NA,NA,41.262001037597656,0.0012735185446217656,0.37247896857542334,44,0.045454545454545456,41,1.048780487804878,339,1,25,0
NA,NA,NA,NA,NA,NA,NA,NA,NA,NA,16.326828002929688,0.0005039144307374954,0.4023351722954564,9,0.0,16,1.1875,339,1,25,1
NA,NA,NA,NA,NA,NA,NA,NA,NA,NA,32.646026611328125,0.0010075934696942568,0.4173194753212847,39,0.02564102564102564,33,1.1818181818181819,339,1,25,2
NA,NA,NA,NA,NA,NA,NA,NA,NA,NA,40.6725959777832,0.0012553270207718015,0.33767738822703935,41,0.0,41,0.9512195121951219,339,1,26,0
NA,NA,NA,NA,NA,NA,NA,NA,NA,NA,16.27094268798828,0.0005021895631216466,0.3301941492052932,22,0.0,16,1.125,339,1,26,1
NA,NA,NA,NA,NA,NA,NA,NA,NA,NA,32.39221954345703,0.0009997598826885223,0.35932259603788597,30,0.0,32,1.0,339,1,26,2
NA,NA,NA,NA,NA,NA,NA,NA,NA,NA,39.918636322021484,0.0012320566456764936,0.29928367078386836,32,0.0,40,0.8,339,1,27,0
NA,NA,NA,NA,NA,NA,NA,NA,NA,NA,16.241029739379883,0.0005012663314118981,0.27843214700404,17,0.0,16,1.125,339,1,27,1
NA,NA,NA,NA,NA,NA,NA,NA,NA,NA,32.256526947021484,0.0009955718414857984,0.19480994123283923,29,0.0,32,0.90625,339,1,27,2
NA,NA,NA,NA,NA,NA,NA,NA,NA,NA,39.154396057128906,0.0012084690388292074,0.293188209357677,42,0.023809523809523808,39,0.6153846153846154,339,1,28,0
NA,NA,NA,NA,NA,NA,NA,NA,NA,NA,16.217409133911133,0.0005005373386666179,0.23763871688513488,14,0.0,16,1.125,339,1,28,1
NA,NA,NA,NA,NA,NA,NA,NA,NA,NA,32.176753997802734,0.0009931096574291587,0.07671053115743948,26,0.0,32,0.875,339,1,28,2
NA,NA,NA,NA,NA,NA,NA,NA,NA,NA,38.494449615478516,0.001188100315630436,0.34639188559123185,42,0.023809523809523808,38,0.5,339,1,29,0
NA,NA,NA,NA,NA,NA,NA,NA,NA,NA,16.195566177368164,0.0004998631775379181,0.19585029462715925,15,0.0,16,1.0,339,1,29,1
NA,NA,NA,NA,NA,NA,NA,NA,NA,NA,32.12184524536133,0.000991414999589324,0.013533919888957859,33,0.0,32,0.34375,339,1,29,2
NA,NA,NA,NA,NA,NA,NA,NA,NA,NA,38.1052131652832,0.0011760868364945054,0.402310033915792,38,0.0,38,0.18421052631578946,339,1,30,0
NA,NA,NA,NA,NA,NA,NA,NA,NA,NA,16.174636840820312,0.0004992171889171004,0.15588809958518463,16,0.0,16,0.5625,339,1,30,1
NA,NA,NA,NA,NA,NA,NA,NA,NA,NA,32.09603500366211,0.0009906183695420623,-0.0040514755202942735,22,0.0,32,0.25,339,1,30,2
NA,NA,NA,NA,NA,NA,NA,NA,NA,NA,37.92375946044922,0.001170486444607377,0.3960672144271992,32,0.0,38,0.10526315789473684,339,1,31,0
NA,NA,NA,NA,NA,NA,NA,NA,NA,NA,16.157743453979492,0.0004986957646906376,0.13111683598170057,12,0.0,16,0.375,339,1,31,1
NA,NA,NA,NA,NA,NA,NA,NA,NA,NA,32.08585739135742,0.0009903042810037732,-0.008446877574469009,38,0.0,32,0.25,339,1,31,2
NA,NA,NA,NA,NA,NA,NA,NA,NA,NA,37.84247589111328,0.0011679776944220066,0.39086380396668524,32,0.0,38,0.07894736842105263,339,1,32,0
NA,NA,NA,NA,NA,NA,NA,NA,NA,NA,16.14591407775879,0.0004983306862413883,0.11971832404182345,14,0.0,16,0.0625,339,1,32,1
NA,NA,NA,NA,NA,NA,NA,NA,NA,NA,32.08369445800781,0.0009902374586090446,-0.009495153825588663,32,0.0,32,0.25,339,1,32,2
NA,NA,NA,NA,NA,NA,NA,NA,NA,NA,37.80594253540039,0.001166850095614791,0.3898098785519973,32,0.0,38,0.07894736842105263,339,1,33,0
NA,NA,NA,NA,NA,NA,NA,NA,NA,NA,16.139659881591797,0.0004981376696377993,0.11573283464963796,15,0.0,16,0.0625,339,1,33,1
NA,NA,NA,NA,NA,NA,NA,NA,NA,NA,32.08477020263672,0.0009902706369757652,-0.009787977781713577,31,0.0,32,0.25,339,1,33,2
NA,NA,NA,NA,NA,NA,NA,NA,NA,NA,37.786319732666016,0.0011662443866953254,0.38953080743771057,50,0.0,38,0.07894736842105263,339,1,34,0
NA,NA,NA,NA,NA,NA,NA,NA,NA,NA,16.135522842407227,0.0004980099620297551,0.11367143272115604,12,0.0,16,0.0625,339,1,34,1
NA,NA,NA,NA,NA,NA,NA,NA,NA,NA,32.08740997314453,0.000990352127701044,-0.009892807676720471,33,0.0,32,0.25,339,1,34,2
NA,NA,NA,NA,NA,NA,NA,NA,NA,NA,37.77332305908203,0.0011658433359116316,0.3893975806531874,31,0.0,38,0.07894736842105263,339,1,35,0
NA,NA,NA,NA,NA,NA,NA,NA,NA,NA,16.132339477539062,0.0004979117074981332,0.11240855517998813,16,0.0,16,0.0625,339,1,35,1
NA,NA,NA,NA,NA,NA,NA,NA,NA,NA,32.09062576293945,0.0009904514299705625,-0.009968696580316934,30,0.0,32,0.25,339,1,35,2
NA,NA,NA,NA,NA,NA,NA,NA,NA,NA,290.3608093261719,0.008961752988398075,0.6397361157770978,290,0.3724137931034483,290,0.9793103448275862,339,2,1,0
NA,NA,NA,NA,NA,NA,NA,NA,NA,NA,63.20130920410156,0.0019506576936692,0.576651676703386,69,0.42028985507246375,63,0.8888888888888888,339,2,1,1
NA,NA,NA,NA,NA,NA,NA,NA,NA,NA,102.85653686523438,0.0031745843589305878,0.5374304330641567,84,0.19047619047619047,103,0.8349514563106796,339,2,1,2
NA,NA,NA,NA,NA,NA,NA,NA,NA,NA,237.74514770507812,0.007337813265621662,0.6100243410309107,242,0.3677685950413223,238,0.9243697478991597,339,2,2,0
NA,NA,NA,NA,NA,NA,NA,NA,NA,NA,45.80668640136719,0.0014137866673991084,0.4480456276208888,43,0.18604651162790697,46,0.717391304347826,339,2,2,1
NA,NA,NA,NA,NA,NA,NA,NA,NA,NA,88.7809829711914,0.0027401538100093603,0.451099777010891,104,0.23076923076923078,89,0.8426966292134831,339,2,2,2
NA,NA,NA,NA,NA,NA,NA,NA,NA,NA,201.83139038085938,0.006229363847523928,0.6061895803083629,192,0.40625,202,0.905940594059406,339,2,3,0
NA,NA,NA,NA,NA,NA,NA,NA,NA,NA,34.633262634277344,0.001068927813321352,0.3288956512213562,46,0.10869565217391304,35,0.45714285714285713,339,2,3,1
NA,NA,NA,NA,NA,NA,NA,NA,NA,NA,71.65865325927734,0.002211686922237277,0.4451864845918031,78,0.20512820512820512,72,0.8055555555555556,339,2,3,2
NA,NA,NA,NA,NA,NA,NA,NA,NA,NA,171.25692749023438,0.005285707768052816,0.5754600501741258,182,0.3241758241758242,171,0.9824561403508771,339,2,4,0
NA,NA,NA,NA,NA,NA,NA,NA,NA,NA,28.125125885009766,0.0008680594619363546,0.21457587271642709,42,0.023809523809523808,28,0.4642857142857143,339,2,4,1
NA,NA,NA,NA,NA,NA,NA,NA,NA,NA,66.53621673583984,0.0020535869989544153,0.46702606624401166,75,0.14666666666666667,67,0.7611940298507462,339,2,4,2
NA,NA,NA,NA,NA,NA,NA,NA,NA,NA,142.87144470214844,0.004409612622112036,0.5211162552807603,166,0.20481927710843373,143,0.8951048951048951,339,2,5,0
NA,NA,NA,NA,NA,NA,NA,NA,NA,NA,25.83513832092285,0.0007973808096721768,0.21824459069359012,31,0.03225806451612903,26,0.38461538461538464,339,2,5,1
NA,NA,NA,NA,NA,NA,NA,NA,NA,NA,55.472686767578125,0.0017121199052780867,0.35151909196080017,47,0.1276595744680851,55,0.7272727272727273,339,2,5,2
NA,NA,NA,NA,NA,NA,NA,NA,NA,NA,128.3491973876953,0.003961395006626844,0.5501649811381732,111,0.2702702702702703,128,0.890625,339,2,6,0
NA,NA,NA,NA,NA,NA,NA,NA,NA,NA,24.32067108154297,0.0007506380206905305,0.33914834498792507,21,0.0,24,0.4166666666666667,339,2,6,1
NA,NA,NA,NA,NA,NA,NA,NA,NA,NA,54.127593994140625,0.0016706048045307398,0.4256002165260797,59,0.13559322033898305,54,0.6851851851851852,339,2,6,2
NA,NA,NA,NA,NA,NA,NA,NA,NA,NA,111.63784790039062,0.0034456124994903803,0.5469296091019048,105,0.2571428571428571,112,0.9285714285714286,339,2,7,0
NA,NA,NA,NA,NA,NA,NA,NA,NA,NA,22.00179672241211,0.0006790678016841412,0.1508806505162578,28,0.0,22,0.3181818181818182,339,2,7,1
NA,NA,NA,NA,NA,NA,NA,NA,NA,NA,57.747222900390625,0.0017823217203840613,0.5469517904833183,55,0.2,58,0.9655172413793104,339,2,7,2
NA,NA,NA,NA,NA,NA,NA,NA,NA,NA,101.87480163574219,0.003144284011796117,0.5415135487304019,103,0.18446601941747573,102,1.0098039215686274,339,2,8,0
NA,NA,NA,NA,NA,NA,NA,NA,NA,NA,21.570486068725586,0.0006657557678408921,0.4458991324776484,22,0.045454545454545456,22,0.4090909090909091,339,2,8,1
NA,NA,NA,NA,NA,NA,NA,NA,NA,NA,49.509422302246094,0.0015280685620382428,0.4598585040213754,58,0.06896551724137931,50,0.88,339,2,8,2
NA,NA,NA,NA,NA,NA,NA,NA,NA,NA,92.9998779296875,0.0028703666757792234,0.5100096420073463,94,0.23404255319148937,93,0.946236559139785,339,2,9,0
NA,NA,NA,NA,NA,NA,NA,NA,NA,NA,20.65497589111328,0.0006374992663040757,0.34355358441794254,22,0.0,21,0.42857142857142855,339,2,9,1
NA,NA,NA,NA,NA,NA,NA,NA,NA,NA,45.40968322753906,0.0014015334891155362,0.3742405430632628,43,0.09302325581395349,45,0.8222222222222222,339,2,9,2
NA,NA,NA,NA,NA,NA,NA,NA,NA,NA,85.34634399414062,0.0026341464836150408,0.5059968423582133,94,0.24468085106382978,85,0.9647058823529412,339,2,10,0
NA,NA,NA,NA,NA,NA,NA,NA,NA,NA,19.65703010559082,0.0006066984497010708,0.32050187352663206,26,0.038461538461538464,20,0.55,339,2,10,1
NA,NA,NA,NA,NA,NA,NA,NA,NA,NA,45.05897903442383,0.0013907091924920678,0.34190815177049766,44,0.022727272727272728,45,0.8666666666666667,339,2,10,2
NA,NA,NA,NA,NA,NA,NA,NA,NA,NA,76.88508605957031,0.0023729964159429073,0.49181389533467207,80,0.2125,77,0.987012987012987,339,2,11,0
NA,NA,NA,NA,NA,NA,NA,NA,NA,NA,18.866954803466797,0.0005823133978992701,0.2220250902007269,22,0.0,19,0.5789473684210527,339,2,11,1
NA,NA,NA,NA,NA,NA,NA,NA,NA,NA,41.69026184082031,0.0012867364566773176,0.2676648396885075,41,0.04878048780487805,42,0.9047619047619048,339,2,11,2
NA,NA,NA,NA,NA,NA,NA,NA,NA,NA,75.92236328125,0.002343282802030444,0.5839081205881927,80,0.3,76,1.0394736842105263,339,2,12,0
NA,NA,NA,NA,NA,NA,NA,NA,NA,NA,18.361225128173828,0.0005667044897563756,0.40633978572888013,19,0.0,18,0.7777777777777778,339,2,12,1
NA,NA,NA,NA,NA,NA,NA,NA,NA,NA,44.590972900390625,0.0013762646121904254,0.3621235788243365,46,0.13043478260869565,45,1.0,339,2,12,2
NA,NA,NA,NA,NA,NA,NA,NA,NA,NA,67.45978546142578,0.002082092221826315,0.5458397051946706,68,0.16176470588235295,67,1.0298507462686568,339,2,13,0
NA,NA,NA,NA,NA,NA,NA,NA,NA,NA,17.966934204101562,0.0005545350140891969,0.4324711264416402,16,0.0,18,0.6111111111111112,339,2,13,1
NA,NA,NA,NA,NA,NA,NA,NA,NA,NA,39.98924255371094,0.001234235824085772,0.30969974999184874,42,0.023809523809523808,40,0.95,339,2,13,2
NA,NA,NA,NA,NA,NA,NA,NA,NA,NA,65.43809509277344,0.002019694307819009,0.5218330452249728,69,0.2608695652173913,65,1.0153846153846153,339,2,14,0
NA,NA,NA,NA,NA,NA,NA,NA,NA,NA,17.415922164916992,0.0005375284818001091,0.35222674111375346,18,0.0,17,0.7058823529411765,339,2,14,1
NA,NA,NA,NA,NA,NA,NA,NA,NA,NA,37.679115295410156,0.0011629356304183602,0.18809751268854288,26,0.0,38,0.868421052631579,339,2,14,2
NA,NA,NA,NA,NA,NA,NA,NA,NA,NA,57.016170501708984,0.0017597583355382085,0.4445793110183729,67,0.1044776119402985,57,0.9122807017543859,339,2,15,0
NA,NA,NA,NA,NA,NA,NA,NA,NA,NA,17.19207191467285,0.0005306195234879851,0.32639829535744436,22,0.0,17,0.5882352941176471,339,2,15,1
NA,NA,NA,NA,NA,NA,NA,NA,NA,NA,35.38899230957031,0.0010922529036179185,0.2112547875211357,40,0.075,35,0.9142857142857143,339,2,15,2
NA,NA,NA,NA,NA,NA,NA,NA,NA,NA,55.21369171142578,0.0017041262472048402,0.4685898094958449,53,0.11320754716981132,55,1.0,339,2,16,0
NA,NA,NA,NA,NA,NA,NA,NA,NA,NA,17.093210220336914,0.0005275682196952403,0.32012563988396514,17,0.0,17,0.5882352941176471,339,2,16,1
NA,NA,NA,NA,NA,NA,NA,NA,NA,NA,35.233341217041016,0.0010874487925320864,0.27787788368806465,38,0.0,35,0.9714285714285714,339,2,16,2
NA,NA,NA,NA,NA,NA,NA,NA,NA,NA,56.692115783691406,0.0017497566295787692,0.5873761962530458,58,0.10344827586206896,57,1.3157894736842106,339,2,17,0
NA,NA,NA,NA,NA,NA,NA,NA,NA,NA,16.928680419921875,0.0005224901251494884,0.45623748093025285,20,0.0,17,0.8823529411764706,339,2,17,1
NA,NA,NA,NA,NA,NA,NA,NA,NA,NA,35.17388153076172,0.0010856136213988066,0.3756805803353252,34,0.0,35,0.9428571428571428,339,2,17,2
NA,NA,NA,NA,NA,NA,NA,NA,NA,NA,55.24442672729492,0.0017050749156624079,0.5816899022710728,62,0.1935483870967742,55,1.2181818181818183,339,2,18,0
NA,NA,NA,NA,NA,NA,NA,NA,NA,NA,16.980819702148438,0.0005240993923507631,0.3481188469997963,22,0.0,17,0.9411764705882353,339,2,18,1
NA,NA,NA,NA,NA,NA,NA,NA,NA,NA,35.86558151245117,0.001106962445192039,0.33663321104678484,47,0.0425531914893617,36,1.0555555555555556,339,2,18,2
NA,NA,NA,NA,NA,NA,NA,NA,NA,NA,51.15045166015625,0.001578717608936131,0.5132832881457601,49,0.14285714285714285,51,1.2549019607843137,339,2,19,0
NA,NA,NA,NA,NA,NA,NA,NA,NA,NA,16.759159088134766,0.0005172580131329596,0.28658466386675463,17,0.0,17,0.7647058823529411,339,2,19,1
NA,NA,NA,NA,NA,NA,NA,NA,NA,NA,34.7765007019043,0.0010733488015830517,0.325785130083861,35,0.02857142857142857,35,1.0571428571428572,339,2,19,2
NA,NA,NA,NA,NA,NA,NA,NA,NA,NA,51.132843017578125,0.0015781741822138429,0.5429690338411042,54,0.1111111111111111,51,1.2549019607843137,339,2,20,0
NA,NA,NA,NA,NA,NA,NA,NA,NA,NA,16.794265747070312,0.0005183415487408638,0.1983117592899496,14,0.0,17,0.8235294117647058,339,2,20,1
NA,NA,NA,NA,NA,NA,NA,NA,NA,NA,35.897212982177734,0.0011079387040808797,0.30481559027225985,30,0.06666666666666667,36,1.0833333333333333,339,2,20,2
NA,NA,NA,NA,NA,NA,NA,NA,NA,NA,47.35219955444336,0.0014614876126870513,0.45012331604125816,37,0.10810810810810811,47,1.2340425531914894,339,2,21,0
NA,NA,NA,NA,NA,NA,NA,NA,NA,NA,16.59076499938965,0.0005120606510899961,0.1286741492081759,19,0.0,17,0.7058823529411765,339,2,21,1
NA,NA,NA,NA,NA,NA,NA,NA,NA,NA,34.00415802001953,0.0010495110182091594,0.1919635872544272,22,0.0,34,1.0,339,2,21,2
NA,NA,NA,NA,NA,NA,NA,NA,NA,NA,49.429595947265625,0.0015256048645824194,0.5800490614620767,53,0.16981132075471697,49,1.2244897959183674,339,2,22,0
NA,NA,NA,NA,NA,NA,NA,NA,NA,NA,16.696460723876953,0.0005153228412382305,0.26681916671852884,7,0.0,17,0.8823529411764706,339,2,22,1
NA,NA,NA,NA,NA,NA,NA,NA,NA,NA,34.274261474609375,0.0010578475194051862,0.38007445435685566,31,0.0,34,1.1470588235294117,339,2,22,2
NA,NA,NA,NA,NA,NA,NA,NA,NA,NA,49.816558837890625,0.0015375481452792883,0.5484239370148919,51,0.09803921568627451,50,1.26,339,2,23,0
NA,NA,NA,NA,NA,NA,NA,NA,NA,NA,16.52430534362793,0.0005100094131194055,0.2766035085430385,19,0.0,17,0.9411764705882353,339,2,23,1
NA,NA,NA,NA,NA,NA,NA,NA,NA,NA,34.511741638183594,0.0010651772608980536,0.20472065459748554,35,0.0,35,1.1714285714285715,339,2,23,2
NA,NA,NA,NA,NA,NA,NA,NA,NA,NA,49.919986724853516,0.0015407403698191047,0.5225599394836808,38,0.18421052631578946,50,1.18,339,2,24,0
NA,NA,NA,NA,NA,NA,NA,NA,NA,NA,16.656328201293945,0.0005140841822139919,0.08363719667313194,16,0.0625,17,0.7647058823529411,339,2,24,1
NA,NA,NA,NA,NA,NA,NA,NA,NA,NA,35.579349517822266,0.0010981280356645584,0.22611270048821663,39,0.02564102564102564,36,1.1666666666666667,339,2,24,2
NA,NA,NA,NA,NA,NA,NA,NA,NA,NA,47.002220153808594,0.0014506857842206955,0.37135928824615483,57,0.10526315789473684,47,0.9574468085106383,339,2,25,0
NA,NA,NA,NA,NA,NA,NA,NA,NA,NA,16.293319702148438,0.0005028802552260458,0.2807079024421549,17,0.0,16,0.75,339,2,25,1
NA,NA,NA,NA,NA,NA,NA,NA,NA,NA,33.981319427490234,0.0010488061234354973,0.32365321873199165,38,0.0,34,1.1470588235294117,339,2,25,2
NA,NA,NA,NA,NA,NA,NA,NA,NA,NA,46.45489501953125,0.0014337931061163545,0.35557791914857484,47,0.0,46,1.0,339,2,26,0
NA,NA,NA,NA,NA,NA,NA,NA,NA,NA,16.36834144592285,0.0005051956977695227,0.22089537100201087,10,0.0,16,0.5625,339,2,26,1
NA,NA,NA,NA,NA,NA,NA,NA,NA,NA,33.6529655456543,0.0010386718204244971,0.12305401247868317,35,0.0,34,1.088235294117647,339,2,26,2
NA,NA,NA,NA,NA,NA,NA,NA,NA,NA,44.386898040771484,0.001369965961202979,0.3828222860896077,44,0.09090909090909091,44,1.0909090909090908,339,2,27,0
NA,NA,NA,NA,NA,NA,NA,NA,NA,NA,16.32790184020996,0.0005039476091042161,0.36053667247397786,16,0.0,16,0.8125,339,2,27,1
NA,NA,NA,NA,NA,NA,NA,NA,NA,NA,32.938331604003906,0.001016615191474557,0.2726394645182262,37,0.0,33,1.121212121212121,339,2,27,2
NA,NA,NA,NA,NA,NA,NA,NA,NA,NA,44.99100112915039,0.0013886111555621028,0.5108491227220141,42,0.07142857142857142,45,1.2222222222222223,339,2,28,0
NA,NA,NA,NA,NA,NA,NA,NA,NA,NA,16.34806251525879,0.0005045698489993811,0.35141061242214017,23,0.0,16,0.75,339,2,28,1
NA,NA,NA,NA,NA,NA,NA,NA,NA,NA,33.02511978149414,0.0010192937916144729,0.25666671774201305,30,0.03333333333333333,33,1.1515151515151516,339,2,28,2
NA,NA,NA,NA,NA,NA,NA,NA,NA,NA,44.354862213134766,0.001368977245874703,0.5197931007237636,47,0.0851063829787234,44,1.1818181818181819,339,2,29,0
NA,NA,NA,NA,NA,NA,NA,NA,NA,NA,16.394271850585938,0.0005059960531070828,0.14564120880594136,8,0.0,16,0.875,339,2,29,1
NA,NA,NA,NA,NA,NA,NA,NA,NA,NA,33.11471939086914,0.0010220592375844717,0.18499628923637182,32,0.03125,33,1.0909090909090908,339,2,29,2
NA,NA,NA,NA,NA,NA,NA,NA,NA,NA,46.4249153137207,0.0014328677207231522,0.6506609275996711,42,0.19047619047619047,46,1.2826086956521738,339,2,30,0
NA,NA,NA,NA,NA,NA,NA,NA,NA,NA,16.788801193237305,0.0005181728629395366,0.29948792491441767,23,0.043478260869565216,17,0.7647058823529411,339,2,30,1
NA,NA,NA,NA,NA,NA,NA,NA,NA,NA,34.200687408447266,0.00105557672213763,0.3339131955971532,34,0.0,34,1.0,339,2,30,2
NA,NA,NA,NA,NA,NA,NA,NA,NA,NA,44.19921875,0.0013641733676195145,0.5340583689145991,56,0.07142857142857142,44,1.25,339,2,31,0
NA,NA,NA,NA,NA,NA,NA,NA,NA,NA,16.251245498657227,0.0005015816423110664,0.3436019057276017,17,0.0,16,1.1875,339,2,31,1
NA,NA,NA,NA,NA,NA,NA,NA,NA,NA,33.18296432495117,0.0010241655400022864,0.48831680311413905,34,0.029411764705882353,33,1.0909090909090908,339,2,31,2
NA,NA,NA,NA,NA,NA,NA,NA,NA,NA,43.303199768066406,0.0013365185586735606,0.5065894587279662,44,0.11363636363636363,43,1.302325581395349,339,2,32,0
NA,NA,NA,NA,NA,NA,NA,NA,NA,NA,16.212844848632812,0.0005003964179195464,0.29074414591251657,10,0.0,16,1.25,339,2,32,1
NA,NA,NA,NA,NA,NA,NA,NA,NA,NA,33.0272331237793,0.0010193591006100178,0.33552650611644563,31,0.06451612903225806,33,1.121212121212121,339,2,32,2
NA,NA,NA,NA,NA,NA,NA,NA,NA,NA,41.754825592041016,0.0012887291377410293,0.40347778490069375,43,0.046511627906976744,42,1.0,339,2,33,0
NA,NA,NA,NA,NA,NA,NA,NA,NA,NA,16.13971519470215,0.0004981393576599658,0.17359546806863138,11,0.0,16,0.5625,339,2,33,1
NA,NA,NA,NA,NA,NA,NA,NA,NA,NA,35.451358795166016,0.001094177714549005,0.4868190767079815,45,0.044444444444444446,35,1.2857142857142858,339,2,33,2
NA,NA,NA,NA,NA,NA,NA,NA,NA,NA,42.73457336425781,0.001318968366831541,0.480537772687444,47,0.1276595744680851,43,1.2790697674418605,339,2,34,0
NA,NA,NA,NA,NA,NA,NA,NA,NA,NA,16.24493980407715,0.0005013870541006327,0.2757283007461139,14,0.0,16,1.1875,339,2,34,1
NA,NA,NA,NA,NA,NA,NA,NA,NA,NA,34.10459899902344,0.0010526110418140888,0.3586737953371817,34,0.0,34,1.0588235294117647,339,2,34,2
NA,NA,NA,NA,NA,NA,NA,NA,NA,NA,42.36951446533203,0.0013077011099085212,0.5011829420142505,45,0.022222222222222223,42,1.4523809523809523,339,2,35,0
NA,NA,NA,NA,NA,NA,NA,NA,NA,NA,16.317171096801758,0.0005036164075136185,0.4672657994145395,10,0.0,16,1.125,339,2,35,1
NA,NA,NA,NA,NA,NA,NA,NA,NA,NA,32.90484619140625,0.0010155816562473774,0.3413208504010923,42,0.0,33,1.0303030303030303,339,2,35,2
NA,NA,NA,NA,NA,NA,NA,NA,NA,NA,292.80169677734375,0.00903708953410387,0.6561011523674412,284,0.4823943661971831,293,1.006825938566553,339,3,1,0
NA,NA,NA,NA,NA,NA,NA,NA,NA,NA,50.491615295410156,0.0015583832282572985,0.5101002348738203,61,0.2459016393442623,50,0.76,339,3,1,1
NA,NA,NA,NA,NA,NA,NA,NA,NA,NA,103.90521240234375,0.003206951078027487,0.4941162960138253,89,0.16853932584269662,104,0.8461538461538461,339,3,1,2
NA,NA,NA,NA,NA,NA,NA,NA,NA,NA,235.21713256835938,0.007259787991642952,0.6101989160901848,239,0.4309623430962343,235,0.9829787234042553,339,3,2,0
NA,NA,NA,NA,NA,NA,NA,NA,NA,NA,36.92887496948242,0.0011397800408303738,0.3716527585513068,35,0.05714285714285714,37,0.4594594594594595,339,3,2,1
NA,NA,NA,NA,NA,NA,NA,NA,NA,NA,77.68610382080078,0.00239771930500865,0.35604069174609354,79,0.10126582278481013,78,0.6538461538461539,339,3,2,2
NA,NA,NA,NA,NA,NA,NA,NA,NA,NA,185.50033569335938,0.005725319031625986,0.5417550163867791,186,0.25268817204301075,186,0.8870967741935484,339,3,3,0
NA,NA,NA,NA,NA,NA,NA,NA,NA,NA,30.93922233581543,0.0009549142559990287,0.3980069203446721,28,0.03571428571428571,31,0.5161290322580645,339,3,3,1
NA,NA,NA,NA,NA,NA,NA,NA,NA,NA,67.97055053710938,0.0020978564862161875,0.32620053457844184,70,0.2,68,0.6470588235294118,339,3,3,2
NA,NA,NA,NA,NA,NA,NA,NA,NA,NA,151.20216369628906,0.004666733555495739,0.4937266242410521,130,0.19230769230769232,151,0.8278145695364238,339,3,4,0
NA,NA,NA,NA,NA,NA,NA,NA,NA,NA,24.991111755371094,0.0007713306113146245,0.4526121674402287,24,0.0,25,0.48,339,3,4,1
NA,NA,NA,NA,NA,NA,NA,NA,NA,NA,59.53517150878906,0.0018375052604824305,0.2957986119435528,58,0.06896551724137931,60,0.6166666666666667,339,3,4,2
NA,NA,NA,NA,NA,NA,NA,NA,NA,NA,127.55381774902344,0.003936846274882555,0.46397463677792217,116,0.2672413793103448,128,0.78125,339,3,5,0
NA,NA,NA,NA,NA,NA,NA,NA,NA,NA,23.56679344177246,0.000727370148524642,0.506691162076736,26,0.0,24,0.5416666666666666,339,3,5,1
NA,NA,NA,NA,NA,NA,NA,NA,NA,NA,48.37319564819336,0.0014929998433217406,0.26841571449390983,51,0.0392156862745098,48,0.5416666666666666,339,3,5,2
NA,NA,NA,NA,NA,NA,NA,NA,NA,NA,112.06718444824219,0.0034588638227432966,0.41096418478204033,102,0.16666666666666666,112,0.7678571428571429,339,3,6,0
NA,NA,NA,NA,NA,NA,NA,NA,NA,NA,22.57638168334961,0.0006968019297346473,0.20846455448735754,32,0.03125,23,0.5217391304347826,339,3,6,1
NA,NA,NA,NA,NA,NA,NA,NA,NA,NA,47.27212905883789,0.0014590163482353091,0.18038613940195342,48,0.020833333333333332,47,0.574468085106383,339,3,6,2
NA,NA,NA,NA,NA,NA,NA,NA,NA,NA,96.22157287597656,0.0029698016587644815,0.44802489166812076,90,0.16666666666666666,96,0.7604166666666666,339,3,7,0
NA,NA,NA,NA,NA,NA,NA,NA,NA,NA,20.414804458618164,0.0006300865788944066,0.520841443354713,14,0.0,20,0.3,339,3,7,1
NA,NA,NA,NA,NA,NA,NA,NA,NA,NA,42.177146911621094,0.0013017638120800257,0.20974505908733884,45,0.0,42,0.5476190476190477,339,3,7,2
NA,NA,NA,NA,NA,NA,NA,NA,NA,NA,84.4291000366211,0.002605836372822523,0.513672538983388,78,0.16666666666666666,84,0.8452380952380952,339,3,8,0
NA,NA,NA,NA,NA,NA,NA,NA,NA,NA,19.554655075073242,0.000603538763243705,0.46593476077470813,25,0.0,20,0.55,339,3,8,1
NA,NA,NA,NA,NA,NA,NA,NA,NA,NA,40.02613830566406,0.0012353745987638831,0.3677030218073917,42,0.023809523809523808,40,0.75,339,3,8,2
NA,NA,NA,NA,NA,NA,NA,NA,NA,NA,75.82133483886719,0.0023401647340506315,0.5915336749651029,76,0.14473684210526316,76,0.881578947368421,339,3,9,0
NA,NA,NA,NA,NA,NA,NA,NA,NA,NA,19.091856002807617,0.0005892548360861838,0.10213400835176681,20,0.1,19,0.631578947368421,339,3,9,1
NA,NA,NA,NA,NA,NA,NA,NA,NA,NA,43.88710403442383,0.0013545402325689793,0.6602153674144106,50,0.14,44,1.0,339,3,9,2
NA,NA,NA,NA,NA,NA,NA,NA,NA,NA,65.4908676147461,0.0020213229581713676,0.47502643489941543,73,0.1095890410958904,65,0.8461538461538461,339,3,10,0
NA,NA,NA,NA,NA,NA,NA,NA,NA,NA,17.79696273803711,0.0005492889904417098,0.5597200174426361,10,0.0,18,0.7222222222222222,339,3,10,1
NA,NA,NA,NA,NA,NA,NA,NA,NA,NA,37.09589385986328,0.0011449350276961923,0.2758010642033389,42,0.0,37,0.8378378378378378,339,3,10,2
NA,NA,NA,NA,NA,NA,NA,NA,NA,NA,60.27256774902344,0.0018602644558995962,0.5400547097701007,57,0.15789473684210525,60,1.0166666666666666,339,3,11,0
NA,NA,NA,NA,NA,NA,NA,NA,NA,NA,17.718353271484375,0.0005468627787195146,0.49771622374748176,17,0.0,18,0.9444444444444444,339,3,11,1
NA,NA,NA,NA,NA,NA,NA,NA,NA,NA,37.31776809692383,0.001151782926172018,0.38362908302293974,38,0.02631578947368421,37,1.054054054054054,339,3,11,2
NA,NA,NA,NA,NA,NA,NA,NA,NA,NA,59.56079864501953,0.0018382963025942445,0.5979485716516633,73,0.2054794520547945,60,0.9833333333333333,339,3,12,0
NA,NA,NA,NA,NA,NA,NA,NA,NA,NA,17.19020652770996,0.0005305619561113417,0.26723803828884796,20,0.0,17,0.7647058823529411,339,3,12,1
NA,NA,NA,NA,NA,NA,NA,NA,NA,NA,37.40641403198242,0.0011545189190655947,0.19851278868446023,38,0.02631578947368421,37,1.0810810810810811,339,3,12,2
NA,NA,NA,NA,NA,NA,NA,NA,NA,NA,51.340301513671875,0.001584577257744968,0.49447022530568563,49,0.10204081632653061,51,0.9803921568627451,339,3,13,0
NA,NA,NA,NA,NA,NA,NA,NA,NA,NA,16.66588592529297,0.0005143791786395013,0.4621972353232373,11,0.0,17,0.8235294117647058,339,3,13,1
NA,NA,NA,NA,NA,NA,NA,NA,NA,NA,33.825191497802734,0.001043987344019115,0.25384338676077145,28,0.0,34,1.1764705882352942,339,3,13,2
NA,NA,NA,NA,NA,NA,NA,NA,NA,NA,48.893741607666016,0.0015090660890564322,0.4573292228880777,54,0.1111111111111111,49,0.9591836734693877,339,3,14,0
NA,NA,NA,NA,NA,NA,NA,NA,NA,NA,16.545093536376953,0.0005106510361656547,0.21701548162023865,18,0.0,17,1.1176470588235294,339,3,14,1
NA,NA,NA,NA,NA,NA,NA,NA,NA,NA,33.675148010253906,0.0010393564589321613,0.40157327727087544,27,0.037037037037037035,34,1.2058823529411764,339,3,14,2
NA,NA,NA,NA,NA,NA,NA,NA,NA,NA,49.79124069213867,0.001536766649223864,0.5162914036898122,57,0.08771929824561403,50,1.22,339,3,15,0
NA,NA,NA,NA,NA,NA,NA,NA,NA,NA,17.013351440429688,0.0005251034162938595,0.24502919910021262,7,0.0,17,1.0,339,3,15,1
NA,NA,NA,NA,NA,NA,NA,NA,NA,NA,35.228755950927734,0.0010873072315007448,0.2774471602610902,38,0.0,35,1.3142857142857143,339,3,15,2
NA,NA,NA,NA,NA,NA,NA,NA,NA,NA,49.06916809082031,0.0015144804492592812,0.4437051773981051,42,0.09523809523809523,49,1.2244897959183674,339,3,16,0
NA,NA,NA,NA,NA,NA,NA,NA,NA,NA,16.753164291381836,0.0005170729709789157,0.13360406172020264,21,0.0,17,1.0,339,3,16,1
NA,NA,NA,NA,NA,NA,NA,NA,NA,NA,35.16679763793945,0.0010853949934244156,0.20918842697070703,34,0.029411764705882353,35,1.2571428571428571,339,3,16,2
NA,NA,NA,NA,NA,NA,NA,NA,NA,NA,48.9664421081543,0.0015113099943846464,0.4382194073137162,42,0.14285714285714285,49,1.1224489795918366,339,3,17,0
NA,NA,NA,NA,NA,NA,NA,NA,NA,NA,16.57206916809082,0.0005114836385473609,0.1896212068756265,16,0.0,17,0.8823529411764706,339,3,17,1
NA,NA,NA,NA,NA,NA,NA,NA,NA,NA,35.73212432861328,0.0011028433218598366,0.1790477875422796,42,0.023809523809523808,36,1.3611111111111112,339,3,17,2
NA,NA,NA,NA,NA,NA,NA,NA,NA,NA,47.708133697509766,0.0014724732609465718,0.4569081795443858,48,0.16666666666666666,48,1.1875,339,3,18,0
NA,NA,NA,NA,NA,NA,NA,NA,NA,NA,16.57244873046875,0.0005114953382872045,0.28704041934826086,18,0.0,17,1.0,339,3,18,1
NA,NA,NA,NA,NA,NA,NA,NA,NA,NA,34.8779182434082,0.0010764789767563343,0.27043888844217795,31,0.0,35,1.2857142857142858,339,3,18,2
NA,NA,NA,NA,NA,NA,NA,NA,NA,NA,48.82703399658203,0.001507007167674601,0.5497971216242279,47,0.14893617021276595,49,1.2448979591836735,339,3,19,0
NA,NA,NA,NA,NA,NA,NA,NA,NA,NA,16.781192779541016,0.0005179380532354116,0.4046254401546364,18,0.0,17,0.7647058823529411,339,3,19,1
NA,NA,NA,NA,NA,NA,NA,NA,NA,NA,35.4827766418457,0.0010951474541798234,0.3350891667412368,39,0.05128205128205128,35,1.0285714285714285,339,3,19,2
NA,NA,NA,NA,NA,NA,NA,NA,NA,NA,45.508174896240234,0.0014045733259990811,0.48436690792169906,44,0.06818181818181818,46,1.1521739130434783,339,3,20,0
NA,NA,NA,NA,NA,NA,NA,NA,NA,NA,16.27483367919922,0.000502309703733772,0.33129547686029637,9,0.0,16,0.75,339,3,20,1
NA,NA,NA,NA,NA,NA,NA,NA,NA,NA,34.02476501464844,0.0010501471115276217,0.23182424384547134,31,0.0,34,1.1470588235294117,339,3,20,2
NA,NA,NA,NA,NA,NA,NA,NA,NA,NA,43.722843170166016,0.001349470461718738,0.43406650400090013,41,0.04878048780487805,44,1.1136363636363635,339,3,21,0
NA,NA,NA,NA,NA,NA,NA,NA,NA,NA,16.274288177490234,0.0005022928235121071,0.37692046426693526,25,0.0,16,0.8125,339,3,21,1
NA,NA,NA,NA,NA,NA,NA,NA,NA,NA,33.388545989990234,0.0010305106407031417,0.2597392152415658,34,0.0,33,1.0606060606060606,339,3,21,2
NA,NA,NA,NA,NA,NA,NA,NA,NA,NA,42.95746612548828,0.0013258476974442601,0.4282079039750547,37,0.08108108108108109,43,1.0930232558139534,339,3,22,0
NA,NA,NA,NA,NA,NA,NA,NA,NA,NA,16.22057342529297,0.0005006350111216307,0.28552787559272724,11,0.0,16,0.8125,339,3,22,1
NA,NA,NA,NA,NA,NA,NA,NA,NA,NA,32.8980712890625,0.0010153725743293762,0.12239270111090791,39,0.0,33,0.9393939393939394,339,3,22,2
NA,NA,NA,NA,NA,NA,NA,NA,NA,NA,42.26893997192383,0.001304596895352006,0.3896575064717332,40,0.05,42,1.1666666666666667,339,3,23,0
NA,NA,NA,NA,NA,NA,NA,NA,NA,NA,16.1884708404541,0.0004996441421099007,0.18920692415442386,17,0.0,16,0.75,339,3,23,1
NA,NA,NA,NA,NA,NA,NA,NA,NA,NA,33.23541259765625,0.00102578429505229,0.07408459687896923,30,0.0,33,0.9090909090909091,339,3,23,2
NA,NA,NA,NA,NA,NA,NA,NA,NA,NA,41.4036865234375,0.0012778915697708726,0.36546198949632525,41,0.04878048780487805,41,1.048780487804878,339,3,24,0
NA,NA,NA,NA,NA,NA,NA,NA,NA,NA,16.180574417114258,0.000499400426633656,0.27487223745409123,18,0.0,16,1.0,339,3,24,1
NA,NA,NA,NA,NA,NA,NA,NA,NA,NA,32.73283004760742,0.00101027253549546,0.08040097813997221,42,0.0,33,0.9393939393939394,339,3,24,2
NA,NA,NA,NA,NA,NA,NA,NA,NA,NA,41.00398635864258,0.0012655551545321941,0.3380620946556727,40,0.0,41,1.024390243902439,339,3,25,0
NA,NA,NA,NA,NA,NA,NA,NA,NA,NA,16.161481857299805,0.000498811190482229,0.231085035912727,15,0.0,16,0.8125,339,3,25,1
NA,NA,NA,NA,NA,NA,NA,NA,NA,NA,32.72500991821289,0.0010100312065333128,0.07559584144942041,30,0.0,33,0.7575757575757576,339,3,25,2
NA,NA,NA,NA,NA,NA,NA,NA,NA,NA,42.162776947021484,0.001301320269703865,0.4370082713696299,53,0.018867924528301886,42,1.2380952380952381,339,3,26,0
NA,NA,NA,NA,NA,NA,NA,NA,NA,NA,16.34339141845703,0.0005044256686232984,0.2175743487408059,17,0.0,16,0.9375,339,3,26,1
NA,NA,NA,NA,NA,NA,NA,NA,NA,NA,33.325225830078125,0.001028556376695633,0.15946247102960381,31,0.0,33,1.0909090909090908,339,3,26,2
NA,NA,NA,NA,NA,NA,NA,NA,NA,NA,42.51909637451172,0.001312317792326212,0.4769904545328075,39,0.02564102564102564,43,1.2325581395348837,339,3,27,0
NA,NA,NA,NA,NA,NA,NA,NA,NA,NA,16.23341178894043,0.0005010312306694686,0.19498494328772653,12,0.0,16,0.8125,339,3,27,1
NA,NA,NA,NA,NA,NA,NA,NA,NA,NA,33.84992599487305,0.001044750795699656,0.23363459320522328,28,0.0,34,0.9705882352941176,339,3,27,2
NA,NA,NA,NA,NA,NA,NA,NA,NA,NA,41.98810958862305,0.0012959293089807034,0.4448130668402975,38,0.02631578947368421,42,1.0952380952380953,339,3,28,0
NA,NA,NA,NA,NA,NA,NA,NA,NA,NA,16.20447540283203,0.0005001381505280733,0.3063650754919604,17,0.0,16,0.9375,339,3,28,1
NA,NA,NA,NA,NA,NA,NA,NA,NA,NA,33.28255081176758,0.001027239253744483,0.27057730700751453,43,0.023255813953488372,33,1.0,339,3,28,2
NA,NA,NA,NA,NA,NA,NA,NA,NA,NA,41.270774841308594,0.001273789326660335,0.40909450586884116,38,0.05263157894736842,41,0.975609756097561,339,3,29,0
NA,NA,NA,NA,NA,NA,NA,NA,NA,NA,16.1616153717041,0.0004988152650184929,0.2983808277035645,25,0.0,16,1.125,339,3,29,1
NA,NA,NA,NA,NA,NA,NA,NA,NA,NA,32.75059509277344,0.001010820851661265,0.2444411670758018,34,0.0,33,0.8787878787878788,339,3,29,2
NA,NA,NA,NA,NA,NA,NA,NA,NA,NA,40.553855895996094,0.0012516622664406896,0.38997903352162405,38,0.05263157894736842,41,0.8780487804878049,339,3,30,0
NA,NA,NA,NA,NA,NA,NA,NA,NA,NA,16.146223068237305,0.0004983402322977781,0.275119607133537,15,0.0,16,1.0,339,3,30,1
NA,NA,NA,NA,NA,NA,NA,NA,NA,NA,32.504878997802734,0.0010032369755208492,0.24109731743368495,33,0.0,33,0.8484848484848485,339,3,30,2
NA,NA,NA,NA,NA,NA,NA,NA,NA,NA,39.75618362426758,0.0012270427541807294,0.3717498091912581,35,0.02857142857142857,40,0.8,339,3,31,0
NA,NA,NA,NA,NA,NA,NA,NA,NA,NA,16.130661010742188,0.0004978599026799202,0.24951966426996602,20,0.0,16,1.0,339,3,31,1
NA,NA,NA,NA,NA,NA,NA,NA,NA,NA,32.36644744873047,0.000998964416794479,0.1865044062849883,32,0.0,32,0.75,339,3,31,2
NA,NA,NA,NA,NA,NA,NA,NA,NA,NA,38.96392822265625,0.0012025904143229127,0.38109413380921847,40,0.0,39,0.717948717948718,339,3,32,0
NA,NA,NA,NA,NA,NA,NA,NA,NA,NA,16.11542320251465,0.0004973895847797394,0.23137776452960476,19,0.0,16,1.0,339,3,32,1
NA,NA,NA,NA,NA,NA,NA,NA,NA,NA,32.28136444091797,0.0009963384363800287,0.08671185181754196,36,0.0,32,0.46875,339,3,32,2
NA,NA,NA,NA,NA,NA,NA,NA,NA,NA,38.35840606689453,0.001183901447802782,0.4063946350954588,43,0.0,38,0.4473684210526316,339,3,33,0
NA,NA,NA,NA,NA,NA,NA,NA,NA,NA,16.098814010620117,0.0004968769499100745,0.20730404119703325,16,0.0,16,0.6875,339,3,33,1
NA,NA,NA,NA,NA,NA,NA,NA,NA,NA,32.22928237915039,0.0009947309736162424,0.020248674071794155,44,0.0,32,0.375,339,3,33,2
NA,NA,NA,NA,NA,NA,NA,NA,NA,NA,37.99627685546875,0.0011727246455848217,0.41212989462275357,42,0.0,38,0.3157894736842105,339,3,34,0
NA,NA,NA,NA,NA,NA,NA,NA,NA,NA,16.07830238342285,0.0004962438833899796,0.17258356695214117,8,0.0,16,0.625,339,3,34,1
NA,NA,NA,NA,NA,NA,NA,NA,NA,NA,32.197288513183594,0.0009937434224411845,-0.00761762037195194,30,0.0,32,0.28125,339,3,34,2
NA,NA,NA,NA,NA,NA,NA,NA,NA,NA,37.79408645629883,0.0011664842022582889,0.393265653450026,44,0.0,38,0.23684210526315788,339,3,35,0
NA,NA,NA,NA,NA,NA,NA,NA,NA,NA,16.06075668334961,0.0004957023775205016,0.14579410246397978,17,0.0,16,0.375,339,3,35,1
NA,NA,NA,NA,NA,NA,NA,NA,NA,NA,32.18260955810547,0.000993290450423956,-0.015478605063562858,33,0.0,32,0.21875,339,3,35,2
0.8222996515679443,287,1.177710843373494,332,1.1842105263157894,266,1.3166332665330662,499,1.1176470588235294,204,290.8778076171875,0.008977710269391537,0.6435394324269885,295,0.4440677966101695,291,0.9347079037800687,340,0,1,0
0.6666666666666666,90,0.8208955223880597,67,1.063063063063063,111,1.4074074074074074,162,0.6744186046511628,43,72.91583251953125,0.0022504886146634817,0.5565370960927953,66,0.4393939393939394,73,0.9178082191780822,340,0,1,1
0.6739130434782609,92,0.8482142857142857,112,0.7875,80,0.8765432098765432,81,1.0593220338983051,118,125.4452133178711,0.0038717659190297127,0.5712808533064817,125,0.304,125,0.88,340,0,1,2
0.9387096774193548,310,1.1215686274509804,255,0.9239130434782609,184,1.4276315789473684,608,0.7722772277227723,101,248.76248168945312,0.0076778545044362545,0.6244875154604879,263,0.34220532319391633,249,0.9477911646586346,340,0,2,0
0.5208333333333334,48,0.9701492537313433,67,0.92,25,0.23076923076923078,26,0.42105263157894735,19,46.58277893066406,0.0014377400511875749,0.4075491622868928,50,0.12,47,0.6170212765957447,340,0,2,1
0.7410714285714286,112,0.821917808219178,73,1.0533333333333332,75,0.35714285714285715,28,1.144578313253012,83,91.78959655761719,0.002833012258633971,0.4690396484974645,81,0.32098765432098764,92,0.8260869565217391,340,0,2,2
0.7657142857142857,175,0.971830985915493,213,0.7653061224489796,98,1.048780487804878,164,1.0615384615384615,195,200.96875,0.00620273919776082,0.564593462312197,201,0.2835820895522388,201,0.8258706467661692,340,0,3,0
0.1,10,0.9777777777777777,45,1.170731707317073,41,0.6363636363636364,22,0.375,8,35.6338005065918,0.001099808607250452,0.41501036198106533,31,0.06451612903225806,36,0.5555555555555556,340,0,3,1
0.5494505494505495,91,0.8478260869565217,46,0.5952380952380952,42,1.380952380952381,126,1.527363184079602,201,74.88539123535156,0.002311277436092496,0.3673075418241065,76,0.07894736842105263,75,0.68,340,0,3,2
0.8597285067873304,221,0.9681528662420382,157,1.0543478260869565,92,0.9107142857142857,112,0.7641509433962265,106,172.4640655517578,0.005322964861989021,0.5600801690498244,158,0.21518987341772153,172,0.8313953488372093,340,0,4,0
0.6521739130434783,23,0.8095238095238095,21,0.4444444444444444,9,0.2,5,0.0,1,28.780244827270508,0.0008882791735231876,0.3297216022097396,34,0.058823529411764705,29,0.6206896551724138,340,0,4,1
0.49122807017543857,57,0.8913043478260869,46,0.94,50,0.42857142857142855,21,0.2222222222222222,9,60.70204544067383,0.0018735199701040983,0.3156649623845186,61,0.04918032786885246,61,0.7377049180327869,340,0,4,2
0.6814814814814815,135,0.8043478260869565,138,0.7802197802197802,91,1.0193548387096774,155,0.6,45,134.63555908203125,0.004155418369919062,0.47717506540008536,141,0.19858156028368795,135,0.7555555555555555,340,0,5,0
0.56,25,0.5714285714285714,21,0.0,3,0.0,1,1.7322175732217573,239,24.50897216796875,0.0007564497645944357,0.17582878279324562,28,0.0,25,0.44,340,0,5,1
0.5797101449275363,69,0.64,50,1.2410714285714286,112,0.14285714285714285,7,0.125,8,55.56086730957031,0.0017148415790870786,0.3389229754094636,49,0.04081632653061224,56,0.6964285714285714,340,0,5,2
0.7851239669421488,121,0.8604651162790697,86,1.1910828025477707,157,0.9696969696969697,66,0.4074074074074074,27,119.06847381591797,0.0036749530117958784,0.46002599334434313,108,0.16666666666666666,119,0.7647058823529411,340,0,6,0
0.4090909090909091,22,0.9534883720930233,43,-1.0,0,0.6428571428571429,14,0.0,1,22.405603408813477,0.0006915309932082891,0.40772440314213343,12,0.0,22,0.45454545454545453,340,0,6,1
0.3409090909090909,44,0.8275862068965517,29,0.3333333333333333,12,1.4827586206896552,58,0.45454545454545453,11,48.93544006347656,0.001510353060439229,0.2818522838436586,52,0.057692307692307696,49,0.6938775510204082,340,0,6,2
0.5875,80,0.9024390243902439,82,0.989247311827957,93,0.6333333333333333,30,1.3697478991596639,119,108.32978820800781,0.0033435120712965727,0.5028947903032165,110,0.2636363636363636,108,0.9166666666666666,340,0,7,0
0.25,16,1.1470588235294117,34,0.0,1,0.25,4,1.3623188405797102,69,20.941265106201172,0.0006463353638537228,0.5441183532509637,17,0.0,21,0.38095238095238093,340,0,7,1
0.5217391304347826,46,0.8918918918918919,37,0.9454545454545454,55,0.6875,16,0.0,3,46.93309783935547,0.001448552357032895,0.2890979357804196,52,0.057692307692307696,47,0.723404255319149,340,0,7,2
0.5280898876404494,89,0.75,60,1.3768115942028984,69,1.2671755725190839,131,1.5066666666666666,150,90.0280532836914,0.002778643509373069,0.4848260598262396,94,0.23404255319148937,90,0.8333333333333334,340,0,8,0
0.25,12,0.7777777777777778,18,-1.0,0,0.0,1,1.2419354838709677,62,19.659879684448242,0.000606786401476711,0.28889326585665587,18,0.0,20,0.4,340,0,8,1
0.671875,64,1.0,58,1.3697478991596639,119,0.25,4,0.0,3,43.18693923950195,0.0013329301727935672,0.27422667549926133,31,0.03225806451612903,43,0.813953488372093,340,0,8,2
0.5411764705882353,85,1.0982142857142858,112,0.9879518072289156,83,0.6388888888888888,36,0.673469387755102,49,81.78279113769531,0.0025241603143513203,0.49946112603937853,86,0.20930232558139536,82,0.926829268292683,340,0,9,0
0.5238095238095238,21,0.25,4,1.5217391304347827,46,1.3243243243243243,37,1.5233644859813085,107,19.096210479736328,0.000589389237575233,0.33389239586763275,13,0.0,19,0.47368421052631576,340,0,9,1
0.4473684210526316,38,0.6470588235294118,17,0.5714285714285714,21,1.125,24,0.25,4,40.740753173828125,0.0012574306456372142,0.25832614237136303,41,0.024390243902439025,41,1.048780487804878,340,0,9,2
0.5846153846153846,65,0.8305084745762712,59,0.7384615384615385,65,0.9710144927536232,69,1.5294117647058822,153,77.07456970214844,0.0023788446560502052,0.5050627184939696,77,0.23376623376623376,77,1.0649350649350648,340,0,10,0
0.35,20,0.3333333333333333,3,0.8571428571428571,14,-1.0,0,-1.0,0,18.902076721191406,0.0005833974573761225,0.2743325679151678,19,0.0,19,0.5263157894736842,340,0,10,1
0.46153846153846156,39,0.9117647058823529,34,1.1607142857142858,56,1.2769230769230768,65,0.6842105263157895,19,40.350746154785156,0.001245393417775631,0.3567791802581233,41,0.04878048780487805,40,0.925,340,0,10,2
0.46,50,0.5263157894736842,38,1.0169491525423728,59,0.6956521739130435,23,1.4444444444444444,207,69.96965026855469,0.0021595570724457502,0.4687032536667728,64,0.21875,70,0.9428571428571428,340,0,11,0
0.2,20,0.3333333333333333,3,1.0,13,0.0,2,1.6372549019607843,102,17.875741958618164,0.0005517204408533871,0.48251241532775735,16,0.0,18,0.4444444444444444,340,0,11,1
0.5869565217391305,46,0.7368421052631579,38,0.5,14,1.364864864864865,74,0.375,16,39.39963912963867,0.001216038246639073,0.38481212558800615,36,0.027777777777777776,39,0.9230769230769231,340,0,11,2
0.5333333333333333,60,0.8253968253968254,63,1.3333333333333333,120,1.3900709219858156,141,0.5454545454545454,11,67.03588104248047,0.002069008769467473,0.48197090902572853,72,0.18055555555555555,67,0.9552238805970149,340,0,12,0
0.4666666666666667,30,0.7857142857142857,14,0.5,4,-1.0,0,-1.0,0,17.76543617248535,0.0005483159329742193,0.29438574959416347,15,0.0,18,0.6666666666666666,340,0,12,1
0.25,28,0.6176470588235294,34,1.125,32,0.25,4,0.0,2,39.296783447265625,0.0012128637172281742,0.2629696867583405,37,0.05405405405405406,39,1.0,340,0,12,2
0.6060606060606061,66,1.0,80,1.1,50,0.9682539682539683,63,0.3,10,62.460784912109375,0.0019278019899502397,0.4311167915081633,57,0.12280701754385964,62,0.967741935483871,340,0,13,0
0.4642857142857143,28,1.2413793103448276,29,-1.0,0,0.0,1,-1.0,0,17.218164443969727,0.000531424826476723,0.2614991741444742,16,0.0,17,0.6470588235294118,340,0,13,1
0.5365853658536586,41,0.9166666666666666,48,0.0,2,0.6923076923076923,26,1.4463276836158192,177,36.589599609375,0.0011293085990473628,0.2514212052090322,44,0.0,37,1.0,340,0,13,2
0.5483870967741935,62,1.118279569892473,93,1.1967213114754098,61,1.2352941176470589,68,0.631578947368421,19,61.96864318847656,0.0019126124680042267,0.43010988441171905,75,0.2,62,1.064516129032258,340,0,14,0
0.3333333333333333,12,0.4,5,1.2307692307692308,13,0.0,3,0.85,20,17.23986053466797,0.0005320944474078715,0.20672015904235708,20,0.0,17,0.6470588235294118,340,0,14,1
0.14285714285714285,21,0.7714285714285715,35,0.8205128205128205,39,1.3181818181818181,44,0.0,3,37.51844787597656,0.0011579768033698201,0.16206950904928377,45,0.06666666666666667,38,0.9473684210526315,340,0,14,2
0.4444444444444444,54,1.0508474576271187,59,1.3495145631067962,103,1.3,40,0.9,20,57.197784423828125,0.0017653637332841754,0.38810440175279115,49,0.04081632653061224,57,0.9649122807017544,340,0,15,0
0.23076923076923078,13,1.0,17,0.8666666666666667,15,0.25,4,0.0,1,16.87213897705078,0.0005207450012676418,0.45505351140565575,18,0.0,17,0.47058823529411764,340,0,15,1
0.20833333333333334,24,0.8333333333333334,12,1.0833333333333333,12,0.84,25,1.554054054054054,148,35.05641174316406,0.0010819879826158285,0.3244579774576413,44,0.0,35,0.9428571428571428,340,0,15,2
0.4716981132075472,53,0.8653846153846154,52,1.0754716981132075,53,0.8809523809523809,42,0.0,9,55.959320068359375,0.0017271394608542323,0.3828463845316275,58,0.13793103448275862,56,1.0357142857142858,340,0,16,0
0.35714285714285715,28,0.9230769230769231,13,1.353846153846154,65,-1.0,0,0.0,1,16.934690475463867,0.0005226756329648197,0.14540023695980517,27,0.0,17,0.35294117647058826,340,0,16,1
0.2647058823529412,34,0.6296296296296297,27,1.3736263736263736,91,1.5138888888888888,72,1.674943566591422,443,35.14993667602539,0.0010848746169358492,0.2508590431693801,24,0.0,35,1.0285714285714285,340,0,16,2
0.4444444444444444,27,0.6666666666666666,57,0.9347826086956522,46,0.3,10,0.5833333333333334,12,53.88092041015625,0.00166299135889858,0.38879952099766907,50,0.1,54,0.9629629629629629,340,0,17,0
0.4444444444444444,9,0.9130434782608695,23,1.0,11,1.105263157894737,19,0.0,2,16.962446212768555,0.0005235322751104832,0.21410261210290862,21,0.0,17,0.5294117647058824,340,0,17,1
0.4166666666666667,36,1.1625,80,1.5106382978723405,94,1.121212121212121,33,0.0,1,34.90708923339844,0.0010773793328553438,0.15392240747839825,34,0.0,35,0.9714285714285714,340,0,17,2
0.5454545454545454,55,0.7971014492753623,69,1.2419354838709677,62,0.8777777777777778,90,0.125,8,52.29166793823242,0.0016139403451234102,0.3686047098759197,51,0.09803921568627451,52,1.0961538461538463,340,0,18,0
0.5,32,0.9655172413793104,29,1.3703703703703705,27,1.2352941176470589,17,0.0,2,17.015060424804688,0.000525156210642308,0.11880429918160272,18,0.0,17,0.5882352941176471,340,0,18,1
0.5952380952380952,42,0.9512195121951219,41,0.6666666666666666,15,0.0,3,1.171875,64,35.47921371459961,0.001095037441700697,0.11889390883941235,30,0.0,35,1.0285714285714285,340,0,18,2
0.5294117647058824,51,0.775,40,1.0666666666666667,30,0.8,25,1.0,49,49.79673767089844,0.0015369363827630877,0.34704020505885463,48,0.08333333333333333,50,1.02,340,0,19,0
0.6176470588235294,34,0.9,10,0.0,1,1.6444444444444444,45,-1.0,0,16.914464950561523,0.0005220514140091836,0.08941860357432604,12,0.0,17,0.5882352941176471,340,0,19,1
0.48148148148148145,54,0.9666666666666667,30,1.1379310344827587,58,0.3333333333333333,3,0.0,2,35.20817565917969,0.001086672069504857,0.10327692177716093,36,0.0,35,1.0285714285714285,340,0,19,2
0.6578947368421053,76,0.6296296296296297,27,1.1551724137931034,58,0.85,40,0.0,3,47.70341491699219,0.0014723276253789663,0.291607973258432,45,0.044444444444444446,48,0.9583333333333334,340,0,20,0
0.34782608695652173,23,1.0,34,0.3333333333333333,6,1.6818181818181819,66,1.583710407239819,221,16.71092987060547,0.0005157694686204195,0.10364181814969006,15,0.0,17,0.5294117647058824,340,0,20,1
0.5,44,0.8918918918918919,37,0.25,8,0.2,5,0.35714285714285715,14,34.6259880065918,0.0010687033645808697,0.11361944996629247,29,0.0,35,1.0571428571428572,340,0,20,2
0.36363636363636365,44,0.8181818181818182,55,1.1666666666666667,42,1.4379084967320261,153,0.0,10,46.961585998535156,0.001449431641958654,0.2985955489574659,40,0.025,47,0.9361702127659575,340,0,21,0
0.4117647058823529,17,0.0,1,-1.0,0,0.0,1,-1.0,0,16.695688247680664,0.0005152990343049169,0.06340850424938613,11,0.0,17,0.47058823529411764,340,0,21,1
0.3870967741935484,31,0.8461538461538461,26,0.7272727272727273,22,1.4705882352941178,34,0.36363636363636365,11,34.634605407714844,0.0010689692571759224,0.10376435678905077,31,0.06451612903225806,35,1.1428571428571428,340,0,21,2
0.35135135135135137,37,1.032258064516129,31,0.8055555555555556,36,0.25,4,1.1481481481481481,54,47.5395622253418,0.0014672704273834825,0.3179464658102871,49,0.061224489795918366,48,1.1041666666666667,340,0,22,0
0.26666666666666666,15,0.8888888888888888,36,1.4324324324324325,37,0.7894736842105263,19,-1.0,0,16.84564971923828,0.0005199274746701121,0.0844422782713765,23,0.0,17,0.5882352941176471,340,0,22,1
0.42857142857142855,28,0.8076923076923077,26,1.4634146341463414,82,0.0,8,0.2,5,34.65275573730469,0.0010695294477045536,0.10833784127039298,36,0.0,35,1.1142857142857143,340,0,22,2
0.6071428571428571,56,0.8888888888888888,63,0.2727272727272727,11,1.5615384615384615,130,0.28,25,49.127410888671875,0.0015162781346589327,0.3485746820595688,50,0.08,49,1.163265306122449,340,0,23,0
0.18181818181818182,11,1.1578947368421053,38,0.0,3,-1.0,0,-1.0,0,16.846717834472656,0.0005199604202061892,0.07864551991836269,13,0.0,17,0.7647058823529411,340,0,23,1
0.5384615384615384,39,0.9459459459459459,37,0.0,1,0.7368421052631579,19,1.2577319587628866,97,35.049217224121094,0.0010817659785971045,0.09473938624144647,38,0.02631578947368421,35,1.1428571428571428,340,0,23,2
0.5797101449275363,69,1.0789473684210527,38,1.0526315789473684,19,0.0,8,0.0,4,48.73411560058594,0.0015041393926367164,0.24893113896598615,54,0.0,49,1.0408163265306123,340,0,24,0
0.3333333333333333,12,0.0,1,1.103448275862069,29,-1.0,0,0.0,1,16.591711044311523,0.0005120898713357747,0.0764660361899911,19,0.0,17,0.47058823529411764,340,0,24,1
0.4411764705882353,34,0.75,32,1.1428571428571428,35,0.5,8,1.6059322033898304,236,36.116695404052734,0.0011147127952426672,0.38401920298497916,32,0.03125,36,1.2777777777777777,340,0,24,2
0.5686274509803921,51,0.9682539682539683,63,1.3688524590163935,122,0.8266666666666667,75,0.8533333333333334,75,52.819210052490234,0.0016302225412800908,0.4628915918397526,51,0.09803921568627451,53,1.2075471698113207,340,0,25,0
0.3125,16,0.7837837837837838,37,1.5277777777777777,36,0.3333333333333333,3,0.0,2,17.35727310180664,0.0005357182817533612,0.2441745818765242,13,0.0,17,0.7647058823529411,340,0,25,1
0.36,25,0.9850746268656716,67,0.9444444444444444,18,1.396694214876033,121,0.0,1,36.603458404541016,0.0011297364253550768,0.2791442047274835,38,0.0,37,1.2162162162162162,340,0,25,2
0.44776119402985076,67,0.16666666666666666,6,1.4789915966386555,119,1.0,28,0.2,10,49.3709602355957,0.0015237950719892979,0.37987474743632377,60,0.05,49,1.2244897959183674,340,0,26,0
0.3333333333333333,12,0.9166666666666666,12,0.0,1,0.0,2,-1.0,0,16.809955596923828,0.0005188257782720029,0.25310568806739464,20,0.0,17,0.7647058823529411,340,0,26,1
0.4782608695652174,46,0.4230769230769231,26,1.125,40,1.4210526315789473,38,0.9142857142857143,35,34.71025085449219,0.0010713040828704834,0.31172747501437525,46,0.021739130434782608,35,1.2285714285714286,340,0,26,2
0.5384615384615384,52,0.5555555555555556,27,0.5714285714285714,14,0.45454545454545453,11,0.0,5,47.28302001953125,0.0014593524392694235,0.31926192392339753,40,0.1,47,1.0851063829787233,340,0,27,0
0.2,10,0.782608695652174,23,1.425,40,1.2727272727272727,22,-1.0,0,16.729412078857422,0.0005163399036973715,0.11792072479878848,18,0.0,17,0.7647058823529411,340,0,27,1
0.6176470588235294,34,0.9,20,0.0,2,0.0,1,-1.0,0,34.192752838134766,0.001055331900715828,0.19237186052441338,38,0.0,34,1.1470588235294117,340,0,27,2
0.543859649122807,57,0.9242424242424242,66,0.5666666666666667,30,0.9285714285714286,42,0.6363636363636364,11,46.77961349487305,0.0014438151847571135,0.3654951020556714,43,0.046511627906976744,47,1.1702127659574468,340,0,28,0
0.3125,16,0.8333333333333334,18,1.1428571428571428,7,0.0,2,-1.0,0,16.47647476196289,0.0005085331504233181,0.48480706646595945,13,0.0,16,0.6875,340,0,28,1
0.5121951219512195,41,1.1538461538461537,26,1.0833333333333333,12,1.2549019607843137,51,0.0,2,34.00333786010742,0.001049485756084323,0.3916344840873577,24,0.0,34,1.1176470588235294,340,0,28,2
0.4666666666666667,30,0.8,55,0.5555555555555556,18,1.1111111111111112,27,0.0,3,45.98672103881836,0.0014193432871252298,0.3347772003751319,59,0.01694915254237288,46,1.1304347826086956,340,0,29,0
0.5833333333333334,12,1.0,6,0.6666666666666666,3,1.625,72,-1.0,0,16.511056900024414,0.0005096005043014884,0.10884581837274022,20,0.0,17,0.8823529411764706,340,0,29,1
0.6153846153846154,52,0.7692307692307693,13,1.1311475409836065,61,1.5913978494623655,93,1.5797101449275361,69,33.73633575439453,0.0010412449482828379,0.1611015463785494,40,0.0,34,1.1176470588235294,340,0,29,2
0.40540540540540543,37,1.1607142857142858,56,0.4166666666666667,12,1.4102564102564104,39,0.0,2,45.39141845703125,0.0014009696897119284,0.2988542729681496,30,0.1,45,1.1555555555555554,340,0,30,0
0.25,20,1.2272727272727273,22,-1.0,0,1.5714285714285714,84,1.6869565217391305,115,16.491455078125,0.0005089955520816147,0.12187964589912337,18,0.0,16,0.6875,340,0,30,1
0.25,24,0.9024390243902439,41,1.2653061224489797,49,-1.0,0,-1.0,0,33.90031814575195,0.0010463061043992639,0.1356141574028699,32,0.0,34,1.088235294117647,340,0,30,2
0.421875,64,0.6111111111111112,18,1.3936170212765957,94,0.7391304347826086,23,1.1282051282051282,78,45.741119384765625,0.001411762903444469,0.3393841110194194,57,0.07017543859649122,46,1.2173913043478262,340,0,31,0
0.2857142857142857,7,1.0,16,0.0,1,-1.0,0,-1.0,0,16.50359344482422,0.0005093701765872538,0.21951502399259407,23,0.0,17,0.7647058823529411,340,0,31,1
0.5,24,0.7727272727272727,22,1.5806451612903225,62,1.3055555555555556,36,1.5411764705882354,85,33.61886978149414,0.0010376194259151816,0.16682925375615967,30,0.0,34,1.0,340,0,31,2
0.3103448275862069,29,1.1578947368421053,76,1.2678571428571428,56,1.0,45,1.3076923076923077,78,45.63628005981445,0.0014085271395742893,0.3088475518783636,53,0.07547169811320754,46,1.1521739130434783,340,0,32,0
0.6,20,0.8,20,1.4390243902439024,41,1.5185185185185186,27,0.0,1,16.5150146484375,0.0005097226821817458,0.10388725626433111,22,0.0,17,0.7058823529411765,340,0,32,1
0.5,36,0.6428571428571429,14,1.0833333333333333,12,1.391304347826087,23,-1.0,0,33.69795227050781,0.001040060305967927,0.1245184956040121,42,0.0,34,1.0294117647058822,340,0,32,2
0.34285714285714286,35,0.9876543209876543,81,1.0384615384615385,52,0.5,8,0.2857142857142857,7,45.743404388427734,0.001411833451129496,0.23839093475410122,43,0.0,46,1.1304347826086956,340,0,33,0
0.4,30,1.0952380952380953,21,1.1666666666666667,12,0.9743589743589743,39,-1.0,0,16.519290924072266,0.0005098546389490366,0.3152438488249912,16,0.0,17,0.6470588235294118,340,0,33,1
0.46153846153846156,39,0.92,25,1.2181818181818183,55,0.6666666666666666,9,-1.0,0,33.604148864746094,0.0010371650569140911,0.21150074333380506,26,0.038461538461538464,34,1.088235294117647,340,0,33,2
0.3488372093023256,43,0.9302325581395349,43,1.1714285714285715,35,0.125,8,1.121212121212121,66,45.60103988647461,0.0014074394712224603,0.18939014064313361,49,0.0,46,1.1521739130434783,340,0,34,0
0.5882352941176471,17,-1.0,0,1.4827586206896552,29,0.0,5,-1.0,0,16.598173141479492,0.0005122892907820642,0.09792075862114542,12,0.0,17,0.47058823529411764,340,0,34,1
0.43902439024390244,41,0.9230769230769231,39,1.44,25,1.1428571428571428,35,0.0,5,34.360870361328125,0.0010605206480249763,0.13072692301927893,35,0.0,34,1.1176470588235294,340,0,34,2
0.375,40,0.9787234042553191,47,0.2,5,1.2758620689655173,87,0.0,7,45.98872375488281,0.00141940510366112,0.20821474268248033,41,0.024390243902439025,46,1.1521739130434783,340,0,35,0
0.26666666666666666,15,0.95,20,0.0,1,0.0,1,-1.0,0,16.585779190063477,0.0005119067500345409,0.11021660412868915,17,0.058823529411764705,17,0.7058823529411765,340,0,35,1
0.5151515151515151,33,1.04,25,0.25,4,1.481012658227848,79,0.7619047619047619,21,34.28414535522461,0.0010581526439636946,0.1303711247903352,38,0.0,34,1.1176470588235294,340,0,35,2
NA,NA,NA,NA,NA,NA,NA,NA,NA,NA,302.5559387207031,0.009338146075606346,0.6569666253142932,303,0.4389438943894389,303,1.0297029702970297,340,1,1,0
NA,NA,NA,NA,NA,NA,NA,NA,NA,NA,69.99028778076172,0.0021601940970867872,0.623986994841814,67,0.44776119402985076,70,0.9571428571428572,340,1,1,1
NA,NA,NA,NA,NA,NA,NA,NA,NA,NA,112.98619079589844,0.0034872281830757856,0.4549088839151992,115,0.20869565217391303,113,0.7256637168141593,340,1,1,2
NA,NA,NA,NA,NA,NA,NA,NA,NA,NA,262.64300537109375,0.008106265217065811,0.6329148842483903,259,0.4092664092664093,263,0.9885931558935361,340,1,2,0
NA,NA,NA,NA,NA,NA,NA,NA,NA,NA,50.754581451416016,0.0015664994716644287,0.6479048954705121,41,0.43902439024390244,51,0.8235294117647058,340,1,2,1
NA,NA,NA,NA,NA,NA,NA,NA,NA,NA,87.95333099365234,0.0027146090287715197,0.4046712721068127,93,0.0967741935483871,88,0.6363636363636364,340,1,2,2
NA,NA,NA,NA,NA,NA,NA,NA,NA,NA,213.5951690673828,0.0065924436785280704,0.5793162761323974,201,0.3681592039800995,214,0.9205607476635514,340,1,3,0
NA,NA,NA,NA,NA,NA,NA,NA,NA,NA,35.05450439453125,0.001081929192878306,0.36212682928486256,42,0.11904761904761904,35,0.4857142857142857,340,1,3,1
NA,NA,NA,NA,NA,NA,NA,NA,NA,NA,82.998779296875,0.002561690751463175,0.4865685107552807,82,0.23170731707317074,83,0.7831325301204819,340,1,3,2
NA,NA,NA,NA,NA,NA,NA,NA,NA,NA,192.73280334472656,0.005948543082922697,0.593023948112905,166,0.3132530120481928,193,0.9326424870466321,340,1,4,0
NA,NA,NA,NA,NA,NA,NA,NA,NA,NA,30.336854934692383,0.0009363226708956063,0.2518141189441196,28,0.03571428571428571,30,0.5333333333333333,340,1,4,1
NA,NA,NA,NA,NA,NA,NA,NA,NA,NA,69.96112823486328,0.0021592939738184214,0.34175295705296743,77,0.15584415584415584,70,0.6857142857142857,340,1,4,2
NA,NA,NA,NA,NA,NA,NA,NA,NA,NA,158.16580200195312,0.004881660453975201,0.5483821056494679,162,0.32098765432098764,158,0.8670886075949367,340,1,5,0
NA,NA,NA,NA,NA,NA,NA,NA,NA,NA,27.1742000579834,0.0008387098787352443,0.21979149107506052,31,0.0967741935483871,27,0.7037037037037037,340,1,5,1
NA,NA,NA,NA,NA,NA,NA,NA,NA,NA,60.744407653808594,0.0018748274305835366,0.3560571101354417,56,0.05357142857142857,61,0.7049180327868853,340,1,5,2
NA,NA,NA,NA,NA,NA,NA,NA,NA,NA,141.2867431640625,0.004360701888799667,0.4991101869146631,149,0.24161073825503357,141,0.9148936170212766,340,1,6,0
NA,NA,NA,NA,NA,NA,NA,NA,NA,NA,23.886247634887695,0.0007372298859991133,0.18394122474148575,23,0.0,24,0.5416666666666666,340,1,6,1
NA,NA,NA,NA,NA,NA,NA,NA,NA,NA,53.34125900268555,0.0016463351203128695,0.20716990939955054,39,0.07692307692307693,53,0.5660377358490566,340,1,6,2
NA,NA,NA,NA,NA,NA,NA,NA,NA,NA,125.66917419433594,0.0038786781951785088,0.4847919749047265,132,0.19696969696969696,126,0.8650793650793651,340,1,7,0
NA,NA,NA,NA,NA,NA,NA,NA,NA,NA,22.29292106628418,0.0006880531436763704,0.3545338522212819,23,0.0,22,0.4090909090909091,340,1,7,1
NA,NA,NA,NA,NA,NA,NA,NA,NA,NA,52.7216796875,0.0016272123903036118,0.30551830833173355,46,0.08695652173913043,53,0.5471698113207547,340,1,7,2
NA,NA,NA,NA,NA,NA,NA,NA,NA,NA,116.67333221435547,0.0036010288167744875,0.4968614640767058,126,0.23809523809523808,117,0.8290598290598291,340,1,8,0
NA,NA,NA,NA,NA,NA,NA,NA,NA,NA,21.073535919189453,0.0006504177581518888,0.3376617417177532,21,0.0,21,0.6190476190476191,340,1,8,1
NA,NA,NA,NA,NA,NA,NA,NA,NA,NA,50.39800262451172,0.0015554939163848758,0.2614014011576036,50,0.02,50,0.68,340,1,8,2
NA,NA,NA,NA,NA,NA,NA,NA,NA,NA,102.29421997070312,0.0031572289299219847,0.45439675559640624,108,0.21296296296296297,102,0.7647058823529411,340,1,9,0
NA,NA,NA,NA,NA,NA,NA,NA,NA,NA,20.407228469848633,0.0006298527587205172,0.301320316579544,24,0.0,20,0.3,340,1,9,1
NA,NA,NA,NA,NA,NA,NA,NA,NA,NA,44.32444763183594,0.0013680384727194905,0.17421449151390875,38,0.0,44,0.5909090909090909,340,1,9,2
NA,NA,NA,NA,NA,NA,NA,NA,NA,NA,90.39875793457031,0.0027900850400328636,0.4655434960009548,86,0.18604651162790697,90,0.8777777777777778,340,1,10,0
NA,NA,NA,NA,NA,NA,NA,NA,NA,NA,19.593120574951172,0.0006047259666956961,0.3463131444022977,25,0.0,20,0.6,340,1,10,1
NA,NA,NA,NA,NA,NA,NA,NA,NA,NA,41.98833465576172,0.001295936293900013,0.20284139027677087,48,0.041666666666666664,42,0.5476190476190477,340,1,10,2
NA,NA,NA,NA,NA,NA,NA,NA,NA,NA,81.14873504638672,0.002504590665921569,0.46216092050846835,79,0.20253164556962025,81,0.9135802469135802,340,1,11,0
NA,NA,NA,NA,NA,NA,NA,NA,NA,NA,18.72197151184082,0.0005778386257588863,0.44854745694063836,26,0.0,19,0.5789473684210527,340,1,11,1
NA,NA,NA,NA,NA,NA,NA,NA,NA,NA,40.52146911621094,0.0012506626080721617,0.24721646224783922,35,0.05714285714285714,41,0.6585365853658537,340,1,11,2
NA,NA,NA,NA,NA,NA,NA,NA,NA,NA,75.61088562011719,0.002333669224753976,0.4942884581889533,72,0.20833333333333334,76,0.9473684210526315,340,1,12,0
NA,NA,NA,NA,NA,NA,NA,NA,NA,NA,18.204845428466797,0.0005618779687210917,0.2877943471516815,19,0.0,18,0.7222222222222222,340,1,12,1
NA,NA,NA,NA,NA,NA,NA,NA,NA,NA,40.08145523071289,0.001237081945873797,0.23381681703188423,31,0.06451612903225806,40,0.7,340,1,12,2
NA,NA,NA,NA,NA,NA,NA,NA,NA,NA,70.73463439941406,0.002183167729526758,0.5655892422663825,81,0.16049382716049382,71,1.1267605633802817,340,1,13,0
NA,NA,NA,NA,NA,NA,NA,NA,NA,NA,18.31412696838379,0.0005652508116327226,0.1694942804966173,9,0.0,18,0.7222222222222222,340,1,13,1
NA,NA,NA,NA,NA,NA,NA,NA,NA,NA,37.909339904785156,0.0011700413888320327,0.27102529111643764,34,0.029411764705882353,38,1.0,340,1,13,2
NA,NA,NA,NA,NA,NA,NA,NA,NA,NA,66.45124816894531,0.002050964394584298,0.5313165190349353,72,0.2222222222222222,66,1.121212121212121,340,1,14,0
NA,NA,NA,NA,NA,NA,NA,NA,NA,NA,17.907062530517578,0.0005526870954781771,0.30899594377402967,18,0.0,18,0.7222222222222222,340,1,14,1
NA,NA,NA,NA,NA,NA,NA,NA,NA,NA,37.06843566894531,0.0011440875241532922,0.2867138281951341,38,0.05263157894736842,37,1.027027027027027,340,1,14,2
NA,NA,NA,NA,NA,NA,NA,NA,NA,NA,68.6729965209961,0.002119536977261305,0.5846682242036731,71,0.19718309859154928,69,1.1159420289855073,340,1,15,0
NA,NA,NA,NA,NA,NA,NA,NA,NA,NA,18.049467086791992,0.0005570822977460921,0.24531040772216955,18,0.0,18,0.4444444444444444,340,1,15,1
NA,NA,NA,NA,NA,NA,NA,NA,NA,NA,38.245304107666016,0.0011804106179624796,0.2475995068726286,36,0.027777777777777776,38,0.8947368421052632,340,1,15,2
NA,NA,NA,NA,NA,NA,NA,NA,NA,NA,64.93492126464844,0.002004164271056652,0.5599461898110215,68,0.1323529411764706,65,1.1846153846153846,340,1,16,0
NA,NA,NA,NA,NA,NA,NA,NA,NA,NA,17.48619842529297,0.0005396974738687277,0.2544540761280891,8,0.0,17,0.4117647058823529,340,1,16,1
NA,NA,NA,NA,NA,NA,NA,NA,NA,NA,41.416046142578125,0.0012782730627804995,0.35031432507909815,49,0.10204081632653061,41,1.170731707317073,340,1,16,2
NA,NA,NA,NA,NA,NA,NA,NA,NA,NA,64.92074584960938,0.0020037267822772264,0.600416129545967,49,0.24489795918367346,65,1.2769230769230768,340,1,17,0
NA,NA,NA,NA,NA,NA,NA,NA,NA,NA,17.67131996154785,0.0005454111378639936,0.1701985602909872,19,0.0,18,0.7777777777777778,340,1,17,1
NA,NA,NA,NA,NA,NA,NA,NA,NA,NA,39.39456558227539,0.0012158816680312157,0.2157592647159188,38,0.13157894736842105,39,1.1025641025641026,340,1,17,2
NA,NA,NA,NA,NA,NA,NA,NA,NA,NA,62.22056579589844,0.0019203878473490477,0.6137964685142618,64,0.28125,62,1.2419354838709677,340,1,18,0
NA,NA,NA,NA,NA,NA,NA,NA,NA,NA,18.038150787353516,0.0005567330517806113,0.1199378302197525,23,0.0,18,0.6111111111111112,340,1,18,1
NA,NA,NA,NA,NA,NA,NA,NA,NA,NA,37.76198959350586,0.0011654935078695416,0.30611400865359495,36,0.0,38,1.1842105263157894,340,1,18,2
NA,NA,NA,NA,NA,NA,NA,NA,NA,NA,59.738624572753906,0.0018437847029417753,0.6025615579308434,48,0.22916666666666666,60,1.2333333333333334,340,1,19,0
NA,NA,NA,NA,NA,NA,NA,NA,NA,NA,17.374488830566406,0.0005362496594898403,0.32812331131251776,23,0.0,17,0.5882352941176471,340,1,19,1
NA,NA,NA,NA,NA,NA,NA,NA,NA,NA,37.25101852416992,0.0011497228406369686,0.4273114662521463,42,0.07142857142857142,37,1.162162162162162,340,1,19,2
NA,NA,NA,NA,NA,NA,NA,NA,NA,NA,59.29063415527344,0.0018299578223377466,0.651158336637923,54,0.25925925925925924,59,1.11864406779661,340,1,20,0
NA,NA,NA,NA,NA,NA,NA,NA,NA,NA,21.912601470947266,0.0006763148703612387,0.5527988959945135,19,0.10526315789473684,22,1.1363636363636365,340,1,20,1
NA,NA,NA,NA,NA,NA,NA,NA,NA,NA,38.3115119934082,0.0011824540561065078,0.3932181336987578,33,0.06060606060606061,38,1.3157894736842106,340,1,20,2
NA,NA,NA,NA,NA,NA,NA,NA,NA,NA,57.41277313232422,0.001771999173797667,0.658443425481635,58,0.1724137931034483,57,1.1228070175438596,340,1,21,0
NA,NA,NA,NA,NA,NA,NA,NA,NA,NA,19.717132568359375,0.0006085534696467221,0.32307399613993754,11,0.0,20,0.95,340,1,21,1
NA,NA,NA,NA,NA,NA,NA,NA,NA,NA,36.66396713256836,0.0011316039599478245,0.3776104850827919,43,0.0,37,1.2972972972972974,340,1,21,2
NA,NA,NA,NA,NA,NA,NA,NA,NA,NA,57.153018951416016,0.0017639821162447333,0.6655007678622616,69,0.2318840579710145,57,1.263157894736842,340,1,22,0
NA,NA,NA,NA,NA,NA,NA,NA,NA,NA,17.565141677856445,0.0005421339883469045,0.11393348611260114,18,0.0,18,0.9444444444444444,340,1,22,1
NA,NA,NA,NA,NA,NA,NA,NA,NA,NA,37.56400680541992,0.0011593829840421677,0.37166044325687286,52,0.038461538461538464,38,1.368421052631579,340,1,22,2
NA,NA,NA,NA,NA,NA,NA,NA,NA,NA,54.12335968017578,0.0016704740701243281,0.6200243582654046,47,0.19148936170212766,54,1.0740740740740742,340,1,23,0
NA,NA,NA,NA,NA,NA,NA,NA,NA,NA,16.988492965698242,0.0005243361811153591,0.18052939251335032,13,0.0,17,0.9411764705882353,340,1,23,1
NA,NA,NA,NA,NA,NA,NA,NA,NA,NA,37.523948669433594,0.0011581465369090438,0.38637470427766535,34,0.20588235294117646,38,1.368421052631579,340,1,23,2
NA,NA,NA,NA,NA,NA,NA,NA,NA,NA,56.39275360107422,0.0017405170947313309,0.644336500856357,62,0.24193548387096775,56,1.2678571428571428,340,1,24,0
NA,NA,NA,NA,NA,NA,NA,NA,NA,NA,17.38980484008789,0.0005367223639041185,0.15045586457517365,11,0.0,17,0.7058823529411765,340,1,24,1
NA,NA,NA,NA,NA,NA,NA,NA,NA,NA,35.91807174682617,0.0011085824808105826,0.34626534035761874,29,0.0,36,1.1666666666666667,340,1,24,2
NA,NA,NA,NA,NA,NA,NA,NA,NA,NA,51.40475082397461,0.001586566329933703,0.5427904021112443,57,0.19298245614035087,51,1.1176470588235294,340,1,25,0
NA,NA,NA,NA,NA,NA,NA,NA,NA,NA,16.68528175354004,0.0005149778444319963,0.1076173579903034,11,0.0,17,0.47058823529411764,340,1,25,1
NA,NA,NA,NA,NA,NA,NA,NA,NA,NA,33.90625,0.0010464892257004976,0.17453880306174377,40,0.025,34,1.1764705882352942,340,1,25,2
NA,NA,NA,NA,NA,NA,NA,NA,NA,NA,53.34607696533203,0.0016464838990941644,0.6138962786608383,50,0.22,53,1.1886792452830188,340,1,26,0
NA,NA,NA,NA,NA,NA,NA,NA,NA,NA,16.963802337646484,0.00052357412641868,0.2577558114788242,22,0.0,17,0.8235294117647058,340,1,26,1
NA,NA,NA,NA,NA,NA,NA,NA,NA,NA,34.9351806640625,0.001078246277756989,0.18589946649039044,38,0.0,35,1.2571428571428571,340,1,26,2
NA,NA,NA,NA,NA,NA,NA,NA,NA,NA,52.28874206542969,0.0016138500068336725,0.5875551089656352,44,0.18181818181818182,52,1.1730769230769231,340,1,27,0
NA,NA,NA,NA,NA,NA,NA,NA,NA,NA,17.040372848510742,0.0005259374156594276,0.12850576880263936,17,0.0,17,0.8823529411764706,340,1,27,1
NA,NA,NA,NA,NA,NA,NA,NA,NA,NA,34.822120666503906,0.0010747568449005485,0.19826834716893452,29,0.0,35,1.2857142857142858,340,1,27,2
NA,NA,NA,NA,NA,NA,NA,NA,NA,NA,51.87131118774414,0.0016009664395824075,0.5758639970774968,56,0.16071428571428573,52,1.2115384615384615,340,1,28,0
NA,NA,NA,NA,NA,NA,NA,NA,NA,NA,16.62364959716797,0.0005130756180733442,0.3955526934852562,17,0.0,17,0.8823529411764706,340,1,28,1
NA,NA,NA,NA,NA,NA,NA,NA,NA,NA,34.092430114746094,0.0010522354859858751,0.3383837249280258,28,0.0,34,1.1764705882352942,340,1,28,2
NA,NA,NA,NA,NA,NA,NA,NA,NA,NA,50.46989059448242,0.0015577126760035753,0.5701386109444335,49,0.16326530612244897,50,1.14,340,1,29,0
NA,NA,NA,NA,NA,NA,NA,NA,NA,NA,16.714126586914062,0.0005158681306056678,0.1760458476816017,13,0.0,17,0.8235294117647058,340,1,29,1
NA,NA,NA,NA,NA,NA,NA,NA,NA,NA,34.02693176269531,0.0010502139339223504,0.2540230838905303,34,0.0,34,1.2941176470588236,340,1,29,2
NA,NA,NA,NA,NA,NA,NA,NA,NA,NA,50.38858413696289,0.001555203227326274,0.5017389978437482,52,0.11538461538461539,50,1.3,340,1,30,0
NA,NA,NA,NA,NA,NA,NA,NA,NA,NA,16.66912841796875,0.0005144792958162725,0.08307639859625629,16,0.0,17,0.8235294117647058,340,1,30,1
NA,NA,NA,NA,NA,NA,NA,NA,NA,NA,34.96503448486328,0.0010791677050292492,0.23763590611027616,22,0.0,35,1.1142857142857143,340,1,30,2
NA,NA,NA,NA,NA,NA,NA,NA,NA,NA,49.20222473144531,0.00151858723256737,0.5506112847315232,35,0.14285714285714285,49,1.1428571428571428,340,1,31,0
NA,NA,NA,NA,NA,NA,NA,NA,NA,NA,16.719619750976562,0.0005160376313142478,0.08172146178554228,8,0.0,17,1.0,340,1,31,1
NA,NA,NA,NA,NA,NA,NA,NA,NA,NA,33.90633773803711,0.0010464919032528996,0.20193324395997544,39,0.0,34,1.2647058823529411,340,1,31,2
NA,NA,NA,NA,NA,NA,NA,NA,NA,NA,46.233856201171875,0.0014269708190113306,0.4953559778234275,45,0.15555555555555556,46,1.173913043478261,340,1,32,0
NA,NA,NA,NA,NA,NA,NA,NA,NA,NA,16.458683013916016,0.0005079840193502605,0.22241893634908472,14,0.0,16,0.75,340,1,32,1
NA,NA,NA,NA,NA,NA,NA,NA,NA,NA,33.16917037963867,0.0010237398091703653,0.2826181137371375,35,0.0,33,1.2727272727272727,340,1,32,2
NA,NA,NA,NA,NA,NA,NA,NA,NA,NA,44.429508209228516,0.001371281105093658,0.4519325770884559,36,0.08333333333333333,44,1.1590909090909092,340,1,33,0
NA,NA,NA,NA,NA,NA,NA,NA,NA,NA,16.34416389465332,0.000504449475556612,0.36405045241601264,13,0.0,16,0.75,340,1,33,1
NA,NA,NA,NA,NA,NA,NA,NA,NA,NA,32.74271774291992,0.0010105776600539684,0.3608464619340179,32,0.0,33,1.303030303030303,340,1,33,2
NA,NA,NA,NA,NA,NA,NA,NA,NA,NA,43.55849838256836,0.0013443981297314167,0.4003490904304744,52,0.019230769230769232,44,1.2045454545454546,340,1,34,0
NA,NA,NA,NA,NA,NA,NA,NA,NA,NA,16.548721313476562,0.0005107630277052522,0.0925734389515426,11,0.0,17,1.0588235294117647,340,1,34,1
NA,NA,NA,NA,NA,NA,NA,NA,NA,NA,33.044952392578125,0.0010199059033766389,0.15806838348080154,37,0.0,33,1.1818181818181819,340,1,34,2
NA,NA,NA,NA,NA,NA,NA,NA,NA,NA,42.8406867980957,0.0013222433626651764,0.28393310577785014,44,0.09090909090909091,43,1.1162790697674418,340,1,35,0
NA,NA,NA,NA,NA,NA,NA,NA,NA,NA,16.36114501953125,0.0005049736355431378,0.3699251589085235,16,0.0,16,0.875,340,1,35,1
NA,NA,NA,NA,NA,NA,NA,NA,NA,NA,32.75714874267578,0.0010110230650752783,0.28048786310252777,35,0.0,33,1.1818181818181819,340,1,35,2
NA,NA,NA,NA,NA,NA,NA,NA,NA,NA,280.7433166503906,0.008664917200803757,0.6274239866140117,294,0.40476190476190477,281,0.9572953736654805,340,2,1,0
NA,NA,NA,NA,NA,NA,NA,NA,NA,NA,64.56572723388672,0.001992769306525588,0.5626458350327248,73,0.3424657534246575,65,0.8923076923076924,340,2,1,1
NA,NA,NA,NA,NA,NA,NA,NA,NA,NA,106.04592895507812,0.0032730225939303637,0.49352747196145647,89,0.19101123595505617,106,0.8301886792452831,340,2,1,2
NA,NA,NA,NA,NA,NA,NA,NA,NA,NA,221.89089965820312,0.006848484743386507,0.5733193501027274,227,0.3788546255506608,222,0.8963963963963963,340,2,2,0
NA,NA,NA,NA,NA,NA,NA,NA,NA,NA,41.42620086669922,0.0012785864528268576,0.470078713363418,42,0.14285714285714285,41,0.7804878048780488,340,2,2,1
NA,NA,NA,NA,NA,NA,NA,NA,NA,NA,83.04192352294922,0.0025630223099142313,0.5117966359485995,90,0.2,83,0.7469879518072289,340,2,2,2
NA,NA,NA,NA,NA,NA,NA,NA,NA,NA,193.38693237304688,0.005968732293695211,0.5830280603080537,185,0.3027027027027027,193,0.9067357512953368,340,2,3,0
NA,NA,NA,NA,NA,NA,NA,NA,NA,NA,32.661773681640625,0.0010080793872475624,0.36137799278894756,44,0.09090909090909091,33,0.5151515151515151,340,2,3,1
NA,NA,NA,NA,NA,NA,NA,NA,NA,NA,70.57170867919922,0.002178139053285122,0.3882783573666222,80,0.1625,71,0.7323943661971831,340,2,3,2
NA,NA,NA,NA,NA,NA,NA,NA,NA,NA,163.3705291748047,0.005042300093919039,0.5596003117769122,182,0.3021978021978022,163,0.9570552147239264,340,2,4,0
NA,NA,NA,NA,NA,NA,NA,NA,NA,NA,28.55122947692871,0.0008812107844278216,0.39760579462063833,37,0.0,29,0.6206896551724138,340,2,4,1
NA,NA,NA,NA,NA,NA,NA,NA,NA,NA,62.41407775878906,0.0019263604190200567,0.4214542516560643,70,0.17142857142857143,62,0.7258064516129032,340,2,4,2
NA,NA,NA,NA,NA,NA,NA,NA,NA,NA,135.12106323242188,0.004170403350144625,0.5133406843720628,158,0.1518987341772152,135,0.8962962962962963,340,2,5,0
NA,NA,NA,NA,NA,NA,NA,NA,NA,NA,24.489429473876953,0.0007558466168120503,0.397441517416563,34,0.058823529411764705,24,0.3333333333333333,340,2,5,1
NA,NA,NA,NA,NA,NA,NA,NA,NA,NA,53.754276275634766,0.001659082598052919,0.3435308583449394,45,0.0,54,0.5925925925925926,340,2,5,2
NA,NA,NA,NA,NA,NA,NA,NA,NA,NA,116.06181335449219,0.00358215463347733,0.4811293753369275,106,0.16981132075471697,116,0.853448275862069,340,2,6,0
NA,NA,NA,NA,NA,NA,NA,NA,NA,NA,23.008079528808594,0.0007101258961483836,0.25167133728339675,18,0.0,23,0.43478260869565216,340,2,6,1
NA,NA,NA,NA,NA,NA,NA,NA,NA,NA,49.496559143066406,0.001527671585790813,0.25406210098308696,48,0.041666666666666664,49,0.673469387755102,340,2,6,2
NA,NA,NA,NA,NA,NA,NA,NA,NA,NA,99.54511260986328,0.0030723800882697105,0.4936897773528571,85,0.10588235294117647,100,0.81,340,2,7,0
NA,NA,NA,NA,NA,NA,NA,NA,NA,NA,21.237712860107422,0.0006554849678650498,0.2503474779046763,24,0.0,21,0.42857142857142855,340,2,7,1
NA,NA,NA,NA,NA,NA,NA,NA,NA,NA,49.51816177368164,0.0015283382963389158,0.2861514996332315,49,0.14285714285714285,50,0.8,340,2,7,2
NA,NA,NA,NA,NA,NA,NA,NA,NA,NA,84.55854034423828,0.00260983151383698,0.4577930367743376,78,0.1282051282051282,85,0.7647058823529411,340,2,8,0
NA,NA,NA,NA,NA,NA,NA,NA,NA,NA,19.951906204223633,0.0006157995667308569,0.21997749777491696,19,0.0,20,0.4,340,2,8,1
NA,NA,NA,NA,NA,NA,NA,NA,NA,NA,46.08901596069336,0.0014225004706531763,0.266210129659266,61,0.08196721311475409,46,0.8913043478260869,340,2,8,2
NA,NA,NA,NA,NA,NA,NA,NA,NA,NA,75.02783203125,0.0023156737443059683,0.471506518622034,78,0.15384615384615385,75,0.88,340,2,9,0
NA,NA,NA,NA,NA,NA,NA,NA,NA,NA,19.415557861328125,0.0005992455990053713,0.2806995480024801,22,0.0,19,0.631578947368421,340,2,9,1
NA,NA,NA,NA,NA,NA,NA,NA,NA,NA,39.53929138183594,0.0012203485239297152,0.2782545801033722,33,0.030303030303030304,40,0.8,340,2,9,2
NA,NA,NA,NA,NA,NA,NA,NA,NA,NA,69.14668273925781,0.0021341568790376186,0.4819778181569508,67,0.08955223880597014,69,0.9710144927536232,340,2,10,0
NA,NA,NA,NA,NA,NA,NA,NA,NA,NA,18.511781692504883,0.0005713512655347586,0.30472629757946584,21,0.0,19,0.47368421052631576,340,2,10,1
NA,NA,NA,NA,NA,NA,NA,NA,NA,NA,39.04767990112305,0.001205175300128758,0.32824875598093683,40,0.05,39,0.9743589743589743,340,2,10,2
NA,NA,NA,NA,NA,NA,NA,NA,NA,NA,62.49808120727539,0.0019289531046524644,0.46167295917730083,68,0.11764705882352941,62,1.0483870967741935,340,2,11,0
NA,NA,NA,NA,NA,NA,NA,NA,NA,NA,18.161806106567383,0.0005605495534837246,0.5666524988902182,26,0.0,18,0.6666666666666666,340,2,11,1
NA,NA,NA,NA,NA,NA,NA,NA,NA,NA,39.72657775878906,0.001226128893904388,0.40063797055681444,47,0.14893617021276595,40,0.95,340,2,11,2
NA,NA,NA,NA,NA,NA,NA,NA,NA,NA,56.5737190246582,0.0017461024690419436,0.4464020614840477,59,0.1016949152542373,57,1.0526315789473684,340,2,12,0
NA,NA,NA,NA,NA,NA,NA,NA,NA,NA,17.540889739990234,0.0005413854960352182,0.6304361916996131,24,0.0,18,0.5,340,2,12,1
NA,NA,NA,NA,NA,NA,NA,NA,NA,NA,35.59805679321289,0.00109870545566082,0.2942490346508323,27,0.0,36,0.9444444444444444,340,2,12,2
NA,NA,NA,NA,NA,NA,NA,NA,NA,NA,51.368682861328125,0.0015854531666263938,0.4149561904008087,44,0.06818181818181818,51,1.0588235294117647,340,2,13,0
NA,NA,NA,NA,NA,NA,NA,NA,NA,NA,17.2440242767334,0.0005322229699231684,0.5896275521936415,11,0.0,17,0.6470588235294118,340,2,13,1
NA,NA,NA,NA,NA,NA,NA,NA,NA,NA,34.16898727416992,0.0010545983677729964,0.1932215584740934,41,0.0,34,1.0,340,2,13,2
NA,NA,NA,NA,NA,NA,NA,NA,NA,NA,46.576969146728516,0.0014375607715919614,0.37868772307370874,48,0.0,47,1.0638297872340425,340,2,14,0
NA,NA,NA,NA,NA,NA,NA,NA,NA,NA,16.93033218383789,0.0005225411150604486,0.5605722156365353,19,0.0,17,0.5882352941176471,340,2,14,1
NA,NA,NA,NA,NA,NA,NA,NA,NA,NA,33.275306701660156,0.0010270156199112535,0.3543396080320059,31,0.0,33,1.0606060606060606,340,2,14,2
NA,NA,NA,NA,NA,NA,NA,NA,NA,NA,42.97382736206055,0.0013263527071103454,0.35842780024216375,51,0.0196078431372549,43,1.0930232558139534,340,2,15,0
NA,NA,NA,NA,NA,NA,NA,NA,NA,NA,16.702665328979492,0.0005155143444426358,0.4688541506735726,19,0.0,17,0.7058823529411765,340,2,15,1
NA,NA,NA,NA,NA,NA,NA,NA,NA,NA,32.71406936645508,0.0010096934856846929,0.3543235093021378,29,0.0,33,1.0303030303030303,340,2,15,2
NA,NA,NA,NA,NA,NA,NA,NA,NA,NA,40.40428924560547,0.0012470459332689643,0.3902001915257603,39,0.0,40,1.05,340,2,16,0
NA,NA,NA,NA,NA,NA,NA,NA,NA,NA,16.514741897583008,0.0005097142420709133,0.3471442148638287,14,0.0,17,0.7058823529411765,340,2,16,1
NA,NA,NA,NA,NA,NA,NA,NA,NA,NA,32.34683609008789,0.0009983591735363007,0.19246358287197535,32,0.03125,32,1.0625,340,2,16,2
NA,NA,NA,NA,NA,NA,NA,NA,NA,NA,40.23427963256836,0.0012417987454682589,0.10439099659768974,39,0.0,40,0.65,340,2,17,0
NA,NA,NA,NA,NA,NA,NA,NA,NA,NA,16.519271850585938,0.0005098540568724275,0.2598501946972003,21,0.0,17,0.9411764705882353,340,2,17,1
NA,NA,NA,NA,NA,NA,NA,NA,NA,NA,32.30156707763672,0.0009969619568437338,0.1358186583338065,27,0.0,32,0.59375,340,2,17,2
NA,NA,NA,NA,NA,NA,NA,NA,NA,NA,38.83692932128906,0.0011986707104369998,0.1951796738943287,45,0.022222222222222223,39,0.28205128205128205,340,2,18,0
NA,NA,NA,NA,NA,NA,NA,NA,NA,NA,16.340486526489258,0.0005043360288254917,0.26114049216244234,23,0.0,16,0.5625,340,2,18,1
NA,NA,NA,NA,NA,NA,NA,NA,NA,NA,32.086692810058594,0.000990330008789897,0.010015994696972876,38,0.0,32,0.28125,340,2,18,2
NA,NA,NA,NA,NA,NA,NA,NA,NA,NA,38.16265106201172,0.001177859609015286,0.3519261483853045,38,0.0,38,0.07894736842105263,340,2,19,0
NA,NA,NA,NA,NA,NA,NA,NA,NA,NA,16.25657844543457,0.0005017462535761297,0.1906678599925337,14,0.0,16,0.3125,340,2,19,1
NA,NA,NA,NA,NA,NA,NA,NA,NA,NA,32.03273391723633,0.0009886645711958408,-0.004210591397319635,36,0.027777777777777776,32,0.125,340,2,19,2
NA,NA,NA,NA,NA,NA,NA,NA,NA,NA,37.92325210571289,0.0011704707285389304,0.38439681779784163,45,0.0,38,0.07894736842105263,340,2,20,0
NA,NA,NA,NA,NA,NA,NA,NA,NA,NA,16.203126907348633,0.0005000965320505202,0.14281514096368683,13,0.0,16,0.25,340,2,20,1
NA,NA,NA,NA,NA,NA,NA,NA,NA,NA,32.02686309814453,0.0009884834289550781,-0.00628891627065315,22,0.0,32,0.125,340,2,20,2
NA,NA,NA,NA,NA,NA,NA,NA,NA,NA,37.8311653137207,0.0011676285648718476,0.38342556613677453,29,0.0,38,0.07894736842105263,340,2,21,0
NA,NA,NA,NA,NA,NA,NA,NA,NA,NA,16.17644691467285,0.0004992730682715774,0.12619966624683532,19,0.0,16,0.125,340,2,21,1
NA,NA,NA,NA,NA,NA,NA,NA,NA,NA,32.035423278808594,0.0009887475753203034,-0.007435969300650047,20,0.0,32,0.125,340,2,21,2
NA,NA,NA,NA,NA,NA,NA,NA,NA,NA,37.785587310791016,0.001166221802122891,0.38272529771021835,38,0.0,38,0.07894736842105263,340,2,22,0
NA,NA,NA,NA,NA,NA,NA,NA,NA,NA,16.164051055908203,0.0004988904693163931,0.12010969871622364,9,0.0,16,0.1875,340,2,22,1
NA,NA,NA,NA,NA,NA,NA,NA,NA,NA,32.0468635559082,0.0009891007794067264,-0.008330377763257103,32,0.0,32,0.125,340,2,22,2
NA,NA,NA,NA,NA,NA,NA,NA,NA,NA,37.758583068847656,0.001165388384833932,0.3822841583436464,41,0.0,38,0.07894736842105263,340,2,23,0
NA,NA,NA,NA,NA,NA,NA,NA,NA,NA,16.15701675415039,0.0004986733547411859,0.11675677596954163,19,0.05263157894736842,16,0.1875,340,2,23,1
NA,NA,NA,NA,NA,NA,NA,NA,NA,NA,32.058349609375,0.0009894552640616894,-0.009041058930066317,32,0.0,32,0.125,340,2,23,2
NA,NA,NA,NA,NA,NA,NA,NA,NA,NA,37.74041748046875,0.0011648277286440134,0.38197536585994113,29,0.0,38,0.07894736842105263,340,2,24,0
NA,NA,NA,NA,NA,NA,NA,NA,NA,NA,16.15264129638672,0.0004985383129678667,0.11467923117020487,17,0.0,16,0.1875,340,2,24,1
NA,NA,NA,NA,NA,NA,NA,NA,NA,NA,32.06900405883789,0.0009897840209305286,-0.0095947145305024,37,0.0,32,0.125,340,2,24,2
NA,NA,NA,NA,NA,NA,NA,NA,NA,NA,37.72624206542969,0.0011643902398645878,0.3817381450817781,46,0.0,38,0.07894736842105263,340,2,25,0
NA,NA,NA,NA,NA,NA,NA,NA,NA,NA,16.149415969848633,0.0004984387778677046,0.11311369914855622,16,0.0,16,0.1875,340,2,25,1
NA,NA,NA,NA,NA,NA,NA,NA,NA,NA,32.078941345214844,0.0009900907753035426,-0.010050432600368664,39,0.0,32,0.125,340,2,25,2
NA,NA,NA,NA,NA,NA,NA,NA,NA,NA,37.71497344970703,0.001164042390882969,0.3815425167107884,39,0.0,38,0.07894736842105263,340,2,26,0
NA,NA,NA,NA,NA,NA,NA,NA,NA,NA,16.147247314453125,0.0004983718390576541,0.11190573141326518,10,0.0,16,0.1875,340,2,26,1
NA,NA,NA,NA,NA,NA,NA,NA,NA,NA,32.08799743652344,0.000990370288491249,-0.01043420059249429,34,0.0,32,0.125,340,2,26,2
NA,NA,NA,NA,NA,NA,NA,NA,NA,NA,37.70557403564453,0.0011637522839009762,0.3813755348178826,35,0.0,38,0.07894736842105263,340,2,27,0
NA,NA,NA,NA,NA,NA,NA,NA,NA,NA,16.145713806152344,0.0004983245162293315,0.1109176413396464,18,0.0,16,0.1875,340,2,27,1
NA,NA,NA,NA,NA,NA,NA,NA,NA,NA,32.096336364746094,0.0009906276827678084,-0.010752260130726153,33,0.0,32,0.125,340,2,27,2
NA,NA,NA,NA,NA,NA,NA,NA,NA,NA,37.6975212097168,0.0011635037371888757,0.3812312732967834,30,0.0,38,0.07894736842105263,340,2,28,0
NA,NA,NA,NA,NA,NA,NA,NA,NA,NA,16.14448356628418,0.000498286506626755,0.11013249488905512,23,0.0,16,0.1875,340,2,28,1
NA,NA,NA,NA,NA,NA,NA,NA,NA,NA,32.104095458984375,0.0009908671490848064,-0.011018952503250757,32,0.0,32,0.125,340,2,28,2
NA,NA,NA,NA,NA,NA,NA,NA,NA,NA,37.69034194946289,0.001163282198831439,0.38110719292721845,47,0.02127659574468085,38,0.07894736842105263,340,2,29,0
NA,NA,NA,NA,NA,NA,NA,NA,NA,NA,16.1434268951416,0.0004982539103366435,0.10950190587920436,9,0.0,16,0.1875,340,2,29,1
NA,NA,NA,NA,NA,NA,NA,NA,NA,NA,32.111122131347656,0.00099108403082937,-0.011226567352176602,27,0.037037037037037035,32,0.125,340,2,29,2
NA,NA,NA,NA,NA,NA,NA,NA,NA,NA,37.683929443359375,0.0011630842927843332,0.3809953729529389,31,0.03225806451612903,38,0.07894736842105263,340,2,30,0
NA,NA,NA,NA,NA,NA,NA,NA,NA,NA,16.142276763916016,0.0004982184036634862,0.10898295617770797,19,0.0,16,0.1875,340,2,30,1
NA,NA,NA,NA,NA,NA,NA,NA,NA,NA,32.117431640625,0.0009912787936627865,-0.01139532552021449,32,0.0,32,0.125,340,2,30,2
NA,NA,NA,NA,NA,NA,NA,NA,NA,NA,37.677879333496094,0.0011628975626081228,0.38089331856411685,44,0.0,38,0.07894736842105263,340,2,31,0
NA,NA,NA,NA,NA,NA,NA,NA,NA,NA,16.14124298095703,0.0004981865058653057,0.1085450211505214,15,0.0,16,0.1875,340,2,31,1
NA,NA,NA,NA,NA,NA,NA,NA,NA,NA,32.12321472167969,0.0009914572583511472,-0.011528758107525272,32,0.03125,32,0.125,340,2,31,2
NA,NA,NA,NA,NA,NA,NA,NA,NA,NA,37.672264099121094,0.0011627242201939225,0.38079661372000567,38,0.02631578947368421,38,0.07894736842105263,340,2,32,0
NA,NA,NA,NA,NA,NA,NA,NA,NA,NA,16.14026641845703,0.0004981563542969525,0.10817018737500253,8,0.0,16,0.1875,340,2,32,1
NA,NA,NA,NA,NA,NA,NA,NA,NA,NA,32.12841033935547,0.0009916175622493029,-0.011640802178006093,26,0.0,32,0.125,340,2,32,2
NA,NA,NA,NA,NA,NA,NA,NA,NA,NA,37.66710662841797,0.0011625649640336633,0.3807209470863036,39,0.0,38,0.07894736842105263,340,2,33,0
NA,NA,NA,NA,NA,NA,NA,NA,NA,NA,16.139341354370117,0.0004981278325431049,0.10783898652674717,12,0.0,16,0.1875,340,2,33,1
NA,NA,NA,NA,NA,NA,NA,NA,NA,NA,32.133018493652344,0.0009917598217725754,-0.01173022801854889,39,0.0,32,0.125,340,2,33,2
NA,NA,NA,NA,NA,NA,NA,NA,NA,NA,37.66237258911133,0.0011624188628047705,0.38064501806079326,36,0.0,38,0.07894736842105263,340,2,34,0
NA,NA,NA,NA,NA,NA,NA,NA,NA,NA,16.138376235961914,0.0004980980302207172,0.10755431348960066,14,0.0,16,0.1875,340,2,34,1
NA,NA,NA,NA,NA,NA,NA,NA,NA,NA,32.137115478515625,0.0009918862488120794,-0.01179961093881903,35,0.0,32,0.125,340,2,34,2
NA,NA,NA,NA,NA,NA,NA,NA,NA,NA,37.658058166503906,0.0011622858000919223,0.3805732511194355,42,0.0,38,0.07894736842105263,340,2,35,0
NA,NA,NA,NA,NA,NA,NA,NA,NA,NA,16.13740348815918,0.0004980679950676858,0.10728853113963492,11,0.0,16,0.1875,340,2,35,1
NA,NA,NA,NA,NA,NA,NA,NA,NA,NA,32.14088439941406,0.0009920025477185845,-0.011864167984021947,37,0.0,32,0.125,340,2,35,2
NA,NA,NA,NA,NA,NA,NA,NA,NA,NA,305.10125732421875,0.009416705928742886,0.6385813148193875,300,0.43,305,1.019672131147541,340,3,1,0
NA,NA,NA,NA,NA,NA,NA,NA,NA,NA,69.76171112060547,0.002153139328584075,0.598163369678015,69,0.463768115942029,70,0.9,340,3,1,1
NA,NA,NA,NA,NA,NA,NA,NA,NA,NA,108.73147583007812,0.003355909837409854,0.47986742514120156,104,0.25,109,0.6330275229357798,340,3,1,2
NA,NA,NA,NA,NA,NA,NA,NA,NA,NA,241.31198120117188,0.007447900716215372,0.6147145164163164,242,0.3884297520661157,241,0.991701244813278,340,3,2,0
NA,NA,NA,NA,NA,NA,NA,NA,NA,NA,53.116233825683594,0.0016393898986279964,0.5925783468858992,55,0.34545454545454546,53,0.8867924528301887,340,3,2,1
NA,NA,NA,NA,NA,NA,NA,NA,NA,NA,78.35059356689453,0.002418228192254901,0.3458720541631639,73,0.0821917808219178,78,0.48717948717948717,340,3,2,2
NA,NA,NA,NA,NA,NA,NA,NA,NA,NA,199.4065399169922,0.006154522765427828,0.5915895250291264,205,0.2975609756097561,199,0.9346733668341709,340,3,3,0
NA,NA,NA,NA,NA,NA,NA,NA,NA,NA,36.529903411865234,0.0011274662101641297,0.44492586530038275,31,0.06451612903225806,37,0.7027027027027027,340,3,3,1
NA,NA,NA,NA,NA,NA,NA,NA,NA,NA,71.18730163574219,0.0021971389651298523,0.469424858997645,71,0.15492957746478872,71,0.6619718309859155,340,3,3,2
NA,NA,NA,NA,NA,NA,NA,NA,NA,NA,169.24740600585938,0.005223685409873724,0.5758792838664581,149,0.22818791946308725,169,0.9053254437869822,340,3,4,0
NA,NA,NA,NA,NA,NA,NA,NA,NA,NA,28.515254974365234,0.0008801004732958972,0.3003897898808407,27,0.037037037037037035,29,0.41379310344827586,340,3,4,1
NA,NA,NA,NA,NA,NA,NA,NA,NA,NA,59.702720642089844,0.0018426765454933047,0.3977020293628331,55,0.07272727272727272,60,0.6,340,3,4,2
NA,NA,NA,NA,NA,NA,NA,NA,NA,NA,145.5592041015625,0.004492567852139473,0.5499113939743379,138,0.3115942028985507,146,0.8698630136986302,340,3,5,0
NA,NA,NA,NA,NA,NA,NA,NA,NA,NA,24.86201286315918,0.000767346064094454,0.2137289975352164,24,0.0,25,0.4,340,3,5,1
NA,NA,NA,NA,NA,NA,NA,NA,NA,NA,58.04348373413086,0.001791465561836958,0.3989273442918525,60,0.05,58,0.8103448275862069,340,3,5,2
NA,NA,NA,NA,NA,NA,NA,NA,NA,NA,131.57888793945312,0.004061076790094376,0.5452486575330165,124,0.2903225806451613,132,0.9242424242424242,340,3,6,0
NA,NA,NA,NA,NA,NA,NA,NA,NA,NA,23.2161865234375,0.0007165489951148629,0.36928083719913996,25,0.0,23,0.30434782608695654,340,3,6,1
NA,NA,NA,NA,NA,NA,NA,NA,NA,NA,50.05479049682617,0.0015449009370058775,0.4132596937165522,53,0.07547169811320754,50,0.72,340,3,6,2
NA,NA,NA,NA,NA,NA,NA,NA,NA,NA,114.39898681640625,0.003530832938849926,0.5390573709171766,112,0.2767857142857143,114,0.8947368421052632,340,3,7,0
NA,NA,NA,NA,NA,NA,NA,NA,NA,NA,21.403018951416016,0.0006605869857594371,0.28685586158097115,15,0.0,21,0.42857142857142855,340,3,7,1
NA,NA,NA,NA,NA,NA,NA,NA,NA,NA,52.05458068847656,0.0016066228272393346,0.5756552635113988,53,0.2830188679245283,52,0.8269230769230769,340,3,7,2
NA,NA,NA,NA,NA,NA,NA,NA,NA,NA,96.9874267578125,0.0029934390913695097,0.4673570949489522,90,0.16666666666666666,97,0.845360824742268,340,3,8,0
NA,NA,NA,NA,NA,NA,NA,NA,NA,NA,19.899951934814453,0.0006141960620880127,0.3273315189709831,22,0.045454545454545456,20,0.3,340,3,8,1
NA,NA,NA,NA,NA,NA,NA,NA,NA,NA,45.56544494628906,0.0014063408598303795,0.37233459176671274,44,0.13636363636363635,46,0.8043478260869565,340,3,8,2
NA,NA,NA,NA,NA,NA,NA,NA,NA,NA,87.1531753540039,0.0026899129152297974,0.4869637681819114,90,0.17777777777777778,87,0.8390804597701149,340,3,9,0
NA,NA,NA,NA,NA,NA,NA,NA,NA,NA,19.10900115966797,0.0005897840019315481,0.36315383363154724,18,0.0,19,0.5789473684210527,340,3,9,1
NA,NA,NA,NA,NA,NA,NA,NA,NA,NA,41.9802360534668,0.0012956863502040505,0.33257659751225244,45,0.0,42,0.8333333333333334,340,3,9,2
NA,NA,NA,NA,NA,NA,NA,NA,NA,NA,83.74858856201172,0.002584832953289151,0.5751342108860886,89,0.29213483146067415,84,1.0119047619047619,340,3,10,0
NA,NA,NA,NA,NA,NA,NA,NA,NA,NA,18.67198371887207,0.000576295773498714,0.3943302886073611,11,0.0,19,0.7368421052631579,340,3,10,1
NA,NA,NA,NA,NA,NA,NA,NA,NA,NA,40.851898193359375,0.0012608610559254885,0.3060332913790202,46,0.08695652173913043,41,1.048780487804878,340,3,10,2
NA,NA,NA,NA,NA,NA,NA,NA,NA,NA,70.93919372558594,0.00218948139809072,0.4734056610254571,59,0.1016949152542373,71,1.0,340,3,11,0
NA,NA,NA,NA,NA,NA,NA,NA,NA,NA,17.960792541503906,0.0005543454317376018,0.34578539854653123,18,0.0,18,0.5,340,3,11,1
NA,NA,NA,NA,NA,NA,NA,NA,NA,NA,38.29445266723633,0.0011819275096058846,0.19874819807329333,43,0.023255813953488372,38,0.868421052631579,340,3,11,2
NA,NA,NA,NA,NA,NA,NA,NA,NA,NA,66.04691314697266,0.0020384849049150944,0.5749602975232032,79,0.16455696202531644,66,1.0909090909090908,340,3,12,0
NA,NA,NA,NA,NA,NA,NA,NA,NA,NA,17.602367401123047,0.0005432829493656754,0.2534476963401777,16,0.0,18,0.7222222222222222,340,3,12,1
NA,NA,NA,NA,NA,NA,NA,NA,NA,NA,36.84683609008789,0.001137248007580638,0.26645526970580874,37,0.02702702702702703,37,0.9459459459459459,340,3,12,2
NA,NA,NA,NA,NA,NA,NA,NA,NA,NA,61.186668395996094,0.0018884774763137102,0.5933688316056949,60,0.23333333333333334,61,1.098360655737705,340,3,13,0
NA,NA,NA,NA,NA,NA,NA,NA,NA,NA,17.71971893310547,0.000546904921066016,0.44793279728132324,16,0.0625,18,0.8888888888888888,340,3,13,1
NA,NA,NA,NA,NA,NA,NA,NA,NA,NA,37.00990295410156,0.0011422809911891818,0.3750927153980029,28,0.0,37,1.162162162162162,340,3,13,2
NA,NA,NA,NA,NA,NA,NA,NA,NA,NA,56.616241455078125,0.0017474148189648986,0.5398501869103258,62,0.1774193548387097,57,1.1578947368421053,340,3,14,0
NA,NA,NA,NA,NA,NA,NA,NA,NA,NA,16.94568634033203,0.0005230149836279452,0.34439917581163976,18,0.0,17,0.8235294117647058,340,3,14,1
NA,NA,NA,NA,NA,NA,NA,NA,NA,NA,34.80036163330078,0.0010740852449089289,0.3885623563059132,28,0.0,35,1.2,340,3,14,2
NA,NA,NA,NA,NA,NA,NA,NA,NA,NA,56.03354263305664,0.0017294302815571427,0.5434921095647758,60,0.21666666666666667,56,1.1607142857142858,340,3,15,0
NA,NA,NA,NA,NA,NA,NA,NA,NA,NA,17.01827621459961,0.0005252554547041655,0.19091754482971035,10,0.0,17,0.5882352941176471,340,3,15,1
NA,NA,NA,NA,NA,NA,NA,NA,NA,NA,36.372886657714844,0.0011226199567317963,0.2960789824417215,44,0.045454545454545456,36,1.2777777777777777,340,3,15,2
NA,NA,NA,NA,NA,NA,NA,NA,NA,NA,61.13207244873047,0.0018867923645302653,0.686460526260064,54,0.25925925925925924,61,1.2950819672131149,340,3,16,0
NA,NA,NA,NA,NA,NA,NA,NA,NA,NA,17.31245994567871,0.0005343352095223963,0.323917252435811,22,0.0,17,1.0,340,3,16,1
NA,NA,NA,NA,NA,NA,NA,NA,NA,NA,38.633277893066406,0.001192385097965598,0.4293106140516939,35,0.05714285714285714,39,1.1282051282051282,340,3,16,2
NA,NA,NA,NA,NA,NA,NA,NA,NA,NA,55.92276382446289,0.0017260112799704075,0.555726142151017,46,0.1956521739130435,56,1.2321428571428572,340,3,17,0
NA,NA,NA,NA,NA,NA,NA,NA,NA,NA,17.027210235595703,0.0005255311843939126,0.27932827657340165,17,0.0,17,1.0,340,3,17,1
NA,NA,NA,NA,NA,NA,NA,NA,NA,NA,36.06892395019531,0.001113238395191729,0.23506217150460887,43,0.046511627906976744,36,1.1944444444444444,340,3,17,2
NA,NA,NA,NA,NA,NA,NA,NA,NA,NA,54.12871170043945,0.0016706392634660006,0.5517028389547203,47,0.19148936170212766,54,1.2777777777777777,340,3,18,0
NA,NA,NA,NA,NA,NA,NA,NA,NA,NA,16.549484252929688,0.0005107865436002612,0.16242334963325067,18,0.0,17,0.6470588235294118,340,3,18,1
NA,NA,NA,NA,NA,NA,NA,NA,NA,NA,35.67725372314453,0.0011011498281732202,0.11444686067057425,25,0.0,36,1.1388888888888888,340,3,18,2
NA,NA,NA,NA,NA,NA,NA,NA,NA,NA,53.12278747558594,0.0016395922284573317,0.55913610586138,57,0.24561403508771928,53,1.320754716981132,340,3,19,0
NA,NA,NA,NA,NA,NA,NA,NA,NA,NA,16.90966033935547,0.0005219031008891761,0.06888483074703788,16,0.0,17,0.8235294117647058,340,3,19,1
NA,NA,NA,NA,NA,NA,NA,NA,NA,NA,35.85551452636719,0.001106651732698083,0.21671529340179932,34,0.0,36,0.9444444444444444,340,3,19,2
NA,NA,NA,NA,NA,NA,NA,NA,NA,NA,50.287864685058594,0.0015520945889875293,0.4507099934678895,50,0.08,50,1.2,340,3,20,0
NA,NA,NA,NA,NA,NA,NA,NA,NA,NA,16.476760864257812,0.000508541997987777,0.3812464852192919,9,0.0,16,0.9375,340,3,20,1
NA,NA,NA,NA,NA,NA,NA,NA,NA,NA,34.721832275390625,0.001071661477908492,0.06746637208646457,34,0.0,35,1.0285714285714285,340,3,20,2
NA,NA,NA,NA,NA,NA,NA,NA,NA,NA,50.105712890625,0.001546472660265863,0.42283255564809785,49,0.12244897959183673,50,1.24,340,3,21,0
NA,NA,NA,NA,NA,NA,NA,NA,NA,NA,16.43971061706543,0.000507398450281471,0.20827477743114534,30,0.0,16,0.625,340,3,21,1
NA,NA,NA,NA,NA,NA,NA,NA,NA,NA,35.449947357177734,0.0010941341752186418,0.10063066085958983,39,0.0,35,1.1428571428571428,340,3,21,2
NA,NA,NA,NA,NA,NA,NA,NA,NA,NA,52.7000617980957,0.0016265450976788998,0.40471362353117246,48,0.1875,53,1.2075471698113207,340,3,22,0
NA,NA,NA,NA,NA,NA,NA,NA,NA,NA,16.444198608398438,0.0005075369845144451,0.304454565449149,14,0.0,16,0.6875,340,3,22,1
NA,NA,NA,NA,NA,NA,NA,NA,NA,NA,36.47422790527344,0.0011257478035986423,0.0995180316943643,38,0.0,36,1.1111111111111112,340,3,22,2
NA,NA,NA,NA,NA,NA,NA,NA,NA,NA,51.01353454589844,0.001574491849169135,0.39000936378614454,51,0.11764705882352941,51,1.1764705882352942,340,3,23,0
NA,NA,NA,NA,NA,NA,NA,NA,NA,NA,16.470748901367188,0.0005083564319647849,0.396646195663681,18,0.0,16,0.6875,340,3,23,1
NA,NA,NA,NA,NA,NA,NA,NA,NA,NA,35.203460693359375,0.0010865265503525734,0.07556434933006023,38,0.02631578947368421,35,1.1428571428571428,340,3,23,2
NA,NA,NA,NA,NA,NA,NA,NA,NA,NA,51.48040771484375,0.0015889015048742294,0.47395105337042825,39,0.1282051282051282,51,1.2745098039215685,340,3,24,0
NA,NA,NA,NA,NA,NA,NA,NA,NA,NA,16.641489028930664,0.0005136262043379247,0.17471854951674196,23,0.0,17,0.8235294117647058,340,3,24,1
NA,NA,NA,NA,NA,NA,NA,NA,NA,NA,34.979881286621094,0.00107962591573596,0.08611269633564947,47,0.0,35,1.1142857142857143,340,3,24,2
NA,NA,NA,NA,NA,NA,NA,NA,NA,NA,53.104286193847656,0.0016390212113037705,0.5827014274936985,43,0.20930232558139536,53,1.2264150943396226,340,3,25,0
NA,NA,NA,NA,NA,NA,NA,NA,NA,NA,17.181087493896484,0.0005302804638631642,0.18483534945211041,15,0.0,17,0.8235294117647058,340,3,25,1
NA,NA,NA,NA,NA,NA,NA,NA,NA,NA,36.05466842651367,0.001112798461690545,0.27069096938765286,34,0.029411764705882353,36,1.2222222222222223,340,3,25,2
NA,NA,NA,NA,NA,NA,NA,NA,NA,NA,53.09453201293945,0.001638720161281526,0.6008730162120187,65,0.15384615384615385,53,1.3018867924528301,340,3,26,0
NA,NA,NA,NA,NA,NA,NA,NA,NA,NA,17.310699462890625,0.0005342808435671031,0.2009949145231617,18,0.0,17,1.0,340,3,26,1
NA,NA,NA,NA,NA,NA,NA,NA,NA,NA,36.09273910522461,0.0011139734415337443,0.2913878664672315,35,0.0,36,1.3611111111111112,340,3,26,2
NA,NA,NA,NA,NA,NA,NA,NA,NA,NA,52.8504524230957,0.0016311868093907833,0.5101239661986369,48,0.1875,53,1.2830188679245282,340,3,27,0
NA,NA,NA,NA,NA,NA,NA,NA,NA,NA,16.698795318603516,0.0005153949023224413,0.3239092588056456,9,0.0,17,0.8823529411764706,340,3,27,1
NA,NA,NA,NA,NA,NA,NA,NA,NA,NA,35.875885009765625,0.0011072803754359484,0.14273738639270725,31,0.0,36,1.0833333333333333,340,3,27,2
NA,NA,NA,NA,NA,NA,NA,NA,NA,NA,51.494163513183594,0.0015893260715529323,0.501816168995922,54,0.05555555555555555,51,1.2156862745098038,340,3,28,0
NA,NA,NA,NA,NA,NA,NA,NA,NA,NA,16.660066604614258,0.0005141996080055833,0.2024045223240468,18,0.0,17,0.8235294117647058,340,3,28,1
NA,NA,NA,NA,NA,NA,NA,NA,NA,NA,34.771080017089844,0.0010731815127655864,0.11312767146076924,40,0.0,35,1.1714285714285715,340,3,28,2
NA,NA,NA,NA,NA,NA,NA,NA,NA,NA,51.622886657714844,0.00159329897724092,0.4933143709739825,40,0.125,52,1.3461538461538463,340,3,29,0
NA,NA,NA,NA,NA,NA,NA,NA,NA,NA,16.68231201171875,0.0005148861673660576,0.3176524375430105,26,0.0,17,1.0,340,3,29,1
NA,NA,NA,NA,NA,NA,NA,NA,NA,NA,35.2495002746582,0.001087947515770793,0.21593773377339914,37,0.02702702702702703,35,1.1428571428571428,340,3,29,2
NA,NA,NA,NA,NA,NA,NA,NA,NA,NA,50.489830017089844,0.0015583280473947525,0.4578266470928806,52,0.11538461538461539,50,1.26,340,3,30,0
NA,NA,NA,NA,NA,NA,NA,NA,NA,NA,16.77669334411621,0.0005177991697564721,0.05258389047090186,16,0.0,17,0.8823529411764706,340,3,30,1
NA,NA,NA,NA,NA,NA,NA,NA,NA,NA,35.330928802490234,0.0010904608061537147,0.20965720046149788,40,0.025,35,1.2,340,3,30,2
NA,NA,NA,NA,NA,NA,NA,NA,NA,NA,49.987022399902344,0.001542809302918613,0.41096777981536126,42,0.19047619047619047,50,1.24,340,3,31,0
NA,NA,NA,NA,NA,NA,NA,NA,NA,NA,16.49204444885254,0.0005090137128718197,0.47548792881276297,19,0.0,16,0.9375,340,3,31,1
NA,NA,NA,NA,NA,NA,NA,NA,NA,NA,35.02740478515625,0.0010810927487909794,0.21161491860306436,35,0.02857142857142857,35,1.1714285714285715,340,3,31,2
NA,NA,NA,NA,NA,NA,NA,NA,NA,NA,47.66805648803711,0.0014712363481521606,0.31699655854224884,42,0.023809523809523808,48,1.0208333333333333,340,3,32,0
NA,NA,NA,NA,NA,NA,NA,NA,NA,NA,16.360408782958984,0.0005049508763477206,0.3066839764092957,23,0.0,16,0.625,340,3,32,1
NA,NA,NA,NA,NA,NA,NA,NA,NA,NA,34.090633392333984,0.0010521800722926855,0.158728979090284,38,0.0,34,1.2058823529411764,340,3,32,2
NA,NA,NA,NA,NA,NA,NA,NA,NA,NA,46.77335739135742,0.0014436221681535244,0.27118808599325,57,0.05263157894736842,47,0.9574468085106383,340,3,33,0
NA,NA,NA,NA,NA,NA,NA,NA,NA,NA,16.39826774597168,0.0005061193951405585,0.31176004440475164,16,0.0,16,0.4375,340,3,33,1
NA,NA,NA,NA,NA,NA,NA,NA,NA,NA,33.87745666503906,0.0010456005111336708,0.10928601770568867,50,0.0,34,1.088235294117647,340,3,33,2
NA,NA,NA,NA,NA,NA,NA,NA,NA,NA,46.46055603027344,0.0014339677290990949,0.2601104739977949,49,0.02040816326530612,46,0.9782608695652174,340,3,34,0
NA,NA,NA,NA,NA,NA,NA,NA,NA,NA,16.36405372619629,0.0005050633917562664,0.2940053552117377,8,0.0,16,0.625,340,3,34,1
NA,NA,NA,NA,NA,NA,NA,NA,NA,NA,33.521766662597656,0.001034622429870069,0.05420791465505109,34,0.0,34,1.1176470588235294,340,3,34,2
NA,NA,NA,NA,NA,NA,NA,NA,NA,NA,46.80207824707031,0.0014445085544139147,0.3819356654908782,50,0.08,47,1.2340425531914894,340,3,35,0
NA,NA,NA,NA,NA,NA,NA,NA,NA,NA,16.375022888183594,0.0005054019275121391,0.31847816711546706,19,0.0,16,0.6875,340,3,35,1
NA,NA,NA,NA,NA,NA,NA,NA,NA,NA,34.37309265136719,0.0010608979500830173,0.1166450192457905,39,0.0,34,1.3235294117647058,340,3,35,2
0.875,320,1.2169014084507042,355,1.1893687707641196,301,1.3190184049079754,489,1.1346153846153846,260,313.60791015625,0.009679256938397884,0.6543633000056971,335,0.5044776119402985,314,1.0445859872611465,341,0,1,0
0.6933333333333334,75,0.8545454545454545,55,1.1553398058252426,103,1.4274809160305344,131,0.6585365853658537,41,63.08037185668945,0.001946925069205463,0.5775274688570072,62,0.46774193548387094,63,0.8571428571428571,341,0,1,1
0.5865384615384616,104,0.7252747252747253,91,0.8705882352941177,85,0.7164179104477612,67,1.0,118,125.10173034667969,0.003861164441332221,0.5180500791017016,133,0.3308270676691729,125,0.856,341,0,1,2
0.908284023668639,338,1.088339222614841,283,0.9444444444444444,216,1.3788617886178862,615,0.8837209302325582,129,268.81317138671875,0.008296702988445759,0.613663423729859,289,0.4532871972318339,269,0.9553903345724907,341,0,2,0
0.4166666666666667,36,1.0754716981132075,53,0.8125,16,0.3125,16,0.35714285714285715,14,37.00457000732422,0.0011421163799241185,0.37670962240091704,34,0.08823529411764706,37,0.3783783783783784,341,0,2,1
0.7307692307692307,104,0.9347826086956522,92,1.0746268656716418,67,0.2608695652173913,23,1.2,90,92.26472473144531,0.002847676631063223,0.48176534213203004,87,0.21839080459770116,92,0.8369565217391305,341,0,2,2
0.8105263157894737,190,1.0382978723404255,235,0.7666666666666667,120,1.0357142857142858,168,1.0756756756756756,185,218.80654907226562,0.006753288675099611,0.5636724492424474,229,0.3231441048034934,219,0.9041095890410958,341,0,3,0
0.25,16,0.9666666666666667,30,1.3055555555555556,36,0.6,20,0.0,4,30.719261169433594,0.0009481253218837082,0.41898982271227186,29,0.0,31,0.45161290322580644,341,0,3,1
0.5128205128205128,78,0.9655172413793104,29,0.42857142857142855,35,1.4916666666666667,120,1.5671641791044777,201,72.44027709960938,0.0022358109708875418,0.48986455674833723,69,0.11594202898550725,72,0.6805555555555556,341,0,3,2
0.8771186440677966,236,0.9941176470588236,170,1.0344827586206897,116,0.8991596638655462,119,0.9126984126984127,126,187.42684936523438,0.005784779321402311,0.5571523837399626,188,0.3670212765957447,187,0.9037433155080213,341,0,4,0
0.6666666666666666,18,0.9473684210526315,19,0.0,4,0.16666666666666666,6,0.0,2,27.373477935791016,0.0008448604494333267,0.3305706455070527,31,0.03225806451612903,27,0.48148148148148145,341,0,4,1
0.5,56,0.9152542372881356,59,0.896551724137931,58,0.3157894736842105,19,0.6666666666666666,15,66.43277740478516,0.0020503944251686335,0.48354455753651715,66,0.07575757575757576,66,0.7575757575757576,341,0,4,2
0.7378048780487805,164,0.8169014084507042,142,0.7981651376146789,109,0.8235294117647058,170,0.7088607594936709,79,156.89566040039062,0.004842458758503199,0.48677984061994717,144,0.2569444444444444,157,0.8471337579617835,341,0,5,0
0.5666666666666667,30,0.6,20,0.0,3,0.25,4,1.7094017094017093,234,26.385120391845703,0.0008143555605784059,0.32865655638999025,26,0.0,26,0.6153846153846154,341,0,5,1
0.5394736842105263,76,0.7872340425531915,47,1.2830188679245282,106,0.0,4,0.0,5,54.91789245605469,0.0016949967248365283,0.28996627898003596,48,0.041666666666666664,55,0.6545454545454545,341,0,5,2
0.8831168831168831,154,0.9666666666666667,90,1.2386363636363635,176,0.890625,64,0.5,36,131.3144989013672,0.004052916541695595,0.49330593924238886,122,0.18032786885245902,131,0.7786259541984732,341,0,6,0
0.4583333333333333,24,0.975,40,0.0,1,0.6470588235294118,17,0.0,1,27.364377975463867,0.0008445795392617583,0.5105379652625788,21,0.047619047619047616,27,0.5925925925925926,341,0,6,1
0.2631578947368421,38,0.8235294117647058,34,0.3125,16,1.3650793650793651,63,0.375,16,52.023372650146484,0.0016056596068665385,0.3073711751824157,52,0.038461538461538464,52,0.7115384615384616,341,0,6,2
0.5747126436781609,87,0.8736842105263158,95,1.1092436974789917,119,0.5675675675675675,37,1.3414634146341464,123,120.50150299072266,0.0037191822193562984,0.47513183591217434,122,0.19672131147540983,121,0.8347107438016529,341,0,7,0
0.3684210526315789,19,1.0238095238095237,42,0.5,2,0.75,4,1.3846153846153846,65,23.032718658447266,0.0007108863792382181,0.2913757292209659,19,0.0,23,0.4782608695652174,341,0,7,1
0.5384615384615384,52,0.9512195121951219,41,1.1636363636363636,55,0.7142857142857143,14,0.3333333333333333,3,49.26224136352539,0.0015204395167529583,0.36883500851375894,53,0.03773584905660377,49,0.6326530612244898,341,0,7,2
0.6290322580645161,124,0.7105263157894737,76,1.108910891089109,101,1.3316582914572865,199,1.4545454545454546,154,111.03231811523438,0.003426923416554928,0.5071656862346191,104,0.1346153846153846,111,0.8828828828828829,341,0,8,0
0.2727272727272727,11,1.0,27,0.5,4,0.42857142857142855,7,1.4545454545454546,77,21.21251678466797,0.0006547073135152459,0.253981599606174,23,0.0,21,0.23809523809523808,341,0,8,1
0.6363636363636364,66,0.9365079365079365,63,1.2327586206896552,116,0.14285714285714285,7,0.5,12,49.006072998046875,0.001512533170171082,0.2561332439983616,41,0.0,49,0.8163265306122449,341,0,8,2
0.5957446808510638,94,1.0263157894736843,114,1.1282051282051282,117,0.8412698412698413,63,0.7647058823529411,51,94.82823181152344,0.0029267973732203245,0.4802112247304962,95,0.16842105263157894,95,0.8631578947368421,341,0,9,0
0.4,15,0.3333333333333333,6,1.4791666666666667,48,1.1935483870967742,31,1.587719298245614,114,19.904760360717773,0.0006143444334156811,0.17541257015945982,14,0.0,20,0.4,341,0,9,1
0.4883720930232558,43,0.7142857142857143,14,0.7307692307692307,26,0.8333333333333334,24,0.0,3,41.65901565551758,0.0012857720721513033,0.18744161586939442,36,0.027777777777777776,42,0.7380952380952381,341,0,9,2
0.5714285714285714,70,0.9733333333333334,75,0.7464788732394366,71,1.3089430894308942,123,1.4080717488789238,223,86.6610107421875,0.0026747225783765316,0.4954146173593108,89,0.23595505617977527,87,0.9540229885057471,341,0,10,0
0.45,20,0.0,2,0.8181818181818182,22,-1.0,0,-1.0,0,19.02098846435547,0.0005870675668120384,0.41247502164467237,23,0.0,19,0.3684210526315789,341,0,10,1
0.3783783783783784,37,0.8461538461538461,39,1.125,48,1.1578947368421053,76,0.4117647058823529,17,42.47771072387695,0.0013110404834151268,0.21203060162444407,46,0.021739130434782608,42,0.8333333333333334,341,0,10,2
0.5,60,0.7288135593220338,59,0.9365079365079365,63,0.7073170731707317,41,1.4757281553398058,206,83.09955596923828,0.002564801136031747,0.5555438976123815,79,0.22784810126582278,83,1.0,341,0,11,0
0.30434782608695654,23,-1.0,0,0.9411764705882353,17,0.0,1,1.6595744680851063,94,19.003284454345703,0.0005865211132913828,0.2784246718784273,24,0.0,19,0.6842105263157895,341,0,11,1
0.6730769230769231,52,0.5952380952380952,42,0.5217391304347826,23,1.3571428571428572,70,0.38461538461538464,13,42.349937438964844,0.0013070967979729176,0.29153908460150885,36,0.05555555555555555,42,0.8571428571428571,341,0,11,2
0.6052631578947368,76,0.7567567567567568,74,1.3875968992248062,129,1.3835616438356164,146,0.5,16,74.2444839477539,0.002291496377438307,0.5253687552723475,76,0.2236842105263158,74,1.0135135135135136,341,0,12,0
0.4090909090909091,22,1.0952380952380953,21,0.0,1,-1.0,0,-1.0,0,17.889301300048828,0.000552138953935355,0.2678985131799008,16,0.0,18,0.7222222222222222,341,0,12,1
0.24,25,0.5555555555555556,27,1.0666666666666667,30,0.3333333333333333,6,0.0,2,39.32375717163086,0.0012136962031945586,0.2970377723446838,47,0.0425531914893617,39,0.8974358974358975,341,0,12,2
0.7530864197530864,81,0.9743589743589743,78,1.0555555555555556,54,1.2941176470588236,136,0.18181818181818182,11,69.53380584716797,0.0021461050491780043,0.5157261646339053,74,0.20270270270270271,70,1.0,341,0,13,0
0.5,26,1.2962962962962963,27,-1.0,0,0.0,1,-1.0,0,18.004695892333984,0.0005557005060836673,0.05186028147580982,18,0.0,18,0.5,341,0,13,1
0.5,50,0.8444444444444444,45,0.3333333333333333,6,0.6206896551724138,29,1.4607329842931938,191,39.424903869628906,0.0012168179964646697,0.13306005718991154,40,0.0,39,0.8717948717948718,341,0,13,2
0.7183098591549296,71,1.0879120879120878,91,0.8461538461538461,39,0.8571428571428571,28,1.0344827586206897,29,69.21753692626953,0.0021363436244428158,0.5597079010010683,80,0.25,69,1.0869565217391304,341,0,14,0
0.25,12,0.14285714285714285,7,1.125,16,0.0,3,0.42857142857142855,14,17.872295379638672,0.0005516140372492373,0.16482491832567328,22,0.0,18,0.5,341,0,14,1
0.18181818181818182,22,0.7352941176470589,34,0.7105263157894737,38,1.34,50,0.3333333333333333,6,39.996829986572266,0.0012344700517132878,0.23247702779973653,45,0.044444444444444446,40,1.075,341,0,14,2
0.5909090909090909,66,0.9452054794520548,73,1.3982300884955752,113,0.5,14,0.6875,16,68.63127136230469,0.0021182491909712553,0.5814578861619137,81,0.2962962962962963,69,1.1304347826086956,341,0,15,0
0.2857142857142857,14,0.85,20,0.9411764705882353,17,0.25,4,0.0,1,17.98468780517578,0.0005550829810090363,0.26642963021954347,21,0.0,18,0.6666666666666666,341,0,15,1
0.3333333333333333,30,0.6190476190476191,21,0.7272727272727273,22,0.7,30,1.5286624203821657,157,41.672908782958984,0.0012862009461969137,0.333690287392429,55,0.07272727272727272,42,1.0952380952380953,341,0,15,2
0.6666666666666666,60,0.8653846153846154,52,1.1975308641975309,81,0.9387755102040817,49,0.4444444444444444,18,64.00409698486328,0.0019754350651055574,0.527479267641441,67,0.208955223880597,64,1.109375,341,0,16,0
0.4230769230769231,26,0.9166666666666666,12,1.3125,64,-1.0,0,-1.0,0,17.289573669433594,0.0005336288013495505,0.06317623873011191,28,0.0,17,0.47058823529411764,341,0,16,1
0.25,36,0.6071428571428571,28,1.3444444444444446,90,1.4264705882352942,68,1.6344086021505377,465,37.47332000732422,0.0011565838940441608,0.15615242447390704,27,0.0,37,0.972972972972973,341,0,16,2
0.5384615384615384,39,0.835820895522388,67,0.5277777777777778,36,0.5294117647058824,17,0.5,10,65.2520980834961,0.002013953635469079,0.544080461555431,61,0.22950819672131148,65,1.1538461538461537,341,0,17,0
0.3,10,1.0625,16,0.9333333333333333,15,0.6666666666666666,15,0.0,1,17.46308135986328,0.0005389839643612504,0.07146783960462985,20,0.0,17,0.5882352941176471,341,0,17,1
0.3888888888888889,36,1.1162790697674418,86,1.4285714285714286,105,0.8666666666666667,30,0.2,5,38.63652038574219,0.0011924852151423693,0.18562637685891117,47,0.0425531914893617,39,0.9487179487179487,341,0,17,2
0.5483870967741935,62,0.9418604651162791,86,1.1935483870967742,62,1.165289256198347,121,0.4666666666666667,15,62.207096099853516,0.0019199721282348037,0.5721842937866705,59,0.23728813559322035,62,1.1451612903225807,341,0,18,0
0.5588235294117647,34,1.0,29,1.4193548387096775,31,1.0625,16,0.0,1,17.110898971557617,0.0005281141493469477,0.210524971430793,15,0.0,17,0.4117647058823529,341,0,18,1
0.5348837209302325,43,1.0,42,0.6470588235294118,17,0.0,4,1.1311475409836065,61,37.5721435546875,0.0011596340918913484,0.17854722356239885,33,0.0,38,0.9736842105263158,341,0,18,2
0.711864406779661,59,0.9824561403508771,57,1.170731707317073,41,0.9534883720930233,43,1.0227272727272727,44,63.7335319519043,0.0019670843612402678,0.6150703793224489,65,0.2153846153846154,64,1.171875,341,0,19,0
0.4482758620689655,29,1.0,11,-1.0,0,1.619047619047619,42,-1.0,0,17.146013259887695,0.0005291979177854955,0.08790565770953397,11,0.0,17,0.6470588235294118,341,0,19,1
0.53125,64,1.0,37,1.105263157894737,57,0.6363636363636364,11,0.0,3,37.26935577392578,0.0011502887355163693,0.2345863625759346,34,0.0,37,1.1081081081081081,341,0,19,2
0.7362637362637363,91,0.9545454545454546,44,1.0606060606060606,66,1.0666666666666667,45,0.6923076923076923,13,62.709022521972656,0.0019354636315256357,0.6281055577566624,58,0.3793103448275862,63,1.2857142857142858,341,0,20,0
0.3157894736842105,19,1.05,40,0.25,4,1.7,70,1.5388349514563107,206,16.800092697143555,0.0005185213522054255,0.3001927739678374,15,0.0,17,0.6470588235294118,341,0,20,1
0.425531914893617,47,0.8333333333333334,48,0.38461538461538464,13,0.36363636363636365,11,0.4,15,38.00658416748047,0.0011730426922440529,0.27505146916359857,32,0.03125,38,1.131578947368421,341,0,20,2
0.546875,64,0.8831168831168831,77,1.1111111111111112,54,1.3879781420765027,183,0.34782608695652173,23,58.866703033447266,0.001816873555071652,0.5776501131610907,58,0.1896551724137931,59,1.271186440677966,341,0,21,0
0.5454545454545454,11,0.0,1,-1.0,0,-1.0,0,-1.0,0,16.69120979309082,0.0005151607911102474,0.2471748697935541,15,0.0,17,0.4117647058823529,341,0,21,1
0.3142857142857143,35,0.7619047619047619,21,0.5789473684210527,19,1.4054054054054055,37,0.5384615384615384,13,36.6984748840332,0.0011326689273118973,0.15114961255656373,32,0.0,37,1.135135135135135,341,0,21,2
0.5416666666666666,48,1.25,48,1.0,47,0.7272727272727273,11,1.1267605633802817,71,59.28193283081055,0.0018296892521902919,0.6160341101447395,59,0.2033898305084746,59,1.2881355932203389,341,0,22,0
0.29411764705882354,17,1.0,38,1.4166666666666667,36,1.2307692307692308,26,-1.0,0,17.153278350830078,0.0005294221919029951,0.10211272227519408,23,0.0,17,0.5294117647058824,341,0,22,1
0.45454545454545453,33,0.6451612903225806,31,1.379746835443038,79,0.0,10,0.0,4,37.5659065246582,0.0011594415409490466,0.2198418381486131,38,0.0,38,1.105263157894737,341,0,22,2
0.6779661016949152,59,0.9454545454545454,55,0.6190476190476191,21,1.5289855072463767,138,0.5357142857142857,28,56.95737838745117,0.001757943769916892,0.5812570163167621,51,0.21568627450980393,57,1.1754385964912282,341,0,23,0
0.2727272727272727,11,1.2307692307692308,39,0.0,3,-1.0,0,-1.0,0,16.619380950927734,0.0005129438359290361,0.231406369273778,15,0.0,17,0.7058823529411765,341,0,23,1
0.5365853658536586,41,1.0285714285714285,35,0.0,3,0.5333333333333333,15,1.2608695652173914,92,36.12712860107422,0.0011150348000228405,0.23594419984457007,42,0.0,36,1.1111111111111112,341,0,23,2
0.6111111111111112,72,1.2452830188679245,53,1.0434782608695652,23,0.8947368421052632,19,0.6,10,57.91585922241211,0.0017875265330076218,0.6200810370772257,55,0.2727272727272727,58,1.2413793103448276,341,0,24,0
0.3333333333333333,12,0.6666666666666666,3,1.0689655172413792,29,-1.0,0,0.0,1,16.687782287597656,0.0005150550277903676,0.197635471755609,19,0.0,17,0.7647058823529411,341,0,24,1
0.5,38,0.7027027027027027,37,1.1627906976744187,43,1.0526315789473684,19,1.6370656370656371,259,40.45405578613281,0.0012485819170251489,0.56756404266367,37,0.16216216216216217,40,1.325,341,0,24,2
0.6716417910447762,67,1.0933333333333333,75,1.371900826446281,121,1.0,82,1.0689655172413792,87,59.25647735595703,0.001828903565183282,0.6565892663929236,61,0.3442622950819672,59,1.3220338983050848,341,0,25,0
0.2727272727272727,11,1.024390243902439,41,1.53125,32,0.4,5,0.6666666666666666,6,17.347579956054688,0.0005354191525839269,0.1280980525174743,12,0.0,17,0.9411764705882353,341,0,25,1
0.52,25,0.9726027397260274,73,0.8333333333333334,18,1.4273504273504274,117,-1.0,0,38.02044677734375,0.0011734706349670887,0.39382759663315176,40,0.0,38,1.1842105263157894,341,0,25,2
0.6027397260273972,73,0.6,15,1.5114503816793894,131,0.6764705882352942,34,0.8571428571428571,14,56.201290130615234,0.0017346077365800738,0.6261055659033608,68,0.2647058823529412,56,1.3035714285714286,341,0,26,0
0.2857142857142857,14,0.9166666666666666,12,0.0,1,0.0,2,-1.0,0,16.515962600708008,0.0005097519606351852,0.19669491412655637,17,0.0,17,0.29411764705882354,341,0,26,1
0.45454545454545453,44,0.48148148148148145,27,1.131578947368421,38,1.4444444444444444,36,1.03125,32,35.692440032958984,0.0011016185162588954,0.20482966535042554,38,0.0,36,1.1666666666666667,341,0,26,2
0.6101694915254238,59,0.7307692307692307,52,0.92,25,0.7,20,0.6428571428571429,14,56.92502212524414,0.0017569451592862606,0.5712036294948724,51,0.27450980392156865,57,1.2456140350877194,341,0,27,0
0.16666666666666666,12,0.75,20,1.3428571428571427,35,1.16,25,-1.0,0,16.489591598510742,0.0005089379847049713,0.2010752281235771,17,0.0,16,0.875,341,0,27,1
0.6470588235294118,34,0.8148148148148148,27,0.8571428571428571,7,0.6,5,0.6,5,41.45962905883789,0.0012796181254088879,0.5528869287534715,50,0.14,41,1.2926829268292683,341,0,27,2
0.7123287671232876,73,0.8571428571428571,70,0.6206896551724138,29,0.9166666666666666,48,0.9090909090909091,22,56.210819244384766,0.0017349018016830087,0.5921862709218022,63,0.2222222222222222,56,1.3928571428571428,341,0,28,0
0.4117647058823529,17,0.85,20,1.125,8,0.5,2,-1.0,0,16.603370666503906,0.0005124497110955417,0.11041927385562257,10,0.0,17,0.6470588235294118,341,0,28,1
0.5,36,0.967741935483871,31,1.0625,16,1.0833333333333333,48,0.0,2,35.72026062011719,0.0011024771956726909,0.20095734718248626,26,0.0,36,1.1944444444444444,341,0,28,2
0.6590909090909091,44,0.7407407407407407,54,0.5652173913043478,23,1.205128205128205,39,0.7272727272727273,11,56.272216796875,0.0017367968102917075,0.5979868703895904,64,0.21875,56,1.3392857142857142,341,0,29,0
0.42857142857142855,14,0.8333333333333334,6,0.5,4,1.625,64,-1.0,0,16.537837982177734,0.0005104271112941206,0.36789825269661564,16,0.0,17,0.5882352941176471,341,0,29,1
0.6730769230769231,52,0.36363636363636365,11,1.096774193548387,62,1.3655913978494623,93,1.5211267605633803,71,35.521297454833984,0.00109633628744632,0.15209017248947493,48,0.10416666666666667,36,1.25,341,0,29,2
0.5909090909090909,44,1.1206896551724137,58,0.64,25,1.3454545454545455,55,0.75,8,54.72137451171875,0.0016889313701540232,0.58052852122632,35,0.22857142857142856,55,1.4,341,0,30,0
0.29411764705882354,17,1.2857142857142858,21,-1.0,0,1.5909090909090908,88,1.6942148760330578,121,16.605165481567383,0.0005125051247887313,0.22404770546144281,19,0.0,17,0.7647058823529411,341,0,30,1
0.24242424242424243,33,1.0238095238095237,42,1.1914893617021276,47,-1.0,0,-1.0,0,34.761409759521484,0.0010728830238804221,0.16381657683248277,42,0.0,35,1.1142857142857143,341,0,30,2
0.5362318840579711,69,0.8260869565217391,23,1.4105263157894736,95,0.8518518518518519,27,1.288888888888889,90,53.10090637207031,0.0016389169031754136,0.5578518467895393,59,0.22033898305084745,53,1.3584905660377358,341,0,31,0
0.3,10,0.8666666666666667,15,0.0,2,-1.0,0,-1.0,0,16.453327178955078,0.0005078187678009272,0.2277979205035385,25,0.0,16,0.6875,341,0,31,1
0.5151515151515151,33,0.8846153846153846,26,1.5142857142857142,70,1.146341463414634,41,1.565217391304348,92,35.12567138671875,0.0010841257171705365,0.1340541274848842,36,0.0,35,1.1714285714285715,341,0,31,2
0.4444444444444444,36,1.1914893617021276,94,1.2295081967213115,61,1.1923076923076923,52,1.3777777777777778,90,55.71242904663086,0.0017195193795487285,0.5899523191868464,63,0.2857142857142857,56,1.375,341,0,32,0
0.625,16,0.8571428571428571,28,1.475,40,1.4545454545454546,22,0.0,1,16.8162784576416,0.0005190209485590458,0.1294660588304111,19,0.0,17,0.8823529411764706,341,0,32,1
0.47619047619047616,42,0.5714285714285714,14,0.8333333333333334,12,1.4285714285714286,21,-1.0,0,36.52397537231445,0.0011272832052782178,0.23616954669974285,42,0.047619047619047616,37,1.2162162162162162,341,0,32,2
0.45714285714285713,35,0.9893617021276596,94,1.1666666666666667,66,0.8333333333333334,18,0.6923076923076923,13,53.416725158691406,0.0016486643580719829,0.5136975570872047,46,0.10869565217391304,53,1.3018867924528301,341,0,33,0
0.3076923076923077,26,1.05,20,1.2307692307692308,13,0.9166666666666666,36,-1.0,0,16.558948516845703,0.000511078629642725,0.1427851118834153,15,0.0,17,0.7647058823529411,341,0,33,1
0.47368421052631576,38,0.8333333333333334,24,1.2545454545454546,55,0.375,16,0.0,3,36.26576232910156,0.0011193136451765895,0.12609415779743474,32,0.03125,36,1.0277777777777777,341,0,33,2
0.6296296296296297,54,1.1694915254237288,59,1.2040816326530612,49,1.0714285714285714,28,1.2647058823529411,68,54.4381217956543,0.0016801889287307858,0.5665830957325073,55,0.23636363636363636,54,1.3888888888888888,341,0,34,0
0.6875,16,0.0,1,1.4482758620689655,29,1.1111111111111112,9,-1.0,0,16.632661819458008,0.0005133537342771888,0.1521504642664513,14,0.0,17,0.47058823529411764,341,0,34,1
0.425,40,0.8648648648648649,37,1.2903225806451613,31,1.1891891891891893,37,0.4,5,35.64238739013672,0.001100073684938252,0.23266241244312336,34,0.058823529411764705,36,1.2222222222222223,341,0,34,2
0.6097560975609756,41,1.0576923076923077,52,0.7333333333333333,15,1.2413793103448276,87,0.5,8,53.10022735595703,0.0016388959484174848,0.544817263625262,49,0.16326530612244897,53,1.3396226415094339,341,0,35,0
0.16666666666666666,12,0.7142857142857143,14,-1.0,0,-1.0,0,-1.0,0,16.520263671875,0.000509884674102068,0.12796756653066513,16,0.0625,17,0.6470588235294118,341,0,35,1
0.6,40,0.9615384615384616,26,0.6666666666666666,12,1.4823529411764707,85,0.7272727272727273,22,35.51435089111328,0.0010961219668388367,0.16515799349696672,37,0.05405405405405406,36,1.1666666666666667,341,0,35,2
NA,NA,NA,NA,NA,NA,NA,NA,NA,NA,330.2618408203125,0.010193266905844212,0.6739539796017865,352,0.5738636363636364,330,1.103030303030303,341,1,1,0
NA,NA,NA,NA,NA,NA,NA,NA,NA,NA,72.77328491210938,0.002246089046820998,0.5417346362223877,70,0.42857142857142855,73,0.9315068493150684,341,1,1,1
NA,NA,NA,NA,NA,NA,NA,NA,NA,NA,124.50398254394531,0.0038427154067903757,0.5282035785842193,133,0.3007518796992481,125,0.72,341,1,1,2
NA,NA,NA,NA,NA,NA,NA,NA,NA,NA,258.76336669921875,0.00798652321100235,0.60775431138965,237,0.379746835443038,259,1.0077220077220077,341,1,2,0
NA,NA,NA,NA,NA,NA,NA,NA,NA,NA,37.33770751953125,0.001152398413978517,0.3619850362812456,36,0.1388888888888889,37,0.43243243243243246,341,1,2,1
NA,NA,NA,NA,NA,NA,NA,NA,NA,NA,88.38813781738281,0.0027280289214104414,0.4031749989771451,91,0.0989010989010989,88,0.6136363636363636,341,1,2,2
NA,NA,NA,NA,NA,NA,NA,NA,NA,NA,213.7674560546875,0.0065977610647678375,0.5743007998933815,195,0.30256410256410254,214,0.8785046728971962,341,1,3,0
NA,NA,NA,NA,NA,NA,NA,NA,NA,NA,31.299606323242188,0.0009660372161306441,0.2665522111028254,31,0.0967741935483871,31,0.3870967741935484,341,1,3,1
NA,NA,NA,NA,NA,NA,NA,NA,NA,NA,65.91455841064453,0.0020343998912721872,0.36291106218296865,68,0.08823529411764706,66,0.5454545454545454,341,1,3,2
NA,NA,NA,NA,NA,NA,NA,NA,NA,NA,181.61732482910156,0.005605473183095455,0.5671845794380032,168,0.35714285714285715,182,0.9065934065934066,341,1,4,0
NA,NA,NA,NA,NA,NA,NA,NA,NA,NA,26.99905776977539,0.0008333042496815324,0.32242607766236675,25,0.0,27,0.2962962962962963,341,1,4,1
NA,NA,NA,NA,NA,NA,NA,NA,NA,NA,61.105499267578125,0.0018859722185879946,0.27784510298342474,63,0.14285714285714285,61,0.5737704918032787,341,1,4,2
NA,NA,NA,NA,NA,NA,NA,NA,NA,NA,150.72183227539062,0.0046519082970917225,0.5408862536708732,155,0.2967741935483871,151,0.8807947019867549,341,1,5,0
NA,NA,NA,NA,NA,NA,NA,NA,NA,NA,24.26681900024414,0.0007489759009331465,0.341466163071713,20,0.0,24,0.375,341,1,5,1
NA,NA,NA,NA,NA,NA,NA,NA,NA,NA,51.833030700683594,0.001599784940481186,0.2534193844767755,46,0.0,52,0.5,341,1,5,2
NA,NA,NA,NA,NA,NA,NA,NA,NA,NA,130.64669799804688,0.00403230544179678,0.5308447682602773,150,0.28,131,0.9007633587786259,341,1,6,0
NA,NA,NA,NA,NA,NA,NA,NA,NA,NA,21.989015579223633,0.0006786733283661306,0.3903588474047399,23,0.0,22,0.3181818181818182,341,1,6,1
NA,NA,NA,NA,NA,NA,NA,NA,NA,NA,47.31317901611328,0.0014602832961827517,0.3773310955043791,29,0.06896551724137931,47,0.6170212765957447,341,1,6,2
NA,NA,NA,NA,NA,NA,NA,NA,NA,NA,124.57928466796875,0.0038450397551059723,0.5824895060458238,133,0.3233082706766917,125,1.04,341,1,7,0
NA,NA,NA,NA,NA,NA,NA,NA,NA,NA,20.883682250976562,0.0006445581093430519,0.27114092381708665,21,0.0,21,0.2857142857142857,341,1,7,1
NA,NA,NA,NA,NA,NA,NA,NA,NA,NA,49.10502624511719,0.0015155872097238898,0.37137687414966053,45,0.044444444444444446,49,0.6326530612244898,341,1,7,2
NA,NA,NA,NA,NA,NA,NA,NA,NA,NA,104.45724487304688,0.003223988926038146,0.5240001009413995,118,0.2542372881355932,104,0.9326923076923077,341,1,8,0
NA,NA,NA,NA,NA,NA,NA,NA,NA,NA,21.03175163269043,0.0006491281092166901,0.3277142977151676,18,0.0,21,0.5714285714285714,341,1,8,1
NA,NA,NA,NA,NA,NA,NA,NA,NA,NA,46.41530990600586,0.0014325713273137808,0.31088219425041425,46,0.043478260869565216,46,0.717391304347826,341,1,8,2
NA,NA,NA,NA,NA,NA,NA,NA,NA,NA,91.7748031616211,0.002832555677741766,0.5181117131491793,96,0.17708333333333334,92,0.9130434782608695,341,1,9,0
NA,NA,NA,NA,NA,NA,NA,NA,NA,NA,18.955596923828125,0.0005850492743775249,0.35892115252812085,26,0.0,19,0.3684210526315789,341,1,9,1
NA,NA,NA,NA,NA,NA,NA,NA,NA,NA,41.69175720214844,0.001286782673560083,0.18236263848858228,33,0.0,42,0.7142857142857143,341,1,9,2
NA,NA,NA,NA,NA,NA,NA,NA,NA,NA,79.43019104003906,0.0024515490513294935,0.4624074954715043,83,0.1686746987951807,79,0.8354430379746836,341,1,10,0
NA,NA,NA,NA,NA,NA,NA,NA,NA,NA,18.47528839111328,0.000570224947296083,0.10753680138725082,23,0.0,18,0.3333333333333333,341,1,10,1
NA,NA,NA,NA,NA,NA,NA,NA,NA,NA,42.454349517822266,0.0013103194069117308,0.2510212963713497,51,0.0196078431372549,42,0.8571428571428571,341,1,10,2
NA,NA,NA,NA,NA,NA,NA,NA,NA,NA,77.16559600830078,0.0023816542234271765,0.48443724150286194,70,0.18571428571428572,77,0.9090909090909091,341,1,11,0
NA,NA,NA,NA,NA,NA,NA,NA,NA,NA,18.05154037475586,0.0005571463261730969,0.26103306243678787,25,0.0,18,0.3888888888888889,341,1,11,1
NA,NA,NA,NA,NA,NA,NA,NA,NA,NA,41.27928924560547,0.0012740521924570203,0.2607100622107228,38,0.13157894736842105,41,0.8292682926829268,341,1,11,2
NA,NA,NA,NA,NA,NA,NA,NA,NA,NA,74.61186218261719,0.0023028352297842503,0.5322620042450716,71,0.19718309859154928,75,1.0533333333333332,341,1,12,0
NA,NA,NA,NA,NA,NA,NA,NA,NA,NA,17.976394653320312,0.0005548269837163389,0.3125176806710123,20,0.0,18,0.8333333333333334,341,1,12,1
NA,NA,NA,NA,NA,NA,NA,NA,NA,NA,42.62303161621094,0.0013155256165191531,0.34982591358425486,36,0.16666666666666666,43,0.9069767441860465,341,1,12,2
NA,NA,NA,NA,NA,NA,NA,NA,NA,NA,67.75862121582031,0.0020913155749440193,0.481148419889979,79,0.189873417721519,68,1.0735294117647058,341,1,13,0
NA,NA,NA,NA,NA,NA,NA,NA,NA,NA,17.32025146484375,0.0005345756653696299,0.20002759663264916,7,0.0,17,0.35294117647058826,341,1,13,1
NA,NA,NA,NA,NA,NA,NA,NA,NA,NA,40.310516357421875,0.0012441517319530249,0.2653276760588132,35,0.0,40,0.975,341,1,13,2
NA,NA,NA,NA,NA,NA,NA,NA,NA,NA,61.6756706237793,0.0019035700242966413,0.4704893570181558,63,0.14285714285714285,62,1.0161290322580645,341,1,14,0
NA,NA,NA,NA,NA,NA,NA,NA,NA,NA,17.2003173828125,0.0005308740073814988,0.08280098980559597,17,0.0,17,0.35294117647058826,341,1,14,1
NA,NA,NA,NA,NA,NA,NA,NA,NA,NA,38.37670135498047,0.0011844660621136427,0.29834434836793966,35,0.11428571428571428,38,0.9210526315789473,341,1,14,2
NA,NA,NA,NA,NA,NA,NA,NA,NA,NA,60.24015808105469,0.0018592640990391374,0.508509203622051,68,0.16176470588235295,60,1.0166666666666666,341,1,15,0
NA,NA,NA,NA,NA,NA,NA,NA,NA,NA,16.91777801513672,0.0005221536266617477,0.2673263708956611,14,0.0,17,0.29411764705882354,341,1,15,1
NA,NA,NA,NA,NA,NA,NA,NA,NA,NA,35.91486358642578,0.001108483411371708,0.15519914922584221,29,0.0,36,0.9166666666666666,341,1,15,2
NA,NA,NA,NA,NA,NA,NA,NA,NA,NA,55.74817657470703,0.0017206227639690042,0.4657904964229257,61,0.09836065573770492,56,1.0178571428571428,341,1,16,0
NA,NA,NA,NA,NA,NA,NA,NA,NA,NA,16.785781860351562,0.0005180796724744141,0.3178829924192305,11,0.0,17,0.5294117647058824,341,1,16,1
NA,NA,NA,NA,NA,NA,NA,NA,NA,NA,35.20880889892578,0.001086691627278924,0.19535065721096487,32,0.0,35,1.0285714285714285,341,1,16,2
NA,NA,NA,NA,NA,NA,NA,NA,NA,NA,53.551048278808594,0.0016528101405128837,0.4487463030415018,50,0.18,54,1.0555555555555556,341,1,17,0
NA,NA,NA,NA,NA,NA,NA,NA,NA,NA,16.82843017578125,0.0005193959805183113,0.0909618938936215,17,0.0,17,0.5882352941176471,341,1,17,1
NA,NA,NA,NA,NA,NA,NA,NA,NA,NA,35.19200134277344,0.0010861728806048632,0.2976629672855032,33,0.030303030303030304,35,1.0571428571428572,341,1,17,2
NA,NA,NA,NA,NA,NA,NA,NA,NA,NA,53.44131851196289,0.0016494233859702945,0.4754987693739062,55,0.12727272727272726,53,1.150943396226415,341,1,18,0
NA,NA,NA,NA,NA,NA,NA,NA,NA,NA,16.807044982910156,0.0005187359638512135,0.2841035985278754,20,0.0,17,0.7058823529411765,341,1,18,1
NA,NA,NA,NA,NA,NA,NA,NA,NA,NA,35.042755126953125,0.001081566559150815,0.1901809671826137,32,0.03125,35,0.9714285714285714,341,1,18,2
NA,NA,NA,NA,NA,NA,NA,NA,NA,NA,53.474578857421875,0.0016504499362781644,0.4672329316053346,43,0.2558139534883721,53,1.0566037735849056,341,1,19,0
NA,NA,NA,NA,NA,NA,NA,NA,NA,NA,16.735111236572266,0.000516515807248652,0.22768596844053857,19,0.0,17,0.8823529411764706,341,1,19,1
NA,NA,NA,NA,NA,NA,NA,NA,NA,NA,35.77408981323242,0.001104138558730483,0.18996927081807635,39,0.02564102564102564,36,1.0555555555555556,341,1,19,2
NA,NA,NA,NA,NA,NA,NA,NA,NA,NA,50.64607620239258,0.0015631505521014333,0.4445209669482798,39,0.1282051282051282,51,1.0196078431372548,341,1,20,0
NA,NA,NA,NA,NA,NA,NA,NA,NA,NA,16.683258056640625,0.0005149153876118362,0.12879737497327326,14,0.0,17,0.8823529411764706,341,1,20,1
NA,NA,NA,NA,NA,NA,NA,NA,NA,NA,34.536224365234375,0.0010659327963367105,0.3965458013279001,29,0.0,35,1.1142857142857143,341,1,20,2
NA,NA,NA,NA,NA,NA,NA,NA,NA,NA,49.23670959472656,0.0015196515014395118,0.4246884725556738,48,0.08333333333333333,49,1.1224489795918366,341,1,21,0
NA,NA,NA,NA,NA,NA,NA,NA,NA,NA,16.697282791137695,0.0005153482197783887,0.12985259200396773,14,0.0,17,1.0,341,1,21,1
NA,NA,NA,NA,NA,NA,NA,NA,NA,NA,34.16432189941406,0.0010544543620198965,0.4407717679505454,39,0.0,34,1.088235294117647,341,1,21,2
NA,NA,NA,NA,NA,NA,NA,NA,NA,NA,47.29678726196289,0.0014597773551940918,0.39907453530259684,51,0.11764705882352941,47,1.1063829787234043,341,1,22,0
NA,NA,NA,NA,NA,NA,NA,NA,NA,NA,16.548324584960938,0.0005107507458887994,0.22277759121315202,19,0.0,17,1.0,341,1,22,1
NA,NA,NA,NA,NA,NA,NA,NA,NA,NA,33.63456726074219,0.0010381039464846253,0.3280165585960931,46,0.0,34,1.1176470588235294,341,1,22,2
NA,NA,NA,NA,NA,NA,NA,NA,NA,NA,45.46018981933594,0.0014030922902747989,0.3814552238851321,42,0.09523809523809523,45,1.0888888888888888,341,1,23,0
NA,NA,NA,NA,NA,NA,NA,NA,NA,NA,16.652069091796875,0.0005139527493156493,0.12431499778271199,12,0.0,17,1.1764705882352942,341,1,23,1
NA,NA,NA,NA,NA,NA,NA,NA,NA,NA,33.470272064208984,0.0010330331278964877,0.14073934734334928,30,0.03333333333333333,33,1.1818181818181819,341,1,23,2
NA,NA,NA,NA,NA,NA,NA,NA,NA,NA,43.96348571777344,0.0013568977592512965,0.36858690165998054,50,0.06,44,1.0681818181818181,341,1,24,0
NA,NA,NA,NA,NA,NA,NA,NA,NA,NA,16.50273323059082,0.0005093436338938773,0.1353440892796832,12,0.0,17,1.0,341,1,24,1
NA,NA,NA,NA,NA,NA,NA,NA,NA,NA,32.96251678466797,0.0010173616465181112,0.35016758457126007,35,0.0,33,1.1515151515151516,341,1,24,2
NA,NA,NA,NA,NA,NA,NA,NA,NA,NA,43.35867691040039,0.0013382307952269912,0.2846802081784114,45,0.06666666666666667,43,1.0465116279069768,341,1,25,0
NA,NA,NA,NA,NA,NA,NA,NA,NA,NA,16.489051818847656,0.0005089213373139501,0.1048697326830416,11,0.0,16,0.875,341,1,25,1
NA,NA,NA,NA,NA,NA,NA,NA,NA,NA,33.21800231933594,0.0010252470383420587,0.06552485754348887,44,0.045454545454545456,33,1.2121212121212122,341,1,25,2
NA,NA,NA,NA,NA,NA,NA,NA,NA,NA,42.917686462402344,0.0013246199814602733,0.3179797666581167,47,0.0,43,1.0465116279069768,341,1,26,0
NA,NA,NA,NA,NA,NA,NA,NA,NA,NA,16.415918350219727,0.0005066641606390476,0.2863700101042927,23,0.0,16,0.875,341,1,26,1
NA,NA,NA,NA,NA,NA,NA,NA,NA,NA,32.75157165527344,0.001010851003229618,0.21840135071507072,34,0.0,33,1.121212121212121,341,1,26,2
NA,NA,NA,NA,NA,NA,NA,NA,NA,NA,41.67793273925781,0.0012863558949902654,0.28287914190034563,31,0.0,42,0.9761904761904762,341,1,27,0
NA,NA,NA,NA,NA,NA,NA,NA,NA,NA,16.32687759399414,0.0005039160023443401,0.28991657680064675,18,0.0,16,0.6875,341,1,27,1
NA,NA,NA,NA,NA,NA,NA,NA,NA,NA,32.51966094970703,0.001003693207167089,0.24736415711974077,27,0.0,33,1.0303030303030303,341,1,27,2
NA,NA,NA,NA,NA,NA,NA,NA,NA,NA,40.447635650634766,0.0012483837781473994,0.2796811192845583,50,0.0,40,0.65,341,1,28,0
NA,NA,NA,NA,NA,NA,NA,NA,NA,NA,16.2652587890625,0.0005020141834393144,0.2985935398711685,11,0.0,16,0.75,341,1,28,1
NA,NA,NA,NA,NA,NA,NA,NA,NA,NA,32.370574951171875,0.0009990917751565576,0.14817603592775694,27,0.0,32,0.75,341,1,28,2
NA,NA,NA,NA,NA,NA,NA,NA,NA,NA,40.29701614379883,0.0012437350815162063,0.3539384463454327,45,0.022222222222222223,40,0.65,341,1,29,0
NA,NA,NA,NA,NA,NA,NA,NA,NA,NA,16.2116756439209,0.0005003603873774409,0.2014252008620614,12,0.0,16,0.5,341,1,29,1
NA,NA,NA,NA,NA,NA,NA,NA,NA,NA,32.381080627441406,0.0009994161082431674,0.1091182510193778,30,0.0,32,0.53125,341,1,29,2
NA,NA,NA,NA,NA,NA,NA,NA,NA,NA,39.9537239074707,0.0012331396574154496,0.3630348616792794,36,0.0,40,0.65,341,1,30,0
NA,NA,NA,NA,NA,NA,NA,NA,NA,NA,16.208288192749023,0.0005002557882107794,0.2472701674728602,16,0.0,16,0.625,341,1,30,1
NA,NA,NA,NA,NA,NA,NA,NA,NA,NA,32.33993148803711,0.0009981460170820355,0.12163816829754313,23,0.0,32,0.625,341,1,30,2
NA,NA,NA,NA,NA,NA,NA,NA,NA,NA,38.931575775146484,0.0012015918036922812,0.3979005430453983,35,0.0,39,0.41025641025641024,341,1,31,0
NA,NA,NA,NA,NA,NA,NA,NA,NA,NA,16.19089126586914,0.0004997188807465136,0.27186803604001003,11,0.0,16,0.875,341,1,31,1
NA,NA,NA,NA,NA,NA,NA,NA,NA,NA,32.26673889160156,0.0009958869777619839,0.06201145178809951,35,0.0,32,0.4375,341,1,31,2
NA,NA,NA,NA,NA,NA,NA,NA,NA,NA,38.250999450683594,0.0011805864050984383,0.40979706080550954,30,0.0,38,0.2631578947368421,341,1,32,0
NA,NA,NA,NA,NA,NA,NA,NA,NA,NA,16.177303314208984,0.0004992994945496321,0.2555128880697336,16,0.0,16,0.875,341,1,32,1
NA,NA,NA,NA,NA,NA,NA,NA,NA,NA,32.23484420776367,0.0009949025698006153,0.02311102302749412,37,0.0,32,0.3125,341,1,32,2
NA,NA,NA,NA,NA,NA,NA,NA,NA,NA,37.88115692138672,0.0011691715335473418,0.39773134100545304,28,0.0,38,0.21052631578947367,341,1,33,0
NA,NA,NA,NA,NA,NA,NA,NA,NA,NA,16.159576416015625,0.0004987523425370455,0.2173460780437312,16,0.0,16,0.6875,341,1,33,1
NA,NA,NA,NA,NA,NA,NA,NA,NA,NA,32.21304702758789,0.0009942298056557775,0.0007689694286628283,33,0.0,32,0.125,341,1,33,2
NA,NA,NA,NA,NA,NA,NA,NA,NA,NA,37.69921112060547,0.0011635558912530541,0.3793269463229435,45,0.0,38,0.13157894736842105,341,1,34,0
NA,NA,NA,NA,NA,NA,NA,NA,NA,NA,16.138927459716797,0.0004981150268577039,0.16868517514578343,14,0.0,16,0.6875,341,1,34,1
NA,NA,NA,NA,NA,NA,NA,NA,NA,NA,32.20026397705078,0.000993835274130106,-0.007611404707505905,35,0.0,32,0.09375,341,1,34,2
NA,NA,NA,NA,NA,NA,NA,NA,NA,NA,37.62144470214844,0.0011611557565629482,0.3734620826852191,31,0.0,38,0.13157894736842105,341,1,35,0
NA,NA,NA,NA,NA,NA,NA,NA,NA,NA,16.122703552246094,0.0004976143245585263,0.13761301585983976,14,0.0,16,0.4375,341,1,35,1
NA,NA,NA,NA,NA,NA,NA,NA,NA,NA,32.197166442871094,0.000993739697150886,-0.009446028329694383,35,0.0,32,0.09375,341,1,35,2
NA,NA,NA,NA,NA,NA,NA,NA,NA,NA,311.33319091796875,0.009609049186110497,0.6488822522680835,331,0.486404833836858,311,1.0514469453376205,341,2,1,0
NA,NA,NA,NA,NA,NA,NA,NA,NA,NA,71.51789855957031,0.0022073425352573395,0.6075012945432092,80,0.4125,72,0.8333333333333334,341,2,1,1
NA,NA,NA,NA,NA,NA,NA,NA,NA,NA,106.44171905517578,0.0032852382864803076,0.39758540306678475,101,0.18811881188118812,106,0.5943396226415094,341,2,1,2
NA,NA,NA,NA,NA,NA,NA,NA,NA,NA,260.6874084472656,0.008045908063650131,0.6104652913750116,258,0.41472868217054265,261,1.0229885057471264,341,2,2,0
NA,NA,NA,NA,NA,NA,NA,NA,NA,NA,60.358726501464844,0.001862923614680767,0.5750744417096118,56,0.3392857142857143,60,0.9333333333333333,341,2,2,1
NA,NA,NA,NA,NA,NA,NA,NA,NA,NA,92.54315948486328,0.002856270410120487,0.4072437538331307,100,0.16,93,0.6774193548387096,341,2,2,2
NA,NA,NA,NA,NA,NA,NA,NA,NA,NA,216.07620239257812,0.006669018417596817,0.5547277286241257,205,0.2682926829268293,216,0.8981481481481481,341,2,3,0
NA,NA,NA,NA,NA,NA,NA,NA,NA,NA,43.0904655456543,0.0013299526181071997,0.4776114109624267,52,0.15384615384615385,43,0.8604651162790697,341,2,3,1
NA,NA,NA,NA,NA,NA,NA,NA,NA,NA,74.22381591796875,0.002290858421474695,0.30766151441070644,73,0.0821917808219178,74,0.581081081081081,341,2,3,2
NA,NA,NA,NA,NA,NA,NA,NA,NA,NA,183.6226806640625,0.005667366553097963,0.5008086773741294,176,0.26136363636363635,184,0.9021739130434783,341,2,4,0
NA,NA,NA,NA,NA,NA,NA,NA,NA,NA,32.133766174316406,0.0009917828720062971,0.5683076808788476,42,0.11904761904761904,32,0.59375,341,2,4,1
NA,NA,NA,NA,NA,NA,NA,NA,NA,NA,67.87029266357422,0.0020947621669620275,0.3656594661822903,73,0.0958904109589041,68,0.6323529411764706,341,2,4,2
NA,NA,NA,NA,NA,NA,NA,NA,NA,NA,159.2637481689453,0.0049155475571751595,0.4942804493114563,193,0.26424870466321243,159,0.7987421383647799,341,2,5,0
NA,NA,NA,NA,NA,NA,NA,NA,NA,NA,29.795228958129883,0.0009196058381348848,0.5173602635517833,37,0.05405405405405406,30,0.6,341,2,5,1
NA,NA,NA,NA,NA,NA,NA,NA,NA,NA,56.18376159667969,0.001734066754579544,0.22581695893512652,46,0.021739130434782608,56,0.44642857142857145,341,2,5,2
NA,NA,NA,NA,NA,NA,NA,NA,NA,NA,139.26156616210938,0.004298196639865637,0.468891453732419,135,0.2740740740740741,139,0.841726618705036,341,2,6,0
NA,NA,NA,NA,NA,NA,NA,NA,NA,NA,26.786413192749023,0.0008267411612905562,0.559989080741854,25,0.2,27,0.5555555555555556,341,2,6,1
NA,NA,NA,NA,NA,NA,NA,NA,NA,NA,50.61042404174805,0.0015620500780642033,0.1925955640274955,59,0.06779661016949153,51,0.5294117647058824,341,2,6,2
NA,NA,NA,NA,NA,NA,NA,NA,NA,NA,119.92117309570312,0.00370127079077065,0.4445017937911468,107,0.16822429906542055,120,0.8333333333333334,341,2,7,0
NA,NA,NA,NA,NA,NA,NA,NA,NA,NA,24.576841354370117,0.0007585444836877286,0.5116710755917832,22,0.0,25,0.68,341,2,7,1
NA,NA,NA,NA,NA,NA,NA,NA,NA,NA,48.45538330078125,0.0014955365331843495,0.23058398269306857,47,0.06382978723404255,48,0.6458333333333334,341,2,7,2
NA,NA,NA,NA,NA,NA,NA,NA,NA,NA,110.66986083984375,0.0034157363697886467,0.47172293400361914,110,0.21818181818181817,111,0.9009009009009009,341,2,8,0
NA,NA,NA,NA,NA,NA,NA,NA,NA,NA,23.011981964111328,0.0007102463860064745,0.3007417519180233,24,0.08333333333333333,23,0.5652173913043478,341,2,8,1
NA,NA,NA,NA,NA,NA,NA,NA,NA,NA,45.78663635253906,0.0014131678035482764,0.2681203233960231,65,0.0,46,0.5652173913043478,341,2,8,2
NA,NA,NA,NA,NA,NA,NA,NA,NA,NA,100.23843383789062,0.0030937788542360067,0.4417510714722655,113,0.23893805309734514,100,0.86,341,2,9,0
NA,NA,NA,NA,NA,NA,NA,NA,NA,NA,20.246807098388672,0.0006249014404602349,0.34828853835306484,23,0.0,20,0.5,341,2,9,1
NA,NA,NA,NA,NA,NA,NA,NA,NA,NA,45.53449630737305,0.0014053856721147895,0.3369486500559614,37,0.08108108108108109,46,0.717391304347826,341,2,9,2
NA,NA,NA,NA,NA,NA,NA,NA,NA,NA,88.54833984375,0.0027329735457897186,0.4493112732530106,100,0.2,89,0.7865168539325843,341,2,10,0
NA,NA,NA,NA,NA,NA,NA,NA,NA,NA,19.703149795532227,0.0006081219180487096,0.34198343257506486,26,0.0,20,0.65,341,2,10,1
NA,NA,NA,NA,NA,NA,NA,NA,NA,NA,40.835243225097656,0.0012603469658643007,0.184018543789271,46,0.0,41,0.8292682926829268,341,2,10,2
NA,NA,NA,NA,NA,NA,NA,NA,NA,NA,79.89908599853516,0.002466021105647087,0.44287172132576175,89,0.1797752808988764,80,0.825,341,2,11,0
NA,NA,NA,NA,NA,NA,NA,NA,NA,NA,19.103565216064453,0.0005896161892451346,0.4315403389574836,20,0.0,19,0.47368421052631576,341,2,11,1
NA,NA,NA,NA,NA,NA,NA,NA,NA,NA,39.246681213378906,0.001211317372508347,0.20850743204136518,43,0.0,39,0.717948717948718,341,2,11,2
NA,NA,NA,NA,NA,NA,NA,NA,NA,NA,69.73667907714844,0.0021523665636777878,0.45073554305136054,81,0.13580246913580246,70,0.8857142857142857,341,2,12,0
NA,NA,NA,NA,NA,NA,NA,NA,NA,NA,18.059497833251953,0.0005573919042944908,0.5085921992852064,21,0.0,18,0.5,341,2,12,1
NA,NA,NA,NA,NA,NA,NA,NA,NA,NA,37.74801254272461,0.001165062072686851,0.3068430291304729,39,0.02564102564102564,38,0.7894736842105263,341,2,12,2
NA,NA,NA,NA,NA,NA,NA,NA,NA,NA,65.9769058227539,0.0020363242365419865,0.41234387307537373,58,0.15517241379310345,66,1.0606060606060606,341,2,13,0
NA,NA,NA,NA,NA,NA,NA,NA,NA,NA,17.86309814453125,0.0005513302166946232,0.23140389748587442,9,0.0,18,0.5,341,2,13,1
NA,NA,NA,NA,NA,NA,NA,NA,NA,NA,37.532318115234375,0.0011584048625081778,0.15891765218763604,38,0.0,38,0.9473684210526315,341,2,13,2
NA,NA,NA,NA,NA,NA,NA,NA,NA,NA,66.17750549316406,0.00204251566901803,0.5729895509220038,73,0.2328767123287671,66,1.196969696969697,341,2,14,0
NA,NA,NA,NA,NA,NA,NA,NA,NA,NA,17.49074935913086,0.0005398379289545119,0.18510542920566828,19,0.0,17,0.47058823529411764,341,2,14,1
NA,NA,NA,NA,NA,NA,NA,NA,NA,NA,37.78974914550781,0.0011663503246381879,0.2828670039740498,32,0.03125,38,0.868421052631579,341,2,14,2
NA,NA,NA,NA,NA,NA,NA,NA,NA,NA,62.6172981262207,0.0019326326437294483,0.472358073338952,72,0.1527777777777778,63,1.1587301587301588,341,2,15,0
NA,NA,NA,NA,NA,NA,NA,NA,NA,NA,17.282577514648438,0.0005334129091352224,0.1545054019756382,20,0.0,17,0.35294117647058826,341,2,15,1
NA,NA,NA,NA,NA,NA,NA,NA,NA,NA,38.294490814208984,0.0011819286737591028,0.21808216240503064,33,0.030303030303030304,38,0.8947368421052632,341,2,15,2
NA,NA,NA,NA,NA,NA,NA,NA,NA,NA,60.720054626464844,0.0018740757368505,0.4525616783230028,59,0.2542372881355932,61,1.0491803278688525,341,2,16,0
NA,NA,NA,NA,NA,NA,NA,NA,NA,NA,17.63454246520996,0.0005442760302685201,0.20825279281748174,15,0.0,18,0.6666666666666666,341,2,16,1
NA,NA,NA,NA,NA,NA,NA,NA,NA,NA,40.062255859375,0.0012364893918856978,0.4201493338115302,46,0.043478260869565216,40,1.025,341,2,16,2
NA,NA,NA,NA,NA,NA,NA,NA,NA,NA,60.1261100769043,0.0018557441653683782,0.5673092661130206,62,0.25806451612903225,60,1.2333333333333334,341,2,17,0
NA,NA,NA,NA,NA,NA,NA,NA,NA,NA,17.221092224121094,0.0005315151647664607,0.24062777719485984,18,0.0,17,1.0,341,2,17,1
NA,NA,NA,NA,NA,NA,NA,NA,NA,NA,38.15057373046875,0.0011774868471547961,0.2870528978218899,35,0.02857142857142857,38,1.3157894736842106,341,2,17,2
NA,NA,NA,NA,NA,NA,NA,NA,NA,NA,56.689491271972656,0.0017496756045147777,0.5706976795640788,68,0.22058823529411764,57,1.1403508771929824,341,2,18,0
NA,NA,NA,NA,NA,NA,NA,NA,NA,NA,16.794374465942383,0.0005183448665775359,0.26938693144660847,22,0.0,17,0.35294117647058826,341,2,18,1
NA,NA,NA,NA,NA,NA,NA,NA,NA,NA,37.5548210144043,0.0011590993963181973,0.3055343892464829,42,0.11904761904761904,38,1.105263157894737,341,2,18,2
NA,NA,NA,NA,NA,NA,NA,NA,NA,NA,57.78017807006836,0.0017833388410508633,0.5940863197784759,63,0.2222222222222222,58,1.1206896551724137,341,2,19,0
NA,NA,NA,NA,NA,NA,NA,NA,NA,NA,16.763303756713867,0.0005173858953639865,0.14378554514375463,17,0.0,17,0.5294117647058824,341,2,19,1
NA,NA,NA,NA,NA,NA,NA,NA,NA,NA,39.47529220581055,0.0012183731887489557,0.4776833355804752,43,0.13953488372093023,39,1.3076923076923077,341,2,19,2
NA,NA,NA,NA,NA,NA,NA,NA,NA,NA,54.78881072998047,0.0016910126432776451,0.5485747319150994,64,0.078125,55,1.290909090909091,341,2,20,0
NA,NA,NA,NA,NA,NA,NA,NA,NA,NA,16.587312698364258,0.0005119540728628635,0.3746880276894826,14,0.0,17,0.7058823529411765,341,2,20,1
NA,NA,NA,NA,NA,NA,NA,NA,NA,NA,35.019561767578125,0.0010808507213369012,0.14800558761104837,28,0.0,35,1.2,341,2,20,2
NA,NA,NA,NA,NA,NA,NA,NA,NA,NA,52.311431884765625,0.0016145503614097834,0.5302490861851017,43,0.18604651162790697,52,1.2307692307692308,341,2,21,0
NA,NA,NA,NA,NA,NA,NA,NA,NA,NA,16.512834548950195,0.0005096553941257298,0.3190231575266854,14,0.0,17,0.7058823529411765,341,2,21,1
NA,NA,NA,NA,NA,NA,NA,NA,NA,NA,36.02412796020508,0.0011118558468297124,0.2723085488356726,29,0.10344827586206896,36,1.1666666666666667,341,2,21,2
NA,NA,NA,NA,NA,NA,NA,NA,NA,NA,52.870365142822266,0.0016318013658747077,0.5732854513872107,55,0.14545454545454545,53,1.2264150943396226,341,2,22,0
NA,NA,NA,NA,NA,NA,NA,NA,NA,NA,16.490358352661133,0.0005089616752229631,0.21516846855941293,10,0.0,16,0.5,341,2,22,1
NA,NA,NA,NA,NA,NA,NA,NA,NA,NA,34.92963790893555,0.0010780752636492252,0.2279506793888991,37,0.02702702702702703,35,1.2571428571428571,341,2,22,2
NA,NA,NA,NA,NA,NA,NA,NA,NA,NA,52.71521759033203,0.0016270128544420004,0.6471391190071235,58,0.1896551724137931,53,1.3396226415094339,341,2,23,0
NA,NA,NA,NA,NA,NA,NA,NA,NA,NA,16.53009033203125,0.000510187994223088,0.3239480320288092,18,0.05555555555555555,17,0.7058823529411765,341,2,23,1
NA,NA,NA,NA,NA,NA,NA,NA,NA,NA,36.729923248291016,0.0011336395982652903,0.3197163979812679,41,0.04878048780487805,37,1.2432432432432432,341,2,23,2
NA,NA,NA,NA,NA,NA,NA,NA,NA,NA,47.8125114440918,0.0014756948221474886,0.4745622133410374,37,0.16216216216216217,48,1.0416666666666667,341,2,24,0
NA,NA,NA,NA,NA,NA,NA,NA,NA,NA,16.347139358520508,0.0005045413272455335,0.2572258302320126,19,0.0,16,0.5625,341,2,24,1
NA,NA,NA,NA,NA,NA,NA,NA,NA,NA,36.928985595703125,0.0011397835332900286,0.35031268696221973,37,0.02702702702702703,37,1.3243243243243243,341,2,24,2
NA,NA,NA,NA,NA,NA,NA,NA,NA,NA,48.433128356933594,0.0014948496827855706,0.5242173471110503,60,0.08333333333333333,48,1.3958333333333333,341,2,25,0
NA,NA,NA,NA,NA,NA,NA,NA,NA,NA,16.50954246520996,0.0005095537635497749,0.3171633299581798,14,0.0,17,0.7058823529411765,341,2,25,1
NA,NA,NA,NA,NA,NA,NA,NA,NA,NA,35.409095764160156,0.0010928732808679342,0.20724616252660533,34,0.029411764705882353,35,1.457142857142857,341,2,25,2
NA,NA,NA,NA,NA,NA,NA,NA,NA,NA,49.04124450683594,0.0015136186266317964,0.5060628178633755,48,0.16666666666666666,49,1.2448979591836735,341,2,26,0
NA,NA,NA,NA,NA,NA,NA,NA,NA,NA,16.42230987548828,0.0005068614264018834,0.4336372070689222,8,0.0,16,0.6875,341,2,26,1
NA,NA,NA,NA,NA,NA,NA,NA,NA,NA,35.546165466308594,0.0010971039300784469,0.23471997482997756,39,0.0,36,1.5555555555555556,341,2,26,2
NA,NA,NA,NA,NA,NA,NA,NA,NA,NA,48.093990325927734,0.0014843824319541454,0.46628479945966395,50,0.1,48,1.1875,341,2,27,0
NA,NA,NA,NA,NA,NA,NA,NA,NA,NA,16.2598876953125,0.0005018484080210328,0.1968018574951525,18,0.0,16,0.6875,341,2,27,1
NA,NA,NA,NA,NA,NA,NA,NA,NA,NA,36.628963470458984,0.0011305235093459487,0.4843452126857877,38,0.05263157894736842,37,1.5945945945945945,341,2,27,2
NA,NA,NA,NA,NA,NA,NA,NA,NA,NA,47.97450256347656,0.00148069451097399,0.4681736108755108,43,0.13953488372093023,48,1.2708333333333333,341,2,28,0
NA,NA,NA,NA,NA,NA,NA,NA,NA,NA,16.304960250854492,0.0005032395129092038,0.21608236575010223,24,0.0,16,0.6875,341,2,28,1
NA,NA,NA,NA,NA,NA,NA,NA,NA,NA,35.89822006225586,0.0011079697869718075,0.28824975588495216,29,0.0,36,1.5,341,2,28,2
NA,NA,NA,NA,NA,NA,NA,NA,NA,NA,47.73566436767578,0.0014733229763805866,0.4285661113355576,51,0.13725490196078433,48,1.2291666666666667,341,2,29,0
NA,NA,NA,NA,NA,NA,NA,NA,NA,NA,16.269020080566406,0.0005021302495151758,0.2015969503204481,7,0.0,16,0.5625,341,2,29,1
NA,NA,NA,NA,NA,NA,NA,NA,NA,NA,35.2008056640625,0.0010864445939660072,0.3036383925226052,30,0.06666666666666667,35,1.457142857142857,341,2,29,2
NA,NA,NA,NA,NA,NA,NA,NA,NA,NA,47.06205368041992,0.0014525324804708362,0.39138508479250445,40,0.0,47,1.2765957446808511,341,2,30,0
NA,NA,NA,NA,NA,NA,NA,NA,NA,NA,16.265220642089844,0.0005020129610784352,0.20029669762585262,20,0.0,16,0.5625,341,2,30,1
NA,NA,NA,NA,NA,NA,NA,NA,NA,NA,35.0164909362793,0.0010807558428496122,0.20475094847489894,34,0.0,35,1.457142857142857,341,2,30,2
NA,NA,NA,NA,NA,NA,NA,NA,NA,NA,46.48711013793945,0.0014347872929647565,0.3509099469956488,56,0.0,46,1.2173913043478262,341,2,31,0
NA,NA,NA,NA,NA,NA,NA,NA,NA,NA,16.245088577270508,0.0005013915942981839,0.18538397047334795,18,0.0,16,0.5625,341,2,31,1
NA,NA,NA,NA,NA,NA,NA,NA,NA,NA,34.15952682495117,0.0010543063981458545,0.21184156093275322,33,0.030303030303030304,34,1.3235294117647058,341,2,31,2
NA,NA,NA,NA,NA,NA,NA,NA,NA,NA,47.330291748046875,0.0014608114724978805,0.4410504708240805,48,0.020833333333333332,47,1.2127659574468086,341,2,32,0
NA,NA,NA,NA,NA,NA,NA,NA,NA,NA,16.35625457763672,0.0005048226448707283,0.1434238065776768,10,0.0,16,0.875,341,2,32,1
NA,NA,NA,NA,NA,NA,NA,NA,NA,NA,34.453636169433594,0.0010633838828653097,0.34290803804565345,29,0.06896551724137931,34,1.3529411764705883,341,2,32,2
NA,NA,NA,NA,NA,NA,NA,NA,NA,NA,46.07637405395508,0.0014221103629097342,0.5242812484320789,49,0.08163265306122448,46,1.2826086956521738,341,2,33,0
NA,NA,NA,NA,NA,NA,NA,NA,NA,NA,16.473764419555664,0.0005084495060145855,0.42050247103855104,11,0.0,16,1.0625,341,2,33,1
NA,NA,NA,NA,NA,NA,NA,NA,NA,NA,34.155067443847656,0.001054168795235455,0.38357834880866876,44,0.022727272727272728,34,1.2647058823529411,341,2,33,2
NA,NA,NA,NA,NA,NA,NA,NA,NA,NA,44.228492736816406,0.0013650769833475351,0.44960732976689316,46,0.13043478260869565,44,1.1818181818181819,341,2,34,0
NA,NA,NA,NA,NA,NA,NA,NA,NA,NA,16.272804260253906,0.0005022470722906291,0.2738818675529085,14,0.0,16,1.0,341,2,34,1
NA,NA,NA,NA,NA,NA,NA,NA,NA,NA,33.221744537353516,0.001025362522341311,0.23903149953000918,33,0.0,33,1.2424242424242424,341,2,34,2
NA,NA,NA,NA,NA,NA,NA,NA,NA,NA,44.483978271484375,0.0013729622587561607,0.35471420399335457,50,0.06,44,1.2045454545454546,341,2,35,0
NA,NA,NA,NA,NA,NA,NA,NA,NA,NA,16.262331008911133,0.0005019237869419158,0.24991453471730005,14,0.0,16,1.0,341,2,35,1
NA,NA,NA,NA,NA,NA,NA,NA,NA,NA,33.521636962890625,0.001034618471749127,0.15132387946673778,42,0.0,34,1.1764705882352942,341,2,35,2
NA,NA,NA,NA,NA,NA,NA,NA,NA,NA,327.318603515625,0.010102425701916218,0.660143544011768,338,0.4822485207100592,327,1.107033639143731,341,3,1,0
NA,NA,NA,NA,NA,NA,NA,NA,NA,NA,65.24870300292969,0.0020138488616794348,0.5027636812518306,71,0.29577464788732394,65,0.6923076923076923,341,3,1,1
NA,NA,NA,NA,NA,NA,NA,NA,NA,NA,123.18587493896484,0.0038020331412553787,0.5483905484251261,108,0.3425925925925926,123,0.7723577235772358,341,3,1,2
NA,NA,NA,NA,NA,NA,NA,NA,NA,NA,254.86221313476562,0.007866118103265762,0.6089409311851924,251,0.40239043824701193,255,0.9647058823529412,341,3,2,0
NA,NA,NA,NA,NA,NA,NA,NA,NA,NA,42.08941650390625,0.001299056108109653,0.5037701211784007,37,0.08108108108108109,42,0.7142857142857143,341,3,2,1
NA,NA,NA,NA,NA,NA,NA,NA,NA,NA,79.03280639648438,0.0024392842315137386,0.43999342724367607,80,0.0875,79,0.6329113924050633,341,3,2,2
NA,NA,NA,NA,NA,NA,NA,NA,NA,NA,203.79376220703125,0.006289931014180183,0.5359729979959725,225,0.24888888888888888,204,0.9068627450980392,341,3,3,0
NA,NA,NA,NA,NA,NA,NA,NA,NA,NA,31.774654388427734,0.0009806992020457983,0.42723970360425767,29,0.034482758620689655,32,0.46875,341,3,3,1
NA,NA,NA,NA,NA,NA,NA,NA,NA,NA,67.16143798828125,0.002072884002700448,0.2928986596130326,71,0.15492957746478872,67,0.6417910447761194,341,3,3,2
NA,NA,NA,NA,NA,NA,NA,NA,NA,NA,167.0706787109375,0.005156502593308687,0.5069677554438684,152,0.27631578947368424,167,0.8143712574850299,341,3,4,0
NA,NA,NA,NA,NA,NA,NA,NA,NA,NA,27.49259376525879,0.0008485368452966213,0.3858781970932391,29,0.034482758620689655,27,0.5925925925925926,341,3,4,1
NA,NA,NA,NA,NA,NA,NA,NA,NA,NA,61.12255096435547,0.0018864985322579741,0.3187580825713799,63,0.06349206349206349,61,0.5737704918032787,341,3,4,2
NA,NA,NA,NA,NA,NA,NA,NA,NA,NA,146.77731323242188,0.004530163947492838,0.48347617509880336,131,0.29770992366412213,147,0.7959183673469388,341,3,5,0
NA,NA,NA,NA,NA,NA,NA,NA,NA,NA,24.703777313232422,0.0007624622667208314,0.37195996521686353,25,0.0,25,0.52,341,3,5,1
NA,NA,NA,NA,NA,NA,NA,NA,NA,NA,55.018714904785156,0.0016981085063889623,0.35475361718274456,55,0.09090909090909091,55,0.7090909090909091,341,3,5,2
NA,NA,NA,NA,NA,NA,NA,NA,NA,NA,125.58378601074219,0.0038760427851229906,0.4622335947102614,118,0.2288135593220339,126,0.8095238095238095,341,3,6,0
NA,NA,NA,NA,NA,NA,NA,NA,NA,NA,21.928050994873047,0.0006767917075194418,0.4381610400068957,26,0.0,22,0.36363636363636365,341,3,6,1
NA,NA,NA,NA,NA,NA,NA,NA,NA,NA,50.7744140625,0.0015671115834265947,0.31894124955925346,49,0.10204081632653061,51,0.6862745098039216,341,3,6,2
NA,NA,NA,NA,NA,NA,NA,NA,NA,NA,112.50537872314453,0.003472388256341219,0.4723678354132362,106,0.25471698113207547,113,0.8407079646017699,341,3,7,0
NA,NA,NA,NA,NA,NA,NA,NA,NA,NA,20.901987075805664,0.000645123072899878,0.3127697221299489,15,0.0,21,0.38095238095238093,341,3,7,1
NA,NA,NA,NA,NA,NA,NA,NA,NA,NA,45.687278747558594,0.0014101011911407113,0.18271689634565605,48,0.020833333333333332,46,0.5869565217391305,341,3,7,2
NA,NA,NA,NA,NA,NA,NA,NA,NA,NA,97.1298828125,0.0029978358652442694,0.45788040193362717,89,0.21348314606741572,97,0.979381443298969,341,3,8,0
NA,NA,NA,NA,NA,NA,NA,NA,NA,NA,19.979887008666992,0.00061666319379583,0.2305342141739962,17,0.0,20,0.35,341,3,8,1
NA,NA,NA,NA,NA,NA,NA,NA,NA,NA,43.14209747314453,0.0013315462274476886,0.18706158566996345,49,0.04081632653061224,43,0.7209302325581395,341,3,8,2
NA,NA,NA,NA,NA,NA,NA,NA,NA,NA,85.00277709960938,0.002623542444780469,0.4296704475367642,87,0.1839080459770115,85,0.9294117647058824,341,3,9,0
NA,NA,NA,NA,NA,NA,NA,NA,NA,NA,19.057147979736328,0.0005881835822947323,0.27628789198926507,16,0.0,19,0.5263157894736842,341,3,9,1
NA,NA,NA,NA,NA,NA,NA,NA,NA,NA,42.002105712890625,0.0012963613262400031,0.24985206672204943,49,0.02040816326530612,42,0.8333333333333334,341,3,9,2
NA,NA,NA,NA,NA,NA,NA,NA,NA,NA,75.7432632446289,0.002337754936888814,0.4111373483196747,80,0.1375,76,0.9210526315789473,341,3,10,0
NA,NA,NA,NA,NA,NA,NA,NA,NA,NA,18.38128089904785,0.0005673234700225294,0.3530972397609544,10,0.0,18,0.3888888888888889,341,3,10,1
NA,NA,NA,NA,NA,NA,NA,NA,NA,NA,38.58548355102539,0.001190909999422729,0.11629806265284358,44,0.0,39,0.6666666666666666,341,3,10,2
NA,NA,NA,NA,NA,NA,NA,NA,NA,NA,69.53468322753906,0.0021461322903633118,0.37642089539276985,70,0.11428571428571428,70,0.9428571428571428,341,3,11,0
NA,NA,NA,NA,NA,NA,NA,NA,NA,NA,17.919677734375,0.0005530764465220273,0.5277985127968544,20,0.0,18,0.2222222222222222,341,3,11,1
NA,NA,NA,NA,NA,NA,NA,NA,NA,NA,36.75248336791992,0.0011343358783051372,0.12483575475192603,41,0.024390243902439025,37,0.7837837837837838,341,3,11,2
NA,NA,NA,NA,NA,NA,NA,NA,NA,NA,64.87926483154297,0.002002446446567774,0.34513000321690107,81,0.12345679012345678,65,0.9538461538461539,341,3,12,0
NA,NA,NA,NA,NA,NA,NA,NA,NA,NA,17.50351905822754,0.000540232053026557,0.325808301020195,17,0.0,18,0.2222222222222222,341,3,12,1
NA,NA,NA,NA,NA,NA,NA,NA,NA,NA,36.510223388671875,0.0011268587550148368,0.1875643328876378,38,0.02631578947368421,37,0.8378378378378378,341,3,12,2
NA,NA,NA,NA,NA,NA,NA,NA,NA,NA,56.78950500488281,0.0017527624731883407,0.36956243698604,47,0.0,57,0.9298245614035088,341,3,13,0
NA,NA,NA,NA,NA,NA,NA,NA,NA,NA,17.292768478393555,0.0005337274051271379,0.1489851262627357,12,0.0,17,0.29411764705882354,341,3,13,1
NA,NA,NA,NA,NA,NA,NA,NA,NA,NA,34.96498107910156,0.0010791660752147436,0.17440985256944974,32,0.0,35,0.8,341,3,13,2
NA,NA,NA,NA,NA,NA,NA,NA,NA,NA,54.57456588745117,0.0016844001365825534,0.27034956902104,63,0.047619047619047616,55,1.0363636363636364,341,3,14,0
NA,NA,NA,NA,NA,NA,NA,NA,NA,NA,16.990131378173828,0.0005243867635726929,0.37474708034670184,16,0.0,17,0.17647058823529413,341,3,14,1
NA,NA,NA,NA,NA,NA,NA,NA,NA,NA,34.513084411621094,0.001065218704752624,0.21566769658742993,26,0.0,35,0.8857142857142857,341,3,14,2
NA,NA,NA,NA,NA,NA,NA,NA,NA,NA,50.98957061767578,0.0015737521462142467,0.35291909439326197,53,0.11320754716981132,51,1.0196078431372548,341,3,15,0
NA,NA,NA,NA,NA,NA,NA,NA,NA,NA,16.861452102661133,0.0005204151966609061,0.4580293611545118,7,0.0,17,0.35294117647058826,341,3,15,1
NA,NA,NA,NA,NA,NA,NA,NA,NA,NA,33.41099548339844,0.0010312035446986556,0.3203359391088808,42,0.0,33,0.8787878787878788,341,3,15,2
NA,NA,NA,NA,NA,NA,NA,NA,NA,NA,48.03968811035156,0.001482706400565803,0.23779942970752016,46,0.043478260869565216,48,0.9791666666666666,341,3,16,0
NA,NA,NA,NA,NA,NA,NA,NA,NA,NA,16.708311080932617,0.0005156886181794107,0.30561139156555245,19,0.0,17,0.4117647058823529,341,3,16,1
NA,NA,NA,NA,NA,NA,NA,NA,NA,NA,33.56486511230469,0.0010359525913372636,0.09980102150093843,36,0.027777777777777776,34,1.0294117647058822,341,3,16,2
NA,NA,NA,NA,NA,NA,NA,NA,NA,NA,44.800567626953125,0.0013827335787937045,0.2675568187253493,36,0.0,45,0.9777777777777777,341,3,17,0
NA,NA,NA,NA,NA,NA,NA,NA,NA,NA,16.55608558654785,0.0005109902704134583,0.3479179852761881,17,0.0,17,0.47058823529411764,341,3,17,1
NA,NA,NA,NA,NA,NA,NA,NA,NA,NA,32.83694839477539,0.0010134860640391707,0.2302596253898458,46,0.0,33,0.9090909090909091,341,3,17,2
NA,NA,NA,NA,NA,NA,NA,NA,NA,NA,41.92385482788086,0.0012939461739733815,0.25973053273806207,40,0.025,42,0.9761904761904762,341,3,18,0
NA,NA,NA,NA,NA,NA,NA,NA,NA,NA,16.441001892089844,0.0005074383225291967,0.3168967446774812,21,0.0,16,0.625,341,3,18,1
NA,NA,NA,NA,NA,NA,NA,NA,NA,NA,32.45412063598633,0.0010016703745350242,0.23196975823261817,27,0.0,32,0.96875,341,3,18,2
NA,NA,NA,NA,NA,NA,NA,NA,NA,NA,39.789100646972656,0.001228058710694313,0.2895579666764548,40,0.0,40,0.625,341,3,19,0
NA,NA,NA,NA,NA,NA,NA,NA,NA,NA,16.335081100463867,0.0005041691474616528,0.2569749849774387,17,0.0,16,0.75,341,3,19,1
NA,NA,NA,NA,NA,NA,NA,NA,NA,NA,32.22697067260742,0.0009946596110239625,0.11761247370339323,36,0.0,32,0.5,341,3,19,2
NA,NA,NA,NA,NA,NA,NA,NA,NA,NA,38.6202278137207,0.001191982300952077,0.36796364068686127,31,0.0,39,0.3076923076923077,341,3,20,0
NA,NA,NA,NA,NA,NA,NA,NA,NA,NA,16.25588035583496,0.0005017247167415917,0.19823891065710655,10,0.0,16,0.75,341,3,20,1
NA,NA,NA,NA,NA,NA,NA,NA,NA,NA,32.118080139160156,0.0009912988170981407,0.037231527550129206,28,0.0,32,0.3125,341,3,20,2
NA,NA,NA,NA,NA,NA,NA,NA,NA,NA,38.1204833984375,0.0011765580857172608,0.3799960464742678,34,0.0,38,0.23684210526315788,341,3,21,0
NA,NA,NA,NA,NA,NA,NA,NA,NA,NA,16.2000732421875,0.0005000022356398404,0.1558695087656985,28,0.0,16,0.375,341,3,21,1
NA,NA,NA,NA,NA,NA,NA,NA,NA,NA,32.066986083984375,0.0009897217387333512,0.008239633686858193,39,0.0,32,0.21875,341,3,21,2
NA,NA,NA,NA,NA,NA,NA,NA,NA,NA,37.899810791015625,0.001169747207313776,0.37361505847321214,33,0.0,38,0.15789473684210525,341,3,22,0
NA,NA,NA,NA,NA,NA,NA,NA,NA,NA,16.16419219970703,0.0004988948348909616,0.13207638294987092,15,0.0,16,0.1875,341,3,22,1
NA,NA,NA,NA,NA,NA,NA,NA,NA,NA,32.05234146118164,0.000989269814454019,0.002637974701166564,33,0.0,32,0.21875,341,3,22,2
NA,NA,NA,NA,NA,NA,NA,NA,NA,NA,37.79548263549805,0.0011665272759273648,0.37095877592774545,36,0.027777777777777776,38,0.15789473684210525,341,3,23,0
NA,NA,NA,NA,NA,NA,NA,NA,NA,NA,16.142663955688477,0.0004982303944416344,0.1208433681409577,16,0.0,16,0.125,341,3,23,1
NA,NA,NA,NA,NA,NA,NA,NA,NA,NA,32.0566520690918,0.0009894028771668673,0.0012269079420439732,28,0.0,32,0.21875,341,3,23,2
NA,NA,NA,NA,NA,NA,NA,NA,NA,NA,37.74443054199219,0.0011649515945464373,0.37013779009892533,29,0.0,38,0.15789473684210525,341,3,24,0
NA,NA,NA,NA,NA,NA,NA,NA,NA,NA,16.131179809570312,0.0004978759097866714,0.11560759545965432,19,0.0,16,0.125,341,3,24,1
NA,NA,NA,NA,NA,NA,NA,NA,NA,NA,32.06679153442383,0.000989715801551938,0.00031445546825301817,44,0.0,32,0.21875,341,3,24,2
NA,NA,NA,NA,NA,NA,NA,NA,NA,NA,37.71549987792969,0.0011640586890280247,0.3697355370745768,23,0.0,38,0.15789473684210525,341,3,25,0
NA,NA,NA,NA,NA,NA,NA,NA,NA,NA,16.125160217285156,0.0004976901109330356,0.11258408881023493,13,0.0,16,0.125,341,3,25,1
NA,NA,NA,NA,NA,NA,NA,NA,NA,NA,32.07698059082031,0.0009900302393361926,-0.0003819949283653766,35,0.0,32,0.21875,341,3,25,2
NA,NA,NA,NA,NA,NA,NA,NA,NA,NA,37.69599533081055,0.0011634565889835358,0.36947359084022613,47,0.0,38,0.15789473684210525,341,3,26,0
NA,NA,NA,NA,NA,NA,NA,NA,NA,NA,16.121652603149414,0.0004975818446837366,0.11059781165996305,19,0.0,16,0.125,341,3,26,1
NA,NA,NA,NA,NA,NA,NA,NA,NA,NA,32.0868034362793,0.00099033338483423,-0.0009410065890030143,29,0.0,32,0.21875,341,3,26,2
NA,NA,NA,NA,NA,NA,NA,NA,NA,NA,37.6811408996582,0.0011629981454461813,0.36926702095864505,39,0.0,38,0.15789473684210525,341,3,27,0
NA,NA,NA,NA,NA,NA,NA,NA,NA,NA,16.119596481323242,0.0004975183983333409,0.1092346032117056,12,0.0,16,0.125,341,3,27,1
NA,NA,NA,NA,NA,NA,NA,NA,NA,NA,32.09605407714844,0.0009906189516186714,-0.0014161755653144875,31,0.0,32,0.21875,341,3,27,2
NA,NA,NA,NA,NA,NA,NA,NA,NA,NA,37.66904067993164,0.0011626246850937605,0.3690966916477663,35,0.0,38,0.15789473684210525,341,3,28,0
NA,NA,NA,NA,NA,NA,NA,NA,NA,NA,16.11834144592285,0.0004974796902388334,0.10819754391438718,18,0.0,16,0.125,341,3,28,1
NA,NA,NA,NA,NA,NA,NA,NA,NA,NA,32.10481643676758,0.0009908893844112754,-0.001821164324773692,38,0.0,32,0.21875,341,3,28,2
NA,NA,NA,NA,NA,NA,NA,NA,NA,NA,37.658817291259766,0.0011623091995716095,0.36894528877177135,29,0.0,38,0.15789473684210525,341,3,29,0
NA,NA,NA,NA,NA,NA,NA,NA,NA,NA,16.117271423339844,0.0004974466282874346,0.10737806544559003,25,0.0,16,0.125,341,3,29,1
NA,NA,NA,NA,NA,NA,NA,NA,NA,NA,32.112911224365234,0.000991139211691916,-0.0021472448937013187,35,0.0,32,0.21875,341,3,29,2
NA,NA,NA,NA,NA,NA,NA,NA,NA,NA,37.649513244628906,0.0011620220029726624,0.3688184546193832,38,0.0,38,0.15789473684210525,341,3,30,0
NA,NA,NA,NA,NA,NA,NA,NA,NA,NA,16.1162166595459,0.000497414090204984,0.10673061385028453,15,0.0,16,0.125,341,3,30,1
NA,NA,NA,NA,NA,NA,NA,NA,NA,NA,32.12037658691406,0.0009913695976138115,-0.0024179382664860647,36,0.0,32,0.21875,341,3,30,2
NA,NA,NA,NA,NA,NA,NA,NA,NA,NA,37.64128112792969,0.001161767984740436,0.3687097386714849,38,0.0,38,0.15789473684210525,341,3,31,0
NA,NA,NA,NA,NA,NA,NA,NA,NA,NA,16.11534881591797,0.0004973873146809638,0.10621038751277263,18,0.0,16,0.125,341,3,31,1
NA,NA,NA,NA,NA,NA,NA,NA,NA,NA,32.127193450927734,0.0009915800765156746,-0.002644180144209286,34,0.0,32,0.21875,341,3,31,2
NA,NA,NA,NA,NA,NA,NA,NA,NA,NA,37.63380432128906,0.0011615371331572533,0.368604723232164,42,0.0,38,0.15789473684210525,341,3,32,0
NA,NA,NA,NA,NA,NA,NA,NA,NA,NA,16.11457061767578,0.0004973632749170065,0.10577640214116646,24,0.0,16,0.125,341,3,32,1
NA,NA,NA,NA,NA,NA,NA,NA,NA,NA,32.13322830200195,0.0009917663410305977,-0.0028228003942255327,36,0.0,32,0.21875,341,3,32,2
NA,NA,NA,NA,NA,NA,NA,NA,NA,NA,37.627140045166016,0.001161331427283585,0.3685223111451017,49,0.0,38,0.15789473684210525,341,3,33,0
NA,NA,NA,NA,NA,NA,NA,NA,NA,NA,16.113750457763672,0.0004973379545845091,0.10540747320794397,12,0.0,16,0.125,341,3,33,1
NA,NA,NA,NA,NA,NA,NA,NA,NA,NA,32.13876724243164,0.0009919372387230396,-0.002965793569593267,50,0.0,32,0.21875,341,3,33,2
NA,NA,NA,NA,NA,NA,NA,NA,NA,NA,37.621097564697266,0.0011611449299380183,0.3684466953659362,44,0.0,38,0.15789473684210525,341,3,34,0
NA,NA,NA,NA,NA,NA,NA,NA,NA,NA,16.11314582824707,0.0004973193281330168,0.1051094722364371,9,0.0,16,0.125,341,3,34,1
NA,NA,NA,NA,NA,NA,NA,NA,NA,NA,32.14363479614258,0.0009920875309035182,-0.0030854059092593174,27,0.0,32,0.21875,341,3,34,2
NA,NA,NA,NA,NA,NA,NA,NA,NA,NA,37.61554718017578,0.001160973682999611,0.368378735214445,41,0.0,38,0.15789473684210525,341,3,35,0
NA,NA,NA,NA,NA,NA,NA,NA,NA,NA,16.112503051757812,0.0004972994793206453,0.10484565210149349,16,0.0,16,0.125,341,3,35,1
NA,NA,NA,NA,NA,NA,NA,NA,NA,NA,32.147911071777344,0.0009922194294631481,-0.003181944270054845,38,0.0,32,0.21875,341,3,35,2
0.8566433566433567,286,1.1768488745980707,311,1.1921708185053381,281,1.314629258517034,499,1.036,250,312.9929504394531,0.009660276584327221,0.6652108353346414,312,0.4423076923076923,313,0.987220447284345,342,0,1,0
0.6951219512195121,82,0.8627450980392157,51,1.0865384615384615,104,1.4698795180722892,166,0.5333333333333333,30,65.25714111328125,0.0020141093991696835,0.5176638120007361,55,0.2909090909090909,65,0.7846153846153846,342,0,1,1
0.574468085106383,94,0.6741573033707865,89,0.8873239436619719,71,0.6805555555555556,72,1.05,120,118.14239501953125,0.003646370256319642,0.5188860353198883,123,0.2926829268292683,118,0.8135593220338984,342,0,1,2
0.9281437125748503,334,1.0829875518672198,241,0.9783783783783784,185,1.4230145867098865,617,0.7383177570093458,107,251.56527709960938,0.007764360401779413,0.6006151518904705,264,0.32196969696969696,252,0.9603174603174603,342,0,2,0
0.5,40,1.0689655172413792,58,0.896551724137931,29,0.7307692307692307,52,0.55,20,43.995059967041016,0.0013578722719103098,0.48144721489004466,40,0.125,44,0.6363636363636364,342,0,2,1
0.6964285714285714,112,0.84,75,1.1714285714285715,70,0.2916666666666667,24,1.244186046511628,86,89.81343078613281,0.0027720194775611162,0.44833477147714,85,0.18823529411764706,90,0.7222222222222222,342,0,2,2
0.815,200,0.918552036199095,221,0.8715596330275229,109,1.1675977653631284,179,0.9634146341463414,164,217.33009338378906,0.006707719061523676,0.5660318085215125,229,0.31877729257641924,217,0.9447004608294931,342,0,3,0
0.5517241379310345,29,0.9459459459459459,37,1.119047619047619,42,0.4666666666666667,15,0.0,4,37.742061614990234,0.00116487848572433,0.4559260582304679,29,0.0,38,0.5789473684210527,342,0,3,1
0.6022727272727273,88,0.6052631578947368,38,0.25,32,1.325,120,1.5471698113207548,212,75.12516784667969,0.002318677958101034,0.32018795928374116,79,0.10126582278481013,75,0.6266666666666667,342,0,3,2
0.8418803418803419,234,1.0411764705882354,170,0.9387755102040817,98,0.9099099099099099,111,0.9635036496350365,137,183.48292541503906,0.005663053132593632,0.5286565670044425,173,0.28901734104046245,183,0.9234972677595629,342,0,4,0
0.5,26,0.8846153846153846,26,0.16666666666666666,12,0.7894736842105263,19,0.0,5,29.926271438598633,0.0009236503392457962,0.23809727810233347,36,0.08333333333333333,30,0.43333333333333335,342,0,4,1
0.5774647887323944,71,0.9682539682539683,63,0.8333333333333334,60,0.6,30,0.0,12,66.94381713867188,0.002066167304292321,0.2489609839769891,65,0.046153846153846156,67,0.5970149253731343,342,0,4,2
0.6518987341772152,158,0.8620689655172413,145,0.7745098039215687,102,0.9421965317919075,173,0.4393939393939394,66,151.08740234375,0.004663191270083189,0.43977612434653385,139,0.2302158273381295,151,0.7880794701986755,342,0,5,0
0.5833333333333334,36,0.9375,32,0.25,4,0.3333333333333333,6,1.748936170212766,235,26.31221580505371,0.000812105427030474,0.29699624453459983,31,0.0,26,0.3076923076923077,342,0,5,1
0.5882352941176471,68,0.5106382978723404,47,1.2429906542056075,107,0.3333333333333333,9,0.2727272727272727,11,57.26983642578125,0.0017675874987617135,0.2415244169078898,53,0.03773584905660377,57,0.5263157894736842,342,0,5,2
0.851063829787234,141,0.8818181818181818,110,1.2406417112299466,187,0.9041095890410958,73,0.5348837209302325,43,141.596435546875,0.004370260518044233,0.49923804404366956,129,0.29457364341085274,142,0.9154929577464789,342,0,6,0
0.3181818181818182,22,0.7647058823529411,34,0.0,4,0.36363636363636365,11,0.0,4,27.542186737060547,0.0008500674739480019,0.2271110375486347,19,0.05263157894736842,28,0.5,342,0,6,1
0.3888888888888889,54,0.7631578947368421,38,0.38095238095238093,21,1.434782608695652,69,0.6666666666666666,18,58.586097717285156,0.0018082128372043371,0.27870158792947697,59,0.11864406779661017,59,0.6779661016949152,342,0,6,2
0.6597938144329897,97,0.8108108108108109,74,0.9787234042553191,94,0.5714285714285714,49,1.2554744525547445,137,127.10498809814453,0.003922993317246437,0.4724651589983557,131,0.31297709923664124,127,0.9291338582677166,342,0,7,0
0.4642857142857143,28,0.9444444444444444,36,0.0,3,0.2,5,1.3571428571428572,70,25.360944747924805,0.0007827451918274164,0.3239640957176924,20,0.1,25,0.52,342,0,7,1
0.4339622641509434,53,0.9090909090909091,55,1.064516129032258,62,0.625,24,0.25,4,56.834197998046875,0.001754141878336668,0.3882800288238738,68,0.11764705882352941,57,0.8070175438596491,342,0,7,2
0.556390977443609,133,0.9381443298969072,97,1.1868131868131868,91,1.361904761904762,210,1.4240506329113924,158,118.07098388671875,0.0036441662814468145,0.48316587569241337,116,0.25,118,0.9067796610169492,342,0,8,0
0.125,16,0.65,20,0.0,2,0.0,1,1.3013698630136987,73,22.690475463867188,0.0007003233185969293,0.1118164887092941,23,0.0,23,0.34782608695652173,342,0,8,1
0.5735294117647058,68,0.8970588235294118,68,1.2900763358778626,131,0.1111111111111111,9,0.3,10,52.53373336791992,0.0016214115312322974,0.35420191801056505,49,0.10204081632653061,53,0.8490566037735849,342,0,8,2
0.5523809523809524,105,1.0338983050847457,118,1.1120689655172413,116,0.5111111111111111,45,0.58,50,100.19354248046875,0.0030923932790756226,0.4387563776172503,100,0.2,100,0.85,342,0,9,0
0.375,16,0.6666666666666666,9,1.4651162790697674,43,1.1714285714285715,35,1.6019417475728155,103,20.987215042114258,0.0006477535353042185,0.11830115469011335,16,0.0,21,0.19047619047619047,342,0,9,1
0.5306122448979592,49,0.4782608695652174,23,0.7142857142857143,28,0.7857142857142857,28,0.2727272727272727,11,47.21921157836914,0.0014573830412700772,0.2675926471265515,45,0.044444444444444446,47,0.8936170212765957,342,0,9,2
0.6533333333333333,75,0.8863636363636364,88,0.7534246575342466,73,1.3103448275862069,116,1.5025125628140703,199,89.56520080566406,0.002764357952401042,0.4263217655270621,88,0.17045454545454544,90,0.8555555555555555,342,0,10,0
0.6363636363636364,22,0.4,5,1.0,13,0.0,1,-1.0,0,19.17658233642578,0.0005918698152527213,0.31656633258966477,22,0.0,19,0.2631578947368421,342,0,10,1
0.5344827586206896,58,0.8636363636363636,44,1.105263157894737,57,1.3012048192771084,83,0.8387096774193549,31,53.170867919921875,0.0016410761745646596,0.5460872449056617,56,0.32142857142857145,53,0.9433962264150944,342,0,10,2
0.38235294117647056,68,0.84375,64,0.7230769230769231,65,0.4074074074074074,27,1.6366459627329193,322,87.06669616699219,0.0026872437447309494,0.43162225463233556,86,0.26744186046511625,87,0.9310344827586207,342,0,11,0
0.2857142857142857,14,0.7142857142857143,7,1.0,20,0.0,1,1.5421686746987953,83,19.712297439575195,0.00060840422520414,0.19245444884095214,21,0.0,20,0.55,342,0,11,1
0.5531914893617021,47,0.6944444444444444,36,0.6818181818181818,22,1.2352941176470589,68,0.86,50,43.38976287841797,0.001339190173894167,0.23572967926678665,43,0.06976744186046512,43,0.9069767441860465,342,0,11,2
0.5476190476190477,84,0.72,75,1.2790697674418605,129,1.2439024390243902,164,0.4444444444444444,18,81.05078125,0.0025015673600137234,0.4252281990936476,88,0.17045454545454544,81,0.9259259259259259,342,0,12,0
0.375,24,0.8888888888888888,18,0.0,2,0.0,1,0.0,2,19.200603485107422,0.0005926112062297761,0.09629077309164617,19,0.0,19,0.47368421052631576,342,0,12,1
0.36363636363636365,33,0.6976744186046512,43,0.9743589743589743,39,0.7777777777777778,18,0.16666666666666666,6,46.7426872253418,0.0014426754787564278,0.3684869358833845,46,0.10869565217391304,47,1.0,342,0,12,2
0.7586206896551724,87,1.0,81,0.9692307692307692,65,0.9230769230769231,91,0.4117647058823529,17,75.8297119140625,0.0023404231760650873,0.39062917175665957,73,0.136986301369863,76,0.8552631578947368,342,0,13,0
0.3870967741935484,31,1.2758620689655173,29,-1.0,0,-1.0,0,-1.0,0,18.381023406982422,0.0005673155537806451,0.2805705435754694,17,0.0,18,0.5555555555555556,342,0,13,1
0.4523809523809524,42,0.9827586206896551,58,0.0,2,1.0851063829787233,47,1.5210526315789474,190,40.826759338378906,0.001260085147805512,0.24043366942306005,46,0.021739130434782608,41,0.975609756097561,342,0,13,2
0.6197183098591549,71,1.168141592920354,113,0.9811320754716981,53,1.36,100,0.6363636363636364,22,68.92041778564453,0.0021271733567118645,0.3683132646440991,83,0.060240963855421686,69,0.9710144927536232,342,0,14,0
0.26666666666666666,15,0.5,6,1.1428571428571428,14,0.0,5,0.42857142857142855,14,17.859682083129883,0.000551224744413048,0.3825393510386072,25,0.0,18,0.7222222222222222,342,0,14,1
0.35714285714285715,28,0.7714285714285715,35,0.9302325581395349,43,1.326086956521739,46,0.2222222222222222,9,41.99685287475586,0.0012961991596966982,0.3566313813247097,45,0.1111111111111111,42,0.9761904761904762,342,0,14,2
0.4406779661016949,59,0.9285714285714286,70,1.38135593220339,118,1.0975609756097562,41,0.6666666666666666,45,64.1953125,0.0019813368562608957,0.37746201092919635,69,0.13043478260869565,64,0.953125,342,0,15,0
0.18181818181818182,11,1.0,17,0.9523809523809523,21,0.0,2,-1.0,0,17.65842056274414,0.0005450129974633455,0.27436327957046336,14,0.0,18,0.5555555555555556,342,0,15,1
0.21428571428571427,28,0.625,16,1.1875,16,0.7692307692307693,26,1.5165562913907285,151,38.11095428466797,0.001176264020614326,0.31336341473309276,44,0.0,38,0.9210526315789473,342,0,15,2
0.44642857142857145,56,0.8333333333333334,54,0.9655172413793104,58,0.7058823529411765,34,0.3333333333333333,15,64.5785903930664,0.001993166282773018,0.4070512291909242,65,0.1076923076923077,65,0.8615384615384616,342,0,16,0
0.5,28,0.9285714285714286,14,1.303030303030303,66,0.0,2,1.0,7,17.323137283325195,0.0005346647230908275,0.4351396102796097,24,0.0,17,0.7058823529411765,342,0,16,1
0.3548387096774194,31,0.6428571428571429,28,1.411764705882353,102,1.5,70,1.6198704103671706,463,39.372310638427734,0.0012151948176324368,0.42234513649576755,34,0.08823529411764706,39,1.0,342,0,16,2
0.4722222222222222,36,0.8260869565217391,69,0.9310344827586207,58,0.5625,16,0.7307692307692307,26,63.805301666259766,0.0019692995119839907,0.4533567353096554,61,0.19672131147540983,64,0.921875,342,0,17,0
0.45454545454545453,11,1.0,24,1.0833333333333333,12,0.9,10,0.0,1,17.583675384521484,0.0005427060532383621,0.3907741990998558,21,0.0,18,0.7222222222222222,342,0,17,1
0.3939393939393939,33,1.1025641025641026,78,1.4736842105263157,95,1.162162162162162,37,0.0,2,37.668190002441406,0.0011625984916463494,0.3166015654368494,40,0.025,38,0.9210526315789473,342,0,17,2
0.6301369863013698,73,0.7837837837837838,74,1.0806451612903225,62,1.3385826771653544,127,1.2361111111111112,72,63.639732360839844,0.0019641893450170755,0.5033313629537485,70,0.21428571428571427,64,1.0625,342,0,18,0
0.5526315789473685,38,0.9583333333333334,24,1.2962962962962963,27,1.1363636363636365,22,0.0,1,17.446914672851562,0.0005384850082919002,0.22722467260319315,14,0.0,17,0.8235294117647058,342,0,18,1
0.6,55,0.9411764705882353,51,0.88,25,0.4444444444444444,9,1.164179104477612,67,39.20610046386719,0.001210064860060811,0.36866598511317444,34,0.029411764705882353,39,1.0256410256410255,342,0,18,2
0.5,46,0.8409090909090909,44,1.0571428571428572,35,0.7105263157894737,38,1.16,50,60.32891082763672,0.001862003467977047,0.4308684244801853,61,0.13114754098360656,60,1.0,342,0,19,0
0.4666666666666667,30,0.9090909090909091,11,0.0,1,1.471698113207547,53,-1.0,0,17.04208755493164,0.0005259903846308589,0.3688289970000507,12,0.0,17,0.8235294117647058,342,0,19,1
0.5254237288135594,59,0.9354838709677419,31,1.0535714285714286,56,0.25,4,0.0,1,37.44859313964844,0.0011558207916095853,0.27038124213320114,37,0.0,37,1.054054054054054,342,0,19,2
0.6962025316455697,79,0.59375,32,1.05,60,0.9130434782608695,46,0.85,20,59.337127685546875,0.0018313928740099072,0.44060739016819656,56,0.23214285714285715,59,1.0,342,0,20,0
0.3684210526315789,19,1.0,36,0.42857142857142855,7,1.6933333333333334,75,1.6538461538461537,208,17.12882423400879,0.0005286674131639302,0.31471684790669097,16,0.0,17,0.4117647058823529,342,0,20,1
0.40384615384615385,52,0.8837209302325582,43,0.2727272727272727,11,0.0,7,0.6,10,38.79301452636719,0.0011973152868449688,0.2578511082214384,33,0.0,39,1.0512820512820513,342,0,20,2
0.631578947368421,57,0.8253968253968254,63,1.0,66,1.4099378881987579,161,0.26666666666666666,15,60.43635940551758,0.0018653197912499309,0.48160111479160456,53,0.16981132075471697,60,1.0666666666666667,342,0,21,0
0.5333333333333333,15,0.0,1,-1.0,0,-1.0,0,-1.0,0,16.919292449951172,0.0005222003674134612,0.19631902187409114,13,0.0,17,0.5882352941176471,342,0,21,1
0.5142857142857142,35,0.7692307692307693,26,0.625,24,1.35,40,0.38461538461538464,13,39.144073486328125,0.001208150410093367,0.3493703229877847,37,0.13513513513513514,39,1.0256410256410255,342,0,21,2
0.4909090909090909,55,0.825,40,0.8055555555555556,36,0.3333333333333333,9,1.1904761904761905,63,58.97585678100586,0.0018202424980700016,0.4172996448335397,67,0.1791044776119403,59,1.0847457627118644,342,0,22,0
0.25,16,1.0285714285714285,35,1.34375,32,1.1363636363636365,22,-1.0,0,17.191160202026367,0.000530591350980103,0.19137101890786892,22,0.0,17,0.5294117647058824,342,0,22,1
0.32142857142857145,28,0.68,25,1.3555555555555556,90,0.36363636363636365,11,0.25,4,38.967987060546875,0.0012027156772091985,0.2732225188103068,44,0.045454545454545456,39,1.1025641025641026,342,0,22,2
0.6417910447761194,67,0.8709677419354839,62,0.47368421052631576,19,1.5488721804511278,133,0.375,32,57.607574462890625,0.001778011559508741,0.42214857374795645,57,0.14035087719298245,58,0.9655172413793104,342,0,23,0
0.2727272727272727,11,1.1794871794871795,39,0.6666666666666666,3,-1.0,0,-1.0,0,16.747962951660156,0.0005169124342501163,0.40859019274873504,18,0.0,17,0.35294117647058826,342,0,23,1
0.5714285714285714,49,0.9428571428571428,35,0.2,5,0.5294117647058824,17,1.2916666666666667,96,38.48904037475586,0.0011879333760589361,0.33537021103454107,40,0.0,38,1.105263157894737,342,0,23,2
0.5616438356164384,73,1.0789473684210527,38,1.0714285714285714,28,0.125,8,0.2857142857142857,7,54.08012390136719,0.001669139601290226,0.3708718211997057,58,0.05172413793103448,54,0.8888888888888888,342,0,24,0
0.2727272727272727,11,0.0,2,1.2962962962962963,27,-1.0,0,-1.0,0,16.636754989624023,0.0005134801031090319,0.38232139327180653,21,0.0,17,0.35294117647058826,342,0,24,1
0.4857142857142857,35,0.8536585365853658,41,0.9696969696969697,33,1.0,16,1.6270491803278688,244,39.59113693237305,0.0012219486525282264,0.5049498832093834,34,0.029411764705882353,40,1.075,342,0,24,2
0.5192307692307693,52,0.76,50,1.3838383838383839,99,0.8769230769230769,65,0.9156626506024096,83,52.993804931640625,0.0016356112901121378,0.4200817338690259,56,0.08928571428571429,53,0.9433962264150944,342,0,25,0
0.23529411764705882,17,1.0810810810810811,37,1.5833333333333333,36,0.14285714285714285,7,-1.0,0,16.906631469726562,0.0005218096193857491,0.4414899586163918,11,0.0,17,0.7647058823529411,342,0,25,1
0.47368421052631576,19,1.0410958904109588,73,0.8636363636363636,22,1.4736842105263157,114,-1.0,0,35.501041412353516,0.0010957111371681094,0.37068771099183695,45,0.0,36,1.0555555555555556,342,0,25,2
0.38095238095238093,63,0.2857142857142857,7,1.352,125,1.0,35,0.4,10,50.77323532104492,0.001567075145430863,0.41065361833768715,59,0.11864406779661017,51,0.8823529411764706,342,0,26,0
0.3333333333333333,15,0.8333333333333334,12,-1.0,0,0.5714285714285714,7,-1.0,0,16.816701889038086,0.0005190339870750904,0.3815643199563251,18,0.0,17,0.7647058823529411,342,0,26,1
0.4666666666666667,45,0.5454545454545454,22,1.2,40,1.3488372093023255,43,1.0303030303030303,33,34.997989654541016,0.0010801848256960511,0.3504695989399964,39,0.0,35,1.0571428571428572,342,0,26,2
0.6101694915254238,59,0.4,30,0.8125,16,0.5,10,0.8571428571428571,21,48.620697021484375,0.0015006387839093804,0.39912040921331793,41,0.04878048780487805,49,1.0204081632653061,342,0,27,0
0.2,10,0.8260869565217391,23,1.457142857142857,35,1.3333333333333333,24,-1.0,0,16.70564079284668,0.0005156061961315572,0.4725021907324747,17,0.0,17,0.8235294117647058,342,0,27,1
0.6206896551724138,29,0.9090909090909091,22,0.3333333333333333,3,-1.0,0,-1.0,0,33.97966384887695,0.0010487550171092153,0.39207298223054127,39,0.0,34,1.1470588235294117,342,0,27,2
0.5098039215686274,51,0.9104477611940298,67,0.5,22,0.782608695652174,46,0.75,12,47.70140838623047,0.0014722656924277544,0.47067142231199743,45,0.08888888888888889,48,1.1666666666666667,342,0,28,0
0.35714285714285715,14,0.9473684210526315,19,1.0,12,-1.0,0,-1.0,0,16.560611724853516,0.0005111299687996507,0.4833293457888594,12,0.0,17,0.7058823529411765,342,0,28,1
0.5142857142857142,35,0.8181818181818182,22,1.0,10,1.096774193548387,31,0.0,2,34.01693344116211,0.0010499053169041872,0.4064065732636269,29,0.034482758620689655,34,1.1764705882352942,342,0,28,2
0.4,30,0.8222222222222222,45,1.4202898550724639,69,1.3055555555555556,36,0.75,4,46.2960319519043,0.0014288899255916476,0.4660549387840374,52,0.038461538461538464,46,1.1521739130434783,342,0,29,0
0.5333333333333333,15,0.5714285714285714,7,0.5,6,1.6133333333333333,75,-1.0,0,16.563894271850586,0.000511231308337301,0.3313344604794503,20,0.0,17,0.8235294117647058,342,0,29,1
0.7272727272727273,44,0.9090909090909091,22,0.9649122807017544,57,1.558139534883721,86,1.5942028985507246,69,34.05836486816406,0.001051184139214456,0.3918245857813621,42,0.0,34,1.0,342,0,29,2
0.5277777777777778,36,1.105263157894737,57,0.4,10,1.5,44,0.6666666666666666,3,44.98179626464844,0.001388327102176845,0.4774995984577088,33,0.12121212121212122,45,1.2,342,0,30,0
0.35,20,1.2608695652173914,23,-1.0,0,1.5238095238095237,84,1.7142857142857142,119,16.50740623474121,0.0005094878724776208,0.41039639026229285,13,0.0,17,0.8823529411764706,342,0,30,1
0.34782608695652173,23,0.9487179487179487,39,1.1702127659574468,47,-1.0,0,0.0,1,33.91720962524414,0.0010468274122104049,0.36104268261289757,38,0.0,34,1.1176470588235294,342,0,30,2
0.5084745762711864,59,0.8571428571428571,21,1.0727272727272728,55,1.0,21,1.2424242424242424,66,44.90612030029297,0.0013859913451597095,0.5443867171205111,56,0.05357142857142857,45,1.2444444444444445,342,0,31,0
0.2857142857142857,7,0.7857142857142857,14,0.0,2,0.5,2,-1.0,0,16.529550552368164,0.0005101712886244059,0.36158440697055994,24,0.0,17,0.8823529411764706,342,0,31,1
0.42424242424242425,33,0.8148148148148148,27,1.5797101449275361,69,1.170731707317073,41,1.548780487804878,82,34.21473693847656,0.0010560103692114353,0.38230604200551,32,0.0,34,1.0294117647058822,342,0,31,2
0.43333333333333335,30,1.25,76,1.3703703703703705,54,1.0,28,1.45,80,43.6131706237793,0.0013460855698212981,0.4721172865163301,44,0.13636363636363635,44,1.2954545454545454,342,0,32,0
0.6470588235294118,17,0.8461538461538461,26,1.4545454545454546,44,1.4761904761904763,21,-1.0,0,16.33331298828125,0.0005041146068833768,0.3202459667919405,19,0.0,16,1.0,342,0,32,1
0.723404255319149,47,0.7222222222222222,18,1.0833333333333333,12,1.3461538461538463,26,0.8,5,36.01462936401367,0.0011115625966340303,0.532423723442373,44,0.06818181818181818,36,1.3055555555555556,342,0,32,2
0.35714285714285715,28,0.9882352941176471,85,0.967741935483871,31,0.3333333333333333,6,0.6666666666666666,3,43.57575607299805,0.001344930729828775,0.4813674559501547,40,0.075,44,1.2727272727272727,342,0,33,0
0.3181818181818182,22,1.1666666666666667,18,1.0833333333333333,12,0.90625,32,-1.0,0,16.409130096435547,0.0005064546130597591,0.4699467731400969,16,0.0,16,1.1875,342,0,33,1
0.5,40,0.8947368421052632,19,1.1774193548387097,62,0.5555555555555556,9,0.8,5,33.72523498535156,0.0010409023379907012,0.36690300792102054,28,0.0,34,1.2058823529411764,342,0,33,2
0.3902439024390244,41,0.8181818181818182,33,1.4363636363636363,55,0.375,8,0.5714285714285714,7,42.45631790161133,0.0013103801757097244,0.39601726008299293,50,0.06,42,1.2380952380952381,342,0,34,0
0.5,14,0.0,2,1.5185185185185186,27,0.6666666666666666,6,-1.0,0,16.311813354492188,0.0005034510395489633,0.34854778405434084,15,0.0,16,1.0,342,0,34,1
0.39473684210526316,38,1.0238095238095237,42,1.4333333333333333,30,1.2307692307692308,39,0.2,5,33.4365119934082,0.0010319910943508148,0.2414671354990965,31,0.0,33,0.9696969696969697,342,0,34,2
0.5625,32,1.0851063829787233,47,0.0,3,1.3448275862068966,87,0.7777777777777778,9,43.233489990234375,0.0013343669706955552,0.4327853175491359,37,0.05405405405405406,43,1.186046511627907,342,0,35,0
0.16666666666666666,12,1.0,18,0.5,2,-1.0,0,0.0,1,16.28217315673828,0.0005025361897423863,0.11896291772733075,19,0.05263157894736842,16,0.625,342,0,35,1
0.5405405405405406,37,1.0,23,0.0,1,1.5476190476190477,84,0.8260869565217391,23,33.80026626586914,0.0010432180715724826,0.19034348705571796,36,0.027777777777777776,34,1.088235294117647,342,0,35,2
NA,NA,NA,NA,NA,NA,NA,NA,NA,NA,316.5389709472656,0.009769720956683159,0.6224718032952307,327,0.5076452599388379,317,1.0126182965299684,342,1,1,0
NA,NA,NA,NA,NA,NA,NA,NA,NA,NA,78.06037139892578,0.0024092707317322493,0.6292034199777322,74,0.47297297297297297,78,0.9358974358974359,342,1,1,1
NA,NA,NA,NA,NA,NA,NA,NA,NA,NA,115.6159896850586,0.003568394808098674,0.43040391600196765,125,0.216,116,0.6293103448275862,342,1,1,2
NA,NA,NA,NA,NA,NA,NA,NA,NA,NA,259.05181884765625,0.007995426654815674,0.5990652495313018,241,0.2987551867219917,259,0.9227799227799228,342,1,2,0
NA,NA,NA,NA,NA,NA,NA,NA,NA,NA,45.6401481628418,0.0014086465816944838,0.4661317281155246,43,0.11627906976744186,46,0.7608695652173914,342,1,2,1
NA,NA,NA,NA,NA,NA,NA,NA,NA,NA,92.52745056152344,0.002855785423889756,0.4798722222296701,90,0.15555555555555556,93,0.7096774193548387,342,1,2,2
NA,NA,NA,NA,NA,NA,NA,NA,NA,NA,219.44386291503906,0.0067729586735367775,0.5888890060389493,211,0.2985781990521327,219,0.867579908675799,342,1,3,0
NA,NA,NA,NA,NA,NA,NA,NA,NA,NA,34.76485824584961,0.001072989427484572,0.420308381285082,38,0.10526315789473684,35,0.5428571428571428,342,1,3,1
NA,NA,NA,NA,NA,NA,NA,NA,NA,NA,79.28077697753906,0.002446937607601285,0.41905955352065904,88,0.13636363636363635,79,0.6329113924050633,342,1,3,2
NA,NA,NA,NA,NA,NA,NA,NA,NA,NA,178.73739624023438,0.005516586359590292,0.5460652360913878,167,0.25748502994011974,179,0.8324022346368715,342,1,4,0
NA,NA,NA,NA,NA,NA,NA,NA,NA,NA,27.967330932617188,0.0008631892269477248,0.45375845674931015,29,0.0,28,0.2857142857142857,342,1,4,1
NA,NA,NA,NA,NA,NA,NA,NA,NA,NA,68.2821044921875,0.0021074723917990923,0.3550481348001508,64,0.109375,68,0.6470588235294118,342,1,4,2
NA,NA,NA,NA,NA,NA,NA,NA,NA,NA,155.1202392578125,0.004787661600857973,0.5413687940271912,155,0.2903225806451613,155,0.8580645161290322,342,1,5,0
NA,NA,NA,NA,NA,NA,NA,NA,NA,NA,25.174169540405273,0.0007769805379211903,0.30980137004625574,21,0.0,25,0.32,342,1,5,1
NA,NA,NA,NA,NA,NA,NA,NA,NA,NA,68.55757904052734,0.0021159746684134007,0.38731701070512214,66,0.19696969696969696,69,0.7101449275362319,342,1,5,2
NA,NA,NA,NA,NA,NA,NA,NA,NA,NA,124.416015625,0.003840000368654728,0.4506492644926194,133,0.19548872180451127,124,0.75,342,1,6,0
NA,NA,NA,NA,NA,NA,NA,NA,NA,NA,23.08574104309082,0.0007125228876248002,0.23146965216132087,22,0.0,23,0.43478260869565216,342,1,6,1
NA,NA,NA,NA,NA,NA,NA,NA,NA,NA,54.24654769897461,0.0016742761945351958,0.24700688303994456,37,0.13513513513513514,54,0.5370370370370371,342,1,6,2
NA,NA,NA,NA,NA,NA,NA,NA,NA,NA,108.84892272949219,0.0033595345448702574,0.45215559530050226,110,0.21818181818181817,109,0.7706422018348624,342,1,7,0
NA,NA,NA,NA,NA,NA,NA,NA,NA,NA,21.075387954711914,0.0006504749180749059,0.42781551548979263,18,0.0,21,0.2857142857142857,342,1,7,1
NA,NA,NA,NA,NA,NA,NA,NA,NA,NA,49.25138854980469,0.0015201045898720622,0.22558146062699364,46,0.021739130434782608,49,0.6326530612244898,342,1,7,2
NA,NA,NA,NA,NA,NA,NA,NA,NA,NA,98.70240783691406,0.0030463705770671368,0.4108840836195611,104,0.18269230769230768,99,0.8080808080808081,342,1,8,0
NA,NA,NA,NA,NA,NA,NA,NA,NA,NA,19.927391052246094,0.0006150429253466427,0.36643619153678414,21,0.0,20,0.35,342,1,8,1
NA,NA,NA,NA,NA,NA,NA,NA,NA,NA,47.48785400390625,0.001465674489736557,0.21605398257443584,45,0.044444444444444446,47,0.6595744680851063,342,1,8,2
NA,NA,NA,NA,NA,NA,NA,NA,NA,NA,94.66548156738281,0.0029217740520834923,0.461429502618897,99,0.23232323232323232,95,0.8842105263157894,342,1,9,0
NA,NA,NA,NA,NA,NA,NA,NA,NA,NA,19.523197174072266,0.0006025678012520075,0.24178302365086912,26,0.0,20,0.35,342,1,9,1
NA,NA,NA,NA,NA,NA,NA,NA,NA,NA,44.86697006225586,0.0013847830705344677,0.22926306043453723,34,0.029411764705882353,45,0.5111111111111111,342,1,9,2
NA,NA,NA,NA,NA,NA,NA,NA,NA,NA,83.15065002441406,0.0025663780979812145,0.4097048052763654,83,0.21686746987951808,83,0.8554216867469879,342,1,10,0
NA,NA,NA,NA,NA,NA,NA,NA,NA,NA,18.743839263916016,0.000578513543587178,0.18721503489810423,24,0.0,19,0.42105263157894735,342,1,10,1
NA,NA,NA,NA,NA,NA,NA,NA,NA,NA,43.97224044799805,0.0013571679592132568,0.25559180370689727,51,0.0196078431372549,44,0.6818181818181818,342,1,10,2
NA,NA,NA,NA,NA,NA,NA,NA,NA,NA,78.18714141845703,0.0024131834506988525,0.4203530728791563,74,0.14864864864864866,78,0.8333333333333334,342,1,11,0
NA,NA,NA,NA,NA,NA,NA,NA,NA,NA,18.568601608276367,0.0005731050041504204,0.05858366787509129,24,0.0,19,0.2631578947368421,342,1,11,1
NA,NA,NA,NA,NA,NA,NA,NA,NA,NA,48.801795959472656,0.001506228232756257,0.40003096225352264,53,0.18867924528301888,49,0.9795918367346939,342,1,11,2
NA,NA,NA,NA,NA,NA,NA,NA,NA,NA,73.03902435302734,0.002254290971904993,0.4229336573725068,72,0.1388888888888889,73,0.8356164383561644,342,1,12,0
NA,NA,NA,NA,NA,NA,NA,NA,NA,NA,18.821475982666016,0.0005809097783640027,0.07958282151587212,23,0.0,19,0.631578947368421,342,1,12,1
NA,NA,NA,NA,NA,NA,NA,NA,NA,NA,43.51893615722656,0.001343177049420774,0.368668906172754,36,0.05555555555555555,44,0.8409090909090909,342,1,12,2
NA,NA,NA,NA,NA,NA,NA,NA,NA,NA,65.49126434326172,0.0020213352981954813,0.41045073559765743,75,0.13333333333333333,65,0.7538461538461538,342,1,13,0
NA,NA,NA,NA,NA,NA,NA,NA,NA,NA,17.92112922668457,0.0005531212664209306,0.18615715351121043,7,0.0,18,0.6111111111111112,342,1,13,1
NA,NA,NA,NA,NA,NA,NA,NA,NA,NA,38.887428283691406,0.0012002292787656188,0.2528717543721726,33,0.0,39,0.8974358974358975,342,1,13,2
NA,NA,NA,NA,NA,NA,NA,NA,NA,NA,60.49150848388672,0.0018670218996703625,0.42200485654200875,64,0.125,60,0.9,342,1,14,0
NA,NA,NA,NA,NA,NA,NA,NA,NA,NA,17.449325561523438,0.0005385594558902085,0.563887490477515,15,0.0,17,0.7058823529411765,342,1,14,1
NA,NA,NA,NA,NA,NA,NA,NA,NA,NA,36.715789794921875,0.0011332033900544047,0.2993741547602654,35,0.0,37,0.8108108108108109,342,1,14,2
NA,NA,NA,NA,NA,NA,NA,NA,NA,NA,56.92802810668945,0.0017570379422977567,0.4102232806131283,62,0.04838709677419355,57,0.9298245614035088,342,1,15,0
NA,NA,NA,NA,NA,NA,NA,NA,NA,NA,17.1747989654541,0.0005300863995216787,0.5077787212270587,15,0.0,17,0.47058823529411764,342,1,15,1
NA,NA,NA,NA,NA,NA,NA,NA,NA,NA,37.793304443359375,0.0011664599878713489,0.4508519864235641,41,0.0975609756097561,38,0.868421052631579,342,1,15,2
NA,NA,NA,NA,NA,NA,NA,NA,NA,NA,54.0283317565918,0.0016675411025062203,0.5052196891506592,65,0.18461538461538463,54,0.9259259259259259,342,1,16,0
NA,NA,NA,NA,NA,NA,NA,NA,NA,NA,17.17035675048828,0.0005299492622725666,0.36334993124150233,11,0.0,17,0.5294117647058824,342,1,16,1
NA,NA,NA,NA,NA,NA,NA,NA,NA,NA,37.32633590698242,0.0011520474217832088,0.4445909381515299,36,0.08333333333333333,37,0.918918918918919,342,1,16,2
NA,NA,NA,NA,NA,NA,NA,NA,NA,NA,50.93087387084961,0.0015719406073912978,0.5255148654027099,43,0.16279069767441862,51,0.8627450980392157,342,1,17,0
NA,NA,NA,NA,NA,NA,NA,NA,NA,NA,16.87545394897461,0.0005208473303355277,0.4237944054419922,21,0.0,17,0.5882352941176471,342,1,17,1
NA,NA,NA,NA,NA,NA,NA,NA,NA,NA,37.970951080322266,0.0011719429166987538,0.510435323425382,40,0.175,38,1.105263157894737,342,1,17,2
NA,NA,NA,NA,NA,NA,NA,NA,NA,NA,47.19271469116211,0.001456565223634243,0.5075165955904036,53,0.05660377358490566,47,0.9361702127659575,342,1,18,0
NA,NA,NA,NA,NA,NA,NA,NA,NA,NA,16.958560943603516,0.0005234123673290014,0.3480376922165738,22,0.0,17,0.6470588235294118,342,1,18,1
NA,NA,NA,NA,NA,NA,NA,NA,NA,NA,35.7696418762207,0.001104001305066049,0.41985640566778265,36,0.08333333333333333,36,1.0555555555555556,342,1,18,2
NA,NA,NA,NA,NA,NA,NA,NA,NA,NA,45.16364288330078,0.0013939396012574434,0.4755369071367204,32,0.09375,45,0.9555555555555556,342,1,19,0
NA,NA,NA,NA,NA,NA,NA,NA,NA,NA,16.91059684753418,0.0005219320300966501,0.2416569105663474,20,0.0,17,0.7647058823529411,342,1,19,1
NA,NA,NA,NA,NA,NA,NA,NA,NA,NA,35.33995056152344,0.0010907392716035247,0.414667434339192,40,0.025,35,1.1142857142857143,342,1,19,2
NA,NA,NA,NA,NA,NA,NA,NA,NA,NA,44.832481384277344,0.0013837185688316822,0.5458941037696113,34,0.058823529411764705,45,1.0666666666666667,342,1,20,0
NA,NA,NA,NA,NA,NA,NA,NA,NA,NA,16.803565979003906,0.0005186285707168281,0.32562754058122145,13,0.0,17,0.8823529411764706,342,1,20,1
NA,NA,NA,NA,NA,NA,NA,NA,NA,NA,34.696205139160156,0.001070870552212,0.3353727929750982,30,0.03333333333333333,35,1.0571428571428572,342,1,20,2
NA,NA,NA,NA,NA,NA,NA,NA,NA,NA,43.237125396728516,0.0013344791950657964,0.4651372534129958,41,0.04878048780487805,43,1.0930232558139534,342,1,21,0
NA,NA,NA,NA,NA,NA,NA,NA,NA,NA,16.545406341552734,0.0005106606986373663,0.3098642207459044,12,0.0,17,0.9411764705882353,342,1,21,1
NA,NA,NA,NA,NA,NA,NA,NA,NA,NA,34.247352600097656,0.0010570170124992728,0.31305738309888936,33,0.0,34,0.9411764705882353,342,1,21,2
NA,NA,NA,NA,NA,NA,NA,NA,NA,NA,42.911163330078125,0.0013244185829535127,0.4547944919548124,41,0.024390243902439025,43,0.9767441860465116,342,1,22,0
NA,NA,NA,NA,NA,NA,NA,NA,NA,NA,16.493011474609375,0.0005090435734018683,0.3028603224839944,19,0.0,16,0.9375,342,1,22,1
NA,NA,NA,NA,NA,NA,NA,NA,NA,NA,34.28778839111328,0.0010582651011645794,0.3183612110745834,47,0.0,34,0.9117647058823529,342,1,22,2
NA,NA,NA,NA,NA,NA,NA,NA,NA,NA,42.800479888916016,0.001321002491749823,0.47168733844665695,34,0.029411764705882353,43,1.2093023255813953,342,1,23,0
NA,NA,NA,NA,NA,NA,NA,NA,NA,NA,16.4301815032959,0.0005071043851785362,0.4494499295370515,13,0.0,16,0.8125,342,1,23,1
NA,NA,NA,NA,NA,NA,NA,NA,NA,NA,33.90266799926758,0.001046378631144762,0.2881784287502555,28,0.03571428571428571,34,0.8823529411764706,342,1,23,2
NA,NA,NA,NA,NA,NA,NA,NA,NA,NA,42.10288619995117,0.001299471827223897,0.3874352445632117,44,0.045454545454545456,42,1.0714285714285714,342,1,24,0
NA,NA,NA,NA,NA,NA,NA,NA,NA,NA,16.50681495666504,0.000509469595272094,0.21632860912793495,10,0.0,17,0.7058823529411765,342,1,24,1
NA,NA,NA,NA,NA,NA,NA,NA,NA,NA,33.97236251831055,0.0010485297534614801,0.28116879577417025,29,0.0,34,0.7941176470588235,342,1,24,2
NA,NA,NA,NA,NA,NA,NA,NA,NA,NA,42.21845626831055,0.0013030387926846743,0.3955350521568858,46,0.021739130434782608,42,1.119047619047619,342,1,25,0
NA,NA,NA,NA,NA,NA,NA,NA,NA,NA,16.546340942382812,0.0005106895114295185,0.22746697279619624,11,0.0,17,0.8823529411764706,342,1,25,1
NA,NA,NA,NA,NA,NA,NA,NA,NA,NA,34.31023406982422,0.0010589578887447715,0.2892297768671155,42,0.047619047619047616,34,1.0,342,1,25,2
NA,NA,NA,NA,NA,NA,NA,NA,NA,NA,43.686744689941406,0.0013483563670888543,0.4782134546134551,46,0.06521739130434782,44,1.0681818181818181,342,1,26,0
NA,NA,NA,NA,NA,NA,NA,NA,NA,NA,16.318073272705078,0.0005036442307755351,0.33070835250219655,20,0.0,16,0.8125,342,1,26,1
NA,NA,NA,NA,NA,NA,NA,NA,NA,NA,36.479957580566406,0.0011259246384724975,0.4690731868738096,42,0.023809523809523808,36,1.3611111111111112,342,1,26,2
NA,NA,NA,NA,NA,NA,NA,NA,NA,NA,43.259376525878906,0.0013351659290492535,0.4748085666913854,39,0.07692307692307693,43,1.0930232558139534,342,1,27,0
NA,NA,NA,NA,NA,NA,NA,NA,NA,NA,16.397197723388672,0.0005060863331891596,0.2684767473924419,17,0.0,16,0.5,342,1,27,1
NA,NA,NA,NA,NA,NA,NA,NA,NA,NA,36.481441497802734,0.0011259703896939754,0.4828565803164293,31,0.06451612903225806,36,1.0833333333333333,342,1,27,2
NA,NA,NA,NA,NA,NA,NA,NA,NA,NA,44.61931610107422,0.001377139356918633,0.563515207377792,50,0.08,45,1.2,342,1,28,0
NA,NA,NA,NA,NA,NA,NA,NA,NA,NA,16.637710571289062,0.000513509614393115,0.4126703413837321,10,0.0,17,1.0588235294117647,342,1,28,1
NA,NA,NA,NA,NA,NA,NA,NA,NA,NA,34.85047912597656,0.0010756320552900434,0.3599810958816294,31,0.03225806451612903,35,1.2,342,1,28,2
NA,NA,NA,NA,NA,NA,NA,NA,NA,NA,43.553977966308594,0.0013442585477605462,0.4701767913249091,48,0.08333333333333333,44,1.0227272727272727,342,1,29,0
NA,NA,NA,NA,NA,NA,NA,NA,NA,NA,16.596628189086914,0.0005122416187077761,0.14681836905978166,14,0.0,17,0.9411764705882353,342,1,29,1
NA,NA,NA,NA,NA,NA,NA,NA,NA,NA,35.263389587402344,0.0010883762734010816,0.3912869620405917,38,0.05263157894736842,35,1.1714285714285715,342,1,29,2
NA,NA,NA,NA,NA,NA,NA,NA,NA,NA,42.792686462402344,0.0013207619776949286,0.4661918680302072,44,0.045454545454545456,43,1.1627906976744187,342,1,30,0
NA,NA,NA,NA,NA,NA,NA,NA,NA,NA,16.49676513671875,0.0005091594066470861,0.3987957261896878,18,0.0,16,1.0625,342,1,30,1
NA,NA,NA,NA,NA,NA,NA,NA,NA,NA,34.45124435424805,0.0010633099591359496,0.324039200373124,25,0.08,34,1.2058823529411764,342,1,30,2
NA,NA,NA,NA,NA,NA,NA,NA,NA,NA,42.80017852783203,0.001320993178524077,0.46974077973839334,35,0.11428571428571428,43,1.1162790697674418,342,1,31,0
NA,NA,NA,NA,NA,NA,NA,NA,NA,NA,16.691896438598633,0.0005151819786988199,0.249626825963516,12,0.08333333333333333,17,1.1764705882352942,342,1,31,1
NA,NA,NA,NA,NA,NA,NA,NA,NA,NA,34.56108856201172,0.0010667002061381936,0.3051584825361003,45,0.022222222222222223,35,1.0,342,1,31,2
NA,NA,NA,NA,NA,NA,NA,NA,NA,NA,42.259002685546875,0.0013042902573943138,0.43072280662382423,39,0.07692307692307693,42,1.119047619047619,342,1,32,0
NA,NA,NA,NA,NA,NA,NA,NA,NA,NA,16.735706329345703,0.0005165341426618397,0.11676851216976959,16,0.0,17,1.0588235294117647,342,1,32,1
NA,NA,NA,NA,NA,NA,NA,NA,NA,NA,34.261329650878906,0.0010574484476819634,0.2849275787030799,39,0.02564102564102564,34,1.0,342,1,32,2
NA,NA,NA,NA,NA,NA,NA,NA,NA,NA,41.27417755126953,0.001273894333280623,0.3665198064579539,29,0.034482758620689655,41,1.0,342,1,33,0
NA,NA,NA,NA,NA,NA,NA,NA,NA,NA,16.20420265197754,0.0005001297104172409,0.243253357641446,16,0.0,16,0.75,342,1,33,1
NA,NA,NA,NA,NA,NA,NA,NA,NA,NA,33.43722915649414,0.001032013213261962,0.26601951080859126,37,0.02702702702702703,33,1.121212121212121,342,1,33,2
NA,NA,NA,NA,NA,NA,NA,NA,NA,NA,41.31059265136719,0.001275018323212862,0.38073344061082287,51,0.0392156862745098,41,1.048780487804878,342,1,34,0
NA,NA,NA,NA,NA,NA,NA,NA,NA,NA,16.231204986572266,0.0005009631277061999,0.39185612468168957,14,0.0,16,1.125,342,1,34,1
NA,NA,NA,NA,NA,NA,NA,NA,NA,NA,33.196678161621094,0.0010245888261124492,0.32371223840682617,40,0.075,33,1.0,342,1,34,2
NA,NA,NA,NA,NA,NA,NA,NA,NA,NA,40.78492736816406,0.0012587941018864512,0.33958682260871126,32,0.03125,41,0.8780487804878049,342,1,35,0
NA,NA,NA,NA,NA,NA,NA,NA,NA,NA,16.315303802490234,0.0005035587819293141,0.09629693520658704,11,0.0,16,0.9375,342,1,35,1
NA,NA,NA,NA,NA,NA,NA,NA,NA,NA,32.97621536254883,0.0010177844669669867,0.14175395520092263,36,0.0,33,0.7878787878787878,342,1,35,2
NA,NA,NA,NA,NA,NA,NA,NA,NA,NA,302.5845947265625,0.00933903083205223,0.6215522826056692,318,0.41509433962264153,303,0.9471947194719472,342,2,1,0
NA,NA,NA,NA,NA,NA,NA,NA,NA,NA,71.15631103515625,0.002196182496845722,0.5592875757443755,69,0.34782608695652173,71,0.9014084507042254,342,2,1,1
NA,NA,NA,NA,NA,NA,NA,NA,NA,NA,117.17459106445312,0.003616499714553356,0.49422933337765756,98,0.19387755102040816,117,0.7948717948717948,342,2,1,2
NA,NA,NA,NA,NA,NA,NA,NA,NA,NA,249.36880493164062,0.007696568034589291,0.60294068760743,279,0.4157706093189964,249,0.9156626506024096,342,2,2,0
NA,NA,NA,NA,NA,NA,NA,NA,NA,NA,46.949100494384766,0.0014490463072434068,0.4378221989163758,48,0.16666666666666666,47,0.5957446808510638,342,2,2,1
NA,NA,NA,NA,NA,NA,NA,NA,NA,NA,86.25262451171875,0.0026621180586516857,0.32514378410983247,90,0.13333333333333333,86,0.5465116279069767,342,2,2,2
NA,NA,NA,NA,NA,NA,NA,NA,NA,NA,210.98104858398438,0.006511760875582695,0.5580078031305391,212,0.28773584905660377,211,0.8909952606635071,342,2,3,0
NA,NA,NA,NA,NA,NA,NA,NA,NA,NA,35.62354278564453,0.0010994920739904046,0.368576985231134,51,0.09803921568627451,36,0.6111111111111112,342,2,3,1
NA,NA,NA,NA,NA,NA,NA,NA,NA,NA,69.43315887451172,0.0021429986227303743,0.2756104567548701,75,0.09333333333333334,69,0.4782608695652174,342,2,3,2
NA,NA,NA,NA,NA,NA,NA,NA,NA,NA,169.30911254882812,0.005225589964538813,0.4914364870601944,170,0.2411764705882353,169,0.8165680473372781,342,2,4,0
NA,NA,NA,NA,NA,NA,NA,NA,NA,NA,27.752901077270508,0.0008565710159018636,0.35886917413513986,41,0.04878048780487805,28,0.5357142857142857,342,2,4,1
NA,NA,NA,NA,NA,NA,NA,NA,NA,NA,61.570411682128906,0.001900321338325739,0.20029030666419548,63,0.047619047619047616,62,0.46774193548387094,342,2,4,2
NA,NA,NA,NA,NA,NA,NA,NA,NA,NA,150.87327575683594,0.004656582605093718,0.502464709184523,176,0.21022727272727273,151,0.8543046357615894,342,2,5,0
NA,NA,NA,NA,NA,NA,NA,NA,NA,NA,25.484722137451172,0.0007865654770284891,0.19920793561508876,34,0.058823529411764705,25,0.4,342,2,5,1
NA,NA,NA,NA,NA,NA,NA,NA,NA,NA,57.547874450683594,0.0017761689377948642,0.2283808836510998,51,0.0196078431372549,58,0.5689655172413793,342,2,5,2
NA,NA,NA,NA,NA,NA,NA,NA,NA,NA,127.79808044433594,0.003944385331124067,0.4626041147149561,127,0.25984251968503935,128,0.8203125,342,2,6,0
NA,NA,NA,NA,NA,NA,NA,NA,NA,NA,23.186809539794922,0.0007156422943808138,0.1943809460807801,18,0.0,23,0.34782608695652173,342,2,6,1
NA,NA,NA,NA,NA,NA,NA,NA,NA,NA,51.73528289794922,0.001596768037416041,0.18213451654305876,48,0.020833333333333332,52,0.5769230769230769,342,2,6,2
NA,NA,NA,NA,NA,NA,NA,NA,NA,NA,117.48231506347656,0.003625997342169285,0.48990285442943543,107,0.205607476635514,117,0.905982905982906,342,2,7,0
NA,NA,NA,NA,NA,NA,NA,NA,NA,NA,21.891881942749023,0.0006756753427907825,0.13949865812946585,27,0.0,22,0.36363636363636365,342,2,7,1
NA,NA,NA,NA,NA,NA,NA,NA,NA,NA,53.97219467163086,0.00166580849327147,0.33156715099634015,53,0.1509433962264151,54,0.7222222222222222,342,2,7,2
NA,NA,NA,NA,NA,NA,NA,NA,NA,NA,101.98814392089844,0.0031477822922170162,0.37077871689730896,99,0.10101010101010101,102,0.8333333333333334,342,2,8,0
NA,NA,NA,NA,NA,NA,NA,NA,NA,NA,20.18726348876953,0.0006230637081898749,0.2992152619135437,18,0.0,20,0.25,342,2,8,1
NA,NA,NA,NA,NA,NA,NA,NA,NA,NA,47.385223388671875,0.001462506945244968,0.15998733138488183,58,0.017241379310344827,47,0.6170212765957447,342,2,8,2
NA,NA,NA,NA,NA,NA,NA,NA,NA,NA,90.83409118652344,0.002803521230816841,0.34114201175356423,102,0.18627450980392157,91,0.7692307692307693,342,2,9,0
NA,NA,NA,NA,NA,NA,NA,NA,NA,NA,19.982181549072266,0.0006167339743115008,0.08699974383416567,23,0.0,20,0.4,342,2,9,1
NA,NA,NA,NA,NA,NA,NA,NA,NA,NA,44.57632064819336,0.0013758123386651278,0.1445666777009831,45,0.044444444444444446,45,0.5111111111111111,342,2,9,2
NA,NA,NA,NA,NA,NA,NA,NA,NA,NA,89.96946716308594,0.002776835346594453,0.411177117779067,89,0.14606741573033707,90,0.8666666666666667,342,2,10,0
NA,NA,NA,NA,NA,NA,NA,NA,NA,NA,20.081268310546875,0.0006197922048158944,0.11888029712458742,23,0.043478260869565216,20,0.6,342,2,10,1
NA,NA,NA,NA,NA,NA,NA,NA,NA,NA,45.23471450805664,0.0013961332151666284,0.22186013223731565,47,0.02127659574468085,45,0.6888888888888889,342,2,10,2
NA,NA,NA,NA,NA,NA,NA,NA,NA,NA,86.51642608642578,0.0026702601462602615,0.39829465847228973,92,0.13043478260869565,87,0.9310344827586207,342,2,11,0
NA,NA,NA,NA,NA,NA,NA,NA,NA,NA,19.896257400512695,0.0006140820332802832,0.2777543278528691,25,0.0,20,0.65,342,2,11,1
NA,NA,NA,NA,NA,NA,NA,NA,NA,NA,43.88717269897461,0.0013545423280447721,0.1853662937463967,47,0.02127659574468085,44,0.6818181818181818,342,2,11,2
NA,NA,NA,NA,NA,NA,NA,NA,NA,NA,82.66218566894531,0.002551302080973983,0.4752320080114917,96,0.25,83,1.0240963855421688,342,2,12,0
NA,NA,NA,NA,NA,NA,NA,NA,NA,NA,18.558013916015625,0.0005727782263420522,0.43860464667932314,23,0.0,19,0.5789473684210527,342,2,12,1
NA,NA,NA,NA,NA,NA,NA,NA,NA,NA,41.47434997558594,0.0012800724944099784,0.25709264453184155,40,0.0,41,1.0,342,2,12,2
NA,NA,NA,NA,NA,NA,NA,NA,NA,NA,79.07968139648438,0.00244073080830276,0.4607799171591271,66,0.13636363636363635,79,1.0379746835443038,342,2,13,0
NA,NA,NA,NA,NA,NA,NA,NA,NA,NA,18.482990264892578,0.0005704626673832536,0.1854254024411749,12,0.0,18,0.6666666666666666,342,2,13,1
NA,NA,NA,NA,NA,NA,NA,NA,NA,NA,42.06325149536133,0.0012982485350221395,0.3399237693437891,45,0.06666666666666667,42,0.9047619047619048,342,2,13,2
NA,NA,NA,NA,NA,NA,NA,NA,NA,NA,73.70287322998047,0.0022747800685465336,0.4293274223041069,75,0.16,74,0.9864864864864865,342,2,14,0
NA,NA,NA,NA,NA,NA,NA,NA,NA,NA,18.203126907348633,0.0005618248833343387,0.11043956174894767,18,0.0,18,0.5,342,2,14,1
NA,NA,NA,NA,NA,NA,NA,NA,NA,NA,41.65315246582031,0.0012855911627411842,0.3887902138586705,33,0.09090909090909091,42,0.9047619047619048,342,2,14,2
NA,NA,NA,NA,NA,NA,NA,NA,NA,NA,68.86808013916016,0.002125557977706194,0.4761749049523713,78,0.19230769230769232,69,1.0144927536231885,342,2,15,0
NA,NA,NA,NA,NA,NA,NA,NA,NA,NA,17.84855079650879,0.0005508812027983367,0.18517248842050904,19,0.0,18,0.5555555555555556,342,2,15,1
NA,NA,NA,NA,NA,NA,NA,NA,NA,NA,40.01319122314453,0.001234975061379373,0.32133476115486503,37,0.05405405405405406,40,0.9,342,2,15,2
NA,NA,NA,NA,NA,NA,NA,NA,NA,NA,62.12421417236328,0.0019174140179529786,0.4463423700666858,66,0.19696969696969696,62,0.9516129032258065,342,2,16,0
NA,NA,NA,NA,NA,NA,NA,NA,NA,NA,17.482112884521484,0.0005395713960751891,0.14435883051739432,14,0.0,17,0.35294117647058826,342,2,16,1
NA,NA,NA,NA,NA,NA,NA,NA,NA,NA,37.711181640625,0.0011639253934845328,0.2922695691227398,43,0.06976744186046512,38,0.9473684210526315,342,2,16,2
NA,NA,NA,NA,NA,NA,NA,NA,NA,NA,63.58578872680664,0.0019625243730843067,0.47047896783996923,66,0.13636363636363635,64,1.0625,342,2,17,0
NA,NA,NA,NA,NA,NA,NA,NA,NA,NA,18.14824104309082,0.0005601309239864349,0.2161674336873413,23,0.0,18,0.6666666666666666,342,2,17,1
NA,NA,NA,NA,NA,NA,NA,NA,NA,NA,39.65116500854492,0.001223801402375102,0.2594456226385169,36,0.1111111111111111,40,1.125,342,2,17,2
NA,NA,NA,NA,NA,NA,NA,NA,NA,NA,64.14584350585938,0.0019798099528998137,0.5694097258722826,72,0.2777777777777778,64,1.03125,342,2,18,0
NA,NA,NA,NA,NA,NA,NA,NA,NA,NA,19.88612937927246,0.000613769399933517,0.32665541759330863,24,0.0,20,1.05,342,2,18,1
NA,NA,NA,NA,NA,NA,NA,NA,NA,NA,38.36377716064453,0.0011840672232210636,0.4497065202938674,47,0.02127659574468085,38,1.0789473684210527,342,2,18,2
NA,NA,NA,NA,NA,NA,NA,NA,NA,NA,58.74195098876953,0.001813023234717548,0.5140396078823118,62,0.27419354838709675,59,0.9661016949152542,342,2,19,0
NA,NA,NA,NA,NA,NA,NA,NA,NA,NA,16.96637725830078,0.0005236536380834877,0.4356622318454078,17,0.0,17,0.7058823529411765,342,2,19,1
NA,NA,NA,NA,NA,NA,NA,NA,NA,NA,36.073612213134766,0.00111338309943676,0.32963739855244945,38,0.0,36,0.9722222222222222,342,2,19,2
NA,NA,NA,NA,NA,NA,NA,NA,NA,NA,56.44832229614258,0.0017422321252524853,0.497491221002937,59,0.1864406779661017,56,1.125,342,2,20,0
NA,NA,NA,NA,NA,NA,NA,NA,NA,NA,16.972637176513672,0.0005238468293100595,0.5034507126294858,13,0.0,17,0.9411764705882353,342,2,20,1
NA,NA,NA,NA,NA,NA,NA,NA,NA,NA,34.7440299987793,0.0010723465820774436,0.3261152413837387,22,0.0,35,1.0571428571428572,342,2,20,2
NA,NA,NA,NA,NA,NA,NA,NA,NA,NA,54.360206604003906,0.0016777841374278069,0.5359092537409162,40,0.075,54,1.1666666666666667,342,2,21,0
NA,NA,NA,NA,NA,NA,NA,NA,NA,NA,16.667743682861328,0.0005144365131855011,0.3696062919143978,13,0.0,17,0.47058823529411764,342,2,21,1
NA,NA,NA,NA,NA,NA,NA,NA,NA,NA,37.039573669433594,0.0011431967141106725,0.470882028836316,23,0.0,37,1.2162162162162162,342,2,21,2
NA,NA,NA,NA,NA,NA,NA,NA,NA,NA,50.55706787109375,0.0015604033833369613,0.4771470489098895,48,0.10416666666666667,51,1.1568627450980393,342,2,22,0
NA,NA,NA,NA,NA,NA,NA,NA,NA,NA,17.389610290527344,0.0005367163685150445,0.29794589023322543,12,0.0,17,0.7647058823529411,342,2,22,1
NA,NA,NA,NA,NA,NA,NA,NA,NA,NA,35.97630310058594,0.0011103797005489469,0.5090920897389641,38,0.02631578947368421,36,1.1666666666666667,342,2,22,2
NA,NA,NA,NA,NA,NA,NA,NA,NA,NA,48.555503845214844,0.0014986266614869237,0.47303456847734765,48,0.10416666666666667,49,1.2244897959183674,342,2,23,0
NA,NA,NA,NA,NA,NA,NA,NA,NA,NA,17.22711944580078,0.0005317011964507401,0.08124753502821329,18,0.0,17,0.8235294117647058,342,2,23,1
NA,NA,NA,NA,NA,NA,NA,NA,NA,NA,34.49419021606445,0.001064635463990271,0.42887301864615557,31,0.0,34,1.1764705882352942,342,2,23,2
NA,NA,NA,NA,NA,NA,NA,NA,NA,NA,47.34358215332031,0.0014612217200919986,0.4645157532417788,38,0.15789473684210525,47,1.1914893617021276,342,2,24,0
NA,NA,NA,NA,NA,NA,NA,NA,NA,NA,16.450401306152344,0.0005077284295111895,0.35432092814822763,18,0.0,16,0.875,342,2,24,1
NA,NA,NA,NA,NA,NA,NA,NA,NA,NA,35.246177673339844,0.0010878449538722634,0.4474055611770364,36,0.0,35,1.2571428571428571,342,2,24,2
NA,NA,NA,NA,NA,NA,NA,NA,NA,NA,45.950355529785156,0.0014182208105921745,0.4987156210609985,53,0.07547169811320754,46,1.2173913043478262,342,2,25,0
NA,NA,NA,NA,NA,NA,NA,NA,NA,NA,16.804893493652344,0.0005186695489101112,0.11495824631998941,15,0.0,17,1.0588235294117647,342,2,25,1
NA,NA,NA,NA,NA,NA,NA,NA,NA,NA,33.408470153808594,0.0010311256628483534,0.40638031471573477,38,0.0,33,1.2424242424242424,342,2,25,2
NA,NA,NA,NA,NA,NA,NA,NA,NA,NA,43.87371063232422,0.0013541268417611718,0.48741118732526467,36,0.05555555555555555,44,1.25,342,2,26,0
NA,NA,NA,NA,NA,NA,NA,NA,NA,NA,16.365331649780273,0.0005051028565503657,0.31412502664635983,15,0.0,16,1.0,342,2,26,1
NA,NA,NA,NA,NA,NA,NA,NA,NA,NA,32.76115417480469,0.0010111466981470585,0.4200814110318653,34,0.029411764705882353,33,1.1515151515151516,342,2,26,2
NA,NA,NA,NA,NA,NA,NA,NA,NA,NA,43.161251068115234,0.0013321373844519258,0.49604361872679914,43,0.046511627906976744,43,1.1627906976744187,342,2,27,0
NA,NA,NA,NA,NA,NA,NA,NA,NA,NA,16.72010612487793,0.0005160526488907635,0.07624909898940908,17,0.0,17,1.0,342,2,27,1
NA,NA,NA,NA,NA,NA,NA,NA,NA,NA,32.949859619140625,0.00101697095669806,0.27587161031633356,27,0.0,33,1.2121212121212122,342,2,27,2
NA,NA,NA,NA,NA,NA,NA,NA,NA,NA,41.834022521972656,0.0012911735102534294,0.4395621595541008,40,0.05,42,1.119047619047619,342,2,28,0
NA,NA,NA,NA,NA,NA,NA,NA,NA,NA,16.273244857788086,0.000502260634675622,0.2709188118889893,22,0.0,16,1.0625,342,2,28,1
NA,NA,NA,NA,NA,NA,NA,NA,NA,NA,32.493324279785156,0.0010028803953900933,0.30879051214434583,29,0.0,32,1.1875,342,2,28,2
NA,NA,NA,NA,NA,NA,NA,NA,NA,NA,40.86710739135742,0.0012613304425030947,0.36675942188068517,50,0.04,41,0.8780487804878049,342,2,29,0
NA,NA,NA,NA,NA,NA,NA,NA,NA,NA,16.180374145507812,0.0004993942566215992,0.3193065624993583,12,0.0,16,1.125,342,2,29,1
NA,NA,NA,NA,NA,NA,NA,NA,NA,NA,32.32654571533203,0.0009977328591048717,0.31255237240862827,25,0.04,32,1.15625,342,2,29,2
NA,NA,NA,NA,NA,NA,NA,NA,NA,NA,40.127586364746094,0.0012385057052597404,0.3402957935280743,37,0.05405405405405406,40,0.95,342,2,30,0
NA,NA,NA,NA,NA,NA,NA,NA,NA,NA,16.15802764892578,0.0004987045540474355,0.31034199875750296,21,0.0,16,0.9375,342,2,30,1
NA,NA,NA,NA,NA,NA,NA,NA,NA,NA,32.25250244140625,0.000995447626337409,0.2133486769576939,31,0.0,32,0.96875,342,2,30,2
NA,NA,NA,NA,NA,NA,NA,NA,NA,NA,39.376834869384766,0.0012153343996033072,0.3714381836028058,48,0.0,39,0.9230769230769231,342,2,31,0
NA,NA,NA,NA,NA,NA,NA,NA,NA,NA,16.14700698852539,0.0004983643884770572,0.3103342050763114,14,0.0,16,1.0,342,2,31,1
NA,NA,NA,NA,NA,NA,NA,NA,NA,NA,32.197837829589844,0.0009937604190781713,0.12599415380131007,40,0.025,32,1.0,342,2,31,2
NA,NA,NA,NA,NA,NA,NA,NA,NA,NA,38.76068878173828,0.001196317607536912,0.4192866369083097,42,0.023809523809523808,39,0.6153846153846154,342,2,32,0
NA,NA,NA,NA,NA,NA,NA,NA,NA,NA,16.128658294677734,0.0004977980861440301,0.2858501125217858,10,0.0,16,1.125,342,2,32,1
NA,NA,NA,NA,NA,NA,NA,NA,NA,NA,32.15138626098633,0.0009923267643898726,0.05770919897017309,27,0.037037037037037035,32,0.78125,342,2,32,2
NA,NA,NA,NA,NA,NA,NA,NA,NA,NA,38.338069915771484,0.0011832737363874912,0.4361220956941304,37,0.0,38,0.42105263157894735,342,2,33,0
NA,NA,NA,NA,NA,NA,NA,NA,NA,NA,16.1086483001709,0.0004971805028617382,0.2549856238783316,11,0.0,16,1.1875,342,2,33,1
NA,NA,NA,NA,NA,NA,NA,NA,NA,NA,32.116600036621094,0.0009912530658766627,0.014901465331623967,38,0.0,32,0.625,342,2,33,2
NA,NA,NA,NA,NA,NA,NA,NA,NA,NA,38.08380126953125,0.001175425946712494,0.4207911987157618,36,0.0,38,0.2894736842105263,342,2,34,0
NA,NA,NA,NA,NA,NA,NA,NA,NA,NA,16.088111877441406,0.0004965466796420515,0.2223357786539846,12,0.0,16,1.0625,342,2,34,1
NA,NA,NA,NA,NA,NA,NA,NA,NA,NA,32.094947814941406,0.0009905848419293761,-0.004833112774186073,33,0.0,32,0.3125,342,2,34,2
NA,NA,NA,NA,NA,NA,NA,NA,NA,NA,37.934722900390625,0.0011708247475326061,0.39782515476890556,44,0.0,38,0.21052631578947367,342,2,35,0
NA,NA,NA,NA,NA,NA,NA,NA,NA,NA,16.069196701049805,0.0004959628568030894,0.1919068671386396,12,0.0,16,0.875,342,2,35,1
NA,NA,NA,NA,NA,NA,NA,NA,NA,NA,32.083770751953125,0.000990239786915481,-0.012711677846739199,44,0.0,32,0.1875,342,2,35,2
NA,NA,NA,NA,NA,NA,NA,NA,NA,NA,306.6282043457031,0.009463833644986153,0.6740044464745619,305,0.46885245901639344,307,1.0912052117263844,342,3,1,0
NA,NA,NA,NA,NA,NA,NA,NA,NA,NA,64.76919555664062,0.00199904921464622,0.546346085492161,63,0.3333333333333333,65,0.7846153846153846,342,3,1,1
NA,NA,NA,NA,NA,NA,NA,NA,NA,NA,111.61591339111328,0.0034449356608092785,0.4516503132269491,106,0.2358490566037736,112,0.6875,342,3,1,2
NA,NA,NA,NA,NA,NA,NA,NA,NA,NA,253.25918579101562,0.007816641591489315,0.621621288868546,250,0.392,253,1.0553359683794465,342,3,2,0
NA,NA,NA,NA,NA,NA,NA,NA,NA,NA,43.78440856933594,0.0013513705926015973,0.5275541652279249,48,0.0625,44,0.9545454545454546,342,3,2,1
NA,NA,NA,NA,NA,NA,NA,NA,NA,NA,84.69514465332031,0.002614047611132264,0.39301596422804447,92,0.15217391304347827,85,0.6,342,3,2,2
NA,NA,NA,NA,NA,NA,NA,NA,NA,NA,211.26220703125,0.006520438473671675,0.5849234904373651,221,0.33031674208144796,211,0.957345971563981,342,3,3,0
NA,NA,NA,NA,NA,NA,NA,NA,NA,NA,34.24699020385742,0.0010570058366283774,0.4915914985127088,32,0.0625,34,0.7058823529411765,342,3,3,1
NA,NA,NA,NA,NA,NA,NA,NA,NA,NA,80.12921142578125,0.002473123837262392,0.4732895296298928,89,0.14606741573033707,80,0.775,342,3,3,2
NA,NA,NA,NA,NA,NA,NA,NA,NA,NA,175.90545654296875,0.005429180804640055,0.5625581007986717,159,0.36477987421383645,176,0.9375,342,3,4,0
NA,NA,NA,NA,NA,NA,NA,NA,NA,NA,29.02300453186035,0.0008957717218436301,0.37288348074968675,29,0.0,29,0.5862068965517241,342,3,4,1
NA,NA,NA,NA,NA,NA,NA,NA,NA,NA,69.76019287109375,0.002153092296794057,0.434395624698567,65,0.2,70,0.7857142857142857,342,3,4,2
NA,NA,NA,NA,NA,NA,NA,NA,NA,NA,146.51612854003906,0.004522102884948254,0.5496955475279102,128,0.3515625,147,0.9183673469387755,342,3,5,0
NA,NA,NA,NA,NA,NA,NA,NA,NA,NA,24.823753356933594,0.0007661652052775025,0.22731808120911928,25,0.0,25,0.52,342,3,5,1
NA,NA,NA,NA,NA,NA,NA,NA,NA,NA,58.14400863647461,0.0017945681465789676,0.3361565322198374,58,0.06896551724137931,58,0.6724137931034483,342,3,5,2
NA,NA,NA,NA,NA,NA,NA,NA,NA,NA,124.8109359741211,0.0038521892856806517,0.5211757453227219,118,0.23728813559322035,125,0.976,342,3,6,0
NA,NA,NA,NA,NA,NA,NA,NA,NA,NA,22.480009078979492,0.0006938274600543082,0.36029114969748477,25,0.0,22,0.2727272727272727,342,3,6,1
NA,NA,NA,NA,NA,NA,NA,NA,NA,NA,49.98628616333008,0.0015427866019308567,0.3005868732216195,49,0.04081632653061224,50,0.62,342,3,6,2
NA,NA,NA,NA,NA,NA,NA,NA,NA,NA,114.81280517578125,0.0035436050966382027,0.5368322192703661,113,0.24778761061946902,115,0.9304347826086956,342,3,7,0
NA,NA,NA,NA,NA,NA,NA,NA,NA,NA,21.538185119628906,0.0006647587870247662,0.33221086938425615,15,0.0,22,0.5,342,3,7,1
NA,NA,NA,NA,NA,NA,NA,NA,NA,NA,48.54568099975586,0.0014983235159888864,0.2476689612053014,47,0.10638297872340426,49,0.5918367346938775,342,3,7,2
NA,NA,NA,NA,NA,NA,NA,NA,NA,NA,103.55793762207031,0.003196232719346881,0.49883418370042654,99,0.23232323232323232,104,0.9807692307692307,342,3,8,0
NA,NA,NA,NA,NA,NA,NA,NA,NA,NA,21.57550811767578,0.0006659107166342437,0.23838355330875688,23,0.0,22,0.4090909090909091,342,3,8,1
NA,NA,NA,NA,NA,NA,NA,NA,NA,NA,47.4628791809082,0.0014649037038907409,0.2041174582147533,53,0.09433962264150944,47,0.6808510638297872,342,3,8,2
NA,NA,NA,NA,NA,NA,NA,NA,NA,NA,91.7589111328125,0.0028320651035755873,0.443821199484285,90,0.16666666666666666,92,0.9021739130434783,342,3,9,0
NA,NA,NA,NA,NA,NA,NA,NA,NA,NA,19.732879638671875,0.0006090395036153495,0.1513770689512169,22,0.0,20,0.5,342,3,9,1
NA,NA,NA,NA,NA,NA,NA,NA,NA,NA,44.48985290527344,0.001373143633827567,0.2507698230850543,48,0.0,44,0.6818181818181818,342,3,9,2
NA,NA,NA,NA,NA,NA,NA,NA,NA,NA,85.38011932373047,0.002635188866406679,0.44413640893983736,88,0.20454545454545456,85,0.9411764705882353,342,3,10,0
NA,NA,NA,NA,NA,NA,NA,NA,NA,NA,18.961593627929688,0.0005852343747392297,0.30139070167519955,11,0.0,19,0.47368421052631576,342,3,10,1
NA,NA,NA,NA,NA,NA,NA,NA,NA,NA,41.44284439086914,0.0012791001936420798,0.19350139968737415,47,0.0,41,0.7560975609756098,342,3,10,2
NA,NA,NA,NA,NA,NA,NA,NA,NA,NA,81.24609375,0.0025075955782085657,0.4874529185670396,79,0.17721518987341772,81,0.9506172839506173,342,3,11,0
NA,NA,NA,NA,NA,NA,NA,NA,NA,NA,19.751697540283203,0.0006096202996559441,0.0852007344852329,23,0.0,20,0.45,342,3,11,1
NA,NA,NA,NA,NA,NA,NA,NA,NA,NA,41.01225662231445,0.0012658103369176388,0.21287720234570434,34,0.058823529411764705,41,0.8292682926829268,342,3,11,2
NA,NA,NA,NA,NA,NA,NA,NA,NA,NA,74.58711242675781,0.002302071312442422,0.4990026190118562,99,0.20202020202020202,75,0.9466666666666667,342,3,12,0
NA,NA,NA,NA,NA,NA,NA,NA,NA,NA,18.023035049438477,0.0005562665173783898,0.39054150659454256,16,0.0,18,0.2777777777777778,342,3,12,1
NA,NA,NA,NA,NA,NA,NA,NA,NA,NA,39.68870162963867,0.0012249599676579237,0.3577569395476163,48,0.08333333333333333,40,0.825,342,3,12,2
NA,NA,NA,NA,NA,NA,NA,NA,NA,NA,69.15681457519531,0.002134469570592046,0.46749213292552133,68,0.29411764705882354,69,0.927536231884058,342,3,13,0
NA,NA,NA,NA,NA,NA,NA,NA,NA,NA,17.793880462646484,0.0005491938209161162,0.21232397202418388,15,0.0,18,0.3333333333333333,342,3,13,1
NA,NA,NA,NA,NA,NA,NA,NA,NA,NA,37.90037536621094,0.00116976466961205,0.18390760355622598,31,0.0,38,0.7368421052631579,342,3,13,2
NA,NA,NA,NA,NA,NA,NA,NA,NA,NA,65.36947631835938,0.0020175764802843332,0.4265223340287404,67,0.14925373134328357,65,0.8769230769230769,342,3,14,0
NA,NA,NA,NA,NA,NA,NA,NA,NA,NA,17.473257064819336,0.0005392980528995395,0.40244412667623103,16,0.0,17,0.4117647058823529,342,3,14,1
NA,NA,NA,NA,NA,NA,NA,NA,NA,NA,36.436222076416016,0.0011245748028159142,0.31335327015214276,33,0.0,36,0.6944444444444444,342,3,14,2
NA,NA,NA,NA,NA,NA,NA,NA,NA,NA,62.11856460571289,0.0019172396278008819,0.45815808905969846,65,0.03076923076923077,62,1.0161290322580645,342,3,15,0
NA,NA,NA,NA,NA,NA,NA,NA,NA,NA,17.565706253051758,0.0005421514506451786,0.16664717728161066,9,0.0,18,0.4444444444444444,342,3,15,1
NA,NA,NA,NA,NA,NA,NA,NA,NA,NA,35.89124298095703,0.0011077544186264277,0.22458995757777675,45,0.0,36,0.9166666666666666,342,3,15,2
NA,NA,NA,NA,NA,NA,NA,NA,NA,NA,56.390769958496094,0.00174045586027205,0.4071861066438621,58,0.10344827586206896,56,1.0357142857142858,342,3,16,0
NA,NA,NA,NA,NA,NA,NA,NA,NA,NA,17.013830184936523,0.0005251182010397315,0.11398847762428307,19,0.0,17,0.4117647058823529,342,3,16,1
NA,NA,NA,NA,NA,NA,NA,NA,NA,NA,35.73714828491211,0.00110299838706851,0.16491589468279774,38,0.05263157894736842,36,1.0,342,3,16,2
NA,NA,NA,NA,NA,NA,NA,NA,NA,NA,51.7786865234375,0.0015981076285243034,0.36437716411402093,46,0.06521739130434782,52,0.9038461538461539,342,3,17,0
NA,NA,NA,NA,NA,NA,NA,NA,NA,NA,16.76207733154297,0.0005173480603843927,0.4131477762209039,16,0.0,17,0.5294117647058824,342,3,17,1
NA,NA,NA,NA,NA,NA,NA,NA,NA,NA,35.708152770996094,0.0011021035024896264,0.28518507033115215,45,0.022222222222222223,36,1.1388888888888888,342,3,17,2
NA,NA,NA,NA,NA,NA,NA,NA,NA,NA,50.68581008911133,0.0015643768711015582,0.44691051138407534,56,0.08928571428571429,51,1.0196078431372548,342,3,18,0
NA,NA,NA,NA,NA,NA,NA,NA,NA,NA,16.839038848876953,0.0005197233986109495,0.3579827722334747,20,0.0,17,0.23529411764705882,342,3,18,1
NA,NA,NA,NA,NA,NA,NA,NA,NA,NA,33.912166595458984,0.0010466717649251223,0.3110864269616883,28,0.03571428571428571,34,1.0,342,3,18,2
NA,NA,NA,NA,NA,NA,NA,NA,NA,NA,49.047401428222656,0.0015138087328523397,0.4115092381992041,51,0.058823529411764705,49,1.0816326530612246,342,3,19,0
NA,NA,NA,NA,NA,NA,NA,NA,NA,NA,17.209386825561523,0.0005311539280228317,0.08435288171784076,19,0.0,17,0.6470588235294118,342,3,19,1
NA,NA,NA,NA,NA,NA,NA,NA,NA,NA,34.64341735839844,0.001069241319783032,0.20292702764256068,39,0.05128205128205128,35,1.0,342,3,19,2
NA,NA,NA,NA,NA,NA,NA,NA,NA,NA,47.83086013793945,0.0014762610662728548,0.41821198668248905,43,0.06976744186046512,48,1.125,342,3,20,0
NA,NA,NA,NA,NA,NA,NA,NA,NA,NA,16.804025650024414,0.000518642773386091,0.20253440978556306,13,0.0,17,0.8235294117647058,342,3,20,1
NA,NA,NA,NA,NA,NA,NA,NA,NA,NA,34.620765686035156,0.0010685421293601394,0.2847907632504271,33,0.06060606060606061,35,1.1428571428571428,342,3,20,2
NA,NA,NA,NA,NA,NA,NA,NA,NA,NA,48.53474807739258,0.00149798602797091,0.5135263331196211,45,0.08888888888888889,49,1.2244897959183674,342,3,21,0
NA,NA,NA,NA,NA,NA,NA,NA,NA,NA,17.164806365966797,0.0005297779571264982,0.10436145063032422,25,0.0,17,0.6470588235294118,342,3,21,1
NA,NA,NA,NA,NA,NA,NA,NA,NA,NA,34.32685852050781,0.0010594709310680628,0.34448103593243995,37,0.0,34,1.088235294117647,342,3,21,2
NA,NA,NA,NA,NA,NA,NA,NA,NA,NA,43.70181655883789,0.001348821446299553,0.3518817242083295,41,0.0975609756097561,44,1.0227272727272727,342,3,22,0
NA,NA,NA,NA,NA,NA,NA,NA,NA,NA,18.067052841186523,0.0005576250841841102,0.31528666903008523,13,0.0,18,1.2222222222222223,342,3,22,1
NA,NA,NA,NA,NA,NA,NA,NA,NA,NA,33.85482406616211,0.0010449020192027092,0.19667340835010305,44,0.022727272727272728,34,1.1470588235294117,342,3,22,2
NA,NA,NA,NA,NA,NA,NA,NA,NA,NA,42.285552978515625,0.0013051097048446536,0.40031395184742125,40,0.075,42,1.0238095238095237,342,3,23,0
NA,NA,NA,NA,NA,NA,NA,NA,NA,NA,16.43308448791504,0.000507193966768682,0.22634750268100878,19,0.0,16,1.0625,342,3,23,1
NA,NA,NA,NA,NA,NA,NA,NA,NA,NA,32.720184326171875,0.0010098821949213743,0.1693376016575608,30,0.0,33,0.9696969696969697,342,3,23,2
NA,NA,NA,NA,NA,NA,NA,NA,NA,NA,41.43832015991211,0.0012789604952558875,0.40069194794365,37,0.05405405405405406,41,0.8780487804878049,342,3,24,0
NA,NA,NA,NA,NA,NA,NA,NA,NA,NA,16.44516372680664,0.0005075667868368328,0.15060269388358907,18,0.0,16,1.3125,342,3,24,1
NA,NA,NA,NA,NA,NA,NA,NA,NA,NA,32.649009704589844,0.0010076854377985,0.15887555773909193,42,0.0,33,0.8181818181818182,342,3,24,2
NA,NA,NA,NA,NA,NA,NA,NA,NA,NA,40.64347839355469,0.0012544282944872975,0.34572056898066217,32,0.0,41,0.8292682926829268,342,3,25,0
NA,NA,NA,NA,NA,NA,NA,NA,NA,NA,16.298603057861328,0.0005030432948842645,0.21641461822743915,12,0.0,16,1.25,342,3,25,1
NA,NA,NA,NA,NA,NA,NA,NA,NA,NA,32.45048141479492,0.0010015580337494612,0.1698684703814524,31,0.0,32,0.75,342,3,25,2
NA,NA,NA,NA,NA,NA,NA,NA,NA,NA,42.06028747558594,0.0012981570325791836,0.441402172286351,58,0.034482758620689655,42,0.9761904761904762,342,3,26,0
NA,NA,NA,NA,NA,NA,NA,NA,NA,NA,16.533313751220703,0.0005102874711155891,0.0835136113079638,20,0.0,17,0.9411764705882353,342,3,26,1
NA,NA,NA,NA,NA,NA,NA,NA,NA,NA,33.040584564208984,0.0010197710944339633,0.23044995583712352,27,0.0,33,0.8181818181818182,342,3,26,2
NA,NA,NA,NA,NA,NA,NA,NA,NA,NA,42.18255615234375,0.0013019307516515255,0.43509647849460925,44,0.022727272727272728,42,0.9761904761904762,342,3,27,0
NA,NA,NA,NA,NA,NA,NA,NA,NA,NA,16.382015228271484,0.0005056177615188062,0.2701640669117245,13,0.0,16,0.8125,342,3,27,1
NA,NA,NA,NA,NA,NA,NA,NA,NA,NA,34.23672866821289,0.0010566891869530082,0.33133487407085505,30,0.03333333333333333,34,1.1176470588235294,342,3,27,2
NA,NA,NA,NA,NA,NA,NA,NA,NA,NA,45.66954040527344,0.0014095536898821592,0.609639293405925,41,0.0975609756097561,46,1.2826086956521738,342,3,28,0
NA,NA,NA,NA,NA,NA,NA,NA,NA,NA,16.649513244628906,0.0005138738779351115,0.04534092615105807,17,0.0,17,0.35294117647058826,342,3,28,1
NA,NA,NA,NA,NA,NA,NA,NA,NA,NA,35.802486419677734,0.001105015049688518,0.4805693095819718,39,0.05128205128205128,36,1.1111111111111112,342,3,28,2
NA,NA,NA,NA,NA,NA,NA,NA,NA,NA,43.126625061035156,0.0013310686917975545,0.45452677861324836,36,0.1111111111111111,43,1.1395348837209303,342,3,29,0
NA,NA,NA,NA,NA,NA,NA,NA,NA,NA,16.434844970703125,0.0005072482745163143,0.31799521015014787,24,0.0,16,1.0625,342,3,29,1
NA,NA,NA,NA,NA,NA,NA,NA,NA,NA,33.54771423339844,0.0010354232508689165,0.37778758995922485,34,0.0,34,1.1176470588235294,342,3,29,2
NA,NA,NA,NA,NA,NA,NA,NA,NA,NA,44.518882751464844,0.0013740395661443472,0.5815820280207189,42,0.09523809523809523,45,1.1111111111111112,342,3,30,0
NA,NA,NA,NA,NA,NA,NA,NA,NA,NA,17.07513427734375,0.0005270102992653847,0.0937882170500188,16,0.0,17,1.1176470588235294,342,3,30,1
NA,NA,NA,NA,NA,NA,NA,NA,NA,NA,34.40102767944336,0.0010617601219564676,0.32400129078672274,39,0.05128205128205128,34,1.1764705882352942,342,3,30,2
NA,NA,NA,NA,NA,NA,NA,NA,NA,NA,43.40932846069336,0.001339794136583805,0.5318987697119966,41,0.07317073170731707,43,1.0930232558139534,342,3,31,0
NA,NA,NA,NA,NA,NA,NA,NA,NA,NA,17.11304473876953,0.0005281803896650672,0.05764441257265258,20,0.0,17,1.2941176470588236,342,3,31,1
NA,NA,NA,NA,NA,NA,NA,NA,NA,NA,34.26467514038086,0.001057551708072424,0.3226875626559307,32,0.0,34,0.9117647058823529,342,3,31,2
NA,NA,NA,NA,NA,NA,NA,NA,NA,NA,41.55860900878906,0.0012826730962842703,0.41623033725027925,42,0.023809523809523808,42,0.9523809523809523,342,3,32,0
NA,NA,NA,NA,NA,NA,NA,NA,NA,NA,16.274810791015625,0.0005023089470341802,0.25504630272022194,20,0.0,16,1.1875,342,3,32,1
NA,NA,NA,NA,NA,NA,NA,NA,NA,NA,33.06797409057617,0.0010206165025010705,0.14245949662522311,40,0.0,33,0.8787878787878788,342,3,32,2
NA,NA,NA,NA,NA,NA,NA,NA,NA,NA,41.68815231323242,0.0012866713805124164,0.42766685036586677,50,0.04,42,1.0476190476190477,342,3,33,0
NA,NA,NA,NA,NA,NA,NA,NA,NA,NA,16.269392013549805,0.0005021417164243758,0.2452862817119594,19,0.0,16,1.125,342,3,33,1
NA,NA,NA,NA,NA,NA,NA,NA,NA,NA,32.59787368774414,0.0010061071952804923,0.2800101045583901,53,0.018867924528301886,33,0.7272727272727273,342,3,33,2
NA,NA,NA,NA,NA,NA,NA,NA,NA,NA,40.72178649902344,0.0012568453093990684,0.3802319939789205,47,0.0425531914893617,41,0.926829268292683,342,3,34,0
NA,NA,NA,NA,NA,NA,NA,NA,NA,NA,16.21725845336914,0.0005005326820537448,0.35136070896311616,12,0.0,16,1.0625,342,3,34,1
NA,NA,NA,NA,NA,NA,NA,NA,NA,NA,32.50339126586914,0.0010031911078840494,0.2654812131180628,30,0.0,33,0.7878787878787878,342,3,34,2
NA,NA,NA,NA,NA,NA,NA,NA,NA,NA,40.142608642578125,0.001238969387486577,0.38137977735170087,42,0.023809523809523808,40,0.825,342,3,35,0
NA,NA,NA,NA,NA,NA,NA,NA,NA,NA,16.205947875976562,0.0005001835525035858,0.3156991154396623,20,0.0,16,1.125,342,3,35,1
NA,NA,NA,NA,NA,NA,NA,NA,NA,NA,32.37611389160156,0.0009992627892643213,0.2699527555596091,39,0.0,32,0.8125,342,3,35,2
0.8374558303886925,283,1.2232415902140672,327,1.1474103585657371,251,1.334710743801653,484,1.1204819277108433,249,297.6038818359375,0.00918530486524105,0.6761160405546087,292,0.4828767123287671,298,1.0335570469798658,343,0,1,0
0.7195121951219512,82,0.9245283018867925,53,1.1147540983606556,122,1.4691358024691359,162,0.6896551724137931,29,65.10945129394531,0.002009551040828228,0.5353379838847522,56,0.25,65,0.8153846153846154,343,0,1,1
0.6203703703703703,108,0.7710843373493976,83,0.6666666666666666,57,0.7391304347826086,69,1.0891089108910892,101,113.117431640625,0.003491278737783432,0.5379961158932637,119,0.2605042016806723,113,0.8495575221238938,343,0,1,2
0.9451612903225807,310,1.1115702479338843,242,0.9821428571428571,168,1.4126984126984128,567,0.9292035398230089,113,245.50514221191406,0.007577319163829088,0.6680790996909377,242,0.36363636363636365,246,1.056910569105691,343,0,2,0
0.6046511627906976,43,1.0,61,0.76,25,0.7419354838709677,31,0.5,20,46.665531158447266,0.0014402942033484578,0.5335628288395475,42,0.19047619047619047,47,0.9361702127659575,343,0,2,1
0.7311827956989247,93,0.746031746031746,63,1.1846153846153846,65,0.4166666666666667,24,1.2531645569620253,79,79.87452697753906,0.0024652632419019938,0.42107763024853867,72,0.1388888888888889,80,0.775,343,0,2,2
0.8702702702702703,185,0.9689119170984456,193,0.9568345323741008,139,1.148936170212766,188,1.1179245283018868,212,215.68450927734375,0.006656929384917021,0.6556563966333842,213,0.39436619718309857,216,1.0324074074074074,343,0,3,0
0.5666666666666667,30,0.7647058823529411,34,1.1041666666666667,48,0.631578947368421,19,0.42857142857142855,7,36.30005645751953,0.00112037209328264,0.5635838133047292,33,0.06060606060606061,36,0.6944444444444444,343,0,3,1
0.5172413793103449,87,0.7441860465116279,43,0.5428571428571428,35,1.452991452991453,117,1.5748792270531402,207,73.18439483642578,0.002258777618408203,0.3618884129186212,77,0.07792207792207792,73,0.7397260273972602,343,0,3,2
0.861904761904762,210,1.0508474576271187,177,1.0188679245283019,106,1.094488188976378,127,0.8055555555555556,108,180.7489471435547,0.005578671116381884,0.5854660812940933,179,0.31843575418994413,181,1.022099447513812,343,0,4,0
0.5161290322580645,31,0.9285714285714286,28,0.6,10,0.5,10,0.25,4,30.675886154174805,0.0009467866038903594,0.5274463408028482,37,0.05405405405405406,31,0.7419354838709677,343,0,4,1
0.5416666666666666,72,0.875,56,0.8113207547169812,53,0.7419354838709677,31,0.14285714285714285,14,64.34254455566406,0.0019858810119330883,0.33818237860962097,67,0.11940298507462686,64,0.640625,343,0,4,2
0.7647058823529411,153,0.8467153284671532,137,0.8811881188118812,101,1.0625,176,0.6730769230769231,52,144.14146423339844,0.004448810592293739,0.5355365842501038,146,0.3082191780821918,144,0.9722222222222222,343,0,5,0
0.6333333333333333,30,0.6818181818181818,22,0.5,2,0.6666666666666666,6,1.7439024390243902,246,27.764188766479492,0.0008569193887524307,0.4978057849222065,33,0.09090909090909091,28,0.6428571428571429,343,0,5,1
0.6086956521739131,69,0.6363636363636364,44,1.2307692307692308,104,0.25,8,0.16666666666666666,6,53.206146240234375,0.001642165007069707,0.34649826192928845,56,0.05357142857142857,53,0.660377358490566,343,0,5,2
0.8656716417910447,134,1.0172413793103448,116,1.2176470588235293,170,0.9682539682539683,63,0.5909090909090909,44,127.13609313964844,0.003923953510820866,0.5177619694920125,114,0.30701754385964913,127,1.0,343,0,6,0
0.29411764705882354,17,0.8484848484848485,33,0.0,1,0.0,1,0.0,1,22.938827514648438,0.0007079885108396411,0.37308722506827957,11,0.09090909090909091,23,0.6521739130434783,343,0,6,1
0.3783783783783784,37,0.8518518518518519,27,0.47619047619047616,21,1.5,62,0.0,8,48.44065475463867,0.0014950819313526154,0.25781082152699614,46,0.06521739130434782,48,0.5,343,0,6,2
0.7247706422018348,109,0.8736842105263158,95,0.8588235294117647,85,0.8135593220338984,59,1.2439024390243902,123,121.55335235595703,0.003751646727323532,0.5287688613946291,128,0.296875,122,0.9918032786885246,343,0,7,0
0.18181818181818182,11,0.9705882352941176,34,0.3333333333333333,3,0.1111111111111111,9,1.4411764705882353,68,23.132823944091797,0.0007139760418795049,0.27085136177608876,19,0.05263157894736842,23,0.43478260869565216,343,0,7,1
0.48214285714285715,56,0.7560975609756098,41,1.0491803278688525,61,0.6363636363636364,22,0.0,4,51.496299743652344,0.0015893919626250863,0.3151115287600822,52,0.07692307692307693,51,0.7843137254901961,343,0,7,2
0.4752475247524752,101,0.7702702702702703,74,1.1625,80,1.374331550802139,187,1.4556962025316456,158,104.4698257446289,0.0032243772875517607,0.4692178590239956,112,0.24107142857142858,104,0.9038461538461539,343,0,8,0
0.3076923076923077,13,0.9333333333333333,15,0.5,2,0.4,5,1.3285714285714285,70,20.170372009277344,0.000622542342171073,0.29690886288979673,24,0.041666666666666664,20,0.55,343,0,8,1
0.6666666666666666,60,1.0394736842105263,76,1.3278688524590163,122,0.18181818181818182,11,0.42857142857142855,7,49.69947052001953,0.0015339342644438148,0.46583664848127637,45,0.06666666666666667,50,0.88,343,0,8,2
0.6404494382022472,89,1.0648148148148149,108,1.1818181818181819,121,0.6346153846153846,52,0.8,55,96.84471893310547,0.0029890346340835094,0.5258364846109147,95,0.3157894736842105,97,0.9072164948453608,343,0,9,0
0.2777777777777778,18,0.42857142857142855,7,1.45,40,0.8888888888888888,27,1.5478260869565217,115,20.570480346679688,0.0006348913884721696,0.22764216983684277,19,0.0,21,0.6190476190476191,343,0,9,1
0.4222222222222222,45,0.5769230769230769,26,1.0,33,1.2058823529411764,34,0.1111111111111111,9,49.03667068481445,0.0015134775312617421,0.3713036316140171,43,0.06976744186046512,49,0.9591836734693877,343,0,9,2
0.6,80,0.8194444444444444,72,0.7027027027027027,74,1.25,112,1.4685990338164252,207,86.41647338867188,0.0026671751402318478,0.4885673986786562,88,0.29545454545454547,86,0.9534883720930233,343,0,10,0
0.4117647058823529,17,0.5,6,0.7692307692307693,13,0.0,1,-1.0,0,19.16584014892578,0.0005915382644161582,0.2041419155248553,21,0.0,19,0.47368421052631576,343,0,10,1
0.6304347826086957,46,0.918918918918919,37,1.24,50,1.1911764705882353,68,0.45,20,42.95379638671875,0.0013257344253361225,0.32659316281217915,42,0.07142857142857142,43,0.6511627906976745,343,0,10,2
0.49056603773584906,53,0.7761194029850746,67,0.8088235294117647,68,0.9,40,1.5821596244131455,213,78.0489730834961,0.0024089189246296883,0.487597152000627,68,0.3382352941176471,78,1.0384615384615385,343,0,11,0
0.3157894736842105,19,-1.0,0,1.1176470588235294,17,-1.0,0,1.5566037735849056,106,18.836271286010742,0.0005813664174638689,0.07001098064873101,22,0.0,19,0.47368421052631576,343,0,11,1
0.6190476190476191,42,0.71875,32,0.3125,16,1.380281690140845,71,0.0,5,39.65957260131836,0.0012240608921274543,0.26795052871846103,33,0.030303030303030304,40,0.75,343,0,11,2
0.6111111111111112,72,0.8823529411764706,68,1.1573033707865168,89,1.4214285714285715,140,0.5,10,70.9962158203125,0.002191241132095456,0.4829862983587505,68,0.22058823529411764,71,1.0140845070422535,343,0,12,0
0.5217391304347826,23,0.9333333333333333,15,0.0,1,0.0,1,-1.0,0,18.565532684326172,0.0005730102420784533,0.04672057541868461,20,0.0,19,0.5263157894736842,343,0,12,1
0.3103448275862069,29,0.45161290322580644,31,1.1111111111111112,27,0.25,4,0.4,5,38.58213806152344,0.0011908067390322685,0.24214650477544875,36,0.05555555555555555,39,0.9230769230769231,343,0,12,2
0.6164383561643836,73,1.0222222222222221,90,1.06,50,1.0,61,0.5,14,68.33983612060547,0.0021092542447149754,0.4525089490085261,70,0.15714285714285714,68,1.088235294117647,343,0,13,0
0.3870967741935484,31,1.2413793103448276,29,-1.0,0,0.0,1,0.0,2,18.712034225463867,0.0005775319295935333,0.04801701280612518,18,0.0,19,0.5263157894736842,343,0,13,1
0.5,46,0.9411764705882353,51,0.7142857142857143,7,1.0444444444444445,45,1.4972972972972973,185,37.955238342285156,0.0011714579304680228,0.263804131111143,43,0.0,38,0.8947368421052632,343,0,13,2
0.609375,64,1.1149425287356323,87,0.9032258064516129,31,1.3333333333333333,66,0.4444444444444444,18,62.86988830566406,0.0019404286285862327,0.42289450400420175,74,0.13513513513513514,63,0.9682539682539683,343,0,14,0
0.26666666666666666,15,0.5,6,1.0769230769230769,13,0.5,2,0.6,15,17.817398071289062,0.0005499196704477072,0.08685608179806391,21,0.0,18,0.5555555555555556,343,0,14,1
0.39285714285714285,28,0.6875,32,0.8666666666666667,30,1.375,48,0.3333333333333333,3,37.295814514160156,0.0011511053889989853,0.25826153380963235,41,0.04878048780487805,37,0.8648648648648649,343,0,14,2
0.4666666666666667,45,0.8301886792452831,53,1.4587155963302751,109,1.2,35,0.9444444444444444,18,60.40863037109375,0.0018644639058038592,0.46676988169821926,61,0.13114754098360656,60,1.0333333333333334,343,0,15,0
0.21428571428571427,14,0.95,20,0.7857142857142857,14,0.0,4,-1.0,0,17.7862606048584,0.0005489586619660258,0.33813891601837964,14,0.0,18,0.8333333333333334,343,0,15,1
0.21739130434782608,23,1.1363636363636365,22,0.9411764705882353,17,0.96,25,1.559748427672956,159,36.29328918457031,0.0011201632441952825,0.35644701270476775,51,0.0196078431372549,36,0.9166666666666666,343,0,15,2
0.49122807017543857,57,0.86,50,1.1176470588235294,51,1.313953488372093,86,0.38461538461538464,13,57.90248107910156,0.0017871136078611016,0.46355806490595547,57,0.21052631578947367,58,1.0172413793103448,343,0,16,0
0.39285714285714285,28,1.0,13,1.2280701754385965,57,-1.0,0,0.0,1,17.08661460876465,0.0005273646675050259,0.15360700838320754,28,0.0,17,0.6470588235294118,343,0,16,1
0.3333333333333333,30,0.7407407407407407,27,1.3736263736263736,91,1.4929577464788732,71,1.6587473002159827,463,36.21477508544922,0.001117739942856133,0.3315363159103174,26,0.0,36,1.0555555555555556,343,0,16,2
0.6333333333333333,30,0.7586206896551724,58,0.8,40,0.5384615384615384,13,0.8235294117647058,17,55.13966369628906,0.0017018414800986648,0.500974237399759,53,0.11320754716981132,55,1.0909090909090908,343,0,17,0
0.6153846153846154,13,1.0555555555555556,18,0.8571428571428571,21,0.9090909090909091,11,0.0,8,17.075620651245117,0.0005270253168419003,0.2268433928171609,22,0.0,17,0.7058823529411765,343,0,17,1
0.3103448275862069,29,1.170731707317073,82,1.510204081632653,98,0.8181818181818182,33,0.0,1,35.05779266357422,0.0010820305906236172,0.28993228488596584,38,0.05263157894736842,35,1.0857142857142856,343,0,17,2
0.5666666666666667,60,0.8157894736842105,76,1.2857142857142858,63,1.2222222222222223,99,0.5454545454545454,11,53.39371109008789,0.001647953991778195,0.5299428499592292,55,0.16363636363636364,53,1.1132075471698113,343,0,18,0
0.48484848484848486,33,0.9629629629629629,27,1.3333333333333333,33,0.8888888888888888,18,0.5,4,17.334888458251953,0.0005350274150259793,0.2399513267765636,15,0.0,17,0.8235294117647058,343,0,18,1
0.6590909090909091,44,1.0857142857142856,35,0.5882352941176471,17,0.5,2,1.3015873015873016,63,35.72119140625,0.0011025059502571821,0.4110839153791678,36,0.027777777777777776,36,1.0555555555555556,343,0,18,2
0.7090909090909091,55,0.8,40,1.1666666666666667,30,0.7586206896551724,29,1.075,40,52.461124420166016,0.001619170536287129,0.524974661760056,62,0.16129032258064516,52,1.1923076923076923,343,0,19,0
0.5,30,0.8181818181818182,11,0.5,2,1.6,45,-1.0,0,16.953929901123047,0.0005232694675214589,0.26781322172796,13,0.0,17,0.8235294117647058,343,0,19,1
0.5490196078431373,51,0.8857142857142857,35,1.0655737704918034,61,0.25,4,0.5,4,36.07875061035156,0.0011135416571050882,0.29920169879101477,34,0.058823529411764705,36,1.1666666666666667,343,0,19,2
0.6847826086956522,92,0.7058823529411765,34,1.1111111111111112,63,1.0,49,0.5,6,52.59926223754883,0.0016234340146183968,0.5221425192398331,47,0.23404255319148937,53,1.2641509433962264,343,0,20,0
0.4,20,1.0526315789473684,38,0.625,8,1.6615384615384616,65,1.5645933014354068,209,16.75360870361328,0.0005170867079868913,0.42885992315473254,18,0.0,17,0.8235294117647058,343,0,20,1
0.48936170212765956,47,0.8205128205128205,39,0.4444444444444444,9,0.0,2,0.8,10,34.68288803100586,0.001070459489710629,0.2979714433532191,31,0.0,35,1.0571428571428572,343,0,20,2
0.6833333333333333,60,0.796875,64,1.1304347826086956,46,1.4397590361445782,166,0.3157894736842105,19,53.57896423339844,0.0016536717303097248,0.5814756062703065,51,0.2549019607843137,54,1.2962962962962963,343,0,21,0
0.42857142857142855,14,-1.0,0,-1.0,0,0.0,1,0.0,1,17.47783851623535,0.0005394394393078983,0.2293875073428884,12,0.0,17,0.8823529411764706,343,0,21,1
0.3939393939393939,33,0.8076923076923077,26,0.5652173913043478,23,1.4473684210526316,38,0.5,14,35.702239990234375,0.0011019209632650018,0.3775778567195675,31,0.06451612903225806,36,1.25,343,0,21,2
0.44680851063829785,47,1.088235294117647,34,0.7777777777777778,27,0.625,8,1.3728813559322033,59,51.691917419433594,0.0015954294940456748,0.5147745400524619,54,0.16666666666666666,52,1.2692307692307692,343,0,22,0
0.2,15,0.8947368421052632,38,1.4,35,1.15,20,-1.0,0,16.688871383666992,0.0005150886136107147,0.47499927897586536,24,0.0,17,0.8823529411764706,343,0,22,1
0.35714285714285715,28,0.782608695652174,23,1.4074074074074074,81,0.5,6,0.0,2,34.45957565307617,0.0010635671205818653,0.470354533636136,34,0.0,34,1.0294117647058822,343,0,22,2
0.5,54,0.9838709677419355,62,0.5,14,1.5639097744360901,133,0.2222222222222222,27,50.46905517578125,0.0015576868318021297,0.4256352069814128,46,0.15217391304347827,50,1.34,343,0,23,0
0.26666666666666666,15,1.2,40,0.25,4,-1.0,0,-1.0,0,16.527816772460938,0.0005101177957840264,0.29871778205780514,15,0.0,17,0.8235294117647058,343,0,23,1
0.5,38,0.9428571428571428,35,0.25,4,1.1111111111111112,18,1.2660550458715596,109,34.064571380615234,0.0010513756424188614,0.22529690459045826,36,0.0,34,1.088235294117647,343,0,23,2
0.6388888888888888,72,1.32,50,1.0384615384615385,26,0.7777777777777778,18,0.5555555555555556,9,55.44281768798828,0.001711198128759861,0.6096822758836073,54,0.12962962962962962,55,1.3272727272727274,343,0,24,0
0.38461538461538464,13,0.75,4,1.2580645161290323,31,-1.0,0,0.0,1,16.940629959106445,0.0005228589288890362,0.23206156427368374,21,0.0,17,0.9411764705882353,343,0,24,1
0.4722222222222222,36,0.7142857142857143,35,1.25,40,1.1578947368421053,19,1.6626016260162602,246,35.92682647705078,0.001108852680772543,0.3161712965982686,26,0.038461538461538464,36,1.1944444444444444,343,0,24,2
0.6875,64,0.8392857142857143,56,1.3577981651376148,109,0.7971014492753623,69,0.8433734939759037,83,54.022769927978516,0.0016673693899065256,0.5305960123234629,57,0.24561403508771928,54,1.2592592592592593,343,0,25,0
0.3333333333333333,18,0.9722222222222222,36,1.5142857142857142,35,0.0,3,0.5,2,16.63754653930664,0.0005135045503266156,0.25668305096250515,13,0.0,17,0.6470588235294118,343,0,25,1
0.38095238095238093,21,1.0140845070422535,71,0.9583333333333334,24,1.4128440366972477,109,-1.0,0,36.16980743408203,0.0011163520393893123,0.39131149752480116,39,0.02564102564102564,36,1.3333333333333333,343,0,25,2
0.5774647887323944,71,0.45454545454545453,11,1.462962962962963,108,0.7857142857142857,28,0.5714285714285714,14,52.07732391357422,0.001607324811629951,0.480695860278325,64,0.125,52,1.25,343,0,26,0
0.26666666666666666,15,1.0,11,0.0,1,0.0,3,-1.0,0,16.65473747253418,0.0005140351131558418,0.25609666075530074,24,0.0,17,0.6470588235294118,343,0,26,1
0.5227272727272727,44,0.5217391304347826,23,1.1578947368421053,38,1.4324324324324325,37,1.1388888888888888,36,35.70820999145508,0.0011021052487194538,0.2890724872425027,41,0.024390243902439025,36,1.25,343,0,26,2
0.4423076923076923,52,0.6744186046511628,43,0.9583333333333334,24,0.5882352941176471,17,0.4166666666666667,12,52.126487731933594,0.0016088421689346433,0.5013781521630347,44,0.11363636363636363,52,1.2307692307692308,343,0,27,0
0.2,10,0.7037037037037037,27,1.4324324324324325,37,1.2857142857142858,21,-1.0,0,16.868032455444336,0.0005206182831898332,0.3442352390690517,18,0.0,17,1.0,343,0,27,1
0.6571428571428571,35,0.9583333333333334,24,0.0,1,0.5,2,-1.0,0,35.84830856323242,0.0011064292630180717,0.331401498504087,39,0.0,36,1.2777777777777777,343,0,27,2
0.5666666666666667,60,0.9310344827586207,58,0.6666666666666666,24,0.9245283018867925,53,0.6666666666666666,15,50.18592834472656,0.0015489483484998345,0.4810294982974069,53,0.1509433962264151,50,1.2,343,0,28,0
0.4666666666666667,15,0.9444444444444444,18,1.0,6,0.5,2,-1.0,0,16.818267822265625,0.0005190823576413095,0.13848526087580504,14,0.0,17,0.7058823529411765,343,0,28,1
0.5,32,0.9615384615384616,26,1.2,10,1.1666666666666667,42,0.0,1,34.71074295043945,0.001071319216862321,0.2554313137944758,31,0.03225806451612903,35,1.3142857142857143,343,0,28,2
0.5405405405405406,37,0.7454545454545455,55,0.5714285714285714,21,1.1590909090909092,44,0.75,8,51.11446762084961,0.001577607006765902,0.5184768058542076,63,0.07936507936507936,51,1.2745098039215685,343,0,29,0
0.2857142857142857,14,0.6,5,0.3333333333333333,3,1.6307692307692307,65,-1.0,0,16.841888427734375,0.0005198113503865898,0.3189846996730385,19,0.0,17,1.0,343,0,29,1
0.6923076923076923,52,0.5,14,1.1454545454545455,55,1.5274725274725274,91,1.462686567164179,67,34.51893615722656,0.0010653992649167776,0.19790183772933062,45,0.044444444444444446,35,1.3142857142857143,343,0,29,2
0.5,30,1.087719298245614,57,0.4666666666666667,15,1.3387096774193548,62,0.25,4,49.63175582885742,0.0015318442601710558,0.4285447572066642,38,0.15789473684210525,50,1.32,343,0,30,0
0.23529411764705882,17,1.2608695652173914,23,-1.0,0,1.5977011494252873,87,1.6864406779661016,118,16.59284019470215,0.0005121246795170009,0.37919193492092707,15,0.0,17,0.7647058823529411,343,0,30,1
0.2413793103448276,29,1.0,41,1.2156862745098038,51,-1.0,0,-1.0,0,34.5152587890625,0.0010652857599779963,0.18506911775385698,35,0.0,35,1.2571428571428571,343,0,30,2
0.6164383561643836,73,0.6521739130434783,23,1.3103448275862069,87,0.96,25,1.1978021978021978,91,50.620887756347656,0.001562373130582273,0.48505151157437576,66,0.09090909090909091,51,1.2941176470588236,343,0,31,0
0.0,8,0.8181818181818182,11,0.25,4,-1.0,0,-1.0,0,16.8927001953125,0.0005213796393945813,0.2812312928545466,24,0.0,17,0.8823529411764706,343,0,31,1
0.5,26,0.92,25,1.537313432835821,67,1.1777777777777778,45,1.6206896551724137,87,35.0806999206543,0.001082737697288394,0.324868599177362,35,0.02857142857142857,35,1.2857142857142858,343,0,31,2
0.3448275862068966,29,1.1645569620253164,79,1.263157894736842,57,0.8888888888888888,36,1.4268292682926829,82,48.39543533325195,0.0014936862280592322,0.422464423891989,54,0.12962962962962962,48,1.1666666666666667,343,0,32,0
0.6666666666666666,15,0.76,25,1.45,40,1.375,24,-1.0,0,16.48802375793457,0.0005088896141387522,0.29205509794988077,20,0.0,16,0.5,343,0,32,1
0.6388888888888888,36,0.7142857142857143,14,1.25,12,1.4,20,0.0,1,33.8007926940918,0.0010432343697175384,0.28755685413501114,36,0.0,34,1.2941176470588236,343,0,32,2
0.4375,32,1.1649484536082475,97,0.8723404255319149,47,0.6666666666666666,12,0.5714285714285714,7,49.077667236328125,0.001514742849394679,0.40204936683310016,46,0.17391304347826086,49,1.2448979591836735,343,0,33,0
0.3548387096774194,31,0.875,16,1.1333333333333333,15,1.0303030303030303,33,-1.0,0,16.617982864379883,0.0005129007040522993,0.28062070549659396,16,0.0,17,0.9411764705882353,343,0,33,1
0.5121951219512195,41,0.8636363636363636,22,1.2115384615384615,52,0.9285714285714286,14,0.0,1,34.1214599609375,0.001053131534717977,0.1520480875885607,30,0.0,34,1.1764705882352942,343,0,33,2
0.391304347826087,46,0.9375,48,1.2272727272727273,44,0.9166666666666666,24,0.9459459459459459,37,48.796417236328125,0.0015060622245073318,0.4125834197376739,52,0.11538461538461539,49,1.2653061224489797,343,0,34,0
0.6111111111111112,18,-1.0,0,1.4814814814814814,27,0.8,5,-1.0,0,16.564525604248047,0.000511250807903707,0.4780282482942888,12,0.0,17,1.0,343,0,34,1
0.39473684210526316,38,0.972972972972973,37,1.4,30,1.2647058823529411,34,0.2,5,33.95723342895508,0.0010480628116056323,0.17652282950801915,31,0.0,34,1.2058823529411764,343,0,34,2
0.5172413793103449,29,0.9803921568627451,51,0.6666666666666666,9,1.3085106382978724,94,0.4,10,49.900394439697266,0.0015401355922222137,0.43646881280191574,51,0.17647058823529413,50,1.22,343,0,35,0
0.2857142857142857,14,0.8823529411764706,17,0.0,2,-1.0,0,0.0,1,16.578683853149414,0.0005116877728141844,0.25267554338861314,18,0.05555555555555555,17,0.9411764705882353,343,0,35,1
0.48484848484848486,33,1.04,25,0.6666666666666666,3,1.4698795180722892,83,0.6538461538461539,26,34.488746643066406,0.0010644674766808748,0.21246952095334928,37,0.0,34,1.3235294117647058,343,0,35,2
NA,NA,NA,NA,NA,NA,NA,NA,NA,NA,305.1728820800781,0.009418915957212448,0.6951226794178,321,0.4984423676012461,305,1.1081967213114754,343,1,1,0
NA,NA,NA,NA,NA,NA,NA,NA,NA,NA,59.159523010253906,0.0018259112257510424,0.4794032016676088,48,0.20833333333333334,59,0.7627118644067796,343,1,1,1
NA,NA,NA,NA,NA,NA,NA,NA,NA,NA,100.73652648925781,0.003109151963144541,0.49147693574815854,107,0.16822429906542055,101,0.7920792079207921,343,1,1,2
NA,NA,NA,NA,NA,NA,NA,NA,NA,NA,245.35191345214844,0.007572589907795191,0.6543533365431625,227,0.4052863436123348,245,1.0775510204081633,343,1,2,0
NA,NA,NA,NA,NA,NA,NA,NA,NA,NA,38.933406829833984,0.0012016483815386891,0.44367377118421264,32,0.0625,39,0.7692307692307693,343,1,2,1
NA,NA,NA,NA,NA,NA,NA,NA,NA,NA,84.95008850097656,0.0026219163555651903,0.44212247085287587,79,0.1518987341772152,85,0.7529411764705882,343,1,2,2
NA,NA,NA,NA,NA,NA,NA,NA,NA,NA,203.794921875,0.006289966870099306,0.6212472081781499,194,0.32989690721649484,204,1.0049019607843137,343,1,3,0
NA,NA,NA,NA,NA,NA,NA,NA,NA,NA,31.843549728393555,0.000982825644314289,0.26134705529908514,34,0.058823529411764705,32,0.53125,343,1,3,1
NA,NA,NA,NA,NA,NA,NA,NA,NA,NA,66.14118194580078,0.002041394589468837,0.3438276421840948,68,0.029411764705882353,66,0.6363636363636364,343,1,3,2
NA,NA,NA,NA,NA,NA,NA,NA,NA,NA,172.79788208007812,0.005333268083631992,0.583237717600874,157,0.2356687898089172,173,0.9884393063583815,343,1,4,0
NA,NA,NA,NA,NA,NA,NA,NA,NA,NA,27.751956939697266,0.0008565418538637459,0.25955512987964224,23,0.0,28,0.5,343,1,4,1
NA,NA,NA,NA,NA,NA,NA,NA,NA,NA,63.05227279663086,0.0019460577750578523,0.33668223738045555,57,0.10526315789473684,63,0.7142857142857143,343,1,4,2
NA,NA,NA,NA,NA,NA,NA,NA,NA,NA,153.59339904785156,0.004740537144243717,0.5982198011871285,154,0.37012987012987014,154,1.0194805194805194,343,1,5,0
NA,NA,NA,NA,NA,NA,NA,NA,NA,NA,25.708986282348633,0.0007934872410260141,0.11419681791452506,19,0.0,26,0.5,343,1,5,1
NA,NA,NA,NA,NA,NA,NA,NA,NA,NA,58.219879150390625,0.0017969098407775164,0.30442399637365225,51,0.058823529411764705,58,0.6551724137931034,343,1,5,2
NA,NA,NA,NA,NA,NA,NA,NA,NA,NA,130.34658813476562,0.004023042973130941,0.5728871768733337,125,0.296,130,1.0,343,1,6,0
NA,NA,NA,NA,NA,NA,NA,NA,NA,NA,23.33709144592285,0.0007202805718407035,0.2195343854359772,23,0.0,23,0.391304347826087,343,1,6,1
NA,NA,NA,NA,NA,NA,NA,NA,NA,NA,50.225704193115234,0.0015501760644838214,0.29421560789821904,32,0.125,50,0.68,343,1,6,2
NA,NA,NA,NA,NA,NA,NA,NA,NA,NA,115.59925842285156,0.0035678783897310495,0.5860990917587482,120,0.3,116,1.0086206896551724,343,1,7,0
NA,NA,NA,NA,NA,NA,NA,NA,NA,NA,23.87106704711914,0.0007367613143287599,0.11794556783128249,19,0.0,24,0.5833333333333334,343,1,7,1
NA,NA,NA,NA,NA,NA,NA,NA,NA,NA,47.11104202270508,0.0014540444826707244,0.3095304293106108,41,0.024390243902439025,47,0.8297872340425532,343,1,7,2
NA,NA,NA,NA,NA,NA,NA,NA,NA,NA,113.32612609863281,0.0034977199975401163,0.6110399468374106,125,0.44,113,1.1061946902654867,343,1,8,0
NA,NA,NA,NA,NA,NA,NA,NA,NA,NA,21.759681701660156,0.0006715951021760702,0.2687012418302499,23,0.0,22,0.5454545454545454,343,1,8,1
NA,NA,NA,NA,NA,NA,NA,NA,NA,NA,47.19029998779297,0.0014564907178282738,0.3575938384030803,49,0.08163265306122448,47,0.7872340425531915,343,1,8,2
NA,NA,NA,NA,NA,NA,NA,NA,NA,NA,96.56834411621094,0.0029805044177919626,0.5526069064164992,104,0.2692307692307692,97,1.0515463917525774,343,1,9,0
NA,NA,NA,NA,NA,NA,NA,NA,NA,NA,19.02703857421875,0.0005872542969882488,0.4078682744748102,20,0.0,19,0.3684210526315789,343,1,9,1
NA,NA,NA,NA,NA,NA,NA,NA,NA,NA,42.620914459228516,0.0013154603075236082,0.24519740152923947,31,0.03225806451612903,43,0.8372093023255814,343,1,9,2
NA,NA,NA,NA,NA,NA,NA,NA,NA,NA,89.74028778076172,0.0027697619516402483,0.57329605844281,90,0.34444444444444444,90,1.2333333333333334,343,1,10,0
NA,NA,NA,NA,NA,NA,NA,NA,NA,NA,19.147418975830078,0.0005909697501920164,0.1891384604974097,28,0.0,19,0.5263157894736842,343,1,10,1
NA,NA,NA,NA,NA,NA,NA,NA,NA,NA,46.14077377319336,0.0014240979216992855,0.3707844351784254,51,0.0196078431372549,46,0.8913043478260869,343,1,10,2
NA,NA,NA,NA,NA,NA,NA,NA,NA,NA,86.29447937011719,0.0026634098030626774,0.600809816795267,86,0.2558139534883721,86,1.197674418604651,343,1,11,0
NA,NA,NA,NA,NA,NA,NA,NA,NA,NA,18.702312469482422,0.0005772318691015244,0.20954761437529054,29,0.0,19,0.5789473684210527,343,1,11,1
NA,NA,NA,NA,NA,NA,NA,NA,NA,NA,42.2610969543457,0.0013043548678979278,0.30367140178847546,37,0.08108108108108109,42,0.8095238095238095,343,1,11,2
NA,NA,NA,NA,NA,NA,NA,NA,NA,NA,76.67594909667969,0.002366541652008891,0.5460471624814901,82,0.24390243902439024,77,1.1428571428571428,343,1,12,0
NA,NA,NA,NA,NA,NA,NA,NA,NA,NA,18.14873504638672,0.0005601461161859334,0.22456029907204017,21,0.0,18,0.3888888888888889,343,1,12,1
NA,NA,NA,NA,NA,NA,NA,NA,NA,NA,40.712623596191406,0.001256562420167029,0.2618498578015655,35,0.02857142857142857,41,0.9024390243902439,343,1,12,2
NA,NA,NA,NA,NA,NA,NA,NA,NA,NA,75.37144470214844,0.002326279180124402,0.556382104882064,83,0.27710843373493976,75,1.12,343,1,13,0
NA,NA,NA,NA,NA,NA,NA,NA,NA,NA,17.81731605529785,0.0005499171675182879,0.3434227110300894,9,0.0,18,0.4444444444444444,343,1,13,1
NA,NA,NA,NA,NA,NA,NA,NA,NA,NA,39.13200378417969,0.001207777881063521,0.2680001823967956,42,0.0,39,0.8205128205128205,343,1,13,2
NA,NA,NA,NA,NA,NA,NA,NA,NA,NA,71.1351547241211,0.002195529406890273,0.5190857563829744,80,0.15,71,1.1549295774647887,343,1,14,0
NA,NA,NA,NA,NA,NA,NA,NA,NA,NA,18.088796615600586,0.0005582962185144424,0.09468812817613162,18,0.0,18,0.6111111111111112,343,1,14,1
NA,NA,NA,NA,NA,NA,NA,NA,NA,NA,38.31094741821289,0.0011824365938082337,0.24775903446396236,35,0.08571428571428572,38,0.9736842105263158,343,1,14,2
NA,NA,NA,NA,NA,NA,NA,NA,NA,NA,67.321044921875,0.002077810000628233,0.5094707049542808,80,0.25,67,1.1194029850746268,343,1,15,0
NA,NA,NA,NA,NA,NA,NA,NA,NA,NA,17.505380630493164,0.0005402895039878786,0.06717172234548079,14,0.0,18,0.4444444444444444,343,1,15,1
NA,NA,NA,NA,NA,NA,NA,NA,NA,NA,40.66169357299805,0.0012549905804917216,0.35042289366723706,38,0.05263157894736842,41,1.024390243902439,343,1,15,2
NA,NA,NA,NA,NA,NA,NA,NA,NA,NA,68.9193344116211,0.002127140061929822,0.5930980510945785,78,0.2948717948717949,69,1.1884057971014492,343,1,16,0
NA,NA,NA,NA,NA,NA,NA,NA,NA,NA,18.144298553466797,0.0005600092117674649,0.3627823696081522,12,0.0,18,0.7777777777777778,343,1,16,1
NA,NA,NA,NA,NA,NA,NA,NA,NA,NA,41.379642486572266,0.0012771494220942259,0.519737023108818,44,0.11363636363636363,41,0.975609756097561,343,1,16,2
NA,NA,NA,NA,NA,NA,NA,NA,NA,NA,61.64405822753906,0.0019025943474844098,0.4945071363862578,56,0.14285714285714285,62,1.1451612903225807,343,1,17,0
NA,NA,NA,NA,NA,NA,NA,NA,NA,NA,17.352821350097656,0.0005355809116736054,0.19353461750745768,19,0.0,17,0.47058823529411764,343,1,17,1
NA,NA,NA,NA,NA,NA,NA,NA,NA,NA,35.81835174560547,0.0011055046925321221,0.21371487620212193,29,0.0,36,0.9722222222222222,343,1,17,2
NA,NA,NA,NA,NA,NA,NA,NA,NA,NA,59.21622085571289,0.0018276611808687449,0.5580557177095864,59,0.15254237288135594,59,1.1694915254237288,343,1,18,0
NA,NA,NA,NA,NA,NA,NA,NA,NA,NA,17.232275009155273,0.0005318603361956775,0.3390456345200072,25,0.0,17,0.7058823529411765,343,1,18,1
NA,NA,NA,NA,NA,NA,NA,NA,NA,NA,35.29157638549805,0.0010892461286857724,0.21478499920939548,32,0.0,35,1.0,343,1,18,2
NA,NA,NA,NA,NA,NA,NA,NA,NA,NA,58.5553092956543,0.0018072626553475857,0.6278122845180721,47,0.2553191489361702,59,1.1694915254237288,343,1,19,0
NA,NA,NA,NA,NA,NA,NA,NA,NA,NA,18.141361236572266,0.0005599185824394226,0.29791883821891035,24,0.0,18,0.7777777777777778,343,1,19,1
NA,NA,NA,NA,NA,NA,NA,NA,NA,NA,35.77117919921875,0.0011040486861020327,0.3588971935860961,39,0.02564102564102564,36,0.9166666666666666,343,1,19,2
NA,NA,NA,NA,NA,NA,NA,NA,NA,NA,54.51607894897461,0.001682595000602305,0.5704574712132876,39,0.15384615384615385,55,1.0545454545454545,343,1,20,0
NA,NA,NA,NA,NA,NA,NA,NA,NA,NA,17.202951431274414,0.000530955265276134,0.20869028841703205,14,0.0,17,0.7058823529411765,343,1,20,1
NA,NA,NA,NA,NA,NA,NA,NA,NA,NA,34.42463684082031,0.0010624887654557824,0.18239449968733581,28,0.0,34,0.8529411764705882,343,1,20,2
NA,NA,NA,NA,NA,NA,NA,NA,NA,NA,54.642208099365234,0.0016864879289641976,0.6200297374736113,60,0.25,55,1.2,343,1,21,0
NA,NA,NA,NA,NA,NA,NA,NA,NA,NA,17.670074462890625,0.0005453726626001298,0.09557370950687798,12,0.0,18,0.9444444444444444,343,1,21,1
NA,NA,NA,NA,NA,NA,NA,NA,NA,NA,34.620765686035156,0.0010685421293601394,0.21903571586193107,36,0.0,35,0.9714285714285714,343,1,21,2
NA,NA,NA,NA,NA,NA,NA,NA,NA,NA,55.33018493652344,0.001707721734419465,0.6575331206329661,52,0.21153846153846154,55,1.309090909090909,343,1,22,0
NA,NA,NA,NA,NA,NA,NA,NA,NA,NA,17.379886627197266,0.0005364162498153746,0.3060725258951571,25,0.0,17,0.8823529411764706,343,1,22,1
NA,NA,NA,NA,NA,NA,NA,NA,NA,NA,35.0454216003418,0.0010816488647833467,0.3208005468930922,45,0.0,35,1.0571428571428572,343,1,22,2
NA,NA,NA,NA,NA,NA,NA,NA,NA,NA,53.642486572265625,0.0016556322807446122,0.5689918324616571,49,0.24489795918367346,54,1.2777777777777777,343,1,23,0
NA,NA,NA,NA,NA,NA,NA,NA,NA,NA,16.81940269470215,0.0005191173404455185,0.2756538815840144,12,0.0,17,0.9411764705882353,343,1,23,1
NA,NA,NA,NA,NA,NA,NA,NA,NA,NA,33.723236083984375,0.001040840637870133,0.18503988078134503,30,0.03333333333333333,34,1.1176470588235294,343,1,23,2
NA,NA,NA,NA,NA,NA,NA,NA,NA,NA,53.76052474975586,0.0016592754982411861,0.6275602386673865,53,0.18867924528301888,54,1.3703703703703705,343,1,24,0
NA,NA,NA,NA,NA,NA,NA,NA,NA,NA,16.910673141479492,0.0005219343584030867,0.3755958853190251,14,0.0,17,0.8823529411764706,343,1,24,1
NA,NA,NA,NA,NA,NA,NA,NA,NA,NA,34.77667999267578,0.0010733542731031775,0.15194195687607928,36,0.0,35,1.1142857142857143,343,1,24,2
NA,NA,NA,NA,NA,NA,NA,NA,NA,NA,55.8199462890625,0.0017228377982974052,0.6867650182764171,59,0.23728813559322035,56,1.4285714285714286,343,1,25,0
NA,NA,NA,NA,NA,NA,NA,NA,NA,NA,16.67135238647461,0.0005145479226484895,0.16963734890333473,12,0.0,17,0.6470588235294118,343,1,25,1
NA,NA,NA,NA,NA,NA,NA,NA,NA,NA,34.587562561035156,0.0010675173252820969,0.18081574551013643,46,0.043478260869565216,35,1.0857142857142856,343,1,25,2
NA,NA,NA,NA,NA,NA,NA,NA,NA,NA,50.82015609741211,0.00156852335203439,0.615961224127355,49,0.24489795918367346,51,1.3333333333333333,343,1,26,0
NA,NA,NA,NA,NA,NA,NA,NA,NA,NA,16.467016220092773,0.0005082412390038371,0.3003360318554176,20,0.0,16,0.9375,343,1,26,1
NA,NA,NA,NA,NA,NA,NA,NA,NA,NA,33.67583084106445,0.001039377530105412,0.27736685751067136,35,0.0,34,1.1470588235294117,343,1,26,2
NA,NA,NA,NA,NA,NA,NA,NA,NA,NA,51.55947494506836,0.0015913418028503656,0.6925660313374589,42,0.2619047619047619,52,1.3461538461538463,343,1,27,0
NA,NA,NA,NA,NA,NA,NA,NA,NA,NA,16.540485382080078,0.0005105088348500431,0.08533613017795161,13,0.0,17,0.6470588235294118,343,1,27,1
NA,NA,NA,NA,NA,NA,NA,NA,NA,NA,33.47639846801758,0.0010332221863791347,0.5080229806976151,28,0.0,33,1.0909090909090908,343,1,27,2
NA,NA,NA,NA,NA,NA,NA,NA,NA,NA,49.06467056274414,0.0015143416821956635,0.693983513068077,56,0.21428571428571427,49,1.3673469387755102,343,1,28,0
NA,NA,NA,NA,NA,NA,NA,NA,NA,NA,16.398235321044922,0.000506118347402662,0.17417317662159762,11,0.0,16,0.625,343,1,28,1
NA,NA,NA,NA,NA,NA,NA,NA,NA,NA,33.049076080322266,0.0010200332617387176,0.3983038975265474,23,0.0,33,1.0303030303030303,343,1,28,2
NA,NA,NA,NA,NA,NA,NA,NA,NA,NA,48.337467193603516,0.001491897157393396,0.6776495008079506,56,0.08928571428571429,48,1.3125,343,1,29,0
NA,NA,NA,NA,NA,NA,NA,NA,NA,NA,16.364948272705078,0.0005050909821875393,0.19594660271740572,10,0.0,16,0.625,343,1,29,1
NA,NA,NA,NA,NA,NA,NA,NA,NA,NA,32.989559173583984,0.0010181962279602885,0.44057722563238844,33,0.0,33,1.303030303030303,343,1,29,2
NA,NA,NA,NA,NA,NA,NA,NA,NA,NA,47.16557312011719,0.0014557276153936982,0.6651669157565979,38,0.07894736842105263,47,1.3404255319148937,343,1,30,0
NA,NA,NA,NA,NA,NA,NA,NA,NA,NA,16.327362060546875,0.0005039309035055339,0.2862739834511247,17,0.0,16,0.8125,343,1,30,1
NA,NA,NA,NA,NA,NA,NA,NA,NA,NA,32.95915603637695,0.0010172579204663634,0.18094448166764837,23,0.0,33,1.121212121212121,343,1,30,2
NA,NA,NA,NA,NA,NA,NA,NA,NA,NA,44.690528869628906,0.0013793372781947255,0.5875947157459475,39,0.07692307692307693,45,1.1333333333333333,343,1,31,0
NA,NA,NA,NA,NA,NA,NA,NA,NA,NA,16.29238510131836,0.0005028513842262328,0.20241709037987093,12,0.0,16,1.0,343,1,31,1
NA,NA,NA,NA,NA,NA,NA,NA,NA,NA,32.64567947387695,0.0010075826430693269,0.15594961428921278,33,0.0,33,1.0606060606060606,343,1,31,2
NA,NA,NA,NA,NA,NA,NA,NA,NA,NA,44.65348434448242,0.0013781939633190632,0.5489135212698966,38,0.10526315789473684,45,1.3777777777777778,343,1,32,0
NA,NA,NA,NA,NA,NA,NA,NA,NA,NA,16.312904357910156,0.0005034846835769713,0.24094498767089662,14,0.0,16,0.5625,343,1,32,1
NA,NA,NA,NA,NA,NA,NA,NA,NA,NA,32.56640625,0.0010051359422504902,0.1782126027269495,37,0.0,33,1.0303030303030303,343,1,32,2
NA,NA,NA,NA,NA,NA,NA,NA,NA,NA,44.64990234375,0.0013780833687633276,0.617059563984069,36,0.05555555555555555,45,1.3555555555555556,343,1,33,0
NA,NA,NA,NA,NA,NA,NA,NA,NA,NA,16.31201171875,0.0005034571513533592,0.28246485121047377,13,0.0,16,0.625,343,1,33,1
NA,NA,NA,NA,NA,NA,NA,NA,NA,NA,32.97352981567383,0.0010177015792578459,0.18506252491306724,32,0.0,33,1.0,343,1,33,2
NA,NA,NA,NA,NA,NA,NA,NA,NA,NA,42.987056732177734,0.0013267609756439924,0.5345747790508372,49,0.08163265306122448,43,1.3255813953488371,343,1,34,0
NA,NA,NA,NA,NA,NA,NA,NA,NA,NA,16.270307540893555,0.0005021700053475797,0.171219470727263,13,0.0,16,0.6875,343,1,34,1
NA,NA,NA,NA,NA,NA,NA,NA,NA,NA,32.510833740234375,0.001003420795314014,0.2557856311276639,41,0.0,33,1.0,343,1,34,2
NA,NA,NA,NA,NA,NA,NA,NA,NA,NA,43.286190032958984,0.0013359935255721211,0.55827804923484,37,0.08108108108108109,43,1.302325581395349,343,1,35,0
NA,NA,NA,NA,NA,NA,NA,NA,NA,NA,16.319900512695312,0.0005037006339989603,0.24980961471001534,14,0.0,16,0.4375,343,1,35,1
NA,NA,NA,NA,NA,NA,NA,NA,NA,NA,33.09619903564453,0.0010214876383543015,0.20482945674160394,35,0.0,33,0.9393939393939394,343,1,35,2
NA,NA,NA,NA,NA,NA,NA,NA,NA,NA,284.9160461425781,0.008793705143034458,0.6456355240279029,297,0.43097643097643096,285,1.0350877192982457,343,2,1,0
NA,NA,NA,NA,NA,NA,NA,NA,NA,NA,48.718929290771484,0.0015036707045510411,0.49536282271282617,45,0.13333333333333333,49,0.6938775510204082,343,2,1,1
NA,NA,NA,NA,NA,NA,NA,NA,NA,NA,108.33073425292969,0.0033435411751270294,0.5190596553926119,95,0.23157894736842105,108,0.7037037037037037,343,2,1,2
NA,NA,NA,NA,NA,NA,NA,NA,NA,NA,234.1674041748047,0.007227389141917229,0.592424295719869,236,0.3474576271186441,234,0.9401709401709402,343,2,2,0
NA,NA,NA,NA,NA,NA,NA,NA,NA,NA,39.36521911621094,0.0012149759568274021,0.5402972781112692,39,0.20512820512820512,39,0.6923076923076923,343,2,2,1
NA,NA,NA,NA,NA,NA,NA,NA,NA,NA,86.3846435546875,0.0026661925949156284,0.4986716674928173,97,0.21649484536082475,86,0.7906976744186046,343,2,2,2
NA,NA,NA,NA,NA,NA,NA,NA,NA,NA,194.22804260253906,0.005994692444801331,0.5717110080662634,190,0.28421052631578947,194,0.8917525773195877,343,2,3,0
NA,NA,NA,NA,NA,NA,NA,NA,NA,NA,30.585317611694336,0.000943991297390312,0.3363184334327734,35,0.02857142857142857,31,0.5161290322580645,343,2,3,1
NA,NA,NA,NA,NA,NA,NA,NA,NA,NA,68.30786895751953,0.0021082675084471703,0.33265251376315397,67,0.05970149253731343,68,0.7058823529411765,343,2,3,2
NA,NA,NA,NA,NA,NA,NA,NA,NA,NA,167.27467346191406,0.005162798333913088,0.4836562661410495,168,0.3273809523809524,167,0.8682634730538922,343,2,4,0
NA,NA,NA,NA,NA,NA,NA,NA,NA,NA,29.50484275817871,0.0009106433135457337,0.35051930262319514,35,0.02857142857142857,30,0.5666666666666667,343,2,4,1
NA,NA,NA,NA,NA,NA,NA,NA,NA,NA,61.68980026245117,0.0019040062325075269,0.30866136569600555,72,0.08333333333333333,62,0.5483870967741935,343,2,4,2
NA,NA,NA,NA,NA,NA,NA,NA,NA,NA,141.58714294433594,0.004369973670691252,0.44956241278843107,155,0.17419354838709677,142,0.8380281690140845,343,2,5,0
NA,NA,NA,NA,NA,NA,NA,NA,NA,NA,27.707534790039062,0.0008551708306185901,0.4193672255313922,38,0.13157894736842105,28,0.5,343,2,5,1
NA,NA,NA,NA,NA,NA,NA,NA,NA,NA,55.6285285949707,0.0017169298371300101,0.36499852306139097,49,0.08163265306122448,56,0.5714285714285714,343,2,5,2
NA,NA,NA,NA,NA,NA,NA,NA,NA,NA,124.1751708984375,0.0038325670175254345,0.4725880215901335,119,0.19327731092436976,124,0.9758064516129032,343,2,6,0
NA,NA,NA,NA,NA,NA,NA,NA,NA,NA,25.830127716064453,0.0007972261519171298,0.3425691121352873,18,0.1111111111111111,26,0.6538461538461539,343,2,6,1
NA,NA,NA,NA,NA,NA,NA,NA,NA,NA,54.43999099731445,0.001680246670730412,0.3279108265676642,60,0.15,54,0.7037037037037037,343,2,6,2
NA,NA,NA,NA,NA,NA,NA,NA,NA,NA,108.4504165649414,0.003347235033288598,0.47113760458762116,100,0.2,108,0.9259259259259259,343,2,7,0
NA,NA,NA,NA,NA,NA,NA,NA,NA,NA,24.801109313964844,0.0007654663641005754,0.5050608832976239,25,0.08,25,0.72,343,2,7,1
NA,NA,NA,NA,NA,NA,NA,NA,NA,NA,49.02320861816406,0.0015130620449781418,0.3561387835667863,46,0.06521739130434782,49,0.7142857142857143,343,2,7,2
NA,NA,NA,NA,NA,NA,NA,NA,NA,NA,99.37364196777344,0.0030670876149088144,0.422924624387933,93,0.0967741935483871,99,0.898989898989899,343,2,8,0
NA,NA,NA,NA,NA,NA,NA,NA,NA,NA,24.181640625,0.0007463469519279897,0.34006060938532806,22,0.045454545454545456,24,0.875,343,2,8,1
NA,NA,NA,NA,NA,NA,NA,NA,NA,NA,47.1710205078125,0.0014558957191184163,0.20527405677202232,59,0.05084745762711865,47,0.7021276595744681,343,2,8,2
NA,NA,NA,NA,NA,NA,NA,NA,NA,NA,88.6723861694336,0.002736801980063319,0.39567375318262116,96,0.13541666666666666,89,0.8202247191011236,343,2,9,0
NA,NA,NA,NA,NA,NA,NA,NA,NA,NA,24.34791374206543,0.0007514788303524256,0.3212489336609556,26,0.0,24,0.875,343,2,9,1
NA,NA,NA,NA,NA,NA,NA,NA,NA,NA,44.91762924194336,0.0013863465283066034,0.17424206068103254,41,0.024390243902439025,45,0.6666666666666666,343,2,9,2
NA,NA,NA,NA,NA,NA,NA,NA,NA,NA,84.20120239257812,0.0025988025590777397,0.46025412265741417,85,0.16470588235294117,84,0.9404761904761905,343,2,10,0
NA,NA,NA,NA,NA,NA,NA,NA,NA,NA,25.413578033447266,0.0007843697094358504,0.44618788966499745,28,0.07142857142857142,25,1.04,343,2,10,1
NA,NA,NA,NA,NA,NA,NA,NA,NA,NA,42.2298469543457,0.0013033903669565916,0.285448671999049,46,0.021739130434782608,42,0.6904761904761905,343,2,10,2
NA,NA,NA,NA,NA,NA,NA,NA,NA,NA,77.64633178710938,0.0023964918218553066,0.44490115748632625,85,0.10588235294117647,78,0.8974358974358975,343,2,11,0
NA,NA,NA,NA,NA,NA,NA,NA,NA,NA,19.83863067626953,0.0006123034399934113,0.25834360184083766,22,0.0,20,0.75,343,2,11,1
NA,NA,NA,NA,NA,NA,NA,NA,NA,NA,38.973182678222656,0.0012028759811073542,0.17426689534087286,44,0.022727272727272728,39,0.6666666666666666,343,2,11,2
NA,NA,NA,NA,NA,NA,NA,NA,NA,NA,68.92744445800781,0.00212739035487175,0.43293986890257724,69,0.17391304347826086,69,0.9420289855072463,343,2,12,0
NA,NA,NA,NA,NA,NA,NA,NA,NA,NA,18.484710693359375,0.0005705157527700067,0.3112610419744023,21,0.0,18,0.7777777777777778,343,2,12,1
NA,NA,NA,NA,NA,NA,NA,NA,NA,NA,36.637081146240234,0.001130774151533842,0.155462406266048,34,0.0,37,0.7027027027027027,343,2,12,2
NA,NA,NA,NA,NA,NA,NA,NA,NA,NA,63.01984405517578,0.0019450569525361061,0.4254552004676778,54,0.14814814814814814,63,0.9047619047619048,343,2,13,0
NA,NA,NA,NA,NA,NA,NA,NA,NA,NA,17.74330711364746,0.0005476329242810607,0.34717739960425287,15,0.0,18,0.7222222222222222,343,2,13,1
NA,NA,NA,NA,NA,NA,NA,NA,NA,NA,35.925865173339844,0.001108822994865477,0.10739644048180147,36,0.027777777777777776,36,0.75,343,2,13,2
NA,NA,NA,NA,NA,NA,NA,NA,NA,NA,56.339515686035156,0.0017388738924637437,0.3789867722739157,61,0.21311475409836064,56,0.875,343,2,14,0
NA,NA,NA,NA,NA,NA,NA,NA,NA,NA,17.14711570739746,0.0005292319692671299,0.4139282941036111,19,0.0,17,0.5882352941176471,343,2,14,1
NA,NA,NA,NA,NA,NA,NA,NA,NA,NA,35.44350814819336,0.0010939354542642832,0.17835630298575933,30,0.0,35,0.8285714285714286,343,2,14,2
NA,NA,NA,NA,NA,NA,NA,NA,NA,NA,53.290565490722656,0.0016447704983875155,0.34517977270045386,59,0.0847457627118644,53,0.9622641509433962,343,2,15,0
NA,NA,NA,NA,NA,NA,NA,NA,NA,NA,16.964994430541992,0.0005236109136603773,0.2299684711043764,19,0.0,17,0.35294117647058826,343,2,15,1
NA,NA,NA,NA,NA,NA,NA,NA,NA,NA,35.038448333740234,0.0010814336128532887,0.28060790640462413,32,0.0,35,0.9142857142857143,343,2,15,2
NA,NA,NA,NA,NA,NA,NA,NA,NA,NA,53.588417053222656,0.001653963467106223,0.4674092994936647,54,0.2222222222222222,54,1.0555555555555556,343,2,16,0
NA,NA,NA,NA,NA,NA,NA,NA,NA,NA,16.69183349609375,0.0005151800578460097,0.2866828276014809,16,0.0,17,0.5882352941176471,343,2,16,1
NA,NA,NA,NA,NA,NA,NA,NA,NA,NA,35.69684600830078,0.0011017544893547893,0.24444272308713216,39,0.02564102564102564,36,1.0833333333333333,343,2,16,2
NA,NA,NA,NA,NA,NA,NA,NA,NA,NA,57.91200637817383,0.0017874075565487146,0.6237460357929641,62,0.25806451612903225,58,1.1724137931034482,343,2,17,0
NA,NA,NA,NA,NA,NA,NA,NA,NA,NA,17.16890525817871,0.0005299045005813241,0.3077963377947478,21,0.0,17,1.0,343,2,17,1
NA,NA,NA,NA,NA,NA,NA,NA,NA,NA,35.98273468017578,0.0011105781886726618,0.3869754909730202,30,0.13333333333333333,36,1.0833333333333333,343,2,17,2
NA,NA,NA,NA,NA,NA,NA,NA,NA,NA,55.48469161987305,0.0017124904552474618,0.5498524449499181,59,0.1694915254237288,55,1.1636363636363636,343,2,18,0
NA,NA,NA,NA,NA,NA,NA,NA,NA,NA,17.199419021606445,0.0005308462423272431,0.35661205239417004,23,0.0,17,0.6470588235294118,343,2,18,1
NA,NA,NA,NA,NA,NA,NA,NA,NA,NA,35.52362823486328,0.001096408232115209,0.37776667111216505,38,0.0,36,1.0555555555555556,343,2,18,2
NA,NA,NA,NA,NA,NA,NA,NA,NA,NA,54.61711120605469,0.0016857133014127612,0.5350645213064091,53,0.20754716981132076,55,1.2181818181818183,343,2,19,0
NA,NA,NA,NA,NA,NA,NA,NA,NA,NA,16.59303855895996,0.0005121307913213968,0.2232608740527981,16,0.0,17,0.7058823529411765,343,2,19,1
NA,NA,NA,NA,NA,NA,NA,NA,NA,NA,38.481388092041016,0.0011876971693709493,0.6326222853773621,40,0.1,38,1.105263157894737,343,2,19,2
NA,NA,NA,NA,NA,NA,NA,NA,NA,NA,54.00281524658203,0.0016667535528540611,0.5151325666257189,55,0.2,54,1.1666666666666667,343,2,20,0
NA,NA,NA,NA,NA,NA,NA,NA,NA,NA,16.687461853027344,0.0005150451324880123,0.0945070288663676,14,0.0,17,0.5294117647058824,343,2,20,1
NA,NA,NA,NA,NA,NA,NA,NA,NA,NA,35.019439697265625,0.001080846879631281,0.18659067745656988,28,0.03571428571428571,35,1.1428571428571428,343,2,20,2
NA,NA,NA,NA,NA,NA,NA,NA,NA,NA,51.56391906738281,0.0015914789400994778,0.4465272416454425,46,0.21739130434782608,52,1.1538461538461537,343,2,21,0
NA,NA,NA,NA,NA,NA,NA,NA,NA,NA,16.463735580444336,0.0005081400158815086,0.1479618743030996,12,0.0,16,0.8125,343,2,21,1
NA,NA,NA,NA,NA,NA,NA,NA,NA,NA,36.99232482910156,0.0011417383793741465,0.22655865022892327,25,0.08,37,1.2162162162162162,343,2,21,2
NA,NA,NA,NA,NA,NA,NA,NA,NA,NA,50.749908447265625,0.0015663552330806851,0.4622202081422427,49,0.08163265306122448,51,1.0784313725490196,343,2,22,0
NA,NA,NA,NA,NA,NA,NA,NA,NA,NA,16.694974899291992,0.0005152770318090916,0.3257711209166481,10,0.0,17,0.7058823529411765,343,2,22,1
NA,NA,NA,NA,NA,NA,NA,NA,NA,NA,35.156028747558594,0.0010850626276805997,0.10932914527965802,38,0.0,35,1.2571428571428571,343,2,22,2
NA,NA,NA,NA,NA,NA,NA,NA,NA,NA,51.14529037475586,0.0015785583527758718,0.5139583845820195,50,0.14,51,1.2352941176470589,343,2,23,0
NA,NA,NA,NA,NA,NA,NA,NA,NA,NA,16.723127365112305,0.0005161458975635469,0.20628068824047704,18,0.0,17,0.7647058823529411,343,2,23,1
NA,NA,NA,NA,NA,NA,NA,NA,NA,NA,34.181148529052734,0.0010549736907705665,0.17366973344469394,39,0.0,34,1.2647058823529411,343,2,23,2
NA,NA,NA,NA,NA,NA,NA,NA,NA,NA,51.67383575439453,0.0015948715154081583,0.5608612530937537,39,0.23076923076923078,52,1.1730769230769231,343,2,24,0
NA,NA,NA,NA,NA,NA,NA,NA,NA,NA,16.589021682739258,0.0005120068672113121,0.33748796843533857,15,0.0,17,0.5882352941176471,343,2,24,1
NA,NA,NA,NA,NA,NA,NA,NA,NA,NA,34.156272888183594,0.0010542059317231178,0.292158590667578,37,0.02702702702702703,34,1.2941176470588236,343,2,24,2
NA,NA,NA,NA,NA,NA,NA,NA,NA,NA,50.613948822021484,0.0015621589263901114,0.5132140179129991,61,0.14754098360655737,51,1.1372549019607843,343,2,25,0
NA,NA,NA,NA,NA,NA,NA,NA,NA,NA,16.662456512451172,0.0005142733571119606,0.38632477892133077,16,0.0,17,1.0,343,2,25,1
NA,NA,NA,NA,NA,NA,NA,NA,NA,NA,34.062355041503906,0.001051307306624949,0.37947935883515926,32,0.0,34,1.2058823529411764,343,2,25,2
NA,NA,NA,NA,NA,NA,NA,NA,NA,NA,47.35151672363281,0.0014614665415138006,0.5823542544160374,46,0.13043478260869565,47,1.0425531914893618,343,2,26,0
NA,NA,NA,NA,NA,NA,NA,NA,NA,NA,16.45792579650879,0.0005079606780782342,0.4380599449489714,11,0.0,16,0.875,343,2,26,1
NA,NA,NA,NA,NA,NA,NA,NA,NA,NA,33.0963020324707,0.0010214907815679908,0.1806902825229408,34,0.0,33,1.1818181818181819,343,2,26,2
NA,NA,NA,NA,NA,NA,NA,NA,NA,NA,45.86977767944336,0.0014157338300719857,0.6248805970135842,46,0.06521739130434782,46,1.0217391304347827,343,2,27,0
NA,NA,NA,NA,NA,NA,NA,NA,NA,NA,16.49177360534668,0.0005090053309686482,0.309177572648833,16,0.0,16,1.0,343,2,27,1
NA,NA,NA,NA,NA,NA,NA,NA,NA,NA,33.09566116333008,0.0010214709909632802,0.15717590090120284,35,0.0,33,1.1515151515151516,343,2,27,2
NA,NA,NA,NA,NA,NA,NA,NA,NA,NA,47.46668243408203,0.0014650210505351424,0.6937185370758195,43,0.11627906976744186,47,1.2340425531914894,343,2,28,0
NA,NA,NA,NA,NA,NA,NA,NA,NA,NA,16.45163345336914,0.000507766439113766,0.40613923567609533,21,0.0,16,1.0,343,2,28,1
NA,NA,NA,NA,NA,NA,NA,NA,NA,NA,33.73558807373047,0.0010412218980491161,0.43747999730593773,28,0.0,34,1.1470588235294117,343,2,28,2
NA,NA,NA,NA,NA,NA,NA,NA,NA,NA,46.162532806396484,0.001424769521690905,0.6855034466294813,54,0.12962962962962962,46,1.2391304347826086,343,2,29,0
NA,NA,NA,NA,NA,NA,NA,NA,NA,NA,16.342193603515625,0.0005043887067586184,0.1629608173455208,9,0.0,16,1.0,343,2,29,1
NA,NA,NA,NA,NA,NA,NA,NA,NA,NA,33.648258209228516,0.0010385265341028571,0.5523869041226523,31,0.03225806451612903,34,1.1176470588235294,343,2,29,2
NA,NA,NA,NA,NA,NA,NA,NA,NA,NA,45.86371612548828,0.0014155467506498098,0.6566051124964053,41,0.1951219512195122,46,1.2608695652173914,343,2,30,0
NA,NA,NA,NA,NA,NA,NA,NA,NA,NA,16.65264892578125,0.0005139706190675497,0.22686773208997832,20,0.0,17,0.6470588235294118,343,2,30,1
NA,NA,NA,NA,NA,NA,NA,NA,NA,NA,34.457672119140625,0.0010635084472596645,0.3966786046395983,34,0.0,34,1.1470588235294117,343,2,30,2
NA,NA,NA,NA,NA,NA,NA,NA,NA,NA,45.880558013916016,0.001416066661477089,0.6747273700360952,46,0.13043478260869565,46,1.1304347826086956,343,2,31,0
NA,NA,NA,NA,NA,NA,NA,NA,NA,NA,16.534324645996094,0.0005103186704218388,0.34882909882869206,19,0.0,17,0.8235294117647058,343,2,31,1
NA,NA,NA,NA,NA,NA,NA,NA,NA,NA,33.90459060668945,0.0010464380029588938,0.38338374681035237,41,0.04878048780487805,34,1.1470588235294117,343,2,31,2
NA,NA,NA,NA,NA,NA,NA,NA,NA,NA,44.302635192871094,0.0013673652429133654,0.6461650421516675,45,0.08888888888888889,44,1.0909090909090908,343,2,32,0
NA,NA,NA,NA,NA,NA,NA,NA,NA,NA,16.330181121826172,0.0005040179239585996,0.17944179622017245,9,0.0,16,0.75,343,2,32,1
NA,NA,NA,NA,NA,NA,NA,NA,NA,NA,33.65840148925781,0.0010388395749032497,0.2208812291338005,30,0.03333333333333333,34,1.088235294117647,343,2,32,2
NA,NA,NA,NA,NA,NA,NA,NA,NA,NA,48.21577453613281,0.0014881411334499717,0.7350580878714847,50,0.18,48,1.3125,343,2,33,0
NA,NA,NA,NA,NA,NA,NA,NA,NA,NA,16.481109619140625,0.0005086762248538435,0.11661314816177208,12,0.0,16,0.875,343,2,33,1
NA,NA,NA,NA,NA,NA,NA,NA,NA,NA,35.65983200073242,0.0011006121058017015,0.524568128927488,41,0.0975609756097561,36,1.1666666666666667,343,2,33,2
NA,NA,NA,NA,NA,NA,NA,NA,NA,NA,43.07963180541992,0.0013296182733029127,0.5091012116746904,47,0.06382978723404255,43,1.0465116279069768,343,2,34,0
NA,NA,NA,NA,NA,NA,NA,NA,NA,NA,16.230810165405273,0.0005009509040974081,0.3109344364338233,11,0.0,16,1.125,343,2,34,1
NA,NA,NA,NA,NA,NA,NA,NA,NA,NA,33.08100891113281,0.0010210188338533044,0.5223825702162445,28,0.0,33,1.121212121212121,343,2,34,2
NA,NA,NA,NA,NA,NA,NA,NA,NA,NA,41.88735580444336,0.0012928196229040623,0.4681274350106833,45,0.022222222222222223,42,1.0238095238095237,343,2,35,0
NA,NA,NA,NA,NA,NA,NA,NA,NA,NA,16.203489303588867,0.0005001077079214156,0.2718805094596524,15,0.0,16,1.0,343,2,35,1
NA,NA,NA,NA,NA,NA,NA,NA,NA,NA,32.647239685058594,0.0010076308390125632,0.47142748143669694,41,0.0,33,1.1515151515151516,343,2,35,2
NA,NA,NA,NA,NA,NA,NA,NA,NA,NA,292.8790283203125,0.00903947651386261,0.6809243473617195,291,0.4020618556701031,293,1.075085324232082,343,3,1,0
NA,NA,NA,NA,NA,NA,NA,NA,NA,NA,50.149662017822266,0.0015478291315957904,0.4783328912368622,55,0.2545454545454545,50,0.76,343,3,1,1
NA,NA,NA,NA,NA,NA,NA,NA,NA,NA,105.04458618164062,0.0032421168871223927,0.4695690919775996,96,0.2916666666666667,105,0.7619047619047619,343,3,1,2
NA,NA,NA,NA,NA,NA,NA,NA,NA,NA,240.17013549804688,0.007412658538669348,0.6525621644383236,253,0.40711462450592883,240,1.0875,343,3,2,0
NA,NA,NA,NA,NA,NA,NA,NA,NA,NA,37.01758575439453,0.0011425181291997433,0.3091930292188755,33,0.0,37,0.35135135135135137,343,3,2,1
NA,NA,NA,NA,NA,NA,NA,NA,NA,NA,81.71427917480469,0.002522045746445656,0.381605830072149,76,0.13157894736842105,82,0.7439024390243902,343,3,2,2
NA,NA,NA,NA,NA,NA,NA,NA,NA,NA,198.39317321777344,0.006123246159404516,0.5889252992232069,211,0.3127962085308057,198,1.0,343,3,3,0
NA,NA,NA,NA,NA,NA,NA,NA,NA,NA,30.49070930480957,0.000941071251872927,0.2524997445819723,31,0.06451612903225806,30,0.3,343,3,3,1
NA,NA,NA,NA,NA,NA,NA,NA,NA,NA,63.3536262512207,0.0019553587771952152,0.33464591308117997,62,0.08064516129032258,63,0.5238095238095238,343,3,3,2
NA,NA,NA,NA,NA,NA,NA,NA,NA,NA,163.1781768798828,0.005036363378167152,0.5658170007036153,154,0.2922077922077922,163,0.9815950920245399,343,3,4,0
NA,NA,NA,NA,NA,NA,NA,NA,NA,NA,26.352447509765625,0.000813347171060741,0.13769507710254134,28,0.0,26,0.23076923076923078,343,3,4,1
NA,NA,NA,NA,NA,NA,NA,NA,NA,NA,55.76102066040039,0.0017210191581398249,0.25812613904350146,58,0.017241379310344827,56,0.4107142857142857,343,3,4,2
NA,NA,NA,NA,NA,NA,NA,NA,NA,NA,135.14700317382812,0.004171203821897507,0.49803677919260897,125,0.304,135,0.9111111111111111,343,3,5,0
NA,NA,NA,NA,NA,NA,NA,NA,NA,NA,23.59090232849121,0.0007281142752617598,0.15353523939374733,24,0.0,24,0.20833333333333334,343,3,5,1
NA,NA,NA,NA,NA,NA,NA,NA,NA,NA,54.27549743652344,0.0016751696821302176,0.37607263832225063,53,0.05660377358490566,54,0.6111111111111112,343,3,5,2
NA,NA,NA,NA,NA,NA,NA,NA,NA,NA,117.64950561523438,0.0036311575677245855,0.46949489350323587,112,0.23214285714285715,118,0.923728813559322,343,3,6,0
NA,NA,NA,NA,NA,NA,NA,NA,NA,NA,22.64318084716797,0.0006988635868765414,0.258217756413317,24,0.0,23,0.4782608695652174,343,3,6,1
NA,NA,NA,NA,NA,NA,NA,NA,NA,NA,47.04706954956055,0.0014520700788125396,0.24819130217262356,49,0.04081632653061224,47,0.5319148936170213,343,3,6,2
NA,NA,NA,NA,NA,NA,NA,NA,NA,NA,99.48684692382812,0.003070581704378128,0.43293255332822644,100,0.16,99,0.9090909090909091,343,3,7,0
NA,NA,NA,NA,NA,NA,NA,NA,NA,NA,19.979511260986328,0.0006166516104713082,0.5499491938139578,12,0.0,20,0.15,343,3,7,1
NA,NA,NA,NA,NA,NA,NA,NA,NA,NA,45.64502716064453,0.001408797106705606,0.3458424485226769,44,0.022727272727272728,46,0.717391304347826,343,3,7,2
NA,NA,NA,NA,NA,NA,NA,NA,NA,NA,89.03472900390625,0.0027479855343699455,0.42963116706069776,84,0.14285714285714285,89,0.8876404494382022,343,3,8,0
NA,NA,NA,NA,NA,NA,NA,NA,NA,NA,19.823904037475586,0.000611848896369338,0.15085838487641906,20,0.0,20,0.35,343,3,8,1
NA,NA,NA,NA,NA,NA,NA,NA,NA,NA,43.63043212890625,0.0013466182863339782,0.224902395148971,44,0.06818181818181818,44,0.5681818181818182,343,3,8,2
NA,NA,NA,NA,NA,NA,NA,NA,NA,NA,82.67123413085938,0.002551581244915724,0.4236466560899584,77,0.16883116883116883,83,0.891566265060241,343,3,9,0
NA,NA,NA,NA,NA,NA,NA,NA,NA,NA,19.063011169433594,0.0005883645499125123,0.572667196454244,17,0.0,19,0.3684210526315789,343,3,9,1
NA,NA,NA,NA,NA,NA,NA,NA,NA,NA,41.049468994140625,0.0012669588904827833,0.2183133885521887,42,0.0,41,0.5853658536585366,343,3,9,2
NA,NA,NA,NA,NA,NA,NA,NA,NA,NA,72.78946685791016,0.0022465884685516357,0.4331306930766036,78,0.1282051282051282,73,1.0547945205479452,343,3,10,0
NA,NA,NA,NA,NA,NA,NA,NA,NA,NA,18.521114349365234,0.0005716393352486193,0.24894234686986086,10,0.0,19,0.3684210526315789,343,3,10,1
NA,NA,NA,NA,NA,NA,NA,NA,NA,NA,39.727088928222656,0.0012261447263881564,0.22046879488164797,39,0.0,40,0.85,343,3,10,2
NA,NA,NA,NA,NA,NA,NA,NA,NA,NA,67.28866577148438,0.0020768106915056705,0.4032217895674701,62,0.04838709677419355,67,0.9253731343283582,343,3,11,0
NA,NA,NA,NA,NA,NA,NA,NA,NA,NA,18.142343521118164,0.0005599488504230976,0.34776434798884315,21,0.0,18,0.4444444444444444,343,3,11,1
NA,NA,NA,NA,NA,NA,NA,NA,NA,NA,39.627967834472656,0.0012230854481458664,0.24754014508335143,38,0.05263157894736842,40,0.8,343,3,11,2
NA,NA,NA,NA,NA,NA,NA,NA,NA,NA,61.77849578857422,0.0019067437388002872,0.4188252537025373,75,0.13333333333333333,62,0.8548387096774194,343,3,12,0
NA,NA,NA,NA,NA,NA,NA,NA,NA,NA,17.89399528503418,0.0005522838328033686,0.25490486809278506,17,0.0,18,0.3888888888888889,343,3,12,1
NA,NA,NA,NA,NA,NA,NA,NA,NA,NA,38.31022644042969,0.0011824143584817648,0.14103661539797782,40,0.075,38,0.868421052631579,343,3,12,2
NA,NA,NA,NA,NA,NA,NA,NA,NA,NA,57.643165588378906,0.0017791100544854999,0.3983700825519699,51,0.1568627450980392,58,0.8620689655172413,343,3,13,0
NA,NA,NA,NA,NA,NA,NA,NA,NA,NA,17.34440040588379,0.0005353210144676268,0.24273083726368827,14,0.0,17,0.35294117647058826,343,3,13,1
NA,NA,NA,NA,NA,NA,NA,NA,NA,NA,37.521968841552734,0.0011580854188650846,0.09991328552534166,30,0.0,38,1.131578947368421,343,3,13,2
NA,NA,NA,NA,NA,NA,NA,NA,NA,NA,51.86540222167969,0.0016007840167731047,0.3012041438846833,61,0.01639344262295082,52,0.8076923076923077,343,3,14,0
NA,NA,NA,NA,NA,NA,NA,NA,NA,NA,17.15721321105957,0.0005295436130836606,0.2948765573184022,17,0.0,17,0.5294117647058824,343,3,14,1
NA,NA,NA,NA,NA,NA,NA,NA,NA,NA,35.5869140625,0.0010983615648001432,0.06962087899951476,30,0.0,36,1.0833333333333333,343,3,14,2
NA,NA,NA,NA,NA,NA,NA,NA,NA,NA,49.008018493652344,0.0015125931240618229,0.2545234191794579,56,0.017857142857142856,49,0.8775510204081632,343,3,15,0
NA,NA,NA,NA,NA,NA,NA,NA,NA,NA,17.92784309387207,0.0005533284856937826,0.11799118931330806,8,0.0,18,0.6666666666666666,343,3,15,1
NA,NA,NA,NA,NA,NA,NA,NA,NA,NA,34.87261962890625,0.0010763154132291675,0.07467650184626567,38,0.0,35,1.0857142857142856,343,3,15,2
NA,NA,NA,NA,NA,NA,NA,NA,NA,NA,45.773258209228516,0.0014127548784017563,0.22357446254787544,40,0.0,46,0.9347826086956522,343,3,16,0
NA,NA,NA,NA,NA,NA,NA,NA,NA,NA,16.725908279418945,0.0005162317538633943,0.388174153634378,18,0.0,17,0.5882352941176471,343,3,16,1
NA,NA,NA,NA,NA,NA,NA,NA,NA,NA,34.40140151977539,0.0010617716470733285,0.10361532888016398,31,0.03225806451612903,34,1.1764705882352942,343,3,16,2
NA,NA,NA,NA,NA,NA,NA,NA,NA,NA,44.748558044433594,0.001381128327921033,0.26968565657763893,44,0.0,45,1.0222222222222221,343,3,17,0
NA,NA,NA,NA,NA,NA,NA,NA,NA,NA,16.665945053100586,0.0005143810412846506,0.2062424270811632,18,0.0,17,0.47058823529411764,343,3,17,1
NA,NA,NA,NA,NA,NA,NA,NA,NA,NA,33.78371047973633,0.0010427071247249842,0.07674703575422372,48,0.0,34,1.0588235294117647,343,3,17,2
NA,NA,NA,NA,NA,NA,NA,NA,NA,NA,45.22075271606445,0.001395702245645225,0.3143569109180594,41,0.024390243902439025,45,1.0444444444444445,343,3,18,0
NA,NA,NA,NA,NA,NA,NA,NA,NA,NA,16.572416305541992,0.000511494348756969,0.16517477485442839,18,0.0,17,0.5294117647058824,343,3,18,1
NA,NA,NA,NA,NA,NA,NA,NA,NA,NA,33.988399505615234,0.0010490246349945664,0.08130155266082809,24,0.0,34,1.1470588235294117,343,3,18,2
NA,NA,NA,NA,NA,NA,NA,NA,NA,NA,44.31041717529297,0.0013676055241376162,0.27577639006971405,42,0.023809523809523808,44,1.0681818181818181,343,3,19,0
NA,NA,NA,NA,NA,NA,NA,NA,NA,NA,16.488359451293945,0.0005088999751023948,0.17439613715712887,16,0.0,16,0.75,343,3,19,1
NA,NA,NA,NA,NA,NA,NA,NA,NA,NA,34.374305725097656,0.0010609353194013238,0.07492213452305557,33,0.030303030303030304,34,1.1176470588235294,343,3,19,2
NA,NA,NA,NA,NA,NA,NA,NA,NA,NA,42.468666076660156,0.0013107613194733858,0.20213419228711493,38,0.0,42,1.0952380952380953,343,3,20,0
NA,NA,NA,NA,NA,NA,NA,NA,NA,NA,16.330730438232422,0.0005040348623879254,0.2814090989801148,12,0.0,16,0.6875,343,3,20,1
NA,NA,NA,NA,NA,NA,NA,NA,NA,NA,34.146724700927734,0.0010539112845435739,0.1631844817790893,30,0.0,34,1.2352941176470589,343,3,20,2
NA,NA,NA,NA,NA,NA,NA,NA,NA,NA,42.112579345703125,0.0012997710146009922,0.2162145612260653,44,0.022727272727272728,42,1.1904761904761905,343,3,21,0
NA,NA,NA,NA,NA,NA,NA,NA,NA,NA,16.430686950683594,0.000507119984831661,0.10786395364029595,28,0.0,16,0.6875,343,3,21,1
NA,NA,NA,NA,NA,NA,NA,NA,NA,NA,33.68413162231445,0.0010396336438134313,0.07760445815233452,38,0.0,34,1.088235294117647,343,3,21,2
NA,NA,NA,NA,NA,NA,NA,NA,NA,NA,41.81367874145508,0.0012905456824228168,0.2332436347040926,40,0.075,42,1.2142857142857142,343,3,22,0
NA,NA,NA,NA,NA,NA,NA,NA,NA,NA,16.243608474731445,0.0005013459594920278,0.14652432536199395,15,0.0,16,0.4375,343,3,22,1
NA,NA,NA,NA,NA,NA,NA,NA,NA,NA,34.229488372802734,0.0010564656695351005,0.2297080671228713,42,0.0,34,1.0588235294117647,343,3,22,2
NA,NA,NA,NA,NA,NA,NA,NA,NA,NA,41.12550354003906,0.0012693057069554925,0.20305895924854628,39,0.05128205128205128,41,1.170731707317073,343,3,23,0
NA,NA,NA,NA,NA,NA,NA,NA,NA,NA,16.337881088256836,0.0005042555858381093,0.08920844318866475,16,0.0,16,1.0625,343,3,23,1
NA,NA,NA,NA,NA,NA,NA,NA,NA,NA,33.700313568115234,0.0010401331819593906,0.08777481321513442,31,0.0,34,1.0,343,3,23,2
NA,NA,NA,NA,NA,NA,NA,NA,NA,NA,40.44644546508789,0.001248347107321024,0.16349066339601812,28,0.0,40,0.925,343,3,24,0
NA,NA,NA,NA,NA,NA,NA,NA,NA,NA,16.302400588989258,0.0005031605251133442,0.07221493205711182,20,0.0,16,1.0,343,3,24,1
NA,NA,NA,NA,NA,NA,NA,NA,NA,NA,33.62500762939453,0.001037808833643794,0.08134875983179977,42,0.0,34,1.0294117647058822,343,3,24,2
NA,NA,NA,NA,NA,NA,NA,NA,NA,NA,40.244110107421875,0.0012421021237969398,0.12539912044264306,31,0.0,40,1.075,343,3,25,0
NA,NA,NA,NA,NA,NA,NA,NA,NA,NA,16.16286849975586,0.0004988539731130004,0.12578274284057164,15,0.0,16,0.5,343,3,25,1
NA,NA,NA,NA,NA,NA,NA,NA,NA,NA,34.27865982055664,0.0010579833760857582,0.2561084853831957,34,0.0,34,1.0294117647058822,343,3,25,2
NA,NA,NA,NA,NA,NA,NA,NA,NA,NA,40.2016487121582,0.001240791636519134,0.1234728539802034,58,0.0,40,1.025,343,3,26,0
NA,NA,NA,NA,NA,NA,NA,NA,NA,NA,16.133996963500977,0.0004979628720320761,0.12807675745106428,18,0.0,16,0.4375,343,3,26,1
NA,NA,NA,NA,NA,NA,NA,NA,NA,NA,35.0865478515625,0.0010829181410372257,0.4485407724635418,31,0.06451612903225806,35,1.0571428571428572,343,3,26,2
NA,NA,NA,NA,NA,NA,NA,NA,NA,NA,40.27353286743164,0.0012430102797225118,0.20380137835751533,46,0.0,40,1.075,343,3,27,0
NA,NA,NA,NA,NA,NA,NA,NA,NA,NA,16.49879264831543,0.0005092219798825681,0.10596277812694006,17,0.0,16,1.3125,343,3,27,1
NA,NA,NA,NA,NA,NA,NA,NA,NA,NA,33.7305908203125,0.0010410676477476954,0.14173200348744971,26,0.0,34,1.0,343,3,27,2
NA,NA,NA,NA,NA,NA,NA,NA,NA,NA,39.88257598876953,0.0012309437151998281,0.09471238499495852,35,0.0,40,1.075,343,3,28,0
NA,NA,NA,NA,NA,NA,NA,NA,NA,NA,16.163110733032227,0.0004988614236935973,0.16506736092900592,17,0.0,16,0.5625,343,3,28,1
NA,NA,NA,NA,NA,NA,NA,NA,NA,NA,34.277652740478516,0.0010579522931948304,0.27237960187382043,43,0.023255813953488372,34,1.0588235294117647,343,3,28,2
NA,NA,NA,NA,NA,NA,NA,NA,NA,NA,40.236637115478516,0.0012418715050444007,0.18047515214193674,31,0.03225806451612903,40,1.1,343,3,29,0
NA,NA,NA,NA,NA,NA,NA,NA,NA,NA,16.37348747253418,0.0005053545464761555,0.0996498037065897,27,0.0,16,1.1875,343,3,29,1
NA,NA,NA,NA,NA,NA,NA,NA,NA,NA,33.65266036987305,0.0010386623907834291,0.105429129727061,33,0.0,34,1.0294117647058822,343,3,29,2
NA,NA,NA,NA,NA,NA,NA,NA,NA,NA,40.396400451660156,0.0012468025088310242,0.1978039626669454,41,0.0,40,1.275,343,3,30,0
NA,NA,NA,NA,NA,NA,NA,NA,NA,NA,16.280654907226562,0.000502489332575351,0.0874188603353143,14,0.0,16,1.0625,343,3,30,1
NA,NA,NA,NA,NA,NA,NA,NA,NA,NA,33.63661193847656,0.0010381670435890555,0.08180485799919134,36,0.027777777777777776,34,1.0294117647058822,343,3,30,2
NA,NA,NA,NA,NA,NA,NA,NA,NA,NA,40.04880142211914,0.0012360741384327412,0.13310214415600743,35,0.0,40,1.0,343,3,31,0
NA,NA,NA,NA,NA,NA,NA,NA,NA,NA,16.194808959960938,0.0004998397780582309,0.09465771727207949,20,0.0,16,0.5625,343,3,31,1
NA,NA,NA,NA,NA,NA,NA,NA,NA,NA,33.84808349609375,0.0010446939850226045,0.1269321151079944,31,0.0,34,0.9705882352941176,343,3,31,2
NA,NA,NA,NA,NA,NA,NA,NA,NA,NA,40.20918655395508,0.0012410242343321443,0.18584905381148165,42,0.0,40,1.1,343,3,32,0
NA,NA,NA,NA,NA,NA,NA,NA,NA,NA,16.31943130493164,0.0005036861402913928,0.08852755893000677,21,0.0,16,1.0625,343,3,32,1
NA,NA,NA,NA,NA,NA,NA,NA,NA,NA,33.6370735168457,0.0010381812462583184,0.08422948835696739,38,0.0,34,1.0588235294117647,343,3,32,2
NA,NA,NA,NA,NA,NA,NA,NA,NA,NA,40.1148567199707,0.0012381128035485744,0.14809294703619255,46,0.0,40,1.05,343,3,33,0
NA,NA,NA,NA,NA,NA,NA,NA,NA,NA,16.215911865234375,0.0005004911217838526,0.08350041753120963,15,0.0,16,0.625,343,3,33,1
NA,NA,NA,NA,NA,NA,NA,NA,NA,NA,33.87476348876953,0.0010455173905938864,0.13104763279579143,46,0.0,34,1.0294117647058822,343,3,33,2
NA,NA,NA,NA,NA,NA,NA,NA,NA,NA,41.08195495605469,0.0012679615756496787,0.27123032964977484,54,0.037037037037037035,41,1.146341463414634,343,3,34,0
NA,NA,NA,NA,NA,NA,NA,NA,NA,NA,16.20536231994629,0.0005001655081287026,0.18852665422105483,10,0.0,16,0.75,343,3,34,1
NA,NA,NA,NA,NA,NA,NA,NA,NA,NA,33.81162643432617,0.0010435687145218253,0.11999476135056909,29,0.0,34,1.0294117647058822,343,3,34,2
NA,NA,NA,NA,NA,NA,NA,NA,NA,NA,39.89945602416992,0.0012314646737650037,0.1394550199485417,46,0.0,40,0.725,343,3,35,0
NA,NA,NA,NA,NA,NA,NA,NA,NA,NA,16.230640411376953,0.0005009456654079258,0.19089832257992081,17,0.0,16,1.25,343,3,35,1
NA,NA,NA,NA,NA,NA,NA,NA,NA,NA,33.27578353881836,0.0010270304046571255,0.07352023118236645,31,0.0,33,1.0,343,3,35,2
0.8795620437956204,274,1.190625,320,1.1705426356589148,258,1.3156779661016949,472,1.1762452107279693,261,296.6031799316406,0.009154419414699078,0.6564702063898609,297,0.4444444444444444,297,1.0437710437710437,344,0,1,0
0.6790123456790124,81,0.9166666666666666,48,1.2222222222222223,135,1.4834437086092715,151,0.7241379310344828,29,65.46705627441406,0.002020588144659996,0.571871250861786,62,0.3548387096774194,65,0.8,344,0,1,1
0.6161616161616161,99,0.9036144578313253,83,0.9272727272727272,55,0.7692307692307693,65,1.0425531914893618,94,106.53056335449219,0.003287980332970619,0.5642162433236243,116,0.3017241379310345,107,0.7757009345794392,344,0,1,2
0.9568106312292359,301,1.1192307692307693,260,0.7839506172839507,162,1.3977695167286246,538,1.0338983050847457,118,243.9989471435547,0.007530831731855869,0.6451657212360138,252,0.39285714285714285,244,1.069672131147541,344,0,2,0
0.6545454545454545,55,1.106060606060606,66,0.7857142857142857,28,0.5666666666666667,30,0.64,25,48.44887924194336,0.00149533583316952,0.6336403713430458,46,0.34782608695652173,48,0.7916666666666666,344,0,2,1
0.673469387755102,98,0.7857142857142857,70,1.1153846153846154,78,0.23529411764705882,17,1.25,92,81.09797668457031,0.002503023948520422,0.49682152495254367,80,0.1625,81,0.7654320987654321,344,0,2,2
0.8089171974522293,157,1.0195121951219512,205,0.8118811881188119,101,0.9554140127388535,157,1.1843575418994414,179,194.74462890625,0.0060106366872787476,0.5673815371758677,195,0.28717948717948716,195,0.958974358974359,344,0,3,0
0.4166666666666667,12,0.7,30,1.2142857142857142,42,0.84,25,0.6666666666666666,9,34.932655334472656,0.0010781683959066868,0.6182219444645431,29,0.10344827586206896,35,0.8285714285714286,344,0,3,1
0.5428571428571428,70,0.8055555555555556,36,0.391304347826087,23,1.411214953271028,107,1.5960591133004927,203,63.05937194824219,0.0019462768686935306,0.3740535265165008,70,0.07142857142857142,63,0.6031746031746031,344,0,3,2
0.7446808510638298,188,0.9736842105263158,152,1.1458333333333333,96,0.8936170212765957,94,0.9318181818181818,88,161.8153076171875,0.004994299728423357,0.5412080768896365,160,0.3125,162,0.8827160493827161,344,0,4,0
0.625,24,0.84,25,0.5454545454545454,11,0.8666666666666667,15,0.5,4,30.301532745361328,0.000935232499614358,0.5029002595782281,36,0.08333333333333333,30,0.7,344,0,4,1
0.4528301886792453,53,0.9534883720930233,43,0.9807692307692307,52,0.5238095238095238,21,0.0,8,58.63209915161133,0.0018096326384693384,0.3515697050174533,60,0.11666666666666667,59,0.6949152542372882,344,0,4,2
0.738255033557047,149,0.8181818181818182,121,0.8028169014084507,71,0.9620253164556962,158,0.625,48,130.90211486816406,0.004040188621729612,0.4727109871345487,120,0.18333333333333332,131,0.7557251908396947,344,0,5,0
0.6923076923076923,26,0.4,15,0.0,2,0.0,1,1.7196652719665273,239,24.167325973510742,0.0007459050975739956,0.265945247765573,29,0.0,24,0.5833333333333334,344,0,5,1
0.5588235294117647,68,0.74,50,1.203883495145631,103,0.0,5,0.0,5,51.53546905517578,0.001590600935742259,0.3080325651478166,57,0.07017543859649122,52,0.6538461538461539,344,0,5,2
0.7559055118110236,127,0.989247311827957,93,1.2690058479532165,171,0.8245614035087719,57,0.7586206896551724,29,111.2477798461914,0.0034335735253989697,0.45634838405384465,108,0.21296296296296297,111,0.7927927927927928,344,0,6,0
0.2727272727272727,22,0.8888888888888888,36,-1.0,0,0.0,3,-1.0,0,22.356136322021484,0.0006900042062625289,0.23632288122917752,13,0.0,22,0.45454545454545453,344,0,6,1
0.3333333333333333,39,0.7777777777777778,27,0.8518518518518519,27,1.3492063492063493,63,0.0,4,46.669342041015625,0.001440411782823503,0.2820079151293658,42,0.023809523809523808,47,0.7021276595744681,344,0,6,2
0.5,70,0.7014925373134329,67,1.0,92,0.2,20,1.3660714285714286,112,98.96711730957031,0.003054540604352951,0.45462360783258227,94,0.1595744680851064,99,0.7373737373737373,344,0,7,0
0.2222222222222222,18,1.0476190476190477,42,0.0,4,0.0,6,1.3880597014925373,67,20.78368377685547,0.0006414717063307762,0.22990590889358653,19,0.0,21,0.47619047619047616,344,0,7,1
0.4489795918367347,49,0.875,40,1.1111111111111112,54,0.6875,16,0.0,3,44.1104850769043,0.0013614346971735358,0.15915732971933627,46,0.043478260869565216,44,0.5909090909090909,344,0,7,2
0.5384615384615384,104,0.7741935483870968,62,1.1466666666666667,75,1.2615384615384615,130,1.5098039215686274,153,90.41790771484375,0.002790676197037101,0.526043100276685,89,0.1348314606741573,90,0.8555555555555555,344,0,8,0
0.3076923076923077,13,0.9411764705882353,17,0.0,3,-1.0,0,1.532258064516129,62,19.704715728759766,0.0006081702304072678,0.36460815892840953,23,0.0,20,0.5,344,0,8,1
0.6101694915254238,59,0.8548387096774194,62,1.2264150943396226,106,0.5555555555555556,9,0.0,3,41.99467849731445,0.0012961321044713259,0.17741453151025283,32,0.03125,42,0.7380952380952381,344,0,8,2
0.5853658536585366,82,1.0869565217391304,115,0.9594594594594594,74,0.782608695652174,46,0.6333333333333333,30,83.66691589355469,0.0025823123287409544,0.587476460756097,87,0.28735632183908044,84,0.9047619047619048,344,0,9,0
0.5,16,0.2857142857142857,7,1.5,44,1.2142857142857142,42,1.6293103448275863,116,19.1832218170166,0.0005920747644267976,0.35275936589016205,17,0.0,19,0.5263157894736842,344,0,9,1
0.5238095238095238,42,0.55,20,0.6111111111111112,18,0.47058823529411764,17,0.5,8,41.37428665161133,0.0012769841123372316,0.2457622671423146,39,0.02564102564102564,41,0.7804878048780488,344,0,9,2
0.5909090909090909,66,0.9333333333333333,60,0.6481481481481481,54,1.2564102564102564,78,1.4743589743589745,156,68.77394104003906,0.0021226524841040373,0.45008735465909905,72,0.16666666666666666,69,0.8405797101449275,344,0,10,0
0.5,18,0.3333333333333333,3,1.0909090909090908,11,-1.0,0,-1.0,0,18.07090187072754,0.0005577438860200346,0.2890399059867011,25,0.0,18,0.2777777777777778,344,0,10,1
0.5,40,0.875,40,1.3095238095238095,42,1.2,60,0.42857142857142855,14,37.83552551269531,0.0011677631409838796,0.20271945502592326,42,0.0,38,0.8157894736842105,344,0,10,2
0.4444444444444444,45,0.5641025641025641,39,0.88,50,0.46153846153846156,13,1.4691358024691359,162,61.7891731262207,0.0019070731941610575,0.43864515275563676,55,0.14545454545454545,62,0.8064516129032258,344,0,11,0
0.1875,16,0.5714285714285714,7,1.0526315789473684,19,0.0,2,1.6761904761904762,105,17.651451110839844,0.0005447978619486094,0.3110538008152459,19,0.0,18,0.6111111111111112,344,0,11,1
0.5238095238095238,42,0.7567567567567568,37,0.5,16,1.2432432432432432,74,0.36363636363636365,11,36.390846252441406,0.0011231742100790143,0.21584719470271965,33,0.030303030303030304,36,0.8333333333333334,344,0,11,2
0.5230769230769231,65,0.6458333333333334,48,1.1839080459770115,87,1.3216783216783217,143,0.4,10,58.59814453125,0.0018085846677422523,0.4385675820146288,59,0.1864406779661017,59,0.9152542372881356,344,0,12,0
0.4090909090909091,22,1.0833333333333333,12,0.3333333333333333,3,-1.0,0,-1.0,0,17.284372329711914,0.0005334682646207511,0.431560009454618,19,0.0,17,0.47058823529411764,344,0,12,1
0.32,25,0.5714285714285714,28,1.0689655172413792,29,0.8888888888888888,9,0.0,1,36.027286529541016,0.0011119532864540815,0.2370020948639184,35,0.02857142857142857,36,1.0,344,0,12,2
0.5970149253731343,67,1.0133333333333334,75,0.9534883720930233,43,1.2045454545454546,88,0.5555555555555556,9,55.31240463256836,0.001707172952592373,0.41106385451907396,61,0.04918032786885246,55,0.9272727272727272,344,0,13,0
0.42857142857142855,28,1.3,30,0.0,1,0.0,1,-1.0,0,17.03539276123047,0.0005257837474346161,0.2986213999947571,16,0.0,17,0.5882352941176471,344,0,13,1
0.5652173913043478,46,0.9333333333333333,45,0.0,4,0.9024390243902439,41,1.5164835164835164,182,37.641082763671875,0.0011617618147283792,0.2124359900411335,41,0.0,38,1.0263157894736843,344,0,13,2
0.5423728813559322,59,1.2621359223300972,103,1.1666666666666667,48,1.3728813559322033,59,0.5,8,53.639930725097656,0.0016555534675717354,0.37007011049016164,66,0.06060606060606061,54,1.0,344,0,14,0
0.18181818181818182,11,0.25,4,1.3846153846153846,13,-1.0,0,1.105263157894737,19,16.967567443847656,0.0005236903671175241,0.19473326938578614,21,0.0,17,0.6470588235294118,344,0,14,1
0.36363636363636365,22,0.7027027027027027,37,0.9166666666666666,36,1.48,50,0.0,4,36.14297103881836,0.0011155237443745136,0.1077973402192345,42,0.023809523809523808,36,1.0,344,0,14,2
0.3617021276595745,47,0.8409090909090909,44,1.3951612903225807,124,1.4038461538461537,52,0.6666666666666666,27,52.492958068847656,0.0016201530816033483,0.32672354641069984,57,0.08771929824561403,52,0.9615384615384616,344,0,15,0
0.2727272727272727,11,1.0,15,1.1176470588235294,17,0.0,1,0.0,1,16.842269897460938,0.0005198231665417552,0.22513812988925555,17,0.0,17,0.35294117647058826,344,0,15,1
0.2692307692307692,26,0.8571428571428571,14,0.9375,16,1.3653846153846154,52,1.5033112582781456,151,34.90529251098633,0.0010773238027468324,0.11294540069766115,43,0.0,35,1.0,344,0,15,2
0.5769230769230769,52,0.9375,48,1.0740740740740742,54,0.3888888888888889,18,0.3,10,50.00189971923828,0.0015432685613632202,0.32802593662043905,50,0.08,50,0.98,344,0,16,0
0.4230769230769231,26,0.8571428571428571,14,1.2816901408450705,71,0.8571428571428571,7,-1.0,0,16.672870635986328,0.0005145947798155248,0.2743403041825417,24,0.0,17,0.47058823529411764,344,0,16,1
0.17857142857142858,28,0.6551724137931034,29,1.446808510638298,94,1.4857142857142858,70,1.665948275862069,464,34.42474365234375,0.0010624921415001154,0.16349745509591515,25,0.0,34,1.0294117647058822,344,0,16,2
0.4166666666666667,36,0.8275862068965517,58,1.2580645161290323,62,0.8636363636363636,22,1.0,35,51.39158248901367,0.0015861599240452051,0.41979357533343986,50,0.08,51,0.9607843137254902,344,0,17,0
0.6,10,1.0,19,1.3571428571428572,14,0.8461538461538461,13,0.0,3,16.686702728271484,0.0005150216748006642,0.23284324335795964,17,0.0,17,0.8235294117647058,344,0,17,1
0.32,25,1.1265822784810127,79,1.5,94,0.8285714285714286,35,0.0,1,35.93724822998047,0.0011091743363067508,0.2566515101911418,37,0.0,36,1.1666666666666667,344,0,17,2
0.6721311475409836,61,0.7702702702702703,74,1.2461538461538462,65,0.7446808510638298,47,1.4776119402985075,67,50.110748291015625,0.001546628074720502,0.3829160554659714,50,0.12,50,1.1,344,0,18,0
0.4857142857142857,35,1.0769230769230769,26,1.3793103448275863,29,1.2777777777777777,18,0.0,1,16.723865509033203,0.000516168714966625,0.1329630344208726,13,0.0,17,0.5294117647058824,344,0,18,1
0.5,40,1.0512820512820513,39,0.6666666666666666,18,1.0,9,1.1875,64,35.799842834472656,0.0011049334425479174,0.18403267062678472,33,0.030303030303030304,36,1.1666666666666667,344,0,18,2
0.5,32,0.9148936170212766,47,1.3653846153846154,52,0.8666666666666667,30,1.1627906976744187,43,50.988922119140625,0.0015737321227788925,0.4010544965953668,53,0.05660377358490566,51,0.9411764705882353,344,0,19,0
0.5,26,0.8333333333333334,12,-1.0,0,1.6,50,-1.0,0,16.553874969482422,0.0005109220510348678,0.30004859690316227,11,0.0,17,0.47058823529411764,344,0,19,1
0.5714285714285714,63,0.9705882352941176,34,1.0566037735849056,53,0.0,4,1.1,10,38.84096145629883,0.0011987951584160328,0.3581421948190364,37,0.08108108108108109,39,1.435897435897436,344,0,19,2
0.7125,80,0.7142857142857143,35,1.1756756756756757,74,0.9193548387096774,62,0.42857142857142855,7,50.4451904296875,0.0015569502720609307,0.5046490263088692,51,0.13725490196078433,50,1.0,344,0,20,0
0.2777777777777778,18,0.9375,32,0.5555555555555556,9,1.6923076923076923,78,1.6576576576576576,222,16.60310173034668,0.0005124413874000311,0.41696866214004424,19,0.0,17,0.8823529411764706,344,0,20,1
0.41304347826086957,46,0.972972972972973,37,0.2857142857142857,7,0.5,10,0.16666666666666666,12,35.222633361816406,0.0010871182894334197,0.2554712509963218,29,0.034482758620689655,35,1.2857142857142858,344,0,20,2
0.4666666666666667,45,0.8301886792452831,53,1.0769230769230769,52,1.4635761589403973,151,0.2,10,46.785728454589844,0.0014440040104091167,0.37113451116411816,43,0.06976744186046512,47,1.0212765957446808,344,0,21,0
0.38461538461538464,13,-1.0,0,-1.0,0,-1.0,0,-1.0,0,16.51471519470215,0.0005097134271636605,0.250492082594907,11,0.0,17,0.7647058823529411,344,0,21,1
0.2962962962962963,27,0.8571428571428571,21,1.1842105263157894,38,1.4444444444444444,36,0.4666666666666667,15,34.35158157348633,0.0010602340335026383,0.13645021375407454,30,0.0,34,1.2647058823529411,344,0,21,2
0.4772727272727273,44,1.0,24,0.8,25,0.5,4,1.3157894736842106,57,45.48792266845703,0.0014039481757208705,0.34768270517020033,48,0.041666666666666664,45,0.9111111111111111,344,0,22,0
0.4117647058823529,17,1.0,38,1.3636363636363635,33,1.1,20,-1.0,0,16.408308029174805,0.0005064292345196009,0.28833688350283754,21,0.0,16,0.75,344,0,22,1
0.27586206896551724,29,0.7391304347826086,23,1.379746835443038,79,0.25,4,0.3333333333333333,3,34.59296417236328,0.001067684032022953,0.19522915651722053,39,0.02564102564102564,35,1.2857142857142858,344,0,22,2
0.4666666666666667,45,0.9444444444444444,72,0.3,10,1.548148148148148,135,0.2631578947368421,19,44.919193267822266,0.0013863948406651616,0.36398475645325395,43,0.06976744186046512,45,0.9555555555555556,344,0,23,0
0.2727272727272727,11,1.2093023255813953,43,0.6,5,-1.0,0,-1.0,0,16.459022521972656,0.0005079944967292249,0.30644963571324857,16,0.0,16,0.6875,344,0,23,1
0.4864864864864865,37,1.0285714285714285,35,0.3333333333333333,3,0.45,20,1.3423423423423424,111,33.625064849853516,0.0010378106962889433,0.18632861241520982,40,0.0,34,1.3235294117647058,344,0,23,2
0.5555555555555556,63,1.25,32,1.2777777777777777,18,0.375,8,0.5,4,43.75456619262695,0.0013504496309906244,0.3747078501304057,41,0.07317073170731707,44,0.9318181818181818,344,0,24,0
0.3333333333333333,9,0.0,2,1.2727272727272727,33,-1.0,0,-1.0,0,16.494232177734375,0.0005090812337584794,0.3122269099367682,18,0.0,16,0.75,344,0,24,1
0.5172413793103449,29,0.8125,32,1.1851851851851851,27,0.0,1,1.6923076923076923,234,33.13330841064453,0.0010226329322904348,0.23498206570860242,31,0.0,33,1.2727272727272727,344,0,24,2
0.5510204081632653,49,0.7567567567567568,37,1.4252873563218391,87,0.8928571428571429,56,1.0405405405405406,74,42.584224700927734,0.0013143279356881976,0.3752791480064912,44,0.0,43,0.8604651162790697,344,0,25,0
0.4117647058823529,17,1.0,36,1.5151515151515151,33,0.6666666666666666,6,-1.0,0,16.37592124938965,0.0005054296925663948,0.33293598203088676,12,0.0,16,0.875,344,0,25,1
0.3888888888888889,18,1.0,67,1.0526315789473684,19,1.4910714285714286,112,-1.0,0,32.83501052856445,0.0010134262265637517,0.28224359226276147,38,0.0,33,1.2121212121212122,344,0,25,2
0.4444444444444444,54,0.4,5,1.2804878048780488,82,1.0,27,0.3333333333333333,6,42.80570983886719,0.0013211638433858752,0.3891915144194493,47,0.0,43,1.069767441860465,344,0,26,0
0.2857142857142857,14,0.9166666666666666,12,-1.0,0,0.5,4,-1.0,0,16.335607528686523,0.0005041854456067085,0.3363173279797125,20,0.0,16,0.625,344,0,26,1
0.5319148936170213,47,0.625,24,1.205128205128205,39,1.4324324324324325,37,1.2432432432432432,37,32.933528900146484,0.0010164669947698712,0.23014959560623016,41,0.0,33,1.0909090909090908,344,0,26,2
0.35135135135135137,37,0.6086956521739131,23,0.6875,16,0.8695652173913043,23,0.5,4,41.636962890625,0.0012850913917645812,0.31649899914532,31,0.03225806451612903,42,1.0238095238095237,344,0,27,0
0.18181818181818182,11,0.5714285714285714,21,1.4594594594594594,37,1.32,25,-1.0,0,16.291166305541992,0.0005028137820772827,0.246512254072545,17,0.0,16,0.6875,344,0,27,1
0.6896551724137931,29,0.8888888888888888,18,0.0,1,0.0,1,-1.0,0,32.58778381347656,0.0010057957842946053,0.23286846856101684,36,0.0,33,0.8787878787878788,344,0,27,2
0.46808510638297873,47,1.0,56,0.64,25,0.7142857142857143,35,0.625,8,41.14556884765625,0.00126992492005229,0.3103569282112053,45,0.044444444444444446,41,0.9024390243902439,344,0,28,0
0.3076923076923077,13,0.9444444444444444,18,0.875,8,-1.0,0,-1.0,0,16.262434005737305,0.000501926988363266,0.21213719217644555,13,0.0,16,0.6875,344,0,28,1
0.42105263157894735,38,1.0857142857142856,35,1.0833333333333333,12,1.2727272727272727,33,0.0,2,32.57594299316406,0.0010054303565993905,0.20699584974687815,29,0.0,33,0.8484848484848485,344,0,28,2
0.4666666666666667,30,0.5526315789473685,38,0.36363636363636365,11,1.4090909090909092,22,0.0,1,41.31473159790039,0.0012751460308209062,0.3539931051746322,56,0.0,41,1.024390243902439,344,0,29,0
0.5,16,0.5,8,0.6,5,1.6417910447761195,67,-1.0,0,16.22115135192871,0.0005006528226658702,0.1372536737818776,18,0.0,16,0.5,344,0,29,1
0.6666666666666666,51,0.375,8,1.1,60,1.569767441860465,86,1.5538461538461539,65,32.789100646972656,0.001012009335681796,0.18604331926816345,37,0.0,33,0.9696969696969697,344,0,29,2
0.48484848484848486,33,1.1153846153846154,52,0.5,14,1.4545454545454546,44,0.0,1,42.107791900634766,0.001299623167142272,0.4458397164521841,23,0.0,42,1.0952380952380953,344,0,30,0
0.3157894736842105,19,1.2857142857142858,21,-1.0,0,1.548780487804878,82,1.680672268907563,119,16.24099349975586,0.0005012652254663408,0.13382829363458096,15,0.0,16,0.5625,344,0,30,1
0.35,20,1.14,50,1.1666666666666667,48,0.0,1,-1.0,0,33.107421875,0.0010218339739367366,0.2844295669442446,32,0.0,33,1.0303030303030303,344,0,30,2
0.4915254237288136,59,0.8421052631578947,19,1.105263157894737,38,1.05,20,1.3043478260869565,69,41.80186462402344,0.001290180953219533,0.4372875880452358,53,0.03773584905660377,42,1.0952380952380953,344,0,31,0
0.1111111111111111,9,1.0,16,0.25,4,-1.0,0,-1.0,0,16.220539093017578,0.0005006339051760733,0.2119774359186446,23,0.0,16,0.75,344,0,31,1
0.5357142857142857,28,0.9629629629629629,27,1.6,65,1.2325581395348837,43,1.4177215189873418,79,32.91171646118164,0.001015793764963746,0.2284526803259012,28,0.0,33,0.9696969696969697,344,0,31,2
0.3333333333333333,24,1.2297297297297298,74,1.2592592592592593,54,0.8461538461538461,26,1.4246575342465753,73,42.15772247314453,0.001301164273172617,0.3248542637743628,48,0.020833333333333332,42,1.1666666666666667,344,0,32,0
0.7333333333333333,15,0.8260869565217391,23,1.4318181818181819,44,1.4,20,-1.0,0,16.20656967163086,0.0005002027610316873,0.21576143335557696,19,0.0,16,0.625,344,0,32,1
0.5263157894736842,38,0.6470588235294118,17,0.8461538461538461,13,1.391304347826087,23,-1.0,0,33.16489791870117,0.0010236079106107354,0.2722906014456908,38,0.0,33,1.0909090909090908,344,0,32,2
0.4074074074074074,27,1.05,80,0.9696969696969697,33,0.5555555555555556,9,0.5,2,41.24360656738281,0.0012729507870972157,0.3660026677513263,39,0.05128205128205128,41,1.146341463414634,344,0,33,0
0.3103448275862069,29,1.0,18,1.2307692307692308,13,0.9459459459459459,37,-1.0,0,16.207834243774414,0.0005002418183721602,0.15287630718149178,17,0.0,16,0.625,344,0,33,1
0.43902439024390244,41,0.9,20,1.3454545454545455,55,0.6153846153846154,13,0.0,1,32.805084228515625,0.0010125025874003768,0.28374886478320505,27,0.0,33,1.121212121212121,344,0,33,2
0.4222222222222222,45,0.8620689655172413,29,1.206896551724138,29,0.4444444444444444,9,0.5,8,42.075401306152344,0.001298623508773744,0.384717036318236,43,0.0,42,1.2142857142857142,344,0,34,0
0.7142857142857143,14,0.0,1,1.4827586206896552,29,1.0,10,-1.0,0,16.200462341308594,0.0005000142846256495,0.07242869021112706,15,0.0,16,0.375,344,0,34,1
0.40540540540540543,37,1.048780487804878,41,1.3103448275862069,29,1.1388888888888888,36,0.0,2,33.82559585571289,0.0010439999168738723,0.20369204730281992,32,0.0,34,1.088235294117647,344,0,34,2
0.4666666666666667,30,1.0444444444444445,45,0.8333333333333334,6,1.302325581395349,86,0.25,4,40.405242919921875,0.0012470753863453865,0.23496002511365846,36,0.0,40,0.875,344,0,35,0
0.21428571428571427,14,0.7647058823529411,17,0.6666666666666666,3,-1.0,0,-1.0,0,16.189250946044922,0.0004996682400815189,0.15548685045166566,15,0.06666666666666667,16,0.625,344,0,35,1
0.47058823529411764,34,1.0952380952380953,21,-1.0,0,1.5662650602409638,83,0.7727272727272727,22,33.56510925292969,0.0010359601583331823,0.1160929908924138,31,0.0,34,1.0588235294117647,344,0,35,2
NA,NA,NA,NA,NA,NA,NA,NA,NA,NA,289.2068786621094,0.008926138281822205,0.6535003730673,291,0.4536082474226804,289,1.1107266435986158,344,1,1,0
NA,NA,NA,NA,NA,NA,NA,NA,NA,NA,54.97385787963867,0.0016967239789664745,0.5338632288119347,44,0.25,55,0.8545454545454545,344,1,1,1
NA,NA,NA,NA,NA,NA,NA,NA,NA,NA,100.4371337890625,0.0030999116133898497,0.5186273633815227,97,0.14432989690721648,100,0.76,344,1,1,2
NA,NA,NA,NA,NA,NA,NA,NA,NA,NA,249.535888671875,0.0077017247676849365,0.6782818014163521,239,0.4686192468619247,250,1.08,344,1,2,0
NA,NA,NA,NA,NA,NA,NA,NA,NA,NA,42.21144485473633,0.001302822376601398,0.49788846387560337,35,0.14285714285714285,42,0.7619047619047619,344,1,2,1
NA,NA,NA,NA,NA,NA,NA,NA,NA,NA,83.95304107666016,0.0025911431293934584,0.4710140728574909,86,0.10465116279069768,84,0.75,344,1,2,2
NA,NA,NA,NA,NA,NA,NA,NA,NA,NA,201.7471466064453,0.006226763594895601,0.6008440280594918,192,0.3697916666666667,202,1.0198019801980198,344,1,3,0
NA,NA,NA,NA,NA,NA,NA,NA,NA,NA,34.760475158691406,0.001072854152880609,0.5310806599321026,35,0.11428571428571428,35,0.5714285714285714,344,1,3,1
NA,NA,NA,NA,NA,NA,NA,NA,NA,NA,67.17269134521484,0.002073231153190136,0.3954857071183467,71,0.08450704225352113,67,0.6268656716417911,344,1,3,2
NA,NA,NA,NA,NA,NA,NA,NA,NA,NA,167.30088806152344,0.005163607653230429,0.5633367336504532,157,0.267515923566879,167,0.9341317365269461,344,1,4,0
NA,NA,NA,NA,NA,NA,NA,NA,NA,NA,29.370691299438477,0.000906502828001976,0.39507198713732544,27,0.07407407407407407,29,0.5517241379310345,344,1,4,1
NA,NA,NA,NA,NA,NA,NA,NA,NA,NA,58.02159118652344,0.0017907898873090744,0.29907544398785657,60,0.13333333333333333,58,0.6896551724137931,344,1,4,2
NA,NA,NA,NA,NA,NA,NA,NA,NA,NA,141.94189453125,0.004380922764539719,0.5307388740601288,142,0.23943661971830985,142,0.795774647887324,344,1,5,0
NA,NA,NA,NA,NA,NA,NA,NA,NA,NA,28.2908992767334,0.0008731759153306484,0.5013782397341113,27,0.07407407407407407,28,0.6428571428571429,344,1,5,1
NA,NA,NA,NA,NA,NA,NA,NA,NA,NA,54.778812408447266,0.0016907041426748037,0.31966997140799003,51,0.0784313725490196,55,0.7454545454545455,344,1,5,2
NA,NA,NA,NA,NA,NA,NA,NA,NA,NA,126.13198852539062,0.0038929625879973173,0.5462536372284168,118,0.2457627118644068,126,0.9047619047619048,344,1,6,0
NA,NA,NA,NA,NA,NA,NA,NA,NA,NA,28.227581024169922,0.0008712216513231397,0.4704960028716356,23,0.17391304347826086,28,0.7857142857142857,344,1,6,1
NA,NA,NA,NA,NA,NA,NA,NA,NA,NA,54.24300003051758,0.0016741666477173567,0.471201458153411,35,0.14285714285714285,54,0.7962962962962963,344,1,6,2
NA,NA,NA,NA,NA,NA,NA,NA,NA,NA,108.84941864013672,0.0033595499116927385,0.4992941812332754,115,0.2,109,0.8073394495412844,344,1,7,0
NA,NA,NA,NA,NA,NA,NA,NA,NA,NA,26.544532775878906,0.0008192756795324385,0.5241629624755014,21,0.19047619047619047,27,0.8148148148148148,344,1,7,1
NA,NA,NA,NA,NA,NA,NA,NA,NA,NA,46.24001693725586,0.0014271610416471958,0.3285657329279183,47,0.0425531914893617,46,0.6739130434782609,344,1,7,2
NA,NA,NA,NA,NA,NA,NA,NA,NA,NA,98.33372497558594,0.003034991445019841,0.4905891907739146,113,0.19469026548672566,98,0.8775510204081632,344,1,8,0
NA,NA,NA,NA,NA,NA,NA,NA,NA,NA,21.23424530029297,0.00065537792397663,0.2185894122760529,25,0.0,21,0.47619047619047616,344,1,8,1
NA,NA,NA,NA,NA,NA,NA,NA,NA,NA,42.321205139160156,0.0013062100624665618,0.30437058532971895,37,0.05405405405405406,42,0.6666666666666666,344,1,8,2
NA,NA,NA,NA,NA,NA,NA,NA,NA,NA,87.72982788085938,0.002707710722461343,0.5072896019395086,100,0.24,88,0.8636363636363636,344,1,9,0
NA,NA,NA,NA,NA,NA,NA,NA,NA,NA,20.099246978759766,0.0006203471566550434,0.16724049694105328,23,0.0,20,0.6,344,1,9,1
NA,NA,NA,NA,NA,NA,NA,NA,NA,NA,41.1070442199707,0.0012687359703704715,0.19122994443668356,25,0.0,41,0.7317073170731707,344,1,9,2
NA,NA,NA,NA,NA,NA,NA,NA,NA,NA,77.13945007324219,0.002380847232416272,0.4892111569842525,81,0.19753086419753085,77,0.8831168831168831,344,1,10,0
NA,NA,NA,NA,NA,NA,NA,NA,NA,NA,18.9969539642334,0.0005863257683813572,0.1425777142681389,23,0.0,19,0.631578947368421,344,1,10,1
NA,NA,NA,NA,NA,NA,NA,NA,NA,NA,38.01713180541992,0.0011733683058992028,0.18537104762781142,45,0.022222222222222223,38,0.7105263157894737,344,1,10,2
NA,NA,NA,NA,NA,NA,NA,NA,NA,NA,70.26409912109375,0.0021686451509594917,0.5456676159619758,70,0.22857142857142856,70,0.9285714285714286,344,1,11,0
NA,NA,NA,NA,NA,NA,NA,NA,NA,NA,18.323545455932617,0.0005655415006913245,0.09924452849438407,28,0.0,18,0.4444444444444444,344,1,11,1
NA,NA,NA,NA,NA,NA,NA,NA,NA,NA,37.15624237060547,0.0011467975564301014,0.16449907662340382,37,0.05405405405405406,37,0.7297297297297297,344,1,11,2
NA,NA,NA,NA,NA,NA,NA,NA,NA,NA,62.884674072265625,0.0019408849766477942,0.4954579957509206,69,0.14492753623188406,63,0.8888888888888888,344,1,12,0
NA,NA,NA,NA,NA,NA,NA,NA,NA,NA,18.106800079345703,0.0005588518688455224,0.08062014570991592,21,0.047619047619047616,18,0.7222222222222222,344,1,12,1
NA,NA,NA,NA,NA,NA,NA,NA,NA,NA,36.81956100463867,0.0011364062083885074,0.2550008398520311,31,0.0,37,0.8378378378378378,344,1,12,2
NA,NA,NA,NA,NA,NA,NA,NA,NA,NA,60.78178405761719,0.0018759809900075197,0.6082505599718676,74,0.20270270270270271,61,1.0163934426229508,344,1,13,0
NA,NA,NA,NA,NA,NA,NA,NA,NA,NA,17.928150177001953,0.0005533379735425115,0.4424534215343866,7,0.0,18,0.7222222222222222,344,1,13,1
NA,NA,NA,NA,NA,NA,NA,NA,NA,NA,36.23341751098633,0.0011183153837919235,0.43930259519918496,33,0.0,36,0.8888888888888888,344,1,13,2
NA,NA,NA,NA,NA,NA,NA,NA,NA,NA,54.32947540283203,0.0016768357018008828,0.5245495754761753,55,0.07272727272727272,54,0.9814814814814815,344,1,14,0
NA,NA,NA,NA,NA,NA,NA,NA,NA,NA,17.368526458740234,0.0005360656068660319,0.20238334373092945,17,0.0,17,0.5882352941176471,344,1,14,1
NA,NA,NA,NA,NA,NA,NA,NA,NA,NA,37.03904724121094,0.0011431804159656167,0.3512608855377959,34,0.029411764705882353,37,1.1081081081081081,344,1,14,2
NA,NA,NA,NA,NA,NA,NA,NA,NA,NA,54.21385192871094,0.0016732669901102781,0.6444431105982056,63,0.19047619047619047,54,1.0555555555555556,344,1,15,0
NA,NA,NA,NA,NA,NA,NA,NA,NA,NA,17.15268325805664,0.0005294037982821465,0.5048605991342379,16,0.0,17,0.5882352941176471,344,1,15,1
NA,NA,NA,NA,NA,NA,NA,NA,NA,NA,35.538753509521484,0.0010968750575557351,0.4628449619411492,27,0.0,36,1.1944444444444444,344,1,15,2
NA,NA,NA,NA,NA,NA,NA,NA,NA,NA,49.55309295654297,0.001529416418634355,0.4707286488353085,50,0.14,50,1.2,344,1,16,0
NA,NA,NA,NA,NA,NA,NA,NA,NA,NA,16.72918128967285,0.0005163327441550791,0.4434268376943542,10,0.0,17,0.7647058823529411,344,1,16,1
NA,NA,NA,NA,NA,NA,NA,NA,NA,NA,34.11106872558594,0.0010528108105063438,0.40923851163141,38,0.02631578947368421,34,1.2647058823529411,344,1,16,2
NA,NA,NA,NA,NA,NA,NA,NA,NA,NA,48.854026794433594,0.0015078403521329165,0.5187058610292917,44,0.22727272727272727,49,1.2448979591836735,344,1,17,0
NA,NA,NA,NA,NA,NA,NA,NA,NA,NA,16.545034408569336,0.0005106492317281663,0.44410711337499137,17,0.0,17,0.6470588235294118,344,1,17,1
NA,NA,NA,NA,NA,NA,NA,NA,NA,NA,33.727149963378906,0.0010409613605588675,0.4145691493062477,40,0.025,34,1.2941176470588236,344,1,17,2
NA,NA,NA,NA,NA,NA,NA,NA,NA,NA,46.83059310913086,0.0014453886542469263,0.42188700444701943,47,0.0425531914893617,47,1.2127659574468086,344,1,18,0
NA,NA,NA,NA,NA,NA,NA,NA,NA,NA,16.477733612060547,0.0005085720331408083,0.41824808468700925,22,0.0,16,0.8125,344,1,18,1
NA,NA,NA,NA,NA,NA,NA,NA,NA,NA,33.274620056152344,0.001026994432322681,0.33176580611146017,29,0.0,33,1.2121212121212122,344,1,18,2
NA,NA,NA,NA,NA,NA,NA,NA,NA,NA,47.62328338623047,0.001469854381866753,0.5336411708019759,37,0.10810810810810811,48,1.2083333333333333,344,1,19,0
NA,NA,NA,NA,NA,NA,NA,NA,NA,NA,16.84601402282715,0.0005199387087486684,0.464405429481237,19,0.0,17,1.0,344,1,19,1
NA,NA,NA,NA,NA,NA,NA,NA,NA,NA,34.286922454833984,0.0010582383256405592,0.449624017732913,37,0.05405405405405406,34,1.2352941176470589,344,1,19,2
NA,NA,NA,NA,NA,NA,NA,NA,NA,NA,45.21040344238281,0.001395382802002132,0.46288997695301487,31,0.0967741935483871,45,1.0666666666666667,344,1,20,0
NA,NA,NA,NA,NA,NA,NA,NA,NA,NA,16.374229431152344,0.0005053774802945554,0.3012469656620425,18,0.05555555555555555,16,0.9375,344,1,20,1
NA,NA,NA,NA,NA,NA,NA,NA,NA,NA,33.427955627441406,0.0010317270644009113,0.15906556696283977,33,0.06060606060606061,33,1.1515151515151516,344,1,20,2
NA,NA,NA,NA,NA,NA,NA,NA,NA,NA,45.1832160949707,0.0013945436803624034,0.5467205256602029,45,0.044444444444444446,45,1.0222222222222221,344,1,21,0
NA,NA,NA,NA,NA,NA,NA,NA,NA,NA,16.960216522216797,0.0005234634736552835,0.32117474202826785,10,0.0,17,1.1176470588235294,344,1,21,1
NA,NA,NA,NA,NA,NA,NA,NA,NA,NA,33.90590286254883,0.0010464785154908895,0.3844886825835154,38,0.0,34,1.1176470588235294,344,1,21,2
NA,NA,NA,NA,NA,NA,NA,NA,NA,NA,49.35273361206055,0.0015232325531542301,0.7318323386775225,53,0.20754716981132076,49,1.0612244897959184,344,1,22,0
NA,NA,NA,NA,NA,NA,NA,NA,NA,NA,17.1450138092041,0.0005291670677252114,0.21476393162453122,24,0.0,17,1.1176470588235294,344,1,22,1
NA,NA,NA,NA,NA,NA,NA,NA,NA,NA,36.028446197509766,0.0011119890259578824,0.4877925250030065,42,0.047619047619047616,36,1.1388888888888888,344,1,22,2
NA,NA,NA,NA,NA,NA,NA,NA,NA,NA,44.53302001953125,0.0013744758907705545,0.583018716134033,39,0.1282051282051282,45,0.9777777777777777,344,1,23,0
NA,NA,NA,NA,NA,NA,NA,NA,NA,NA,16.31417465209961,0.000503523915540427,0.37382759407878413,15,0.0,16,0.625,344,1,23,1
NA,NA,NA,NA,NA,NA,NA,NA,NA,NA,33.93743133544922,0.001047451631166041,0.33685851761552027,30,0.1,34,0.8529411764705882,344,1,23,2
NA,NA,NA,NA,NA,NA,NA,NA,NA,NA,43.722930908203125,0.00134947313927114,0.5680194311988435,45,0.1111111111111111,44,0.9318181818181818,344,1,24,0
NA,NA,NA,NA,NA,NA,NA,NA,NA,NA,16.26886749267578,0.0005021255346946418,0.36382399186288983,12,0.0,16,0.875,344,1,24,1
NA,NA,NA,NA,NA,NA,NA,NA,NA,NA,33.606685638427734,0.0010372434044256806,0.2347009631477085,33,0.0,34,1.0,344,1,24,2
NA,NA,NA,NA,NA,NA,NA,NA,NA,NA,41.793373107910156,0.0012899189023301005,0.42009738968354876,44,0.022727272727272728,42,0.9285714285714286,344,1,25,0
NA,NA,NA,NA,NA,NA,NA,NA,NA,NA,16.184770584106445,0.0004995299386791885,0.23066614295100998,12,0.0,16,0.6875,344,1,25,1
NA,NA,NA,NA,NA,NA,NA,NA,NA,NA,32.38471221923828,0.000999528099782765,0.13745589108637313,40,0.025,32,0.75,344,1,25,2
NA,NA,NA,NA,NA,NA,NA,NA,NA,NA,41.425010681152344,0.0012785496655851603,0.4056106388469302,43,0.023255813953488372,41,0.9024390243902439,344,1,26,0
NA,NA,NA,NA,NA,NA,NA,NA,NA,NA,16.21004295349121,0.0005003099795430899,0.2869597251584092,23,0.0,16,1.0625,344,1,26,1
NA,NA,NA,NA,NA,NA,NA,NA,NA,NA,32.61470031738281,0.0010066265240311623,0.10526072244505437,33,0.0,33,0.8484848484848485,344,1,26,2
NA,NA,NA,NA,NA,NA,NA,NA,NA,NA,42.90749740600586,0.0013243054272606969,0.5260258245723809,34,0.029411764705882353,43,1.069767441860465,344,1,27,0
NA,NA,NA,NA,NA,NA,NA,NA,NA,NA,16.313541412353516,0.00050350435776636,0.3691958253578297,16,0.0,16,1.1875,344,1,27,1
NA,NA,NA,NA,NA,NA,NA,NA,NA,NA,33.50669479370117,0.0010341572342440486,0.3084587319953105,25,0.0,34,1.1176470588235294,344,1,27,2
NA,NA,NA,NA,NA,NA,NA,NA,NA,NA,41.919044494628906,0.0012937976280227304,0.4229417139567395,43,0.046511627906976744,42,1.0238095238095237,344,1,28,0
NA,NA,NA,NA,NA,NA,NA,NA,NA,NA,16.18483543395996,0.0004995319759473205,0.2645924986735187,11,0.0,16,1.0625,344,1,28,1
NA,NA,NA,NA,NA,NA,NA,NA,NA,NA,32.59769058227539,0.0010061016073450446,0.26517595672302846,26,0.0,33,0.7878787878787878,344,1,28,2
NA,NA,NA,NA,NA,NA,NA,NA,NA,NA,41.249717712402344,0.0012731393799185753,0.37490803439606024,41,0.04878048780487805,41,1.0975609756097562,344,1,29,0
NA,NA,NA,NA,NA,NA,NA,NA,NA,NA,16.155351638793945,0.0004986219573765993,0.20584228941395213,12,0.0,16,0.75,344,1,29,1
NA,NA,NA,NA,NA,NA,NA,NA,NA,NA,32.26557922363281,0.000995851238258183,0.34343595497975116,34,0.0,32,0.78125,344,1,29,2
NA,NA,NA,NA,NA,NA,NA,NA,NA,NA,40.55691146850586,0.0012517565628513694,0.35498181517180183,39,0.02564102564102564,41,0.7560975609756098,344,1,30,0
NA,NA,NA,NA,NA,NA,NA,NA,NA,NA,16.147438049316406,0.0004983777180314064,0.17634166501226323,18,0.0,16,0.875,344,1,30,1
NA,NA,NA,NA,NA,NA,NA,NA,NA,NA,32.12614440917969,0.0009915477130562067,0.26452444023917787,22,0.0,32,0.6875,344,1,30,2
NA,NA,NA,NA,NA,NA,NA,NA,NA,NA,40.367130279541016,0.0012458991259336472,0.35028751498034694,34,0.029411764705882353,40,0.8,344,1,31,0
NA,NA,NA,NA,NA,NA,NA,NA,NA,NA,16.14687156677246,0.0004983602557331324,0.186676307892314,10,0.0,16,0.75,344,1,31,1
NA,NA,NA,NA,NA,NA,NA,NA,NA,NA,32.09269714355469,0.0009905153419822454,0.20290206026938226,38,0.0,32,0.5625,344,1,31,2
NA,NA,NA,NA,NA,NA,NA,NA,NA,NA,39.698974609375,0.0012252769665792584,0.3540240834190573,38,0.0,40,0.625,344,1,32,0
NA,NA,NA,NA,NA,NA,NA,NA,NA,NA,16.173200607299805,0.0004991728346794844,0.18037440552077108,16,0.0,16,0.625,344,1,32,1
NA,NA,NA,NA,NA,NA,NA,NA,NA,NA,32.16117477416992,0.0009926288621500134,0.1572019591860027,34,0.0,32,0.71875,344,1,32,2
NA,NA,NA,NA,NA,NA,NA,NA,NA,NA,38.77351379394531,0.0011967134196311235,0.3416362257107826,31,0.0,39,0.48717948717948717,344,1,33,0
NA,NA,NA,NA,NA,NA,NA,NA,NA,NA,16.129587173461914,0.0004978267825208604,0.14455864194462364,13,0.0,16,0.5,344,1,33,1
NA,NA,NA,NA,NA,NA,NA,NA,NA,NA,31.977054595947266,0.0009869461646303535,0.035811415275867446,30,0.0,32,0.21875,344,1,33,2
NA,NA,NA,NA,NA,NA,NA,NA,NA,NA,38.23295593261719,0.0011800294741988182,0.3455720161109246,44,0.0,38,0.34210526315789475,344,1,34,0
NA,NA,NA,NA,NA,NA,NA,NA,NA,NA,16.11254119873047,0.0004973006434738636,0.13108393640121688,11,0.0,16,0.375,344,1,34,1
NA,NA,NA,NA,NA,NA,NA,NA,NA,NA,31.94357681274414,0.0009859128622338176,0.004277430987291717,33,0.0,32,0.15625,344,1,34,2
NA,NA,NA,NA,NA,NA,NA,NA,NA,NA,37.92942810058594,0.001170661416836083,0.3806125115361091,31,0.0,38,0.2894736842105263,344,1,35,0
NA,NA,NA,NA,NA,NA,NA,NA,NA,NA,16.095439910888672,0.0004967728164047003,0.11646823015836,11,0.0,16,0.0625,344,1,35,1
NA,NA,NA,NA,NA,NA,NA,NA,NA,NA,31.925186157226562,0.0009853452211245894,-0.004650229992063365,34,0.0,32,0.09375,344,1,35,2
NA,NA,NA,NA,NA,NA,NA,NA,NA,NA,291.0633850097656,0.008983437903225422,0.6147952197948141,309,0.42718446601941745,291,0.9656357388316151,344,2,1,0
NA,NA,NA,NA,NA,NA,NA,NA,NA,NA,70.12142181396484,0.0021642413921654224,0.5606237608258811,64,0.4375,70,0.8571428571428571,344,2,1,1
NA,NA,NA,NA,NA,NA,NA,NA,NA,NA,113.41925811767578,0.0035005942918360233,0.5034121445691381,100,0.26,113,0.7522123893805309,344,2,1,2
NA,NA,NA,NA,NA,NA,NA,NA,NA,NA,254.80099487304688,0.007864228449761868,0.5993821814138147,249,0.4738955823293173,255,0.9725490196078431,344,2,2,0
NA,NA,NA,NA,NA,NA,NA,NA,NA,NA,46.98048400878906,0.0014500148827210069,0.3862966814369308,44,0.20454545454545456,47,0.6595744680851063,344,2,2,1
NA,NA,NA,NA,NA,NA,NA,NA,NA,NA,90.27764129638672,0.0027863469440490007,0.4186564664062426,99,0.2222222222222222,90,0.6888888888888889,344,2,2,2
NA,NA,NA,NA,NA,NA,NA,NA,NA,NA,218.53134155273438,0.006744794547557831,0.5529439560651672,215,0.3302325581395349,219,0.91324200913242,344,2,3,0
NA,NA,NA,NA,NA,NA,NA,NA,NA,NA,36.84767150878906,0.0011372738517820835,0.47372452593472536,39,0.23076923076923078,37,0.5945945945945946,344,2,3,1
NA,NA,NA,NA,NA,NA,NA,NA,NA,NA,78.439453125,0.0024209707044065,0.36530837387057297,76,0.11842105263157894,78,0.6794871794871795,344,2,3,2
NA,NA,NA,NA,NA,NA,NA,NA,NA,NA,184.14688110351562,0.005683545488864183,0.520613292122537,195,0.3230769230769231,184,0.9293478260869565,344,2,4,0
NA,NA,NA,NA,NA,NA,NA,NA,NA,NA,28.699119567871094,0.0008857753127813339,0.252658732584009,40,0.025,29,0.41379310344827586,344,2,4,1
NA,NA,NA,NA,NA,NA,NA,NA,NA,NA,68.08393096923828,0.002101355930790305,0.3912716344550353,71,0.14084507042253522,68,0.7352941176470589,344,2,4,2
NA,NA,NA,NA,NA,NA,NA,NA,NA,NA,164.87838745117188,0.005088839214295149,0.49020845960315346,187,0.25133689839572193,165,0.8909090909090909,344,2,5,0
NA,NA,NA,NA,NA,NA,NA,NA,NA,NA,28.677913665771484,0.000885120767634362,0.26202093870579307,36,0.08333333333333333,29,0.3793103448275862,344,2,5,1
NA,NA,NA,NA,NA,NA,NA,NA,NA,NA,61.66471481323242,0.001903231954202056,0.36222270011666935,53,0.09433962264150944,62,0.7096774193548387,344,2,5,2
NA,NA,NA,NA,NA,NA,NA,NA,NA,NA,145.39779663085938,0.004487586207687855,0.4445856855005807,128,0.2734375,145,0.7862068965517242,344,2,6,0
NA,NA,NA,NA,NA,NA,NA,NA,NA,NA,23.19832992553711,0.0007159978267736733,0.35454986655083076,19,0.0,23,0.30434782608695654,344,2,6,1
NA,NA,NA,NA,NA,NA,NA,NA,NA,NA,53.82151412963867,0.0016611578175798059,0.24239712792883908,48,0.0,54,0.6111111111111112,344,2,6,2
NA,NA,NA,NA,NA,NA,NA,NA,NA,NA,126.68360137939453,0.003909987863153219,0.43734983830866886,119,0.24369747899159663,127,0.7952755905511811,344,2,7,0
NA,NA,NA,NA,NA,NA,NA,NA,NA,NA,22.263460159301758,0.0006871438235975802,0.3050976722570044,29,0.0,22,0.45454545454545453,344,2,7,1
NA,NA,NA,NA,NA,NA,NA,NA,NA,NA,51.22618103027344,0.0015810549957677722,0.351059643131481,53,0.1320754716981132,51,0.6078431372549019,344,2,7,2
NA,NA,NA,NA,NA,NA,NA,NA,NA,NA,119.60413360595703,0.0036914856173098087,0.438415076006193,123,0.2764227642276423,120,0.8416666666666667,344,2,8,0
NA,NA,NA,NA,NA,NA,NA,NA,NA,NA,21.633214950561523,0.0006676918128505349,0.213685278933238,20,0.0,22,0.36363636363636365,344,2,8,1
NA,NA,NA,NA,NA,NA,NA,NA,NA,NA,48.72647476196289,0.001503903535194695,0.2956545435030463,65,0.015384615384615385,49,0.6530612244897959,344,2,8,2
NA,NA,NA,NA,NA,NA,NA,NA,NA,NA,107.43355560302734,0.003315850393846631,0.426190476591954,109,0.21100917431192662,107,0.7850467289719626,344,2,9,0
NA,NA,NA,NA,NA,NA,NA,NA,NA,NA,20.256534576416016,0.0006252016755752265,0.1329734445986862,20,0.0,20,0.2,344,2,9,1
NA,NA,NA,NA,NA,NA,NA,NA,NA,NA,48.03919219970703,0.0014826911501586437,0.421603044240811,41,0.0975609756097561,48,0.7083333333333334,344,2,9,2
NA,NA,NA,NA,NA,NA,NA,NA,NA,NA,100.03782653808594,0.0030875871889293194,0.4124529986680422,99,0.1717171717171717,100,0.81,344,2,10,0
NA,NA,NA,NA,NA,NA,NA,NA,NA,NA,19.26997947692871,0.000594752433244139,0.39197760070708243,24,0.0,19,0.2631578947368421,344,2,10,1
NA,NA,NA,NA,NA,NA,NA,NA,NA,NA,45.830902099609375,0.0014145340537652373,0.3868096992379055,47,0.06382978723404255,46,0.7608695652173914,344,2,10,2
NA,NA,NA,NA,NA,NA,NA,NA,NA,NA,91.50403594970703,0.0028241986874490976,0.4094824343912152,84,0.19047619047619047,92,0.8260869565217391,344,2,11,0
NA,NA,NA,NA,NA,NA,NA,NA,NA,NA,19.264137268066406,0.00059457216411829,0.27534438691118,25,0.0,19,0.5263157894736842,344,2,11,1
NA,NA,NA,NA,NA,NA,NA,NA,NA,NA,43.56627655029297,0.0013446381781250238,0.25936490302897497,42,0.047619047619047616,44,0.7045454545454546,344,2,11,2
NA,NA,NA,NA,NA,NA,NA,NA,NA,NA,80.62924194335938,0.002488556783646345,0.3730130002225382,76,0.13157894736842105,81,0.8024691358024691,344,2,12,0
NA,NA,NA,NA,NA,NA,NA,NA,NA,NA,18.461790084838867,0.0005698083550669253,0.3947035453659137,20,0.0,18,0.5,344,2,12,1
NA,NA,NA,NA,NA,NA,NA,NA,NA,NA,40.87834548950195,0.001261677360162139,0.29299448310798126,36,0.0,41,0.8780487804878049,344,2,12,2
NA,NA,NA,NA,NA,NA,NA,NA,NA,NA,73.93046569824219,0.002281804569065571,0.3445622987155539,75,0.17333333333333334,74,0.8648648648648649,344,2,13,0
NA,NA,NA,NA,NA,NA,NA,NA,NA,NA,18.222978591918945,0.0005624376353807747,0.17890571046948223,11,0.0,18,0.2777777777777778,344,2,13,1
NA,NA,NA,NA,NA,NA,NA,NA,NA,NA,41.95486831665039,0.0012949033407494426,0.37390865897345954,47,0.10638297872340426,42,0.9761904761904762,344,2,13,2
NA,NA,NA,NA,NA,NA,NA,NA,NA,NA,69.80415344238281,0.0021544492337852716,0.3405070644440906,68,0.1323529411764706,70,0.9285714285714286,344,2,14,0
NA,NA,NA,NA,NA,NA,NA,NA,NA,NA,18.07966423034668,0.0005580143188126385,0.20794063018785872,22,0.0,18,0.2222222222222222,344,2,14,1
NA,NA,NA,NA,NA,NA,NA,NA,NA,NA,39.194488525390625,0.001209706417284906,0.12801260084717325,34,0.0,39,0.6923076923076923,344,2,14,2
NA,NA,NA,NA,NA,NA,NA,NA,NA,NA,65.16472625732422,0.00201125699095428,0.2983205219761783,77,0.16883116883116883,65,0.8615384615384616,344,2,15,0
NA,NA,NA,NA,NA,NA,NA,NA,NA,NA,17.753570556640625,0.0005479496903717518,0.36222542773198135,20,0.0,18,0.3888888888888889,344,2,15,1
NA,NA,NA,NA,NA,NA,NA,NA,NA,NA,37.26877212524414,0.0011502706911414862,0.16677961179573053,38,0.05263157894736842,37,0.7567567567567568,344,2,15,2
NA,NA,NA,NA,NA,NA,NA,NA,NA,NA,62.32251739501953,0.0019235344370827079,0.3475875757388077,65,0.1076923076923077,62,0.9032258064516129,344,2,16,0
NA,NA,NA,NA,NA,NA,NA,NA,NA,NA,18.041736602783203,0.0005568437045440078,0.26942506419703804,15,0.0,18,0.7222222222222222,344,2,16,1
NA,NA,NA,NA,NA,NA,NA,NA,NA,NA,38.899112701416016,0.0012005899334326386,0.2847246821981493,47,0.0851063829787234,39,0.9230769230769231,344,2,16,2
NA,NA,NA,NA,NA,NA,NA,NA,NA,NA,58.706443786621094,0.0018119273008778691,0.3635730400404454,59,0.0847457627118644,59,0.8813559322033898,344,2,17,0
NA,NA,NA,NA,NA,NA,NA,NA,NA,NA,17.623008728027344,0.0005439200322143734,0.19570248590516223,20,0.0,18,1.0,344,2,17,1
NA,NA,NA,NA,NA,NA,NA,NA,NA,NA,36.6290283203125,0.0011305256048217416,0.21848704242917122,36,0.0,37,0.918918918918919,344,2,17,2
NA,NA,NA,NA,NA,NA,NA,NA,NA,NA,56.91341781616211,0.0017565869493409991,0.4293477145444878,68,0.14705882352941177,57,1.0701754385964912,344,2,18,0
NA,NA,NA,NA,NA,NA,NA,NA,NA,NA,17.657075881958008,0.0005449714954011142,0.1310415605481956,22,0.0,18,1.0,344,2,18,1
NA,NA,NA,NA,NA,NA,NA,NA,NA,NA,35.80388641357422,0.0011050582397729158,0.38118260574020696,40,0.025,36,1.0,344,2,18,2
NA,NA,NA,NA,NA,NA,NA,NA,NA,NA,51.47853088378906,0.0015888435300439596,0.3985955524374193,47,0.06382978723404255,51,0.8235294117647058,344,2,19,0
NA,NA,NA,NA,NA,NA,NA,NA,NA,NA,17.162437438964844,0.0005297048483043909,0.32319940031636935,14,0.0,17,0.7647058823529411,344,2,19,1
NA,NA,NA,NA,NA,NA,NA,NA,NA,NA,37.803218841552734,0.0011667660437524319,0.36657292098125427,42,0.07142857142857142,38,1.131578947368421,344,2,19,2
NA,NA,NA,NA,NA,NA,NA,NA,NA,NA,47.84257125854492,0.0014766225358471274,0.4132527368560855,51,0.0392156862745098,48,1.0416666666666667,344,2,20,0
NA,NA,NA,NA,NA,NA,NA,NA,NA,NA,17.409059524536133,0.000537316664122045,0.07633394361499542,14,0.0,17,0.8823529411764706,344,2,20,1
NA,NA,NA,NA,NA,NA,NA,NA,NA,NA,34.63444137573242,0.0010689642513170838,0.28576560035036025,29,0.034482758620689655,35,1.0571428571428572,344,2,20,2
NA,NA,NA,NA,NA,NA,NA,NA,NA,NA,44.293758392333984,0.0013670913176611066,0.3937006091186251,37,0.02702702702702703,44,1.0227272727272727,344,2,21,0
NA,NA,NA,NA,NA,NA,NA,NA,NA,NA,16.749059677124023,0.000516946311108768,0.4960162133835629,15,0.0,17,0.8823529411764706,344,2,21,1
NA,NA,NA,NA,NA,NA,NA,NA,NA,NA,33.15643310546875,0.0010233466746285558,0.3185614586138901,21,0.0,33,1.2121212121212122,344,2,21,2
NA,NA,NA,NA,NA,NA,NA,NA,NA,NA,42.13787078857422,0.0013005515793338418,0.3828978947018581,42,0.0,42,0.9285714285714286,344,2,22,0
NA,NA,NA,NA,NA,NA,NA,NA,NA,NA,16.605173110961914,0.000512505357619375,0.4161986866825302,11,0.0,17,0.9411764705882353,344,2,22,1
NA,NA,NA,NA,NA,NA,NA,NA,NA,NA,32.66691970825195,0.0010082382941618562,0.37109093304138036,33,0.0,33,1.2121212121212122,344,2,22,2
NA,NA,NA,NA,NA,NA,NA,NA,NA,NA,40.719417572021484,0.001256772200576961,0.4150962958900479,42,0.023809523809523808,41,0.8292682926829268,344,2,23,0
NA,NA,NA,NA,NA,NA,NA,NA,NA,NA,16.505002975463867,0.0005094136577099562,0.3501674784571218,19,0.05263157894736842,17,0.8235294117647058,344,2,23,1
NA,NA,NA,NA,NA,NA,NA,NA,NA,NA,32.438961029052734,0.0010012025013566017,0.3197712033090425,33,0.0,32,1.0625,344,2,23,2
NA,NA,NA,NA,NA,NA,NA,NA,NA,NA,39.803321838378906,0.0012284975964576006,0.46731065570316466,31,0.0,40,0.875,344,2,24,0
NA,NA,NA,NA,NA,NA,NA,NA,NA,NA,16.444772720336914,0.0005075547378510237,0.31192842329395276,18,0.0,16,0.9375,344,2,24,1
NA,NA,NA,NA,NA,NA,NA,NA,NA,NA,32.33192443847656,0.000997898867353797,0.24083125858361987,40,0.0,32,0.875,344,2,24,2
NA,NA,NA,NA,NA,NA,NA,NA,NA,NA,39.038658142089844,0.001204896834678948,0.48353497545529667,50,0.0,39,0.5384615384615384,344,2,25,0
NA,NA,NA,NA,NA,NA,NA,NA,NA,NA,16.398744583129883,0.0005061340634711087,0.27436588649226284,14,0.0,16,0.9375,344,2,25,1
NA,NA,NA,NA,NA,NA,NA,NA,NA,NA,32.24761199951172,0.0009952966356649995,0.1398404804296306,35,0.02857142857142857,32,0.71875,344,2,25,2
NA,NA,NA,NA,NA,NA,NA,NA,NA,NA,38.50457763671875,0.0011884128907695413,0.4553880155885876,38,0.0,39,0.358974358974359,344,2,26,0
NA,NA,NA,NA,NA,NA,NA,NA,NA,NA,16.361862182617188,0.0005049957544542849,0.23879870898885014,7,0.0,16,0.8125,344,2,26,1
NA,NA,NA,NA,NA,NA,NA,NA,NA,NA,32.183223724365234,0.0009933094261214137,0.05198720867653605,33,0.0,32,0.625,344,2,26,2
NA,NA,NA,NA,NA,NA,NA,NA,NA,NA,38.58055877685547,0.001190757961012423,0.45801557407994037,42,0.0,39,0.6410256410256411,344,2,27,0
NA,NA,NA,NA,NA,NA,NA,NA,NA,NA,16.372034072875977,0.0005053096683695912,0.2447717552834086,16,0.0,16,0.9375,344,2,27,1
NA,NA,NA,NA,NA,NA,NA,NA,NA,NA,32.391883850097656,0.0009997495217248797,0.18234902564945135,40,0.0,32,0.71875,344,2,27,2
NA,NA,NA,NA,NA,NA,NA,NA,NA,NA,38.05297088623047,0.0011744743678718805,0.4026968251906537,34,0.0,38,0.2631578947368421,344,2,28,0
NA,NA,NA,NA,NA,NA,NA,NA,NA,NA,16.311920166015625,0.0005034542991779745,0.17375971320950762,24,0.0,16,0.375,344,2,28,1
NA,NA,NA,NA,NA,NA,NA,NA,NA,NA,32.150733947753906,0.0009923066245391965,0.0010852853213511645,31,0.0,32,0.21875,344,2,28,2
NA,NA,NA,NA,NA,NA,NA,NA,NA,NA,37.91803741455078,0.0011703098425641656,0.39246527353804367,39,0.02564102564102564,38,0.23684210526315788,344,2,29,0
NA,NA,NA,NA,NA,NA,NA,NA,NA,NA,16.28569221496582,0.0005026448052376509,0.14968650359827154,8,0.0,16,0.3125,344,2,29,1
NA,NA,NA,NA,NA,NA,NA,NA,NA,NA,32.133544921875,0.0009917761199176311,-0.005714277672851356,30,0.03333333333333333,32,0.15625,344,2,29,2
NA,NA,NA,NA,NA,NA,NA,NA,NA,NA,37.83378601074219,0.0011677094735205173,0.38819886016358274,30,0.0,38,0.21052631578947367,344,2,30,0
NA,NA,NA,NA,NA,NA,NA,NA,NA,NA,16.26742935180664,0.0005020811804570258,0.13563888946018143,20,0.0,16,0.0625,344,2,30,1
NA,NA,NA,NA,NA,NA,NA,NA,NA,NA,32.12824249267578,0.0009916124399751425,-0.007711450272455745,31,0.0,32,0.15625,344,2,30,2
NA,NA,NA,NA,NA,NA,NA,NA,NA,NA,37.78403091430664,0.0011661738390102983,0.3865112861785831,50,0.0,38,0.21052631578947367,344,2,31,0
NA,NA,NA,NA,NA,NA,NA,NA,NA,NA,16.25543212890625,0.0005017108633182943,0.12847009364464598,16,0.0,16,0.0625,344,2,31,1
NA,NA,NA,NA,NA,NA,NA,NA,NA,NA,32.128997802734375,0.0009916357230395079,-0.008471901266474792,37,0.02702702702702703,32,0.15625,344,2,31,2
NA,NA,NA,NA,NA,NA,NA,NA,NA,NA,37.749855041503906,0.0011651189997792244,0.38566493043940897,41,0.024390243902439025,38,0.21052631578947367,344,2,32,0
NA,NA,NA,NA,NA,NA,NA,NA,NA,NA,16.2476806640625,0.0005014716298319399,0.12488621538446806,7,0.0,16,0.0625,344,2,32,1
NA,NA,NA,NA,NA,NA,NA,NA,NA,NA,32.13249206542969,0.0009917436400428414,-0.00887179097499447,31,0.06451612903225806,32,0.15625,344,2,32,2
NA,NA,NA,NA,NA,NA,NA,NA,NA,NA,37.724700927734375,0.0011643426259979606,0.38515875002548744,38,0.0,38,0.21052631578947367,344,2,33,0
NA,NA,NA,NA,NA,NA,NA,NA,NA,NA,16.24224281311035,0.0005013038171455264,0.12276999674428464,10,0.0,16,0.0625,344,2,33,1
NA,NA,NA,NA,NA,NA,NA,NA,NA,NA,32.13740539550781,0.00099189521279186,-0.009162299335776522,37,0.02702702702702703,32,0.15625,344,2,33,2
NA,NA,NA,NA,NA,NA,NA,NA,NA,NA,37.92214584350586,0.0011704366188496351,0.39555214089499785,36,0.0,38,0.21052631578947367,344,2,34,0
NA,NA,NA,NA,NA,NA,NA,NA,NA,NA,16.54074478149414,0.0005105168092995882,0.10892118760728091,12,0.0,17,0.8823529411764706,344,2,34,1
NA,NA,NA,NA,NA,NA,NA,NA,NA,NA,32.18492889404297,0.0009933620458468795,0.0025183318096947587,31,0.0,32,0.25,344,2,34,2
NA,NA,NA,NA,NA,NA,NA,NA,NA,NA,37.70252227783203,0.0011636581039056182,0.38474101562229496,41,0.0,38,0.21052631578947367,344,2,35,0
NA,NA,NA,NA,NA,NA,NA,NA,NA,NA,16.248266220092773,0.0005014896742068231,0.12306453442941731,11,0.0,16,0.0625,344,2,35,1
NA,NA,NA,NA,NA,NA,NA,NA,NA,NA,32.1500129699707,0.0009922843892127275,-0.00948115831732551,40,0.0,32,0.15625,344,2,35,2
NA,NA,NA,NA,NA,NA,NA,NA,NA,NA,302.5121765136719,0.009336795657873154,0.6536892577557648,296,0.44932432432432434,303,1.132013201320132,344,3,1,0
NA,NA,NA,NA,NA,NA,NA,NA,NA,NA,63.26665496826172,0.0019526745891198516,0.5294431128649756,75,0.4,63,0.7936507936507936,344,3,1,1
NA,NA,NA,NA,NA,NA,NA,NA,NA,NA,107.57073974609375,0.0033200846519321203,0.4528034942930486,95,0.21052631578947367,108,0.7037037037037037,344,3,1,2
NA,NA,NA,NA,NA,NA,NA,NA,NA,NA,259.54840087890625,0.00801075343042612,0.6183023866495672,266,0.43609022556390975,260,1.0884615384615384,344,3,2,0
NA,NA,NA,NA,NA,NA,NA,NA,NA,NA,38.64253616333008,0.0011926708975806832,0.32650462185707724,38,0.07894736842105263,39,0.6153846153846154,344,3,2,1
NA,NA,NA,NA,NA,NA,NA,NA,NA,NA,88.86471557617188,0.0027427382301539183,0.44089300693735384,93,0.1935483870967742,89,0.6966292134831461,344,3,2,2
NA,NA,NA,NA,NA,NA,NA,NA,NA,NA,219.1100311279297,0.0067626554518938065,0.5754612363443932,238,0.4369747899159664,219,1.0228310502283104,344,3,3,0
NA,NA,NA,NA,NA,NA,NA,NA,NA,NA,34.897178649902344,0.0010770733933895826,0.3008476129582328,33,0.09090909090909091,35,0.6857142857142857,344,3,3,1
NA,NA,NA,NA,NA,NA,NA,NA,NA,NA,74.74996185302734,0.0023070976603776217,0.3633286271093916,74,0.12162162162162163,75,0.68,344,3,3,2
NA,NA,NA,NA,NA,NA,NA,NA,NA,NA,184.49530029296875,0.005694299470633268,0.5118466074624678,153,0.3333333333333333,184,0.9021739130434783,344,3,4,0
NA,NA,NA,NA,NA,NA,NA,NA,NA,NA,29.29034423828125,0.0009040229488164186,0.30739345692773934,31,0.06451612903225806,29,0.5172413793103449,344,3,4,1
NA,NA,NA,NA,NA,NA,NA,NA,NA,NA,64.00740051269531,0.001975537044927478,0.26117719039289333,63,0.12698412698412698,64,0.578125,344,3,4,2
NA,NA,NA,NA,NA,NA,NA,NA,NA,NA,169.45338439941406,0.005230042617768049,0.5069703745028376,155,0.34838709677419355,169,0.9526627218934911,344,3,5,0
NA,NA,NA,NA,NA,NA,NA,NA,NA,NA,25.575504302978516,0.0007893674192018807,0.26314666768737355,24,0.0,26,0.38461538461538464,344,3,5,1
NA,NA,NA,NA,NA,NA,NA,NA,NA,NA,56.729331970214844,0.0017509052995592356,0.2705567643429721,57,0.03508771929824561,57,0.5263157894736842,344,3,5,2
NA,NA,NA,NA,NA,NA,NA,NA,NA,NA,141.496337890625,0.0043671708554029465,0.44313040946034904,142,0.2605633802816901,141,0.8794326241134752,344,3,6,0
NA,NA,NA,NA,NA,NA,NA,NA,NA,NA,22.88983917236328,0.0007064765086397529,0.25816128192476784,24,0.0,23,0.34782608695652173,344,3,6,1
NA,NA,NA,NA,NA,NA,NA,NA,NA,NA,51.78728103637695,0.0015983728226274252,0.1919103720054469,51,0.0196078431372549,52,0.4423076923076923,344,3,6,2
NA,NA,NA,NA,NA,NA,NA,NA,NA,NA,127.61900329589844,0.0039388579316437244,0.42323216766164645,131,0.22137404580152673,128,0.8046875,344,3,7,0
NA,NA,NA,NA,NA,NA,NA,NA,NA,NA,21.914079666137695,0.0006763605051673949,0.1394890696835539,15,0.0,22,0.22727272727272727,344,3,7,1
NA,NA,NA,NA,NA,NA,NA,NA,NA,NA,50.530487060546875,0.001559582888148725,0.1632923120527519,52,0.057692307692307696,51,0.3333333333333333,344,3,7,2
NA,NA,NA,NA,NA,NA,NA,NA,NA,NA,117.567138671875,0.003628615289926529,0.4352224849833512,116,0.19827586206896552,118,0.847457627118644,344,3,8,0
NA,NA,NA,NA,NA,NA,NA,NA,NA,NA,21.222713470458984,0.000655022042337805,0.19256250440875283,24,0.0,21,0.3333333333333333,344,3,8,1
NA,NA,NA,NA,NA,NA,NA,NA,NA,NA,47.477760314941406,0.0014653629623353481,0.15028891706526826,51,0.0392156862745098,47,0.46808510638297873,344,3,8,2
NA,NA,NA,NA,NA,NA,NA,NA,NA,NA,103.67449188232422,0.003199829952791333,0.4151191591448763,102,0.12745098039215685,104,0.8076923076923077,344,3,9,0
NA,NA,NA,NA,NA,NA,NA,NA,NA,NA,19.852210998535156,0.0006127225351519883,0.2380040490719557,20,0.0,20,0.05,344,3,9,1
NA,NA,NA,NA,NA,NA,NA,NA,NA,NA,46.823280334472656,0.0014451629249379039,0.20796059070121034,50,0.02,47,0.574468085106383,344,3,9,2
NA,NA,NA,NA,NA,NA,NA,NA,NA,NA,93.1943130493164,0.0028763676527887583,0.4100329804797079,96,0.09375,93,0.8709677419354839,344,3,10,0
NA,NA,NA,NA,NA,NA,NA,NA,NA,NA,19.095449447631836,0.0005893657216802239,0.23309585556286208,10,0.0,19,0.15789473684210525,344,3,10,1
NA,NA,NA,NA,NA,NA,NA,NA,NA,NA,41.7879524230957,0.0012897516135126352,0.14820477484726896,44,0.045454545454545456,42,0.5952380952380952,344,3,10,2
NA,NA,NA,NA,NA,NA,NA,NA,NA,NA,83.72543334960938,0.0025841183960437775,0.41038148869848995,83,0.1686746987951807,84,0.8571428571428571,344,3,11,0
NA,NA,NA,NA,NA,NA,NA,NA,NA,NA,19.294601440429688,0.0005955123924650252,0.08108654899691847,19,0.0,19,0.3684210526315789,344,3,11,1
NA,NA,NA,NA,NA,NA,NA,NA,NA,NA,40.18556213378906,0.0012402951251715422,0.21650903076110065,37,0.02702702702702703,40,0.675,344,3,11,2
NA,NA,NA,NA,NA,NA,NA,NA,NA,NA,78.0279769897461,0.0024082709569483995,0.44883423721946547,96,0.10416666666666667,78,0.8461538461538461,344,3,12,0
NA,NA,NA,NA,NA,NA,NA,NA,NA,NA,18.219139099121094,0.0005623191245831549,0.2919254483090901,19,0.0,18,0.4444444444444444,344,3,12,1
NA,NA,NA,NA,NA,NA,NA,NA,NA,NA,38.45473098754883,0.0011868744622915983,0.18549996936141244,43,0.06976744186046512,38,0.631578947368421,344,3,12,2
NA,NA,NA,NA,NA,NA,NA,NA,NA,NA,71.00820922851562,0.0021916113328188658,0.4168625366214714,65,0.18461538461538463,71,0.8873239436619719,344,3,13,0
NA,NA,NA,NA,NA,NA,NA,NA,NA,NA,17.89866065979004,0.0005524277803488076,0.21040862103289135,13,0.0,18,0.5555555555555556,344,3,13,1
NA,NA,NA,NA,NA,NA,NA,NA,NA,NA,38.56765365600586,0.001190359704196453,0.23184153390628934,35,0.02857142857142857,39,0.8717948717948718,344,3,13,2
NA,NA,NA,NA,NA,NA,NA,NA,NA,NA,66.47749328613281,0.00205177441239357,0.383158113515423,71,0.14084507042253522,66,0.8939393939393939,344,3,14,0
NA,NA,NA,NA,NA,NA,NA,NA,NA,NA,17.79973030090332,0.0005493743810802698,0.22967767801812805,14,0.0,18,0.6666666666666666,344,3,14,1
NA,NA,NA,NA,NA,NA,NA,NA,NA,NA,39.800167083740234,0.0012284002732485533,0.31629372992695937,38,0.05263157894736842,40,1.05,344,3,14,2
NA,NA,NA,NA,NA,NA,NA,NA,NA,NA,60.36722183227539,0.0018631858984008431,0.3603660402465222,66,0.13636363636363635,60,0.8166666666666667,344,3,15,0
NA,NA,NA,NA,NA,NA,NA,NA,NA,NA,17.197751998901367,0.0005307947867549956,0.2212761789079768,11,0.0,17,0.8823529411764706,344,3,15,1
NA,NA,NA,NA,NA,NA,NA,NA,NA,NA,38.30140686035156,0.0011821421794593334,0.23500114309167586,53,0.05660377358490566,38,1.0789473684210527,344,3,15,2
NA,NA,NA,NA,NA,NA,NA,NA,NA,NA,57.71720886230469,0.0017813952872529626,0.3849711177238251,48,0.14583333333333334,58,0.8448275862068966,344,3,16,0
NA,NA,NA,NA,NA,NA,NA,NA,NA,NA,17.216426849365234,0.0005313712172210217,0.3240671312150608,17,0.0,17,0.7058823529411765,344,3,16,1
NA,NA,NA,NA,NA,NA,NA,NA,NA,NA,36.096824645996094,0.001114099519327283,0.23059701237041857,36,0.05555555555555555,36,1.0833333333333333,344,3,16,2
NA,NA,NA,NA,NA,NA,NA,NA,NA,NA,54.120521545410156,0.0016703864093869925,0.32278195115269115,49,0.14285714285714285,54,0.7962962962962963,344,3,17,0
NA,NA,NA,NA,NA,NA,NA,NA,NA,NA,16.960216522216797,0.0005234634736552835,0.429972720618583,16,0.0,17,0.8235294117647058,344,3,17,1
NA,NA,NA,NA,NA,NA,NA,NA,NA,NA,34.74317932128906,0.0010723203886300325,0.3078599777449057,46,0.06521739130434782,35,1.0285714285714285,344,3,17,2
NA,NA,NA,NA,NA,NA,NA,NA,NA,NA,52.509681701660156,0.001620669150725007,0.3119704929968748,54,0.037037037037037035,53,0.9245283018867925,344,3,18,0
NA,NA,NA,NA,NA,NA,NA,NA,NA,NA,16.781248092651367,0.0005179397412575781,0.4560638286480591,15,0.0,17,0.5882352941176471,344,3,18,1
NA,NA,NA,NA,NA,NA,NA,NA,NA,NA,34.178260803222656,0.0010548846330493689,0.35023102985528304,30,0.0,34,0.9705882352941176,344,3,18,2
NA,NA,NA,NA,NA,NA,NA,NA,NA,NA,49.11432647705078,0.001515874289907515,0.3100482434183652,45,0.022222222222222223,49,0.9795918367346939,344,3,19,0
NA,NA,NA,NA,NA,NA,NA,NA,NA,NA,16.7384090423584,0.0005166175542399287,0.34451939243346147,15,0.0,17,0.6470588235294118,344,3,19,1
NA,NA,NA,NA,NA,NA,NA,NA,NA,NA,33.721622467041016,0.001040790812112391,0.19077989773180873,38,0.0,34,0.9705882352941176,344,3,19,2
NA,NA,NA,NA,NA,NA,NA,NA,NA,NA,45.38875961303711,0.0014008876169100404,0.25536386981731146,39,0.0,45,0.9555555555555556,344,3,20,0
NA,NA,NA,NA,NA,NA,NA,NA,NA,NA,16.622575759887695,0.0005130424397066236,0.25303525510717,11,0.0,17,0.6470588235294118,344,3,20,1
NA,NA,NA,NA,NA,NA,NA,NA,NA,NA,33.323890686035156,0.0010285151656717062,0.11489591097419773,33,0.0,33,1.0909090909090908,344,3,20,2
NA,NA,NA,NA,NA,NA,NA,NA,NA,NA,42.34914016723633,0.001307072234340012,0.19936560783176738,44,0.0,42,0.9285714285714286,344,3,21,0
NA,NA,NA,NA,NA,NA,NA,NA,NA,NA,16.450651168823242,0.000507736171130091,0.35234340668520847,23,0.0,16,0.6875,344,3,21,1
NA,NA,NA,NA,NA,NA,NA,NA,NA,NA,32.83967208862305,0.0010135701159015298,0.13303532353182,36,0.0,33,0.9696969696969697,344,3,21,2
NA,NA,NA,NA,NA,NA,NA,NA,NA,NA,40.38662338256836,0.0012465007603168488,0.20117397619982347,33,0.030303030303030304,40,0.575,344,3,22,0
NA,NA,NA,NA,NA,NA,NA,NA,NA,NA,16.30881118774414,0.0005033583729527891,0.33323271369884616,11,0.0,16,0.8125,344,3,22,1
NA,NA,NA,NA,NA,NA,NA,NA,NA,NA,32.51536178588867,0.0010035604937002063,0.1793800962425182,40,0.0,33,0.7575757575757576,344,3,22,2
NA,NA,NA,NA,NA,NA,NA,NA,NA,NA,39.30742263793945,0.0012131920084357262,0.25043719400991304,37,0.0,39,0.48717948717948717,344,3,23,0
NA,NA,NA,NA,NA,NA,NA,NA,NA,NA,16.22572898864746,0.0005007940926589072,0.2855057020948623,15,0.0,16,0.8125,344,3,23,1
NA,NA,NA,NA,NA,NA,NA,NA,NA,NA,32.37843322753906,0.000999334384687245,0.13661665407140652,31,0.0,32,0.71875,344,3,23,2
NA,NA,NA,NA,NA,NA,NA,NA,NA,NA,38.87031936645508,0.0011997012188658118,0.30706514871033663,29,0.0,39,0.28205128205128205,344,3,24,0
NA,NA,NA,NA,NA,NA,NA,NA,NA,NA,16.18744468688965,0.0004996124771423638,0.24002189109177094,19,0.0,16,0.75,344,3,24,1
NA,NA,NA,NA,NA,NA,NA,NA,NA,NA,32.34430694580078,0.0009982810588553548,0.07192278017106579,44,0.0,32,0.6875,344,3,24,2
NA,NA,NA,NA,NA,NA,NA,NA,NA,NA,38.28135681152344,0.0011815233156085014,0.3927432089737945,31,0.0,38,0.21052631578947367,344,3,25,0
NA,NA,NA,NA,NA,NA,NA,NA,NA,NA,16.132646560668945,0.0004979211953468621,0.18362567271030317,14,0.0,16,0.375,344,3,25,1
NA,NA,NA,NA,NA,NA,NA,NA,NA,NA,32.269386291503906,0.0009959687013179064,0.016871863208924285,32,0.0,32,0.28125,344,3,25,2
NA,NA,NA,NA,NA,NA,NA,NA,NA,NA,38.02956771850586,0.0011737521272152662,0.39723442303278295,49,0.0,38,0.15789473684210525,344,3,26,0
NA,NA,NA,NA,NA,NA,NA,NA,NA,NA,16.09856414794922,0.0004968692664988339,0.14611867904196815,19,0.0,16,0.25,344,3,26,1
NA,NA,NA,NA,NA,NA,NA,NA,NA,NA,32.247222900390625,0.0009952846448868513,0.0014211309054642102,28,0.0,32,0.15625,344,3,26,2
NA,NA,NA,NA,NA,NA,NA,NA,NA,NA,37.90251541137695,0.001169830677099526,0.39191812898753353,37,0.0,38,0.15789473684210525,344,3,27,0
NA,NA,NA,NA,NA,NA,NA,NA,NA,NA,16.07493782043457,0.00049614004092291,0.12558780871201233,11,0.0,16,0.0625,344,3,27,1
NA,NA,NA,NA,NA,NA,NA,NA,NA,NA,32.240806579589844,0.0009950866224244237,-0.003033020017623071,25,0.0,32,0.125,344,3,27,2
NA,NA,NA,NA,NA,NA,NA,NA,NA,NA,37.832828521728516,0.0011676799040287733,0.38976601475245887,37,0.02702702702702703,38,0.15789473684210525,344,3,28,0
NA,NA,NA,NA,NA,NA,NA,NA,NA,NA,16.05923080444336,0.0004956552875228226,0.11608467207728547,16,0.0,16,0.0625,344,3,28,1
NA,NA,NA,NA,NA,NA,NA,NA,NA,NA,32.241641998291016,0.0009951123502105474,-0.004487358076576686,42,0.0,32,0.125,344,3,28,2
NA,NA,NA,NA,NA,NA,NA,NA,NA,NA,37.79203796386719,0.001166420872323215,0.38877927706878845,29,0.0,38,0.15789473684210525,344,3,29,0
NA,NA,NA,NA,NA,NA,NA,NA,NA,NA,16.04949188232422,0.0004953547031618655,0.11157410732094497,23,0.0,16,0.0625,344,3,29,1
NA,NA,NA,NA,NA,NA,NA,NA,NA,NA,32.2463264465332,0.0009952569380402565,-0.005186631280077868,30,0.0,32,0.125,344,3,29,2
NA,NA,NA,NA,NA,NA,NA,NA,NA,NA,37.76558303833008,0.0011656044516712427,0.38819251040285535,37,0.0,38,0.15789473684210525,344,3,30,0
NA,NA,NA,NA,NA,NA,NA,NA,NA,NA,16.043550491333008,0.0004951712908223271,0.10926875663380713,14,0.0,16,0.0625,344,3,30,1
NA,NA,NA,NA,NA,NA,NA,NA,NA,NA,32.25222396850586,0.0009954390116035938,-0.005682670766872578,37,0.0,32,0.125,344,3,30,2
NA,NA,NA,NA,NA,NA,NA,NA,NA,NA,37.74610900878906,0.0011650033993646502,0.3877536673685045,33,0.0,38,0.15789473684210525,344,3,31,0
NA,NA,NA,NA,NA,NA,NA,NA,NA,NA,16.039369583129883,0.000495042244438082,0.10773899470385424,21,0.0,16,0.0625,344,3,31,1
NA,NA,NA,NA,NA,NA,NA,NA,NA,NA,32.25838851928711,0.000995629234239459,-0.006091394641462128,33,0.0,32,0.125,344,3,31,2
NA,NA,NA,NA,NA,NA,NA,NA,NA,NA,37.731388092041016,0.0011645490303635597,0.3874249883935204,43,0.0,38,0.15789473684210525,344,3,32,0
NA,NA,NA,NA,NA,NA,NA,NA,NA,NA,16.03614044189453,0.0004949425929225981,0.10660847013568164,20,0.0,16,0.0625,344,3,32,1
NA,NA,NA,NA,NA,NA,NA,NA,NA,NA,32.264400482177734,0.0009958148002624512,-0.006420960905090903,39,0.0,32,0.125,344,3,32,2
NA,NA,NA,NA,NA,NA,NA,NA,NA,NA,37.71931838989258,0.0011641765013337135,0.3871657448754034,44,0.0,38,0.15789473684210525,344,3,33,0
NA,NA,NA,NA,NA,NA,NA,NA,NA,NA,16.033437728881836,0.0004948591813445091,0.10568902907853192,14,0.0,16,0.0625,344,3,33,1
NA,NA,NA,NA,NA,NA,NA,NA,NA,NA,32.27025604248047,0.0009959955932572484,-0.006689486302019392,43,0.0,32,0.125,344,3,33,2
NA,NA,NA,NA,NA,NA,NA,NA,NA,NA,37.70886993408203,0.001163854030892253,0.386944460885104,47,0.0,38,0.15789473684210525,344,3,34,0
NA,NA,NA,NA,NA,NA,NA,NA,NA,NA,16.031015396118164,0.0004947844427078962,0.10489727811053146,10,0.0,16,0.0625,344,3,34,1
NA,NA,NA,NA,NA,NA,NA,NA,NA,NA,32.275840759277344,0.0009961678879335523,-0.006934197337942542,31,0.0,32,0.125,344,3,34,2
NA,NA,NA,NA,NA,NA,NA,NA,NA,NA,37.69999694824219,0.0011635801056399941,0.3867596240911467,39,0.0,38,0.15789473684210525,344,3,35,0
NA,NA,NA,NA,NA,NA,NA,NA,NA,NA,16.029024124145508,0.0004947229754179716,0.10425974365691615,17,0.0,16,0.0625,344,3,35,1
NA,NA,NA,NA,NA,NA,NA,NA,NA,NA,32.2808837890625,0.0009963235352188349,-0.007143384336664197,29,0.0,32,0.125,344,3,35,2
0.8759124087591241,274,1.1929260450160772,311,1.132,250,1.2974051896207586,501,1.2115384615384615,260,293.98681640625,0.009073667228221893,0.6492573125509092,286,0.45104895104895104,294,1.0952380952380953,345,0,1,0
0.6172839506172839,81,0.8431372549019608,51,1.1711711711711712,111,1.4609929078014185,141,0.5862068965517241,29,60.90616226196289,0.001879819785244763,0.4775695914234665,54,0.2962962962962963,61,0.7868852459016393,345,0,1,1
0.5957446808510638,94,0.7283950617283951,81,0.8405797101449275,69,0.6923076923076923,65,1.0526315789473684,95,102.11548614501953,0.0031517124734818935,0.4461249248825209,108,0.23148148148148148,102,0.7058823529411765,345,0,1,2
0.903010033444816,299,1.1310861423220975,267,0.7608695652173914,138,1.3706422018348623,545,0.7684210526315789,95,239.4169158935547,0.007389410864561796,0.5919531457060316,242,0.3140495867768595,239,1.0585774058577406,345,0,2,0
0.48717948717948717,39,1.09375,64,0.7619047619047619,21,0.47368421052631576,19,0.3333333333333333,12,38.174896240234375,0.0011782374931499362,0.3684212696234595,32,0.125,38,0.47368421052631576,345,0,2,1
0.5882352941176471,102,0.7945205479452054,73,1.178082191780822,73,0.5,18,1.1764705882352942,85,75.66175842285156,0.0023352394346147776,0.2923504662775893,65,0.09230769230769231,76,0.5526315789473685,345,0,2,2
0.8072289156626506,166,0.9813953488372092,215,0.8252427184466019,103,1.0,147,1.062857142857143,175,196.34823608398438,0.0060601308941841125,0.5438960944424976,206,0.27184466019417475,196,0.9183673469387755,345,0,3,0
0.5789473684210527,19,0.8333333333333334,30,1.0425531914893618,47,0.7619047619047619,21,0.0,3,33.378517150878906,0.0010302010923624039,0.4385143362641119,25,0.12,33,0.45454545454545453,345,0,3,1
0.5930232558139535,86,0.6060606060606061,33,0.32142857142857145,28,1.5178571428571428,112,1.528301886792453,212,65.53253936767578,0.0020226093474775553,0.2941986361703793,66,0.030303030303030304,66,0.5151515151515151,345,0,3,2
0.7538461538461538,195,1.0121212121212122,165,0.9902912621359223,103,1.0,103,0.9029126213592233,103,171.31451416015625,0.00528748519718647,0.49116508166274914,170,0.22941176470588234,171,0.935672514619883,345,0,4,0
0.6206896551724138,29,0.6818181818181818,22,0.4,10,0.3333333333333333,6,0.3333333333333333,3,28.065322875976562,0.0008662136970087886,0.3017577363536395,32,0.03125,28,0.42857142857142855,345,0,4,1
0.45,60,0.9245283018867925,53,0.9130434782608695,46,0.42105263157894735,19,0.2222222222222222,9,59.092933654785156,0.0018238560296595097,0.20375719278647564,59,0.03389830508474576,59,0.5084745762711864,345,0,4,2
0.7643312101910829,157,0.8985507246376812,138,0.8404255319148937,94,1.0446927374301676,179,0.7352941176470589,68,151.2482452392578,0.004668155685067177,0.48975440119712144,159,0.2893081761006289,151,0.9205298013245033,345,0,5,0
0.6410256410256411,39,0.6875,32,0.0,6,0.4444444444444444,9,1.7530864197530864,243,29.006587982177734,0.0008952650823630393,0.29006888563804356,34,0.029411764705882353,29,0.5517241379310345,345,0,5,1
0.5277777777777778,72,0.6818181818181818,44,1.2727272727272727,110,0.14285714285714285,7,0.0,5,54.2801399230957,0.0016753129893913865,0.24261908846061364,58,0.10344827586206896,54,0.5,345,0,5,2
0.8208955223880597,134,0.8144329896907216,97,1.1812865497076024,171,0.8214285714285714,56,0.3939393939393939,33,131.93492126464844,0.004072065465152264,0.48306513536231505,132,0.30303030303030304,132,0.8787878787878788,345,0,6,0
0.38095238095238093,21,0.6774193548387096,31,0.3333333333333333,3,0.8,15,0.6666666666666666,3,25.459121704101562,0.0007857753662392497,0.3803123883154051,16,0.0,25,0.6,345,0,6,1
0.4727272727272727,55,0.8148148148148148,27,0.46153846153846156,13,1.403225806451613,62,0.0,7,49.545684814453125,0.001529187778942287,0.253056728645054,57,0.05263157894736842,50,0.5,345,0,6,2
0.5952380952380952,84,0.726027397260274,73,1.069767441860465,86,0.48148148148148145,27,1.3445378151260505,119,111.7882080078125,0.003450253279879689,0.4427853056537171,110,0.2,112,0.7678571428571429,345,0,7,0
0.25,20,1.1081081081081081,37,0.0,1,0.0,4,1.3880597014925373,67,22.270084381103516,0.0006873483071103692,0.20507461116860937,23,0.0,22,0.4090909090909091,345,0,7,1
0.4666666666666667,45,0.7906976744186046,43,1.0188679245283019,53,0.6,10,0.0,4,46.79436492919922,0.0014442704850807786,0.16590818908680066,56,0.0,47,0.5106382978723404,345,0,7,2
0.5420560747663551,107,0.6538461538461539,52,1.2613636363636365,88,1.3550295857988166,169,1.5,146,95.53886413574219,0.0029487304855138063,0.379361059241623,95,0.10526315789473684,96,0.71875,345,0,8,0
0.16666666666666666,12,1.0555555555555556,18,0.4,5,0.0,2,1.3411764705882352,85,20.762916564941406,0.000640830781776458,0.21151643653162705,21,0.0,21,0.42857142857142855,345,0,8,1
0.5517241379310345,58,0.8852459016393442,61,1.236842105263158,114,0.375,8,0.7272727272727273,11,44.89457321166992,0.0013856349978595972,0.17371959156555955,33,0.0,45,0.7111111111111111,345,0,8,2
0.4880952380952381,84,0.9117647058823529,102,1.0103092783505154,97,0.4166666666666667,36,0.41935483870967744,31,86.00664520263672,0.002654526149854064,0.39509543023290067,87,0.11494252873563218,86,0.7906976744186046,345,0,9,0
0.3076923076923077,13,0.4,5,1.5333333333333334,45,1.1428571428571428,28,1.5087719298245614,114,19.83563995361328,0.0006122111226432025,0.15410382254375482,17,0.0,20,0.4,345,0,9,1
0.4,40,0.5416666666666666,24,0.6451612903225806,31,0.7272727272727273,22,0.5,8,44.22694396972656,0.0013650291366502643,0.27965139420903296,36,0.027777777777777776,44,0.8636363636363636,345,0,9,2
0.5522388059701493,67,0.873015873015873,63,0.6833333333333333,60,1.3495145631067962,103,1.5279187817258884,197,73.88595581054688,0.0022804306354373693,0.32836450145616547,74,0.08108108108108109,74,0.7702702702702703,345,0,10,0
0.36363636363636365,22,0.25,4,1.0,14,-1.0,0,-1.0,0,19.054019927978516,0.0005880870157852769,0.30544279239851707,19,0.0,19,0.6842105263157895,345,0,10,1
0.4634146341463415,41,0.925,40,1.1063829787234043,47,1.1864406779661016,59,0.2222222222222222,18,38.55820083618164,0.0011900679673999548,0.17431744340015667,42,0.023809523809523808,39,0.7692307692307693,345,0,10,2
0.5,48,0.9056603773584906,53,0.9491525423728814,59,0.23529411764705882,17,1.575268817204301,186,65.9601058959961,0.0020358057226985693,0.29247329754487905,55,0.03636363636363636,66,0.6212121212121212,345,0,11,0
0.16666666666666666,18,0.3333333333333333,3,1.1428571428571428,14,0.0,3,1.6542056074766356,107,18.42217254638672,0.0005685855867341161,0.18547119297617642,24,0.0,18,0.6111111111111112,345,0,11,1
0.6,45,0.5897435897435898,39,0.5625,16,1.289855072463768,69,0.23076923076923078,13,39.140506744384766,0.0012080402811989188,0.2306783478499597,37,0.0,39,0.8205128205128205,345,0,11,2
0.4666666666666667,60,0.4772727272727273,44,1.2967032967032968,91,1.3157894736842106,133,0.14285714285714285,7,61.51728057861328,0.0018986815121024847,0.2616561916433869,61,0.14754098360655737,62,0.7258064516129032,345,0,12,0
0.391304347826087,23,0.9230769230769231,13,0.0,1,-1.0,0,-1.0,0,17.861343383789062,0.0005512760253623128,0.2618141934020962,16,0.0,18,0.5555555555555556,345,0,12,1
0.20833333333333334,24,0.7,30,1.1785714285714286,28,0.16666666666666666,6,0.0,3,38.26554870605469,0.0011810354189947248,0.4183567832174534,38,0.07894736842105263,38,0.9210526315789473,345,0,12,2
0.59375,64,0.9875,80,1.0714285714285714,42,0.8032786885245902,61,0.23076923076923078,13,59.897003173828125,0.0018486729823052883,0.3250447121262003,51,0.0392156862745098,60,0.9166666666666666,345,0,13,0
0.5925925925925926,27,1.1785714285714286,28,0.0,2,-1.0,0,-1.0,0,17.819114685058594,0.0005499726976267993,0.153517746831833,15,0.0,18,0.5555555555555556,345,0,13,1
0.4888888888888889,45,0.8913043478260869,46,0.0,3,0.96875,32,1.4751381215469612,181,37.390296936035156,0.0011540214763954282,0.15148530179639202,45,0.022222222222222223,37,0.8108108108108109,345,0,13,2
0.5633802816901409,71,1.1785714285714286,84,1.1403508771929824,57,1.3098591549295775,71,0.375,8,59.026798248291016,0.0018218148034065962,0.3479129824200066,68,0.04411764705882353,59,0.8983050847457628,345,0,14,0
0.3333333333333333,12,0.3333333333333333,6,1.3571428571428572,14,0.0,3,0.36363636363636365,11,17.755380630493164,0.0005480055697262287,0.13521968218382963,22,0.045454545454545456,18,0.4444444444444444,345,0,14,1
0.15,20,0.8421052631578947,38,0.7741935483870968,31,1.3829787234042554,47,0.16666666666666666,6,38.49287033081055,0.0011880515376105905,0.1846018661700897,46,0.0,38,1.0,345,0,14,2
0.37777777777777777,45,1.0,54,1.4242424242424243,99,1.4,40,0.9166666666666666,24,55.05812454223633,0.00169932481367141,0.32832503993209766,60,0.1,55,1.0,345,0,15,0
0.16666666666666666,12,0.9444444444444444,18,1.0555555555555556,18,0.5,2,0.0,1,17.3978214263916,0.0005369698046706617,0.11854872905755408,17,0.0,17,0.5882352941176471,345,0,15,1
0.2962962962962963,27,0.7333333333333333,15,1.1428571428571428,14,1.0454545454545454,22,1.535031847133758,157,35.98902893066406,0.001110772485844791,0.1408448838360799,50,0.02,36,1.0555555555555556,345,0,15,2
0.4791666666666667,48,0.8,45,1.0169491525423728,59,0.6206896551724138,29,0.14285714285714285,7,52.836387634277344,0.0016307526966556907,0.2889698152055475,55,0.03636363636363636,53,0.9245283018867925,345,0,16,0
0.4,30,0.8333333333333334,12,1.3571428571428572,56,-1.0,0,-1.0,0,17.117305755615234,0.0005283118807710707,0.160631103950252,26,0.0,17,0.5294117647058824,345,0,16,1
0.18181818181818182,33,0.65625,32,1.393939393939394,99,1.4166666666666667,72,1.6774193548387097,465,36.40042495727539,0.0011234699049964547,0.10378643160949635,25,0.0,36,1.0277777777777777,345,0,16,2
0.4,30,0.7833333333333333,60,0.8918918918918919,37,0.6,15,0.9333333333333333,15,51.09070587158203,0.0015768735902383924,0.3000082416780634,49,0.08163265306122448,51,0.9607843137254902,345,0,17,0
0.7,10,1.0,21,1.3846153846153846,13,0.6153846153846154,13,0.0,4,17.055940628051758,0.0005264179199002683,0.24893018410722786,22,0.0,17,0.7058823529411765,345,0,17,1
0.36666666666666664,30,1.1411764705882352,85,1.47,100,1.0303030303030303,33,0.0,2,34.985408782958984,0.0010797965805977583,0.13676944496031715,38,0.0,35,1.0571428571428572,345,0,17,2
0.5862068965517241,58,0.8695652173913043,69,1.2105263157894737,57,0.9855072463768116,69,1.5769230769230769,130,50.27655792236328,0.0015517455758526921,0.2996279472511551,43,0.06976744186046512,50,1.06,345,0,18,0
0.4857142857142857,35,1.0,26,1.2727272727272727,33,1.0909090909090908,22,0.0,2,17.093826293945312,0.000527587253600359,0.08026448107646786,18,0.0,17,0.5294117647058824,345,0,18,1
0.5531914893617021,47,0.9473684210526315,38,0.7647058823529411,17,0.5714285714285714,7,1.2,55,35.3094596862793,0.0010897981701418757,0.13839992535267806,26,0.0,35,1.1142857142857143,345,0,18,2
0.40625,32,0.6756756756756757,37,1.25,44,0.5909090909090909,22,1.1428571428571428,42,47.72334289550781,0.001472942647524178,0.19412476196885678,49,0.02040816326530612,48,0.9166666666666666,345,0,19,0
0.5,30,0.7777777777777778,9,-1.0,0,1.5319148936170213,47,0.0,2,16.742948532104492,0.0005167576600797474,0.20689649481529462,11,0.0,17,0.5882352941176471,345,0,19,1
0.5263157894736842,57,1.032258064516129,31,1.1964285714285714,56,0.0,1,0.0,1,34.075355529785156,0.0010517084738239646,0.118662823847041,25,0.0,34,1.0294117647058822,345,0,19,2
0.6486486486486487,74,0.6538461538461539,26,1.0153846153846153,65,0.926829268292683,41,1.2424242424242424,33,46.19061279296875,0.0014256362337619066,0.19887630063921238,52,0.038461538461538464,46,0.8695652173913043,345,0,20,0
0.29411764705882354,17,1.1142857142857143,35,0.3333333333333333,3,1.704225352112676,71,1.5666666666666667,210,16.738033294677734,0.0005166059709154069,0.17064638666922333,18,0.0,17,0.7647058823529411,345,0,20,1
0.4634146341463415,41,0.9090909090909091,33,0.2,5,0.0,2,0.375,8,33.86870193481445,0.0010453303111717105,0.10548519017872954,29,0.0,34,1.0294117647058822,345,0,20,2
0.425531914893617,47,0.9032258064516129,62,1.175,40,1.535031847133758,157,0.1111111111111111,9,45.85408020019531,0.0014152494259178638,0.1664013550484323,43,0.046511627906976744,46,0.9782608695652174,345,0,21,0
0.38461538461538464,13,0.0,1,-1.0,0,-1.0,0,-1.0,0,16.627885818481445,0.0005132063524797559,0.1402082565591356,13,0.0,17,0.8235294117647058,345,0,21,1
0.42857142857142855,28,0.782608695652174,23,0.8571428571428571,21,1.4444444444444444,36,0.45454545454545453,11,34.103050231933594,0.0010525633115321398,0.09216340339533702,25,0.0,34,1.088235294117647,345,0,21,2
0.40425531914893614,47,1.05,20,0.8518518518518519,27,0.0,2,1.2448979591836735,49,44.2891845703125,0.0013669501058757305,0.1717449150831222,51,0.0196078431372549,44,0.9318181818181818,345,0,22,0
0.2222222222222222,18,1.0263157894736843,38,1.3448275862068966,29,1.1071428571428572,28,-1.0,0,16.629850387573242,0.0005132670048624277,0.1655547578020907,22,0.0,17,0.7647058823529411,345,0,22,1
0.25,24,0.8214285714285714,28,1.4743589743589745,78,0.3333333333333333,3,0.3333333333333333,3,33.60407257080078,0.0010371627286076546,0.10069064872127147,39,0.0,34,1.088235294117647,345,0,22,2
0.5555555555555556,45,1.0135135135135136,74,0.5,6,1.5772357723577235,123,0.3333333333333333,15,42.767452239990234,0.0013199830427765846,0.1547545973930034,38,0.02631578947368421,43,0.9767441860465116,345,0,23,0
0.2222222222222222,9,1.1388888888888888,36,0.6,5,-1.0,0,-1.0,0,16.551687240600586,0.0005108545301482081,0.25799119821014976,16,0.0,17,0.5882352941176471,345,0,23,1
0.5526315789473685,38,1.0,30,0.0,3,0.7368421052631579,19,1.303921568627451,102,33.073028564453125,0.0010207724990323186,0.1308857658688092,39,0.0,33,1.0303030303030303,345,0,23,2
0.5849056603773585,53,1.2285714285714286,35,1.2142857142857142,28,0.0,7,0.0,2,42.784908294677734,0.0013205218128859997,0.1293068053177098,48,0.0,43,1.069767441860465,345,0,24,0
0.36363636363636365,11,0.75,4,1.2285714285714286,35,-1.0,0,-1.0,0,16.510807037353516,0.0005095928208902478,0.1708299157811687,17,0.0,17,0.7647058823529411,345,0,24,1
0.5517241379310345,29,0.7419354838709677,31,1.1724137931034482,29,0.0,1,1.6625,240,33.2737922668457,0.0010269689373672009,0.10498946734159664,28,0.0,33,1.0303030303030303,345,0,24,2
0.46808510638297873,47,0.7045454545454546,44,1.3789473684210527,95,0.8947368421052632,57,0.782051282051282,78,42.70189666748047,0.0013179597444832325,0.11754463921376929,45,0.0,43,1.0232558139534884,345,0,25,0
0.4117647058823529,17,1.0,36,1.6,35,0.5,4,-1.0,0,16.38640785217285,0.0005057533271610737,0.21746482604370493,11,0.0,16,0.5,345,0,25,1
0.42857142857142855,21,1.0298507462686568,67,1.105263157894737,19,1.5221238938053097,113,0.0,1,33.27145767211914,0.00102689687628299,0.07822737346232113,43,0.0,33,1.0606060606060606,345,0,25,2
0.40816326530612246,49,0.0,3,1.4074074074074074,81,1.1071428571428572,28,0.3333333333333333,6,41.490657806396484,0.001280575874261558,0.14574873920512557,56,0.017857142857142856,41,1.0731707317073171,345,0,26,0
0.26666666666666666,15,1.0,10,-1.0,0,0.6666666666666666,3,-1.0,0,16.427122116088867,0.0005070099141448736,0.3223151004824806,19,0.0,16,0.375,345,0,26,1
0.46511627906976744,43,0.5652173913043478,23,1.3333333333333333,39,1.4736842105263157,38,1.032258064516129,31,32.73821258544922,0.001010438660159707,0.12255651089018986,39,0.0,33,1.0909090909090908,345,0,26,2
0.3170731707317073,41,0.7241379310344828,29,0.7,10,0.5,10,0.0,4,40.53773880004883,0.001251164823770523,0.19390949059714915,36,0.027777777777777776,41,0.9512195121951219,345,0,27,0
0.18181818181818182,11,0.8518518518518519,27,1.4285714285714286,35,1.391304347826087,23,-1.0,0,16.4146671295166,0.0005066255107522011,0.3337092676655014,15,0.0,16,0.5625,345,0,27,1
0.6206896551724138,29,0.875,16,0.5,4,0.0,1,-1.0,0,32.52267074584961,0.0010037861065939069,0.16802768791559322,40,0.0,33,1.0,345,0,27,2
0.43478260869565216,46,0.8392857142857143,56,0.47058823529411764,17,0.9032258064516129,31,0.6666666666666666,6,39.547035217285156,0.0012205875245854259,0.2691797316416901,40,0.0,40,0.65,345,0,28,0
0.25,16,0.9444444444444444,18,0.8571428571428571,7,0.0,2,-1.0,0,16.38161849975586,0.0005056055379100144,0.30880169215913034,11,0.0,16,1.0,345,0,28,1
0.47058823529411764,34,1.0,27,0.6666666666666666,9,1.2352941176470589,34,0.0,2,32.3637580871582,0.0009988814126700163,0.1266570308875609,29,0.0,32,0.75,345,0,28,2
0.5555555555555556,27,0.7380952380952381,42,0.0,10,1.45,20,-1.0,0,38.745582580566406,0.001195851364172995,0.3629250715978697,49,0.0,39,0.48717948717948717,345,0,29,0
0.5,12,0.5,6,0.6666666666666666,3,1.6323529411764706,68,-1.0,0,16.340646743774414,0.0005043409764766693,0.2681113066616078,17,0.0,16,0.9375,345,0,29,1
0.660377358490566,53,0.7333333333333333,15,1.0377358490566038,53,1.5795454545454546,88,1.523076923076923,65,32.26372146606445,0.0009957938455045223,0.0428583252615559,37,0.0,32,0.34375,345,0,29,2
0.4482758620689655,29,1.1538461538461537,52,0.2727272727272727,11,1.525,40,-1.0,0,38.234535217285156,0.0011800782522186637,0.3992237110429783,25,0.0,38,0.42105263157894735,345,0,30,0
0.25,16,1.2608695652173914,23,-1.0,0,1.481012658227848,79,1.7235772357723578,123,16.29287338256836,0.0005028664600104094,0.20856849833922725,14,0.0,16,0.9375,345,0,30,1
0.3333333333333333,18,1.0454545454545454,44,1.2439024390243902,41,-1.0,0,-1.0,0,32.20835876464844,0.0009940851014107466,0.006172331240774026,34,0.0,32,0.15625,345,0,30,2
0.509090909090909,55,0.7894736842105263,19,1.0930232558139534,43,1.05,20,1.3709677419354838,62,37.9678955078125,0.001171848620288074,0.3914030058771377,53,0.0,38,0.34210526315789475,345,0,31,0
0.0,6,0.9285714285714286,14,0.0,2,-1.0,0,-1.0,0,16.2521915435791,0.000501610862556845,0.1559899546728798,22,0.0,16,0.5625,345,0,31,1
0.41379310344827586,29,1.0,25,1.5625,64,1.2424242424242424,33,1.4375,80,32.184234619140625,0.0009933406254276633,-0.0023116839390143395,29,0.0,32,0.125,345,0,31,2
0.28,25,1.2469135802469136,81,1.3673469387755102,49,0.7368421052631579,19,1.368421052631579,76,37.84214401245117,0.0011679674498736858,0.3848942764598701,45,0.0,38,0.34210526315789475,345,0,32,0
0.6470588235294118,17,0.88,25,1.4130434782608696,46,1.3,20,-1.0,0,16.22295379638672,0.0005007084691897035,0.12429719476969787,19,0.0,16,0.25,345,0,32,1
0.5526315789473685,38,0.5384615384615384,13,1.2,10,1.380952380952381,21,-1.0,0,32.17655563354492,0.0009931036038324237,-0.003925790698433877,37,0.0,32,0.125,345,0,32,2
0.38461538461538464,26,1.0481927710843373,83,0.9,30,0.0,2,-1.0,0,37.77726745605469,0.0011659649899229407,0.38250128528310584,34,0.0,38,0.3684210526315789,345,0,33,0
0.4074074074074074,27,1.0555555555555556,18,1.1538461538461537,13,0.84375,32,-1.0,0,16.205297470092773,0.0005001635290682316,0.10980668929642735,19,0.0,16,0.125,345,0,33,1
0.4864864864864865,37,0.9473684210526315,19,1.3269230769230769,52,0.6666666666666666,9,-1.0,0,32.17713928222656,0.000993121531791985,-0.004312897737454815,26,0.0,32,0.125,345,0,33,2
0.35714285714285715,42,0.8333333333333334,30,1.32,25,0.625,8,0.4,5,37.7398567199707,0.0011648103827610612,0.3816352011406227,41,0.0,38,0.3684210526315789,345,0,34,0
0.5294117647058824,17,-1.0,0,1.5,26,1.2,10,-1.0,0,16.194643020629883,0.0004998346557840705,0.10340029421206771,12,0.0,16,0.0,345,0,34,1
0.38461538461538464,39,1.0,39,1.5172413793103448,29,1.0689655172413792,29,0.5,2,32.180686950683594,0.0009932310786098242,-0.004543459799960013,33,0.0,32,0.125,345,0,34,2
0.56,25,1.0930232558139534,43,-1.0,0,1.3493975903614457,83,0.0,3,37.71629333496094,0.0011640831362456083,0.38123085301405335,34,0.0,38,0.3684210526315789,345,0,35,0
0.3333333333333333,15,0.8,15,0.0,1,-1.0,0,-1.0,0,16.188385009765625,0.0004996415227651596,0.10033649402286035,18,0.05555555555555555,16,0.0,345,0,35,1
0.47368421052631576,38,1.1818181818181819,22,-1.0,0,1.5316455696202531,79,0.65,20,32.1849250793457,0.0009933619294315577,-0.004755906062403537,36,0.0,32,0.125,345,0,35,2
NA,NA,NA,NA,NA,NA,NA,NA,NA,NA,265.9617919921875,0.00820869766175747,0.6118635828114484,272,0.4227941176470588,266,0.9586466165413534,345,1,1,0
NA,NA,NA,NA,NA,NA,NA,NA,NA,NA,56.935176849365234,0.0017572585493326187,0.5813856643140672,52,0.36538461538461536,57,0.9473684210526315,345,1,1,1
NA,NA,NA,NA,NA,NA,NA,NA,NA,NA,99.51520538330078,0.003071456914767623,0.44931393092597266,102,0.21568627450980393,100,0.77,345,1,1,2
NA,NA,NA,NA,NA,NA,NA,NA,NA,NA,218.16912841796875,0.006733614951372147,0.5926514892231327,208,0.32211538461538464,218,0.9587155963302753,345,1,2,0
NA,NA,NA,NA,NA,NA,NA,NA,NA,NA,41.03419876098633,0.0012664876412600279,0.48274767656061784,38,0.23684210526315788,41,0.6585365853658537,345,1,2,1
NA,NA,NA,NA,NA,NA,NA,NA,NA,NA,77.59122467041016,0.002394790994003415,0.403073151973422,86,0.03488372093023256,78,0.717948717948718,345,1,2,2
NA,NA,NA,NA,NA,NA,NA,NA,NA,NA,182.99185180664062,0.0056478967890143394,0.5536902861386074,179,0.3240223463687151,183,0.9016393442622951,345,1,3,0
NA,NA,NA,NA,NA,NA,NA,NA,NA,NA,35.380001068115234,0.001091975369490683,0.42225106935972573,35,0.14285714285714285,35,0.6571428571428571,345,1,3,1
NA,NA,NA,NA,NA,NA,NA,NA,NA,NA,66.37897491455078,0.002048733877018094,0.28868084987597575,72,0.05555555555555555,66,0.5757575757575758,345,1,3,2
NA,NA,NA,NA,NA,NA,NA,NA,NA,NA,151.7564239501953,0.004683840088546276,0.5415096958163593,129,0.21705426356589147,152,0.9078947368421053,345,1,4,0
NA,NA,NA,NA,NA,NA,NA,NA,NA,NA,28.861888885498047,0.0008907990413717926,0.419263254951073,25,0.04,29,0.6206896551724138,345,1,4,1
NA,NA,NA,NA,NA,NA,NA,NA,NA,NA,57.76764678955078,0.0017829521093517542,0.30039206339104296,55,0.03636363636363636,58,0.6206896551724138,345,1,4,2
NA,NA,NA,NA,NA,NA,NA,NA,NA,NA,127.27500915527344,0.003928240854293108,0.523427481620154,119,0.3277310924369748,127,0.889763779527559,345,1,5,0
NA,NA,NA,NA,NA,NA,NA,NA,NA,NA,25.84905433654785,0.0007978103240020573,0.5357315193297281,17,0.0,26,0.7692307692307693,345,1,5,1
NA,NA,NA,NA,NA,NA,NA,NA,NA,NA,48.276893615722656,0.0014900275273248553,0.33049115630498005,42,0.023809523809523808,48,0.4791666666666667,345,1,5,2
NA,NA,NA,NA,NA,NA,NA,NA,NA,NA,112.51028442382812,0.003472539596259594,0.5576533087786809,115,0.2782608695652174,113,0.8938053097345132,345,1,6,0
NA,NA,NA,NA,NA,NA,NA,NA,NA,NA,21.77903938293457,0.000672192545607686,0.5111543533304616,19,0.0,22,0.5,345,1,6,1
NA,NA,NA,NA,NA,NA,NA,NA,NA,NA,46.233299255371094,0.001426953705959022,0.4282952716958613,36,0.1111111111111111,46,0.717391304347826,345,1,6,2
NA,NA,NA,NA,NA,NA,NA,NA,NA,NA,99.19850158691406,0.003061682218685746,0.5443020357825131,97,0.17525773195876287,99,0.8787878787878788,345,1,7,0
NA,NA,NA,NA,NA,NA,NA,NA,NA,NA,21.12492561340332,0.0006520038587041199,0.37243110972130467,18,0.0,21,0.7619047619047619,345,1,7,1
NA,NA,NA,NA,NA,NA,NA,NA,NA,NA,41.50700759887695,0.0012810805346816778,0.3027138501648268,44,0.045454545454545456,42,0.6428571428571429,345,1,7,2
NA,NA,NA,NA,NA,NA,NA,NA,NA,NA,89.27177429199219,0.002755301771685481,0.5800526438264053,98,0.35714285714285715,89,0.9662921348314607,345,1,8,0
NA,NA,NA,NA,NA,NA,NA,NA,NA,NA,21.500274658203125,0.0006635886966250837,0.44344432547317814,26,0.038461538461538464,22,0.7727272727272727,345,1,8,1
NA,NA,NA,NA,NA,NA,NA,NA,NA,NA,41.62583923339844,0.0012847480829805136,0.36892756340397354,46,0.1956521739130435,42,0.7857142857142857,345,1,8,2
NA,NA,NA,NA,NA,NA,NA,NA,NA,NA,78.77189636230469,0.0024312313180416822,0.5061561966794723,87,0.14942528735632185,79,0.9493670886075949,345,1,9,0
NA,NA,NA,NA,NA,NA,NA,NA,NA,NA,19.03367805480957,0.0005874591879546642,0.1382855176165865,23,0.0,19,0.47368421052631576,345,1,9,1
NA,NA,NA,NA,NA,NA,NA,NA,NA,NA,42.53419876098633,0.001312783919274807,0.41581059461917114,30,0.16666666666666666,43,0.8837209302325582,345,1,9,2
NA,NA,NA,NA,NA,NA,NA,NA,NA,NA,72.8729248046875,0.0022491642739623785,0.5040131798873767,77,0.2727272727272727,73,0.958904109589041,345,1,10,0
NA,NA,NA,NA,NA,NA,NA,NA,NA,NA,18.37762451171875,0.0005672106053680182,0.4276043612733149,25,0.0,18,0.6666666666666666,345,1,10,1
NA,NA,NA,NA,NA,NA,NA,NA,NA,NA,39.122886657714844,0.0012074965052306652,0.3390512194820788,45,0.044444444444444446,39,0.8205128205128205,345,1,10,2
NA,NA,NA,NA,NA,NA,NA,NA,NA,NA,68.46063995361328,0.0021129827946424484,0.5185505311294738,71,0.16901408450704225,68,1.0147058823529411,345,1,11,0
NA,NA,NA,NA,NA,NA,NA,NA,NA,NA,18.32819366455078,0.0005656849825754762,0.3690615809801768,26,0.0,18,0.5,345,1,11,1
NA,NA,NA,NA,NA,NA,NA,NA,NA,NA,37.824554443359375,0.001167424488812685,0.323115658713276,39,0.05128205128205128,38,1.0,345,1,11,2
NA,NA,NA,NA,NA,NA,NA,NA,NA,NA,60.615570068359375,0.0018708509160205722,0.47344526793830355,62,0.12903225806451613,61,1.0163934426229508,345,1,12,0
NA,NA,NA,NA,NA,NA,NA,NA,NA,NA,17.42717933654785,0.0005378759233281016,0.2660479433199606,18,0.0,17,0.4117647058823529,345,1,12,1
NA,NA,NA,NA,NA,NA,NA,NA,NA,NA,36.747623443603516,0.001134185935370624,0.35353357547477604,27,0.07407407407407407,37,0.8378378378378378,345,1,12,2
NA,NA,NA,NA,NA,NA,NA,NA,NA,NA,56.88888931274414,0.0017558299005031586,0.5348760836292928,63,0.07936507936507936,57,1.0701754385964912,345,1,13,0
NA,NA,NA,NA,NA,NA,NA,NA,NA,NA,17.107980728149414,0.0005280241020955145,0.4287499866264422,7,0.0,17,0.5294117647058824,345,1,13,1
NA,NA,NA,NA,NA,NA,NA,NA,NA,NA,34.9187126159668,0.0010777380084618926,0.24573152535040352,34,0.0,35,0.8857142857142857,345,1,13,2
NA,NA,NA,NA,NA,NA,NA,NA,NA,NA,54.89892578125,0.0016944112721830606,0.5666991967246306,53,0.16981132075471697,55,1.0363636363636364,345,1,14,0
NA,NA,NA,NA,NA,NA,NA,NA,NA,NA,16.98113441467285,0.0005241091130301356,0.2689813995594337,15,0.0,17,0.7647058823529411,345,1,14,1
NA,NA,NA,NA,NA,NA,NA,NA,NA,NA,34.10897445678711,0.001052746083587408,0.17571341869158472,27,0.0,34,1.088235294117647,345,1,14,2
NA,NA,NA,NA,NA,NA,NA,NA,NA,NA,52.97429656982422,0.0016350091900676489,0.5816092811185409,63,0.20634920634920634,53,1.1886792452830188,345,1,15,0
NA,NA,NA,NA,NA,NA,NA,NA,NA,NA,16.710887908935547,0.0005157681298442185,0.26585094811549687,16,0.0,17,0.7647058823529411,345,1,15,1
NA,NA,NA,NA,NA,NA,NA,NA,NA,NA,35.78887939453125,0.0011045950232073665,0.4104002957224182,35,0.05714285714285714,36,1.1111111111111112,345,1,15,2
NA,NA,NA,NA,NA,NA,NA,NA,NA,NA,52.304691314697266,0.0016143423272296786,0.5856210445754101,52,0.19230769230769232,52,1.1730769230769231,345,1,16,0
NA,NA,NA,NA,NA,NA,NA,NA,NA,NA,17.454578399658203,0.0005387215642258525,0.4150042875262947,11,0.0,17,1.0588235294117647,345,1,16,1
NA,NA,NA,NA,NA,NA,NA,NA,NA,NA,34.878841400146484,0.001076507498510182,0.3639446095252678,37,0.02702702702702703,35,1.0857142857142856,345,1,16,2
NA,NA,NA,NA,NA,NA,NA,NA,NA,NA,49.259300231933594,0.0015203488292172551,0.5326771819466678,39,0.1794871794871795,49,1.1428571428571428,345,1,17,0
NA,NA,NA,NA,NA,NA,NA,NA,NA,NA,16.55074691772461,0.0005108255427330732,0.14742551549403227,16,0.0,17,0.8235294117647058,345,1,17,1
NA,NA,NA,NA,NA,NA,NA,NA,NA,NA,33.76993179321289,0.0010422818595543504,0.11770997069869817,29,0.034482758620689655,34,1.088235294117647,345,1,17,2
NA,NA,NA,NA,NA,NA,NA,NA,NA,NA,53.51716232299805,0.0016517642652615905,0.6933259847724449,54,0.18518518518518517,54,1.2777777777777777,345,1,18,0
NA,NA,NA,NA,NA,NA,NA,NA,NA,NA,16.971920013427734,0.0005238247103989124,0.2233697437651344,20,0.0,17,1.0,345,1,18,1
NA,NA,NA,NA,NA,NA,NA,NA,NA,NA,35.7447509765625,0.0011032330803573132,0.28135600157366253,39,0.05128205128205128,36,1.3055555555555556,345,1,18,2
NA,NA,NA,NA,NA,NA,NA,NA,NA,NA,50.17516326904297,0.0015486160991713405,0.6516101683600536,41,0.24390243902439024,50,1.4,345,1,19,0
NA,NA,NA,NA,NA,NA,NA,NA,NA,NA,16.54413604736328,0.0005106214666739106,0.43133957522687744,19,0.0,17,0.9411764705882353,345,1,19,1
NA,NA,NA,NA,NA,NA,NA,NA,NA,NA,34.1439208984375,0.0010538246715441346,0.29821524648106157,37,0.0,34,1.2941176470588236,345,1,19,2
NA,NA,NA,NA,NA,NA,NA,NA,NA,NA,52.496524810791016,0.0016202630940824747,0.6787351157984712,40,0.25,52,1.4423076923076923,345,1,20,0
NA,NA,NA,NA,NA,NA,NA,NA,NA,NA,16.460512161254883,0.0005080404807813466,0.13702522859347924,16,0.0625,16,0.625,345,1,20,1
NA,NA,NA,NA,NA,NA,NA,NA,NA,NA,34.87391662597656,0.001076355460099876,0.22463952752421332,28,0.0,35,1.4,345,1,20,2
NA,NA,NA,NA,NA,NA,NA,NA,NA,NA,55.18312072753906,0.0017031827010214329,0.7399619542775829,59,0.423728813559322,55,1.490909090909091,345,1,21,0
NA,NA,NA,NA,NA,NA,NA,NA,NA,NA,18.383127212524414,0.0005673804553225636,0.3918754977948653,15,0.13333333333333333,18,0.9444444444444444,345,1,21,1
NA,NA,NA,NA,NA,NA,NA,NA,NA,NA,35.702354431152344,0.0011019245721399784,0.4515458773679092,38,0.0,36,1.4722222222222223,345,1,21,2
NA,NA,NA,NA,NA,NA,NA,NA,NA,NA,49.73777770996094,0.001535116578452289,0.6599977577120234,55,0.16363636363636364,50,1.46,345,1,22,0
NA,NA,NA,NA,NA,NA,NA,NA,NA,NA,16.79351234436035,0.0005183182656764984,0.4412294870886172,21,0.0,17,1.0,345,1,22,1
NA,NA,NA,NA,NA,NA,NA,NA,NA,NA,34.26888656616211,0.0010576816275715828,0.3200771014158537,47,0.02127659574468085,34,1.3823529411764706,345,1,22,2
NA,NA,NA,NA,NA,NA,NA,NA,NA,NA,48.682891845703125,0.0015025583561509848,0.6544618575760572,49,0.1836734693877551,49,1.3673469387755102,345,1,23,0
NA,NA,NA,NA,NA,NA,NA,NA,NA,NA,16.68039894104004,0.0005148271447978914,0.4573915710872252,11,0.0,17,1.0588235294117647,345,1,23,1
NA,NA,NA,NA,NA,NA,NA,NA,NA,NA,34.25336456298828,0.001057202578522265,0.3395465377256651,28,0.07142857142857142,34,1.4411764705882353,345,1,23,2
NA,NA,NA,NA,NA,NA,NA,NA,NA,NA,47.89915466308594,0.0014783689985051751,0.6585052963901543,48,0.10416666666666667,48,1.4375,345,1,24,0
NA,NA,NA,NA,NA,NA,NA,NA,NA,NA,16.40238380432129,0.0005062464042566717,0.20779111409219522,11,0.0,16,0.9375,345,1,24,1
NA,NA,NA,NA,NA,NA,NA,NA,NA,NA,34.22542190551758,0.001056340173818171,0.2752085916387056,32,0.0,34,1.3529411764705883,345,1,24,2
NA,NA,NA,NA,NA,NA,NA,NA,NA,NA,52.502010345458984,0.001620432361960411,0.7653059328671147,55,0.34545454545454546,53,1.4339622641509433,345,1,25,0
NA,NA,NA,NA,NA,NA,NA,NA,NA,NA,17.079181671142578,0.000527135212905705,0.018973920727156878,9,0.0,17,0.8235294117647058,345,1,25,1
NA,NA,NA,NA,NA,NA,NA,NA,NA,NA,34.78913879394531,0.0010737389093264937,0.27989744244411724,45,0.06666666666666667,35,1.3142857142857143,345,1,25,2
NA,NA,NA,NA,NA,NA,NA,NA,NA,NA,51.051368713378906,0.0015756594948470592,0.7325412074530585,50,0.28,51,1.4509803921568627,345,1,26,0
NA,NA,NA,NA,NA,NA,NA,NA,NA,NA,16.541831970214844,0.0005105503951199353,0.038724324562239794,24,0.041666666666666664,17,0.8823529411764706,345,1,26,1
NA,NA,NA,NA,NA,NA,NA,NA,NA,NA,34.20515823364258,0.0010557147907093167,0.3197277136614714,31,0.0,34,1.2941176470588236,345,1,26,2
NA,NA,NA,NA,NA,NA,NA,NA,NA,NA,47.68800735473633,0.0014718520687893033,0.6415784321689282,37,0.13513513513513514,48,1.3333333333333333,345,1,27,0
NA,NA,NA,NA,NA,NA,NA,NA,NA,NA,16.682540893554688,0.0005148932104930282,0.29734913558705295,19,0.0,17,1.0588235294117647,345,1,27,1
NA,NA,NA,NA,NA,NA,NA,NA,NA,NA,33.72111892700195,0.001040775328874588,0.31451507021670005,30,0.03333333333333333,34,1.2352941176470589,345,1,27,2
NA,NA,NA,NA,NA,NA,NA,NA,NA,NA,45.5029411315918,0.0014044117415323853,0.5662693168946693,50,0.14,46,1.3695652173913044,345,1,28,0
NA,NA,NA,NA,NA,NA,NA,NA,NA,NA,16.284610748291016,0.0005026114522479475,0.18164102698776063,13,0.0,16,1.0,345,1,28,1
NA,NA,NA,NA,NA,NA,NA,NA,NA,NA,33.30073547363281,0.0010278004920110106,0.17388937548841796,26,0.0,33,1.121212121212121,345,1,28,2
NA,NA,NA,NA,NA,NA,NA,NA,NA,NA,46.02751922607422,0.00142060243524611,0.5756269165802125,53,0.09433962264150944,46,1.326086956521739,345,1,29,0
NA,NA,NA,NA,NA,NA,NA,NA,NA,NA,16.309663772583008,0.000503384682815522,0.23552516452968394,13,0.0,16,1.0,345,1,29,1
NA,NA,NA,NA,NA,NA,NA,NA,NA,NA,33.655311584472656,0.0010387442307546735,0.12146492942345075,34,0.029411764705882353,34,1.2941176470588236,345,1,29,2
NA,NA,NA,NA,NA,NA,NA,NA,NA,NA,47.537628173828125,0.0014672107063233852,0.6160805393164951,45,0.13333333333333333,48,1.4583333333333333,345,1,30,0
NA,NA,NA,NA,NA,NA,NA,NA,NA,NA,16.386600494384766,0.0005057592643424869,0.25433108316599,17,0.0,16,0.9375,345,1,30,1
NA,NA,NA,NA,NA,NA,NA,NA,NA,NA,34.57084655761719,0.0010670014889910817,0.19327142204589345,25,0.0,35,1.2571428571428571,345,1,30,2
NA,NA,NA,NA,NA,NA,NA,NA,NA,NA,46.8859977722168,0.0014470986789092422,0.6275269279323409,38,0.10526315789473684,47,1.425531914893617,345,1,31,0
NA,NA,NA,NA,NA,NA,NA,NA,NA,NA,16.539710998535156,0.0005104849115014076,0.25492891469086715,12,0.0,17,0.8235294117647058,345,1,31,1
NA,NA,NA,NA,NA,NA,NA,NA,NA,NA,34.173763275146484,0.0010547457495704293,0.3288138536687313,36,0.027777777777777776,34,1.2647058823529411,345,1,31,2
NA,NA,NA,NA,NA,NA,NA,NA,NA,NA,47.23021697998047,0.0014577227411791682,0.6635946923540823,43,0.11627906976744186,47,1.446808510638298,345,1,32,0
NA,NA,NA,NA,NA,NA,NA,NA,NA,NA,16.35370445251465,0.0005047439481131732,0.26255484618847696,16,0.0,16,1.0625,345,1,32,1
NA,NA,NA,NA,NA,NA,NA,NA,NA,NA,34.86395263671875,0.0010760478908196092,0.3969296875367239,37,0.08108108108108109,35,1.4285714285714286,345,1,32,2
NA,NA,NA,NA,NA,NA,NA,NA,NA,NA,46.99746322631836,0.0014505389844998717,0.6637482222186613,36,0.1388888888888889,47,1.3191489361702127,345,1,33,0
NA,NA,NA,NA,NA,NA,NA,NA,NA,NA,16.258296966552734,0.0005017992807552218,0.3064590489436495,14,0.0,16,1.0625,345,1,33,1
NA,NA,NA,NA,NA,NA,NA,NA,NA,NA,36.106666564941406,0.0011144032469019294,0.5099112844819783,34,0.029411764705882353,36,1.3333333333333333,345,1,33,2
NA,NA,NA,NA,NA,NA,NA,NA,NA,NA,45.561256408691406,0.0014062116388231516,0.5985687709310785,49,0.08163265306122448,46,1.391304347826087,345,1,34,0
NA,NA,NA,NA,NA,NA,NA,NA,NA,NA,16.268503189086914,0.0005021143006160855,0.08641818411402072,10,0.0,16,0.9375,345,1,34,1
NA,NA,NA,NA,NA,NA,NA,NA,NA,NA,33.59986877441406,0.0010370330419391394,0.18110248762624268,34,0.0,34,1.2058823529411764,345,1,34,2
NA,NA,NA,NA,NA,NA,NA,NA,NA,NA,45.358184814453125,0.0013999439543113112,0.5679371745973186,45,0.1111111111111111,45,1.3333333333333333,345,1,35,0
NA,NA,NA,NA,NA,NA,NA,NA,NA,NA,16.2131290435791,0.0005004052072763443,0.20050144029878644,14,0.0,16,0.75,345,1,35,1
NA,NA,NA,NA,NA,NA,NA,NA,NA,NA,33.342769622802734,0.00102909782435745,0.12412123529617144,36,0.0,33,1.2424242424242424,345,1,35,2
NA,NA,NA,NA,NA,NA,NA,NA,NA,NA,283.993408203125,0.008765229023993015,0.6257651873185095,302,0.4139072847682119,284,1.0140845070422535,345,2,1,0
NA,NA,NA,NA,NA,NA,NA,NA,NA,NA,56.86941909790039,0.001755228964611888,0.49200273075312584,58,0.22413793103448276,57,0.7192982456140351,345,2,1,1
NA,NA,NA,NA,NA,NA,NA,NA,NA,NA,103.84709167480469,0.0032051571179181337,0.4752352965398267,94,0.14893617021276595,104,0.7884615384615384,345,2,1,2
NA,NA,NA,NA,NA,NA,NA,NA,NA,NA,233.74928283691406,0.007214484270662069,0.5927457140826157,226,0.3495575221238938,234,0.9273504273504274,345,2,2,0
NA,NA,NA,NA,NA,NA,NA,NA,NA,NA,41.17158126831055,0.0012707278365269303,0.47921089151056123,37,0.16216216216216217,41,0.7317073170731707,345,2,2,1
NA,NA,NA,NA,NA,NA,NA,NA,NA,NA,84.36483764648438,0.0026038531213998795,0.4440769226949348,92,0.20652173913043478,84,0.7142857142857143,345,2,2,2
NA,NA,NA,NA,NA,NA,NA,NA,NA,NA,195.17526245117188,0.006023928057402372,0.5506590097121192,192,0.3072916666666667,195,0.9435897435897436,345,2,3,0
NA,NA,NA,NA,NA,NA,NA,NA,NA,NA,31.348745346069336,0.0009675538749434054,0.4450286597632495,39,0.05128205128205128,31,0.5161290322580645,345,2,3,1
NA,NA,NA,NA,NA,NA,NA,NA,NA,NA,64.53315734863281,0.0019917641766369343,0.37778973998351423,72,0.06944444444444445,65,0.5846153846153846,345,2,3,2
NA,NA,NA,NA,NA,NA,NA,NA,NA,NA,160.5974578857422,0.004956711549311876,0.5188668668673335,175,0.29714285714285715,161,0.8819875776397516,345,2,4,0
NA,NA,NA,NA,NA,NA,NA,NA,NA,NA,27.17394256591797,0.0008387019042856991,0.34092174363022926,36,0.0,27,0.48148148148148145,345,2,4,1
NA,NA,NA,NA,NA,NA,NA,NA,NA,NA,55.759273529052734,0.001720965257845819,0.3101485213199913,53,0.018867924528301886,56,0.5535714285714286,345,2,4,2
NA,NA,NA,NA,NA,NA,NA,NA,NA,NA,130.76004028320312,0.004035803489387035,0.473932105251326,146,0.18493150684931506,131,0.8396946564885496,345,2,5,0
NA,NA,NA,NA,NA,NA,NA,NA,NA,NA,23.41266441345215,0.0007226131274364889,0.42252761566664776,30,0.0,23,0.43478260869565216,345,2,5,1
NA,NA,NA,NA,NA,NA,NA,NA,NA,NA,53.560020446777344,0.00165308709256351,0.39206121740612854,47,0.0425531914893617,54,0.7222222222222222,345,2,5,2
NA,NA,NA,NA,NA,NA,NA,NA,NA,NA,118.80479431152344,0.003666814649477601,0.4786272448989747,104,0.20192307692307693,119,0.7647058823529411,345,2,6,0
NA,NA,NA,NA,NA,NA,NA,NA,NA,NA,23.250328063964844,0.0007176027284003794,0.2599628797430214,17,0.0,23,0.5217391304347826,345,2,6,1
NA,NA,NA,NA,NA,NA,NA,NA,NA,NA,50.292518615722656,0.0015522382454946637,0.3598544208002279,50,0.1,50,0.76,345,2,6,2
NA,NA,NA,NA,NA,NA,NA,NA,NA,NA,105.20977783203125,0.003247215412557125,0.43185634632527775,94,0.1595744680851064,105,0.7714285714285715,345,2,7,0
NA,NA,NA,NA,NA,NA,NA,NA,NA,NA,23.126903533935547,0.0007137933280318975,0.4129907511210598,28,0.03571428571428571,23,0.6086956521739131,345,2,7,1
NA,NA,NA,NA,NA,NA,NA,NA,NA,NA,45.93978500366211,0.0014178946148604155,0.3265493649318759,49,0.08163265306122448,46,0.6956521739130435,345,2,7,2
NA,NA,NA,NA,NA,NA,NA,NA,NA,NA,96.344970703125,0.0029736103024333715,0.45230220839112273,100,0.16,96,0.8854166666666666,345,2,8,0
NA,NA,NA,NA,NA,NA,NA,NA,NA,NA,22.679203033447266,0.0006999754114076495,0.4588108083324171,21,0.0,23,0.5217391304347826,345,2,8,1
NA,NA,NA,NA,NA,NA,NA,NA,NA,NA,44.658870697021484,0.001378360204398632,0.23367763784183374,53,0.03773584905660377,45,0.7777777777777778,345,2,8,2
NA,NA,NA,NA,NA,NA,NA,NA,NA,NA,87.71482849121094,0.002707247855141759,0.4622378994582911,96,0.22916666666666666,88,0.8977272727272727,345,2,9,0
NA,NA,NA,NA,NA,NA,NA,NA,NA,NA,21.407485961914062,0.0006607248797081411,0.3317718813215639,24,0.08333333333333333,21,0.6190476190476191,345,2,9,1
NA,NA,NA,NA,NA,NA,NA,NA,NA,NA,41.85796356201172,0.001291912398301065,0.2780220882128737,28,0.03571428571428571,42,0.6904761904761905,345,2,9,2
NA,NA,NA,NA,NA,NA,NA,NA,NA,NA,88.20357513427734,0.002722332486882806,0.5379410183217174,94,0.20212765957446807,88,0.9090909090909091,345,2,10,0
NA,NA,NA,NA,NA,NA,NA,NA,NA,NA,20.029865264892578,0.0006182056968100369,0.386703530687089,27,0.037037037037037035,20,0.75,345,2,10,1
NA,NA,NA,NA,NA,NA,NA,NA,NA,NA,44.303009033203125,0.0013673767680302262,0.3964177605608172,47,0.06382978723404255,44,0.7727272727272727,345,2,10,2
NA,NA,NA,NA,NA,NA,NA,NA,NA,NA,78.31568908691406,0.0024171508848667145,0.4775786512636016,78,0.16666666666666666,78,0.8333333333333334,345,2,11,0
NA,NA,NA,NA,NA,NA,NA,NA,NA,NA,18.719022750854492,0.0005777475889772177,0.2744115176632602,25,0.0,19,0.47368421052631576,345,2,11,1
NA,NA,NA,NA,NA,NA,NA,NA,NA,NA,43.718910217285156,0.0013493490405380726,0.4176838991373826,48,0.14583333333333334,44,0.9772727272727273,345,2,11,2
NA,NA,NA,NA,NA,NA,NA,NA,NA,NA,72.06644439697266,0.0022242730483412743,0.4801233875118716,84,0.16666666666666666,72,0.875,345,2,12,0
NA,NA,NA,NA,NA,NA,NA,NA,NA,NA,19.390239715576172,0.000598464161157608,0.18526519746660847,22,0.0,19,0.8421052631578947,345,2,12,1
NA,NA,NA,NA,NA,NA,NA,NA,NA,NA,40.19279479980469,0.0012405184097588062,0.2966542426918635,38,0.07894736842105263,40,0.875,345,2,12,2
NA,NA,NA,NA,NA,NA,NA,NA,NA,NA,65.57198333740234,0.0020238265860825777,0.4696297135789517,50,0.12,66,0.8636363636363636,345,2,13,0
NA,NA,NA,NA,NA,NA,NA,NA,NA,NA,17.694965362548828,0.0005461408873088658,0.3533164932751198,12,0.0,18,0.4444444444444444,345,2,13,1
NA,NA,NA,NA,NA,NA,NA,NA,NA,NA,38.16999053955078,0.0011780861532315612,0.2787412347970097,36,0.0,38,0.9210526315789473,345,2,13,2
NA,NA,NA,NA,NA,NA,NA,NA,NA,NA,61.13372039794922,0.0018868432380259037,0.4419560716904623,68,0.14705882352941177,61,0.9180327868852459,345,2,14,0
NA,NA,NA,NA,NA,NA,NA,NA,NA,NA,18.747522354125977,0.000578627223148942,0.23628786101936275,21,0.047619047619047616,19,0.631578947368421,345,2,14,1
NA,NA,NA,NA,NA,NA,NA,NA,NA,NA,36.778934478759766,0.0011351522989571095,0.259913104507869,29,0.0,37,0.972972972972973,345,2,14,2
NA,NA,NA,NA,NA,NA,NA,NA,NA,NA,57.08937072753906,0.0017620176076889038,0.46310558941140034,64,0.140625,57,0.9824561403508771,345,2,15,0
NA,NA,NA,NA,NA,NA,NA,NA,NA,NA,17.453611373901367,0.0005386917036958039,0.13279894375542137,19,0.0,17,0.5294117647058824,345,2,15,1
NA,NA,NA,NA,NA,NA,NA,NA,NA,NA,35.913143157958984,0.0011084303259849548,0.15201878057963955,29,0.0,36,0.7777777777777778,345,2,15,2
NA,NA,NA,NA,NA,NA,NA,NA,NA,NA,54.334293365478516,0.0016769843641668558,0.4408149962635418,55,0.12727272727272726,54,0.7962962962962963,345,2,16,0
NA,NA,NA,NA,NA,NA,NA,NA,NA,NA,17.03969383239746,0.0005259164609014988,0.08873673065117674,17,0.0,17,0.5882352941176471,345,2,16,1
NA,NA,NA,NA,NA,NA,NA,NA,NA,NA,37.87105178833008,0.0011688596569001675,0.2571954281508694,41,0.0975609756097561,38,1.0526315789473684,345,2,16,2
NA,NA,NA,NA,NA,NA,NA,NA,NA,NA,55.103511810302734,0.0017007256392389536,0.5074906267229874,59,0.1694915254237288,55,1.0545454545454545,345,2,17,0
NA,NA,NA,NA,NA,NA,NA,NA,NA,NA,17.242361068725586,0.0005321716307662427,0.16031853385748787,18,0.0,17,0.8823529411764706,345,2,17,1
NA,NA,NA,NA,NA,NA,NA,NA,NA,NA,36.10508346557617,0.001114354468882084,0.18408136948660989,34,0.058823529411764705,36,1.1666666666666667,345,2,17,2
NA,NA,NA,NA,NA,NA,NA,NA,NA,NA,54.80050277709961,0.0016913735307753086,0.6050380970018697,60,0.13333333333333333,55,1.0727272727272728,345,2,18,0
NA,NA,NA,NA,NA,NA,NA,NA,NA,NA,17.132749557495117,0.0005287885433062911,0.5492984857354176,22,0.0,17,0.8823529411764706,345,2,18,1
NA,NA,NA,NA,NA,NA,NA,NA,NA,NA,35.962432861328125,0.0011099516414105892,0.3364730530494795,39,0.02564102564102564,36,1.1944444444444444,345,2,18,2
NA,NA,NA,NA,NA,NA,NA,NA,NA,NA,53.66709518432617,0.0016563917743042111,0.612815950035303,54,0.18518518518518517,54,1.1111111111111112,345,2,19,0
NA,NA,NA,NA,NA,NA,NA,NA,NA,NA,16.922382354736328,0.0005222957697696984,0.5460064399415122,14,0.0,17,1.0,345,2,19,1
NA,NA,NA,NA,NA,NA,NA,NA,NA,NA,35.221370697021484,0.0010870792903006077,0.25183056686189403,34,0.029411764705882353,35,1.2285714285714286,345,2,19,2
NA,NA,NA,NA,NA,NA,NA,NA,NA,NA,53.871910095214844,0.0016627132426947355,0.606472374436438,62,0.11290322580645161,54,1.1851851851851851,345,2,20,0
NA,NA,NA,NA,NA,NA,NA,NA,NA,NA,17.045604705810547,0.0005260988837108016,0.0721538565823843,12,0.0,17,0.5882352941176471,345,2,20,1
NA,NA,NA,NA,NA,NA,NA,NA,NA,NA,35.548133850097656,0.0010971645824611187,0.3355492588151948,32,0.09375,36,1.1388888888888888,345,2,20,2
NA,NA,NA,NA,NA,NA,NA,NA,NA,NA,52.84234619140625,0.0016309366328641772,0.608735806471399,39,0.1794871794871795,53,1.2641509433962264,345,2,21,0
NA,NA,NA,NA,NA,NA,NA,NA,NA,NA,16.941207885742188,0.0005228767986409366,0.3082983744967021,16,0.0,17,0.7647058823529411,345,2,21,1
NA,NA,NA,NA,NA,NA,NA,NA,NA,NA,35.3409423828125,0.0010907697724178433,0.3189842193002218,23,0.0,35,1.2857142857142858,345,2,21,2
NA,NA,NA,NA,NA,NA,NA,NA,NA,NA,52.518550872802734,0.001620942959561944,0.6489228167744788,46,0.2826086956521739,53,1.320754716981132,345,2,22,0
NA,NA,NA,NA,NA,NA,NA,NA,NA,NA,16.654661178588867,0.0005140327266417444,0.5634378951326923,11,0.0,17,0.8235294117647058,345,2,22,1
NA,NA,NA,NA,NA,NA,NA,NA,NA,NA,34.304298400878906,0.0010587746510282159,0.33500834811451213,31,0.03225806451612903,34,1.2352941176470589,345,2,22,2
NA,NA,NA,NA,NA,NA,NA,NA,NA,NA,51.037200927734375,0.0015752222388982773,0.6725815901857615,56,0.19642857142857142,51,1.392156862745098,345,2,23,0
NA,NA,NA,NA,NA,NA,NA,NA,NA,NA,16.739543914794922,0.0005166525952517986,0.38500592610404033,18,0.0,17,0.9411764705882353,345,2,23,1
NA,NA,NA,NA,NA,NA,NA,NA,NA,NA,35.06062316894531,0.0010821180185303092,0.5079289535178662,40,0.05,35,1.2285714285714286,345,2,23,2
NA,NA,NA,NA,NA,NA,NA,NA,NA,NA,49.04581069946289,0.0015137596055865288,0.6716421637481027,41,0.2926829268292683,49,1.346938775510204,345,2,24,0
NA,NA,NA,NA,NA,NA,NA,NA,NA,NA,16.61960220336914,0.0005129507044330239,0.2635991200839388,13,0.0,17,0.7647058823529411,345,2,24,1
NA,NA,NA,NA,NA,NA,NA,NA,NA,NA,34.775856018066406,0.0010733288945630193,0.5037560632230088,36,0.0,35,1.2857142857142858,345,2,24,2
NA,NA,NA,NA,NA,NA,NA,NA,NA,NA,46.58161926269531,0.001437704311683774,0.6364302795310541,61,0.14754098360655737,47,1.2340425531914894,345,2,25,0
NA,NA,NA,NA,NA,NA,NA,NA,NA,NA,16.523990631103516,0.000509999692440033,0.16360812223735224,15,0.0,17,0.9411764705882353,345,2,25,1
NA,NA,NA,NA,NA,NA,NA,NA,NA,NA,33.622066497802734,0.0010377181461080909,0.3592995016552365,36,0.05555555555555555,34,1.1176470588235294,345,2,25,2
NA,NA,NA,NA,NA,NA,NA,NA,NA,NA,44.042625427246094,0.0013593402691185474,0.5554689496076599,42,0.09523809523809523,44,1.3409090909090908,345,2,26,0
NA,NA,NA,NA,NA,NA,NA,NA,NA,NA,16.456497192382812,0.0005079165566712618,0.25156255780360404,10,0.0,16,0.9375,345,2,26,1
NA,NA,NA,NA,NA,NA,NA,NA,NA,NA,32.95775604248047,0.0010172147303819656,0.2956172135365188,35,0.0,33,0.9696969696969697,345,2,26,2
NA,NA,NA,NA,NA,NA,NA,NA,NA,NA,42.846038818359375,0.0013224085560068488,0.5430201848966515,44,0.045454545454545456,43,1.1627906976744187,345,2,27,0
NA,NA,NA,NA,NA,NA,NA,NA,NA,NA,16.36734390258789,0.0005051649641245604,0.36947330030997844,18,0.0,16,1.0625,345,2,27,1
NA,NA,NA,NA,NA,NA,NA,NA,NA,NA,32.67251205444336,0.0010084108216688037,0.3555287026108073,33,0.0,33,0.9696969696969697,345,2,27,2
NA,NA,NA,NA,NA,NA,NA,NA,NA,NA,42.58684158325195,0.0013144087279215455,0.4859572108627146,34,0.0,43,1.3953488372093024,345,2,28,0
NA,NA,NA,NA,NA,NA,NA,NA,NA,NA,16.492080688476562,0.0005090148188173771,0.07640881726430572,24,0.0,16,0.8125,345,2,28,1
NA,NA,NA,NA,NA,NA,NA,NA,NA,NA,33.43498229980469,0.001031943946145475,0.2663762596166317,34,0.0,33,1.0303030303030303,345,2,28,2
NA,NA,NA,NA,NA,NA,NA,NA,NA,NA,41.82063293457031,0.0012907602358609438,0.31593046309150496,44,0.022727272727272728,42,1.2380952380952381,345,2,29,0
NA,NA,NA,NA,NA,NA,NA,NA,NA,NA,16.374893188476562,0.000505397911183536,0.4162052376510266,11,0.0,16,1.25,345,2,29,1
NA,NA,NA,NA,NA,NA,NA,NA,NA,NA,32.929779052734375,0.0010163511615246534,0.2931651984407555,27,0.037037037037037035,33,1.0303030303030303,345,2,29,2
NA,NA,NA,NA,NA,NA,NA,NA,NA,NA,41.06532287597656,0.001267448184080422,0.2626340865750055,43,0.023255813953488372,41,1.146341463414634,345,2,30,0
NA,NA,NA,NA,NA,NA,NA,NA,NA,NA,16.278348922729492,0.0005024182028137147,0.3345341497388508,21,0.0,16,1.125,345,2,30,1
NA,NA,NA,NA,NA,NA,NA,NA,NA,NA,32.50425338745117,0.001003217650577426,0.29906159635536766,32,0.0,33,0.9696969696969697,345,2,30,2
NA,NA,NA,NA,NA,NA,NA,NA,NA,NA,40.41111755371094,0.0012472567614167929,0.5013160387669586,44,0.0,40,1.15,345,2,31,0
NA,NA,NA,NA,NA,NA,NA,NA,NA,NA,16.284090042114258,0.0005025953869335353,0.2998175019188691,14,0.0,16,1.0625,345,2,31,1
NA,NA,NA,NA,NA,NA,NA,NA,NA,NA,32.37419891357422,0.0009992036502808332,0.32153512178788346,34,0.029411764705882353,32,0.8125,345,2,31,2
NA,NA,NA,NA,NA,NA,NA,NA,NA,NA,40.233673095703125,0.0012417800026014447,0.33420957022801384,42,0.047619047619047616,40,1.075,345,2,32,0
NA,NA,NA,NA,NA,NA,NA,NA,NA,NA,16.325424194335938,0.0005038711242377758,0.347822684851611,9,0.0,16,1.1875,345,2,32,1
NA,NA,NA,NA,NA,NA,NA,NA,NA,NA,32.411338806152344,0.001000349991954863,0.3226882481152338,27,0.037037037037037035,32,0.90625,345,2,32,2
NA,NA,NA,NA,NA,NA,NA,NA,NA,NA,40.7565803527832,0.0012579191243276,0.4447801510853539,43,0.046511627906976744,41,1.2195121951219512,345,2,33,0
NA,NA,NA,NA,NA,NA,NA,NA,NA,NA,16.347152709960938,0.0005045417346991599,0.3220382203684746,13,0.0,16,1.1875,345,2,33,1
NA,NA,NA,NA,NA,NA,NA,NA,NA,NA,32.507755279541016,0.0010033258004114032,0.3943299120623863,43,0.0,33,0.8181818181818182,345,2,33,2
NA,NA,NA,NA,NA,NA,NA,NA,NA,NA,39.72882080078125,0.001226198161020875,0.4668472180684271,37,0.0,40,1.0,345,2,34,0
NA,NA,NA,NA,NA,NA,NA,NA,NA,NA,16.249656677246094,0.0005015326314605772,0.2601913282256503,14,0.0,16,1.0,345,2,34,1
NA,NA,NA,NA,NA,NA,NA,NA,NA,NA,32.3525276184082,0.0009985348442569375,0.28827152733734085,31,0.0,32,0.75,345,2,34,2
NA,NA,NA,NA,NA,NA,NA,NA,NA,NA,38.78867721557617,0.0011971814092248678,0.5563787504550775,44,0.0,39,0.6410256410256411,345,2,35,0
NA,NA,NA,NA,NA,NA,NA,NA,NA,NA,16.22029685974121,0.0005006264545954764,0.23499883121152834,12,0.0,16,1.0,345,2,35,1
NA,NA,NA,NA,NA,NA,NA,NA,NA,NA,32.22401428222656,0.0009945683414116502,0.11984273363296746,41,0.0,32,0.625,345,2,35,2
NA,NA,NA,NA,NA,NA,NA,NA,NA,NA,281.2792663574219,0.008681458421051502,0.6428310558125316,284,0.41901408450704225,281,1.0640569395017794,345,3,1,0
NA,NA,NA,NA,NA,NA,NA,NA,NA,NA,59.7220458984375,0.001843273057602346,0.5416499516581351,62,0.3064516129032258,60,0.9,345,3,1,1
NA,NA,NA,NA,NA,NA,NA,NA,NA,NA,104.73490905761719,0.0032325589563697577,0.4266100099110234,98,0.20408163265306123,105,0.6952380952380952,345,3,1,2
NA,NA,NA,NA,NA,NA,NA,NA,NA,NA,235.23629760742188,0.007260379381477833,0.6129376570713606,237,0.4050632911392405,235,0.9914893617021276,345,3,2,0
NA,NA,NA,NA,NA,NA,NA,NA,NA,NA,44.94712448120117,0.00138725689612329,0.45830840048284066,42,0.0,45,0.6222222222222222,345,3,2,1
NA,NA,NA,NA,NA,NA,NA,NA,NA,NA,83.25241088867188,0.0025695187505334616,0.35991492080006987,90,0.14444444444444443,83,0.6144578313253012,345,3,2,2
NA,NA,NA,NA,NA,NA,NA,NA,NA,NA,193.2733917236328,0.005965228192508221,0.5213452512962009,194,0.26288659793814434,193,0.8031088082901554,345,3,3,0
NA,NA,NA,NA,NA,NA,NA,NA,NA,NA,31.158151626586914,0.0009616713505238295,0.3328127337162383,30,0.03333333333333333,31,0.41935483870967744,345,3,3,1
NA,NA,NA,NA,NA,NA,NA,NA,NA,NA,68.43716430664062,0.0021122582256793976,0.321409473298851,69,0.11594202898550725,68,0.6323529411764706,345,3,3,2
NA,NA,NA,NA,NA,NA,NA,NA,NA,NA,159.0907440185547,0.004910208284854889,0.49191468259204135,153,0.28104575163398693,159,0.7547169811320755,345,3,4,0
NA,NA,NA,NA,NA,NA,NA,NA,NA,NA,29.558151245117188,0.0009122886112891138,0.5046828893474123,34,0.029411764705882353,30,0.6,345,3,4,1
NA,NA,NA,NA,NA,NA,NA,NA,NA,NA,56.44622802734375,0.0017421675147488713,0.3368634608954504,57,0.05263157894736842,56,0.44642857142857145,345,3,4,2
NA,NA,NA,NA,NA,NA,NA,NA,NA,NA,138.89620971679688,0.004286920186132193,0.5056527906139748,128,0.3203125,139,0.8201438848920863,345,3,5,0
NA,NA,NA,NA,NA,NA,NA,NA,NA,NA,25.198986053466797,0.0007777464925311506,0.3772182580528535,22,0.0,25,0.56,345,3,5,1
NA,NA,NA,NA,NA,NA,NA,NA,NA,NA,52.35541915893555,0.001615907996892929,0.3043880582246031,50,0.1,52,0.6538461538461539,345,3,5,2
NA,NA,NA,NA,NA,NA,NA,NA,NA,NA,112.73898315429688,0.0034795983228832483,0.48064478653291454,106,0.20754716981132076,113,0.7433628318584071,345,3,6,0
NA,NA,NA,NA,NA,NA,NA,NA,NA,NA,22.548145294189453,0.0006959303864277899,0.5302782917666884,23,0.0,23,0.5217391304347826,345,3,6,1
NA,NA,NA,NA,NA,NA,NA,NA,NA,NA,44.93690490722656,0.001386941527016461,0.2980723670056899,46,0.0,45,0.5555555555555556,345,3,6,2
NA,NA,NA,NA,NA,NA,NA,NA,NA,NA,95.04071807861328,0.002933355513960123,0.43219245746305657,95,0.1368421052631579,95,0.8105263157894737,345,3,7,0
NA,NA,NA,NA,NA,NA,NA,NA,NA,NA,21.018463134765625,0.0006487179780378938,0.49049366096091707,12,0.0,21,0.5238095238095238,345,3,7,1
NA,NA,NA,NA,NA,NA,NA,NA,NA,NA,43.343894958496094,0.0013377745635807514,0.2347732888379322,41,0.0,43,0.7209302325581395,345,3,7,2
NA,NA,NA,NA,NA,NA,NA,NA,NA,NA,86.22325897216797,0.002661211648955941,0.4730063730316631,75,0.13333333333333333,86,0.7790697674418605,345,3,8,0
NA,NA,NA,NA,NA,NA,NA,NA,NA,NA,20.21783447265625,0.0006240072543732822,0.40097069679744474,17,0.0,20,0.5,345,3,8,1
NA,NA,NA,NA,NA,NA,NA,NA,NA,NA,42.47233963012695,0.0013108747079968452,0.2254961243814111,44,0.045454545454545456,42,0.8571428571428571,345,3,8,2
NA,NA,NA,NA,NA,NA,NA,NA,NA,NA,74.70036315917969,0.0023055667988955975,0.37440560112925586,74,0.16216216216216217,75,0.76,345,3,9,0
NA,NA,NA,NA,NA,NA,NA,NA,NA,NA,18.850982666015625,0.0005818204372189939,0.3654333544545419,18,0.0,19,0.47368421052631576,345,3,9,1
NA,NA,NA,NA,NA,NA,NA,NA,NA,NA,38.4871711730957,0.00118787563405931,0.20364670440935453,45,0.0,38,0.7368421052631579,345,3,9,2
NA,NA,NA,NA,NA,NA,NA,NA,NA,NA,68.23370361328125,0.002105978550389409,0.35752724623245025,72,0.08333333333333333,68,0.8382352941176471,345,3,10,0
NA,NA,NA,NA,NA,NA,NA,NA,NA,NA,18.27796745300293,0.0005641347961500287,0.3385947721586606,11,0.0,18,0.16666666666666666,345,3,10,1
NA,NA,NA,NA,NA,NA,NA,NA,NA,NA,36.67007064819336,0.0011317923199385405,0.20980625566317299,42,0.0,37,0.5675675675675675,345,3,10,2
NA,NA,NA,NA,NA,NA,NA,NA,NA,NA,64.26019287109375,0.001983339199796319,0.3643183328490797,66,0.06060606060606061,64,0.859375,345,3,11,0
NA,NA,NA,NA,NA,NA,NA,NA,NA,NA,17.802589416503906,0.0005494626238942146,0.5625027712921905,22,0.0,18,0.4444444444444444,345,3,11,1
NA,NA,NA,NA,NA,NA,NA,NA,NA,NA,35.561771392822266,0.001097585540264845,0.21302227600824158,37,0.0,36,0.8055555555555556,345,3,11,2
NA,NA,NA,NA,NA,NA,NA,NA,NA,NA,61.58338928222656,0.0019007219234481454,0.3466967828509116,80,0.025,62,0.8870967741935484,345,3,12,0
NA,NA,NA,NA,NA,NA,NA,NA,NA,NA,17.566898345947266,0.0005421882378868759,0.3022723712263918,18,0.0,18,0.4444444444444444,345,3,12,1
NA,NA,NA,NA,NA,NA,NA,NA,NA,NA,36.853858947753906,0.0011374647729098797,0.149291594620067,36,0.05555555555555555,37,0.8648648648648649,345,3,12,2
NA,NA,NA,NA,NA,NA,NA,NA,NA,NA,58.16008758544922,0.0017950644250959158,0.3295104198120936,57,0.05263157894736842,58,0.8620689655172413,345,3,13,0
NA,NA,NA,NA,NA,NA,NA,NA,NA,NA,17.33454132080078,0.0005350167048163712,0.2804103270841643,14,0.0,17,0.4117647058823529,345,3,13,1
NA,NA,NA,NA,NA,NA,NA,NA,NA,NA,35.23563766479492,0.001087519689463079,0.20458959889420175,28,0.0,35,0.8571428571428571,345,3,13,2
NA,NA,NA,NA,NA,NA,NA,NA,NA,NA,55.9169807434082,0.001725832698866725,0.3896982604173945,62,0.08064516129032258,56,0.8928571428571429,345,3,14,0
NA,NA,NA,NA,NA,NA,NA,NA,NA,NA,17.3205509185791,0.0005345849203877151,0.2248116404053225,17,0.0,17,0.6470588235294118,345,3,14,1
NA,NA,NA,NA,NA,NA,NA,NA,NA,NA,36.59577941894531,0.0011294994037598372,0.18413652808619999,34,0.0,37,0.8648648648648649,345,3,14,2
NA,NA,NA,NA,NA,NA,NA,NA,NA,NA,55.68732833862305,0.001718744751997292,0.49405085656281966,54,0.1111111111111111,56,0.9107142857142857,345,3,15,0
NA,NA,NA,NA,NA,NA,NA,NA,NA,NA,17.74658966064453,0.000547734263818711,0.22202110599177233,10,0.0,18,0.7777777777777778,345,3,15,1
NA,NA,NA,NA,NA,NA,NA,NA,NA,NA,36.79474639892578,0.001135640311986208,0.2741044258315431,42,0.023809523809523808,37,1.0810810810810811,345,3,15,2
NA,NA,NA,NA,NA,NA,NA,NA,NA,NA,52.74313735961914,0.0016278745606541634,0.45583983760624847,55,0.09090909090909091,53,0.8679245283018868,345,3,16,0
NA,NA,NA,NA,NA,NA,NA,NA,NA,NA,17.064725875854492,0.0005266890511848032,0.055183648905773236,18,0.0,17,0.7647058823529411,345,3,16,1
NA,NA,NA,NA,NA,NA,NA,NA,NA,NA,40.00276565551758,0.0012346532894298434,0.3821608462128781,42,0.11904761904761904,40,1.15,345,3,16,2
NA,NA,NA,NA,NA,NA,NA,NA,NA,NA,54.36566162109375,0.0016779524739831686,0.39421532595842607,47,0.0851063829787234,54,0.9444444444444444,345,3,17,0
NA,NA,NA,NA,NA,NA,NA,NA,NA,NA,17.429662704467773,0.0005379525246098638,0.16607423161798265,18,0.0,17,0.7647058823529411,345,3,17,1
NA,NA,NA,NA,NA,NA,NA,NA,NA,NA,36.91807174682617,0.0011394466273486614,0.29873357397552713,43,0.023255813953488372,37,0.918918918918919,345,3,17,2
NA,NA,NA,NA,NA,NA,NA,NA,NA,NA,49.295963287353516,0.001521480386145413,0.33630156186535126,53,0.09433962264150944,49,0.8979591836734694,345,3,18,0
NA,NA,NA,NA,NA,NA,NA,NA,NA,NA,17.05181884765625,0.0005262906779535115,0.04129933238257672,21,0.0,17,0.7058823529411765,345,3,18,1
NA,NA,NA,NA,NA,NA,NA,NA,NA,NA,34.682342529296875,0.001070442725904286,0.18314727225403415,29,0.0,35,0.7714285714285715,345,3,18,2
NA,NA,NA,NA,NA,NA,NA,NA,NA,NA,46.942115783691406,0.0014488307060673833,0.3643209336737604,45,0.06666666666666667,47,0.8936170212765957,345,3,19,0
NA,NA,NA,NA,NA,NA,NA,NA,NA,NA,16.929601669311523,0.0005225185886956751,0.046785006690175955,19,0.0,17,0.7058823529411765,345,3,19,1
NA,NA,NA,NA,NA,NA,NA,NA,NA,NA,34.55232620239258,0.0010664297733455896,0.1373258008379136,33,0.0,35,1.1428571428571428,345,3,19,2
NA,NA,NA,NA,NA,NA,NA,NA,NA,NA,45.86492156982422,0.0014155840035527945,0.3688502560854072,42,0.09523809523809523,46,0.9130434782608695,345,3,20,0
NA,NA,NA,NA,NA,NA,NA,NA,NA,NA,16.94131088256836,0.0005228799418546259,0.0361273516905824,14,0.0,17,0.7647058823529411,345,3,20,1
NA,NA,NA,NA,NA,NA,NA,NA,NA,NA,34.61251449584961,0.0010682875290513039,0.11043545825942855,34,0.0,35,1.1714285714285715,345,3,20,2
NA,NA,NA,NA,NA,NA,NA,NA,NA,NA,44.152015686035156,0.0013627165462821722,0.30939143428789095,41,0.024390243902439025,44,0.7954545454545454,345,3,21,0
NA,NA,NA,NA,NA,NA,NA,NA,NA,NA,16.858095169067383,0.0005203115870244801,0.0386299191375011,26,0.0,17,0.8823529411764706,345,3,21,1
NA,NA,NA,NA,NA,NA,NA,NA,NA,NA,33.917236328125,0.0010468282271176577,0.10691851681942481,35,0.0,34,1.1764705882352942,345,3,21,2
NA,NA,NA,NA,NA,NA,NA,NA,NA,NA,43.76773452758789,0.0013508560368791223,0.2944740454534538,36,0.05555555555555555,44,1.0,345,3,22,0
NA,NA,NA,NA,NA,NA,NA,NA,NA,NA,16.708940505981445,0.0005157080595381558,0.040339805438124536,12,0.0,17,0.8235294117647058,345,3,22,1
NA,NA,NA,NA,NA,NA,NA,NA,NA,NA,34.62645721435547,0.0010687178000807762,0.23670412940037822,41,0.0,35,1.3142857142857143,345,3,22,2
NA,NA,NA,NA,NA,NA,NA,NA,NA,NA,43.16718292236328,0.0013323205057531595,0.27963468015971055,36,0.0,43,1.0,345,3,23,0
NA,NA,NA,NA,NA,NA,NA,NA,NA,NA,17.034870147705078,0.0005257676239125431,0.03267614690234702,17,0.0,17,0.7647058823529411,345,3,23,1
NA,NA,NA,NA,NA,NA,NA,NA,NA,NA,33.79575729370117,0.0010430789552628994,0.14020131411006373,32,0.0,34,1.2647058823529411,345,3,23,2
NA,NA,NA,NA,NA,NA,NA,NA,NA,NA,42.11785888671875,0.001299933879636228,0.24078359833939966,27,0.0,42,1.0,345,3,24,0
NA,NA,NA,NA,NA,NA,NA,NA,NA,NA,16.639490127563477,0.0005135645042173564,0.12831088734126098,23,0.0,17,0.9411764705882353,345,3,24,1
NA,NA,NA,NA,NA,NA,NA,NA,NA,NA,33.29773712158203,0.0010277079418301582,0.11791314397421535,42,0.0,33,1.1818181818181819,345,3,24,2
NA,NA,NA,NA,NA,NA,NA,NA,NA,NA,41.032283782958984,0.0012664285022765398,0.1942596559453851,29,0.0,41,0.9512195121951219,345,3,25,0
NA,NA,NA,NA,NA,NA,NA,NA,NA,NA,16.477069854736328,0.0005085515440441668,0.2688958291348614,12,0.0,16,0.9375,345,3,25,1
NA,NA,NA,NA,NA,NA,NA,NA,NA,NA,32.752906799316406,0.0010108922142535448,0.14757294808993018,36,0.0,33,1.1515151515151516,345,3,25,2
NA,NA,NA,NA,NA,NA,NA,NA,NA,NA,39.97165298461914,0.001233692979440093,0.1729290536890928,51,0.0,40,0.725,345,3,26,0
NA,NA,NA,NA,NA,NA,NA,NA,NA,NA,16.396974563598633,0.0005060794646851718,0.3374250533244849,19,0.0,16,0.8125,345,3,26,1
NA,NA,NA,NA,NA,NA,NA,NA,NA,NA,32.435157775878906,0.0010010851547122002,0.16561554547243323,30,0.0,32,1.0625,345,3,26,2
NA,NA,NA,NA,NA,NA,NA,NA,NA,NA,39.444618225097656,0.001217426499351859,0.20247391264021078,38,0.0,39,0.41025641025641024,345,3,27,0
NA,NA,NA,NA,NA,NA,NA,NA,NA,NA,16.402767181396484,0.0005062582204118371,0.351573381158845,14,0.0,16,0.9375,345,3,27,1
NA,NA,NA,NA,NA,NA,NA,NA,NA,NA,32.38434600830078,0.0009995168074965477,0.18019097434190565,29,0.0,32,1.0,345,3,27,2
NA,NA,NA,NA,NA,NA,NA,NA,NA,NA,38.47038269042969,0.0011873574694618583,0.25244296678509,41,0.024390243902439025,38,0.34210526315789475,345,3,28,0
NA,NA,NA,NA,NA,NA,NA,NA,NA,NA,16.29815101623535,0.0005030293250456452,0.27420886324455923,16,0.0,16,0.8125,345,3,28,1
NA,NA,NA,NA,NA,NA,NA,NA,NA,NA,32.173118591308594,0.0009929974330589175,0.062480818304655336,39,0.0,32,0.5,345,3,28,2
NA,NA,NA,NA,NA,NA,NA,NA,NA,NA,38.049766540527344,0.0011743755312636495,0.3320684086944621,30,0.0,38,0.23684210526315788,345,3,29,0
NA,NA,NA,NA,NA,NA,NA,NA,NA,NA,16.248353958129883,0.000501492409966886,0.21327939364738355,23,0.0,16,0.6875,345,3,29,1
NA,NA,NA,NA,NA,NA,NA,NA,NA,NA,32.120723724365234,0.0009913803078234196,0.015619317748979341,35,0.0,32,0.34375,345,3,29,2
NA,NA,NA,NA,NA,NA,NA,NA,NA,NA,37.799232482910156,0.0011666429927572608,0.36238070825977353,35,0.0,38,0.21052631578947367,345,3,30,0
NA,NA,NA,NA,NA,NA,NA,NA,NA,NA,16.207866668701172,0.0005002428079023957,0.1606552319827505,14,0.0,16,0.4375,345,3,30,1
NA,NA,NA,NA,NA,NA,NA,NA,NA,NA,32.09370422363281,0.0009905464248731732,-0.000603538127433649,35,0.0,32,0.21875,345,3,30,2
NA,NA,NA,NA,NA,NA,NA,NA,NA,NA,37.68095397949219,0.0011629924410954118,0.3616404388227032,35,0.0,38,0.18421052631578946,345,3,31,0
NA,NA,NA,NA,NA,NA,NA,NA,NA,NA,16.18032455444336,0.0004993927432224154,0.1323332658904419,19,0.0,16,0.0625,345,3,31,1
NA,NA,NA,NA,NA,NA,NA,NA,NA,NA,32.08488082885742,0.00099027412943542,-0.004479776381609201,31,0.0,32,0.15625,345,3,31,2
NA,NA,NA,NA,NA,NA,NA,NA,NA,NA,37.62150573730469,0.0011611576192080975,0.3603451661801809,41,0.0,38,0.18421052631578946,345,3,32,0
NA,NA,NA,NA,NA,NA,NA,NA,NA,NA,16.16315269470215,0.0004988627624697983,0.12022992190493505,20,0.0,16,0.0625,345,3,32,1
NA,NA,NA,NA,NA,NA,NA,NA,NA,NA,32.08422088623047,0.0009902537567541003,-0.005632835289672412,41,0.0,32,0.15625,345,3,32,2
NA,NA,NA,NA,NA,NA,NA,NA,NA,NA,37.588165283203125,0.0011601285077631474,0.3597581338890413,46,0.0,38,0.18421052631578946,345,3,33,0
NA,NA,NA,NA,NA,NA,NA,NA,NA,NA,16.152957916259766,0.0004985480918549001,0.11545120674496076,17,0.0,16,0.0625,345,3,33,1
NA,NA,NA,NA,NA,NA,NA,NA,NA,NA,32.08702850341797,0.0009903403697535396,-0.006095125554350046,46,0.0,32,0.15625,345,3,33,2
NA,NA,NA,NA,NA,NA,NA,NA,NA,NA,37.567100524902344,0.0011594784446060658,0.3594481437938133,48,0.0,38,0.18421052631578946,345,3,34,0
NA,NA,NA,NA,NA,NA,NA,NA,NA,NA,16.146364212036133,0.0004983445978723466,0.11326267975705266,9,0.0,16,0.0625,345,3,34,1
NA,NA,NA,NA,NA,NA,NA,NA,NA,NA,32.09071350097656,0.0009904541075229645,-0.006385827396592547,31,0.0,32,0.15625,345,3,34,2
NA,NA,NA,NA,NA,NA,NA,NA,NA,NA,37.55198669433594,0.0011590119684115052,0.3592364049515142,38,0.0,38,0.18421052631578946,345,3,35,0
NA,NA,NA,NA,NA,NA,NA,NA,NA,NA,16.141742706298828,0.0004982019308954477,0.11202246345353756,17,0.0,16,0.0625,345,3,35,1
NA,NA,NA,NA,NA,NA,NA,NA,NA,NA,32.09427261352539,0.000990564003586769,-0.006625725252919466,34,0.0,32,0.15625,345,3,35,2
0.8494208494208494,259,1.1538461538461537,299,1.2,250,1.3243801652892562,484,1.104602510460251,239,280.7335205078125,0.008664614520967007,0.6367137190550614,265,0.47924528301886793,281,1.0427046263345197,346,0,1,0
0.6756756756756757,74,1.0238095238095237,42,1.251908396946565,131,1.4788732394366197,142,0.8529411764705882,34,56.878684997558594,0.0017555149970576167,0.5684079484869977,53,0.39622641509433965,57,0.7192982456140351,346,0,1,1
0.55,80,0.875,96,0.8571428571428571,63,0.676923076923077,65,1.0574712643678161,87,105.6640625,0.003261236473917961,0.49300091946443275,109,0.23853211009174313,106,0.7452830188679245,346,0,1,2
0.8821428571428571,280,1.0930232558139534,258,0.8974358974358975,156,1.4018867924528302,530,0.9166666666666666,108,230.78936767578125,0.0071231285110116005,0.5997499422534228,249,0.3493975903614458,231,1.0043290043290043,346,0,2,0
0.3684210526315789,38,0.9821428571428571,56,0.8333333333333334,18,0.48484848484848486,33,0.3333333333333333,12,39.173892974853516,0.0012090707896277308,0.42250412923859676,30,0.03333333333333333,39,0.6666666666666666,346,0,2,1
0.6105263157894737,95,0.7681159420289855,69,1.144927536231884,69,0.30434782608695654,23,1.2777777777777777,90,81.19728088378906,0.0025060889311134815,0.42597234296206427,71,0.15492957746478872,81,0.7283950617283951,346,0,2,2
0.8457142857142858,175,0.9836956521739131,184,0.7448979591836735,98,1.1219512195121952,164,1.031055900621118,161,195.69886779785156,0.0060400883667171,0.6004550821753815,201,0.36318407960199006,196,0.9591836734693877,346,0,3,0
0.4166666666666667,12,0.9130434782608695,23,1.2765957446808511,47,0.4,10,0.0,1,29.66905975341797,0.0009157117456197739,0.46072173121514726,26,0.0,30,0.7333333333333333,346,0,3,1
0.6875,80,0.725,40,0.59375,32,1.412280701754386,114,1.6373056994818653,193,67.41299438476562,0.00208064797334373,0.43698948512401115,75,0.10666666666666667,67,0.7014925373134329,346,0,3,2
0.6863905325443787,169,1.0847457627118644,177,1.1296296296296295,108,1.0916666666666666,120,0.8555555555555555,90,162.63319396972656,0.0050195432268083096,0.588430380801929,151,0.33774834437086093,163,0.9386503067484663,346,0,4,0
0.6470588235294118,17,0.85,20,0.2,5,0.7142857142857143,7,0.0,1,25.083017349243164,0.0007741671870462596,0.22685553235509684,30,0.03333333333333333,25,0.44,346,0,4,1
0.3958333333333333,48,1.0204081632653061,49,0.6923076923076923,39,0.47619047619047616,21,0.3333333333333333,12,57.680397033691406,0.0017802591901272535,0.296277037023457,65,0.015384615384615385,58,0.6896551724137931,346,0,4,2
0.8,145,0.8409090909090909,132,0.9555555555555556,90,1.0782122905027933,179,0.6730769230769231,52,142.5908660888672,0.004400952719151974,0.5990211610432891,136,0.3602941176470588,143,0.8811188811188811,346,0,5,0
0.5925925925925926,27,0.8181818181818182,22,0.0,1,0.0,1,1.718487394957983,238,23.442642211914062,0.0007235383382067084,0.18277888629872582,25,0.0,23,0.391304347826087,346,0,5,1
0.5507246376811594,69,0.72,50,1.1926605504587156,109,0.25,4,0.5,4,51.63410949707031,0.0015936453128233552,0.4063582676909571,42,0.023809523809523808,52,0.7115384615384616,346,0,5,2
0.8367346938775511,147,1.0818181818181818,110,1.3368983957219251,187,1.0952380952380953,63,0.9591836734693877,49,131.46060180664062,0.004057426005601883,0.6127528145522168,137,0.46715328467153283,131,0.9541984732824428,346,0,6,0
0.3333333333333333,18,0.8918918918918919,37,0.5,2,0.8571428571428571,7,0.6,5,26.95568084716797,0.0008319654734805226,0.6013276915892034,18,0.2222222222222222,27,0.8148148148148148,346,0,6,1
0.660377358490566,53,0.8333333333333334,36,0.375,16,1.4109589041095891,73,1.0,16,56.60003662109375,0.00174691469874233,0.5995817706809667,54,0.3148148148148148,57,0.8245614035087719,346,0,6,2
0.6710526315789473,76,0.8493150684931506,73,1.0113636363636365,88,0.4827586206896552,29,1.3706896551724137,116,105.30058288574219,0.0032500179950147867,0.5046999821402541,111,0.24324324324324326,105,0.780952380952381,346,0,7,0
0.29411764705882354,17,0.9696969696969697,33,-1.0,0,0.875,8,1.435483870967742,62,20.78211212158203,0.0006414232193492353,0.4605239968417413,22,0.0,21,0.5238095238095238,346,0,7,1
0.6,45,0.8205128205128205,39,1.2340425531914894,47,1.0588235294117647,17,-1.0,0,44.20172119140625,0.0013642506673932076,0.2278864620391996,42,0.0,44,0.6363636363636364,346,0,7,2
0.5520833333333334,96,0.9354838709677419,62,1.2272727272727273,66,1.2148148148148148,135,1.5419354838709678,155,93.00813293457031,0.0028706213925033808,0.45536865014008837,98,0.17346938775510204,93,0.7526881720430108,346,0,8,0
0.3333333333333333,12,0.8823529411764706,17,0.0,1,0.0,1,1.5443037974683544,79,19.605358123779297,0.0006051036179997027,0.47359707042261373,23,0.0,20,0.4,346,0,8,1
0.5471698113207547,53,0.8833333333333333,60,1.2058823529411764,102,0.14285714285714285,7,0.0,6,42.06987762451172,0.0012984529603272676,0.17808908207372276,31,0.0,42,0.6428571428571429,346,0,8,2
0.5324675324675324,77,1.05,100,1.0547945205479452,73,0.5581395348837209,43,0.5806451612903226,31,83.7206802368164,0.0025839717127382755,0.46773503364187186,82,0.13414634146341464,84,0.8690476190476191,346,0,9,0
0.3125,16,0.5,6,1.5106382978723405,47,1.2162162162162162,37,1.5897435897435896,117,18.974252700805664,0.0005856250645592809,0.48951081445872685,21,0.047619047619047616,19,0.5789473684210527,346,0,9,1
0.48717948717948717,39,0.5789473684210527,19,0.6923076923076923,13,0.7692307692307693,13,0.2,5,39.57179641723633,0.0012213517911732197,0.2852392956990381,33,0.0,40,0.75,346,0,9,2
0.6,65,0.9736842105263158,76,0.7833333333333333,60,1.34,100,1.4702970297029703,202,72.5028076171875,0.0022377409040927887,0.41891586261683605,73,0.1917808219178082,73,0.8356164383561644,346,0,10,0
0.4444444444444444,18,0.5,2,0.9090909090909091,11,-1.0,0,-1.0,0,18.32386589050293,0.0005655513959936798,0.4678728005733353,20,0.0,18,0.4444444444444444,346,0,10,1
0.41025641025641024,39,0.9117647058823529,34,1.263157894736842,38,1.323076923076923,65,0.6153846153846154,13,37.02094268798828,0.0011426217388361692,0.22051311614376704,38,0.0,37,0.7567567567567568,346,0,10,2
0.44,50,0.9183673469387755,49,0.9090909090909091,55,0.35294117647058826,17,1.5058823529411764,170,66.96669006347656,0.0020668732468038797,0.37870144646833737,56,0.14285714285714285,67,0.746268656716418,346,0,11,0
0.21428571428571427,14,1.0,6,1.0714285714285714,14,0.0,1,1.5208333333333333,96,17.842042922973633,0.0005506803281605244,0.16328563684212324,20,0.05,18,0.3333333333333333,346,0,11,1
0.6190476190476191,42,0.7142857142857143,28,0.2,10,1.3246753246753247,77,0.23076923076923078,13,36.75093078613281,0.0011342880316078663,0.1394733374297588,29,0.0,37,0.8108108108108109,346,0,11,2
0.5806451612903226,62,0.7169811320754716,53,1.170731707317073,82,1.32,125,0.5,12,65.5265121459961,0.002022423315793276,0.4576762674467623,68,0.20588235294117646,66,1.0151515151515151,346,0,12,0
0.45454545454545453,22,1.0588235294117647,17,-1.0,0,-1.0,0,0.0,1,17.52704620361328,0.0005409581935964525,0.277055610530359,18,0.0,18,0.3333333333333333,346,0,12,1
0.25,28,0.5757575757575758,33,0.972972972972973,37,0.3333333333333333,9,0.0,3,38.136451721191406,0.001177050988189876,0.2254397447491755,38,0.10526315789473684,38,1.0526315789473684,346,0,12,2
0.5846153846153846,65,1.0144927536231885,69,1.08,50,1.1219512195121952,82,0.3,10,59.91572570800781,0.0018492507515475154,0.3974288577672862,58,0.10344827586206896,60,0.9,346,0,13,0
0.4642857142857143,28,1.25,28,0.0,1,-1.0,0,-1.0,0,17.364398956298828,0.0005359382485039532,0.09689566855205786,21,0.0,17,0.5882352941176471,346,0,13,1
0.5111111111111111,45,0.9130434782608695,46,0.0,1,0.972972972972973,37,1.5248618784530388,181,35.86851501464844,0.0011070528998970985,0.16651746096091308,38,0.0,36,0.9444444444444444,346,0,13,2
0.49019607843137253,51,1.1704545454545454,88,1.1730769230769231,52,1.2222222222222223,45,0.8,15,57.5718994140625,0.0017769105033949018,0.45825451822391167,67,0.14925373134328357,58,1.0862068965517242,346,0,14,0
0.23076923076923078,13,0.5,6,1.3636363636363635,11,0.0,2,0.625,16,17.172489166259766,0.0005300150951370597,0.11701908080394667,19,0.0,17,0.47058823529411764,346,0,14,1
0.25,20,0.7567567567567568,37,0.9032258064516129,31,1.3111111111111111,45,0.25,4,36.01464080810547,0.0011115629458799958,0.24006259482450945,39,0.02564102564102564,36,1.0277777777777777,346,0,14,2
0.3076923076923077,39,1.0517241379310345,58,1.4554455445544554,101,1.325,40,1.032258064516129,31,53.302978515625,0.001645153621211648,0.3905920443106263,56,0.10714285714285714,53,0.9433962264150944,346,0,15,0
0.23076923076923078,13,1.0,15,1.0526315789473684,19,0.0,1,-1.0,0,17.035877227783203,0.0005257987068034708,0.06588997128740365,16,0.0,17,0.5294117647058824,346,0,15,1
0.21428571428571427,28,0.8571428571428571,14,0.9333333333333333,15,1.12,50,1.5389221556886228,167,34.7094841003418,0.0010712803341448307,0.13594013024692914,46,0.0,35,1.0285714285714285,346,0,15,2
0.4,50,0.8666666666666667,45,1.0833333333333333,48,0.3684210526315789,19,0.6,10,49.691158294677734,0.0015336776850745082,0.38986771471879156,55,0.09090909090909091,50,0.98,346,0,16,0
0.36,25,1.0,12,1.265625,64,-1.0,0,-1.0,0,16.66885757446289,0.000514470913913101,0.3992596301192686,26,0.0,17,0.4117647058823529,346,0,16,1
0.17857142857142858,28,0.625,32,1.441860465116279,86,1.476923076923077,65,1.6527196652719665,478,33.48850631713867,0.0010335958795621991,0.16354686830820875,23,0.0,33,0.9696969696969697,346,0,16,2
0.5757575757575758,33,0.8269230769230769,52,0.8863636363636364,44,0.4444444444444444,18,0.6428571428571429,14,50.064414978027344,0.0015451980289071798,0.49719941892373487,48,0.10416666666666667,50,1.04,346,0,17,0
0.4,10,0.9090909090909091,22,1.0833333333333333,12,0.5714285714285714,14,0.0,2,16.7938289642334,0.0005183280445635319,0.06454831581167596,24,0.0,17,0.5294117647058824,346,0,17,1
0.40625,32,1.1647058823529413,85,1.5053763440860215,93,1.0357142857142858,28,0.0,1,34.60907745361328,0.0010681813582777977,0.19835982225805993,34,0.0,35,1.0857142857142856,346,0,17,2
0.5357142857142857,56,0.8636363636363636,66,1.1833333333333333,60,1.1724137931034482,87,0.625,24,49.592899322509766,0.0015306450659409165,0.5484545580130474,43,0.13953488372093023,50,1.18,346,0,18,0
0.6052631578947368,38,1.0833333333333333,24,1.4,30,1.375,24,0.0,1,16.657377243041992,0.0005141166038811207,0.18912752796185725,14,0.0,17,0.4117647058823529,346,0,18,1
0.5641025641025641,39,1.0256410256410255,39,0.6363636363636364,11,0.5,2,1.2769230769230768,65,34.83088302612305,0.0010750272776931524,0.32216860084584986,31,0.0,35,1.1142857142857143,346,0,18,2
0.47058823529411764,34,0.9230769230769231,39,1.206896551724138,29,0.7777777777777778,27,1.0227272727272727,44,47.28049087524414,0.0014592744410037994,0.4444373056008861,48,0.10416666666666667,47,0.9787234042553191,346,0,19,0
0.5714285714285714,28,0.7142857142857143,14,0.0,1,1.5434782608695652,46,-1.0,0,16.572368621826172,0.0005114928353577852,0.05638554552890296,8,0.0,17,0.6470588235294118,346,0,19,1
0.5178571428571429,56,0.8857142857142857,35,1.1346153846153846,52,0.5,2,0.0,1,33.87397384643555,0.0010454930597916245,0.151752381831238,28,0.0,34,1.2352941176470589,346,0,19,2
0.6756756756756757,74,0.7647058823529411,34,1.1428571428571428,70,1.0793650793650793,63,0.7142857142857143,7,47.075050354003906,0.0014529336476698518,0.45028624626119673,43,0.11627906976744186,47,0.9787234042553191,346,0,20,0
0.23809523809523808,21,0.9705882352941176,34,0.2857142857142857,7,1.6883116883116882,77,1.6325581395348838,215,16.813858032226562,0.0005189462099224329,0.039534748496631154,14,0.0,17,0.7647058823529411,346,0,20,1
0.4,45,0.9487179487179487,39,0.25,8,0.25,4,0.375,8,34.063926696777344,0.001051355735398829,0.20074328895079527,34,0.0,34,1.2941176470588236,346,0,20,2
0.5217391304347826,46,0.8627450980392157,51,1.0888888888888888,45,1.4736842105263157,171,0.45454545454545453,11,47.25247573852539,0.001458409707993269,0.4485538170098034,50,0.14,47,1.0638297872340425,346,0,21,0
0.45454545454545453,11,0.5,2,-1.0,0,-1.0,0,-1.0,0,16.35387420654297,0.0005047491868026555,0.24795109290449097,11,0.0,16,0.5625,346,0,21,1
0.3333333333333333,24,0.8571428571428571,21,0.8823529411764706,34,1.4857142857142858,35,0.4117647058823529,17,33.742488861083984,0.0010414348216727376,0.28328391827125343,30,0.0,34,1.2647058823529411,346,0,21,2
0.4,45,1.037037037037037,27,0.8636363636363636,22,1.2666666666666666,15,1.3157894736842106,57,49.866119384765625,0.0015390777261927724,0.5701730734499296,54,0.12962962962962962,50,1.22,346,0,22,0
0.25,16,1.0285714285714285,35,1.303030303030303,33,1.2307692307692308,26,0.0,1,16.86958122253418,0.0005206660716794431,0.1003758366726513,20,0.0,17,0.7058823529411765,346,0,22,1
0.3333333333333333,30,0.7647058823529411,34,1.3766233766233766,77,0.42857142857142855,7,0.6,5,35.50615692138672,0.0010958689963445067,0.33553931630214806,33,0.030303030303030304,36,1.2222222222222223,346,0,22,2
0.5490196078431373,51,1.0153846153846153,65,0.5384615384615384,13,1.5277777777777777,144,0.48148148148148145,27,48.047874450683594,0.0014829591382294893,0.5131528297631435,45,0.1111111111111111,48,1.0416666666666667,346,0,23,0
0.2222222222222222,9,1.225,40,0.4,5,-1.0,0,-1.0,0,16.87044906616211,0.0005206928472034633,0.049700092877203395,16,0.0,17,0.8235294117647058,346,0,23,1
0.5106382978723404,47,0.90625,32,0.3333333333333333,3,0.6666666666666666,15,1.2718446601941749,103,34.45586013793945,0.0010634524514898658,0.3184494015343573,41,0.0,34,1.2647058823529411,346,0,23,2
0.546875,64,1.263157894736842,38,1.1363636363636365,22,0.3333333333333333,9,0.6,5,46.369712829589844,0.001431163982488215,0.47925487820887575,47,0.1276595744680851,46,1.065217391304348,346,0,24,0
0.3333333333333333,12,0.0,1,1.2941176470588236,34,-1.0,0,-1.0,0,16.565059661865234,0.0005112672806717455,0.11486345957253212,18,0.0,17,0.7647058823529411,346,0,24,1
0.48484848484848486,33,0.78125,32,1.1363636363636365,44,0.8571428571428571,7,1.6317991631799162,239,33.80457305908203,0.001043351017870009,0.22603672323486348,35,0.02857142857142857,34,1.1764705882352942,346,0,24,2
0.5849056603773585,53,0.7317073170731707,41,1.3689320388349515,103,0.9130434782608695,69,0.926829268292683,82,47.557037353515625,0.0014678097795695066,0.4909867741350826,49,0.14285714285714285,48,1.1458333333333333,346,0,25,0
0.35714285714285715,14,0.96875,32,1.5294117647058822,34,0.0,5,-1.0,0,16.424060821533203,0.0005069154431112111,0.28724052668996847,13,0.0,16,0.625,346,0,25,1
0.5,20,1.0285714285714285,70,1.1818181818181819,22,1.5142857142857142,105,0.5,2,34.22344207763672,0.0010562790557742119,0.3057800705188452,39,0.0,34,1.2352941176470589,346,0,25,2
0.4745762711864407,59,0.375,8,1.3370786516853932,89,1.0,33,0.6666666666666666,9,44.892032623291016,0.0013855565339326859,0.4440950772565943,51,0.09803921568627451,45,1.0888888888888888,346,0,26,0
0.35714285714285715,14,1.0,11,0.0,1,0.0,3,-1.0,0,16.30280876159668,0.0005031730979681015,0.3119521705004721,15,0.0,16,0.8125,346,0,26,1
0.5208333333333334,48,0.6190476190476191,21,1.25,48,1.3529411764705883,34,1.1578947368421053,38,33.26560592651367,0.0010267161997035146,0.30874533021846906,39,0.0,33,1.2121212121212122,346,0,26,2
0.3877551020408163,49,0.7941176470588235,34,0.8947368421052632,19,0.7857142857142857,14,0.2222222222222222,9,45.08933639526367,0.0013916462194174528,0.4589683196512925,38,0.13157894736842105,45,1.0222222222222221,346,0,27,0
0.18181818181818182,11,0.6190476190476191,21,1.3823529411764706,34,1.2380952380952381,21,-1.0,0,16.42522430419922,0.0005069513572379947,0.25849698115043324,18,0.0,16,0.875,346,0,27,1
0.7241379310344828,29,0.7272727272727273,22,0.5,2,-1.0,0,0.0,1,33.34864807128906,0.0010292793158441782,0.2275247651906835,39,0.0,33,1.1515151515151516,346,0,27,2
0.40384615384615385,52,1.1733333333333333,75,0.6842105263157895,19,0.7222222222222222,36,0.7692307692307693,13,43.69779968261719,0.0013486974639818072,0.43379130226834467,52,0.07692307692307693,44,1.0227272727272727,346,0,28,0
0.4117647058823529,17,0.95,20,0.5,4,0.0,2,-1.0,0,16.280244827270508,0.0005024767015129328,0.28843723653567954,11,0.0,16,0.9375,346,0,28,1
0.5,34,1.1481481481481481,27,1.0909090909090908,11,1.0789473684210527,38,0.0,1,32.65214157104492,0.0010077821789309382,0.3122152325770383,26,0.0,33,0.9696969696969697,346,0,28,2
0.46875,32,0.775,40,0.6666666666666666,15,1.36,25,0.75,4,42.32511901855469,0.0013063307851552963,0.4274296091142488,55,0.01818181818181818,42,1.0,346,0,29,0
0.6111111111111112,18,1.125,8,0.75,4,1.6029411764705883,68,-1.0,0,16.27589225769043,0.0005023423582315445,0.29818449855011764,18,0.0,16,0.875,346,0,29,1
0.6545454545454545,55,0.5,10,1.0847457627118644,59,1.4683544303797469,79,1.565217391304348,69,32.42352294921875,0.001000726013444364,0.3325789011167599,38,0.0,32,0.90625,346,0,29,2
0.5,28,1.1372549019607843,51,0.4444444444444444,9,1.5675675675675675,37,-1.0,0,41.12510299682617,0.001269293250516057,0.41909123042619173,30,0.03333333333333333,41,0.7560975609756098,346,0,30,0
0.29411764705882354,17,1.3181818181818181,22,-1.0,0,1.5517241379310345,87,1.696,125,16.264970779418945,0.0005020052776671946,0.27592494773498416,14,0.0,16,0.875,346,0,30,1
0.34615384615384615,26,0.9428571428571428,35,1.1363636363636365,44,1.0,5,-1.0,0,32.2747802734375,0.000996135175228119,0.2610078727161385,33,0.0,32,0.75,346,0,30,2
0.5166666666666667,60,0.8235294117647058,17,1.0576923076923077,52,1.0526315789473684,19,1.1265822784810127,79,39.96253967285156,0.0012334117200225592,0.4131111787287741,52,0.0,40,0.6,346,0,31,0
0.25,8,0.9333333333333333,15,0.0,4,-1.0,0,-1.0,0,16.2316951751709,0.0005009782616980374,0.2333829390719941,24,0.0,16,0.5625,346,0,31,1
0.4482758620689655,29,1.0,26,1.5138888888888888,72,1.368421052631579,38,1.5625,80,32.153743743896484,0.0009923995239660144,0.16188926450438995,26,0.0,32,0.5625,346,0,31,2
0.36363636363636365,22,1.25,72,1.3035714285714286,56,0.8421052631578947,19,1.4487179487179487,78,39.09612274169922,0.0012066704221069813,0.41363391891799334,39,0.02564102564102564,39,0.41025641025641024,346,0,32,0
0.5625,16,0.8333333333333334,24,1.5121951219512195,41,1.4545454545454546,22,-1.0,0,16.201574325561523,0.0005000485689379275,0.19546656066150564,19,0.0,16,0.5625,346,0,32,1
0.5526315789473685,38,0.8,15,0.875,8,1.4,20,-1.0,0,32.07988739013672,0.0009901199955493212,0.07733473412275992,43,0.0,32,0.53125,346,0,32,2
0.37037037037037035,27,1.064102564102564,78,0.967741935483871,31,0.4,5,-1.0,0,38.490726470947266,0.0011879854137077928,0.41954877775022514,34,0.0,38,0.21052631578947367,346,0,33,0
0.3333333333333333,24,0.9444444444444444,18,1.1666666666666667,12,0.9166666666666666,36,-1.0,0,16.175514221191406,0.0004992442554794252,0.16635049229034293,18,0.0,16,0.5625,346,0,33,1
0.47368421052631576,38,0.8636363636363636,22,1.2592592592592593,54,0.8,10,-1.0,0,32.02959442138672,0.0009885677136480808,0.020123032033778195,23,0.0,32,0.34375,346,0,33,2
0.3684210526315789,38,0.9285714285714286,28,1.3333333333333333,27,0.8,5,0.5,6,38.14822769165039,0.0011774144368246198,0.41402845183211584,37,0.0,38,0.21052631578947367,346,0,34,0
0.5714285714285714,14,-1.0,0,1.4642857142857142,28,0.6666666666666666,9,-1.0,0,16.15515899658203,0.0004986160201951861,0.14651416238694726,12,0.0,16,0.5,346,0,34,1
0.42857142857142855,35,1.0232558139534884,43,1.4285714285714286,28,1.0285714285714285,35,0.3333333333333333,3,32.003944396972656,0.0009877760894596577,-0.0007788303418711925,31,0.0,32,0.125,346,0,34,2
0.5925925925925926,27,1.0476190476190477,42,0.0,2,1.3647058823529412,85,0.0,2,37.961578369140625,0.001171653624624014,0.3998438776570032,37,0.0,38,0.18421052631578946,346,0,35,0
0.2727272727272727,11,0.8666666666666667,15,0.0,1,-1.0,0,0.0,1,16.139673233032227,0.0004981380770914257,0.13356080184589286,17,0.0,16,0.4375,346,0,35,1
0.625,32,1.1304347826086956,23,-1.0,0,1.5476190476190477,84,0.6,15,31.99295425415039,0.000987436855211854,-0.007491540014308028,31,0.0,32,0.125,346,0,35,2
NA,NA,NA,NA,NA,NA,NA,NA,NA,NA,271.8375549316406,0.008390047587454319,0.6433240363317991,271,0.44280442804428044,272,1.0,346,1,1,0
NA,NA,NA,NA,NA,NA,NA,NA,NA,NA,53.363250732421875,0.0016470139380544424,0.5658167857407478,39,0.3333333333333333,53,0.8679245283018868,346,1,1,1
NA,NA,NA,NA,NA,NA,NA,NA,NA,NA,104.18053436279297,0.003215448698028922,0.4924876475115876,114,0.2719298245614035,104,0.8846153846153846,346,1,1,2
NA,NA,NA,NA,NA,NA,NA,NA,NA,NA,240.1695098876953,0.007412638980895281,0.6607104917529885,219,0.4748858447488584,240,1.05,346,1,2,0
NA,NA,NA,NA,NA,NA,NA,NA,NA,NA,42.4007568359375,0.0013086653780192137,0.5128863322110324,37,0.2972972972972973,42,0.6666666666666666,346,1,2,1
NA,NA,NA,NA,NA,NA,NA,NA,NA,NA,84.31198120117188,0.002602221677079797,0.40908403644063907,94,0.11702127659574468,84,0.7619047619047619,346,1,2,2
NA,NA,NA,NA,NA,NA,NA,NA,NA,NA,191.25335693359375,0.005902881268411875,0.5577713163625742,169,0.38461538461538464,191,0.9267015706806283,346,1,3,0
NA,NA,NA,NA,NA,NA,NA,NA,NA,NA,31.21007537841797,0.000963273923844099,0.5456357427894415,31,0.12903225806451613,31,0.6774193548387096,346,1,3,1
NA,NA,NA,NA,NA,NA,NA,NA,NA,NA,74.7192153930664,0.0023061486426740885,0.37115365380010557,68,0.17647058823529413,75,0.7466666666666667,346,1,3,2
NA,NA,NA,NA,NA,NA,NA,NA,NA,NA,165.64068603515625,0.005112366750836372,0.5220605688556276,154,0.2727272727272727,166,0.927710843373494,346,1,4,0
NA,NA,NA,NA,NA,NA,NA,NA,NA,NA,26.994285583496094,0.0008331569842994213,0.29929582691210543,23,0.0,27,0.4444444444444444,346,1,4,1
NA,NA,NA,NA,NA,NA,NA,NA,NA,NA,64.57718658447266,0.0019931229762732983,0.3319354071995275,60,0.11666666666666667,65,0.6307692307692307,346,1,4,2
NA,NA,NA,NA,NA,NA,NA,NA,NA,NA,146.478515625,0.0045209419913589954,0.5051343487491012,154,0.2662337662337662,146,0.9657534246575342,346,1,5,0
NA,NA,NA,NA,NA,NA,NA,NA,NA,NA,24.616741180419922,0.0007597759831696749,0.2784390998077154,25,0.0,25,0.48,346,1,5,1
NA,NA,NA,NA,NA,NA,NA,NA,NA,NA,58.36992263793945,0.0018015408422797918,0.3134728799361693,59,0.0847457627118644,58,0.603448275862069,346,1,5,2
NA,NA,NA,NA,NA,NA,NA,NA,NA,NA,130.84652709960938,0.004038473125547171,0.4935168525410995,132,0.24242424242424243,131,0.8473282442748091,346,1,6,0
NA,NA,NA,NA,NA,NA,NA,NA,NA,NA,22.67444610595703,0.0006998286116868258,0.21352857237636333,20,0.0,23,0.391304347826087,346,1,6,1
NA,NA,NA,NA,NA,NA,NA,NA,NA,NA,55.08846664428711,0.001700261258520186,0.24650677097041282,35,0.08571428571428572,55,0.6181818181818182,346,1,6,2
NA,NA,NA,NA,NA,NA,NA,NA,NA,NA,121.13194274902344,0.003738640109077096,0.4759331035439889,117,0.21367521367521367,121,0.8760330578512396,346,1,7,0
NA,NA,NA,NA,NA,NA,NA,NA,NA,NA,22.709787368774414,0.0007009193650446832,0.17191816717183372,23,0.043478260869565216,23,0.5217391304347826,346,1,7,1
NA,NA,NA,NA,NA,NA,NA,NA,NA,NA,54.0198860168457,0.0016672804486006498,0.2090850539926573,51,0.058823529411764705,54,0.6481481481481481,346,1,7,2
NA,NA,NA,NA,NA,NA,NA,NA,NA,NA,108.658203125,0.003353648353368044,0.4670345621079061,126,0.21428571428571427,109,0.8715596330275229,346,1,8,0
NA,NA,NA,NA,NA,NA,NA,NA,NA,NA,20.47442626953125,0.0006319267558865249,0.19532368373128103,23,0.0,20,0.4,346,1,8,1
NA,NA,NA,NA,NA,NA,NA,NA,NA,NA,55.153987884521484,0.0017022836254909635,0.39647973281682025,55,0.12727272727272726,55,0.8181818181818182,346,1,8,2
NA,NA,NA,NA,NA,NA,NA,NA,NA,NA,100.08782958984375,0.003089130623266101,0.48472249900289915,109,0.26605504587155965,100,0.92,346,1,9,0
NA,NA,NA,NA,NA,NA,NA,NA,NA,NA,20.2973575592041,0.0006264616386033595,0.13319169873970857,23,0.0,20,0.4,346,1,9,1
NA,NA,NA,NA,NA,NA,NA,NA,NA,NA,48.567264556884766,0.00149898964446038,0.39476904547147335,34,0.11764705882352941,49,0.8571428571428571,346,1,9,2
NA,NA,NA,NA,NA,NA,NA,NA,NA,NA,94.64794921875,0.0029212329536676407,0.459205704480726,91,0.17582417582417584,95,0.8842105263157894,346,1,10,0
NA,NA,NA,NA,NA,NA,NA,NA,NA,NA,19.788776397705078,0.0006107647204771638,0.2514862978556942,27,0.0,20,0.65,346,1,10,1
NA,NA,NA,NA,NA,NA,NA,NA,NA,NA,43.938106536865234,0.001356114400550723,0.19143443100751964,46,0.0,44,0.6590909090909091,346,1,10,2
NA,NA,NA,NA,NA,NA,NA,NA,NA,NA,85.18269348144531,0.0026290954556316137,0.4357696635968047,74,0.10810810810810811,85,0.9176470588235294,346,1,11,0
NA,NA,NA,NA,NA,NA,NA,NA,NA,NA,19.188161849975586,0.00059222721029073,0.2016115739473169,27,0.0,19,0.631578947368421,346,1,11,1
NA,NA,NA,NA,NA,NA,NA,NA,NA,NA,41.92314910888672,0.0012939244043081999,0.22202681147638964,38,0.02631578947368421,42,0.6428571428571429,346,1,11,2
NA,NA,NA,NA,NA,NA,NA,NA,NA,NA,80.20645141601562,0.002475507790222764,0.4669819457342369,79,0.17721518987341772,80,0.9125,346,1,12,0
NA,NA,NA,NA,NA,NA,NA,NA,NA,NA,19.250396728515625,0.0005941480631008744,0.21749412931530204,21,0.0,19,0.631578947368421,346,1,12,1
NA,NA,NA,NA,NA,NA,NA,NA,NA,NA,40.655277252197266,0.001254792558029294,0.20657189766052883,31,0.03225806451612903,41,0.6585365853658537,346,1,12,2
NA,NA,NA,NA,NA,NA,NA,NA,NA,NA,77.02938079833984,0.0023774500004947186,0.4613809206937647,82,0.17073170731707318,77,0.948051948051948,346,1,13,0
NA,NA,NA,NA,NA,NA,NA,NA,NA,NA,18.767515182495117,0.0005792442825622857,0.18322388075582238,11,0.0,19,0.47368421052631576,346,1,13,1
NA,NA,NA,NA,NA,NA,NA,NA,NA,NA,40.78519058227539,0.0012588021345436573,0.196367926646641,36,0.027777777777777776,41,0.7073170731707317,346,1,13,2
NA,NA,NA,NA,NA,NA,NA,NA,NA,NA,68.62937927246094,0.002118190750479698,0.3716520483383701,67,0.13432835820895522,69,0.8405797101449275,346,1,14,0
NA,NA,NA,NA,NA,NA,NA,NA,NA,NA,18.160999298095703,0.0005605246406048536,0.09648056452804195,15,0.0,18,0.2222222222222222,346,1,14,1
NA,NA,NA,NA,NA,NA,NA,NA,NA,NA,38.20288848876953,0.0011791015276685357,0.1284906987060856,35,0.02857142857142857,38,0.7105263157894737,346,1,14,2
NA,NA,NA,NA,NA,NA,NA,NA,NA,NA,66.30726623535156,0.0020465205889195204,0.40745969019438355,77,0.11688311688311688,66,0.9090909090909091,346,1,15,0
NA,NA,NA,NA,NA,NA,NA,NA,NA,NA,19.57882308959961,0.0006042846362106502,0.2962695510893198,18,0.05555555555555555,20,0.75,346,1,15,1
NA,NA,NA,NA,NA,NA,NA,NA,NA,NA,38.664337158203125,0.001193343778140843,0.15872684066759382,36,0.05555555555555555,39,0.8205128205128205,346,1,15,2
NA,NA,NA,NA,NA,NA,NA,NA,NA,NA,60.97382354736328,0.0018819081597030163,0.41410609855393804,67,0.08955223880597014,61,0.9016393442622951,346,1,16,0
NA,NA,NA,NA,NA,NA,NA,NA,NA,NA,18.146888732910156,0.0005600891308858991,0.10331875867957342,13,0.0,18,0.6666666666666666,346,1,16,1
NA,NA,NA,NA,NA,NA,NA,NA,NA,NA,39.433807373046875,0.001217092853039503,0.1885878161391155,35,0.02857142857142857,39,0.9487179487179487,346,1,16,2
NA,NA,NA,NA,NA,NA,NA,NA,NA,NA,58.81459426879883,0.0018152652774006128,0.35883396926670946,53,0.16981132075471697,59,0.9491525423728814,346,1,17,0
NA,NA,NA,NA,NA,NA,NA,NA,NA,NA,17.968257904052734,0.0005545758758671582,0.0721674815555794,20,0.0,18,0.3888888888888889,346,1,17,1
NA,NA,NA,NA,NA,NA,NA,NA,NA,NA,37.26224136352539,0.0011500691762194037,0.1310018688717393,36,0.0,37,0.8378378378378378,346,1,17,2
NA,NA,NA,NA,NA,NA,NA,NA,NA,NA,56.62410354614258,0.0017476575449109077,0.3624021663386466,67,0.14925373134328357,57,0.9824561403508771,346,1,18,0
NA,NA,NA,NA,NA,NA,NA,NA,NA,NA,17.560405731201172,0.0005419878289103508,0.11515862375703441,25,0.0,18,0.6111111111111112,346,1,18,1
NA,NA,NA,NA,NA,NA,NA,NA,NA,NA,36.998748779296875,0.0011419366346672177,0.13023722523325607,35,0.0,37,0.8108108108108109,346,1,18,2
NA,NA,NA,NA,NA,NA,NA,NA,NA,NA,55.202056884765625,0.001703767222352326,0.30872173117174984,43,0.09302325581395349,55,0.9454545454545454,346,1,19,0
NA,NA,NA,NA,NA,NA,NA,NA,NA,NA,17.33651351928711,0.0005350775900296867,0.30024979700157745,20,0.0,17,0.7058823529411765,346,1,19,1
NA,NA,NA,NA,NA,NA,NA,NA,NA,NA,36.01591110229492,0.0011116021778434515,0.1320846942670933,40,0.0,36,0.8611111111111112,346,1,19,2
NA,NA,NA,NA,NA,NA,NA,NA,NA,NA,52.639373779296875,0.0016246719751507044,0.3158073666583249,37,0.0,53,0.9433962264150944,346,1,20,0
NA,NA,NA,NA,NA,NA,NA,NA,NA,NA,17.130971908569336,0.0005287337116897106,0.3675983630498167,15,0.0,17,0.47058823529411764,346,1,20,1
NA,NA,NA,NA,NA,NA,NA,NA,NA,NA,34.9570426940918,0.001078921020962298,0.14377402271164896,22,0.0,35,0.7714285714285715,346,1,20,2
NA,NA,NA,NA,NA,NA,NA,NA,NA,NA,50.41474151611328,0.0015560105675831437,0.3616396388921594,52,0.07692307692307693,50,0.88,346,1,21,0
NA,NA,NA,NA,NA,NA,NA,NA,NA,NA,17.083412170410156,0.0005272658308967948,0.41841130948294863,14,0.0,17,0.7058823529411765,346,1,21,1
NA,NA,NA,NA,NA,NA,NA,NA,NA,NA,34.39586639404297,0.0010616008657962084,0.13954668570223325,35,0.0,34,0.8529411764705882,346,1,21,2
NA,NA,NA,NA,NA,NA,NA,NA,NA,NA,48.527408599853516,0.0014977594837546349,0.37195270929970453,50,0.04,49,0.9591836734693877,346,1,22,0
NA,NA,NA,NA,NA,NA,NA,NA,NA,NA,17.012096405029297,0.000525064708199352,0.23275883550375254,19,0.0,17,0.6470588235294118,346,1,22,1
NA,NA,NA,NA,NA,NA,NA,NA,NA,NA,34.555423736572266,0.0010665254667401314,0.11963850000560393,45,0.0,35,1.0857142857142856,346,1,22,2
NA,NA,NA,NA,NA,NA,NA,NA,NA,NA,45.51614761352539,0.0014048194279894233,0.32758115831649576,41,0.12195121951219512,46,0.8913043478260869,346,1,23,0
NA,NA,NA,NA,NA,NA,NA,NA,NA,NA,16.732553482055664,0.0005164368194527924,0.4122137741862296,12,0.0,17,0.9411764705882353,346,1,23,1
NA,NA,NA,NA,NA,NA,NA,NA,NA,NA,33.30155563354492,0.001027825754135847,0.10299816653289263,30,0.03333333333333333,33,1.0303030303030303,346,1,23,2
NA,NA,NA,NA,NA,NA,NA,NA,NA,NA,44.15376663208008,0.0013627705629915,0.3105465341792459,42,0.0,44,0.9772727272727273,346,1,24,0
NA,NA,NA,NA,NA,NA,NA,NA,NA,NA,16.6229305267334,0.0005130533827468753,0.14716257074061548,11,0.0,17,0.9411764705882353,346,1,24,1
NA,NA,NA,NA,NA,NA,NA,NA,NA,NA,33.494667053222656,0.0010337859857827425,0.0881251120161762,37,0.0,33,1.1515151515151516,346,1,24,2
NA,NA,NA,NA,NA,NA,NA,NA,NA,NA,43.021217346191406,0.001327815349213779,0.3254764678113772,42,0.0,43,1.0465116279069768,346,1,25,0
NA,NA,NA,NA,NA,NA,NA,NA,NA,NA,16.543813705444336,0.0005106115131638944,0.4234102671592952,9,0.0,17,0.9411764705882353,346,1,25,1
NA,NA,NA,NA,NA,NA,NA,NA,NA,NA,32.76909255981445,0.0010113917523995042,0.12110952150716989,42,0.023809523809523808,33,1.0606060606060606,346,1,25,2
NA,NA,NA,NA,NA,NA,NA,NA,NA,NA,42.193260192871094,0.0013022611383348703,0.31710921430586847,41,0.04878048780487805,42,0.9285714285714286,346,1,26,0
NA,NA,NA,NA,NA,NA,NA,NA,NA,NA,16.522132873535156,0.0005099423578940332,0.4182852542945668,18,0.0,17,0.9411764705882353,346,1,26,1
NA,NA,NA,NA,NA,NA,NA,NA,NA,NA,32.64433288574219,0.0010075410827994347,0.1407951595850573,37,0.0,33,1.0,346,1,26,2
NA,NA,NA,NA,NA,NA,NA,NA,NA,NA,42.312252044677734,0.0013059336924925447,0.2297587449391988,35,0.0,42,0.8571428571428571,346,1,27,0
NA,NA,NA,NA,NA,NA,NA,NA,NA,NA,16.510337829589844,0.0005095783271826804,0.3443753730679293,18,0.0,17,0.8235294117647058,346,1,27,1
NA,NA,NA,NA,NA,NA,NA,NA,NA,NA,32.6708869934082,0.0010083607630804181,0.18315479978781515,28,0.0,33,0.8484848484848485,346,1,27,2
NA,NA,NA,NA,NA,NA,NA,NA,NA,NA,42.24180221557617,0.0013037592871114612,0.21238048112462907,52,0.019230769230769232,42,0.7142857142857143,346,1,28,0
NA,NA,NA,NA,NA,NA,NA,NA,NA,NA,16.45547103881836,0.0005078848917037249,0.2557049668078561,10,0.0,16,0.75,346,1,28,1
NA,NA,NA,NA,NA,NA,NA,NA,NA,NA,32.8428840637207,0.0010136693017557263,0.15665491471784943,23,0.0,33,1.0303030303030303,346,1,28,2
NA,NA,NA,NA,NA,NA,NA,NA,NA,NA,42.275367736816406,0.001304795267060399,0.18225172140416424,42,0.07142857142857142,42,0.9047619047619048,346,1,29,0
NA,NA,NA,NA,NA,NA,NA,NA,NA,NA,16.51782989501953,0.0005098095862194896,0.45671043242193726,13,0.0,17,0.8823529411764706,346,1,29,1
NA,NA,NA,NA,NA,NA,NA,NA,NA,NA,32.62678527832031,0.0010069995187222958,0.2945431856855279,32,0.0,33,0.7575757575757576,346,1,29,2
NA,NA,NA,NA,NA,NA,NA,NA,NA,NA,42.173160552978516,0.0013016407610848546,0.16936775024349357,45,0.0,42,0.7142857142857143,346,1,30,0
NA,NA,NA,NA,NA,NA,NA,NA,NA,NA,16.443845748901367,0.0005075260996818542,0.2673192181068377,17,0.0,16,0.875,346,1,30,1
NA,NA,NA,NA,NA,NA,NA,NA,NA,NA,32.89449691772461,0.0010152622126042843,0.18775343950805826,20,0.0,33,1.0909090909090908,346,1,30,2
NA,NA,NA,NA,NA,NA,NA,NA,NA,NA,41.35506820678711,0.0012763909762725234,0.19440952078317186,36,0.0,41,0.7560975609756098,346,1,31,0
NA,NA,NA,NA,NA,NA,NA,NA,NA,NA,16.361879348754883,0.0005049962783232331,0.17478557537808684,10,0.0,16,0.75,346,1,31,1
NA,NA,NA,NA,NA,NA,NA,NA,NA,NA,32.86000061035156,0.001014197594486177,0.11912426885179063,35,0.0,33,1.0909090909090908,346,1,31,2
NA,NA,NA,NA,NA,NA,NA,NA,NA,NA,41.61110305786133,0.0012842932483181357,0.21550491572233405,34,0.0,42,0.7142857142857143,346,1,32,0
NA,NA,NA,NA,NA,NA,NA,NA,NA,NA,16.367900848388672,0.0005051821353845298,0.15819105798467303,14,0.0,16,0.75,346,1,32,1
NA,NA,NA,NA,NA,NA,NA,NA,NA,NA,33.06538391113281,0.0010205365251749754,0.11091049687787131,35,0.0,33,1.0909090909090908,346,1,32,2
NA,NA,NA,NA,NA,NA,NA,NA,NA,NA,40.86730194091797,0.0012613364960998297,0.21202674612738903,39,0.0,41,0.8048780487804879,346,1,33,0
NA,NA,NA,NA,NA,NA,NA,NA,NA,NA,16.358776092529297,0.0005049004685133696,0.35216110883658724,14,0.0,16,1.0625,346,1,33,1
NA,NA,NA,NA,NA,NA,NA,NA,NA,NA,32.487892150878906,0.0010027127573266625,0.1648902290797462,31,0.0,32,1.0,346,1,33,2
NA,NA,NA,NA,NA,NA,NA,NA,NA,NA,40.81678771972656,0.0012597773456946015,0.23415954553759985,47,0.0,41,0.7804878048780488,346,1,34,0
NA,NA,NA,NA,NA,NA,NA,NA,NA,NA,16.371524810791016,0.0005052939523011446,0.15147411274314096,11,0.0,16,0.75,346,1,34,1
NA,NA,NA,NA,NA,NA,NA,NA,NA,NA,32.845550537109375,0.001013751607388258,0.09873300806324198,35,0.0,33,1.0303030303030303,346,1,34,2
NA,NA,NA,NA,NA,NA,NA,NA,NA,NA,40.72570037841797,0.0012569660320878029,0.28882816038021036,36,0.0,41,0.926829268292683,346,1,35,0
NA,NA,NA,NA,NA,NA,NA,NA,NA,NA,16.372148513793945,0.000505313219036907,0.2810840589340319,13,0.0,16,1.0625,346,1,35,1
NA,NA,NA,NA,NA,NA,NA,NA,NA,NA,32.6099853515625,0.0010064810048788786,0.1193189059986442,32,0.0,33,0.8787878787878788,346,1,35,2
NA,NA,NA,NA,NA,NA,NA,NA,NA,NA,274.6745910644531,0.008477610535919666,0.6476333281826073,273,0.4175824175824176,275,1.069090909090909,346,2,1,0
NA,NA,NA,NA,NA,NA,NA,NA,NA,NA,55.92670440673828,0.0017261328175663948,0.5130456842117366,53,0.20754716981132076,56,0.7857142857142857,346,2,1,1
NA,NA,NA,NA,NA,NA,NA,NA,NA,NA,101.74132537841797,0.0031401643063873053,0.4487770967587624,93,0.23655913978494625,102,0.7254901960784313,346,2,1,2
NA,NA,NA,NA,NA,NA,NA,NA,NA,NA,229.7904052734375,0.007092296611517668,0.6003709691540392,243,0.3662551440329218,230,0.9869565217391304,346,2,2,0
NA,NA,NA,NA,NA,NA,NA,NA,NA,NA,42.28093719482422,0.0013049672124907374,0.5053783544644629,40,0.15,42,0.8333333333333334,346,2,2,1
NA,NA,NA,NA,NA,NA,NA,NA,NA,NA,79.76528930664062,0.002461891621351242,0.3938109022752958,91,0.13186813186813187,80,0.7,346,2,2,2
NA,NA,NA,NA,NA,NA,NA,NA,NA,NA,192.8171844482422,0.005951147526502609,0.5648735449482313,193,0.29533678756476683,193,0.9481865284974094,346,2,3,0
NA,NA,NA,NA,NA,NA,NA,NA,NA,NA,38.095123291015625,0.0011757754255086184,0.5441222474871338,48,0.2916666666666667,38,0.868421052631579,346,2,3,1
NA,NA,NA,NA,NA,NA,NA,NA,NA,NA,74.0705337524414,0.0022861275356262922,0.3815635239635666,85,0.1411764705882353,74,0.7432432432432432,346,2,3,2
NA,NA,NA,NA,NA,NA,NA,NA,NA,NA,160.73890686035156,0.004961077589541674,0.5216519823208104,162,0.2839506172839506,161,0.9192546583850931,346,2,4,0
NA,NA,NA,NA,NA,NA,NA,NA,NA,NA,29.911487579345703,0.0009231940493918955,0.4803430891939859,41,0.0975609756097561,30,0.8,346,2,4,1
NA,NA,NA,NA,NA,NA,NA,NA,NA,NA,59.18444061279297,0.001826680265367031,0.3653952712408675,68,0.07352941176470588,59,0.6779661016949152,346,2,4,2
NA,NA,NA,NA,NA,NA,NA,NA,NA,NA,140.8487548828125,0.004347183741629124,0.47419223548880296,168,0.24404761904761904,141,0.900709219858156,346,2,5,0
NA,NA,NA,NA,NA,NA,NA,NA,NA,NA,27.533531188964844,0.00084980035899207,0.38929833330335356,33,0.09090909090909091,28,0.6428571428571429,346,2,5,1
NA,NA,NA,NA,NA,NA,NA,NA,NA,NA,56.490623474121094,0.0017435377230867743,0.43923888045440634,58,0.08620689655172414,56,0.7678571428571429,346,2,5,2
NA,NA,NA,NA,NA,NA,NA,NA,NA,NA,125.5324935913086,0.003874459769576788,0.48285079254047053,121,0.2892561983471074,126,0.9047619047619048,346,2,6,0
NA,NA,NA,NA,NA,NA,NA,NA,NA,NA,21.89643669128418,0.0006758159724995494,0.1883838353541852,19,0.0,22,0.3181818181818182,346,2,6,1
NA,NA,NA,NA,NA,NA,NA,NA,NA,NA,56.870426177978516,0.0017552600475028157,0.448073363960733,67,0.16417910447761194,57,0.7543859649122807,346,2,6,2
NA,NA,NA,NA,NA,NA,NA,NA,NA,NA,111.88409423828125,0.0034532127901911736,0.47578494024842094,105,0.2571428571428571,112,0.8035714285714286,346,2,7,0
NA,NA,NA,NA,NA,NA,NA,NA,NA,NA,21.343034744262695,0.0006587356328964233,0.3687664121949703,24,0.0,21,0.2857142857142857,346,2,7,1
NA,NA,NA,NA,NA,NA,NA,NA,NA,NA,47.397762298583984,0.0014628939097747207,0.23888463428298487,44,0.09090909090909091,47,0.6808510638297872,346,2,7,2
NA,NA,NA,NA,NA,NA,NA,NA,NA,NA,102.56433868408203,0.0031655658967792988,0.4497201250235342,102,0.18627450980392157,103,0.912621359223301,346,2,8,0
NA,NA,NA,NA,NA,NA,NA,NA,NA,NA,19.976993560791016,0.0006165739032439888,0.15554077318998896,17,0.0,20,0.35,346,2,8,1
NA,NA,NA,NA,NA,NA,NA,NA,NA,NA,50.90327072143555,0.0015710885636508465,0.3912482814421421,58,0.0,51,0.9019607843137255,346,2,8,2
NA,NA,NA,NA,NA,NA,NA,NA,NA,NA,92.96572875976562,0.0028693126514554024,0.395862819293727,105,0.21904761904761905,93,0.7849462365591398,346,2,9,0
NA,NA,NA,NA,NA,NA,NA,NA,NA,NA,19.769649505615234,0.0006101743783801794,0.2004136981317438,20,0.0,20,0.5,346,2,9,1
NA,NA,NA,NA,NA,NA,NA,NA,NA,NA,46.578758239746094,0.0014376159524545074,0.3064018028030586,44,0.06818181818181818,47,0.9361702127659575,346,2,9,2
NA,NA,NA,NA,NA,NA,NA,NA,NA,NA,82.4360580444336,0.0025443227495998144,0.4096838617322699,89,0.16853932584269662,82,0.8780487804878049,346,2,10,0
NA,NA,NA,NA,NA,NA,NA,NA,NA,NA,18.90020751953125,0.0005833397153764963,0.10346241929863785,21,0.0,19,0.47368421052631576,346,2,10,1
NA,NA,NA,NA,NA,NA,NA,NA,NA,NA,42.97138595581055,0.0013262773863971233,0.2998210114885194,44,0.022727272727272728,43,0.8604651162790697,346,2,10,2
NA,NA,NA,NA,NA,NA,NA,NA,NA,NA,78.19548034667969,0.00241344072856009,0.39499732245341224,81,0.13580246913580246,78,0.782051282051282,346,2,11,0
NA,NA,NA,NA,NA,NA,NA,NA,NA,NA,18.719879150390625,0.0005777740734629333,0.29583745042897946,22,0.0,19,0.42105263157894735,346,2,11,1
NA,NA,NA,NA,NA,NA,NA,NA,NA,NA,41.03215789794922,0.0012664246605709195,0.25218656364689007,47,0.02127659574468085,41,0.8536585365853658,346,2,11,2
NA,NA,NA,NA,NA,NA,NA,NA,NA,NA,76.12869262695312,0.002349650952965021,0.44801291303452007,77,0.18181818181818182,76,0.8157894736842105,346,2,12,0
NA,NA,NA,NA,NA,NA,NA,NA,NA,NA,18.9140682220459,0.0005837675416842103,0.0727101947087487,23,0.0,19,0.5263157894736842,346,2,12,1
NA,NA,NA,NA,NA,NA,NA,NA,NA,NA,39.661075592041016,0.0012241072254255414,0.21450756483519887,36,0.027777777777777776,40,0.9,346,2,12,2
NA,NA,NA,NA,NA,NA,NA,NA,NA,NA,72.27354431152344,0.002230664948001504,0.5086369707793714,69,0.2898550724637681,72,0.9305555555555556,346,2,13,0
NA,NA,NA,NA,NA,NA,NA,NA,NA,NA,18.41783332824707,0.0005684516509063542,0.19845293183498666,13,0.0,18,0.5555555555555556,346,2,13,1
NA,NA,NA,NA,NA,NA,NA,NA,NA,NA,39.432838439941406,0.0012170629343017936,0.30904336442673036,40,0.025,39,0.8717948717948718,346,2,13,2
NA,NA,NA,NA,NA,NA,NA,NA,NA,NA,67.24637603759766,0.002075505442917347,0.4782033388701613,67,0.16417910447761194,67,0.9253731343283582,346,2,14,0
NA,NA,NA,NA,NA,NA,NA,NA,NA,NA,18.214962005615234,0.0005621901946142316,0.0911921919228832,20,0.0,18,0.6666666666666666,346,2,14,1
NA,NA,NA,NA,NA,NA,NA,NA,NA,NA,37.212642669677734,0.0011485383147373796,0.18913977283268454,33,0.0,37,0.8918918918918919,346,2,14,2
NA,NA,NA,NA,NA,NA,NA,NA,NA,NA,65.44734191894531,0.0020199797581881285,0.45170515362617847,75,0.10666666666666667,65,0.9384615384615385,346,2,15,0
NA,NA,NA,NA,NA,NA,NA,NA,NA,NA,17.361589431762695,0.0005358515190891922,0.19719309602349933,22,0.0,17,0.29411764705882354,346,2,15,1
NA,NA,NA,NA,NA,NA,NA,NA,NA,NA,38.655540466308594,0.0011930721811950207,0.17630890470816651,33,0.0,39,0.8461538461538461,346,2,15,2
NA,NA,NA,NA,NA,NA,NA,NA,NA,NA,65.2509994506836,0.0020139196421951056,0.5160240710209818,64,0.203125,65,0.9538461538461539,346,2,16,0
NA,NA,NA,NA,NA,NA,NA,NA,NA,NA,18.040700912475586,0.0005568117485381663,0.2082344457948771,17,0.0,18,0.5,346,2,16,1
NA,NA,NA,NA,NA,NA,NA,NA,NA,NA,38.672943115234375,0.0011936093214899302,0.22837732303694636,42,0.047619047619047616,39,1.0256410256410255,346,2,16,2
NA,NA,NA,NA,NA,NA,NA,NA,NA,NA,63.256591796875,0.0019523639930412173,0.5274419256003788,68,0.11764705882352941,63,1.0158730158730158,346,2,17,0
NA,NA,NA,NA,NA,NA,NA,NA,NA,NA,17.334949493408203,0.0005350292776711285,0.310577478326695,22,0.0,17,0.4117647058823529,346,2,17,1
NA,NA,NA,NA,NA,NA,NA,NA,NA,NA,38.39589309692383,0.0011850583832710981,0.30082332958435143,36,0.05555555555555555,38,1.105263157894737,346,2,17,2
NA,NA,NA,NA,NA,NA,NA,NA,NA,NA,59.543853759765625,0.001837773248553276,0.45207687031965105,66,0.19696969696969696,60,1.1166666666666667,346,2,18,0
NA,NA,NA,NA,NA,NA,NA,NA,NA,NA,17.082643508911133,0.0005272420821711421,0.2570501593179529,21,0.0,17,0.35294117647058826,346,2,18,1
NA,NA,NA,NA,NA,NA,NA,NA,NA,NA,35.58696746826172,0.0010983631946146488,0.30847084121568163,42,0.0,36,1.0,346,2,18,2
NA,NA,NA,NA,NA,NA,NA,NA,NA,NA,56.446311950683594,0.0017421700758859515,0.4362880663613444,51,0.0784313725490196,56,1.0714285714285714,346,2,19,0
NA,NA,NA,NA,NA,NA,NA,NA,NA,NA,16.980106353759766,0.0005240773316472769,0.0639938852323724,14,0.0,17,0.4117647058823529,346,2,19,1
NA,NA,NA,NA,NA,NA,NA,NA,NA,NA,35.68988037109375,0.001101539470255375,0.10801645524794223,39,0.0,36,1.0277777777777777,346,2,19,2
NA,NA,NA,NA,NA,NA,NA,NA,NA,NA,58.21735382080078,0.0017968319589272141,0.5593956647831894,56,0.125,58,1.1379310344827587,346,2,20,0
NA,NA,NA,NA,NA,NA,NA,NA,NA,NA,16.998445510864258,0.0005246434011496603,0.32288897890229057,13,0.0,17,0.47058823529411764,346,2,20,1
NA,NA,NA,NA,NA,NA,NA,NA,NA,NA,36.60808563232422,0.0011298791505396366,0.39744131578724506,29,0.034482758620689655,37,1.1891891891891893,346,2,20,2
NA,NA,NA,NA,NA,NA,NA,NA,NA,NA,56.907432556152344,0.0017564021982252598,0.4922798360742714,44,0.18181818181818182,57,1.087719298245614,346,2,21,0
NA,NA,NA,NA,NA,NA,NA,NA,NA,NA,16.868804931640625,0.0005206421483308077,0.33576276027993307,15,0.0,17,0.7058823529411765,346,2,21,1
NA,NA,NA,NA,NA,NA,NA,NA,NA,NA,35.431636810302734,0.0010935690952464938,0.2432601673574248,25,0.0,35,1.1428571428571428,346,2,21,2
NA,NA,NA,NA,NA,NA,NA,NA,NA,NA,56.93427658081055,0.001757230726070702,0.5081963785469985,58,0.1896551724137931,57,1.1403508771929824,346,2,22,0
NA,NA,NA,NA,NA,NA,NA,NA,NA,NA,16.75837516784668,0.0005172337987460196,0.40944495853917445,12,0.0,17,0.5294117647058824,346,2,22,1
NA,NA,NA,NA,NA,NA,NA,NA,NA,NA,35.52579116821289,0.0010964750545099378,0.3011739126593742,32,0.0625,36,1.1111111111111112,346,2,22,2
NA,NA,NA,NA,NA,NA,NA,NA,NA,NA,54.64158630371094,0.0016864687204360962,0.48409715505119205,51,0.11764705882352941,55,1.0727272727272728,346,2,23,0
NA,NA,NA,NA,NA,NA,NA,NA,NA,NA,16.886104583740234,0.0005211760872043669,0.08941653332145844,19,0.05263157894736842,17,0.47058823529411764,346,2,23,1
NA,NA,NA,NA,NA,NA,NA,NA,NA,NA,35.316993713378906,0.0010900306515395641,0.26356845575682497,39,0.0,35,1.2285714285714286,346,2,23,2
NA,NA,NA,NA,NA,NA,NA,NA,NA,NA,57.154136657714844,0.001764016575179994,0.5250751315595105,52,0.3269230769230769,57,1.087719298245614,346,2,24,0
NA,NA,NA,NA,NA,NA,NA,NA,NA,NA,17.18364715576172,0.0005303594516590238,0.3479013883091478,14,0.0,17,0.8235294117647058,346,2,24,1
NA,NA,NA,NA,NA,NA,NA,NA,NA,NA,36.196475982666016,0.0011171752121299505,0.270578692030036,38,0.05263157894736842,36,1.2777777777777777,346,2,24,2
NA,NA,NA,NA,NA,NA,NA,NA,NA,NA,54.54702377319336,0.0016835500719025731,0.5372972452490423,64,0.1875,55,1.0909090909090908,346,2,25,0
NA,NA,NA,NA,NA,NA,NA,NA,NA,NA,16.8848876953125,0.0005211384850554168,0.07670665438218513,13,0.0,17,0.5882352941176471,346,2,25,1
NA,NA,NA,NA,NA,NA,NA,NA,NA,NA,35.6413688659668,0.0011000422528013587,0.2790538941670208,38,0.07894736842105263,36,1.25,346,2,25,2
NA,NA,NA,NA,NA,NA,NA,NA,NA,NA,54.55376434326172,0.0016837581060826778,0.5732516749909023,47,0.19148936170212766,55,1.1272727272727272,346,2,26,0
NA,NA,NA,NA,NA,NA,NA,NA,NA,NA,16.80095100402832,0.000518547894898802,0.47221892466780074,13,0.0,17,0.7647058823529411,346,2,26,1
NA,NA,NA,NA,NA,NA,NA,NA,NA,NA,35.721946716308594,0.0011025292333215475,0.4139916258407394,39,0.05128205128205128,36,1.2222222222222223,346,2,26,2
NA,NA,NA,NA,NA,NA,NA,NA,NA,NA,54.40815734863281,0.0016792641254141927,0.5539424459584686,49,0.14285714285714285,54,0.9074074074074074,346,2,27,0
NA,NA,NA,NA,NA,NA,NA,NA,NA,NA,17.09744644165039,0.0005276989541016519,0.04212956665979132,17,0.0,17,0.5882352941176471,346,2,27,1
NA,NA,NA,NA,NA,NA,NA,NA,NA,NA,35.46858215332031,0.0010947093833237886,0.23482308720512218,36,0.0,35,1.2571428571428571,346,2,27,2
NA,NA,NA,NA,NA,NA,NA,NA,NA,NA,52.11404800415039,0.001608458231203258,0.4424815834924901,49,0.08163265306122448,52,0.9423076923076923,346,2,28,0
NA,NA,NA,NA,NA,NA,NA,NA,NA,NA,16.750944137573242,0.0005170044605620205,0.032324687023739924,21,0.0,17,0.47058823529411764,346,2,28,1
NA,NA,NA,NA,NA,NA,NA,NA,NA,NA,39.90498352050781,0.001231635338626802,0.537984213445829,36,0.1111111111111111,40,1.3,346,2,28,2
NA,NA,NA,NA,NA,NA,NA,NA,NA,NA,49.310340881347656,0.0015219240449368954,0.4027208520873942,50,0.12,49,0.9387755102040817,346,2,29,0
NA,NA,NA,NA,NA,NA,NA,NA,NA,NA,16.63127326965332,0.0005133108934387565,0.30307105929709344,8,0.0,17,0.23529411764705882,346,2,29,1
NA,NA,NA,NA,NA,NA,NA,NA,NA,NA,33.823158264160156,0.0010439245961606503,0.20151496661765717,28,0.03571428571428571,34,1.0588235294117647,346,2,29,2
NA,NA,NA,NA,NA,NA,NA,NA,NA,NA,48.33299255371094,0.0014917589724063873,0.300564972911407,44,0.022727272727272728,48,1.0,346,2,30,0
NA,NA,NA,NA,NA,NA,NA,NA,NA,NA,16.760757446289062,0.0005173073150217533,0.03796536050335057,23,0.0,17,0.47058823529411764,346,2,30,1
NA,NA,NA,NA,NA,NA,NA,NA,NA,NA,35.76850891113281,0.001103966380469501,0.15937916849589653,33,0.0,36,1.0833333333333333,346,2,30,2
NA,NA,NA,NA,NA,NA,NA,NA,NA,NA,47.745121002197266,0.0014736148295924067,0.2806366410083843,57,0.017543859649122806,48,1.0,346,2,31,0
NA,NA,NA,NA,NA,NA,NA,NA,NA,NA,16.90808868408203,0.0005218546139076352,0.0262709906792166,18,0.0,17,0.6470588235294118,346,2,31,1
NA,NA,NA,NA,NA,NA,NA,NA,NA,NA,35.31698226928711,0.0010900303022935987,0.13085653197141225,36,0.027777777777777776,35,1.1714285714285715,346,2,31,2
NA,NA,NA,NA,NA,NA,NA,NA,NA,NA,47.350196838378906,0.0014614257961511612,0.3210444210038736,46,0.08695652173913043,47,0.9361702127659575,346,2,32,0
NA,NA,NA,NA,NA,NA,NA,NA,NA,NA,16.661487579345703,0.0005142434383742511,0.1868120270437874,11,0.0,17,0.7647058823529411,346,2,32,1
NA,NA,NA,NA,NA,NA,NA,NA,NA,NA,34.297550201416016,0.0010585663840174675,0.13756127261405066,30,0.03333333333333333,34,1.0588235294117647,346,2,32,2
NA,NA,NA,NA,NA,NA,NA,NA,NA,NA,48.02345275878906,0.00148220534902066,0.36004605096121983,41,0.04878048780487805,48,0.9166666666666666,346,2,33,0
NA,NA,NA,NA,NA,NA,NA,NA,NA,NA,16.62125015258789,0.0005130015197210014,0.42336703142834703,12,0.0,17,0.7647058823529411,346,2,33,1
NA,NA,NA,NA,NA,NA,NA,NA,NA,NA,33.934837341308594,0.001047371537424624,0.27854104937090673,38,0.0,34,1.0588235294117647,346,2,33,2
NA,NA,NA,NA,NA,NA,NA,NA,NA,NA,48.3590202331543,0.001492562354542315,0.3669646393275327,52,0.09615384615384616,48,1.0,346,2,34,0
NA,NA,NA,NA,NA,NA,NA,NA,NA,NA,16.73358154296875,0.0005164685426279902,0.15778690573186233,14,0.0,17,0.8823529411764706,346,2,34,1
NA,NA,NA,NA,NA,NA,NA,NA,NA,NA,35.072242736816406,0.0010824765777215362,0.16445528906878917,27,0.0,35,1.1428571428571428,346,2,34,2
NA,NA,NA,NA,NA,NA,NA,NA,NA,NA,47.220367431640625,0.001457418780773878,0.30779273948822106,47,0.0425531914893617,47,1.0212765957446808,346,2,35,0
NA,NA,NA,NA,NA,NA,NA,NA,NA,NA,16.777652740478516,0.0005178287974558771,0.03921802751151738,16,0.0,17,0.7058823529411765,346,2,35,1
NA,NA,NA,NA,NA,NA,NA,NA,NA,NA,34.49382019042969,0.001064624055288732,0.14832738013354613,37,0.0,34,1.0588235294117647,346,2,35,2
NA,NA,NA,NA,NA,NA,NA,NA,NA,NA,276.69158935546875,0.008539863862097263,0.6717562844099141,277,0.3898916967509025,277,1.0613718411552346,346,3,1,0
NA,NA,NA,NA,NA,NA,NA,NA,NA,NA,55.042442321777344,0.0016988407587632537,0.49899066552828353,62,0.43548387096774194,55,0.8727272727272727,346,3,1,1
NA,NA,NA,NA,NA,NA,NA,NA,NA,NA,95.905517578125,0.0029600467532873154,0.4609031045004381,87,0.14942528735632185,96,0.7604166666666666,346,3,1,2
NA,NA,NA,NA,NA,NA,NA,NA,NA,NA,222.41310119628906,0.006864601746201515,0.5889843011459113,225,0.3244444444444444,222,1.009009009009009,346,3,2,0
NA,NA,NA,NA,NA,NA,NA,NA,NA,NA,35.37123107910156,0.0010917047038674355,0.34102377255104904,32,0.03125,35,0.5142857142857142,346,3,2,1
NA,NA,NA,NA,NA,NA,NA,NA,NA,NA,71.02936553955078,0.002192264422774315,0.37418548553447695,68,0.07352941176470588,71,0.5774647887323944,346,3,2,2
NA,NA,NA,NA,NA,NA,NA,NA,NA,NA,186.85565185546875,0.005767149850726128,0.5612828504184593,204,0.37745098039215685,187,0.9358288770053476,346,3,3,0
NA,NA,NA,NA,NA,NA,NA,NA,NA,NA,27.835243225097656,0.0008591124205850065,0.30019839948578897,25,0.0,28,0.32142857142857145,346,3,3,1
NA,NA,NA,NA,NA,NA,NA,NA,NA,NA,71.55496978759766,0.0022084866650402546,0.42133416947006075,62,0.11290322580645161,72,0.7638888888888888,346,3,3,2
NA,NA,NA,NA,NA,NA,NA,NA,NA,NA,152.11647033691406,0.004694952629506588,0.49316382072355275,142,0.19014084507042253,152,0.8486842105263158,346,3,4,0
NA,NA,NA,NA,NA,NA,NA,NA,NA,NA,24.426877975463867,0.0007539159851148725,0.2944601744379056,21,0.0,24,0.3333333333333333,346,3,4,1
NA,NA,NA,NA,NA,NA,NA,NA,NA,NA,53.53307342529297,0.0016522553050890565,0.28409685219872133,56,0.0,54,0.4444444444444444,346,3,4,2
NA,NA,NA,NA,NA,NA,NA,NA,NA,NA,138.52340698242188,0.004275413695722818,0.4992448754721052,132,0.3560606060606061,139,0.9064748201438849,346,3,5,0
NA,NA,NA,NA,NA,NA,NA,NA,NA,NA,22.886566162109375,0.000706375518348068,0.18205343914206143,22,0.0,23,0.30434782608695654,346,3,5,1
NA,NA,NA,NA,NA,NA,NA,NA,NA,NA,54.3798828125,0.001678391476161778,0.25494993635840013,53,0.03773584905660377,54,0.5370370370370371,346,3,5,2
NA,NA,NA,NA,NA,NA,NA,NA,NA,NA,117.36984252929688,0.0036225260701030493,0.4724880015670189,120,0.175,117,0.8632478632478633,346,3,6,0
NA,NA,NA,NA,NA,NA,NA,NA,NA,NA,21.62517738342285,0.0006674437317997217,0.4730835698564715,23,0.0,22,0.4090909090909091,346,3,6,1
NA,NA,NA,NA,NA,NA,NA,NA,NA,NA,47.75481033325195,0.0014739139005541801,0.25156917039747256,46,0.021739130434782608,48,0.4791666666666667,346,3,6,2
NA,NA,NA,NA,NA,NA,NA,NA,NA,NA,99.30443572998047,0.003064951626583934,0.41840037536734576,94,0.1702127659574468,99,0.797979797979798,346,3,7,0
NA,NA,NA,NA,NA,NA,NA,NA,NA,NA,20.408477783203125,0.0006298912921920419,0.3355699175481704,13,0.0,20,0.45,346,3,7,1
NA,NA,NA,NA,NA,NA,NA,NA,NA,NA,47.90642166137695,0.0014785932144150138,0.3334992830300657,50,0.08,48,0.7916666666666666,346,3,7,2
NA,NA,NA,NA,NA,NA,NA,NA,NA,NA,91.92559814453125,0.002837209729477763,0.471042020115403,88,0.11363636363636363,92,0.8804347826086957,346,3,8,0
NA,NA,NA,NA,NA,NA,NA,NA,NA,NA,19.97646141052246,0.0006165574304759502,0.24562784494361628,18,0.0,20,0.25,346,3,8,1
NA,NA,NA,NA,NA,NA,NA,NA,NA,NA,43.11418914794922,0.001330684870481491,0.16776147234928127,48,0.020833333333333332,43,0.5581395348837209,346,3,8,2
NA,NA,NA,NA,NA,NA,NA,NA,NA,NA,79.89610290527344,0.002465929137542844,0.41934869463920643,82,0.0975609756097561,80,0.875,346,3,9,0
NA,NA,NA,NA,NA,NA,NA,NA,NA,NA,18.979921340942383,0.0005858000367879868,0.292724942695425,19,0.0,19,0.2631578947368421,346,3,9,1
NA,NA,NA,NA,NA,NA,NA,NA,NA,NA,40.30705642700195,0.0012440449791029096,0.1325083496025628,45,0.0,40,0.55,346,3,9,2
NA,NA,NA,NA,NA,NA,NA,NA,NA,NA,73.52879333496094,0.002269407268613577,0.4341235191416649,73,0.0821917808219178,74,0.8648648648648649,346,3,10,0
NA,NA,NA,NA,NA,NA,NA,NA,NA,NA,18.864910125732422,0.0005822503007948399,0.06645745747955821,12,0.0,19,0.42105263157894735,346,3,10,1
NA,NA,NA,NA,NA,NA,NA,NA,NA,NA,41.403690338134766,0.0012778916861861944,0.1715592422925969,40,0.025,41,0.8780487804878049,346,3,10,2
NA,NA,NA,NA,NA,NA,NA,NA,NA,NA,66.6325912475586,0.0020565614104270935,0.4010858809892481,67,0.1044776119402985,67,0.8955223880597015,346,3,11,0
NA,NA,NA,NA,NA,NA,NA,NA,NA,NA,18.023475646972656,0.0005562801379710436,0.3064884347661439,22,0.0,18,0.4444444444444444,346,3,11,1
NA,NA,NA,NA,NA,NA,NA,NA,NA,NA,40.099586486816406,0.001237641554325819,0.2421595679532469,42,0.07142857142857142,40,0.75,346,3,11,2
NA,NA,NA,NA,NA,NA,NA,NA,NA,NA,59.40224075317383,0.0018334024352952838,0.36305267690060283,79,0.10126582278481013,59,0.8983050847457628,346,3,12,0
NA,NA,NA,NA,NA,NA,NA,NA,NA,NA,17.458213806152344,0.0005388337303884327,0.25574006056123394,16,0.0,17,0.35294117647058826,346,3,12,1
NA,NA,NA,NA,NA,NA,NA,NA,NA,NA,37.30712890625,0.001151454634964466,0.35760301670052685,37,0.02702702702702703,37,1.0,346,3,12,2
NA,NA,NA,NA,NA,NA,NA,NA,NA,NA,56.51557159423828,0.0017443078104406595,0.3710834945653512,54,0.14814814814814814,57,1.0350877192982457,346,3,13,0
NA,NA,NA,NA,NA,NA,NA,NA,NA,NA,17.33641815185547,0.0005350746214389801,0.30383838479538544,13,0.0,17,0.5882352941176471,346,3,13,1
NA,NA,NA,NA,NA,NA,NA,NA,NA,NA,35.53274154663086,0.0010966896079480648,0.23444865195112277,31,0.0,36,1.0277777777777777,346,3,13,2
NA,NA,NA,NA,NA,NA,NA,NA,NA,NA,52.73963165283203,0.0016277664108201861,0.37163062401613567,59,0.06779661016949153,53,0.9811320754716981,346,3,14,0
NA,NA,NA,NA,NA,NA,NA,NA,NA,NA,17.012248992919922,0.000525069423019886,0.28588022549307524,14,0.0,17,0.5882352941176471,346,3,14,1
NA,NA,NA,NA,NA,NA,NA,NA,NA,NA,34.59867477416992,0.001067860284820199,0.20967106996985382,30,0.0,35,1.0,346,3,14,2
NA,NA,NA,NA,NA,NA,NA,NA,NA,NA,51.11773681640625,0.001577707938849926,0.4421514498198051,54,0.09259259259259259,51,1.0588235294117647,346,3,15,0
NA,NA,NA,NA,NA,NA,NA,NA,NA,NA,16.86752700805664,0.0005206026835367084,0.24398410329103784,9,0.0,17,0.5882352941176471,346,3,15,1
NA,NA,NA,NA,NA,NA,NA,NA,NA,NA,34.317718505859375,0.0010591888567432761,0.16672761235388067,45,0.044444444444444446,34,1.0294117647058822,346,3,15,2
NA,NA,NA,NA,NA,NA,NA,NA,NA,NA,49.24585723876953,0.001519933808594942,0.4713142693863159,43,0.16279069767441862,49,1.0408163265306123,346,3,16,0
NA,NA,NA,NA,NA,NA,NA,NA,NA,NA,16.5595703125,0.0005110978381708264,0.2304141843591067,17,0.0,17,0.5294117647058824,346,3,16,1
NA,NA,NA,NA,NA,NA,NA,NA,NA,NA,35.01788330078125,0.0010807989165186882,0.327491343544798,41,0.024390243902439025,35,1.2285714285714286,346,3,16,2
NA,NA,NA,NA,NA,NA,NA,NA,NA,NA,49.1928596496582,0.0015182981733232737,0.4736220374025863,38,0.10526315789473684,49,1.0816326530612246,346,3,17,0
NA,NA,NA,NA,NA,NA,NA,NA,NA,NA,16.619606018066406,0.0005129508208483458,0.44438838262546854,17,0.0,17,1.0,346,3,17,1
NA,NA,NA,NA,NA,NA,NA,NA,NA,NA,33.831146240234375,0.0010441711638122797,0.24963302382791108,46,0.06521739130434782,34,1.2352941176470589,346,3,17,2
NA,NA,NA,NA,NA,NA,NA,NA,NA,NA,50.12318801879883,0.0015470120124518871,0.5338226257166968,47,0.1276595744680851,50,1.24,346,3,18,0
NA,NA,NA,NA,NA,NA,NA,NA,NA,NA,16.555381774902344,0.0005109685589559376,0.4171764920280769,20,0.0,17,0.7647058823529411,346,3,18,1
NA,NA,NA,NA,NA,NA,NA,NA,NA,NA,33.788883209228516,0.001042866730131209,0.23095884927567423,26,0.0,34,1.3529411764705883,346,3,18,2
NA,NA,NA,NA,NA,NA,NA,NA,NA,NA,50.23601531982422,0.0015504943439736962,0.5200305027247871,49,0.12244897959183673,50,1.22,346,3,19,0
NA,NA,NA,NA,NA,NA,NA,NA,NA,NA,16.51993179321289,0.0005098744295537472,0.380367479415521,16,0.0,17,0.8235294117647058,346,3,19,1
NA,NA,NA,NA,NA,NA,NA,NA,NA,NA,33.40729522705078,0.0010310893412679434,0.25462501084036815,37,0.0,33,1.2727272727272727,346,3,19,2
NA,NA,NA,NA,NA,NA,NA,NA,NA,NA,49.54876708984375,0.0015292828902602196,0.5339356257432796,43,0.16279069767441862,50,1.24,346,3,20,0
NA,NA,NA,NA,NA,NA,NA,NA,NA,NA,16.521289825439453,0.0005099163390696049,0.20765000419835894,11,0.0,17,0.5882352941176471,346,3,20,1
NA,NA,NA,NA,NA,NA,NA,NA,NA,NA,33.59428787231445,0.0010368607472628355,0.1646172608553525,30,0.0,34,1.2647058823529411,346,3,20,2
NA,NA,NA,NA,NA,NA,NA,NA,NA,NA,48.54669952392578,0.0014983549481257796,0.5224436114291,42,0.11904761904761904,49,1.183673469387755,346,3,21,0
NA,NA,NA,NA,NA,NA,NA,NA,NA,NA,17.93657875061035,0.0005535981035791337,0.19250701847343912,26,0.0,18,0.7777777777777778,346,3,21,1
NA,NA,NA,NA,NA,NA,NA,NA,NA,NA,33.419334411621094,0.001031460938975215,0.2301627916689746,37,0.0,33,1.1818181818181819,346,3,21,2
NA,NA,NA,NA,NA,NA,NA,NA,NA,NA,47.30026626586914,0.001459884806536138,0.5031027635523864,41,0.14634146341463414,47,1.2127659574468086,346,3,22,0
NA,NA,NA,NA,NA,NA,NA,NA,NA,NA,16.620223999023438,0.0005129698547534645,0.3058781663058334,18,0.0,17,0.8235294117647058,346,3,22,1
NA,NA,NA,NA,NA,NA,NA,NA,NA,NA,33.17890548706055,0.0010240402771160007,0.12160469074065362,43,0.0,33,1.2121212121212122,346,3,22,2
NA,NA,NA,NA,NA,NA,NA,NA,NA,NA,47.651527404785156,0.0014707260997965932,0.56729718031843,49,0.14285714285714285,48,1.3541666666666667,346,3,23,0
NA,NA,NA,NA,NA,NA,NA,NA,NA,NA,16.454805374145508,0.0005078643443994224,0.32541173948285834,10,0.0,16,0.5625,346,3,23,1
NA,NA,NA,NA,NA,NA,NA,NA,NA,NA,33.28022003173828,0.001027167309075594,0.13203827672547971,30,0.0,33,1.2424242424242424,346,3,23,2
NA,NA,NA,NA,NA,NA,NA,NA,NA,NA,47.222381591796875,0.0014574809465557337,0.559215682120009,41,0.17073170731707318,47,1.3404255319148937,346,3,24,0
NA,NA,NA,NA,NA,NA,NA,NA,NA,NA,16.364795684814453,0.0005050862673670053,0.26004220509224346,22,0.0,16,0.4375,346,3,24,1
NA,NA,NA,NA,NA,NA,NA,NA,NA,NA,33.43590545654297,0.0010319723514840007,0.1328160681247151,44,0.0,33,1.3333333333333333,346,3,24,2
NA,NA,NA,NA,NA,NA,NA,NA,NA,NA,46.107627868652344,0.0014230749802663922,0.5052833419450785,40,0.175,46,1.3695652173913044,346,3,25,0
NA,NA,NA,NA,NA,NA,NA,NA,NA,NA,16.319913864135742,0.0005037010414525867,0.20245204267576605,9,0.0,16,0.375,346,3,25,1
NA,NA,NA,NA,NA,NA,NA,NA,NA,NA,33.235565185546875,0.0010257890680804849,0.11438302888568626,35,0.0,33,1.2727272727272727,346,3,25,2
NA,NA,NA,NA,NA,NA,NA,NA,NA,NA,45.351654052734375,0.0013997424393892288,0.4690550900683087,54,0.0,45,1.3333333333333333,346,3,26,0
NA,NA,NA,NA,NA,NA,NA,NA,NA,NA,16.29606056213379,0.0005029648309573531,0.1756826866570148,19,0.0,16,0.375,346,3,26,1
NA,NA,NA,NA,NA,NA,NA,NA,NA,NA,33.21086120605469,0.0010250265477225184,0.11105609195598128,29,0.0,33,1.2424242424242424,346,3,26,2
NA,NA,NA,NA,NA,NA,NA,NA,NA,NA,45.44118118286133,0.0014025055570527911,0.47920899730852573,46,0.08695652173913043,45,1.4222222222222223,346,3,27,0
NA,NA,NA,NA,NA,NA,NA,NA,NA,NA,16.2950439453125,0.0005029334570281208,0.18185466839282652,15,0.0,16,0.4375,346,3,27,1
NA,NA,NA,NA,NA,NA,NA,NA,NA,NA,33.56837463378906,0.0010360609740018845,0.08872896345752558,31,0.0,34,1.4705882352941178,346,3,27,2
NA,NA,NA,NA,NA,NA,NA,NA,NA,NA,47.11100769042969,0.001454043434932828,0.5507526380109269,47,0.14893617021276595,47,1.3617021276595744,346,3,28,0
NA,NA,NA,NA,NA,NA,NA,NA,NA,NA,16.317584991455078,0.0005036291549913585,0.25664791729374903,17,0.0,16,0.6875,346,3,28,1
NA,NA,NA,NA,NA,NA,NA,NA,NA,NA,35.93595504760742,0.0011091344058513641,0.41483948892214184,42,0.0,36,1.4166666666666667,346,3,28,2
NA,NA,NA,NA,NA,NA,NA,NA,NA,NA,46.22894287109375,0.001426819246262312,0.5069129412722811,36,0.1111111111111111,46,1.391304347826087,346,3,29,0
NA,NA,NA,NA,NA,NA,NA,NA,NA,NA,16.39472198486328,0.0005060099647380412,0.1803873656182334,26,0.0,16,0.875,346,3,29,1
NA,NA,NA,NA,NA,NA,NA,NA,NA,NA,34.32791519165039,0.0010595035273581743,0.12050695473258008,37,0.0,34,1.3529411764705883,346,3,29,2
NA,NA,NA,NA,NA,NA,NA,NA,NA,NA,48.45206832885742,0.0014954342041164637,0.5456216644904139,48,0.14583333333333334,48,1.4375,346,3,30,0
NA,NA,NA,NA,NA,NA,NA,NA,NA,NA,16.386741638183594,0.0005057636299170554,0.3365200421096626,14,0.0,16,0.6875,346,3,30,1
NA,NA,NA,NA,NA,NA,NA,NA,NA,NA,33.337039947509766,0.001028920989483595,0.4151980518957072,35,0.0,33,1.3636363636363635,346,3,30,2
NA,NA,NA,NA,NA,NA,NA,NA,NA,NA,46.06257247924805,0.0014216842828318477,0.4806982962381486,38,0.07894736842105263,46,1.434782608695652,346,3,31,0
NA,NA,NA,NA,NA,NA,NA,NA,NA,NA,16.2969970703125,0.0005029937601648271,0.22526184338001487,20,0.0,16,0.4375,346,3,31,1
NA,NA,NA,NA,NA,NA,NA,NA,NA,NA,32.85131072998047,0.0010139293735846877,0.2885965265870106,34,0.0,33,1.3636363636363635,346,3,31,2
NA,NA,NA,NA,NA,NA,NA,NA,NA,NA,48.10531234741211,0.0014847319107502699,0.5574977844186997,53,0.1509433962264151,48,1.5208333333333333,346,3,32,0
NA,NA,NA,NA,NA,NA,NA,NA,NA,NA,16.395328521728516,0.0005060286493971944,0.3783047432082716,23,0.0,16,0.8125,346,3,32,1
NA,NA,NA,NA,NA,NA,NA,NA,NA,NA,34.04663848876953,0.0010508222039788961,0.32766169943143497,39,0.0,34,1.3529411764705883,346,3,32,2
NA,NA,NA,NA,NA,NA,NA,NA,NA,NA,47.20866394042969,0.0014570575440302491,0.5431204634398864,52,0.1346153846153846,47,1.425531914893617,346,3,33,0
NA,NA,NA,NA,NA,NA,NA,NA,NA,NA,16.328214645385742,0.0005039572133682668,0.2622813727253132,17,0.0,16,0.4375,346,3,33,1
NA,NA,NA,NA,NA,NA,NA,NA,NA,NA,33.401397705078125,0.0010309073841199279,0.4196441995510509,45,0.0,33,1.2424242424242424,346,3,33,2
NA,NA,NA,NA,NA,NA,NA,NA,NA,NA,47.81679153442383,0.0014758269535377622,0.5775513348124702,68,0.17647058823529413,48,1.4166666666666667,346,3,34,0
NA,NA,NA,NA,NA,NA,NA,NA,NA,NA,16.34864044189453,0.0005045876605436206,0.33575725579827587,11,0.0,16,0.875,346,3,34,1
NA,NA,NA,NA,NA,NA,NA,NA,NA,NA,33.64299774169922,0.0010383641347289085,0.3852371223315253,27,0.0,34,1.3823529411764706,346,3,34,2
NA,NA,NA,NA,NA,NA,NA,NA,NA,NA,46.91276931762695,0.0014479249948635697,0.5363790944481192,55,0.12727272727272726,47,1.3191489361702127,346,3,35,0
NA,NA,NA,NA,NA,NA,NA,NA,NA,NA,16.239145278930664,0.0005012081819586456,0.15928988934913232,18,0.0,16,0.3125,346,3,35,1
NA,NA,NA,NA,NA,NA,NA,NA,NA,NA,35.19883728027344,0.0010863838251680136,0.47606968299973146,38,0.05263157894736842,35,1.3428571428571427,346,3,35,2
0.8755020080321285,249,1.1552346570397112,277,1.199134199134199,231,1.3389473684210527,475,1.2601626016260163,246,275.09722900390625,0.008490655571222305,0.6552691245525805,268,0.41044776119402987,275,1.0218181818181817,347,0,1,0
0.5972222222222222,72,0.9534883720930233,43,1.2231404958677685,121,1.5396825396825398,126,0.6111111111111112,18,55.975242614746094,0.0017276309663429856,0.4845029884303604,50,0.34,56,0.6785714285714286,347,0,1,1
0.6551724137931034,87,0.7361111111111112,72,0.8333333333333334,54,0.6938775510204082,49,1.1237113402061856,97,100.72966766357422,0.0031089403200894594,0.5016535515096819,112,0.20535714285714285,101,0.7722772277227723,347,0,1,2
0.8868613138686131,274,1.1686274509803922,255,0.8796992481203008,133,1.3732809430255404,509,0.95,100,224.2218780517578,0.006920428480952978,0.6251551382868148,229,0.30131004366812225,224,1.03125,347,0,2,0
0.3783783783783784,37,0.9591836734693877,49,0.8235294117647058,17,0.4,15,0.38461538461538464,13,38.380550384521484,0.001184584922157228,0.37333081039961163,46,0.13043478260869565,38,0.47368421052631576,347,0,2,1
0.5894736842105263,95,0.8,55,1.1904761904761905,63,0.45,20,1.35,80,74.2627944946289,0.0022920614574104548,0.3311312056249975,69,0.14492753623188406,74,0.6216216216216216,347,0,2,2
0.782051282051282,156,1.0051020408163265,196,0.8686868686868687,99,0.9562043795620438,137,1.1885714285714286,175,187.45970153808594,0.00578579306602478,0.6170460872751744,190,0.3263157894736842,187,0.946524064171123,347,0,3,0
0.4,10,0.8108108108108109,37,1.1818181818181819,44,0.631578947368421,19,0.14285714285714285,7,33.462425231933594,0.0010327908676117659,0.31861028536850955,29,0.034482758620689655,33,0.696969696969697,347,0,3,1
0.6363636363636364,77,0.7441860465116279,43,0.18181818181818182,22,1.3620689655172413,116,1.6213592233009708,206,64.67195129394531,0.001996047794818878,0.26073190287219195,73,0.0684931506849315,65,0.7076923076923077,347,0,3,2
0.7068965517241379,174,1.011111111111111,180,1.1388888888888888,108,1.0476190476190477,105,0.96875,96,168.60330200195312,0.005203805398195982,0.6366360377037198,170,0.37058823529411766,169,0.9881656804733728,347,0,4,0
0.6785714285714286,28,0.8709677419354839,31,0.6428571428571429,14,0.5,16,0.6666666666666666,6,32.95421600341797,0.0010171054163947701,0.4615858724199032,36,0.08333333333333333,33,0.8181818181818182,347,0,4,1
0.5,60,0.9038461538461539,52,0.75,48,0.43478260869565216,23,0.1,10,64.62690734863281,0.001994657563045621,0.3797309929410823,68,0.1323529411764706,65,0.8461538461538461,347,0,4,2
0.7248322147651006,149,0.847457627118644,118,0.9611650485436893,103,0.9759036144578314,166,0.7962962962962963,54,137.7129669189453,0.004250400234013796,0.5302007979010217,138,0.26811594202898553,138,0.9202898550724637,347,0,5,0
0.6285714285714286,35,0.7083333333333334,24,0.5,6,0.5,4,1.7416666666666667,240,28.345462799072266,0.0008748599793761969,0.4159953636624592,32,0.03125,28,0.7857142857142857,347,0,5,1
0.5138888888888888,72,0.6458333333333334,48,1.2277227722772277,101,0.2,10,0.2222222222222222,9,53.77580642700195,0.001659747096709907,0.24681689846543944,57,0.07017543859649122,54,0.7592592592592593,347,0,5,2
0.8861788617886179,123,0.8860759493670886,79,1.2303030303030302,165,1.0517241379310345,58,0.5769230769230769,26,115.13520812988281,0.0035535558126866817,0.5068005716221291,114,0.2894736842105263,115,0.9478260869565217,347,0,6,0
0.391304347826087,23,0.9210526315789473,38,0.25,4,0.6,5,0.5,2,23.35614013671875,0.0007208685274235904,0.3580998944519404,10,0.0,23,0.4782608695652174,347,0,6,1
0.30303030303030304,33,0.7647058823529411,34,0.15384615384615385,13,1.4393939393939394,66,0.2,5,48.04862594604492,0.0014829823048785329,0.17696837132181142,47,0.0425531914893617,48,0.5833333333333334,347,0,6,2
0.6119402985074627,67,0.7763157894736842,76,1.0923076923076922,65,0.45454545454545453,22,1.3275862068965518,116,100.75379180908203,0.0031096849124878645,0.48357720704210067,109,0.23853211009174313,101,0.8811881188118812,347,0,7,0
0.6190476190476191,21,1.03125,32,0.3333333333333333,3,0.0,1,1.359375,64,21.475875854492188,0.0006628356641158462,0.20596149017958848,17,0.058823529411764705,21,0.5238095238095238,347,0,7,1
0.574468085106383,47,0.7777777777777778,45,1.105263157894737,57,0.45454545454545453,11,0.0,2,44.68844985961914,0.0013792731333523989,0.27088080143431364,46,0.021739130434782608,45,0.6222222222222222,347,0,7,2
0.5663716814159292,113,0.7735849056603774,53,1.2352941176470589,85,1.4333333333333333,180,1.4413793103448276,145,89.4916763305664,0.0027620887849479914,0.44758599774549357,95,0.15789473684210525,89,0.8426966292134831,347,0,8,0
0.3076923076923077,13,1.0,27,0.0,1,0.3333333333333333,3,1.452054794520548,73,20.2097110748291,0.000623756495770067,0.32423866563258263,20,0.0,20,0.4,347,0,8,1
0.5384615384615384,52,0.9841269841269841,63,1.25,112,0.0,1,0.14285714285714285,7,41.9277229309082,0.0012940654996782541,0.26399087731603293,33,0.030303030303030304,42,0.5,347,0,8,2
0.620253164556962,79,1.12,100,1.0526315789473684,95,0.5348837209302325,43,0.35714285714285715,28,79.40826416015625,0.0024508724454790354,0.45252528174036094,81,0.13580246913580246,79,0.8607594936708861,347,0,9,0
0.25,12,0.2,5,1.558139534883721,43,1.1612903225806452,31,1.6017699115044248,113,19.12456512451172,0.000590264331549406,0.3582348229673218,15,0.0,19,0.631578947368421,347,0,9,1
0.525,40,0.6363636363636364,22,0.631578947368421,19,0.5,18,0.0,1,38.206111907958984,0.001179200946353376,0.30240042478982615,35,0.02857142857142857,38,0.5,347,0,9,2
0.47368421052631576,57,0.8392857142857143,56,0.7910447761194029,67,1.471698113207547,106,1.5441176470588236,204,72.74732208251953,0.0022452876437455416,0.42202862611339015,74,0.14864864864864866,73,0.8493150684931506,347,0,10,0
0.4,20,0.6,5,0.6428571428571429,14,-1.0,0,-1.0,0,18.30560302734375,0.0005649877712130547,0.20745015886878237,21,0.0,18,0.3888888888888889,347,0,10,1
0.5434782608695652,46,0.875,32,1.04,50,1.2678571428571428,56,0.5,18,38.771034240722656,0.0011966368183493614,0.27933369855812495,43,0.0,39,0.7435897435897436,347,0,10,2
0.3442622950819672,61,0.7659574468085106,47,0.7567567567567568,37,0.5769230769230769,26,1.5027322404371584,183,65.00608825683594,0.0020063607953488827,0.36305713938903866,58,0.08620689655172414,65,0.8769230769230769,347,0,11,0
0.1875,16,0.0,3,1.1428571428571428,14,0.5,2,1.7307692307692308,104,18.062776565551758,0.0005574931274168193,0.23007071281753583,21,0.047619047619047616,18,0.5555555555555556,347,0,11,1
0.5652173913043478,46,0.6785714285714286,28,0.3,20,1.196969696969697,66,0.76,25,37.2239990234375,0.0011488888412714005,0.12124290772361491,33,0.030303030303030304,37,0.7837837837837838,347,0,11,2
0.46875,64,0.6041666666666666,48,1.0875,80,1.3114754098360655,122,0.25,8,59.514766693115234,0.0018368755700066686,0.325914104182871,59,0.1016949152542373,60,0.85,347,0,12,0
0.5294117647058824,17,0.8571428571428571,14,0.0,1,-1.0,0,0.0,1,17.606338500976562,0.0005434055346995592,0.23879138739942538,15,0.0,18,0.3888888888888889,347,0,12,1
0.19047619047619047,21,0.6923076923076923,26,1.16,25,0.3333333333333333,3,-1.0,0,34.93684005737305,0.0010782975004985929,0.19689752341998956,32,0.03125,35,0.7428571428571429,347,0,12,2
0.6949152542372882,59,1.0,68,1.0222222222222221,45,0.8222222222222222,45,0.375,8,55.815975189208984,0.0017227153293788433,0.3022362470971718,55,0.09090909090909091,56,0.8928571428571429,347,0,13,0
0.4642857142857143,28,1.2307692307692308,26,-1.0,0,-1.0,0,-1.0,0,17.467506408691406,0.0005391205777414143,0.21255001234811557,16,0.0,17,0.5294117647058824,347,0,13,1
0.4358974358974359,39,0.9285714285714286,42,-1.0,0,0.9090909090909091,22,1.5611111111111111,180,34.4401741027832,0.0010629682801663876,0.16522281264520053,43,0.0,34,0.8235294117647058,347,0,13,2
0.5806451612903226,62,1.1176470588235294,85,0.9428571428571428,35,0.5625,16,0.4,10,53.922420501708984,0.0016642722766846418,0.26491189047962527,59,0.05084745762711865,54,0.8888888888888888,347,0,14,0
0.2857142857142857,14,0.3333333333333333,6,1.1333333333333333,15,0.5,4,0.3333333333333333,12,17.216291427612305,0.0005313670262694359,0.19162885094775195,20,0.0,17,0.35294117647058826,347,0,14,1
0.3,20,0.78125,32,0.8235294117647058,34,1.5952380952380953,42,0.0,2,34.363548278808594,0.0010606033029034734,0.1252349564946336,42,0.023809523809523808,34,0.9117647058823529,347,0,14,2
0.13157894736842105,38,0.8571428571428571,49,1.4148936170212767,94,0.42857142857142855,7,0.0,5,51.60086441040039,0.0015926192281767726,0.28703687551454976,54,0.018518518518518517,52,0.8846153846153846,347,0,15,0
0.25,16,0.9444444444444444,18,1.0,17,0.6,5,0.0,1,17.025815963745117,0.0005254881689324975,0.08191640425194831,18,0.0,17,0.5294117647058824,347,0,15,1
0.20833333333333334,24,0.5454545454545454,11,1.0,13,0.8888888888888888,27,1.544871794871795,156,35.610477447509766,0.001099088811315596,0.28199107134032,47,0.0,36,1.0833333333333333,347,0,15,2
0.42857142857142855,49,0.9016393442622951,61,0.9692307692307692,65,0.78125,32,0.0,6,51.77254867553711,0.001597918220795691,0.35900109433833544,56,0.03571428571428571,52,0.9615384615384616,347,0,16,0
0.4444444444444444,27,0.9285714285714286,14,1.3432835820895523,67,-1.0,0,-1.0,0,17.480470657348633,0.0005395206972025335,0.03303249326307854,28,0.0,17,0.5882352941176471,347,0,16,1
0.29411764705882354,34,0.625,24,1.3820224719101124,89,1.4477611940298507,67,1.6608695652173913,460,34.974891662597656,0.0010794720146805048,0.09990694569245215,25,0.0,35,0.9142857142857143,347,0,16,2
0.5405405405405406,37,0.7608695652173914,46,0.7297297297297297,37,0.2222222222222222,9,0.2,5,48.58354568481445,0.0014994920929893851,0.39869035794459334,49,0.14285714285714285,49,0.9591836734693877,347,0,17,0
0.4444444444444444,9,0.875,16,1.1764705882352942,17,0.8125,16,0.0,3,17.119930267333984,0.0005283929058350623,0.0388262877529545,21,0.0,17,0.47058823529411764,347,0,17,1
0.3448275862068966,29,1.1162790697674418,86,1.5145631067961165,103,1.1764705882352942,34,0.0,1,33.955352783203125,0.0010480047203600407,0.05253156879971075,32,0.0,34,0.9705882352941176,347,0,17,2
0.5,58,0.7580645161290323,62,1.2666666666666666,60,0.875,56,0.42857142857142855,14,48.865325927734375,0.0015081890160217881,0.26708241577062114,47,0.0425531914893617,49,0.8775510204081632,347,0,18,0
0.5161290322580645,31,1.0,25,1.4137931034482758,29,1.1428571428571428,14,-1.0,0,16.86343765258789,0.000520476489327848,0.33428619297211903,17,0.0,17,0.7058823529411765,347,0,18,1
0.625,40,0.9230769230769231,39,0.5294117647058824,17,-1.0,0,1.3157894736842106,57,33.909027099609375,0.0010465749073773623,0.08703239632262552,26,0.0,34,0.7647058823529411,347,0,18,2
0.44,25,0.7647058823529411,34,1.0666666666666667,30,1.0638297872340425,47,1.0789473684210527,38,47.0748176574707,0.0014529264299198985,0.24804709598132976,45,0.0,47,0.9574468085106383,347,0,19,0
0.4230769230769231,26,1.0,12,0.0,1,1.5365853658536586,41,-1.0,0,16.787017822265625,0.0005181178566999733,0.254562215746518,9,0.0,17,0.7058823529411765,347,0,19,1
0.5849056603773585,53,0.9666666666666667,30,1.1355932203389831,59,-1.0,0,-1.0,0,33.351070404052734,0.001029354054480791,0.13394267345982255,26,0.0,33,0.9393939393939394,347,0,19,2
0.6842105263157895,76,0.7241379310344828,29,1.0833333333333333,60,1.0909090909090908,33,0.0,3,45.768211364746094,0.0014125991147011518,0.30901455832786917,42,0.023809523809523808,46,0.9130434782608695,347,0,20,0
0.4117647058823529,17,1.15625,32,0.4,5,1.6933333333333334,75,1.6226415094339623,212,16.931121826171875,0.0005225655040703714,0.052047115679732615,13,0.0,17,0.7058823529411765,347,0,20,1
0.4772727272727273,44,0.9487179487179487,39,0.3333333333333333,6,0.6,5,0.5,14,33.499603271484375,0.001033938373439014,0.04680793955300217,34,0.0,33,0.9696969696969697,347,0,20,2
0.43902439024390244,41,0.875,56,1.2173913043478262,46,1.4172185430463575,151,0.07692307692307693,13,44.94110107421875,0.0013870709808543324,0.3004318949348264,43,0.046511627906976744,45,1.0888888888888888,347,0,21,0
0.4166666666666667,12,0.3333333333333333,3,0.0,2,-1.0,0,-1.0,0,16.789201736450195,0.0005181852611713111,0.0883112093216117,16,0.0,17,0.8823529411764706,347,0,21,1
0.3333333333333333,27,0.8260869565217391,23,0.6666666666666666,18,1.3333333333333333,33,0.3076923076923077,13,33.327430725097656,0.0010286243632435799,0.046639585280303375,29,0.0,33,1.0909090909090908,347,0,21,2
0.34210526315789475,38,0.9166666666666666,24,0.6451612903225806,31,0.0,2,1.1320754716981132,53,43.446163177490234,0.001340930932201445,0.2576278097696818,52,0.038461538461538464,43,1.069767441860465,347,0,22,0
0.29411764705882354,17,0.9743589743589743,39,1.3529411764705883,34,1.1818181818181819,22,-1.0,0,16.495668411254883,0.0005091255879960954,0.2947535387650231,24,0.0,16,1.0625,347,0,22,1
0.38461538461538464,26,0.8148148148148148,27,1.4102564102564104,78,0.0,3,0.0,2,32.79030990600586,0.0010120465885847807,0.11081968535919375,35,0.0,33,1.121212121212121,347,0,22,2
0.5227272727272727,44,0.9491525423728814,59,0.5333333333333333,15,1.5772357723577235,123,0.36363636363636365,22,43.59551239013672,0.0013455405132845044,0.321679312006844,41,0.0,44,1.1818181818181819,347,0,23,0
0.3333333333333333,9,1.2777777777777777,36,0.5714285714285714,7,-1.0,0,-1.0,0,16.535463333129883,0.0005103538278490305,0.4584983325419517,15,0.0,17,1.1176470588235294,347,0,23,1
0.5238095238095238,42,0.967741935483871,31,-1.0,0,0.75,16,1.32,100,32.680763244628906,0.001008665538392961,0.22461669943634188,38,0.0,33,1.2424242424242424,347,0,23,2
0.576271186440678,59,1.1818181818181819,33,1.1578947368421053,19,0.0,5,0.5,2,42.49045181274414,0.0013114337343722582,0.33402512169701915,43,0.046511627906976744,42,1.1904761904761905,347,0,24,0
0.2727272727272727,11,0.6,5,1.2222222222222223,27,-1.0,0,-1.0,0,16.4511775970459,0.0005077524110674858,0.46064345363877385,20,0.0,16,1.0625,347,0,24,1
0.48484848484848486,33,0.9117647058823529,34,1.1923076923076923,26,-1.0,0,1.6440677966101696,236,32.481449127197266,0.0010025139199569821,0.3215274155145637,27,0.0,32,1.0625,347,0,24,2
0.45454545454545453,44,0.6666666666666666,39,1.4574468085106382,94,0.8181818181818182,55,0.875,72,42.97471618652344,0.0013263801811262965,0.4094465563703676,43,0.023255813953488372,43,1.255813953488372,347,0,25,0
0.29411764705882354,17,1.0,42,1.4705882352941178,34,0.3333333333333333,6,-1.0,0,16.611764907836914,0.0005127087933942676,0.15346411852943254,14,0.0,17,1.1176470588235294,347,0,25,1
0.4117647058823529,17,1.0151515151515151,66,1.0555555555555556,18,1.4954954954954955,111,-1.0,0,33.011146545410156,0.001018862589262426,0.37852080461772497,39,0.0,33,1.0606060606060606,347,0,25,2
0.4406779661016949,59,0.42857142857142855,7,1.2033898305084745,59,1.0,33,0.125,8,42.59593200683594,0.0013146892888471484,0.28042536279037544,44,0.0,43,1.1395348837209303,347,0,26,0
0.4117647058823529,17,1.0,11,-1.0,0,0.0,2,-1.0,0,16.359296798706055,0.0005049165920354426,0.25320433189928593,17,0.0,16,0.8125,347,0,26,1
0.4772727272727273,44,0.6666666666666666,21,1.2222222222222223,36,1.5135135135135136,37,0.7575757575757576,33,32.66701889038086,0.0010082413209602237,0.3163407461753384,37,0.0,33,1.0303030303030303,347,0,26,2
0.35,40,0.5517241379310345,29,1.0,12,0.4444444444444444,9,0.3333333333333333,3,42.25103759765625,0.0013040443882346153,0.2237881251402251,37,0.05405405405405406,42,1.0,347,0,27,0
0.2,10,0.8076923076923077,26,1.4594594594594594,37,1.08,25,-1.0,0,16.329383850097656,0.0005039933021180332,0.19691480028839378,17,0.0,16,0.9375,347,0,27,1
0.5714285714285714,28,0.631578947368421,19,0.0,1,-1.0,0,-1.0,0,33.20976638793945,0.0010249927872791886,0.11680313820104653,37,0.0,33,1.0606060606060606,347,0,27,2
0.44680851063829785,47,0.9193548387096774,62,0.6666666666666666,21,0.8,40,0.6666666666666666,6,41.673179626464844,0.0012862092116847634,0.21281863409287832,46,0.043478260869565216,42,1.0,347,0,28,0
0.3684210526315789,19,0.8888888888888888,18,1.1428571428571428,7,-1.0,0,-1.0,0,16.30889892578125,0.0005033610505051911,0.2096680173004307,11,0.0,16,1.0,347,0,28,1
0.5,34,1.0769230769230769,26,0.9090909090909091,11,1.1794871794871795,39,0.0,3,32.90866470336914,0.001015699584968388,0.14703899925919794,25,0.0,33,1.0909090909090908,347,0,28,2
0.5294117647058824,34,0.7073170731707317,41,0.3333333333333333,12,1.3157894736842106,19,0.0,1,41.17134094238281,0.0012707203859463334,0.19353220096774365,49,0.0,41,0.926829268292683,347,0,29,0
0.5,12,0.8571428571428571,7,0.0,2,1.6323529411764706,68,-1.0,0,16.300762176513672,0.0005031099426560104,0.18948752365308444,17,0.0,16,1.0,347,0,29,1
0.6666666666666666,51,0.8666666666666667,15,1.1694915254237288,59,1.4827586206896552,87,1.5942028985507246,69,32.92528533935547,0.0010162125108763576,0.14130145991958282,40,0.0,33,0.9696969696969697,347,0,29,2
0.4857142857142857,35,1.0555555555555556,54,0.5714285714285714,14,1.525,40,0.5,2,42.95116424560547,0.0013256531674414873,0.5347650839955971,28,0.03571428571428571,43,1.069767441860465,347,0,30,0
0.2777777777777778,18,1.2857142857142858,21,-1.0,0,1.5617977528089888,89,1.7142857142857142,126,16.589309692382812,0.0005120157147757709,0.49818550897291575,17,0.0,17,1.2941176470588236,347,0,30,1
0.32,25,0.9142857142857143,35,1.2407407407407407,54,-1.0,0,-1.0,0,32.888671875,0.0010150824673473835,0.3172076381040755,31,0.0,33,1.303030303030303,347,0,30,2
0.43859649122807015,57,0.8235294117647058,17,0.975,40,1.0,17,1.3015873015873016,63,42.0688362121582,0.0012984208296984434,0.4203751394939793,58,0.017241379310344827,42,0.9761904761904762,347,0,31,0
0.0,6,1.0,15,0.0,1,-1.0,0,-1.0,0,16.306386947631836,0.0005032835761085153,0.3796622326999251,24,0.0,16,1.0,347,0,31,1
0.5625,32,0.8846153846153846,26,1.588235294117647,68,1.2,35,1.5301204819277108,83,32.8802604675293,0.0010148228611797094,0.17864129893490605,32,0.0,33,0.9696969696969697,347,0,31,2
0.375,32,1.240506329113924,79,1.3653846153846154,52,0.9565217391304348,23,1.435897435897436,78,43.58070373535156,0.0013450834667310119,0.4587825582934165,50,0.08,44,1.0681818181818181,347,0,32,0
0.625,16,0.8928571428571429,28,1.4634146341463414,41,1.368421052631579,19,0.5,2,16.273813247680664,0.0005022782133892179,0.3669114703576712,18,0.0,16,0.9375,347,0,32,1
0.5526315789473685,38,0.7333333333333333,15,1.0,10,1.25,24,0.3333333333333333,3,35.36449432373047,0.0010914967861026525,0.4191663262075619,43,0.023255813953488372,35,1.2571428571428571,347,0,32,2
0.42857142857142855,28,1.0632911392405062,79,0.9166666666666666,36,0.5714285714285714,7,1.1176470588235294,17,42.781524658203125,0.001320417388342321,0.40029027138406614,36,0.05555555555555555,43,0.9767441860465116,347,0,33,0
0.32142857142857145,28,1.0714285714285714,14,1.1666666666666667,12,1.0,33,-1.0,0,16.31768035888672,0.0005036321235820651,0.22377510121856994,16,0.0,16,0.9375,347,0,33,1
0.5128205128205128,39,0.9230769230769231,26,1.2745098039215685,51,0.7894736842105263,19,0.0,1,33.26304244995117,0.001026637153699994,0.16831871433580375,23,0.0,33,1.121212121212121,347,0,33,2
0.38461538461538464,39,0.7878787878787878,33,1.206896551724138,29,0.5555555555555556,9,0.7647058823529411,17,43.08631134033203,0.0013298244448378682,0.3801287362332043,51,0.058823529411764705,43,1.0232558139534884,347,0,34,0
0.625,16,-1.0,0,1.5185185185185186,27,0.5,6,-1.0,0,16.262964248657227,0.0005019433447159827,0.204993554911845,14,0.0,16,0.9375,347,0,34,1
0.4444444444444444,36,0.9743589743589743,39,1.3571428571428572,28,1.1666666666666667,30,0.4444444444444444,9,33.351341247558594,0.0010293624363839626,0.11782667338800852,33,0.030303030303030304,33,1.0,347,0,34,2
0.4827586206896552,29,1.05,60,0.8571428571428571,7,1.3703703703703705,81,0.2222222222222222,9,44.43785095214844,0.0013715386157855392,0.5196220775804371,43,0.06976744186046512,44,1.1590909090909092,347,0,35,0
0.21428571428571427,14,0.8823529411764706,17,0.5,2,-1.0,0,0.0,1,16.455530166625977,0.0005078867543488741,0.4168019689480632,19,0.05263157894736842,16,1.0,347,0,35,1
0.42857142857142855,35,1.04,25,0.6666666666666666,3,1.5061728395061729,81,0.8076923076923077,26,34.09379577636719,0.0010522776283323765,0.32850601800296764,38,0.0,34,1.2058823529411764,347,0,35,2
NA,NA,NA,NA,NA,NA,NA,NA,NA,NA,270.42547607421875,0.008346465416252613,0.6182100704311568,269,0.34572490706319703,270,1.0296296296296297,347,1,1,0
NA,NA,NA,NA,NA,NA,NA,NA,NA,NA,54.84492111206055,0.0016927444376051426,0.4382773827087935,45,0.17777777777777778,55,0.6545454545454545,347,1,1,1
NA,NA,NA,NA,NA,NA,NA,NA,NA,NA,115.38447570800781,0.0035612492356449366,0.5750904520431587,102,0.2549019607843137,115,0.9217391304347826,347,1,1,2
NA,NA,NA,NA,NA,NA,NA,NA,NA,NA,230.67501831054688,0.007119599264115095,0.6106967612665075,236,0.3855932203389831,231,1.0173160173160174,347,1,2,0
NA,NA,NA,NA,NA,NA,NA,NA,NA,NA,40.66425704956055,0.0012550696264952421,0.4168638113981458,37,0.21621621621621623,41,0.5365853658536586,347,1,2,1
NA,NA,NA,NA,NA,NA,NA,NA,NA,NA,90.96868133544922,0.0028076753951609135,0.5126864534296665,102,0.16666666666666666,91,0.7692307692307693,347,1,2,2
NA,NA,NA,NA,NA,NA,NA,NA,NA,NA,190.66029357910156,0.005884577054530382,0.5709052793137065,181,0.36464088397790057,191,0.9685863874345549,347,1,3,0
NA,NA,NA,NA,NA,NA,NA,NA,NA,NA,34.84263610839844,0.0010753900278359652,0.37496273207460723,28,0.10714285714285714,35,0.5714285714285714,347,1,3,1
NA,NA,NA,NA,NA,NA,NA,NA,NA,NA,77.54003143310547,0.0023932107724249363,0.47984136928535176,77,0.14285714285714285,78,0.8461538461538461,347,1,3,2
NA,NA,NA,NA,NA,NA,NA,NA,NA,NA,158.2858123779297,0.004885364789515734,0.5219370301145049,145,0.19310344827586207,158,0.9873417721518988,347,1,4,0
NA,NA,NA,NA,NA,NA,NA,NA,NA,NA,27.01744842529297,0.0008338718907907605,0.20110193178571098,23,0.0,27,0.4074074074074074,347,1,4,1
NA,NA,NA,NA,NA,NA,NA,NA,NA,NA,61.01527786254883,0.0018831875640898943,0.39624096287083166,66,0.07575757575757576,61,0.7213114754098361,347,1,4,2
NA,NA,NA,NA,NA,NA,NA,NA,NA,NA,140.03427124023438,0.004322045482695103,0.5082848850300186,139,0.22302158273381295,140,0.9,347,1,5,0
NA,NA,NA,NA,NA,NA,NA,NA,NA,NA,25.217491149902344,0.0007783176261000335,0.31448869238738764,23,0.0,25,0.44,347,1,5,1
NA,NA,NA,NA,NA,NA,NA,NA,NA,NA,52.823585510253906,0.00163035758305341,0.30328757102191,46,0.021739130434782608,53,0.5849056603773585,347,1,5,2
NA,NA,NA,NA,NA,NA,NA,NA,NA,NA,118.27320861816406,0.003650407772511244,0.43497335299560697,128,0.1953125,118,0.8559322033898306,347,1,6,0
NA,NA,NA,NA,NA,NA,NA,NA,NA,NA,22.852121353149414,0.0007053124136291444,0.10788089284309915,17,0.0,23,0.2608695652173913,347,1,6,1
NA,NA,NA,NA,NA,NA,NA,NA,NA,NA,51.73847579956055,0.0015968665247783065,0.33880855114762265,42,0.09523809523809523,52,0.6153846153846154,347,1,6,2
NA,NA,NA,NA,NA,NA,NA,NA,NA,NA,105.87274169921875,0.003267677268013358,0.4714008524851643,115,0.19130434782608696,106,0.8113207547169812,347,1,7,0
NA,NA,NA,NA,NA,NA,NA,NA,NA,NA,22.098512649536133,0.0006820528651587665,0.10206319442616849,13,0.0,22,0.36363636363636365,347,1,7,1
NA,NA,NA,NA,NA,NA,NA,NA,NA,NA,48.78388977050781,0.0015056756092235446,0.33201693698315443,45,0.06666666666666667,49,0.6326530612244898,347,1,7,2
NA,NA,NA,NA,NA,NA,NA,NA,NA,NA,94.01763153076172,0.0029017787892371416,0.439895225797279,108,0.16666666666666666,94,0.7659574468085106,347,1,8,0
NA,NA,NA,NA,NA,NA,NA,NA,NA,NA,20.667266845703125,0.0006378786056302488,0.16125168418112593,27,0.0,21,0.2857142857142857,347,1,8,1
NA,NA,NA,NA,NA,NA,NA,NA,NA,NA,44.891048431396484,0.001385526149533689,0.26489187247032303,41,0.0,45,0.6888888888888889,347,1,8,2
NA,NA,NA,NA,NA,NA,NA,NA,NA,NA,82.84439849853516,0.0025569258723407984,0.38550674442035654,86,0.11627906976744186,83,0.8313253012048193,347,1,9,0
NA,NA,NA,NA,NA,NA,NA,NA,NA,NA,19.42906379699707,0.0005996624822728336,0.10891181221812955,21,0.0,19,0.3684210526315789,347,1,9,1
NA,NA,NA,NA,NA,NA,NA,NA,NA,NA,41.12822341918945,0.0012693896424025297,0.17623476383256187,31,0.03225806451612903,41,0.7317073170731707,347,1,9,2
NA,NA,NA,NA,NA,NA,NA,NA,NA,NA,74.23184967041016,0.0022911063861101866,0.3819871134951653,78,0.16666666666666666,74,0.8648648648648649,347,1,10,0
NA,NA,NA,NA,NA,NA,NA,NA,NA,NA,21.717557907104492,0.000670294975861907,0.5192285520123426,26,0.038461538461538464,22,0.7727272727272727,347,1,10,1
NA,NA,NA,NA,NA,NA,NA,NA,NA,NA,41.01805877685547,0.0012659895000979304,0.244316603616242,42,0.0,41,0.8292682926829268,347,1,10,2
NA,NA,NA,NA,NA,NA,NA,NA,NA,NA,68.81069946289062,0.0021237870678305626,0.403605349876225,72,0.1527777777777778,69,0.855072463768116,347,1,11,0
NA,NA,NA,NA,NA,NA,NA,NA,NA,NA,21.281658172607422,0.0006568413227796555,0.4837391411843155,30,0.1,21,0.9047619047619048,347,1,11,1
NA,NA,NA,NA,NA,NA,NA,NA,NA,NA,39.04660415649414,0.0012051421217620373,0.23078795688303147,38,0.02631578947368421,39,0.9487179487179487,347,1,11,2
NA,NA,NA,NA,NA,NA,NA,NA,NA,NA,62.51459503173828,0.0019294627709314227,0.3871488638219017,63,0.07936507936507936,63,0.8888888888888888,347,1,12,0
NA,NA,NA,NA,NA,NA,NA,NA,NA,NA,18.347808837890625,0.0005662904004566371,0.08491476189358198,21,0.0,18,0.5555555555555556,347,1,12,1
NA,NA,NA,NA,NA,NA,NA,NA,NA,NA,38.16485595703125,0.001177927595563233,0.1550764239207889,26,0.0,38,0.9473684210526315,347,1,12,2
NA,NA,NA,NA,NA,NA,NA,NA,NA,NA,58.599857330322266,0.0018086375202983618,0.37098824078919346,64,0.046875,59,0.9491525423728814,347,1,13,0
NA,NA,NA,NA,NA,NA,NA,NA,NA,NA,17.76624298095703,0.0005483408458530903,0.2036752835214162,6,0.0,18,0.5,347,1,13,1
NA,NA,NA,NA,NA,NA,NA,NA,NA,NA,36.7060546875,0.0011329029221087694,0.11482376237875501,38,0.02631578947368421,37,0.9459459459459459,347,1,13,2
NA,NA,NA,NA,NA,NA,NA,NA,NA,NA,57.297054290771484,0.0017684275517240167,0.4141620887749415,55,0.14545454545454545,57,0.8947368421052632,347,1,14,0
NA,NA,NA,NA,NA,NA,NA,NA,NA,NA,17.407331466674805,0.0005372633459046483,0.41339987148499174,15,0.0,17,0.7058823529411765,347,1,14,1
NA,NA,NA,NA,NA,NA,NA,NA,NA,NA,35.63166809082031,0.0010997428325936198,0.1774809995698693,28,0.0,36,1.0,347,1,14,2
NA,NA,NA,NA,NA,NA,NA,NA,NA,NA,54.484153747558594,0.0016816096613183618,0.41334987771387427,60,0.1,54,1.0,347,1,15,0
NA,NA,NA,NA,NA,NA,NA,NA,NA,NA,17.127103805541992,0.0005286143277771771,0.26213161567975723,14,0.0,17,0.4117647058823529,347,1,15,1
NA,NA,NA,NA,NA,NA,NA,NA,NA,NA,35.257240295410156,0.0010881864000111818,0.16851266566571757,33,0.0,35,1.0285714285714285,347,1,15,2
NA,NA,NA,NA,NA,NA,NA,NA,NA,NA,51.29547119140625,0.001583193545229733,0.38692312285771296,59,0.11864406779661017,51,0.9019607843137255,347,1,16,0
NA,NA,NA,NA,NA,NA,NA,NA,NA,NA,17.087759017944336,0.0005273999413475394,0.2452109289318794,10,0.0,17,0.47058823529411764,347,1,16,1
NA,NA,NA,NA,NA,NA,NA,NA,NA,NA,35.25971221923828,0.0010882627684623003,0.10966157283217842,35,0.0,35,0.8857142857142857,347,1,16,2
NA,NA,NA,NA,NA,NA,NA,NA,NA,NA,49.83916473388672,0.0015382458223029971,0.3893471573750809,37,0.08108108108108109,50,0.9,347,1,17,0
NA,NA,NA,NA,NA,NA,NA,NA,NA,NA,16.885679244995117,0.0005211629322730005,0.31841770844263184,19,0.0,17,0.6470588235294118,347,1,17,1
NA,NA,NA,NA,NA,NA,NA,NA,NA,NA,35.81784439086914,0.0011054889764636755,0.36576357769255113,35,0.02857142857142857,36,1.0555555555555556,347,1,17,2
NA,NA,NA,NA,NA,NA,NA,NA,NA,NA,48.349796295166016,0.0014922777190804482,0.4173484136062721,47,0.0851063829787234,48,1.2083333333333333,347,1,18,0
NA,NA,NA,NA,NA,NA,NA,NA,NA,NA,16.979705810546875,0.0005240649916231632,0.17252211730681644,21,0.0,17,0.8823529411764706,347,1,18,1
NA,NA,NA,NA,NA,NA,NA,NA,NA,NA,34.21398162841797,0.00105598708614707,0.2599593261048483,27,0.0,34,1.2058823529411764,347,1,18,2
NA,NA,NA,NA,NA,NA,NA,NA,NA,NA,46.46391677856445,0.0014340714551508427,0.4096090301165611,38,0.05263157894736842,46,1.0869565217391304,347,1,19,0
NA,NA,NA,NA,NA,NA,NA,NA,NA,NA,16.630475997924805,0.0005132862715981901,0.3345779018544872,18,0.0,17,0.6470588235294118,347,1,19,1
NA,NA,NA,NA,NA,NA,NA,NA,NA,NA,35.49918746948242,0.0010956539772450924,0.4621943152859048,34,0.0,35,1.2285714285714286,347,1,19,2
NA,NA,NA,NA,NA,NA,NA,NA,NA,NA,44.868499755859375,0.0013848302187398076,0.4821292302716725,37,0.08108108108108109,45,1.0444444444444445,347,1,20,0
NA,NA,NA,NA,NA,NA,NA,NA,NA,NA,16.706165313720703,0.0005156223778612912,0.5217045803567466,15,0.0,17,1.0588235294117647,347,1,20,1
NA,NA,NA,NA,NA,NA,NA,NA,NA,NA,33.34345626831055,0.0010291190119460225,0.26787800153603086,30,0.0,33,1.1515151515151516,347,1,20,2
NA,NA,NA,NA,NA,NA,NA,NA,NA,NA,42.46988296508789,0.001310798805207014,0.4594966045681669,35,0.0,42,0.9761904761904762,347,1,21,0
NA,NA,NA,NA,NA,NA,NA,NA,NA,NA,16.53775978088379,0.0005104246665723622,0.5215515943283601,12,0.0,17,1.0588235294117647,347,1,21,1
NA,NA,NA,NA,NA,NA,NA,NA,NA,NA,32.73508071899414,0.0010103420354425907,0.29122093370731117,34,0.0,33,1.2121212121212122,347,1,21,2
NA,NA,NA,NA,NA,NA,NA,NA,NA,NA,40.520450592041016,0.0012506311759352684,0.423123441663831,39,0.0,41,0.8048780487804879,347,1,22,0
NA,NA,NA,NA,NA,NA,NA,NA,NA,NA,16.403955459594727,0.0005062949494458735,0.46191758696534746,17,0.0,16,1.0,347,1,22,1
NA,NA,NA,NA,NA,NA,NA,NA,NA,NA,32.39890670776367,0.0009999662870541215,0.26493733802314,44,0.0,32,0.84375,347,1,22,2
NA,NA,NA,NA,NA,NA,NA,NA,NA,NA,39.2437629699707,0.001211227267049253,0.4205717493696538,35,0.0,39,0.5641025641025641,347,1,23,0
NA,NA,NA,NA,NA,NA,NA,NA,NA,NA,16.30192756652832,0.0005031459149904549,0.3734537056574921,13,0.0,16,1.0,347,1,23,1
NA,NA,NA,NA,NA,NA,NA,NA,NA,NA,32.231754302978516,0.000994807225652039,0.11774707174588195,26,0.038461538461538464,32,0.5625,347,1,23,2
NA,NA,NA,NA,NA,NA,NA,NA,NA,NA,38.41961669921875,0.0011857906356453896,0.42632004915965116,46,0.0,38,0.34210526315789475,347,1,24,0
NA,NA,NA,NA,NA,NA,NA,NA,NA,NA,16.222049713134766,0.000500680529512465,0.27596819081672674,15,0.0,16,0.9375,347,1,24,1
NA,NA,NA,NA,NA,NA,NA,NA,NA,NA,32.1444091796875,0.0009921113960444927,0.027151401511231802,35,0.0,32,0.40625,347,1,24,2
NA,NA,NA,NA,NA,NA,NA,NA,NA,NA,38.005516052246094,0.0011730097467079759,0.3982957867108721,37,0.0,38,0.23684210526315788,347,1,25,0
NA,NA,NA,NA,NA,NA,NA,NA,NA,NA,16.165098190307617,0.0004989227745682001,0.1959441146245271,10,0.0,16,0.5625,347,1,25,1
NA,NA,NA,NA,NA,NA,NA,NA,NA,NA,32.10750961303711,0.0009909725049510598,0.0036643458764703337,42,0.023809523809523808,32,0.0625,347,1,25,2
NA,NA,NA,NA,NA,NA,NA,NA,NA,NA,37.82420349121094,0.001167413662187755,0.38014538338463905,36,0.0,38,0.18421052631578946,347,1,26,0
NA,NA,NA,NA,NA,NA,NA,NA,NA,NA,16.125783920288086,0.000497709377668798,0.14854597761037083,18,0.0,16,0.125,347,1,26,1
NA,NA,NA,NA,NA,NA,NA,NA,NA,NA,32.09508514404297,0.000990589032880962,-0.0010951645795896233,27,0.0,32,0.03125,347,1,26,2
NA,NA,NA,NA,NA,NA,NA,NA,NA,NA,37.740447998046875,0.001164828659966588,0.37628249354999094,31,0.0,38,0.18421052631578946,347,1,27,0
NA,NA,NA,NA,NA,NA,NA,NA,NA,NA,16.10245704650879,0.0004969894071109593,0.12961694713537614,15,0.0,16,0.0625,347,1,27,1
NA,NA,NA,NA,NA,NA,NA,NA,NA,NA,32.09431838989258,0.000990565400570631,-0.00218550092782183,27,0.0,32,0.03125,347,1,27,2
NA,NA,NA,NA,NA,NA,NA,NA,NA,NA,37.693885803222656,0.0011633915128186345,0.3752268008888248,46,0.021739130434782608,38,0.18421052631578946,347,1,28,0
NA,NA,NA,NA,NA,NA,NA,NA,NA,NA,16.088375091552734,0.0004965547705069184,0.12218855554797318,11,0.0,16,0.0,347,1,28,1
NA,NA,NA,NA,NA,NA,NA,NA,NA,NA,32.09770965576172,0.0009906700579449534,-0.002604044608197496,22,0.0,32,0.03125,347,1,28,2
NA,NA,NA,NA,NA,NA,NA,NA,NA,NA,37.66447830200195,0.0011624839389696717,0.374788136352646,39,0.02564102564102564,38,0.18421052631578946,347,1,29,0
NA,NA,NA,NA,NA,NA,NA,NA,NA,NA,16.08001708984375,0.0004962968523614109,0.11914859781056744,14,0.0,16,0.0,347,1,29,1
NA,NA,NA,NA,NA,NA,NA,NA,NA,NA,32.102638244628906,0.0009908222127705812,-0.0028897539321102034,32,0.0,32,0.03125,347,1,29,2
NA,NA,NA,NA,NA,NA,NA,NA,NA,NA,37.643760681152344,0.0011618444696068764,0.3745218069763422,40,0.0,38,0.18421052631578946,347,1,30,0
NA,NA,NA,NA,NA,NA,NA,NA,NA,NA,16.074983596801758,0.0004961414961144328,0.11775618522179383,18,0.0,16,0.0,347,1,30,1
NA,NA,NA,NA,NA,NA,NA,NA,NA,NA,32.10832595825195,0.0009909977670758963,-0.0031350493722798935,24,0.0,32,0.03125,347,1,30,2
NA,NA,NA,NA,NA,NA,NA,NA,NA,NA,38.05186080932617,0.0011744401417672634,0.40725576753111004,32,0.03125,38,0.3684210526315789,347,1,31,0
NA,NA,NA,NA,NA,NA,NA,NA,NA,NA,16.13953399658203,0.0004981337697245181,0.18148304255591216,10,0.0,16,0.5625,347,1,31,1
NA,NA,NA,NA,NA,NA,NA,NA,NA,NA,32.717708587646484,0.0010098058264702559,0.1530418070105424,35,0.0,33,0.8181818181818182,347,1,31,2
NA,NA,NA,NA,NA,NA,NA,NA,NA,NA,37.6558952331543,0.0011622189776971936,0.37521064895133815,33,0.0,38,0.18421052631578946,347,1,32,0
NA,NA,NA,NA,NA,NA,NA,NA,NA,NA,16.095388412475586,0.0004967712447978556,0.12234110830533236,15,0.0,16,0.0,347,1,32,1
NA,NA,NA,NA,NA,NA,NA,NA,NA,NA,32.13191223144531,0.00099172571208328,-0.0007668553020531463,34,0.0,32,0.03125,347,1,32,2
NA,NA,NA,NA,NA,NA,NA,NA,NA,NA,37.62060546875,0.0011611297959461808,0.3744274794309338,33,0.0,38,0.18421052631578946,347,1,33,0
NA,NA,NA,NA,NA,NA,NA,NA,NA,NA,16.084030151367188,0.0004964206600561738,0.11739754888312907,16,0.0,16,0.0,347,1,33,1
NA,NA,NA,NA,NA,NA,NA,NA,NA,NA,32.12973403930664,0.0009916584240272641,-0.0027996292444615093,32,0.0,32,0.03125,347,1,33,2
NA,NA,NA,NA,NA,NA,NA,NA,NA,NA,37.603458404541016,0.0011606005718931556,0.374197357556626,43,0.0,38,0.18421052631578946,347,1,34,0
NA,NA,NA,NA,NA,NA,NA,NA,NA,NA,16.076961517333984,0.0004962024977430701,0.11591076453223847,13,0.0,16,0.0,347,1,34,1
NA,NA,NA,NA,NA,NA,NA,NA,NA,NA,32.132328033447266,0.000991738517768681,-0.003309813615358191,36,0.0,32,0.03125,347,1,34,2
NA,NA,NA,NA,NA,NA,NA,NA,NA,NA,37.591468811035156,0.0011602304875850677,0.37404937168698654,34,0.0,38,0.18421052631578946,347,1,35,0
NA,NA,NA,NA,NA,NA,NA,NA,NA,NA,16.07217025756836,0.0004960546502843499,0.11530782879990228,16,0.0,16,0.0,347,1,35,1
NA,NA,NA,NA,NA,NA,NA,NA,NA,NA,32.1352424621582,0.0009918285068124533,-0.0036169321844938744,28,0.0,32,0.03125,347,1,35,2
NA,NA,NA,NA,NA,NA,NA,NA,NA,NA,274.34613037109375,0.008467473089694977,0.6212508241686371,289,0.36678200692041524,274,1.0437956204379562,347,2,1,0
NA,NA,NA,NA,NA,NA,NA,NA,NA,NA,56.30482864379883,0.0017378033371642232,0.4783598855182511,55,0.2545454545454545,56,0.7678571428571429,347,2,1,1
NA,NA,NA,NA,NA,NA,NA,NA,NA,NA,109.68660736083984,0.0033853892236948013,0.5258002352466534,96,0.23958333333333334,110,0.8363636363636363,347,2,1,2
NA,NA,NA,NA,NA,NA,NA,NA,NA,NA,230.44686889648438,0.0071125575341284275,0.6111567420282403,237,0.38396624472573837,230,0.9478260869565217,347,2,2,0
NA,NA,NA,NA,NA,NA,NA,NA,NA,NA,46.97348403930664,0.001449798932299018,0.5024102546690455,44,0.09090909090909091,47,0.8085106382978723,347,2,2,1
NA,NA,NA,NA,NA,NA,NA,NA,NA,NA,81.2393569946289,0.002507387660443783,0.39832967178641987,85,0.10588235294117647,81,0.7037037037037037,347,2,2,2
NA,NA,NA,NA,NA,NA,NA,NA,NA,NA,183.8325653076172,0.005673844832926989,0.5746913502221046,183,0.2786885245901639,184,0.8804347826086957,347,2,3,0
NA,NA,NA,NA,NA,NA,NA,NA,NA,NA,35.34711837768555,0.0010909604607149959,0.4986827166118566,47,0.1276595744680851,35,0.6285714285714286,347,2,3,1
NA,NA,NA,NA,NA,NA,NA,NA,NA,NA,62.33442306518555,0.0019239019602537155,0.30466194304250577,69,0.08695652173913043,62,0.5645161290322581,347,2,3,2
NA,NA,NA,NA,NA,NA,NA,NA,NA,NA,158.97207641601562,0.004906545393168926,0.5728158677968481,174,0.3103448275862069,159,0.8867924528301887,347,2,4,0
NA,NA,NA,NA,NA,NA,NA,NA,NA,NA,27.806386947631836,0.0008582218433730304,0.4536099851510935,37,0.05405405405405406,28,0.5357142857142857,347,2,4,1
NA,NA,NA,NA,NA,NA,NA,NA,NA,NA,55.711814880371094,0.0017195004038512707,0.26394817468779186,60,0.016666666666666666,56,0.6785714285714286,347,2,4,2
NA,NA,NA,NA,NA,NA,NA,NA,NA,NA,132.982666015625,0.00410440331324935,0.5612712664226455,148,0.1891891891891892,133,0.9624060150375939,347,2,5,0
NA,NA,NA,NA,NA,NA,NA,NA,NA,NA,24.20504379272461,0.0007470692507922649,0.2768390402646733,28,0.03571428571428571,24,0.4166666666666667,347,2,5,1
NA,NA,NA,NA,NA,NA,NA,NA,NA,NA,48.64072036743164,0.0015012568328529596,0.23785840215277146,37,0.02702702702702703,49,0.6530612244897959,347,2,5,2
NA,NA,NA,NA,NA,NA,NA,NA,NA,NA,122.73761749267578,0.003788198111578822,0.5888448556163601,119,0.31092436974789917,123,1.016260162601626,347,2,6,0
NA,NA,NA,NA,NA,NA,NA,NA,NA,NA,22.278343200683594,0.0006876031984575093,0.22727842366155426,22,0.0,22,0.4090909090909091,347,2,6,1
NA,NA,NA,NA,NA,NA,NA,NA,NA,NA,48.18653106689453,0.0014872385654598475,0.2743613643613364,45,0.1111111111111111,48,0.75,347,2,6,2
NA,NA,NA,NA,NA,NA,NA,NA,NA,NA,110.32766723632812,0.0034051749389618635,0.5972860087900385,103,0.3300970873786408,110,1.0909090909090908,347,2,7,0
NA,NA,NA,NA,NA,NA,NA,NA,NA,NA,21.28240394592285,0.0006568643148057163,0.21964772981909778,21,0.0,21,0.42857142857142855,347,2,7,1
NA,NA,NA,NA,NA,NA,NA,NA,NA,NA,45.17864990234375,0.0013944028178229928,0.4253466890267433,40,0.075,45,0.7777777777777778,347,2,7,2
NA,NA,NA,NA,NA,NA,NA,NA,NA,NA,97.76071166992188,0.003017305862158537,0.5579220360892791,95,0.16842105263157894,98,1.0204081632653061,347,2,8,0
NA,NA,NA,NA,NA,NA,NA,NA,NA,NA,20.25312042236328,0.0006250963197089732,0.18176578745178615,18,0.0,20,0.4,347,2,8,1
NA,NA,NA,NA,NA,NA,NA,NA,NA,NA,43.01959228515625,0.0013277651742100716,0.273893686345515,56,0.03571428571428571,43,0.7209302325581395,347,2,8,2
NA,NA,NA,NA,NA,NA,NA,NA,NA,NA,86.27635192871094,0.002662850311025977,0.569036884693379,95,0.3157894736842105,86,0.9883720930232558,347,2,9,0
NA,NA,NA,NA,NA,NA,NA,NA,NA,NA,18.820587158203125,0.0005808823043480515,0.553769266066218,17,0.0,19,0.42105263157894735,347,2,9,1
NA,NA,NA,NA,NA,NA,NA,NA,NA,NA,39.276329040527344,0.0012122323969379067,0.33413366277247825,41,0.07317073170731707,39,0.6923076923076923,347,2,9,2
NA,NA,NA,NA,NA,NA,NA,NA,NA,NA,75.53295135498047,0.0023312638513743877,0.5256067649247774,77,0.18181818181818182,76,1.013157894736842,347,2,10,0
NA,NA,NA,NA,NA,NA,NA,NA,NA,NA,18.064861297607422,0.0005575574468821287,0.37535751672867945,25,0.0,18,0.3888888888888889,347,2,10,1
NA,NA,NA,NA,NA,NA,NA,NA,NA,NA,37.61236572265625,0.001160875428467989,0.18426065768957217,39,0.0,38,0.8157894736842105,347,2,10,2
NA,NA,NA,NA,NA,NA,NA,NA,NA,NA,71.88138580322266,0.0022185612469911575,0.5313596277312977,75,0.25333333333333335,72,1.0138888888888888,347,2,11,0
NA,NA,NA,NA,NA,NA,NA,NA,NA,NA,17.634389877319336,0.0005442713154479861,0.4378386326009048,23,0.0,18,0.3888888888888889,347,2,11,1
NA,NA,NA,NA,NA,NA,NA,NA,NA,NA,38.285377502441406,0.001181647414341569,0.37494034335332793,43,0.023255813953488372,38,1.1578947368421053,347,2,11,2
NA,NA,NA,NA,NA,NA,NA,NA,NA,NA,67.68894958496094,0.002089165151119232,0.5324716115859904,68,0.22058823529411764,68,1.1470588235294117,347,2,12,0
NA,NA,NA,NA,NA,NA,NA,NA,NA,NA,17.432353973388672,0.0005380356451496482,0.5328621437680116,18,0.0,17,0.5294117647058824,347,2,12,1
NA,NA,NA,NA,NA,NA,NA,NA,NA,NA,38.602909088134766,0.0011914478382095695,0.4641925031445573,34,0.029411764705882353,39,1.1538461538461537,347,2,12,2
NA,NA,NA,NA,NA,NA,NA,NA,NA,NA,62.46475601196289,0.0019279245752841234,0.5091409909866945,63,0.12698412698412698,62,1.1612903225806452,347,2,13,0
NA,NA,NA,NA,NA,NA,NA,NA,NA,NA,17.31404685974121,0.0005343841621652246,0.427039035968726,11,0.0,17,0.8235294117647058,347,2,13,1
NA,NA,NA,NA,NA,NA,NA,NA,NA,NA,35.28672790527344,0.0010890965349972248,0.19930661335532474,36,0.0,35,1.1714285714285715,347,2,13,2
NA,NA,NA,NA,NA,NA,NA,NA,NA,NA,59.057559967041016,0.0018227641703560948,0.5464207670652904,64,0.171875,59,1.2033898305084745,347,2,14,0
NA,NA,NA,NA,NA,NA,NA,NA,NA,NA,16.987133026123047,0.0005242942133918405,0.34015485368109455,18,0.0,17,0.8235294117647058,347,2,14,1
NA,NA,NA,NA,NA,NA,NA,NA,NA,NA,35.444671630859375,0.0010939713101834059,0.1623951229486097,27,0.0,35,1.1714285714285715,347,2,14,2
NA,NA,NA,NA,NA,NA,NA,NA,NA,NA,54.750518798828125,0.001689830794930458,0.5241614274979945,59,0.13559322033898305,55,1.2181818181818183,347,2,15,0
NA,NA,NA,NA,NA,NA,NA,NA,NA,NA,17.015335083007812,0.0005251646507531404,0.06035794607984537,19,0.0,17,0.7058823529411765,347,2,15,1
NA,NA,NA,NA,NA,NA,NA,NA,NA,NA,34.04727554321289,0.001050841878168285,0.0851212483885008,28,0.0,34,1.0588235294117647,347,2,15,2
NA,NA,NA,NA,NA,NA,NA,NA,NA,NA,53.58369445800781,0.0016538177151232958,0.4923496255375267,56,0.10714285714285714,54,1.2407407407407407,347,2,16,0
NA,NA,NA,NA,NA,NA,NA,NA,NA,NA,16.857860565185547,0.0005203043110668659,0.26351707909083255,13,0.0,17,0.8235294117647058,347,2,16,1
NA,NA,NA,NA,NA,NA,NA,NA,NA,NA,34.135986328125,0.0010535798501223326,0.11177886335805526,31,0.0,34,1.2058823529411764,347,2,16,2
NA,NA,NA,NA,NA,NA,NA,NA,NA,NA,49.95676803588867,0.0015418755356222391,0.46355436374744324,53,0.05660377358490566,50,1.2,347,2,17,0
NA,NA,NA,NA,NA,NA,NA,NA,NA,NA,16.68065643310547,0.0005148350610397756,0.18028649094741958,21,0.0,17,0.4117647058823529,347,2,17,1
NA,NA,NA,NA,NA,NA,NA,NA,NA,NA,33.47802734375,0.0010332724777981639,0.08199863128079266,31,0.03225806451612903,33,1.1818181818181819,347,2,17,2
NA,NA,NA,NA,NA,NA,NA,NA,NA,NA,48.73173904418945,0.0015040660509839654,0.44052181173094296,53,0.05660377358490566,49,1.2448979591836735,347,2,18,0
NA,NA,NA,NA,NA,NA,NA,NA,NA,NA,16.60024070739746,0.0005123530863784254,0.224952600349491,21,0.0,17,0.7058823529411765,347,2,18,1
NA,NA,NA,NA,NA,NA,NA,NA,NA,NA,33.139617919921875,0.0010228276951238513,0.0789206265410464,40,0.0,33,1.1515151515151516,347,2,18,2
NA,NA,NA,NA,NA,NA,NA,NA,NA,NA,48.83884811401367,0.0015073718968778849,0.48161711994965123,45,0.06666666666666667,49,1.2653061224489797,347,2,19,0
NA,NA,NA,NA,NA,NA,NA,NA,NA,NA,16.62240219116211,0.0005130370846018195,0.28995606935219714,18,0.0,17,0.7647058823529411,347,2,19,1
NA,NA,NA,NA,NA,NA,NA,NA,NA,NA,33.30565643310547,0.0010279524140059948,0.11846593600518679,37,0.02702702702702703,33,1.1818181818181819,347,2,19,2
NA,NA,NA,NA,NA,NA,NA,NA,NA,NA,46.51985168457031,0.0014357978943735361,0.45442275528591547,48,0.041666666666666664,47,1.297872340425532,347,2,20,0
NA,NA,NA,NA,NA,NA,NA,NA,NA,NA,16.499069213867188,0.0005092305364087224,0.10441393960383515,17,0.0,16,0.6875,347,2,20,1
NA,NA,NA,NA,NA,NA,NA,NA,NA,NA,34.211952209472656,0.001055924454703927,0.2736894948198565,27,0.0,34,1.1176470588235294,347,2,20,2
NA,NA,NA,NA,NA,NA,NA,NA,NA,NA,44.08055877685547,0.001360511058010161,0.42575049582352503,37,0.16216216216216217,44,1.2954545454545454,347,2,21,0
NA,NA,NA,NA,NA,NA,NA,NA,NA,NA,16.443199157714844,0.0005075061344541609,0.2721951003523252,15,0.0,16,0.8125,347,2,21,1
NA,NA,NA,NA,NA,NA,NA,NA,NA,NA,32.95580291748047,0.0010171544272452593,0.07665613555470796,21,0.0,33,1.1818181818181819,347,2,21,2
NA,NA,NA,NA,NA,NA,NA,NA,NA,NA,45.02771759033203,0.0013897443423047662,0.4644721450202619,38,0.10526315789473684,45,1.4,347,2,22,0
NA,NA,NA,NA,NA,NA,NA,NA,NA,NA,16.442522048950195,0.000507485237903893,0.1865081647384893,13,0.0,16,0.8125,347,2,22,1
NA,NA,NA,NA,NA,NA,NA,NA,NA,NA,33.15387725830078,0.001023267861455679,0.24180974749350842,33,0.0,33,1.2121212121212122,347,2,22,2
NA,NA,NA,NA,NA,NA,NA,NA,NA,NA,43.33248519897461,0.001337422407232225,0.3959503566938259,47,0.0851063829787234,43,1.3953488372093024,347,2,23,0
NA,NA,NA,NA,NA,NA,NA,NA,NA,NA,16.400182723999023,0.0005061784759163857,0.19478563935791532,17,0.0,16,0.75,347,2,23,1
NA,NA,NA,NA,NA,NA,NA,NA,NA,NA,32.78857421875,0.0010119930375367403,0.1659826136145253,40,0.025,33,1.1515151515151516,347,2,23,2
NA,NA,NA,NA,NA,NA,NA,NA,NA,NA,42.02796173095703,0.0012971593532711267,0.2922650930947745,33,0.0,42,1.0952380952380953,347,2,24,0
NA,NA,NA,NA,NA,NA,NA,NA,NA,NA,16.327878952026367,0.0005039468524046242,0.2057147482853439,14,0.0,16,0.8125,347,2,24,1
NA,NA,NA,NA,NA,NA,NA,NA,NA,NA,32.41709518432617,0.001000527641735971,0.24402229959427454,36,0.0,32,1.0625,347,2,24,2
NA,NA,NA,NA,NA,NA,NA,NA,NA,NA,41.65794372558594,0.0012857390101999044,0.35287201415572617,52,0.038461538461538464,42,1.2857142857142858,347,2,25,0
NA,NA,NA,NA,NA,NA,NA,NA,NA,NA,16.42311668395996,0.0005068863392807543,0.09536387284703,13,0.0,16,0.625,347,2,25,1
NA,NA,NA,NA,NA,NA,NA,NA,NA,NA,32.896827697753906,0.0010153341572731733,0.08792724257667994,37,0.0,33,1.2121212121212122,347,2,25,2
NA,NA,NA,NA,NA,NA,NA,NA,NA,NA,40.84541320800781,0.001260660937987268,0.19729084006536546,40,0.025,41,1.2439024390243902,347,2,26,0
NA,NA,NA,NA,NA,NA,NA,NA,NA,NA,16.307344436645508,0.0005033130873925984,0.1829574905318185,13,0.0,16,0.75,347,2,26,1
NA,NA,NA,NA,NA,NA,NA,NA,NA,NA,33.48871612548828,0.0010336023988202214,0.11286946171080985,31,0.0,33,1.121212121212121,347,2,26,2
NA,NA,NA,NA,NA,NA,NA,NA,NA,NA,40.50461196899414,0.001250142347998917,0.22622088018922978,41,0.0,41,1.0731707317073171,347,2,27,0
NA,NA,NA,NA,NA,NA,NA,NA,NA,NA,16.32895278930664,0.0005039800307713449,0.2763898169897067,17,0.0,16,1.1875,347,2,27,1
NA,NA,NA,NA,NA,NA,NA,NA,NA,NA,32.51205825805664,0.0010034586302936077,0.12606557393105242,32,0.0,33,0.9090909090909091,347,2,27,2
NA,NA,NA,NA,NA,NA,NA,NA,NA,NA,39.49208068847656,0.0012188913533464074,0.17114748598614027,38,0.02631578947368421,39,0.717948717948718,347,2,28,0
NA,NA,NA,NA,NA,NA,NA,NA,NA,NA,16.29558563232422,0.0005029501626268029,0.21263798996857997,22,0.0,16,1.125,347,2,28,1
NA,NA,NA,NA,NA,NA,NA,NA,NA,NA,32.169288635253906,0.0009928792715072632,0.16521920602847193,30,0.0,32,0.6875,347,2,28,2
NA,NA,NA,NA,NA,NA,NA,NA,NA,NA,38.500186920166016,0.0011882773833349347,0.18163702660282224,43,0.023255813953488372,39,0.5897435897435898,347,2,29,0
NA,NA,NA,NA,NA,NA,NA,NA,NA,NA,16.261390686035156,0.0005018947995267808,0.15979164596180062,8,0.0,16,0.75,347,2,29,1
NA,NA,NA,NA,NA,NA,NA,NA,NA,NA,32.0047607421875,0.0009878012351691723,0.05593346654919153,26,0.038461538461538464,32,0.4375,347,2,29,2
NA,NA,NA,NA,NA,NA,NA,NA,NA,NA,37.803524017333984,0.0011667754733934999,0.34217399089811684,38,0.02631578947368421,38,0.2894736842105263,347,2,30,0
NA,NA,NA,NA,NA,NA,NA,NA,NA,NA,16.229272842407227,0.0005009034648537636,0.12322321916656478,22,0.0,16,0.1875,347,2,30,1
NA,NA,NA,NA,NA,NA,NA,NA,NA,NA,31.933639526367188,0.0009856061078608036,-0.01095278640224992,31,0.0,32,0.125,347,2,30,2
NA,NA,NA,NA,NA,NA,NA,NA,NA,NA,37.615013122558594,0.0011609571520239115,0.37013803744990575,46,0.0,38,0.21052631578947367,347,2,31,0
NA,NA,NA,NA,NA,NA,NA,NA,NA,NA,16.20808219909668,0.0005002494435757399,0.10908224171891132,17,0.0,16,0.0625,347,2,31,1
NA,NA,NA,NA,NA,NA,NA,NA,NA,NA,31.92074203491211,0.0009852080838754773,-0.01423802748925888,39,0.02564102564102564,32,0.09375,347,2,31,2
NA,NA,NA,NA,NA,NA,NA,NA,NA,NA,37.56633758544922,0.0011594548122957349,0.3699749534432648,39,0.0,38,0.21052631578947367,347,2,32,0
NA,NA,NA,NA,NA,NA,NA,NA,NA,NA,16.198631286621094,0.0004999577649869025,0.10652059237610066,9,0.0,16,0.0625,347,2,32,1
NA,NA,NA,NA,NA,NA,NA,NA,NA,NA,31.92426109313965,0.0009853166993707418,-0.014452835598031705,29,0.034482758620689655,32,0.09375,347,2,32,2
NA,NA,NA,NA,NA,NA,NA,NA,NA,NA,37.54566955566406,0.001158816972747445,0.3698582977915863,36,0.0,38,0.21052631578947367,347,2,33,0
NA,NA,NA,NA,NA,NA,NA,NA,NA,NA,16.194217681884766,0.000499821559060365,0.10606693835259502,11,0.0,16,0.0625,347,2,33,1
NA,NA,NA,NA,NA,NA,NA,NA,NA,NA,31.92967987060547,0.0009854839881882071,-0.014684454802138439,37,0.02702702702702703,32,0.09375,347,2,33,2
NA,NA,NA,NA,NA,NA,NA,NA,NA,NA,37.53358459472656,0.0011584439780563116,0.3697511097642725,35,0.0,38,0.21052631578947367,347,2,34,0
NA,NA,NA,NA,NA,NA,NA,NA,NA,NA,16.191007614135742,0.0004997224314138293,0.10579192772443094,11,0.0,16,0.0625,347,2,34,1
NA,NA,NA,NA,NA,NA,NA,NA,NA,NA,31.93474769592285,0.0009856403339654207,-0.01487237867580605,30,0.0,32,0.09375,347,2,34,2
NA,NA,NA,NA,NA,NA,NA,NA,NA,NA,37.52445983886719,0.0011581623693928123,0.3696577033700805,40,0.0,38,0.21052631578947367,347,2,35,0
NA,NA,NA,NA,NA,NA,NA,NA,NA,NA,16.18825912475586,0.0004996376228518784,0.1055192825190697,12,0.0,16,0.0625,347,2,35,1
NA,NA,NA,NA,NA,NA,NA,NA,NA,NA,31.939411163330078,0.0009857843397185206,-0.01502937369523788,39,0.0,32,0.09375,347,2,35,2
NA,NA,NA,NA,NA,NA,NA,NA,NA,NA,283.035400390625,0.008735660463571548,0.6514676528298375,267,0.3408239700374532,283,1.0212014134275618,347,3,1,0
NA,NA,NA,NA,NA,NA,NA,NA,NA,NA,62.22101593017578,0.001920401700772345,0.5501236352491848,67,0.40298507462686567,62,0.7741935483870968,347,3,1,1
NA,NA,NA,NA,NA,NA,NA,NA,NA,NA,107.14895629882812,0.003307066624984145,0.5383007249474416,101,0.3069306930693069,107,0.8037383177570093,347,3,1,2
NA,NA,NA,NA,NA,NA,NA,NA,NA,NA,244.89572143554688,0.007558509707450867,0.6207077362050614,242,0.33884297520661155,245,0.9959183673469387,347,3,2,0
NA,NA,NA,NA,NA,NA,NA,NA,NA,NA,38.5843620300293,0.0011908754240721464,0.41729339233914464,45,0.1111111111111111,39,0.5897435897435898,347,3,2,1
NA,NA,NA,NA,NA,NA,NA,NA,NA,NA,81.71217346191406,0.0025219805538654327,0.5088008661665286,79,0.21518987341772153,82,0.7682926829268293,347,3,2,2
NA,NA,NA,NA,NA,NA,NA,NA,NA,NA,199.36679077148438,0.006153296213597059,0.6074450835324449,212,0.3443396226415094,199,0.9396984924623115,347,3,3,0
NA,NA,NA,NA,NA,NA,NA,NA,NA,NA,33.24661636352539,0.0010261301649734378,0.38533569181898675,29,0.0,33,0.6060606060606061,347,3,3,1
NA,NA,NA,NA,NA,NA,NA,NA,NA,NA,67.0287857055664,0.0020687896758317947,0.4607113429867171,60,0.11666666666666667,67,0.746268656716418,347,3,3,2
NA,NA,NA,NA,NA,NA,NA,NA,NA,NA,165.48318481445312,0.005107505712658167,0.5393183281528485,155,0.34838709677419355,165,0.9212121212121213,347,3,4,0
NA,NA,NA,NA,NA,NA,NA,NA,NA,NA,27.571008682250977,0.0008509570616297424,0.39003896138495137,28,0.03571428571428571,28,0.6071428571428571,347,3,4,1
NA,NA,NA,NA,NA,NA,NA,NA,NA,NA,56.20475769042969,0.0017347147222608328,0.38291008462691584,56,0.05357142857142857,56,0.625,347,3,4,2
NA,NA,NA,NA,NA,NA,NA,NA,NA,NA,142.06761169433594,0.004384802654385567,0.5299396978804812,124,0.31451612903225806,142,0.8802816901408451,347,3,5,0
NA,NA,NA,NA,NA,NA,NA,NA,NA,NA,23.468957901000977,0.000724350567907095,0.4793062887456223,23,0.0,23,0.6956521739130435,347,3,5,1
NA,NA,NA,NA,NA,NA,NA,NA,NA,NA,50.50433349609375,0.001558775780722499,0.4282435108648057,57,0.07017543859649122,51,0.7254901960784313,347,3,5,2
NA,NA,NA,NA,NA,NA,NA,NA,NA,NA,123.92138671875,0.003824734129011631,0.507379429554634,111,0.2072072072072072,124,0.8790322580645161,347,3,6,0
NA,NA,NA,NA,NA,NA,NA,NA,NA,NA,22.40678596496582,0.0006915674894116819,0.28043812479949837,28,0.0,22,0.5,347,3,6,1
NA,NA,NA,NA,NA,NA,NA,NA,NA,NA,47.33919143676758,0.001461086212657392,0.2628618307075295,48,0.0,47,0.48936170212765956,347,3,6,2
NA,NA,NA,NA,NA,NA,NA,NA,NA,NA,113.44998168945312,0.0035015426110476255,0.5319452996250719,108,0.28703703703703703,113,0.9203539823008849,347,3,7,0
NA,NA,NA,NA,NA,NA,NA,NA,NA,NA,21.449277877807617,0.0006620147614739835,0.29367282454673654,14,0.0,21,0.38095238095238093,347,3,7,1
NA,NA,NA,NA,NA,NA,NA,NA,NA,NA,46.1532096862793,0.001424481743015349,0.199441135382519,39,0.0,46,0.6086956521739131,347,3,7,2
NA,NA,NA,NA,NA,NA,NA,NA,NA,NA,98.14883422851562,0.0030292849987745285,0.47608524320361706,90,0.17777777777777778,98,0.9081632653061225,347,3,8,0
NA,NA,NA,NA,NA,NA,NA,NA,NA,NA,20.337602615356445,0.0006277037900872529,0.1766243378082817,18,0.0,20,0.4,347,3,8,1
NA,NA,NA,NA,NA,NA,NA,NA,NA,NA,41.19318771362305,0.001271394663490355,0.24722823839714408,44,0.045454545454545456,41,0.5609756097560976,347,3,8,2
NA,NA,NA,NA,NA,NA,NA,NA,NA,NA,96.00981903076172,0.0029632661025971174,0.49557624799575,96,0.3020833333333333,96,0.875,347,3,9,0
NA,NA,NA,NA,NA,NA,NA,NA,NA,NA,20.152347564697266,0.000621986051555723,0.12086675936687817,19,0.0,20,0.3,347,3,9,1
NA,NA,NA,NA,NA,NA,NA,NA,NA,NA,42.34880828857422,0.0013070619897916913,0.18796013781112475,49,0.02040816326530612,42,0.5,347,3,9,2
NA,NA,NA,NA,NA,NA,NA,NA,NA,NA,85.55107116699219,0.002640465274453163,0.4582083785146378,85,0.11764705882352941,86,0.9534883720930233,347,3,10,0
NA,NA,NA,NA,NA,NA,NA,NA,NA,NA,19.52273178100586,0.0006025534239597619,0.05278021244976318,13,0.0,20,0.25,347,3,10,1
NA,NA,NA,NA,NA,NA,NA,NA,NA,NA,43.119667053222656,0.0013308539055287838,0.2228002280145566,41,0.024390243902439025,43,0.627906976744186,347,3,10,2
NA,NA,NA,NA,NA,NA,NA,NA,NA,NA,78.08272552490234,0.0024099606089293957,0.44683224858598924,85,0.12941176470588237,78,0.9487179487179487,347,3,11,0
NA,NA,NA,NA,NA,NA,NA,NA,NA,NA,18.351316452026367,0.0005663986667059362,0.32738472262017876,20,0.0,18,0.4444444444444444,347,3,11,1
NA,NA,NA,NA,NA,NA,NA,NA,NA,NA,41.06557083129883,0.0012674558674916625,0.20532645618005527,40,0.05,41,0.8292682926829268,347,3,11,2
NA,NA,NA,NA,NA,NA,NA,NA,NA,NA,74.30419921875,0.002293339464813471,0.48940971477372214,86,0.16279069767441862,74,1.0,347,3,12,0
NA,NA,NA,NA,NA,NA,NA,NA,NA,NA,17.894817352294922,0.0005523091531358659,0.4173824231389174,14,0.0,18,0.3888888888888889,347,3,12,1
NA,NA,NA,NA,NA,NA,NA,NA,NA,NA,39.79789733886719,0.0012283301912248135,0.2473596827022142,38,0.05263157894736842,40,0.775,347,3,12,2
NA,NA,NA,NA,NA,NA,NA,NA,NA,NA,69.69253540039062,0.002151004271581769,0.5068610641163286,65,0.15384615384615385,70,0.9857142857142858,347,3,13,0
NA,NA,NA,NA,NA,NA,NA,NA,NA,NA,17.37965202331543,0.0005364090320654213,0.40578331606183343,10,0.0,17,0.5882352941176471,347,3,13,1
NA,NA,NA,NA,NA,NA,NA,NA,NA,NA,37.055267333984375,0.0011436811182647943,0.13826447254172952,30,0.0,37,0.7027027027027027,347,3,13,2
NA,NA,NA,NA,NA,NA,NA,NA,NA,NA,63.93476867675781,0.0019732953514903784,0.44408869835906384,73,0.1506849315068493,64,0.96875,347,3,14,0
NA,NA,NA,NA,NA,NA,NA,NA,NA,NA,17.14493751525879,0.0005291647394187748,0.2950901267235031,17,0.0,17,0.23529411764705882,347,3,14,1
NA,NA,NA,NA,NA,NA,NA,NA,NA,NA,37.23236083984375,0.0011491469340398908,0.1499063515250999,37,0.02702702702702703,37,0.7297297297297297,347,3,14,2
NA,NA,NA,NA,NA,NA,NA,NA,NA,NA,59.383670806884766,0.0018328293226659298,0.4977694336151192,67,0.11940298507462686,59,1.0338983050847457,347,3,15,0
NA,NA,NA,NA,NA,NA,NA,NA,NA,NA,17.020092010498047,0.0005253115086816251,0.13437117370709623,11,0.0,17,0.4117647058823529,347,3,15,1
NA,NA,NA,NA,NA,NA,NA,NA,NA,NA,36.86635208129883,0.0011378503404557705,0.28738528171217526,45,0.022222222222222223,37,0.918918918918919,347,3,15,2
NA,NA,NA,NA,NA,NA,NA,NA,NA,NA,55.48277282714844,0.0017124313162639737,0.5201591959939756,63,0.1746031746031746,55,1.0909090909090908,347,3,16,0
NA,NA,NA,NA,NA,NA,NA,NA,NA,NA,17.010305404663086,0.0005250094109214842,0.3894265847842525,17,0.0,17,0.7647058823529411,347,3,16,1
NA,NA,NA,NA,NA,NA,NA,NA,NA,NA,35.18244171142578,0.0010858778841793537,0.33974422454102515,38,0.05263157894736842,35,0.9428571428571428,347,3,16,2
NA,NA,NA,NA,NA,NA,NA,NA,NA,NA,51.653839111328125,0.001594254281371832,0.4811546332115407,44,0.13636363636363635,52,1.0961538461538463,347,3,17,0
NA,NA,NA,NA,NA,NA,NA,NA,NA,NA,16.65390396118164,0.0005140093853697181,0.3799341453057284,17,0.0,17,0.7647058823529411,347,3,17,1
NA,NA,NA,NA,NA,NA,NA,NA,NA,NA,34.035980224609375,0.0010504932142794132,0.14498508310254257,47,0.0,34,0.8235294117647058,347,3,17,2
NA,NA,NA,NA,NA,NA,NA,NA,NA,NA,50.27870559692383,0.0015518119325861335,0.4781185988849066,51,0.17647058823529413,50,1.04,347,3,18,0
NA,NA,NA,NA,NA,NA,NA,NA,NA,NA,16.602130889892578,0.0005124114686623216,0.2482282619087524,19,0.0,17,0.5882352941176471,347,3,18,1
NA,NA,NA,NA,NA,NA,NA,NA,NA,NA,33.52994918823242,0.0010348749347031116,0.12743919575657212,26,0.0,34,1.0,347,3,18,2
NA,NA,NA,NA,NA,NA,NA,NA,NA,NA,49.34842300415039,0.001523099490441382,0.4951566377434491,50,0.16,49,1.1020408163265305,347,3,19,0
NA,NA,NA,NA,NA,NA,NA,NA,NA,NA,16.5991268157959,0.0005123187438584864,0.14191490913313085,18,0.0,17,0.8823529411764706,347,3,19,1
NA,NA,NA,NA,NA,NA,NA,NA,NA,NA,34.040096282958984,0.0010506202233955264,0.10294723136357038,33,0.0,34,1.1176470588235294,347,3,19,2
NA,NA,NA,NA,NA,NA,NA,NA,NA,NA,48.455848693847656,0.0014955508522689342,0.5024696885123601,50,0.1,48,1.0416666666666667,347,3,20,0
NA,NA,NA,NA,NA,NA,NA,NA,NA,NA,16.54155158996582,0.0005105417221784592,0.2620798589529417,14,0.0,17,0.9411764705882353,347,3,20,1
NA,NA,NA,NA,NA,NA,NA,NA,NA,NA,35.2669792175293,0.001088486984372139,0.19442980870460727,29,0.0,35,1.1714285714285715,347,3,20,2
NA,NA,NA,NA,NA,NA,NA,NA,NA,NA,46.70048141479492,0.0014413729077205062,0.4302913747488608,47,0.0425531914893617,47,1.0425531914893618,347,3,21,0
NA,NA,NA,NA,NA,NA,NA,NA,NA,NA,16.421424865722656,0.000506834127008915,0.14723661188569137,29,0.0,16,0.5,347,3,21,1
NA,NA,NA,NA,NA,NA,NA,NA,NA,NA,33.394039154052734,0.0010306802578270435,0.301937189405241,37,0.0,33,1.2727272727272727,347,3,21,2
NA,NA,NA,NA,NA,NA,NA,NA,NA,NA,45.89445495605469,0.0014164955355226994,0.4595915222283143,40,0.025,46,1.0869565217391304,347,3,22,0
NA,NA,NA,NA,NA,NA,NA,NA,NA,NA,16.533615112304688,0.0005102967843413353,0.3425534773763082,12,0.0,17,0.8823529411764706,347,3,22,1
NA,NA,NA,NA,NA,NA,NA,NA,NA,NA,33.44350814819336,0.0010322070447728038,0.3536650526358348,39,0.0,33,1.1818181818181819,347,3,22,2
NA,NA,NA,NA,NA,NA,NA,NA,NA,NA,44.3751335144043,0.0013696028618142009,0.4588001741388216,46,0.08695652173913043,44,1.0,347,3,23,0
NA,NA,NA,NA,NA,NA,NA,NA,NA,NA,16.42656898498535,0.000506992859300226,0.13172264036619072,15,0.0,16,0.5,347,3,23,1
NA,NA,NA,NA,NA,NA,NA,NA,NA,NA,34.952510833740234,0.0010787812061607838,0.432397692654682,32,0.0625,35,1.1714285714285715,347,3,23,2
NA,NA,NA,NA,NA,NA,NA,NA,NA,NA,45.81757354736328,0.001414122642017901,0.4600164878186431,39,0.10256410256410256,46,1.065217391304348,347,3,24,0
NA,NA,NA,NA,NA,NA,NA,NA,NA,NA,16.616973876953125,0.0005128695629537106,0.121890251186065,24,0.0,17,0.8823529411764706,347,3,24,1
NA,NA,NA,NA,NA,NA,NA,NA,NA,NA,33.78052520751953,0.0010426087537780404,0.27254249736730385,40,0.0,34,1.088235294117647,347,3,24,2
NA,NA,NA,NA,NA,NA,NA,NA,NA,NA,45.879417419433594,0.0014160313876345754,0.5917458552453604,40,0.125,46,1.1956521739130435,347,3,25,0
NA,NA,NA,NA,NA,NA,NA,NA,NA,NA,16.783065795898438,0.0005179958534426987,0.1657206791943703,13,0.0,17,1.0,347,3,25,1
NA,NA,NA,NA,NA,NA,NA,NA,NA,NA,34.334747314453125,0.0010597144719213247,0.3282619935587919,31,0.0,34,1.088235294117647,347,3,25,2
NA,NA,NA,NA,NA,NA,NA,NA,NA,NA,43.953147888183594,0.001356578664854169,0.4957165880960634,57,0.03508771929824561,44,1.1590909090909092,347,3,26,0
NA,NA,NA,NA,NA,NA,NA,NA,NA,NA,16.620391845703125,0.0005129750352352858,0.05887681196143624,17,0.0,17,1.0,347,3,26,1
NA,NA,NA,NA,NA,NA,NA,NA,NA,NA,33.79297637939453,0.0010429930407553911,0.28460698510418786,31,0.0,34,1.0294117647058822,347,3,26,2
NA,NA,NA,NA,NA,NA,NA,NA,NA,NA,42.84379196166992,0.0013223392888903618,0.4655388612212876,44,0.045454545454545456,43,0.8604651162790697,347,3,27,0
NA,NA,NA,NA,NA,NA,NA,NA,NA,NA,16.495595932006836,0.0005091233178973198,0.028866638834587094,14,0.0,16,0.75,347,3,27,1
NA,NA,NA,NA,NA,NA,NA,NA,NA,NA,35.18205642700195,0.0010858658934012055,0.47389300456844896,33,0.09090909090909091,35,1.0857142857142856,347,3,27,2
NA,NA,NA,NA,NA,NA,NA,NA,NA,NA,42.781917572021484,0.0013204296119511127,0.4574956417486539,33,0.030303030303030304,43,1.069767441860465,347,3,28,0
NA,NA,NA,NA,NA,NA,NA,NA,NA,NA,16.277307510375977,0.0005023860139772296,0.21188940666522316,16,0.0,16,0.8125,347,3,28,1
NA,NA,NA,NA,NA,NA,NA,NA,NA,NA,34.394649505615234,0.0010615632636472583,0.33174359674199144,43,0.023255813953488372,34,1.1764705882352942,347,3,28,2
NA,NA,NA,NA,NA,NA,NA,NA,NA,NA,43.11113357543945,0.0013305905740708113,0.45436638136983304,35,0.11428571428571428,43,1.0465116279069768,347,3,29,0
NA,NA,NA,NA,NA,NA,NA,NA,NA,NA,16.301523208618164,0.0005031334585510194,0.3129528903024264,26,0.0,16,0.875,347,3,29,1
NA,NA,NA,NA,NA,NA,NA,NA,NA,NA,34.40333938598633,0.0010618314845487475,0.3657161076421685,34,0.0,34,1.1176470588235294,347,3,29,2
NA,NA,NA,NA,NA,NA,NA,NA,NA,NA,43.70945358276367,0.0013490571873262525,0.5134959788431381,46,0.043478260869565216,44,1.0681818181818181,347,3,30,0
NA,NA,NA,NA,NA,NA,NA,NA,NA,NA,16.303739547729492,0.0005032018525525928,0.2965517312363783,13,0.0,16,0.875,347,3,30,1
NA,NA,NA,NA,NA,NA,NA,NA,NA,NA,35.374141693115234,0.001091794460080564,0.4527065025857685,39,0.05128205128205128,35,1.2571428571428571,347,3,30,2
NA,NA,NA,NA,NA,NA,NA,NA,NA,NA,44.61921310424805,0.0013771362137049437,0.5480566920796103,46,0.08695652173913043,45,1.2666666666666666,347,3,31,0
NA,NA,NA,NA,NA,NA,NA,NA,NA,NA,16.33820915222168,0.0005042657139711082,0.4429635465406776,20,0.0,16,1.1875,347,3,31,1
NA,NA,NA,NA,NA,NA,NA,NA,NA,NA,33.76015090942383,0.0010419799946248531,0.3600930254814413,33,0.0,34,1.1470588235294117,347,3,31,2
NA,NA,NA,NA,NA,NA,NA,NA,NA,NA,44.55942153930664,0.001375290798023343,0.5615102662394929,46,0.13043478260869565,45,1.2,347,3,32,0
NA,NA,NA,NA,NA,NA,NA,NA,NA,NA,16.609718322753906,0.0005126456380821764,0.35486527999985545,22,0.0,17,1.2352941176470589,347,3,32,1
NA,NA,NA,NA,NA,NA,NA,NA,NA,NA,34.3262825012207,0.0010594531195238233,0.38139548791077554,36,0.0,34,1.1764705882352942,347,3,32,2
NA,NA,NA,NA,NA,NA,NA,NA,NA,NA,44.57561492919922,0.0013757905689999461,0.5981606599698401,52,0.057692307692307696,45,1.1111111111111112,347,3,33,0
NA,NA,NA,NA,NA,NA,NA,NA,NA,NA,16.718713760375977,0.0005160096916370094,0.311659559646891,18,0.0,17,1.1176470588235294,347,3,33,1
NA,NA,NA,NA,NA,NA,NA,NA,NA,NA,34.425010681152344,0.0010625002905726433,0.3702512781144305,42,0.0,34,1.2058823529411764,347,3,33,2
NA,NA,NA,NA,NA,NA,NA,NA,NA,NA,43.18353271484375,0.0013328250497579575,0.5068860271581968,53,0.07547169811320754,43,1.0930232558139534,347,3,34,0
NA,NA,NA,NA,NA,NA,NA,NA,NA,NA,16.448991775512695,0.0005076849483884871,0.15548061015127468,9,0.0,16,1.1875,347,3,34,1
NA,NA,NA,NA,NA,NA,NA,NA,NA,NA,33.784725189208984,0.0010427384404465556,0.33306463840090733,32,0.0,34,1.088235294117647,347,3,34,2
NA,NA,NA,NA,NA,NA,NA,NA,NA,NA,43.102020263671875,0.0013303093146532774,0.519872217316201,49,0.08163265306122448,43,1.069767441860465,347,3,35,0
NA,NA,NA,NA,NA,NA,NA,NA,NA,NA,16.64409637451172,0.000513706705532968,0.07169574957024027,17,0.0,17,1.0588235294117647,347,3,35,1
NA,NA,NA,NA,NA,NA,NA,NA,NA,NA,33.86183166503906,0.0010451183188706636,0.2834891581249521,37,0.02702702702702703,34,1.0,347,3,35,2
