origin,sample_idx,step,target_idx,n_cells,n_active,active_fraction,mean_magnitude_on_active,persistence,neighbour_pairs_per_active
335,0,1,0,32400,24,0.0007407407407407407,21.041667938232422,-1.0,0.25
335,0,1,1,32400,11,0.00033950617283950616,29.000003814697266,-1.0,0.09090909090909091
335,0,1,2,32400,4,0.0001234567901234568,6.0,-1.0,0.0
335,0,2,0,32400,12,0.00037037037037037035,3.3333334922790527,0.20833333333333334,0.25
335,0,2,1,32400,4,0.0001234567901234568,2.0,0.09090909090909091,0.0
335,0,2,2,32400,1,3.08641975308642e-05,2.0,0.0,0.0
335,0,3,0,32400,7,0.0002160493827160494,9.571429252624512,0.16666666666666666,0.0
335,0,3,1,32400,5,0.00015432098765432098,6.200000286102295,0.0,0.0
335,0,3,2,32400,0,0.0,-1.0,0.0,-1.0
335,0,4,0,32400,9,0.0002777777777777778,7.888888835906982,0.0,0.0
335,0,4,1,32400,3,9.259259259259259e-05,31.0,0.2,0.0
335,0,4,2,32400,1,3.08641975308642e-05,60.999996185302734,-1.0,0.0
335,0,5,0,32400,3,9.259259259259259e-05,14.666667938232422,0.0,0.0
335,0,5,1,32400,1,3.08641975308642e-05,5.999999523162842,0.0,0.0
335,0,5,2,32400,0,0.0,-1.0,0.0,-1.0
335,0,6,0,32400,2,6.17283950617284e-05,3.0,0.0,0.0
335,0,6,1,32400,1,3.08641975308642e-05,1.0,0.0,0.0
335,0,6,2,32400,1,3.08641975308642e-05,3.0,-1.0,0.0
335,0,7,0,32400,1,3.08641975308642e-05,29.999998092651367,0.0,0.0
335,0,7,1,32400,0,0.0,-1.0,0.0,-1.0
335,0,7,2,32400,1,3.08641975308642e-05,1.0,0.0,0.0
335,0,8,0,32400,0,0.0,-1.0,0.0,-1.0
335,0,8,1,32400,0,0.0,-1.0,-1.0,-1.0
335,0,8,2,32400,1,3.08641975308642e-05,58.00000762939453,1.0,0.0
335,0,9,0,32400,1,3.08641975308642e-05,10.000000953674316,-1.0,0.0
335,0,9,1,32400,1,3.08641975308642e-05,1.0,-1.0,0.0
335,0,9,2,32400,1,3.08641975308642e-05,8.0,0.0,0.0
335,0,10,0,32400,0,0.0,-1.0,0.0,-1.0
335,0,10,1,32400,0,0.0,-1.0,0.0,-1.0
335,0,10,2,32400,0,0.0,-1.0,0.0,-1.0
335,0,11,0,32400,0,0.0,-1.0,-1.0,-1.0
335,0,11,1,32400,0,0.0,-1.0,-1.0,-1.0
335,0,11,2,32400,0,0.0,-1.0,-1.0,-1.0
335,0,12,0,32400,0,0.0,-1.0,-1.0,-1.0
335,0,12,1,32400,0,0.0,-1.0,-1.0,-1.0
335,0,12,2,32400,1,3.08641975308642e-05,2.0,-1.0,0.0
335,0,13,0,32400,1,3.08641975308642e-05,17.0,-1.0,0.0
335,0,13,1,32400,0,0.0,-1.0,-1.0,-1.0
335,0,13,2,32400,0,0.0,-1.0,0.0,-1.0
335,0,14,0,32400,0,0.0,-1.0,0.0,-1.0
335,0,14,1,32400,0,0.0,-1.0,-1.0,-1.0
335,0,14,2,32400,0,0.0,-1.0,-1.0,-1.0
335,0,15,0,32400,1,3.08641975308642e-05,1.0,-1.0,0.0
335,0,15,1,32400,0,0.0,-1.0,-1.0,-1.0
335,0,15,2,32400,0,0.0,-1.0,-1.0,-1.0
335,0,16,0,32400,0,0.0,-1.0,0.0,-1.0
335,0,16,1,32400,0,0.0,-1.0,-1.0,-1.0
335,0,16,2,32400,0,0.0,-1.0,-1.0,-1.0
335,0,17,0,32400,0,0.0,-1.0,-1.0,-1.0
335,0,17,1,32400,0,0.0,-1.0,-1.0,-1.0
335,0,17,2,32400,0,0.0,-1.0,-1.0,-1.0
335,0,18,0,32400,0,0.0,-1.0,-1.0,-1.0
335,0,18,1,32400,0,0.0,-1.0,-1.0,-1.0
335,0,18,2,32400,0,0.0,-1.0,-1.0,-1.0
335,0,19,0,32400,0,0.0,-1.0,-1.0,-1.0
335,0,19,1,32400,0,0.0,-1.0,-1.0,-1.0
335,0,19,2,32400,0,0.0,-1.0,-1.0,-1.0
335,0,20,0,32400,1,3.08641975308642e-05,5.999999523162842,-1.0,0.0
335,0,20,1,32400,0,0.0,-1.0,-1.0,-1.0
335,0,20,2,32400,0,0.0,-1.0,-1.0,-1.0
335,0,21,0,32400,0,0.0,-1.0,0.0,-1.0
335,0,21,1,32400,0,0.0,-1.0,-1.0,-1.0
335,0,21,2,32400,0,0.0,-1.0,-1.0,-1.0
335,0,22,0,32400,0,0.0,-1.0,-1.0,-1.0
335,0,22,1,32400,0,0.0,-1.0,-1.0,-1.0
335,0,22,2,32400,0,0.0,-1.0,-1.0,-1.0
335,0,23,0,32400,0,0.0,-1.0,-1.0,-1.0
335,0,23,1,32400,0,0.0,-1.0,-1.0,-1.0
335,0,23,2,32400,0,0.0,-1.0,-1.0,-1.0
335,0,24,0,32400,0,0.0,-1.0,-1.0,-1.0
335,0,24,1,32400,0,0.0,-1.0,-1.0,-1.0
335,0,24,2,32400,0,0.0,-1.0,-1.0,-1.0
335,0,25,0,32400,0,0.0,-1.0,-1.0,-1.0
335,0,25,1,32400,0,0.0,-1.0,-1.0,-1.0
335,0,25,2,32400,0,0.0,-1.0,-1.0,-1.0
335,0,26,0,32400,0,0.0,-1.0,-1.0,-1.0
335,0,26,1,32400,1,3.08641975308642e-05,2.0,-1.0,0.0
335,0,26,2,32400,0,0.0,-1.0,-1.0,-1.0
335,0,27,0,32400,0,0.0,-1.0,-1.0,-1.0
335,0,27,1,32400,0,0.0,-1.0,0.0,-1.0
335,0,27,2,32400,0,0.0,-1.0,-1.0,-1.0
335,0,28,0,32400,0,0.0,-1.0,-1.0,-1.0
335,0,28,1,32400,0,0.0,-1.0,-1.0,-1.0
335,0,28,2,32400,0,0.0,-1.0,-1.0,-1.0
335,0,29,0,32400,0,0.0,-1.0,-1.0,-1.0
335,0,29,1,32400,0,0.0,-1.0,-1.0,-1.0
335,0,29,2,32400,0,0.0,-1.0,-1.0,-1.0
335,0,30,0,32400,0,0.0,-1.0,-1.0,-1.0
335,0,30,1,32400,0,0.0,-1.0,-1.0,-1.0
335,0,30,2,32400,0,0.0,-1.0,-1.0,-1.0
335,0,31,0,32400,0,0.0,-1.0,-1.0,-1.0
335,0,31,1,32400,0,0.0,-1.0,-1.0,-1.0
335,0,31,2,32400,0,0.0,-1.0,-1.0,-1.0
335,0,32,0,32400,0,0.0,-1.0,-1.0,-1.0
335,0,32,1,32400,0,0.0,-1.0,-1.0,-1.0
335,0,32,2,32400,0,0.0,-1.0,-1.0,-1.0
335,0,33,0,32400,0,0.0,-1.0,-1.0,-1.0
335,0,33,1,32400,0,0.0,-1.0,-1.0,-1.0
335,0,33,2,32400,0,0.0,-1.0,-1.0,-1.0
335,0,34,0,32400,1,3.08641975308642e-05,5.0,-1.0,0.0
335,0,34,1,32400,0,0.0,-1.0,-1.0,-1.0
335,0,34,2,32400,0,0.0,-1.0,-1.0,-1.0
335,0,35,0,32400,0,0.0,-1.0,0.0,-1.0
335,0,35,1,32400,0,0.0,-1.0,-1.0,-1.0
335,0,35,2,32400,0,0.0,-1.0,-1.0,-1.0
335,1,1,0,32400,33,0.0010185185185185184,21.0,-1.0,0.696969696969697
335,1,1,1,32400,9,0.0002777777777777778,7.555555820465088,-1.0,0.1111111111111111
335,1,1,2,32400,6,0.00018518518518518518,6.833333492279053,-1.0,0.0
335,1,2,0,32400,17,0.0005246913580246914,84.8823471069336,0.36363636363636365,0.29411764705882354
335,1,2,1,32400,7,0.0002160493827160494,8.428572654724121,0.2222222222222222,0.14285714285714285
335,1,2,2,32400,3,9.259259259259259e-05,13.666666984558105,0.16666666666666666,0.3333333333333333
335,1,3,0,32400,9,0.0002777777777777778,4.666666507720947,0.23529411764705882,0.4444444444444444
335,1,3,1,32400,2,6.17283950617284e-05,3.0,0.0,0.0
335,1,3,2,32400,4,0.0001234567901234568,6.750000476837158,0.3333333333333333,0.25
335,1,4,0,32400,8,0.0002469135802469136,25.0,0.1111111111111111,0.25
335,1,4,1,32400,2,6.17283950617284e-05,21.5,0.5,0.0
335,1,4,2,32400,2,6.17283950617284e-05,2.5,0.0,0.0
335,1,5,0,32400,6,0.00018518518518518518,6.5,0.25,0.5
335,1,5,1,32400,2,6.17283950617284e-05,45.50000762939453,0.0,0.0
335,1,5,2,32400,1,3.08641975308642e-05,2.0,0.0,0.0
335,1,6,0,32400,6,0.00018518518518518518,4.1666669845581055,0.6666666666666666,0.5
335,1,6,1,32400,1,3.08641975308642e-05,24.000001907348633,0.0,0.0
335,1,6,2,32400,1,3.08641975308642e-05,7.0,0.0,0.0
335,1,7,0,32400,5,0.00015432098765432098,82.40001678466797,0.3333333333333333,0.4
335,1,7,1,32400,1,3.08641975308642e-05,7.0,0.0,0.0
335,1,7,2,32400,2,6.17283950617284e-05,1.5,1.0,0.5
335,1,8,0,32400,3,9.259259259259259e-05,4.333333492279053,0.4,0.0
335,1,8,1,32400,1,3.08641975308642e-05,2.0,0.0,0.0
335,1,8,2,32400,0,0.0,-1.0,0.0,-1.0
335,1,9,0,32400,2,6.17283950617284e-05,7.000000476837158,0.3333333333333333,0.0
335,1,9,1,32400,0,0.0,-1.0,0.0,-1.0
335,1,9,2,32400,1,3.08641975308642e-05,54.00000762939453,-1.0,0.0
335,1,10,0,32400,1,3.08641975308642e-05,2.0,0.0,0.0
335,1,10,1,32400,2,6.17283950617284e-05,7.5,-1.0,0.0
335,1,10,2,32400,3,9.259259259259259e-05,25.0,1.0,0.3333333333333333
335,1,11,0,32400,0,0.0,-1.0,0.0,-1.0
335,1,11,1,32400,0,0.0,-1.0,0.0,-1.0
335,1,11,2,32400,1,3.08641975308642e-05,13.000000953674316,0.3333333333333333,0.0
335,1,12,0,32400,0,0.0,-1.0,-1.0,-1.0
335,1,12,1,32400,0,0.0,-1.0,-1.0,-1.0
335,1,12,2,32400,0,0.0,-1.0,0.0,-1.0
335,1,13,0,32400,0,0.0,-1.0,-1.0,-1.0
335,1,13,1,32400,0,0.0,-1.0,-1.0,-1.0
335,1,13,2,32400,2,6.17283950617284e-05,9.0,-1.0,0.5
335,1,14,0,32400,0,0.0,-1.0,-1.0,-1.0
335,1,14,1,32400,0,0.0,-1.0,-1.0,-1.0
335,1,14,2,32400,1,3.08641975308642e-05,4.0,0.5,0.0
335,1,15,0,32400,0,0.0,-1.0,-1.0,-1.0
335,1,15,1,32400,0,0.0,-1.0,-1.0,-1.0
335,1,15,2,32400,0,0.0,-1.0,0.0,-1.0
335,1,16,0,32400,0,0.0,-1.0,-1.0,-1.0
335,1,16,1,32400,0,0.0,-1.0,-1.0,-1.0
335,1,16,2,32400,1,3.08641975308642e-05,5.0,-1.0,0.0
335,1,17,0,32400,0,0.0,-1.0,-1.0,-1.0
335,1,17,1,32400,0,0.0,-1.0,-1.0,-1.0
335,1,17,2,32400,0,0.0,-1.0,0.0,-1.0
335,1,18,0,32400,1,3.08641975308642e-05,5.0,-1.0,0.0
335,1,18,1,32400,0,0.0,-1.0,-1.0,-1.0
335,1,18,2,32400,0,0.0,-1.0,-1.0,-1.0
335,1,19,0,32400,0,0.0,-1.0,0.0,-1.0
335,1,19,1,32400,0,0.0,-1.0,-1.0,-1.0
335,1,19,2,32400,0,0.0,-1.0,-1.0,-1.0
335,1,20,0,32400,0,0.0,-1.0,-1.0,-1.0
335,1,20,1,32400,0,0.0,-1.0,-1.0,-1.0
335,1,20,2,32400,0,0.0,-1.0,-1.0,-1.0
335,1,21,0,32400,0,0.0,-1.0,-1.0,-1.0
335,1,21,1,32400,0,0.0,-1.0,-1.0,-1.0
335,1,21,2,32400,1,3.08641975308642e-05,37.999996185302734,-1.0,0.0
335,1,22,0,32400,0,0.0,-1.0,-1.0,-1.0
335,1,22,1,32400,0,0.0,-1.0,-1.0,-1.0
335,1,22,2,32400,0,0.0,-1.0,0.0,-1.0
335,1,23,0,32400,0,0.0,-1.0,-1.0,-1.0
335,1,23,1,32400,0,0.0,-1.0,-1.0,-1.0
335,1,23,2,32400,0,0.0,-1.0,-1.0,-1.0
335,1,24,0,32400,0,0.0,-1.0,-1.0,-1.0
335,1,24,1,32400,0,0.0,-1.0,-1.0,-1.0
335,1,24,2,32400,0,0.0,-1.0,-1.0,-1.0
335,1,25,0,32400,0,0.0,-1.0,-1.0,-1.0
335,1,25,1,32400,0,0.0,-1.0,-1.0,-1.0
335,1,25,2,32400,0,0.0,-1.0,-1.0,-1.0
335,1,26,0,32400,0,0.0,-1.0,-1.0,-1.0
335,1,26,1,32400,0,0.0,-1.0,-1.0,-1.0
335,1,26,2,32400,0,0.0,-1.0,-1.0,-1.0
335,1,27,0,32400,0,0.0,-1.0,-1.0,-1.0
335,1,27,1,32400,0,0.0,-1.0,-1.0,-1.0
335,1,27,2,32400,0,0.0,-1.0,-1.0,-1.0
335,1,28,0,32400,0,0.0,-1.0,-1.0,-1.0
335,1,28,1,32400,0,0.0,-1.0,-1.0,-1.0
335,1,28,2,32400,0,0.0,-1.0,-1.0,-1.0
335,1,29,0,32400,0,0.0,-1.0,-1.0,-1.0
335,1,29,1,32400,0,0.0,-1.0,-1.0,-1.0
335,1,29,2,32400,0,0.0,-1.0,-1.0,-1.0
335,1,30,0,32400,0,0.0,-1.0,-1.0,-1.0
335,1,30,1,32400,0,0.0,-1.0,-1.0,-1.0
335,1,30,2,32400,0,0.0,-1.0,-1.0,-1.0
335,1,31,0,32400,0,0.0,-1.0,-1.0,-1.0
335,1,31,1,32400,0,0.0,-1.0,-1.0,-1.0
335,1,31,2,32400,0,0.0,-1.0,-1.0,-1.0
335,1,32,0,32400,0,0.0,-1.0,-1.0,-1.0
335,1,32,1,32400,0,0.0,-1.0,-1.0,-1.0
335,1,32,2,32400,0,0.0,-1.0,-1.0,-1.0
335,1,33,0,32400,0,0.0,-1.0,-1.0,-1.0
335,1,33,1,32400,0,0.0,-1.0,-1.0,-1.0
335,1,33,2,32400,0,0.0,-1.0,-1.0,-1.0
335,1,34,0,32400,0,0.0,-1.0,-1.0,-1.0
335,1,34,1,32400,0,0.0,-1.0,-1.0,-1.0
335,1,34,2,32400,0,0.0,-1.0,-1.0,-1.0
335,1,35,0,32400,0,0.0,-1.0,-1.0,-1.0
335,1,35,1,32400,0,0.0,-1.0,-1.0,-1.0
335,1,35,2,32400,0,0.0,-1.0,-1.0,-1.0
335,2,1,0,32400,21,0.0006481481481481481,13.952381134033203,-1.0,0.19047619047619047
335,2,1,1,32400,6,0.00018518518518518518,17.500003814697266,-1.0,0.0
335,2,1,2,32400,6,0.00018518518518518518,34.83333969116211,-1.0,0.16666666666666666
335,2,2,0,32400,13,0.00040123456790123454,9.384615898132324,0.09523809523809523,0.0
335,2,2,1,32400,9,0.0002777777777777778,16.55555534362793,0.6666666666666666,0.2222222222222222
335,2,2,2,32400,1,3.08641975308642e-05,2.0,0.0,0.0
335,2,3,0,32400,10,0.00030864197530864197,30.800006866455078,0.15384615384615385,0.0
335,2,3,1,32400,5,0.00015432098765432098,500.7998962402344,0.2222222222222222,0.0
335,2,3,2,32400,1,3.08641975308642e-05,4.0,0.0,0.0
335,2,4,0,32400,3,9.259259259259259e-05,12.0,0.0,0.0
335,2,4,1,32400,3,9.259259259259259e-05,46.33332824707031,0.0,0.0
335,2,4,2,32400,1,3.08641975308642e-05,20.000001907348633,0.0,0.0
335,2,5,0,32400,8,0.0002469135802469136,3.75,0.3333333333333333,0.125
335,2,5,1,32400,1,3.08641975308642e-05,16.0,0.0,0.0
335,2,5,2,32400,1,3.08641975308642e-05,5.999999523162842,1.0,0.0
335,2,6,0,32400,6,0.00018518518518518518,19.999998092651367,0.0,0.0
335,2,6,1,32400,1,3.08641975308642e-05,7.0,0.0,0.0
335,2,6,2,32400,0,0.0,-1.0,0.0,-1.0
335,2,7,0,32400,4,0.0001234567901234568,7.75,0.3333333333333333,0.0
335,2,7,1,32400,0,0.0,-1.0,0.0,-1.0
335,2,7,2,32400,1,3.08641975308642e-05,18.0,-1.0,0.0
335,2,8,0,32400,1,3.08641975308642e-05,51.999996185302734,0.25,0.0
335,2,8,1,32400,0,0.0,-1.0,-1.0,-1.0
335,2,8,2,32400,0,0.0,-1.0,0.0,-1.0
335,2,9,0,32400,1,3.08641975308642e-05,1.0,0.0,0.0
335,2,9,1,32400,0,0.0,-1.0,-1.0,-1.0
335,2,9,2,32400,1,3.08641975308642e-05,2.0,-1.0,0.0
335,2,10,0,32400,1,3.08641975308642e-05,3.0,0.0,0.0
335,2,10,1,32400,1,3.08641975308642e-05,2.0,-1.0,0.0
335,2,10,2,32400,0,0.0,-1.0,0.0,-1.0
335,2,11,0,32400,1,3.08641975308642e-05,23.0,0.0,0.0
335,2,11,1,32400,0,0.0,-1.0,0.0,-1.0
335,2,11,2,32400,1,3.08641975308642e-05,1.0,-1.0,0.0
335,2,12,0,32400,0,0.0,-1.0,0.0,-1.0
335,2,12,1,32400,0,0.0,-1.0,-1.0,-1.0
335,2,12,2,32400,0,0.0,-1.0,0.0,-1.0
335,2,13,0,32400,0,0.0,-1.0,-1.0,-1.0
335,2,13,1,32400,0,0.0,-1.0,-1.0,-1.0
335,2,13,2,32400,0,0.0,-1.0,-1.0,-1.0
335,2,14,0,32400,0,0.0,-1.0,-1.0,-1.0
335,2,14,1,32400,1,3.08641975308642e-05,5.0,-1.0,0.0
335,2,14,2,32400,0,0.0,-1.0,-1.0,-1.0
335,2,15,0,32400,0,0.0,-1.0,-1.0,-1.0
335,2,15,1,32400,0,0.0,-1.0,0.0,-1.0
335,2,15,2,32400,0,0.0,-1.0,-1.0,-1.0
335,2,16,0,32400,0,0.0,-1.0,-1.0,-1.0
335,2,16,1,32400,0,0.0,-1.0,-1.0,-1.0
335,2,16,2,32400,0,0.0,-1.0,-1.0,-1.0
335,2,17,0,32400,0,0.0,-1.0,-1.0,-1.0
335,2,17,1,32400,0,0.0,-1.0,-1.0,-1.0
335,2,17,2,32400,0,0.0,-1.0,-1.0,-1.0
335,2,18,0,32400,0,0.0,-1.0,-1.0,-1.0
335,2,18,1,32400,0,0.0,-1.0,-1.0,-1.0
335,2,18,2,32400,0,0.0,-1.0,-1.0,-1.0
335,2,19,0,32400,0,0.0,-1.0,-1.0,-1.0
335,2,19,1,32400,0,0.0,-1.0,-1.0,-1.0
335,2,19,2,32400,0,0.0,-1.0,-1.0,-1.0
335,2,20,0,32400,0,0.0,-1.0,-1.0,-1.0
335,2,20,1,32400,0,0.0,-1.0,-1.0,-1.0
335,2,20,2,32400,0,0.0,-1.0,-1.0,-1.0
335,2,21,0,32400,0,0.0,-1.0,-1.0,-1.0
335,2,21,1,32400,0,0.0,-1.0,-1.0,-1.0
335,2,21,2,32400,0,0.0,-1.0,-1.0,-1.0
335,2,22,0,32400,0,0.0,-1.0,-1.0,-1.0
335,2,22,1,32400,0,0.0,-1.0,-1.0,-1.0
335,2,22,2,32400,0,0.0,-1.0,-1.0,-1.0
335,2,23,0,32400,0,0.0,-1.0,-1.0,-1.0
335,2,23,1,32400,0,0.0,-1.0,-1.0,-1.0
335,2,23,2,32400,0,0.0,-1.0,-1.0,-1.0
335,2,24,0,32400,0,0.0,-1.0,-1.0,-1.0
335,2,24,1,32400,0,0.0,-1.0,-1.0,-1.0
335,2,24,2,32400,0,0.0,-1.0,-1.0,-1.0
335,2,25,0,32400,0,0.0,-1.0,-1.0,-1.0
335,2,25,1,32400,0,0.0,-1.0,-1.0,-1.0
335,2,25,2,32400,0,0.0,-1.0,-1.0,-1.0
335,2,26,0,32400,0,0.0,-1.0,-1.0,-1.0
335,2,26,1,32400,0,0.0,-1.0,-1.0,-1.0
335,2,26,2,32400,0,0.0,-1.0,-1.0,-1.0
335,2,27,0,32400,0,0.0,-1.0,-1.0,-1.0
335,2,27,1,32400,0,0.0,-1.0,-1.0,-1.0
335,2,27,2,32400,0,0.0,-1.0,-1.0,-1.0
335,2,28,0,32400,0,0.0,-1.0,-1.0,-1.0
335,2,28,1,32400,0,0.0,-1.0,-1.0,-1.0
335,2,28,2,32400,0,0.0,-1.0,-1.0,-1.0
335,2,29,0,32400,0,0.0,-1.0,-1.0,-1.0
335,2,29,1,32400,0,0.0,-1.0,-1.0,-1.0
335,2,29,2,32400,0,0.0,-1.0,-1.0,-1.0
335,2,30,0,32400,0,0.0,-1.0,-1.0,-1.0
335,2,30,1,32400,0,0.0,-1.0,-1.0,-1.0
335,2,30,2,32400,0,0.0,-1.0,-1.0,-1.0
335,2,31,0,32400,1,3.08641975308642e-05,2.0,-1.0,0.0
335,2,31,1,32400,0,0.0,-1.0,-1.0,-1.0
335,2,31,2,32400,0,0.0,-1.0,-1.0,-1.0
335,2,32,0,32400,0,0.0,-1.0,0.0,-1.0
335,2,32,1,32400,0,0.0,-1.0,-1.0,-1.0
335,2,32,2,32400,0,0.0,-1.0,-1.0,-1.0
335,2,33,0,32400,0,0.0,-1.0,-1.0,-1.0
335,2,33,1,32400,0,0.0,-1.0,-1.0,-1.0
335,2,33,2,32400,0,0.0,-1.0,-1.0,-1.0
335,2,34,0,32400,0,0.0,-1.0,-1.0,-1.0
335,2,34,1,32400,0,0.0,-1.0,-1.0,-1.0
335,2,34,2,32400,0,0.0,-1.0,-1.0,-1.0
335,2,35,0,32400,0,0.0,-1.0,-1.0,-1.0
335,2,35,1,32400,0,0.0,-1.0,-1.0,-1.0
335,2,35,2,32400,0,0.0,-1.0,-1.0,-1.0
335,3,1,0,32400,26,0.0008024691358024691,16.46154022216797,-1.0,0.3076923076923077
335,3,1,1,32400,16,0.0004938271604938272,14.4375,-1.0,0.25
335,3,1,2,32400,6,0.00018518518518518518,3.5,-1.0,0.0
335,3,2,0,32400,12,0.00037037037037037035,11.666666984558105,0.15384615384615385,0.16666666666666666
335,3,2,1,32400,6,0.00018518518518518518,17.166667938232422,0.0625,0.3333333333333333
335,3,2,2,32400,4,0.0001234567901234568,4.25,0.3333333333333333,0.25
335,3,3,0,32400,3,9.259259259259259e-05,4.666666507720947,0.08333333333333333,0.0
335,3,3,1,32400,3,9.259259259259259e-05,30.0,0.0,0.3333333333333333
335,3,3,2,32400,2,6.17283950617284e-05,5.500000476837158,0.0,0.0
335,3,4,0,32400,8,0.0002469135802469136,8.875,0.0,0.0
335,3,4,1,32400,0,0.0,-1.0,0.0,-1.0
335,3,4,2,32400,0,0.0,-1.0,0.0,-1.0
335,3,5,0,32400,11,0.00033950617283950616,6.0,0.375,0.09090909090909091
335,3,5,1,32400,2,6.17283950617284e-05,10.5,-1.0,0.0
335,3,5,2,32400,2,6.17283950617284e-05,2.5,-1.0,0.0
335,3,6,0,32400,2,6.17283950617284e-05,9.5,0.0,0.0
335,3,6,1,32400,0,0.0,-1.0,0.0,-1.0
335,3,6,2,32400,1,3.08641975308642e-05,2.0,0.0,0.0
335,3,7,0,32400,4,0.0001234567901234568,34.00000762939453,0.0,0.0
335,3,7,1,32400,0,0.0,-1.0,-1.0,-1.0
335,3,7,2,32400,1,3.08641975308642e-05,109.00001525878906,0.0,0.0
335,3,8,0,32400,2,6.17283950617284e-05,21.000001907348633,0.25,0.0
335,3,8,1,32400,0,0.0,-1.0,-1.0,-1.0
335,3,8,2,32400,0,0.0,-1.0,0.0,-1.0
335,3,9,0,32400,1,3.08641975308642e-05,244.0000457763672,0.5,0.0
335,3,9,1,32400,0,0.0,-1.0,-1.0,-1.0
335,3,9,2,32400,0,0.0,-1.0,-1.0,-1.0
335,3,10,0,32400,1,3.08641975308642e-05,16.0,0.0,0.0
335,3,10,1,32400,0,0.0,-1.0,-1.0,-1.0
335,3,10,2,32400,0,0.0,-1.0,-1.0,-1.0
335,3,11,0,32400,2,6.17283950617284e-05,12.000000953674316,1.0,0.0
335,3,11,1,32400,0,0.0,-1.0,-1.0,-1.0
335,3,11,2,32400,1,3.08641975308642e-05,11.999999046325684,-1.0,0.0
335,3,12,0,32400,0,0.0,-1.0,0.0,-1.0
335,3,12,1,32400,0,0.0,-1.0,-1.0,-1.0
335,3,12,2,32400,0,0.0,-1.0,0.0,-1.0
335,3,13,0,32400,0,0.0,-1.0,-1.0,-1.0
335,3,13,1,32400,1,3.08641975308642e-05,5.0,-1.0,0.0
335,3,13,2,32400,0,0.0,-1.0,-1.0,-1.0
335,3,14,0,32400,2,6.17283950617284e-05,7.0,-1.0,0.0
335,3,14,1,32400,0,0.0,-1.0,0.0,-1.0
335,3,14,2,32400,0,0.0,-1.0,-1.0,-1.0
335,3,15,0,32400,0,0.0,-1.0,0.0,-1.0
335,3,15,1,32400,0,0.0,-1.0,-1.0,-1.0
335,3,15,2,32400,0,0.0,-1.0,-1.0,-1.0
335,3,16,0,32400,2,6.17283950617284e-05,3.0,-1.0,0.0
335,3,16,1,32400,0,0.0,-1.0,-1.0,-1.0
335,3,16,2,32400,0,0.0,-1.0,-1.0,-1.0
335,3,17,0,32400,0,0.0,-1.0,0.0,-1.0
335,3,17,1,32400,0,0.0,-1.0,-1.0,-1.0
335,3,17,2,32400,0,0.0,-1.0,-1.0,-1.0
335,3,18,0,32400,0,0.0,-1.0,-1.0,-1.0
335,3,18,1,32400,0,0.0,-1.0,-1.0,-1.0
335,3,18,2,32400,0,0.0,-1.0,-1.0,-1.0
335,3,19,0,32400,0,0.0,-1.0,-1.0,-1.0
335,3,19,1,32400,0,0.0,-1.0,-1.0,-1.0
335,3,19,2,32400,0,0.0,-1.0,-1.0,-1.0
335,3,20,0,32400,0,0.0,-1.0,-1.0,-1.0
335,3,20,1,32400,0,0.0,-1.0,-1.0,-1.0
335,3,20,2,32400,0,0.0,-1.0,-1.0,-1.0
335,3,21,0,32400,0,0.0,-1.0,-1.0,-1.0
335,3,21,1,32400,0,0.0,-1.0,-1.0,-1.0
335,3,21,2,32400,0,0.0,-1.0,-1.0,-1.0
335,3,22,0,32400,0,0.0,-1.0,-1.0,-1.0
335,3,22,1,32400,0,0.0,-1.0,-1.0,-1.0
335,3,22,2,32400,0,0.0,-1.0,-1.0,-1.0
335,3,23,0,32400,0,0.0,-1.0,-1.0,-1.0
335,3,23,1,32400,0,0.0,-1.0,-1.0,-1.0
335,3,23,2,32400,0,0.0,-1.0,-1.0,-1.0
335,3,24,0,32400,0,0.0,-1.0,-1.0,-1.0
335,3,24,1,32400,0,0.0,-1.0,-1.0,-1.0
335,3,24,2,32400,0,0.0,-1.0,-1.0,-1.0
335,3,25,0,32400,0,0.0,-1.0,-1.0,-1.0
335,3,25,1,32400,0,0.0,-1.0,-1.0,-1.0
335,3,25,2,32400,0,0.0,-1.0,-1.0,-1.0
335,3,26,0,32400,0,0.0,-1.0,-1.0,-1.0
335,3,26,1,32400,0,0.0,-1.0,-1.0,-1.0
335,3,26,2,32400,0,0.0,-1.0,-1.0,-1.0
335,3,27,0,32400,0,0.0,-1.0,-1.0,-1.0
335,3,27,1,32400,0,0.0,-1.0,-1.0,-1.0
335,3,27,2,32400,0,0.0,-1.0,-1.0,-1.0
335,3,28,0,32400,0,0.0,-1.0,-1.0,-1.0
335,3,28,1,32400,0,0.0,-1.0,-1.0,-1.0
335,3,28,2,32400,0,0.0,-1.0,-1.0,-1.0
335,3,29,0,32400,1,3.08641975308642e-05,5.999999523162842,-1.0,0.0
335,3,29,1,32400,0,0.0,-1.0,-1.0,-1.0
335,3,29,2,32400,0,0.0,-1.0,-1.0,-1.0
335,3,30,0,32400,0,0.0,-1.0,0.0,-1.0
335,3,30,1,32400,0,0.0,-1.0,-1.0,-1.0
335,3,30,2,32400,0,0.0,-1.0,-1.0,-1.0
335,3,31,0,32400,0,0.0,-1.0,-1.0,-1.0
335,3,31,1,32400,0,0.0,-1.0,-1.0,-1.0
335,3,31,2,32400,0,0.0,-1.0,-1.0,-1.0
335,3,32,0,32400,0,0.0,-1.0,-1.0,-1.0
335,3,32,1,32400,0,0.0,-1.0,-1.0,-1.0
335,3,32,2,32400,0,0.0,-1.0,-1.0,-1.0
335,3,33,0,32400,1,3.08641975308642e-05,22.0,-1.0,0.0
335,3,33,1,32400,0,0.0,-1.0,-1.0,-1.0
335,3,33,2,32400,0,0.0,-1.0,-1.0,-1.0
335,3,34,0,32400,0,0.0,-1.0,0.0,-1.0
335,3,34,1,32400,0,0.0,-1.0,-1.0,-1.0
335,3,34,2,32400,0,0.0,-1.0,-1.0,-1.0
335,3,35,0,32400,0,0.0,-1.0,-1.0,-1.0
335,3,35,1,32400,0,0.0,-1.0,-1.0,-1.0
335,3,35,2,32400,0,0.0,-1.0,-1.0,-1.0
336,0,1,0,32400,18,0.0005555555555555556,14.55555534362793,-1.0,0.2777777777777778
336,0,1,1,32400,10,0.00030864197530864197,93.99998474121094,-1.0,0.0
336,0,1,2,32400,4,0.0001234567901234568,3.0,-1.0,0.0
336,0,2,0,32400,5,0.00015432098765432098,3.200000047683716,0.05555555555555555,0.0
336,0,2,1,32400,6,0.00018518518518518518,8.833333969116211,0.1,0.16666666666666666
336,0,2,2,32400,4,0.0001234567901234568,7.75,0.0,0.0
336,0,3,0,32400,7,0.0002160493827160494,6.714285850524902,0.0,0.14285714285714285
336,0,3,1,32400,8,0.0002469135802469136,8.25,0.3333333333333333,0.125
336,0,3,2,32400,1,3.08641975308642e-05,5.999999523162842,0.0,0.0
336,0,4,0,32400,4,0.0001234567901234568,9.5,0.2857142857142857,0.0
336,0,4,1,32400,7,0.0002160493827160494,2.0,0.625,0.2857142857142857
336,0,4,2,32400,2,6.17283950617284e-05,1.0,0.0,0.0
336,0,5,0,32400,3,9.259259259259259e-05,3.3333334922790527,0.25,0.3333333333333333
336,0,5,1,32400,3,9.259259259259259e-05,8.666666984558105,0.14285714285714285,0.0
336,0,5,2,32400,0,0.0,-1.0,0.0,-1.0
336,0,6,0,32400,2,6.17283950617284e-05,6.499999523162842,0.3333333333333333,0.0
336,0,6,1,32400,4,0.0001234567901234568,6.0,0.0,0.0
336,0,6,2,32400,0,0.0,-1.0,-1.0,-1.0
336,0,7,0,32400,2,6.17283950617284e-05,1.0,0.5,0.0
336,0,7,1,32400,3,9.259259259259259e-05,21.000003814697266,0.0,0.0
336,0,7,2,32400,0,0.0,-1.0,-1.0,-1.0
336,0,8,0,32400,3,9.259259259259259e-05,7.333333492279053,0.0,0.0
336,0,8,1,32400,1,3.08641975308642e-05,5.0,0.0,0.0
336,0,8,2,32400,0,0.0,-1.0,-1.0,-1.0
336,0,9,0,32400,2,6.17283950617284e-05,2.5,0.3333333333333333,0.0
336,0,9,1,32400,1,3.08641975308642e-05,3.0,0.0,0.0
336,0,9,2,32400,0,0.0,-1.0,-1.0,-1.0
336,0,10,0,32400,0,0.0,-1.0,0.0,-1.0
336,0,10,1,32400,0,0.0,-1.0,0.0,-1.0
336,0,10,2,32400,0,0.0,-1.0,-1.0,-1.0
336,0,11,0,32400,0,0.0,-1.0,-1.0,-1.0
336,0,11,1,32400,0,0.0,-1.0,-1.0,-1.0
336,0,11,2,32400,0,0.0,-1.0,-1.0,-1.0
336,0,12,0,32400,1,3.08641975308642e-05,22.0,-1.0,0.0
336,0,12,1,32400,1,3.08641975308642e-05,2.0,-1.0,0.0
336,0,12,2,32400,0,0.0,-1.0,-1.0,-1.0
336,0,13,0,32400,0,0.0,-1.0,0.0,-1.0
336,0,13,1,32400,0,0.0,-1.0,0.0,-1.0
336,0,13,2,32400,0,0.0,-1.0,-1.0,-1.0
336,0,14,0,32400,0,0.0,-1.0,-1.0,-1.0
336,0,14,1,32400,0,0.0,-1.0,-1.0,-1.0
336,0,14,2,32400,0,0.0,-1.0,-1.0,-1.0
336,0,15,0,32400,0,0.0,-1.0,-1.0,-1.0
336,0,15,1,32400,0,0.0,-1.0,-1.0,-1.0
336,0,15,2,32400,0,0.0,-1.0,-1.0,-1.0
336,0,16,0,32400,0,0.0,-1.0,-1.0,-1.0
336,0,16,1,32400,0,0.0,-1.0,-1.0,-1.0
336,0,16,2,32400,0,0.0,-1.0,-1.0,-1.0
336,0,17,0,32400,0,0.0,-1.0,-1.0,-1.0
336,0,17,1,32400,0,0.0,-1.0,-1.0,-1.0
336,0,17,2,32400,0,0.0,-1.0,-1.0,-1.0
336,0,18,0,32400,0,0.0,-1.0,-1.0,-1.0
336,0,18,1,32400,0,0.0,-1.0,-1.0,-1.0
336,0,18,2,32400,0,0.0,-1.0,-1.0,-1.0
336,0,19,0,32400,0,0.0,-1.0,-1.0,-1.0
336,0,19,1,32400,0,0.0,-1.0,-1.0,-1.0
336,0,19,2,32400,0,0.0,-1.0,-1.0,-1.0
336,0,20,0,32400,0,0.0,-1.0,-1.0,-1.0
336,0,20,1,32400,0,0.0,-1.0,-1.0,-1.0
336,0,20,2,32400,0,0.0,-1.0,-1.0,-1.0
336,0,21,0,32400,0,0.0,-1.0,-1.0,-1.0
336,0,21,1,32400,0,0.0,-1.0,-1.0,-1.0
336,0,21,2,32400,0,0.0,-1.0,-1.0,-1.0
336,0,22,0,32400,1,3.08641975308642e-05,5.0,-1.0,0.0
336,0,22,1,32400,0,0.0,-1.0,-1.0,-1.0
336,0,22,2,32400,0,0.0,-1.0,-1.0,-1.0
336,0,23,0,32400,0,0.0,-1.0,0.0,-1.0
336,0,23,1,32400,0,0.0,-1.0,-1.0,-1.0
336,0,23,2,32400,0,0.0,-1.0,-1.0,-1.0
336,0,24,0,32400,0,0.0,-1.0,-1.0,-1.0
336,0,24,1,32400,0,0.0,-1.0,-1.0,-1.0
336,0,24,2,32400,0,0.0,-1.0,-1.0,-1.0
336,0,25,0,32400,0,0.0,-1.0,-1.0,-1.0
336,0,25,1,32400,0,0.0,-1.0,-1.0,-1.0
336,0,25,2,32400,0,0.0,-1.0,-1.0,-1.0
336,0,26,0,32400,0,0.0,-1.0,-1.0,-1.0
336,0,26,1,32400,0,0.0,-1.0,-1.0,-1.0
336,0,26,2,32400,0,0.0,-1.0,-1.0,-1.0
336,0,27,0,32400,0,0.0,-1.0,-1.0,-1.0
336,0,27,1,32400,0,0.0,-1.0,-1.0,-1.0
336,0,27,2,32400,0,0.0,-1.0,-1.0,-1.0
336,0,28,0,32400,1,3.08641975308642e-05,2.0,-1.0,0.0
336,0,28,1,32400,0,0.0,-1.0,-1.0,-1.0
336,0,28,2,32400,0,0.0,-1.0,-1.0,-1.0
336,0,29,0,32400,0,0.0,-1.0,0.0,-1.0
336,0,29,1,32400,0,0.0,-1.0,-1.0,-1.0
336,0,29,2,32400,0,0.0,-1.0,-1.0,-1.0
336,0,30,0,32400,0,0.0,-1.0,-1.0,-1.0
336,0,30,1,32400,0,0.0,-1.0,-1.0,-1.0
336,0,30,2,32400,0,0.0,-1.0,-1.0,-1.0
336,0,31,0,32400,0,0.0,-1.0,-1.0,-1.0
336,0,31,1,32400,0,0.0,-1.0,-1.0,-1.0
336,0,31,2,32400,0,0.0,-1.0,-1.0,-1.0
336,0,32,0,32400,0,0.0,-1.0,-1.0,-1.0
336,0,32,1,32400,0,0.0,-1.0,-1.0,-1.0
336,0,32,2,32400,0,0.0,-1.0,-1.0,-1.0
336,0,33,0,32400,0,0.0,-1.0,-1.0,-1.0
336,0,33,1,32400,0,0.0,-1.0,-1.0,-1.0
336,0,33,2,32400,0,0.0,-1.0,-1.0,-1.0
336,0,34,0,32400,0,0.0,-1.0,-1.0,-1.0
336,0,34,1,32400,0,0.0,-1.0,-1.0,-1.0
336,0,34,2,32400,0,0.0,-1.0,-1.0,-1.0
336,0,35,0,32400,0,0.0,-1.0,-1.0,-1.0
336,0,35,1,32400,0,0.0,-1.0,-1.0,-1.0
336,0,35,2,32400,0,0.0,-1.0,-1.0,-1.0
336,1,1,0,32400,27,0.0008333333333333334,4.44444465637207,-1.0,0.2222222222222222
336,1,1,1,32400,12,0.00037037037037037035,12.416666984558105,-1.0,0.0
336,1,1,2,32400,5,0.00015432098765432098,9.000000953674316,-1.0,0.0
336,1,2,0,32400,10,0.00030864197530864197,9.90000057220459,0.1111111111111111,0.2
336,1,2,1,32400,6,0.00018518518518518518,2.0,0.4166666666666667,0.0
336,1,2,2,32400,8,0.0002469135802469136,17.0,0.4,0.0
336,1,3,0,32400,6,0.00018518518518518518,17.333332061767578,0.1,0.0
336,1,3,1,32400,4,0.0001234567901234568,4.0,0.3333333333333333,0.0
336,1,3,2,32400,4,0.0001234567901234568,1.0,0.5,0.0
336,1,4,0,32400,5,0.00015432098765432098,7.0,0.16666666666666666,0.0
336,1,4,1,32400,2,6.17283950617284e-05,24.000001907348633,0.25,0.0
336,1,4,2,32400,1,3.08641975308642e-05,31.0,0.0,0.0
336,1,5,0,32400,6,0.00018518518518518518,5.0,0.2,0.0
336,1,5,1,32400,0,0.0,-1.0,0.0,-1.0
336,1,5,2,32400,1,3.08641975308642e-05,1.0,0.0,0.0
336,1,6,0,32400,2,6.17283950617284e-05,25.999998092651367,0.0,0.0
336,1,6,1,32400,1,3.08641975308642e-05,151.0,-1.0,0.0
336,1,6,2,32400,1,3.08641975308642e-05,4.0,0.0,0.0
336,1,7,0,32400,3,9.259259259259259e-05,5.6666669845581055,0.0,0.0
336,1,7,1,32400,0,0.0,-1.0,0.0,-1.0
336,1,7,2,32400,1,3.08641975308642e-05,13.000000953674316,1.0,0.0
336,1,8,0,32400,3,9.259259259259259e-05,7.6666669845581055,0.3333333333333333,0.0
336,1,8,1,32400,0,0.0,-1.0,-1.0,-1.0
336,1,8,2,32400,1,3.08641975308642e-05,1.0,0.0,0.0
336,1,9,0,32400,1,3.08641975308642e-05,59.9999885559082,0.3333333333333333,0.0
336,1,9,1,32400,2,6.17283950617284e-05,11.500000953674316,-1.0,0.0
336,1,9,2,32400,0,0.0,-1.0,0.0,-1.0
336,1,10,0,32400,1,3.08641975308642e-05,5.999999523162842,1.0,0.0
336,1,10,1,32400,1,3.08641975308642e-05,4.0,0.0,0.0
336,1,10,2,32400,0,0.0,-1.0,-1.0,-1.0
336,1,11,0,32400,0,0.0,-1.0,0.0,-1.0
336,1,11,1,32400,1,3.08641975308642e-05,4.0,0.0,0.0
336,1,11,2,32400,0,0.0,-1.0,-1.0,-1.0
336,1,12,0,32400,1,3.08641975308642e-05,1.0,-1.0,0.0
336,1,12,1,32400,0,0.0,-1.0,0.0,-1.0
336,1,12,2,32400,0,0.0,-1.0,-1.0,-1.0
336,1,13,0,32400,0,0.0,-1.0,0.0,-1.0
336,1,13,1,32400,0,0.0,-1.0,-1.0,-1.0
336,1,13,2,32400,0,0.0,-1.0,-1.0,-1.0
336,1,14,0,32400,0,0.0,-1.0,-1.0,-1.0
336,1,14,1,32400,0,0.0,-1.0,-1.0,-1.0
336,1,14,2,32400,0,0.0,-1.0,-1.0,-1.0
336,1,15,0,32400,0,0.0,-1.0,-1.0,-1.0
336,1,15,1,32400,0,0.0,-1.0,-1.0,-1.0
336,1,15,2,32400,0,0.0,-1.0,-1.0,-1.0
336,1,16,0,32400,0,0.0,-1.0,-1.0,-1.0
336,1,16,1,32400,0,0.0,-1.0,-1.0,-1.0
336,1,16,2,32400,0,0.0,-1.0,-1.0,-1.0
336,1,17,0,32400,0,0.0,-1.0,-1.0,-1.0
336,1,17,1,32400,0,0.0,-1.0,-1.0,-1.0
336,1,17,2,32400,0,0.0,-1.0,-1.0,-1.0
336,1,18,0,32400,0,0.0,-1.0,-1.0,-1.0
336,1,18,1,32400,0,0.0,-1.0,-1.0,-1.0
336,1,18,2,32400,0,0.0,-1.0,-1.0,-1.0
336,1,19,0,32400,0,0.0,-1.0,-1.0,-1.0
336,1,19,1,32400,0,0.0,-1.0,-1.0,-1.0
336,1,19,2,32400,0,0.0,-1.0,-1.0,-1.0
336,1,20,0,32400,0,0.0,-1.0,-1.0,-1.0
336,1,20,1,32400,0,0.0,-1.0,-1.0,-1.0
336,1,20,2,32400,0,0.0,-1.0,-1.0,-1.0
336,1,21,0,32400,0,0.0,-1.0,-1.0,-1.0
336,1,21,1,32400,0,0.0,-1.0,-1.0,-1.0
336,1,21,2,32400,0,0.0,-1.0,-1.0,-1.0
336,1,22,0,32400,1,3.08641975308642e-05,1.0,-1.0,0.0
336,1,22,1,32400,0,0.0,-1.0,-1.0,-1.0
336,1,22,2,32400,0,0.0,-1.0,-1.0,-1.0
336,1,23,0,32400,0,0.0,-1.0,0.0,-1.0
336,1,23,1,32400,0,0.0,-1.0,-1.0,-1.0
336,1,23,2,32400,0,0.0,-1.0,-1.0,-1.0
336,1,24,0,32400,0,0.0,-1.0,-1.0,-1.0
336,1,24,1,32400,0,0.0,-1.0,-1.0,-1.0
336,1,24,2,32400,0,0.0,-1.0,-1.0,-1.0
336,1,25,0,32400,0,0.0,-1.0,-1.0,-1.0
336,1,25,1,32400,0,0.0,-1.0,-1.0,-1.0
336,1,25,2,32400,0,0.0,-1.0,-1.0,-1.0
336,1,26,0,32400,0,0.0,-1.0,-1.0,-1.0
336,1,26,1,32400,0,0.0,-1.0,-1.0,-1.0
336,1,26,2,32400,0,0.0,-1.0,-1.0,-1.0
336,1,27,0,32400,0,0.0,-1.0,-1.0,-1.0
336,1,27,1,32400,0,0.0,-1.0,-1.0,-1.0
336,1,27,2,32400,0,0.0,-1.0,-1.0,-1.0
336,1,28,0,32400,0,0.0,-1.0,-1.0,-1.0
336,1,28,1,32400,0,0.0,-1.0,-1.0,-1.0
336,1,28,2,32400,0,0.0,-1.0,-1.0,-1.0
336,1,29,0,32400,0,0.0,-1.0,-1.0,-1.0
336,1,29,1,32400,0,0.0,-1.0,-1.0,-1.0
336,1,29,2,32400,0,0.0,-1.0,-1.0,-1.0
336,1,30,0,32400,0,0.0,-1.0,-1.0,-1.0
336,1,30,1,32400,0,0.0,-1.0,-1.0,-1.0
336,1,30,2,32400,0,0.0,-1.0,-1.0,-1.0
336,1,31,0,32400,0,0.0,-1.0,-1.0,-1.0
336,1,31,1,32400,0,0.0,-1.0,-1.0,-1.0
336,1,31,2,32400,0,0.0,-1.0,-1.0,-1.0
336,1,32,0,32400,0,0.0,-1.0,-1.0,-1.0
336,1,32,1,32400,0,0.0,-1.0,-1.0,-1.0
336,1,32,2,32400,0,0.0,-1.0,-1.0,-1.0
336,1,33,0,32400,0,0.0,-1.0,-1.0,-1.0
336,1,33,1,32400,0,0.0,-1.0,-1.0,-1.0
336,1,33,2,32400,0,0.0,-1.0,-1.0,-1.0
336,1,34,0,32400,0,0.0,-1.0,-1.0,-1.0
336,1,34,1,32400,0,0.0,-1.0,-1.0,-1.0
336,1,34,2,32400,0,0.0,-1.0,-1.0,-1.0
336,1,35,0,32400,0,0.0,-1.0,-1.0,-1.0
336,1,35,1,32400,0,0.0,-1.0,-1.0,-1.0
336,1,35,2,32400,0,0.0,-1.0,-1.0,-1.0
336,2,1,0,32400,25,0.0007716049382716049,14.4399995803833,-1.0,0.16
336,2,1,1,32400,11,0.00033950617283950616,12.727272987365723,-1.0,0.18181818181818182
336,2,1,2,32400,7,0.0002160493827160494,156.2856903076172,-1.0,0.14285714285714285
336,2,2,0,32400,18,0.0005555555555555556,145.8888702392578,0.16,0.16666666666666666
336,2,2,1,32400,5,0.00015432098765432098,9.0,0.18181818181818182,0.2
336,2,2,2,32400,2,6.17283950617284e-05,5.0,0.0,0.0
336,2,3,0,32400,9,0.0002777777777777778,12.333333015441895,0.1111111111111111,0.1111111111111111
336,2,3,1,32400,7,0.0002160493827160494,7.285714626312256,0.6,0.0
336,2,3,2,32400,2,6.17283950617284e-05,6.5,0.0,0.0
336,2,4,0,32400,5,0.00015432098765432098,12.0,0.1111111111111111,0.0
336,2,4,1,32400,6,0.00018518518518518518,19.666667938232422,0.2857142857142857,0.0
336,2,4,2,32400,2,6.17283950617284e-05,13.0,0.0,0.0
336,2,5,0,32400,3,9.259259259259259e-05,11.333333969116211,0.0,0.0
336,2,5,1,32400,2,6.17283950617284e-05,1.0,0.16666666666666666,0.0
336,2,5,2,32400,0,0.0,-1.0,0.0,-1.0
336,2,6,0,32400,2,6.17283950617284e-05,4.5,0.0,0.0
336,2,6,1,32400,2,6.17283950617284e-05,1.5,0.0,0.0
336,2,6,2,32400,0,0.0,-1.0,-1.0,-1.0
336,2,7,0,32400,0,0.0,-1.0,0.0,-1.0
336,2,7,1,32400,2,6.17283950617284e-05,3.499999761581421,0.5,0.0
336,2,7,2,32400,0,0.0,-1.0,-1.0,-1.0
336,2,8,0,32400,1,3.08641975308642e-05,5.0,-1.0,0.0
336,2,8,1,32400,1,3.08641975308642e-05,1.0,0.5,0.0
336,2,8,2,32400,0,0.0,-1.0,-1.0,-1.0
336,2,9,0,32400,2,6.17283950617284e-05,6.999999523162842,0.0,0.0
336,2,9,1,32400,2,6.17283950617284e-05,11.5,1.0,0.0
336,2,9,2,32400,1,3.08641975308642e-05,15.0,-1.0,0.0
336,2,10,0,32400,0,0.0,-1.0,0.0,-1.0
336,2,10,1,32400,0,0.0,-1.0,0.0,-1.0
336,2,10,2,32400,0,0.0,-1.0,0.0,-1.0
336,2,11,0,32400,1,3.08641975308642e-05,1.0,-1.0,0.0
336,2,11,1,32400,1,3.08641975308642e-05,574.0000610351562,-1.0,0.0
336,2,11,2,32400,0,0.0,-1.0,-1.0,-1.0
336,2,12,0,32400,0,0.0,-1.0,0.0,-1.0
336,2,12,1,32400,1,3.08641975308642e-05,7.0,0.0,0.0
336,2,12,2,32400,0,0.0,-1.0,-1.0,-1.0
336,2,13,0,32400,2,6.17283950617284e-05,1.0,-1.0,0.0
336,2,13,1,32400,1,3.08641975308642e-05,2.0,0.0,0.0
336,2,13,2,32400,0,0.0,-1.0,-1.0,-1.0
336,2,14,0,32400,0,0.0,-1.0,0.0,-1.0
336,2,14,1,32400,2,6.17283950617284e-05,2.5,1.0,0.0
336,2,14,2,32400,0,0.0,-1.0,-1.0,-1.0
336,2,15,0,32400,1,3.08641975308642e-05,1.0,-1.0,0.0
336,2,15,1,32400,1,3.08641975308642e-05,11.0,0.5,0.0
336,2,15,2,32400,0,0.0,-1.0,-1.0,-1.0
336,2,16,0,32400,0,0.0,-1.0,0.0,-1.0
336,2,16,1,32400,0,0.0,-1.0,0.0,-1.0
336,2,16,2,32400,0,0.0,-1.0,-1.0,-1.0
336,2,17,0,32400,0,0.0,-1.0,-1.0,-1.0
336,2,17,1,32400,0,0.0,-1.0,-1.0,-1.0
336,2,17,2,32400,0,0.0,-1.0,-1.0,-1.0
336,2,18,0,32400,1,3.08641975308642e-05,31.0,-1.0,0.0
336,2,18,1,32400,0,0.0,-1.0,-1.0,-1.0
336,2,18,2,32400,0,0.0,-1.0,-1.0,-1.0
336,2,19,0,32400,0,0.0,-1.0,0.0,-1.0
336,2,19,1,32400,0,0.0,-1.0,-1.0,-1.0
336,2,19,2,32400,0,0.0,-1.0,-1.0,-1.0
336,2,20,0,32400,0,0.0,-1.0,-1.0,-1.0
336,2,20,1,32400,0,0.0,-1.0,-1.0,-1.0
336,2,20,2,32400,0,0.0,-1.0,-1.0,-1.0
336,2,21,0,32400,0,0.0,-1.0,-1.0,-1.0
336,2,21,1,32400,0,0.0,-1.0,-1.0,-1.0
336,2,21,2,32400,0,0.0,-1.0,-1.0,-1.0
336,2,22,0,32400,0,0.0,-1.0,-1.0,-1.0
336,2,22,1,32400,0,0.0,-1.0,-1.0,-1.0
336,2,22,2,32400,0,0.0,-1.0,-1.0,-1.0
336,2,23,0,32400,0,0.0,-1.0,-1.0,-1.0
336,2,23,1,32400,0,0.0,-1.0,-1.0,-1.0
336,2,23,2,32400,0,0.0,-1.0,-1.0,-1.0
336,2,24,0,32400,0,0.0,-1.0,-1.0,-1.0
336,2,24,1,32400,0,0.0,-1.0,-1.0,-1.0
336,2,24,2,32400,0,0.0,-1.0,-1.0,-1.0
336,2,25,0,32400,0,0.0,-1.0,-1.0,-1.0
336,2,25,1,32400,0,0.0,-1.0,-1.0,-1.0
336,2,25,2,32400,0,0.0,-1.0,-1.0,-1.0
336,2,26,0,32400,0,0.0,-1.0,-1.0,-1.0
336,2,26,1,32400,0,0.0,-1.0,-1.0,-1.0
336,2,26,2,32400,0,0.0,-1.0,-1.0,-1.0
336,2,27,0,32400,0,0.0,-1.0,-1.0,-1.0
336,2,27,1,32400,0,0.0,-1.0,-1.0,-1.0
336,2,27,2,32400,0,0.0,-1.0,-1.0,-1.0
336,2,28,0,32400,0,0.0,-1.0,-1.0,-1.0
336,2,28,1,32400,0,0.0,-1.0,-1.0,-1.0
336,2,28,2,32400,0,0.0,-1.0,-1.0,-1.0
336,2,29,0,32400,0,0.0,-1.0,-1.0,-1.0
336,2,29,1,32400,0,0.0,-1.0,-1.0,-1.0
336,2,29,2,32400,0,0.0,-1.0,-1.0,-1.0
336,2,30,0,32400,0,0.0,-1.0,-1.0,-1.0
336,2,30,1,32400,0,0.0,-1.0,-1.0,-1.0
336,2,30,2,32400,0,0.0,-1.0,-1.0,-1.0
336,2,31,0,32400,0,0.0,-1.0,-1.0,-1.0
336,2,31,1,32400,0,0.0,-1.0,-1.0,-1.0
336,2,31,2,32400,0,0.0,-1.0,-1.0,-1.0
336,2,32,0,32400,0,0.0,-1.0,-1.0,-1.0
336,2,32,1,32400,0,0.0,-1.0,-1.0,-1.0
336,2,32,2,32400,0,0.0,-1.0,-1.0,-1.0
336,2,33,0,32400,0,0.0,-1.0,-1.0,-1.0
336,2,33,1,32400,0,0.0,-1.0,-1.0,-1.0
336,2,33,2,32400,0,0.0,-1.0,-1.0,-1.0
336,2,34,0,32400,0,0.0,-1.0,-1.0,-1.0
336,2,34,1,32400,0,0.0,-1.0,-1.0,-1.0
336,2,34,2,32400,0,0.0,-1.0,-1.0,-1.0
336,2,35,0,32400,0,0.0,-1.0,-1.0,-1.0
336,2,35,1,32400,0,0.0,-1.0,-1.0,-1.0
336,2,35,2,32400,0,0.0,-1.0,-1.0,-1.0
336,3,1,0,32400,24,0.0007407407407407407,17.875001907348633,-1.0,0.16666666666666666
336,3,1,1,32400,12,0.00037037037037037035,13.583333969116211,-1.0,0.25
336,3,1,2,32400,4,0.0001234567901234568,227.7499542236328,-1.0,0.0
336,3,2,0,32400,13,0.00040123456790123454,6.230769634246826,0.16666666666666666,0.23076923076923078
336,3,2,1,32400,7,0.0002160493827160494,6.428571701049805,0.08333333333333333,0.0
336,3,2,2,32400,1,3.08641975308642e-05,4.0,0.0,0.0
336,3,3,0,32400,12,0.00037037037037037035,3.5833334922790527,0.46153846153846156,0.0
336,3,3,1,32400,9,0.0002777777777777778,7.0,0.42857142857142855,0.1111111111111111
336,3,3,2,32400,4,0.0001234567901234568,8.25,1.0,0.0
336,3,4,0,32400,6,0.00018518518518518518,11.166666984558105,0.25,0.0
336,3,4,1,32400,4,0.0001234567901234568,13.500000953674316,0.2222222222222222,0.0
336,3,4,2,32400,3,9.259259259259259e-05,7.0,0.0,0.0
336,3,5,0,32400,2,6.17283950617284e-05,28.499998092651367,0.0,0.0
336,3,5,1,32400,2,6.17283950617284e-05,5.5,0.0,0.0
336,3,5,2,32400,4,0.0001234567901234568,2.75,0.6666666666666666,0.0
336,3,6,0,32400,1,3.08641975308642e-05,3.0,0.5,0.0
336,3,6,1,32400,3,9.259259259259259e-05,18.666667938232422,0.5,0.0
336,3,6,2,32400,1,3.08641975308642e-05,1.0,0.25,0.0
336,3,7,0,32400,1,3.08641975308642e-05,63.0,0.0,0.0
336,3,7,1,32400,2,6.17283950617284e-05,34.5,0.3333333333333333,0.0
336,3,7,2,32400,0,0.0,-1.0,0.0,-1.0
336,3,8,0,32400,2,6.17283950617284e-05,3.0,0.0,0.0
336,3,8,1,32400,2,6.17283950617284e-05,1.5,0.5,0.0
336,3,8,2,32400,0,0.0,-1.0,-1.0,-1.0
336,3,9,0,32400,0,0.0,-1.0,0.0,-1.0
336,3,9,1,32400,1,3.08641975308642e-05,8.0,0.5,0.0
336,3,9,2,32400,0,0.0,-1.0,-1.0,-1.0
336,3,10,0,32400,2,6.17283950617284e-05,2.0,-1.0,0.0
336,3,10,1,32400,3,9.259259259259259e-05,6.6666669845581055,1.0,0.0
336,3,10,2,32400,0,0.0,-1.0,-1.0,-1.0
336,3,11,0,32400,1,3.08641975308642e-05,1.0,0.0,0.0
336,3,11,1,32400,1,3.08641975308642e-05,4.0,0.3333333333333333,0.0
336,3,11,2,32400,0,0.0,-1.0,-1.0,-1.0
336,3,12,0,32400,0,0.0,-1.0,0.0,-1.0
336,3,12,1,32400,1,3.08641975308642e-05,45.99999237060547,0.0,0.0
336,3,12,2,32400,0,0.0,-1.0,-1.0,-1.0
336,3,13,0,32400,0,0.0,-1.0,-1.0,-1.0
336,3,13,1,32400,0,0.0,-1.0,0.0,-1.0
336,3,13,2,32400,0,0.0,-1.0,-1.0,-1.0
336,3,14,0,32400,0,0.0,-1.0,-1.0,-1.0
336,3,14,1,32400,0,0.0,-1.0,-1.0,-1.0
336,3,14,2,32400,0,0.0,-1.0,-1.0,-1.0
336,3,15,0,32400,0,0.0,-1.0,-1.0,-1.0
336,3,15,1,32400,0,0.0,-1.0,-1.0,-1.0
336,3,15,2,32400,0,0.0,-1.0,-1.0,-1.0
336,3,16,0,32400,0,0.0,-1.0,-1.0,-1.0
336,3,16,1,32400,0,0.0,-1.0,-1.0,-1.0
336,3,16,2,32400,1,3.08641975308642e-05,10.000000953674316,-1.0,0.0
336,3,17,0,32400,1,3.08641975308642e-05,5.0,-1.0,0.0
336,3,17,1,32400,0,0.0,-1.0,-1.0,-1.0
336,3,17,2,32400,0,0.0,-1.0,0.0,-1.0
336,3,18,0,32400,0,0.0,-1.0,0.0,-1.0
336,3,18,1,32400,0,0.0,-1.0,-1.0,-1.0
336,3,18,2,32400,0,0.0,-1.0,-1.0,-1.0
336,3,19,0,32400,0,0.0,-1.0,-1.0,-1.0
336,3,19,1,32400,0,0.0,-1.0,-1.0,-1.0
336,3,19,2,32400,0,0.0,-1.0,-1.0,-1.0
336,3,20,0,32400,0,0.0,-1.0,-1.0,-1.0
336,3,20,1,32400,1,3.08641975308642e-05,3.0,-1.0,0.0
336,3,20,2,32400,0,0.0,-1.0,-1.0,-1.0
336,3,21,0,32400,0,0.0,-1.0,-1.0,-1.0
336,3,21,1,32400,0,0.0,-1.0,0.0,-1.0
336,3,21,2,32400,0,0.0,-1.0,-1.0,-1.0
336,3,22,0,32400,0,0.0,-1.0,-1.0,-1.0
336,3,22,1,32400,0,0.0,-1.0,-1.0,-1.0
336,3,22,2,32400,0,0.0,-1.0,-1.0,-1.0
336,3,23,0,32400,0,0.0,-1.0,-1.0,-1.0
336,3,23,1,32400,0,0.0,-1.0,-1.0,-1.0
336,3,23,2,32400,0,0.0,-1.0,-1.0,-1.0
336,3,24,0,32400,0,0.0,-1.0,-1.0,-1.0
336,3,24,1,32400,0,0.0,-1.0,-1.0,-1.0
336,3,24,2,32400,0,0.0,-1.0,-1.0,-1.0
336,3,25,0,32400,0,0.0,-1.0,-1.0,-1.0
336,3,25,1,32400,0,0.0,-1.0,-1.0,-1.0
336,3,25,2,32400,0,0.0,-1.0,-1.0,-1.0
336,3,26,0,32400,0,0.0,-1.0,-1.0,-1.0
336,3,26,1,32400,0,0.0,-1.0,-1.0,-1.0
336,3,26,2,32400,0,0.0,-1.0,-1.0,-1.0
336,3,27,0,32400,0,0.0,-1.0,-1.0,-1.0
336,3,27,1,32400,0,0.0,-1.0,-1.0,-1.0
336,3,27,2,32400,0,0.0,-1.0,-1.0,-1.0
336,3,28,0,32400,0,0.0,-1.0,-1.0,-1.0
336,3,28,1,32400,0,0.0,-1.0,-1.0,-1.0
336,3,28,2,32400,0,0.0,-1.0,-1.0,-1.0
336,3,29,0,32400,0,0.0,-1.0,-1.0,-1.0
336,3,29,1,32400,0,0.0,-1.0,-1.0,-1.0
336,3,29,2,32400,0,0.0,-1.0,-1.0,-1.0
336,3,30,0,32400,0,0.0,-1.0,-1.0,-1.0
336,3,30,1,32400,0,0.0,-1.0,-1.0,-1.0
336,3,30,2,32400,0,0.0,-1.0,-1.0,-1.0
336,3,31,0,32400,0,0.0,-1.0,-1.0,-1.0
336,3,31,1,32400,0,0.0,-1.0,-1.0,-1.0
336,3,31,2,32400,0,0.0,-1.0,-1.0,-1.0
336,3,32,0,32400,0,0.0,-1.0,-1.0,-1.0
336,3,32,1,32400,0,0.0,-1.0,-1.0,-1.0
336,3,32,2,32400,0,0.0,-1.0,-1.0,-1.0
336,3,33,0,32400,0,0.0,-1.0,-1.0,-1.0
336,3,33,1,32400,0,0.0,-1.0,-1.0,-1.0
336,3,33,2,32400,0,0.0,-1.0,-1.0,-1.0
336,3,34,0,32400,0,0.0,-1.0,-1.0,-1.0
336,3,34,1,32400,0,0.0,-1.0,-1.0,-1.0
336,3,34,2,32400,0,0.0,-1.0,-1.0,-1.0
336,3,35,0,32400,0,0.0,-1.0,-1.0,-1.0
336,3,35,1,32400,0,0.0,-1.0,-1.0,-1.0
336,3,35,2,32400,0,0.0,-1.0,-1.0,-1.0
337,0,1,0,32400,20,0.0006172839506172839,11.25,-1.0,0.15
337,0,1,1,32400,12,0.00037037037037037035,7.4166669845581055,-1.0,0.0
337,0,1,2,32400,7,0.0002160493827160494,12.142857551574707,-1.0,0.14285714285714285
337,0,2,0,32400,8,0.0002469135802469136,26.500001907348633,0.15,0.125
337,0,2,1,32400,3,9.259259259259259e-05,14.666667938232422,0.0,0.0
337,0,2,2,32400,1,3.08641975308642e-05,2.0,0.0,0.0
337,0,3,0,32400,8,0.0002469135802469136,17.375,0.125,0.0
337,0,3,1,32400,0,0.0,-1.0,0.0,-1.0
337,0,3,2,32400,2,6.17283950617284e-05,10.0,0.0,0.0
337,0,4,0,32400,6,0.00018518518518518518,15.666666984558105,0.125,0.16666666666666666
337,0,4,1,32400,2,6.17283950617284e-05,2.0,-1.0,0.0
337,0,4,2,32400,0,0.0,-1.0,0.0,-1.0
337,0,5,0,32400,5,0.00015432098765432098,4.400000095367432,0.5,0.2
337,0,5,1,32400,0,0.0,-1.0,0.0,-1.0
337,0,5,2,32400,1,3.08641975308642e-05,22.0,-1.0,0.0
337,0,6,0,32400,2,6.17283950617284e-05,3.0,0.2,0.5
337,0,6,1,32400,1,3.08641975308642e-05,11.999999046325684,-1.0,0.0
337,0,6,2,32400,1,3.08641975308642e-05,7.0,1.0,0.0
337,0,7,0,32400,3,9.259259259259259e-05,18.333335876464844,0.5,0.0
337,0,7,1,32400,1,3.08641975308642e-05,2.0,0.0,0.0
337,0,7,2,32400,0,0.0,-1.0,0.0,-1.0
337,0,8,0,32400,1,3.08641975308642e-05,14.000000953674316,0.3333333333333333,0.0
337,0,8,1,32400,1,3.08641975308642e-05,4.0,0.0,0.0
337,0,8,2,32400,0,0.0,-1.0,-1.0,-1.0
337,0,9,0,32400,3,9.259259259259259e-05,3.0,1.0,0.3333333333333333
337,0,9,1,32400,0,0.0,-1.0,0.0,-1.0
337,0,9,2,32400,0,0.0,-1.0,-1.0,-1.0
337,0,10,0,32400,3,9.259259259259259e-05,7.333333492279053,0.3333333333333333,0.0
337,0,10,1,32400,0,0.0,-1.0,-1.0,-1.0
337,0,10,2,32400,0,0.0,-1.0,-1.0,-1.0
337,0,11,0,32400,1,3.08641975308642e-05,9.0,0.0,0.0
337,0,11,1,32400,1,3.08641975308642e-05,5.0,-1.0,0.0
337,0,11,2,32400,0,0.0,-1.0,-1.0,-1.0
337,0,12,0,32400,0,0.0,-1.0,0.0,-1.0
337,0,12,1,32400,1,3.08641975308642e-05,1.0,0.0,0.0
337,0,12,2,32400,0,0.0,-1.0,-1.0,-1.0
337,0,13,0,32400,0,0.0,-1.0,-1.0,-1.0
337,0,13,1,32400,0,0.0,-1.0,0.0,-1.0
337,0,13,2,32400,0,0.0,-1.0,-1.0,-1.0
337,0,14,0,32400,0,0.0,-1.0,-1.0,-1.0
337,0,14,1,32400,0,0.0,-1.0,-1.0,-1.0
337,0,14,2,32400,0,0.0,-1.0,-1.0,-1.0
337,0,15,0,32400,0,0.0,-1.0,-1.0,-1.0
337,0,15,1,32400,0,0.0,-1.0,-1.0,-1.0
337,0,15,2,32400,0,0.0,-1.0,-1.0,-1.0
337,0,16,0,32400,0,0.0,-1.0,-1.0,-1.0
337,0,16,1,32400,0,0.0,-1.0,-1.0,-1.0
337,0,16,2,32400,0,0.0,-1.0,-1.0,-1.0
337,0,17,0,32400,0,0.0,-1.0,-1.0,-1.0
337,0,17,1,32400,0,0.0,-1.0,-1.0,-1.0
337,0,17,2,32400,0,0.0,-1.0,-1.0,-1.0
337,0,18,0,32400,0,0.0,-1.0,-1.0,-1.0
337,0,18,1,32400,0,0.0,-1.0,-1.0,-1.0
337,0,18,2,32400,0,0.0,-1.0,-1.0,-1.0
337,0,19,0,32400,0,0.0,-1.0,-1.0,-1.0
337,0,19,1,32400,0,0.0,-1.0,-1.0,-1.0
337,0,19,2,32400,0,0.0,-1.0,-1.0,-1.0
337,0,20,0,32400,0,0.0,-1.0,-1.0,-1.0
337,0,20,1,32400,0,0.0,-1.0,-1.0,-1.0
337,0,20,2,32400,0,0.0,-1.0,-1.0,-1.0
337,0,21,0,32400,0,0.0,-1.0,-1.0,-1.0
337,0,21,1,32400,0,0.0,-1.0,-1.0,-1.0
337,0,21,2,32400,0,0.0,-1.0,-1.0,-1.0
337,0,22,0,32400,0,0.0,-1.0,-1.0,-1.0
337,0,22,1,32400,0,0.0,-1.0,-1.0,-1.0
337,0,22,2,32400,0,0.0,-1.0,-1.0,-1.0
337,0,23,0,32400,0,0.0,-1.0,-1.0,-1.0
337,0,23,1,32400,0,0.0,-1.0,-1.0,-1.0
337,0,23,2,32400,0,0.0,-1.0,-1.0,-1.0
337,0,24,0,32400,0,0.0,-1.0,-1.0,-1.0
337,0,24,1,32400,0,0.0,-1.0,-1.0,-1.0
337,0,24,2,32400,0,0.0,-1.0,-1.0,-1.0
337,0,25,0,32400,0,0.0,-1.0,-1.0,-1.0
337,0,25,1,32400,0,0.0,-1.0,-1.0,-1.0
337,0,25,2,32400,0,0.0,-1.0,-1.0,-1.0
337,0,26,0,32400,0,0.0,-1.0,-1.0,-1.0
337,0,26,1,32400,0,0.0,-1.0,-1.0,-1.0
337,0,26,2,32400,1,3.08641975308642e-05,5.999999523162842,-1.0,0.0
337,0,27,0,32400,0,0.0,-1.0,-1.0,-1.0
337,0,27,1,32400,0,0.0,-1.0,-1.0,-1.0
337,0,27,2,32400,0,0.0,-1.0,0.0,-1.0
337,0,28,0,32400,0,0.0,-1.0,-1.0,-1.0
337,0,28,1,32400,0,0.0,-1.0,-1.0,-1.0
337,0,28,2,32400,0,0.0,-1.0,-1.0,-1.0
337,0,29,0,32400,0,0.0,-1.0,-1.0,-1.0
337,0,29,1,32400,0,0.0,-1.0,-1.0,-1.0
337,0,29,2,32400,0,0.0,-1.0,-1.0,-1.0
337,0,30,0,32400,0,0.0,-1.0,-1.0,-1.0
337,0,30,1,32400,0,0.0,-1.0,-1.0,-1.0
337,0,30,2,32400,0,0.0,-1.0,-1.0,-1.0
337,0,31,0,32400,0,0.0,-1.0,-1.0,-1.0
337,0,31,1,32400,0,0.0,-1.0,-1.0,-1.0
337,0,31,2,32400,0,0.0,-1.0,-1.0,-1.0
337,0,32,0,32400,0,0.0,-1.0,-1.0,-1.0
337,0,32,1,32400,0,0.0,-1.0,-1.0,-1.0
337,0,32,2,32400,0,0.0,-1.0,-1.0,-1.0
337,0,33,0,32400,0,0.0,-1.0,-1.0,-1.0
337,0,33,1,32400,0,0.0,-1.0,-1.0,-1.0
337,0,33,2,32400,0,0.0,-1.0,-1.0,-1.0
337,0,34,0,32400,0,0.0,-1.0,-1.0,-1.0
337,0,34,1,32400,0,0.0,-1.0,-1.0,-1.0
337,0,34,2,32400,0,0.0,-1.0,-1.0,-1.0
337,0,35,0,32400,0,0.0,-1.0,-1.0,-1.0
337,0,35,1,32400,0,0.0,-1.0,-1.0,-1.0
337,0,35,2,32400,0,0.0,-1.0,-1.0,-1.0
337,1,1,0,32400,23,0.0007098765432098765,3.7391304969787598,-1.0,0.30434782608695654
337,1,1,1,32400,9,0.0002777777777777778,4.888888835906982,-1.0,0.1111111111111111
337,1,1,2,32400,6,0.00018518518518518518,9.166666984558105,-1.0,0.0
337,1,2,0,32400,15,0.000462962962962963,11.333333969116211,0.17391304347826086,0.13333333333333333
337,1,2,1,32400,8,0.0002469135802469136,3.625,0.1111111111111111,0.0
337,1,2,2,32400,3,9.259259259259259e-05,2.6666665077209473,0.0,0.0
337,1,3,0,32400,9,0.0002777777777777778,15.777775764465332,0.0,0.0
337,1,3,1,32400,7,0.0002160493827160494,12.571430206298828,0.5,0.14285714285714285
337,1,3,2,32400,3,9.259259259259259e-05,11.666667938232422,0.0,0.0
337,1,4,0,32400,9,0.0002777777777777778,28.333337783813477,0.1111111111111111,0.2222222222222222
337,1,4,1,32400,3,9.259259259259259e-05,3.0,0.42857142857142855,0.0
337,1,4,2,32400,3,9.259259259259259e-05,149.6667022705078,0.0,0.0
337,1,5,0,32400,7,0.0002160493827160494,4.285714626312256,0.1111111111111111,0.2857142857142857
337,1,5,1,32400,5,0.00015432098765432098,115.80001068115234,1.0,0.0
337,1,5,2,32400,2,6.17283950617284e-05,13.0,0.3333333333333333,0.0
337,1,6,0,32400,3,9.259259259259259e-05,1.3333333730697632,0.2857142857142857,0.0
337,1,6,1,32400,2,6.17283950617284e-05,9.0,0.0,0.0
337,1,6,2,32400,2,6.17283950617284e-05,9.0,0.0,0.0
337,1,7,0,32400,5,0.00015432098765432098,5.0,0.6666666666666666,0.0
337,1,7,1,32400,0,0.0,-1.0,0.0,-1.0
337,1,7,2,32400,1,3.08641975308642e-05,4.0,0.0,0.0
337,1,8,0,32400,3,9.259259259259259e-05,8.0,0.2,0.0
337,1,8,1,32400,1,3.08641975308642e-05,8.0,-1.0,0.0
337,1,8,2,32400,0,0.0,-1.0,0.0,-1.0
337,1,9,0,32400,3,9.259259259259259e-05,8.0,0.3333333333333333,0.0
337,1,9,1,32400,0,0.0,-1.0,0.0,-1.0
337,1,9,2,32400,0,0.0,-1.0,-1.0,-1.0
337,1,10,0,32400,1,3.08641975308642e-05,11.999999046325684,0.0,0.0
337,1,10,1,32400,1,3.08641975308642e-05,5.0,-1.0,0.0
337,1,10,2,32400,0,0.0,-1.0,-1.0,-1.0
337,1,11,0,32400,2,6.17283950617284e-05,5.500000476837158,1.0,0.0
337,1,11,1,32400,1,3.08641975308642e-05,4.0,0.0,0.0
337,1,11,2,32400,0,0.0,-1.0,-1.0,-1.0
337,1,12,0,32400,0,0.0,-1.0,0.0,-1.0
337,1,12,1,32400,0,0.0,-1.0,0.0,-1.0
337,1,12,2,32400,0,0.0,-1.0,-1.0,-1.0
337,1,13,0,32400,0,0.0,-1.0,-1.0,-1.0
337,1,13,1,32400,0,0.0,-1.0,-1.0,-1.0
337,1,13,2,32400,0,0.0,-1.0,-1.0,-1.0
337,1,14,0,32400,0,0.0,-1.0,-1.0,-1.0
337,1,14,1,32400,0,0.0,-1.0,-1.0,-1.0
337,1,14,2,32400,0,0.0,-1.0,-1.0,-1.0
337,1,15,0,32400,0,0.0,-1.0,-1.0,-1.0
337,1,15,1,32400,0,0.0,-1.0,-1.0,-1.0
337,1,15,2,32400,0,0.0,-1.0,-1.0,-1.0
337,1,16,0,32400,0,0.0,-1.0,-1.0,-1.0
337,1,16,1,32400,0,0.0,-1.0,-1.0,-1.0
337,1,16,2,32400,0,0.0,-1.0,-1.0,-1.0
337,1,17,0,32400,0,0.0,-1.0,-1.0,-1.0
337,1,17,1,32400,0,0.0,-1.0,-1.0,-1.0
337,1,17,2,32400,0,0.0,-1.0,-1.0,-1.0
337,1,18,0,32400,0,0.0,-1.0,-1.0,-1.0
337,1,18,1,32400,0,0.0,-1.0,-1.0,-1.0
337,1,18,2,32400,0,0.0,-1.0,-1.0,-1.0
337,1,19,0,32400,0,0.0,-1.0,-1.0,-1.0
337,1,19,1,32400,0,0.0,-1.0,-1.0,-1.0
337,1,19,2,32400,0,0.0,-1.0,-1.0,-1.0
337,1,20,0,32400,0,0.0,-1.0,-1.0,-1.0
337,1,20,1,32400,0,0.0,-1.0,-1.0,-1.0
337,1,20,2,32400,0,0.0,-1.0,-1.0,-1.0
337,1,21,0,32400,0,0.0,-1.0,-1.0,-1.0
337,1,21,1,32400,0,0.0,-1.0,-1.0,-1.0
337,1,21,2,32400,0,0.0,-1.0,-1.0,-1.0
337,1,22,0,32400,0,0.0,-1.0,-1.0,-1.0
337,1,22,1,32400,0,0.0,-1.0,-1.0,-1.0
337,1,22,2,32400,0,0.0,-1.0,-1.0,-1.0
337,1,23,0,32400,0,0.0,-1.0,-1.0,-1.0
337,1,23,1,32400,0,0.0,-1.0,-1.0,-1.0
337,1,23,2,32400,0,0.0,-1.0,-1.0,-1.0
337,1,24,0,32400,0,0.0,-1.0,-1.0,-1.0
337,1,24,1,32400,0,0.0,-1.0,-1.0,-1.0
337,1,24,2,32400,0,0.0,-1.0,-1.0,-1.0
337,1,25,0,32400,0,0.0,-1.0,-1.0,-1.0
337,1,25,1,32400,0,0.0,-1.0,-1.0,-1.0
337,1,25,2,32400,0,0.0,-1.0,-1.0,-1.0
337,1,26,0,32400,0,0.0,-1.0,-1.0,-1.0
337,1,26,1,32400,0,0.0,-1.0,-1.0,-1.0
337,1,26,2,32400,0,0.0,-1.0,-1.0,-1.0
337,1,27,0,32400,0,0.0,-1.0,-1.0,-1.0
337,1,27,1,32400,0,0.0,-1.0,-1.0,-1.0
337,1,27,2,32400,0,0.0,-1.0,-1.0,-1.0
337,1,28,0,32400,0,0.0,-1.0,-1.0,-1.0
337,1,28,1,32400,0,0.0,-1.0,-1.0,-1.0
337,1,28,2,32400,0,0.0,-1.0,-1.0,-1.0
337,1,29,0,32400,0,0.0,-1.0,-1.0,-1.0
337,1,29,1,32400,0,0.0,-1.0,-1.0,-1.0
337,1,29,2,32400,0,0.0,-1.0,-1.0,-1.0
337,1,30,0,32400,0,0.0,-1.0,-1.0,-1.0
337,1,30,1,32400,0,0.0,-1.0,-1.0,-1.0
337,1,30,2,32400,0,0.0,-1.0,-1.0,-1.0
337,1,31,0,32400,0,0.0,-1.0,-1.0,-1.0
337,1,31,1,32400,0,0.0,-1.0,-1.0,-1.0
337,1,31,2,32400,0,0.0,-1.0,-1.0,-1.0
337,1,32,0,32400,0,0.0,-1.0,-1.0,-1.0
337,1,32,1,32400,0,0.0,-1.0,-1.0,-1.0
337,1,32,2,32400,0,0.0,-1.0,-1.0,-1.0
337,1,33,0,32400,0,0.0,-1.0,-1.0,-1.0
337,1,33,1,32400,0,0.0,-1.0,-1.0,-1.0
337,1,33,2,32400,0,0.0,-1.0,-1.0,-1.0
337,1,34,0,32400,0,0.0,-1.0,-1.0,-1.0
337,1,34,1,32400,0,0.0,-1.0,-1.0,-1.0
337,1,34,2,32400,0,0.0,-1.0,-1.0,-1.0
337,1,35,0,32400,0,0.0,-1.0,-1.0,-1.0
337,1,35,1,32400,0,0.0,-1.0,-1.0,-1.0
337,1,35,2,32400,0,0.0,-1.0,-1.0,-1.0
337,2,1,0,32400,29,0.0008950617283950618,48.62069320678711,-1.0,0.2413793103448276
337,2,1,1,32400,6,0.00018518518518518518,1.6666667461395264,-1.0,0.3333333333333333
337,2,1,2,32400,10,0.00030864197530864197,11.0,-1.0,0.2
337,2,2,0,32400,23,0.0007098765432098765,9.69565200805664,0.2413793103448276,0.21739130434782608
337,2,2,1,32400,8,0.0002469135802469136,6.25,0.3333333333333333,0.0
337,2,2,2,32400,5,0.00015432098765432098,3.799999952316284,0.3,0.0
337,2,3,0,32400,15,0.000462962962962963,20.33333396911621,0.21739130434782608,0.13333333333333333
337,2,3,1,32400,4,0.0001234567901234568,12.0,0.25,0.25
337,2,3,2,32400,4,0.0001234567901234568,26.75,0.0,0.75
337,2,4,0,32400,12,0.00037037037037037035,19.833335876464844,0.2,0.08333333333333333
337,2,4,1,32400,2,6.17283950617284e-05,20.0,0.25,0.0
337,2,4,2,32400,3,9.259259259259259e-05,11.333333969116211,0.25,0.0
337,2,5,0,32400,7,0.0002160493827160494,12.571429252624512,0.3333333333333333,0.14285714285714285
337,2,5,1,32400,0,0.0,-1.0,0.0,-1.0
337,2,5,2,32400,2,6.17283950617284e-05,2.5,0.3333333333333333,0.0
337,2,6,0,32400,8,0.0002469135802469136,7.25,0.5714285714285714,0.25
337,2,6,1,32400,2,6.17283950617284e-05,5.500000476837158,-1.0,0.0
337,2,6,2,32400,1,3.08641975308642e-05,24.000001907348633,0.5,0.0
337,2,7,0,32400,3,9.259259259259259e-05,22.666667938232422,0.25,0.0
337,2,7,1,32400,1,3.08641975308642e-05,2.0,0.5,0.0
337,2,7,2,32400,0,0.0,-1.0,0.0,-1.0
337,2,8,0,32400,1,3.08641975308642e-05,2.0,0.0,0.0
337,2,8,1,32400,2,6.17283950617284e-05,1.5,1.0,0.0
337,2,8,2,32400,1,3.08641975308642e-05,56.0,-1.0,0.0
337,2,9,0,32400,1,3.08641975308642e-05,11.999999046325684,0.0,0.0
337,2,9,1,32400,0,0.0,-1.0,0.0,-1.0
337,2,9,2,32400,0,0.0,-1.0,0.0,-1.0
337,2,10,0,32400,1,3.08641975308642e-05,3.0,0.0,0.0
337,2,10,1,32400,0,0.0,-1.0,-1.0,-1.0
337,2,10,2,32400,0,0.0,-1.0,-1.0,-1.0
337,2,11,0,32400,1,3.08641975308642e-05,1.0,0.0,0.0
337,2,11,1,32400,2,6.17283950617284e-05,35.999996185302734,-1.0,0.0
337,2,11,2,32400,0,0.0,-1.0,-1.0,-1.0
337,2,12,0,32400,1,3.08641975308642e-05,16.0,0.0,0.0
337,2,12,1,32400,0,0.0,-1.0,0.0,-1.0
337,2,12,2,32400,0,0.0,-1.0,-1.0,-1.0
337,2,13,0,32400,1,3.08641975308642e-05,2.0,0.0,0.0
337,2,13,1,32400,0,0.0,-1.0,-1.0,-1.0
337,2,13,2,32400,1,3.08641975308642e-05,2.0,-1.0,0.0
337,2,14,0,32400,0,0.0,-1.0,0.0,-1.0
337,2,14,1,32400,0,0.0,-1.0,-1.0,-1.0
337,2,14,2,32400,0,0.0,-1.0,0.0,-1.0
337,2,15,0,32400,0,0.0,-1.0,-1.0,-1.0
337,2,15,1,32400,0,0.0,-1.0,-1.0,-1.0
337,2,15,2,32400,0,0.0,-1.0,-1.0,-1.0
337,2,16,0,32400,0,0.0,-1.0,-1.0,-1.0
337,2,16,1,32400,0,0.0,-1.0,-1.0,-1.0
337,2,16,2,32400,0,0.0,-1.0,-1.0,-1.0
337,2,17,0,32400,0,0.0,-1.0,-1.0,-1.0
337,2,17,1,32400,0,0.0,-1.0,-1.0,-1.0
337,2,17,2,32400,0,0.0,-1.0,-1.0,-1.0
337,2,18,0,32400,0,0.0,-1.0,-1.0,-1.0
337,2,18,1,32400,0,0.0,-1.0,-1.0,-1.0
337,2,18,2,32400,0,0.0,-1.0,-1.0,-1.0
337,2,19,0,32400,0,0.0,-1.0,-1.0,-1.0
337,2,19,1,32400,0,0.0,-1.0,-1.0,-1.0
337,2,19,2,32400,0,0.0,-1.0,-1.0,-1.0
337,2,20,0,32400,0,0.0,-1.0,-1.0,-1.0
337,2,20,1,32400,0,0.0,-1.0,-1.0,-1.0
337,2,20,2,32400,0,0.0,-1.0,-1.0,-1.0
337,2,21,0,32400,0,0.0,-1.0,-1.0,-1.0
337,2,21,1,32400,0,0.0,-1.0,-1.0,-1.0
337,2,21,2,32400,0,0.0,-1.0,-1.0,-1.0
337,2,22,0,32400,0,0.0,-1.0,-1.0,-1.0
337,2,22,1,32400,0,0.0,-1.0,-1.0,-1.0
337,2,22,2,32400,0,0.0,-1.0,-1.0,-1.0
337,2,23,0,32400,1,3.08641975308642e-05,1.0,-1.0,0.0
337,2,23,1,32400,0,0.0,-1.0,-1.0,-1.0
337,2,23,2,32400,0,0.0,-1.0,-1.0,-1.0
337,2,24,0,32400,0,0.0,-1.0,0.0,-1.0
337,2,24,1,32400,0,0.0,-1.0,-1.0,-1.0
337,2,24,2,32400,0,0.0,-1.0,-1.0,-1.0
337,2,25,0,32400,0,0.0,-1.0,-1.0,-1.0
337,2,25,1,32400,0,0.0,-1.0,-1.0,-1.0
337,2,25,2,32400,0,0.0,-1.0,-1.0,-1.0
337,2,26,0,32400,0,0.0,-1.0,-1.0,-1.0
337,2,26,1,32400,0,0.0,-1.0,-1.0,-1.0
337,2,26,2,32400,0,0.0,-1.0,-1.0,-1.0
337,2,27,0,32400,0,0.0,-1.0,-1.0,-1.0
337,2,27,1,32400,0,0.0,-1.0,-1.0,-1.0
337,2,27,2,32400,0,0.0,-1.0,-1.0,-1.0
337,2,28,0,32400,0,0.0,-1.0,-1.0,-1.0
337,2,28,1,32400,0,0.0,-1.0,-1.0,-1.0
337,2,28,2,32400,0,0.0,-1.0,-1.0,-1.0
337,2,29,0,32400,0,0.0,-1.0,-1.0,-1.0
337,2,29,1,32400,0,0.0,-1.0,-1.0,-1.0
337,2,29,2,32400,0,0.0,-1.0,-1.0,-1.0
337,2,30,0,32400,0,0.0,-1.0,-1.0,-1.0
337,2,30,1,32400,0,0.0,-1.0,-1.0,-1.0
337,2,30,2,32400,0,0.0,-1.0,-1.0,-1.0
337,2,31,0,32400,0,0.0,-1.0,-1.0,-1.0
337,2,31,1,32400,0,0.0,-1.0,-1.0,-1.0
337,2,31,2,32400,0,0.0,-1.0,-1.0,-1.0
337,2,32,0,32400,0,0.0,-1.0,-1.0,-1.0
337,2,32,1,32400,0,0.0,-1.0,-1.0,-1.0
337,2,32,2,32400,0,0.0,-1.0,-1.0,-1.0
337,2,33,0,32400,0,0.0,-1.0,-1.0,-1.0
337,2,33,1,32400,0,0.0,-1.0,-1.0,-1.0
337,2,33,2,32400,0,0.0,-1.0,-1.0,-1.0
337,2,34,0,32400,0,0.0,-1.0,-1.0,-1.0
337,2,34,1,32400,0,0.0,-1.0,-1.0,-1.0
337,2,34,2,32400,0,0.0,-1.0,-1.0,-1.0
337,2,35,0,32400,0,0.0,-1.0,-1.0,-1.0
337,2,35,1,32400,0,0.0,-1.0,-1.0,-1.0
337,2,35,2,32400,0,0.0,-1.0,-1.0,-1.0
337,3,1,0,32400,20,0.0006172839506172839,14.449999809265137,-1.0,0.2
337,3,1,1,32400,9,0.0002777777777777778,7.777777194976807,-1.0,0.1111111111111111
337,3,1,2,32400,3,9.259259259259259e-05,4.6666669845581055,-1.0,0.0
337,3,2,0,32400,13,0.00040123456790123454,13.076923370361328,0.25,0.23076923076923078
337,3,2,1,32400,7,0.0002160493827160494,8.142857551574707,0.1111111111111111,0.14285714285714285
337,3,2,2,32400,1,3.08641975308642e-05,3.0,0.0,0.0
337,3,3,0,32400,4,0.0001234567901234568,5.0,0.15384615384615385,0.0
337,3,3,1,32400,7,0.0002160493827160494,7.428571701049805,0.2857142857142857,0.0
337,3,3,2,32400,2,6.17283950617284e-05,3.5,0.0,0.0
337,3,4,0,32400,5,0.00015432098765432098,25.000003814697266,0.25,0.0
337,3,4,1,32400,2,6.17283950617284e-05,3.0,0.0,0.0
337,3,4,2,32400,0,0.0,-1.0,0.0,-1.0
337,3,5,0,32400,5,0.00015432098765432098,3.4000000953674316,0.4,0.0
337,3,5,1,32400,4,0.0001234567901234568,4.0,0.0,0.0
337,3,5,2,32400,1,3.08641975308642e-05,2.0,-1.0,0.0
337,3,6,0,32400,4,0.0001234567901234568,9.5,0.2,0.0
337,3,6,1,32400,3,9.259259259259259e-05,1.0,0.5,0.0
337,3,6,2,32400,0,0.0,-1.0,0.0,-1.0
337,3,7,0,32400,1,3.08641975308642e-05,2.0,0.0,0.0
337,3,7,1,32400,3,9.259259259259259e-05,3.6666667461395264,0.6666666666666666,0.0
337,3,7,2,32400,0,0.0,-1.0,-1.0,-1.0
337,3,8,0,32400,2,6.17283950617284e-05,1.5,0.0,0.0
337,3,8,1,32400,1,3.08641975308642e-05,11.0,0.3333333333333333,0.0
337,3,8,2,32400,0,0.0,-1.0,-1.0,-1.0
337,3,9,0,32400,2,6.17283950617284e-05,1.5,0.0,0.0
337,3,9,1,32400,2,6.17283950617284e-05,1.0,1.0,0.0
337,3,9,2,32400,0,0.0,-1.0,-1.0,-1.0
337,3,10,0,32400,0,0.0,-1.0,0.0,-1.0
337,3,10,1,32400,1,3.08641975308642e-05,3.0,0.0,0.0
337,3,10,2,32400,1,3.08641975308642e-05,1.0,-1.0,0.0
337,3,11,0,32400,0,0.0,-1.0,-1.0,-1.0
337,3,11,1,32400,1,3.08641975308642e-05,14.000000953674316,0.0,0.0
337,3,11,2,32400,0,0.0,-1.0,0.0,-1.0
337,3,12,0,32400,1,3.08641975308642e-05,27.000001907348633,-1.0,0.0
337,3,12,1,32400,1,3.08641975308642e-05,1.0,1.0,0.0
337,3,12,2,32400,0,0.0,-1.0,-1.0,-1.0
337,3,13,0,32400,0,0.0,-1.0,0.0,-1.0
337,3,13,1,32400,0,0.0,-1.0,0.0,-1.0
337,3,13,2,32400,0,0.0,-1.0,-1.0,-1.0
337,3,14,0,32400,0,0.0,-1.0,-1.0,-1.0
337,3,14,1,32400,0,0.0,-1.0,-1.0,-1.0
337,3,14,2,32400,0,0.0,-1.0,-1.0,-1.0
337,3,15,0,32400,0,0.0,-1.0,-1.0,-1.0
337,3,15,1,32400,0,0.0,-1.0,-1.0,-1.0
337,3,15,2,32400,0,0.0,-1.0,-1.0,-1.0
337,3,16,0,32400,0,0.0,-1.0,-1.0,-1.0
337,3,16,1,32400,0,0.0,-1.0,-1.0,-1.0
337,3,16,2,32400,0,0.0,-1.0,-1.0,-1.0
337,3,17,0,32400,0,0.0,-1.0,-1.0,-1.0
337,3,17,1,32400,0,0.0,-1.0,-1.0,-1.0
337,3,17,2,32400,0,0.0,-1.0,-1.0,-1.0
337,3,18,0,32400,0,0.0,-1.0,-1.0,-1.0
337,3,18,1,32400,0,0.0,-1.0,-1.0,-1.0
337,3,18,2,32400,0,0.0,-1.0,-1.0,-1.0
337,3,19,0,32400,0,0.0,-1.0,-1.0,-1.0
337,3,19,1,32400,0,0.0,-1.0,-1.0,-1.0
337,3,19,2,32400,0,0.0,-1.0,-1.0,-1.0
337,3,20,0,32400,0,0.0,-1.0,-1.0,-1.0
337,3,20,1,32400,0,0.0,-1.0,-1.0,-1.0
337,3,20,2,32400,0,0.0,-1.0,-1.0,-1.0
337,3,21,0,32400,0,0.0,-1.0,-1.0,-1.0
337,3,21,1,32400,0,0.0,-1.0,-1.0,-1.0
337,3,21,2,32400,0,0.0,-1.0,-1.0,-1.0
337,3,22,0,32400,0,0.0,-1.0,-1.0,-1.0
337,3,22,1,32400,0,0.0,-1.0,-1.0,-1.0
337,3,22,2,32400,0,0.0,-1.0,-1.0,-1.0
337,3,23,0,32400,0,0.0,-1.0,-1.0,-1.0
337,3,23,1,32400,0,0.0,-1.0,-1.0,-1.0
337,3,23,2,32400,0,0.0,-1.0,-1.0,-1.0
337,3,24,0,32400,0,0.0,-1.0,-1.0,-1.0
337,3,24,1,32400,0,0.0,-1.0,-1.0,-1.0
337,3,24,2,32400,0,0.0,-1.0,-1.0,-1.0
337,3,25,0,32400,0,0.0,-1.0,-1.0,-1.0
337,3,25,1,32400,0,0.0,-1.0,-1.0,-1.0
337,3,25,2,32400,0,0.0,-1.0,-1.0,-1.0
337,3,26,0,32400,0,0.0,-1.0,-1.0,-1.0
337,3,26,1,32400,0,0.0,-1.0,-1.0,-1.0
337,3,26,2,32400,0,0.0,-1.0,-1.0,-1.0
337,3,27,0,32400,0,0.0,-1.0,-1.0,-1.0
337,3,27,1,32400,0,0.0,-1.0,-1.0,-1.0
337,3,27,2,32400,0,0.0,-1.0,-1.0,-1.0
337,3,28,0,32400,0,0.0,-1.0,-1.0,-1.0
337,3,28,1,32400,0,0.0,-1.0,-1.0,-1.0
337,3,28,2,32400,0,0.0,-1.0,-1.0,-1.0
337,3,29,0,32400,1,3.08641975308642e-05,1.0,-1.0,0.0
337,3,29,1,32400,0,0.0,-1.0,-1.0,-1.0
337,3,29,2,32400,0,0.0,-1.0,-1.0,-1.0
337,3,30,0,32400,0,0.0,-1.0,0.0,-1.0
337,3,30,1,32400,0,0.0,-1.0,-1.0,-1.0
337,3,30,2,32400,0,0.0,-1.0,-1.0,-1.0
337,3,31,0,32400,0,0.0,-1.0,-1.0,-1.0
337,3,31,1,32400,0,0.0,-1.0,-1.0,-1.0
337,3,31,2,32400,0,0.0,-1.0,-1.0,-1.0
337,3,32,0,32400,0,0.0,-1.0,-1.0,-1.0
337,3,32,1,32400,0,0.0,-1.0,-1.0,-1.0
337,3,32,2,32400,0,0.0,-1.0,-1.0,-1.0
337,3,33,0,32400,0,0.0,-1.0,-1.0,-1.0
337,3,33,1,32400,0,0.0,-1.0,-1.0,-1.0
337,3,33,2,32400,0,0.0,-1.0,-1.0,-1.0
337,3,34,0,32400,0,0.0,-1.0,-1.0,-1.0
337,3,34,1,32400,0,0.0,-1.0,-1.0,-1.0
337,3,34,2,32400,0,0.0,-1.0,-1.0,-1.0
337,3,35,0,32400,0,0.0,-1.0,-1.0,-1.0
337,3,35,1,32400,0,0.0,-1.0,-1.0,-1.0
337,3,35,2,32400,0,0.0,-1.0,-1.0,-1.0
338,0,1,0,32400,26,0.0008024691358024691,24.384620666503906,-1.0,0.15384615384615385
338,0,1,1,32400,10,0.00030864197530864197,10.100000381469727,-1.0,0.1
338,0,1,2,32400,8,0.0002469135802469136,11.5,-1.0,0.0
338,0,2,0,32400,13,0.00040123456790123454,11.615385055541992,0.19230769230769232,0.07692307692307693
338,0,2,1,32400,6,0.00018518518518518518,2.8333334922790527,0.3,0.16666666666666666
338,0,2,2,32400,3,9.259259259259259e-05,6.0,0.125,0.0
338,0,3,0,32400,9,0.0002777777777777778,8.888888359069824,0.23076923076923078,0.1111111111111111
338,0,3,1,32400,4,0.0001234567901234568,11.5,0.3333333333333333,0.25
338,0,3,2,32400,1,3.08641975308642e-05,4.0,0.0,0.0
338,0,4,0,32400,2,6.17283950617284e-05,8.5,0.1111111111111111,0.0
338,0,4,1,32400,1,3.08641975308642e-05,2.0,0.0,0.0
338,0,4,2,32400,1,3.08641975308642e-05,1.0,0.0,0.0
338,0,5,0,32400,5,0.00015432098765432098,5.0,1.0,0.2
338,0,5,1,32400,2,6.17283950617284e-05,6.5,0.0,0.0
338,0,5,2,32400,0,0.0,-1.0,0.0,-1.0
338,0,6,0,32400,2,6.17283950617284e-05,4.0,0.4,0.0
338,0,6,1,32400,1,3.08641975308642e-05,3.0,0.5,0.0
338,0,6,2,32400,0,0.0,-1.0,-1.0,-1.0
338,0,7,0,32400,1,3.08641975308642e-05,27.999998092651367,0.0,0.0
338,0,7,1,32400,0,0.0,-1.0,0.0,-1.0
338,0,7,2,32400,0,0.0,-1.0,-1.0,-1.0
338,0,8,0,32400,1,3.08641975308642e-05,5.999999523162842,0.0,0.0
338,0,8,1,32400,1,3.08641975308642e-05,14.000000953674316,-1.0,0.0
338,0,8,2,32400,0,0.0,-1.0,-1.0,-1.0
338,0,9,0,32400,0,0.0,-1.0,0.0,-1.0
338,0,9,1,32400,0,0.0,-1.0,0.0,-1.0
338,0,9,2,32400,0,0.0,-1.0,-1.0,-1.0
338,0,10,0,32400,1,3.08641975308642e-05,10.000000953674316,-1.0,0.0
338,0,10,1,32400,0,0.0,-1.0,-1.0,-1.0
338,0,10,2,32400,0,0.0,-1.0,-1.0,-1.0
338,0,11,0,32400,0,0.0,-1.0,0.0,-1.0
338,0,11,1,32400,0,0.0,-1.0,-1.0,-1.0
338,0,11,2,32400,0,0.0,-1.0,-1.0,-1.0
338,0,12,0,32400,1,3.08641975308642e-05,4.0,-1.0,0.0
338,0,12,1,32400,0,0.0,-1.0,-1.0,-1.0
338,0,12,2,32400,0,0.0,-1.0,-1.0,-1.0
338,0,13,0,32400,0,0.0,-1.0,0.0,-1.0
338,0,13,1,32400,0,0.0,-1.0,-1.0,-1.0
338,0,13,2,32400,0,0.0,-1.0,-1.0,-1.0
338,0,14,0,32400,0,0.0,-1.0,-1.0,-1.0
338,0,14,1,32400,0,0.0,-1.0,-1.0,-1.0
338,0,14,2,32400,0,0.0,-1.0,-1.0,-1.0
338,0,15,0,32400,0,0.0,-1.0,-1.0,-1.0
338,0,15,1,32400,0,0.0,-1.0,-1.0,-1.0
338,0,15,2,32400,0,0.0,-1.0,-1.0,-1.0
338,0,16,0,32400,0,0.0,-1.0,-1.0,-1.0
338,0,16,1,32400,0,0.0,-1.0,-1.0,-1.0
338,0,16,2,32400,0,0.0,-1.0,-1.0,-1.0
338,0,17,0,32400,0,0.0,-1.0,-1.0,-1.0
338,0,17,1,32400,0,0.0,-1.0,-1.0,-1.0
338,0,17,2,32400,0,0.0,-1.0,-1.0,-1.0
338,0,18,0,32400,0,0.0,-1.0,-1.0,-1.0
338,0,18,1,32400,0,0.0,-1.0,-1.0,-1.0
338,0,18,2,32400,0,0.0,-1.0,-1.0,-1.0
338,0,19,0,32400,0,0.0,-1.0,-1.0,-1.0
338,0,19,1,32400,0,0.0,-1.0,-1.0,-1.0
338,0,19,2,32400,0,0.0,-1.0,-1.0,-1.0
338,0,20,0,32400,0,0.0,-1.0,-1.0,-1.0
338,0,20,1,32400,0,0.0,-1.0,-1.0,-1.0
338,0,20,2,32400,0,0.0,-1.0,-1.0,-1.0
338,0,21,0,32400,0,0.0,-1.0,-1.0,-1.0
338,0,21,1,32400,0,0.0,-1.0,-1.0,-1.0
338,0,21,2,32400,0,0.0,-1.0,-1.0,-1.0
338,0,22,0,32400,0,0.0,-1.0,-1.0,-1.0
338,0,22,1,32400,0,0.0,-1.0,-1.0,-1.0
338,0,22,2,32400,0,0.0,-1.0,-1.0,-1.0
338,0,23,0,32400,0,0.0,-1.0,-1.0,-1.0
338,0,23,1,32400,0,0.0,-1.0,-1.0,-1.0
338,0,23,2,32400,0,0.0,-1.0,-1.0,-1.0
338,0,24,0,32400,1,3.08641975308642e-05,29.999998092651367,-1.0,0.0
338,0,24,1,32400,0,0.0,-1.0,-1.0,-1.0
338,0,24,2,32400,0,0.0,-1.0,-1.0,-1.0
338,0,25,0,32400,0,0.0,-1.0,0.0,-1.0
338,0,25,1,32400,0,0.0,-1.0,-1.0,-1.0
338,0,25,2,32400,0,0.0,-1.0,-1.0,-1.0
338,0,26,0,32400,0,0.0,-1.0,-1.0,-1.0
338,0,26,1,32400,0,0.0,-1.0,-1.0,-1.0
338,0,26,2,32400,0,0.0,-1.0,-1.0,-1.0
338,0,27,0,32400,0,0.0,-1.0,-1.0,-1.0
338,0,27,1,32400,0,0.0,-1.0,-1.0,-1.0
338,0,27,2,32400,0,0.0,-1.0,-1.0,-1.0
338,0,28,0,32400,0,0.0,-1.0,-1.0,-1.0
338,0,28,1,32400,0,0.0,-1.0,-1.0,-1.0
338,0,28,2,32400,0,0.0,-1.0,-1.0,-1.0
338,0,29,0,32400,0,0.0,-1.0,-1.0,-1.0
338,0,29,1,32400,0,0.0,-1.0,-1.0,-1.0
338,0,29,2,32400,0,0.0,-1.0,-1.0,-1.0
338,0,30,0,32400,0,0.0,-1.0,-1.0,-1.0
338,0,30,1,32400,0,0.0,-1.0,-1.0,-1.0
338,0,30,2,32400,0,0.0,-1.0,-1.0,-1.0
338,0,31,0,32400,0,0.0,-1.0,-1.0,-1.0
338,0,31,1,32400,0,0.0,-1.0,-1.0,-1.0
338,0,31,2,32400,0,0.0,-1.0,-1.0,-1.0
338,0,32,0,32400,0,0.0,-1.0,-1.0,-1.0
338,0,32,1,32400,0,0.0,-1.0,-1.0,-1.0
338,0,32,2,32400,0,0.0,-1.0,-1.0,-1.0
338,0,33,0,32400,0,0.0,-1.0,-1.0,-1.0
338,0,33,1,32400,0,0.0,-1.0,-1.0,-1.0
338,0,33,2,32400,0,0.0,-1.0,-1.0,-1.0
338,0,34,0,32400,0,0.0,-1.0,-1.0,-1.0
338,0,34,1,32400,0,0.0,-1.0,-1.0,-1.0
338,0,34,2,32400,0,0.0,-1.0,-1.0,-1.0
338,0,35,0,32400,0,0.0,-1.0,-1.0,-1.0
338,0,35,1,32400,0,0.0,-1.0,-1.0,-1.0
338,0,35,2,32400,0,0.0,-1.0,-1.0,-1.0
338,1,1,0,32400,23,0.0007098765432098765,15.608695983886719,-1.0,0.2608695652173913
338,1,1,1,32400,9,0.0002777777777777778,10.44444465637207,-1.0,0.1111111111111111
338,1,1,2,32400,12,0.00037037037037037035,5.75,-1.0,0.08333333333333333
338,1,2,0,32400,10,0.00030864197530864197,8.90000057220459,0.17391304347826086,0.2
338,1,2,1,32400,10,0.00030864197530864197,24.5,0.3333333333333333,0.0
338,1,2,2,32400,3,9.259259259259259e-05,36.0,0.08333333333333333,0.0
338,1,3,0,32400,9,0.0002777777777777778,10.55555534362793,0.2,0.3333333333333333
338,1,3,1,32400,5,0.00015432098765432098,11.40000057220459,0.1,0.0
338,1,3,2,32400,2,6.17283950617284e-05,120.00000762939453,0.6666666666666666,0.0
338,1,4,0,32400,3,9.259259259259259e-05,4.0,0.2222222222222222,0.0
338,1,4,1,32400,2,6.17283950617284e-05,6.5,0.0,0.0
338,1,4,2,32400,0,0.0,-1.0,0.0,-1.0
338,1,5,0,32400,5,0.00015432098765432098,6.000000476837158,0.3333333333333333,0.0
338,1,5,1,32400,2,6.17283950617284e-05,3.5,0.0,0.0
338,1,5,2,32400,2,6.17283950617284e-05,8.5,-1.0,0.0
338,1,6,0,32400,4,0.0001234567901234568,8.75,0.2,0.0
338,1,6,1,32400,3,9.259259259259259e-05,20.666669845581055,1.0,0.0
338,1,6,2,32400,0,0.0,-1.0,0.0,-1.0
338,1,7,0,32400,3,9.259259259259259e-05,2.0,0.25,0.0
338,1,7,1,32400,0,0.0,-1.0,0.0,-1.0
338,1,7,2,32400,1,3.08641975308642e-05,1.0,-1.0,0.0
338,1,8,0,32400,0,0.0,-1.0,0.0,-1.0
338,1,8,1,32400,0,0.0,-1.0,-1.0,-1.0
338,1,8,2,32400,0,0.0,-1.0,0.0,-1.0
338,1,9,0,32400,0,0.0,-1.0,-1.0,-1.0
338,1,9,1,32400,0,0.0,-1.0,-1.0,-1.0
338,1,9,2,32400,1,3.08641975308642e-05,11.999999046325684,-1.0,0.0
338,1,10,0,32400,0,0.0,-1.0,-1.0,-1.0
338,1,10,1,32400,1,3.08641975308642e-05,3.0,-1.0,0.0
338,1,10,2,32400,0,0.0,-1.0,0.0,-1.0
338,1,11,0,32400,1,3.08641975308642e-05,10.000000953674316,-1.0,0.0
338,1,11,1,32400,2,6.17283950617284e-05,14.499999046325684,1.0,0.0
338,1,11,2,32400,0,0.0,-1.0,-1.0,-1.0
338,1,12,0,32400,1,3.08641975308642e-05,1.0,0.0,0.0
338,1,12,1,32400,0,0.0,-1.0,0.0,-1.0
338,1,12,2,32400,1,3.08641975308642e-05,1.0,-1.0,0.0
338,1,13,0,32400,0,0.0,-1.0,0.0,-1.0
338,1,13,1,32400,0,0.0,-1.0,-1.0,-1.0
338,1,13,2,32400,0,0.0,-1.0,0.0,-1.0
338,1,14,0,32400,0,0.0,-1.0,-1.0,-1.0
338,1,14,1,32400,0,0.0,-1.0,-1.0,-1.0
338,1,14,2,32400,0,0.0,-1.0,-1.0,-1.0
338,1,15,0,32400,0,0.0,-1.0,-1.0,-1.0
338,1,15,1,32400,0,0.0,-1.0,-1.0,-1.0
338,1,15,2,32400,0,0.0,-1.0,-1.0,-1.0
338,1,16,0,32400,0,0.0,-1.0,-1.0,-1.0
338,1,16,1,32400,1,3.08641975308642e-05,4.0,-1.0,0.0
338,1,16,2,32400,0,0.0,-1.0,-1.0,-1.0
338,1,17,0,32400,0,0.0,-1.0,-1.0,-1.0
338,1,17,1,32400,0,0.0,-1.0,0.0,-1.0
338,1,17,2,32400,0,0.0,-1.0,-1.0,-1.0
338,1,18,0,32400,0,0.0,-1.0,-1.0,-1.0
338,1,18,1,32400,1,3.08641975308642e-05,2.0,-1.0,0.0
338,1,18,2,32400,0,0.0,-1.0,-1.0,-1.0
338,1,19,0,32400,0,0.0,-1.0,-1.0,-1.0
338,1,19,1,32400,1,3.08641975308642e-05,3.0,0.0,0.0
338,1,19,2,32400,0,0.0,-1.0,-1.0,-1.0
338,1,20,0,32400,0,0.0,-1.0,-1.0,-1.0
338,1,20,1,32400,0,0.0,-1.0,0.0,-1.0
338,1,20,2,32400,0,0.0,-1.0,-1.0,-1.0
338,1,21,0,32400,0,0.0,-1.0,-1.0,-1.0
338,1,21,1,32400,0,0.0,-1.0,-1.0,-1.0
338,1,21,2,32400,0,0.0,-1.0,-1.0,-1.0
338,1,22,0,32400,0,0.0,-1.0,-1.0,-1.0
338,1,22,1,32400,0,0.0,-1.0,-1.0,-1.0
338,1,22,2,32400,0,0.0,-1.0,-1.0,-1.0
338,1,23,0,32400,0,0.0,-1.0,-1.0,-1.0
338,1,23,1,32400,0,0.0,-1.0,-1.0,-1.0
338,1,23,2,32400,0,0.0,-1.0,-1.0,-1.0
338,1,24,0,32400,0,0.0,-1.0,-1.0,-1.0
338,1,24,1,32400,0,0.0,-1.0,-1.0,-1.0
338,1,24,2,32400,0,0.0,-1.0,-1.0,-1.0
338,1,25,0,32400,0,0.0,-1.0,-1.0,-1.0
338,1,25,1,32400,0,0.0,-1.0,-1.0,-1.0
338,1,25,2,32400,0,0.0,-1.0,-1.0,-1.0
338,1,26,0,32400,0,0.0,-1.0,-1.0,-1.0
338,1,26,1,32400,0,0.0,-1.0,-1.0,-1.0
338,1,26,2,32400,0,0.0,-1.0,-1.0,-1.0
338,1,27,0,32400,0,0.0,-1.0,-1.0,-1.0
338,1,27,1,32400,0,0.0,-1.0,-1.0,-1.0
338,1,27,2,32400,0,0.0,-1.0,-1.0,-1.0
338,1,28,0,32400,0,0.0,-1.0,-1.0,-1.0
338,1,28,1,32400,0,0.0,-1.0,-1.0,-1.0
338,1,28,2,32400,0,0.0,-1.0,-1.0,-1.0
338,1,29,0,32400,0,0.0,-1.0,-1.0,-1.0
338,1,29,1,32400,0,0.0,-1.0,-1.0,-1.0
338,1,29,2,32400,0,0.0,-1.0,-1.0,-1.0
338,1,30,0,32400,0,0.0,-1.0,-1.0,-1.0
338,1,30,1,32400,0,0.0,-1.0,-1.0,-1.0
338,1,30,2,32400,0,0.0,-1.0,-1.0,-1.0
338,1,31,0,32400,0,0.0,-1.0,-1.0,-1.0
338,1,31,1,32400,0,0.0,-1.0,-1.0,-1.0
338,1,31,2,32400,0,0.0,-1.0,-1.0,-1.0
338,1,32,0,32400,1,3.08641975308642e-05,32.000003814697266,-1.0,0.0
338,1,32,1,32400,0,0.0,-1.0,-1.0,-1.0
338,1,32,2,32400,0,0.0,-1.0,-1.0,-1.0
338,1,33,0,32400,0,0.0,-1.0,0.0,-1.0
338,1,33,1,32400,0,0.0,-1.0,-1.0,-1.0
338,1,33,2,32400,0,0.0,-1.0,-1.0,-1.0
338,1,34,0,32400,0,0.0,-1.0,-1.0,-1.0
338,1,34,1,32400,0,0.0,-1.0,-1.0,-1.0
338,1,34,2,32400,0,0.0,-1.0,-1.0,-1.0
338,1,35,0,32400,0,0.0,-1.0,-1.0,-1.0
338,1,35,1,32400,0,0.0,-1.0,-1.0,-1.0
338,1,35,2,32400,0,0.0,-1.0,-1.0,-1.0
338,2,1,0,32400,20,0.0006172839506172839,11.800000190734863,-1.0,0.05
338,2,1,1,32400,11,0.00033950617283950616,11.818181991577148,-1.0,0.09090909090909091
338,2,1,2,32400,12,0.00037037037037037035,13.666666984558105,-1.0,0.0
338,2,2,0,32400,8,0.0002469135802469136,7.624999523162842,0.1,0.625
338,2,2,1,32400,7,0.0002160493827160494,17.0,0.2727272727272727,0.0
338,2,2,2,32400,3,9.259259259259259e-05,10.333333969116211,0.16666666666666666,0.0
338,2,3,0,32400,5,0.00015432098765432098,3.0,0.375,0.2
338,2,3,1,32400,3,9.259259259259259e-05,1.3333333730697632,0.0,0.0
338,2,3,2,32400,1,3.08641975308642e-05,26.000001907348633,0.0,0.0
338,2,4,0,32400,6,0.00018518518518518518,17.333332061767578,0.2,0.16666666666666666
338,2,4,1,32400,2,6.17283950617284e-05,26.0,0.3333333333333333,0.0
338,2,4,2,32400,1,3.08641975308642e-05,1.0,0.0,0.0
338,2,5,0,32400,7,0.0002160493827160494,11.285715103149414,0.16666666666666666,0.14285714285714285
338,2,5,1,32400,2,6.17283950617284e-05,1.0,0.0,0.0
338,2,5,2,32400,0,0.0,-1.0,0.0,-1.0
338,2,6,0,32400,0,0.0,-1.0,0.0,-1.0
338,2,6,1,32400,3,9.259259259259259e-05,15.666666030883789,0.0,0.0
338,2,6,2,32400,1,3.08641975308642e-05,11.0,-1.0,0.0
338,2,7,0,32400,3,9.259259259259259e-05,3.0,-1.0,0.0
338,2,7,1,32400,2,6.17283950617284e-05,3.999999761581421,0.3333333333333333,0.0
338,2,7,2,32400,1,3.08641975308642e-05,1.0,1.0,0.0
338,2,8,0,32400,2,6.17283950617284e-05,27.0,0.3333333333333333,0.0
338,2,8,1,32400,1,3.08641975308642e-05,3.0,0.0,0.0
338,2,8,2,32400,0,0.0,-1.0,0.0,-1.0
338,2,9,0,32400,0,0.0,-1.0,0.0,-1.0
338,2,9,1,32400,0,0.0,-1.0,0.0,-1.0
338,2,9,2,32400,1,3.08641975308642e-05,2.0,-1.0,0.0
338,2,10,0,32400,1,3.08641975308642e-05,32.000003814697266,-1.0,0.0
338,2,10,1,32400,0,0.0,-1.0,-1.0,-1.0
338,2,10,2,32400,0,0.0,-1.0,0.0,-1.0
338,2,11,0,32400,1,3.08641975308642e-05,5.999999523162842,1.0,0.0
338,2,11,1,32400,1,3.08641975308642e-05,17.0,-1.0,0.0
338,2,11,2,32400,0,0.0,-1.0,-1.0,-1.0
338,2,12,0,32400,2,6.17283950617284e-05,1.5,1.0,0.0
338,2,12,1,32400,1,3.08641975308642e-05,2.0,0.0,0.0
338,2,12,2,32400,0,0.0,-1.0,-1.0,-1.0
338,2,13,0,32400,1,3.08641975308642e-05,21.000001907348633,0.0,0.0
338,2,13,1,32400,0,0.0,-1.0,0.0,-1.0
338,2,13,2,32400,0,0.0,-1.0,-1.0,-1.0
338,2,14,0,32400,0,0.0,-1.0,0.0,-1.0
338,2,14,1,32400,0,0.0,-1.0,-1.0,-1.0
338,2,14,2,32400,0,0.0,-1.0,-1.0,-1.0
338,2,15,0,32400,0,0.0,-1.0,-1.0,-1.0
338,2,15,1,32400,0,0.0,-1.0,-1.0,-1.0
338,2,15,2,32400,0,0.0,-1.0,-1.0,-1.0
338,2,16,0,32400,0,0.0,-1.0,-1.0,-1.0
338,2,16,1,32400,0,0.0,-1.0,-1.0,-1.0
338,2,16,2,32400,0,0.0,-1.0,-1.0,-1.0
338,2,17,0,32400,0,0.0,-1.0,-1.0,-1.0
338,2,17,1,32400,0,0.0,-1.0,-1.0,-1.0
338,2,17,2,32400,0,0.0,-1.0,-1.0,-1.0
338,2,18,0,32400,0,0.0,-1.0,-1.0,-1.0
338,2,18,1,32400,0,0.0,-1.0,-1.0,-1.0
338,2,18,2,32400,0,0.0,-1.0,-1.0,-1.0
338,2,19,0,32400,0,0.0,-1.0,-1.0,-1.0
338,2,19,1,32400,0,0.0,-1.0,-1.0,-1.0
338,2,19,2,32400,0,0.0,-1.0,-1.0,-1.0
338,2,20,0,32400,0,0.0,-1.0,-1.0,-1.0
338,2,20,1,32400,0,0.0,-1.0,-1.0,-1.0
338,2,20,2,32400,0,0.0,-1.0,-1.0,-1.0
338,2,21,0,32400,0,0.0,-1.0,-1.0,-1.0
338,2,21,1,32400,0,0.0,-1.0,-1.0,-1.0
338,2,21,2,32400,0,0.0,-1.0,-1.0,-1.0
338,2,22,0,32400,0,0.0,-1.0,-1.0,-1.0
338,2,22,1,32400,0,0.0,-1.0,-1.0,-1.0
338,2,22,2,32400,0,0.0,-1.0,-1.0,-1.0
338,2,23,0,32400,0,0.0,-1.0,-1.0,-1.0
338,2,23,1,32400,0,0.0,-1.0,-1.0,-1.0
338,2,23,2,32400,0,0.0,-1.0,-1.0,-1.0
338,2,24,0,32400,0,0.0,-1.0,-1.0,-1.0
338,2,24,1,32400,0,0.0,-1.0,-1.0,-1.0
338,2,24,2,32400,0,0.0,-1.0,-1.0,-1.0
338,2,25,0,32400,0,0.0,-1.0,-1.0,-1.0
338,2,25,1,32400,0,0.0,-1.0,-1.0,-1.0
338,2,25,2,32400,0,0.0,-1.0,-1.0,-1.0
338,2,26,0,32400,0,0.0,-1.0,-1.0,-1.0
338,2,26,1,32400,0,0.0,-1.0,-1.0,-1.0
338,2,26,2,32400,0,0.0,-1.0,-1.0,-1.0
338,2,27,0,32400,0,0.0,-1.0,-1.0,-1.0
338,2,27,1,32400,0,0.0,-1.0,-1.0,-1.0
338,2,27,2,32400,0,0.0,-1.0,-1.0,-1.0
338,2,28,0,32400,0,0.0,-1.0,-1.0,-1.0
338,2,28,1,32400,0,0.0,-1.0,-1.0,-1.0
338,2,28,2,32400,0,0.0,-1.0,-1.0,-1.0
338,2,29,0,32400,0,0.0,-1.0,-1.0,-1.0
338,2,29,1,32400,0,0.0,-1.0,-1.0,-1.0
338,2,29,2,32400,0,0.0,-1.0,-1.0,-1.0
338,2,30,0,32400,0,0.0,-1.0,-1.0,-1.0
338,2,30,1,32400,0,0.0,-1.0,-1.0,-1.0
338,2,30,2,32400,0,0.0,-1.0,-1.0,-1.0
338,2,31,0,32400,0,0.0,-1.0,-1.0,-1.0
338,2,31,1,32400,0,0.0,-1.0,-1.0,-1.0
338,2,31,2,32400,0,0.0,-1.0,-1.0,-1.0
338,2,32,0,32400,0,0.0,-1.0,-1.0,-1.0
338,2,32,1,32400,0,0.0,-1.0,-1.0,-1.0
338,2,32,2,32400,0,0.0,-1.0,-1.0,-1.0
338,2,33,0,32400,0,0.0,-1.0,-1.0,-1.0
338,2,33,1,32400,0,0.0,-1.0,-1.0,-1.0
338,2,33,2,32400,0,0.0,-1.0,-1.0,-1.0
338,2,34,0,32400,0,0.0,-1.0,-1.0,-1.0
338,2,34,1,32400,0,0.0,-1.0,-1.0,-1.0
338,2,34,2,32400,0,0.0,-1.0,-1.0,-1.0
338,2,35,0,32400,0,0.0,-1.0,-1.0,-1.0
338,2,35,1,32400,0,0.0,-1.0,-1.0,-1.0
338,2,35,2,32400,0,0.0,-1.0,-1.0,-1.0
338,3,1,0,32400,25,0.0007716049382716049,11.59999942779541,-1.0,0.12
338,3,1,1,32400,6,0.00018518518518518518,10.833333969116211,-1.0,0.0
338,3,1,2,32400,1,3.08641975308642e-05,21.000001907348633,-1.0,0.0
338,3,2,0,32400,17,0.0005246913580246914,9.882352828979492,0.32,0.35294117647058826
338,3,2,1,32400,6,0.00018518518518518518,4.333333492279053,0.3333333333333333,0.0
338,3,2,2,32400,2,6.17283950617284e-05,3.5,0.0,0.0
338,3,3,0,32400,6,0.00018518518518518518,5.5,0.17647058823529413,0.0
338,3,3,1,32400,5,0.00015432098765432098,18.40000343322754,0.16666666666666666,0.0
338,3,3,2,32400,1,3.08641975308642e-05,2.0,0.0,0.0
338,3,4,0,32400,3,9.259259259259259e-05,8.0,0.0,0.0
338,3,4,1,32400,5,0.00015432098765432098,5.400000095367432,0.4,0.2
338,3,4,2,32400,0,0.0,-1.0,0.0,-1.0
338,3,5,0,32400,5,0.00015432098765432098,9.0,0.0,0.2
338,3,5,1,32400,4,0.0001234567901234568,7.500000476837158,0.4,0.0
338,3,5,2,32400,0,0.0,-1.0,-1.0,-1.0
338,3,6,0,32400,3,9.259259259259259e-05,43.66666793823242,0.0,0.0
338,3,6,1,32400,7,0.0002160493827160494,9.85714340209961,0.5,0.0
338,3,6,2,32400,0,0.0,-1.0,-1.0,-1.0
338,3,7,0,32400,1,3.08641975308642e-05,1.0,0.0,0.0
338,3,7,1,32400,3,9.259259259259259e-05,6.0,0.42857142857142855,0.0
338,3,7,2,32400,0,0.0,-1.0,-1.0,-1.0
338,3,8,0,32400,0,0.0,-1.0,0.0,-1.0
338,3,8,1,32400,2,6.17283950617284e-05,3.0,0.3333333333333333,0.0
338,3,8,2,32400,0,0.0,-1.0,-1.0,-1.0
338,3,9,0,32400,1,3.08641975308642e-05,574.0000610351562,-1.0,0.0
338,3,9,1,32400,0,0.0,-1.0,0.0,-1.0
338,3,9,2,32400,0,0.0,-1.0,-1.0,-1.0
338,3,10,0,32400,0,0.0,-1.0,0.0,-1.0
338,3,10,1,32400,0,0.0,-1.0,-1.0,-1.0
338,3,10,2,32400,0,0.0,-1.0,-1.0,-1.0
338,3,11,0,32400,1,3.08641975308642e-05,8.0,-1.0,0.0
338,3,11,1,32400,0,0.0,-1.0,-1.0,-1.0
338,3,11,2,32400,0,0.0,-1.0,-1.0,-1.0
338,3,12,0,32400,0,0.0,-1.0,0.0,-1.0
338,3,12,1,32400,1,3.08641975308642e-05,5.0,-1.0,0.0
338,3,12,2,32400,0,0.0,-1.0,-1.0,-1.0
338,3,13,0,32400,0,0.0,-1.0,-1.0,-1.0
338,3,13,1,32400,0,0.0,-1.0,0.0,-1.0
338,3,13,2,32400,0,0.0,-1.0,-1.0,-1.0
338,3,14,0,32400,0,0.0,-1.0,-1.0,-1.0
338,3,14,1,32400,0,0.0,-1.0,-1.0,-1.0
338,3,14,2,32400,0,0.0,-1.0,-1.0,-1.0
338,3,15,0,32400,0,0.0,-1.0,-1.0,-1.0
338,3,15,1,32400,0,0.0,-1.0,-1.0,-1.0
338,3,15,2,32400,0,0.0,-1.0,-1.0,-1.0
338,3,16,0,32400,0,0.0,-1.0,-1.0,-1.0
338,3,16,1,32400,0,0.0,-1.0,-1.0,-1.0
338,3,16,2,32400,0,0.0,-1.0,-1.0,-1.0
338,3,17,0,32400,0,0.0,-1.0,-1.0,-1.0
338,3,17,1,32400,0,0.0,-1.0,-1.0,-1.0
338,3,17,2,32400,0,0.0,-1.0,-1.0,-1.0
338,3,18,0,32400,0,0.0,-1.0,-1.0,-1.0
338,3,18,1,32400,0,0.0,-1.0,-1.0,-1.0
338,3,18,2,32400,0,0.0,-1.0,-1.0,-1.0
338,3,19,0,32400,0,0.0,-1.0,-1.0,-1.0
338,3,19,1,32400,0,0.0,-1.0,-1.0,-1.0
338,3,19,2,32400,0,0.0,-1.0,-1.0,-1.0
338,3,20,0,32400,0,0.0,-1.0,-1.0,-1.0
338,3,20,1,32400,0,0.0,-1.0,-1.0,-1.0
338,3,20,2,32400,0,0.0,-1.0,-1.0,-1.0
338,3,21,0,32400,0,0.0,-1.0,-1.0,-1.0
338,3,21,1,32400,0,0.0,-1.0,-1.0,-1.0
338,3,21,2,32400,0,0.0,-1.0,-1.0,-1.0
338,3,22,0,32400,0,0.0,-1.0,-1.0,-1.0
338,3,22,1,32400,0,0.0,-1.0,-1.0,-1.0
338,3,22,2,32400,0,0.0,-1.0,-1.0,-1.0
338,3,23,0,32400,0,0.0,-1.0,-1.0,-1.0
338,3,23,1,32400,0,0.0,-1.0,-1.0,-1.0
338,3,23,2,32400,0,0.0,-1.0,-1.0,-1.0
338,3,24,0,32400,0,0.0,-1.0,-1.0,-1.0
338,3,24,1,32400,0,0.0,-1.0,-1.0,-1.0
338,3,24,2,32400,0,0.0,-1.0,-1.0,-1.0
338,3,25,0,32400,0,0.0,-1.0,-1.0,-1.0
338,3,25,1,32400,0,0.0,-1.0,-1.0,-1.0
338,3,25,2,32400,0,0.0,-1.0,-1.0,-1.0
338,3,26,0,32400,0,0.0,-1.0,-1.0,-1.0
338,3,26,1,32400,0,0.0,-1.0,-1.0,-1.0
338,3,26,2,32400,0,0.0,-1.0,-1.0,-1.0
338,3,27,0,32400,0,0.0,-1.0,-1.0,-1.0
338,3,27,1,32400,0,0.0,-1.0,-1.0,-1.0
338,3,27,2,32400,0,0.0,-1.0,-1.0,-1.0
338,3,28,0,32400,0,0.0,-1.0,-1.0,-1.0
338,3,28,1,32400,0,0.0,-1.0,-1.0,-1.0
338,3,28,2,32400,0,0.0,-1.0,-1.0,-1.0
338,3,29,0,32400,0,0.0,-1.0,-1.0,-1.0
338,3,29,1,32400,1,3.08641975308642e-05,15.0,-1.0,0.0
338,3,29,2,32400,0,0.0,-1.0,-1.0,-1.0
338,3,30,0,32400,0,0.0,-1.0,-1.0,-1.0
338,3,30,1,32400,0,0.0,-1.0,0.0,-1.0
338,3,30,2,32400,0,0.0,-1.0,-1.0,-1.0
338,3,31,0,32400,0,0.0,-1.0,-1.0,-1.0
338,3,31,1,32400,0,0.0,-1.0,-1.0,-1.0
338,3,31,2,32400,0,0.0,-1.0,-1.0,-1.0
338,3,32,0,32400,0,0.0,-1.0,-1.0,-1.0
338,3,32,1,32400,0,0.0,-1.0,-1.0,-1.0
338,3,32,2,32400,0,0.0,-1.0,-1.0,-1.0
338,3,33,0,32400,0,0.0,-1.0,-1.0,-1.0
338,3,33,1,32400,0,0.0,-1.0,-1.0,-1.0
338,3,33,2,32400,0,0.0,-1.0,-1.0,-1.0
338,3,34,0,32400,0,0.0,-1.0,-1.0,-1.0
338,3,34,1,32400,0,0.0,-1.0,-1.0,-1.0
338,3,34,2,32400,0,0.0,-1.0,-1.0,-1.0
338,3,35,0,32400,0,0.0,-1.0,-1.0,-1.0
338,3,35,1,32400,0,0.0,-1.0,-1.0,-1.0
338,3,35,2,32400,0,0.0,-1.0,-1.0,-1.0
339,0,1,0,32400,27,0.0008333333333333334,10.629630088806152,-1.0,0.2222222222222222
339,0,1,1,32400,10,0.00030864197530864197,19.500001907348633,-1.0,0.2
339,0,1,2,32400,3,9.259259259259259e-05,13.0,-1.0,0.0
339,0,2,0,32400,14,0.0004320987654320988,9.785715103149414,0.25925925925925924,0.07142857142857142
339,0,2,1,32400,5,0.00015432098765432098,16.0,0.3,0.2
339,0,2,2,32400,0,0.0,-1.0,0.0,-1.0
339,0,3,0,32400,6,0.00018518518518518518,50.833335876464844,0.14285714285714285,0.0
339,0,3,1,32400,3,9.259259259259259e-05,8.666666984558105,0.2,0.0
339,0,3,2,32400,1,3.08641975308642e-05,1.0,-1.0,0.0
339,0,4,0,32400,6,0.00018518518518518518,49.16666793823242,0.0,0.0
339,0,4,1,32400,4,0.0001234567901234568,14.500000953674316,0.3333333333333333,0.25
339,0,4,2,32400,0,0.0,-1.0,0.0,-1.0
339,0,5,0,32400,2,6.17283950617284e-05,19.5,0.16666666666666666,0.0
339,0,5,1,32400,3,9.259259259259259e-05,6.333333492279053,0.0,0.0
339,0,5,2,32400,0,0.0,-1.0,-1.0,-1.0
339,0,6,0,32400,0,0.0,-1.0,0.0,-1.0
339,0,6,1,32400,1,3.08641975308642e-05,3.0,0.0,0.0
339,0,6,2,32400,0,0.0,-1.0,-1.0,-1.0
339,0,7,0,32400,0,0.0,-1.0,-1.0,-1.0
339,0,7,1,32400,0,0.0,-1.0,0.0,-1.0
339,0,7,2,32400,0,0.0,-1.0,-1.0,-1.0
339,0,8,0,32400,0,0.0,-1.0,-1.0,-1.0
339,0,8,1,32400,1,3.08641975308642e-05,1.0,-1.0,0.0
339,0,8,2,32400,0,0.0,-1.0,-1.0,-1.0
339,0,9,0,32400,1,3.08641975308642e-05,10.000000953674316,-1.0,0.0
339,0,9,1,32400,1,3.08641975308642e-05,2.0,0.0,0.0
339,0,9,2,32400,0,0.0,-1.0,-1.0,-1.0
339,0,10,0,32400,0,0.0,-1.0,0.0,-1.0
339,0,10,1,32400,0,0.0,-1.0,0.0,-1.0
339,0,10,2,32400,0,0.0,-1.0,-1.0,-1.0
339,0,11,0,32400,1,3.08641975308642e-05,4.0,-1.0,0.0
339,0,11,1,32400,0,0.0,-1.0,-1.0,-1.0
339,0,11,2,32400,0,0.0,-1.0,-1.0,-1.0
339,0,12,0,32400,0,0.0,-1.0,0.0,-1.0
339,0,12,1,32400,0,0.0,-1.0,-1.0,-1.0
339,0,12,2,32400,1,3.08641975308642e-05,1.0,-1.0,0.0
339,0,13,0,32400,0,0.0,-1.0,-1.0,-1.0
339,0,13,1,32400,0,0.0,-1.0,-1.0,-1.0
339,0,13,2,32400,0,0.0,-1.0,0.0,-1.0
339,0,14,0,32400,0,0.0,-1.0,-1.0,-1.0
339,0,14,1,32400,1,3.08641975308642e-05,9.0,-1.0,0.0
339,0,14,2,32400,0,0.0,-1.0,-1.0,-1.0
339,0,15,0,32400,0,0.0,-1.0,-1.0,-1.0
339,0,15,1,32400,0,0.0,-1.0,0.0,-1.0
339,0,15,2,32400,0,0.0,-1.0,-1.0,-1.0
339,0,16,0,32400,1,3.08641975308642e-05,5.999999523162842,-1.0,0.0
339,0,16,1,32400,0,0.0,-1.0,-1.0,-1.0
339,0,16,2,32400,0,0.0,-1.0,-1.0,-1.0
339,0,17,0,32400,0,0.0,-1.0,0.0,-1.0
339,0,17,1,32400,0,0.0,-1.0,-1.0,-1.0
339,0,17,2,32400,0,0.0,-1.0,-1.0,-1.0
339,0,18,0,32400,0,0.0,-1.0,-1.0,-1.0
339,0,18,1,32400,0,0.0,-1.0,-1.0,-1.0
339,0,18,2,32400,0,0.0,-1.0,-1.0,-1.0
339,0,19,0,32400,0,0.0,-1.0,-1.0,-1.0
339,0,19,1,32400,1,3.08641975308642e-05,9.0,-1.0,0.0
339,0,19,2,32400,0,0.0,-1.0,-1.0,-1.0
339,0,20,0,32400,0,0.0,-1.0,-1.0,-1.0
339,0,20,1,32400,0,0.0,-1.0,0.0,-1.0
339,0,20,2,32400,0,0.0,-1.0,-1.0,-1.0
339,0,21,0,32400,0,0.0,-1.0,-1.0,-1.0
339,0,21,1,32400,0,0.0,-1.0,-1.0,-1.0
339,0,21,2,32400,0,0.0,-1.0,-1.0,-1.0
339,0,22,0,32400,0,0.0,-1.0,-1.0,-1.0
339,0,22,1,32400,0,0.0,-1.0,-1.0,-1.0
339,0,22,2,32400,0,0.0,-1.0,-1.0,-1.0
339,0,23,0,32400,0,0.0,-1.0,-1.0,-1.0
339,0,23,1,32400,0,0.0,-1.0,-1.0,-1.0
339,0,23,2,32400,0,0.0,-1.0,-1.0,-1.0
339,0,24,0,32400,0,0.0,-1.0,-1.0,-1.0
339,0,24,1,32400,0,0.0,-1.0,-1.0,-1.0
339,0,24,2,32400,0,0.0,-1.0,-1.0,-1.0
339,0,25,0,32400,0,0.0,-1.0,-1.0,-1.0
339,0,25,1,32400,0,0.0,-1.0,-1.0,-1.0
339,0,25,2,32400,0,0.0,-1.0,-1.0,-1.0
339,0,26,0,32400,0,0.0,-1.0,-1.0,-1.0
339,0,26,1,32400,0,0.0,-1.0,-1.0,-1.0
339,0,26,2,32400,0,0.0,-1.0,-1.0,-1.0
339,0,27,0,32400,0,0.0,-1.0,-1.0,-1.0
339,0,27,1,32400,0,0.0,-1.0,-1.0,-1.0
339,0,27,2,32400,0,0.0,-1.0,-1.0,-1.0
339,0,28,0,32400,0,0.0,-1.0,-1.0,-1.0
339,0,28,1,32400,0,0.0,-1.0,-1.0,-1.0
339,0,28,2,32400,0,0.0,-1.0,-1.0,-1.0
339,0,29,0,32400,0,0.0,-1.0,-1.0,-1.0
339,0,29,1,32400,0,0.0,-1.0,-1.0,-1.0
339,0,29,2,32400,0,0.0,-1.0,-1.0,-1.0
339,0,30,0,32400,0,0.0,-1.0,-1.0,-1.0
339,0,30,1,32400,0,0.0,-1.0,-1.0,-1.0
339,0,30,2,32400,0,0.0,-1.0,-1.0,-1.0
339,0,31,0,32400,0,0.0,-1.0,-1.0,-1.0
339,0,31,1,32400,0,0.0,-1.0,-1.0,-1.0
339,0,31,2,32400,0,0.0,-1.0,-1.0,-1.0
339,0,32,0,32400,0,0.0,-1.0,-1.0,-1.0
339,0,32,1,32400,0,0.0,-1.0,-1.0,-1.0
339,0,32,2,32400,0,0.0,-1.0,-1.0,-1.0
339,0,33,0,32400,0,0.0,-1.0,-1.0,-1.0
339,0,33,1,32400,0,0.0,-1.0,-1.0,-1.0
339,0,33,2,32400,0,0.0,-1.0,-1.0,-1.0
339,0,34,0,32400,0,0.0,-1.0,-1.0,-1.0
339,0,34,1,32400,0,0.0,-1.0,-1.0,-1.0
339,0,34,2,32400,0,0.0,-1.0,-1.0,-1.0
339,0,35,0,32400,0,0.0,-1.0,-1.0,-1.0
339,0,35,1,32400,0,0.0,-1.0,-1.0,-1.0
339,0,35,2,32400,0,0.0,-1.0,-1.0,-1.0
339,1,1,0,32400,23,0.0007098765432098765,11.260868072509766,-1.0,0.17391304347826086
339,1,1,1,32400,9,0.0002777777777777778,7.666666507720947,-1.0,0.0
339,1,1,2,32400,9,0.0002777777777777778,21.22222328186035,-1.0,0.3333333333333333
339,1,2,0,32400,15,0.000462962962962963,13.866668701171875,0.21739130434782608,0.4
339,1,2,1,32400,10,0.00030864197530864197,3.799999952316284,0.4444444444444444,0.1
339,1,2,2,32400,6,0.00018518518518518518,36.000003814697266,0.2222222222222222,0.0
339,1,3,0,32400,8,0.0002469135802469136,21.875003814697266,0.13333333333333333,0.125
339,1,3,1,32400,4,0.0001234567901234568,14.500000953674316,0.2,0.0
339,1,3,2,32400,3,9.259259259259259e-05,8.000000953674316,0.3333333333333333,0.0
339,1,4,0,32400,7,0.0002160493827160494,10.428572654724121,0.25,0.0
339,1,4,1,32400,4,0.0001234567901234568,9.5,0.0,0.0
339,1,4,2,32400,3,9.259259259259259e-05,2.0,0.3333333333333333,0.0
339,1,5,0,32400,3,9.259259259259259e-05,11.333333969116211,0.14285714285714285,0.3333333333333333
339,1,5,1,32400,2,6.17283950617284e-05,3.0,0.0,0.0
339,1,5,2,32400,2,6.17283950617284e-05,123.5000228881836,0.3333333333333333,0.0
339,1,6,0,32400,2,6.17283950617284e-05,16.5,0.0,0.0
339,1,6,1,32400,2,6.17283950617284e-05,31.500001907348633,0.5,0.0
339,1,6,2,32400,1,3.08641975308642e-05,10.000000953674316,0.5,0.0
339,1,7,0,32400,3,9.259259259259259e-05,15.333333969116211,0.0,0.0
339,1,7,1,32400,0,0.0,-1.0,0.0,-1.0
339,1,7,2,32400,2,6.17283950617284e-05,6.0,0.0,0.0
339,1,8,0,32400,1,3.08641975308642e-05,1.0,0.0,0.0
339,1,8,1,32400,0,0.0,-1.0,-1.0,-1.0
339,1,8,2,32400,1,3.08641975308642e-05,1.0,0.0,0.0
339,1,9,0,32400,1,3.08641975308642e-05,15.0,0.0,0.0
339,1,9,1,32400,0,0.0,-1.0,-1.0,-1.0
339,1,9,2,32400,0,0.0,-1.0,0.0,-1.0
339,1,10,0,32400,1,3.08641975308642e-05,2.0,0.0,0.0
339,1,10,1,32400,0,0.0,-1.0,-1.0,-1.0
339,1,10,2,32400,0,0.0,-1.0,-1.0,-1.0
339,1,11,0,32400,0,0.0,-1.0,0.0,-1.0
339,1,11,1,32400,0,0.0,-1.0,-1.0,-1.0
339,1,11,2,32400,0,0.0,-1.0,-1.0,-1.0
339,1,12,0,32400,1,3.08641975308642e-05,1.0,-1.0,0.0
339,1,12,1,32400,0,0.0,-1.0,-1.0,-1.0
339,1,12,2,32400,0,0.0,-1.0,-1.0,-1.0
339,1,13,0,32400,0,0.0,-1.0,0.0,-1.0
339,1,13,1,32400,0,0.0,-1.0,-1.0,-1.0
339,1,13,2,32400,0,0.0,-1.0,-1.0,-1.0
339,1,14,0,32400,0,0.0,-1.0,-1.0,-1.0
339,1,14,1,32400,0,0.0,-1.0,-1.0,-1.0
339,1,14,2,32400,0,0.0,-1.0,-1.0,-1.0
339,1,15,0,32400,0,0.0,-1.0,-1.0,-1.0
339,1,15,1,32400,0,0.0,-1.0,-1.0,-1.0
339,1,15,2,32400,0,0.0,-1.0,-1.0,-1.0
339,1,16,0,32400,0,0.0,-1.0,-1.0,-1.0
339,1,16,1,32400,0,0.0,-1.0,-1.0,-1.0
339,1,16,2,32400,0,0.0,-1.0,-1.0,-1.0
339,1,17,0,32400,0,0.0,-1.0,-1.0,-1.0
339,1,17,1,32400,0,0.0,-1.0,-1.0,-1.0
339,1,17,2,32400,0,0.0,-1.0,-1.0,-1.0
339,1,18,0,32400,0,0.0,-1.0,-1.0,-1.0
339,1,18,1,32400,0,0.0,-1.0,-1.0,-1.0
339,1,18,2,32400,0,0.0,-1.0,-1.0,-1.0
339,1,19,0,32400,0,0.0,-1.0,-1.0,-1.0
339,1,19,1,32400,0,0.0,-1.0,-1.0,-1.0
339,1,19,2,32400,0,0.0,-1.0,-1.0,-1.0
339,1,20,0,32400,0,0.0,-1.0,-1.0,-1.0
339,1,20,1,32400,0,0.0,-1.0,-1.0,-1.0
339,1,20,2,32400,0,0.0,-1.0,-1.0,-1.0
339,1,21,0,32400,0,0.0,-1.0,-1.0,-1.0
339,1,21,1,32400,0,0.0,-1.0,-1.0,-1.0
339,1,21,2,32400,0,0.0,-1.0,-1.0,-1.0
339,1,22,0,32400,0,0.0,-1.0,-1.0,-1.0
339,1,22,1,32400,0,0.0,-1.0,-1.0,-1.0
339,1,22,2,32400,0,0.0,-1.0,-1.0,-1.0
339,1,23,0,32400,0,0.0,-1.0,-1.0,-1.0
339,1,23,1,32400,0,0.0,-1.0,-1.0,-1.0
339,1,23,2,32400,0,0.0,-1.0,-1.0,-1.0
339,1,24,0,32400,0,0.0,-1.0,-1.0,-1.0
339,1,24,1,32400,0,0.0,-1.0,-1.0,-1.0
339,1,24,2,32400,0,0.0,-1.0,-1.0,-1.0
339,1,25,0,32400,0,0.0,-1.0,-1.0,-1.0
339,1,25,1,32400,0,0.0,-1.0,-1.0,-1.0
339,1,25,2,32400,0,0.0,-1.0,-1.0,-1.0
339,1,26,0,32400,0,0.0,-1.0,-1.0,-1.0
339,1,26,1,32400,0,0.0,-1.0,-1.0,-1.0
339,1,26,2,32400,0,0.0,-1.0,-1.0,-1.0
339,1,27,0,32400,0,0.0,-1.0,-1.0,-1.0
339,1,27,1,32400,0,0.0,-1.0,-1.0,-1.0
339,1,27,2,32400,0,0.0,-1.0,-1.0,-1.0
339,1,28,0,32400,1,3.08641975308642e-05,23.0,-1.0,0.0
339,1,28,1,32400,0,0.0,-1.0,-1.0,-1.0
339,1,28,2,32400,0,0.0,-1.0,-1.0,-1.0
339,1,29,0,32400,0,0.0,-1.0,0.0,-1.0
339,1,29,1,32400,0,0.0,-1.0,-1.0,-1.0
339,1,29,2,32400,0,0.0,-1.0,-1.0,-1.0
339,1,30,0,32400,0,0.0,-1.0,-1.0,-1.0
339,1,30,1,32400,0,0.0,-1.0,-1.0,-1.0
339,1,30,2,32400,0,0.0,-1.0,-1.0,-1.0
339,1,31,0,32400,0,0.0,-1.0,-1.0,-1.0
339,1,31,1,32400,0,0.0,-1.0,-1.0,-1.0
339,1,31,2,32400,0,0.0,-1.0,-1.0,-1.0
339,1,32,0,32400,0,0.0,-1.0,-1.0,-1.0
339,1,32,1,32400,0,0.0,-1.0,-1.0,-1.0
339,1,32,2,32400,0,0.0,-1.0,-1.0,-1.0
339,1,33,0,32400,0,0.0,-1.0,-1.0,-1.0
339,1,33,1,32400,0,0.0,-1.0,-1.0,-1.0
339,1,33,2,32400,0,0.0,-1.0,-1.0,-1.0
339,1,34,0,32400,0,0.0,-1.0,-1.0,-1.0
339,1,34,1,32400,0,0.0,-1.0,-1.0,-1.0
339,1,34,2,32400,0,0.0,-1.0,-1.0,-1.0
339,1,35,0,32400,0,0.0,-1.0,-1.0,-1.0
339,1,35,1,32400,0,0.0,-1.0,-1.0,-1.0
339,1,35,2,32400,0,0.0,-1.0,-1.0,-1.0
339,2,1,0,32400,26,0.0008024691358024691,4.961538791656494,-1.0,0.38461538461538464
339,2,1,1,32400,3,9.259259259259259e-05,5.3333330154418945,-1.0,0.0
339,2,1,2,32400,5,0.00015432098765432098,18.80000114440918,-1.0,0.0
339,2,2,0,32400,12,0.00037037037037037035,14.25,0.19230769230769232,0.08333333333333333
339,2,2,1,32400,8,0.0002469135802469136,15.874999046325684,0.6666666666666666,0.25
339,2,2,2,32400,3,9.259259259259259e-05,2.3333334922790527,0.2,0.0
339,2,3,0,32400,7,0.0002160493827160494,10.428571701049805,0.16666666666666666,0.14285714285714285
339,2,3,1,32400,4,0.0001234567901234568,13.0,0.125,0.0
339,2,3,2,32400,1,3.08641975308642e-05,8.0,0.0,0.0
339,2,4,0,32400,7,0.0002160493827160494,4.5714287757873535,0.5714285714285714,0.0
339,2,4,1,32400,3,9.259259259259259e-05,10.333333969116211,0.0,0.0
339,2,4,2,32400,0,0.0,-1.0,0.0,-1.0
339,2,5,0,32400,5,0.00015432098765432098,10.40000057220459,0.2857142857142857,0.0
339,2,5,1,32400,2,6.17283950617284e-05,4.0,0.0,0.0
339,2,5,2,32400,0,0.0,-1.0,-1.0,-1.0
339,2,6,0,32400,4,0.0001234567901234568,7.0,0.6,0.0
339,2,6,1,32400,1,3.08641975308642e-05,11.0,0.0,0.0
339,2,6,2,32400,0,0.0,-1.0,-1.0,-1.0
339,2,7,0,32400,3,9.259259259259259e-05,1.6666667461395264,0.25,0.0
339,2,7,1,32400,1,3.08641975308642e-05,1.0,1.0,0.0
339,2,7,2,32400,1,3.08641975308642e-05,9.0,-1.0,0.0
339,2,8,0,32400,0,0.0,-1.0,0.0,-1.0
339,2,8,1,32400,0,0.0,-1.0,0.0,-1.0
339,2,8,2,32400,0,0.0,-1.0,0.0,-1.0
339,2,9,0,32400,1,3.08641975308642e-05,1.0,-1.0,0.0
339,2,9,1,32400,0,0.0,-1.0,-1.0,-1.0
339,2,9,2,32400,0,0.0,-1.0,-1.0,-1.0
339,2,10,0,32400,2,6.17283950617284e-05,1.0,0.0,0.0
339,2,10,1,32400,0,0.0,-1.0,-1.0,-1.0
339,2,10,2,32400,0,0.0,-1.0,-1.0,-1.0
339,2,11,0,32400,0,0.0,-1.0,0.0,-1.0
339,2,11,1,32400,0,0.0,-1.0,-1.0,-1.0
339,2,11,2,32400,0,0.0,-1.0,-1.0,-1.0
339,2,12,0,32400,0,0.0,-1.0,-1.0,-1.0
339,2,12,1,32400,0,0.0,-1.0,-1.0,-1.0
339,2,12,2,32400,0,0.0,-1.0,-1.0,-1.0
339,2,13,0,32400,0,0.0,-1.0,-1.0,-1.0
339,2,13,1,32400,0,0.0,-1.0,-1.0,-1.0
339,2,13,2,32400,0,0.0,-1.0,-1.0,-1.0
339,2,14,0,32400,0,0.0,-1.0,-1.0,-1.0
339,2,14,1,32400,0,0.0,-1.0,-1.0,-1.0
339,2,14,2,32400,0,0.0,-1.0,-1.0,-1.0
339,2,15,0,32400,0,0.0,-1.0,-1.0,-1.0
339,2,15,1,32400,0,0.0,-1.0,-1.0,-1.0
339,2,15,2,32400,0,0.0,-1.0,-1.0,-1.0
339,2,16,0,32400,0,0.0,-1.0,-1.0,-1.0
339,2,16,1,32400,0,0.0,-1.0,-1.0,-1.0
339,2,16,2,32400,0,0.0,-1.0,-1.0,-1.0
339,2,17,0,32400,0,0.0,-1.0,-1.0,-1.0
339,2,17,1,32400,0,0.0,-1.0,-1.0,-1.0
339,2,17,2,32400,0,0.0,-1.0,-1.0,-1.0
339,2,18,0,32400,0,0.0,-1.0,-1.0,-1.0
339,2,18,1,32400,0,0.0,-1.0,-1.0,-1.0
339,2,18,2,32400,0,0.0,-1.0,-1.0,-1.0
339,2,19,0,32400,0,0.0,-1.0,-1.0,-1.0
339,2,19,1,32400,0,0.0,-1.0,-1.0,-1.0
339,2,19,2,32400,0,0.0,-1.0,-1.0,-1.0
339,2,20,0,32400,0,0.0,-1.0,-1.0,-1.0
339,2,20,1,32400,0,0.0,-1.0,-1.0,-1.0
339,2,20,2,32400,0,0.0,-1.0,-1.0,-1.0
339,2,21,0,32400,0,0.0,-1.0,-1.0,-1.0
339,2,21,1,32400,0,0.0,-1.0,-1.0,-1.0
339,2,21,2,32400,0,0.0,-1.0,-1.0,-1.0
339,2,22,0,32400,0,0.0,-1.0,-1.0,-1.0
339,2,22,1,32400,0,0.0,-1.0,-1.0,-1.0
339,2,22,2,32400,0,0.0,-1.0,-1.0,-1.0
339,2,23,0,32400,1,3.08641975308642e-05,3.0,-1.0,0.0
339,2,23,1,32400,0,0.0,-1.0,-1.0,-1.0
339,2,23,2,32400,0,0.0,-1.0,-1.0,-1.0
339,2,24,0,32400,1,3.08641975308642e-05,9.0,0.0,0.0
339,2,24,1,32400,0,0.0,-1.0,-1.0,-1.0
339,2,24,2,32400,0,0.0,-1.0,-1.0,-1.0
339,2,25,0,32400,0,0.0,-1.0,0.0,-1.0
339,2,25,1,32400,0,0.0,-1.0,-1.0,-1.0
339,2,25,2,32400,0,0.0,-1.0,-1.0,-1.0
339,2,26,0,32400,0,0.0,-1.0,-1.0,-1.0
339,2,26,1,32400,0,0.0,-1.0,-1.0,-1.0
339,2,26,2,32400,0,0.0,-1.0,-1.0,-1.0
339,2,27,0,32400,0,0.0,-1.0,-1.0,-1.0
339,2,27,1,32400,0,0.0,-1.0,-1.0,-1.0
339,2,27,2,32400,0,0.0,-1.0,-1.0,-1.0
339,2,28,0,32400,0,0.0,-1.0,-1.0,-1.0
339,2,28,1,32400,0,0.0,-1.0,-1.0,-1.0
339,2,28,2,32400,0,0.0,-1.0,-1.0,-1.0
339,2,29,0,32400,0,0.0,-1.0,-1.0,-1.0
339,2,29,1,32400,0,0.0,-1.0,-1.0,-1.0
339,2,29,2,32400,0,0.0,-1.0,-1.0,-1.0
339,2,30,0,32400,0,0.0,-1.0,-1.0,-1.0
339,2,30,1,32400,0,0.0,-1.0,-1.0,-1.0
339,2,30,2,32400,0,0.0,-1.0,-1.0,-1.0
339,2,31,0,32400,0,0.0,-1.0,-1.0,-1.0
339,2,31,1,32400,0,0.0,-1.0,-1.0,-1.0
339,2,31,2,32400,0,0.0,-1.0,-1.0,-1.0
339,2,32,0,32400,0,0.0,-1.0,-1.0,-1.0
339,2,32,1,32400,0,0.0,-1.0,-1.0,-1.0
339,2,32,2,32400,0,0.0,-1.0,-1.0,-1.0
339,2,33,0,32400,1,3.08641975308642e-05,3.0,-1.0,0.0
339,2,33,1,32400,0,0.0,-1.0,-1.0,-1.0
339,2,33,2,32400,0,0.0,-1.0,-1.0,-1.0
339,2,34,0,32400,0,0.0,-1.0,0.0,-1.0
339,2,34,1,32400,0,0.0,-1.0,-1.0,-1.0
339,2,34,2,32400,0,0.0,-1.0,-1.0,-1.0
339,2,35,0,32400,0,0.0,-1.0,-1.0,-1.0
339,2,35,1,32400,0,0.0,-1.0,-1.0,-1.0
339,2,35,2,32400,0,0.0,-1.0,-1.0,-1.0
339,3,1,0,32400,28,0.0008641975308641976,8.964285850524902,-1.0,0.25
339,3,1,1,32400,14,0.0004320987654320988,21.571430206298828,-1.0,0.42857142857142855
339,3,1,2,32400,6,0.00018518518518518518,3.1666667461395264,-1.0,0.0
339,3,2,0,32400,14,0.0004320987654320988,12.285715103149414,0.25,0.0
339,3,2,1,32400,5,0.00015432098765432098,14.599998474121094,0.21428571428571427,0.0
339,3,2,2,32400,6,0.00018518518518518518,17.16666603088379,0.0,0.0
339,3,3,0,32400,7,0.0002160493827160494,15.142857551574707,0.21428571428571427,0.0
339,3,3,1,32400,4,0.0001234567901234568,42.25,0.2,0.25
339,3,3,2,32400,3,9.259259259259259e-05,6.0,0.16666666666666666,0.0
339,3,4,0,32400,6,0.00018518518518518518,8.666667938232422,0.2857142857142857,0.16666666666666666
339,3,4,1,32400,0,0.0,-1.0,0.0,-1.0
339,3,4,2,32400,1,3.08641975308642e-05,2.0,0.0,0.0
339,3,5,0,32400,3,9.259259259259259e-05,18.0,0.0,0.0
339,3,5,1,32400,2,6.17283950617284e-05,9.5,-1.0,0.0
339,3,5,2,32400,2,6.17283950617284e-05,5.5,0.0,0.0
339,3,6,0,32400,2,6.17283950617284e-05,18.499998092651367,0.0,0.0
339,3,6,1,32400,1,3.08641975308642e-05,16.0,0.5,0.0
339,3,6,2,32400,1,3.08641975308642e-05,11.0,0.0,0.0
339,3,7,0,32400,1,3.08641975308642e-05,105.99998474121094,0.0,0.0
339,3,7,1,32400,3,9.259259259259259e-05,6.333333492279053,1.0,0.3333333333333333
339,3,7,2,32400,1,3.08641975308642e-05,3.0,0.0,0.0
339,3,8,0,32400,2,6.17283950617284e-05,3.999999761581421,0.0,0.0
339,3,8,1,32400,1,3.08641975308642e-05,21.000001907348633,0.3333333333333333,0.0
339,3,8,2,32400,0,0.0,-1.0,0.0,-1.0
339,3,9,0,32400,0,0.0,-1.0,0.0,-1.0
339,3,9,1,32400,0,0.0,-1.0,0.0,-1.0
339,3,9,2,32400,1,3.08641975308642e-05,68.99999237060547,-1.0,0.0
339,3,10,0,32400,0,0.0,-1.0,-1.0,-1.0
339,3,10,1,32400,1,3.08641975308642e-05,11.0,-1.0,0.0
339,3,10,2,32400,0,0.0,-1.0,0.0,-1.0
339,3,11,0,32400,0,0.0,-1.0,-1.0,-1.0
339,3,11,1,32400,1,3.08641975308642e-05,7.0,0.0,0.0
339,3,11,2,32400,1,3.08641975308642e-05,2.0,-1.0,0.0
339,3,12,0,32400,0,0.0,-1.0,-1.0,-1.0
339,3,12,1,32400,1,3.08641975308642e-05,77.00001525878906,0.0,0.0
339,3,12,2,32400,0,0.0,-1.0,0.0,-1.0
339,3,13,0,32400,0,0.0,-1.0,-1.0,-1.0
339,3,13,1,32400,2,6.17283950617284e-05,13.000000953674316,0.0,0.0
339,3,13,2,32400,0,0.0,-1.0,-1.0,-1.0
339,3,14,0,32400,1,3.08641975308642e-05,2.0,-1.0,0.0
339,3,14,1,32400,0,0.0,-1.0,0.0,-1.0
339,3,14,2,32400,0,0.0,-1.0,-1.0,-1.0
339,3,15,0,32400,0,0.0,-1.0,0.0,-1.0
339,3,15,1,32400,1,3.08641975308642e-05,2.0,-1.0,0.0
339,3,15,2,32400,0,0.0,-1.0,-1.0,-1.0
339,3,16,0,32400,0,0.0,-1.0,-1.0,-1.0
339,3,16,1,32400,0,0.0,-1.0,0.0,-1.0
339,3,16,2,32400,0,0.0,-1.0,-1.0,-1.0
339,3,17,0,32400,0,0.0,-1.0,-1.0,-1.0
339,3,17,1,32400,1,3.08641975308642e-05,1.0,-1.0,0.0
339,3,17,2,32400,0,0.0,-1.0,-1.0,-1.0
339,3,18,0,32400,0,0.0,-1.0,-1.0,-1.0
339,3,18,1,32400,0,0.0,-1.0,0.0,-1.0
339,3,18,2,32400,0,0.0,-1.0,-1.0,-1.0
339,3,19,0,32400,0,0.0,-1.0,-1.0,-1.0
339,3,19,1,32400,0,0.0,-1.0,-1.0,-1.0
339,3,19,2,32400,0,0.0,-1.0,-1.0,-1.0
339,3,20,0,32400,0,0.0,-1.0,-1.0,-1.0
339,3,20,1,32400,0,0.0,-1.0,-1.0,-1.0
339,3,20,2,32400,0,0.0,-1.0,-1.0,-1.0
339,3,21,0,32400,0,0.0,-1.0,-1.0,-1.0
339,3,21,1,32400,0,0.0,-1.0,-1.0,-1.0
339,3,21,2,32400,0,0.0,-1.0,-1.0,-1.0
339,3,22,0,32400,0,0.0,-1.0,-1.0,-1.0
339,3,22,1,32400,0,0.0,-1.0,-1.0,-1.0
339,3,22,2,32400,0,0.0,-1.0,-1.0,-1.0
339,3,23,0,32400,0,0.0,-1.0,-1.0,-1.0
339,3,23,1,32400,0,0.0,-1.0,-1.0,-1.0
339,3,23,2,32400,0,0.0,-1.0,-1.0,-1.0
339,3,24,0,32400,0,0.0,-1.0,-1.0,-1.0
339,3,24,1,32400,0,0.0,-1.0,-1.0,-1.0
339,3,24,2,32400,0,0.0,-1.0,-1.0,-1.0
339,3,25,0,32400,0,0.0,-1.0,-1.0,-1.0
339,3,25,1,32400,0,0.0,-1.0,-1.0,-1.0
339,3,25,2,32400,0,0.0,-1.0,-1.0,-1.0
339,3,26,0,32400,0,0.0,-1.0,-1.0,-1.0
339,3,26,1,32400,0,0.0,-1.0,-1.0,-1.0
339,3,26,2,32400,0,0.0,-1.0,-1.0,-1.0
339,3,27,0,32400,0,0.0,-1.0,-1.0,-1.0
339,3,27,1,32400,0,0.0,-1.0,-1.0,-1.0
339,3,27,2,32400,0,0.0,-1.0,-1.0,-1.0
339,3,28,0,32400,0,0.0,-1.0,-1.0,-1.0
339,3,28,1,32400,0,0.0,-1.0,-1.0,-1.0
339,3,28,2,32400,0,0.0,-1.0,-1.0,-1.0
339,3,29,0,32400,0,0.0,-1.0,-1.0,-1.0
339,3,29,1,32400,0,0.0,-1.0,-1.0,-1.0
339,3,29,2,32400,0,0.0,-1.0,-1.0,-1.0
339,3,30,0,32400,0,0.0,-1.0,-1.0,-1.0
339,3,30,1,32400,0,0.0,-1.0,-1.0,-1.0
339,3,30,2,32400,0,0.0,-1.0,-1.0,-1.0
339,3,31,0,32400,0,0.0,-1.0,-1.0,-1.0
339,3,31,1,32400,0,0.0,-1.0,-1.0,-1.0
339,3,31,2,32400,0,0.0,-1.0,-1.0,-1.0
339,3,32,0,32400,0,0.0,-1.0,-1.0,-1.0
339,3,32,1,32400,0,0.0,-1.0,-1.0,-1.0
339,3,32,2,32400,0,0.0,-1.0,-1.0,-1.0
339,3,33,0,32400,0,0.0,-1.0,-1.0,-1.0
339,3,33,1,32400,0,0.0,-1.0,-1.0,-1.0
339,3,33,2,32400,0,0.0,-1.0,-1.0,-1.0
339,3,34,0,32400,0,0.0,-1.0,-1.0,-1.0
339,3,34,1,32400,0,0.0,-1.0,-1.0,-1.0
339,3,34,2,32400,0,0.0,-1.0,-1.0,-1.0
339,3,35,0,32400,0,0.0,-1.0,-1.0,-1.0
339,3,35,1,32400,0,0.0,-1.0,-1.0,-1.0
339,3,35,2,32400,0,0.0,-1.0,-1.0,-1.0
340,0,1,0,32400,22,0.0006790123456790123,21.31818199157715,-1.0,0.2727272727272727
340,0,1,1,32400,15,0.000462962962962963,7.466667175292969,-1.0,0.2
340,0,1,2,32400,6,0.00018518518518518518,19.833332061767578,-1.0,0.0
340,0,2,0,32400,8,0.0002469135802469136,4.75,0.18181818181818182,0.0
340,0,2,1,32400,6,0.00018518518518518518,7.833333492279053,0.13333333333333333,0.0
340,0,2,2,32400,3,9.259259259259259e-05,5.6666669845581055,0.0,0.0
340,0,3,0,32400,10,0.00030864197530864197,3.6000001430511475,0.25,0.1
340,0,3,1,32400,5,0.00015432098765432098,11.0,0.16666666666666666,0.0
340,0,3,2,32400,4,0.0001234567901234568,32.75,0.0,0.0
340,0,4,0,32400,3,9.259259259259259e-05,6.0,0.1,0.0
340,0,4,1,32400,5,0.00015432098765432098,4.599999904632568,0.4,0.2
340,0,4,2,32400,1,3.08641975308642e-05,11.999999046325684,0.0,0.0
340,0,5,0,32400,4,0.0001234567901234568,4.25,0.3333333333333333,0.0
340,0,5,1,32400,3,9.259259259259259e-05,32.333335876464844,0.2,0.0
340,0,5,2,32400,1,3.08641975308642e-05,33.0,0.0,0.0
340,0,6,0,32400,2,6.17283950617284e-05,1.0,0.25,0.0
340,0,6,1,32400,3,9.259259259259259e-05,1.3333333730697632,0.3333333333333333,0.0
340,0,6,2,32400,2,6.17283950617284e-05,7.500000476837158,0.0,0.0
340,0,7,0,32400,2,6.17283950617284e-05,21.5,0.0,0.0
340,0,7,1,32400,0,0.0,-1.0,0.0,-1.0
340,0,7,2,32400,2,6.17283950617284e-05,16.5,0.0,0.0
340,0,8,0,32400,1,3.08641975308642e-05,1.0,0.0,0.0
340,0,8,1,32400,0,0.0,-1.0,-1.0,-1.0
340,0,8,2,32400,0,0.0,-1.0,0.0,-1.0
340,0,9,0,32400,1,3.08641975308642e-05,7.0,0.0,0.0
340,0,9,1,32400,0,0.0,-1.0,-1.0,-1.0
340,0,9,2,32400,0,0.0,-1.0,-1.0,-1.0
340,0,10,0,32400,0,0.0,-1.0,0.0,-1.0
340,0,10,1,32400,0,0.0,-1.0,-1.0,-1.0
340,0,10,2,32400,0,0.0,-1.0,-1.0,-1.0
340,0,11,0,32400,0,0.0,-1.0,-1.0,-1.0
340,0,11,1,32400,0,0.0,-1.0,-1.0,-1.0
340,0,11,2,32400,0,0.0,-1.0,-1.0,-1.0
340,0,12,0,32400,1,3.08641975308642e-05,1.0,-1.0,0.0
340,0,12,1,32400,0,0.0,-1.0,-1.0,-1.0
340,0,12,2,32400,0,0.0,-1.0,-1.0,-1.0
340,0,13,0,32400,0,0.0,-1.0,0.0,-1.0
340,0,13,1,32400,0,0.0,-1.0,-1.0,-1.0
340,0,13,2,32400,1,3.08641975308642e-05,1.0,-1.0,0.0
340,0,14,0,32400,0,0.0,-1.0,-1.0,-1.0
340,0,14,1,32400,0,0.0,-1.0,-1.0,-1.0
340,0,14,2,32400,0,0.0,-1.0,0.0,-1.0
340,0,15,0,32400,0,0.0,-1.0,-1.0,-1.0
340,0,15,1,32400,1,3.08641975308642e-05,1.0,-1.0,0.0
340,0,15,2,32400,1,3.08641975308642e-05,2.0,-1.0,0.0
340,0,16,0,32400,0,0.0,-1.0,-1.0,-1.0
340,0,16,1,32400,0,0.0,-1.0,0.0,-1.0
340,0,16,2,32400,1,3.08641975308642e-05,3.0,1.0,0.0
340,0,17,0,32400,0,0.0,-1.0,-1.0,-1.0
340,0,17,1,32400,0,0.0,-1.0,-1.0,-1.0
340,0,17,2,32400,0,0.0,-1.0,0.0,-1.0
340,0,18,0,32400,0,0.0,-1.0,-1.0,-1.0
340,0,18,1,32400,0,0.0,-1.0,-1.0,-1.0
340,0,18,2,32400,0,0.0,-1.0,-1.0,-1.0
340,0,19,0,32400,0,0.0,-1.0,-1.0,-1.0
340,0,19,1,32400,0,0.0,-1.0,-1.0,-1.0
340,0,19,2,32400,0,0.0,-1.0,-1.0,-1.0
340,0,20,0,32400,0,0.0,-1.0,-1.0,-1.0
340,0,20,1,32400,0,0.0,-1.0,-1.0,-1.0
340,0,20,2,32400,0,0.0,-1.0,-1.0,-1.0
340,0,21,0,32400,0,0.0,-1.0,-1.0,-1.0
340,0,21,1,32400,0,0.0,-1.0,-1.0,-1.0
340,0,21,2,32400,0,0.0,-1.0,-1.0,-1.0
340,0,22,0,32400,1,3.08641975308642e-05,2.0,-1.0,0.0
340,0,22,1,32400,0,0.0,-1.0,-1.0,-1.0
340,0,22,2,32400,0,0.0,-1.0,-1.0,-1.0
340,0,23,0,32400,0,0.0,-1.0,0.0,-1.0
340,0,23,1,32400,0,0.0,-1.0,-1.0,-1.0
340,0,23,2,32400,0,0.0,-1.0,-1.0,-1.0
340,0,24,0,32400,0,0.0,-1.0,-1.0,-1.0
340,0,24,1,32400,0,0.0,-1.0,-1.0,-1.0
340,0,24,2,32400,0,0.0,-1.0,-1.0,-1.0
340,0,25,0,32400,0,0.0,-1.0,-1.0,-1.0
340,0,25,1,32400,0,0.0,-1.0,-1.0,-1.0
340,0,25,2,32400,0,0.0,-1.0,-1.0,-1.0
340,0,26,0,32400,0,0.0,-1.0,-1.0,-1.0
340,0,26,1,32400,0,0.0,-1.0,-1.0,-1.0
340,0,26,2,32400,0,0.0,-1.0,-1.0,-1.0
340,0,27,0,32400,0,0.0,-1.0,-1.0,-1.0
340,0,27,1,32400,0,0.0,-1.0,-1.0,-1.0
340,0,27,2,32400,0,0.0,-1.0,-1.0,-1.0
340,0,28,0,32400,0,0.0,-1.0,-1.0,-1.0
340,0,28,1,32400,0,0.0,-1.0,-1.0,-1.0
340,0,28,2,32400,0,0.0,-1.0,-1.0,-1.0
340,0,29,0,32400,0,0.0,-1.0,-1.0,-1.0
340,0,29,1,32400,0,0.0,-1.0,-1.0,-1.0
340,0,29,2,32400,0,0.0,-1.0,-1.0,-1.0
340,0,30,0,32400,0,0.0,-1.0,-1.0,-1.0
340,0,30,1,32400,0,0.0,-1.0,-1.0,-1.0
340,0,30,2,32400,0,0.0,-1.0,-1.0,-1.0
340,0,31,0,32400,0,0.0,-1.0,-1.0,-1.0
340,0,31,1,32400,0,0.0,-1.0,-1.0,-1.0
340,0,31,2,32400,0,0.0,-1.0,-1.0,-1.0
340,0,32,0,32400,0,0.0,-1.0,-1.0,-1.0
340,0,32,1,32400,0,0.0,-1.0,-1.0,-1.0
340,0,32,2,32400,0,0.0,-1.0,-1.0,-1.0
340,0,33,0,32400,0,0.0,-1.0,-1.0,-1.0
340,0,33,1,32400,0,0.0,-1.0,-1.0,-1.0
340,0,33,2,32400,0,0.0,-1.0,-1.0,-1.0
340,0,34,0,32400,0,0.0,-1.0,-1.0,-1.0
340,0,34,1,32400,0,0.0,-1.0,-1.0,-1.0
340,0,34,2,32400,0,0.0,-1.0,-1.0,-1.0
340,0,35,0,32400,0,0.0,-1.0,-1.0,-1.0
340,0,35,1,32400,0,0.0,-1.0,-1.0,-1.0
340,0,35,2,32400,0,0.0,-1.0,-1.0,-1.0
340,1,1,0,32400,29,0.0008950617283950618,11.82758617401123,-1.0,0.3448275862068966
340,1,1,1,32400,19,0.0005864197530864197,7.473684310913086,-1.0,0.05263157894736842
340,1,1,2,32400,10,0.00030864197530864197,8.40000057220459,-1.0,0.0
340,1,2,0,32400,18,0.0005555555555555556,5.777777671813965,0.3103448275862069,0.2777777777777778
340,1,2,1,32400,9,0.0002777777777777778,19.222225189208984,0.10526315789473684,0.1111111111111111
340,1,2,2,32400,5,0.00015432098765432098,16.399999618530273,0.2,0.0
340,1,3,0,32400,8,0.0002469135802469136,9.625,0.1111111111111111,0.0
340,1,3,1,32400,8,0.0002469135802469136,14.75,0.2222222222222222,0.125
340,1,3,2,32400,2,6.17283950617284e-05,3.5,0.0,0.0
340,1,4,0,32400,8,0.0002469135802469136,7.875,0.5,0.0
340,1,4,1,32400,2,6.17283950617284e-05,11.0,0.0,0.0
340,1,4,2,32400,1,3.08641975308642e-05,11.0,0.5,0.0
340,1,5,0,32400,6,0.00018518518518518518,11.5,0.375,0.16666666666666666
340,1,5,1,32400,4,0.0001234567901234568,2.25,0.0,0.0
340,1,5,2,32400,1,3.08641975308642e-05,15.0,0.0,0.0
340,1,6,0,32400,3,9.259259259259259e-05,1.0,0.3333333333333333,0.0
340,1,6,1,32400,1,3.08641975308642e-05,11.999999046325684,0.0,0.0
340,1,6,2,32400,0,0.0,-1.0,0.0,-1.0
340,1,7,0,32400,3,9.259259259259259e-05,2.6666667461395264,0.0,0.0
340,1,7,1,32400,3,9.259259259259259e-05,8.666666984558105,1.0,0.0
340,1,7,2,32400,0,0.0,-1.0,-1.0,-1.0
340,1,8,0,32400,1,3.08641975308642e-05,2.0,0.0,0.0
340,1,8,1,32400,0,0.0,-1.0,0.0,-1.0
340,1,8,2,32400,1,3.08641975308642e-05,23.0,-1.0,0.0
340,1,9,0,32400,0,0.0,-1.0,0.0,-1.0
340,1,9,1,32400,0,0.0,-1.0,-1.0,-1.0
340,1,9,2,32400,0,0.0,-1.0,0.0,-1.0
340,1,10,0,32400,0,0.0,-1.0,-1.0,-1.0
340,1,10,1,32400,0,0.0,-1.0,-1.0,-1.0
340,1,10,2,32400,1,3.08641975308642e-05,1.0,-1.0,0.0
340,1,11,0,32400,0,0.0,-1.0,-1.0,-1.0
340,1,11,1,32400,1,3.08641975308642e-05,5.999999523162842,-1.0,0.0
340,1,11,2,32400,1,3.08641975308642e-05,33.0,0.0,0.0
340,1,12,0,32400,0,0.0,-1.0,-1.0,-1.0
340,1,12,1,32400,2,6.17283950617284e-05,3.499999761581421,0.0,0.0
340,1,12,2,32400,0,0.0,-1.0,0.0,-1.0
340,1,13,0,32400,0,0.0,-1.0,-1.0,-1.0
340,1,13,1,32400,0,0.0,-1.0,0.0,-1.0
340,1,13,2,32400,1,3.08641975308642e-05,11.0,-1.0,0.0
340,1,14,0,32400,0,0.0,-1.0,-1.0,-1.0
340,1,14,1,32400,0,0.0,-1.0,-1.0,-1.0
340,1,14,2,32400,0,0.0,-1.0,0.0,-1.0
340,1,15,0,32400,0,0.0,-1.0,-1.0,-1.0
340,1,15,1,32400,0,0.0,-1.0,-1.0,-1.0
340,1,15,2,32400,0,0.0,-1.0,-1.0,-1.0
340,1,16,0,32400,0,0.0,-1.0,-1.0,-1.0
340,1,16,1,32400,0,0.0,-1.0,-1.0,-1.0
340,1,16,2,32400,0,0.0,-1.0,-1.0,-1.0
340,1,17,0,32400,0,0.0,-1.0,-1.0,-1.0
340,1,17,1,32400,0,0.0,-1.0,-1.0,-1.0
340,1,17,2,32400,0,0.0,-1.0,-1.0,-1.0
340,1,18,0,32400,0,0.0,-1.0,-1.0,-1.0
340,1,18,1,32400,0,0.0,-1.0,-1.0,-1.0
340,1,18,2,32400,0,0.0,-1.0,-1.0,-1.0
340,1,19,0,32400,0,0.0,-1.0,-1.0,-1.0
340,1,19,1,32400,0,0.0,-1.0,-1.0,-1.0
340,1,19,2,32400,0,0.0,-1.0,-1.0,-1.0
340,1,20,0,32400,0,0.0,-1.0,-1.0,-1.0
340,1,20,1,32400,0,0.0,-1.0,-1.0,-1.0
340,1,20,2,32400,0,0.0,-1.0,-1.0,-1.0
340,1,21,0,32400,0,0.0,-1.0,-1.0,-1.0
340,1,21,1,32400,0,0.0,-1.0,-1.0,-1.0
340,1,21,2,32400,0,0.0,-1.0,-1.0,-1.0
340,1,22,0,32400,0,0.0,-1.0,-1.0,-1.0
340,1,22,1,32400,0,0.0,-1.0,-1.0,-1.0
340,1,22,2,32400,0,0.0,-1.0,-1.0,-1.0
340,1,23,0,32400,0,0.0,-1.0,-1.0,-1.0
340,1,23,1,32400,0,0.0,-1.0,-1.0,-1.0
340,1,23,2,32400,0,0.0,-1.0,-1.0,-1.0
340,1,24,0,32400,0,0.0,-1.0,-1.0,-1.0
340,1,24,1,32400,0,0.0,-1.0,-1.0,-1.0
340,1,24,2,32400,0,0.0,-1.0,-1.0,-1.0
340,1,25,0,32400,0,0.0,-1.0,-1.0,-1.0
340,1,25,1,32400,0,0.0,-1.0,-1.0,-1.0
340,1,25,2,32400,0,0.0,-1.0,-1.0,-1.0
340,1,26,0,32400,0,0.0,-1.0,-1.0,-1.0
340,1,26,1,32400,0,0.0,-1.0,-1.0,-1.0
340,1,26,2,32400,0,0.0,-1.0,-1.0,-1.0
340,1,27,0,32400,0,0.0,-1.0,-1.0,-1.0
340,1,27,1,32400,0,0.0,-1.0,-1.0,-1.0
340,1,27,2,32400,0,0.0,-1.0,-1.0,-1.0
340,1,28,0,32400,0,0.0,-1.0,-1.0,-1.0
340,1,28,1,32400,0,0.0,-1.0,-1.0,-1.0
340,1,28,2,32400,0,0.0,-1.0,-1.0,-1.0
340,1,29,0,32400,0,0.0,-1.0,-1.0,-1.0
340,1,29,1,32400,0,0.0,-1.0,-1.0,-1.0
340,1,29,2,32400,0,0.0,-1.0,-1.0,-1.0
340,1,30,0,32400,0,0.0,-1.0,-1.0,-1.0
340,1,30,1,32400,0,0.0,-1.0,-1.0,-1.0
340,1,30,2,32400,0,0.0,-1.0,-1.0,-1.0
340,1,31,0,32400,0,0.0,-1.0,-1.0,-1.0
340,1,31,1,32400,0,0.0,-1.0,-1.0,-1.0
340,1,31,2,32400,0,0.0,-1.0,-1.0,-1.0
340,1,32,0,32400,0,0.0,-1.0,-1.0,-1.0
340,1,32,1,32400,0,0.0,-1.0,-1.0,-1.0
340,1,32,2,32400,0,0.0,-1.0,-1.0,-1.0
340,1,33,0,32400,0,0.0,-1.0,-1.0,-1.0
340,1,33,1,32400,0,0.0,-1.0,-1.0,-1.0
340,1,33,2,32400,0,0.0,-1.0,-1.0,-1.0
340,1,34,0,32400,0,0.0,-1.0,-1.0,-1.0
340,1,34,1,32400,0,0.0,-1.0,-1.0,-1.0
340,1,34,2,32400,0,0.0,-1.0,-1.0,-1.0
340,1,35,0,32400,0,0.0,-1.0,-1.0,-1.0
340,1,35,1,32400,0,0.0,-1.0,-1.0,-1.0
340,1,35,2,32400,0,0.0,-1.0,-1.0,-1.0
340,2,1,0,32400,21,0.0006481481481481481,37.90476989746094,-1.0,0.19047619047619047
340,2,1,1,32400,10,0.00030864197530864197,15.000001907348633,-1.0,0.1
340,2,1,2,32400,6,0.00018518518518518518,26.166667938232422,-1.0,0.0
340,2,2,0,32400,11,0.00033950617283950616,5.818181991577148,0.19047619047619047,0.09090909090909091
340,2,2,1,32400,7,0.0002160493827160494,9.428571701049805,0.2,0.14285714285714285
340,2,2,2,32400,3,9.259259259259259e-05,30.333332061767578,0.0,0.0
340,2,3,0,32400,19,0.0005864197530864197,4.052631378173828,0.6363636363636364,0.3157894736842105
340,2,3,1,32400,8,0.0002469135802469136,23.875,0.2857142857142857,0.0
340,2,3,2,32400,3,9.259259259259259e-05,5.333333492279053,0.0,0.0
340,2,4,0,32400,14,0.0004320987654320988,31.357149124145508,0.15789473684210525,0.14285714285714285
340,2,4,1,32400,3,9.259259259259259e-05,68.99999237060547,0.25,0.3333333333333333
340,2,4,2,32400,1,3.08641975308642e-05,10.000000953674316,0.0,0.0
340,2,5,0,32400,8,0.0002469135802469136,32.625003814697266,0.2857142857142857,0.375
340,2,5,1,32400,5,0.00015432098765432098,15.199996948242188,0.6666666666666666,0.0
340,2,5,2,32400,0,0.0,-1.0,0.0,-1.0
340,2,6,0,32400,6,0.00018518518518518518,121.16667175292969,0.375,0.3333333333333333
340,2,6,1,32400,3,9.259259259259259e-05,16.999998092651367,0.2,0.3333333333333333
340,2,6,2,32400,0,0.0,-1.0,-1.0,-1.0
340,2,7,0,32400,3,9.259259259259259e-05,6.6666669845581055,0.3333333333333333,0.0
340,2,7,1,32400,3,9.259259259259259e-05,6.6666669845581055,0.6666666666666666,0.6666666666666666
340,2,7,2,32400,0,0.0,-1.0,-1.0,-1.0
340,2,8,0,32400,3,9.259259259259259e-05,4.6666669845581055,0.3333333333333333,0.0
340,2,8,1,32400,1,3.08641975308642e-05,39.0,0.0,0.0
340,2,8,2,32400,0,0.0,-1.0,-1.0,-1.0
340,2,9,0,32400,3,9.259259259259259e-05,1.6666667461395264,0.3333333333333333,0.0
340,2,9,1,32400,0,0.0,-1.0,0.0,-1.0
340,2,9,2,32400,0,0.0,-1.0,-1.0,-1.0
340,2,10,0,32400,0,0.0,-1.0,0.0,-1.0
340,2,10,1,32400,0,0.0,-1.0,-1.0,-1.0
340,2,10,2,32400,0,0.0,-1.0,-1.0,-1.0
340,2,11,0,32400,0,0.0,-1.0,-1.0,-1.0
340,2,11,1,32400,0,0.0,-1.0,-1.0,-1.0
340,2,11,2,32400,0,0.0,-1.0,-1.0,-1.0
340,2,12,0,32400,1,3.08641975308642e-05,4.0,-1.0,0.0
340,2,12,1,32400,0,0.0,-1.0,-1.0,-1.0
340,2,12,2,32400,0,0.0,-1.0,-1.0,-1.0
340,2,13,0,32400,1,3.08641975308642e-05,5.999999523162842,0.0,0.0
340,2,13,1,32400,0,0.0,-1.0,-1.0,-1.0
340,2,13,2,32400,0,0.0,-1.0,-1.0,-1.0
340,2,14,0,32400,0,0.0,-1.0,0.0,-1.0
340,2,14,1,32400,0,0.0,-1.0,-1.0,-1.0
340,2,14,2,32400,0,0.0,-1.0,-1.0,-1.0
340,2,15,0,32400,0,0.0,-1.0,-1.0,-1.0
340,2,15,1,32400,2,6.17283950617284e-05,7.500000476837158,-1.0,0.5
340,2,15,2,32400,0,0.0,-1.0,-1.0,-1.0
340,2,16,0,32400,1,3.08641975308642e-05,8.0,-1.0,0.0
340,2,16,1,32400,0,0.0,-1.0,0.0,-1.0
340,2,16,2,32400,0,0.0,-1.0,-1.0,-1.0
340,2,17,0,32400,0,0.0,-1.0,0.0,-1.0
340,2,17,1,32400,0,0.0,-1.0,-1.0,-1.0
340,2,17,2,32400,0,0.0,-1.0,-1.0,-1.0
340,2,18,0,32400,0,0.0,-1.0,-1.0,-1.0
340,2,18,1,32400,0,0.0,-1.0,-1.0,-1.0
340,2,18,2,32400,0,0.0,-1.0,-1.0,-1.0
340,2,19,0,32400,1,3.08641975308642e-05,4.0,-1.0,0.0
340,2,19,1,32400,0,0.0,-1.0,-1.0,-1.0
340,2,19,2,32400,0,0.0,-1.0,-1.0,-1.0
340,2,20,0,32400,0,0.0,-1.0,0.0,-1.0
340,2,20,1,32400,0,0.0,-1.0,-1.0,-1.0
340,2,20,2,32400,0,0.0,-1.0,-1.0,-1.0
340,2,21,0,32400,1,3.08641975308642e-05,5.999999523162842,-1.0,0.0
340,2,21,1,32400,0,0.0,-1.0,-1.0,-1.0
340,2,21,2,32400,0,0.0,-1.0,-1.0,-1.0
340,2,22,0,32400,0,0.0,-1.0,0.0,-1.0
340,2,22,1,32400,0,0.0,-1.0,-1.0,-1.0
340,2,22,2,32400,0,0.0,-1.0,-1.0,-1.0
340,2,23,0,32400,0,0.0,-1.0,-1.0,-1.0
340,2,23,1,32400,0,0.0,-1.0,-1.0,-1.0
340,2,23,2,32400,0,0.0,-1.0,-1.0,-1.0
340,2,24,0,32400,0,0.0,-1.0,-1.0,-1.0
340,2,24,1,32400,0,0.0,-1.0,-1.0,-1.0
340,2,24,2,32400,0,0.0,-1.0,-1.0,-1.0
340,2,25,0,32400,0,0.0,-1.0,-1.0,-1.0
340,2,25,1,32400,0,0.0,-1.0,-1.0,-1.0
340,2,25,2,32400,0,0.0,-1.0,-1.0,-1.0
340,2,26,0,32400,0,0.0,-1.0,-1.0,-1.0
340,2,26,1,32400,0,0.0,-1.0,-1.0,-1.0
340,2,26,2,32400,0,0.0,-1.0,-1.0,-1.0
340,2,27,0,32400,0,0.0,-1.0,-1.0,-1.0
340,2,27,1,32400,0,0.0,-1.0,-1.0,-1.0
340,2,27,2,32400,0,0.0,-1.0,-1.0,-1.0
340,2,28,0,32400,0,0.0,-1.0,-1.0,-1.0
340,2,28,1,32400,0,0.0,-1.0,-1.0,-1.0
340,2,28,2,32400,0,0.0,-1.0,-1.0,-1.0
340,2,29,0,32400,0,0.0,-1.0,-1.0,-1.0
340,2,29,1,32400,0,0.0,-1.0,-1.0,-1.0
340,2,29,2,32400,0,0.0,-1.0,-1.0,-1.0
340,2,30,0,32400,0,0.0,-1.0,-1.0,-1.0
340,2,30,1,32400,0,0.0,-1.0,-1.0,-1.0
340,2,30,2,32400,0,0.0,-1.0,-1.0,-1.0
340,2,31,0,32400,0,0.0,-1.0,-1.0,-1.0
340,2,31,1,32400,0,0.0,-1.0,-1.0,-1.0
340,2,31,2,32400,0,0.0,-1.0,-1.0,-1.0
340,2,32,0,32400,0,0.0,-1.0,-1.0,-1.0
340,2,32,1,32400,0,0.0,-1.0,-1.0,-1.0
340,2,32,2,32400,0,0.0,-1.0,-1.0,-1.0
340,2,33,0,32400,0,0.0,-1.0,-1.0,-1.0
340,2,33,1,32400,0,0.0,-1.0,-1.0,-1.0
340,2,33,2,32400,0,0.0,-1.0,-1.0,-1.0
340,2,34,0,32400,0,0.0,-1.0,-1.0,-1.0
340,2,34,1,32400,0,0.0,-1.0,-1.0,-1.0
340,2,34,2,32400,0,0.0,-1.0,-1.0,-1.0
340,2,35,0,32400,0,0.0,-1.0,-1.0,-1.0
340,2,35,1,32400,0,0.0,-1.0,-1.0,-1.0
340,2,35,2,32400,0,0.0,-1.0,-1.0,-1.0
340,3,1,0,32400,27,0.0008333333333333334,11.629630088806152,-1.0,0.2962962962962963
340,3,1,1,32400,10,0.00030864197530864197,18.200002670288086,-1.0,0.0
340,3,1,2,32400,7,0.0002160493827160494,7.714285850524902,-1.0,0.14285714285714285
340,3,2,0,32400,14,0.0004320987654320988,7.000000476837158,0.2962962962962963,0.5
340,3,2,1,32400,6,0.00018518518518518518,100.66667938232422,0.1,0.0
340,3,2,2,32400,2,6.17283950617284e-05,3.0,0.0,0.0
340,3,3,0,32400,9,0.0002777777777777778,8.333333015441895,0.2857142857142857,0.2222222222222222
340,3,3,1,32400,4,0.0001234567901234568,11.249999046325684,0.0,0.0
340,3,3,2,32400,3,9.259259259259259e-05,3.0,0.0,0.0
340,3,4,0,32400,7,0.0002160493827160494,34.57142639160156,0.2222222222222222,0.2857142857142857
340,3,4,1,32400,1,3.08641975308642e-05,4.0,0.0,0.0
340,3,4,2,32400,2,6.17283950617284e-05,5.500000476837158,0.0,0.0
340,3,5,0,32400,4,0.0001234567901234568,133.5,0.0,0.0
340,3,5,1,32400,3,9.259259259259259e-05,6.6666669845581055,0.0,0.0
340,3,5,2,32400,1,3.08641975308642e-05,56.0,0.0,0.0
340,3,6,0,32400,4,0.0001234567901234568,3.0,0.0,0.0
340,3,6,1,32400,1,3.08641975308642e-05,1.0,0.3333333333333333,0.0
340,3,6,2,32400,0,0.0,-1.0,0.0,-1.0
340,3,7,0,32400,1,3.08641975308642e-05,3.0,0.0,0.0
340,3,7,1,32400,2,6.17283950617284e-05,11.500000953674316,0.0,0.0
340,3,7,2,32400,1,3.08641975308642e-05,1.0,-1.0,0.0
340,3,8,0,32400,1,3.08641975308642e-05,1.0,0.0,0.0
340,3,8,1,32400,0,0.0,-1.0,0.0,-1.0
340,3,8,2,32400,2,6.17283950617284e-05,7.000000476837158,0.0,0.0
340,3,9,0,32400,2,6.17283950617284e-05,3.0,0.0,0.0
340,3,9,1,32400,1,3.08641975308642e-05,14.000000953674316,-1.0,0.0
340,3,9,2,32400,1,3.08641975308642e-05,3.0,0.5,0.0
340,3,10,0,32400,0,0.0,-1.0,0.0,-1.0
340,3,10,1,32400,0,0.0,-1.0,0.0,-1.0
340,3,10,2,32400,1,3.08641975308642e-05,5.0,1.0,0.0
340,3,11,0,32400,0,0.0,-1.0,-1.0,-1.0
340,3,11,1,32400,0,0.0,-1.0,-1.0,-1.0
340,3,11,2,32400,0,0.0,-1.0,0.0,-1.0
340,3,12,0,32400,0,0.0,-1.0,-1.0,-1.0
340,3,12,1,32400,0,0.0,-1.0,-1.0,-1.0
340,3,12,2,32400,0,0.0,-1.0,-1.0,-1.0
340,3,13,0,32400,0,0.0,-1.0,-1.0,-1.0
340,3,13,1,32400,0,0.0,-1.0,-1.0,-1.0
340,3,13,2,32400,0,0.0,-1.0,-1.0,-1.0
340,3,14,0,32400,0,0.0,-1.0,-1.0,-1.0
340,3,14,1,32400,0,0.0,-1.0,-1.0,-1.0
340,3,14,2,32400,0,0.0,-1.0,-1.0,-1.0
340,3,15,0,32400,0,0.0,-1.0,-1.0,-1.0
340,3,15,1,32400,0,0.0,-1.0,-1.0,-1.0
340,3,15,2,32400,0,0.0,-1.0,-1.0,-1.0
340,3,16,0,32400,0,0.0,-1.0,-1.0,-1.0
340,3,16,1,32400,0,0.0,-1.0,-1.0,-1.0
340,3,16,2,32400,0,0.0,-1.0,-1.0,-1.0
340,3,17,0,32400,0,0.0,-1.0,-1.0,-1.0
340,3,17,1,32400,0,0.0,-1.0,-1.0,-1.0
340,3,17,2,32400,0,0.0,-1.0,-1.0,-1.0
340,3,18,0,32400,0,0.0,-1.0,-1.0,-1.0
340,3,18,1,32400,0,0.0,-1.0,-1.0,-1.0
340,3,18,2,32400,0,0.0,-1.0,-1.0,-1.0
340,3,19,0,32400,0,0.0,-1.0,-1.0,-1.0
340,3,19,1,32400,0,0.0,-1.0,-1.0,-1.0
340,3,19,2,32400,0,0.0,-1.0,-1.0,-1.0
340,3,20,0,32400,0,0.0,-1.0,-1.0,-1.0
340,3,20,1,32400,0,0.0,-1.0,-1.0,-1.0
340,3,20,2,32400,0,0.0,-1.0,-1.0,-1.0
340,3,21,0,32400,0,0.0,-1.0,-1.0,-1.0
340,3,21,1,32400,0,0.0,-1.0,-1.0,-1.0
340,3,21,2,32400,0,0.0,-1.0,-1.0,-1.0
340,3,22,0,32400,0,0.0,-1.0,-1.0,-1.0
340,3,22,1,32400,0,0.0,-1.0,-1.0,-1.0
340,3,22,2,32400,0,0.0,-1.0,-1.0,-1.0
340,3,23,0,32400,0,0.0,-1.0,-1.0,-1.0
340,3,23,1,32400,0,0.0,-1.0,-1.0,-1.0
340,3,23,2,32400,0,0.0,-1.0,-1.0,-1.0
340,3,24,0,32400,0,0.0,-1.0,-1.0,-1.0
340,3,24,1,32400,0,0.0,-1.0,-1.0,-1.0
340,3,24,2,32400,0,0.0,-1.0,-1.0,-1.0
340,3,25,0,32400,0,0.0,-1.0,-1.0,-1.0
340,3,25,1,32400,0,0.0,-1.0,-1.0,-1.0
340,3,25,2,32400,0,0.0,-1.0,-1.0,-1.0
340,3,26,0,32400,0,0.0,-1.0,-1.0,-1.0
340,3,26,1,32400,0,0.0,-1.0,-1.0,-1.0
340,3,26,2,32400,0,0.0,-1.0,-1.0,-1.0
340,3,27,0,32400,0,0.0,-1.0,-1.0,-1.0
340,3,27,1,32400,0,0.0,-1.0,-1.0,-1.0
340,3,27,2,32400,0,0.0,-1.0,-1.0,-1.0
340,3,28,0,32400,0,0.0,-1.0,-1.0,-1.0
340,3,28,1,32400,0,0.0,-1.0,-1.0,-1.0
340,3,28,2,32400,0,0.0,-1.0,-1.0,-1.0
340,3,29,0,32400,0,0.0,-1.0,-1.0,-1.0
340,3,29,1,32400,0,0.0,-1.0,-1.0,-1.0
340,3,29,2,32400,0,0.0,-1.0,-1.0,-1.0
340,3,30,0,32400,0,0.0,-1.0,-1.0,-1.0
340,3,30,1,32400,0,0.0,-1.0,-1.0,-1.0
340,3,30,2,32400,0,0.0,-1.0,-1.0,-1.0
340,3,31,0,32400,0,0.0,-1.0,-1.0,-1.0
340,3,31,1,32400,0,0.0,-1.0,-1.0,-1.0
340,3,31,2,32400,0,0.0,-1.0,-1.0,-1.0
340,3,32,0,32400,0,0.0,-1.0,-1.0,-1.0
340,3,32,1,32400,0,0.0,-1.0,-1.0,-1.0
340,3,32,2,32400,0,0.0,-1.0,-1.0,-1.0
340,3,33,0,32400,0,0.0,-1.0,-1.0,-1.0
340,3,33,1,32400,0,0.0,-1.0,-1.0,-1.0
340,3,33,2,32400,0,0.0,-1.0,-1.0,-1.0
340,3,34,0,32400,0,0.0,-1.0,-1.0,-1.0
340,3,34,1,32400,0,0.0,-1.0,-1.0,-1.0
340,3,34,2,32400,0,0.0,-1.0,-1.0,-1.0
340,3,35,0,32400,0,0.0,-1.0,-1.0,-1.0
340,3,35,1,32400,0,0.0,-1.0,-1.0,-1.0
340,3,35,2,32400,0,0.0,-1.0,-1.0,-1.0
341,0,1,0,32400,25,0.0007716049382716049,20.0,-1.0,0.28
341,0,1,1,32400,5,0.00015432098765432098,15.199999809265137,-1.0,0.0
341,0,1,2,32400,13,0.00040123456790123454,8.84615421295166,-1.0,0.3076923076923077
341,0,2,0,32400,11,0.00033950617283950616,5.818181991577148,0.16,0.09090909090909091
341,0,2,1,32400,4,0.0001234567901234568,3.0,0.2,0.0
341,0,2,2,32400,3,9.259259259259259e-05,3.3333334922790527,0.07692307692307693,0.0
341,0,3,0,32400,9,0.0002777777777777778,12.222223281860352,0.18181818181818182,0.2222222222222222
341,0,3,1,32400,5,0.00015432098765432098,3.1999998092651367,0.5,0.2
341,0,3,2,32400,6,0.00018518518518518518,49.66667938232422,0.3333333333333333,0.0
341,0,4,0,32400,9,0.0002777777777777778,5.555555820465088,0.3333333333333333,0.1111111111111111
341,0,4,1,32400,2,6.17283950617284e-05,4.0,0.2,0.0
341,0,4,2,32400,2,6.17283950617284e-05,12.999999046325684,0.16666666666666666,0.0
341,0,5,0,32400,2,6.17283950617284e-05,10.500000953674316,0.1111111111111111,0.0
341,0,5,1,32400,1,3.08641975308642e-05,1.0,0.0,0.0
341,0,5,2,32400,1,3.08641975308642e-05,1.0,0.0,0.0
341,0,6,0,32400,2,6.17283950617284e-05,15.999999046325684,0.0,0.0
341,0,6,1,32400,0,0.0,-1.0,0.0,-1.0
341,0,6,2,32400,2,6.17283950617284e-05,6.5,0.0,0.0
341,0,7,0,32400,2,6.17283950617284e-05,8.5,0.5,0.0
341,0,7,1,32400,1,3.08641975308642e-05,3.0,-1.0,0.0
341,0,7,2,32400,1,3.08641975308642e-05,20.000001907348633,0.5,0.0
341,0,8,0,32400,5,0.00015432098765432098,2.799999952316284,0.0,0.0
341,0,8,1,32400,0,0.0,-1.0,0.0,-1.0
341,0,8,2,32400,1,3.08641975308642e-05,3.0,0.0,0.0
341,0,9,0,32400,2,6.17283950617284e-05,5.0,0.4,0.0
341,0,9,1,32400,0,0.0,-1.0,-1.0,-1.0
341,0,9,2,32400,1,3.08641975308642e-05,5.999999523162842,0.0,0.0
341,0,10,0,32400,0,0.0,-1.0,0.0,-1.0
341,0,10,1,32400,0,0.0,-1.0,-1.0,-1.0
341,0,10,2,32400,0,0.0,-1.0,0.0,-1.0
341,0,11,0,32400,1,3.08641975308642e-05,1.0,-1.0,0.0
341,0,11,1,32400,0,0.0,-1.0,-1.0,-1.0
341,0,11,2,32400,0,0.0,-1.0,-1.0,-1.0
341,0,12,0,32400,1,3.08641975308642e-05,1.0,0.0,0.0
341,0,12,1,32400,1,3.08641975308642e-05,15.0,-1.0,0.0
341,0,12,2,32400,0,0.0,-1.0,-1.0,-1.0
341,0,13,0,32400,0,0.0,-1.0,0.0,-1.0
341,0,13,1,32400,0,0.0,-1.0,0.0,-1.0
341,0,13,2,32400,1,3.08641975308642e-05,4.0,-1.0,0.0
341,0,14,0,32400,0,0.0,-1.0,-1.0,-1.0
341,0,14,1,32400,0,0.0,-1.0,-1.0,-1.0
341,0,14,2,32400,0,0.0,-1.0,0.0,-1.0
341,0,15,0,32400,1,3.08641975308642e-05,1.0,-1.0,0.0
341,0,15,1,32400,0,0.0,-1.0,-1.0,-1.0
341,0,15,2,32400,1,3.08641975308642e-05,5.0,-1.0,0.0
341,0,16,0,32400,0,0.0,-1.0,0.0,-1.0
341,0,16,1,32400,0,0.0,-1.0,-1.0,-1.0
341,0,16,2,32400,0,0.0,-1.0,0.0,-1.0
341,0,17,0,32400,0,0.0,-1.0,-1.0,-1.0
341,0,17,1,32400,0,0.0,-1.0,-1.0,-1.0
341,0,17,2,32400,0,0.0,-1.0,-1.0,-1.0
341,0,18,0,32400,0,0.0,-1.0,-1.0,-1.0
341,0,18,1,32400,0,0.0,-1.0,-1.0,-1.0
341,0,18,2,32400,0,0.0,-1.0,-1.0,-1.0
341,0,19,0,32400,0,0.0,-1.0,-1.0,-1.0
341,0,19,1,32400,0,0.0,-1.0,-1.0,-1.0
341,0,19,2,32400,0,0.0,-1.0,-1.0,-1.0
341,0,20,0,32400,0,0.0,-1.0,-1.0,-1.0
341,0,20,1,32400,0,0.0,-1.0,-1.0,-1.0
341,0,20,2,32400,0,0.0,-1.0,-1.0,-1.0
341,0,21,0,32400,0,0.0,-1.0,-1.0,-1.0
341,0,21,1,32400,0,0.0,-1.0,-1.0,-1.0
341,0,21,2,32400,0,0.0,-1.0,-1.0,-1.0
341,0,22,0,32400,0,0.0,-1.0,-1.0,-1.0
341,0,22,1,32400,0,0.0,-1.0,-1.0,-1.0
341,0,22,2,32400,0,0.0,-1.0,-1.0,-1.0
341,0,23,0,32400,0,0.0,-1.0,-1.0,-1.0
341,0,23,1,32400,0,0.0,-1.0,-1.0,-1.0
341,0,23,2,32400,0,0.0,-1.0,-1.0,-1.0
341,0,24,0,32400,0,0.0,-1.0,-1.0,-1.0
341,0,24,1,32400,0,0.0,-1.0,-1.0,-1.0
341,0,24,2,32400,0,0.0,-1.0,-1.0,-1.0
341,0,25,0,32400,0,0.0,-1.0,-1.0,-1.0
341,0,25,1,32400,0,0.0,-1.0,-1.0,-1.0
341,0,25,2,32400,0,0.0,-1.0,-1.0,-1.0
341,0,26,0,32400,0,0.0,-1.0,-1.0,-1.0
341,0,26,1,32400,0,0.0,-1.0,-1.0,-1.0
341,0,26,2,32400,0,0.0,-1.0,-1.0,-1.0
341,0,27,0,32400,0,0.0,-1.0,-1.0,-1.0
341,0,27,1,32400,0,0.0,-1.0,-1.0,-1.0
341,0,27,2,32400,0,0.0,-1.0,-1.0,-1.0
341,0,28,0,32400,0,0.0,-1.0,-1.0,-1.0
341,0,28,1,32400,0,0.0,-1.0,-1.0,-1.0
341,0,28,2,32400,0,0.0,-1.0,-1.0,-1.0
341,0,29,0,32400,0,0.0,-1.0,-1.0,-1.0
341,0,29,1,32400,0,0.0,-1.0,-1.0,-1.0
341,0,29,2,32400,0,0.0,-1.0,-1.0,-1.0
341,0,30,0,32400,0,0.0,-1.0,-1.0,-1.0
341,0,30,1,32400,0,0.0,-1.0,-1.0,-1.0
341,0,30,2,32400,0,0.0,-1.0,-1.0,-1.0
341,0,31,0,32400,0,0.0,-1.0,-1.0,-1.0
341,0,31,1,32400,0,0.0,-1.0,-1.0,-1.0
341,0,31,2,32400,0,0.0,-1.0,-1.0,-1.0
341,0,32,0,32400,0,0.0,-1.0,-1.0,-1.0
341,0,32,1,32400,1,3.08641975308642e-05,10.000000953674316,-1.0,0.0
341,0,32,2,32400,0,0.0,-1.0,-1.0,-1.0
341,0,33,0,32400,0,0.0,-1.0,-1.0,-1.0
341,0,33,1,32400,1,3.08641975308642e-05,16.0,1.0,0.0
341,0,33,2,32400,0,0.0,-1.0,-1.0,-1.0
341,0,34,0,32400,1,3.08641975308642e-05,5.0,-1.0,0.0
341,0,34,1,32400,0,0.0,-1.0,0.0,-1.0
341,0,34,2,32400,0,0.0,-1.0,-1.0,-1.0
341,0,35,0,32400,0,0.0,-1.0,0.0,-1.0
341,0,35,1,32400,0,0.0,-1.0,-1.0,-1.0
341,0,35,2,32400,0,0.0,-1.0,-1.0,-1.0
341,1,1,0,32400,30,0.000925925925925926,14.966667175292969,-1.0,0.4
341,1,1,1,32400,9,0.0002777777777777778,5.111111640930176,-1.0,0.1111111111111111
341,1,1,2,32400,8,0.0002469135802469136,4.25,-1.0,0.25
341,1,2,0,32400,16,0.0004938271604938272,13.125000953674316,0.2,0.125
341,1,2,1,32400,6,0.00018518518518518518,15.666666984558105,0.1111111111111111,0.0
341,1,2,2,32400,2,6.17283950617284e-05,5.500000476837158,0.0,0.0
341,1,3,0,32400,13,0.00040123456790123454,11.076923370361328,0.0625,0.23076923076923078
341,1,3,1,32400,1,3.08641975308642e-05,261.0000305175781,0.0,0.0
341,1,3,2,32400,5,0.00015432098765432098,17.80000114440918,0.5,0.0
341,1,4,0,32400,6,0.00018518518518518518,8.333333969116211,0.07692307692307693,0.16666666666666666
341,1,4,1,32400,5,0.00015432098765432098,9.800000190734863,0.0,0.0
341,1,4,2,32400,2,6.17283950617284e-05,7.000000476837158,0.2,0.0
341,1,5,0,32400,3,9.259259259259259e-05,7.0,0.0,0.0
341,1,5,1,32400,1,3.08641975308642e-05,5.0,0.2,0.0
341,1,5,2,32400,3,9.259259259259259e-05,4.6666669845581055,0.5,0.3333333333333333
341,1,6,0,32400,3,9.259259259259259e-05,4.0,0.0,0.0
341,1,6,1,32400,2,6.17283950617284e-05,7.000000476837158,1.0,0.0
341,1,6,2,32400,1,3.08641975308642e-05,1.0,0.0,0.0
341,1,7,0,32400,2,6.17283950617284e-05,3.5,0.0,0.0
341,1,7,1,32400,0,0.0,-1.0,0.0,-1.0
341,1,7,2,32400,1,3.08641975308642e-05,8.0,0.0,0.0
341,1,8,0,32400,2,6.17283950617284e-05,3.499999761581421,0.0,0.0
341,1,8,1,32400,0,0.0,-1.0,-1.0,-1.0
341,1,8,2,32400,0,0.0,-1.0,0.0,-1.0
341,1,9,0,32400,0,0.0,-1.0,0.0,-1.0
341,1,9,1,32400,0,0.0,-1.0,-1.0,-1.0
341,1,9,2,32400,0,0.0,-1.0,-1.0,-1.0
341,1,10,0,32400,0,0.0,-1.0,-1.0,-1.0
341,1,10,1,32400,0,0.0,-1.0,-1.0,-1.0
341,1,10,2,32400,1,3.08641975308642e-05,1.0,-1.0,0.0
341,1,11,0,32400,2,6.17283950617284e-05,5.5,-1.0,0.0
341,1,11,1,32400,0,0.0,-1.0,-1.0,-1.0
341,1,11,2,32400,1,3.08641975308642e-05,3.0,1.0,0.0
341,1,12,0,32400,0,0.0,-1.0,0.0,-1.0
341,1,12,1,32400,0,0.0,-1.0,-1.0,-1.0
341,1,12,2,32400,1,3.08641975308642e-05,2.0,0.0,0.0
341,1,13,0,32400,0,0.0,-1.0,-1.0,-1.0
341,1,13,1,32400,0,0.0,-1.0,-1.0,-1.0
341,1,13,2,32400,1,3.08641975308642e-05,2.0,0.0,0.0
341,1,14,0,32400,0,0.0,-1.0,-1.0,-1.0
341,1,14,1,32400,0,0.0,-1.0,-1.0,-1.0
341,1,14,2,32400,0,0.0,-1.0,0.0,-1.0
341,1,15,0,32400,0,0.0,-1.0,-1.0,-1.0
341,1,15,1,32400,0,0.0,-1.0,-1.0,-1.0
341,1,15,2,32400,0,0.0,-1.0,-1.0,-1.0
341,1,16,0,32400,0,0.0,-1.0,-1.0,-1.0
341,1,16,1,32400,0,0.0,-1.0,-1.0,-1.0
341,1,16,2,32400,0,0.0,-1.0,-1.0,-1.0
341,1,17,0,32400,0,0.0,-1.0,-1.0,-1.0
341,1,17,1,32400,0,0.0,-1.0,-1.0,-1.0
341,1,17,2,32400,0,0.0,-1.0,-1.0,-1.0
341,1,18,0,32400,0,0.0,-1.0,-1.0,-1.0
341,1,18,1,32400,0,0.0,-1.0,-1.0,-1.0
341,1,18,2,32400,0,0.0,-1.0,-1.0,-1.0
341,1,19,0,32400,0,0.0,-1.0,-1.0,-1.0
341,1,19,1,32400,0,0.0,-1.0,-1.0,-1.0
341,1,19,2,32400,0,0.0,-1.0,-1.0,-1.0
341,1,20,0,32400,0,0.0,-1.0,-1.0,-1.0
341,1,20,1,32400,0,0.0,-1.0,-1.0,-1.0
341,1,20,2,32400,0,0.0,-1.0,-1.0,-1.0
341,1,21,0,32400,0,0.0,-1.0,-1.0,-1.0
341,1,21,1,32400,0,0.0,-1.0,-1.0,-1.0
341,1,21,2,32400,0,0.0,-1.0,-1.0,-1.0
341,1,22,0,32400,0,0.0,-1.0,-1.0,-1.0
341,1,22,1,32400,0,0.0,-1.0,-1.0,-1.0
341,1,22,2,32400,0,0.0,-1.0,-1.0,-1.0
341,1,23,0,32400,0,0.0,-1.0,-1.0,-1.0
341,1,23,1,32400,0,0.0,-1.0,-1.0,-1.0
341,1,23,2,32400,0,0.0,-1.0,-1.0,-1.0
341,1,24,0,32400,0,0.0,-1.0,-1.0,-1.0
341,1,24,1,32400,0,0.0,-1.0,-1.0,-1.0
341,1,24,2,32400,0,0.0,-1.0,-1.0,-1.0
341,1,25,0,32400,0,0.0,-1.0,-1.0,-1.0
341,1,25,1,32400,0,0.0,-1.0,-1.0,-1.0
341,1,25,2,32400,0,0.0,-1.0,-1.0,-1.0
341,1,26,0,32400,0,0.0,-1.0,-1.0,-1.0
341,1,26,1,32400,0,0.0,-1.0,-1.0,-1.0
341,1,26,2,32400,0,0.0,-1.0,-1.0,-1.0
341,1,27,0,32400,0,0.0,-1.0,-1.0,-1.0
341,1,27,1,32400,0,0.0,-1.0,-1.0,-1.0
341,1,27,2,32400,0,0.0,-1.0,-1.0,-1.0
341,1,28,0,32400,0,0.0,-1.0,-1.0,-1.0
341,1,28,1,32400,1,3.08641975308642e-05,2.0,-1.0,0.0
341,1,28,2,32400,0,0.0,-1.0,-1.0,-1.0
341,1,29,0,32400,0,0.0,-1.0,-1.0,-1.0
341,1,29,1,32400,0,0.0,-1.0,0.0,-1.0
341,1,29,2,32400,0,0.0,-1.0,-1.0,-1.0
341,1,30,0,32400,0,0.0,-1.0,-1.0,-1.0
341,1,30,1,32400,0,0.0,-1.0,-1.0,-1.0
341,1,30,2,32400,0,0.0,-1.0,-1.0,-1.0
341,1,31,0,32400,0,0.0,-1.0,-1.0,-1.0
341,1,31,1,32400,0,0.0,-1.0,-1.0,-1.0
341,1,31,2,32400,0,0.0,-1.0,-1.0,-1.0
341,1,32,0,32400,0,0.0,-1.0,-1.0,-1.0
341,1,32,1,32400,0,0.0,-1.0,-1.0,-1.0
341,1,32,2,32400,0,0.0,-1.0,-1.0,-1.0
341,1,33,0,32400,0,0.0,-1.0,-1.0,-1.0
341,1,33,1,32400,0,0.0,-1.0,-1.0,-1.0
341,1,33,2,32400,0,0.0,-1.0,-1.0,-1.0
341,1,34,0,32400,0,0.0,-1.0,-1.0,-1.0
341,1,34,1,32400,0,0.0,-1.0,-1.0,-1.0
341,1,34,2,32400,0,0.0,-1.0,-1.0,-1.0
341,1,35,0,32400,0,0.0,-1.0,-1.0,-1.0
341,1,35,1,32400,0,0.0,-1.0,-1.0,-1.0
341,1,35,2,32400,0,0.0,-1.0,-1.0,-1.0
341,2,1,0,32400,28,0.0008641975308641976,13.250000953674316,-1.0,0.17857142857142858
341,2,1,1,32400,5,0.00015432098765432098,5.400000095367432,-1.0,0.0
341,2,1,2,32400,8,0.0002469135802469136,50.000003814697266,-1.0,0.0
341,2,2,0,32400,8,0.0002469135802469136,26.374998092651367,0.14285714285714285,0.0
341,2,2,1,32400,7,0.0002160493827160494,9.571429252624512,0.2,0.14285714285714285
341,2,2,2,32400,1,3.08641975308642e-05,24.000001907348633,0.0,0.0
341,2,3,0,32400,9,0.0002777777777777778,6.222222328186035,0.25,0.1111111111111111
341,2,3,1,32400,4,0.0001234567901234568,9.0,0.14285714285714285,0.0
341,2,3,2,32400,3,9.259259259259259e-05,88.0000228881836,0.0,0.0
341,2,4,0,32400,4,0.0001234567901234568,6.5,0.0,0.25
341,2,4,1,32400,3,9.259259259259259e-05,4.333333492279053,0.0,0.0
341,2,4,2,32400,1,3.08641975308642e-05,11.0,0.0,0.0
341,2,5,0,32400,0,0.0,-1.0,0.0,-1.0
341,2,5,1,32400,0,0.0,-1.0,0.0,-1.0
341,2,5,2,32400,0,0.0,-1.0,0.0,-1.0
341,2,6,0,32400,4,0.0001234567901234568,14.000000953674316,-1.0,0.0
341,2,6,1,32400,2,6.17283950617284e-05,3.0,-1.0,0.0
341,2,6,2,32400,0,0.0,-1.0,-1.0,-1.0
341,2,7,0,32400,1,3.08641975308642e-05,2.0,0.0,0.0
341,2,7,1,32400,1,3.08641975308642e-05,9.0,0.0,0.0
341,2,7,2,32400,0,0.0,-1.0,-1.0,-1.0
341,2,8,0,32400,4,0.0001234567901234568,10.0,0.0,0.0
341,2,8,1,32400,2,6.17283950617284e-05,45.000003814697266,0.0,0.0
341,2,8,2,32400,0,0.0,-1.0,-1.0,-1.0
341,2,9,0,32400,0,0.0,-1.0,0.0,-1.0
341,2,9,1,32400,0,0.0,-1.0,0.0,-1.0
341,2,9,2,32400,1,3.08641975308642e-05,5.0,-1.0,0.0
341,2,10,0,32400,0,0.0,-1.0,-1.0,-1.0
341,2,10,1,32400,0,0.0,-1.0,-1.0,-1.0
341,2,10,2,32400,0,0.0,-1.0,0.0,-1.0
341,2,11,0,32400,1,3.08641975308642e-05,10.000000953674316,-1.0,0.0
341,2,11,1,32400,0,0.0,-1.0,-1.0,-1.0
341,2,11,2,32400,0,0.0,-1.0,-1.0,-1.0
341,2,12,0,32400,1,3.08641975308642e-05,2.0,0.0,0.0
341,2,12,1,32400,0,0.0,-1.0,-1.0,-1.0
341,2,12,2,32400,0,0.0,-1.0,-1.0,-1.0
341,2,13,0,32400,0,0.0,-1.0,0.0,-1.0
341,2,13,1,32400,0,0.0,-1.0,-1.0,-1.0
341,2,13,2,32400,0,0.0,-1.0,-1.0,-1.0
341,2,14,0,32400,0,0.0,-1.0,-1.0,-1.0
341,2,14,1,32400,0,0.0,-1.0,-1.0,-1.0
341,2,14,2,32400,0,0.0,-1.0,-1.0,-1.0
341,2,15,0,32400,0,0.0,-1.0,-1.0,-1.0
341,2,15,1,32400,0,0.0,-1.0,-1.0,-1.0
341,2,15,2,32400,0,0.0,-1.0,-1.0,-1.0
341,2,16,0,32400,0,0.0,-1.0,-1.0,-1.0
341,2,16,1,32400,0,0.0,-1.0,-1.0,-1.0
341,2,16,2,32400,0,0.0,-1.0,-1.0,-1.0
341,2,17,0,32400,0,0.0,-1.0,-1.0,-1.0
341,2,17,1,32400,0,0.0,-1.0,-1.0,-1.0
341,2,17,2,32400,0,0.0,-1.0,-1.0,-1.0
341,2,18,0,32400,0,0.0,-1.0,-1.0,-1.0
341,2,18,1,32400,0,0.0,-1.0,-1.0,-1.0
341,2,18,2,32400,0,0.0,-1.0,-1.0,-1.0
341,2,19,0,32400,0,0.0,-1.0,-1.0,-1.0
341,2,19,1,32400,0,0.0,-1.0,-1.0,-1.0
341,2,19,2,32400,0,0.0,-1.0,-1.0,-1.0
341,2,20,0,32400,0,0.0,-1.0,-1.0,-1.0
341,2,20,1,32400,0,0.0,-1.0,-1.0,-1.0
341,2,20,2,32400,0,0.0,-1.0,-1.0,-1.0
341,2,21,0,32400,0,0.0,-1.0,-1.0,-1.0
341,2,21,1,32400,0,0.0,-1.0,-1.0,-1.0
341,2,21,2,32400,0,0.0,-1.0,-1.0,-1.0
341,2,22,0,32400,0,0.0,-1.0,-1.0,-1.0
341,2,22,1,32400,0,0.0,-1.0,-1.0,-1.0
341,2,22,2,32400,0,0.0,-1.0,-1.0,-1.0
341,2,23,0,32400,0,0.0,-1.0,-1.0,-1.0
341,2,23,1,32400,0,0.0,-1.0,-1.0,-1.0
341,2,23,2,32400,0,0.0,-1.0,-1.0,-1.0
341,2,24,0,32400,0,0.0,-1.0,-1.0,-1.0
341,2,24,1,32400,0,0.0,-1.0,-1.0,-1.0
341,2,24,2,32400,0,0.0,-1.0,-1.0,-1.0
341,2,25,0,32400,0,0.0,-1.0,-1.0,-1.0
341,2,25,1,32400,0,0.0,-1.0,-1.0,-1.0
341,2,25,2,32400,0,0.0,-1.0,-1.0,-1.0
341,2,26,0,32400,0,0.0,-1.0,-1.0,-1.0
341,2,26,1,32400,0,0.0,-1.0,-1.0,-1.0
341,2,26,2,32400,0,0.0,-1.0,-1.0,-1.0
341,2,27,0,32400,0,0.0,-1.0,-1.0,-1.0
341,2,27,1,32400,0,0.0,-1.0,-1.0,-1.0
341,2,27,2,32400,0,0.0,-1.0,-1.0,-1.0
341,2,28,0,32400,0,0.0,-1.0,-1.0,-1.0
341,2,28,1,32400,0,0.0,-1.0,-1.0,-1.0
341,2,28,2,32400,0,0.0,-1.0,-1.0,-1.0
341,2,29,0,32400,0,0.0,-1.0,-1.0,-1.0
341,2,29,1,32400,0,0.0,-1.0,-1.0,-1.0
341,2,29,2,32400,0,0.0,-1.0,-1.0,-1.0
341,2,30,0,32400,0,0.0,-1.0,-1.0,-1.0
341,2,30,1,32400,0,0.0,-1.0,-1.0,-1.0
341,2,30,2,32400,0,0.0,-1.0,-1.0,-1.0
341,2,31,0,32400,0,0.0,-1.0,-1.0,-1.0
341,2,31,1,32400,0,0.0,-1.0,-1.0,-1.0
341,2,31,2,32400,0,0.0,-1.0,-1.0,-1.0
341,2,32,0,32400,0,0.0,-1.0,-1.0,-1.0
341,2,32,1,32400,0,0.0,-1.0,-1.0,-1.0
341,2,32,2,32400,0,0.0,-1.0,-1.0,-1.0
341,2,33,0,32400,0,0.0,-1.0,-1.0,-1.0
341,2,33,1,32400,0,0.0,-1.0,-1.0,-1.0
341,2,33,2,32400,0,0.0,-1.0,-1.0,-1.0
341,2,34,0,32400,0,0.0,-1.0,-1.0,-1.0
341,2,34,1,32400,0,0.0,-1.0,-1.0,-1.0
341,2,34,2,32400,0,0.0,-1.0,-1.0,-1.0
341,2,35,0,32400,0,0.0,-1.0,-1.0,-1.0
341,2,35,1,32400,0,0.0,-1.0,-1.0,-1.0
341,2,35,2,32400,0,0.0,-1.0,-1.0,-1.0
341,3,1,0,32400,24,0.0007407407407407407,29.625003814697266,-1.0,0.3333333333333333
341,3,1,1,32400,5,0.00015432098765432098,5.8000006675720215,-1.0,0.0
341,3,1,2,32400,10,0.00030864197530864197,11.600000381469727,-1.0,0.2
341,3,2,0,32400,16,0.0004938271604938272,6.375,0.20833333333333334,0.3125
341,3,2,1,32400,9,0.0002777777777777778,3.6666667461395264,0.4,0.2222222222222222
341,3,2,2,32400,5,0.00015432098765432098,2.799999952316284,0.1,0.0
341,3,3,0,32400,11,0.00033950617283950616,9.0,0.25,0.09090909090909091
341,3,3,1,32400,3,9.259259259259259e-05,2.6666667461395264,0.2222222222222222,0.3333333333333333
341,3,3,2,32400,2,6.17283950617284e-05,14.000000953674316,0.0,0.0
341,3,4,0,32400,5,0.00015432098765432098,7.400000095367432,0.0,0.2
341,3,4,1,32400,1,3.08641975308642e-05,1.0,0.0,0.0
341,3,4,2,32400,2,6.17283950617284e-05,1.0,0.0,0.0
341,3,5,0,32400,5,0.00015432098765432098,32.60000228881836,0.0,0.0
341,3,5,1,32400,1,3.08641975308642e-05,9.0,0.0,0.0
341,3,5,2,32400,1,3.08641975308642e-05,9.0,0.0,0.0
341,3,6,0,32400,3,9.259259259259259e-05,2.3333334922790527,0.4,0.0
341,3,6,1,32400,2,6.17283950617284e-05,6.0,0.0,0.0
341,3,6,2,32400,0,0.0,-1.0,0.0,-1.0
341,3,7,0,32400,3,9.259259259259259e-05,2.0,0.0,0.0
341,3,7,1,32400,0,0.0,-1.0,0.0,-1.0
341,3,7,2,32400,0,0.0,-1.0,-1.0,-1.0
341,3,8,0,32400,2,6.17283950617284e-05,19.0,0.0,0.0
341,3,8,1,32400,2,6.17283950617284e-05,31.0,-1.0,0.0
341,3,8,2,32400,0,0.0,-1.0,-1.0,-1.0
341,3,9,0,32400,2,6.17283950617284e-05,2.5,0.0,0.0
341,3,9,1,32400,2,6.17283950617284e-05,12.0,0.5,0.0
341,3,9,2,32400,0,0.0,-1.0,-1.0,-1.0
341,3,10,0,32400,0,0.0,-1.0,0.0,-1.0
341,3,10,1,32400,0,0.0,-1.0,0.0,-1.0
341,3,10,2,32400,0,0.0,-1.0,-1.0,-1.0
341,3,11,0,32400,1,3.08641975308642e-05,18.0,-1.0,0.0
341,3,11,1,32400,0,0.0,-1.0,-1.0,-1.0
341,3,11,2,32400,0,0.0,-1.0,-1.0,-1.0
341,3,12,0,32400,0,0.0,-1.0,0.0,-1.0
341,3,12,1,32400,0,0.0,-1.0,-1.0,-1.0
341,3,12,2,32400,0,0.0,-1.0,-1.0,-1.0
341,3,13,0,32400,0,0.0,-1.0,-1.0,-1.0
341,3,13,1,32400,0,0.0,-1.0,-1.0,-1.0
341,3,13,2,32400,0,0.0,-1.0,-1.0,-1.0
341,3,14,0,32400,0,0.0,-1.0,-1.0,-1.0
341,3,14,1,32400,0,0.0,-1.0,-1.0,-1.0
341,3,14,2,32400,0,0.0,-1.0,-1.0,-1.0
341,3,15,0,32400,0,0.0,-1.0,-1.0,-1.0
341,3,15,1,32400,0,0.0,-1.0,-1.0,-1.0
341,3,15,2,32400,0,0.0,-1.0,-1.0,-1.0
341,3,16,0,32400,0,0.0,-1.0,-1.0,-1.0
341,3,16,1,32400,0,0.0,-1.0,-1.0,-1.0
341,3,16,2,32400,0,0.0,-1.0,-1.0,-1.0
341,3,17,0,32400,0,0.0,-1.0,-1.0,-1.0
341,3,17,1,32400,0,0.0,-1.0,-1.0,-1.0
341,3,17,2,32400,0,0.0,-1.0,-1.0,-1.0
341,3,18,0,32400,0,0.0,-1.0,-1.0,-1.0
341,3,18,1,32400,0,0.0,-1.0,-1.0,-1.0
341,3,18,2,32400,0,0.0,-1.0,-1.0,-1.0
341,3,19,0,32400,0,0.0,-1.0,-1.0,-1.0
341,3,19,1,32400,0,0.0,-1.0,-1.0,-1.0
341,3,19,2,32400,0,0.0,-1.0,-1.0,-1.0
341,3,20,0,32400,0,0.0,-1.0,-1.0,-1.0
341,3,20,1,32400,0,0.0,-1.0,-1.0,-1.0
341,3,20,2,32400,0,0.0,-1.0,-1.0,-1.0
341,3,21,0,32400,0,0.0,-1.0,-1.0,-1.0
341,3,21,1,32400,0,0.0,-1.0,-1.0,-1.0
341,3,21,2,32400,0,0.0,-1.0,-1.0,-1.0
341,3,22,0,32400,0,0.0,-1.0,-1.0,-1.0
341,3,22,1,32400,0,0.0,-1.0,-1.0,-1.0
341,3,22,2,32400,0,0.0,-1.0,-1.0,-1.0
341,3,23,0,32400,0,0.0,-1.0,-1.0,-1.0
341,3,23,1,32400,0,0.0,-1.0,-1.0,-1.0
341,3,23,2,32400,0,0.0,-1.0,-1.0,-1.0
341,3,24,0,32400,0,0.0,-1.0,-1.0,-1.0
341,3,24,1,32400,0,0.0,-1.0,-1.0,-1.0
341,3,24,2,32400,0,0.0,-1.0,-1.0,-1.0
341,3,25,0,32400,0,0.0,-1.0,-1.0,-1.0
341,3,25,1,32400,0,0.0,-1.0,-1.0,-1.0
341,3,25,2,32400,0,0.0,-1.0,-1.0,-1.0
341,3,26,0,32400,0,0.0,-1.0,-1.0,-1.0
341,3,26,1,32400,0,0.0,-1.0,-1.0,-1.0
341,3,26,2,32400,0,0.0,-1.0,-1.0,-1.0
341,3,27,0,32400,0,0.0,-1.0,-1.0,-1.0
341,3,27,1,32400,0,0.0,-1.0,-1.0,-1.0
341,3,27,2,32400,0,0.0,-1.0,-1.0,-1.0
341,3,28,0,32400,0,0.0,-1.0,-1.0,-1.0
341,3,28,1,32400,0,0.0,-1.0,-1.0,-1.0
341,3,28,2,32400,0,0.0,-1.0,-1.0,-1.0
341,3,29,0,32400,1,3.08641975308642e-05,50.0,-1.0,0.0
341,3,29,1,32400,0,0.0,-1.0,-1.0,-1.0
341,3,29,2,32400,0,0.0,-1.0,-1.0,-1.0
341,3,30,0,32400,0,0.0,-1.0,0.0,-1.0
341,3,30,1,32400,0,0.0,-1.0,-1.0,-1.0
341,3,30,2,32400,0,0.0,-1.0,-1.0,-1.0
341,3,31,0,32400,0,0.0,-1.0,-1.0,-1.0
341,3,31,1,32400,0,0.0,-1.0,-1.0,-1.0
341,3,31,2,32400,0,0.0,-1.0,-1.0,-1.0
341,3,32,0,32400,0,0.0,-1.0,-1.0,-1.0
341,3,32,1,32400,0,0.0,-1.0,-1.0,-1.0
341,3,32,2,32400,0,0.0,-1.0,-1.0,-1.0
341,3,33,0,32400,0,0.0,-1.0,-1.0,-1.0
341,3,33,1,32400,0,0.0,-1.0,-1.0,-1.0
341,3,33,2,32400,0,0.0,-1.0,-1.0,-1.0
341,3,34,0,32400,0,0.0,-1.0,-1.0,-1.0
341,3,34,1,32400,0,0.0,-1.0,-1.0,-1.0
341,3,34,2,32400,0,0.0,-1.0,-1.0,-1.0
341,3,35,0,32400,0,0.0,-1.0,-1.0,-1.0
341,3,35,1,32400,0,0.0,-1.0,-1.0,-1.0
341,3,35,2,32400,0,0.0,-1.0,-1.0,-1.0
342,0,1,0,32400,21,0.0006481481481481481,7.761904716491699,-1.0,0.09523809523809523
342,0,1,1,32400,5,0.00015432098765432098,7.0,-1.0,0.2
342,0,1,2,32400,8,0.0002469135802469136,29.124998092651367,-1.0,0.0
342,0,2,0,32400,10,0.00030864197530864197,8.0,0.19047619047619047,0.1
342,0,2,1,32400,5,0.00015432098765432098,19.0,0.2,0.4
342,0,2,2,32400,7,0.0002160493827160494,8.714285850524902,0.125,0.2857142857142857
342,0,3,0,32400,8,0.0002469135802469136,5.375,0.4,0.0
342,0,3,1,32400,5,0.00015432098765432098,6.200000286102295,0.2,0.2
342,0,3,2,32400,3,9.259259259259259e-05,177.6666717529297,0.14285714285714285,0.0
342,0,4,0,32400,5,0.00015432098765432098,3.4000000953674316,0.25,0.0
342,0,4,1,32400,2,6.17283950617284e-05,2.0,0.0,0.0
342,0,4,2,32400,1,3.08641975308642e-05,2.0,0.0,0.0
342,0,5,0,32400,3,9.259259259259259e-05,3.0,0.4,0.0
342,0,5,1,32400,3,9.259259259259259e-05,1.6666667461395264,0.0,0.0
342,0,5,2,32400,1,3.08641975308642e-05,11.999999046325684,0.0,0.0
342,0,6,0,32400,4,0.0001234567901234568,23.5,0.3333333333333333,0.0
342,0,6,1,32400,0,0.0,-1.0,0.0,-1.0
342,0,6,2,32400,2,6.17283950617284e-05,3.499999761581421,0.0,0.0
342,0,7,0,32400,1,3.08641975308642e-05,7.0,0.0,0.0
342,0,7,1,32400,0,0.0,-1.0,-1.0,-1.0
342,0,7,2,32400,1,3.08641975308642e-05,7.0,0.5,0.0
342,0,8,0,32400,1,3.08641975308642e-05,13.000000953674316,0.0,0.0
342,0,8,1,32400,0,0.0,-1.0,-1.0,-1.0
342,0,8,2,32400,0,0.0,-1.0,0.0,-1.0
342,0,9,0,32400,2,6.17283950617284e-05,1.0,1.0,0.0
342,0,9,1,32400,0,0.0,-1.0,-1.0,-1.0
342,0,9,2,32400,0,0.0,-1.0,-1.0,-1.0
342,0,10,0,32400,1,3.08641975308642e-05,1.0,0.5,0.0
342,0,10,1,32400,0,0.0,-1.0,-1.0,-1.0
342,0,10,2,32400,0,0.0,-1.0,-1.0,-1.0
342,0,11,0,32400,2,6.17283950617284e-05,2.5,0.0,0.0
342,0,11,1,32400,1,3.08641975308642e-05,2.0,-1.0,0.0
342,0,11,2,32400,1,3.08641975308642e-05,1.0,-1.0,0.0
342,0,12,0,32400,1,3.08641975308642e-05,23.0,0.0,0.0
342,0,12,1,32400,0,0.0,-1.0,0.0,-1.0
342,0,12,2,32400,1,3.08641975308642e-05,5.999999523162842,0.0,0.0
342,0,13,0,32400,0,0.0,-1.0,0.0,-1.0
342,0,13,1,32400,0,0.0,-1.0,-1.0,-1.0
342,0,13,2,32400,0,0.0,-1.0,0.0,-1.0
342,0,14,0,32400,0,0.0,-1.0,-1.0,-1.0
342,0,14,1,32400,0,0.0,-1.0,-1.0,-1.0
342,0,14,2,32400,0,0.0,-1.0,-1.0,-1.0
342,0,15,0,32400,1,3.08641975308642e-05,9.0,-1.0,0.0
342,0,15,1,32400,0,0.0,-1.0,-1.0,-1.0
342,0,15,2,32400,0,0.0,-1.0,-1.0,-1.0
342,0,16,0,32400,0,0.0,-1.0,0.0,-1.0
342,0,16,1,32400,0,0.0,-1.0,-1.0,-1.0
342,0,16,2,32400,0,0.0,-1.0,-1.0,-1.0
342,0,17,0,32400,0,0.0,-1.0,-1.0,-1.0
342,0,17,1,32400,0,0.0,-1.0,-1.0,-1.0
342,0,17,2,32400,0,0.0,-1.0,-1.0,-1.0
342,0,18,0,32400,0,0.0,-1.0,-1.0,-1.0
342,0,18,1,32400,0,0.0,-1.0,-1.0,-1.0
342,0,18,2,32400,0,0.0,-1.0,-1.0,-1.0
342,0,19,0,32400,0,0.0,-1.0,-1.0,-1.0
342,0,19,1,32400,0,0.0,-1.0,-1.0,-1.0
342,0,19,2,32400,0,0.0,-1.0,-1.0,-1.0
342,0,20,0,32400,0,0.0,-1.0,-1.0,-1.0
342,0,20,1,32400,0,0.0,-1.0,-1.0,-1.0
342,0,20,2,32400,0,0.0,-1.0,-1.0,-1.0
342,0,21,0,32400,0,0.0,-1.0,-1.0,-1.0
342,0,21,1,32400,0,0.0,-1.0,-1.0,-1.0
342,0,21,2,32400,0,0.0,-1.0,-1.0,-1.0
342,0,22,0,32400,0,0.0,-1.0,-1.0,-1.0
342,0,22,1,32400,0,0.0,-1.0,-1.0,-1.0
342,0,22,2,32400,0,0.0,-1.0,-1.0,-1.0
342,0,23,0,32400,0,0.0,-1.0,-1.0,-1.0
342,0,23,1,32400,0,0.0,-1.0,-1.0,-1.0
342,0,23,2,32400,0,0.0,-1.0,-1.0,-1.0
342,0,24,0,32400,0,0.0,-1.0,-1.0,-1.0
342,0,24,1,32400,0,0.0,-1.0,-1.0,-1.0
342,0,24,2,32400,0,0.0,-1.0,-1.0,-1.0
342,0,25,0,32400,0,0.0,-1.0,-1.0,-1.0
342,0,25,1,32400,0,0.0,-1.0,-1.0,-1.0
342,0,25,2,32400,0,0.0,-1.0,-1.0,-1.0
342,0,26,0,32400,0,0.0,-1.0,-1.0,-1.0
342,0,26,1,32400,0,0.0,-1.0,-1.0,-1.0
342,0,26,2,32400,0,0.0,-1.0,-1.0,-1.0
342,0,27,0,32400,0,0.0,-1.0,-1.0,-1.0
342,0,27,1,32400,0,0.0,-1.0,-1.0,-1.0
342,0,27,2,32400,0,0.0,-1.0,-1.0,-1.0
342,0,28,0,32400,0,0.0,-1.0,-1.0,-1.0
342,0,28,1,32400,0,0.0,-1.0,-1.0,-1.0
342,0,28,2,32400,0,0.0,-1.0,-1.0,-1.0
342,0,29,0,32400,0,0.0,-1.0,-1.0,-1.0
342,0,29,1,32400,0,0.0,-1.0,-1.0,-1.0
342,0,29,2,32400,0,0.0,-1.0,-1.0,-1.0
342,0,30,0,32400,0,0.0,-1.0,-1.0,-1.0
342,0,30,1,32400,0,0.0,-1.0,-1.0,-1.0
342,0,30,2,32400,0,0.0,-1.0,-1.0,-1.0
342,0,31,0,32400,0,0.0,-1.0,-1.0,-1.0
342,0,31,1,32400,0,0.0,-1.0,-1.0,-1.0
342,0,31,2,32400,0,0.0,-1.0,-1.0,-1.0
342,0,32,0,32400,0,0.0,-1.0,-1.0,-1.0
342,0,32,1,32400,0,0.0,-1.0,-1.0,-1.0
342,0,32,2,32400,0,0.0,-1.0,-1.0,-1.0
342,0,33,0,32400,0,0.0,-1.0,-1.0,-1.0
342,0,33,1,32400,0,0.0,-1.0,-1.0,-1.0
342,0,33,2,32400,0,0.0,-1.0,-1.0,-1.0
342,0,34,0,32400,0,0.0,-1.0,-1.0,-1.0
342,0,34,1,32400,0,0.0,-1.0,-1.0,-1.0
342,0,34,2,32400,0,0.0,-1.0,-1.0,-1.0
342,0,35,0,32400,0,0.0,-1.0,-1.0,-1.0
342,0,35,1,32400,0,0.0,-1.0,-1.0,-1.0
342,0,35,2,32400,0,0.0,-1.0,-1.0,-1.0
342,1,1,0,32400,21,0.0006481481481481481,10.09523868560791,-1.0,0.19047619047619047
342,1,1,1,32400,12,0.00037037037037037035,11.666666984558105,-1.0,0.16666666666666666
342,1,1,2,32400,3,9.259259259259259e-05,3.3333334922790527,-1.0,0.0
342,1,2,0,32400,15,0.000462962962962963,26.0000057220459,0.2857142857142857,0.0
342,1,2,1,32400,5,0.00015432098765432098,5.200000286102295,0.0,0.2
342,1,2,2,32400,1,3.08641975308642e-05,1.0,0.0,0.0
342,1,3,0,32400,5,0.00015432098765432098,16.799997329711914,0.13333333333333333,0.0
342,1,3,1,32400,5,0.00015432098765432098,10.600000381469727,0.0,0.0
342,1,3,2,32400,1,3.08641975308642e-05,15.0,1.0,0.0
342,1,4,0,32400,5,0.00015432098765432098,29.399999618530273,0.0,0.0
342,1,4,1,32400,3,9.259259259259259e-05,3.3333334922790527,0.4,0.0
342,1,4,2,32400,0,0.0,-1.0,0.0,-1.0
342,1,5,0,32400,4,0.0001234567901234568,5.25,0.2,0.0
342,1,5,1,32400,1,3.08641975308642e-05,1.0,0.3333333333333333,0.0
342,1,5,2,32400,1,3.08641975308642e-05,5.999999523162842,-1.0,0.0
342,1,6,0,32400,2,6.17283950617284e-05,11.500000953674316,0.0,0.0
342,1,6,1,32400,0,0.0,-1.0,0.0,-1.0
342,1,6,2,32400,0,0.0,-1.0,0.0,-1.0
342,1,7,0,32400,3,9.259259259259259e-05,5.6666669845581055,0.0,0.0
342,1,7,1,32400,2,6.17283950617284e-05,16.5,-1.0,0.0
342,1,7,2,32400,2,6.17283950617284e-05,14.499999046325684,-1.0,0.0
342,1,8,0,32400,2,6.17283950617284e-05,12.500000953674316,0.3333333333333333,0.0
342,1,8,1,32400,1,3.08641975308642e-05,5.999999523162842,0.5,0.0
342,1,8,2,32400,0,0.0,-1.0,0.0,-1.0
342,1,9,0,32400,0,0.0,-1.0,0.0,-1.0
342,1,9,1,32400,1,3.08641975308642e-05,2.0,0.0,0.0
342,1,9,2,32400,0,0.0,-1.0,-1.0,-1.0
342,1,10,0,32400,0,0.0,-1.0,-1.0,-1.0
342,1,10,1,32400,0,0.0,-1.0,0.0,-1.0
342,1,10,2,32400,0,0.0,-1.0,-1.0,-1.0
342,1,11,0,32400,0,0.0,-1.0,-1.0,-1.0
342,1,11,1,32400,0,0.0,-1.0,-1.0,-1.0
342,1,11,2,32400,0,0.0,-1.0,-1.0,-1.0
342,1,12,0,32400,0,0.0,-1.0,-1.0,-1.0
342,1,12,1,32400,0,0.0,-1.0,-1.0,-1.0
342,1,12,2,32400,0,0.0,-1.0,-1.0,-1.0
342,1,13,0,32400,0,0.0,-1.0,-1.0,-1.0
342,1,13,1,32400,1,3.08641975308642e-05,2.0,-1.0,0.0
342,1,13,2,32400,0,0.0,-1.0,-1.0,-1.0
342,1,14,0,32400,0,0.0,-1.0,-1.0,-1.0
342,1,14,1,32400,0,0.0,-1.0,0.0,-1.0
342,1,14,2,32400,0,0.0,-1.0,-1.0,-1.0
342,1,15,0,32400,1,3.08641975308642e-05,464.9999694824219,-1.0,0.0
342,1,15,1,32400,0,0.0,-1.0,-1.0,-1.0
342,1,15,2,32400,0,0.0,-1.0,-1.0,-1.0
342,1,16,0,32400,0,0.0,-1.0,0.0,-1.0
342,1,16,1,32400,0,0.0,-1.0,-1.0,-1.0
342,1,16,2,32400,0,0.0,-1.0,-1.0,-1.0
342,1,17,0,32400,0,0.0,-1.0,-1.0,-1.0
342,1,17,1,32400,0,0.0,-1.0,-1.0,-1.0
342,1,17,2,32400,0,0.0,-1.0,-1.0,-1.0
342,1,18,0,32400,0,0.0,-1.0,-1.0,-1.0
342,1,18,1,32400,0,0.0,-1.0,-1.0,-1.0
342,1,18,2,32400,0,0.0,-1.0,-1.0,-1.0
342,1,19,0,32400,0,0.0,-1.0,-1.0,-1.0
342,1,19,1,32400,0,0.0,-1.0,-1.0,-1.0
342,1,19,2,32400,0,0.0,-1.0,-1.0,-1.0
342,1,20,0,32400,1,3.08641975308642e-05,4.0,-1.0,0.0
342,1,20,1,32400,0,0.0,-1.0,-1.0,-1.0
342,1,20,2,32400,0,0.0,-1.0,-1.0,-1.0
342,1,21,0,32400,0,0.0,-1.0,0.0,-1.0
342,1,21,1,32400,0,0.0,-1.0,-1.0,-1.0
342,1,21,2,32400,0,0.0,-1.0,-1.0,-1.0
342,1,22,0,32400,0,0.0,-1.0,-1.0,-1.0
342,1,22,1,32400,0,0.0,-1.0,-1.0,-1.0
342,1,22,2,32400,0,0.0,-1.0,-1.0,-1.0
342,1,23,0,32400,0,0.0,-1.0,-1.0,-1.0
342,1,23,1,32400,0,0.0,-1.0,-1.0,-1.0
342,1,23,2,32400,0,0.0,-1.0,-1.0,-1.0
342,1,24,0,32400,0,0.0,-1.0,-1.0,-1.0
342,1,24,1,32400,0,0.0,-1.0,-1.0,-1.0
342,1,24,2,32400,0,0.0,-1.0,-1.0,-1.0
342,1,25,0,32400,0,0.0,-1.0,-1.0,-1.0
342,1,25,1,32400,0,0.0,-1.0,-1.0,-1.0
342,1,25,2,32400,0,0.0,-1.0,-1.0,-1.0
342,1,26,0,32400,0,0.0,-1.0,-1.0,-1.0
342,1,26,1,32400,0,0.0,-1.0,-1.0,-1.0
342,1,26,2,32400,0,0.0,-1.0,-1.0,-1.0
342,1,27,0,32400,0,0.0,-1.0,-1.0,-1.0
342,1,27,1,32400,0,0.0,-1.0,-1.0,-1.0
342,1,27,2,32400,0,0.0,-1.0,-1.0,-1.0
342,1,28,0,32400,0,0.0,-1.0,-1.0,-1.0
342,1,28,1,32400,0,0.0,-1.0,-1.0,-1.0
342,1,28,2,32400,0,0.0,-1.0,-1.0,-1.0
342,1,29,0,32400,0,0.0,-1.0,-1.0,-1.0
342,1,29,1,32400,0,0.0,-1.0,-1.0,-1.0
342,1,29,2,32400,0,0.0,-1.0,-1.0,-1.0
342,1,30,0,32400,0,0.0,-1.0,-1.0,-1.0
342,1,30,1,32400,0,0.0,-1.0,-1.0,-1.0
342,1,30,2,32400,0,0.0,-1.0,-1.0,-1.0
342,1,31,0,32400,0,0.0,-1.0,-1.0,-1.0
342,1,31,1,32400,0,0.0,-1.0,-1.0,-1.0
342,1,31,2,32400,0,0.0,-1.0,-1.0,-1.0
342,1,32,0,32400,0,0.0,-1.0,-1.0,-1.0
342,1,32,1,32400,0,0.0,-1.0,-1.0,-1.0
342,1,32,2,32400,0,0.0,-1.0,-1.0,-1.0
342,1,33,0,32400,0,0.0,-1.0,-1.0,-1.0
342,1,33,1,32400,0,0.0,-1.0,-1.0,-1.0
342,1,33,2,32400,0,0.0,-1.0,-1.0,-1.0
342,1,34,0,32400,0,0.0,-1.0,-1.0,-1.0
342,1,34,1,32400,0,0.0,-1.0,-1.0,-1.0
342,1,34,2,32400,0,0.0,-1.0,-1.0,-1.0
342,1,35,0,32400,0,0.0,-1.0,-1.0,-1.0
342,1,35,1,32400,0,0.0,-1.0,-1.0,-1.0
342,1,35,2,32400,0,0.0,-1.0,-1.0,-1.0
342,2,1,0,32400,19,0.0005864197530864197,11.736842155456543,-1.0,0.21052631578947367
342,2,1,1,32400,9,0.0002777777777777778,6.666666507720947,-1.0,0.1111111111111111
342,2,1,2,32400,6,0.00018518518518518518,15.166667938232422,-1.0,0.16666666666666666
342,2,2,0,32400,9,0.0002777777777777778,21.44444465637207,0.10526315789473684,0.1111111111111111
342,2,2,1,32400,8,0.0002469135802469136,13.374999046325684,0.3333333333333333,0.0
342,2,2,2,32400,6,0.00018518518518518518,56.16667175292969,0.5,0.3333333333333333
342,2,3,0,32400,8,0.0002469135802469136,4.25,0.2222222222222222,0.0
342,2,3,1,32400,5,0.00015432098765432098,20.600004196166992,0.25,0.0
342,2,3,2,32400,2,6.17283950617284e-05,3.0,0.16666666666666666,0.0
342,2,4,0,32400,4,0.0001234567901234568,4.25,0.25,0.0
342,2,4,1,32400,1,3.08641975308642e-05,4.0,0.2,0.0
342,2,4,2,32400,2,6.17283950617284e-05,2.0,0.0,0.0
342,2,5,0,32400,0,0.0,-1.0,0.0,-1.0
342,2,5,1,32400,2,6.17283950617284e-05,23.500001907348633,0.0,0.0
342,2,5,2,32400,3,9.259259259259259e-05,1.6666667461395264,0.5,0.0
342,2,6,0,32400,4,0.0001234567901234568,13.25,-1.0,0.0
342,2,6,1,32400,0,0.0,-1.0,0.0,-1.0
342,2,6,2,32400,0,0.0,-1.0,0.0,-1.0
342,2,7,0,32400,1,3.08641975308642e-05,5.0,0.0,0.0
342,2,7,1,32400,2,6.17283950617284e-05,4.0,-1.0,0.0
342,2,7,2,32400,0,0.0,-1.0,-1.0,-1.0
342,2,8,0,32400,1,3.08641975308642e-05,2.0,0.0,0.0
342,2,8,1,32400,0,0.0,-1.0,0.0,-1.0
342,2,8,2,32400,0,0.0,-1.0,-1.0,-1.0
342,2,9,0,32400,3,9.259259259259259e-05,6.3333330154418945,1.0,0.0
342,2,9,1,32400,1,3.08641975308642e-05,1.0,-1.0,0.0
342,2,9,2,32400,0,0.0,-1.0,-1.0,-1.0
342,2,10,0,32400,0,0.0,-1.0,0.0,-1.0
342,2,10,1,32400,1,3.08641975308642e-05,20.000001907348633,0.0,0.0
342,2,10,2,32400,0,0.0,-1.0,-1.0,-1.0
342,2,11,0,32400,0,0.0,-1.0,-1.0,-1.0
342,2,11,1,32400,1,3.08641975308642e-05,4.0,0.0,0.0
342,2,11,2,32400,0,0.0,-1.0,-1.0,-1.0
342,2,12,0,32400,0,0.0,-1.0,-1.0,-1.0
342,2,12,1,32400,0,0.0,-1.0,0.0,-1.0
342,2,12,2,32400,0,0.0,-1.0,-1.0,-1.0
342,2,13,0,32400,0,0.0,-1.0,-1.0,-1.0
342,2,13,1,32400,0,0.0,-1.0,-1.0,-1.0
342,2,13,2,32400,0,0.0,-1.0,-1.0,-1.0
342,2,14,0,32400,0,0.0,-1.0,-1.0,-1.0
342,2,14,1,32400,0,0.0,-1.0,-1.0,-1.0
342,2,14,2,32400,0,0.0,-1.0,-1.0,-1.0
342,2,15,0,32400,1,3.08641975308642e-05,7.0,-1.0,0.0
342,2,15,1,32400,0,0.0,-1.0,-1.0,-1.0
342,2,15,2,32400,0,0.0,-1.0,-1.0,-1.0
342,2,16,0,32400,0,0.0,-1.0,0.0,-1.0
342,2,16,1,32400,0,0.0,-1.0,-1.0,-1.0
342,2,16,2,32400,0,0.0,-1.0,-1.0,-1.0
342,2,17,0,32400,0,0.0,-1.0,-1.0,-1.0
342,2,17,1,32400,0,0.0,-1.0,-1.0,-1.0
342,2,17,2,32400,0,0.0,-1.0,-1.0,-1.0
342,2,18,0,32400,0,0.0,-1.0,-1.0,-1.0
342,2,18,1,32400,0,0.0,-1.0,-1.0,-1.0
342,2,18,2,32400,0,0.0,-1.0,-1.0,-1.0
342,2,19,0,32400,0,0.0,-1.0,-1.0,-1.0
342,2,19,1,32400,0,0.0,-1.0,-1.0,-1.0
342,2,19,2,32400,0,0.0,-1.0,-1.0,-1.0
342,2,20,0,32400,0,0.0,-1.0,-1.0,-1.0
342,2,20,1,32400,0,0.0,-1.0,-1.0,-1.0
342,2,20,2,32400,0,0.0,-1.0,-1.0,-1.0
342,2,21,0,32400,0,0.0,-1.0,-1.0,-1.0
342,2,21,1,32400,0,0.0,-1.0,-1.0,-1.0
342,2,21,2,32400,0,0.0,-1.0,-1.0,-1.0
342,2,22,0,32400,0,0.0,-1.0,-1.0,-1.0
342,2,22,1,32400,0,0.0,-1.0,-1.0,-1.0
342,2,22,2,32400,0,0.0,-1.0,-1.0,-1.0
342,2,23,0,32400,0,0.0,-1.0,-1.0,-1.0
342,2,23,1,32400,0,0.0,-1.0,-1.0,-1.0
342,2,23,2,32400,0,0.0,-1.0,-1.0,-1.0
342,2,24,0,32400,0,0.0,-1.0,-1.0,-1.0
342,2,24,1,32400,0,0.0,-1.0,-1.0,-1.0
342,2,24,2,32400,0,0.0,-1.0,-1.0,-1.0
342,2,25,0,32400,0,0.0,-1.0,-1.0,-1.0
342,2,25,1,32400,0,0.0,-1.0,-1.0,-1.0
342,2,25,2,32400,0,0.0,-1.0,-1.0,-1.0
342,2,26,0,32400,0,0.0,-1.0,-1.0,-1.0
342,2,26,1,32400,0,0.0,-1.0,-1.0,-1.0
342,2,26,2,32400,0,0.0,-1.0,-1.0,-1.0
342,2,27,0,32400,0,0.0,-1.0,-1.0,-1.0
342,2,27,1,32400,0,0.0,-1.0,-1.0,-1.0
342,2,27,2,32400,0,0.0,-1.0,-1.0,-1.0
342,2,28,0,32400,0,0.0,-1.0,-1.0,-1.0
342,2,28,1,32400,0,0.0,-1.0,-1.0,-1.0
342,2,28,2,32400,0,0.0,-1.0,-1.0,-1.0
342,2,29,0,32400,0,0.0,-1.0,-1.0,-1.0
342,2,29,1,32400,0,0.0,-1.0,-1.0,-1.0
342,2,29,2,32400,0,0.0,-1.0,-1.0,-1.0
342,2,30,0,32400,0,0.0,-1.0,-1.0,-1.0
342,2,30,1,32400,0,0.0,-1.0,-1.0,-1.0
342,2,30,2,32400,0,0.0,-1.0,-1.0,-1.0
342,2,31,0,32400,0,0.0,-1.0,-1.0,-1.0
342,2,31,1,32400,0,0.0,-1.0,-1.0,-1.0
342,2,31,2,32400,0,0.0,-1.0,-1.0,-1.0
342,2,32,0,32400,0,0.0,-1.0,-1.0,-1.0
342,2,32,1,32400,0,0.0,-1.0,-1.0,-1.0
342,2,32,2,32400,0,0.0,-1.0,-1.0,-1.0
342,2,33,0,32400,0,0.0,-1.0,-1.0,-1.0
342,2,33,1,32400,0,0.0,-1.0,-1.0,-1.0
342,2,33,2,32400,0,0.0,-1.0,-1.0,-1.0
342,2,34,0,32400,0,0.0,-1.0,-1.0,-1.0
342,2,34,1,32400,0,0.0,-1.0,-1.0,-1.0
342,2,34,2,32400,0,0.0,-1.0,-1.0,-1.0
342,2,35,0,32400,0,0.0,-1.0,-1.0,-1.0
342,2,35,1,32400,0,0.0,-1.0,-1.0,-1.0
342,2,35,2,32400,0,0.0,-1.0,-1.0,-1.0
342,3,1,0,32400,27,0.0008333333333333334,8.962964057922363,-1.0,0.2222222222222222
342,3,1,1,32400,10,0.00030864197530864197,8.100000381469727,-1.0,0.2
342,3,1,2,32400,4,0.0001234567901234568,14.500000953674316,-1.0,0.0
342,3,2,0,32400,12,0.00037037037037037035,11.666666984558105,0.2962962962962963,0.16666666666666666
342,3,2,1,32400,8,0.0002469135802469136,18.000001907348633,0.3,0.0
342,3,2,2,32400,3,9.259259259259259e-05,10.333333969116211,0.25,0.0
342,3,3,0,32400,14,0.0004320987654320988,14.642857551574707,0.3333333333333333,0.35714285714285715
342,3,3,1,32400,3,9.259259259259259e-05,1.3333333730697632,0.0,0.0
342,3,3,2,32400,3,9.259259259259259e-05,8.666666984558105,0.3333333333333333,0.0
342,3,4,0,32400,6,0.00018518518518518518,16.166667938232422,0.21428571428571427,0.3333333333333333
342,3,4,1,32400,6,0.00018518518518518518,11.5,0.0,0.0
342,3,4,2,32400,2,6.17283950617284e-05,4.5,0.0,0.0
342,3,5,0,32400,7,0.0002160493827160494,4.0,0.3333333333333333,0.2857142857142857
342,3,5,1,32400,1,3.08641975308642e-05,43.000003814697266,0.0,0.0
342,3,5,2,32400,2,6.17283950617284e-05,2.5,0.5,0.0
342,3,6,0,32400,3,9.259259259259259e-05,119.33334350585938,0.2857142857142857,0.0
342,3,6,1,32400,1,3.08641975308642e-05,3.0,0.0,0.0
342,3,6,2,32400,2,6.17283950617284e-05,2.0,0.5,0.0
342,3,7,0,32400,4,0.0001234567901234568,2.75,0.6666666666666666,0.0
342,3,7,1,32400,1,3.08641975308642e-05,17.0,1.0,0.0
342,3,7,2,32400,1,3.08641975308642e-05,1.0,0.5,0.0
342,3,8,0,32400,2,6.17283950617284e-05,3.499999761581421,0.25,0.0
342,3,8,1,32400,0,0.0,-1.0,0.0,-1.0
342,3,8,2,32400,2,6.17283950617284e-05,14.5,1.0,0.0
342,3,9,0,32400,0,0.0,-1.0,0.0,-1.0
342,3,9,1,32400,0,0.0,-1.0,-1.0,-1.0
342,3,9,2,32400,0,0.0,-1.0,0.0,-1.0
342,3,10,0,32400,1,3.08641975308642e-05,2.0,-1.0,0.0
342,3,10,1,32400,0,0.0,-1.0,-1.0,-1.0
342,3,10,2,32400,0,0.0,-1.0,-1.0,-1.0
342,3,11,0,32400,0,0.0,-1.0,0.0,-1.0
342,3,11,1,32400,1,3.08641975308642e-05,19.0,-1.0,0.0
342,3,11,2,32400,0,0.0,-1.0,-1.0,-1.0
342,3,12,0,32400,0,0.0,-1.0,-1.0,-1.0
342,3,12,1,32400,1,3.08641975308642e-05,21.000001907348633,0.0,0.0
342,3,12,2,32400,0,0.0,-1.0,-1.0,-1.0
342,3,13,0,32400,0,0.0,-1.0,-1.0,-1.0
342,3,13,1,32400,0,0.0,-1.0,0.0,-1.0
342,3,13,2,32400,0,0.0,-1.0,-1.0,-1.0
342,3,14,0,32400,0,0.0,-1.0,-1.0,-1.0
342,3,14,1,32400,1,3.08641975308642e-05,8.0,-1.0,0.0
342,3,14,2,32400,0,0.0,-1.0,-1.0,-1.0
342,3,15,0,32400,0,0.0,-1.0,-1.0,-1.0
342,3,15,1,32400,0,0.0,-1.0,0.0,-1.0
342,3,15,2,32400,0,0.0,-1.0,-1.0,-1.0
342,3,16,0,32400,0,0.0,-1.0,-1.0,-1.0
342,3,16,1,32400,1,3.08641975308642e-05,3.0,-1.0,0.0
342,3,16,2,32400,0,0.0,-1.0,-1.0,-1.0
342,3,17,0,32400,0,0.0,-1.0,-1.0,-1.0
342,3,17,1,32400,0,0.0,-1.0,0.0,-1.0
342,3,17,2,32400,0,0.0,-1.0,-1.0,-1.0
342,3,18,0,32400,0,0.0,-1.0,-1.0,-1.0
342,3,18,1,32400,0,0.0,-1.0,-1.0,-1.0
342,3,18,2,32400,0,0.0,-1.0,-1.0,-1.0
342,3,19,0,32400,0,0.0,-1.0,-1.0,-1.0
342,3,19,1,32400,0,0.0,-1.0,-1.0,-1.0
342,3,19,2,32400,0,0.0,-1.0,-1.0,-1.0
342,3,20,0,32400,0,0.0,-1.0,-1.0,-1.0
342,3,20,1,32400,0,0.0,-1.0,-1.0,-1.0
342,3,20,2,32400,0,0.0,-1.0,-1.0,-1.0
342,3,21,0,32400,0,0.0,-1.0,-1.0,-1.0
342,3,21,1,32400,0,0.0,-1.0,-1.0,-1.0
342,3,21,2,32400,0,0.0,-1.0,-1.0,-1.0
342,3,22,0,32400,0,0.0,-1.0,-1.0,-1.0
342,3,22,1,32400,0,0.0,-1.0,-1.0,-1.0
342,3,22,2,32400,0,0.0,-1.0,-1.0,-1.0
342,3,23,0,32400,0,0.0,-1.0,-1.0,-1.0
342,3,23,1,32400,0,0.0,-1.0,-1.0,-1.0
342,3,23,2,32400,0,0.0,-1.0,-1.0,-1.0
342,3,24,0,32400,0,0.0,-1.0,-1.0,-1.0
342,3,24,1,32400,0,0.0,-1.0,-1.0,-1.0
342,3,24,2,32400,0,0.0,-1.0,-1.0,-1.0
342,3,25,0,32400,0,0.0,-1.0,-1.0,-1.0
342,3,25,1,32400,0,0.0,-1.0,-1.0,-1.0
342,3,25,2,32400,0,0.0,-1.0,-1.0,-1.0
342,3,26,0,32400,0,0.0,-1.0,-1.0,-1.0
342,3,26,1,32400,0,0.0,-1.0,-1.0,-1.0
342,3,26,2,32400,0,0.0,-1.0,-1.0,-1.0
342,3,27,0,32400,0,0.0,-1.0,-1.0,-1.0
342,3,27,1,32400,0,0.0,-1.0,-1.0,-1.0
342,3,27,2,32400,0,0.0,-1.0,-1.0,-1.0
342,3,28,0,32400,0,0.0,-1.0,-1.0,-1.0
342,3,28,1,32400,0,0.0,-1.0,-1.0,-1.0
342,3,28,2,32400,0,0.0,-1.0,-1.0,-1.0
342,3,29,0,32400,0,0.0,-1.0,-1.0,-1.0
342,3,29,1,32400,0,0.0,-1.0,-1.0,-1.0
342,3,29,2,32400,0,0.0,-1.0,-1.0,-1.0
342,3,30,0,32400,0,0.0,-1.0,-1.0,-1.0
342,3,30,1,32400,0,0.0,-1.0,-1.0,-1.0
342,3,30,2,32400,0,0.0,-1.0,-1.0,-1.0
342,3,31,0,32400,0,0.0,-1.0,-1.0,-1.0
342,3,31,1,32400,0,0.0,-1.0,-1.0,-1.0
342,3,31,2,32400,0,0.0,-1.0,-1.0,-1.0
342,3,32,0,32400,0,0.0,-1.0,-1.0,-1.0
342,3,32,1,32400,0,0.0,-1.0,-1.0,-1.0
342,3,32,2,32400,0,0.0,-1.0,-1.0,-1.0
342,3,33,0,32400,0,0.0,-1.0,-1.0,-1.0
342,3,33,1,32400,0,0.0,-1.0,-1.0,-1.0
342,3,33,2,32400,0,0.0,-1.0,-1.0,-1.0
342,3,34,0,32400,0,0.0,-1.0,-1.0,-1.0
342,3,34,1,32400,0,0.0,-1.0,-1.0,-1.0
342,3,34,2,32400,0,0.0,-1.0,-1.0,-1.0
342,3,35,0,32400,0,0.0,-1.0,-1.0,-1.0
342,3,35,1,32400,0,0.0,-1.0,-1.0,-1.0
342,3,35,2,32400,0,0.0,-1.0,-1.0,-1.0
343,0,1,0,32400,23,0.0007098765432098765,24.60869598388672,-1.0,0.30434782608695654
343,0,1,1,32400,4,0.0001234567901234568,16.750001907348633,-1.0,0.0
343,0,1,2,32400,10,0.00030864197530864197,14.40000057220459,-1.0,0.1
343,0,2,0,32400,12,0.00037037037037037035,11.916667938232422,0.2608695652173913,0.08333333333333333
343,0,2,1,32400,3,9.259259259259259e-05,22.33333396911621,0.0,0.0
343,0,2,2,32400,5,0.00015432098765432098,6.000000476837158,0.3,0.2
343,0,3,0,32400,8,0.0002469135802469136,6.875,0.08333333333333333,0.25
343,0,3,1,32400,4,0.0001234567901234568,34.5,0.3333333333333333,0.0
343,0,3,2,32400,5,0.00015432098765432098,6.400000095367432,0.0,0.2
343,0,4,0,32400,7,0.0002160493827160494,1.8571429252624512,0.5,0.0
343,0,4,1,32400,1,3.08641975308642e-05,2.0,0.25,0.0
343,0,4,2,32400,0,0.0,-1.0,0.0,-1.0
343,0,5,0,32400,5,0.00015432098765432098,14.0,0.0,0.0
343,0,5,1,32400,3,9.259259259259259e-05,3.6666667461395264,0.0,0.0
343,0,5,2,32400,0,0.0,-1.0,-1.0,-1.0
343,0,6,0,32400,2,6.17283950617284e-05,13.000000953674316,0.2,0.0
343,0,6,1,32400,2,6.17283950617284e-05,8.5,0.3333333333333333,0.0
343,0,6,2,32400,1,3.08641975308642e-05,3.0,-1.0,0.0
343,0,7,0,32400,1,3.08641975308642e-05,5.999999523162842,0.0,0.0
343,0,7,1,32400,1,3.08641975308642e-05,93.00001525878906,0.0,0.0
343,0,7,2,32400,0,0.0,-1.0,0.0,-1.0
343,0,8,0,32400,0,0.0,-1.0,0.0,-1.0
343,0,8,1,32400,1,3.08641975308642e-05,15.0,0.0,0.0
343,0,8,2,32400,0,0.0,-1.0,-1.0,-1.0
343,0,9,0,32400,0,0.0,-1.0,-1.0,-1.0
343,0,9,1,32400,0,0.0,-1.0,0.0,-1.0
343,0,9,2,32400,0,0.0,-1.0,-1.0,-1.0
343,0,10,0,32400,1,3.08641975308642e-05,4.0,-1.0,0.0
343,0,10,1,32400,0,0.0,-1.0,-1.0,-1.0
343,0,10,2,32400,0,0.0,-1.0,-1.0,-1.0
343,0,11,0,32400,1,3.08641975308642e-05,1.0,0.0,0.0
343,0,11,1,32400,0,0.0,-1.0,-1.0,-1.0
343,0,11,2,32400,0,0.0,-1.0,-1.0,-1.0
343,0,12,0,32400,0,0.0,-1.0,0.0,-1.0
343,0,12,1,32400,0,0.0,-1.0,-1.0,-1.0
343,0,12,2,32400,0,0.0,-1.0,-1.0,-1.0
343,0,13,0,32400,0,0.0,-1.0,-1.0,-1.0
343,0,13,1,32400,0,0.0,-1.0,-1.0,-1.0
343,0,13,2,32400,0,0.0,-1.0,-1.0,-1.0
343,0,14,0,32400,0,0.0,-1.0,-1.0,-1.0
343,0,14,1,32400,0,0.0,-1.0,-1.0,-1.0
343,0,14,2,32400,0,0.0,-1.0,-1.0,-1.0
343,0,15,0,32400,0,0.0,-1.0,-1.0,-1.0
343,0,15,1,32400,0,0.0,-1.0,-1.0,-1.0
343,0,15,2,32400,0,0.0,-1.0,-1.0,-1.0
343,0,16,0,32400,0,0.0,-1.0,-1.0,-1.0
343,0,16,1,32400,0,0.0,-1.0,-1.0,-1.0
343,0,16,2,32400,0,0.0,-1.0,-1.0,-1.0
343,0,17,0,32400,2,6.17283950617284e-05,12.000000953674316,-1.0,0.0
343,0,17,1,32400,0,0.0,-1.0,-1.0,-1.0
343,0,17,2,32400,0,0.0,-1.0,-1.0,-1.0
343,0,18,0,32400,0,0.0,-1.0,0.0,-1.0
343,0,18,1,32400,0,0.0,-1.0,-1.0,-1.0
343,0,18,2,32400,0,0.0,-1.0,-1.0,-1.0
343,0,19,0,32400,0,0.0,-1.0,-1.0,-1.0
343,0,19,1,32400,0,0.0,-1.0,-1.0,-1.0
343,0,19,2,32400,0,0.0,-1.0,-1.0,-1.0
343,0,20,0,32400,0,0.0,-1.0,-1.0,-1.0
343,0,20,1,32400,0,0.0,-1.0,-1.0,-1.0
343,0,20,2,32400,0,0.0,-1.0,-1.0,-1.0
343,0,21,0,32400,0,0.0,-1.0,-1.0,-1.0
343,0,21,1,32400,0,0.0,-1.0,-1.0,-1.0
343,0,21,2,32400,0,0.0,-1.0,-1.0,-1.0
343,0,22,0,32400,0,0.0,-1.0,-1.0,-1.0
343,0,22,1,32400,0,0.0,-1.0,-1.0,-1.0
343,0,22,2,32400,0,0.0,-1.0,-1.0,-1.0
343,0,23,0,32400,0,0.0,-1.0,-1.0,-1.0
343,0,23,1,32400,0,0.0,-1.0,-1.0,-1.0
343,0,23,2,32400,0,0.0,-1.0,-1.0,-1.0
343,0,24,0,32400,0,0.0,-1.0,-1.0,-1.0
343,0,24,1,32400,0,0.0,-1.0,-1.0,-1.0
343,0,24,2,32400,0,0.0,-1.0,-1.0,-1.0
343,0,25,0,32400,0,0.0,-1.0,-1.0,-1.0
343,0,25,1,32400,0,0.0,-1.0,-1.0,-1.0
343,0,25,2,32400,0,0.0,-1.0,-1.0,-1.0
343,0,26,0,32400,0,0.0,-1.0,-1.0,-1.0
343,0,26,1,32400,0,0.0,-1.0,-1.0,-1.0
343,0,26,2,32400,0,0.0,-1.0,-1.0,-1.0
343,0,27,0,32400,0,0.0,-1.0,-1.0,-1.0
343,0,27,1,32400,0,0.0,-1.0,-1.0,-1.0
343,0,27,2,32400,0,0.0,-1.0,-1.0,-1.0
343,0,28,0,32400,0,0.0,-1.0,-1.0,-1.0
343,0,28,1,32400,0,0.0,-1.0,-1.0,-1.0
343,0,28,2,32400,0,0.0,-1.0,-1.0,-1.0
343,0,29,0,32400,0,0.0,-1.0,-1.0,-1.0
343,0,29,1,32400,0,0.0,-1.0,-1.0,-1.0
343,0,29,2,32400,0,0.0,-1.0,-1.0,-1.0
343,0,30,0,32400,0,0.0,-1.0,-1.0,-1.0
343,0,30,1,32400,0,0.0,-1.0,-1.0,-1.0
343,0,30,2,32400,0,0.0,-1.0,-1.0,-1.0
343,0,31,0,32400,0,0.0,-1.0,-1.0,-1.0
343,0,31,1,32400,0,0.0,-1.0,-1.0,-1.0
343,0,31,2,32400,0,0.0,-1.0,-1.0,-1.0
343,0,32,0,32400,0,0.0,-1.0,-1.0,-1.0
343,0,32,1,32400,0,0.0,-1.0,-1.0,-1.0
343,0,32,2,32400,0,0.0,-1.0,-1.0,-1.0
343,0,33,0,32400,0,0.0,-1.0,-1.0,-1.0
343,0,33,1,32400,0,0.0,-1.0,-1.0,-1.0
343,0,33,2,32400,0,0.0,-1.0,-1.0,-1.0
343,0,34,0,32400,0,0.0,-1.0,-1.0,-1.0
343,0,34,1,32400,0,0.0,-1.0,-1.0,-1.0
343,0,34,2,32400,0,0.0,-1.0,-1.0,-1.0
343,0,35,0,32400,0,0.0,-1.0,-1.0,-1.0
343,0,35,1,32400,0,0.0,-1.0,-1.0,-1.0
343,0,35,2,32400,0,0.0,-1.0,-1.0,-1.0
343,1,1,0,32400,25,0.0007716049382716049,13.319999694824219,-1.0,0.32
343,1,1,1,32400,10,0.00030864197530864197,34.40000534057617,-1.0,0.2
343,1,1,2,32400,7,0.0002160493827160494,2.857142925262451,-1.0,0.0
343,1,2,0,32400,10,0.00030864197530864197,9.800000190734863,0.2,0.1
343,1,2,1,32400,6,0.00018518518518518518,23.666669845581055,0.1,0.0
343,1,2,2,32400,4,0.0001234567901234568,2.75,0.0,0.0
343,1,3,0,32400,11,0.00033950617283950616,79.45455169677734,0.3,0.0
343,1,3,1,32400,5,0.00015432098765432098,27.200000762939453,0.16666666666666666,0.0
343,1,3,2,32400,1,3.08641975308642e-05,3.0,0.0,0.0
343,1,4,0,32400,7,0.0002160493827160494,9.428571701049805,0.18181818181818182,0.0
343,1,4,1,32400,3,9.259259259259259e-05,13.333334922790527,0.0,0.0
343,1,4,2,32400,1,3.08641975308642e-05,1.0,1.0,0.0
343,1,5,0,32400,3,9.259259259259259e-05,2.3333334922790527,0.14285714285714285,0.0
343,1,5,1,32400,4,0.0001234567901234568,7.500000476837158,0.0,0.0
343,1,5,2,32400,3,9.259259259259259e-05,5.0,0.0,0.0
343,1,6,0,32400,3,9.259259259259259e-05,4.0,0.6666666666666666,0.0
343,1,6,1,32400,0,0.0,-1.0,0.0,-1.0
343,1,6,2,32400,1,3.08641975308642e-05,11.999999046325684,0.0,0.0
343,1,7,0,32400,5,0.00015432098765432098,13.000001907348633,0.3333333333333333,0.0
343,1,7,1,32400,0,0.0,-1.0,-1.0,-1.0
343,1,7,2,32400,0,0.0,-1.0,0.0,-1.0
343,1,8,0,32400,4,0.0001234567901234568,2.75,0.4,0.0
343,1,8,1,32400,2,6.17283950617284e-05,10.500000953674316,-1.0,0.0
343,1,8,2,32400,1,3.08641975308642e-05,3.0,-1.0,0.0
343,1,9,0,32400,2,6.17283950617284e-05,1.5,0.5,0.0
343,1,9,1,32400,0,0.0,-1.0,0.0,-1.0
343,1,9,2,32400,0,0.0,-1.0,0.0,-1.0
343,1,10,0,32400,0,0.0,-1.0,0.0,-1.0
343,1,10,1,32400,0,0.0,-1.0,-1.0,-1.0
343,1,10,2,32400,1,3.08641975308642e-05,2.0,-1.0,0.0
343,1,11,0,32400,0,0.0,-1.0,-1.0,-1.0
343,1,11,1,32400,0,0.0,-1.0,-1.0,-1.0
343,1,11,2,32400,0,0.0,-1.0,0.0,-1.0
343,1,12,0,32400,0,0.0,-1.0,-1.0,-1.0
343,1,12,1,32400,0,0.0,-1.0,-1.0,-1.0
343,1,12,2,32400,0,0.0,-1.0,-1.0,-1.0
343,1,13,0,32400,0,0.0,-1.0,-1.0,-1.0
343,1,13,1,32400,0,0.0,-1.0,-1.0,-1.0
343,1,13,2,32400,0,0.0,-1.0,-1.0,-1.0
343,1,14,0,32400,0,0.0,-1.0,-1.0,-1.0
343,1,14,1,32400,0,0.0,-1.0,-1.0,-1.0
343,1,14,2,32400,0,0.0,-1.0,-1.0,-1.0
343,1,15,0,32400,1,3.08641975308642e-05,1.0,-1.0,0.0
343,1,15,1,32400,0,0.0,-1.0,-1.0,-1.0
343,1,15,2,32400,0,0.0,-1.0,-1.0,-1.0
343,1,16,0,32400,1,3.08641975308642e-05,3.0,0.0,0.0
343,1,16,1,32400,0,0.0,-1.0,-1.0,-1.0
343,1,16,2,32400,0,0.0,-1.0,-1.0,-1.0
343,1,17,0,32400,0,0.0,-1.0,0.0,-1.0
343,1,17,1,32400,0,0.0,-1.0,-1.0,-1.0
343,1,17,2,32400,0,0.0,-1.0,-1.0,-1.0
343,1,18,0,32400,0,0.0,-1.0,-1.0,-1.0
343,1,18,1,32400,0,0.0,-1.0,-1.0,-1.0
343,1,18,2,32400,0,0.0,-1.0,-1.0,-1.0
343,1,19,0,32400,0,0.0,-1.0,-1.0,-1.0
343,1,19,1,32400,0,0.0,-1.0,-1.0,-1.0
343,1,19,2,32400,0,0.0,-1.0,-1.0,-1.0
343,1,20,0,32400,0,0.0,-1.0,-1.0,-1.0
343,1,20,1,32400,0,0.0,-1.0,-1.0,-1.0
343,1,20,2,32400,0,0.0,-1.0,-1.0,-1.0
343,1,21,0,32400,0,0.0,-1.0,-1.0,-1.0
343,1,21,1,32400,0,0.0,-1.0,-1.0,-1.0
343,1,21,2,32400,0,0.0,-1.0,-1.0,-1.0
343,1,22,0,32400,0,0.0,-1.0,-1.0,-1.0
343,1,22,1,32400,0,0.0,-1.0,-1.0,-1.0
343,1,22,2,32400,0,0.0,-1.0,-1.0,-1.0
343,1,23,0,32400,0,0.0,-1.0,-1.0,-1.0
343,1,23,1,32400,0,0.0,-1.0,-1.0,-1.0
343,1,23,2,32400,0,0.0,-1.0,-1.0,-1.0
343,1,24,0,32400,0,0.0,-1.0,-1.0,-1.0
343,1,24,1,32400,0,0.0,-1.0,-1.0,-1.0
343,1,24,2,32400,0,0.0,-1.0,-1.0,-1.0
343,1,25,0,32400,0,0.0,-1.0,-1.0,-1.0
343,1,25,1,32400,0,0.0,-1.0,-1.0,-1.0
343,1,25,2,32400,0,0.0,-1.0,-1.0,-1.0
343,1,26,0,32400,0,0.0,-1.0,-1.0,-1.0
343,1,26,1,32400,0,0.0,-1.0,-1.0,-1.0
343,1,26,2,32400,0,0.0,-1.0,-1.0,-1.0
343,1,27,0,32400,0,0.0,-1.0,-1.0,-1.0
343,1,27,1,32400,0,0.0,-1.0,-1.0,-1.0
343,1,27,2,32400,0,0.0,-1.0,-1.0,-1.0
343,1,28,0,32400,0,0.0,-1.0,-1.0,-1.0
343,1,28,1,32400,0,0.0,-1.0,-1.0,-1.0
343,1,28,2,32400,0,0.0,-1.0,-1.0,-1.0
343,1,29,0,32400,0,0.0,-1.0,-1.0,-1.0
343,1,29,1,32400,0,0.0,-1.0,-1.0,-1.0
343,1,29,2,32400,0,0.0,-1.0,-1.0,-1.0
343,1,30,0,32400,0,0.0,-1.0,-1.0,-1.0
343,1,30,1,32400,0,0.0,-1.0,-1.0,-1.0
343,1,30,2,32400,0,0.0,-1.0,-1.0,-1.0
343,1,31,0,32400,0,0.0,-1.0,-1.0,-1.0
343,1,31,1,32400,0,0.0,-1.0,-1.0,-1.0
343,1,31,2,32400,0,0.0,-1.0,-1.0,-1.0
343,1,32,0,32400,0,0.0,-1.0,-1.0,-1.0
343,1,32,1,32400,0,0.0,-1.0,-1.0,-1.0
343,1,32,2,32400,0,0.0,-1.0,-1.0,-1.0
343,1,33,0,32400,0,0.0,-1.0,-1.0,-1.0
343,1,33,1,32400,1,3.08641975308642e-05,1.0,-1.0,0.0
343,1,33,2,32400,0,0.0,-1.0,-1.0,-1.0
343,1,34,0,32400,0,0.0,-1.0,-1.0,-1.0
343,1,34,1,32400,0,0.0,-1.0,0.0,-1.0
343,1,34,2,32400,0,0.0,-1.0,-1.0,-1.0
343,1,35,0,32400,0,0.0,-1.0,-1.0,-1.0
343,1,35,1,32400,0,0.0,-1.0,-1.0,-1.0
343,1,35,2,32400,0,0.0,-1.0,-1.0,-1.0
343,2,1,0,32400,22,0.0006790123456790123,11.136363983154297,-1.0,0.3181818181818182
343,2,1,1,32400,5,0.00015432098765432098,9.199999809265137,-1.0,0.0
343,2,1,2,32400,4,0.0001234567901234568,4.25,-1.0,0.25
343,2,2,0,32400,9,0.0002777777777777778,4.222222328186035,0.09090909090909091,0.0
343,2,2,1,32400,3,9.259259259259259e-05,3.0,0.2,0.0
343,2,2,2,32400,3,9.259259259259259e-05,6.333333492279053,0.25,0.0
343,2,3,0,32400,9,0.0002777777777777778,8.55555534362793,0.1111111111111111,0.0
343,2,3,1,32400,2,6.17283950617284e-05,1.5,0.0,0.0
343,2,3,2,32400,4,0.0001234567901234568,2.0,0.0,0.0
343,2,4,0,32400,8,0.0002469135802469136,9.5,0.5555555555555556,0.25
343,2,4,1,32400,4,0.0001234567901234568,3.499999761581421,0.5,0.25
343,2,4,2,32400,1,3.08641975308642e-05,5.999999523162842,0.0,0.0
343,2,5,0,32400,3,9.259259259259259e-05,9.0,0.125,0.0
343,2,5,1,32400,0,0.0,-1.0,0.0,-1.0
343,2,5,2,32400,0,0.0,-1.0,0.0,-1.0
343,2,6,0,32400,4,0.0001234567901234568,4.5,0.0,0.0
343,2,6,1,32400,0,0.0,-1.0,-1.0,-1.0
343,2,6,2,32400,2,6.17283950617284e-05,4.0,-1.0,0.0
343,2,7,0,32400,3,9.259259259259259e-05,2.6666665077209473,0.5,0.3333333333333333
343,2,7,1,32400,0,0.0,-1.0,-1.0,-1.0
343,2,7,2,32400,2,6.17283950617284e-05,3.499999761581421,0.5,0.0
343,2,8,0,32400,2,6.17283950617284e-05,2.0,0.6666666666666666,0.0
343,2,8,1,32400,0,0.0,-1.0,-1.0,-1.0
343,2,8,2,32400,1,3.08641975308642e-05,1.0,0.0,0.0
343,2,9,0,32400,5,0.00015432098765432098,59.399993896484375,1.0,0.4
343,2,9,1,32400,0,0.0,-1.0,-1.0,-1.0
343,2,9,2,32400,2,6.17283950617284e-05,1.5,0.0,0.5
343,2,10,0,32400,0,0.0,-1.0,0.0,-1.0
343,2,10,1,32400,0,0.0,-1.0,-1.0,-1.0
343,2,10,2,32400,0,0.0,-1.0,0.0,-1.0
343,2,11,0,32400,0,0.0,-1.0,-1.0,-1.0
343,2,11,1,32400,0,0.0,-1.0,-1.0,-1.0
343,2,11,2,32400,0,0.0,-1.0,-1.0,-1.0
343,2,12,0,32400,0,0.0,-1.0,-1.0,-1.0
343,2,12,1,32400,0,0.0,-1.0,-1.0,-1.0
343,2,12,2,32400,0,0.0,-1.0,-1.0,-1.0
343,2,13,0,32400,0,0.0,-1.0,-1.0,-1.0
343,2,13,1,32400,0,0.0,-1.0,-1.0,-1.0
343,2,13,2,32400,0,0.0,-1.0,-1.0,-1.0
343,2,14,0,32400,0,0.0,-1.0,-1.0,-1.0
343,2,14,1,32400,0,0.0,-1.0,-1.0,-1.0
343,2,14,2,32400,0,0.0,-1.0,-1.0,-1.0
343,2,15,0,32400,0,0.0,-1.0,-1.0,-1.0
343,2,15,1,32400,0,0.0,-1.0,-1.0,-1.0
343,2,15,2,32400,0,0.0,-1.0,-1.0,-1.0
343,2,16,0,32400,0,0.0,-1.0,-1.0,-1.0
343,2,16,1,32400,0,0.0,-1.0,-1.0,-1.0
343,2,16,2,32400,0,0.0,-1.0,-1.0,-1.0
343,2,17,0,32400,0,0.0,-1.0,-1.0,-1.0
343,2,17,1,32400,0,0.0,-1.0,-1.0,-1.0
343,2,17,2,32400,0,0.0,-1.0,-1.0,-1.0
343,2,18,0,32400,0,0.0,-1.0,-1.0,-1.0
343,2,18,1,32400,0,0.0,-1.0,-1.0,-1.0
343,2,18,2,32400,0,0.0,-1.0,-1.0,-1.0
343,2,19,0,32400,0,0.0,-1.0,-1.0,-1.0
343,2,19,1,32400,0,0.0,-1.0,-1.0,-1.0
343,2,19,2,32400,0,0.0,-1.0,-1.0,-1.0
343,2,20,0,32400,0,0.0,-1.0,-1.0,-1.0
343,2,20,1,32400,0,0.0,-1.0,-1.0,-1.0
343,2,20,2,32400,0,0.0,-1.0,-1.0,-1.0
343,2,21,0,32400,0,0.0,-1.0,-1.0,-1.0
343,2,21,1,32400,0,0.0,-1.0,-1.0,-1.0
343,2,21,2,32400,0,0.0,-1.0,-1.0,-1.0
343,2,22,0,32400,0,0.0,-1.0,-1.0,-1.0
343,2,22,1,32400,0,0.0,-1.0,-1.0,-1.0
343,2,22,2,32400,0,0.0,-1.0,-1.0,-1.0
343,2,23,0,32400,0,0.0,-1.0,-1.0,-1.0
343,2,23,1,32400,0,0.0,-1.0,-1.0,-1.0
343,2,23,2,32400,0,0.0,-1.0,-1.0,-1.0
343,2,24,0,32400,0,0.0,-1.0,-1.0,-1.0
343,2,24,1,32400,0,0.0,-1.0,-1.0,-1.0
343,2,24,2,32400,0,0.0,-1.0,-1.0,-1.0
343,2,25,0,32400,0,0.0,-1.0,-1.0,-1.0
343,2,25,1,32400,0,0.0,-1.0,-1.0,-1.0
343,2,25,2,32400,0,0.0,-1.0,-1.0,-1.0
343,2,26,0,32400,0,0.0,-1.0,-1.0,-1.0
343,2,26,1,32400,0,0.0,-1.0,-1.0,-1.0
343,2,26,2,32400,0,0.0,-1.0,-1.0,-1.0
343,2,27,0,32400,0,0.0,-1.0,-1.0,-1.0
343,2,27,1,32400,0,0.0,-1.0,-1.0,-1.0
343,2,27,2,32400,0,0.0,-1.0,-1.0,-1.0
343,2,28,0,32400,0,0.0,-1.0,-1.0,-1.0
343,2,28,1,32400,0,0.0,-1.0,-1.0,-1.0
343,2,28,2,32400,0,0.0,-1.0,-1.0,-1.0
343,2,29,0,32400,0,0.0,-1.0,-1.0,-1.0
343,2,29,1,32400,0,0.0,-1.0,-1.0,-1.0
343,2,29,2,32400,0,0.0,-1.0,-1.0,-1.0
343,2,30,0,32400,0,0.0,-1.0,-1.0,-1.0
343,2,30,1,32400,0,0.0,-1.0,-1.0,-1.0
343,2,30,2,32400,0,0.0,-1.0,-1.0,-1.0
343,2,31,0,32400,0,0.0,-1.0,-1.0,-1.0
343,2,31,1,32400,0,0.0,-1.0,-1.0,-1.0
343,2,31,2,32400,0,0.0,-1.0,-1.0,-1.0
343,2,32,0,32400,0,0.0,-1.0,-1.0,-1.0
343,2,32,1,32400,0,0.0,-1.0,-1.0,-1.0
343,2,32,2,32400,0,0.0,-1.0,-1.0,-1.0
343,2,33,0,32400,0,0.0,-1.0,-1.0,-1.0
343,2,33,1,32400,0,0.0,-1.0,-1.0,-1.0
343,2,33,2,32400,0,0.0,-1.0,-1.0,-1.0
343,2,34,0,32400,0,0.0,-1.0,-1.0,-1.0
343,2,34,1,32400,0,0.0,-1.0,-1.0,-1.0
343,2,34,2,32400,0,0.0,-1.0,-1.0,-1.0
343,2,35,0,32400,0,0.0,-1.0,-1.0,-1.0
343,2,35,1,32400,0,0.0,-1.0,-1.0,-1.0
343,2,35,2,32400,0,0.0,-1.0,-1.0,-1.0
343,3,1,0,32400,31,0.0009567901234567902,24.870967864990234,-1.0,0.2903225806451613
343,3,1,1,32400,11,0.00033950617283950616,30.454551696777344,-1.0,0.18181818181818182
343,3,1,2,32400,9,0.0002777777777777778,13.222222328186035,-1.0,0.1111111111111111
343,3,2,0,32400,19,0.0005864197530864197,5.3684210777282715,0.2903225806451613,0.15789473684210525
343,3,2,1,32400,4,0.0001234567901234568,7.750000476837158,0.2727272727272727,0.0
343,3,2,2,32400,5,0.00015432098765432098,5.800000190734863,0.2222222222222222,0.2
343,3,3,0,32400,5,0.00015432098765432098,18.399999618530273,0.15789473684210525,0.2
343,3,3,1,32400,2,6.17283950617284e-05,1.0,0.0,0.0
343,3,3,2,32400,4,0.0001234567901234568,37.25,0.2,0.0
343,3,4,0,32400,5,0.00015432098765432098,4.599999904632568,0.0,0.0
343,3,4,1,32400,4,0.0001234567901234568,4.0,0.5,0.0
343,3,4,2,32400,1,3.08641975308642e-05,5.0,0.0,0.0
343,3,5,0,32400,4,0.0001234567901234568,11.000000953674316,0.2,0.0
343,3,5,1,32400,2,6.17283950617284e-05,40.499996185302734,0.0,0.0
343,3,5,2,32400,1,3.08641975308642e-05,5.0,0.0,0.0
343,3,6,0,32400,0,0.0,-1.0,0.0,-1.0
343,3,6,1,32400,2,6.17283950617284e-05,9.5,0.5,0.0
343,3,6,2,32400,1,3.08641975308642e-05,1.0,1.0,0.0
343,3,7,0,32400,4,0.0001234567901234568,12.000000953674316,-1.0,0.0
343,3,7,1,32400,2,6.17283950617284e-05,13.500000953674316,0.0,0.0
343,3,7,2,32400,1,3.08641975308642e-05,1.0,0.0,0.0
343,3,8,0,32400,6,0.00018518518518518518,7.333333492279053,0.25,0.0
343,3,8,1,32400,0,0.0,-1.0,0.0,-1.0
343,3,8,2,32400,0,0.0,-1.0,0.0,-1.0
343,3,9,0,32400,0,0.0,-1.0,0.0,-1.0
343,3,9,1,32400,0,0.0,-1.0,-1.0,-1.0
343,3,9,2,32400,0,0.0,-1.0,-1.0,-1.0
343,3,10,0,32400,3,9.259259259259259e-05,1.0,-1.0,0.0
343,3,10,1,32400,0,0.0,-1.0,-1.0,-1.0
343,3,10,2,32400,0,0.0,-1.0,-1.0,-1.0
343,3,11,0,32400,0,0.0,-1.0,0.0,-1.0
343,3,11,1,32400,0,0.0,-1.0,-1.0,-1.0
343,3,11,2,32400,0,0.0,-1.0,-1.0,-1.0
343,3,12,0,32400,0,0.0,-1.0,-1.0,-1.0
343,3,12,1,32400,1,3.08641975308642e-05,16.0,-1.0,0.0
343,3,12,2,32400,0,0.0,-1.0,-1.0,-1.0
343,3,13,0,32400,0,0.0,-1.0,-1.0,-1.0
343,3,13,1,32400,0,0.0,-1.0,0.0,-1.0
343,3,13,2,32400,0,0.0,-1.0,-1.0,-1.0
343,3,14,0,32400,0,0.0,-1.0,-1.0,-1.0
343,3,14,1,32400,0,0.0,-1.0,-1.0,-1.0
343,3,14,2,32400,0,0.0,-1.0,-1.0,-1.0
343,3,15,0,32400,0,0.0,-1.0,-1.0,-1.0
343,3,15,1,32400,0,0.0,-1.0,-1.0,-1.0
343,3,15,2,32400,0,0.0,-1.0,-1.0,-1.0
343,3,16,0,32400,0,0.0,-1.0,-1.0,-1.0
343,3,16,1,32400,0,0.0,-1.0,-1.0,-1.0
343,3,16,2,32400,0,0.0,-1.0,-1.0,-1.0
343,3,17,0,32400,0,0.0,-1.0,-1.0,-1.0
343,3,17,1,32400,0,0.0,-1.0,-1.0,-1.0
343,3,17,2,32400,0,0.0,-1.0,-1.0,-1.0
343,3,18,0,32400,0,0.0,-1.0,-1.0,-1.0
343,3,18,1,32400,0,0.0,-1.0,-1.0,-1.0
343,3,18,2,32400,0,0.0,-1.0,-1.0,-1.0
343,3,19,0,32400,0,0.0,-1.0,-1.0,-1.0
343,3,19,1,32400,0,0.0,-1.0,-1.0,-1.0
343,3,19,2,32400,0,0.0,-1.0,-1.0,-1.0
343,3,20,0,32400,0,0.0,-1.0,-1.0,-1.0
343,3,20,1,32400,0,0.0,-1.0,-1.0,-1.0
343,3,20,2,32400,0,0.0,-1.0,-1.0,-1.0
343,3,21,0,32400,0,0.0,-1.0,-1.0,-1.0
343,3,21,1,32400,0,0.0,-1.0,-1.0,-1.0
343,3,21,2,32400,0,0.0,-1.0,-1.0,-1.0
343,3,22,0,32400,0,0.0,-1.0,-1.0,-1.0
343,3,22,1,32400,0,0.0,-1.0,-1.0,-1.0
343,3,22,2,32400,0,0.0,-1.0,-1.0,-1.0
343,3,23,0,32400,0,0.0,-1.0,-1.0,-1.0
343,3,23,1,32400,0,0.0,-1.0,-1.0,-1.0
343,3,23,2,32400,0,0.0,-1.0,-1.0,-1.0
343,3,24,0,32400,0,0.0,-1.0,-1.0,-1.0
343,3,24,1,32400,0,0.0,-1.0,-1.0,-1.0
343,3,24,2,32400,0,0.0,-1.0,-1.0,-1.0
343,3,25,0,32400,0,0.0,-1.0,-1.0,-1.0
343,3,25,1,32400,0,0.0,-1.0,-1.0,-1.0
343,3,25,2,32400,0,0.0,-1.0,-1.0,-1.0
343,3,26,0,32400,0,0.0,-1.0,-1.0,-1.0
343,3,26,1,32400,0,0.0,-1.0,-1.0,-1.0
343,3,26,2,32400,0,0.0,-1.0,-1.0,-1.0
343,3,27,0,32400,0,0.0,-1.0,-1.0,-1.0
343,3,27,1,32400,0,0.0,-1.0,-1.0,-1.0
343,3,27,2,32400,0,0.0,-1.0,-1.0,-1.0
343,3,28,0,32400,0,0.0,-1.0,-1.0,-1.0
343,3,28,1,32400,0,0.0,-1.0,-1.0,-1.0
343,3,28,2,32400,0,0.0,-1.0,-1.0,-1.0
343,3,29,0,32400,0,0.0,-1.0,-1.0,-1.0
343,3,29,1,32400,0,0.0,-1.0,-1.0,-1.0
343,3,29,2,32400,0,0.0,-1.0,-1.0,-1.0
343,3,30,0,32400,0,0.0,-1.0,-1.0,-1.0
343,3,30,1,32400,0,0.0,-1.0,-1.0,-1.0
343,3,30,2,32400,0,0.0,-1.0,-1.0,-1.0
343,3,31,0,32400,0,0.0,-1.0,-1.0,-1.0
343,3,31,1,32400,0,0.0,-1.0,-1.0,-1.0
343,3,31,2,32400,0,0.0,-1.0,-1.0,-1.0
343,3,32,0,32400,0,0.0,-1.0,-1.0,-1.0
343,3,32,1,32400,0,0.0,-1.0,-1.0,-1.0
343,3,32,2,32400,0,0.0,-1.0,-1.0,-1.0
343,3,33,0,32400,0,0.0,-1.0,-1.0,-1.0
343,3,33,1,32400,0,0.0,-1.0,-1.0,-1.0
343,3,33,2,32400,0,0.0,-1.0,-1.0,-1.0
343,3,34,0,32400,0,0.0,-1.0,-1.0,-1.0
343,3,34,1,32400,0,0.0,-1.0,-1.0,-1.0
343,3,34,2,32400,0,0.0,-1.0,-1.0,-1.0
343,3,35,0,32400,0,0.0,-1.0,-1.0,-1.0
343,3,35,1,32400,0,0.0,-1.0,-1.0,-1.0
343,3,35,2,32400,0,0.0,-1.0,-1.0,-1.0
344,0,1,0,32400,18,0.0005555555555555556,11.444446563720703,-1.0,0.16666666666666666
344,0,1,1,32400,10,0.00030864197530864197,10.70000171661377,-1.0,0.0
344,0,1,2,32400,4,0.0001234567901234568,14.5,-1.0,0.0
344,0,2,0,32400,9,0.0002777777777777778,8.44444465637207,0.2222222222222222,0.2222222222222222
344,0,2,1,32400,5,0.00015432098765432098,6.800000190734863,0.3,0.0
344,0,2,2,32400,2,6.17283950617284e-05,59.49999237060547,0.0,0.0
344,0,3,0,32400,6,0.00018518518518518518,1.8333333730697632,0.1111111111111111,0.0
344,0,3,1,32400,6,0.00018518518518518518,98.50001525878906,0.4,0.0
344,0,3,2,32400,2,6.17283950617284e-05,1.5,0.0,0.0
344,0,4,0,32400,5,0.00015432098765432098,22.199996948242188,0.0,0.0
344,0,4,1,32400,2,6.17283950617284e-05,21.0,0.0,0.0
344,0,4,2,32400,0,0.0,-1.0,0.0,-1.0
344,0,5,0,32400,3,9.259259259259259e-05,2.3333334922790527,0.0,0.0
344,0,5,1,32400,1,3.08641975308642e-05,2.0,0.5,0.0
344,0,5,2,32400,0,0.0,-1.0,-1.0,-1.0
344,0,6,0,32400,2,6.17283950617284e-05,1.0,0.3333333333333333,0.0
344,0,6,1,32400,1,3.08641975308642e-05,20.000001907348633,0.0,0.0
344,0,6,2,32400,0,0.0,-1.0,-1.0,-1.0
344,0,7,0,32400,2,6.17283950617284e-05,1.5,0.0,0.0
344,0,7,1,32400,1,3.08641975308642e-05,2.0,0.0,0.0
344,0,7,2,32400,0,0.0,-1.0,-1.0,-1.0
344,0,8,0,32400,1,3.08641975308642e-05,11.999999046325684,0.0,0.0
344,0,8,1,32400,1,3.08641975308642e-05,11.0,1.0,0.0
344,0,8,2,32400,0,0.0,-1.0,-1.0,-1.0
344,0,9,0,32400,3,9.259259259259259e-05,5.6666669845581055,1.0,0.0
344,0,9,1,32400,0,0.0,-1.0,0.0,-1.0
344,0,9,2,32400,0,0.0,-1.0,-1.0,-1.0
344,0,10,0,32400,1,3.08641975308642e-05,2.0,0.0,0.0
344,0,10,1,32400,0,0.0,-1.0,-1.0,-1.0
344,0,10,2,32400,0,0.0,-1.0,-1.0,-1.0
344,0,11,0,32400,0,0.0,-1.0,0.0,-1.0
344,0,11,1,32400,0,0.0,-1.0,-1.0,-1.0
344,0,11,2,32400,0,0.0,-1.0,-1.0,-1.0
344,0,12,0,32400,0,0.0,-1.0,-1.0,-1.0
344,0,12,1,32400,0,0.0,-1.0,-1.0,-1.0
344,0,12,2,32400,0,0.0,-1.0,-1.0,-1.0
344,0,13,0,32400,1,3.08641975308642e-05,1.0,-1.0,0.0
344,0,13,1,32400,0,0.0,-1.0,-1.0,-1.0
344,0,13,2,32400,0,0.0,-1.0,-1.0,-1.0
344,0,14,0,32400,0,0.0,-1.0,0.0,-1.0
344,0,14,1,32400,0,0.0,-1.0,-1.0,-1.0
344,0,14,2,32400,0,0.0,-1.0,-1.0,-1.0
344,0,15,0,32400,0,0.0,-1.0,-1.0,-1.0
344,0,15,1,32400,0,0.0,-1.0,-1.0,-1.0
344,0,15,2,32400,0,0.0,-1.0,-1.0,-1.0
344,0,16,0,32400,0,0.0,-1.0,-1.0,-1.0
344,0,16,1,32400,0,0.0,-1.0,-1.0,-1.0
344,0,16,2,32400,0,0.0,-1.0,-1.0,-1.0
344,0,17,0,32400,0,0.0,-1.0,-1.0,-1.0
344,0,17,1,32400,0,0.0,-1.0,-1.0,-1.0
344,0,17,2,32400,0,0.0,-1.0,-1.0,-1.0
344,0,18,0,32400,0,0.0,-1.0,-1.0,-1.0
344,0,18,1,32400,0,0.0,-1.0,-1.0,-1.0
344,0,18,2,32400,0,0.0,-1.0,-1.0,-1.0
344,0,19,0,32400,0,0.0,-1.0,-1.0,-1.0
344,0,19,1,32400,0,0.0,-1.0,-1.0,-1.0
344,0,19,2,32400,0,0.0,-1.0,-1.0,-1.0
344,0,20,0,32400,0,0.0,-1.0,-1.0,-1.0
344,0,20,1,32400,0,0.0,-1.0,-1.0,-1.0
344,0,20,2,32400,0,0.0,-1.0,-1.0,-1.0
344,0,21,0,32400,0,0.0,-1.0,-1.0,-1.0
344,0,21,1,32400,0,0.0,-1.0,-1.0,-1.0
344,0,21,2,32400,0,0.0,-1.0,-1.0,-1.0
344,0,22,0,32400,0,0.0,-1.0,-1.0,-1.0
344,0,22,1,32400,0,0.0,-1.0,-1.0,-1.0
344,0,22,2,32400,0,0.0,-1.0,-1.0,-1.0
344,0,23,0,32400,0,0.0,-1.0,-1.0,-1.0
344,0,23,1,32400,0,0.0,-1.0,-1.0,-1.0
344,0,23,2,32400,0,0.0,-1.0,-1.0,-1.0
344,0,24,0,32400,0,0.0,-1.0,-1.0,-1.0
344,0,24,1,32400,0,0.0,-1.0,-1.0,-1.0
344,0,24,2,32400,0,0.0,-1.0,-1.0,-1.0
344,0,25,0,32400,0,0.0,-1.0,-1.0,-1.0
344,0,25,1,32400,0,0.0,-1.0,-1.0,-1.0
344,0,25,2,32400,0,0.0,-1.0,-1.0,-1.0
344,0,26,0,32400,0,0.0,-1.0,-1.0,-1.0
344,0,26,1,32400,0,0.0,-1.0,-1.0,-1.0
344,0,26,2,32400,0,0.0,-1.0,-1.0,-1.0
344,0,27,0,32400,0,0.0,-1.0,-1.0,-1.0
344,0,27,1,32400,0,0.0,-1.0,-1.0,-1.0
344,0,27,2,32400,0,0.0,-1.0,-1.0,-1.0
344,0,28,0,32400,0,0.0,-1.0,-1.0,-1.0
344,0,28,1,32400,0,0.0,-1.0,-1.0,-1.0
344,0,28,2,32400,0,0.0,-1.0,-1.0,-1.0
344,0,29,0,32400,0,0.0,-1.0,-1.0,-1.0
344,0,29,1,32400,0,0.0,-1.0,-1.0,-1.0
344,0,29,2,32400,0,0.0,-1.0,-1.0,-1.0
344,0,30,0,32400,0,0.0,-1.0,-1.0,-1.0
344,0,30,1,32400,0,0.0,-1.0,-1.0,-1.0
344,0,30,2,32400,0,0.0,-1.0,-1.0,-1.0
344,0,31,0,32400,0,0.0,-1.0,-1.0,-1.0
344,0,31,1,32400,0,0.0,-1.0,-1.0,-1.0
344,0,31,2,32400,0,0.0,-1.0,-1.0,-1.0
344,0,32,0,32400,0,0.0,-1.0,-1.0,-1.0
344,0,32,1,32400,0,0.0,-1.0,-1.0,-1.0
344,0,32,2,32400,0,0.0,-1.0,-1.0,-1.0
344,0,33,0,32400,0,0.0,-1.0,-1.0,-1.0
344,0,33,1,32400,0,0.0,-1.0,-1.0,-1.0
344,0,33,2,32400,0,0.0,-1.0,-1.0,-1.0
344,0,34,0,32400,0,0.0,-1.0,-1.0,-1.0
344,0,34,1,32400,0,0.0,-1.0,-1.0,-1.0
344,0,34,2,32400,0,0.0,-1.0,-1.0,-1.0
344,0,35,0,32400,0,0.0,-1.0,-1.0,-1.0
344,0,35,1,32400,0,0.0,-1.0,-1.0,-1.0
344,0,35,2,32400,0,0.0,-1.0,-1.0,-1.0
344,1,1,0,32400,31,0.0009567901234567902,6.032258033752441,-1.0,0.3870967741935484
344,1,1,1,32400,7,0.0002160493827160494,5.0,-1.0,0.14285714285714285
344,1,1,2,32400,4,0.0001234567901234568,3.75,-1.0,0.0
344,1,2,0,32400,4,0.0001234567901234568,34.49999237060547,0.06451612903225806,0.0
344,1,2,1,32400,10,0.00030864197530864197,6.700000286102295,0.5714285714285714,0.0
344,1,2,2,32400,7,0.0002160493827160494,14.142860412597656,0.0,0.14285714285714285
344,1,3,0,32400,11,0.00033950617283950616,9.818181991577148,0.75,0.09090909090909091
344,1,3,1,32400,3,9.259259259259259e-05,6.6666669845581055,0.1,0.3333333333333333
344,1,3,2,32400,2,6.17283950617284e-05,2.5,0.0,0.0
344,1,4,0,32400,10,0.00030864197530864197,5.599999904632568,0.2727272727272727,0.2
344,1,4,1,32400,3,9.259259259259259e-05,7.0,0.3333333333333333,0.0
344,1,4,2,32400,3,9.259259259259259e-05,7.0,0.0,0.0
344,1,5,0,32400,7,0.0002160493827160494,14.428571701049805,0.2,0.14285714285714285
344,1,5,1,32400,2,6.17283950617284e-05,2.0,0.3333333333333333,0.0
344,1,5,2,32400,2,6.17283950617284e-05,1.5,0.0,0.0
344,1,6,0,32400,4,0.0001234567901234568,2.75,0.42857142857142855,0.25
344,1,6,1,32400,0,0.0,-1.0,0.0,-1.0
344,1,6,2,32400,2,6.17283950617284e-05,4.0,0.0,0.0
344,1,7,0,32400,4,0.0001234567901234568,8.0,0.5,0.25
344,1,7,1,32400,0,0.0,-1.0,-1.0,-1.0
344,1,7,2,32400,0,0.0,-1.0,0.0,-1.0
344,1,8,0,32400,5,0.00015432098765432098,7.600000858306885,0.25,0.2
344,1,8,1,32400,0,0.0,-1.0,-1.0,-1.0
344,1,8,2,32400,0,0.0,-1.0,-1.0,-1.0
344,1,9,0,32400,1,3.08641975308642e-05,1.0,0.2,0.0
344,1,9,1,32400,0,0.0,-1.0,-1.0,-1.0
344,1,9,2,32400,1,3.08641975308642e-05,1.0,-1.0,0.0
344,1,10,0,32400,0,0.0,-1.0,0.0,-1.0
344,1,10,1,32400,1,3.08641975308642e-05,2.0,-1.0,0.0
344,1,10,2,32400,1,3.08641975308642e-05,2.0,1.0,0.0
344,1,11,0,32400,1,3.08641975308642e-05,22.0,-1.0,0.0
344,1,11,1,32400,0,0.0,-1.0,0.0,-1.0
344,1,11,2,32400,1,3.08641975308642e-05,22.0,1.0,0.0
344,1,12,0,32400,0,0.0,-1.0,0.0,-1.0
344,1,12,1,32400,0,0.0,-1.0,-1.0,-1.0
344,1,12,2,32400,0,0.0,-1.0,0.0,-1.0
344,1,13,0,32400,0,0.0,-1.0,-1.0,-1.0
344,1,13,1,32400,1,3.08641975308642e-05,2.0,-1.0,0.0
344,1,13,2,32400,0,0.0,-1.0,-1.0,-1.0
344,1,14,0,32400,0,0.0,-1.0,-1.0,-1.0
344,1,14,1,32400,1,3.08641975308642e-05,101.0,0.0,0.0
344,1,14,2,32400,0,0.0,-1.0,-1.0,-1.0
344,1,15,0,32400,0,0.0,-1.0,-1.0,-1.0
344,1,15,1,32400,0,0.0,-1.0,0.0,-1.0
344,1,15,2,32400,0,0.0,-1.0,-1.0,-1.0
344,1,16,0,32400,0,0.0,-1.0,-1.0,-1.0
344,1,16,1,32400,0,0.0,-1.0,-1.0,-1.0
344,1,16,2,32400,0,0.0,-1.0,-1.0,-1.0
344,1,17,0,32400,0,0.0,-1.0,-1.0,-1.0
344,1,17,1,32400,0,0.0,-1.0,-1.0,-1.0
344,1,17,2,32400,0,0.0,-1.0,-1.0,-1.0
344,1,18,0,32400,0,0.0,-1.0,-1.0,-1.0
344,1,18,1,32400,0,0.0,-1.0,-1.0,-1.0
344,1,18,2,32400,0,0.0,-1.0,-1.0,-1.0
344,1,19,0,32400,0,0.0,-1.0,-1.0,-1.0
344,1,19,1,32400,0,0.0,-1.0,-1.0,-1.0
344,1,19,2,32400,0,0.0,-1.0,-1.0,-1.0
344,1,20,0,32400,1,3.08641975308642e-05,4.0,-1.0,0.0
344,1,20,1,32400,0,0.0,-1.0,-1.0,-1.0
344,1,20,2,32400,0,0.0,-1.0,-1.0,-1.0
344,1,21,0,32400,0,0.0,-1.0,0.0,-1.0
344,1,21,1,32400,0,0.0,-1.0,-1.0,-1.0
344,1,21,2,32400,0,0.0,-1.0,-1.0,-1.0
344,1,22,0,32400,0,0.0,-1.0,-1.0,-1.0
344,1,22,1,32400,0,0.0,-1.0,-1.0,-1.0
344,1,22,2,32400,0,0.0,-1.0,-1.0,-1.0
344,1,23,0,32400,0,0.0,-1.0,-1.0,-1.0
344,1,23,1,32400,0,0.0,-1.0,-1.0,-1.0
344,1,23,2,32400,0,0.0,-1.0,-1.0,-1.0
344,1,24,0,32400,0,0.0,-1.0,-1.0,-1.0
344,1,24,1,32400,0,0.0,-1.0,-1.0,-1.0
344,1,24,2,32400,0,0.0,-1.0,-1.0,-1.0
344,1,25,0,32400,0,0.0,-1.0,-1.0,-1.0
344,1,25,1,32400,0,0.0,-1.0,-1.0,-1.0
344,1,25,2,32400,0,0.0,-1.0,-1.0,-1.0
344,1,26,0,32400,0,0.0,-1.0,-1.0,-1.0
344,1,26,1,32400,0,0.0,-1.0,-1.0,-1.0
344,1,26,2,32400,0,0.0,-1.0,-1.0,-1.0
344,1,27,0,32400,0,0.0,-1.0,-1.0,-1.0
344,1,27,1,32400,0,0.0,-1.0,-1.0,-1.0
344,1,27,2,32400,0,0.0,-1.0,-1.0,-1.0
344,1,28,0,32400,0,0.0,-1.0,-1.0,-1.0
344,1,28,1,32400,0,0.0,-1.0,-1.0,-1.0
344,1,28,2,32400,0,0.0,-1.0,-1.0,-1.0
344,1,29,0,32400,0,0.0,-1.0,-1.0,-1.0
344,1,29,1,32400,0,0.0,-1.0,-1.0,-1.0
344,1,29,2,32400,0,0.0,-1.0,-1.0,-1.0
344,1,30,0,32400,0,0.0,-1.0,-1.0,-1.0
344,1,30,1,32400,0,0.0,-1.0,-1.0,-1.0
344,1,30,2,32400,0,0.0,-1.0,-1.0,-1.0
344,1,31,0,32400,0,0.0,-1.0,-1.0,-1.0
344,1,31,1,32400,0,0.0,-1.0,-1.0,-1.0
344,1,31,2,32400,0,0.0,-1.0,-1.0,-1.0
344,1,32,0,32400,0,0.0,-1.0,-1.0,-1.0
344,1,32,1,32400,0,0.0,-1.0,-1.0,-1.0
344,1,32,2,32400,0,0.0,-1.0,-1.0,-1.0
344,1,33,0,32400,0,0.0,-1.0,-1.0,-1.0
344,1,33,1,32400,0,0.0,-1.0,-1.0,-1.0
344,1,33,2,32400,0,0.0,-1.0,-1.0,-1.0
344,1,34,0,32400,0,0.0,-1.0,-1.0,-1.0
344,1,34,1,32400,0,0.0,-1.0,-1.0,-1.0
344,1,34,2,32400,0,0.0,-1.0,-1.0,-1.0
344,1,35,0,32400,0,0.0,-1.0,-1.0,-1.0
344,1,35,1,32400,0,0.0,-1.0,-1.0,-1.0
344,1,35,2,32400,0,0.0,-1.0,-1.0,-1.0
344,2,1,0,32400,20,0.0006172839506172839,9.949999809265137,-1.0,0.2
344,2,1,1,32400,5,0.00015432098765432098,13.800000190734863,-1.0,0.0
344,2,1,2,32400,5,0.00015432098765432098,33.00000762939453,-1.0,0.0
344,2,2,0,32400,10,0.00030864197530864197,6.599999904632568,0.2,0.0
344,2,2,1,32400,2,6.17283950617284e-05,5.0,0.0,0.0
344,2,2,2,32400,3,9.259259259259259e-05,3.6666667461395264,0.0,0.0
344,2,3,0,32400,11,0.00033950617283950616,2.7272727489471436,0.4,0.18181818181818182
344,2,3,1,32400,2,6.17283950617284e-05,9.5,0.0,0.0
344,2,3,2,32400,2,6.17283950617284e-05,2.5,0.0,0.0
344,2,4,0,32400,4,0.0001234567901234568,3.5,0.09090909090909091,0.0
344,2,4,1,32400,1,3.08641975308642e-05,3.0,0.5,0.0
344,2,4,2,32400,1,3.08641975308642e-05,5.999999523162842,0.0,0.0
344,2,5,0,32400,2,6.17283950617284e-05,2.5,0.5,0.0
344,2,5,1,32400,1,3.08641975308642e-05,2.0,0.0,0.0
344,2,5,2,32400,1,3.08641975308642e-05,7.0,0.0,0.0
344,2,6,0,32400,2,6.17283950617284e-05,3.999999761581421,0.0,0.0
344,2,6,1,32400,0,0.0,-1.0,0.0,-1.0
344,2,6,2,32400,0,0.0,-1.0,0.0,-1.0
344,2,7,0,32400,5,0.00015432098765432098,11.600000381469727,0.0,0.0
344,2,7,1,32400,1,3.08641975308642e-05,1.0,-1.0,0.0
344,2,7,2,32400,1,3.08641975308642e-05,1.0,-1.0,0.0
344,2,8,0,32400,1,3.08641975308642e-05,5.999999523162842,0.0,0.0
344,2,8,1,32400,0,0.0,-1.0,0.0,-1.0
344,2,8,2,32400,1,3.08641975308642e-05,1.0,0.0,0.0
344,2,9,0,32400,1,3.08641975308642e-05,19.0,0.0,0.0
344,2,9,1,32400,0,0.0,-1.0,-1.0,-1.0
344,2,9,2,32400,0,0.0,-1.0,0.0,-1.0
344,2,10,0,32400,1,3.08641975308642e-05,3.0,1.0,0.0
344,2,10,1,32400,1,3.08641975308642e-05,3.0,-1.0,0.0
344,2,10,2,32400,0,0.0,-1.0,-1.0,-1.0
344,2,11,0,32400,4,0.0001234567901234568,4.75,1.0,0.5
344,2,11,1,32400,0,0.0,-1.0,0.0,-1.0
344,2,11,2,32400,0,0.0,-1.0,-1.0,-1.0
344,2,12,0,32400,0,0.0,-1.0,0.0,-1.0
344,2,12,1,32400,0,0.0,-1.0,-1.0,-1.0
344,2,12,2,32400,0,0.0,-1.0,-1.0,-1.0
344,2,13,0,32400,1,3.08641975308642e-05,1.0,-1.0,0.0
344,2,13,1,32400,0,0.0,-1.0,-1.0,-1.0
344,2,13,2,32400,0,0.0,-1.0,-1.0,-1.0
344,2,14,0,32400,1,3.08641975308642e-05,1.0,0.0,0.0
344,2,14,1,32400,0,0.0,-1.0,-1.0,-1.0
344,2,14,2,32400,0,0.0,-1.0,-1.0,-1.0
344,2,15,0,32400,1,3.08641975308642e-05,4.0,0.0,0.0
344,2,15,1,32400,0,0.0,-1.0,-1.0,-1.0
344,2,15,2,32400,0,0.0,-1.0,-1.0,-1.0
344,2,16,0,32400,2,6.17283950617284e-05,5.0,1.0,0.0
344,2,16,1,32400,0,0.0,-1.0,-1.0,-1.0
344,2,16,2,32400,0,0.0,-1.0,-1.0,-1.0
344,2,17,0,32400,0,0.0,-1.0,0.0,-1.0
344,2,17,1,32400,1,3.08641975308642e-05,5.999999523162842,-1.0,0.0
344,2,17,2,32400,0,0.0,-1.0,-1.0,-1.0
344,2,18,0,32400,0,0.0,-1.0,-1.0,-1.0
344,2,18,1,32400,1,3.08641975308642e-05,3.0,1.0,0.0
344,2,18,2,32400,0,0.0,-1.0,-1.0,-1.0
344,2,19,0,32400,1,3.08641975308642e-05,1.0,-1.0,0.0
344,2,19,1,32400,0,0.0,-1.0,0.0,-1.0
344,2,19,2,32400,0,0.0,-1.0,-1.0,-1.0
344,2,20,0,32400,0,0.0,-1.0,0.0,-1.0
344,2,20,1,32400,0,0.0,-1.0,-1.0,-1.0
344,2,20,2,32400,0,0.0,-1.0,-1.0,-1.0
344,2,21,0,32400,0,0.0,-1.0,-1.0,-1.0
344,2,21,1,32400,0,0.0,-1.0,-1.0,-1.0
344,2,21,2,32400,0,0.0,-1.0,-1.0,-1.0
344,2,22,0,32400,0,0.0,-1.0,-1.0,-1.0
344,2,22,1,32400,0,0.0,-1.0,-1.0,-1.0
344,2,22,2,32400,0,0.0,-1.0,-1.0,-1.0
344,2,23,0,32400,0,0.0,-1.0,-1.0,-1.0
344,2,23,1,32400,0,0.0,-1.0,-1.0,-1.0
344,2,23,2,32400,0,0.0,-1.0,-1.0,-1.0
344,2,24,0,32400,0,0.0,-1.0,-1.0,-1.0
344,2,24,1,32400,0,0.0,-1.0,-1.0,-1.0
344,2,24,2,32400,0,0.0,-1.0,-1.0,-1.0
344,2,25,0,32400,0,0.0,-1.0,-1.0,-1.0
344,2,25,1,32400,0,0.0,-1.0,-1.0,-1.0
344,2,25,2,32400,0,0.0,-1.0,-1.0,-1.0
344,2,26,0,32400,0,0.0,-1.0,-1.0,-1.0
344,2,26,1,32400,0,0.0,-1.0,-1.0,-1.0
344,2,26,2,32400,0,0.0,-1.0,-1.0,-1.0
344,2,27,0,32400,0,0.0,-1.0,-1.0,-1.0
344,2,27,1,32400,0,0.0,-1.0,-1.0,-1.0
344,2,27,2,32400,0,0.0,-1.0,-1.0,-1.0
344,2,28,0,32400,0,0.0,-1.0,-1.0,-1.0
344,2,28,1,32400,0,0.0,-1.0,-1.0,-1.0
344,2,28,2,32400,0,0.0,-1.0,-1.0,-1.0
344,2,29,0,32400,1,3.08641975308642e-05,4.0,-1.0,0.0
344,2,29,1,32400,0,0.0,-1.0,-1.0,-1.0
344,2,29,2,32400,0,0.0,-1.0,-1.0,-1.0
344,2,30,0,32400,0,0.0,-1.0,0.0,-1.0
344,2,30,1,32400,0,0.0,-1.0,-1.0,-1.0
344,2,30,2,32400,0,0.0,-1.0,-1.0,-1.0
344,2,31,0,32400,0,0.0,-1.0,-1.0,-1.0
344,2,31,1,32400,0,0.0,-1.0,-1.0,-1.0
344,2,31,2,32400,0,0.0,-1.0,-1.0,-1.0
344,2,32,0,32400,0,0.0,-1.0,-1.0,-1.0
344,2,32,1,32400,0,0.0,-1.0,-1.0,-1.0
344,2,32,2,32400,0,0.0,-1.0,-1.0,-1.0
344,2,33,0,32400,0,0.0,-1.0,-1.0,-1.0
344,2,33,1,32400,0,0.0,-1.0,-1.0,-1.0
344,2,33,2,32400,0,0.0,-1.0,-1.0,-1.0
344,2,34,0,32400,0,0.0,-1.0,-1.0,-1.0
344,2,34,1,32400,0,0.0,-1.0,-1.0,-1.0
344,2,34,2,32400,0,0.0,-1.0,-1.0,-1.0
344,2,35,0,32400,0,0.0,-1.0,-1.0,-1.0
344,2,35,1,32400,0,0.0,-1.0,-1.0,-1.0
344,2,35,2,32400,0,0.0,-1.0,-1.0,-1.0
344,3,1,0,32400,19,0.0005864197530864197,7.8947367668151855,-1.0,0.3684210526315789
344,3,1,1,32400,10,0.00030864197530864197,5.400000095367432,-1.0,0.2
344,3,1,2,32400,8,0.0002469135802469136,3.375,-1.0,0.125
344,3,2,0,32400,6,0.00018518518518518518,2.1666667461395264,0.05263157894736842,0.0
344,3,2,1,32400,7,0.0002160493827160494,2.0,0.4,0.14285714285714285
344,3,2,2,32400,4,0.0001234567901234568,10.249999046325684,0.125,0.0
344,3,3,0,32400,7,0.0002160493827160494,10.85714340209961,0.0,0.14285714285714285
344,3,3,1,32400,4,0.0001234567901234568,9.500000953674316,0.2857142857142857,0.0
344,3,3,2,32400,3,9.259259259259259e-05,2.6666667461395264,0.25,0.0
344,3,4,0,32400,6,0.00018518518518518518,8.333333969116211,0.2857142857142857,0.0
344,3,4,1,32400,3,9.259259259259259e-05,8.0,0.25,0.0
344,3,4,2,32400,2,6.17283950617284e-05,10.000000953674316,0.3333333333333333,0.5
344,3,5,0,32400,2,6.17283950617284e-05,2.5,0.0,0.0
344,3,5,1,32400,2,6.17283950617284e-05,5.500000476837158,0.0,0.0
344,3,5,2,32400,3,9.259259259259259e-05,1.6666667461395264,1.0,0.3333333333333333
344,3,6,0,32400,0,0.0,-1.0,0.0,-1.0
344,3,6,1,32400,4,0.0001234567901234568,5.25,0.5,0.25
344,3,6,2,32400,2,6.17283950617284e-05,8.5,0.3333333333333333,0.0
344,3,7,0,32400,1,3.08641975308642e-05,5.999999523162842,-1.0,0.0
344,3,7,1,32400,3,9.259259259259259e-05,3.6666667461395264,0.0,0.0
344,3,7,2,32400,1,3.08641975308642e-05,5.0,0.5,0.0
344,3,8,0,32400,2,6.17283950617284e-05,3.0,0.0,0.0
344,3,8,1,32400,2,6.17283950617284e-05,91.0,0.3333333333333333,0.0
344,3,8,2,32400,2,6.17283950617284e-05,10.0,1.0,0.0
344,3,9,0,32400,3,9.259259259259259e-05,7.0,0.0,0.0
344,3,9,1,32400,2,6.17283950617284e-05,1.5,0.5,0.5
344,3,9,2,32400,0,0.0,-1.0,0.0,-1.0
344,3,10,0,32400,0,0.0,-1.0,0.0,-1.0
344,3,10,1,32400,0,0.0,-1.0,0.0,-1.0
344,3,10,2,32400,2,6.17283950617284e-05,5.5,-1.0,0.0
344,3,11,0,32400,0,0.0,-1.0,-1.0,-1.0
344,3,11,1,32400,1,3.08641975308642e-05,19.0,-1.0,0.0
344,3,11,2,32400,2,6.17283950617284e-05,2.5,0.5,0.0
344,3,12,0,32400,0,0.0,-1.0,-1.0,-1.0
344,3,12,1,32400,0,0.0,-1.0,0.0,-1.0
344,3,12,2,32400,0,0.0,-1.0,0.0,-1.0
344,3,13,0,32400,0,0.0,-1.0,-1.0,-1.0
344,3,13,1,32400,0,0.0,-1.0,-1.0,-1.0
344,3,13,2,32400,1,3.08641975308642e-05,5.999999523162842,-1.0,0.0
344,3,14,0,32400,0,0.0,-1.0,-1.0,-1.0
344,3,14,1,32400,1,3.08641975308642e-05,2.0,-1.0,0.0
344,3,14,2,32400,0,0.0,-1.0,0.0,-1.0
344,3,15,0,32400,0,0.0,-1.0,-1.0,-1.0
344,3,15,1,32400,1,3.08641975308642e-05,2.0,1.0,0.0
344,3,15,2,32400,1,3.08641975308642e-05,13.000000953674316,-1.0,0.0
344,3,16,0,32400,0,0.0,-1.0,-1.0,-1.0
344,3,16,1,32400,0,0.0,-1.0,0.0,-1.0
344,3,16,2,32400,0,0.0,-1.0,0.0,-1.0
344,3,17,0,32400,0,0.0,-1.0,-1.0,-1.0
344,3,17,1,32400,0,0.0,-1.0,-1.0,-1.0
344,3,17,2,32400,1,3.08641975308642e-05,16.0,-1.0,0.0
344,3,18,0,32400,0,0.0,-1.0,-1.0,-1.0
344,3,18,1,32400,1,3.08641975308642e-05,13.000000953674316,-1.0,0.0
344,3,18,2,32400,0,0.0,-1.0,0.0,-1.0
344,3,19,0,32400,0,0.0,-1.0,-1.0,-1.0
344,3,19,1,32400,0,0.0,-1.0,0.0,-1.0
344,3,19,2,32400,2,6.17283950617284e-05,3.5,-1.0,0.0
344,3,20,0,32400,0,0.0,-1.0,-1.0,-1.0
344,3,20,1,32400,1,3.08641975308642e-05,1.0,-1.0,0.0
344,3,20,2,32400,1,3.08641975308642e-05,13.000000953674316,0.0,0.0
344,3,21,0,32400,0,0.0,-1.0,-1.0,-1.0
344,3,21,1,32400,0,0.0,-1.0,0.0,-1.0
344,3,21,2,32400,0,0.0,-1.0,0.0,-1.0
344,3,22,0,32400,0,0.0,-1.0,-1.0,-1.0
344,3,22,1,32400,0,0.0,-1.0,-1.0,-1.0
344,3,22,2,32400,0,0.0,-1.0,-1.0,-1.0
344,3,23,0,32400,0,0.0,-1.0,-1.0,-1.0
344,3,23,1,32400,0,0.0,-1.0,-1.0,-1.0
344,3,23,2,32400,0,0.0,-1.0,-1.0,-1.0
344,3,24,0,32400,0,0.0,-1.0,-1.0,-1.0
344,3,24,1,32400,0,0.0,-1.0,-1.0,-1.0
344,3,24,2,32400,0,0.0,-1.0,-1.0,-1.0
344,3,25,0,32400,0,0.0,-1.0,-1.0,-1.0
344,3,25,1,32400,0,0.0,-1.0,-1.0,-1.0
344,3,25,2,32400,0,0.0,-1.0,-1.0,-1.0
344,3,26,0,32400,0,0.0,-1.0,-1.0,-1.0
344,3,26,1,32400,0,0.0,-1.0,-1.0,-1.0
344,3,26,2,32400,0,0.0,-1.0,-1.0,-1.0
344,3,27,0,32400,0,0.0,-1.0,-1.0,-1.0
344,3,27,1,32400,0,0.0,-1.0,-1.0,-1.0
344,3,27,2,32400,0,0.0,-1.0,-1.0,-1.0
344,3,28,0,32400,0,0.0,-1.0,-1.0,-1.0
344,3,28,1,32400,0,0.0,-1.0,-1.0,-1.0
344,3,28,2,32400,0,0.0,-1.0,-1.0,-1.0
344,3,29,0,32400,0,0.0,-1.0,-1.0,-1.0
344,3,29,1,32400,0,0.0,-1.0,-1.0,-1.0
344,3,29,2,32400,0,0.0,-1.0,-1.0,-1.0
344,3,30,0,32400,0,0.0,-1.0,-1.0,-1.0
344,3,30,1,32400,0,0.0,-1.0,-1.0,-1.0
344,3,30,2,32400,0,0.0,-1.0,-1.0,-1.0
344,3,31,0,32400,0,0.0,-1.0,-1.0,-1.0
344,3,31,1,32400,0,0.0,-1.0,-1.0,-1.0
344,3,31,2,32400,0,0.0,-1.0,-1.0,-1.0
344,3,32,0,32400,0,0.0,-1.0,-1.0,-1.0
344,3,32,1,32400,0,0.0,-1.0,-1.0,-1.0
344,3,32,2,32400,0,0.0,-1.0,-1.0,-1.0
344,3,33,0,32400,0,0.0,-1.0,-1.0,-1.0
344,3,33,1,32400,0,0.0,-1.0,-1.0,-1.0
344,3,33,2,32400,0,0.0,-1.0,-1.0,-1.0
344,3,34,0,32400,0,0.0,-1.0,-1.0,-1.0
344,3,34,1,32400,0,0.0,-1.0,-1.0,-1.0
344,3,34,2,32400,0,0.0,-1.0,-1.0,-1.0
344,3,35,0,32400,0,0.0,-1.0,-1.0,-1.0
344,3,35,1,32400,0,0.0,-1.0,-1.0,-1.0
344,3,35,2,32400,0,0.0,-1.0,-1.0,-1.0
345,0,1,0,32400,22,0.0006790123456790123,46.6363639831543,-1.0,0.13636363636363635
345,0,1,1,32400,6,0.00018518518518518518,17.666667938232422,-1.0,0.0
345,0,1,2,32400,9,0.0002777777777777778,6.0,-1.0,0.0
345,0,2,0,32400,13,0.00040123456790123454,9.69230842590332,0.3181818181818182,0.07692307692307693
345,0,2,1,32400,3,9.259259259259259e-05,204.33331298828125,0.5,0.0
345,0,2,2,32400,4,0.0001234567901234568,12.5,0.1111111111111111,0.25
345,0,3,0,32400,10,0.00030864197530864197,11.800002098083496,0.15384615384615385,0.1
345,0,3,1,32400,5,0.00015432098765432098,4.599999904632568,0.0,0.0
345,0,3,2,32400,0,0.0,-1.0,0.0,-1.0
345,0,4,0,32400,7,0.0002160493827160494,6.714285850524902,0.0,0.0
345,0,4,1,32400,0,0.0,-1.0,0.0,-1.0
345,0,4,2,32400,0,0.0,-1.0,-1.0,-1.0
345,0,5,0,32400,6,0.00018518518518518518,4.0,0.2857142857142857,0.16666666666666666
345,0,5,1,32400,3,9.259259259259259e-05,5.6666669845581055,-1.0,0.0
345,0,5,2,32400,0,0.0,-1.0,-1.0,-1.0
345,0,6,0,32400,4,0.0001234567901234568,5.25,0.3333333333333333,0.0
345,0,6,1,32400,1,3.08641975308642e-05,77.00001525878906,0.0,0.0
345,0,6,2,32400,1,3.08641975308642e-05,3.0,-1.0,0.0
345,0,7,0,32400,2,6.17283950617284e-05,3.0,0.25,0.5
345,0,7,1,32400,1,3.08641975308642e-05,11.999999046325684,0.0,0.0
345,0,7,2,32400,1,3.08641975308642e-05,3.0,1.0,0.0
345,0,8,0,32400,3,9.259259259259259e-05,2.6666667461395264,0.5,0.0
345,0,8,1,32400,1,3.08641975308642e-05,11.0,0.0,0.0
345,0,8,2,32400,0,0.0,-1.0,0.0,-1.0
345,0,9,0,32400,1,3.08641975308642e-05,4.0,0.3333333333333333,0.0
345,0,9,1,32400,1,3.08641975308642e-05,2.0,0.0,0.0
345,0,9,2,32400,0,0.0,-1.0,-1.0,-1.0
345,0,10,0,32400,1,3.08641975308642e-05,1.0,1.0,0.0
345,0,10,1,32400,0,0.0,-1.0,0.0,-1.0
345,0,10,2,32400,0,0.0,-1.0,-1.0,-1.0
345,0,11,0,32400,1,3.08641975308642e-05,1.0,0.0,0.0
345,0,11,1,32400,0,0.0,-1.0,-1.0,-1.0
345,0,11,2,32400,0,0.0,-1.0,-1.0,-1.0
345,0,12,0,32400,0,0.0,-1.0,0.0,-1.0
345,0,12,1,32400,0,0.0,-1.0,-1.0,-1.0
345,0,12,2,32400,0,0.0,-1.0,-1.0,-1.0
345,0,13,0,32400,2,6.17283950617284e-05,9.5,-1.0,0.0
345,0,13,1,32400,0,0.0,-1.0,-1.0,-1.0
345,0,13,2,32400,0,0.0,-1.0,-1.0,-1.0
345,0,14,0,32400,0,0.0,-1.0,0.0,-1.0
345,0,14,1,32400,0,0.0,-1.0,-1.0,-1.0
345,0,14,2,32400,0,0.0,-1.0,-1.0,-1.0
345,0,15,0,32400,1,3.08641975308642e-05,4.0,-1.0,0.0
345,0,15,1,32400,0,0.0,-1.0,-1.0,-1.0
345,0,15,2,32400,0,0.0,-1.0,-1.0,-1.0
345,0,16,0,32400,0,0.0,-1.0,0.0,-1.0
345,0,16,1,32400,0,0.0,-1.0,-1.0,-1.0
345,0,16,2,32400,0,0.0,-1.0,-1.0,-1.0
345,0,17,0,32400,1,3.08641975308642e-05,1.0,-1.0,0.0
345,0,17,1,32400,0,0.0,-1.0,-1.0,-1.0
345,0,17,2,32400,1,3.08641975308642e-05,1.0,-1.0,0.0
345,0,18,0,32400,0,0.0,-1.0,0.0,-1.0
345,0,18,1,32400,0,0.0,-1.0,-1.0,-1.0
345,0,18,2,32400,0,0.0,-1.0,0.0,-1.0
345,0,19,0,32400,0,0.0,-1.0,-1.0,-1.0
345,0,19,1,32400,0,0.0,-1.0,-1.0,-1.0
345,0,19,2,32400,0,0.0,-1.0,-1.0,-1.0
345,0,20,0,32400,0,0.0,-1.0,-1.0,-1.0
345,0,20,1,32400,0,0.0,-1.0,-1.0,-1.0
345,0,20,2,32400,0,0.0,-1.0,-1.0,-1.0
345,0,21,0,32400,0,0.0,-1.0,-1.0,-1.0
345,0,21,1,32400,0,0.0,-1.0,-1.0,-1.0
345,0,21,2,32400,0,0.0,-1.0,-1.0,-1.0
345,0,22,0,32400,0,0.0,-1.0,-1.0,-1.0
345,0,22,1,32400,0,0.0,-1.0,-1.0,-1.0
345,0,22,2,32400,0,0.0,-1.0,-1.0,-1.0
345,0,23,0,32400,0,0.0,-1.0,-1.0,-1.0
345,0,23,1,32400,0,0.0,-1.0,-1.0,-1.0
345,0,23,2,32400,0,0.0,-1.0,-1.0,-1.0
345,0,24,0,32400,0,0.0,-1.0,-1.0,-1.0
345,0,24,1,32400,0,0.0,-1.0,-1.0,-1.0
345,0,24,2,32400,0,0.0,-1.0,-1.0,-1.0
345,0,25,0,32400,0,0.0,-1.0,-1.0,-1.0
345,0,25,1,32400,0,0.0,-1.0,-1.0,-1.0
345,0,25,2,32400,0,0.0,-1.0,-1.0,-1.0
345,0,26,0,32400,0,0.0,-1.0,-1.0,-1.0
345,0,26,1,32400,0,0.0,-1.0,-1.0,-1.0
345,0,26,2,32400,0,0.0,-1.0,-1.0,-1.0
345,0,27,0,32400,0,0.0,-1.0,-1.0,-1.0
345,0,27,1,32400,0,0.0,-1.0,-1.0,-1.0
345,0,27,2,32400,0,0.0,-1.0,-1.0,-1.0
345,0,28,0,32400,0,0.0,-1.0,-1.0,-1.0
345,0,28,1,32400,0,0.0,-1.0,-1.0,-1.0
345,0,28,2,32400,0,0.0,-1.0,-1.0,-1.0
345,0,29,0,32400,0,0.0,-1.0,-1.0,-1.0
345,0,29,1,32400,0,0.0,-1.0,-1.0,-1.0
345,0,29,2,32400,0,0.0,-1.0,-1.0,-1.0
345,0,30,0,32400,0,0.0,-1.0,-1.0,-1.0
345,0,30,1,32400,1,3.08641975308642e-05,10.000000953674316,-1.0,0.0
345,0,30,2,32400,0,0.0,-1.0,-1.0,-1.0
345,0,31,0,32400,0,0.0,-1.0,-1.0,-1.0
345,0,31,1,32400,0,0.0,-1.0,0.0,-1.0
345,0,31,2,32400,0,0.0,-1.0,-1.0,-1.0
345,0,32,0,32400,0,0.0,-1.0,-1.0,-1.0
345,0,32,1,32400,0,0.0,-1.0,-1.0,-1.0
345,0,32,2,32400,0,0.0,-1.0,-1.0,-1.0
345,0,33,0,32400,0,0.0,-1.0,-1.0,-1.0
345,0,33,1,32400,0,0.0,-1.0,-1.0,-1.0
345,0,33,2,32400,0,0.0,-1.0,-1.0,-1.0
345,0,34,0,32400,0,0.0,-1.0,-1.0,-1.0
345,0,34,1,32400,0,0.0,-1.0,-1.0,-1.0
345,0,34,2,32400,0,0.0,-1.0,-1.0,-1.0
345,0,35,0,32400,0,0.0,-1.0,-1.0,-1.0
345,0,35,1,32400,0,0.0,-1.0,-1.0,-1.0
345,0,35,2,32400,0,0.0,-1.0,-1.0,-1.0
345,1,1,0,32400,21,0.0006481481481481481,6.0,-1.0,0.3333333333333333
345,1,1,1,32400,5,0.00015432098765432098,169.60000610351562,-1.0,0.0
345,1,1,2,32400,10,0.00030864197530864197,7.900001049041748,-1.0,0.1
345,1,2,0,32400,15,0.000462962962962963,10.266667366027832,0.3333333333333333,0.13333333333333333
345,1,2,1,32400,4,0.0001234567901234568,8.75,0.4,0.0
345,1,2,2,32400,4,0.0001234567901234568,8.75,0.2,0.0
345,1,3,0,32400,15,0.000462962962962963,13.333334922790527,0.3333333333333333,0.2
345,1,3,1,32400,0,0.0,-1.0,0.0,-1.0
345,1,3,2,32400,1,3.08641975308642e-05,68.99999237060547,0.0,0.0
345,1,4,0,32400,9,0.0002777777777777778,10.777777671813965,0.2,0.1111111111111111
345,1,4,1,32400,2,6.17283950617284e-05,11.500000953674316,-1.0,0.0
345,1,4,2,32400,3,9.259259259259259e-05,10.0,1.0,0.0
345,1,5,0,32400,9,0.0002777777777777778,18.22222328186035,0.3333333333333333,0.2222222222222222
345,1,5,1,32400,0,0.0,-1.0,0.0,-1.0
345,1,5,2,32400,1,3.08641975308642e-05,4.0,0.0,0.0
345,1,6,0,32400,5,0.00015432098765432098,8.40000057220459,0.3333333333333333,0.2
345,1,6,1,32400,3,9.259259259259259e-05,28.666671752929688,-1.0,0.0
345,1,6,2,32400,1,3.08641975308642e-05,1.0,0.0,0.0
345,1,7,0,32400,4,0.0001234567901234568,15.75,0.0,0.0
345,1,7,1,32400,2,6.17283950617284e-05,6.499999523162842,0.3333333333333333,0.0
345,1,7,2,32400,0,0.0,-1.0,0.0,-1.0
345,1,8,0,32400,1,3.08641975308642e-05,1.0,0.25,0.0
345,1,8,1,32400,0,0.0,-1.0,0.0,-1.0
345,1,8,2,32400,0,0.0,-1.0,-1.0,-1.0
345,1,9,0,32400,2,6.17283950617284e-05,28.500001907348633,0.0,0.0
345,1,9,1,32400,1,3.08641975308642e-05,26.000001907348633,-1.0,0.0
345,1,9,2,32400,0,0.0,-1.0,-1.0,-1.0
345,1,10,0,32400,3,9.259259259259259e-05,3.6666667461395264,0.5,0.6666666666666666
345,1,10,1,32400,0,0.0,-1.0,0.0,-1.0
345,1,10,2,32400,0,0.0,-1.0,-1.0,-1.0
345,1,11,0,32400,1,3.08641975308642e-05,7.0,0.0,0.0
345,1,11,1,32400,0,0.0,-1.0,-1.0,-1.0
345,1,11,2,32400,1,3.08641975308642e-05,29.999998092651367,-1.0,0.0
345,1,12,0,32400,1,3.08641975308642e-05,10.000000953674316,0.0,0.0
345,1,12,1,32400,0,0.0,-1.0,-1.0,-1.0
345,1,12,2,32400,0,0.0,-1.0,0.0,-1.0
345,1,13,0,32400,1,3.08641975308642e-05,1.0,1.0,0.0
345,1,13,1,32400,0,0.0,-1.0,-1.0,-1.0
345,1,13,2,32400,0,0.0,-1.0,-1.0,-1.0
345,1,14,0,32400,0,0.0,-1.0,0.0,-1.0
345,1,14,1,32400,0,0.0,-1.0,-1.0,-1.0
345,1,14,2,32400,0,0.0,-1.0,-1.0,-1.0
345,1,15,0,32400,1,3.08641975308642e-05,4.0,-1.0,0.0
345,1,15,1,32400,0,0.0,-1.0,-1.0,-1.0
345,1,15,2,32400,0,0.0,-1.0,-1.0,-1.0
345,1,16,0,32400,0,0.0,-1.0,0.0,-1.0
345,1,16,1,32400,0,0.0,-1.0,-1.0,-1.0
345,1,16,2,32400,0,0.0,-1.0,-1.0,-1.0
345,1,17,0,32400,0,0.0,-1.0,-1.0,-1.0
345,1,17,1,32400,0,0.0,-1.0,-1.0,-1.0
345,1,17,2,32400,0,0.0,-1.0,-1.0,-1.0
345,1,18,0,32400,0,0.0,-1.0,-1.0,-1.0
345,1,18,1,32400,0,0.0,-1.0,-1.0,-1.0
345,1,18,2,32400,0,0.0,-1.0,-1.0,-1.0
345,1,19,0,32400,0,0.0,-1.0,-1.0,-1.0
345,1,19,1,32400,0,0.0,-1.0,-1.0,-1.0
345,1,19,2,32400,0,0.0,-1.0,-1.0,-1.0
345,1,20,0,32400,0,0.0,-1.0,-1.0,-1.0
345,1,20,1,32400,0,0.0,-1.0,-1.0,-1.0
345,1,20,2,32400,0,0.0,-1.0,-1.0,-1.0
345,1,21,0,32400,0,0.0,-1.0,-1.0,-1.0
345,1,21,1,32400,0,0.0,-1.0,-1.0,-1.0
345,1,21,2,32400,0,0.0,-1.0,-1.0,-1.0
345,1,22,0,32400,0,0.0,-1.0,-1.0,-1.0
345,1,22,1,32400,0,0.0,-1.0,-1.0,-1.0
345,1,22,2,32400,0,0.0,-1.0,-1.0,-1.0
345,1,23,0,32400,0,0.0,-1.0,-1.0,-1.0
345,1,23,1,32400,0,0.0,-1.0,-1.0,-1.0
345,1,23,2,32400,0,0.0,-1.0,-1.0,-1.0
345,1,24,0,32400,0,0.0,-1.0,-1.0,-1.0
345,1,24,1,32400,0,0.0,-1.0,-1.0,-1.0
345,1,24,2,32400,0,0.0,-1.0,-1.0,-1.0
345,1,25,0,32400,0,0.0,-1.0,-1.0,-1.0
345,1,25,1,32400,0,0.0,-1.0,-1.0,-1.0
345,1,25,2,32400,0,0.0,-1.0,-1.0,-1.0
345,1,26,0,32400,0,0.0,-1.0,-1.0,-1.0
345,1,26,1,32400,0,0.0,-1.0,-1.0,-1.0
345,1,26,2,32400,0,0.0,-1.0,-1.0,-1.0
345,1,27,0,32400,0,0.0,-1.0,-1.0,-1.0
345,1,27,1,32400,0,0.0,-1.0,-1.0,-1.0
345,1,27,2,32400,0,0.0,-1.0,-1.0,-1.0
345,1,28,0,32400,0,0.0,-1.0,-1.0,-1.0
345,1,28,1,32400,0,0.0,-1.0,-1.0,-1.0
345,1,28,2,32400,0,0.0,-1.0,-1.0,-1.0
345,1,29,0,32400,0,0.0,-1.0,-1.0,-1.0
345,1,29,1,32400,0,0.0,-1.0,-1.0,-1.0
345,1,29,2,32400,0,0.0,-1.0,-1.0,-1.0
345,1,30,0,32400,0,0.0,-1.0,-1.0,-1.0
345,1,30,1,32400,0,0.0,-1.0,-1.0,-1.0
345,1,30,2,32400,0,0.0,-1.0,-1.0,-1.0
345,1,31,0,32400,0,0.0,-1.0,-1.0,-1.0
345,1,31,1,32400,0,0.0,-1.0,-1.0,-1.0
345,1,31,2,32400,0,0.0,-1.0,-1.0,-1.0
345,1,32,0,32400,0,0.0,-1.0,-1.0,-1.0
345,1,32,1,32400,0,0.0,-1.0,-1.0,-1.0
345,1,32,2,32400,0,0.0,-1.0,-1.0,-1.0
345,1,33,0,32400,0,0.0,-1.0,-1.0,-1.0
345,1,33,1,32400,0,0.0,-1.0,-1.0,-1.0
345,1,33,2,32400,0,0.0,-1.0,-1.0,-1.0
345,1,34,0,32400,0,0.0,-1.0,-1.0,-1.0
345,1,34,1,32400,0,0.0,-1.0,-1.0,-1.0
345,1,34,2,32400,0,0.0,-1.0,-1.0,-1.0
345,1,35,0,32400,0,0.0,-1.0,-1.0,-1.0
345,1,35,1,32400,0,0.0,-1.0,-1.0,-1.0
345,1,35,2,32400,0,0.0,-1.0,-1.0,-1.0
345,2,1,0,32400,14,0.0004320987654320988,3.7142858505249023,-1.0,0.14285714285714285
345,2,1,1,32400,6,0.00018518518518518518,7.833333492279053,-1.0,0.0
345,2,1,2,32400,6,0.00018518518518518518,1.6666667461395264,-1.0,0.0
345,2,2,0,32400,12,0.00037037037037037035,5.25,0.14285714285714285,0.16666666666666666
345,2,2,1,32400,2,6.17283950617284e-05,4.5,0.0,0.0
345,2,2,2,32400,5,0.00015432098765432098,5.800000190734863,0.16666666666666666,0.2
345,2,3,0,32400,10,0.00030864197530864197,5.0,0.4166666666666667,0.2
345,2,3,1,32400,1,3.08641975308642e-05,7.0,0.0,0.0
345,2,3,2,32400,2,6.17283950617284e-05,6.5,0.0,0.0
345,2,4,0,32400,6,0.00018518518518518518,9.166666984558105,0.2,0.0
345,2,4,1,32400,2,6.17283950617284e-05,5.999999523162842,0.0,0.0
345,2,4,2,32400,2,6.17283950617284e-05,10.5,0.5,0.0
345,2,5,0,32400,3,9.259259259259259e-05,11.0,0.16666666666666666,0.0
345,2,5,1,32400,3,9.259259259259259e-05,2.3333334922790527,0.0,0.0
345,2,5,2,32400,2,6.17283950617284e-05,6.5,0.5,0.0
345,2,6,0,32400,0,0.0,-1.0,0.0,-1.0
345,2,6,1,32400,1,3.08641975308642e-05,15.0,0.3333333333333333,0.0
345,2,6,2,32400,1,3.08641975308642e-05,2.0,0.0,0.0
345,2,7,0,32400,1,3.08641975308642e-05,2.0,-1.0,0.0
345,2,7,1,32400,0,0.0,-1.0,0.0,-1.0
345,2,7,2,32400,0,0.0,-1.0,0.0,-1.0
345,2,8,0,32400,4,0.0001234567901234568,14.500000953674316,0.0,0.0
345,2,8,1,32400,2,6.17283950617284e-05,10.0,-1.0,0.0
345,2,8,2,32400,0,0.0,-1.0,-1.0,-1.0
345,2,9,0,32400,1,3.08641975308642e-05,16.0,0.0,0.0
345,2,9,1,32400,0,0.0,-1.0,0.0,-1.0
345,2,9,2,32400,0,0.0,-1.0,-1.0,-1.0
345,2,10,0,32400,2,6.17283950617284e-05,2.5,1.0,0.0
345,2,10,1,32400,1,3.08641975308642e-05,1.0,-1.0,0.0
345,2,10,2,32400,0,0.0,-1.0,-1.0,-1.0
345,2,11,0,32400,0,0.0,-1.0,0.0,-1.0
345,2,11,1,32400,0,0.0,-1.0,0.0,-1.0
345,2,11,2,32400,0,0.0,-1.0,-1.0,-1.0
345,2,12,0,32400,3,9.259259259259259e-05,10.000000953674316,-1.0,0.0
345,2,12,1,32400,0,0.0,-1.0,-1.0,-1.0
345,2,12,2,32400,0,0.0,-1.0,-1.0,-1.0
345,2,13,0,32400,0,0.0,-1.0,0.0,-1.0
345,2,13,1,32400,0,0.0,-1.0,-1.0,-1.0
345,2,13,2,32400,1,3.08641975308642e-05,101.0,-1.0,0.0
345,2,14,0,32400,0,0.0,-1.0,-1.0,-1.0
345,2,14,1,32400,0,0.0,-1.0,-1.0,-1.0
345,2,14,2,32400,0,0.0,-1.0,0.0,-1.0
345,2,15,0,32400,0,0.0,-1.0,-1.0,-1.0
345,2,15,1,32400,0,0.0,-1.0,-1.0,-1.0
345,2,15,2,32400,0,0.0,-1.0,-1.0,-1.0
345,2,16,0,32400,0,0.0,-1.0,-1.0,-1.0
345,2,16,1,32400,0,0.0,-1.0,-1.0,-1.0
345,2,16,2,32400,0,0.0,-1.0,-1.0,-1.0
345,2,17,0,32400,0,0.0,-1.0,-1.0,-1.0
345,2,17,1,32400,0,0.0,-1.0,-1.0,-1.0
345,2,17,2,32400,0,0.0,-1.0,-1.0,-1.0
345,2,18,0,32400,0,0.0,-1.0,-1.0,-1.0
345,2,18,1,32400,0,0.0,-1.0,-1.0,-1.0
345,2,18,2,32400,0,0.0,-1.0,-1.0,-1.0
345,2,19,0,32400,0,0.0,-1.0,-1.0,-1.0
345,2,19,1,32400,0,0.0,-1.0,-1.0,-1.0
345,2,19,2,32400,0,0.0,-1.0,-1.0,-1.0
345,2,20,0,32400,0,0.0,-1.0,-1.0,-1.0
345,2,20,1,32400,0,0.0,-1.0,-1.0,-1.0
345,2,20,2,32400,0,0.0,-1.0,-1.0,-1.0
345,2,21,0,32400,0,0.0,-1.0,-1.0,-1.0
345,2,21,1,32400,0,0.0,-1.0,-1.0,-1.0
345,2,21,2,32400,0,0.0,-1.0,-1.0,-1.0
345,2,22,0,32400,0,0.0,-1.0,-1.0,-1.0
345,2,22,1,32400,0,0.0,-1.0,-1.0,-1.0
345,2,22,2,32400,0,0.0,-1.0,-1.0,-1.0
345,2,23,0,32400,0,0.0,-1.0,-1.0,-1.0
345,2,23,1,32400,0,0.0,-1.0,-1.0,-1.0
345,2,23,2,32400,0,0.0,-1.0,-1.0,-1.0
345,2,24,0,32400,0,0.0,-1.0,-1.0,-1.0
345,2,24,1,32400,0,0.0,-1.0,-1.0,-1.0
345,2,24,2,32400,0,0.0,-1.0,-1.0,-1.0
345,2,25,0,32400,0,0.0,-1.0,-1.0,-1.0
345,2,25,1,32400,0,0.0,-1.0,-1.0,-1.0
345,2,25,2,32400,0,0.0,-1.0,-1.0,-1.0
345,2,26,0,32400,0,0.0,-1.0,-1.0,-1.0
345,2,26,1,32400,0,0.0,-1.0,-1.0,-1.0
345,2,26,2,32400,0,0.0,-1.0,-1.0,-1.0
345,2,27,0,32400,0,0.0,-1.0,-1.0,-1.0
345,2,27,1,32400,0,0.0,-1.0,-1.0,-1.0
345,2,27,2,32400,0,0.0,-1.0,-1.0,-1.0
345,2,28,0,32400,0,0.0,-1.0,-1.0,-1.0
345,2,28,1,32400,0,0.0,-1.0,-1.0,-1.0
345,2,28,2,32400,0,0.0,-1.0,-1.0,-1.0
345,2,29,0,32400,0,0.0,-1.0,-1.0,-1.0
345,2,29,1,32400,0,0.0,-1.0,-1.0,-1.0
345,2,29,2,32400,0,0.0,-1.0,-1.0,-1.0
345,2,30,0,32400,0,0.0,-1.0,-1.0,-1.0
345,2,30,1,32400,0,0.0,-1.0,-1.0,-1.0
345,2,30,2,32400,0,0.0,-1.0,-1.0,-1.0
345,2,31,0,32400,0,0.0,-1.0,-1.0,-1.0
345,2,31,1,32400,0,0.0,-1.0,-1.0,-1.0
345,2,31,2,32400,0,0.0,-1.0,-1.0,-1.0
345,2,32,0,32400,0,0.0,-1.0,-1.0,-1.0
345,2,32,1,32400,0,0.0,-1.0,-1.0,-1.0
345,2,32,2,32400,0,0.0,-1.0,-1.0,-1.0
345,2,33,0,32400,0,0.0,-1.0,-1.0,-1.0
345,2,33,1,32400,0,0.0,-1.0,-1.0,-1.0
345,2,33,2,32400,0,0.0,-1.0,-1.0,-1.0
345,2,34,0,32400,0,0.0,-1.0,-1.0,-1.0
345,2,34,1,32400,0,0.0,-1.0,-1.0,-1.0
345,2,34,2,32400,0,0.0,-1.0,-1.0,-1.0
345,2,35,0,32400,0,0.0,-1.0,-1.0,-1.0
345,2,35,1,32400,0,0.0,-1.0,-1.0,-1.0
345,2,35,2,32400,0,0.0,-1.0,-1.0,-1.0
345,3,1,0,32400,17,0.0005246913580246914,5.941176891326904,-1.0,0.058823529411764705
345,3,1,1,32400,8,0.0002469135802469136,14.749998092651367,-1.0,0.125
345,3,1,2,32400,9,0.0002777777777777778,5.111111164093018,-1.0,0.1111111111111111
345,3,2,0,32400,13,0.00040123456790123454,5.461538791656494,0.23529411764705882,0.3076923076923077
345,3,2,1,32400,6,0.00018518518518518518,63.833351135253906,0.25,0.3333333333333333
345,3,2,2,32400,2,6.17283950617284e-05,2.0,0.1111111111111111,0.0
345,3,3,0,32400,8,0.0002469135802469136,8.125,0.23076923076923078,0.125
345,3,3,1,32400,4,0.0001234567901234568,20.5,0.3333333333333333,0.0
345,3,3,2,32400,1,3.08641975308642e-05,10.000000953674316,0.0,0.0
345,3,4,0,32400,7,0.0002160493827160494,5.857142925262451,0.375,0.0
345,3,4,1,32400,3,9.259259259259259e-05,1.3333333730697632,0.25,0.0
345,3,4,2,32400,3,9.259259259259259e-05,14.0,0.0,0.0
345,3,5,0,32400,3,9.259259259259259e-05,5.333333492279053,0.2857142857142857,0.0
345,3,5,1,32400,0,0.0,-1.0,0.0,-1.0
345,3,5,2,32400,1,3.08641975308642e-05,42.000003814697266,0.0,0.0
345,3,6,0,32400,3,9.259259259259259e-05,5.333333492279053,0.6666666666666666,0.3333333333333333
345,3,6,1,32400,0,0.0,-1.0,-1.0,-1.0
345,3,6,2,32400,0,0.0,-1.0,0.0,-1.0
345,3,7,0,32400,4,0.0001234567901234568,4.75,0.6666666666666666,0.25
345,3,7,1,32400,0,0.0,-1.0,-1.0,-1.0
345,3,7,2,32400,0,0.0,-1.0,-1.0,-1.0
345,3,8,0,32400,2,6.17283950617284e-05,3.5,0.25,0.0
345,3,8,1,32400,0,0.0,-1.0,-1.0,-1.0
345,3,8,2,32400,0,0.0,-1.0,-1.0,-1.0
345,3,9,0,32400,3,9.259259259259259e-05,2.0,0.5,0.0
345,3,9,1,32400,0,0.0,-1.0,-1.0,-1.0
345,3,9,2,32400,0,0.0,-1.0,-1.0,-1.0
345,3,10,0,32400,1,3.08641975308642e-05,1.0,0.0,0.0
345,3,10,1,32400,2,6.17283950617284e-05,18.5,-1.0,0.0
345,3,10,2,32400,0,0.0,-1.0,-1.0,-1.0
345,3,11,0,32400,0,0.0,-1.0,0.0,-1.0
345,3,11,1,32400,0,0.0,-1.0,0.0,-1.0
345,3,11,2,32400,0,0.0,-1.0,-1.0,-1.0
345,3,12,0,32400,1,3.08641975308642e-05,2.0,-1.0,0.0
345,3,12,1,32400,0,0.0,-1.0,-1.0,-1.0
345,3,12,2,32400,0,0.0,-1.0,-1.0,-1.0
345,3,13,0,32400,0,0.0,-1.0,0.0,-1.0
345,3,13,1,32400,0,0.0,-1.0,-1.0,-1.0
345,3,13,2,32400,0,0.0,-1.0,-1.0,-1.0
345,3,14,0,32400,0,0.0,-1.0,-1.0,-1.0
345,3,14,1,32400,0,0.0,-1.0,-1.0,-1.0
345,3,14,2,32400,0,0.0,-1.0,-1.0,-1.0
345,3,15,0,32400,0,0.0,-1.0,-1.0,-1.0
345,3,15,1,32400,0,0.0,-1.0,-1.0,-1.0
345,3,15,2,32400,0,0.0,-1.0,-1.0,-1.0
345,3,16,0,32400,0,0.0,-1.0,-1.0,-1.0
345,3,16,1,32400,1,3.08641975308642e-05,2.0,-1.0,0.0
345,3,16,2,32400,0,0.0,-1.0,-1.0,-1.0
345,3,17,0,32400,0,0.0,-1.0,-1.0,-1.0
345,3,17,1,32400,0,0.0,-1.0,0.0,-1.0
345,3,17,2,32400,0,0.0,-1.0,-1.0,-1.0
345,3,18,0,32400,0,0.0,-1.0,-1.0,-1.0
345,3,18,1,32400,0,0.0,-1.0,-1.0,-1.0
345,3,18,2,32400,0,0.0,-1.0,-1.0,-1.0
345,3,19,0,32400,0,0.0,-1.0,-1.0,-1.0
345,3,19,1,32400,0,0.0,-1.0,-1.0,-1.0
345,3,19,2,32400,0,0.0,-1.0,-1.0,-1.0
345,3,20,0,32400,0,0.0,-1.0,-1.0,-1.0
345,3,20,1,32400,0,0.0,-1.0,-1.0,-1.0
345,3,20,2,32400,0,0.0,-1.0,-1.0,-1.0
345,3,21,0,32400,0,0.0,-1.0,-1.0,-1.0
345,3,21,1,32400,0,0.0,-1.0,-1.0,-1.0
345,3,21,2,32400,0,0.0,-1.0,-1.0,-1.0
345,3,22,0,32400,0,0.0,-1.0,-1.0,-1.0
345,3,22,1,32400,0,0.0,-1.0,-1.0,-1.0
345,3,22,2,32400,0,0.0,-1.0,-1.0,-1.0
345,3,23,0,32400,0,0.0,-1.0,-1.0,-1.0
345,3,23,1,32400,0,0.0,-1.0,-1.0,-1.0
345,3,23,2,32400,0,0.0,-1.0,-1.0,-1.0
345,3,24,0,32400,0,0.0,-1.0,-1.0,-1.0
345,3,24,1,32400,0,0.0,-1.0,-1.0,-1.0
345,3,24,2,32400,0,0.0,-1.0,-1.0,-1.0
345,3,25,0,32400,0,0.0,-1.0,-1.0,-1.0
345,3,25,1,32400,0,0.0,-1.0,-1.0,-1.0
345,3,25,2,32400,0,0.0,-1.0,-1.0,-1.0
345,3,26,0,32400,0,0.0,-1.0,-1.0,-1.0
345,3,26,1,32400,0,0.0,-1.0,-1.0,-1.0
345,3,26,2,32400,0,0.0,-1.0,-1.0,-1.0
345,3,27,0,32400,0,0.0,-1.0,-1.0,-1.0
345,3,27,1,32400,0,0.0,-1.0,-1.0,-1.0
345,3,27,2,32400,0,0.0,-1.0,-1.0,-1.0
345,3,28,0,32400,0,0.0,-1.0,-1.0,-1.0
345,3,28,1,32400,0,0.0,-1.0,-1.0,-1.0
345,3,28,2,32400,0,0.0,-1.0,-1.0,-1.0
345,3,29,0,32400,0,0.0,-1.0,-1.0,-1.0
345,3,29,1,32400,0,0.0,-1.0,-1.0,-1.0
345,3,29,2,32400,0,0.0,-1.0,-1.0,-1.0
345,3,30,0,32400,0,0.0,-1.0,-1.0,-1.0
345,3,30,1,32400,0,0.0,-1.0,-1.0,-1.0
345,3,30,2,32400,0,0.0,-1.0,-1.0,-1.0
345,3,31,0,32400,0,0.0,-1.0,-1.0,-1.0
345,3,31,1,32400,0,0.0,-1.0,-1.0,-1.0
345,3,31,2,32400,0,0.0,-1.0,-1.0,-1.0
345,3,32,0,32400,0,0.0,-1.0,-1.0,-1.0
345,3,32,1,32400,0,0.0,-1.0,-1.0,-1.0
345,3,32,2,32400,0,0.0,-1.0,-1.0,-1.0
345,3,33,0,32400,0,0.0,-1.0,-1.0,-1.0
345,3,33,1,32400,0,0.0,-1.0,-1.0,-1.0
345,3,33,2,32400,0,0.0,-1.0,-1.0,-1.0
345,3,34,0,32400,0,0.0,-1.0,-1.0,-1.0
345,3,34,1,32400,0,0.0,-1.0,-1.0,-1.0
345,3,34,2,32400,0,0.0,-1.0,-1.0,-1.0
345,3,35,0,32400,0,0.0,-1.0,-1.0,-1.0
345,3,35,1,32400,0,0.0,-1.0,-1.0,-1.0
345,3,35,2,32400,0,0.0,-1.0,-1.0,-1.0
346,0,1,0,32400,18,0.0005555555555555556,41.33333206176758,-1.0,0.4444444444444444
346,0,1,1,32400,4,0.0001234567901234568,7.75,-1.0,0.25
346,0,1,2,32400,5,0.00015432098765432098,73.60002136230469,-1.0,0.0
346,0,2,0,32400,16,0.0004938271604938272,7.4375,0.3333333333333333,0.0625
346,0,2,1,32400,6,0.00018518518518518518,10.666666984558105,0.5,0.0
346,0,2,2,32400,3,9.259259259259259e-05,10.666666984558105,0.0,0.0
346,0,3,0,32400,10,0.00030864197530864197,11.09999942779541,0.125,0.4
346,0,3,1,32400,5,0.00015432098765432098,2.200000047683716,0.16666666666666666,0.0
346,0,3,2,32400,2,6.17283950617284e-05,5.0,0.3333333333333333,0.0
346,0,4,0,32400,6,0.00018518518518518518,8.666667938232422,0.2,0.0
346,0,4,1,32400,1,3.08641975308642e-05,2.0,0.0,0.0
346,0,4,2,32400,4,0.0001234567901234568,93.25001525878906,1.0,0.0
346,0,5,0,32400,2,6.17283950617284e-05,10.5,0.16666666666666666,0.0
346,0,5,1,32400,1,3.08641975308642e-05,2.0,0.0,0.0
346,0,5,2,32400,1,3.08641975308642e-05,4.0,0.0,0.0
346,0,6,0,32400,3,9.259259259259259e-05,4.6666669845581055,0.5,0.0
346,0,6,1,32400,1,3.08641975308642e-05,5.999999523162842,0.0,0.0
346,0,6,2,32400,2,6.17283950617284e-05,6.5,0.0,0.0
346,0,7,0,32400,3,9.259259259259259e-05,4.0,0.6666666666666666,0.0
346,0,7,1,32400,0,0.0,-1.0,0.0,-1.0
346,0,7,2,32400,2,6.17283950617284e-05,21.0,0.0,0.0
346,0,8,0,32400,1,3.08641975308642e-05,5.0,0.0,0.0
346,0,8,1,32400,1,3.08641975308642e-05,5.0,-1.0,0.0
346,0,8,2,32400,1,3.08641975308642e-05,5.999999523162842,0.0,0.0
346,0,9,0,32400,0,0.0,-1.0,0.0,-1.0
346,0,9,1,32400,2,6.17283950617284e-05,23.000001907348633,1.0,0.5
346,0,9,2,32400,0,0.0,-1.0,0.0,-1.0
346,0,10,0,32400,1,3.08641975308642e-05,4.0,-1.0,0.0
346,0,10,1,32400,1,3.08641975308642e-05,2.0,0.5,0.0
346,0,10,2,32400,0,0.0,-1.0,-1.0,-1.0
346,0,11,0,32400,0,0.0,-1.0,0.0,-1.0
346,0,11,1,32400,0,0.0,-1.0,0.0,-1.0
346,0,11,2,32400,0,0.0,-1.0,-1.0,-1.0
346,0,12,0,32400,0,0.0,-1.0,-1.0,-1.0
346,0,12,1,32400,0,0.0,-1.0,-1.0,-1.0
346,0,12,2,32400,0,0.0,-1.0,-1.0,-1.0
346,0,13,0,32400,0,0.0,-1.0,-1.0,-1.0
346,0,13,1,32400,1,3.08641975308642e-05,1.0,-1.0,0.0
346,0,13,2,32400,0,0.0,-1.0,-1.0,-1.0
346,0,14,0,32400,0,0.0,-1.0,-1.0,-1.0
346,0,14,1,32400,0,0.0,-1.0,0.0,-1.0
346,0,14,2,32400,0,0.0,-1.0,-1.0,-1.0
346,0,15,0,32400,0,0.0,-1.0,-1.0,-1.0
346,0,15,1,32400,0,0.0,-1.0,-1.0,-1.0
346,0,15,2,32400,0,0.0,-1.0,-1.0,-1.0
346,0,16,0,32400,0,0.0,-1.0,-1.0,-1.0
346,0,16,1,32400,0,0.0,-1.0,-1.0,-1.0
346,0,16,2,32400,0,0.0,-1.0,-1.0,-1.0
346,0,17,0,32400,0,0.0,-1.0,-1.0,-1.0
346,0,17,1,32400,0,0.0,-1.0,-1.0,-1.0
346,0,17,2,32400,0,0.0,-1.0,-1.0,-1.0
346,0,18,0,32400,0,0.0,-1.0,-1.0,-1.0
346,0,18,1,32400,0,0.0,-1.0,-1.0,-1.0
346,0,18,2,32400,0,0.0,-1.0,-1.0,-1.0
346,0,19,0,32400,0,0.0,-1.0,-1.0,-1.0
346,0,19,1,32400,0,0.0,-1.0,-1.0,-1.0
346,0,19,2,32400,0,0.0,-1.0,-1.0,-1.0
346,0,20,0,32400,0,0.0,-1.0,-1.0,-1.0
346,0,20,1,32400,0,0.0,-1.0,-1.0,-1.0
346,0,20,2,32400,0,0.0,-1.0,-1.0,-1.0
346,0,21,0,32400,0,0.0,-1.0,-1.0,-1.0
346,0,21,1,32400,0,0.0,-1.0,-1.0,-1.0
346,0,21,2,32400,0,0.0,-1.0,-1.0,-1.0
346,0,22,0,32400,0,0.0,-1.0,-1.0,-1.0
346,0,22,1,32400,0,0.0,-1.0,-1.0,-1.0
346,0,22,2,32400,0,0.0,-1.0,-1.0,-1.0
346,0,23,0,32400,0,0.0,-1.0,-1.0,-1.0
346,0,23,1,32400,0,0.0,-1.0,-1.0,-1.0
346,0,23,2,32400,0,0.0,-1.0,-1.0,-1.0
346,0,24,0,32400,0,0.0,-1.0,-1.0,-1.0
346,0,24,1,32400,0,0.0,-1.0,-1.0,-1.0
346,0,24,2,32400,0,0.0,-1.0,-1.0,-1.0
346,0,25,0,32400,0,0.0,-1.0,-1.0,-1.0
346,0,25,1,32400,0,0.0,-1.0,-1.0,-1.0
346,0,25,2,32400,0,0.0,-1.0,-1.0,-1.0
346,0,26,0,32400,0,0.0,-1.0,-1.0,-1.0
346,0,26,1,32400,0,0.0,-1.0,-1.0,-1.0
346,0,26,2,32400,0,0.0,-1.0,-1.0,-1.0
346,0,27,0,32400,0,0.0,-1.0,-1.0,-1.0
346,0,27,1,32400,0,0.0,-1.0,-1.0,-1.0
346,0,27,2,32400,0,0.0,-1.0,-1.0,-1.0
346,0,28,0,32400,0,0.0,-1.0,-1.0,-1.0
346,0,28,1,32400,0,0.0,-1.0,-1.0,-1.0
346,0,28,2,32400,0,0.0,-1.0,-1.0,-1.0
346,0,29,0,32400,0,0.0,-1.0,-1.0,-1.0
346,0,29,1,32400,0,0.0,-1.0,-1.0,-1.0
346,0,29,2,32400,0,0.0,-1.0,-1.0,-1.0
346,0,30,0,32400,0,0.0,-1.0,-1.0,-1.0
346,0,30,1,32400,0,0.0,-1.0,-1.0,-1.0
346,0,30,2,32400,0,0.0,-1.0,-1.0,-1.0
346,0,31,0,32400,0,0.0,-1.0,-1.0,-1.0
346,0,31,1,32400,0,0.0,-1.0,-1.0,-1.0
346,0,31,2,32400,0,0.0,-1.0,-1.0,-1.0
346,0,32,0,32400,0,0.0,-1.0,-1.0,-1.0
346,0,32,1,32400,0,0.0,-1.0,-1.0,-1.0
346,0,32,2,32400,0,0.0,-1.0,-1.0,-1.0
346,0,33,0,32400,0,0.0,-1.0,-1.0,-1.0
346,0,33,1,32400,0,0.0,-1.0,-1.0,-1.0
346,0,33,2,32400,0,0.0,-1.0,-1.0,-1.0
346,0,34,0,32400,0,0.0,-1.0,-1.0,-1.0
346,0,34,1,32400,0,0.0,-1.0,-1.0,-1.0
346,0,34,2,32400,0,0.0,-1.0,-1.0,-1.0
346,0,35,0,32400,0,0.0,-1.0,-1.0,-1.0
346,0,35,1,32400,0,0.0,-1.0,-1.0,-1.0
346,0,35,2,32400,0,0.0,-1.0,-1.0,-1.0
346,1,1,0,32400,23,0.0007098765432098765,23.130435943603516,-1.0,0.2608695652173913
346,1,1,1,32400,6,0.00018518518518518518,5.1666669845581055,-1.0,0.16666666666666666
346,1,1,2,32400,4,0.0001234567901234568,47.5,-1.0,0.0
346,1,2,0,32400,13,0.00040123456790123454,7.230769634246826,0.08695652173913043,0.15384615384615385
346,1,2,1,32400,5,0.00015432098765432098,20.0,0.5,0.0
346,1,2,2,32400,2,6.17283950617284e-05,2.5,0.0,0.0
346,1,3,0,32400,10,0.00030864197530864197,6.400000095367432,0.15384615384615385,0.2
346,1,3,1,32400,4,0.0001234567901234568,10.75,0.2,0.0
346,1,3,2,32400,3,9.259259259259259e-05,5.0,0.0,0.0
346,1,4,0,32400,7,0.0002160493827160494,7.000000953674316,0.1,0.2857142857142857
346,1,4,1,32400,3,9.259259259259259e-05,6.333333492279053,0.25,0.3333333333333333
346,1,4,2,32400,1,3.08641975308642e-05,8.0,0.3333333333333333,0.0
346,1,5,0,32400,5,0.00015432098765432098,8.0,0.0,0.0
346,1,5,1,32400,3,9.259259259259259e-05,16.333332061767578,0.0,0.0
346,1,5,2,32400,0,0.0,-1.0,0.0,-1.0
346,1,6,0,32400,1,3.08641975308642e-05,50.0,0.0,0.0
346,1,6,1,32400,0,0.0,-1.0,0.0,-1.0
346,1,6,2,32400,0,0.0,-1.0,-1.0,-1.0
346,1,7,0,32400,2,6.17283950617284e-05,13.5,0.0,0.0
346,1,7,1,32400,2,6.17283950617284e-05,5.0,-1.0,0.0
346,1,7,2,32400,0,0.0,-1.0,-1.0,-1.0
346,1,8,0,32400,1,3.08641975308642e-05,8.0,0.0,0.0
346,1,8,1,32400,0,0.0,-1.0,0.0,-1.0
346,1,8,2,32400,0,0.0,-1.0,-1.0,-1.0
346,1,9,0,32400,3,9.259259259259259e-05,65.66667175292969,0.0,0.0
346,1,9,1,32400,0,0.0,-1.0,-1.0,-1.0
346,1,9,2,32400,0,0.0,-1.0,-1.0,-1.0
346,1,10,0,32400,2,6.17283950617284e-05,10.0,0.0,0.5
346,1,10,1,32400,0,0.0,-1.0,-1.0,-1.0
346,1,10,2,32400,0,0.0,-1.0,-1.0,-1.0
346,1,11,0,32400,0,0.0,-1.0,0.0,-1.0
346,1,11,1,32400,2,6.17283950617284e-05,3.0,-1.0,0.0
346,1,11,2,32400,1,3.08641975308642e-05,1.0,-1.0,0.0
346,1,12,0,32400,0,0.0,-1.0,-1.0,-1.0
346,1,12,1,32400,0,0.0,-1.0,0.0,-1.0
346,1,12,2,32400,1,3.08641975308642e-05,7.0,1.0,0.0
346,1,13,0,32400,0,0.0,-1.0,-1.0,-1.0
346,1,13,1,32400,0,0.0,-1.0,-1.0,-1.0
346,1,13,2,32400,0,0.0,-1.0,0.0,-1.0
346,1,14,0,32400,0,0.0,-1.0,-1.0,-1.0
346,1,14,1,32400,0,0.0,-1.0,-1.0,-1.0
346,1,14,2,32400,0,0.0,-1.0,-1.0,-1.0
346,1,15,0,32400,0,0.0,-1.0,-1.0,-1.0
346,1,15,1,32400,0,0.0,-1.0,-1.0,-1.0
346,1,15,2,32400,0,0.0,-1.0,-1.0,-1.0
346,1,16,0,32400,0,0.0,-1.0,-1.0,-1.0
346,1,16,1,32400,0,0.0,-1.0,-1.0,-1.0
346,1,16,2,32400,1,3.08641975308642e-05,3.0,-1.0,0.0
346,1,17,0,32400,0,0.0,-1.0,-1.0,-1.0
346,1,17,1,32400,0,0.0,-1.0,-1.0,-1.0
346,1,17,2,32400,0,0.0,-1.0,0.0,-1.0
346,1,18,0,32400,0,0.0,-1.0,-1.0,-1.0
346,1,18,1,32400,0,0.0,-1.0,-1.0,-1.0
346,1,18,2,32400,0,0.0,-1.0,-1.0,-1.0
346,1,19,0,32400,1,3.08641975308642e-05,9.0,-1.0,0.0
346,1,19,1,32400,0,0.0,-1.0,-1.0,-1.0
346,1,19,2,32400,0,0.0,-1.0,-1.0,-1.0
346,1,20,0,32400,0,0.0,-1.0,0.0,-1.0
346,1,20,1,32400,0,0.0,-1.0,-1.0,-1.0
346,1,20,2,32400,0,0.0,-1.0,-1.0,-1.0
346,1,21,0,32400,0,0.0,-1.0,-1.0,-1.0
346,1,21,1,32400,0,0.0,-1.0,-1.0,-1.0
346,1,21,2,32400,0,0.0,-1.0,-1.0,-1.0
346,1,22,0,32400,0,0.0,-1.0,-1.0,-1.0
346,1,22,1,32400,0,0.0,-1.0,-1.0,-1.0
346,1,22,2,32400,0,0.0,-1.0,-1.0,-1.0
346,1,23,0,32400,0,0.0,-1.0,-1.0,-1.0
346,1,23,1,32400,0,0.0,-1.0,-1.0,-1.0
346,1,23,2,32400,1,3.08641975308642e-05,4.0,-1.0,0.0
346,1,24,0,32400,0,0.0,-1.0,-1.0,-1.0
346,1,24,1,32400,0,0.0,-1.0,-1.0,-1.0
346,1,24,2,32400,0,0.0,-1.0,0.0,-1.0
346,1,25,0,32400,0,0.0,-1.0,-1.0,-1.0
346,1,25,1,32400,0,0.0,-1.0,-1.0,-1.0
346,1,25,2,32400,0,0.0,-1.0,-1.0,-1.0
346,1,26,0,32400,0,0.0,-1.0,-1.0,-1.0
346,1,26,1,32400,0,0.0,-1.0,-1.0,-1.0
346,1,26,2,32400,0,0.0,-1.0,-1.0,-1.0
346,1,27,0,32400,0,0.0,-1.0,-1.0,-1.0
346,1,27,1,32400,0,0.0,-1.0,-1.0,-1.0
346,1,27,2,32400,0,0.0,-1.0,-1.0,-1.0
346,1,28,0,32400,0,0.0,-1.0,-1.0,-1.0
346,1,28,1,32400,0,0.0,-1.0,-1.0,-1.0
346,1,28,2,32400,0,0.0,-1.0,-1.0,-1.0
346,1,29,0,32400,0,0.0,-1.0,-1.0,-1.0
346,1,29,1,32400,0,0.0,-1.0,-1.0,-1.0
346,1,29,2,32400,0,0.0,-1.0,-1.0,-1.0
346,1,30,0,32400,0,0.0,-1.0,-1.0,-1.0
346,1,30,1,32400,0,0.0,-1.0,-1.0,-1.0
346,1,30,2,32400,0,0.0,-1.0,-1.0,-1.0
346,1,31,0,32400,0,0.0,-1.0,-1.0,-1.0
346,1,31,1,32400,0,0.0,-1.0,-1.0,-1.0
346,1,31,2,32400,0,0.0,-1.0,-1.0,-1.0
346,1,32,0,32400,0,0.0,-1.0,-1.0,-1.0
346,1,32,1,32400,0,0.0,-1.0,-1.0,-1.0
346,1,32,2,32400,0,0.0,-1.0,-1.0,-1.0
346,1,33,0,32400,0,0.0,-1.0,-1.0,-1.0
346,1,33,1,32400,0,0.0,-1.0,-1.0,-1.0
346,1,33,2,32400,0,0.0,-1.0,-1.0,-1.0
346,1,34,0,32400,0,0.0,-1.0,-1.0,-1.0
346,1,34,1,32400,0,0.0,-1.0,-1.0,-1.0
346,1,34,2,32400,0,0.0,-1.0,-1.0,-1.0
346,1,35,0,32400,0,0.0,-1.0,-1.0,-1.0
346,1,35,1,32400,0,0.0,-1.0,-1.0,-1.0
346,1,35,2,32400,0,0.0,-1.0,-1.0,-1.0
346,2,1,0,32400,14,0.0004320987654320988,51.85715103149414,-1.0,0.07142857142857142
346,2,1,1,32400,4,0.0001234567901234568,2.0,-1.0,0.0
346,2,1,2,32400,8,0.0002469135802469136,7.75,-1.0,0.125
346,2,2,0,32400,10,0.00030864197530864197,5.599999904632568,0.2857142857142857,0.1
346,2,2,1,32400,3,9.259259259259259e-05,7.333333492279053,0.0,0.0
346,2,2,2,32400,2,6.17283950617284e-05,2.5,0.0,0.0
346,2,3,0,32400,4,0.0001234567901234568,5.5,0.1,0.0
346,2,3,1,32400,2,6.17283950617284e-05,13.5,0.0,0.0
346,2,3,2,32400,1,3.08641975308642e-05,2.0,0.0,0.0
346,2,4,0,32400,6,0.00018518518518518518,7.6666669845581055,0.25,0.0
346,2,4,1,32400,0,0.0,-1.0,0.0,-1.0
346,2,4,2,32400,2,6.17283950617284e-05,12.500000953674316,0.0,0.0
346,2,5,0,32400,2,6.17283950617284e-05,8.5,0.16666666666666666,0.0
346,2,5,1,32400,0,0.0,-1.0,-1.0,-1.0
346,2,5,2,32400,2,6.17283950617284e-05,3.499999761581421,0.5,0.0
346,2,6,0,32400,3,9.259259259259259e-05,8.666666984558105,0.5,0.0
346,2,6,1,32400,0,0.0,-1.0,-1.0,-1.0
346,2,6,2,32400,1,3.08641975308642e-05,1.0,0.0,0.0
346,2,7,0,32400,1,3.08641975308642e-05,43.000003814697266,0.3333333333333333,0.0
346,2,7,1,32400,0,0.0,-1.0,-1.0,-1.0
346,2,7,2,32400,0,0.0,-1.0,0.0,-1.0
346,2,8,0,32400,0,0.0,-1.0,0.0,-1.0
346,2,8,1,32400,0,0.0,-1.0,-1.0,-1.0
346,2,8,2,32400,0,0.0,-1.0,-1.0,-1.0
346,2,9,0,32400,1,3.08641975308642e-05,2.0,-1.0,0.0
346,2,9,1,32400,0,0.0,-1.0,-1.0,-1.0
346,2,9,2,32400,0,0.0,-1.0,-1.0,-1.0
346,2,10,0,32400,1,3.08641975308642e-05,7.0,1.0,0.0
346,2,10,1,32400,0,0.0,-1.0,-1.0,-1.0
346,2,10,2,32400,0,0.0,-1.0,-1.0,-1.0
346,2,11,0,32400,0,0.0,-1.0,0.0,-1.0
346,2,11,1,32400,0,0.0,-1.0,-1.0,-1.0
346,2,11,2,32400,0,0.0,-1.0,-1.0,-1.0
346,2,12,0,32400,1,3.08641975308642e-05,41.000003814697266,-1.0,0.0
346,2,12,1,32400,0,0.0,-1.0,-1.0,-1.0
346,2,12,2,32400,0,0.0,-1.0,-1.0,-1.0
346,2,13,0,32400,2,6.17283950617284e-05,2.0,1.0,0.0
346,2,13,1,32400,0,0.0,-1.0,-1.0,-1.0
346,2,13,2,32400,1,3.08641975308642e-05,3.0,-1.0,0.0
346,2,14,0,32400,0,0.0,-1.0,0.0,-1.0
346,2,14,1,32400,0,0.0,-1.0,-1.0,-1.0
346,2,14,2,32400,0,0.0,-1.0,0.0,-1.0
346,2,15,0,32400,1,3.08641975308642e-05,24.000001907348633,-1.0,0.0
346,2,15,1,32400,0,0.0,-1.0,-1.0,-1.0
346,2,15,2,32400,0,0.0,-1.0,-1.0,-1.0
346,2,16,0,32400,0,0.0,-1.0,0.0,-1.0
346,2,16,1,32400,0,0.0,-1.0,-1.0,-1.0
346,2,16,2,32400,0,0.0,-1.0,-1.0,-1.0
346,2,17,0,32400,0,0.0,-1.0,-1.0,-1.0
346,2,17,1,32400,0,0.0,-1.0,-1.0,-1.0
346,2,17,2,32400,0,0.0,-1.0,-1.0,-1.0
346,2,18,0,32400,0,0.0,-1.0,-1.0,-1.0
346,2,18,1,32400,0,0.0,-1.0,-1.0,-1.0
346,2,18,2,32400,0,0.0,-1.0,-1.0,-1.0
346,2,19,0,32400,0,0.0,-1.0,-1.0,-1.0
346,2,19,1,32400,0,0.0,-1.0,-1.0,-1.0
346,2,19,2,32400,0,0.0,-1.0,-1.0,-1.0
346,2,20,0,32400,1,3.08641975308642e-05,2.0,-1.0,0.0
346,2,20,1,32400,0,0.0,-1.0,-1.0,-1.0
346,2,20,2,32400,0,0.0,-1.0,-1.0,-1.0
346,2,21,0,32400,0,0.0,-1.0,0.0,-1.0
346,2,21,1,32400,0,0.0,-1.0,-1.0,-1.0
346,2,21,2,32400,0,0.0,-1.0,-1.0,-1.0
346,2,22,0,32400,0,0.0,-1.0,-1.0,-1.0
346,2,22,1,32400,0,0.0,-1.0,-1.0,-1.0
346,2,22,2,32400,0,0.0,-1.0,-1.0,-1.0
346,2,23,0,32400,0,0.0,-1.0,-1.0,-1.0
346,2,23,1,32400,0,0.0,-1.0,-1.0,-1.0
346,2,23,2,32400,0,0.0,-1.0,-1.0,-1.0
346,2,24,0,32400,0,0.0,-1.0,-1.0,-1.0
346,2,24,1,32400,0,0.0,-1.0,-1.0,-1.0
346,2,24,2,32400,0,0.0,-1.0,-1.0,-1.0
346,2,25,0,32400,0,0.0,-1.0,-1.0,-1.0
346,2,25,1,32400,0,0.0,-1.0,-1.0,-1.0
346,2,25,2,32400,0,0.0,-1.0,-1.0,-1.0
346,2,26,0,32400,0,0.0,-1.0,-1.0,-1.0
346,2,26,1,32400,0,0.0,-1.0,-1.0,-1.0
346,2,26,2,32400,0,0.0,-1.0,-1.0,-1.0
346,2,27,0,32400,1,3.08641975308642e-05,1.0,-1.0,0.0
346,2,27,1,32400,0,0.0,-1.0,-1.0,-1.0
346,2,27,2,32400,0,0.0,-1.0,-1.0,-1.0
346,2,28,0,32400,0,0.0,-1.0,0.0,-1.0
346,2,28,1,32400,0,0.0,-1.0,-1.0,-1.0
346,2,28,2,32400,0,0.0,-1.0,-1.0,-1.0
346,2,29,0,32400,0,0.0,-1.0,-1.0,-1.0
346,2,29,1,32400,0,0.0,-1.0,-1.0,-1.0
346,2,29,2,32400,0,0.0,-1.0,-1.0,-1.0
346,2,30,0,32400,0,0.0,-1.0,-1.0,-1.0
346,2,30,1,32400,0,0.0,-1.0,-1.0,-1.0
346,2,30,2,32400,0,0.0,-1.0,-1.0,-1.0
346,2,31,0,32400,0,0.0,-1.0,-1.0,-1.0
346,2,31,1,32400,0,0.0,-1.0,-1.0,-1.0
346,2,31,2,32400,0,0.0,-1.0,-1.0,-1.0
346,2,32,0,32400,0,0.0,-1.0,-1.0,-1.0
346,2,32,1,32400,0,0.0,-1.0,-1.0,-1.0
346,2,32,2,32400,0,0.0,-1.0,-1.0,-1.0
346,2,33,0,32400,0,0.0,-1.0,-1.0,-1.0
346,2,33,1,32400,0,0.0,-1.0,-1.0,-1.0
346,2,33,2,32400,0,0.0,-1.0,-1.0,-1.0
346,2,34,0,32400,0,0.0,-1.0,-1.0,-1.0
346,2,34,1,32400,0,0.0,-1.0,-1.0,-1.0
346,2,34,2,32400,0,0.0,-1.0,-1.0,-1.0
346,2,35,0,32400,0,0.0,-1.0,-1.0,-1.0
346,2,35,1,32400,0,0.0,-1.0,-1.0,-1.0
346,2,35,2,32400,0,0.0,-1.0,-1.0,-1.0
346,3,1,0,32400,21,0.0006481481481481481,11.333333969116211,-1.0,0.23809523809523808
346,3,1,1,32400,6,0.00018518518518518518,3.8333334922790527,-1.0,0.0
346,3,1,2,32400,6,0.00018518518518518518,5.6666669845581055,-1.0,0.0
346,3,2,0,32400,16,0.0004938271604938272,43.875,0.2857142857142857,0.1875
346,3,2,1,32400,5,0.00015432098765432098,4.8000006675720215,0.3333333333333333,0.0
346,3,2,2,32400,1,3.08641975308642e-05,5.0,0.16666666666666666,0.0
346,3,3,0,32400,9,0.0002777777777777778,20.44444465637207,0.25,0.3333333333333333
346,3,3,1,32400,1,3.08641975308642e-05,1.0,0.2,0.0
346,3,3,2,32400,5,0.00015432098765432098,3.6000001430511475,1.0,0.0
346,3,4,0,32400,6,0.00018518518518518518,10.833333969116211,0.2222222222222222,0.0
346,3,4,1,32400,0,0.0,-1.0,0.0,-1.0
346,3,4,2,32400,2,6.17283950617284e-05,2.0,0.4,0.0
346,3,5,0,32400,2,6.17283950617284e-05,9.5,0.3333333333333333,0.0
346,3,5,1,32400,0,0.0,-1.0,-1.0,-1.0
346,3,5,2,32400,1,3.08641975308642e-05,1.0,0.5,0.0
346,3,6,0,32400,5,0.00015432098765432098,6.0,0.5,0.0
346,3,6,1,32400,0,0.0,-1.0,-1.0,-1.0
346,3,6,2,32400,1,3.08641975308642e-05,1.0,0.0,0.0
346,3,7,0,32400,4,0.0001234567901234568,6.25,0.4,0.0
346,3,7,1,32400,2,6.17283950617284e-05,2.5,-1.0,0.0
346,3,7,2,32400,1,3.08641975308642e-05,1.0,1.0,0.0
346,3,8,0,32400,1,3.08641975308642e-05,9.0,0.0,0.0
346,3,8,1,32400,2,6.17283950617284e-05,2.5,1.0,0.0
346,3,8,2,32400,2,6.17283950617284e-05,6.0,1.0,0.0
346,3,9,0,32400,0,0.0,-1.0,0.0,-1.0
346,3,9,1,32400,0,0.0,-1.0,0.0,-1.0
346,3,9,2,32400,1,3.08641975308642e-05,5.0,0.0,0.0
346,3,10,0,32400,0,0.0,-1.0,-1.0,-1.0
346,3,10,1,32400,1,3.08641975308642e-05,7.0,-1.0,0.0
346,3,10,2,32400,0,0.0,-1.0,0.0,-1.0
346,3,11,0,32400,0,0.0,-1.0,-1.0,-1.0
346,3,11,1,32400,0,0.0,-1.0,0.0,-1.0
346,3,11,2,32400,0,0.0,-1.0,-1.0,-1.0
346,3,12,0,32400,1,3.08641975308642e-05,9.0,-1.0,0.0
346,3,12,1,32400,0,0.0,-1.0,-1.0,-1.0
346,3,12,2,32400,0,0.0,-1.0,-1.0,-1.0
346,3,13,0,32400,0,0.0,-1.0,0.0,-1.0
346,3,13,1,32400,0,0.0,-1.0,-1.0,-1.0
346,3,13,2,32400,0,0.0,-1.0,-1.0,-1.0
346,3,14,0,32400,0,0.0,-1.0,-1.0,-1.0
346,3,14,1,32400,0,0.0,-1.0,-1.0,-1.0
346,3,14,2,32400,0,0.0,-1.0,-1.0,-1.0
346,3,15,0,32400,0,0.0,-1.0,-1.0,-1.0
346,3,15,1,32400,1,3.08641975308642e-05,1.0,-1.0,0.0
346,3,15,2,32400,1,3.08641975308642e-05,2.0,-1.0,0.0
346,3,16,0,32400,1,3.08641975308642e-05,14.000000953674316,-1.0,0.0
346,3,16,1,32400,0,0.0,-1.0,0.0,-1.0
346,3,16,2,32400,0,0.0,-1.0,0.0,-1.0
346,3,17,0,32400,0,0.0,-1.0,0.0,-1.0
346,3,17,1,32400,0,0.0,-1.0,-1.0,-1.0
346,3,17,2,32400,0,0.0,-1.0,-1.0,-1.0
346,3,18,0,32400,0,0.0,-1.0,-1.0,-1.0
346,3,18,1,32400,0,0.0,-1.0,-1.0,-1.0
346,3,18,2,32400,0,0.0,-1.0,-1.0,-1.0
346,3,19,0,32400,0,0.0,-1.0,-1.0,-1.0
346,3,19,1,32400,0,0.0,-1.0,-1.0,-1.0
346,3,19,2,32400,0,0.0,-1.0,-1.0,-1.0
346,3,20,0,32400,0,0.0,-1.0,-1.0,-1.0
346,3,20,1,32400,0,0.0,-1.0,-1.0,-1.0
346,3,20,2,32400,0,0.0,-1.0,-1.0,-1.0
346,3,21,0,32400,0,0.0,-1.0,-1.0,-1.0
346,3,21,1,32400,0,0.0,-1.0,-1.0,-1.0
346,3,21,2,32400,0,0.0,-1.0,-1.0,-1.0
346,3,22,0,32400,0,0.0,-1.0,-1.0,-1.0
346,3,22,1,32400,0,0.0,-1.0,-1.0,-1.0
346,3,22,2,32400,0,0.0,-1.0,-1.0,-1.0
346,3,23,0,32400,0,0.0,-1.0,-1.0,-1.0
346,3,23,1,32400,0,0.0,-1.0,-1.0,-1.0
346,3,23,2,32400,0,0.0,-1.0,-1.0,-1.0
346,3,24,0,32400,0,0.0,-1.0,-1.0,-1.0
346,3,24,1,32400,0,0.0,-1.0,-1.0,-1.0
346,3,24,2,32400,0,0.0,-1.0,-1.0,-1.0
346,3,25,0,32400,0,0.0,-1.0,-1.0,-1.0
346,3,25,1,32400,0,0.0,-1.0,-1.0,-1.0
346,3,25,2,32400,0,0.0,-1.0,-1.0,-1.0
346,3,26,0,32400,0,0.0,-1.0,-1.0,-1.0
346,3,26,1,32400,0,0.0,-1.0,-1.0,-1.0
346,3,26,2,32400,0,0.0,-1.0,-1.0,-1.0
346,3,27,0,32400,0,0.0,-1.0,-1.0,-1.0
346,3,27,1,32400,0,0.0,-1.0,-1.0,-1.0
346,3,27,2,32400,0,0.0,-1.0,-1.0,-1.0
346,3,28,0,32400,0,0.0,-1.0,-1.0,-1.0
346,3,28,1,32400,0,0.0,-1.0,-1.0,-1.0
346,3,28,2,32400,0,0.0,-1.0,-1.0,-1.0
346,3,29,0,32400,0,0.0,-1.0,-1.0,-1.0
346,3,29,1,32400,0,0.0,-1.0,-1.0,-1.0
346,3,29,2,32400,0,0.0,-1.0,-1.0,-1.0
346,3,30,0,32400,0,0.0,-1.0,-1.0,-1.0
346,3,30,1,32400,0,0.0,-1.0,-1.0,-1.0
346,3,30,2,32400,0,0.0,-1.0,-1.0,-1.0
346,3,31,0,32400,0,0.0,-1.0,-1.0,-1.0
346,3,31,1,32400,0,0.0,-1.0,-1.0,-1.0
346,3,31,2,32400,0,0.0,-1.0,-1.0,-1.0
346,3,32,0,32400,0,0.0,-1.0,-1.0,-1.0
346,3,32,1,32400,0,0.0,-1.0,-1.0,-1.0
346,3,32,2,32400,0,0.0,-1.0,-1.0,-1.0
346,3,33,0,32400,0,0.0,-1.0,-1.0,-1.0
346,3,33,1,32400,0,0.0,-1.0,-1.0,-1.0
346,3,33,2,32400,0,0.0,-1.0,-1.0,-1.0
346,3,34,0,32400,0,0.0,-1.0,-1.0,-1.0
346,3,34,1,32400,0,0.0,-1.0,-1.0,-1.0
346,3,34,2,32400,0,0.0,-1.0,-1.0,-1.0
346,3,35,0,32400,0,0.0,-1.0,-1.0,-1.0
346,3,35,1,32400,0,0.0,-1.0,-1.0,-1.0
346,3,35,2,32400,0,0.0,-1.0,-1.0,-1.0
347,0,1,0,32400,22,0.0006790123456790123,18.590911865234375,-1.0,0.18181818181818182
347,0,1,1,32400,5,0.00015432098765432098,95.00000762939453,-1.0,0.0
347,0,1,2,32400,11,0.00033950617283950616,9.545454978942871,-1.0,0.09090909090909091
347,0,2,0,32400,14,0.0004320987654320988,12.785715103149414,0.22727272727272727,0.07142857142857142
347,0,2,1,32400,2,6.17283950617284e-05,8.0,0.0,0.0
347,0,2,2,32400,1,3.08641975308642e-05,1.0,0.09090909090909091,0.0
347,0,3,0,32400,11,0.00033950617283950616,17.272729873657227,0.2857142857142857,0.09090909090909091
347,0,3,1,32400,3,9.259259259259259e-05,11.333333969116211,0.0,0.3333333333333333
347,0,3,2,32400,3,9.259259259259259e-05,7.333333969116211,1.0,0.0
347,0,4,0,32400,7,0.0002160493827160494,4.857142925262451,0.2727272727272727,0.14285714285714285
347,0,4,1,32400,0,0.0,-1.0,0.0,-1.0
347,0,4,2,32400,1,3.08641975308642e-05,1.0,0.0,0.0
347,0,5,0,32400,4,0.0001234567901234568,71.99999237060547,0.42857142857142855,0.0
347,0,5,1,32400,0,0.0,-1.0,-1.0,-1.0
347,0,5,2,32400,3,9.259259259259259e-05,2.0,0.0,0.0
347,0,6,0,32400,4,0.0001234567901234568,4.25,0.25,0.0
347,0,6,1,32400,0,0.0,-1.0,-1.0,-1.0
347,0,6,2,32400,2,6.17283950617284e-05,1.5,0.6666666666666666,0.0
347,0,7,0,32400,1,3.08641975308642e-05,2.0,0.25,0.0
347,0,7,1,32400,1,3.08641975308642e-05,5.999999523162842,-1.0,0.0
347,0,7,2,32400,0,0.0,-1.0,0.0,-1.0
347,0,8,0,32400,2,6.17283950617284e-05,9.5,0.0,0.0
347,0,8,1,32400,1,3.08641975308642e-05,3.0,0.0,0.0
347,0,8,2,32400,0,0.0,-1.0,-1.0,-1.0
347,0,9,0,32400,2,6.17283950617284e-05,2.5,1.0,0.0
347,0,9,1,32400,1,3.08641975308642e-05,71.0,1.0,0.0
347,0,9,2,32400,0,0.0,-1.0,-1.0,-1.0
347,0,10,0,32400,1,3.08641975308642e-05,4.0,0.5,0.0
347,0,10,1,32400,0,0.0,-1.0,0.0,-1.0
347,0,10,2,32400,0,0.0,-1.0,-1.0,-1.0
347,0,11,0,32400,1,3.08641975308642e-05,1.0,0.0,0.0
347,0,11,1,32400,0,0.0,-1.0,-1.0,-1.0
347,0,11,2,32400,1,3.08641975308642e-05,1.0,-1.0,0.0
347,0,12,0,32400,0,0.0,-1.0,0.0,-1.0
347,0,12,1,32400,0,0.0,-1.0,-1.0,-1.0
347,0,12,2,32400,1,3.08641975308642e-05,1.0,0.0,0.0
347,0,13,0,32400,0,0.0,-1.0,-1.0,-1.0
347,0,13,1,32400,0,0.0,-1.0,-1.0,-1.0
347,0,13,2,32400,1,3.08641975308642e-05,2.0,0.0,0.0
347,0,14,0,32400,0,0.0,-1.0,-1.0,-1.0
347,0,14,1,32400,1,3.08641975308642e-05,2.0,-1.0,0.0
347,0,14,2,32400,1,3.08641975308642e-05,13.000000953674316,0.0,0.0
347,0,15,0,32400,0,0.0,-1.0,-1.0,-1.0
347,0,15,1,32400,1,3.08641975308642e-05,8.0,1.0,0.0
347,0,15,2,32400,0,0.0,-1.0,0.0,-1.0
347,0,16,0,32400,0,0.0,-1.0,-1.0,-1.0
347,0,16,1,32400,0,0.0,-1.0,0.0,-1.0
347,0,16,2,32400,0,0.0,-1.0,-1.0,-1.0
347,0,17,0,32400,0,0.0,-1.0,-1.0,-1.0
347,0,17,1,32400,0,0.0,-1.0,-1.0,-1.0
347,0,17,2,32400,0,0.0,-1.0,-1.0,-1.0
347,0,18,0,32400,0,0.0,-1.0,-1.0,-1.0
347,0,18,1,32400,0,0.0,-1.0,-1.0,-1.0
347,0,18,2,32400,0,0.0,-1.0,-1.0,-1.0
347,0,19,0,32400,0,0.0,-1.0,-1.0,-1.0
347,0,19,1,32400,0,0.0,-1.0,-1.0,-1.0
347,0,19,2,32400,0,0.0,-1.0,-1.0,-1.0
347,0,20,0,32400,0,0.0,-1.0,-1.0,-1.0
347,0,20,1,32400,0,0.0,-1.0,-1.0,-1.0
347,0,20,2,32400,0,0.0,-1.0,-1.0,-1.0
347,0,21,0,32400,0,0.0,-1.0,-1.0,-1.0
347,0,21,1,32400,0,0.0,-1.0,-1.0,-1.0
347,0,21,2,32400,0,0.0,-1.0,-1.0,-1.0
347,0,22,0,32400,0,0.0,-1.0,-1.0,-1.0
347,0,22,1,32400,0,0.0,-1.0,-1.0,-1.0
347,0,22,2,32400,0,0.0,-1.0,-1.0,-1.0
347,0,23,0,32400,0,0.0,-1.0,-1.0,-1.0
347,0,23,1,32400,0,0.0,-1.0,-1.0,-1.0
347,0,23,2,32400,0,0.0,-1.0,-1.0,-1.0
347,0,24,0,32400,0,0.0,-1.0,-1.0,-1.0
347,0,24,1,32400,0,0.0,-1.0,-1.0,-1.0
347,0,24,2,32400,0,0.0,-1.0,-1.0,-1.0
347,0,25,0,32400,0,0.0,-1.0,-1.0,-1.0
347,0,25,1,32400,0,0.0,-1.0,-1.0,-1.0
347,0,25,2,32400,0,0.0,-1.0,-1.0,-1.0
347,0,26,0,32400,0,0.0,-1.0,-1.0,-1.0
347,0,26,1,32400,0,0.0,-1.0,-1.0,-1.0
347,0,26,2,32400,0,0.0,-1.0,-1.0,-1.0
347,0,27,0,32400,0,0.0,-1.0,-1.0,-1.0
347,0,27,1,32400,0,0.0,-1.0,-1.0,-1.0
347,0,27,2,32400,0,0.0,-1.0,-1.0,-1.0
347,0,28,0,32400,1,3.08641975308642e-05,10.000000953674316,-1.0,0.0
347,0,28,1,32400,0,0.0,-1.0,-1.0,-1.0
347,0,28,2,32400,0,0.0,-1.0,-1.0,-1.0
347,0,29,0,32400,0,0.0,-1.0,0.0,-1.0
347,0,29,1,32400,0,0.0,-1.0,-1.0,-1.0
347,0,29,2,32400,0,0.0,-1.0,-1.0,-1.0
347,0,30,0,32400,0,0.0,-1.0,-1.0,-1.0
347,0,30,1,32400,0,0.0,-1.0,-1.0,-1.0
347,0,30,2,32400,0,0.0,-1.0,-1.0,-1.0
347,0,31,0,32400,0,0.0,-1.0,-1.0,-1.0
347,0,31,1,32400,0,0.0,-1.0,-1.0,-1.0
347,0,31,2,32400,0,0.0,-1.0,-1.0,-1.0
347,0,32,0,32400,0,0.0,-1.0,-1.0,-1.0
347,0,32,1,32400,0,0.0,-1.0,-1.0,-1.0
347,0,32,2,32400,0,0.0,-1.0,-1.0,-1.0
347,0,33,0,32400,0,0.0,-1.0,-1.0,-1.0
347,0,33,1,32400,0,0.0,-1.0,-1.0,-1.0
347,0,33,2,32400,0,0.0,-1.0,-1.0,-1.0
347,0,34,0,32400,0,0.0,-1.0,-1.0,-1.0
347,0,34,1,32400,0,0.0,-1.0,-1.0,-1.0
347,0,34,2,32400,0,0.0,-1.0,-1.0,-1.0
347,0,35,0,32400,0,0.0,-1.0,-1.0,-1.0
347,0,35,1,32400,0,0.0,-1.0,-1.0,-1.0
347,0,35,2,32400,0,0.0,-1.0,-1.0,-1.0
347,1,1,0,32400,24,0.0007407407407407407,12.291666984558105,-1.0,0.16666666666666666
347,1,1,1,32400,5,0.00015432098765432098,19.600000381469727,-1.0,0.2
347,1,1,2,32400,14,0.0004320987654320988,10.5,-1.0,0.35714285714285715
347,1,2,0,32400,19,0.0005864197530864197,5.842105388641357,0.3333333333333333,0.10526315789473684
347,1,2,1,32400,3,9.259259259259259e-05,48.0,0.4,0.0
347,1,2,2,32400,4,0.0001234567901234568,32.5,0.14285714285714285,0.0
347,1,3,0,32400,4,0.0001234567901234568,9.500000953674316,0.05263157894736842,0.0
347,1,3,1,32400,1,3.08641975308642e-05,2.0,0.0,0.0
347,1,3,2,32400,3,9.259259259259259e-05,1.6666667461395264,0.0,0.0
347,1,4,0,32400,5,0.00015432098765432098,23.000003814697266,0.5,0.0
347,1,4,1,32400,0,0.0,-1.0,0.0,-1.0
347,1,4,2,32400,0,0.0,-1.0,0.0,-1.0
347,1,5,0,32400,4,0.0001234567901234568,18.499998092651367,0.2,0.25
347,1,5,1,32400,1,3.08641975308642e-05,2.0,-1.0,0.0
347,1,5,2,32400,1,3.08641975308642e-05,2.0,-1.0,0.0
347,1,6,0,32400,2,6.17283950617284e-05,6.499999523162842,0.25,0.0
347,1,6,1,32400,0,0.0,-1.0,0.0,-1.0
347,1,6,2,32400,1,3.08641975308642e-05,2.0,0.0,0.0
347,1,7,0,32400,1,3.08641975308642e-05,3.0,0.0,0.0
347,1,7,1,32400,0,0.0,-1.0,-1.0,-1.0
347,1,7,2,32400,0,0.0,-1.0,0.0,-1.0
347,1,8,0,32400,1,3.08641975308642e-05,17.0,0.0,0.0
347,1,8,1,32400,1,3.08641975308642e-05,2.0,-1.0,0.0
347,1,8,2,32400,1,3.08641975308642e-05,5.999999523162842,-1.0,0.0
347,1,9,0,32400,0,0.0,-1.0,0.0,-1.0
347,1,9,1,32400,1,3.08641975308642e-05,7.0,0.0,0.0
347,1,9,2,32400,0,0.0,-1.0,0.0,-1.0
347,1,10,0,32400,0,0.0,-1.0,-1.0,-1.0
347,1,10,1,32400,0,0.0,-1.0,0.0,-1.0
347,1,10,2,32400,0,0.0,-1.0,-1.0,-1.0
347,1,11,0,32400,0,0.0,-1.0,-1.0,-1.0
347,1,11,1,32400,0,0.0,-1.0,-1.0,-1.0
347,1,11,2,32400,0,0.0,-1.0,-1.0,-1.0
347,1,12,0,32400,0,0.0,-1.0,-1.0,-1.0
347,1,12,1,32400,0,0.0,-1.0,-1.0,-1.0
347,1,12,2,32400,0,0.0,-1.0,-1.0,-1.0
347,1,13,0,32400,0,0.0,-1.0,-1.0,-1.0
347,1,13,1,32400,0,0.0,-1.0,-1.0,-1.0
347,1,13,2,32400,0,0.0,-1.0,-1.0,-1.0
347,1,14,0,32400,0,0.0,-1.0,-1.0,-1.0
347,1,14,1,32400,0,0.0,-1.0,-1.0,-1.0
347,1,14,2,32400,0,0.0,-1.0,-1.0,-1.0
347,1,15,0,32400,0,0.0,-1.0,-1.0,-1.0
347,1,15,1,32400,0,0.0,-1.0,-1.0,-1.0
347,1,15,2,32400,0,0.0,-1.0,-1.0,-1.0
347,1,16,0,32400,0,0.0,-1.0,-1.0,-1.0
347,1,16,1,32400,0,0.0,-1.0,-1.0,-1.0
347,1,16,2,32400,0,0.0,-1.0,-1.0,-1.0
347,1,17,0,32400,0,0.0,-1.0,-1.0,-1.0
347,1,17,1,32400,0,0.0,-1.0,-1.0,-1.0
347,1,17,2,32400,0,0.0,-1.0,-1.0,-1.0
347,1,18,0,32400,0,0.0,-1.0,-1.0,-1.0
347,1,18,1,32400,0,0.0,-1.0,-1.0,-1.0
347,1,18,2,32400,0,0.0,-1.0,-1.0,-1.0
347,1,19,0,32400,0,0.0,-1.0,-1.0,-1.0
347,1,19,1,32400,0,0.0,-1.0,-1.0,-1.0
347,1,19,2,32400,0,0.0,-1.0,-1.0,-1.0
347,1,20,0,32400,0,0.0,-1.0,-1.0,-1.0
347,1,20,1,32400,0,0.0,-1.0,-1.0,-1.0
347,1,20,2,32400,0,0.0,-1.0,-1.0,-1.0
347,1,21,0,32400,0,0.0,-1.0,-1.0,-1.0
347,1,21,1,32400,0,0.0,-1.0,-1.0,-1.0
347,1,21,2,32400,0,0.0,-1.0,-1.0,-1.0
347,1,22,0,32400,1,3.08641975308642e-05,2.0,-1.0,0.0
347,1,22,1,32400,0,0.0,-1.0,-1.0,-1.0
347,1,22,2,32400,0,0.0,-1.0,-1.0,-1.0
347,1,23,0,32400,0,0.0,-1.0,0.0,-1.0
347,1,23,1,32400,0,0.0,-1.0,-1.0,-1.0
347,1,23,2,32400,0,0.0,-1.0,-1.0,-1.0
347,1,24,0,32400,0,0.0,-1.0,-1.0,-1.0
347,1,24,1,32400,0,0.0,-1.0,-1.0,-1.0
347,1,24,2,32400,0,0.0,-1.0,-1.0,-1.0
347,1,25,0,32400,0,0.0,-1.0,-1.0,-1.0
347,1,25,1,32400,0,0.0,-1.0,-1.0,-1.0
347,1,25,2,32400,0,0.0,-1.0,-1.0,-1.0
347,1,26,0,32400,0,0.0,-1.0,-1.0,-1.0
347,1,26,1,32400,0,0.0,-1.0,-1.0,-1.0
347,1,26,2,32400,0,0.0,-1.0,-1.0,-1.0
347,1,27,0,32400,0,0.0,-1.0,-1.0,-1.0
347,1,27,1,32400,0,0.0,-1.0,-1.0,-1.0
347,1,27,2,32400,0,0.0,-1.0,-1.0,-1.0
347,1,28,0,32400,0,0.0,-1.0,-1.0,-1.0
347,1,28,1,32400,0,0.0,-1.0,-1.0,-1.0
347,1,28,2,32400,0,0.0,-1.0,-1.0,-1.0
347,1,29,0,32400,0,0.0,-1.0,-1.0,-1.0
347,1,29,1,32400,0,0.0,-1.0,-1.0,-1.0
347,1,29,2,32400,0,0.0,-1.0,-1.0,-1.0
347,1,30,0,32400,0,0.0,-1.0,-1.0,-1.0
347,1,30,1,32400,0,0.0,-1.0,-1.0,-1.0
347,1,30,2,32400,0,0.0,-1.0,-1.0,-1.0
347,1,31,0,32400,0,0.0,-1.0,-1.0,-1.0
347,1,31,1,32400,0,0.0,-1.0,-1.0,-1.0
347,1,31,2,32400,0,0.0,-1.0,-1.0,-1.0
347,1,32,0,32400,0,0.0,-1.0,-1.0,-1.0
347,1,32,1,32400,0,0.0,-1.0,-1.0,-1.0
347,1,32,2,32400,0,0.0,-1.0,-1.0,-1.0
347,1,33,0,32400,0,0.0,-1.0,-1.0,-1.0
347,1,33,1,32400,0,0.0,-1.0,-1.0,-1.0
347,1,33,2,32400,0,0.0,-1.0,-1.0,-1.0
347,1,34,0,32400,0,0.0,-1.0,-1.0,-1.0
347,1,34,1,32400,0,0.0,-1.0,-1.0,-1.0
347,1,34,2,32400,0,0.0,-1.0,-1.0,-1.0
347,1,35,0,32400,0,0.0,-1.0,-1.0,-1.0
347,1,35,1,32400,0,0.0,-1.0,-1.0,-1.0
347,1,35,2,32400,0,0.0,-1.0,-1.0,-1.0
347,2,1,0,32400,18,0.0005555555555555556,12.05555534362793,-1.0,0.2222222222222222
347,2,1,1,32400,7,0.0002160493827160494,11.000000953674316,-1.0,0.2857142857142857
347,2,1,2,32400,8,0.0002469135802469136,4.375,-1.0,0.125
347,2,2,0,32400,17,0.0005246913580246914,13.2352933883667,0.4444444444444444,0.23529411764705882
347,2,2,1,32400,3,9.259259259259259e-05,5.6666669845581055,0.2857142857142857,0.0
347,2,2,2,32400,7,0.0002160493827160494,19.142858505249023,0.25,0.2857142857142857
347,2,3,0,32400,6,0.00018518518518518518,8.0,0.23529411764705882,0.0
347,2,3,1,32400,2,6.17283950617284e-05,6.0,0.0,0.0
347,2,3,2,32400,6,0.00018518518518518518,70.16667938232422,0.2857142857142857,0.3333333333333333
347,2,4,0,32400,4,0.0001234567901234568,4.0,0.3333333333333333,0.0
347,2,4,1,32400,2,6.17283950617284e-05,2.5,1.0,0.0
347,2,4,2,32400,6,0.00018518518518518518,8.833333969116211,0.5,0.3333333333333333
347,2,5,0,32400,3,9.259259259259259e-05,2.3333334922790527,0.25,0.0
347,2,5,1,32400,0,0.0,-1.0,0.0,-1.0
347,2,5,2,32400,4,0.0001234567901234568,2.75,0.16666666666666666,0.0
347,2,6,0,32400,1,3.08641975308642e-05,4.0,0.0,0.0
347,2,6,1,32400,2,6.17283950617284e-05,7.500000476837158,-1.0,0.0
347,2,6,2,32400,2,6.17283950617284e-05,3.499999761581421,0.0,0.0
347,2,7,0,32400,1,3.08641975308642e-05,1.0,0.0,0.0
347,2,7,1,32400,0,0.0,-1.0,0.0,-1.0
347,2,7,2,32400,2,6.17283950617284e-05,3.499999761581421,0.0,0.0
347,2,8,0,32400,0,0.0,-1.0,0.0,-1.0
347,2,8,1,32400,1,3.08641975308642e-05,5.0,-1.0,0.0
347,2,8,2,32400,1,3.08641975308642e-05,11.0,0.0,0.0
347,2,9,0,32400,1,3.08641975308642e-05,19.0,-1.0,0.0
347,2,9,1,32400,0,0.0,-1.0,0.0,-1.0
347,2,9,2,32400,0,0.0,-1.0,0.0,-1.0
347,2,10,0,32400,1,3.08641975308642e-05,11.0,0.0,0.0
347,2,10,1,32400,0,0.0,-1.0,-1.0,-1.0
347,2,10,2,32400,0,0.0,-1.0,-1.0,-1.0
347,2,11,0,32400,0,0.0,-1.0,0.0,-1.0
347,2,11,1,32400,0,0.0,-1.0,-1.0,-1.0
347,2,11,2,32400,0,0.0,-1.0,-1.0,-1.0
347,2,12,0,32400,0,0.0,-1.0,-1.0,-1.0
347,2,12,1,32400,0,0.0,-1.0,-1.0,-1.0
347,2,12,2,32400,0,0.0,-1.0,-1.0,-1.0
347,2,13,0,32400,1,3.08641975308642e-05,3.0,-1.0,0.0
347,2,13,1,32400,0,0.0,-1.0,-1.0,-1.0
347,2,13,2,32400,0,0.0,-1.0,-1.0,-1.0
347,2,14,0,32400,0,0.0,-1.0,0.0,-1.0
347,2,14,1,32400,0,0.0,-1.0,-1.0,-1.0
347,2,14,2,32400,1,3.08641975308642e-05,1.0,-1.0,0.0
347,2,15,0,32400,0,0.0,-1.0,-1.0,-1.0
347,2,15,1,32400,0,0.0,-1.0,-1.0,-1.0
347,2,15,2,32400,0,0.0,-1.0,0.0,-1.0
347,2,16,0,32400,0,0.0,-1.0,-1.0,-1.0
347,2,16,1,32400,0,0.0,-1.0,-1.0,-1.0
347,2,16,2,32400,0,0.0,-1.0,-1.0,-1.0
347,2,17,0,32400,0,0.0,-1.0,-1.0,-1.0
347,2,17,1,32400,0,0.0,-1.0,-1.0,-1.0
347,2,17,2,32400,0,0.0,-1.0,-1.0,-1.0
347,2,18,0,32400,0,0.0,-1.0,-1.0,-1.0
347,2,18,1,32400,0,0.0,-1.0,-1.0,-1.0
347,2,18,2,32400,0,0.0,-1.0,-1.0,-1.0
347,2,19,0,32400,0,0.0,-1.0,-1.0,-1.0
347,2,19,1,32400,0,0.0,-1.0,-1.0,-1.0
347,2,19,2,32400,0,0.0,-1.0,-1.0,-1.0
347,2,20,0,32400,0,0.0,-1.0,-1.0,-1.0
347,2,20,1,32400,0,0.0,-1.0,-1.0,-1.0
347,2,20,2,32400,0,0.0,-1.0,-1.0,-1.0
347,2,21,0,32400,0,0.0,-1.0,-1.0,-1.0
347,2,21,1,32400,0,0.0,-1.0,-1.0,-1.0
347,2,21,2,32400,0,0.0,-1.0,-1.0,-1.0
347,2,22,0,32400,0,0.0,-1.0,-1.0,-1.0
347,2,22,1,32400,0,0.0,-1.0,-1.0,-1.0
347,2,22,2,32400,0,0.0,-1.0,-1.0,-1.0
347,2,23,0,32400,0,0.0,-1.0,-1.0,-1.0
347,2,23,1,32400,0,0.0,-1.0,-1.0,-1.0
347,2,23,2,32400,0,0.0,-1.0,-1.0,-1.0
347,2,24,0,32400,0,0.0,-1.0,-1.0,-1.0
347,2,24,1,32400,0,0.0,-1.0,-1.0,-1.0
347,2,24,2,32400,0,0.0,-1.0,-1.0,-1.0
347,2,25,0,32400,0,0.0,-1.0,-1.0,-1.0
347,2,25,1,32400,0,0.0,-1.0,-1.0,-1.0
347,2,25,2,32400,0,0.0,-1.0,-1.0,-1.0
347,2,26,0,32400,0,0.0,-1.0,-1.0,-1.0
347,2,26,1,32400,0,0.0,-1.0,-1.0,-1.0
347,2,26,2,32400,0,0.0,-1.0,-1.0,-1.0
347,2,27,0,32400,0,0.0,-1.0,-1.0,-1.0
347,2,27,1,32400,0,0.0,-1.0,-1.0,-1.0
347,2,27,2,32400,0,0.0,-1.0,-1.0,-1.0
347,2,28,0,32400,0,0.0,-1.0,-1.0,-1.0
347,2,28,1,32400,0,0.0,-1.0,-1.0,-1.0
347,2,28,2,32400,0,0.0,-1.0,-1.0,-1.0
347,2,29,0,32400,0,0.0,-1.0,-1.0,-1.0
347,2,29,1,32400,0,0.0,-1.0,-1.0,-1.0
347,2,29,2,32400,0,0.0,-1.0,-1.0,-1.0
347,2,30,0,32400,0,0.0,-1.0,-1.0,-1.0
347,2,30,1,32400,0,0.0,-1.0,-1.0,-1.0
347,2,30,2,32400,0,0.0,-1.0,-1.0,-1.0
347,2,31,0,32400,0,0.0,-1.0,-1.0,-1.0
347,2,31,1,32400,0,0.0,-1.0,-1.0,-1.0
347,2,31,2,32400,0,0.0,-1.0,-1.0,-1.0
347,2,32,0,32400,0,0.0,-1.0,-1.0,-1.0
347,2,32,1,32400,0,0.0,-1.0,-1.0,-1.0
347,2,32,2,32400,0,0.0,-1.0,-1.0,-1.0
347,2,33,0,32400,1,3.08641975308642e-05,1.0,-1.0,0.0
347,2,33,1,32400,0,0.0,-1.0,-1.0,-1.0
347,2,33,2,32400,0,0.0,-1.0,-1.0,-1.0
347,2,34,0,32400,0,0.0,-1.0,0.0,-1.0
347,2,34,1,32400,0,0.0,-1.0,-1.0,-1.0
347,2,34,2,32400,0,0.0,-1.0,-1.0,-1.0
347,2,35,0,32400,0,0.0,-1.0,-1.0,-1.0
347,2,35,1,32400,0,0.0,-1.0,-1.0,-1.0
347,2,35,2,32400,0,0.0,-1.0,-1.0,-1.0
347,3,1,0,32400,16,0.0004938271604938272,8.75,-1.0,0.0
347,3,1,1,32400,8,0.0002469135802469136,14.875,-1.0,0.0
347,3,1,2,32400,10,0.00030864197530864197,6.900000095367432,-1.0,0.1
347,3,2,0,32400,16,0.0004938271604938272,16.375,0.375,0.25
347,3,2,1,32400,3,9.259259259259259e-05,8.333333969116211,0.25,0.0
347,3,2,2,32400,1,3.08641975308642e-05,2.0,0.0,0.0
347,3,3,0,32400,10,0.00030864197530864197,8.300000190734863,0.25,0.3
347,3,3,1,32400,5,0.00015432098765432098,30.800006866455078,0.6666666666666666,0.0
347,3,3,2,32400,5,0.00015432098765432098,4.400000095367432,0.0,0.2
347,3,4,0,32400,6,0.00018518518518518518,3.8333334922790527,0.2,0.16666666666666666
347,3,4,1,32400,3,9.259259259259259e-05,9.666666984558105,0.2,0.0
347,3,4,2,32400,5,0.00015432098765432098,5.0,0.2,0.4
347,3,5,0,32400,6,0.00018518518518518518,5.1666669845581055,0.16666666666666666,0.0
347,3,5,1,32400,1,3.08641975308642e-05,1.0,0.0,0.0
347,3,5,2,32400,1,3.08641975308642e-05,7.0,0.2,0.0
347,3,6,0,32400,2,6.17283950617284e-05,14.500000953674316,0.0,0.0
347,3,6,1,32400,0,0.0,-1.0,0.0,-1.0
347,3,6,2,32400,0,0.0,-1.0,0.0,-1.0
347,3,7,0,32400,2,6.17283950617284e-05,4.0,0.0,0.0
347,3,7,1,32400,1,3.08641975308642e-05,11.0,-1.0,0.0
347,3,7,2,32400,1,3.08641975308642e-05,10.000000953674316,-1.0,0.0
347,3,8,0,32400,2,6.17283950617284e-05,3.5,0.5,0.0
347,3,8,1,32400,1,3.08641975308642e-05,2.0,0.0,0.0
347,3,8,2,32400,3,9.259259259259259e-05,17.333335876464844,0.0,0.0
347,3,9,0,32400,1,3.08641975308642e-05,11.0,0.0,0.0
347,3,9,1,32400,2,6.17283950617284e-05,7.499999523162842,1.0,0.0
347,3,9,2,32400,0,0.0,-1.0,0.0,-1.0
347,3,10,0,32400,1,3.08641975308642e-05,120.9999771118164,0.0,0.0
347,3,10,1,32400,1,3.08641975308642e-05,1.0,0.5,0.0
347,3,10,2,32400,0,0.0,-1.0,-1.0,-1.0
347,3,11,0,32400,1,3.08641975308642e-05,1.0,0.0,0.0
347,3,11,1,32400,0,0.0,-1.0,0.0,-1.0
347,3,11,2,32400,0,0.0,-1.0,-1.0,-1.0
347,3,12,0,32400,0,0.0,-1.0,0.0,-1.0
347,3,12,1,32400,0,0.0,-1.0,-1.0,-1.0
347,3,12,2,32400,1,3.08641975308642e-05,1.0,-1.0,0.0
347,3,13,0,32400,1,3.08641975308642e-05,1.0,-1.0,0.0
347,3,13,1,32400,0,0.0,-1.0,-1.0,-1.0
347,3,13,2,32400,1,3.08641975308642e-05,1.0,1.0,0.0
347,3,14,0,32400,0,0.0,-1.0,0.0,-1.0
347,3,14,1,32400,0,0.0,-1.0,-1.0,-1.0
347,3,14,2,32400,1,3.08641975308642e-05,1.0,0.0,0.0
347,3,15,0,32400,0,0.0,-1.0,-1.0,-1.0
347,3,15,1,32400,0,0.0,-1.0,-1.0,-1.0
347,3,15,2,32400,0,0.0,-1.0,0.0,-1.0
347,3,16,0,32400,0,0.0,-1.0,-1.0,-1.0
347,3,16,1,32400,0,0.0,-1.0,-1.0,-1.0
347,3,16,2,32400,0,0.0,-1.0,-1.0,-1.0
347,3,17,0,32400,0,0.0,-1.0,-1.0,-1.0
347,3,17,1,32400,0,0.0,-1.0,-1.0,-1.0
347,3,17,2,32400,0,0.0,-1.0,-1.0,-1.0
347,3,18,0,32400,0,0.0,-1.0,-1.0,-1.0
347,3,18,1,32400,0,0.0,-1.0,-1.0,-1.0
347,3,18,2,32400,0,0.0,-1.0,-1.0,-1.0
347,3,19,0,32400,0,0.0,-1.0,-1.0,-1.0
347,3,19,1,32400,0,0.0,-1.0,-1.0,-1.0
347,3,19,2,32400,0,0.0,-1.0,-1.0,-1.0
347,3,20,0,32400,0,0.0,-1.0,-1.0,-1.0
347,3,20,1,32400,0,0.0,-1.0,-1.0,-1.0
347,3,20,2,32400,0,0.0,-1.0,-1.0,-1.0
347,3,21,0,32400,0,0.0,-1.0,-1.0,-1.0
347,3,21,1,32400,0,0.0,-1.0,-1.0,-1.0
347,3,21,2,32400,0,0.0,-1.0,-1.0,-1.0
347,3,22,0,32400,0,0.0,-1.0,-1.0,-1.0
347,3,22,1,32400,0,0.0,-1.0,-1.0,-1.0
347,3,22,2,32400,0,0.0,-1.0,-1.0,-1.0
347,3,23,0,32400,0,0.0,-1.0,-1.0,-1.0
347,3,23,1,32400,0,0.0,-1.0,-1.0,-1.0
347,3,23,2,32400,0,0.0,-1.0,-1.0,-1.0
347,3,24,0,32400,0,0.0,-1.0,-1.0,-1.0
347,3,24,1,32400,0,0.0,-1.0,-1.0,-1.0
347,3,24,2,32400,0,0.0,-1.0,-1.0,-1.0
347,3,25,0,32400,0,0.0,-1.0,-1.0,-1.0
347,3,25,1,32400,0,0.0,-1.0,-1.0,-1.0
347,3,25,2,32400,0,0.0,-1.0,-1.0,-1.0
347,3,26,0,32400,0,0.0,-1.0,-1.0,-1.0
347,3,26,1,32400,0,0.0,-1.0,-1.0,-1.0
347,3,26,2,32400,0,0.0,-1.0,-1.0,-1.0
347,3,27,0,32400,0,0.0,-1.0,-1.0,-1.0
347,3,27,1,32400,0,0.0,-1.0,-1.0,-1.0
347,3,27,2,32400,0,0.0,-1.0,-1.0,-1.0
347,3,28,0,32400,0,0.0,-1.0,-1.0,-1.0
347,3,28,1,32400,0,0.0,-1.0,-1.0,-1.0
347,3,28,2,32400,0,0.0,-1.0,-1.0,-1.0
347,3,29,0,32400,0,0.0,-1.0,-1.0,-1.0
347,3,29,1,32400,0,0.0,-1.0,-1.0,-1.0
347,3,29,2,32400,0,0.0,-1.0,-1.0,-1.0
347,3,30,0,32400,0,0.0,-1.0,-1.0,-1.0
347,3,30,1,32400,0,0.0,-1.0,-1.0,-1.0
347,3,30,2,32400,0,0.0,-1.0,-1.0,-1.0
347,3,31,0,32400,0,0.0,-1.0,-1.0,-1.0
347,3,31,1,32400,0,0.0,-1.0,-1.0,-1.0
347,3,31,2,32400,0,0.0,-1.0,-1.0,-1.0
347,3,32,0,32400,0,0.0,-1.0,-1.0,-1.0
347,3,32,1,32400,0,0.0,-1.0,-1.0,-1.0
347,3,32,2,32400,0,0.0,-1.0,-1.0,-1.0
347,3,33,0,32400,0,0.0,-1.0,-1.0,-1.0
347,3,33,1,32400,0,0.0,-1.0,-1.0,-1.0
347,3,33,2,32400,0,0.0,-1.0,-1.0,-1.0
347,3,34,0,32400,0,0.0,-1.0,-1.0,-1.0
347,3,34,1,32400,0,0.0,-1.0,-1.0,-1.0
347,3,34,2,32400,0,0.0,-1.0,-1.0,-1.0
347,3,35,0,32400,0,0.0,-1.0,-1.0,-1.0
347,3,35,1,32400,0,0.0,-1.0,-1.0,-1.0
347,3,35,2,32400,0,0.0,-1.0,-1.0,-1.0
